identifiant,date,type,registration,operator,fat.,location, ,pic,cat

20010706-1,06-JUL-2001,Lockheed L-1011-385-1-14 TriStar 15,C-FTNA,Air Transat,0,near Lyon,,,A1
20010709-0,09-JUL-2001,Douglas C-47A (DC-3),N3239T,Valiant Air Command,0,Titusville-S...,, ,A2
20010710-0,10-JUL-2001,Cessna 208B Grand Caravan,CP-2395,Línea Aérea Amaszonas,0,near Viacha,, ,A1
20010712-0,12-JUL-2001,PZL-Mielec M28 Skytruck,YV-117CP,Overtec,13,near Puerto Cabel...,,,A1
20010712-1,12-JUL-2001,Antonov An-2R,RA-01447,Belgavia-PANKh,0,"Zenino, Veyd...",, ,A1
20010714-0,14-JUL-2001,Ilyushin Il-76TD,RA-76588,Russ Air,10,near Chkalovsky A...,,,A1
20010717-0,17-JUL-2001,Fokker F-28 Fellowship 4000,HC-BMD,TAME Ecuador,0,Tulcán Airpo...,, ,A2
20010724-0,24-JUL-2001,Airbus A330-243,4R-ALE,SriLankan Airlines,0,Colombo-Band...,,,C1
20010724-1,24-JUL-2001,Airbus A330-243,4R-ALF,SriLankan Airlines,0,Colombo-Band...,,,C1
20010724-2,24-JUL-2001,Airbus A340-312,4R-ADD,SriLankan Airlines,0,Colombo-Band...,,,C1
20010724-3,24-JUL-2001,Airbus A320-231,4R-ABA,SriLankan Airlines,0,Colombo-Band...,,,C1
20010724-4,24-JUL-2001,PBV-1A Canso A (PBY-5A),C-FNJE,Buffalo Airways,0,Sitidgi Lake...,, ,A2
20010724-5,24-JUL-2001,Vickers 802 Viscount,3D-OHM,Transtel,0,N'Djamena Ai...,,,A1
20010725-0,25-JUL-2001,Douglas DC-3C,N941AT,N941AT,0,Del Rio Inte...,, ,A1
20010801-0,01-AUG-2001,Boeing 727-2N8,7O-ACW,Yemenia Airways,0,Asmara Inter...,,,A1
20010805-0,05-AUG-2001,Dassault Falcon 20C,D-CBNA,Naske Air,3,near Narsarsuaq,,,A1
20010809-0,09-AUG-2001,Boeing 717-231,N2417F,TWA,0,Belleville-S...,, ,A2
20010809-1,09-AUG-2001,Beech B200 King Air,N899RW,Warren Manufacturing Inc,0,Sandersville...,,,A1
20010813-0,13-AUG-2001,Cessna 208B Grand Caravan,PT-OTM,Penta,0,Itaituba-Faz...,, ,A2
20010814-0,14-AUG-2001,Dassault Falcon 10,C-GNVT,Air Nunavut,0,Kuujjuaq-For...,,,A1
20010823-0,23-AUG-2001,Boeing 747-368,HZ-AIO,Saudi Arabian,0,Kuala Lumpur...,,,O1
20010823-1,23-AUG-2001,Antonov An-28,3C-LLA,Victoria Air,4,Mugogo,, ,A1
20010824-0,24-AUG-2001,Learjet 25,N153TW,Ameristar Jet Charter,2,near Ithaca-Tompk...,, ,A1
20010824-1,24-AUG-2001,Airbus A330-243,C-GITS,Air Transat,0,Terceira-Laj...,, ,A2
20010824-2,24-AUG-2001,Beech 200 Super King Air,N18260,Middletown Corporate Aviation,1,"near Piqua, OH",, ,A1
20010825-0,25-AUG-2001,Boeing 737-3G7,N306AW,America West,0,Baltimore/Wa...,, ,A2
20010828-0,28-AUG-2001,BAC One-Eleven 412EB,5N-BDC,Eagle Aviation,0,Libreville A...,,,A1
20010828-1,28-AUG-2001,Dassault Falcon 20C,N617GA,Grand Aire Express,0,Detroit City...,,,A1
20010829-0,29-AUG-2001,CASA CN-235-200,EC-FBC,Binter Méditerraneo,4,near Málaga Airpo...,,,A1
20010829-1,29-AUG-2001,C-7A Caribou (DHC-4),N2225C,Greatland Air Cargo,0,Port Alswort...,,,A1
20010831-0,31-AUG-2001,Cessna 208 Caravan I,C-GAWM,Air Wemindji,0,"near La Grande, QC",, ,A1
20010901-0,01-SEP-2001,Airbus A321, ,Aero Lloyd,0,Napoli Airpo...,, ,H2
20010903-0,03-SEP-2001,Canadair CL-415,C-GOGW,Province of Ontario,0,"near Kapuskasing, ON",, ,A2
20010905-0,05-SEP-2001,Tupolev Tu-154M,UK-85776,Uzbekistan Airways,0,Ufa Airport ...,, ,A2
20010905-1,05-SEP-2001,Boeing 777-236ER,G-VIIK,British Airways,0+ 1,Denver Inter...,, ,A2
20010905-2,05-SEP-2001,Lockheed C-130E Hercules,68-10934,USAF,0,"near Laurinburg, NC",, ,A2
20010906-0,06-SEP-2001,Saab 340B,XA-ACK,Aerolitoral,0,near Tijuana,,,A1
20010907-0,07-SEP-2001,Boeing 707-323C,TN-AGO,Equaflight,0,Lubumbashi-L...,,,A1
20010911-0,11-SEP-2001,Boeing 767-223ER,N334AA,American Airlines,92+ 1600,"New York, NY",,,H1
20010911-1,11-SEP-2001,Boeing 767-222,N612UA,United Airlines,65+ 900,"New York, NY",,,H1
20010911-2,11-SEP-2001,Boeing 757-222,N591UA,United Airlines,44,"near Shanksville, PA",,,H1
20010911-3,11-SEP-2001,Boeing 757-223,N644AA,American Airlines,64+ 125,"Washington, DC",,,H1
20010912-0,12-SEP-2001,Let L-410UVP-E,XA-ACM,Aero Ferinco,19,near Chichén Itzá,, ,A1
20010912-1,12-SEP-2001,DHC-3T Vazar Turbine Otter,C-FQOS,Labrador Airways,0,Goose (Otter...,, ,A1
20010914-0,14-SEP-2001,Beech 1900C,C-GSKC,SkyLink Express,0,St. John's A...,, ,A1
20010915-0,15-SEP-2001,Fokker 100,PT-MRN,TAM Brasil,1,near Belo Horizon...,, ,A2
20010916-0,16-SEP-2001,Boeing 737-2C3,PP-CJN,Varig,0,Goiânia-Sant...,,,A1
20010918-0,18-SEP-2001,Let L-410UVP-E,TG-CFE,Atlantic Airlines,8,Guatemala Ci...,,,A1
20010918-1,18-SEP-2001,Cessna 208 Caravan I,F-OHRM,private,0,N'Djamena Ai...,,,O1
20010919-0,19-SEP-2001,Beech 200 Super King Air,N711MZ,Champion Air,0,Indianapolis...,, ,A2
20010920-0,20-SEP-2001,Swearingen SA226-AT Merlin IV,C-GWSL,Max Aviation,0,Kuujjuaq-For...,, ,A1
20010921-0,21-SEP-2001,Ilyushin Il-86,RA-86074,Aeroflot,0,Dubai Airpor...,,,A1
20010922-0,22-SEP-2001,BN-2A Islander,PT-KTQ,FUNAI,0,near Rio Branco A...,, ,A1
20010923-0,23-SEP-2001,Yakovlev Yak-40,RA-87481,Petropavlovsk-Kamchatsky Air Ent.,0,Tigil Airport,,,A1
20010925-0,25-SEP-2001,Douglas DC-6BF,N867TA,Northern Air Cargo,0,Deadhorse-Al...,,,A1
20010927-0,27-SEP-2001,Lockheed C-130H Hercules,2455,Brazilian AF,9,near Rio de Janei...,,,A1
20011001-0,01-OCT-2001,Swearingen SA227-AC Metro III,C-GYQT,Bearskin Airlines,0,Kapuskasing ...,, ,A2
20011004-0,04-OCT-2001,Tupolev Tu-154M,RA-85693,Sibir Airlines,78,"near Adler, Russi...",,,A1
20011006-0,06-OCT-2001,Antonov An-2T,RA-40480,Mirny Air Enterprise,0,near Polyarnyj,, ,A1
20011008-0,08-OCT-2001,DC-9-87 (MD-87),SE-DMA,SAS,110+ 4,Milano-Linat...,,,A1
20011008-1,08-OCT-2001,Cessna 525A CitationJet CJ2,D-IEVX,private,4,Milano-Linat...,,,A1
20011010-0,10-OCT-2001,Cessna 208 Caravan I,N9530F,PenAir,10,Dillingham M...,, ,A1
20011010-1,10-OCT-2001,Swearingen SA226-AT Merlin IVA,EC-GDV,Flightline,10,near Columbretes ...,,,A1
20011010-2,10-OCT-2001,Shorts 360-300,D-CFXF,Express Airways,0,Basel/Mulhou...,,,A2
20011011-0,11-OCT-2001,Swearingen SA226-TC Metro II,C-GYPA,Perimeter Airlines,2,near Shamattawa A...,,,A1
20011011-1,11-OCT-2001,Beech A100 King Air,C-GJBV,Voyageur Airways,0,North Bay Ai...,, ,A2
20011016-0,16-OCT-2001,Antonov An-12BP,ER-ADT,"Aerocom, op.for Pacific Air Express",0,Honiara-Hend...,,,A1
20011016-1,16-OCT-2001,Embraer EMB-120ER Brasilia,N120AX,ACE Air Cargo,0,near Bethel Airpo...,, ,A1
20011016-2,16-OCT-2001,Embraer EMB-145LR (ERJ-145LR),N825MJ,"US Airways Express, opb Mesa Airlines",0,Roanoke-Blac...,, ,A2
20011017-0,17-OCT-2001,Airbus A300B4-203,AP-BCJ,PIA,0,Dubai Airpor...,,,A1
20011021-0,21-OCT-2001,Yakovlev Yak-40,EX-87470,Kyrghyzstan Airlines,0,Osh Airport ...,,,A1
20011024-0,24-OCT-2001,Boeing 727-22C,C-FKFP,Kelowna Flightcraft,0,Hamilton Air...,,,A2
20011025-0,25-OCT-2001,Beech 200 Super King Air,N200RW,Williams Patent Crusher & Pulverizer Co.,0,Osage Beach ...,,,A1
20011026-0,26-OCT-2001,Learjet 25B,N715MH,American Jet International,0,Ciudad Victo...,,,A1
20011099-0,??-OCT-2001,Boeing 727-113C,YA-FAU,Ariana Afghan Airlines,0,Kabul,,,O1
20011099-1,??-OCT-2001,Boeing 727-155C,YA-FAW,Ariana Afghan Airlines,0,Kabul,,,O1
20011099-2,??-OCT-2001,Antonov An-12BK,YA-DAB,Ariana Afghan Airlines,0,Kabul,,,O1
20011099-3,??-OCT-2001,Antonov An-12B,YA-DAA,Ariana Afghan Airlines,0,Kabul,,,O1
20011099-4,??-OCT-2001,Antonov An-24B,YA-DAH,Ariana Afghan Airlines,0,Kabul,, ,O1
20011099-5,??-OCT-2001,Antonov An-24RV,YA-DAJ,Ariana Afghan Airlines,0,Kabul,, ,O1
20011099-6,??-OCT-2001,Antonov An-24V,YA-DAG,Ariana Afghan Airlines,0,Kabul,, ,O1
20011099-9,??-OCT-2001,Saab 340A,N96CN,Chautauqua Airlines,0,Kirksville M...,,,A1
20011102-0,02-NOV-2001,Cessna 208B Grand Caravan,C-GGUH,Stage Air,0,Genève-Coint...,, ,A2
20011103-0,03-NOV-2001,NAMC YS-11A-214,9U-BHP,Trygon,0,Southend Air...,,,O1
20011103-1,03-NOV-2001,Cessna F406 Caravan II,ZS-OIG,GJ Air,3,near Johannesburg...,, ,A1
20011112-0,12-NOV-2001,Airbus A300B4-605R,N14053,American Airlines,260+ 5,Belle Harbor...,,,A1
20011114-0,14-NOV-2001,Cessna 208B Grand Caravan,8R-GTG,Trans Guyana Airways,0,,, ,H2
20011116-0,16-NOV-2001,Airbus A321-231,F-OHMP,MEA,0,Cairo Intern...,, ,A2
20011119-0,19-NOV-2001,Ilyushin Il-18V,RA-75840,IRS Aero,27,near Kalyazin,,,A1
20011120-0,20-NOV-2001,MD-11,B-16101,Eva Air,0,Taipei-Chian...,, ,A2
20011122-0,22-NOV-2001,Learjet 25B,N5UJ,Universal Jet Aviation,2,Pittsburgh I...,,,A1
20011123-0,23-NOV-2001,Antonov An-28,ES-NOV,"Enimex, op.for ELK Airways",2,near Kärdla,,,A1
20011124-0,24-NOV-2001,Avro RJ100,HB-IXM,Crossair,24,near Zürich-Klote...,,,A1
20011124-1,24-NOV-2001,Beech 200 Super King Air,F-GDLE,Aéro Photo Europe Investigation,4,Chézy,,,A1
20011125-0,25-NOV-2001,Alenia G-222RM,MM62142,Italian AF,0,Pratica di M...,, ,O1
20011125-1,25-NOV-2001,Beech 100 King Air,PT-DNP,Private,0,Buriti Alegr...,, ,A1
20011127-0,27-NOV-2001,Boeing 747-246F,9G-MKI,MK Airlines,1,near Port Harcourt,,,A1
20011127-1,27-NOV-2001,Let L-410UVP,XA-SYJ,Aero Ferinco,0,near Playa del Ca...,,,A1
20011127-2,27-NOV-2001,Swearingen SA226-TC Metro II,LV-WSD,Aerocassa,0,Bahía Blanca...,, ,A1
20011128-0,28-NOV-2001,Cessna 208B Grand Caravan,HP-1405APP,"AeroPerlas, op.for SANSA",3,near Quepos,, ,A1

20011130-0,30-NOV-2001,BAe 3101 Jetstream 31,SE-LGA,European Executive Express,0,Skien Airpor...,,,A1
20011201-1,01-DEC-2001,Cessna 208B Grand Caravan,N499BA,Air Carriers,2,near Bessemer Air...,, ,A1
20011202-0,02-DEC-2001,Ilyushin Il-76TD,RA-76839,Federal Border Guard,18,near Novaya Inya,,,A1
20011202-1,02-DEC-2001,Dornier 328-110,D-CATS,OLT,0,Bremen Airpo...,,,A1
20011206-0,06-DEC-2001,Convair CV-580,N582HG,Trans-Air-Link,0,Sunny Isles ...,,,A1
20011209-0,09-DEC-2001,Dassault Falcon 100,N202DN,Air Del,0,Lawrence Air...,, ,A1
20011210-0,10-DEC-2001,Learjet 24D,N997TD,Air Cargo Express,2,near Sierra Blanc...,,,A1
20011210-1,10-DEC-2001,Beech B200C Super King Air,VH-FMN,Royal Flying Doctor Service,1,near Mount Gambie...,, ,A1
20011211-0,11-DEC-2001,Antonov An-32,D2-FEO,Air Nave,0,Luzamba Airp...,, ,A1
20011213-0,13-DEC-2001,Hawker Siddeley HS-748,SE-LEO,West Air Sweden,0,Lidköping-Ho...,,,O1
20011214-0,14-DEC-2001,Let L-410A,5X-CNF,Eagle Air,6,Geti,,,A1
20011216-0,16-DEC-2001,Let L-410UVP-E,HK-4175X,Heliandes,16,near San Antonio ...,, ,A1
20011217-0,17-DEC-2001,Boeing 737-53A,PT-SSI,Rio Sul,0,Belo Horizon...,, ,A2
20011219-0,19-DEC-2001,CASA/Nurtanio NC-212 Aviocar,PK-VSB,Dirgantara Air Services,0+ 1,Long Bawan A...,, ,A2
20011220-0,20-DEC-2001,Cessna 560 Citation V,HB-VLV,Eagle Air Aircharter + Taxi,2,Zürich-Klote...,,,A1
20011220-1,20-DEC-2001,Lockheed L-100-30 Hercules,A-1329,Indonesian AF,0,Lhokseumawe-...,,,A1
20011221-0,21-DEC-2001,Lockheed C-141C Starlifter,61-2778,Air National Guard,0,Memphis Inte...,, ,O1
20011222-0,22-DEC-2001,Boeing 767-323, ,American Airlines,0,"near Boston, MA",, ,C2
20011226-0,26-DEC-2001,BN-2B-26 Islander,D-IAAI,Bremerhaven Airline,8,near Bremerhaven ...,,,A1
20011227-0,27-DEC-2001,Airbus A330-223,PT-MVB,TAM Brasil,0,Zürich-Klote...,, ,A2
20011227-1,27-DEC-2001,Avro RJ100,HB-IYX,Crossair,0,Zürich-Klote...,, ,A2
20011228-0,28-DEC-2001,Boeing 747-128 (SF),N3203Y,Evergreen International,0,Anchorage-Te...,, ,A2
20011299-0,??-DEC-2001,Douglas C-53-DO (DC-3),ZS-OJD,Congo Communications,0,Lubumbashi-L...,,,A1
20019999-0,??-???-2001,Cessna 208 Caravan I,EP-859,Peruvian Army,0,,, ,A2
20019999-1,??-???-2001,Swearingen SA227-AC Metro III,XA-TKK,Westair de México,0,Mexico City-...,, ,A1

20010104-0,04-JAN-2001,Shaanxi Yunshuji Y-8,31242,China Air Force,8+ 6,near Zheng Zou Ai...,, ,A1
20010104-1,04-JAN-2001,Shaanxi Yunshuji Y-8,31243,China Air Force,8,near Zheng Zou Ai...,, ,A1
20010104-2,04-JAN-2001,Learjet 35,N435JL,Air Response North,0,Schenectady-...,, ,A1
20010105-0,05-JAN-2001,Boeing 727-46F,S9-BAI,Air Gemini Cargo,0+ 1,Dundo Airpor...,,,A1
20010106-0,06-JAN-2001,BN-2A-2 Islander,8R-GFN,Guyana AF,3,near Mahdia,,,A1
20010108-0,08-JAN-2001,CASA/Nurtanio NC-212 Aviocar,U-614,Indonesian Navy,9,near Silimo,, ,A1
20010108-1,08-JAN-2001,Boeing 727-23F,D2-FOO,Air Gemini Cargo,0,Luanda Airpo...,,,A1
20010109-0,09-JAN-2001,Boeing 727-287,CP-2323,LAB,0,Buenos Aires...,,,A1
20010111-0,11-JAN-2001,DHC-6 Twin Otter 300,N824ED,Earth Data Aviation,0,near Fort Worth-M...,, ,A2
20010111-1,11-JAN-2001,BN-2A-21 Islander,PT-KNE,LASA,3,"near Parnamirim, BA",, ,A1
20010114-0,14-JAN-2001,Learjet 60,N1DC,Ark-Air Flight,0,Troy Municip...,, ,A1
20010119-0,19-JAN-2001,IPTN/CASA CN-235M-100,097,Turkish AF,3,Kayseri,, ,A1
20010122-0,22-JAN-2001,Boeing 727-2N8, ,Yemenia Airways,0,Djibouti,, ,H2
20010123-0,23-JAN-2001,Douglas C-47A (DC-3),N19454,Majestic Air Cargo,2,"Eider Point, AK",,,A1
20010123-1,23-JAN-2001,Let L-410UVP,9L-LCG,Eagle Aviation ?,0,near Maiduguri,,,A1
20010125-0,25-JAN-2001,Douglas C-47A (DC-3),YV-224C,Rutaca,24,Ciudad Bolívar,,,A1
20010126-0,26-JAN-2001,Cessna 500 Citation I,N234UM,Marlin Air,0,Sault Ste Ma...,, ,A1
20010127-0,27-JAN-2001,Airbus A340-312, ,Gulf Air,0,Abu Dhabi,, ,H2
20010127-1,27-JAN-2001,Antonov An-70,UR-NTK,Antonov Design Bureau,0,near Omsk,,,A2
20010127-2,27-JAN-2001,Beech 200 Super King Air,N81PF,Jet Express Services,10,"near Strasburg, CO",,,A1
20010130-1,30-JAN-2001,Dornier 328-120,FAC-1165,SATENA,0,Bogotá,, ,H2
20010131-0,31-JAN-2001,SE-210 Caravelle 10R,HK-3932X,L.A. Suramericanas,3,near El Yopal Air...,,,A1
20010131-1,31-JAN-2001,Douglas DC-6B,N4390F,Everts Air Fuel,0,Donlin Creek...,,,A1
20010199-0,??-JAN-2001,Shorts SC.7 Skyvan 3M-400,VH-WGG,Pull Out Skydiving,0,Ravenna,,,O1
20010199-1,??-JAN-2001,Shorts SC.7 Skyvan 3M-400,VH-WGL,Pull Out Skydiving,0,Ravenna,, ,O1
20010201-0,01-FEB-2001,Antonov An-26,T-224,Angolan AF,0,Luena Airpor...,, ,A1
20010204-0,04-FEB-2001,Shorts 360-100,EI-BPD,Aer Arann,0,Sheffield Ci...,,,A1
20010207-0,07-FEB-2001,Airbus A320-214,EC-HKJ,Iberia,0,Bilbao Airpo...,, ,A1
20010208-0,08-FEB-2001,Swearingen SA227-AT Merlin IVC,N318DH,Northern Illinois Flight Center,2,Beaver Islan...,, ,A1
20010208-1,08-FEB-2001,Learjet 35A,I-MOCO,E.A.S. Aeroservizi,3,near Nürnberg Air...,,,A1
20010210-0,10-FEB-2001,GAF Nomad N.24A,PZ-TBP,Gum Air,10,near Jacobkondre,,,A1
20010211-0,11-FEB-2001,CASA C-212-M Aviocar 200,A-9119,Indonesian Army,0,Jakarta-Pond...,, ,A1
20010219-0,19-FEB-2001,Antonov An-26,T-225,Angolan AF,0,Luena Airpor...,, ,A2
20010223-0,23-FEB-2001,Cessna 525 CitationJet,D-IWHL,private,0,Berlin-Tempe...,, ,A2
20010227-0,27-FEB-2001,Shorts 360-100,G-BNMT,Loganair,2,near Granton Harbour,,,A1
20010303-0,03-MAR-2001,Shorts C-23B+ Sherpa (360),93-1336,Florida ANG,21,"near Unadilla, GA",, ,A1
20010303-1,03-MAR-2001,Boeing 737-4D7,HS-TDC,Thai Airways International,1,Bangkok Inte...,,,A1
20010307-0,07-MAR-2001,Boeing 707-331C,PT-MST,Skymaster Airlines,0,São Paulo-Gu...,,,A1
20010308-0,08-MAR-2001,Cessna 525 CitationJet,N909M,Wilmington Trust,0,Hamburg-Fuhl...,,,A2
20010311-0,11-MAR-2001,Boeing 727-223F,N701NE,Express One,0,Pohnpei Airp...,,,A1
20010315-0,15-MAR-2001,Douglas C-47A (DC-3),N842MB,Jim Hankins Air Service,0,Donalsonvill...,,,A1
20010315-1,15-MAR-2001,Tupolev Tu-154M,RA-85619,Vnukovo Airlines,3,Madinah-Moha...,, ,H2
20010317-0,17-MAR-2001,Beech 1900C-1,S9-CAE,SAL Express,16,Quilemba,, ,A1
20010317-1,17-MAR-2001,Airbus A320-212,N357NW,Northwest Airlines,0,Detroit-Metr...,, ,A2
20010319-0,19-MAR-2001,Embraer EMB-120RT Brasilia,N266CA,"Delta Connection, opb Comair",0,near West Palm Be...,,,A2
20010319-1,19-MAR-2001,Beech 300 Super King Air,D-CINA,Private Wings,0,near Berlin,, ,A2
20010323-0,23-MAR-2001,Boeing 707-3B4C,SU-BMV,Luxor Air Egypt,0,Monrovia-Rob...,,,A1
20010324-0,24-MAR-2001,DHC-6 Twin Otter 300,F-OGES,Air Caraïbes,19+ 1,Saint-Barthé...,,,A1
20010326-0,26-MAR-2001,Fokker F-27 Friendship 500F,PK-MFL,Merpati Nusantara,3,near Surabaya-Jua...,,,A1
20010326-1,26-MAR-2001,Beech RC-12K Huron,85-0154,US Army,2,near Nürnberg Air...,, ,A1
20010329-0,29-MAR-2001,Gulfstream American G-1159 Gulfstre,N303GA,Avjet Corp,18,near Aspen Airpor...,, ,A1
20010330-0,30-MAR-2001,ATR 42-310,N37AE,American Eagle Airlines,0,Freeport-Gra...,,,O1
20010331-0,31-MAR-2001,DHC-3 Otter,N120BA,Bishop Aviation,0,Decatur-Bish...,, ,A1
20010402-0,02-APR-2001,Cessna 501 Citation I/SP,N405PC,Jet Wings,1,"Ashwaubenon, WI",, ,A1
20010404-0,04-APR-2001,Douglas DC-3A-S1C3G,N19BA,Roblex Aviation,0,near San Juan-Lui...,,,A1
20010404-1,04-APR-2001,Antonov An-26, ,Sudan AF,14,Adar Yel,, ,A1
20010404-2,04-APR-2001,Boeing 737-2E1F,C-GDCC,Royal Airlines,0,St. John's A...,,,A1
20010404-3,04-APR-2001,Antonov An-32,D2-FDP,Associação dos Pilotos de Angola,0,near Malange Airp...,, ,A1
20010405-0,05-APR-2001,Beech 200 Super King Air,YV-O-SATA-6,SATA,0,Las Majaguas,, ,A1
20010407-0,07-APR-2001,Beech 100 King Air,C-FWPN,Alberta Central Airways,0,Grande Prair...,, ,A1
20010410-0,10-APR-2001,Antonov An-12BK,3C-AWU,Air West,0,near Nouadhibou A...,, ,A1
20010412-0,12-APR-2001,Embraer EMB-135LR (ERJ-135LR),N735TS,American Eagle,0,Cleveland-Ho...,, ,A2
20010415-0,15-APR-2001,Cessna 208B Grand Caravan,ZS-OCZ,Union Charter Trust,0,near Tembo,, ,A1
20010418-0,18-APR-2001,Ilyushin Il-76MD,UR-78821,Dart,0,Oostende Air...,,,A1
20010423-0,23-APR-2001,Antonov An-2T,RA-01122,Yakustk Air Enterprise,0,near Kobyay Airstrip,, ,A1
20010425-0,25-APR-2001,Antonov An-2R,RA-17832,Adygeya-Avia,0,Stanitsa Nek...,, ,A1
20010426-0,26-APR-2001,Cessna 208B Super Cargomaster,N974FE,"FedEx, opb Wiggins Airways",0,near Plattsburgh ...,, ,A1
20010426-1,26-APR-2001,Antonov An-12, ,Ethiopian AF,0,Khartoum,, ,H2
20010427-1,27-APR-2001,Antonov An-2SX,RA-40997,Virazh,0,near Gorkovskiy,, ,A1
20010428-0,28-APR-2001,Cessna 208B Grand Caravan,LV-WSC,Les Grands Jorasses,10,"near Roque Pérez, BA",,,A1
20010429-0,29-APR-2001,Cessna 208 Caravan I,VH-MMV,private,1,"near Nagambie, VIC",, ,A1
20010430-0,30-APR-2001,Cessna 560 Citation V,OE-GSW,Tyrolean Jet Services,0,Florence-Per...,, ,A2
20010501-1,01-MAY-2001,DC-9-31,N9333,Northwest Airlines,0,Minneapolis-...,, ,A2
20010503-0,03-MAY-2001,Beech 1900D,VH-IMH,QantasLink/Impulse,0,Cooma Airpor...,, ,A2
20010505-0,05-MAY-2001,Cessna 208B Super Cargomaster,N948FE,"FedEx, op.for Corporate Air",1,near Steamboat Sp...,, ,A1
20010510-0,10-MAY-2001,DC-9-83 (MD-83),EC-FXI,Spanair,0,Liverpool In...,,,A2
20010510-1,10-MAY-2001,Boeing 727-44F,D2-FCK,Angola Air Charter,0,Nzagi Airpor...,,,A1
20010513-0,13-MAY-2001,Boeing 727-222,N7274U,United Airlines,0,Omaha-Eppley...,,,O1
20010516-0,16-MAY-2001,IPTN/CASA CN-235M-100,086,Turkish AF,34,near Malatya,, ,A1
20010517-0,17-MAY-2001,Yakovlev Yak-40,EP-TQP,Faraz Qeshm,30,near Sari,,,A1
20010517-1,17-MAY-2001,Fokker F-27 Friendship 400M,TC-76,Argentine AF,5,Mendoza-El P...,,,A1
20010518-0,18-MAY-2001,IPTN/CASA CN-235MP-100M,TCSG-552,Turkish Navy,4,near Ankara-Etime...,, ,A1
20010522-0,22-MAY-2001,Antonov An-12B,RA-12135,Russian AF,7,"near Myakotino, Z...",, ,A1
20010522-1,22-MAY-2001,Boeing 737-210C,C-GNWI,First Air,0,Yellowknife ...,,,A1
20010523-0,23-MAY-2001,Fokker 100,N1419D,American Airlines,0,Dallas/Fort ...,, ,A1
20010599-0,??-MAY-2001,Hawker Siddeley HS-125-600B,5N-RNO,Chrome Air,0,near Lagos-Murtal...,, ,A1
20010602-0,02-JUN-2001,Antonov An-2, ,Volgograd Air Club,3,"Metallurg, V...",, ,A1
20010605-0,05-JUN-2001,Fokker F-27 Friendship 500,G-CEXF,Channel Express,0,near Jersey-State...,,,A2
20010607-0,07-JUN-2001,Beech B300C Super King Air 350,F-GOAE,Aerope 3S Aviation,0,near Santiago de ...,,,A1
20010607-1,07-JUN-2001,Learjet 24A,N805NA,NASA,0,Victorville ...,,,A1
20010608-0,08-JUN-2001,Boeing 727-90C,S9-BOG,Transafrik,0,near Luena,, ,C2
20010612-0,12-JUN-2001,Learjet 25D,N333CG,Avcon Industries,0,Salina Airpo...,, ,A1
20010614-0,14-JUN-2001,DHC-8-103,LN-WIS,Widerøes Flyveselskap,0,Båtsfjord Ai...,,,A1
20010615-0,15-JUN-2001,Transall C-160NG,PK-VTP,Manunggal Air,1,Jayapura-Sen...,, ,A1
20010618-0,18-JUN-2001,ATR 42-320,4X-ATK,Israir,0,Tel Aviv-Ben...,,,A1
20010625-0,25-JUN-2001,Embraer EMB-110P1 Bandeirante,VH-OZG,Airtex Aviation,0,Cootamundra ...,,,A1
20010626-0,26-JUN-2001,BAe 3112 Jetstream 31,C-GPDC,La Ronge Aviation Services,0,La Ronge Air...,, ,A2
20010702-1,02-JUL-2001,Lockheed L-100-30 Hercules,N401LC,Lynden Air Cargo,0,Lake Minchum...,, ,A2
20010704-0,04-JUL-2001,Tupolev Tu-154M,RA-85845,Vladivostokavia,145,near Burdakovka,,,A1
20010706-0,06-JUL-2001,Cessna 208B Grand Caravan,N812MA,Maxfly Aviation,0,near Fort Lauderd...,, ,A1
