identifiant,date,type,registration,operator,fat.,location, ,pic,cat

19540101-0,01-JAN-1954,Grumman SA-16A Albatross,51-0063,USAF,0,Narsarsuaq A...,, ,O1
19540102-0,02-JAN-1954,Vickers Valetta C.1,VX538,RAF,0,Aden,, ,A1
19540103-0,03-JAN-1954,Curtiss C-46D,44-77632,USAF,4,near Keya,, ,A1
19540104-0,04-JAN-1954,Lockheed P2V-5 Neptune,127752,US Navy,10,near Jeju Island,, ,A1
19540105-0,05-JAN-1954,Douglas C-47A (DC-3),TC-BAG,DHY,4,Lâpseki,, ,A1
19540105-1,05-JAN-1954,Lockheed C-60A-1-LO Lodestar,N3138,Private,0,Teterboro Ai...,, ,A1
19540106-0,06-JAN-1954,SNCASE SE.161 Languedoc,OD-ABU,Air Liban,0,Beirut Inter...,, ,A1
19540106-1,06-JAN-1954,Vickers Valetta T.3,WJ474,RAF,16,"near Aldbury, Her...",, ,A1
19540108-0,08-JAN-1954,Lisunov Li-2, ,Aeroflot / Estonia,1,Tallinn-Ülem...,, ,H2
19540110-0,10-JAN-1954,Grumman G-73 Mallard,N4949N,Union Producing Comp,12,"near Shreveport, LA",, ,A1
19540110-1,10-JAN-1954,DH-106 Comet 1,G-ALYP,BOAC,35,near Elba,,,A1
19540111-0,11-JAN-1954,Douglas C-47A (DC-3),HK-160,Avianca,21,Manizales,, ,A1
19540112-0,12-JAN-1954,Douglas C-47A (DC-3),OK-WDS,CSA,13,near Praha-Ruzyne...,, ,A1
19540114-0,14-JAN-1954,Douglas DC-6,PI-C294,Philippine Air Lines,16,near Roma-Ciampin...,, ,A1
19540115-0,15-JAN-1954,Lockheed Neptune MR.1,WX542,RAF,0,Topcliffe RA...,, ,A1
19540118-0,18-JAN-1954,CASA 352 (Ju-52),T.2B-145,Spanish AF,,,, ,U1
19540120-0,20-JAN-1954,Convair CV-240-0,N94244,American Airlines,0,"near Buffalo, NY",, ,A1
19540120-1,20-JAN-1954,Douglas DC-3A,N49551,Zantop,3,"Kansas City, MO",, ,A1
19540120-2,20-JAN-1954,Vickers Valetta C.1,VL282,RAF,1,near Lyneham-RAF ...,, ,A1
19540120-3,20-JAN-1954,Vickers Varsity T.1,WF391,RAF,4,near Hullavington...,, ,A1
19540121-0,21-JAN-1954,Lockheed P2V-5 Neptune,124874,US Navy,8,near Barbers Poin...,, ,A1
19540124-0,24-JAN-1954,Douglas C-47A (DC-3),F-BEFS,Autrex,0,Beirut Inter...,, ,A1
19540127-0,27-JAN-1954,Lisunov Li-2,CCCP-L4105,Aeroflot / Armenia,6,near Tsaghkashen,, ,A1
19540130-0,30-JAN-1954,Short Sunderland MR.5,RN290,RAF,0,Angle Bay,, ,A1
19540131-0,31-JAN-1954,Curtiss C-46D,HK-603,Lineas Interamericana Aérea,0,near Bogotá-Techo...,, ,A1
19540131-1,31-JAN-1954,Douglas C-47A (DC-3),F-BGXD,Aigle Azur,0,Dien Bien Phu,, ,A1
19540131-2,31-JAN-1954,Douglas C-47 (DC-3),FAC-674,Colombian AF,5,near Apiay Air Ba...,, ,A1
19540199-0,??-JAN-1954,Ford 5-AT-B Tri-Motor,N9645,Private,0,,, ,A1
19540201-0,01-FEB-1954,Curtiss C-46D,44-78027,USAF,35,near Hokkaido,, ,A1
19540201-1,01-FEB-1954,Vickers Valetta C.1,VW206,RAF,0,Mukeiras Air...,, ,A1
19540204-0,04-FEB-1954,Bristol 175 Britannia 101,G-ALRX,UK Ministry of Supply,0,Severn Estuary,,,A1
19540205-0,05-FEB-1954,Lockheed RC-121C Super Constellatio,51-3838,USAF,0,San Pablo Ba...,, ,A1
19540205-1,05-FEB-1954,Douglas C-47D (DC-3),45-895,USAF,10,"near Curry, AK",, ,A1
19540209-0,09-FEB-1954,Douglas C-47 (DC-3),HK-167,Avianca,0,Medellin,, ,A1
19540209-1,09-FEB-1954,Fairchild C-119C Flying Boxcar,50-163,USAF,0,near Cáceres,,,A1
19540211-1,11-FEB-1954,Douglas C-47 (DC-3), ,Peruvian AF,8,between Puer...,, ,A1
19540212-0,12-FEB-1954,Avro Shackleton MR.2,WL794,RAF,10,near Gozo,, ,A1
19540213-0,13-FEB-1954,Douglas C-47A (DC-3),F-OAHY,Air Outre-Mer,,Muong Sai Ai...,, ,C1
19540214-0,14-FEB-1954,Fairchild C-82A Packet,48-569,USAF,0,"near Yelm, WA",, ,A1
19540217-0,17-FEB-1954,Douglas C-47B (DC-3),43-16136,USAF,,unknown,, ,A1
19540218-0,18-FEB-1954,Junkers Ju-52,1015 / 4S-5,French Navy,15,near Zaghouan,, ,A1
19540221-0,21-FEB-1954,Vickers Valetta C.1,WJ494,RAF,3,near Singapore-Ch...,, ,A1
19540221-1,21-FEB-1954,Breda-Zappata BZ.308,MM61802,Italian AF,,Mogadishu,, ,A1
19540222-0,22-FEB-1954,Douglas C-47D (DC-3),43-16252,USAF,,near Narsarsuaq,, ,A1
19540223-0,23-FEB-1954,Vickers Valetta C.1,WD160,RAF,4,near Gemas,, ,A1
19540223-1,23-FEB-1954,Short Sunderland GR.5,NJ180,RAF,0,Pembroke Dock,, ,A1
19540225-0,25-FEB-1954,Douglas C-47A (DC-3),VT-ATU,Indian Airlines,3,near Delhi-Safdar...,, ,A1
19540226-0,26-FEB-1954,Fairchild C-119 Flying Boxcar,52-5894,USAF,4,"Huntingdon, TN",, ,A1
19540226-1,26-FEB-1954,Convair CV-240-1,N8407H,Western Air Lines,9,"near Wright, WY",,,A1
19540303-0,03-MAR-1954,Short Sunderland MR.5,NJ267,RAF,7,Pembroke Dock,,,A1
19540303-1,03-MAR-1954,Douglas C-47D (DC-3),44-76247,USAF,,unknown,, ,A1
19540303-2,03-MAR-1954,Douglas C-47D (DC-3),44-76639,USAF,,Gunsan (Kuns...,, ,A1
19540304-0,04-MAR-1954,Curtiss C-46D,PP-LPH,Loide Aéreo Nacional,0,Guanabara Ba...,, ,A1
19540304-1,04-MAR-1954,Douglas C-47 (DC-3),F-OANH,Air Outre-Mer,,Hanoi-Gialam...,, ,C1
19540304-2,04-MAR-1954,Douglas R4D-3 (DC-3),F-OAPC,Aigle Azur,,Hanoi-Gialam...,, ,C1
19540304-3,04-MAR-1954,Douglas C-47A (DC-3),42-24096,USAF,20,near Saint-Étienn...,, ,A1
19540304-4,04-MAR-1954,Douglas C-47A (DC-3),42-93169,USAF,,unknown,, ,A1
19540311-0,11-MAR-1954,Fairchild C-119C Flying Boxcar,546,"French AF, opb Civil Air Transport",0,Dien Bien Ph...,, ,C1
19540312-0,12-MAR-1954,Junkers Ju-52/3mreo,LV-ZBE,Argentine Ministry of Agriculture,0,near Catamarca Ai...,, ,A1
19540313-0,13-MAR-1954,Curtiss C-46E,F-DAAR,Aigle Azur Maroc,0,Dien Bien Ph...,, ,C1
19540313-1,13-MAR-1954,Douglas C-47 (DC-3),F-BCYI,Autrex,0,Xieng Khouan...,, ,A1
19540313-2,13-MAR-1954,Lockheed L-749A Constellation,G-ALAM,BOAC,33,Singapore-Ka...,, ,A1
19540313-3,13-MAR-1954,Vickers Varsity T.1,WF327,RAF,4,near Syerston RAF...,, ,A1
19540313-4,13-MAR-1954,Douglas C-47B (DC-3),349665/FRAMG,French AF,,Dien Bien Ph...,, ,U1
19540313-5,13-MAR-1954,Douglas C-47B (DC-3),349931/FRBDW,French AF,,Dien Bien Ph...,, ,U1
19540313-6,13-MAR-1954,Douglas C-47B (DC-3),49949/F-RAYC,French AF,,Dien Bien Ph...,, ,U1
19540313-7,13-MAR-1954,Douglas C-47B (DC-3),476357/FRAZB,French AF,,Dien Bien Ph...,, ,U1
19540314-0,14-MAR-1954,Douglas C-47A (DC-3),VH-BBV,Queensland Airlines,2,near Mackay Airpo...,, ,A1
19540314-1,14-MAR-1954,Fairchild C-119G Flying Boxcar,52-5908,USAF,0,Fort Benning...,, ,O1
19540316-0,16-MAR-1954,Convair CV-340-35,N90853,Continental Air Lines,0,"near Midland, TX",, ,A1
19540319-0,19-MAR-1954,Lisunov Li-2P,SP-LAH,LOT,1,near Gruszowiec,, ,A1
19540319-1,19-MAR-1954,Fairchild C-119F-FA Flying Boxcar,51-7993,USAF,18,"near Lothian, MD",, ,A1
19540323-0,23-MAR-1954,Fairchild C-119C Flying Boxcar,186,"French AF, lsf Civil Air Transport",0,Haiphong-Cat...,, ,A1
19540325-0,25-MAR-1954,Douglas C-53-DO (DC-3),XA-GUN,Aeronaves de México,18,near Monterrey,, ,A1
19540325-1,25-MAR-1954,Vickers Varsity T.1,WF386,RAF,1,near Swinderby RA...,, ,A1
19540327-0,27-MAR-1954,Douglas C-47A (DC-3),348267,French AF,,,, ,U1
19540328-0,28-MAR-1954,Catalina IVB (PBY-5A),KK-N,Norwegian AF,8,Bear Island,,,A1
19540328-1,28-MAR-1954,Douglas C-47B (DC-3),349434/FRBDC,French AF,,Dien Bien Phu,, ,C1
19540330-0,30-MAR-1954,Fairchild C-119F Flying Boxcar,51-2679,USAF,5+ 2,Fayetteville...,, ,A1
19540331-0,31-MAR-1954,Shorts S.26 G Class,G-AFCI,private,0,River Swale,, ,O1
19540402-0,02-APR-1954,Vickers Valetta C.1,VW205,RAF,3,Jebel al Lawz,, ,A1
19540403-0,03-APR-1954,Douglas C-47A (DC-3),TC-ARK,DHY,25,near Adana,, ,A1
19540404-0,04-APR-1954,Douglas C-54A (DC-4),F-BFGQ,Autrex,4,near Hanoi-Gia La...,, ,A1
19540408-1,08-APR-1954,Canadair C-4-1 North Star,CF-TFW,TCAL,35+ 1,"Moose Jaw, SK",, ,A1
19540408-2,08-APR-1954,DH-106 Comet 1,G-ALYY,"BOAC, op.for South African Airways",21,near San Lucido,,,A1
19540410-0,10-APR-1954,Douglas C-47 (DC-3),I-LENT,LAI,0,Roma-Ciampin...,, ,A1
19540412-0,12-APR-1954,Vickers Varsity T.1,WF428,RAF,0,Thorney Isla...,, ,A1
19540412-2,12-APR-1954,Douglas C-47A (DC-3),42-100546,USAF,,Unknown,, ,A1
19540412-3,12-APR-1954,Douglas C-47A (DC-3),42-23617,USAF,,Anchorage-El...,, ,A1
19540413-0,13-APR-1954,Avro 685 York C.1,G-AMUM,Scottish Airlines,0,Malta-Luqa A...,,,A1
19540413-1,13-APR-1954,Lockheed C-60A Lodestar,F-OALK,SIR,16,Xiengkhouang,, ,A1
19540413-2,13-APR-1954,Douglas C-47 (DC-3),956,Chilean AF,14,near Batuco,, ,A1
19540417-0,17-APR-1954,Kaiser-Frazer C-119F Flying Boxcar,51-8133,USAF,0,Birmingham A...,, ,A1
19540420-0,20-APR-1954,Kaiser-Frazier C-119F Flying Boxcar,51-8153,USAF,7,near Burbank Airp...,, ,A1
19540422-0,22-APR-1954,Fairchild C-119G Flying Boxcar,52-5904,USAF,2,"near Beulaville, NC",, ,A1
19540423-0,23-APR-1954,Douglas C-47A (DC-3),LV-ACX,Aerolineas Argentinas,25,Sierra del V...,,,A1
19540424-0,24-APR-1954,SNCASE SE.161 Languedoc,SU-AHZ,Misrair,0,Damascus Int...,, ,A1
19540425-0,25-APR-1954,Douglas C-47 (DC-3),F-BCYJ,Autrex,0,Nam Bac,, ,A1
19540426-0,26-APR-1954,DHC-3 Otter,3672,RCAF,,"Churchill, MB",, ,A1
19540430-0,30-APR-1954,Douglas C-47A (DC-3),VT-DEM,Darbhanga Aviation,5,near Calcutta-Dum...,, ,A1

19541115-0,15-NOV-1954,Douglas C-54A (DC-4),VH-ANF,ANA,0,Brisbane-Eag...,, ,A2
19541116-0,16-NOV-1954,Douglas DC-3,FAP403,TAM Peru,24,near Jirishanga,, ,A1
19541120-0,20-NOV-1954,Lockheed Ventura,N1505V,Plymouth Oil Co.,5,"near Waynesboro, VA",, ,A1
19541125-0,25-NOV-1954,Douglas C-47A (DC-3),PK-DPD,Garuda,0,Jambi Airpor...,, ,A1
19541125-1,25-NOV-1954,Nord 2501 Noratlas,3/F-SDDX,French AF,2,near Eschau,, ,A1
19541127-0,27-NOV-1954,Short S.25 Sunderland 5,G-ANAK,Aquila Airways,0,Hamble,, ,O1
19541128-0,28-NOV-1954,Douglas C-47A (DC-3),292457/FRAZT,French AF,,,, ,U1
19541130-0,30-NOV-1954,Douglas DC-3A,N17891,Northeast Airlines,2,near Berlin Airpo...,, ,A1
19541202-0,02-DEC-1954,Douglas DC-2-118B,LV-AHI,private,0,Villa Hardin...,, ,A1
19541204-0,04-DEC-1954,Douglas C-47A (DC-3),F-BEIA,"Aigle Azur, op.for Air Laos",28,near Luang Prabang,,,A1
19541205-0,05-DEC-1954,Ilyushin Il-12,CCCP-L1320,Aeroflot / Kazakstan,1,near Alma-Ata,, ,A1
19541206-0,06-DEC-1954,Douglas DC-3-322,N85B,Oklahoma Pipe Line Construction,,Calgary Muni...,, ,O1
19541206-1,06-DEC-1954,Fairchild C-119G Flying Boxcar,52-5921,USAF,0,near Ashiya Air Base,, ,A1
19541208-0,08-DEC-1954,Grumman G-73 Mallard,CF-HPN,Robertson & O'Connell,0,St. John's A...,, ,O1
19541208-1,08-DEC-1954,Douglas C-47 (DC-3), ,Hellenic AF,19,Elefsis Air ...,, ,A1
19541209-0,09-DEC-1954,Lockheed WV-2 Super Constellation,131387,US Navy,0,Johnsville N...,, ,A1
19541210-0,10-DEC-1954,Douglas C-47A (DC-3),YV-C-AGI,LAV,0,Guasdualito ...,, ,A2
19541212-0,12-DEC-1954,Douglas C-47A (DC-3),OK-WDK,CSA,4,near Bratislava-I...,, ,A1
19541214-0,14-DEC-1954,Grumman UF-1G Albatross,2121,US Coast Guard,4,Haines Munic...,, ,A1
19541217-0,17-DEC-1954,Lockheed L-1049E Super Constellatio,CF-TGG,TCAL,0,"Brampton, ON",, ,A1
19541217-1,17-DEC-1954,Lockheed B-34 Lexington,N44M,Miller Brewing Company,4,near Milwaukee-Ge...,, ,A1
19541218-0,18-DEC-1954,Douglas DC-6B,I-LINE,LAI,26,near New York-Idl...,, ,A1
19541218-1,18-DEC-1954,Douglas C-47A (DC-3),YV-C-AMP,LAV,2,near Ciudad Bolivar,, ,A1
19541218-2,18-DEC-1954,Lockheed 18 Lodestar,N711SE,Sangamo Electric Company,2,near White Plains...,, ,A1
19541219-0,19-DEC-1954,Douglas C-47B (DC-3),349089/FRAZY,French AF,,,, ,U1
19541222-0,22-DEC-1954,Douglas C-47A (DC-3),N24320,Johnson Flying Service,10,near Pittsburgh-A...,,,A2
19541222-1,22-DEC-1954,Douglas Dakota IV (DC-3),991,RCAF,,unknown,, ,A1
19541223-0,23-DEC-1954,Lisunov Li-2P,HA-LIF,Malev,0,near Polná,,,A1
19541223-1,23-DEC-1954,Lisunov Li-2P,HA-LII,Malev,0,near Bratronov,,,A1
19541225-0,25-DEC-1954,Boeing 377 Stratocruiser,G-ALSA,BOAC,28,near Glasgow-Pres...,, ,A1
19541226-0,26-DEC-1954,Lockheed 18 Lodestar,CF-FYR,Chelsea Holdings,0,"St. Eugene, ON",, ,O1
19541229-1,29-DEC-1954,Kaiser-Fraser C-119G Flying Boxcar,53-8102,USAF,9,"near Huntsville, AL",, ,A1
19541229-2,29-DEC-1954,Curtiss C-46,HK-459,LIDCA,0,near Barranquilla...,, ,A1
19541231-0,31-DEC-1954,Ilyushin Il-14 ?, ,Aeroflot,17,Irkutsk Airp...,, ,A1
19549999-0,??-???-1954,Douglas R4D-5 (DC-3),CCCP-H417,Polyarnaya Aviatsiya,0,Polar Statio...,, ,A1
19549999-2,??-???-1954,Douglas C-47A (DC-3),C-68,LANSA,,,, ,U1

19540430-1,30-APR-1954,SNCASO SO.30P Bretagne,F-OAMA,Air Laos,0,Saigon-Tan-S...,, ,A1
19540503-0,03-MAY-1954,Lockheed P2V-6 Neptune,126516,US Navy,,near Sinking Spri...,, ,A1
19540504-0,04-MAY-1954,DHC-3 Otter,3670,RCAF,0,Sea Island R...,, ,O1
19540504-1,04-MAY-1954,DHC-3 Otter,3676,RCAF,0,Sea Island R...,, ,O1
19540506-0,06-MAY-1954,Fairchild C-119C Flying Boxcar,149,"French AF, opb Civil Air Transport",5,near Ban Sot,, ,C1
19540506-1,06-MAY-1954,Martin PBM-5 Mariner,59106,US Navy,10,near Carricitos,, ,A1
19540507-0,07-MAY-1954,Lockheed P2V-5 Neptune,128421,US Navy,10,near Nassau,, ,A1
19540508-0,08-MAY-1954,Canadair DC-4M1 North Star,17522,RCAF,0,near RAF North Lu...,, ,A1
19540508-1,08-MAY-1954,Antonov An-2,CCCP-N140,"GUSMP, Directorate of Polar Aviation",0,"N89°09', W90...",, ,A1
19540513-0,13-MAY-1954,Vickers Varsity T.1,WF393,RAF,0,Wigsley RAF ...,, ,A1
19540515-0,15-MAY-1954,Douglas C-47B (DC-3),VT-DGO,Jamair,0,Saugaon,, ,A1
19540517-0,17-MAY-1954,Curtiss C-46A,CU-C556,Cubana,0,Havana-Ranch...,, ,A1
19540521-0,21-MAY-1954,Douglas C-47 (DC-3),F-BEIP,Autrex,3,near Hanoi,,,A1
19540521-1,21-MAY-1954,Martin P5M-1 Marlin,126511,US Navy,4,"near Hawaii, USA",, ,A1
19540522-0,22-MAY-1954,Douglas DC-3D,ZK-AQT,New Zealand National Airways,3,near Paraparaumu ...,,,A1
19540529-0,29-MAY-1954,Douglas C-47A (DC-3),CC-CLH-0184,LAN Chile,0,Porvenir Air...,, ,A1
19540531-0,31-MAY-1954,Douglas C-47A (DC-3),PP-ANO,T.A. Nacionales,19,Serra do Cip...,, ,A1
19540531-2,31-MAY-1954,Douglas C-47A (DC-3),43-48097,USAF,7,Duluth-Willi...,, ,A1
19540603-0,03-JUN-1954,Douglas C-47A (DC-3),OO-CBY,Sabena,1,near Maribor,, ,C2
19540604-0,04-JUN-1954,Curtiss C-46A,PP-VBZ,Varig,3,São Paulo-Co...,, ,A1
19540605-0,05-JUN-1954,Douglas C-47B (DC-3),A65-120,RAAF,0,near Iwakuni MCAS,, ,A1
19540608-0,08-JUN-1954,Douglas C-47 (DC-3),F-BCCL,STAEO,4,Da Nang,, ,A1
19540615-0,15-JUN-1954,Douglas C-54G (DC-4),N30070,Great Lakes Airlines,0,Gage Airport...,, ,A1
19540615-1,15-JUN-1954,Douglas C-47A (DC-3),N51359,Delta Air Lines,0,"Atlanta, GA",, ,A1
19540619-0,19-JUN-1954,Convair CV-240-4,HB-IRW,Swissair,3,near Folkestone,,,A1
19540619-1,19-JUN-1954,Douglas C-47 (DC-3),6014,Mexican AF,22,near Ixtlahuaca,, ,A1
19540620-0,20-JUN-1954,Fairchild C-119C Flying Boxcar,51-8273,USAF,0,near Sint-Truiden,, ,A1
19540621-0,21-JUN-1954,Douglas Dakota IV (DC-3),KN647,RAF,7,near Nairobi,, ,A1
19540621-1,21-JUN-1954,Short Sunderland MR.5,SZ599,RAF,0,near Christmas Is...,, ,A1
19540623-0,23-JUN-1954,Lisunov Li-2,CCCP-I403,MAP Omsk Aviation Plant,4,Sverdlovsk r...,, ,A1
19540625-0,25-JUN-1954,Douglas C-124C Globemaster II,51-7272,USAF,0,Moses Lake-L...,, ,A1
19540625-1,25-JUN-1954,Douglas C-47A (DC-3),XY-ACT,Union of Burma Airways,0,unknown beach,, ,H2
19540626-0,26-JUN-1954,Avro 685 York C.1,G-AGNY,Skyways,3,Kyritz,, ,A1
19540627-0,27-JUN-1954,Convair CV-240-0,N94263,American Airlines,0,Columbus-Por...,,,A2
19540627-1,27-JUN-1954,Boeing KC-97G Stratofreighter,52-2654,USAF,14,near Riverside-Ma...,, ,A1
19540702-0,02-JUL-1954,Douglas C-124C Globemaster II,51-5210,USAF,0,Hopkinsville...,, ,A1
19540703-1,03-JUL-1954,Douglas C-47B (DC-3),476421/FRBDL,French AF,,,, ,U1
19540706-0,06-JUL-1954,Douglas DC-6B,N90773,American Airlines,1,"Cleveland, OH",, ,H2
19540718-0,18-JUL-1954,Short Sunderland MR.5,VB887,RAF,0,near Cheung Chau ...,, ,A1
19540723-0,23-JUL-1954,Douglas C-54A (DC-4),VR-HEU,Cathay Pacific,10,near Hainan Island,, ,C1
19540727-0,27-JUL-1954,Douglas VC-47D (DC-3),43-49515,USAF,,,, ,A1
19540729-0,29-JUL-1954,Fiat G.212CP,G-ANOE,Arabian Desert Airlines,0,Kuwait Inter...,, ,A1
19540730-0,30-JUL-1954,Grumman SA-16A Albatross,51-0066,USAF,0+ 1,Saint Anthon...,, ,A1
19540731-0,31-JUL-1954,Ford 4-AT-B Tri-Motor,N9610,Travelair Taxi,0,Kelleys Isla...,, ,A1
19540803-0,03-AUG-1954,Lockheed L-1049C Super Constellatio,F-BGNA,Air France,0,Preston City...,, ,A1
19540804-0,04-AUG-1954,Vickers Valetta C.1,VX557,RAF,0,Bahrain-Muhu...,, ,A1
19540808-0,08-AUG-1954,Douglas C-47A (DC-3),N91008,Alaska Airlines,2,"near McGrath, AK",,,A1
19540809-0,09-AUG-1954,Lockheed L-749A-79 Constellation,HK-163,Avianca,30,near Terceira-Laj...,, ,A1
19540812-0,12-AUG-1954,Douglas DC-3,F-BSGS,Autrex,3,,, ,A1
19540815-0,15-AUG-1954,Vickers 627 Viking 1B,G-AIXS,Airwork,0,Blackbushe,, ,A1
19540816-0,16-AUG-1954,Bristol 170 Freighter 21E,F-VNAI,Air Vietnam,47,near Pakse,,,A1
19540822-0,22-AUG-1954,Douglas C-47 (DC-3),N61451,Braniff Airways,12,"near Mason City, IA",,,A1
19540823-0,23-AUG-1954,Douglas DC-6B,PH-DFO,KLM,21,"North Sea, 3...",, ,A1
19540824-0,24-AUG-1954,Douglas C-47A (DC-3),A65-50,RAAF,1,Forrest Hill...,,,A1
19540825-0,25-AUG-1954,Lockheed L-749 Constellation,F-BAZI,Air France,0,Gander Airpo...,,,A1
19540825-1,25-AUG-1954,CASA 352 (Ju-52),T.2B-220,Spanish AF,,,, ,U1
19540826-0,26-AUG-1954,Lisunov Li-2,CCCP-L4679,Aeroflot / Far East,26,near Yuzhno-Sakha...,, ,A1
19540829-0,29-AUG-1954,CASA 352 (Ju-52),T.2B-162,Spanish AF,4,Santa Cruz d...,, ,A1
19540830-0,30-AUG-1954,SNCASO SO.30P Bretagne,F-BEHS,Aigle Azur,,Hanoi,, ,A1
19540903-0,03-SEP-1954,Douglas C-47D (DC-3),43-48460,USAF,,near Thule Air Ba...,, ,A1
19540903-1,03-SEP-1954,Lockheed YP2V-7 Neptune,135544,US Navy,,Hollywood-Lo...,, ,A1
19540904-0,04-SEP-1954,Douglas C-47B (DC-3),F-BEIO,Air Outre-Mer,0,Hanoi-Gia La...,, ,A1
19540904-1,04-SEP-1954,Lockheed P2V-5 Neptune,128357,US Navy,1,near Cape Ostrovn...,, ,C1
19540905-0,05-SEP-1954,Lockheed L-1049C-55-81 Super Conste,PH-LKY,KLM,28,near Shannon Airp...,,,A1
19540912-0,12-SEP-1954,Douglas C-47A (DC-3),PP-CDJ,Cruzeiro do Sul,6,near Rio de Janei...,, ,A1
19540912-1,12-SEP-1954,Douglas C-124C Globemaster II,52-1052,USAF,10,near Thule Air Ba...,, ,A1
19540914-0,14-SEP-1954,Lockheed 414-08 Hudson IVA,VH-SML,John Fairfax & Sons,3,Barrington T...,, ,A1
19540915-0,15-SEP-1954,Short Sunderland MR.5,PP122,RAF,0,St. Peter Po...,,,A1
19540915-1,15-SEP-1954,Vickers 634 Viking 1B,SU-AFO,Misrair,3,Cairo-Almaza...,, ,A1
19540916-0,16-SEP-1954,Amiot AAC.1 (Ju-52), ,French AF,8,near Mouzaia,, ,A1
19540920-2,20-SEP-1954,Curtiss C-46D,44-78035,USAF,0,"near Newhall, CA",, ,A1
19540921-0,21-SEP-1954,Consolidated PBY-5A Catalina,HI-24,Dominican Air Force,0,near Isla Catalina,, ,A1
19540921-1,21-SEP-1954,Fairchild C-82A Packet,45-57744,USAF,1,"near Fawnskin, CA",, ,A1
19540922-0,22-SEP-1954,Avro 685 York C.1,G-ANRC,Scottish Airlines,0,London-Stans...,, ,A1
19540922-1,22-SEP-1954,Douglas C-47A (DC-3),348061/FRAZM,French AF,,,, ,U1
19540927-0,27-SEP-1954,Ilyushin Il-12P,CCCP-L1365,Aeroflot / West Siberia,29,near Novosibirsk-...,, ,A1
19540928-0,28-SEP-1954,Martin P5M-1 Marlin,127697,US Navy,12,Sangley Poin...,, ,A1
19540929-0,29-SEP-1954,Douglas C-47D (DC-3),43-49083,USAF,,Nagoya-Komak...,, ,A1
19540929-1,29-SEP-1954,Consolidated C-10A Catalina (PBY-5A,6516,Brazilian AF,2,"Belém, PA",, ,A1
19540930-0,30-SEP-1954,Handley Page Marathon T.2,XA271,RAF,5,near Calne,, ,A1
19541006-0,06-OCT-1954,Fairchild C-119G Flying Boxcar,52-5859,USAF,2,near Fayetteville...,, ,A1
19541008-0,08-OCT-1954,Douglas C-47A (DC-3),TG-AJA,Aviateca,0,Guatemala City,, ,A1
19541011-0,11-OCT-1954,Douglas C-47B (DC-3),L2-10/96,Thai AF,4,Bangkok Inte...,, ,A1
19541013-0,13-OCT-1954,Douglas C-47 (DC-3),AP-AAF,Orient Airways,0,near Skardu,, ,A1
19541014-0,14-OCT-1954,Grumman SA-16 Albatross, ,USAF,0,Goose Bay Ai...,, ,O1
19541014-2,14-OCT-1954,Grumman SA-16 Albatross, ,USAF,0,Goose Bay Ai...,, ,O1
19541016-0,16-OCT-1954,Convair CV-240-6,LV-ADQ,Aerolineas Argentinas,0,near Capilla del ...,, ,A1
19541020-0,20-OCT-1954,Douglas C-47A (DC-3),B-811,Civil Air Transport,6,near Hua Hin,, ,A1
19541020-1,20-OCT-1954,Fairchild C-119C Flying Boxcar,51-2552,USAF,,near Daegu (K-2) ...,, ,A1
19541021-0,21-OCT-1954,Douglas R4D-1 (DC-3),PP-CCP,Cruzeiro do Sul,0,Rio de Janei...,, ,A1
19541024-0,24-OCT-1954,Douglas C-47A (DC-3),43-16044,USAF,21,near Limone Piemo...,, ,A1
19541025-0,25-OCT-1954,Vickers Varsity T.1,WF384,RAF,0,"near Barnaby, Not...",, ,A1
19541025-1,25-OCT-1954,Short Sunderland MR.5,PP155,RAF,4,Tranigigvaag...,, ,A1
19541026-0,26-OCT-1954,Avro Shackleton MR.1,VP256,RAF,0,Ballykelly-R...,, ,A1
19541028-0,28-OCT-1954,Ilyushin Il-12,CCCP-L1789,Aeroflot / Moscow,19,Mount Sivukh...,, ,A1
19541030-0,30-OCT-1954,Lockheed R7V-1 Super Constellation,128441,US Navy,42,"near Maryland, USA",, ,A1
19541031-0,31-OCT-1954,Vickers 720 Viscount,VH-TVA,TAA,3,Mangalore Ai...,,,A1
19541101-0,01-NOV-1954,CASA 352 (Ju-52),T.2-247,Spanish AF,11,near Ronda,, ,A1
19541105-0,05-NOV-1954,Lockheed 18 Lodestar,N9201H,private,1,"near Glastonbury, CT",, ,A1
19541112-0,12-NOV-1954,Lisunov Li-2,CCCP-L4519,Aeroflot / Northern,6,Sverdlovsk-K...,, ,A1
