identifiant,date,type,registration,operator,fat.,location, ,pic,cat

19370103-2,03-JAN-1937,Junkers Ju-52/3m,22-96,HISMA,,,, ,U1
19370120-0,20-JAN-1937,Ford 5-AT-C Tri-Motor,NC422H,DePonti Aviation Company,0,"Sioux City, IA",,,O1
19370126-0,26-JAN-1937,Sabca Savoia-Marchetti S.73P,OO-AGR,Sabena,12,near Oran-es Seni...,, ,A1
19370209-0,09-FEB-1937,Douglas DC-3A-197,NC16073,United Airlines,11,near San Francisc...,,,A1
19370216-2,16-FEB-1937,Junkers Ju-52/3m,22-58,HISMA,,Jarama,, ,C1
19370218-0,18-FEB-1937,Douglas DC-2-112,NC13734,Eastern Air Lines,0,Atlanta Muni...,, ,A1
19370313-2,13-MAR-1937,Junkers Ju-52/3m,22-70,HISMA,,Guadalajara,, ,C1
19370316-0,16-MAR-1937,DH.86 Express,G-ACVZ,Imperial Airways,3,Elsdorf,, ,A1
19370324-0,24-MAR-1937,Short S.23 Empire Flying Boat Mk I,G-ADVA,Imperial Airways,5,near Ouroux,, ,A1
19370325-0,25-MAR-1937,Douglas DC-2-112,NC13730,TWA,13,"near Clifton, PA",, ,A1
19370399-0,??-MAR-1937,Douglas DC-2-115B,EC-AGK,LAPE,,Valencia,, ,A1
19370399-1,??-MAR-1937,Douglas DC-2-115B,EC-AAY,LAPE,,unknown,, ,U1
19370401-0,01-APR-1937,Ford 5-AT-C Tri-Motor,NC8410,Star Air Service,0,Lake Spenard...,, ,A1
19370403-0,03-APR-1937,Douglas DC-3-194B,PH-ALP,KLM,8,"near McNary, AZ",, ,A1
19370406-0,06-APR-1937,Douglas DC-2-115M,EC-BFF,LAPE,0,Santander-La...,, ,C1
19370406-1,06-APR-1937,Junkers Ju-52/3mg3e,33+K39,German AF,,Liegnitz,, ,A1
19370507-0,07-MAY-1937,Douglas C-33 (DC-2),36-81,USAAC,0,near Clay Springs...,, ,A1
19370529-0,29-MAY-1937,Ford 4-AT-B Tri-Motor,NC8404,Private,0,"Belleville, IL",, ,A1
19370531-0,31-MAY-1937,Handley Page HP.42E,G-AAXE,Imperial Airways,0,Karachi,,,O1
19370602-0,02-JUN-1937,Sikorsky S-43,No. 2,Chilean AF,9,near Ancud,, ,A1
19370616-0,16-JUN-1937,Junkers Ju-52/3msai,ZS-AKY,South African Airways,1,Johannesburg...,, ,A1
19370726-2,26-JUL-1937,Junkers Ju-52/3m,22-66,HISMA,,,, ,A1
19370728-0,28-JUL-1937,Douglas DC-2-115L,PH-ALF,KLM,15,near Beert,, ,A1
19370801-0,01-AUG-1937,Junkers Ju-52/3m,XVIII,Eurasia,,Kunming,, ,A1
19370802-0,02-AUG-1937,Sikorsky S-43B,NC15065,Panagra,14,near Cristóbal,, ,A1
19370802-2,02-AUG-1937,Savoia-Marchetti S.73,I-SUSA,Ala Littoria,9,Wadi Halfa A...,, ,A1
19370806-0,06-AUG-1937,Douglas DC-2-152,URSS-M25,Aeroflot / International,6,"near Herina, Bist...",, ,A1
19370808-0,08-AUG-1937,Sikorsky S-43W,NC16930,CNAC,3,Chilang Poin...,, ,A1
19370810-0,10-AUG-1937,Douglas DC-2-112,NC13739,Eastern Air Lines,4,Daytona Beac...,, ,A1
19370814-2,14-AUG-1937,Junkers Ju-52/3m,22-51,HISMA,,,, ,U1
19370821-0,21-AUG-1937,Ford 5-AT-C Tri-Motor,NR9648,Republic Oil Co.,0,"Fairbanks, AK",, ,A1
19370823-0,23-AUG-1937,Douglas DC-2-118A,NC14298,Panagra,3,"near San Luis, SL",, ,A1
19370914-2,14-SEP-1937,Junkers Ju-52/3m,22-61,HISMA,,Sariñena (Hu...,, ,C1
19370927-0,27-SEP-1937,Curtiss T-32C Condor II,NC12364,Private,0,New York-Flo...,,,O1
19370927-1,27-SEP-1937,Curtiss AT-32B Condor II,NC12394,American Airlines,0,New York-Flo...,, ,O1
19370927-2,27-SEP-1937,Curtiss AT-32D Condor II,NC12397,American Airlines,0,,, ,O1
19370928-0,28-SEP-1937,Ford 5-AT-B Tri-Motor,LG-AAE,TACA Guatemala,,near Puerto Cabezas,, ,A1
19371001-0,01-OCT-1937,Short S.23 Empire Flying Boat Mk I,G-ADVC,Imperial Airways,3,Faliro Bay,, ,A1
19371006-0,06-OCT-1937,Douglas DC-3-194B,PH-ALS,KLM,4,Palembang-Ta...,,,A1
19371015-2,15-OCT-1937,Junkers Ju-52/3m,22-62,HISMA,,,, ,U1
19371017-0,17-OCT-1937,Douglas DC-3A-197,NC16074,United Airlines,19,"near Knight, WY",, ,A1
19371025-0,25-OCT-1937,Junkers Ju-52/3m,S2+PO,German AF,,Tutow,, ,A1
19371027-0,27-OCT-1937,Dewoitine D.333,F-ANQA,Air France,6,near El Jadida,, ,A1
19371116-0,16-NOV-1937,Junkers Ju-52/3mge,OO-AUB,Sabena,11,near Stene Airfield,, ,A1
19371123-0,23-NOV-1937,Douglas DC-2-115D,SP-ASJ,LOT,6,Pirin Mountains,, ,A1
19371126-0,26-NOV-1937,Junkers Ju-52/3mfe,D-AGAV,Deutsche Lufthansa,3,London-Croyd...,, ,A1
19371199-0,??-NOV-1937,Junkers Ju-52/3mge,D-AFYV,DVL,,Roggentin,, ,A1
19371205-0,05-DEC-1937,Short S.23 Empire Flying Boat Mk I,G-ADUZ,Imperial Airways,2,Brindisi,, ,A1
19371208-0,08-DEC-1937,Potez 621,F-AOTZ,Air France,2,"Valence, Drôme",, ,A1
19371215-0,15-DEC-1937,Junkers Ju-52/3mce,CB-18,LAB,8,near Sorata,, ,A1
