identifiant,date,type,registration,operator,fat.,location, ,pic,cat

19761216-1,16-DEC-1976,DHC-6 Twin Otter 100,C-FAJB,Airwest Airlines,0,Juan de Fuca...,, ,A1
19761216-2,16-DEC-1976,Convair CV-880,N5865,Air Trine Inc,0,Miami Intern...,,,A1
19761216-3,16-DEC-1976,Yakovlev Yak-40,CCCP-87638,Aeroflot / Ukraine,5,near Zaporozhye A...,, ,A1
19761217-0,17-DEC-1976,Antonov An-24,CCCP-46722,Aeroflot / Ukraine,48,near Kiev-Zhulhya...,, ,A1
19761217-1,17-DEC-1976,Yakovlev Yak-40,CCCP-88208,Aeroflot / East Siberia,7,near Ust-Kut Airport,, ,A1
19761218-0,18-DEC-1976,Ilyushin Il-14RR,CCCP-61752,Aeroflot / Far East,8,near Yuzhno-Sakha...,, ,A1
19761221-0,21-DEC-1976,Lockheed C-130H Hercules,5-8536,Iran AF,9,near Shiraz Airpo...,, ,A1
19761221-1,21-DEC-1976,DC-8, ,United Airlines,0,San Francisc...,, ,H2
19761221-2,21-DEC-1976,Antonov An-22A,CCCP-09318,Soviet AF,7,near Seshcha,, ,A1
19761225-0,25-DEC-1976,Boeing 707-366C,SU-AXA,EgyptAir,52+ 19,near Bangkok-Don ...,,,A1
19761227-0,27-DEC-1976,Fairchild C-82A Packet,CP-983,Transportes Aéreos Itenez,6,San Ramón Ai...,,,A1
19761227-2,27-DEC-1976,Lockheed 18 Lodestar,N260H,private,0,Sinaloa de L...,, ,A1
19761230-0,30-DEC-1976,Douglas C-54A (DC-4),OB-R-247,Faucett,24,near Trujillo Air...,,,A1
19761230-1,30-DEC-1976,BN-2A-3 Islander,PK-KNC,Bali Int. Air Service,,Mara,, ,U1
19761299-0,??-DEC-1976,Ilyushin Il-18V,LZ-BEL,Balkan Bulgarian,,Tashkent Air...,,,O1
19769999-0,??-???-1976,Convair CV-440-86,CP-1008,Servicio Aéreo San Francisco,,,, ,U1
19769999-3,??-???-1976,Tupolev Tu-154,CCCP-85020,Aeroflot / International,0,Kiev-Borispo...,, ,A1
19769999-4,??-???-1976,Tupolev Tu-104A,CCCP-42371,Aeroflot / East Siberia,,Kiev-Borispo...,, ,A1
19769999-5,??-???-1976,Antonov An-2R,SP-WCH,WSK Okecie,,,, ,U1
19769999-6,??-???-1976,Antonov An-2R,SP-WMP,ZUA,,,, ,U1
19769999-8,??-???-1976,Douglas DC-3C,CF-DXO,Kenting Aviation,,unknown,, ,U1
19769999-9,??-???-1976,Antonov An-12B,CCCP-11103,Aeroflot / Northern,,unknown,, ,U1

19760101-0,01-JAN-1976,DC-10-30,LN-RKA,SAS,0,København-Ka...,, ,A2
19760101-1,01-JAN-1976,Boeing 720-023B,OD-AFT,MEA,81,near Al Qaysumah,,,C1
19760102-0,02-JAN-1976,DC-10-30CF,N1031F,"ONA, op.for Saudi Arabian",0,Istanbul-Yes...,,,A1
19760103-0,03-JAN-1976,Learjet 24A,N651LJ,Winship Air Services,6,near Anchorage In...,, ,A1
19760103-1,03-JAN-1976,Tupolev Tu-124V,CCCP-45037,Aeroflot / North Kavkaz,61+ 1,near Moskva-Vnuko...,, ,A1
19760105-0,05-JAN-1976,DC-8-61,JA8043,JAL,0,Manila Airpo...,, ,H2
19760106-0,06-JAN-1976,BN-2A-3 Islander,5Y-AUA,Caspair,,Kimba Ngoron...,, ,A2
19760107-0,07-JAN-1976,Vickers 806 Viscount,PK-RVK,Mandala Airlines,0,Manado-Samra...,, ,A1
19760108-0,08-JAN-1976,BN-2A-21 Islander,RP-C2135,Philippine Aerotransport,7,Mactan Island,, ,A1
19760113-0,13-JAN-1976,Antonov An-24B,CCCP-47280,Aeroflot / Uralsk,0,near Leningrad-Sm...,, ,A1
19760114-0,14-JAN-1976,North American-Rockwell Sabreliner ,N85,FAA,1,"near Recife, PE",, ,A1
19760115-0,15-JAN-1976,Douglas C-54A (DC-4),HK-172,El Venado,13,near Chipaque,, ,A1
19760117-1,17-JAN-1976,Handley Page HPR-7 Herald 401,FM1025,Royal Malaysian AF,0,Kuala Lumpur...,, ,A1
19760118-1,18-JAN-1976,Douglas C-47 (DC-3),CP-573,Frigorifico Maniqui,7,near San Borja-Ca...,, ,A1
19760120-0,20-JAN-1976,Hawker Siddeley HS-748,HC-AUE/683,TAME Ecuador,34,near Loja,, ,A1
19760121-0,21-JAN-1976,Antonov An-24,B-492,CAAC,40,near Changsha-Hua...,, ,A1
19760122-0,22-JAN-1976,Dassault Falcon 20C,154/F-RAFK,French AF,5,Rambouillet,, ,A1
19760122-1,22-JAN-1976,Embraer EMB-110C Bandeirante,PT-TBD,Transbrasil,7,Chapecó Airp...,, ,A1
19760122-2,22-JAN-1976,Shin Meiwa PS-1,5805,Japanese Navy,,,, ,A1
19760123-0,23-JAN-1976,Hawker Siddeley HS-748,PK-IHD,Bouraq Indonesia,0,Palu Airport...,, ,A1
19760127-0,27-JAN-1976,Douglas DC-6A,XA-RIO,Aerotécnicos Asociados de México,4,near Cozumel Airp...,, ,A1
19760129-0,29-JAN-1976,Douglas C-47D,T.3-32,Spanish AF,,,, ,A1
19760130-0,30-JAN-1976,Ilyushin Il-18V,CCCP-75558,Aeroflot / Kyrgyzstan,6,near Frunze Airpo...,, ,A1
19760202-0,02-FEB-1976,Douglas C-49J (DC-3),CF-HPM,Atlantic Central Airlines,0,Saint John A...,, ,O1
19760204-1,04-FEB-1976,Douglas DC-6A/B,HK-1389,LAC Colombia,3,Santa Marta,,,A1
19760206-0,06-FEB-1976,Learjet 24D,I-AMME,Estramed,0,near Bari-Palese ...,, ,A1
19760206-1,06-FEB-1976,Boeing KC-135A,60-0368,USAF,7,near Cabanillas,,,A1
19760208-0,08-FEB-1976,Douglas YC-112A-DO (DC-6),N901MA,Mercer Airlines,3,near Los Angeles-...,,,A1
19760209-0,09-FEB-1976,Tupolev Tu-104A,CCCP-42327,Aeroflot / West Siberia,24,Irkutsk Airp...,, ,A1
19760209-1,09-FEB-1976,Antonov An-24RV,YR-AMC,Tarom,0,Bacau Airpor...,,,A1
19760216-0,16-FEB-1976,Douglas C-47A (DC-3),TT-LAG,Chad AF,,Faya Airport...,,,A1
19760222-0,22-FEB-1976,Grumman G-1159 Gulfstream II,N397F,Fabergé,0,Burlington I...,, ,A1
19760224-0,24-FEB-1976,DHC-6 Twin Otter 200,C-FBQJ,Gateway Aviation,2,Yellowknife ...,, ,A1
19760225-0,25-FEB-1976,Curtiss C-46D,AN-AOC,LANICA,0,Managua-Las ...,,,A1
19760229-0,29-FEB-1976,Saunders ST-27,HK-1286,ACES,1,Medellín-Enr...,, ,H2
19760301-0,01-MAR-1976,VEB 14P,YR-ILO,Tarom,6,near Sibiu Airpor...,,,A1
19760302-2,02-MAR-1976,IAI Arava 201,TAM-76,TAM,19,within Southeastern...,, ,A1
19760306-0,06-MAR-1976,Ilyushin Il-18E,CCCP-75408,Aeroflot / Armenia,111,near Verkhnyaya K...,, ,A1
19760310-0,10-MAR-1976,Antonov An-24RV,CCCP-46613,Aeroflot / Privolzhsk,0,Saratov Airp...,, ,A1
19760312-0,12-MAR-1976,Lockheed L-188AF Electra,N401FA,Great Northern Airlines,0,Udrivik Lake...,, ,A1
19760313-0,13-MAR-1976,Fokker F-27 Friendship 600,9Q-CLO,Air Zaire,0,Gago Coutinho,,,A1
19760316-1,16-MAR-1976,Beech 99A,N7997R,Command Airways,0,Poughkeepsie...,, ,A1
19760317-0,17-MAR-1976,Curtiss C-46A,AN-BGU,LANICA,0,Puerto Cabez...,, ,U1
19760318-0,18-MAR-1976,Antonov An-24V,CU-T879,Cubana,5,near Havana,, ,A1
19760318-1,18-MAR-1976,Douglas DC-8-43,CU-T1200,"Air Canada, op.for Cubana",0,near Havana-José ...,,,A1
19760319-0,19-MAR-1976,Yakovlev Yak-40S2,YK-AQC,Syrian Arab Airlines,0,Beirut Inter...,, ,C1
19760324-0,24-MAR-1976,Ilyushin Il-14LIK,CCCP-61756,Aeroflot / Kazakstan,6,near Ashgabat Air...,, ,A1
19760324-1,24-MAR-1976,Douglas C-47B (DC-3),XW-TDR,Royal Air Lao,0,Vientiane-Wa...,,,O1
19760324-2,24-MAR-1976,Douglas C-47A (DC-3),XW-TDF,Royal Air Lao,0,Vientiane-Wa...,, ,O1
19760324-3,24-MAR-1976,Douglas C-47A (DC-3),XW-TAF,Royal Air Lao,0,Vientiane-Wa...,,,O1
19760324-4,24-MAR-1976,Douglas C-54A (DC-4),XW-PNI,Royal Air Lao,0,Vientiane-Wa...,,,O1
19760324-5,24-MAR-1976,Douglas R5D-1 (DC-4),XW-PNF,Royal Air Lao,0,Vientiane-Wa...,,,O1
19760324-6,24-MAR-1976,Douglas C-54A (DC-4),XW-PND,Royal Air Lao,0,Vientiane-Wa...,, ,O1
19760325-0,25-MAR-1976,Lockheed L-1329 JetStar I,N1EfM,International Air Service,4,Chicago-Midw...,,,A1
19760402-2,02-APR-1976,Douglas C-47 (DC-3),FAC-676,SATENA,5,near Puerto Asis,, ,A1
19760405-0,05-APR-1976,Boeing 727-81,N124AS,Alaska Airlines,1,Ketchikan In...,,,A1
19760407-0,07-APR-1976,BAC One-Eleven, ,Philippine Air Lines,0,Benghazi,, ,H2
19760409-0,09-APR-1976,Lockheed 18 Lodestar,N64E,The Connecticut National Bank,2,"Brighton, FL",, ,A1
19760409-1,09-APR-1976,Antonov An-2,YR-ANF,Aviatia Utilitara,2,near Cobadin,, ,A1
19760411-0,11-APR-1976,Antonov An-2TP,CCCP-09675,Aeroflot / East Siberia,,near Kazachinsk,, ,A1
19760414-0,14-APR-1976,Avro 748-105 Srs. 1,LV-HHB,YPF,34,"near Cutral-Có , NE",, ,A1
19760417-0,17-APR-1976,Antonov An-2SX,CCCP-33170,Aeroflot / Uzbekistan,,near Kursk,, ,A1
19760422-0,22-APR-1976,Boeing 720-022,N37777,US Global of Florida,0,near Barranquilla...,,,A1
19760422-1,22-APR-1976,Antonov An-2R,CCCP-01626,"Aeroflot, Moscow SPiMVL",0,near Tula,, ,A1
19760423-0,23-APR-1976,Douglas C-47A (DC-3),ET-AAS,Ethiopian Airlines,,Massawa Airp...,, ,U1
19760424-0,24-APR-1976,Boeing 727-59,HK-1400,Avianca,0,Bogotá-Eldor...,, ,H2
19760427-0,27-APR-1976,A.W. AW-660 Argosy C.1,XR105,RAF,2,Boscombe Dow...,, ,A1
19760427-1,27-APR-1976,Boeing 727-95,N1963,American Airlines,37,Saint Thomas...,,,A1
19760427-2,27-APR-1976,DHC-3 Otter,N35310,Horizon Air Service,0,"Upolu Point, HI",, ,A1
19760428-0,28-APR-1976,DHC-4 Caribou,5X-AAB,Uganda Police,0,Entebbe Airp...,, ,A1
19760430-0,30-APR-1976,DC-10-10,TC-JAY,THY,0,Paris-Orly A...,, ,H2
19760502-1,02-MAY-1976,Convair CV-640,7T-VAH,Air Algérie,0,Djanet-Inedb...,, ,U1
19760502-2,02-MAY-1976,Douglas DC-6BF,YS-35C,TACA,0,Rubelsanto A...,, ,A1
19760503-0,03-MAY-1976,DHC-6 Twin Otter 300,C-GDHA,de Havilland Canada,11,near Monze,,,A1
19760505-0,05-MAY-1976,BN-2A-21 Islander,RP-C2140,Philippine Aerotransport,4,Camuigan,, ,A2
19760505-1,05-MAY-1976,Dornier Do 28D-1 Skyservant,9Q-CDZ,Danzer Zaïre,1,near Kisangani,, ,A1
19760509-0,09-MAY-1976,Boeing 747-131F,5-8104,Iran AF,17,near Madrid,,,A1
19760513-0,13-MAY-1976,DHC-6 Twin Otter 200,N1456T,ERA Helicopters,0,Fairbanks In...,, ,O1
19760514-0,14-MAY-1976,DHC-3 Otter,CF-PNV,La Ronge Aviation Services,0,"Lynn Lake, MB",, ,A1
19760515-0,15-MAY-1976,Antonov An-24RV,CCCP-46534,Aeroflot / Ukraine,52,near Chernigov,, ,A1
19760516-0,16-MAY-1976,Antonov An-2SX,CCCP-79935,Aeroflot / Kazakstan,1,near Semipalatinsk,, ,A1
19760519-0,19-MAY-1976,Antonov An-2R,CCCP-03547,Aeroflot / Armenia,0,near Alaverdi,, ,A1
19760519-2,19-MAY-1976,Lockheed L-1049H Super Constellatio,N468C,F & B Livestock,0,Belize City,,,A1
19760520-1,20-MAY-1976,Curtiss C-46, ,Air Haiti,0,Nassau Inter...,, ,A2
19760520-2,20-MAY-1976,Douglas C-47 (DC-3),CF-FKZ,Survair,,Asbestos Hil...,,,A1
19760523-0,23-MAY-1976,Antonov An-2,LZ-...,Unknown,2,Charmanli,, ,A1
19760523-1,23-MAY-1976,BAC One-Eleven 527FK,RP-C1161,Philippine Air Lines,13,Zamboanga Ai...,,,H1
19760531-0,31-MAY-1976,Douglas C-47B (DC-3),ET-ADC,Ethiopian Airlines,,Massawa Airp...,, ,A1
19760601-0,01-JUN-1976,CASA C-212 Aviocar 100,T.12B-11,Spanish AF,,,, ,A1
19760601-2,01-JUN-1976,Tupolev Tu-154A,CCCP-85102,Aeroflot / International,45,Macías Nguem...,, ,A1
19760604-0,04-JUN-1976,Lockheed L-188A Electra,RP-C1061,Air Manila Int.,45+ 1,near Guam-Agana N...,,,A1
19760606-0,06-JUN-1976,GAF Nomad N.22B,9M-ATZ,Sabah Air,11,near Kota Kinabal...,, ,A1
19760606-1,06-JUN-1976,Lisunov Li-2,CCCP-13345,MAP Zhukovski,4,Kama River,, ,A1
19760607-1,07-JUN-1976,DC-10-30,HB-IHH,Swissair,0,Kinshasa-N'D...,, ,A2
19760609-0,09-JUN-1976,Antonov An-2,CCCP-23743,Aeroflot / Magadan,0,near Anadyr,, ,A1
19760611-0,11-JUN-1976,Douglas C-47A (DC-3),PP-AJC,RICO,3,between Paua...,, ,A1
19760612-0,12-JUN-1976,Antonov An-2R,CCCP-32464,Aeroflot / East Siberia,5,near Nizhneangars...,, ,A1
19760620-0,20-JUN-1976,Antonov An-2R,CCCP-70819,Aeroflot / Privolzhsk,2,Engels distr...,, ,A1
19760623-0,23-JUN-1976,DC-9-31,N994VJ,Allegheny Airlines,0,Philadelphia...,,,A1
19760626-0,26-JUN-1976,Antonov An-2,CCCP-70764,Aeroflot / Privolzhsk,1,Kazan,, ,A1

19760627-0,27-JUN-1976,Boeing 720-047B,OD-AGE,MEA,1,Beirut Inter...,,,C1
19760627-1,27-JUN-1976,Airbus A300B4-203,F-BVGG,Air France,0,Entebbe Airp...,, ,H2
19760627-2,27-JUN-1976,Antonov An-2R,CCCP-70481,Aeroflot / Ukraine,1,"Amangeldy, K...",, ,A1
19760629-0,29-JUN-1976,Learjet 24D,XB-JOY,Construcciones Protexa,4,near Mexico City,, ,A1
19760630-0,30-JUN-1976,Antonov An-2R,CCCP-70531,Aeroflot / Central Region,3,within Valikhanovsk...,, ,A1
19760702-0,02-JUL-1976,Lockheed L-188A Electra,N5531,Eastern Air Lines,0,Boston-Logan...,, ,C1
19760703-0,03-JUL-1976,Douglas C-47 (DC-3), ,Burmese AF,17,near Daiku,, ,A1
19760706-0,06-JUL-1976,Boeing 727, ,Libyan Arab Airlines,0,Palma de Mal...,, ,H2
19760711-0,11-JUL-1976,Antonov An-2,CCCP-62439,Aeroflot / Ukraine,0,Sivash Lagoon,, ,A1
19760714-0,14-JUL-1976,Lisunov Li-2,CCCP-13369,MAP Kazan APO,0,Tashkent-Yuz...,, ,A1
19760715-0,15-JUL-1976,Antonov An-2P,CCCP-05840,Aeroflot / West Siberia,0,near Barnaul,, ,A1
19760717-1,17-JUL-1976,Tupolev Tu-104A,CCCP-42335,Aeroflot / East Siberia,0,near Chita Airpor...,, ,A1
19760722-0,22-JUL-1976,Volpar Turboliner II,N600WA,Winship Air Services,5,near Dutch Harbor...,, ,A1
19760723-0,23-JUL-1976,Antonov An-2R,CCCP-35088,"Aeroflot, Moscow SPiMVL",,near Sokol'skoye,, ,A1
19760723-1,23-JUL-1976,DHC-3 Otter,C-FODP,Ontario Ministry of Natural Res.,0,"Nym Lake, ON",, ,A1
19760724-0,24-JUL-1976,Fokker F-27 Friendship 100,VT-DMD,Indian Airlines,0,Bhubaneswar ...,, ,A1
19760726-0,26-JUL-1976,Antonov An-2R,CCCP-07285,Aeroflot / North Kavkaz,0,near Astrakhan,, ,A1
19760728-0,28-JUL-1976,BN-2A Islander,CS-AJQ,TAP Regional,0,Covilhã Airp...,,,A1
19760728-1,28-JUL-1976,Ilyushin Il-18V,OK-NAB,CSA,76,near Bratislava-I...,, ,A1
19760802-1,02-AUG-1976,Boeing 707-373C,HL7412,KAL,5,near Tehran-Mehra...,,,A1
19760803-0,03-AUG-1976,BN-2 Defender,304,Oman AF,1,near Salalah,, ,A1
19760803-1,03-AUG-1976,Antonov An-2R,CCCP-70190,Aeroflot / Central Region,,near Popovka,, ,A1
19760806-0,06-AUG-1976,GAF Nomad N.24,[VH-SUZ],GAF,2,Avalon Airpo...,, ,A1
19760807-0,07-AUG-1976,Dassault Falcon 20C,N888AR,Hansa Jet Corp.,3,near Chilpancingo,, ,A1
19760809-0,09-AUG-1976,Hawker Siddeley HS-748,FAC-1101,SATENA,0,Bogotá-Eldor...,, ,A2
19760809-2,09-AUG-1976,Douglas C-54E (DC-4),T.4-11,Spanish AF,12,Vejer de la ...,, ,A1
19760813-0,13-AUG-1976,Antonov An-24B,CCCP-47734,Aeroflot / Kazakstan,0,Guryev Airpo...,, ,A1
19760815-0,15-AUG-1976,Vickers 785D Viscount,HC-ARS,SAETA,59,Chimborazo V...,,,A1
19760816-0,16-AUG-1976,Boeing 720-047B,HK-723,Avianca,0,Mexico City-...,,,A1
19760816-1,16-AUG-1976,Beech 99,N200WP,Bar Harbor Airlines,0,near Bar Harbor A...,, ,A1
19760818-0,18-AUG-1976,DHC-3 Otter,C-FMPW,RCMP,0,Ile à la Cro...,, ,A1
19760821-1,21-AUG-1976,Convair CV-880,N48060,Airtrust Singapore,0,Singapore-Se...,, ,A1
19760823-0,23-AUG-1976,Boeing 737-266, ,EgyptAir,0,Luxor Airpor...,, ,H2
19760827-0,27-AUG-1976,Antonov An-2V,CCCP-79852,Aeroflot / Tyumen,0,near Beryozovo,, ,A1
19760828-0,28-AUG-1976,Canadair CC-106 Yukon (CL-44),OB-R-1104,Aeronaves del Peru,6,near Shanisu River,,,A1
19760828-1,28-AUG-1976,SE-210 Caravelle III,F-BSGZ,Air France,1,Ho Chi Minh ...,,,H1
19760828-2,28-AUG-1976,Lockheed C-141A-LM Starlifter,67-0006,USAF,18,Peterborough,, ,A1
19760828-3,28-AUG-1976,Lockheed C-141A-LM Starlifter,67-0008,USAF,23,Kangerlussua...,,,A1
19760902-0,02-SEP-1976,DC-9-15,XA-SOF,Aeroméxico,0,Léon Airport...,,,A1
19760903-0,03-SEP-1976,Lockheed C-130H Hercules,7772,Venezuela AF,68,near Terceira-Laj...,,,A1
19760904-0,04-SEP-1976,DHC-3 Otter,CF-MIT,Austin Airways,10,Abitibi Cany...,, ,A1
19760904-1,04-SEP-1976,DC-9-33RC,PH-DNM,KLM,0,Larnaca Airp...,, ,H2
19760904-2,04-SEP-1976,BN-2A-3 Islander,VQ-SAC,Air Mahé,0,Praslin Island,, ,A1
19760907-0,07-SEP-1976,Boeing 707-328,F-BHSH,Air France,0,Ajaccio-Camp...,,,C1
19760907-1,07-SEP-1976,Douglas C-47 (DC-3),C-GKFC,Kelowna Flightcraft,0,"near Brockett, BC",, ,A1
19760907-2,07-SEP-1976,U-1A Otter (DHC-3),1011,Nicaraguan AF,1,La Piragua,, ,A1
19760908-0,08-SEP-1976,Canadair CL-215,UD.13-07,Spanish AF,3,near Pontevedra,, ,A1
19760909-0,09-SEP-1976,Antonov An-24RV,CCCP-46518,Aeroflot / Belarus,46,near Anapa [Black...,, ,A1
19760909-1,09-SEP-1976,Yakovlev Yak-40,CCCP-87772,Aeroflot / North Kavkaz,18,near Anapa [Black...,, ,A1
19760910-0,10-SEP-1976,Hawker Siddeley HS-121 Trident 3B,G-AWZT,British Airways,63,near Vrbovec,,,A1
19760910-1,10-SEP-1976,DC-9-32,YU-AJR,Inex-Adria Aviopromet,113,near Vrbovec,,,A1
19760910-2,10-SEP-1976,Boeing 727, ,TWA,0,"Gander, Reyk...",, ,H2
19760910-3,10-SEP-1976,Boeing 737-200, ,Indian Airlines,0,Lahore Airpo...,, ,H2
19760915-0,15-SEP-1976,Lockheed SP-2E Neptune,0644/2-P-103,Argentine Navy,11,Livingston I...,, ,A1
19760916-0,16-SEP-1976,Curtiss C-46D,HK-1282,Aerosucre Colombia,2,near Aruba,,,A1
19760917-0,17-SEP-1976,Douglas C-47A (DC-3),VT-AXC,Madhya Pradesh Government,0,Bhopal Airpo...,, ,A1
19760919-0,19-SEP-1976,Boeing 727-2F2,TC-JBH,THY,154,near Isparta,,,A1
19760922-0,22-SEP-1976,DHC-6 Twin Otter 100,C-FAWF,Airwest Airlines,1,near Mosher Creek...,, ,A1
19760923-0,23-SEP-1976,Douglas C-47A (DC-3),L2-40/15,Thai AF,,Sakon Nakhon...,, ,A1
19760926-0,26-SEP-1976,Boeing KC-135A,61-0296,USAF,15,"near Alpena, MI",, ,A1
19760926-1,26-SEP-1976,Learjet 25C,PT-IBR,Banco Real,7,near São Paulo-Vi...,, ,A1
19760926-2,26-SEP-1976,Grumman G-1159 Gulfstream II,N500J,Johnson & Johnson,11,Hot Springs-...,,,A1
19760926-3,26-SEP-1976,Antonov An-2P,CCCP-79868,Aeroflot / West Siberia,1+ 4,Novosibirsk,, ,C1
19760999-0,??-SEP-1976,Douglas C-53-DO (DC-3),T.3-57,Spanish AF,,Madrid-Cuatr...,, ,U1
19761002-0,02-OCT-1976,Antonov An-2T,CCCP-01226,Aeroflot / East Siberia,0,"near Khoito-Gol, ...",,,A1
19761004-0,04-OCT-1976,Douglas DC-7CF,TZ-ARC,Emirates Air Transport,4,near Nairobi,,,A1
19761006-0,06-OCT-1976,Douglas DC-8-43,CU-T1201,Cubana,73,near Bridgetown I...,,,C1
19761012-0,12-OCT-1976,SE-210 Caravelle VI-N,VT-DWN,Indian Airlines,95,Bombay-Santa...,, ,A1
19761013-0,13-OCT-1976,Boeing 707-131F,N730JP,"Jet Power, op.for LAB",3+ 88,near Santa Cruz-E...,,,A1
19761013-1,13-OCT-1976,Douglas DC-6B,ET-AAZ,Ethiopian Airlines,0,Asmara Inter...,, ,A1
19761013-2,13-OCT-1976,Beech A100 King Air,XB-NUV,Unknown,5,near San Luis Potosi,, ,A1
19761025-0,25-OCT-1976,Douglas C-47 (DC-3),HK-149,El Venado,36,near El Yopal Air...,, ,A1
19761028-0,28-OCT-1976,Embraer EMB-110C Bandeirante,PT-TBA,Nordeste Linhas Aéreas,2,near Petrolina In...,, ,A1
19761028-1,28-OCT-1976,DHC-4A Caribou,301,Abu Dhabi AF,,Radum,, ,A1
19761028-2,28-OCT-1976,Ilyushin Il-18, ,CSA,0,Munich,, ,H2
19761030-0,30-OCT-1976,Ilyushin Il-18V,CCCP-75575,Aeroflot / Uzbekistan,0,Tashkent Air...,, ,A1
19761030-1,30-OCT-1976,Convair CV-440-88,N985,OMCO Petroleum Co.,0,Cairo Intern...,, ,A1
19761102-0,02-NOV-1976,Antonov An-2R,SP-WNP,ZUA,,Rychnów,, ,A1
19761104-0,04-NOV-1976,Fokker F-27 Friendship 100,PK-KFR,Bali Int. Air Service,29,near Banjarmasin-...,, ,A1
19761104-1,04-NOV-1976,Tupolev Tu-134A,SP-LHD,LOT,0,Wien-Schwech...,, ,H2
19761105-0,05-NOV-1976,Douglas DC-3,HP-671,Inair Panama,2,between Cura...,, ,A1
19761112-1,12-NOV-1976,Cessna 500 Citation I,PT-KIU,Taxi Aéreo Jaragua,0,Rio de Janei...,, ,A1
19761112-2,12-NOV-1976,Dassault Falcon 20E,N27R,Reynolds Tobacco,0,Naples Airpo...,,,A1
19761112-3,12-NOV-1976,Douglas C-47 (DC-3),BJ922,Indian AF,,,, ,A1
19761116-0,16-NOV-1976,DC-9-14,N9104,Texas International,0,Denver-Stapl...,,,A1
19761118-0,18-NOV-1976,Howard 250,N519DW,Depositor Canales,2,Villa de Cas...,, ,A1
19761119-0,19-NOV-1976,CASA C-212-A2 Aviocar 100,6516,Portuguese AF,2,near Lisboa-Porte...,, ,A1
19761121-0,21-NOV-1976,Lockheed L-100-20 Hercules,C-FPWX,Pacific Western,5,near Kisangani,,,A1
19761122-0,22-NOV-1976,Shorts SC.7 Skyvan 3-200,A4O-SI,Gulf Air,0,near Das Island,, ,A1
19761122-1,22-NOV-1976,MBB HFB-320ECM Hansa Jet,16+22,German AF,5,Schwabmünchen,,,A1
19761123-2,23-NOV-1976,NAMC YS-11A-500,SX-BBR,Olympic Airways,50,near Kozani-Phili...,,,A1
19761123-3,23-NOV-1976,Douglas C-47 (DC-3),CP-755,Aerolineas La Paz,0,La Paz-El Al...,, ,A1
19761128-1,28-NOV-1976,Tupolev Tu-104B,CCCP-42471,Aeroflot / Northern,72,near Moskva-Shere...,, ,A1
19761130-2,30-NOV-1976,Douglas C-117B (DC-3),N2010,U.S. Department of Agriculture,5,near Victoria,, ,A1
19761204-0,04-DEC-1976,Lockheed C-130H Hercules,CN-AOB,Moroccan AF,,near Laayoune-Has...,,,C1
19761207-0,07-DEC-1976,Yakovlev Yak-40,CCCP-87756,Aeroflot / Ukraine,0,near Armavir,, ,A1
19761209-0,09-DEC-1976,Howard 500,N80BD,Red River Ranch,2,Yosemite Nat...,, ,A1
19761210-2,10-DEC-1976,Douglas C-47A (DC-3),CF-IAX,Austin Airways,0,Chisasibi Ai...,,,A1
19761212-1,12-DEC-1976,DHC-6 Twin Otter 300,N101AC,"Allegheny Commuter, opb Atlantic City Airlines",4,Wildwood-Cap...,, ,A1
19761214-0,14-DEC-1976,Douglas C-47B (DC-3),ET-AEJ,Ethiopian Airlines,0,Oborso,, ,A1
