identifiant,date,type,registration,operator,fat.,location, ,pic,cat

19210115-0,15-JAN-1921,Aeromarine 75, ,Aeromarine Airways,0,Havana harbour,, ,O1
19210302-0,02-MAR-1921,Handley Page O/7,G-IAAC,HP Indo-Burmese Transport,0,Meerut,, ,O1
19210304-0,04-MAR-1921,Caproni Ca.60 Noviplano, ,Caproni,0,Lago Maggiore,,,A1
19210826-0,26-AUG-1921,Farman F.60 Goliath,O-BLAN,SNETA,0,near Calais [The ...,, ,A2
19210927-0,27-SEP-1921,Farman F.60 Goliath,O-BRUN,SNETA,0,Evere Airfield,, ,O1
19210927-1,27-SEP-1921,Farman F.60 Goliath,O-BLEU,SNETA,0,Evere Airfield,, ,O1
19211230-0,30-DEC-1921,Handley Page O/10,G-EATM,Handley Page Transport,,Berck-sur-Mer,, ,U1
