identifiant,date,type,registration,operator,fat.,location, ,pic,cat

19730921-0,21-SEP-1973,Grumman HU-16E Albatross,2123,US Coast Guard,6,Gulf of Mexico,, ,A1
19730923-0,23-SEP-1973,SE-210 Caravelle III,7T-VAI,Air Algérie,0,Algiers-Dar ...,,,A1
19730924-0,24-SEP-1973,Lockheed L-1049H Super Constellatio,N566E,Holy Nation of Islam Inc,0,Gary Regiona...,, ,A1
19730925-0,25-SEP-1973,Rockwell 1121B Jet Commander,N200RC,Continental Jet Corp.,0,Tampa Intern...,, ,O1
19730925-1,25-SEP-1973,Learjet 25,N40LB,Lisa Jet,3,"Lincoln, NE",, ,A1
19730927-1,27-SEP-1973,Convair CV-600,N94230,Texas International,11,Black Fork M...,,,A1
19730927-2,27-SEP-1973,Douglas C-47B (DC-3),43-6022,Turkish AF,,Ankara-Etime...,, ,A1
19730929-0,29-SEP-1973,SE-210 Caravelle VI-R,EC-BBR,Iberia,0,Madrid-Baraj...,,,O1
19730929-1,29-SEP-1973,Douglas C-47A (DC-3),PT-CEV,Aeronorte,5,Itaituba Air...,, ,A1
19730930-1,30-SEP-1973,Tupolev Tu-104B,CCCP-42506,Aeroflot / Uzbekistan,108,near Sverdlovsk-K...,, ,A1
19731002-0,02-OCT-1973,Antonov An-12TB,CCCP-12967,Aeroflot / Yakutsk,10,near Magadan,, ,A1
19731002-1,02-OCT-1973,DC-9, ,KLM,0,Amsterdam-Sc...,, ,H2
19731002-2,02-OCT-1973,Douglas C-47 (DC-3),T.3-25,Spanish AF,,,, ,A1
19731004-0,04-OCT-1973,BN-2A-7 Islander,PT-DVN,Taxi Aéreo Cesar Aguiar,8,"Itaituba, PA",, ,A1
19731005-0,05-OCT-1973,Antonov An-2,CCCP-04340,Aeroflot / Tyumen,0,"Mt. Khuuta, ...",, ,A1
19731010-0,10-OCT-1973,Boeing 727, ,Mexicana,0,Mexico City,, ,H2
19731010-1,10-OCT-1973,Lisunov Li-2,CCCP-71209,Aeroflot / Turkmenistan,5,Tashauz Airp...,, ,A1
19731011-0,11-OCT-1973,BAC One-Eleven, ,Philippine Air Lines,0,Hong Kong-Ka...,, ,H2
19731011-1,11-OCT-1973,Antonov An-2,CCCP-70880,Aeroflot / Armenia,0,near Goris,, ,A1
19731012-0,12-OCT-1973,DH-125-1A,XA-COL,Avionas Banamex,8,Acapulco-Alv...,, ,A1
19731013-0,13-OCT-1973,Tupolev Tu-104B,CCCP-42486,Aeroflot / Georgia,122,near Moskva-Domod...,, ,A1
19731015-0,15-OCT-1973,DHC-6 Twin Otter 300,9N-ABG,Royal Nepal Airlines,0,Lukla Airpor...,, ,A1
19731015-1,15-OCT-1973,Lockheed C-130E Hercules,62-1845,USAF,7,Sugar Loaf M...,, ,A1
19731015-2,15-OCT-1973,Douglas C-47 (DC-3), ,Royal Cambodian Air Force,0,Pnom Penh-Po...,, ,C1
19731016-0,16-OCT-1973,Boeing 707-327C,OD-AFX,TMA,0,Bombay-Santa...,, ,A2
19731018-0,18-OCT-1973,Boeing 727-228,F-BPJC,Air France,1,Marseille-Ma...,, ,H2
19731020-0,20-OCT-1973,Boeing 727-14,XA-SEN,Mexicana,0,near Mazatlán-Gen...,, ,A1
19731020-2,20-OCT-1973,Boeing 737-287C,LV-JNE,Aerolineas Argentinas,0,Yacuiba Airp...,, ,H2
19731023-1,23-OCT-1973,NAMC YS-11A-211,PP-SMJ,VASP,8,near Rio de Janei...,, ,A1
19731025-0,25-OCT-1973,Avia 14-32A,OK-MCV,CSA,,Brno-Turany ...,, ,O1
19731025-1,25-OCT-1973,Douglas DC-6A,N614SE,Span East Airlines,0,Biscayne Bay...,,,A1
19731025-2,25-OCT-1973,Antonov An-2R,CCCP-01609,Aeroflot / Uralsk,0,near Nyrob,, ,A1
19731026-0,26-OCT-1973,Curtiss C-46F,HK-1383,Aerocosta Colombia,0,"near Cartagena, C...",, ,A1
19731027-0,27-OCT-1973,Antonov An-2P,CCCP-70408,Aeroflot / West Siberia,0,Kolpashevo,, ,A1
19731028-0,28-OCT-1973,Boeing 737-222,N751N,Piedmont Airlines,0,Greensboro/H...,, ,A2
19731029-0,29-OCT-1973,BN-2A-6 Islander,N37JA,Sun Island Air Services,4,Mount Gimie,, ,A1
19731031-0,31-OCT-1973,DC-9-14, ,AVENSA,0,Caracas,, ,H2
19731101-0,01-NOV-1973,Grumman HU-16B Albatross,251,Chilean Navy,3,near Quilpé,, ,A1
19731102-0,02-NOV-1973,Handley Page HPR-7 Herald 101,HK-718,La Urraca,6,Villavicenci...,, ,A1
19731102-1,02-NOV-1973,Yakovlev Yak-40, ,Aeroflot,2,Moscow,, ,H2
19731103-0,03-NOV-1973,DC-10-10,N60NA,National Airlines,1,"near Socorro, NM",,,A2
19731103-1,03-NOV-1973,Boeing 707-321C,N458PA,Pan Am,3,Boston-Logan...,,,A1
19731104-0,04-NOV-1973,Antonov An-2,CCCP-41978,Aeroflot / East Siberia,0,near Kirensk,, ,A1
19731104-1,04-NOV-1973,C-7A Caribou (DHC-4), ,Vietnam Air Force - VNAF,29,near Bu Prang Camp,, ,A1
19731105-0,05-NOV-1973,SE-210 Caravelle VI-R,EC-BIA,Iberia,0,Madrid-Baraj...,, ,O1
19731112-0,12-NOV-1973,Nord 262B-11,F-BLHT,Rousseau Aviation,0,near Craon,,,A1
19731116-0,16-NOV-1973,Grumman C-2A Greyhound,152787,US Navy,7,near Chania-Soúda...,, ,A1
19731117-0,17-NOV-1973,Douglas C-47B (DC-3),XV-NIE,Air Vietnam,27,near Quang Ngai,, ,A1
19731120-0,20-NOV-1973,Tupolev Tu-124V,CCCP-45031,Aeroflot / Moscow,0,Kazan Airpor...,, ,A1
19731121-0,21-NOV-1973,Douglas R4D-8 (Super DC-3),17171,US Navy,0,Sólheimasandur,,,A1
19731123-0,23-NOV-1973,Douglas C-47 (DC-3),MM61832,Italian AF,4,Porto Marghera,, ,A1
19731125-0,25-NOV-1973,Boeing 747-206B,PH-BUA,KLM,0,Dubai Airpor...,, ,H2
19731127-0,27-NOV-1973,Vickers Varsity T.1,WF411,RAF,0,Little Rissi...,, ,A1
19731127-1,27-NOV-1973,DC-9-32,N3323L,Delta Air Lines,0,Chattanooga ...,, ,A1
19731127-2,27-NOV-1973,DC-9-31,N8967E,Eastern Air Lines,0,Akron/Canton...,,,A1
19731128-0,28-NOV-1973,Shorts SC.7 Skyvan 3-200,N40DA,Delaware Air Freight,0,Huntsville-M...,,,O1
19731128-1,28-NOV-1973,Antonov An-2R,SP-WCB,WSK Okecie,,Sadow,, ,A1
19731129-0,29-NOV-1973,Avia 14T,3155,Czechoslovak AF,3,near Veszprém-Sze...,, ,A1
19731201-0,01-DEC-1973,DC-8-62CF,HB-IDK,Swissair,0,Genève-Coint...,, ,H2
19731203-0,03-DEC-1973,DHC-6 Twin Otter 100,8R-GCP,Guyana Airways,3,Kurupung,, ,A1
19731203-1,03-DEC-1973,Douglas DC-3,XW-PHV,Air Union,0,near Phnom Penh A...,, ,A1
19731203-2,03-DEC-1973,DHC-4A Caribou,803,Oman AF,,Tawi Atair,, ,A1
19731204-0,04-DEC-1973,BAC One-Eleven 521FH,LV-JNR,Austral Lineas Aéreas,0,Bahía Blanca...,,,A1
19731207-0,07-DEC-1973,Curtiss C-46D,CP-910,TAI,0,Santa Ana,, ,A1
19731207-1,07-DEC-1973,Tupolev Tu-104B,CCCP-42503,Aeroflot / Georgia,16,Moskva-Domod...,, ,A1
19731211-0,11-DEC-1973,Douglas R6D-1 (DC-6),131615,US Navy,10,Great Sitkin...,, ,A1
19731212-0,12-DEC-1973,Dassault Falcon 20C,LN-FOE,Fred Olsen Flyveselskap,0,near Norwich Airp...,,,A1
19731213-1,13-DEC-1973,Douglas DC-7B,CP-1048,Frigorificos Movima,0,Trinidad Air...,, ,A1
19731213-2,13-DEC-1973,Douglas C-47A (DC-3),4W-ABR,Yemen Airlines,,Taiz-Al Jana...,, ,A1
19731215-0,15-DEC-1973,Curtiss C-46,XW-PKK,Air Union,0,Phnom Penh A...,, ,A1
19731215-1,15-DEC-1973,Lockheed L-1049H Super Constellatio,N6917C,Aircraft Pool Leasing Corp.,3+ 6,near Miami Intern...,,,A1
19731216-1,16-DEC-1973,Tupolev Tu-124V,CCCP-45061,Aeroflot / Lithuania,51,near Karacharovo,, ,A1
19731217-0,17-DEC-1973,Boeing 737-130,D-ABEY,Lufthansa,1,Kuwait Inter...,, ,H2
19731217-1,17-DEC-1973,Curtiss C-46A,CC-COA,T.A. Suravia,3,near Aysén,, ,A1
19731217-2,17-DEC-1973,DC-10-30,EC-CBN,Iberia,0,Boston-Logan...,,,A1
19731217-3,17-DEC-1973,Boeing 707-321B,N407PA,Pan Am,30,Roma-Fiumici...,,,C1
19731219-0,19-DEC-1973,Antonov An-2TP,CCCP-40521,Aeroflot / Uralsk,2,near Sanatorny,, ,A1
19731220-0,20-DEC-1973,Boeing 707-330B,D-ABOT,Lufthansa,0,near Delhi-Palam ...,, ,A1
19731221-0,21-DEC-1973,Convair CV-440-62,TAM-47,TAM,6,Talara,, ,A1
19731221-1,21-DEC-1973,Yakovlev Yak-40,CCCP-87629,Aeroflot / Armenia,0,Yerevan-Ereb...,, ,A1
19731222-0,22-DEC-1973,Lockheed 414-08-10 Hudson IV,VH-AGX,Adastra Airways,0,Horn Island ...,, ,A1
19731222-1,22-DEC-1973,SE-210 Caravelle VI-N,OO-SRD,"Sobelair, op.for RAM",106,near Tangier-Bouk...,,,A1
19731223-0,23-DEC-1973,Tupolev Tu-124V,CCCP-45044,Aeroflot / Moscow,17,near Vinniki,, ,A1
19731223-1,23-DEC-1973,SE-210 Caravelle VI-R,PP-PDV,Cruzeiro do Sul,0,Manaus/Ponta...,, ,A1
19731224-0,24-DEC-1973,Antonov An-2V,CCCP-32448,Aeroflot / Krasnoyarsk,1,near Khantaiskoye...,, ,A1
19731227-0,27-DEC-1973,Douglas C-54B (DC-4),HK-1027,Avianca,0,Cartagena Ai...,,,O1
19731227-1,27-DEC-1973,Douglas DC-3A,N19428,"Florida National Airways, op.for Shawnee Airlines",0,near West Palm Be...,, ,A1
19731228-0,28-DEC-1973,Douglas C-49E (DC-3DST-144),ZS-DAK,Executive Funds,1,near Durban-Louis...,,,A1
19731229-0,29-DEC-1973,Nord 262A-24,F-BNTT,Rousseau Aviation,,Dole,,,A1
19731229-1,29-DEC-1973,Douglas C-53D-DO (DC-3),EM-3,"China Airlines, op.for Air America",0,Dalat/Cam-Ly,, ,A1
19739999-0,??-???-1973,Douglas C-47A (DC-3),YV-C-AFO,LAV,,,, ,A1
19739999-2,??-???-1973,Douglas C-47B (DC-3),N481F,Ray Geophysical,0,near Tombouctou,,,A1

19730518-1,18-MAY-1973,Convair CV-580, ,AVENSA,0,,, ,H2
19730519-1,19-MAY-1973,Douglas C-47A (DC-3),XW-TDM,Air Union,11,near Svay Rieng A...,, ,C1
19730520-0,20-MAY-1973,Antonov An-2R,CCCP-55798,Aeroflot / Ukraine,1,Starobeshevo...,, ,A1
19730525-0,25-MAY-1973,Tupolev Tu-104, ,Aeroflot,,Southern Sib...,, ,H2
19730528-0,28-MAY-1973,Fokker F-27 Friendship 200,AP-AUW,PIA,0,Lyallpur,,,A1
19730529-0,29-MAY-1973,Douglas C-47A (DC-3),CF-QBB,Air Gaspé,4,near Rimouski Air...,, ,A1
19730530-0,30-MAY-1973,Lockheed L-188A Electra,HK-1274,SAM Colombia,0,Buenos Aires...,, ,H2
19730531-0,31-MAY-1973,Boeing 737-2A8,VT-EAM,Indian Airlines,48,near Delhi-Indira...,, ,A1
19730599-0,??-MAY-1973,DHC-4A Caribou,802,Oman AF,,,, ,A1
19730599-1,??-MAY-1973,BN-2A Islander,TR-LOC,Air Gabon,,,, ,U1
19730601-1,01-JUN-1973,SE-210 Caravelle VI-N,PP-PDX,Cruzeiro do Sul,23,São Luíz-Mar...,, ,A1
19730601-2,01-JUN-1973,Douglas DC-3-313,HI-117,Aerovias Quisqueyana,,Santiago,,,U1
19730603-0,03-JUN-1973,Tupolev Tu-144S,CCCP-77102,Tupolev,6+ 8,Goussainville,,,A1
19730607-0,07-JUN-1973,Vickers 785D Viscount,HK-1061,Aerolíneas TAO,0,Bogotá-Eldor...,,,A1
19730609-0,09-JUN-1973,Boeing 707-327C,PP-VLJ,Varig,2,Rio de Janei...,, ,A1
19730609-1,09-JUN-1973,Lockheed L-1049H Super Constellatio,N173W,Aircraft Specialties,3,near Casey Airpor...,, ,A1
19730609-2,09-JUN-1973,Consolidated PBY-5A Catalina,HK-1020,Lineas Aéreas Interiores de Catalina,1,near Villavicenci...,, ,A1
19730610-0,10-JUN-1973,Convair CV-440,N999JZ,Air Cambodge,0,Phnom Penh-P...,, ,O1
19730610-1,10-JUN-1973,DHC-6 Twin Otter, ,Royal Nepal Airlines,0,Bihar,, ,H2
19730617-0,17-JUN-1973,Convair CV-240-0,CX-BHS,ARCO,0,Colonia Airp...,, ,A1
19730618-0,18-JUN-1973,Learjet 24B,D-IHLZ,private ,4,Wilhelmshave...,, ,A1
19730620-0,20-JUN-1973,DC-8-63,N863F,ONA,0,Bangor Inter...,, ,A2
19730620-1,20-JUN-1973,DC-9-15,XA-SOC,Aeroméxico,27,near Puerto Valla...,,,A1
19730621-0,21-JUN-1973,DC-8-53,CF-TIJ,Air Canada,0,Toronto Inte...,, ,O1
19730621-1,21-JUN-1973,Douglas DC-7CF,N296,"Skyways Int., op.for Warnaco Inc",3,near Miami Intern...,, ,A1
19730621-2,21-JUN-1973,Antonov An-2R,CCCP-09228,Aeroflot / Krasnoyarsk,2,near Abakan,, ,A1
19730622-0,22-JUN-1973,Howard 350,N10TP,International Fruit & Produce Co.,,near Iloilo,, ,A1
19730623-0,23-JUN-1973,DC-8-61CF,N8960T,"Loftleidir, lsf Seaboard World",0,New York-Joh...,, ,A2
19730625-0,25-JUN-1973,Antonov An-2R,CCCP-32558,Aeroflot / East Siberia,0,near Irkutsk,, ,A1
19730630-0,30-JUN-1973,Tupolev Tu-134A,CCCP-65668,Aeroflot / Armenia,2+ 7,Amman-Marka ...,, ,A1
19730699-0,??-JUN-1973,BN-2A Islander,CF-XZS,Arctic Air,,,, ,U1
19730699-1,??-JUN-1973,BN-2A Islander,TR-LOD,Air Gabon,,,, ,U1
19730702-0,02-JUL-1973,U-1A Otter (DHC-3),0-53327,Khmer Air Force,0,unknown,, ,A1
19730703-0,03-JUL-1973,SE-210 Caravelle VI-N,VT-DPO,Indian Airlines,0,Bombay-Santa...,, ,A1
19730704-0,04-JUL-1973,Boeing 737-287,LV-JTO,Aerolineas Argentinas,0,Havana-José ...,, ,H2
19730704-1,04-JUL-1973,Ilyushin Il-14,CCCP-91534,Aeroflot / Far East,18,near Shakhtersk,, ,A1
19730704-2,04-JUL-1973,Nord 2502F Noratlas,6410,Portuguese AF,,Toto,, ,A1
19730704-3,04-JUL-1973,Antonov An-2,LZ-...,Unknown,1,Gorna Oryakh...,, ,A1
19730705-0,05-JUL-1973,Hawker Siddeley HS-748,HK-1408,Avianca,0+ 3,Bucaramanga-...,, ,A1
19730705-1,05-JUL-1973,Douglas C-47B (DC-3),5H-AAK,East African Airways,0,Mbeya Airpor...,, ,A1
19730707-0,07-JUL-1973,C-7 Caribou (DHC-4), ,Vietnam Air Force - VNAF,14,near Phu Quoc,, ,A1
19730709-1,09-JUL-1973,Tupolev Tu-124V,CCCP-45062,Aeroflot / Privolzhsk,2,near Kuybyshev Ai...,, ,A2
19730710-0,10-JUL-1973,Curtiss C-46F,N1312V,Fairbanks Air Service,0,Beluga Airpo...,,,A1
19730711-0,11-JUL-1973,Boeing 707-345C,PP-VJZ,Varig,123,near Paris-Orly A...,,,A1
19730711-1,11-JUL-1973,BN-2A Islander,HP-570,Unknown,10,Cerro Majé,, ,A1
19730712-0,12-JUL-1973,Boeing B-17G,N620L,Aircraft Specialities Corp.,2,"Eureka, NV",, ,A1
19730714-0,14-JUL-1973,SE-210 Caravelle VI-R,OY-SAN,Sterling Airways,0,Stockholm-Ar...,, ,A1
19730714-1,14-JUL-1973,Douglas DC-6B,OB-R-920,Faucett,,near Tambillo,, ,A1
19730716-0,16-JUL-1973,Douglas C-47 (DC-3),5U-AAC,Air Niger,,Tofamanir,, ,U1
19730717-0,17-JUL-1973,Convair CV-640,HB-IMM,SATA,0,Tromsø/Langn...,,,A1
19730719-0,19-JUL-1973,Lockheed EC-121K Super Constellatio,145936,US Navy,0,Atsugi NAS (...,, ,O1
19730720-0,20-JUL-1973,Fokker F-27 Friendship 100,VT-DMD,Indian Airlines,0,Calcutta Air...,, ,A2
19730720-1,20-JUL-1973,Antonov An-2SX,CCCP-79827,Aeroflot / Azerbaijan,1,Saatli district,, ,A1
19730722-0,22-JUL-1973,Boeing 707-321B,N417PA,Pan Am,78,near Papeete-Faaa...,,,A1
19730723-0,23-JUL-1973,Boeing 747-246B,JA8109,JAL,0,Benghazi-Ben...,,,H1
19730723-1,23-JUL-1973,Fairchild FH-227B,N4215,Ozark Air Lines,38,near Saint Louis-...,, ,A1
19730725-0,25-JUL-1973,Canadair CL-215,F-ZBBM,Securité Civile,2,Bastia,, ,A1
19730726-0,26-JUL-1973,Antonov An-2R,CCCP-35559,Aeroflot / North Kavkaz,0,near Ordzhonikidze,, ,A1
19730727-1,27-JUL-1973,Boeing 727-61,N127,FAA,0,"near Yukon, OK",, ,A2
19730728-0,28-JUL-1973,Hawker Siddeley HS-748,XA-SAB,SAESA,0,near Acapulco Int...,, ,A1
19730731-0,31-JUL-1973,DC-9-31,N975NE,Delta Air Lines,88,Boston-Logan...,,,A1
19730802-0,02-AUG-1973,Antonov An-2R,CCCP-70807,Aeroflot / North Kavkaz,0,Shakhty,, ,A1
19730802-1,02-AUG-1973,Antonov An-2R,CCCP-33242,Aeroflot / Far East,0,near Chumikan,, ,A1
19730805-0,05-AUG-1973,Lockheed L-1049 Super Constellation,N6202C,Happy Hours Air Travel Club,0,"Tamarac, FL",,,A1
19730807-0,07-AUG-1973,Douglas C-47 (DC-3),HJ916,Indian AF,,,, ,U1
19730808-0,08-AUG-1973,Boeing 727-171C,N1728T,Braniff Airways,0,"near Washington, DC",, ,A2
19730808-1,08-AUG-1973,Yakovlev Yak-40,CCCP-87790,Aeroflot / Arkhangelsk,1,Arkhangelsk ...,, ,A1
19730811-0,11-AUG-1973,Fokker F-27 Friendship 500,F-BSUM,Air France,0,Strasbourg-E...,,,A2
19730813-0,13-AUG-1973,SE-210 Caravelle 10R,EC-BIC,Aviaco,85,near La Coruña Ai...,,,A1
19730813-1,13-AUG-1973,Antonov An-2,CCCP-23722,Aeroflot / Magadan,0,"near Uelen, Chukotka",, ,A1
19730814-0,14-AUG-1973,DHC-6 Twin Otter 100,CF-WWP,Kenting Atlas Aviation,0,"near Eureka, NU",, ,A1
19730815-0,15-AUG-1973,BN-2A-6 Islander,N38JA,Turks & Caicos Airways,10,Dondon,, ,A1
19730815-1,15-AUG-1973,Breguet SP-13A Atlantic,257,Dutch Navy,0,near Wassenaar,,,A1
19730816-0,16-AUG-1973,Boeing 720-023B,OD-AFR,MEA,0,Tel Aviv-Lod...,, ,H2
19730816-1,16-AUG-1973,Antonov An-2V,CCCP-41373,Aeroflot / Krasnoyarsk,0,Kotui River,, ,A1
19730818-0,18-AUG-1973,Antonov An-24B,CCCP-46435,Aeroflot / Azerbaijan,56,near Baku-Bina In...,, ,A1
19730821-0,21-AUG-1973,SE-210 Caravelle III,YV-C-AVI,AVENSA,0,Barquisimeto...,, ,A1
19730822-0,22-AUG-1973,Douglas DC-3A-228F,HK-111,Avianca,16,near El Yopal,, ,A1
19730825-0,25-AUG-1973,Fokker F-27 Friendship 600,5-209,Iran AF,5,near Chalus,, ,A1
19730825-1,25-AUG-1973,Douglas DC-6, ,Yemen Airlines,0,Kuwait Inter...,, ,H2
19730827-1,27-AUG-1973,Lockheed L-188A Electra,HK-777,Aerocondor de Colombia,42,near Bogotá-Eldor...,,,A1
19730828-0,28-AUG-1973,Lockheed C-141A Starlifter,63-8077,USAF,24,"near Huete, Cunenca",,,A1
19730829-0,29-AUG-1973,Antonov An-2R,CCCP-28954,Aeroflot / East Siberia,0,"near Nerkha, Nizh...",, ,A1
19730829-1,29-AUG-1973,Tupolev Tu-104A,OK-MDE,CSA,0,Nicosia Airp...,,,A1
19730830-0,30-AUG-1973,Antonov An-2TD,SP-DNK,APRL,,Katowice,, ,A1
19730830-1,30-AUG-1973,Antonov An-2TP,CCCP-09649,Aeroflot / Krasnoyarsk,0,near Kyzyl,, ,A1
19730831-0,31-AUG-1973,Beech 99,F-BSRZ,Avia Taxi France,0,Auvers,,,A1
19730903-0,03-SEP-1973,Grumman SA-16A Albatross (HU-16),AD.1-5,Spanish AF,0,near Las Palmas,, ,A1
19730904-0,04-SEP-1973,Howard 250,N669M,Oliver B. Cannon & Sons,3,Pecos City A...,, ,A1
19730905-0,05-SEP-1973,Boeing 727-121C,XV-NJC,Air Vietnam,0,near Bangkok,, ,O2
19730906-0,06-SEP-1973,Fairchild F-27,PI-C875,Air Manila Int.,0,Daet Airport...,,,A1
19730908-0,08-SEP-1973,DC-8-63CF,N802WA,World Airways,6,"near Cold Bay, AK",,,A1
19730908-1,08-SEP-1973,Antonov An-2,CCCP-41913,Aeroflot / West Siberia,3,Tomsk-Bogash...,, ,A1
19730910-0,10-SEP-1973,Convair CV-990,N7876,California Airmotive Corp.,0,Guam-Agana N...,, ,A1
19730910-1,10-SEP-1973,Lockheed Hercules C.1 (C-130K),XV198,RAF,5,Colerne RAF ...,, ,A1
19730911-1,11-SEP-1973,SE-210 Caravelle VI-N,YU-AHD,JAT,41,near Titograd,,,A1
19730912-0,12-SEP-1973,Douglas DC-3,XW-PKD,Lane Xang Airlines,0,Kampot Airpo...,, ,A1
19730914-0,14-SEP-1973,Lockheed 18 Learstar I,N211W,Media Aviation,0,near Santa Lucía ...,, ,A1
19730915-0,15-SEP-1973,Antonov An-2R,CCCP-32213,Aeroflot / Privolzhsk,0,Samarkand re...,, ,A1
19730917-0,17-SEP-1973,Antonov An-24B,BNMAU-4206,MIAT,,within Hovd Province,, ,A1

19730102-0,02-JAN-1973,Boeing 707-321C,CF-PWZ,Pacific Western,5,near Edmonton Int...,,,A1
19730102-1,02-JAN-1973,NAMC YS-11, ,Piedmont Airlines,0,Baltimore/Wa...,, ,H2
19730104-0,04-JAN-1973,Convair, ,Pacific Western,0,Vancouver In...,, ,H2
19730114-0,14-JAN-1973,Ilyushin Il-14,644,CAAC,29,near Guiyang,, ,A1
19730119-1,19-JAN-1973,Douglas C-47B (DC-3),PK-EHC,Trans Nusantara,0,Pontianak-Su...,, ,A1
19730119-2,19-JAN-1973,Vickers 802 Viscount,G-AOHI,BEA,4,near Glasgow,,,A1
19730120-1,20-JAN-1973,Higgins Boat Co. C-46A-1-HI,CP-749,SAB,,Reyes,, ,U1
19730121-0,21-JAN-1973,Antonov An-24B,CCCP-46276,Aeroflot / North Kavkaz,39,"near Petukhovo, B...",, ,A1
19730122-0,22-JAN-1973,Boeing 707-3D3C,JY-ADO,"Alia, op.for Nigeria Airways",176,Kano Interna...,,,A1
19730122-1,22-JAN-1973,Douglas C-47 (DC-3), ,Indonesian AF,4,near Pontianak Ai...,, ,A1
19730125-0,25-JAN-1973,Curtiss C-46A,CF-HQI,Reindeer Air Service,0,Sachs Harbou...,, ,A1
19730127-0,27-JAN-1973,Douglas DC-6A,HR-TNO,TAN,3,near Tegucigalpa,, ,A1
19730128-0,28-JAN-1973,Lockheed LC-130R Hercules,155917,US Navy,0,South Pole S...,, ,A1
19730129-0,29-JAN-1973,Ilyushin Il-18D,SU-AOV,EgyptAir,37,near Nicosia Airp...,, ,A1
19730129-1,29-JAN-1973,Douglas C-47 (DC-3),PP-SQA,VASP,,Rondonopolis...,, ,A1
19730130-1,30-JAN-1973,DC-9-21,LN-RLM,SAS,0,Oslo-Fornebu...,,,A1
19730203-0,03-FEB-1973,Douglas C-47 (DC-3),IJ341,Indian AF,,,, ,U1
19730205-0,05-FEB-1973,DHC-6 Twin Otter 200,OH-KOA,Kar-Air Finland,0,near Pudasjärvi,,,A1
19730205-1,05-FEB-1973,Douglas EC-47Q,43-48636,USAF,8,near Saravan,, ,C1
19730206-0,06-FEB-1973,Douglas C-47B (DC-3),CF-HTH,Nordair,0,Montreal-Dor...,, ,O1
19730206-1,06-FEB-1973,Lisunov Li-2, ,Soviet AF,4,near Provideniya ...,, ,A1
19730209-0,09-FEB-1973,Fairchild C-123K Provider,374,Air America,3,near Thakhet East,, ,C1
19730212-0,12-FEB-1973,Douglas C-47A (DC-3),CF-OOV,Kenting Atlas Aviation,0,near Iqaluit Airp...,, ,A1
19730217-0,17-FEB-1973,Antonov An-12BP,CCCP-11341,Aeroflot / Polar,0,Amderma Airp...,, ,A1
19730219-1,19-FEB-1973,Tupolev Tu-154,CCCP-85023,Aeroflot / International,66,near Praha-Ruzyne...,, ,A1
19730221-0,21-FEB-1973,Learjet 24,N100SQ,Air Taxis,2,Detroit-Will...,, ,A1
19730221-1,21-FEB-1973,Boeing 727-224,5A-DAH,Libyan Arab Airlines,108,near Isma'iliya,,,C1
19730221-2,21-FEB-1973,Douglas C-47A (DC-3),HP-560,Aerovias Urraca,22,Cerro Horqueta,,,A1
19730221-3,21-FEB-1973,Curtiss C-46A,N10427,Joanne Fashions,2,near Barrancaberm...,,,A1
19730223-0,23-FEB-1973,Douglas DC-3F,ZK-AOI,Southern Air Super,1,Seddon,, ,A1
19730223-1,23-FEB-1973,C-115 Buffalo (DHC-5),2372,Brazilian AF,3,Manaus Air B...,, ,A1
19730224-0,24-FEB-1973,Ilyushin Il-18V,CCCP-75712,Aeroflot / Tajikistan,79,near Ura-Tube,, ,A1
19730226-0,26-FEB-1973,Learjet 24,N454RN,Machinery Buyers Corp,7,near Atlanta-DeKa...,,,A1
19730228-0,28-FEB-1973,DHC-6 Twin Otter 100,PK-NUC,Merpati Nusantara,13,near Nabire,, ,A1
19730228-1,28-FEB-1973,Yakovlev Yak-40,CCCP-87602,Aeroflot / Kazakstan,32,Semipalatins...,, ,A1
19730228-2,28-FEB-1973,Antonov An-24V,012,Polish AF,18,near Szczecin-Gol...,, ,A1
19730228-3,28-FEB-1973,DHC-5D Buffalo, ,Peruvian AF,12,near San Ramón,, ,A1
19730301-0,01-MAR-1973,Fairchild AC-119K Stinger,53-7839,Vietnam Air Force - VNAF,1,near Vietnam coast,,,A1
19730302-0,02-MAR-1973,Douglas C-47 (DC-3),N6574,Arute International,0,San Salvador...,, ,A1
19730302-1,02-MAR-1973,Douglas C-54E (DC-4),0540/5-T-3,Argentine Navy,,"Ushuaia, TF",, ,A1
19730303-1,03-MAR-1973,Ilyushin Il-18V,LZ-BEM,Balkan Bulgarian,25,Moskva-Shere...,,,A1
19730305-1,05-MAR-1973,Convair CV-990,EC-BJC,Spantax,0,"near La Plance, n...",,,A2
19730305-2,05-MAR-1973,DC-9-32,EC-BII,Iberia,68,"near La Plance, n...",,,A1
19730305-3,05-MAR-1973,SE-210 Caravelle 10R,EC-BID,Aviaco,3,near Funchal Airp...,,,A1
19730306-0,06-MAR-1973,Antonov An-12AP,CCCP-11994,Aeroflot,,Graham Bell ...,, ,A1
19730306-1,06-MAR-1973,Antonov An-2T,CCCP-93467,Aeroflot / Uralsk,0,near Serov,, ,A1
19730307-0,07-MAR-1973,Sabreliner 40,N9503Z,Ziegler Inc,2,"Blaine, MN",, ,A1
19730307-1,07-MAR-1973,Fairchild C-123K Provider,524,Air America,4,near Ban Hong Sa,, ,A1
19730307-2,07-MAR-1973,Antonov An-2R,CCCP-70816,Aeroflot / Central Region,0,near Smolensk,, ,A1
19730308-0,08-MAR-1973,Boeing KC-135A,63-7989,USAF,2,Columbus-Loc...,,,A1
19730308-1,08-MAR-1973,Douglas C-47J (DC-3),0-50781,US Army,14,"Silk Hope, NC",, ,A1
19730309-0,09-MAR-1973,MBB HFB-320 Hansa Jet,N320MC,Golden West Airlines,0,Phoenix-Sky ...,,,A1
19730309-1,09-MAR-1973,Antonov An-2,CCCP-01262,Aeroflot / Tyumen,3,near Kondinskoye,, ,A1
19730315-0,15-MAR-1973,Lockheed P-3B Orion,152749,US Navy,5,near Brunswick-NA...,, ,A1
19730315-1,15-MAR-1973,HAL-748,VT-EAU,Indian Airlines,3+ 1,near Hyderabad-Be...,, ,A1
19730316-0,16-MAR-1973,U-1A Otter (DHC-3),0-53323,Khmer Air Force,0,Phnom Penh-P...,, ,A1
19730319-1,19-MAR-1973,Douglas C-54D (DC-4),XV-NUI,Air Vietnam,58,near Buon Me Thuo...,, ,C1
19730322-0,22-MAR-1973,Curtiss C-46A,CP-969,Air Bolivia,,Cerro Picon,, ,A1
19730324-0,24-MAR-1973,Antonov An-2,CCCP-05670,Aeroflot / Far East,2,near Ozyornaya,, ,A1
19730326-0,26-MAR-1973,DHC-6 Twin Otter 100,N7705,Air Central,1,Champaign-Wi...,, ,A1
19730329-0,29-MAR-1973,Morane Saulnier (FMA) MS.760 Paris ,E-213,Argentine AF,2,Villa Reynol...,, ,A1
19730329-1,29-MAR-1973,Morane Saulnier (FMA) MS.760 Paris ,E-217,Argentine AF,2,Villa Reynol...,, ,A1
19730331-0,31-MAR-1973,Douglas DC-3D,6169,Portuguese AF,0,Cuito Canaval,, ,C1
19730402-0,02-APR-1973,Lockheed P-2H Neptune,141250,US Navy,,South Weymou...,, ,A1
19730403-1,03-APR-1973,Lockheed L-1049 Super Constellation,N6906C,Aircraft Airframe Inc,0,"Miami, FL",,,A1
19730406-0,06-APR-1973,Curtiss C-46R-1,CP-801,Frigorificos Movima,,,, ,A1
19730406-1,06-APR-1973,Antonov An-2R,CCCP-05820,Aeroflot / Lithuania,0,near Vilnius,, ,A1
19730410-1,10-APR-1973,Vickers 952 Vanguard,G-AXOP,Invicta Int. Airways,108,near Basel/Mulhou...,,,A1
19730412-0,12-APR-1973,Convair CV-990,N711NA,NASA,11,near Mountain Vie...,, ,A1
19730412-1,12-APR-1973,Lockheed P-3C Orion,157332,US Navy,5,near Moffett Fiel...,, ,A1
19730413-0,13-APR-1973,Rockwell Sabreliner 60,N743R,Continental Air Lines,2,Montrose Cou...,, ,A1
19730414-0,14-APR-1973,Antonov An-2R,CCCP-35577,Aeroflot / Kazakstan,1,near Andreyevka,, ,A1
19730415-0,15-APR-1973,Howard Super Ventura,N175S,Pioneer Ventura Aviation,3,"Chiriguaná, ...",, ,A1
19730417-0,17-APR-1973,Vickers 735 Viscount,YI-ACL,Iraqi Airways,0,Mosul Airpor...,,,A1
19730418-0,18-APR-1973,DHC-6 Twin Otter 100,YA-GAT,Bakhtar Afghan,4,Bamyan Airpo...,, ,A1
19730418-1,18-APR-1973,Nord 2501D Noratlas,9XR-KH,Portalia,0,Djibouti Air...,, ,A1
19730418-2,18-APR-1973,Nord 2501D Noratlas,4X-FAO/072,Israeli AF,0,unknown,, ,A1
19730424-0,24-APR-1973,Tupolev Tu-104B,CCCP-42505,Aeroflot / Northern,2,near Leningrad-Sh...,,,H1
19730425-0,25-APR-1973,Curtiss C-46,HI-201,Aeromar,0,near Boca Chica,, ,A1
19730427-0,27-APR-1973,Lockheed P2V-7 Neptune,4662,Japanese Navy,8,near Iwo Jima,, ,A1
19730430-1,30-APR-1973,Curtiss C-46A,HK-791,L.A. Orientales,0,Leticia Airp...,, ,A1
19730430-2,30-APR-1973,Antonov An-24 ?, ,South Yemen AF,25,within South Yemen,, ,A1
19730501-0,01-MAY-1973,Douglas DC-7BF,HK-1300,"Aeronorte, op.for Aerocosta Colombia",0,Miami Intern...,,,U1
19730501-1,01-MAY-1973,HAL-748,VT-DXH,Indian Airlines,0,Hyderabad-Be...,, ,A2
19730502-0,02-MAY-1973,Nord 2502F Noratlas,6411,Portuguese AF,11,Mueda Airpor...,, ,A1
19730502-1,02-MAY-1973,Douglas C-47A (DC-3),VT-AYH,Indian Airlines,0,Bhavnagar Ai...,, ,A2
19730503-0,03-MAY-1973,Lisunov Li-2T,CCCP-04244,Aeroflot / Yakutsk,0,near Queen Elizab...,, ,A1
19730504-0,04-MAY-1973,Douglas DC-3, ,Air Cambodge,3,Kampot Airpo...,, ,C1
19730504-1,04-MAY-1973,Learjet 24,PT-CXK,Líder Táxi Aéreo,3,Rio de Janei...,, ,A1
19730504-2,04-MAY-1973,Howard 350,N45CK,Clarks Aerial Service,2,near Union Spring...,, ,A1
19730506-0,06-MAY-1973,Lockheed 18 Lodestar,N620S,Karol Investment Corp.,2,near Chub Cay Air...,, ,A1
19730507-2,07-MAY-1973,Tupolev Tu-154,CCCP-85030,Aeroflot / Moscow,0,Moskva-Vnuko...,, ,A1
19730510-0,10-MAY-1973,Curtiss C-46A,N446M,private,0,near Ellington AF...,,,A1
19730510-1,10-MAY-1973,Douglas DC-8-33,HS-TGU,Thai Airways International,0+ 1,Kathmandu-Tr...,,,A1
19730511-0,11-MAY-1973,Ilyushin Il-18B,CCCP-75687,Aeroflot / Azerbaijan,63,near Semipalatinsk,, ,A1
19730511-1,11-MAY-1973,Antonov An-2M,CCCP-05915,"Aeroflot, Moscow SPiMVL",0,near Kursk,, ,A1
19730514-0,14-MAY-1973,Antonov An-2R,CCCP-70569,Aeroflot / Northern,0,near Vologda,, ,A1
19730514-1,14-MAY-1973,Antonov An-24V,CU-T876,Cubana,3,Havana-José ...,, ,A1
19730515-0,15-MAY-1973,Vickers 827 Viscount,PP-SRD,VASP,0,Salvador-Doi...,,,A1
19730518-0,18-MAY-1973,Tupolev Tu-104B,CCCP-42411,Aeroflot / East Siberia,82,near Chita,, ,H1
