identifiant,date,type,registration,operator,fat.,location, ,pic,cat

19781020-0,20-OCT-1978,Learjet 25,N100MK,Kelco Aircraft,3,"near Vickery, OH",, ,A1
19781022-0,22-OCT-1978,Boeing 727-82C,CS-TBO,TAP,0,"Madrid, Lisbon",, ,H2
19781022-1,22-OCT-1978,BN-2A Islander,H4-AAC,Solomon Islands Airlines,11,near Bellona Island,, ,A1
19781023-0,23-OCT-1978,Antonov An-24B,CCCP-46327,Aeroflot / North Kavkaz,26,near Emelyanovka ...,, ,A1
19781024-0,24-OCT-1978,Learjet 24D,N37DH,Qualitron Aero Services,0,Las Vegas-Mc...,, ,A1
19781025-0,25-OCT-1978,Douglas C-47A (DC-3),ET-AGQ,Ethiopian Airlines,0,Degahbur Air...,,,A1
19781026-0,26-OCT-1978,Lockheed P-3C Orion,159892,US Navy,5,near Petropavlovs...,, ,A1
19781104-0,04-NOV-1978,Embraer EMB-110C Bandeirante,PT-TBF,Nordeste Linhas Aéreas,0,"Bocaiúva, MG",, ,U1
19781105-0,05-NOV-1978,Douglas C-47B (DC-3),SU-AZM,Nile Delta Air Services,17,"near Alexandria, ...",, ,A1
19781106-0,06-NOV-1978,Swearingen SA226-AT Merlin IVA,L6-1/21,Thai AF,5,near Sakon Nakhon...,, ,A1
19781110-0,10-NOV-1978,Antonov An-24B,CCCP-46789,Aeroflot / North Kavkaz,1,Makhachkala ...,, ,H1
19781110-3,10-NOV-1978,Douglas DC-3-178,N400D,Aaron Enterprises Corporation,,Camarones,, ,A1
19781114-0,14-NOV-1978,Douglas C-47A (DC-3),4W-ABY,Yemen Airlines,0,Mareb Airpor...,, ,A1
19781114-1,14-NOV-1978,Tupolev Tu-154B-1,CCCP-85286,Aeroflot / International,0,Stockholm-Ar...,,,A2
19781115-0,15-NOV-1978,DC-8-63CF,TF-FLA,"Loftleidir, opf Garuda",183,near Colombo-Band...,,,A1
19781117-0,17-NOV-1978,Hawker Siddeley HS-748, ,Zambia Airways,0,near Lusaka,, ,C2
19781117-1,17-NOV-1978,Antonov An-24V,YR-AMP,Romanian AF,5,near Arad Airport...,, ,A1
19781118-0,18-NOV-1978,Martin VC-3A (4-0-4),N13415,private,0,near Punta Fija,,,A1
19781118-1,18-NOV-1978,DHC-6 Twin Otter 300,F-OGHD,Air Guadeloupe,15,near Marie Galant...,,,A1
19781118-2,18-NOV-1978,DHC-6 Twin Otter 300,8R-GEJ,Guyana Airways,5,Port Kaituma...,, ,C2
19781119-1,19-NOV-1978,Antonov An-12B,L650,Indian AF,77+ 1,near Leh Airport ...,, ,A1
19781121-0,21-NOV-1978,Douglas C-47A (DC-3),HK-1393,El Venado,28,near Rubio,, ,A1
19781123-0,23-NOV-1978,DC-9, ,North Central Airlines,0,Madison-Dane...,, ,H2
19781127-0,27-NOV-1978,DC-9-15,N1065T,TWA,0,Newark Inter...,, ,A2
19781129-0,29-NOV-1978,Convair VT-29A (CV-240),LV-MMR,private,1,Kendall-Tami...,, ,A1
19781130-0,30-NOV-1978,Lockheed C-130E Hercules,68-10936,USAF,6,near Cottageville...,,,A1
19781130-1,30-NOV-1978,unknown, ,Aeroflot,1,,, ,H2
19781130-2,30-NOV-1978,Morane Saulnier (FMA) MS.760 Paris ,E-238,Argentine AF,1,"Jocoli, MD",, ,A1
19781202-0,02-DEC-1978,Douglas C-47A (DC-3),N41447,SMB Stage Line,0,"Des Moines, IA",,,A1
19781204-0,04-DEC-1978,Learjet 25C,N77RS,Inlet Marine,5,Anchorage In...,,,A1
19781204-1,04-DEC-1978,DHC-6 Twin Otter 300,N25RM,Rocky Mountain Airways,2,near Steamboat Sp...,, ,A1
19781205-0,05-DEC-1978,Douglas C-53 (DC-3),N25656,Caribe Air Sales,3,"near Lorida, FL",, ,A1
19781206-2,06-DEC-1978,Douglas DC-6,TP-0203,Mexican AF,7,near Omaha-Eppley...,,,A1
19781208-1,08-DEC-1978,Douglas DC-6A/B,HK-1707,LAC Colombia,3,Sierra Cucuy,,,A1
19781209-0,09-DEC-1978,Antonov An-26,CCCP-26547,Aeroflot / Yakutsk,7,Cherskiy Air...,, ,A1
19781210-0,10-DEC-1978,Lockheed C-130E Hercules,68-10951,USAF,5,near Hopkinsville...,, ,A1
19781211-1,11-DEC-1978,Douglas C-49J (DC-3),N133AC,Unknown,2,"near Port Mayaca, FL",,,A1
19781214-0,14-DEC-1978,Douglas C-47A (DC-3),N4996E,private,0,Battle Creek...,,,A1
19781214-1,14-DEC-1978,Boeing 727, ,National Airlines,0,"Charleston, SC",, ,H2
19781214-2,14-DEC-1978,BN-2A-6 Islander,G-BESK,Britten-Norman,,Bembridge Ai...,, ,A1
19781214-3,14-DEC-1978,BN-2A-6 Islander,G-BFNL,Britten-Norman,,Bembridge Ai...,, ,A1
19781214-4,14-DEC-1978,BN-2A-6 Islander,G-BESE,Britten-Norman,,Bembridge Ai...,, ,A1
19781216-0,16-DEC-1978,Fokker F-27 Friendship 200,AP-ATO,PIA,1,Karachi,,,A1
19781216-1,16-DEC-1978,Douglas C-54 (DC-4), ,Unknown,1,Cesar Depart...,, ,A1
19781217-0,17-DEC-1978,Boeing 737-2A8,VT-EAL,Indian Airlines,1+ 3,Hyderabad-Be...,, ,A1
19781218-0,18-DEC-1978,DH-114 Riley Heron 2,N3FB,"Fischer Brothers Aviation, opf Allegheny Commuter",0,Cleveland-Ho...,,,A1
19781219-0,19-DEC-1978,Antonov An-24B,CCCP-46299,Aeroflot / Uzbekistan,5,near Samarkand Ai...,, ,A1
19781220-0,20-DEC-1978,Learjet 25,N40SN,Flight Training Center,0,Minneapolis-...,, ,A1
19781220-1,20-DEC-1978,Boeing 737-200, ,Indian Airlines,0,Varanasi,, ,H2
19781221-0,21-DEC-1978,DC-9, ,TWA,0,"Marion, IL",, ,H2
19781223-0,23-DEC-1978,DC-9-32,I-DIKQ,Alitalia,108,near Palermo-Punt...,,,A1
19781226-0,26-DEC-1978,Learjet 25C,PT-JDX,TAM,0,São Paulo-Co...,, ,A1
19781226-1,26-DEC-1978,BN-2A-21 Islander,HH-CNB,Haiti Air Inter,10,near Turks & Caicos,, ,A1
19781228-1,28-DEC-1978,DC-8-61,N8082U,United Airlines,10,near Portland Int...,,,A1
19789999-0,??-???-1978,Nord 2501D Noratlas,52-171,Hellenic AF,,unknown,, ,A1
19789999-2,??-???-1978,BN-2A-21 Islander,5T-MAU,Mauritanian AF,,,, ,U1
19789999-3,??-???-1978,Antonov An-12BP,CCCP-11125,Aeroflot / Yakutsk,0,,, ,O1
19789999-5,??-???-1978,Antonov An-24B,CCCP-46350,Aeroflot / Ukraine,0,"near Budyonnovsk,...",, ,A1

19780529-0,29-MAY-1978,Yakovlev Yak-40, ,CSA,0,Prague,, ,H2
19780529-1,29-MAY-1978,Antonov An-2R,SP-WOY,ZUA,,Gryzy,, ,A1
19780529-2,29-MAY-1978,Antonov An-2P,CCCP-35188,Aeroflot / Belarus,0,near Pastavy,, ,A1
19780530-0,30-MAY-1978,Douglas C-47B (DC-3),TG-LAM,Oneida,,near Santo Tomas,, ,A1
19780602-0,02-JUN-1978,Boeing 747SR-46,JA8119,JAL,0,Osaka-Itami ...,, ,A2
19780604-0,04-JUN-1978,Convair VT-29C (CV-240),RP-C12,Commercial Air Transport,0,Roxas City A...,, ,A1
19780608-1,08-JUN-1978,Douglas DC-6B,TG-ADA,Aviateca,3,Guatemala City,,,A1
19780610-0,10-JUN-1978,Vickers 814 Viscount,9G-ACL,West African Air Cargo,0,Monrovia-Spr...,,,A1
19780610-1,10-JUN-1978,Fairchild C-119 Flying Boxcar,N3560,Hawkins & Powers,3,"near Greybull, WY",, ,A1
19780613-0,13-JUN-1978,Morane Saulnier (FMA) MS.760 Paris ,E-239,Argentine AF,2,near Mendoza-El P...,, ,A1
19780618-0,18-JUN-1978,Antonov An-2R,CCCP-02846,Aeroflot / Yakutsk,,,, ,A1
19780622-0,22-JUN-1978,Beech A100 King Air,N941K,Tennessee Valley Authority,0,near Muscle Shoal...,, ,A1
19780625-0,25-JUN-1978,Antonov An-2R,CCCP-09616,Aeroflot / Far East,0,near Vladivostok,, ,A1
19780626-0,26-JUN-1978,DC-9-32,CF-TLV,Air Canada,2,Toronto-Pear...,, ,A1
19780705-0,05-JUL-1978,CASA C-212 Aviocar 100,6518,Portuguese AF,3,Serra de San...,,,A1
19780705-1,05-JUL-1978,Antonov An-2R,SP-WSS,ZUA,,Wielbark,, ,A1
19780706-2,06-JUL-1978,Canadair CL-44D4-6,G-BCWJ,Tradewinds Airways,0,Nairobi-Jomo...,,,A1
19780709-0,09-JUL-1978,BAC One-Eleven 203AE,N1550,Allegheny Airlines,0,Rochester-Mo...,,,A1
19780709-1,09-JUL-1978,Douglas C-47A (DC-3),N45873,Unknown,0,Richmond Mun...,, ,A1
19780711-0,11-JUL-1978,Antonov An-2T,CCCP-79968,Aeroflot / North Kavkaz,0,near Makhachkala,, ,A1
19780712-0,12-JUL-1978,Lockheed C-130H Hercules,FAE748,Ecuador Air Force,11,Pichincha Mo...,, ,A1
19780713-1,13-JUL-1978,DHC-6 Twin Otter 300,N76214,Coastair,4,"Candor, NC",,,A1
19780714-1,14-JUL-1978,Convair CV-440,N4809C,09 Charlie,,near South Caicos,,,A1
19780716-0,16-JUL-1978,Douglas C-47 (DC-3),FAC-680,Colombian AF,8,Cerro Kennedy,, ,A1
19780718-0,18-JUL-1978,Canadair CL-215,1050,Hellenic AF,0,Ioannina Air...,, ,A1
19780719-0,19-JUL-1978,Lockheed 18 Lodestar, ,Unknown,0,"near Hastings, FL",, ,A1
19780720-0,20-JUL-1978,Douglas C-47A (DC-3),TG-PAW,Aero Express,,Lago Petén Itzá,, ,A1
19780721-0,21-JUL-1978,BN-2A-21 Islander,5T-MAT,Mauritanian AF,0,unknown,, ,C1
19780722-0,22-JUL-1978,Curtiss C-46A,N157K,DR & M Incorporated,0,near Opa-locka Ai...,, ,A1
19780722-1,22-JUL-1978,DHC-3 Otter,N26641,Maxson Aviation,0,"near Kotzebue, AK",, ,A1
19780724-0,24-JUL-1978,BN-2A Trislander Mk.III-2,5Y-CMC,Amphibians,5,Nyeri Hills,, ,A1
19780725-1,25-JUL-1978,Convair CV-580,N4825C,North Central Airlines,0,"Kalamazoo, MI",, ,A1
19780726-0,26-JUL-1978,Douglas DC-3,TG-ATA,Aviateca,0,Flores,,,A1
19780731-1,31-JUL-1978,Fairchild FH-227,C6-BDQ,Bahamasair,0,Chub Cay Air...,, ,A1
19780799-0,??-JUL-1978,Douglas DC-6BF,N111AQ,Rosenbalm Aviation,0,Detroit-Will...,,,O1
19780799-1,??-JUL-1978,BN-2A-9 Islander,TN-ACO,Department of Forest and Mines,,,, ,U1
19780803-0,03-AUG-1978,Boeing 707-351B,CC-CCX,LAN Chile,0,near Buenos Aires...,,,A1
19780806-0,06-AUG-1978,DC-9-32,PH-DNS,KLM,0,Barcelona,, ,H2
19780810-0,10-AUG-1978,BN-2A-21 Islander,PT-KRP,Encal Servicio Aéreo,2,"near São Paulo, SP",, ,A1
19780810-1,10-AUG-1978,Vickers 708 Viscount,G-ARIR,"Alidair, op.for Dan-Air Services",0,Lydd Interna...,,,A2
19780811-0,11-AUG-1978,Beech A100 King Air,N81MD,J. Ray McDermott & Co.,0,near Lagos,, ,A1
19780813-0,13-AUG-1978,Swearingen SA226-TC Metro II,N300TL,Tejas Airlines,0,Austin-Rober...,, ,A1
19780814-0,14-AUG-1978,Curtiss C-46F,HK-1350,Aeropesca Colombia,18,Tota Boyaca,, ,A1
19780814-1,14-AUG-1978,Douglas C-117D (DC-3), ,USMC,4,Guam-Agana N...,, ,A1
19780816-0,16-AUG-1978,Antonov An-2TP,CCCP-40545,Aeroflot / Uzbekistan,0,near Nukus,, ,A1
19780817-0,17-AUG-1978,Douglas C-47B (DC-3),G-AMSM,Skyways Cargo Airline,0,Lydd Interna...,,,A1
19780817-1,17-AUG-1978,BAC One-Eleven 524FF,RP-C1184,Philippine Air Lines,1,near Simara Island,, ,C2
19780823-0,23-AUG-1978,DHC-6 Twin Otter 300,C-FQDG,Bradley Air Services,1,Frobisher Ba...,, ,A1
19780824-0,24-AUG-1978,Boeing 737-287C,LV-JNE,Aerolineas Argentinas,0,Buenos Aires...,, ,A2
19780825-0,25-AUG-1978,Boeing 707-300, ,TWA,0,Genève-Coint...,, ,H2
19780826-0,26-AUG-1978,DHC-6 Twin Otter 300,XY-AEI,Burma Airways,14,near Papun Airpor...,, ,A1
19780827-0,27-AUG-1978,Douglas DC-6B,N122A,New World Air Charter,4,near Fanja,,,A1
19780827-1,27-AUG-1978,DC-8, ,United Airlines,0,Vancouver In...,, ,H2
19780828-0,28-AUG-1978,Antonov An-24V,YR-AMV,Romanian Government,0,Constanta-Ko...,, ,A1
19780829-0,29-AUG-1978,Boeing 747-237B,VT-EBO,Air-India,0,Delhi-Palam ...,, ,A2
19780830-0,30-AUG-1978,Tupolev Tu-134,SP-LGC,LOT,0,Berlin-Tempe...,, ,H2
19780902-0,02-SEP-1978,DHC-6 Twin Otter 200,C-FAIV,Airwest Airlines,11,Vancouver-Co...,,,A1
19780903-1,03-SEP-1978,Vickers 782D Viscount,VP-WAS,Air Rhodesia,38,Whamira Hills,,,C1
19780903-2,03-SEP-1978,Ilyushin Il-18D,3X-GAX,Air Guinée,15,near Conakry,,,A1
19780904-0,04-SEP-1978,Convair CV-240-8,N7177B,Mission Air Lift Inc,2,"Clewiston, FL",, ,A1
19780906-0,06-SEP-1978,Douglas DC-7CF,N244B,Advance Aviation,1,"near Farmerville, LA",,,A1
19780906-1,06-SEP-1978,Convair CV-440-86,CP-924,NEBA,,El Desengano,, ,A1
19780907-1,07-SEP-1978,Hawker Siddeley HS-748,4R-ACJ,Air Ceylon,0,Colombo-Ratm...,,,C1
19780908-0,08-SEP-1978,Lockheed C-130E Hercules,64-0532,USAF,8,"Conway, AR",, ,A1
19780908-1,08-SEP-1978,Antonov An-2R,CCCP-35112,Aeroflot / Ukraine,2,"near Yablunivka, ...",, ,A1
19780909-0,09-SEP-1978,DHC-6 Twin Otter 100,XA-BOP,L.A. del Centro,18,near Mexico City,, ,A1
19780914-0,14-SEP-1978,Fokker F-27 Friendship 200,10328,Philippine AF,15+ 17,Barrio Santo...,, ,A1
19780914-1,14-SEP-1978,Antonov An-2R,SP-WWT,ZUA,,Somie,, ,A1
19780914-2,14-SEP-1978,Breguet SP-13A Atlantic,253,Dutch Navy,0,near Ireland [Iri...,,,A1
19780918-0,18-SEP-1978,Douglas C-47A (DC-3),CF-CRW,Kenn Borek Air,0,"Komakuk, NU",, ,A1
19780919-0,19-SEP-1978,Lockheed C-130H Hercules,5-8532,Iran AF,9,Tehran/Dosha...,, ,A1
19780921-0,21-SEP-1978,Douglas DC-3-277C,N407D,Argosy Air Lines,4,"near Havana, Cuba",,,A1
19780922-0,22-SEP-1978,Lockheed P-3B Orion,152757,US Navy,8,"near Poland, ME",, ,A1
19780923-0,23-SEP-1978,Antonov An-2R,CCCP-32079,Aeroflot / North Kavkaz,3,near Novoaleksand...,, ,A1
19780924-0,24-SEP-1978,Grumman G-159 Gulfstream I,N91G,Continental Oil Corp.,0,Houston-Hobb...,, ,A1
19780924-1,24-SEP-1978,Douglas C-47B (DC-3),G-BFPU,War Birds of Great Britain,0,near Karima,,,A1
19780925-0,25-SEP-1978,Boeing 727-214,N533PS,PSA,135+ 7,near San Diego In...,,,A1
19780929-0,29-SEP-1978,Antonov An-2R,CCCP-07278,Aeroflot / Kazakstan,0,near Ulan-Bator,, ,A1
19780930-0,30-SEP-1978,SE-210 Caravelle 10B3,OH-LSB,Finnair,0,Oulu Airport...,, ,H2
19781001-1,01-OCT-1978,Douglas R4D-6 (DC-3),N74Z,Evergreen Air,1,near Fort Walton ...,, ,A1
19781002-0,02-OCT-1978,Yakovlev Yak-40,CCCP-87544,Aeroflot / Privolzhsk,0,Tbilisi Airp...,, ,A1
19781003-0,03-OCT-1978,Fokker F-27 Friendship 600,XY-ADY,Burma Airways,2,near Sagaing,,,A1
19781003-1,03-OCT-1978,Douglas C-47A (DC-3),DO-10,Finnish AF,15,near Kuopio Airpo...,,,A1
19781003-2,03-OCT-1978,Beech 200 Super King Air,YV-141CP,Servicios Tecnicos Maracaibo,2,unknown,, ,A1
19781004-0,04-OCT-1978,Consolidated C-10A Catalina (PBY-5A,6550,Brazilian AF,12,Santo Antoni...,, ,A1
19781005-0,05-OCT-1978,Douglas C-47A (DC-3),PK-NDI,Merpati Nusantara,0,Denpasar Bal...,, ,O1
19781006-0,06-OCT-1978,Douglas R6D-1 (DC-6),131618,US Navy,16,near Santiago de ...,, ,A1
19781007-0,07-OCT-1978,Douglas C-47A (DC-3),PT-KVU,M.S. Consultoria Técnica Operacional de Aviação,0,Belo Horizon...,, ,A1
19781007-1,07-OCT-1978,Yakovlev Yak-40,CCCP-87437,Aeroflot / Kazakstan,38,near Sverdlovsk-K...,, ,A1
19781007-2,07-OCT-1978,BN-2A-21 Islander,RP-C2152,Acme Plywood,8,near Luzon,, ,A1
19781009-0,09-OCT-1978,Antonov An-12, ,Soviet AF,,,, ,A1
19781013-0,13-OCT-1978,DHC-6 Twin Otter 200,N4048B,Arctic Guide,1,"Barrow, AK",,,A1
19781013-1,13-OCT-1978,Antonov An-2R,CCCP-32515,Aeroflot / Turkmenistan,0,near Mary,, ,A1
19781015-1,15-OCT-1978,Lockheed L-1049H Super Constellatio,N6924C,Skyways Int.,1,Riohacha-Alm...,,,A1
19781015-2,15-OCT-1978,Douglas C-47B (DC-3),ET-AGK,Ethiopian Airlines,0,Soddu Airpor...,,,A1
19781017-0,17-OCT-1978,Learjet 24,N123RE,Martin Aviation,1,Lancaster-Wi...,, ,A1
19781017-1,17-OCT-1978,BN-2A-27R Islander,HC-BFI,ATESA,,,, ,U1
19781017-2,17-OCT-1978,Antonov An-2R,CCCP-32599,Aeroflot / Ukraine,2,near Lanovtsy,, ,A1
19781017-3,17-OCT-1978,Douglas C-54 (DC-4), ,Unknown,3,Valledupar,, ,A1
19781018-0,18-OCT-1978,Antonov An-2P,CCCP-02457,Aeroflot / West Siberia,0,near Nizhnevartovsk,, ,A1

19780101-1,01-JAN-1978,Boeing 747-237B,VT-EBD,Air-India,213,near Bombay-Santa...,,,A1
19780102-0,02-JAN-1978,Douglas DC-3-201D,N15598,Aero Virgin Islands,0,near Río Grande M...,, ,A1
19780104-0,04-JAN-1978,Howard 500,N127LR,Lonnie Russell Leasing & Rental,0,Key Largo-Po...,, ,A1
19780106-0,06-JAN-1978,Fokker F-27 Friendship 600,9Q-CLR,Air Zaire,3,near Kisangani Ai...,, ,A1
19780109-0,09-JAN-1978,BN-2A Trislander Mk.III-1,HK-1711,TAVINA,0,Ciénaga Gran...,, ,A1
19780118-0,18-JAN-1978,Sud-Aviation SE-210 Caravelle, ,SAETA,0,Havana-José ...,, ,H2
19780118-1,18-JAN-1978,DHC-6 Twin Otter 300,N982FL,Frontier Airlines,3,Pueblo Memor...,,,A1
19780120-0,20-JAN-1978,Fokker F-27 Friendship 400,AP-ALW,PIA,0,Karachi,,,H2
19780120-1,20-JAN-1978,BN-2A Islander,N869JA,Bush Air,1,"near Toksook Bay, AK",, ,A1
19780120-2,20-JAN-1978,Shin Meiwa PS-1,5811,Japanese Navy,,,, ,A1
19780124-0,24-JAN-1978,Convair CV-440-86,TAM-45,TAM,0+ 1,San Ramon Ai...,, ,A1
19780127-1,27-JAN-1978,BAC One-Eleven 420EL,LV-JGX,Austral Lineas Aéreas,0,Buenos Aires...,,,O2
19780128-0,28-JAN-1978,Douglas DC-3D,HK-1351,SADELCA Colombia,12,near San Vicente ...,, ,A1
19780128-1,28-JAN-1978,Douglas C-47 (DC-3),TT-EAB,Air Chad,,Tibesti,, ,C1
19780128-2,28-JAN-1978,NAMC YS-11, ,Piedmont Airlines,0,"Kinston, New...",, ,H2
19780130-0,30-JAN-1978,Douglas DC-4-1009,TT-NAA,Chad AF,0,near Faya-Largeau,, ,C1
19780131-0,31-JAN-1978,Embraer EMB-110P Bandeirante,PT-GKW,TABA,2,Eirunepe Air...,, ,A1
19780201-0,01-FEB-1978,Antonov An-2TP,CCCP-40570,Aeroflot / Central Region,,near Krasnoye,, ,A1
19780206-0,06-FEB-1978,Tupolev Tu-134, ,CSA,0,Frankfurt,, ,H2
19780208-0,08-FEB-1978,Douglas C-49J (DC-3),N189UM,Aero Services Corp.,0,Tamanrasset-...,, ,A1
19780210-0,10-FEB-1978,Beech 99,N199EA,Columbia Pacific Airlines,17,near Richland Air...,, ,A1
19780210-1,10-FEB-1978,Douglas C-47A (DC-3),CX-BJH/T-511,TAMU,44,near Artigas Airp...,, ,A1
19780211-0,11-FEB-1978,Boeing 737-275,C-FPWC,Pacific Western,42,Cranbrook Ai...,,,A1
19780215-1,15-FEB-1978,Boeing 707-329,OO-SJE,"Sobelair, lsf Sabena",0,Tenerife-Nor...,,,A1
19780216-0,16-FEB-1978,Beech 99,F-BRUX,Air Alpes,,Clermont-Fer...,,,A1
19780217-1,17-FEB-1978,Douglas DC-6B,N6523C,Skyways Int.,0,Laguna de Brus,,,A1
19780218-0,18-FEB-1978,Tupolev Tu-154A,CCCP-85087,Aeroflot / West Siberia,0,Novosibirsk-...,, ,O1
19780219-0,19-FEB-1978,Lockheed L-100-20 Hercules,OB-R-1004,SATCO,7,Tarapoto Air...,, ,A1
19780219-1,19-FEB-1978,Lockheed C-130H Hercules,SU-BAA/1270,Egyptian AF,3,Larnaca Airp...,, ,C1
19780221-0,21-FEB-1978,Douglas C-47 (DC-3),FAC-668,Colombian AF,5,Serrania Los...,, ,A1
19780222-0,22-FEB-1978,Learjet 35A,I-MCSA,Maniglia Construzioni,3,near Palermo-Punt...,, ,A1
19780223-0,23-FEB-1978,Lockheed P-3A Orion,151381,US Navy,0,Jacksonville...,, ,A1
19780224-0,24-FEB-1978,Douglas DC-6BF,N6103C,West Indies Air Transport,0,San Juan-Isl...,,,A1
19780225-0,25-FEB-1978,Fairchild FH-227D,EP-AMJ,Air Service Company,0,Abadan Airpo...,,,A1
19780228-1,28-FEB-1978,DHC-6 Twin Otter 100,P2-RDE,Talair,1,Garaina Airp...,, ,A1
19780301-0,01-MAR-1978,DC-10-10,N68045,Continental Air Lines,2,Los Angeles ...,,,A1
19780301-1,01-MAR-1978,Fokker F-28 Fellowship 1000,5N-ANA,Nigeria Airways,16,near Kano Interna...,, ,A1
19780302-0,02-MAR-1978,Boeing 747-282B, ,PIA,0,Islamabad,, ,H2
19780302-1,02-MAR-1978,Antonov An-2PF,SP-TBC,Aeropol,,Rebiechowo,, ,A1
19780303-0,03-MAR-1978,DC-8-63,EC-BMX,Iberia,0,Santiago De ...,,,A1
19780303-1,03-MAR-1978,Fairchild F-27F,N747L,"Saudi Arabian, lsf Hughes Airwest",0,Jeddah,,,O1
19780303-2,03-MAR-1978,Hawker Siddeley HS-748,YV-45C,LAV,47,near Punta Mulatos,, ,A1
19780304-0,04-MAR-1978,Ilyushin Il-14, ,Soviet AF,7,near Petrozavodsk...,, ,A1
19780309-0,09-MAR-1978,Boeing 737-281,B-1870,China Airlines,1,Hong Kong,, ,H2
19780313-0,13-MAR-1978,Boeing 727, ,United Airlines,0,"Memphis, Denver",, ,H2
19780315-0,15-MAR-1978,Lockheed EC-121T Super Constellatio,55-0121,USAF,0,Reykjavík-Na...,,,A1
19780315-1,15-MAR-1978,Douglas C-47A (DC-3),L2-48/18,Thai AF,0,Don Nok AFB,, ,A1
19780316-0,16-MAR-1978,Tupolev Tu-134,LZ-TUB,Balkan Bulgarian,73,near Gabare,,,A1
19780316-1,16-MAR-1978,C-115 Buffalo (DHC-5),2358,Brazilian AF,0,"Rio Branco, AC",, ,A1
19780321-1,21-MAR-1978,Convair CV-340-38,N4807C,Florida Aircraft Leasing,0,"Elma, IA",,,A1
19780323-0,23-MAR-1978,Douglas DC-3R,N1546A,"Aircraft Modifications Inc, op.for Dominican Services",1,near Grand Turk,, ,A1
19780323-1,23-MAR-1978,Tupolev Tu-154,LZ-BTB,Balkan Bulgarian,4,near Damascus,,,A1
19780325-1,25-MAR-1978,Fokker F-27 Friendship 200,XY-ADK,Burma Airways,48,near Yangon-Minga...,, ,A1
19780330-0,30-MAR-1978,Antonov An-2R,SP-WNX,ZUA,,,, ,A1
19780330-1,30-MAR-1978,Learjet 23,N133W,National Jets,0,Hollywood-Bu...,, ,A1
19780331-0,31-MAR-1978,BN-2A Islander,VH-EQK,Unionair,,,, ,U1
19780401-0,01-APR-1978,Convair CV-300,N777DC,Onyx Aviation,0,Cienéga Unguía,,,A1
19780401-1,01-APR-1978,Boeing 737-200, ,Piedmont Airlines,0,"Richmond, Ne...",, ,H2
19780402-0,02-APR-1978,Boeing 737-2A1,PP-SMX,VASP,0,São Paulo-Co...,, ,A1
19780402-1,02-APR-1978,Dornier Do 28D-1 Skyservant,N21AS,Bush Air,2,"Bethel, AK",, ,A1
19780404-0,04-APR-1978,Antonov An-2T,CCCP-13716,Aeroflot / West Siberia,0,Muryuk,, ,A1
19780404-1,04-APR-1978,Boeing 737-229C,OO-SDH,Sabena,0,Charleroi-Go...,,,A1
19780404-2,04-APR-1978,Convair CV-990,EC-CNG,Spantax,0,Köln/Bonn Ai...,, ,A2
19780407-0,07-APR-1978,Shorts SC.7 Skyvan 3M-400,RAN-15,Nepal Army,,Rukuhot,, ,A1
19780408-0,08-APR-1978,Yakovlev Yak-40,CCCP-87911,Aeroflot / Yakutsk,0,Aldan Airpor...,, ,A1
19780410-0,10-APR-1978,BN-2A-21 Islander,N97JA,DEC,0,"San Jose, CA",, ,A1
19780415-0,15-APR-1978,Lockheed C-130E Hercules,63-7787,USAF,2,near Fort Irwin-B...,, ,A1
19780417-0,17-APR-1978,DHC-6 Twin Otter 300,YV-30C,LAV,2,Uriman,, ,A1
19780418-0,18-APR-1978,Douglas DC-4,N88909,Panavia Cargo,0,North Caicos...,, ,A1
19780419-0,19-APR-1978,Antonov An-24V,SP-LTN,LOT,,near Rzeszów,, ,A1
19780420-1,20-APR-1978,Boeing 707-321B,HL7429,KAL,2,Korpijärvi Lake,, ,C1
19780425-0,25-APR-1978,Breguet 1150 Atlantic,61+07,German Navy,0,Nordholz NAS,,,A1
19780426-0,26-APR-1978,Lockheed P-3B Orion,152724,US Navy,7,near Terceira-Laj...,,,A1
19780428-0,28-APR-1978,Lockheed C-130E Hercules,63-7766,USAF,7,Sparrevohn A...,, ,A1
19780429-0,29-APR-1978,Douglas C-118A (DC-6),HK-1705,LAC Colombia,8,near Bogotá-Eldor...,, ,A1
19780429-1,29-APR-1978,Rockwell 1121A Jet Commander,N250UA,Universal Air Leasing,2,"Flatwood, LA",, ,A1
19780430-0,30-APR-1978,Douglas DC-7CF,N356AL,private,0,Miami Intern...,,,A1
19780501-0,01-MAY-1978,Lockheed 18 Lodestar,N9051,Private,3,"near Durbin, FL",, ,A1
19780501-1,01-MAY-1978,Antonov An-2R,CCCP-01367,Aeroflot / Privolzhsk,0,near Ufa,, ,A1
19780505-1,05-MAY-1978,Douglas DC-6A,N3493F,Surinam Airways,0,Paramaribo-Z...,, ,A1
19780506-0,06-MAY-1978,Ilyushin Il-18, ,Aeroflot,1,Ashgabat,, ,H2
19780507-0,07-MAY-1978,Antonov An-2R,CCCP-70493,Aeroflot / North Kavkaz,3,near Karnaukhovskiy,, ,A1
19780508-1,08-MAY-1978,Boeing 727-235,N4744,National Airlines,3,Escambia Bay...,, ,A1
19780509-0,09-MAY-1978,BN-2A-21 Defender,OA-2,Botswana AF,,,, ,O1
19780510-0,10-MAY-1978,DHC-3 Otter,N5370G,Unknown,3,"Del Rio, TX",, ,A1
19780510-1,10-MAY-1978,Ilyushin Il-18, ,CSA,0,Frankfurt,, ,H2
19780511-0,11-MAY-1978,Boeing 727-59,HK-727,Avianca,0,Curaçao-Dr. ...,, ,H2
19780512-0,12-MAY-1978,Convair CV-440-86,N9302,Argosy Airlines,0,Shippingport...,,,A1
19780516-0,16-MAY-1978,DC-9-32, ,Aeroméxico,0,Mexico City,, ,H2
19780517-0,17-MAY-1978,DHC-6 Twin Otter 300,JDFT-6,Jamaica AF,2,Kingston-Up ...,, ,A1
19780517-1,17-MAY-1978,Yakovlev Yak-40, ,CSA,0,Prague,, ,H2
19780517-2,17-MAY-1978,Shin Meiwa PS-1,5812,Japanese Navy,13,Takaoka,, ,A1
19780518-2,18-MAY-1978,Dassault Falcon 20C,N121GW,Flight Safety International,4,near Memphis Inte...,,,A1
19780519-1,19-MAY-1978,Douglas C-47A (DC-3),VT-DEU,India CAA,8,Badkhalsa,, ,A1
19780519-2,19-MAY-1978,Tupolev Tu-154B,CCCP-85169,Aeroflot / Azerbaijan,4,"near Maksatiha, T...",, ,A1
19780521-1,21-MAY-1978,PBV-1A Canso (PBY-5A),CF-NTL,Flying Firemen,2,"Snow Lake, MB",, ,A1
19780523-0,23-MAY-1978,Douglas C-118A (DC-6),CP-1338,Transportes Aéreos Bolivar,3,within Beni Department,, ,A1
19780523-1,23-MAY-1978,Tupolev Tu-144D,CCCP-77111,Tupolev,2,"near Kladkovo, Ye...",, ,A1
19780525-0,25-MAY-1978,Convair CV-880,N8815E,Groth Air,0,Miami Intern...,,,A1
19780526-0,26-MAY-1978,Rockwell 1121 Jet Commander,C-FEYG,Comstock International,0,"near Winnipeg, MB",, ,A1
