identifiant,date,type,registration,operator,fat.,location, ,pic,cat

19590104-0,04-JAN-1959,Curtiss C-46A,OB-QAL-487,TAPSA,0,Moyobamba Ai...,, ,A1
19590104-1,04-JAN-1959,UC-1 Otter (DHC-3),144673,US Navy,2,Marble Point,, ,A1
19590106-0,06-JAN-1959,Curtiss C-46A,PP-LDH,Paraense Transportes Aéreos,0,Rio de Janei...,, ,A1
19590106-1,06-JAN-1959,Douglas C-47A (DC-3),XH-SAA,SAHSA,5,Pena Blanca Mt.,, ,A1
19590108-0,08-JAN-1959,Douglas DC-3A-197B,N18941,Southeast Airlines,10,"Mt. Holston, TN",, ,A1
19590111-0,11-JAN-1959,Lockheed L-1049G Super Constellatio,D-ALAK,Lufthansa,36,Rio de Janei...,, ,A1
19590111-1,11-JAN-1959,Douglas C-124C Globemaster II,50-0111,USAF,9,"near Homer, AK",, ,A1
19590113-0,13-JAN-1959,Curtiss C-46F,N1240N,California Air Freight,2,Panther Peak...,, ,A1
19590114-1,14-JAN-1959,Vickers Valetta C.1,VW817,RAF,0,Firq,, ,A1
19590115-0,15-JAN-1959,Douglas C-54 (DC-4), ,USAF,2,near Windsor Lock...,, ,A1
19590116-0,16-JAN-1959,Curtiss C-46A,LV-GED,Austral Lineas Aéreas,51,near Mar del Plat...,, ,A1
19590117-0,17-JAN-1959,Lockheed L-1049G Super Constellatio,N6240G,Eastern Air Lines,0,Miami Intern...,, ,A2
19590118-0,18-JAN-1959,Ilyushin Il-14P,CCCP-41863,Aeroflot / Azerbaijan,25,near Stalingrad (...,, ,A1
19590118-1,18-JAN-1959,Boeing KC-97G Stratofreighter,53-0308,USAF,0,Anchorage-El...,, ,A1
19590119-0,19-JAN-1959,Antonov An-2,CCCP-L1975,Aeroflot / Yakutsk,,,, ,A1
19590121-0,21-JAN-1959,Curtiss C-46D,YV-C-LBI,LEBCA,4,near Mérida,, ,A1
19590122-0,22-JAN-1959,Convair CV-240-2,JY-ACB,Air Jordan,10,near Wadi-es-Sir,, ,A1
19590126-0,26-JAN-1959,Douglas Dakota IV (DC-3),KJ810,RAF,0,Kuala Lumpur...,,,A1
19590127-0,27-JAN-1959,Martin P5M-2 Marlin,135529,US Navy,4,Willoughby B...,, ,A1
19590127-1,27-JAN-1959,Avro 688 Super Trader,G-AGRG,Air Charter,2,Brindisi-Pap...,, ,A1
19590127-2,27-JAN-1959,Lisunov Li-2,CCCP-N492,Polyarnaya Aviatsiya,0,Ust-Kara,, ,A1
19590128-0,28-JAN-1959,Douglas C-47A (DC-3),952,Chilean AF,7,Volcán Osorno,, ,A1
19590129-0,29-JAN-1959,Bristol 170 Freighter 31M,S4426,Pakistan AF,7,near Chakala,, ,A1
19590131-0,31-JAN-1959,Antonov An-12, ,Soviet AF,6,Vitebsk Airp...,, ,A1
19590199-0,??-JAN-1959,Ilyushin Il-12L,CCCP-04249,"GUSMP, Directorate of Polar Aviation",0,Mirny,, ,A1
19590201-0,01-FEB-1959,Douglas DC-3B-202,N17314,General Airways,3,near Kerrville Ai...,, ,A1
19590201-1,01-FEB-1959,Lockheed 18 Lodestar,ZS-ASV,Commercial Air Services,0,"near Ifafa, KwaZu...",, ,A1
19590203-0,03-FEB-1959,Boeing 707-121,N712PA,Pan Am,0,near Atlantic Ocean,, ,A2
19590203-1,03-FEB-1959,Lockheed L-188A Electra,N6101A,American Airlines,65,near New York-La ...,,,A1
19590204-0,04-FEB-1959,Lisunov Li-2,CCCP-16192,Aeroflot / Magadan,0,"near North Even, ...",, ,A1
19590204-1,04-FEB-1959,Lockheed P2V-5 Neptune,A89-308,RAAF,8,Hawkesbury R...,, ,A1
19590205-0,05-FEB-1959,Fairchild C-119 Flying Boxcar, ,USAF,3,near Oakland Inte...,, ,A1
19590207-0,07-FEB-1959,Douglas C-47A (DC-3),T-472,Indonesian AF,,"near Kintamani, Bali",, ,A1
19590217-0,17-FEB-1959,Vickers 794D Viscount,TC-SEV,THY,14,near London-Gatwi...,,,A1
19590218-0,18-FEB-1959,Curtiss C-46A,N68823,Southern Cross Airways,0,Belen,, ,A1
19590220-0,20-FEB-1959,Douglas DC-7C,N740PA,Pan Am,0,San Francisc...,, ,A1
19590224-0,24-FEB-1959,YAC-1 Caribou,CF-LKI-X,de Havilland Canada,,"Udoria, ON",, ,A1
19590225-0,25-FEB-1959,Boeing 707-121,N709PA,Pan Am,0,near Chartres,,,A2
19590228-0,28-FEB-1959,Lockheed C-121G Super Constellation,54-4069,USAF,5,near Prescott Air...,, ,A1
19590301-0,01-MAR-1959,Douglas C-47A (DC-3),2070,Brazilian AF,18,"near Caravelas, BA",, ,A1
19590304-0,04-MAR-1959,Douglas C-47 (DC-3),HJ243,Indian AF,,Brahmaputra ...,, ,A1
19590304-1,04-MAR-1959,Baade 152,DM-ZYA,VEB Flugzeugwerke Dresden,4,near Dresden-Klot...,,,A1
19590305-0,05-MAR-1959,Vickers 763D Viscount,YS-09C,TACA,15,near Managua Airp...,, ,A1
19590306-0,06-MAR-1959,Fairchild R4Q Flying Boxcar (C-119), ,USMC,8,near Cherry Point...,, ,A1
19590309-0,09-MAR-1959,Fokker F-27 Friendship 100,PH-NVF,Fokker,0,Addis Ababa-...,,,A2
19590310-0,10-MAR-1959,Consolidated C-10A Catalina (PBY-5A,6513,Brazilian AF,23,"Curralinho, PA",, ,A1
19590312-0,12-MAR-1959,Curtiss C-46A,CP-552,Transaéreos de la Corporación Boliviana de Fomento,,Charagua,, ,A1
19590312-1,12-MAR-1959,Douglas C-47A (DC-3),VT-CYH,Indian Airlines,5,near Tobu,, ,A1
19590313-0,13-MAR-1959,Bristol 170 Freighter 21E,EC-ADH,Aviaco,1,Mahon,,,A1
19590315-1,15-MAR-1959,Convair CV-240-0,N94273,American Airlines,0,near Chicago-Midw...,,,A1
19590329-0,29-MAR-1959,Lockheed WV-2 Super Constellation,141332,US Navy,0,Argentia-NAS...,, ,A1
19590329-1,29-MAR-1959,Douglas C-47A (DC-3),VT-CGI,Indian Airlines,24,near Silchar,, ,A1
19590329-2,29-MAR-1959,Nord 2501 Noratlas,F-BGZB,UAT,9,near Boukpayanga,, ,A1
19590330-1,30-MAR-1959,Curtiss C-46A,N7840B,Riddle Airlines,2,"Alma, GA",, ,A1
19590331-0,31-MAR-1959,Boeing KC-135A,58-0002,USAF,4,"near Killeen, TX",, ,A1
19590331-1,31-MAR-1959,Douglas C-124C Globemaster II,51-5201,USAF,4,Adana-Incirl...,, ,A1
19590331-2,31-MAR-1959,Douglas C-47B (DC-3),5878,COHATA,0,near Port-au-Prince,, ,A1
19590331-3,31-MAR-1959,Douglas R4D-8 (Super DC-3),17241,US Navy,3+ 1,near Napoli-Capod...,, ,A1
19590401-0,01-APR-1959,Douglas C-118A (DC-6),53-3250,USAF,4,"near Orting, WA",, ,A1
19590402-0,02-APR-1959,Lockheed WV-2 Super Constellation,141303,US Navy,1,Argentia-NAS...,, ,A1
19590408-0,08-APR-1959,Scottish Aviation Twin Pioneer CC.1,XM287,RAF,0,near Aden-Khormak...,, ,A1
19590408-1,08-APR-1959,Scottish Aviation Twin Pioneer CC.1,XM288,RAF,0,near Aden-Khormak...,, ,A1
19590409-0,09-APR-1959,de Havilland  DH-106 Comet 4,G-APDF,BOAC,0,Beirut Airpo...,, ,A2
19590410-0,10-APR-1959,Boeing 377 Stratocruiser,N1033V,Pan Am,0,Juneau Inter...,,,A1
19590410-1,10-APR-1959,Douglas DC-3, ,COHATA,1,Santiago Air...,, ,H2
19590412-0,12-APR-1959,Douglas C-47A (DC-3),6150,Portuguese AF,11,Rio Tejo (Ta...,, ,A1
19590413-0,13-APR-1959,Morane Saulnier MS.760 Paris I,12,French Navy,3,Hyères,, ,A1
19590413-1,13-APR-1959,Lockheed P2V-3 Neptune,122984,US Navy,0,"near China Lake, CA",, ,A1
19590415-0,15-APR-1959,Grumman SA-16 Albatross, ,USAF,6,Baltimore Ha...,, ,A1
19590416-0,16-APR-1959,Curtiss C-46, ,Aerovías Cubanas Internacionales,0,Miami Intern...,, ,H2
19590416-2,16-APR-1959,Douglas C-47 (DC-3), ,Turkish AF,2,Ankara-Etime...,, ,A1
19590417-0,17-APR-1959,Curtiss C-46F,XA-MIS,Tigres Voladores,26,near Bahía Kino,, ,A1
19590421-0,21-APR-1959,Grumman A-16 Albatross (HU-16),6536,Brazilian AF,2,Porto Alegre...,, ,A1
19590423-0,23-APR-1959,Avro 688 Super Trader,G-AGRH,Air Charter,12,Mount Süphan,,,A1
19590424-0,24-APR-1959,Lisunov Li-2,CCCP-84595,Aeroflot / West Siberia,5,Novosibirsk ...,, ,A1
19590425-0,25-APR-1959,Douglas C-47A (DC-3),EP-ACL,Iranian Airways,0,near Kerman,, ,A1
19590425-1,25-APR-1959,Vickers Viscount, ,Cubana,0,Key West Int...,, ,H2
19590429-0,29-APR-1959,Douglas C-47A (DC-3),EC-ABC,Iberia,28,Sierra de Va...,, ,A1
19590429-1,29-APR-1959,Lisunov Li-2,CCCP-04209,Polyarnaya Aviatsiya,0,N82°21' E177...,, ,A1
19590430-0,30-APR-1959,Douglas C-47B (DC-3),F-BAII,Air France,0,Poitiers-Bia...,, ,A1
19590499-0,??-APR-1959,Antonov An-2,CCCP-L5569,Aeroflot / Yakutsk,,,, ,A1
19590502-0,02-MAY-1959,Douglas C-47A (DC-3),OE-FDA,Austria-Flugdienst,5,"Mallorca, Al...",, ,A1
19590506-1,06-MAY-1959,Curtiss C-46A,PP-BTA,Paraense Transportes Aéreos,3,"near Belém, PA",, ,A1
19590508-0,08-MAY-1959,Curtiss C-46 Super C,OB-QAM,TAPSA,0,near Cuzco-Velazc...,,,A1
19590511-0,11-MAY-1959,Lockheed P2V-5 Neptune, ,US Navy,9,near Whidbey Isla...,, ,A1
19590512-0,12-MAY-1959,Lockheed L-049 Constellation,N2735A,Capital Airlines,2,Charleston-K...,, ,A1
19590512-1,12-MAY-1959,Vickers 745D Viscount,N7463,Capital Airlines,31,"Chase, MD",, ,A1
19590513-0,13-MAY-1959,Curtiss C-46A,OB-WBP-507,TAPSA,12,near Tournavista,, ,A1
19590515-0,15-MAY-1959,Douglas C-47A (DC-3),LV-AFW,Aerolineas Argentinas,10,near Mar del Plat...,, ,A1
19590518-0,18-MAY-1959,Vickers 815 Viscount,AP-AJC,PIA,0,Islamabad In...,,,A1
19590520-0,20-MAY-1959,Lockheed C-130A Hercules,57-0468,USAF,1+ 9,Ashiya Air Base,,,A1
19590521-0,21-MAY-1959,Curtiss C-46A,CC-CIA-497,L.A. Interpolar,8,Moro,, ,A1
19590529-0,29-MAY-1959,Handley Page Hastings C.1,TG522,RAF,5,near Khartoum-Civ...,, ,A1
19590601-0,01-JUN-1959,Curtiss C-46,TI-1022,Aerolineas Nacionales,2,within Nicaragua,, ,C1
19590603-0,03-JUN-1959,DH-106 Comet 2R,XK663,RAF,0,RAF Watton A...,, ,O1
19590607-0,07-JUN-1959,Douglas SC-47A,43-15689,USAF,0,near Libya,, ,A1
19590608-0,08-JUN-1959,de Havilland  DH-106 Comet 4,G-APDA,BOAC,0,Calcutta-Dum...,,,A2
19590610-0,10-JUN-1959,Martin PBM-5A Mariner,P-306,Dutch Navy,8,"Mormugao, Goa",,,A1
19590614-0,14-JUN-1959,Douglas C-47A (DC-3),ETI-82,Turkish AF,,unknown,, ,A1
19590620-0,20-JUN-1959,Consolidated P4Y-2 Privateer,N6884C,International Air Applicators,,"Prescott, AZ",, ,A1

19590621-0,21-JUN-1959,de Havilland  DH-106 Comet 4,G-APDB,BOAC,0,New York-Idl...,, ,A2
19590621-1,21-JUN-1959,Canadair C-54GM North Star,17525,RCAF,0,Athens-Ellin...,, ,A1
19590622-0,22-JUN-1959,Douglas DC-6A/B,N5026K,Pan Am,0,Shannon Airp...,, ,A1
19590622-1,22-JUN-1959,Boeing KC-135A,57-1446,USAF,0,Roswell-Walk...,, ,O1
19590623-0,23-JUN-1959,CASA 352 (Ju-52),T.2B-239,Spanish AF,,,, ,U1
19590623-1,23-JUN-1959,Douglas DC-4,HK-135,Avianca,14,Cerro Baco,, ,A1
19590623-3,23-JUN-1959,CASA 352 (Ju-52),T.2-136,Spanish AF,,,, ,U1
19590625-0,25-JUN-1959,Antonov An-2,CCCP-04266,"GUSMP, Directorate of Polar Aviation",,Yurgarga Riv...,, ,A1
19590626-0,26-JUN-1959,Lockheed L-1649A Starliner,N7313C,TWA,68,near Milano,, ,A1
19590630-0,30-JUN-1959,PBV-1A Canso A (PBY-5A),11041,RCAF,1,near Prince Ruper...,, ,A1
19590701-1,01-JUL-1959,Douglas C-47B (DC-3),GA+1..,German AF,0,Istanbul-Yes...,, ,A1
19590702-0,02-JUL-1959,PBV-1A Canso (PBY-5A),CF-IHB,Austin Airways,0,near Puvirnituq A...,, ,A1
19590703-0,03-JUL-1959,Handley Page Hastings C.1,TG580,RAF,0,Gan RAF Stat...,, ,A1
19590703-1,03-JUL-1959,Douglas C-47A (DC-3),T-21,Argentine AF,0,near Córdoba-Paja...,, ,A1
19590706-0,06-JUL-1959,Douglas C-124A Globemaster II,49-254,USAF,0,near Shreveport-B...,, ,A1
19590708-0,08-JUL-1959,unknown, ,JAT,0,Bari-Palese ...,, ,H2
19590709-0,09-JUL-1959,Boeing 377 Stratocruiser,N90941,Pan Am,0,Tokyo-Haneda...,,,A1
19590710-0,10-JUL-1959,Curtiss C-46,TI-1020,Aerolineas Nacionales,0,San José-La ...,, ,A1
19590714-0,14-JUL-1959,Douglas C-47A (DC-3),LV-ACM,Aerolineas Argentinas,0,Santiago del...,,,A1
19590715-0,15-JUL-1959,Avro 685 York C.1,EP-ADE,Persian Air Services,,near Kuwait City,, ,A1
19590715-1,15-JUL-1959,Curtiss C-46A,PT-BEE,Paraense Transportes Aéreos,2,near Babaçulândia...,, ,A1
19590719-0,19-JUL-1959,Lockheed L-1049G Super Constellatio,VT-DIN,Air-India,0,Mumbai (Bombay),, ,A1
19590722-0,22-JUL-1959,Boeing KC-97G Stratofreighter,52-2703,USAF,7,"near Andover, NH",, ,A1
19590724-0,24-JUL-1959,Nord 2501D Noratlas,GA+243,German AF,5,Kapidag Yari...,, ,A1
19590728-0,28-JUL-1959,Vickers 614 Viking 1,G-AHPH,East Anglian Flying Services,0,Southend Mun...,, ,A1
19590730-0,30-JUL-1959,Lockheed R7V-2 Super Constellation,131631,US Navy,,Palmdale Air...,, ,U1
19590802-0,02-AUG-1959,Douglas DC-3-277C,N28324,Capital Airlines,0,Pittsburgh I...,, ,O1
19590803-0,03-AUG-1959,Douglas C-47A (DC-3),VT-DGP,Kalinga Airlines,6,Sagone,, ,A1
19590804-0,04-AUG-1959,Ford 5-AT-C Tri-Motor,N8419,Johnson Flying Service,3,"Moose Creek, ID",, ,A2
19590807-0,07-AUG-1959,Vickers 610 Viking 1B,T-92,Argentine AF,,El Palomar A...,, ,A1
19590810-0,10-AUG-1959,Lisunov Li-2,CCCP-54795,Aeroflot / Yakutsk,9,Khabarovsk r...,, ,A1
19590810-1,10-AUG-1959,Lisunov Li-2,CCCP-04210,Polyarnaya Aviatsiya,7,Chukotka Cap...,, ,A1
19590810-2,10-AUG-1959,Lisunov Li-2,CCCP-04242,Polyarnaya Aviatsiya,7,near Pevek Airpor...,, ,A1
19590814-0,14-AUG-1959,Vickers 815 Viscount,AP-AJE,PIA,2,Karachi Inte...,,,A1
19590815-0,15-AUG-1959,Boeing 707-123,N7514A,American Airlines,5,near Calverton-Pe...,,,A1
19590815-1,15-AUG-1959,Douglas DC-3A-414A,TI-1005C,LACSA,0+ 1,San Isidro d...,,,A1
19590819-0,19-AUG-1959,Douglas C-47B (DC-3),G-AMZD,Transair,32,near Barcelona,, ,A1
19590821-0,21-AUG-1959,Martin 2-0-2A,N93202,Pacific Air Lines,0,"Burbank, CA",, ,O1
19590823-0,23-AUG-1959,DH-114 Heron 2B,VP-BAO,LIAT,0,Saint Kitts-...,,,A1
19590827-0,27-AUG-1959,DH-106 Comet 4,LV-AHP,Aerolineas Argentinas,2,near Asunción-Sil...,,,A1
19590827-1,27-AUG-1959,Douglas C-47A (DC-3),PP-AVY,REAL,,Maringa Airp...,, ,U1
19590902-0,02-SEP-1959,Curtiss C-46F,N5140B,Aaxico Airlines,2,Abiline-Dyes...,, ,A1
19590902-1,02-SEP-1959,Ilyushin Il-18B,CCCP-75676,Aeroflot / Moscow,0,Moskva-Vnuko...,, ,A1
19590905-1,05-SEP-1959,Vickers 610 Viking 1B,F-BFDN,Airnautic,0,"near Traliceto, C...",, ,A1
19590908-0,08-SEP-1959,Douglas DC-3A,XA-FIL,Mexicana,1,Poza Rica,, ,C2
19590912-0,12-SEP-1959,Douglas DC-4,N88900,Pan Am,3,near Mercedes,, ,A1
19590915-0,15-SEP-1959,Douglas R4D-5 (DC-3),17163,US Navy,0,Cape Hallett,, ,A1
19590916-0,16-SEP-1959,Nord 2501D Noratlas,GC+106,German AF,4,Oederquart,, ,A1
19590921-0,21-SEP-1959,Lockheed P-15 Neptune (P2V-5),7007,Brazilian AF,6,near Salvador Air...,, ,A1
19590921-1,21-SEP-1959,DHC-3 Otter,F-BGJU,Aigle Azur Extrême Orient,,Saigon,, ,A1
19590923-1,23-SEP-1959,SAAB Scandia 90A-1,PP-SQV,VASP,20,near São Paulo-Co...,, ,A1
19590924-0,24-SEP-1959,Douglas DC-7C,F-BIAP,TAI,54,near Bordeaux-Mér...,, ,A1
19590924-1,24-SEP-1959,Douglas C-54B (DC-4),N63396,Reeve Aleutian Airways,16,Great Sitkin...,, ,A1
19590925-0,25-SEP-1959,Douglas C-54A (DC-4),HZ-AAF,Saudi Arabian,0,Jeddah Airport,, ,A1
19590929-0,29-SEP-1959,Lockheed L-188A Electra,N9705C,Braniff Airways,34,"near Buffalo, TX",, ,A1
19590929-1,29-SEP-1959,CASA 352 (Ju-52),T.2B-139,Spanish AF,,,, ,U1
19590929-2,29-SEP-1959,Curtiss C-46A,PP-BTE,Paraense Transportes Aéreos,0,São Paulo-Co...,, ,A2
19590929-3,29-SEP-1959,Douglas DC-3-178,PP-ANU,Willys-Overland do Brasila,0,São Paulo-Co...,, ,A2
19591002-0,02-OCT-1959,Vickers Viscount, ,Cubana,0,Miami Intern...,, ,H2
19591002-1,02-OCT-1959,Lisunov Li-2,CCCP-84448,Aeroflot / Far East,4,near Petropavlovs...,, ,A1
19591003-0,03-OCT-1959,Vickers 757 Viscount,CF-TGY,TCAL,0,"near Toronto, ON",, ,A1
19591014-0,14-OCT-1959,Antonov An-8, ,Soviet AF,0,near Tula Airport...,, ,A1
19591015-1,15-OCT-1959,Boeing KC-135A,57-1513,USAF,4,"Leitchfield, KY",, ,A1
19591017-2,17-OCT-1959,Junkers Ju-52/3m,VH-BUU,Gibbes Sepik Airways,0,Baiyer River...,, ,A1
19591019-0,19-OCT-1959,Boeing 707-227,N7071,Boeing,4,"near Arlington, WA",,,A1
19591019-1,19-OCT-1959,Vickers Varsity T.1,WF381,RAF,2,near Tangmere,, ,A1
19591022-1,22-OCT-1959,Douglas C-47B (DC-3),476977/FRASB,French AF,,,, ,U1
19591023-0,23-OCT-1959,Ilyushin Il-14P,CCCP-41806,Aeroflot / Azerbaijan,28,near Moskva-Vnuko...,, ,A1
19591026-0,26-OCT-1959,Douglas DC-3,N67589,Pacific Air Lines,1,near Santa Maria ...,, ,A1
19591027-0,27-OCT-1959,Lisunov Li-2,CCCP-84746,Aeroflot / Kazakstan,1,near Karaganda Ai...,, ,A1
19591029-0,29-OCT-1959,Douglas C-47A (DC-3),SX-BAD,Olympic Airways,19,near Avlon Attiki,, ,A1
19591030-0,30-OCT-1959,Douglas C-47A (DC-3),N55V,Piedmont Airlines,26,Bucks Elbow ...,, ,A1
19591104-0,04-NOV-1959,Short Sunderland MR.5,NZ4111,New Zealand AF,0,Te Whanga La...,, ,A1
19591104-1,04-NOV-1959,Douglas C-54A (DC-4),CF-ILI,Wheeler Airlines,5,near Saint-Cléoph...,, ,A1
19591105-0,05-NOV-1959,Douglas R4D-1 (DC-3),N38G,National Aero Sales Comp.,0,near Cleveland-Bu...,, ,A1
19591107-0,07-NOV-1959,Douglas C-47A (DC-3),42-93074,USAF,15,near Tainan,, ,A1
19591109-0,09-NOV-1959,Morane Saulnier MS.760 Paris I,E-210,Argentine AF,1,"Ferreyra, CD",, ,A1
19591116-0,16-NOV-1959,Antonov An-10,CCCP-11167,Aeroflot / Ukraine,40,near Lviv-Snilow ...,, ,A1
19591116-1,16-NOV-1959,Douglas DC-7B,N4891C,"Delta Air Lines, op.for National Airlines",42,"near Pilottown, L...",, ,A1
19591121-0,21-NOV-1959,Douglas DC-4,YA-BAG,Ariana Afghan Airlines,24,near Beirut Inter...,, ,A1
19591122-0,22-NOV-1959,Douglas C-53-DO (DC-3),PP-NAZ,NAB,2,"near Ilha Rasa, RJ",, ,A1
19591122-1,22-NOV-1959,Douglas C-53D-DO (DC-3),6152,Portuguese AF,,Sao Filipe A...,,,A1
19591124-0,24-NOV-1959,Lockheed L-1049H Super Constellatio,N102R,TWA,3+ 8,near Chicago-Midw...,,,A1
19591128-0,28-NOV-1959,Antonov An-12, ,Soviet AF,10,near Irkutsk,, ,A1
19591129-0,29-NOV-1959,Ilyushin Il-12,CCCP-01426,Aeroflot / East Siberia,4,Irkutsk Airp...,, ,A1
19591199-1,??-NOV-1959,Bristol 170 Freighter 21P,G778,Pakistan AF,,,, ,A1
19591199-2,??-NOV-1959,Bristol 170 Freighter 31M,S4419,Pakistan AF,,,, ,A1
19591201-0,01-DEC-1959,Martin 2-0-2,N174A,Allegheny Airlines,25,near Williamsport...,, ,A1
19591201-1,01-DEC-1959,Douglas C-47 (DC-3),YV-C-AKU,LAV,3,near Caracas Airp...,, ,A1
19591202-0,02-DEC-1959,Lockheed L-049 Constellation,PP-PCR,Panair do Brasil,0,Buenos Aires...,, ,H2
19591202-1,02-DEC-1959,Douglas VC-47D (DC-3),43-49024,USAF,4,near Oslo,, ,A1
19591204-0,04-DEC-1959,Douglas C-47A (DC-3),2060,Brazilian AF,0,Aragarças Ai...,, ,O1
19591205-0,05-DEC-1959,Douglas DC-3, ,Federal Electricity Commission,7,near Puebla Airport,, ,A1
19591208-0,08-DEC-1959,Curtiss C-46A,HK-515,SAM,45,near Moron Island,, ,A1
19591212-0,12-DEC-1959,Convair CV-240-6,LV-ADM,Aerolineas Argentinas,0,"near Mendoza, MD",, ,A1
19591212-1,12-DEC-1959,Scottish Aviation Twin Pioneer 3,G-AOEN,Scottish Airlines,0,Luabo,,,A1
19591212-2,12-DEC-1959,Grumman SA-16B Albatross (HU-16),AD.1B-6,Spanish AF,0,Puerto de la...,, ,A1
19591213-0,13-DEC-1959,Ilyushin Il-14P,CCCP-91577,Aeroflot / Uzbekistan,30,"near Boysun, Surk...",, ,A1
19591214-0,14-DEC-1959,Boeing KC-97G Stratofreighter,53-0231,USAF,0,"near Dow AFB, ME",,,A1
19591215-0,15-DEC-1959,Douglas C-47D (DC-3),43-48271,USAF,,,, ,A1

19591217-0,17-DEC-1959,Consolidated PBY-6A Catalina,N64T,California Aircraft,3,Gravina Isla...,, ,A1
19591217-1,17-DEC-1959,Martin PBM-5A Mariner,P-302,Dutch Navy,5,"Patipi Bay, ...",, ,A1
19591217-2,17-DEC-1959,Lisunov Li-2,CCCP-84587,Aeroflot / Lithuania,1,near Vilnius,, ,A1
19591221-0,21-DEC-1959,Vickers 785D Viscount,I-LIZT,Alitalia,2,Roma-Ciampin...,,,A1
19591222-1,22-DEC-1959,Vickers 635 Viking 1B,G-AMGG,Eagle Aviation,0,Agadir-Inezg...,, ,A1
19591222-2,22-DEC-1959,Vickers 827 Viscount,PP-SRG,VASP,32+ 10,near Rio de Janei...,, ,A1
19591223-0,23-DEC-1959,de Havilland  DH-106 Comet 4,G-APDL,BOAC,0,Roma-Ciampin...,, ,A2
19591224-0,24-DEC-1959,Douglas C-47A (DC-3),PK-GDV,Garuda,1,near Palembang,,,A1
19591229-0,29-DEC-1959,Lockheed P2V-7 Neptune  ,140157,US Navy,,Brunswick NA...,, ,A1
19591231-0,31-DEC-1959,Douglas C-47A (DC-3),CP-584,LAB,11,San Jose de ...,, ,A1
