identifiant,date,type,registration,operator,fat.,location, ,pic,cat

19721201-1,01-DEC-1972,C-7A Caribou (DHC-4), ,Vietnam Air Force - VNAF,7,near Tuy Hoa Airp...,, ,A1
19721203-0,03-DEC-1972,Convair CV-990,EC-BZR,Spantax,155,Tenerife-Los...,,,A1
19721203-1,03-DEC-1972,Antonov An-2TP,CCCP-41306,Aeroflot / East Siberia,0,"Yerbogachon,...",, ,A1
19721203-2,03-DEC-1972,Howard Super Ventura,N5033F,Karan Corp.,5,Tucumcari Ai...,, ,A1
19721205-0,05-DEC-1972,Boeing 707-366C,SU-AOW,EgyptAir,6,Beni Suef,,,A1
19721205-1,05-DEC-1972,Lockheed C-130E-I Hercules,64-0558,USAF,12,"near Conway, SC",, ,A1
19721205-2,05-DEC-1972,Curtiss C-46A,YV-C-TGE,Latin Carga,0,Galapa,,,A1
19721206-0,06-DEC-1972,Douglas C-47B (DC-3),CF-AUQ,Superior Airways,0,"near Lac Randall, QC",, ,A1
19721208-0,08-DEC-1972,Boeing 720-060B, ,Ethiopian Airlines,7,Addis Ababa,, ,H2
19721208-1,08-DEC-1972,Boeing 737-222,N9031U,United Airlines,43+ 2,near Chicago-Midw...,,,A1
19721208-2,08-DEC-1972,Fokker F-27 Friendship 600,AP-AUS,PIA,26,near Jalkot,, ,A1
19721209-0,09-DEC-1972,Lockheed C-130E Hercules,64-0505,USAF,5,Guam-Agana N...,, ,A1
19721212-0,12-DEC-1972,DH-125-3A,N521M,Marathon Oil,0,"Findlay, OH",, ,A1
19721212-1,12-DEC-1972,Boeing 707-331C,N788TW,TWA,0,New York-Joh...,, ,A2
19721214-0,14-DEC-1972,BAC One-Eleven, ,Quebecair,0,Montreal,, ,H2
19721215-0,15-DEC-1972,Learjet 23,N20M,Zantop,2+ 1,Detroit-Metr...,, ,A1
19721215-1,15-DEC-1972,Boeing 747-151,N602US,Northwest Airlines,0,Miami Intern...,, ,A2
19721215-2,15-DEC-1972,Curtiss C-46A,CC-CLA,LASA,0,Arica-Chacal...,, ,A1
19721219-0,19-DEC-1972,Shorts SC.7 Skyvan 3M-400,T-703,Indonesian AF,,,, ,U1
19721220-0,20-DEC-1972,Convair CV-880,N8807E,Delta Air Lines,0,Chicago-O'Ha...,, ,A1
19721220-1,20-DEC-1972,DC-9-31,N954N,North Central Airlines,10,Chicago-O'Ha...,,,A1
19721220-2,20-DEC-1972,Curtiss C-46F,CF-IHV,Nordair,,"Lac Randall, QC",, ,U1
19721221-0,21-DEC-1972,DHC-6 Twin Otter 300,F-OGFE,Air Guadeloupe,13,near Sint Maarten,, ,A1
19721221-1,21-DEC-1972,Lockheed AC-130A Spectre,56-0490,USAF,14,near Pakse,, ,C1
19721223-0,23-DEC-1972,Fokker F-28 Fellowship 1000,LN-SUY,Braathens,40,near Oslo-Fornebu...,,,A1
19721224-0,24-DEC-1972,Douglas C-47 (DC-3), ,Philippine AF,,Tonquil Island,, ,C1
19721227-0,27-DEC-1972,Lockheed L-1329 JetStar I,N400M,Fluor Corp,3,Saranac Lake...,, ,A1
19721228-2,28-DEC-1972,Fokker F-28 Fellowship 1000,EC-BVC,Iberia,0,Bilbao Airpo...,,,A1
19721229-0,29-DEC-1972,Lockheed L-1011-385-1 TriStar 1,N310EA,Eastern Air Lines,101,"Everglades, FL",,,A1
19721231-1,31-DEC-1972,Douglas DC-7CF,N500AE,American Express Leasing,5,near San Juan-Isl...,, ,A1
19729999-0,??-???-1972,Scottish Aviation Twin Pioneer 3,PK-GTA,Merpati Nusantara,,,, ,U1
19729999-1,??-???-1972,Antonov An-12, ,Soviet AF,,,, ,A1
19729999-2,??-???-1972,Grumman HU-16B Albatross,0533,Argentine Navy,0,,, ,A1
19729999-3,??-???-1972,Douglas DC-3A,9T-PKR,Congolese AF,,near Watsa,, ,A1

19720799-0,??-JUL-1972,Lockheed P-2H Neptune,148354,US Navy,,Roosevelt Ro...,, ,A1
19720803-0,03-AUG-1972,Howard Super Ventura,N446DD,Beta Leasing,0,Austin-Rober...,, ,A1
19720804-0,04-AUG-1972,Douglas DC-3-454,N31538,Mercer Airlines,0,"Point Mugu, CA",, ,A1
19720804-1,04-AUG-1972,Douglas C-47B (DC-3),6850,South African AF,0,near Swartkop AFB,, ,A1
19720804-2,04-AUG-1972,Ilyushin Il-14M,CCCP-91537,Aeroflot / Yakutsk,0,near Aldan,, ,A1
19720808-0,08-AUG-1972,Lockheed 18 Lodestar,N666P,Am. Phil. Indo. Malaysian Ent.,0,Cebu Airport...,, ,A1
19720811-0,11-AUG-1972,BN-2A-6 Islander,EP-PAE,Pars Air,,Bandar-e-Ganave,, ,A1
19720812-0,12-AUG-1972,Fokker F-27 Friendship 100,VT-DME,Indian Airlines,18,near Delhi-Palam ...,, ,A1
19720812-1,12-AUG-1972,Lockheed C-130E Hercules,62-1853,USAF,30,near Soc Trang (SOA),, ,C1
19720813-0,13-AUG-1972,Antonov An-2T,CCCP-01147,Aeroflot / Far East,0,near Yuzhno-Sakha...,, ,A1
19720813-1,13-AUG-1972,Boeing 707-321,YU-AGA,JAT,0,New York-Joh...,, ,A2
19720814-0,14-AUG-1972,Ilyushin Il-62,DM-SEA,Interflug,156,Königs Wuste...,, ,A1
19720815-0,15-AUG-1972,BAC One-Eleven 521FH,LV-JNS,Austral Lineas Aéreas,0,Santiago,, ,H2
19720815-1,15-AUG-1972,Consolidated 28-5AC Catalina,N19Q,private,0,near Monte Carlo,, ,A1
19720816-0,16-AUG-1972,Boeing 707-358C,4X-ATT,El Al,0,near Roma,, ,C2
19720816-1,16-AUG-1972,Douglas C-47B (DC-3),XY-ACM,Union of Burma Airways,28,near Thandwe Airp...,, ,A1
19720816-2,16-AUG-1972,Boeing 727-2B6,CN-CCG,RAM,0,near Rabat,, ,C2
19720818-0,18-AUG-1972,Boeing 727, ,United Airlines,0,Seattle/Taco...,, ,H2
19720818-1,18-AUG-1972,Fairchild F-27,TC-KOC,THY,0,Istanbul-Yes...,,,A1
19720820-0,20-AUG-1972,Douglas DC-3A-269,PK-ZDD,Zamrud Airlines,,Sumbawa Besar,, ,A1
19720821-0,21-AUG-1972,Ford 4-AT-B Tri-Motor,N7684,Island Airlines,0,Port Clinton...,,,A2
19720822-0,22-AUG-1972,Douglas DC-6, ,Alyemda,0,Benghazi-Ben...,, ,H2
19720824-0,24-AUG-1972,Vickers 761D Viscount,XY-ADF,Union of Burma Airways,0,Sittwe-Civil...,,,A1
19720825-0,25-AUG-1972,Vickers 785D Viscount,HK-1058,Aerolíneas TAO,0,Camagüey Air...,, ,H2
19720826-0,26-AUG-1972,Ilyushin Il-18B,CCCP-75663,Aeroflot / Northern,0,Arkhangelsk ...,, ,A1
19720826-1,26-AUG-1972,Fairchild C-123K Provider,ST-2,Air America,8,near PleikuPleiku...,, ,A1
19720827-0,27-AUG-1972,Douglas C-47 (DC-3),YV-C-AKE,LAV,34,near Canaima Airp...,, ,A1
19720827-1,27-AUG-1972,Fairchild C-123K Provider,555,Air America,9,near Vang Vieng,, ,A1
19720828-0,28-AUG-1972,DHC-4A Caribou,A4-233,RAAF,25,Kudjero Gap,, ,A1
19720828-1,28-AUG-1972,Learjet 23,HB-VAM,Vodavia,2,near Innsbruck-Kr...,, ,A1
19720829-0,29-AUG-1972,Curtiss C-46A,AN-AMR,LANICA,0,Managua Airp...,,,A1
19720830-0,30-AUG-1972,Antonov An-2R,CCCP-32520,"Aeroflot, Moscow SPiMVL",2,near Perevitsy,, ,A1
19720830-1,30-AUG-1972,Antonov An-2R,CCCP-49369,Aeroflot / Yakutsk,0,near Suntar,, ,A1
19720831-0,31-AUG-1972,Ilyushin Il-18V,CCCP-74298,Aeroflot / Kazakstan,102,near Magnitogorsk...,, ,A1
19720901-0,01-SEP-1972,Shorts SC.7 Skyvan 3-300,VH-PNI,Ansett Airlines of PNG,4,Mount Giluwe,, ,A1
19720906-0,06-SEP-1972,U-1A Otter (DHC-3),0-53300,Khmer Air Force,4,near Phnom Penh,, ,A1
19720907-0,07-SEP-1972,Curtiss C-46A,CP-959,SAVCO,1,Trinidad Air...,, ,A1
19720908-0,08-SEP-1972,Douglas C-124C Globemaster II,51-0132,USAF,0,Cape Newenha...,,,A1
19720910-0,10-SEP-1972,Douglas C-47 (DC-3),ET-ABQ,Ethiopian Airlines,11,near Gondar,, ,A1
19720910-1,10-SEP-1972,Antonov An-2M,CCCP-02369,Aeroflot / Ukraine,2,Velikaya Vulyga,, ,A1
19720911-0,11-SEP-1972,Lockheed 18 Learstar,N1040E,Unknown,1,Clarendon,, ,A1
19720912-0,12-SEP-1972,Lockheed Hercules C.1 (C-130K),XV194,RAF,0,Tromsø/Langn...,,,A1
19720913-0,13-SEP-1972,Douglas C-47A (DC-3),9N-RF10,Nepalese AF,31,Panchkhal,, ,A1
19720913-1,13-SEP-1972,Boeing 707-331C,N15712,TWA,0,San Francisc...,,,A1
19720913-2,13-SEP-1972,Antonov An-2R,CCCP-33233,Aeroflot / Kazakstan,0,Semipalatins...,, ,A1
19720915-0,15-SEP-1972,DC-9-21,LN-RLO,SAS,0,Madrid,, ,H2
19720916-0,16-SEP-1972,Fairchild F-27,PI-C892,Air Manila Int.,0,near Roxas,, ,O2
19720917-0,17-SEP-1972,Douglas C-47A (DC-3),CP-565,Aerolineas Abaroa,0,La Paz,, ,A1
19720919-0,19-SEP-1972,Fokker F-28 Fellowship 1000,PH-FPT,Nigeria Airways,0,Port Harcour...,,,A1
19720922-0,22-SEP-1972,Volpar Turboliner II,ZS-PRA,United Air,3,near Johannesburg...,, ,A1
19720924-0,24-SEP-1972,Douglas C-54D (DC-4),XV-NUH,Air Vietnam,10,near Ben Cat,, ,A1
19720924-1,24-SEP-1972,Douglas DC-8-53,JA8013,JAL,0,Bombay-Juhu ...,, ,A1
19720924-2,24-SEP-1972,Consolidated PBY-5A Catalina,CF-AAD,Austin Airways,0,Great Whale ...,,,A1
19720925-0,25-SEP-1972,Douglas C-47A (DC-3),TAM-24,TAM,0,Caranavi,,,A1
19720926-0,26-SEP-1972,Fokker F-27 Friendship 600,PK-GFP,Garuda,3,near Jakarta-Kema...,, ,A1
19720930-0,30-SEP-1972,Douglas C-47B (DC-3),EC-AQE,Spantax,1,Madrid-Baraj...,,,A1
19721001-0,01-OCT-1972,Ilyushin Il-18V,CCCP-75507,Aeroflot / Moscow,109,near Adler/Sochi ...,, ,A1
19721002-1,02-OCT-1972,Douglas C-47A (DC-3),XW-TDA,Cambodia Air Commercial,9,Kampot Airpo...,, ,C1
19721006-0,06-OCT-1972,Fokker F-27 Friendship, ,ATI,1,Trieste-Ronc...,, ,H2
19721006-1,06-OCT-1972,Antonov An-2P,CCCP-70738,Aeroflot / Yakutsk,0,Cherski,, ,A1
19721011-0,11-OCT-1972,Boeing 727, ,Lufthansa,0,Frankfurt,, ,H2
19721013-0,13-OCT-1972,Fairchild FH-227D,T-571,Uruguayan AF,29,near El Tiburcio,,,A1
19721013-1,13-OCT-1972,Ilyushin Il-62,CCCP-86671,Aeroflot / International,174,near Moskva-Shere...,, ,A1
19721015-0,15-OCT-1972,Howard 350,N361MC,Mar Pon,0,Philadelphia...,, ,A1
19721018-1,18-OCT-1972,NAMC YS-11A-202,PP-CTG,Cruzeiro do Sul,0,São Paulo-Co...,, ,A1
19721021-0,21-OCT-1972,NAMC YS-11A-500,SX-BBQ,Olympic Airways,37,near Athens-Ellin...,, ,A1
19721022-0,22-OCT-1972,Boeing 707-321,TC-JAM,THY,0,Sofia-Vrazhd...,, ,H2
19721023-0,23-OCT-1972,Antonov An-12BP, ,Soviet AF,20,Tula Airport...,, ,A1
19721023-1,23-OCT-1972,Antonov An-12BP, ,Soviet AF,7,Tula Airport...,, ,A1
19721023-2,23-OCT-1972,BN-2A-6 Islander,F-OCRH,Air Melanesie,1,near Lenakel Airf...,,,A1
19721027-0,27-OCT-1972,Vickers 724 Viscount,F-BMCH,Air Inter,60,near Noirétable,,,A1
19721027-1,27-OCT-1972,Fairchild C-119G Flying Boxcar,52-5936,USAF,5,Col du Devès...,, ,A1
19721029-0,29-OCT-1972,Boeing 727-30,D-ABIG,Lufthansa,0,Tripoli,, ,H2
19721029-1,29-OCT-1972,Boeing 727, ,Eastern Air Lines,0+ 1,Havana-José ...,, ,H2
19721030-0,30-OCT-1972,Fokker F-27 Friendship 200,I-ATIR,ATI,27,near Poggiorsini,,,A1
19721030-1,30-OCT-1972,Tupolev Tu-134,DM-SCA,Interflug,0,Berlin-Schön...,, ,A1
19721030-2,30-OCT-1972,Douglas DC-3C,VH-PNA,Ansett Airlines of PNG,0,Madang Airpo...,, ,A1
19721031-0,31-OCT-1972,Dassault Falcon 10,F-WFAL,Dassault,2,Romorantin,, ,A1
19721101-0,01-NOV-1972,Douglas DC-3,4W-ABJ,Yemen Airlines,,Beihan Airpo...,, ,A1
19721104-0,04-NOV-1972,Antonov An-24B,CCCP-46202,Aeroflot / Privolzhsk,0,near Kursk-Vostoc...,, ,A1
19721104-1,04-NOV-1972,Ilyushin Il-14P,LZ-ILA,Balkan Bulgarian,35,near Cruncha,, ,A1
19721106-0,06-NOV-1972,Boeing 727, ,JAL,0,Tokyo,, ,H2
19721106-2,06-NOV-1972,Fairchild C-123K Provider,648,Air America,0,near Paksong,, ,C1
19721108-0,08-NOV-1972,Boeing 727-200, ,Mexicana,0,Havana,, ,H2
19721110-0,10-NOV-1972,DC-9, ,Southern Airways,0,Havana,, ,H2
19721113-0,13-NOV-1972,Antonov An-2TP,CCCP-09676,Aeroflot / Krasnoyarsk,2,near Yeniseisk,, ,A1
19721114-0,14-NOV-1972,Antonov An-2TP,CCCP-91726,Aeroflot / Yakutsk,0,near Lensk,, ,A1
19721115-0,15-NOV-1972,Fokker F-27 Friendship 200,VH-FNI,Ansett,1,Alice Spring...,, ,H2
19721115-1,15-NOV-1972,BN-2A-9 Islander,F-BTGH,Rousseau Aviation,0,Dinard-Pleur...,,,A1
19721117-0,17-NOV-1972,DHC-6 Twin Otter 100,938,Chilean AF,3,Segundo Corr...,, ,A1
19721117-1,17-NOV-1972,Douglas C-47A (DC-3),CF-FOL,S & H Aviation Sales,3,"near St. Johns, N...",,,A1
19721120-0,20-NOV-1972,SE-210 Caravelle III,YU-AJG,JAT,0,Beograd Airp...,, ,A1
19721121-0,21-NOV-1972,Antonov An-12TB,CCCP-11360,Aeroflot / Moscow,,Vorkuta Airp...,, ,A1
19721121-1,21-NOV-1972,Douglas EC-47Q (DC-3),43-49771,USAF,2,near Nakhon Phano...,, ,A1
19721122-0,22-NOV-1972,Yakovlev Yak-40,CCCP-87819,Aeroflot / Krasnoyarsk,0,Krasnoyarsk ...,, ,A1
19721123-0,23-NOV-1972,C-7A Caribou (DHC-4),401,"USAF, op.for Air America",4,near Saravane,, ,C1
19721124-0,24-NOV-1972,DC-8, ,Air Canada,1,Frankfurt,, ,H2
19721128-0,28-NOV-1972,Hawker Siddeley HS-748,PI-C1027,Philippine Air Lines,0,Bislig Airpo...,, ,A1
19721128-1,28-NOV-1972,DC-8-62,JA8040,JAL,61,Moskva-Shere...,, ,A1
19721201-0,01-DEC-1972,Douglas C-47A (DC-3),CF-TQW,Reindeer Air Service,2,near Norman Wells...,, ,A1

19720105-1,05-JAN-1972,Douglas C-47B (DC-3),CF-KAH,McKenzie Air,,Norman Wells...,, ,U1
19720106-0,06-JAN-1972,Hawker Siddeley HS-748,XA-SEV,SAESA,23,near Chetumal,, ,A1
19720107-0,07-JAN-1972,Convair CV-340-68B,HZ-AAU,Saudi Arabian,0,Jeddah Inter...,, ,A1
19720107-1,07-JAN-1972,SE-210 Caravelle VI-R,EC-ATV,Iberia,104,near Ibiza Airpor...,, ,A1
19720107-2,07-JAN-1972,Boeing 727-200, ,PSA,0,Havana-José ...,, ,H2
19720108-0,08-JAN-1972,U-1A Otter (DHC-3),0-53279,Khmer Air Force,,within Cambodia,, ,A1
19720109-0,09-JAN-1972,Lockheed L-188A Electra,PI-C1060,Air Manila Int.,0,Manila Inter...,, ,A1
19720112-0,12-JAN-1972,Boeing 727, ,Braniff Airways,0,Dallas-Love ...,, ,H2
19720115-0,15-JAN-1972,Lockheed KC-130F Hercules,149810,USMC,,"Lake City, FL",, ,O1
19720115-1,15-JAN-1972,Lockheed EC-130G Hercules,151890,US Navy,0,near Patuxent Riv...,,,A1
19720118-0,18-JAN-1972,Learjet 25,N658TC,Tandy Corp.,9,near Victoria Cou...,, ,A1
19720120-0,20-JAN-1972,DC-9-31,N9333,Hughes Airwest,0,Las Vegas-Mc...,, ,H2
19720121-0,21-JAN-1972,DC-9-32,TC-JAC,THY,1,near Adana Airpor...,,,A1
19720121-1,21-JAN-1972,Douglas C-47 (DC-3),FAC-661,SATENA,39,near Betania,, ,A1
19720121-2,21-JAN-1972,Vickers 837 Viscount,HK-1347,La Urraca,20,near Bogotá-Eldor...,, ,A1
19720125-0,25-JAN-1972,Yakovlev Yak-40,YA-KAD,Bakhtar Afghan,0,Khost,, ,A1
19720126-0,26-JAN-1972,DC-9-32,YU-AHT,JAT,27,near Ceské Kamenice,,,C1
19720126-1,26-JAN-1972,Fairchild FH-227B,N7817M,Mohawk Airlines,1,Poughkeepsie...,, ,H2
19720126-2,26-JAN-1972,BN-2 Islander,A2-ZEV,Air Botswana,0,Maun Airport...,, ,A1
19720126-3,26-JAN-1972,BN-2A Islander,7Q-YKD,Air Malawi,0,Usisya,, ,A2
19720126-6,26-JAN-1972,U-1A Otter (DHC-3),0-81717,Khmer Air Force,,near Phnom Penh-P...,, ,A1
19720128-0,28-JAN-1972,Vickers VC10-1100,G-ARTA,British Caledonian Airways,0,London-Gatwi...,,,A1
19720128-1,28-JAN-1972,Vickers 814 Viscount,D-ANEF,Airwork,0,Bournemouth ...,,,A1
19720129-0,29-JAN-1972,Boeing 707, ,TWA,0,New York-Joh...,, ,H2
19720129-1,29-JAN-1972,Grumman C-2A Greyhound,155122,US Navy,2,Mediterranea...,, ,A1
19720130-0,30-JAN-1972,DHC-6 Twin Otter 200,N6767,Interior Airways,0,Fairbanks In...,, ,O1
19720201-0,01-FEB-1972,Douglas DC-6,XW-PEH,"Royal Air Lao, op.for PENAS",6,near Tegal,,,A1
19720201-1,01-FEB-1972,VFW/Fokker VFW.614,D-BABA,VFW-Fokker,1,near Bremen Airpo...,,,A1
19720201-2,01-FEB-1972,Avia 14-40,OK-MCG,CSA,0,Karlovy Vary...,, ,A1
19720202-0,02-FEB-1972,Dornier Do 28D-1 Skyservant,YV-C-FLF,Aeroven,,Pista la Sal...,, ,A1
19720204-0,04-FEB-1972,Convair CV-340-68B,HZ-AAT,Saudi Arabian,0,Sana'a - Ta'izz,, ,A1
19720204-1,04-FEB-1972,Hawker Siddeley HS-748,PP-VDU,Varig,0,Porto Alegre...,, ,A1
19720204-2,04-FEB-1972,C-7A Caribou (DHC-4),393,Air America,2,Pha Khao,, ,A1
19720205-0,05-FEB-1972,Fairchild F-27,HK-1139,TAC Colombia,19,near Valledupar A...,, ,A1
19720209-0,09-FEB-1972,Curtiss C-46F,N67961,Continental Air Services,5,near Long Tieng,, ,A1
19720210-1,10-FEB-1972,Douglas DC-3, ,Biman Bangladesh,5,near Dhaka,, ,A1
19720211-0,11-FEB-1972,Douglas C-54A (DC-4),XW-TDE,Royal Air Lao,23,between Sava...,, ,C1
19720218-0,18-FEB-1972,Learjet 25B,SX-ASO,Olympic Airways,2,near Antibes,, ,A1
19720219-0,19-FEB-1972,Lockheed C-130E Hercules,62-1813,USAF,5,near Jacksonville...,,,A1
19720219-1,19-FEB-1972,Sud-Aviation SE-210 Caravelle, ,Alia,0,Amman-Marka ...,, ,H2
19720220-0,20-FEB-1972,Dassault Falcon 20D,HB-VCG,Fred-Air,0,near St. Moritz-S...,, ,A1
19720222-0,22-FEB-1972,Antonov An-24,CCCP-46732,Aeroflot / Moscow,0,near Lipetsk Airp...,, ,A1
19720222-1,22-FEB-1972,Boeing 747-230B,D-ABYD,Lufthansa,0,Aden,, ,H2
19720223-0,23-FEB-1972,Antonov An-2,LZ-...,Unknown,1,within Bulgaria,, ,A1
19720227-0,27-FEB-1972,Antonov An-24B,CCCP-46418,Aeroflot / North Kavkaz,0,near Mineralnye V...,, ,A1
19720299-0,??-FEB-1972,Douglas C-47A (DC-3),T.3-13,Spanish AF,,,, ,U1
19720299-1,??-FEB-1972,Antonov An-10,CCCP-11142,Aeroflot / Ukraine,,Rostov Airpo...,, ,O1
19720301-0,01-MAR-1972,Dassault Falcon 20F,OH-FFW,Finnwings,0,Montreal-Dor...,, ,A1
19720303-0,03-MAR-1972,Fairchild FH-227B,N7818M,Mohawk Airlines,16+ 1,near Albany Airpo...,,,A1
19720307-0,07-MAR-1972,Boeing 727, ,National Airlines,0,,, ,H2
19720307-1,07-MAR-1972,Grumman G-73 Mallard,N3010,Chalk's,0,Havana-José ...,, ,H2
19720308-0,08-MAR-1972,Boeing 707-331,N761TW,TWA,0,Las Vegas-Mc...,,,C1
19720311-0,11-MAR-1972,Sud-Aviation SE-210 Caravelle, ,Alitalia,0,Munich,, ,H2
19720313-0,13-MAR-1972,Boeing KC-135A,58-0048,USAF,5,Fort Worth-C...,, ,A1
19720314-0,14-MAR-1972,Douglas C-47D (DC-3),44-77228,USAF,4,Lake Charles...,, ,A1
19720314-1,14-MAR-1972,SE-210 Caravelle 10B3,OY-STL,Sterling Airways,112,near Kalba,,,A1
19720314-2,14-MAR-1972,Douglas C-47 (DC-3),HC-SJE,ATESA,6,Sangay Volcano,, ,A1
19720314-3,14-MAR-1972,Fairchild C-119 Flying Boxcar,3117,Republic of China AF,,unknown,, ,U1
19720315-0,15-MAR-1972,U-1A Otter (DHC-3),0-52978,Khmer Air Force,,within Cambodia,, ,A1
19720319-0,19-MAR-1972,Lockheed L-188CF Electra,N851U,Universal Airlines,0,Ogden-Hill A...,, ,A1
19720319-2,19-MAR-1972,Tupolev Tu-104B,CCCP-42408,Aeroflot / East Siberia,0,Omsk,, ,A1
19720319-3,19-MAR-1972,DC-9-32,YU-AHR,EgyptAir,30,near Aden Interna...,,,A1
19720321-0,21-MAR-1972,U-1A Otter (DHC-3),0-92209,Khmer Air Force,0,Phnom Penh-P...,, ,C1
19720321-1,21-MAR-1972,U-1A Otter (DHC-3),0-53277,Khmer Air Force,0,Phnom Penh-P...,, ,C1
19720321-2,21-MAR-1972,U-1A Otter (DHC-3),0-53311,Khmer Air Force,0,Phnom Penh-P...,, ,C1
19720326-0,26-MAR-1972,Antonov An-2R,CCCP-29380,Aeroflot / Privolzhsk,0,Sterlitamak,, ,A1
19720327-0,27-MAR-1972,Antonov An-2,CCCP-42621,Aeroflot / Ukraine,1,Voroshilovgrad,, ,A1
19720328-0,28-MAR-1972,Lockheed AC-130A Spectre,55-0044,USAF,14,near Tchepone,, ,C1
19720329-0,29-MAR-1972,DH-114 Riley Heron 2D,N19D,Air Pacific,0,"near Hawaii, USA",, ,A1
19720330-0,30-MAR-1972,Lockheed AC-130E Spectre,69-6571,USAF,0,near Saravane,, ,C1
19720405-0,05-APR-1972,Vickers Viscount, ,Merpati Nusantara,1,Yogyakarta,, ,H2
19720406-1,06-APR-1972,Curtiss C-46F,YV-C-EVF,AVENSA,2,near San Fernando,, ,A1
19720407-0,07-APR-1972,Boeing 727, ,United Airlines,0,San Francisc...,, ,H2
19720408-0,08-APR-1972,Hawker Siddeley HS-748,XS609,RAF,4,Siena/Ampugn...,, ,A1
19720408-1,08-APR-1972,Boeing 727, ,Faucett,0,,, ,H2
19720409-0,09-APR-1972,Boeing 727, ,PSA,0,San Diego In...,, ,H2
19720410-0,10-APR-1972,Douglas DC-6B,HP-539,Inair Panama,0,"Manaus, AM",, ,A1
19720411-0,11-APR-1972,Douglas C-47B (DC-3),VH-PNB,"Ansett Airlines of PNG, op.for TAA",0,Madang Airpo...,,,A1
19720411-1,11-APR-1972,Antonov An-2T,CCCP-44937,Aeroflot / Yakutsk,1,Yukagir Vill...,, ,A1
19720412-0,12-APR-1972,NAMC YS-11A-211,PP-SMI,VASP,25,near Rio de Janei...,, ,A1
19720412-2,12-APR-1972,Douglas EC-47Q,45-1131,USAF,,Da Nang Air ...,, ,C1
19720413-0,13-APR-1972,Boeing 737-200, ,Frontier Airlines,0,Los Angeles ...,, ,H2
19720413-1,13-APR-1972,Douglas EC-47P,45-1102,USAF,,Da Nang Air ...,, ,O1
19720413-2,13-APR-1972,Consolidated C-10A Catalina (PBY-5A,6514,Brazilian AF,2,"Humaitá, AM",, ,A1
19720414-0,14-APR-1972,Shorts SC.7 Skyvan 3-300,N725R,Viking Int. Air Freight,1,near La Crosse Mu...,, ,A1
19720414-1,14-APR-1972,Antonov An-2R,CCCP-01506,Aeroflot / Privolzhsk,2,"Vyyezdnoye, ...",, ,A1
19720414-2,14-APR-1972,Douglas DC-3A,TAM-01,TAM,,La Paz ?,, ,U1
19720416-0,16-APR-1972,DH-114 Heron, ,Prinair,0,,, ,H2
19720416-1,16-APR-1972,Fokker F-27 Friendship 200,I-ATIP,ATI,18,near Ardinello di...,, ,A1
19720417-0,17-APR-1972,Convair CV-880,N8802E,Delta Air Lines,0,Chicago-O'Ha...,, ,H2
19720417-1,17-APR-1972,Boeing 727, ,Alaska Airlines,0,,, ,H2
19720417-2,17-APR-1972,DC-9-32,HB-IFM,Swissair,0,Roma-Ciampin...,, ,H2
19720418-0,18-APR-1972,Lockheed C-130E Hercules,63-7775,USAF,0,near Lai Khe,, ,C1
19720418-1,18-APR-1972,Vickers Super VC10-1154,5X-UVA,East African Airways,43,Addis Ababa-...,,,A1
19720418-2,18-APR-1972,Let L-410A,OK-ADN,Slov-Air,0,Nürnberg Air...,,,H2
19720420-0,20-APR-1972,Douglas C-47D (DC-3),OB-R-653,SATCO,6,near Moyobamba,, ,A1
19720422-0,22-APR-1972,Curtiss C-46 Super C,CP-940,TABSA,,El Desengano,, ,A1
19720424-1,24-APR-1972,Douglas C-47 (DC-3),FAC-652,Colombian AF,0,near Bogotá-Eldor...,, ,A2
19720426-0,26-APR-1972,Lockheed C-130E Hercules,64-0508,USAF,6,near An Loc,, ,C1
19720502-0,02-MAY-1972,Fairchild AC-119K Stinger,53-7826,USAF,3,near An Loc,, ,C1

19720503-0,03-MAY-1972,Lockheed C-130E Hercules,62-1797,USAF,6,near An Loc,, ,C1
19720503-1,03-MAY-1972,DC-9-32,TC-JAB,THY,0,Sofia,, ,H2
19720503-2,03-MAY-1972,Douglas C-124C Globemaster II,52-1055,Air National Guard,11,near Paramaribo-Z...,, ,A1
19720504-0,04-MAY-1972,Yakovlev Yak-40,CCCP-87778,Aeroflot / East Siberia,18,near Bratsk Airpo...,, ,A1
19720505-0,05-MAY-1972,Douglas DC-8-43,I-DIWB,Alitalia,115,near Palermo,,,A1
19720505-1,05-MAY-1972,Boeing 737-200, ,Western Air Lines,0,Havana-José ...,, ,H2
19720505-2,05-MAY-1972,Boeing 727, ,Eastern Air Lines,0,,, ,H2
19720505-3,05-MAY-1972,U-1A Otter (DHC-3),0-81707,Khmer Air Force,0,Phnom Penh-P...,, ,C1
19720505-4,05-MAY-1972,Antonov An-2R,CCCP-25604,Aeroflot / Ukraine,2,Poltava Region,, ,A1
19720507-0,07-MAY-1972,Handley Page HPR-7 Herald 101,HK-721,La Urraca,0,near Valledupar A...,, ,A1
19720508-0,08-MAY-1972,Boeing 707-329,OO-SJG,Sabena,3,Tel Aviv-Lod...,, ,H2
19720508-1,08-MAY-1972,Douglas VC-47J (DC-3),YV-C-GAI,Aerotechnia,6,near Ciudad Bolívar,, ,A1
19720508-2,08-MAY-1972,Antonov An-2R,CCCP-45292,Aeroflot / Tajikistan,2,Argyz distri...,, ,A1
19720510-0,10-MAY-1972,Fokker F-27 Friendship 400M,ST-ADX,Sudan Airways,0,El Obeid Air...,,,A1
19720512-0,12-MAY-1972,Lockheed 18 Learstar,N211L,Carolina Aircraft,8,"Okeechobee, FL",, ,A1
19720512-1,12-MAY-1972,HAL-748,VT-EAT,Indian Airlines,0,Cochin Airpo...,, ,A2
19720512-2,12-MAY-1972,Antonov An-2TP,CCCP-50506,Aeroflot / East Siberia,0,near Kirensk,, ,A1
19720513-0,13-MAY-1972,U-1A Otter (DHC-3),0-92227,Khmer Air Force,,within Cambodia,, ,U1
19720513-2,13-MAY-1972,U-1A Otter (DHC-3),0-81718,Khmer Air Force,,unknown,, ,U1
19720516-0,16-MAY-1972,Antonov An-24T,05,Soviet Navy,8+ 25,Svetlogorsk,, ,A1
19720517-0,17-MAY-1972,Lockheed C-130E Hercules,63-7798,USAF,4,near Kontum Airpo...,, ,C1
19720518-0,18-MAY-1972,Antonov An-10A,CCCP-11215,Aeroflot / Ukraine,122,near Kharkov Airp...,, ,A1
19720518-1,18-MAY-1972,DC-9-31,N8961E,Eastern Air Lines,0,Fort Lauderd...,, ,A1
19720521-0,21-MAY-1972,Fokker F-27 Friendship 200,CR-LLD,DTA,22,near Lobito Airport,, ,A1
19720523-0,23-MAY-1972,Lockheed C-130E Hercules,62-1854,USAF,0,Kontum Airpo...,, ,O1
19720523-1,23-MAY-1972,Lockheed L-188A Electra, ,Ecuatoriana,1,Quito-Marisc...,, ,H2
19720524-0,24-MAY-1972,Boeing 727-44,ZS-SBE,South African Airways,0,Blantyre-Chi...,, ,H2
19720525-0,25-MAY-1972,Boeing 727-116,CC-CAG,LAN Chile,0,near Montego Bay,, ,C2
19720526-0,26-MAY-1972,Antonov An-12AP, ,Soviet AF,5,Panevézys,, ,A1
19720526-1,26-MAY-1972,Lockheed P-3A Orion,152155,US Navy,8,near California,, ,A1
19720527-1,27-MAY-1972,DHC-6 Twin Otter 100,D-IDHC,General Air,8,Helgoland Ai...,, ,A1
19720528-1,28-MAY-1972,Boeing 707, ,Olympic Airways,0,Athens,, ,H2
19720529-0,29-MAY-1972,Lockheed L-149 Constellation,PP-PDG,Amazonese,9,near Cruzeiro do ...,, ,A1
19720530-0,30-MAY-1972,Douglas DC-9-14,N3305L,Delta Air Lines,4,Fort Worth-G...,,,A1
19720530-1,30-MAY-1972,Lockheed L-188A Electra,PP-VJL,Varig,1,São Paulo-Co...,, ,H2
19720602-0,02-JUN-1972,Boeing 727, ,Western Air Lines,0,Algiers,, ,H2
19720602-1,02-JUN-1972,Boeing 727, ,United Airlines,0,"Reno, NV",, ,H2
19720603-0,03-JUN-1972,Lockheed P-3A Orion,152182,US Navy,14,near Jebel Musa,, ,A1
19720605-0,05-JUN-1972,Lockheed C-130D Hercules,57-0495,USAF,1,DYE 3 Airstrip,, ,A1
19720605-1,05-JUN-1972,Lockheed C-130E Hercules,62-1805,USAF,6,near Magong AFB (...,, ,A1
19720605-2,05-JUN-1972,Curtiss C-46A,EM-2,Air America,32,near Pleiku,, ,A1
19720608-0,08-JUN-1972,Let L-410A,OK-ADN,Slov-Air,1,Weiden,,,H2
19720612-0,12-JUN-1972,DC-10-10,N103AA,American Airlines,0,"near Windsor, ON",, ,A2
19720613-1,13-JUN-1972,Curtiss C-46D,CC-CDU,ALFA,3,near Santiago-Pud...,, ,A1
19720613-2,13-JUN-1972,Douglas C-47 (DC-3),6012,Mexican AF,4,near Compostela,, ,A1
19720614-1,14-JUN-1972,Douglas DC-8-53,JA8012,JAL,82+ 4,near Delhi-Palam ...,,,A1
19720615-0,15-JUN-1972,BN-2A-3 Islander,CR-AMX,Transportes Aéreos de Tete,0,Baué,, ,A1
19720615-1,15-JUN-1972,Convair CV-880,VR-HFZ,Cathay Pacific,81,near Pleiku,,,C1
19720615-2,15-JUN-1972,Antonov An-2R,CCCP-02692,Aeroflot / Northern,2,near Rechka,, ,A1
19720616-0,16-JUN-1972,Ilyushin Il-62,SU-ARN,EgyptAir,0,Cairo-Almaza...,,,A1
19720618-0,18-JUN-1972,Hawker Siddeley HS-121 Trident 1C,G-ARPI,BEA,118,near Staines,,,A1
19720618-1,18-JUN-1972,Lockheed AC-130A Spectre,55-0043,USAF,12,near A Shau Valley,, ,C1
19720623-0,23-JUN-1972,Boeing 727, ,American Airlines,0,Saint Louis-...,, ,H2
19720624-0,24-JUN-1972,DH-114 Prinair Heron 2B,N554PR,Prinair,5,Ponce-Merced...,, ,A1
19720626-0,26-JUN-1972,DH-114 Sea Heron C.1,XR444,Royal Navy,0,Irish Sea,, ,A1
19720628-0,28-JUN-1972,Antonov An-2R,CCCP-02582,Aeroflot / East Siberia,4,near Shiringa,, ,A1
19720628-2,28-JUN-1972,Antonov An-2R,CCCP-35313,Aeroflot / Ukraine,0,near Kzyl-Orda,, ,A1
19720629-0,29-JUN-1972,DHC-6 Twin Otter 100,N4043B,Air Wisconsin,8,"near Appleton, WI",,,A1
19720629-1,29-JUN-1972,Convair CV-580,N90858,North Central Airlines,5,"near Appleton, WI",, ,A1
19720629-2,29-JUN-1972,MBB HFB-320 Hansa Jet,D-CASY,Inter City Flug,7,Blackpool Ai...,,,A1
19720629-3,29-JUN-1972,Antonov An-2R,CCCP-46652,Aeroflot / Kazakstan,1,Astrakhanka ...,, ,A1
19720630-0,30-JUN-1972,DC-9, ,Hughes Airwest,0,,, ,H2
19720699-1,??-JUN-1972,Douglas C-47B (DC-3),2010,Brazilian AF,0,Porto Alegre...,, ,U1
19720701-0,01-JUL-1972,Boeing C-135F,38743,French AF,6,near Hao Island A...,, ,A1
19720701-1,01-JUL-1972,Lockheed P-2H Neptune,145904,US Navy,,South Weymou...,, ,A1
19720702-0,02-JUL-1972,Douglas C-47B (DC-3),F-WSGU,Rousseau Aviation,,Kulusuk Airp...,, ,A1
19720702-1,02-JUL-1972,Boeing 747, ,Pan Am,1,Saigon-Tan S...,, ,H2
19720705-0,05-JUL-1972,Boeing 737-200, ,PSA,3,San Francisc...,, ,H2
19720705-1,05-JUL-1972,Boeing 707, ,American Airlines,0,Buffalo-Grea...,, ,H2
19720706-0,06-JUL-1972,Douglas DC-8-52,EC-ARA,Aviaco,10,"near Arinaga, Las...",,,A1
19720706-1,06-JUL-1972,Boeing 727, ,PSA,0,Oakland Inte...,, ,H2
19720707-0,07-JUL-1972,Douglas DC-3,XW-PHW,Cambodia Air Commercial,0,Kompong Som ...,, ,A1
19720707-1,07-JUL-1972,Lockheed 18 Learstar,CF-BAL,Lost River Mining Corp.,0,Wales Airpor...,, ,A1
19720709-0,09-JUL-1972,HAL-748,VT-DXJ,Indian Airlines,0,Belgaum-Samb...,, ,A2
19720710-0,10-JUL-1972,Douglas C-47B (DC-3),HZ-AAK,Saudi Arabian,0,Tabuk Airpor...,, ,A1
19720710-1,10-JUL-1972,Boeing 737, ,Lufthansa,0,München-Riem...,, ,H2
19720711-0,11-JUL-1972,DHC-6 Twin Otter 100,67-056,Norwegian AF,17,near Harstad,, ,A1
19720711-1,11-JUL-1972,Antonov An-2,CCCP-98280,Aeroflot / Far East,2,Okha,, ,A1
19720712-0,12-JUL-1972,Boeing 727, ,American Airlines,0,Oklahoma Cit...,, ,H2
19720712-1,12-JUL-1972,unknown, ,UTA,2,,, ,H2
19720712-2,12-JUL-1972,Boeing 727, ,National Airlines,0,Lake Jackson...,, ,H2
19720712-3,12-JUL-1972,Boeing B-17G,N73648,Black Hills Aviation,2,"Socorro, NM",, ,A1
19720716-0,16-JUL-1972,DHC-3 Otter,CF-XUX,BC Yukon Air Service,2,near Nahanni Butt...,, ,A1
19720717-0,17-JUL-1972,Tupolev Tu-134,CCCP-65607,GosNII GA,0,near Moskva-Shere...,, ,A1
19720717-1,17-JUL-1972,Douglas C-47A (DC-3),VH-MAE,Ansett Airlines of PNG,0,Wapenamanda ...,, ,A1
19720718-0,18-JUL-1972,Vickers 785D Viscount,HK-1058,Aerolíneas TAO,1,near San Andrés,, ,C2
19720718-1,18-JUL-1972,Fairchild AC-119G Flying Boxcar,3164,Republic of China AF,,unknown,, ,U1
19720719-0,19-JUL-1972,BAC One-Eleven 501EX,G-AWYS,British Caledonian Airways,1,Kerkyra Airp...,, ,A2
19720719-1,19-JUL-1972,Antonov An-2R,CCCP-15283,Aeroflot / North Kavkaz,1,near Yenotayevka,, ,A1
19720720-0,20-JUL-1972,Canadair CC-106 Yukon (CL-44),LV-JYR,AER,6,near Santiago,,,A1
19720721-0,21-JUL-1972,Douglas C-53 (DC-3),N39393,Acme Leasing,0,Pivijay,, ,A1
19720725-0,25-JUL-1972,DHC-6 Twin Otter 300,N5662,Air America,3,near Tha Tam Bleung,, ,A1
19720725-1,25-JUL-1972,Curtiss CW-20 (C-46),CP-752,TABSA,0,San Pedro Ri...,, ,A1
19720726-0,26-JUL-1972,Lockheed P2V-7 Neptune,4650,Japanese Navy,8,Kanoya,, ,A1
19720727-0,27-JUL-1972,Consolidated P4Y-2 Privateer,N6816D,Hawkins & Powers,0,Wenatchee-Pa...,, ,A1
19720728-0,28-JUL-1972,Antonov An-2T,CCCP-32649,Aeroflot / Yakutsk,0,near Ust'-Kuiga,, ,A1
19720729-1,29-JUL-1972,Douglas DC-3A,HK-1341,Avianca,17,near Las Palomas,, ,A1
19720729-2,29-JUL-1972,Douglas DC-3A,HK-107,Avianca,21,near Las Palomas,, ,A1
19720731-0,31-JUL-1972,DC-8, ,Delta Air Lines,0,Algiers,, ,H2
19720731-1,31-JUL-1972,Douglas C-47A (DC-3),VT-ATZ,Jamair,0,Ambari Falak...,, ,A2
