identifiant,date,type,registration,operator,fat.,location, ,pic,cat

19810106-1,06-JAN-1981,Tupolev Tu-134A,CCCP-65698,Aeroflot / Latvia,0,Adler/Sochi ...,, ,A1
19810108-1,08-JAN-1981,Boeing 720-047B,AP-AXK,PIA,0,Karachi Inte...,,,A1
19810108-2,08-JAN-1981,Lockheed L-188A Electra,HR-SAW,SAHSA,6,near Guatemala Ci...,,,A1
19810108-3,08-JAN-1981,Douglas C-47B (DC-3),HEK-15,Turkish AF,,Izmir-Cigli ...,, ,A1
19810110-0,10-JAN-1981,Antonov An-24V,SP-LTB,LOT,0,Warszawa-Oke...,, ,H2
19810110-1,10-JAN-1981,Douglas DC-3,VT-AUR,Maharashtra Government,0,Karad Airport,, ,A2
19810111-0,11-JAN-1981,Douglas C-47A (DC-3),ET-AGW,Ethiopian Airlines,0,Bahar Dar Ai...,, ,A1
19810112-0,12-JAN-1981,Douglas DC-3D,N137H,Sun Valley,,Agua Negro R...,, ,A1
19810114-0,14-JAN-1981,Bristol 170 Freighter 31E,ZK-CAM,SAFE Air,0,Blenheim-Woo...,, ,A1
19810114-1,14-JAN-1981,Lockheed C-130E Hercules,69-6581,USAF,9,Ramstein AFB...,,,A1
19810115-0,15-JAN-1981,DC-8-61,N913R,"Saudi Arabian, lsf ONA",0,Luxembourg-F...,, ,O1
19810115-1,15-JAN-1981,Breguet SP-13A Atlantic,255,Dutch Navy,3,near Inner Hebrides,, ,A1
19810118-0,18-JAN-1981,Lockheed P-3A Orion,152161,US Navy,0,Whidbey Isla...,, ,A1
19810118-1,18-JAN-1981,Shorts SC.7 Skyvan 3-100,8R-GFF,Guyana CAA,4,within Kamoa Mountains,, ,A1
19810120-1,20-JAN-1981,Beech 99A,N390CA,Cascade Airways,7,near Spokane Inte...,, ,A1
19810121-0,21-JAN-1981,Cessna 500 Citation I,N501GP,Georgia Pacific Corp.,5,Bluefield-Me...,, ,A1
19810128-0,28-JAN-1981,Douglas DC-3,PP-ZNU,Sudene,0,"Petrolina, PE",, ,A1
19810203-0,03-FEB-1981,DC-10-30,AP-AXE,PIA,0,Karachi Inte...,,,O1
19810205-0,05-FEB-1981,Lockheed L-1011 TriStar, ,Eastern Air Lines,0,San Juan-Isl...,, ,H2
19810206-0,06-FEB-1981,Boeing 727, ,Avianca,0,Cúcuta,, ,H2
19810207-0,07-FEB-1981,Tupolev Tu-104A,CCCP-42332,Soviet Navy,50,near Leningrad,, ,A1
19810210-0,10-FEB-1981,Curtiss C-46D,CP-1588,T.A. Universal,0,Caravani,, ,U1
19810211-0,11-FEB-1981,Lockheed L-1329 JetStar 731,N520S,Texasgulf Aviation,8,Westchester ...,, ,A1
19810211-1,11-FEB-1981,Morane Saulnier (FMA) MS.760A Paris,E-218,Argentine AF,2,"near Mendoza, MD",, ,A1
19810212-0,12-FEB-1981,Ilyushin Il-14T,CCCP-04188,Aeroflot / Central Region,2,Krenkel Stat...,,,A1
19810213-0,13-FEB-1981,Boeing 737-2A8,VT-EAI,Indian Airlines,0,Madras Airpo...,, ,A2
19810217-2,17-FEB-1981,Boeing 737-293,N468AC,Air California,0,Santa Ana-Jo...,,,A1
19810218-0,18-FEB-1981,Let L-410M,CCCP-67273,Aeroflot / Yakutsk,,,, ,O1
19810224-0,24-FEB-1981,Embraer EMB-110P Bandeirante,PT-GLB,VOTEC,11,Belém Airpor...,, ,A1
19810226-0,26-FEB-1981,Lockheed MC-130E Combat Talon I,64-0564,USAF,23,near Tabones Island,, ,A1
19810227-0,27-FEB-1981,DHC-6 Twin Otter 300,C-FCSV,Canadian DoT,2,"Galt, ON",,,A1
19810302-0,02-MAR-1981,Douglas C-47B (DC-3),HK-2497,LANSA,0,near Anapoima,,,A2
19810302-1,02-MAR-1981,Boeing 720-030B,AP-AZP,PIA,1,"Kabul, Damascus",, ,H2
19810302-2,02-MAR-1981,Canadair CL-215,UD.13-02,Spanish AF,4,Pantano de B...,, ,A1
19810305-0,05-MAR-1981,Boeing 727, ,Continental Air Lines,0,Los Angeles ...,, ,H2
19810308-0,08-MAR-1981,Antonov An-24T,CCCP-46280,Antonov Design Bureau,,Kursk,, ,A1
19810310-0,10-MAR-1981,Breguet 1150 Atlantic,29,French Navy,18,near Moroni-Princ...,,,A1
19810310-1,10-MAR-1981,Embraer C-95 Bandeirante (EMB-110),2168,Brazilian AF,,Rio de Janei...,, ,A1
19810311-0,11-MAR-1981,Fokker F-28 Fellowship 2000,9G-ACA,Ghana Airways,0,Accra-Kotoka...,,,A1
19810315-0,15-MAR-1981,DHC-6 Twin Otter 300,C-FDHT,Bradley Air Services,0,Station Nord,, ,U1
19810315-1,15-MAR-1981,Boeing RC-135S Cobra Ball II,61-2664,USAF,6,"Shemya AFB, ...",, ,A1
19810315-2,15-MAR-1981,Beech 200 Super King Air,YV-257CP,Inversiones Rizo C. A.,,unknown loca...,, ,U1
19810316-0,16-MAR-1981,Douglas C-47A (DC-3),C-FIRW,Air Inuit,0,Lac Bienvill...,, ,A1
19810318-0,18-MAR-1981,Beech A100 King Air,N999CR,Crutcher Resources Corp.,0,"Houston, TX",, ,A1
19810325-0,25-MAR-1981,Douglas DC-3-322,N3VB,Sun Valley,,near San Luis Potosí,, ,A1
19810326-0,26-MAR-1981,Antonov An-24V,SP-LTU,LOT,1,near Slupsk-Redzi...,, ,A1
19810326-1,26-MAR-1981,Fokker F-27 Friendship 400,5A-DBR,Libyan Arab Airlines,,,, ,A1
19810326-2,26-MAR-1981,Ilyushin Il-18D,VN-B190?,Hâng Không Viêtnam,,Hoa Binh,, ,A1
19810327-0,27-MAR-1981,Boeing 737-2K6,HR-SHA,SAHSA,0,"Managua, Pan...",, ,H2
19810328-0,28-MAR-1981,DC-9-32,PK-GNJ,Garuda,4,Bangkok-Don ...,, ,H2
19810328-1,28-MAR-1981,Douglas C-54B (DC-4),N98AS,"Caribbean Air Cargo, lsf Tuky Air Transport",1,near St. Croix,, ,A1
19810329-0,29-MAR-1981,Boeing 707-329,OO-SJA,Sobelair,0,Brussel-Zave...,,,A1
19810329-1,29-MAR-1981,Lockheed L-1329 JetStar I,N267L,Alco Aviation,0,London-Luton...,,,A1
19810329-2,29-MAR-1981,Potez 840,F-BMCY,Club Aéronautique de Paris,0,Sumburgh Air...,,,A1
19810402-0,02-APR-1981,Swearingen SA226-TC Metro II,VH-BPL,Bush Pilots Airways,0,Emerald Airp...,, ,A1
19810402-1,02-APR-1981,Douglas C-47A (DC-3),N258M,Skytrain Air,3,near Palaú de Abajo,, ,A1
19810406-0,06-APR-1981,Douglas C-47A (DC-3),CP-1470,Urcupina,7,Laguna Soliz,,,A1
19810407-0,07-APR-1981,Learjet 23,N400PG,Freedom International,1,near Cincinnati M...,,,A2
19810410-0,10-APR-1981,Airbus A300, ,Eastern Air Lines,1,Miami Intern...,, ,H2
19810417-0,17-APR-1981,Handley Page HP-137 Jetstream III,N11360,Air US,13,near Fort Collins...,,,A1
19810421-0,21-APR-1981,Douglas C-53-DO (DC-3),F-BJBY,Hémet Exploration,4,near Puerto de An...,,,A1
19810424-0,24-APR-1981,Lockheed L-100-20 Hercules,FAP-396,Peruvian AF,0,near San Juan,,,A1
19810428-0,28-APR-1981,Douglas C-47A (DC-3),PK-OBK,Airfast Indonesia,9,near Pekanbaru,, ,A1
19810428-1,28-APR-1981,Antonov An-2TP,CCCP-92864,Aeroflot / Yakutsk,12,near Lazo,, ,A1
19810501-0,01-MAY-1981,Vickers 832 Viscount,PK-RVN,Mandala Airlines,0,Semarang-Ach...,,,A1
19810502-0,02-MAY-1981,BAe-125-700A,XA-KEW,SARSA,4,near Monterrey,, ,A1
19810502-1,02-MAY-1981,Boeing 737-248C,EI-ASD,Aer Lingus,0,Le Touquet A...,, ,H2
19810503-0,03-MAY-1981,Antonov An-2R,CCCP-70836,Aeroflot / Azerbaijan,2,"near Voskhod, Kra...",, ,A1
19810504-0,04-MAY-1981,GAF Nomad N.22B,P2-011,PNG Defence Force,2,near Vanimo,,,A1
19810506-0,06-MAY-1981,Boeing EC-135N,61-0328,USAF,21,near Walkersville...,,,A1
19810507-0,07-MAY-1981,BAC One-Eleven 529FR,LV-LOX,Austral Lineas Aéreas,31,near Buenos Aires...,,,A1
19810509-0,09-MAY-1981,DHC-4A Caribou,C-GVGU,Propair,,"Mount Joli, QC",, ,A1
19810509-1,09-MAY-1981,Douglas C-47 (DC-3),N60705,Sky Train Air,,Vicente Guerro,, ,A1
19810515-0,15-MAY-1981,Shorts SC.7 Skyvan 3-200,N70DA,Gifford Aviation,0,"Slate Creek, AK",, ,A1
19810516-1,16-MAY-1981,Lockheed L-100-20 Hercules,D2-EAS,TAAG,4,near Menongue Air...,, ,C1
19810520-1,20-MAY-1981,Convair CV-440-11,XA-HEK,Aero Léon,24,Pinarete Mou...,,,A1
19810521-0,21-MAY-1981,Antonov An-2P,CCCP-35198,Aeroflot / Yakutsk,,,, ,A1
19810522-0,22-MAY-1981,DHC-6 Twin Otter 300,HC-BAX,TAME Ecuador,18,near Zumba,, ,A1
19810524-0,24-MAY-1981,DC-9-32,TC-JAL,THY,0,Bourgas Airp...,, ,H2
19810524-1,24-MAY-1981,Beech 200 Super King Air,FAE-723,Ecuador Air Force,9,Huairapungo ...,, ,A1
19810524-2,24-MAY-1981,Douglas C-47B (DC-3),6878,South African AF,0,Johannesburg...,, ,O1
19810529-0,29-MAY-1981,Lockheed C-130H Hercules,SU-BAH/1276,Egyptian AF,17,near Cairo West A...,, ,A1
19810531-0,31-MAY-1981,Dassault Falcon 20C,7T-VRE,Algerian Government,3,near Bamako Airpo...,, ,A1
19810602-0,02-JUN-1981,BN-2A-7 Islander,N28377,Pinders,0,"near Nassau, Bahamas",, ,A1
19810604-0,04-JUN-1981,Convair C-131E (CV-440),N121CA,Command Aviation,0,Dillingham M...,,,A1
19810605-0,05-JUN-1981,Learjet 23,F-GAMA,Transair France,,unknown,, ,U1
19810605-1,05-JUN-1981,Fokker F-27 Friendship 600,AP-AXF,PIA,0,Gilgit Airpo...,,,A1
19810607-0,07-JUN-1981,Antonov An-2M,CCCP-02357,Aeroflot / Ukraine,0,Voroshilovgr...,, ,A1
19810607-1,07-JUN-1981,Fokker F-27 Friendship 400,XY-ADN,Burma Airways,0,Thandwe Airp...,, ,A1
19810611-0,11-JUN-1981,Boeing 707-341C,PP-VJT,Varig,0,Manaus-Eduar...,,,A1
19810612-0,12-JUN-1981,DHC-3 Otter,C-FRHW,Trans-Provincial Airlines,0,"near Smithers, BC",, ,A2
19810613-0,13-JUN-1981,Tupolev Tu-154,CCCP-85029,Aeroflot / Moscow,0,Bratsk Airpo...,, ,A1
19810613-2,13-JUN-1981,BN-2A-8 Islander,B-11108,Taiwan Airlines,2,near Hualien Airp...,, ,A1
19810613-3,13-JUN-1981,Antonov An-2R,CCCP-07712,Aeroflot / Latvia,2,near Saldus,, ,A1
19810614-0,14-JUN-1981,Ilyushin Il-14M,CCCP-41838,Aeroflot / East Siberia,48,near Ust'-Barguzin,, ,A1
19810615-0,15-JUN-1981,BN-2A-20 Islander,P2-ISA,Talair,0,Rabaul-Lakun...,, ,A2
19810616-0,16-JUN-1981,HAL-748,VT-DXI,Indian Airlines,0,near Tirupati Air...,, ,A1
19810617-0,17-JUN-1981,Douglas C-47A (DC-3),HK-1078,El Venado,2,near Miraflores A...,, ,A1
19810619-0,19-JUN-1981,Hawker Siddeley HS-125-1A,N6SS,Flight Management,0,near Narsarsuaq,, ,A2
19810624-0,24-JUN-1981,Douglas DC-3-209A,N18949,Nathaniel Hawthorne College,0,West Deering...,, ,A1

19811207-1,07-DEC-1981,DC-9, ,AVENSA,0,Havana-José ...,, ,H2
19811207-2,07-DEC-1981,Boeing 727, ,AVENSA,0,Havana-José ...,, ,H2
19811207-3,07-DEC-1981,Boeing 727-200, ,Libyan Arab Airlines,0,Beirut Inter...,, ,H2
19811209-1,09-DEC-1981,Douglas C-47A (DC-3),YSL-47,Turkish AF,5,near Anamur,, ,A1
19811210-0,10-DEC-1981,Hawker Siddeley DH-125-1A,XA-ESQ,SENSA,0,Laredo Inter...,, ,A1
19811212-0,12-DEC-1981,Boeing 727-25,YN-BXW,Aeronica,0,Mexico City-...,, ,C2
19811216-0,16-DEC-1981,Boeing 727-2J4,OY-SAT,Sterling Airways,0,Gander Airpo...,, ,A2
19811216-1,16-DEC-1981,Boeing 707-124,HI-384HA,Hispaniola,0,Miami Intern...,,,A1
19811218-0,18-DEC-1981,DHC-6 Twin Otter 300,HK-2216,ACES,13,near San Antero,, ,A1
19811218-1,18-DEC-1981,Antonov An-2TP,CCCP-92858,Aeroflot / Magadan,0,near Deputatskiy,, ,A1
19811223-0,23-DEC-1981,Antonov An-26,CCCP-26505,Aeroflot / Krasnoyarsk,2,Yeniseysk Ai...,, ,A1
19811229-0,29-DEC-1981,Hawker Siddeley HS-748,C-GEPH,Eastern Provincial Airways,0,Sydney Airpo...,, ,A1
19819999-0,??-???-1981,Douglas C-118A (DC-6),N2949F,GAF Int. Service,,,, ,A1
19819999-1,??-???-1981,Douglas DC-4,N122AC,Southern Aero Trades Inc,,,,,U1
19819999-2,??-???-1981,DHC-5D Buffalo,920,Chilean AF,,Punta Arenas...,, ,A1
19819999-4,??-???-1981,Douglas C-47B (DC-3),5N-ARA,Arax Airlines,,Lagos/Ikeja ...,,,U1

19810625-0,25-JUN-1981,Douglas C-47 (DC-3),FAC-1129,SATENA,,Villavicenci...,,,A1
19810626-0,26-JUN-1981,Hawker Siddeley HS-748,G-ASPL,Dan-Air Services,3,Nailstone,,,A1
19810627-0,27-JUN-1981,Fairchild C-119G Flying Boxcar,N8682,Hawkins & Powers,0,"near Bettles, AK",, ,A1
19810628-0,28-JUN-1981,Tupolev Tu-134A,CCCP-65871,Aeroflot / Ukraine,0,Simferopol A...,,,A1
19810699-0,??-JUN-1981,BN-2A-8 Islander,TN-ADS,Aéro-Service,,,, ,U1
19810701-1,01-JUL-1981,Douglas R4D-1 (DC-3),N111ST,United Aircraft Services,3,Pilot Point ...,, ,A1
19810705-0,05-JUL-1981,Boeing 707-327C,OD-AGW,TMA,0,Beirut Inter...,,,O1
19810708-0,08-JUL-1981,Fairchild C-119C Flying Boxcar,N13742,Hemet Valley Flying Service,2,near Frazier Park...,, ,A1
19810709-0,09-JUL-1981,Howard 500,C-GKFN,Kelowna Flightcraft,3,Toronto Inte...,, ,A1
19810710-0,10-JUL-1981,Lockheed L-1011 TriStar, ,Eastern Air Lines,0,Havana,, ,H2
19810712-0,12-JUL-1981,Consolidated PBY-6A Super Catalina,C-GFFJ,Flying Firemen,0,Jackson Lake...,, ,A1
19810714-0,14-JUL-1981,Douglas SC-54G (DC-4),N3373F,Aero Union,3,"near Kenai, AK",,,A1
19810715-0,15-JUL-1981,Martin 4-0-4,CP-1318,CAMBA,0,Beni,,,U1
19810715-1,15-JUL-1981,Beech 200 Super King Air,N631SR,Puget Sound Tug & Barge Co.,6,near King Cove Ai...,, ,A1
19810715-2,15-JUL-1981,Antonov An-2T,CCCP-01883,Aeroflot / East Siberia,0,"Kedrovy, Bod...",, ,A1
19810718-0,18-JUL-1981,Canadair CL-44D4-6,LV-JTN,TAR,4,near Yerevan,,,A1
19810720-0,20-JUL-1981,Fokker F-27 Friendship 600RF,6O-SAY,Somali Airlines,50,near Balad,,,A1
19810720-1,20-JUL-1981,BN-2A-6 Islander,N116DW,Dorado Wings,0,San Juan-Isl...,, ,A1
19810721-0,21-JUL-1981,Antonov An-24V,SP-LTI,LOT,0,Berlin-Tegel...,, ,H2
19810721-1,21-JUL-1981,Antonov An-2R,YR-PVJ,Aviatia Utilitara,0,near Stupina,, ,A1
19810724-0,24-JUL-1981,DHC-6 Twin Otter 300,5R-MGB,Air Madagascar,19,near Maroantsetra...,, ,A1
19810725-0,25-JUL-1981,Douglas DC-3A,HK-772,Transamazonica Colombia,3,near Carurú Airpo...,, ,A1
19810727-0,27-JUL-1981,DC-9-32,XA-DEN,Aeroméxico,30,Chihuahua-Ge...,, ,A1
19810730-0,30-JUL-1981,Antonov An-2R,CCCP-07422,Aeroflot / Kazakstan,0,Chimkent region,, ,A1
19810731-0,31-JUL-1981,Curtiss C-46D,CC-CAT,LATISA,5,near Cochrane Air...,, ,A1
19810731-1,31-JUL-1981,DHC-6 Twin Otter 300,FAP-205,Panamese AF,7,near Coclecito,,,A1
19810801-0,01-AUG-1981,Ilyushin Il-14M,CCCP-91517,Aeroflot / Magadan,11,near Utichiy Island,, ,A1
19810801-1,01-AUG-1981,Douglas C-47B (DC-3),F-BJHC,Hémet Exploration,6,near Beira,, ,C1
19810803-0,03-AUG-1981,Douglas C-53 (DC-3),FAC-1128,SATENA,0,near Cali-Palmase...,, ,A1
19810805-0,05-AUG-1981,Antonov An-24V,SP-LTI,LOT,0,Gdansk Airpo...,, ,H2
19810807-0,07-AUG-1981,Douglas C-47B (DC-3),CC-CBW,Aerocor - Aerolineas Cordillera,0,near Coyhaique Ai...,, ,A2
19810809-1,09-AUG-1981,Antonov An-2TP,CCCP-29354,Kamchatka Civil Aviation Prod. Ass.,,near Palana,, ,A1
19810810-0,10-AUG-1981,Ford 5-AT-B Tri-Motor,N76GC,Grand Canyon Airlines,0,Las Vegas-Mc...,,,O1
19810811-0,11-AUG-1981,Douglas DC-4,HK-136,SADELCA Colombia,0,,,,A1
19810811-1,11-AUG-1981,Antonov An-24V,SP-LTT,LOT,0,Katowice-Pyr...,, ,H2
19810818-1,18-AUG-1981,Vickers 745D Viscount,N7407,Airgo,0,within Florida?,,,O1
19810819-0,19-AUG-1981,HAL-748,VT-DXF,Indian Airlines,0,Mangalore-Ba...,, ,A1
19810822-0,22-AUG-1981,Boeing 737-222,B-2603,FEAT,110,near Miao-Li,,,A1
19810822-1,22-AUG-1981,Antonov An-24V,SP-LTC,LOT,0,Berlin-Tegel...,, ,H2
19810824-0,24-AUG-1981,Antonov An-24RV,CCCP-46653,Aeroflot / Far East,31,near Zavitinsk,, ,A1
19810825-0,25-AUG-1981,BN-2A-21 Islander,7P-LAE,Lesotho Airways,0,Sekakes Airp...,, ,A1
19810826-0,26-AUG-1981,Vickers 745D Viscount,HK-1320,Aeropesca Colombia,50,near Florencia,,,A1
19810827-0,27-AUG-1981,Douglas C-47B (DC-3),ET-AGX,RRC Air Services,0,Dire Dawa Ai...,, ,A1
19810829-1,29-AUG-1981,Yakovlev Yak-40,CCCP-87346,Aeroflot / Far East,3,Zeya,, ,A1
19810831-0,31-AUG-1981,Boeing 720-023B,OD-AFR,MEA,0,Beirut Inter...,,,C1
19810902-0,02-SEP-1981,Embraer EMB-110P1 Bandeirante,HK-2651,El Venado,20,near Paipa-Juan J...,, ,A1
19810907-0,07-SEP-1981,Kaiser-Frazer C-119L Flying Boxcar,N8504W,private,0,Dahl Creek A...,, ,A1
19810907-1,07-SEP-1981,BN-2A Trislander Mk.III,C-GSZI,Questor Surveys,,,,,U1
19810908-0,08-SEP-1981,Tupolev Tu-154B-2,CCCP-85448,Aeroflot / Uralsk,0,Tashkent Air...,, ,O1
19810909-0,09-SEP-1981,Antonov An-2R,SP-WMN,ZUA,,Zagrodno,, ,A1
19810909-1,09-SEP-1981,Antonov An-2R,CCCP-07601,Aeroflot / Privolzhsk,0,Namangan region,, ,A1
19810913-0,13-SEP-1981,Antonov An-2R,CCCP-32475,Aeroflot / Privolzhsk,0,near Saratov,, ,A1
19810916-0,16-SEP-1981,Antonov An-2TP,CCCP-40523,Aeroflot / Yakutsk,,,, ,A1
19810918-0,18-SEP-1981,Yakovlev Yak-40,CCCP-87455,Aeroflot / East Siberia,33,near Zheleznogors...,, ,A1
19810918-1,18-SEP-1981,Antonov An-24V,SP-LTG,LOT,0,Berlin-Tegel...,, ,H2
19810918-2,18-SEP-1981,BN-2A-27 Islander,G-BDNP,JEA,0,"St. Andrew, ...",,,A1
19810921-0,21-SEP-1981,Lockheed C-130H Hercules,74-1672,USAF,7,near Indian Sprin...,, ,A1
19810922-0,22-SEP-1981,Lockheed L-1011 TriStar 1,N309EA,Eastern Air Lines,0,near Newark Inter...,, ,A2
19810922-1,22-SEP-1981,Antonov An-24V,SP-LTK,LOT,0,Warszawa-Oke...,, ,H2
19810922-2,22-SEP-1981,DC-10-30CF,N101TV,Air Florida,0,Miami Intern...,, ,A2
19810926-0,26-SEP-1981,Boeing 727-2H9,YU-AKF,JAT,0,Larnaca Airp...,,,H2
19810929-0,29-SEP-1981,Lockheed C-130H Hercules,5-8552,Iran AF,80,Kahrisak,, ,A1
19810929-1,29-SEP-1981,Antonov An-24V,SP-LTP,LOT,0,Warszawa-Oke...,, ,H2
19810929-2,29-SEP-1981,Boeing 737-200, ,Indian Airlines,0,Lahore Airpo...,, ,H2
19810999-1,??-SEP-1981,Douglas DC-6,N62242,Unknown,,northeast Co...,,,A1
19811001-0,01-OCT-1981,Learjet 24,N44CJ,Sky Train Air,3,"near Felt, OK",, ,A1
19811002-0,02-OCT-1981,CC-123 Otter (DHC-3),9417,Canadian Armed Forces,3,near Lac-Saint-Fr...,, ,A1
19811005-0,05-OCT-1981,BAC One-Eleven, ,USAir,0,Buffalo-Grea...,, ,H2
19811006-0,06-OCT-1981,Fokker F-28 Fellowship 4000,PH-CHI,NLM Cityhopper,17,near Moerdijk,,,A1
19811007-0,07-OCT-1981,Douglas C-47A (DC-3),ET-AHR,Ethiopian Airlines,0,Dessie-Combo...,, ,A1
19811008-0,08-OCT-1981,Fairchild F-27M,N777DG,Pacific Alaska,0,Fairbanks In...,,,O1
19811012-0,12-OCT-1981,Lockheed C-130H Hercules,CNA-OH,Moroccan AF,5,Guelta Zammour,, ,C1
19811013-0,13-OCT-1981,Boeing 737-2K2C,PH-TVC,Air Malta,0,Cairo Intern...,,,C2
19811017-0,17-OCT-1981,DH-114 Heron 1B,ZK-EKO,Nationwide Air,0,Rotorua Airp...,,,O1
19811021-0,21-OCT-1981,Curtiss C-46A,HK-388,Aeropesca Colombia,0,near Florencia,,,H1
19811021-1,21-OCT-1981,Tupolev Tu-154B,HA-LCF,Malev,0,Praha-Ruzyne...,,,A1
19811023-0,23-OCT-1981,DC-10, ,American Airlines,0,New York-Joh...,, ,H2
19811023-2,23-OCT-1981,Boeing 707-331C,OD-AGT,TMA,0,Tokyo-Narita...,,,A1
19811026-0,26-OCT-1981,Lockheed L-749A Constellation (VC-1,HI-328,Aerolineas Argo,3,near Saint Thomas...,,,A1
19811028-0,28-OCT-1981,BN-2A Trislander Mk.III-2,EL-AIC,Air Liberia,0,Foya Kamala,, ,U1
19811029-0,29-OCT-1981,CASA C-212 Aviocar 200, ,SANSA,0,San Miguel A...,, ,H2
19811031-0,31-OCT-1981,DHC-6 Twin Otter 300,TJ-CBC,Cameroon Airlines,1,Bafoussam Ai...,, ,A1
19811031-1,31-OCT-1981,Antonov An-2R,MT-613,MIAT,,Sukhbaatar P...,, ,A1
19811108-1,08-NOV-1981,DC-9-32,XA-DEO,Aeroméxico,18,near Zihuatanejo,,,A1
19811109-0,09-NOV-1981,Antonov An-2R,SP-WPT,ZUA,,Sennar,, ,A1
19811113-0,13-NOV-1981,Learjet 55,N57TA,Gates Learjet,2,Waterkloof,, ,A1
19811116-0,16-NOV-1981,Tupolev Tu-154B-2,CCCP-85480,Aeroflot / Krasnoyarsk,99,Noril'sk Air...,, ,A1
19811116-1,16-NOV-1981,Aérospatiale SN.601 Corvette,TY-BBK,Benin Government,4,near Lagos-Murtal...,,,A1
19811118-0,18-NOV-1981,DHC-6 Twin Otter 300,VP-FAW,British Antarctic Survey,0,Rothera Station,, ,O1
19811121-1,21-NOV-1981,Douglas C-47 (DC-3), ,Guatemala AF,4,Huehuetenango,, ,A1
19811126-0,26-NOV-1981,Boeing 707-337C,VT-DVB,Air-India,0,Durban,,,H2
19811126-1,26-NOV-1981,Antonov An-2P,CCCP-01808,Aeroflot / Komi,15,near Ust-Kulom,, ,A1
19811126-2,26-NOV-1981,Antonov An-2TP,CCCP-40564,Aeroflot / Komi,0,near Ust-Kulom,, ,A2
19811128-0,28-NOV-1981,Fokker F-27 Friendship 400,5A-DBE,Libyan Arab Airlines,0,near Kufra,,,A1
19811130-0,30-NOV-1981,Douglas DC-6A,N3486F,Guyana Airways,3,Saint Lucia-...,,,A1
19811201-1,01-DEC-1981,DC-9-81 (MD-81),YU-ANA,Inex-Adria Aviopromet,180,near Ajaccio-Camp...,,,A1
19811202-0,02-DEC-1981,Douglas DC-4-1009,C-FJRW,Aero Trades (Western),0,Spence Bay A...,,,A1
19811205-0,05-DEC-1981,Boeing 707, ,TWA,0,"Cleveland, OH",, ,H2
19811206-0,06-DEC-1981,Ilyushin Il-62M,CCCP-86508,Aeroflot / International,0,Moskva-Shere...,, ,O1
19811207-0,07-DEC-1981,DC-9, ,AVENSA,0,Havana-José ...,, ,H2
