identifiant,date,type,registration,operator,fat.,location, ,pic,cat

19340115-0,15-JAN-1934,Dewoitine D.332,F-AMMY,Air France,10,Corbigny,, ,A1
19340305-0,05-MAR-1934,Ford 4-AT-B Tri-Motor,NC7120,Morgan Air Lines,1,Toncontín,,,A1
19340310-0,10-MAR-1934,Junkers F.24k2ay (G.24),D-1019,Deutsche Lufthansa,,Gliwice,, ,A1
19340322-0,22-MAR-1934,Ford 5-AT-C Tri-Motor,NC407H,Panagra,4,Lima-Limatam...,, ,A1
19340531-0,31-MAY-1934,Lioré et Olivier 213,F-AIVG,Air France,2,Croydon,, ,A1
19340609-0,09-JUN-1934,Curtiss T-32 Condor II,NC12354,American Airways,7,near Livingston M...,, ,A1
19340611-0,11-JUN-1934,Ford C-4A (5-AT-D) Tri-Motor,31-403,USAAC,0,"Camp Skeel, ...",, ,A1
19340611-1,11-JUN-1934,Ford 5-AT-C Tri-Motor,NC8417,Panagra,5,Junin,, ,A1
19340623-0,23-JUN-1934,Ford 4-AT-B Tri-Motor,NC7685,Mulzer Flying Service,0,"Columbus, OH",, ,O1
19340701-0,01-JUL-1934,Ford 4-AT-D Tri-Motor,NC7586,Private,0,"Lima, OH",, ,A1
19340727-0,27-JUL-1934,Curtiss AT-32C Condor II,CH-170,Swissair,12,Wurmlingen/T...,, ,A1
19340823-0,23-AUG-1934,Junkers PS-5 (G.24),CCCP-L742,Dobrolet,,,, ,A1
19340902-0,02-SEP-1934,Ford 5-AT-D Tri-Motor,NC9655,Hanford's Tri-State Airlines,0,"Cochrane, WI",, ,A1
19340922-0,22-SEP-1934,Handley Page W.10,G-EBMM,National Aviation Displays,4,Aston Clinto...,, ,A1
19340927-0,27-SEP-1934,Fokker F.10A,X-ABCS,Mexicana,,Irapuato,, ,A1
19341019-0,19-OCT-1934,DH.86 Express,VH-URN,Holyman's Airways,11,near Wilsons Prom...,, ,A1
19341026-0,26-OCT-1934,Ford 4-AT-E Tri-Motor,NC8403,Ptarmigan Airlines,0,Flat Airport...,,,A1
19341029-0,29-OCT-1934,Ford 4-AT-.  Tri-Motor, ,TACA de Honduras,0,La Ceiba Air...,, ,O1
19341106-0,06-NOV-1934,Junkers Ju-52/3mge,D-AVAN,Deutsche Reichsbahn-Gesellschaft,5,Gross-Rackit...,, ,A1
19341115-0,15-NOV-1934,DH.86 Express,VH-USG,Qantas,4,"near Ilfracombe, QLD",, ,A1
19341210-0,10-DEC-1934,Ford 4-AT-E Tri-Motor,NM-7,Cubana,4,near Palma Soriano,, ,A1
19341219-0,19-DEC-1934,Curtiss AT-32B Condor II,NC12395,American Airways,,"Buffalo, NY",, ,A1
19341220-0,20-DEC-1934,Douglas DC-2-115A,PH-AJU,KLM,7,near Rutbah Wells,,,A1
19341228-0,28-DEC-1934,Curtiss T-32C Condor II,NC12363,American Airways,0,"near Wilmurt, NY",, ,A1
19349999-0,??-???-1934,Ford 4-AT-B Tri-Motor,NC9609,Private,0,"Boca Chica, ...",, ,O1
