identifiant,date,type,registration,operator,fat.,location, ,pic,cat

19630713-0,13-JUL-1963,Tupolev Tu-104B,CCCP-42492,Aeroflot / East Siberia,33,near Irkutsk Airp...,,,A1
19630715-0,15-JUL-1963,Douglas C-47A (DC-3),5R-MAJ,Air Madagascar,6,Farafangana ...,, ,A1
19630716-0,16-JUL-1963,Antonov An-12A,BL734,Indian AF,6,near Chandigarh A...,, ,A1
19630717-0,17-JUL-1963,Curtiss C-46F,B-148,Air America,6,Pak Tha,, ,A1
19630723-0,23-JUL-1963,Douglas C-47D (DC-3),43-48766,USAF,,,, ,A1
19630724-0,24-JUL-1963,Antonov An-2T,CCCP-43833,Aeroflot / Kazakstan,1,Karaganda Ai...,, ,A1
19630728-0,28-JUL-1963,DH-106 Comet 4C,SU-ALD,UAA,63,near Bombay Airpo...,, ,A1
19630731-0,31-JUL-1963,Lockheed EC-121K Super Constellatio,141329,US Navy,0,Gander-RCAF ...,,,A1
19630731-1,31-JUL-1963,Douglas C-133A Cargomaster,56-2005,USAF,0,"Dover AFB, D...",, ,O1
19630802-0,02-AUG-1963,DH-106 Comet 4B,G-ARJN,BEA,0,Milano-Linat...,, ,A2
19630804-0,04-AUG-1963,Douglas C-49E (DC-3DST-144),PP-SLL,Sadia,10,"Ibicaré, SC",, ,A1
19630804-1,04-AUG-1963,Ilyushin Il-14,MT-105,MIAT,,Zavkhan Prov...,, ,A1
19630808-0,08-AUG-1963,Avro Shackleton MR.3,1718/K,South African AF,13,Stettynskloo...,,,A1
19630809-0,09-AUG-1963,Consolidated PBY-6A Catalina,PT-BBP,Servicios Aerotaxi Abast do Vale,,,, ,A1
19630810-0,10-AUG-1963,Consolidated PBY-6A Catalina,L-865,Danish AF,13,Kap Desolation,,,A1
19630812-0,12-AUG-1963,Vickers 708 Viscount,F-BGNV,Air Inter,15+ 1,near Lyon,,,A1
19630814-0,14-AUG-1963,Curtiss C-46F,N67941,Aaxico Airlines,1,near Great Falls-...,, ,A1
19630816-1,16-AUG-1963,Tupolev Tu-104A,OK-LDB,CSA,0,Mumbai-Santa...,,,O1
19630817-0,17-AUG-1963,DH-114 Heron 1B,JA6155,Fujita Airlines,19,Mount Hachij...,, ,A1
19630821-2,21-AUG-1963,Tupolev Tu-124,CCCP-45021,Aeroflot / Moscow,0,Neva River,, ,A1
19630824-0,24-AUG-1963,Fairchild F-27,N2707,West Coast Airlines,0,near Calgary-McCa...,,,A1
19630824-1,24-AUG-1963,Avia 14,CCCP-61617,Aeroflot / Georgia,32,near Kutaisi Airp...,, ,A1
19630827-0,27-AUG-1963,Lockheed C-130A Hercules,56-0474,USAF,,Okinawa-Naha...,, ,O1
19630828-0,28-AUG-1963,Boeing KC-135A,61-0319,USAF,6,near Bermuda,, ,A1
19630828-1,28-AUG-1963,Boeing KC-135A,61-0322,USAF,5,near Bermuda,, ,A1
19630829-0,29-AUG-1963,Douglas C-47B (DC-3),VP-KJT,East African Airways,0,Francistown ...,, ,O1
19630829-1,29-AUG-1963,Lockheed P-15 Neptune (P2V-5),7008,Brazilian AF,0,Salvador Air...,, ,A1
19630831-0,31-AUG-1963,Antonov An-2T,CCCP-01154,Aeroflot / Armenia,1,near Kapan,, ,A1
19630899-0,??-AUG-1963,CV-2A Caribou (DHC-4),60-5440,US Army,,A Loui,, ,A1
19630904-0,04-SEP-1963,SE-210 Caravelle III,HB-ICV,Swissair,80,Dürrenäsch,,,A1
19630905-1,05-SEP-1963,Curtiss C-46F,B-150,Air America,2,near Ban Phone Mo...,, ,C1
19630906-0,06-SEP-1963,SE-210 Caravelle VI-R,PP-PDU,Panair do Brasil,0,"Gamela, PE",, ,A1
19630907-0,07-SEP-1963,Scottish Aviation Twin Pioneer 1,VR-OAE,Borneo Airways,0,near Sibu,, ,A1
19630909-0,09-SEP-1963,Vickers 806 Viscount,G-AOJC,BEA,0,Genève-Coint...,, ,A2
19630911-1,11-SEP-1963,Vickers 768D Viscount,VT-DIO,Indian Airlines,18,near Agra,, ,A1
19630911-2,11-SEP-1963,Vickers 610 Viking 1B,F-BJER,Airnautic,40,Pic de la Ro...,,,A1
19630917-0,17-SEP-1963,PZL MD-12,SP-PAL,PZL-Mielec,5,near Bialobrzegi,, ,A1
19630920-0,20-SEP-1963,Scottish Aviation Twin Pioneer 1,PK-GTB,Garuda,7,,, ,A1
19630921-0,21-SEP-1963,Vickers 651 Valetta C.1,G-APKR,The Decca Navigator,0,London-Gatwi...,, ,A1
19630922-0,22-SEP-1963,Douglas C-133A Cargomaster,56-2002,USAF,10,"near Cape May, NJ...",, ,A1
19630924-0,24-SEP-1963,Bristol 170 Superfreighter 32,G-AMWA,BUAF,0,Guernsey Air...,,,A1
19630926-0,26-SEP-1963,Douglas C-47A (DC-3),F-BHKU,Air France,,Oran,, ,U1
19630928-0,28-SEP-1963,Douglas DC-7B,N843D,Eastern Air Lines,0,Nashville Me...,, ,A1
19630928-1,28-SEP-1963,Fairchild C-123B Provider,55-4513,USAF,0,Maha Sarakham,, ,A1
19631009-0,09-OCT-1963,Douglas C-74 Globemaster I,HP-385,Aeronaves de Panama,6,near Marseille-Ma...,, ,A1
19631010-0,10-OCT-1963,Douglas C-47A (DC-3),42-92885,USAF,,unknown,, ,A1
19631012-0,12-OCT-1963,Douglas C-47 (DC-3),T-21,TAM Paraguay,0,Asunción-Ñu-...,, ,O1
19631020-0,20-OCT-1963,Ilyushin Il-14M,CCCP-04197,Aeroflot / Polar,7,Graham Bell ...,, ,A1
19631021-0,21-OCT-1963,Fairchild C-119G Flying Boxcar,BK-962,Indian AF,8,Bangalore Ai...,, ,A1
19631022-0,22-OCT-1963,BAC One-Eleven 200AB,G-ASHG,BAC,7,near Chicklade,,,A1
19631023-0,23-OCT-1963,Douglas C-47A (DC-3),42-24308,USAF,,unknown,, ,A1
19631024-0,24-OCT-1963,Fairchild C-123B Provider,56-4385,USAF,8,near Saigon,, ,C1
19631024-1,24-OCT-1963,Douglas C-54A (DC-4),TF-IST,"Icelandair, op.for Danish Government",0,Narsarsuaq A...,, ,O1
19631024-2,24-OCT-1963,Consolidated Vultee PBY-6A Catalina,L-862,Danish AF,0,Narsarsuaq A...,, ,O1
19631024-3,24-OCT-1963,Consolidated Vultee PBY-6A Catalina,L-864,Danish AF,0,Narsarsuaq A...,, ,O1
19631029-0,29-OCT-1963,Douglas C-47A (DC-3),JA5024,All Nippon,,Toyama Airpo...,,,U1
19631101-0,01-NOV-1963,Douglas C-53C (DC-3),N45335,Lake Central Airlines,0,Indianapolis...,,,O1
19631101-1,01-NOV-1963,Douglas C-47D (DC-3),43-48294,USAF,,,, ,A1
19631102-0,02-NOV-1963,Martin 2-0-2,N177A,Allegheny Airlines,0,Newark Inter...,, ,U1
19631106-0,06-NOV-1963,Douglas DC-8-54F,CF-TJM,TCAL,0,London Airpo...,,,A2
19631108-0,08-NOV-1963,Douglas C-47A (DC-3),OH-LCA,Aero OY,22,near Mariehamn Ai...,,,A1
19631110-0,10-NOV-1963,Ilyushin Il-18B,CCCP-75686,Aeroflot / Moscow,,Kuibyshev Ai...,, ,A1
19631112-0,12-NOV-1963,Boeing 707-437,VT-DJK,Air-India,0,Wien-Schwech...,, ,A2
19631115-0,15-NOV-1963,Douglas C-47 (DC-3),ETM-6010,Mexican AF,4,"Ixtepec, Oaxaca",, ,A1
19631122-0,22-NOV-1963,Douglas C-47 (DC-3), ,Indian AF,10,near Banihal pass...,, ,A1
19631128-0,28-NOV-1963,Convair CV-340 or CV-440, ,AVENSA,0,Port of Spai...,, ,H2
19631129-0,29-NOV-1963,Douglas DC-8-54F,CF-TJN,TCAL,118,Ste-Thérèse-...,,,A1
19631129-1,29-NOV-1963,Douglas C-47A (DC-3),N386T,Purdue University,1,"Morgantown, WV",, ,A1
19631129-2,29-NOV-1963,Howard Super Ventura,N555DM,Dumas Milner Corp.,,unknown,, ,O1
19631130-0,30-NOV-1963,Douglas C-47A (DC-3),ET-AAT,Ethiopian Air Lines,0,Addis Ababa-...,, ,A1
19631207-0,07-DEC-1963,Curtiss C-46A,N609Z,Zantop,3,"near Nederland, CO",,,A1
19631207-1,07-DEC-1963,Antonov An-12B,CCCP-11347,Aeroflot / East Siberia,6,near Kirensk Airport,, ,A1
19631207-2,07-DEC-1963,Ilyushin Il-14P,DM-SBL,Interflug,0,near Königsbrück,,,A1
19631208-0,08-DEC-1963,Boeing 707-121,N709PA,Pan Am,81,"Elkton, MD",,,A1
19631209-0,09-DEC-1963,Curtiss C-46A,N5160V,private,3,near Azores Islands,, ,A1
19631212-0,12-DEC-1963,U-1A Otter (DHC-3),58-1690,US Army,7,near Ban Me Thout,, ,C1
19631212-1,12-DEC-1963,Douglas C-54A (DC-4),OD-AEB,TMA,3,near Ghazni,, ,A1
19631216-0,16-DEC-1963,Lisunov Li-2T,SP-LBG,LOT,0,Warszawa-Oke...,, ,A1
19631217-0,17-DEC-1963,Handley Page Hastings C.1,TG610,RAF,0+ 1,Thorney Isla...,, ,A1
19631221-0,21-DEC-1963,Convair CV-580,N7601,Union Oil Comp. of California,0,Midland Air ...,, ,A1
19631227-0,27-DEC-1963,Douglas C-47A (DC-3),B-815,"Air America, op.for Royal Thai Border Police",12,near Songkhla,, ,A1
19631230-0,30-DEC-1963,Bristol 170 Freighter 31M,9697,RCAF,8,near Marville RCA...,, ,A1
19639999-0,??-???-1963,Lisunov Li-2P,2210,Czechoslovak AF,,,, ,U1
19639999-2,??-???-1963,Douglas C-47 (DC-3),YA-AAA,Ariana Afghan Airlines,,Logarh Valley,, ,A1
19639999-5,??-???-1963,Grumman SA-16A Albatross,11019,Republic of China AF,,,, ,U1

19630101-0,01-JAN-1963,Fairchild C-119 Flying Boxcar, ,Indian AF,2,Banhilal,, ,A1
19630107-0,07-JAN-1963,Lockheed P-2H Neptune,140966,US Navy,0,"near Alameda NAS,...",, ,A1
19630110-0,10-JAN-1963,Lockheed P-2H Neptune,135559,US Navy,7,"Kodiak NAS, ...",, ,A1
19630111-0,11-JAN-1963,Curtiss C-46E,CF-HTI,Maritime Central Airways,0,Moncton-Metr...,, ,O1
19630111-1,11-JAN-1963,Lockheed L-749A Constellation,F-BAZM,SGAC,12,near Périllos,, ,A1
19630113-0,13-JAN-1963,Fairchild C-123B Provider,54-0589,USAF,0,Memphis Muni...,, ,O1
19630113-1,13-JAN-1963,Douglas DC-7,N4875C,USAF,1,Memphis Muni...,, ,A2
19630115-0,15-JAN-1963,Douglas DC-6A,G-APON,Cunard Eagle Airways,0,Colombo-Katu...,, ,A2
19630115-1,15-JAN-1963,Convair CV-240-0,PP-CEV,Cruzeiro do Sul,6+ 7,near São Paulo-Co...,, ,A1
19630117-0,17-JAN-1963,Fairchild F-27,N2703,West Coast Airlines,3,Great Salt L...,,,A1
19630117-1,17-JAN-1963,Scottish Aviation Twin Pioneer 1,G-APLN,Bristow Helicopters,0,near Chepbeica,, ,A1
19630122-0,22-JAN-1963,Convair CV-340-59,PP-CDY,Cruzeiro do Sul,0,Parnaiba Air...,, ,A1
19630122-1,22-JAN-1963,Douglas C-54E (DC-4),6601,Portuguese AF,3,"near Las Palmas, ...",, ,A1
19630125-0,25-JAN-1963,Douglas Dakota III (DC-3),G-AMJU,BUA,0,Blackpool Ai...,, ,A2
19630126-0,26-JAN-1963,Curtiss C-46F,N67933,Skyvan Airways,1,Cape Lisburn...,, ,A1
19630129-0,29-JAN-1963,Vickers 812 Viscount,N242V,Continental Air Lines,8,Kansas City ...,, ,A1
19630130-0,30-JAN-1963,Lockheed P-3A Orion,149672,US Navy,14,"near New York, NJ...",, ,A1
19630201-0,01-FEB-1963,Vickers 754D Viscount,OD-ADE,MEA,14+ 87,Ulus Distric...,,,A1
19630201-1,01-FEB-1963,Douglas C-47A (DC-3),CBK-28,Turkish AF,3,Ulus Distric...,, ,A1
19630203-0,03-FEB-1963,Lockheed L-1049H Super Constellatio,N9740Z,Slick Airways,4,San Francisc...,, ,A1
19630204-0,04-FEB-1963,Convair C-131E (CV-440),55-4758,USAF,1,near Ogden-Hill A...,, ,A1
19630208-0,08-FEB-1963,Vickers 708 Viscount,G-ARBY,BUA,0,London-Gatwi...,, ,A2
19630208-1,08-FEB-1963,Antonov An-10A,CCCP-11193,Aeroflot / Komi,7,near Syktyvkar Ai...,, ,A1
19630212-0,12-FEB-1963,Boeing 720-051B,N724US,Northwest Orient Airlines,43,"Everglades, FL",, ,A1
19630214-0,14-FEB-1963,Scottish Aviation Twin Pioneer CC.1,XN318,RAF,5,near Long Semodo,,,A1
19630215-0,15-FEB-1963,Nord 2501 Noratlas,45,French AF,0,Fort-Lamy Ai...,, ,O1
19630216-0,16-FEB-1963,Curtiss C-46F,N616Z,Zantop,0,"Puyallup, WA",, ,A1
19630226-0,26-FEB-1963,Ilyushin Il-18V,CCCP-75732,Aeroflot / Polar,10,Bukhta Yemli...,, ,A1
19630227-0,27-FEB-1963,Boeing KC-135A,56-3597,USAF,7+ 2,Fairbanks-Ei...,, ,A1
19630302-0,02-MAR-1963,Douglas C-47B (DC-3),PI-C489,Philippine Air Lines,27,Mt. Boca,, ,A1
19630303-0,03-MAR-1963,Douglas C-47D (DC-3),43-49238,USAF,,,, ,A1
19630304-0,04-MAR-1963,Douglas DC-3A-191,N16067,Flugtransport,0,Herzogenaura...,, ,A1
19630304-1,04-MAR-1963,Douglas C-47A (DC-3),43-30655,USAF,0,Bentwaters R...,, ,A1
19630305-0,05-MAR-1963,Ilyushin Il-18V,CCCP-75765,Aeroflot / Turkmenistan,12,Ashgabat Air...,, ,A1
19630312-0,12-MAR-1963,Antonov An-6,CCCP-04342,Polyarnaya Aviatsiya,0,near Richardson L...,, ,O1
19630312-1,12-MAR-1963,Antonov An-6,CCCP-98341,Aeroflot / Polar,0,near Richardson L...,, ,O1
19630313-0,13-MAR-1963,Scottish Aviation Twin Pioneer CC.2,XM290,RAF,0,Kalimikui,, ,A1
19630313-2,13-MAR-1963,Junkers Ju-52/3m, ,Portuguese AF,0,Monte Real A...,, ,A1
19630315-0,15-MAR-1963,Avro 685 York C.1,OD-ACZ,TMA,4,near Karaj,, ,A1
19630315-1,15-MAR-1963,Douglas DC-6B,CP-707,LAB,39,near Tacora Volcano,, ,A1
19630315-2,15-MAR-1963,Douglas C-117D (DC-3),17158,US Navy,0,"Memphis NAS,...",, ,A1
19630317-0,17-MAR-1963,Vickers 802 Viscount,G-AOHO,BEA,0,Berlin-Tegel...,, ,A2
19630320-0,20-MAR-1963,DH-106 Comet 4C,SA-R-7,Saudi Arabian Government,18,near Cuneo,,,A1
19630327-0,27-MAR-1963,Vickers 668 Varsity T.1,G-APAZ,"RAF, op.for Smiths Aviation",2,near Staverton Ai...,,,A1
19630329-0,29-MAR-1963,Douglas DC-3D,9Q-CUS,Air Congo,,Kasongo Lund...,, ,A1
19630329-1,29-MAR-1963,Vickers 953 Vanguard,G-APEJ,BEA,0,Dublin Airpo...,, ,A2
19630330-0,30-MAR-1963,Douglas C-47B (DC-3),I-TAVI,Itavia,8,near Sora,,,A1
19630330-1,30-MAR-1963,Fairchild C-119G Flying Boxcar,MM52-6005,Italian AF,0,Pisa-Arturo ...,, ,A1
19630402-0,02-APR-1963,Antonov An-12,CCCP-11338,Aeroflot / Polar,0,Magadan Airp...,, ,A1
19630403-0,03-APR-1963,Douglas C-54A (DC-4),0290/CTA-2,Argentine Navy,0,"Punta Indio, BA",, ,O1
19630403-1,03-APR-1963,Douglas LC-47A (DC-3),0281/CTA-12,Argentine Navy,0,"Punta Indio, BA",, ,O1
19630404-0,04-APR-1963,Ilyushin Il-18,CCCP-75866,Aeroflot / Krasnoyarsk,67,"near Urakhcha, Ry...",, ,A1
19630404-1,04-APR-1963,Grumman G-73 Mallard,CF-FLC,Hudson Bay Air Transport,0,Flin Flon Ai...,, ,O1
19630407-0,07-APR-1963,Douglas DC-6B,YK-AEB,Syrian Arab Airlines,1,Hamah,, ,A1
19630407-1,07-APR-1963,Curtiss C-46, ,Republic of China AF,,unknown,, ,U1
19630408-0,08-APR-1963,Vickers 806 Viscount,G-AOYS,BEA,0,near Palermo,, ,A2
19630408-1,08-APR-1963,Douglas DC-7C,PP-PDM,Panair do Brasil,0,Rio de Janei...,, ,A1
19630410-0,10-APR-1963,Douglas C-133B Cargomaster,59-0523,USAF,9,near Fairfield-Tr...,, ,A1
19630412-0,12-APR-1963,Fairchild C-123B Provider,56-4380,USAF,3+ 2,Nakhon Phanom,, ,A1
19630413-0,13-APR-1963,Blackburn Beverley C.1,XB268,RAF,2,near El Adem RAF ...,, ,A1
19630413-1,13-APR-1963,Douglas DC-6B,OY-EAP,Sterling Airways,0,Kobenhavn-Ka...,,,A1
19630414-0,14-APR-1963,Vickers 759D Viscount,TF-ISU,Icelandair,12,near Oslo-Fornebu...,, ,A1
19630418-0,18-APR-1963,Scottish Aviation Twin Pioneer CC.2,XL994,RAF,8,near Bu Hafafa,, ,A1
19630421-1,21-APR-1963,Douglas C-47A (DC-3),T.3-44,Spanish AF,7,near Fuerteventura,, ,A1
19630423-0,23-APR-1963,U-1A Otter (DHC-3),55-3291,US Army,3,near Masjed Soleyman,, ,A1
19630426-0,26-APR-1963,Douglas C-47 (DC-3), ,USAF,9,"near Albuquerque, NM",, ,A1
19630430-0,30-APR-1963,Douglas DC-3-201E,JA5039,All Nippon,0,Hachijo Jima...,, ,A1
19630501-0,01-MAY-1963,DHC-3 Otter,JA3115,Nitto Aviation,9,Awaji-Shima,, ,A1
19630503-0,03-MAY-1963,Convair CV-340-59,PP-CDW,Cruzeiro do Sul,37,near São Paulo-Co...,,,A1
19630503-1,03-MAY-1963,Douglas DC-6B,F-BIAO,Air Afrique,55,Mt. Cameroon,,,A1
19630505-0,05-MAY-1963,Douglas DC-4,PP-BTR,Paraense Transportes Aéreos,0,São Paulo-Co...,, ,O1
19630507-0,07-MAY-1963,T-39A-1-NA Sabreliner,61-0644,USAF,,Camp Springs...,, ,U1
19630510-0,10-MAY-1963,Douglas DC-3 (R4D-4),JA5040,All Nippon,,Sendai,, ,U1
19630512-0,12-MAY-1963,Douglas DC-3,SU-AJX,UAA,34,Az Zahweyyin,, ,A1
19630514-0,14-MAY-1963,Scottish Aviation Twin Pioneer 3,PK-GTC,Garuda,,,, ,A1
19630518-0,18-MAY-1963,Tupolev Tu-104B,CCCP-42483,Aeroflot / Northern,0,near Leningrad-Sm...,, ,A1
19630522-0,22-MAY-1963,Douglas C-47B (DC-3),F-OAVR,Air Algérie,,Hassi Messao...,, ,U1
19630528-0,28-MAY-1963,Douglas VC-117A,45-2545,USAF,,,, ,A1
19630528-1,28-MAY-1963,Lockheed L-1049G Super Constellatio,N189S,Standard Airways,0,Manhattan Mu...,, ,A1
19630530-0,30-MAY-1963,Convair CV-990,N5616,American Airlines,0,Newark Inter...,,,O1
19630531-0,31-MAY-1963,Douglas C-47A (DC-3),42-23351,USAF,,unknown,, ,O1
19630603-0,03-JUN-1963,Douglas DC-3 Hiper,VT-AUL,Indian Airlines,29,Sarna,, ,A1
19630603-1,03-JUN-1963,Douglas DC-7CF,N290,Northwest Orient Airlines,101,near Annette Isla...,,,A1
19630605-0,05-JUN-1963,Douglas DC-3-201,JA5027,All Nippon,0,Osaka-Itami ...,,,A2
19630610-0,10-JUN-1963,Douglas C-47A (DC-3),XY-ACS,Union of Burma Airways,20,Mt. Kaolokung,, ,A1
19630616-0,16-JUN-1963,VEB 14P,YR-ILL,Tarom,31,near Békéssámson,, ,A1
19630616-1,16-JUN-1963,Douglas C-47A (DC-3),953,Chilean AF,19,near Puerto Aisen,, ,A1
19630616-2,16-JUN-1963,Douglas C-47A (DC-3),43-15957,USAF,,Aurora-Lowry...,, ,A1
19630619-0,19-JUN-1963,Lockheed RB-69A Neptune,54-4041,Republic of China AF,14,"Linchuan, Ji...",, ,C1
19630621-0,21-JUN-1963,Curtiss C-46A,PP-NBP,Varig,0,Brasilia Int...,, ,A1
19630621-1,21-JUN-1963,Boeing KC-135A,57-1498,USAF,1,near Springfield-...,, ,A1
19630626-0,26-JUN-1963,Kaiser-Frazer C-119G Flying Boxcar,CP-45/OT-CEE,Belgian AF,38,near Detmold,, ,C1
19630701-0,01-JUL-1963,Douglas C-47B (DC-3),PP-VBV,Varig,15,near Passo Fundo ...,, ,A1
19630701-1,01-JUL-1963,U-1A Otter (DHC-3),58-1706,US Army,1,within Vietnam,, ,A1
19630702-0,02-JUL-1963,Martin 4-0-4,N449A,Mohawk Airlines,7,Rochester-Mo...,, ,A1
19630702-1,02-JUL-1963,Douglas C-47 (DC-3),FAC-678,Colombian AF,6,Tauramena Ai...,, ,A1
19630703-0,03-JUL-1963,Douglas DC-3C,ZK-AYZ,New Zealand National Airways,23,near Mt. Ngatamah...,, ,A1
19630703-1,03-JUL-1963,SE-210 Caravelle VI-N,LV-HGY,Aerolineas Argentinas,0,near Córdoba-Paja...,, ,A1
19630710-0,10-JUL-1963,Douglas C-54A (DC-4),HP-382,APASA,0,near South Caicos...,, ,A1
19630710-2,10-JUL-1963,Douglas C-47B (DC-3),KN278,RCAF,3,"Pierce Lake, SK",, ,A1
