identifiant,date,type,registration,operator,fat.,location, ,pic,cat

19850612-0,12-JUN-1985,Boeing 727-2D3,JY-AFW,Alia,0,Beirut Inter...,,,H1
19850612-1,12-JUN-1985,Boeing 707-300, ,MEA,0,Larnaca Airp...,, ,H2
19850612-2,12-JUN-1985,Antonov An-2,LZ-...,Unknown,1,within Bulgaria,, ,A1
19850613-0,13-JUN-1985,Boeing 707-336B,TY-BBR,Benin Government,0,Sebha Airpor...,,,A1
19850614-0,14-JUN-1985,Boeing 727-231,N64339,TWA,1,Beirut Inter...,, ,H2
19850619-0,19-JUN-1985,Convair VT-29B (CV-240),N155PA,Combs Airways,0,near Trenton-Merc...,, ,A1
19850620-0,20-JUN-1985,Antonov An-2TP,CCCP-91783,Aeroflot / Yakutsk,0,Moma,, ,A1
19850621-0,21-JUN-1985,Boeing 737-205,LN-SUG,Braathens,0,Oslo-Fornebu...,, ,H2
19850623-1,23-JUN-1985,Embraer EMB-110P Bandeirante,PT-GJN,TABA,17,near Juara Airpor...,, ,A1
19850623-2,23-JUN-1985,Boeing 747-237B,VT-EFO,Air-India,329,"near Cork, Ireland",,,C1
19850624-0,24-JUN-1985,Lockheed C-130E Hercules,2457,Brazilian AF,7,"near Santa Maria, RS",,,A1
19850627-0,27-JUN-1985,DC-10-10,N129AA,American Airlines,0,San Juan-Lui...,,,A2
19850627-1,27-JUN-1985,Embraer P-95 Bandeirulha (EMB-111A),7053,Brazilian AF,4,near Ponta de Muc...,, ,A1
19850627-2,27-JUN-1985,Antonov An-2R,CCCP-84724,Aeroflot / East Siberia,0,"near Suduntui, Ch...",, ,A1
19850628-0,28-JUN-1985,Boeing 727-2F2,TC-JCB,THY,0,Istanbul-Ata...,, ,H2
19850630-0,30-JUN-1985,Douglas C-47B (DC-3),N168Z,Northern Peninsula Fisheries,0,"King Salmon, AK",,,A1
19850699-0,??-JUN-1985,BN-2A Islander,TR-LXW,Rougier Gabon,,,,,U1
19850701-0,01-JUL-1985,BAe BAe-748-314 Srs. 2A LFD,JW9009,Tanzanian AF,4,near Mbeya Airpor...,, ,A1
19850702-0,02-JUL-1985,Fokker F-27 Friendship 200,ST-AAR,Sudan Airways,0,Eldebba Airp...,,,A1
19850704-0,04-JUL-1985,Airbus A300B4-203,P2-ANG,Air Niugini,0,Brisbane-Eag...,, ,H2
19850704-1,04-JUL-1985,Antonov An-2R,CCCP-55710,Aeroflot / Krasnoyarsk,0,Baykit (BKT),, ,A1
19850704-2,04-JUL-1985,DC-8-73CF,N816EV,"Evergreen International, op.for Air-India",0,Calcutta-Dum...,, ,A2
19850707-0,07-JUL-1985,Douglas C-118A (DC-6),N2878F,Northern Pacific Transport,0,Egegik Airpo...,, ,A1
19850707-1,07-JUL-1985,Douglas DC-3A,HK-1340,LACOL Colombia,3,near Villavicenci...,,,A1
19850707-2,07-JUL-1985,Antonov An-2R,CCCP-06255,Aeroflot / Privolzhsk,0,Krasny Yar d...,, ,A1
19850710-0,10-JUL-1985,Tupolev Tu-154B-2,CCCP-85311,Aeroflot / Uzbekistan,200,near Uchkuduk,,,A1
19850711-0,11-JUL-1985,Antonov An-12, ,Soviet AF,14,near Kandahar Air...,, ,C1
19850714-0,14-JUL-1985,DHC-3 Otter,C-FIOD,Propair,,"Lac Hélène, QC",, ,A1
19850715-0,15-JUL-1985,Antonov An-2R,CCCP-55706,Aeroflot / Georgia,0,Selitrennoye...,, ,A1
19850717-0,17-JUL-1985,Convair CV-990,N712NA,NASA,0,Riverside-Ma...,,,A1
19850724-0,24-JUL-1985,Douglas DC-6B,FAC-902,Colombian AF,80,near Leticia,,,A1
19850724-1,24-JUL-1985,Dornier CD-01A Seastar,D-ICDS,Dornier,0,Bodensee,, ,A1
19850726-0,26-JUL-1985,Ilyushin Il-14, ,Soviet AF,7,Mt. Komendan...,, ,A1
19850729-1,29-JUL-1985,Consolidated PBY-6A Catalina,N2886D,Aries Aire,2,"Northport, WA",, ,A1
19850730-0,30-JUL-1985,BN-2A Islander,Z-WHX,United Air Charters,1,Luabo,, ,C2
19850802-0,02-AUG-1985,Lockheed L-1011 TriStar 1,N726DA,Delta Air Lines,134+ 1,Dallas/Fort ...,,,A1
19850804-0,04-AUG-1985,Embraer EMB-110P1 Bandeirante,HK-2593,AIRES Colombia,0,Mocoa,,,A1
19850805-0,05-AUG-1985,Boeing 727, ,Iran Air,1,Bandar Abbas...,, ,H2
19850812-0,12-AUG-1985,DHC-6 Twin Otter 300,PK-NUG,Merpati Nusantara,2,near Mulia Airpor...,, ,A1
19850812-1,12-AUG-1985,Boeing 747SR-46,JA8119,JAL,520,near Ueno Village...,,,A1
19850812-2,12-AUG-1985,Beech 200 Super King Air,N100HC,Jet Fleet,0,"Quinlan, TX",, ,A1
19850813-0,13-AUG-1985,Antonov An-2R,YR-PVU,Aviatia Utilitara,,,, ,A1
19850815-0,15-AUG-1985,Boeing 707-336C,7O-ACO,Alyemda,3,Aden,, ,A2
19850819-0,19-AUG-1985,Martin 4-0-4,CP-1704,CAN,0,La Paz-El Al...,,,A1
19850820-0,20-AUG-1985,Learjet 24XR,N455JA,ERA-Jet Alaska,3,"near Gulkana, AK",, ,A1
19850820-1,20-AUG-1985,Learjet 35,VH-WFE,Wards Express,0,Katherine-Ti...,, ,A2
19850821-0,21-AUG-1985,Boeing 720-023B,OD-AFL,MEA,0,Beirut Inter...,,,C1
19850821-1,21-AUG-1985,Boeing 720-047B,OD-AGQ,MEA,0,Beirut Inter...,,,C1
19850822-0,22-AUG-1985,Boeing 737-236,G-BGJL,British Airtours,55,Manchester I...,,,A1
19850825-0,25-AUG-1985,Beech 99,N300WP,Bar Harbor Airlines,8,near Auburn Airpo...,,,A1
19850827-0,27-AUG-1985,Boeing KC-135A,59-1443,USAF,7,near Marysville-B...,, ,A1
19850828-0,28-AUG-1985,Beech C99,N992SB,Sunbird Airlines,3,"near Hickory, NC",, ,A1
19850829-0,29-AUG-1985,Alenia G-222SAA,MM62131,Italian AF,4,"near Nurallao, Sa...",, ,A1
19850830-0,30-AUG-1985,BN-2A Islander,P2-DNW,Douglas Airways,3,near Kokoda Airpo...,, ,A1
19850901-0,01-SEP-1985,Antonov An-2P,CCCP-01789,Aeroflot / Yakutsk,0,near Yunkyur Airs...,, ,A1
19850904-0,04-SEP-1985,Antonov An-26,YA-BAM,Bakhtar Afghan,52,near Kandahar,, ,C1
19850906-0,06-SEP-1985,DC-9-14,N100ME,Midwest Express,31,near Milwaukee-Ge...,,,A1
19850910-0,10-SEP-1985,Douglas DC-3, ,Collier County Mosquito Control,0,"East Naples, FL",, ,A1
19850915-0,15-SEP-1985,DHC-6 Twin Otter 300,AP-BCH,PIA,0,Islamabad In...,, ,O2
19850922-0,22-SEP-1985,Learjet 35A,N873LP,Louisiana Pacific,1,"Auburn, AL",, ,A1
19850923-0,23-SEP-1985,Beech B99,N339HA,Henson Airlines,14,near Staunton-She...,, ,A1
19850923-1,23-SEP-1985,Dassault Falcon 10,N700DK,Durakool,0,West Chicago...,, ,A1
19850923-2,23-SEP-1985,BN-2 Islander,I-302,Angolan AF,,,, ,U1
19850925-0,25-SEP-1985,Boeing 737-2X6C,N674MA,MarkAir,0,Unalaska Air...,, ,A2
19850925-1,25-SEP-1985,Antonov An-12,CCCP-69321,MAP Kom na Amu APO,9,near Kharkov,, ,A1
19850926-0,26-SEP-1985,BN-2 Islander,P2-DNI,Douglas Airways,4,Kilifas Gap,, ,A1
19850929-0,29-SEP-1985,Cessna 208 Caravan I,N551CC,Air Carriers Express,17,"near Jenkinsburg, GA",, ,A1
19850999-0,??-SEP-1985,Grumman G-159 Gulfstream I,N720X,private,0,within Arizona,, ,A1
19851009-0,09-OCT-1985,Embraer EMB-110C Bandeirante,PT-GKA,Nordeste Linhas Aéreas,2,near Vitória da C...,, ,A1
19851009-1,09-OCT-1985,SE-210 Caravelle VI-N,9Q-CMD,African Air Charter,0,Mbuji-Mayi A...,,,A1
19851010-0,10-OCT-1985,IAI 1124 Westwind,VH-IWJ,Pel-Air,2,near Sydney-Kings...,, ,A1
19851011-1,11-OCT-1985,Curtiss C-46D,CP-1593,SABENI,2,within Beni Department,,,A1
19851011-2,11-OCT-1985,Yakovlev Yak-40,CCCP-87803,Aeroflot / Georgia,14,near Kutaisi,, ,A1
19851011-3,11-OCT-1985,DHC-6 Twin Otter 200,N3257,Mountain Air Cargo,1,"Homer City, PA",, ,A1
19851012-1,12-OCT-1985,Fokker F-27 Friendship 600,XY-ADS,Burma Airways,4,near Putao Airpor...,, ,A1
19851018-0,18-OCT-1985,Lockheed L-1011 TriStar 500,JY-AGE,Alia,0,near Singapore,, ,A2
19851019-0,19-OCT-1985,Vickers 835 Viscount,N923RC,Ray Charles,0,Bloomington-...,,,A1
19851020-0,20-OCT-1985,Embraer C-95B Bandeirante (EMB-110),2302,Brazilian AF,0,Rio de Janei...,, ,A1
19851022-0,22-OCT-1985,Shorts 360-100,B-3606,CAAC,0,Enshi Airpor...,, ,A1
19851022-1,22-OCT-1985,Learjet 24D,N456JA,ERA-Jet Alaska,4,near Juneau Inter...,, ,A1
19851028-0,28-OCT-1985,Beech 200 Super King Air,HK-2489,Unknown,,Bogotá,, ,U1
19851030-0,30-OCT-1985,Boeing 727, ,American Airlines,0,Dallas/Fort ...,, ,C2
19851101-0,01-NOV-1985,Cessna 208 Caravan I,N9241F,Hermens Air,2,Bethel Airpo...,, ,A1
19851102-0,02-NOV-1985,Boeing 707-300, ,Iran Air,0,Tehran-Mehra...,, ,H2
19851107-0,07-NOV-1985,Hawker Siddeley HS-125-F400A,N984HF,Hardees Foods,0,Sparta-White...,, ,A1
19851110-0,10-NOV-1985,Dassault Falcon 50,N784B,Nabisco Brands,2+ 1,near Teterboro Ai...,,,A1
19851110-1,10-NOV-1985,Fokker F-27 Friendship 600, ,Uganda Airlines,0,Kasese Airpo...,, ,H2
19851115-0,15-NOV-1985,Convair VC-131H Samaritan (CV-580),542817,US Navy,3,Dothan Airpo...,,,A1
19851119-0,19-NOV-1985,Boeing 737, ,America West,0,Phoenix-Sky ...,, ,H2
19851121-0,21-NOV-1985,Lockheed C-130H-MP Hercules,A-1322,Indonesian AF,11,Mount Sibayak,, ,A1
19851124-0,24-NOV-1985,Boeing 737-266,SU-AYH,EgyptAir,60,Malta-Luqa A...,,,H1
19851124-1,24-NOV-1985,Grumman American G-1159 Gulfstream ,N104AR,Gulfstream Aerospace,0,Edmonton Int...,, ,A2
19851125-0,25-NOV-1985,Antonov An-12BP,CCCP-11747,Soviet AF,21,near Menongue Air...,, ,C1
19851130-0,30-NOV-1985,Lockheed L-188C Electra,PK-RLG,Mandala Airlines,0,Medan-Poloni...,,,A1
19851202-0,02-DEC-1985,Boeing 747-228B,F-GCBC,Air France,0,Rio de Janei...,,,A1
19851204-0,04-DEC-1985,Swearingen SA226-TC Metro II,D-IASN,Delta Air,0,Friedrichsha...,,,A1
19851207-0,07-DEC-1985,Boeing 737-248,EI-ASA,Aer Lingus,0,Dublin Airpo...,, ,A2
19851208-0,08-DEC-1985,Learjet 35A,N15TW,Corporate Air,3,"Rochester, MN",,,A1
19851210-0,10-DEC-1985,Douglas C-47A (DC-3),6888,South African AF,0,near Swartkop Air...,,,A2
19851210-1,10-DEC-1985,Douglas C-47B (DC-3),6874,South African AF,0,near Swartkop Air...,,,A2

19850101-0,01-JAN-1985,Boeing 727-225,N819EA,Eastern Air Lines,29,Nevado Illimani,,,A1
19850104-0,04-JAN-1985,Boeing 727-235,N4746,Pan Am,0,Cleveland-Ho...,, ,H2
19850108-0,08-JAN-1985,DHC-6 Twin Otter 300,YA-GAY,Bakhtar Afghan,0,Bamyan,, ,A1
19850108-1,08-JAN-1985,Fokker F-27 Friendship 200MAR,10665,Thai Navy,0,Bangkok Inte...,, ,A1
19850109-0,09-JAN-1985,Lockheed L-188AF Electra,N357Q,TPI,3,near Kansas City ...,, ,A1
19850109-1,09-JAN-1985,Rockwell T-39N Sabreliner,N1863T,Westinghouse Electric Corp.,0,Baltimore/Wa...,, ,A2
19850110-0,10-JAN-1985,Ilyushin Il-14T,CCCP-06142,MAP Moscow,,near Uralsk Airpo...,, ,A1
19850113-0,13-JAN-1985,Vickers 806 Viscount,PK-RVT,Mandala Airlines,0,Yogyakarta-A...,,,A1
19850117-0,17-JAN-1985,Douglas C-47A (DC-3),L2-6/90/536,Thai AF,,Lop Buri Air...,, ,U1
19850118-0,18-JAN-1985,Antonov An-24V,B-434,CAAC,38,near Jinan Airpor...,, ,A1
19850118-1,18-JAN-1985,GAF Nomad N.22B,VH-BFH,Barrier Reef Airways,0,Brisbane Int...,, ,O1
19850118-2,18-JAN-1985,Airbus A300B4, ,Eastern Air Lines,0,Orlando Inte...,, ,H2
19850119-0,19-JAN-1985,Ilyushin Il-18D,CU-T899,Cubana,38,near San José de ...,,,A1
19850121-0,21-JAN-1985,Lockheed L-188A Electra,N5532,Galaxy Airlines,70,near Reno/Tahoe I...,,,A1
19850122-0,22-JAN-1985,Lockheed C-130A Hercules,56-0501,USAF,21,near Trujillo-Cap...,, ,A1
19850122-1,22-JAN-1985,Antonov An-26RT,05,Soviet AF,8,near Dzhabal-Uss...,, ,A1
19850123-0,23-JAN-1985,Boeing 727-2K3,CP-1276,LAB,1,near Santa Cruz,, ,C2
19850123-1,23-JAN-1985,Embraer EMB-110P1 Bandeirante,HK-2638,AIRES Colombia,17,near Buga,,,A1
19850123-2,23-JAN-1985,DHC-6 Twin Otter 300,HK-1910,ACES,23,Cerro el Pla...,, ,A1
19850124-0,24-JAN-1985,Antonov An-2R,CCCP-19716,Aeroflot / Leningrad,0,Lake Byeloye...,, ,A1
19850128-0,28-JAN-1985,BN-2A Islander,HP-659,Aviones de Panama,0,near Taboga Island,, ,A1
19850129-0,29-JAN-1985,Lockheed L-188CF Electra,N854U,Galaxy Airlines,0,Marietta-Dob...,,,A1
19850131-0,31-JAN-1985,Swearingen SA227-AT Expediter,N568UP,UPS,0,"London, KY",, ,A1
19850199-0,??-JAN-1985,Douglas DC-4,N88939,BIF Air Inc,,near South Caicos...,,,A1
19850201-0,01-FEB-1985,Tupolev Tu-134AK,CCCP-65910,Aeroflot / Belarus,58,near Minsk-2 Inte...,, ,A1
19850201-1,01-FEB-1985,Beech A100 King Air,N72BS,Lisa Flite Corporation,2,"Cedarville, NJ",, ,A1
19850203-0,03-FEB-1985,PADC/BN-2A-21 Islander,VH-IGT,Geelong Air Travel,0,Wilton Airfi...,, ,A2
19850204-0,04-FEB-1985,C-115 Buffalo (DHC-5),2373,Brazilian AF,,,, ,U1
19850205-1,05-FEB-1985,DC-9-15,N926AX,Airborne Express,0,Philadelphia...,,,A1
19850207-0,07-FEB-1985,Canadair Challenger 601,N779XX,TAG Aviation,0,Milano-Linat...,, ,A1
19850207-1,07-FEB-1985,Boeing 707-123B, ,Cyprus Airways,0,Beirut Inter...,, ,H2
19850208-0,08-FEB-1985,Boeing 737-2A8,VT-EDS,Indian Airlines,0,Calcutta-Dum...,, ,A2
19850214-0,14-FEB-1985,BN-2A-3 Islander,PK-VIO,Dirgantara Air Services,9,near Banjarmasin,, ,A1
19850219-0,19-FEB-1985,Boeing 747SP-09,N4522V,China Airlines,0,near San Fransisc...,,,A2
19850219-1,19-FEB-1985,Boeing 727-256,EC-DDU,Iberia,148,near Bilbao Airpo...,,,A1
19850222-0,22-FEB-1985,Antonov An-24V,TZ-ACT,Air Mali,51,near Tombouctou A...,, ,A1
19850223-0,23-FEB-1985,Boeing 707-300, ,MEA,1,Beirut Inter...,, ,H2
19850224-0,24-FEB-1985,Dornier 228-100,D-IGVN,Alfred Wegener Inst.,3,near Dakhla,, ,C1
19850224-1,24-FEB-1985,Lockheed KC-130H Hercules,1620,Saudi AF,8,Riyadh Air B...,, ,A1
19850225-3,25-FEB-1985,Boeing RC-135T Rivet Dandy,55-3121,USAF,3,near Valdez Munic...,, ,A1
19850227-0,27-FEB-1985,Boeing 727-230, ,Lufthansa,0,Wien-Schwech...,, ,H2
19850227-1,27-FEB-1985,DHC-6 Twin Otter 310,HK-2763,ACES,0,El Bagre Air...,, ,O1
19850299-0,??-FEB-1985,Lockheed P-3F Orion,5-8702,Iran AF,,within Iran,,,A1
19850303-0,03-MAR-1985,Lockheed Hercules ???, ,Unknown,0,Lalibela,, ,H2
19850305-0,05-MAR-1985,Antonov An-26Sh,29 yellow,Soviet AF,0,"near Novobyelaya,...",, ,A1
19850306-0,06-MAR-1985,Fokker F-27 Friendship 600,5A-DLR,Libyan Arab Airlines,0,Giallo-Wareh...,,,A1
19850309-0,09-MAR-1985,Lockheed L-1011 TriStar 500, ,Alia,0,Dubai Airpor...,, ,C2
19850311-0,11-MAR-1985,Antonov An-30B,05 red,Soviet AF,2,near Kabul Airpor...,, ,C1
19850312-0,12-MAR-1985,DHC-6 Twin Otter 300,N540N,Seair Alaska,0,Barter Islan...,, ,A1
19850312-1,12-MAR-1985,Lockheed C-130E Hercules,64-0549,USAF,6,"Fort Hood, TX",,,A1
19850314-0,14-MAR-1985,DHC-5D Buffalo,833,Sudan AF,4,near Akobo,, ,A1
19850316-1,16-MAR-1985,Boeing 747-3B3,F-GDUA,UTA,0,Paris-Charle...,,,O1
19850317-0,17-MAR-1985,Boeing 737-268, ,Saudi Arabian,1,Dhahran Inte...,, ,H2
19850319-0,19-MAR-1985,Boeing KC-135A,61-0316,USAF,0,Cairo Intern...,,,O1
19850320-1,20-MAR-1985,Morane Saulnier (FMA) MS.760A Paris,E-240,Argentine AF,3,"Lago Ullum, SJ",, ,A1
19850321-0,21-MAR-1985,BN-2A-3 Islander,PK-OAN,Airfast Indonesia,,Irian Jaya,, ,A1
19850323-0,23-MAR-1985,Swearingen SA226-TC Metro II,N508SS,Scheduled Skyways,0,Hot Springs-...,, ,A2
19850325-0,25-MAR-1985,Antonov An-2T,CCCP-44905,Aeroflot / Yakutsk,0,Borogon Airport,, ,A1
19850326-0,26-MAR-1985,Grumman G-111 Albatross,PK-VAA ?,Pelita Air Service,0,near Singapore-Se...,, ,A1
19850327-0,27-MAR-1985,Boeing 727-230, ,Lufthansa,0,Istanbul-Ata...,, ,H2
19850328-0,28-MAR-1985,Fokker F-28 Fellowship 3000,FAC-1140,SATENA,46,near Florencia Ai...,,,A1
19850329-0,29-MAR-1985,Lockheed CC-130H Hercules,130330,Canadian Armed Forces,5,Edmonton-Nam...,, ,A1
19850329-1,29-MAR-1985,Lockheed CC-130H Hercules,130331,Canadian Armed Forces,5,Edmonton-Nam...,, ,A1
19850329-2,29-MAR-1985,Boeing 737-230, ,Lufthansa,0,London-Heath...,, ,H2
19850401-0,01-APR-1985,Boeing 707-300, ,MEA,0,Jeddah-King ...,, ,H2
19850404-0,04-APR-1985,Boeing 727-2D3, ,Royal Jordanian,0,Athens-Ellin...,, ,C2
19850411-0,11-APR-1985,BAe-125-700B,LV-ALW,YPF,7,"near Salta, SA",, ,A1
19850415-1,15-APR-1985,Boeing 737-2P5,HS-TBB,Thai Airways,11,near Phuket Inter...,,,A1
19850420-0,20-APR-1985,Convair CV-440-35,CP-1489,Carga Aéreo Transportada,4,near Santa Rosa A...,,,A1
19850420-1,20-APR-1985,Fokker F-27 Friendship 100,YN-BZF,Aeronica,2,near Kulusuk,, ,A1
19850420-2,20-APR-1985,CT-39A-1-NO Sabreliner,62-4496,USAF,5,Wilkes-Barre...,, ,A1
19850422-0,22-APR-1985,Douglas DC-6B,F-ZBAE,Securité Civile,5,near Perpignan Ai...,,,A1
19850426-0,26-APR-1985,Boeing 737-281, ,China Airlines,0,Taipei-Songs...,, ,H2
19850429-1,29-APR-1985,Douglas C-47 (DC-3), ,Mexican AF,,,, ,U1
19850499-0,??-APR-1985,Antonov An-24RV,BNMAU-10207,MIAT,,within Khövsgöl Pro...,, ,A1
19850503-0,03-MAY-1985,Tupolev Tu-134A,CCCP-65856,Aeroflot / Estonia,79,near Zolochiv,, ,A1
19850503-1,03-MAY-1985,Antonov An-26,101 red,Soviet AF,15,near Zolochiv,, ,A1
19850503-2,03-MAY-1985,BN-2A Islander,N865JA,Trans Island Airways,,,, ,U1
19850504-0,04-MAY-1985,Douglas DC-3-313D,N157U,Perris Valley Paracenter,0,"Perris, CA",, ,A1
19850509-0,09-MAY-1985,Consolidated PBY-5A Catalina,N84857,Drilling Muds,1,Lewistown Mu...,, ,A1
19850511-0,11-MAY-1985,Antonov An-2TP,CCCP-50553,Aeroflot / Krasnoyarsk,0,Kyzyl Airpor...,, ,A1
19850511-1,11-MAY-1985,Boeing 737-268, ,Saudi Arabian,0,Doha Interna...,, ,A2
19850512-0,12-MAY-1985,Dassault Falcon 50,N1181G,Wrigley,0,Lake Geneva ...,, ,A1
19850512-1,12-MAY-1985,BN-2A-21 Islander,PK-KNE,Bali Int. Air Service,,Maluku,, ,A1
19850515-0,15-MAY-1985,BN-2 Islander,C9-AMV,TTA,5,Chongoene,, ,A1
19850517-0,17-MAY-1985,Antonov An-2T,SP-DNR,Polskie Towarzystwo Geo.,,Sulczewka,, ,A1
19850517-1,17-MAY-1985,BN-2A-21 Islander,IN-131,Indian Navy,3,Cochin,, ,A1
19850518-0,18-MAY-1985,Boeing 727-281, ,KAL,0,Gwangju (Kwa...,, ,H2
19850521-0,21-MAY-1985,Cessna 501 Citation I/SP,N10GE,Target Development & Consulting Inc,2,near Harrison-Boo...,, ,A1
19850521-1,21-MAY-1985,Antonov An-2,CCCP-04326,Aeroflot / Tyumen,0,Tadibeyakha,, ,A1
19850521-2,21-MAY-1985,Antonov An-2,LZ-...,Unknown,1,Gorna Oryakh...,, ,A1
19850523-0,23-MAY-1985,BN-2A-8 Islander,C-GPCF,Chilcotin Cariboo Aviation,,Ten Mile Cre...,, ,A1
19850528-1,28-MAY-1985,Convair CV-580,YV-84C,AVENSA,2,near Cabimas-Oro ...,,,A1
19850529-0,29-MAY-1985,Antonov An-2R,CCCP-70218,Aeroflot / Leningrad,4,near Leningrad-Rz...,, ,A1
19850531-0,31-MAY-1985,Grumman G-159 Gulfstream I,N181TG,General Aviation,2,Nashville Me...,, ,A1
19850599-1,??-MAY-1985,BN-2A-9 Islander,TZ-ACS,Air Mali,,,, ,U1
19850609-0,09-JUN-1985,Beech 200 Super King Air,N148CP,Jaradac International Corp.,2,near Montgomery-O...,, ,A1
19850610-0,10-JUN-1985,Learjet 24B,F-BSRL,Euralair International,2,near Provins,,,A1
19850610-1,10-JUN-1985,Antonov An-2R,CCCP-32028,Aeroflot / Uzbekistan,2,Stavropol re...,, ,A1
19850611-0,11-JUN-1985,Rockwell 1121 Jet Commander,N69GT,Sultan Industries,0,Los Angeles-...,, ,A1

19851212-0,12-DEC-1985,DC-8-63CF,N950JW,Arrow Air,256,near Gander Airpo...,,,A1
19851212-1,12-DEC-1985,Learjet 24B,F-BRNL,Air Provence,0,Toulouse-Bla...,,,A1
19851212-2,12-DEC-1985,Learjet 35A,N723GL,General Telephone,2,College Stat...,, ,A1
19851213-0,13-DEC-1985,BN-2A-26 Islander,TN-AEQ,Aéro-Service,,Accra,, ,A1
19851213-1,13-DEC-1985,BN-2A-3 Islander,HP-680,Aviones de Panama,7,Yaviza Mount...,, ,A1
19851215-0,15-DEC-1985,Boeing 747-136,G-AWNE,British Airways,0,Boston-Logan...,, ,A2
19851219-0,19-DEC-1985,Antonov An-24, ,Aeroflot,0,"near Gannan, Heil...",, ,H2
19851223-0,23-DEC-1985,unknown jetliner, ,Iran Air,1,Tehran-Mehra...,, ,H2
19851225-0,25-DEC-1985,Douglas C-47 (DC-3),YV-425C,AeroEjecutivos,,near Cumana,, ,A1
19851226-0,26-DEC-1985,Antonov An-26RT,22,Soviet AF,1,near Kabul,, ,A1
19851227-0,27-DEC-1985,Boeing 747, ,Saudi Arabian,0,Riyadh-King ...,, ,H2
19851230-0,30-DEC-1985,Shorts SC.7 Skyvan 3-100,RAN-23,Nepal Army,25,near Dhangadhi,,,A1
19851231-0,31-DEC-1985,BAe-125-700B,5N-AXP,Nigerian Government,7,near Kaduna,, ,A1
19851231-1,31-DEC-1985,Douglas DC-3C,N711Y,Century Equipment,7,"De Kalb, TX",, ,A1
19851231-2,31-DEC-1985,Douglas C-47 (DC-3), ,Mexican AF,,,, ,U1
19859999-0,??-???-1985,IAI 1124 Westwind I,N1JS,private,,unknown loca...,, ,U1
19859999-1,??-???-1985,Antonov An-2TP,CCCP-32352,Aeroflot / Kazakstan,,Sosnovaya Ro...,, ,A1
19859999-2,??-???-1985,Antonov An-24RV,BNMAU-10210,MIAT,,Khuvsgul Pro...,, ,A1
19859999-4,??-???-1985,Antonov An-12B,CCCP-12989,Aeroflot / Privolzhsk,,unknown,, ,U1
