identifiant,date,type,registration,operator,fat.,location, ,pic,cat

20151204-1,04-DEC-2015,BAe-125-800SP,N164WC,WC Leasing Corp.,0,Palm Springs...,, ,A1
20151207-0,07-DEC-2015,Eclipse 500,ZS-DKS,Dixco Transport,1,"near Swellendam, ...",,,A1
20151210-0,10-DEC-2015,Raytheon 390 Premier I,N50VM,Sky Mast,0,Chicago-Exec...,,,A2
20151211-0,11-DEC-2015,Cessna 208B Grand Caravan,C-FKDL,Wasaya Airways,1,near Pickle Lake ...,,,A1
20151211-1,11-DEC-2015,Cessna 550 Citation II,M-AGGY,MEVA,0,Oyonnax-Arbe...,,,A1
20151215-0,15-DEC-2015,Boeing 737-3H4 (WL),N649SW,Southwest Airlines,0,Nashville In...,,,A1
20151215-1,15-DEC-2015,Embraer EMB-145MP (ERJ-145MP),G-CGWV,Eastern Airways,0,Newcastle Ai...,, ,A2
20151221-0,21-DEC-2015,Embraer ERJ-195,PK-KDC,KalStar Aviation,0,Kupang-El Ta...,,,A1
20151222-0,22-DEC-2015,Beech B200 Super King Air,VT-BSA,Border Security Force,10,Delhi-Indira...,, ,A1
20151223-0,23-DEC-2015,Raytheon Beechjet 400A,XA-MEX,Aerolíneas Ejecutivas,0,Telluride Ai...,,,A1
20151223-1,23-DEC-2015,Boeing 737-86J (WL),TC-CPV,Pegasus Airlines,0+ 1,Istanbul-Sab...,, ,C2
20151224-0,24-DEC-2015,Airbus A310-308,EP-MNP,Mahan Air,0,Istanbul-Ata...,,,A2
20151224-1,24-DEC-2015,Airbus A310-304F,9Q-CVH, Serve Air,0+ 8,Mbuji-Mayi A...,,,A2
20151226-0,26-DEC-2015,ATR 72-212A (ATR 72-500),5R-MJE,Air Madagascar,0,Antananarivo...,, ,A2
20151230-0,30-DEC-2015,Beech 200 Super King Air,N999VB,Cobb Aviation Services,0,Gary Regiona...,,,A1

20150102-0,02-JAN-2015,Saab 340B,G-LGNL,"Loganair, op.for Flybe",0,Stornoway Ai...,,,A1
20150103-0,03-JAN-2015,Antonov An-26B-100,RA-26082,KAPO Avia,0,Magadan-Soko...,,,A1
20150104-0,04-JAN-2015,Fokker 50,5Y-SIB,Skyward International Aviation,0,Nairobi-Jomo...,,,A1
20150109-0,09-JAN-2015,Cessna 208B Grand Caravan,8R-GAB,Trans Guyana Airways,0,Matthews Rid...,, ,A2
20150110-0,10-JAN-2015,Boeing 737-43Q (SF),ET-AQV,"Ethiopian Airlines, op.for ASKY Airlines",0,Accra-Kotoka...,,,A1
20150111-0,11-JAN-2015,DHC-6 Twin Otter 300,PK-YRU,Trigana Air Service,0,Enarotali Ai...,,,A2
20150112-0,12-JAN-2015,Dornier 328-110,D-CIRD,"Sun-Air, opf British Airways",0,Hamburg-Fuhl...,,,O1
20150115-0,15-JAN-2015,BAe ATP-F (LFD),G-BTPC,Atlantic Airlines,0,Coventry-Bag...,, ,A2
20150116-0,16-JAN-2015,BN-2A-8 Islander,YV2238,Chapi Air,0,Los Roques A...,,,A1
20150117-0,17-JAN-2015,Bombardier Global 5000,RP-C9363,Challenger Aero Corporation Metro Manila,0,Tacloban Air...,, ,A1
20150118-0,18-JAN-2015,Antonov An-26,YK-AND,Syrian Air Force,30,near Abu adh Dhuh...,, ,A1
20150120-0,20-JAN-2015,Antonov An-2P,UP-A0314,Olimp Air,6,near Shatyrkul Mine,, ,A1
20150120-1,20-JAN-2015,BN-2T Islander,ZS-NAT,Xcel Aviation,0,Dawlatabad d...,, ,A2
20150120-2,20-JAN-2015,Fokker 100,HB-JVE,"Swiss, opb Helvetic Airways",0,Nürnberg Air...,, ,A2
20150126-0,26-JAN-2015,Boeing 737-8KN (WL),A6-FEK,flydubai,0,near Baghdad Inte...,, ,C2
20150129-0,29-JAN-2015,Canadair Challenger 601,N214FW,Dinama Aircorp,3,near Boca Druif,, ,C1
20150130-0,30-JAN-2015,Ilyushin Il-76T,5A-DNK,Libyan Air Cargo,0,Tripoli-Miti...,,,C1
20150202-0,02-FEB-2015,BAe 4100 Jetstream 41,SX-DIA,Sky Express,0,Rhodes/Parad...,,,A1
20150204-0,04-FEB-2015,ATR 72-212A (ATR 72-600),B-22816,TransAsia Airways,43,near Taipei-Songs...,,,A1
20150209-0,09-FEB-2015,DHC-6 Twin Otter 200,N30EA,Eagle Air Transport,0,Sebastian Mu...,,,A2
20150209-1,09-FEB-2015,DHC-6 Twin Otter 200,N70EA,Eagle Air Transport,0,Sebastian Mu...,,,A2
20150211-0,11-FEB-2015,Beech 1900C,YV1674,Aeropanamericano,4,near Miami Execut...,,,A1
20150214-0,14-FEB-2015,Antonov An-32B,T-256,Angolan AF,0,Malange Airp...,, ,A1
20150214-1,14-FEB-2015,Antonov An-26B-100,FA312,Mozambique AF,0,near Quelimane Ai...,, ,A1
20150218-0,18-FEB-2015,Antonov An-26B,EW-246TG,Genex,0,Kiev-Borispo...,, ,O2
20150218-1,18-FEB-2015,Yakovlev Yak-40,UR-MIG,BPV Group,0,Kiev-Borispo...,, ,O1
20150218-2,18-FEB-2015,Airbus A300B4-605R(F),A6-JIM,Unique Air,0,Sharjah Airp...,, ,A2
20150218-3,18-FEB-2015,Tupolev Tu-154B-2,RA-85587,Russian AF,0,Samara Airpo...,, ,O1
20150223-0,23-FEB-2015,BAe-146-200,G-RAJJ,"Cello Aviation, opf Aurigny Air Services",0,Guernsey Air...,,,A2
20150224-0,24-FEB-2015,DHC-8-102,C-GTAI,"Air Canada Express, opb Jazz Aviation",0,Sault Ste. M...,,,A2
20150224-1,24-FEB-2015,Cessna 208B Super Cargomaster,N989FX,FedEx,0,Baltimore/Wa...,,,A2
20150226-0,26-FEB-2015,Boeing 757-28A (PCF),C-GIAJ,Cargojet Airways,0,St. John's A...,, ,A2
20150301-0,01-MAR-2015,Canadair Challenger 601-3A,N600NP,Six Hundred NP,0,Marco Island...,,,A1
20150304-0,04-MAR-2015,Airbus A330-303,TC-JOC,THY,0,Kathmandu-Tr...,, ,A1
20150304-1,04-MAR-2015,BAe ATP-F (LFD),PK-DGB,Deraya Air Taxi,0,Wamena Airpo...,,,A1
20150305-0,05-MAR-2015,MD-88,N909DL,Delta Air Lines,0,New York-La ...,,,A1
20150305-1,05-MAR-2015,Let L-410UVP-E20,E7-WDT,Icar Air,0,Ancona-Falco...,,,A1
20150308-0,08-MAR-2015,DHC-8-402Q Dash 8,VT-SUA,SpiceJet,0,Hubli Airpor...,,,A1
20150310-0,10-MAR-2015,Cessna 208B Super Cargomaster,N12155,Martinaire,0,Muskegon Air...,,,A2
20150312-0,12-MAR-2015,Raytheon 390 Premier I,G-OOMC,Pool Aviation,0,Blackpool Ai...,,,A1
20150313-0,13-MAR-2015,Gulfstream G-IV,JA001G,Japan Civil Aviation Bureau,0,near Niigata Airp...,,,A2
20150314-0,14-MAR-2015,Airbus A330-343,9M-MTA,Malaysia Airlines,0,Melbourne-Tu...,,,A2
20150319-0,19-MAR-2015,Boeing 747SP-27,7O-YMN,Yemen Government,0,Aden Interna...,,,O1
20150324-0,24-MAR-2015,Airbus A320-211,D-AIPX,Germanwings,150,Prads-Haute-...,,,C1
20150324-1,24-MAR-2015,Dornier 228-201,IN240,Indian Navy,2,"near Goa, India",, ,A1
20150324-2,24-MAR-2015,Cessna 208B Supervan 900,N106BZ,Private,0,"Verdigris, OK",, ,A1
20150326-0,26-MAR-2015,Antonov An-2R,UR-62681,Agrotekhservice,2,"Promin, Luts...",, ,A1
20150326-1,26-MAR-2015,CASA CN-235M-300,2211,Yemen AF,0,Sana'a-Al Da...,, ,C1
20150326-2,26-MAR-2015,Beech 300 Super King Air, ,Yemen AF,0,Sana'a-Al Da...,, ,C1
20150329-0,29-MAR-2015,Airbus A320-211,C-FTJP,Air Canada,0,Halifax-Stan...,,,A1
20150331-0,31-MAR-2015,Antonov An-2T,RF-00388,DOSAAF,0,Makhachkala ...,, ,O1
20150399-0,??-MAR-2015,Ilyushin Il-76TD,7O-ADO,Barash Aviation,0,Sana'a Inter...,,,C1
20150401-0,01-APR-2015,Boeing 737-8AS (WL),EI-DWE,Ryanair,0,Dublin Airpo...,,,A2
20150401-1,01-APR-2015,Boeing 737-8AS (WL),EI-DYA,Ryanair,0,Dublin Airpo...,,,A2
20150403-0,03-APR-2015,Beech 300 King Air 350ER,N5018S,Beechcraft,0,Wichita-Colo...,, ,O1
20150403-1,03-APR-2015,Beech 300 King Air 350ER,N5019Q,Beechcraft,0,Wichita-Colo...,, ,O1
20150403-2,03-APR-2015,Beech 300 King Air 350ER,N5027X,Beechcraft,0,Wichita-Colo...,, ,O1
20150403-3,03-APR-2015,Beech 300 King Air 350ER,N957ER,Beechcraft,0,Wichita-Colo...,, ,O1
20150403-4,03-APR-2015,Beech 300 King Air 350ER,N958ER,Beechcraft,0,Wichita-Colo...,, ,O1
20150403-5,03-APR-2015,Beech 300 King Air 350ER,N275BT,Executive AirShare,0,Wichita-Colo...,, ,O1
20150403-8,03-APR-2015,Antonov An-74-200,RA-74056,ShAR,0,Barneo Camp ...,, ,A1
20150410-0,10-APR-2015,Gulfstream G-IV,N450KK,La Venezolana de Seguros y Vida,0,near Caribbean Sea,, ,A2
20150413-0,13-APR-2015,Swearingen SA226-TC Metro II,C-GSKC,Carson Air,2,near North Vancou...,,,A1
20150413-1,13-APR-2015,Boeing 737-85R,VT-JGA,Jet Airways,0,Khajuraho Ai...,, ,A2
20150413-2,13-APR-2015,Lockheed NC-130F Hercules,148897,USMC,0,Port Hueneme...,, ,A1
20150414-0,14-APR-2015,Airbus A320-232,HL7762,Asiana Airlines,0,Hiroshima In...,,,A1
20150416-0,16-APR-2015,Swearingen SA227-AC Metro III,N2691W,Key Lime Air,0,near Rifle-Garfie...,, ,A2
20150421-0,21-APR-2015,Lockheed AC-130J Ghostrider,09-5710,USAF,0,near Valparaiso-E...,, ,A1
20150425-0,25-APR-2015,Airbus A320-232,TC-JPE,THY,0,Istanbul-Ata...,,,A1
20150425-1,25-APR-2015,Beech 200 Super King Air,YV2803,SATA,0,Maracaibo-La...,, ,A1
20150425-2,25-APR-2015,Dassault Falcon 20D,G-FRAK,Cobham Aviation Services,0,near Portland Bill,,,A2
20150428-0,28-APR-2015,Canadair CRJ-702ER,7O-FAA,Felix Airways,0,Sana'a Inter...,, ,C1
20150428-1,28-APR-2015,ShinMaywa US-2,9905,Japanese Navy,0,near Ashizuri Cap...,, ,A2
20150430-0,30-APR-2015,Boeing RC-135V Rivet Joint,64-14848,USAF,0,Bellevue-Off...,,,A2
20150502-0,02-MAY-2015,Boeing 737-330,D-ABEK,Lufthansa,0,Katowice-Pyr...,, ,A2
20150504-0,04-MAY-2015,Ilyushin Il-76TD,7O-ADG,Yemen AF,0,Sana'a Inter...,, ,C1
20150509-0,09-MAY-2015,Airbus A400M Atlas,EC-403,Airbus Industrie,4,near Sevilla Airp...,, ,A1
20150509-1,09-MAY-2015,BAe-146-300,5A-DKQ, Air Libya,0,Dahra Oilfield,,,O1
20150510-0,10-MAY-2015,Xian MA60,B-3476,Joy Air,0,Fuzhou Chang...,, ,A1
20150510-1,10-MAY-2015,Antonov An-2,RF-01159,"DOSAAF, Rostov ATSK",0,Azov distric...,,,A1
20150516-0,16-MAY-2015,Antonov An-2R,LY-AET,Klaipedos avialinijos,2,"near Klaipeda, Li...",,,A1
20150516-1,16-MAY-2015,Beech B200 King Air,N505SP,N505SP,0,Carlsbad-McC...,, ,A2
20150518-0,18-MAY-2015,Antonov An-2R,RA-56528,private,0,"Sanamer, Sta...",,,A1
20150519-0,19-MAY-2015,Cessna 208B Caravan I,5Y-NKV,Airworks,0,Mandeng Airs...,,,A1
20150520-0,20-MAY-2015,BAe-125-700A,(N917TF),Unknown,4,near Puerto Colombia,, ,C1
20150530-0,30-MAY-2015,DHC-8-315Q MPA,JA727B,Japan Coast Guard,0,Sendai Airpo...,,,A2
20150602-0,02-JUN-2015,Swearingen SA226-TC Metro II,XA-UKP,Aeronaves TSM,5,near Querétaro Ai...,,,A1
20150604-0,04-JUN-2015,DHC-3T Texas Turbine Otter,N3125N,Alaska Air Taxi,0,"near Skwentna, AK",, ,A2
20150608-0,08-JUN-2015,Dornier 228,CG-791,Indian Coast Guard,3,near Pichavaram,, ,A1
20150610-0,10-JUN-2015,Cessna 525A CitationJet CJ2+,JA021R,Auto Panther,0,Konan Airpor...,,,A2
20150611-0,11-JUN-2015,DHC-6 Twin Otter 300,8Q-TMG,Trans Maldivian Airways,0,Male Interna...,,,A2
20150611-1,11-JUN-2015,DHC-6 Twin Otter 300,8Q-MAP,Trans Maldivian Airways,0,Male Interna...,,,A2
20150611-2,11-JUN-2015,Eclipse 500,N508JA,Memly Aviation,0,Sacramento-E...,, ,A2
20150611-3,11-JUN-2015,Hawker 800XP,N497AG,Swat Technology,0,Port Harcour...,, ,A1
20150612-0,12-JUN-2015,Boeing 737-33A,VH-NLK,Nauru Airlines,0,near Kosrae Airpo...,,,I2
20150615-0,15-JUN-2015,Antonov An-2R,RA-84553,Vodoley,0,Tatsinsky di...,,,A1
20150616-0,16-JUN-2015,Boeing 737-322 (WL),LY-FLB,SCAT,0,Aktau Airpor...,,,O1
20150617-0,17-JUN-2015,Boeing 747-451,N664US,Delta Air Lines,0,over China,,,A1
20150619-0,19-JUN-2015,Antonov An-2R,RA-40646,Vostok Aviakompania,0,"near Kezhma, Kezh...",,,A1
20150622-0,22-JUN-2015,Learjet 35A,N640BA,Beta Aire,0,Grosse Ile M...,,,A2

20150625-0,25-JUN-2015,DHC-3T Vazar Turbine Otter,N270PA,Promech Air,9,"near Ella Lake, M...",,,A1
20150625-1,25-JUN-2015,Antonov An-2,HL1090,South Korea AF,0,"Okcheon, Nor...",, ,A2
20150629-0,29-JUN-2015,Shorts 360-300,N221LM,Transair (Cargo),0,Kapolei-Kala...,, ,A2
20150630-0,30-JUN-2015,Lockheed C-130B Hercules,A-1310,Indonesian AF,122+ 17,near Medan-Soewon...,,,A1
20150630-1,30-JUN-2015,Beech C99,N6199D,Ameriflight,0,Salt Lake Ci...,,,A1
20150702-0,02-JUL-2015,DHC-6 Twin Otter 300,8Q-MAN,Trans Maldivian Airways,0,near Kuredu Islan...,, ,A2
20150703-0,03-JUL-2015,Consolidated PBY-6A Catalina,N85U,Flying Firemen,0,near Orange Beach...,, ,O1
20150707-0,07-JUL-2015,Cessna 208B Grand Caravan,DU-SD1,Skydive Dubai,0,near Dubai-Skydiv...,,,A1
20150707-1,07-JUL-2015,Lockheed C-130H Hercules,79-0478,USAF,0,Baghdad Inte...,, ,A1
20150714-0,14-JUL-2015,Fokker 50,9Q-CJB, CAA,0,Goma Airport...,,,A2
20150717-0,17-JUL-2015,Antonov An-12BK,RF-94291,Russian AF,0,Chelyabinsk ...,, ,A2
20150717-1,17-JUL-2015,Canadair CL-215,1070,Hellenic AF,0,"near Faraklo, Lac...",, ,A2
20150717-2,17-JUL-2015,Cessna 208B Grand Caravan,SP-WAW,Aeroklub Warszawski,0,Ladowisko Ch...,, ,A2
20150719-0,19-JUL-2015,Airbus A321-231,G-EUXF,British Airways,0,Glasgow Inte...,, ,A2
20150719-1,19-JUL-2015,Learjet 35A,YV543T,private,0,Panama City-...,, ,A1
20150722-0,22-JUL-2015,Canadair Challenger 601-3A,N613PJ,Paragon Jets,0,West Palm Be...,,,A2
20150723-0,23-JUL-2015,IAI 1125 Astra,N765A,Mountain Air Services,0,Baltimore/Wa...,,,A2
20150724-0,24-JUL-2015,ATR 72-212,XY-AIH,Air Bagan,0,Yangon-Minga...,,,A1
20150727-0,27-JUL-2015,Embraer C-95BM Bandeirante (EMB-110,2326,Brazilian AF,0,Lagoa Santa ...,, ,A2
20150731-0,31-JUL-2015,Embraer Phenom 300,HZ-IBN,Salem Aviation,4,Blackbushe A...,,,A1
20150731-1,31-JUL-2015,Embraer EMB-120ER Brasilia,VQ-BBX,RusLine,0,Moskva-Domod...,, ,A1
20150731-2,31-JUL-2015,CASA CN-235M-200,FAC-1261,Colombian AF,11,near Codazzi,,,A1
20150801-0,01-AUG-2015,Antonov An-2R,YR-PEG,Aero West,1,Stancuta,, ,A1
20150802-0,02-AUG-2015,Cessna 208B Grand Caravan EX,N942AC,Air Choice One,0,Chicago-O'Ha...,, ,A2
20150805-0,05-AUG-2015,Cessna 560XL Citation XLS,N560JF,Snow Peak Ventures,0,Spanish Fork...,, ,A2
20150811-0,11-AUG-2015,Boeing 737-73V (WL),N561WN,Southwest Airlines,0,Orlando Inte...,, ,O2
20150811-1,11-AUG-2015,Beech B200 King Air,N531SW,Southwest Aircraft Charter,0,Chandler Mun...,, ,O1
20150812-0,12-AUG-2015,Cessna 208B Super Cargomaster,N924FE,Mountain Air Cargo,0,near Saba,,,A1
20150815-0,15-AUG-2015,Airbus A321-231,N564UW,American Airlines,0,Charlotte-Do...,,,A2
20150816-0,16-AUG-2015,ATR 42-300,PK-YRN,Trigana Air Service,54,near Oksibil Airp...,,,A1
20150816-1,16-AUG-2015,Rockwell Sabreliner 60SC,N442RM,"BAE Systems, op.for US DoD",4,near San Diego-Br...,,,A1
20150816-2,16-AUG-2015,Beech A100 King Air,C-FDOR,Maritime Air Charter,0,Margaree Air...,,,A2
20150817-0,17-AUG-2015,Beech 99,N128SF,Hummingbird Air,0,Codrington A...,,,A2
20150820-0,20-AUG-2015,Let L-410MA,OM-SAB,Dubnica Air,3,Cervený Kamen,,,A1
20150820-1,20-AUG-2015,Let L-410UVP,OM-ODQ,Dubnica Air,4,Cervený Kamen,,,A1
20150821-0,21-AUG-2015,Eclipse 500,N120EA,UF Equipment,0,Danbury Airp...,, ,A1
20150826-0,26-AUG-2015,Cessna S550 Citation S/II,YV3125,Unknown,0,Charallave-Ó...,, ,A1
20150827-0,27-AUG-2015,Cessna 750 Citation X,XA-KYE,Unknown,0,Toluca Airpo...,, ,A1
20150827-1,27-AUG-2015,Lockheed CP-140 Aurora,140103,RCAF,0,Greenwood Ca...,, ,A2
20150828-0,28-AUG-2015,Viking Air DHC-6 Twin Otter 400,JA201D,First Flying,0,Aguni Airpor...,,,A2
20150828-1,28-AUG-2015,Boeing 737-3Q8 (BDSF),PK-BBY,Cardig Air,0,Wamena Airpo...,,,A1
20150828-2,28-AUG-2015,Dassault Falcon 2000,N187AA,Anton Air,0,Las Vegas-Mc...,, ,A2
20150829-0,29-AUG-2015,Dornier 228-212,NAF030,Nigerian AF,7,Kaduna,, ,A1
20150831-0,31-AUG-2015,Antonov An-30D, ,Lukiaviatrans,0,Keperveyem A...,, ,A2
20150901-0,01-SEP-2015,Beech 300 Super King Air,N300PP,Handel- en Exploitatiemij. Ruygrok,0,Rotterdam/Th...,,,A1
20150901-1,01-SEP-2015,Swearingen SA227-DC Metro 23,VH-HPE,Toll Aviation,0,Thangool Air...,, ,A2
20150902-0,02-SEP-2015,Beech B200 King Air,VH-FDB,Royal Flying Doctor Service,0,Barcaldine A...,, ,A2
20150903-0,03-SEP-2015,Cessna 550B Citation Bravo,OE-GLG,Jet24,0,Wien-Schwech...,, ,A1
20150905-0,05-SEP-2015,BAe-125-700A,6V-AIM,Senegalair,7,"near Dakar, Senegal",, ,A1
20150905-1,05-SEP-2015,Boeing 737-8FB (WL),3C-LLY, Ceiba International,0,near Tambacounda,, ,A2
20150906-0,06-SEP-2015,DHC-6 Twin Otter 200,N181CS,Rampart Aviation,0,Louisburg-No...,,,A1
20150906-1,06-SEP-2015,Antonov An-2TD,D-FWJK,FSC Halle-Oppin,0,Merseburg Ai...,,,A2
20150908-0,08-SEP-2015,Boeing 777-236ER,G-VIIO,British Airways,0,Las Vegas-Mc...,,,A2
20150915-0,15-SEP-2015,DHC-3T Texas Turbine Otter,N928RK,Rainbow King Lodge,3,near Iliamna-East...,,,A1
20150915-1,15-SEP-2015,Boeing 777-3DZER,A7-BAC,Qatar Airways,0,Miami Intern...,, ,A2
20150916-0,16-SEP-2015,Antonov An-2R,RA-35141,Yenisei Airline,0,near Bratsk,,,A1
20150919-0,19-SEP-2015,Airbus A321-211,D-ABCK,Air Berlin,0,Düsseldorf I...,,,A2
20150921-0,21-SEP-2015,DHC-6 Twin Otter 300,8Q-TME,Trans Maldivian Airways,0,Lhaviyani Ka...,, ,O2
20150925-0,25-SEP-2015,Curtiss C-46A,C-GTXW,Buffalo Airways,0,Déline Airpo...,,,A1
20150925-1,25-SEP-2015,Cessna 550 Citation Bravo,VH-FGK,Yulgilbar Pastoral Co,0,Lismore Airp...,,,A1
20150927-0,27-SEP-2015,Cessna 550 Citation II,N622PG,private,0,Sarasota-Bra...,, ,A2
20150930-0,30-SEP-2015,DHC-8-402Q Dash 8,LX-LGH,Luxair,0,Saarbrücken-...,,,A1
20151002-0,02-OCT-2015,DHC-6 Twin Otter 200,DU-SD4,Skydive Dubai,0,Dubai-Palm D...,,,A2
20151002-1,02-OCT-2015,DHC-6 Twin Otter 300,PK-BRM,Aviastar Mandiri,10,Bajaja Mount...,,,A1
20151002-2,02-OCT-2015,Lockheed C-130J-30 Super Hercules,08-3174,USAF,11+ 3,Jalalabad Ai...,,,A1
20151003-0,03-OCT-2015,Beech B200 Super King Air,G-BYCP,London Executive Aviation,2,"near Chigwell, Essex",,,A1
20151006-0,06-OCT-2015,BAe-146-300,9G-SBB,Starbow,0,Tamale Airpo...,, ,A1
20151012-0,12-OCT-2015,Airbus A300B4-203F,SU-BMZ,Tristar Air,0,near Afgooye,,,A1
20151012-1,12-OCT-2015,Cessna 208B Grand Caravan,YA22382,Afghan Air Force,2,Bamyan Province,, ,A1
20151014-0,14-OCT-2015,Cessna 208B Grand Caravan,PR-MIC,Microsurvey,3,near Yumbillo,, ,A1
20151015-0,15-OCT-2015,Boeing 747-3B3,EP-MNE,Mahan Air,0,near Tehran-Mehra...,,,A1
20151019-0,19-OCT-2015,Learjet 35A,LV-ZSZ,Top Air SA,0,San Fernando...,, ,A1
20151022-0,22-OCT-2015,Learjet 31A,XB-GYB,Grupo Constructor Plata,4,near Apaseo el Alto,, ,A1
20151022-1,22-OCT-2015,DHC-7-102,C-GGUL,Voyageur Airways,0,Eindhoven Ai...,, ,A1
20151023-0,23-OCT-2015,Boeing 737-3K2,OB-2040-P,Peruvian Airlines,0,Cuzco-Velazc...,,,A1
20151025-0,25-OCT-2015,Sukhoi Superjet 100-95B,XA-PBA,Interjet,0,Mexico City-...,, ,O1
20151026-0,26-OCT-2015,Boeing 737-4L7,ZS-OAA,"British Airways, opb Comair",0,Johannesburg...,,,A1
20151028-0,28-OCT-2015,Dornier 328 ?, ,Unknown,,Afgoye District,, ,A2
20151029-0,29-OCT-2015,Boeing 767-269ER,N251MY,Dynamic International Airways,0,Fort Lauderd...,,,A1
20151029-1,29-OCT-2015,Bombardier Challenger 300,N334AF,Arcadia Leasing,0,La Crosse Mu...,, ,A2
20151031-0,31-OCT-2015,Airbus A321-231,EI-ETJ,Metrojet,224,"near Hasna, North...",,,C1
20151101-0,01-NOV-2015,Grumman G-159 Gulfstream I,9Q-CNP, Malu Aviation,0,Kinshasa-N'D...,,,A2
20151102-1,02-NOV-2015,Fokker F-27 Friendship 400M,6W-STF,Senegalese Air Force,0,near Koussané,, ,A2
20151103-0,03-NOV-2015,Boeing 737-4H6,AP-BJO,Shaheen Air,0,Lahore-Allam...,,,A1
20151104-0,04-NOV-2015,Antonov An-12BK,EY-406,"Allied Services Limited, lsf Asia Airways",41,near Juba Airport...,,,A1
20151106-1,06-NOV-2015,Cessna 525 CitationJet,N525DY,Execuflight,0,near Monroe Count...,, ,A2
20151107-0,07-NOV-2015,Beech 300 Super King Air 350,NA-302,NASC,0,Taichung-Chi...,, ,A1
20151108-0,08-NOV-2015,Beech 99,N7994R,Hummingbird Air,0,Saint Lucia-...,, ,A2
20151110-0,10-NOV-2015,Hawker Siddeley HS-780 Andover C.1,TL-AEW,"Westwind Aviation, op.for UN WFP",0,near Malakal Airp...,,,A1
20151110-1,10-NOV-2015,BAe-125-700A,N237WR,Execuflight,9,near Akron-Fulton...,,,A1
20151110-2,10-NOV-2015,Cessna 650 Citation VII,PT-WQH,Banco Bradesco,4,"near Guarda-Mor, MG",,,A1
20151111-0,11-NOV-2015,Cessna 208B Grand Caravan,N617ST,SarTec Corp.,0,Grand Forks ...,, ,A2
20151113-0,13-NOV-2015,Xian MA60,RDPL-34226,Lao Skyway,0,Vientiane-Wa...,,,A2
20151116-0,16-NOV-2015,Learjet 60,XA-UQP,Servicios Aéreos Estrella,0,Ixtapa/Zihua...,, ,A2
20151122-0,22-NOV-2015,Boeing 737-3Y0,EX-37005, Avia Traffic Company,0,Osh Airport ...,,,A1
20151126-0,26-NOV-2015,Boeing 737-322,XA-UNM,Magnicharters,0,Mexico City-...,,,A1
20151129-0,29-NOV-2015,Cessna 560XL Citation Excel,SE-RHJ,Jivair,0,near Farnborough ...,, ,A2
20151201-0,01-DEC-2015,Gulfstream G200,VT-EHT,Premier Jet Services,0,Chennai Airp...,,,O1
20151202-0,02-DEC-2015,Airbus A321-211 (WL),D-AIAF,Condor Flugdienst,0,Berlin-Schön...,,,A2
20151204-0,04-DEC-2015,DHC-8-402Q Dash 8,VT-SUC,SpiceJet,0,Jabalpur Air...,,,A1
