identifiant,date,type,registration,operator,fat.,location, ,pic,cat

20071111-0,11-NOV-2007,Bombardier Global 5000,C-GXPR,Jetport,0,Fox Harbour ...,,,A1
20071115-0,15-NOV-2007,Airbus A340-642X,F-WWCJ,Airbus Industrie,0,Toulouse-Bla...,,,O1
20071129-0,29-NOV-2007,Beech 200 Super King Air,YV1387,Unknown,0,"Santa Inés, ...",, ,A1
20071130-0,30-NOV-2007,DC-9-83 (MD-83),TC-AKM,"Atlasjet, lsf World Focus Airlines",57,near Isparta Airp...,,,A1
20071204-0,04-DEC-2007,Cessna 208B Grand Caravan,V3-HFS,Maya Island Air,0,Corozal Airp...,, ,A1
20071205-0,05-DEC-2007,Cessna 208B Super Cargomaster,N28MG,"Castle Aviation, op.for AirNet Systems",2,near Columbus-Ric...,,,A1
20071210-0,10-DEC-2007,Let L-410, ,Unknown,0,Corentyne,, ,O1
20071210-1,10-DEC-2007,Beech 200 Super King Air,N925TT,QB Corporation,2,Salmon-Lemhi...,, ,A1
20071212-0,12-DEC-2007,Cessna 208B Grand Caravan,5Y-SLA,SafariLink,0,Nairobi-Wils...,, ,A2
20071212-1,12-DEC-2007,DHC-5D Buffalo,5Y-MEG,Trident Aviation,0,Nairobi-Wils...,, ,A2
20071216-0,16-DEC-2007,Canadair CRJ-200LR,N470ZW,"US Airways Express, opb Air Wisconsin",0,Providence-T...,,,A2
20071216-1,16-DEC-2007,Fairchild F-27F,HR-ATI,Atlantic Airlines,0,La Ceiba Air...,, ,A1
20071217-0,17-DEC-2007,Beech C99,N206AV,Ameriflight,0,Vernal Airpo...,, ,A2
20071218-0,18-DEC-2007,Cessna 208B Grand Caravan,N5187B,Arctic Circle Air Service,0,near Bethel Airpo...,,,A1
20071219-0,19-DEC-2007,Cessna 510 Citation Mustang,N13616,Spectator Grupa,0,near Pittsburgh-A...,, ,A2
20071220-0,20-DEC-2007,Cessna 208B Grand Caravan,N954PA,Agape Flights,0,"near Chub Cay, Ba...",, ,A1
20071220-1,20-DEC-2007,Basler Turbo 67 (DC-3T),C-FMKB,Kenn Borek Air,0,Mt. Patterson,,,A2
20071226-0,26-DEC-2007,Canadair Challenger 604,D-ARWE,Jet Connection Business Flight,1,Almaty Airpo...,,,A1
20071227-0,27-DEC-2007,Antonov, ,Sudan AF,,near Nyala,, ,C1
20071230-0,30-DEC-2007,GAF Nomad N.22B,P-833,Indonesian Navy,5,near Sabang,, ,A1
20071230-1,30-DEC-2007,Boeing 737-38J,YR-BGC,Tarom,0,Bucharest-Ot...,,,A1
20071231-0,31-DEC-2007,Antonov An-12BP,UR-TSI,Africa West Airlines,0,Freetown-Lun...,,,A2
20079999-0,??-???-2007,Antonov An-12BP,S9-DBP,Unknown,0,Bunia Airpor...,,,A1
20079999-1,??-???-2007,Rockwell Sabreliner 60,N211BR,Flight Research,0,Mojave Air &...,,,O1

20070627-0,27-JUN-2007,BN-2A Islander,N133RS,Golden Wings Charter,0,near Nassau Inter...,, ,A1
20070628-0,28-JUN-2007,Boeing 737-2M2,D2-TBP,TAAG,5+ 1,M'Banza Cong...,, ,A1
20070629-0,29-JUN-2007,Fokker 100,TU-VAA,Ivory Coast Government,4,Bouaké Airpo...,,,C1
20070630-0,30-JUN-2007,Cessna 500 Citation I,N771HR,IHR Administrative Services,1+ 1,Conway-Denni...,,,A1
20070630-1,30-JUN-2007,Sabreliner 40,XA-SMR,Aerodan,0,Saltillo Air...,, ,A2
20070701-0,01-JUL-2007,ATR 72-212A (ATR 72-500),VT-JCE,Jet Airways,0,Indore Airpo...,,,A1
20070705-0,05-JUL-2007,CT-39A Sabreliner,XA-TFL,Jett Paqueteria,3+ 7,Culiacán-Fed...,, ,A1
20070705-1,05-JUL-2007,Cessna 208B Grand Caravan,N208EC,Lancton Taverns,2,near Connemara Ai...,, ,A1
20070706-0,06-JUL-2007,Beech 1900C,5Y-BTT,Aero Kenya,0,Nairobi-Wils...,, ,A1
20070708-0,08-JUL-2007,DHC-6 Twin Otter 100,C-FAWC,Liard Air,1,Muncho Lake-...,,,A1
20070708-1,08-JUL-2007,ATR 72-212,5H-PAR,Precision Air,0,Nairobi-Jomo...,,,A2
20070715-0,15-JUL-2007,BN-2A-20 Islander,N6561B,Salmon Air Taxi,0,"Stanley, ID",, ,A1
20070716-0,16-JUL-2007,ATR 42-300,PT-MFK,Pantanal,0,São Paulo-Co...,,,A1
20070717-0,17-JUL-2007,Airbus A320-233,PR-MBK,TAM Brasil,187+ 12,São Paulo-Co...,,,A1
20070717-1,17-JUL-2007,Embraer ERJ-190,HK-4455,Aero República,0,Santa Marta-...,, ,A1
20070718-0,18-JUL-2007,Antonov An-24 ?, ,Malift Air,0,near Bandundu Air...,, ,A2
20070718-1,18-JUL-2007,Let L-410UVP,9Q-CIM,Cargo Bull Aviation,0,near Bandundu,, ,A1
20070718-2,18-JUL-2007,Lockheed L-100-30 Hercules,N401LC,Lynden Air Cargo,0,"near McGrath, AK",, ,A2
20070721-0,21-JUL-2007,Cessna 208B Grand Caravan,YV1182,Línea Turística Aereotuy - LTA,0,Antabare Air...,,,A1
20070721-1,21-JUL-2007,Learjet 25,N70SK,SK Logistics,0,St. Augustin...,,,A1
20070723-0,23-JUL-2007,Canadair CL-415,2055,Hellenic AF,2,near Dilesos,,,A1
20070723-1,23-JUL-2007,Canadair CL-415,I-DPCX,"Civil Protection Department, op.for SOREM",1,near Sant'Erasmo,,,A1
20070723-2,23-JUL-2007,Antonov An-24B,EX-030,Aquiline,1,near Shinile,, ,A1
20070727-0,27-JUL-2007,Boeing 777-236,G-VIIK,British Airways,0,London-Heath...,,,A2
20070727-1,27-JUL-2007,Airbus A321-231,G-EUXH,British Airways,0,London-Heath...,, ,A2
20070729-0,29-JUL-2007,Antonov An-12BP,RA-93912,ATRAN,7,near Moskva-Domod...,,,A1
20070729-1,29-JUL-2007,Antonov An-32B,ST-ATF,Alok Air,0,Paloich Airport,, ,A1
20070731-0,31-JUL-2007,Douglas DC-3C,HK-1149,Aerovanguardia,0,near Puerto Conco...,,,A2
20070806-0,06-AUG-2007,Beech B200 Super King Air,5Y-HHM,Blue Bird Aviation,0,Garissa Airp...,, ,A1
20070809-0,09-AUG-2007,DHC-6 Twin Otter 300,F-OIQI,Air Moorea,20,near Moorea-Temae...,,,A1
20070810-0,10-AUG-2007,Tupolev Tu-134AK,RA-65573,Russian AF,0,Moskva-Vnuko...,, ,A2
20070811-0,11-AUG-2007,Learjet 35A,N500ND,World Jet II,0,Dominica-Mel...,, ,A1
20070812-0,12-AUG-2007,DHC-8-402Q Dash 8,HL5256,Jeju Air,0,Busan-Gimhae...,, ,A1
20070812-1,12-AUG-2007,Learjet 25D,N125PT,Jet East,0,near Farmingdale-...,, ,A1
20070818-0,18-AUG-2007,DC-9-83 (MD-83),TC-AKN,Atlasjet,0,Antalya Airp...,, ,H2
20070818-1,18-AUG-2007,Avro RJ100,HB-IYU,Swiss European Air Lines,0,London City ...,,,A2
20070820-0,20-AUG-2007,Boeing 737-809,B-18616,China Airlines,0,Okinawa-Naha...,,,A1
20070820-1,20-AUG-2007,MD-88,EC-FIH,Iberia,0,Barcelona Ai...,,,A1
20070822-0,22-AUG-2007,Antonov An-26B-100,HK-4389,SELVA Colombia,0,Pasto-Antoni...,,,A1
20070822-1,22-AUG-2007,Embraer EMB-110P1 Bandeirante,PT-SDB,Two Táxi Aéreo,2,"near Curitiba, PR",, ,A1
20070823-0,23-AUG-2007,Learjet 60,N9CU,Jet Shares,0,Westhampton-...,, ,A2
20070826-0,26-AUG-2007,Antonov An-32B,9Q-CAC,GLBC,14,near Kongolo Airp...,, ,A1
20070826-1,26-AUG-2007,Antonov An-2,EX-70292,Unknown,0,near Dostuk,, ,A1
20070826-2,26-AUG-2007,BN-2A Islander, ,Honduras Air,0,La Ceiba-Gol...,, ,A1
20070827-0,27-AUG-2007,Antonov An-32B,HK-4117,SELVA Colombia,0,Mitú Airport...,,,A1
20070829-0,29-AUG-2007,Lockheed Hercules C.1P (C-130K),XV205,RAF,0,within Helmand Prov...,,,A1
20070829-1,29-AUG-2007,Fokker F-28 Fellowship 4000,XY-AGA,Myanma Airways,0,Dawei Airpor...,,,A2
20070831-0,31-AUG-2007,DHC-6 Twin Otter 310,ZS-NJK,"Solenta Aviation, op.for Air Serv International",0,near Punia Airpor...,,,A1
20070831-1,31-AUG-2007,Cessna 208B Grand Caravan,HH-CAR,Caribintair,0,near Port-au-Prin...,, ,A1
20070899-0,??-AUG-2007,Antonov An-12BK,S9-DBQ,Styron Trading,0,Berbera Airp...,, ,A1
20070903-0,03-SEP-2007,Rockwell Sabreliner 70,N726JR,Jet Lease Corp.,0,San José-Jua...,, ,A1
20070905-0,05-SEP-2007,Cessna 208B Grand Caravan,N702PA,Paragon Air Express,0,near Cross City A...,, ,A1
20070907-0,07-SEP-2007,Antonov An-12BP,4L-SAS,"Galaxy Incorporation, lsf Transaviaservice",8,Goma Airport...,,,A1
20070909-0,09-SEP-2007,DHC-8-402Q Dash 8,LN-RDK,SAS,0,Aalborg Airp...,,,A1
20070911-0,11-SEP-2007,Cessna 208B Grand Caravan,HH-CAW,Caribintair,0,near Port-au-Prin...,, ,A1
20070912-0,12-SEP-2007,DHC-8-402Q Dash 8,LN-RDS,SAS,0,Vilnius Airp...,,,A1
20070912-1,12-SEP-2007,Cessna 525A CitationJet CJ2,N971TB,TBAC,0,Danbury Airp...,, ,O1
20070912-2,12-SEP-2007,Cessna 525B CitationJet CJ3,N525EZ,Eli's Bread,0,Danbury Airp...,, ,O1
20070914-0,14-SEP-2007,Boeing 737-2C3,XA-MAC,Magnicharters,0,Guadalajara-...,,,A1
20070914-1,14-SEP-2007,IAI 1125 Astra SPX,N100G,Hawk Flight,0,Atlanta-DeKa...,, ,A1
20070915-0,15-SEP-2007,Antonov An-12B,UR-CEN,Veteran Airline,0,Pointe Noire...,,,A1
20070916-0,16-SEP-2007,DC-9-82 (MD-82),HS-OMG,"Orient Thai Airlines, op.for One-Two-Go Airlines",90,Phuket Inter...,,,A1
20070920-0,20-SEP-2007,Shorts SC.7 Skyvan 3-100,N2088Z,Arctic Circle Air Service,1,Mystic Lake ...,, ,A1
20070921-0,21-SEP-2007,DHC-8-402Q Dash 8,D-ADHA,"Lufthansa Regional, opb Augsburg Airways",0,München-Fran...,, ,A2
20070922-0,22-SEP-2007,Beech 200 Super King Air,5Y-HHK,Blue Bird Aviation,0,Kamburu Airs...,, ,A2
20070924-0,24-SEP-2007,Grumman American G-1159 Gulfstream ,N987SA,Donna Blue Aircraft,0,near Tixkokob,,,A1
20070924-1,24-SEP-2007,Let L-410UVP,9Q-CVL,Free Airlines,1,Malemba Nkulu,, ,A1
20070926-0,26-SEP-2007,Cessna F406 Caravan II,ZS-SSD,Fugro Airborne Surveys,2,Entebbe Airp...,,,A1
20070928-0,28-SEP-2007,DC-9-82 (MD-82),N454AA,American Airlines,0,Saint Louis-...,,,A2
20070929-0,29-SEP-2007,Antonov An-12BK,9Q-CZB,"KNG Transavia Cargo, op.for Business and Cargo Company",7,near Kisangani,,,A1
20071004-0,04-OCT-2007,Antonov An-26,9Q-COS,"El Sam Airlift, op.for Malift Air",21+ 28,near Kinshasa-N'D...,, ,A1
20071004-1,04-OCT-2007,Canadair CL-215,I-SRME,"SOREM, op.for Istanbul Municipality",0,Lake Durusu,,,A1
20071004-2,04-OCT-2007,Airbus A330-322,D-AERK,LTU,0,near Düsseldorf-D...,, ,A2
20071007-0,07-OCT-2007,Cessna 208B Grand Caravan,N430A,Kapowsin Air Sports,10,"near Naches, WA",,,A1
20071007-2,07-OCT-2007,Grumman American G-1159 Gulfstream ,XB-KKU,private,2,near Santo Doming...,, ,A1
20071008-0,08-OCT-2007,Let L-410UVP-E10A,HK-4055,Nacional de Aviación,17,near Cubarral,,,A1
20071011-0,11-OCT-2007,DC-9-83 (MD-83),SU-BOY,AMC Aviation,0,Istanbul-Ata...,,,A1
20071011-1,11-OCT-2007,Beech B200 Super King Air,HK-4422,Rio Sur,5+ 2,Bogotá-Eldor...,, ,A1
20071013-0,13-OCT-2007,Embraer EMB-120ER Brasilia,VH-EEB,Pel-Air,0,Sydney-Kings...,,,A2
20071014-0,14-OCT-2007,Rockwell Sabreliner 65,N65BT,Sabre 65,0,Olathe-New C...,, ,A2
20071017-0,17-OCT-2007,Antonov An-12BP,XU-365,Imtrec Aviation,0,near Phnom Penh-P...,,,A1
20071017-1,17-OCT-2007,BN-2A-21 Islander,G-CHES,Auxiliar de Actividades Aérea,1,Guadalcanal-...,, ,A1
20071017-2,17-OCT-2007,Learjet 35A,N31MC,JaGee Ventures,0,Goodland-Ren...,, ,A1
20071025-0,25-OCT-2007,Beech A100 King Air,C-FNIF,Air Creebec,2,Chibougamau ...,, ,A1
20071026-0,26-OCT-2007,Airbus A320-214,RP-C3224,Philippine Air Lines,0,Butuan Airpo...,,,A1
20071027-0,27-OCT-2007,DHC-8-402Q Dash 8,LN-RDI,SAS,0,København-Ka...,,,A2
20071027-1,27-OCT-2007,Cessna 650 Citation III,N697MC,Northeast Air & Sea Services,0,Atlantic Cit...,, ,A1
20071028-0,28-OCT-2007,Boeing 737-85P,EC-HBM,Air Europa,0,Katowice-Pyr...,, ,A2
20071029-0,29-OCT-2007,Hawker 800XP,N800CC,CIT Leasing Corp.,0,Santa Ana-Jo...,, ,A2
20071031-0,31-OCT-2007,Fokker F-27 Friendship 200,HP-1541PST,Air Panamá,0,Panama-Albro...,, ,A1
20071031-1,31-OCT-2007,Antonov An-26,5A-DOZ,Libyan Air Cargo,0,near Tripoli,, ,A1
20071099-0,??-OCT-2007,Ilyushin Il-76TD,5A-DNQ,Jamahiriya Air Transport,0,Bamako Airpo...,, ,A1
20071101-0,01-NOV-2007,Boeing 737-230,PK-RIL,Mandala Airlines,0,Malang-Abdul...,,,A1
20071104-0,04-NOV-2007,Learjet 35A,PT-OVC,Reali Táxi Aéreo,2+ 6,near São Paulo-Ca...,, ,A1
20071104-1,04-NOV-2007,Beech A100 King Air,XB-JVV,private,2,near Santa Elena,, ,A1
20071105-0,05-NOV-2007,Cessna 208B Grand Caravan,XA-UBC,Aéreo Calafia,0,near Culiacán-Fed...,, ,A1
20071106-0,06-NOV-2007,Beech A100 King Air,N30GC,RHB-JMJ,2,near Chino Airpor...,, ,A1
20071107-0,07-NOV-2007,Boeing 737-230,ZS-OEZ,Nationwide Airlines,0,Cape Town In...,,,A1
20071108-0,08-NOV-2007,Antonov An-12TB,ST-JUA,Juba Air Cargo,0+ 2,Khartoum-Civ...,,,A1
20071109-0,09-NOV-2007,Airbus A340-642,EC-JOH,Iberia,0,Quito-Marisc...,,,A1

20070101-0,01-JAN-2007,Boeing 737-4Q8,PK-KKW,AdamAir,102,near Pambauang,,,A1
20070107-0,07-JAN-2007,Beech A100 King Air,C-GFFN,Transwest Air,1,Sandy Bay Ai...,, ,A1
20070109-0,09-JAN-2007,Antonov An-26B-100,ER-26068,Aeriantur-M Airlines,34,near Balad Air Base,,,A1
20070109-1,09-JAN-2007,Learjet 24F,N444TW,Ameristar Jet Charter,2,near Guadalajara-...,, ,A1
20070109-2,09-JAN-2007,BAe 3112 Jetstream 31,C-FBIP,Peace Air,0,Fort St. Joh...,,,A1
20070110-0,10-JAN-2007,Learjet 35A,N40AN,AirNet Systems,0,"near Columbus, OH",, ,A1
20070111-0,11-JAN-2007,CASA/IPTN NC-212 Aviocar 200,PK-BRM,Aviastar Mandiri,0,Sangata-Tanj...,, ,A2
20070112-0,12-JAN-2007,Cessna 525 CitationJet,N77215,SunQuest,2,Los Angeles-...,, ,A1
20070113-0,13-JAN-2007,Boeing 737-230C,PK-RPX,"RPX Airlines, op.for Gading Sari Aviation Services",0,Kuching Airp...,,,A1
20070117-0,17-JAN-2007,Douglas C-54G (DC-4),N82FA,Brooks Air Fuel,0,"near Nenana, AK",,,A1
20070118-0,18-JAN-2007,Antonov An-2T,SP-FIN,private,0,Jelenia Góra...,, ,O1
20070118-1,18-JAN-2007,Antonov An-2TP,SP-AOA,Aeroklub Jeleniogórski,0,Jelenia Góra...,, ,O2
20070118-2,18-JAN-2007,Fokker F-27 Friendship 500RF,TC-MBE,MNG Airlines,0,Coventry-Bag...,,,O1
20070122-0,22-JAN-2007,ATR 42-500 ?, ,Air Botswana,0,Johannesburg...,, ,H2
20070124-0,24-JAN-2007,Boeing 737-200,ST-SDA ?,Air West,0,N'Djamena Ai...,, ,H2
20070124-1,24-JAN-2007,Cessna 550 Citation II,N492AT,Air Trek,0,Butler Count...,,,A1
20070124-2,24-JAN-2007,Beech 99A,N699CZ,Freight Runners Express,0,Milwaukee-Ge...,,,A1
20070124-3,24-JAN-2007,Canadair CRJ-200ER,EC-IBM,Air Nostrum,0,Barcelona Ai...,, ,A2
20070125-0,25-JAN-2007,Fokker 100,F-GMPG,Régional,0+ 1,Pau-Uzein Ai...,,,A1
20070125-1,25-JAN-2007,Canadair CRJ-200LR,N17337,"America West Express, opb Mesa Airlines",0,near Woodland Par...,, ,A2
20070125-2,25-JAN-2007,Beech 1900D,F-HALS,Alsair,0,St. Moritz-S...,,,A2
20070202-0,02-FEB-2007,Beech B200 King Air,N777AJ,Horizon Timber Services,0,near Cape Girarde...,,,A1
20070203-0,03-FEB-2007,Beech 300 Super King Air, ,Unknown,0,Yahurabila,, ,A1
20070204-0,04-FEB-2007,DC-8-71F,HK-4277,TAMPA Colombia,0,Miami Intern...,,,A1
20070204-1,04-FEB-2007,Antonov An-2R,LY-AJG,private,0,Narsarsuaq A...,,,O1
20070205-0,05-FEB-2007,DC-9-31,N1308T,Northwest Airlines,0,Minneapolis-...,, ,O1
20070206-0,06-FEB-2007,Beech 200 Super King Air,N45MF,Metro Aviation,3,"near Belgrade , MT",, ,A1
20070206-1,06-FEB-2007,Beech 200C Super King Air,VQ-TIU,Air Turks & Caicos,1,near North Caicos...,,,A1
20070207-0,07-FEB-2007,BN-2A-21 Islander,RP-C1047,private,0,near Suba-Basbas,, ,A1
20070208-0,08-FEB-2007,Cessna 208B Grand Caravan,N1116Y,Suburban Air Freight,0,near Alliance Air...,,,A1
20070211-0,11-FEB-2007,DHC-6 Twin Otter 300,C-GKCJ,Air Inuit,0,Berbegamau A...,, ,A2
20070212-0,12-FEB-2007,Lockheed Hercules C.4 (C-130J-30),ZH876,RAF,0,near Al-Amarah,,,C1
20070213-0,13-FEB-2007,Canadair CRJ-100SE,N168CK,FortAero,0,Moskva-Vnuko...,,,A1
20070215-0,15-FEB-2007,Boeing 737-7Q8, ,Air Mauritanie,0,Las Palmas-G...,, ,H2
20070215-1,15-FEB-2007,Cessna 208B Grand Caravan,5Y-BNN,Stellavia,1,near Walikale,, ,A1
20070218-0,18-FEB-2007,Embraer ERJ-170,N862RW,"Shuttle America, opf Delta Connection",0,Cleveland-Ho...,,,A2
20070221-0,21-FEB-2007,Boeing 737-33A,PK-KKV,AdamAir,0,Surabaya-Jua...,,,A1
20070224-0,24-FEB-2007,Antonov An-12BP,ST-AQE,"United Arabian Airlines, op.for AZZA Transport",0,Geneina Airp...,,,A1
20070226-0,26-FEB-2007,Boeing 777-222ER,N786UA,United Airlines,0,London-Heath...,, ,A2
20070228-0,28-FEB-2007,Rockwell Sabreliner 75A,YV265T,Unknown,0,Valencia Air...,, ,A1
20070303-0,03-MAR-2007,BN-2B-26 Islander,D-ILFB,LFH Luftverkehr,0,near Ruhnu Airport,,,A1
20070307-0,07-MAR-2007,Boeing 737-497,PK-GZC,Garuda,21,Yogyakarta-A...,,,A1
20070309-0,09-MAR-2007,Ilyushin Il-76TD,EW-78826,Transaviaexport,0,Mogadishu In...,,,C1
20070312-0,12-MAR-2007,Airbus A310-325,S2-ADE,Biman Bangladesh,0,Dubai Airpor...,,,A1
20070312-1,12-MAR-2007,Saab 340A,OD-IST,First Kuwaiti Trading & Contracting,0,Kuwait Inter...,,,A1
20070313-0,13-MAR-2007,DHC-8-402Q Dash 8,JA849A,"Air Central Co., op.for All Nippon",0,Kochi Airpor...,,,A2
20070314-0,14-MAR-2007,Antonov An-2R,EW-32744,Aviakompania Grodno,0,Ostromechevo...,, ,A2
20070316-0,16-MAR-2007,DC-9-82 (MD-82),LZ-LDD,"Bulgarian Air Charter, op.for Kish Air",0,Kish Island ...,,,A1
20070317-0,17-MAR-2007,Tupolev Tu-134A-3,RA-65021,UTair Aviation,6,Samara Airpo...,,,A1
20070317-1,17-MAR-2007,Cessna 500 Citation I,N511AT,Air Trek,0,Beverly Airp...,, ,A2
20070323-0,23-MAR-2007,Ilyushin Il-76TD,EW-78849,Transaviaexport,11,near Mogadishu In...,,,C1
20070323-1,23-MAR-2007,Airbus A300B4-203,YA-BAD, Ariana Afghan Airlines,0,Istanbul-Ata...,,,A1
20070323-2,23-MAR-2007,Dassault Falcon 900C,N129KJ,XOJet,0,Rifle-Garfie...,, ,A2
20070326-0,26-MAR-2007,Learjet 36A,N527PA,Phoenix Air,0,Hampton-Newp...,, ,A2
20070329-0,29-MAR-2007,Antonov An-2T,YV-1953C,Mayor y Detal de Víveres,0,La Paragua A...,, ,A2
20070329-1,29-MAR-2007,Lockheed L-188C Electra,XA-AEG,Mex-Jet Cargo,0,Panama City-...,, ,A1
20070329-2,29-MAR-2007,DC-9-83 (MD-83),N877GA,Allegiant Air,0,"Sanford, FL",, ,A2
20070330-0,30-MAR-2007,Airbus A300B4-622R, , Sudan Airways,0,Khartoum-Civ...,, ,H2
20070330-1,30-MAR-2007,Embraer EMB-110P1 Bandeirante,P2-ALU,Airlink,2,near Kandrian,,,A1
20070403-0,03-APR-2007,BN-2A-21 Islander,BDF-05,Belize AF,0,Belize coast,,,A2
20070407-0,07-APR-2007,Canadair CRJ-200LR,N77181,"Mesa Airlines, op.for United Express",0,Lake Michiga...,, ,A2
20070409-0,09-APR-2007,Let L-410UVP,D6-CAK,Comores Aviation,0,Anjouan-Ouan...,,,A1
20070409-1,09-APR-2007,Beech B200 Super King Air,VH-SGT,Network Aviation Australia,0,Perth Airpor...,, ,A1
20070410-0,10-APR-2007,Boeing 737-82R,TC-APU,Pegasus Airlines,0,Ankara-Esenb...,, ,H2
20070412-0,12-APR-2007,Canadair CRJ-200LR,N8905F,"Northwest Airlink, opb Pinnacle Airlines",0,Traverse Cit...,,,A2
20070419-0,19-APR-2007,Airbus A300B4-622R,A7-ABV,Qatar Airways,0,Abu Dhabi In...,,,O1
20070420-0,20-APR-2007,DHC-8-301,C6-BFN,Bahamasair,0,Governor's H...,,,A1
20070425-0,25-APR-2007,BN-2A-27 Islander,8R-GET,ASL,3,near Kopinang,, ,A1
20070428-0,28-APR-2007,BN-2A-20 Islander,N634MA,McCall Aviation,0,near Hamilton-Rav...,, ,A1
20070503-0,03-MAY-2007,Cessna S550 Citation S/II,N22HP,Hamilton Ranches,2,Dillon Airpo...,, ,A1
20070505-0,05-MAY-2007,Boeing 737-8AL,5Y-KYA,Kenya Airways,114,near Douala Airpo...,,,A1
20070505-1,05-MAY-2007,Embraer EMB-110 Bandeirante,PT-WAW,NHR Táxi-Aéreo,0,Rio de Janei...,, ,A2
20070506-0,06-MAY-2007,DHC-6 Twin Otter 300,742/F-RACB,"French AF, op.for MFO",9,near El-Thamad,,,A1
20070510-0,10-MAY-2007,Ilyushin Il-76TD,EX-093,Tenir Airlines,0,Pointe Noire...,,,O1
20070510-1,10-MAY-2007,Ilyushin Il-76TD,4K-AZ41,Silk Way,0,Trenton Cana...,,,A2
20070517-0,17-MAY-2007,Let L-410UVP,TN-AHE,Safe Air Company,3,near Walikale,,,A1
20070519-0,19-MAY-2007,Beech B99,N950AA,Alpine Aviation,0,Billings-Log...,, ,A2
20070520-0,20-MAY-2007,Canadair CRJ-100ER,C-FRIL,Air Canada Jazz,0,Toronto-Pear...,,,A1
20070522-0,22-MAY-2007,Beech A100 King Air,YV1257,Aeroguaparo,0,Acarigua Air...,, ,A2
20070524-0,24-MAY-2007,DHC-6 Twin Otter 300,FAP-303,Peruvian AF,13,near Pampa Hermosa,, ,A1
20070525-0,25-MAY-2007,Douglas DC-3C,HK-3199,Aerovanguardia,0,Acaricuara A...,,,A2
20070530-0,30-MAY-2007,ATL-98 Carvair,N898AT,Brooks Air Fuel,0,Nixon Fork M...,,,A1
20070601-0,01-JUN-2007,Shorts 330UTT,JW9036,Tanzanian AF,0,Kizota,, ,A1
20070601-1,01-JUN-2007,DHC-6 Twin Otter 300,PK-YRU,Trigana Air Service,0,Mulia Airpor...,,,A2
20070601-2,01-JUN-2007,Gulfstream G-V,HB-IMJ,G5 Executive,0,Zürich-Klote...,, ,A2
20070602-0,02-JUN-2007,DHC-3T Texas Turbine Otter,C-GZCW,Black Sheep Aviation & Cattle Co.,1,Mayo Airport...,, ,A1
20070604-0,04-JUN-2007,Cessna 550 Citation II,N550BP,Marlin Air,6,near Milwaukee-Ge...,,,A1
20070610-0,10-JUN-2007,Dassault Falcon 900,N914DD,"Kerry Acquisitions, op.for Trishan Air",0,Santa Barbar...,,,A2
20070615-0,15-JUN-2007,BAe ATP-F,VT-FFB,First Flight Couriers,0,Chennai Airp...,, ,A1
20070617-0,17-JUN-2007,BN-2A-26 Islander,N27MR,Island Air Service,0,Egegik Airpo...,, ,A2
20070618-0,18-JUN-2007,Beech 1900D,ZK-EAK,"Air New Zealand Link, opb Eagle Airways",0,Blenheim-Woo...,, ,A2
20070620-0,20-JUN-2007,Embraer EMB-135LR (ERJ-135LR),N731BE,American Eagle Airlines,0,Boston-Logan...,, ,A2
20070620-1,20-JUN-2007,Beech 1900D,N253GL,Great Lakes Airlines,0,Laramie Regi...,, ,A2
20070621-0,21-JUN-2007,Let L-410UVP,9Q-CEU,Karibu Airways,1,near Kamina,, ,A1
20070623-0,23-JUN-2007,Yakovlev Yak-40,EX-901,Kyrgyzstan Government,0,Karakuzhur,,,A1
20070623-1,23-JUN-2007,DHC-6 Twin Otter 300,7O-ADK,Yemenia Airways,1,An Naeem Air...,, ,C1
20070625-0,25-JUN-2007,Antonov An-24B,XU-U4A,PMT Air,22,Phnom Damrey,,,A1
20070625-1,25-JUN-2007,DC 10-10,N450AX,"California Forestry and Fire Protection, opb 10 Tanker Air Carrie",0,"near Tehachapi, CA",, ,A2
20070625-2,25-JUN-2007,Boeing 737-8AS (WL),EI-CSN,Ryanair,0,Venice-Trevi...,, ,A2
20070626-0,26-JUN-2007,Let L-410UVP-E3,9Q-CTM,Business Aviation,0,near Brazzaville,, ,A1
