identifiant,date,type,registration,operator,fat.,location, ,pic,cat

19860103-1,03-JAN-1986,Antonov An-2T,CCCP-06101,Tselinny gorno-khimicheski kombinat,0,near Shantobe,, ,A1
19860113-0,13-JAN-1986,BN-2A-6 Islander,C-GTPB,Borealis Exploration,0,Caribou Horn...,, ,A2
19860115-0,15-JAN-1986,Dassault Falcon 10,F-GBTC,Air BG,2,near Vatry/Châlon...,,,A1
19860115-1,15-JAN-1986,Boeing 737-2A8,VT-EGD,Indian Airlines,0,Tiruchirappa...,,,A2
19860116-0,16-JAN-1986,Antonov An-2R,SP-WON,ZUA,,Un-Sara,, ,A1
19860118-0,18-JAN-1986,SE-210 Caravelle VI-N,HC-BAE,"SAETA, op.for Aerovias Guatemala",94,near Flores-Santa...,,,A1
19860119-1,19-JAN-1986,Douglas C-47A (DC-3),C-GNNA,Austin Airways,0,Sachigo Lake...,, ,A1
19860122-0,22-JAN-1986,Boeing 727-21,HZ-TFA,private,0,near Riyadh,, ,A2
19860123-0,23-JAN-1986,Grumman HU-16A Albatross,IR-0222,Indonesian AF,5,Ujung Pandan...,, ,A1
19860127-0,27-JAN-1986,Boeing 707-387C,LV-JGR,Aerolineas Argentinas,0,Buenos Aires...,,,A1
19860127-1,27-JAN-1986,Consolidated PBY-6A Catalina,CC-CCS,Aeroservicios Parrague,1,Lago Gutierr...,, ,A2
19860128-0,28-JAN-1986,Boeing 737-2A1,PP-SME,VASP,1,São Paulo-Gu...,,,A1
19860129-0,29-JAN-1986,Douglas DC-3A-178,XA-IOR,Aero California,21,Las Lomitas,, ,A1
19860131-1,31-JAN-1986,Shorts 360-100,EI-BEM,Aer Lingus,0,near East Midland...,,,A1
19860199-0,??-JAN-1986,Douglas DC-6BF,HR-AIV,Unknown,,,,,U1
19860202-0,02-FEB-1986,DHC-8-101,C-GPYD,Air Dale,0,Sault Ste. M...,, ,A2
19860204-0,04-FEB-1986,Boeing 747-282B,AP-AYW,PIA,0,Islamabad In...,, ,A2
19860205-0,05-FEB-1986,Lockheed L-1011 TriStar, ,Delta Air Lines,0,Dallas/Fort ...,, ,H2
19860205-1,05-FEB-1986,Lockheed L-188AF Electra,9Q-CWT,GLM Aviation,2,near Kasongo,, ,A1
19860206-1,06-FEB-1986,Antonov An-26B,CCCP-26095,Aeroflot / Belarus,0,near Saransk,, ,A1
19860208-0,08-FEB-1986,Douglas C-47A (DC-3),HK-3031,SAEP,0,near Bogotá-Eldor...,,,A1
19860216-0,16-FEB-1986,Boeing 737-281,B-1870,China Airlines,13,near Magong Airpo...,,,A1
19860217-0,17-FEB-1986,Ilyushin Il-14M,CCCP-41816,Aeroflot / Central Region,6,Philippi Gla...,, ,A1
19860218-0,18-FEB-1986,Kawasaki C-1,58-1010,JASDF,0,Iruma Air Base,, ,A1
19860220-1,20-FEB-1986,Fokker F-27 Friendship 600,EP-IOK ?,NIOC,0,near Ahwaz Airpor...,, ,O1
19860221-0,21-FEB-1986,DC-9-31,N961VJ,USAir,0,Erie Interna...,,,A1
19860223-0,23-FEB-1986,Lockheed EC-130E Hercules, ,Iran AF,,,, ,C1
19860227-0,27-FEB-1986,Dassault Falcon 10,N821LG,Seneca Sawmill,0,Coatesville-...,, ,A1
19860227-1,27-FEB-1986,Boeing 727, ,TWA,0,New York-Joh...,, ,H2
19860299-0,??-FEB-1986,Learjet 25D,I-COTO,Spei Leasing,,Paris-Le Bou...,, ,U1
19860302-0,02-MAR-1986,Antonov An-24B,CCCP-46423,Aeroflot / Moscow,38,near Bugulma Airp...,, ,A1
19860304-0,04-MAR-1986,Boeing 737-284, ,Olympic Airways,0,Thira Airpor...,, ,H2
19860305-0,05-MAR-1986,Learjet 24D,N97DM,Flight International,2,near San Clemente...,, ,A1
19860305-1,05-MAR-1986,Learjet 35,N39DM,Flight International,2,near San Clemente...,, ,A1
19860305-2,05-MAR-1986,Douglas C-47 (DC-3), ,Unknown,,"near Pachuca, Hid...",, ,A1
19860307-0,07-MAR-1986,Lockheed C-130A Hercules,TT-PAB,Chad AF,,,, ,A1
19860313-0,13-MAR-1986,Embraer EMB-110P1 Bandeirante,N1356P,Simmons Airlines,3,near Alpena Count...,, ,A1
19860314-0,14-MAR-1986,DC-9, ,Delta Air Lines,0,Daytona Beac...,, ,H2
19860320-0,20-MAR-1986,CASA/Nurtanio NC-212 Aviocar,PK-NCF,Merpati Nusantara,2,near Naha,, ,A1
19860320-1,20-MAR-1986,DHC-4A Caribou,N539Y,Woods Air Service,2,Lime Village...,,,A1
19860322-0,22-MAR-1986,Antonov An-32,K2702,Indian AF,3,Jammu,, ,A1
19860323-0,23-MAR-1986,BN-2A-21 Islander,C-GYTC,Phaega Corporation,1,Mount Lloyd ...,, ,A1
19860323-1,23-MAR-1986,Douglas DC-3C,N37AP,Atorie Air,0,"Steins, NM",, ,A2
19860324-0,24-MAR-1986,DHC-3 Otter,C-FAGM,Goose Bay Air Services,4,"near Goose Bay, NL",,,A1
19860325-0,25-MAR-1986,Antonov An-12AP,CCCP-11795,MOM/Polyot,9,Omsk,, ,A1
19860325-1,25-MAR-1986,Antonov An-32,K2729,Indian AF,7,"near Jamnagar, India",, ,A1
19860326-0,26-MAR-1986,Antonov An-2R,HA-MBH,Ministry for Agriculture and Nutrition,1,Mezõnyárád,, ,A1
19860330-0,30-MAR-1986,Antonov An-26,042,Mozambique AF,44,near Pemba Airpor...,, ,A1
19860331-1,31-MAR-1986,Boeing 727-264,XA-MEM,Mexicana,167,Las Mesas,, ,A1
19860402-0,02-APR-1986,Lockheed HC-130P Combat King,66-0211,USAF,11,"Magdalena, NM",, ,A1
19860402-1,02-APR-1986,Boeing 727-231,N54340,TWA,4,near Argos,, ,C2
19860404-0,04-APR-1986,DHC-5D Buffalo,800,Sudan AF,7,near Bor,, ,A1
19860404-1,04-APR-1986,IAI 1124A Westwind II,N50SK,"Drayton Associates, op.for Integerresources & Drayton Ass.",7,"Redwater, TX",, ,A1
19860414-0,14-APR-1986,PB2B-1 Canso A (PBY-5A),C-FSAT,Can-Air Services,0,"Maui, HI",, ,A1
19860415-0,15-APR-1986,Ilyushin Il-76TD,5A-DNF,Jamahiriya Air Transport,0,Tripoli Inte...,,,C1
19860415-1,15-APR-1986,DHC-6 Twin Otter 300,5A-DCS,Libyan Ministry of Agriculture,0,Tripoli Inte...,, ,C1
19860415-2,15-APR-1986,Ilyushin Il-76TD,5A-DNL,Jamahiriya Air Transport,0,Tripoli Inte...,, ,C1
19860415-4,15-APR-1986,Ilyushin Il-76M,5A-DLL,Libyan Arab Rep. Air Force,0,Tripoli Inte...,, ,C1
19860415-5,15-APR-1986,Fokker F-27 Friendship 600,5A-DLP,Libyan Arab Airlines,0,Benghazi-Ben...,,,C1
19860418-0,18-APR-1986,Yakovlev Yak-40,CCCP-87236,Aeroflot / Privolzhsk,0,Kazan Airpor...,, ,A1
19860418-1,18-APR-1986,Yakovlev Yak-40,CCCP-87301,Aeroflot / Yakutsk,0,Chita Airpor...,, ,A1
19860424-0,24-APR-1986,Shorts SC.7 Skyvan 3M-100,7Q-YAY,Malawi Police Force,0,near Mombasa,, ,A1
19860427-0,27-APR-1986,DHC-6 Twin Otter 300,HK-2761,ACES,13,near Tame,, ,A1
19860429-0,29-APR-1986,Boeing 727-2B6,CN-CCG,RAM,0,Tangier Airp...,, ,A2
19860429-1,29-APR-1986,Fokker F-27 Friendship 400M,AE-561,Peruvian Navy,7,near Los Salinas ...,,,A1
19860499-0,??-APR-1986,Yakovlev Yak-40,YA-KAF,Bakhtar Afghan,0,Qala i Naw A...,, ,A1
19860501-0,01-MAY-1986,Douglas DC-6,FAS302,Salvadorian AF,37,near San Salvador...,,,A1
19860501-1,01-MAY-1986,Douglas C-47B (DC-3),6855,South African AF,0,over Angola,, ,C2
19860502-0,02-MAY-1986,Swearingen SA227-AC Metro III, ,Horizon Air,0,Portland-Hil...,, ,H2
19860503-0,03-MAY-1986,Antonov An-12TB,CCCP-12962,Aeroflot / Krasnoyarsk,0,Ledovaya Baza,, ,A1
19860503-1,03-MAY-1986,Lockheed L-1011 TriStar 100,4R-ULD,Air Lanka,14,Colombo-Katu...,,,C1
19860503-2,03-MAY-1986,Boeing 747-2R7F,B-198,China Airlines,0,Guangzhou-Ba...,, ,H2
19860503-4,03-MAY-1986,Boeing 727-256,EC-DDV,Iberia,0,Zürich-Klote...,, ,A2
19860507-0,07-MAY-1986,Swearingen SA226-AT Merlin IV,N577KA,Barckley Airlines,1,near Billings-Log...,, ,A1
19860507-1,07-MAY-1986,Learjet 24,N55NJ,My Wife Yacht Sales,0,Hollywood-No...,,,A1
19860516-0,16-MAY-1986,Beech C99,N6728J,Centennial Airlines,0,Laramie-Gene...,, ,A1
19860517-1,17-MAY-1986,Yakovlev Yak-40,CCCP-87928,Aeroflot / Tyumen,5,near Khanty-Mansi...,, ,A1
19860518-0,18-MAY-1986,Breguet 1150 Atlantic,19,French Navy,19,near Djibouti,, ,A1
19860518-1,18-MAY-1986,Beech 200C Super King Air,0750/4-G-46,Argentine Navy,7,Punta Mitre,, ,A1
19860520-0,20-MAY-1986,DC-9, ,Finnair,0,Oulu Airport...,, ,H2
19860521-2,21-MAY-1986,Tupolev Tu-154B-2,CCCP-85327,Aeroflot / Krasnoyarsk,0,Moskva-Shere...,, ,A1
19860523-0,23-MAY-1986,DC-10-30, ,Swissair,0,Chicago-O'Ha...,, ,H2
19860524-0,24-MAY-1986,Douglas C-47 (DC-3), ,Madagascar AF,13,near Ampanoizankova,, ,A1
19860526-0,26-MAY-1986,Beech B200 Super King Air,N551TR,Unknown,0,unknown,, ,U1
19860606-0,06-JUN-1986,Antonov An-2TP,CCCP-29348,Aeroflot / Yakutsk,0,near Sangar,, ,A1
19860607-0,07-JUN-1986,Boeing 727-25,YN-BXW,Aeronica,0,Managua-Augu...,, ,H2
19860608-0,08-JUN-1986,Lockheed L-100-20 Hercules,D2-THA,TAAG,0,Dundo Airpor...,,,C1
19860610-0,10-JUN-1986,Fokker F-27 Friendship 500,SU-GAD,Air Sinai,23,near Cairo Intern...,,,A1
19860612-0,12-JUN-1986,DHC-6 Twin Otter 300,G-BGPC,Loganair,1,"near Laphroaig, I...",,,A1
19860614-0,14-JUN-1986,DHC-6 Twin Otter 200,C-FZZM,La Ronge Aviation Services,,"near Calgary, AB",, ,A1
19860614-1,14-JUN-1986,DHC-6 Twin Otter 300,13807,Canadian Armed Forces,8,"near Calgary, AB",, ,A1
19860614-2,14-JUN-1986,PADC/BN-2A-26 Islander,G-BMDT,Air Furness,0,Barrow-In-Fu...,, ,A1
19860617-0,17-JUN-1986,Boeing KC-135A,63-7983,USAF,4,Balboa-Howar...,, ,A1
19860618-1,18-JUN-1986,DHC-6 Vista Liner 300,N76GC,Grand Canyon Airlines,20,Grand Canyon...,,,A1
19860619-0,19-JUN-1986,Douglas C-54D (DC-4),HK-1808,L.A. Suramericanas,3,near La Macarena ...,,,A1
19860622-0,22-JUN-1986,DHC-6 Twin Otter 300,ET-AIQ,Ethiopian Airlines,0,near Dembidollo,, ,A1
19860622-1,22-JUN-1986,Tupolev Tu-134A,CCCP-65142,Aeroflot / Privolzhsk,1,Penza Airpor...,, ,A1
19860627-0,27-JUN-1986,Martin 4-0-4,N40443,Frontier Airways,3,Buffalo Muni...,,,A1
19860630-1,30-JUN-1986,Douglas C-47B (DC-3),43-16395,Turkish AF,0,near Kayseri-Erki...,, ,A1
19860701-0,01-JUL-1986,Swearingen SA227-AT Expediter,N243DH,DHL Airways,0,Lincoln Muni...,, ,A2

19860702-1,02-JUL-1986,Tupolev Tu-134AK,CCCP-65120,Aeroflot / Komi,54,Kopsa,, ,A1
19860704-0,04-JUL-1986,DHC-4A Caribou,A4-264,RAAF,0,Camden Airpo...,, ,A1
19860705-0,05-JUL-1986,Boeing 707-300, ,Sudan Airways,0,Khartoum-Civ...,, ,H2
19860710-0,10-JUL-1986,Douglas C-47A (DC-3),7312,Zimbabwe AF,17,Chimoio Airp...,, ,A1
19860711-0,11-JUL-1986,Antonov An-2R,CCCP-70124,Aeroflot / Yakutsk,,,, ,A1
19860714-0,14-JUL-1986,Boeing 737-275,C-GGPW,Pacific Western,0,Kelowna Airp...,, ,A2
19860716-0,16-JUL-1986,Fokker F-28 Fellowship 1000,LV-LOA,Aerolineas Argentinas,0,Ushuaia-Coma...,,,A2
19860719-1,19-JUL-1986,Douglas DC-6B,F-ZBBU,Securité Civile,4,near Cantallops,,,A1
19860720-0,20-JUL-1986,Boeing 737-296,C-GQBH,Quebecair,0,Wabush Airpo...,, ,A2
19860722-0,22-JUL-1986,Douglas DC-3A,N27PR,Borinquen Air,1,near San Juan-Lui...,,,A1
19860723-0,23-JUL-1986,Mitusbishi Mu-300 Diamond IA,JA8246,Yomiuri Shimbun,4,Mount Kinpoku,, ,A1
19860724-0,24-JUL-1986,DHC-8-110,V2-LCY,LIAT,0,Saint Kitts-...,, ,A2
19860725-0,25-JUL-1986,Fokker F-27 Friendship 600,TU-TIF,Air Ivoire,0,Tabou Airpor...,,,A1
19860729-0,29-JUL-1986,Antonov An-2R,SP-WZH,ZUA,,Krasiny,, ,A1
19860731-0,31-JUL-1986,BN-2A-21 Islander,RP-C850,Atlas,4,Mount Canlandog,, ,A1
19860802-0,02-AUG-1986,Hawker Siddeley HS-125-1A-522,N50HH,American Agronomics Corp,2,Bedford-Virg...,, ,A1
19860804-0,04-AUG-1986,DHC-6 Twin Otter 310,V2-LCJ,LIAT,13,near Saint Vincen...,, ,A1
19860806-0,06-AUG-1986,SE-210 Caravelle III,5N-AWK,Kabo Air,0,Calabar Airp...,,,A1
19860806-1,06-AUG-1986,Learjet 55,N921FP,Federal Paper Board,0,Rutland Airp...,, ,A1
19860810-0,10-AUG-1986,DC-10-40,N184AT,American Trans Air,0,Chicago-O'Ha...,,,O1
19860811-0,11-AUG-1986,Antonov An-2R,CCCP-40902,Aeroflot / Far East,2,Konder Mount...,, ,A1
19860814-0,14-AUG-1986,Lockheed C-130D-6 Hercules,FAH-556,Honduras AF,52,near Mocorón-Durz...,, ,A1
19860814-1,14-AUG-1986,Fokker F-27 Friendship 400M,T-2702,Indonesian AF,8,near Garut,,,A1
19860816-0,16-AUG-1986,Fokker F-27 Friendship 400M,ST-ADY,Sudan Airways,60,near Malakal,,,C1
19860828-0,28-AUG-1986,Howard 250,N252K,Southwest Airlift,2,Texarkana Mu...,, ,A1
19860828-1,28-AUG-1986,Douglas C-47 (DC-3), ,Sandinist AF,2,near Siuma,, ,C1
19860828-2,28-AUG-1986,Beech A100 King Air,F-GEFR,Flandre Air,,near Lille-Lesqui...,, ,A1
19860828-3,28-AUG-1986,Tupolev Tu-134A, ,LOT,0,Warszawa-Oke...,, ,H2
19860828-4,28-AUG-1986,Boeing 737-2A8,VT-EAJ,Indian Airlines,0,Rajkot-Civil...,, ,A2
19860831-0,31-AUG-1986,DC-9-32,XA-JED,Aeroméxico,64+ 15,"Cerritos, CA",,,A1
19860902-0,02-SEP-1986,BN-2A Trislander Mk.III-1,G-BCCU,Kondair,0,near North Sea,, ,A2
19860902-1,02-SEP-1986,DHC-3 Otter,C-FBER,Pickle Lake Air Services,,"Pickle Lake, ON",, ,A1
19860903-0,03-SEP-1986,Learjet 24,N88JF,Jet Way,0,Detroit-Will...,, ,A1
19860905-0,05-SEP-1986,Boeing 747-121,N656PA,Pan Am,20,Karachi-Quai...,, ,H2
19860905-1,05-SEP-1986,Antonov An-24RV,YR-AMF,Tarom,3,Cluj Airport...,, ,A1
19860909-0,09-SEP-1986,Lockheed C-130A Hercules,56-0468,USAF,3,Hopkinsville...,, ,A1
19860911-1,11-SEP-1986,DH-114 Riley Heron 2,DQ-FEC,Fiji Air,1,Vanuabalavu ...,, ,A1
19860914-0,14-SEP-1986,BN-2A Trislander Mk.III-2,G-BDTP,Kondair,1,near Amsterdam-Sc...,,,A1
19860919-1,19-SEP-1986,Embraer EMB-120RT Brasilia,N219AS,"Delta Connection, opb ASA",5,"near Mantiqueira, SP",, ,A1
19860920-0,20-SEP-1986,Tupolev Tu-134, ,Aeroflot,4,Ufa Airport ...,, ,H2
19860929-0,29-SEP-1986,Airbus A300B2-1C,VT-ELV,Indian Airlines,0,Chennai (Mad...,,,A1
19860929-1,29-SEP-1986,Rockwell Sabreliner 75A,N64,FAA,0,Liberal Muni...,,,A1
19860999-0,??-SEP-1986,BN-2A Trislander Mk.III-2,VQ-TAJ,Turks & Caicos National Airline,0,near Port-de-Paix,, ,A1
19860999-1,??-SEP-1986,BN-2A-21 Islander,N455JH,Gorda Aero Service,,,, ,U1
19860999-2,??-SEP-1986,Yakovlev Yak-42,CCCP-42536,Aeroflot / Central Region,0,Moskva-Bykov...,, ,O1
19861002-0,02-OCT-1986,Dassault Falcon 10,3D-ART,Rembrandt Tobacco,4,Magoebaskloof,,,A1
19861003-0,03-OCT-1986,Shorts SC.7 Skyvan 3-200,PK-ESC,East Indonesia Air Taxi,13,near Manado,, ,A1
19861004-0,04-OCT-1986,Lockheed L-100-30 Hercules,N15ST,Southern Air Transport,3,San Antonio-...,,,A1
19861005-0,05-OCT-1986,Fairchild C-123K Provider,HPF821,Corporate Air Services,3,near San Carlos,, ,C1
19861009-0,09-OCT-1986,Antonov An-2R,CCCP-02592,Aeroflot / Yakutsk,,near Tiksi,, ,A1
19861009-1,09-OCT-1986,Douglas DC-7C,N5903,"USAID, opb T & G Aviation",3,near Dakar-Yoff A...,,,A1
19861013-0,13-OCT-1986,DC-9-41,SE-DBM,SAS,0,Aalborg Airp...,, ,A2
19861014-0,14-OCT-1986,Let L-410M,CCCP-67264,Aeroflot / Yakutsk,14,near Ust-Maya Air...,, ,A1
19861015-0,15-OCT-1986,Lockheed C-130 Hercules, ,Iran AF,,Shiraz Airpo...,, ,O1
19861015-1,15-OCT-1986,CASA C-212-M Aviocar 100,148,Chilean Navy,11,near Cabildo,, ,A1
19861015-2,15-OCT-1986,Boeing 737-286,EP-IRG,Iran Air,3,Shiraz Airpo...,,,C1
19861015-3,15-OCT-1986,Lockheed C-141B Starlifter,65-0246,USAF,0,Fairfield-Tr...,,,A1
19861017-0,17-OCT-1986,Douglas C-47B (DC-3),A65-114,RAAF,0,Edinburgh RA...,, ,A1
19861018-0,18-OCT-1986,DHC-6 Twin Otter 300,PZ-TCD,Surinam Airways,0,Stoelmanseiland,, ,H2
19861019-0,19-OCT-1986,Tupolev Tu-134A-3,C9-CAA,Mozambique Government,34,near Komatipoort,,,A1
19861019-1,19-OCT-1986,DC-9-41,OY-KGL,SAS,0,København-Ka...,, ,A2
19861020-1,20-OCT-1986,Tupolev Tu-134A,CCCP-65766,Aeroflot / North Kavkaz,70,Kuybyshev Ai...,, ,A1
19861021-0,21-OCT-1986,Shorts SC.7 Skyvan 3-200,N406TH,Arctic Circle Air Service,0,Nightmute Ai...,, ,A2
19861023-0,23-OCT-1986,HAL-748,VT-EAT,Indian Airlines,0,Indore Airpo...,, ,A2
19861023-1,23-OCT-1986,Fokker F-27 Friendship 600,AP-AUX,PIA,13,near Peshawar Air...,,,A1
19861024-0,24-OCT-1986,Learjet 25XR,N51DB,private,2,near Medina,, ,A1
19861025-0,25-OCT-1986,Boeing 737-222,N752N,Piedmont Airlines,0,Charlotte-Do...,,,A1
19861026-0,26-OCT-1986,Airbus A300B4-601,HS-TAE,Thai Airways International,0,near Tosa Bay,, ,C2
19861028-0,28-OCT-1986,Grumman G-73 Mallard,N604SS,Virgin Islands Seaplane Shuttle,1,near Christianste...,, ,A1
19861029-0,29-OCT-1986,DHC-3 Otter,N778L,private,1,near San Juan-Isl...,, ,A1
19861099-0,??-OCT-1986,Convair CV-880,N5863,FAA,0,Mojave Air &...,,,O1
19861102-0,02-NOV-1986,Lockheed C-130 Hercules, ,Iran AF,103,near Zahedan,, ,A1
19861103-0,03-NOV-1986,Beech 200 Super King Air,CN-CDE,RAM,4,Casablanca-N...,,,A1
19861106-0,06-NOV-1986,Boeing 727-235,N4743,Pan Am,0,Tampa Intern...,,,A2
19861106-1,06-NOV-1986,Cessna 551 Citation II/SP,N711WM,Barbary Coast Hotel & Casino,,,, ,U1
19861108-0,08-NOV-1986,Beech A100 King Air,N78L,American Aviation,0,Brooksville-...,, ,A1
19861110-0,10-NOV-1986,Airbus A300B2-203, ,Iran Air,0,Tabriz Airpo...,, ,H2
19861113-0,13-NOV-1986,Lockheed L-1011 TriStar 1,N714DA,Delta Air Lines,0,Newark Inter...,, ,A2
19861125-0,25-NOV-1986,Beech 99,D-IEXA,Extra Executive Transport,0,Paris-Orly A...,,,A1
19861127-0,27-NOV-1986,SE-210 Caravelle 11R,HK-2850,Aerosucre Colombia,0,Arauca Airpo...,,,A1
19861127-1,27-NOV-1986,C-115 Buffalo (DHC-5),2355,Brazilian AF,,Rio de Janie...,, ,A1
19861129-0,29-NOV-1986,Antonov An-12, ,Soviet AF,29,near Kabul Airpor...,, ,C1
19861129-1,29-NOV-1986,DHC-6 Twin Otter 200,N930MA,Eastern Metro,0,San Juan-Lui...,, ,A2
19861130-0,30-NOV-1986,BAe 3102 Jetstream 31,N830JS,"Piedmont Commuter, opb Jetstream International",0,Erie Interna...,,,O1
19861199-0,??-NOV-1986,Douglas DC-6A,HI-251,Carga Aérea Dominicana,0,Congo Town A...,,,A1
19861206-0,06-DEC-1986,Antonov An-26,210,Hungarian AF,4,near Veszprém-Sze...,, ,A1
19861207-0,07-DEC-1986,Antonov An-26B,CCCP-88288,MAP Moscow,0,Moskva-Bykov...,, ,A1
19861210-0,10-DEC-1986,Beech 100 King Air,N65TD,Teledyne Industries,6,"Windsor, MA",,,A1
19861210-1,10-DEC-1986,Beech B200 Super King Air,C-GKRL,Syncrude Canada,0,near Fort McMurra...,, ,A1
19861212-0,12-DEC-1986,Tupolev Tu-134A,CCCP-65795,Aeroflot / Belarus,72,near Berlin-Schön...,,,A1
19861215-0,15-DEC-1986,Antonov An-24RV,B-3413,CAAC,6,Lanzhou-Zhon...,, ,A1
19861215-1,15-DEC-1986,BAe-125-600B,5N-AWS,Radio Communications,8+ 2,near Casablanca,,,A1
19861215-2,15-DEC-1986,BN-2 Islander,8R-GES,Guyana AF,,,, ,A1
19861217-0,17-DEC-1986,CASA C-212 Aviocar 200,N431CA,Latin Air Service,0,Caribbean Sea,, ,A1
19861217-1,17-DEC-1986,BN-2A-27 Islander,C-FCMY,Nahanni Air Services,0,near Norman Wells...,, ,A1
19861223-0,23-DEC-1986,Douglas C-54R (DC-4),N96361,Central Air Services,0,"near Arlington, WA",,,A1
19861225-1,25-DEC-1986,Boeing 737-270C,YI-AGJ,Iraqi Airways,63,near Arar,,,H1
19861227-0,27-DEC-1986,DH-114 Riley Heron 2B,DQ-FEF,Sunflower Airlines,11,near Nadi Interna...,,,A1
19861227-2,27-DEC-1986,Antonov An-12, ,Soviet AF,1,near Kabul,, ,C2
19861231-0,31-DEC-1986,Boeing 737, ,United Airlines,0,near Raleigh/Durh...,, ,C2

19861231-1,31-DEC-1986,Let L-410UVP,CCCP-67428,Aeroflot / Krasnoyarsk,0,Chernenko,, ,A1
19869999-3,??-???-1986,BN-2A Trislander Mk.III,5Y-AOY,Cooper Skybird Aircharters,,,, ,U1
19869999-4,??-???-1986,Dornier Do 128-2 Skyservant,HC-BMR,Servicio Aéreo Misional - SAM,0,,, ,A1
