identifiant,date,type,registration,operator,fat.,location, ,pic,cat

20060624-0,24-JUN-2006,Cessna 560 Citation Encore,N486SB,Aero Charter Services,1,Upland-Cable...,, ,A1
20060626-0,26-JUN-2006,Hawker Siddeley DH-125-3A,N125GK,Great Idea Corp.,0,Barcelona-Ge...,, ,A1
20060628-0,28-JUN-2006,Lockheed HC-130H Hercules,1710,US Coast Guard,0,Saint Paul I...,, ,A1
20060629-0,29-JUN-2006,Antonov An-2R,HA-MDN,Szemp Air,0,Dunaújváros ...,, ,O1
20060629-1,29-JUN-2006,Antonov An-12BP,EK12305,Unknown,0,Bagram Air B...,, ,A1
20060630-0,30-JUN-2006,Cessna 208B Grand Caravan,ZS-POG,"Naturelink Airlines, op.for Southern Right Air Charter",1,near Vilanculos A...,, ,A1
20060699-0,??-JUN-2006,Swearingen SA227-DC Metro 23,VH-SEY,Sunshine Express Airlines,0,Brisbane Int...,,,O1
20060701-0,01-JUL-2006,Swearingen SA227-AC Metro III,VH-VEH,Corporate Air,0,Canberra Air...,, ,A1
20060703-0,03-JUL-2006,DHC-6 Twin Otter 300,9N-AFE, Yeti Airlines,0,Bajura Airpo...,, ,A2
20060705-0,05-JUL-2006,Sabreliner 40,XA-UCS,Vigo Jet,0,Mexico City-...,, ,A1
20060706-0,06-JUL-2006,Canadair CL-215,1112,Hellenic AF,0,near Patroklos Is...,, ,A1
20060706-1,06-JUL-2006,Beriev Be-200ChS,RF-21512,"TANTK, opf Serviço Nacional de Bombeiros",0,Barragem da ...,, ,A2
20060707-0,07-JUL-2006,Antonov An-12B,9Q-CVT, Mango Airlines,6,near Sake,,,A1
20060709-0,09-JUL-2006,Airbus A310-324,F-OGYP,S7 Airlines,125,Irkutsk Airp...,,,A1
20060710-0,10-JUL-2006,Fokker F-27 Friendship 200,AP-BAL,PIA,45,near Multan Airpo...,,,A1
20060710-1,10-JUL-2006,Tupolev Tu-134,05 red,Russian Navy,0,Gvardeyskoye...,,,A1
20060710-2,10-JUL-2006,Cessna 560 Citation V,N50CV,River City Flying Service,0,Hamilton-Rav...,, ,A2
20060712-0,12-JUL-2006,Lockheed L-100-30 Hercules,S9-BOF,"UN, opb Transafrik",0,Kigoma Airpo...,,,A1
20060714-0,14-JUL-2006,Antonov An-12, ,Sudan AF,0,Geneina Airp...,, ,A1
20060715-0,15-JUL-2006,Embraer EMB-135ER (ERJ-135ER),F-GOHC,Régional,0,Madrid-Baraj...,, ,O2
20060717-0,17-JUL-2006,Lockheed C-130E Hercules,63-7853,USAF,0,Al Asad Air ...,, ,A2
20060719-0,19-JUL-2006,Douglas DC-3C,N782T,Tol Air Services,0,near Saint Thomas...,,,A1
20060719-1,19-JUL-2006,Cessna 560 Citation Encore,N636SE,Tomco II,2,Cresco-Ellen...,,,A1
20060719-2,19-JUL-2006,Antonov An-2T,-,Odesski oask,0,Limanskoye,, ,A2
20060719-3,19-JUL-2006,CASA/Nurtanio NC-212 Aviocar,A-9032,Indonesian Army,2,near Semarang-Ach...,, ,A1
20060725-0,25-JUL-2006,Spectrum Aeronautical Spectrum 33,N322LA,Spectrum Aeronautical,2,Spanish Fork...,,,A1
20060728-0,28-JUL-2006,MD-10-10F,N391FE,FedEx,0,Memphis Inte...,,,A1
20060729-0,29-JUL-2006,DHC-6 Twin Otter 100,N203E,"Adventure Aviation, op.for Quantum Leap Skydiving",6,Sullivan Reg...,,,A1
20060729-1,29-JUL-2006,Cessna 208 Caravan I,N415GA,Hampton Island Aviation,0,"Riceboro, GA",, ,A2
20060731-0,31-JUL-2006,DHC-3T Texas Turbine Otter,N93356,Ward Air,0,"Berners Bay, AK",, ,A2
20060803-0,03-AUG-2006,Antonov An-28,9Q-COM,TRACEP-Congo Aviation,17,near Bukavu,, ,A1
20060804-0,04-AUG-2006,Embraer EMB-110P1 Bandeirante,N59BA,AirNow,1,near Bennington-W...,, ,A1
20060804-1,04-AUG-2006,Let L-410UVP-E,YV-867CP,Unknown,,near Puerto Ayacucho,, ,A1
20060807-0,07-AUG-2006,Antonov An-26,ST-ZZZ,Sudan AF,0,El Fasher Ai...,, ,A1
20060808-0,08-AUG-2006,Fokker 100,PT-MQN,TAM Brasil,0,São Paulo,, ,A2
20060810-0,10-AUG-2006,Swearingen SA227-BC Metro III,FAC-5742,Colombian AF,0,Rionegro/Med...,, ,A1
20060812-0,12-AUG-2006,Antonov An-2P,UN-02683,Orlan 2000,1,Novobrats'ke...,, ,A1
20060812-1,12-AUG-2006,Grumman G-1159 Gulfstream II, ,Ciro World,0,Torcoroma,, ,C1
20060813-0,13-AUG-2006,Lockheed L-100-30 Hercules,7T-VHG,Air Algérie,3,near Piacenza,,,A1
20060815-0,15-AUG-2006,Tupolev Tu-154B-2,P-561 ?, Air Koryo,0,Pyongyang-Su...,, ,A2
20060817-0,17-AUG-2006,Swearingen SA227-AC Metro III,N620PA,"Career Aviation Company, op.for Sierra West Airlines",0,Grain Valley...,, ,A1
20060817-1,17-AUG-2006,Boeing 727-224F,HK-3985,Aerosucre Colombia,0,Bogotá-Eldor...,, ,A1
20060822-0,22-AUG-2006,Tupolev Tu-154M,RA-85185,Pulkovo,170,near Donetsk,,,A1
20060824-0,24-AUG-2006,Let L-410UVP-E3,06,Russian AF,0,Rtishchevo A...,, ,A1
20060827-0,27-AUG-2006,Canadair CRJ-100ER,N431CA,"Delta Connection, opb Comair",49,Lexington-Bl...,,,A1
20060828-0,28-AUG-2006,GAF Nomad N.22B,ZP-TDZ,Paraguay Air Services,0,near Salta-Martín...,,,A2
20060828-1,28-AUG-2006,Raytheon Hawker 800XP,N879QS,NetJets,0,"near Carson City, NV",, ,A1
20060828-2,28-AUG-2006,Antonov An-26,ST-AQM,Ababeel Aviation,,El Obeid Air...,, ,A1
20060901-0,01-SEP-2006,Tupolev Tu-154M,EP-MCF,Iran Airtour,28,Mashhad Airp...,,,A1
20060902-0,02-SEP-2006,BAe Nimrod MR.2,XV230,RAF,14,near Kandahar,, ,A1
20060902-1,02-SEP-2006,DHC-3 Otter,N3125N,Alaska Air Taxi,0,Wainwright A...,, ,A2
20060907-0,07-SEP-2006,Boeing 727-277,ZS-DPF,DHL Aviation,0,Lagos-Murtal...,,,A1
20060908-0,08-SEP-2006,Airbus A319-112,C-GJTA,Air Canada,0,New York-La ...,, ,A2
20060908-1,08-SEP-2006,Embraer ERJ-170,N864RW,Shuttle America,0,New York-La ...,, ,A2
20060915-0,15-SEP-2006,Antonov An-2R,9Q-CXL,Zaabu International,0,Kahuzi-Biega...,, ,A1
20060915-1,15-SEP-2006,BN-2A-9 Islander,5H-UNT,Safari Express Airways,0,Nangungu,, ,A1
20060917-0,17-SEP-2006,Dornier 228-212,NAF033,Nigerian AF,13,near Vande Ikya,,,A1
20060926-0,26-SEP-2006,Tupolev Tu-154M,EX-85718,Altyn Air,0,Bishkek Airp...,, ,A2
20060926-1,26-SEP-2006,Boeing KC-135R,63-8886,USAF,0,Bishkek Airp...,,,A1
20060929-0,29-SEP-2006,Boeing 737-8EH,PR-GTD,Gol,154,near Peixoto Azev...,,,A1
20060929-1,29-SEP-2006,Embraer EMB-135BJ Legacy 600,N600XL,ExcelAire,0,Novo Progres...,,,A2
20061002-0,02-OCT-2006,Learjet C-21A (Learjet 35A),84-0066,USAF,0,Decatur Airp...,, ,A1
20061002-1,02-OCT-2006,Nord 262A-42,9Q-CBA," Business Aviation, op.for Malu Aviation",0,Kikwit Airpo...,, ,A1
20061003-0,03-OCT-2006,Boeing 737-4Y0,TC-JET,THY,0,Brindisi-Pap...,, ,H2
20061003-1,03-OCT-2006,Boeing 737-2T4,PK-RIE,Mandala Airlines,0,Tarakan-Juwa...,,,A1
20061003-2,03-OCT-2006,BAe 3202 Jetstream 32,G-BUVC,Eastern Airways,0,Wick Airport...,,,A2
20061010-0,10-OCT-2006,BAe-146-200A,OY-CRG,Atlantic Airways,4,Stord-Sørsto...,,,A1
20061010-1,10-OCT-2006,DHC-4A Caribou,PK-YRO,Trigana Air Service,0,Mamit,, ,A1
20061012-0,12-OCT-2006,Beech 200 Super King Air,N528WG,Tigress Air III,0,Leonardtown-...,, ,A1
20061019-0,19-OCT-2006,Antonov An-2TP,UK-70152,Uzbekistan Airways,15,near Aranchi,, ,A1
20061019-1,19-OCT-2006,Xian Yunshuji Y-7, ,China Air Force,2,near Hengshui,, ,A1
20061019-2,19-OCT-2006,Beech 200T Super King Air,AU-871,Uruguayan Navy,0,Bahía Blanca...,, ,A2
20061023-0,23-OCT-2006,Cessna 208B Grand Caravan,5Y-NPD,"Airworks, op.for UN",0,near Juba,, ,A2
20061026-0,26-OCT-2006,CASA C-212 Aviocar 200,SE-IVF/585,Swedish Coast Guard,4,Falsterbokan...,,,A1
20061029-0,29-OCT-2006,Boeing 737-2B7,5N-BFK,ADC Airlines,96,Abuja Intern...,,,A1
20061030-0,30-OCT-2006,Cessna 208B Grand Caravan,XA-UBL,Aerotucán,0,Punta Pájaro...,, ,A1
20061031-0,31-OCT-2006,Boeing 747-430,D-ABVY,Lufthansa,0,Newark-Liber...,, ,A2
20061099-0,??-OCT-2006,Hawker Siddeley HS-748,S2-ABE,"Best Air, op.for Astral Aviation",0,Alek Airstrip,,,A1
20061101-0,01-NOV-2006,BAe-125-700A,N232TN,Juventude,0,Fort Lauderd...,,,A1
20061101-1,01-NOV-2006,Antonov An-12BP,9L-LFQ, 748 Air Services,0,Lokichoggio ...,,,A1
20061102-0,02-NOV-2006,Yakovlev Yak-40A,RP-C2695,Interisland Airlines,0,Caticlan-Mal...,,,A1
20061106-0,06-NOV-2006,DHC-6 Twin Otter 300,C-FIZD,Provincial Airlines,0,Goose Bay Ai...,, ,A2
20061108-0,08-NOV-2006,Learjet 35A,TL12-2/31,Thai AF,7,Nakhon Sawan...,, ,A1
20061108-1,08-NOV-2006,Swearingen SA226-TC Metro II,C-FTNV,Perimeter Airlines,0,Norway House...,,,A1
20061109-0,09-NOV-2006,Let L-410UVP,9Q-CBQ, Gomair,0+ 1,near Walikale,,,A1
20061110-0,10-NOV-2006,BN-2T Turbine Islander,IN135,Indian Navy,0,Veloor,, ,A1
20061111-0,11-NOV-2006,Antonov An-28,9Q-COL,TRACEP-Congo Aviation,0,Bukavu-Kamen...,,,A1
20061115-0,15-NOV-2006,CASA C-212 Aviocar 400,AMP-114,Mexican Navy,0,near Progreso,, ,A2
20061116-0,16-NOV-2006,NAMC YS-11A-600,RP-C3590,Aboitiz Air,0,Manila-Ninoy...,, ,A1
20061116-1,16-NOV-2006,Antonov An-74,YL-KSB,KS Avia,0,Ancona-Falco...,,,A2
20061117-0,17-NOV-2006,DHC-6 Twin Otter 300,PK-YPY,Trigana Air Service,12,Puncak Jaya,, ,A1
20061118-0,18-NOV-2006,Boeing 727-23F,HK-3667X,Aerosucre Colombia,6,near Leticia-Alfr...,,,A1
20061119-0,19-NOV-2006,BN-2B-26 Islander,VP-FBI,FIGAS,0,West Point I...,,,A1
20061119-1,19-NOV-2006,DC-9-31,N8950E,Northwest Airlines,0,Minneapolis-...,, ,O1
20061122-0,22-NOV-2006,Cessna 208 Caravan I,FAC-5054,Colombian AF,3,Siberia,, ,A1
20061123-0,23-NOV-2006,PZL An-28,YV1756,T.A. Corpor. 2006,0,Charallave-Ó...,, ,A2
20061124-0,24-NOV-2006,Embraer EMB-120ER Brasilia,PP-PTB,Puma Air,0,Altamira Air...,,,A1
20061126-0,26-NOV-2006,Learjet 35A,C-GAJS,Canadian Global Air Ambulance,0,Montreal-Pie...,, ,A2
20061127-0,27-NOV-2006,Antonov An-74T-200,15-2255,Iranian Revolutionary Guard,37,Tehran-Mehra...,, ,A1
20061128-0,28-NOV-2006,ATR 72-201,HL5229,Hansung Airlines,0,Jeju (Cheju)...,, ,A2

20060102-0,02-JAN-2006,BAe-125-700A,P4-AOD,Evolga,3,near Kharkov Airp...,,,A1
20060103-0,03-JAN-2006,Antonov An-26, ,Ruwenzori Air Asala,0,Fataki,, ,A2
20060105-0,05-JAN-2006,Douglas C-54G (DC-4),C-GXKN,Buffalo Airways,0,Norman Wells...,,,A1
20060105-1,05-JAN-2006,Beech A100 King Air,N700NC,North Country Aviation,0,Sault Ste Ma...,, ,A1
20060105-2,05-JAN-2006,Cessna 560 Citation Ultra,N391QS,NetJets,0,Minocqua-Nob...,, ,A2
20060109-0,09-JAN-2006,Dassault Falcon 20E,15-2233,Iranian Revolutionary Guard,11,near Orumiyeh,, ,A1
20060110-0,10-JAN-2006,DHC-6 Vista Liner 300,TI-BAF,Nature Air,0,Puerto Jimén...,,,A2
20060110-1,10-JAN-2006,Rockwell T-39N Sabreliner,165524,US Navy,4,"near Villanow, GA",, ,A1
20060112-0,12-JAN-2006,Beech B300 King Air 350,D-CUNO,Euroflug Frenzel,2,near Freiburg Im ...,, ,A1
20060113-0,13-JAN-2006,Learjet 24F,ZS-FUN,SOS Air Ambulance,0,Kinshasa-N'D...,, ,A2
20060115-0,15-JAN-2006,Cessna 550 Citation S/II,N460M,Security Aviation,0,Anchorage-Te...,, ,A2
20060119-0,19-JAN-2006,Antonov An-24V,5605,Slovak AF,42,near Hejce,,,A1
20060121-0,21-JAN-2006,Cessna 208B Grand Caravan,C-GRXZ,Sonicblue Airways,3,near Port Alberni...,, ,A1
20060124-0,24-JAN-2006,Cessna 560 Citation V,N86CE,Goship Air,4,Carlsbad-McC...,,,A1
20060124-1,24-JAN-2006,Antonov An-12A,9Q-CER,Aerolift,0,Mbuji-Mayi A...,,,A1
20060125-0,25-JAN-2006,Cessna 208B Grand Caravan,VH-WZJ,Aero-Tropics,0,Caloundra Ai...,, ,A2
20060199-0,??-JAN-2006,BAe 3102 Jetstream 31,HH-DPL,Caribintair,0,Cap Haitien ...,, ,A1
20060201-0,01-FEB-2006,Cessna 500 Citation I,N814ER,Flite Services,0,Burnsville-M...,, ,A1
20060202-0,02-FEB-2006,Boeing 747-422,N127UA,United Airlines,0,Melbourne-Tu...,,,A2
20060202-1,02-FEB-2006,Boeing 767-338ER,VH-OGH,Qantas,0,Melbourne-Tu...,,,A2
20060203-0,03-FEB-2006,Beech 200 Super King Air,N266EB,Private,6,Myrtle Beach...,, ,A1
20060205-0,05-FEB-2006,Shorts 360-100,N3735W,Air Cargo Carriers,3,"near Watertown, WI",,,A1
20060205-1,05-FEB-2006,Shorts 360-300,N372AC,Air Cargo Carriers,0,Juneau-Dodge...,,,A2
20060208-0,08-FEB-2006,DC-8-71F,N748UP,UPS,0,Philadelphia...,,,A1
20060208-1,08-FEB-2006,Swearingen SA226-TC Metro II,N629EK,TriCoastal Air,1,"near Paris, TN",,,A1
20060211-0,11-FEB-2006,Antonov An-26,7799,Sudan AF,20,Aweil Airport,, ,A1
20060213-0,13-FEB-2006,Grumman G-159 Gulfstream I,YV-903CP,Private,2,near El Peten,, ,A1
20060214-0,14-FEB-2006,Fokker 50,LN-RND,SAS Commuter,0,Oslo-Garderm...,,,O2
20060215-0,15-FEB-2006,Dassault Falcon 20C-5,F-OVJR,Develton,0,Kiel-Holtena...,, ,A1
20060216-0,16-FEB-2006,Cessna 501 Citation I/SP,D-IMRX,Hasit Trockenmörtel,6,near Buschin,, ,A1
20060222-0,22-FEB-2006,Beech 200 Super King Air,YV0106,SATA,,Unknown,, ,U1
20060226-0,26-FEB-2006,Antonov An-12BK,TN-AGZ,Aero Fret Business,0,Mbuji-Mayi A...,, ,A2
20060302-0,02-MAR-2006,Antonov An-2, , Blue Airlines,0,Lubanimanga,, ,A2
20060304-0,04-MAR-2006,DC-9-82 (MD-82),PK-LMW,Lion Air,0,Surabaya-Jua...,,,A1
20060305-0,05-MAR-2006,Cessna 208B Grand Caravan,YV-1149C,SASCA,0,Arekuna,, ,A1
20060309-0,09-MAR-2006,Learjet 35A,T-21,Argentine AF,6,near La Paz-El Al...,,,A1
20060310-0,10-MAR-2006,Lockheed L-1329-23E JetStar 8,N116DD,private,0,Dallas-Love ...,,,A1
20060311-0,11-MAR-2006,ATR 72-212A (ATR 72-500),VT-DKC,Air Deccan,0,Bangalore-Hi...,, ,A1
20060317-0,17-MAR-2006,Hawker Siddeley HS-748,5Y-TCA,Trackmark Cargo,0,Old Fangak,,,A1
20060318-0,18-MAR-2006,Boeing 737-6D6,7T-VJQ,Air Algérie,0,Sevilla Airp...,,,A2
20060318-1,18-MAR-2006,Beech C99,N54RP,Ameriflight,2,"near Butte, MT",, ,A1
20060322-0,22-MAR-2006,Learjet 35,N58EM,Bankair,0,Philadelphia...,, ,A1
20060323-0,23-MAR-2006,Antonov An-24B,ER-AZZ, Valan Int'l Cargo,0,Talil,,,A1
20060324-0,24-MAR-2006,Cessna 208B Grand Caravan,HC-BXD,ATESA,5,near Cuenca-Maris...,, ,A1
20060324-1,24-MAR-2006,Convair CV-580F,ZS-SKI,"Skyhaul, op.for LAC - SkyCongo",0,Kinshasa-N'D...,,,O1
20060327-0,27-MAR-2006,Let L-410UVP-E,ES-LLG,AirEst,0,Tallinn-Ulem...,, ,O2
20060328-0,28-MAR-2006,Antonov An-12BK,EK46741,Phoenix Avia,0,near Payam Airpor...,,,A1
20060328-1,28-MAR-2006,Cessna 208B Grand Caravan,N208WE,Cessna Aircraft,2,"near Oak Glen, CA",, ,A1
20060329-0,29-MAR-2006,Ilyushin Il-62M,5A-DKR,"Libyan Government, opb Libavia",0,Moskva-Domod...,,,A1
20060331-0,31-MAR-2006,Let L-410UVP-E20,PT-FSE,TEAM,19,"near Rio Bonito, RJ",,,A1
20060399-0,??-MAR-2006,Antonov An-2T,SP-AOY,Aeroklub RP,0,Leszno-Strzy...,, ,O1
20060399-1,??-MAR-2006,DHC-6 Twin Otter 300,5A-DAU,Waha Oil Company,0,Waha,, ,A1
20060403-0,03-APR-2006,Lockheed C-5B Galaxy,84-0059,USAF,0,"Dover AFB, D...",,,A1
20060410-0,10-APR-2006,Harbin Yunshuji Y-12 II,132,Kenyan AF,14,near Marsabit,, ,A1
20060411-0,11-APR-2006,Antonov An-2R,LZ-1178,Kapoly Air,2,near Kozlovets,, ,A1
20060413-0,13-APR-2006,Cessna 208 Caravan I,5H-ZBZ,MAF,0,Haydom,, ,A2
20060414-0,14-APR-2006,Lockheed C-130H Hercules,9T-TCB,D.R. Congo AF,0,Kinshasa-N'D...,,,A2
20060416-0,16-APR-2006,Fokker F-27 Friendship 400M,FAB-91,TAM,1,Guayaramerín...,,,A1
20060420-0,20-APR-2006,Rockwell Sabreliner 75A,JY-JAS,Jordan Aviation,0,Alexandria A...,, ,A1
20060423-0,23-APR-2006,Antonov An-74TK-200,UR-74038,"Kharkov State Aircraft Mf. Co., op.for Libyan Arab Rep. Air Force",6,Kousséri,,,A1
20060423-1,23-APR-2006,Antonov An-2R,RF-00451,"Yugavia, op.for ROSTO Shahty",4,near Tersky,, ,A1
20060424-0,24-APR-2006,Antonov An-32B,ZS-PDV,"U.S. Department of State, opb Air Million Cargo",2+ 3,Bost/Lashkar...,,,A1
20060427-0,27-APR-2006,Convair CV-580F,ZS-SKH,"Skyhaul, op.for LAC - SkyCongo",8,Amisi Airport,,,A1
20060428-0,28-APR-2006,Cessna 208B Grand Caravan,ZS-ADL,"King Air Services, op.for UN",3,Margarita Mo...,,,A1
20060501-0,01-MAY-2006,DHC-7-102,C-GLPP,"Trans Capital Air, op.for UN",0,Zwedru Airport,,,A2
20060503-0,03-MAY-2006,Airbus A320-211,EK32009,Armavia,113,near Adler/Sochi ...,,,A1
20060504-0,04-MAY-2006,Boeing 727-2F2F,9M-TGA,Transmile Air Service,0,Bangalore-Hi...,,,A1
20060505-0,05-MAY-2006,Airbus A320-211,EK32010,Armavia,0,Brussel-Zave...,,,O1
20060505-1,05-MAY-2006,Airbus A320-211,EK32001,"Armenian International Airways, op.for Air Arabia",0,Brussel-Zave...,,,O1
20060505-2,05-MAY-2006,Airbus A320-232,SX-BVB,"HellasJet, op.for Volare Airlines",0,Brussel-Zave...,,,O1
20060505-3,05-MAY-2006,Lockheed C-130H Hercules,CH-02,Belgian AF,0,Brussel-Zave...,,,O1
20060505-4,05-MAY-2006,IAI Arava 201,GN-8168,Venezuela ANG,5,near Caracas,, ,A1
20060506-0,06-MAY-2006,Antonov An-2,ER-35538,Moldaeroservice,0,near Mersin,, ,A2
20060514-0,14-MAY-2006,Convair CV-580,C-GSKJ,Saskatchewan Gvt.,1,near La Ronge Air...,,,A1
20060515-0,15-MAY-2006,Boeing 747-430,D-ABTK,Lufthansa,0,Frankfurt In...,,,A2
20060516-0,16-MAY-2006,Cessna 525 CitationJet,N545TG,Interstate Warehousing,0,Murfreesboro...,, ,A2
20060518-0,18-MAY-2006,Shorts 330-200,N937MA,Air Cargo Carriers,0,Myrtle Beach...,, ,A1
20060523-0,23-MAY-2006,DHC-6 Twin Otter 300,S9-BAL,Air São Tomé & Principe,4,near São Tomé Isl...,,,A1
20060524-0,24-MAY-2006,Lockheed Hercules C.1P (C-130K),XV206,RAF,0,Bost/Lashkar...,,,A1
20060524-1,24-MAY-2006,IAI 1124 Westwind,N475AT,Air Trek,0,George Town-...,,,A1
20060524-2,24-MAY-2006,Antonov An-2R,SP-FLY,Aerogryf Aviation,0,near Krepsko,, ,A1
20060601-0,01-JUN-2006,BAe 3101 Jetstream 31EP,HP-1477PS,Air Panamá,0,Bocas Del To...,,,A1
20060602-0,02-JUN-2006,Boeing 767-223ER,N330AA,American Airlines,0,Los Angeles ...,,,O1
20060602-1,02-JUN-2006,Learjet 35A,N182K,"Robertson Asset Management, op.for International Jet Charter",2,near New London-G...,, ,A1
20060603-0,03-JUN-2006,Shaanxi KJ-200 (Y-8), ,China Air Force,40,near Yaocun,, ,A1
20060603-1,03-JUN-2006,Dornier 328JET-300,N328PD,"East Coast Flight Svc, op.for Private Air Charters",0,Manassas Reg...,,,A1
20060603-2,03-JUN-2006,Grumman G-159 Gulfstream I,N183K,Transcontinental Aviation,0,Necoclí Airp...,, ,C1
20060604-0,04-JUN-2006,DC-10-10F,N68047,Arrow Air,0,Managua Inte...,,,A1
20060605-0,05-JUN-2006,CASA/Nurtanio NC-212 Aviocar,PK-NCL,Merpati Nusantara,0,Bandanaira A...,,,A1
20060607-0,07-JUN-2006,Boeing 747-2U3BSF,N922FT,Tradewinds,0,Rionegro/Med...,,,A1
20060611-0,11-JUN-2006,Lockheed C-130H Hercules,TT-PAF,Chad AF,5,Abéché Airpo...,,,A1
20060614-0,14-JUN-2006,Learjet 60,OE-GFA,Jetalliance Flugbetriebs,0,Bucharest-Ba...,, ,A2
20060615-0,15-JUN-2006,Boeing 737-301F,OO-TND,TNT Airways,0,East Midland...,,,A1
20060615-1,15-JUN-2006,Boeing 737-430,EI-COI,Air One,0,Catania-Font...,, ,A2
20060617-0,17-JUN-2006,Antonov An-2P,UN-70367,Flamingo,1,near Taiynsha,, ,A1
20060617-1,17-JUN-2006,Boeing 737-800, ,South African Airways,0,Cape Town In...,, ,H2
20060620-0,20-JUN-2006,DC-9-83 (MD-83),N961TW,American Airlines,0,Chicago-O'Ha...,, ,A2
20060621-0,21-JUN-2006,DHC-6 Twin Otter 300,9N-AEQ, Yeti Airlines,9,near Jumla Airpor...,,,A1
20060622-0,22-JUN-2006,Excel-Jet Sport-Jet,N350SJ,Excel-Jet,0,Colorado Spr...,,,A1
20060623-0,23-JUN-2006,DC-9-83 (MD-83),SU-BOZ,AMC Aviation,0,Juba Airport...,,,A2

20061129-0,29-NOV-2006,Grob G.180A SPn,D-CGSP,Grob,1,near Mindelheim-M...,,,A1
20061203-0,03-DEC-2006,Cessna 501 Citation I/SP,N501SP,Premier Air Management,0,Mexicali Air...,, ,A1
20061206-0,06-DEC-2006,Antonov An-2,RA-01146,ALCI,0,Novolazarevs...,, ,O1
20061209-0,09-DEC-2006,DHC-3 Otter,N335AK,Wings Airline Services,0,Flamingo Bay,,,A1
20061211-0,11-DEC-2006,Boeing 747SP-94,YK-AHB,Syrian Arab Airlines,0,Stockholm-Ar...,,,A2
20061212-0,12-DEC-2006,Fokker 50,ST-ASJ, Sudan Airways,0,Kenana,,,A2
20061213-0,13-DEC-2006,Canadair CL-415,I-DPCD,"Civil Protection Department, op.for SOREM",0,Pratica di M...,, ,A2
20061215-0,15-DEC-2006,Swearingen SA227-AC Metro III,LV-WRA,Baires Fly,0,Buenos Aires...,,,A1
20061216-0,16-DEC-2006,Antonov An-32B,FAM-3103,Mexican AF,4,near Pie de la Cu...,,,A1
20061219-0,19-DEC-2006,T-39A Sabreliner,XA-TJU,Jett Paqueteria,0,near Monterrey-Ge...,, ,A1
20061224-0,24-DEC-2006,Boeing 737-4Y0,PK-LIJ,Lion Air,0,Ujung Pandan...,, ,A1
20061226-0,26-DEC-2006,Antonov An-2R,RA-33565,2nd Sverdlovsk Aviation Enterprise,0,"near Gari, Sverdl...",, ,A1
20061226-1,26-DEC-2006,Boeing 737-3A4,N673AA,Southwest Airlines,0,San Diego In...,, ,A2
20061226-2,26-DEC-2006,Boeing 737-7H4 (WL),N207WN,Southwest Airlines,0,San Diego In...,, ,A2
20061227-0,27-DEC-2006,BN-2A-27 Islander,ZK-WNZ,Island Air Charters,0,near Tauranga Air...,,,A1
20061228-0,28-DEC-2006,Airbus A321-211,VP-BQS,Aeroflot,0,Praha-Ruzyne...,, ,H2
20061228-1,28-DEC-2006,Cessna 501 Citation I/SP,N80SL,private,0,Santa Teresa...,, ,O2
20061229-0,29-DEC-2006,Beech 99,N99TH,Alpine Aviation,0,near Rapid City R...,, ,A1
20061229-1,29-DEC-2006,Douglas C-54A (DC-4),C-GPSH,Buffalo Airways,0,"Carat Lake, NU",, ,A2
20061230-0,30-DEC-2006,DHC-5 Buffalo,5Y-SRK,"Sky Relief Services, op.for Red Cross",0,near Nairobi-Jomo...,,,A1
20061230-1,30-DEC-2006,CT-39A-1-NA Sabreliner,XA-TNP,Facts Air,2,near Culiacán-Fed...,, ,A1
20061230-2,30-DEC-2006,BN-2A-20 Islander,PK-VIN,Dirgantara Air Services,0,Long Layu Ai...,, ,A1
20069999-0,??-???-2006,Antonov An-2R,LZ-1118,Bask Air,0,Agadès Airpo...,, ,O1
20069999-1,??-???-2006,Antonov An-2R,LZ-1102,Bask Air,0,Agadès Airpo...,,,O1
