identifiant,date,type,registration,operator,fat.,location, ,pic,cat

19710526-5,26-MAY-1971,Hawker Siddeley HS-125-400B,03,South African AF,4,Devil's Peak,, ,A1
19710527-0,27-MAY-1971,Ilyushin Il-14, ,Tarom,0,Wien-Schwech...,, ,H2
19710528-0,28-MAY-1971,Boeing 727, ,Eastern Air Lines,0,Nassau,, ,H2
19710529-0,29-MAY-1971,Boeing 707, ,Pan Am,0,,, ,H2
19710531-0,31-MAY-1971,Antonov An-2R,CCCP-32076,"Aeroflot, Moscow SPiMVL",3,near Malakhovo,, ,A1
19710599-0,??-MAY-1971,Convair CV-440-0,YU-ADO,JAT,0,Titograd Air...,,,A1
19710601-1,01-JUN-1971,Antonov An-24B,CCCP-47729,Aeroflot / East Siberia,0,Bogodorsk Is...,, ,A1
19710602-0,02-JUN-1971,Curtiss C-46D,XW-PFL,Air America,2,near Bouam Long,, ,C1
19710603-0,03-JUN-1971,Douglas C-47B (DC-3),PH-MOA,Moormanair,0,Southend Mun...,,,A1
19710603-1,03-JUN-1971,Boeing KC-135Q,58-0039,USAF,5,Centenera,,,A1
19710604-0,04-JUN-1971,Boeing 737-200, ,United Airlines,0,Washington-D...,, ,H2
19710605-0,05-JUN-1971,Douglas C-47 (DC-3),49-2614,Hellenic AF,0,Preveza-Akti...,, ,A1
19710606-0,06-JUN-1971,DC-9-31,N9345,Hughes Airwest,49,"near Duarte, CA",,,A1
19710606-1,06-JUN-1971,Douglas C-124C Globemaster II,51-0167,USAF,,Riverside-Ma...,, ,A1
19710607-0,07-JUN-1971,Convair CV-580,N5832,Allegheny Airlines,28,near New Haven Ai...,,,A1
19710611-0,11-JUN-1971,Boeing 727, ,TWA,1,New York-Joh...,, ,H2
19710611-1,11-JUN-1971,Fairchild C-82A Packet,PT-DLP,Amazônia,,"Belém, PA",, ,A1
19710613-0,13-JUN-1971,Douglas C-47A (DC-3),EP-ADG,Air Taxi Co.,,Shiraz,, ,U1
19710613-1,13-JUN-1971,Boeing C-135B,61-0331,USAF,24,"near Hawaii, USA",, ,A1
19710617-0,17-JUN-1971,Douglas DC-6,CP-926,SAVCO,6,near Putre,, ,A1
19710618-0,18-JUN-1971,Boeing 737-200, ,Piedmont Airlines,0,Winston-Sale...,, ,H2
19710620-0,20-JUN-1971,Douglas DC-4,HK-115,Avianca,0,Medellín-Enr...,, ,H2
19710620-1,20-JUN-1971,HAL-748,VT-DXM,Indian Airlines,0,Madras Airpo...,, ,A2
19710621-0,21-JUN-1971,CSR-123 Otter (DHC-3),9410,RCAF,0,McKenzie Lak...,, ,A1
19710628-0,28-JUN-1971,Douglas C-47 (DC-3),N90627,Lake Riverside Estates,17,Shelter Cove...,, ,A1
19710629-0,29-JUN-1971,DC-9-14, ,Finnair,0,København-Ka...,, ,H2
19710630-0,30-JUN-1971,Curtiss C-46A,CF-NAE,Nordair,0,Hall Beach A...,,,O1
19710630-1,30-JUN-1971,Douglas C-47B (DC-3),XW-TDI,Lao Airlines,,Ban Honeisai,, ,U1
19710630-2,30-JUN-1971,Douglas C-47B (DC-3),T.3-37,Spanish AF,3,near Las Palmas-G...,, ,A1
19710699-0,??-JUN-1971,Dornier Do 28D-1 Skyservant,TR-LOS,Societe Air Service,,,, ,A1
19710702-0,02-JUL-1971,Boeing 707, ,Braniff Airways,0,Buenos Aires...,, ,H2
19710703-0,03-JUL-1971,NAMC YS-11A-217,JA8764,TOA Domestic,68,Yokotsu Mt,, ,A1
19710705-0,05-JUL-1971,Dassault Falcon 20C,N805F,General Transportation,0,"Boca Raton, FL",, ,A1
19710711-0,11-JUL-1971,unknown, ,Cubana,1,,, ,H2
19710713-0,13-JUL-1971,Fokker F-27 Friendship 100,VT-DOL,Indian Airlines,0,Gauhati-Borj...,, ,A2
19710715-0,15-JUL-1971,Antonov An-2R,CCCP-06266,"Aeroflot, Moscow SPiMVL",2,near Pochop,, ,A1
19710716-0,16-JUL-1971,Douglas C-47B (DC-3),N74844,New England Propeller Service,0,Windsor Lock...,, ,A1
19710716-1,16-JUL-1971,Antonov An-2SX,CCCP-43828,Aeroflot / Privolzhsk,1,Kamennaya Sa...,, ,A1
19710716-2,16-JUL-1971,Lockheed P2V-7 Neptune,4651,Japanese Navy,,unknown,, ,U1
19710723-0,23-JUL-1971,Boeing 727, ,TWA,1,New York-La ...,, ,H2
19710724-0,24-JUL-1971,Douglas C-47A (DC-3),6V-AAP,Air Ivoire,6,near Bamako Airpo...,, ,A1
19710724-1,24-JUL-1971,DC-8, ,National Airlines,0,,, ,H2
19710725-0,25-JUL-1971,Boeing 707-321C,N461PA,Pan Am,4,near Manila Inter...,, ,A1
19710725-1,25-JUL-1971,Tupolev Tu-104B,CCCP-42405,Aeroflot / West Siberia,97,Irkutsk Airp...,, ,A1
19710727-0,27-JUL-1971,CASA 352 (Ju-52),T.2B-198,Spanish AF,,,, ,U1
19710728-0,28-JUL-1971,Yakovlev Yak-40,CCCP-87719,Aeroflot / Moscow,0,Lipetsk Airp...,, ,A1
19710729-1,29-JUL-1971,Antonov An-12B,CCCP-12993,Aeroflot / International,0,Calcutta-Dum...,, ,A1
19710730-0,30-JUL-1971,Nord 2501 Noratlas,49/F-RABB,French AF,37,near Pau,, ,A1
19710730-1,30-JUL-1971,Boeing 727-281,JA8329,All Nippon,162,near Shizukuishi,, ,A1
19710730-2,30-JUL-1971,Boeing 747-121,N747PA,Pan Am,0,San Francisc...,,,A2
19710799-0,??-JUL-1971,Morane Saulnier MS.760 Paris I,31,French Navy,0,Lyon-Bron Ai...,, ,A1
19710799-2,??-JUL-1971,Douglas DC-3C,OO-SBC,BIAS,,Benghazi-Ben...,, ,A1
19710804-0,04-AUG-1971,Boeing 707-324C,N47330,Continental Air Lines,0,"Compton, CA",, ,A2
19710807-0,07-AUG-1971,Douglas C-47A (DC-3),TC-31,Argentine AF,0,Villa Reynol...,, ,A1
19710808-0,08-AUG-1971,Vickers 745D Viscount,N7415,Aloha Airlines,0,Honolulu Int...,, ,O1
19710809-0,09-AUG-1971,Vickers 768D Viscount,VT-DIX,Indian Airlines,0,Jaipur-Sanga...,,,A1
19710810-0,10-AUG-1971,Fairchild C-119 Flying Boxcar,3149,Republic of China AF,,unknown,, ,U1
19710811-0,11-AUG-1971,Grumman HU-16A Albatross,MM50-175,Italian AF,1,Lago Braccia...,, ,A1
19710816-0,16-AUG-1971,Antonov An-12A,BL918,Indian AF,11,near Ahmednagar,, ,A1
19710820-0,20-AUG-1971,Convair CV-580,N5844,Allegheny Airlines,0,Pittsburgh I...,, ,A1
19710821-0,21-AUG-1971,Douglas C-47A (DC-3),BJ923,Indian AF,,,, ,U1
19710822-0,22-AUG-1971,Douglas DC-3A-375,B-304,Air Vietnam,0,Kampot Airpo...,, ,U1
19710822-1,22-AUG-1971,Ilyushin Il-18, ,UAA,0,,, ,H2
19710823-0,23-AUG-1971,Grumman C-2A Greyhound,152788,US Navy,,,, ,U1
19710824-1,24-AUG-1971,Boeing 707, ,Alia,0,Madrid-Baraj...,, ,C2
19710827-0,27-AUG-1971,Volpar Turboliner,N351V,Chicago & Southern Airlines,1,Fairview Par...,, ,A1
19710828-0,28-AUG-1971,Ilyushin Il-18V,HA-MOC,Malev,32,near København-Ka...,,,A1
19710901-0,01-SEP-1971,Consolidated PBY-5A Catalina,CF-HTN,Field Aviation,2,"Pine Point, NWT",, ,A1
19710901-1,01-SEP-1971,PBV-1A Canso (PBY-5A),CF-IDS,Norcanair,2,"Pine Point, NWT",, ,A1
19710903-0,03-SEP-1971,Canadair CL-215,F-ZBBG,Securité Civile,0,"near Esigna, Corsica",, ,A1
19710903-1,03-SEP-1971,DC-9, ,Eastern Air Lines,0,,, ,H2
19710904-0,04-SEP-1971,Boeing 727-193,N2969G,Alaska Airlines,111,"near Juneau, AK",, ,A1
19710906-0,06-SEP-1971,BAC One-Eleven 515FB,D-ALAR,Paninternational,22,near Hamburg-Fuhl...,,,A1
19710906-1,06-SEP-1971,Douglas C-47B (DC-3),A65-73,RAAF,0,Townsville R...,, ,A1
19710908-0,08-SEP-1971,Sud-Aviation SE-210 Caravelle, ,Alia,0,Benghazi,, ,H2
19710909-0,09-SEP-1971,Douglas R4D-6 (DC-3),8P-AAC,Carib West,2,near Basse-Terre,,,A1
19710911-1,11-SEP-1971,Howard Eldorado 700,N25YC,Youngstown Cartage Co.,0,near Philadelphia...,, ,A1
19710912-0,12-SEP-1971,Douglas C-47A (DC-3),HC-AUX,TAME Ecuador,,Cerro de Hojas,, ,A1
19710913-0,13-SEP-1971,Hawker Siddeley HS-121 Trident 1E,256,China Air Force,9,near Öndörkhaan,,,C1
19710916-0,16-SEP-1971,C-9A Nightingale (DC-9-30),67-22586,USAF,3,near Belleville-S...,,,A1
19710916-1,16-SEP-1971,Douglas C-47A (DC-3),4W-ABI,Yemen Airlines,5,"Rajince, Pre...",, ,A1
19710916-2,16-SEP-1971,Tupolev Tu-134,HA-LBD,Malev,49,near Kiev-Borispo...,,,A1
19710916-3,16-SEP-1971,Sud-Aviation SE-210 Caravelle, ,Alia,0,,, ,H2
19710916-4,16-SEP-1971,Beriev Be-30,CCCP-67207,Aeroflot / Central Region,0,unknown,, ,A1
19710917-0,17-SEP-1971,Canadair C-54GM North Star,CF-UXB,"Cavalier Aircraft Corp., op.for Air Caicos",0,Sarasota Air...,, ,A1
19710917-1,17-SEP-1971,Boeing KC-97G Stratofreighter,4X-FPR/033,Israeli AF,7,near Suez Canal,, ,C1
19710919-0,19-SEP-1971,Antonov An-2,LZ-...,Unknown,1,within Bulgaria,, ,A1
19710924-0,24-SEP-1971,Boeing 727, ,American Airlines,0,Detroit-Metr...,, ,H2
19710925-0,25-SEP-1971,Antonov An-2,CCCP-98281,Aeroflot / Yakutsk,0,near Tokko,, ,A1
19710927-0,27-SEP-1971,DHC-3 Otter,CF-MPZ,RCMP,,Deer Lake Ai...,, ,A1
19710928-0,28-SEP-1971,Douglas DC-3A-414A,PP-CBV,Cruzeiro do Sul,32,near Sena Madurei...,, ,A1
19711002-0,02-OCT-1971,Douglas DC-3A-228C,N1981W,Island Gem Enterprises,0,near Sint Maarten...,, ,A1
19711002-1,02-OCT-1971,Vickers 951 Vanguard,G-APEC,BEA,63,near Aarsele,,,A1
19711004-0,04-OCT-1971,Sud-Aviation SE-210 Caravelle, ,Alia,0,Amman-Marka ...,, ,H2
19711007-0,07-OCT-1971,BN-2A Islander,N857JA,International Sky Cab Airlines,0,near South Caicos,, ,A1
19711009-0,09-OCT-1971,Boeing 727, ,Eastern Air Lines,0,,, ,H2
19711010-0,10-OCT-1971,Tupolev Tu-104B,CCCP-42490,Aeroflot / Ukraine,25,near Moskva-Vnuko...,, ,C1
19711011-0,11-OCT-1971,Antonov An-2,CCCP-47678,Aeroflot / Yakutsk,6,near Tyubelyaha,, ,A1
19711012-0,12-OCT-1971,Convair CV-580,YV-C-AVA,AVENSA,0,Havana-José ...,, ,H2
19711012-1,12-OCT-1971,Antonov An-10A,CCCP-11137,Aeroflot / Moldova,,Kishinev Air...,, ,A1

19711016-0,16-OCT-1971,NAMC YS-11, ,Olympic Airways,0,Athens,, ,H2
19711017-0,17-OCT-1971,Douglas C-47A (DC-3),HK-595,Aerolíneas TAO,19,San Vicente ...,, ,A1
19711017-1,17-OCT-1971,Antonov An-2,CCCP-70908,Aeroflot / Ukraine,0,near Dnepropetrovsk,, ,A1
19711018-0,18-OCT-1971,Boeing 737-200, ,Wien Consolidated,0,Vancouver In...,, ,H2
19711019-0,19-OCT-1971,Douglas DC-6B,HI-146,LADECO,3,Mt Santa Elena,,,A1
19711019-1,19-OCT-1971,Nord 2501 Noratlas,69,French AF,6,Epernay,, ,A1
19711020-0,20-OCT-1971,Vickers Viscount, ,SAETA,0,,, ,H2
19711020-1,20-OCT-1971,Lockheed L-1049H Super Constellatio,N564E,Balair Inc,4,near Great Inagua,, ,A1
19711021-0,21-OCT-1971,ATECO Westwind II,N51CS,Chicago & Southern Airlines,16,near Peoria-Great...,,,A1
19711022-0,22-OCT-1971,Douglas DC-6B,F-BNUZ,EAS,0,Nice-Côte d'...,,,A1
19711024-0,24-OCT-1971,Beech 99,N986MA,Monmouth Airlines,4,near Allentown Ai...,, ,A1
19711025-0,25-OCT-1971,Boeing 747, ,American Airlines,0,Havana,, ,H2
19711026-0,26-OCT-1971,Douglas DC-6B, ,Olympic Airways,0,,, ,H2
19711099-0,??-OCT-1971,BN-2A-7 Islander,HP-550,Aviones de Panama,0,,, ,A1
19711099-1,??-OCT-1971,Grumman G-73 Mallard,N2978,private,0,"Ida, MI",, ,O1
19711101-0,01-NOV-1971,Vickers 749 Viscount,YV-C-AMZ,LAV,4,near Maracaibo-La...,, ,A1
19711102-0,02-NOV-1971,Douglas CC-129 Dakota (DC-3),12930,Canadian Armed Forces,8,"Cape Perry, NT",, ,A1
19711103-0,03-NOV-1971,Douglas C-47B (DC-3),HC-ANJ,Aeroamazonas,3,Nevado de Sa...,, ,A1
19711107-0,07-NOV-1971,NAMC YS-11A-212,PP-SML,VASP,0,Aragarças Ai...,, ,A1
19711109-0,09-NOV-1971,Lockheed Hercules C.1 (C-130K),XV216,RAF,52,near Pisa-San Giu...,, ,A1
19711110-0,10-NOV-1971,Vickers 828 Viscount,PK-MVS,Merpati Nusantara,69,near Padang,, ,A1
19711110-1,10-NOV-1971,Douglas EC-47Q,43-48009,USAF,0,Nakhon Patho...,, ,A2
19711112-0,12-NOV-1971,Antonov An-24B,CCCP-46809,Aeroflot / Ukraine,48,near Vinnitsa Air...,, ,A1
19711112-1,12-NOV-1971,Lockheed C-130E Hercules,69-6578,USAF,10,Jacksonville...,,,A1
19711112-2,12-NOV-1971,DC-8, ,Air Canada,0,,, ,H2
19711113-0,13-NOV-1971,Antonov An-24B,CCCP-46378,Aeroflot / Ukraine,6,near Kerch Airpor...,, ,A1
19711113-1,13-NOV-1971,U-1A Otter (DHC-3),0-53313,Khmer Air Force,,within Cambodia,, ,U1
19711115-0,15-NOV-1971,Antonov An-24RV,YR-AMA,Tarom,0,Bucharest-Ot...,,,A1
19711117-0,17-NOV-1971,Beech 99, ,Arawak Airlines,0,Trinidad,, ,H2
19711120-0,20-NOV-1971,Fairchild C-119 Flying Boxcar,3124,Republic of China AF,,unknown,, ,U1
19711121-0,21-NOV-1971,SE-210 Caravelle III,B-1852,China Airlines,25,near Penghu Island,,,C1
19711122-0,22-NOV-1971,Antonov An-2R,CCCP-62760,Aeroflot / Armenia,0,near Yerevan,, ,A1
19711123-0,23-NOV-1971,Fokker F-27 Friendship 500,9V-BCU,MSA,0,Kota Kinabal...,, ,A1
19711124-0,24-NOV-1971,Boeing 727-51,N467US,Northwest Orient Airlines,0,Seattle/Taco...,, ,H2
19711127-0,27-NOV-1971,Boeing 727, ,TWA,0,Havana-José ...,, ,H2
19711129-0,29-NOV-1971,Antonov An-2R,CCCP-32207,Aeroflot / Latvia,1,near Aloja Airstrip,, ,A1
19711201-0,01-DEC-1971,Antonov An-24B,CCCP-46788,Aeroflot / Privolzhsk,57,near Saratov Airp...,, ,A1
19711202-0,02-DEC-1971,Boeing 720, ,PIA,0,Paris-Orly A...,, ,H2
19711204-0,04-DEC-1971,DC-9-31,N8943E,Eastern Air Lines,0,Raleigh/Durh...,, ,A2
19711204-1,04-DEC-1971,Lockheed LC-130F Hercules,148321,US Navy,0,D-59 Station,,,A2
19711205-0,05-DEC-1971,DHC-6 Twin Otter 300,13808,Canadian Armed Forces,0,Islamabad-Ch...,, ,O1
19711205-1,05-DEC-1971,DHC-6 Twin Otter 300,AP-AWH,PIA,0,Dhaka-Tejgao...,, ,O1
19711205-2,05-DEC-1971,Nord 262A-25,F-BNMO,Rousseau Aviation,2,near Lannion-Serv...,, ,A1
19711205-3,05-DEC-1971,Lockheed P-3A Orion,152151,US Navy,1,near Luzon Island...,, ,A1
19711206-0,06-DEC-1971,Fokker F-27 Friendship 200,ST-AAY,Sudan Airways,10,Kapoeta,, ,A1
19711206-1,06-DEC-1971,Antonov An-12, ,Soviet AF,,near Melitopol,, ,A1
19711208-0,08-DEC-1971,Antonov An-2,CCCP-98292,Aeroflot / North Kavkaz,1,near Damanka,, ,A1
19711209-0,09-DEC-1971,HAL-748,VT-DXG,Indian Airlines,21,near Cumbum,, ,A1
19711209-1,09-DEC-1971,Antonov An-2,CCCP-33164,Aeroflot / Uzbekistan,0,within Tashkent Region,, ,A1
19711210-0,10-DEC-1971,Douglas C-47B (DC-3),A65-111,RAAF,,Laverton Air...,, ,O1
19711212-0,12-DEC-1971,BAC One-Eleven 412EB,AN-BBI,LANICA,1,San José,, ,H2
19711212-1,12-DEC-1971,Fokker F-27 Friendship 200,AP-ALX,PIA,4,near Iranian...,,,A1
19711212-2,12-DEC-1971,Grumman C-2A Greyhound,152793,US Navy,10,near Cubi Point N...,, ,A1
19711212-3,12-DEC-1971,Antonov An-2,CCCP-55567,Aeroflot / Northern,2,Farikha Airs...,, ,A1
19711215-0,15-DEC-1971,Boeing 707-340C,AP-AVZ,PIA,0,Urumqi Airpo...,, ,A1
19711216-0,16-DEC-1971,Fairchild F-27M,CP-862,LAB,2,Cochabamba,, ,H2
19711216-1,16-DEC-1971,Convair CV-440-11,YU-ADV,Pan Adria Airlines,0,Trieste-Ronc...,, ,A1
19711217-0,17-DEC-1971,Douglas C-47B (DC-3),BJ622,Indian AF,5,Machuka,, ,A1
19711217-1,17-DEC-1971,Douglas C-47 (DC-3),HJ244,Indian AF,,Machuka,, ,U1
19711217-2,17-DEC-1971,HAL-748,VT-DXO,Indian Airlines,0,Trivandrum A...,, ,A2
19711219-0,19-DEC-1971,C-7A Caribou (DHC-4),62-4173,USAF,0,near San Francisc...,,,A1
19711219-1,19-DEC-1971,Douglas C-54A (DC-4),LV-JPG,Aero Palas,6,Cerro Huayca,, ,A1
19711221-0,21-DEC-1971,BN-2 Islander,N589JA,Vieques Air Link,0,near Culebra Airp...,, ,A1
19711221-1,21-DEC-1971,Douglas DC-3,XW-TFC,Lao Airlines,2,Ban Boum,, ,A1
19711221-2,21-DEC-1971,Ilyushin Il-18V,LZ-BES,Balkan Bulgarian,28,near Sofia-Vrazhd...,, ,A1
19711222-0,22-DEC-1971,BN-2A-6 Islander,N42JA,North Cay Airways,0,Dajabon,, ,H2
19711223-0,23-DEC-1971,Ilyushin Il-18D,HA-MOI,Malev,0,near Damascus Int...,, ,A2
19711224-0,24-DEC-1971,Lockheed L-188A Electra,OB-R-941,LANSA,91,Puerto Inca,,,A1
19711224-1,24-DEC-1971,Boeing 707, ,Northwest Orient Airlines,0,Chicago-O'Ha...,, ,H2
19711224-2,24-DEC-1971,Fairchild C-123K Provider,613,Air America,0,Long Tieng A...,, ,A1
19711226-0,26-DEC-1971,DC-9-32, ,Air Canada,0,Havana-José ...,, ,H2
19711226-1,26-DEC-1971,Boeing 707, ,American Airlines,0,San Francisc...,, ,H2
19711226-2,26-DEC-1971,DC-9-32,HB-IFR,Swissair,0,Wien-Schwech...,, ,A2
19711227-0,27-DEC-1971,Fairchild C-123K Provider,293,Air America,4,near Luang Prabang,, ,C1
19711228-1,28-DEC-1971,Vickers 708 Viscount,F-BOEA,Air Inter,0,Clermont-Fer...,,,A1
19711229-0,29-DEC-1971,Antonov An-2V,CCCP-50573,Aeroflot / Tyumen,0,Khanty-Mansisk,, ,A1
19711230-0,30-DEC-1971,Ilyushin Il-14M,CCCP-91570,Aeroflot / Magadan,,Baranikha,, ,A1
19711230-1,30-DEC-1971,Antonov An-2,CCCP-98348,Aeroflot / Krasnoyarsk,0,near Baikit,, ,A1
19711230-2,30-DEC-1971,Douglas C-47 (DC-3), ,Dominican Air Force,7,Central Domi...,, ,A1
19719999-0,??-???-1971,Curtiss C-46D,LV-GXB,Aerovías Halcón,,Buenos Aires...,, ,O1
19719999-1,??-???-1971,Lockheed L-1049H Super Constellatio,N45515,Unum,0,Kingman Airp...,,,O1

19710102-0,02-JAN-1971,DH-106 Comet 4C,SU-ALC,UAA,16,near Tripoli Inte...,,,A1
19710103-0,03-JAN-1971,DC-8, ,National Airlines,0,Havana-José ...,, ,H2
19710104-1,04-JAN-1971,Douglas C-47A (DC-3),N7,FAA,0,New York-La ...,, ,A1
19710104-2,04-JAN-1971,SE-210 Caravelle III,F-BNKI,Air Inter,0,Paris-Orly A...,, ,O1
19710107-0,07-JAN-1971,Antonov An-2M,VT-DZB,Khemka Aviation,0,near Patna,, ,A1
19710109-0,09-JAN-1971,Boeing 707-323C,N7595A,American Airlines,0,"Edison, NJ",,,A2
19710110-0,10-JAN-1971,Scottish Aviation Twin Pioneer 3,G-ARBA,Iraq Petroleum Transport Comp.,,near Basra,, ,U1
19710112-0,12-JAN-1971,Beech 99A,N12RA,Rio Airways,0,"Killeen, TX",, ,A1
19710113-0,13-JAN-1971,C-7B Caribou (DHC-4),62-12584,USAF,0,Dalat,, ,A1
19710115-0,15-JAN-1971,Lockheed P2V-7 Neptune,147564,French Navy,6,near Ploemeur,, ,A1
19710118-0,18-JAN-1971,Ilyushin Il-18D,LZ-BED,Balkan Bulgarian,45,near Zürich-Klote...,,,A1
19710119-0,19-JAN-1971,Hawker Siddeley HS-121 Trident 3B,G-AWZA,BEA,0,Bedford-Thur...,, ,A2
19710119-1,19-JAN-1971,DH-106 Comet 3B,XP915,RAE,0,Bedford-Thur...,, ,A2
19710120-0,20-JAN-1971,Curtiss C-46D,FAP-331 ?,Peruvian AF,35,near Palca,, ,A1
19710121-1,21-JAN-1971,Nord 262A-34,44/F-RBOA,French AF,21,near Mézilhac,, ,A1
19710121-2,21-JAN-1971,Rockwell 1121 Jet Commander,N400CP,Cousin Properties,5,Lake Champla...,, ,A1
19710121-3,21-JAN-1971,Ilyushin Il-18B,CCCP-75727,Gos. NII GVF,,Rostov Airpo...,, ,A1
19710121-4,21-JAN-1971,Douglas C-47 (DC-3),FAC-653,Colombian AF,7,near Floridablanca,, ,A1
19710122-0,22-JAN-1971,Antonov An-12B,CCCP-11000,Aeroflot / Komi,13,near Surgut Airpo...,, ,A1
19710122-1,22-JAN-1971,Hawker Siddeley HS-748,9G-ABW,Ghana Airways,0,Accra-Kotoka...,, ,A1
19710122-2,22-JAN-1971,SE-210 Caravelle III,XU-JTA,Air Cambodge,0,Phnom Penh-P...,, ,O1
19710122-3,22-JAN-1971,Boeing 727, ,Northwest Orient Airlines,0,Havana-José ...,, ,H2
19710122-4,22-JAN-1971,Douglas DC-3, ,Ethiopian Airlines,0,Benghazi,, ,H2
19710122-5,22-JAN-1971,Shorts SC.7 Skyvan 3M-400,T-701,Indonesian AF,8,near Biak,, ,A1
19710123-0,23-JAN-1971,Boeing 707-437,VT-DJI,Air-India,0,Bombay-Santa...,, ,A1
19710123-1,23-JAN-1971,Fokker F-27 Friendship 500,HL5212,KAL,2,near Sokcho,, ,H1
19710125-0,25-JAN-1971,Vickers 749 Viscount,YV-C-AMV,LAV,13,Paramo Los C...,, ,A1
19710126-0,26-JAN-1971,Lockheed L-1049 Super Constellation, ,Aerovias Quisqueyana,0,Cabo Rojo Ai...,, ,H2
19710126-2,26-JAN-1971,Douglas C-47A (DC-3),43-15975,USAF,,,, ,A1
19710129-0,29-JAN-1971,DC-8-63,CF-CPQ,Canadian Pacific,0,Sydney-Kings...,,,A2
19710129-1,29-JAN-1971,Boeing 727-76,VH-TJA,TAA,0,Sydney-Kings...,,,A2
19710131-0,31-JAN-1971,Antonov An-12B,CCCP-12996,Aeroflot / Tyumen,7,near Surgut,, ,A1
19710202-0,02-FEB-1971,Fokker F-27 Friendship 100,VT-DMA,Indian Airlines,0,Lahore Airpo...,, ,H1
19710204-0,04-FEB-1971,DC-9, ,Delta Air Lines,0,Havana-José ...,, ,H2
19710207-0,07-FEB-1971,Ilyushin Il-14M,CCCP-91535,Aeroflot / Arkhangelsk,,Kirovsk Airp...,, ,A1
19710210-0,10-FEB-1971,Curtiss C-46D,N10012,Reeve Aleutian Airways,0,Nondalton Ai...,, ,A1
19710210-1,10-FEB-1971,Fairchild UC-123K Provider,56-4373,USAF,5,near Phan Rang (PHA),,,A1
19710214-0,14-FEB-1971,Douglas C-47 (DC-3),N14273,Patterson McCarthy Leasing,0,"near Shawnee, OK",, ,A1
19710214-1,14-FEB-1971,Douglas C-47B (DC-3),N55L,Continental Air Services,,Phnom Penh,, ,A1
19710215-0,15-FEB-1971,Lockheed LC-130F Hercules,148318,US Navy,0,McMurdo-Will...,, ,A1
19710216-1,16-FEB-1971,Antonov An-12TB,CCCP-11374,Aeroflot / Komi,0,Vorkuta Airp...,, ,A1
19710217-0,17-FEB-1971,DC-9-15,N92S,Southern Airways,0,Gulfport Mun...,, ,A2
19710217-1,17-FEB-1971,Curtiss C-46A,TAM-60,TAM,12,Cunatincuta ...,, ,A1
19710219-0,19-FEB-1971,Douglas C-54B (DC-4),FAC-692,Colombian AF,6,Barrancaberm...,, ,A1
19710219-1,19-FEB-1971,Douglas C-47B (DC-3),N99H,private,0,"Houston, TX",, ,A1
19710221-0,21-FEB-1971,Lockheed C-130B Hercules,61-2642,USAF,0,Da Nang Airp...,, ,O1
19710222-0,22-FEB-1971,CASA 352 (Ju-52),T.2B-157,Spanish AF,,,, ,U1
19710225-0,25-FEB-1971,Douglas DC-3-294,LV-JTC,Automobil Club Argentino,,Tucumán Airp...,, ,U1
19710225-1,25-FEB-1971,Boeing 737-200, ,Western Air Lines,0,Vancouver In...,, ,H2
19710227-0,27-FEB-1971,Boeing S.307B-1 Stratoliner,XW-PGR,Royal Air Lao,0,Luang Praban...,, ,A1
19710228-0,28-FEB-1971,Douglas C-54A (DC-4),TT-DAA,Air Afrique,0,near Fort-Archamb...,, ,A1
19710302-0,02-MAR-1971,Curtiss C-46D,CP-908,Aerovias Las Minas,0,Santiago,, ,U1
19710302-1,02-MAR-1971,Douglas C-47A (DC-3),HC-ALC,TAO,0,,, ,A1
19710308-0,08-MAR-1971,Boeing 727, ,National Airlines,0,"Miami, FL",, ,H2
19710311-0,11-MAR-1971,Douglas C-47A (DC-3),N25,FAA,0,Lubbock Airp...,, ,A1
19710318-1,18-MAR-1971,ATL-98 Carvair,G-APNH,BAF,0,Le Touquet A...,, ,A1
19710319-0,19-MAR-1971,Fairchild C-123K Provider,54-650,USAF,0,Thein Ngon,, ,A1
19710319-1,19-MAR-1971,DC-8-53,PH-DCM,KLM,0,Paramaribo-Z...,, ,H2
19710323-0,23-MAR-1971,Aérospatiale SN.600 Corvette,F-WRSN,Aérospatiale,3,Istres,, ,A1
19710326-0,26-MAR-1971,Douglas C-47A (DC-3),VT-ATT,Jamair,15,near Hashimara,, ,A1
19710326-1,26-MAR-1971,Douglas C-47B (DC-3),N49319,Vanderpool Flying Service,0,Red Devil Ai...,, ,A1
19710326-2,26-MAR-1971,Fokker F-27 Friendship 200,VH-FNE,Ansett,0,Melbourne-Es...,, ,O1
19710330-0,30-MAR-1971,BAC One-Eleven, ,Philippine Air Lines,0,Guangzhou,, ,H2
19710331-0,31-MAR-1971,Antonov An-24,CCCP-46747,Aeroflot / Moscow,,near Moskva,, ,A1
19710331-1,31-MAR-1971,Boeing 720-047B,N3166,Western Air Lines,5,Ontario Inte...,, ,A1
19710331-2,31-MAR-1971,DC-8, ,Eastern Air Lines,0,Havana-José ...,, ,H2
19710331-3,31-MAR-1971,Antonov An-10,CCCP-11145,Aeroflot / Privolzhsk,65,near Voroshilovgr...,, ,A1
19710399-0,??-MAR-1971,Douglas DC-6,TG-ABA,Aviateca,,,, ,U1
19710401-0,01-APR-1971,NAMC YS-11-102,PK-MYN,Merpati Nusantara,0,Jakarta-Kema...,, ,A1
19710404-0,04-APR-1971,Fokker F-27 Friendship 200,5N-AAX,Nigeria Airways,0,Jos Airport ...,,,A1
19710405-0,05-APR-1971,Douglas C-47A (DC-3),N57372,Vinair,0,Beef Island ...,, ,A1
19710406-0,06-APR-1971,Douglas R4D-6 (DC-3),5Y-DCA,Kenya CAA,,Nairobi Inte...,, ,A1
19710408-0,08-APR-1971,Antonov An-2,LZ-...,Unknown,1,within Bulgaria,, ,A1
19710411-0,11-APR-1971,Antonov An-2R,CCCP-25588,Aeroflot / Turkmenistan,0,near Tedzhen,, ,A1
19710415-1,15-APR-1971,Douglas C-47A (DC-3),293246,Philippine AF,40,near Floridablanc...,, ,A1
19710417-0,17-APR-1971,Learjet 24D,N123CB,F & S Contracting,4,"near Butte, MT",, ,A1
19710421-0,21-APR-1971,DC-8, ,Eastern Air Lines,0,,, ,H2
19710424-0,24-APR-1971,Lockheed 18 Lodestar,ZK-CGV,Airland (NZ),0,near Napier-Hawke...,, ,A1
19710425-0,25-APR-1971,Boeing 727-59,HK-1337,Avianca,0,Medellín-Enr...,, ,H2
19710425-2,25-APR-1971,Douglas C-47A (DC-3),43-15555,USAF,5,Cheyenne Air...,, ,A1
19710428-0,28-APR-1971,Douglas C-118 (DC-6B),2414,Brazilian AF,16,Manaus/Ponta...,, ,A1
19710429-0,29-APR-1971,Boeing 720, ,Avianca,0,Panama City-...,, ,H2
19710429-1,29-APR-1971,Antonov An-2R,CCCP-42696,Aeroflot / Ukraine,0,near Chernivtsi,, ,A1
19710502-0,02-MAY-1971,DHC-3 Otter,3689,Canadian Armed Forces,1,near Gagetown CFB...,, ,A1
19710504-0,04-MAY-1971,Douglas C-47 (DC-3),TAM-22,TAM,0,near La Paz-El Al...,, ,A1
19710506-0,06-MAY-1971,Carstedt Jet Liner 600A,N4922V,Apache Airlines,12,"near Coolidge, AZ",,,A1
19710507-0,07-MAY-1971,Douglas C-47A (DC-3),HS-TDE,Thai Airways,0,Mae Hong Son...,, ,A1
19710508-0,08-MAY-1971,Douglas DC-4-1009,HK-173,Avianca,0,Maracaibo-La...,, ,H2
19710511-0,11-MAY-1971,Curtiss C-46A,TG-ACA,Aviateca,5,near Guatemala Ci...,, ,A1
19710513-0,13-MAY-1971,NAMC YS-11, ,All Nippon,0,Tokyo,, ,H2
19710513-1,13-MAY-1971,Douglas C-47A (DC-3),CF-BZI,Northwest Territorial Airways,0,Somerset Isl...,,,A1
19710514-0,14-MAY-1971,Convair CV-240-14,N1015G,U.S. Dept of Interior,0,"Buhl, ID",, ,A1
19710517-0,17-MAY-1971,DC-9, ,SAS,0,Malmö,, ,H2
19710523-0,23-MAY-1971,Tupolev Tu-134A,YU-AHZ,Aviogenex,78,Rijeka Airpo...,,,A1
19710524-0,24-MAY-1971,Antonov An-2T,CCCP-02171,Aeroflot / Uralsk,0,near Kirov,, ,A1
19710524-2,24-MAY-1971,Grumman SA-16A Albatross (HU-16),AD.1-3,Spanish AF,0,near Braganza,, ,A1
19710525-0,25-MAY-1971,Antonov An-12B,CCCP-11024,Aeroflot / Yakutsk,,Batagay Airport,, ,A1
19710525-1,25-MAY-1971,Curtiss C-46F,CC-CAZ,ALFA,4,near Santiago-Los...,, ,A1
19710526-0,26-MAY-1971,Hawker Siddeley HS-125-400B,01,South African AF,3,Devil's Peak,, ,A1
19710526-1,26-MAY-1971,Hawker Siddeley HS-125-400B,02,South African AF,4,Devil's Peak,, ,A1
