identifiant,date,type,registration,operator,fat.,location, ,pic,cat

19560720-1,20-JUL-1956,Douglas R4D-1 (DC-3),17123,US Navy,,"Quantico, VA ?",, ,A1
19560720-2,20-JUL-1956,Antonov An-2,CCCP-L5554,Aeroflot / East Siberia,4,near Batagay,, ,A1
19560727-0,27-JUL-1956,Convair CV-340-68B,HZ-ABA,Saudi Arabian,0,near Deir-ez-Zor,, ,A2
19560802-0,02-AUG-1956,Vickers Valetta C.1,VW812,RAF,0,Al Mahfid Ai...,, ,A1
19560805-0,05-AUG-1956,Handley Page HP.81 Hermes IVA,G-ALDK,Britavia,0,Karachi-Drig...,, ,A1
19560808-0,08-AUG-1956,Douglas C-47B (DC-3),XY-ADC,Union of Burma Airways,11,near Thazi,, ,A1
19560808-1,08-AUG-1956,Fairchild C-82A Packet,N4832V,Sky Spray,5,Boca Raton P...,, ,A1
19560809-0,09-AUG-1956,Douglas C-47A (DC-3),HK-308,Avianca,,,, ,A1
19560816-0,16-AUG-1956,Douglas C-124A Globemaster II,51-0156,USAF,1,near San Salvador...,,,A1
19560816-2,16-AUG-1956,Douglas C-47A (DC-3),43-15593,USAF,,unknown,, ,A1
19560820-0,20-AUG-1956,Antonov An-2,CCCP-L3488,Aeroflot / Magadan,3,near Gizhiga,, ,A1
19560821-0,21-AUG-1956,Douglas C-124C Globemaster II,52-1005,USAF,3,Palm Beach A...,, ,A1
19560823-0,23-AUG-1956,Consolidated PBY-5A Catalina,CF-GBQ,Maritime Central Airways,0,Brevoort Isl...,, ,A1
19560825-0,25-AUG-1956,Douglas C-47D (DC-3),CP-605,LAB,2,near La Paz-El Al...,, ,A1
19560825-2,25-AUG-1956,Douglas C-47A (DC-3),42-93195,US Navy,,unknown,, ,A1
19560827-0,27-AUG-1956,DHC-3 Otter,F-BHEJ,Aigle Azur Extrême Orient,0,Vientiane,, ,A1
19560829-0,29-AUG-1956,Douglas DC-6B,CF-CUP,Canadian Pacific,15,"Cold Bay, AK",,,A1
19560903-0,03-SEP-1956,Consolidated 28-5MC Canso A,B-1401,Foshing Airlines,0,Taipei,, ,O1
19560903-1,03-SEP-1956,Consolidated PBY-5A Catalina,B-201,Unknown,0,Taipei,, ,O1
19560905-0,05-SEP-1956,Vickers Valetta C.1,WD165,RAF,0,near Car Nicobar ...,, ,A1
19560906-0,06-SEP-1956,Douglas C-47A (DC-3),PP-ANK,Loide Aéreo Nacional,0,Belo Horizon...,, ,A1
19560908-0,08-SEP-1956,Ilyushin Il-12,CCCP-N525,Polyarnaya Aviatsiya,0,Dikson Airpo...,, ,A1
19560909-0,09-SEP-1956,Curtiss C-46A,JY-ABV,Jordan Int. Airlines,1,near Amman-Marka ...,, ,A1
19560909-1,09-SEP-1956,Curtiss C-46F, ,Westair Transport,1,Kotzebue Air...,, ,A2
19560909-2,09-SEP-1956,Douglas DC-3A-453,NC33315,Continental Air Lines,0,Bartlesville...,, ,A2
19560911-0,11-SEP-1956,Short S.25 Sandringham 3,CX-AFA,CAUSA,,,, ,U1
19560911-1,11-SEP-1956,Lisunov Li-2,CCCP-N584,"GUSMP, Directorate of Polar Aviation",4,near Cherepovets ...,, ,A1
19560913-1,13-SEP-1956,Avro 685 York C.1,CF-HFQ,TransAir,0,Hall Beach A...,,,A1
19560913-2,13-SEP-1956,Douglas C-47D (DC-3),44-77285,USAF,0,near Fürstenfeldb...,, ,A1
19560916-0,16-SEP-1956,Antonov An-2,CCCP-A2582,Aeroflot / East Siberia,1,Syuldyukar,, ,A1
19560917-0,17-SEP-1956,Avro 685 York C.1,EP-ADB,Persian Air Services,,London-Stans...,, ,O1
19560917-1,17-SEP-1956,Lockheed WV-3 Super Constellation,137893,US Navy,0,near Guam,,,A1
19560923-0,23-SEP-1956,Curtiss C-46D,CF-IHR,World Wide Airways,0,DEW Line Sit...,,,A1
19560924-0,24-SEP-1956,Douglas VC-47A (DC-3),43-48146,USAF,12,"Mount Yale, CO",, ,A1
19560924-1,24-SEP-1956,Lockheed P2V Neptune, ,US Navy,2,Campofelice ...,, ,A1
19560926-0,26-SEP-1956,Shorts S.45 Solent 3,G-ANAJ,Aquila Airways,0,Santa Marghe...,, ,O1
19560926-1,26-SEP-1956,Avro 685 York C.1,CF-HMW,Maritime Central Airways,2,"near Kuujjuaq, QC",,,A1
19560926-2,26-SEP-1956,Douglas C-47D (DC-3),43-49550,USAF,,unknown,, ,A1
19560929-1,29-SEP-1956,SNCASE SE.161 Languedoc,EC-AKV,Aviaco,0+ 1,near Tenerife-Los...,, ,A1
19560999-0,??-SEP-1956,Curtiss C-46A,HI-36,Dominicana,,,, ,A1
19561001-1,01-OCT-1956,Vickers 739 Viscount,SU-AIC,Misrair,,Cairo-Almaza...,, ,C1
19561003-0,03-OCT-1956,Douglas C-124C Globemaster II,53-0033,USAF,3,near Charleston A...,, ,A1
19561005-0,05-OCT-1956,Vickers 610 Viking 1B,VP-YMO,Central African Airways,2,near Salisbury Ai...,, ,A1
19561010-0,10-OCT-1956,Douglas R6D-1 (DC-6),131588,US Navy,59,"near Land's End, UK",, ,A1
19561010-1,10-OCT-1956,Lockheed Neptune MR.1,WX545,RAF,9,near Mull of Kint...,, ,A1
19561013-0,13-OCT-1956,Lisunov Li-2,HA-LID,Malev,1,Szombathely,, ,H2
19561014-0,14-OCT-1956,Junkers Ju-52/3m,LV-ZIF,Argentine Ministry of Agriculture,0,"near Rauch, BA",, ,A1
19561014-1,14-OCT-1956,Junkers Ju-52/3m,T.2B-99,Spanish AF,8,San Nicolas ...,, ,A1
19561016-0,16-OCT-1956,Boeing 377 Stratocruiser,N90943,Pan Am,0,near San Francisc...,,,A1
19561018-0,18-OCT-1956,Douglas C-47D (DC-3),43-49511,USAF,,,, ,A1
19561018-1,18-OCT-1956,Lockheed P2V-2N Neptune,122465,US Navy,4,McMurdo Station,, ,A1
19561019-0,19-OCT-1956,Douglas DC-3,VT-DGK,Indian Airlines,3,Agartala,, ,A1
19561020-0,20-OCT-1956,Lockheed 18 Lodestar,N33368,National Airlines,,Tallahassee ...,, ,A1
19561026-0,26-OCT-1956,Douglas C-47B (DC-3),A65-75,RAAF,0,"Daly Waters, NT",,,A1
19561026-1,26-OCT-1956,Fairchild C-119G Flying Boxcar,51-8026,USAF,4,"near Newburg, PA",, ,A1
19561028-0,28-OCT-1956,Ilyushin Il-14,1101,Egyptian AF,16,Mediterranea...,, ,C1
19561030-0,30-OCT-1956,Short Sunderland MR.5,EJ153,RAF,0,Castle Archdale,, ,A1
19561030-1,30-OCT-1956,Hurel-Dubois HD.321,F-BHHA,SGACC,1,near Rio de Janei...,, ,A1
19561101-0,01-NOV-1956,Bristol 170 Freighter 31M,S4413,Pakistan AF,,,, ,U1
19561101-2,01-NOV-1956,Short Sunderland GR.5,1715,South African AF,2,Lake Mzingazi,, ,A1
19561102-0,02-NOV-1956,Fiat G.212CP,SU-AFF,SAIDE,,Suez,, ,C1
19561102-1,02-NOV-1956,Lisunov Li-2,CCCP-L4872,Aeroflot / West Siberia,2,near Sverdlovsk-K...,, ,A1
19561103-0,03-NOV-1956,Curtiss C-46D,CC-CAH-331,ALA,0,near San Miguel Bay,, ,A1
19561105-0,05-NOV-1956,Handley Page HP.81 Hermes IVA,G-ALDJ,Britavia,7,near Blackbushe A...,, ,A1
19561107-0,07-NOV-1956,DH-114 Heron 2B,LN-SUR,Braathens,2,Hummelfjell ...,, ,A1
19561109-0,09-NOV-1956,Martin P5M-1 Marlin,127705,US Navy,10,near Bermuda,, ,A1
19561110-0,10-NOV-1956,Curtiss C-46,362,Republic of China AF,,unknown,, ,U1
19561115-0,15-NOV-1956,Martin 4-0-4,N40404,TWA,0,Las Vegas-Mc...,, ,A1
19561115-1,15-NOV-1956,Douglas C-54A (DC-4),XA-HEG,Guest Aerovias Mexico,25,near Puerto Somoza,, ,A1
19561117-1,17-NOV-1956,Douglas C-49G-DO (DC-3),HK-385,ARPA,36,Cerro El Rucio,, ,A1
19561118-0,18-NOV-1956,Ilyushin Il-14,CCCP-L5658,Aeroflot / East Siberia,1,near Irkutsk Airp...,, ,A1
19561123-0,23-NOV-1956,Vickers Valetta C.1,VX525,RAF,7,Cameron High...,, ,A1
19561124-0,24-NOV-1956,Ilyushin Il-12B,OK-DBP,CSA,23,Eglisau,, ,A1
19561124-1,24-NOV-1956,Douglas DC-6B,I-LEAD,LAI,34,near Paris-Orly A...,, ,A1
19561127-0,27-NOV-1956,Lockheed L-749-79 Constellation,YV-C-AMA,LAV,25,near Caracas Airp...,, ,A1
19561127-1,27-NOV-1956,Lockheed Neptune MR.1,WX546,RAF,0,Topcliffe RA...,, ,A1
19561128-0,28-NOV-1956,Douglas C-124C Globemaster II,52-1015,USAF,0,McMurdo Stat...,, ,A1
19561128-1,28-NOV-1956,Vickers Valetta C.1,VW183,RAF,0,Aden-Khormak...,, ,A1
19561207-0,07-DEC-1956,Avro Shackleton MR.3,WR970,Avro,4,near Foolow,, ,A1
19561208-0,08-DEC-1956,PB2B-1 Canso A (PBY-5A),HK-133,Agencia Interamericana,14,near Bogotá,,,A1
19561209-0,09-DEC-1956,Lisunov Li-2,CCCP-L5033,Aeroflot / Far East,12,near Anadyr,, ,A1
19561209-1,09-DEC-1956,Canadair DC-4M2 North Star,CF-TFD,TCAL,62,Mount Slesse...,, ,A1
19561210-1,10-DEC-1956,Bristol 170 Freighter 31M,NZ5901,New Zealand AF,8,near Cameron High...,, ,A1
19561212-0,12-DEC-1956,Curtiss C-46F,N1662M,Aerovias Sud Americana,0,near Panama [Gulf...,, ,A1
19561212-1,12-DEC-1956,Vickers 708 Viscount,F-BGNK,Air France,5,near Dannemois,, ,A1
19561212-2,12-DEC-1956,Lockheed 18 Lodestar,N28366,Phillips Petroleum Company,8,near Bartlesville...,, ,A1
19561213-0,13-DEC-1956,Vickers 610 Viking 1B,VK-500,Jordanian AF,4,Tourous Moun...,,,A1
19561215-0,15-DEC-1956,DHC-3 Otter,3684,RCAF,,"Goose Bay, NL",, ,A1
19561216-0,16-DEC-1956,Curtiss C-46A,N2028A,Zantop,0,"Long Beach, CA",, ,A1
19561219-0,19-DEC-1956,Vickers Valetta C.1,VW840,RAF,0,Hargeisa Air...,, ,A1
19561220-0,20-DEC-1956,Lockheed 18 Lodestar,N1245V,United States Steel Corp.,3,"near Tyrone, PA",, ,A1
19561222-0,22-DEC-1956,Convair CV-340-58,YU-ADA,JAT,3,near München-Riem...,, ,A1
19561222-1,22-DEC-1956,Douglas C-47 (DC-3),I-LINC,LAI,21,Monte Giner,, ,A1
19561225-0,25-DEC-1956,Convair CV-240-5,AP-AHO,PIA,0,near Bombay-Santa...,,,A2
19561227-0,27-DEC-1956,PBV-1A Canso (PBY-5A),CF-FAR,Austin Airways,0,near Timmins Airp...,, ,A1
19561227-1,27-DEC-1956,Howard Super Ventura,N345,Youngstown Sheet & Tube Co.,3,"near Nashua, PA",, ,A1
19561230-0,30-DEC-1956,Lockheed C-121C Super Constellation,54-0165,USAF,12,near Dhahran Inte...,, ,A1
19569999-0,??-???-1956,Douglas C-54A (DC-4),0283/CTA-4,Argentine Navy,,Comodoro Riv...,, ,U1
19569999-2,??-???-1956,Junkers Ju-52/3mge,6308,Portuguese AF,0,Tancos Air Base,, ,U1

19560109-0,09-JAN-1956,Handley Page Marathon T.2,XA254,RAF,0,Thorney Isla...,, ,A1
19560111-0,11-JAN-1956,Nord 2501 Noratlas,71,French AF,6,near Blida,, ,A1
19560112-0,12-JAN-1956,Douglas C-47 (DC-3),VH-BZA,Ansett-ANA,1,Frederick He...,,,A1
19560113-0,13-JAN-1956,Lockheed Neptune MR.1,WX547,RAF,0,Malta-Luqa A...,, ,A1
19560117-0,17-JAN-1956,Douglas C-47B (DC-3),CF-GVZ,Quebecair,4,"Oreway, QC",,,A1
19560118-0,18-JAN-1956,Douglas C-47A (DC-3),OK-WDZ,CSA,22,near Toryska,, ,A1
19560120-0,20-JAN-1956,Vickers 701 Viscount,G-AMOM,BEA,0,Blackbushe A...,, ,A1
19560122-1,22-JAN-1956,Douglas C-47A (DC-3),HK-303,Avianca,,,, ,U1
19560124-0,24-JAN-1956,Avro 685 York C.1,CF-HMU,Maritime Central Airways,0,Kuujjuaq Air...,, ,A1
19560124-1,24-JAN-1956,Douglas C-47A (DC-3),F-BAXT,Air France,0,Nantes-Chate...,, ,A1
19560125-0,25-JAN-1956,Nord 2501 Noratlas,48,French AF,3,Blida,, ,A1
19560125-1,25-JAN-1956,Nord 2501 Noratlas,70,French AF,3,Blida,, ,A1
19560126-0,26-JAN-1956,Spartan Ventura,N2000C,Cities Service Co.,3,"near Smithtown, NY",, ,A1
19560128-0,28-JAN-1956,Douglas C-47 (DC-3),F-BCYK,Air France,3,near Lyon-Bron Ai...,,,A1
19560202-0,02-FEB-1956,CASA 352 (Ju-52),T.2B-215,Spanish AF,7,near Zaragoza,, ,A1
19560203-0,03-FEB-1956,UC-1 Otter (DHC-3),144260,US Navy,0,Edward VII P...,, ,A1
19560204-0,04-FEB-1956,Fairchild R4Q-2 Flying Boxcar (C-11,131703,USMC,2,near Fort Lauderd...,, ,A1
19560208-0,08-FEB-1956,Grumman SA-16A Albatross,51-010,USAF,,,, ,A1
19560208-2,08-FEB-1956,Lockheed P2V-2 Neptune,122466,US Navy,0,Northern Ven...,, ,A1
19560209-0,09-FEB-1956,Douglas SC-47D,43-16411,USAF,1,Cheyenne Air...,, ,A2
19560210-0,10-FEB-1956,UC-1 Otter (DHC-3),144259,US Navy,0,Little Ameri...,, ,O1
19560212-0,12-FEB-1956,Fairchild C-119C Flying Boxcar,51-2653,USAF,0,Châteauroux-...,, ,A1
19560212-1,12-FEB-1956,Douglas Dakota IV (DC-3),KJ989,Hellenic AF,17,Mount Dirphys,, ,A1
19560213-0,13-FEB-1956,Bristol 170 Freighter 31,CF-FZU,Maritime Central Airways,3,near Frobisher Ba...,, ,A1
19560214-0,14-FEB-1956,Douglas C-47 (DC-3),CF-BZH,Dorval Air Transport,2,"near Fort Chimo, QC",, ,A1
19560214-1,14-FEB-1956,U-1A Otter (DHC-3),55-3252,US Army,4,"Toronto, ON",, ,A1
19560216-0,16-FEB-1956,Douglas DC-3,HZ-AAO,Saudi Arabian,0,Najran,, ,A1
19560217-0,17-FEB-1956,Douglas R5D-2 (DC-4),39116,US Navy,40,"near Niles, CA",, ,A1
19560217-1,17-FEB-1956,Martin 4-0-4,N445A,Eastern Air Lines,0,"near Owensboro, KY",, ,A1
19560217-2,17-FEB-1956,Vickers Valetta C.1,VX483,RAF,0,Saigon-Tan S...,, ,A1
19560218-0,18-FEB-1956,Avro 685 York C.1,G-ANSY,Scottish Airlines,50,near Malta-Luqa A...,, ,A1
19560218-1,18-FEB-1956,Douglas C-47B (DC-3),G-AMSL,Kuwait National Airways,,Dukham,, ,U1
19560220-0,20-FEB-1956,Douglas DC-6B,F-BGOD,TAI,52,near Cairo Intern...,, ,A1
19560220-1,20-FEB-1956,Vickers 744 Viscount,N7404,Capital Airlines,0,Chicago-Midw...,,,A1
19560224-0,24-FEB-1956,Douglas C-47B (DC-3),YK-AAE,Syrian Airways,19,near Aleppo,, ,A1
19560224-1,24-FEB-1956,Douglas C-47A (DC-3),43-15130,USAF,6,near Rascafria,, ,A1
19560225-0,25-FEB-1956,Douglas C-47B (DC-3),AP-ACZ,PIA,3,Lash Golath Mt.,, ,A1
19560229-0,29-FEB-1956,Douglas C-54A (DC-4),0277/CTA-5,Argentine Navy,,Ushuaia-Coma...,,,A1
19560302-0,02-MAR-1956,Vickers Valetta C.1,VW861,RAF,7,Cameron High...,, ,A1
19560302-1,02-MAR-1956,Douglas C-124C Globemaster II,53-0021,USAF,17,near Iceland,, ,A1
19560304-0,04-MAR-1956,Handley Page HP.81 Hermes IV,G-ALDW,Skyways,0,Nicosia Airp...,,,C1
19560305-0,05-MAR-1956,Douglas C-47D (DC-3),44-77094,USAF,0,Mount Fuji,, ,A1
19560312-0,12-MAR-1956,Grumman SA-16A Albatross,49-069,USAF,6,near Argentia NAS...,, ,A1
19560316-0,16-MAR-1956,Vickers Varsity T.1,WF388,RAF,0,Thorney Isla...,, ,A1
19560317-0,17-MAR-1956,Douglas C-47 (DC-3), ,French AF,8,Gao Airport ...,, ,A1
19560318-0,18-MAR-1956,Curtiss C-46F,N9995F,Flying Tiger Line,0,"Pelly Bay, NU",, ,A1
19560318-1,18-MAR-1956,DHC-3 Otter,3687,RCAF,,Knob Lake,, ,A1
19560319-0,19-MAR-1956,Canadair C-54GM North Star,17513,RCAF,0,Montreal-Dor...,, ,O1
19560319-1,19-MAR-1956,Fairchild CC-119 Flying Boxcar,22124,RCAF,0,Montreal-Dor...,, ,O1
19560319-2,19-MAR-1956,Douglas C-47A (DC-3),T-20,Argentine AF,0,near Curuzu Cuati...,, ,A1
19560321-0,21-MAR-1956,Douglas C-47A (DC-3),VT-CGN,Indian Airlines,2,Tezpur-Salon...,, ,A1
19560328-0,28-MAR-1956,Douglas C-47B (DC-3),G-AMRB,Starways,1,Largs,, ,A1
19560331-0,31-MAR-1956,Douglas C-47A (DC-3),VT-DCM,National Air Operators,3,Indapur,, ,A1
19560331-1,31-MAR-1956,Douglas C-47A (DC-3),L2-14/96,Thai AF,18,Korat,, ,A1
19560401-0,01-APR-1956,Martin 4-0-4,N40403,TWA,22,near Pittsburgh-G...,, ,A1
19560402-0,02-APR-1956,Boeing 377 Stratocruiser,N74608,Northwest Orient Airlines,5,near Seattle/Taco...,,,A1
19560403-0,03-APR-1956,Curtiss C-46F,CF-HZI,TransAir,0,Hall Beach A...,,,A1
19560403-1,03-APR-1956,Fairchild C-119 Flying Boxcar, ,USAF,5,near Saijo,, ,A1
19560405-0,05-APR-1956,Douglas C-47A (DC-3),PT-YQA,REAL,0,São Paulo-Co...,, ,A2
19560407-0,07-APR-1956,Douglas C-124C Globemaster II,52-1078,USAF,3,near Fairfield-Tr...,, ,A1
19560409-0,09-APR-1956,Handley Page Hastings C.2,WD483,RAF,0,Ataq Airport...,, ,A1
19560410-0,10-APR-1956,U-1A Otter (DHC-3),3666,RCAF,3,near Goose Bay Ai...,, ,A1
19560418-0,18-APR-1956,PB2B-1 Canso A (PBY-5A),PP-PDB,Panair do Brasil,3,"Parintins, AM",, ,A1
19560418-1,18-APR-1956,Grumman SA-16A Albatross,51-039,USAF,,near Wheelus Air ...,, ,A1
19560422-0,22-APR-1956,Avro 685 York C.1,G-AGNS,BOAC,,Idris,, ,O1
19560422-1,22-APR-1956,Ilyushin Il-14,CCCP-L1718,Aeroflot / Moscow,6,near Sukhumi Airp...,, ,A1
19560426-0,26-APR-1956,Ilyushin Il-12 ?, ,Aeroflot,3,Berlin-Bohns...,, ,A1
19560430-0,30-APR-1956,Avro 685 York C.1,G-AMUL,Scottish Airlines,2,London-Stans...,, ,A1
19560504-0,04-MAY-1956,Vickers 610 Viking 1B,T-91,Argentine AF,3,"Villa Tesei, BA",, ,A1
19560507-0,07-MAY-1956,Douglas C-47A (DC-3),PP-SPX,VASP,0,São Paulo-Co...,, ,O1
19560511-0,11-MAY-1956,Fairchild R4Q-1 Flying Boxcar (C-11,128744,USMC,,unknown,, ,A1
19560515-0,15-MAY-1956,Douglas C-47A (DC-3),VT-DBA,Indian Airlines,14+ 1,Kathmandu-Tr...,, ,A1
19560515-4,15-MAY-1956,Lockheed Ventura,N64001,Crane Co.,8,near Jeffersonvil...,, ,A1
19560518-0,18-MAY-1956,Douglas C-47A (DC-3),VT-CCD,Indian Airlines,0,Ahmedabad Ai...,, ,A1
19560524-0,24-MAY-1956,Douglas C-47 (DC-3),TG-AHA,Aviateca,30,Sierra de La...,, ,A1
19560530-1,30-MAY-1956,Bristol 170 Freighter 31,CF-TFZ,Pacific Western,0,Beaverlodge ...,, ,A1
19560615-0,15-JUN-1956,Bristol 170 Freighter 31E,F-OAOU,Air Laos,,Vientiane-Wa...,, ,A1
19560615-1,15-JUN-1956,Vickers Valetta C.1,VX521,RAF,9,near Ipoh,, ,A1
19560616-0,16-JUN-1956,Douglas C-124A Globemaster II,51-5183,USAF,0,Enewetak Isl...,, ,A1
19560618-0,18-JUN-1956,Bristol 170 Freighter 31,CF-TFY,TransAir,0,"Hudson Bay, SK",, ,A1
19560618-1,18-JUN-1956,Douglas C-47B (DC-3),76976,French AF,,near Jijel,, ,A1
19560619-0,19-JUN-1956,Ford 4-AT-E Tri-Motor,N9642,Johnson Flying Service,0,"near Townsend, MT",, ,A1
19560620-0,20-JUN-1956,Lockheed L-1049E-55 Super Constella,YV-C-AMS,LAV,74,"near New York, NY",, ,A1
19560624-0,24-JUN-1956,Canadair C-4 Argonaut,G-ALHE,BOAC,32,near Kano Interna...,, ,A1
19560626-0,26-JUN-1956,Boeing KC-97G Stratofreighter,52-2700,USAF,11,near Roswell-Walk...,, ,A1
19560628-0,28-JUN-1956,Vickers 615 Viking 1B,T-5,Argentine AF,0,near Resistencia ...,, ,A1
19560630-0,30-JUN-1956,Douglas DC-7,N6324C,United Airlines,58,Grand Canyon...,,,A1
19560630-1,30-JUN-1956,Lockheed L-1049-54-80 Super Constel,N6902C,TWA,70,Grand Canyon...,,,A1
19560702-0,02-JUL-1956,U-1B Otter (DHC-3),144261,US Navy,,,, ,A1
19560703-0,03-JUL-1956,Douglas C-47B (DC-3),D-13,Czechoslovak AF,21,near Lom,, ,A1
19560706-0,06-JUL-1956,Curtiss C-46F,CF-HZL,TransAir,,Coral Harbou...,, ,A1
19560706-1,06-JUL-1956,Boeing KC-97E Stratofreighter,51-0220,USAF,6,"near Goose Bay, NL",, ,A1
19560709-0,09-JUL-1956,Douglas C-47A (DC-3),2062,Brazilian AF,6,near Rio Branco A...,, ,A1
19560709-1,09-JUL-1956,Vickers 724 Viscount,CF-TGR,TCAL,1,"Flat Rock, MI",, ,A2
19560712-0,12-JUL-1956,Consolidated PBY-5A Catalina,PT-ASN,TICAL,1,"near Marabá, PA",, ,A1
19560713-0,13-JUL-1956,Douglas C-118A (DC-6),53-3301,USAF,46,near Fort Dix-McG...,, ,A1
19560713-1,13-JUL-1956,Lisunov Li-2T,HA-LIG,Malev,0,Ingolstadt A...,, ,H2
19560715-1,15-JUL-1956,Convair CV-440-11,HB-IMD,Swissair,4,Shannon Airp...,,,A1
19560716-0,16-JUL-1956,Douglas C-47A (DC-3),LV-ACD,Aerolineas Argentinas,18,"near Pavín, CD",, ,A1
19560720-0,20-JUL-1956,Fairchild C-119 Flying Boxcar, ,USAF,4,near Ashiya Air Base,, ,A1
