identifiant,date,type,registration,operator,fat.,location, ,pic,cat

19520102-0,02-JAN-1952,Amiot AAC.1 (Ju-52),F-BAMQ,Air France,6,Andapa,, ,A1
19520102-1,02-JAN-1952,Vickers Valetta C.1,VW185,RAF,0,near Singapore-Ch...,, ,A1
19520102-2,02-JAN-1952,Consolidated PBY-5A Catalina,VP-JAW,Caribbean International,0,near Grand Cayman...,, ,A1
19520104-1,04-JAN-1952,Fairchild C-119C Flying Boxcar,49-150,USAF,0,"near Hachita, NM",, ,A1
19520105-0,05-JAN-1952,Lockheed P2V-2 Neptune,122443,US Navy,1,Burtonwood R...,, ,A1
19520105-1,05-JAN-1952,Douglas C-47A (DC-3),42-100912,USAF,6,Burtonwood R...,, ,A1
19520109-0,09-JAN-1952,Lisunov Li-2,CCCP-L4315,Aeroflot / Azerbaijan,3,near Stalingrad,, ,A1
19520110-0,10-JAN-1952,Douglas C-47B (DC-3),EI-AFL,Aer Lingus,23,"Cwm Edno, Wales",, ,A1
19520112-0,12-JAN-1952,Douglas C-47A (DC-3),N41718,General Airways,2,"Mt Crillon, AK",, ,A1
19520112-1,12-JAN-1952,Douglas C-47B (DC-3),43-16249,USAF,5,"near Fort Yukon, AK",, ,A2
19520114-0,14-JAN-1952,Convair CV-240-13,N91238,Northeast Airlines,0,near New York-La ...,, ,A1
19520116-0,16-JAN-1952,Fairchild C-119C Flying Boxcar,49-172,USAF,3,near Pohang,, ,A1
19520116-1,16-JAN-1952,Grumman SA-16A Albatross,51-008,USAF,0,Korean coast,, ,A1
19520118-0,18-JAN-1952,Vickers Valetta C.1,VW823,RAF,0,Kasfareet RA...,, ,A1
19520119-0,19-JAN-1952,Douglas C-54E (DC-4),N45342,Northwest Orient Airlines,36,near Sandspit Air...,, ,A1
19520121-0,21-JAN-1952,Curtiss C-46D,44-77407,USAF,,,, ,A1
19520122-0,22-JAN-1952,Convair CV-240-0,N94229,American Airlines,23+ 7,near Newark Inter...,, ,A1
19520122-1,22-JAN-1952,Lockheed 18 Lodestar,N3927C,New York Car Wheel Co.,5,Miami Intern...,, ,A1
19520122-2,22-JAN-1952,Douglas C-47 (DC-3),342,Republic of China AF,8,unknown,, ,A1
19520124-0,24-JAN-1952,Grumman SA-16A Albatross,51-001,USAF,0,near Panamint Spr...,,,A1
19520127-0,27-JAN-1952,Douglas C-54A (DC-4),N1512V,"Loftleidir, op.for Seaboard & Western",0,Pisa Airport...,, ,A1
19520128-1,28-JAN-1952,Lockheed 18 Lodestar,N94538,Indamer,,"Cedar Grove, NJ",, ,A1
19520128-2,28-JAN-1952,Fairchild C-82A Packet,45-57791,USAF,0+ 3,Raunheim,, ,A1
19520201-0,01-FEB-1952,Curtiss C-46D,44-78373,USAF,,Tachikawa Ai...,, ,A1
19520204-0,04-FEB-1952,Douglas C-47A (DC-3),OO-CBN,Sabena,16,near Kikwit,, ,A1
19520208-0,08-FEB-1952,Douglas C-47A (DC-3),VT-COK,Indian National Airways,0,near Bagdogra,, ,A1
19520210-0,10-FEB-1952,Curtiss C-46D,44-77508,USAF,4,Wheeler-Sack...,, ,A1
19520211-0,11-FEB-1952,Douglas DC-6,N90891,National Airlines,29+ 4,Newark Inter...,,,A1
19520211-1,11-FEB-1952,Douglas C-47D (DC-3),45-932,USAF,,Hoengseong A...,, ,A1
19520214-0,14-FEB-1952,Douglas C-47D (DC-3),45-1078,USAF,,unknown,, ,A1
19520217-0,17-FEB-1952,Vickers 614 Viking 1,G-AHPI,Hunting Air Transport,31,Monte la Cinta,, ,A1
19520218-0,18-FEB-1952,Lockheed P2V-3W Neptune,124289,US Navy,,"Kodiak NAS, ...",, ,A1
19520219-0,19-FEB-1952,Douglas C-47A (DC-3),VT-AXE,Deccan Airways,3,Nagpur-Soneg...,, ,A1
19520219-1,19-FEB-1952,Consolidated LB.30 Liberator II,F-BEFX,STAAP,8,near N'Gaoundéré,, ,A1
19520219-2,19-FEB-1952,Curtiss C-46D,44-78038,USAF,10,,, ,A1
19520220-0,20-FEB-1952,Vickers Valetta C.1,VX492,RAF,0,Khartoum-Civ...,, ,A1
19520221-0,21-FEB-1952,Curtiss C-46A,PP-VCB,Varig,0,Guanabara Ba...,, ,A1
19520221-1,21-FEB-1952,Ilyushin Il-12,CCCP-L1849,"Aeroflot, Advanced Flying Training College",1,near Ulyanovsk/Ba...,, ,A2
19520222-0,22-FEB-1952,Douglas C-47A (DC-3),42-93193,USAF,0,Burlington I...,, ,A1
19520226-0,26-FEB-1952,Vickers Valetta C.1,VW827,RAF,0,near Abingdon RAF...,, ,A1
19520227-0,27-FEB-1952,Douglas C-47 (DC-3),HJ880,Indian AF,0,Palta Lake,, ,A1
19520228-0,28-FEB-1952,Douglas DC-3A-393,PP-PCN,Panair do Brasil,9,near Uberlândia A...,, ,A1
19520228-1,28-FEB-1952,Douglas VC-47D (DC-3),43-49226,USAF,0,"near Sydney, NS",, ,A1
19520229-0,29-FEB-1952,CASA 352 (Ju-52),T.2-138,Spanish AF,3,El Carmolia/...,, ,A1
19520303-0,03-MAR-1952,SNCASE SE.161/P7 Languedoc,F-BCUM,Air France,38,near Nice-le Var ...,, ,A1
19520303-1,03-MAR-1952,Vickers Valetta C.1,VW153,RAF,0,Butterworth ...,, ,A1
19520307-1,07-MAR-1952,Douglas C-47A (DC-3),42-100593,USAF,8,Guggi Glacie...,, ,A1
19520309-1,09-MAR-1952,Douglas C-47A (DC-3),6053,Turkish AF,,,, ,U1
19520310-0,10-MAR-1952,Douglas C-47A (DC-3),PI-C5,Philippine Air Lines,3,near Cebu-Lahug A...,, ,A1
19520310-1,10-MAR-1952,Douglas C-47A (DC-3),42-100502,USAF,0,near La Ciotat,, ,A1
19520310-2,10-MAR-1952,Douglas C-47D (DC-3),43-16257,USAF,,Bellevue-Off...,, ,A1
19520311-0,11-MAR-1952,Avro 685 York I,G-AMGL,Air Charter,0,near Hamburg-Fuhl...,, ,A1
19520311-1,11-MAR-1952,Vickers Varsity T.1,WF373,RAF,3,Swinderby RA...,, ,A1
19520311-2,11-MAR-1952,Douglas VC-47D (DC-3),44-77257,USAF,,,, ,A1
19520313-0,13-MAR-1952,Douglas C-47D (DC-3),43-49343,USAF,5,"near Bay Minette, AL",, ,A1
19520313-1,13-MAR-1952,Amiot AAC.1 (Ju-52), ,French Navy,3,Constantine,, ,A1
19520314-0,14-MAR-1952,Handley Page Hastings C.1,TG562,RAF,0,Fayid RAF St...,, ,A1
19520314-1,14-MAR-1952,Short Sunderland MR.5,PP162,RAF,0,"Felixstowe, ...",, ,A1
19520315-0,15-MAR-1952,Convair CV-240-23,PK-GCH,Garuda,0,,, ,A2
19520315-1,15-MAR-1952,Douglas C-47A (DC-3),PK-RCR,Garuda,0,,, ,A2
19520317-0,17-MAR-1952,Curtiss R-5C (C-46), ,US Navy,2,"near Dallas, TX",, ,A1
19520322-0,22-MAR-1952,Douglas C-47 (DC-3),CF-BXZ,Maritime Central Airways,4,"near Gaspe, QC",, ,A1
19520322-1,22-MAR-1952,Douglas DC-6,PH-TPJ,KLM,45,near Frankfurt In...,, ,A1
19520323-0,23-MAR-1952,Lockheed L-749A-79-33 Constellation,PH-TFF,KLM,0,Bangkok Inte...,, ,A1
19520323-1,23-MAR-1952,Douglas C-47 (DC-3), ,CSA,0,Frankfurt,, ,H2
19520324-0,24-MAR-1952,Lockheed 18 Lodestar,F-ARTE,SATT,17,near Gao Airport ...,, ,A1
19520326-0,26-MAR-1952,Douglas SC-47A,42-93513,USAF,,near Thule Air Ba...,, ,A1
19520326-1,26-MAR-1952,Douglas C-54A (DC-4),N65143,Braniff Airways,0,Hugoton-HAP ...,,,A1
19520327-0,27-MAR-1952,Douglas R4D-5 (DC-3),12417,US Navy,0,near Point Barrow...,, ,A2
19520329-0,29-MAR-1952,Douglas DC-3,YV-C-AZU,TACA de Venezuela,12,near San Felipe A...,, ,A1
19520330-0,30-MAR-1952,Douglas C-47A (DC-3),PI-C270,Philippine Air Lines,10,Baguio-Loaka...,, ,A1
19520402-0,02-APR-1952,Douglas C-47A (DC-3),LN-NAE,Fred Olsen Flyveselskap,0,near Mimizan,,,A1
19520404-0,04-APR-1952,Douglas VC-47D (DC-3),45-926,USAF,9,near Mobile-Brook...,, ,A1
19520404-1,04-APR-1952,Douglas C-124A Globemaster II,50-1260,USAF,6,near Mobile-Brook...,, ,A1
19520405-0,05-APR-1952,Curtiss C-46F,N1911M,"USAF, op.for US Airlines",2+ 3,near New York-Idl...,, ,A1
19520405-1,05-APR-1952,Ilyushin Il-12,CCCP-L1308,Aeroflot / East Siberia,6,near Magdagachi,, ,A1
19520406-0,06-APR-1952,Douglas R4D-5 (DC-3),17207,US Navy,4,Loma Prieta ...,, ,A1
19520407-0,07-APR-1952,SNCASE SE.161/P7 Languedoc,F-BATB,Air France,0,Paris-Le Bou...,,,A1
19520407-1,07-APR-1952,Douglas C-47A (DC-3),42-24181,USAF,,near Beirut Airpo...,, ,A1
19520409-0,09-APR-1952,Martin 2-0-2,N93043,"Northwest Orient Airlines, op.for JAL",37,Mihara Volcano,,,A1
19520409-2,09-APR-1952,Douglas VC-47A (DC-3),42-93809,USAF,10,near Camp Edwards...,, ,A1
19520410-0,10-APR-1952,Douglas C-47A (DC-3),VT-DFN,Kalinga Airlines,4,Agartala,, ,A1
19520411-0,11-APR-1952,Douglas DC-4,N88899,Pan Am,52,near San Juan-Isl...,, ,A1
19520414-0,14-APR-1952,Lockheed P2V-5 Neptune,124255,US Navy,6,Brunswick NA...,, ,A1
19520418-0,18-APR-1952,Curtiss C-46F,N8404C,"Air Charters, op.for Robin Airlines",29,"near Whittier, CA",,,A1
19520418-1,18-APR-1952,unknown, ,JAT,0,Graz-Thalerh...,, ,H2
19520418-2,18-APR-1952,Douglas Dakota III (DC-3),KG416,RCAF,0,Winnipeg-Ste...,, ,O1
19520421-0,21-APR-1952,Douglas C-47A (DC-3),43-48069,USAF,5,"near Anchorage, AK",, ,A1
19520425-0,25-APR-1952,Ilyushin Il-12P,CCCP-L1312,Aeroflot / West Siberia,8,"near Karmanovo, N...",, ,A1
19520429-0,29-APR-1952,Douglas C-54A (DC-4),F-BELI,Air France,0,near Berlin,, ,C2
19520429-1,29-APR-1952,Boeing 377 Stratocruiser,N1039V,Pan Am,50,"near Carolina, MA",,,A1
19520429-2,29-APR-1952,Douglas C-47A (DC-3),43-15379,USAF,8,Dentist C,, ,A1
19520429-4,29-APR-1952,Fairchild C-119C Flying Boxcar,49-173,USAF,4,near Ashiya Air Base,, ,A1
19520430-0,30-APR-1952,Douglas C-47A (DC-3),VT-AUN,Deccan Airways,9,Delhi-Safdar...,, ,A1
19520503-0,03-MAY-1952,Lisunov Li-2,CCCP-L4602,Aeroflot / Yakutsk,4,near Khandyga,, ,A1
19520503-1,03-MAY-1952,Douglas C-47A (DC-3),42-100560,USAF,0,Middelkerke,, ,A1
19520504-0,04-MAY-1952,Douglas C-47B (DC-3),F-BEIB,STAEO,1,Phan Thiet,, ,C1
19520505-0,05-MAY-1952,Douglas C-47A (DC-3),LN-NAD,Fred Olsen Flyveselskap,11,near Skien,, ,A1
19520506-0,06-MAY-1952,Douglas C-47B (DC-3),980,RCAF,,Frobisher Ba...,, ,A1
19520509-0,09-MAY-1952,Douglas DC-3D,PK-DPA,Garuda,0,Ipoh,, ,A1

19520513-0,13-MAY-1952,Douglas C-47B (DC-3),PP-SPM,VASP,5,"São Paulo, SP",, ,A1
19520516-0,16-MAY-1952,Grumman SA-16A Albatross,51-0055,USAF,5,Eyjafjallajö...,, ,A1
19520518-0,18-MAY-1952,PB2B-1 Canso A (PBY-5A),CF-FAN,Maritime Central Airways,3,Sandwich Bay...,, ,A1
19520519-0,19-MAY-1952,Lisunov Li-2T,SP-LBD,LOT,,near Sowina,, ,A1
19520524-0,24-MAY-1952,Curtiss C-46A,PP-LDE,Loide Aéreo Nacional,6,"near Manaus, AM",, ,A1
19520526-0,26-MAY-1952,Handley Page HP.81 Hermes IV,G-ALDN,BOAC,1,near Atar,, ,A1
19520607-0,07-JUN-1952,Lockheed P2V-2 Neptune,39359,US Navy,0,near Whidbey Isla...,, ,A1
19520613-0,13-JUN-1952,Douglas Tp 79 (C-47-DL),79001,Swedish AF,8,near Gotska Sandö...,,,C1
19520616-0,16-JUN-1952,Handley Page Hastings C.1,TG603,RAF,0,Malta-Luqa A...,, ,A1
19520616-1,16-JUN-1952,Consolidated Tp 47 Canso (PBY-5A),47002,Swedish AF,0,Baltic Sea,, ,C1
19520623-0,23-JUN-1952,Douglas DC-6,SE-BDD,SAS,0,Cairo Intern...,,,A2
19520625-0,25-JUN-1952,Avro Shackleton MR.1,VP261,RAF,11,near Berwick-upon...,, ,A1
19520625-2,25-JUN-1952,Douglas C-47D (DC-3),43-48723,USAF,7,"near Monrovia, CA",, ,A1
19520626-0,26-JUN-1952,Douglas C-47 (DC-3), ,JAT,0,Foligno Airport,, ,H2
19520627-0,27-JUN-1952,Fairchild R4Q-1 Flying Boxcar (C-11,124331,USMC,5,near Cherry Point...,, ,A1
19520628-0,28-JUN-1952,Douglas DC-6,N90750,American Airlines,0,near Dallas-Love ...,, ,A2
19520630-0,30-JUN-1952,Vickers Valetta C.1,VW164,RAF,0,Khartoum-Civ...,, ,A1
19520703-0,03-JUL-1952,Vickers Valetta C.1,VX537,RAF,0,near Oya,, ,A1
19520706-0,06-JUL-1952,Nord 2501 Noratlas,F-WFUN,Nord Aviation,6,Lyon-Bron Ai...,,,A1
19520706-1,06-JUL-1952,CASA 352 (Ju-52),T.2-218,Spanish AF,7,near Hoyo de Manz...,, ,A1
19520711-0,11-JUL-1952,Douglas C-47A (DC-3),2048,Brazilian AF,13,"near Maraú, BA",, ,A1
19520711-1,11-JUL-1952,Fairchild C-82A Packet,45-57799,USAF,0,Moline-Quad-...,, ,A1
19520711-2,11-JUL-1952,Consolidated PBY Catalina, ,US Navy,3,"near Seattle, WA",, ,A1
19520715-0,15-JUL-1952,Douglas C-47A (DC-3),43-48140,USAF,,Pusan East (...,, ,A1
19520718-0,18-JUL-1952,Ilyushin Il-12B,SP-LHC,LOT,0,Warszawa,, ,A1
19520719-0,19-JUL-1952,Lisunov Li-2,CCCP-L4197,Aeroflot / Latvia,4,Riga-Spilve ...,, ,A1
19520721-0,21-JUL-1952,Douglas C-47A (DC-3),654,RCAF,3,near Goose Bay Ai...,, ,A1
19520723-0,23-JUL-1952,Handley Page HP.81 Hermes IVA,G-ALDB,Airwork,0,Pithiviers A...,, ,A1
19520723-1,23-JUL-1952,Fairchild C-119C Flying Boxcar,49-138,USAF,5+ 2,near Ashiya Air Base,, ,A1
19520725-0,25-JUL-1952,Vickers 498 Viking 1A,G-AHON,Crewsair,0,Malta-Luqa A...,, ,A1
19520725-1,25-JUL-1952,Fairchild C-119B Flying Boxcar,49-103,USAF,0,near Niigata Air ...,, ,A1
19520727-0,27-JUL-1952,Douglas C-47A (DC-3),ZS-DFB,Tropic Airways,0,near Benghazi,, ,A1
19520727-1,27-JUL-1952,Boeing 377 Stratocruiser,N1030V,Pan Am,1,near Rio de Janei...,, ,A2
19520727-2,27-JUL-1952,CASA 352 (Ju-52),T.2-175,Spanish AF,,,, ,U1
19520728-0,28-JUL-1952,Douglas C-47B (DC-3),984,RCAF,,St. Hubert R...,, ,A1
19520730-0,30-JUL-1952,SNCASE SE.161 Languedoc,SU-AHX,Misrair,0,Cairo-Almaza...,, ,A1
19520802-0,02-AUG-1952,Vickers Valetta C.1,VX540,RAF,7,near Kuala Lumpur,, ,A1
19520804-0,04-AUG-1952,Curtiss C-46A,N79096,private,4,Miami Intern...,, ,A1
19520809-0,09-AUG-1952,Douglas C-47D (DC-3),44-76273,USAF,,Houston-Elli...,, ,A1
19520812-0,12-AUG-1952,Douglas C-47A (DC-3),PP-ANH,T.A. Nacionales,24,Palmeira de ...,, ,A1
19520814-1,14-AUG-1952,Douglas C-47 (DC-3),AN-A..,LANICA,3,within Nicaragua,, ,A1
19520815-0,15-AUG-1952,Douglas C-47A (DC-3),PP-SDD,VASD,0,near Guaíra Airpo...,, ,A1
19520819-0,19-AUG-1952,Vickers Valetta C.1,VL266,RAF,2,"near Hook, Hampshire",, ,A1
19520819-1,19-AUG-1952,Vickers Valetta C.1,VX559,RAF,3,near Benson RAF S...,, ,A1
19520820-0,20-AUG-1952,Douglas C-47A (DC-3),43-48077,USAF,0,near Suwon (K-13)...,, ,A1
19520822-0,22-AUG-1952,Lisunov Li-2T,210,Hungarian AF,,Apácapuszta,, ,A1
19520823-0,23-AUG-1952,Ilyushin Il-12,CCCP-L1488,Aeroflot / Far East,1,"near Chlya, Nizhn...",, ,A2
19520824-0,24-AUG-1952,Avro 685 York C.1,G-AGNZ,Eagle Aviation,1,near Potsdam,, ,A1
19520824-2,24-AUG-1952,Douglas VC-47D (DC-3),43-16245,USAF,0,Fort Indiant...,, ,A1
19520825-0,25-AUG-1952,Handley Page HP.81 Hermes IVA,G-ALDF,Airwork,7,near Trapani,, ,A1
19520826-1,26-AUG-1952,Bristol 170 Freighter 21P,G783,Pakistan AF,18,near Khewra,, ,A1
19520827-0,27-AUG-1952,Vickers 630 Viscount,G-AHRF,UK Ministry of Supply,0,near Khartoum-Wad...,, ,A1
19520828-0,28-AUG-1952,Douglas C-47A (DC-3),43-15045,USAF,0,near Loisy,, ,A1
19520829-0,29-AUG-1952,Douglas DC-2-115B,ZS-DFW,Phoenix Airlines,2,Kosti Airpor...,,,A1
19520831-0,31-AUG-1952,Douglas C-47 (DC-3),XA-GER,Transportes Aéreos Tampico - TAT,0+ 3,Tampico,, ,A1
19520905-0,05-SEP-1952,Douglas C-47A (DC-3),43-15599,USAF,,near Narsarsuaq A...,, ,A1
19520915-0,15-SEP-1952,Douglas C-47A (DC-3),ZS-AVI,South African Airways,0,Carolina Aer...,, ,A1
19520915-1,15-SEP-1952,Douglas C-47A (DC-3),VT-CGB,Kalinga Airlines,3,near Wadi Halfa,, ,A1
19520916-0,16-SEP-1952,Handley Page Hastings C.2,WD492,RAF,0,near Northice Camp,, ,A1
19520920-0,20-SEP-1952,Douglas VC-47A (DC-3),42-23967,USAF,3,near Paris-Orly A...,, ,A1
19520924-0,24-SEP-1952,Douglas C-47A (DC-3),XA-GUJ,Mexicana,0,near Santa Lucía ...,,,C2
19520925-0,25-SEP-1952,Bristol 170 Freighter 21P,G799,Pakistan AF,2,near Lahore,, ,A1
19520928-0,28-SEP-1952,Vickers Valetta C.1,VX507,RAF,0,Tabora Airpo...,, ,A1
19520928-1,28-SEP-1952,Lisunov Li-2,CCCP-L4673,Aeroflot / Far East,7,"near Belogorsk, T...",, ,A1
19520928-2,28-SEP-1952,Antonov An-2,CCCP-N591,Polyarnaya Aviatsiya,6,"Ust'-Tareya,...",, ,A1
19520929-1,29-SEP-1952,Douglas C-47A (DC-3),42-100489,USAF,,"near Newport, ME",, ,A1
19521002-0,02-OCT-1952,Lisunov Li-2P,HA-LIL,Maszovlet,3,Nyíregyháza ...,, ,A1
19521005-0,05-OCT-1952,Ilyushin Il-12,CCCP-L1328,Aeroflot / Northern,24,"near Skvoritsy, L...",, ,A1
19521005-1,05-OCT-1952,Douglas TS-62 (DC-3),CCCP-L1055,Aeroflot / Northern,7,"near Skvoritsy, L...",, ,A1
19521007-0,07-OCT-1952,Lisunov Li-2P,SP-LAO,LOT,,,, ,A1
19521007-1,07-OCT-1952,Douglas EC-47D (DC-3),43-48870,USAF,3,near Philadelpia-...,, ,A1
19521008-0,08-OCT-1952,Avro Shackleton MR.1,VP286,RAF,14,near Tarbat Ness,, ,A1
19521008-1,08-OCT-1952,Lockheed P2V-5 Neptune,127724,US Navy,,Malta-Luqa A...,, ,A1
19521009-0,09-OCT-1952,Fairchild C-119C Flying Boxcar,49-175,USAF,0,Iwakuni MCAS,, ,A1
19521014-0,14-OCT-1952,Douglas C-47 (DC-3),PP-AXJ,Aerovias Brasil,14,San Francisc...,, ,A1
19521015-0,15-OCT-1952,Lockheed 14-H2 Super Electra,F-BDRV,SATEPA,,Perpignan Ai...,, ,A1
19521016-0,16-OCT-1952,Douglas DC-4-1009,VH-AND,ANA,0,Sydney-Masco...,, ,A2
19521016-1,16-OCT-1952,Curtiss C-46D,44-77538,USAF,25,near Kangnung Air...,, ,A1
19521017-0,17-OCT-1952,Douglas DC-3, ,California Air Charter,0,"near Palmdale, CA",, ,A2
19521020-1,20-OCT-1952,Amiot AAC.1 (Ju-52), ,French AF,9,near Saigon,, ,A1
19521022-0,22-OCT-1952,Douglas C-47A (DC-3),AP-AAZ,Orient Airways,1,Jamshedpur,, ,A1
19521023-0,23-OCT-1952,SNCASE SE.161 Languedoc,86 / F-RAPC,French Navy,11,near Bonneuil-sur...,, ,A1
19521026-0,26-OCT-1952,DH-106 Comet 1A,G-ALYZ,BOAC,0,Roma-Ciampin...,, ,A1
19521027-0,27-OCT-1952,Vickers 615 Viking 1B,T-64,Argentine AF,,Morón Air Ba...,, ,A1
19521027-1,27-OCT-1952,Douglas C-47B (DC-3),A65-113,RAAF,6,"near Cronulla, NSW",, ,A1
19521028-0,28-OCT-1952,Consolidated PBY-5A Catalina,P-213,Dutch Navy,0,near Biak,,,A1
19521031-0,31-OCT-1952,Short S.25 Sandringham 4,VH-BRD,Ansett,0,"Brisbane, QLD",, ,O1
19521103-0,03-NOV-1952,Douglas C-47A (DC-3),43-15665,USAF,0,Fletcher's I...,, ,A1
19521104-0,04-NOV-1952,Vickers Varsity T.1,WF324,RAF,0,Wigsley RAF ...,, ,A1
19521107-0,07-NOV-1952,Fairchild C-119C Flying Boxcar,51-2560,USAF,19,Mt. McKinley...,, ,A1
19521110-0,10-NOV-1952,Boeing B-17G,N5116N,Mark Hurd Mapping Co.,2,Nevada,, ,A1
19521111-0,11-NOV-1952,Consolidated PBY-6A Catalina,46640,US Navy,3,near Guam,, ,A1
19521111-1,11-NOV-1952,Douglas C-54B (DC-4),F-BFVO,UAT,5,near Fort Lamy Ai...,, ,A1
19521112-0,12-NOV-1952,Douglas C-47 (DC-3),VT-CLE,Bharat Airways,0,Agartala,, ,A1
19521112-1,12-NOV-1952,Douglas Dakota IV (DC-3),KN438,RAF,0,near Merowe,, ,A1
19521114-0,14-NOV-1952,Fairchild C-119C Flying Boxcar,51-2551,USAF,44,near Cho-ok,, ,A1
19521114-1,14-NOV-1952,Lisunov Li-2,CCCP-X1011,Soviet Ministry of Internal Affairs,0,Nizhniye Kre...,, ,A1
19521114-2,14-NOV-1952,Douglas C-47A (DC-3),6008,Turkish AF,4,"Sincan, Ankara",, ,A1
19521115-0,15-NOV-1952,Fairchild C-119C Flying Boxcar,51-2570,USAF,20,between Anch...,, ,A1
19521115-1,15-NOV-1952,Curtiss C-46D,44-78114,USAF,11,near Kangnung,, ,A1

19521116-0,16-NOV-1952,Short S.25 Sandringham 6,LN-LAI,"SAS, op.for France-Hydro",,near Bangui,,,O1
19521117-0,17-NOV-1952,Fairchild C-119C Flying Boxcar,51-2590,USAF,8,"near Billings, MT",, ,A1
19521119-0,19-NOV-1952,Consolidated PBY-5A Catalina,GC-16,Dominican Republic Navy,,La Romana,, ,A1
19521120-0,20-NOV-1952,Lockheed P2V-4 Neptune,124242,US Navy,8,near Block Island...,, ,A1
19521122-0,22-NOV-1952,Douglas C-124A Globemaster II,51-0107,USAF,52,"near Anchorage, AK",, ,A1
19521122-1,22-NOV-1952,Lisunov Li-2P,LZ-TUE,TABSO,30,near Etropole,, ,A1
19521125-0,25-NOV-1952,Vickers Valetta C.1,VW203,RAF,0,near Boscombe Dow...,, ,A1
19521126-0,26-NOV-1952,Lockheed 18 Lodestar,SE-BTK,Aero-Nord Sweden,2,Jönköping,, ,A1
19521127-0,27-NOV-1952,Avro 685 York I,G-AMGM,Surrey Flying Service,0,Lyneham,, ,A1
19521128-0,28-NOV-1952,Douglas C-54G (DC-4), ,USAF,37,near Tacoma-McCho...,, ,A1
19521129-0,29-NOV-1952,Douglas C-47 (DC-3), ,Civil Air Transport,2,within Jilin province,, ,C1
19521130-0,30-NOV-1952,Douglas VC-47D (DC-3),44-76344,USAF,,Harrisburg-O...,, ,A1
19521130-2,30-NOV-1952,Douglas DC-3C,D-21,Czechoslovak AF,5,near Vresovice,, ,A1
19521201-0,01-DEC-1952,Douglas C-47D (DC-3),45-1124,USAF,13,"near Banning, CA",, ,A1
19521204-0,04-DEC-1952,Lisunov Li-2T,CCCP-L4661,Aeroflot / Krasnoyarsk,3,near Yeniseisk,, ,A1
19521205-0,05-DEC-1952,Amiot AAC.1 (Ju-52),F-BANK,Air France,0,Antalaha-Ant...,, ,A1
19521206-1,06-DEC-1952,Douglas DC-4,CU-T397,Cubana,37,near Bermuda-Kind...,, ,A1
19521207-0,07-DEC-1952,Lockheed L-1049G Super Constellatio,N6904C,TWA,0,"Fallon NAS, ...",, ,A2
19521208-0,08-DEC-1952,Curtiss C-46,28,Republic of China AF,,unknown,, ,U1
19521210-0,10-DEC-1952,Douglas C-47D (DC-3),43-49553,USAF,6,"near Wells, NV",, ,A1
19521212-0,12-DEC-1952,Lisunov Li-2P,306,Hungarian AF,0,Kunmadaras,, ,A1
19521215-0,15-DEC-1952,Douglas DC-3A-269,N21716,Lake Central Airlines,0,Richmond Air...,, ,A2
19521218-0,18-DEC-1952,Douglas C-47D (DC-3),43-48958,USAF,,near Guercif,, ,A1
19521220-0,20-DEC-1952,Douglas C-124A Globemaster II,50-0100,USAF,87,near Moses Lake-L...,, ,A1
19521220-1,20-DEC-1952,Consolidated PBY-5A Catalina,P-211,Dutch Navy,1,Dahr el Abid...,, ,A1
19521221-0,21-DEC-1952,Curtiss C-46D,YV-C-ARC,RANSA,3,"near Miami, FL, USA",, ,A1
19521221-1,21-DEC-1952,Douglas DC-3,YK-AAF,Syrian Airways,9,near En Nebk,, ,A1
19521221-2,21-DEC-1952,Douglas C-47D (DC-3),43-49084,USAF,0,Tokyo Bay,, ,A1
19521222-0,22-DEC-1952,Douglas C-47D,49-2616,Hellenic AF,13,Su Won (K-13...,, ,A1
19521222-1,22-DEC-1952,Douglas C-47 (DC-3), ,Indian AF,3,"near Kamar, Uttar...",, ,A1
19521225-0,25-DEC-1952,Douglas C-47A (DC-3),EP-ACJ,Iranian Airways,24,near Tehran-Mehra...,, ,A1
19521225-1,25-DEC-1952,Douglas C-53-DO (DC-3),YV-C-AVX,AVENSA,3,near La Guaria,, ,A1
19521226-0,26-DEC-1952,Douglas C-47D,49-2632,Hellenic AF,14,near Jinhae (K-10...,, ,A1
19521230-0,30-DEC-1952,Douglas DC-3,PI-C38,Philippine Air Lines,2,Chinmen Island,, ,H2
19529999-0,??-???-1952,Douglas C-47A (DC-3),187,Argentine Navy,,unknown,, ,A1
