identifiant,date,type,registration,operator,fat.,location, ,pic,cat

20141201-0,01-DEC-2014,Lockheed C-130H Hercules,88-4404,USAF,0,"near Mackall AAF, NC",,,A1
20141201-1,01-DEC-2014,Alenia C-27J Spartan,10-27030,US Army,0,"near Mackall AAF, NC",,,A2
20141204-0,04-DEC-2014,Cessna 208B Grand Caravan,V3-HHU,Tropic Air,0,Belize City ...,, ,A1
20141204-1,04-DEC-2014,ATR 72-202,D-ANFE,"Avanti Air, opf Darwin Airline",0,Zürich-Klote...,, ,A2
20141207-0,07-DEC-2014,Beech B99,VQ-THL,interCaribbean Airways,0,Providencial...,, ,A2
20141208-0,08-DEC-2014,Embraer Phenom 100,N100EQ,Sage Aviation,3+ 3,near Gaithersburg...,,,A1
20141209-0,09-DEC-2014,Rockwell Sabreliner 60ELXM,XB-KLQ,Unknown,,within Venezuela,, ,C1
20141212-0,12-DEC-2014,Antonov An-32B,SCM-864,Sri Lanka AF,5,Hokandara,, ,A1
20141212-1,12-DEC-2014,Antonov An-26B,UP-AN608,Burundaiavia,0,Obo-AIM Airf...,,,A1
20141212-2,12-DEC-2014,Boeing 737-76N (WL),N7710A,Southwest Airlines,0,Baltimore/Wa...,, ,A2
20141213-0,13-DEC-2014,Cessna 208B Grand Caravan,N208B,private,0,Brittas Hous...,,,A2
20141218-0,18-DEC-2014,Learjet 25D,N265TW,T-Air,2,near Champotón,, ,A1
20141221-0,21-DEC-2014,Dornier 228-212,B-55565,Daily Air,0,Taitung Airp...,, ,A2
20141222-0,22-DEC-2014,DHC-6 Twin Otter 300,XA-UOA,Transportes Aéreos Terrestres,0,Tequesquiten...,, ,A2
20141228-0,28-DEC-2014,Airbus A320-216,PK-AXC,Indonesia AirAsia,162,Karimata Strait,,,A1
20141228-1,28-DEC-2014,BN-2A-26 Islander,8R-GHE,ASL,2,within Guyana,, ,A1
20141228-2,28-DEC-2014,Antonov An-26,4L-AFS,AG Air,6,near Uvira,,,A1
20141230-0,30-DEC-2014,Boeing 737-4H6,AP-BJN,Shaheen Air,0,Lahore-Allam...,, ,A1
20141230-1,30-DEC-2014,Cessna 208B Grand Caravan,N950FE,"FedEx, opb Baron Aviation",0,Roswell Inte...,, ,A2
20149999-0,??-???-2014,Antonov An-2R,UR-33587,Ukraerorukh,0,Lugansk Airp...,, ,O1
20149999-1,??-???-2014,Learjet 60XR,XA-JWM,Unknown,0,Fort Lauderd...,, ,O1

20140103-0,03-JAN-2014,Boeing 737-8H4 (WL),N8327A,Southwest Airlines,0,Las Vegas-Mc...,, ,A2
20140105-0,05-JAN-2014,Boeing 767-3W0ER,HS-BKE,"Orient Thai Airlines, op.for Saudi Arabian",0,Madinah-Moha...,, ,A2
20140105-1,05-JAN-2014,Canadair Challenger 601-3R,N115WF,Vineland Corporation,1,Aspen-Pitkin...,,,A1
20140105-2,05-JAN-2014,Airbus A320-231,VT-ESH,Air India,0,Jaipur Inter...,,,A1
20140107-0,07-JAN-2014,Fokker 50,C5-SSA,South Supreme Airlines,0,Aweil Airport,, ,A2
20140108-0,08-JAN-2014,Saab 340A,C-FPAI,Provincial Airlines,0,Stephenville...,,,A1
20140110-0,10-JAN-2014,Beech 300 King Air (MARSS),N195AE,US Army,3,Eastern Afgh...,, ,A1
20140112-0,12-JAN-2014,Cessna 501 Citation I/SP,N452TS,Theo Steil GmbH,4,near Trier-Föhren...,,,A1
20140114-0,14-JAN-2014,Gulfstream G200,N720QS,NetJets,0,"near Savannah, GA",, ,A2
20140118-0,18-JAN-2014,DC-9-33RC,XA-UQM,Aeronaves TSM,0,Saltillo-Pla...,, ,A1
20140118-1,18-JAN-2014,Cessna 208B Grand Caravan,8R-GHS,Trans Guyana Airways,2,near Olive Creek,, ,A1
20140120-0,20-JAN-2014,BN-2A-27 Islander,YR-BNP,Scoala Superioara de Aviatie Civila,2,"near Petreasa, Alba",,,A1
20140120-1,20-JAN-2014,Antonov An-28,UP-A2805,Unknown,0,near Addis Ababa-...,, ,A1
20140122-0,22-JAN-2014,Cessna 500 Citation I,OY-JAI,L'Easy,0,near Roskilde Air...,,,A2
20140122-1,22-JAN-2014,Antonov An-24RV,RA-46473,Pskovavia,0,Moskva-Domod...,, ,A1
20140126-0,26-JAN-2014,Boeing 737-3B7 (SF),ZK-TLC,"Airwork NZ, op.for Pacific Air Express",0,Honiara-Hend...,,,A1
20140128-0,28-JAN-2014,Saab 2000,HB-IZG,"Darwin Airline, op.for Etihad Regional",0,Paris-Charle...,,,A1
20140129-0,29-JAN-2014,DHC-8-202Q Dash 8,OY-GRI,Air Greenland,0,Ilulissat Ai...,,,A1
20140131-0,31-JAN-2014,MD-88,N921DL,Delta Air Lines,0,Atlanta-Will...,,,A2
20140201-0,01-FEB-2014,Boeing 737-9GPER (WL),PK-LFH,Lion Air,0,Surabaya-Jua...,,,A2
20140202-0,02-FEB-2014,Airbus A320-231,EY-623,East Air,0,Kulob Airpor...,,,A2
20140203-0,03-FEB-2014,Cessna 525 CitationJet,N61YP,Brink Constructors,0,Elk City-Reg...,,,A1
20140204-0,04-FEB-2014,Xian MA60,B-3455,Joy Air,0,Zhengzhou-Xi...,,,A2
20140206-0,06-FEB-2014,Viking Air DHC-6 Twin Otter 400,RA-67282,Chukotavia,0,Anadyr Airpo...,, ,A2
20140207-0,07-FEB-2014,Boeing 737-86J (WL),TC-CCP,Pegasus Airlines,0,Istanbul-Sab...,,,H2
20140210-0,10-FEB-2014,Cessna 208B Grand Caravan,ZS-EPZ,Federal Air,0,Mala Mala Ai...,, ,A2
20140211-0,11-FEB-2014,Lockheed C-130H-30 Hercules,7T-WHM,Algerian AF,76,near Aïn Kercha,,,A1
20140212-0,12-FEB-2014,BAe-125-700B,RA-02801,Sirius-Aero,0,Moskva-Vnuko...,,,A1
20140212-1,12-FEB-2014,ATR 42-300,EI-BYO,Aer Arann,0,Shannon Airp...,,,O1
20140214-0,14-FEB-2014,Hawker Siddeley HS-125-F400A,VP-BKK,Jetsteff Aviation,0,Bournemouth ...,,,O1
20140215-0,15-FEB-2014,Lockheed P-3C Orion,159329,US Navy,0,Atsugi NAS (...,, ,O1
20140215-1,15-FEB-2014,Lockheed P-3C Orion,159503,US Navy,0,Atsugi NAS (...,, ,O1
20140215-2,15-FEB-2014,Lockheed P-3C Orion,161338,US Navy,0,Atsugi NAS (...,, ,O1
20140215-3,15-FEB-2014,Cessna 501 Citation I/SP,C-GKPC,Kelly Panteluk Construction,0,Stella Maris...,, ,A1
20140215-4,15-FEB-2014,Lockheed P-3C Orion,160283,US Navy,0,Atsugi NAS (...,, ,O1
20140215-5,15-FEB-2014,Lockheed OP-3C Orion,9133,Japanese Navy,0,Atsugi NAS (...,, ,O1
20140215-6,15-FEB-2014,Lockheed P-3C Orion,5026,Japanese Navy,0,Atsugi NAS (...,, ,O1
20140215-7,15-FEB-2014,Lockheed P-3C Orion,5049,Japanese Navy,0,Atsugi NAS (...,, ,O1
20140216-0,16-FEB-2014,DHC-6 Twin Otter 300,9N-ABB, Nepal Airlines,18,near Sandhikhark,,,A1
20140217-0,17-FEB-2014,Boeing 767-3BGER,ET-AMF,Ethiopian Airlines,0,Genève-Coint...,,,H2
20140217-1,17-FEB-2014,BAe BAe-748-371 Srs. 2B LFD,5Y-HAJ,"Global Airlift, op.for IOM",1,Rubkona Airport,,,A1
20140217-2,17-FEB-2014,Boeing 737-8K2 (WL),G-GDFC,Jet2,0,Funchal Airp...,,,A2
20140219-0,19-FEB-2014,Beech B100 King Air,N811BL,TDC Aviation,1,near Pearland Reg...,,,A1
20140220-0,20-FEB-2014,ATR 72-212A (ATR 72-600),VH-FVR,Virgin Australia Regional,0,"near Sydney, NSW",,,A2
20140221-0,21-FEB-2014,Antonov An-26,5A-DOW,Libyan Air Cargo,11,near Grombalia,, ,A1
20140222-0,22-FEB-2014,Boeing 737-86N (WL),OK-TVT,Travel Service Airlines,0,Terceira-Laj...,, ,A2
20140225-0,25-FEB-2014,Embraer EMB-120RT Brasilia,D2-FFZ,Guicango,0,near Lukapa Airpo...,,,A2
20140227-0,27-FEB-2014,Boeing 737-36Q (WL),C-GICN,Canadian North,0,Winnipeg-Jam...,, ,A2
20140302-0,02-MAR-2014,Antonov An-26,1177,Yemen AF,0,near Hadhramaut,, ,A2
20140303-0,03-MAR-2014,Dassault Falcon 20E,EP-FIC,"Iran Civil Aviation Organization, opb Iran Aseman Airlines",4,near Kish Island ...,, ,A1
20140306-0,06-MAR-2014,Bombardier Global 6000,EC-LTF,TAG Aviation España,0,Glasgow-Pres...,,,A2
20140308-0,08-MAR-2014,Boeing 777-2H6ER,9M-MRO,Malaysia Airlines,239,within Indian Ocean,,,A1
20140309-0,09-MAR-2014,ATR 42-300,C-FJYV,Calm Air International,0,Churchill Ai...,, ,A1
20140312-0,12-MAR-2014,Cessna 208B Grand Caravan, ,PENAS,0,Pogapa Airstrip,, ,A2
20140313-0,13-MAR-2014,Airbus A320-214,N113UW,US Airways,0,Philadelphia...,,,A2
20140316-0,16-MAR-2014,Cessna 500 Citation I,N125DS,JJ Aeronautics,0,Zephyrhills ...,, ,A2
20140326-0,26-MAR-2014,ATR 72-212A (ATR 72-600),9M-LMH,Malindo Airways,0,near Kuala Lumpur...,, ,A1
20140327-0,27-MAR-2014,Beech B200 King Air,VT-HRA,State of Haryana Government,0,Chandigarh A...,,,A1
20140328-0,28-MAR-2014,Lockheed C-130J-30 Super Hercules,KC-3803,Indian AF,5,Karauli dist...,, ,A1
20140328-1,28-MAR-2014,Fokker 100,PR-OAF,Avianca Brasil,0,Brasília-Jus...,, ,A1
20140401-0,01-APR-2014,Airbus A321-231,D-AISQ,Lufthansa,0,München-Fran...,,,H2
20140408-0,08-APR-2014,Cessna 208B Grand Caravan,N126AR,Hageland Aviation Services,2,"near Bethel, AK",,,A1
20140410-0,10-APR-2014,Learjet 25D,PT-OHD,private,0,within Venezuela,, ,O1
20140414-0,14-APR-2014,Airbus A320-232,XY-AGT,Golden Myanmar Airlines,0,Yangon-Minga...,, ,A1
20140414-1,14-APR-2014,Airbus A319-112,XY-AGR,Myanmar Airways International,0,Yangon-Minga...,, ,A2
20140419-0,19-APR-2014,BAe-125-700A,XA-UKR,LACSA,8,near Saltillo-Pla...,, ,A1
20140419-1,19-APR-2014,Embraer ERJ-190,F-HBLF,"HOP!, opb Régional",0,Paris-Charle...,,,A2
20140420-0,20-APR-2014,Fokker 50,5Y-VVJ,Blue Bird Aviation,0,Guri'el Airs...,,,A1
20140423-0,23-APR-2014,PADC/BN-2T Islander,P2-SBC,Sunbird Aviation,0,Kikori Airpo...,, ,A2
20140425-0,25-APR-2014,Antonov An-2,UR-ABAB,private,0,Kramatorsk A...,, ,C1
20140429-0,29-APR-2014,Boeing 737-476 (SF),EI-STD,Air Contractors,0,East Midland...,,,A1
20140429-1,29-APR-2014,DHC-8-402Q Dash 8,5N-BPT,Aerocontractors,0,Lagos-Murtal...,,,A2
20140508-0,08-MAY-2014,Boeing 737-4Y0,YA-PIB, Ariana Afghan Airlines,0,Kabul Airpor...,,,A1
20140508-1,08-MAY-2014,Douglas DC-3C,HK-4700,ALIANSA Colombia,5,near San Vicente ...,,,A1
20140509-0,09-MAY-2014,Antonov An-2T,RF-00446,"DOSAAF, op.for Lipetsk Aero Club",0,"Terbuny, Lip...",, ,A1
20140509-1,09-MAY-2014,Cessna 525C Citation CJ4,N718MV,Capital City Jet Center,0,Columbus-Ric...,,,A2
20140510-0,10-MAY-2014,Fokker 100,EP-ASZ, Iran Aseman Airlines,0,Zahedan Airp...,,,A1
20140510-1,10-MAY-2014,Fokker 100,5N-SIK,IRS Airlines,0,Ganla,,,A1
20140512-0,12-MAY-2014,Harbin Yunshuji Y-12 II,KAF124,Kenyan AF,1,El Wak,, ,A1
20140517-0,17-MAY-2014,Antonov An-74TK-300,RDPL-34020,Laos Government,16,near Xieng Khouan...,, ,A1
20140519-0,19-MAY-2014,Beech 200 Super King Air, ,private,0,southern Apu...,, ,C1
20140522-0,22-MAY-2014,Cessna 525 CitationJet CJ1,N203BG,Barber Aviation,0,Mount Airy/S...,, ,A2
20140526-0,26-MAY-2014,Yakovlev Yak-40,UR-MMK,Constanta,0,Donetsk Airp...,,,C1
20140527-0,27-MAY-2014,Beech B200 Super King Air,LV-CNT,Kowzef S.A.,5,near Carmelo/Zaga...,, ,A1
20140527-1,27-MAY-2014,Antonov An-74T-200,15-2254,Iranian Revolutionary Guard,0,Yazd Airport...,, ,A1
20140528-0,28-MAY-2014,Embraer EMB-140 (ERJ-135KL),N299SK,"AmericanConnection, opb Chautauqua Airlines",0,Traverse Cit...,, ,A2
20140528-1,28-MAY-2014,Beech 300 Super King Air, ,private,0,"near Bruzual, Apure",, ,O1
20140530-0,30-MAY-2014,DHC-3T Texas Turbine Otter,N3125N,Alaska Air Taxi,0,"near Homer, AK",, ,A2
20140530-1,30-MAY-2014,Hawker Siddeley HS-748,C-FFFS,Wasaya Airways,0,Pickle Lake ...,, ,A2
20140531-0,31-MAY-2014,Gulfstream G-IV,N121JM,"Arizin Ventures, owb SK Travel",7,Bedford-Hans...,,,A1
20140602-0,02-JUN-2014,Beech B200 King Air,PNC-0225,Colombian Police,0,near Bahía Solano...,, ,A1
20140602-1,02-JUN-2014,Swearingen SA226-AT Merlin IV,N120SC,McNeely Charter Service,0,Dayton-Mark ...,, ,A2
20140603-0,03-JUN-2014,Ilyushin Il-96-300,RA-96010,Aeroflot,0,Moskva-Shere...,,,O1
20140606-0,06-JUN-2014,Antonov An-30B,80 yellow,Ukraine Air Force,5,near Drobyshevo,, ,C1
20140606-1,06-JUN-2014,BAe-125-700A,N770PJ ?,Unknown,,Apure,, ,C1
20140607-0,07-JUN-2014,Antonov An-2,RF-02883,private,1,"near Rybinsk, Yar...",, ,A1
20140608-0,08-JUN-2014,Antonov An-2T,SP-FDZ,Aeroklub Warminsko-Mazurski,0,near Olsztyn/Dajt...,, ,A1
20140608-1,08-JUN-2014,Boeing 737-33A,AP-BLF,Air Indus,0,Karachi-Jinn...,, ,C1
20140611-0,11-JUN-2014,ATR 72-212A (ATR 72-600),PK-WGK,Wings Air,0,Surabaya-Jua...,,,A2
20140613-0,13-JUN-2014,Cessna 525 CitationJet CJ1,PP-PIM,Planalto Indústria Mecânica,0,Aruanã Airpo...,, ,A1

20140613-1,13-JUN-2014,Airbus A310-304,EP-MNX,Mahan Air,0,Tehran-Imam ...,,,O2
20140614-0,14-JUN-2014,Ilyushin Il-76MD,76777,Ukraine Air Force,49,near Lugansk Airp...,,,C1
20140615-0,15-JUN-2014,Lockheed SP-2H Neptune,N4692A,"Minden Air Corporation, opf ",0,Fresno Yosem...,,,A1
20140617-0,17-JUN-2014,Cessna 208 Caravan I,3006,South African AF,3,"near Lydenburg, M...",, ,A1
20140618-0,18-JUN-2014,IAI 1124A Westwind II,N793BG,Synfuels Holdings Finance,3,Huntsville I...,,,A1
20140619-0,19-JUN-2014,Cessna 208B Grand Caravan,N208SM,Grant Aviation,0,"near Egegik, AK",,,A2
20140620-0,20-JUN-2014,Boeing 767-36NER,N768NA,Omni Air International,0,Kabul Airpor...,, ,A2
20140623-0,23-JUN-2014,Learjet 35A,D-CGFI,GFD,2,near Olsberg-Elpe,,,A1
20140624-0,24-JUN-2014,Airbus A310-324ET,AP-BGN,PIA,1,near Peshawar-Bac...,, ,C2
20140628-0,28-JUN-2014,Boeing 737-8AS (WL),EI-DLJ,Ryanair,0,London-Stans...,, ,A2
20140628-1,28-JUN-2014,Boeing 737-8AS (WL),EI-ENL,Ryanair,0,London-Stans...,, ,A2
20140629-0,29-JUN-2014,Airbus A330-223F,9M-MUC,"Malaysia Airlines, opf THY",0,Astana Inter...,, ,A2
20140702-0,02-JUL-2014,Fokker 50,5Y-CET,Skyward International Aviation,4,near Nairobi-Jomo...,,,A1
20140704-0,04-JUL-2014,Airbus A320-232,LZ-MDB,Air VIA,0,Leipzig Airp...,, ,A2
20140706-0,06-JUL-2014,BN-2A Islander,9Q-CYA,ITAB,0,near Chirundu,, ,A1
20140706-1,06-JUL-2014,BN-2A-26 Islander,8R-GGY,Domestic Airways,0,Monkey Mount...,, ,A1
20140710-0,10-JUL-2014,ATR 72-212A (ATR 72-500),5H-PWA,Precision Air,0,Kilimanjaro ...,, ,A2
20140714-0,14-JUL-2014,Antonov An-26,19 blue,Ukraine Air Force,2,near Izvaryne,, ,C1
20140714-2,14-JUL-2014,DHC-8-315Q Dash 8,9H-AEY,Medavia,0,Tripoli Inte...,, ,C1
20140715-0,15-JUL-2014,Airbus A330-202,5A-LAS, Libyan Airlines,0,Tripoli Inte...,,,C1
20140716-0,16-JUL-2014,Ilyushin Il-76T,5A-DNG,Libyan Air Cargo,0,Tripoli Inte...,,,C1
20140716-1,16-JUL-2014,Canadair CRJ-200ER,N845AS,"ExpressJet Airlines, opf Delta Connection",0,Atlanta-Will...,, ,A1
20140717-0,17-JUL-2014,Boeing 777-2H6ER,9M-MRD,Malaysia Airlines,298,Hrabove,,,C1
20140717-1,17-JUL-2014,Antonov An-2T,UR-BNK,Association for the Support of the Defence,0,Tarasovka Ai...,, ,C1
20140720-0,20-JUL-2014,Bombardier CRJ-900ER,5A-LAL, Libyan Airlines,0,Tripoli Inte...,, ,C1
20140720-1,20-JUL-2014,Airbus A330-202,5A-ONF, Afriqiyah Airways,0,Tripoli Inte...,,,C1
20140720-2,20-JUL-2014,ATR 72-212,S2-AFN,United Airways,0,Cox's Bazar ...,,,A1
20140722-0,22-JUL-2014,Lockheed C-130J Super Hercules,MM62190,Italian AF,0,Herat Airpor...,, ,A1
20140722-1,22-JUL-2014,Embraer EMB-110P1 Bandeirante,CX-MAS,Aeromás,0,Montevideo-C...,, ,A2
20140723-0,23-JUL-2014,ATR 72-212A (ATR 72-500),B-22810,TransAsia Airways,48,near Magong Airpo...,,,A1
20140724-0,24-JUL-2014,DC-9-83 (MD-83),EC-LTV,"Swiftair, op.for Air Algérie",116,near Gossi,,,A1
20140725-0,25-JUL-2014,DHC-6 Twin Otter 300,N190GC,Grand Canyon Airlines,0,Boulder City...,, ,A2
20140727-0,27-JUL-2014,Ilyushin Il-76M,5A-DZZ,Libyan Air Cargo,0,Tripoli Inte...,, ,C1
20140727-1,27-JUL-2014,Airbus A320-214,5A-LAI, Libyan Airlines,0,Tripoli Inte...,,,C1
20140727-2,27-JUL-2014,Ilyushin Il-76T,5A-DNJ,Unknown,0,Tripoli Inte...,,,C1
20140728-0,28-JUL-2014,Embraer EMB-110P1 Bandeirante,PT-TAW,Táxi Aéreo Ribeiro,0,near Foz do Iguaç...,,,A1
20140729-0,29-JUL-2014,Boeing 737-8AS (WL),EI-EFB,Ryanair,0,London-Stans...,, ,A2
20140806-0,06-AUG-2014,Antonov An-2R,RA-17890,Yug Line,0,"near Prototskiye,...",,,A1
20140809-0,09-AUG-2014,Canadair CRJ-900ER,N943LR,"Mesa Airlines, opf US Airways",0,San Antonio ...,, ,A2
20140810-0,10-AUG-2014,HESA IrAn-140-100,EP-GPA,Sepahan Airlines,40,near Tehran-Mehra...,, ,A1
20140810-1,10-AUG-2014,DHC-8-102,N815EX,"Piedmont Airlines, op.for US Airways Express",0,near Harrisburg I...,, ,A2
20140813-0,13-AUG-2014,Cessna 560XLS+ Citation XLS+,PR-AFA,AF Andrade Empr. e Part.,7,"Santos, SP",,,A1
20140815-0,15-AUG-2014,BAe 3102 Jetstream 31,G-GAVA,Links Air,0,Doncaster/Sh...,,,A1
20140820-0,20-AUG-2014,Cessna 208B Grand Caravan,N4698B,Martinaire,0,Raleigh/Durh...,, ,O2
20140823-0,23-AUG-2014,Let L-410UVP,9Q-CXB, Doren Air Congo,4,Mulume Munene,,,A1
20140826-0,26-AUG-2014,Cessna 208B Grand Caravan,EJC-1137,Colombian Army,0,"near Mercaderes, ...",, ,A2
20140829-0,29-AUG-2014,Beech 200 Super King Air,N70AJ,private,0,"Ibans, Mosqu...",, ,A1
20140830-0,30-AUG-2014,Antonov An-12BK,UR-DWF,Ukraine Air Alliance,7,near Tamanrasset ...,,,A1
20140831-0,31-AUG-2014,Fokker F-27 Friendship 500,5Y-SXP,Safari Express Cargo,3,near Kogatende,,,A1
20140899-0,??-AUG-2014,Antonov An-2R,UR-33590,Lugansk Airlines,0,Lugansk Airp...,, ,C1
20140906-0,06-SEP-2014,Fokker 50,5Y-BYE,"Skyward International Aviation, op.for Jubba Airways",0,Mogadishu In...,, ,A2
20140909-0,09-SEP-2014,Cessna 208B Grand Caravan,PK-RSC,Enggang Air Service,0,Mulia Airpor...,, ,A2
20140909-1,09-SEP-2014,Beech 200C Super King Air,F-GRSO,Air Loyauté,0,Nouméa-La To...,, ,A1
20140912-0,12-SEP-2014,Cessna 500 Citation I,N18FM,Plaisir en Vol,0,Athens Munic...,, ,O1
20140912-1,12-SEP-2014,Embraer EMB-145XR,N16147,"United Express, opb ExpressJet Airlines",0,Chicago-O'Ha...,, ,A2
20140914-0,14-SEP-2014,Beech 300LW Super King Air,LV-WLT,Tango Jet,2,"Nordelta, BA",,,A1
20140915-0,15-SEP-2014,Boeing 757-223 (WL),N654A,American Airlines,0,Miami Intern...,,,A1
20140917-0,17-SEP-2014,Dornier Do-128-G92 Turbo Skyservant, ,Unknown,0,near Varrelbusch ...,, ,A2
20140919-0,19-SEP-2014,Embraer Phenom 300,N322QS,NetJets,0,Conroe-Lone ...,,,A2
20140920-0,20-SEP-2014,DHC-6 Twin Otter 300,P2-KSF,Hevilift,4,near Port Moresby...,,,A1
20140920-1,20-SEP-2014,Antonov An-32RE,K2757,Indian AF,0,Chandigarh A...,,,A1
20140921-0,21-SEP-2014,Lockheed C-130H Hercules,SU-BAT/1287,Egyptian AF,6,"Kom Ashwin, ...",, ,A1
20140924-0,24-SEP-2014,Antonov An-2,RA-02322,2nd Arkhangelsk United Aviation Division,0,Shoyna Airport,, ,A2
20140926-0,26-SEP-2014,Beech A100 King Air,C-FEYT,Air Creebec,0,Timmins Airp...,,,A1
20140928-0,28-SEP-2014,DHC-6 Twin Otter 300,C-GKSN,Air Labrador,0,La Tabatière...,, ,A2
20140928-1,28-SEP-2014,PADC/BN-2A-26 Islander,N906GD,Air Flamenco,0,Ceiba-Jose A...,, ,A2
20141001-0,01-OCT-2014,Embraer ERJ-190,PH-EZV,KLM Cityhopper,0,Amsterdam-Sc...,, ,A2
20141005-0,05-OCT-2014,Embraer EMB-145LR (ERJ-145LR),N572RP,"Delta Connection, opb Chautauqua Airlines",0,New York-Joh...,, ,A2
20141005-1,05-OCT-2014,Airbus A340-212,JY-AID,Royal Jordanian,0,New York-Joh...,, ,A2
20141007-0,07-OCT-2014,Boeing 737-8AS (WL),EI-EMH,Ryanair,0,Dublin Airpo...,,,A2
20141007-1,07-OCT-2014,Boeing 737-8AS (WL),EI-EKK,Ryanair,0,Dublin Airpo...,,,A2
20141012-0,12-OCT-2014,BAe 3101 Jetstream 31,HI816,ACSA - Air Century,0,Punta Cana I...,,,A1
20141013-0,13-OCT-2014,Cessna 525A CitationJet CJ2,OE-FLP,Fly Tyrol,0,Milano-Linat...,, ,A1
20141016-0,16-OCT-2014,Dassault Falcon 50,UR-CCC,CABI Airlines,0,Donetsk Airp...,, ,C1
20141016-1,16-OCT-2014,Beech 200 Super King Air,YVO107,SATA,0,Los Roques A...,, ,A2
20141019-0,19-OCT-2014,Grumman American G-1159 Gulfstream ,XB-NKS,Unknown,,near Calabozo,, ,C1
20141020-0,20-OCT-2014,Dassault Falcon 50EX,F-GLSA,Unijet,4,Moskva-Vnuko...,,,A1
20141020-1,20-OCT-2014,Dornier 328-110,D-CPWF,Private Wings,0,Braunschweig...,, ,A2
20141022-0,22-OCT-2014,Boeing 757-232 (WL),N67171,Delta Air Lines,0,Minneapolis-...,, ,A2
20141022-1,22-OCT-2014,Embraer ERJ-175,N622CZ,"Delta Connection, opb Compass Airlines",0,Minneapolis-...,,,A2
20141024-0,24-OCT-2014,Cessna F406 Caravan II,F-ZBEP,French Customs,0,Lorient-Lann...,, ,A2
20141024-1,24-OCT-2014,Cessna 208 Caravan I,XA-WET,FlyWet,0,Laguna de Tr...,, ,A1
20141025-0,25-OCT-2014,Let L-410UVP,9Q-COT,Biega Airways,0,near Shabunda Air...,, ,A1
20141025-1,25-OCT-2014,Learjet 35A,D-CFAX,FAI Air Service,0,Tamanrasset-...,,,A1
20141028-0,28-OCT-2014,Beech B100 King Air,N702TD,private,0,Toussus-le-N...,, ,A2
20141029-0,29-OCT-2014,Shorts 360-200,N380MQ,SkyWay Enterprises,2,near Sint Maarten...,,,A1
20141030-0,30-OCT-2014,Beech B200 King Air,N52SZ,Gilleland Aviation,1+ 3,Wichita-Mid-...,,,A1
20141101-0,01-NOV-2014,DH-114 Heron,N82D,private,0,Santa Cruz-V...,, ,A2
20141103-0,03-NOV-2014,Beech 200 Super King Air,XB-LRI,Unknown,,"near Elorza, Apur...",, ,C1
20141106-0,06-NOV-2014,DHC-8-402Q Dash 8,C-GGBF,"Air Canada Express, opb Jazz Aviation",0,Edmonton Int...,,,A2
20141106-1,06-NOV-2014,Boeing 737-86J (WL),VT-SGK,SpiceJet,0,Surat Gujara...,, ,A2
20141107-0,07-NOV-2014,Boeing 737-4Y0,YA-PIE, Ariana Afghan Airlines,0,Kabul Airpor...,,,A1
20141109-0,09-NOV-2014,Learjet 35A,N17UF,Diplomat Aviation (Ba.),9,near Freeport-Gra...,, ,A1
20141114-0,14-NOV-2014,BAe BAe-748-399 Srs. 2B LFD,5Y-BVQ,Global Airlift,2,Panyagor Air...,,,A1
20141120-0,20-NOV-2014,Cessna 208B Grand Caravan,C-FKAY,Air Tindi,0,"near Yellowknife, NT",,,A2
20141121-0,21-NOV-2014,Embraer Phenom 100,N584JS,JetSuite,0,Houston-Suga...,,,A1
20141124-0,24-NOV-2014,Gulfstream III,N103CD,World Heir,0,London-Biggi...,, ,A1
20141124-1,24-NOV-2014,Boeing 737-883,LN-RRS,SAS,0,Stavanger-So...,, ,A2
20141125-0,25-NOV-2014,Beech B300 King Air 350,RA-02778,Air Samara,0,Samara-Kurum...,,,A2
20141127-0,27-NOV-2014,Lockheed C-130M Hercules,2470,Brazilian AF,0,Teniente Rod...,, ,A2
