identifiant,date,type,registration,operator,fat.,location, ,pic,cat

19380104-0,04-JAN-1938,Junkers Ju-52/3mte,D-ABUR,Deutsche Lufthansa,6,near Frankfurt,, ,A1
19380110-0,10-JAN-1938,Lockheed 14-H Super Electra,NC17388,Northwest Airlines,10,"near Bozeman, MT",, ,A1
19380111-0,11-JAN-1938,Sikorsky S-42B,NC16734,Pan Am,7,"near Pago Pago, A...",, ,A1
19380113-2,13-JAN-1938,Junkers Ju-52/3m, ,Aviación Nacional,,Barcelona,, ,A1
19380202-0,02-FEB-1938,Consolidated PBY-2 Catalina,0463,US Navy,3,near San Clemente...,, ,A1
19380202-1,02-FEB-1938,Consolidated PBY-2 Catalina,0462,US Navy,7,near San Clemente...,, ,A1
19380207-0,07-FEB-1938,Junkers Ju-90V1,D-AALU,Junkers,1,Dessau,, ,A1
19380209-0,09-FEB-1938,Lioré-et-Olivier H.242/1,F-ANPB,Air France,7,Étang de Berre,, ,A1
19380213-0,13-FEB-1938,CANT Z.506,I-ORIA,Ala Littoria,14,"near Sardinia, Italy",, ,A1
19380222-0,22-FEB-1938,Junkers Ju-52/3mge,D-APAR,Deutsche Lufthansa,3,near Pontoise,, ,A1
19380299-0,??-FEB-1938,Fokker F.XX,EC-45-E,LAPE,,Barcelona-El...,,,U1
19380301-0,01-MAR-1938,Douglas DC-2-112,NC13789,TWA,9,"near Wawona, CA",, ,A1
19380307-0,07-MAR-1938,Potez 62,F-ANQR,Air France,7,"Datia, Madhy...",, ,A1
19380317-0,17-MAR-1938,Tupolev G-2,CCCP-N210,Polyarnaya Aviatsiya,0,Buhkta Teplits,, ,A1
19380323-0,23-MAR-1938,Dewoitine D.338,F-AQBB,Air France,8,French Pyrénées,, ,A1
19380328-0,28-MAR-1938,WM Fokker F.VIIIb,HA-FND,Malert,,near Nyíregyháza,, ,A1
19380330-0,30-MAR-1938,Junkers Ju-52/3m,I-BEZI,Ala Littoria,0,near Venezia Lido...,, ,A1
19380425-0,25-APR-1938,Sikorsky S-43B,NC16932,Pan Am,0,near Kingston,, ,A1
19380430-0,30-APR-1938,Savoia-Marchetti S.73,I-MEDA,Ala Littoria,19,"Maranola, Fo...",, ,A1
19380510-0,10-MAY-1938,Ford 5-AT-C Tri-Motor,3,LAN Chile,0,,, ,U1
19380513-0,13-MAY-1938,Ford 5-AT-DS Tri-Motor,C-60,SCADTA,0,near Quibdó,, ,A1
19380516-0,16-MAY-1938,Lockheed 14-H2 Super Electra,NC17394,Northwest Airlines,9,"near Saugus, CA",,,A1
19380522-0,22-MAY-1938,Curtiss T-32C Condor II,1,LAN Chile,,Domeyko,, ,A1
19380522-1,22-MAY-1938,Junkers Ju-52/3mge,PP-CBC,Syndicato Condor,6,Santos Airpo...,, ,A1
19380524-0,24-MAY-1938,Douglas DST-A-207A (DC-3),NC18108,United Airlines,10,near Cleveland Mu...,, ,A1
19380619-0,19-JUN-1938,Douglas DC-2-118A,NC14272,Panagra,4,Mt Mercedario,, ,A1
19380626-0,26-JUN-1938,Junkers Ju-52/3mge,OA-HHB,Deutsche Lufthansa Sucursal Perú,7,Cerro Chilligua,, ,A1
19380702-0,02-JUL-1938,Curtiss YC-30 Condor II,33-321,USAAC,0,Maxwell Fiel...,, ,A1
19380708-0,08-JUL-1938,Lockheed 14-H Super Electra,NC17383,Northwest Airlines,1,Billings Mun...,, ,A1
19380714-0,14-JUL-1938,Savoia-Marchetti S-66,I-VOLO,Ala Littoria,20,"near Terranova, S...",, ,A1
19380715-0,15-JUL-1938,Douglas DC-3-228,NC18114,Pan Am,0+ 1,"Morón, BA",, ,A1
19380716-0,16-JUL-1938,Junkers Ju-52/3mge,XXI,Eurasia,,Wuhan (Hankow),, ,A1
19380722-0,22-JUL-1938,Lockheed 14-H Super Electra,SP-BNG,LOT,14,"Negrileasa, ...",, ,A1
19380727-0,27-JUL-1938,A.W. AW.15 Atalanta,G-ABTG,Imperial Airways,4,near Kisumu,, ,A1
19380728-0,28-JUL-1938,Martin M-130,NC14714,Pan Am,15,"near Manila, Phil...",, ,A1
19380810-0,10-AUG-1938,WM Fokker F.VIIIb,HA-FNC,Malert,12,near Debrecen Air...,, ,A1
19380811-0,11-AUG-1938,Ford 5-AT-C Tri-Motor,NC8413,Private,0,"Mankato, MN",, ,O1
19380813-0,13-AUG-1938,Savoia-Marchetti S.73,OK-BAG,CSA,17,Oberkirch,, ,A1
19380815-0,15-AUG-1938,Junkers Ju-52/3mfe,PP-CAT,Syndicato Condor,9,Guanabara Bay,, ,A1
19380818-0,18-AUG-1938,Lockheed 14-H Super Electra,SP-BNJ,LOT,0,Bucharest-Ba...,, ,A1
19380818-1,18-AUG-1938,Macchi M.C.94-II,I-NILO,Macchi,13,Mornago (Var...,, ,A1
19380820-2,20-AUG-1938,Junkers Ju-52/3m, ,Aviación Nacional,,,, ,A1
19380824-0,24-AUG-1938,Douglas DC-2-221,32,CNAC,14,Wangmoon,, ,C2
19380903-0,03-SEP-1938,Ford 5-AT-D Tri-Motor,NC435H,Johnson Flying Service,0,"Big Prairie, MT",,,A1
19380907-0,07-SEP-1938,CANT Z.506C,I-DENO,Ala Littoria,,Melilla,, ,A1
19380920-0,20-SEP-1938,Short Sunderland I,L2162,RAF,2,"Angle Bay, M...",, ,A1
19381001-0,01-OCT-1938,Junkers Ju-52/3mte,D-AVFB,Deutsche Lufthansa,13,Grisons (Gra...,, ,A1
19381001-1,01-OCT-1938,Junkers G.24,PP-CAB,Syndicato Condor,0,"Coruripe, AL",, ,A1
19381010-0,10-OCT-1938,Sabca Savoia-Marchetti S.73P,OO-AGT,Sabena,20,Soest,, ,A1
19381018-0,18-OCT-1938,Douglas DC-2-112,NC13735,Eastern Air Lines,0,near Montgomery M...,, ,A1
19381020-0,20-OCT-1938,Ford 4-AT-B Tri-Motor,NC7865,Private,1,Powellsville...,, ,A1
19381025-0,25-OCT-1938,Douglas DC-2-210,VH-UYC,ANA,18,Mt Dandenong...,, ,A1
19381104-0,04-NOV-1938,DH.86 Express,G-ACZN,Jersey Airways,13+ 1,Jersey-State...,, ,A1
19381110-0,10-NOV-1938,Douglas DC-3,J-BDO.,Japan Air Transport,,Fukuoka,, ,A1
19381114-0,14-NOV-1938,Douglas DC-3-194D,PH-ARY,KLM,6,Amsterdam-Sc...,,,A1
19381118-0,18-NOV-1938,Consolidated PBY-2 Catalina,0482,US Navy,2,near Hawaii,, ,A1
19381118-1,18-NOV-1938,Lockheed 14-H2 Super Electra,CF-TCL,TCAL,2,near Regina Airpo...,, ,A1
19381122-0,22-NOV-1938,Lockheed 14-WF62 Super Electra,G-AFGO,British Airways,2,"Walton Bay, ...",, ,A1
19381122-1,22-NOV-1938,Savoia-Marchetti SM-75C,I-TUON,Ala Littoria,4,near Winklern,, ,A1
19381125-2,25-NOV-1938,Junkers Ju-52/3m, ,German AF,4,near Bayreuth,, ,A1
19381126-0,26-NOV-1938,Junkers Ju-90V2,D-AIVI,Deutsche Lufthansa,12,Bathurst (Ba...,, ,A1
19381127-0,27-NOV-1938,Short S.23 Empire Flying Boat Mk I,G-AETW,Imperial Airways,4,Lake Habbaniyah,,,A1
19381129-0,29-NOV-1938,Douglas DC-3A-191,NC16066,United Airlines,5,"near Point Reyes, CA",, ,A1
19381202-0,02-DEC-1938,Junkers Ju-52/3mte,D-ANOY,Deutsche Lufthansa,0,near Vienna,, ,A1
19381203-0,03-DEC-1938,DH.86 Express,G-ADCN,Imperial Airways,,Bangkok,, ,U1
19381206-1,06-DEC-1938,Focke-Wulf Fw 200,D-ACON,Deutsche Lufthansa,0,near Manila,,,A1
19381208-0,08-DEC-1938,Nakajima/Douglas DC-2,J-BBOH,Imperial Japanese Airways,10,near Kerama Islands,, ,A1
19381209-0,09-DEC-1938,Lockheed 14-WF62 Super Electra,PH-APE,KLM,4,near Amsterdam-Sc...,, ,A1
19381210-0,10-DEC-1938,Lockheed 14-WG3B Super Electra,J-BDOB,Imperial Japanese Airways,,Tsingtao (Qu...,, ,A1
19381211-0,11-DEC-1938,Junkers Ju-52/3mge,HC-SAB,SEDTA,0,Quito-Cotoco...,, ,A1
