identifiant,date,type,registration,operator,fat.,location, ,pic,cat

19570701-0,01-JUL-1957,Douglas C-47A (DC-3),AP-AJS,PIA,24,near Charlakhi Is...,, ,A1
19570703-0,03-JUL-1957,Lockheed 414-56-11 Hudson,CF-CRL,"The Photographic Survey Co., op.for Kenting Aviation",4,near Rupert House...,, ,A1
19570703-1,03-JUL-1957,Lisunov Li-2,CCCP-L4825,Aeroflot / Turkmenistan,8,near Stavropol,, ,A1
19570703-2,03-JUL-1957,CASA 352 (Ju-52),T.2B-208,Spanish AF,1,near Rio Martil,, ,A1
19570708-1,08-JUL-1957,Junkers Ju-52/3m,T.2B-...,Spanish AF,0,near Meco,, ,A1
19570710-0,10-JUL-1957,Lockheed L-749 Constellation (C-121,ET-T-35,Ethiopian Air Lines,0,near Khartoum,, ,A1
19570710-1,10-JUL-1957,Lockheed 18 Lodestar,N45378,private,6,King Salmon ...,, ,A1
19570715-0,15-JUL-1957,Curtiss C-46D,HK-400,Aerocondor de Colombia,0,Barranquilla...,, ,A2
19570716-0,16-JUL-1957,Lockheed L-1049C-55-81 Super Conste,PH-LKT,KLM,58,near Biak-Mokmer ...,,,A1
19570716-1,16-JUL-1957,Douglas C-47A (DC-3),43-15867,USAF,16,near Hsinchu,, ,A1
19570718-0,18-JUL-1957,Boeing KC-97G Stratofreighter,52-2737,USAF,5,"near Port Kent, NY",, ,A1
19570718-1,18-JUL-1957,DHC-3 Otter,F-BHEK,Aigle Azur Extrême Orient,0,Sam Neua Air...,, ,A1
19570719-0,19-JUL-1957,Lockheed P2V-6 Neptune,126535,US Navy,11,Fiera di Pri...,, ,A1
19570721-0,21-JUL-1957,Lockheed P2V-7 Neptune,140156,US Navy,9,near Pinerolo,, ,A1
19570723-0,23-JUL-1957,Lockheed P2V-5 Neptune,128418,US Navy,10,near Barbers Poin...,, ,A1
19570725-0,25-JUL-1957,Convair CV-240-1,N8406H,Western Air Lines,1,"near Daggett, CA",, ,C2
19570725-1,25-JUL-1957,U-1A Otter (DHC-3),55-3326,US Army,0,San Giorgio ...,, ,A1
19570807-0,07-AUG-1957,Ilyushin Il-12P,CCCP-L1828,Aeroflot / Far East,1,Magdagachi A...,, ,A1
19570807-1,07-AUG-1957,Lockheed P2V Neptune, ,US Navy,0,"near Hickerson, KS",, ,A1
19570808-0,08-AUG-1957,Boeing C-97, ,USAF,0,Hilo-General...,, ,A2
19570811-0,11-AUG-1957,Douglas DC-4,CF-MCF,Maritime Central Airways,79,"near Issoudun, QC",,,A1
19570812-0,12-AUG-1957,Nord 2501 Noratlas,82/F-SDDX,French AF,11,Bizerte,, ,A1
19570812-1,12-AUG-1957,Martin PBM-5A Mariner,P-312,Dutch Navy,9,Merauke-Mopa...,, ,A1
19570815-0,15-AUG-1957,Ilyushin Il-14P,CCCP-L1874,Aeroflot / Moscow,23,near København-Ka...,, ,A1
19570816-0,16-AUG-1957,Lockheed L-1049G Super Constellatio,PP-VDA,Varig,1,near Cabarete,, ,A1
19570817-0,17-AUG-1957,Ilyushin Il-14M,CCCP-L2071,Aeroflot / Ukraine,5,Kiev,, ,A1
19570817-1,17-AUG-1957,Ilyushin Il-14D,CCCP-L1360,Aeroflot / Ukraine,4+ 6,Kiev,, ,A1
19570820-0,20-AUG-1957,Douglas C-53 (DC-3),VT-ARH,Indamer,8,within Assam,, ,A1
19570821-0,21-AUG-1957,Consolidated PBY-5A Catalina,ZP-CBB,TAM Paraguay,2,near Asunción,, ,A1
19570822-0,22-AUG-1957,Vickers Valetta C.1,VX491,RAF,3,Perak,, ,A1
19570822-1,22-AUG-1957,Grumman HU-16E Albatross,1259,US Coast Guard,4,near Brooklyn CGA...,, ,A1
19570824-0,24-AUG-1957,Lockheed 18 Learstar I,D-COCA,private,3,near Krumpendorf,, ,A1
19570827-0,27-AUG-1957,Douglas Dakota IV (DC-3),KN649,RAF,3,near Dishforth RA...,, ,A1
19570828-2,28-AUG-1957,Short Sunderland GR.5,1703,South African AF,0,,, ,A1
19570829-0,29-AUG-1957,Douglas C-47B (DC-3),XH-SAF,SAHSA,12,near Juticalpa Ai...,, ,A1
19570830-0,30-AUG-1957,Scottish Aviation Twin Pioneer 1,JZ-PPX,Kroonduif,2,near Japen Island,, ,A1
19570830-1,30-AUG-1957,Ilyushin Il-14D,CCCP-L1440,Aeroflot / Ukraine,7,"near Slovita, Lvo...",, ,A1
19570831-0,31-AUG-1957,Douglas C-124C Globemaster II,52-1021,USAF,5,near El Paso Inte...,,,A1
19570831-1,31-AUG-1957,UC-1 Otter (DHC-3),142426,US Navy,0,Little Ameri...,, ,O1
19570901-0,01-SEP-1957,Handley Page HP.81 Hermes IVA,G-AKFP,Airwork,0,Calcutta-Dum...,,,A1
19570901-1,01-SEP-1957,Douglas C-47A (DC-3),VT-AUA,Indian Airlines,4,Calcutta-Dum...,,,A1
19570903-0,03-SEP-1957,Douglas R4D-1 (DC-3),YV-C-AVG,"AVENSA, op.for Socony Mobil Oil",8,Niquitao,, ,A1
19570904-0,04-SEP-1957,Douglas C-124A Globemaster II,51-5173,USAF,0,Binghamton A...,, ,A1
19570905-0,05-SEP-1957,Avro Shackleton MR.1A,WB861,RAF,0,Ballykelly-R...,, ,A1
19570911-0,11-SEP-1957,Bristol 170 Freighter 21E,EC-AEH,Aviaco,0,Tetuan Airpo...,, ,A1
19570913-0,13-SEP-1957,Douglas R4D-6L (DC-3),17274,US Navy,0,McMurdo Stat...,, ,A1
19570914-0,14-SEP-1957,Avro Shackleton MR.2,WL792,RAF,0,Gibraltar-No...,, ,A1
19570915-0,15-SEP-1957,Douglas C-53-DO (DC-3),N34417,Northeast Airlines,12,"New Bedford, MA",, ,A1
19570918-0,18-SEP-1957,Convair CV-440-62,PP-AQE,REAL,1,near Montevideo-C...,, ,A1
19570920-0,20-SEP-1957,Curtiss C-46A,PP-LEI,Western Hemisphere Import Export Co.,0,near Panagarh,, ,A1
19570920-1,20-SEP-1957,Vickers Varsity T.1,WL640,RAF,5,"Falstone, No...",, ,A1
19570923-0,23-SEP-1957,Lockheed P2V-7 Neptune  ,135619,US Navy,,"Alameda NAS,...",, ,A1
19570926-1,26-SEP-1957,Vickers 610 Viking 1B,D-ADEL,Karl Herfurtner,0,Palma de Mal...,, ,A1
19570928-0,28-SEP-1957,DH-114 Heron 1B,G-AOFY,BEA,3,Islay-Gleneg...,, ,A1
19570930-0,30-SEP-1957,Douglas DC-4-1009,JA6011,JAL,0,Osaka-Itami ...,, ,A1
19571001-0,01-OCT-1957,Consolidated PBY-5A Catalina,CF-HFL,Eastern Provincial Airways,0,"near Goose Bay, NL",, ,A1
19571001-1,01-OCT-1957,Ilyushin Il-12P,CCCP-L1389,Aeroflot / East Siberia,27,near Akshi,, ,A1
19571002-0,02-OCT-1957,Douglas C-47A (DC-3),43-15209,USAF,0,near Iwo Jima Air...,, ,A1
19571003-0,03-OCT-1957,Curtiss C-46A,OD-ACK,Lebanese International,27,near Beirut Inter...,, ,A1
19571003-1,03-OCT-1957,Antonov An-2,CCCP-N567,Polyarnaya Aviatsiya,0,Chukotka,, ,A1
19571004-0,04-OCT-1957,Douglas C-47A (DC-3),CF-DGJ,Eldorado Aviation,0,near Fort McMurra...,, ,A1
19571004-1,04-OCT-1957,Douglas C-47D (DC-3),43-48520,USAF,,,, ,A1
19571006-0,06-OCT-1957,Lockheed 18 Lodestar,N80G,Standard Oil Company,6,"near Uniontown, PA",, ,A1
19571008-0,08-OCT-1957,Bristol 170 Freighter 21E,HZ-AAC,Saudi Arabian,0,Taraif,, ,A1
19571010-0,10-OCT-1957,Douglas C-47A (DC-3),43-48006,USAF,,unknown,, ,A1
19571010-1,10-OCT-1957,Lockheed P2V-7 Neptune  ,135566,US Navy,,"near Kodiak NAS, ...",, ,A1
19571011-0,11-OCT-1957,Douglas C-47A (DC-3),L2-2/90,Thai AF,0,Sunahawa,, ,A1
19571011-1,11-OCT-1957,Martin PBM-5A Mariner,P-307,Dutch Navy,0,Valkenburg A...,, ,A1
19571011-2,11-OCT-1957,Douglas C-47A (DC-3),42-92939,USAF,0,"near Butler, MO",, ,A1
19571012-2,12-OCT-1957,Junkers Ju-52/3msai,T-153,Argentine AF,0,"Cafayate, SA",, ,A1
19571018-0,18-OCT-1957,Douglas C-47A (DC-3),PP-VCS,Varig,3,Porto Alegre...,, ,A1
19571020-0,20-OCT-1957,Vickers 806 Viscount,G-AOYF,Vickers-Armstrongs,0,Johannesburg...,, ,A1
19571020-1,20-OCT-1957,Lockheed 18 Lodestar,ZK-BMC,Fieldair,2,Bideford,, ,A1
19571021-0,21-OCT-1957,Handley Page Hastings C.1,TG615,RAF,0,near Colerne RAF ...,, ,A1
19571022-0,22-OCT-1957,Lockheed P2V-6 Neptune,126539,French Navy,8,near Oran,, ,A1
19571023-0,23-OCT-1957,Vickers 802 Viscount,G-AOJA,BEA,7,Belfast-Nutt...,, ,A1
19571026-0,26-OCT-1957,DH-114 Heron 2D,EC-AOA,Aviaco,0,San Sebastiá...,, ,A1
19571027-0,27-OCT-1957,Ilyushin Il-12P,CCCP-N442,Aeroflot / Polar,1,North Pole d...,, ,A1
19571028-0,28-OCT-1957,Douglas C-47A (DC-3),EC-ACH,Iberia,21,near Getafe,,,A1
19571028-1,28-OCT-1957,Fairchild C-82A Packet,XA-LIW,TAMSA,3,near Mérida Airpo...,, ,A1
19571029-0,29-OCT-1957,Boeing KC-97G Stratofreighter,52-2711,USAF,16,"near Flagstaff, AZ",, ,A1
19571030-0,30-OCT-1957,Handley Page Marathon T.2,XA256,RAF,,,, ,U1
19571102-0,02-NOV-1957,Douglas C-54 (DC-4),F-BHKY,Air France,0,Toulouse,, ,O1
19571102-1,02-NOV-1957,Vickers 610 Viking 1B,CR-IAD,TAIP,0,Karachi Inte...,, ,A1
19571102-2,02-NOV-1957,Vickers Valetta T.3,WJ470,RAF,0,Guernsey Air...,, ,A1
19571103-0,03-NOV-1957,Douglas C-54A (DC-4),D-ALAF,Karl Herfurtner,6+ 1,near Düsseldorf A...,, ,A1
19571104-0,04-NOV-1957,Ilyushin Il-14P,YR-PCC,Romanian Government,4,Moskva-Vnuko...,, ,A1
19571104-1,04-NOV-1957,Douglas C-54A (DC-4),PP-AXS,REAL,0,near Praia da Bal...,, ,A1
19571104-2,04-NOV-1957,Douglas C-47 (DC-3),VH-EWF,East West Airlines,0,near Sydney-Kings...,,,A2
19571106-0,06-NOV-1957,Bristol 175 Britannia 301,G-ANCA,UK Ministry of Supply,15,Downend,, ,A1
19571106-1,06-NOV-1957,Curtiss C-46A,N10425,Aerovias Sud Americana,0+ 2,Guatemala City,, ,A1
19571108-0,08-NOV-1957,Boeing 377 Stratocruiser,N90944,Pan Am,44,"near Honolulu, HI",, ,A1
19571114-0,14-NOV-1957,Martin 4-0-4,N492A,Eastern Air Lines,0,Massena-Rich...,, ,A1
19571115-0,15-NOV-1957,DH-114 Heron 2D,EC-ANZ,Aviaco,4,near Son Bonet Ai...,, ,A1
19571115-1,15-NOV-1957,Shorts S.45 Solent 3,G-AKNU,Aquila Airways,45,Chessel Down,, ,A1
19571116-0,16-NOV-1957,Handley Page Marathon T.2,XA251,RAF,,,, ,U1
19571117-0,17-NOV-1957,Vickers 802 Viscount,G-AOHP,BEA,0,near Ballerup,, ,A1
19571121-0,21-NOV-1957,Bristol 170 Freighter 31,ZK-AYH,Straits Air Freight Express,4,Christchurch,, ,A1
19571122-0,22-NOV-1957,Martin PBM-5A Mariner,P-305,Dutch Navy,0,near Middelharnis...,, ,A1
19571123-0,23-NOV-1957,Douglas C-47D (DC-3),43-49403,Air National Guard,4,near Gustavus Air...,, ,A1

19570102-0,02-JAN-1957,Douglas C-47 (DC-3),I-LEDA,LAI,0,Reggio Calab...,, ,A1
19570103-0,03-JAN-1957,Douglas C-47, ,Thai AF,3,Tak Province,, ,A1
19570106-0,06-JAN-1957,Convair CV-240-0,N94247,American Airlines,1,near Tulsa Munici...,, ,A1
19570108-0,08-JAN-1957,Avro 685 York C.1,CF-HIQ,TransAir,0,near Rankin Inlet...,, ,A1
19570111-0,11-JAN-1957,Vickers 615 Viking 1B,T-11,"LADE, opb Argentine AF",17+ 1,Buenos Aires...,, ,A1
19570115-0,15-JAN-1957,Douglas C-118A (DC-6),53-3263,USAF,0,Tacoma-McCho...,, ,O1
19570115-1,15-JAN-1957,Douglas C-124C Globemaster II,52-1027,USAF,0,Tacoma-McCho...,, ,O1
19570122-0,22-JAN-1957,Douglas R5D-3 (DC-4),50869,US Navy,1,Grosse Ile N...,, ,A1
19570122-1,22-JAN-1957,Douglas C-47B (DC-3),14655/F-RAVM,French AF,8,Vall de Núri...,, ,A1
19570122-2,22-JAN-1957,Boeing KC-97G Stratofreighter,53-0222,USAF,7,near Rome-Griffis...,,,A1
19570122-3,22-JAN-1957,Lockheed Neptune MR.1,WX511,RAF,0,Forres-Kinlo...,, ,A1
19570123-0,23-JAN-1957,Douglas R4D-5 (DC-3),AN-AEC,LANICA,16,Ometepe Island,, ,A1
19570127-0,27-JAN-1957,Douglas C-124C Globemaster II,50-0088,USAF,0,near Anchorage-El...,, ,A1
19570129-0,29-JAN-1957,SNCASE SE.2010 Armagnac,F-BAVG,SAGETA,2,Paris-Orly A...,, ,A1
19570131-0,31-JAN-1957,Douglas DC-7B,N8210H,Douglas,4+ 3,"near Sunland, Los...",,,A1
19570201-0,01-FEB-1957,Douglas DC-6A,N34954,Northeast Airlines,20,Rikers Islan...,, ,A1
19570208-0,08-FEB-1957,Douglas C-47 (DC-3),IJ821,Indian AF,8,"near Kohima, Naga...",, ,A1
19570214-0,14-FEB-1957,Lockheed P2V Neptune, ,US Navy,0,"near Son Bonet, M...",, ,A1
19570219-0,19-FEB-1957,Douglas C-47B (DC-3),PP-YQF,REAL,0,Rio de Janei...,, ,A2
19570222-0,22-FEB-1957,Douglas C-124A Globemaster II,51-0141,USAF,21,near Seoul-Gimpo ...,, ,A1
19570223-0,23-FEB-1957,Junkers Ju-52/3m,PT-AUX,VASP,6,"near Salesópolis, SP",, ,A1
19570226-0,26-FEB-1957,Douglas C-47D (DC-3),43-49792,USAF,3,Fukuoka,, ,A1
19570227-0,27-FEB-1957,Vickers Valetta C.1,VL279,RAF,,,, ,A1
19570299-0,??-FEB-1957,Grumman UF-1 Albatross,131903,US Navy,,,, ,A1
19570302-0,02-MAR-1957,Douglas C-54B (DC-4),N90449,Alaska Airlines,5,"near Blyn, WA",,,A1
19570304-0,04-MAR-1957,Curtiss C-46D,51-1110,JASDF,17,near Yonago-Miho ...,, ,A1
19570305-0,05-MAR-1957,Blackburn Beverley C.1,XH117,RAF,18+ 2,Sutton Wick,, ,A1
19570305-1,05-MAR-1957,Fairchild C-119 Flying Boxcar, ,USAF,0,"Columbia, SC",, ,A1
19570305-2,05-MAR-1957,Douglas DC-7,N316AA,American Airlines,0,"near Memphis, TN",, ,A2
19570309-0,09-MAR-1957,Douglas C-47 (DC-3),HK-155,Avianca,15,near Túluá,, ,A1
19570310-0,10-MAR-1957,Martin 4-0-4,N453A,Eastern Air Lines,0,Louisville-S...,,,A1
19570312-0,12-MAR-1957,Douglas VC-47A (DC-3),43-47979,USAF,4,near Hakuba,, ,A1
19570313-0,13-MAR-1957,Douglas C-47A (DC-3),VT-CFB,Indian Airlines,2+ 3,Kingsway Camp,, ,A1
19570313-2,13-MAR-1957,Consolidated PBY-5A Catalina,FAC-620,Colombian AF,12,near Natagaima,, ,A1
19570314-0,14-MAR-1957,Vickers 701 Viscount,G-ALWE,BEA,20+ 2,Wythenshawe,,,A1
19570317-0,17-MAR-1957,Douglas C-47A (DC-3),2100925,Philippine AF,26,near Cebu,,,A1
19570318-0,18-MAR-1957,Douglas C-53 (DC-3),CP-535,LAB,19,near Sayari,, ,A1
19570319-0,19-MAR-1957,Douglas C-47 (DC-3),CF-ILY,Northern Wings,0,Sept-Îles Ai...,,,A1
19570319-1,19-MAR-1957,Douglas C-47B (DC-3),XY-ADB,Union of Burma Airways,0,Loikaw Airpo...,, ,A1
19570319-2,19-MAR-1957,Douglas C-47B (DC-3),A65-112,RAAF,4,"Duntroon, ACT",, ,A1
19570322-0,22-MAR-1957,Boeing C-97C Stratofreighter,50-702,USAF,67,"near Tokyo, Japan",, ,A1
19570327-0,27-MAR-1957,Handley Page Marathon T.2,XA255,RAF,0,Topcliffe RA...,, ,A1
19570327-1,27-MAR-1957,PBV-1A Canso (PBY-5A),CF-HGE,Eastern Provincial Airways,0,"near Sept-Îles, QC",, ,A1
19570329-0,29-MAR-1957,Lisunov Li-2,CCCP-L4967,Aeroflot / Privolzhsk,4,near Ulyanovsk,, ,A1
19570402-0,02-APR-1957,Douglas C-124A Globemaster II,51-5176,USAF,0,Cambridge Ba...,, ,A1
19570402-2,02-APR-1957,Lockheed P2V-6 Neptune,126518,US Navy,11,near Chincoteague...,, ,A1
19570405-0,05-APR-1957,Douglas C-47A (DC-3),CF-JNN,World Wide Airways,0,Hall Beach A...,,,A2
19570407-0,07-APR-1957,Curtiss C-46A,PP-VCF,Varig,40,Bagé Airport...,, ,A1
19570408-0,08-APR-1957,Douglas C-47B (DC-3),F-BEIK,Air France,32,near Biskra Airpo...,, ,A1
19570410-2,10-APR-1957,Douglas C-47A (DC-3),PP-ANX,REAL,26,Ilha Anchiet...,, ,A1
19570411-0,11-APR-1957,PBV-1A Canso (PBY-5A),CF-FZJ,Northern Wings,2,"near Manicouagon, QC",,,A1
19570411-1,11-APR-1957,Curtiss C-46A,CC-CNC-466,Transa Chile,0,Arica,, ,A1
19570412-0,12-APR-1957,Douglas C-47 (DC-3),YV-C-AFA,LAV,3,near Calabozo,, ,A1
19570412-1,12-APR-1957,Lockheed P2V-5 Neptune,131452,US Navy,6,Brunswick NA...,, ,A1
19570415-0,15-APR-1957,Consolidated C-87,XA-KUN,TAMSA,3+ 1,near Mérida-Rejon...,, ,A1
19570415-1,15-APR-1957,DHC-3 Otter,3675,RCAF,,,, ,A1
19570416-0,16-APR-1957,Grumman UF-1 Albatross, ,US Navy,4,"near Beaufort, SC",, ,A1
19570417-0,17-APR-1957,Lockheed WV-2 Super Constellation,141314,US Navy,0,Argentia Nav...,,,A1
19570417-1,17-APR-1957,Vickers Valetta C.1,VW832,RAF,26,Queria,,,A1
19570417-2,17-APR-1957,Douglas C-47A (DC-3),42-6071,Turkish AF,0,,, ,A1
19570418-0,18-APR-1957,Douglas DC-4,NC88839,Capital Airlines,0,Pittsburgh I...,, ,A1
19570421-0,21-APR-1957,Douglas DC-3C,N65276,Frontier Airlines,0,"near Phoenix, AZ",, ,A2
19570422-0,22-APR-1957,Fairchild C-119 Flying Boxcar, ,USAF,4,near Yawata,, ,A1
19570426-0,26-APR-1957,Nord 2501 Noratlas,40,French AF,5,Melun/Villar...,, ,A1
19570426-1,26-APR-1957,Ilyushin Il-14, ,Bulgarian AF,6,near Varna Airpor...,, ,A1
19570501-0,01-MAY-1957,Vickers 610 Viking 1B,G-AJBO,Eagle Aviation,34,Star Hill,,,A1
19570505-0,05-MAY-1957,Douglas C-47A (DC-3),VT-AUV,Indian Airlines,1,Santoshpur v...,, ,A1
19570505-1,05-MAY-1957,Douglas C-47A (DC-3),FAH-300,Honduras AF,,near Villa Herradura,, ,A1
19570505-2,05-MAY-1957,Antonov An-2,CCCP-L3807,Aeroflot / Magadan,0,Tanyurer,, ,A1
19570507-0,07-MAY-1957,Vickers Valetta C.1,VW184,RAF,0,near Shihr,, ,A1
19570508-0,08-MAY-1957,Douglas C-47 (DC-3),HJ918,Indian AF,1,Pir Panjal,, ,A1
19570508-2,08-MAY-1957,CASA 352 (Ju-52),T.2B-251,Spanish AF,12,near Sidi Ifni Ai...,, ,A1
19570509-0,09-MAY-1957,Bristol 170 Freighter 21,EC-ADI,Aviaco,37,near Madrid-Barajas,,,A1
19570509-1,09-MAY-1957,Boeing KC-97F Stratofreighter,51-0258,USAF,0,near Azores Islands,, ,A1
19570510-0,10-MAY-1957,Boeing KC-97F Stratofreighter,51-0254,USAF,0,Terceira-Laj...,, ,A1
19570513-0,13-MAY-1957,Douglas C-54A (DC-4),N68736,US Overseas Airlines,2,near Narsarsuaq,, ,A1
19570513-1,13-MAY-1957,Vickers 615 Viking 1B,T-3,LADE,15,near San Carlos d...,, ,A1
19570518-0,18-MAY-1957,Grumman UF-1G Albatross,1278,US Coast Guard,2,Salem Harbor...,, ,A1
19570529-0,29-MAY-1957,Lockheed P2V-5 Neptune,124905,US Navy,6,near Quonset Poin...,,,A1
19570529-1,29-MAY-1957,CASA 352 (Ju-52),T.2B-271,Spanish AF,8,near Aras de Alpu...,, ,A1
19570603-0,03-JUN-1957,Douglas C-47A (DC-3),43-15995,USAF,2,"near McGrath, AK",, ,A1
19570609-0,09-JUN-1957,Lisunov Li-2P,HA-LIM,Malev,0,Budapest-Fer...,, ,A1
19570609-1,09-JUN-1957,Douglas C-47B (DC-3),KP-6/OT-CNW,Belgian AF,1,Albertville ...,, ,A1
19570611-1,11-JUN-1957,Douglas C-47B (DC-3),6043,Turkish AF,5,Adana,, ,A1
19570612-0,12-JUN-1957,Vickers Valetta C.1,VW165,RAF,0,Beihan Airpo...,, ,A1
19570614-0,14-JUN-1957,Ilyushin Il-14P,SP-LNF,LOT,9,near Moskva-Vnuko...,, ,A1
19570616-0,16-JUN-1957,Consolidated PBY-5A Catalina,VH-WWB,World Wide Air Services,0,Kikori River,, ,A1
19570618-0,18-JUN-1957,Douglas C-47B (DC-3),HB-IRK,Swissair,9,near Romanshorn [...,,,A1
19570619-0,19-JUN-1957,Curtiss C-46A,42-96685,Western Hemisphere Import Export Co.,0,Panagarh Air...,, ,O1
19570619-1,19-JUN-1957,Curtiss C-46A,N8013E,Western Hemisphere Import Export Co.,0,Panagarh Air...,, ,O1
19570619-2,19-JUN-1957,Nord 2501 Noratlas,68,French AF,6,Bouinane,, ,A1
19570621-0,21-JUN-1957,DHC-3 Otter,PI-C52,Philippine Air Lines,,,, ,U1
19570622-0,22-JUN-1957,Douglas C-47A (DC-3),N88835,Capital Airlines,3,"near Clarksburg, MD",, ,A1
19570623-0,23-JUN-1957,Douglas R4D-3 (DC-3),CF-EPI,Queen Charlotte Airlines,14,Port Hardy A...,, ,A1
19570624-0,24-JUN-1957,Lockheed 414-56 Hudson IIIA,VH-AGO,Adastra Airways,6,near Horn Island ...,,,A1
19570624-1,24-JUN-1957,Avro 685 York C.1,CF-HFP,Pacific Western,0,"Cape Parry, NWT",, ,A1
19570625-1,25-JUN-1957,Curtiss C-46D,HK-513,SAM,2,near Guarne,, ,A1
19570627-0,27-JUN-1957,Douglas C-47D (DC-3),43-49494,USAF,,,, ,A1
19570628-0,28-JUN-1957,Lockheed L-1049 Super Constellation,N6212C,Eastern Air Lines,0,Miami Intern...,,,O1
19570628-1,28-JUN-1957,Douglas DC-7B,N808D,Eastern Air Lines,0,Miami Intern...,, ,O1

19571128-0,28-NOV-1957,Douglas DC-6B,SE-BDP,SAS,0,Norrköping A...,,,A1
19571128-1,28-NOV-1957,Douglas C-124C Globemaster II,52-0995,USAF,3,near Ankara-Esenb...,, ,A1
19571129-0,29-NOV-1957,Nord 2501 Noratlas,26,French AF,9,near Tindouf,, ,A1
19571130-0,30-NOV-1957,Handley Page Marathon T.2,XA273,RAF,0,Thorney Isla...,, ,A1
19571202-0,02-DEC-1957,Ilyushin Il-14M,CCCP-L1657,Aeroflot / Moscow,0,Helsinki-Van...,, ,A1
19571206-0,06-DEC-1957,Lockheed L-1049G Super Constellatio,F-BHMK,Air France,0,Paris-Orly A...,, ,A1
19571207-0,07-DEC-1957,Scottish Aviation Twin Pioneer 1,G-AOEO,Scottish Airlines,6,Fezzan,,,A1
19571208-0,08-DEC-1957,Douglas DC-4,LV-AHZ,Aerolineas Argentinas,61,"near Bolivar, BA",,,A1
19571210-0,10-DEC-1957,Douglas C-47A (DC-3),CF-GKV,Northern Wings,3,Jeannine Lak...,, ,A1
19571210-1,10-DEC-1957,Handley Page Marathon T.2,XA250,RAF,0,Topcliffe RA...,, ,A1
19571211-0,11-DEC-1957,DHC-3 Otter,PI-C55,Philippine Air Lines,2,Ozamiz City,, ,A1
19571212-0,12-DEC-1957,Douglas C-47D (DC-3),43-48603,USAF,5,near Tokyo-Yokota...,, ,A1
19571217-0,17-DEC-1957,Douglas C-47A (DC-3),42-23356,USAF,5,near Wiesbaden,, ,A1
19571218-0,18-DEC-1957,Ilyushin Il-12,CCCP-L1309,Aeroflot / East Siberia,27,near Birobidzhan,, ,A1
19571219-0,19-DEC-1957,SNCASE SE.2010 Armagnac,F-BAVH,SAGETA,0,near Clermont-Fer...,, ,C2
19571222-0,22-DEC-1957,Curtiss C-46A,ZP-CBM,Paraguay Air Services,6,"near Aracruz, ES",, ,A1
19571223-0,23-DEC-1957,Avro 685 York C.1,G-AMUN,Scottish Airlines,4,near London-Stans...,, ,A1
19571223-1,23-DEC-1957,Lockheed WV-2 Super Constellation,143197,US Navy,19,near Kahuku Point...,, ,A1
19571224-0,24-DEC-1957,Lascurain No.4 Aura,XB-ZEU,Ángel Lascuráin y Osio,2,near Mexico City ...,, ,A1
19571230-0,30-DEC-1957,Douglas C-47B (DC-3),702,Ethiopian AF,,Bishoftu,, ,A1
19571231-2,31-DEC-1957,Short S.25 Sandringham 2,LV-AAR,Aerolineas Argentinas,9,Buenos Aires...,, ,A1
19579999-2,??-???-1957,Kaiser-Frazer C-119G Flying Boxcar,51-8127,USAF,,,, ,U1
19579999-3,??-???-1957,Kaiser-Frazer C-119G Flying Boxcar,51-8122,USAF,,,, ,U1
