identifiant,date,type,registration,operator,fat.,location, ,pic,cat

19830103-0,03-JAN-1983,Canadair Challenger 600,N805C,A.E. Stanley Manufacturing Co.,2,near Hailey-Sun V...,, ,A1
19830107-0,07-JAN-1983,Boeing 727, ,Delta Air Lines,0,Boston-Logan...,, ,H2
19830107-1,07-JAN-1983,Boeing 727-86,EP-IRA,Iran Air,0,Tehran-Mehra...,,,A1
19830109-0,09-JAN-1983,Convair CV-580-11-A,N8444H,Republic Airlines,1,Brainerd-Cro...,, ,A2
19830111-0,11-JAN-1983,Lockheed 18 Lodestar,N520R,private,0,"Madison, GA",, ,A1
19830111-1,11-JAN-1983,DC-8-54F,N8053U,United Airlines,3,Detroit-Metr...,,,A1
19830111-2,11-JAN-1983,Rockwell Sabreliner 65,N99S,Sun Oil Co,5,near Toronto Inte...,, ,A1
19830112-0,12-JAN-1983,Lockheed L-1049G Super Constellatio,IN-316,Indian Navy,0,Mumbai (Bombay),,,A1
19830112-1,12-JAN-1983,BN-2A-21 Islander, ,Indian AF,0,near Alleypey,, ,A1
19830116-0,16-JAN-1983,Douglas DC-3C,TG-SAB,Unknown,0,"near Bay City, TX",,,A1
19830116-1,16-JAN-1983,Boeing 727-2F2,TC-JBR,THY,47,Ankara-Esenb...,,,A1
19830116-2,16-JAN-1983,Lockheed L-1329-25 JetStar II,5A-DAR,Libyan Government,2,near Tripoli,,,A1
19830118-0,18-JAN-1983,Shorts 330-200,HS-TS.,Thai Airways,0,Chiang Mai I...,, ,H2
19830120-0,20-JAN-1983,Boeing 727, ,Northwest Orient Airlines,1,Portland Int...,, ,H2
19830120-1,20-JAN-1983,Boeing 707-300, ,Alyemda,0,Djibouti Air...,, ,H2
19830127-0,27-JAN-1983,Dornier Do 128-6MPA Turbo Skyservan,TJX-BO,Cameroon AF,,Douala Air Base,, ,U1
19830128-0,28-JAN-1983,DHC-6 Twin Otter 200,T-83,LADE,0,Río Gallegos...,, ,A2
19830128-1,28-JAN-1983,Boeing 747-237B,VT-EFO,Air-India,0,Delhi-Palam ...,,,A2
19830128-2,28-JAN-1983,Airbus A300B2-101,VT-EFV,Indian Airlines,0,Delhi-Palam ...,, ,A2
19830203-0,03-FEB-1983,Antonov An-26,14-28,Cuban AF,,Playa Baraco...,, ,A1
19830206-0,06-FEB-1983,Cessna 550 Citation II,N222WL,Weatherford Services.,0,Houston-Will...,, ,A1
19830207-0,07-FEB-1983,Antonov An-2TP,CCCP-32320,Aeroflot / North Kavkaz,0,Preobrazhens...,, ,A1
19830213-0,13-FEB-1983,Learjet 35A,N482U,Upali Air,6,near Kuala Selang...,, ,A1
19830213-1,13-FEB-1983,Lockheed C-130H Hercules,74-1693,USAF,6,Fayetteville...,, ,A1
19830213-2,13-FEB-1983,Airbus A300B4-203, ,TAA,0,"Melbourne, VIC",, ,H2
19830215-0,15-FEB-1983,DHC-7-102, ,Rio Airways,0,Nuevo Laredo...,, ,H2
19830215-1,15-FEB-1983,Douglas DC-3,C-FBKX,Ontario Central Airlines,0,"Shamathawa, MB",, ,A1
19830215-2,15-FEB-1983,DHC-6 Twin Otter 300,N361V,Sierra Pacific Airlines,0,near Hailey-Sun V...,,,A1
19830215-3,15-FEB-1983,Antonov An-12, ,Soviet AF,5,Jalalabad Ai...,, ,C1
19830217-1,17-FEB-1983,BN-2A-21 Islander,LN-MAF,Norving,,Båtsfjord Ai...,, ,U1
19830218-0,18-FEB-1983,Tupolev Tu-134A, ,CSA,1,Praha-Ruzyne...,, ,H2
19830220-0,20-FEB-1983,Boeing 727-2L5,5A-DII,Libyan Arab Airlines,0,Malta-Luqa A...,, ,H2
19830221-0,21-FEB-1983,Douglas C-47 (DC-3),FAC-651,Colombian AF,4,near Salento,, ,A1
19830222-0,22-FEB-1983,Boeing 737-2A1C,PP-SNC,VASP,2,Manaus-Eduar...,,,A1
19830223-0,23-FEB-1983,Antonov An-2R,CCCP-84571,Aeroflot / Ukraine,0,Cherkasy region,, ,A1
19830224-1,24-FEB-1983,DHC-6 Twin Otter 300,TY-BBL,Air Benin,0,Koko,,,A1
19830227-0,27-FEB-1983,Boeing 727-276,VH-TBI,TAA,0,Adelaide Air...,, ,A2
19830227-1,27-FEB-1983,Hawker Siddeley HS-121 Trident 2E,B-260,CAAC,0,Fuzhou Yixu ...,, ,A1
19830307-0,07-MAR-1983,Antonov An-24V,LZ-AND,Balkan Bulgarian,1,Varna Airpor...,, ,H2
19830310-0,10-MAR-1983,DHC-6 Twin Otter 300,YA-GAZ,Bakhtar Afghan,19,near Shashgow Ghazni,, ,A1
19830311-0,11-MAR-1983,NAMC YS-11A-208,JA8693,Nihon Kinkyori Airways,0,Nakashibetsu...,, ,A1
19830311-1,11-MAR-1983,DC-9-32,YV-67C,AVENSA,23,Barquisimeto...,,,A1
19830314-0,14-MAR-1983,Boeing 707-338C,5A-DJO,Jamahiriya Air Transport,5,near Sebha,,,A1
19830317-0,17-MAR-1983,BN-2A-3 Islander,EP-PAC,Pars Air,,,, ,A1
19830318-0,18-MAR-1983,Douglas C-47E,FAP-356,Peruvian AF,5,Arequipa Air...,, ,A1
19830318-1,18-MAR-1983,BN-2A-21 Defender,7Q-YAX,Malawi Police Force,,Chikala Hills,, ,A1
19830324-0,24-MAR-1983,Antonov An-2V,CCCP-29367,Aeroflot / Krasnoyarsk,0,"near Vanavara, Kr...",, ,A1
19830327-0,27-MAR-1983,Boeing 737-2B1,C9-BAB,LAM,0,near Quelimane Ai...,,,A1
19830329-0,29-MAR-1983,Let L-410M,CCCP-67190,Aeroflot / Georgia,6,Poti Airport,, ,A1
19830330-0,30-MAR-1983,DHC-6 Twin Otter 300,5A-DCP,Libyan Ministry of Agriculture,0,Benghazi-Ben...,,,A1
19830330-1,30-MAR-1983,Learjet 25,N51CA,"Chatham Corp., op.for Hughes Charter Air",2,Newark Inter...,, ,A1
19830401-0,01-APR-1983,DHC-6 Twin Otter 200,N922MA,Metroflight,0,Lawton Munic...,, ,O1
19830401-1,01-APR-1983,Cessna 500 Citation I,N700CW,Winn Exploration,4,near Eagle Pass-W...,, ,A1
19830404-0,04-APR-1983,Beech 200 Super King Air,F-BVRP,Total,8,near Guangzhou Ba...,, ,A1
19830406-0,06-APR-1983,BN-2A-26 Islander,HP-945,Aviones de Panama,,,, ,U1
19830407-0,07-APR-1983,BN-2A-8 Islander,N37MN,Munz Northern Airlines,2,"Selawik, AK",, ,A1
19830412-0,12-APR-1983,Antonov An-26,CCCP-26686,Aeroflot / Belarus,0,Minsk-1 Inte...,, ,A1
19830414-1,14-APR-1983,Learjet 24D,N302EJ,Executive Jet Aviation,0,Puerto Vallarta,, ,A1
19830415-0,15-APR-1983,Boeing 727-2F2,TC-JBG,THY,0,Athens-Ellin...,, ,H2
19830416-0,16-APR-1983,BAe BAe-748-329 Srs. 2A LFD,EL-AIH,Air Liberia,8+ 9,near Khartoum-Civ...,, ,A1
19830418-0,18-APR-1983,Fairchild C-119 Flying Boxcar,3182,Republic of China AF,,unknown,, ,U1
19830419-0,19-APR-1983,Yakovlev Yak-40,CCCP-87291,Aeroflot / Armenia,21,near Leninakan Ai...,, ,A1
19830419-1,19-APR-1983,Kawasaki C-1,68-1015,JASDF,6,near Toba,, ,A1
19830419-2,19-APR-1983,Kawasaki C-1,58-1009,JASDF,8,near Toba,, ,A1
19830420-0,20-APR-1983,DHC-6 Twin Otter 310,G-STUD,Air Ecosse,0,Flotta Airpo...,,,A1
19830426-0,26-APR-1983,Cessna 500 Citation I,N22FM,Federal Mogul Corp.,0,Wichita-Mid-...,, ,A1
19830426-1,26-APR-1983,BN-2A-9 Islander,HK-2687X,Aviones Ejecutivos,0,near Barranca de ...,, ,A1
19830426-2,26-APR-1983,Shin Meiwa PS-1,5801,Japanese Navy,11,Iwakuni MCAS,, ,A1
19830429-0,29-APR-1983,SE-210 Caravelle VI-R,HC-BAT,SAN,8,near Guayaquil-Si...,,,A1
19830429-1,29-APR-1983,BN-2A-21 Islander,PK-OBE,Airfast Indonesia,0,Landikma,, ,A1
19830429-2,29-APR-1983,Antonov An-2T,CCCP-33093,Aeroflot / Armenia,0,Tsaghkahovit,, ,A1
19830430-0,30-APR-1983,Convair C-131F (CV-340),141010,US Navy,14,Jacksonville...,,,A1
19830430-1,30-APR-1983,Antonov An-2R,CCCP-62643,Aeroflot / Latvia,0,near Cesis,, ,A1
19830499-0,??-APR-1983,Hawker Siddeley HS-125-1A-522,C-FHLL,Gouvernement du Québec,,Montreal-St....,, ,A1
19830501-0,01-MAY-1983,DC-8-63CF, ,Capitol Airways,0,Havana-José ...,, ,H2
19830504-0,04-MAY-1983,Douglas C-47B (DC-3),FAC-1126,SATENA,0,Cali-Palmase...,,,A1
19830504-1,04-MAY-1983,Antonov An-2R,CCCP-35637,Aeroflot / Lithuania,0,Kaunas,, ,A1
19830505-0,05-MAY-1983,Hawker Siddeley HS-121 Trident 2E,B-296,CAAC,0,Chunchon Air...,, ,H2
19830505-1,05-MAY-1983,Fairchild C-123K Provider,L4K-12/18,Thai AF,30,near Nakhon Sawan...,, ,A1
19830505-2,05-MAY-1983,Lockheed L-1011 TriStar 1,N334EA,Eastern Air Lines,0,Miami Intern...,, ,A2
19830506-0,06-MAY-1983,Antonov An-26,01,Soviet AF,33,near Klyuchi Air ...,, ,A1
19830508-0,08-MAY-1983,Fairchild C-119F Flying Boxcar,N13626,Supra Int.,0,River Kagoak...,, ,A1
19830509-0,09-MAY-1983,Antonov An-2TP,CCCP-02515,Aeroflot / Tajikistan,0,near Tavil-Dara,, ,A1
19830511-0,11-MAY-1983,Convair CV-880,N880SR,Groth Air,,Mexico City-...,,,O1
19830511-1,11-MAY-1983,Antonov An-2R,CCCP-70057,Aeroflot / Kazakstan,0,near Blagodarnoye...,, ,A1
19830512-0,12-MAY-1983,DC-8-63CF, ,Capitol Airways,0,Havana-José ...,, ,H2
19830514-0,14-MAY-1983,DHC-6 Twin Otter 100,C-FVTL,Simpson Air,0,Calgary Inte...,, ,O1
19830514-2,14-MAY-1983,UC-1A Otter (DHC-3),-,private,0,Calgary Inte...,, ,O1
19830515-0,15-MAY-1983,Antonov An-2R,CCCP-02877,Aeroflot / West Siberia,0,"Kubitet, Tya...",, ,A1
19830517-0,17-MAY-1983,Lockheed P-3B Orion,152733,US Navy,0,Barbers Poin...,,,A1
19830518-0,18-MAY-1983,Learjet 25B,D-CDPD,Air Traffic Executive Jet,3,near Scotland,, ,A1
19830518-1,18-MAY-1983,BN-2 Islander,D-IOLT,FLN,,Schleswig Ai...,, ,U1
19830519-0,19-MAY-1983,Boeing 727, ,Eastern Air Lines,0,Havana-José ...,, ,H2
19830520-1,20-MAY-1983,Shorts 330-100,N935MA,Metro Airlines,0,Beaumont Mun...,, ,O1
19830525-0,25-MAY-1983,Antonov An-2R,CCCP-62626,Aeroflot / North Kavkaz,0,"near Shiryaiski, ...",, ,A1
19830601-0,01-JUN-1983,Boeing 720-023B,OD-AFO,MEA,0,Beirut Inter...,,,O1
19830602-0,02-JUN-1983,Fokker F-28 Fellowship 3000RC,PK-GFV,Garuda,3,Bandar Lampu...,,,A1
19830602-1,02-JUN-1983,DC-9-32,C-FTLU,Air Canada,23,Cincinnati/N...,,,A1
19830603-0,03-JUN-1983,DC-10-30,PH-DTE,KLM,0,Panama City-...,,,A2
19830606-0,06-JUN-1983,Fairchild C-119G Flying Boxcar,3197,Republic of China AF,38,near Kinmen-Shang...,, ,A1

19830608-0,08-JUN-1983,DHC-4A Caribou,M-933,Indian AF,3,"Siddipet, Bu...",, ,A1
19830608-1,08-JUN-1983,Douglas VC-54Q (DC-4),CP-1404,Frigorifico Reyes,5,Trinidad Air...,, ,A1
19830608-2,08-JUN-1983,Lockheed L-188C Electra,N1968R,Reeve Aleutian Airways,0,near Cold Bay Air...,, ,A2
19830609-0,09-JUN-1983,Lockheed L-100-20 Hercules,FAP-383,Peruvian AF,8+ 1,near Puerto Maldo...,, ,A1
19830611-0,11-JUN-1983,Boeing 727-222A,N7273U,United Airlines,0,Chicago-O'Ha...,, ,A2
19830614-0,14-JUN-1983,Airbus A300B4, ,Eastern Air Lines,0,Havana-José ...,, ,H2
19830615-0,15-JUN-1983,Antonov An-8,CCCP-69336,MOM/Kirov,,near Kharkov,, ,A1
19830616-0,16-JUN-1983,Lockheed P-3B Orion,152720,US Navy,14,"Kauai, HI",, ,A1
19830617-0,17-JUN-1983,Tupolev Tu-134A,CCCP-65657,Aeroflot / Armenia,0,"near Gali, Abkhazia",, ,A1
19830621-1,21-JUN-1983,DHC-6 Twin Otter 300,TZ-ACH,Air Mali,7,near Bamako,, ,A1
19830622-0,22-JUN-1983,Douglas C-47A (DC-3),C-GUBT,Skycraft Air Transport,2,Toronto Inte...,,,A1
19830622-1,22-JUN-1983,Boeing 707-300, ,Libyan Arab Airlines,0,Larnaca Airp...,, ,H2
19830623-0,23-JUN-1983,Lockheed 18 Learstar I,N333FB,Falcon Leasing Corp.,2,"Millhaven, GA",, ,A1
19830624-0,24-JUN-1983,DC-9-32,XA-JEB,Aeroméxico,0,Mérida-Rejon...,, ,H2
19830624-1,24-JUN-1983,Douglas C-47A (DC-3),N95460,Air North,0,near Fairbanks-Me...,,,A1
19830625-0,25-JUN-1983,Antonov An-24RV,BNMAU-8401,MIAT,,Ulan Bator-B...,, ,A1
19830628-0,28-JUN-1983,Lockheed C-130H Hercules,74-2068,USAF,6,near Las Vegas-Ne...,, ,A1
19830629-0,29-JUN-1983,CASA C-212 Aviocar 200,YN-BYZ,Aeronica,0,Managua-Augu...,, ,A1
19830629-1,29-JUN-1983,Douglas C-54G (DC-4),N300JT,Pacific Air Express,0,"near Kahului, HI",,,A1
19830629-2,29-JUN-1983,Yakovlev Yak-40,CCCP-87808,Aeroflot / Kyrgyzstan,0,Kazarman,, ,A1
19830629-3,29-JUN-1983,Hawker Siddeley HS-125-1A-522,N125E,Erasmus Inc,0,Houston-Hobb...,, ,A1
19830701-0,01-JUL-1983,Ilyushin Il-62M,889,Chosonminhang,23,near Labé,, ,A1
19830701-1,01-JUL-1983,Douglas C-47 (DC-3), ,Unknown,2,Berry Island,, ,A1
19830702-0,02-JUL-1983,SE-210 Caravelle III,F-BHRS,Altair,0,Milano-Malpe...,,,A1
19830702-1,02-JUL-1983,Boeing 727, ,Pan Am,0,Havana-José ...,, ,H2
19830702-2,02-JUL-1983,Antonov An-12, ,Soviet AF,5,near Jalalabad Ai...,, ,C1
19830704-0,04-JUL-1983,Hawker Siddeley HS-748,9J-ADM,Zambia Airways,0,Kasaba Bay A...,, ,A1
19830704-1,04-JUL-1983,Antonov An-2T,CCCP-05667,Aeroflot / Georgia,0,near Mestia,, ,A1
19830705-0,05-JUL-1983,Tupolev Tu-134 ?, ,Aeroflot,1,Leningrad-Pu...,, ,H2
19830706-0,06-JUL-1983,Boeing 747, ,Iran Air,0,Paris,, ,H2
19830707-0,07-JUL-1983,Boeing 737, ,Air Florida,0,Havana-José ...,, ,H2
19830710-0,10-JUL-1983,Curtiss C-46A,N92853,Nenana Fuel Company,0,Tobin Creek ...,, ,A1
19830711-0,11-JUL-1983,Boeing 737-2V2,HC-BIG,TAME Ecuador,119,near Cuenca,, ,A1
19830712-0,12-JUL-1983,BN-2A Islander,P2-FHP,Cloudlands Aviation Dev.,,near Mount Hagen,, ,A1
19830715-0,15-JUL-1983,Grumman G-159 Gulfstream I,N68TG,Orion Air,0,"Bristol, VA/...",, ,A1
19830717-0,17-JUL-1983,Boeing 727, ,Delta Air Lines,0,Havana-José ...,, ,H2
19830719-0,19-JUL-1983,Douglas C-47A (DC-3),N480F,Chevron Oil,0,Khartoum,, ,A1
19830719-1,19-JUL-1983,Lockheed L-1011 TriStar, ,Eastern Air Lines,0,Havana-José ...,, ,H2
19830720-0,20-JUL-1983,Antonov An-2R,CCCP-70520,Aeroflot / Ukraine,0,Kharkov Region,, ,A1
19830721-0,21-JUL-1983,BN-2A Trislander Mk.III-2,N29929,Cen-Tex Airlines,0,Brownwood Ai...,, ,O1
19830721-1,21-JUL-1983,Boeing 727, ,Northwest Orient Airlines,0,Miami Intern...,, ,H2
19830721-2,21-JUL-1983,BN-2A-9R Islander,N2718W,Eagle Airlines,0,Brownwood Ai...,, ,O1
19830722-0,22-JUL-1983,Learjet 25D,5N-ASQ,Imani & Sons,0,Lagos-Murtal...,, ,A1
19830723-0,23-JUL-1983,Boeing 767-233,C-GAUN,Air Canada,0,Gimli Airpor...,,,A2
19830731-0,31-JUL-1983,Lockheed C-5A Galaxy,70-0446,USAF,0,"Shemya AFB, ...",,,A2
19830799-0,??-JUL-1983,Douglas DC-3C,N91378,Confederate Air Force,,Missoula Air...,, ,O1
19830802-0,02-AUG-1983,Boeing 727, ,Pan Am,0,Houston-Inte...,, ,H2
19830804-0,04-AUG-1983,Boeing 747-121,N738PA,Pan Am,0,Karachi Inte...,,,A1
19830804-1,04-AUG-1983,DH-114 Riley Heron 2D,VH-CLY,Airlines of Tasmania,0,Launceston A...,,,A1
19830804-2,04-AUG-1983,Canadair CL-215,F-ZBBR,Securité Civile,2,Marseille,,,A1
19830804-3,04-AUG-1983,DC-8-63CF, ,Capitol Airways,0,Havana-José ...,, ,H2
19830805-0,05-AUG-1983,BN-2A-21 Islander,PK-KNF,Bali Int. Air Service,2,between Ambo...,, ,A1
19830805-1,05-AUG-1983,Antonov An-2TP,CCCP-91768,Aeroflot / Komi,,near Koslan,, ,A1
19830807-1,07-AUG-1983,Hawker Siddeley HS-748,FAC-1104,SATENA,0,Pasto-Cano A...,,,A1
19830809-0,09-AUG-1983,Douglas AC-47,L2-30/07,Thai AF,5+ 4,near Ubon Ratchat...,, ,A1
19830812-0,12-AUG-1983,Antonov An-2R,CCCP-07697,Aeroflot / Ukraine,0,Odessa Region,, ,A1
19830817-0,17-AUG-1983,Learjet 25B,N108PA,Northeast Jet,0,near Wilmington-G...,, ,A2
19830817-1,17-AUG-1983,Beech A100 King Air,N129D,Padosa Productions,0,Vieques Airp...,, ,A1
19830818-0,18-AUG-1983,Boeing 727, ,Delta Air Lines,0,Havana-José ...,, ,H2
19830819-0,19-AUG-1983,Boeing 727-294,YK-AGA,Syrian Arab Airlines,0,Roma,, ,O2
19830821-0,21-AUG-1983,Lockheed 18 Learstar II,N116CA,"Landry Aviation, lsf Command Aviation",11,"near Stanwood, WA",, ,A1
19830824-0,24-AUG-1983,Fokker F-27 Friendship 100,VT-DOK,Indian Airlines,0,Calcutta Air...,,,A2
19830825-0,25-AUG-1983,Yakovlev Yak-40K,CCCP-87201,MAP Arsenyev,0,Omsukchan Ai...,, ,A1
19830826-0,26-AUG-1983,Boeing 707-300, ,MEA,0,Tel Aviv,, ,H2
19830827-0,27-AUG-1983,Lockheed L-100-30 Hercules,N17ST,Transamerica Airlines,7,near Dundo Airpor...,,,A1
19830827-1,27-AUG-1983,Swearingen SA226-TC Metro II,N503SS,Scheduled Skyways,0,Hot Springs-...,, ,A1
19830827-2,27-AUG-1983,Boeing 727-228, ,Air France,0,Tehran-Mehra...,, ,H2
19830828-0,28-AUG-1983,Beech 200 Super King Air,VH-KTE,Moore's Air Charter,12,"near Adavale, QLD",, ,A1
19830830-0,30-AUG-1983,Tupolev Tu-134A,CCCP-65129,Aeroflot / Privolzhsk,90,near Alma-Ata,, ,A1
19830899-1,??-AUG-1983,Douglas DC-3A,N18143,Reo Leasing,,within Mexico,, ,A1
19830901-0,01-SEP-1983,Boeing 747-230B,HL7442,KAL,269,near Sakhalinsk [...,,,C1
19830901-1,01-SEP-1983,Boeing 727-264,XA-DAT,Mexicana,0,Mérida Airpo...,, ,H2
19830902-0,02-SEP-1983,BN-2A-21 Islander,C-GIPF,Central Mountain Air Services,7,"near Smithers, BC",,,A1
19830904-0,04-SEP-1983,Beech 99,F-BUYG,TAT,0,Tours-St Sym...,,,A1
19830914-0,14-SEP-1983,Hawker Siddeley HS-121 Trident 2E,B-264,CAAC,11,Guilin Airpo...,,,A1
19830916-0,16-SEP-1983,Antonov An-12, ,Soviet AF,,Bagram Air B...,, ,C1
19830922-0,22-SEP-1983,Boeing 727, ,American Airlines,0,Havana-José ...,, ,H2
19830923-0,23-SEP-1983,Boeing 737-2P6,A4O-BK,Gulf Air,112,Mino Jebel Ali,,,C1
19830923-1,23-SEP-1983,FMA IA 50 Guaraní II,LV-LAD,Dirección Provincial de Aeronáutica de Salta,0,"Las Bolsas, SA",, ,A1
19830925-0,25-SEP-1983,Boeing 707-336C,5N-ARO,RN Cargo,0,Accra-Kotoka...,,,C1
19830928-0,28-SEP-1983,BN-2A-26 Islander,B-11109,Taiwan Airlines,10,near Lanyu Island,, ,A1
19830929-0,29-SEP-1983,Canadair CL-215,C-GKEE,Canadair,0,Montreal-Dor...,, ,A1
19831001-1,01-OCT-1983,Douglas C-118A (DC-6),533257,US Navy,0,Keflavík Int...,,,O1
19831003-0,03-OCT-1983,Douglas C-47 (DC-3), ,Unknown,1,"near Rio Blanco, ...",, ,C1
19831005-0,05-OCT-1983,Boeing 727-21,HK-1804,SAM Colombia,0,San Andrés I...,,,A1
19831005-1,05-OCT-1983,Antonov An-2R,SP-WWK,ZUA,,Karolewo,, ,A1
19831007-0,07-OCT-1983,Embraer EMB-110C Bandeirante,PP-SBH,TAM,7,Araçatuba Ai...,, ,A1
19831008-0,08-OCT-1983,DHC-6 Twin Otter 300,XY-AEE,Burma Airways,9,near Lonkin,, ,A1
19831008-1,08-OCT-1983,Douglas DC-6, ,private,7,Monterrubio ...,, ,A1
19831009-0,09-OCT-1983,BN-2A-8 Islander,B-12202,Yung Shing Airlines,0,Orchid Islan...,, ,A1
19831011-0,11-OCT-1983,Boeing 747-249F,N806FT,Flying Tiger Line,0,Frankfurt In...,,,A2
19831011-1,11-OCT-1983,Hawker Siddeley HS-748,N748LL,Air Illinois,10,near Pinckneyvill...,,,A1
19831011-2,11-OCT-1983,FMA IA 50 Guaraní II,T-125,Argentine AF,12,near Santa Isabel...,, ,A1
19831013-0,13-OCT-1983,Boeing 707-436,N4465D,Coastal Airways,0,Perpignan Ai...,,,O1
19831015-0,15-OCT-1983,Boeing 737, ,People Express,0,Atlantic Cit...,, ,H2
19831018-0,18-OCT-1983,Boeing 747-230F,D-ABYU,Lufthansa,0,Hong Kong-Ka...,,,A2
19831019-2,19-OCT-1983,Let L-410UVP,CCCP-67315,Aeroflot / Krasnoyarsk,0,Kansk Air Base,, ,A1
19831025-0,25-OCT-1983,DC-8-63CF,N797FT,Flying Tiger Line,0,Norfolk NAS ...,,,A2
19831025-1,25-OCT-1983,Antonov An-26,CU-T1254,Cuban AF,0,Pearls Airport,, ,O1
19831026-0,26-OCT-1983,DHC-5D Buffalo,TJX-BS,Cameroon AF,,,, ,U1

19831028-1,28-OCT-1983,Shorts 330-200,N26288,Pennsylvania Airlines,1,"Middletown, PA",, ,O2
19831028-2,28-OCT-1983,Curtiss C-46R,CP-916,Transportes Aéreos Bolivar,0,near La Paz-El Al...,, ,A1
19831031-0,31-OCT-1983,Douglas DC-3C,N44896,FBN Flying Service,0,Laredo Inter...,, ,A1
19831104-0,04-NOV-1983,Morane Saulnier (FMA) MS.760A Paris,E-237,Argentine AF,2,Alto Pencoso...,, ,A1
19831108-0,08-NOV-1983,Boeing 737-2M2,D2-TBN,TAAG,130,near Lubango Airp...,,,C1
19831110-0,10-NOV-1983,Curtiss C-46D,CP-1077,Trans Aereos Skorpio,0,near San Borja,, ,A1
19831111-0,11-NOV-1983,Boeing 727-225,N812EA,Eastern Air Lines,0,near Miami Intern...,, ,A2
19831111-1,11-NOV-1983,Antonov An-12, ,Soviet AF,30,near Burevestnik,, ,A1
19831117-0,17-NOV-1983,Douglas C-47 (DC-3),N....,Unknown,0,Barranquilla,, ,A1
19831118-0,18-NOV-1983,Tupolev Tu-134A,CCCP-65807,Aeroflot / Georgia,8,Tbilisi Airp...,, ,H1
19831121-0,21-NOV-1983,DC-9, ,Republic Airlines,0,"Chicago, IL",, ,H2
19831121-1,21-NOV-1983,Antonov An-12,39,Soviet AF,9,near Senkovo,, ,A1
19831123-0,23-NOV-1983,DHC-6 Twin Otter 300,C-GTLA,Austin Airways,4,near Lansdowne Ho...,, ,A1
19831126-0,26-NOV-1983,Beech B100 King Air,N1910L,Texas Western Aviation,8,Midland/Odes...,, ,A1
19831127-0,27-NOV-1983,Boeing 747-283B,HK-2910,Avianca,181,near Madrid-Baraj...,,,A1
19831127-1,27-NOV-1983,Rockwell CT-39E Sabreliner,157354,US Navy,0,Denver-Buckl...,, ,A2
19831128-0,28-NOV-1983,DHC-6 Twin Otter 300,FAP-309,Peruvian AF,,,, ,A1
19831128-1,28-NOV-1983,Fokker F-28 Fellowship 2000,5N-ANF,Nigeria Airways,53,near Enugu Airpor...,,,A1
19831128-2,28-NOV-1983,Swearingen SA226-TC Metro II,SE-IMD,AMA Flyg,0,Linköping-Sa...,, ,A2
19831205-0,05-DEC-1983,Cessna 501 Citation I/SP,VH-BNK,North Broken Hill,0,"near Kalgoorlie, WA",, ,A2
19831207-0,07-DEC-1983,Boeing 727-256,EC-CFJ,Iberia,51,Madrid-Baraj...,,,A1
19831207-1,07-DEC-1983,DC-9-32,EC-CGS,Aviaco,42,Madrid-Baraj...,,,A1
19831208-0,08-DEC-1983,Cessna 500 Citation I,G-UESS,"Brencham, op.for Trans Europe Air Charter",10,near Stornoway Ai...,, ,A1
19831211-0,11-DEC-1983,Vickers 668 Varsity,N65338,West Texas Air Museum,0,El Paso-West...,,,A1
19831211-1,11-DEC-1983,IAI Arava 201,824,Guatemala AF,0,Poptun Airpo...,, ,A1
19831213-0,13-DEC-1983,Douglas C-47B (DC-3),RP-C287,Philair,0,Zapote,,,A1
19831214-0,14-DEC-1983,Boeing 707-373C,HK-2401X,TAMPA Colombia,3+ 22,near Medellín-Enr...,,,A1
19831217-2,17-DEC-1983,DHC-6 Twin Otter 200,C-FGJK,Inuvik Coastal Airways,2,Paulatuk Air...,,,A1
19831218-0,18-DEC-1983,Airbus A300B4-120,OY-KAA,"MAS, lsf SAS",0,near Kuala Lumpur...,,,A1
19831219-0,19-DEC-1983,Boeing 747-246F (SCD),JA8151,JAL,0,Anchorage In...,, ,A2
19831220-0,20-DEC-1983,DC-9-31,N994Z,Ozark Air Lines,0+ 1,Sioux Falls ...,, ,A2
19831222-0,22-DEC-1983,Learjet 25D,N300PL,AMF Corp.,0,Vail-Eagle C...,, ,A1
19831223-0,23-DEC-1983,DC-10-30,HL7339,KAL,0,Anchorage In...,,,A1
19831224-0,24-DEC-1983,Antonov An-24RV,CCCP-46617,Aeroflot / Arkhangelsk,44,Leshukonskoy...,, ,A1
19839999-0,??-???-1983,Antonov An-26,T-202,Angolan AF,,,, ,A1
19839999-1,??-???-1983,Douglas DC-3-382,N401JB,Swift Delivery Air Freight,0,"Honolulu, HI",, ,O1
19839999-2,??-???-1983,Ilyushin Il-18Gr,CCCP-75887,"Aeroflot, MUTA",,unknown,, ,U1
