identifiant,date,type,registration,operator,fat.,location, ,pic,cat

20100626-0,26-JUN-2010,Lockheed P-2E Neptune,N1386C,"Neptune Aviation Services, opf ",0,Broomfield-R...,,,A2
20100627-0,27-JUN-2010,Antonov An-2R,RA-62631,Vladimir Aviation Forest Protection,0,near Voznesenskoy...,, ,A1
20100630-0,30-JUN-2010,Beech RC-12K Huron,85-0155,US Army,0,near Wiesbaden AF...,, ,A1
20100705-0,05-JUL-2010,Antonov An-2T,53,Romanian AF,12,Tuzla Airfield,, ,A1
20100717-0,17-JUL-2010,Boeing 747-306M,HS-VAC,"Saudi Arabian, lsf Phuket Airlines",0,Cairo Intern...,,,A1
20100720-0,20-JUL-2010,Fokker F-27 Friendship 600,9Q-CJV, Air Kasai,0,Lubumbashi-L...,, ,A1
20100721-0,21-JUL-2010,Antonov An-12BK,RA-11376,Khabarovsk Avia,0,Keperveyem A...,,,A1
20100727-0,27-JUL-2010,MD-11F,D-ALCQ,Lufthansa Cargo,0,Riyadh-King ...,,,A1
20100727-1,27-JUL-2010,Raytheon 390 Premier IA,N6JR,Roush Fenway Racing,0,Oshkosh-Witt...,,,A1
20100728-0,28-JUL-2010,Airbus A321-231,AP-BJB,Airblue,152,near Islamabad-Be...,,,A1
20100728-1,28-JUL-2010,C-17A Globemaster III,00-0173,USAF,4,near Anchorage-El...,,,A1
20100728-2,28-JUL-2010,Boeing 737-7L9 (WL),TS-IEA,"Mauritania Airways, lsf Tunis Air",0,Conakry Inte...,,,A1
20100728-3,28-JUL-2010,Antonov An-12BP,3X-GEQ,Unknown,0,"FOB Dwyer, H...",,,A1
20100728-4,28-JUL-2010,ATR 72-212A (ATR 72-500),RP-C7254,Cebu Pacific Air,0,Manila-Ninoy...,,,A1
20100731-0,31-JUL-2010,Convair CV-580 Airtanker,C-FKFY,Conair Aviation,2,"near Lytton, BC",,,A1
20100801-0,01-AUG-2010,Fairchild C-123K Provider,N709RR,All West Freight,3,"Mount Healy,...",,,A1
20100803-0,03-AUG-2010,Antonov An-24RV,RA-46524,Katekavia,12,near Igarka Airpo...,,,A1
20100803-1,03-AUG-2010,Antonov An-2R,UR-17915,private,0,near Kumushkino,, ,A1
20100808-0,08-AUG-2010,ATR 42-300,LY-DOT,Danu Oro Transportas,0,Pori Airport...,,,O1
20100809-0,09-AUG-2010,DHC-3T Texas Turbine Otter,N455A,GCI Communication Corp.,5,"near Aleknagik, AK",,,A1
20100812-0,12-AUG-2010,Learjet 55C,PT-LXO,OceanAir Táxi Aéreo,0,Rio de Janei...,, ,A1
20100812-1,12-AUG-2010,Airbus A319-111,4K-AZ04,Azerbaijan Airlines,0,Istanbul-Ata...,,,A2
20100813-0,13-AUG-2010,Dassault Falcon 50,F-HAIR,Natixis Lease,0,Paris-Le Bou...,,,A1
20100816-0,16-AUG-2010,Boeing 737-73V (WL),HK-4682,AIRES Colombia,2,San Andres I...,,,A1
20100824-0,24-AUG-2010,Embraer ERJ-190,B-3130,Henan Airlines,44,near Yichun Lindu...,, ,A1
20100824-1,24-AUG-2010,Dornier 228-101,9N-AHE,Agni Air,14,"near Bastipur, Sh...",,,A1
20100825-0,25-AUG-2010,Let L-410UVP-E20C,9Q-CCN,Filair,20,near Bandundu Air...,, ,A1
20100825-1,25-AUG-2010,Embraer EMB-145LU (ERJ-145LU),PR-PSJ,Passaredo Linhas Aéreas,0,Vitória da C...,,,A1
20100825-2,25-AUG-2010,Antonov An-26B,SP-FDP,EXIN,0,Tallinn-Ülem...,, ,A1
20100825-3,25-AUG-2010,Beech 200 Super King Air, ,Unknown,0,Guardatinaja...,, ,A1
20100826-0,26-AUG-2010,Fokker 100,EP-ASL, Iran Aseman Airlines,0,Tabriz Airpo...,, ,A1
20100831-0,31-AUG-2010,Cessna 550 Citation II,P2-TAA,Trans Air,4,Misima Islan...,,,A1
20100903-0,03-SEP-2010,Boeing 747-44AF (SCD),N571UP,UPS,2,near Dubai Airpor...,,,A1
20100903-1,03-SEP-2010,Canadair CL-415,I-DPCQ,"Civil Protection Department, op.for SOREM",0,near Sperlonga,, ,A2
20100905-0,05-SEP-2010,Cessna 208B Grand Caravan,F-OIXZ,Tropic Airlines,0,Anse-Bertrand,, ,A2
20100907-0,07-SEP-2010,Tupolev Tu-154M,RA-85684,Alrosa Mirny Air Enterprise,0,Izhma Airport,, ,A2
20100907-1,07-SEP-2010,Beech 300 King Air 350,FAC-5747,Colombian AF,6,"near Uribe, Meta",, ,A1
20100913-0,13-SEP-2010,ATR 42-320,YV1010,Conviasa,17,near Puerto Ordaz...,,,A1
20100915-0,15-SEP-2010,DHC-8-103B,LN-WIF,Widerøes Flyveselskap,0,Sandnessjøen...,,,A2
20100922-0,22-SEP-2010,MD-11F, ,World Airways,0,Kabul Airpor...,, ,A2
20100922-1,22-SEP-2010,Beech B100 King Air,C-FSIK,Max Aviation,0,Montmagny Ai...,, ,A1
20100924-0,24-SEP-2010,Airbus A319-132,EI-EDM,Windjet,0,Palermo-Punt...,, ,A1
20101001-0,01-OCT-2010,Cessna 550 Citation II,N262Y,Colnan,0,Manteo-Dare ...,,,A1
20101002-0,02-OCT-2010,Cessna 208B Grand Caravan,RA-67701,Veltal-Avia,0,"near Kirensk, Irk...",,,A1
20101003-0,03-OCT-2010,Boeing 767-324ER (WL),G-OOBK,Thomson Airways,0,Bristol Airp...,,,A2
20101006-0,06-OCT-2010,Cessna 501 Citation I/SP,XA-TKY,Aviones Taxi AIFE,8,near Coatzacoalcos,, ,A1
20101012-0,12-OCT-2010,Lockheed L-100-20 Hercules,5X-TUC,"National Airlines (National Air Cargo), opb Transafrik",8,near Kabul Airpor...,, ,A1
20101016-0,16-OCT-2010,Harbin Yunshuji Y-12 II,AF-215,Zambian Air Force,0,Mukinge Airport,, ,A1
20101021-0,21-OCT-2010,Let L-410UVP,9Q-CUA,TRACEP-Congo Aviation,2,near Bugulumisa,, ,A1
20101024-0,24-OCT-2010,Antonov An-2T,CX-CAP,Paracaidismo Casares,0,near Santa Isabel...,, ,A1
20101025-0,25-OCT-2010,Beech 100 King Air,C-FAFD,Kenn Borek Air,1,Kirby Lake A...,, ,A1
20101027-0,27-OCT-2010,PZL-Mielec M28-05PI Skytruck,P-4204,Indonesian Police,5,near Wami,, ,A1
20101031-0,31-OCT-2010,Airbus A310-304F,TC-JCV,THY,0,Casablanca-M...,,,A1
20101102-0,02-NOV-2010,Boeing 737-4Y0,PK-LIQ,Lion Air,0,Pontianak-Su...,,,A1
20101104-0,04-NOV-2010,ATR 72-212,CU-T1549,Aerocaribbean,68,"near Guasimal, Sa...",,,A1
20101104-1,04-NOV-2010,Airbus A380-842,VH-OQA,Qantas,0,near Batam Island,, ,A2
20101104-2,04-NOV-2010,DHC-6 Twin Otter 300,C-GZVH,"Kenn Borek Air, op.for Aklak Air",0,Inuvik/Mike ...,, ,O1
20101104-3,04-NOV-2010,Beech B99,C-FKBK,"Kenn Borek Air, op.for Aklak Air",0,Inuvik/Mike ...,,,O1
20101104-4,04-NOV-2010,Beech A100 King Air,C-GHOC,"Kenn Borek Air, op.for Aklak Air",0,Inuvik/Mike ...,, ,O1
20101105-0,05-NOV-2010,Beech 1900C-1,AP-BJD,JS Air,21,near Karachi-Jinn...,, ,A1
20101105-1,05-NOV-2010,Swearingen SA227-AC Metro III,N115GS,LC Busre,0,Huánuco-Alfé...,,,A1
20101106-0,06-NOV-2010,Douglas DC-3C,HK-4700,LASER,0,Guerima Airport,, ,A2
20101107-0,07-NOV-2010,Canadair Challenger 604,N604JW,Aviation Enterprises,0,Indianapolis...,,,O1
20101109-0,09-NOV-2010,Shorts SC.7 Skyvan 3-100,8R-GGK,Guyana AF,0,Georgetown-C...,, ,A2
20101111-0,11-NOV-2010,Antonov An-24B,ST-ARQ, Tarco Airlines,6,Zalingei Air...,,,A1
20101113-0,13-NOV-2010,Swearingen SA227-AC Metro III,N781C,LC Busre,0,Andahuaylas ...,, ,A1
20101115-0,15-NOV-2010,CASA C-212 Aviocar 400,VH-VHB,Skytraders,0,Bunger Hills,,,A2
20101117-0,17-NOV-2010,Learjet 25B,N25PJ,Premier Jets,0,Portland-Hil...,,,A1
20101118-0,18-NOV-2010,Lockheed C-130H Hercules,7O-ADD/1160,Yemen AF,0,Sana'a Inter...,, ,A2
20101119-0,19-NOV-2010,Cessna 501 Citation I/SP,G-VUEM,Frandley Aviation Partnership,0,Birmingham I...,,,A1
20101119-1,19-NOV-2010,Lockheed C-130H-30 Hercules,7T-WHA,Algerian AF,0,Paris-Le Bou...,, ,A2
20101124-0,24-NOV-2010,Antonov An-32B,FAM-3101,Mexican AF,5,Monterrey-Ge...,, ,A1
20101126-0,26-NOV-2010,Boeing 747-430,D-ABVM,Lufthansa,0,Frankfurt In...,, ,A2
20101128-0,28-NOV-2010,Ilyushin Il-76TD,4L-GNI,Sun Way,8+ 3,near Karachi-Jinn...,,,A1
20101203-0,03-DEC-2010,Beech 1900C-1,C9-AUO,Kaya Airlines,0,near Maputo Inter...,,,A1
20101204-0,04-DEC-2010,Tupolev Tu-154M,RA-85744,Dagestan Airlines,2,Moskva-Domod...,,,A1
20101208-0,08-DEC-2010,BN-2T Islander,CN-TWO,"Ministry of Marine, Fisheries and Merchant Navy",5,near Demnate,, ,A1
20101209-0,09-DEC-2010,Boeing 737-4U3,PK-GWO,Garuda,0,Jakarta-Soek...,,,O1
20101214-0,14-DEC-2010,Antonov An-24RV,RA-47305,Nordavia,0,Rogachevo Ai...,, ,A1
20101215-0,15-DEC-2010,DHC-6 Twin Otter 310,9N-AFX, Tara Air,22,near Sri Chaur Vi...,,,A1
20101217-0,17-DEC-2010,Airbus A330-243,OD-MEA,MEA,0,Paris-Charle...,, ,A2
20101218-0,18-DEC-2010,Swearingen SA226-TC Metro II,C-GQAJ,Perimeter Airlines,0,Sanikiluaq A...,, ,A2
20101219-0,19-DEC-2010,Hawker Beech 390 Premier IA,D-IAYL,Windrose Air,2,near St. Moritz-S...,,,A1
20101220-0,20-DEC-2010,Antonov An-2P,RA-07331,2nd Sverdlovsk Aviation Enterprise,0,Uktus Airport,, ,O1
20101220-1,20-DEC-2010,Antonov An-2TP,RA-07637,2nd Sverdlovsk Aviation Enterprise,0,Uktus Airport,, ,O1
20101228-0,28-DEC-2010,Antonov An-22A,RA-09343,Russian AF,12,near Krasny Oktya...,,,A1
20109999-0,??-???-2010,Rockwell Sabreliner 75A,XA-TUD,First Sabre S.A.,0,Nassau Inter...,, ,A1

20100102-0,02-JAN-2010,Boeing 727-231F Super 27,9Q-CAA, CAA,0,Kinshasa-N'D...,, ,A1
20100102-1,02-JAN-2010,Swearingen SA227-AC Metro III,N227ML,Locair,0,Somerset-Lak...,,,A2
20100104-0,04-JAN-2010,Antonov An-12BK,ST-AQQ,El Magal Aviation,0,Heglig Airport,, ,A1
20100105-0,05-JAN-2010,Learjet 35A,N720RA,Royal Air Freight,2,near Chicago-Exec...,,,A1
20100106-0,06-JAN-2010,Cessna 208B Grand Caravan,A2-AKG,Mack Air,0,Piajo Airstr...,, ,A2
20100106-1,06-JAN-2010,Beech C99,N206AV,Ameriflight,0,Kearney Regi...,,,A2
20100107-0,07-JAN-2010,Saab 340A,C6-SBE,SkyBahamas Airlines,0,Nassau-Lynde...,,,O1
20100108-0,08-JAN-2010,Dassault Falcon 20C,XA-PCC,Aerotaxis Dos Mil,0,Vail-Eagle C...,,,A2
20100110-0,10-JAN-2010,Airbus A319-131,N816UA,United Airlines,0,Newark-Liber...,,,A2
20100113-0,13-JAN-2010,DHC-8-102,5Y-EMD,"CMC Aviation, op.for ECHO Flight",0,Moba Airport...,, ,A1
20100114-0,14-JAN-2010,Cessna 208B Grand Caravan,VH-NTQ,Broome Aviation,0,Beagle Bay A...,,,A1
20100119-0,19-JAN-2010,Beech B200 Super King Air,N586BC,Blue Cross and Blue Shield of Iowa,0,Sioux Gatewa...,,,A1
20100121-0,21-JAN-2010,Embraer EMB-145LU (ERJ-145LU),XA-WAC,Aeroméxico Connect,0,Tijuana-Rodr...,, ,A2
20100121-1,21-JAN-2010,Beech 1900C-1,N112AX,ACE Air Cargo,2,near Sand Point M...,,,A1
20100121-2,21-JAN-2010,Boeing 747-4R7F,LX-OCV,Cargolux,0,Luxembourg-F...,, ,A2
20100124-0,24-JAN-2010,Tupolev Tu-154M,RA-85787,"Kolavia, op.for Taban Air",0,Mashhad Airp...,,,A1
20100125-0,25-JAN-2010,Boeing 737-8AS (WL),ET-ANB,Ethiopian Airlines,90,near Beirut Inter...,,,A1
20100125-1,25-JAN-2010,Embraer EMB-110C Bandeirante,PT-TAF,Piquiatuba Táxi Aéreo,2,near Senador José...,, ,A1
20100125-2,25-JAN-2010,Lockheed C-130B Hercules,404,South African AF,0,Waterkloof A...,, ,A1
20100128-0,28-JAN-2010,GAF Nomad N.22B,18,Philippine AF,8+ 1,near Cotabato-Awa...,, ,A1
20100128-1,28-JAN-2010,Lockheed L-188CF Electra,G-LOFB,Atlantic Airlines,0,Coventry-Bag...,,,O1
20100128-2,28-JAN-2010,Antonov An-26B,4L-IFE,"Aquiline International, op.for Manunggal Air",0,Wamena Airpo...,,,A2
20100131-0,31-JAN-2010,Yakovlev Yak-40,D2-FES,Guicango,0,Luanda-Quatr...,, ,A1
20100202-0,02-FEB-2010,Lockheed C-130E Hercules,1506,Polish AF,0,Mazar-I-Shar...,, ,A2
20100204-0,04-FEB-2010,Antonov An-24RV,RA-47360,Yakutia Airlines,0,Yakutsk Airp...,,,A2
20100206-0,06-FEB-2010,Bombardier Global Express,N400GX,Churchill Aviation,0,Washington-D...,,,O1
20100206-1,06-FEB-2010,Dassault Falcon 2000EX,N62YC,Vesey Air,0,Washington-D...,, ,O1
20100206-2,06-FEB-2010,Dassault Falcon 900EX,N106RW,MMRB Services,0,Washington-D...,,,O1
20100206-3,06-FEB-2010,Beech Beechjet 400A,N109CP,THV Seminars,0,Washington-D...,, ,O1
20100206-4,06-FEB-2010,Hawker 800XP,N800LA,BAE Survivability Systems,0,Washington-D...,, ,O1
20100206-5,06-FEB-2010,Cessna 208B Super Cargomaster,N708FX,FedEx,0,Washington-D...,, ,O1
20100206-6,06-FEB-2010,Bombardier Global Express,N620K,Eastman Kodak,0,Washington-D...,,,O1
20100206-7,06-FEB-2010,Bombardier Global Express XRS,N528JR,Joluk Air,0,Washington-D...,, ,O1
20100206-8,06-FEB-2010,MD-81,OY-KHP,SAS,0,Grenoble-Sai...,, ,A2
20100211-0,11-FEB-2010,ATR 42-300,PK-YRP,Trigana Air Service,0,near Balikpapan-S...,,,A1
20100211-1,11-FEB-2010,Fokker 100,XA-SHJ,MexicanaClick,0,Monterrey-Ge...,,,A1
20100214-0,14-FEB-2010,Cessna 550B Citation Bravo,OK-ACH,Time Air,2,near Reinhardtsdo...,,,A1
20100217-0,17-FEB-2010,Cessna 208B Grand Caravan,N207DR,Grant Aviation,0,near Kwigillingok...,, ,A2
20100217-1,17-FEB-2010,Embraer Phenom 100,PR-UUT,Air Minas Linhas Aéreas,0,São Paulo-Ca...,, ,A2
20100218-0,18-FEB-2010,Cessna 208B Super Cargomaster,N892FE,"FedEx, opb West Air",0,Sacramento I...,,,A2
20100224-0,24-FEB-2010,DHC-6 Twin Otter 300,C-FAKB,Flightline Investments,0,near London Gatwi...,, ,A2
20100301-0,01-MAR-2010,Airbus A300B4-203F,TC-ACB,ACT Airlines,0,Bagram Air B...,,,A1
20100301-1,01-MAR-2010,Boeing 737-247,5H-MVZ,Air Tanzania,0,Mwanza Airpo...,,,A1
20100304-0,04-MAR-2010,Fokker F-27 Friendship 300M,5Y-BRN,Safe Air Company,0,Bossaso Airp...,, ,A1
20100307-0,07-MAR-2010,Learjet 35A,PT-LJK,Líder Táxi Aéreo,0,Manaus-Eduar...,, ,A1
20100312-0,12-MAR-2010,Alenia G-222,NAF 950,Nigerian AF,0,Port Harcour...,, ,A2
20100315-0,15-MAR-2010,BN-2A-21 Islander,N663SA,Servant Air,0,Kodiak Airpo...,,,A1
20100318-0,18-MAR-2010,Antonov An-26B,SP-FDO,"EXIN, op.for DHL Airways",0,near Tallinn-Ülem...,,,A1
20100321-0,21-MAR-2010,Learjet 35A,N376HA,Bluegrass Aviation Partners,0,Jeffersonvil...,, ,A1
20100322-0,22-MAR-2010,Embraer EMB-120ER Brasilia,VH-ANB,Airnorth,2,Darwin Airpo...,,,A1
20100322-1,22-MAR-2010,Tupolev Tu-204-100,RA-64011,Aviastar-TU,0,near Moskva-Domod...,,,A1
20100324-0,24-MAR-2010,Boeing 727-225F,C-GCJZ,Cargojet Airways,0,Moncton/Grea...,, ,A2
20100328-0,28-MAR-2010,Beech 200C Super King Air,5Y-BLA,Aircraft Leasing Services,0,Wajir Airpor...,, ,A2
20100330-0,30-MAR-2010,Antonov An-74,RA-74017,Polartrans,0,Ivanovo-Seve...,,,A1
20100401-0,01-APR-2010,Learjet 25XR,XA-UNC,Aero Ermes,0,Huatulco-Bah...,, ,A1
20100410-0,10-APR-2010,Tupolev Tu-154M,101,Polish AF,96,near Smolensk Air...,,,A1
20100412-0,12-APR-2010,Rockwell T-39N Sabreliner,165513,US Navy,4,"near Morganton, F...",,,A1
20100412-1,12-APR-2010,DHC-6 Twin Otter 300,C-GKBC,Kenn Borek Air,0,Melville Isl...,, ,A2
20100413-0,13-APR-2010,Boeing 737-322,PK-MDE,Merpati Nusantara,0,Manokwari-Re...,,,A1
20100413-1,13-APR-2010,Airbus A300B4-203F,XA-TUE,Aerounion,5+ 1,near Monterrey-Ge...,,,A1
20100413-2,13-APR-2010,Airbus A330-342,B-HLL,Cathay Pacific,0,Hong Kong-Ch...,, ,A2
20100415-0,15-APR-2010,Antonov An-2,RF-00259,private,0,near Saransk,, ,A1
20100419-0,19-APR-2010,DHC-6 Twin Otter 300,9N-ABX, Nepal Airlines,0,Kangel Danda...,, ,A2
20100421-0,21-APR-2010,Antonov An-12BP,UP-AN216,"Almaty Aviation, op.for Interisland Airlines",3,Barangay Lap...,, ,A1
20100426-0,26-APR-2010,Beech B200 King Air,F-OIAN,Air Alizé,0,Nadi Interna...,, ,A1
20100427-0,27-APR-2010,Beech 200 Super King Air,F-GLIF,Trans Hélicoptère Service,0,Arlit Airpor...,, ,A1
20100504-0,04-MAY-2010,Antonov An-2, ,Proskurov Avia,0,"near Marianivka, ...",, ,A1
20100505-0,05-MAY-2010,Embraer EMB-145LR (ERJ-145LR),HK-4536,SATENA,0,Mitú-Fabio A...,, ,A1
20100506-0,06-MAY-2010,Antonov An-2R,RA-40373,IE Batak SG,0,near Goryachy Klyuch,, ,A1
20100506-1,06-MAY-2010,Lockheed Hercules C.3A (C-130K),XV304,RAF,0,Brize Norton...,,,A1
20100510-0,10-MAY-2010,DHC-6 Twin Otter 300,C-FSJB,Kenn Borek Air,0,"near Alert, Elles...",, ,A1
20100512-0,12-MAY-2010,Airbus A330-202,5A-ONG, Afriqiyah Airways,103,near Tripoli Inte...,,,A1
20100512-1,12-MAY-2010,Antonov An-2, ,ROSTO Astrakhan,0,near Osypnoi Bugo...,, ,A1
20100515-0,15-MAY-2010,Antonov An-28,PZ-TSV, Blue Wing Airlines,8,near Poeketi,,,A1
20100516-0,16-MAY-2010,DHC-3T Vazar Turbine Otter,SX-ARO,ArGo Airways,0,Biscarrosse/...,, ,A2
20100517-0,17-MAY-2010,Antonov An-24V,YA-PIS,Pamir Airways,44,Salang Pass,,,A1
20100517-1,17-MAY-2010,Beech 200 Super King Air,N308RH,CSSRJ Aviation,0,"San Pedro, C...",, ,C1
20100519-0,19-MAY-2010,Embraer EMB-110P Bandeirante,PT-GKQ,Táxi Aéreo Weiss,0,near Cascavel Air...,,,A1
20100521-0,21-MAY-2010,Beech 200 Super King Air,D2-FFT,Grupo Chicoil,3,near Caxito,,,A1
20100522-0,22-MAY-2010,Boeing 737-8HG (WL),VT-AXV,Air India Express,158,Mangalore-Ba...,,,A1
20100599-0,??-MAY-2010,Antonov An-74-200,EK-74027,Ayk Avia,0,Kabul-Hamid ...,, ,O1
20100604-0,04-JUN-2010,Lockheed L-100-30 Hercules,S9-BAT,"National Airlines (National Air Cargo), opb Transafrik",0,Sharana Air ...,, ,A1
20100606-0,06-JUN-2010,Boeing 737-4B6,CN-RMF,RAM,0,Amsterdam-Sc...,,,A2
20100610-0,10-JUN-2010,Cessna 208B Grand Caravan,OB-1922-P,Aerodiana,0,within Peru,, ,H2
20100612-0,12-JUN-2010,PZL-Mielec M28 Skytruck,ENBV-0063,Venezuela Army,3,Puerta del E...,, ,A2
20100613-0,13-JUN-2010,Swearingen SA226-TC Metro II,ZS-ZOC,West Cape Ferries,0,Lanseria Air...,, ,A1
20100614-0,14-JUN-2010,Cessna 208B Grand Caravan,XA-TWK,"Grupo Aéreo Xiknal, op.for Servicios Aéreos Milenio",9,near Felipe Carri...,, ,A1
20100615-0,15-JUN-2010,Cessna 550B Citation Bravo,YU-BSG,Prince Aviation,0,Brac Airport...,, ,A1
20100615-1,15-JUN-2010,Let L-410MU,9Q-COA,Safe Air Company,0,Shabunda,, ,A2
20100616-0,16-JUN-2010,Embraer EMB-145LR (ERJ-145LR),N847HK,"United Express, opb Trans States Airlines",0,Ottawa/Macdo...,,,A2
20100617-0,17-JUN-2010,Cessna 208 Caravan I,N810GA,V1 Jet Management,0,Little Pecon...,, ,A2
20100618-0,18-JUN-2010,Dassault Falcon 20F,FAP-300,Peruvian AF,0,near Chiclayo-Cap...,,,A1
20100618-1,18-JUN-2010,Airbus A321-131,D-AIRT,Lufthansa,0,Praha-Ruzyne...,, ,A2
20100618-2,18-JUN-2010,Boeing 737-8BK (WL),TC-SNM,SunExpress,0,Praha-Ruzyne...,, ,A2
20100619-0,19-JUN-2010,Douglas DC-3C,D-CXXX,Air Service Berlin,0,Berlin-Schön...,,,A1
20100619-1,19-JUN-2010,CASA C-212-CB Aviocar 100,TN-AFA, Aéro-Service,11,near Mintom,, ,A1
20100619-2,19-JUN-2010,Boeing 737-832 (WL),N3730B,Delta Air Lines,0,New York-Joh...,, ,A2
20100621-0,21-JUN-2010,DC-9-82 (MD-82),9Q-COQ,Hewa Bora Airways,0,Kinshasa-N'D...,, ,A1
20100623-0,23-JUN-2010,Beech A100 King Air,C-FGIN,Aéropro,7,near Québec City ...,, ,A1
20100624-0,24-JUN-2010,Antonov An-2R,UP-A0161,Flamingo,2,"Sarybulak, N...",, ,A1
