identifiant,date,type,registration,operator,fat.,location, ,pic,cat

19460317-0,17-MAR-1946,Douglas C-47 (DC-3), ,China Air Force,20,Nanjing,, ,A1
19460319-0,19-MAR-1946,Douglas C-47B (DC-3),45-1085,USAAF,26,near Hobard Mills...,, ,A1
19460320-0,20-MAR-1946,Douglas C-47B (DC-3),44-77256,USAAF,,Seoul-Gimpo ...,, ,A1
19460322-0,22-MAR-1946,Lisunov Li-2, ,Aeroflot / Yakutsk,,near Anadyr,, ,A1
19460322-1,22-MAR-1946,Douglas C-47A (DC-3),CCCP-L893,Aeroflot,5,"near Bakovka, Kun...",, ,A1
19460323-0,23-MAR-1946,Avro 691 Lancastrian C.1,G-AGLX,"BOAC, op.for Qantas",10,Indian Ocean,, ,A1
19460323-1,23-MAR-1946,Curtiss C-46D,44-77403,USAAF,,,, ,A1
19460323-2,23-MAR-1946,Douglas C-47B (DC-3),43-16211,USAAF,19,Banahao Moun...,, ,A1
19460326-0,26-MAR-1946,Douglas Dakota IV (DC-3),KN366,RAF,4,Lantau Island,, ,A1
19460327-0,27-MAR-1946,Short Sunderland GR.5,PP103,RAF,13,Singapore-Se...,, ,A1
19460328-0,28-MAR-1946,Douglas Dakota III (DC-3),KG660,RAF,0,Brampton,, ,A1
19460328-1,28-MAR-1946,Consolidated PBY-5 Catalina,08437,US Navy,,Corpus Chris...,, ,A1
19460328-2,28-MAR-1946,Kawasaki Ki-56,514,Dalstroi Aviation,1,Zyryanka Air...,, ,A1
19460328-4,28-MAR-1946,Douglas Dakota (DC-3),FD783,RAF,,unknown,, ,U1
19460329-0,29-MAR-1946,Lockheed L-049 Constellation,NC86510,TWA,0,Washington-N...,,,A1
19460329-1,29-MAR-1946,Douglas Dakota IV (DC-3),KN644,RAF,5,near Sinhkung,, ,A1
19460329-2,29-MAR-1946,Douglas Dakota IV (DC-3),KN643,RAF,8,near Sinhkung,, ,A1
19460329-3,29-MAR-1946,Douglas Dakota IV (DC-3),KP270,RAF,7,Bina,, ,A1
19460329-4,29-MAR-1946,Douglas C-47B (DC-3),986,RCAF,,"Goose Bay, NL",, ,A1
19460331-0,31-MAR-1946,Douglas R4D-7 (DC-3),39100,US Navy,6,near Touho,, ,A1
19460331-1,31-MAR-1946,Douglas C-47A (DC-3),CA6,Central Air Transport,0,Hunan,, ,A1
19460401-0,01-APR-1946,Consolidated PBY-5A Catalina,46612,US Navy,,Port Angeles...,, ,A1
19460401-1,01-APR-1946,Consolidated PBY-5A Catalina,48270,US Navy,,"Laupahoehoe, HI",, ,A1
19460402-0,02-APR-1946,Douglas C-47A (DC-3),CCCP-L924,Aeroflot,6,"Mount Guram,...",, ,A1
19460403-0,03-APR-1946,Douglas Dakota IV (DC-3),KP241,RAF,2,Stoney Cross...,, ,A1
19460404-0,04-APR-1946,Douglas R4D-6 (DC-3),50771,US Navy,11,near Albuquerque-...,, ,A1
19460404-2,04-APR-1946,Douglas Dakota III (DC-3),KG361,RAF,,unknown,, ,A1
19460405-0,05-APR-1946,Ford 4-AT-D Tri-Motor,HC-SBC,Shell Ecuador,0,Ayuy Airstrip,, ,A1
19460405-2,05-APR-1946,Douglas C-47A (DC-3),42-100740,USAAF,,Lee-On-Solent,, ,A1
19460408-0,08-APR-1946,Douglas C-47B (DC-3),43-16360,USAAF,17,near Shensi,, ,A1
19460408-1,08-APR-1946,Douglas C-47B (DC-3),44-76640,USAAF,,Shanghai-Jia...,, ,A1
19460411-1,11-APR-1946,Avro 685 York C.1,MW180,RAF,0,Lyneham RAF ...,, ,A1
19460411-2,11-APR-1946,Avro 685 York C.1,MW252,RAF,1,Woodbridge R...,, ,A1
19460417-0,17-APR-1946,Douglas C-47A (DC-3),G-AGHK,BOAC,0,Oviedo Airpo...,, ,A1
19460417-1,17-APR-1946,Douglas Dakota III (DC-3),KG594,RAF,0,near Wymeswold,, ,A1
19460418-0,18-APR-1946,Douglas C-47A (DC-3),42-92056,USAAF,,Bovingdon RA...,, ,A1
19460421-0,21-APR-1946,Douglas C-47B (DC-3),PP-CCA,Cruzeiro do Sul,,"Corumbá, MS",, ,U1
19460421-1,21-APR-1946,Short Sunderland GR.5,PP132,RAF,0,Hong Kong-Ka...,, ,A1
19460422-0,22-APR-1946,Lockheed B14-S Super Electra,AN-ACC,TACA de Nicaragua,18,La Libertad ...,, ,A1
19460423-0,23-APR-1946,Vickers 491 Viking 1A,G-AGOK,Vickers-Armstrongs,0,Effingham,, ,A1
19460424-0,24-APR-1946,Douglas DC-3A-367,NC33621,Western Air Lines,3,"near Hollywood, CA",, ,A1
19460424-1,24-APR-1946,Douglas C-47 (DC-3),41-18530,USAAF,,Tarawa Atoll,, ,A1
19460426-0,26-APR-1946,Douglas Dakota IV (DC-3),KN571,RAF,0,Bassingbourn...,, ,A1
19460426-1,26-APR-1946,Douglas C-47 (DC-3),41-7770,USAAF,,San José-La ...,, ,A1
19460428-0,28-APR-1946,Douglas C-47B (DC-3),PP-CCD,Cruzeiro do Sul,0,"near Barcelos, AM",, ,A1
19460428-1,28-APR-1946,Avro 685 York C.1,MW256,RAF,0,Valley RAF S...,, ,A1
19460430-0,30-APR-1946,Douglas Dakota III (DC-3),FZ559,RAF,12,Pindi-Khut,, ,A1
19460499-1,??-APR-1946,Junkers Ju-52/3m,CCCP-L27,Aeroflot / Moscow,0,near Kazan,, ,A1
19460502-0,02-MAY-1946,Avro 691 Lancastrian C.1,G-AGMC,BOAC,0,"Sydney, NSW",, ,A1
19460504-0,04-MAY-1946,Douglas Dakota IV (DC-3),KP271,RAF,0,Alwar,, ,A1
19460506-0,06-MAY-1946,Douglas C-47A (DC-3),43-15676,USAAF,0,near Heidelberg,, ,A1
19460506-1,06-MAY-1946,PB2B-1 Catalina,44223,US Navy,,Corpus Chris...,, ,A1
19460506-2,06-MAY-1946,Douglas C-47A (DC-3),42-93717,USAAF,,near Heidelberg,, ,A2
19460507-0,07-MAY-1946,Douglas Dakota III (DC-3),KG521,RAF,0,Simra Airpor...,, ,A1
19460507-1,07-MAY-1946,Douglas Dakota III (DC-3),KG741,RAF,0,Desborough R...,, ,A1
19460507-2,07-MAY-1946,Douglas C-47B (DC-3),44-77157,USAAF,,Manila-Nicho...,, ,A1
19460515-0,15-MAY-1946,Budd RB-1 Conestoga,HC-SBE,Shell Ecuador,0,Pastaza-Shel...,, ,A1
19460516-0,16-MAY-1946,Douglas C-47A (DC-3),NC53218,Viking Air Transport,27,near Richmond-Byr...,, ,A1
19460517-0,17-MAY-1946,Avro 691 Lancastrian C.1,G-AGMH,BOAC,0,Karachi-Maur...,, ,A1
19460517-1,17-MAY-1946,Douglas C-47B (DC-3),43-48308,USAAF,11,within India,, ,A1
19460522-0,22-MAY-1946,Junkers Ju-52/3mg4e,LN-LAB,DNL,12,Oslo-Fornebu...,, ,A1
19460523-0,23-MAY-1946,Avro 685 York C.1,MW191,RAF,0,Karachi-Maur...,, ,A1
19460526-0,26-MAY-1946,Douglas R4D-5 (DC-3),17144,US Navy,4,near Flagler Beac...,, ,A1
19460528-0,28-MAY-1946,Douglas Dakota IV (DC-3),KK188,RAF,0,Kawdut,, ,A1
19460528-1,28-MAY-1946,Avro 685 York C.1,MW250,RAF,0,Stradishall ...,, ,A1
19460529-0,29-MAY-1946,Douglas C-54A (DC-4),NC30065,United Airlines,0,Chicago Muni...,, ,A1
19460529-1,29-MAY-1946,Douglas Dakota IV (DC-3),KN501,RAF,0,Jakarta-Kema...,, ,A1
19460601-0,01-JUN-1946,Douglas C-54E (DC-4),44-9078,USAAF,30,near Amalfi,, ,A1
19460602-0,02-JUN-1946,Douglas Dakota IV (DC-3),KJ968,RAF,,unknown,, ,A1
19460603-0,03-JUN-1946,Consolidated PBY-5 Catalina,08307,US Navy,2,Escambia Bay...,, ,A1
19460604-0,04-JUN-1946,Douglas C-47B (DC-3),44-77251,USAAF,3,near Aguadilla-Ra...,, ,A1
19460604-1,04-JUN-1946,Consolidated PBY-5A Catalina,A24-113,RAAF,,near Champagny Is...,, ,A1
19460606-0,06-JUN-1946,Douglas Dakota III (DC-3),FL509,RAF,0,Delhi-Palam ...,, ,O1
19460606-1,06-JUN-1946,Douglas Dakota IV (DC-3),KN537,RAF,0,Delhi-Palam ...,, ,O1
19460606-2,06-JUN-1946,Douglas Dakota IV (DC-3),KP261,RAF,0,Delhi-Palam ...,, ,O1
19460607-0,07-JUN-1946,Douglas C-47B (DC-3),43-49018,USAAF,,near Agadir,, ,A1
19460608-0,08-JUN-1946,Douglas Dakota III (DC-3),KG747,RAF,22,near Oni,, ,A1
19460609-0,09-JUN-1946,Douglas C-54D (DC-4),43-17231,USAAF,23,Taboga Island,, ,A1
19460611-0,11-JUN-1946,Lockheed 18 Lodestar,F-BAML,"Ministère de l'Air, DTI",,Asmara Inter...,, ,A1
19460612-0,12-JUN-1946,Douglas C-53-DO (DC-3),EC-CAZ,Iberia,0,near Madrid-Baraj...,, ,A1
19460612-2,12-JUN-1946,Douglas C-47B (DC-3),43-48561,USAAF,,near Samar Field,, ,A1
19460613-0,13-JUN-1946,Curtiss C-46A,41-24684,USAAF,,,, ,A1
19460613-1,13-JUN-1946,Ford 5-AT-B Tri-Motor,XA-FOH,Servicios Aéreos Nacionales,0,El Arenal,, ,A1
19460614-0,14-JUN-1946,Douglas C-47B (DC-3),43-16213,USAAF,,Kwangju Airs...,, ,A1
19460618-0,18-JUN-1946,Lockheed L-049 Constellation,NC88858,Pan Am,0,"Willimantic, CT",,,A2
19460618-1,18-JUN-1946,Douglas DC-3-268B,EI-ACA,Aer Lingus,0,near Shannon,, ,A1
19460620-0,20-JUN-1946,Douglas Dakota IV (DC-3),KN226,RAF,0,Semarang Air...,, ,A1
19460625-0,25-JUN-1946,Douglas DC-4,XA-FOW,Mexicana,0,near Mexico City-...,, ,A1
19460625-1,25-JUN-1946,Douglas C-47B (DC-3),6883,South African AF,,Swartkop Air...,, ,A1
19460626-0,26-JUN-1946,Douglas Dakota IV (DC-3),KP264,RAF,0,near Kallar Syedan,, ,A1
19460629-0,29-JUN-1946,Amiot AAC.1 (Ju-52),F-BAJS,Air France,2,near Pau,, ,A1
19460629-1,29-JUN-1946,Douglas Dakota IV (DC-3),KJ918,RAF,18,within Cameron High...,, ,A1
19460629-2,29-JUN-1946,Douglas R4D-5 (DC-3),17187,USMC,,near Hawaii,, ,A1
19460702-0,02-JUL-1946,Douglas DC-3-201F,NC28383,TWA,0,"Chicago, IL",,,A1
19460704-0,04-JUL-1946,Bristol 170 Wayfarer IIA,G-AHJB,Bristol,0,"near Aracaju, Brazil",, ,A1
19460708-0,08-JUL-1946,Douglas Dakota IV (DC-3),KP237,RAF,0,Char Chapli,, ,A1
19460710-0,10-JUL-1946,Curtiss R5C-1 (C-46),39585,USMC,0,"near Palmer, MA",, ,A1
19460711-0,11-JUL-1946,Lockheed L-049 Constellation,NC86513,TWA,5,near Reading Muni...,, ,A1
19460712-0,12-JUL-1946,Douglas R4D-5Z (DC-3),17224,US Navy,0,"Ewa MCAS, HI",, ,A1
19460713-0,13-JUL-1946,Curtiss C-46, ,Central Air Transport,13,near Jinan Airpor...,, ,A1

19460101-0,01-JAN-1946,Budd RB-1 Conestoga,NC45347,National Skyway Freight,0,"Bluefield, VA",,,A1
19460102-0,02-JAN-1946,Douglas C-47B (DC-3),43-49118,USAAF,,near Canton,, ,A1
19460104-0,04-JAN-1946,Douglas Dakota IV (DC-3),KN363,RAF,3,near Hainan Islan...,, ,A1
19460105-0,05-JAN-1946,Douglas C-47A (DC-3),43-47994,USAAF,,"near Gumab, Masba...",, ,A1
19460106-0,06-JAN-1946,Douglas DC-3-392,NC21786,Pennsylvania-Central Airlines,3,Birmingham A...,, ,A1
19460107-0,07-JAN-1946,Curtiss R5C-1 (C-46),39579,USMC,,Tinian Islan...,, ,A1
19460109-0,09-JAN-1946,Douglas C-47 (DC-3), ,China Air Force,18,Changchun,, ,A1
19460109-1,09-JAN-1946,Douglas Dakota III (DC-3),FD919,RAF,0,Semarang Air...,, ,A1
19460111-0,11-JAN-1946,Douglas C-47B (DC-3),44-77138,USAAF,,near San Jose,, ,A1
19460112-0,12-JAN-1946,Douglas C-47A (DC-3),42-93447,USAAF,,Manila-Nicho...,, ,A1
19460112-1,12-JAN-1946,Curtiss C-46D,44-78146,USAAF,12,near Majuro,, ,A1
19460113-0,13-JAN-1946,Amiot AAC.1 (Ju-52),F-BANP,Air France,2,"Le Bouscat, ...",, ,A1
19460114-0,14-JAN-1946,Douglas Dakota IV (DC-3),KJ817,RAF,5,Mount Bongkok,, ,A1
19460114-1,14-JAN-1946,Douglas Dakota IV (DC-3),KK154,RAF,0,near Blakehill Farm,, ,A1
19460114-2,14-JAN-1946,Lisunov Li-2,CCCP-L4150,Aeroflot / Ukraine,22,"Netrubezh, K...",, ,A1
19460115-0,15-JAN-1946,Douglas Dakota IV (DC-3),KN557,RAF,25,near Marseille,, ,A1
19460116-0,16-JAN-1946,Douglas Dakota IV (DC-3),KK199,RAF,0,"near Yelvertoft, QLD",, ,A1
19460116-1,16-JAN-1946,Douglas Dakota III (DC-3),NL205,Netherlands AF,0,Katwijk,, ,A1
19460117-0,17-JAN-1946,Douglas Dakota III (DC-3),FD882,RAF,0,Butterworth ...,, ,A1
19460117-1,17-JAN-1946,Douglas C-47A (DC-3),43-15469,USAAF,,Unknown,, ,A1
19460118-0,18-JAN-1946,Douglas DC-3-201E,NC19970,Eastern Air Lines,17,"Cheshire, CT",, ,A1
19460118-2,18-JAN-1946,Consolidated PBY-6A Catalina,64029,US Navy,0,near Wake Island,, ,A1
19460119-0,19-JAN-1946,Douglas Dakota III (DC-3),FL636,RCAF,7,Mount Ptolem...,,,A1
19460119-1,19-JAN-1946,Short Sunderland GR.5,PP157,RAF,0,Jesselton,, ,A1
19460123-0,23-JAN-1946,Douglas C-47A (DC-3),G-AGIY,BOAC,,El Adem RAF ...,, ,A1
19460123-1,23-JAN-1946,Curtiss C-46D,42-101210,USAAF,,,, ,A1
19460124-0,24-JAN-1946,Douglas Dakota IV (DC-3),KN659,RAF,0,Vadodara,, ,A1
19460125-1,25-JAN-1946,Douglas Dakota IV (DC-3),KK112,RAF,0,Hmawbi RAF S...,, ,A1
19460126-0,26-JAN-1946,Douglas C-47A (DC-3),CA5,Central Air Transport,,near Wuhan,, ,A1
19460127-0,27-JAN-1946,Lisunov Li-2,CCCP-L4131,Aeroflot / Uzbekistan,0,near Gerelde,, ,A1
19460128-0,28-JAN-1946,Douglas Dakota IV (DC-3),KP236,RAF,0,Poona RAF St...,, ,A1
19460128-1,28-JAN-1946,Douglas C-47B (DC-3),43-16421,USAAF,,,, ,A1
19460129-0,29-JAN-1946,Douglas Dakota IV (DC-3),KN496,RAF,0,Takoradi Air...,, ,A1
19460129-1,29-JAN-1946,Curtiss C-46D,44-78226,USAAF,,near Lo-tien-Chen,, ,A1
19460129-2,29-JAN-1946,Douglas C-47A (DC-3),42-93339,USAAF,2,Barrackpore ...,, ,A1
19460129-3,29-JAN-1946,Douglas R4D-6 (DC-3),50805,US Navy,,near Pearl Harbor...,, ,A1
19460130-0,30-JAN-1946,Douglas Dakota IV (DC-3),KN500,RAF,11,near Le Mans,, ,A1
19460130-1,30-JAN-1946,Douglas Dakota III (DC-3),KG427,RAF,0,København-Ka...,, ,A1
19460130-2,30-JAN-1946,Douglas Dakota IV (DC-3),KN326,RAF,0,Semarang Air...,, ,A1
19460130-3,30-JAN-1946,Boeing B-17G,OY-DFE,DDL,0,København-Ka...,, ,A1
19460131-0,31-JAN-1946,Douglas DC-3-194H,NC25675,United Airlines,21,Elk Mountain...,, ,A1
19460131-1,31-JAN-1946,Douglas C-47A (DC-3),42-93585,USAAF,,Lipa-Fernand...,, ,A1
19460131-2,31-JAN-1946,Curtiss C-46D,44-78082,USAAF,,,, ,A1
19460131-3,31-JAN-1946,Douglas C-47B (DC-3),43-16243,USAAF,,unknown,, ,A1
19460131-4,31-JAN-1946,Douglas C-47B (DC-3),44-76436,USAAF,,unknown,, ,A1
19460131-8,31-JAN-1946,Douglas C-47A (DC-3),CCCP-L854,Aeroflot / Moscow,3,Solntsevo di...,, ,A1
19460201-0,01-FEB-1946,Douglas C-54G (DC-4),45-485,USAAF,0,Fujisawa Air...,, ,A1
19460202-0,02-FEB-1946,Amiot AAC.1 (Ju-52),F-BALK,Air France,0,Belo Airport...,, ,A1
19460202-1,02-FEB-1946,Douglas Dakota IV (DC-3),KJ996,RAF,5,near Pegu,, ,A1
19460202-2,02-FEB-1946,Douglas C-47A (DC-3),43-15755,USAAF,,near Aurora-Lowry...,, ,A1
19460202-3,02-FEB-1946,Douglas C-47A (DC-3),42-92879,USAAF,5,near Aix-en-Provence,, ,A1
19460203-0,03-FEB-1946,Douglas Dakota III (DC-3),KG502,RAF,6,near Carlisle,, ,A1
19460203-1,03-FEB-1946,Douglas R5D-2 (C-54B),90395,US Navy,,,, ,A1
19460204-0,04-FEB-1946,Amiot AAC.1 (Ju-52),F-BAKO,Air France,0,Menorca-Mahó...,, ,A1
19460205-0,05-FEB-1946,Douglas DC-3A-414A,PP-CBS,Cruzeiro do Sul,0,Ilhéus Airpo...,, ,A1
19460205-1,05-FEB-1946,Douglas C-47A (DC-3),42-23619,USAAF,24,Negros Island,, ,A1
19460206-0,06-FEB-1946,Junkers Ju-52/3m,CCCP-L35,Aeroflot / Turkmenistan,6,near Darvaza Airport,, ,A1
19460207-0,07-FEB-1946,Douglas Dakota IV (DC-3),KP219,RAF,0,Dhorro Naro,, ,A1
19460207-1,07-FEB-1946,Junkers Ju-52/3m,T.2-5,Spanish AF,10,near Huerta,, ,A1
19460209-0,09-FEB-1946,Douglas C-47A (DC-3),42-93598,USAAF,,near Dumog,, ,A1
19460211-0,11-FEB-1946,Douglas Dakota IV (DC-3),KN205,RAF,0,near Saigon,, ,A1
19460212-0,12-FEB-1946,Lockheed 18 Lodestar,YV-AFI,LAV,0,near Barquisimeto,, ,A1
19460212-1,12-FEB-1946,Douglas Dakota IV (DC-3),KN229,RAF,5,Victoria Point,, ,A1
19460212-2,12-FEB-1946,Douglas Dakota IV (DC-3),KN206,RAF,,Victoria Poi...,, ,O1
19460213-0,13-FEB-1946,Douglas Dakota III (DC-3),KG397,RCAF,8,near Warlingham,, ,A1
19460213-1,13-FEB-1946,Short Sunderland GR.5,VB885,RAF,10,Lee-on-Solent ,, ,A1
19460215-0,15-FEB-1946,Curtiss C-46D,44-78240,USAAF,,,, ,A1
19460215-1,15-FEB-1946,Douglas C-47A (DC-3),A65-11,RAAF,0,Lae,, ,A1
19460215-2,15-FEB-1946,Douglas C-47B (DC-3),43-48915,USAAF,,"near Orlando, FL",, ,A1
19460215-3,15-FEB-1946,Short S.25 Sunderland 3,G-AGET,BOAC,1,Calcutta,, ,O1
19460219-0,19-FEB-1946,Douglas C-47B (DC-3),43-48320,USAAF,,"near Sanborn, NY",, ,A1
19460219-1,19-FEB-1946,Short Sunderland GR.3,PP121,RAF,0,Wig Bay,, ,O1
19460220-0,20-FEB-1946,Lisunov PS-84,CCCP-L4162,Aeroflot,0,Minsk-1 Airp...,, ,A1
19460221-0,21-FEB-1946,Consolidated 32-2 Liberator II,G-AGEM,BOAC,1,Charlottetow...,, ,A1
19460222-0,22-FEB-1946,Douglas Dakota IV (DC-3),KJ851,RAF,0,Bandung Airp...,, ,A1
19460222-1,22-FEB-1946,Douglas Dakota IV (DC-3),KK208,RAF,0,near Yangon-Minga...,, ,A1
19460223-0,23-FEB-1946,Douglas Dakota III (DC-3),KG799,RAF,0,near Mélisey,, ,A1
19460225-0,25-FEB-1946,Douglas C-47 (DC-3),NC14941,Air Carrier Transport,,"Newark, NJ",, ,A1
19460225-1,25-FEB-1946,Douglas C-47B (DC-3),A65-110,RAAF,,Tacloban Air...,, ,A1
19460227-0,27-FEB-1946,Douglas C-47A (DC-3),A65-24,RAAF,0,Laverton Air...,, ,O1
19460301-0,01-MAR-1946,Douglas DC-2-243,C-157,TACA de Colombia,,Medellin,, ,A1
19460301-1,01-MAR-1946,Douglas Dakota III (DC-3),KG425,RAF,0,Anzio,, ,A1
19460303-0,03-MAR-1946,Douglas DC-3-277B,NC21799,American Airlines,25,Thing Mounta...,, ,A1
19460303-2,03-MAR-1946,Douglas C-47 (DC-3),CA2,Central Air Transport,,"Jinan, Shandong",, ,A1
19460304-0,04-MAR-1946,Short S.25 Sunderland 3,G-AGEV,BOAC,0,Poole Harbour,, ,A1
19460305-0,05-MAR-1946,Junkers Ju-52/3m,OK-ZDN,CSA,10,near Praha-Ruzyne...,, ,A1
19460305-1,05-MAR-1946,Short Sunderland GR.3,EK595,RAF,0,Basra,, ,A1
19460306-0,06-MAR-1946,Douglas Dakota IV (DC-3),KJ951,RAF,0,Jakarta-Kema...,, ,A1
19460308-0,08-MAR-1946,Douglas C-47A (DC-3),NC39188,Air Cargo Transport,0,Newark Inter...,, ,O1
19460308-1,08-MAR-1946,Douglas C-47 (DC-3),NC41798,Air Cargo Transport,0,Newark Inter...,, ,O1
19460308-2,08-MAR-1946,Douglas DC-3,NC13726,Air Cargo Transport,,"Newark, NJ (...",, ,U1
19460310-0,10-MAR-1946,Douglas C-47 (DC-3),VH-AET,ANA,25,Derwent Rive...,, ,A1
19460310-1,10-MAR-1946,Short S.25 Sunderland 3,G-AGHV,BOAC,0,Rod-el-Farag,, ,O1
19460311-0,11-MAR-1946,Consolidated PBY-5A Catalina,48389,US Navy,0,near Newport Beac...,, ,A1
19460312-0,12-MAR-1946,Douglas Dakota III (DC-3),FD828,RAF,0,Radcliffe-on...,, ,A1
19460312-2,12-MAR-1946,Douglas Dakota III (DC-3),FD823,RAF,,unknown,, ,A1
19460314-0,14-MAR-1946,Douglas Dakota III (DC-3),KN317,RAF,,unknown,, ,A1
19460315-0,15-MAR-1946,Douglas Dakota IV (DC-3),KN351,RAF,0,Yangon-Minga...,, ,A1
19460315-1,15-MAR-1946,Douglas Dakota IV (DC-3),KN614,RAF,0,Singapore-Ka...,, ,A1
19460316-0,16-MAR-1946,Douglas C-47B (DC-3),43-48775,USAAF,3,near Zirc,, ,A1

19460716-0,16-JUL-1946,Douglas C-47B (DC-3),44-77139,USAAF,,Saishu Island,, ,A1
19460717-0,17-JUL-1946,Curtiss C-46D,HC-SCA,ANDESA,30,near Cuenca Airpo...,, ,A1
19460718-0,18-JUL-1946,Douglas Dakota IV (DC-3),KN221,RAF,0,Hong Kong-Ka...,, ,O1
19460718-1,18-JUL-1946,Douglas Dakota IV (DC-3),KN247,RAF,0,Hong Kong-Ka...,, ,O1
19460718-2,18-JUL-1946,Douglas C-47B (DC-3),44-77202,USAAF,,,, ,A1
19460718-3,18-JUL-1946,Short Sunderland GR.5,SZ559,RAF,0,"Sama Bay, Ha...",, ,O1
19460718-4,18-JUL-1946,Short Sunderland GR.5,RN264,RAF,0,"Sama Bay, Ha...",, ,O1
19460718-5,18-JUL-1946,Douglas C-47B (DC-3),45-930,USAAF,13,"near Goodland, KS",, ,A1
19460718-6,18-JUL-1946,Fairchild C-82A Packet,44-22964,USAAF,,Bellevue-Off...,, ,A1
19460718-7,18-JUL-1946,Douglas Dakota IV (DC-3),KN687,RAF,0,Hong Kong-Ka...,, ,O1
19460722-0,22-JUL-1946,Douglas C-47A (DC-3),OO-CBH,Sabena,0,"Kinvara, Galway",, ,A1
19460725-0,25-JUL-1946,Douglas Dakota IV (DC-3),KN585,RAF,22,near Bassein,, ,A1
19460726-0,26-JUL-1946,Douglas Dakota III (DC-3),FD794,RAF,,unknown,, ,A1
19460726-1,26-JUL-1946,Douglas C-47 (DC-3),C-101,Avianca,0,Honda,, ,A2
19460727-0,27-JUL-1946,Douglas DC-2-199,VH-UXJ,ANA,0,Melbourne-Es...,, ,A1
19460727-1,27-JUL-1946,SNCASO S.O.93 Corse,F-BBAP,SNCASO,2,General Pach...,, ,A1
19460728-0,28-JUL-1946,Douglas DC-3A-228C,XA-DEE,Mexicana,,near Mexico City,, ,A1
19460801-0,01-AUG-1946,Douglas Dakota IV (DC-3),KN430,RAF,0,Hong Kong-Ka...,, ,A1
19460805-0,05-AUG-1946,Douglas C-74 Globemaster I,42-65403,USAAF,0,"Torrance, CA",, ,A1
19460805-2,05-AUG-1946,Douglas R4D-6 (DC-3),99852,US Navy,,Willow Grove...,, ,A1
19460807-0,07-AUG-1946,Douglas C-47A (DC-3),G-AHCS,BEA,3,near Oslo,, ,A1
19460807-1,07-AUG-1946,Consolidated PBY-5A Catalina,48284,US Navy,6,"near Point Arena, CA",, ,A1
19460808-0,08-AUG-1946,Douglas C-47A (DC-3),NC50040,Trans Caribbean Air Cargo Line,0,Lumberton Ai...,, ,A1
19460808-1,08-AUG-1946,Amiot AAC.1 (Ju-52),F-BAJT,Air France,,Paris-Le Bou...,, ,U1
19460809-0,09-AUG-1946,Lockheed 18 Lodestar,NC45337,Atlantic Central Airlines,4,"Lakehurst, NJ",, ,A1
19460809-1,09-AUG-1946,Douglas C-47A (DC-3),43-15376,USAAF,0,near Kranj,, ,C1
19460809-2,09-AUG-1946,Douglas C-47A (DC-3),42-100917,USAAF,,Bovingdon RA...,, ,A1
19460812-0,12-AUG-1946,Junkers Ju-52/3m,B-46,French AF,0,near Enniskerry,, ,A1
19460814-0,14-AUG-1946,Douglas C-47A (DC-3),G-AGHT,BOAC,1,Malta-Luqa A...,, ,A1
19460815-0,15-AUG-1946,Avro 691 Lancastrian C.1,G-AGLU,BOAC,0,Bournemouth-...,, ,A1
19460816-0,16-AUG-1946,Douglas C-47A (DC-3),42-100792,USAAF,,Fukuoka-Itaz...,, ,A1
19460816-1,16-AUG-1946,Consolidated PBY-6A Catalina,64011,US Navy,,Kwajalein Ai...,, ,A1
19460816-2,16-AUG-1946,Lockheed 14-H2 Super Electra,OO-CAG,Sabena,,Ndolo,, ,A1
19460819-0,19-AUG-1946,Douglas C-47 (DC-3), ,USAAF,5,near Bled,, ,C1
19460820-0,20-AUG-1946,Avro 691 Lancastrian C.1,G-AGMF,BOAC,8,Rouen,, ,A1
19460821-1,21-AUG-1946,Douglas C-47 (DC-3),NC51878,Trans-Luxury Airlines,2,"near Moline, IL",,,A1
19460822-0,22-AUG-1946,Douglas C-47B (DC-3),43-16276,USAAF,5,near Garmisch-Par...,, ,A1
19460822-2,22-AUG-1946,Douglas C-47A (DC-3),42-93450,USAAF,,unknown,, ,U1
19460825-0,25-AUG-1946,Douglas C-47A (DC-3),NC88826,American Airlines,2,"near Ashland, MS",, ,A1
19460830-0,30-AUG-1946,Avro 691 Lancastrian C.3,G-AGWJ,BSAA,0,Bathurst-Jes...,, ,A1
19460830-1,30-AUG-1946,Douglas C-47A (DC-3),43-15353,USAAF,,Fürth Advanc...,, ,A1
19460831-0,31-AUG-1946,Douglas Dakota III (DC-3),KG665,RAF,0,Manchester-R...,, ,A1
19460902-0,02-SEP-1946,Lockheed 14-08 Super Electra,CF-TCJ,TCAL,2,"near Moncton, NB ...",,,A1
19460902-1,02-SEP-1946,Douglas C-47B (DC-3),KJ819,Royal Indian AF,0,Barrackpore ...,, ,A1
19460903-0,03-SEP-1946,Douglas DC-3A,F-BAOB,Air France,22,near Køge,, ,A1
19460903-1,03-SEP-1946,Douglas C-47B (DC-3),45-1048,USAAF,,"near Big Delta, AK",, ,A1
19460904-0,04-SEP-1946,Douglas DC-3D,F-BAXD,Air France,19+ 1,near Paris-Le Bou...,, ,A1
19460904-1,04-SEP-1946,Focke-Wulf Fw 200A-05,OY-DEM,DDL,0,London-North...,, ,A1
19460904-2,04-SEP-1946,Amiot AAC.1 (Ju-52),F-BBYS,CGT,0,Constantine-...,, ,A2
19460905-0,05-SEP-1946,Douglas C-47A (DC-3),NC57850,Trans-Luxury Airlines,20,"near Elko, NV",, ,A1
19460905-1,05-SEP-1946,Douglas C-47B (DC-3),A65-115,RAAF,0,"near Darwin, NT",, ,A1
19460906-0,06-SEP-1946,Lockheed 18 Lodestar,CU-T16,Interamericano,7,near Esperanza,, ,A1
19460907-0,07-SEP-1946,Douglas C-47 (DC-3),VH-ANM,ANA,0+ 1,Sydney-Masco...,, ,O1
19460907-1,07-SEP-1946,Avro 685 York I,G-AHEW,BSAA,24,near Bathurst-Yun...,, ,A1
19460907-2,07-SEP-1946,Douglas C-47A (DC-3),NC91002,Mt. McKinley Airfreight,4,"Nome, AK",, ,A1
19460909-0,09-SEP-1946,Avro 685 York C.1,MW184,RAF,0,Holmsley Sou...,, ,A1
19460910-0,10-SEP-1946,Ford 5-AT Tri-Motor,HC-SBI,Shell Ecuador,0,Tiputini Air...,, ,A1
19460912-3,12-SEP-1946,Douglas C-54A (DC-4),NX91068,Pennsylvania-Central Airlines,0,Washington-N...,, ,A1
19460913-0,13-SEP-1946,Douglas Dakota IV (DC-3),KJ862,RAF,0,Roma-Ciampin...,, ,O1
19460913-2,13-SEP-1946,Douglas C-47B (DC-3),43-48559,USAAF,,Okinawa-Naha...,, ,A1
19460915-0,15-SEP-1946,Douglas Dakota III (DC-3),962,RCAF,21,"Estevan, SK",, ,A1
19460916-0,16-SEP-1946,Consolidated PBY-6A Catalina,63999,US Navy,7,near Granite Fall...,, ,A1
19460917-0,17-SEP-1946,Douglas C-47 (DC-3),OO-AUR,Sabena,1,Brussel-Hare...,, ,A1
19460918-0,18-SEP-1946,Douglas DC-4-1009,OO-CBG,Sabena,27,"near Gander, NL",,,A1
19460919-0,19-SEP-1946,Douglas Dakota IV (DC-3),KN529,RAF,0,Yonago-Miho ...,, ,A1
19460920-0,20-SEP-1946,unknown, ,CNAC,31,"near Xichang, Sic...",, ,A1
19460924-0,24-SEP-1946,Lockheed L-049 Constellation,NC88831,Pan Am,0,Shannon Airp...,,,A1
19460925-0,25-SEP-1946,Douglas Dakota IV (DC-3),KN414,RAF,19,near Hong Kong-Ka...,,,A1
19460926-0,26-SEP-1946,Short Sunderland GR.5,SZ564,RAF,0,Hong Kong-Ka...,, ,O1
19460927-0,27-SEP-1946,Douglas DC-3A-228D,PP-PCH,Panair do Brasil,25,near Rio de Janei...,, ,A1
19460927-1,27-SEP-1946,Douglas Dakota III (DC-3),967,RCAF,,Gander-RCAF ...,, ,A1
19461001-0,01-OCT-1946,Douglas DC-3,PI-C59 ??,Philippine Air Lines,0,Bulusan,, ,A1
19461002-1,02-OCT-1946,Douglas C-47B (DC-3),45-968,USAAF,0,Hermosillo A...,, ,A1
19461003-0,03-OCT-1946,Douglas C-54E (DC-4),NC90904,American Overseas Airlines,39,near Stephenville...,, ,A1
19461003-1,03-OCT-1946,Douglas DC-2-115L,G-AGBH,Southampton Air Services,0,Malta-Luqa A...,, ,A1
19461003-2,03-OCT-1946,Douglas C-47A (DC-3),43-15286,USAAF,,Fort Benning...,, ,A1
19461004-0,04-OCT-1946,Douglas C-47A (DC-3),42-100915,USAAF,0,near Koge,, ,A1
19461006-0,06-OCT-1946,Avro 685 York C.1,MW125,RAF,21,"near Penang, Mala...",, ,A1
19461007-0,07-OCT-1946,Consolidated PBY-5 Catalina,08530,US Navy,,Corpus Chris...,, ,A1
19461008-0,08-OCT-1946,Douglas DC-4,NC30051,United Airlines,2,near Cheyenne Air...,, ,A1
19461008-1,08-OCT-1946,Lisunov Li-2,CCCP-N394,Polyarnaya Aviatsiya,0,Amderma Airp...,, ,O1
19461009-0,09-OCT-1946,Douglas C-47A (DC-3),42-100456,USAAF,,Unknown,, ,A1
19461010-0,10-OCT-1946,Amiot AAC.1 (Ju-52),F-BCAA,Air Ocean,16,near Sefrou,, ,A1
19461011-0,11-OCT-1946,Douglas C-54B (DC-4),NC88729,Eastern Air Lines,0,"near Alexandria, VA",, ,A1
19461012-0,12-OCT-1946,Lockheed L-049 Constellation,NC86512,TWA,0,"Newcastle, DE",, ,A1
19461013-0,13-OCT-1946,Consolidated PBY-5 Catalina,Y-87,Dutch Navy,0,near Woendi,, ,A1
19461015-0,15-OCT-1946,Douglas C-47A (DC-3),43-15647,USAAF,,Frankfurt Rh...,, ,A1
19461016-0,16-OCT-1946,Douglas DC-3,PI-C92,Far East Air Transport,,Manila,, ,U1
19461017-0,17-OCT-1946,Douglas C-47A (DC-3),NC38942,National Air Transport Service,13,"Laramie, WY",, ,A1
19461017-1,17-OCT-1946,Douglas Dakota IV (DC-3),KN236,RAF,11,near Chitral,, ,A1
19461020-0,20-OCT-1946,Avro 685 York C.1,MW208,RAF,3,Calcutta-Dum...,, ,A1
19461022-0,22-OCT-1946,Lockheed 18 Lodestar,PP-PBQ,Panair do Brasil,0,"Catanduva, SP",, ,A1
19461022-1,22-OCT-1946,Douglas Dakota IV (DC-3),KN635,RAF,0,Membury RAF ...,, ,A1
19461022-2,22-OCT-1946,Douglas C-47A (DC-3),42-100506,USAAF,1,near Aachen,, ,A1
19461022-3,22-OCT-1946,Douglas C-47B (DC-3),43-16199,USAAF,7,near Manila-Nicho...,, ,A1
19461023-0,23-OCT-1946,Amiot AAC.1 (Ju-52),F-BCHD,SOCOTRA,1,Gebel Kalamoun,, ,A1
19461025-0,25-OCT-1946,Douglas C-47B (DC-3),44-77265,USAAF,,El Paso-Bigg...,, ,A1
19461026-0,26-OCT-1946,Amiot AAC.1 (Ju-52),F-BBYL,TAI,,Marseille-Ma...,, ,U1
19461031-0,31-OCT-1946,Lisunov Li-2,CCCP-L4278,Aeroflot / Turkmenistan,0,Tashauz,, ,A1
19461101-0,01-NOV-1946,Amiot AAC.1 (Ju-52),F-BCAD,CTA Languedoc-Roussillon,23,Saint-Léger-...,, ,A1

19461101-1,01-NOV-1946,Douglas C-47B (DC-3),43-49899,USAAF,,Taiden,, ,A1
19461102-0,02-NOV-1946,Douglas C-47B (DC-3),43-49141,USAAF,8,Caribbean,, ,A1
19461103-0,03-NOV-1946,Avro 685 York C.1,MW225,RAF,0,Delhi-Palam ...,, ,A1
19461104-0,04-NOV-1946,Fairchild C-82A Packet,44-23020,USAAF,0,Austin-Bergs...,, ,A1
19461105-0,05-NOV-1946,Lisunov Li-2,CCCP-L4181,Aeroflot / Turkmenistan,5,"near Yamshchina, ...",, ,A1
19461105-1,05-NOV-1946,Douglas C-47B (DC-3),CCCP-L946,Aeroflot,13,Moskva-Vnuko...,, ,A1
19461105-2,05-NOV-1946,Lisunov Li-2,CCCP-L4207,Aeroflot / Lithuania,1,Moskva-Vnuko...,, ,A1
19461106-0,06-NOV-1946,Douglas C-47A (DC-3),PH-TBO,KLM,0,near Shere,, ,A1
19461107-0,07-NOV-1946,Lockheed 18 Lodestar,PP-NAI,NAB,0,Rio de Janei...,, ,A1
19461107-1,07-NOV-1946,Budd RB-1 Conestoga,NC45353,National Skyway Freight,2,"near San Rafael, NM",, ,A1
19461109-0,09-NOV-1946,Douglas DC-3, ,Arnold Air Service,0,Anchorage-Me...,, ,A1
19461109-1,09-NOV-1946,Douglas C-47A (DC-3),OK-XDG,CSA,0,near Dobrovíze,, ,A1
19461109-2,09-NOV-1946,Lisunov Li-2,CCCP-L4145,Aeroflot / Privolzhsk,6,Ufa,, ,A1
19461110-0,10-NOV-1946,Douglas C-49J-DO (DC-3-454),NC20750,Delta Air Lines,0,Meridian-Key...,, ,A1
19461110-2,10-NOV-1946,Douglas Dakota III (DC-3),FZ570,RAF,,Algiers-Mais...,, ,A1
19461111-0,11-NOV-1946,Douglas C-53D-DO (DC-3),NC19947,United Airlines,2,"Cleveland, OH",,,A1
19461113-0,13-NOV-1946,Douglas DC-3A,NC18645,Western Air Lines,11,"near Lebec, CA",, ,A1
19461113-1,13-NOV-1946,Douglas DC-3,XA-FOZ,Communicaciones Aéreas de Veracruz,15,near Perote,, ,A1
19461114-0,14-NOV-1946,Douglas C-47A (DC-3),PH-TBW,KLM,26,Amsterdam-Sc...,,,A1
19461115-0,15-NOV-1946,Ford 4-AT-B Tri-Motor,HC-SBD,Shell Ecuador,1,Ayuy Airstrip,, ,A1
19461116-0,16-NOV-1946,Curtiss C-46F,44-78691,USAAF,23,near Iwo Jima Air...,, ,A1
19461118-0,18-NOV-1946,Douglas DC-3-194D,G-AGBE,Skyways,0,Lons-le-Saunier,, ,A1
19461119-0,19-NOV-1946,Douglas C-53D Skytrooper (DC-3),42-68846,USAAF,0,near Interlaken,, ,A1
19461120-0,20-NOV-1946,Avro 685 York C.1,MW205,RAF,6,near Suez,, ,A1
19461122-0,22-NOV-1946,Douglas C-47B (DC-3),44-77156,USAAF,,"Ohama Beach,...",, ,A1
19461122-1,22-NOV-1946,Junkers Ju-52/3mge,T-165,Argentine AF,,,, ,A1
19461125-1,25-NOV-1946,Junkers Ju-52/3m,T.2-76,Spanish AF,8,near Valdenoche,, ,A1
19461126-0,26-NOV-1946,Consolidated PBY-5A Catalina,A24-106,RAAF,0,Darwin RAAF ...,, ,A1
19461127-0,27-NOV-1946,Douglas C-47A (DC-3),RX-76,LACSA,23,near San José,, ,A1
19461128-0,28-NOV-1946,Avro 685 York C.1,MW168,RAF,0,Brize Norton...,, ,A1
19461129-0,29-NOV-1946,Douglas Dakota IV (DC-3),KN286,RAF,,unknown,, ,A1
19461130-0,30-NOV-1946,Vickers 620 Viking 1,T-1,Argentine AF,5,El Palomar A...,, ,A1
19461202-0,02-DEC-1946,Douglas C-54B (DC-4),NC56743,Willis Air Service,0,San Juan-Isl...,, ,A1
19461202-1,02-DEC-1946,Avro 685 York C.1,MW268,RAF,0,Malta-Luqa A...,, ,A1
19461204-0,04-DEC-1946,Lisunov Li-2, ,Aeroflot,24,Mashhad,, ,A1
19461206-0,06-DEC-1946,Ford 5-AT-B Tri-Motor,XA-FUP,NAAM,,,, ,U1
19461207-0,07-DEC-1946,Kawasaki Ki-56,6,Dalstroi Aviation,7,near Berelyokh,, ,A1
19461208-0,08-DEC-1946,Avro 691 Lancastrian C.3,G-AHCA,Skyways,0,Dunsfold Air...,, ,O1
19461210-0,10-DEC-1946,Curtiss C-46E, ,Slick Airways,0,"Dallas, TX",, ,A2
19461210-1,10-DEC-1946,Curtiss R5C-1 (C-46A),39528,USMC,32,Mount Rainie...,, ,A1
19461210-2,10-DEC-1946,Curtiss C-46F,44-78604,USAAF,22,near Osaka-Itami ...,, ,A1
19461211-0,11-DEC-1946,Douglas C-47B (DC-3),43-16322,USAAF,,unknown,, ,A1
19461213-0,13-DEC-1946,Focke-Wulf Fw 200C,CCCP-N400,"GUSMP, Directorate of Polar Aviation",0,near Ostrov Litne,, ,A1
19461213-1,13-DEC-1946,Fairchild C-82A Packet,44-23022,USAAF,0,Fayetteville...,, ,A1
19461214-0,14-DEC-1946,Douglas C-47B (DC-3),PI-C1,Far East Air Transport,12,Mt. Banahaw,, ,A1
19461216-0,16-DEC-1946,Douglas DC-3, ,CNAC,5,Shanghai-Lon...,, ,A1
19461217-0,17-DEC-1946,Douglas C-47A (DC-3),NC88876,Winged Cargo,7,near Tilaran,, ,A1
19461217-1,17-DEC-1946,Douglas Dakota IV (DC-3),KN662,RAF,0,near Trigno,, ,A1
19461218-0,18-DEC-1946,Douglas C-47B (DC-3),43-16378,USAAF,,near Ferrara,, ,A1
19461219-0,19-DEC-1946,Douglas C-47A (DC-3),G-AGZA,Railway,0,near London-North...,,,A1
19461219-1,19-DEC-1946,Douglas C-47 (DC-3),NC54374,Universal Air Lines,0,"near Aberdeen, MD",, ,A2
19461219-2,19-DEC-1946,Douglas C-54B (DC-4),NC88813,Eastern Air Lines,0,"near Aberdeen, MD",, ,A2
19461219-3,19-DEC-1946,Avro 685 York C.1,MW241,RAF,0,Honington RA...,, ,A1
19461220-0,20-DEC-1946,Consolidated PBY-5A Catalina,C-406,VIARCO,1,Buenaventura,, ,A1
19461223-0,23-DEC-1946,Douglas C-47B (DC-3),G-AGKD,BOAC,,Malta-Luqa,, ,A1
19461223-1,23-DEC-1946,Avro 685 York I,LV-XIG,FAMA,21,near Rio de Janei...,, ,A1
19461224-0,24-DEC-1946,Douglas DC-3A,NC45395,Western Air Lines,12,"near San Diego, CA",,,A1
19461224-1,24-DEC-1946,Douglas DC-4,NC30050,United Airlines,0,Los Angeles ...,, ,A1
19461224-2,24-DEC-1946,Douglas C-47A (DC-3),OK-WDD,CSA,0,near Paris,, ,A1
19461225-0,25-DEC-1946,Douglas C-47 (DC-3),140,CNAC,19,Shanghai-Jia...,, ,A1
19461225-1,25-DEC-1946,Curtiss C-46,115,CNAC,31,Shanghai-Lon...,, ,A1
19461225-3,25-DEC-1946,Douglas C-47 (DC-3),48,Central Air Transport,11+ 1,near Shanghai-Jia...,, ,A1
19461228-0,28-DEC-1946,Douglas C-47A (DC-3),NC58024,Kansas City Southern Skyways,2,"Walshville, IL",, ,A1
19461228-1,28-DEC-1946,Lockheed L-049 Constellation,NC86505,TWA,9,near Shannon Airp...,, ,A1
19461228-2,28-DEC-1946,Douglas C-50A-DO (DC-3),NC15577,American Airlines,2,Michigan Cit...,, ,A1
19461230-0,30-DEC-1946,Martin PBM-5 Mariner,59098,US Navy,3,Thurston Island,, ,A1
19461231-1,31-DEC-1946,Douglas C-47A (DC-3),NC88873,Inter Continental Air Transport,5,"near Charleston, SC",, ,A1
19469999-0,??-???-1946,Ford 5-AT Tri-Motor, ,TACA de Nicaragua,0,near Puerto Cabezas,, ,A1
19469999-1,??-???-1946,Junkers Ju-52/3m,CCCP-L26/28,Aeroflot / West Siberia,4,near Taldi-Kurgan,, ,A1
19469999-18,??-???-1946,Lockheed C-69 Constellation,43-10314,War Assets Administration,,,, ,U1
