identifiant,date,type,registration,operator,fat.,location, ,pic,cat

19800602-1,02-JUN-1980,Fairchild F-27J,CP-1117,LAB,13,near Yacuiba,,,A1
19800603-0,03-JUN-1980,Shorts 330-100,N844SA,Suburban Airlines,0,Allentown In...,, ,O1
19800606-0,06-JUN-1980,Antonov An-22A,CCCP-09311,Soviet AF,3,near Moskva-Vnuko...,, ,A1
19800608-0,08-JUN-1980,Yakovlev Yak-40K,D2-TYC,TAAG,19,near Matala,, ,C1
19800612-0,12-JUN-1980,Avia 14T,3151,Czechoslovak AF,,Brno-Cernovice,, ,A1
19800612-1,12-JUN-1980,Swearingen SA226-TC Metro II,N650S,Air Wisconsin,13,"near Valley, NE",,,A1
19800612-2,12-JUN-1980,Yakovlev Yak-40,CCCP-87689,Aeroflot / Tajikistan,29,near Dushanbe,, ,A1
19800614-0,14-JUN-1980,Antonov An-26,235,Afghan AF,0,Khost Airpor...,, ,A1
19800617-0,17-JUN-1980,Antonov An-26,229,Soviet AF,,Kabul Airpor...,, ,A1
19800619-0,19-JUN-1980,DC-9-81 (MD-81),N1002G,McDonnell Douglas,0,Yuma Interna...,,,A1
19800619-1,19-JUN-1980,SE-210 Caravelle VI-R,N905MW,Airborne Express,0,Atlanta Muni...,,,A1
19800621-0,21-JUN-1980,Hawker Siddeley HS-748,HS-THG,Thai Airways,0,Chiang Rai A...,,,A1
19800622-0,22-JUN-1980,Lockheed L-1049H Super Constellatio,N74CA,Air Traders Int.,3,near Columbus Mun...,,,A1
19800627-0,27-JUN-1980,Douglas DC-9-15,I-TIGI,Itavia,81,"near Ustica, Ital...",,,C1
19800627-1,27-JUN-1980,BN-2A-6 Islander,I-BADE,Transavio,0,near Isola d'Elba,,,A1
19800630-0,30-JUN-1980,Boeing 737-287C,LV-JND,Aerolineas Argentinas,0,Buenos Aires...,, ,H2
19800702-0,02-JUL-1980,Douglas C-47 (DC-3), ,Thai Navy,2,near Prachuap Khi...,, ,A1
19800705-0,05-JUL-1980,Fairchild C-119 Flying Boxcar,N90268,Gifford Aviation,0,King Salmon ...,, ,A1
19800707-0,07-JUL-1980,Embraer EMB-110P1 Bandeirante,XA-DAK,Instituto Mex. de Seguridad Social,13,near Tepic Airpor...,, ,A1
19800707-1,07-JUL-1980,BN-2A-26 Islander,EI-BBR,Aer Arann,0,Galway-Carnm...,, ,A1
19800708-0,08-JUL-1980,Tupolev Tu-154B-2,CCCP-85355,Aeroflot / Kazakstan,166,near Alma-Ata Air...,, ,A1
19800710-0,10-JUL-1980,Douglas C-47B (DC-3),4X-FNV/036,Israeli AF,4,North Sinai,, ,A1
19800711-0,11-JUL-1980,Boeing 727, ,Northwest Orient Airlines,0,Seattle/Taco...,, ,H2
19800712-0,12-JUL-1980,DHC-6 Twin Otter 300,943,Chilean AF,1,near Santiago-Los...,, ,A1
19800712-1,12-JUL-1980,Douglas DC-3, ,Unknown,3,Port-au-Prin...,, ,A1
19800712-2,12-JUL-1980,Boeing 727, ,Philippine Air Lines,0,Manila,, ,H2
19800714-1,14-JUL-1980,Vickers 745D Viscount,HC-BHB,Aerolineas Condor,0,Loja Airport...,,,A1
19800717-0,17-JUL-1980,Vickers 708 Viscount,G-ARBY,Alidair,0,Ottery St. Mary,,,A1
19800722-0,22-JUL-1980,Lockheed L-1011 TriStar, ,Delta Air Lines,0,Camaguey (Cuba),, ,H2
19800724-0,24-JUL-1980,Nord 2501D Noratlas,HC-AXK,ATESA,2,within Pastaza prov...,,,A1
19800724-1,24-JUL-1980,Boeing 737-269,9K-ACV,Kuwait Airways,0,"Kuwait, Mana...",, ,H2
19800727-0,27-JUL-1980,Douglas DC-7CF,CP-1291,Lambda Air Cargo,,Trujillo Air...,,,U1
19800727-1,27-JUL-1980,Consolidated P4Y-2G Super Privateer,N2870G,Hawkins & Powers,0,Ramona Airpo...,, ,A1
19800731-0,31-JUL-1980,Boeing 707-358C,4X-ATX,El Al,0,Tel Aviv-Ben...,, ,O2
19800731-1,31-JUL-1980,Antonov An-2R,SP-WLU,ZUA,,Krosinko,, ,A1
19800801-0,01-AUG-1980,Douglas R4D-5 (DC-3),N45864,private,0,New Smyrna B...,, ,A1
19800801-1,01-AUG-1980,Douglas DC-8-43F,OB-R-1143,Aeronaves del Peru,3,near Mexico City-...,,,A1
19800803-0,03-AUG-1980,DHC-3 Otter,N433GR,Yute Air Alaska,2,"near Togiak, AK",, ,A1
19800806-0,06-AUG-1980,Fairchild F-27,N707WA,Athens Leasing Corp.,0,"near Bridgeport, TX",, ,A2
19800807-1,07-AUG-1980,Tupolev Tu-154B-1,YR-TPH,Tarom,1,Nouadhibou A...,,,A1
19800810-0,10-AUG-1980,Boeing 737, ,Air Florida,0,Havana,, ,H2
19800811-0,11-AUG-1980,BN-2A-6 Islander,PT-KAC,Prospec,3,near Rio de Janei...,, ,A1
19800813-0,13-AUG-1980,Learjet 35A,EC-DFA,Spantax,4,near Palma de Mal...,, ,A1
19800813-1,13-AUG-1980,Boeing 737, ,Air Florida,0,Havana,, ,H2
19800814-0,14-AUG-1980,DC-10, ,National Airlines,0,Havana,, ,H2
19800816-0,16-AUG-1980,Lockheed L-1011 TriStar, ,Delta Air Lines,0,Havana,, ,H2
19800816-1,16-AUG-1980,DC-9, ,Republic Airlines,0,Havana,, ,H2
19800816-2,16-AUG-1980,Boeing 727, ,Eastern Air Lines,0,Havana,, ,H2
19800818-0,18-AUG-1980,DC-9, ,Eastern Air Lines,0,Atlanta Muni...,, ,H2
19800819-0,19-AUG-1980,Fokker F-27 Friendship 400,XY-ADO,Burma Airways,0,Maulmyine Ai...,,,A1
19800819-1,19-AUG-1980,Lockheed L-1011 TriStar 200,HZ-AHK,Saudi Arabian,301,Riyadh Inter...,,,A1
19800823-0,23-AUG-1980,Douglas C-47 (DC-3),HJ235,Indian AF,9,Guwahati,, ,A1
19800823-1,23-AUG-1980,Lockheed L-100-30 Hercules,N18ST,Transamerica Airlines,0+ 1,"Otay, CA",, ,A2
19800825-0,25-AUG-1980,BN-2A Trislander Mk.III-1,9L-LAQ,Sierra Leone Airways,,Freetown-Has...,, ,O1
19800826-0,26-AUG-1980,Lockheed L-1011 TriStar, ,Eastern Air Lines,0,Havana,, ,H2
19800826-1,26-AUG-1980,Vickers 812 Viscount,PK-IVS,"FEAT, op.for Bouraq Indonesia",37,near Jakarta-Kema...,,,A1
19800828-0,28-AUG-1980,Vickers 768D Viscount,VT-DJC,Huns Air,0,Vijayawada A...,, ,A1
19800829-0,29-AUG-1980,DC-8, ,Braniff Airways,0,Lima,, ,H2
19800829-1,29-AUG-1980,Douglas C-47B (DC-3),2016,TAM Paraguay,1,Asunción,, ,A1
19800902-0,02-SEP-1980,DHC-6 Twin Otter 300,HC-BAV,TAME Ecuador,0,24 Mayo Airs...,, ,A1
19800903-0,03-SEP-1980,Boeing 727-21,N327PA,Pan Am,0,San José-Jua...,,,A1
19800905-0,05-SEP-1980,Lockheed L-100-20 Hercules,KAF317,Kuwait AF,8,Saint-Vincen...,, ,A1
19800905-2,05-SEP-1980,Lockheed P-3B Orion,154591,US Navy,0,Barbers Poin...,, ,A1
19800906-0,06-SEP-1980,BN-2A-21 Islander,5T-MAQ,Mauritanian AF,,,, ,U1
19800908-0,08-SEP-1980,Boeing 727, ,Eastern Air Lines,0,"Tampa, Havana",, ,H2
19800909-0,09-SEP-1980,Boeing 727, ,United Airlines,0,Sacramento M...,, ,O2
19800910-0,10-SEP-1980,Douglas C-47 (DC-3),HK-329,Aeronorte,3,near Puerto Berrío,,,A1
19800912-0,12-SEP-1980,Boeing 727, ,Eastern Air Lines,0,"Miami, FL",, ,H2
19800912-1,12-SEP-1980,Douglas DC-8-33F,N715UA,Aeronaves del Peru,3,near Iquitos,,,A1
19800912-3,12-SEP-1980,Douglas DC-3A,N75KW,Florida Commuter Airlines,34,near West End Set...,, ,A1
19800913-0,13-SEP-1980,Boeing 727, ,Delta Air Lines,0,Havana,, ,H2
19800914-0,14-SEP-1980,Lockheed C-130E Hercules,453,Saudi AF,89,near Madinah-Moha...,, ,A1
19800914-1,14-SEP-1980,Lockheed C-130H Hercules,9T-TCE,Zaire AF,36,Kindu Airpor...,, ,A1
19800914-2,14-SEP-1980,Boeing 727, ,Eastern Air Lines,0,"Miami, FL",, ,H2
19800915-0,15-SEP-1980,Douglas DC-6B,N9018N,JMG Inc,3,near Haiti,, ,A1
19800915-1,15-SEP-1980,Ilyushin Il-14P,CCCP-41831,Aeroflot / Arkhangelsk,0,near Bereznik Air...,, ,A1
19800917-0,17-SEP-1980,DHC-5D Buffalo,9T-CBC,Zaire AF,36,Kindu,, ,A1
19800917-1,17-SEP-1980,Boeing 727, ,Delta Air Lines,0,Havana,, ,H2
19800918-0,18-SEP-1980,Douglas DC-7C,N75000,private,0,near Castilla la ...,,,A1
19800920-0,20-SEP-1980,Curtiss C-46A,HI-197,Unknown,0,near Peninsula de...,,,A1
19800921-0,21-SEP-1980,DHC-6 Twin Otter 300,N46RA,Rio Airways,0,Wichita Fall...,, ,A2
19800922-0,22-SEP-1980,Convair CV-240-6,ZP-CDO,Unknown,0,"near Okeechobee, FL",, ,A1
19800922-1,22-SEP-1980,BN-2A-27 Islander,TF-RTO,Flugfelag Austurlands,3,Mount Smjörf...,, ,A1
19800922-2,22-SEP-1980,Boeing 707-3J9C,5-8302,Iran AF,,Tehran-Mehra...,, ,O1
19800923-0,23-SEP-1980,Ilyushin Il-76,YI-AIO,Iraqi Airways,,Baghdad-Sadd...,, ,C1
19800924-0,24-SEP-1980,Antonov An-24TV,YI-AEM,Iraqi Airways,,near Kirkuk Airpo...,, ,A1
19801001-0,01-OCT-1980,Cessna 500 Citation I,G-BPCP,Penarth Commercial Properties,1,Jersey-State...,,,A1
19801002-0,02-OCT-1980,Lockheed C-130A Hercules,56-0504,USAF,4,"McMinnville, TN",, ,A1
19801003-1,03-OCT-1980,Douglas C-47A (DC-3),ECT-025,Kurfiss Aviation,2,between Madr...,, ,A1
19801006-0,06-OCT-1980,Douglas DC-6BF,YN-BVI,LANICA,0,Panama City-...,,,A1
19801008-1,08-OCT-1980,Tupolev Tu-154B-2,CCCP-85321,Aeroflot / Far East,0,Chita Airpor...,, ,A1
19801011-0,11-OCT-1980,BN-2A-26 Islander,N851JA,Trans Island Airways,1,near Ocean Cay Ai...,, ,A1
19801012-1,12-OCT-1980,Canadair CL-215,UD.13-13,Spanish AF,2,Beniarrés,, ,A1
19801013-0,13-OCT-1980,Fokker F-27 Friendship 400,PK-PFC,Pelita Air Service,0,Misool Island,,,A1
19801013-1,13-OCT-1980,Boeing 727-2F2,TC-JBJ,THY,1,Diyarbakir A...,, ,H2
19801014-0,14-OCT-1980,Embraer C-95 Bandeirante (EMB-110),2143,Brazilian AF,0,São Paulo-Ca...,, ,A1
19801015-0,15-OCT-1980,Lockheed CC-130E Hercules,130312,Canadian Armed Forces,8,"near Chapais, QC",, ,A1
19801016-0,16-OCT-1980,Fairchild UC-123K Provider,57-6291,USAF,5,Fort Sill-He...,, ,A1
19801017-0,17-OCT-1980,Beech 200 Super King Air,F-GBRP,Établissements Economique du Casino,7,near Colmar-Houss...,, ,A1
19801023-0,23-OCT-1980,DH-114 Heron 1B,J6-LBC,St. Lucia Airways,0,Saint Lucia,,,O1

19800101-0,01-JAN-1980,Boeing 737-2A8,VT-EAH,Indian Airlines,0,Ahmedabad Ai...,, ,A2
19800102-0,02-JAN-1980,Boeing EC-135P,58-0007,USAF,0,Hampton-Lang...,, ,O1
19800102-1,02-JAN-1980,BN-2A-21 Islander,HH-CNC,Haiti Air Inter,9,Grande-Riviè...,, ,A1
19800105-0,05-JAN-1980,Lockheed 18 Learstar I,N163R,private,0,Palmyra Isla...,,,A1
19800107-0,07-JAN-1980,DC-9-32,I-DIKB,Alitalia,0,Roma-Fiumici...,,,O1
19800107-1,07-JAN-1980,Antonov An-12BP, ,Soviet AF,1,Kabul Airpor...,, ,A2
19800111-1,11-JAN-1980,Convair CV-440-11,CP-1358,Carga Aéreo Transportada,0,Camiare,,,A1
19800113-0,13-JAN-1980,DC-9-32,PK-GND,Garuda,0,Banjarmasin-...,, ,A1
19800114-0,14-JAN-1980,DC-9-32,I-DIZI,Alitalia,0,Palermo-Punt...,, ,H2
19800115-0,15-JAN-1980,IAI Arava 201,3D-DAB,Swaziland AF,2,Zomba Air Base,,,A1
19800118-0,18-JAN-1980,Boeing 720, ,MEA,0,Beirut Inter...,, ,H2
19800118-1,18-JAN-1980,Douglas C-47A (DC-3),L2-13/96,Thai AF,5,near Sri Racha,, ,A1
19800121-0,21-JAN-1980,Boeing 727-86,EP-IRD,Iran Air,128,near Tehran-Mehra...,,,A1
19800123-1,23-JAN-1980,Fairchild F-27J,CP-1175,LAB,0,Santa Ana-Ya...,, ,A1
19800123-2,23-JAN-1980,Tupolev Tu-134,SP-LGB,LOT,0,Warszawa-Oke...,,,A1
19800123-3,23-JAN-1980,CASA/Nurtanio NC-212 Aviocar,PK-PCX,Pelita Air Service,13,Mount Cemonyet,, ,A1
19800124-0,24-JAN-1980,Douglas DC-3A,HK-2214,Aerotal Colombia,4,Bogotá-Eldor...,,,A1
19800124-1,24-JAN-1980,Fairchild FH-227B,5002,Burmese AF,43,near Mandalay-Ann...,,,A1
19800125-0,25-JAN-1980,Lockheed L-1011 TriStar, ,Delta Air Lines,0,Havana,, ,H2
19800127-0,27-JAN-1980,Boeing 720-059B,HK-725,Avianca,0,Quito-Marisc...,,,A1
19800128-0,28-JAN-1980,Boeing 720, ,MEA,0,Beirut Inter...,, ,H2
19800130-0,30-JAN-1980,Dassault Falcon 10,N253K,Kellogg,2,Chicago-Merr...,, ,A1
19800130-1,30-JAN-1980,Dassault Falcon 10MER,39,French Navy,,Toul-Rosière...,,,U1
19800130-2,30-JAN-1980,Douglas C-118B (DC-6),128426,USMC,,"Alameda-NAS,...",, ,O1
19800130-3,30-JAN-1980,Ilyushin Il-18, ,Interflug,0,,, ,H2
19800131-0,31-JAN-1980,Antonov An-26,RDPL-34037,Lao Aviation,0,Vientiane-Wa...,, ,A1
19800202-0,02-FEB-1980,Lockheed L-188AF Electra,YS-07C,TACA,0,San Salvador,,,O1
19800203-1,03-FEB-1980,Yakovlev Yak-40,CU-T1219,Cubana,1,Baracoa Airp...,, ,A1
19800206-0,06-FEB-1980,Grumman American G-1159 Gulfstream ,TR-KHB,Gabon Government,5,near Ngaoundéré A...,,,A1
19800208-0,08-FEB-1980,Boeing KC-135Q,60-0338,USAF,0,Plattsburgh ...,, ,O1
19800208-1,08-FEB-1980,Fokker F-27 Friendship 600,9Q-CLP,Air Zaire,3,Kinshasa-N'D...,, ,A1
19800215-0,15-FEB-1980,Convair CV-240-0,N8330C,private,0,Port-au-Prince,, ,A1
19800216-0,16-FEB-1980,Bristol 175 Britannia 253,G-BRAC,Redcoat Air Cargo,7,"Billerica, MA",,,A1
19800221-0,21-FEB-1980,Beech 200 Super King Air,VH-AAV,Advance Airlines,13,Sydney-Kings...,, ,A1
19800223-0,23-FEB-1980,Fairchild C-119G Flying Boxcar, ,Indian AF,46,Agra-Kheria ...,, ,A1
19800224-0,24-FEB-1980,BN-2A-20 Islander,PK-VIT,Dirgantara Air Services,,Banjarmasin,, ,A1
19800227-0,27-FEB-1980,Boeing 707-309C,B-1826,China Airlines,2,Manila Inter...,,,A1
19800228-0,28-FEB-1980,Douglas C-47 (DC-3), ,Guatemala AF,31,near Poptun,, ,A1
19800301-0,01-MAR-1980,Tupolev Tu-154A,CCCP-85103,Aeroflot / West Siberia,0,Orenburg Air...,, ,A1
19800301-2,01-MAR-1980,Antonov An-26, ,Afghan AF,,,, ,C1
19800303-2,03-MAR-1980,Learjet 25,N211MB,Merchant Bank,3+ 3,near Port-au-Prin...,, ,A1
19800307-0,07-MAR-1980,Antonov An-2R,SP-WSP,ZUA,,,, ,A1
19800310-0,10-MAR-1980,Boeing 707, ,MEA,0,Beirut Inter...,, ,H2
19800313-0,13-MAR-1980,Douglas C-47B (DC-3),CP-1243,Aerolineas La Paz,0,San Borja,,,A1
19800314-0,14-MAR-1980,Lockheed C-130H Hercules,74-2064,USAF,18,near Adana-Incirl...,,,A1
19800314-1,14-MAR-1980,Ilyushin Il-62,SP-LAA,LOT,87,near Warszawa-Oke...,,,A1
19800315-1,15-MAR-1980,Beech 200 Super King Air,N1KA,Security Pacific Equipment Lease,0,unknown loca...,, ,O1
19800317-0,17-MAR-1980,Douglas DC-9-14,N9103,Texas International,0,Baton Rouge-...,,,A1
19800318-0,18-MAR-1980,Douglas C-47B (DC-3),ET-AGM,Ethiopian Airlines,0,near Addis Ababa-...,, ,A1
19800320-0,20-MAR-1980,Antonov An-24RV,B-484,CAAC,26,near Changsha Air...,, ,A1
19800320-1,20-MAR-1980,Tupolev Tu-134, ,Aeroflot,0,,, ,H2
19800325-0,25-MAR-1980,Learjet 36,D-CDFA,Air Traffic Executive Jet,0,near Sebha Airpor...,,,A1
19800325-1,25-MAR-1980,Douglas C-47B (DC-3),6851,South African AF,3,within Namibia,, ,A1
19800327-0,27-MAR-1980,Beech 200 Super King Air,N456L,Lufkin Industries,10,"near Parker, CO",, ,A1
19800329-0,29-MAR-1980,Convair CV-880,HP-821,Inair Panama,0,Panama City,,,A1
19800330-0,30-MAR-1980,BN-2A-9 Islander,PT-JSC,VOTEC,9,Cuiabá-Marec...,, ,A1
19800331-0,31-MAR-1980,Antonov An-24V,3X-GAU,Air Guinée,0,Conakry Airp...,, ,A1
19800399-0,??-MAR-1980,Antonov An-8,CCCP-27205,MAP Arsenyev,0,Arsenyev-Var...,, ,A1
19800403-0,03-APR-1980,Boeing 707-373C,S2-ABQ,Biman Bangladesh,0,Singapore-Pa...,,,A1
19800403-1,03-APR-1980,Canadair Challenger 600,C-GCGR-X,Canadair,1,"Mojave, CA",, ,A1
19800403-2,03-APR-1980,Antonov An-2,CCCP-16027,Aeroflot / Yakutsk,0,near Aldan Airpor...,, ,A1
19800408-0,08-APR-1980,BN-2A Trislander Mk.III-2,PK-KTI,Bali Int. Air Service,2,Balikpapan-S...,, ,A1
19800409-0,09-APR-1980,Boeing 727, ,American Airlines,0,"Dallas, Havana",, ,H2
19800411-0,11-APR-1980,Douglas C-47A (DC-3),N64490,private,3,near Athol-Silver...,,,A1
19800411-1,11-APR-1980,Learjet 25B,N25TA,Thunderbird Airways,2,"near Conlon, TX",, ,A1
19800412-0,12-APR-1980,Boeing 727-27C,PT-TYS,Transbrasil,55,near Florianópoli...,, ,A1
19800413-0,13-APR-1980,Antonov An-2T,CCCP-62479,Aeroflot / Yakutsk,,,, ,A1
19800414-0,14-APR-1980,Antonov An-24B,CCCP-47732,Aeroflot / Krasnoyarsk,2,Krasnoyarsk ...,, ,A1
19800414-1,14-APR-1980,Boeing 727, ,Continental Air Lines,0,Denver-Stapl...,, ,H2
19800417-0,17-APR-1980,Lockheed P-3C Orion,158213,US Navy,6+ 2,Pago Pago,,,A1
19800418-1,18-APR-1980,Antonov An-24B,CCCP-46220,"Aeroflot, Moscow SPiMVL",0,Moskva-Bykov...,, ,A1
19800421-0,21-APR-1980,Sabreliner 40,XA-EEU,Aeroservicios Internacionales,0,Léon,, ,U1
19800423-0,23-APR-1980,Douglas C-47B (DC-3),N709Z,Florida Preferred Equity,0,"near Dania, FL",, ,A1
19800424-0,24-APR-1980,Lockheed EC-130E Hercules,62-1809,USAF,5,Posht-i-Badam,,,A1
19800425-0,25-APR-1980,Boeing 727-46,G-BDAN,Dan-Air Services,146,Esperanzo Fo...,,,A1
19800427-0,27-APR-1980,Hawker Siddeley HS-748,HS-THB,Thai Airways,44,near Bangkok-Don ...,,,A1
19800428-0,28-APR-1980,Beech 99,F-BTMO,Compagnie Aérienne du Languedoc,0,near Paris-Orly A...,,,A1
19800428-1,28-APR-1980,Douglas C-54Q (DC-4),CP-1351,Trak Airways,0,Río Beni,, ,A1
19800499-0,??-APR-1980,Convair CV-440,N94436,private,,,,,U1
19800499-1,??-APR-1980,Swearingen SA226-AT Metro III,N5498M,Fairchild,0,San Antonio ...,,,A2
19800501-0,01-MAY-1980,Boeing 727, ,PSA,0,Stockton Air...,, ,H2
19800502-0,02-MAY-1980,DC-9-81 (MD-81),N980DC,McDonnell Douglas,0,"Edwards AFB,...",, ,A2
19800506-0,06-MAY-1980,Learjet 23,N866JS,Kennedy Flite Center,2,Richmond Int...,, ,A1
19800506-1,06-MAY-1980,Boeing 727-172C,CS-TBQ,TAP,0,"Madrid, Lisbon",, ,H2
19800509-0,09-MAY-1980,Antonov An-2T,SP-DNF,WSK Mielec,,,, ,A1
19800509-1,09-MAY-1980,Douglas C-47A (DC-3),N100MA,Private,0,"near La Macarena,...",, ,C1
19800511-1,11-MAY-1980,Boeing 707-329C,OO-SJH,"Sabena, op.for ZICAS",0,Douala Airpo...,,,A1
19800513-0,13-MAY-1980,BN-2A-6 Islander,PT-KHK,VOTEC,7,near São Paulo-Vi...,, ,A1
19800513-1,13-MAY-1980,Swearingen SA226-TC Metro II,VH-SWO,Skywest Airlines (Australia),0,near Esperance Ai...,, ,A1
19800513-2,13-MAY-1980,Ilyushin Il-14,CU-T822,Cubana,3,near Varadero,, ,A1
19800513-3,13-MAY-1980,BN-2A-3 Islander,PK-OAB,Airfast Indonesia,,,, ,U1
19800516-0,16-MAY-1980,Curtiss C-46A,YN-BVL,LANICA,0,Bonanza-San ...,, ,A1
19800519-0,19-MAY-1980,Learjet 25D,N125NE,Northeast Jet,2,"near Sarasota, FL...",, ,A1
19800522-0,22-MAY-1980,Dornier Do 28D-2 Skyservant,58+88,German AF,0,Fürstenfeldb...,, ,A1
19800524-0,24-MAY-1980,Convair CV-240-0,N300GR,private,3,near Daytona Beac...,, ,A1
19800524-2,24-MAY-1980,DHC-3 Otter,CF-GBX,Central Air Transport,0,Carling Lake...,, ,A1
19800526-0,26-MAY-1980,Fokker F-27 Friendship 400M,NAF904,Nigerian AF,18,near Warri,, ,A1
19800528-0,28-MAY-1980,Douglas C-47 (DC-3),HR-SAC,SAHSA,0,Utila,, ,A1
19800528-1,28-MAY-1980,Lockheed C-130H Hercules,T.10-1,Spanish AF,10,near Las Palmas-G...,,,A1
19800531-0,31-MAY-1980,Antonov An-2TD,SP-ANC,WSK Mielec,,Gierioz,, ,A1

19801025-0,25-OCT-1980,Boeing 727, ,Continental Air Lines,0,"Miami, FL",, ,H2
19801027-0,27-OCT-1980,BN-2A Islander,ZK-IAS,Stewart Island Air Services,0,Stewart Isla...,, ,A1
19801028-1,28-OCT-1980,Antonov An-12B,CCCP-11104,Aeroflot / International,6,near Kabul,,,A1
19801029-0,29-OCT-1980,Lockheed YMC-130H Hercules,74-1683,USAF,0,Valparaiso-W...,,,A1
19801099-0,??-OCT-1980,Curtiss C-46D,CP-1267,Transportes Aéreos Bolivar,0,La Paz,,,A1
19801099-1,??-OCT-1980,Dornier Do 28D-1 Skyservant,F-BTCU,Hémet Exploration,0,"Falea, Kényé...",,,A1
19801103-0,03-NOV-1980,Convair CV-880,YV-145C,Latin Carga,4,Caracas-Simo...,,,A1
19801103-1,03-NOV-1980,Douglas C-47B (DC-3),TG-BAC,Aero Express,7,near Flores-Santa...,, ,A1
19801104-0,04-NOV-1980,Canadair CL-44D4-1,5B-DAN,Cyprus Airways,0,Akrotiri RAF...,,,A1
19801104-1,04-NOV-1980,Boeing 737-2M2C,D2-TAA,TAAG,0,Benguela Air...,, ,A1
19801104-2,04-NOV-1980,Lockheed C-130H Hercules,3556,Venezuela AF,6+ 5,near Caracas-Simó...,, ,A1
19801106-0,06-NOV-1980,DC-9, ,AVENSA,0,Havana-José ...,, ,H2
19801112-0,12-NOV-1980,Lockheed C-141B Starlifter,67-0030,USAF,13,near Cairo West A...,, ,A1
19801112-1,12-NOV-1980,Convair CV-600,CX-BJL,ARCO,0,Buenos Aires...,, ,H2
19801112-2,12-NOV-1980,Antonov An-2R,SP-CNI,APRL,,Drzenin,, ,A1
19801113-2,13-NOV-1980,Douglas C-47 (DC-3),FAC-1131,SATENA,0,near Subachoque,, ,A1
19801115-0,15-NOV-1980,Curtiss C-46A,N355BY,private,0,near Norman's Cay,,,A1
19801117-0,17-NOV-1980,BN-2A Trislander Mk.III,VH-BSG,"Bush Pilots Airways, op.for Provincial Air Services",4,Annanberg-No...,,,A1
19801117-1,17-NOV-1980,BAe Nimrod MR.2,XV256,RAF,2,near Forres-Kinlo...,, ,A1
19801119-1,19-NOV-1980,Boeing 747-2B5B,HL7445,KAL,14,Seoul-Gimpo ...,,,A1
19801121-0,21-NOV-1980,Boeing 727-92C,N18479,"Air Micronesia, lsf Continental Air Lines",0,"Yap Airport,...",,,A1
19801121-1,21-NOV-1980,Antonov An-26, ,Soviet AF,0,near Menongue,, ,C1
19801124-0,24-NOV-1980,Douglas C-47A (DC-3),HK-1221G,Dirección General de Aduanas,20,near Murri,,,A1
19801124-1,24-NOV-1980,Douglas DC-4-1009,6903,South African AF,0,Johannesburg...,,,O1
19801128-0,28-NOV-1980,Douglas DC-6A,N844TA,Miami Air Lease,4,near Bimini,,,A1
19801128-1,28-NOV-1980,Douglas DC-7B,N816D,Central Air Services,2,near Pecos City A...,, ,A1
19801129-0,29-NOV-1980,DHC-4A Caribou,M21-12,Royal Malaysian AF,,Simanggang,, ,A1
19801130-0,30-NOV-1980,Boeing 707-131B,N797TW,TWA,0,San Francisc...,,,A1
19801202-0,02-DEC-1980,Douglas C-54Q Skymaster (DC-4),N96449,"U.S. Forest Service, opb Waig Aircraft",2,"near Indio, CA",, ,A1
19801202-1,02-DEC-1980,Douglas C-54G (DC-4),N406WA,"U.S. Forest Service, opb Waig Aircraft",0,"near Indio, CA",, ,A2
19801204-0,04-DEC-1980,Antonov An-24V,SP-LTB,LOT,0,Berlin-Tegel...,, ,H2
19801205-0,05-DEC-1980,DC-9, ,LAV,0,Higuerote Ai...,, ,H2
19801210-0,10-DEC-1980,DC-9-32,I-DIKC,Alitalia,0,Milano-Linat...,,,A2
19801212-0,12-DEC-1980,Antonov An-26, ,Soviet AF,5,Angola/Namib...,, ,C1
19801215-0,15-DEC-1980,Boeing 727-59,HK-1337,Avianca,0,Havana-José ...,, ,H2
19801216-1,16-DEC-1980,BN-2A Trislander Mk.III-2,VH-EGU,Eagle Airways,2,"near Tumut, NS",,,A1
19801218-0,18-DEC-1980,Douglas C-47A (DC-3),3711,Zimbabwe AF,,near Marandellas,, ,U1
19801219-0,19-DEC-1980,Rockwell 1121 Jet Commander,N29LB,Langham Petroleum,3,"Many, LA",, ,A1
19801219-1,19-DEC-1980,CC-123 Otter (DHC-3),9407,Canadian Armed Forces,4,Slide Mounta...,, ,A1
19801219-2,19-DEC-1980,Consolidated PBY-5A Catalina,C-FIGJ,Gov. of Newfoundland and Labrador,0,"Sherbrooke, QC",, ,A1
19801220-0,20-DEC-1980,Boeing 707-321F,HK-2410X,Aerotal Colombia,0,Bogotá-Eldor...,,,A1
19801220-1,20-DEC-1980,Tupolev Tu-134A, ,Interflug,0,Poprad/Tatry...,, ,H2
19801221-0,21-DEC-1980,SE-210 Caravelle VI-R,HK-1810,TAC Colombia,70,near Riohacha,,,A1
19801222-2,22-DEC-1980,Lockheed L-1011 TriStar 200,HZ-AHJ,Saudi Arabian,2,near Qatar,, ,A2
19801226-0,26-DEC-1980,Beech Hawker BH-125-400A,XA-CUZ,SARSA,3,near Cancún Airpo...,, ,A1
19801227-0,27-DEC-1980,Douglas C-47B (DC-3),N54605,Visionair International,0,Reykjavík Do...,, ,O1
19801299-0,??-DEC-1980,Antonov An-2,12-01,Cuban AF,5,near Candelaria,, ,A1
19809999-0,??-???-1980,Convair CV-440-38,N102US,Farm-Kem Inc,,,,,A1
19809999-1,??-???-1980,Douglas C-47 (DC-3),N....,Unknown,2,"near El Banco, Ma...",, ,A1
19809999-2,??-???-1980,Douglas DC-7CF,N8219H,Aero Services Corp.,,,,,C1
19809999-4,??-???-1980,DHC-6 Twin Otter 300,FAP-313,Peruvian AF,,,, ,A1
