identifiant,date,type,registration,operator,fat.,location, ,pic,cat

19601212-0,12-DEC-1960,Douglas DC-3C,VH-INI,Airlines of NSW,3,"near South Head, ...",, ,A1
19601214-0,14-DEC-1960,Douglas C-47B (DC-3),A65-81,RAAF,0,Mawson Station,, ,O1
19601215-1,15-DEC-1960,Douglas C-47D,XW-PAD,Air Laos,,Vientiane-Wa...,, ,C1
19601216-0,16-DEC-1960,Douglas DC-8-11,N8013U,United Airlines,84+ 6,"New York, NY",,,A1
19601216-1,16-DEC-1960,Lockheed L-1049 Super Constellation,N6907C,TWA,44,Miller Army ...,,,A1
19601217-0,17-DEC-1960,Convair C-131D (CV-340),55-0291,USAF,20+ 32,near München-Riem...,, ,A1
19601217-1,17-DEC-1960,DHC-3 Otter,933,Chilean AF,4,Puerto Montt,, ,A1
19601218-0,18-DEC-1960,Vickers 804 Viscount,G-AOXU,BUA,0,Düsseldorf A...,, ,A2
19601218-1,18-DEC-1960,Curtiss C-46 Super C,PP-VCT,Varig,0,São Paulo-Co...,, ,A1
19601219-0,19-DEC-1960,Ilyushin Il-14, ,Bulgarian AF,5,near Vakarel,, ,A1
19601221-0,21-DEC-1960,Douglas C-47 (DC-3),N10785,Sinclair Somali Corp.,,Mogadishu,, ,U1
19601221-1,21-DEC-1960,Lockheed P2V Neptune, ,US Navy,9,near Newfoundland...,, ,A1
19601222-0,22-DEC-1960,Douglas C-47A (DC-3),PI-C126,Philippine Air Lines,28,near Cebu-Lahug A...,, ,A1
19601223-0,23-DEC-1960,Scottish Aviation Twin Pioneer 1,VH-BHJ,Australian Iron & Steel,0,"Yampi Sound,...",, ,O1
19601224-1,24-DEC-1960,Boeing 707-436,G-APFN,BOAC,0,London Airpo...,,,A2
19601226-0,26-DEC-1960,Ilyushin Il-18A,CCCP-75651,"Aeroflot, Ulyanovsk Flight School",17,near Ulyanovsk Ai...,, ,A1
19609999-0,??-???-1960,Douglas C-47A (DC-3),348014,Vietnam Air Force - VNAF,,unknown,, ,U1

19600531-0,31-MAY-1960,Antonov An-2T,856,East German AF,0,Dessau Airport,, ,A1
19600599-0,??-MAY-1960,Grumman SA-16A Albatross,7101,Portuguese AF,0,Terceira-Laj...,, ,A1
19600610-0,10-JUN-1960,Ilyushin Il-14P,CCCP-91571,Aeroflot / North Kavkaz,31,near Tkvarcheli,, ,A1
19600610-1,10-JUN-1960,Fokker F-27 Friendship 100,VH-TFB,TAA,29,"near Mackay, QLD",, ,A1
19600614-1,14-JUN-1960,Lockheed L-749A Constellation,N1554V,Pacific Northern Airlines,14,Mount Gilber...,, ,A1
19600617-0,17-JUN-1960,Vickers Valetta C.1,VW803,RAF,0,Mukeiras Air...,, ,A1
19600619-0,19-JUN-1960,Douglas C-124C Globemaster II,52-0993,USAF,3,near Paramaribo-Z...,, ,A1
19600620-0,20-JUN-1960,CASA 352 (Ju-52),T.2B-252,Spanish AF,,,, ,U1
19600624-0,24-JUN-1960,Convair CV-340-62,PP-YRB,REAL,54,Guanabara Ba...,, ,A1
19600625-0,25-JUN-1960,Douglas C-47 (DC-3),TI-1023,LACSA,1,near San José-La ...,, ,A1
19600627-0,27-JUN-1960,Boeing KC-97G Stratofreighter,52-2738,USAF,5,"near Newry, ME",, ,A1
19600705-0,05-JUL-1960,Bristol 175 Britannia 318, ,Cubana,0,Miami Intern...,, ,H2
19600705-1,05-JUL-1960,Antonov An-2,CCCP-98282,Aeroflot / Yakutsk,3,near Aldan,, ,A1
19600706-0,06-JUL-1960,Bristol 170 Freighter 21,G-AIFM,Silver City Airways,0,Blackpool Ai...,, ,A2
19600707-0,07-JUL-1960,Vickers Varsity T.1,WJ914,RAF,6,near Oakington RA...,, ,A1
19600710-0,10-JUL-1960,Douglas C-47 (DC-3),VT-DGS,"Gulf Aviation, lsf Kalinga Airlines",16,near Sharjah,, ,A1
19600711-0,11-JUL-1960,Douglas C-47E (DC-3),45-1109,US Mission,18,near Quito-Marisc...,,,A1
19600714-0,14-JUL-1960,Douglas DC-7C,N292,Northwest Orient Airlines,1,near Polillo Island,, ,A1
19600714-1,14-JUL-1960,Douglas C-47A (DC-3),PI-C16,Philippine Air Lines,0,near Mindanao,, ,A1
19600715-0,15-JUL-1960,Douglas C-47A (DC-3),ET-T-18,Ethiopian Air Lines,1,near Jimma,, ,A1
19600717-0,17-JUL-1960,Vickers Viscount, ,Cubana,0,Kingston-Pal...,, ,H2
19600718-0,18-JUL-1960,Douglas C-47A (DC-3),43-15765,USAF,,unknown,, ,A1
19600719-0,19-JUL-1960,Lockheed L-188 Electra, ,TAA,0,Brisbane-Eag...,, ,H2
19600719-1,19-JUL-1960,Fairchild C-119G Flying Boxcar,CP-36/OT-CBP,Belgian AF,39,Rushengo,, ,A1
19600720-0,20-JUL-1960,Ilyushin Il-14M,CCCP-61696,Aeroflot / Komi,23,near Syktyvkar,, ,A1
19600721-0,21-JUL-1960,Ilyushin Il-12,CCCP-01405,Aeroflot / Ukraine,7+ 1,Minsk,, ,A1
19600722-0,22-JUL-1960,VEB 14P,400,German Army,6+ 1,Vockerode,, ,A1
19600728-0,28-JUL-1960,Douglas DC-3, ,Cubana,0,"Miami, FL (MIA)",, ,H2
19600731-0,31-JUL-1960,Convair CV-240-4,D-BELU,Deutsche Flugdienst,1,near Rimini Airpo...,,,A1
19600801-0,01-AUG-1960,Douglas C-47 (DC-3),TAM-09,TAM,6,near Tipuani,, ,A1
19600815-0,15-AUG-1960,SAAB Scandia 90A-2,PP-SQS,VASP,0,São Paulo-Vi...,, ,A1
19600817-0,17-AUG-1960,Ilyushin Il-18B,CCCP-75705,Aeroflot / Moscow,34,near Tarasovich,, ,A1
19600820-0,20-AUG-1960,Lockheed 18 Lodestar,CF-CPA,Aerial Photography Co.,0,"near Weeks Lake, QC",, ,A1
19600821-0,21-AUG-1960,unknown, ,Aeroflot,1,,, ,H2
19600822-0,22-AUG-1960,DH-106 Comet 4,G-APDB,BOAC,0,Cairo Intern...,,,A2
19600823-0,23-AUG-1960,Douglas R5D-3 (DC-4),56518,US Navy,,Port Lyautey,, ,A1
19600824-0,24-AUG-1960,Curtiss C-46A,PP-BTJ,Paraense Transportes Aéreos,0,"Rio Jaru, RO",, ,A1
19600824-1,24-AUG-1960,Lockheed L-1049G Super Constellatio,VH-EAC,Qantas,0,Mauritius-Pl...,, ,A1
19600824-2,24-AUG-1960,Vickers 634 Viking 1B,G-AMNK,Don Everall Aviation,3,near Heraklion-N....,, ,A1
19600824-3,24-AUG-1960,Fairchild C-82 Packet,CP-665,Dirección de Aeronáutica Civil,,El Palmar,, ,A1
19600825-0,25-AUG-1960,Vickers 702 Viscount,G-APOW,Kuwait Airways,0,near Beirut,,,A2
19600825-1,25-AUG-1960,Lisunov Li-2P,SP-LAL,LOT,6,near Tczew,,,A1
19600826-0,26-AUG-1960,Douglas C-47 (DC-3), ,Indian AF,0,Puri Post,, ,C1
19600829-0,29-AUG-1960,Lockheed L-1049G Super Constellatio,F-BHBC,Air France,63,near Dakar-Yoff A...,, ,A1
19600901-0,01-SEP-1960,Douglas DC-4-1009,YK-AAR,Syrian Airways,0,near Mpouya,, ,A1
19600902-0,02-SEP-1960,Ilyushin Il-14,CCCP-04200,Aeroflot / Polar,18,near Zikhnovo,, ,A1
19600903-1,03-SEP-1960,Douglas DC-4-1009,ZS-CIG,Trek Airways,0,near El Badary,, ,A1
19600907-0,07-SEP-1960,Douglas DC-6,LV-ADS,Aerolineas Argentinas,31,near Salto,, ,A1
19600911-0,11-SEP-1960,Fairchild C-123B Provider,55-4539,USAF,9,"near Empire, CO",, ,A1
19600912-0,12-SEP-1960,Douglas DC-3C,VT-DFM,Indian Airlines,0,Agartala-Sin...,, ,A2
19600914-1,14-SEP-1960,Lockheed L-188A Electra,N6127A,American Airlines,0,New York-La ...,, ,A1
19600916-0,16-SEP-1960,Nord 2501 Noratlas,22,French AF,11,near Batna,, ,A1
19600917-0,17-SEP-1960,Vickers 802 Viscount,G-AOJE,BEA,0,Jersey-State...,,,A2
19600919-0,19-SEP-1960,Douglas DC-6A/B,N90779,World Airways,80,near Guam-Agana N...,, ,A1
19600919-2,19-SEP-1960,Fairchild C-119G Flying Boxcar,IK459,Indian AF,5,near Chushul,, ,A1
19600922-0,22-SEP-1960,Curtiss C-46A,PP-BTF,Paraense Transportes Aéreos,6,near Belém Airpor...,, ,A1
19600922-1,22-SEP-1960,Douglas R5D-3 (DC-4),56541,USMC,29,"near Okinawa, Japan",, ,A1
19600926-0,26-SEP-1960,Vickers 837 Viscount,OE-LAF,Austrian Airlines,31,near Moskva-Shere...,, ,A1
19600926-1,26-SEP-1960,Ilyushin Il-14M,CCCP-41866,Aeroflot / Belarus,1,Brest Airport,, ,A1
19600928-0,28-SEP-1960,Douglas C-53-DO (DC-3),XA-HUS,Mexicana,8,near Juchitepec,, ,A1
19600929-0,29-SEP-1960,Vickers 739B Viscount,SU-AKW,UAA,21,"near Elba, Italy ...",,,A1
19600929-1,29-SEP-1960,Douglas AC-47D (DC-3),43-49705,USAF,0,San Antonio-...,, ,A1
19600930-0,30-SEP-1960,U-1A Otter (DHC-3),58-1693,US Army,6,"Orinda, CA",, ,A1
19601001-0,01-OCT-1960,Martin 4-0-4,N466A,Eastern Air Lines,0,Orlando-Muni...,, ,A2
19601004-0,04-OCT-1960,Lockheed L-188A Electra,N5533,Eastern Air Lines,62,near Boston-Logan...,,,A1
19601004-1,04-OCT-1960,Curtiss C-46F,N4719N,Capitol Airways,0,"Sacramento, CA",, ,A2
19601008-0,08-OCT-1960,Lisunov Li-2,YR-TAX,Tarom,,Mironeasa-Iassy,, ,A1
19601009-0,09-OCT-1960,Handley Page HP.81 Hermes IV,G-ALDC,Falcon Airways,0,Southend Mun...,,,A1
19601011-0,11-OCT-1960,Blackburn Beverley C.1,XL151,RAF,7,near Aden,, ,A1
19601014-0,14-OCT-1960,DH-114 Heron 2,I-AOMU,Itavia,11,Mt Capanne,,,A1
19601015-0,15-OCT-1960,Curtiss C-46F,N1300N,Capitol Airways,2,"Plain City, UT",, ,A1
19601020-0,20-OCT-1960,Tupolev Tu-104A,CCCP-42452,Aeroflot / Far East,3,near Ust-Orda,, ,A1
19601022-0,22-OCT-1960,Douglas C-47B (DC-3),A65-92,RAAF,0,Wau Airport ...,, ,A1
19601028-0,28-OCT-1960,Douglas C-54A (DC-4),N48762,Northwest Orient Airlines,12,"near Missoula, MT",, ,A1
19601029-0,29-OCT-1960,Douglas DC-3, ,Cubana,1,Key West Int...,, ,H2
19601029-1,29-OCT-1960,Curtiss C-46F,N1244N,Arctic Pacific,22,Toledo-Expre...,, ,A1
19601029-2,29-OCT-1960,Boeing 707-344,ZS-CKC,South African Airways,0,Nairobi-Emba...,,,A2
19601030-0,30-OCT-1960,Ilyushin Il-14P,CCCP-52025,Aeroflot / Privolzhsk,5,near Penza Airpor...,, ,A1
19601031-0,31-OCT-1960,Lockheed WV-2 Super Constellation,126513,US Navy,0,McMurdo Sound,, ,A1
19601099-0,??-OCT-1960,Consolidated PBY-5A Catalina,F-OAYD,Réseau Aérien Interinsulaire,0,Uturoa Harbo...,, ,A1
19601105-0,05-NOV-1960,Douglas C-47A (DC-3),9N-AAD,Royal Nepal Airlines,4,Bhairawa Air...,, ,A1
19601107-0,07-NOV-1960,Fairchild F-27A,HC-ADV,AREA Ecuador,37,near Quito,,,A1
19601108-0,08-NOV-1960,Curtiss C-46A,TI-1024C,LACSA,0,Palmar Sur A...,, ,A1
19601108-1,08-NOV-1960,Lockheed L-1049G Super Constellatio,N7125C,"Iberia, lsf TWA",0,Barcelona Ai...,, ,A1
19601111-0,11-NOV-1960,Bristol 175 Britannia 102,G-ANBC,BOAC,0,Khartoum-Civ...,, ,A1
19601111-1,11-NOV-1960,Lisunov Li-2,CCCP-84748,Aeroflot / Magadan,5,Zyryanka Air...,, ,A1
19601115-0,15-NOV-1960,Grumman UF-1 Albatross, ,US Navy,6,near Luzon Island...,, ,A1
19601117-1,17-NOV-1960,Douglas DC-6,N37523,United Airlines,0,Denver-Stapl...,, ,A2
19601118-0,18-NOV-1960,Boeing KC-135A,56-3605,USAF,1,Limestone-Lo...,, ,A1
19601121-0,21-NOV-1960,Douglas C-47B (DC-3),VP-BBN,Bahamas Airways,0,Nassau-Oakes...,, ,A1
19601123-0,23-NOV-1960,Douglas DC-3C,PI-C133,Philippine Air Lines,33,Mount Baco,, ,A1
19601125-0,25-NOV-1960,Ilyushin Il-14FK,CCCP-91610,Aeroflot / Northern,9,near Leningrad-Sh...,, ,A1
19601126-0,26-NOV-1960,Fairchild C-82A Packet,CP-678,Aerovias Condor,7,Santa Cruz-E...,, ,A1
19601126-1,26-NOV-1960,Curtiss C-46F,B-130,Air America,2,near Plain of Jars,, ,A1
19601204-0,04-DEC-1960,Ilyushin Il-14M,CCCP-52091,Aeroflot / Komi,14,near Chernovo,, ,A1
19601207-0,07-DEC-1960,Curtiss C-46A,PP-AKF,REAL,15,"Cachimbo, PA",, ,A1
19601208-0,08-DEC-1960,unknown, ,Cubana,1,near Cienfuegos,, ,H2
19601210-0,10-DEC-1960,Antonov An-2T,CCCP-33181,Aeroflot / Kazakstan,12,near Repinka,, ,A1
19601211-1,11-DEC-1960,Douglas C-54G (DC-4),2401,Brazilian AF,0,Lisboa Airpo...,, ,A1
19601211-2,11-DEC-1960,Avro 691 Lancastrian C.4,T-102,Argentine AF,31,near San Andrés d...,, ,A1

19600103-0,03-JAN-1960,Douglas C-47A (DC-3),VT-CGG,Indian Airlines,9,near Taksing,, ,A1
19600103-1,03-JAN-1960,Lockheed L-749A Constellation,N110A,Eastern Air Lines,0,Philadelphia...,, ,A1
19600104-0,04-JAN-1960,Curtiss C-46A,PP-SLJ,T.A. Salvador,0,Dianopolis A...,, ,A1
19600104-1,04-JAN-1960,U-1A Otter (DHC-3),55-2974,US Army,10,Gulf of Sirte,, ,A1
19600105-0,05-JAN-1960,Vickers 701 Viscount,G-AMNY,BEA,0,Malta-Luqa A...,,,A1
19600106-0,06-JAN-1960,Douglas DC-6B,N8225H,National Airlines,34,"near Bolivia, NC",,,C1
19600106-1,06-JAN-1960,Douglas R4D-8 (Super DC-3),17154,US Navy,0,Byrd Station,, ,A1
19600107-0,07-JAN-1960,Vickers 802 Viscount,G-AOHU,BEA,0,London Airpo...,, ,A1
19600112-0,12-JAN-1960,Scottish Aviation Twin Pioneer 2,PI-C430,Philippine Air Lines,0,Plaridel Air...,, ,A1
19600113-0,13-JAN-1960,Lockheed 18 Learstar,N672,Utah Construction & Mining Co.,2,"near Minersville, UT",, ,A1
19600115-0,15-JAN-1960,Nord 2501 Noratlas,102,French AF,5,near Ghardaïa,, ,A1
19600115-1,15-JAN-1960,Lisunov Li-2,CCCP-19405,Aeroflot / Uralsk,1,Sverdlovsk r...,, ,A1
19600118-0,18-JAN-1960,Vickers 745D Viscount,N7462,Capital Airlines,50,near Charles City...,,,A1
19600119-0,19-JAN-1960,SE-210 Caravelle I,OY-KRB,SAS,42,near Ankara-Esenb...,, ,A1
19600120-0,20-JAN-1960,Douglas C-47 (DC-3),MM61770,Italian AF,5,near Brindisi,, ,A1
19600121-0,21-JAN-1960,Lockheed L-1049E-55 Super Constella,HK-177,Avianca,37,Montego Bay ...,,,A1
19600122-0,22-JAN-1960,Fokker F-27 Friendship 200,VH-TFK,Associated Airlines of Australia,0,Mackay Airpo...,,,A2
19600126-0,26-JAN-1960,DH-114 Heron 2D,CR-TAI,T.A. de Timor,9,near Bathurst Isl...,,,A1
19600126-1,26-JAN-1960,Fairchild C-82A Packet,PP-CEM,Cruzeiro do Sul,0,Rio de Janei...,, ,A1
19600126-2,26-JAN-1960,Consolidated P4Y-2 Privateer,ZP-CAD,ALAS Guaranies,0,Rio de Janei...,, ,O1
19600129-0,29-JAN-1960,Curtiss C-46 Super C,CF-PWD,Pacific Western,0,Port Hardy A...,, ,A1
19600129-1,29-JAN-1960,Douglas R4D-1 (DC-3),AP-ABC,PIA,0,Nagpur,, ,A2
19600203-0,03-FEB-1960,Boeing KC-135A,56-3628,USAF,6+ 2,Roswell-Walk...,, ,A1
19600203-1,03-FEB-1960,Boeing KC-135A,57-1449,USAF,0,Roswell-Walk...,, ,O1
19600203-2,03-FEB-1960,Boeing KC-135A,57-1457,USAF,0,Roswell-Walk...,, ,O1
19600205-0,05-FEB-1960,Douglas DC-4,CP-609,LAB,59,near Cochabamba-J...,, ,A1
19600207-1,07-FEB-1960,Douglas C-53D-DO (DC-3),209,Cuban AF,3,Straits of F...,, ,A1
19600213-1,13-FEB-1960,Curtiss C-46A,N46Q,Associated Air Transport,0,Wrightstown-...,,,A1
19600217-0,17-FEB-1960,Douglas R4D-5 (DC-3),17244,US Navy,3,Hon Chay Mou...,, ,A1
19600217-2,17-FEB-1960,Vickers 639 Viking 1,G-AGRW,Overseas Aviation,0,Amsterdam-Sc...,, ,A2
19600219-0,19-FEB-1960,Antonov An-2,CCCP-98332,Aeroflot / Yakutsk,,,, ,A1
19600219-1,19-FEB-1960,CASA 352 (Ju-52),T.2B-204,Spanish AF,,,, ,U1
19600219-2,19-FEB-1960,Lockheed PV-1 Ventura,N31CP,Champion Paper & Fibre Co.,3,"Madeira, OH",, ,A1
19600220-0,20-FEB-1960,DH-106 Comet 4,LV-AHO,Aerolineas Argentinas,0,Buenos Aires...,, ,A1
19600220-1,20-FEB-1960,Lockheed P2V-7 Neptune  ,135563,US Navy,,Reykjavík-Na...,, ,A1
19600222-0,22-FEB-1960,Douglas C-118A (DC-6),N11817,Alaska Airlines,0,Anchorage-El...,, ,A1
19600225-0,25-FEB-1960,Douglas DC-3,211,Cuban AF,3+ 1,Havana-Ciuda...,, ,A1
19600225-2,25-FEB-1960,Douglas C-47A (DC-3),PP-AXD,REAL,26,Rio de Janei...,,,A1
19600225-3,25-FEB-1960,Douglas R6D-1 (DC-6),131582,US Navy,35,Rio de Janei...,,,A1
19600226-1,26-FEB-1960,Antonov An-10A,CCCP-11180,Aeroflot / Ukraine,32,near Lviv-Snilow ...,, ,A1
19600226-2,26-FEB-1960,Douglas DC-7C,I-DUVO,Alitalia,34,Shannon Airp...,, ,A1
19600227-1,27-FEB-1960,Fairchild C-119 Flying Boxcar, ,USAF,0,"Liberty, SC",, ,A1
19600229-1,29-FEB-1960,Lockheed L-1049G Super Constellatio,N7101C,TWA,0,Chicago-Midw...,,,A1
19600299-0,??-FEB-1960,Douglas C-47A (DC-3),AN-ADQ,LANICA,,,, ,U1
19600301-0,01-MAR-1960,Handley Page Hastings C.1,TG579,RAF,0,near Gan RAF Stat...,, ,A1
19600302-0,02-MAR-1960,Vickers 639 Viking 1,G-AGRV,Hunting-Clan,0,London Airpo...,, ,A2
19600303-0,03-MAR-1960,Airspeed AS.57 Ambassador 2,G-ALZW,BKS Air Transport,0,Woolsington ...,, ,A2
19600303-1,03-MAR-1960,CASA 352 (Ju-52),T.2B-183,Spanish AF,,,, ,U1
19600305-0,05-MAR-1960,Kaiser-Frazer C-119G Flying Boxcar,53-8152,USAF,0,near Botricello,,,A1
19600305-1,05-MAR-1960,Douglas C-47B (DC-3),G-AMSF,Don Everall Aviation,0,Birmingham A...,, ,A1
19600308-0,08-MAR-1960,Boeing KC-135A,57-1466,USAF,0,Fort Worth-C...,,,A1
19600308-1,08-MAR-1960,Handley Page HP.81 Hermes IVA,G-ALDH,Skyways,0,London Airpo...,,,A1
19600308-2,08-MAR-1960,Douglas R5D-3 (DC-4),56521,US Navy,0,near Jérez del Ma...,, ,A1
19600309-0,09-MAR-1960,Scottish Aviation Twin Pioneer CC.1,XM941,RAF,0,near Paloh,, ,A1
19600309-1,09-MAR-1960,CASA 352 (Ju-52),T.2B-150,Spanish AF,,,, ,U1
19600310-0,10-MAR-1960,Scottish Aviation Twin Pioneer 3,G-ANTP,Scottish Airlines,2,Jorhat-Rowri...,,,A1
19600314-0,14-MAR-1960,DH-106 Comet 4,G-APDS,BOAC,0,Madrid-Baraj...,, ,A2
19600315-0,15-MAR-1960,Consolidated PBY-5A Catalina,HK-1001E,Agencia Interamericana,6,El Refugio,, ,A1
19600315-1,15-MAR-1960,Nord 2501D Noratlas,GA+249,German AF,6,Monte Argentera,, ,A1
19600316-0,16-MAR-1960,Douglas C-47 (DC-3),JA5018,All Nippon,3,Nagoya-Komak...,, ,A1
19600316-1,16-MAR-1960,Douglas C-47D (DC-3),43-48899,USAF,6,near Amatice,, ,A1
19600317-0,17-MAR-1960,Lockheed L-188C Electra,N121US,Northwest Orient Airlines,63,"near Cannelton, IN",,,A1
19600318-0,18-MAR-1960,Vickers 804 Viscount,G-AOXU,Transair,0,over France,, ,A2
19600319-0,19-MAR-1960,Curtiss C-46A,HK-516,SAM,25,near Planeta Rica,, ,A1
19600320-0,20-MAR-1960,Douglas C-47B (DC-3),OB-PAM-146,Faucett,4,near Chimbote,, ,A1
19600323-0,23-MAR-1960,Consolidated PBY-5A Catalina,N5593V,Private,0,Ras Alsheikh...,, ,C1
19600325-0,25-MAR-1960,Curtiss C-46A,CF-IHQ,Wheeler Airlines,0,"DEW Site 28, NU",, ,A1
19600325-1,25-MAR-1960,Lockheed RB-69A Neptune,54-4040,Republic of China AF,14,near Kunsan,, ,A1
19600325-2,25-MAR-1960,Douglas C-47A (DC-3),43-48100,USAF,0,near Wiesbaden AF...,, ,A1
19600330-0,30-MAR-1960,Boeing KC-97F Stratofreighter,51-0363,USAF,2,near Cape Canaver...,, ,A1
19600330-1,30-MAR-1960,Avia 14T,3149,Czechoslovak AF,7,near Kromeriz,, ,A1
19600402-0,02-APR-1960,Lockheed P2V-2 Neptune, ,US Navy,3,"near Memphis NAS, TN",, ,A1
19600405-0,05-APR-1960,Curtiss C-46A,AN-AIN,LANICA,2,near Siuna Airpor...,,,A1
19600412-0,12-APR-1960,Douglas C-53 (DC-3),PP-CDS,"Cruzeiro do Sul, op.for Varig",10,Pelotas-Fede...,, ,A1
19600412-1,12-APR-1960,Vickers Viscount, ,Cubana,0,Miami Intern...,, ,H2
19600414-0,14-APR-1960,Curtiss C-46A,CU-C644,Interamericano,0,"Miami, FL",, ,A1
19600414-1,14-APR-1960,Douglas DC-4-1009,42919,Thai AF,18,near Taipei-Songs...,, ,A1
19600415-0,15-APR-1960,Boeing KC-97G Stratofreighter,52-0919,USAF,0,"Lincoln AFB,...",, ,A1
19600415-1,15-APR-1960,Douglas VC-47D (DC-3),43-49271,USAF,0,near Marburg,, ,A1
19600418-0,18-APR-1960,Douglas C-124C Globemaster II,52-1062,USAF,9,near Stephenville...,, ,A1
19600419-0,19-APR-1960,Curtiss C-46D,HK-390,Lloyd Aéreo Colombiano,37,Bogotá-Eldor...,, ,A1
19600419-1,19-APR-1960,Scottish Aviation Twin Pioneer CC.1,XL967,RAF,0,Kota Tinggi,,,A1
19600420-0,20-APR-1960,Fairchild F-27,N2704R,Piedmont Airlines,0,near Hickory Airp...,, ,A2
19600422-0,22-APR-1960,Bristol 170 Wayfarer II,G-AGPV,Air Condor,0,Southend Mun...,, ,A2
19600422-1,22-APR-1960,Douglas C-54A (DC-4),OO-SBL,Sobelair,35,near Bunia Airpor...,, ,A1
19600427-0,27-APR-1960,Ilyushin Il-18A,CCCP-75648,Aeroflot / Uralsk,1,Sverdlovsk-K...,, ,A1
19600428-0,28-APR-1960,Douglas C-47B (DC-3),YV-C-AFE,LAV,13,near Calabozo,, ,C1
19600428-1,28-APR-1960,Consolidated C-10A Catalina (PBY-5A,6515,Brazilian AF,0,"Belém, PA",, ,O1
19600503-0,03-MAY-1960,Curtiss C-46A,PP-NMD,NAB,5,Aguadilla-Ra...,, ,A1
19600505-0,05-MAY-1960,Lisunov Li-2,CCCP-84609,Aeroflot / Far East,5,"Enken, Ayano...",, ,A1
19600510-0,10-MAY-1960,Hurel-Dubois HD.321,01,French AF,0,Villemoleix,, ,A1
19600515-0,15-MAY-1960,Douglas DC-4-1009,HB-ILA,Balair,12,near Tora-Tonga,,,A1
19600517-0,17-MAY-1960,Curtiss C-46F,LV-GGJ,Transamerican Air Transport,8,near El Sosneado,, ,A1
19600519-0,19-MAY-1960,SE-210 Caravelle IA,F-OBNI,Air Algérie,1,near Paris-Orly A...,, ,A2
19600519-1,19-MAY-1960,Curtiss C-46A,YV-C-LBG,LEBCA,0,David Airpor...,, ,A1
19600521-0,21-MAY-1960,Consolidated C-87,CP-618,Compañia Boliviana de Aviacion,,La Paz-El Al...,, ,A1
19600523-0,23-MAY-1960,Convair CV-880,N8804E,Delta Air Lines,4,Atlanta Airp...,, ,A1
19600525-0,25-MAY-1960,Lockheed Lodestar,TG-COV-68,private,0,El Coco,, ,A1
19600527-0,27-MAY-1960,Avro 685 York C.1,OD-ACD,Air Liban,0,Tehran-Mehra...,, ,A1
19600529-0,29-MAY-1960,Vickers 498 Viking 1A,G-AHOR,Air Safaris,0,Lourdes-Tarb...,, ,A1
