identifiant,date,type,registration,operator,fat.,location, ,pic,cat

19910516-0,16-MAY-1991,Antonov An-8,CCCP-13330,MAP Kom na Amu,2,Irkutsk-2 Ai...,, ,A1
19910521-0,21-MAY-1991,Cessna 550 Citation II,5N-AMR,Ashaka Cement Comp.,3,Bauchi Airpo...,, ,A1
19910523-0,23-MAY-1991,Tupolev Tu-154B-1,CCCP-85097,Aeroflot / Leningrad,13+ 2,Leningrad-Pu...,, ,A1
19910524-0,24-MAY-1991,Ilyushin Il-76TD,LZ-INK,Metro Cargo,4,near Kermanshah A...,,,A1
19910526-0,26-MAY-1991,Boeing 767-3Z9ER,OE-LAV,Lauda Air,223,near Phu Toey,,,A1
19910527-0,27-MAY-1991,DHC-3 Otter,C-FCDL,Cargair,1,near Saint-Michel...,, ,A2
19910601-0,01-JUN-1991,GAF Nomad N.24A,N8071L,Agape Flights,2,near Matthewtown,,,A1
19910601-1,01-JUN-1991,Antonov An-2R,YU-BHS,Privredna Avijacija Osijek,,Slavonski Brod,, ,A1
19910605-0,05-JUN-1991,Fokker F-27 Friendship 600,PK-JFF,Sempati Air,0,near Banyutanni,,,A1
19910605-1,05-JUN-1991,Alenia G-222TCM,MM62129,Italian AF,,Pratica di M...,, ,U1
19910607-0,07-JUN-1991,Douglas DC-3-201D,N102AP,Victoria Air S.A.,0,near Puerto Plata...,,,A1
19910609-0,09-JUN-1991,DHC-6 Twin Otter 300,9N-ABA,Royal Nepal Airlines,0,Lukla Airpor...,,,A1
19910610-1,10-JUN-1991,Lockheed C-130A Hercules,J6-SLQ,"Carib Air Transport, op.for Angola Air Charter",10,Luanda-4 de ...,,,A1
19910613-0,13-JUN-1991,Boeing 727-281,HL7350,Korean Air,0,Taegu Airpor...,,,A1
19910613-1,13-JUN-1991,Tupolev Tu-154, ,Aeroflot,0,Moscow,, ,H2
19910613-2,13-JUN-1991,Antonov An-2R,CCCP-40988,Air Ukraine,1,near Perekopivka,, ,A1
19910615-0,15-JUN-1991,Rockwell 1121 Jet Commander,LV-RDB,Unknown,,"Morón AB, BA",, ,U1
19910617-0,17-JUN-1991,Grumman G-1159 Gulfstream II,N204RC,Castor Trading,4,near Charallave-Ó...,, ,A1
19910618-0,18-JUN-1991,Grumman HU-16E Albatross,N7029C,Pacific Flying Fish,0,between Sant...,, ,A1
19910619-0,19-JUN-1991,Canadair CL-215,C-GFQA,Gouvernement du Québec,2,near Chute des Pa...,, ,A1
19910620-0,20-JUN-1991,Douglas DC-6BF,HK-3511X,Aerosucre Colombia,2,near Barranquilla...,,,A1
19910620-1,20-JUN-1991,DHC-6 Twin Otter 300,9N-ABS,UN Development Programme,0,near Simikot Airp...,, ,A1
19910621-0,21-JUN-1991,Aérospatiale SN.601 Corvette,YV-572CP,Hidrowell,0,Santa Bárbar...,, ,A1
19910622-0,22-JUN-1991,Antonov An-2R,CCCP-62627,Yugavia,3,"near Sukhov-2-i, ...",, ,A1
19910624-0,24-JUN-1991,Antonov An-2P,CCCP-31423,Aeroflot / Latvia,3,"near Razdolnoye, ...",, ,A1
19910625-0,25-JUN-1991,Antonov An-2, ,Aeroflot,3,Rakovka,, ,A1
19910626-0,26-JUN-1991,BAC One-Eleven 402AP,5N-AOW,Okada Air,4,near Sokoto Airpo...,,,A1
19910628-0,28-JUN-1991,Airbus A320-231,YU-AOE,Adria Airways,0,Ljubljana-Br...,, ,O2
19910628-4,28-JUN-1991,Lockheed L-1011 TriStar 1,D-AERI,LTU,0,Düsseldorf A...,,,O1
19910630-0,30-JUN-1991,Antonov An-2T,CCCP-62475,Krasnoyarsk Avia,2,near Yartsevo,, ,A1
19910701-0,01-JUL-1991,Learjet 25XR,N458J,New Creations,0,Columbus-Por...,, ,A1
19910702-0,02-JUL-1991,Learjet 23,N500FM,Connie Kalitta,0,Columbia-Mau...,,,A1
19910704-0,04-JUL-1991,DHC-6 Twin Otter 300,HK-2889X,Helicol Colombia,3,near El Yopal,,,A1
19910708-0,08-JUL-1991,Boeing 707-323C,N8404,Southern Air Transport,0,Denver Inter...,, ,A2
19910709-0,09-JUL-1991,CASA C-212 Aviocar 200,OB-1218,Aerochasqui,15,near Bellavista A...,, ,C1
19910710-0,10-JUL-1991,Beech C99,N7217L,L'Express Airlines,13,near Birmingham A...,,,A1
19910710-1,10-JUL-1991,DHC-6 Twin Otter 300,RAN-26,Nepal Army,3,Surkhet Airp...,, ,A1
19910711-0,11-JUL-1991,DC-8-61,C-GMXQ,"Nationair, op.for Nigeria Airways",261,near Jeddah-King ...,,,A1
19910715-0,15-JUL-1991,Antonov An-2TP,CCCP-01494,Tyumenaviatrans,1,near Uraj Airport...,, ,A1
19910722-0,22-JUL-1991,Learjet 23,N959SC,Jetstream,3,Detroit City...,,,A1
19910725-0,25-JUL-1991,Fokker F-27 Friendship 400M,7T-VRM,Air Algérie,0,In Guezzam A...,,,A1
19910725-1,25-JUL-1991,BN-2A-6 Islander,YJ-RV4,Vanair,9,near Olpoi,, ,A1
19910806-0,06-AUG-1991,Canadair CL-215,I-CFSV,"State Forestry Corps (Italy), op.for SISAM",2,Piano di Cri...,,,A1
19910806-1,06-AUG-1991,BN-2A-27 Islander,DQ-FCN,"Fiji Air, op.for Avaiki Air",6,near Rarotonga Ai...,,,A1
19910813-0,13-AUG-1991,Ilyushin Il-18V,YR-IMH,Tarom,9,near Uricani,,,A1
19910814-2,14-AUG-1991,Hawker Siddeley HS-748,C-FKTL,Kelner Airways,0,Big Trout Ai...,,,O1
19910815-0,15-AUG-1991,Fokker F-27 Friendship 100,J5-GBB,Air Bissau,3,near Dori Airport...,, ,A1
19910815-1,15-AUG-1991,Antonov An-26,51,Soviet AF,9,"near Petrel, Sakh...",, ,A1
19910816-1,16-AUG-1991,Boeing 737-2A8,VT-EFL,Indian Airlines,69,near Imphal Munic...,, ,A1
19910817-0,17-AUG-1991,Antonov An-12, ,Soviet AF,19,near Ucharal,, ,A1
19910820-0,20-AUG-1991,BN-2A-26 Islander,N68HA,Temsco Helicopters,4,"near Ketchikan, AK",, ,A1
19910821-0,21-AUG-1991,Let L-410UVP,CCCP-67091,Aeroflot / Far East,0,Poliny Osipenko,, ,A1
19910822-0,22-AUG-1991,Alenia G-222TCM,MM62128,Italian AF,4,Minturno,, ,A1
19910823-0,23-AUG-1991,Boeing 767-2J6ER,B-2556,Air China,0,Stockholm-Ar...,, ,A2
19910827-0,27-AUG-1991,Let L-410UVP,CCCP-67099,Aeroflot / Kazakstan,0,near Guryev,, ,A1
19910828-0,28-AUG-1991,BN-2A-21 Islander,559,Philippine AF,10,Sibuyan Isla...,, ,A1
19910831-1,31-AUG-1991,Boeing 707-323C,CP-1365,LAB,0,Dothan Airpo...,,,O1
19910902-1,02-SEP-1991,Lockheed L-100-20 Hercules,N521SJ,Southern Air Transport,0,Wau Airport ...,,,A1
19910903-0,03-SEP-1991,BN-2A-21 Islander,PK-VIP,Dirgantara Air Services,3,near Sampit Airpo...,, ,A1
19910904-0,04-SEP-1991,Shorts SC.7 Skyvan 3-100,9M-AZB,Airtech Rajawaldi Udara,14,near Long Seridan,, ,A1
19910904-1,04-SEP-1991,Grumman American G-1159 Gulfstream ,N204C,"Du Pont de Numours and Co., op.for Conoco",12,near Kota Kinabalu,,,A1
19910907-0,07-SEP-1991,Cessna 208 Caravan I, ,SATENA,0,within southeastern...,, ,H2
19910909-0,09-SEP-1991,GAF Nomad N.22,A18-303,Australian Army,4,"near Tenterfield,...",, ,A1
19910910-0,10-SEP-1991,Fokker F-27 Friendship 400M,9Q-CBE,Scibe Airlift Cargo Zaire,0,near Kigali,,,C1
19910911-0,11-SEP-1991,Embraer EMB-120RT Brasilia,N33701,"Continental Express, opb Britt Airways",14,"Eagle Lake, TX",, ,A1
19910913-1,13-SEP-1991,HAL/Dornier 228-101,VT-EPV,United Breweries,0,Chennai (Mad...,, ,A1
19910914-0,14-SEP-1991,Tupolev Tu-154B-2,CU-T1227,Cubana,0,Mexico City-...,,,A1
19910914-1,14-SEP-1991,BAC One-Eleven 204AF,5N-KBG,Kabo Air,0,Port Harcour...,,,A1
19910915-0,15-SEP-1991,Antonov An-2R,YU-BBN,Privredna Avijacija Osijek,,Varazdin,, ,O1
19910915-1,15-SEP-1991,Antonov An-2R,YU-BOZ,Privredna Avijacija Osijek,,Varazdin,, ,C1
19910916-1,16-SEP-1991,Handley Page HPR-7 Herald 401,HK-2701,LACOL Colombia,7,near Barranquilla...,,,A1
19910916-2,16-SEP-1991,Antonov An-74,CCCP-74002,Antonov Design Bureau,13,near Lensk Airport,, ,A1
19910917-1,17-SEP-1991,Lockheed L-100-30 Hercules,ET-AJL,Ethiopian Airlines,4,Mount Arey,, ,A1
19910917-2,17-SEP-1991,Dornier 228-201,D-CDAL,Zimex Aviation,0,Galcaio,, ,C2
19910918-0,18-SEP-1991,Convair CV-580,C-FICA,Canair Cargo,2,Belvidere Ce...,,,A1
19910918-1,18-SEP-1991,Dassault Falcon 20,OH-FFA,Euro-Flite,0,Tallinn-Ülem...,, ,A2
19910919-0,19-SEP-1991,DC-9-82 (MD-82),I-DAWC,Alitalia,0,Tunis-Cartha...,, ,H2
19910919-1,19-SEP-1991,Antonov An-2R,YU-BOC,Privredna Avijacija Osijek,,Osijek Airpo...,, ,C1
19910919-2,19-SEP-1991,Antonov An-2R,YU-BHU,Privredna Avijacija Osijek,,Osijek Airpo...,, ,C1
19910921-0,21-SEP-1991,Antonov An-2R,HA-MEV,Air Service Hungary,0,Lombok,, ,A1
19910923-1,23-SEP-1991,Antonov An-12BP,CCCP-13320,Special Cargo Airlines,1,Khatanga,, ,A1
19910925-0,25-SEP-1991,Dassault Falcon 20C,I-NLAE,Groupair Srl,1,Kiel-Holtena...,, ,A1
19910926-0,26-SEP-1991,Antonov An-26, ,Soviet AF,1,near Kiev-Borispo...,, ,A1
19910926-1,26-SEP-1991,Antonov An-24,CCCP-46724,AKF Polet,10,near Saint Peters...,, ,A1
19910927-0,27-SEP-1991,Let L-410UVP,CCCP-67538,Aeroflot / Yakutsk,0,Magadan Airp...,, ,A1
19910927-1,27-SEP-1991,DHC-6 Twin Otter 300,H4-SIA,Solomon Islands Airlines,15,near Guadalcanal,, ,A1
19910929-0,29-SEP-1991,Curtiss C-46A,HK-3238,CORAL Colombia,1,near Villavicenci...,,,A1
19910929-1,29-SEP-1991,SE-210 Caravelle 11R,HK-3288X,Aerosucre Colombia,0,Bogotá-Eldor...,,,A1
19911002-0,02-OCT-1991,Boeing 747-246B,JA8161,JAL,0,near Tokyo,, ,A2
19911003-0,03-OCT-1991,Antonov An-12BP,CCCP-11120,Aeroflot / International,0,Cazombo Airp...,,,A1
19911005-0,05-OCT-1991,Lockheed C-130H-30 Hercules,A-1324,Indonesian AF,133+ 2,near Jakarta-Hali...,, ,A1
19911006-0,06-OCT-1991,Swearingen SA227-AC Metro III,N120FA,"Northeast Express Regional Airlines, opf Northwest Airlink",0,Augusta Stat...,, ,A2
19911007-0,07-OCT-1991,	Learjet 55C,N555MX,private,0,Nürnberg Air...,, ,A2
19911008-1,08-OCT-1991,Embraer EMB-110P1 Bandeirante,N731A,BAC Charter,0,near Narsarsuaq,,,A1
19911011-1,11-OCT-1991,Curtiss C-46D,HK-750,LANSA,6,near Quirigua,,,A1
19911015-0,15-OCT-1991,Morane Saulnier MS.760B Paris II,F-GKPP,private,0,Calvi-Sainte...,, ,O1
19911015-1,15-OCT-1991,Let L-410UVP, ,Soviet AF,3,Balashov Air...,, ,A1
19911016-0,16-OCT-1991,DHC-6 Twin Otter, ,Ethiopian Airlines,0,Djibouti Air...,, ,H2
19911016-1,16-OCT-1991,Lockheed P-3A Orion,N924AU,Aero Union,2,"Florence, MT",, ,A1
19911021-0,21-OCT-1991,Tupolev Tu-134, ,CSA,0,Praha-Ruzyne...,, ,H2

19911023-0,23-OCT-1991,Antonov An-28,CCCP-28924,Aeroflot / East Siberia,0,Shelopugino,, ,A1
19911025-0,25-OCT-1991,BN-2A Trislander Mk.III-2,PK-KTC,Bali Int. Air Service,17,Tumbang Miri,, ,A1
19911029-0,29-OCT-1991,Boeing 707-368C,A20-103,RAAF,5,"near East Sale, V...",,,A1
19911030-0,30-OCT-1991,Lockheed CC-130E Hercules,130322,Canadian Armed Forces,5,"near CFS Alert, N...",,,A1
19911103-0,03-NOV-1991,Douglas C-47A (DC-3),EC-FDH,Aeromarket,0,Barcelona Ai...,,,A1
19911107-0,07-NOV-1991,Yakovlev Yak-40,CCCP-87526,Aeroflot / North Kavkaz,51,near Makhachkala ...,, ,A1
19911108-0,08-NOV-1991,Antonov An-12B,CCCP-11129,Sigi Air Cargo,0,Geneina Airp...,,,A1
19911108-1,08-NOV-1991,Antonov An-2,CCCP-79948,Aeroflot / Yakutsk,0,Batagay Airport,, ,O1
19911109-0,09-NOV-1991,Tupolev Tu-154, ,Aeroflot,0,Grozny Airpo...,, ,H2
19911109-1,09-NOV-1991,Antonov An-2R,9A-BKB,Croatia AF,,near Dakovo,, ,A1
19911110-0,10-NOV-1991,Boeing 727-25,YN-BXW,Aeronica,0,Managua Airp...,,,O1
19911111-0,11-NOV-1991,Embraer EMB-110P1 Bandeirante,PT-SCU,Nordeste Linhas Aéreas,15+ 2,near Recife-Guara...,, ,A1
19911113-0,13-NOV-1991,Tupolev Tu-154, ,Aeroflot,0,Saint Peters...,, ,H2
19911116-0,16-NOV-1991,Cessna 208B Super Cargomaster,N951FE,"FedEx, op.for Baron Aviation",1,"near Destin, FL",, ,A1
19911116-1,16-NOV-1991,Antonov An-12, ,Soviet AF,20,near Amderma Airp...,, ,A1
19911117-1,17-NOV-1991,Boeing 737-2K6,EI-CBL,SAHSA,0,San José-Jua...,,,A1
19911120-0,20-NOV-1991,Convair CV-600,N94258,Kitty Hawk Aircargo,0,near Fort Worth A...,, ,A2
19911122-0,22-NOV-1991,Beech B100 King Air,N24169,Ligon Brothers Manufacturing,3,"near Romeo, MI",, ,A1
19911122-1,22-NOV-1991,Antonov An-2TP,CCCP-40596,Aeroflot / Krasnoyarsk,0,"near Yartsevo, Ye...",, ,A1
19911123-0,23-NOV-1991,DHC-4A Caribou,A4-235,RAAF,0,"Scotts Peak,...",, ,A1
19911123-1,23-NOV-1991,Antonov An-2R,CCCP-81545,Aeroflot / Uzbekistan,2,near Komsomolsk-n...,, ,A1
19911125-0,25-NOV-1991,Douglas C-47B (DC-3),C9-STD,STASA,1,Sena-Sofala,, ,C1
19911125-1,25-NOV-1991,Boeing 737-260,ET-AJB,Ethiopian Airlines,0,Djibouti Air...,, ,H2
19911125-2,25-NOV-1991,unknown, ,Unknown,0,within Papua New Gu...,, ,H2
19911126-1,26-NOV-1991,Antonov An-24RV,CCCP-47823,Aeroflot / Privolzhsk,41,near Bugulma Airp...,, ,A1
19911127-0,27-NOV-1991,Beech Beechjet 400A,I-ALSU,Aliserio,0,Milano-Parma...,,,A1
19911128-0,28-NOV-1991,Convair CV-240D (T-29),N450GA,Rhoades Int.,0,Akron/Canton...,,,A1
19911129-0,29-NOV-1991,Hawker Siddeley HS-748,C-GGOO,Air Creebec,0,Rivière-au-S...,,,A1
19911129-1,29-NOV-1991,Embraer C-95C Bandeirante (EMB-110P,2333,Brazilian AF,16,near Guaratinguet...,, ,A1
19911130-0,30-NOV-1991,Boeing 737-2H4 Adv.,N73SW,Southwest Airlines,0,Lubbock Inte...,, ,A2
19911202-0,02-DEC-1991,Dassault Falcon 20E,309/F-UGWP,French AF,4,Élancourt,, ,A1
19911202-1,02-DEC-1991,Antonov An-2,9A-BOP,Croatia AF,4,near Vukovar,,,C1
19911202-2,02-DEC-1991,Antonov An-2P,CCCP-07796,Yakutavia,0,Nyurba ?,, ,A1
19911207-0,07-DEC-1991,Boeing 707-351C,5A-DJT,Libyan Arab Airlines,0,Tripoli Inte...,, ,A1
19911208-0,08-DEC-1991,Antonov An-2,CCCP-33137,Aeroflot / Yakutsk,,,, ,A1
19911211-0,11-DEC-1991,Beech Beechjet 400A,N25BR,Bruno's,9,near Rome-Richard...,, ,A1
19911211-1,11-DEC-1991,Curtiss C-46F,HK-2716,L.A. Suramericanas,8,near Bogotá-Eldor...,,,A1
19911215-0,15-DEC-1991,DH-114 Riley Heron 2B,DQ-FEE,Fiji Air,0,Suva-Nausori...,,,A1
19911217-0,17-DEC-1991,DC-9-32,I-RIBN,Alitalia,0,Warszawa-Oke...,,,A1
19911222-0,22-DEC-1991,Douglas DC-3A,D-CCCC,Classic Wings,28,Heidelberg-H...,,,A1
19911223-0,23-DEC-1991,Learjet 25B,N44PA,Flight Management,0,Carlsbad-McC...,, ,A1
19911225-0,25-DEC-1991,Douglas C-47D,FAD-3406,Dominican Air Force,2,near Santiago de ...,, ,A1
19911227-0,27-DEC-1991,DC-9-81 (MD-81),OY-KHO,SAS,0,near Gottröra,,,A1
19911227-1,27-DEC-1991,Douglas C-47B (DC-3),KK171,Hellenic AF,1,Dekelia/Tato...,,,A1
19911228-0,28-DEC-1991,Beech 1900C,N811BE,"Business Express, op.for Delta Connection",3,near Block Island...,,,A1
19911229-0,29-DEC-1991,Boeing 747-2R7F,B-198,China Airlines,5,near Wanli,,,A1
19911230-0,30-DEC-1991,Yakovlev Yak-40,CCCP-87521,Aeroflot / Arkhangelsk,0,Velsk Airport,, ,A1
19919999-0,??-???-1991,Douglas C-54A (DC-4),9Q-CWP,GLM Aviation,0,Kinshasa-N'D...,,,A1
19919999-2,??-???-1991,Dassault Falcon 20C,N425JA,Franks Petroleum,0,unknown,, ,O1
19919999-4,??-???-1991,Beech 200 Super King Air,VH-AAZ,Norfolk Island Airlines,0,Bundaberg Ai...,, ,U1

19910104-1,04-JAN-1991,Douglas DC-3,EC-EQH,Aeromarket,0,Palma de Mal...,,,A1
19910107-0,07-JAN-1991,DC-8, ,Faucett,1,Lima Interna...,, ,H2
19910110-0,10-JAN-1991,DHC-6 Twin Otter 200,C-GJLZ,Sabourin Lake Airways,0,Little Vermi...,, ,A2
19910110-1,10-JAN-1991,CASA C-212 Aviocar 200,ARV-0209,Venezuelan Navy,22,near Mérida-A Car...,, ,A1
19910110-2,10-JAN-1991,Boeing 707-3K1C,YR-ABD,Romavia,0,Bucharest-Ot...,,,A1
19910111-0,11-JAN-1991,Learjet 25C,PT-KKV,Belair,5,near Belo Horizon...,, ,A1
19910111-1,11-JAN-1991,Beech 200 Super King Air,N200MR,United Executive Jet,0,Vichy-Rolla ...,, ,A1
19910112-0,12-JAN-1991,Tupolev Tu-134AK,VN-A126,Vietnam Airlines,0,Ho Chi Minh ...,,,A1
19910112-1,12-JAN-1991,Dornier Do 28D-1 Skyservant,PK-VRA,Adikarto Printindo,0,Palembang Ai...,, ,A2
19910116-0,16-JAN-1991,Swearingen SA226-TC Metro II,OY-BZW,Muk Air Taxi,0,Kobenhavn-Ka...,,,A1
19910118-0,18-JAN-1991,Ilyushin Il-76MD,YI-ANH,Iraqi AF,0,Qadisiyah Ai...,, ,C1
19910118-1,18-JAN-1991,Ilyushin Il-76MD,YI-ALU,Iraqi AF,0,Tuz Khurmatu...,, ,C1
19910121-0,21-JAN-1991,Tupolev Tu-154, ,Aeroflot,0,Bourgas Airp...,, ,H2
19910129-0,29-JAN-1991,Antonov An-24V,YI-AEZ,Iraqi Airways,0,Balad Air Base,, ,C1
19910130-0,30-JAN-1991,BAe 3101 Jetstream 31,N167PC,"USAir Express, opb CCAir",0,Beckley Airp...,, ,A1
19910130-1,30-JAN-1991,CASA/IPTN NC-212 Aviocar 200,PK-NCY,Merpati Nusantara,1,near Gorontalo-Ja...,,,A1
19910131-0,31-JAN-1991,Lockheed AC-130H Spectre,69-6567,USAF,14,near Ras Al Khafji,, ,C1
19910131-1,31-JAN-1991,Dassault Falcon 20F,5-9002,Iran Army,,unknown,, ,U1
19910201-0,01-FEB-1991,Boeing 737-3B7,N388US,USAir,22,Los Angeles ...,,,A1
19910201-1,01-FEB-1991,Swearingen SA227-AC Metro III,N683AV,SkyWest Airlines,12,Los Angeles ...,, ,A1
19910205-0,05-FEB-1991,Antonov An-12, ,Air Guinée,0,Monrovia,, ,A1
19910205-1,05-FEB-1991,Lockheed C-130H Hercules,748,Hellenic AF,63,near Volos-Néa An...,,,A1
19910207-0,07-FEB-1991,BAe BAe-748-314 Srs. 2A,JW9010,Tanzanian AF,0,Dar es Salaa...,, ,A1
19910208-0,08-FEB-1991,Cessna 208B Grand Caravan,C-FPEZ,Provincial Express,1,"near Goose Bay, NL",, ,A1
19910208-1,08-FEB-1991,Beech 200 Super King Air,F-GHBE,Business Express,2,near Épinal-Mirec...,, ,A1
19910210-0,10-FEB-1991,Douglas C-118A (DC-6),HK-1702,Air Colombia,0,near Bogotá-Eldor...,,,A1
19910210-1,10-FEB-1991,Boeing 737, ,Southwest Airlines,0,San Diego In...,, ,H2
19910211-0,11-FEB-1991,Rockwell Sabreliner 60,XA-RNR,Travel Air,10,near Chihuahua Ai...,, ,A1
19910213-0,13-FEB-1991,Learjet 35A,N535PC,Richmor Aviation,3,near Aspen Airpor...,, ,A1
19910213-1,13-FEB-1991,Tupolev Tu-134, ,Aeroflot,0,Tbilisi Airp...,, ,H2
19910214-0,14-FEB-1991,Antonov An-2P,OB-1350,Aero Manu,0,near Iquitos,, ,A1
19910214-1,14-FEB-1991,DHC-6 Twin Otter 300,FAE447,Ecuador Air Force,22,near Taisha,, ,A1
19910215-0,15-FEB-1991,Airbus A300C4-620,9K-AHF,Kuwait Airways,0,Mosul Airpor...,,,C1
19910215-1,15-FEB-1991,Dassault Falcon 20F,5-9001,Iran Army,,unknown,, ,U1
19910215-2,15-FEB-1991,Airbus A300C4-620,9K-AHG,Kuwait Airways,0,Mosul Airpor...,,,C1
19910217-2,17-FEB-1991,DC-9-15RC,N565PC,Ryan Int. Airlines,2,Cleveland-Ho...,,,A1
19910218-0,18-FEB-1991,Boeing 747-136,G-AWND,British Airways,0,Kuwait Inter...,,,C1
19910218-1,18-FEB-1991,DHC-6 Twin Otter 300,HK-2758,ACES,0,Otú Airport ...,,,C1
19910218-2,18-FEB-1991,DC-9-32CF,KAF320,Kuwait AF,0,Kuwait Inter...,,,C1
19910220-0,20-FEB-1991,BAe-146-200A,CC-CET,LAN Chile,20,Puerto Willi...,,,A1
19910222-0,22-FEB-1991,Antonov An-26, ,Angolan AF,47,near Cazombo,, ,C1
19910223-0,23-FEB-1991,IAI 1123 Westwind,XA-POJ,Aerolineas Marcos,0,Avon Park Mu...,,,A1
19910225-0,25-FEB-1991,Embraer EMB-110C Bandeirante,CX-BJK/T-581,TAMU,0,near Montevideo,, ,A1
19910227-0,27-FEB-1991,Lockheed L-100-30 Hercules,KAF322,Kuwait AF,0,Shayka Mayha...,,,O1
19910227-1,27-FEB-1991,Antonov An-12BP,YI-AFJ,Iraqi Airways,0,Shaykh Mazha...,, ,C1
19910228-0,28-FEB-1991,Learjet U-36A,9203,Japanese Navy,5,near Shikoku Island,, ,A1
19910299-0,??-FEB-1991,Tupolev Tu-124V,YI-AEY,Iraqi Airways,0,Baghdad-Sadd...,, ,C1
19910299-1,??-FEB-1991,BAe-125-700B,YI-AKH,Iraqi Government,0,Baghdad-Al M...,, ,O1
19910299-2,??-FEB-1991,Gulfstream III,YI-AKJ,Iraqi Government,0,Baghdad,, ,O1
19910299-3,??-FEB-1991,Gulfstream III,YI-AKI,Iraqi Government,0,Baghdad,, ,O1
19910299-4,??-FEB-1991,Tupolev Tu-124V,YI-AEL,Iraqi Airways,0,Baghdad-Sadd...,, ,O1
19910299-5,??-FEB-1991,Boeing 767-269,9K-AIB,Kuwait Airways,0,Mosul Airpor...,,,C1
19910299-6,??-FEB-1991,Boeing 767-269,9K-AIC,Kuwait Airways,0,Mosul Airpor...,,,C1
19910303-0,03-MAR-1991,Boeing 737-291,N999UA,United Airlines,25,near Colorado Spr...,,,A1
19910303-1,03-MAR-1991,Rockwell CT-39G Sabreliner,160057,US Navy,3,near Glenview Nav...,,,A1
19910304-1,04-MAR-1991,Antonov An-24, ,Aeroflot,1,Leningrad-Pu...,, ,H2
19910305-1,05-MAR-1991,DC-9-32,YV-23C,LAV,45,near Valera,,,A1
19910306-0,06-MAR-1991,CASA C-212 Aviocar 100,TE.12B-42,Spanish AF,5,near Pinofranque,, ,A1
19910306-1,06-MAR-1991,Embraer EMB-110 Bandeirante, ,TABA,0,unknown,, ,H2
19910309-0,09-MAR-1991,Boeing 767-219ER,ZK-NBC,Air New Zealand,0,Nadi Interna...,, ,A2
19910312-1,12-MAR-1991,DC-8-62H-AF,N730PL,ATI,0,New York-Joh...,,,A1
19910314-0,14-MAR-1991,Yakovlev Yak-42, ,Aeroflot,0,Moscow,, ,H2
19910315-0,15-MAR-1991,Learjet 35A,PT-LIH,Líder Táxi Aéreo,0,Uberlândia-E...,,,A1
19910316-0,16-MAR-1991,Lockheed L-100-30 Hercules,CP-1564,"Transafrik, lsf TAB",9,near Malanje,,,C1
19910316-1,16-MAR-1991,Hawker Siddeley HS-125-1A,N831LC,"Duncan Aircraft Sales, op.for Prestige Tours",10,near San Diego-Br...,,,A1
19910318-0,18-MAR-1991,Learjet 25D,PT-LLL,Air Conesul Táxi Aéreo,4,near Brasília Int...,, ,A1
19910318-1,18-MAR-1991,Ilyushin Il-86, ,Aeroflot,0,near Sverdlovsk,, ,C2
19910321-0,21-MAR-1991,Lockheed C-130H Hercules,469,Saudi AF,98,near Rash Mishab,, ,A1
19910321-1,21-MAR-1991,Lockheed P-3C Orion,158930,US Navy,14,"near San Diego, CA",, ,A1
19910321-2,21-MAR-1991,Lockheed P-3C Orion,159325,US Navy,13,"near San Diego, CA",, ,A1
19910323-0,23-MAR-1991,Antonov An-24RV,CCCP-46472,Aeroflot / Uzbekistan,34,Navoi Airpor...,,,A1
19910323-1,23-MAR-1991,Fairchild FH-227B,F-GCPZ,TAT,0,Dinard-Pleur...,,,O1
19910324-0,24-MAR-1991,Sabreliner 40,XA-RPS,Servicios Aéreos de Los Angeles,0,Puebla/Huejo...,, ,A1
19910325-0,25-MAR-1991,Boeing 707-385C,ET-AJZ,Ethiopian Airlines,0,Asmara Inter...,,,O1
19910325-1,25-MAR-1991,HAL-748,H-1513,Indian AF,28,Yelahanka Ai...,, ,A1
19910325-2,25-MAR-1991,Fokker F-27 Friendship 200,ST-AAA,Sudan Airways,0,Khartoum-Civ...,,,A1
19910325-3,25-MAR-1991,IAI Arava 202,E-205,Ecuador Army,2,near Macas,, ,A1
19910325-4,25-MAR-1991,Airbus A310, ,Singapore Airlines,4,Singapore-Ch...,, ,H2
19910328-0,28-MAR-1991,Tupolev Tu-134, ,Aeroflot,0,Kaliningrad-...,, ,H2
19910329-0,29-MAR-1991,DHC-6 Twin Otter 300,HB-LOM,"Zimex Aviation, op.for Red Cross",0,near Kuito,,,C2
19910331-0,31-MAR-1991,Vickers 745D Viscount,HK-1708,Intercontinental de Aviación,0,near Medellín-Enr...,,,A1
19910331-1,31-MAR-1991,Boeing 737, ,Air Algérie,0,Algiers-Houa...,, ,H2
19910404-2,04-APR-1991,Douglas C-47B (DC-3),C-FQNF,Central Mountain Air Services,6,Thutade Lake...,, ,A1
19910405-0,05-APR-1991,Embraer EMB-120RT Brasilia,N270AS,"Delta Connection, opb ASA",23,near Brunswick-Gl...,, ,A1
19910408-0,08-APR-1991,Beech 99A,C-FHIE,Sabourin Lake Airways,0,Red Lake Air...,, ,O1
19910418-0,18-APR-1991,Dornier 228-212,F-OHAB,Air Tahiti,10,near Nuku Hiva Ai...,, ,A1
19910426-0,26-APR-1991,Lockheed P-3C Orion,A9-754,RAAF,1,near Cocos Island...,, ,A1
19910429-0,29-APR-1991,Tupolev Tu-154, ,Aeroflot,0,Moscow,, ,H2
19910430-0,30-APR-1991,Hawker Siddeley HS-748,C-GEPB,Calm Air International,0,Brochet Airp...,, ,A2
19910501-0,01-MAY-1991,IAI 1124A Westwind II,N445BL,PGA Tour Inv.,0,Oxford-Water...,, ,A1
19910503-0,03-MAY-1991,Boeing 727-22QC,N425EX,Ryan Airlines,0,Hartford-Bra...,,,A1
19910504-1,04-MAY-1991,GAF Nomad N.22BFP,N5590M,Johnson Wax Company,0,near Bowling Gree...,, ,A1
19910506-0,06-MAY-1991,Cessna 501 Citation I/SP,N41JP,Petrolift Aviation,0,"Shreveport, LA",, ,O2
19910506-1,06-MAY-1991,Learjet 25B,N20DL,Petrolift Aviation,0,"Shreveport, LA",, ,O2
19910506-3,06-MAY-1991,Hawker Siddeley BH-125-400A,N101AD,Franks Petroleum,0,"Shreveport, LA",, ,O1
19910508-0,08-MAY-1991,DHC-3 Otter,C-FQRI,Harbour Air,0,Cameron Lake...,, ,A1
19910509-0,09-MAY-1991,Fokker F-27 Friendship 600,PK-MFD,Merpati Nusantara,13,near Manado-Sam R...,,,A1
19910510-0,10-MAY-1991,Douglas R4D-7 (DC-3),N134FS,Four Star Air Cargo,2,Aguadilla-Bo...,, ,A1
19910514-0,14-MAY-1991,Curtiss C-46A,CP-1617,Transportes Aéreos El Dorado,0,Beni Airport...,,,A1
19910515-0,15-MAY-1991,Douglas C-47B (DC-3),HK-3177,ADES Colombia,13,near Villavicenci...,,,A1
