identifiant,date,type,registration,operator,fat.,location, ,pic,cat

19401124-1,24-NOV-1940,A.W. AW.27 Ensign I,G-ADTC,BOAC,0,Bristol-Whit...,, ,C1
19401126-0,26-NOV-1940,Fiat G.18,I-ELIO,Nucleo Comunicazioni Avio Linee,0,Milano-Linat...,, ,A1
19401127-0,27-NOV-1940,SNCAC (Farman) NC.223.4,F-AROA,Air France,7,near Cape Spartiv...,, ,C1
19401129-0,29-NOV-1940,Douglas DC-2-118A,NC14292,Panagra,0,near Quito,, ,A1
19401204-0,04-DEC-1940,Douglas DC-3A-197C,NC25678,United Airlines,10,near Chicago Muni...,,,A1
19401204-1,04-DEC-1940,Ford 5-AT-B Tri-Motor,TI-51,TACA,,Puntarenas,, ,A1
19401206-0,06-DEC-1940,Handley Page HP.42E,AS982,RAF,0,Doncaster RA...,, ,O1
19401207-0,07-DEC-1940,Douglas C-33 (DC-2),36-78,USAAC,,Puntarenas,, ,A1
19401211-0,11-DEC-1940,Short Sunderland I,N9046,RAF,0,"Sullom Voe, ...",, ,A1
19401214-0,14-DEC-1940,Consolidated 16 Commodore,LV-RAB,SANA,,Puerto Nuevo...,, ,A1
19401220-0,20-DEC-1940,DH.91 Albatross,G-AFDI,BOAC,0,Bristol-Whit...,, ,C1
19401224-0,24-DEC-1940,Junkers Ju-52/3m,CX-ABB,CAUSA,0,Buenos Aires...,, ,O1
19401230-0,30-DEC-1940,Junkers Ju-52/3m,XX,Eurasia,0,Chengtu (Che...,, ,C1
19401299-0,??-DEC-1940,Fiat G.18,I-ETRA,Nucleo Comunicazioni Avio Linee,0,,, ,A1
19409999-0,??-???-1940,Dewoitine D.338,F-AQBH,Air France,,Indochina,, ,A1

19400510-CJ,10-MAY-1940,Junkers Ju-52/3m, ,German AF,,Veenendaal,, ,A1
19400510-CK,10-MAY-1940,Junkers Ju-52/3m, ,German AF,,Valkenburg AB,, ,A1
19400510-CL,10-MAY-1940,Junkers Ju-52/3m, ,German AF,,Rotterdam,, ,A1
19400510-CM,10-MAY-1940,Junkers Ju-52/3m, ,German AF,,Moerdijk,, ,A1
19400510-CN,10-MAY-1940,Junkers Ju-52/3m, ,German AF,,Witry,, ,A1
19400510-CO,10-MAY-1940,Junkers Ju-52/3m, ,German AF,,Ypenburg,, ,A1
19400510-CP,10-MAY-1940,Junkers Ju-52/3m, ,German AF,,Rijksweg 13,, ,A1
19400510-CQ,10-MAY-1940,Junkers Ju-52/3m, ,German AF,,Waalhaven,, ,A1
19400510-CR,10-MAY-1940,Junkers Ju-52/3m, ,German AF,,Waalhaven,, ,A1
19400510-CS,10-MAY-1940,Junkers Ju-52/3m, ,German AF,,Waalhaven,, ,A1
19400510-CT,10-MAY-1940,Junkers Ju-52/3m, ,German AF,,Waalhaven,, ,A1
19400510-CU,10-MAY-1940,Junkers Ju-52/3m, ,German AF,,Waalhaven,, ,A1
19400510-CV,10-MAY-1940,Junkers Ju-52/3m, ,German AF,,Waalhaven,, ,A1
19400510-CW,10-MAY-1940,Junkers Ju-52/3m, ,German AF,,Waalhaven,, ,A1
19400510-CX,10-MAY-1940,Junkers Ju-52/3m, ,German AF,,Druten,, ,A1
19400510-CY,10-MAY-1940,Junkers Ju-52/3m, ,German AF,,Rozenburg,, ,A1
19400510-CZ,10-MAY-1940,Junkers Ju-52/3m,L5+,German AF,3,Vroenhoven,, ,A1
19400511-1,11-MAY-1940,Junkers Ju-52/3m, ,German AF,,Alken,, ,C1
19400511-2,11-MAY-1940,Junkers Ju-52/3m, ,German AF,,Waardenburg,, ,A1
19400511-3,11-MAY-1940,Junkers Ju-52/3m, ,German AF,,Moerdijk,, ,A1
19400511-4,11-MAY-1940,Junkers Ju-52/3m, ,German AF,,Biesbosch,, ,A1
19400511-5,11-MAY-1940,Junkers Ju-52/3m, ,German AF,1,near Zaltbommel,, ,C1
19400511-6,11-MAY-1940,Junkers Ju-52/3m, ,German AF,,Noordwijk aa...,, ,A1
19400512-1,12-MAY-1940,Junkers Ju-52/3m, ,German AF,,Waalhaven,, ,A1
19400513-1,13-MAY-1940,Junkers Ju-52/3m, ,German AF,,Schipluiden,, ,A1
19400513-2,13-MAY-1940,Junkers Ju-52/3m, ,German AF,,Schipluiden,, ,A1
19400513-3,13-MAY-1940,Junkers Ju-52/3m, ,German AF,,Schipluiden,, ,A1
19400514-0,14-MAY-1940,Savoia-Marchetti S.73P,OO-AGP,Sabena,0,Brussels-Har...,, ,O1
19400514-2,14-MAY-1940,Junkers Ju-52/3m,9P+KK ,German AF,,Bierset,, ,A1
19400516-0,16-MAY-1940,Savoia-Marchetti SM-75,I-LUPI,Ala Littoria,8,Barcelona Ai...,, ,A1
19400516-2,16-MAY-1940,Junkers Ju-52/3m,1Z+,German AF,1,Ochamps,, ,A1
19400517-0,17-MAY-1940,Boeing S.307B Stratoliner,NC19905,TWA,0,"near Pritchett, CO",, ,A2
19400518-2,18-MAY-1940,Junkers Ju-52/3m,9P+EM,German AF,0,Philippevill...,, ,A1
19400520-0,20-MAY-1940,Junkers Ju-52/3m,CN+HJ,German AF,,Kjerringvatn...,, ,A1
19400521-0,21-MAY-1940,Fokker F.XXXVI,G-AFZR,Scottish Aviation,0,Glasgow-Pres...,,,A1
19400523-0,23-MAY-1940,Sabca Savoia-Marchetti S.73P,OO-AGS,Sabena,1,Arques,, ,C1
19400523-1,23-MAY-1940,A.W. AW.27 Ensign I,G-ADSZ,BOAC,,Merville Air...,, ,A1
19400523-2,23-MAY-1940,Sabca Savoia-Marchetti S.73P,OO-AGZ,"Sabena, op.for RAF",0,Merville,, ,C1
19400523-3,23-MAY-1940,A.W. AW.27 Ensign I,G-ADTA,Imperial Airways,0,Lympne,, ,A1
19400523-4,23-MAY-1940,Douglas DC-3-227B,OO-AUI,"Sabena, op.for RAF",1,near Arques,, ,C1
19400523-7,23-MAY-1940,Junkers Ju-52/3mba,YR-ABF,LARES,,Bazargio-Dob...,, ,A1
19400526-0,26-MAY-1940,Junkers Ju-52/3m, ,German AF,4,"Storfjellet,...",, ,A1
19400526-1,26-MAY-1940,Junkers Ju-52/3m,BA+HK,German AF,9,"Evenesdal, S...",, ,A1
19400526-2,26-MAY-1940,Junkers Ju-52/3m,CM+BU,German AF,4,Jordbrufjell...,, ,A1
19400526-3,26-MAY-1940,Junkers Ju-52/3m, ,German AF,15,"Amot, Osterd...",, ,A1
19400528-2,28-MAY-1940,Junkers Ju-52/3m, ,German AF,5,Ulmet/Kusel,, ,A1
19400530-0,30-MAY-1940,Junkers Ju-52/3m, ,German AF,8,Skotten sete...,, ,C1
19400601-0,01-JUN-1940,Douglas R3D-1 (DC-5),1901,Douglas,4,El Segundo-M...,, ,A1
19400602-0,02-JUN-1940,Junkers Ju-52/3m,DC+SP,German AF,8,"Riksgränsen,...",, ,C1
19400607-0,07-JUN-1940,Junkers Ju-52/3m, ,German AF,0,near Koblenz,, ,A1
19400607-1,07-JUN-1940,Junkers Ju-52/3m, ,German AF,4,near Charleville,, ,A1
19400607-2,07-JUN-1940,Junkers Ju-52/3m, ,German AF,1,Mannheim Air...,, ,A1
19400608,08-JUN-1940,Junkers Ju-52/3mg3e,KI+AL,German AF,0,Reinoksbreen...,, ,A1
19400614-0,14-JUN-1940,Junkers Ju-52/3mge,OH-ALL,Aero OY,9,near Keri Island ...,, ,C1
19400620-0,20-JUN-1940,Dewoitine D.338,F-ARTD,Air France,1,near Ouistreham,, ,C1
19400623-0,23-JUN-1940,Junkers Ju-52/3m, ,German AF,0,Amsterdam-Sc...,, ,A1
19400623-2,23-JUN-1940,Junkers Ju-52/3m, ,German AF,6,near Abentheuer/H...,, ,A1
19400623-3,23-JUN-1940,Junkers Ju-52/3m, ,German AF,,Schiphol,, ,A1
19400699-0,??-JUN-1940,Lockheed 14-H2 Super Electra,SP-BPM,LOT,,near Paris,, ,A1
19400699-1,??-JUN-1940,DH.86B Express,G-AEWR,Railway,0,Bordeaux,, ,A1
19400699-2,??-JUN-1940,DH.86A Express,G-AEFH,Railway,0,Bordeaux,, ,A1
19400703-2,03-JUL-1940,Junkers Ju-52/3m, ,German AF,,Schiphol,, ,A1
19400704-0,04-JUL-1940,Junkers Ju-52/3m, ,German AF,0,Amsterdam-Sc...,, ,A1
19400707-0,07-JUL-1940,Dewoitine D.338,F-AQBA,Air France,4,Gulf of Tonkin,, ,C1
19400709-0,09-JUL-1940,Short Sunderland I,N6133,RAF,,near Sumburgh Hea...,, ,C1
19400716-0,16-JUL-1940,DH.86 Express,AX841,Royal Navy,0,Lee-on-Solent,, ,A1
19400724-0,24-JUL-1940,Lockheed 14-H2 Super Electra,SP-BPK,LOT,,Bucharest-Ba...,, ,A1
19400799-0,??-JUL-1940,Ford 4-AT-E Tri-Motor,CF-AZB,White Pass Airways,0,"Whitehorse, BC",, ,O1
19400801-0,01-AUG-1940,Handley Page HP.42E,AS983,RAF,,Donibristle ...,, ,A1
19400802-0,02-AUG-1940,Vickers Valentia,269,South African AF,8,near Dodoma,, ,A1
19400807-0,07-AUG-1940,Handley Page HP.42E,AS981,RAF,,Moresby Park...,, ,A1
19400807-1,07-AUG-1940,Lisunov PS-84,CCCP-L3409,Aeroflot,18,near Novosibirsk,, ,A1
19400809-0,09-AUG-1940,Douglas DC-2-115E,D-AIAV,Deutsche Lufthansa,2,near Lämershagen,, ,A1
19400811-0,11-AUG-1940,DH.91 Albatross,AX903,RAF,0,Reykjavík RA...,, ,A1
19400823-0,23-AUG-1940,Douglas DC-3-227,YR-PIF,LARES,11,near Risculita,,,A1
19400831-0,31-AUG-1940,Douglas DC-3-313,NC21789,Pennsylvania-Central Airlines,25,near Lovettsville...,, ,A1
19400914-0,14-SEP-1940,Short L.17 Scylla,G-ACJJ,BOAC,0,Drem,, ,O1
19400919-0,19-SEP-1940,Ford 5-AT-D Tri-Motor,X5000,RAF,0,Limavady RAF...,, ,A1
19400921-0,21-SEP-1940,Douglas DC-3-194B,G-AGBC,BOAC,,Heston Airport,, ,A1
19400999-0,??-SEP-1940,Lockheed 14-H2 Super Electra,SP-BPN,Soviet AF,,near Riga,, ,A1
19401004-0,04-OCT-1940,Douglas DC-1-109,EC-AAE,Iberia,0,Málaga Airpo...,,,A1
19401004-1,04-OCT-1940,DH.95 Flamingo,T5357,RAF,,unknown,, ,A1
19401006-0,06-OCT-1940,DH.91 Albatross,G-AFDL,BOAC,0,near Pucklechurch...,, ,A1
19401010-0,10-OCT-1940,Dewoitine D.338,F-AQBJ,Air France,3,Carnotville,, ,A1
19401012-2,12-OCT-1940,Junkers Ju-52/3m, ,German AF,,Soesterberg,, ,A1
19401026-0,26-OCT-1940,Curtiss AT-32A Condor II,XY-AAI,CAMCO,0,Rangoon ?,, ,C1
19401026-1,26-OCT-1940,Junkers Ju-52/3mte,XXV,Eurasia,,near Kunming,, ,C1
19401029-0,29-OCT-1940,Douglas DC-2-221,39,CNAC,9,near Changyi,, ,C1
19401029-1,29-OCT-1940,Douglas DC-3-220,D-AAIH,Deutsche Lufthansa,2,Berlin-Tempe...,,,A1
19401029-3,29-OCT-1940,Short Sunderland I,P9622,RAF,4,"near Wick, Scotland",, ,A1
19401030-0,30-OCT-1940,Junkers Ju-52/3m, ,German AF,6,Watzmannkar,, ,A1
19401104-0,04-NOV-1940,Douglas DC-3-197,NC16086,United Airlines,10,"near Centerville, UT",, ,A1
19401104-1,04-NOV-1940,Junkers Ju-52/3mbe,CB-17,LAB,14,near Rincón del T...,, ,A1
19401108-0,08-NOV-1940,Junkers Ju-90A,D-AVMF,Deutsche Lufthansa,29,Brauna/Schön...,, ,A1
19401108-1,08-NOV-1940,Junkers Ju-52/3mg3e,PP-SPF,VASP,18,"Botafogo, Ri...",, ,A1
19401110-0,10-NOV-1940,Lockheed 14-N2 Super Electra,AX688,RAF,,Nairobi,, ,A1
19401112-0,12-NOV-1940,Short Sunderland,T9044,RAF,0,Pembroke Dock,, ,O1
19401116-2,16-NOV-1940,Junkers Ju-52/3m, ,German AF,11,Brest,, ,A1
19401123-0,23-NOV-1940,Lisunov PS-84,CCCP-L3405,Aeroflot / Georgia,4,near Ordzhonikidze,, ,A1
19401124-0,24-NOV-1940,Douglas DC-3-194D,G-AGBI,BOAC,0,Whitchurch A...,, ,C1

19400510-59,10-MAY-1940,Junkers Ju-52/3m, ,German AF,,,, ,A1
19400510-6,10-MAY-1940,Junkers Ju-52/3m, ,German AF,,Culemborg or...,, ,A1
19400510-60,10-MAY-1940,Junkers Ju-52/3m, ,German AF,,Waalhaven,, ,A1
19400510-61,10-MAY-1940,Junkers Ju-52/3m, ,German AF,,,, ,A1
19400510-62,10-MAY-1940,Junkers Ju-52/3m, ,German AF,,near Rotterdam,, ,A1
19400510-63,10-MAY-1940,Junkers Ju-52/3m, ,German AF,,Waalhaven,, ,A1
19400510-64,10-MAY-1940,Junkers Ju-52/3m, ,German AF,,Rotterdam,, ,A1
19400510-65,10-MAY-1940,Junkers Ju-52/3m, ,German AF,,near Den Haag,, ,A1
19400510-66,10-MAY-1940,Junkers Ju-52/3m, ,German AF,,road Delft -...,, ,A1
19400510-67,10-MAY-1940,Junkers Ju-52/3m, ,German AF,,near Waalhaven,, ,A1
19400510-68,10-MAY-1940,Junkers Ju-52/3m, ,German AF,,near Den Haag,, ,A1
19400510-69,10-MAY-1940,Junkers Ju-52/3m, ,German AF,,near Waalhaven,, ,A1
19400510-7,10-MAY-1940,Junkers Ju-52/3m, ,German AF,,,, ,A1
19400510-70,10-MAY-1940,Junkers Ju-52/3m, ,German AF,,near Den Haag,, ,A1
19400510-71,10-MAY-1940,Junkers Ju-52/3m, ,German AF,,near Ypenburg,, ,A1
19400510-72,10-MAY-1940,Junkers Ju-52/3m, ,German AF,,Rotterdam,, ,A1
19400510-73,10-MAY-1940,Junkers Ju-52/3m, ,German AF,,Rotterdam,, ,A1
19400510-74,10-MAY-1940,Junkers Ju-52/3m, ,German AF,,Waalhaven,, ,A1
19400510-75,10-MAY-1940,Junkers Ju-52/3m, ,German AF,,Rotterdam,, ,A1
19400510-76,10-MAY-1940,Junkers Ju-52/3m, ,German AF,,near Den Haag,, ,A1
19400510-77,10-MAY-1940,Junkers Ju-52/3m, ,German AF,,Waalhaven,, ,A1
19400510-78,10-MAY-1940,Junkers Ju-52/3m, ,German AF,,near Rotterdam,, ,A1
19400510-79,10-MAY-1940,Junkers Ju-52/3m, ,German AF,,near Den Haag,, ,A1
19400510-8,10-MAY-1940,Junkers Ju-52/3m, ,German AF,,Voorburg,, ,A1
19400510-80,10-MAY-1940,Junkers Ju-52/3m, ,German AF,,Den Haag,, ,A1
19400510-81,10-MAY-1940,Junkers Ju-52/3m, ,German AF,,near Leiden,, ,A1
19400510-82,10-MAY-1940,Junkers Ju-52/3m, ,German AF,,near Den Haag,, ,A1
19400510-83,10-MAY-1940,Junkers Ju-52/3m, ,German AF,,Delft,, ,A1
19400510-84,10-MAY-1940,Junkers Ju-52/3m, ,German AF,,Delft,, ,A1
19400510-85,10-MAY-1940,Junkers Ju-52/3m, ,German AF,,,, ,A1
19400510-86,10-MAY-1940,Junkers Ju-52/3m, ,German AF,,Rotterdam,, ,A1
19400510-87,10-MAY-1940,Junkers Ju-52/3m, ,German AF,,Waalhaven,, ,A1
19400510-88,10-MAY-1940,Junkers Ju-52/3m, ,German AF,,Waalhaven,, ,A1
19400510-89,10-MAY-1940,Junkers Ju-52/3m, ,German AF,,,, ,A1
19400510-9,10-MAY-1940,Junkers Ju-52/3m, ,German AF,,near Den Haag,, ,A1
19400510-90,10-MAY-1940,Junkers Ju-52/3m, ,German AF,,,, ,A1
19400510-91,10-MAY-1940,Junkers Ju-52/3m, ,German AF,,,, ,A1
19400510-92,10-MAY-1940,Junkers Ju-52/3m, ,German AF,,near Den Haag,, ,A1
19400510-93,10-MAY-1940,Junkers Ju-52/3m, ,German AF,,Tongeren,, ,A1
19400510-94,10-MAY-1940,Junkers Ju-52/3m, ,German AF,,Chaumont,, ,C1
19400510-95,10-MAY-1940,Junkers Ju-52/3m, ,German AF,,Esneux,, ,A1
19400510-96,10-MAY-1940,Junkers Ju-52/3m, ,German AF,,,, ,A1
19400510-97,10-MAY-1940,Junkers Ju-52/3m, ,German AF,,Den Haag,, ,A1
19400510-AC,10-MAY-1940,Junkers Ju-52/3m, ,German AF,,Rotterdam,, ,A1
19400510-AD,10-MAY-1940,Junkers Ju-52/3m, ,German AF,,Rotterdam,, ,A1
19400510-AE,10-MAY-1940,Junkers Ju-52/3m, ,German AF,,'t Woudt,, ,A1
19400510-AF,10-MAY-1940,Junkers Ju-52/3m, ,German AF,,near Waalhaven,, ,A1
19400510-AH,10-MAY-1940,Junkers Ju-52/3m, ,German AF,3,Rosière-la-G...,, ,A1
19400510-AI,10-MAY-1940,Junkers Ju-52/3m, ,German AF,,,, ,A1
19400510-AJ,10-MAY-1940,Junkers Ju-52/3m, ,German AF,,Waalhaven,, ,A1
19400510-AK,10-MAY-1940,Junkers Ju-52/3m, ,German AF,4,Ochten-IJzen...,, ,C1
19400510-AL,10-MAY-1940,Junkers Ju-52/3m, ,German AF,,,, ,A1
19400510-AM,10-MAY-1940,Junkers Ju-52/3m, ,German AF,,,, ,A1
19400510-AN,10-MAY-1940,Junkers Ju-52/3m, ,German AF,,Den Haag,, ,A1
19400510-AP,10-MAY-1940,Junkers Ju-52/3m, ,German AF,,Renswoude,, ,A1
19400510-AQ,10-MAY-1940,Junkers Ju-52/3m, ,German AF,,Druten,, ,A1
19400510-AR,10-MAY-1940,Junkers Ju-52/3m, ,German AF,,Den Haag,, ,A1
19400510-AS,10-MAY-1940,Junkers Ju-52/3m, ,German AF,,Waalhaven,, ,A1
19400510-AT,10-MAY-1940,Junkers Ju-52/3m, ,German AF,,near Vlaardingen,, ,A1
19400510-AU,10-MAY-1940,Junkers Ju-52/3m, ,German AF,,near Wassenaarse ...,, ,A1
19400510-AV,10-MAY-1940,Junkers Ju-52/3m, ,German AF,,Ockenburg,, ,A1
19400510-AW,10-MAY-1940,Junkers Ju-52/3m, ,German AF,,Den Haag,, ,A1
19400510-AX,10-MAY-1940,Junkers Ju-52/3m, ,German AF,,Rijksweg 13,, ,A1
19400510-AY,10-MAY-1940,Junkers Ju-52/3m, ,German AF,,Rotterdam,, ,A1
19400510-AZ,10-MAY-1940,Junkers Ju-52/3m, ,German AF,,Rijksweg 13,, ,A1
19400510-BA,10-MAY-1940,Junkers Ju-52/3m, ,German AF,,Ockenburg,, ,A1
19400510-BB,10-MAY-1940,Junkers Ju-52/3m, ,German AF,,Waalhaven,, ,A1
19400510-BC,10-MAY-1940,Junkers Ju-52/3m, ,German AF,,Benschop,, ,A1
19400510-BD,10-MAY-1940,Junkers Ju-52/3m, ,German AF,,Den Haag,, ,A1
19400510-BE,10-MAY-1940,Junkers Ju-52/3m, ,German AF,,Biesbosch,, ,A1
19400510-BF,10-MAY-1940,Junkers Ju-52/3m, ,German AF,,Rijksweg 13,, ,A1
19400510-BG,10-MAY-1940,Junkers Ju-52/3m, ,German AF,,Zevenbergsehoek,, ,A1
19400510-BH,10-MAY-1940,Junkers Ju-52/3m, ,German AF,,Katwijk,, ,A1
19400510-BI,10-MAY-1940,Junkers Ju-52/3m, ,German AF,,Waalhaven,, ,A1
19400510-BJ,10-MAY-1940,Junkers Ju-52/3m, ,German AF,,Blerick-Boekend,, ,A1
19400510-BK,10-MAY-1940,Junkers Ju-52/3m, ,German AF,,Ockenburg,, ,A1
19400510-BL,10-MAY-1940,Junkers Ju-52/3m, ,German AF,1,Kanne,, ,A1
19400510-BM,10-MAY-1940,Junkers Ju-52/3m, ,German AF,,Rijswijk,, ,A1
19400510-BN,10-MAY-1940,Junkers Ju-52/3m, ,German AF,,near Den Bosch,, ,A1
19400510-BO,10-MAY-1940,Junkers Ju-52/3m, ,German AF,,Waalhaven,, ,A1
19400510-BP,10-MAY-1940,Junkers Ju-52/3m, ,German AF,,IJmuiden,, ,A1
19400510-BQ,10-MAY-1940,Junkers Ju-52/3m, ,German AF,,Ockenburg,, ,A1
19400510-BR,10-MAY-1940,Junkers Ju-52/3m, ,German AF,,Horst,, ,A1
19400510-BS,10-MAY-1940,Junkers Ju-52/3m, ,German AF,,Maastricht,, ,A1
19400510-BT,10-MAY-1940,Junkers Ju-52/3m, ,German AF,2,Vrusschenhui...,, ,A1
19400510-BU,10-MAY-1940,Junkers Ju-52/3m, ,German AF,,Stolwijk,, ,A1
19400510-BV,10-MAY-1940,Junkers Ju-52/3m, ,German AF,,Den Bosch,, ,A1
19400510-BW,10-MAY-1940,Junkers Ju-52/3m, ,German AF,,Monster,, ,A1
19400510-BX,10-MAY-1940,Junkers Ju-52/3m, ,German AF,,Delft,, ,A1
19400510-BY,10-MAY-1940,Junkers Ju-52/3m, ,German AF,,Wassenaarse ...,, ,A1
19400510-BZ,10-MAY-1940,Junkers Ju-52/3m, ,German AF,,Berkel en Ro...,, ,A1
19400510-CA,10-MAY-1940,Junkers Ju-52/3m, ,German AF,0,Rijksweg 13,, ,A1
19400510-CB,10-MAY-1940,Junkers Ju-52/3m, ,German AF,17,Kerk-Avezaath,, ,C1
19400510-CC,10-MAY-1940,Junkers Ju-52/3m, ,German AF,,Rotterdam,, ,A1
19400510-CD,10-MAY-1940,Junkers Ju-52/3m, ,German AF,,Wassenaar,, ,A1
19400510-CE,10-MAY-1940,Junkers Ju-52/3m, ,German AF,,Ockenburg,, ,A1
19400510-CF,10-MAY-1940,Junkers Ju-52/3m, ,German AF,,Delft - Den ...,, ,A1
19400510-CG,10-MAY-1940,Junkers Ju-52/3m, ,German AF,,Delft - Den ...,, ,A1
19400510-CH,10-MAY-1940,Junkers Ju-52/3m, ,German AF,,near Ypenburg,, ,A1
19400510-CI,10-MAY-1940,Junkers Ju-52/3m, ,German AF,,Berkel,, ,A1

19400115-0,15-JAN-1940,Lockheed 14-WF62 Super Electra,G-AFMO,British Airways,0,Heston Airport,, ,A1
19400122-0,22-JAN-1940,Lockheed 14-WF62 Super Electra,PK-AFO,KNILM,8,near Denpasar-Ngu...,, ,A1
19400130-0,30-JAN-1940,Ford 4-AT-E Tri-Motor,NC5092,White Pass Airways,0,"Carcross, YT",, ,A1
19400205-0,05-FEB-1940,Nakajima/Douglas DC-2,J-BBOT,Imperial Japanese Airways,0,"Diaoyu Dao, ...",, ,A1
19400210-0,10-FEB-1940,Savoia-Marchetti SM-75,I-LEAL,Ala Littoria,10,Aiello Calabro,, ,A1
19400220-0,20-FEB-1940,Ford 5-AT-.  Tri-Motor,AN-AA.,TACA de Nicaragua,0,near Prinzapolka,, ,A1
19400225-0,25-FEB-1940,Ford 5-AT-C Tri-Motor,TI-33,TACA,,San Isidro,, ,A1
19400301-0,01-MAR-1940,Handley Page HP.42E,G-AAGX,Imperial Airways,8,"near Dibba, Oman ...",,,A1
19400303-0,03-MAR-1940,Bloch 220,F-AOHA,Air France,3,near Orange,, ,A1
19400305-0,05-MAR-1940,Ford 5-AT-B Tri-Motor,XA-BCW,Mexicana,0,near San Martín V...,, ,A1
19400315-0,15-MAR-1940,DH.86B Express,VH-UYW,private,,"near Kavieng, New...",, ,A1
19400316-0,16-MAR-1940,Savoia-Marchetti S.73,I-SUTO,ALI,14,Stromboli Is...,, ,A1
19400319-0,19-MAR-1940,Handley Page HP.42W,G-AAXC,Imperial Airways,0,Bristol-Whit...,, ,O1
19400319-1,19-MAR-1940,Handley Page HP.42W,G-AAUD,Imperial Airways,0,Bristol-Whit...,, ,O1
19400403-0,03-APR-1940,Douglas DC-2-112,NC13786,TWA,0,Pittsburgh-A...,, ,A1
19400407-0,07-APR-1940,Junkers Ju-52/3m, ,German AF,9,Meurcourt,, ,A1
19400409,09-APR-1940,Junkers Ju-52/3m,NG+VD,German AF,1,Oslo-Fornebu,, ,C1
19400409-0,09-APR-1940,Short Sunderland,L2167,RAF,9,near Sylling,, ,C1
19400409-2,09-APR-1940,Junkers Ju-52/3m, ,German AF,8,"near Tarm, Vium c...",, ,A1
19400412-1,12-APR-1940,Junkers Ju-52/3m, ,German AF,2,Einfeld,, ,A1
19400412-2,12-APR-1940,Junkers Ju-52/3m, ,German AF,0,Neumünster,, ,A1
19400413-0,13-APR-1940,Junkers Ju-52/3m,1Z+FM,German AF,3,	Aalborg Wes...,, ,A2
19400413-1,13-APR-1940,Junkers Ju-52/3mg4e,SE+JZ,German AF,0,Gullesfjordb...,, ,A1
19400413-2,13-APR-1940,Junkers Ju-52/3mg4e,CN+BS,German AF,0,Gullesfjordb...,, ,A1
19400413-3,13-APR-1940,Junkers Ju-52/3m,NG+BU,German AF,,"Froysjoen, B...",, ,C1
19400413-4,13-APR-1940,Junkers Ju-52/3m, ,German AF,,"Gangsoya, So...",, ,A1
19400413-5,13-APR-1940,Junkers Ju-52/3m, ,German AF,,"Gangsoya, So...",, ,A1
19400413-6,13-APR-1940,Junkers Ju-52/3mg4e,DB+JY,German AF,,Hartvikvatne...,, ,A1
19400414-0,14-APR-1940,Junkers Ju-52/3m,1Z+..,German AF,1,"Lillehammer,...",, ,C1
19400414-1,14-APR-1940,Junkers Ju-52/3m,1Z+AT,German AF,,"Valebu, Ring...",, ,A1
19400414-2,14-APR-1940,Junkers Ju-52/3m,1Z+GS,German AF,3,"Graberget, D...",, ,C1
19400414-3,14-APR-1940,Junkers Ju-52/3m,.. + ..,German AF,,"River Vorma,...",, ,A1
19400414-4,14-APR-1940,Junkers Ju-52/3m,1Z+MN,German AF,0,"Honefoss, Ri...",, ,A1
19400414-5,14-APR-1940,Junkers Ju-52/3m,1Z+CC,German AF,0,"Galderud, Ko...",, ,A1
19400414-6,14-APR-1940,Junkers Ju-52/3mg4e,SE+HU,German AF,,"Sivebo, Greb...",, ,A2
19400414-9,14-APR-1940,Junkers Ju-52/3m,SE+H?,German AF,3,"Samneröd, Ud...",, ,A1
19400416-0,16-APR-1940,Junkers Ju-52/3mg4e,1Z+IY,German AF,4,"Kvamen, Sokn...",, ,A1
19400416-1,16-APR-1940,Junkers Ju-52/3mg3e,SE+HM,German AF,0,Grums,, ,A2
19400416-2,16-APR-1940,Junkers Ju-52/3m,1Z+BC,German AF,0,"Lake Vänern,...",, ,A1
19400416-4,16-APR-1940,Junkers Ju-52/3m,BA+KK,German AF,17,near Tofte,, ,A1
19400417-0,17-APR-1940,Junkers Ju-52/3m,IZ+FT,German AF,17,"Langevannet,...",, ,A1
19400417-1,17-APR-1940,Junkers Ju-52/3m,SE+KC,German AF,,"Arbrå, Bollnäs",, ,A1
19400422-0,22-APR-1940,Lockheed 14-WF62 Super Electra,G-AFKD,BOAC,3,"near Loch Lomond,...",, ,A1
19400429-2,29-APR-1940,Junkers Ju-52/3m, ,German AF,0,Oslo-Fornebu...,, ,A1
19400429-4,29-APR-1940,Junkers Ju-52/3m, ,German AF,0,Oslo-Fornebu...,, ,A1
19400502-0,02-MAY-1940,DH.86B Express,OH-IPA,Finnish AF,0,Helsinki-Mal...,, ,A1
19400510-0,10-MAY-1940,Junkers Ju-52/3m, ,German AF,,Valkenburg,, ,A1
19400510-1,10-MAY-1940,Junkers Ju-52/3m, ,German AF,,'s Gravenzande,, ,A1
19400510-10,10-MAY-1940,Junkers Ju-52/3m,GS+AJ,German AF,,,, ,A1
19400510-11,10-MAY-1940,Junkers Ju-52/3m, ,German AF,,Maassluis,, ,A1
19400510-12,10-MAY-1940,Junkers Ju-52/3m,AR+EB,German AF,,near Den Haag,, ,A1
19400510-13,10-MAY-1940,Junkers Ju-52/3m, ,German AF,,Waalhaven,, ,A1
19400510-14,10-MAY-1940,Junkers Ju-52/3m,H4+BJ,German AF,,Tiel,, ,A1
19400510-15,10-MAY-1940,Junkers Ju-52/3m,G6+VK,German AF,,Ockenburg,, ,A1
19400510-16,10-MAY-1940,Junkers Ju-52/3m,G6+MK,German AF,,Rijksweg 13,, ,A1
19400510-17,10-MAY-1940,Junkers Ju-52/3m,G6+HK,German AF,,Ockenburg,, ,A1
19400510-18,10-MAY-1940,Junkers Ju-52/3m,9P+BH,German AF,,near Waalhaven,, ,A1
19400510-19,10-MAY-1940,Junkers Ju-52/3m, ,German AF,,near Den Haag,, ,A1
19400510-2,10-MAY-1940,Junkers Ju-52/3m, ,German AF,,Rotterdam - ...,, ,A1
19400510-20,10-MAY-1940,Junkers Ju-52/3m, ,German AF,,near Rotterdam,, ,A1
19400510-21,10-MAY-1940,Junkers Ju-52/3m, ,German AF,,near Den Haag,, ,A1
19400510-22,10-MAY-1940,Junkers Ju-52/3m,U4+ZK,German AF,,Rotterdam,, ,A1
19400510-23,10-MAY-1940,Junkers Ju-52/3m, ,German AF,,Waalhaven,, ,A1
19400510-24,10-MAY-1940,Junkers Ju-52/3m, ,German AF,,near Den Haag,, ,A1
19400510-25,10-MAY-1940,Junkers Ju-52/3m, ,German AF,,near Den Haag,, ,A1
19400510-26,10-MAY-1940,Junkers Ju-52/3m, ,German AF,,near Den Haag,, ,A1
19400510-27,10-MAY-1940,Junkers Ju-52/3m,NG+VY,German AF,,near Delft,, ,A1
19400510-28,10-MAY-1940,Junkers Ju-52/3m, ,German AF,,Waalhaven,, ,A1
19400510-29,10-MAY-1940,Junkers Ju-52/3m, ,German AF,,near Den Haag,, ,A1
19400510-3,10-MAY-1940,Junkers Ju-52/3m, ,German AF,,Den Haag,, ,A1
19400510-30,10-MAY-1940,Junkers Ju-52/3m, ,German AF,,near Den Haag,, ,A1
19400510-31,10-MAY-1940,Junkers Ju-52/3m, ,German AF,,near Den Haag,, ,A1
19400510-32,10-MAY-1940,Junkers Ju-52/3m, ,German AF,,Waalhaven,, ,A1
19400510-33,10-MAY-1940,Junkers Ju-52/3m, ,German AF,,Waalhaven,, ,A1
19400510-34,10-MAY-1940,Douglas DC-3-194F,PH-AST,KLM,0,Amsterdam-Sc...,, ,C1
19400510-35,10-MAY-1940,Douglas DC-3-194F,PH-ASP,KLM,0,Amsterdam-Sc...,, ,C1
19400510-36,10-MAY-1940,Douglas DC-3-194D,PH-ARX,KLM,0,Amsterdam-Sc...,, ,C1
19400510-37,10-MAY-1940,Douglas DC-3-194B,PH-ALU,KLM,0,Amsterdam-Sc...,, ,C1
19400510-38,10-MAY-1940,Douglas DC-2-115L,PH-ALD,KLM,0,Amsterdam-Sc...,, ,C1
19400510-39,10-MAY-1940,Douglas DC-2-115E,PH-AKN,KLM,0,Amsterdam-Sc...,, ,C1
19400510-4,10-MAY-1940,Junkers Ju-52/3m, ,German AF,,Loosduinen,, ,A1
19400510-40,10-MAY-1940,Douglas DC-2-115E,PH-AKO,KLM,0,Amsterdam-Sc...,,,C1
19400510-41,10-MAY-1940,Douglas DC-2-115E,PH-AKP,KLM,0,Amsterdam-Sc...,, ,C1
19400510-42,10-MAY-1940,Douglas DC-2-115E,PH-AKK,KLM,0,Amsterdam-Sc...,,,C1
19400510-43,10-MAY-1940,Fokker F.VIIIa,951,Netherlands AF,0,Rotterdam-Wa...,, ,C1
19400510-44,10-MAY-1940,Junkers Ju-52/3m,1Z+LU,German AF,0,Waalhaven,, ,A1
19400510-45,10-MAY-1940,Junkers Ju-52/3m,1Z+AZ,German AF,3,near Afferden,, ,A1
19400510-46,10-MAY-1940,Junkers Ju-52/3m,1Z+KX ,German AF,0,Den Hout,, ,A1
19400510-47,10-MAY-1940,Junkers Ju-52/3m, ,German AF,,Waalhaven,, ,A1
19400510-48,10-MAY-1940,Junkers Ju-52/3m, ,German AF,,near Leiden,, ,A1
19400510-49,10-MAY-1940,Junkers Ju-52/3m, ,German AF,,near Den Haag,, ,A1
19400510-5,10-MAY-1940,Junkers Ju-52/3m, ,German AF,,near Rotterdam,, ,A1
19400510-50,10-MAY-1940,Junkers Ju-52/3m, ,German AF,,Waalhaven,, ,A1
19400510-51,10-MAY-1940,Junkers Ju-52/3m, ,German AF,,Rotterdam,, ,A1
19400510-52,10-MAY-1940,Junkers Ju-52/3m, ,German AF,,Waalhaven,, ,A1
19400510-53,10-MAY-1940,Junkers Ju-52/3m, ,German AF,,near Den Haag,, ,A1
19400510-54,10-MAY-1940,Junkers Ju-52/3m, ,German AF,,,, ,A1
19400510-55,10-MAY-1940,Junkers Ju-52/3m, ,German AF,,Waalhaven,, ,A1
19400510-56,10-MAY-1940,Junkers Ju-52/3m, ,German AF,,,, ,A1
19400510-58,10-MAY-1940,Junkers Ju-52/3m, ,German AF,,Berkel en Ro...,, ,A1
