identifiant,date,type,registration,operator,fat.,location, ,pic,cat

19009999-02,date unk.,Antonov An-12B,T-1201,Indonesian AF,,,, ,U1
19009999-19,date unk.,Antonov An-12B,T-1206,Indonesian AF,,,, ,U1
19009999-18,date unk.,Antonov An-12B,T-1204,Indonesian AF,,,, ,U1
19009999-01,date unk.,Antonov An-12BK, ,Soviet AF,,Tiksi Airpor...,, ,A1
19009999-09,date unk.,Antonov An-12BP,CCCP-11815,Soviet AF,0,Massawa Airp...,,,A1
19009999-08,date unk.,Antonov An-12BP,CCCP-12172,Soviet AF,,,, ,U1
19009999-30,date unk.,Antonov An-2,CCCP-N574,"GUSMP, Directorate of Polar Aviation",,unknown,, ,A1
19009999-34,date unk.,Antonov An-2,CCCP-01216,Aeroflot,0,Chita region,, ,A2
19009999-11,date unk.,Antonov An-24B,RA-47794,Russian AF,0,,, ,A1
19009999-25,date unk.,Antonov An-26,01 Red,Russian Armed Forces,0,Orenburg Air...,, ,O1
19009999-03,date unk.,Antonov An-26,5A-DOK,Sin Sad Airlines,,Wadi Bu al H...,,,A1
19009999-12,date unk.,Antonov An-26,RA-47414,Aeroflot,0,,, ,A1
19009999-13,date unk.,Antonov An-26,RA-47415,Russian AF,0,Belgorod Air...,, ,A1
19009999-22,date unk.,Antonov An-26,01 red,Soviet AF,0,Orenburg Air...,, ,O1
19009999-39,date unk.,Antonov An-2R,YU-BFR,Privredna Avijacija Osijek,,,, ,U1
19009999-41,date unk.,Antonov An-2R,-,PZL-Mielec,0,Mielec,, ,O1
19009999-05,date unk.,Antonov An-32,K2688,Indian AF,0,Kalaikunda A...,, ,A1
19009999-20,date unk.,Antonov An-32A,-,Antonov Design Bureau,,,, ,A1
19009999-24,date unk.,Avia 14,LZ-ILG,Balkan Bulgarian,0,Sofia-Vrazhd...,, ,O1
19009999-27,date unk.,BN-2A Islander,9Q-CRF,Enterprise General M.Forrest,,,, ,U1
19009999-49,date unk.,BN-2A Islander,HP-556XI,Unknown,,,, ,U1
19009999-50,date unk.,BN-2A Islander,MM60223,Somalian Aeronautical Corps,,,, ,U1
19009999-51,date unk.,BN-2A Islander,N67HA,MD Air Services,0,Nassau Inter...,, ,A1
19009999-44,date unk.,BN-2A-20 Islander,Z-WPR,Bush Pilots,,Charles Prin...,, ,U1
19009999-37,date unk.,BN-2A-21 Islander,5T-MAV,Mauritanian AF,,,, ,U1
19009999-38,date unk.,BN-2A-21 Islander,5T-MAA,Mauritanian AF,,,, ,U1
19009999-46,date unk.,BN-2A-21 Islander,N497BN,St. Lucia Airways,,,, ,U1
19009999-26,date unk.,BN-2A-21 Islander,F-ODHO,Unknown,,,, ,U1
19009999-47,date unk.,BN-2A-26 Islander,5B-CHG,Jenair,,Paphos Inter...,, ,U1
19009999-45,date unk.,BN-2A-8 Islander,XA-GEL,Aviacsa,,Toluca ?,, ,U1
19009999-35,date unk.,BN-2A-8 Islander,N94CA,Harbor Airlines,,,, ,U1
19009999-52,date unk.,BN-2A-8 Islander,YV-508C,Aero Servicios Caicara,,,, ,U1
19009999-23,date unk.,BN-2A-8 Islander,F-OBSN,Bordeaux Aviation,,,,,U1
19009999-32,date unk.,BN-2A-8 Islander,TZ-ASC,Unknown,0,,, ,U1
19009999-43,date unk.,BN-2A-8 Islander,F-ODYF,Aviazur,,Nouméa ?,, ,U1
19009999-48,date unk.,BN-2B-21 Islander,SAF001,Surinam Air Force,,,, ,U1
19009999-54,date unk.,Douglas C-47A (DC-3),HK-1505,Unknown,0,within Bahamas,, ,A1
19009999-55,date unk.,Douglas C-47D (DC-3),43-49023,USAAF,,Unknown,, ,U1
19009999-04,date unk.,Fairchild C-82A Packet,XH-139,SAHSA,,Trujillo-Cap...,, ,A1
19009999-36,date unk.,Grumman G-159 Gulfstream I,5Y-JET,JetPet,0,Nairobi-Wils...,, ,A1
19009999-53,date unk.,Ilyushin Il-12, ,Soviet AF,,near Tukalan River,, ,A1
19009999-06,date unk.,Ilyushin Il-14T,CCCP-04180,"GUSMP, Directorate of Polar Aviation",0,Ice Station ...,, ,A1
19009999-14,date unk.,Ilyushin Il-76,CCCP-86711,Ilyushin,,Riga-Spilve ...,, ,A1
19009999-10,date unk.,Ilyushin Il-76M,CCCP-86742,Soviet AF,,,, ,U1
19009999-33,date unk.,Ilyushin Il-76M,CCCP-86859,Soviet AF,0,Shadrinsk Ai...,, ,A1
19009999-15,date unk.,Ilyushin Il-76M,CCCP-86834,Soviet AF,0,Novokuznetsk...,, ,A1
19009999-57,date unk.,Ilyushin Il-76TD,7O-ADF,Yemen AF,0,Sana'a Inter...,, ,O1
19009999-56,date unk.,Ilyushin Il-78,76736,Ukraine Air Force,0,Uzyn Air Base,, ,O1
19009999-16,date unk.,Let L-410T,0931,Libyan Arab Rep. Air Force,,,, ,U1
19009999-17,date unk.,Let L-410UVP,HR-ASF,Atlantic Airlines,,La Ceiba ?,,,A1
19009999-31,date unk.,Lisunov Li-2, ,Unknown,,near Ugulan,, ,A1
19009999-29,date unk.,Lisunov Li-2,CCCP-63916,Aeroflot / Yakutsk,,near Tiksi,, ,A1
19009999-28,date unk.,Lisunov Li-2,CCCP-L4407,Aeroflot / West Siberia,,Yamal Peninsula,,,A1
19009999-21,date unk.,Lisunov Li-2F,39,Polish AF,0,,, ,O1
19009999-40,date unk.,SNCASO S.O.94R Corse II,56.S.17,French Navy,0,within France,, ,A1
19009999-07,date unk.,Super Avia 14,LZ-ILF,Balkan Bulgarian,,Provadia,, ,A1
19009999-42,date unk.,Swearingen SA227-DC Metro 23 (C-26B,341,Peruvian AF,,unknown,, ,A1
