identifiant,date,type,registration,operator,fat.,location, ,pic,cat

19921013-1,13-OCT-1992,Antonov An-124-100,CCCP-82002,Antonov Design Bureau,8,"near Kodra, Makar...",,,A1
19921013-2,13-OCT-1992,Tupolev Tu-154B-2,EW-85528,Aeroflot / Belarus,0,Vladivostok ...,, ,A1
19921014-0,14-OCT-1992,Antonov An-2R,CCCP-07840,Aeroflot / Kazakstan,0,Kostanay,, ,A1
19921015-0,15-OCT-1992,Douglas DC-8-55,HK-3753X,LAC Colombia,0,Medellín-Enr...,,,A1
19921018-0,18-OCT-1992,IPTN/CASA CN-235-10,PK-MNN,Merpati Nusantara,31,near Garut,, ,A1
19921019-0,19-OCT-1992,Antonov An-28,CCCP-28785,Aeroflot / Komi,15,Ust-Nem,, ,A1
19921021-0,21-OCT-1992,DC-9-32,XA-AMF,Aeroméxico,0,Houston-Inte...,, ,A2
19921021-1,21-OCT-1992,DHC-6 Twin Otter 300,OB-1155,TANS,8,near Lake Caballo...,, ,A1
19921023-1,23-OCT-1992,Embraer R-95 Bandeirante (EMB-110B),2243,Brazilian AF,5,near Recife-Guara...,, ,A1
19921025-0,25-OCT-1992,Swearingen SA226-TC Metro II,5Y-DNT,Eagle Aviation,0,Mogadishu So...,, ,A1
19921027-0,27-OCT-1992,Boeing 767-323ER,N39365,American Airlines,0,São Paulo-Gu...,, ,A2
19921029-1,29-OCT-1992,Antonov An-8,CCCP-69346,"MAP Novosibirsk, op.for Yuri Petrov's Airlines",13,near Chita Airpor...,, ,A1
19921030-0,30-OCT-1992,Morane Saulnier MS.760 Paris I,46,French Navy,0,Istres,, ,A1
19921030-1,30-OCT-1992,Rockwell Sabreliner 75A,N52,FAA,,Oklahoma Cit...,, ,U1
19921101-0,01-NOV-1992,Boeing 747-228F,LX-DCV,Cargolux,0,Luxembourg-F...,, ,A2
19921102-2,02-NOV-1992,Douglas C-47A (DC-3),CP-1960,TASJ,0,near San Juan Ran...,,,A1
19921103-0,03-NOV-1992,DHC-3T Vazar Turbine Otter,N58JH,Ketchikan Air Service,0,Patriot Hill...,, ,A1
19921106-0,06-NOV-1992,Douglas DC-7CF,HI-619SP,Aerochago Airlines,0,"near Dania Beach, FL",,,A1
19921107-0,07-NOV-1992,Rockwell Sabreliner 60,N169RF,private,0,Phoenix-Sky ...,, ,A1
19921107-1,07-NOV-1992,Ilyushin Il-62M,RA-86703,"Aeroflot, Domodedovo",0,Moskva-Domod...,, ,O1
19921111-0,11-NOV-1992,Antonov An-22A,CCCP-09303,Soviet AF,33,near Tver-Migalov...,,,A1
19921111-1,11-NOV-1992,BN-2A-27 Islander,YR-BNS,Aviatia Utilitara,,Tulcea Airpo...,, ,U1
19921112-0,12-NOV-1992,Swearingen SA227-AC Metro III,N3044J,Aerodinos,0,Trinidad Air...,, ,A1
19921112-1,12-NOV-1992,Beech C-12F Huron,85-1261,USAF,8,near Juneau Inter...,, ,A1
19921113-1,13-NOV-1992,Douglas C-47 (DC-3), ,Mexican AF,,,, ,U1
19921114-1,14-NOV-1992,Yakovlev Yak-40,VN-A449,Vietnam Airlines,30,near Son Trung,,,A1
19921115-0,15-NOV-1992,Ilyushin Il-18D,CU-T1270,Aerocaribbean,34,near Puerto Plata...,,,A1
19921120-0,20-NOV-1992,Boeing 737-287C,LV-JNE,Aerolineas Argentinas,0,San Luis Air...,,,A1
19921121-1,21-NOV-1992,Antonov An-24B,RA-46306,Yugavia,0,Krasnodar Ai...,, ,A1
19921124-0,24-NOV-1992,Boeing 737-3Y0,B-2523,China Southern,141,near Guilin Airpo...,,,A1
19921125-0,25-NOV-1992,Boeing 707-321C,5X-DAR,DAS Air Cargo,0,near Kano Interna...,,,A1
19921126-1,26-NOV-1992,Boeing 707-365C,PT-TCP,Aerobrasil,0,Manaus-Eduar...,,,A1
19921201-0,01-DEC-1992,Cessna S550 Citation S/II,PT-LKT,TAM,0,São Paulo-Co...,, ,A1
19921201-1,01-DEC-1992,Canadair CL-44D4-6,N100BB,Tradewinds,0,Aguadilla-Bo...,,,A1
19921201-2,01-DEC-1992,Lockheed C-141B Starlifter,65-0255,USAF,7,"near Harlem, MT",, ,A1
19921201-3,01-DEC-1992,Lockheed C-141B Starlifter,66-0142,USAF,6,"near Harlem, MT",,,A1
19921205-0,05-DEC-1992,Harbin Yunshuji Y-12 II,D-0066,MIAT,,Choibalsan A...,, ,A1
19921205-1,05-DEC-1992,Tupolev Tu-154A,CCCP-85105,Aeroflot / Armenia,0,Yerevan Airp...,,,A1
19921207-0,07-DEC-1992,MD-11,B-150,China Airlines,0,near Kushimoto,, ,A2
19921208-3,08-DEC-1992,DHC-6 Twin Otter 100,PK-YPG,Trigana Air Service,0,Pogapa,,,A1
19921209-0,09-DEC-1992,BN-2B-27 Islander,XA-RML,Aero Sudpacifico,9,near Uruapan Airp...,, ,A1
19921209-1,09-DEC-1992,Douglas DC-8-52F,N810CK,Connie Kalitta,0,"near Denver, CO",, ,A2
19921210-0,10-DEC-1992,Rockwell Sabreliner 75A,AEE-402,Ecuador Army,10+ 3,near Quito-Marisc...,, ,A1
19921210-1,10-DEC-1992,Volpar Turboliner II,N7770B,Connie Kalitta,1,"Elkridge, MD",, ,A1
19921213-0,13-DEC-1992,Fokker F-27 Friendship 400M,9Q-CBH,Scibe Airlift Cargo Zaire,37,near Goma Airport...,,,A1
19921214-0,14-DEC-1992,Dornier 328-110,D-CHIC,Dornier,0,near Memmingen,,,A2
19921215-0,15-DEC-1992,BN-2A-26 Islander,P2-MBE,Milne Bay Air,6,near Alotau,, ,A1
19921215-1,15-DEC-1992,BN-2 Islander,HKG-7,RHKAAF,0,Tolo Harbour,, ,A1
19921215-2,15-DEC-1992,Volpar Turboliner II,N706M,Mohican Air Service,1,"Cleveland, OH",, ,A1
19921216-0,16-DEC-1992,DHC-6 Twin Otter 300,PK-NUH,Merpati Nusantara,0,Wamena Airpo...,, ,A2
19921217-0,17-DEC-1992,DHC-6 Twin Otter 300,PK-NUK,Merpati Nusantara,0,Labuan Bajo-...,, ,A2
19921218-0,18-DEC-1992,Cessna 550 Citation II,N6887Y,U.S. Department of Energy,8,near Billings-Log...,, ,A1
19921218-1,18-DEC-1992,BN-2A-21 Islander,560,Philippine AF,0,near Zamboanga,, ,A1
19921218-2,18-DEC-1992,Dassault Falcon 10,N50TE,"Manchester Group, owb Torrey Leasing Company",0,McCall Airpo...,, ,A2
19921221-0,21-DEC-1992,DC-10-30CF,PH-MBN,Martinair Holland,56,Faro Airport...,,,A1
19921222-0,22-DEC-1992,Boeing 727-2L5,5A-DIA,Libyan Arab Airlines,157,near Tripoli Inte...,,,A1
19921229-0,29-DEC-1992,Antonov An-26,CU-T110,Aerocaribbean,0,Miami Intern...,, ,H2
19921299-0,??-DEC-1992,DHC-4A Caribou,EL-.. ??,Liberian AF,,,, ,O1
19929999-0,??-???-1992,DHC-6 Twin Otter 200,T-83,LADE,0,Sierra Grand...,, ,A1
19929999-1,??-???-1992,Dornier 228-100,5N-AOR,Okada Air,,,, ,A1

19920612-0,12-JUN-1992,Learjet 25B,N38DJ,Jet Charter Group,2,Sheboygan Fa...,,,A1
19920616-0,16-JUN-1992,Beech 200 Super King Air,N32HG,Omega Air Inc,4,Wilmington A...,, ,A1
19920621-0,21-JUN-1992,Antonov An-2R,CCCP-32544,Aeroflot / Kazakstan,,Poltavskiy,, ,A1
19920622-0,22-JUN-1992,Grumman G-159 Gulfstream I,I-MDDD,TAS Airways,0,Pantelleria ...,,,A1
19920622-1,22-JUN-1992,Antonov An-12A,CCCP-11896,Krasnoyarskie Avialinii,10,Noril'sk Air...,, ,A1
19920622-2,22-JUN-1992,Boeing 737-2A1C,PP-SND,VASP,3,near Cruzeiro do ...,,,A1
19920624-0,24-JUN-1992,Boeing 767-330ER,D-ABUZ,Condor Flugdienst,0,Cerro Copey,, ,A2
19920625-2,25-JUN-1992,CASA/Nurtanio NC-212 Aviocar,PK-VSM,Dirgantara Air Services,3,near Batu Island,, ,A1
19920699-0,??-JUN-1992,Tupolev Tu-154B-1,CCCP-85282,Aeroflot / Uralsk,0,Bratsk Airpo...,, ,O1
19920699-1,??-JUN-1992,Tupolev Tu-154B-1,CCCP-85234,Aeroflot / Privolzhsk,0,Bratsk Airpo...,, ,O1
19920701-0,01-JUL-1992,Saab 340A,VH-EKT,Kendell Airlines,0,Devonport Ai...,, ,A2
19920703-0,03-JUL-1992,Antonov An-2R,CCCP-40237,private,,Sosnovyy,, ,A1
19920704-0,04-JUL-1992,Boeing 727-277,VH-ANA,Ansett Australia,0,Brisbane Int...,, ,A2
19920705-1,05-JUL-1992,Shaanxi Yunshuji Y-8D,CR872,Sri Lanka AF,19,near Iyakachchi,, ,C1
19920705-2,05-JUL-1992,DHC-6 Twin Otter 300,9N-ABB,Royal Nepal Airlines,0,Jumla Airpor...,, ,A2
19920706-0,06-JUL-1992,GAF Nomad N.22B,I-JALA,Alimediterranea,0,Reggio Calab...,, ,O1
19920708-0,08-JUL-1992,Antonov An-2R,CCCP-07816,Aeroflot / Central Region,,Ukrainsky,, ,A1
19920709-0,09-JUL-1992,Cessna 650 Citation III,E-302,Chilean Army,3,near Concepción-C...,, ,A1
19920709-1,09-JUL-1992,Dornier Do 28D-2 Skyservant,58+58,German AF,2,Büchel,, ,A1
19920710-0,10-JUL-1992,Shorts 330-100,G-OGIL,Gill Air,0,Newcastle Ai...,,,A1
19920713-1,13-JUL-1992,Shorts SC.7 Skyvan 3A-200,N20086,Arctic Circle Air Service,1,Bethel Airpo...,,,A1
19920714-0,14-JUL-1992,Antonov An-12, ,Russian AF,29,Nakhichevan ...,, ,A1
19920714-1,14-JUL-1992,Antonov An-12B,CCCP-11111,Magadanaerogruz,0,near Irkutsk,, ,A1
19920714-2,14-JUL-1992,Antonov An-12, ,Yemen AF,58,near Sana'a,, ,A1
19920716-1,16-JUL-1992,Shorts JC-23A Sherpa (330),84-0466,USAF,3,"near Colquitt, LA",, ,A1
19920720-1,20-JUL-1992,Tupolev Tu-154B,85222,Tbilisi Aviation Enterprise,24+ 4,Tbilisi-Novo...,, ,A1
19920721-0,21-JUL-1992,Douglas C-47A (DC-3),LX-DKT,Legend Air,0,Oostende Air...,,,O1
19920722-0,22-JUL-1992,DHC-3 Otter,N41755,Woods Air Service,0,"near McGrath, AK",, ,A2
19920724-1,24-JUL-1992,Antonov An-12BK,CCCP-11342,Volga-Dnepr,8,near Skopje Airpo...,, ,A1
19920724-2,24-JUL-1992,Vickers 816 Viscount,PK-RVU,Mandala Airlines,70,near Ambon-Pattim...,,,A1
19920725-0,25-JUL-1992,Lockheed C-130H Hercules, ,Sudan AF,,near Juba,, ,A1
19920725-1,25-JUL-1992,Learjet 24XR,ZS-MGJ,Bonanza Hire,0,Lanseria Air...,, ,A2
19920727-0,27-JUL-1992,Vickers 798D Viscount,XA-SCM,Aero Eslava,4,near Mexico City-...,,,A1
19920728-0,28-JUL-1992,Antonov An-24B,LZ-ANN,Balkan Bulgarian,0,Sofia Airpor...,, ,O1
19920728-1,28-JUL-1992,Learjet 25C,PT-LHU,Crasa Taxi Aéreo,6,"Icapara, Igu...",, ,A1
19920730-0,30-JUL-1992,Lockheed L-1011 TriStar 1,N11002,TWA,0,New York-Joh...,,,A1
19920730-1,30-JUL-1992,Fokker F-28 Fellowship 1000,C-GTUU,Time Air,0,Calgary Inte...,, ,A2
19920731-0,31-JUL-1992,Airbus A310-304,HS-TID,Thai Airways International,113,near Kathmandu-Tr...,,,A1
19920731-1,31-JUL-1992,Yakovlev Yak-42D,B-2755,China General Avn,107,Nanking Airp...,, ,A1
19920799-0,??-JUL-1992,Lockheed KC-130F Hercules,150684,USMC,0,Biloxi-Keesl...,, ,A1
19920801-0,01-AUG-1992,Tupolev Tu-154M,YA-TAP,Ariana Afghan Airlines,0,Kabul Airpor...,,,C1
19920801-2,01-AUG-1992,Yakovlev Yak-40,YA-KAB,Ariana Afghan Airlines,,Kabul Airpor...,, ,C1
19920802-0,02-AUG-1992,Cessna 500 Citation I,N769K,private,0,"Rensselaer, IN",, ,A1
19920804-0,04-AUG-1992,CASA C-212-M Aviocar 200,T-406,Angolan AF,,,, ,U1
19920813-0,13-AUG-1992,Yakovlev Yak-42, ,Lvovskie avialinii,0,Lviv-Snilow ...,, ,H2
19920821-0,21-AUG-1992,DHC-3 Otter,C-FBSF,Air Saguenay,0,near Scheffervill...,, ,A2
19920821-3,21-AUG-1992,Convair CV-440-80,CP-1961,SASA,10,Mt Chacaltaya,, ,A1
19920823-0,23-AUG-1992,Tupolev Tu-154M,CCCP-85670,Aeroflot,0,Zürich-Klote...,, ,A2
19920823-1,23-AUG-1992,BAC One-Eleven 204AF,5N-KBA,Kabo Air,0,Sokoto,,,A1
19920824-0,24-AUG-1992,CASA C-212-M Aviocar 200,T-405,Angolan AF,,,, ,U1
19920824-1,24-AUG-1992,Learjet 24,N881FC,International Flight Charter,0,Kendall-Tami...,, ,O1
19920824-10,24-AUG-1992,Curtiss C-46D,N625CL,International Flight Center,0,Kendall-Tami...,,,O1
19920824-11,24-AUG-1992,Douglas DC-6B,N1125J,private,0,Kendall-Tami...,,,O1
19920824-2,24-AUG-1992,Lockheed C-130B Hercules,58-0740,Inter-American AF Academy,0,Homestead AF...,, ,O1
19920824-3,24-AUG-1992,Curtiss C-46F,N67977,Mayo Aviation,0,Kendall-Tami...,,,O1
19920824-4,24-AUG-1992,Douglas C-54D (DC-4),N62433,private,0,Miami Intern...,,,O1
19920824-6,24-AUG-1992,Fairchild F-27,N273RD,Airlift Int.,0,Miami Intern...,,,O1
19920824-8,24-AUG-1992,Ford 4-AT-B Tri-Motor,N7584,private,0,Homestead AF...,,,O1
19920824-9,24-AUG-1992,Fairchild F-27M,N276RD,Airlift Int.,0,Miami Intern...,,,O1
19920825-0,25-AUG-1992,Swearingen SA227-AC Metro III,N342AE,Lone Star Airlines,3,near Hot Springs-...,,,A1
19920827-0,27-AUG-1992,DHC-6 Twin Otter 300,OB-1153,TANS,8,near San Antonio ...,, ,A1
19920827-1,27-AUG-1992,DHC-4T Caribou,N400NC,NewCal Aviation,3,Gimli Airpor...,, ,A1
19920827-2,27-AUG-1992,Beech B200C Super King Air,VT-EOA,Border Security Force,1,Delhi-Indira...,, ,A1
19920827-3,27-AUG-1992,Tupolev Tu-134A,CCCP-65058,Aeroflot / Central Region,84,near Ivanovo Airp...,, ,A1
19920827-4,27-AUG-1992,Lockheed C-130F Hercules,149794,US Navy,0,Guam-Agana N...,,,O1
19920827-5,27-AUG-1992,Fairchild C-123K Provider,FAES121,Salvadorian AF,12,near Metapán,, ,A1
19920828-0,28-AUG-1992,Boeing 727-260, ,Ethiopian Airlines,0,Roma-Ciampin...,, ,H2
19920828-1,28-AUG-1992,Antonov An-26,YA-BAN,Ariana Afghan Airlines,,Kabul Airpor...,, ,O1
19920828-2,28-AUG-1992,Vickers 843 Viscount,PK-IVX,Bouraq Indonesia,0,Banjarmasin-...,, ,A1
19920828-3,28-AUG-1992,Shorts 330-200,N74NF,Freedom Air,0,within Guam,, ,O1
19920828-4,28-AUG-1992,Ilyushin Il-76MD,CCCP-78780,Soviet AF,0,Kabul Airpor...,, ,O1
19920829-0,29-AUG-1992,BAC One-Eleven 208AL,5N-HTA,Hold Trade Air,0,Kaduna Airpo...,,,A1
19920829-1,29-AUG-1992,Tupolev Tu-134A-3,CCCP-65810,Aeroflot / Georgia,0,Kharkov Airp...,, ,A1
19920831-0,31-AUG-1992,AMI DC-3-65TP,ZS-DHX,Professional Aviation Services,3,Jamba Airpor...,, ,A1
19920899-0,??-AUG-1992,Lockheed L-188C Electra,9Q-CRY,New Air Charter Service,0,,,,U1
19920902-1,02-SEP-1992,Fokker 50,9M-MGG,Malaysia Airlines,0,Sibu Airport...,, ,A2
19920903-0,03-SEP-1992,Alenia G-222TCM,MM62113,Italian AF,4,near Sarajevo,, ,C1
19920904-0,04-SEP-1992,Boeing 727-260, ,Ethiopian Airlines,0,Djibouti Air...,, ,H2
19920904-1,04-SEP-1992,Airbus A310-300,LZ-...,Vietnam Airlines,0,Ho Chi Minh ...,, ,H2
19920905-0,05-SEP-1992,Tupolev Tu-154B-1,CCCP-85269,Air Ukraine,0,Kiev-Borispo...,,,A1
19920910-0,10-SEP-1992,Fokker F-27 Friendship 500,OB-1443,Expresso Aéreo,1,Bellavista A...,,,A1
19920910-1,10-SEP-1992,Canadair CL-215,1075,Hellenic AF,0,near Kechries,, ,A1
19920914-1,14-SEP-1992,Yakovlev Yak-40,CCCP-87411,Yakutavia,0,Neryungri Ai...,, ,A1
19920918-0,18-SEP-1992,Douglas C-118A (DC-6),YV-502C,AeroEjecutivos,3,near Curaçao [Car...,,,A1
19920918-1,18-SEP-1992,Swearingen SA227-AC Metro III,N2183A,Fairchild,0,San Antonio ...,,,A1
19920918-2,18-SEP-1992,Antonov An-2R,CCCP-40670,Far East Avia,0,near Ekimchan,, ,A1
19920919-1,19-SEP-1992,Curtiss C-46F,HK-3468,AVESCA,11,near Villavicenci...,,,A1
19920921-0,21-SEP-1992,IAI 1124 Westwind,SE-DLK,Air Sweden,0,Umeå Airport...,,,A1
19920921-1,21-SEP-1992,Antonov An-2PF,CCCP-32596,Aeroflot / East Siberia,,near Kalga Airstrip,, ,A1
19920924-0,24-SEP-1992,DHC-6 Twin Otter 200,T-84,LADE,0,Base Bernard...,, ,O1
19920926-0,26-SEP-1992,Harbin Yunshuji Y-12 II,9N-ACI,Nepal Airways,0,Lukla Airpor...,, ,A1
19920926-1,26-SEP-1992,Lockheed C-130H Hercules,NAF911,Nigerian AF,159,near Lagos-Murtal...,,,A1
19920928-0,28-SEP-1992,Airbus A300B4-203,AP-BCP,PIA,167,near Kathmandu-Tr...,,,A1
19921001-0,01-OCT-1992,Douglas DC-7B,N848D,TBM,2,near Union Valley...,,,A1
19921004-2,04-OCT-1992,Boeing 747-258F,4X-AXG,El Al,4+ 39,"Bijlmermeer,...",,,A1
19921006-0,06-OCT-1992,BAe 3201 Jetstream 32,G-SUPR,British Aerospace,2,Glasgow-Pres...,,,A1
19921007-0,07-OCT-1992,Lockheed C-130E Hercules,63-7881,Air National Guard,6,near Berkeley Spr...,, ,A1
19921007-1,07-OCT-1992,DHC-6 Twin Otter 300,PK-NUO,Merpati Nusantara,0,Ruteng-Satar...,, ,A2
19921008-0,08-OCT-1992,Avia 14,B-4211,Wuhan Airlines,14,near Dingxi,, ,A1
19921009-0,09-OCT-1992,Antonov An-32,CCCP-48088,African Airlines Int.,1,Mogadishu Ai...,,,A1

19920103-0,03-JAN-1992,Beech 1900C-1,N55000,"USAir Express, opb CommutAir",2,near Saranac Lake...,, ,A1
19920103-1,03-JAN-1992,Antonov An-28,CCCP-28706,Aeroflot / Tajikistan,0,Lyakhsh,, ,A1
19920108-0,08-JAN-1992,Alenia G-222TCM,MM62116,Italian AF,4,near Prato,, ,A1
19920110-0,10-JAN-1992,Boeing 737-2Y5,4R-ULL,Air Lanka,0,Madras Airpo...,, ,A2
19920111-0,11-JAN-1992,BN-2A-26 Islander,P2-DWA,Heli Niugini,,Komo Airport...,, ,A2
19920111-1,11-JAN-1992,Beech C-12F Huron,85-1269,USAF,0,Corumbá Inte...,,,A1
19920116-0,16-JAN-1992,Boeing 767-38E,HL7264,Asiana Airlines,0,Cheju Airpor...,, ,A2
19920118-0,18-JAN-1992,DC-9-31,N964VJ,USAir,0,Elmira Regio...,,,A1
19920120-0,20-JAN-1992,Airbus A320-111,F-GGED,Air Inter,87,near Strasbourg-E...,,,A1
19920120-1,20-JAN-1992,DHC-6 Twin Otter 200,C-FHNM,Air Satellite,0,Poste Montag...,, ,A1
19920121-0,21-JAN-1992,Douglas VC-47A (DC-3),L2-41/18/210,Thai AF,0,Bangkok Inte...,, ,A1
19920123-0,23-JAN-1992,Beech B99,N42AK,Nature Island Express,2,near Dominica-Can...,, ,A1
19920123-1,23-JAN-1992,Grumman HU-16B Albatross,51-7202,Hellenic AF,3,near Elefsis Air ...,, ,A1
19920124-0,24-JAN-1992,Tupolev Tu-134A,CCCP-65053,Aeroflot / Georgia,0,Batumi-Choro...,, ,A1
19920124-1,24-JAN-1992,Lockheed HC-130H7 Hercules,1706,US Coast Guard,0,near Dutch Harbor...,, ,A2
19920124-2,24-JAN-1992,Saab 340A,HB-AHO,Crossair,0,Friedrichsha...,, ,A2
19920126-1,26-JAN-1992,Antonov An-2R,-,Croatia AF,5,near Sinj,, ,A1
19920131-0,31-JAN-1992,Cessna 208B Grand Caravan,HP-1191XI,Aero Taxi Internacional,0,near Turbo,, ,H1
19920203-0,03-FEB-1992,Lockheed L-1049H Super Constellatio,HI-542CT,AMSA,0,Aguadilla-Bo...,,,O1
19920203-1,03-FEB-1992,Embraer EMB-110C Bandeirante,PT-TBB,Nordeste Linhas Aéreas,12,"Caetité, BA",,,A1
19920203-2,03-FEB-1992,Douglas C-54Q (DC-4),N74AF,West Indies Air Transport,0,Aguadilla-Bo...,,,A1
19920205-0,05-FEB-1992,DHC-6 Twin Otter 300, ,Ethiopian Airlines,0,Djibouti Air...,, ,H2
19920206-0,06-FEB-1992,Lockheed C-130B Hercules,58-0732,USAF,5+ 12,near Evansville-D...,, ,A1
19920208-0,08-FEB-1992,Lockheed P-2H Neptune,N70600,Hawkins & Powers,2,"Dixon, WY",, ,A1
19920209-0,09-FEB-1992,Antonov An-24B,CCCP-46816,Aeroflot / Kazakstan,0,near Guryev Airpo...,, ,A1
19920209-4,09-FEB-1992,Convair CV-640,N862FW,Gambcrest,30,near Diouloulou,,,A1
19920210-0,10-FEB-1992,Morane Saulnier MS.760 Paris I,70,French AF,,,, ,U1
19920211-0,11-FEB-1992,Boeing 727-2H3,TS-JHV,Tunis Air,0,Tunis-Cartha...,,,O1
19920215-0,15-FEB-1992,Douglas DC-8-54F,9G-MKB,MK Air Cargo,0,near Kano Interna...,,,A1
19920215-1,15-FEB-1992,DC-8-63F,N794AL,ATI,4,near Toledo-Expre...,,,A1
19920215-2,15-FEB-1992,Cessna 208 Caravan I,FAB-221,Bolivian AF,0,Mallcu,, ,U1
19920217-0,17-FEB-1992,Douglas DC-6A/B,N72522,Unknown,4,near Tlahualilo d...,,,A1
19920218-0,18-FEB-1992,Antonov An-2P,SP-FAW,private,,Bangui Airpo...,, ,O1
19920220-0,20-FEB-1992,Boeing 707-349C,D2-TOJ,TAAG,0,Luanda-4 de ...,,,A1
19920222-0,22-FEB-1992,Antonov An-24RV,OB-1439,Trans Amazon,0,Arequipa-Rod...,,,A1
19920222-1,22-FEB-1992,BAe-125-700B,5H-SMZ,Government of Tanzania,0,Mbeya Airpor...,, ,A2
19920224-0,24-FEB-1992,DHC-6 Twin Otter 300,N723CA,MarkAir Express,0,Anchorage In...,, ,A2
19920225-0,25-FEB-1992,CASA CN-235M-100,E-217,Chilean Army,0,Teniente R. ...,, ,A1
19920226-0,26-FEB-1992,Dornier 228-201,5N-ARI,AIEP,0,Eket airstrip,,,A1
19920227-0,27-FEB-1992,Antonov An-26SM,52+10,German AF,0,Friedrichsha...,, ,A1
19920229-0,29-FEB-1992,Douglas DC-3A,CP-529,Frigorifico Santa Rita,0,Carolita Ranch,, ,A1
19920299-0,??-FEB-1992,Douglas DC-3C,5Y-BBN,Air Kenya,0,Maasai Mara ...,,,A1
19920302-0,02-MAR-1992,Curtiss C-46T,CP-754,Frigorifico Santa Rita,5,Estancia El ...,, ,A1
19920303-1,03-MAR-1992,Douglas DC-6BF,N151,Everts Air Fuel,0,Selawik Airp...,,,A1
19920306-0,06-MAR-1992,NAMC YS-11A-205,N918AX,Airborne Express,0,Wilmington-A...,,,A1
19920309-0,09-MAR-1992,Lockheed L-1011-385-3 TriStar 500,9Y-TGJ,BWIA,0,near KIRN VOR,, ,A2
19920312-1,12-MAR-1992,DHC-6 Twin Otter 300,TN-ACX,Lina Congo,3,near Etsouali,,,A1
19920312-2,12-MAR-1992,BAe 3101 Jetstream 31,N165PC,"USAir Express, opb CCAir",2,near Knoxville-Mc...,, ,A1
19920313-0,13-MAR-1992,Fairchild FH-227C,XA-RSV,Aerocaribe,0,Acapulco-Alv...,,,A1
19920313-1,13-MAR-1992,Let L-410UVP-E,OK-PDI,Slov-Air,0,Zilina Airpo...,,,A1
19920319-0,19-MAR-1992,DHC-6 Twin Otter 300,C-GQKZ,NorOntair,0,Red Lake Air...,, ,A2
19920319-1,19-MAR-1992,Antonov An-2R,SP-WPR,ZUA,,Marzeno,, ,A1
19920321-0,21-MAR-1992,Concorde 102,G-BOAB,British Airways,0,North Atlantic,, ,A2
19920321-1,21-MAR-1992,Cessna 550 Citation II,HB-VIT,private,0,Lugano Airpo...,, ,A2
19920321-2,21-MAR-1992,IAI 1124 Westwind I,VH-LLY,Australian Coast Guard,0,Darwin Airpo...,, ,A2
19920322-0,22-MAR-1992,Antonov An-30A,CCCP-30002,Myachkovo Avia,10,near Nizhneyansk,, ,A1
19920322-1,22-MAR-1992,Fokker F-28 Fellowship 4000,N485US,USAir,27,New York-La ...,,,A1
19920324-0,24-MAR-1992,Boeing 707-321C,ST-ALX,Golden Star Air Cargo,7,near Athens-Ellin...,,,A1
19920325-0,25-MAR-1992,Antonov An-32,K2761,Indian AF,,Valley,, ,U1
19920326-0,26-MAR-1992,Dassault Falcon 10,F-GJHK,Unknown,,Brest,,,U1
19920326-1,26-MAR-1992,Douglas DC-9-15,HK-2864X,Intercontinental de Aviación,0,Tumaco-La Fl...,,,A1
19920327-1,27-MAR-1992,Yakovlev Yak-40, ,Aeroflot,0,Stepanakert,, ,C2
19920328-1,28-MAR-1992,Douglas DC-8-33AF,OB-1456,Export Air,0,Iquitos Airp...,,,A1
19920330-0,30-MAR-1992,Antonov An-26,CCCP-26154,Soviet AF,0,Swarupnagar,, ,A1
19920330-1,30-MAR-1992,DC-9-32,EC-BYH,Aviaco,0,Granada Airp...,,,A1
19920330-2,30-MAR-1992,Antonov An-2,CCCP-55607,Magadan Avia,1,near Magadan,, ,A1
19920331-0,31-MAR-1992,Boeing 707-321C,5N-MAS,Trans-Air Service,0,Istres,,,A1
19920331-1,31-MAR-1992,Kawasaki P-3C-II.5 Orion,5032,Japanese Navy,0,Iwo Jima Air...,, ,A1
19920401-0,01-APR-1992,Boeing 727-260, ,Ethiopian Airlines,0,Aden Interna...,, ,H2
19920401-1,01-APR-1992,Antonov An-32,K2669,Indian AF,4,"near Boothgarh, L...",, ,A1
19920401-2,01-APR-1992,Antonov An-32,K3055,Indian AF,4,"near Boothgarh, L...",, ,A1
19920404-0,04-APR-1992,Let L-410UVP,CCCP-67130,Kamchatavia,1,near Baykovo,, ,A1
19920407-0,07-APR-1992,Antonov An-24RV,J5-GBE,Air Bissau,3,near Sarra,,,A1
19920410-0,10-APR-1992,BN-2A-26 Islander,B-11116,Taiwan Airlines,7,near Orchid Islan...,,,A1
19920412-0,12-APR-1992,Boeing 727-260, ,Ethiopian Airlines,0,Nairobi-Jomo...,, ,H2
19920414-0,14-APR-1992,Embraer EMB-110P1 Bandeirante,P2-RDS,Talair,11,Goroka Gap,, ,A1
19920414-1,14-APR-1992,Antonov An-2P,CCCP-35546,Tyumenaviatrans,,Kyshik,, ,A1
19920416-0,16-APR-1992,DHC-5D Buffalo,214,Kenyan AF,46+ 6,near Nairobi-Moi ...,, ,A1
19920422-1,22-APR-1992,DHC-6 Twin Otter 200,N141PV,Perris Valley Aviation,16,Perris Valle...,, ,A1
19920423-0,23-APR-1992,DC-8-55F,N29549,Kalitta American International Airways,0,Detroit-Will...,, ,A2
19920425-0,25-APR-1992,Boeing 707-324C,HK-3604X,TAMPA Colombia,0,Miami Intern...,, ,A2
19920426-0,26-APR-1992,Fokker F-27 Friendship 400M,5-8815,"Saha Air, lsf Iran AF",39,near Saveh,, ,A1
19920427-0,27-APR-1992,Cessna 501 Citation I/SP,I-CIGB,Tradexim SRL,0,Lugano Airpo...,, ,A2
19920428-0,28-APR-1992,Lockheed C-130E Hercules,64-0501,USAF,9,Blewett Fall...,, ,A1
19920429-0,29-APR-1992,Boeing 707-351C,9G-RBO,GAS Air Nigeria,0,Ilorin Airpo...,,,A1
19920502-0,02-MAY-1992,Learjet 35A,PT-OEF,Transamérica Táxi Aéreo,2,Cumuatillo A...,,,A1
19920506-0,06-MAY-1992,Antonov An-2V,CCCP-50585,Krasnoyarsk Avia,,near Taymyr Lake,, ,A1
19920509-0,09-MAY-1992,Yakovlev Yak-40,CCCP-87532,Ararat Avia,0,Sisian Airport,, ,C1
19920511-0,11-MAY-1992,Convair CV-580,N73107,"RG Aviation, op.for Laredo Air",0,Opa-locka Ai...,,,A1
19920513-1,13-MAY-1992,Yakovlev Yak-40,EZ-88235,Lebap Aircompany,0,Chardzhou Ai...,, ,A1
19920516-0,16-MAY-1992,DHC-6 Twin Otter 300,HK-2760,Aerotaca,3,rural airstr...,, ,H2
19920523-0,23-MAY-1992,DHC-6 Twin Otter 310,9M-MDL,Malaysia Airlines,0,Sibu Airport...,, ,A2
19920529-0,29-MAY-1992,Tupolev Tu-154M,YA-TAP,Ariana Afghan Airlines,0,Kabul,, ,C2
19920529-1,29-MAY-1992,Boeing EC-135J,62-3584,USAF,0,Fayetteville...,, ,A1
19920605-0,05-JUN-1992,Tupolev Tu-154B,LZ-BTD,Balkan Bulgarian,0,Varna Airpor...,,,A1
19920606-0,06-JUN-1992,Boeing 737-204,HP-1205CMP,COPA Panama,47,near Tucutí,,,A1
19920607-0,07-JUN-1992,CASA C-212 Aviocar 200,N355CA,"American Eagle, opb Executive Airlines",5,near Mayaguez-Eug...,, ,A1
19920607-1,07-JUN-1992,Tupolev Tu-154, ,Aeroflot,1,Moscow-Vnuko...,, ,H2
19920608-0,08-JUN-1992,Beech C99,N118GP,GP Express,3,near Anniston-Cou...,, ,A1
19920610-1,10-JUN-1992,Antonov An-32B,CCCP-48058,"Aero Pulse, opf UN WFP",0,Marromeu Air...,,,A1
