identifiant,date,type,registration,operator,fat.,location, ,pic,cat

20090102-0,02-JAN-2009,Antonov An-12BP,S9-SAM,British Gulf International Airlines,0,Sharjah Airp...,, ,A1
20090103-0,03-JAN-2009,Learjet 45XR,N279AJ,Aero Jet Services,0,Telluride Re...,,,A1
20090104-0,04-JAN-2009,Cessna 650 Citation VII,XA-PYN,Aero Cabo,0,Vancouver In...,, ,A2
20090104-1,04-JAN-2009,Cessna 550 Citation II,N815MA,"	JODA, op.for Caribair",0,Wilmington-N...,,,A1
20090104-2,04-JAN-2009,Basler Turbo 67 (DC-3T),C-GEAJ,ALCI Aviation,0,Tony Camp,, ,A2
20090109-0,09-JAN-2009,Cessna 208 Caravan I,EP-858,Peruvian Army,0,near Intuto,, ,A1
20090111-0,11-JAN-2009,Xian MA60,RP-C8893,Zest Airways,0,Caticlan-Mal...,,,A1
20090113-0,13-JAN-2009,Antonov An-24RV,S9-KAS, Daallo Airlines,0,Bosaso-Bende...,, ,A1
20090115-0,15-JAN-2009,Airbus A320-214,N106US,US Airways,0,"near Weehawken, N...",,,A1
20090115-1,15-JAN-2009,Ilyushin Il-76MD,RA-76825,Russian Ministry of Interior,4,Makhachkala ...,,,A1
20090115-2,15-JAN-2009,Ilyushin Il-76MD,RA-76827,Russian Ministry of Interior,0,Makhachkala ...,, ,A2
20090115-3,15-JAN-2009,Learjet 35A,C-GRFO,Skyservice Business Aviation,0,Casablanca-M...,, ,A2
20090116-0,16-JAN-2009,IAI 1126 Galaxy,YR-TIG,Ion Tiriac Air,0,Oradea Airpo...,,,A1
20090116-1,16-JAN-2009,Beech 100 King Air,C-GNAA,SkyNorth Air,0,"Island Lake,...",, ,A1
20090119-0,19-JAN-2009,Fokker 100,EP-CFN," Chabahar Airlines, op.for Iran Air",0,Tehran-Mehra...,, ,A1
20090120-0,20-JAN-2009,Bombardier Global 5000,C-GERS,Bombardier,0,Wichita-Mid-...,, ,A2
20090127-0,27-JAN-2009,ATR 42-320,N902FX,"FedEx, op.for Empire Airlines",0,Lubbock Pres...,,,A1
20090127-1,27-JAN-2009,Cessna 560 Citation V,OE-GAA,Tyrol Air Ambulance,0,Novosibirsk-...,, ,A2
20090130-0,30-JAN-2009,C-17A Globemaster III,96-0002,USAF,0,Bagram Air B...,,,A2
20090201-0,01-FEB-2009,Airbus A320-232, ,IndiGo Airlines,0,Delhi-Indira...,, ,H2
20090204-0,04-FEB-2009,AMI DC-3-65TP,N834TP,National Test Pilot School,0,Mojave-Kern ...,,,A1
20090204-1,04-FEB-2009,DHC-6 Twin Otter 100,C-FCCE,Transwest Air,0,La Ronge Air...,,,A1
20090205-0,05-FEB-2009,Learjet 35A,XB-RYT,Rajet Aeroservicios,0,Ciudad Victo...,, ,A2
20090206-0,06-FEB-2009,Bombardier Global Express,N906JW,JW Asset Management,0,St. Moritz-S...,, ,A2
20090207-0,07-FEB-2009,Cessna 650 Citation III,I-FEEV,Air One Executive,2,Trigoria,, ,A1
20090207-1,07-FEB-2009,Embraer EMB-110P1 Bandeirante,PT-SEA,Manaus Aerotáxi,24,near Santo Antóni...,, ,A1
20090209-0,09-FEB-2009,Airbus A321-211,F-GYAJ,Air Méditerranée,0,Paris-Charle...,, ,A2
20090211-0,11-FEB-2009,Cessna 208B Grand Caravan,5Y-BUQ,Airworks,0,Boma Airstrip,, ,A1
20090211-1,11-FEB-2009,Antonov An-2,10 yellow,Russian AF,0,near Pskov Airpor...,, ,A1
20090211-2,11-FEB-2009,Beech 200 Super King Air,TC-AUY,Anadolu University Civil Aviation School,0,Eskisehir-An...,, ,A1
20090212-0,12-FEB-2009,DHC-8-402Q Dash 8,N200WQ,"Colgan Air, opf Continental Connection",49+ 1,near Buffalo Niag...,,,A1
20090212-1,12-FEB-2009,Dassault Falcon 100,VP-BAF,Laret Aviation,2,St. Moritz-S...,, ,A1
20090212-2,12-FEB-2009,BAe 3102 Jetstream 31,SX-SKY,Sky Express,0,Heraklion-N....,,,A1
20090213-0,13-FEB-2009,Avro RJ100,G-BXAR,BA CityFlyer,0,London City ...,,,A1
20090214-0,14-FEB-2009,CASA C-212 Aviocar 200,N440RA,Arctic Transportation Services,0,near Kotzebue-Ral...,,,A2
20090215-0,15-FEB-2009,HESA IrAn-140-100,HESA90-04,HESA,5,near Isfahan/Shah...,, ,A1
20090215-1,15-FEB-2009,Cessna 208B Grand Caravan,YV1950,Rutaca,0,Guasdualito-...,, ,A1
20090218-0,18-FEB-2009,Basler Turbo 67 (DC-3T),FAC-1670,Colombian AF,5,near Palanquero-G...,, ,A1
20090218-1,18-FEB-2009,Basler Turbo 67 (DC-3T),PNC-0211,Colombian Police,0,Medellín-Enr...,,,O1
20090220-0,20-FEB-2009,Antonov An-12B,S9-SVN,Aerolift,5,Luxor Airpor...,, ,A1
20090222-0,22-FEB-2009,Antonov An-2SX,EX-68039,Golden Rule Airlines,0,near Bishkek Dist...,, ,A1
20090224-0,24-FEB-2009,Lockheed C-130H Hercules,SU-BAC/1272,Egyptian AF,0,unknown,, ,A1
20090225-0,25-FEB-2009,Boeing 737-8F2,TC-JGE,THY,9,near Amsterdam-Sc...,,,A1
20090228-0,28-FEB-2009,Saab 2000,YR-SBI,Carpatair,0,Timisoara Ai...,,,A2
20090301-0,01-MAR-2009,Beech 100 King Air,YV2129,Command Air,6,"near San Miguel, ...",, ,A1
20090303-0,03-MAR-2009,Swearingen SA226-TC Metro II,C-FSLZ,Perimeter Airlines,0,Winnipeg-Jam...,, ,A2
20090304-0,04-MAR-2009,Cessna 208 Caravan I,5X-ASI,Air Serv Limited,0,Maridi Airport,, ,A2
20090306-0,06-MAR-2009,National Aerospace Laboratories (NA,VT-XRM,National Aerospace Laboratories,3,near Bidadi,, ,A1
20090306-1,06-MAR-2009,GAF Nomad N.22B,L9-5/25,Thai AF,1,Lop Buri Air...,, ,A1
20090309-0,09-MAR-2009,Ilyushin Il-76T,S9-SAB,Aerolift,11,near Entebbe Airp...,,,A1
20090309-1,09-MAR-2009,MD-90-30,PK-LIL,Lion Air,0,Jakarta-Soek...,,,A1
20090313-0,13-MAR-2009,Boeing E-8C (707),93-0597,USAF,0,near Qatar,, ,A1
20090319-0,19-MAR-2009,Beech 200 Super King Air,AEE-101,Ecuador Army,5+ 2,near Quito-Marisc...,, ,A1
20090320-0,20-MAR-2009,Airbus A340-541,A6-ERG,Emirates,0,Melbourne-Tu...,, ,A2
20090323-0,23-MAR-2009,MD-11F,N526FE,FedEx,2,Tokyo-Narita...,,,A1
20090326-0,26-MAR-2009,Tupolev Tu-134AK,RA-65981,Russian AF,0,Dolinsk-Soko...,, ,A1
20090331-0,31-MAR-2009,PZL-Mielec M28TD Bryza 2RF,1007,Polish Navy,4,Gdynia-Babie...,,,A1
20090402-0,02-APR-2009,BN-2A Islander,RP-C764,Chemtrad Aviation,7,Barangay San...,, ,A1
20090406-0,06-APR-2009,Fokker F-27 Friendship 400M,A-2703,Indonesian AF,24,Bandung-Huse...,, ,A1
20090409-0,09-APR-2009,BAe-146-300,PK-BRD,Aviastar Mandiri,6,near Wamena (WMX),,,A1
20090411-0,11-APR-2009,Cessna 208B Grand Caravan,RDPL-34144,Lao Air,0,Thulakhôm di...,, ,A2
20090417-0,17-APR-2009,Cessna 208B Grand Caravan,YV1181,Línea Turística Aereotuy - LTA,1,Canaima Airp...,, ,A1
20090419-0,19-APR-2009,Boeing 737-8AS,C-FTCZ,CanJet Airlines,0,Montego Bay-...,, ,H2
20090420-0,20-APR-2009,Boeing 767-36NER,CN-RNT,RAM,0,New York-Joh...,,,A2
20090421-0,21-APR-2009,Bombardier DHC-8-402Q Dash 8,C-GLQD,Porter Airlines,0,Ottawa/Macdo...,, ,A2
20090422-0,22-APR-2009,Rockwell Sabreliner 60,N103TA,Private,0,Banjul-Yundu...,, ,A1
20090425-0,25-APR-2009,Lockheed SP-2H Neptune,N442NA,Neptune Aviation Services,3,"near Stockton, UT",,,A1
20090426-0,26-APR-2009,Douglas DC-3C,N136FS,Four Star Air Cargo,0,San Juan-Lui...,,,A1
20090427-0,27-APR-2009,Boeing 737-2K9,XA-MAF,Magnicharters,0,Guadalajara-...,,,A1
20090429-0,29-APR-2009,Boeing 737-275,TL-ADM,Bako Air,7,"Massamba, Ba...",,,A1
20090430-0,30-APR-2009,Antonov An-2,RF-00842,Yakutsk ASK ROSTO,3,Oi (Nemyugyu...,, ,A1
20090504-0,04-MAY-2009,Airbus A320-211,N311US,Northwest Airlines,0,Denver Inter...,,,A2
20090504-1,04-MAY-2009,Antonov An-2, ,South Korea AF,0,near Seongmu Air ...,, ,A1
20090506-0,06-MAY-2009,DC-10-30ER,N139WA,World Airways,0,Baltimore/Wa...,,,A1
20090506-1,06-MAY-2009,Cessna 208B Grand Caravan,D-FOLE,OLT,0,near Dornum,,,A2
20090508-0,08-MAY-2009,Tupolev Tu-154M,EP-MCR,Iran Airtour,0,near Mashhad Airp...,,,A1
20090508-1,08-MAY-2009,MD-90-30,HZ-APW,Saudi Arabian,0,Riyadh-King ...,,,A1
20090508-2,08-MAY-2009,Boeing 747-48EF,HL7419,Asiana Airlines,0,near Frankfurt In...,, ,A2
20090510-0,10-MAY-2009,BAe 3212 Jetstream 32,YV1467,private,1,near Utila Airpor...,,,A1
20090511-0,11-MAY-2009,Lockheed C-130B Hercules,A-1302,Indonesian AF,0,Wamena Airpo...,, ,A1
20090518-0,18-MAY-2009,Antonov An-24T,EK-46839,Phoenix Avia,0,Dire Dawa-Ab...,, ,A1
20090520-0,20-MAY-2009,Lockheed L-100-30 Hercules,A-1325,Indonesian AF,97+ 2,near Madiun-Iswah...,,,A1
20090522-0,22-MAY-2009,Beech B300 King Air 350,PR-MOZ,Santa Coloma Investimentos,14,Porto Seguro...,, ,A1
20090526-0,26-MAY-2009,Antonov An-26,9Q-CSA, Services Air,3,near Isiro-Matari...,, ,A1
20090528-0,28-MAY-2009,DHC-5D Buffalo,AEE-501,Ecuador Army,0,Quevedo Airport,, ,A1
20090530-0,30-MAY-2009,ATR 42-500,AP-BHO,PIA,0,Lahore Airpo...,, ,A2
20090601-0,01-JUN-2009,Airbus A330-203,F-GZCP,Air France,228,near São Pedro an...,,,A1
20090602-0,02-JUN-2009,DHC-6 Twin Otter 200,8Q-MAG,"Maldivian Air Taxi, lsf Kenn Borek Air",0,Halaveli Res...,,,A1
20090603-0,03-JUN-2009,DHC-6 Twin Otter 300,SE-GEE,Skydive Airlines,0,Gryttjom air...,, ,A2
20090603-1,03-JUN-2009,MD-11F,B-2175,China Cargo Airlines,0,Urumqi Airpo...,,,A2
20090603-2,03-JUN-2009,Boeing 737-59D,VP-BXM,Aeroflot-Nord,0,Simferopol A...,,,A1
20090606-0,06-JUN-2009,Fokker F-28 Fellowship 4000,XY-ADW,Myanma Airways,0,Sittwe-Civil...,,,A1
20090607-0,07-JUN-2009,BN-2A-27 Islander,C-FJJR,Strait Air,1,near Port Hope Si...,, ,A1
20090608-0,08-JUN-2009,Antonov An-32,K3062,Indian AF,13,Rinchi villa...,, ,A1
20090609-0,09-JUN-2009,Antonov An-2R,EX-156, Valor Air,0,Kadamdzhaysk...,, ,A1
20090609-1,09-JUN-2009,MD-11F,HZ-ANB,Saudi Arabian,0,Khartoum-Civ...,, ,A2
20090610-0,10-JUN-2009,Beech 200C Super King Air,ZS-PNZ,Aviation Asset Management,0,Lanseria Int...,, ,A2
20090613-0,13-JUN-2009,Antonov An-2R,RF-00428,ROSTO Primorsk-Ahtarska,0,near Primorsko-Ah...,, ,A1
20090614-0,14-JUN-2009,Dornier 328-110,PK-TXN,Express Air,0,Tanahmerah A...,,,A2
20090618-0,18-JUN-2009,Learjet 40,N998AL,Alex Lyon & Sons,0,Fort Worth-M...,, ,A1

20091221-0,21-DEC-2009,Boeing 737-301,PK-MDH,Merpati Nusantara,0,Makassar-Sul...,,,A1
20091222-0,22-DEC-2009,Boeing 737-823 (WL),N977AN,American Airlines,0,Kingston-Nor...,,,A1
20091225-0,25-DEC-2009,Airbus A330-323X,N820NW,Northwest Airlines,0,near Detroit-Metr...,, ,C2
20091229-0,29-DEC-2009,DHC-3T Vazar Turbine Otter,DQ-GLL ?,Pacific Island Seaplanes,0,near Vomo Island,, ,A2

20090620-0,20-JUN-2009,Antonov An-2, ,Unknown,0,"Pologi, Zapo...",, ,O1
20090625-0,25-JUN-2009,Xian MA60,RP-C8892,Zest Airways,0,Caticlan-Mal...,, ,A2
20090626-0,26-JUN-2009,Let L-410UVP-E,HK-4094,TAC,0,Capurganá Ai...,, ,A1
20090627-0,27-JUN-2009,BAe 3201 Jetstream 31,N485UE,Vecolair,0,Salerno FOB,,,A1
20090629-0,29-JUN-2009,DHC-6 Twin Otter 300,PK-BRO,Aviastar Mandiri,3,near Wamena Airpo...,,,A1
20090629-1,29-JUN-2009,BN-2B-26 Islander,D-ILFC,LFH Luftverkehr,0,Wangerooge A...,, ,A2
20090630-0,30-JUN-2009,Airbus A310-324,7O-ADJ,Yemenia Airways,152,near Mitsamiouli,,,A1
20090705-0,05-JUL-2009,BN-2A Trislander Mk.III-1,ZK-LOU,Great Barrier Airlines,0,near Great Barrie...,,,A1
20090706-0,06-JUL-2009,Antonov An-28,ST-TYB, El Dinder Aviation,0,near Sarif-Umra A...,, ,A1
20090708-0,08-JUL-2009,Swearingen SA227-AC Metro III,C6-FPO,Western Air,0,Bimini Inter...,,,A2
20090713-0,13-JUL-2009,Boeing 737-3H4,N387SW,Southwest Airlines,0,"near Charleston, WV",,,A2
20090715-0,15-JUL-2009,Tupolev Tu-154M,EP-CPG,Caspian Airlines,168,near Qazvin,,,A1
20090719-0,19-JUL-2009,BAe 3212 Jetstream 32,YV1200,Kavok Airlines,0,Metropolitan...,, ,A1
20090721-0,21-JUL-2009,Beech 100 King Air,C-FDAM,North Cariboo Flying Service,0,Edmonton Int...,, ,A2
20090724-0,24-JUL-2009,Ilyushin Il-62M,UP-I6208,"DETA Air, op.for Aria Air",16,Mashhad-Shah...,,,A1
20090729-0,29-JUL-2009,DHC-6 Twin Otter 300,OY-POF,Air Greenland,0,near Constable Point,,,A2
20090802-0,02-AUG-2009,DHC-6 Twin Otter 300,PK-NVC,Merpati Nusantara,15,near Oksibil Airp...,,,A1
20090802-1,02-AUG-2009,Embraer EMB-120RT Brasilia,5N-BLN,Capital Airlines,0,Enugu Airpor...,, ,A1
20090803-0,03-AUG-2009,Boeing 707-3J9C,EP-SHK,Saha Air,0,Ahwaz Airpor...,,,A1
20090804-0,04-AUG-2009,ATR 72-212A (ATR 72-500),HS-PGL,Bangkok Airways,1,Koh Samui Ai...,,,A1
20090810-0,10-AUG-2009,Boeing 737-881 (WL),JA56AN,All Nippon,0,Tokyo-Haneda...,,,A2
20090811-0,11-AUG-2009,DHC-6 Twin Otter 300,P2-MCB,Airlines PNG,13,near Kokoda Airpo...,,,A1
20090814-0,14-AUG-2009,Beech 99,F-BTME,"Avioarte Serviços Aéreos, op.for Skydive Portugal",2,Bairro de Al...,,,A1
20090816-0,16-AUG-2009,Avcen Jetpod,-,Avcen,1,near Taiping Airp...,,,A1
20090816-1,16-AUG-2009,BN-2A-6 Islander,YV212T,Islas Aviation Services,0,near Caracas-Simó...,, ,A1
20090823-0,23-AUG-2009,Dornier 328-100,RP-C6328,South East Asian Airlines,0,Manila-Ninoy...,, ,A2
20090826-0,26-AUG-2009,Antonov An-12BK,TN-AIA,Aero Fret Business,6,near Brazzaville-...,, ,A1
20090826-1,26-AUG-2009,Cessna 208B Grand Caravan,YV1183,Línea Turística Aereotuy - LTA,0,near La Tortuga,, ,A1
20090827-0,27-AUG-2009,Ilyuhsin Il-76TD,T-906,Angolan AF,0,Luanda-4 de ...,, ,A1
20090828-0,28-AUG-2009,Boeing E-3C Sentry (707-300),83-0008,USAF,0,Las Vegas-Ne...,,,A1
20090899-0,??-AUG-2009,Antonov An-24RV,UK-46658,Uzbekistan Airways,0,Zarafshan Ai...,, ,A1
20090901-0,01-SEP-2009,Airbus A320-212,LZ-BHC,"Air Vallée, lsf BH Air",0,Verona Airpo...,, ,A2
20090904-0,04-SEP-2009,Boeing 747-437,VT-ESM,Air India,0,Mumbai-Chhat...,,,A1
20090906-0,06-SEP-2009,BN-2A Islander,VQ-TAH,Turks & Caicos National Airline,0,Grand Turk I...,, ,O1
20090906-1,06-SEP-2009,BN-2A-26 Islander,VQ-TAA,Turks & Caicos National Airline,0,Grand Turk I...,, ,O1
20090907-0,07-SEP-2009,GAF Nomad N.24A,P-837,Indonesian Navy,5,"Long Apung, ...",, ,A1
20090907-1,07-SEP-2009,Beech 200 Super King Air,N83GA,Guardian Eagle Company,0,Ruidoso Muni...,, ,A1
20090909-0,09-SEP-2009,Antonov An-2R,UR-70427,Unknown,0,"Onikeevo, Ki...",, ,A1
20090909-1,09-SEP-2009,Boeing 737-852,EI-DRA,Aeroméxico,0,Mexico City-...,, ,H2
20090909-2,09-SEP-2009,Yakovlev Yak-40,RA-87447,Bugulma Air Enterprise,0,Aktyubinsk A...,, ,A2
20090913-0,13-SEP-2009,MD-11F,D-ALCO,Lufthansa Cargo,0,Mexico City-...,, ,A2
20090914-0,14-SEP-2009,Fokker 100,D-AFKE,Contact Air,0,Stuttgart-Ec...,,,A2
20090914-1,14-SEP-2009,DHC-6 Twin Otter 300,PK-BRS,Aviastar Mandiri,0,Serui-Sudjar...,,,A2
20090915-0,15-SEP-2009,Cessna 208 Caravan I,N336DN,North American Flight Services,0,"Sheffield, MA",,,A1
20090916-0,16-SEP-2009,Beech B200 King Air,N726CB,Henry Broadcasting Nevada Inc,0,Hayward Exec...,,,A1
20090918-0,18-SEP-2009,CASA C-212 Aviocar 200,N349TA,Bering Air,0,Savoonga Air...,, ,A2
20090922-0,22-SEP-2009,Ilyushin Il-76MD Simorgh,5-8208,Iran AF,7,near Varamin,,,A1
20090924-0,24-SEP-2009,BAe 4121 Jetstream 41,ZS-NRM,SA Airlink,1,near Durban Inter...,,,A1
20090928-0,28-SEP-2009,NAMC YS-11M-A-624,9044,Japanese Navy,0,Ozuki Airport,, ,A2
20091006-0,06-OCT-2009,Cessna UC-35A (Cessna 560 Citation ,98-0008,US Army,0,Anchorage-El...,,,A2
20091006-1,06-OCT-2009,Beech B100 King Air,N2TX,Private,0,"near Aurora, TX",,,A1
20091006-2,06-OCT-2009,Antonov An-2R,ST-AUS,Bashmia Aero Spray,1,Umgalala Air...,, ,A1
20091008-0,08-OCT-2009,Antonov An-32A,354,Afghan National Army Air Corps,0,Kandahar Air...,,,A1
20091009-0,09-OCT-2009,CASA C-212 Aviocar 200,FAU-531,"Uruguayan AF, op.for UN",11,near Fonds-Verrettes,,,A1
20091009-1,09-OCT-2009,PZL-Mielec M28 Skytruck,YV1769,Unknown,0,Las Minas,,,A1
20091012-0,12-OCT-2009,Embraer Phenom 100,PP-AFM,Save Comercial e Importadora,0,Angra dos Re...,, ,A1
20091013-0,13-OCT-2009,Boeing 707-321C,J5-GGU,Safari Airlines,0,Mombasa-Moi ...,,,A1
20091013-1,13-OCT-2009,Beech C-12C Huron,78-23135,US Army,3,Nuristan Pro...,,,A1
20091014-0,14-OCT-2009,Antonov An-2TP,75,Nicaraguan AF,0,near Managua-Augu...,, ,A1
20091015-0,15-OCT-2009,Antonov An-28,PZ-TST, Blue Wing Airlines,0,Kwamalasamut...,,,A1
20091015-1,15-OCT-2009,Douglas DC-3C,HK-1149,SADELCA Colombia,0,near Miraflores A...,, ,C2
20091017-0,17-OCT-2009,Douglas DC-3C,RP-C550,Victoria Air,4,near Manila-Ninoy...,,,A1
20091020-0,20-OCT-2009,MD-11F,N701GC,Centurion Air Cargo,0,Montevideo-C...,,,A2
20091021-0,21-OCT-2009,Boeing 707-330C,ST-AKW," AZZA Transport, op.for Sudan Airways",6,near Sharjah Airp...,,,A1
20091021-1,21-OCT-2009,Boeing 737, ,EgyptAir,0,Cairo Intern...,, ,H2
20091022-0,22-OCT-2009,BN-2A-26 Islander,PJ-SUN,Divi Divi Air,1,near Bonaire-Flam...,,,A1
20091022-1,22-OCT-2009,Dornier 228-202K,RP-C2282,Island Aviation,0,Pamalican Is...,, ,A2
20091026-0,26-OCT-2009,BAe-125-800B,RA-02807,S-Air,5,near Minsk-2 Inte...,,,A1
20091026-1,26-OCT-2009,Beech B100 King Air,N729MS,Mazak Properties,4,"near Benavides, TX",,,A1
20091028-0,28-OCT-2009,Airbus A321-231,HL7763,Asiana Airlines,0,Osaka-Kansai...,,,A2
20091029-0,29-OCT-2009,Cessna C-98A Grand Caravan (208B),2725,Brazilian AF,2,near Aldeias Auré...,,,A1
20091029-1,29-OCT-2009,Lockheed HC-130H Hercules,1705,US Coast Guard,7,near San Clemente...,, ,A1
20091101-0,01-NOV-2009,Ilyushin Il-76MD,RF-76801,Russian Ministry of Interior,11,near Mirny Airpor...,,,A1
20091102-0,02-NOV-2009,Antonov An-24RV,EY-47693, Daallo Airlines,0,Bossaso Airp...,, ,H2
20091102-1,02-NOV-2009,PZL-Mielec M28-05PI Skytruck,P-4202,Indonesian Police,4,near Mulia,, ,A1
20091102-2,02-NOV-2009,Learjet C-21A (Learjet 35A),84-0094,USAF,0,Ali Air Base,,,A1
20091103-0,03-NOV-2009,Xian MA60,Z-WPJ, Air Zimbabwe,0,Harare Airpo...,, ,A1
20091105-0,05-NOV-2009,Grumman G-111 Albatross,N120FB,Albatross Adventures,0,Fort Pierce-...,,,A1
20091105-1,05-NOV-2009,Boeing 727-230F,J5-GCU,Africa Air Assistance,0,Sinkrebaka,, ,O1
20091107-0,07-NOV-2009,Ilyushin Il-76MD,RA-86894,Russian AF,0,Ivanovo-Seve...,, ,A1
20091109-0,09-NOV-2009,Beech 1900D,5Y-VVQ,Blue Bird Aviation,1,Nairobi-Wils...,, ,A1
20091109-1,09-NOV-2009,Beech B200 King Air,N337MT,MDTR Holdings,0,Greenville-S...,, ,A1
20091110-0,10-NOV-2009,ATR 72-212A (ATR 72-500),VT-KAC,Kingfisher Airlines,0,Mumbai-Chhat...,,,A1
20091112-0,12-NOV-2009,Canadair CRJ-100ER,5Y-JLD,"JetLink Express, op.for Rwandair Express",1,Kigali Inter...,,,A1
20091115-0,15-NOV-2009,Cessna 208B Grand Caravan,ZS-OTU,"Aviation at Work, op.for Air Nave",3,near Windhoek-Ero...,,,A1
20091115-1,15-NOV-2009,CASA C-212-CB Aviocar 100,F-GOGN,Boogie Performance,0,Saint-Jean-d...,,,A1
20091118-0,18-NOV-2009,IAI 1124A Westwind II,VH-NGA,Pel-Air,0,near Norfolk Isla...,,,A1
20091118-1,18-NOV-2009,Fokker 100,EP-CFO, Iran Air,0,Isfahan-Shah...,, ,A2
20091119-0,19-NOV-2009,DC-9-82 (MD-82),9Q-CAB, CAA,0,Goma Airport...,, ,A1
20091119-1,19-NOV-2009,DHC-8-202Q Dash 8,N355PH,"Win Win Aviation, op.for USAF",0,"near Tarakigné, 3...",,,A1
20091123-0,23-NOV-2009,Lockheed KC-130J Hercules,MM62176,Italian AF,5,"Le Rene, nea...",,,A1
20091128-0,28-NOV-2009,MD-11F,Z-BAV,Avient Aviation,3,Shanghai-Pud...,,,A1
20091201-0,01-DEC-2009,Boeing 727-222F,PR-MTK,TAF Linhas Aéreas,0,São Paulo-Gu...,, ,A1
20091207-0,07-DEC-2009,Embraer EMB-135LR (ERJ-135LR),ZS-SJW,SA Airlink,0,George Airpo...,,,A1
20091209-0,09-DEC-2009,Beech A100 King Air,C-GPBA,Exact Air,2,near Saint-Honoré...,,,A1
20091211-0,11-DEC-2009,Beech B300 King Air 350,RP-C2296,INAEC Aviation Corporation,0,Isabel-Pasar...,, ,A2
20091213-0,13-DEC-2009,Airbus A310-304,C-GTSF,Air Transat,0,Rio de Janei...,, ,A2
20091217-0,17-DEC-2009,Dassault Falcon 20D,N28RK,FL Aviation Group,2,near Matthew Town...,, ,A1
20091220-0,20-DEC-2009,BAe BAe-748-398 Srs. 2B,5Y-YKM, 748 Air Services,0+ 1,Tonj Airfield,, ,A1
20091220-1,20-DEC-2009,Swearingen SA227-AC Metro III,C6-JER,Western Air,0,Cap Haitien ...,,,A1
