identifiant,date,type,registration,operator,fat.,location, ,pic,cat

19610622-1,22-JUN-1961,Kaiser-Frazer C-119G Flying Boxcar,53-8140,USAF,0,"Kings Ranch, TX",, ,A1
19610623-0,23-JUN-1961,Martin JRM-3 Mars,CF-LYJ,Forest Industries Flying Tankers,4,"near Nanaimo, BC",, ,A1
19610625-0,25-JUN-1961,Consolidated PBY-6A Catalina,N6986C,Routh Aircraft,,"Winslow, AZ",, ,A1
19610630-0,30-JUN-1961,Curtiss C-46A,LV-FTO,TSA,24,Buenos Aires...,,,A1
19610703-0,03-JUL-1961,Douglas DC-3, ,Cubana,0,"Miami, FL",, ,H2
19610708-0,08-JUL-1961,Consolidated PBY-5A Catalina,CF-EMW,Nordair,3,"near Knob Lake, QC",, ,A1
19610708-1,08-JUL-1961,Ilyushin Il-14P,CCCP-41848,Aeroflot / Ukraine,9,"Sosnovy Bor,...",,,A1
19610710-1,10-JUL-1961,DH-114 Heron 2D,G-AMTS,Metropolitan Air Movements,2,Biggin Hill,, ,A1
19610710-2,10-JUL-1961,Tupolev Tu-104B,CCCP-42447,Aeroflot / Northern,1,Odessa-Centr...,, ,A1
19610711-1,11-JUL-1961,Douglas DC-8-12,N8040U,United Airlines,17+ 1,Denver-Stapl...,,,A1
19610712-0,12-JUL-1961,Ilyushin Il-18V,OK-PAF,CSA,72,near Casablanca-A...,, ,A1
19610719-2,19-JUL-1961,Douglas DC-6,LV-ADW,Aerolineas Argentinas,67,"near Pardo, BA",,,A1
19610720-0,20-JUL-1961,Douglas DC-2-243,XA-KIC,Aerolineas Vega,3,"near Rio Grande, ...",, ,A1
19610721-0,21-JUL-1961,Douglas DC-6A,N6118C,Alaska Airlines,6,"Shemya AFB, ...",,,A1
19610724-0,24-JUL-1961,Lockheed L-188 Electra, ,Eastern Air Lines,0,Havana-José ...,, ,H2
19610727-0,27-JUL-1961,Boeing 707-328,F-BHSA,Air France,0,Hamburg-Fuhl...,,,A1
19610728-0,28-JUL-1961,Ilyushin Il-18V,CCCP-75766,Aeroflot,0,Lukhovitsy-T...,, ,A1
19610731-0,31-JUL-1961,Douglas DC-3, ,Pacific Air Lines,0,Chico Airpor...,, ,H2
19610731-1,31-JUL-1961,Douglas C-47B (DC-3),A65-106,RAAF,4,"near Pearce, WA",, ,A1
19610803-0,03-AUG-1961,Lockheed L-1049C Super Constellatio,N6220C,Eastern Air Lines,0,New York-Idl...,, ,A1
19610803-1,03-AUG-1961,Boeing 707-124,N70775,Continental Air Lines,0,El Paso Inte...,, ,H2
19610804-0,04-AUG-1961,Douglas DC-4,EP-ADK,Iranian Airways,0,near Rudsar,, ,C1
19610805-0,05-AUG-1961,Antonov An-12,BL536,Indian AF,,Chandigarh A...,, ,A1
19610806-0,06-AUG-1961,Douglas C-47A (DC-3),HA-TSA,Malev,27+ 3,Budapest,, ,A1
19610809-0,09-AUG-1961,Curtiss C-46 Super C,CF-HEI,Nordair,0,Sarcpa Lake ...,,,A1
19610809-1,09-AUG-1961,Vickers 610 Viking 3B,G-AHPM,Cunard Eagle Airways,39,near Stavanger-So...,, ,A1
19610809-2,09-AUG-1961,DC-8, ,Pan Am,0,Havana-José ...,, ,H2
19610809-3,09-AUG-1961,Curtiss C-46, ,Cubana,3,near Havana,, ,H2
19610813-0,13-AUG-1961,Curtiss C-46F,B-136,Air America,6,near Pha Khao,, ,A1
19610813-1,13-AUG-1961,Ilyushin Il-18B,CCCP-75653,Aeroflot / Moscow,0,Riga Central...,, ,A1
19610814-0,14-AUG-1961,Vickers 610 Viking 1B,G-AJCE,Overseas Aviation,0,Lyon-Bron Ai...,, ,A1
19610814-1,14-AUG-1961,Consolidated PBY-5A Catalina,N10019,Unknown,0,near Walterboro M...,, ,A1
19610814-2,14-AUG-1961,DHC-3 Otter,VH-SBQ,TAA,0,near Samarai Island,, ,A1
19610822-0,22-AUG-1961,PBV-1A Canso A (PBY-5A),VT-DID,Airways (India),,,, ,A1
19610826-0,26-AUG-1961,Douglas C-47A (DC-3),VT-AXA,Indian Airlines,0,Calcutta-Dum...,, ,A1
19610828-0,28-AUG-1961,Lockheed P2V-7 Neptune ,140965,US Navy,,Norfolk NAS ...,, ,A1
19610829-0,29-AUG-1961,DHC-3 Otter,CF-MEX,"Eastern Provincial Airways, op.for Greenlandair",1,near Kangerlussua...,,,A1
19610829-1,29-AUG-1961,DHC-3 Otter,UB654,Burmese AF,6,near Thaton,, ,A1
19610901-0,01-SEP-1961,Lockheed L-049 Constellation,N86511,TWA,78,near Chicago-Midw...,, ,A1
19610905-0,05-SEP-1961,Douglas C-47A (DC-3),ET-T-16,Ethiopian Air Lines,5,near Sendafar,, ,A1
19610906-0,06-SEP-1961,Douglas C-47A (DC-3),PP-AVL,REAL,4,"Concórdia, SC",, ,A1
19610910-0,10-SEP-1961,Douglas DC-6B,N90773,President Airlines,83,near Shannon Airp...,,,A1
19610912-0,12-SEP-1961,Curtiss C-46A,CP-687,CAMBA,1,near San Borja Ai...,, ,A1
19610912-1,12-SEP-1961,SE-210 Caravelle III,F-BJTB,Air France,77,near Rabat-Sale A...,, ,A1
19610913-0,13-SEP-1961,Douglas C-47B (DC-3),UN-209,UN,,Elizabethvil...,, ,C1
19610915-0,15-SEP-1961,Douglas DC-4-1009,OO-ADN,Air Katanga,0,Elizabethvil...,,,C1
19610916-2,16-SEP-1961,Douglas C-54D (DC-4),G-APIN,Starways,,Kamina Airpo...,, ,C1
19610917-0,17-SEP-1961,Tupolev Tu-104A,CCCP-42388,Aeroflot / Uzbekistan,0,Tashkent Air...,, ,A1
19610917-2,17-SEP-1961,Consolidated C-87,CP-589,Compañia Boliviana de Aviacion,,Santa Rosa d...,, ,A1
19610917-3,17-SEP-1961,Lockheed L-188C Electra,N137US,Northwest Orient Airlines,37,near Chicago-O'Ha...,,,A1
19610918-0,18-SEP-1961,Douglas DC-6B,SE-BDY,"Transair Sweden, op.for UN",16,near Ndola Airpor...,,,A1
19610919-0,19-SEP-1961,Douglas DC-4,G-ARJY,Starways,0,Dublin Airpo...,,,A1
19610920-0,20-SEP-1961,Douglas C-47A (DC-3),43-16002,USAF,3,Oat Mountain...,, ,A1
19610922-1,22-SEP-1961,Lisunov Li-2,CCCP-16154,Aeroflot / Yakutsk,6,near Oymyakon,, ,A1
19610923-1,23-SEP-1961,Fokker F-27 Friendship 100,TC-TAY,THY,28,near Ankara-Esenb...,,,A1
19610924-0,24-SEP-1961,Fairchild C-123B Provider,54-672,USAF,3,Wilmington-N...,, ,A1
19610924-1,24-SEP-1961,Boeing 720-023B,N7545A,American Airlines,0,Boston-Logan...,, ,A2
19610924-2,24-SEP-1961,Douglas DC-3-214,UN-216,UN,,Kamina ?,, ,A1
19610926-0,26-SEP-1961,Shijiazhuang Y-5,18188,CAAC,15,Qinglongshan...,, ,A1
19610926-1,26-SEP-1961,Douglas DC-7,N317A,ONA,0,Norfolk-NAS ...,, ,A1
19610927-0,27-SEP-1961,SE-210 Caravelle III,PP-VJD,Varig,0,Brasilia Int...,, ,A1
19610930-0,30-SEP-1961,Grumman UF-1G Albatross,7230,US Coast Guard,,,, ,A1
19610999-0,??-SEP-1961,Douglas C-47B (DC-3),KAT-04,UN,,Kolwezi,, ,C1
19611001-0,01-OCT-1961,Bristol 170 Freighter 31E,EC-AHK,Aviaco,0,Ibiza Airpor...,, ,A1
19611006-0,06-OCT-1961,Blackburn Beverley C.1,XM110,RAF,0,Bahrain Inte...,,,C1
19611007-0,07-OCT-1961,Douglas C-47B (DC-3),G-AMSW,Derby Airways,34,Mont Canigou,,,A1
19611008-0,08-OCT-1961,Douglas C-54A (DC-4),G-ARLF,Lloyd Int. Airways,0,Málaga Airpo...,,,O1
19611010-0,10-OCT-1961,Handley Page Hastings C.2,WD498,RAF,17,El Adem RAF ...,, ,A1
19611012-0,12-OCT-1961,Douglas C-47 (DC-3), ,Indian AF,3+ 2,Mahesh,, ,A1
19611012-1,12-OCT-1961,CSR-123 Otter (DHC-3),9414,RCAF,0,Saint-Hyacin...,, ,A1
19611013-1,13-OCT-1961,Curtiss C-46, ,South Korea AF,5,near Osan,, ,A1
19611014-0,14-OCT-1961,Douglas DC-7C,PP-PDL,Panair do Brasil,0,Belém Airpor...,, ,A1
19611017-0,17-OCT-1961,Douglas C-47B (DC-3),G-AMVC,BKS Air Transport,4,Groglin Fell,, ,A1
19611020-0,20-OCT-1961,Avro Shackleton MR.2,WR968,RAF,0,Ballykelly R...,,,A1
19611024-0,24-OCT-1961,PBV-1A Canso A (PBY-5A),PP-PCY,Panair do Brasil,0,"near Parintins, AM",, ,A1
19611030-0,30-OCT-1961,Vickers 736 Viscount,G-AODH,BUA,0,Frankfurt In...,, ,A1
19611031-0,31-OCT-1961,Ilyushin Il-14M,CCCP-61712,Aeroflot / Yakutsk,5,near Smorodinny,, ,A1
19611099-0,??-OCT-1961,Lockheed C-130B Hercules,58-0745,USAF,0,Evreux Airpo...,, ,O1
19611099-1,??-OCT-1961,Lockheed PV-2D Harpoon,N7456C,Bird & Sons,,Phou Fa,, ,A1
19611101-0,01-NOV-1961,Bristol 170 Superfreighter 32,G-ANWL,Silver City Airways,2,Les Prevosts...,, ,A1
19611101-1,01-NOV-1961,Douglas DC-7C,PP-PDO,Panair do Brasil,45,near Recife-Guara...,, ,A1
19611102-0,02-NOV-1961,Tupolev Tu-104B,CCCP-42504,Aeroflot / Far East,0,near Vladivostok ...,, ,A1
19611106-0,06-NOV-1961,Lockheed RB-69A Neptune,54-4039,Republic of China AF,14,Shantung Pro...,, ,C1
19611108-0,08-NOV-1961,Lockheed L-049 Constellation,N2737A,Imperial Airlines,77,near Richmond Int...,,,A1
19611109-0,09-NOV-1961,Lockheed P2V-7LP Neptune,140439,US Navy,5,Wilkins Station,, ,A1
19611109-1,09-NOV-1961,Lockheed P2V-5 Neptune,131505,US Navy,11,near Virginia,, ,A1
19611110-0,10-NOV-1961,Lockheed L-1049G Super Constellatio,CS-TLF,TAP,0,Tangier Airp...,, ,H2
19611110-1,10-NOV-1961,Douglas C-47A (DC-3),6154,Portuguese AF,18,Chitado,, ,A1
19611111-0,11-NOV-1961,Lockheed L-749A Constellation,HH-ABA,Air Haiti Int.,3,near Puerto Rico ...,, ,A1
19611112-0,12-NOV-1961,Douglas R4D-8L (Super DC-3),17219,US Navy,0,Sentinel Ridge,,,A1
19611114-0,14-NOV-1961,Douglas DC-4,N30061,Zantop,0,Cincinnati/N...,, ,A1
19611114-1,14-NOV-1961,Douglas DC-7C,N5905,Braniff Airways,0,Dallas-Love ...,,,O1
19611115-0,15-NOV-1961,Douglas DC-6B,N8228H,National Airlines,0,Boston-Logan...,,,A1
19611115-1,15-NOV-1961,Vickers 798D Viscount,N6592C,Northeast Airlines,0,Boston-Logan...,,,A1
19611115-2,15-NOV-1961,Vickers 768D Viscount,VT-DIH,Indian Airlines,0,Colombo-Ratm...,, ,A1
19611117-0,17-NOV-1961,Fairchild C-119G Flying Boxcar,MM52-6014,Italian AF,4,near Kalungwi vil...,, ,A1
19611117-1,17-NOV-1961,CASA 352 (Ju-52),T.2B-129,Spanish AF,,,, ,U1
19611122-0,22-NOV-1961,Douglas C-47A (DC-3),VP-YRX,Rhodesian Air Services,2,Salisbury Ai...,, ,A1
19611123-0,23-NOV-1961,DH-106 Comet 4,LV-AHR,Aerolineas Argentinas,52,near São Paulo/Ca...,,,A1
19611127-0,27-NOV-1961,Douglas DC-6B, ,AVENSA,0,Curaçao-Dr. ...,, ,H2

19611130-1,30-NOV-1961,Vickers 720 Viscount,VH-TVC,Ansett-ANA,15,near Sydney-Kings...,, ,A1
19611202-0,02-DEC-1961,DHC-3 Otter,VH-SBS,TAA,2,near Mount Hagen,, ,A1
19611203-0,03-DEC-1961,Douglas AC-47A,43-48139,USAF,4,near Aviano,, ,A1
19611204-0,04-DEC-1961,Boeing 720-030B,D-ABOK,Lufthansa,3,near Ebersheim,, ,A1
19611206-0,06-DEC-1961,Douglas C-47A (DC-3),KA-DFN,Katanga Government,0,Kolwezi Airp...,, ,C1
19611207-0,07-DEC-1961,Douglas C-47A (DC-3),VT-AZV,Jamair,0,Amritsar,, ,A1
19611212-0,12-DEC-1961,Curtiss C-46A,PP-VBM,Varig,0,near Praia de Ita...,, ,A1
19611212-1,12-DEC-1961,Fairchild C-119G Flying Boxcar,CP-23/OT-CBC,Belgian AF,5,Montignies-l...,, ,A1
19611212-2,12-DEC-1961,Fairchild C-119G Flying Boxcar,CP-25/OT-CBE,Belgian AF,8,Montignies-l...,, ,A1
19611214-0,14-DEC-1961,Douglas VC-47A (DC-3),42-100670,USAF,,Unknown,, ,A1
19611215-0,15-DEC-1961,Curtiss C-46,AN-AOE,LANICA,2,Managua Airp...,, ,A1
19611216-0,16-DEC-1961,Douglas DC-7,N4871C,Delta Air Lines,0,Chicago-O'Ha...,, ,A1
19611217-0,17-DEC-1961,Ilyushin Il-18B,CCCP-75654,"Aeroflot, MUTA",59,near Chebotovka v...,, ,A1
19611218-0,18-DEC-1961,Bristol 170 Freighter 21,VH-AAH,Pacific Aviation,0,near Wollongong A...,, ,A1
19611218-1,18-DEC-1961,Lisunov Li-2,CCCP-84603,Aeroflot / Yakutsk,4,near Olyokminsk,, ,A1
19611219-0,19-DEC-1961,Douglas C-124A Globemaster II,49-239,USAF,7,"Belton, MO",, ,A1
19611221-0,21-DEC-1961,DH-106 Comet 4B,G-ARJM,BEA,27,Ankara-Esenb...,, ,A1
19611226-0,26-DEC-1961,DHC-3 Otter, ,Indian AF,1,"Kinnaur, Him...",, ,A1
19611227-0,27-DEC-1961,Handley Page Hastings C.1,TG624,RAF,0,Belfast-Alde...,, ,A1
19611229-0,29-DEC-1961,Douglas C-47A (DC-3),PK-GDZ,Garuda,,near Surabaya,, ,U1
19611231-0,31-DEC-1961,Ilyushin Il-18V,CCCP-75757,Aeroflot / Armenia,32,near Mineralnye V...,, ,A1
19619999-0,??-???-1961,Bristol 170 Freighter 31M,S4415,Pakistan AF,,,, ,A1

19610101-1,01-JAN-1961,Bristol 175 Britannia 318, ,Cubana,0,"New York, NY",, ,H2
19610102-0,02-JAN-1961,Avia 14-32A,OK-MCZ,CSA,10,near Praha-Ruzyne...,, ,A1
19610102-1,02-JAN-1961,Douglas R4D-1 (DC-3),079,Dutch Navy,5,near Biak,, ,A1
19610103-0,03-JAN-1961,Douglas C-47A (DC-3),OH-LCC,Aero OY,25,Koivulahti,,,A1
19610109-0,09-JAN-1961,Douglas C-124C Globemaster II,52-0969,USAF,0,Spangdahlem ...,, ,A1
19610110-0,10-JAN-1961,Douglas C-47D (DC-3),43-49367,USAF,,Taif Air Bas...,, ,A1
19610115-0,15-JAN-1961,Fairchild C-119G Flying Boxcar,51-2639,USAF,5,near Hopkinsville...,, ,A1
19610119-0,19-JAN-1961,Douglas DC-8-21,XA-XAX,Aeronaves de México,4,New York-Idl...,, ,A1
19610122-1,22-JAN-1961,Curtiss C-46F,N1308V,Capitol Airways,2,"near Katy, TX",, ,A1
19610122-2,22-JAN-1961,Lockheed WV-2 Super Constellation,143193,US Navy,6+ 3,Midway Islan...,, ,A1
19610123-0,23-JAN-1961,Douglas SC-54D (DC-4),42-72566,USAF,0,Bilbao Airpo...,, ,A1
19610123-1,23-JAN-1961,Handley Page Hastings C.2,WJ342,RAF,0,Nairobi-East...,, ,A1
19610123-2,23-JAN-1961,Nord 2501D Noratlas,GB+119,German AF,4,Vilkerath,,,A1
19610124-1,24-JAN-1961,Douglas C-47A (DC-3),PK-GDI,Garuda,21,Mount Burang...,, ,A1
19610125-0,25-JAN-1961,de Havilland  DH-106 Comet 4,G-APDM,BOAC,0,near Roma-Fiumici...,, ,A2
19610126-1,26-JAN-1961,Douglas C-118A (DC-6),51-17626,USAF,23,Atlantic Ocean,, ,A1
19610126-2,26-JAN-1961,Lockheed L-049 Constellation,PP-PDC,Panair do Brasil,0,Belo Horizon...,, ,A1
19610127-0,27-JAN-1961,Morane Saulnier MS.760A Paris IA,E-203,Argentine AF,2,"near Mendoza, MD",, ,A1
19610127-1,27-JAN-1961,Avia 14-32A,OK-MCV,CSA,0,Praha-Ruzyne...,, ,H2
19610128-1,28-JAN-1961,Boeing 707-123,N7502A,American Airlines,6,near Montauk Poin...,, ,A1
19610201-0,01-FEB-1961,Tupolev Tu-104A,CCCP-42357,Aeroflot / Moscow,0,Vladivostok ...,, ,A1
19610202-0,02-FEB-1961,Fairchild C-119G Flying Boxcar,MM52-6037,Italian AF,0,Kwamouth,, ,A1
19610203-1,03-FEB-1961,Douglas C-47A (DC-3),PK-GDY,Garuda,26,near Madura Island,, ,A1
19610204-0,04-FEB-1961,Vickers 610 Viking 1B,D-BALI,private,0,Düsseldorf A...,,,A1
19610210-0,10-FEB-1961,Douglas C-47B (DC-3),6856,South African AF,5,near Bizana,, ,A1
19610215-0,15-FEB-1961,Fairchild C-119G Flying Boxcar,MM52-6011,Italian AF,3,Luluabourg,, ,A1
19610215-3,15-FEB-1961,Boeing 707-329,OO-SJB,Sabena,72+ 1,near Brussel-Zave...,, ,A1
19610218-0,18-FEB-1961,Douglas DC-7CF,N745PA,Pan Am,0,Stuttgart-Ec...,, ,A1
19610219-0,19-FEB-1961,Convair CV-240-0,N94256,Lyndon B Johnson,2,"LBJ Ranch, TX",, ,A1
19610223-0,23-FEB-1961,Convair R4Y-1Z (CV-340),140378,US Navy,0,Atlantic Cit...,, ,A1
19610223-1,23-FEB-1961,Douglas C-47B (DC-3),PP-ANI,REAL,0,São Paulo-Co...,, ,O1
19610228-0,28-FEB-1961,Boeing KC-97, ,USAF,5,Mount Clemen...,, ,A1
19610302-0,02-MAR-1961,Scottish Aviation Twin Pioneer CC.1,XL966,RAF,1,Mount Meru,, ,A1
19610304-0,04-MAR-1961,Douglas C-47A (DC-3),PT-BJC,private,2,"near Belém, PA",, ,A1
19610306-2,06-MAR-1961,Lockheed L-1049G Super Constellatio,EC-AIP,Iberia,0,São Paulo-Co...,, ,A1
19610309-0,09-MAR-1961,Lockheed P2V-7S Neptune,147970,US Navy,8,"Lake George, FL",, ,A1
19610309-1,09-MAR-1961,Douglas C-47A (DC-3),YV-C-AZQ,LAV,12,Páramo Turmal,, ,A1
19610310-0,10-MAR-1961,Douglas C-47 (DC-3), ,Indian AF,,Assam,, ,A1
19610314-0,14-MAR-1961,Douglas C-47A (DC-3),2066,Brazilian AF,0,"Brasilia, DF",, ,A1
19610315-0,15-MAR-1961,Douglas C-53 (DC-3),PP-YQS,Aeronorte,3,near Ponta Grossa...,, ,A1
19610315-1,15-MAR-1961,Douglas C-47 (DC-3),HK-159,Avianca,0,Montería-Los...,, ,A2
19610316-0,16-MAR-1961,Tupolev Tu-104B,CCCP-42438,Aeroflot / West Siberia,5+ 2,near Sverdlovsk-K...,, ,A1
19610322-0,22-MAR-1961,Douglas C-54A (DC-4),N5519V,Seven Seas Airlines,0,near Nagpur,, ,A1
19610322-1,22-MAR-1961,Lockheed TC-121C Super Constellatio,51-3842,USAF,6,"near Marysville, CA",, ,A1
19610322-2,22-MAR-1961,Douglas C-47A (DC-3),AP-AAC,PIA,,Paksi,, ,U1
19610323-0,23-MAR-1961,Douglas SC-47D (DC-3),44-76330,USAF,7,near Phon Savan,, ,C1
19610325-0,25-MAR-1961,Douglas C-47 (DC-3),2055,Brazilian AF,23,"near Natal, RN",, ,A1
19610325-1,25-MAR-1961,Antonov An-2,3,Polish AF,,,, ,A1
19610326-1,26-MAR-1961,Douglas DC-6A,G-APOM,Cunard Eagle Airways,0,Shannon Airp...,,,A1
19610328-0,28-MAR-1961,Ilyushin Il-18V,OK-OAD,CSA,52,near Nürnberg,, ,A1
19610403-0,03-APR-1961,Douglas DC-3C,CC-CLDP,LAN Chile,24,near Linares,,,A1
19610404-0,04-APR-1961,Douglas C-47 (DC-3),CF-JNR,Eastern Provincial Airways,0,Saint Pierre...,, ,A1
19610405-0,05-APR-1961,Douglas C-47A (DC-3),315545/FSDZB,French AF,0,Blida Airport,, ,A1
19610406-0,06-APR-1961,CASA 352 (Ju-52),T.2B-155,Spanish AF,,,, ,U1
19610407-0,07-APR-1961,Breguet 761S,1/F-RAPA,French AF,0,Reggan Airport,, ,A1
19610408-0,08-APR-1961,Curtiss C-46A,HK-489E,Texaco,0,Puerto Calderón,, ,A1
19610408-1,08-APR-1961,Douglas C-47B (DC-3),VH-PAT,Papuan Airlines,0,Bereina Airp...,, ,A1
19610412-0,12-APR-1961,Douglas DC-3S,N541S,US Steel,0,Bluefield-Me...,, ,A1
19610412-1,12-APR-1961,Douglas C-47A (DC-3),CF-GXE,Canadian DoT,0,near Saint Jean A...,,,A1
19610414-0,14-APR-1961,Douglas R4D-1 (DC-3),CF-FKQ,Maritime Central Airways,0,Moncton Airp...,, ,A1
19610414-1,14-APR-1961,Douglas C-47B (DC-3),348823/FRASE,French AF,,Avord Air Base,, ,A1
19610415-0,15-APR-1961,Douglas DC-3A,CU-T172,Cubana,0,Santiago Air...,, ,C1
19610415-1,15-APR-1961,Douglas DC-3A-228C,CU-T138,Cubana,0,,, ,C1
19610418-0,18-APR-1961,Douglas R4D-5 (DC-3), ,US Navy,6,"Fallon NAS, ...",, ,A1
19610418-2,18-APR-1961,Douglas C-47D (DC-3),43-49014,USAF,14,Mount Parker,, ,A1
19610421-0,21-APR-1961,Douglas C-47A (DC-3),N200,FAA,4,"near Mustang, OK",, ,A1
19610424-0,24-APR-1961,Douglas C-47A (DC-3),42-101000,USAF,,unknown,, ,A1
19610425-0,25-APR-1961,Douglas DC-8-32,JA8003,JAL,0,Tokyo-Haneda...,,,A2
19610427-0,27-APR-1961,Curtiss C-46F,F-BESN,Air Cameroun,0,near Bangui Airpo...,, ,A1
19610501-0,01-MAY-1961,Douglas C-47 (DC-3), ,Indian AF,,Rhimkhim,, ,A1
19610501-1,01-MAY-1961,Convair CV-440, ,National Airlines,0,San Antonio ...,, ,H2
19610506-0,06-MAY-1961,Douglas C-47B (DC-3),SU-ALP,UAA,0,near Al Qamishli ...,, ,A1
19610507-0,07-MAY-1961,Douglas C-47 (DC-3), ,Indian AF,4,,, ,A1
19610510-0,10-MAY-1961,Lockheed L-1649A Starliner,F-BHBM,Air France,78,near Edjele,,,C1
19610512-0,12-MAY-1961,Douglas C-54E (DC-4),44-9054,USAF,,Upper Heyfor...,, ,A1
19610512-1,12-MAY-1961,Douglas R4D-4 (DC-3),TI-1006C,LACSA,2,Cerro Arenal,, ,A1
19610519-0,19-MAY-1961,Douglas SC-47A,43-15277,USAF,2,near Wiesbaden Ai...,, ,A1
19610520-0,20-MAY-1961,Avro Shackleton MR.1A,WB818,RAF,0,Gan/Seenu Ai...,, ,A1
19610520-1,20-MAY-1961,Lockheed P2V Neptune, ,US Navy,1,near St. Augustin...,, ,A1
19610522-0,22-MAY-1961,Boeing S.307 Stratoliner,F-BHHR,Aigle Azur Extrême Orient,0,Saigon-Tan-S...,,,A1
19610524-0,24-MAY-1961,Avro 685 York C.1,OD-ACO,TMA,0,Azaiba Airfield,, ,A1
19610524-1,24-MAY-1961,Douglas DC-4-1009,VH-TAA,TAA,2,Bulwer Islan...,,,A1
19610524-2,24-MAY-1961,Douglas C-124A Globemaster II,51-0174,USAF,18,near Tacoma-McCho...,, ,A1
19610527-0,27-MAY-1961,Lockheed C-130B Hercules,59-1534,USAF,0,Ramstein Air...,, ,A1
19610529-0,29-MAY-1961,Handley Page Hastings C.2,WD497,RAF,13,near Singapore-Se...,, ,A1
19610530-0,30-MAY-1961,Douglas DC-8-53,PH-DCL,"KLM, op.for VIASA",61,near Fonte da Telha,, ,A1
19610530-1,30-MAY-1961,DHC-3 Otter,9401,RCAF,0,"Guelph, ON",, ,A1
19610610-0,10-JUN-1961,Douglas C-133A Cargomaster,57-1614,USAF,8,near Tachikawa AB...,, ,A1
19610611-0,11-JUN-1961,Douglas DC-7C,PH-DSN,KLM,0,near Atlantic Ocean,, ,A2
19610612-1,12-JUN-1961,Lockheed L-188C Electra,PH-LLM,KLM,20,near Cairo Intern...,,,A1
19610612-2,12-JUN-1961,Vickers 744 Viscount,G-APKJ,All Nippon,0,Osaka-Itami ...,,,A1
19610613-0,13-JUN-1961,Douglas DC-4,TJ-ABC,Air Cameroun,5,near Douala Airpo...,, ,A1
19610615-0,15-JUN-1961,Consolidated PBY-5A Catalina,560,Chilean AF,6,Lago Penuelas,, ,A1
19610617-1,17-JUN-1961,Douglas C-54B (DC-4),D-ABEB,Continentale Deutsche Luftreederei,1,near Kano Interna...,, ,A1
19610619-0,19-JUN-1961,Lockheed L-1649A Starliner,LV-GLH,Trans Atlantica Argentina,0,Rio de Janei...,, ,A1
19610619-1,19-JUN-1961,Nord 2501 Noratlas,67,French AF,,Bizerte,, ,C1
19610620-0,20-JUN-1961,Douglas C-47 (DC-3), ,Iran AF,9,near Teheran,, ,A1
19610620-1,20-JUN-1961,Lockheed L-749A Constellation,N5595A,IAS,,Oakland Inte...,, ,O1
19610620-2,20-JUN-1961,Douglas DC-7,N312A,ONA,,Oakland Inte...,, ,U1
19610622-0,22-JUN-1961,Ilyushin Il-18B,CCCP-75672,Aeroflot / Moscow,0,"near Bogoroditsk,...",, ,A1
