identifiant,date,type,registration,operator,fat.,location, ,pic,cat

19981120-1,20-NOV-1998,Learjet 24D,MTX-02,Mexican Navy,0,Mexico City-...,, ,A1
19981123-0,23-NOV-1998,Cessna 208B Super Cargomaster,N9352B,Regency Express Air,2,near Victoria Int...,,,A1
19981123-1,23-NOV-1998,Swearingen SA226-TC Metro II,LV-WDV,Kaikén Líneas Aéreas,0,Río Gallegos...,, ,A1
19981123-2,23-NOV-1998,Ilyushin Il-18Gr,3D-SBZ,Air Cess,0,Kalemie Airp...,,,C1
19981125-0,25-NOV-1998,Cessna 208 Caravan I,5N-PAN,Pan African Airlines,0,Warri,, ,A1
19981127-0,27-NOV-1998,Lockheed L-1329-25 JetStar II,N787WB,Banair,0,Austin-Rober...,,,A1
19981128-0,28-NOV-1998,DHC-7-102,VP-CDY,DNK Leasing,2,Ashburton,,,A1
19981202-0,02-DEC-1998,Cessna 501 Citation I/SP,N501EZ,Yates Aviation ,1,near Mena Intermo...,, ,A1
19981203-0,03-DEC-1998,BAe BAe-748-335 Srs. 2A SCD,C-FBNW,Bradley Air Services,0,Iqaluit Airp...,, ,A1
19981205-0,05-DEC-1998,Beech 300 Super King Air 350,TC-DHA,Dogus Air,2,Istanbul-Ata...,, ,A1
19981207-0,07-DEC-1998,BN-2A-26 Islander,C-FCVK,Air Satellite,7,Baie Comeau ...,, ,A1
19981211-0,11-DEC-1998,Airbus A310-204,HS-TIA,Thai Airways International,101,near Surat Thani ...,,,A1
19981214-0,14-DEC-1998,Antonov An-12BP,UR-11319,Khors Air,10,near Kuito,,,C1
19981217-0,17-DEC-1998,Antonov An-12BP,S9-CAT,Zanex,1,Saurimo Airp...,,,A1
19981217-1,17-DEC-1998,Beech 200 Super King Air,F-GHLD,Nouvelle Air Affaires Gabon,2,near Libreville A...,, ,A1
19981218-0,18-DEC-1998,CASA C-212 Aviocar 200,N502FS,FS Air Service,0,Nixon Fork M...,, ,A2
19981222-0,22-DEC-1998,Antonov An-32B,HK-3930X,SELVA Colombia,5,near Rionegro/Med...,,,A1
19981226-0,26-DEC-1998,Lockheed L-100-30 Hercules,S9-CAO,"UN, opb Transafrik",14,Vila Nova,,,C1
19981227-0,27-DEC-1998,Antonov An-12,TN-AFJ,ACA-Ancargo Air,4,near Cafunfo,,,A1
19981228-0,28-DEC-1998,Embraer EMB-145ER (ERJ-145ER),PT-SPE,Rio Sul,0,Curitiba-Afo...,, ,A1
19989999-0,??-???-1998,Ilyushin Il-86,RA-86080,Aeroflot,0,Moskva-Shere...,,,A1
19989999-1,??-???-1998,IAI Arava 201, ,Mexican AF,,,, ,A1
19989999-2,??-???-1998,Antonov An-2R,YU-BLB,Aeroklub Zrenjanin,,Zrenjanin,, ,O1
19989999-3,??-???-1998,Antonov An-2R,YU-BLC,Aeroklub Zrenjanin,,Pancevo,, ,A1
19989999-4,??-???-1998,Yakovlev Yak-40K,UR-87592,United Energy Systems,0,Roma-Ciampin...,,,A1
19989999-5,??-???-1998,Basler Turbo 67 (DC-3T),555,Guatemala AF,,Flores-Santa...,,,U1
19989999-6,??-???-1998,Antonov An-32B,RA-48014,"Trans Charter, op.for Filair",0,Kinshasa-N'D...,, ,A1
19989999-7,??-???-1998,Lockheed KC-130F Hercules,149807,USMC,0,unknown,, ,A1

19980627-1,27-JUN-1998,Lockheed SP-2H Neptune,N14835,Neptune Aviation Services,2,"near Reserve, NM",, ,A1
19980628-0,28-JUN-1998,BN-2B-20 slander,G-BVYE,Britten-Norman,0,near Bucharest,, ,A1
19980702-0,02-JUL-1998,Dassault Falcon 900,N900CS,TAG Aviation USA,0,Hamilton Air...,, ,A2
19980708-0,08-JUL-1998,Antonov An-2T,RA-02823,Yakutsk ASK ROSTO,1,near Magan,, ,A1
19980713-0,13-JUL-1998,Ilyushin Il-76MD,UR-76424,ATI Aircompany,8,near Ra'sal-Khaymah,,,A1
19980716-0,16-JUL-1998,DC-9-41,LV-YOA,Dinar Líneas Aéreas,0,Buenos Aires...,, ,A2
19980716-1,16-JUL-1998,Rockwell Sabreliner 60,LV-WPO,Alas del Sur,3,near Córdoba-Paja...,, ,A1
19980717-0,17-JUL-1998,Ilyushin Il-78,UR-UCI,"Ukrainian Cargo Airways, op.for Air Sofia",10,near Asmara Inter...,,,A1
19980718-0,18-JUL-1998,Rockwell Sabreliner 75,N547JL,Executive Aircraft Corporation,2,"near Florence, KS",, ,A1
19980719-0,19-JUL-1998,Boeing 737-2J8C,ST-AFL,Sudan Airways,0,Khartoum-Civ...,,,A1
19980723-0,23-JUL-1998,Shorts SC.7 Skyvan 3-100,XC-UTQ,Mexican AF,4,Pico de Orizaba,, ,A1
19980723-1,23-JUL-1998,Antonov An-12,RA-11886,Norilsk Air Enterprise,0,Pushkin,, ,A1
19980723-2,23-JUL-1998,DHC-6 Twin Otter 200,C-GFYN,Adlair,0,"near Pelly Bay, NU",, ,A2
19980724-0,24-JUL-1998,Cessna 500 Citation I,C-FSKC,Skyward Aviation,0,Rawlins Airp...,, ,A1
19980725-0,25-JUL-1998,Beech 1900D, ,Avior,0,Saravena,, ,H2
19980726-0,26-JUL-1998,Fairchild FH-227B,N564LE,Legion Express,0,Keflavík Int...,,,A1
19980727-1,27-JUL-1998,Consolidated PBY-5A Catalina,VP-BPS,Plane Sailing,2,Southampton,,,A1
19980728-0,28-JUL-1998,Swearingen SA227-AC Metro III,EC-FXD,Swiftair,2,Barcelona Ai...,,,A1
19980729-0,29-JUL-1998,Embraer EMB-110P1 Bandeirante,PT-LGN,Selva Taxi Aéreo,12,"near Manaus, AM",,,A1
19980730-0,30-JUL-1998,HAL/Dornier 228-201,VT-EJW,Alliance Air,6+ 3,Cochin Airpo...,, ,A1
19980730-1,30-JUL-1998,Beech 1900D,F-GSJM,Proteus Air,14,Baie de Quib...,, ,A1
19980731-0,31-JUL-1998,Douglas DC-3C,N305SF,Majestic Air Cargo,0,Anchorage In...,, ,A2
19980802-0,02-AUG-1998,Antonov An-32, ,Taliban Air Force,5,near Kunduz Airpo...,, ,A1
19980802-1,02-AUG-1998,Boeing 727, ,Blue Airlines,0,Goma,, ,H2
19980804-0,04-AUG-1998,Boeing 707, ,Congo Air Cargo,0,Kitona,, ,H2
19980804-1,04-AUG-1998,Boeing 707-300, ,"Air Atlantic Cargo, op.for Lignes Aeriennes Congolaises",0,Kitona,, ,H2
19980805-0,05-AUG-1998,Boeing 747-4B5,HL7496,Korean Air,0,Seoul-Kimpo ...,,,A1
19980806-0,06-AUG-1998,BAe BAe-748-310 Srs. 2A LFD,C-GTAD,Wasaya Airways,0,Kasabonika A...,,,A1
19980809-0,09-AUG-1998,Tupolev Tu-154, ,East Line,0,Moskva-Domod...,, ,H2
19980811-0,11-AUG-1998,Antonov An-12,D2-FAZ,Alada,1,Saurimo Airp...,, ,A1
19980814-0,14-AUG-1998,Antonov An-2R,RA-40681,Polyarnye Avialinii,,,, ,A1
19980814-1,14-AUG-1998,Boeing 737-490,N799AS,Alaska Airlines,0,Juneau Inter...,, ,A2
19980819-0,19-AUG-1998,DHC-6 Twin Otter 100,935,Chilean AF,0,Antofagasta-...,, ,A1
19980819-1,19-AUG-1998,Antonov An-2,RA-06196,Aeroklub Togliatti,0,near Lunocharski,, ,A1
19980819-2,19-AUG-1998,Antonov An-12BP,UR-11528,Motor Sich,0,Batam-Hang N...,, ,A1
19980819-3,19-AUG-1998,Beech 1900D,N251GL,"United Express, opb Great Lakes Airlines",0,near Denver Inter...,, ,A2
19980821-0,21-AUG-1998,DHC-6 Twin Otter 300,9N-ACC,"Nepalese CAA, op.for Lumbini Airways",18,near Ghorepani,,,A1
19980824-0,24-AUG-1998,AMI DC-3-65TP,ZS-NKK,"Airworld, op.for Speed Service Couriers",1,Pretoria-Won...,,,A1
19980824-1,24-AUG-1998,Fokker F-27 Friendship 600,XY-AEN,Myanma Airways,36,near Tachilek Air...,, ,A1
19980824-2,24-AUG-1998,Antonov An-32B,HK-4007X,SADELCA Colombia,0,Leticia-Alfr...,, ,A1
19980824-3,24-AUG-1998,Antonov An-26,RA-26568,Yenisei Meridian,0,Noril'sk Air...,, ,A1
19980826-0,26-AUG-1998,Antonov An-12BP,EW-11368,Techaviaservice,13,near Luanda,, ,A1
19980828-1,28-AUG-1998,Dassault Falcon 20C,N126R,Reliant Airlines,0,El Paso Inte...,,,A1
19980829-0,29-AUG-1998,Tupolev Tu-154M,CU-T1264,Cubana,70+ 10,Quito-Marisc...,,,A1
19980829-1,29-AUG-1998,Airbus A340-211,OO-SCW,Sabena,0,Brussel-Zave...,,,A2
19980831-0,31-AUG-1998,Boeing 727-228F,N722DH,DHL Airways,0,New York-Joh...,,,A1
19980902-0,02-SEP-1998,MD-11,HB-IWF,Swissair,229,near Peggys Cove...,,,A1
19980902-1,02-SEP-1998,Antonov An-26B,RA-26028,"Permskiye motory, op.for Prestavia",24,near Malanje Airp...,, ,C1
19980902-2,02-SEP-1998,DC-9-31,N927VJ,US Airways,0,Philadelphia...,, ,A2
19980905-0,05-SEP-1998,Boeing 707-138B,N138SR,Jaffe Group,0,Port Harcour...,,,O1
19980905-1,05-SEP-1998,Yakovlev Yak-40K,RA-87956,"Kotlas Avia Enterprise, op.for GEASA",0,Malabo Airpo...,, ,A2
19980906-0,06-SEP-1998,Beech B200 Super King Air,N769WT,West Ward Cattle,0,George West-...,, ,A1
19980910-0,10-SEP-1998,Lockheed C-130B Hercules,23491,Pakistan AF,0,Islamabad-Ch...,, ,O1
19980910-1,10-SEP-1998,Lockheed C-130B Hercules,24143,Pakistan AF,5,Islamabad-Ch...,, ,A1
19980910-2,10-SEP-1998,MD-11,B-2173,China Eastern,0,Shanghai-Hon...,, ,A2
19980911-1,11-SEP-1998,Boeing 767-34AF,N316UP,UPS,0,Houston-Elli...,, ,A2
19980911-2,11-SEP-1998,Beech 1900C,N1563C,Alaska Central Express,0,Saint Mary's...,, ,A2
19980914-0,14-SEP-1998,Antonov An-32B,4K-66759,Avia Trend,0,Lokichoggio ...,, ,A1
19980914-1,14-SEP-1998,Airbus A310-203,TC-JCL,THY,0,Trabzon Airp...,, ,H2
19980916-0,16-SEP-1998,Boeing 737-524,N20643,Continental Air Lines,0,Guadalajara-...,, ,A1
19980916-1,16-SEP-1998,IAI Arava 201, ,Mexican AF,0,within Chiapas state,, ,A1
19980918-0,18-SEP-1998,GAF Nomad N.22S Searchmaster L,N6305U,U.S. Customs,1,near Mona Island,, ,A1
19980918-1,18-SEP-1998,Cessna C-98 Caravan I (208A),2705,Brazilian AF,0,"Equador, Lor...",, ,A1
19980918-2,18-SEP-1998,GAF Nomad N.22S Searchmaster L,N6302W,U.S. Customs,0,near Puerto Rico,, ,A2
19980922-0,22-SEP-1998,Lockheed C-121C Super Constellation,HI-548CT,Aerochago Airlines,0,Santo Domingo,,,O1
19980922-1,22-SEP-1998,Curtiss C-46D,HI-503CT,AMSA,0,Santo Domingo,,,O1
19980924-0,24-SEP-1998,Convair CV-240-13,N91237,Trans Florida Airlines,0,near San Juan-Lui...,,,A1
19980925-0,25-SEP-1998,BAe-146-100,EC-GEO,Paukn Air,38,near Melilla Airp...,,,A1
19980925-1,25-SEP-1998,BN-2A-3 Islander,5Y-ANV,TanaMana Aviation,4,Rwenzori mou...,, ,A1
19980926-0,26-SEP-1998,Beech 200 Super King Air,PK-TRA,Indonesia Air Transport - IAT,0,Surabaya-Jua...,, ,U1
19980926-1,26-SEP-1998,Grumman HU-16C Albatross,N7025J,private,0,Sedona Airpo...,, ,A2
19980926-2,26-SEP-1998,Cessna 560 Citation Ultra,VP-CKM,Gamston Aviation,0,Fairoaks Air...,, ,A2
19980928-0,28-SEP-1998,DHC-6 Twin Otter 300,D4-CAX,TACV,1,Praia-Franci...,,,A1
19980928-1,28-SEP-1998,Cessna 551 Citation II/SP,N59GB,Ram Air Sales and Leasing,0,Pueblo Memor...,, ,A2
19980929-0,29-SEP-1998,Antonov An-24RV,EW-46465,"Gomelavia, op.for LionAir",55,near Mannar,, ,C1
19981002-0,02-OCT-1998,Douglas DC-3C,YV-611C,Servivensa,1,near Canaima Airp...,,,A1
19981005-0,05-OCT-1998,Boeing 747SP-44,ZS-SPF,"South African Airways, op.for LAM",0,Maputo Inter...,,,A1
19981007-0,07-OCT-1998,Boeing 727-224,N66734,Continental Air Lines,0,Miami Intern...,,,A1
19981010-0,10-OCT-1998,Boeing 727-30,9Q-CSG,Lignes Aeriennes Congolaises,41,near Kindu Airpor...,,,C1
19981014-0,14-OCT-1998,Shorts SC.7 Skyvan 3-100,YV-O-MTC-8,Venezuela Ministry of Transport,0,Caracas-Simo...,,,O1
19981014-1,14-OCT-1998,Shorts SC.7 Skyvan 3-100,YV-O-MTC-3,Venezuela Ministry of Transport,0,Caracas-Simo...,, ,O1
19981017-0,17-OCT-1998,Beech 99,N299GL,Alpine Aviation,0,Missoula-Joh...,,,A1
19981017-1,17-OCT-1998,Shorts SC.7 Skyvan 3M-400,OE-FDF,Pink Aviation Services,0,Zell am Zee,,,A1
19981019-1,19-OCT-1998,BN-2B-21 Islander,BDF-01,Belize AF,,near Indian Church,, ,A1
19981020-0,20-OCT-1998,Beech B200 King Air,N50PM,Mallen Industries,0,"near Rio Rancho, NM",, ,A2
19981021-0,21-OCT-1998,Embraer EMB-120RT Brasilia,PT-WKH,Capital Táxi Aéreo,3+ 1,near Fortaleza-Pi...,,,A1
19981021-1,21-OCT-1998,Yakovlev Yak-40,EK-88272,Ararat Avia,0+ 4,Yerevan Airp...,, ,A1
19981024-0,24-OCT-1998,Antonov An-12A,TL-ACJ,Centrafrican Airlines,3,near Lubutu,,,A1
19981025-0,25-OCT-1998,ATR 42-312,N143DD,"American Eagle Airlines, opb Executive Airlines",0,San Juan,,,A1
19981027-1,27-OCT-1998,Learjet 45,N454LJ,Lear Jet,0,Wallops Isla...,, ,A1
19981028-0,28-OCT-1998,Boeing 737, ,Air China,0,Taipei-Chian...,, ,H2
19981029-0,29-OCT-1998,Boeing 737-4Y0,TC-JDF,THY,1,Diyarbakir A...,, ,H2
19981101-0,01-NOV-1998,Douglas C-47A (DC-3),N3FY,Living Water Teaching Ministries,11,near Quetzaltenango,,,A1
19981101-1,01-NOV-1998,Boeing 737-2P6,EI-CJW,AirTran Airways,0,Atlanta-Will...,,,A1
19981106-0,06-NOV-1998,Beech 200 Super King Air,5Y-JKB,AD Aviation Aircharters,3,near Nairobi,, ,A1
19981106-1,06-NOV-1998,Beech RC-12K Huron,85-0151,US Army,2,near Sommerhausen,, ,A1
19981111-0,11-NOV-1998,Antonov An-12B,RA-12955,Viluy,13,near Krasnoyarsk ...,, ,A1
19981111-1,11-NOV-1998,Ilyushin Il-62M,RA-86564,Aeroflot,0,Anchorage In...,,,O1
19981111-2,11-NOV-1998,MD-11,N801DE,Delta Air Lines,0,Portland Int...,, ,A2
19981114-0,14-NOV-1998,Boeing 707-355C,5N-VRG,IAT Cargo,0,Oostende Air...,,,A1

19980101-0,01-JAN-1998,Boeing 757-21K,G-WJAN,Airtours Int.,0,Puerto Plata...,,,A2
19980102-0,02-JAN-1998,Douglas DC-6B,N861TA,Woods Air Fuel,0,Nixon Fork M...,,,A1
19980102-1,02-JAN-1998,Learjet 24D,XA-RRK,Aerodinamo del Pacifico,3,near Tampico-Gen ...,,,A1
19980105-0,05-JAN-1998,BN-2A Islander,DQ-FDW,Sunflower Airlines,0,Malololailai...,, ,A2
19980105-1,05-JAN-1998,Fokker 100,EP-IDC,Iran Air,0,near Isfahan-Shah...,, ,A1
19980106-0,06-JAN-1998,Cessna 500 Citation I,N1DK,US Motorsports,0,Pittsburgh-A...,,,A1
19980108-0,08-JAN-1998,DHC-6 Twin Otter 310,9M-MDJ,Malaysia Airlines,0,Limbang Airp...,,,A1
19980109-0,09-JAN-1998,Cessna 208B Super Cargomaster,N913FE,"FedEx, op.for Mountain Air Cargo",1,Maiden-Littl...,, ,A1
19980111-0,11-JAN-1998,Avro RJ100,TC-THF,THY,0,Samsun Airpo...,,,A1
19980113-0,13-JAN-1998,Antonov An-32, ,Afghan AF,51,Khojak Pass,, ,A1
19980113-1,13-JAN-1998,Let L-410UVP-E3,YV-928CP,Aeroservice International,2,near Brno-Turany ...,, ,A1
19980113-2,13-JAN-1998,Learjet 25B,N627WS,American Corporate Aviation,2,near Houston-Geor...,, ,A1
19980120-0,20-JAN-1998,BAe 3112 Jetstream 31,C-FBIE,Alberta Citylink,0,Lloydminster...,,,A1
19980120-1,20-JAN-1998,ATR 42-312,EI-COC,Italair,0,Alghero-Fert...,,,A1
19980120-2,20-JAN-1998,Beech 1900D,N854CA,"US Airways Express, opb CommutAir",0,Saranac Lake...,, ,A2
19980121-0,21-JAN-1998,ATR 42-320,N15827,Continental Express,0,Hartford-Bra...,, ,A2
19980126-1,26-JAN-1998,BAe 3103 Jetstream 31,OY-SVP,"British Airways Express, opb Sun-Air",0,København-Ka...,,,O1
19980127-0,27-JAN-1998,Fokker F-27 Friendship 600,XY-AES,Myanma Airways,16,Thandwe Airp...,,,A1
19980130-0,30-JAN-1998,Cessna 208 Caravan I,N9316F,PenAir,0,near Port Heiden ...,,,A1
19980131-0,31-JAN-1998,Let L-410, ,Atlantic Airlines,0,Puerto Limón...,, ,H2
19980202-0,02-FEB-1998,DC-9-32,RP-C1507,Cebu Pacific Air,104,near Cagayan de O...,,,A1
19980202-1,02-FEB-1998,Shorts 330-200,N2629Y,SkyWay Enterprises,0,Miami Intern...,,,O1
19980202-2,02-FEB-1998,Shorts 330-200,N2630A,SkyWay Enterprises,0,Miami Intern...,,,O1
19980202-3,02-FEB-1998,Douglas C-117D Super DC-3,N505C,Dragon Air Leasing,0,Opa-locka Ai...,,,O1
19980202-4,02-FEB-1998,Boeing 737-291,N737RD,IAL Aircraft Holding,0,Miami Intern...,,,O1
19980203-0,03-FEB-1998,Douglas C-47A (DC-3),N200MF,Missionary Flights,0,George Town-...,,,A1
19980204-0,04-FEB-1998,Antonov An-12BP,LZ-SFG,"Air Luxor, lsf Air Sofia",7,near Terceira-Laj...,,,A1
19980205-0,05-FEB-1998,CASA C-212-S1 Aviocar 100,D.3B-9,Spanish AF,5,near Navafria,, ,A1
19980206-0,06-FEB-1998,Gulfstream III,VP-BLN,private,0,near Chambéry Air...,,,A1
19980209-0,09-FEB-1998,Boeing 727-223,N845AA,American Airlines,0,Chicago-O'Ha...,,,A1
19980209-1,09-FEB-1998,Shorts 360-100,G-BLGB,British Regional Airlines,0,Stornoway Ai...,, ,A1
19980209-2,09-FEB-1998,Hawker Siddeley C-91 (HS-748-281 Sr,2509,Brazilian AF,0,Navegantes A...,, ,A1
19980211-0,11-FEB-1998,Embraer EMB-145ER (ERJ-145ER),N14931,"Continental Express, opb ExpressJet Airlines",0,Beaumont-Jef...,, ,A1
19980212-0,12-FEB-1998,Antonov An-32B,7744,Sudan AF,26,Nasir Airport,, ,A1
19980216-0,16-FEB-1998,Airbus A300B4-622R,B-1814,China Airlines,196+ 7,Taipei-Chian...,,,A1
19980219-0,19-FEB-1998,Grumman G-159 Gulfstream I,5Y-BMR,Skyways Kenya,0,Mogadishu In...,, ,A1
19980219-1,19-FEB-1998,Swearingen SA226-TC Metro II,EC-GDG,Ibertrans Aérea,2,near Barcelona Ai...,,,A1
19980222-0,22-FEB-1998,Boeing 737-2K3,YU-ANU,"Aviogenex, op.for Chanchangi Airlines",0,Kaduna Airpo...,,,A1
19980222-1,22-FEB-1998,ATR 72-202,D-ANFA,Eurowings,0,Frankfurt In...,, ,A2
19980223-0,23-FEB-1998,Avro RJ100,TC-THE,THY,0,Diyarbakir A...,, ,H2
19980226-0,26-FEB-1998,Fokker 100,N867US,US Airways,0,Birmingham A...,, ,A2
19980304-0,04-MAR-1998,Learjet 23,N37BL,Sierra West Airlines,0,Oakdale Airp...,, ,A1
19980304-1,04-MAR-1998,Cessna 650 Citation VII,N502T,Tenneco Management Co.,0,Manistee-Bla...,, ,A2
19980305-0,05-MAR-1998,Cessna 208B Super Cargomaster,N840FE,"FedEx, op.for Baron Aviation",1,"near Clarksville, TN",, ,A1
19980307-0,07-MAR-1998,Let L-410UVP,HR-AQG,Aerolíneas SOSA,0,near La Ceiba-Gol...,,,A1
19980310-0,10-MAR-1998,Boeing 707-336C,SU-PBA,Air Memphis,6,Mombasa-Moi ...,,,A1
19980310-1,10-MAR-1998,BAe-146-100,A2-ABD,Air Botswana,0,Hwange Airpo...,, ,A2
19980312-0,12-MAR-1998,CASA C-212-A1 Aviocar 200,XT.12B-2,Spanish AF,3,Cistérniga,, ,A1
19980312-1,12-MAR-1998,Antonov An-8,EL-ALE,Santa Cruz Imperial,,Mogadishu,,,A1
19980318-0,18-MAR-1998,Saab 340B,B-12255,Formosa Airlines,13,near Hsinchu Airp...,, ,A1
19980319-0,19-MAR-1998,Boeing 727-228,YA-FAZ,Ariana Afghan Airlines,45,near Kabul Airpor...,,,A1
19980319-1,19-MAR-1998,Aérospatiale SN.601 Corvette,N600RA,R. L. Riemenschneider Enterprises,0,Portland Int...,, ,A1
19980322-0,22-MAR-1998,Airbus A320-214,RP-C3222,Philippine Air Lines,0+ 3,Bacolod Airp...,,,A1
19980325-0,25-MAR-1998,Learjet 24B,N100DL,Panther Aviation,0,Orlando Exec...,, ,A1
19980328-0,28-MAR-1998,Antonov An-32A,OB-1389,Peruvian AF,21+ 1,near Piura Airpor...,,,A1
19980330-0,30-MAR-1998,Boeing 727, ,Kibris THY,0,Ankara-Esenb...,, ,H2
19980331-0,31-MAR-1998,Convair CV-240-53 (C-131A),XA-TAP,L.A. Mexicana de Carga,2,near Mexico City,,,A1
19980331-1,31-MAR-1998,BAe BAe-748-378 Srs. 2B,G-OJEM,Emerald Airways,0,London-Stans...,,,A1
19980404-0,04-APR-1998,Cessna 525 CitationJet,N111LR,Alpha Wolf Enterprises,4,"Marietta, GA",, ,A1
19980407-0,07-APR-1998,Cessna 208B Super Cargomaster,N868FE,"FedEx, op.for Corporate Air",1,near Bismarck Mun...,, ,A1
19980412-0,12-APR-1998,Boeing 737-2H4,P4-NEN,Orient Eagle Airways,0,Almaty Airpo...,,,A1
19980414-0,14-APR-1998,Yakovlev Yak-40,EX-87529,Kyrghyzstan Airlines,0,Dzhalal-Abad,, ,A1
19980420-0,20-APR-1998,Boeing 727-230,HC-BSU,"TAME Ecuador, opf Air France",53,near Bogotá-Eldor...,,,A1
19980423-0,23-APR-1998,Embraer C-95B Bandeirante (EMB-110),2321,Brazilian AF,3,near Resende Airp...,, ,A1
19980423-1,23-APR-1998,Shorts 330-100,TR-LEM,SAFT Gabon,0,La Lope,,,A1
19980424-0,24-APR-1998,Ilyushin Il-62M,YR-IRD,Trans Asian Airlines,0,Istanbul-Ata...,,,A1
19980425-0,25-APR-1998,Lockheed EP-3J Orion,152745,US Navy,0,Brunswick NA...,, ,O1
19980505-0,05-MAY-1998,Boeing 737-282,FAP-351,"Peruvian AF, op.for Occidental Petroleum",75,near Andoas,,,A1
19980507-0,07-MAY-1998,Antonov An-32B,3D-DRV,Southern Gateway,0,near Vaalwater,,,A1
19980507-1,07-MAY-1998,DC-9-32,N948VV,AirTran Airways,0,"near Calhoun, GA",, ,A2
19980508-0,08-MAY-1998,Embraer C-95B Bandeirante (EMB-110),2322,Brazilian AF,4,Barra de Tij...,, ,A1
19980510-0,10-MAY-1998,Lockheed L-1011 TriStar, ,Air Luxor,0,Toronto-Pear...,, ,H2
19980510-1,10-MAY-1998,DHC-8-315 Dash 8,ZS-NLW,South African Express Airways,0,Johannesburg...,,,A2
19980510-2,10-MAY-1998,Airbus A340-312,CS-TOA,TAP,0,Johannesburg...,,,A2
19980511-0,11-MAY-1998,Antonov An-12B,RA-12973,Tyumenaviatrans,0,Luanda-4 de ...,,,A1
19980512-0,12-MAY-1998,Xian Yunshuji Y-7H-500,5T-MAG,Mauritanian AF,39,near Néma Airport...,,,A1
19980512-1,12-MAY-1998,Boeing 767-33AER,ET-AKW,Ethiopian Airlines,0,Cairo Intern...,, ,A2
19980512-2,12-MAY-1998,Airbus A320-231,SU-GBD,EgyptAir,0,Cairo Intern...,,,A2
19980514-0,14-MAY-1998,Cessna 208 Caravan I,N192AV,Baker Aviation,0,near Nome Airport...,, ,A2
19980515-0,15-MAY-1998,Fokker F-28 Fellowship 4000,PK-MGT,Merpati Nusantara,0,Kendari Airp...,,,A1
19980516-0,16-MAY-1998,Fokker F-28 Fellowship 4000,PK-VFY,Manunggal Air,0,Singapore-Se...,,,A1
19980520-0,20-MAY-1998,BAe BAe-748-344 Srs. 2A,ZS-XGY,Intensive Air,0,Johannesburg...,,,O2
19980520-1,20-MAY-1998,Airbus A340-313,EC-GJT,Iberia,0,Johannesburg...,,,O2
19980521-0,21-MAY-1998,Airbus A320-212,G-UKLL,Air UK Leisure,0,Ibiza Airpor...,,,A2
19980524-0,24-MAY-1998,Douglas C-47A (DC-3),N67588,Majestic Air Cargo,0,"near Anchorage, AK",,,A1
19980524-1,24-MAY-1998,Fokker F-27 Friendship 200,AP-BCZ,PIA,0,Hyderabad Ai...,, ,H2
19980525-0,25-MAY-1998,Yakovlev Yak-40,RDPL-34001,Lao Aviation,26,"near Long Tieng, ...",, ,A1
19980526-0,26-MAY-1998,Harbin Yunshuji Y-12 II,JU-1017,MIAT,28,near Erdenet,, ,A1
19980530-0,30-MAY-1998,Convair CV-240-17,N87949,Trans Florida Airlines,0,Aguadilla-Bo...,,,A1
19980602-0,02-JUN-1998,Antonov An-2R,SP-WNF,ZUA,1,,, ,A2
19980603-0,03-JUN-1998,Swearingen SA227-AC Metro III,LV-WIL,Air Tango,0,Santa Fé-Sau...,,,A1
19980605-0,05-JUN-1998,Boeing 727-25F,5Y-BMW,Aero Zambia,0,Asmara Inter...,,,O1
19980617-0,17-JUN-1998,Boeing 737-322,N364UA,United Airlines,0,Denver Inter...,, ,A2
19980618-0,18-JUN-1998,Swearingen SA226-TC Metro II,C-GQAL,Propair,11,Montreal-Mir...,,,A1
19980619-0,19-JUN-1998,Cessna 500 Citation I,N41SH,JJU Aviation,0,Fishers Isla...,, ,A1
19980623-0,23-JUN-1998,Boeing 727, ,Iberia,0,Valencia Air...,, ,H2
19980625-0,25-JUN-1998,BAe 3212 Jetstream 32,LV-VEJ,LAER,0,Buenos Aires...,, ,A2
19980626-0,26-JUN-1998,Beech 200 Super King Air,ZS-MSL,"Federal Aviation, op.for UN",7,near Abidjan Airp...,, ,A1
19980626-2,26-JUN-1998,Lockheed L-100-30 Hercules,N402LC,Lynden Air Cargo,0,Hog River Ai...,, ,A2
19980627-0,27-JUN-1998,Let L-410UVP-E,S2-ADD,Air Parabat,0,near Dhaka,,,A1
