identifiant,date,type,registration,operator,fat.,location, ,pic,cat

19310127-0,27-JAN-1931,Ford 5-AT-B Tri-Motor,NC9647,TWA,0,"Harrisburg, PA",,,A1
19310221-0,21-FEB-1931,Ford Tri-Motor, ,Panagra,0,Arequipa Air...,, ,H2
19310331-0,31-MAR-1931,Fokker F.10A,NC999E,TWA,8,"near Bazaar, KS",, ,A1
19310401-0,01-APR-1931,Ford 5-AT-C Tri-Motor,NC8418,Panagra,0,Ovalle Airpo...,, ,A1
19310417-0,17-APR-1931,Ford 5-AT-C Tri-Motor,CV-FAI,Private,0,"near Mohania, Bihar",, ,A1
19310418-0,18-APR-1931,Junkers F.24ko (G.24),D-896,Deutsche Lufthansa,0,Gex (Ain),, ,A2
19310419-0,19-APR-1931,DH.66 Hercules,G-EBMW,Imperial Airways,0,near Kupang,, ,A1
19310422-0,22-APR-1931,A.W. Argosy II,G-AACH,Imperial Airways,0,London-Croyd...,, ,A1
19310429-0,29-APR-1931,Ford 5-AT-C Tri-Motor,NC421H,National Air Transport,0,"near Elyria, OH",, ,A1
19310611-0,11-JUN-1931,Junkers G.24,SE-AAG,AB Aerotransport,0,Malmö-Bullto...,, ,O1
19310616-0,16-JUN-1931,A.W. Argosy IA,G-EBLO,Imperial Airways,0,Aswan,, ,A1
19310804-0,04-AUG-1931,Fokker F.IX,PH-AFK,KLM,0,Rotterdam-Wa...,, ,A1
19310807-0,07-AUG-1931,Fokker F.10A,X-ABCR,Mexicana,,"Miami, FL",, ,A1
19310809-0,09-AUG-1931,Ford 5-AT-B Tri-Motor,NC9662,American Airways,6,"Cincinnati, OH",, ,A1
19310819-0,19-AUG-1931,Ford 5-AT-B Tri-Motor,NC9554,TWA,0,"Pittsburgh, PA",, ,A1
19310919-0,19-SEP-1931,Ford XB-906 (Tri-Motor),NX9652,Ford Motor Company,2,"near Dearborn, MI",, ,A1
19311027-0,27-OCT-1931,Ford 5-AT-C Tri-Motor,NC427H,National Air Transport,0,"Ashley, IN",, ,A1
19311219-0,19-DEC-1931,Ford 4-AT-E Tri-Motor,NC7119,TWA,1,Oklahoma Cit...,, ,A1
