identifiant,date,type,registration,operator,fat.,location, ,pic,cat

19551229-0,29-DEC-1955,Lockheed 18 Lodestar,N33366,Gulf Oil Corporation,2,"near Londonderry, OH",, ,A1
19551230-0,30-DEC-1955,Martin 2-0-2,N93061,Southwest Airlines,0,San Francisc...,, ,O1

19550110-0,10-JAN-1955,Lockheed 18 Lodestar,N33369,National Airlines,0,St. Petersbu...,, ,A1
19550111-0,11-JAN-1955,Avro Shackleton MR.2,WG531,RAF,9,near Fastnet Rock...,, ,A1
19550111-1,11-JAN-1955,Avro Shackleton MR.2,WL743,RAF,9,near Fastnet Rock...,, ,A1
19550111-2,11-JAN-1955,Fairchild C-119G Flying Boxcar,52-5949,USAF,2,near Smyrna-Sewar...,, ,A1
19550112-0,12-JAN-1955,Martin 2-0-2A,N93211,TWA,13,near Cincinnati/N...,, ,A1
19550112-1,12-JAN-1955,Douglas C-47 (DC-3),N999B,Castleton Inc,2,near Cincinnati/N...,, ,A1
19550113-1,13-JAN-1955,Lisunov Li-2,CCCP-L5000,Aeroflot / Moscow,5,Moscow region,, ,A1
19550115-0,15-JAN-1955,Vickers 701 Viscount,G-AMOK,BEA,0,London Airpo...,, ,A2
19550115-1,15-JAN-1955,Grumman G-73 Mallard,CF-GEU,Hydro-Electric Power Comm. of Ontario,0,near London Airpo...,, ,A1
19550117-0,17-JAN-1955,Lockheed C-121J Super Constellation,131639,US Navy,13,near Stephenville...,, ,A1
19550118-0,18-JAN-1955,Grumman SA-16A Albatross,51-7197,USAF,3,"near Jardín, Anti...",, ,A1
19550119-0,19-JAN-1955,Convair CV-340-13,N73154,United Airlines,0,"near Dexter, IA",, ,A2
19550121-0,21-JAN-1955,Douglas C-47A (DC-3),VT-COZ,Indian Airlines,3,near Gauhati-Borj...,, ,A1
19550122-0,22-JAN-1955,Curtiss C-46F,N1242N,Resort Airlines,0,near Chattanooga-...,, ,A1
19550123-0,23-JAN-1955,Lisunov Li-2,CCCP-L4510,Aeroflot / Ukraine,3,"near Lipovec, Kag...",, ,A1
19550126-0,26-JAN-1955,Douglas C-54G (DC-4),45-569,USAF,0,near Ocean Weathe...,, ,A1
19550127-0,27-JAN-1955,Douglas C-47A (DC-3),43-48091,USAF,,Niigata Air ...,, ,A1
19550201-0,01-FEB-1955,Consolidated PBY-5 Catalina,HK-1000E,Agencia Interamericana,5,La Pedrera A...,, ,A1
19550202-0,02-FEB-1955,Douglas C-47A (DC-3),VT-CVB,Indian Airlines,10,Nagpur,, ,A1
19550205-0,05-FEB-1955,Bristol 170 Freighter 21E,VR-NAD,West African Airways,13,near Calabar,, ,A1
19550213-0,13-FEB-1955,Douglas DC-6,OO-SDB,Sabena,29,Monte Termin...,,,A1
19550214-0,14-FEB-1955,Vickers Valetta C.1,VL271,RAF,,,, ,A1
19550217-0,17-FEB-1955,Lockheed P2V-5 Neptune,128399,US Navy,9,near Anchorage-El...,, ,A1
19550219-0,19-FEB-1955,Martin 4-0-4,N40416,TWA,16,near Albuquerque ...,,,A1
19550221-0,21-FEB-1955,Consolidated Liberator C Mk VI,CC-CAN,ALA,0,Santiago-Los...,, ,A1
19550223-0,23-FEB-1955,Douglas C-47B (DC-3),VP-YKO,Central African Airways,1,Salisbury Ai...,, ,A1
19550225-0,25-FEB-1955,Curtiss C-46,117,Republic of China AF,,unknown,, ,U1
19550301-0,01-MAR-1955,Fairchild C-119G Flying Boxcar,52-5886,USAF,3,near Ashiya Air Base,, ,A1
19550302-0,02-MAR-1955,Handley Page Hastings C.2,WD484,RAF,2,Boscombe Dow...,, ,A1
19550303-0,03-MAR-1955,Fairchild C-119G Flying Boxcar,51-7995,USAF,0,Hagerstown-W...,, ,A1
19550303-1,03-MAR-1955,Douglas C-118A (DC-6),53-3230,USAF,0,Keflavík Int...,, ,A1
19550304-0,04-MAR-1955,Ilyushin Il-12,CCCP-N479,"GUSMP, Directorate of Polar Aviation",4,"near Kepino, Arkh...",, ,A1
19550306-0,06-MAR-1955,Douglas DC-3A,PP-YPZ,REAL,5,Vitoria da C...,, ,A1
19550306-1,06-MAR-1955,Douglas C-54D (DC-4),43-17208,USAF,14,near Taitung,, ,A1
19550306-2,06-MAR-1955,Douglas C-47D (DC-3),43-49549,USAF,,"Clinton, IA",, ,A1
19550307-0,07-MAR-1955,Lockheed 18 Lodestar,XB-ZEH,private,6,near Ciudad de Va...,, ,A1
19550308-0,08-MAR-1955,Douglas DC-3A-228D,XA-DIK,Mexicana,26,near Talpa de All...,, ,A1
19550308-1,08-MAR-1955,Fairchild C-119B Flying Boxcar,49-114,USAF,0,Pittsburgh-G...,, ,A1
19550309-0,09-MAR-1955,Douglas C-47A (DC-3),HK-328,Avianca,8,Cerro Trujillo,, ,A1
19550310-0,10-MAR-1955,Fairchild C-119G Flying Boxcar,51-8095,USAF,0,"near Cullman, AL",, ,A1
19550310-1,10-MAR-1955,CASA 352 (Ju-52),T.2B-226,Spanish AF,1,Jerez De La ...,, ,A1
19550314-0,14-MAR-1955,Douglas C-47A (DC-3),F-BFGN,Air Laos,0,near Phonesavanh ...,, ,A1
19550315-1,15-MAR-1955,Douglas C-53D-DO (DC-3),MM61769,Italian AF,0,near Nairobi,, ,A1
19550317-0,17-MAR-1955,Vickers 616 Viking 1B,VP-YEX,Central African Airways,0,Salisbury-Be...,, ,A1
19550317-1,17-MAR-1955,Amiot AAC.1 (Ju-52),F-BBOF,French Police,,Gonesse,, ,A1
19550318-0,18-MAR-1955,Douglas C-47A (DC-3),F-BAXL,Air France,9,Beauvais-Til...,, ,A1
19550320-1,20-MAR-1955,Convair CV-240-0,N94234,American Airlines,13,near Springfield ...,, ,A1
19550322-0,22-MAR-1955,Douglas R6D-1 (DC-6),131612,US Navy,66,"near Honolulu, HI",, ,A1
19550326-0,26-MAR-1955,Boeing 377 Stratocruiser,N1032V,Pan Am,4,"near Oregon, USA",, ,A1
19550328-0,28-MAR-1955,Vickers Varsity T.1,WJ888,RAF,0,near Colyton,, ,A1
19550329-0,29-MAR-1955,Douglas C-47A (DC-3),VT-CUZ,Airways (India),0,Khowai Airpo...,, ,A1
19550329-1,29-MAR-1955,Avro 691 Lancastrian C.2,VL970,RAF,4,Hucknall Air...,, ,A1
19550401-0,01-APR-1955,Fairchild C-119C Flying Boxcar,51-2665,USAF,0,"near Lapine, AL",, ,A1
19550402-0,02-APR-1955,Vickers Valetta C.1,WD163,RAF,0,Lahad Datu A...,,,A1
19550402-1,02-APR-1955,Curtiss C-46A,N51424,Aaxico Airlines,2,"near Pensacola, FL",, ,A1
19550402-2,02-APR-1955,Lisunov Li-2,CCCP-N497,"GUSMP, Directorate of Polar Aviation",0,near Mys Zhelaniya,, ,A1
19550403-0,03-APR-1955,Curtiss C-46A,PP-ITG,Comp. Itaú de Transportes Aéreos,3,near Vitória-Goia...,, ,A1
19550404-0,04-APR-1955,Douglas DC-6,N37512,United Airlines,3,Islip-MacArt...,,,A1
19550408-0,08-APR-1955,Airspeed AS.57 Ambassador 2,G-AMAB,BEA,0,near Düsseldorf A...,,,A1
19550409-0,09-APR-1955,Martin P5M-1 Marlin,130265,US Navy,4,Norfolk NAS ...,, ,A1
19550411-0,11-APR-1955,Avro 685 York C.1,CF-HMZ,Associated Airways,0,Yellowknife ...,,,A1
19550411-1,11-APR-1955,Lockheed L-749A Constellation,VT-DEP,Air-India,16,near Great Natuna...,, ,C1
19550412-0,12-APR-1955,Avro 685 York C.1,CF-HMX,Arctic Wings,,"Hall Lake, NU",,,A1
19550414-0,14-APR-1955,Lisunov Li-2P,SP-LAE,LOT,0,Katowice,, ,A1
19550414-1,14-APR-1955,Douglas SC-47D (DC-3),43-48765,USAF,0,near Narsarsuaq A...,, ,A1
19550416-0,16-APR-1955,Fairchild C-119G Flying Boxcar,51-8085,USAF,0,Matsushima A...,, ,A1
19550418-0,18-APR-1955,DH-114 Heron 1B,F-BGOI,UAT,12,Mount Kupe,, ,A1
19550418-1,18-APR-1955,Fairchild C-119C Flying Boxcar,51-2648,USAF,0,Ghisonaccia ...,, ,A1
19550418-2,18-APR-1955,Fairchild C-119C Flying Boxcar,51-2645,USAF,0,near Moulins,, ,A1
19550426-0,26-APR-1955,Curtiss C-46D,YV-C-ARD,RANSA,3,near Tanaguarena,, ,A1
19550426-1,26-APR-1955,Vickers Varsity T.1,WF426,RAF,1+ 4,Onnaing,, ,A1
19550427-0,27-APR-1955,Douglas C-124C Globemaster II,52-0991,USAF,0,Iqaluit-Frob...,, ,A1
19550504-0,04-MAY-1955,Boeing KC-97G Stratofreighter,53-0110,USAF,9,near Keflavík Int...,, ,A1
19550508-0,08-MAY-1955,Douglas C-47A (DC-3),42-108869,USAF,1,"near Barnesville, OH",, ,A1
19550508-1,08-MAY-1955,Lisunov Li-2,CCCP-L4098,Aeroflot / Ukraine,4,near Dnepropetrov...,, ,A1
19550513-0,13-MAY-1955,Douglas C-47 (DC-3), ,Burmese AF,7,near Amphur Fang,, ,A1
19550515-0,15-MAY-1955,Douglas C-124C Globemaster II,52-1088,USAF,0,near Thule Air Ba...,, ,A1
19550518-0,18-MAY-1955,Douglas C-47B (DC-3),VP-KKH,East African Airways,20,Mount Kilima...,,,A1
19550520-0,20-MAY-1955,Douglas C-47A (DC-3),LV-ACQ,Aerolineas Argentinas,0,Río Gallegos...,, ,A1
19550520-1,20-MAY-1955,CASA 352 (Ju-52),T.2B-270,Spanish AF,0,Suquez/Lérida,, ,A1
19550521-0,21-MAY-1955,Douglas C-47 (DC-3),YV-C-ALU,LAV,4,near Barcelona,, ,A1
19550523-0,23-MAY-1955,Vickers Valetta C.1,VW834,RAF,0,Fayid RAF St...,, ,A1
19550526-0,26-MAY-1955,Avro 685 York C.1,CF-HMY,Associated Airways,2,near Edmonton Mun...,, ,A1
19550526-1,26-MAY-1955,Lisunov Li-2,CCCP-N535,"GUSMP, Directorate of Polar Aviation",0,central Arct...,, ,A1
19550526-2,26-MAY-1955,Lisunov Li-2,CCCP-N535,Polyarnaya Aviatsiya,0,N73°15' E162...,, ,A1
19550528-0,28-MAY-1955,Douglas C-47D (DC-3),43-48479,USAF,0,near Deftinge,, ,A1
19550603-0,03-JUN-1955,Douglas C-54A (DC-4),F-BFVT,UAT,3,Fort Lamy Ai...,, ,A1
19550604-0,04-JUN-1955,Short Sunderland MR.5,RN288,RAF,4,"near Eastbourne, ...",, ,A1
19550607-0,07-JUN-1955,Lockheed 14-08 Super Electra,CF-TCI,Associated Airways,6,"Winterburn, AB",, ,A1
19550616-0,16-JUN-1955,Lockheed 14-H2 Super Electra,OB-QAG-338,TAPSA,3,Tarapoto Air...,, ,A1
19550616-1,16-JUN-1955,Lockheed L-149 Constellation,PP-PDJ,Panair do Brasil,16,near Asunción-Sil...,, ,A1
19550618-0,18-JUN-1955,Curtiss C-46,XA-LID,Tigres Voladores,2,Leon Airport...,, ,A1
19550618-1,18-JUN-1955,Curtiss C-46A,CF-HVJ,World Wide Airways,2,near Coral Harbou...,, ,A1
19550622-0,22-JUN-1955,Lockheed P2V-5 Neptune,131515,US Navy,0,St Lawrence ...,, ,A1
19550625-0,25-JUN-1955,Douglas C-47 (DC-3), ,Indian AF,11,Agra,, ,A1
19550625-1,25-JUN-1955,Douglas C-47 (DC-3), ,Indian AF,8,Agra,, ,A1
19550627-0,27-JUN-1955,CASA 352 (Ju-52),T.2B-268,Spanish AF,2,near Tétouan,, ,A1
19550629-0,29-JUN-1955,Douglas C-47A (DC-3),43-15594,USAF,10,Sitkinak Isl...,, ,A1
19550630-0,30-JUN-1955,Douglas C-47 (DC-3), ,French AF,4,near Saigon,, ,A1
19550701-0,01-JUL-1955,Antonov An-2,CCCP-L2642,Aeroflot / Northern,0,near Ukhta,, ,A1

19550702-0,02-JUL-1955,Ilyushin Il-12,CCCP-N480,Polyarnaya Aviatsiya,0,Nagurskoye A...,, ,A1
19550703-0,03-JUL-1955,Ford 5-AT-D Tri-Motor,XA-FON,Servicios Aéreos de Chiapas,0,near San Andrés T...,, ,A1
19550711-0,11-JUL-1955,Vickers Varsity T.1,WJ904,RAF,0,near Thorney Isla...,, ,A1
19550712-0,12-JUL-1955,Douglas C-47 (DC-3),N51167,TWA,0,"Kansas City, MO",, ,A2
19550713-1,13-JUL-1955,Curtiss C-46,HK-607,Lineas Interamericana Aérea,3,Capacho,, ,A1
19550714-0,14-JUL-1955,Douglas DC-2-243,XA-DOB,L.A. Unidas,22,near Oaxaca,, ,A1
19550717-0,17-JUL-1955,Convair CV-340-32,N3422,Braniff Airways,22,Chicago-Midw...,,,A1
19550719-0,19-JUL-1955,PBV-1A Canso A (PBY-5A),11095,RCAF,2,Fraser River...,, ,A1
19550726-0,26-JUL-1955,Handley Page Hastings C.2,WJ341,RAF,0,Abingdon RAF...,, ,A1
19550727-0,27-JUL-1955,Lockheed L-149 Constellation,4X-AKC,El Al,58,near Petrich,,,C1
19550729-0,29-JUL-1955,Douglas C-47A (DC-3),43-48213,USAF,0,near Libya,, ,A1
19550801-0,01-AUG-1955,Vickers Valetta C.1,VW143,RAF,0,Sanau,, ,A1
19550803-0,03-AUG-1955,Grumman G-73 Mallard,CF-IOA,Pacific Western,5,"near Kemano, BC",, ,A1
19550804-0,04-AUG-1955,Convair CV-240-0,N94221,American Airlines,30,near Fort Leonard...,, ,A1
19550805-0,05-AUG-1955,Vickers Valetta C.1,VW140,RAF,0,near Fayid RAF St...,, ,A1
19550805-1,05-AUG-1955,Boeing 377 Stratocruiser,N74601,Northwest Orient Airlines,0,Chicago-Midw...,, ,A2
19550805-2,05-AUG-1955,Bristol 170 Freighter 21P,G804,Pakistan AF,,,, ,U1
19550806-0,06-AUG-1955,Ilyushin Il-14,CCCP-L5057,Aeroflot / Magadan,25,near Voronezh Air...,, ,A1
19550810-0,10-AUG-1955,Fairchild C-119G Flying Boxcar,53-3222,USAF,19,Edelweiler,, ,A1
19550810-1,10-AUG-1955,Fairchild C-119G Flying Boxcar,53-7841,USAF,47,Edelweiler,, ,A1
19550819-0,19-AUG-1955,Douglas SC-47A,42-108944,USAF,7,"near Hawthorne, NV",, ,A1
19550823-0,23-AUG-1955,Kaiser-Frazer C-119F Flying Boxcar,51-8165,USAF,5+ 4,near Charleston A...,, ,A1
19550825-0,25-AUG-1955,Grumman SA-16B Albatross,51-7159,USAF,5,near Terceira-Laj...,, ,A1
19550826-0,26-AUG-1955,Douglas DC-3A,PP-CBY,Cruzeiro do Sul,13,"near Castelo, ES",, ,A1
19550829-0,29-AUG-1955,Douglas DC-3-191A,N18945,Continental Air Lines,0,"Hobbs, NM",,,A2
19550830-0,30-AUG-1955,Douglas C-47A (DC-3),VT-AZX,Kalinga Airlines,2,Simra Airpor...,, ,A1
19550901-0,01-SEP-1955,Douglas VC-47D (DC-3),45-893,USAF,12,"near Skwentna, AK",, ,A1
19550902-0,02-SEP-1955,Douglas C-47A (DC-3),XY-ACQ,Union of Burma Airways,9,near Lanywa,, ,A1
19550905-0,05-SEP-1955,Boeing B-17G,CP-597,LAB,3,near Cochabamba,, ,A1
19550905-2,05-SEP-1955,Douglas C-49E (DC-3),CP-572,LAB,0,Cochabamba,, ,A2
19550906-0,06-SEP-1955,Douglas C-124C Globemaster II,50-0097,USAF,1,Albuquerque-...,, ,A1
19550906-1,06-SEP-1955,Kaiser-Frazer C-119J Flying Boxcar,51-8142,USAF,4,near Alexandria-E...,, ,A1
19550908-0,08-SEP-1955,Douglas R4D-1 (DC-3),N74663,Currey Air Transport,3,Hollywood-Lo...,,,A1
19550909-0,09-SEP-1955,Handley Page Hastings,NZ5804,New Zealand AF,0,Darwin RAAF ...,,,A1
19550910-0,10-SEP-1955,Latécoère 631,F-BDRE,France-Hydro,16,near Banyo,, ,A1
19550913-0,13-SEP-1955,Handley Page Hastings C.1,TG584,RAF,5,Dishforth RA...,, ,A1
19550914-0,14-SEP-1955,Avro 685 York C.1,EP-ADA,Persian Air Services,0,near Basra,, ,A1
19550914-1,14-SEP-1955,Curtiss C-46,YV-C-EVL,AVENSA,4,Gulf of Vene...,, ,A1
19550915-0,15-SEP-1955,Ilyushin Il-12,CCCP-L1359,Aeroflot / West Siberia,7,"near Komarovo, Ka...",, ,A1
19550917-0,17-SEP-1955,Bristol 170 Freighter 31,CF-GBT,Pacific Western,2,"near Thorhild, AB",, ,A1
19550920-0,20-SEP-1955,Curtiss C-46A,CP-549,Transaéreos de la Corporación Boliviana de Fomento,0,near La Paz,, ,A1
19550920-1,20-SEP-1955,Vickers Valetta C.1,VW204,RAF,0,near Dishforth RA...,, ,A1
19550920-2,20-SEP-1955,Boeing KC-97F Stratofreighter,51-0373,USAF,0,Bangor-Dow A...,, ,A1
19550921-0,21-SEP-1955,Canadair C-4 Argonaut,G-ALHL,BOAC,15,Tripoli-Idri...,, ,A1
19550921-1,21-SEP-1955,Douglas C-47A (DC-3),F-BCYU,Air France,0,Bordeaux-Mér...,, ,A1
19550921-2,21-SEP-1955,Boeing B-17F,CP-570,LAB,,La Paz-El Al...,, ,A1
19550924-0,24-SEP-1955,Douglas C-54A (DC-4),N90433,Flying Tiger Line,3,"near Honolulu, HI...",,,A1
19550924-1,24-SEP-1955,Douglas SC-47D,43-16145,USAF,7,"near Burns, WY",, ,A1
19550926-0,26-SEP-1955,Lockheed P2V-3W Neptune,131442,US Navy,11,near Jamaica [Car...,, ,A1
19550928-0,28-SEP-1955,Lisunov Li-2,CCCP-L4712,Aeroflot / Northern,7,"near Ozerevo, Bor...",, ,A1
19550929-0,29-SEP-1955,Avro 685 York C.1,CF-HMV,Associated Airways,1,"near Beaverlodge, SK",, ,A1
19550930-0,30-SEP-1955,Vickers Valetta C.1,VW845,RAF,0,Mukeiras Air...,, ,A1
19551002-0,02-OCT-1955,Douglas C-54A (DC-4),OB-PAZ-228,Faucett,21,near Viñac,, ,A1
19551003-0,03-OCT-1955,Vickers Valetta C.2,VX571,RAF,0,Nicosia Airp...,, ,A1
19551004-0,04-OCT-1955,Douglas C-47D (DC-3),44-76445,USAF,,,, ,A1
19551006-0,06-OCT-1955,Douglas DC-4,N30062,United Airlines,66,Medicine Bow...,,,A1
19551010-0,10-OCT-1955,Convair CV-340-58,YU-ADC,JAT,7,near Wien-Schwech...,, ,A1
19551010-1,10-OCT-1955,Vickers 644 Viking 1B,YI-ABQ,Iraqi Airways,0,Baghdad Inte...,, ,A1
19551013-0,13-OCT-1955,Lockheed Neptune MR.1,WX510,RAF,9,"near Barra, Outer...",, ,A1
19551022-0,22-OCT-1955,Short S.25 Sandringham 7,CX-ANA,CAUSA,,,, ,U1
19551025-0,25-OCT-1955,Douglas C-47A (DC-3),CF-HTP,Maritime Central Airways,0,Hall Beach (...,, ,U1
19551026-1,26-OCT-1955,Douglas C-47 (DC-3),XA-HUH,Mexicana,0,near Texcoco,, ,A1
19551031-0,31-OCT-1955,Martin PBM-5 Mariner,59232,US Navy,8,Colón-Coco S...,, ,A1
19551101-0,01-NOV-1955,Douglas DC-6B,N37559,United Airlines,44,"Longmont, CO",, ,C1
19551102-0,02-NOV-1955,Short Sunderland MR.5,SZ581,RAF,0,Wig Bay,, ,O1
19551104-0,04-NOV-1955,Douglas VC-47D (DC-3),43-48276,USAF,4,"near Holyoke, MA",, ,A1
19551105-0,05-NOV-1955,Douglas C-47A (DC-3),XC-ABW,Mexican Government,4,Lake Texcoco,, ,A2
19551109-0,09-NOV-1955,Fairchild C-119G Flying Boxcar,52-5891,USAF,1,"near Hickam AFB, ...",, ,A1
19551114-0,14-NOV-1955,Martin 2-0-2,N172A,Allegheny Airlines,0,Wilmington-N...,,,A1
19551115-0,15-NOV-1955,CASA 352 (Ju-52),T.2-223,Spanish AF,,,, ,U1
19551117-0,17-NOV-1955,Douglas C-54 (DC-4),N88852,Peninsular Air Transport,28,near Seattle-Boei...,, ,A1
19551117-1,17-NOV-1955,Douglas MC-54M (DC-4),44-9068,USAF,14,"near Las Vegas, NV",, ,A1
19551120-0,20-NOV-1955,Douglas C-124A Globemaster II,51-149,USAF,11,Iwo Jima Air...,,,A1
19551121-0,21-NOV-1955,Douglas C-47D,45-879,USAF,4,near Akranes,, ,A1
19551124-1,24-NOV-1955,PBV-1A Canso (PBY-5A),11073,RCAF,3,Johnstone St...,, ,A1
19551126-0,26-NOV-1955,Douglas C-47 (DC-3),HJ250,Indian AF,0,near Agra-Kheria ...,, ,A1
19551130-0,30-NOV-1955,Fairchild C-119G Flying Boxcar,52-5881,USAF,0,near Kagoshima,, ,A1
19551201-0,01-DEC-1955,Douglas C-47B (DC-3),PP-CCC,Cruzeiro do Sul,6,"near Belém, PA",, ,A1
19551202-0,02-DEC-1955,CASA 352 (Ju-52),T.2B-234,Spanish AF,0,Montserrat,, ,A1
19551203-0,03-DEC-1955,Bristol 170 Freighter 31M,9696,RCAF,7,near Marville RCA...,,,A1
19551206-0,06-DEC-1955,Fairchild C-119G Flying Boxcar,53-3214,USAF,0,Spartanburg ...,, ,A1
19551207-0,07-DEC-1955,CASA 352 (Ju-52),T.2B-221,Spanish AF,,,, ,U1
19551207-1,07-DEC-1955,Lockheed P2V-5 Neptune,124899,US Navy,7,"near Kauai, HI",, ,A1
19551209-0,09-DEC-1955,Lisunov Li-2,CCCP-L4993,Aeroflot / Far East,21,Tordoki Yani,, ,A1
19551209-1,09-DEC-1955,Lisunov Li-2,CCCP-L4339,Aeroflot / Kazakstan,7,Tyumen region,, ,A1
19551211-0,11-DEC-1955,Vickers Valetta C.1,VW151,RAF,,,, ,A1
19551212-0,12-DEC-1955,Douglas TC-47A (DC-3),43-16119,USAF,,unknown,, ,A1
19551215-0,15-DEC-1955,Douglas C-47A (DC-3),VH-AOG,Butler Air Transport,0,near Bourke Airpo...,,,A1
19551217-0,17-DEC-1955,Curtiss C-46F,N9904F,Riddle Airlines,2,"near Hollywood, SC",,,A1
19551217-1,17-DEC-1955,Lockheed L-749A Constellation,F-BAZG,Air Algérie,0,Algiers-Mais...,, ,A1
19551217-2,17-DEC-1955,Douglas C-47A (DC-3),XH-SAG,SAHSA,,Nueva Ocotep...,, ,U1
19551219-0,19-DEC-1955,Grumman UF-1G Albatross,2122,US Coast Guard,,,, ,A1
19551220-0,20-DEC-1955,CASA 352 (Ju-52),T.2B-147,Spanish AF,4,"near La Granja, S...",, ,A1
19551221-0,21-DEC-1955,Lockheed L-749A Constellation,N112A,Eastern Air Lines,17,near Jacksonville...,, ,A1
19551221-1,21-DEC-1955,Lisunov Li-2,CCCP-L4981,Aeroflot / Kazakstan,6,near Balkhash Lake,, ,A1
19551222-0,22-DEC-1955,Douglas C-47B (DC-3),G-AMZC,Manx Airlines,3,near Düsseldorf A...,, ,A1
19551222-1,22-DEC-1955,Consolidated PBY-5A Catalina,CF-EPX,Spartan Air Services,1,"near Kyleakin, Sc...",, ,A1
19551222-2,22-DEC-1955,UC-1 Otter (DHC-3),142424,US Navy,0,"near Cape Bird, R...",, ,A1
19551222-3,22-DEC-1955,Avro Shackleton MR.2,WL799,RAF,0,Langar,, ,O1
19551227-0,27-DEC-1955,Fairchild C-119C Flying Boxcar,49-128,USAF,0,Sparrevohn A...,, ,A1
