identifiant,date,type,registration,operator,fat.,location, ,pic,cat

19870529-0,29-MAY-1987,Junkers Ju-52/3m,HB-HOS,Ju-Air,0,near Koblenz-Winn...,, ,A2
19870531-0,31-MAY-1987,Cessna 501 Citation I/SP,D-IAEC,Travel Air,2,near Lübeck-Blank...,, ,A1
19870599-0,??-MAY-1987,BAe BAe-748-314 Srs. 2A LFD,JW9008,Tanzanian AF,0,Lake Manyara...,,,A1
19870605-0,05-JUN-1987,Grumman G-73T Turbo Mallard, ,Virgin Islands Seaplane Shuttle,0,San Juan,, ,H2
19870605-1,05-JUN-1987,BN-2A Islander,YV-230C,Rutaca,10,within Bolivar State,, ,A1
19870609-0,09-JUN-1987,Boeing 727-90C,N766AS,Alaska Airlines,0,Anchorage In...,,,O1
19870610-0,10-JUN-1987,BN-2A-21 Defender,308,Oman AF,,,, ,U1
19870611-0,11-JUN-1987,Antonov An-26,YA-BAL,Bakhtar Afghan,53,near Khost,, ,C1
19870613-0,13-JUN-1987,DHC-6 Twin Otter 100,C-FWGE,Athabaska Airways,0,near Maudsley Lak...,, ,A1
19870613-1,13-JUN-1987,Let L-410M,CCCP-67239,Aeroflot / Yakutsk,,,, ,O1
19870613-2,13-JUN-1987,Antonov An-2R,CCCP-70129,Aeroflot / Yakutsk,,,, ,O1
19870615-0,15-JUN-1987,Antonov An-32, ,Afghan AF,5,near Kandahar,, ,A1
19870616-0,16-JUN-1987,Embraer C-95 Bandeirante (EMB-110),2185,Brazilian AF,0+ 1,"Manaus, AM",, ,A1
19870616-1,16-JUN-1987,Boeing 737-2T4,B-2514,CAAC,0,Fuzhou Yixu ...,, ,A2
19870616-2,16-JUN-1987,Douglas DC-4-1009,C-GPFG,Calm Air International,0,Hidden Bay A...,,,A1
19870616-3,16-JUN-1987,Martin 4-0-4,CP-1570,CAMBA,0,Paraparau,,,A1
19870618-0,18-JUN-1987,Antonov An-26,FAP-392,Peruvian AF,46,near Saposoa Airp...,, ,A1
19870619-1,19-JUN-1987,Yakovlev Yak-40,CCCP-87826,Aeroflot / Ukraine,8,Berdyansk Ai...,, ,A1
19870620-0,20-JUN-1987,BN-2A-20 Islander,P2-KAD,Kiunga Aviation,2,near Lae,, ,A1
19870621-0,21-JUN-1987,Antonov An-32, ,Afghan AF,3,near Kandahar,, ,C1
19870621-1,21-JUN-1987,Fokker F-27 Friendship 200,XY-ADP,Burma Airways,45,near Hopong,, ,A1
19870622-0,22-JUN-1987,Lockheed L-100-30 Hercules,N20ST,Southern Air Transport,0,Dayton Airpo...,,,A2
19870623-0,23-JUN-1987,Beech B200 Super King Air,N859DD,Private,0,Jasper-Walke...,, ,A1
19870623-1,23-JUN-1987,Hawker Siddeley HS-748,HC-BAZ,TAME Ecuador,0,Lago Agrio A...,, ,A1
19870624-0,24-JUN-1987,BN-2A-26 Islander,VP-FBG,FIGAS,0,Brookfield Farm,, ,A1
19870624-1,24-JUN-1987,Beech 200C Super King Air,N617MS,Midwest Energy Development,0,Madisonville...,, ,A1
19870626-0,26-JUN-1987,Hawker Siddeley HS-748,RP-C1015,Philippine Air Lines,50,near Baguio-Loaka...,, ,A1
19870701-0,01-JUL-1987,Lockheed C-130E Hercules,68-10945,USAF,4+ 1,"Fort Bragg, NC",, ,A1
19870706-0,06-JUL-1987,Fokker F-27 Friendship 100,VT-DMB,Vayudoot,0,Cooch Behar ...,, ,A2
19870710-0,10-JUL-1987,Antonov An-2R,HA-MBS,Ministry for Agriculture and Nutrition,0,,, ,O1
19870710-1,10-JUL-1987,Antonov An-2,YR-PBE,Aviatia Utilitara,,,, ,A1
19870712-0,12-JUL-1987,Antonov An-12, ,Soviet AF,,Kandahar Air...,, ,C1
19870713-0,13-JUL-1987,Douglas DC-3-314B,N28364,KDD Aviation,1,Ciudad Camargo,, ,A1
19870717-0,17-JUL-1987,Beech B200 Super King Air,N1870S,private,4,"Crystal Bay, NV",, ,A1
19870717-1,17-JUL-1987,BN-2A-27 Islander,EC-CKL,Aerovisión,0,Sabadell Air...,, ,A2
19870718-0,18-JUL-1987,PBV-1A Canso (PBY-5A),C-FPQP,Gouvernement du Québec,1,"Lac Cache, ON",, ,A1
19870720-0,20-JUL-1987,GAF Nomad N.24A,ZK-NMD,Air Safaris & Services,0,Tekapo Aerod...,, ,A1
19870720-1,20-JUL-1987,Antonov An-2TP,CCCP-40556,Aeroflot / Yakutsk,,,, ,A1
19870721-0,21-JUL-1987,Antonov An-2TP,CCCP-02763,Aeroflot / Yakutsk,,,, ,A1
19870723-0,23-JUL-1987,Tupolev Tu-134A-3,CCCP-65874,Aeroflot / Ukraine,,Ivanovo Airp...,, ,A1
19870723-1,23-JUL-1987,IAI Arava 201, ,Guatemala AF,3,near El Petén,, ,A1
19870724-0,24-JUL-1987,DC-10-30,TU-TAL,Air Afrique,1,Genève-Coint...,, ,H2
19870725-0,25-JUL-1987,Embraer EMB-110P Bandeirante,PT-GKT,Rio Sul,0,Santo Angelo...,, ,A1
19870728-0,28-JUL-1987,Douglas C-53-DO (DC-3),N39DT,La Mesa Leasing,0,Laredo Inter...,,,A1
19870730-0,30-JUL-1987,Boeing C-97G Stratofreighter,HI-481,Belize Air Int.,5+ 44,Mexico City,,,A1
19870731-0,31-JUL-1987,Fokker 100,PH-MKH,Fokker,0,Amsterdam-Sc...,,,A2
19870731-1,31-JUL-1987,Learjet 23,N28ST,DHL Airways,2,near Guatemala Ci...,, ,A1
19870804-0,04-AUG-1987,Antonov An-2, ,Unknown,,within Khövsgöl Pro...,, ,A1
19870804-2,04-AUG-1987,Boeing 737-2A1,CC-CHJ,LAN Chile,1,Calama-El Lo...,,,A1
19870808-0,08-AUG-1987,Ilyushin Il-76M,5A-DKK,Libyan Arab Rep. Air Force,,Sebha Airpor...,, ,A1
19870813-0,13-AUG-1987,Antonov An-26, ,Afghan AF,12,,, ,C1
19870813-1,13-AUG-1987,Antonov An-12BP, ,Soviet AF,0,near Gardez,, ,C2
19870814-0,14-AUG-1987,Antonov An-28,CCCP-28741,Aeroflot / Komi,0,Ust-Nem,, ,A1
19870815-1,15-AUG-1987,Douglas C-47B (DC-3),5Y-DAK,Sunbird Aviation,0,Kilaguni,, ,A1
19870816-2,16-AUG-1987,DC-9-82 (MD-82),N312RC,Northwest Airlines,154+ 2,Detroit-Metr...,,,A1
19870820-0,20-AUG-1987,DC-9-31,N908AX,Airborne Express,0,Newburgh-Ste...,, ,A2
19870820-1,20-AUG-1987,DC-8-63F,N951R,Rosenbalm Aviation,0,Newburgh-Ste...,, ,A2
19870821-0,21-AUG-1987,BN-2B-27 Islander,G-BLDX,Air Furness,0,Ainsdale San...,, ,A1
19870822-0,22-AUG-1987,Boeing 767-231ER,N609TW,TWA,0,Belleville-S...,,,A2
19870822-1,22-AUG-1987,Antonov An-2R,CCCP-01641,Aeroflot / West Siberia,0,near Novosibirsk,, ,A1
19870823-0,23-AUG-1987,Boeing B-17G Flying Fortress,N93012,The Collings Foundation,0,Beaver Falls...,, ,A2
19870828-0,28-AUG-1987,Antonov An-2, ,Aeroflot / Ukraine,0,near Alisovo (Bli...,,,A1
19870831-0,31-AUG-1987,Boeing 737-2P5,HS-TBC,Thai Airways,83,near Phuket Inter...,,,A1
19870901-0,01-SEP-1987,Antonov An-26, ,Afghan AF,6,near Khost,, ,C1
19870904-0,04-SEP-1987,Cessna 208 Caravan I,N807LA,Martinaire,0,"Bulverde, TX",, ,A1
19870907-0,07-SEP-1987,Antonov An-12TB,CCCP-12971,Aeroflot / Magadan,,Omsk,, ,A1
19870908-0,08-SEP-1987,Hawker Siddeley VU-93 (HS-125-403B),2129,Brazilian AF,9,near Carajás Airp...,, ,A1
19870908-1,08-SEP-1987,unknown, ,LOT,0,,, ,H2
19870908-2,08-SEP-1987,Airbus A310-222,5N-AUG,Nigeria Airways,0,Port Harcour...,, ,A2
19870909-0,09-SEP-1987,Antonov An-2R,SP-WMS,ZUA,,Melka Shedi,, ,A1
19870910-0,10-SEP-1987,Lockheed SP-2E Neptune,N96271,Black Hills Aviation,2,White Sands ...,,,A1
19870912-0,12-SEP-1987,Beech 200 Super King Air,G-WSJE,National Airways,1,"Rayleigh, Essex",, ,A1
19870913-0,13-SEP-1987,Antonov An-26, ,Soviet AF,15,Kunduz,, ,C1
19870916-0,16-SEP-1987,Fairchild C-119G Flying Boxcar,N48076,Hawkins & Powers,3,Castle Crags...,, ,A1
19870917-1,17-SEP-1987,KC-10A Extender,82-0190,USAF,1,Shreveport-B...,,,O1
19870918-0,18-SEP-1987,BN-2A-6 Islander,C-GTPB,Borealis Exploration,,Caribou Horn...,, ,A1
19870920-0,20-SEP-1987,Douglas C-47 Dakota IV,6843,South African AF,0,near Bloemfontein,, ,A1
19870921-0,21-SEP-1987,Airbus A300B4-203,SU-BCA,EgyptAir,5,Luxor Airpor...,,,A1
19870924-0,24-SEP-1987,Let L-410MU,CCCP-67249,Aeroflot / Yakutsk,0,Yakutsk Airp...,, ,A1
19870924-1,24-SEP-1987,Swearingen SA227-AC Metro III,N2689E,Horizon Air,0,Twin Falls C...,, ,A1
19870925-1,25-SEP-1987,Douglas C-47A (DC-3),12-036,Turkish AF,,Ankara-Etime...,, ,A1
19870930-0,30-SEP-1987,Dassault Falcon 20DC,EC-ECB,Air Truck / DHL,0,Las Palmas-A...,,,A1
19870930-1,30-SEP-1987,Beech A100 King Air,N32RL,Avantair,0,Gold Beach M...,, ,A1
19871008-0,08-OCT-1987,Volpar Turboliner II,N9231,Connie Kalitta,1,Memphis Inte...,,,A1
19871011-0,11-OCT-1987,Dassault Falcon 20D,EC-EFI,Drenair,0,"near Keflavik, Ic...",,,A1
19871011-1,11-OCT-1987,DHC-6 Twin Otter 310,HK-2920,Aeroejecutivos Colombia,2,El Poleo,,,A1
19871011-2,11-OCT-1987,Fokker F-27 Friendship 500,XY-AEL,Burma Airways,49,near Pa-An,, ,A1
19871014-0,14-OCT-1987,Lockheed L-100-30 Hercules,HB-ILF,Zimex Aviation,6+ 2,near Kuito,,,C1
19871015-0,15-OCT-1987,ATR 42-312,I-ATRH,ATI,37,Conca di Crezzo,,,A1
19871015-1,15-OCT-1987,Dassault Falcon 10,N121FJ,Falcon Jet,3,Rancho Murie...,, ,A1
19871018-2,18-OCT-1987,Let L-410UVP,CCCP-67334,Aeroflot / Privolzhsk,0,Saratov Airp...,, ,A1
19871019-0,19-OCT-1987,Antonov An-12BK,CCCP-12162,MAP Kom na Amu APO,9,Komsomol'sk-...,, ,A1
19871019-1,19-OCT-1987,Beech B200 Super King Air,G-MDJI,Artix,1,near Leeds/Bradfo...,, ,A1
19871021-0,21-OCT-1987,Antonov An-12BK, ,Soviet AF,18,Kabul Airpor...,, ,A1
19871022-0,22-OCT-1987,Antonov An-26, ,Soviet AF,8,near Jalalabad Ai...,, ,C1
19871023-0,23-OCT-1987,Cessna 208A Cargomaster,N828FE,Federal Express,1,"near Fairfield, CA",, ,A1
19871026-0,26-OCT-1987,Beech 300 Super King Air, ,Unknown,0,Ciudad Mante,, ,H2
19871028-0,28-OCT-1987,Convair CV-640,N3411,SMB Stage Line,0,near Bartlesville...,,,A1
19871031-0,31-OCT-1987,BN-2A-26 Islander,N25MR,Onyx Aviation,2,Desert Cente...,, ,A1
19871099-0,??-OCT-1987,BN-2A-26 Islander,TZ-ADN,Live Air,,,, ,U1

19871101-0,01-NOV-1987,Boeing 737-2A8,VT-EDS,Indian Airlines,0,Bangalore-Hi...,, ,A2
19871106-0,06-NOV-1987,Boeing 767, ,Air Canada,0,San Francisc...,, ,H2
19871106-1,06-NOV-1987,Shorts SC.7 Skyvan 3-100,7Q-YMB,Air Malawi,10,near Ulongwe,, ,C1
19871110-0,10-NOV-1987,DHC-4A Caribou,C-GVYX,Kenn Borek Air,2,near Ross River A...,,,A1
19871115-0,15-NOV-1987,Douglas DC-9-14,N626TX,Continental Air Lines,28,Denver-Stapl...,,,A1
19871116-0,16-NOV-1987,Lockheed C-130A Hercules,TT-PAC,Chad AF,,,, ,A1
19871116-1,16-NOV-1987,Beech 200 Super King Air,N334DP,Danpar Aviation,8,"Jefferson, WI",, ,A1
19871118-0,18-NOV-1987,Douglas C-47B (DC-3),P2-006,PNG Defence Force,0,Lae-Nadzab A...,, ,A1
19871119-0,19-NOV-1987,Cessna 500 Citation I,OH-CAR,Air Carelia,0,Tuusula,,,A1
19871119-1,19-NOV-1987,Volpar Turboliner,N10AS,Connie Kalitta,0,Saint Clair ...,, ,A1
19871121-0,21-NOV-1987,Douglas C-47B (DC-3),2034,TAM Paraguay,0,Mayor Pablo ...,, ,A1
19871122-0,22-NOV-1987,Swearingen SA226-TC Metro II,F-GCTE,Compagnie Aérienne du Languedoc,0,Le Puy,,,A1
19871123-0,23-NOV-1987,Beech 1900C,N401RA,Ryan Air Service,18,Homer Airpor...,,,A1
19871127-0,27-NOV-1987,Cessna 208 Caravan I,ZK-SFB,Outdoor Aviation,2,near Haumuri Bluffs,, ,A1
19871128-0,28-NOV-1987,Boeing 747-244B,ZS-SAS,South African Airways,159,near Mauritius,,,A1
19871129-0,29-NOV-1987,Boeing 707-3B5C,HL7406,Korean Air,115,"near Tavoy, Myanm...",,,C1
19871199-0,??-NOV-1987,Antonov An-2R,YU-BOD,Privredna Avijacija Osijek,,near Djakovo,, ,U1
19871201-0,01-DEC-1987,Lockheed C-130H Hercules,4X-FBU/448,Israeli AF,0,Hayoun,, ,A1
19871204-0,04-DEC-1987,BN-2A-6 Islander,C-GOMC,Wilderness Airline,4,near Mount Waddin...,, ,A1
19871205-0,05-DEC-1987,Hawker Siddeley HS-125-400A,N400PH,Scott Cable Communications,2,Lexington-Bl...,, ,A1
19871205-1,05-DEC-1987,Boeing 737-2B7,N319AU,USAir,0,"Deptford, NJ",, ,A2
19871207-0,07-DEC-1987,BAe-146-200,N350PS,PSA,43,"near Paso Robles, CA",,,C1
19871207-1,07-DEC-1987,Hawker Siddeley HS-748,HS-THH,Bangkok Airways,0,Udon Thani A...,, ,A1
19871207-2,07-DEC-1987,Howard 250 Tri-Gear,N400NY,Nicole Corp.,0,Dallas-Redbi...,, ,A1
19871208-0,08-DEC-1987,Douglas DC-3-313,CP-1059,TASMI,0,San Ignacio ...,,,A1
19871208-1,08-DEC-1987,Fokker F-27 Friendship 400M,AE-560,Peruvian Navy,42,near Lima-Jorge C...,,,A1
19871208-2,08-DEC-1987,BN-2A-2 Islander,P2-MIB,Talair,1,near Kanabea,, ,A1
19871209-0,09-DEC-1987,Lockheed LC-130R Hercules,159131,US Navy,2,D-59 Station,,,A1
19871209-1,09-DEC-1987,BN-2A-21 Islander,IN-132,Indian AF,0,near Cochin NAS (...,, ,A1
19871213-1,13-DEC-1987,Shorts 360-300,EI-BTJ,Philippine Air Lines,15,near Iligan Airpo...,, ,A1
19871214-0,14-DEC-1987,Antonov An-32,D2-FA.,Angolan AF,,,, ,U1
19871214-1,14-DEC-1987,BAe 3101 Jetstream 31,N331PX,"Northwest Airlink, opb Express Airlines",0,Joplin Airpo...,, ,A1
19871214-2,14-DEC-1987,Lockheed C-130H Hercules,2468,Brazilian AF,29,near Fernando de ...,, ,A1
19871215-0,15-DEC-1987,Antonov An-2R,CCCP-06324,Aeroflot / North Kavkaz,,Pyatigorsk,, ,A1
19871217-0,17-DEC-1987,Swearingen SA226-TC Metro II,N23AZ,AVAir,0,Washington-D...,, ,A1
19871221-0,21-DEC-1987,Embraer EMB-120RT Brasilia,F-GEGH,"Air Littoral, op.for Air France",16,near Bordeaux-Mér...,,,A1
19871221-1,21-DEC-1987,Douglas DC-6BF,YN-BFO,Aeronica,0,Boca San Carlos,,,A1
19871221-2,21-DEC-1987,Antonov An-26, ,Soviet AF,1,near Kabul Airpor...,, ,C1
19871223-0,23-DEC-1987,Boeing 737-306,PH-BDE,KLM,0,Roma-Fiumici...,,,H2
19871225-0,25-DEC-1987,unknown, ,Iran Air,0,Mashhad Airp...,, ,H2
19871227-1,27-DEC-1987,DC-9-31,N8948E,Eastern Air Lines,0,Pensacola Re...,,,A1
19871228-0,28-DEC-1987,Douglas C-47B (DC-3),ET-AGO,Ethiopian Airlines,0,near Goba Airport...,, ,A2
19871230-0,30-DEC-1987,DHC-6 Twin Otter 300,PK-NUY,Merpati Nusantara,17,near Samarinda,, ,A1
19871299-0,??-DEC-1987,BN-2A-20 Islander,P2-COG,Co-Air,,,, ,U1
19879999-0,??-???-1987,BN-2B-26 Islander,XA-MAO,Aero Taxco,,,, ,U1
19879999-1,??-???-1987,BN-2A-8 Islander,PT-JYC,VOTEC,,,, ,U1
19879999-4,??-???-1987,Douglas DC-3C,N62109,Private,,Dahra-Wareho...,, ,A1

19870102-0,02-JAN-1987,CASA C-212 Aviocar 100,T.12B-32,Spanish AF,22,near Bata Airport...,,,A1
19870103-0,03-JAN-1987,Boeing 707-379C,PP-VJK,Varig,50,near Abidjan-Feli...,,,A1
19870106-1,06-JAN-1987,SE-210 Caravelle 10B1R,SE-DEC,Transwede,0,Stockholm-Ar...,,,A1
19870107-0,07-JAN-1987,Douglas C-54D (DC-4),9Q-CAG,Kinair Cargo,,,,,A1
19870108-0,08-JAN-1987,Boeing 707-323C,OD-AHB,MEA,0,Beirut Inter...,,,C1
19870110-0,10-JAN-1987,DC-10-30,5N-ANR,Nigeria Airways,0,Ilorin Airpo...,,,A1
19870110-1,10-JAN-1987,Antonov An-2,R109,Angolan AF,,,, ,U1
19870110-2,10-JAN-1987,BN-2A Islander, ,Philippine AF,9,near Pilas Island...,, ,A1
19870110-3,10-JAN-1987,DC-9, ,New York Air,0,Washington-D...,, ,H2
19870112-0,12-JAN-1987,BN-2A-20 Islander,C-GIRH,Trillium Air,1,near Toronto Isla...,, ,A1
19870113-0,13-JAN-1987,NAMC YS-11A-213,N906TC,Mid Pacific Airlines,0,"Remington, IN",, ,A1
19870113-1,13-JAN-1987,Antonov An-12, ,Ethiopian AF,54,near Asmara Inter...,, ,A1
19870114-0,14-JAN-1987,Antonov An-32,D2-FA.,Angolan AF,,,, ,U1
19870114-1,14-JAN-1987,Learjet C-21A (Learjet 35A),84-0121,USAF,2,Montgomery-M...,, ,A1
19870114-2,14-JAN-1987,Learjet 35A,HB-VGC,Fidinam Fiduciara,0,Lugano Airpo...,, ,A2
19870115-0,15-JAN-1987,Swearingen SA226-TC Metro II,N163SW,SkyWest Airlines,8,"Kearns, UT",,,A1
19870115-1,15-JAN-1987,Antonov An-2,R108,Angolan AF,,,, ,U1
19870115-2,15-JAN-1987,Boeing 707-365C,PT-TCP,Transbrasil,0,"near Jaboatão, PE",, ,A2
19870116-0,16-JAN-1987,Yakovlev Yak-40,CCCP-87618,Aeroflot / Uzbekistan,9,Tashkent-Yuz...,, ,A1
19870116-1,16-JAN-1987,Cessna 208 Caravan I,N9613F,California Air Charter,1,"Cima, CA",, ,A1
19870118-0,18-JAN-1987,Fokker F-27 Friendship 200,G-BMAU,BMA,0,near East Midland...,,,A1
19870119-0,19-JAN-1987,Antonov An-2,R102,Angolan AF,,,, ,U1
19870123-0,23-JAN-1987,Antonov An-24RV,BNMAU-7710,MIAT,,Ulan Bator-B...,, ,A1
19870125-0,25-JAN-1987,Yakovlev Yak-40,CCCP-87696,Aeroflot / Northern,0,Tarnogsky Go...,, ,A1
19870127-0,27-JAN-1987,Fokker F-27 Friendship 200,PT-LCF,Brasil Central,0,Varginha Air...,, ,A1
19870130-0,30-JAN-1987,Cessna U-27A Caravan I,ARU-021,Liberian Army,16,near Monrovia,, ,A1
19870202-0,02-FEB-1987,Curtiss C-46F,CP-909,TASMI,0,near San Ignacio ...,, ,A1
19870203-0,03-FEB-1987,Canadair CL-215,UD.13-18,Spanish AF,2,near San Juan,, ,A1
19870205-0,05-FEB-1987,Swearingen SA226-AT Merlin IV,D-IEWK,RFG,0,München-Riem...,,,A1
19870205-1,05-FEB-1987,Learjet 55,F-GDHR,Aero France,11,near Jakiri,,,A1
19870206-0,06-FEB-1987,Embraer EMB-110P2 Bandeirante,P2-RDM,Talair,14,near eastern coast,,,A1
19870207-0,07-FEB-1987,DHC-6 Twin Otter 300,8Q-GIA,Inter Atoll Air,0,Felvoru,, ,A1
19870207-1,07-FEB-1987,Antonov An-12TB,CCCP-11378,Aeroflot / Magadan,,Sverdlovsk A...,, ,A1
19870209-0,09-FEB-1987,Antonov An-26, ,Afghan AF,36,near Khost Airpor...,, ,C1
19870209-1,09-FEB-1987,BN-2A Trislander Mk.III-1,G-OCME,Air West,0,near Liverpool In...,, ,A1
19870211-0,11-FEB-1987,CASA C-212 Aviocar 200,808,Zimbabwe AF,3,,, ,A1
19870211-1,11-FEB-1987,Beech 99,N699CA,Catskill Airways,0,Oneonta Muni...,, ,A2
19870213-0,13-FEB-1987,Boeing KC-135A,60-0330,USAF,0,"Altus AFB, O...",,,A1
19870216-0,16-FEB-1987,Convair CV-240-24,N93218,IAI,0,Tel Aviv-Ben...,,,O1
19870217-0,17-FEB-1987,Beech 200T Super King Air,JA8825,Japan Maritime Safety Agency,5,near Fukuoka Airp...,, ,A1
19870219-0,19-FEB-1987,Antonov An-26, ,Soviet AF,9,near Stadnitsa,, ,A1
19870223-0,23-FEB-1987,DC-9-41,SE-DAT,SAS,0,Trondheim-Væ...,,,A1
19870224-0,24-FEB-1987,BN-2A-21 Islander,PK-VIR,Dirgantara Air Services,4,within Kalimantan,, ,A1
19870227-0,27-FEB-1987,BAe-146-200A,N356PS,PSA,0,Fresno Air T...,, ,A2
19870299-1,??-FEB-1987,BN-2A-26 Islander,B-12207,Yung Shing Airlines,,,, ,U1
19870304-0,04-MAR-1987,CASA C-212 Aviocar 200,N160FB,"Northwest Airlink, opb Fischer Brothers Aviation",9,Detroit-Metr...,,,A1
19870305-0,05-MAR-1987,Embraer EMB-110P2 Bandeirante,N890AC,Mid-Continent Airlines,0,Norfolk-Stef...,, ,A2
19870306-0,06-MAR-1987,Antonov An-26,CCCP-26007,Aeroflot / Tajikistan,9,near Alma-Ata,, ,A1
19870307-0,07-MAR-1987,Boeing 727, ,Alaska Airlines,0,Anchorage In...,, ,H2
19870309-0,09-MAR-1987,Douglas DC-3-201G,N78B,International Flight Center,3,Provincia In...,, ,A1
19870309-1,09-MAR-1987,Douglas C-47A (DC-3),N49454,Aero Express,3,near Guarita,,,C1
19870310-1,10-MAR-1987,Swearingen SA226-AT Merlin IV,C-GJWW,Soundair,0,Boston-Logan...,, ,A2
19870311-0,11-MAR-1987,Antonov An-24RV,CU-T1262,Cubana,1,Havana-José ...,, ,H2
19870313-0,13-MAR-1987,Antonov An-22,CCCP-09334,Soviet AF,0,Addis Ababa-...,,,A1
19870313-1,13-MAR-1987,Boeing KC-135A,60-0361,USAF,6+ 1,Spokane-Fair...,, ,A1
19870321-1,21-MAR-1987,Antonov An-26, ,Libyan Arab Rep. Air Force,,Wadi Doum,, ,C1
19870321-2,21-MAR-1987,Antonov An-26,8213,Libyan Arab Rep. Air Force,,Wadi Doum,, ,C1
19870324-0,24-MAR-1987,Convair CV-580,N73107,"Metroflight, op.for American Eagle",0,Dallas/Fort ...,,,A2
19870325-1,25-MAR-1987,CASA C-212-MR Aviocar 200,ARV-0402,Venezuelan Navy,3,near Higuerote,,,A1
19870326-0,26-MAR-1987,Embraer C-95B Bandeirante (EMB-110),2324,Brazilian AF,3,near Rio de Janei...,, ,A1
19870327-0,27-MAR-1987,Learjet 24A,N31SK,Connie Kalitta,3,"near Eagle, CO",,,A1
19870330-0,30-MAR-1987,Antonov An-26, ,Afghan AF,,Miranshah area,, ,C1
19870331-0,31-MAR-1987,Antonov An-2P,SP-DNM,ZUA,2,near Pilisszentlélek,, ,A1
19870402-0,02-APR-1987,Ilyushin Il-76MD,CCCP-76679,Soviet AF,8,Lake Sivash,, ,A1
19870402-1,02-APR-1987,Ilyushin Il-76MD,CCCP-76685,Soviet AF,8,Lake Sivash,, ,A1
19870404-1,04-APR-1987,DC-9-32,PK-GNQ,Garuda,23,Medan-Poloni...,, ,A1
19870406-0,06-APR-1987,Beech 1900,N811BE,Business Express,0,Boston-Logan...,, ,A2
19870408-0,08-APR-1987,Lockheed L-100-30 Hercules,N517SJ,Southern Air Transport,5,Fairfield-Tr...,,,A1
19870411-0,11-APR-1987,Boeing 707-330C,PT-TCO,Transbrasil,0,Manaus-Eduar...,,,A1
19870413-0,13-APR-1987,Boeing 707-351C,N144SP,Burlington Air Express,4,near Kansas City ...,,,A1
19870413-1,13-APR-1987,Beech 200 Super King Air,ZS-KMT,Barlow Rand,3,near Johannesburg...,, ,A1
19870413-2,13-APR-1987,Douglas DC-3C,VT-DFM,"Air Works India, op.for ONGC",0,Jaisalmer Ai...,, ,A1
19870419-0,19-APR-1987,Shorts SC.7 Skyvan 3-200,N20DA,Air Cargo Carriers,0,Denver-Stapl...,, ,A2
19870420-0,20-APR-1987,DHC-3 Otter,C-FRWK,Propair,,"Lac Placier, QC",, ,A1
19870423-0,23-APR-1987,Antonov An-2,R34,Angolan AF,,,, ,U1
19870423-1,23-APR-1987,Swearingen SA226-TC Metro II,N505LB,Air-Lift Commuter,2,Wilmington-N...,, ,A1
19870424-0,24-APR-1987,Antonov An-2,CCCP-62566,Aeroflot / Yakutsk,0,Soviet Arcti...,, ,O1
19870426-0,26-APR-1987,Curtiss C-46D,RP-C189,Unknown,2,near Panay,,,A1
19870427-0,27-APR-1987,Dornier 228-100,A4O-CP,Oman Police,0,Al Jaylah,, ,A1
19870428-0,28-APR-1987,Hawker Siddeley HS-748,HS-THI,Thai Airways,0,Chiang Rai A...,,,A1
19870499-0,??-APR-1987,BN-2A-26 Islander,B-11111,Taiwan Airlines,,,, ,U1
19870499-1,??-APR-1987,Antonov An-2R,CCCP-56436,Aeroflot / North Kavkaz,,,, ,A1
19870504-0,04-MAY-1987,GAF Nomad N.22SL,P-817,Indonesian Navy,3,near Pulau Mapur,, ,A1
19870505-0,05-MAY-1987,unknown, ,Iran Air,0,Tehran-Mehra...,, ,H2
19870507-0,07-MAY-1987,Douglas C-47B (DC-3),2008,TAM Paraguay,,Bahia Negra,, ,U1
19870508-0,08-MAY-1987,CASA C-212 Aviocar 200,N432CA,"American Eagle, opb Executive Air Charter",2,near Mayagüez Air...,,,A1
19870508-1,08-MAY-1987,Douglas DC-6BF,CP-1650,Frigorifico Reyes,0,La Paz-El Al...,,,A1
19870509-0,09-MAY-1987,Ilyushin Il-62M,SP-LBG,LOT,183,near Warszawa-Oke...,,,A1
19870511-1,11-MAY-1987,Douglas C-47J (DC-3),C-FADD,Northland Air Manitoba,2,"near Pickle Lake, ON",, ,A1
19870511-2,11-MAY-1987,Lockheed C-130 Hercules, ,Sudan AF,5,Wau,, ,A1
19870512-0,12-MAY-1987,Learjet 35A,N100EP,Corporate Jets,2,West Mifflin...,, ,A1
19870513-0,13-MAY-1987,Kaiser-Frazer C-119L Flying Boxcar,N8504X,Northern Pacific Transport,0,"Shageluk, AK",, ,A1
19870519-0,19-MAY-1987,DHC-6 Twin Otter 300,CP-1018,YPFB,14,Savannas hil...,,,A1
19870519-1,19-MAY-1987,Boeing 747-219B, ,Air New Zealand,0,Nadi Interna...,, ,H2
19870523-0,23-MAY-1987,Antonov An-26,CCCP-26567,Aeroflot / Yakutsk,,near Khandyga,, ,A1
19870523-1,23-MAY-1987,DHC-6 Twin Otter 300,PK-NUW,Merpati Nusantara,8,near Ruteng,, ,A1
19870525-0,25-MAY-1987,DHC-6 Twin Otter 100,PK-MAM,MAF,7,near Ilaga (ILA),, ,A1
19870526-1,26-MAY-1987,BAe 3101 Jetstream 31,N331CY,"Continental Express, opb Air New Orleans",0,New Orleans ...,,,A1
19870527-0,27-MAY-1987,Antonov An-2R,CCCP-70501,Aeroflot / Latvia,0,near Visby,,,A1
19870528-0,28-MAY-1987,Douglas C-47 (DC-3), ,Guatemala AF,12,near Flores-Santa...,, ,A1
