identifiant,date,type,registration,operator,fat.,location, ,pic,cat

19490102-0,02-JAN-1949,Douglas C-47A (DC-3),NC79025,Seattle Air Charter,14,Seattle-Boei...,, ,A1
19490102-1,02-JAN-1949,Douglas C-54B (DC-4),1801,Israeli AF,,near Tel Aviv,, ,A1
19490104-0,04-JAN-1949,Douglas C-47 (DC-3), ,Maszovlet,0,München-Riem...,, ,H2
19490104-1,04-JAN-1949,Douglas VC-47D (DC-3),43-48405,USAF,8,"near Weimar, CA",, ,A1
19490105-0,05-JAN-1949,Curtiss C-46A, ,private,0,Zacatecas Ai...,, ,A1
19490105-1,05-JAN-1949,Avro 685 York I,G-AHEX,BSAA,3,Caravelas Ba...,, ,A1
19490106-0,06-JAN-1949,Douglas C-47A (DC-3),NC53210,Coastal Cargo,2,"Brandywine, MD",, ,A1
19490106-1,06-JAN-1949,Douglas C-47B (DC-3),EP-ACI,Iranian Airways,,Birjand Airp...,, ,U1
19490107-0,07-JAN-1949,Douglas C-54G (DC-4),45-543,USAF,6,near Garstang,, ,A1
19490107-1,07-JAN-1949,Breguet 730, ,French Navy,2,near Arzew,, ,A1
19490107-2,07-JAN-1949,Douglas C-47A (DC-3),43-15931,USAF,3,"near Mineral, WA",, ,A1
19490108-0,08-JAN-1949,Douglas C-47A (DC-3),F-BCYO,Air Algérie,0,Lyon-Bron Ai...,, ,A1
19490109-0,09-JAN-1949,Lisunov Li-2,CCCP-L4261,Aeroflot / Uralsk,3,near Kazan,, ,A1
19490111-0,11-JAN-1949,Lockheed 18 Lodestar,PP-SAC,SAVAG - Viação Aérea Gaucha,8,near Pelotas-Fede...,, ,A1
19490112-0,12-JAN-1949,Douglas C-54D (DC-4),42-72629,USAF,3,near Frankfurt Rh...,, ,A1
19490114-0,14-JAN-1949,Fairchild C-82A Packet,44-23010,USAF,3,near Fayetteville...,, ,A1
19490115-0,15-JAN-1949,Douglas C-47A (DC-3),ZS-AYB,Pan African Air Charter,0,Ras-el-Tin,, ,A1
19490116-0,16-JAN-1949,Douglas C-47B (DC-3),VT-CDZ,Dalmia Jain Airways,13,near Banihal Pass,, ,A1
19490117-0,17-JAN-1949,Curtiss C-46A,OB-OAD-233,ANDES,0,Rio Yavari,, ,A1
19490117-1,17-JAN-1949,Avro 688 Tudor 4B,G-AGRE,BSAA,20,western Atla...,, ,A1
19490117-2,17-JAN-1949,Beech 34 Twin Quad,NX90521,Beechcraft,1,Wichita-Beec...,,,A1
19490117-3,17-JAN-1949,Douglas Dakota III (DC-3),987,RCAF,0,"near Churchill, MB",, ,A1
19490118-0,18-JAN-1949,Douglas C-54G (DC-4),45-563,USAF,1,near Fassberg,, ,A1
19490119-0,19-JAN-1949,Ilyushin Il-12P,CCCP-L1381,Aeroflot / Moscow,8+ 2,near Stalino Airp...,, ,A1
19490120-0,20-JAN-1949,Douglas C-47A (DC-3),NC91006,Alaska Airlines,5,"near Homer, AK",,,A1
19490121-1,21-JAN-1949,Lockheed P2V-2 Neptune,39323,US Navy,0,Roosevelt Ro...,, ,A1
19490122-0,22-JAN-1949,Douglas C-47A (DC-3),SE-BBN,SAS,,Luleå-Kallax...,, ,A1
19490123-0,23-JAN-1949,Douglas R4D-6 (DC-3),17263,US Navy,5,"near Toledo, OH",, ,A1
19490124-0,24-JAN-1949,Douglas Dakota IV (DC-3),KN491,RAF,8,near Utecht,, ,A1
19490126-1,26-JAN-1949,Curtiss C-46F,NC1241N,"USAF, op.for Pan Am",0,Asmara Inter...,, ,A1
19490127-0,27-JAN-1949,Douglas C-47 (DC-3),NC17713,United Airlines,0,"Alameda, CA",, ,A1
19490129-0,29-JAN-1949,Lisunov Li-2T,CCCP-L4491,Aeroflot / Northern,3,Nizhnyaya Pe...,, ,A1
19490130-0,30-JAN-1949,Lockheed L-749 Constellation,NC86530,Pan Am,0,near Port Washing...,, ,A2
19490130-1,30-JAN-1949,unknown, ,CNAC,0,Tainan,, ,H2
19490201-0,01-FEB-1949,Avro 685 York I,G-AGJD,BOAC,0,Tripoli-Cast...,,,A1
19490203-1,03-FEB-1949,Junkers Ju-52/3m,CCCP-L54,Aeroflot / East Siberia,0,between Chit...,, ,A1
19490204-0,04-FEB-1949,Douglas C-54A (DC-4),G-AJPL,Skyways,1,near Tripoli-Cast...,, ,A1
19490205-0,05-FEB-1949,Consolidated PBY-5A Catalina,HK-134,Avianca,5,Buenaventura...,, ,A1
19490206-0,06-FEB-1949,Douglas C-47A (DC-3),NC54335,AECA,2,Guayaquil,, ,A1
19490207-0,07-FEB-1949,Junkers Ju-52/3m,CCCP-I511,MAP Tyumen No. 26,1,"near Mezenka, Bel...",, ,A1
19490208-0,08-FEB-1949,Vickers 628 Viking 1B,OY-DLU,SAS,27,near Barsebäck [Ö...,, ,A1
19490210-0,10-FEB-1949,Douglas C-47B (DC-3),OB-PAV-223,Faucett,16,near Huánuco,, ,A1
19490210-1,10-FEB-1949,Douglas DC-3,XT-T72,Lutheran Mission,0,Paiyang,, ,A1
19490215-0,15-FEB-1949,Douglas R5D-2 (C-54B),90386,US Navy,0,Oberpfaffenh...,, ,A1
19490215-1,15-FEB-1949,Douglas C-54M (DC-4),44-9062,USAF,0,Celle RAF St...,, ,A1
19490216-1,16-FEB-1949,Douglas C-47 (DC-3), ,Private,0,Montevideo,, ,A1
19490217-1,17-FEB-1949,Douglas C-47D (DC-3),45-1138,USAF,8,near San Antonio ...,, ,A1
19490219-0,19-FEB-1949,Douglas Dakota C.3,G-AHCW,BEA,10,near Exhall,,,A1
19490221-0,21-FEB-1949,Short S.25 Sunderland 3,G-AGJO,BOAC,0,"Hythe, Hamps...",, ,O1
19490222-0,22-FEB-1949,Curtiss C-46A, ,Golden North Airways,0,Annette Isla...,, ,A1
19490224-0,24-FEB-1949,Douglas C-47A (DC-3),VR-HDG,Cathay Pacific,23,"North Point,...",, ,A1
19490224-1,24-FEB-1949,Douglas DC-3, ,TAM Peru,22,Cuzco Airpor...,, ,A1
19490228-0,28-FEB-1949,Lockheed R5O-3 (Lodestar),01007,US Navy,,,, ,A1
19490228-1,28-FEB-1949,Douglas C-47B (DC-3),43-16256,USAF,9,Cerro Colorado,, ,A1
19490301-0,01-MAR-1949,Fairchild C-82A Packet,44-23035,USAF,0,"near Bragança, PA",, ,A1
19490302-0,02-MAR-1949,Douglas C-54B (DC-4),NC34537,TWA,0,Gander Airpo...,, ,A2
19490304-0,04-MAR-1949,Douglas C-54E (DC-4),44-9086,USAF,1,near Bad Langensalza,, ,A1
19490305-1,05-MAR-1949,Curtiss C-46D,44-77335,USAF,6,near Okinawa-Naha...,, ,A1
19490309-0,09-MAR-1949,Douglas C-54D (DC-4),42-72464,USAF,0,near Celle,, ,A2
19490310-0,10-MAR-1949,Lockheed 18 Lodestar,VH-BAG,Queensland Airlines,21,Coolangatta ...,, ,A1
19490311-0,11-MAR-1949,Douglas C-47 (DC-3),NC56800,LANICA,,Puerto Cabezas,, ,A1
19490311-1,11-MAR-1949,Boeing B-17G,F-BEEB,IGN,5,near Nkolafamba,, ,A1
19490312-0,12-MAR-1949,Lisunov Li-2,CCCP-L4335,Aeroflot / Tajikistan,11,Mount Bel-Auty,, ,A1
19490312-1,12-MAR-1949,Amiot AAC.1 (Ju-52), ,French AF,23,Hoang Su Phi,, ,A1
19490315-0,15-MAR-1949,Avro 685 York I,G-AHFI,Skyways,3,near Berlin-Gatow,, ,A1
19490316-0,16-MAR-1949,Douglas DC-2-243,VH-ARC,Guinea Air Traders,0,Kerowagi,, ,A1
19490318-0,18-MAR-1949,Lockheed C-60A Lodestar,ZK-AKX,New Zealand National Airways,15,near Paraparaumu ...,, ,A1
19490322-0,22-MAR-1949,Curtiss C-46A,HK-63,L.A. Transatlantica Colombia,0,Barranquilla...,, ,O1
19490322-1,22-MAR-1949,Douglas Dakota IV (DC-3),KJ970,RAF,3,near Lübeck,, ,A1
19490322-2,22-MAR-1949,Lockheed 14-08 Super Electra,CF-TCK,Kenting Aviation,0,Kingston-Pal...,,,A1
19490324-0,24-MAR-1949,Fairchild C-82A Packet,45-57798,USAF,0,near Resolute Bay...,, ,A2
19490326-0,26-MAR-1949,Curtiss C-46F,NC1664M,"Freight Air, lsf USAF",0,near Campeche,, ,A1
19490327-0,27-MAR-1949,Consolidated PBY-6A Catalina,64028,US Navy,0,near Johnston Island,, ,A1
19490329-0,29-MAR-1949,Douglas DC-2-243,PP-MGA,Aerovias Brasil,0,Belo Horizon...,, ,A1
19490330-0,30-MAR-1949,Douglas C-47B (DC-3),43-48295,USAF,0,near Edgar Spring...,, ,A1
19490406-0,06-APR-1949,Handley Page Hastings C.1,TG534,RAF,0,Schleswiglan...,, ,A1
19490406-1,06-APR-1949,Douglas C-47D (DC-3),43-49249,Hellenic AF,7,near Pirsogianni,, ,C1
19490407-0,07-APR-1949,Avro 691 Lancastrian C.1,VH-EAS,Qantas,0,Dubbo Airpor...,, ,A1
19490407-1,07-APR-1949,Vickers 632 Viking 1B,VT-CIZ,Air-India,0,Marve Beach,, ,A1
19490409-0,09-APR-1949,SNCASE SE.161/P7 Languedoc,F-BATU,Air France,0,Nice Airport...,, ,A1
19490420-0,20-APR-1949,Douglas C-47A (DC-3),PP-ASB,TCA,0,Porto Nacion...,, ,A1
19490421-0,21-APR-1949,Avro 685 York C.1,MW188,RAF,0,Gütersloh Ai...,, ,A1
19490423-0,23-APR-1949,Douglas C-47A (DC-3),SX-BAF,TAE,0,Athens-Hassa...,, ,A1
19490429-0,29-APR-1949,Douglas DC-3, ,TARS,0,Thessaloniki...,, ,H2
19490429-1,29-APR-1949,Lisunov Li-2,CCCP-L4464,Aeroflot / Yakutsk,14,near Kirensk,, ,A1
19490504-0,04-MAY-1949,Curtiss C-46F, ,Continental Charters,0,Saint Thomas...,, ,A1
19490504-1,04-MAY-1949,Fiat G.212CP,I-ELCE,ALI,31,near Torino-Aerit...,,,A1
19490505-0,05-MAY-1949,Curtiss C-46A,PP-DKF,private,2,"near Abaetetuba, PA",, ,A1
19490506-0,06-MAY-1949,Bristol 170 Freighter 31,G-AIFF,Bristol,7,near Portland Lig...,, ,A1
19490507-0,07-MAY-1949,Douglas C-47B (DC-3),PI-C98,Philippine Air Lines,13,near Alabat Islan...,, ,C1
19490509-0,09-MAY-1949,Douglas C-47 (DC-3), ,Ecuador Air Force,11,Volcán Tungu...,, ,A1
19490510-0,10-MAY-1949,Avro 691 Lancastrian XPP,G-AKDP,Flight Refuelling,0,near Schwerin,, ,A1
19490513-0,13-MAY-1949,Curtiss C-46D,HC-SIB,Transandina Ecuador,0,Quito-Marisc...,, ,A1
19490513-1,13-MAY-1949,Ilyushin Il-12P,CCCP-L1791,Aeroflot / Moscow,25,near Novosibirsk-...,, ,A1
19490515-0,15-MAY-1949,Consolidated PBY-5A Catalina,34014,US Navy,,Detroit Rive...,, ,A1
19490518-0,18-MAY-1949,Douglas C-47A (DC-3),KG635,RCAF,,"Yellowknife, NT",, ,A1
19490520-0,20-MAY-1949,Fairchild C-82A Packet,48-572,USAF,0,Isachsen Air...,, ,A1
19490523-0,23-MAY-1949,Douglas Dakota IV (DC-3),KP276,RAF,0,North Luffen...,, ,A1
19490526-0,26-MAY-1949,Douglas C-54D (DC-4),43-17230,USAF,,Celle RAF St...,, ,A2
19490527-0,27-MAY-1949,Curtiss C-46F,N5615V,Trans-Air Hawaii,2,"Maui, HI",, ,A1

19490530-0,30-MAY-1949,Douglas R5D-3 (C-54D),56532,US Navy,0,Stephenville...,, ,A1
19490602-0,02-JUN-1949,Curtiss C-46,XT-520,Central Air Transport,3,near Chongqing,, ,A1
19490603-0,03-JUN-1949,Curtiss C-46D,YV-C-ARE,RANSA,0,Miami Intern...,, ,A1
19490606-0,06-JUN-1949,Douglas C-47A (DC-3),SX-BAI,TAE,22,near Athens,, ,A1
19490606-1,06-JUN-1949,Douglas C-47B (DC-3),2023,Brazilian AF,28,near Florianópoli...,,,A1
19490607-0,07-JUN-1949,Curtiss C-46D,NC92857,Strato-Freight,53,near San Juan-Isl...,, ,A1
19490609-1,09-JUN-1949,PBV-1A Canso (PBY-5A),CF-CRQ,Canadian Pacific,,"Osisko Lake, QC",, ,A1
19490613-0,13-JUN-1949,Douglas R4D-6 (DC-3),17279,US Navy,7,near Santa Monica...,, ,A1
19490613-1,13-JUN-1949,Douglas DC-3, ,El Al,0,Kolunda,, ,A1
19490619-0,19-JUN-1949,Avro 685 York C.1,G-ALBX,Skyways,0,Neustadt,, ,A1
19490619-1,19-JUN-1949,Consolidated PBY-5 Catalina,N1096M,La Legión Caribe,4,near Luperón,, ,C1
19490622-0,22-JUN-1949,Convair CV-240-0,N94266,American Airlines,0,near Memphis Muni...,, ,A1
19490622-2,22-JUN-1949,Douglas C-47B (DC-3),348283,French AF,,unknown,, ,A1
19490623-0,23-JUN-1949,Lockheed L-749-79-33 Constellation,PH-TER,KLM,33,near Bari,,,A1
19490624-0,24-JUN-1949,Catalina IVB (PBY-5A),VH-EAX,"RAAF, op.for Qantas",0,Lord Howe Is...,, ,A1
19490624-1,24-JUN-1949,Douglas R5D-4 (C-54E),90400,US Navy,0,Stephenville...,, ,A1
19490625-0,25-JUN-1949,Douglas C-54E (DC-4),44-9050,USAF,0,Berlin-Tempe...,, ,A1
19490626-0,26-JUN-1949,Avro 691 Lancastrian C.4,G-AKFH,Skyways,0,Berlin-R.A.F...,, ,A1
19490626-1,26-JUN-1949,Curtiss C-46A,4X-ACG,Israeli AF,0,Avraham,, ,A1
19490702-0,02-JUL-1949,Douglas C-47A (DC-3),VH-MME,MacRobertson Miller Airlines,18,near Guildford Ai...,, ,A1
19490702-1,02-JUL-1949,Douglas Dakota IV (DC-3),KN303,RAF,0,Singapore-Se...,, ,A1
19490709-0,09-JUL-1949,Lockheed 18 Lodestar,NC10000,Fairbanks Morse and Company,3,"near Roanoke, IL",, ,A1
19490709-1,09-JUL-1949,Junkers Ju-52,1036/32 S-1,French Navy,18,near Zaouit Massa,, ,A1
19490711-0,11-JUL-1949,Douglas C-47A (DC-3),VR-HDQ,Hong Kong Airways,0,Hong Kong-Ka...,, ,A1
19490712-0,12-JUL-1949,Curtiss C-46E,N79978,Standard Airlines,35,"near Chatsworth, CA",, ,A1
19490712-1,12-JUL-1949,Lockheed L-749-79-33 Constellation,PH-TDF,KLM,45,near Bombay-Santa...,, ,A1
19490712-2,12-JUL-1949,Douglas C-54D (DC-4),42-72476,USAF,3,near Rathenow,, ,A1
19490714-0,14-JUL-1949,Fairchild EC-82A Packet,44-23014,USAF,1,Dayton-Wrigh...,, ,A1
19490714-2,14-JUL-1949,Douglas C-47A (DC-3),42-92095,USAF,,"Chicago, IL",, ,A1
19490716-0,16-JUL-1949,Handley Page Hastings C.1,TG611,RAF,5,Berlin-Tegel...,, ,A1
19490716-1,16-JUL-1949,Douglas C-47B (DC-3),349050,French AF,9,near Mersa Matruh,, ,A1
19490719-0,19-JUL-1949,Curtiss C-46F,N5075N,Air Transport Associates,2+ 1,Seattle-Boei...,, ,A1
19490721-0,21-JUL-1949,Ilyushin Il-12P,CCCP-L1714,Aeroflot / Moscow,13,"near Marga, Nizhn...",, ,A1
19490722-0,22-JUL-1949,Consolidated PBY-5 Catalina,46564/22-S3,French Navy,17,near Agadir,, ,A1
19490730-0,30-JUL-1949,Douglas DC-3-201D,NC19963,Eastern Air Lines,15,Chesterfield...,, ,A1
19490730-1,30-JUL-1949,Avro 685 York C.1,MW145,RAF,0,Wunstorf RAF...,, ,A1
19490801-0,01-AUG-1949,Lisunov Li-2,CCCP-L4354,Aeroflot / Northern,2,near Naberezhniye...,, ,A1
19490802-0,02-AUG-1949,Curtiss C-46D,PP-VBI,Varig,5,"Jaquirana, RS",, ,A1
19490803-0,03-AUG-1949,Douglas C-47A (DC-3),PP-AJB,L.A. Brasileiras,0,"near Joinville, SC",, ,A1
19490806-0,06-AUG-1949,Bristol 170 Freighter 21,HC-SBU,Shell Ecuador,34,near Salasaca Hill,, ,A1
19490807-0,07-AUG-1949,Douglas DC-3A,NC45379,Capital Airlines,0,"Milwaukee, WI",, ,A2
19490809-0,09-AUG-1949,Douglas Dakota IV (DC-3),KN336,RAF,12,near Salalah Airp...,,,A1
19490810-0,10-AUG-1949,Curtiss C-46A,CB-37,LAB,,Rurrenabaque,, ,A1
19490811-0,11-AUG-1949,Convair CV-240-13,NC91241,Northeast Airlines,0,Portland Air...,, ,A1
19490813-0,13-AUG-1949,Douglas C-47 (DC-3),HK-1200,SAETA,32,near Bojacá,, ,A1
19490814-1,14-AUG-1949,Douglas C-47A (DC-3),6063,Turkish AF,7,near Ankara,, ,A1
19490815-0,15-AUG-1949,Douglas C-54A (DC-4),N79998,Transocean Air Lines,8,near Lurga Point,, ,A1
19490815-1,15-AUG-1949,Lockheed 18 Lodestar,4X-ACL,Israeli AF,,near Paris,, ,A1
19490816-0,16-AUG-1949,Ford 5-AT-C Tri-Motor,XA-GIJ,LAGOSA,0,Putla,, ,A1
19490816-1,16-AUG-1949,Avro Canada C102 Jetliner,CF-EJD-X,Avro Canada,0,Toronto-Malt...,,,A2
19490819-0,19-AUG-1949,Douglas Dakota III (DC-3),G-AHCY,BEA,24,near Manchester-R...,,,A1
19490820-0,20-AUG-1949,Ilyushin Il-12,CCCP-L1434,Aeroflot / Georgia,8,near Polukotelnik...,, ,A1
19490821-0,21-AUG-1949,Amiot AAC.1 (Ju-52),F-BANQ,CATI,3,Lao Kay,, ,A1
19490821-1,21-AUG-1949,PBV-1A Canso A (PBY-5A),11057,RCAF,21,Bigstone Lak...,, ,A1
19490822-0,22-AUG-1949,Douglas C-47A (DC-3),F-BEFK,STAAP,1,near Laghouat,, ,A1
19490825-0,25-AUG-1949,Ilyushin Il-12P,CCCP-L1844,Aeroflot / International,14,near Kabansk,, ,A1
19490827-0,27-AUG-1949,Douglas C-47B (DC-3),OO-CBK,Sabena,5,Léopoldville,, ,A1
19490827-1,27-AUG-1949,Catalina IVB (PBY-5A),VH-EAW,"RAAF, op.for Qantas",,"Rose Bay, Sy...",, ,A1
19490828-1,28-AUG-1949,Douglas C-47 (DC-3),CB-33,LAB,0,Cochabamba A...,, ,C1
19490829-0,29-AUG-1949,Douglas Dakota IV (DC-3),KN544,RAF,0,North Luffen...,, ,A1
19490831-0,31-AUG-1949,Bristol 170 Freighter IA,T-39,Argentine AF,0,"Ituzaingó, BA",, ,A1
19490901-0,01-SEP-1949,Douglas DC-3,XA-GAO,TAJ,1,El Tuito,, ,A1
19490902-1,02-SEP-1949,Douglas C-47D (DC-3),43-48713,USAF,7,"near Anchorage, AK",, ,A1
19490903-0,03-SEP-1949,Fairchild C-82A Packet,45-57823,USAF,2,near Collinsville...,, ,A1
19490905-0,05-SEP-1949,Lisunov Li-2,CCCP-I772,MAP Omsk Aviation Plant,0,near Kazan-Boriso...,, ,A1
19490906-0,06-SEP-1949,Lockheed 18 Lodestar,CB-26,LAB,,Sucre,, ,C1
19490907-0,07-SEP-1949,Douglas Dakota IV (DC-3),KN536,RAF,3,near Taiping,, ,A1
19490909-0,09-SEP-1949,Douglas C-47 (DC-3),CF-CUA,Canadian Pacific,23,Sault-aux-Co...,,,C1
19490912-0,12-SEP-1949,Lockheed 18 Lodestar,CB-26,LAB,0,Santa Cruz-E...,, ,C1
19490913-0,13-SEP-1949,Douglas C-47A (DC-3),VR-HDW,Cathay Pacific,0,Anisakan,, ,A1
19490913-1,13-SEP-1949,Douglas Dakota IV (DC-3),KJ865,RAF,0,Netheravon R...,, ,A1
19490913-2,13-SEP-1949,Douglas Dakota IV (DC-3),KN323,RAF,,unknown,, ,A1
19490913-3,13-SEP-1949,Douglas C-47D (DC-3),43-49123,USAF,5,Barter Islan...,, ,A1
19490916-0,16-SEP-1949,Lisunov Li-2, ,LOT,0,Nyköping-F11...,, ,H2
19490916-1,16-SEP-1949,Avro 691 Lancastrian C.2,VM730,RAF,0,,, ,A1
19490920-0,20-SEP-1949,Ilyushin Il-12,CCCP-L1462,Aeroflot / Kazakstan,3,near Savasleyka,, ,A1
19490926-0,26-SEP-1949,Douglas DC-3A,XA-DUH,Mexicana,24,Mount Popoca...,, ,A1
19490926-1,26-SEP-1949,Handley Page Hastings C.1,TG499,RAF,3,Beacon Hill,, ,A1
19490927-0,27-SEP-1949,Douglas C-54A (DC-4),LV-ABI,FAMA,5,"near Castilla, BA",, ,A1
19490929-0,29-SEP-1949,Lockheed 18 Lodestar,NC2020,General Electric,0,near Newark Airpo...,, ,A1
19490929-1,29-SEP-1949,Fairchild C-82A Packet,48-582,USAF,3,"near McCleary, WA",, ,A1
19490930-0,30-SEP-1949,Consolidated PBY-5A Catalina,PP-BLB,T.A. Bandeirantes,3,"Iguape, SP",, ,A1
19491004-0,04-OCT-1949,Douglas Dakota IV (DC-3),KN282,RAF,0,Waterbeach R...,, ,O1
19491005-0,05-OCT-1949,Douglas C-47D (DC-3),43-16386,USAF,9,Mount Mitche...,, ,A1
19491008-0,08-OCT-1949,Douglas Dakota IV (DC-3),KN435,RAF,0,Tripoli-Cast...,, ,A1
19491009-0,09-OCT-1949,Curtiss C-46E,NC59485,Slick Airways,3,near Cheyenne Air...,, ,A1
19491009-1,09-OCT-1949,Douglas C-47A (DC-3),43-16062,USAF,0,Isachsen Air...,, ,A1
19491010-1,10-OCT-1949,Douglas DC-3-277B,XA-HOU,Aerovías Coahuila,8,near Saltillo,, ,A1
19491014-0,14-OCT-1949,Curtiss C-46A,2057,Brazilian AF,0,near Machacamarca,, ,A1
19491016-0,16-OCT-1949,Fiat G.212CP,SU-AFX,SAIDE,0,Alexandria A...,, ,A1
19491018-0,18-OCT-1949,SNCASE SE.200,F-BAIY,Unknown,0,Étang de Ber...,, ,A1
19491020-0,20-OCT-1949,Douglas C-54A (DC-4),F-BBDS,Air France,0,near Karachi Airp...,, ,A1
19491022-0,22-OCT-1949,Douglas C-47A (DC-3),F-BFGH,STA,,Malakal,, ,A1
19491022-1,22-OCT-1949,Lockheed 18 Lodestar,NC69008,Golden Airways,0,San Diego In...,, ,O1
19491025-0,25-OCT-1949,Bristol 170 Freighter IA,T-28,Argentine AF,6,Bolson de Bu...,,,A1
19491028-0,28-OCT-1949,Lockheed L-749-79-46 Constellation,F-BAZN,Air France,48,Redondo Moun...,, ,A1
19491028-1,28-OCT-1949,Grumman G-73 Mallard,NC2956,Superior Oil Corp.,6,London Heath...,, ,A1
19491101-0,01-NOV-1949,Douglas C-54B (DC-4),N88727,Eastern Air Lines,55,near Washington-N...,, ,A1
19491101-1,01-NOV-1949,Lisunov Li-2P,HA-LIK,Maszovlet,6,Pécs/Pogany ...,, ,A1
19491103-0,03-NOV-1949,Short Sunderland V, ,French Navy,4,near Toulon,, ,A1

19491104-0,04-NOV-1949,Douglas R4D-1 (DC-3),NC29086,Harrington's Inc,3,Akron/Canton...,, ,A1
19491104-1,04-NOV-1949,Lockheed 18 Lodestar,CF-TCU,Pacific Petroleum,0,Calgary Muni...,, ,A1
19491104-2,04-NOV-1949,Fairchild C-82A Packet,44-22996,USAF,1+ 1,near Shreveport-B...,, ,A1
19491107-0,07-NOV-1949,Avro 691 Lancastrian C.1,G-AGMM,BOAC,,Tripoli-Cast...,, ,U1
19491108-0,08-NOV-1949,Douglas C-47B (DC-3),XT-805,Civil Air Transport,,near Mengzi,, ,A1
19491111-0,11-NOV-1949,Curtiss C-46,YV-C-AQG,T.A. Transandino,,Las Piedros,, ,U1
19491113-0,13-NOV-1949,Douglas C-47A (DC-3),UBT-705,Burmese AF,,Lanywa,, ,A1
19491115-1,15-NOV-1949,Avro 685 York C.1,MW297,RAF,0,Nairobi-Civi...,, ,A1
19491117-0,17-NOV-1949,Douglas C-47A (DC-3),HS-TA180,Trans Asiatic Airlines,,Yangon-Minga...,, ,A1
19491119-0,19-NOV-1949,Douglas C-47A (DC-3),NC54337,Meteor Air Transport,2+ 1,"Detroit, MI",,,A2
19491120-0,20-NOV-1949,Douglas C-47A (DC-3),PH-TFA,Aero Holland,34,near Oslo-Fornebu...,,,A1
19491120-1,20-NOV-1949,Short Sunderland GR.5,NJ176,RAF,5,Seletar Island,,,A1
19491124-0,24-NOV-1949,Bristol 170 Freighter 21E,EC-ADK,Aviaco,0,Menorca-Mahó...,, ,A1
19491126-0,26-NOV-1949,Douglas C-47 (DC-3),HK-305,LANSA,12,Páramo Bogueche,, ,A1
19491127-0,27-NOV-1949,Douglas C-47B (DC-3),F-OABJ,Aigle Azur,10,near Dong Khe,, ,C1
19491128-0,28-NOV-1949,Douglas C-54A (DC-4),F-BELO,Air France,5,near Saint-Just-C...,, ,A1
19491128-1,28-NOV-1949,Vickers Valetta C.1,VW160,RAF,0+ 1,Deversoir RA...,, ,A1
19491129-0,29-NOV-1949,Douglas DC-6,N90728,American Airlines,28,Dallas-Love ...,,,A1
19491199-0,??-NOV-1949,Savoia-Marchetti SM-95C,I-LATI,LATI,0,Villa Cisner...,, ,A1
19491201-0,01-DEC-1949,Douglas C-47 (DC-3),PP-YPM,REAL,20,Ribeirão Cla...,, ,A1
19491202-0,02-DEC-1949,PB2B-1 Canso B,PK-AKC,Bataafse Petroleum Mij.,6,Muntok Bay,,,A1
19491204-0,04-DEC-1949,Curtiss C-46, ,Civil Air Transport,0,Guangxi prov...,, ,A1
19491207-0,07-DEC-1949,Douglas C-47A (DC-3),NC60256,California Arrow Airlines,9,"near Vallejo, CA",, ,A1
19491209-0,09-DEC-1949,Curtiss C-46D,XT-820,Civil Air Transport,38,near Lanzhou,, ,A1
19491209-1,09-DEC-1949,Douglas DC-3, ,TARS,1,Beograd-Dojn...,, ,H2
19491209-2,09-DEC-1949,Douglas C-47 (DC-3), ,Unknown,8,near Baja California,, ,A1
19491210-0,10-DEC-1949,Curtiss C-46D,XT-814,Civil Air Transport,17,Haikou,, ,A1
19491212-0,12-DEC-1949,Douglas DC-3-313A,NC25691,Capital Airlines,6,near Washington-N...,, ,A1
19491212-1,12-DEC-1949,Douglas C-53 (DC-3),AP-ADI,Pakair,26,Jungshahi,, ,A1
19491216-0,16-DEC-1949,Douglas DC-3A,XA-DUK,Mexicana,17,Orizaba,, ,A1
19491216-1,16-DEC-1949,unknown, ,LOT,0,Bornholm-Røn...,, ,H2
19491218-0,18-DEC-1949,Douglas C-47A (DC-3),OO-AUQ,Sabena,8,Aulnay-sous-...,, ,A1
19491218-1,18-DEC-1949,Lockheed L-049 Constellation,NC86501,TWA,0,Chicago Muni...,,,A2
19491219-0,19-DEC-1949,Douglas C-47A (DC-3),PP-AXG,Aerovias Brasil,6,"near Vitoria, ES",, ,A1
19491221-0,21-DEC-1949,Douglas C-47A (DC-3),VP-CAT,Air Ceylon,0,Tiruchirappa...,, ,A1
19491222-0,22-DEC-1949,Douglas R4D-7 (DC-3),39101,US Navy,0,near Edenton MCAS...,, ,A1
19491223-0,23-DEC-1949,Avro 691 Lancastrian C.3,I-AHBX,Alitalia,0,Dakar-Yoff A...,, ,A1
19491230-0,30-DEC-1949,Douglas C-54A (DC-4),VT-CYK,Bharat Airways,0+ 7,Comilla,, ,A1
19491230-1,30-DEC-1949,Lisunov Li-2,CCCP-L4704,Aeroflot / Moscow,3,near Sverdlovsk-K...,, ,A1
19499999-0,??-???-1949,Lisunov Li-2P,HA-LIE,Maszovlet,0,München-Riem...,, ,H2
