identifiant,date,type,registration,operator,fat.,location, ,pic,cat

19431113-0,13-NOV-1943,Douglas XC-47C-DL (DC-3),42-5671,USAAF,,near New York-Flo...,, ,A1
19431113-1,13-NOV-1943,Short Sunderland III,DD863,RAF,11,near Mayo,, ,A1
19431113-2,13-NOV-1943,Consolidated PBY-5 Catalina,08442,US Navy,,within Queensland,, ,A1
19431113-3,13-NOV-1943,Junkers Ju-52/3m, ,German AF,12,near Leros,, ,C1
19431113-4,13-NOV-1943,Junkers Ju-52/3mge, ,German AF,,Leros Island,, ,C1
19431113-5,13-NOV-1943,Junkers Ju-52/3m,DI+KG,German AF,,"near Leros, Alind...",,,C1
19431113-6,13-NOV-1943,Consolidated C-87,43-30553,USAAF,,Jorhat (JRH),, ,A1
19431113-7,13-NOV-1943,Douglas C-47A (DC-3),42-23581,USAAF,,Gusap,, ,A1
19431113-8,13-NOV-1943,Junkers Ju-52/3m, ,German AF,,near Leros,, ,C1
19431115-0,15-NOV-1943,Curtiss C-46A,41-12315,USAAF,,,, ,U1
19431115-1,15-NOV-1943,Curtiss C-46A,41-24645,USAAF,,Mohanbari Ai...,, ,O1
19431116-0,16-NOV-1943,Curtiss C-46A,41-12327,USAAF,0,near Kunming,, ,A1
19431116-1,16-NOV-1943,Douglas C-47A (DC-3),42-23420,USAAF,19,near Rewan Homest...,, ,A1
19431116-2,16-NOV-1943,Douglas Dakota I (DC-3),FD790,RAF,,near Bodrum,, ,A1
19431116-3,16-NOV-1943,Douglas C-47A (DC-3),42-23589,USAAF,19,Carnarvon Go...,, ,A1
19431117-0,17-NOV-1943,Douglas C-47A (DC-3),42-24107,USAAF,,Louisville-B...,, ,A1
19431117-1,17-NOV-1943,Consolidated PBY-5 Catalina,04473,US Navy,8,Gulf of Mexico,, ,A1
19431117-2,17-NOV-1943,Lockheed C-60A Lodestar,42-55898,USAAF,,near Monroe-Selma...,, ,A1
19431118-0,18-NOV-1943,Curtiss C-46A,41-24663,USAAF,,near Chengkung,, ,A1
19431118-1,18-NOV-1943,Curtiss C-46A,41-12417,USAAF,,near Kunming,, ,A1
19431118-2,18-NOV-1943,Consolidated PBY-5A Catalina,08034,US Navy,,South Pacific,, ,A1
19431118-3,18-NOV-1943,Consolidated PBY-5A Catalina,08038,US Navy,,South Pacific,, ,A1
19431118-4,18-NOV-1943,Short Sunderland III,W4036,RAF,3,Lough Erne,, ,A1
19431119-0,19-NOV-1943,Douglas DC-3-201E,NC19968,Eastern Air Lines,0,New Orleans ...,, ,A2
19431119-1,19-NOV-1943,Douglas C-53 (DC-3),59,CNAC,2,Kunming,, ,A1
19431119-2,19-NOV-1943,Douglas C-47 (DC-3),63,CNAC,3,near Kunming,, ,A1
19431119-3,19-NOV-1943,Lockheed C-60A-LO Lodestar,VH-CEF,USAAF,,unknown,, ,A1
19431119-4,19-NOV-1943,Consolidated PBY-5 Catalina,08388,US Navy,5,Malaita Island,, ,A1
19431119-5,19-NOV-1943,Douglas R4D-1 (DC-3),01988,US Navy,18,near Manoel Ribei...,, ,A1
19431119-6,19-NOV-1943,Consolidated C-87,41-11675,USAAF,,Yunnanyi,, ,A1
19431120-0,20-NOV-1943,Short Sunderland III,W6031,"RAF, op.for RCAF",11,"near Vigo, Spain",, ,C1
19431120-2,20-NOV-1943,Douglas C-47A (DC-3),42-23502,USAAF,,unknown,, ,A1
19431121-0,21-NOV-1943,Douglas C-47A (DC-3),42-32929,USAAF,7,"near Tamaqua, PA",, ,A1
19431121-1,21-NOV-1943,Short Sunderland I,L2168,RAF,5,"near Nigg, Ross &...",, ,A1
19431121-2,21-NOV-1943,Douglas C-47 (DC-3),41-18648,USAAF,13,"near Mondo, QLD",, ,A1
19431122-0,22-NOV-1943,Junkers Ju-52/3m, ,German AF,2,near Jagodina,, ,A1
19431122-1,22-NOV-1943,Consolidated Catalina,FP240,RAF,10,Atlantic Ocean,, ,A1
19431122-2,22-NOV-1943,Consolidated PBY-5 Catalina,08428,US Navy,,South Pacific,, ,A1
19431123-0,23-NOV-1943,Douglas C-47 (DC-3),41-18675,USAAF,25,Nakety Bay,, ,A1
19431123-1,23-NOV-1943,Consolidated PBY-5A Catalina,7265,US Navy,9,near Kentira,, ,A1
19431124-0,24-NOV-1943,Curtiss C-46A,41-12287,USAAF,1,between Sook...,, ,C1
19431124-1,24-NOV-1943,Curtiss C-46A,41-12321,USAAF,,,, ,A1
19431124-2,24-NOV-1943,Douglas Dakota III (DC-3),FD960,RAF,,Catania Airp...,, ,A1
19431124-3,24-NOV-1943,Douglas C-47 (DC-3),41-7811,USAAF,7,near Algiers,, ,A1
19431124-4,24-NOV-1943,Douglas C-47A (DC-3),42-100496,USAAF,1,"near Torbay, NL",,,A1
19431126-1,26-NOV-1943,Douglas C-47A (DC-3), ,Soviet AF,4,near Uelkal,, ,A1
19431126-2,26-NOV-1943,Lockheed C-56B-LO Lodestar,VH-CAB,Qantas,15,near Port Moresby,, ,A1
19431126-3,26-NOV-1943,Consolidated PBY-5A Catalina,08118,US Navy,3,"Summer Bay, AK",, ,A1
19431126-4,26-NOV-1943,Consolidated C-87,41-11800,USAAF,2,within China,, ,A1
19431127-0,27-NOV-1943,Douglas C-47 (DC-3),41-18549,USAAF,,Sambhar,, ,A1
19431127-1,27-NOV-1943,Douglas C-47A (DC-3),42-24271,USAAF,,Dinjan Air Base,, ,A1
19431127-2,27-NOV-1943,Lockheed C-60A Lodestar,42-56049,USAAF,8,"near Sabinal, TX",, ,A1
19431128-0,28-NOV-1943,Consolidated PBY-5A Catalina,2472,US Navy,10,"near Belém, PA",, ,A1
19431128-1,28-NOV-1943,Consolidated C-87,41-23695,USAAF,,Kunming-Wuji...,, ,A1
19431128-2,28-NOV-1943,Consolidated PBY-5A Catalina,7261,US Navy,6,Beaufort NAS...,, ,A1
19431128-3,28-NOV-1943,Douglas Dakota I (DC-3),FD793,RAF,,within Myanmar,, ,C1
19431128-4,28-NOV-1943,Douglas C-47 (DC-3),41-38742,USAAF,,Espirítu San...,, ,A1
19431129-0,29-NOV-1943,Curtiss C-46A,41-12415,USAAF,,near Sookerating,, ,A1
19431130-0,30-NOV-1943,Douglas C-47 (DC-3),41-38744,USAAF,,"Grenada AAB, MS",, ,A1
19431130-1,30-NOV-1943,Douglas C-47A (DC-3),42-24028,USAAF,4,near Membury USAA...,, ,A1
19431130-2,30-NOV-1943,Douglas C-47A (DC-3),42-24030,USAAF,5,near Membury USAA...,, ,A1
19431130-3,30-NOV-1943,Consolidated C-87,42-107270,USAAF,0,Tibetan plateau,, ,A1
19431130-4,30-NOV-1943,Douglas Dakota III (DC-3),FL515,RAF,12,"near Portreath, C...",, ,A1
19431199-0,??-NOV-1943,Curtiss C-46,41-5183,Northwest Airlines,,,, ,U1
19431199-2,??-NOV-1943,Junkers Ju-52/3m, ,German AF,,Stavanger,, ,A1
19431199-3,??-NOV-1943,Junkers Ju-52/3mg.e, ,German AF,,near Leros,, ,A1
19431201-0,01-DEC-1943,Douglas C-47A (DC-3),42-24227,USAAF,0,Garbutt RAAF...,, ,A1
19431201-1,01-DEC-1943,Douglas C-47A (DC-3),43-30752,USAAF,,Garbutt RAAF...,, ,A1
19431201-2,01-DEC-1943,Douglas C-53 Skytrooper (DC-3),42-15547,USAAF,5,"near Hyannis, NE",, ,A1
19431201-3,01-DEC-1943,Douglas C-47A (DC-3),42-23659,USAAF,0,near Port Moresby,, ,A1
19431201-6,01-DEC-1943,Junkers Ju-52/3m,DF+DG ,German AF,1,near Ile de Groix,, ,A1
19431202-0,02-DEC-1943,Douglas C-47A (DC-3),42-24365,USAAF,,Tsuyung,, ,A1
19431202-2,02-DEC-1943,Douglas C-47A (DC-3),42-24068,USAAF,,unknown,, ,A1
19431203-0,03-DEC-1943,Douglas C-47A (DC-3),42-100511,USAAF,,near Jumbe Lighth...,, ,A1
19431203-1,03-DEC-1943,Junkers Ju-52/3mg10e,RO+SL,German AF,17,near Gruda,, ,C1
19431203-2,03-DEC-1943,Douglas C-47A (DC-3),42-23611,USAAF,,unknown,, ,A1
19431204-0,04-DEC-1943,Douglas C-47 (DC-3),41-19494,USAAF,1,near Fort Benning...,, ,A1
19431204-1,04-DEC-1943,Consolidated PBY-2 Catalina,0483,US Navy,,Escambia Bay...,, ,A1
19431204-2,04-DEC-1943,Consolidated PBY-5 Catalina,08316,US Navy,1,Pensacola Ba...,, ,A1
19431204-5,04-DEC-1943,Douglas C-47 (DC-3),41-7854,USAAF,,unknown,, ,A1
19431205-0,05-DEC-1943,Short Sunderland III,W6013,"RAF, op.for RCAF",9,Knocklayd Mo...,, ,A1
19431205-2,05-DEC-1943,Douglas Dakota III (DC-3),FL545,RAF,,"Portreath, C...",, ,A1
19431207-0,07-DEC-1943,Consolidated PBY-5 Catalina,08372,US Navy,,near Copis Island,, ,A1
19431208-0,08-DEC-1943,Douglas C-47 (DC-3),41-7829,USAAF,,Washington-N...,, ,A1
19431208-2,08-DEC-1943,Douglas C-47A (DC-3),42-23851,USAAF,0,near Lae,, ,A1
19431209-0,09-DEC-1943,Douglas C-47 (DC-3),41-18415,USAAF,,Austin Munic...,, ,A1
19431209-1,09-DEC-1943,Douglas C-47A (DC-3),42-23343,USAAF,,Knollwood Ai...,, ,A1
19431209-2,09-DEC-1943,Douglas C-47A (DC-3),42-24229,USAAF,,Nadzab,, ,A1
19431209-3,09-DEC-1943,Douglas C-47 (DC-3),41-38687,USAAF,,within Myanmar,, ,A1
19431209-4,09-DEC-1943,Consolidated PBY-5A Catalina,Y-78,Dutch Navy,0,near Elephant Poi...,, ,A1
19431210-0,10-DEC-1943,Curtiss C-46A,41-12419,USAAF,0,between Yunn...,, ,A1
19431210-1,10-DEC-1943,Douglas C-47A (DC-3),42-23593,USAAF,,Fort Hertz,, ,A1
19431211-0,11-DEC-1943,Consolidated C-87,41-11789,USAAF,,Jorhat,, ,A1
19431211-2,11-DEC-1943,Douglas C-47A (DC-3),42-23695,USAAF,,Mount Hagen-...,, ,A1
19431212-0,12-DEC-1943,Douglas C-47A (DC-3),42-100470,USAAF,,"Mackay, QLD",, ,A1
19431213-0,13-DEC-1943,Lockheed 18 Lodestar,G-AGHI,"BOAC, op.for Norwegian AF",,,, ,A1
19431214-0,14-DEC-1943,Curtiss C-46,41-5163,USAAF,,"Wilmington, DL",, ,U1
19431214-1,14-DEC-1943,Curtiss C-46A,41-24642,USAAF,,near Ledo,, ,A1
19431214-2,14-DEC-1943,Douglas C-47 (DC-3),A65-3,RAAF,0,near Turtle Head ...,, ,A1
19431216-0,16-DEC-1943,Douglas C-47 (DC-3),41-18552,USAAF,,near Shivpuri,, ,A1

19430709-6,09-JUL-1943,Douglas Dakota I (DC-3),FD774,RAF,1,"near Chebba, Tunisia",, ,A1
19430709-7,09-JUL-1943,Douglas C-53D-DO (DC-3),42-68761,USAAF,4,"near Gela, Sicily",, ,A1
19430709-8,09-JUL-1943,Douglas C-53D-DO (DC-3),42-68740,USAAF,,"near Gela, Sicily",, ,A1
19430709-9,09-JUL-1943,Douglas C-53-DO (DC-3),42-15884,USAAF,,Sicily,, ,A1
19430710-0,10-JUL-1943,Douglas C-47A (DC-3),42-23786,USAAF,4,"near Hemingford, NE",, ,A1
19430710-1,10-JUL-1943,Douglas C-47A (DC-3),42-23596,USAAF,5,near Trinidad-Wal...,, ,A1
19430710-2,10-JUL-1943,Douglas C-47A (DC-3),42-23801,USAAF,6,Sedalia Army...,, ,A1
19430710-3,10-JUL-1943,Douglas C-53D Skytrooper (DC-3),42-68785,USAAF,4,"near Hemingford, NE",, ,A1
19430710-4,10-JUL-1943,Douglas C-47A (DC-3),42-23492,USAAF,4,"near Scoglitti, S...",, ,C1
19430710-5,10-JUL-1943,Douglas C-47A (DC-3),42-23646,USAAF,5,"near Gela, Sicily",, ,A1
19430711-0,11-JUL-1943,Douglas C-47 (DC-3),41-18377,USAAF,,Dunnellon AA...,, ,A1
19430711-1,11-JUL-1943,Douglas C-47 (DC-3),42-5687,USAAF,,near Sicily,, ,C1
19430711-10,11-JUL-1943,Douglas Dakota I (DC-3),FD815,RAF,6,near Tunis-El Aou...,, ,A1
19430711-11,11-JUL-1943,Douglas C-47 (DC-3),41-18606,USAAF,11,Pantano D'Ar...,, ,C1
19430711-12,11-JUL-1943,Douglas C-47 (DC-3),41-18593,USAAF,,near Sicily,, ,A1
19430711-13,11-JUL-1943,Douglas C-47 (DC-3),41-38624,USAAF,4,"near Scoglitti, S...",, ,C1
19430711-14,11-JUL-1943,Douglas C-47 (DC-3),41-38620,USAAF,,Sanpiero-Lic...,, ,C1
19430711-15,11-JUL-1943,Douglas C-47 (DC-3),41-18525,USAAF,,Sicily,, ,C1
19430711-16,11-JUL-1943,Douglas C-47A (DC-3),42-23506,USAAF,6,near Sicily,, ,C1
19430711-17,11-JUL-1943,Douglas C-47A (DC-3),42-23513,USAAF,,Sicily,, ,C1
19430711-18,11-JUL-1943,Douglas C-47A (DC-3),42-23644,USAAF,5,near Sicily,, ,C1
19430711-19,11-JUL-1943,Douglas C-47 (DC-3),41-18522,USAAF,5,near Sicily,, ,C1
19430711-2,11-JUL-1943,Douglas C-47 (DC-3),42-5691,USAAF,5,"Scoglitti, S...",, ,C1
19430711-20,11-JUL-1943,Douglas C-47 (DC-3),41-18519,USAAF,,near Sicily,, ,C1
19430711-21,11-JUL-1943,Douglas C-47 (DC-3),41-18511,USAAF,3,Sicily,, ,C1
19430711-3,11-JUL-1943,Douglas C-47 (DC-3),42-5689,USAAF,4,"near Gela, Sicily",, ,C1
19430711-4,11-JUL-1943,Douglas C-47 (DC-3),42-5686,USAAF,,near Sicily,, ,A1
19430711-5,11-JUL-1943,Douglas C-47 (DC-3),42-5676,USAAF,,"Scoglitti, S...",, ,C1
19430711-6,11-JUL-1943,Douglas C-47A (DC-3),42-23404,USAAF,5,near Sicily,, ,C1
19430711-7,11-JUL-1943,Douglas C-47A (DC-3),42-32925,USAAF,,Sicily,, ,C1
19430711-8,11-JUL-1943,Douglas C-47 (DC-3),42-32922,USAAF,0,Sicily,, ,A1
19430711-9,11-JUL-1943,Douglas C-47 (DC-3),42-32918,USAAF,,Sicily,, ,C1
19430712-0,12-JUL-1943,Douglas C-47A (DC-3),42-23340,USAAF,,Sicily,, ,A1
19430712-2,12-JUL-1943,Consolidated PBY-5 Catalina,08246,US Navy,7,Tulagi Harbor,, ,A1
19430713-0,13-JUL-1943,Douglas C-47 (DC-3),41-18518,USAAF,4,between Moha...,, ,A1
19430713-1,13-JUL-1943,Douglas C-53D Skytrooper (DC-3),42-68714,USAAF,,"near Catania, Sicily",, ,C1
19430713-2,13-JUL-1943,Douglas C-47A (DC-3),42-23410,USAAF,,near Sicily,, ,C1
19430713-3,13-JUL-1943,Douglas C-47A (DC-3),42-23522,USAAF,0,"near Catania, Sicily",, ,A1
19430713-4,13-JUL-1943,Douglas C-47A (DC-3),42-23481,USAAF,,near Sicily,, ,C1
19430713-5,13-JUL-1943,Douglas C-47 (DC-3),41-18418,USAAF,4,"near Catania, Sicily",, ,C1
19430713-6,13-JUL-1943,Douglas C-47 (DC-3),41-38591,USAAF,,near Sicily,, ,C1
19430713-7,13-JUL-1943,Douglas C-47 (DC-3),41-38594,USAAF,,near Sicily,, ,A1
19430713-8,13-JUL-1943,Douglas C-47 (DC-3),41-19483,USAAF,2,"near Catania, Sicily",, ,C1
19430713-9,13-JUL-1943,Douglas C-47 (DC-3),42-32910,USAAF,4,"near Catania, Sicily",, ,A1
19430714-0,14-JUL-1943,Curtiss C-46,41-5175,USAAF,,Tezpur,, ,A1
19430715-0,15-JUL-1943,Douglas C-47A (DC-3),42-23726,USAAF,0,near Alliance AAF...,, ,A1
19430715-2,15-JUL-1943,Douglas C-47 (DC-3),41-18512,USAAF,,unknown,, ,A1
19430715-3,15-JUL-1943,Douglas C-47 (DC-3),41-18534,USAAF,,unknown,, ,A1
19430716-0,16-JUL-1943,DH.91 Albatross,G-AFDK,BOAC,0,near Shannon-Rinn...,, ,A1
19430716-1,16-JUL-1943,Consolidated PBY-5A Catalina,04981,US Navy,,"near Hilo NAS, HI",, ,A1
19430717-0,17-JUL-1943,Douglas C-47 (DC-3),41-38730,USAAF,6,"near Grenada AAF, MS",, ,A1
19430717-1,17-JUL-1943,Douglas C-53 Skytrooper (DC-3),42-6464,USAAF,4,"near Grenada AAF, MS",, ,A1
19430717-2,17-JUL-1943,Consolidated PBY-5 Catalina,2372,US Navy,8,Gulf of Mexico,, ,A1
19430717-3,17-JUL-1943,Consolidated PBY-5A Catalina,08051,US Navy,0,near Vella Lavella,, ,A1
19430718-0,18-JUL-1943,Consolidated PBY-5A Catalina,08055,US Navy,7,"near Adak, AK",, ,A1
19430719-0,19-JUL-1943,Douglas C-53D Skytrooper (DC-3),42-68801,USAAF,,"near Lincoln AB, NE",, ,A1
19430720-0,20-JUL-1943,Douglas C-54 (DC-4),41-20143,USAAF,,Georgetown-W...,, ,A1
19430721-0,21-JUL-1943,Douglas C-47A (DC-3),42-23616,USAAF,,unknown,, ,A1
19430722-0,22-JUL-1943,Junkers Ju-52/3mg5e,G6+GJ,German AF,6,near Corfu Island,, ,C1
19430723-0,23-JUL-1943,Douglas C-47 (DC-3),41-38748,USAAF,,Minna Airpor...,, ,A1
19430723-1,23-JUL-1943,DH.86A Express,HK843,RAF,,Sicily,, ,U1
19430723-2,23-JUL-1943,Douglas C-47A (DC-3),42-23618,USAAF,,near Nassau Bay,, ,A1
19430724-0,24-JUL-1943,CANT Z.506C,MM60643,Italian AF,20,near Sardinia,, ,C1
19430726-0,26-JUL-1943,Douglas C-47 (DC-3),41-18363,USAAF,,Columbus-Mus...,, ,A1
19430727-0,27-JUL-1943,Sikorsky S-42B,NC16736,Pan Am,0,"Manaus, AM",, ,A1
19430727-1,27-JUL-1943,Douglas C-47 (DC-3),41-38643,USAAF,,"near Naknek AAB, AK",, ,A1
19430727-2,27-JUL-1943,Douglas C-47 (DC-3),41-38572,USAAF,4,Masirah Island,, ,A1
19430727-3,27-JUL-1943,Douglas C-53D Skytrooper (DC-3),42-68783,USAAF,,"Hope Mills, NC ",, ,A1
19430728-0,28-JUL-1943,Douglas DC-3-178,NC16014,American Airlines,20,"near Trammel, KY",, ,A1
19430728-2,28-JUL-1943,Short S.25 Sunderland III,G-AGES,BOAC,10,near Brandon vill...,,,A1
19430729-0,29-JUL-1943,Douglas C-47 (DC-3),41-18692,USAAF,,"Kelly Field, TX",, ,A1
19430729-1,29-JUL-1943,Douglas R4D-5 (DC-3),12405,US Navy,10,San Cristóba...,, ,A1
19430730-0,30-JUL-1943,PB2B-1 Canso A (PBY-5A),9789,RCAF,1,Denny Island...,, ,A1
19430730-2,30-JUL-1943,Lisunov PS-84,CCCP-L3489,Aeroflot,1,"near Zhukovka, Mo...",, ,C1
19430730-4,30-JUL-1943,Lisunov PS-84,CCCP-L3912,Aeroflot,5,unknown,, ,C1
19430731-0,31-JUL-1943,Douglas C-47A (DC-3),42-23839,USAAF,,Taylor Field...,, ,A1
19430802-0,02-AUG-1943,Curtiss C-46A,41-12420,USAAF,1,near Lahe Nanyon,, ,A1
19430802-1,02-AUG-1943,Douglas C-47A (DC-3),42-23346,USAAF,,"Thermal AAF, CA",, ,A1
19430802-2,02-AUG-1943,Douglas C-47A (DC-3),42-23957,USAAF,5,"near Rock Falls, IA",, ,A1
19430802-3,02-AUG-1943,Douglas C-47 (DC-3),41-38656,USAAF,3,near Yunnanyi,, ,A1
19430802-5,02-AUG-1943,Consolidated C-87,41-24027,USAAF,14,near Whenuapai Ai...,,,A1
19430803-0,03-AUG-1943,Curtiss C-46A,41-12319,USAAF,,Kunming,, ,A1
19430803-1,03-AUG-1943,Consolidated Catalina,FP114,RAF,8,Atlantic Ocean,, ,A1
19430804-0,04-AUG-1943,Short Sunderland III,DD859,RAF,5,Atlantic Ocean,, ,C1
19430805-0,05-AUG-1943,Douglas R4D-5 (DC-3),12411,USMC,,Espiritu Santo,, ,A1
19430805-2,05-AUG-1943,Douglas C-47A (DC-3),42-23653,USAAF,,unknown,, ,A1
19430807-1,07-AUG-1943,Curtiss C-46A,41-5204,USAAF,6,Chirdwin Valley,, ,A1
19430807-2,07-AUG-1943,Douglas C-47 (DC-3),41-7733,USAAF,27,"near Townsville, QLD",, ,A1
19430807-3,07-AUG-1943,Lockheed C-60A Lodestar,42-55948,USAAF,,Lubbock-Sout...,, ,A2
19430807-4,07-AUG-1943,Consolidated Catalina,FP101,RAF,,Duross Point...,, ,A1
19430808-0,08-AUG-1943,Curtiss C-46A,41-12343,USAAF,4,Homestead AA...,, ,A1
19430808-2,08-AUG-1943,Lisunov PS-84,CCCP-L3982,Aeroflot,6,near Balashov Air...,, ,A1
19430809-0,09-AUG-1943,Consolidated C-87,42-107259,USAAF,5,"near Donli, Aruna...",, ,A1
19430810-0,10-AUG-1943,Douglas C-47A (DC-3),42-23534,USAAF,2,Popondetta,, ,A1
19430810-2,10-AUG-1943,Douglas C-47A (DC-3),42-23700,USAAF,0,near Terapo,, ,A1
19430810-3,10-AUG-1943,Douglas C-47 (DC-3),41-18628,USAAF,,Popondetta,, ,A1
19430810-4,10-AUG-1943,Douglas C-47 (DC-3),41-18431,USAAF,,near Tsili Tsili,, ,A1
19430811-0,11-AUG-1943,Douglas C-53 (DC-3),48,CNAC,3,Fort Hertz v...,, ,A1
19430811-1,11-AUG-1943,Douglas C-47A (DC-3),42-92061,USAAF,4,Pleuven,,,C1
19430812-0,12-AUG-1943,Douglas C-47A (DC-3),42-23782,USAAF,,Laurinburg-M...,, ,A1

19430312-0,12-MAR-1943,Douglas C-47 (DC-3),41-7736,USAAF,,near Fort Hertz,, ,A1
19430312-1,12-MAR-1943,Lockheed C-60A Lodestar,42-32216,USAAF,3,Lubbock-Sout...,, ,A1
19430312-2,12-MAR-1943,Consolidated C-87,41-23694,USAAF,0,near Kunming-Wuji...,, ,A1
19430312-3,12-MAR-1943,Douglas C-47 (DC-3),41-18642,USAAF,,Dobodura Air...,, ,U1
19430313-0,13-MAR-1943,Douglas C-53 (DC-3),49,CNAC,3,Patkai Range,, ,A1
19430313-1,13-MAR-1943,Douglas C-47 (DC-3),41-7738,USAAF,,El Fasher Ai...,, ,A1
19430313-2,13-MAR-1943,Douglas C-47 (DC-3),41-18340,USAAF,,Montesquieu,, ,A1
19430316-0,16-MAR-1943,Consolidated PBY-5 Catalina,08181,US Navy,,Jacksonville...,, ,A1
19430317-0,17-MAR-1943,DH.86 Express,HK829,RAF,,Noffution North,, ,A1
19430319-0,19-MAR-1943,Douglas DC-3-232A,VH-ACB,ANA,0,near Melbourne-Es...,, ,A1
19430321-0,21-MAR-1943,Short Sunderland I,T9111,"RAF, op.for RAAF",,Poole Seapla...,, ,A1
19430323-0,23-MAR-1943,Douglas C-48B (DC-3),42-56610,USAAF,,Austin-del V...,, ,A1
19430323-1,23-MAR-1943,Consolidated PBY-5 Catalina,08409,US Navy,,Attu Island-...,, ,A1
19430323-2,23-MAR-1943,Consolidated PBY-5A Catalina,G-AGDA,BOAC,3,Poole Harbou...,, ,A1
19430324-0,24-MAR-1943,Curtiss R5C-1 (C-46A),39492,US Navy,4,Washington-B...,, ,A1
19430324-2,24-MAR-1943,Consolidated PBY-5 Catalina,08136,US Navy,0,near Gavutu Island,, ,A1
19430325-0,25-MAR-1943,Douglas Dakota II (DC-3),MA928,RAF,0,Agartala Air...,, ,A1
19430326-0,26-MAR-1943,Consolidated PBY-5A Catalina,Y-81,Dutch Navy,,Somaliland,, ,A1
19430327-0,27-MAR-1943,Douglas C-47 (DC-3),A65-2,RAAF,23,near Brisbane-Arc...,, ,A1
19430327-1,27-MAR-1943,Douglas C-47 (DC-3),42-5695,USAAF,,near Oliver Sprin...,, ,A1
19430327-2,27-MAR-1943,Lisunov PS-84,CCCP-L3440,Aeroflot,2,near Moskva-Khody...,, ,A1
19430327-4,27-MAR-1943,Junkers Ju-52/3m, ,German AF,4,near Béziers,, ,A1
19430328-0,28-MAR-1943,Consolidated PBY-5 Catalina,04461,US Navy,7,,, ,A1
19430329-0,29-MAR-1943,Consolidated PBY-5 Catalina,2354,US Navy,10,near Johnston Isl...,, ,A1
19430330-0,30-MAR-1943,Consolidated PBY-5 Catalina,08251,US Navy,8,Albemarle So...,, ,A1
19430331-2,31-MAR-1943,DH.86 Express,AX844,Royal Navy,7,Donibristle ...,, ,A1
19430399-2,??-MAR-1943,Junkers Ju-52/3m,C3+OH,German AF,0,Gabes airfield,, ,A1
19430401-0,01-APR-1943,Douglas C-47A (DC-3),42-23365,USAAF,,near Victorville ...,, ,A1
19430401-1,01-APR-1943,Lockheed C-60A Lodestar,42-55964,USAAF,,Stuttgart AA...,, ,A1
19430401-2,01-APR-1943,Lockheed R5O-5 (Lodestar),12462,US Navy,7,"near Flemington, NJ",, ,A1
19430402-0,02-APR-1943,Consolidated PBY-5 Catalina,2385,US Navy,,NAS Trinidad,, ,A1
19430403-0,03-APR-1943,Consolidated PBY-5A Catalina,05038,US Navy,,near Copalis Beac...,, ,A1
19430404-0,04-APR-1943,Lockheed 18 Lodestar,G-AGEJ,BOAC,7,"near Skagen, Denm...",, ,C1
19430406-0,06-APR-1943,Douglas C-47 (DC-3),41-18337,USAAF,,Whitchurch,, ,A1
19430407-0,07-APR-1943,Douglas C-53-DO (DC-3),58,CNAC,1,near Minzong,,,A1
19430407-1,07-APR-1943,Consolidated Catalina,FP138,RAF,3,"near Vougo, Normandy",, ,C1
19430408-0,08-APR-1943,Consolidated PBY-5A Catalina,A24-41,RAAF,10,Gulf of Carp...,, ,A1
19430409-0,09-APR-1943,Consolidated C-87,41-23791,USAAF,6,near Tezu,, ,A1
19430410-0,10-APR-1943,Savoia-Marchetti SM-75 bis,I-BONI,LATI,3,,, ,C1
19430410-1,10-APR-1943,Consolidated PBY-5 Catalina,A24-16,RAAF,0,"Rathmines, NSW",, ,A1
19430411-2,11-APR-1943,Junkers Ju-52/3m,1Z+JY,German AF,3,near Sicily,, ,A1
19430412-0,12-APR-1943,Douglas C-53-DO (DC-3),41-20056,USAAF,,Hkashang Ga,, ,A1
19430413-0,13-APR-1943,Lockheed 18 Lodestar,247,South African AF,,Khartoum-Wad...,, ,A1
19430413-1,13-APR-1943,Consolidated PBY-5A Catalina,A24-36,RAAF,6,Cairns Harbo...,, ,A1
19430413-2,13-APR-1943,Savoia-Marchetti SM-75,I-MAST,LATI,,Mediterranea...,, ,C1
19430416-0,16-APR-1943,Douglas C-47 (DC-3),41-18383,USAAF,,near Sedalia Army...,, ,A1
19430416-1,16-APR-1943,Douglas C-47 (DC-3),41-18608,USAAF,,Burtonwood,, ,A1
19430416-2,16-APR-1943,Douglas C-47A (DC-3),42-23367,USAAF,,Sedalia Army...,, ,A1
19430417-0,17-APR-1943,Douglas C-47 (DC-3),41-19471,USAAF,0,Kunming-Wuji...,, ,A1
19430419-0,19-APR-1943,Douglas C-47 (DC-3),41-18545,USAAF,,between Kunm...,, ,A1
19430419-1,19-APR-1943,Savoia-Marchetti SM-75 bis,I-MONC,LATI,,Mediterranea...,, ,C1
19430421-0,21-APR-1943,Lockheed C-60A-1-LO Lodestar,42-55864,USAAF,10,Evansville-D...,, ,A1
19430422-1,22-APR-1943,Short S.23 Empire Flying Boat Mk I,VH-ADU,Qantas,2,near Port Moresby,, ,A1
19430423-0,23-APR-1943,Douglas C-47 (DC-3),41-38574,USAAF,,Chabua Airfield,, ,A1
19430423-1,23-APR-1943,Douglas C-47 (DC-3),41-38578,USAAF,,Chabua Airfield,, ,A1
19430423-2,23-APR-1943,Douglas DC-3, ,Mexicana,0,Havana-Ranch...,, ,A2
19430424-0,24-APR-1943,Consolidated C-87,41-23696,USAAF,5,"near Latti, Aruna...",, ,A1
19430424-1,24-APR-1943,Douglas C-49-DO (DC-3),41-7694,USAAF,,between Tows...,, ,A1
19430426-0,26-APR-1943,Lockheed C-60A-1-LO Lodestar,42-55852,USAAF,,"Kansas City, MO",, ,A1
19430426-1,26-APR-1943,Consolidated PBY-5A Catalina,A24-43,RAAF,3,near Aita,, ,C1
19430427-0,27-APR-1943,Douglas R4D-1 (DC-3),05055,US Navy,1,Tontouta Bay,, ,A1
19430427-1,27-APR-1943,Douglas R4D-1 (DC-3),37666,US Navy,,Guadalcanal,, ,A1
19430427-2,27-APR-1943,Douglas R4D-1 (DC-3),4693,US Navy,8,"near Oakland, CA",, ,A1
19430427-4,27-APR-1943,Junkers Ju-52/3mg10e,C6+AK,German AF,3,Carthage,, ,A1
19430428-2,28-APR-1943,Junkers Ju-52/3m,1Z+CQ,German AF,3,"near Cefalu, Sicily",, ,A1
19430429-0,29-APR-1943,Lisunov Li-2, ,Soviet AF,6,Dmitrovskoye...,, ,A1
19430430-0,30-APR-1943,Consolidated PBY-5 Catalina,08229,US Navy,,,, ,A1
19430430-1,30-APR-1943,Junkers Ju-52/3m, ,German AF,,near Tunis,, ,A1
19430499-2,??-APR-1943,Junkers Ju-52/3m,1Z+MZ,German AF,,Cape Bon,, ,A1
19430501-0,01-MAY-1943,Douglas C-49D (DC-3),41-7717,USAAF,,Waller Field,, ,A1
19430501-1,01-MAY-1943,Consolidated PBY-5 Catalina,04470,US Navy,1,"Mukilteo, WA",, ,A1
19430503-0,03-MAY-1943,Douglas C-47 (DC-3),41-38760,USAAF,,Jorhat,, ,A1
19430503-1,03-MAY-1943,Douglas C-53 Skytrooper (DC-3),42-15534,USAAF,,near Mobile-Brook...,, ,A1
19430505-0,05-MAY-1943,Consolidated PBY-3 Catalina,0891,US Navy,3,near NAS Corpus C...,, ,A1
19430505-1,05-MAY-1943,PBV-1A Canso A (PBY-5A),9807,RCAF,6,Gander-RCAF ...,, ,A1
19430505-2,05-MAY-1943,Douglas C-47 (DC-3),41-38641,USAAF,,"Amchitka, AK",, ,A1
19430507-0,07-MAY-1943,Curtiss C-46,41-5180,USAAF,,near Great Inagua...,,,A1
19430507-1,07-MAY-1943,Consolidated PBY-5 Catalina,08290,US Navy,,Jacksonville...,, ,A1
19430507-2,07-MAY-1943,Savoia-Marchetti SM-75 bis,I-BELO,LATI,0,Tunis-Cartha...,, ,C1
19430507-3,07-MAY-1943,Consolidated C-87,41-23669,USAAF,4,between Yang...,, ,A1
19430508-0,08-MAY-1943,Douglas C-47A (DC-3),42-92024,USAAF,,near Oklahoma Cit...,, ,A1
19430508-1,08-MAY-1943,Douglas C-33 (DC-2),36-85,USAAF,0,Ogden-Hill A...,, ,A1
19430508-2,08-MAY-1943,Consolidated PBY-5 Catalina,2323,US Navy,,St. Johns Ri...,, ,A1
19430508-4,08-MAY-1943,Lockheed C-60A Lodestar,557,RCAF,3,near Gander Airpo...,, ,A1
19430510-0,10-MAY-1943,Consolidated PBY-5 Catalina,08326,US Navy,,,, ,A1
19430510-1,10-MAY-1943,Consolidated PBY-5 Catalina,08226,US Navy,,,, ,A1
19430511-0,11-MAY-1943,Lisunov PS-84,CCCP-L3931,Aeroflot,1,near Molotov Airp...,, ,A1
19430512-0,12-MAY-1943,Consolidated PBY-5 Catalina,04445,US Navy,1,near Makapuu Poin...,, ,A1
19430512-2,12-MAY-1943,Douglas C-47 (DC-3),41-18651,USAAF,,near Dobodura,, ,A1
19430512-3,12-MAY-1943,Douglas C-47 (DC-3),41-18661,USAAF,5,"near Myola Lake, ...",, ,A1
19430515-0,15-MAY-1943,Douglas C-47 (DC-3),41-18562,USAAF,18,"near Morganton, NC",, ,A1
19430515-1,15-MAY-1943,Consolidated PBY-5A Catalina,04403,US Navy,12,near Guadalcanal,, ,A1
19430515-2,15-MAY-1943,Douglas C-47 (DC-3),41-18361,USAAF,,Algiers-Mais...,, ,O1
19430515-3,15-MAY-1943,Douglas C-47 (DC-3),42-32861,USAAF,,unknown,, ,A1
19430517-0,17-MAY-1943,Douglas C-53-DO (DC-3),42-6497,USAAF,,unknown,, ,A1
19430517-1,17-MAY-1943,Curtiss C-46A,41-12300,USAAF,,,, ,O1
19430518-0,18-MAY-1943,Consolidated PBY-5A Catalina,7271,US Navy,10,"near Adak, AK",, ,A1
19430518-2,18-MAY-1943,Consolidated PBY-5A Catalina,7289,US Navy,,"near Sitka NAS, AK",, ,A1
19430518-3,18-MAY-1943,Douglas C-53-DO (DC-3),42-6482,USAAF,,Bone,, ,A1
19430519-0,19-MAY-1943,Junkers Ju-52/3m,GG+FL,German AF,9,Gyulaj,, ,A1

19430520-0,20-MAY-1943,Curtiss C-46A,41-12317,USAAF,,,, ,U1
19430520-1,20-MAY-1943,Douglas C-47A (DC-3),42-23409,USAAF,,near Paramaribo-Z...,, ,A1
19430520-2,20-MAY-1943,Douglas C-49H (DC-3),39-2168,"Pennsylvania-Central Airlines, op.for USAAF",,"Macon, GA",, ,A1
19430520-4,20-MAY-1943,Lisunov PS-84,CCCP-L3909,Aeroflot,6,near Sochi,, ,A1
19430521-0,21-MAY-1943,Douglas C-47 (DC-3),41-38645,USAAF,,"Atka, AK",, ,A1
19430524-0,24-MAY-1943,Consolidated Catalina,FB110,RAF,,Innismackill...,, ,A1
19430524-1,24-MAY-1943,Consolidated PBY-5A Catalina,A24-39,RAAF,,near Port Stephen...,, ,A1
19430524-2,24-MAY-1943,Consolidated PBY-5A Catalina,04411,US Navy,8,"Luluk Bay, AK",, ,A1
19430525-0,25-MAY-1943,Short Sunderland III,DD846,RAF,11,near Clare Island...,, ,A1
19430526-0,26-MAY-1943,Douglas C-53 Skytrooper (DC-3),41-20076,USAAF,,near Karachi,, ,A1
19430526-2,26-MAY-1943,Douglas C-47 (DC-3),41-38710,USAAF,,Algiers-Mais...,, ,A1
19430527-0,27-MAY-1943,Douglas C-53 Skytrooper (DC-3),42-47374,USAAF,,near Hal Assini,, ,A1
19430527-1,27-MAY-1943,Douglas DC-3-196,URSS-B,Aeroflot / Moscow,1,Saratov-Zavo...,, ,A1
19430528-0,28-MAY-1943,Curtiss C-46A,41-12355,USAAF,2,"near Denver, CO",, ,A1
19430528-1,28-MAY-1943,Short Sunderland Mk III,JM675,RAAF,1,Bay of Bisca...,, ,A1
19430529-0,29-MAY-1943,Douglas C-47 (DC-3), ,Soviet AF,,"near Uelkal, Chuk...",, ,A1
19430529-1,29-MAY-1943,Lockheed 14-H2 Super Electra,YV-ADO,LAV,,Caracas-Maiq...,, ,A1
19430529-2,29-MAY-1943,Short Sunderland Mk II,T9114,RAAF,0,Angle Airport,, ,A1
19430530-0,30-MAY-1943,Curtiss C-46A,41-12323,USAAF,,Kunming Airp...,, ,A1
19430530-1,30-MAY-1943,Consolidated PBY-5 Catalina,08175,US Navy,,Wickford Har...,, ,A1
19430601-0,01-JUN-1943,Douglas DC-3-194,G-AGBB,BOAC,17,"near La Coruña, S...",, ,C1
19430601-2,01-JUN-1943,Douglas C-47 (DC-3),41-18450,USAAF,,Thiersville ...,, ,A1
19430602-0,02-JUN-1943,Short Sunderland GR.3,EJ134,RAAF,1,"Praa Sands, ...",, ,A1
19430603-0,03-JUN-1943,Douglas C-47 (DC-3),41-19488,USAAF,,Chabua Airfield,, ,A1
19430603-1,03-JUN-1943,Douglas C-47 (DC-3),41-38726,USAAF,,Chabua Airfield,, ,A1
19430603-2,03-JUN-1943,Lisunov PS-84,CCCP-L3932,Soviet AF,5,near Zezevitovo,, ,A1
19430603-3,03-JUN-1943,Consolidated PBY-5A Catalina,04405,US Navy,,,, ,A1
19430603-4,03-JUN-1943,Consolidated C-87,41-11837,USAAF,,Chabua Airfield,, ,A1
19430603-5,03-JUN-1943,Lisunov Li-2,CCCP-L4024,Aeroflot,7,near Bryansk,, ,A1
19430604-0,04-JUN-1943,Lisunov Li-2,CCCP-L344,Soviet AF,3,Molotov (PEE),, ,A1
19430605-0,05-JUN-1943,Lockheed C-60-LO Lodestar,42-108790,USAAF,,Dayton-Wrigh...,, ,A1
19430605-1,05-JUN-1943,Consolidated PBY-5 Catalina,NZ4006,New Zealand AF,15,near Fiji,, ,A1
19430605-2,05-JUN-1943,Consolidated PBY-5A Catalina,08078,US Navy,0,South Pacific,, ,A1
19430605-4,05-JUN-1943,Short Sunderland II,W6052,RAF,11,"near St. Kilda, S...",, ,A1
19430606-0,06-JUN-1943,Douglas C-47 (DC-3),41-18634,USAAF,,Fayetteville...,, ,A1
19430606-1,06-JUN-1943,Douglas DC-3-196A,URSS-N,Hamiata,,between Tihw...,, ,A1
19430607-0,07-JUN-1943,Douglas C-47A (DC-3),42-23512,USAAF,,near Laurinburg-M...,, ,A1
19430607-3,07-JUN-1943,Consolidated Catalina,FP275,RAF,7,St. Lucia Bay,, ,A1
19430608-0,08-JUN-1943,Douglas C-47 (DC-3),41-18482,USAAF,,"Manitou, KY",, ,A1
19430608-1,08-JUN-1943,Douglas R4D-5 (DC-3),12406,US Navy,24,near Noumea-Tonto...,, ,A1
19430609-0,09-JUN-1943,Douglas C-47 (DC-3),41-38689,USAAF,,Bowling Gree...,, ,A1
19430609-1,09-JUN-1943,Douglas C-47A (DC-3), ,Soviet AF,6,near Magadan-13 A...,, ,A1
19430609-2,09-JUN-1943,Consolidated Catalina,FP214,RAF,8,near Algeciras,, ,A1
19430609-4,09-JUN-1943,Douglas DC-3-196A,URSS-N,Hamiata,32,near Yanchi,, ,A1
19430611-0,11-JUN-1943,Douglas C-47 (DC-3),41-18540,USAAF,,Jorhat,, ,A1
19430611-1,11-JUN-1943,Consolidated PBY-5A Catalina,7273,US Navy,8,North Atlant...,, ,A1
19430612-0,12-JUN-1943,Douglas C-47 (DC-3),41-7737,USAAF,,Delhi,, ,A1
19430613-0,13-JUN-1943,Consolidated Catalina,FP232,RAF,10,Bay of Biscay,, ,A1
19430613-1,13-JUN-1943,Douglas C-47 (DC-3),41-18565,USAAF,,unknown,, ,A1
19430613-2,13-JUN-1943,Short Sunderland,DV967,RAF,11,"near Finisterre, ...",, ,C1
19430614-0,14-JUN-1943,Lisunov Li-2,CCCP-L4035,Soviet AF,0,"near Maksatikh, T...",, ,A1
19430616-0,16-JUN-1943,Consolidated PBY-5A Catalina,7290,US Navy,2,Dutch Harbor...,, ,A1
19430616-1,16-JUN-1943,Douglas C-48 (DC-3),42-38325,USAAF,3,"Whitehorse, YT",, ,A1
19430616-2,16-JUN-1943,Lockheed 414 Hudson VI,FK459,"RAF, op.for BOAC",17,Khartoum-Civ...,, ,A1
19430617-0,17-JUN-1943,Douglas C-47A (DC-3),42-23640,USAAF,,Monrovia-Rob...,, ,A1
19430618-0,18-JUN-1943,Douglas C-47A (DC-3),42-23784,USAAF,,Sedalia Army...,, ,A1
19430620-0,20-JUN-1943,Douglas C-47 (DC-3),41-18483,USAAF,,Sookerating,, ,A1
19430620-1,20-JUN-1943,Douglas C-49K (DC-3),43-2009,"Pan Am, op.for USAAF",2,Biscayne Bay...,, ,A1
19430621-1,21-JUN-1943,Lockheed C-60A Lodestar,42-55957,USAAF,,Lubbock-Sout...,, ,A1
19430622-0,22-JUN-1943,Consolidated PBY-5 Catalina,08318,US Navy,,Atlantic Ocean,, ,A1
19430622-1,22-JUN-1943,Consolidated PBY-5 Catalina,08312,US Navy,,,, ,A1
19430622-2,22-JUN-1943,Douglas C-47 (DC-3),41-7843,USAAF,,unknown,, ,U1
19430623-0,23-JUN-1943,Curtiss C-46A,41-12329,USAAF,1,Yunnanyi,, ,A1
19430623-1,23-JUN-1943,Douglas DC-2-115G,VHCHE,USAAF,,Charters Tow...,, ,A1
19430624-0,24-JUN-1943,Douglas C-53 Skytrooper (DC-3),41-20127,USAAF,,Boxted,, ,A1
19430625-0,25-JUN-1943,Consolidated PBY-5 Catalina,08422,US Navy,13,near Jacksonville...,, ,A1
19430625-1,25-JUN-1943,Consolidated Catalina IB (PBY-5B),FP265,RAF,8,St Lucia Bay,, ,A1
19430626-0,26-JUN-1943,Lockheed C-60A Lodestar,42-55971,USAAF,,Lubbock-Sout...,, ,A2
19430627-0,27-JUN-1943,Douglas C-47 (DC-3),41-18466,USAAF,,"Springfield, IL",, ,A1
19430628-0,28-JUN-1943,Consolidated PBY-5 Catalina,2405,US Navy,,NAS Trinidad,, ,A1
19430629-0,29-JUN-1943,Curtiss C-46A,41-12390,USAAF,,near Hathungo,, ,A1
19430629-1,29-JUN-1943,Douglas R4D-1 (DC-3),01984,US Navy,,near San Cristóba...,, ,A1
19430629-2,29-JUN-1943,Lockheed C-60A-1-LO Lodestar,42-32198,USAAF,,Wichita-Muni...,, ,A1
19430630-0,30-JUN-1943,Curtiss C-46A,41-12401,USAAF,,Georgetown-W...,, ,A1
19430630-1,30-JUN-1943,Short Sunderland III,DD857,RAF,2,Lough Erne,, ,A1
19430630-2,30-JUN-1943,Lockheed 414 Hudson VI,FK618,"RAF, op.for BOAC",16,near Khartoum,, ,A1
19430699-2,??-JUN-1943,Junkers Ju-52/3m, ,German AF,,Gorodetz,, ,A1
19430701-0,01-JUL-1943,Curtiss C-46A,41-12298,USAAF,5,between Tezp...,, ,A1
19430701-1,01-JUL-1943,Consolidated PBY-5 Catalina,04447,US Navy,1,Pensacola NA...,, ,A1
19430702-0,02-JUL-1943,Curtiss C-46A,41-5168,USAAF,,Indochina,, ,A1
19430702-1,02-JUL-1943,Douglas R4D-1 (DC-3),01990,US Navy,10,near Dutch Harbor...,, ,A1
19430702-2,02-JUL-1943,Douglas C-53D-DO (DC-3),42-68708,USAAF,,unknown,, ,A1
19430703-0,03-JUL-1943,Curtiss C-46A,41-12310,USAAF,1,between Yunn...,, ,A1
19430703-1,03-JUL-1943,Consolidated PBY-5 Catalina,08294,US Navy,4,Exmouth Gulf...,, ,A1
19430703-2,03-JUL-1943,Consolidated PBY-5 Catalina,08324,US Navy,5,"Mobile Bay, FL",, ,A1
19430703-3,03-JUL-1943,Junkers Ju-52/3m, ,German AF,2,near St-Nazaire,, ,A1
19430703-4,03-JUL-1943,Fokker F.XXII,HM159,RAF,20,Loch Tarbert...,, ,A1
19430704-0,04-JUL-1943,Douglas C-47A (DC-3),42-23777,USAAF,,Sedalia Army...,, ,A1
19430705-0,05-JUL-1943,Douglas C-47 (DC-3),41-38755,USAAF,,Waccamaw Lak...,, ,A1
19430706-1,06-JUL-1943,Douglas C-53 Skytrooper (DC-3),42-6493,USAAF,,Marrakech-Me...,, ,A1
19430707-0,07-JUL-1943,Douglas C-47 (DC-3),41-18605,USAAF,,Damaturu,, ,A1
19430707-2,07-JUL-1943,Douglas C-47 (DC-3),41-38663,USAAF,,unknown,, ,A1
19430708-0,08-JUL-1943,Douglas Dakota III (DC-3),FD888,RAF,,near Gibraltar,, ,A1
19430709-0,09-JUL-1943,Douglas C-54 (DC-4),41-37271,USAAF,3,near Dayton-Wrigh...,,,A1
19430709-1,09-JUL-1943,Douglas C-47 (DC-3),41-38711,USAAF,,"Grenada AAB, MS",, ,A1
19430709-10,09-JUL-1943,Douglas Dakota III (DC-3),FD876,RAF,,unknown,, ,A1
19430709-2,09-JUL-1943,Douglas C-47A (DC-3),42-23366,USAAF,5,"near Gela, Sicily",, ,A1
19430709-3,09-JUL-1943,Douglas C-47 (DC-3),41-18698,USAAF,,near Sicily,, ,A1
19430709-4,09-JUL-1943,Douglas C-47 (DC-3),42-32915,USAAF,,"near Gela, Sicily",, ,A1
19430709-5,09-JUL-1943,Lockheed C-60A-1-LO Lodestar,42-55889,USAAF,0,Monroe-Selma...,, ,A1

19430926-0,26-SEP-1943,Douglas C-47 (DC-3),41-38759,USAAF,,Oran-es Seni...,, ,A1
19430927-0,27-SEP-1943,Douglas C-47 (DC-3),41-18566,USAAF,4,near Fort Benning...,, ,A1
19430928-0,28-SEP-1943,Curtiss C-46A,41-24644,USAAF,,,, ,U1
19430928-2,28-SEP-1943,Curtiss C-46,41-5170,USAAF,1,"near Lovelock, NV",, ,A1
19430928-4,28-SEP-1943,Junkers Ju-52/3m,CK+QI,German AF,0,"Aroybukt, Ly...",, ,A1
19430929-0,29-SEP-1943,Douglas C-47 (DC-3),41-19464,USAAF,1,Brahmaputra ...,, ,A1
19430929-1,29-SEP-1943,Douglas C-47A (DC-3),42-23359,USAAF,3,"near Caddo Gap, AR",, ,A1
19430929-2,29-SEP-1943,Douglas C-53D Skytrooper (DC-3),42-68788,USAAF,2,near Alliance AAB...,, ,A1
19430930-1,30-SEP-1943,Lockheed C-60A Lodestar,42-56014,USAAF,7,Arran Island...,, ,A1
19431001-0,01-OCT-1943,Consolidated PBY-5A Catalina,A24-67,RAAF,9,Pomelaa Harb...,, ,C1
19431001-1,01-OCT-1943,Consolidated PBY-5A Catalina,08047,US Navy,8,Agadir,, ,A1
19431002-0,02-OCT-1943,Consolidated PBY-5A Catalina,05013,US Navy,9,Gulf of Mexico,, ,A1
19431003,03-OCT-1943,Junkers Ju-52/3mge,G6+KL,German AF,3,Iraklion Air...,, ,A1
19431003-0,03-OCT-1943,Curtiss C-46A,41-12422,USAAF,6,near Kunming,, ,A1
19431004-0,04-OCT-1943,Consolidated PBY-2 Catalina,0481,US Navy,,"Perdido Bay, FL",, ,A1
19431004-1,04-OCT-1943,Consolidated PBY-5A Catalina,33999,US Navy,8,"near Pysht, Clall...",, ,A1
19431005-0,05-OCT-1943,Consolidated PBY-5A Catalina,33967,US Navy,0,Pacific Ocean,, ,A1
19431005-1,05-OCT-1943,Consolidated PBY-5A Catalina,33965,US Navy,0+ 1,"near Tutuila, Ame...",, ,A1
19431006-0,06-OCT-1943,Douglas C-47 (DC-3),69,CNAC,0,Kunming Airp...,, ,A1
19431006-2,06-OCT-1943,Douglas Dakota III (DC-3),FD899,RAF,9,Regents Park...,, ,A1
19431010-0,10-OCT-1943,Curtiss C-46A,41-12389,USAAF,,Besokupe Tea...,, ,A1
19431010-2,10-OCT-1943,Douglas C-47 (DC-3),41-38761,USAAF,,near Lae,, ,A1
19431011-0,11-OCT-1943,Douglas C-47A (DC-3),42-23508,USAAF,,"Gela, Sicily",, ,A1
19431012-0,12-OCT-1943,Douglas R4D-1 (DC-3),3134,US Navy,6,Paramaribo-Z...,, ,A1
19431012-2,12-OCT-1943,Douglas C-47A (DC-3),42-23694,USAAF,,Torres Strait,, ,A1
19431013-0,13-OCT-1943,Douglas C-47 (DC-3),72,CNAC,3,near Myitkyina,, ,C1
19431015-0,15-OCT-1943,Douglas DC-3-178,NC16008,American Airlines,11,"near Centerville, TN",, ,A1
19431015-2,15-OCT-1943,Douglas C-47 (DC-3),41-7779,USAAF,,Aldermaston ...,, ,O1
19431016-0,16-OCT-1943,Douglas C-47A (DC-3),84,CNAC,0,near Kunming-Wuji...,, ,A1
19431016-1,16-OCT-1943,Consolidated Catalina,AH551,RAF,8,Ballinamalla...,, ,A1
19431016-2,16-OCT-1943,Consolidated PBY-5 Catalina,2447,US Navy,6,near Port Moresby,, ,A1
19431018-0,18-OCT-1943,Consolidated PBY-5A Catalina,08113,US Navy,,Amlia Island...,, ,A1
19431019-0,19-OCT-1943,Douglas C-47 (DC-3),41-19466,USAAF,,"near Cloncurry, QLD",, ,A1
19431020-0,20-OCT-1943,Curtiss C-46A,41-24667,USAAF,0,,, ,A1
19431020-2,20-OCT-1943,Douglas C-47A (DC-3),42-23965,USAAF,15,near Palmyra Isla...,, ,A1
19431021-0,21-OCT-1943,Douglas C-47 (DC-3),41-18637,USAAF,5,"near Grenada AAF, MS",, ,A1
19431022-0,22-OCT-1943,Douglas C-47 (DC-3),42-5677,USAAF,20,"near Columbus, GA",, ,A1
19431022-1,22-OCT-1943,Consolidated PBY-5 Catalina,08169,US Navy,1,San Diego-No...,, ,A1
19431022-2,22-OCT-1943,Douglas DC-3-268,SE-BAG,AB Aerotransport,13,Hållö Island,, ,C1
19431023-0,23-OCT-1943,Curtiss C-46A,41-24655,USAAF,,,, ,U1
19431023-1,23-OCT-1943,Curtiss C-46A,41-24648,USAAF,2,between Moha...,, ,A1
19431023-2,23-OCT-1943,Curtiss C-46A,41-12325,USAAF,4,near Myitkyina,, ,A1
19431023-3,23-OCT-1943,Douglas C-47 (DC-3),61,CNAC,0,near Kunming Airf...,, ,A2
19431024-0,24-OCT-1943,Consolidated PBY-2 Catalina,0472,US Navy,,Escambia Bay...,, ,A1
19431024-1,24-OCT-1943,Consolidated PBY-5 Catalina,08162,US Navy,4,"Alameda NAS,...",, ,A1
19431024-2,24-OCT-1943,Douglas C-47A (DC-3),42-23521,USAAF,,Palermo,, ,A1
19431024-3,24-OCT-1943,Junkers Ju-52/3m,CCCP-L37,Aeroflot,,near Asha,, ,A1
19431024-4,24-OCT-1943,Douglas C-53D-DO (DC-3),42-68805,USAAF,,Ovia,, ,A1
19431025-0,25-OCT-1943,Curtiss C-46A,41-12326,USAAF,,,, ,U1
19431026-0,26-OCT-1943,Douglas C-47A (DC-3),42-23584,USAAF,,Gusap,, ,A1
19431027-0,27-OCT-1943,Curtiss C-46A,41-12332,USAAF,,,, ,U1
19431027-1,27-OCT-1943,Douglas C-47 (DC-3),41-18416,USAAF,6,near Fort Benning...,, ,A1
19431027-2,27-OCT-1943,Consolidated C-87,42-107261,USAAF,,Kunming-Wuji...,, ,A1
19431027-3,27-OCT-1943,Douglas C-47A (DC-3),42-23498,USAAF,,Gusap,, ,A1
19431027-4,27-OCT-1943,Douglas C-47A (DC-3),78,CNAC,,Dinjan Airport,, ,A1
19431029-0,29-OCT-1943,Douglas C-47A (DC-3),42-23430,USAAF,,between Dinj...,, ,A1
19431029-1,29-OCT-1943,Curtiss C-46A,41-12299,USAAF,,,, ,U1
19431029-2,29-OCT-1943,Curtiss C-46A,41-12313,USAAF,,,, ,U1
19431029-3,29-OCT-1943,Curtiss C-46A,41-12393,USAAF,,,, ,U1
19431029-4,29-OCT-1943,Douglas C-47A (DC-3),42-24400,USAAF,,"Rockhampton,...",, ,A1
19431029-5,29-OCT-1943,Douglas C-47A (DC-3),42-23391,USAAF,14,Hoffman-Mack...,, ,A1
19431029-6,29-OCT-1943,Douglas C-47 (DC-3),41-38702,USAAF,,,, ,A1
19431029-8,29-OCT-1943,Curtiss C-46,41-5172,USAAF,1,between Dinj...,, ,A1
19431030-0,30-OCT-1943,Douglas C-47 (DC-3),41-38575,USAAF,,Bharatpur,, ,A1
19431031-0,31-OCT-1943,Douglas C-47 (DC-3),41-18498,USAAF,,unknown,, ,A1
19431101-0,01-NOV-1943,Junkers Ju-52/3m, ,German AF,19,near Podgorica,, ,C1
19431101-1,01-NOV-1943,Curtiss C-46A,41-12308,USAAF,,,, ,U1
19431101-2,01-NOV-1943,Curtiss C-46A,41-12409,USAAF,4,between Moha...,, ,A1
19431101-3,01-NOV-1943,Douglas C-47 (DC-3),41-38593,USAAF,,"near Grenada AAB, MS",, ,A1
19431101-4,01-NOV-1943,Douglas Dakota III (DC-3),FD829,RAF,,within Turkey,, ,A1
19431101-5,01-NOV-1943,Douglas C-47 (DC-3),42-32839,USAAF,,Wuting,, ,A1
19431102-0,02-NOV-1943,Curtiss C-46A,41-24666,USAAF,0,between Chab...,, ,A1
19431102-1,02-NOV-1943,Douglas C-47A (DC-3),42-24360,USAAF,3,near Walong,, ,A1
19431102-2,02-NOV-1943,Consolidated Catalina,FP120,RAF,9,near Donegal,, ,A1
19431103-0,03-NOV-1943,Douglas C-47 (DC-3),41-18467,USAAF,,"Payne Field, MS",, ,A1
19431104-0,04-NOV-1943,Douglas C-47A (DC-3),42-23848,USAAF,,Anchorage-El...,, ,A1
19431104-1,04-NOV-1943,Lockheed 18 Lodestar,CF-TCX,TCAL,0,near Toronto-Malt...,, ,A1
19431104-2,04-NOV-1943,Consolidated PBY-5A Catalina,7251,US Navy,6,Port Lyautey...,, ,A1
19431105-0,05-NOV-1943,Curtiss C-46A,41-12322,USAAF,0,between Moha...,, ,A1
19431105-1,05-NOV-1943,Douglas C-47A (DC-3),42-24018,USAAF,,Brynberian,, ,A1
19431105-2,05-NOV-1943,Short S.25 Sunderland 3,G-AGIB,BOAC,19,near Sollum,, ,A1
19431105-3,05-NOV-1943,Lockheed R5O-6 Lodestar,39630,US Navy,,Caravelas Ai...,, ,A1
19431106-0,06-NOV-1943,PBV-1A Canso A (PBY-5A),9834,RCAF,7,"Botwood, NL",, ,A1
19431106-1,06-NOV-1943,Consolidated PBY-5A Catalina,34035,US Navy,9,Pacific Ocean,, ,A1
19431106-5,06-NOV-1943,Douglas C-47A (DC-3),42-23869,USAAF,,unknown,, ,A1
19431107-0,07-NOV-1943,Curtiss C-46A,41-5171,USAAF,0,near Myitkyina,, ,A1
19431107-1,07-NOV-1943,Douglas C-47A (DC-3),42-24115,USAAF,,Fayetteville...,, ,A1
19431107-2,07-NOV-1943,Consolidated PBY-5A Catalina,08070,US Navy,8,,, ,A1
19431107-3,07-NOV-1943,Douglas C-47 (DC-3),41-7824,USAAF,,unknown,, ,A1
19431108-0,08-NOV-1943,Douglas C-47A (DC-3),42-92107,USAAF,,Laurinburg-M...,, ,A1
19431108-1,08-NOV-1943,Douglas C-53D Skytrooper (DC-3), ,USAAF,0,within Albania,, ,A1
19431108-2,08-NOV-1943,Douglas C-53D-DO (DC-3),42-68809,USAAF,0,within Albania,, ,A1
19431109-0,09-NOV-1943,Douglas C-47 (DC-3),41-38689,USAAF,,"near Grenada AAB, MS",, ,A1
19431109-2,09-NOV-1943,Douglas C-47A (DC-3),42-23723,USAAF,,near Nadzab,, ,C1
19431110-0,10-NOV-1943,Douglas C-47A (DC-3),42-100463,USAAF,,near Myitkyina,, ,A1
19431110-1,10-NOV-1943,Short Sunderland III,EK572,RAF,12,near Spanish coast,, ,C1
19431111-0,11-NOV-1943,Douglas C-47 (DC-3),41-18372,USAAF,,Lawson Field...,, ,A1
19431111-1,11-NOV-1943,Short Sunderland,DP181,RAF,5,Lough Erne,, ,A1
19431111-2,11-NOV-1943,Douglas DC-2-120,DG470,RAF,0,Lahore Airpo...,, ,A1
19431111-3,11-NOV-1943,Douglas C-47A (DC-3),42-23847,USAAF,,Lae,, ,A1

19430813-0,13-AUG-1943,Short Sunderland I,DV968,"RAF, op.for RAAF",11,Bay of Bisay,, ,C1
19430814-0,14-AUG-1943,Curtiss C-46A,41-12403,USAAF,4,,, ,A1
19430814-1,14-AUG-1943,Savoia-Marchetti SM-75 bis,I-BETA,Nucleo Comunicazioni Avio Linee,17,near Rhodes,, ,A1
19430815-0,15-AUG-1943,Douglas Dakota III (DC-3),FD838,RAF,,within Myanmar,, ,A1
19430815-2,15-AUG-1943,Douglas C-47 (DC-3),41-18682,USAAF,6,Tsili Tsili,, ,C1
19430815-4,15-AUG-1943,Douglas C-47 (DC-3),41-18668,USAAF,9,near Tsili Tsili,, ,C1
19430817-0,17-AUG-1943,Douglas C-47A (DC-3),42-23804,USAAF,,Las Cruces M...,, ,A1
19430817-1,17-AUG-1943,Consolidated PBY-5 Catalina,2446,US Navy,0,New Guinea,, ,A1
19430818-0,18-AUG-1943,Curtiss C-46A,41-12428,USAAF,4,Mowting,, ,A1
19430818-1,18-AUG-1943,Douglas C-47 (DC-3),41-18523,USAAF,,"Tallahassee, FL",, ,A1
19430818-2,18-AUG-1943,Douglas C-47 (DC-3),41-18489,USAAF,,Nashville Me...,, ,A1
19430818-3,18-AUG-1943,Consolidated PBY-5A Catalina,A24-24,RAAF,14,"near Bowen, QLD",,,A1
19430819-0,19-AUG-1943,Douglas C-49J,43-1971,USAAF,5,"Hampstead, NH",, ,A1
19430819-1,19-AUG-1943,Curtiss C-46A,41-12430,USAAF,0,,, ,A1
19430819-2,19-AUG-1943,Douglas C-49J,43-1971,USAAF,,"Hampstead, NH",, ,A1
19430819-3,19-AUG-1943,Consolidated PBY-5A Catalina,05040,US Navy,2,,, ,A1
19430821-0,21-AUG-1943,Lisunov Li-2,CCCP-L4034,Aeroflot,,near Akhtyrka,, ,A1
19430822-0,22-AUG-1943,Lisunov PS-84,CCCP-L3956,Aeroflot,5,"near Rechitsa, Go...",, ,A1
19430822-1,22-AUG-1943,Douglas C-47A (DC-3),42-23635,USAAF,,Djerba,, ,A1
19430822-2,22-AUG-1943,Short Sunderland,DD848,RAF,8,Mount Brando...,, ,A1
19430823-0,23-AUG-1943,Consolidated OA-10 Catalina (PBY-5),42-109023,USAAF,7,Bay of Salerno,, ,C1
19430823-1,23-AUG-1943,Consolidated C-87,42-107274,USAAF,5,near Tezpur Airpo...,, ,A1
19430823-2,23-AUG-1943,Consolidated C-87,41-23851,USAAF,0,Miami-36th S...,, ,A1
19430824-0,24-AUG-1943,Lockheed C-60A Lodestar,42-55954,USAAF,,Lubbock-Sout...,, ,A1
19430824-2,24-AUG-1943,Douglas C-47A (DC-3),42-24125,USAAF,,Sedalia Army...,, ,A1
19430824-4,24-AUG-1943,Consolidated Catalina,FP287,RAF,8,"Long Island,...",, ,A1
19430825-0,25-AUG-1943,Douglas C-47 (DC-3),41-18543,USAAF,3,near Calcutta,, ,A1
19430825-1,25-AUG-1943,Consolidated PBY-5A Catalina,Y-84,Dutch Navy,0,Cape Agulhas,, ,A1
19430825-2,25-AUG-1943,Consolidated PBY-5 Catalina,2298,US Navy,3,"Pensacola, FL",, ,A1
19430826-0,26-AUG-1943,Curtiss C-46A,41-24647,USAAF,,Chabua Airfield,, ,O1
19430826-1,26-AUG-1943,Douglas C-47 (DC-3),41-18626,USAAF,,Keystone Arm...,, ,A1
19430826-3,26-AUG-1943,Lockheed 14-H Super Electra,VP-TAH,BWIA,0,Port of Spai...,, ,O1
19430827-0,27-AUG-1943,Junkers Ju-52/3mg3e,PP-SPD,VASP,18,near Rio de Janei...,, ,A1
19430827-1,27-AUG-1943,Douglas C-53D Skytrooper (DC-3),42-68746,USAAF,4,"near Garland, NC",, ,A1
19430827-2,27-AUG-1943,Douglas R4D-5 (DC-3),12433,US Navy,1,Guadalcanal ...,, ,A1
19430827-3,27-AUG-1943,Douglas DC-3-268,SE-BAF,AB Aerotransport,7,"near Hirsthals, D...",, ,C1
19430827-4,27-AUG-1943,Douglas C-47A (DC-3),42-23698,USAAF,7,near Winima,, ,A1
19430827-5,27-AUG-1943,Lisunov Li-2,CCCP-L4047,Aeroflot,6,unknown,, ,C1
19430828-0,28-AUG-1943,Douglas C-47 (DC-3), ,Soviet AF,4,near Egvekinot,, ,A1
19430828-2,28-AUG-1943,Lisunov PS-84,CCCP-L3959,Aeroflot,2,near Khvoinaya Ai...,, ,A1
19430830-1,30-AUG-1943,Douglas C-47A (DC-3),42-24134,USAAF,,Laurinburg-M...,, ,A1
19430831-0,31-AUG-1943,Curtiss C-46A,41-12296,USAAF,,,, ,A1
19430899-1,??-AUG-1943,Douglas DC-3 (Nakajima L2D),J-BIOA,Imperial Japanese Airways,,near Sulawesi,, ,C1
19430902-0,02-SEP-1943,Consolidated PBY-5A Catalina,A24-50,RAAF,,,, ,A1
19430903-0,03-SEP-1943,Douglas C-47 (DC-3),42-32872,USAAF,,near Pantelleria ...,, ,A1
19430904-0,04-SEP-1943,Consolidated C-87,41-11744,USAAF,,Kunming-Wuji...,, ,A1
19430905-0,05-SEP-1943,Douglas C-47A (DC-3),42-23787,USAAF,,Kansas City-...,, ,A1
19430905-1,05-SEP-1943,Douglas C-49J,43-1980,USAAF,6,near Saint Joseph...,, ,A1
19430905-2,05-SEP-1943,Douglas C-53D Skytrooper (DC-3),42-68841,USAAF,11,"near Sedalia, MO",, ,A1
19430905-3,05-SEP-1943,Douglas C-47A (DC-3),42-23711,USAAF,4,near Espirítu Santo,, ,A1
19430906-2,06-SEP-1943,Junkers Ju-52/3m, ,German AF,1,near Kea,, ,A1
19430907-0,07-SEP-1943,Curtiss C-46A,41-12431,USAAF,,Yunnanyi,, ,A1
19430907-2,07-SEP-1943,Lockheed C-60A Lodestar,42-56006,USAAF,0,Nashville AA...,, ,A1
19430907-3,07-SEP-1943,Consolidated PBY-5A Catalina,A24-52,RAAF,13,Townsville S...,, ,A1
19430907-4,07-SEP-1943,Consolidated C-87,41-24140,USAAF,10,near Accra Airport,, ,A1
19430908-0,08-SEP-1943,Curtiss C-46A,41-12333,USAAF,,near Kunming,, ,A1
19430908-1,08-SEP-1943,Curtiss C-46A,41-5184,USAAF,4,between Kunm...,, ,A1
19430908-2,08-SEP-1943,Douglas C-47A (DC-3),42-23885,USAAF,,unknown,, ,A1
19430910-0,10-SEP-1943,Curtiss C-46,41-5177,USAAF,,"Vail Field, CA",, ,A1
19430910-1,10-SEP-1943,Douglas C-47A (DC-3),42-23915,USAAF,,Sedalia Army...,, ,A1
19430910-2,10-SEP-1943,Consolidated C-87,41-11908,USAAF,5,,, ,A1
19430912-0,12-SEP-1943,Lockheed C-60A Lodestar,42-56037,USAAF,,Glasgow-Pres...,, ,A1
19430914-0,14-SEP-1943,Curtiss C-46A,41-12421,USAAF,,Mohanbari Ai...,, ,A1
19430914-1,14-SEP-1943,Consolidated PBY-5 Catalina,2424,US Navy,0,Bowen Airpor...,, ,A1
19430914-2,14-SEP-1943,Lisunov PS-84,CCCP-L4012,Aeroflot,6,"near Toropa, Vite...",, ,C1
19430915-0,15-SEP-1943,Douglas DC-3-277D,NC33657,American Airlines,0,"near Dallas, TX",, ,A1
19430915-1,15-SEP-1943,Curtiss C-46A,41-12309,USAAF,,near Fort Hertz,, ,A1
19430915-3,15-SEP-1943,Douglas C-47A (DC-3),42-24130,USAAF,,Bowling Gree...,, ,A1
19430915-5,15-SEP-1943,Lockheed C-60A Lodestar,42-55921,USAAF,,Khartoum,, ,A1
19430915-6,15-SEP-1943,Douglas C-47 (DC-3),41-38597,USAAF,4,between Chen...,, ,A1
19430916-0,16-SEP-1943,Curtiss C-46A,41-24651,USAAF,,Tchiehtu,, ,A1
19430916-1,16-SEP-1943,Curtiss C-46A,41-12418,USAAF,,Kunming Airp...,, ,A1
19430916-2,16-SEP-1943,Douglas C-47A (DC-3),42-24281,USAAF,,near Kwongoma,, ,A1
19430916-3,16-SEP-1943,Douglas C-47 (DC-3),41-18570,USAAF,,Myrtle Beach...,, ,A1
19430916-5,16-SEP-1943,Douglas C-47 (DC-3),42-32830,USAAF,,Leron Plains...,, ,A1
19430917-0,17-SEP-1943,Douglas C-47A (DC-3),42-23479,USAAF,,Great Bircham,, ,A1
19430917-2,17-SEP-1943,Douglas C-47A (DC-3),42-23919,USAAF,,Cooktown Air...,, ,A1
19430918-0,18-SEP-1943,Douglas Dakota III (DC-3),FD892,RAF,0,Kos Airport ...,, ,C1
19430918-1,18-SEP-1943,Douglas Dakota III (DC-3),FD893,RAF,0,Kos Airport ...,, ,C1
19430918-2,18-SEP-1943,Douglas Dakota III (DC-3),FD921,RAF,0,Kos Airport ...,, ,C1
19430918-3,18-SEP-1943,Douglas Dakota III (DC-3),FD832,RAF,0,Kos Airport ...,, ,C1
19430918-6,18-SEP-1943,Douglas C-47A (DC-3),42-23307,USAAF,,unknown,, ,U1
19430919-0,19-SEP-1943,Curtiss C-46A,41-24652,USAAF,,Mohanbari Ai...,, ,A1
19430919-2,19-SEP-1943,Douglas C-47A (DC-3),42-24188,USAAF,,unknown,, ,A1
19430919-3,19-SEP-1943,Douglas Dakota I (DC-3),FD806,RAF,,"near Orax, Gulf o...",, ,A1
19430919-4,19-SEP-1943,Lisunov PS-84,CCCP-L4008,Aeroflot,17,near Yakhnovo Air...,, ,A1
19430920-0,20-SEP-1943,Douglas C-53D Skytrooper (DC-3),42-68729,USAAF,25,Laurinburg-M...,, ,A1
19430920-1,20-SEP-1943,Short Sunderland I,L5798,RAF,0,Gibraltar,, ,O1
19430920-2,20-SEP-1943,Lisunov Li-2,CCCP-L4029,Aeroflot / Moscow,5,,, ,A1
19430921-0,21-SEP-1943,Curtiss C-46A,41-24646,USAAF,,Mohanbari Ai...,, ,A1
19430921-1,21-SEP-1943,Consolidated C-87,42-107263,USAAF,,Jorhat (JRH),, ,A1
19430922-0,22-SEP-1943,Douglas C-47A (DC-3),42-24113,USAAF,,New Florence...,, ,A1
19430922-1,22-SEP-1943,Douglas C-53 Skytrooper (DC-3),42-6471,USAAF,20,near Calcutta-Dum...,, ,A1
19430922-2,22-SEP-1943,Short Sunderland,JM710,RAF,9,near Bathurst RAF...,, ,A1
19430923-0,23-SEP-1943,Curtiss C-46A,41-12356,"Northwest Orient Airlines, lsf USAAF",5,"near McCloud, CA",, ,A1
19430923-1,23-SEP-1943,Consolidated PBY-5 Catalina,NZ4002,New Zealand AF,4,Lauthala Bay,, ,A1
19430923-2,23-SEP-1943,Douglas Dakota III (DC-3),FD909,RAF,,Chittagong A...,, ,A1
19430924-0,24-SEP-1943,Consolidated 16 Commodore,NC668M,Pan Am,1,"Miami, FL",, ,A1
19430924-1,24-SEP-1943,Junkers Ju-52/3mg5e,8T+FV,German AF,0,Capraia Gorg...,, ,C1
19430925-0,25-SEP-1943,Douglas C-47A (DC-3),42-24126,USAAF,,Sedalia Army...,, ,A1

19430101-0,01-JAN-1943,Junkers Ju-52/3mge,OO-AUG,Sabena,0,near Bangui,, ,A1
19430101-1,01-JAN-1943,Consolidated PBY-5 Catalina,04502,US Navy,3,South Pacific,, ,A1
19430102-0,02-JAN-1943,Consolidated PBY-5 Catalina,04482,US Navy,,"Aleutians, AK",, ,A1
19430102-1,02-JAN-1943,Short Sunderland III,N9209,RAF,12,near Port Said,, ,A1
19430103-0,03-JAN-1943,Consolidated PBY-5A Catalina,08097,US Navy,8,Atlantic Ocean,, ,A1
19430103-1,03-JAN-1943,Douglas C-34 (DC-2),36-345,USAAF,,Sebring-Hend...,, ,A1
19430104-0,04-JAN-1943,Lockheed Lodestar II,EW986,RAF,11,near Heliopolis,, ,A1
19430104-2,04-JAN-1943,Junkers Ju-52/3m, ,German AF,0,Ostrow,, ,A1
19430105-0,05-JAN-1943,Consolidated PBY-2 Catalina,0497,US Navy,,Jacksonville...,, ,A1
19430106-0,06-JAN-1943,Douglas C-47 (DC-3),41-7787,USAAF,,Chabua Airfield,, ,A1
19430106-1,06-JAN-1943,Consolidated 28-5MC Canso (PBY-5),9737,RCAF,5,"near Gander Lake, NL",, ,A1
19430106-2,06-JAN-1943,Junkers Ju-52/3m, ,German AF,0,Pitomnik Air...,, ,A1
19430107-0,07-JAN-1943,Douglas C-47 (DC-3),41-18432,USAAF,,unknown,, ,A1
19430108-0,08-JAN-1943,Douglas DC-2-171,A30-13,RAAF,0,Cooktown Air...,, ,A1
19430108-2,08-JAN-1943,Junkers Ju-52/3m,1Z+LQ,German AF,4,near Pantelleria,, ,A1
19430109-0,09-JAN-1943,Shorts S.26 G Class,G-AFCK,BOAC,13,"Tagus River,...",, ,A1
19430109-1,09-JAN-1943,Junkers Ju-52/3mge,GC+AE,German AF,,near Stalingrad-P...,, ,A1
19430110-0,10-JAN-1943,Consolidated PBY-5 Catalina,2367,US Navy,8,near Gibbs Hill L...,, ,A1
19430111-0,11-JAN-1943,Douglas DC-3A-197,NC16090,"United Airlines, op.for USAAF",0,Oakland Muni...,, ,A1
19430111-2,11-JAN-1943,Douglas C-47 (DC-3),41-18573,USAAF,5,between Tont...,, ,A1
19430112-0,12-JAN-1943,Douglas C-49G-DO (DC-3),LR235,RAF,0,near Tezpur Airpo...,, ,A1
19430112-1,12-JAN-1943,Douglas C-47 (DC-3),41-18598,USAAF,0,Port Moresby...,, ,A1
19430113-0,13-JAN-1943,Consolidated PBY-5 Catalina,04431,US Navy,0,"near Perth, WA",, ,A1
19430113-1,13-JAN-1943,Lockheed 14-H2 Super Electra,F-ARRF,Air France,3,Aguelhok,, ,A1
19430113-2,13-JAN-1943,Consolidated PBY-5A Catalina,7302,US Navy,0,Reykjavik Ai...,, ,A1
19430115,15-JAN-1943,Junkers Ju-52/3m,KB+QV,German AF,1,near Tunis,, ,A1
19430115-0,15-JAN-1943,Douglas C-54 (DC-4),41-32939,"USAAF, op.for TWA",35,near Paramaribo,,,A1
19430115-1,15-JAN-1943,Douglas C-47 (DC-3), ,USAAF,,Biskra Airpo...,,,C1
19430115-2,15-JAN-1943,Douglas C-47 (DC-3),41-18658,USAAF,6,Port Moresby...,, ,C1
19430116-0,16-JAN-1943,Douglas C-49D (DC-3),41-7718,USAAF,,Palo Seca,, ,A1
19430116-1,16-JAN-1943,Consolidated PBY-5 Catalina,2310,US Navy,5,"near Brunswick, G...",, ,A1
19430116-2,16-JAN-1943,Short Sunderland I,L5802,RAF,0,"Alness, nr. ...",, ,A1
19430117-0,17-JAN-1943,Consolidated PBY-5A Catalina,08043,US Navy,4,Elizabeth Ci...,, ,A1
19430117-1,17-JAN-1943,Junkers Ju-52/3m,TE+DQ,German AF,6,Tunis - Trapani,, ,A1
19430118-0,18-JAN-1943,Consolidated C-87,41-11708,USAAF,26,"near Natal, Brazil",, ,A1
19430118-1,18-JAN-1943,Douglas C-47 (DC-3),41-38667,USAAF,8,near Wau Airport ...,, ,A1
19430119-0,19-JAN-1943,Junkers Ju-52/3m, ,German AF,2,near Gumrak,, ,C1
19430121-0,21-JAN-1943,Martin M-130,NC14715,Pan Am,19,"near Ukiah, CA",, ,A1
19430121-1,21-JAN-1943,Douglas C-49G-DO,42-56614,USAAF,,near Austin-del V...,, ,A1
19430121-2,21-JAN-1943,Douglas R4D-1 (DC-3),05051,US Navy,6,"near Flagstaff, AZ",, ,A1
19430121-3,21-JAN-1943,Short Sunderland I,T9085,RAF,11,Western Appr...,, ,A1
19430122-0,22-JAN-1943,Douglas DC-3A-399,NC33645,Panagra,14,near Chaparra,, ,A1
19430122-1,22-JAN-1943,Junkers Ju-52/3mg6e,8T+EK,German AF,4,Tunis Airport,, ,A1
19430123-0,23-JAN-1943,Douglas C-47 (DC-3),41-18591,USAAF,,Laurinburg-M...,, ,A1
19430123-2,23-JAN-1943,Douglas C-53 Skytrooper (DC-3),41-18440,USAAF,0,Laurinburg-M...,, ,O1
19430123-4,23-JAN-1943,Lisunov PS-84,CCCP-L3443,Aeroflot,5,near Myakinino,, ,A1
19430124-0,24-JAN-1943,Short Sunderland III,DV979,RAF,9,"near Black Rock, ...",, ,A1
19430124-2,24-JAN-1943,Douglas C-47 (DC-3),41-38666,USAAF,,Port Moresby...,, ,O1
19430124-3,24-JAN-1943,Douglas C-47 (DC-3),41-38688,USAAF,,unknown,, ,A1
19430126-0,26-JAN-1943,Douglas C-53 Skytrooper (DC-3),41-20128,USAAF,,Sookerating,, ,A1
19430127-0,27-JAN-1943,Consolidated PBY-5A Catalina,7278,US Navy,0,Greenland ic...,, ,A1
19430128-0,28-JAN-1943,Consolidated PBY-2 Catalina,0455,US Navy,3,Lake Ponchar...,, ,A1
19430128-1,28-JAN-1943,Consolidated PBY-5A Catalina,02965,US Navy,,,, ,A1
19430129-0,29-JAN-1943,Fiat G.18V,I-EURE,ALI,5,near Venice Airpo...,, ,A1
19430131-0,31-JAN-1943,Douglas C-53 Skytrooper (DC-3),42-15537,USAAF,3,"near Castaic, CA ",, ,A1
19430131-1,31-JAN-1943,Douglas Dakota II (DC-3),MA929,RAF,6,northeastern...,, ,A1
19430199,??-JAN-1943,Junkers Ju-52/3m,GC+AE,German AF,,Salsk,, ,A1
19430206-0,06-FEB-1943,Douglas C-49K (DC-3-455),43-2004,USAAF,11,near Fort St. Joh...,, ,A1
19430207-0,07-FEB-1943,Douglas C-47 (DC-3),41-38658,USAAF,5,near Wau,, ,C1
19430207-3,07-FEB-1943,Consolidated C-87,41-23903,USAAF,18,near Canton Islan...,, ,A1
19430208-0,08-FEB-1943,Consolidated PBY-5 Catalina,04438,US Navy,2,Whidbey Isla...,, ,A1
19430209-0,09-FEB-1943,Douglas C-48B (DC-3),42-56099,USAAF,,Austin-del V...,, ,A1
19430209-1,09-FEB-1943,Consolidated C-87,41-23850,USAAF,0,"near Zaragoza, Nu...",, ,A1
19430210-0,10-FEB-1943,Douglas C-47 (DC-3),41-18430,USAAF,,"near Dalhart, TX",, ,A1
19430212-0,12-FEB-1943,Consolidated PBY-5A Catalina,08033,US Navy,,Canton Islan...,, ,A1
19430213-0,13-FEB-1943,Lockheed 14-H Super Electra,PP-AVA,Aerovias Brasil,1,near Bom Jesus da...,, ,A1
19430213-2,13-FEB-1943,Douglas DC-3-294A,46,CNAC,,near Chungking,, ,A1
19430214-0,14-FEB-1943,Consolidated PBY-5 Catalina,08158,US Navy,3,San Francisc...,, ,A1
19430215-0,15-FEB-1943,DH.95 Flamingo,G-AFYE,BOAC,2,Asmara,, ,A1
19430216-0,16-FEB-1943,Douglas C-47 (DC-3),41-38581,USAAF,,near Takoradi,, ,A1
19430217-0,17-FEB-1943,Lisunov Li-2, ,Soviet AF,6,Pisarevka vi...,, ,A1
19430218-0,18-FEB-1943,Junkers Ju-52/3m, ,German AF,14,near Atella,, ,A1
19430222-0,22-FEB-1943,Boeing 314A,NC18603,Pan Am,24,near Lisboa,,,A1
19430222-1,22-FEB-1943,Douglas C-47 (DC-3),42-32799,USAAF,2,"near Enterprise, UT",, ,A1
19430223-0,23-FEB-1943,Douglas C-53 Skytrooper (DC-3),42-47373,USAAF,5,near Cairo,, ,A1
19430223-1,23-FEB-1943,Douglas C-49J,43-1989,USAAF,,near Colorado Spr...,, ,A1
19430224-0,24-FEB-1943,Curtiss C-46,41-5176,USAAF,0,"Buffalo, NY",, ,A1
19430224-1,24-FEB-1943,Junkers Ju-52/3mge,7U+LM,German AF,0,Gaeidnugaiss...,, ,A1
19430225-0,25-FEB-1943,Consolidated PBY-5 Catalina,08163,US Navy,5,San Diego-No...,, ,A1
19430226-0,26-FEB-1943,Lockheed 18 Lodestar,VHCAJ,"Australian CAA, op.for ANA",,"near Townsville, QLD",, ,A1
19430228-0,28-FEB-1943,Douglas C-49F-DO,42-56628,USAAF,5,near Austin-del V...,, ,A1
19430228-1,28-FEB-1943,Consolidated PBY-5A Catalina,A24-25,RAAF,11,"near Cairns, QLD",, ,A1
19430301-2,01-MAR-1943,Junkers Ju-52/3m,D-AQUB,Deutsche Lufthansa,0,near Trondheim/Ho...,, ,A1
19430302-0,02-MAR-1943,Douglas C-47 (DC-3),41-19467,USAAF,,unknown,, ,U1
19430302-1,02-MAR-1943,Lisunov Li-2,CCCP-L3495,Aeroflot,2,Mount Ketan-Dag,, ,A1
19430302-2,02-MAR-1943,Lisunov Li-2, ,Soviet AF,9,near Sol-Iletsk,, ,A1
19430304-0,04-MAR-1943,Douglas C-47 (DC-3),41-18561,USAAF,,Fayetteville...,, ,A1
19430305-0,05-MAR-1943,Consolidated PBY-5 Catalina,2334,US Navy,8,Pacific,, ,A1
19430305-1,05-MAR-1943,Lisunov PS-84,CCCP-L3913,Aeroflot,3,Berdigestyak...,, ,A1
19430306-0,06-MAR-1943,Consolidated PBY-5 Catalina,04475,US Navy,4,Whidbey Isla...,, ,A1
19430308-0,08-MAR-1943,Douglas C-47 (DC-3),41-18521,USAAF,,near Fayetteville...,, ,A1
19430308-1,08-MAR-1943,Douglas C-47 (DC-3),41-19493,USAAF,,Fort Hertz,, ,A1
19430308-2,08-MAR-1943,Consolidated PBY-5A Catalina,A24-22,RAAF,9,near Gasmata,, ,A1
19430308-3,08-MAR-1943,Lisunov Li-2, ,Soviet AF,5,near Bataisk Airf...,, ,A1
19430309-0,09-MAR-1943,Consolidated PBY-5A Catalina,08054,US Navy,,near Narsarsuaq,, ,A1
19430310-0,10-MAR-1943,Consolidated PBY-5A Catalina,7297,US Navy,8,near Lake Becharo...,, ,A1
19430311-0,11-MAR-1943,Douglas C-53-DO (DC-3),53,CNAC,3,near Luishui,, ,A1
19430311-1,11-MAR-1943,Douglas C-47 (DC-3),42-32871,USAAF,,Mechanicsbur...,, ,A1
19430311-2,11-MAR-1943,Consolidated PBY-5 Catalina,04497,US Navy,,Whidbey Isla...,, ,A1
19430311-3,11-MAR-1943,Douglas C-47 (DC-3),41-38662,USAAF,8,near Skindewai,, ,A1

19431216-1,16-DEC-1943,Douglas C-47 (DC-3),41-38590,USAAF,,"Grenada AAB, MS",, ,A1
19431216-2,16-DEC-1943,Consolidated C-87,41-23095 ??,USAAF,,,, ,A1
19431216-3,16-DEC-1943,Douglas C-47A (DC-3),42-92313,USAAF,,near Oklahoma Cit...,, ,A1
19431217-1,17-DEC-1943,Douglas C-47A (DC-3),43-30739,USAAF,9,Sydney Island,, ,A1
19431217-2,17-DEC-1943,Douglas C-47A (DC-3),43-30719,USAAF,5,Knocknapeast...,, ,A1
19431217-3,17-DEC-1943,Lockheed 18 Lodestar,G-AGDE,BOAC,10,"near Leuchars, Sc...",, ,A1
19431218-0,18-DEC-1943,Douglas C-47A (DC-3),83,CNAC,3,near Suifu,, ,A1
19431218-1,18-DEC-1943,Consolidated PBY-5 Catalina,2330,US Navy,6,Jacksonville...,, ,A1
19431218-2,18-DEC-1943,Douglas C-49E (DC-3-DST),42-56097,USAAF,,near El Paso-Bigg...,, ,A1
19431218-3,18-DEC-1943,Douglas C-47A (DC-3),CCCP-L825,Aeroflot,14,near Ramenye,, ,A1
19431219-0,19-DEC-1943,Douglas C-47A (DC-3),43-30742,USAAF,31,"near Canal Creek,...",, ,A1
19431219-1,19-DEC-1943,Consolidated PBY-5A Catalina,05015,US Navy,,,, ,A1
19431219-2,19-DEC-1943,Short Sunderland III,DW106,RAF,9,near Portuguese c...,, ,A1
19431219-4,19-DEC-1943,PB2B-1 Canso A (PBY-5A),9786,RCAF,,unknown,, ,A1
19431220-1,20-DEC-1943,Consolidated C-87,42-107251,USAAF,,Kunming-Wuji...,, ,A1
19431220-2,20-DEC-1943,Curtiss C-46A,41-12397,USAAF,4,within China,, ,A1
19431221-0,21-DEC-1943,Douglas C-47A (DC-3),42-100503,USAAF,,Amapá Airpor...,, ,A1
19431221-1,21-DEC-1943,Douglas C-47A (DC-3),42-100512,USAAF,,"St. Eval, Co...",, ,A1
19431221-2,21-DEC-1943,Consolidated PBY-5 Catalina,04462,US Navy,,Escambia Bay...,, ,A1
19431221-4,21-DEC-1943,Lisunov Li-2,CCCP-L4032,Aeroflot,3,near Moskva-Vnuko...,, ,A1
19431221-6,21-DEC-1943,Junkers Ju-52/3m, ,German AF,3,Văliug ...,, ,A1
19431222-0,22-DEC-1943,Curtiss C-46A,41-24661,USAAF,,Sookerating,, ,A1
19431223-0,23-DEC-1943,Douglas C-47A (DC-3),43-30733,USAAF,4,"Brown Willy,...",, ,A1
19431223-1,23-DEC-1943,Douglas C-47A (DC-3),42-24121,USAAF,0,Laurinburg-M...,, ,A1
19431223-2,23-DEC-1943,Douglas C-47A (DC-3),42-23500,USAAF,6,Mount Victoria,, ,A1
19431224-0,24-DEC-1943,Short Sunderland,T228,RAF,21,Bay of Biscay ?,, ,C1
19431225-0,25-DEC-1943,Douglas Dakota III (DC-3),FD903,RAF,4,near Spain,, ,A1
19431225-2,25-DEC-1943,Junkers Ju-52/3m, ,German AF,0,Oslo-Garderm...,, ,A1
19431226-0,26-DEC-1943,Curtiss C-46A,41-12294,USAAF,,,, ,A1
19431226-1,26-DEC-1943,Curtiss C-46A,41-24743,USAAF,,Yunnanyi Air...,,,A1
19431226-2,26-DEC-1943,Douglas C-47 (DC-3),41-19489,USAAF,,Chabua Airfield,, ,A1
19431227-0,27-DEC-1943,Douglas C-47A (DC-3),42-24272,USAAF,7,near Shingbwiyang,, ,A1
19431227-2,27-DEC-1943,Douglas R4D-5 (DC-3),12432,US Navy,24,New Caledoni...,, ,A1
19431229-0,29-DEC-1943,Douglas C-47A (DC-3),42-23642,USAAF,,Sciacca,, ,O1
19431229-1,29-DEC-1943,Short Sunderland,EJ140,RAF,8,near Voi,, ,A1
19431229-2,29-DEC-1943,Douglas C-47A (DC-3),42-92067,USAAF,,Sciacca,, ,A1
19431229-3,29-DEC-1943,Douglas C-47 (DC-3),42-5684,USAAF,,Sciacca,, ,O1
19431230-0,30-DEC-1943,Douglas C-47A (DC-3),42-23773,USAAF,,Knollwood Ai...,, ,A1
19431230-1,30-DEC-1943,Curtiss C-46A,41-24713,USAAF,,Sookerating ...,, ,A1
19431230-2,30-DEC-1943,Consolidated PBY-5A Catalina,33963,US Navy,6,Pacific Ocean,, ,A1
19431230-3,30-DEC-1943,Junkers Ju-52/3m,DF+DX,German AF,1,Île de Groix,, ,C1
19431231-0,31-DEC-1943,Curtiss C-46A,41-24641,USAAF,0,near Mohanbari,, ,A1
19431231-2,31-DEC-1943,Junkers Ju-52/3m, ,German AF,8,Perugia,, ,A1
19431299-2,??-DEC-1943,Junkers Ju-52/3m, ,German AF,,Cobenhagen,, ,A1
19439999-1,??-???-1943,Junkers Ju-52/3m,7U+AH,German AF,,"Vagdalen, So...",, ,A1
19439999-10,??-???-1943,Junkers Ju-52/3mge,210,Portuguese AF,0,Rabo de Peixe,, ,A1
19439999-11,??-???-1943,Junkers Ju-52/3mg4e,D-ABEW,German AF,,,, ,A1
19439999-2,??-???-1943,Douglas DC-3-220A,D-AAIF,Deutsche Lufthansa,0,,, ,C1
19439999-3,??-???-1943,Junkers Ju-52/3m, ,German AF,,,, ,A1
19439999-5,??-???-1943,Junkers Ju-52/3m,D-ACBE,German AF,,,, ,A1
19439999-6,??-???-1943,Junkers Ju-52/3m,D-ADHF,German AF,,,, ,A1
19439999-7,??-???-1943,Junkers Ju-52/3mfe,D-AGUK,Deutsche Lufthansa,,,, ,A1
19439999-8,??-???-1943,Junkers Ju-52/3mge, ,German AF,,,, ,A1
19439999-9,??-???-1943,Junkers Ju-52/3mte,D-APXD,German AF,,,, ,A1
