identifiant,date,type,registration,operator,fat.,location, ,pic,cat

19670101-1,01-JAN-1967,Douglas C-47 (DC-3), ,Indian AF,1,Yellahanka AFB,, ,A1
19670104-0,04-JAN-1967,Fairchild C-123B Provider,56-4372,USAF,0,Buny Buny,, ,A1
19670104-1,04-JAN-1967,Ilyushin Il-18D, ,Hâng Không Viêtnam,,Nanking Airp...,, ,A1
19670106-0,06-JAN-1967,Vickers 823 Viscount,VH-RMG,Ansett-ANA,0,Brisbane-Eag...,, ,A2
19670106-1,06-JAN-1967,Curtiss C-46F,N30046,Channel Air Lift,3,Hilo Interna...,, ,A1
19670107-0,07-JAN-1967,Douglas C-47 (DC-3),FAC-...,Colombian AF,,unknown,, ,U1
19670108-0,08-JAN-1967,Douglas AC-47D,43-49124,USAF,7,near Duc Pho,, ,C1
19670109-0,09-JAN-1967,Lockheed P-2E Neptune,131495,US Navy,9,near Camp Springs...,, ,A1
19670111-0,11-JAN-1967,Chase YC-122C Avitruc,N122E,Bush Aviation,4,"near Bimini, Bahamas",, ,A1
19670112-0,12-JAN-1967,DHC-4A Caribou,M21-02,Royal Malaysian AF,1,near Meligan Airs...,, ,A1
19670114-0,14-JAN-1967,Antonov An-12B,CCCP-04343,Aeroflot / Polar,6,near Novosibirsk-...,, ,A1
19670114-1,14-JAN-1967,Consolidated PBY-5A Catalina,B-1501,China Airlines,,,, ,A1
19670118-0,18-JAN-1967,Grumman HU-16A Albatross,302,Indonesian AF,19,Java,, ,A1
19670119-0,19-JAN-1967,Vickers 745D Viscount,N7431,United Airlines,0,Norfolk Muni...,, ,A1
19670119-1,19-JAN-1967,Boeing KC-135A,56-3613,USAF,9,"near Spokane, WA",, ,A1
19670121-0,21-JAN-1967,Douglas C-54A (DC-4),G-ASOG,Air Ferry,2,near Frankfurt-Main,,,A1
19670123-0,23-JAN-1967,Convair CV-640,N3408,Caribair,0,San Juan,, ,A1
19670124-1,24-JAN-1967,Douglas DC-6B,SU-ANL,UAA,0,Hodeidah Air...,, ,A1
19670124-2,24-JAN-1967,Douglas DC-6,N74841,Saturn Airways,0,Oakland Inte...,, ,A1
19670130-0,30-JAN-1967,Douglas DC-6,XA-LAU,Mexicana,0,Mérida Airpo...,, ,A1
19670130-1,30-JAN-1967,Douglas C-47A (DC-3),9M-AMU,MSA,0,Lutong Airport,, ,A1
19670131-0,31-JAN-1967,Douglas DC-6A,N640NA,Saturn Airways,3,San Antonio ...,, ,A1
19670131-1,31-JAN-1967,Fairchild UC-123B-6-FA Provider,54-611,USAF,5,near Sepone,, ,C1
19670203-0,03-FEB-1967,Curtiss C-46D,CC-CDH,ALFA,0,LaYareta Pass,, ,A1
19670206-0,06-FEB-1967,Douglas C-47B (DC-3),YK-ACB,Syrian Arab Airlines,8,Aleppo-Nejra...,, ,A1
19670207-0,07-FEB-1967,Antonov An-24, ,UAA,0,Amman,, ,H2
19670208-0,08-FEB-1967,Grumman HU-16E Albatross,1271,US Coast Guard,1,near Saint Paul I...,, ,A1
19670209-0,09-FEB-1967,Antonov An-12A,CU-T827,Cubana,10,near Mexico City-...,,,A1
19670209-1,09-FEB-1967,Convair T-29A (CV-240),49-1917,USAF,0,near Wiesbaden Ai...,, ,A1
19670210-1,10-FEB-1967,Convair CV-440-11,HB-IMF,Swissair,4,near Zürich-Klote...,,,A1
19670216-1,16-FEB-1967,Lockheed L-188C Electra,PK-GLB,Garuda,22,Manado-Sam R...,, ,A1
19670217-0,17-FEB-1967,Lockheed C-130B Hercules,60-0307,USAF,0,Tay Ninh,, ,A1
19670217-1,17-FEB-1967,Douglas C-47D (DC-3),T.3-3,Spanish AF,,,, ,U1
19670218-0,18-FEB-1967,Douglas RC-47P,43-49679,USAF,0,Saigon-Tan S...,, ,O1
19670218-1,18-FEB-1967,Douglas AC-47D,44-76542,USAF,0,Binh Thuy Ai...,, ,A1
19670219-0,19-FEB-1967,Lockheed P-2H Neptune,147955,US Navy,0,Roosevelt Ro...,, ,A1
19670220-0,20-FEB-1967,Douglas DC-6,HR-SAS,SAHSA,4,Tegucigalpa-...,,,A1
19670221-0,21-FEB-1967,Douglas C-47B (DC-3),ST-AAM,Sudan Airways,1,Khartoum,,,A1
19670222-1,22-FEB-1967,Douglas C-47A (DC-3),XY-ABF,Union of Burma Airways,0,Myitkyina Ai...,, ,A2
19670222-2,22-FEB-1967,Douglas C-47A (DC-3),XY-ACN,Union of Burma Airways,0,Myitkyina Ai...,, ,A2
19670223-0,23-FEB-1967,Douglas C-47A (DC-3),TF-ISA,Icelandair,,Danmarkshavn,, ,U1
19670224-0,24-FEB-1967,Douglas DC-6B,N8224H,Northeast Airlines,0,"Holmdel, NJ",, ,A1
19670226-0,26-FEB-1967,Douglas DC-3C,CC-CLB,Private,0,Chaiten Airp...,, ,A1
19670228-0,28-FEB-1967,Fokker F-27 Friendship 100,PI-C501,Philippine Air Lines,12,near Mactan Islan...,,,A1
19670228-1,28-FEB-1967,Douglas DC-3, ,Aeroamazonas,4,near Río Pauté,, ,A1
19670228-2,28-FEB-1967,Douglas C-47A (DC-3),43-16040,USAF,,unknown,, ,A1
19670301-0,01-MAR-1967,Douglas C-47A (DC-3),PP-ASS,Sadia,0,"Caravelas, BA",, ,A1
19670304-0,04-MAR-1967,Curtiss C-46D,HK-758,Aerocondor de Colombia,0,near Bogotá-Eldor...,, ,A1
19670305-0,05-MAR-1967,Convair CV-580,N73130,Lake Central Airlines,38,"near Marseilles, OH",, ,A1
19670305-1,05-MAR-1967,Douglas DC-8-33,PP-PEA,Varig,51+ 5,Monrovia-Rob...,, ,A1
19670305-2,05-MAR-1967,Scottish Aviation Twin Pioneer 1,9M-ANO,MSA,0,Limbang Airp...,, ,A1
19670305-3,05-MAR-1967,Grumman HU-16E Albatross,1240,US Coast Guard,6,Gulf of Mexico,, ,A1
19670306-0,06-MAR-1967,Antonov An-12B,CCCP-11007,Aeroflot / Polar,5,near Salekhard Ai...,, ,A1
19670306-1,06-MAR-1967,Shorts SC.7 Skyvan 2-102,I-TORE,Aeralpi,0,Venezia,, ,A1
19670308-0,08-MAR-1967,ATL-98 Carvair,F-BMHU,CAT,4+ 7,Karachi,, ,A1
19670309-0,09-MAR-1967,Douglas DC-9-15,N1063T,TWA,25,"near Urbana, OH",,,A1
19670309-1,09-MAR-1967,Douglas RC-47P,43-49201,USAF,7,near Duc Pho,, ,C1
19670310-0,10-MAR-1967,Fairchild F-27,N2712,West Coast Airlines,4,near Klamath Fall...,, ,A1
19670310-1,10-MAR-1967,Douglas C-54D (DC-4),42-72561,USAF,,Tachikawa,, ,U1
19670310-2,10-MAR-1967,Douglas VC-47J (DC-3),99844,US Navy,25,near Phan Rang,, ,A1
19670311-0,11-MAR-1967,DHC-6 Twin Otter 100,I-CLAI,Aeralpi,4,Col Visentin,, ,A1
19670311-1,11-MAR-1967,Consolidated PBY-5A Catalina,HP-425,Cie Dariénitas de Servicios,0,within Belize,, ,A1
19670311-2,11-MAR-1967,Douglas C-47A (DC-3),VT-AUU,Indian Airlines,0,Rourkela Air...,, ,A2
19670312-0,12-MAR-1967,Lockheed C-130E Hercules,63-7772,USAF,0,An Khe,,,A1
19670312-1,12-MAR-1967,Ilyushin Il-14P,CCCP-61657,Aeroflot / Yakutsk,15,near Yakutsk,, ,A1
19670313-0,13-MAR-1967,Vickers 818 Viscount,ZS-CVA,South African Airways,25,near Kayser's Beach,, ,A1
19670313-1,13-MAR-1967,Antonov An-2P,CCCP-04959,Aeroflot / North Kavkaz,1,Black Sea,, ,H1
19670313-2,13-MAR-1967,Lockheed P2V-7 Neptune,147565,French Navy,13,near Cap Finisterre,, ,A1
19670317-1,17-MAR-1967,Douglas C-47A (DC-3),EP-AEF,Iran Air,0,Bandar Abbas...,, ,A1
19670317-2,17-MAR-1967,Douglas C-47 (DC-3),FAC-685,Colombian AF,0,near Subachoque,, ,A2
19670323-0,23-MAR-1967,Lockheed C-141A-LM Starlifter,65-9407,USAF,5,Da Nang Airp...,,,A1
19670323-1,23-MAR-1967,Douglas AC-47D,43-48356,USAF,0,near Bien Hoa Air...,, ,C1
19670324-0,24-MAR-1967,Douglas C-47A (DC-3),N54370,Amerine Turkey Breeding Farms,0,Merced-Castl...,, ,A1
19670328-0,28-MAR-1967,Douglas AC-47D,44-76534,USAF,7,near Hoi An,,,C1
19670330-0,30-MAR-1967,Douglas DC-8-51,N802E,Delta Air Lines,6+ 13,"New Orleans, LA",,,A1
19670402-0,02-APR-1967,Lockheed 18 Lodestar,N706G,Trans Caribbean Enterprises,5,near Lima,,,A1
19670404-1,04-APR-1967,Scottish Aviation Twin Pioneer 1,5N-ABQ,Bristow Helicopters,0,near Ughelli Aero...,, ,A1
19670406-0,06-APR-1967,Ilyushin Il-18V,CCCP-75563,"Aeroflot, 235 Aviation Det.",8,near Moskva-Domod...,, ,A1
19670407-0,07-APR-1967,Lockheed 18 Lodestar,N66549,Private,0,"near La Para, CD",, ,A1
19670408-0,08-APR-1967,Curtiss C-46, ,South Korea AF,15+ 44,near Seoul-Yeouid...,, ,A1
19670408-2,08-APR-1967,Douglas C-47B (DC-3),G-AMYW,Hunting Surveys,0,near Hail,, ,A1
19670411-0,11-APR-1967,Douglas DC-4,7T-VAU,Air Algérie,35,near Tamanrasset ...,,,A1
19670411-1,11-APR-1967,Lockheed 18 Lodestar,N699C,private,2,"near Aguila, AZ",, ,A1
19670411-2,11-APR-1967,Lisunov Li-2,CCCP-04213,Aeroflot / Polar,0,near Nizhniye Kre...,, ,A1
19670412-0,12-APR-1967,Lockheed C-141A-LM Starlifter,66-0127,USAF,7,Cam Ranh Bay,, ,A1
19670414-0,14-APR-1967,Lockheed P-15 Neptune (P2V-5),7006,Brazilian AF,0,Pico da Band...,, ,A1
19670415-0,15-APR-1967,Fairchild C-123K Provider,55-4575,USAF,0,Kham Duc Air...,, ,A1
19670416-0,16-APR-1967,Lockheed C-130B Hercules,58-0722,USAF,3,Bao Loc,, ,A1
19670417-0,17-APR-1967,Lockheed L-1049H Super Constellatio,N7777C,Alaska Airlines,0,Kotzebue Air...,, ,A1
19670418-0,18-APR-1967,Lockheed C-130E Hercules,5-107,Iran AF,23,Zarand,, ,A1
19670419-0,19-APR-1967,Boeing KC-135A,55-3140,USAF,0,Wake Island ...,,,O1
19670420-1,20-APR-1967,Bristol 175 Britannia 313,HB-ITB,Globe Air,126,near Nicosia Airp...,,,A1
19670420-2,20-APR-1967,Bristol 175 Britannia 308F,G-ANCG,British Eagle,0,Manston-Kent...,, ,A1
19670423-0,23-APR-1967,Fokker F-27 Friendship, ,Nigeria Airways,0,Enugu,, ,H2
19670425-1,25-APR-1967,Lockheed EC-121H Super Constellatio,53-0549,USAF,15,near Nantucket Is...,, ,A1
19670426-0,26-APR-1967,Douglas AC-47D,43-48921,USAF,7,near Cam Ranh Bay,, ,A1
19670426-1,26-APR-1967,Douglas C-47 (DC-3),HK-326,Avianca,17,near Sogamoso Air...,, ,A1
19670427-0,27-APR-1967,Fokker F-27 Friendship 400,PK-PFB,Fokker,19,near Malaybalay A...,, ,A1
19670427-2,27-APR-1967,Lockheed CC-130E Hercules,10309,RCAF,6,near Trenton Cana...,, ,A1
19670428-0,28-APR-1967,Lockheed P-3A Orion,151365,US Navy,12,near Tsushima Island,, ,A1

19670428-1,28-APR-1967,Scottish Aviation Twin Pioneer CC.2,XN321,RAF,0,Butterworth ...,, ,A1
19670430-0,30-APR-1967,Douglas C-133B Cargomaster,59-0534,USAF,0,near Okinawa,,,A1
19670502-0,02-MAY-1967,Curtiss C-46A,CP-712,Aerovias Boliviana Transandina,,Incahuara,, ,A1
19670503-0,03-MAY-1967,Douglas C-47B (DC-3),TF-AIO,Flugsyn,3,Vestmannaeyjar,, ,A1
19670503-1,03-MAY-1967,Vickers 812 Viscount,G-AVJZ,Channel Airways,0+ 2,Southend Mun...,, ,A1
19670503-2,03-MAY-1967,Grumman G-73 Mallard,N298GB,Gold Bond Stamp Co.,0,Huron-Howes ...,, ,A1
19670505-0,05-MAY-1967,Lockheed 18 Lodestar,N65GC,Airstar,,"near La Plata, BA",, ,A1
19670505-1,05-MAY-1967,Canadair CC-109 Cosmopolitan,11153,RCAF,0,Montreal-Dor...,, ,O1
19670506-0,06-MAY-1967,Douglas C-47 (DC-3),HJ244,Indian AF,,,, ,U1
19670508-0,08-MAY-1967,Fairchild HC-123B,4541,US Coast Guard,0,Guam-Agana N...,, ,A1
19670511-0,11-MAY-1967,Antonov An-2,CCCP-05604,Aeroflot / Kazakstan,12,near Alexeyevka,, ,A1
19670514-0,14-MAY-1967,Sabreliner 40,N739R,Container Corp. of America,2,"near Ventura, CA",, ,A1
19670515-1,15-MAY-1967,Curtiss C-46T,CF-NAD,Nordair,4,near Cape Dyer Ai...,,,A1
19670517-0,17-MAY-1967,Scottish Aviation Twin Pioneer 1,9M-ANC,MSA,0,Limbang Airp...,, ,A1
19670517-1,17-MAY-1967,Douglas C-47B (DC-3),XC-BII,Pemex,7,near Sontecomapan,, ,A1
19670517-2,17-MAY-1967,Avro Shackleton T.4,WB831,RAF,0,Newquay-St M...,, ,A1
19670519-0,19-MAY-1967,Douglas DC-8-54F,CF-TJM,Air Canada,3,near Ottawa Inter...,, ,A1
19670523-0,23-MAY-1967,Douglas C-47A (DC-3),PI-C854,Air Manila Int.,,Iligan Airpo...,, ,A1
19670523-1,23-MAY-1967,Douglas C-47A (DC-3),HK-503,Aerocondor de Colombia,0,Barranquilla...,, ,A1
19670526-0,26-MAY-1967,Convair CV-240-6,ZP-CDP,LAP,0,Buenos Aires...,,,A1
19670527-0,27-MAY-1967,Grumman G-73 Mallard,N2968,Catalina-Vegas Airlines,1,Pebbly Beach...,, ,A1
19670529-0,29-MAY-1967,Douglas C-54A (DC-4),HK-757,Aerocondor de Colombia,0,near San Marcos,, ,C2
19670601-0,01-JUN-1967,Lockheed L-100 Hercules,9J-RCY,Zambian Air Cargoes,0,Dar es Salaa...,, ,A2
19670601-2,01-JUN-1967,Douglas VC-47D (DC-3),45-1125,USAF,,unknown,, ,A1
19670602-0,02-JUN-1967,Douglas C-54G (DC-4),45-515,USAF,0,near Samsun,, ,A1
19670603-0,03-JUN-1967,Curtiss C-46F,CP-769,Rutas Aéreas Uncia,,San Ramon,, ,A1
19670603-1,03-JUN-1967,Douglas C-54A (DC-4),G-APYK,Air Ferry,88,Mont Canigou,,,A1
19670604-0,04-JUN-1967,Canadair C-4 Argonaut,G-ALHG,BMA,72,Stockport,,,A1
19670604-1,04-JUN-1967,Antonov An-12TP-2,CCCP-04366,Aeroflot / Polar,0,Blagoveshche...,, ,A1
19670605-0,05-JUN-1967,Douglas DC-7,JY-ACO,Alia,0,Damascus Int...,, ,C1
19670605-1,05-JUN-1967,Douglas DC-7,JY-ACP,Alia,,Beirut ?,, ,C1
19670605-2,05-JUN-1967,Learjet 23,5A-DAD,Libyan Arab Airlines,0,Damascus Int...,, ,C1
19670605-3,05-JUN-1967,Antonov An-12BP,1217 ?,Egyptian AF,,Luxor Air Base,, ,C1
19670605-4,05-JUN-1967,Antonov An-12BP,1218 ?,Egyptian AF,,Luxor Air Base,, ,C1
19670605-5,05-JUN-1967,Nord 2501D Noratlas,4X-FAX/077,Israeli AF,0,Sirkin,, ,C1
19670605-6,05-JUN-1967,Douglas C-47B (DC-3),UNO 8680,UN,,Jerusalem Ai...,, ,C1
19670606-0,06-JUN-1967,DH-114 Heron 2C,394,Iraqi AF,,Amman,, ,U1
19670609-0,09-JUN-1967,Lockheed C-130B Hercules,58-0737,USAF,10,near Saigon-Tan S...,, ,A1
19670609-1,09-JUN-1967,Handley Page Hastings C.2,WD491,RAF,0,West Raynham...,, ,A1
19670611-0,11-JUN-1967,Douglas C-47B (DC-3),HZ-AAJ,Saudi Arabian,0,Jeddah,, ,A1
19670611-1,11-JUN-1967,Douglas C-47A (DC-3),B-827,Air America,0,Quang Ngai,, ,C1
19670611-2,11-JUN-1967,Antonov An-2R,CCCP-49345,Aeroflot / East Siberia,2,near Gazimurski Z...,, ,A1
19670612-0,12-JUN-1967,Bristol 170 Freighter 31E,EI-APM,Aer Turas,2,Dublin Airpo...,, ,A1
19670612-1,12-JUN-1967,Douglas DC-3A-197D,XA-FUW,Aeronaves de México,3+ 2,La Paz,, ,A1
19670613-0,13-JUN-1967,Nord 2502B Noratlas,6414,Portuguese AF,0,Xaixai,, ,A1
19670615-1,15-JUN-1967,Grumman HU-16E Albatross,7237,US Coast Guard,3,Atlin Provin...,, ,A1
19670616-0,16-JUN-1967,Douglas C-47B (DC-3),2068,Brazilian AF,20,"Coari, AM",, ,A1
19670617-0,17-JUN-1967,Lockheed C-130B Hercules,60-0293,USAF,35,An Khe,,,A1
19670617-1,17-JUN-1967,Lisunov Li-2,CCCP-71220,Aeroflot / Kazakstan,9,Karaganda Ai...,, ,A1
19670621-0,21-JUN-1967,Blackburn Beverley C.1,XM106,RAF,0,Habulaya,, ,C1
19670622-0,22-JUN-1967,Lockheed L-1049H Super Constellatio,N6936C,Airlift Int.,7,near Saigon-Tan S...,, ,A1
19670622-1,22-JUN-1967,Vickers 803 Viscount,EI-AOF,Aer Lingus,3,near Ashbourne,, ,A1
19670622-2,22-JUN-1967,Lockheed C-130E Hercules,63-7801,USAF,0,Fayetteville...,, ,A1
19670623-1,23-JUN-1967,BAC One-Eleven 204AF,N1116J,Mohawk Airlines,34,"near Blossburg, PA",, ,A1
19670624-0,24-JUN-1967,Douglas C-124C Globemaster II,50-0086,USAF,0,Warrensburg-...,, ,A1
19670624-2,24-JUN-1967,Douglas C-47 (DC-3),HZ-AAM,Saudi Arabian,16,near Khalif Nseir,, ,A1
19670629-0,29-JUN-1967,Douglas C-47B (DC-3),522,Uruguayan AF,0,Rivera Airpo...,, ,A1
19670629-1,29-JUN-1967,Douglas DC-6,XA-NAH,SAESA,,Mazatlan,, ,A1
19670629-2,29-JUN-1967,Fokker F-27 Friendship 100,VT-DOM,Indian Airlines,0,Bhubaneswar ...,, ,A2
19670630-1,30-JUN-1967,SE-210 Caravelle III,HS-TGI,Thai Airways International,24,near Hong Kong-Ka...,,,A1
19670630-2,30-JUN-1967,Vickers 760D Viscount,VR-AAV,Aden Airways,0,Aden Interna...,,,C1
19670705-0,05-JUL-1967,Curtiss C-46D,51-1125,JASDF,0,near Okinawa,, ,A1
19670705-1,05-JUL-1967,Hawker Siddeley HS-748,XS598,RAF,0,Abingdon-RAF...,, ,A1
19670706-0,06-JUL-1967,Fokker F-27 Friendship 100,PI-C527,Philippine Air Lines,21,near Bacolod,, ,A1
19670709-0,09-JUL-1967,Ilyushin Il-18V,3X-GAB,Air Guinée,0,Casablanca-A...,,,A1
19670711-0,11-JUL-1967,Grumman G-159 Gulfstream I,N861H,Honeywell,2,"near Le Center, MN",, ,A1
19670713-0,13-JUL-1967,Ilyushin Il-14, ,Federal Border Guard,,near Ozyorski,, ,A1
19670714-0,14-JUL-1967,Lockheed P-2E Neptune,128414,US Navy,,"Lock Haven, PA",, ,A1
19670715-0,15-JUL-1967,Lockheed C-130A Hercules,55-0009,USAF,0,Da Nang Air ...,, ,C1
19670715-1,15-JUL-1967,Lockheed EC-130E Hercules,62-1815,USAF,0,Da Nang Air ...,, ,C1
19670717-0,17-JUL-1967,Boeing KC-135R,59-1465,USAF,1,near Bellevue-Off...,, ,A1
19670717-1,17-JUL-1967,Nord 2501D Noratlas,AS+581,German AF,,Landsberg/Le...,, ,U1
19670719-0,19-JUL-1967,Boeing 727-22,N68650,Piedmont Airlines,79,Hendersonvil...,,,A1
19670719-1,19-JUL-1967,Douglas DC-4-1009,5R-MAD,Air Madagascar,42,Antananarivo...,,,A1
19670720-0,20-JUL-1967,Fairchild C-123B Provider,54-630,USAF,5,near Gia Vuc,, ,C1
19670725-1,25-JUL-1967,Douglas DC-3C,XW-PDL,"China Airlines, op.for Véha-Akat",16,near Luang Prabang,, ,A1
19670725-2,25-JUL-1967,Grumman G-159 Gulfstream I,N205M,Mellon Bank,0,Harrisburg-Y...,, ,A1
19670727-0,27-JUL-1967,Douglas C-47A (DC-3),BJ497,Indian AF,,,, ,U1
19670803-0,03-AUG-1967,C-7B Caribou (DHC-4),62-4161,USAF,3,Duc Pho Camp,,,C1
19670803-1,03-AUG-1967,Morane Saulnier MS.760 Paris I,95,French AF,,near Melun-Sénart,, ,U1
19670806-0,06-AUG-1967,Douglas C-54A (DC-4),HK-757,Aerocondor de Colombia,0,Havana,, ,H2
19670807-0,07-AUG-1967,Douglas C-124C Globemaster II,52-1012,USAF,,Mactan Islan...,, ,U1
19670807-1,07-AUG-1967,Grumman HU-16E Albatross,2128,US Coast Guard,3,near San Luis Obi...,, ,A1
19670813-0,13-AUG-1967,Curtiss C-46D,N9473Z,Continental Air Services,0,Phu Cum,, ,A1
19670815-0,15-AUG-1967,Hawker Siddeley HS-748,G-ATEK,Channel Airways,0,Portsmouth A...,, ,A2
19670815-1,15-AUG-1967,Hawker Siddeley HS-748,G-ATEH,Channel Airways,0,Portsmouth A...,, ,A2
19670817-0,17-AUG-1967,U-1A Otter (DHC-3),58-1702,US Army,3,within Pleiku province,, ,A1
19670822-0,22-AUG-1967,Antonov An-2M,635,Polish Navy,,Chynow,, ,A1
19670822-1,22-AUG-1967,Fairchild C-123B Provider,657,Republic of China AF,6,near China [South...,, ,A1
19670828-0,28-AUG-1967,Douglas C-47D (DC-3),43-16282,USAF,,unknown,, ,A1
19670829-1,29-AUG-1967,Antonov An-2,CCCP-42615,Aeroflot / Komi,6,near Meschura Air...,, ,A1
19670830-0,30-AUG-1967,DHC-4A Caribou,A4-171,RAAF,,near An Thoi,, ,A1
19670831-0,31-AUG-1967,Breguet 1150 Atlantic,39,French Navy,11,Prins Karls ...,, ,A1
19670899-0,??-AUG-1967,Boeing 377 Stratocruiser,N90942,Aero Spacelines,,"Mojave, CA",, ,U1
19670899-1,??-AUG-1967,Douglas C-47A (DC-3),9G-AAD,Ghana Airways,0,Port Harcour...,, ,C1
19670901-0,01-SEP-1967,Curtiss C-46D,44-77552,USAF,9,Panama-Howar...,, ,A1
19670903-1,03-SEP-1967,Douglas C-47A (DC-3),2034,Brazilian AF,,,, ,U1
19670904-0,04-SEP-1967,Fairchild C-123K Provider,54-621,USAF,11,near Bao Loc,, ,A1
19670905-0,05-SEP-1967,Ilyushin Il-18D,OK-WAI,CSA,37,near Gander Airpo...,,,A1
19670909-0,09-SEP-1967,Douglas C-47 (DC-3),HK-101,Avianca,0,Santiago Air...,, ,H2

19670913-1,13-SEP-1967,Curtiss C-46F,N1309V,Capitol Airways,0,near Kingston,, ,A1
19670914-0,14-SEP-1967,Airspeed AS.57 Ambassador 2,G-ALZS,Autair,0,London-Luton...,,,A1
19670914-1,14-SEP-1967,Scottish Aviation Twin Pioneer CC.2,XM959,RAF,0,Tayibah,, ,A1
19670916-0,16-SEP-1967,Dornier Do 28D Skyservant,D-IBUL,Dornier,,"Calgary, AB",,,A1
19670919-0,19-SEP-1967,Douglas C-47D (DC-3),43-49520,USAF,,,, ,A1
19670921-0,21-SEP-1967,Vickers 808 Viscount,EI-AKK,Aer Lingus,0,Bristol Airp...,,,A1
19670923-1,23-SEP-1967,Oakland Centaurus,N7436C,Bird Corp.,0,Palm Springs...,, ,A1
19670927-0,27-SEP-1967,Lockheed P-2H Neptune,147946,US Navy,5,Jacksonville...,, ,A1
19670929-0,29-SEP-1967,Scottish Aviation Twin Pioneer CC.2,XL991,RAF,0,near Tiomar,, ,A1
19670930-0,30-SEP-1967,Douglas C-47A (DC-3),N91003,Central Airlines,,,,,U1
19671001-0,01-OCT-1967,Dassault Falcon 20C,HB-VAP,Trans Commerce Leasing,0,"Goose Bay, NL",, ,A1
19671002-0,02-OCT-1967,Douglas AC-47D,43-48591,USAF,7,near Hue,, ,C1
19671007-0,07-OCT-1967,Fokker F-27 Friendship 200,5N-AAV,Biafran AF,8,near Lagos,, ,C1
19671008-0,08-OCT-1967,Lockheed C-130B Hercules,61-2649,USAF,23,near Hue-Phu Bai ...,, ,A1
19671009-0,09-OCT-1967,Antonov An-2T,58,Polish AF,,,, ,A1
19671012-0,12-OCT-1967,DH-106 Comet 4,G-ARCO,BEA,66,"near Demre, Turkey",, ,C1
19671012-1,12-OCT-1967,Bristol 175 Britannia C.1,XL638,RAF,0,Khormaksar R...,, ,A1
19671012-2,12-OCT-1967,Lockheed C-130A Hercules,57-0467,USAF,0+ 1,Dak To,, ,A1
19671012-3,12-OCT-1967,Lisunov Li-2,CCCP-16150,Aeroflot / Yakutsk,5,Aldan Airpor...,, ,A1
19671014-1,14-OCT-1967,Douglas DC-3,PI-C648,Aguinaldo Development,0,near Palawan Island,, ,A1
19671014-2,14-OCT-1967,Douglas C-47B (DC-3),PP-VBH,Varig,,"São Paulo, SP",, ,U1
19671015-0,15-OCT-1967,Lockheed C-130E Hercules,64-0548,USAF,5,Khe Sanh,, ,A1
19671017-0,17-OCT-1967,Douglas DC-3A,OY-DNP,Fairline,0,København-Ka...,, ,O1
19671019-0,19-OCT-1967,Lockheed 18 Lodestar,N6L,,0,Pampa del Gi...,, ,A1
19671024-0,24-OCT-1967,Douglas C-47 (DC-3),B-1541,China Airlines,16,,, ,A1
19671025-0,25-OCT-1967,Learjet 23,N432EJ,Executive Jet Sales,0,"near Muskegon, MI",, ,A1
19671025-1,25-OCT-1967,Fairchild C-123K Provider,54-667,USAF,0,Saigon-Tan S...,,,C1
19671103-0,03-NOV-1967,Handley Page HPR-7 Herald 214,PP-SDJ,Sadia,21,near Curitiba-Afo...,, ,A1
19671104-1,04-NOV-1967,SE-210 Caravelle 10R,EC-BDD,Iberia,37,Blackdown Hi...,, ,A1
19671105-0,05-NOV-1967,Convair CV-880,VR-HFX,Cathay Pacific,1,Hong Kong-Ka...,,,A1
19671105-1,05-NOV-1967,Avro Shackleton MR.2,WL786,RAF,8,"near Lhokkruet, I...",, ,A1
19671106-0,06-NOV-1967,Boeing 707-131,N742TW,TWA,1,Cincinnati/N...,,,A1
19671106-1,06-NOV-1967,Douglas C-47A (DC-3),5N-AAK,Biafran AF,,Enugu Airpor...,,,C1
19671107-1,07-NOV-1967,Douglas C-47 (DC-3),TTD-6020,Mexican AF,5,"Matamoros, T...",, ,A1
19671109-0,09-NOV-1967,Consolidated PBY-5A Catalina,F-ZBAQ,Securité Civile,1,l'étang de B...,, ,A1
19671112-0,12-NOV-1967,Boeing 727-23, ,American Airlines,0,"near Alamosa, CO",, ,C2
19671114-0,14-NOV-1967,Nord 2501 Noratlas,74,French AF,9,Niokolo Koba...,, ,A1
19671115-0,15-NOV-1967,Lockheed C-130E Hercules,62-1865,USAF,0,Dak To Airfield,, ,C1
19671115-1,15-NOV-1967,Lockheed C-130E Hercules,63-7827,USAF,0,Dak To Airfield,, ,C1
19671116-0,16-NOV-1967,Ilyushin Il-18V,CCCP-75538,Aeroflot / International,107,near Sverdlovsk-K...,, ,A1
19671117-0,17-NOV-1967,VEB 14P,DM-SAF,Interflug,0,Leipzig,, ,A1
19671119-0,19-NOV-1967,Avro Shackleton MR.3,WR976,RAF,9,"near Newquay, UK",, ,A1
19671120-0,20-NOV-1967,Convair CV-880,N821TW,TWA,70,near Covington-Gr...,,,A1
19671121-2,21-NOV-1967,Curtiss C-46A,CP-826,Transportes Aéreos Litoral,,Candelaria,, ,A1
19671122-0,22-NOV-1967,Douglas C-47B (DC-3),CP-691,Aerolineas Abaroa,,Reyes Airpor...,, ,U1
19671122-1,22-NOV-1967,U-1A Otter (DHC-3),57-6119,US Army,7,"Long Binh, B...",, ,A1
19671125-0,25-NOV-1967,Lockheed C-130E-I Hercules,64-0563,USAF,0,Nha Trang Ai...,,,C1
19671128-0,28-NOV-1967,Vickers 745D Viscount,N7465,United Airlines,0,Raleigh/Durh...,, ,A1
19671129-0,29-NOV-1967,Learjet 23,N690LJ,Jet International,3,near Orlando-Hern...,, ,A1
19671130-0,30-NOV-1967,C-7B Caribou (DHC-4),62-4175,USAF,26,near Qui Nhon Air...,, ,A1
19671199-1,??-NOV-1967,DH-114 Heron 1B,VP-WAM,Air Trans Africa,,Enugu,, ,A1
19671203-0,03-DEC-1967,Lockheed P-2H Neptune,148350,US Navy,0,near Falmouth-Oti...,,,A1
19671204-0,04-DEC-1967,A.W. AW-650 Argosy 222,G-ASXP,BEA,0,London-Stansted,,,A1
19671207-0,07-DEC-1967,Douglas DC-3,XW-PFM,Lao Cathay Airlines,10,Muong Soui,,,A1
19671207-1,07-DEC-1967,Morane Saulnier MS.760 Paris I,37/F-RABZ,French AF,0,Les Loges-en...,, ,A1
19671208-0,08-DEC-1967,Douglas C-54A (DC-4),OB-R-148,Faucett,72,Cordillera C...,,,A1
19671208-1,08-DEC-1967,Vickers C-90 Viscount (742D),2100,Brazilian AF,0,Rio de Janei...,, ,A1
19671208-2,08-DEC-1967,Fairchild C-123K Provider,54-582,USAF,0,near Ban Me Thot,, ,A1
19671209-0,09-DEC-1967,Learjet 23,N822LJ,Jet International,0,Detroit City...,, ,A1
19671211-1,11-DEC-1967,Vickers 745D Viscount,N7429,United Airlines,0,Akron/Canton...,, ,A1
19671213-0,13-DEC-1967,C-7A Caribou (DHC-4),61-2387,USAF,0,near Binh Thuy Ai...,, ,C1
19671213-1,13-DEC-1967,Douglas AC-47,L2-20/00,Thai AF,,Nakhon Phano...,, ,A1
19671214-0,14-DEC-1967,Lockheed P-2H Neptune,135594,US Navy,,Mount Fairwe...,, ,A1
19671215-0,15-DEC-1967,Blackburn Beverley C.1,XL150,RAF,6,near Johor Baru,, ,A1
19671221-0,21-DEC-1967,Douglas C-47A (DC-3),N65276,Frontier Airlines,2,Denver-Stapl...,, ,A1
19671221-1,21-DEC-1967,Douglas DC-3-270B,N28360,private,0,"McBride, MS",, ,O1
19671221-2,21-DEC-1967,Sabreliner 40,N30W,Korda Kentucky Leasing,,"Perryville, MO",, ,U1
19671221-3,21-DEC-1967,Avro Shackleton MR.3,XF702,RAF,13,Creag Bhan,, ,A1
19671223-0,23-DEC-1967,Douglas DC-6B,OY-EAN,Sterling Airways,0,Göteborg-Tor...,,,A1
19671223-1,23-DEC-1967,Hawker Siddeley HS-125-3B,G-AVGW,Autair,2,near London-Luton...,, ,A1
19671225-0,25-DEC-1967,Douglas C-47A (DC-3),HS-TDH,Thai Airways,4,Chiang Mai I...,,,A1
19671225-1,25-DEC-1967,Douglas DC-3,VT-DUC,Unknown,0,Tiruchirappa...,, ,A2
19671229-0,29-DEC-1967,Lockheed C-130E-I Hercules,64-0547,USAF,11,near Dien Bien Phu,, ,A1
19671230-0,30-DEC-1967,Antonov An-24B,CCCP-46215,Aeroflot / Latvia,44,near Liepaya Airp...,, ,A1
19671231-0,31-DEC-1967,Antonov An-24B,CCCP-46201,Aeroflot / Moscow,0,Voronezh Air...,, ,A1
19679999-0,??-???-1967,Bristol 170 Freighter 31M,369,Iraqi AF,,,, ,A1
19679999-2,??-???-1967,Douglas C-47A (DC-3),9T-PKD,Congolese AF,0,unknown,,,A1
19679999-3,??-???-1967,Chase YC-122C Avitruc,N122S,W.S. Cheek Mining Co.,0,Essequibo River,, ,A1
