identifiant,date,type,registration,operator,fat.,location, ,pic,cat

19849999-0,??-???-1984,Douglas C-47D (DC-3),CP-1417,Aerolineas La Paz,,,, ,A1
19849999-1,??-???-1984,Douglas DC-6A/B,HP-1018,Unknown,,,,,U1
19849999-2,??-???-1984,Tupolev Tu-134A,CCCP-65095,Aeroflot / Belarus,0,Minsk-1 Inte...,, ,O1
19849999-3,??-???-1984,Dornier Do 28D-1 Skyservant,F-GCGT,Hémet Exploration,,,, ,A1
19849999-6,??-???-1984,Douglas C-47D (DC-3),2019,Paraguay AF,,Concepción A...,, ,U1

19840102-0,02-JAN-1984,CASA C-212-A3 Aviocar 100,325,Jordanian AF,13,near Al Qatrana,, ,A1
19840109-0,09-JAN-1984,Douglas C-47B (DC-3),C-GSCA,Skycraft Air Transport,1,Saint Louis-...,,,A1
19840110-0,10-JAN-1984,Tupolev Tu-134A,LZ-TUR,Balkan Bulgarian,50,near Sofia-Vrazhd...,,,A1
19840113-0,13-JAN-1984,Douglas EC-54U (DC-4),CP-1090,NEBA,1,Cochabamba-J...,,,A1
19840113-1,13-JAN-1984,Fokker F-27 Friendship 100,N148PM,Pilgrim Airlines,0,New York-Joh...,, ,A1
19840114-0,14-JAN-1984,BN-2A-20 Islander,P2-ISH,Talair,10,near Karimui,, ,A1
19840115-1,15-JAN-1984,Antonov An-12,1506,Ethiopian AF,26,near Tessenei Air...,, ,C1
19840116-0,16-JAN-1984,Douglas C-47 (DC-3),9Q-CYD,Transports Aériens Zairois - TAZ,0,Kissidougou ...,, ,A1
19840118-0,18-JAN-1984,DHC-4A Caribou,66-255,US Army,,Kwajalein Ai...,, ,U1
19840118-1,18-JAN-1984,Boeing 747, ,Air France,0,near Karachi,, ,O2
19840118-2,18-JAN-1984,Antonov An-12,CCCP-11429,Soviet AF,8,near Mazar-I-Shar...,, ,C1
19840121-0,21-JAN-1984,IAI Arava 201,856,Guatemala AF,11,near Chuarrancho,,,A1
19840124-0,24-JAN-1984,CASA/Nurtanio NC-212 Aviocar,PK-PCL,Pelita Air Service,6,near Manado,, ,A1
19840127-0,27-JAN-1984,Lockheed P-3B Orion,A9-300,RAAF,0,Edinburgh RA...,,,O1
19840128-1,28-JAN-1984,Antonov An-24RV,CCCP-47310,Aeroflot / Uralsk,4,Izhevsk Airp...,, ,A1
19840130-0,30-JAN-1984,Swearingen SA226-TC Metro II,N63Z,Britt Airways,3,near Terre Haute-...,,,A1
19840130-1,30-JAN-1984,Learjet 24,N44GA,Gee Bee Aero,6,"Avalon, CA",, ,A1
19840203-0,03-FEB-1984,Airbus A300B4-203, ,Cruzeiro do Sul,0,Camagüey Int...,, ,H2
19840209-0,09-FEB-1984,Boeing 737-2M2,D2-TBV,TAAG,0,Huambo Airpo...,, ,C1
19840211-0,11-FEB-1984,Boeing 727, ,American Airlines,0,New York-Joh...,, ,H2
19840216-1,16-FEB-1984,Antonov An-12,1509,Ethiopian AF,26,near Debre Zeit/H...,, ,H1
19840220-0,20-FEB-1984,Cessna 500 Citation I,VH-FSA,Flight Safety Australia,2,near Prosperine A...,, ,A1
19840223-0,23-FEB-1984,Antonov An-2T,CCCP-44910,Aeroflot / Yakutsk,0,Tiksi Airpor...,, ,O1
19840227-0,27-FEB-1984,Shin Meiwa PS-1,5803,Japanese Navy,12,Sea of Japan,, ,A1
19840228-0,28-FEB-1984,DC-10-30,LN-RKB,SAS,0,New York-Joh...,,,A2
19840228-1,28-FEB-1984,Lockheed C-130E Hercules,68-10944,USAF,18,near Borja,,,A1
19840228-2,28-FEB-1984,Douglas C-47D (DC-3),L2-21/00/149,Thai AF,,Sakon Nakhon...,, ,A1
19840305-2,05-MAR-1984,HAL-748,VT-DUO,Indian Airlines,0,Hyderabad-Be...,, ,A1
19840307-0,07-MAR-1984,Boeing 737-228, ,Air France,0,Genève-Coint...,, ,H2
19840308-1,08-MAR-1984,Canadair CL-215,1015,Hellenic AF,3,Elefsis,, ,A1
19840310-0,10-MAR-1984,DC-8-63PF,F-BOLL,UTA,0,N'Djamena Ai...,,,C1
19840313-1,13-MAR-1984,Curtiss C-46A,HK-1322P,private,4,Barranquilla...,,,A1
19840314-0,14-MAR-1984,Beech 200C Super King Air,CP-1849,Unknown,,Santa Cruz,, ,U1
19840315-0,15-MAR-1984,Convair VT-29B (CV-240),XA-JOV,Aero Cozumel,0,Cancún Airpo...,,,A1
19840316-0,16-MAR-1984,Fairchild F-27M,CP-862,LAB,23,Cerro Pilón,, ,A1
19840316-1,16-MAR-1984,Lockheed 18 Learstar II,N77777,Holiday Tours,2,near Oneonta Muni...,, ,A1
19840319-0,19-MAR-1984,Convair CV-990,EC-BZP,Spantax,0,Las Palmas-A...,, ,A2
19840321-0,21-MAR-1984,Fairchild C-123K Provider,FAES120,Salvadorian AF,0,San Miguel A...,, ,C1
19840322-0,22-MAR-1984,Boeing 737-275,C-GQPW,Pacific Western,0,Calgary Inte...,,,A1
19840322-1,22-MAR-1984,Boeing 747, ,British Airways,0,Taipei-Chian...,, ,H2
19840324-0,24-MAR-1984,Douglas C-54S (DC-4),CP-1206,Frigorifico Reyes,5,near Rurrenabaque...,, ,A1
19840324-1,24-MAR-1984,Douglas DC-3C,N62WS,Unknown,7,near Ciudad Quesada,, ,A1
19840326-0,26-MAR-1984,Beech 200 Super King Air,F-GCCC,Sinair,0,near Bergamo-Orio...,, ,A1
19840327-0,27-MAR-1984,Boeing 737-200, ,Piedmont Airlines,0,Havana-José ...,, ,H2
19840328-0,28-MAR-1984,Boeing 727, ,Delta Air Lines,0,Havana-José ...,, ,H2
19840328-1,28-MAR-1984,Learjet 24D,PT-LCN,Líder Táxi Aéreo,4,near Florianopoli...,,,A1
19840331-0,31-MAR-1984,BN-2 Islander,2451,Angolan AF,,,, ,U1
19840405-0,05-APR-1984,DH-114 Heron 2B,N81962,Scenic Air Tours,0,"Scottsdale, AZ",,,A1
19840405-1,05-APR-1984,Lockheed L-1011 TriStar, ,Saudi Arabian,0,Istanbul-Ata...,, ,H2
19840417-0,17-APR-1984,Cessna 500 Citation I,N92FA,International Jet Center,0,Oklahoma Cit...,, ,A2
19840418-0,18-APR-1984,Embraer EMB-110EJ Bandeirante,PT-GJZ,VOTEC,18,near Imperatriz A...,, ,A1
19840418-1,18-APR-1984,Embraer EMB-110P Bandeirante,PT-GKL,VOTEC,1,near Imperatriz A...,, ,A1
19840419-0,19-APR-1984,Douglas C-47 (DC-3),TI-SAA,SANSA,4,Cerro Alto S...,, ,A1
19840421-0,21-APR-1984,Fairchild C-119 Flying Boxcar,N15509,Hawkins & Powers,0,Tobin Creek ...,,,A1
19840428-0,28-APR-1984,Douglas C-118A (DC-6),N92860,Intercontinental Aircraft Lease,0,San Manuel R...,,,A1
19840505-0,05-MAY-1984,Beech 200 Super King Air,XA-LIG,Unknown,7,near Poza Rica-Ta...,, ,A1
19840506-0,06-MAY-1984,Curtiss C-46R,CP-974,TASMA,0,San Borja-Ca...,, ,A1
19840506-1,06-MAY-1984,Antonov An-2M,CCCP-05918,Aeroflot / Central Region,,near Staroye Zhoo...,, ,A1
19840514-0,14-MAY-1984,PBV-1A Canso A (PBY-5A),C-GFFD,Flying Firemen,0,near Thunder Bay ...,,,A1
19840515-0,15-MAY-1984,Learjet 35A,LV-TDF,Tierra del Fuego Province,12,near Ushuaia Airp...,, ,A1
19840520-0,20-MAY-1984,Beech 1900C,N305BH,Beechcraft,0,Hannover,, ,A2
19840521-0,21-MAY-1984,Antonov An-2R,CCCP-07293,Aeroflot / Ukraine,0,Voroshilovgr...,, ,A1
19840525-0,25-MAY-1984,DHC-6 Twin Otter 200,T-83,LADE,0,near Córdoba-Paja...,, ,A1
19840525-1,25-MAY-1984,Tupolev Tu-134Sh2,02,Soviet AF,7,near Donetsk,, ,A1
19840528-0,28-MAY-1984,Saunders ST-27,C-FCNT,Labrador Airways,0,St. John's A...,, ,A1
19840530-0,30-MAY-1984,Lockheed L-188AF Electra,N5523,Zantop,4,"Chalkhill, PA",,,A1
19840530-1,30-MAY-1984,BN-2A Trislander Mk.III,HP-946,Aviones de Panama,0,Panama,, ,U1
19840530-2,30-MAY-1984,Antonov An-2R,HA-MBM,Ministry for Agriculture and Nutrition,1,Szarvas-Káka,, ,A1
19840531-0,31-MAY-1984,Boeing 727-222,N7640U,United Airlines,0,Denver-Stapl...,, ,A2
19840599-1,??-MAY-1984,BN-2A Trislander Mk.III-2,XA-KOQ,Aero Cozumel,,,, ,U1
19840601-0,01-JUN-1984,BN-2A-26 Islander,G-BDVW,Loganair,0,Sanday Airpo...,,,A1
19840602-0,02-JUN-1984,Boeing 747-237B,VT-EDU,Air-India,0,Bangkok-Don ...,, ,A2
19840603-0,03-JUN-1984,BAe Nimrod MR.2,XV257,RAF,0,near Land's End,, ,A1
19840604-0,04-JUN-1984,Learjet 23,N101PP,Air Continental,3,near Windsor Lock...,, ,A1
19840606-0,06-JUN-1984,Boeing 737-2A8,VT-EGI,Indian Airlines,0,Calcutta Air...,, ,A2
19840609-0,09-JUN-1984,Ilyushin Il-62M,CCCP-86500,Aeroflot / International,0,Moskva-Shere...,,,O1
19840611-0,11-JUN-1984,DC-9-32,PK-GNE,Garuda,0,Jakarta-Kema...,,,A1
19840611-1,11-JUN-1984,Handley Page HPR-7 Herald 203,G-BBXI,Air UK,0,Bournemouth ...,,,O1
19840611-2,11-JUN-1984,MBB HFB-320 Hansa Jet,XC-TIJ,Baja California State Government,0,San Diego In...,, ,O1
19840613-0,13-JUN-1984,DC-9-31,N964VJ,USAir,0,Detroit-Metr...,, ,A2
19840616-0,16-JUN-1984,Ilyushin Il-18V,LZ-BEP,Balkan Bulgarian,0,Sana'a Inter...,,,A1
19840616-1,16-JUN-1984,Antonov An-2R,CCCP-02528,Aeroflot / Ukraine,0,Odessa Region,, ,A1
19840617-0,17-JUN-1984,Boeing 727-2J0,6Y-JMA,Air Jamaica,0,Toronto-Pear...,,,A2
19840621-0,21-JUN-1984,Antonov An-2R,CCCP-09612,Aeroflot / Far East,0,"near Sivakovka, K...",, ,A1
19840623-0,23-JUN-1984,BN-2A-8 Islander,F-BVTD,Delmotte Aviation,0,Ajaccio-Camp...,, ,A1
19840625-0,25-JUN-1984,unknown, ,CAAC,0,Fuzhou Yixu ...,, ,H2
19840626-0,26-JUN-1984,Boeing 727, ,Iran Air,0,Baghdad-Sadd...,, ,H2
19840628-1,28-JUN-1984,Embraer EMB-110C Bandeirante,PP-SBC,TAM,18,near Rio das Ostr...,, ,A1
19840699-0,??-JUN-1984,Antonov An-26,14-27,Cuban AF,,near Playa Baraco...,, ,A1
19840703-0,03-JUL-1984,Antonov An-26,FAP-377,Peruvian AF,5,near Casapalca,, ,A1
19840704-0,04-JUL-1984,Let L-410M,CCCP-67276,Aeroflot / Yakutsk,0,Chulman Airp...,, ,A1
19840705-0,05-JUL-1984,Airbus A300, ,Indian Airlines,0,Lahore Airpo...,, ,H2
19840705-1,05-JUL-1984,Antonov An-2R,CCCP-02878,Aeroflot / Uralsk,3,Kustanai region,, ,A1
19840711-1,11-JUL-1984,Embraer P-95 Bandeirulha (EMB-111A),7054,Brazilian AF,,"Recife, PE",, ,U1
19840711-2,11-JUL-1984,Canadair CL-215,72201,Yugoslav AF,1,near Zadar,, ,A1
19840712-0,12-JUL-1984,Lockheed C-141B Starlifter,64-0624,USAF,9,near Sigonella Na...,,,A1
19840713-0,13-JUL-1984,DHC-6 Twin Otter 300,7P-LAA,Lesotho Airways,0,Mokhotlong A...,,,A1
19840714-0,14-JUL-1984,Antonov An-2R,CCCP-40827,Aeroflot / North Kavkaz,2,Krasnodar re...,, ,A1
19840721-0,21-JUL-1984,DHC-6 Twin Otter 300,N43SP,SPIA,1,Tau Airport ...,, ,A1
19840721-1,21-JUL-1984,Boeing 707-300, ,MEA,0,Beirut Inter...,, ,H2

19840723-0,23-JUL-1984,Antonov An-2R,CCCP-01712,Aeroflot / Krasnoyarsk,0,"Punya, Boguc...",, ,A1
19840724-0,24-JUL-1984,Antonov An-26B,CCCP-26009,Aeroflot / Tyumen,0,Krasnoselkup...,, ,A1
19840724-1,24-JUL-1984,Antonov An-2T,CCCP-82909,Aeroflot / Ukraine,0,Lazurnoye,, ,A1
19840727-0,27-JUL-1984,BN-2B-27 Islander,HK-2822X,TAVINA,0,near Providencia ...,, ,A2
19840727-1,27-JUL-1984,Antonov An-2TP,CCCP-07634,Aeroflot / Uralsk,0,"near Andryushino,...",, ,A1
19840728-0,28-JUL-1984,Learjet 25B,N1JR,Panorama Flight Service,0,Waterville-R...,, ,A1
19840729-0,29-JUL-1984,DC-9, ,LAV,2,Curaçao-Dr. ...,, ,H2
19840731-0,31-JUL-1984,Boeing 737-228,F-GBYH,Air France,0,Tehran-Mehra...,, ,H2
19840799-0,??-JUL-1984,Boeing 707-458,9Q-CWR,Wolf Aviation,0,Isiro-Matari...,,,A1
19840799-1,??-JUL-1984,Vickers 756D Viscount,Z-YNI,Air Zimbabwe,0,Harare ?,,,O1
19840802-0,02-AUG-1984,BN-2A Islander,N589SA,Vieques Air Link,9,near Vieques Airp...,, ,A1
19840803-1,03-AUG-1984,Fokker F-27 Friendship 200,PT-LCZ,Rio Sul,0,Rio de Janei...,, ,A1
19840804-0,04-AUG-1984,BAC One-Eleven 527FK,RP-C1182,Philippine Air Lines,0,Tacloban Air...,, ,A1
19840805-0,05-AUG-1984,Antonov An-12B,CCCP-10232,Soviet Navy,24,Nawabshah,, ,A1
19840805-1,05-AUG-1984,Fokker F-27 Friendship 600,S2-ABJ,Biman Bangladesh,49,near Dhaka-Zia In...,,,A1
19840806-0,06-AUG-1984,Douglas DC-8-55F,F-BUOR,SFAIR,0,Marseille,, ,H2
19840807-0,07-AUG-1984,Airbus A300B2-202, ,Iran Air,0,Rome,, ,H2
19840810-0,10-AUG-1984,HAL-748, ,Indian Airlines,0,Bangalore-Hi...,, ,H2
19840810-1,10-AUG-1984,BN-2A-21 Islander,PK-ZAL,Sabang Merauke Raya Air Charter,4,within Aceh,, ,A1
19840811-0,11-AUG-1984,Douglas C-47A (DC-3),N70003,Aviation Enterprises,3,"near Memphis, TN",,,A1
19840812-0,12-AUG-1984,Lockheed 18 Learstar II,C-FOZO,Geoterrex,0,Nanisivik Ai...,,,A1
19840815-0,15-AUG-1984,Douglas C-47A (DC-3),PK-OBC,Airfast Indonesia,2,near Wamena,, ,A1
19840819-0,19-AUG-1984,Vickers 668 Varsity T.1,G-BDFT,Leicester Aircraft Preservation,11,Marchington,,,A1
19840819-1,19-AUG-1984,Ilyushin Il-86,CCCP-86007,Aeroflot / Moscow,0,Aktyubinsk A...,, ,A2
19840824-0,24-AUG-1984,Beech C99,N6399U,Wings West Airlines,15,near San Luis Obi...,, ,A1
19840824-1,24-AUG-1984,Antonov An-12B,LZ-BAD,Balkan Bulgarian,0,Addis Ababa-...,, ,A1
19840824-2,24-AUG-1984,Boeing 737-2A8,VT-EFK,Indian Airlines,0,Dubai Airpor...,, ,H2
19840827-0,27-AUG-1984,Douglas C-47 (DC-3), ,Unknown,8,near Jinotega,, ,C1
19840828-0,28-AUG-1984,Vickers 757 Viscount,9Q-CPD,Zaire Aero Service,0,Kinshasa,,,A1
19840828-1,28-AUG-1984,Airbus A300B2-203,EP-IBS,Iran Air,0,Baghdad-Sadd...,, ,H2
19840830-0,30-AUG-1984,Boeing 737-2H7C,TJ-CBD,Cameroon Airlines,2,Douala Airpo...,, ,A1
19840830-1,30-AUG-1984,BN-2A-26 Islander,S7-AAE,Air Seychelles,,,, ,U1
19840904-0,04-SEP-1984,DHC-5D Buffalo,C-GCTC,de Havilland Canada,0,Farnborough ...,,,A1
19840906-0,06-SEP-1984,BN-2A-20 Islander,P2-ISG,Talair,9,Mount Musaka,, ,A1
19840907-0,07-SEP-1984,Fairchild F-27,ZS-LPI,Wonderair,0,Omega Air Fo...,,,A1
19840909-0,09-SEP-1984,Boeing 727, ,Iran Air,0,Basra Intern...,, ,H2
19840911-0,11-SEP-1984,Handley Page HPR-7 Herald 202,9Q-CAH,MMM Aero Services,30,near Bandundu Air...,,,A1
19840912-0,12-SEP-1984,Airbus A300B2-203, ,Iran Air,0,Isfahan-Shah...,, ,H2
19840916-0,16-SEP-1984,Boeing 737-270, ,Iraqi Airways,3,Baghdad-Sadd...,, ,H2
19840916-1,16-SEP-1984,Antonov An-2T,SP-AMK,APRL,11,Opole,, ,A1
19840916-2,16-SEP-1984,Ilyushin Il-14FK,CCCP-91611,Aeroflot / Leningrad,0,near Saaremaa Island,, ,A1
19840917-0,17-SEP-1984,Swearingen SA226-TC Metro II,OE-LSA,Austrian Air Services,0,Wien-Schwech...,, ,A1
19840918-0,18-SEP-1984,Douglas DC-8-54F,HK-2380,LAC Colombia,0,Barranquilla...,,,A1
19840918-1,18-SEP-1984,Douglas DC-8-55F,HC-BKN,AECA,4+ 49,Quito-Marisc...,,,A1
19840919-1,19-SEP-1984,Antonov An-12,D2-EAD,Angolan Government,,,, ,U1
19840921-0,21-SEP-1984,DC-10-30,YA-LAS,Ariana Afghan Airlines,0,Kabul,, ,C2
19840922-0,22-SEP-1984,Douglas C-47A (DC-3),L2-4/90,Thai AF,,Surin,, ,A1
19840924-0,24-SEP-1984,Antonov An-12, ,Soviet AF,1,near Zaranj,, ,C2
19840926-0,26-SEP-1984,Cessna 500 Citation I,C-GXFZ,Air Niagara,2,near Orillia Airp...,,,A1
19840930-0,30-SEP-1984,Antonov An-26,T-212,Angolan Government,,,, ,A1
19841001-0,01-OCT-1984,A.W. AW-660 Argosy C.1,XN817,A & AEE,0,West Freugh ...,,,A1
19841004-0,04-OCT-1984,MBB HFB-320 Hansa Jet,N127MW,McCollum Aviation,3,Aberdeen Mun...,,,A1
19841004-1,04-OCT-1984,Antonov An-2T,CCCP-35434,Aeroflot / Kazakstan,0,near Pavlodar,, ,A1
19841004-2,04-OCT-1984,Antonov An-2R,CCCP-55763,Aeroflot / East Siberia,0,near Sredni Kalar...,, ,A1
19841006-0,06-OCT-1984,Cessna 500 Citation I,OE-FAP,Grondmet Handels,0,near Skiathos Air...,,,A1
19841008-0,08-OCT-1984,Learjet 24B,N864CL,Clay Lacy Aviation,3,San Francisc...,, ,A1
19841009-0,09-OCT-1984,DHC-6 Twin Otter 100,C-FPPL,Nahanni Air Services,7,Fort Frankli...,, ,A1
19841011-0,11-OCT-1984,Tupolev Tu-154B-1,CCCP-85243,Aeroflot / East Siberia,174+ 4,Omsk Airport...,, ,A1
19841011-1,11-OCT-1984,DHC-6 Twin Otter 100,C-FAUS,Labrador Airways,4,near Goose Bay Ai...,,,A1
19841011-2,11-OCT-1984,C-7A Caribou (DHC-4),T.9-15,Spanish AF,0,Horcajo de l...,, ,A1
19841013-0,13-OCT-1984,Consolidated PBY-6A Catalina,N16KL,Confederate Air Force,7,"Port Isabel, TX",,,A1
19841015-0,15-OCT-1984,Antonov An-12BP,CCCP-11405,Soviet AF,1,Khost Airpor...,, ,C1
19841022-0,22-OCT-1984,Convair CV-440-12,TAM-46,TAM,0,near La Paz-El Al...,,,A1
19841023-1,23-OCT-1984,DHC-4A Caribou,N5488R,NewCal Aviation,1,near Sable Island...,, ,A1
19841026-0,26-OCT-1984,Douglas DC-3C,N3433U,Atorie Air,0,El Paso Inte...,,,A2
19841027-0,27-OCT-1984,Ilyushin Il-76M,CCCP-86739,Soviet AF,11,near Kabul,, ,C1
19841031-0,31-OCT-1984,Douglas C-47B (DC-3),RP-C138,Village Airways,4,near Davao,,,A1
19841102-0,02-NOV-1984,Lockheed C-130E Hercules,68-10946,USAF,0,Giebelstadt ...,,,A1
19841103-0,03-NOV-1984,BN-2T Islander,C9-TAI,TTA,0,Tete-Matundo...,, ,A1
19841105-0,05-NOV-1984,Lockheed L-1011 TriStar, ,Saudi Arabian,0,Tehran-Mehra...,, ,H2
19841110-1,10-NOV-1984,Learjet 24F,N81MC,Macton Corp.,2,near Saint Thomas...,, ,A1
19841111-0,11-NOV-1984,Douglas C-47A (DC-3),F-BYCU,Stellair,,near Tanger,,,A1
19841119-0,19-NOV-1984,Embraer EMB-110P1 Bandeirante,G-HGGS,Euroair,1,near Inverness Ai...,,,A1
19841120-1,20-NOV-1984,DHC-6 Twin Otter 300,HC-BCG,TAME Ecuador,14,between Loja...,, ,A1
19841122-0,22-NOV-1984,Douglas C-47A (DC-3),N2204S,Factury Buying Corp.,0,Salinas,,,A1
19841123-0,23-NOV-1984,Transall C-160F,F-156/61-ZV,French AF,6,Castres,, ,A1
19841123-1,23-NOV-1984,Transall C-160NG,F-209/64-GI,French AF,7,Castres,, ,A1
19841124-0,24-NOV-1984,Boeing 707-338C, ,Somali Airlines,0,Addis Ababa-...,, ,H2
19841124-1,24-NOV-1984,Beech A100 King Air,C-GVCE,Business Flights,,"Calgary, AB",, ,A1
19841125-0,25-NOV-1984,BN-2A-21 Islander,VH-ISI,Snowy Mountains Hydro,0,near Wilton Airpo...,, ,A1
19841129-4,29-NOV-1984,BAe 3101 Jetstream 31, ,Eastern Metro,0,Atlanta-Will...,, ,H2
19841201-0,01-DEC-1984,Boeing 720-027,N833NA,NASA,0,"Edwards AFB,...",,,O1
19841204-0,04-DEC-1984,Let L-410MA,CCCP-67225,Aeroflot / Central Region,17,near Kostroma Air...,, ,A1
19841204-1,04-DEC-1984,Airbus A300C4-620,9K-AHG,Kuwait Airways,2,Tehran-Mehra...,,,H2
19841206-0,06-DEC-1984,Embraer EMB-110P1 Bandeirante,N96PB,PBA,13,near Jacksonville...,,,A1
19841209-0,09-DEC-1984,BN-2A-9 Islander,F-ODSF,Aviation Sans Frontières,0,Ati Airport ...,, ,O1
19841212-0,12-DEC-1984,Dornier Do 128-2 Skyservant,MAAW-01,Malawi Army Air Wing,0,Zomba Air Base,, ,O1
19841216-0,16-DEC-1984,Convair CV-440-62,N44828,Air Resorts Airlines,0,Jasper-Walke...,,,A1
19841218-0,18-DEC-1984,Douglas C-47 (DC-3), ,Thai Navy,0,Songkhla Air...,, ,A1
19841218-1,18-DEC-1984,Antonov An-2,CCCP-07861,Aeroflot / Krasnoyarsk,0,Verkhne Imba...,, ,A1
19841219-0,19-DEC-1984,DHC-3T Cox Turbine Otter,N4247A,Cox Aircraft Corp.,0,West Seattle...,, ,A1
19841219-1,19-DEC-1984,DHC-6 Twin Otter 300,FAP-307,Peruvian AF,21,near Jaen,, ,A1
19841220-0,20-DEC-1984,DHC-6 Twin Otter 300,5H-MRD,Air Tanzania,3,near Kerege,, ,A1
19841220-1,20-DEC-1984,Learjet 35,N95TC,Jet East,1,Waco Municip...,, ,A1
19841222-0,22-DEC-1984,DHC-6 Twin Otter 300,9N-ABH,Royal Nepal Airlines,15,near Bhojpur,, ,A1
19841223-1,23-DEC-1984,Tupolev Tu-154B-2,CCCP-85338,Aeroflot / Krasnoyarsk,110,Krasnoyarsk ...,, ,A1
19841229-0,29-DEC-1984,Lockheed L-100-30 Hercules,N24ST,Transamerica Airlines,0,Cafunfo Airp...,, ,A1
19841229-1,29-DEC-1984,Let L-410UVP,CCCP-67140,Aeroflot / North Kavkaz,0,near Astrakhan,, ,A1
19841230-0,30-DEC-1984,DC-9-32,PK-GNI,Garuda,0,Denpasar Bal...,,,A1
19841231-0,31-DEC-1984,DC-10, ,American Airlines,0,Havana-José ...,, ,H2
