identifiant,date,type,registration,operator,fat.,location, ,pic,cat

19930603-0,03-JUN-1993,BN-2A-20 Islander,P2-ISC,North Coast Aviation,,Kiriwina Island,, ,A1
19930606-1,06-JUN-1993,DHC-6 Twin Otter 300,HK-2759X,Aerotaca,2,near El Yopal,, ,A1
19930607-0,07-JUN-1993,Learjet 35A,D-COCO,Aero-Dienst ,4,Köln/Bonn Ai...,,,A1
19930609-0,09-JUN-1993,BN-2A-20 Islander,P2-SWA,Southwest Air,9,Gulgubip Air...,, ,A1
19930609-1,09-JUN-1993,Convair CV-580,N580HH,Texas Instruments,0,Greenville-M...,, ,A2
19930614-0,14-JUN-1993,Dornier 228-201,B-12298,Formosa Airlines,0,Green Island...,,,A1
19930616-0,16-JUN-1993,DHC-6 Twin Otter 300,PK-NUL,Merpati Nusantara,1,Nabire Airpo...,, ,A2
19930617-0,17-JUN-1993,Antonov An-26B,26035,Tajikistan Airlines,33,near Tbilisi,, ,A1
19930617-1,17-JUN-1993,PADC/BN-2T Islander,RP-C766,National Power Corp.,0,near Manila-Ninoy...,, ,A2
19930621-2,21-JUN-1993,DC-9-32,PK-GNT,Garuda,0,Denpasar Bal...,,,A1
19930622-0,22-JUN-1993,Antonov An-24B,RA-47708,Aeroflot / Yakutsk,0,Yakutsk Airp...,, ,A2
19930623-0,23-JUN-1993,BN-2T Turbine Islander,9Q-CLW,Shabair,0,Mitwaba,, ,A1
19930624-0,24-JUN-1993,Antonov An-26,RA-26090,Polyot / Aeroflot,0,Samara Airpo...,, ,A2
19930624-1,24-JUN-1993,Boeing 737-2T4,B-2501,Xiamen Airlines,0,Taipei,, ,H2
19930625-0,25-JUN-1993,IAI Arava 201, ,Mexican AF,4,within El Venadito ...,, ,A1
19930628-0,28-JUN-1993,Beech 200 Super King Air,ZS-NEP,Trans Namibia Aviation,3,Aminius,, ,A1
19930701-1,01-JUL-1993,Fokker F-28 Fellowship 3000,PK-GFU,Merpati Nusantara,41,near Sorong-Jefma...,,,A1
19930704-0,04-JUL-1993,Fokker F-28 Fellowship 3000,3D-ALN,Royal Swazi,0,Johannesburg...,, ,H2
19930705-1,05-JUL-1993,Ilyushin Il-114,RA-54001,Ilyushin,5,Ramenskoye,, ,A1
19930706-0,06-JUL-1993,CASA C-212-A62 Aviocar 200,TDF-01,Transkei Army,2,Mthatha,, ,A1
19930708-0,08-JUL-1993,Ilyushin Il-76M,RA-86039,Russian AF,11,near Pskov Airpor...,, ,A1
19930710-0,10-JUL-1993,Hawker Siddeley HS-748,C-FAGI,Air Manitoba,0,Big Sand Lak...,, ,A2
19930715-0,15-JUL-1993,Beech 300 Super King Air,VT-EQM,National Remote Sensing Agency,4,near Bombay-Sahar...,, ,A1
19930718-1,18-JUL-1993,Boeing 737-2H6,N401SH,SAHSA,0,Managua-Augu...,,,A1
19930720-0,20-JUL-1993,Cessna T-47A Citation II,N12756,Cessna Aircraft,0,Topeka-Forbe...,, ,O1
19930720-1,20-JUL-1993,Cessna T-47A Citation II,N12761,Cessna Aircraft,0,Topeka-Forbe...,, ,O1
19930720-10,20-JUL-1993,Cessna T-47A Citation II,N12564,Cessna Aircraft,0,Topeka-Forbe...,, ,O1
19930720-11,20-JUL-1993,Cessna T-47A Citation II,N12855,Cessna Aircraft,0,Topeka-Forbe...,, ,O1
19930720-12,20-JUL-1993,Cessna T-47A Citation II,N12763,Cessna Aircraft,0,Topeka-Forbe...,, ,O1
19930720-13,20-JUL-1993,Cessna T-47A Citation II,N12660,Cessna Aircraft,0,Topeka-Forbe...,, ,O1
19930720-2,20-JUL-1993,Cessna T-47A Citation II,N12557,Cessna Aircraft,0,Topeka-Forbe...,, ,O1
19930720-3,20-JUL-1993,Cessna T-47A Citation II,N12762,Cessna Aircraft,0,Topeka-Forbe...,, ,O1
19930720-4,20-JUL-1993,Cessna T-47A Citation II,N12859,Cessna Aircraft,0,Topeka-Forbe...,,,O1
19930720-6,20-JUL-1993,Cessna T-47A Citation II,N12967,Cessna Aircraft,0,Topeka-Forbe...,, ,O1
19930720-7,20-JUL-1993,Cessna T-47A Citation II,N12669,Cessna Aircraft,0,Topeka-Forbe...,, ,O1
19930720-8,20-JUL-1993,Cessna T-47A Citation II,N12058,Cessna Aircraft,0,Topeka-Forbe...,, ,O1
19930720-9,20-JUL-1993,Cessna T-47A Citation II,N12065,Cessna Aircraft,0,Topeka-Forbe...,, ,O1
19930721-0,21-JUL-1993,Convair CV-580,C-GQHB,Canair Cargo,0,Tofino Airpo...,, ,A2
19930722-0,22-JUL-1993,Lockheed CC-130E Hercules,130321,Canadian Armed Forces,5,near Wainwright A...,,,A1
19930723-0,23-JUL-1993,BAe-146-300,B-2716,China Northwest,56,Yinchuan Air...,, ,A1
19930725-0,25-JUL-1993,Boeing 757-260, ,Ethiopian Airlines,0,Djibouti Air...,, ,H2
19930726-0,26-JUL-1993,Boeing 707-327C,OD-AFY,TMA,0,Amsterdam-Sc...,,,A1
19930726-1,26-JUL-1993,Boeing 737-5L9,HL7229,Asiana Airlines,68,near Mokpo Airpor...,,,A1
19930726-2,26-JUL-1993,Canadair CRJ-100,C-FCRJ,Bombardier,3,"Byers, KS",, ,A1
19930727-0,27-JUL-1993,Convair CV-240,N156PA,Renoun Aviation,0,Boise Air Te...,, ,A2
19930730-1,30-JUL-1993,Shorts SC.7 Skyvan 3-100,9M-AXM,Hornbill Skyways,1,"Long Loyang,...",, ,A1
19930731-1,31-JUL-1993,Dornier 228-101,9N-ACL,Everest Air,19,near Bharatpur Ai...,, ,A1
19930802-0,02-AUG-1993,Boeing 757-222,N508UA,United Airlines,0,Denver-Stapl...,, ,A2
19930804-2,04-AUG-1993,Boeing 727-46,HK-2421X,SAM Colombia,0,Bogotá-Eldor...,,,O1
19930807-0,07-AUG-1993,Antonov An-12B,RA-11110,Aviakor,0,near El Fasher Ai...,, ,A1
19930810-0,10-AUG-1993,Boeing 767-2J6ER, ,Air China,0,Taipei-Chian...,, ,H2
19930814-0,14-AUG-1993,Tupolev Tu-154, ,Aeroflot,0,Moscow-Shere...,, ,H2
19930815-0,15-AUG-1993,Boeing 737-406,PH-BDS,KLM,0,Düsseldorf A...,,,H2
19930816-0,16-AUG-1993,Cessna 208B Super Cargomaster,N1037D,Aviation & Services Europe,1,near Valensole,, ,A1
19930816-1,16-AUG-1993,Antonov An-2, ,ROSTO Yegoryevsky,2,Yegoryevsk-S...,, ,A1
19930817-0,17-AUG-1993,Swearingen SA226-TC Metro II,N220KC,Aviation Services,2,Hartford-Bra...,, ,A1
19930818-0,18-AUG-1993,DC-8-61,N814CK,Connie Kalitta,0,Guantánamo N...,,,A1
19930819-0,19-AUG-1993,DHC-3 Otter,N321KA,Ketchum Air Service,0,"near Iliamna, AK",, ,A1
19930820-0,20-AUG-1993,Antonov An-12TB,RA-11375,Komi Avia,0,near Slavgorod,, ,A1
19930822-0,22-AUG-1993,Canadair CL-215,1064,Hellenic AF,2,Pátras,, ,A1
19930823-0,23-AUG-1993,Antonov An-12, ,Russian AF,6,near Krasnoslobod...,, ,A1
19930826-0,26-AUG-1993,Cessna 208A Caravan I,PT-OGN,TAM,0,Sinop Airpor...,, ,H1
19930826-1,26-AUG-1993,Dassault Falcon 10,F-BYCV,BAC,0,Hailey-Fried...,, ,A1
19930826-2,26-AUG-1993,Let L-410UVP-E,RA-67656,Sakha Avia,24,near Aldan Airpor...,, ,A1
19930826-3,26-AUG-1993,MD-11C,I-DUPU,Alitalia,0,"near Boulder, NV",, ,A2
19930827-0,27-AUG-1993,Boeing 737-2R4C, ,Alyemda,0,Al Ghaydah A...,, ,H2
19930828-0,28-AUG-1993,Antonov An-26,RA-26549,Magnitogorsk Avia,0,Donetsk Airp...,, ,A1
19930828-1,28-AUG-1993,Antonov An-28,HA-LAJ,Hungarian Aeronautical Ass.,0,near Weston on th...,,,A1
19930828-2,28-AUG-1993,Yakovlev Yak-40,87995,Tajikistan Airlines,82,near Khorog,, ,A1
19930831-0,31-AUG-1993,Cessna F406 Caravan II,F-GJLH,Private,0,Strasbourg,, ,A1
19930831-1,31-AUG-1993,Douglas R4D-5 (DC-3),HK-3220,Transoriente Colombia,2,Barrancomina...,,,A1
19930831-3,31-AUG-1993,Curtiss C-46F,HK-400,Aerosol,0,La Colina Ai...,,,A1
19930901-0,01-SEP-1993,Tupolev Tu-154, ,Aeroflot,0,Vladivostok ...,, ,H2
19930902-0,02-SEP-1993,Learjet 25D,XA-NOG,TAESA,0,Tijuana-Rodr...,, ,A1
19930903-0,03-SEP-1993,North-American-Rockwell Sabreliner ,OB-1319,Aero Condor,0,Buenos Aires...,, ,A1
19930905-0,05-SEP-1993,Boeing 727-281,HI-617CA,Dominicana,0,Santo Doming...,,,A1
19930905-1,05-SEP-1993,Learjet 25D,N999BH,Cambridge Aviation,7,"near Pecos, NM",, ,A1
19930906-0,06-SEP-1993,Cessna 208 Caravan I,VT-AAN,Andaman and Nicobar Adm.,1,near Port Blair,,,A1
19930907-0,07-SEP-1993,Hawker Siddeley HS-748,PK-OBV,Airfast Indonesia,0,Tanahmerah A...,,,A1
19930912-1,12-SEP-1993,Boeing 747-428,F-GITA,Air France,0,Papeete-Faaa...,, ,A2
19930913-1,13-SEP-1993,Curtiss C-46A,CP-1848,Frigorifico Santa Rita,0,Angora,,,A1
19930914-0,14-SEP-1993,Convair CV-440,CP-2256,SASA,0,near Colquemarca,,,A1
19930914-2,14-SEP-1993,Airbus A320-211,D-AIPN,Lufthansa,2,Warszawa-Oke...,,,A1
19930915-0,15-SEP-1993,Tupolev Tu-134, ,Aeroflot,0,"Kiev, Oslo",, ,H2
19930915-1,15-SEP-1993,Antonov An-2R,CCCP-07624,Far East Airlines,,near Vladivostok,, ,A1
19930915-2,15-SEP-1993,Piaggio PD.808TP,MM61953,Italian AF,3,Venice-Marco...,, ,A1
19930919-0,19-SEP-1993,Swearingen SA227-AC Metro III,F-GILN,Airlec,0,Troyes-Barbe...,,,A1
19930920-0,20-SEP-1993,Tupolev Tu-134A,65809,Orbi Georgian Airways,0,Sukhumi-Babu...,, ,C1
19930920-1,20-SEP-1993,DHC-5D Buffalo,9T-CBB,Zaire AF,,Kinshasa-N'D...,, ,U1
19930921-0,21-SEP-1993,Tupolev Tu-134A,65893,Transair Georgia,27,Sukhumi-Babu...,,,C1
19930922-1,22-SEP-1993,Tupolev Tu-154B,85163,Orbi Georgian Airways,108,Sukhumi-Babu...,,,C1
19930923-0,23-SEP-1993,Tupolev Tu-154B-2,85359,Orbi Georgian Airways,,Sukhumi-Babu...,,,C1
19930923-1,23-SEP-1993,Tupolev Tu-134A,CCCP-65001,Transair Georgia,1,Sukhumi-Babu...,, ,C1
19930925-0,25-SEP-1993,Antonov An-12TB,RA-13387,MAP Rostov VPO,0,near Tyumen Airpo...,, ,A1
19930926-0,26-SEP-1993,Antonov An-2R,RA-68150,Aeroflot / North Kavkaz,,Novoalekseev...,, ,A1
19930929-0,29-SEP-1993,Dassault Falcon 10,F-GJGB,Chaillotine Air Service,2,Besançon-La ...,,,A1
19930930-0,30-SEP-1993,Tupolev Tu-154M,B-2822 ?,Sichuan Airlines,0,Taipei-Chian...,, ,H2
19931001-0,01-OCT-1993,FMA IA 50 Guaraní II,T-119,Argentine AF,11,near Gobernador C...,, ,A1
19931002-0,02-OCT-1993,BAe-146-100,VH-NJR,"Airlink, opb National Jet Systems",0,Rockhampton ...,, ,A2
19931003-0,03-OCT-1993,DC-9-83 (MD-83),9Y-THR,BWIA,0,"near Miami, FL",, ,A2

19930102-1,02-JAN-1993,Dornier 228-101,CG-757,Indian Coast Guard,4,near Paradip [Bay...,, ,A1
19930102-3,02-JAN-1993,Saab 340A,N342PX,Express Airlines,0,Hibbing-Chis...,, ,A1
19930106-0,06-JAN-1993,DHC-8-311,D-BEAT,"Lufthansa CityLine, op.for Contact Air",4,near Paris-Charle...,,,A1
19930108-0,08-JAN-1993,Learjet 35A,XA-LAN,Aero-Fly,9,near Hermosillo A...,, ,A1
19930109-0,09-JAN-1993,Hawker Siddeley HS-748,PK-IHE,Bouraq Indonesia,15,near Surabaya Air...,,,A1
19930109-1,09-JAN-1993,Tupolev Tu-154B-2,85533,"Indian Airlines, lsf Uzbekistan Airways",0,Delhi-Indira...,, ,A1
19930110-0,10-JAN-1993,Beech 200 Super King Air,C-GCSL,St. Lawrence Construction,0,Quebec Airpo...,, ,O1
19930110-1,10-JAN-1993,Beech 200 Super King Air,C-FSSU,Aéropro,0,Quebec Airpo...,, ,O1
19930113-0,13-JAN-1993,Embraer EMB-110P1 Bandeirante,G-ZAPE,Titan Airways,2,near Sellafield,,,A1
19930114-0,14-JAN-1993,Douglas C-47A (DC-3),C-FAAM,Central Mountain Air Services,2,near Bronson Cree...,,,A1
19930115-3,15-JAN-1993,Boeing 707-321C,YR-ABM,Air Afrique,0,Abidjan-Feli...,,,A1
19930116-1,16-JAN-1993,Antonov An-24RV,46478,Kazakhstan Airlines,0,Kostanay-Nar...,, ,A1
19930117-0,17-JAN-1993,Beech 200 Super King Air,PK-TRB,Indonesia Air Transport - IAT,0,Surabaya-Jua...,, ,A1
19930121-0,21-JAN-1993,Antonov An-2T,26 black,DOSAAF,0,Moscow-Tushi...,, ,A1
19930122-1,22-JAN-1993,unknown, ,Indian Airlines,0,Lucknow (LKO),, ,H2
19930123-0,23-JAN-1993,unknown, ,Korean Air,0,Gwangju (Kwa...,, ,H2
19930123-1,23-JAN-1993,BN-2A-20 Islander,P2-ISF,Island Airways,0,Bambu Airpor...,,,A1
19930123-2,23-JAN-1993,Ilyushin Il-76MD Adnan-1, ,Iraqi AF,0,Al Taqaddum ...,, ,C1
19930123-3,23-JAN-1993,Lockheed L-100-30 Hercules,D2-EHD,"Transafrik, opf Endiama",0,near Luena Airpor...,, ,C2
19930125-0,25-JAN-1993,Fairchild FH-227B,PT-LCS,TABA,3,near Altamira Air...,,,A1
19930127-0,27-JAN-1993,Nord 262A-44,9Q-CJK,Trans Service Airlift,3+ 6,Kinshasa-N'D...,,,A1
19930130-0,30-JAN-1993,Antonov An-2R,CCCP-40479,Aeroflot / Yakutsk,,,, ,A1
19930131-0,31-JAN-1993,Boeing 707-387B,LV-ISA,LADE,0,Recife-Guara...,,,A1
19930131-1,31-JAN-1993,Shorts SC.7 Skyvan 3-100,9M-PID,Pan Malaysian Air Transport,14,within Northern Sum...,, ,A1
19930203-0,03-FEB-1993,Antonov An-24B,47180,Yakutavia,0,Ust-Kuiga,, ,A1
19930203-1,03-FEB-1993,Lockheed L-100-20 Hercules,N130X,Lockheed,7,Marietta-Dob...,,,A1
19930208-0,08-FEB-1993,Tupolev Tu-154M,EP-ITD,Iran Airtour,131,near Tehran-Mehra...,, ,A1
19930209-0,09-FEB-1993,Antonov An-32, ,UN,,Nairobi Nati...,, ,U1
19930211-0,11-FEB-1993,Airbus A310-304,D-AIDM,Lufthansa,0,New York-Joh...,, ,H2
19930211-1,11-FEB-1993,Antonov An-26,RA-26529,Aeroflot / Uralsk,0,Kharasavey A...,, ,A2
19930217-0,17-FEB-1993,Dassault Falcon 10,N85JM,ConAero,0,Aurillac Air...,, ,A1
19930217-1,17-FEB-1993,Beech 200 Super King Air,10011,Turkish AF,5+ 1,near Guvercinlik,, ,A1
19930218-0,18-FEB-1993,Douglas DC-7CF,HI-599CT,Aerochago Airlines,0,Santo Doming...,,,A1
19930218-1,18-FEB-1993,Douglas DC-3, ,Missionary Flights,0,Miami Intern...,, ,H2
19930218-2,18-FEB-1993,Fairchild F-27F,XA-MCJ,Aero Cozumel,0,Cancún Airpo...,, ,A1
19930220-0,20-FEB-1993,Convair CV-440-11,HP-1200CTH,Cargo Three Panama,2,near Bogotá-Eldor...,,,A1
19930220-1,20-FEB-1993,Tupolev Tu-134, ,Aeroflot,0,Stockholm-Ar...,, ,H2
19930225-0,25-FEB-1993,ATR 72-202, ,LOT,0,Rzeszów-Jasi...,, ,H2
19930226-0,26-FEB-1993,Learjet 31,PT-OFK,Líder Táxi Aéreo,0,Rio de Janei...,, ,A2
19930227-0,27-FEB-1993,Antonov An-12BP,CCCP-11399,MOM/Polyot,0,Gyumri-Lenin...,, ,A2
19930228-0,28-FEB-1993,Dornier 228-201,B-12238,Formosa Airlines,6,near Orchid Island,, ,A1
19930302-0,02-MAR-1993,Douglas C-47A (DC-3),EC-FAH,"ARM, op.for Tadair",2,Palma de Mal...,,,A1
19930305-1,05-MAR-1993,Fokker 100,PH-KXL,Palair Macedonian,83,Skopje Airpo...,,,A1
19930306-0,06-MAR-1993,DHC-6 Twin Otter 100,C-FQBT,Kenn Borek Air,0,Baffin Islan...,,,A1
19930308-0,08-MAR-1993,Douglas DC-6,CP-1654,CAN,0,Santa Rosa A...,, ,A1
19930311-0,11-MAR-1993,DC-9-31,N978Z,TWA,0,Saint Louis-...,, ,A2
19930312-0,12-MAR-1993,ATR 42-320, ,Ethiopian Airlines,2,Dire Dawa Ai...,, ,H2
19930317-0,17-MAR-1993,Transall C-160NG,F-227,French AF,0,Evreux Air B...,, ,O1
19930317-1,17-MAR-1993,Cessna 551 Citation II/SP,D-IGRC,Taunus Air,0,Heidelberg A...,, ,A2
19930319-0,19-MAR-1993,Beech 200 Super King Air,LN-TSA,West Aviation,3,near Geilo-Dagali...,, ,A1
19930320-0,20-MAR-1993,Boeing 747-230B(M),D-ABZA,Lufthansa,0,Frankfurt In...,, ,A2
19930323-0,23-MAR-1993,Fokker F-27 Friendship 300,ST-AWA,Air West Express,0,near Hareto,,,A1
19930323-1,23-MAR-1993,Embraer EMB-110C Bandeirante,PP-SBJ,Oeste Linhas Aéreas,6,"near Cuiabá, MT",, ,A1
19930324-1,24-MAR-1993,Douglas DC-7C,HR-ALY,Aero Servicios,0,Miami Intern...,,,O1
19930327-0,27-MAR-1993,Airbus A320-231, ,Indian Airlines,0,Amritsar-Raj...,, ,H2
19930330-0,30-MAR-1993,Boeing 737-3Z6,33-333,Thai AF,6,Muang Khon Kaen,,,A1
19930331-0,31-MAR-1993,Boeing 747-121,N473EV,"JAL, lsf Evergreen International",0,Anchorage In...,,,A2
19930401-0,01-APR-1993,Fairchild FH-227C,XA-RXR,Aeromonterrey,0,Villahermosa...,, ,A1
19930402-0,02-APR-1993,DC-9-15,YV-03C,LAV,11,near Isla de la M...,,,A1
19930406-0,06-APR-1993,Boeing 757-21B, ,China Southern,0,Taipei,, ,H2
19930406-1,06-APR-1993,Boeing 767-2S1ER,N767TA,TACA,0,Guatemala Ci...,,,A1
19930406-2,06-APR-1993,MD-11,B-2171,China Eastern,2,"near Shemya, AK",,,A2
19930406-3,06-APR-1993,Antonov An-24RV,YL-LCH,Latavio,0,Stepanavan,, ,A1
19930406-4,06-APR-1993,Antonov An-2M,CCCP-13343,MAP Kuibyshev,,,, ,A1
19930406-5,06-APR-1993,BN-2A-26 Islander,ZK-FVD,Great Barrier Airlines,0,Great Barrie...,, ,A2
19930407-0,07-APR-1993,Antonov An-2R,SP-WZD,ZUA,,near Lublin,, ,A1
19930409-0,09-APR-1993,Antonov An-2R,SP-WZF,ZUA,,Viranschir,, ,A1
19930410-0,10-APR-1993,Boeing 737-2A8, ,Indian Airlines,0,Lucknow-Amau...,, ,H2
19930414-0,14-APR-1993,Lockheed L-188AF Electra,N5517,Zantop,0,Detroit-Will...,,,O1
19930414-1,14-APR-1993,DC-10-30,N139AA,American Airlines,0,Dallas/Fort ...,,,A1
19930416-0,16-APR-1993,Swearingen SA226-TC Metro II,VH-UZS,Jetcraft,0,Mackay Airpo...,, ,A1
19930418-0,18-APR-1993,DC-9-41,JA8448,Japan Air System,0,Morioka-Hana...,,,A1
19930418-1,18-APR-1993,DC-9-15,HK-2865X,Intercontinental de Aviación,0,Bogotá-Eldor...,, ,H2
19930419-0,19-APR-1993,BAe 3101 Jetstream 31,N131CA,"United Express, opb Westair Commuter Airlines",0,Merced Munic...,,,A1
19930420-0,20-APR-1993,Douglas C-47B (DC-3),N8056,Phoenix Air,0,near Zephyrhills ...,, ,A1
19930420-1,20-APR-1993,Douglas C-47A (DC-3),CP-1622,Trans Aéreos Cochabamba,2,Florencia Ai...,,,A1
19930423-0,23-APR-1993,Antonov An-26,BNMAU-14102,MIAT,32,within Zavkhan Prov...,,,A1
19930424-0,24-APR-1993,Airbus A300B2-1C,F-BUAE,Air Inter,0,Montpellier-...,,,A1
19930424-1,24-APR-1993,Boeing 737-2A8, ,Indian Airlines,1,Amritsar-Raj...,, ,H2
19930426-0,26-APR-1993,Antonov An-12B,CCCP-11121,UN,1,near Luena,,,C1
19930426-1,26-APR-1993,Boeing 737-2A8,VT-ECQ,Indian Airlines,55,near Aurangabad A...,,,A1
19930426-2,26-APR-1993,DC-9-82 (MD-82),N14816,Continental Air Lines,0,Denver-Stapl...,, ,A2
19930427-0,27-APR-1993,Antonov An-32, ,Afghan AF,76,Tashqurghan,, ,A1
19930427-1,27-APR-1993,DC-9-82 (MD-82),N72822,Continental Air Lines,0,Denver-Stapl...,,,A2
19930427-2,27-APR-1993,DHC-5D Buffalo,AF-319,Zambian Air Force,30,near Libreville A...,, ,A1
19930428-0,28-APR-1993,Beech C99,N115GP,GP Express,2,"near Shelton, NE",,,A1
19930429-0,29-APR-1993,Embraer EMB-120RT Brasilia,N24706,Continental Express,0,"Pine Bluff, AR",,,A1
19930504-0,04-MAY-1993,ATR 42-300,N254AT,"American Eagle, opb Simmons Airlines",0,Muskegon Air...,, ,A2
19930506-1,06-MAY-1993,SE-210 Caravelle 10B3,HK-3835X,SERCA Colombia,0,Cayenne-Roch...,,,A1
19930506-2,06-MAY-1993,Shorts 330-200,VP-LVR,Atlantic Air BVI,0,Beef Island ...,,,A1
19930511-0,11-MAY-1993,BN-2A-6 Islander,DQ-FEO,Fiji Air,2,Suva-Nausori...,, ,A1
19930512-1,12-MAY-1993,CASA C-212-M Aviocar 200,T-404,Angolan AF,,,, ,U1
19930514-0,14-MAY-1993,Harbin Yunshuji Y-12 II,OB-1499/334,TANS,0,Atalaya,, ,A1
19930515-0,15-MAY-1993,Douglas DC-6BF,XA-SEA,Carga del Caribe,2,near Cancún Airpo...,,,A1
19930517-0,17-MAY-1993,Yakovlev Yak-40,RA-88244,Aeroflot / Tyumen,0,Khanty-Mansi...,, ,A2
19930519-0,19-MAY-1993,Boeing 727-46,HK-2422X,SAM Colombia,132,near Medellín,,,A1
19930522-0,22-MAY-1993,DHC-3 Otter,C-GKPB,Loon Air,2,Edmonton/Vil...,, ,A2
19930526-0,26-MAY-1993,Cessna 550 Citation II,G-JETB,Aerocharter Midlands,0,Southampton-...,,,A1
19930527-0,27-MAY-1993,Lockheed Hercules C.3P (C-130K),XV193,RAF,9,Blair Athol,,,A1
19930599-0,??-MAY-1993,Boeing 707-441,9Q-CMD,Blue Airlines,0,Goma Airport...,,,A1

19931006-0,06-OCT-1993,Fokker F-27 Friendship 600,XY-AEP,Myanma Airways,0,Kawthaung Ai...,,,A1
19931007-0,07-OCT-1993,Lockheed C-141B Starlifter,65-0253,USAF,0,Fairfield-Tr...,, ,O1
19931008-0,08-OCT-1993,Douglas C-54G (DC-4),N811E,Brooks Air Fuel,0,Point Lay-De...,,,A1
19931013-0,13-OCT-1993,BN-2A-20 Islander,P2-HBE,Heli Niugini,4,Jimi Valley,, ,A1
19931019-2,19-OCT-1993,Swearingen SA226-TC Metro II,EC-FHB,Swiftair,0,Madrid-Baraj...,,,A1
19931022-1,22-OCT-1993,unknown, ,EgyptAir,0,Sana'a Inter...,, ,H2
19931025-0,25-OCT-1993,Embraer EMB-110P2 Bandeirante,HS-SKL,Bangkok Airways,0,Bangkok-Don ...,,,A1
19931025-1,25-OCT-1993,GAF Nomad N.22,ZK-NOM,Hibiscus Air,9,Franz Josef ...,,,A1
19931025-2,25-OCT-1993,DC-9-82 (MD-82),B-28003,FEAT,0,Kaohsiung In...,,,A1
19931025-3,25-OCT-1993,Airbus A310-222, ,Nigeria Airways,1,Niamey Airpo...,, ,H2
19931026-0,26-OCT-1993,Embraer P-95 Bandeirulha (EMB-111A),2290,Brazilian AF,3,near Angra dos Re...,, ,A1
19931026-1,26-OCT-1993,DC-9-82 (MD-82),B-2103,China Eastern,2,Fuzhou Yixu ...,,,A1
19931026-2,26-OCT-1993,Beech 300/F Super King Air,N82,FAA,3,"Front Royal, VA",, ,A1
19931027-0,27-OCT-1993,Beech 200 Super King Air,N191FL,private,0,Reno-Cannon ...,, ,A2
19931027-1,27-OCT-1993,DHC-6 Twin Otter 300,LN-BNM,Widerøes Flyveselskap,6,near Namsos Airpo...,, ,A1
19931027-2,27-OCT-1993,Let L-410UVP,UR-67536,Air Ukraine,0,Tyumen Airpo...,, ,A2
19931029-0,29-OCT-1993,Antonov An-2,LZ-...,Unknown,1,within Bulgaria,, ,A1
19931103-0,03-NOV-1993,Convair CV-440,CP-2212,CAMBA,0,near La Paz,,,A1
19931104-0,04-NOV-1993,Boeing 747-409,B-165,China Airlines,0,Hong Kong-Ka...,,,A1
19931105-0,05-NOV-1993,Boeing 737, ,Xiamen Airlines,0,Taipei,, ,H2
19931105-1,05-NOV-1993,Fokker F-27 Friendship 500,OE-ILW,Amadeus Air,0,Bergamo-Orio...,, ,A2
19931107-0,07-NOV-1993,AMI DC-3-65TP,ZS-KCV,Professional Aviation Services,0,Lokichoggio ...,,,A1
19931107-1,07-NOV-1993,Cessna 208 Caravan I, ,Unknown,0,Lokichoggio ...,,,O2
19931108-0,08-NOV-1993,Harbin Yunshuji Y-12 II,9N-ACS,Nepal Airways,0,Jomsom Airpo...,,,A1
19931108-1,08-NOV-1993,DHC-8-301, ,Zhejiang Airlines,0,Taipei,, ,H2
19931110-0,10-NOV-1993,Hawker Siddeley HS-748,C-GQTH,Air Manitoba,7,near Sandy Lake A...,,,A1
19931110-1,10-NOV-1993,DHC-3 Otter, ,Ketchikan Air Service,0,"Thorne Bay, AK",, ,A1
19931111-0,11-NOV-1993,Antonov An-2P,EZ-07469,Turkmenistan Airlines,0,Bekdash,, ,A1
19931112-0,12-NOV-1993,DC-9-82 (MD-82),B-2138,China Northern,0,Taipei,, ,H2
19931113-0,13-NOV-1993,DC-9-82 (MD-82),B-2141,China Northern,12,near Urumqi Airpo...,, ,A1
19931113-1,13-NOV-1993,Antonov An-2T,YV-511C,Aéreo Transporte La Montaña,0,La Paragua,, ,A1
19931115-0,15-NOV-1993,Antonov An-124-100,RA-82071,Aviastar,17,near Kerman,, ,A1
19931115-1,15-NOV-1993,Airbus A300B2-101,VT-EDV,Indian Airlines,0,near Tirupati Air...,,,A1
19931115-2,15-NOV-1993,Boeing 727-227,N16762,Continental Air Lines,0,Chicago-O'Ha...,, ,A2
19931119-0,19-NOV-1993,Boeing 737-112,HP-873CMP,COPA Panama,0,Panama City-...,,,A1
19931120-1,20-NOV-1993,Yakovlev Yak-42D,RA-42390,"Saravia - Saratov Airlines, op.for Avioimpex",116,near Ohrid Airpor...,,,A1
19931122-1,22-NOV-1993,Douglas C-47A (DC-3),C9-STE,STASA,2,near Molima,,,A1
19931124-1,24-NOV-1993,DC-9-87 (MD-87),SE-DIB,SAS,0,Kobenhavn-Ka...,, ,A2
19931126-0,26-NOV-1993,DC-10-30,YV-135C,VIASA,0,Buenos Aires...,,,A1
19931126-1,26-NOV-1993,Douglas C-118B (DC-6),N1597F,Allcair Air Transport,0,Patriot Hills,,,A1
19931127-0,27-NOV-1993,Fokker 100,B-2231,China Eastern,0,Fuzhou Yixu ...,,,H2
19931129-0,29-NOV-1993,Fokker F-27 Friendship 300,EP-IOT,NIOC,0,Basra Intern...,,,H2
19931201-0,01-DEC-1993,BAe 3101 Jetstream 31,N334PX,"Northwest Airlink, opb Express Airlines",18,near Hibbing-Chis...,, ,A1
19931201-1,01-DEC-1993,Shorts 330-300UTT,C-FPQE,Gouvernement du Québec,0,near Umiujaq Airp...,,,A1
19931201-2,01-DEC-1993,Cessna 650 Citation III,N700RR,Consolidated International Services,0,Tampa Intern...,, ,A2
19931202-0,02-DEC-1993,Shorts SC.7 Skyvan 3,LX-UGO,CAE Aviation,0,Vahun,, ,A1
19931203-0,03-DEC-1993,BN-2A-20 Islander,C-GMOP,Arctic Wings and Rotors,7,"near Tuktoyaktuk, NT",, ,A1
19931203-1,03-DEC-1993,Cessna 550 Citation II,N550RD,Kansas Air Investments,0,Chicago-Dupa...,,,A2
19931206-0,06-DEC-1993,Cessna 208A Caravan I,PT-OGM,TAM,0,near Tucuma Airpo...,, ,A1
19931206-1,06-DEC-1993,Swearingen SA226-AT Merlin IV,C-GVCY,Provincial Airlines,0,Deer Lake Ai...,,,A1
19931206-2,06-DEC-1993,Antonov An-26,RA-26515,Aeroflot,0,Tura Airport,, ,A2
19931208-0,08-DEC-1993,DC-9-82 (MD-82),B-2138,China Northern,0,Taipei,, ,H2
19931208-1,08-DEC-1993,Antonov An-24RV,RA-46605,Magadan Avia,,unknown,, ,A1
19931209-0,09-DEC-1993,DHC-6 Twin Otter 300,6V-ADE,Air Senegal,3,near Dakar-Yoff A...,,,A1
19931209-1,09-DEC-1993,Saab 340B,HB-AKC,Crossair,0,Berne-Belp A...,, ,A2
19931209-2,09-DEC-1993,NAMC YS-11-117,C5-GAA,Gambia Airways,0,near Dakar-Yoff A...,,,A2
19931210-0,10-DEC-1993,Boeing KC-135R,57-1470,Air National Guard,0+ 6,Milwaukee-Ge...,, ,O1
19931210-1,10-DEC-1993,Airbus A320-211,F-GFKK ?,Air France,0,Nice-Côte d'...,, ,H2
19931210-2,10-DEC-1993,BN-2A-20 Islander,P2-ALL,Airlink,0,Namatanai,, ,A1
19931212-1,12-DEC-1993,Fokker F-27 Friendship 600RF,5H-MPT,Air Tanzania,0,Dar es Salaa...,,,A1
19931212-2,12-DEC-1993,Boeing 737-200, ,Xiamen Airlines,0,Taipei,, ,H2
19931213-0,13-DEC-1993,Beech 200T Super King Air,9M-CAM,Malaysia CAA,0,Ipoh Airport...,, ,A1
19931213-1,13-DEC-1993,Harbin Yunshuji Y-12 II,RDPL-34117,Lao Aviation,18,Phonesavanh,, ,A1
19931213-2,13-DEC-1993,Antonov An-8,RA-13323,Kadvi Comp.,0,Yerevan Airp...,, ,A1
19931214-0,14-DEC-1993,Antonov An-2,RA-62599,Krasnoyarsk Avia,0,Vorogovo,, ,A1
19931214-1,14-DEC-1993,GAF Nomad N.24A,VH-DHF,Skywest Aviation,0,Douglas-Daly...,, ,A2
19931215-0,15-DEC-1993,IAI 1124A Westwind II,N309CK,Martin Aviation,5,near Santa Ana-Jo...,, ,A1
19931215-1,15-DEC-1993,Mitusbishi Mu-300 Diamond I,N710MB,Whitham Farm,3,near Goodland-Ren...,, ,A1
19931215-2,15-DEC-1993,Lockheed C-130H Hercules,4761,Philippine AF,30,"Tanag, Libma...",, ,A1
19931219-0,19-DEC-1993,Antonov An-12,RA-12187,Petrolada,0,Lensk,, ,A2
19931219-1,19-DEC-1993,Antonov An-2R,LY-ADO,Air Lithuania,,Suwalki,, ,A1
19931219-2,19-DEC-1993,Dornier 228-201,SX-BHC,Olympic Aviation,0,Sitia Airpor...,,,A2
19931221-0,21-DEC-1993,BAe-125-800B,D-CSRB,SRB Airlines,0,Linz Airport...,, ,A2
19931222-0,22-DEC-1993,Antonov An-2TP,RA-01410,Aeroflot / Tyumen,0,near Uraj,, ,A1
19931223-0,23-DEC-1993,BN-2A-26 Islander,P2-ISR,Rimbunan Hijau,0,Mount Hagen,,,A1
19931225-0,25-DEC-1993,Tupolev Tu-154B-2,RA-85296,"Aeroflot, op.for Vnukovo Airlines",0,Grozny Airpo...,, ,A1
19931226-0,26-DEC-1993,Antonov An-26B,RA-26141,Kuban Airlines,35,Gyumri-Lenin...,, ,A1
19931228-0,28-DEC-1993,GAF Nomad N.22B,11,Philippine AF,0,near Margosatubig...,, ,A1
19931228-1,28-DEC-1993,Shorts SC.7 Skyvan 3-100,G-OVAN,Peterborough Parachute Centre,1,Ampuriabrava...,, ,A1
19931228-2,28-DEC-1993,Boeing, ,Air China,0,Shanghai-Hon...,, ,H2
19931228-3,28-DEC-1993,Xian Yunshuji Y-7, ,Fujian Airlines,0,Taipei,, ,H2
19931228-4,28-DEC-1993,Boeing 737, ,Xiamen Airlines,0,Xiamen Airpo...,, ,H2
19931229-0,29-DEC-1993,Tupolev Tu-154B-2,RA-85358,OmskAvia,0,Omsk Airport...,, ,A2
19931231-1,31-DEC-1993,Boeing 767-35DER,SP-LPA,LOT,0,Warszawa-Oke...,, ,A2
19939999-0,??-???-1993,Antonov An-26, ,Mozambique AF,0+ 1,Cuamba Airpo...,,,A1
19939999-1,??-???-1993,Beech 99,HR-IAO,Isleña Airlines,0,,,,U1
19939999-3,??-???-1993,Antonov An-26,CU-T1240,Aerogaviota,0,Playa Baraco...,, ,O1
