identifiant,date,type,registration,operator,fat.,location, ,pic,cat

19950501-2,01-MAY-1995,Boeing 727-21F,HK-1717,Aerosucre Colombia,0,Taguatinga A...,, ,A2
19950503-0,03-MAY-1995,Grumman G-1159 Gulfstream II,N409MA,American Jet,7,near Quito-Marisc...,,,A1
19950504-0,04-MAY-1995,Antonov An-2,RA-19550,Magnitogorsk ROSTO,3,near Sibay Airpor...,, ,A1
19950506-0,06-MAY-1995,Cessna 550 Citation II,N26496,U.S. Dept. of Homeland Security,0,Comayagua-Pa...,, ,A2
19950509-0,09-MAY-1995,Antonov An-12B,RA-11127,Pulkovo,0,Lukapa Airpo...,, ,A2
19950509-1,09-MAY-1995,Curtiss C-46F,HK-3079-G,COINCO,9,near Villavicenci...,,,A1
19950511-0,11-MAY-1995,Lockheed L-100-30 Hercules,PK-PLU,Pelita Air Service,0,Jayapura-Sen...,, ,A2
19950513-0,13-MAY-1995,Lockheed C-130E Hercules,62-1838,USAF,6,Bliss Canyon...,,,A1
19950515-0,15-MAY-1995,C-115 Buffalo (DHC-5),2361,Brazilian AF,,Manaus Air B...,, ,A1
19950516-0,16-MAY-1995,BAe Nimrod R.1P,XW666,RAF,0,near Lossiemouth,,,A1
19950519-0,19-MAY-1995,Convair CV-580F SCD,EC-899,Swiftair,0,Vitoria Airp...,,,A1
19950522-1,22-MAY-1995,Convair CV-440,CP-2142,SASA,1,San Borja-Ca...,,,A1
19950523-0,23-MAY-1995,Learjet 35A,N450MC,Wal-Mart Aviation,0,Rogers Munic...,, ,A2
19950524-0,24-MAY-1995,Embraer EMB-110P1 Bandeirante,G-OEAA,"Euroair, op.for Knight Air",12,near Leeds/Bradfo...,,,A1
19950524-1,24-MAY-1995,Boeing 727-232,N489DA,Delta Air Lines,0,West Palm Be...,, ,A2
19950525-0,25-MAY-1995,Douglas DC-3C,HK-3213,LACOL Colombia,5,near Miraflores A...,,,A1
19950528-0,28-MAY-1995,Boeing 747-467,VR-HOX,Cathay Pacific,0,near Hong Kong-Ka...,, ,A2
19950531-0,31-MAY-1995,Fokker F-28 Fellowship 1000,P2-ANB,Air Niugini,0,Madang Airpo...,,,A1
19950599-0,??-MAY-1995,BN-2A-8 Islander,N454CT,Perna Aviation,,,, ,U1
19950603-0,03-JUN-1995,Airbus A320-211,N326US,Northwest Airlines,0,Minneapolis-...,, ,A2
19950605-0,05-JUN-1995,Lockheed L-100-30 Hercules,N906SJ,Southern Air Transport,0,Nixon Fork M...,, ,A2
19950607-0,07-JUN-1995,Let L-410UVP,146,Latvian AF,2,Lielvarde Ai...,,,A1
19950607-1,07-JUN-1995,Shorts SC.7 Skyvan 3-100,OE-FDL,Pink Aviation Services,0,Hohenems Air...,,,A1
19950608-0,08-JUN-1995,DC-9-32,N908VJ,ValuJet Airlines,0,Atlanta-Will...,,,A1
19950609-0,09-JUN-1995,DHC-8-102,ZK-NEY,Ansett New Zealand,4,near Palmerston N...,,,A1
19950612-0,12-JUN-1995,Cessna F406 Caravan II,5Y-ING,Tawakal Airlines,,Nairobi,, ,A1
19950612-1,12-JUN-1995,Learjet 35,XA-SVX,Servicios Turísticos,0,Magdalena de...,, ,A1
19950614-0,14-JUN-1995,Antonov An-2R,CCCP-68142,Volga Airlines / Aeroflot,,near Volgograd,, ,A1
19950615-0,15-JUN-1995,Dornier 228-201,B-12288,Formosa Airlines,0,Taitung Airp...,, ,A1
19950616-0,16-JUN-1995,Fokker F-27 Friendship 400M,TC-73,LADE,0,Jeremie Airp...,, ,A1
19950616-1,16-JUN-1995,Antonov An-74,RA-74041,"Aviakor, op.for Liana",0,Keperveyem A...,, ,A2
19950616-2,16-JUN-1995,Antonov An-2P,RA-07743,Nikolayevski Aviation Enterprise,13,near Herpuchi,, ,A1
19950617-0,17-JUN-1995,CASA C-212 Aviocar 200,T-401,Angolan AF,48,near Catumbela Ai...,, ,A1
19950617-1,17-JUN-1995,Antonov An-2R,UK-33058,Uzbekistan Airways,,near Nukus,, ,A1
19950618-0,18-JUN-1995,Dornier 228-201,B-12208,Formosa Airlines,0,Green Island...,, ,A1
19950621-0,21-JUN-1995,Douglas C-54G (DC-4),N4989P,Aero Union,2,"near Ramona, CA",,,A1
19950621-1,21-JUN-1995,Boeing 747SR-81,JA8146,All Nippon,0,Hakodate Air...,, ,H2
19950623-0,23-JUN-1995,Learjet 35A,XA-SWF,Aereo Reservaciones Ejecutivas ,2,near Tepic Airpor...,, ,A1
19950624-0,24-JUN-1995,Tupolev Tu-134A,RA-65617,"Komi Avia, op.for Harka Air Services",16,Lagos-Murtal...,,,A1
19950627-0,27-JUN-1995,Convair CV-440-98F,N356SA,Salair,2,near La Romana,,,A1
19950627-1,27-JUN-1995,IAI Arava 201,T-204,Ecuador Air Force,0,Pastaza-Shel...,, ,A2
19950701-0,01-JUL-1995,Fokker F-27 Friendship 500RF,VT-EWE,East West Airlines,0,Baroda (Vado...,,,A1
19950701-1,01-JUL-1995,C-7A Caribou (DHC-4),P2-VTC,Vanimo Trading,2,near Kiunga,,,A1
19950701-2,01-JUL-1995,Ilyushin Il-62, ,Domodedovo Airlines,0,Noril'sk Air...,, ,H2
19950708-0,08-JUL-1995,BN-2B-27 Islander,TR-LBJ,Air Inter Gabon,0,Medouneu Air...,, ,A1
19950712-0,12-JUL-1995,Mitusbishi Mu-300 Diamond IA,TC-YIB,Yibitas Air,0,Istanbul-Ata...,,,A1
19950712-1,12-JUL-1995,DHC-6 Twin Otter 300,P2-MBI,Milne Bay Air,15,near Alotau-Gurne...,, ,A1
19950716-0,16-JUL-1995,Antonov An-2R,RA-81506,Shakhtinsky ARZ,0,near Zelyony Log,, ,A1
19950717-1,17-JUL-1995,Embraer EMB-120RT Brasilia,N268UE,"United Express, opb West Air Commuter Airlines",0,Los Angeles ...,, ,A2
19950717-4,17-JUL-1995,DHC-6 Twin Otter 300,PK-NUT,Merpati Nusantara,1,Bintuni Airp...,, ,A1
19950718-0,18-JUL-1995,Douglas C-47A (DC-3),5R-MMG,Madagascar AF,36,Antananarivo...,,,A1
19950719-1,19-JUL-1995,Douglas C-47A (DC-3),N54NA,private,1,near Independence...,, ,A1
19950724-0,24-JUL-1995,Gulfstream G-IV,N400UP,Union Pacific Aviation,0,Denver-Arapa...,, ,A2
19950724-1,24-JUL-1995,Gulfstream G-IV,N480UP,Union Pacific Aviation,0,Denver-Cente...,, ,A2
19950725-0,25-JUL-1995,BN-2A-20 Islander,P2-TNT,Transniugini,2,near Karimui Airp...,, ,A1
19950726-0,26-JUL-1995,DC-9-31,5N-BBA,ADC Airlines,0,Monrovia-Spr...,,,A1
19950726-1,26-JUL-1995,Cessna S550 Citation S/II,N72WC,Pioneer Private Aviation,0,Minneapolis-...,, ,A2
19950729-0,29-JUL-1995,PADC/BN-2A-21 Islander,P2-MBM,Provincial Air Transport,0,Fane Airport...,, ,A1
19950730-0,30-JUL-1995,Cessna 208B Grand Caravan,YN-CED,La Costena,1,Villavicenci...,, ,H2
19950731-1,31-JUL-1995,DHC-4A Caribou,M21-13,Royal Malaysian AF,3,near Labuan Airpo...,, ,A1
19950802-0,02-AUG-1995,Antonov An-2R,RA-05708,Aero Air,3,Johannesburg...,, ,A1
19950803-0,03-AUG-1995,Airbus A300B4-605R, ,China Eastern,0,Hangzhou Air...,, ,H2
19950803-1,03-AUG-1995,Dornier 328-110,N335PH,Horizon Air,0,Portland Int...,, ,A2
19950804-0,04-AUG-1995,Fokker F-28 Fellowship 4000,PK-GKN,Merpati Nusantara,0,Ujung Pandan...,, ,A2
19950805-0,05-AUG-1995,Boeing 727-264,N764AT,American Trans Air,0,Orlando Inte...,, ,A2
19950809-0,09-AUG-1995,Hawker Siddeley HS-748,PK-KHL,Bouraq Indonesia,10,Kumawa Mount...,,,A1
19950809-1,09-AUG-1995,Boeing 737-2H6,N125GU,Aviateca,65,near San Salvador,,,A1
19950809-2,09-AUG-1995,CASA CN-235-100,LV-VHM,Inter Austral,1,Sierras Gran...,, ,A2
19950810-1,10-AUG-1995,Antonov An-2R,RA-40371,UraiAvia,0,Mezhdurechensk,, ,A1
19950811-0,11-AUG-1995,Shorts SC.7 Skyvan 3-100,N504FS,FS Air Service,0,Nikolai Airp...,, ,A2
19950814-0,14-AUG-1995,Embraer EMB-110P1 Bandeirante,HK-2594,AIRES Colombia,8,near Toez,,,A1
19950815-0,15-AUG-1995,Boeing 727-23, ,Phoenix Airways,0,Cape Town In...,, ,H2
19950817-0,17-AUG-1995,BN-2A Islander,4X-CCO,Barak Aviation Services,0,Haifa Airpor...,, ,A1
19950817-1,17-AUG-1995,Saab 340A,N742BA,Business Express,0,Philadelphia...,, ,A2
19950817-2,17-AUG-1995,Boeing 707-321C,YR-ABN,Air Afrique,0,N'Djamena Ai...,,,A1
19950819-1,19-AUG-1995,Douglas C-47B (DC-3),C-GZOF,Air North,1,near Vancouver In...,,,A1
19950820-0,20-AUG-1995,GAF Nomad N.22B,N4826M,Haiti Express Airways,0,Jeremie Airp...,, ,A1
19950821-0,21-AUG-1995,Embraer EMB-120ER Brasilia,N256AS,"Delta Connection, opb ASA",8,"near Carrollton, GA",, ,A1
19950823-0,23-AUG-1995,Lockheed L-1011 TriStar 1,N781DL,Delta Air Lines,0,"near Los Angeles,...",,,A1
19950825-0,25-AUG-1995,Cessna 208 Caravan I,8Q-MAT,Maldivian Air Taxi,0,"Rasdhoo, Ari...",, ,A2
19950828-0,28-AUG-1995,Learjet 24,LV-WMR,Medicorp,0,Posadas Airp...,, ,A1
19950831-0,31-AUG-1995,Antonov An-26,TZ-347,Mali AF,6,near Thessaloniki...,,,A1
19950831-1,31-AUG-1995,BN-2 Islander, ,Unknown,0,unknown,, ,H2
19950901-0,01-SEP-1995,BN-2A-8 Islander,VH-FCO,Unknown,0,Murray Islan...,, ,A2
19950901-1,01-SEP-1995,Shorts SC.7 Skyvan 3-200,N30GA,North Star Air Cargo,1,"near Farewell, AK",, ,A1
19950902-0,02-SEP-1995,BAe Nimrod MR.2P,XV239,RAF,7,"near Toronto, ON",,,A1
19950903-0,03-SEP-1995,Airbus A300B2-1C,F-BUAI,Air Inter,0,Genève-Coint...,, ,H2
19950905-0,05-SEP-1995,Dassault Falcon 20F,5N-EPN,Aerocontractors,0,Lagos-Murtal...,, ,A2
19950905-1,05-SEP-1995,DHC-6 Twin Otter 320,VH-KZQ,Aeropelican Air Services,0,"near Sydney, NSW",, ,A2
19950906-0,06-SEP-1995,BN-2A Islander,VP-LMG,Unknown,0,Montserrat ?,, ,O1
19950906-1,06-SEP-1995,Boeing 737-4Q8,N405KW,Carnival Air Lines,0,Miami Intern...,, ,A2
19950909-0,09-SEP-1995,CASA C-212 Aviocar 200,FAC-1152,SATENA,22,near La Macarena ...,,,A1
19950911-0,11-SEP-1995,Antonov An-26B,YA-BAO,Ariana Afghan Airlines,3,near Jalalabad Ai...,, ,A1
19950912-0,12-SEP-1995,Antonov An-32B,CR861,Sri Lanka AF,75,near Colombo,, ,A1
19950915-0,15-SEP-1995,Fokker 50,9M-MGH,Malaysia Airlines,34,Tawau Airpor...,, ,A1
19950915-1,15-SEP-1995,Antonov An-2T,SP-EGC,Aeroklub Pomorski,,Wilcze Gardlo,, ,A2
19950915-2,15-SEP-1995,MD-11,EI-CDJ,Garuda,0,near waypoint GURKA,, ,A2
19950915-3,15-SEP-1995,Tupolev Tu-134A,RA-65027,Kaliningradavia,0,Saint Peters...,, ,A2
19950916-0,16-SEP-1995,BN-2A Trislander Mk.III-2,N127LB,Air St. Thomas,0,Saint Thomas...,, ,O1
19950916-1,16-SEP-1995,Swearingen SA227-AC Metro III,VH-NEJ,Tamair,2,near Tamworth Air...,,,A1

19950102-1,02-JAN-1995,Boeing 737-298C,9Q-CNI,Air Zaire,0,Kinshasa-N'D...,,,A1
19950103-0,03-JAN-1995,DHC-6 Twin Otter 310,P2-IAA,Islands Nationair,0,Bili,,,A1
19950104-0,04-JAN-1995,Fokker 50?, ,Sudan Airways,0,Port Sudan A...,, ,H2
19950105-0,05-JAN-1995,Lockheed L-1329-25 JetStar II,1003,Iran AF,12,near Isfahan-Shah...,, ,A1
19950105-1,05-JAN-1995,Fokker 50,LN-BBA,"Norwegian Air Shuttle, op.for Braathens",0,Ålesund-Vigr...,, ,A2
19950108-0,08-JAN-1995,Cessna 208 Caravan I,VH-MMV,private,0,Toogoolawah ...,, ,A2
19950110-0,10-JAN-1995,DHC-6 Twin Otter 300,PK-NUK,Merpati Nusantara,14,Molo Strait,, ,A1
19950110-1,10-JAN-1995,Douglas DC-9-14,HK-3839X,Intercontinental de Aviación,51,near Maria La Baja,,,A1
19950110-2,10-JAN-1995,Rockwell Sabreliner 60,N771WW,Wallace's Bookstore Inc,0,Lexington-Bl...,, ,O1
19950111-1,11-JAN-1995,Cessna 208B Super Cargomaster,N746FE,"FedEx, op.for Empire Airlines",1,near Flagstaff-Pu...,, ,A1
19950111-2,11-JAN-1995,Learjet 35,C-GPUN,Canada Jet Charters,5,near Masset Airpo...,,,A1
19950111-3,11-JAN-1995,Cessna S550 Citation S/II,N287MC,Maytag Corporation,0,Newton Munic...,, ,A2
19950112-0,12-JAN-1995,Cessna 208B Super Cargomaster,N754FE,"Federal Express, op.for West Air",1,"Pleasanton, CA",, ,A1
19950114-0,14-JAN-1995,Yakovlev Yak-40,RA-87565,CHELAL,0,Tobolsk Airp...,, ,A2
19950115-0,15-JAN-1995,Swearingen SA226-TC Metro II,N622SP,City Air Cargo,1,"near Neuquén, NE",, ,C2
19950116-0,16-JAN-1995,Boeing 737-281,PK-JHF,Sempati Air,0,Yogyakarta-A...,,,A1
19950116-1,16-JAN-1995,Antonov An-26, ,Angolan AF,6,North Angola,, ,C1
19950117-1,17-JAN-1995,DHC-6 Twin Otter 300,9N-ABI,Royal Nepal Airlines,2,Kathmandu-Tr...,, ,A1
19950118-0,18-JAN-1995,Cessna 208B Super Cargomaster,N9461R,Martinaire,0,near Lubbock Inte...,, ,A2
19950118-1,18-JAN-1995,Antonov An-32B,UR-48074,Miabi Air Comp.,0,Kinshasa-N'D...,, ,A1
19950120-0,20-JAN-1995,Dassault Falcon 20E,F-GHLN,Leadair UniJet,10,Paris-Le Bou...,,,A1
19950120-1,20-JAN-1995,Let L-410UVP,RA-67120,Abakan Airlines,3,near Krasnoyarsk ...,, ,A1
19950121-0,21-JAN-1995,Tupolev Tu-154B-2,UN-85455,Kazakhstan Airlines,0,Karachi Inte...,,,A1
19950123-0,23-JAN-1995,Let L-410UVP,UR-67115,Air Ukraine,0,near Provedenia A...,,,A1
19950125-0,25-JAN-1995,Cessna 550 Citation II,D-CHVB,Viessmann Werke,2,Allendorf,,,A1
19950125-1,25-JAN-1995,Yakovlev Yak-40,RA-87464,Volga Airlines / Aeroflot,0,Rostov Airpo...,, ,A1
19950125-2,25-JAN-1995,BN-2A-27 Islander,C-GSGK,Northway Aviation,0,"Paungassi, MN",, ,A1
19950126-2,26-JAN-1995,Antonov An-26B,UN-26080,"Guinee Air Service, lsf Kazakhstan Airlines",0,Koundara-Sam...,, ,A1
19950128-0,28-JAN-1995,Beech 200 Super King Air,D2-ECH,SAL  Sociedade de Aviaçao Ligeira,2,near Cafunfo Airp...,, ,C1
19950128-1,28-JAN-1995,Boeing 747-238B,N706CK,Kalitta American International Airways,0,Detroit-Will...,, ,A2
19950129-0,29-JAN-1995,DC-8-62AF,N791AL,Arrow Air,0,Manaus-Eduar...,, ,A2
19950130-0,30-JAN-1995,ATR 72-202,B-22717,TransAsia Airways,4,near Taipei,, ,A1
19950131-0,31-JAN-1995,Boeing 727-21F,D2-TJB,Angola Air Charter,0,Huambo Airpo...,,,A1
19950199-0,??-JAN-1995,Ilyushin Il-22M15,UN-75915,Kazakhstan Government,0,Almaty Airpo...,, ,A1
19950201-0,01-FEB-1995,Antonov An-28,CCCP-28797,Chukotavia,0,Mys Shmidta ...,, ,A1
19950202-0,02-FEB-1995,Boeing 737-2A1,PP-SMV,VASP,0,São Paulo-Gu...,,,A1
19950202-1,02-FEB-1995,Harbin Yunshuji Y-12 II,9M-TAE,Berjaya Air,0,Kuala Lumpur...,, ,A1
19950206-0,06-FEB-1995,Antonov An-24B,RA-46564,Arkhangelsk Airlines,0,Arkhangelsk ...,, ,A1
19950209-0,09-FEB-1995,Antonov An-2R,LY-ALE,Aviapaslauga,,Grajewo,, ,A1
19950210-0,10-FEB-1995,Antonov An-70,UR--,Antonov Design Bureau,7,near Gostomel,, ,A1
19950210-1,10-FEB-1995,Ilyushin Il-62M,RA-86693,,0,Khabarovsk-N...,, ,O1
19950214-0,14-FEB-1995,Dornier Do 28D-2 Skyservant, ,Turkish Army,3,Istanbul,, ,A1
19950215-0,15-FEB-1995,Cessna 525 CitationJet,N63HB,M&M Air,0,"Wauchula, FL",, ,A2
19950216-0,16-FEB-1995,DC-8-63F,N782AL,ATI,3,Kansas City ...,,,A1
19950221-0,21-FEB-1995,IAI 1124 Westwind,N66JE,Professional Jet Management,0,Denver-Stapl...,, ,A1
19950221-1,21-FEB-1995,Shin Meiwa US-1A,9080,Japanese Navy,10,near Oki Island,, ,A1
19950221-2,21-FEB-1995,Beech A100 King Air,C-GYQT,Bearskin Airlines,0,near Big Trout Ai...,, ,A1
19950301-0,01-MAR-1995,Mitusbishi Mu-300 Diamond IA,C-GLIG,Lignum,0,Jasper-Hinto...,, ,A1
19950303-0,03-MAR-1995,Cessna 208B Grand Caravan,N227DM,DMC Flying Service,2,near Gainesville-...,, ,A1
19950303-1,03-MAR-1995,IAI 1124A Westwind II,N311BR,Kennecott Corp,0,Gillette-Cam...,, ,A2
19950304-2,04-MAR-1995,Harbin Yunshuji Y-12,PNP-224,Peruvian Police,0,"Bom Jesus, AC",, ,A1
19950305-0,05-MAR-1995,Beech 1900C,N130UE,"United Express, opb Great Lakes Airlines",0,Minneapolis-...,, ,A2
19950312-0,12-MAR-1995,Douglas C-47B (DC-3),C-FDTT,Transfair,0,"Lac Manitou, QC",,,A2
19950312-1,12-MAR-1995,Shorts 360-200,N376MQ,"American Eagle, opb Executive Airlines",0,San Juan-Lui...,, ,A2
19950312-2,12-MAR-1995,Lockheed L-1011 TriStar 500,N724DA,Delta Air Lines,0,San Juan-Lui...,, ,A2
19950313-1,13-MAR-1995,Lockheed L-188A Electra,9Q-CDG,Blue Airlines,0,Kinshasa-N'D...,,,A1
19950314-0,14-MAR-1995,Antonov An-12B,RA-11337,Penza Air Enterprise,0,near Baku,, ,A1
19950316-0,16-MAR-1995,Antonov An-26B,RA-26084,Central Region Airlines,9,near Ossora,, ,A1
19950316-1,16-MAR-1995,DHC-6 Twin Otter 200,N37ST,Great Barrier Airlines,0,"near Oahu Island,...",,,A1
19950317-0,17-MAR-1995,DC-9-15,HK-3564X,Intercontinental de Aviación,0,Barranquilla...,,,O1
19950317-1,17-MAR-1995,Boeing 737-260,ET-AJB,Ethiopian Airlines,0,El Obeid Air...,, ,H2
19950318-0,18-MAR-1995,Convair CV-440,N137CA,"Winemiller Aviation, op.for Gulf & Caribbean Cargo",0,Cap Haitien ...,,,A1
19950320-0,20-MAR-1995,Cessna 208B Grand Caravan,9M-PMN,Transmile Air Service,0,Tawau Airpor...,, ,A1
19950322-0,22-MAR-1995,Cessna 208B Super Cargomaster,N9417B,Union Flights,1,"Reno, NV",, ,A1
19950323-0,23-MAR-1995,Douglas DC-3C,C-GCXD,Aviation Boreal,0,Lac Bondesir...,,,A1
19950325-1,25-MAR-1995,Lockheed P-3C Orion,158217,US Navy,0,near Masirah Airp...,, ,A1
19950327-0,27-MAR-1995,Antonov An-12,RA-13340,Amuraviatrans,0,Bunia Airpor...,,,A1
19950328-0,28-MAR-1995,Fokker F-28 Fellowship 4000,PK-GQB,Merpati Nusantara,0,Bandung-Huse...,, ,A2
19950331-0,31-MAR-1995,Airbus A310-324,YR-LCC,Tarom,60,near Bucharest-Ot...,,,A1
19950401-0,01-APR-1995,Antonov An-2, ,African Air Charter,1,near Kenema Airpo...,, ,A1
19950404-0,04-APR-1995,Harbin Yunshuji Y-12 II,OB-1498/333,TANS,3,near Iquitos Airp...,, ,A1
19950404-1,04-APR-1995,Antonov An-26,RA-26049,Central Region Airlines,0,Palana Airport,, ,A1
19950406-0,06-APR-1995,Transall C-160NG,F-222/64-GV,French AF,0,near Calvi-Sainte...,, ,A1
19950407-0,07-APR-1995,Hawker Siddeley HS-125-400,N41953,Jetcraft Corp.,0,Santo Doming...,,,A1
19950408-0,08-APR-1995,Convair CV-580,HK-3675,SEC Colombia,0,Espinal-Agua...,, ,A1
19950408-1,08-APR-1995,Boeing 747-2U3B,PK-GSE,Garuda,0,near London-Gatwi...,, ,A2
19950411-0,11-APR-1995,Cessna 208A Caravan I,PT-OGO,TAM,0,Luziânia Air...,, ,A1
19950412-0,12-APR-1995,Beech 200 Super King Air,P2-IAH,Islands Nationair,0,Lae-Nadzab A...,, ,A1
19950413-0,13-APR-1995,Antonov An-2R,RA-40845,Cheboksary Aviation Enterprise,0,"Tyugalbuga, ...",, ,A1
19950413-1,13-APR-1995,Yakovlev Yak-40K,UN-88181,Kazakhstan Airlines,0,Dzhambul Air...,, ,A1
19950413-2,13-APR-1995,AMI C-47TP (DC-3T),ZS-LYW,Wonderair,2,Kikwangala,,,A1
19950413-3,13-APR-1995,Boeing 737-4Y0,EI-CEU,MarkAir,0,Denver Inter...,, ,A2
19950415-0,15-APR-1995,Tupolev Tu-134A-3,OB-1553,Imperial Air,0,Lima-J Chave...,,,A1
19950417-0,17-APR-1995,Learjet C-21A (Learjet 35A),84-0136,USAF,8,near Alexander Ci...,, ,A1
19950417-1,17-APR-1995,Douglas C-54G (DC-4),N898AL,Brooks Air Fuel,0,Kivalina Air...,, ,A1
19950419-0,19-APR-1995,Antonov An-2R,SP-WNY,ZUA,,Qom,, ,A1
19950421-0,21-APR-1995,CASA C-212 Aviocar 200,EB-50,Bolivian Army,7,near Apolo,,,A1
19950421-1,21-APR-1995,Boeing 747-2F6B,N742PR,Philippine Air Lines,0,near Sydney-Kings...,, ,A2
19950423-0,23-APR-1995,DHC-6 Twin Otter 300,5N-AJQ,Bristow Helicopters,1,Lagos-Murtal...,,,A1
19950423-1,23-APR-1995,Fokker F-27 Friendship 200MP,NAF908,Nigerian AF,0,Lagos-Murtal...,,,O1
19950424-0,24-APR-1995,Cessna 501 Citation I/SP,N120ES,TACA,0,near San Salvador...,,,A1
19950424-1,24-APR-1995,Canadair CC-144A Challenger 601,144613,Canadian Armed Forces,0,Halifax-Cana...,, ,A1
19950426-0,26-APR-1995,Cessna 550 Citation II,N7RC,Ring Can Corp.,0,Walkers Cay ...,, ,A1
19950427-0,27-APR-1995,IAI 1124 Westwind,VH-AJS,Pel-Air,3,near Alice Spring...,,,A1
19950427-2,27-APR-1995,DC-9-83 (MD-83),G-DEVR,Airtours Int.,0,Manchester I...,,,A2
19950428-1,28-APR-1995,BAe BAe-748-334 Srs. 2A,4R-HVB,"Helitours, op.for Sri Lanka AF",45,near Jaffna-Palal...,,,C1
19950428-2,28-APR-1995,Douglas DC-8-54F,N43UA,"Millon Air, op.for Faucett",0+ 6,Guatemala Ci...,,,A1
19950429-0,29-APR-1995,BAe BAe-748-357 Srs. 2B SCD,4R-HVA,"Helitours, op.for Sri Lanka AF",52,near Jaffna-Palal...,,,C1
19950501-0,01-MAY-1995,Swearingen SA227-CC Metro 23,C-GYYB,Bearskin Airlines,3,"Sioux Falls, ON",, ,A1
19950501-1,01-MAY-1995,CASA/Nurtanio NC-212 Aviocar,PK-NCS,Merpati Nusantara,0,Naha Airport...,, ,A2

19950916-2,16-SEP-1995,Boeing 767-332ER,N172DN,Delta Air Lines,0,Hamburg-Fuhl...,,,A2
19950916-3,16-SEP-1995,Swearingen SA226-TC Metro II,N169GA,Grand Aire Express,0,South Bend R...,, ,A2
19950918-0,18-SEP-1995,Antonov An-2R,Z3-BGE,Aviotransport Macedonia,2,Skopje,, ,A1
19950919-0,19-SEP-1995,Boeing 707-3J9C,EP-SHE,"Saha Air, op.for Kish Air",0,Ovda Airport...,, ,H2
19950920-0,20-SEP-1995,DHC-3 Otter,C-FGCV,Walsten Air Service,6,Salvesen Lak...,, ,A1
19950921-0,21-SEP-1995,Antonov An-24RV,BNMAU-10103,MIAT,42,Choho Geolog...,, ,A1
19950922-0,22-SEP-1995,Boeing E-3A Sentry (707-300B),77-0354,USAF,24,near Anchorage-El...,,,A1
19950922-1,22-SEP-1995,Learjet 36A,HB-VFS,Executive Jet Aviation,0,In Amenas Ai...,,,A1
19950927-0,27-SEP-1995,DHC-3T Vazar Turbine Otter,C-FEBX,Western Straits Air,8,near Campbell Riv...,, ,A1
19951003-1,03-OCT-1995,CASA/Nurtanio NC-212 Aviocar,PK-ZAG,Sabang Merauke Raya Air Charter,1,Gunung Antara,, ,A1
19951011-0,11-OCT-1995,Morane Saulnier MS.760B Paris II,117,French AF,4,near Cahors,, ,A1
19951012-1,12-OCT-1995,Grumman American G-1159 Gulfstream ,N635AV,The Air Group,0,Cleveland-Ho...,, ,A2
19951018-0,18-OCT-1995,Dornier 228-212K,9M-PEQ,"Air Maldives, lsf Pelangi Air",0,Male Interna...,,,A1
19951019-0,19-OCT-1995,DC-10-30ER,C-GCPF,Canadian Airlines,0,Vancouver In...,, ,A2
19951021-0,21-OCT-1995,Beech 200 Super King Air,ZS-MGR,"Balmoral Air Service, op.for UN WFP",5,near Marunga,, ,A1
19951022-1,22-OCT-1995,DHC-6 Twin Otter 300,ET-AIO,Ethiopian Airlines,0,Bole,,,A1
19951022-2,22-OCT-1995,Transall C-160D,50+43,German AF,7,near Ponta Delgad...,, ,A1
19951023-3,23-OCT-1995,Boeing 747-121 (SCD),N613FF,Tower Air,0,Miami Intern...,, ,A2
19951025-1,25-OCT-1995,Antonov An-32,RA-48981,MAP Ufa Motors,7,near Ufa Airport ...,, ,A1
19951031-0,31-OCT-1995,lyushin Il-76TD,RA-76783,Aeroflot,0,Rostov Airpo...,, ,A2
19951031-1,31-OCT-1995,Cessna 208B Grand Caravan,XA-SVM,TACSA,9,near Piedras Negr...,, ,A1
19951101-0,01-NOV-1995,Antonov An-24B,UN-47710,Kazakhstan Airlines,0,Shymkent,, ,A1
19951101-1,01-NOV-1995,Fokker F-28 Fellowship 1000,C-FCRK,Canadian Regional Airlines,0,Calgary Inte...,, ,A2
19951104-0,04-NOV-1995,SE-210 Caravelle 10B3,HK-3962X,Americana Colombia,0,near Cabu San Lucas,,,A1
19951106-0,06-NOV-1995,Beech A100 King Air,C-FJFH,Northern Thunderbird Air,0,Mosque Airst...,, ,A2
19951108-0,08-NOV-1995,Fokker F-27 Friendship 400M,TC-72,LADE,53,near Villa Dolore...,,,A1
19951109-0,09-NOV-1995,Boeing 747-200, ,Olympic Airways,0,Athens-Ellin...,, ,H2
19951112-0,12-NOV-1995,DC-9-83 (MD-83),N566AA,American Airlines,0,"East Granby, CT",, ,A2
19951113-0,13-NOV-1995,Boeing 737-2F9,5N-AUA,Nigeria Airways,11,Kaduna Airpo...,, ,A1
19951115-0,15-NOV-1995,Lockheed L-1329 JetStar 731,XA-MIK,TAESA,0,Guadalajara ...,, ,A1
19951118-0,18-NOV-1995,Shaanxi Yunshuji Y-8D,CR871,"Helitours, op.for Sri Lanka AF",5,near Jaffna-Palal...,, ,C1
19951118-1,18-NOV-1995,Antonov An-2T,YV-860C,Comeravia,,Urumano,, ,A1
19951122-0,22-NOV-1995,Antonov An-12TB,RA-11008,", op.for UN",0,Huambo Airpo...,,,A1
19951122-1,22-NOV-1995,Antonov An-32B,CR862,Sri Lanka AF,62,near Jaffna,, ,A1
19951123-0,23-NOV-1995,Boeing 757-236,G-BIKG,British Airways,0,London-Heath...,, ,A2
19951123-1,23-NOV-1995,Airbus A340-312,A4O-LB,Gulf Air,0,London-Heath...,, ,A2
19951126-0,26-NOV-1995,Beech 200C Super King Air,EB-002,Bolivian Army,6,Uncía Airport,, ,A1
19951128-0,28-NOV-1995,Fairchild FH-227B,PP-BUJ,TABA,3,near Santarém Air...,,,A1
19951128-1,28-NOV-1995,Antonov An-2R,RA-07419,Yenisei Airline,0,Makovskoye A...,, ,A1
19951130-0,30-NOV-1995,Boeing 707-323C,4K-401,Azerbaijan Airlines,2,near Baku Airport...,,,A1
19951202-0,02-DEC-1995,Boeing 737-2A8,VT-ECS,Indian Airlines,0,Delhi-Indira...,, ,A1
19951203-0,03-DEC-1995,Boeing 737-2K9,TJ-CBE,Cameroon Airlines,71,near Douala Airpo...,, ,A1
19951205-0,05-DEC-1995,Tupolev Tu-134B-3,4K-65703,Azerbaijan Airlines,52,near Nakhichevan ...,, ,A1
19951205-1,05-DEC-1995,Antonov An-2R,RA-17725,Kotlas Avia Enterprise,0,Verkhnyaya T...,, ,A1
19951206-0,06-DEC-1995,Antonov An-26, ,Federal Border Guard,0,near Anadyr,, ,A1
19951206-1,06-DEC-1995,Fokker F-27 Friendship 100,RP-C6888,Laoag,0,Mactan,, ,A1
19951207-0,07-DEC-1995,Tupolev Tu-154B,RA-85164,Khabarovsk United Air,98,near Grossevichi,,,A1
19951207-1,07-DEC-1995,Beech 1900D,F-OHRK,Air St. Martin,20,near Port-au-Prin...,, ,A1
19951213-0,13-DEC-1995,Antonov An-24V,YR-AMR,"Romavia, op.for Banat Air",49,near Verona Airpo...,,,A1
19951214-0,14-DEC-1995,Rockwell 1121 Jet Commander,N503U,American Air Network,2,near Guatemala Ci...,, ,A1
19951215-0,15-DEC-1995,Swearingen SA226-AT Merlin IV,N31AT,Air Transport,0,Detroit-Metr...,,,A1
19951218-0,18-DEC-1995,Lockheed L-188C Electra,9Q-CRR,Trans Service Airlift,141,"near Cahungula, L...",,,A1
19951218-1,18-DEC-1995,Beech 200 Super King Air,N231RL,Western Airways,0,Ingleside-Mc...,, ,A1
19951220-0,20-DEC-1995,Boeing 747-136,N605FF,Tower Air,0,New York-Joh...,,,A1
19951220-1,20-DEC-1995,Boeing 757-223,N651AA,American Airlines,159,Buga,,,A1
19951221-0,21-DEC-1995,Antonov An-24RV,RA-46473,Kuban Airlines,0,Krasnodar Ai...,, ,A1
19951222-0,22-DEC-1995,BN-2A-21 Islander,P2-NAM,Islands Nationair,2,Begesin Airs...,, ,A1
19951223-0,23-DEC-1995,CASA C-212-M Aviocar 100,212,Chilean Army,1,Rancagua,, ,A1
19951223-1,23-DEC-1995,Antonov An-74-200,RA-74058,Gazpromavia,0,Novy Urengoy...,, ,A2
19951226-0,26-DEC-1995,Airbus A300B4-620 ?, ,Saudi Arabian,0,Asmara Inter...,, ,H2
19951227-0,27-DEC-1995,Antonov An-2TP,RA-96244,Sakha Avia,0,Tiksi Airpor...,, ,A1
19951227-1,27-DEC-1995,Antonov An-2TP,RA-32366,Komi Avia,0,Novy Bor Air...,, ,A1
19951229-0,29-DEC-1995,Antonov An-24B,RA-46401,Saransk Flight Unit,0,Saransk,, ,A1
19951230-0,30-DEC-1995,BAC One-Eleven 525FT,YR-BCO,Tarom,0,Istanbul-Ata...,,,A1
19951230-1,30-DEC-1995,Cessna 560 Citation V,N991PC,Iowa Packing Company,2,near Eagle River ...,, ,A1
19951231-0,31-DEC-1995,Cessna 550 Citation II,N91MJ,Moran Foods,2,near Marco Island...,, ,A1
