identifiant,date,type,registration,operator,fat.,location, ,pic,cat

19330113-0,13-JAN-1933,Lioré et Olivier 213,F-AJNS,Air Union,0,Poix-de-Pica...,, ,A1
19330114-0,14-JAN-1933,Curtiss Condor 18,NC185H,Eastern Air Transport,2,"Newark, NJ",, ,A1
19330124-0,24-JAN-1933,Ford 5-AT-D Tri-Motor,NC431H,Pacific Air Transport,2,"Eugene, OR",, ,A1
19330210-0,10-FEB-1933,Ford 5-AT-B Tri-Motor,NC9666,TWA,0,"Bakersfield, CA",, ,A1
19330322-0,22-MAR-1933,Ford JR-3 (5-AT-C) Tri-Motor,A8599,USMC,0,Virginia Bea...,, ,A1
19330328-0,28-MAR-1933,A.W. Argosy II,G-AACI,Imperial Airways,15,near Diksmuide,, ,A1
19330331-0,31-MAR-1933,Ford 4-AT-B Tri-Motor,NC7686,Private,7,"near Neodesha, KS",, ,A1
19330527-0,27-MAY-1933,Junkers Ju-52/1mcai,D-2356,RDL,,Zechliner Hütte,, ,A1
19330602-0,02-JUN-1933,Ford 4-AT-E Tri-Motor,NR9614,Plane Speaker Corporation,0,Hempstead-Ro...,, ,O1
19330811-0,11-AUG-1933,Dornier Do R4 Superwal,I-RATA,SANA,0,near Valencia,, ,A1
19330813-0,13-AUG-1933,Junkers PS-5 (G.24),CCCP-L743,Dobrolet,,,, ,U1
19330829-0,29-AUG-1933,Ford 5-AT-B Tri-Motor,NC9607,TWA,5,"near Quay, NM",, ,A1
19330921-0,21-SEP-1933,Curtiss T-32 Condor II,NC12373,Eastern Air Transport,,"Newark, NJ",, ,A1
19331018-0,18-OCT-1933,Ford 4-AT-B Tri-Motor,NC4806,Private,3,Managua,,,A1
19331116-0,16-NOV-1933,Lioré et Olivier 213,F-AIFD,Air France,0,near Beauvais,, ,A1
19331121-0,21-NOV-1933,Kalinin K-7, ,Kalinin Design Bureau,14+ 1,near Kharkov,, ,A1
19331124-0,24-NOV-1933,Fokker F.10A,X-ABEA,Aerovías Centrales,,León,, ,A1
