identifiant,date,type,registration,operator,fat.,location, ,pic,cat

20160102-0,02-JAN-2016,Cessna 208B Grand Caravan,N540ME,Wright Air Service,0,near Anaktuvuk Pa...,,,A1
20160103-0,03-JAN-2016,Canadair CRJ-702,N164GJ,"United Express, opb GoJet Airlines",0,Chicago-O'Ha...,, ,A2
20160104-0,04-JAN-2016,Beech 200 Super King Air,N275X,Skyway Aircraft,0,St. Petersbu...,,,A1
20160105-0,05-JAN-2016,Basler Turbo 67 (AC-47T),FAC-1658,Colombian AF,0,Tres Esquina...,,,A2
20160108-0,08-JAN-2016,Canadair CRJ-200PF,SE-DUX,West Air Sweden,2,near Oajevágge,,,A1
20160109-0,09-JAN-2016,ATR 72-212A (ATR 72-500),PR-PDD,Passaredo Linhas Aéreas,0,Rondonópolis...,,,A1
20160110-0,10-JAN-2016,Beech B200 Super King Air,N87SA,Island Airlines,0,San Juan-Lui...,,,A2
20160114-0,14-JAN-2016,Airbus A319-112,V5-ANL,Air Namibia,0,near Windhoek-Hos...,,,A2
20160115-0,15-JAN-2016,Cessna 208B Grand Caravan,N104AN,Grant Aviation,0,Hooper Bay A...,,,A2
20160117-0,17-JAN-2016,BN-2A-21 Islander,(N90460),Unknown,0,Corral Viejo,, ,C1
20160118-0,18-JAN-2016,Cessna 525 CitationJet,N711BX,Private,2,"near Cedar Fort, UT",,,A1
20160118-1,18-JAN-2016,Dassault Falcon 20F-5,N706SB,Sterling LIHTC,0,Scottsdale A...,, ,A1
20160120-0,20-JAN-2016,DHC-6 Twin Otter 300,C-GCKB,Kenn Borek Air,0,Amundsen-Sco...,, ,A2
20160121-0,21-JAN-2016,Cessna 560XL Citation Excel,C-GCXL,Airsprint,0,Toronto-Pear...,, ,A2
20160128-0,28-JAN-2016,Cessna 208 Caravan I,VH-WTY,Hamilton Island Air,0,"Chance Bay, ...",, ,A1
20160128-1,28-JAN-2016,MD-83,EP-ZAB,Zagros Air,0,Mashhad Airp...,,,A1
20160130-0,30-JAN-2016,Rockwell Sabreliner 80,N380CF,private,0,Querétaro Ai...,, ,A2
20160202-0,02-FEB-2016,Airbus A321-111,SX-BHS," Hermes Airlines, op.for Daallo Airlines",1,near Mogadishu In...,,,C1
20160204-0,04-FEB-2016,Canadair CRJ-900ER,OY-KFC,"SAS, opb Cimber",0,København-Ka...,,,O1
20160204-1,04-FEB-2016,Beech B100 King Air,C-GSWG,Max Aviation,0,Montreal-St....,, ,A2
20160206-0,06-FEB-2016,Antonov An-2R,RA-40204,Light Air,3,"Gay, Orenbur...",,,A1
20160207-0,07-FEB-2016,Cessna 525A CitationJet CJ2,D-ISCO,Windrose Air,0,Chambéry Air...,, ,A2
20160210-0,10-FEB-2016,Beech 1900D,4601,Myanmar Air Force,5,near Naypyidaw In...,, ,A1
20160212-0,12-FEB-2016,Lockheed L-100-30 Hercules,N401LC,Lynden Air Cargo,0,"near Iliamna, AK",,,A2
20160220-0,20-FEB-2016,Cessna 525 Citation M2,N214RT,private,0,Orlando Inte...,, ,O1
20160223-0,23-FEB-2016,Embraer EMB-145MP (ERJ-145MP),N856HK,Trans States Airlines,0,Saint Louis-...,, ,A2
20160224-0,24-FEB-2016,Viking Air DHC-6 Twin Otter 400,9N-AHH, Tara Air,23,"Dana, Myagdi...",,,A1
20160226-0,26-FEB-2016,IPTN/CASA CN-235M-VIP,M44-07,Royal Malaysian AF,0,near Kuala Selangor,, ,A1
20160302-0,02-MAR-2016,Beech 99A,N198WA,Wiggins Airways,0,"near Bangor, ME",,,A2
20160303-0,03-MAR-2016,Cessna 208 Caravan I,3004,South African AF,0,near Langebaanweg...,,,A1
20160303-1,03-MAR-2016,Boeing 737-95R,VT-JGD,Jet Airways,0,Mumbai-Chhat...,, ,A2
20160305-0,05-MAR-2016,Beech B300 King Air 350,N6351V,US Army,0,near Kawrgosk,, ,A2
20160305-1,05-MAR-2016,Boeing 767-34AFER (WL),N305UP,UPS,0,Albuquerque ...,,,A2
20160307-0,07-MAR-2016,Embraer ERJ 190STD (ERJ-190-100),PH-EXB,KLM Cityhopper,0,Basel/Mulhou...,,,I2
20160307-1,07-MAR-2016,Dornier 328-110,HB-AEO,SkyWork Airlines,0,Basel/Mulhou...,,,I2
20160309-0,09-MAR-2016,Antonov An-26B,S2-AGZ,True Aviation,3,near Cox's Bazar ...,,,A1
20160313-0,13-MAR-2016,BN-2B-20 Islander,VP-ACT,Anguilla Air Services,0,Saint-Barthé...,, ,A2
20160314-0,14-MAR-2016,Raytheon Beechjet 400A,N465FL,Flight Options,0,Rome-Richard...,, ,A2
20160315-0,15-MAR-2016,IAI Arava 201,E-206,Ecuador Army,22,Hacienda la ...,, ,A1
20160316-0,16-MAR-2016,Cessna AC-208B Combat Caravan,YI-119,Iraqi AF,3,Hawijah,, ,A1
20160318-0,18-MAR-2016,Beech 1900D,AP-BII,ASSL,0,Karachi-Jinn...,, ,A2
20160319-0,19-MAR-2016,Boeing 737-8KN (WL),A6-FDN,flydubai,62,Rostov Airpo...,,,A1
20160322-0,22-MAR-2016,Swearingen SA226-TC Metro II,LV-ZEB,CEDMA Aviación,0,Río Grande A...,, ,A1
20160323-0,23-MAR-2016,Avro RJ85,EI-RJG,CityJet,0,Florence-Per...,,,A1
20160327-0,27-MAR-2016,Fokker 100,UP-F1012,Bek Air,0,Astana Inter...,, ,A1
20160329-0,29-MAR-2016,Airbus A320-232,SU-GCB,EgyptAir,0,Larnaca Airp...,,,H2
20160329-1,29-MAR-2016,Antonov An-26RT,09 blue,Russian AF,0,Rostov Airpo...,, ,A2
20160401-0,01-APR-2016,Cessna 208B Grand Caravan,XA-ULU,Aéreo Servicios Empresariales,3,near Durango-Guad...,, ,A1
20160403-0,03-APR-2016,Antonov An-2R,RA-54828,Technoservice-A,0,"near Aksarino, Za...",,,A2
20160404-0,04-APR-2016,Boeing 737-8GP (WL),PK-LBS,Batik Air,0,Jakarta-Hali...,,,A2
20160404-1,04-APR-2016,ATR 42-600,PK-TNJ,TransNusa Aviation Mandiri,0,Jakarta-Hali...,,,A2
20160404-2,04-APR-2016,Cessna 208B Grand Caravan,PR-CRF,Two Táxi Aéreo,0,near Macapá Inter...,, ,A2
20160406-0,06-APR-2016,Raytheon U-125 (Hawker 800),49-3043,JASDF,6,near Kanoya Air Base,,,A1
20160407-0,07-APR-2016,Douglas C-47A (DC-3),HK-2663,Aerolineas Llaneras - Arall,0,near Puerto Gaitá...,,,A1
20160409-0,09-APR-2016,DHC-6 Twin Otter 100,N122PM,Skydive San Marcos,0,Fentress Air...,,,A2
20160413-0,13-APR-2016,PADC/BN-2T Islander,P2-SBC,Sunbird Aviation,12,near Kiunga Airpo...,,,A1
20160414-0,14-APR-2016,Antonov An-2, ,Unknown,1,"Maryevka, Pe...",, ,A1
20160420-0,20-APR-2016,Beech 1900D,C-FEVA,"Air Canada Express, opb Exploits Valley Air Services",0,Gander Airpo...,,,A2
20160421-0,21-APR-2016,Beech 300 Super King Air,PT-MCM,Agropecuária Otura,0,Porto Seguro...,, ,A2
20160424-0,24-APR-2016,Swearingen SA226-AT Merlin IVA,EC-GFK,Flightline,0,Gerona-Costa...,, ,A1
20160428-0,28-APR-2016,Embraer ERJ-190,HC-COX,TAME Ecuador,0,Cuenca-Maris...,, ,A1
20160430-0,30-APR-2016,Fokker 50,SE-LEZ,Air Vallée,0,Catania-Font...,, ,A2
20160430-1,30-APR-2016,Antonov An-26, ,Sudan AF,5,near El Obeid Air...,, ,A1
20160505-0,05-MAY-2016,Convair CV-580 Airtanker,C-FEKF,Conair Aviation,0,Manning Airp...,, ,A1
20160506-0,06-MAY-2016,Antonov An-2R,N2AN,American Airpower,0,near San Bernardi...,, ,A1
20160507-0,07-MAY-2016,ATR 72-212A (ATR 72-600),VT-JCX,Jet Airways,0,Indore-Devi ...,,,A2
20160510-0,10-MAY-2016,Airbus A321-211,N189UW,American Airlines,0,Phoenix-Sky ...,, ,A2
20160510-1,10-MAY-2016,Beech B100 King Air,N86TR,Dexter Air,0,Dexter Munic...,, ,A2
20160511-0,11-MAY-2016,Airbus A320-214,F-GKXJ,Air France,0,Paris-Charle...,, ,A2
20160511-1,11-MAY-2016,Boeing 777-328ER,F-GZNT,Air France,0,Paris-Charle...,, ,A2
20160511-2,11-MAY-2016,Boeing 737-9GPER (WL),9M-LNK,Malindo Airways,0,Kota Kinabal...,, ,A2
20160512-0,12-MAY-2016,Cessna 208B Grand Caravan,N1114A,Parachute Center,0,near Lodi Airport...,, ,A2
20160514-0,14-MAY-2016,Cessna 208 Caravan I,XB-NLX,Unknown,0,near Tequesquitengo,,,A2
20160518-0,18-MAY-2016,Antonov An-12B,4K-AZ25,Silk Way,7,Dwyer Airpor...,,,A1
20160519-0,19-MAY-2016,Airbus A320-232,SU-GCC,EgyptAir,66,near Egyptian coast,,,C1
20160523-0,23-MAY-2016,Cessna 501 Citation I/SP,N804ST,Eagle II Aero,0,"near Texarkana, AR",,,A2
20160527-0,27-MAY-2016,Boeing 777-3B5,HL7534,Korean Air,0,Tokyo-Haneda...,,,A2
20160528-0,28-MAY-2016,Airbus A320-214,EC-JGM,Vueling,0,Manchester A...,,,A2
20160603-0,03-JUN-2016,Cessna 208B Grand Caravan,5Y-JLL,Lady Lori (Kenya),0,Akobo Airport,, ,A2
20160604-0,04-JUN-2016,Cessna 208B Grand Caravan EX,PK-ICC,Pegasus Air Services,0,Ilaga Airpor...,, ,A2
20160604-1,04-JUN-2016,Antonov An-30A-100,TN-AHP,South Stone Airlines,0,Yambio Airport,, ,A2
20160605-0,05-JUN-2016,BAe-125-800B,RA-02773,Aerolimousine,0,near Neryungri Ai...,,,A1
20160605-1,05-JUN-2016,Cessna 208B Grand Caravan,N750Z,Air Choice One,0,Fort Dodge A...,, ,A2
20160606-0,06-JUN-2016,MD-11F,N277UP,UPS,0,Seoul-Incheo...,,,A1
20160606-1,06-JUN-2016,Cessna 560 Citation Ultra,N145KK,Red Wing Aeroplane Company,0,Gainesville-...,, ,A1
20160614-0,14-JUN-2016,Antonov An-32A,EK32120,"Coco Aviation, lsf Ayk Avia",0,Bor Airport,, ,A1
20160614-1,14-JUN-2016,Cessna 208B Grand Caravan EX,PK-RCK,Associated Mission Aviation,0,"Lolat, Yahuk...",, ,A1
20160614-2,14-JUN-2016,ATR 72-212A (ATR 72-600),PK-WGL,Wings Air,0,unknown,, ,A2
20160616-0,16-JUN-2016,CASA C-212 Aviocar 400MPA,8983,Vietnam Coast Guard,9,near Bach Long Vi...,, ,A1
20160619-0,19-JUN-2016,BAe-146-300,EP-MOF,Mahan Air,0,Khark Airpor...,, ,A1
20160619-1,19-JUN-2016,DHC-3T Texas Turbine Otter,N104BM,Bald Mountain Air Services,0,near Homer-Beluga...,, ,A2
20160621-0,21-JUN-2016,Dornier 228-202,9Q-CSL, Busy Bee Congo,0,Goma Airport...,,,A2
20160621-1,21-JUN-2016,Beech 200C Super King Air,OB-2104-P,Aer Caribe,0,Lima-Jorge C...,,,A2
20160626-0,26-JUN-2016,Canadair CL-215,1111,Hellenic AF,0,near Dervenochoria,,,A1
20160626-1,26-JUN-2016,Antonov An-2R,UP-A0273,Tamshybulak,1,Bereke,, ,A1
20160627-0,27-JUN-2016,Boeing 777-312ER,9V-SWB,Singapore Airlines,0,Singapore-Ch...,,,A2
20160630-0,30-JUN-2016,Antonov An-2SX,RA-33462,Krasnokutske Flight School of Civil Aviation,2,near Novopokrovsk...,,,A1
20160701-0,01-JUL-2016,Ilyushin Il-76TD,RA-76840,Russian Ministry of Emergency Situations,10,"near Rybnyi Uyan,...",,,A1
20160707-0,07-JUL-2016,DHC-8-402Q Dash 8,HS-DQC,Nok Air,0,Loei Airport...,,,A2
20160711-0,11-JUL-2016,Lockheed C-130H Hercules,16804,Portuguese AF,3,Montijo Air ...,,,A1

20169999-0,??-???-2016,Cessna 500 Citation I,N628BS,Chippewa Aerospace,0,unknown,, ,A1

20160715-0,15-JUL-2016,Beech B200 King Air,N111MQ,Execumed Corp.,0,San Juan-Fer...,, ,A2
20160717-0,17-JUL-2016,Beech 200 Super King Air,C-FCGW,Air Nunavut,0,Iqaluit Airp...,, ,A1
20160720-0,20-JUL-2016,Cessna 208B Grand Caravan EX,B-10FW,Joy General Aviation,5,near Jinshan City...,, ,A1
20160720-1,20-JUL-2016,Beech B200 Super King Air,N46CE,Century Equipment Company,0,Burnsville-M...,,,A2
20160721-0,21-JUL-2016,Cessna 208B Grand Caravan,N7581F,Skydive Twin Cities,0,Baldwin Airp...,,,A2
20160722-0,22-JUL-2016,Antonov An-32,K2743,Indian AF,29,near Chennai [Bay...,, ,A1
20160726-0,26-JUL-2016,Embraer Phenom 300,N362FX,"Flexjet, opb Flight Options",0,Houston-Suga...,,,A1
20160728-0,28-JUL-2016,Gulfstream G650ER,N827DC,TDC Management,0,Colorado Spr...,, ,O1
20160731-0,31-JUL-2016,Antonov An-2R,RA-54790,Lemaks,3,near Zelenogorski...,,,A1
20160801-0,01-AUG-2016,Beech C99,N234AV,Ameriflight,0,near Spanish Fork...,, ,A2
20160801-1,01-AUG-2016,Canadair CL-415,F-ZBEU,Securité Civile,0,Ajaccio-Napo...,, ,A2
20160803-0,03-AUG-2016,Boeing 777-31H,A6-EMW,Emirates,0+ 1,Dubai Airpor...,,,A1
20160804-0,04-AUG-2016,Cessna 208B Grand Caravan,9N-AKC, Makalu Air,0,near Simikot,, ,A2
20160804-1,04-AUG-2016,Boeing 737-3H4 (WL),N368SW,Southwest Airlines,0,Baltimore/Wa...,,,A1
20160805-0,05-AUG-2016,Boeing 737-476 (SF),HA-FAX,ASL Airlines Hungary,0,Bergamo-Orio...,,,A1
20160809-0,09-AUG-2016,Boeing 737-832 (WL),N3762Y,Delta Air Lines,0,New York-Joh...,, ,A2
20160811-0,11-AUG-2016,Antonov An-2R,RA-17812,ALROSA,0,Polyarnyj Ai...,,,A2
20160813-0,13-AUG-2016,Cessna 500 Citation I,N70SW,Strong Tower Services,0,Fort Lauderd...,,,A2
20160814-0,14-AUG-2016,Beriev Be-200ES,RF-31121,Russian Ministry of Emergency Situations,0,near São Pedro do...,, ,A2
20160814-1,14-AUG-2016,Beech 200 Super King Air, ,Unknown,2,Orillas del ...,, ,A1
20160816-0,16-AUG-2016,Cessna 550 Citation II,YV3051,Unknown,2,near Charallave-Ó...,,,A1
20160824-0,24-AUG-2016,Tupolev Tu-204S,RA-64021,Aviastar-TU,0,Noril'sk Air...,,,A1
20160825-0,25-AUG-2016,Learjet 55,N666TK,RCR7,0,North Eleuth...,,,A2
20160827-0,27-AUG-2016,Boeing 737-7H4 (WL),N766SW,Southwest Airlines,0,"near Biloxi, MS",,,A2
20160828-0,28-AUG-2016,Airbus A330-323,HL8258,Asiana Airlines,0,Seoul-Incheo...,, ,O2
20160831-0,31-AUG-2016,Cessna 208B Grand Caravan EX,N752RV,"Ravn Connect, opb Hageland Aviation Services",3,near Russian Miss...,,,A1
20160910-0,10-SEP-2016,Beech 200 Super King Air,N369CD,Hurricane Joaquin,0,Orlando Apop...,, ,A1
20160910-1,10-SEP-2016,Embraer Phenom 100,PT-MMP,Patrus Transportes Urgentes,0,Angra dos Re...,, ,A2
20160913-0,13-SEP-2016,Boeing 737-347 (SF),PK-YSY,Trigana Air Service,0,Wamena Airpo...,,,A1
20160917-0,17-SEP-2016,Antonov An-2R,RA-84566,"Technoservice-A, lsf Aviapartner",0,near Tatarskoye U...,,,A2
20160917-1,17-SEP-2016,Cessna 208B Grand Caravan,CC-CTS,Servicios Aéreos Pewen,0,Puerto Montt...,, ,A2
20160921-0,21-SEP-2016,Beech B100 King Air,N66804,O.I.A. Enterprises,0,Jackson-McKe...,,,A2
20160922-0,22-SEP-2016,Beech 200 Super King Air,ZS-KGW,Majestic Air,0,"Bray, Northe...",, ,O2
20160922-1,22-SEP-2016,Learjet 25D,YV1738,WMG Techno-Logistic,0,San Juan-Fer...,, ,A2
20160924-0,24-SEP-2016,BAe 4101 Jetstream 41,9N-AIB, Yeti Airlines,0,Bhairawa Air...,,,A1
20160924-1,24-SEP-2016,DHC-8-202Q Dash 8,N366PH,"CommutAir, opf United Express",0,Washington-D...,, ,A2
20160925-0,25-SEP-2016,Learjet 31A,PK-JKI,Nusantara Air Charter,0,Jakarta-Hali...,, ,A1
20160930-0,30-SEP-2016,Cessna 208B Grand Caravan,HK-3804,Llanera de Aviación,4,near San Antonio ...,,,A1
20160930-1,30-SEP-2016,Beech 1900C,N376SA,Southern Air Charter,0,Deadman's Ca...,,,A2
20161001-0,01-OCT-2016,Airbus A330-302,B-18307,China Airlines,0,Taipei-Taiwa...,,,A2
20161002-0,02-OCT-2016,Cessna 208B Grand Caravan,N208SD,"Ravn Connect, opb Hageland Aviation Services",3,"near Togiak, AK",,,A1
20161003-0,03-OCT-2016,Cessna F406 Caravan II,OH-OTL,Lapin Tilauslento,0,Oulu Airport...,, ,A2
20161004-0,04-OCT-2016,Boeing 737-4Q8 (SF),OE-IAG,ASL Airlines Belgium,0,Belfast Inte...,,,A2
20161009-0,09-OCT-2016,Embraer P-95B Bandeirulha (EMB-111),7103,Brazilian AF,0,São Paulo-Ca...,, ,A2
20161011-0,11-OCT-2016,Antonov An-26-100,RA-26660,Polyarnaya Aviatsiya,0,near Belaya Gora ...,,,A1
20161011-1,11-OCT-2016,Beech 200 Super King Air,C-GFSB,Fast Air,0,Bloodvein Ri...,, ,A2
20161013-0,13-OCT-2016,Cessna 500 Citation I,C-GTNG,Norjet,4,near Kelowna Airp...,,,A1
20161013-1,13-OCT-2016,Cessna 525B CitationJet CJ3+,N518AR,A.R. Wings,0,Smithfield-N...,, ,A2
20161014-0,14-OCT-2016,Cessna 208 Caravan I,N208KM,NPTC,1,Dunnellon/Ma...,,,A2
20161019-0,19-OCT-2016,Lockheed C-130B Hercules,FAC-1014,Colombian AF,1,near Apiay,, ,A1
20161021-0,21-OCT-2016,Embraer C-95BM Bandeirante (EMB-110,2305,Brazilian AF,0,Porto Alegre...,, ,A2
20161021-1,21-OCT-2016,Airbus A300B4-203F,PR-STN,Sterna Linhas Aéreas,0,Recife-Guara...,, ,A1
20161022-0,22-OCT-2016,ATR 72-212A (ATR 72-600),CS-DJF,"TAP Express, opb White Airways",0,Lisboa-Humbe...,,,A2
20161024-0,24-OCT-2016,Swearingen SA227-AT Expediter,N577MX,CAE Aviation,5,Malta-Luqa A...,,,A1
20161024-1,24-OCT-2016,Dornier 328JET-310,XA-ALA,FlyMex,0,Toluca Airpo...,,,A1
20161024-2,24-OCT-2016,DHC-8-402Q Dash 8,ET-ANY,Ethiopian Airlines,0,Dire Dawa-Ab...,, ,A1
20161028-0,28-OCT-2016,Swearingen SA227-DC Metro 23 (C-26B,PNC-0226,Colombian Police,0,Bogotá-Eldor...,,,A2
20161028-1,28-OCT-2016,MD-10-10F,N370FE,FedEx,0,Fort Lauderd...,,,A1
20161028-2,28-OCT-2016,Boeing 767-323ER (WL),N345AN,American Airlines,0,Chicago-O'Ha...,,,A1
20161030-0,30-OCT-2016,Beech 100 King Air,N411HA,Honaker Aviation,0,Jeffersonvil...,,,A1
20161031-0,31-OCT-2016,DHC-4T Caribou,PK-SWW,"Puncak Regency Adm., opb Alfa Indonesia",4,near Ilaga Airpor...,,,A1
20161099-0,??-OCT-2016,Cessna 500 Citation I,N888JL,Advanced Power Aviation,0,Wichita-Mid-...,, ,A1
20161110-0,10-NOV-2016,MD-11F,D-ALCM,Lufthansa Cargo,0,Buenos Aires...,, ,A2
20161114-0,14-NOV-2016,Bombardier Challenger 300,N303CZ,Unknown,0,Panama City ...,,,A2
20161119-0,19-NOV-2016,Boeing 737-823 (WL),N832NN,American Airlines,0,Saint Louis-...,,,A2
20161123-0,23-NOV-2016,Beech 200 Super King Air,N80RT,Flight Development,0,near Moorhead Mun...,, ,A2
20161124-0,24-NOV-2016,Dassault Falcon 7X,VQ-BSO,Shell Aircraft,0,London City ...,,,A2
20161124-1,24-NOV-2016,Dassault Falcon 7X,VQ-BSF,Shell Aircraft,0,London City ...,,,A2
20161127-0,27-NOV-2016,CASA/Nurtanio NC-212 Aviocar,U-623,Indonesian Navy,0,Pitu/Morotai...,, ,A2
20161128-0,28-NOV-2016,Avro RJ85,CP-2933,LaMia,71,near Rionegro/Med...,,,A1
20161129-0,29-NOV-2016,Boeing 737-8HO (WL),9Y-SXM,Caribbean Airlines,0,Georgetown-C...,, ,A2
20161129-1,29-NOV-2016,Boeing 767-319ER,N767WA,Fly Jamaica Airways,0,Georgetown-C...,, ,A2
20161201-0,01-DEC-2016,Basler Turbo 67 (DC-3T),C-GEAJ,"ALCI Aviation, opf North Star Air Cargo",0,Pickle Lake ...,, ,A2
20161202-0,02-DEC-2016,Beech B100 King Air,N900RD,Kidd Aviation,0,Tyler-Pounds...,, ,A1
20161203-0,03-DEC-2016,PZL-Mielec M28 Skytruck,P-4201,Indonesian Police,13,near Tanjung Pinang,, ,A1
20161204-1,04-DEC-2016,Cessna 500 Citation I,N332SE,Yatish Air,0,Gunnison-Cre...,,,A1
20161205-0,05-DEC-2016,Swearingen SA227-AC Metro III,N765FA,Key Lime Air,1,"near Camilla, GA",,,A1
20161205-1,05-DEC-2016,Cessna 550 Citation II,N75WL,DC Aviation,0,near Port Aransas...,,,A2
20161207-0,07-DEC-2016,ATR 42-500,AP-BHO,PIA,47,near Havelian,,,A1
20161207-1,07-DEC-2016,Boeing 737-8FE (WL),VH-YFT,Virgin Australia Airlines,0,Hobart Airpo...,,,A2
20161207-2,07-DEC-2016,Boeing 737-8FE (WL),VH-VUP,Virgin Australia Airlines,0,Hobart Airpo...,,,A2
20161210-0,10-DEC-2016,Boeing 737-46J,JY-JAQ,"Jordan Aviation, op.for Safi Airways",0,Kabul-Hamid ...,, ,A2
20161212-0,12-DEC-2016,Beech A100 King Air,C-FONY,Grondair Aviation,0,Saint-Frédér...,, ,A1
20161213-0,13-DEC-2016,Beech B200 Super King Air,VH-MVL,Royal Flying Doctor Service,0,Moomba Airpo...,,,A1
20161214-0,14-DEC-2016,DHC-8-402Q Dash 8,G-PRPC,Flybe,0,Manchester A...,,,A2
20161216-0,16-DEC-2016,Bombardier CRJ-900ER,OY-KFF,"SAS, opb Cimber",0,København-Ka...,,,A2
20161218-0,18-DEC-2016,Lockheed C-130H Hercules,A-1334,Indonesian AF,13,near Wamena Airpo...,,,A1
20161218-1,18-DEC-2016,Boeing P-8A Poseidon (737-8FV),168763,US Navy,0,Okinawa-Kade...,, ,A2
20161219-0,19-DEC-2016,Ilyushin Il-18V,RF-91821,Russian AF,0,near Tiksi Airpor...,, ,A1
20161220-0,20-DEC-2016,Boeing 727-2J0 (F),HK-4544,Aerosucre Colombia,5,near Puerto Carre...,,,A1
20161221-0,21-DEC-2016,Beech B200T Super King Air,M41-03,Royal Malaysian AF,1,Butterworth ...,, ,A1
20161223-0,23-DEC-2016,Airbus A320-214,5A-ONB, Afriqiyah Airways,0,Malta-Luqa A...,,,H2
20161225-0,25-DEC-2016,Tupolev Tu-154B-2,RA-85572,Russian AF,92,near Adler,,,A1
20161225-1,25-DEC-2016,ATR 72-212A (ATR 72-600),PK-WGW,Wings Air,0,Semarang-Ach...,,,A1
20161226-0,26-DEC-2016,Airbus A340-313,OY-KBC,SAS,0,København-Ka...,, ,A2
20161226-1,26-DEC-2016,Avro RJ100,SE-DST,BRA - Braathens Regional Airlines,0,København-Ka...,,,A1
20161227-0,27-DEC-2016,Boeing 737-85R (WL),VT-JBG,Jet Airways,0,Goa-Dabolim ...,,,A2
20161227-1,27-DEC-2016,Cessna 208B Grand Caravan,C-GHLI,,0,near Fort McMurra...,, ,A2
20161229-0,29-DEC-2016,Cessna 525C Citation CJ4,N614SB,Superior Beverage Group,6,near Cleveland-Bu...,,,A1
20161229-1,29-DEC-2016,Beech A100 King Air,C-FXAJ,Wabusk Air,0,Moosonee Air...,, ,A2
