identifiant,date,type,registration,operator,fat.,location, ,pic,cat

20080615-0,15-JUN-2008,Harbin Yunshuji Y-12 II,B-3841,China Flying Dragon,3,near Chifeng,, ,A1
20080615-1,15-JUN-2008,CASA C-212 Aviocar 200,5Y-TSL,Turbine Services,0,Mathiang Air...,, ,A2
20080615-2,15-JUN-2008,Antonov An-2T,F-AZHB,Aéroclub Paris-Est,0,"near Betz, Oise",, ,A1
20080618-0,18-JUN-2008,DHC-6 Twin Otter 100,N656WA,Wiggins Airways,1,Hyannis-Barn...,,,A1
20080621-0,21-JUN-2008,Antonov An-2R,HA-MBC,Air Patrol,0,Krems-Langen...,, ,A1
20080622-0,22-JUN-2008,DHC-8-402Q Dash 8,HB-JGA,SkyWork Airlines,0,Berne-Belp A...,, ,A2
20080626-0,26-JUN-2008,CASA/Nurtanio NC-212 Aviocar,A-2106,Indonesian AF,18,near Tegal Lilin,, ,A1
20080627-0,27-JUN-2008,Antonov An-2,RA-01132,Avialesookhrana,5,near Gryzlov,, ,A1
20080627-1,27-JUN-2008,Antonov An-12BK,ST-ARN,Juba Air Cargo,7,near Malakal,, ,A1
20080627-2,27-JUN-2008,Dornier 328-110,N457PS,"US Airways Express, opb PSA Airlines",0,"San Marcos,TX",, ,O1
20080627-3,27-JUN-2008,Lockheed C-130H2 Hercules,86-0412,USAF,0,near Baghdad Inte...,,,A1
20080628-0,28-JUN-2008,Boeing 767-281SF,N799AX,ABX Air,0,San Francisc...,,,O1
20080628-1,28-JUN-2008,Antonov An-2,RF-00403,Armavir,0,near Dmitrievskaya,, ,A1
20080630-0,30-JUN-2008,Ilyushin Il-76TD,ST-WTB,Ababeel Aviation,4,near Khartoum-Civ...,,,A1
20080630-1,30-JUN-2008,Tupolev Tu-154M,RA-85667,Aeroflot,0,Saint Peters...,, ,A1
20080701-0,01-JUL-2008,Cessna 208B Grand Caravan,PT-MEE,TAM,0,"near Divinópolis, PA",, ,A2
20080702-0,02-JUL-2008,DHC-6 Twin Otter 300,947,Chilean AF,3,near Cochamó,, ,A1
20080702-1,02-JUL-2008,Ilyushin Il-76TD,EK-76400,Click Airways International,0,near Zahedan,, ,A2
20080702-2,02-JUL-2008,Cessna 500 Citation I,YV1152,Servicios Aéreos Permagas,0,Charallave-Ó...,, ,A1
20080703-0,03-JUL-2008,Antonov An-2, ,Eurojet,0,Stefanesti,, ,A1
20080706-0,06-JUL-2008,DC-9-15F,N199US,USA Jet Airlines,1,near Saltillo-Pla...,,,A1
20080707-0,07-JUL-2008,Boeing 747-209BSF,N714CK,"Kalitta Air, op.for Centurion Air Cargo",0+ 2,near Bogotá-Eldor...,,,A1
20080707-1,07-JUL-2008,Bombardier CRJ-701ER,N706EV,"Delta Connection, opb ASA",0,Baton Rouge-...,, ,O1
20080707-2,07-JUL-2008,Canadair CRJ-200ER,N916EV,"Delta Connection, opb ASA",0,Baton Rouge-...,, ,O2
20080707-3,07-JUL-2008,Canadair CRJ-200ER,N975EV,"Delta Connection, opb ASA",0,Baton Rouge-...,, ,O2
20080710-0,10-JUL-2008,Beech 99A,CC-CFM,Aerocord,9,near Puerto Montt...,, ,A1
20080710-1,10-JUL-2008,Let L-410UVP-E9,5Y-VVB,SafariLink,0,Kichwa Tembo...,, ,A1
20080714-0,14-JUL-2008,DHC-6 Twin Otter 300,8Q-MAS,Maldivian Air Taxi,0,North Ari Atoll,,,A1
20080715-0,15-JUL-2008,Beech Beechjet 400A,PT-WHF,Líder Táxi Aéreo,0,São José dos...,, ,A1
20080716-0,16-JUL-2008,DHC-6 Twin Otter 300,C-GBEB,North-Wright Airways,0,"Hook Lake, NWT",,,A2
20080718-0,18-JUL-2008,Airbus A321-211,G-DHJH,Thomas Cook Airlines,0,Manchester A...,, ,A2
20080722-0,22-JUL-2008,Boeing 727-227,C-GLKF,Kelowna Flightcraft,0,Hamilton Air...,, ,A2
20080723-0,23-JUL-2008,Fokker F-27 Friendship 400M,FAB-92,TAM,0,Estancia Esp...,,,A2
20080723-1,23-JUL-2008,Boeing 737-4M0,PK-GZN,Garuda,0,Banjarmasin-...,, ,A2
20080725-0,25-JUL-2008,Boeing 747-438,VH-OJK,Qantas,0,"near Manila, Phil...",, ,A2
20080728-0,28-JUL-2008,Airbus A321-231,G-MARA,Monarch Airlines,0,Manchester A...,, ,A2
20080730-0,30-JUL-2008,Eclipse 500,N333MY,My Aviation,0,West Chester...,,,A1
20080731-0,31-JUL-2008,BAe-125-800A,N818MV,East Coast Jets,8,Owatonna Air...,,,A1
20080731-1,31-JUL-2008,MD-88,EC-FPD,Iberia,0,Wien-Schwech...,, ,A1
20080802-0,02-AUG-2008,Learjet 35A,XB-KPB,Todo Para la Aeronautica,0,Guadalajara-...,, ,A1
20080803-0,03-AUG-2008,Boeing 747-481D,JA8955,All Nippon,0,Bangkok-Don ...,,,O1
20080803-1,03-AUG-2008,Cessna 550 Citation II,N827DP,Drug Plastics & Glass Company Inc,0,Reading Muni...,, ,A1
20080805-0,05-AUG-2008,Lockheed C-130H Hercules,1212,United Arab Emirates AF,0,Bagram Air B...,,,A1
20080813-0,13-AUG-2008,Fokker F-27 Friendship 500,5Y-BVF,Fly540,3,near K-50 Airport,,,A1
20080816-0,16-AUG-2008,Dornier 228-202K,D-CAAW,"Advanced Aviation, op.for Minair",0,Bangui Airpo...,,,O1
20080816-1,16-AUG-2008,BN-2B-21 Islander,YV1987,Private,0,La Tortuga-P...,, ,A2
20080818-0,18-AUG-2008,Cessna 501 Citation I/SP,N223LC,Corus Hardware Corporation,1,near Santo Domingo,, ,A1
20080820-0,20-AUG-2008,DC-9-82 (MD-82),EC-HFP,Spanair,154,Madrid-Baraj...,,,A1
20080822-0,22-AUG-2008,Beech A100 King Air,N601PC,"Leavitt Group Wings, op.for Southwest Skin and Cancer",10,near Moab-Canyonl...,, ,A1
20080823-2,23-AUG-2008,DHC-8-301,HK-3952,AIRES Colombia,0,Barranquilla...,, ,A1
20080824-0,24-AUG-2008,Boeing 737-219,EX-009,"Itek Air, opf Iran Aseman Airlines",65,near Bishkek-Mana...,,,A1
20080824-1,24-AUG-2008,Cessna 208 Caravan I,TG-JCS,Aéreo Ruta Maya,11,"near La Puente, C...",, ,A1
20080824-2,24-AUG-2008,ATR 72-212A (ATR 72-500),I-ADLM,Air Dolomiti,0,München-Fran...,, ,A2
20080825-0,25-AUG-2008,Lockheed L-100-20 Hercules,4593,Philippine AF,11,near Barangay Buk...,, ,A1
20080826-0,26-AUG-2008,Boeing 737-200,ST-..., Sun Air Company,0,Kufrah Airpo...,, ,H2
20080827-0,27-AUG-2008,Boeing 737-2H6,PK-CJG,Sriwijaya Air,0+ 1,Jambi-Sultan...,,,A1
20080829-0,29-AUG-2008,Antonov An-2R,RA-68126,Aero-Transit,0,"near Boguchany, K...",, ,A1
20080830-0,30-AUG-2008,Boeing 737-291,YV102T,Conviasa,3,near Toacaso,,,A1
20080831-0,31-AUG-2008,Swearingen SA227-AC Metro III,N2699Y,McNeely Charter Service,0,"near Carlsbad, NM",, ,A2
20080901-0,01-SEP-2008,Convair CV-580,N587X,Air Tahoma,3,near Columbus-Ric...,,,A1
20080901-1,01-SEP-2008,Beech 1900C-1,ZS-OLD,"CemAir, op.for Air Serv International",17,near Bukavu-Kavum...,,,A1
20080901-2,01-SEP-2008,Cessna 560 Citation Encore,N839QS,NetJets,0,Telluride Ai...,, ,A2
20080901-3,01-SEP-2008,Lockheed SP-2H Neptune,N4235T,Neptune Aviation Services,3,near Reno-Stead A...,,,A1
20080905-0,05-SEP-2008,DHC-4A Caribou,A4-285,RAAF,0,Efogi Airpor...,, ,A1
20080907-0,07-SEP-2008,Cessna 208B Grand Caravan,V3-HFQ,Tropic Air,0,near Belize City,, ,A1
20080910-0,10-SEP-2008,Antonov An-12B,RA-11652,Russian AF,0,Buturlinovka...,, ,A2
20080913-0,13-SEP-2008,DHC-6 Twin Otter 310,9M-MDN,MASwings,0,Ba'kelalan A...,, ,A2
20080914-0,14-SEP-2008,Boeing 737-505,VP-BKO,Aeroflot-Nord,88,near Perm Airport...,,,A1
20080918-0,18-SEP-2008,Antonov An-24RV,4L-MJX,EuroLine,0,Tbilisi Airp...,, ,A1
20080919-0,19-SEP-2008,Learjet 60,N999LJ,Global Exec Aviation,4,Columbia Met...,,,A1
20080921-0,21-SEP-2008,Cessna 208 Caravan, ,Unknown,4,near Pedernales,, ,A1
20080922-0,22-SEP-2008,Fokker F-28 Fellowship 4000,HC-CDT,ICARO,0,Quito-Marisc...,,,A1
20080925-0,25-SEP-2008,Beech A200 Super King Air,N30W,Dynamic Aviation Group Inc,0,Bridgewater ...,,,A2
20080929-0,29-SEP-2008,Antonov An-12BK,T-311,Angolan AF,0,Luanda Airpo...,, ,A1
20080929-1,29-SEP-2008,DHC-5D Buffalo,5Y-OPL,Trident Aviation,0,Lokichoggio ...,, ,A2
20081001-0,01-OCT-2008,Boeing 737-3Y0,EI-DON,KD Avia,0,Kaliningrad-...,,,A1
20081005-0,05-OCT-2008,BN-2A-26 Islander,ZS-OSD,private,9,near Barberton,, ,A1
20081007-0,07-OCT-2008,Airbus A330-303,VH-QPA,Qantas,0,"near Learmonth, W...",, ,A2
20081008-0,08-OCT-2008,DHC-6 Twin Otter 300,9N-AFE, Yeti Airlines,18,Lukla-Tenzin...,,,A1
20081012-0,12-OCT-2008,Beech 100 King Air,N525ZS,Woolie Enterprises,1,near Bauru Airpor...,, ,A1
20081016-0,16-OCT-2008,Boeing 737-2H4,YV162T,Rutaca,0,Caracas-Simó...,,,A1
20081016-1,16-OCT-2008,CASA C-212 Aviocar 300,8021,South African AF,0,Bloemspruit ...,, ,A2
20081019-0,19-OCT-2008,Dassault Falcon 20F,YK-ASA,Syrian Arab Airlines,0,Damascus Int...,, ,A2
20081020-0,20-OCT-2008,Airbus A320-232,N448UA,United Airlines,0,Phoenix-Sky ...,,,A2
20081021-0,21-OCT-2008,Lockheed P-3C Orion,158573,US Navy,0,Bagram Air B...,, ,A1
20081027-0,27-OCT-2008,Boeing 747-228F (SCD),OO-CBA,Cargo B Airlines,0,Brussel-Zave...,,,A1
20081101-0,01-NOV-2008,Cessna 208B Grand Caravan,ZS-PCM,AAA Investments,0,near Nyala Lodge ...,, ,A2
20081101-1,01-NOV-2008,CASA C-212 Aviocar 200,N437RA,Arctic Transportation Services,0,"near Toksook Bay,...",, ,A2
20081103-0,03-NOV-2008,Beech 200 Super King Air,N200JL,Private,1,near Punta Chivat...,, ,A1
20081104-0,04-NOV-2008,Learjet 45,XC-VMC,Mexican Government,9+ 7,near Mexico City-...,,,A1
20081106-0,06-NOV-2008,Dornier 328-110,PK-TXL,Express Air,0,Fak Fak Airp...,,,A1
20081106-1,06-NOV-2008,Antonov An-2P,RA-40280,Naryan-Mar Air Enterprise,0,near Verkhnyaya P...,, ,A1
20081110-0,10-NOV-2008,Boeing 737-8AS (WL),EI-DYG,Ryanair,0,Roma-Ciampin...,,,A1
20081110-1,10-NOV-2008,Antonov An-12B,UR-PLV,Veteran Airline,0,Pointe Noire...,, ,A1
20081111-0,11-NOV-2008,Beech 100 King Air,C-GWWQ,National Aviation,0,Stony Rapids...,, ,A1
20081113-0,13-NOV-2008,Antonov An-12B,S9-SAO,British Gulf International Airlines,7,near Al-Taqaddum ...,, ,A1
20081122-0,22-NOV-2008,Beech A100 King Air,C-FSNA,SkyNorth Air,0,near Gods Lake Na...,, ,A1
20081123-0,23-NOV-2008,Beech B200 Super King Air,PT-OSR,JC Showsa (Banda Calypso),2,near Recife-Guara...,, ,A1
20081127-0,27-NOV-2008,Airbus A320-232,D-AXLA,"Air New Zealand, op.for XL Airways Germany",7,near Canet-Plage,,,A1
20081127-1,27-NOV-2008,BAe 3112 Jetstream 31,C-FNAY,Northwestern Air,0,Fort Smith A...,, ,A1

20080102-0,02-JAN-2008,NAMC YS-11A-500,RP-C3592,Asian Spirit,0,Masbate Airp...,,,A1
20080102-1,02-JAN-2008,Fokker 100,EP-IDB, Iran Air,0,Tehran-Mehra...,,,A1
20080103-0,03-JAN-2008,BN-2A-6R Islander,SAN-208,Servicio Aéreo Nacional - SAN,0,near Bahia Piña,, ,A1
20080104-0,04-JAN-2008,Let L-410UVP-E3,YV2081,Transaven,14,near Los Roques A...,,,A1
20080109-0,09-JAN-2008,Airbus A319-114,N349NB,Northwest Airlines,0,Detroit-Metr...,, ,A2
20080111-0,11-JAN-2008,Antonov An-2R,HA-MKK,Letalska sola Solt,1,near Trbovlje,, ,A1
20080114-0,14-JAN-2008,Beech 1900C-1,N410UB,Alpine Aviation,1,"near Lihue, HI",,,A1
20080117-0,17-JAN-2008,Boeing 777-236ER,G-YMMM,British Airways,0,London-Heath...,,,A1
20080119-0,19-JAN-2008,Beech B200 Super King Air,D2-FFK,Gira Globo,13,near Bailundo,, ,A1
20080123-0,23-JAN-2008,CASA C-295M,019,Polish AF,20,near Miroslawiec ...,, ,A1
20080124-0,24-JAN-2008,Douglas DC-3C,HK-2006,VIARCO,0,Teresita Air...,, ,A2
20080125-0,25-JAN-2008,Antonov An-12BP,EK11660, Aéro-Service,0,Pointe Noire...,, ,A1
20080125-1,25-JAN-2008,Boeing 727-247,9L-LEF," Teebah Airlines, op.for Canadian Airways Congo",0,Pointe Noire...,,,O1
20080126-0,26-JAN-2008,CASA/IPTN NC-212 Aviocar 200,PK-VSE,Dirgantara Air Services,3,near Long Apung A...,, ,A1
20080126-1,26-JAN-2008,Xian MA60, , Air Zimbabwe,0,Bulawayo-Jos...,, ,A2
20080128-0,28-JAN-2008,DC-9-32,N605NW,Northwest Airlines,0,Chicago-Midw...,,,O1
20080128-1,28-JAN-2008,DHC-8-202,HK-3997,AIRES Colombia,0,Bogotá-Eldor...,, ,A1
20080128-2,28-JAN-2008,Boeing 737-33A,PK-MBP,Merpati Nusantara,0,Merauke-Mopa...,,,A2
20080130-0,30-JAN-2008,DHC-6 Twin Otter, ,Aviastar Mandiri,0+ 1,Sugapa Airpo...,, ,A2
20080201-0,01-FEB-2008,Boeing 727-259,CP-2429,LAB,0,near Trinidad Air...,,,A1
20080201-1,01-FEB-2008,Cessna 525 CitationJet CJ1,N102PT,private,2,near Augusta Stat...,,,A1
20080201-2,01-FEB-2008,Rockwell Sabreliner 80,N3RP,Qualint,0,Fort Lauderd...,, ,A1
20080201-3,01-FEB-2008,Hawker Siddeley HS-125-F400A,N400FR,Romair,0,Fort Lauderd...,, ,A1
20080201-4,01-FEB-2008,Rockwell Sabreliner 40A,N430MP,ABA Aviation Resources,0,Fort Lauderd...,, ,O1
20080202-0,02-FEB-2008,Boeing 747-2D7B,N527MC,Atlas Air,0,Lome Airport...,,,A1
20080202-2,02-FEB-2008,Fokker F-27 Friendship 500,TC-MBG,MNG Airlines,0,Edinburgh-Tu...,,,O1
20080202-3,02-FEB-2008,BN-2A-26 Islander,VP-AAG,"Trans Anguilla Airways, op.for Air Montserrat",0,Anguilla-Wal...,,,A1
20080205-0,05-FEB-2008,Swearingen SA226-AT Merlin IV,N120SC,McNeely Charter Service,0,Ankeny Regio...,, ,A2
20080207-0,07-FEB-2008,BN-2A-26 Islander,HI-653CA,Caribair,0,"El Prado, El...",,,A2
20080207-1,07-FEB-2008,CASA C-212-M Aviocar 300,FAC-1258,Colombian AF,0,Nuquí-Reyes ...,, ,A2
20080207-2,07-FEB-2008,Boeing 717-23S,VH-NXE,"Qantas, opb National Jet Systems",0,Darwin Airpo...,,,A2
20080208-0,08-FEB-2008,BAe 3201 Jetstream 32EP,ZK-ECN,"Air National, op.for Air New Zealand",0,Christchurch...,, ,H2
20080212-0,12-FEB-2008,DC-9-31,YV298T,Aserca Airlines,0,Caracas-Simo...,,,O1
20080212-1,12-FEB-2008,Raytheon 390 Premier I,N16DK,DEKA Research & Development,0,Leesburg Exe...,, ,A2
20080213-0,13-FEB-2008,BAe 3103 Jetstream 31,YV186T,SASCA Airlines,0,Los Roques A...,,,A1
20080214-0,14-FEB-2008,Canadair CRJ-100ER,EW-101PJ,Belavia,0,Yerevan-Zvar...,,,A1
20080214-1,14-FEB-2008,Ilyushin Il-76TD,UN-76020,Asia Continental Airlines,0,Kandahar Air...,,,A1
20080217-0,17-FEB-2008,Embraer ERJ-170,N828MD,"US Airways Express, opb Republic Airlines",0,Washington-R...,,,A2
20080217-1,17-FEB-2008,Airbus A319-111,N752US,US Airways,0,Washington-R...,,,A2
20080218-0,18-FEB-2008,Cessna 650 Citation III,N385EM,private,3,Caico Seco,, ,A1
20080218-1,18-FEB-2008,Ilyushin Il-76TD,RA-76366,Volga-Dnepr,0,Ras Al Khaim...,,,A1
20080219-0,19-FEB-2008,ATR 72-212,XY-AIE,Air Bagan,0,Putao Airpor...,,,A1
20080221-0,21-FEB-2008,ATR 42-300,YV1449,Santa Bárbara Airlines,46,near Mérida-A Car...,,,A1
20080222-0,22-FEB-2008,Beech 1900D,N305PC,Peabody Coal Company,0,Kayenta-Peab...,,,A1
20080224-0,24-FEB-2008,Dornier 328-100,RP-C5328,South East Asian Airlines,0,Manila-Ninoy...,, ,A2
20080301-0,01-MAR-2008,BN-2B-21 Islander,G-PASV,Unknown,,near Consuega,, ,A1
20080304-0,04-MAR-2008,Cessna 500 Citation I,N113SH,Interstate Helicopters,5,near Oklahoma Cit...,,,A1
20080306-0,06-MAR-2008,Transall C-160NG,PK-VTQ,Manunggal Air,0,Wamena Airpo...,,,A1
20080307-0,07-MAR-2008,Boeing 757-200, ,China Southern,0,Lanzhou Airp...,, ,H2
20080307-1,07-MAR-2008,Beech B200 Super King Air,ZS-LFU,Invicta Bearings,0,Cape Town In...,, ,A2
20080310-0,10-MAR-2008,Boeing 737-408,PK-KKT,AdamAir,0,Batam-Hang N...,,,A1
20080314-0,14-MAR-2008,Boeing 737-8D6,7T-VKA,Air Algérie,0,Sétif-Ain Ar...,,,A2
20080315-0,15-MAR-2008,Beech 1900D,5N-JAH,Wings Aviation,3,near Bushi Villag...,,,A1
20080319-0,19-MAR-2008,Dornier 328-110,D-CTOB,Cirrus Airlines,0,Mannheim Air...,,,A1
20080319-1,19-MAR-2008,Raytheon 390 Premier I,VT-RAL,Ran Air,0,Udaipur-Dabo...,, ,A1
20080320-0,20-MAR-2008,Canadair Challenger 601,C-FURG,Gouvernement du Québec,0,Québec City ...,, ,A2
20080321-0,21-MAR-2008,Boeing 737-8AS (WL),EI-DAF,Ryanair,0,Limoges-Bell...,,,A2
20080325-0,25-MAR-2008,Boeing 747-357,TF-ARS,"Air Atlanta Icelandic, op.for Saudi Arabian",0,Dhaka-Zia In...,,,A1
20080330-0,30-MAR-2008,Cessna 500 Citation I,VP-BGE,private,5,near London-Biggi...,, ,A1
20080402-0,02-APR-2008,Cessna 550 Citation II,OY-BZT,BenAir,0,Odense-Beldr...,,,A2
20080403-0,03-APR-2008,Antonov An-28,PZ-TSO, Blue Wing Airlines,19,Lawa-Antino ...,,,A1
20080403-1,03-APR-2008,Cessna F406 Caravan II,5H-AWK,Auric Air,2,near Mwanza (HTMW),, ,A1
20080404-0,04-APR-2008,DHC-6 Twin Otter 200,T-84,Argentine AF,0,near Comodoro Riv...,, ,A1
20080405-0,05-APR-2008,DHC-6 Twin Otter 300,C-FIZD,Provincial Airlines,0,"near Nain, NL",, ,A1
20080408-0,08-APR-2008,Antonov An-26,265,Vietnam People's Air Force,5,Hanoi,, ,A1
20080409-0,09-APR-2008,Swearingen SA227-AC Metro III,VH-OZA,Airtex Aviation,1,near Sydney-Kings...,,,A1
20080411-0,11-APR-2008,Antonov An-32B,ST-AZL, Kata Air Transport,8,Chisinau Air...,,,A1
20080411-1,11-APR-2008,Dornier Do 28D-2 Skyservant,YV259T,private,0,near Tumeremo,, ,A1
20080415-0,15-APR-2008,DC-9-51,9Q-CHN,Hewa Bora Airways,3+ 37,Goma Airport...,,,A1
20080416-0,16-APR-2008,Antonov An-32,3C-5GE,Equatorial Guinea National Guard,13,near Annobón Island,,,A1
20080419-0,19-APR-2008,Cessna 510 Citation Mustang,N54PV,California Natural Products,0,Carlsbad-McC...,, ,A2
20080420-0,20-APR-2008,Ilyushin Il-62M,CU-T1283,Cubana,0,Santo Doming...,,,A1
20080421-0,21-APR-2008,Embraer EMB-110P1 Bandeirante,PT-OCV,Rico Linhas Aéreas,0,Coari Airpor...,, ,A1
20080421-1,21-APR-2008,Ilyushin Il-76M,RA-86833,Russian AF,0,Rogachevo Ai...,, ,A1
20080422-0,22-APR-2008,BAe-146-200,YR-BEB,"Romavia, op.for Carpatair",0,Bucharest-Ot...,, ,A1
20080428-0,28-APR-2008,Cessna 208B Grand Caravan,5Y-SPK,AIM Air,0,Doro Airstrip,, ,A1
20080428-1,28-APR-2008,DHC-3T Texas Turbine Otter,N565TA,Talkeetna Air Taxi,0,"near Talkeetna, AK",, ,A2
20080429-0,29-APR-2008,Fokker 50,5Y-VVF,Blue Bird Aviation,0,Wajir Airpor...,, ,A2
20080429-1,29-APR-2008,Beech B200 Super King Air,ZS-LYA,Private,0,Harare Airpo...,, ,A2
20080501-0,01-MAY-2008,Saab 340A,C-GYQM,Prince Edward Air,0,St. John's A...,, ,A2
20080502-0,02-MAY-2008,Beech 1900C,5Y-FLX,"Flex Air, op.for Southern Sudan Air Connection",21,near Rumbek,,,A1
20080504-0,04-MAY-2008,Airbus A321-231,AP-BJA ?,Airblue,0,Quetta Airpo...,, ,A2
20080508-0,08-MAY-2008,ATR 42-320,N904FX,FedEx,0,Greensboro/H...,,,O1
20080508-1,08-MAY-2008,ATR 42-320,N905FX,FedEx,0,Greensboro/H...,,,O1
20080509-0,09-MAY-2008,Cessna 208B Super Cargomaster,N893FE,"FedEx, opb CSA Air",0,"Ada, MI",, ,A1
20080510-0,10-MAY-2008,Antonov An-2R,YR-PBL,Victor Avia,1,near Ulmeni,, ,A1
20080516-0,16-MAY-2008,DHC-3T/M601 Turbine Otter,C-GSUV,Adventure Air,0,Lac du Bonne...,, ,A2
20080520-0,20-MAY-2008,Antonov An-2R,RA-84642,"Avialesookhrana, op.for Krasnoyarskaya Baza Lesoohrani",0,near Boguchany,, ,A2
20080521-0,21-MAY-2008,Beech T-1A Jayhawk,93-0633,USAF,0,near Lubbock Pres...,,,A1
20080523-0,23-MAY-2008,Beech 1900C,N195GA,Alpine Aviation,1,near Billings-Log...,, ,A1
20080525-0,25-MAY-2008,Boeing 747-209F,N704CK,Kalitta Air,0,Brussel-Zave...,,,A1
20080526-0,26-MAY-2008,Antonov An-12BP,RA-12957,Moskovia Airlines,9,near Chelyabinsk ...,,,A1
20080526-1,26-MAY-2008,Antonov An-32B,9Q-CMG,GLBC,0,Goma Airport...,, ,A1
20080529-0,29-MAY-2008,Cessna 750 Citation X,N369B,Buckle,0,Kearney Regi...,,,O1
20080530-0,30-MAY-2008,Airbus A320-233,EI-TAF,TACA,3+ 2,Tegucigalpa-...,,,A1
20080601-0,01-JUN-2008,Cessna 208B Grand Caravan,N102VE,SkyDive Greensburg,0,Greensburg-D...,, ,A2
20080607-0,07-JUN-2008,Antonov An-2R,RA-68068,private,2,Novoternovskiy,, ,A1
20080607-1,07-JUN-2008,Cessna 208B Grand Caravan,CC-CTR,Patagonia Airlines,1,near La Junta,, ,A2
20080610-0,10-JUN-2008,Airbus A310-324,ST-ATN, Sudan Airways,30,Khartoum-Civ...,,,A1
20080612-0,12-JUN-2008,Learjet 35A,D-CFAI,"FAI Air Service, op.for UN",0,Kisangani-Ba...,,,A1

20081128-0,28-NOV-2008,Dassault Falcon 900EX,I-FLYI,Eurofly Service,0,Brindisi-Pap...,, ,A1
20081207-0,07-DEC-2008,Learjet 23,XC-LGD,", op.for Tlaxcala State Government",2,Lake Atlanga...,, ,A1
20081212-0,12-DEC-2008,Let L-410UVP-E,HK-4235,SEARCA,0,Capurganá Ai...,,,A1
20081212-1,12-DEC-2008,DHC-6 Twin Otter 300,PK-BRS,Aviastar Mandiri,0,Ewer Airport...,,,A2
20081213-0,13-DEC-2008,Dornier 228-202,C-FYEV,Summit Air Charters,0,near Cambridge Ba...,,,A1
20081215-0,15-DEC-2008,BN-2A Trislander Mk.III-2,N650LP,Línea Aérea Puertorriqueña,12,Caribbean Se...,,,A1
20081218-0,18-DEC-2008,Rockwell Sabreliner 60,XA-UFQ,CESA Cargo,0,Celaya-Capit...,, ,O1
20081218-1,18-DEC-2008,Beech 200 Super King Air,ZS-NXH,Ferox Investment,0,Lanseria Air...,, ,A2
20081219-0,19-DEC-2008,BN-2A-20 Islander,YJ-RV2,Air Vanuatu,2,near Olpoi-Lajmol...,, ,A1
20081220-0,20-DEC-2008,Boeing 737-524,N18611,Continental Air Lines,0,Denver Inter...,,,A1
20081221-0,21-DEC-2008,Dassault Falcon 20C,N165TW,Ameristar Jet Charter,0,Chautauqua C...,, ,A1
20081223-0,23-DEC-2008,Raytheon 390 Premier I,N20NL,CNS Corporation,0,Lewistown-Sh...,,,A1
20089999-0,??-???-2008,Antonov An-12B,UP-AN208,East Wing,0,N'Djamena Ai...,, ,A1
