identifiant,date,type,registration,operator,fat.,location, ,pic,cat

19750920-0,20-SEP-1975,DC-8-63CF,N6161A,Airlift Int.,0,New York-Joh...,, ,A2
19750922-0,22-SEP-1975,Antonov An-2R,SP-WNZ,ZUA,,Skopje Airpo...,, ,A1
19750924-2,24-SEP-1975,Fokker F-28 Fellowship 1000,PK-GVC,Garuda,25+ 1,near Palembang Ai...,, ,A1
19750925-0,25-SEP-1975,Douglas C-47A (DC-3),CF-ECY,Laurentian Air Services,0,La Grande-LG...,, ,A1
19750925-1,25-SEP-1975,Douglas C-47A (DC-3),CF-AII,Ilford Riverton,3,Fort Severn ...,, ,A1
19750926-0,26-SEP-1975,Convair C-131F (CV-340),141012,US Navy,4,near Santa Ana-El...,, ,A1
19750926-1,26-SEP-1975,Nord 2501D Noratlas,6422,Portuguese AF,11,near Tancos Air Base,, ,A1
19750927-0,27-SEP-1975,Canadair CC-106 Yukon (CL-44),LV-JSY,AER,6,Miami Intern...,,,A1
19750927-1,27-SEP-1975,Shorts SC.7 Skyvan, ,Olympic Airways,0,Mikonos,, ,H2
19750930-0,30-SEP-1975,DHC-6 Twin Otter 200,CF-MHU,Northern Thunderbird Air,7,Klua Tan Tan...,, ,A1
19750930-1,30-SEP-1975,Tupolev Tu-154A,HA-LCI,Malev,60,near Beirut Inter...,,,A1
19750930-2,30-SEP-1975,Boeing 727-24C,HK-1272,Avianca,4,Barranquilla...,,,A1
19751005-0,05-OCT-1975,Boeing 737-287C,LV-JNE,Aerolineas Argentinas,0,Rafaela Aero...,, ,H2
19751006-0,06-OCT-1975,Yakovlev Yak-40,CCCP-87328,Aeroflot / Uralsk,,near Kirov Airpor...,, ,A1
19751007-0,07-OCT-1975,BAC One-Eleven, ,Philippine Air Lines,0,Manila,, ,H2
19751007-1,07-OCT-1975,BN-2A-3 Islander,PK-OAV,Dirgantara Air Services,,Sawu Island,, ,A1
19751010-0,10-OCT-1975,Antonov An-8,CCCP-69316,MAP Zhukovski,,Sverdlovsk-K...,, ,A1
19751015-0,15-OCT-1975,Grumman TC-4C (G-159 Gulfstream I),155723,USMC,9,Cherry Point...,, ,A1
19751017-0,17-OCT-1975,BN-2A-26 Islander,EI-BBA,Aer Arann,0,Inishmore Ai...,, ,A1
19751019-0,19-OCT-1975,Curtiss C-46A,CP-992,Aerovias Las Minas,3,Trinidad,,,A1
19751022-1,22-OCT-1975,Yakovlev Yak-40,CCCP-87458,Aeroflot / Latvia,6+ 5,near Novgorod Air...,, ,A1
19751023-0,23-OCT-1975,DH-114 Riley Heron 2E/A1,VH-CLS,Connair,11,near Cairns Airpo...,,,A1
19751026-0,26-OCT-1975,GAF Nomad N.22,VH-AUI,GAF,,Mazatlan Air...,, ,O1
19751027-0,27-OCT-1975,Convair CV-440-12,TAM-44,TAM,67,Cerro Colorado,,,A1
19751030-0,30-OCT-1975,DC-9-32,YU-AJO,Inex-Adria Aviopromet,75,near Praha-Ruzyne...,,,A1
19751103-0,03-NOV-1975,Douglas C-47A (DC-3),C-FOOY,Kenting Atlas Aviation,0,near Frobisher Ba...,,,A1
19751105-0,05-NOV-1975,Douglas C-47B (DC-3),T.3-30,Spanish AF,,,, ,U1
19751105-1,05-NOV-1975,Douglas C-47A (DC-3),T.3-31,Spanish AF,,,, ,U1
19751105-2,05-NOV-1975,Douglas C-47B (DC-3),T.3-35,Spanish AF,,,, ,U1
19751112-0,12-NOV-1975,Boeing 727-225,N8838E,Eastern Air Lines,0,Raleigh/Durh...,, ,A2
19751112-1,12-NOV-1975,DC-10-30CF,N1032F,ONA,0,New York-Joh...,,,A1
19751115-0,15-NOV-1975,Fokker F-28 Fellowship 1000,LV-LOB,Aerolineas Argentinas,0,near Concordia Ai...,,,A1
19751115-1,15-NOV-1975,Douglas C-47 (DC-3),C-FCSC,"Nordair, lsf Air Brazeau",,La Grande Ai...,, ,O1
19751117-0,17-NOV-1975,Antonov An-24RV,CCCP-46467,Aeroflot / North Kavkaz,38,near Gali,, ,A1
19751118-0,18-NOV-1975,Douglas C-47 (DC-3),TG-AGA,Aviateca,15,near El Caoba,, ,A1
19751120-0,20-NOV-1975,Antonov An-24B,CCCP-46349,Aeroflot / Belarus,19,near Kharkov Airp...,, ,A1
19751120-1,20-NOV-1975,Hawker Siddeley HS-125-600B,G-BCUX,Hawker Siddeley,0+ 6,Dunsfold Air...,, ,A1
19751122-0,22-NOV-1975,Antonov An-24V,LZ-ANA,Balkan Bulgarian,3,Sofia-Vrazhd...,, ,A1
19751125-0,25-NOV-1975,Lockheed C-130H Hercules,4X-FBC/203,Israeli AF,20,near El Arish,, ,A1
19751129-0,29-NOV-1975,Douglas C-47A (DC-3),CF-OOX,Kenting Atlas Aviation,0,Igloolik Air...,, ,U1
19751203-0,03-DEC-1975,Boeing 747-123F (SCD),OD-AGC,TMA,0,Athens-Ellin...,,,A2
19751203-1,03-DEC-1975,BN-2A-8 Islander,VH-ISG,Pacific Resorts,,Du Motu,, ,A1
19751207-0,07-DEC-1975,Boeing KC-135A,60-0354,USAF,4,near Fairbanks-Ei...,, ,A1
19751210-0,10-DEC-1975,Antonov An-2R,CCCP-23691,Aeroflot / North Kavkaz,0,near Serafimovich,, ,A1
19751213-0,13-DEC-1975,Antonov An-2R,CCCP-49280,Aeroflot / East Siberia,0,near Nizhneangarsk,, ,A1
19751215-0,15-DEC-1975,Antonov An-12B,CCCP-11005,Aeroflot / Yakutsk,0,Fergana Airp...,, ,A1
19751216-0,16-DEC-1975,Boeing 747-246B,JA8122,JAL,0,Anchorage In...,,,A2
19751220-0,20-DEC-1975,Douglas C-117D (DC-3),39096,US Navy,,Reykjavík-Na...,, ,A1
19751221-0,21-DEC-1975,CT-39E Sabreliner,157352,US Navy,2,"near Ukiah, CA",,,A1
19751221-1,21-DEC-1975,BN-2A-21 Islander,RP-C2136,Philippine Aerotransport,9,Tacloban (TAC),, ,A1
19751222-0,22-DEC-1975,Boeing 707-331B,N18701,TWA,0,Milano-Malpe...,, ,A1
19751228-1,28-DEC-1975,Hawker Siddeley HS-121 Trident 1C,G-ARPC,British Airways,0,London-Heath...,,,O1
19751229-0,29-DEC-1975,Beech 99,C-GWYD,Bayview Air Services,2,near Slave Lake A...,,,A1
19751299-0,??-DEC-1975,Antonov An-12B,LZ-BAA,Balkan Bulgarian,0,Kufrah Airpo...,,,A1
19759999-0,??-???-1975,BN-2A-6 Islander,XU-BAE,Khmer Airlines,,Phnom Penh-P...,,,C1
19759999-1,??-???-1975,Let L-410A,OK-DKD,Let,,,, ,O1
19759999-3,??-???-1975,DHC-4A Caribou,66-250,US Army,,Meck Island,, ,A1
19759999-4,??-???-1975,Antonov An-2R,CCCP-09233,Aeroflot / Uralsk,,,, ,A1
19759999-5,??-???-1975,Antonov An-2R,SP-ANW,WSK Mielec,,,, ,O1
19759999-6,??-???-1975,Antonov An-2R,-,PZL-Mielec,0,Mielec,, ,O1
19759999-7,??-???-1975,Dornier Do 28D-1 Skyservant,HC-AVT,Unknown,,Quito,, ,U1
19759999-8,??-???-1975,Lockheed P-2H Neptune,N14448,Black Hills Aviation,,"Wenatchee, WA",, ,A1
19759999-9,??-???-1975,Nord 2501D Noratlas,6418,Portuguese AF,0,unknown,, ,U1

19750430-1,30-APR-1975,Antonov An-2SX,CCCP-06444,Aeroflot / Central Region,0,near Tambov,, ,A1
19750499-1,??-APR-1975,Lockheed C-130A Hercules,55-0045,USAF,,,, ,U1
19750499-2,??-APR-1975,Lockheed C-130A Hercules,56-0542,Vietnam Air Force - VNAF,,,, ,U1
19750499-3,??-APR-1975,Lockheed C-130A Hercules,57-0465,Vietnam Air Force - VNAF,,,, ,U1
19750499-4,??-APR-1975,Douglas DC-3C,N88750,Cambodian Air Service,,Phnom Penh-P...,, ,U1
19750499-5,??-APR-1975,Lockheed C-130A Hercules,55-0006,Vietnam Air Force - VNAF,,,, ,U1
19750499-6,??-APR-1975,Lockheed C-130A Hercules,56-0489,Vietnam Air Force - VNAF,,,, ,U1
19750499-7,??-APR-1975,Lockheed C-130A Hercules,56-0505,Vietnam Air Force - VNAF,,,, ,U1
19750503-0,03-MAY-1975,Douglas C-47 (DC-3),FAC-663,SATENA,4,near Sardinata,, ,A1
19750510-1,10-MAY-1975,Bristol 170 Freighter 21E,VH-SJQ,Air Express,2,near Cape Paterso...,,,A1
19750510-2,10-MAY-1975,Hawker Siddeley HS-748,RP-C1029,Philippine Air Lines,0,Manila Inter...,, ,A1
19750511-1,11-MAY-1975,Lockheed L-1049H-01-06-162 Super Co,N45516,Aircraft Specialties,6,"near Mesa, AZ",,,A1
19750511-2,11-MAY-1975,Vickers 769D Viscount,CX-AQO,PLUNA,0,Buenos Aires...,, ,A1
19750514-0,14-MAY-1975,T-39A-1-NA Sabreliner,61-0646,USAF,3,King and Que...,, ,A1
19750515-0,15-MAY-1975,Boeing 737-200, ,United Airlines,0,San Francisc...,, ,H2
19750516-0,16-MAY-1975,Boeing 747-136,G-AWNB,British Airways,0,near Glasgow-Pres...,,,A2
19750517-1,17-MAY-1975,Douglas C-47B (DC-3),PP-CDD,Motortec,0,Rio de Janei...,, ,O1
19750518-0,18-MAY-1975,Antonov An-2R,CCCP-70426,Aeroflot / Far East,0,near Birobidzhan,, ,A1
19750519-0,19-MAY-1975,Douglas C-47 (DC-3),BJ975,Indian AF,,,, ,U1
19750519-1,19-MAY-1975,Antonov An-2T,CCCP-07960,Aeroflot / Georgia,0,Mestia,, ,A1
19750520-0,20-MAY-1975,Antonov An-2,CCCP-43908,Aeroflot / Yakutsk,,,, ,A1
19750521-0,21-MAY-1975,DHC-3 Otter,N90574,Woods Air Service,1,Anchorage-La...,, ,A2
19750528-0,28-MAY-1975,NAMC YS-11-125,JA8680,TOA Domestic,0,Osaka-Itami ...,, ,A1
19750529-0,29-MAY-1975,Lockheed 18 Learstar I,N75G,Colonial Bank,2,"near Rockwood, TN",, ,A1
19750603-0,03-JUN-1975,BAC One-Eleven 524FF,RP-C1184,Philippine Air Lines,1,near Manila,, ,C2
19750603-1,03-JUN-1975,Lockheed L-1049H Super Constellatio,N6931C,Sky Truck Int.,0,Guadeloupe,,,A1
19750606-0,06-JUN-1975,Curtiss C-46F,CP-941,TAI,0,San Borja Ai...,, ,A1
19750609-0,09-JUN-1975,Curtiss C-46A,CP-855,Frigorifico Santa Rita,,Riberalta,,,A1
19750612-0,12-JUN-1975,Boeing 747-128,N28888,Air France,0,Bombay-Santa...,,,A1
19750614-0,14-JUN-1975,Rockwell Sabreliner 75A,N67KM,Kerr-McGee Corp,0,near Watertown Ai...,, ,A1
19750617-0,17-JUN-1975,Hawker Siddeley HS-748,PP-VDN,Varig,1+ 3,Pedro Afonso...,, ,A1
19750617-1,17-JUN-1975,SE-210 Caravelle VI-N,VT-DVJ,Indian Airlines,0,Bombay-Santa...,, ,A1
19750619-0,19-JUN-1975,Antonov An-2T,CCCP-41932,Aeroflot / Magadan,0,near Markovo,, ,A1
19750620-0,20-JUN-1975,Lockheed P2V-7 Neptune,4664,Japanese Navy,,unknown,, ,U1
19750622-0,22-JUN-1975,Handley Page HPR-7 Herald 101,HK-715,La Urraca,0,La Libertad,, ,A1
19750624-1,24-JUN-1975,Boeing 727-225,N8845E,Eastern Air Lines,113,New York-Joh...,,,A1
19750626-1,26-JUN-1975,Douglas C-47D,14+07,German AF,3,Kaufering,, ,A1
19750627-0,27-JUN-1975,BN-2 Islander,D-IJAN,Kurfiss Aviation,,Emden Airpor...,, ,A1
19750628-0,28-JUN-1975,Antonov An-24, ,Balkan Bulgarian,0,Thessaloniki...,, ,H2
19750628-1,28-JUN-1975,Antonov An-2T,CCCP-02132,Aeroflot / Kyrgyzstan,0,near Karaganda,, ,A1
19750630-0,30-JUN-1975,Douglas DC-4,HK-1309,El Venado,3,near Saravena,,,A1
19750699-0,??-JUN-1975,BN-2A Islander,CF-RDI,Wilderness Airline,,Williams Lak...,, ,U1
19750699-1,??-JUN-1975,Grumman G-73 Mallard,TR-LSW,Gabon Government,0,Atlantic Oce...,, ,O1
19750702-0,02-JUL-1975,Beech 99,F-BTQE,TAT,8,Nantes Châte...,,,A1
19750703-1,03-JUL-1975,Learjet 25,N428JX,Unknown,0,Richmond Mun...,, ,A1
19750705-1,05-JUL-1975,Boeing 707-373C,AP-AWV,PIA,0,Islamabad In...,, ,C2
19750709-0,09-JUL-1975,BN-2A-6 Islander,TU-TFW,Interivoire,,,, ,U1
19750710-0,10-JUL-1975,Lockheed L-188AF Electra,HK-1976,Aerocondor de Colombia,2,Bogotá-Eldor...,,,A1
19750710-1,10-JUL-1975,Douglas DC-6F,HK-756,Aerocosta Colombia,0,Bogotá-Eldor...,,,O1
19750711-0,11-JUL-1975,Grumman G-159 Gulfstream I,N71CR,Collins Radio,0,Dallas-Addis...,, ,A1
19750711-1,11-JUL-1975,DH-114 Prinair Heron 2,N570PR,Prinair,0,San Juan-Isl...,, ,A2
19750715-1,15-JUL-1975,Yakovlev Yak-40,CCCP-87475,Aeroflot / Armenia,40,near Batumi-Choro...,, ,A1
19750716-0,16-JUL-1975,Antonov An-2R,SP-WKW,ZUA,1,near Kúty,, ,C1
19750716-1,16-JUL-1975,Douglas DC-4,HK-654,Aerotal Colombia,0,Arauca Airpo...,, ,A1
19750717-0,17-JUL-1975,CSR-123 Otter (DHC-3),9413,RCAF,0,Duke of York...,, ,A1
19750718-0,18-JUL-1975,Antonov An-2,YR-ANE,Aviatia Utilitara,0,Mircea Voda,, ,A1
19750723-0,23-JUL-1975,Antonov An-2R,CCCP-70235,Aeroflot / Tajikistan,0,near Termez,, ,A1
19750725-3,25-JUL-1975,Douglas R4D-1 (DC-3),C-GLUC,St. Felicien Air Services,0,Lake Mistass...,,,A1
19750726-0,26-JUL-1975,Lockheed C-130A Hercules,57-0454,USAF,6,"near Imlay City, MI",, ,A1
19750726-1,26-JUL-1975,Douglas C-47 (DC-3),FAC-654,Colombian AF,10,Sierra Nevad...,, ,A1
19750728-0,28-JUL-1975,Lockheed L-1011 TriStar, ,All Nippon,0,Tokyo-Haneda...,, ,H2
19750731-0,31-JUL-1975,Douglas C-47A (DC-3),970,Chilean AF,7,near Colina,, ,A1
19750731-2,31-JUL-1975,Vickers 837 Viscount,B-2029,FEAT,27,Taipei-Songs...,,,A1
19750803-0,03-AUG-1975,Douglas C-47 (DC-3),412,Nicaraguan AF,21,near Punta Amapala,, ,A1
19750803-1,03-AUG-1975,Boeing 707-321C,JY-AEE,Alia,188,near Amskroud,,,A1
19750803-2,03-AUG-1975,Convair CV-240-23,N77WA,private,0,Belize City,, ,A1
19750807-0,07-AUG-1975,Boeing 727-224,N88777,Continental Air Lines,0,Denver-Stapl...,, ,A1
19750807-1,07-AUG-1975,BN-2A-7 Islander,9Q-CYB,AMAZ,,Kasangulu,, ,A1
19750808-0,08-AUG-1975,BN-2A Islander,HP-677,Servicios Aéreos SA,0,Porvenir Island,, ,O1
19750808-1,08-AUG-1975,Curtiss C-46F,N4873V,Rich,0,near Aguadilla-Bo...,,,A1
19750809-0,09-AUG-1975,Ilyushin Il-14M,CCCP-52056,Aeroflot / Leningrad,11,near Bagdarin,, ,A1
19750809-1,09-AUG-1975,Consolidated PB4Y-2 Privateer,N6813D,Hawkins & Powers,0,Port Hardy A...,,,A1
19750814-0,14-AUG-1975,Nord 262A-32,F-BPNV,DGAC/SFACT,,St. Yan,,,A1
19750814-1,14-AUG-1975,BN-2A Islander,P2-ATX,Aerial Tours,,Naoro Airpor...,, ,A1
19750815-0,15-AUG-1975,Yakovlev Yak-40,CCCP-87323,Aeroflot / Azerbaijan,23,near Krasnovodsk ...,, ,A1
19750816-1,16-AUG-1975,Douglas C-47A (DC-3),6O-SAC,Somali Airlines,0,Bossaso Airp...,, ,A1
19750818-0,18-AUG-1975,Consolidated PBY-6A Catalina,N15KL,Confederate Air Force,3,"Harlingen, TX",, ,A1
19750820-0,20-AUG-1975,Ilyushin Il-62,OK-DBF,CSA,126,near Damascus Int...,,,A1
19750822-0,22-AUG-1975,Douglas C-49J-DO,HK-1517E,TANA,0,Ipiales Airp...,, ,A1
19750823-0,23-AUG-1975,Antonov An-2R,SP-WOE,ZUA,,Jackowo,, ,A1
19750827-0,27-AUG-1975,Douglas C-47B (DC-3),5Y-AAF,East African Airways,0,Mtwara Airpo...,, ,A1
19750828-0,28-AUG-1975,Lockheed C-130E Hercules,TC-62,Argentine AF,4,Tucumán Airp...,, ,C1
19750830-0,30-AUG-1975,Antonov An-2R,CCCP-70506,Aeroflot / Belarus,,,, ,A1
19750830-1,30-AUG-1975,Tupolev Tu-104B,CCCP-42472,Aeroflot / Ukraine,0,Novosibirsk-...,, ,A1
19750830-2,30-AUG-1975,Curtiss C-46F,CP-714,Trans Aéreos Beni,0,Trinidad,,,A1
19750830-3,30-AUG-1975,Fairchild F-27B,N4904,Wien Air Alaska,10,near Gambell Airp...,,,A1
19750901-0,01-SEP-1975,Tupolev Tu-134,DM-SCD,Interflug,27,Leipzig Airp...,,,A1
19750904-0,04-SEP-1975,DHC-3 Otter,N567AA,Auburn Adventist Academy,0,Auburn Munic...,, ,A1
19750909-0,09-SEP-1975,DHC-6 Twin Otter, ,Haiti Air Inter,0,Gonaives,, ,H2
19750911-0,11-SEP-1975,Douglas C-47A (DC-3),N144A,Stoney's Rainbow Lanes & Lounge,2,"Wakeman, OH",,,A1
19750911-1,11-SEP-1975,Douglas C-47 (DC-3),ET-ABX,Ethiopian Airlines,1,near Mota,, ,A1
19750913-0,13-SEP-1975,Douglas EC-47A,2065,Brazilian AF,0,"near Itaparica, BA",, ,A1
19750915-0,15-SEP-1975,Hawker Siddeley HS-121 Trident 1E,G-AVYD,British Airways,0,Bilbao Airpo...,,,A1
19750915-1,15-SEP-1975,Boeing 727, ,Continental Air Lines,1,San Jose Mun...,, ,H2
19750915-2,15-SEP-1975,BN-2A-6 Islander,N122DW,Dorado Wings,0,San Juan-Isl...,, ,A1
19750917-0,17-SEP-1975,Douglas C-47A (DC-3),125,Chilean Navy,9,near Ritoque,,,A1
19750917-1,17-SEP-1975,Convair CV-240-4,N8329C,Asiatic Int. Airways,0,near Singapore-Se...,, ,A1
19750917-2,17-SEP-1975,Douglas DC-3,7O-ABP,Alyemda,0,Beihan Airpo...,, ,A1
19750918-0,18-SEP-1975,Antonov An-2V,CCCP-98302,"Aeroflot / Krasnoyarsk, op.for Soviet AF",3,near Turukhansk (...,, ,A1
19750919-0,19-SEP-1975,Antonov An-2,LZ-...,Unknown,2,within Bulgaria,, ,A1

19750101-0,01-JAN-1975,Douglas C-47A (DC-3),N9BC,Air O'Hare,0,near Fort Lauderd...,,,A1
19750102-0,02-JAN-1975,Douglas C-54P (DC-4),N37AP,Transvall Corp.,0,Tucson-Davis...,, ,A1
19750102-1,02-JAN-1975,Lockheed C-130B Hercules,58-0721,USAF,2,New Orleans ...,, ,A1
19750103-0,03-JAN-1975,Boeing 727, ,National Airlines,0,Pensacola Re...,, ,H2
19750103-1,03-JAN-1975,Fairchild C-123K Provider,ST-1,Air America,9,near Nha Trang,, ,C1
19750105-0,05-JAN-1975,DHC-6 Twin Otter 200,AE-259,Argentine Army,13,near La Angostura...,, ,A1
19750107-0,07-JAN-1975,Convair CV-440-59,CP-961,Frigorificos Movima,0,near San Borja,,,A1
19750107-1,07-JAN-1975,BAC One-Eleven, ,British Airways,0,London-Stans...,, ,H2
19750108-0,08-JAN-1975,Douglas C-47 (DC-3),FAC-688,SATENA,23,near El Doncello,, ,A1
19750109-0,09-JAN-1975,Convair T-29D (CV-240),52-5826,USAF,7,near Newport News...,,,A1
19750109-1,09-JAN-1975,DHC-6 Twin Otter 100,N6383,Golden West Airlines,12,"Whittier, CA",,,A1
19750109-2,09-JAN-1975,Fokker F-27 Friendship 600,9Q-CLM,Air Zaire,0+ 1,Boende Airpo...,,,A1
19750109-3,09-JAN-1975,Douglas VC-47A (DC-3),43-15527,USAF,,Akrotiri RAF...,, ,U1
19750113-0,13-JAN-1975,Boeing 727, ,Eastern Air Lines,0,"Washington, DC",, ,H2
19750115-1,15-JAN-1975,Ilyushin Il-18V,HA-MOH,Malev,9,near Budapest-Fer...,,,A1
19750116-0,16-JAN-1975,Antonov An-2P,CCCP-70417,Aeroflot / Ukraine,12,near Sam Neua Air...,, ,A1
19750116-1,16-JAN-1975,Dornier Do 28D-1 Skyservant,ET-AEN,Ethiopian Ministry of Public Health,,Dolo,, ,A1
19750117-0,17-JAN-1975,Carstedt Jet Liner 600F,N1200H,Falcon Airways,0,near Addison Airp...,, ,A1
19750119-0,19-JAN-1975,Douglas C-47B (DC-3),XU-HAK,Khmer Hansa Airlines,0,Phnom Penh-P...,, ,O1
19750119-1,19-JAN-1975,Douglas DC-3A-343B,XU-KAL,Khmer Hansa Airlines,0,Phnom Penh-P...,, ,O1
19750119-2,19-JAN-1975,Douglas DC-3C,N86AC,South East Asia Air Transport,0,Phnom Penh-P...,, ,O1
19750122-0,22-JAN-1975,Boeing 737-200, ,VASP,0,,, ,H2
19750125-0,25-JAN-1975,Fokker F-27 Friendship 600,OY-APD,Maersk Air,0,Faroe Island...,,,A1
19750128-0,28-JAN-1975,Yakovlev Yak-40,CCCP-87825,Aeroflot / Ukraine,0,Zaporozhye A...,, ,A1
19750130-0,30-JAN-1975,Fokker F-28 Fellowship 1000,TC-JAP,THY,42,near Istanbul-Yes...,,,A1
19750130-1,30-JAN-1975,Douglas DC-3-313,HI-222,LANSA,1,Santo Doming...,, ,A1
19750201-0,01-FEB-1975,Douglas DC-3D,N15HC,Horizon Properties,5,Houston-Inte...,, ,A1
19750201-1,01-FEB-1975,Vickers 806 Viscount,PK-RVM,Mandala Airlines,0,Taipei-Songs...,, ,A1
19750201-2,01-FEB-1975,Douglas C-47A (DC-3),HC-AUR,TAME Ecuador,,Quito-Marisc...,, ,U1
19750201-3,01-FEB-1975,Howard Super Ventura,N234YU,Ebco Manufacturing Co.,2,"Egg Harbor, NJ",, ,A1
19750202-0,02-FEB-1975,BN-2A-9 Islander,5U-AAN,Transniger,,near Agadès Airpo...,, ,A1
19750203-0,03-FEB-1975,Hawker Siddeley HS-748,RP-C1028,Philippine Air Lines,33,near Manila Inter...,,,A1
19750203-1,03-FEB-1975,Boeing 747, ,Pan Am,0,near Rangoon,, ,O2
19750204-0,04-FEB-1975,Douglas C-47 (DC-3),IJ818,Indian AF,,,, ,U1
19750206-0,06-FEB-1975,Consolidated PBY-5A Catalina,N5588W,Unknown,3,"near Wikieup, AZ",, ,A1
19750209-0,09-FEB-1975,BAC One-Eleven 401AK,N711ST,Jet Travel,0,South Lake T...,,,A1
19750209-1,09-FEB-1975,Transall C-160D,50+63,German AF,42,near Chania-Soúda...,, ,A1
19750212-0,12-FEB-1975,Ilyushin Il-18V,CCCP-75801,Aeroflot / Moscow,0,Krasnoyarsk ...,, ,A1
19750216-0,16-FEB-1975,Douglas DC-6BF,N77DG,Pacific Alaska,3,near Fairbanks In...,,,A1
19750217-1,17-FEB-1975,Douglas C-47A (DC-3),TG-AMA,Aviateca,0,Tikal-El Pet...,, ,O1
19750218-0,18-FEB-1975,Boeing 737-2A8,VT-EAK,Indian Airlines,0,Bangalore-Hi...,, ,A2
19750219-0,19-FEB-1975,Yakovlev Yak-40FG,D-BOBD,General Air,0,Saarbrücken ...,,,A1
19750221-0,21-FEB-1975,Douglas C-47B (DC-3),R3707,Rhodesian AF,0,Rushinga For...,, ,A1
19750222-0,22-FEB-1975,Canadair CC-106 Yukon (CL-44),HK-1972,Aerocondor de Colombia,5,near Medellín-Enr...,,,A1
19750222-1,22-FEB-1975,Douglas C-47A (DC-3),XU-GAJ,Khmer Hansa Airlines,0,Phnom Penh-P...,,,O1
19750222-2,22-FEB-1975,Boeing 737-2A1,PP-SMU,VASP,0,,, ,H2
19750223-0,23-FEB-1975,Rockwell Sabreliner 75A,N5107,General Motors,1,"near Pontiac, MI",, ,A1
19750223-1,23-FEB-1975,Douglas DC-3, ,Yemen Airlines,0,,, ,H2
19750223-2,23-FEB-1975,BN-2A-20 Islander,N90PB,PBA,0,Provincetown...,, ,A2
19750225-0,25-FEB-1975,Douglas DC-3A,RP-C941,Philippine Air Lines,0,Manila Airpo...,, ,H2
19750227-1,27-FEB-1975,Embraer EMB-110C Bandeirante,PP-SBE,VASP,15,near São Paulo-Co...,, ,A1
19750228-0,28-FEB-1975,Douglas C-47B (DC-3),N87805,private,,Madrid (unkn...,, ,U1
19750299-0,??-FEB-1975,Antonov An-2R,YU-BHW,Privredna Avijacija Osijek,,Knezevac,, ,A1
19750301-0,01-MAR-1975,Boeing 737-200, ,Iraqi Airways,1,Tehran-Mehra...,, ,H2
19750302-1,02-MAR-1975,DHC-6 Twin Otter, ,Air New England,0,Hyannis Airp...,, ,H2
19750304-0,04-MAR-1975,Dassault Falcon 20C,N990L,LTV Aerospace,0,Dallas-Hensl...,, ,A1
19750304-1,04-MAR-1975,Douglas C-47A (DC-3),2047,Brazilian AF,1,"Peixe, GO",, ,A1
19750305-0,05-MAR-1975,Fairchild F-27,HK-1492,TAC Colombia,0,Barranquilla...,,,O1
19750307-0,07-MAR-1975,HAL-748,VT-DXO,Indian Airlines,0,Rajkot-Civil...,, ,A2
19750310-0,10-MAR-1975,Douglas C-47A (DC-3),XU-DAG,Khmer Hansa Airlines,0,Phnom Penh A...,, ,C1
19750312-0,12-MAR-1975,Douglas C-54D (DC-4),XV-NUJ,Air Vietnam,26,near Pleiku City,, ,A1
19750313-0,13-MAR-1975,Cessna 500 Citation I,PT-JXS,private,3,near Acará,, ,A1
19750313-1,13-MAR-1975,Boeing S.307B-1 Stratoliner,XW-TFP,Royal Air Lao,0,,, ,A1
19750313-2,13-MAR-1975,Rockwell 1121 Jet Commander,N711JT,Unknown,0,"Tullahoma, TN",, ,A1
19750314-0,14-MAR-1975,Douglas C-47 (DC-3),ET-ABR,Ethiopian Airlines,1,Lalibela Air...,, ,A1
19750316-0,16-MAR-1975,Antonov An-2,LZ-...,Unknown,1,within Bulgaria,, ,A1
19750316-1,16-MAR-1975,Fokker F-27 Friendship 400M,TC-72,LADE,52,near San Carlos d...,,,A1
19750318-0,18-MAR-1975,DHC-6 Twin Otter 100,ST-ADB,Sudan Airways,5,Dinder Natio...,, ,A1
19750321-0,21-MAR-1975,Lockheed C-141A-20-LM Starlifter,64-0641,USAF,16,"near Seattle, WA",, ,A1
19750326-0,26-MAR-1975,Convair CV-440-86,CP-1078,Servicio Aéreo San Francisco,0,Cerdas,,,A1
19750326-1,26-MAR-1975,Douglas C-47A (DC-3),B-1553,China Airlines,,Kompong Som ...,, ,A1
19750327-0,27-MAR-1975,Douglas C-48A (DC-3C ),N6,FAA,0,Dubois-Jeffe...,, ,A1
19750327-1,27-MAR-1975,Curtiss C-46A,N4860V,Fairbanks Air Service,0,Prudhoe Bay/...,,,A1
19750327-2,27-MAR-1975,BN-2A-3 Islander,9J-ACF,Zambian Flying Doctor Service,,Kalengwa,, ,A1
19750329-0,29-MAR-1975,Fairchild F-27,RP-C874,Air Manila Int.,0,Baguio-Loaka...,, ,A1
19750331-0,31-MAR-1975,Boeing 737-247,N4527W,Western Air Lines,0,Casper Airpo...,,,A1
19750331-1,31-MAR-1975,Lockheed 18 Lodestar,N35L,Hartzog Aviation,2,Veracruz-Las...,, ,A1
19750399-0,??-MAR-1975,Vickers 806 Viscount,XW-TDN,Royal Air Lao,4,Phnom Penh-P...,, ,A1
19750401-0,01-APR-1975,Howard 350,N730EG,Dallas Chapter,2,"Culiacán, Si...",, ,A1
19750404-0,04-APR-1975,Lockheed C-5A Galaxy,68-0218,USAF,138,near Saigon-Tan S...,,,A1
19750406-0,06-APR-1975,Lockheed C-130A Hercules,55-0002,Vietnam Air Force - VNAF,0,Bien Hoa,, ,A1
19750409-0,09-APR-1975,Fokker F-28 Fellowship 1000,I-TIDA,Itavia,0,Bergamo-Orio...,,,A1
19750409-1,09-APR-1975,Boeing 747SR-46, ,JAL,0,Tokyo,, ,H2
19750410-0,10-APR-1975,Douglas C-54A (DC-4),XW-PKH,Royal Air Lao,0,Phnom Penh-P...,, ,O1
19750411-0,11-APR-1975,Douglas DC-3,XW-PKT ?,Sorya Airlines,3,near Phnom Penh-P...,, ,C1
19750414-0,14-APR-1975,Swearingen SA226-AT Merlin IV,N960M,Magnavox Corporation,2,near Southern Pin...,, ,A1
19750414-1,14-APR-1975,Antonov An-24,035,Bulgarian AF,,near Sofia,, ,A1
19750415-0,15-APR-1975,Antonov An-2TP,CCCP-70177,Aeroflot / Kazakstan,,Omsk Airport...,, ,A1
19750418-0,18-APR-1975,Antonov An-2R,SP-WNG,ZUA,,Minieta Szla...,, ,A1
19750418-1,18-APR-1975,BN-2A-7 Islander,CF-ZWF,"Mackenzie Air, op.for Air Exec Services",,Fort Simpson...,, ,A1
19750419-0,19-APR-1975,Douglas C-47A (DC-3),EL-AAB,Air Liberia,0,Monrovia-Rob...,, ,A1
19750424-0,24-APR-1975,Curtiss C-46D,CP-1063,SAVCO,3,Cerro Sayari,, ,A1
19750424-1,24-APR-1975,BN-2A Islander,N591JA,Munz Northern Airlines,0,Tin City Air...,,,A1
19750425-0,25-APR-1975,Boeing 727, ,United Airlines,0,"Atlanta, GA",, ,H2
19750425-1,25-APR-1975,Antonov An-24RV,CCCP-46476,Aeroflot / Ukraine,0,near Poltava Airp...,, ,A1
19750426-0,26-APR-1975,Beech A100 King Air,N700SP,"Stribling-Puckett, Inc",6,near Hilton Head ...,, ,A1
19750427-0,27-APR-1975,HAL-748,H-1520,Indian AF,,Yallahanpur,, ,A1
19750428-1,28-APR-1975,Lockheed C-130E Hercules,72-1297,USAF,0,Saigon-Tan S...,, ,O1
19750429-0,29-APR-1975,Douglas VC-47A (DC-3),084,Air America,0,U-Tapao Airp...,, ,A1
19750430-0,30-APR-1975,Lockheed L-188AF Electra,N283F,Zantop,0,Prudhoe Bay/...,, ,A1
