identifiant,date,type,registration,operator,fat.,location, ,pic,cat

19320208-0,08-FEB-1932,Fokker F.10A,NC812H,Transamerican Airlines,,"Detroit, MI",, ,O1
19320315-0,15-MAR-1932,Ford 4-AT-B Tri-Motor,NC4805,Skyway,0,Blackwell Ai...,, ,O1
19320319-0,19-MAR-1932,Fokker F.10A,NC652E,American Airways,7,"Calimesa, CA",, ,A1
19320627-0,27-JUN-1932,Junkers PS-5 (G.24),CCCP-L718,Dobrolet,,Nizhnetambovsk,, ,A1
19320710-0,10-JUL-1932,Boeing 80A,NC229M,Boeing Air Transport,0,"Sterling, IL",, ,A1
19320716-0,16-JUL-1932,Ford 5-AT-C Tri-Motor,NC403H,Panagra,9,near Vitacura,, ,A1
19320729-0,29-JUL-1932,Junkers Ju-52/3mce,D-2201,Deutsche Lufthansa,0,near Schleissheim...,, ,A2
19320831-0,31-AUG-1932,Junkers G.24,SE-AAE,AB Aerotransport,2,Tubbergen,, ,A1
19320908-0,08-SEP-1932,Fokker F.10A,NC9716,American Airways,3,"near Salt Flat, TX",, ,A1
19320917-0,17-SEP-1932,Lioré et Olivier 212,F-AIFE,Air Union,1,Selsdon Park,, ,A1
19321002-0,02-OCT-1932,Ford 5-AT-B Tri-Motor,NC9664,Pan Am,0,"El Aceituno,...",, ,A1
19321026-0,26-OCT-1932,Ford 5-AT-D Tri-Motor,n/a,LAB,2,"Villamontes,...",, ,A1
19321211-0,11-DEC-1932,Fokker F.10A,NC39N,Western Air Express,,"Lynndyl, UT",,,U1
19321214-0,14-DEC-1932,Ford 5-AT-B Tri-Motor,NC9650,TWA,2,Amarillo-Eng...,,,A1
