identifiant,date,type,registration,operator,fat.,location, ,pic,cat

19300119-0,19-JAN-1930,Ford 5-AT-C Tri-Motor,NC9689,Maddux Airlines,16,"Oceanside, CA",, ,A1
19300207-0,07-FEB-1930,Junkers R-42 (G.24),J6,Chilean AF,3,near Punta Arenas,, ,A1
19300208-0,08-FEB-1930,Ford 4-AT-A Tri-Motor,NC2492,Private,0,"San Marcos, TX",, ,A1
19300210-0,10-FEB-1930,Farman F.63bis Goliath,F-FHMY,Air Union,2,"Marden, Kent",, ,A1
19300214-0,14-FEB-1930,DH.66 Hercules,G-EBNA,Imperial Airways,0,Gaza,, ,A1
19300223-0,23-FEB-1930,Fokker F.10A,NC279E,Western Air Express,3,near San Bernardi...,, ,A1
19300302-0,02-MAR-1930,Ford 4-AT-A Tri-Motor,R-131,NYRBA,0,Cordoba,, ,A1
19300408-0,08-APR-1930,Ford 5-AT-C Tri-Motor,R-148,Tri-Motor Safety Airways,,Buenos Aires,, ,A1
19300531-0,31-MAY-1930,Handley Page W.9a Hampstead,VH-ULK,Ellyou Goldfields Development,,Mount Misim,, ,A1
19300605-0,05-JUN-1930,Ford 5-AT-B Tri-Motor,NC9675,Colonial Air Transport,1,"Boston, MA",, ,A1
19300625-0,25-JUN-1930,Ford 5-AT-A Tri-Motor,NC7739,Northwest Airways,0,Chicago Muni...,,,O1
19300625-1,25-JUN-1930,Fokker F.10A,NC457E,Universal Airlines,0,"Chicago, IL",, ,O1
19300625-2,25-JUN-1930,Fokker F.10A,NC879E,Universal Airlines,0,"Chicago, IL",, ,O1
19300625-3,25-JUN-1930,Fokker F.10A,NC803E,Universal Airlines,0,"Chicago, IL",, ,O1
19300625-4,25-JUN-1930,Fokker F.10A,NC135E,Universal Airlines,0,"Chicago, IL",, ,O1
19300625-5,25-JUN-1930,Fokker F.10,NC8010,Shell Oil,0,"Chicago, IL",, ,O1
19300625-6,25-JUN-1930,Fokker F.10,NC5614,Northern Airlines,0,"Chicago, IL",,,O1
19300709-0,09-JUL-1930,Farman F.63bis Goliath,F-ADFQ,SGTA,1,Aalsmeer,, ,A1
19300712-0,12-JUL-1930,Curtiss Condor 18,NC.....,Curtiss,,Valley Strea...,, ,A1
19300804-0,04-AUG-1930,Ford JR-3 (5-AT-C) Tri-Motor,A8598,USMC,0,"Ocotal, Nuev...",, ,A1
19300822-0,22-AUG-1930,Ford 5-AT-C Tri-Motor,OK-FOR,CSA,12,Jihlava (Iglau),, ,A1
19300903-0,03-SEP-1930,Fokker F.10A,NC810H,Pan Am,0,Santo Domingo,, ,O1
19301030-0,30-OCT-1930,Handley Page W.8g,G-EBIX,Imperial Airways,3,"Boulogne, Paris",,,A1
19301107-0,07-NOV-1930,Junkers G.24,P-BAHA,Syndicato Condor,1,"near Iguape, SP",, ,A1
19301121-0,21-NOV-1930,Ford 4-AT-B Tri-Motor,NC7118,Curtiss-Wright Flying Service,0,"Burbank, CA",, ,O1
19301121-1,21-NOV-1930,Dornier Do R4 Superwal,I-RONY,SANA,6,near Cap de Creus...,, ,A1
19301122-0,22-NOV-1930,Fokker F.10A,NC580K,Southern Air Fast Express,,Dallas-Love ...,, ,U1
19301124-0,24-NOV-1930,Ford 5-AT-C Tri-Motor,NX419H,Ford Motor Company,2,"Dearborn, MI",, ,A1
19301220-0,20-DEC-1930,Ford 4-AT-E Tri-Motor,NC9611,Pittsburgh Airways,,"Jennerstown, PA",, ,A1
19301222-0,22-DEC-1930,Fokker F.10,NC5170,Western Air Express,0,"Alhambra, CA",, ,A1
19309999-0,??-???-1930,Junkers JuG-1W (G.24),n/a,Soviet AF,,,, ,A1
