identifiant,date,type,registration,operator,fat.,location, ,pic,cat

20200102-0,02-JAN-2020,Antonov An-12A,-,Sudan AF,18,near Geneina Airp...,, ,A1
20200103-0,03-JAN-2020,Harbin Yunshuji Y-12 II,SCL-857,Sri Lanka AF,4,near Haputale,, ,A1
20200105-0,05-JAN-2020,Beech B300 King Air 350, ,L3 Technologies,2,Manda Bay-Ca...,, ,C1
20200108-0,08-JAN-2020,Boeing 737-8KV (WL),UR-PSR,Ukraine International Airlines,176,near Sabashahr,,,C1
20200109-0,09-JAN-2020,Lockheed C-130BZ Hercules,403,South African AF,0,Goma Airport...,, ,A1
20200110-0,10-JAN-2020,Airbus A321-231 (WL),VQ-BRS,Nordwind Airlines,0,Antalya Airp...,,,A2
20200116-0,16-JAN-2020,Beech B200 King Air,N547LM,LifeMed Alaska,0,near Unalaska-Tom...,,,A1
20200119-0,19-JAN-2020,Swearingen SA227-AC Metro III,C-GWVH,Perimeter Aviation,0,Shamattawa A...,, ,A2
20200123-0,23-JAN-2020,Lockheed EC-130Q Hercules,N134CG,Coulson Aviation,3,"near Cooma, NSW",,,A1
20200123-1,23-JAN-2020,Cessna S550 Citation S/II,ZS-CAR,S.A. CAA,3,near Friemersheim,,,A1
20200127-0,27-JAN-2020,MD-83,EP-CPZ,Caspian Airlines,0,Bandar Mahsh...,,,A1
20200127-1,27-JAN-2020,Bombardier E-11A (Global Express),11-9358,USAF,2,Deh Yak dist...,,,A1
20200131-0,31-JAN-2020,Bombardier DHC-8-402Q Dash 8,C-FKWE,WestJet Encore,0,Terrace Airp...,,,A2
20200201-0,01-FEB-2020,Boeing 747-412F (SCD),TC-MCT,"ACT Airlines, opf Saudi Arabian",0,Dammam-King ...,,,A2
20200203-0,03-FEB-2020,Boeing 767-375ER,C-GHOZ,Air Canada,0,Madrid-Baraj...,, ,I2
20200203-1,03-FEB-2020,Boeing 747-412BCF,N703CK,Kalitta Air,0,Los Angeles ...,, ,A2
20200204-0,04-FEB-2020,Cessna 208B Grand Caravan,N454SF,Grant Aviation,0,Hooper Bay A...,, ,A2
20200205-0,05-FEB-2020,Boeing 737-86J (WL),TC-IZK,Pegasus Airlines,3,Istanbul-Sab...,,,A1
20200206-0,06-FEB-2020,Cessna 208B Grand Caravan,N24MG,Redding Aero Enterprises Inc.,0,near Eureka-Murra...,, ,A2
20200207-0,07-FEB-2020,Boeing 757-256 (WL),TF-FIA,Icelandair,0,Keflavík Int...,,,A2
20200207-1,07-FEB-2020,Cessna 208B Super Cargomaster,N988FX,"Mountain Air Cargo, opf FedEx",0,Baltimore/Wa...,, ,A2
20200208-0,08-FEB-2020,Cessna 501 Citation I/SP,N501RG,Remonia Air,4,"near Fairmount, GA",,,A1
20200208-1,08-FEB-2020,Beech 200 Super King Air,CC-COT,Transportes Torreon,0,Rio Bueno-Fu...,, ,O1
20200209-0,09-FEB-2020,Boeing 737-524 (WL),VQ-BPS,Utair,0,Usinsk Airpo...,,,A2
20200212-0,12-FEB-2020,Cessna 560 Citation Encore,N654CE,SC Cole Aviation LLC,0,"near Benbrook, TX",, ,A2
20200214-0,14-FEB-2020,Cessna 208 Caravan I,P2-MAI,MAF,0,Miyanmin Air...,,,A2
20200220-0,20-FEB-2020,Antonov An-2T,RA-40642,T-Cement,0,Magadan-13 A...,,,A1
20200220-1,20-FEB-2020,Beech B200 King Air,N860J,"Lauren Engineers & Constructors, Inc.",3,near Lake Coleman...,, ,A1
20200221-0,21-FEB-2020,DHC-3T Vazar Turbine Otter,C-FIUZ,Harbour Air,0,Vancouver-Co...,, ,O2
20200223-0,23-FEB-2020,Bombardier Challenger 605,C-GKCP,Canadian Pacific Railway Company,0,Calgary Inte...,, ,A2
20200224-0,24-FEB-2020,Swearingen SA227-DC Metro 23,C-GJVB,"Bearskin Airlines, opb Perimeter Aviation",0,Dryden Regio...,, ,A2
20200226-0,26-FEB-2020,Antonov An-2P,UP-A0001,Orlan 2000,0,near Ust-Kamenogo...,,,A1
20200227-0,27-FEB-2020,Dassault Falcon 50,N951DJ,private,0,Toronto-Butt...,, ,O1
20200228-0,28-FEB-2020,Airbus A300B4-203(F),UP-A3003,Sigma Airlines,0,Sharjah Airp...,,,A2
20200305-0,05-MAR-2020,Cessna 208B Super Cargomaster,N706FX,"FedEx, opb CSA Air",0,Rhinelander-...,, ,A2
20200308-0,08-MAR-2020,Boeing 767-3Q8ER,N477AX,Omni Air International,0,Shannon Airp...,, ,A2
20200309-0,09-MAR-2020,Gulfstream G-IVSP,M-YWAY,"Platinum Jet Co., Ltd.",0,Vientiane-Wa...,, ,A2
20200309-1,09-MAR-2020,Airbus A330-343,HS-TEU,Thai Airways International,0,Vientiane-Wa...,, ,A2
20200312-0,12-MAR-2020,Beech 200 Super King Air,HK-5075,private,2,Claura Arrib...,, ,A1
20200312-1,12-MAR-2020,DHC-3T Vazar Turbine Otter,C-GTMW,Martini Aviation Ltd.,0,Fort Langley...,, ,A2
20200313-0,13-MAR-2020,Cessna 525 CitationJet,YV3452,Unknown,2,Porlamar-del...,, ,A1
20200317-0,17-MAR-2020,Cessna 208B Super Cargomaster,N274PM,Planemasters,1,"near La Crosse, R...",, ,A1
20200319-0,19-MAR-2020,Cessna 208 Caravan I,P2-MAF,MAF,0,Yenkisa Airs...,, ,A2
20200322-0,22-MAR-2020,Hawker Siddeley HS-125-F400B,(XB-PNK),private,0,near Caballo Blan...,, ,A1
20200329-0,29-MAR-2020,IAI 1124A Westwind II,RP-C5880,Lionair Inc.,8,Manila-Ninoy...,,,A1
20200401-0,01-APR-2020,Hawker 800XP,N988RS,DRWS Services LLC,,Altotonga,, ,
