identifiant,date,type,registration,operator,fat.,location, ,pic,cat

19660101-0,01-JAN-1966,Douglas C-47A (DC-3),PK-GDE,Garuda,17,near Palembang,, ,A1
19660101-1,01-JAN-1966,Douglas C-47A (DC-3),PK-GDU,Garuda,17,near Palembang,, ,A1
19660101-2,01-JAN-1966,Ilyushin Il-14P,CCCP-61618,Aeroflot / Magadan,23,near Petropavlovs...,, ,A1
19660104-0,04-JAN-1966,Fairchild C-123B Provider,56-4369,USAF,0,Tanh Linh Ai...,, ,A1
19660104-1,04-JAN-1966,Douglas C-47B (DC-3),XA+118,German AF,0,Hopsten Air ...,, ,A1
19660106-0,06-JAN-1966,Lockheed C-130B Hercules,61-0972,USAF,5,near Pleiku Airpo...,, ,C1
19660106-1,06-JAN-1966,Antonov An-2T,5212,Polish AF,,,, ,A1
19660108-0,08-JAN-1966,Fairchild C-119C Flying Boxcar,51-2611,USAF,2+ 1,"near Scranton, PA",, ,A1
19660109-0,09-JAN-1966,Lockheed C-130B Hercules,61-0970,USAF,0,An Khe,, ,A1
19660109-1,09-JAN-1966,Fairchild C-123B Provider,54-676,USAF,0,near Saigon,, ,A1
19660109-3,09-JAN-1966,Douglas C-47 (DC-3),FAC-675,SATENA,11,near Chipaque,, ,A1
19660109-5,09-JAN-1966,Grumman HU-16A Albatross,11021,Republic of China AF,0,Taiwan Strait,, ,C1
19660113-0,13-JAN-1966,Fairchild C-123B Provider,55-4519,USAF,6,An Khe,, ,A1
19660113-1,13-JAN-1966,Douglas C-47A (DC-3),42-93090,USAF,6,Mount Helmos,,,A1
19660114-0,14-JAN-1966,Douglas C-47A (DC-3),B-929,Air America,0,near Vi Thanh,, ,C1
19660114-1,14-JAN-1966,Tupolev Tu-134,CCCP-45076,Tupolev,8,near Chkalovsky,,,A1
19660114-2,14-JAN-1966,Douglas C-54B (DC-4),HK-730,Avianca,56,near Cartagena-Cr...,, ,A1
19660114-3,14-JAN-1966,Antonov An-2,CCCP-02185,Aeroflot / Uzbekistan,11,"near Shamurat, Nu...",, ,A1
19660117-0,17-JAN-1966,Boeing KC-135A,61-0273,USAF,4,Palomares,, ,A1
19660120-0,20-JAN-1966,Douglas R4D-1 (DC-3),TL-KAA,Central African Republic AF,3,between Doua...,, ,A1
19660122-0,22-JAN-1966,Douglas DC-3,N4662,COHATA,30,near Duchity,, ,A1
19660124-0,24-JAN-1966,Boeing 707-437,VT-DMN,Air-India,117,Mont Blanc,,,A1
19660125-0,25-JAN-1966,Fairchild C-123K Provider,54-702,USAF,46,near An Khe,, ,A1
19660126-0,26-JAN-1966,Lockheed L-1049G Super Constellatio,N7115C,TWA,0,New York-Joh...,, ,A1
19660127-0,27-JAN-1966,Curtiss C-46A,LV-GFW,Aerovías Halcón,0,"near Río Cuarto, CD",, ,A1
19660127-1,27-JAN-1966,Lockheed EC-121M Super Constellatio,135751,US Navy,0,Atsugi NAS (...,, ,O1
19660128-0,28-JAN-1966,Convair CV-440-0,D-ACAT,Lufthansa,46,near Bremen Airpo...,,,A1
19660130-0,30-JAN-1966,Antonov An-2R,CCCP-02851,"Aeroflot, Kirovograd Flight School",1,near Bolshaya Viska,, ,A1
19660201-0,01-FEB-1966,Lockheed KC-130F Hercules,149809,USMC,6,"near Dong Hoi, Vi...",, ,C1
19660202-0,02-FEB-1966,Douglas LC-47J,50832,US Navy,6,Ross Ice Shelf,, ,A1
19660202-2,02-FEB-1966,Antonov An-24V,SU-AOB,UAA,,Luxor,, ,A1
19660203-0,03-FEB-1966,Fairchild C-123B Provider,55-4537,USAF,4,near Khe Sanh,, ,C1
19660204-0,04-FEB-1966,Boeing 727-81,JA8302,All Nippon,133,near Tokyo-Haneda...,, ,A1
19660207-0,07-FEB-1966,Fokker F-27 Friendship 200,PH-SAB,"Schreiner Airways, op.for Indian Airlines",37,Banihall Pass,,,A1
19660212-0,12-FEB-1966,Douglas C-124C Globemaster II,52-0980,USAF,8,near Granada,, ,A1
19660215-0,15-FEB-1966,SE-210 Caravelle VI-N,VT-DPP,Indian Airlines,2,Delhi-Palam ...,, ,A1
19660215-1,15-FEB-1966,Shijiazhuang Y-5,18152,CAAC,0,Gansu Province,, ,A1
19660216-0,16-FEB-1966,Ilyushin Il-14M,CCCP-52058,Aeroflot / Komi,26,near Pechora,, ,A1
19660217-0,17-FEB-1966,Tupolev Tu-114D,CCCP-76491,Aeroflot / International,21,Moskva-Shere...,, ,A1
19660218-0,18-FEB-1966,Douglas DC-6B,OO-ABG,BIAS,4,near Milan-Malpensa,, ,A1
19660222-0,22-FEB-1966,Curtiss C-46D,XA-LOS,Aerocarga Especializada,0,,, ,A1
19660223-0,23-FEB-1966,Curtiss C-46D,OB-R-606,Trans-Peruana,3,near Rioja,,,A1
19660223-1,23-FEB-1966,Douglas C-47D (DC-3),43-48297,USAF,,,, ,A1
19660224-0,24-FEB-1966,Hawker Siddeley DH-125-1A,N1135K,Kewitt Construction Company,0,Des Moines A...,, ,A1
19660226-0,26-FEB-1966,Antonov An-2,CCCP-79910,Aeroflot / Far East,3,Mys Nalycheva,, ,A1
19660301-0,01-MAR-1966,Douglas DC-7B,HC-AIP,AREA Ecuador,0,"Miami, FL",, ,A1
19660302-0,02-MAR-1966,Antonov An-2,CCCP-79860,Aeroflot / Far East,2,near Golubichnoye...,, ,A1
19660304-0,04-MAR-1966,Douglas DC-8-43,CF-CPK,Canadian Pacific,64,Tokyo-Haneda...,, ,A1
19660305-1,05-MAR-1966,Boeing 707-436,G-APFE,BOAC,124,Mount Fuji,,,A1
19660306-1,06-MAR-1966,Lockheed L-1049 Super Constellation,N6901C,LAPA,0,near Callao,, ,A1
19660306-2,06-MAR-1966,Curtiss C-46A,SE-CFG,"Transair Sweden, op.for UN",0,Bunia Airpor...,, ,A1
19660309-0,09-MAR-1966,Douglas AC-47D,44-76290,USAF,0,near A Shau Speci...,, ,C1
19660310-1,10-MAR-1966,Douglas DC-6A,OD-AEL,TMA,5,Mt Parnon,, ,A1
19660313-0,13-MAR-1966,Douglas AC-47D,43-49268,USAF,7,near A Roh,, ,C1
19660314-0,14-MAR-1966,Grumman HU-16B Albatross,51-071,USAF,2,near Haiphong,, ,C1
19660318-0,18-MAR-1966,Antonov An-24V,SU-AOA,UAA,30,near Cairo Intern...,, ,A1
19660319-0,19-MAR-1966,Learjet 23,N316M,Mutual Benefit Health & Accident,0,Lake Michiga...,, ,A1
19660320-0,20-MAR-1966,Curtiss C-46F,N1245N,Servicios Americanos,2,near Asunción,, ,A1
19660320-1,20-MAR-1966,Lockheed C-130B Hercules,61-2641,USAF,7,near Bardufoss Ai...,,,A1
19660321-0,21-MAR-1966,Canadair CL-44D4-2,N453T,Flying Tiger Line,0,Norfolk-NAS ...,, ,A1
19660325-0,25-MAR-1966,DHC-3 Otter,3678,RCAF,,,, ,A1
19660326-0,26-MAR-1966,Lockheed C-130A Hercules,56-0506,USAF,0,Tuy Hoa (TBB),, ,A1
19660326-1,26-MAR-1966,Douglas C-47A (DC-3),L2-18/00,Thai AF,,northeastern...,, ,A1
19660327-0,27-MAR-1966,Ilyushin Il-18B,CU-T831,Cubana,2,Havana-José ...,,,H2
19660328-0,28-MAR-1966,Antonov An-2, ,Unknown,6,Playa de Bib...,, ,A1
19660329-0,29-MAR-1966,Lockheed C-130B Hercules,61-0953,USAF,3,near Pleiku Airpo...,, ,A1
19660401-0,01-APR-1966,Vickers 779D Viscount,VT-DOD,Indian Airlines,0,Guwahati-Bor...,, ,A2
19660401-1,01-APR-1966,Douglas TC-47K (DC-3),N91375,private,0,Litchfield P...,, ,A1
19660409-0,09-APR-1966,Lockheed P-3A Orion,152171,US Navy,11,near San Diego-No...,, ,A1
19660413-0,13-APR-1966,Fairchild C-123B Provider,56-4382,USAF,0,Saigon-Tan S...,, ,C1
19660414-1,14-APR-1966,Airspeed AS.57 Ambassador 2,G-ALZX,Dan-Air Services,0,Beauvais-Til...,, ,A1
19660415-0,15-APR-1966,Lockheed CC-130B Hercules,10304,RCAF,0,North Battle...,, ,A1
19660416-0,16-APR-1966,Douglas DC-3C,YU-ABG,JAT,,Skopje Airpo...,, ,A1
19660417-0,17-APR-1966,Douglas C-47A (DC-3),N8744R,Continental Air Services,2,Sam Neua,, ,A1
19660417-1,17-APR-1966,Fairchild C-119C Flying Boxcar,51-8019,USAF,0,Belleville-S...,, ,A1
19660420-0,20-APR-1966,Douglas C-47B (DC-3),PP-VAY,Varig,0,Porto Nacion...,, ,A1
19660422-0,22-APR-1966,Lockheed L-188C Electra,N183H,American Flyers,83,near Ardmore Muni...,, ,A1
19660423-0,23-APR-1966,Learjet 23,N235R,Rexall Drug & Chemical Company,2,"near Clarendon, TX",, ,A1
19660423-1,23-APR-1966,Ilyushin Il-14,CCCP-61772,Aeroflot / Azerbaijan,33,near Boyuk Zira,, ,A1
19660423-2,23-APR-1966,Antonov An-2R,CCCP-02807,Aeroflot / North Kavkaz,3,near Labinsk,, ,A1
19660423-4,23-APR-1966,Grumman CSR-110 Albatross (HU-16B),9302,RCAF,5,"near Hope Slide, BC",, ,A1
19660425-0,25-APR-1966,Douglas C-47A (DC-3),VT-DDR,Indian Airlines,0,Nagpur Airpo...,, ,A1
19660427-0,27-APR-1966,Lockheed L-749A Constellation,OB-R-771,LANSA,49,Mount Talaula,, ,A1
19660427-1,27-APR-1966,Douglas C-47A (DC-3),47985,French AF,,,, ,U1
19660428-0,28-APR-1966,Curtiss C-46D,CA-1,"China Airlines, op.for Air America",0+ 2,Kon Tum Airf...,, ,A1
19660504-0,04-MAY-1966,Handley Page Hastings C.1,TG575,RAF,0,El Adem RAF ...,, ,A1
19660506-0,06-MAY-1966,Antonov An-2,LZ-...,Unknown,2,Gradnitsa,, ,A1
19660510-0,10-MAY-1966,CV-2B Caribou (DHC-4),62-4165,US Army,2,Cai Cai Camp...,,,A1
19660511-1,11-MAY-1966,Douglas R4D-5 (DC-3),5W-FAB,Polynesian Airlines,3,Apolima Strait,, ,A1
19660515-0,15-MAY-1966,Douglas AC-47D,43-49546,USAF,10,near Ban Hai,, ,C1
19660517-0,17-MAY-1966,Boeing KC-135A,57-1424,USAF,5,Amarillo AFB...,, ,A1
19660517-1,17-MAY-1966,Fairchild C-123B Provider,55-4534,USAF,5,near Vinh Thanh,, ,C1
19660518-0,18-MAY-1966,Douglas DC-7,N6339C,United Airlines,0,Denver-Stapl...,, ,A1
19660518-1,18-MAY-1966,CASA 352 (Ju-52),T.2B-266,Spanish AF,,,, ,U1
19660518-2,18-MAY-1966,Lockheed P-2H Neptune,147953,US Navy,0,near San Diego-No...,, ,A1
19660519-0,19-MAY-1966,Boeing KC-135A,57-1444,USAF,11+ 1,Okinawa-Kade...,, ,A1
19660531-0,31-MAY-1966,Lockheed C-130E Hercules,64-0511,USAF,8,near Thanh Hoa Br...,, ,C1
19660603-0,03-JUN-1966,Douglas AC-47D,43-48925,USAF,6,near Ban Phakat,, ,A1
19660603-1,03-JUN-1966,Hawker Siddeley HS-121 Trident 1C,G-ARPY,Hawker Siddeley,4,near Felthorpe,, ,A1
19660604-0,04-JUN-1966,Douglas C-47A (DC-3),FAP-367,Peruvian AF,,San Ramon,, ,A1

19660605-0,05-JUN-1966,DH-125-1,F-BKMF,Air Affaires,2,near Nice-Côte d'...,,,A1
19660606-0,06-JUN-1966,Lockheed L-749A Constellation,N86523,Pacific Northern Airlines,0,Kenai Airpor...,, ,A1
19660613-0,13-JUN-1966,Tupolev Tu-124,CCCP-45017,Aeroflot / Belarus,0,Minsk-1 Inte...,, ,A1
19660614-0,14-JUN-1966,Vickers Varsity T.1,WF334,RAF,1,near Immingham,, ,A1
19660616-0,16-JUN-1966,Curtiss C-46A,N10415,Zantop,2,near Columbia Cit...,, ,A1
19660617-0,17-JUN-1966,Lockheed C-130E Hercules,63-7785,USAF,8,near Phu Hiep,, ,C1
19660618-1,18-JUN-1966,Fairchild UC-123B Provider,56-4378,USAF,0,near Tam Ky,, ,C1
19660620-0,20-JUN-1966,Curtiss C-46E,CF-FBJ,Nordair,2,Lac Péribonk...,, ,A1
19660623-0,23-JUN-1966,Douglas C-47A (DC-3),PP-YPK,Varig,,Porto Nacion...,, ,A1
19660624-0,24-JUN-1966,Antonov An-2,CCCP-01127,Aeroflot / Armenia,1,"Arteni, Tali...",, ,A1
19660625-0,25-JUN-1966,Fokker F-27 Friendship 200,XY-ADL,Union of Burma Airways,0,Maulmyine Ai...,,,A1
19660627-0,27-JUN-1966,Douglas DC-3-208,N17337,Aeronaut Air Services,2,"Long Beach, MS",, ,A1
19660628-1,28-JUN-1966,Douglas DC-3 Hiper,HK-140,Avianca,0,Lorica Airport,, ,A2
19660629-1,29-JUN-1966,Douglas C-47A (DC-3),PI-C17,Philippine Air Lines,26,near Sablayan,, ,A1
19660630-0,30-JUN-1966,Douglas DC-6,HR-TNG,TAN,0,Tegucigalpa-...,, ,A1
19660630-1,30-JUN-1966,Hawker Siddeley HS-121 Trident 1E,9K-ACG,Kuwait Airways,0,near Kuwait Inter...,,,A1
19660630-2,30-JUN-1966,Fairchild C-123B Provider,54-644,USAF,0,Qui Nhon Air...,, ,A1
19660699-0,??-JUN-1966,Lockheed Lodestar, ,Unknown,,,, ,A1
19660704-0,04-JUL-1966,Douglas DC-8-52,ZK-NZB,Air New Zealand,2,Auckland Int...,, ,A1
19660704-1,04-JUL-1966,Douglas C-47 (DC-3),TAM-07,TAM,13,Rio Orton,, ,A1
19660704-2,04-JUL-1966,Lockheed P-3A Orion,152172,US Navy,4,near Battle Creek...,, ,A1
19660707-0,07-JUL-1966,Ilyushin Il-18, ,Cubana,0,Jamaica,, ,H2
19660709-0,09-JUL-1966,Martin 4-0-4,N40446,Piedmont Airlines,0,Roanoke Muni...,, ,A1
19660709-1,09-JUL-1966,Douglas C-47D (DC-3),T.3-22,Spanish AF,,,, ,U1
19660710-0,10-JUL-1966,Ilyushin Il-18V,CU-T830,Cubana,2,near Cienfuegos,, ,A1
19660711-2,11-JUL-1966,Curtiss C-46D,HK-527,Aeropesca Colombia,8,Cerro el Pla...,, ,A1
19660713-0,13-JUL-1966,CV-2A Caribou (DHC-4),61-2386,US Army,,Vung Tau Air...,,,C1
19660715-0,15-JUL-1966,Douglas C-47A (DC-3),PP-YPT,Varig,0,"Campo Largo, PR",, ,A1
19660715-1,15-JUL-1966,Lockheed C-130B Hercules,24142,Pakistan AF,10,,, ,A1
19660716-0,16-JUL-1966,Fairchild C-119 Flying Boxcar, ,Air National Guard,0,near Jacksonville...,, ,A1
19660716-1,16-JUL-1966,Fairchild C-123 Provider, ,USAF,9,near Cape Lisburn...,, ,A1
19660723-0,23-JUL-1966,Douglas DC-3-362,HS-OOO,Thai Government,3,near San Francisc...,, ,A1
19660725-0,25-JUL-1966,Douglas C-117D Super DC-3,17211,USMC,7,Da Nang Airp...,, ,A1
19660727-0,27-JUL-1966,Douglas C-47A (DC-3),N4994E,Frontier Airlines,0,Gallup Airpo...,, ,A1
19660727-1,27-JUL-1966,Tupolev Tu-124V,CCCP-45038,Aeroflot / Privolzhsk,1,near Zaporizhia O...,, ,A2
19660728-0,28-JUL-1966,Curtiss C-46A,N9905F,Zantop,0,Port Elizabe...,, ,A1
19660729-0,29-JUL-1966,Douglas RC-47D,43-48388,USAF,8,near Hoa Binh,, ,C1
19660803-1,03-AUG-1966,Curtiss C-46D,CP-730,LAB,3,near Benito,, ,A1
19660806-0,06-AUG-1966,BAC One-Eleven 203AE,N1553,Braniff Airways,42,"near Falls City, NE",,,A1
19660809-0,09-AUG-1966,Douglas Dakota IIIS&R (DC-3),971,RCAF,,Greenwood,, ,U1
19660811-2,11-AUG-1966,Lisunov Li-2,YR-TAN,Tarom,24,Lotrioara Va...,, ,A1
19660813-0,13-AUG-1966,Douglas DC-8-51,XA-PEI,Aeronaves de México,6,near Acapulco,,,A1
19660815-0,15-AUG-1966,Lockheed L-749A Constellation,N65,FAA,0,Tachikawa AFB,,,A1
19660817-0,17-AUG-1966,Curtiss C-46F,LV-GLE,Aerovías Halcón,1,Puerto Lobos...,, ,A1
19660817-1,17-AUG-1966,Douglas C-47 (DC-3),G-AOFZ,Gulf Aviation,0,near Azaiba Airfield,, ,A1
19660817-2,17-AUG-1966,Douglas DC-3-313A,N28343,Lauderdale Leasing,0,near Merida,, ,A1
19660823-0,23-AUG-1966,Douglas VC-47A (DC-3),42-93514,USAF,,unknown,, ,A1
19660826-0,26-AUG-1966,Convair CV-880,JA8030,"JAL, lsf Japan Domestic Airlines",5,Tokyo-Haneda...,,,A1
19660827-0,27-AUG-1966,Ilyushin Il-18V,CCCP-75552,Aeroflot / Latvia,0,Arkhangelsk ...,, ,A1
19660827-1,27-AUG-1966,Douglas C-47A (DC-3),2037,Brazilian AF,6,"Altamira, PA",, ,A1
19660827-2,27-AUG-1966,Consolidated PBY-6A Catalina,N331RS,Rolled Steel Corp.,0,near Highland Par...,, ,A1
19660829-0,29-AUG-1966,Antonov An-24V,CU-T875,Cubana,,near Camagüey Air...,, ,A1
19660829-1,29-AUG-1966,Douglas C-47B (DC-3),43-6014,Turkish AF,5,"Tuzla, Istanbul",, ,A1
19660899-0,??-AUG-1966,unknown, ,Aeroflot,0,Batumi,, ,H2
19660899-1,??-AUG-1966,Lockheed P-2H Neptune,141246,US Navy,0,unknown,, ,A1
19660901-0,01-SEP-1966,Bristol 175 Britannia 102,G-ANBB,Britannia Airways,98,near Ljubljana-Br...,, ,A1
19660903-0,03-SEP-1966,DHC-3 Otter, ,Indian AF,4,near Rajouri,, ,A1
19660904-0,04-SEP-1966,SE-210 Caravelle VI-N,VT-DSB,Indian Airlines,4,Mumbai (Bombay),, ,A1
19660904-1,04-SEP-1966,CV-2B Caribou (DHC-4),63-9759,US Army,0+ 4,Dong Tre,, ,A1
19660906-0,06-SEP-1966,Lockheed C-130E Hercules,63-7878,USAF,8,near Chai-I,, ,A1
19660907-0,07-SEP-1966,Lockheed C-141A-LM Starlifter,65-0281,USAF,0+ 3,Tacoma-McCho...,, ,O1
19660907-1,07-SEP-1966,Antonov An-2,CCCP-79816,Aeroflot / Tajikistan,6,near Murgab,, ,A1
19660909-0,09-SEP-1966,Antonov An-2TP,CCCP-96224,Aeroflot / Georgia,1,near Tsikhisdziri...,, ,A1
19660912-0,12-SEP-1966,Douglas DC-7CF,N2282,Airlift Int.,0,Tachikawa Ai...,, ,A1
19660914-0,14-SEP-1966,Lockheed PV-2 Harpoon,XA-NIM ?,Unknown,8,near Acapulco Air...,, ,A1
19660915-1,15-SEP-1966,Curtiss C-46A,CP-786,private,,near Santa Cruz,, ,A1
19660916-0,16-SEP-1966,Douglas C-47A (DC-3),EC-ACX,"Spantax, op.for Iberia",1,near El Sauzal,, ,A1
19660917-1,17-SEP-1966,Lockheed 14-N3 Super Electra,N18138,Thunderbird Airways,0,"Medford, NJ",, ,A1
19660918-0,18-SEP-1966,Fokker F-27 Friendship 200,JA8617,All Nippon,0,Kagoshima Ai...,,,A2
19660922-0,22-SEP-1966,Douglas DC-4-1009,HK-174,Avianca,2,near Bogotá-Eldor...,,,A1
19660922-1,22-SEP-1966,Vickers 832 Viscount,VH-RMI,Ansett-ANA,24,"near Winton, QLD",,,A1
19660924-0,24-SEP-1966,Lockheed 414-08 Hudson IVA,VH-AGE,Adastra Aerial Surveys,6,near Tennant Cree...,,,A1
19660926-0,26-SEP-1966,Rockwell 1121 Jet Commander,N500JR,Jim Robbins Airborne Div.,5,"near Platte, SD",, ,A1
19660928-0,28-SEP-1966,Douglas DC-4,LV-AGG,Aerolineas Argentinas,0,Port Stanley,,,H2
19660930-0,30-SEP-1966,Antonov An-24V,SU-AOM,UAA,0,Cairo Intern...,,,A1
19660930-1,30-SEP-1966,Fairchild C-119G Flying Boxcar,53-3195,USAF,4,"near Wrightwood, CA",, ,A1
19661001-1,01-OCT-1966,Douglas DC-9-14,N9101,West Coast Airlines,18,"near Wemme, OR",, ,A1
19661002-0,02-OCT-1966,Lockheed C-130E Hercules,62-1840,USAF,5,near Cam Ranh Bay,, ,C1
19661004-0,04-OCT-1966,CV-2B Caribou (DHC-4),63-9751,US Army,14,near An Khe,, ,A1
19661011-1,11-OCT-1966,Canadair DC-4M2 North Star,I-ACOA,private,0,Garoua,,,A1
19661012-0,12-OCT-1966,Lockheed C-130E Hercules,63-7886,USAF,5,"near Aspermont, TX",, ,A1
19661013-0,13-OCT-1966,Lockheed 18 Lodestar,N131E,BBR Drilling,2,"Short Creek, WV",, ,A1
19661018-0,18-OCT-1966,Grumman HU-16B Albatross,51-7145,USAF,7,"near Dong Hoi, Gu...",, ,A1
19661018-1,18-OCT-1966,Lockheed L-1049C Super Constellatio,N6219C,Eastern Air Lines,0,"Miami, FL",, ,O1
19661019-0,19-OCT-1966,Consolidated PBY-5A Catalina,PP-PEC,Cruzeiro do Sul,4,"near Rio Moju, PA",, ,A1
19661025-0,25-OCT-1966,Lockheed C-130B Hercules,61-0955,USAF,0,Hopkinsville...,, ,A1
19661026-0,26-OCT-1966,Lockheed C-130E Hercules,2452,Brazilian AF,0,Santa Maria ...,,,A1
19661028-0,28-OCT-1966,C-7A Caribou (DHC-4),61-2405,US Army,1,near An Khe,, ,A1
19661031-0,31-OCT-1966,Vickers 701 Viscount,PP-SRM,VASP,0,Rio de Janei...,, ,A1
19661031-1,31-OCT-1966,Fairchild UC-123B Provider,54-597,USAF,0,near Lai Khe,,,C1
19661104-0,04-NOV-1966,Curtiss C-46A,HK-512,Aerocarga Colombia,0,Funza,, ,A1
19661105-0,05-NOV-1966,Ilyushin Il-14M,TZ-ABH,Air Mali,7,Cayolle Pass,, ,A1
19661109-0,09-NOV-1966,DH-114 Heron 1B,VQ-FAX,Fiji Airways,0,Suva,, ,U1
19661109-1,09-NOV-1966,BN-2A Islander,G-ATCT,Britten-Norman,2,near Oudega,, ,A1
19661111-0,11-NOV-1966,Lockheed EC-121H Super Constellatio,55-5262,USAF,19,"near Nantucket, M...",, ,A1
19661111-1,11-NOV-1966,Douglas C-47D,43-48961,USAF,0,unknown loca...,, ,A1
19661113-0,13-NOV-1966,NAMC YS-11-111,JA8658,All Nippon,50,Matsuyama Ai...,,,A1
19661115-0,15-NOV-1966,Boeing 727-21,N317PA,Pan Am,3,near Dallgow,, ,A1
19661117-0,17-NOV-1966,Curtiss C-46D,B-156,Air America,0,near Tam Ky,, ,C1
19661117-1,17-NOV-1966,Lockheed 18 Lodestar,N339,National Steel Corp.,0,Chicago-Merr...,, ,A1

19661119-0,19-NOV-1966,Curtiss C-46F,N68966,Carolina Aircraft,0,Keflavík Int...,, ,A1
19661120-0,20-NOV-1966,Martin 4-0-4,N40406,Piedmont Airlines,3,near New Bern Air...,, ,A1
19661120-1,20-NOV-1966,CV-2B Caribou (DHC-4),62-4167,US Army,,near Tuy Hoa,, ,A1
19661122-0,22-NOV-1966,Douglas R4D-1 (DC-3),VR-AAN,Aden Airways,30,Wadi Rabtah,, ,C1
19661122-1,22-NOV-1966,Ilyushin Il-18B,CCCP-75665,Aeroflot / Kazakstan,3,near Alma-Ata Air...,, ,A1
19661122-2,22-NOV-1966,DH-125-1A/522,N235KC,Kellogg,1,near Pinder Point,, ,A1
19661124-0,24-NOV-1966,Ilyushin Il-18V,LZ-BEN,TABSO,82,near Bratislava-I...,, ,A1
19661126-0,26-NOV-1966,Consolidated PBY-5A Catalina,FAC-621,SATENA,12,near La Pedrera A...,, ,A1
19661126-1,26-NOV-1966,Fairchild C-123B Provider,56-4367,USAF,0,Dau Tieng,,,A1
19661126-2,26-NOV-1966,Douglas DC-3, ,Unknown,2,"near Gulfport, MS",, ,A1
19661126-3,26-NOV-1966,Douglas C-47D (DC-3),44-76574,USAF,26,near Saigon-Tan S...,, ,A1
19661129-0,29-NOV-1966,Convair CV-440,N3414,Allegheny Airlines,0,Harrisburg A...,, ,A1
19661130-0,30-NOV-1966,Douglas C-47B (DC-3),OB-R-568,SATCO,,Chachapoyas ...,, ,A1
19661206-0,06-DEC-1966,Curtiss C-46A,ZP-CAP,Germa Inc,0,"near Olacaputos, SA",, ,A1
19661207-0,07-DEC-1966,Nord 2501 Noratlas,59/F-RBHI,French AF,4,Ariège,, ,A1
19661213-0,13-DEC-1966,Douglas C-47D (DC-3),43-48949,USAF,,,, ,A1
19661218-0,18-DEC-1966,Lockheed L-1649A Starliner,N7301C,Aerocondor de Colombia,17,Bogotá-Eldor...,,,A1
19661218-1,18-DEC-1966,Antonov An-2R,CCCP-46601,Aeroflot / Tajikistan,2,near Zafarabad,, ,A1
19661220-0,20-DEC-1966,Lockheed 18 Lodestar,N2222B,Executive Aviation,10,within Baja,, ,A1
19661224-0,24-DEC-1966,Canadair CL-44D4-1,N228SW,"Seaboard World, op.for Flying Tiger Line",4+ 107,near Da Nang Airp...,,,A1
19661224-1,24-DEC-1966,Douglas DC-8-51,XA-NUS,Aeronaves de México,0,Lake Texcoco,, ,A1
19661224-2,24-DEC-1966,Douglas C-47A (DC-3),HK-161,Avianca,29,Cerro Las An...,,,A1
19661230-1,30-DEC-1966,Douglas DC-7CF,N4059K,Airlift Int.,0,Saigon Airpo...,, ,A1
19669999-0,??-???-1966,Antonov An-2R,YU-BBJ,JAT Agricultural Aviation,,,, ,A1
19669999-1,??-???-1966,Antonov An-12, ,Soviet AF,0,Tyumen Airpo...,, ,A1
