identifiant,date,type,registration,operator,fat.,location, ,pic,cat

19740531-1,31-MAY-1974,Fokker F-27 Friendship 100,VH-EWL,East West Airlines,0,Bathurst-Rag...,, ,A1
19740599-1,??-MAY-1974,BN-2A Islander,5Y-AMG,Government of Kenya,,Addis Ababa-...,, ,A1
19740608-0,08-JUN-1974,Vickers 785D Viscount,HK-1058,Aerolíneas TAO,44,near Cúcuta-Camil...,,,A1
19740612-0,12-JUN-1974,Tupolev Tu-134A,YU-AJD,Aviogenex,0,Brussel-Zave...,, ,A2
19740612-1,12-JUN-1974,Lockheed PV-2 Harpoon,N7263C,Master Equipment Co.,2,"near Winslow, AZ",, ,A1
19740621-0,21-JUN-1974,Boeing 727-46,G-BAEF,Dan-Air Services,0,London-Luton...,,,A2
19740622-0,22-JUN-1974,SE-210 Caravelle VI-R,PH-TRH,Transavia Holland,0,Amsterdam-Sc...,,,A1
19740624-0,24-JUN-1974,Grumman G-1159 Gulfstream II,N720Q,IBM,3,"near Kline, SC",, ,A1
19740624-1,24-JUN-1974,Ilyushin Il-18E,CCCP-75405,Aeroflot / Uzbekistan,1,near Tashkent-Yuz...,, ,A1
19740627-0,27-JUN-1974,Consolidated P4Y-2B Privateer,N7237C,SS&T Aerial Contractors,2,"near Safford, AZ",,,A1
19740627-1,27-JUN-1974,Boeing S.307B-1 Stratoliner,XW-TFR,Cambodia Air Commercial,19,near Battambang A...,, ,A1
19740627-2,27-JUN-1974,Fairchild C-119G Flying Boxcar,2301,Brazilian AF,2,Rio de Janei...,, ,A1
19740629-0,29-JUN-1974,Antonov An-2M,CCCP-02383,"Aeroflot, Moscow SPiMVL",1,near Demidovo,, ,A1
19740703-0,03-JUL-1974,Douglas DC-3,XW-PKT,Lane Xang Airlines,,Kompong Som ...,, ,U1
19740704-0,04-JUL-1974,Antonov An-2,CCCP-92836,Aeroflot / Komi,2,near Usinsk Airport,, ,A1
19740706-0,06-JUL-1974,Antonov An-24T, ,Soviet AF,5,"near Sinitsyno, A...",, ,A1
19740708-0,08-JUL-1974,A.W. AW-650 Argosy 101,N894U,Duncan Aviation,0,near Point Hope A...,, ,A1
19740708-1,08-JUL-1974,DC-10-10,N60NA,National Airlines,0,"near Tampa, FL",,,A2
19740710-0,10-JUL-1974,DHC-6 Twin Otter 300,FAP-303,Peruvian AF,,,, ,U1
19740710-1,10-JUL-1974,Tupolev Tu-154,SU-AXB,EgyptAir,6,near Cairo,,,A1
19740715-0,15-JUL-1974,Douglas C-54A (DC-4),B-1811,"China Airlines, lst Air Cambodge",,Battambang A...,, ,U1
19740715-1,15-JUL-1974,DC-8, ,JAL,0,Nagoya,, ,H2
19740719-0,19-JUL-1974,Antonov An-12, ,Egyptian AF,5,Cairo,, ,A1
19740720-0,20-JUL-1974,Dornier Do 28D-1 Skyservant,100..,Turkish Army,,near Nicosia,, ,C1
19740722-0,22-JUL-1974,Hawker Siddeley HS-121 Trident 1E,5B-DAE,Cyprus Airways,0,Nicosia Airp...,,,C1
19740722-1,22-JUL-1974,Hawker Siddeley HS-121 Trident 2E,5B-DAB,Cyprus Airways,0,Nicosia Airp...,,,C1
19740722-2,22-JUL-1974,Nord 2501D Noratlas,52-133,Hellenic AF,31,near Nicosia Airp...,, ,C1
19740722-3,22-JUL-1974,Nord 2501D Noratlas,52-139,Hellenic AF,2,Nicosia Airp...,, ,C1
19740722-4,22-JUL-1974,Nord 2501D Noratlas,52-143,Hellenic AF,0,Nicosia Airp...,, ,A1
19740722-5,22-JUL-1974,Nord 2501D Noratlas,53-207,Hellenic AF,0,Nicosia Airp...,, ,C1
19740723-0,23-JUL-1974,Antonov An-2TD,SP-ANG,APRL,,,, ,A1
19740724-0,24-JUL-1974,Fokker F-27 Friendship 500,F-BPUI,Air France,3,near Héric,, ,A2
19740724-1,24-JUL-1974,Douglas DC-4,HK-728,Aeronorte,3,El Libano,, ,A1
19740724-2,24-JUL-1974,Boeing 727-24C,HK-1271,Avianca,1,Cali Airport...,, ,H2
19740727-0,27-JUL-1974,Fairchild C-123K Provider,ST-4,Air America,5,near Moc Hoa,, ,C1
19740727-1,27-JUL-1974,Antonov An-2TP,CCCP-35029,Aeroflot / Sasovo FS,3,"Pitelino, Rj...",, ,A1
19740802-0,02-AUG-1974,Douglas DC-6B Tanker,CF-PWA,Conair Aviation,3,"near Kamloops, BC",,,A1
19740805-0,05-AUG-1974,Douglas C-47A (DC-3),C-FTAT,Laurentian Air Services,5,"near Bagotville, QC",, ,A1
19740805-2,05-AUG-1974,Douglas C-47B (DC-3),ET-ABE,Ethiopian Airlines,0,Mota Airport...,, ,A1
19740806-1,06-AUG-1974,Fokker F-27 Friendship 500,F-BPNF,Air Inter,0,Quimper Airp...,,,C1
19740807-0,07-AUG-1974,Martin 4-0-4,HK-1485,Aero Proveedora Proa,2,near Mariquita Ai...,,,A1
19740809-0,09-AUG-1974,CC-115 Buffalo (DHC-4),115461,"UN, opb RCAF",9,near Dimas,, ,C1
19740811-0,11-AUG-1974,Ilyushin Il-18V,TZ-ABE,Air Mali,47,Linoghin,,,A1
19740812-0,12-AUG-1974,Douglas C-47 (DC-3),HK-508,Avianca,27,near Cali,, ,A1
19740814-0,14-AUG-1974,Vickers 749 Viscount,YV-C-AMX,LAV,48,near Porlamar Air...,, ,A1
19740818-0,18-AUG-1974,Lockheed C-130H Hercules,9T-TCD,Zaire AF,31,near Kisangani,, ,A1
19740818-1,18-AUG-1974,Lockheed C-141A-LM Starlifter,65-0274,USAF,7,near La Paz-El Al...,, ,A1
19740824-0,24-AUG-1974,BN-2A-3 Islander,ZS-IZZ,Emric Air,0,Richards Bay,, ,A1
19740826-0,26-AUG-1974,Curtiss C-46F,N9760Z,Tri-9 Corp.,0,Phnom Penh A...,, ,O1
19740826-1,26-AUG-1974,Boeing 707, ,TWA,0,Roma-Fiumici...,, ,C2
19740828-0,28-AUG-1974,Antonov An-2V,CCCP-04302,Aeroflot / Yakutsk,0,Andryushkino,, ,A2
19740829-0,29-AUG-1974,DHC-4A Caribou,N90569,Masin Aircraft Co.,0,near Valence-Chab...,, ,A1
19740830-0,30-AUG-1974,Lockheed L-100 Hercules,N100AK,Alaska Int. Air,0,Galbraith La...,, ,O1
19740830-1,30-AUG-1974,Antonov An-2R,SP-WLT,ZUA,,Redlo,, ,A1
19740831-0,31-AUG-1974,Learjet 25B,N366AA,Colorado Flying Academy,4,"near Briggsdale, CO",, ,A1
19740901-0,01-SEP-1974,Martin 4-0-4,N40427,GSD Aircraft Leasing,0,Norfolk Regi...,,,O1
19740904-0,04-SEP-1974,DC-9, ,Eastern Air Lines,0,Boston-Logan...,, ,H2
19740906-0,06-SEP-1974,Nord 2501 Noratlas,143,French AF,4,near Petreto-Bicc...,, ,A1
19740907-0,07-SEP-1974,Fokker F-27 Friendship 600,PK-GFJ,Garuda,33,Bandar Lampu...,, ,A1
19740907-1,07-SEP-1974,Douglas C-47A (DC-3),BJ920,Indian AF,,,, ,U1
19740908-0,08-SEP-1974,Boeing 707-331B,N8734,TWA,88,"near Cephalonia, ...",, ,C1
19740908-1,08-SEP-1974,Curtiss C-46D,TI-1010C,TAISA,4,near Port-au-Prince,,,A1
19740909-0,09-SEP-1974,DHC-6 Twin Otter 100,941,Chilean AF,5,near Puerto Montt...,, ,A1
19740911-0,11-SEP-1974,Boeing 727-41,PP-VLH,Varig,0,Recife Inter...,,,A2
19740911-1,11-SEP-1974,DC-9-31,N8984E,Eastern Air Lines,72,near Charlotte-Do...,,,A1
19740913-0,13-SEP-1974,Boeing 720-025,OY-DSR,Conair,0,Kobenhavn-Ka...,,,A1
19740915-0,15-SEP-1974,Boeing 727-121C,XV-NJC,Air Vietnam,75,near Phan Rang Ai...,,,H1
19740917-0,17-SEP-1974,Shorts SC.7 Skyvan 3M-400,909,Oman AF,,Tawi Atair,, ,U1
19740918-0,18-SEP-1974,C-115 Buffalo (DHC-5),2366,Brazilian AF,20,near Ponta Porã I...,, ,A1
19740919-0,19-SEP-1974,Grumman SA-16B Albatross (HU-16),AN.1A-1,Spanish AF,3,near Cabo de Palos,, ,A1
19740920-0,20-SEP-1974,Douglas C-47 (DC-3), ,Nicaraguan AF,7,Lago Xolotlán,, ,A1
19740927-0,27-SEP-1974,Lockheed C-5A Galaxy,68-0227,USAF,0,Clinton Muni...,,,A1
19740930-0,30-SEP-1974,Fokker F-27 Friendship 400M,5-211,Iran AF,,Saharood,, ,A1
19740930-1,30-SEP-1974,Lockheed C-130E Hercules,63-7802,USAF,,Okinawa-Kade...,, ,A1
19740930-2,30-SEP-1974,Grumman G-73 Mallard,N2965,U.S. Dept of Interior,4,near Alaska,,,A1
19741001-0,01-OCT-1974,Douglas C-124C Globemaster II,51-0075,USAF,,Anchorage-El...,, ,O1
19741001-1,01-OCT-1974,Volpar Turboliner,N357V,Winship Air Services,6,Lupine Airst...,, ,A1
19741002-0,02-OCT-1974,BN-2A Islander,N864JA,North Cay Airways,2,near Saint Thomas,, ,A1
19741004-0,04-OCT-1974,Douglas DC-6B,OO-VGB,DAT,0,Southend Mun...,,,A1
19741005-0,05-OCT-1974,Douglas DC-3, ,Unknown,6,,, ,A1
19741007-0,07-OCT-1974,Vickers Viscount, ,FEAT,0,,, ,H2
19741008-0,08-OCT-1974,Douglas DC-3,XW-PKX,Khmer Airlines,0,Krakor Airpo...,, ,A1
19741009-0,09-OCT-1974,Douglas Tp 79 (C-47-DL),79005,Swedish AF,0,Nyköping Air...,,,A1
19741011-0,11-OCT-1974,FMA IA 50 Guaraní II,T-113,Argentine AF,,"Cutral Có, NE",, ,A1
19741011-1,11-OCT-1974,Fairchild C-123K Provider,690,Khmer Air Force,2,Svay Rieng p...,, ,C1
19741013-0,13-OCT-1974,Lockheed WC-130H Hercules,65-0965,USAF,6,near Clark Air Ba...,, ,A1
19741015-0,15-OCT-1974,Curtiss C-46D,XW-PBW,Royal Air Lao,5,near Vientiane,, ,A1
19741018-0,18-OCT-1974,Antonov An-12B,CCCP-11030,Aeroflot / East Siberia,1,near Yeniseysk Ai...,, ,A1
19741018-2,18-OCT-1974,C-115 Buffalo (DHC-5),2356,Brazilian AF,2,near Rio de Janei...,, ,A1
19741019-0,19-OCT-1974,Douglas C-47B (DC-3),RP-C643,Mabuhay Airways,1,near Calapan Airp...,,,A1
19741020-0,20-OCT-1974,Antonov An-2R,YR-APV,Aviatia Utilitara,1,Topraisar,, ,A1
19741022-0,22-OCT-1974,Douglas C-47A (DC-3),PP-FOR,Projeto Rondon,9,"Bias Fortes, MG",,,A1
19741027-0,27-OCT-1974,Lockheed L-100 Hercules,N102AK,Alaska Int. Air,4,near Old Man's Ca...,, ,A1
19741030-0,30-OCT-1974,Lockheed L-188PF Electra,CF-PAB,Panarctic Oils,32,near Rea Point Ai...,, ,A1
19741099-0,??-OCT-1974,BN-2 Islander,TR-LNF,Air Inter Gabon,,Port Gentil ...,, ,U1
19741101-0,01-NOV-1974,Handley Page Jetstream T.1,XX477,RAF,0,Little Rissi...,, ,A1
19741101-1,01-NOV-1974,Antonov An-2,CCCP-70766,Aeroflot / Tyumen,6,near Surgut,, ,A1
19741105-0,05-NOV-1974,Douglas C-47A (DC-3),ETI-19,Turkish AF,,Ankara-Etime...,, ,A1
19741105-1,05-NOV-1974,Tupolev Tu-104B,CCCP-42501,Aeroflot / Far East,0,Chita Airpor...,, ,A1
19741106-0,06-NOV-1974,Lockheed L-188PF Electra,N7140C,Reeve Aleutian Airways,0,Anchorage In...,,,O1

19740101-0,01-JAN-1974,Fokker F-28 Fellowship 1000,I-TIDE,Itavia,38,near Torino Airpo...,,,A1
19740102-0,02-JAN-1974,Douglas DC-6B,OH-KDC,private,0,Antwerpen-De...,,,O1
19740103-0,03-JAN-1974,DC-9-32, ,Air Jamaica,0,Kingston,, ,H2
19740104-0,04-JAN-1974,Sabreliner 40,N34W,Midwest Oil,2,"Midland, TX",, ,A1
19740105-0,05-JAN-1974,Lockheed 18 Lodestar,HK-1146,Aeropesca Colombia,0,Bogotá-Eldor...,, ,A1
19740106-0,06-JAN-1974,Beech 99A,N125AE,Air East,12,Johnstown-Ca...,, ,A1
19740106-1,06-JAN-1974,Antonov An-24B,CCCP-46357,Aeroflot / Ukraine,24,Mukachevo,, ,A1
19740106-2,06-JAN-1974,Curtiss C-46F,CP-990,SAB,4,Unduavi,, ,A1
19740107-0,07-JAN-1974,Antonov An-12BP, ,Soviet AF,26,near Vitebsk Airp...,, ,A1
19740108-0,08-JAN-1974,Douglas VC-47B (DC-3),6162,Portuguese AF,0,Vila Cabral ...,,,A1
19740109-0,09-JAN-1974,Hawker Siddeley HS-748,FAC-1103,SATENA,32,near Florencia,, ,A1
19740110-0,10-JAN-1974,Douglas DC-4,TAM-52,TAM,24,between Sant...,, ,A1
19740111-0,11-JAN-1974,Lockheed 18 Learstar,N711FN,Florida Airways International,1,"near Placida, FL",, ,A1
19740114-0,14-JAN-1974,Lockheed 18 Lodestar,N2375,Air Caribbean,3,near Pompano Beac...,, ,A1
19740115-0,15-JAN-1974,North-American-Rockwell Sabreliner ,N5565,Kerr-McGee Corp,2,Oklahoma Cit...,, ,A1
19740116-0,16-JAN-1974,Boeing 707-131B,N757TW,TWA,0,Los Angeles ...,,,A1
19740117-0,17-JAN-1974,Douglas C-47 (DC-3),7251,Republic of China AF,,unknown,, ,U1
19740117-2,17-JAN-1974,Douglas DC-3A-191,HK-1216,Cessnyca,12,near Chigorodó,, ,A1
19740118-0,18-JAN-1974,Dassault Falcon 20C,N7824M,Cauble Enterprises,0,Fort Worth-M...,, ,A1
19740118-1,18-JAN-1974,Douglas C-47B (DC-3),960,Chilean AF,0,near Chaitén,, ,A1
19740119-0,19-JAN-1974,Douglas C-47A (DC-3),TAM-30,TAM,0,Laja Airport,, ,A1
19740121-0,21-JAN-1974,Douglas C-47A (DC-3),PK-GDC,"Trans Nusantara, lsf Garuda",0,Broome Airpo...,, ,A1
19740121-1,21-JAN-1974,Vickers 745D Viscount,HK-1319,Aeropesca Colombia,0,Havana-Ranch...,, ,H2
19740122-0,22-JAN-1974,Antonov An-2R,CCCP-33225,Aeroflot / North Kavkaz,2,Yegorlykskay...,, ,A1
19740124-0,24-JAN-1974,Douglas C-47A (DC-3),5V-MAG,Togo AF,4,near Sarakawa,,,A1
19740125-0,25-JAN-1974,Antonov An-24B,CCCP-46277,Aeroflot / Privolzhsk,4,near Rostov,, ,A1
19740125-1,25-JAN-1974,SE-210 Caravelle III,OY-KRA,SAS,0,Stockholm-Ar...,,,O1
19740126-0,26-JAN-1974,Fokker F-28 Fellowship 1000,TC-JAO,THY,66,Izmir-Cumaov...,,,A1
19740128-0,28-JAN-1974,DHC-6 Twin Otter 300,CF-DIJ,Bradley Air Services,0,Carp Airport...,, ,O1
19740128-1,28-JAN-1974,Douglas C-47B (DC-3),CF-TVK,Bradley Air Services,0,Carp Airport...,, ,O1
19740130-0,30-JAN-1974,Boeing 707-321B,N454PA,Pan Am,97,near Pago Pago In...,,,A1
19740201-0,01-FEB-1974,BAC One-Eleven 520FN,PP-SDQ,Transbrasil,0,São Paulo-Co...,,,A1
19740205-0,05-FEB-1974,Antonov An-2R,CCCP-01579,Aeroflot / North Kavkaz,0,near Makhachkala,, ,A1
19740206-0,06-FEB-1974,Douglas DC-6A,CP-947,ALCON,0,San Juan,,,A1
19740209-0,09-FEB-1974,T-39A Sabreliner,60-3506,USAF,7,near Colorado-Spr...,, ,A1
19740209-1,09-FEB-1974,Boeing NKC-135A,55-3120,USAF,0,near Colorado-Spr...,,,A2
19740215-0,15-FEB-1974,Convair CV-440-38,TI-1086C,APSA,0,near Managua-Las ...,, ,A2
19740220-0,20-FEB-1974,Douglas C-54A (DC-4),XV-NUM,Air Vietnam,3,Hue Airport ...,, ,H1
19740222-0,22-FEB-1974,DC-9, ,Delta Air Lines,2+ 1,Baltimore/Wa...,, ,H2
19740222-1,22-FEB-1974,Curtiss C-46A,CP-1052,SAVCO,7,near San Francisc...,, ,A1
19740223-1,23-FEB-1974,Douglas TC-47B (DC-3),HK-1333,Aerotal Colombia,0,near Marmato,, ,A2
19740225-0,25-FEB-1974,Fairchild C-123K Provider,56-4377,Khmer Air Force,14,near Phnom Penh,, ,A1
19740227-0,27-FEB-1974,North-American-Rockwell Sabreliner ,CF-BRL,Brethour Realty Services,9,Newton Fiord...,, ,A1
19740228-0,28-FEB-1974,Lockheed C-130E Hercules,5-122,Iran AF,10,near Tehran-Mehra...,, ,A1
19740299-2,??-FEB-1974,Nord 2501D Noratlas,HC-AXG,ATESA,,Montalvo,, ,U1
19740303-0,03-MAR-1974,Douglas DC-7CF,EI-AWG,Aer Turas,0,London-Luton...,,,A1
19740303-1,03-MAR-1974,DC-10-10,TC-JAV,THY,346,Bois d'Ermen...,,,A1
19740303-2,03-MAR-1974,Vickers Super VC10-1151,G-ASGO,BOAC,0,Amsterdam-Sc...,,,H1
19740303-3,03-MAR-1974,Lockheed 18 Learstar,CP-1024,private,0,Normandia,, ,A1
19740303-4,03-MAR-1974,Lockheed 18 Learstar I,N32L,Tiffany Realty,1,"Lake Placid, FL",, ,A1
19740305-0,05-MAR-1974,NAMC YS-11A-202,N208PA,PSA,0,near Borrego Spri...,,,A1
19740305-1,05-MAR-1974,Boeing KC-135A,57-1500,USAF,2,near Wichita-McCo...,, ,A1
19740305-2,05-MAR-1974,Boeing KC-135, ,USAF,1,"near Fort Nelson, BC",, ,A2
19740305-3,05-MAR-1974,Grumman G-73 Mallard,CF-HPA,North Coast Air Services,3,near Prince Ruper...,, ,A1
19740307-0,07-MAR-1974,Douglas DC-3,959,Chilean AF,,unknown,, ,U1
19740307-1,07-MAR-1974,Douglas DC-4-1009,9Q-CBH,Air Zaire,0,Gemena Airpo...,,,A1
19740308-0,08-MAR-1974,Antonov An-24,XW-TCA ?,Pathet Lao Airlines,18,near Hanoi,, ,A1
19740312-0,12-MAR-1974,Boeing 747, ,JAL,0,Naha,, ,H2
19740313-0,13-MAR-1974,Convair CV-440,N4819C,Sierra Pacific Airlines,36,near Bishop Airpo...,, ,A1
19740315-0,15-MAR-1974,SE-210 Caravelle 10B3,OY-STK,Sterling Airways,15,Tehran-Mehra...,,,A1
19740320-0,20-MAR-1974,Fokker F-27 Friendship 200,5Y-AAC,East African Airways,0,Entebbe Airp...,, ,H2
19740322-0,22-MAR-1974,Lisunov Li-2,CCCP-73960,Aeroflot / Uralsk,3,near Kirov Airpor...,, ,A1
19740322-1,22-MAR-1974,SE-210 Caravelle III,F-BSRY,Air Inter,0,Bastia-Poret...,,,O1
19740323-0,23-MAR-1974,DC-8-63CF,N6164A,Airlift Int.,0+ 1,Fairfield-Tr...,,,O1
19740323-1,23-MAR-1974,Lockheed 18 Lodestar,N850M,CIM Associates,0,Asunción Int...,, ,A1
19740330-0,30-MAR-1974,Boeing 727, ,National Airlines,0,Sarasota-Bra...,, ,H2
19740331-0,31-MAR-1974,Beech 99,N848NS,Air South,0,Brunswick-Ma...,, ,A1
19740401-0,01-APR-1974,Boeing 707-437,VT-DNZ,Air-India,0,Hong Kong-Ka...,, ,A2
19740403-0,03-APR-1974,Dornier Do 28D-1 Skyservant,N3799,Munz Northern Airlines,0,"Elim, AK",, ,A1
19740404-0,04-APR-1974,Douglas DC-4,A2-ZER,Wenela,78,near Francistown ...,, ,A1
19740406-0,06-APR-1974,Avia 14,CCCP-52053,Aeroflot / Yakutsk,0,Ust-Kuiga Ai...,, ,A1
19740409-0,09-APR-1974,Yakovlev Yak-40,CCCP-87369,Aeroflot / Privolzhsk,,Kazan Airpor...,, ,A1
19740416-0,16-APR-1974,Antonov An-2,CCCP-33085,Aeroflot / Georgia,0,near Kutaisi,, ,A1
19740418-0,18-APR-1974,BAC One-Eleven 518FG,G-AXMJ,Court Line Aviation,0,London-Luton...,, ,A2
19740419-0,19-APR-1974,Lockheed L-1011 TriStar 1,N31007,TWA,0,Boston-Logan...,, ,O1
19740420-0,20-APR-1974,Lockheed C-130E Hercules,62-1841,USAF,6,Guam-Agana N...,, ,A1
19740420-1,20-APR-1974,Douglas C-47A (DC-3),XW-TFL,Air Union,0+ 6,Svay Rieng A...,, ,A1
19740422-0,22-APR-1974,Boeing 707-321B,N446PA,Pan Am,107,near Denpasar,,,A1
19740426-0,26-APR-1974,Douglas C-47 (DC-3),HJ254,Indian AF,,,, ,U1
19740427-1,27-APR-1974,Ilyushin Il-18V,CCCP-75559,Aeroflot / Leningrad,109,near Leningrad-Pu...,, ,A1
19740428-1,28-APR-1974,DHC-6 Twin Otter 300,N389EX,Air America,0,Sala Phou Koun,, ,A1
19740430-1,30-APR-1974,Beech 99,N853SA,Metro Airlines,6,Galveston-Sc...,, ,A1
19740430-2,30-APR-1974,Fokker F-27 Friendship 200,XY-ADM,Burma Airways,0,Bassein Airp...,, ,A1
19740501-0,01-MAY-1974,Antonov An-12B,CCCP-12950,Aeroflot / Krasnoyarsk,1,Polar Statio...,, ,A1
19740502-0,02-MAY-1974,Douglas C-47 (DC-3),HC-AUC,ATESA,20,near Banos,, ,A1
19740502-1,02-MAY-1974,Yakovlev Yak-40,CCCP-87398,Aeroflot / Central Region,1,Rostov Airpo...,, ,A1
19740506-0,06-MAY-1974,Douglas DC-6A,TF-OAE,Fragtflug,3,near Nürnberg,,,A1
19740509-0,09-MAY-1974,Fairchild C-119 Flying Boxcar,3166,Republic of China AF,,unknown,, ,U1
19740509-1,09-MAY-1974,Ilyushin Il-18V,CCCP-75425,Aeroflot / Uralsk,0,Ivano-Franko...,, ,A1
19740510-0,10-MAY-1974,Boeing 727-59,HK-1337,Avianca,1,Bogotá-Eldor...,, ,H2
19740513-0,13-MAY-1974,Fairchild C-123K Provider,ST-3,Air America,0,near Tay Ninh,, ,C1
19740513-1,13-MAY-1974,Antonov An-2,CCCP-23664,Aeroflot / Ukraine,0,within Crimea,, ,A1
19740519-0,19-MAY-1974,Antonov An-2SX,CCCP-25487,Aeroflot / Uzbekistan,0,Samarkand re...,, ,A1
19740519-1,19-MAY-1974,A.W. AW-650 Argosy 101,N891U,U.S. Dept of Interior,0,Anchorage-Ca...,,,A1
19740519-2,19-MAY-1974,CSR-123 Otter (DHC-3),9411,RCAF,1,"near Baudette, MN",, ,A1
19740523-1,23-MAY-1974,Lockheed L-100-30 Hercules,N14ST,Saturn Airways,4,"near Springfield, IL",, ,A1
19740523-2,23-MAY-1974,Yakovlev Yak-40,CCCP-87579,Aeroflot / Ukraine,29,near Kiev,, ,A1
19740526-0,26-MAY-1974,Grumman HU-16A Albatross,PB-51.,Indonesian AF,10,within Sulawesi,, ,A1
19740528-0,28-MAY-1974,Douglas DC-3,XW-TFN,Air Union,0,Kompong Cham...,, ,A1
19740531-0,31-MAY-1974,Bristol 170 Freighter 31E,CF-QWJ,Lambair,2,Rankin Inlet...,, ,A1

19741106-1,06-NOV-1974,NAMC YS-11A-320,N172RV,Reeve Aleutian Airways,0,Anchorage In...,,,O1
19741106-2,06-NOV-1974,Douglas C-47 (DC-3),N76,FAA,0,Anchorage In...,, ,O1
19741106-3,06-NOV-1974,Sud-Aviation SE-210 Caravelle, ,Alia,0,Benghazi,, ,H2
19741107-0,07-NOV-1974,BN-2A Islander,OY-DVJ,GAC,3,near Sønderborg,, ,A2
19741111-0,11-NOV-1974,Douglas DC-3,TAM-34,TAM,,near Sorato Mt.,, ,A1
19741112-0,12-NOV-1974,Douglas C-47A (DC-3),2050,Brazilian AF,7,"Tomé-Açu, PA",, ,A1
19741113-0,13-NOV-1974,Nord 2501D Noratlas,6419,Portuguese AF,0,Funchal Airp...,, ,C1
19741114-0,14-NOV-1974,Ilyushin Il-14M,CCCP-91515,Aeroflot / Ukraine,6,near Kiev-Zhulhya...,, ,A1
19741115-0,15-NOV-1974,Douglas C-47A (DC-3),RP-C570,OASIS,1,near Manila Inter...,,,A1
19741115-1,15-NOV-1974,DHC-4A Caribou,JW9015,Tanzanian AF,,,, ,A1
19741120-0,20-NOV-1974,Boeing 747-130,D-ABYB,Lufthansa,59,Nairobi Inte...,,,A1
19741120-1,20-NOV-1974,Douglas C-47A (DC-3),ET-AAR,Ethiopian Airlines,2,Soddu Airpor...,, ,A1
19741121-0,21-NOV-1974,Dassault Falcon 20E,EP-AGX,Air Taxi Co.,2,near Kermanshah A...,, ,A1
19741122-0,22-NOV-1974,Cessna 500 Citation I,EC-CGG,Alpa,4,near Barcelona Ai...,, ,A1
19741122-1,22-NOV-1974,Vickers Super VC10-1151,G-ASGR,British Airways,1,"Dubai, Tripo...",, ,H2
19741123-0,23-NOV-1974,DC-9-32,YU-AJN,JAT,0,near Beograd Airp...,,,A1
19741123-1,23-NOV-1974,Boeing 727, ,All Nippon,0,Sapporo,, ,H2
19741128-0,28-NOV-1974,Douglas C-54B (DC-4),B-1801,"China Airlines, op.for Air Cambodge",3,near An Loc,, ,C1
19741129-0,29-NOV-1974,Douglas C-54D (DC-4),FAH-799,Honduras AF,4,near Cerro de la ...,, ,A1
19741129-1,29-NOV-1974,Boeing 737-200, ,Canadian Pacific,0,Saskatoon Ai...,, ,H2
19741201-0,01-DEC-1974,Boeing 727-231,N54328,TWA,92,"Upperville, VA",,,A1
19741201-1,01-DEC-1974,Boeing 727-251,N274US,Northwest Orient Airlines,3,"Stony Point, NY",, ,A1
19741201-2,01-DEC-1974,DC-8, ,Swissair,0,Karachi Inte...,, ,H2
19741201-3,01-DEC-1974,Beech 100 King Air,N50PC,Southern Services,2,Birmingham A...,, ,A1
19741204-0,04-DEC-1974,Antonov An-12B,CCCP-12985,Aeroflot / East Siberia,0,Irkutsk Airp...,, ,A1
19741204-2,04-DEC-1974,Douglas DC-8-55F,PH-MBH,Martinair Holland,191,Maskeliya,,,A1
19741204-3,04-DEC-1974,Antonov An-2R,CCCP-49342,Aeroflot / East Siberia,13,Irkutsk Airp...,, ,A1
19741208-0,08-DEC-1974,Antonov An-2R,CCCP-05783,Aeroflot / Ukraine,0,Kiev region,, ,A1
19741209-0,09-DEC-1974,Ilyushin Il-18D,YR-IMK,"EgyptAir, lsf Tarom",6,near Jeddah Inter...,,,A1
19741209-1,09-DEC-1974,Antonov An-2T,CCCP-44917,Aeroflot / East Siberia,0,near Kirensk,, ,A1
19741211-0,11-DEC-1974,Lockheed L-188AF Electra,N400FA,Fairbanks Air Service,0,Prudhoe Bay/...,,,A1
19741214-0,14-DEC-1974,Yakovlev Yak-40,CCCP-87630,Aeroflot / Tajikistan,7,Bukhara Airp...,, ,A1
19741215-0,15-DEC-1974,Douglas C-50-DO (DC-3),XW-TFI,Khemara Air,,Takeo,, ,A1
19741218-0,18-DEC-1974,Lockheed C-130A Hercules,56-0521,Vietnam Air Force - VNAF,,Song Be,, ,O1
19741222-0,22-DEC-1974,Canadair CL-44D4-1,G-AWSC,Tradewinds Airways,0,Lusaka Airpo...,,,A1
19741222-1,22-DEC-1974,DC-9-14,YV-C-AVM,AVENSA,75,near Maturin,,,A1
19741224-0,24-DEC-1974,Handley Page HPR-7 Herald 203,G-BBXJ,BIA,0,Jersey-State...,,,A1
19741224-1,24-DEC-1974,Antonov An-2,CCCP-15890,Aeroflot / West Siberia,1,"near Baturino, As...",, ,A1
19741225-0,25-DEC-1974,Curtiss C-46A,XW-PKJ,"Lane Xang Airlines, op.for Cambodian International",2,Bannak,,,A1
19741225-1,25-DEC-1974,Douglas C-47B (DC-3),PK-RDB,Seulawah Air Services,0,Darwin Airpo...,, ,O1
19741225-2,25-DEC-1974,Lockheed C-130A Hercules,55-0016,Vietnam Air Force - VNAF,,Song Be,, ,C1
19741225-3,25-DEC-1974,Boeing 747-237B, ,Air-India,0,Roma-Fiumici...,, ,H2
19741225-4,25-DEC-1974,Douglas C-47B (DC-3),A65-104,RAAF,0,Darwin Airpo...,, ,O1
19741226-0,26-DEC-1974,Grumman American G-1159 Gulfstream ,5V-TAA,Togo Government,3,Lome Airport...,, ,A1
19741226-1,26-DEC-1974,BN-2A Islander,N66HA,Harbor Airlines,4,near Seattle/Taco...,, ,A1
19741227-0,27-DEC-1974,Rockwell Sabreliner 60,N920G,Anchor Hocking Glass Corp.,3,near Lancaster-Fa...,, ,A1
19741227-1,27-DEC-1974,Antonov An-2R,CCCP-09611,Aeroflot / Far East,0,near Khabarovsk,, ,A1
19741228-0,28-DEC-1974,Lockheed 18 Lodestar,TG-HTM,private,24,Tikal-El Pet...,, ,A1
19741229-0,29-DEC-1974,Antonov An-24RV,YR-AMD,Tarom,33,near Sibiu Airpor...,, ,A1
19741230-0,30-DEC-1974,Morane Saulnier (FMA) MS.760 Paris ,E-214,Argentine AF,2,"Rio Cuarto, CD",, ,A1
19749999-0,??-???-1974,Convair CV-340-49,N18837,Tri-9 Corp.,,Phnom Penh-P...,, ,U1
