identifiant,date,type,registration,operator,fat.,location, ,pic,cat

19880102-1,02-JAN-1988,Boeing 737-230,D-ABHD,Condor Flugdienst,16,near Seferihisar,,,A1
19880104-0,04-JAN-1988,DC-9, ,Aeroméxico,0,Monterrey,, ,H2
19880105-0,05-JAN-1988,unknown, ,Iran Air,0,Tehran-Mehra...,, ,H2
19880108-0,08-JAN-1988,Yakovlev Yak-40K,D2-TYD,TAAG,0,Luanda Airpo...,, ,A1
19880108-1,08-JAN-1988,Learjet 36A,N79SF,Phoenix Air,2,near Monroe Munic...,, ,A1
19880110-1,10-JAN-1988,NAMC YS-11-109,JA8662,TOA Domestic,0,Yonago-Miho ...,, ,A1
19880111-0,11-JAN-1988,Shorts 330-200,G-BHWT,Fairflight,0,Southend Mun...,,,A1
19880111-1,11-JAN-1988,Vickers 806 Viscount,G-APIM,BAF,0,Southend Mun...,,,O1
19880112-0,12-JAN-1988,Swearingen SA226-AT Merlin IV,C-GJWW,Air Toronto,0,Hamilton Air...,,,A1
19880115-0,15-JAN-1988,Dassault Falcon 20F,VR-BJB,Segas International,0,Lugano Airpo...,, ,A1
19880117-0,17-JAN-1988,Boeing 737-2T2,N4571M,Delta Air Lines,0,Vancouver In...,, ,A2
19880118-0,18-JAN-1988,Hawker Siddeley HS-125-600B,XA-KUT,Aero Astra,1,Houston-Will...,,,A1
19880118-3,18-JAN-1988,Ilyushin Il-18D,B-222,China Southwest,108,near Chongqing Ba...,, ,A1
19880118-5,18-JAN-1988,Curtiss C-46A,CP-1244,ETA,9,near La Paz,, ,A1
19880118-6,18-JAN-1988,Tupolev Tu-154B-1,CCCP-85254,Aeroflot / Turkmenistan,11,Krasnovodsk ...,, ,A1
19880119-0,19-JAN-1988,DHC-6 Twin Otter 200,N996SA,Mountain Air Cargo,0,near Charlotte-Do...,, ,A1
19880119-1,19-JAN-1988,BN-2A-26 Islander,B-11125,Taiwan Airlines,10,near Green Island...,, ,A1
19880119-3,19-JAN-1988,Swearingen SA227-AC Metro III,N68TC,Trans-Colorado Airlines,8,near Durango-La P...,, ,A1
19880123-0,23-JAN-1988,Douglas DC-6, ,Nicaraguan Contras,9,near San Carlos,, ,C1
19880124-0,24-JAN-1988,Yakovlev Yak-40,CCCP-87549,Aeroflot / Privolzhsk,27,near Nizhnevartov...,, ,A1
19880129-0,29-JAN-1988,Vickers 953C Vanguard,F-GEJF,Inter Cargo Service,0,Toulouse-Bla...,,,A1
19880130-0,30-JAN-1988,CASA C-212 Aviocar 200,FAP-215,Panamese AF,16,within Darién Province,, ,A1
19880201-0,01-FEB-1988,Swearingen SA226-TC Metro II,F-GERV,Air Vendée,0,Rouen,,,U1
19880202-1,02-FEB-1988,Convair CV-580,N5808,Aspen Airways,0,Durango-La P...,,,A1
19880208-0,08-FEB-1988,Douglas AC-47,L2-34/13/789,Thai AF,,Bangkok Inte...,, ,A1
19880208-1,08-FEB-1988,Boeing 707-349C,D2-TOI,TAAG,0,Luanda-4 de ...,,,A1
19880208-2,08-FEB-1988,Swearingen SA227-AC Metro III,D-CABB,NFD,21,near Kettwig,,,A1
19880208-3,08-FEB-1988,Antonov An-32,K2713,Indian AF,,"Tuting, Arun...",, ,U1
19880209-0,09-FEB-1988,BAe 3102 Jetstream 31,N823JS,"Piedmont Commuter, opb Jetstream International",3,Springfield ...,,,A1
19880211-0,11-FEB-1988,Swearingen SA226-TC Metro II,C-GJDX,Air Niagara,2,Lake Ontario...,, ,A1
19880211-1,11-FEB-1988,Dassault Falcon 20D,N287W,Nevada Flyco,0,Wheeling-Ohi...,, ,A1
19880213-0,13-FEB-1988,Boeing 737-2R8C, ,Air Tanzania,0,Dar es Salaa...,, ,H2
19880217-0,17-FEB-1988,Tupolev Tu-134A,VN-A108,Hâng Không Viêtnam,0,Hanoi-Noibai...,,,A1
19880219-0,19-FEB-1988,CASA C-212 Aviocar 200,MP-113,Mexican Navy,6,near Campeche,, ,A1
19880219-1,19-FEB-1988,Swearingen SA227-AC Metro III,N622AV,AVAir,12,near Raleigh/Durh...,, ,A1
19880222-0,22-FEB-1988,Boeing 737, ,China Airlines,0,Kaohsiung In...,, ,H2
19880224-0,24-FEB-1988,Learjet 24F,PT-LMA,Transamérica Táxi Aéreo,2,near Macaé Airpor...,, ,A1
19880225-0,25-FEB-1988,Beech 99A,F-BTMJ,TAT,0,Dinard-Pleur...,,,A1
19880226-0,26-FEB-1988,Antonov An-2R,CCCP-01648,Aeroflot / Yakutsk,,Saskylakh,, ,A1
19880227-0,27-FEB-1988,Tupolev Tu-134AK,CCCP-65675,Aeroflot / Belarus,20,Surgut Airpo...,,,A1
19880227-1,27-FEB-1988,Boeing 727-2H9,TC-AKD,Talia Airways,15,near Girne Arap,,,A1
19880301-0,01-MAR-1988,Embraer EMB-110P1 Bandeirante,ZS-LGP,"Bop Air, op.for Comair",17,"Germiston, c...",,,C1
19880301-1,01-MAR-1988,Beech 200 Super King Air,VH-IBC,Norfolk Pacific Aviation,0,unknown,, ,A1
19880304-0,04-MAR-1988,Fairchild FH-227B,F-GCPS,TAT,23,near Machault,,,A1
19880308-0,08-MAR-1988,Tupolev Tu-154B-2,CCCP-85413,Aeroflot / East Siberia,9,Leningrad-Pu...,,,H1
19880308-1,08-MAR-1988,Antonov An-12B,L2174,Indian AF,9+ 8,near Charbatia Ai...,, ,A1
19880312-0,12-MAR-1988,Airbus A300B4-203, ,PIA,0,Quetta Airpo...,, ,H2
19880317-0,17-MAR-1988,Boeing 727-21,HK-1716,Avianca,143,near Cúcuta-Camil...,,,A1
19880325-0,25-MAR-1988,BAe 3101 Jetstream 31,N411AE,"Chaparral Airlines, op.for American Eagle",0,"near Decatur, TX",, ,A1
19880331-0,31-MAR-1988,Douglas DC-8-55F,5N-ARH,Arax Airlines,4,Cairo Intern...,,,A1
19880405-0,05-APR-1988,Boeing 747-269B,9K-ADB,Kuwait Airways,2,Algiers-Houa...,, ,H2
19880410-0,10-APR-1988,Antonov An-26, ,Afghan AF,29,near Maimana,, ,C1
19880412-2,12-APR-1988,Douglas DC-3C,ZS-UAS,United Air,24,near Hennenman,,,A1
19880413-1,13-APR-1988,DC-8-73CF,TR-LTZ,Gabon Government,0,Frankfurt In...,,,A2
19880414-0,14-APR-1988,Fokker F-28 Fellowship 4000,N110UR,Piedmont Airlines,0,"Charleston, WV",, ,A2
19880415-0,15-APR-1988,DHC-8-102,N819PH,Horizon Air,0,Seattle/Taco...,,,A1
19880419-0,19-APR-1988,Let L-410UVP,CCCP-67518,Aeroflot / East Siberia,17,near Bagdarin,, ,A1
19880420-0,20-APR-1988,Antonov An-26RT,04,Soviet AF,6,Kudinovo,, ,A1
19880421-0,21-APR-1988,Douglas C-47A (DC-3),N47FE,Flying Enterprises,2,Quelimane Ai...,,,A1
19880427-0,27-APR-1988,Antonov An-26,T-237,Cuban AF,29,near Techamutete,, ,C1
19880428-0,28-APR-1988,Boeing 737-297,N73711,Aloha Airlines,1,"near Maui, HI",,,A1
19880502-0,02-MAY-1988,Douglas C-47A (DC-3),ET-AGT,Ethiopian Airlines,0,Axum Airport...,,,C1
19880505-0,05-MAY-1988,Antonov An-26,CCCP-26151,Soviet AF,0,Nagurskoye A...,, ,A1
19880506-0,06-MAY-1988,DHC-7-102,LN-WFN,Widerøes Flyveselskap,36,near Brønnøysund ...,,,A1
19880509-0,09-MAY-1988,Boeing 747-136,G-AWND,British Airways,0,near Chicago-O'Ha...,, ,A2
19880512-0,12-MAY-1988,Boeing 737-247,B-2510,Xiamen Airlines,0,Taichung-Chi...,, ,H2
19880516-0,16-MAY-1988,Dornier Do 28D-1 Skyservant,ZS-PRW,Avex,,Mossel Bay,, ,A1
19880519-0,19-MAY-1988,Antonov An-2R,SP-WNE,ZUA,,Krzemlin,, ,A1
19880521-0,21-MAY-1988,DC-10-30,N136AA,American Airlines,0,Dallas/Fort ...,,,A1
19880523-0,23-MAY-1988,Boeing 727-22,TI-LRC,LACSA,0,San José-Jua...,,,A1
19880523-1,23-MAY-1988,Boeing 727-59,HK-1400,Avianca,0,Cartagena-Ra...,, ,H2
19880524-0,24-MAY-1988,Boeing 737-3T0,N75356,TACA,0,near New Orleans ...,,,I2
19880524-1,24-MAY-1988,Embraer EMB-110P1 Bandeirante,N65DA,"Delta Connection, opb ASA",0,Lawton Munic...,, ,A1
19880524-2,24-MAY-1988,Learjet 35A,N500RW,Jetcorp,4,West Paterso...,, ,A1
19880524-3,24-MAY-1988,Douglas DC-6B,YN-CBE,Aeronica,6,Cerro Fábrega,, ,A1
19880526-0,26-MAY-1988,Fokker F-27 Friendship 600,OY-APE,Star Air,2,near Hannover Air...,,,A1
19880599-0,??-MAY-1988,Grumman G-159 Gulfstream I,XB-CIJ,Celanese Mexicana,0,within Yucatan,, ,A1
19880603-1,03-JUN-1988,Sabreliner 40,FAE068,Ecuador Air Force,11,near Quito,, ,A1
19880605-0,05-JUN-1988,Dornier 228-201,N259MC,Midway Connection,0,Chicago-Midw...,, ,A2
19880608-0,08-JUN-1988,Lockheed C-130E Hercules,61-2373,USAF,6,near Greenville A...,,,A1
19880608-1,08-JUN-1988,IAI Arava 201,234,Ecuador Navy,6,"near San Mateo, M...",, ,A1
19880609-1,09-JUN-1988,Antonov An-2R,CCCP-70121,Aeroflot / Tyumen,2,near Tobolsk,, ,A1
19880612-0,12-JUN-1988,DC-9-81 (MD-81),N1003G,Austral Lineas Aéreas,22,near Posadas Airp...,,,A1
19880612-1,12-JUN-1988,Antonov An-2TP,CCCP-32267,Aeroflot / Ukraine,0,near Aleksandriya,, ,A1
19880616-0,16-JUN-1988,unknown, ,Afghan AF,35,near Khost,, ,C1
19880616-1,16-JUN-1988,Fokker F-27 Friendship 600,XY-ADQ,Burma Airways,4,near Putao Airpor...,, ,A1
19880617-0,17-JUN-1988,ATR 42-200,F-WEGA,ATR,0,Toulouse-Bla...,,,A1
19880617-1,17-JUN-1988,DHC-6 Twin Otter 100,N202RH,Samoa Aviation,0,Tau Airport ...,,,A1
19880618-0,18-JUN-1988,Vickers 828 Viscount,PK-MVG,Merpati Nusantara,0,Medan-Poloni...,,,A1
19880619-0,19-JUN-1988,Boeing 737-2A8,VT-EAI,Indian Airlines,0,Delhi-Indira...,, ,A1
19880620-0,20-JUN-1988,HAL/Dornier 228-201,VT-EJV,Vayudoot,0,Guna Airport...,, ,A2
19880621-1,21-JUN-1988,Bristol 170 Freighter 31M,C-GYQY,Trans-Provincial Airlines,0,Bronson Cree...,, ,A1
19880624-0,24-JUN-1988,Antonov An-26,29,Soviet AF,5,Kabul Airpor...,, ,C1
19880626-0,26-JUN-1988,Airbus A320-111,F-GFKC,Air France,3,Mulhouse-Hab...,,,A1
19880629-0,29-JUN-1988,Douglas DC-6BF,YS-05C,AESA,0,San Salvador...,,,A1
19880629-1,29-JUN-1988,Northrop YC-125A Raider,N3756Q,private,0,Tulsa Intern...,, ,A1
19880699-0,??-JUN-1988,Grumman G-159 Gulfstream I,YV-121CP,Maraven Oil Company,0,Cabimas-Oro ...,, ,A1
19880701-0,01-JUL-1988,Antonov An-2R,YU-BGI,Agrohemizacija,,Cesnikovo,, ,A1
19880702-0,02-JUL-1988,Transall C-160D,50+80,German AF,0,Eysines,, ,A1
19880703-0,03-JUL-1988,Airbus A300B2-203,EP-IBU,Iran Air,290,near Qeshm Island,,,C1

19881123-1,23-NOV-1988,BN-2A-21 Islander,B-05/OT-ALE,Belgian AF,0,Butzweilerhof,, ,O1
19881123-2,23-NOV-1988,BN-2A-21 Islander,B-06/OT-ALF,Belgian AF,0,Butzweilerhof,,,O1
19881129-0,29-NOV-1988,Beech A100 King Air,C-GJUL,Voyageur Airways,4,near Chapleau Air...,, ,A1
19881130-0,30-NOV-1988,DHC-6 Twin Otter 300,5A-DDD,Aero Club Libya,14,Hamada al Hamra,, ,A1
19881202-0,02-DEC-1988,Ilyushin Il-76T, ,Aeroflot,0,Tel aviv-Ben...,, ,H2
19881203-0,03-DEC-1988,Hawker Siddeley HS-748,C-GQSV,Air Creebec,0,Waskaganish ...,,,A1
19881207-0,07-DEC-1988,Let L-410UVP,CCCP-67127,Aeroflot / Krasnoyarsk,6,near Kodinsk Airport,, ,A1
19881208-1,08-DEC-1988,Douglas DC-7CF,N284,"USAID, opb T & G Aviation",5,Western Sahara,,,C1
19881208-2,08-DEC-1988,Douglas DC-7CF,N90804,"USAID, opb T & G Aviation",0,Western Sahara,,,C2
19881210-0,10-DEC-1988,Antonov An-26, ,Ariana Afghan Airlines,25,,, ,C1
19881211-0,11-DEC-1988,Ilyushin Il-76M,CCCP-86732,Soviet AF,77,near Leninakan Ai...,, ,A1
19881211-1,11-DEC-1988,Boeing 727-231, ,TWA,0,Grand Turk I...,, ,H2
19881212-0,12-DEC-1988,Antonov An-12BP,YU-AID,Yugoslav AF,7,near Yerevan,,,A1
19881213-0,13-DEC-1988,Antonov An-2R,CCCP-81535,Aeroflot / Arkhangelsk,0,near Naryan-Mar,, ,A1
19881213-1,13-DEC-1988,Boeing 707-351C,5N-AYJ,GAS Air Nigeria,8+ 1,Karm `Umran,,,A1
19881216-0,16-DEC-1988,Learjet 24B,N234CM,Crown Center Aviation,2,Cuatro Ciénegas,, ,A1
19881219-0,19-DEC-1988,Fokker F-27 Friendship 200MAR,10602,Philippine AF,0,Catarman-Nat...,, ,A1
19881221-0,21-DEC-1988,Boeing 747-121A,N739PA,Pan Am,259+ 11,Lockerbie,,,C1
19881299-3,??-DEC-1988,BN-2A-26 Islander,N851JA,Trans Island Airways,,,,,U1
19889999-0,??-???-1988,Lockheed L-749A Constellation,HI-422,Aerochago Airlines,,Santo Domingo,,,A1
19889999-1,??-???-1988,Vickers 757 Viscount,9Q-CTS,Filair,0,Tshikapa Air...,,,A1

19880704-0,04-JUL-1988,Vickers 843 Viscount,PK-IVW,Bouraq Indonesia,0,Balikpapan-S...,, ,A1
19880706-1,06-JUL-1988,Canadair CL-44J,HK-3148X,L.A. Suramericanas,3,near Barranquilla...,,,A1
19880708-1,08-JUL-1988,Antonov An-24RV,CCCP-46669,Aeroflot / Far East,,Khabarovsk-N...,, ,A1
19880708-2,08-JUL-1988,Embraer VC-97 Brasilia (EMB-120RT),2001,Brazilian AF,5,São José dos...,, ,A1
19880709-0,09-JUL-1988,Antonov An-2P,CCCP-07791,Aeroflot / Central Region,0,,, ,A1
19880710-0,10-JUL-1988,Fokker F-27 Friendship 200,5Y-BBS,Kenya Airways,0,Kisumu Airpo...,,,A1
19880712-0,12-JUL-1988,Rockwell CT-39E Sabreliner,158381,US Navy,0,near Spratly Isla...,,,A1
19880714-0,14-JUL-1988,DHC-6 Twin Otter 300,C-GKBM,"U.S. Forest Service, opb Kenn Borek Air",1,"near John Day, OR",, ,A1
19880719-0,19-JUL-1988,Boeing 737-2A8,VT-EFK,Indian Airlines,0,Vadodara Air...,, ,A2
19880720-0,20-JUL-1988,DHC-6 Twin Otter 200,N7267,Fairways Corp.,1,Washington-D...,,,A1
19880720-1,20-JUL-1988,Douglas C-118A (DC-6),N33VX,TACA,3,Golden Meado...,,,A1
19880721-1,21-JUL-1988,Boeing 707-328C,D2-TOV,Angola Air Charter,6,near Lagos-Murtal...,,,A1
19880722-0,22-JUL-1988,Antonov An-2, ,Aeroflot,0,,, ,A2
19880724-0,24-JUL-1988,Boeing 747-228B (SCD),N4506H,Air France,0,Delhi-Indira...,, ,A2
19880726-0,26-JUL-1988,Learjet 35A,N442NE,Northeast Jet,1,Morristown M...,, ,A1
19880727-0,27-JUL-1988,Swearingen SA227-AC Metro III,N482SA,PenAir,0,Anchorage In...,, ,A2
19880730-0,30-JUL-1988,Learjet 23,N745F,Jet Management,2,near Riverside-Ma...,, ,A1
19880801-0,01-AUG-1988,DHC-6 Twin Otter 300,HK-2445,ACES,0,within Colombia,, ,H2
19880802-0,02-AUG-1988,CASA C-212 Aviocar 200,C-GILU,Geoterrex,3,Reykjavík Do...,, ,A1
19880802-1,02-AUG-1988,Yakovlev Yak-40,LZ-DOK,Hemus Air,29,Sofia-Vrazhd...,,,A1
19880807-0,07-AUG-1988,BAe-125-800A,OK-1,Botswana Government,0,near Cutio Bie,, ,C2
19880812-0,12-AUG-1988,Antonov An-2R,CCCP-35677,Aeroflot / Ukraine,0,,, ,A1
19880816-0,16-AUG-1988,Antonov An-32, ,Afghan AF,39,near Kunduz,, ,C1
19880817-0,17-AUG-1988,Lockheed C-130B Hercules,23494,Pakistan AF,30,near Bahawalpur A...,, ,A1
19880820-0,20-AUG-1988,BN-2A Islander,5W-FAF,Polynesian Airlines,0,Asau Airport...,, ,A1
19880823-1,23-AUG-1988,Douglas DC-4 Swingtail,9Q-CBK,Kinair Cargo,5,Île M'bamou,,,A1
19880826-0,26-AUG-1988,Antonov An-2P,CCCP-01788,Aeroflot / Yakutsk,1,near Kystatyam,, ,A1
19880826-3,26-AUG-1988,Let L-410MU,CCCP-67235,Aeroflot / Yakutsk,4,near Irkutsk Airp...,, ,A1
19880827-0,27-AUG-1988,Antonov An-12,04,Soviet AF,,Kabul-Khwaja...,, ,O1
19880827-1,27-AUG-1988,Boeing 727-31,N852TW,TWA,0,Chicago-O'Ha...,,,A1
19880830-0,30-AUG-1988,Antonov An-2R,SP-CNH,APRL,,Station 6,, ,A1
19880830-1,30-AUG-1988,Douglas AC-47B (DC-3),FAC-1650,Colombian AF,8,between Vill...,,,A1
19880831-0,31-AUG-1988,Embraer EMB-110P1 Bandeirante,XC-COX,Transporte Aéreo Federal,20,near Arteaga,,,A1
19880831-1,31-AUG-1988,Hawker Siddeley HS-121 Trident 2E,B-2218,CAAC,7,Hong Kong-Ka...,,,A1
19880831-2,31-AUG-1988,Boeing 727-232,N473DA,Delta Air Lines,14,Dallas/Fort ...,,,A1
19880831-3,31-AUG-1988,Convair T-29B (CV-240),XA-HUL,Aerocaribe,1,Mérida Airpo...,, ,A1
19880901-0,01-SEP-1988,Antonov An-12BK-PPS, ,Soviet AF,8,near Privolzhskiy...,, ,A1
19880902-0,02-SEP-1988,BN-2A-26 Islander,C-GJRL,Newfoundland-Labrador Air Transport,,"Hopedale, NL",, ,A1
19880905-0,05-SEP-1988,BN-2A-6 Islander,N111VA,Wrangell Air Service,1,"near Sitka, AK",, ,A1
19880906-0,06-SEP-1988,Cessna S550 Citation S/II,PT-LGJ,Banco do Comércio e Indústria de São Paulo,0,Rio de Janei...,, ,A1
19880907-0,07-SEP-1988,Antonov An-32, ,Afghan AF,16,near Kunduz,, ,C1
19880909-0,09-SEP-1988,Canadair CL-215,UD.13-04,Spanish AF,4,near Santiago de ...,, ,A1
19880909-1,09-SEP-1988,Douglas C-54A (DC-4),CP-1653,Frigorifico Reyes,0,La Paz Airpo...,, ,A1
19880909-2,09-SEP-1988,Tupolev Tu-134A,VN-A102,Hâng Không Viêtnam,76,near Bangkok-Don ...,, ,A1
19880911-0,11-SEP-1988,Beech 200 Super King Air,N1283,Snowy Butte Aviation,1,"Jackson, WY",, ,A1
19880912-0,12-SEP-1988,BN-2A Trislander Mk.III-2,6Y-JQF,Trans-Jamaican Airlines,0,Montego Bay-...,, ,O1
19880912-1,12-SEP-1988,Lockheed L-188A Electra,HC-AZY,TAME Ecuador,7,Lago Agrio A...,,,A1
19880912-2,12-SEP-1988,DC-10-10,N1830U,United Airlines,0,Denver-Stapl...,, ,A2
19880913-0,13-SEP-1988,BN-2A-26 Islander,YJ-RV20,Dovair,,Emae Airport...,, ,U1
19880915-0,15-SEP-1988,Boeing 737-260,ET-AJA,Ethiopian Airlines,35,near Bahar Dar Ai...,,,A1
19880915-1,15-SEP-1988,BAe BAe-748-FAA Srs. 2B,C-GFFA,Bradley Air Services,2,"Cheney, ON",, ,A1
19880920-0,20-SEP-1988,Douglas C-47A (DC-3),Z-WRJ,Crest Breeders,0,near Harare Airpo...,,,A1
19880921-1,21-SEP-1988,Antonov An-2TP,CCCP-70848,Aeroflot / Far East,2,near Aiykan,, ,A1
19880922-0,22-SEP-1988,HAL/Dornier 228-201,VT-EJT,Vayudoot,0,Aurangabad-C...,, ,A1
19880923-0,23-SEP-1988,Fokker F-27 Friendship 100,VT-DMB,Vayudoot,0,Calcutta Air...,, ,A1
19880924-0,24-SEP-1988,Tupolev Tu-154B-2,CCCP-85479,Aeroflot / Armenia,0,Aleppo Airpo...,,,A1
19880924-1,24-SEP-1988,Antonov An-2R,CCCP-84657,Aeroflot / Yakutsk,,,, ,A1
19880924-2,24-SEP-1988,Tupolev Tu-154M,CCCP-85617,Aeroflot / Moscow,0,Noril'sk Air...,, ,A1
19880926-0,26-SEP-1988,Boeing 737-287,LV-LIU,Aerolineas Argentinas,0,Ushuaia Airp...,,,A1
19880927-0,27-SEP-1988,Antonov An-8,CCCP-48101,MAP Moscow,5,"near Kozelsk, Ka...",, ,A1
19880929-0,29-SEP-1988,Boeing 737-317,PP-SNT,VASP,1,Goiânia-Sant...,, ,H2
19880930-0,30-SEP-1988,Antonov An-2R,YR-PVS,Aviatia Utilitara,,,, ,A1
19881001-0,01-OCT-1988,Airbus A300, ,American Airlines,0,Port-au-Prin...,, ,H2
19881004-0,04-OCT-1988,Antonov An-12BP,CCCP-11418,Aeroflot / Yakutsk,6,near Batagay,, ,A1
19881004-1,04-OCT-1988,Antonov An-32, ,Aviation Research Centre,10,near Bhaisau,, ,A1
19881004-3,04-OCT-1988,Beech B99A,N803BA,San Juan Airlines,0,near Eastsound-Or...,, ,A2
19881007-0,07-OCT-1988,Ilyushin Il-14P,B-4218,Shanxi Airlines,44+ 2,near Linfen Air Base,, ,A1
19881008-0,08-OCT-1988,DHC-6 Twin Otter 300,XT-AAX,Air Burkina,,Dori Airport...,, ,A1
19881010-1,10-OCT-1988,Boeing 707-347C,D2-TOM,TAAG,0,Luanda,,,A1
19881011-0,11-OCT-1988,Boeing KC-135A,60-0317,USAF,6,Oscoda-Wurts...,,,A1
19881011-1,11-OCT-1988,Tupolev Tu-134A,OK-AFB,CSA,0,Praha-Ruzyne...,,,A1
19881011-2,11-OCT-1988,Antonov An-12, ,Soviet AF,8,near Sandar-Marneuli,, ,A1
19881014-0,14-OCT-1988,Antonov An-2R,CCCP-32612,Aeroflot / Yakutsk,,,, ,A1
19881015-0,15-OCT-1988,Boeing 737-2F9,5N-ANW,Nigeria Airways,0,Port Harcour...,, ,A1
19881015-1,15-OCT-1988,Antonov An-2R,SP-WLM,ZUA,,,, ,A1
19881017-0,17-OCT-1988,Boeing 707-338C,5X-UBC,Uganda Airlines,33,near Roma-Fiumici...,,,A1
19881019-0,19-OCT-1988,Boeing 737-2A8,VT-EAH,Indian Airlines,133,near Ahmedabad Ai...,, ,A1
19881019-1,19-OCT-1988,Fokker F-27 Friendship 100,VT-DMC,Vayudoot,34,near Gauhati-Borj...,, ,A1
19881022-0,22-OCT-1988,Boeing 747, ,Iran Air,0,London-Heath...,, ,H2
19881025-1,25-OCT-1988,Fokker F-28 Fellowship 1000,OB-R-1020,AeroPeru,12,near Juliaca Airp...,,,A1
19881026-0,26-OCT-1988,Cessna 501 Citation I/SP,OE-FFK,Aero Technik,2,near Salzburg-W. ...,, ,A1
19881026-1,26-OCT-1988,Learjet 31,N311DF,Gates Learjet,0,Les Eplature...,, ,A2
19881028-0,28-OCT-1988,BN-2A-21 Islander,F-OGHL,Air Guadeloupe,,,, ,U1
19881031-0,31-OCT-1988,Antonov An-2TP,CCCP-32325,Aeroflot / Yakutsk,,Belaya Gora ?,, ,A1
19881101-0,01-NOV-1988,Douglas C-47A (DC-3),C-FBJE,Air Ontario,2,near Pikangikum A...,, ,A1
19881102-0,02-NOV-1988,Antonov An-24V,SP-LTD,LOT,1,near Rzeszów,, ,A1
19881102-1,02-NOV-1988,Rockwell 1121A Jet Commander,N44,FAA,3,"Oak Grove, PA",, ,A1
19881108-0,08-NOV-1988,DHC-5D Buffalo,ET-AHI,Ethiopian Airlines,1,Gondar Airpo...,,,A1
19881113-0,13-NOV-1988,Grumman G-159 Gulfstream I,N750BR,private,0,Niedernberg,,,A1
19881114-0,14-NOV-1988,Transall C-160D,69-030,Turkish AF,0,Kayseri-Erki...,, ,O1
19881114-1,14-NOV-1988,Embraer EMB-110P1 Bandeirante,OH-EBA,"Kar-Air Finland, op.for Wasa Wings",6,near Seinäjoki-Il...,,,A1
19881117-0,17-NOV-1988,Antonov An-2R,SP-WKZ,ZUA,,Michalków,, ,A1
19881118-1,18-NOV-1988,Swearingen SA226-TC Metro II,ZS-LKG,Magnum Airlines,0,near Johannesburg,,,A1
19881118-2,18-NOV-1988,Swearingen SA226-TC Metro II,F-GCPG,Air Littoral,4,Montluçon-Gu...,, ,A1
19881119-0,19-NOV-1988,Antonov An-26, ,Afghan AF,30,near Parachinar,, ,C1
19881119-1,19-NOV-1988,Ilyushin Il-76MD,CCCP-78771,Soviet AF,0,Rogachevo Ai...,, ,A1
19881120-0,20-NOV-1988,Antonov An-8,CCCP-26183,MOM/NPO Energiya,,Yerevan Airp...,, ,A1
19881121-0,21-NOV-1988,Antonov An-26, ,Afghan AF,,within Pakistan,, ,C1
19881122-0,22-NOV-1988,DC-8-63CF,N661AV,Arrow Air,0,Gander Inter...,, ,A2
19881123-0,23-NOV-1988,Vickers 807 Viscount,G-BBVH,Gibraltar Airways,0,Tangier Airp...,,,A1
