identifiant,date,type,registration,operator,fat.,location, ,pic,cat

19350123-0,23-JAN-1935,Curtiss T-32 Condor II,NC12376,Eastern Air Transport,,"Atlanta, GA",, ,A1
19350131-0,31-JAN-1935,Junkers Ju-52/3mge,D-AREN,Deruluft,11,near Szczecin,, ,A1
19350406-0,06-APR-1935,Fokker F.XII,PH-AFL,KLM,7,near Brilon,,,A1
19350416-0,16-APR-1935,Consolidated 16 Commodore,NC660M,Pan Am,0,"Miami, FL",, ,O1
19350425-0,25-APR-1935,Junkers Ju-52/3mho,D-AJYR,Deutsche Lufthansa,3,near Hallgarten,, ,A1
19350428-0,28-APR-1935,Ford 4-AT-B Tri-Motor,NC7863,Private,0,"Gadsden, AL",, ,A1
19350506-0,06-MAY-1935,Douglas DC-2-112,NC13785,TWA,5,"near Atlanta, MO",, ,A1
19350507-0,07-MAY-1935,Ford 4-AT-.  Tri-Motor, ,private,1,Lake Izabal,, ,A1
19350518-0,18-MAY-1935,Tupolev ANT-20 Maxim Gorky,CCCP-I20,Tupolev,35+ 9,Moscow,, ,A1
19350518-1,18-MAY-1935,Ford 4-AT-E Tri-Motor,NC7864,Knowles Flying Service,3,Flint-Bishop...,, ,A1
19350622-0,22-JUN-1935,Savoia-Marchetti S-66,I-NAVE,Ala Littoria,0,Marsaxlokk Bay,, ,A1
19350624-0,24-JUN-1935,Ford 5-AT-B Tri-Motor,F-31,SACO,10,Medellín-Enr...,, ,A1
19350624-1,24-JUN-1935,Ford 5-AT-D Tri-Motor,C-31,SCADTA,7,Medellín-Enr...,, ,A1
19350709-0,09-JUL-1935,Savoia-Marchetti S-66,I-REDI,Ala Littoria,0,"near Mahón, Menorca",, ,A1
19350714-0,14-JUL-1935,Fokker F.XXII,PH-AJQ,KLM,6,near Amsterdam-Sc...,, ,A1
19350717-0,17-JUL-1935,Douglas DC-2-115E,PH-AKM,KLM,0,Bushehr (Bus...,, ,A1
19350720-0,20-JUL-1935,Douglas DC-2-115E,PH-AKG,KLM,13,Pian San Gia...,,,A1
19350722-1,22-JUL-1935,Junkers Ju-52/3m, ,German AF,11,Hanskühnenburg,, ,A1
19350727-0,27-JUL-1935,Curtiss AT-32B Condor II,NC12393,American Airways,0,Murfreesboro...,, ,A1
19350803-0,03-AUG-1935,Douglas DC-2-112,NC13722,TWA,0,"near Albuquerque, NM",, ,A1
19351002-0,02-OCT-1935,DH.86 Express,VH-URT,Holyman's Airways,5,near Flinders Isl...,, ,A1
19351006-0,06-OCT-1935,Douglas DC-2A-127,NC14285,Standard Oil Company,3,Great Salt L...,, ,A1
19351021-0,21-OCT-1935,Curtiss Condor 18,NC725K,Chamberlin Flying Service,1,"Troy, NY",, ,A1
19351022-0,22-OCT-1935,DH.86 Express,G-ADCM,Imperial Airways,0,Zwettl,, ,A1
19351024-0,24-OCT-1935,Ford 5-AT-C Tri-Motor,n/a,Private,0,Hankow,, ,C1
19351025-0,25-OCT-1935,Boulton Paul P.71A,G-ACOY,Imperial Airways,0,Brussel-Hare...,, ,A1
19351107-0,07-NOV-1935,Savoia-Marchetti S.73P,OO-AGM,Sabena,0,London-Croyd...,, ,A1
19351109-0,09-NOV-1935,Ford 5-AT-.  Tri-Motor, ,TACA de Honduras,0,near Jutiapa,, ,A1
19351109-1,09-NOV-1935,Short S.17 Kent,G-ABFB,Imperial Airways,0,Brindisi,, ,O1
19351123-0,23-NOV-1935,DH.66 Hercules,G-ABCP,Imperial Airways,,Lake Salisbury,, ,A1
19351199-0,??-NOV-1935,Junkers G.24he,PP-CAS,Syndicato Condor,,"Ilhéus, BA",, ,A1
19351210-0,10-DEC-1935,Savoia-Marchetti S.73,OO-AGN,Sabena,11,Tatsfield,, ,A1
19351210-1,10-DEC-1935,Potez 62,F-ANPH,Air France,0,near Auxerre,, ,A1
19351224-0,24-DEC-1935,Ford 5-AT-D Tri-Motor,NC433H,Panagra,2+ 2,Lima,, ,A1
19351231-0,31-DEC-1935,Short S.8 Calcutta,G-AASJ,Imperial Airways,12,near Alexandria,, ,A1
