identifiant,date,type,registration,operator,fat.,location, ,pic,cat

19821129-2,29-NOV-1982,DHC-6 Twin Otter 310,HK-2536,ACES,22,near Quetame,,,A1
19821199-1,??-NOV-1982,Douglas DC-3C,PK-OBJ,Airfast Indonesia,,Pontianak,, ,U1
19821201-0,01-DEC-1982,BN-2 Islander, ,Flight Centre Victoria,0,Abbotsford A...,, ,H2
19821204-0,04-DEC-1982,Boeing 707-323B,N8434,Global Int. Airways,0,Brasilia Int...,,,A1
19821205-0,05-DEC-1982,Douglas C-53-DO (DC-3),N163E,private,0,Burbank/Glen...,,,A1
19821206-0,06-DEC-1982,Learjet 35A,HB-VFO,Transair SA,0,Paris-Le Bou...,, ,A1
19821207-0,07-DEC-1982,Swearingen SA227-AC Metro III,N30093,Pioneer Airlines,2,near Pueblo Memor...,, ,A1
19821209-1,09-DEC-1982,Fairchild F-27A,CC-CJE,Aeronor Chile,46,La Serena-La...,, ,A1
19821210-0,10-DEC-1982,Hawker Siddeley HS-748,PK-IHI,Bouraq Indonesia,0,Manado Airpo...,,,A1
19821212-0,12-DEC-1982,Douglas C-47A (DC-3),HK-2580,TALA,4+ 1,near Mariquita Ai...,, ,A1
19821216-0,16-DEC-1982,Antonov An-24B,CCCP-46567,Aeroflot / Central Region,0,"Sakhanskoye,...",, ,A1
19821223-0,23-DEC-1982,Antonov An-26,CCCP-26627,Aeroflot / Turkmenistan,16,near Rostov Airpo...,, ,A1
19821224-0,24-DEC-1982,Ilyushin Il-18B,B-202,CAAC,25,Guangzhou-Ba...,, ,A1
19821228-0,28-DEC-1982,Dornier Do 128-6 Turbo Skyservant,9Q-COT,SOMINKI,,,, ,U1
19821230-0,30-DEC-1982,Boeing 727, ,United Airlines,0,Pittsburgh I...,, ,H2
19829999-0,??-???-1982,Douglas C-54Q (DC-4),N111AV,Florida Aircraft Leasing,,Great Abaco,, ,U1
19829999-1,??-???-1982,DHC-6 Twin Otter 300,5A-DCW,Libyan Ministry of Agriculture,0,,, ,A1
19829999-2,??-???-1982,Douglas C-47B (DC-3),RP-C3,Bangko Sentral Ng Pilipinas,,Manila,,,U1

19820604-1,04-JUN-1982,Antonov An-2R,CCCP-62640,Aeroflot / Lithuania,0,"Dvoinovski, ...",, ,A1
19820606-0,06-JUN-1982,Douglas C-47A (DC-3),N95C,Fromhagen Aviation,0,St. Petersbu...,,,A1
19820607-0,07-JUN-1982,Learjet 35A,T-24,Argentine AF,5,near Pebble Islan...,, ,C1
19820608-0,08-JUN-1982,Boeing 727-212,PP-SRK,VASP,137,Sierra de Pa...,,,A1
19820609-0,09-JUN-1982,Fokker F-27 Friendship 600,VH-TQQ,TAA,0,RAAF Amberle...,,,A1
19820609-1,09-JUN-1982,unknown, ,LOT,0,Warszawa-Oke...,, ,H2
19820611-0,11-JUN-1982,Antonov An-2R,CCCP-56431,Aeroflot / North Kavkaz,0,Krasnoarmeis...,, ,A1
19820612-0,12-JUN-1982,Boeing 720-023B,OD-AFP,MEA,0,Beirut Inter...,,,C1
19820612-1,12-JUN-1982,Fairchild FH-227B,PT-LBV,TABA,44,Tabatinga In...,,,A1
19820616-0,16-JUN-1982,Boeing 720-023B,OD-AFU,MEA,0,Beirut Inter...,,,C1
19820616-1,16-JUN-1982,Boeing 720-023B,OD-AFW,MEA,0,Beirut Inter...,,,C1
19820616-2,16-JUN-1982,Boeing 720-047B,OD-AGR,MEA,0,Beirut Inter...,,,C1
19820616-3,16-JUN-1982,Boeing 707-323C,OD-AGN,TMA,0,Beirut Inter...,,,C1
19820616-4,16-JUN-1982,Boeing 707-3B4C,OD-AFB,MEA,0,Beirut Inter...,,,C1
19820617-0,17-JUN-1982,Tupolev Tu-134IK,CCCP-65687,Ministry of Radio Equipment Production,15,near Severomorsk-...,, ,A1
19820622-0,22-JUN-1982,Boeing 707-437,VT-DJJ,Air-India,17,Bombay-Santa...,,,A1
19820623-0,23-JUN-1982,DHC-7-102, ,Henson Airlines,0,Staunton-She...,, ,H2
19820624-0,24-JUN-1982,Boeing 747-236B,G-BDXH,British Airways,0,near Jakarta,, ,A2
19820625-0,25-JUN-1982,DC-8-62,LN-MOW,SAS,0,København-Ka...,, ,A2
19820628-1,28-JUN-1982,Yakovlev Yak-42,CCCP-42529,Aeroflot / Leningrad,132,Mozyr,, ,A1
19820629-0,29-JUN-1982,Fairchild F-27A,C-FTPA,Norcanair,0,Wollaston La...,,,A1
19820630-0,30-JUN-1982,Boeing 747-243B, ,Alitalia,0,Bangkok-Don ...,, ,H2
19820706-0,06-JUL-1982,Ilyushin Il-62M,CCCP-86513,Aeroflot / International,90,near Moskva-Shere...,,,A1
19820706-1,06-JUL-1982,BN-2A-8 Islander,9M-MDD,MAS,,Long Semado-...,, ,A1
19820709-0,09-JUL-1982,Boeing 727-235,N4737,Pan Am,145+ 8,near New Orleans ...,,,A1
19820710-0,10-JUL-1982,Alenia G-222TCM,MM62106,Italian AF,4,Greve in Chi...,, ,A1
19820711-0,11-JUL-1982,Hawker Siddeley HS-748,RP-C1014,Philippine Air Lines,1,Jolo Airport...,,,A1
19820714-0,14-JUL-1982,Swearingen SA226-AT Merlin IV,ZS-JLZ,"South African AF, lsf South African Police",8,near Waterkloof A...,, ,A1
19820716-0,16-JUL-1982,Antonov An-2T,CCCP-15970,Aeroflot / Yakutsk,0,near Lake Bolshoy...,, ,A1
19820722-0,22-JUL-1982,Martin 4-0-4, ,Marco Island Airways,0,Havana-José ...,, ,H2
19820725-1,25-JUL-1982,Ilyushin Il-18, ,CAAC,0,near Shanghai,, ,H2
19820730-0,30-JUL-1982,Douglas C-47D (DC-3),N102BL,Pronto Aviation Services,0,near El Paso Inte...,,,A1
19820730-1,30-JUL-1982,Lockheed HC-130H Hercules,1600,US Coast Guard,2,near Attu Island-...,,,A1
19820801-1,01-AUG-1982,Boeing 720-047B,OD-AGG,MEA,0,Beirut Inter...,,,C1
19820804-0,04-AUG-1982,Boeing 727-21,HK-2559,Aerotal Colombia,0,Santa Marta-...,,,A1
19820804-1,04-AUG-1982,Boeing 737-200, ,Indian Airlines,0,Amritsar-Raj...,, ,H2
19820811-0,11-AUG-1982,Boeing 747-121,N754PA,Pan Am,1,near Hawaii,, ,C2
19820812-0,12-AUG-1982,DHC-6 Twin Otter 300,XY-AEB,Burma Airways,8,Mindat,, ,A1
19820814-0,14-AUG-1982,Let L-410M,CCCP-67191,Aeroflot / Georgia,11,Sukhumi-Babu...,, ,A1
19820814-1,14-AUG-1982,Tupolev Tu-134A,CCCP-65836,Aeroflot / Georgia,0,Sukhumi-Babu...,, ,A1
19820814-2,14-AUG-1982,Yakovlev Yak-40,CCCP-98102,MAP Kazan MSZ,0,near Kazan,, ,A1
19820814-3,14-AUG-1982,IAI Arava 201,223,Nicaraguan AF,20,Managua-Augu...,, ,A1
19820816-0,16-AUG-1982,Embraer EMB-110P1 Bandeirante, ,Dolphin Airways,0,West Palm Be...,, ,H2
19820819-0,19-AUG-1982,Antonov An-2R,CCCP-70446,Aeroflot / Leningrad,0,"near Dno, Pskov r...",, ,A1
19820820-0,20-AUG-1982,Boeing 737-200, ,Indian Airlines,1,Amritsar Air...,, ,H2
19820820-1,20-AUG-1982,BN-2A Islander,VP-LAE,Inter Island Air Services,6,La Soufriere...,, ,A1
19820820-2,20-AUG-1982,Swearingen SA226-TC Metro II,N237AM,Air Midwest,0,Kansas City ...,, ,A2
19820822-0,22-AUG-1982,Douglas C-47A (DC-3),ET-AHP,Ethiopian Airlines,0,Makale Airpo...,, ,A1
19820824-0,24-AUG-1982,Antonov An-12BP, ,Soviet AF,1,near Chita,, ,A1
19820825-0,25-AUG-1982,Convair CV-440,N477KW,"National Flight Services, op.for Air Resorts Airlines",0,near Wolf Creek P...,,,A1
19820825-1,25-AUG-1982,Ilyushin Il-18E,SP-LSI,LOT,0,München-Riem...,, ,H2
19820825-2,25-AUG-1982,Antonov An-2R,OK-JIK,Slov-Air,,Smedava,, ,A1
19820826-0,26-AUG-1982,Boeing 737-2Q3,JA8444,Southwest Air Lines,0,Ishigaki Air...,, ,A1
19820827-0,27-AUG-1982,Antonov An-2R,OK-KIM,Slov-Air,0,Strachotice,, ,H1
19820828-0,28-AUG-1982,Antonov An-24TV,YI-ALN,Iraqi Airways,,Nasiriyah Ai...,, ,A1
19820831-0,31-AUG-1982,Lockheed C-141B Starlifter,64-0652,USAF,9,"near Knoxville, TN",, ,A1
19820901-0,01-SEP-1982,DHC-4A Caribou,HC-BHZ,Aerolineas Condor,44,near Valladolid,, ,A1
19820903-0,03-SEP-1982,Learjet 25B,PT-JBQ,Companhia Brasileira de Tratores,10,near Rio Branco A...,, ,A1
19820905-0,05-SEP-1982,Douglas DC-8-51,RP-C830,Intercontinental Airlines,0,London-Stans...,, ,A2
19820909-0,09-SEP-1982,Antonov An-2R,CCCP-62663,Aeroflot / Ukraine,0,Khorezm region,, ,A1
19820909-1,09-SEP-1982,Fairchild FH-227E,N7801M,Autec,0,near Andros Town ...,,,A2
19820909-2,09-SEP-1982,Antonov An-2R,CCCP-70563,Aeroflot / Azerbaijan,0,near Imishli,, ,A1
19820910-0,10-SEP-1982,Boeing 707-348C,ST-AIM,Sudan Airways,0,near Khartoum,,,A1
19820913-0,13-SEP-1982,DC-10-30CF,EC-DEG,Spantax,50,Málaga Airpo...,,,A1
19820917-0,17-SEP-1982,DC-8-61,JA8048,JAL,0,Shanghai-Hon...,,,A1
19820917-1,17-SEP-1982,Beech 200 Super King Air,N9FQ,Private,0,Huntington B...,, ,A2
19820918-0,18-SEP-1982,DHC-3 Otter,C-FDJA,Central Mountain Air Services,5,near Two Bridge L...,, ,A1
19820918-1,18-SEP-1982,Beech B200C Super King Air,OY-BEP,Jetair,3,near Luxembourg-F...,, ,A1
19820920-0,20-SEP-1982,Swearingen SA226-AT Merlin IV,L6-2/21,Thai AF,0,Hat Yai Airp...,, ,A1
19820924-0,24-SEP-1982,DHC-4A Caribou,M21-17,Royal Malaysian AF,7,near Kampung Atap,, ,A1
19820925-0,25-SEP-1982,Boeing 727-243, ,Alitalia,0,Catania-Font...,, ,H2
19820928-0,28-SEP-1982,Antonov An-2R,CCCP-44628,Aeroflot / Kazakstan,0,Chimkent region,, ,A1
19820929-1,29-SEP-1982,Ilyushin Il-62M,CCCP-86470,Aeroflot / International,7,Luxembourg-F...,, ,A1
19821005-0,05-OCT-1982,Fokker F-27 Friendship 200,ST-AAS,Sudan Airways,0,Merowe Airpo...,,,A1
19821008-0,08-OCT-1982,Vickers 828 Viscount,HC-ATV,SAN,0,Cuenca Airpo...,,,A1
19821012-0,12-OCT-1982,Douglas C-47A (DC-3),ZS-EJK,Comair,0,near Graskop,,,A1
19821014-0,14-OCT-1982,Tupolev Tu-134, ,Balkan Bulgarian,0,Wien-Schwech...,, ,H2
19821016-0,16-OCT-1982,Lockheed C-130B Hercules,FAC-1003,Colombian AF,5,"near Cape May, NJ...",, ,A1
19821017-0,17-OCT-1982,Boeing 707-366C,SU-APE,EgyptAir,0,Genève-Coint...,,,A1
19821018-0,18-OCT-1982,Lockheed 18 Learstar I,N1040G,Vintage Sales Corp.,3,"Kosciusko, MS",, ,A1
19821027-0,27-OCT-1982,Lockheed L-1011 TriStar, ,TWA,0,Los Angeles ...,, ,H2
19821031-0,31-OCT-1982,Curtiss C-46 Super C,C-GIXZ,Ilford Riverton,0,Shamattawa A...,, ,A1
19821101-0,01-NOV-1982,BN-2A Trislander Mk.III-1,HP-947,Aviones de Panama,,,, ,U1
19821103-0,03-NOV-1982,BN-2A-21 Islander,EP-PBE,Pars Air,1,,, ,A1
19821104-0,04-NOV-1982,Embraer EMB-110P2 Bandeirante,P2-RDL,Talair,0,Port Moresby...,,,A1
19821106-0,06-NOV-1982,Learjet 24D,N13MJ,Duncan Aviation,0,Elizabeth Ci...,, ,A2
19821106-1,06-NOV-1982,BN-2A Islander,CS-AJO,Penina,0,Serra de Mon...,, ,A1
19821106-2,06-NOV-1982,Learjet 25,N47MJ,Duncan Aviation,0,Elizabeth Ci...,, ,A2
19821107-0,07-NOV-1982,Antonov An-24, ,Aeroflot,0,Sinop Airpor...,, ,H2
19821108-0,08-NOV-1982,CASA/Nurtanio NC-212 Aviocar,PK-DCR,Deraya Air Taxi,,near Bontang,, ,A1
19821112-0,12-NOV-1982,Swearingen SA226-AT Merlin IV,OY-AUI,Danair,0,København-Ka...,, ,A1
19821112-1,12-NOV-1982,Cessna 501 Citation I/SP,N2627U,Cessna Aircraft,0,"Wichita, KS",, ,A1
19821116-0,16-NOV-1982,Embraer C-95 Bandeirante (EMB-110),2182,Brazilian AF,3,near Rio de Janei...,, ,A1
19821116-1,16-NOV-1982,Lockheed CC-130H Hercules,130329,Canadian Armed Forces,7,Edmonton-Nam...,, ,A1
19821118-0,18-NOV-1982,Cessna 551 Citation II/SP,N2CA,Coin Acceptors,3,near Mountain Vie...,, ,A1
19821118-1,18-NOV-1982,Antonov An-2R,CCCP-54883,Aeroflot / Ukraine,0,Dnepropetrov...,, ,A1
19821122-0,22-NOV-1982,Antonov An-24V,SP-LTK,LOT,0,Berlin-Tempe...,, ,H2
19821127-0,27-NOV-1982,Tupolev Tu-154B-2,HA-LCA,Malev,0,Warszawa-Oke...,, ,H2
19821129-0,29-NOV-1982,Boeing 727-21,HK-2560,Aerotal Colombia,0,Santa Marta-...,,,A1
19821129-1,29-NOV-1982,Antonov An-26,D2-TAB,TAAG,15,Monte Bibala,, ,A1

19820102-0,02-JAN-1982,Beech UC-12B Huron,161189,US Navy,1,near Pensacola Re...,, ,A1
19820107-0,07-JAN-1982,Boeing 727-114,HK-2637,Aerotal Colombia,0,Barranquilla...,, ,H2
19820107-1,07-JAN-1982,Let L-410M,CCCP-67290,Aeroflot / Georgia,18,near Gelendzhik,, ,A1
19820108-0,08-JAN-1982,Swearingen SA227-AC Metro III,HB-LNB,Crossair,0,Zürich-Klote...,, ,A2
19820111-1,11-JAN-1982,Learjet 25XR,HZ-GP5,Redec Aviation,2,near Narsarsuaq,, ,A1
19820113-0,13-JAN-1982,Boeing 737-222,N62AF,Air Florida,74+ 4,near Washington-N...,,,A1
19820114-0,14-JAN-1982,Antonov An-26, ,Ethiopian AF,73,near Addis Ababa,, ,A1
19820116-0,16-JAN-1982,Yakovlev Yak-40,CCCP-87902,Aeroflot / Kazakstan,0,Shevchenko,, ,A1
19820117-0,17-JAN-1982,Convair CV-440-75,N21DR,Island Airlines Hawaii,0,Pearl Harbor...,, ,A1
19820118-0,18-JAN-1982,Convair HC-131A (CV-240),5786,US Coast Guard,0,Corpus Chris...,, ,A1
19820119-1,19-JAN-1982,Canadair CL-44D4-1,HC-BHS,AECA,0,Miami Intern...,,,A1
19820121-0,21-JAN-1982,Douglas DC-3A,N211TA,Tursair,0,Opa-locka Ai...,,,A1
19820121-1,21-JAN-1982,Douglas C-54E (DC-4),49148,French Navy,7,near Noumea-Tonto...,, ,A1
19820123-0,23-JAN-1982,DC-10-30CF,N113WA,World Airways,2,Boston-Logan...,,,A1
19820125-0,25-JAN-1982,Antonov An-24RV,YR-BMD,Tarom,7,near Constanta Ai...,, ,A1
19820125-1,25-JAN-1982,Antonov An-2R,HA-MBI,Ministry for Agriculture and Nutrition,,Bácsbokod,, ,A1
19820126-0,26-JAN-1982,Boeing 707-348C,7O-ACJ,Alyemda,0,Damascus Int...,,,C1
19820127-0,27-JAN-1982,Boeing 727-114,HK-2637X,Aerotal Colombia,0,"Bogotá, Cali",, ,H2
19820201-0,01-FEB-1982,Beech 99,N451C,Pilgrim Airlines,0,"Groton, CT",, ,A1
19820202-0,02-FEB-1982,Boeing 737-200, ,Air Florida,0,Havana,, ,H2
19820203-0,03-FEB-1982,Nord 2501 Noratlas,140,French AF,36,Mount Garbi,, ,A1
19820204-0,04-FEB-1982,Beech 200 Super King Air,YV-426P,Unknown,,Caracas,, ,A1
19820205-0,05-FEB-1982,Canadair CL-44D4-2,TR-LVO,Affretair,0,Salisbury Ai...,,,O1
19820206-0,06-FEB-1982,Fairchild C-123J Provider, ,South Korea AF,53,near Jeju (Cheju)...,, ,A1
19820207-0,07-FEB-1982,Fairchild C-119 Flying Boxcar, ,Indian AF,23,near Jammu,, ,A1
19820209-0,09-FEB-1982,DC-8-61,JA8061,JAL,24,Tokyo-Haneda...,,,A1
19820209-1,09-FEB-1982,Douglas C-47A (DC-3),RP-C141,Trans Air Services,3,Mt. Ipao,,,A1
19820211-0,11-FEB-1982,Antonov An-26,26264,Vietnam People's Air Force,1,near Sa Keao,, ,A1
19820211-1,11-FEB-1982,Let L-410M,CCCP-67237,Aeroflot / Yakutsk,0,Batagay Airport,, ,O1
19820213-0,13-FEB-1982,Boeing 727-200, ,Braniff Airways,0,Amarillo Int...,, ,H2
19820216-0,16-FEB-1982,NAMC YS-11A-621,N169RV,Reeve Aleutian Airways,0,near King Salmon ...,,,A2
19820219-0,19-FEB-1982,Douglas DC-6BF,HK-1706,LAC Colombia,4,near Subachoque,,,A1
19820220-0,20-FEB-1982,BN-2A-9 Islander,G-BBRP,Army Parachute Association,0,"Netheravon, ...",, ,A1
19820221-1,21-FEB-1982,DHC-6 Twin Otter 100,N127PM,Pilgrim Airlines,1,Scituate Res...,, ,A1
19820224-0,24-FEB-1982,Boeing 707-300, ,Kuwait Airways,0,Beirut Inter...,, ,H2
19820226-0,26-FEB-1982,Boeing 737-2R8C,5H-ATC,Air Tanzania,0,"Nairobi, Jed...",, ,H2
19820301-0,01-MAR-1982,Boeing 727, ,United Airlines,0,Miami Intern...,, ,H2
19820303-0,03-MAR-1982,BN-2A-27R Islander,HC-BFJ,ATESA,,,, ,U1
19820307-0,07-MAR-1982,Lockheed C-141B Starlifter,67-0017,USAF,0,Columbia-McE...,, ,O1
19820310-0,10-MAR-1982,BN-2A-20 Islander,P2-HAC,Heron Air Charter,,,, ,U1
19820311-0,11-MAR-1982,DHC-6 Twin Otter 300,LN-BNK,Widerøes Flyveselskap,15,near Gamvik,,,A1
19820313-0,13-MAR-1982,Boeing KC-135A,57-1489,USAF,4,near Phoenix-Luke...,, ,A1
19820315-0,15-MAR-1982,Antonov An-26, ,Soviet Navy,9,near Anapa Airpor...,, ,A1
19820317-0,17-MAR-1982,Airbus A300B4-203,F-BVGK,Air France,0,Sana'a Inter...,,,A1
19820317-1,17-MAR-1982,BN-2A-21 Islander,3003,Philippine AF,,,, ,U1
19820319-0,19-MAR-1982,Boeing KC-135A,58-0031,USAF,27,"Greenwood, IL",,,A1
19820320-1,20-MAR-1982,Fokker F-28 Fellowship 1000,PK-GVK,Garuda,27,Bandar Lampu...,, ,A1
19820321-0,21-MAR-1982,Lockheed L-188AF Electra,N5504,Zantop,0,Macon-Lewis ...,,,O1
19820321-1,21-MAR-1982,Lockheed L-188AF Electra,N5516,Zantop,0,Macon-Lewis ...,,,O1
19820326-0,26-MAR-1982,Dornier 228-100,D-IFNS,Dornier,3,near Igenhausen,,,A1
19820326-1,26-MAR-1982,Vickers 745D Viscount,HK-2382,Aeropesca Colombia,21,near Quétame,, ,A1
19820399-0,??-MAR-1982,Douglas C-117D (DC-3),N117RR,Foreman Flying Service,,unknown,, ,U1
19820405-0,05-APR-1982,Boeing 727, ,Delta Air Lines,0,Havana-José ...,, ,H2
19820411-0,11-APR-1982,Lockheed L-100-20 Hercules,C-FPWK,Northwest Territorial Airways,0,Paulatuk Air...,,,O1
19820411-1,11-APR-1982,Antonov An-2T,CCCP-62489,Aeroflot / Yakutsk,,,, ,A1
19820413-0,13-APR-1982,Lockheed C-130H Hercules,74-1678,USAF,27,near Gevenlik,,,A1
19820414-1,14-APR-1982,Swearingen SA226-TC Metro II,ZS-KYA,Magnum Airlines,0,,, ,A1
19820417-0,17-APR-1982,A.W. AW-650 Argosy 102,G-APRN,Air Bridge Carriers,0,Belfast Inte...,,,A1
19820422-0,22-APR-1982,Antonov An-24V,YI-AEO,Iraqi Airways,,,, ,A1
19820424-0,24-APR-1982,Antonov An-12B,CCCP-11107,Aeroflot / International,0,Novyj Urengo...,,,A1
19820426-0,26-APR-1982,Hawker Siddeley HS-121 Trident 2E,B-266,CAAC,112,near Yangsuo,, ,A1
19820428-0,28-APR-1982,DHC-7-102,HR-AND,ANHSA,0,Havana-José ...,, ,H2
19820429-0,29-APR-1982,Lockheed C-130H Hercules,HC-BEF/FAE74,Ecuador Air Force,7,near Quito-Marisc...,, ,A1
19820430-0,30-APR-1982,Antonov An-24V,SP-LTG,LOT,0,Berlin-Tempe...,, ,H2
19820501-0,01-MAY-1982,Douglas DC-7B,N823D,Kinney Air Tankers,,Glendive-Daw...,,,O1
19820501-3,01-MAY-1982,BN-2A-27 Islander,VP-FAY,FIGAS,0,Port Stanley...,, ,C1
19820503-0,03-MAY-1982,Gulfstream American G-1159 Gulfstre,7T-VHB,Algerian Government,14,Qotur,, ,C1
19820503-1,03-MAY-1982,Shorts SC.7 Skyvan 3M-400,PA-54,Argentine Coast Guard,0,Port Stanley...,, ,O1
19820503-2,03-MAY-1982,Shorts SC.7 Skyvan 3M-400,PA-50,Argentine Coast Guard,0,Port Stanley...,, ,O1
19820505-0,05-MAY-1982,Convair CV-440,CP-1725,T.A. Unidos,0,La Paz-El Al...,,,A1
19820506-0,06-MAY-1982,Learjet 23,N100TA,IBEX Corp.,4,"near Savannah, GA...",, ,A1
19820507-0,07-MAY-1982,Douglas C-47A (DC-3),C-FQHF,Kenn Borek Air,0,Calgary Inte...,, ,A1
19820507-1,07-MAY-1982,Antonov An-2,CCCP-02183,Aeroflot / West Siberia,5,near Tashtagol,, ,A1
19820509-1,09-MAY-1982,DHC-7-103,7O-ACK,Alyemda,23,near Aden Interna...,,,A1
19820510-0,10-MAY-1982,Curtiss C-46F,YN-BRG,Aeronica,0,Puerto Limón...,, ,H2
19820511-0,11-MAY-1982,Antonov An-2R,CCCP-07399,Aeroflot / Ukraine,0,Sputendorf,, ,A1
19820511-1,11-MAY-1982,Antonov An-2TP,HA-ANL,Hungarian Defense Association,9,Hármashatárhegy,,,A1
19820512-0,12-MAY-1982,Lockheed C-130E Hercules,64-0543,USAF,7,"Judsonia, AR",, ,A1
19820512-1,12-MAY-1982,Douglas DC-3 Hiper,HK-140,Transamazonica Colombia,0,Miraflores,, ,A2
19820512-2,12-MAY-1982,Antonov An-24T,11,Soviet AF,5,near Petrovsk Air...,, ,A1
19820515-0,15-MAY-1982,Martin 4-0-4,N40445,private,0,"Madera, CA",,,A1
19820515-1,15-MAY-1982,DHC-6 Twin Otter 300,C-GKBO,"Kenn Borek Air, op.for Panarctic Oils",0,North Pole,, ,A1
19820516-0,16-MAY-1982,DHC-6 Twin Otter 200,N103AQ,"Kodiak Aviation, op.for Wien Air Alaska",0,"Hooper Bay, AK",, ,A1
19820516-1,16-MAY-1982,Learjet 25B,PT-KZY,TAM,0,Uberaba Airp...,, ,A1
19820518-0,18-MAY-1982,Douglas DC-3C,HK-1503,Taxi Aéreo del Guaviare,0,Villavicenci...,, ,H2
19820519-0,19-MAY-1982,Cessna 551 Citation II/SP,D-IJHM,Hurler Flugdienst,8,near Kassel-Calde...,,,A1
19820521-0,21-MAY-1982,BAC One-Eleven, ,Philippine Air Lines,0,Cebu Airport...,, ,H2
19820522-0,22-MAY-1982,Learjet 23,N808JA,Jet America Int.,0,Sarasota-Bra...,, ,O1
19820522-1,22-MAY-1982,Embraer EMB-110P Bandeirante,PT-GKC,Rio Sul,0,near Florianópoli...,,,A1
19820525-0,25-MAY-1982,Boeing 737-2A1,PP-SMY,VASP,2,Brasilia Int...,,,A1
19820527-0,27-MAY-1982,Boeing 727-2B6, ,RAM,0,Tunis-Cartha...,, ,H2
19820529-0,29-MAY-1982,Morane Saulnier MS.760 Paris I,96,French AF,,Biarritz (BIQ),, ,A1
19820529-1,29-MAY-1982,Embraer EMB-110P1 Bandeirante,HK-2743,TAVINA,0,near Barranquilla...,, ,A1
19820531-0,31-MAY-1982,Yakovlev Yak-40,CCCP-87485,Aeroflot / North Kavkaz,0,Dnepropetrov...,, ,A1
19820601-0,01-JUN-1982,Lockheed C-130H Hercules,TC-63,Argentine AF,7,near Pebble Island,,,C1
19820601-1,01-JUN-1982,Fairchild C-123J Provider,56-4391,South Korea AF,53,near Seoul-Seongn...,, ,A1
19820602-0,02-JUN-1982,DC-9-32,C-FTLY,Air Canada,0,Montreal-Dor...,,,O1
19820602-1,02-JUN-1982,IAI Arava 201,FAC-951,Colombian AF,0,Rondon Airpo...,, ,A1
19820603-0,03-JUN-1982,Antonov An-2R,CCCP-40736,Aeroflot / Far East,0,Polevoye,, ,A1
19820604-0,04-JUN-1982,Antonov An-2R,SP-WCF,WSK Okecie,,Zegrze Pomor...,, ,U1
