identifiant,date,type,registration,operator,fat.,location, ,pic,cat

19891004-0,04-OCT-1989,Antonov An-24RV,CCCP-46525,Aeroflot / Kazakstan,0,Stepnogorsk ...,, ,A1
19891004-1,04-OCT-1989,Boeing KC-135A,56-3592,USAF,4,"near Carlingford, NB",, ,A1
19891006-0,06-OCT-1989,Cessna 208 Caravan I,N208W,Westchester Air,5,"Uncertain, TX",, ,A1
19891006-1,06-OCT-1989,Fokker F-28 Fellowship, ,Myanma Airways,0,U-Tapao (UTP),, ,H2
19891006-2,06-OCT-1989,Morane Saulnier MS.760A Paris IA,E-211,Argentine AF,2,Las Perdices...,, ,A1
19891008-0,08-OCT-1989,IAI Arava 101B,EL-AJH,Air Liberia,3,Sasstown Air...,, ,A1
19891012-0,12-OCT-1989,Antonov An-12BP,CCCP-11229,Soviet AF,4+ 2,Kirovabad,, ,A1
19891014-1,14-OCT-1989,BAe 3102 Jetstream 31,2102,Saudi AF,5,near Dhahran,, ,A1
19891014-2,14-OCT-1989,Boeing 727-232,N530DA,Delta Air Lines,0,Salt Lake Ci...,,,A1
19891018-0,18-OCT-1989,Ilyushin Il-76MD,CCCP-76569,Soviet AF,57,near Sumqayit,, ,A1
19891020-0,20-OCT-1989,Ilyushin Il-76TD,CCCP-76466,"Aeroflot, Ulyanovsk Flight School",15,near Leninakan Ai...,, ,A1
19891020-1,20-OCT-1989,BN-2A-3 Islander,TC-KUN,Tapu Kadastro Genel Müdürlügü,5,Hatay,, ,C1
19891021-0,21-OCT-1989,Boeing 727-224,N88705,"Continental Air Lines, op.for TAN",131,near Tegucigalpa-...,,,A1
19891026-0,26-OCT-1989,Boeing 737-209,B-180,China Airlines,54,near Hualien Airp...,,,A1
19891026-1,26-OCT-1989,DHC-6 Twin Otter 300,C-GBJE,Air Inuit,0,Kangiqsujuaq...,,,A1
19891026-2,26-OCT-1989,Rockwell Sabreliner 75A,XC-UJC,Mexican AF,0,Saltillo Air...,, ,A1
19891026-3,26-OCT-1989,Antonov An-26,09,Soviet AF,37,near Petropavlovs...,, ,A1
19891028-0,28-OCT-1989,DHC-6 Twin Otter 300,N707PV,Aloha IslandAir,20,near Hoolehua-Mol...,, ,A1
19891101-1,01-NOV-1989,Shorts SC.7 Skyvan 3-200,OH-SBB,RV Aviation,0,near Mariehamn,, ,A1
19891105-0,05-NOV-1989,Handley Page HPR-7 Herald 401,HK-2702,Aerosucre Colombia,6,near Roncesvalles...,, ,A1
19891105-1,05-NOV-1989,Learjet 25C,PT-ISN,Gonair Táxi Aéreo,4,near Belo Horizon...,, ,A1
19891108-0,08-NOV-1989,DHC-6 Twin Otter 300,786/F-RAVV,French AF,0,"El Gorah, Sinai",, ,A1
19891109-0,09-NOV-1989,BN-2A-26 Islander,9L-LAV,Weasua Air Transport,2,near Monrovia,, ,A1
19891110-0,10-NOV-1989,CASA C-212-M Aviocar 300,LDF-46,Lesotho AF,15,Maluti Mount...,, ,A1
19891114-0,14-NOV-1989,Cessna 551 Citation II/SP,LN-AAE,Air Express,4,near Bardufoss Ai...,,,A1
19891114-1,14-NOV-1989,Antonov An-2R,YR-PMG,Aviatia Utilitara,,Sânmartin,, ,A1
19891115-0,15-NOV-1989,Douglas DC-3C,RP-C14,Victoria Air,0,near Barualite,,,A1
19891121-0,21-NOV-1989,Antonov An-24B,CCCP-46335,Aeroflot / Uralsk,32,near Sovetsky Air...,, ,A1
19891122-0,22-NOV-1989,Douglas C-54A (DC-4),TT-EAF,Air Chad,0,N'Djamena Ai...,, ,A1
19891122-1,22-NOV-1989,Embraer EMB-110P1 Bandeirante,VH-FCK,Sunbird Airlines,0,Kidston Airp...,, ,A2
19891124-0,24-NOV-1989,Antonov An-2,CCCP-44953,Aeroflot / Kazakstan,1,near Dzhambul Air...,, ,A1
19891125-0,25-NOV-1989,Fokker F-28 Fellowship 4000,HL7285,Korean Air,0,Seoul-Kimpo ...,,,A1
19891125-1,25-NOV-1989,BN-2A-26 Islander,V3-HCT,Maya Airways,,,, ,U1
19891127-0,27-NOV-1989,Boeing 727-21,HK-1803,Avianca,107,near Bogotá-Eldor...,,,C1
19891127-1,27-NOV-1989,Lockheed L-100-20 Hercules,N9205T,Tepper Aviation Inc,5,near Jamba Airpor...,,,A1
19891127-2,27-NOV-1989,Antonov An-2R,SP-WWO,ZUA,,Borów,, ,A1
19891128-0,28-NOV-1989,Shorts 360-100,G-ROOM,Short Brothers,0,Belfast City...,,,O1
19891128-1,28-NOV-1989,BN-2 Islander,N127JL,New England Airlines,8,near Block Island...,, ,A1
19891129-0,29-NOV-1989,Swearingen SA226-TC Metro II,C-FBWY,Brooker Wheaton Aviation,0,Edmonton Int...,, ,A2
19891130-0,30-NOV-1989,Lockheed C-130H Hercules,TJX-AC,Cameroon AF,0,Marseille-Pr...,, ,O2
19891199-0,??-NOV-1989,Convair CV-440-38,XA-NAU,Correos de México,0,near Toluca,, ,A1
19891201-0,01-DEC-1989,CASA C-212 Aviocar 200,N296CA,US Army,5,Patuxent Riv...,, ,A1
19891202-0,02-DEC-1989,Douglas DC-6A/B,N371,Gomes & Warra Aircraft,0,near George Town,,,A1
19891205-0,05-DEC-1989,Airbus A320-211,F-GHQB,Air Inter,0,Lille-Lesqui...,,,A2
19891206-1,06-DEC-1989,Douglas C-47 (DC-3),60..,Mexican AF,5,near Tepic,, ,A1
19891215-1,15-DEC-1989,Boeing 747-406M,PH-BFC,KLM,0,"near Anchorage, AK",,,A2
19891216-0,16-DEC-1989,Boeing 747, ,Air China,0,Fukuoka Airp...,, ,H2
19891221-0,21-DEC-1989,Learjet 35A,N930GL,Panamanian Government,0,Panama City-...,, ,O1
19891221-1,21-DEC-1989,Lockheed C-130A Hercules,TAM62,Bolivian AF,22,Guayaramerin...,, ,A1
19891221-2,21-DEC-1989,BN-2A-9 Islander,F-OGSM,Aviation Sans Frontières,4,near Aweil,, ,C1
19891221-3,21-DEC-1989,Boeing 757-223,N611AM,American Airlines,0,Santa Ana-Or...,, ,A2
19891226-0,26-DEC-1989,BAe 3101 Jetstream 31,N410UE,"United Express, opb North Pacific Airlines - NPA",6,Pasco-Tri-Ci...,, ,A1
19891228-2,28-DEC-1989,Antonov An-24RV,YR-BMJ,Tarom,7,near Visina,, ,C1
19891230-0,30-DEC-1989,Boeing 737-204,N198AW,America West,0,Tucson Inter...,,,A1
19891230-1,30-DEC-1989,Fokker F-28 Fellowship 4000,TU-TIK,Air Ivoire,0,Man Airport ...,,,A1
19891231-0,31-DEC-1989,Boeing 747, ,Saudi Arabian,0,Jeddah-King ...,, ,H2
19891299-1,??-DEC-1989,Lockheed C-130H Hercules,460,Saudi AF,,Jeddah-Princ...,, ,O1
19891299-2,??-DEC-1989,BN-2A-6 Islander,HP-572OL,Aerolineas Colon,,,, ,A1
19891299-3,??-DEC-1989,BN-2A Islander,HP-658,Turismo Aéreo,,,, ,A1
19891299-4,??-DEC-1989,BN-2A-6 Islander,HP-676,Turismo Aéreo,,,, ,A1
19891299-6,??-DEC-1989,BN-2A-7 Islander,HP-1002,Aerolineas Nacionales,,,, ,A1
19891299-7,??-DEC-1989,BN-2A-27 Islander,HP-1133IT,Istmeña de Aviación,,,, ,A1
19891299-8,??-DEC-1989,Grumman G-159 Gulfstream I,HK-3330X,Helitaxi Colombia,0,Panama City-...,,,O1
19899999-0,??-???-1989,CASA C-212 Aviocar 200,N4999U,U.S. DEA,,,, ,U1
19899999-1,??-???-1989,Antonov An-2R,CCCP-70087,Aeroflot / Central Region,,Tver-Zmeevo,, ,A1

19890104-3,04-JAN-1989,Hawker Siddeley HS-748,PK-IHA,Bouraq Indonesia,0,Banjarmasin-...,,,A1
19890105-0,05-JAN-1989,Cessna 208B Super Cargomaster,N945FE,Federal Express,0,near Aspen Airpor...,, ,A1
19890108-0,08-JAN-1989,Boeing 737-4Y0,G-OBME,BMA,47,near Kegworth,,,A1
19890111-0,11-JAN-1989,Cessna 208B Super Cargomaster,N9330B,Atlantic Aero,0,Rockingham C...,, ,A1
19890112-0,12-JAN-1989,Hawker Siddeley HS-748,C-GDOV,Bradley Air Services,2,near Dayton-James...,, ,A1
19890112-1,12-JAN-1989,Beech 200 Super King Air,YV-597CP,Corporación Metalmen,2,near Caracas/La C...,, ,A1
19890113-0,13-JAN-1989,Antonov An-12B,CCCP-12997,Aeroflot / Uralsk,0,Sverdlovsk A...,, ,A1
19890113-1,13-JAN-1989,Tupolev Tu-154S,CCCP-85067,Aeroflot / International,0,Monrovia-Rob...,, ,A1
19890115-0,15-JAN-1989,DHC-3 Otter,N11250,Temsco Helicopters,2,"near Ketchikan, AK",, ,A1
19890117-1,17-JAN-1989,Douglas C-47A (DC-3),CP-1418,Aerolineas La Paz,5,between La P...,,,A1
19890118-0,18-JAN-1989,Douglas C-47A (DC-3),XB-DYP,American Air Freight,0,Laredo Inter...,, ,A1
19890120-0,20-JAN-1989,Tupolev Tu-134, ,Aeroflot,0,Odessa-Centr...,, ,H2
19890120-1,20-JAN-1989,Convair CV-580,N73160,"Sierra Pacific Airlines, op.for Aspen Airways",0,"Buena Vista, CO",,,A1
19890120-2,20-JAN-1989,Boeing 737-201,N242US,Piedmont Airlines,0,Chicago-O'Ha...,, ,A2
19890121-0,21-JAN-1989,Swearingen SA226-TC Metro II,OY-ARI,Muk Air Taxi,0,Örnsköldsvik...,, ,A1
19890121-1,21-JAN-1989,Antonov An-24, ,Aeroflot,0,Ivano-Franko...,, ,H2
19890123-0,23-JAN-1989,Antonov An-12BP,CCCP-11987,Soviet AF,0,Kandahar Air...,, ,A1
19890126-0,26-JAN-1989,Avia 14,CCCP-52066,Aeroflot / Central Region,3,Mirny Ice St...,, ,A1
19890127-0,27-JAN-1989,Canadair CL-215,I-CFSS,"State Forestry Corps (Italy), op.for SISAM",2,Quiliano,,,A1
19890127-1,27-JAN-1989,Kaiser-Fraser C-119G Flying Boxcar,3215,Republic of China AF,,unknown,, ,U1
19890129-0,29-JAN-1989,Lockheed CC-130E Hercules,130318,Canadian Armed Forces,9,Fairbanks-Fo...,,,A1
19890130-0,30-JAN-1989,Learjet 23,F-GDAV,Air Enterprise,0,Lisboa-Porte...,, ,A1
19890131-0,31-JAN-1989,Boeing KC-135A,63-7990,USAF,19,Abilene-Dyes...,,,A1
19890131-1,31-JAN-1989,Boeing 727-46,HK-3246X,ACES,0,San José-Jua...,, ,H2
19890131-2,31-JAN-1989,Antonov An-24, ,Afghan AF,,near Bannu,, ,C1
19890203-0,03-FEB-1989,Fokker F-27 Friendship 600,XY-AEK,Burma Airways,26,near Yangon-Minga...,,,A1
19890206-0,06-FEB-1989,Vickers 952F Vanguard,F-GEJE,"Inter Cargo Service, op.for RAM",3,Marseille-Pr...,,,A1
19890208-0,08-FEB-1989,Boeing 707-331B,N7231T,Independent Air,144,near Santa Maria-...,,,A1
19890209-1,09-FEB-1989,Boeing 737-2B1,C9-BAD,LAM,0,Lichinga Air...,,,A1
19890209-2,09-FEB-1989,Tupolev Tu-154B-2,YR-TPJ,Tarom,5,Bucharest-Ot...,,,A1
19890209-3,09-FEB-1989,Douglas C-47 (DC-3), ,Mexican AF,,,, ,U1
19890213-0,13-FEB-1989,Shorts 330-200,G-BPMA,Gill Air,0,Glasgow Inte...,,,O1
19890215-0,15-FEB-1989,Dassault Falcon 20DC,N232RA,Reliant Airlines,0,Binghamton A...,,,A1
19890216-0,16-FEB-1989,Boeing E-6A Hermes,162782,US Navy,0,near Washington S...,, ,A2
19890217-0,17-FEB-1989,Dassault Falcon 10,PT-ASJ,Serv-Jet,0,Rio de Janei...,, ,A1
19890219-0,19-FEB-1989,Boeing 747-249F,N807FT,Flying Tiger Line,4,near Kuala Lumpur...,,,A1
19890220-0,20-FEB-1989,Lockheed C-141B Starlifter,66-0150,USAF,8,near Hurlburt Fie...,,,A1
19890220-1,20-FEB-1989,Swearingen SA226-AT Merlin IV,F-GERP,Dirac Aviation,0,near Castera-Lou,, ,A2
19890224-0,24-FEB-1989,Boeing 747-122,N4713U,United Airlines,9,near Hawaii,,,A2
19890225-2,25-FEB-1989,Douglas C-118A (DC-6),HR-AKZ,private,10,near Tegucigalpa-...,,,A1
19890227-0,27-FEB-1989,Cessna S550 Citation S/II,N29X,NYNEX,0,Poughkeepsie...,, ,A1
19890228-1,28-FEB-1989,Douglas C-47A (DC-3),C-FBZN,Transfair,2,near La Grande-LG...,,,A1
19890299-0,??-FEB-1989,Lockheed L-100-30 Hercules,D2-EHD,"Transafrik, opf Endiama",0,near Luena Airpor...,, ,C2
19890301-0,01-MAR-1989,Douglas C-49J (DC-3),N28PR,Borinquen Air,0,near San Juan-Lui...,,,A1
19890305-0,05-MAR-1989,Fokker 100,PH-KLC,KLM,0,Genève-Coint...,,,A2
19890306-0,06-MAR-1989,Antonov, ,Ariana Afghan Airlines,2,Jalalabad Ai...,, ,C1
19890310-0,10-MAR-1989,Antonov An-26, ,Angolan AF,5,Cazambo,, ,C1
19890310-1,10-MAR-1989,Fokker F-28 Fellowship 1000,C-FONF,Air Ontario,24,Dryden Munic...,,,A1
19890310-2,10-MAR-1989,BN-2A Islander,OB-T-1271,Aero Condor,10,Lima,, ,A1
19890311-0,11-MAR-1989,BN-2T Turbine Islander,G-OTVS,Headcorn Parchute Club,0+ 1,near Maidstone-La...,, ,A1
19890315-0,15-MAR-1989,NAMC YS-11A-300F,N128MP,Mid Pacific Airlines,2,Lafayette-Pu...,,,A1
19890318-0,18-MAR-1989,DC-9-33RC,N931F,Evergreen International,2,"near Saginaw, TX",,,A1
19890319-0,19-MAR-1989,BN-2A-21 Islander,ZK-SFE,Soundsair,0,Tiraora Lodge,, ,A1
19890321-0,21-MAR-1989,Boeing 707-349C,PT-TCS,Transbrasil,3+ 22,near São Paulo-Gu...,,,A1
19890321-1,21-MAR-1989,BN-2B-26 Islander,P2-BAB,Bougair,0,Kieta-Aropa ...,, ,C1
19890327-0,27-MAR-1989,Lockheed C-130H Hercules,470,Saudi AF,,Jeddah-Princ...,, ,A1
19890329-0,29-MAR-1989,Tupolev Tu-154B-2,HA-LCN,Malev,0,Frankfurt In...,,,H2
19890329-1,29-MAR-1989,Fokker F-28 Fellowship 4000,PK-GKD,Garuda,0,Palangkaraya...,, ,A2
19890331-0,31-MAR-1989,Tupolev Tu-134, ,Aeroflot,0,Baku Airport...,, ,H2
19890401-0,01-APR-1989,Fokker F-27 Friendship 200MAR,10616,Philippine AF,,Laoag Airpor...,, ,A1
19890403-1,03-APR-1989,Boeing 737-248,OB-R-1314,Faucett,0,Iquitos Airp...,,,A1
19890408-1,08-APR-1989,Lockheed L-100-20 Hercules,S9-NAI,Transafrik,0,near Luena Airpor...,,,A1
19890410-0,10-APR-1989,Beech 200 Super King Air,N30PC,Southern Company Services,3,near Pensacola Re...,, ,A1
19890410-1,10-APR-1989,Fairchild FH-227B,F-GGDM,"EAS, lsf Uni-Air",22,Léoncel,,,A1
19890420-0,20-APR-1989,Antonov An-2T,880,East German AF,0,near Wriezen,, ,A1
19890422-0,22-APR-1989,Antonov An-2R,CCCP-70080,Aeroflot / Privolzhsk,0,Tatarski,, ,A1
19890424-0,24-APR-1989,Xian Yunshuji Y-7, ,China Eastern,1,Fuzhou Yixu ...,, ,H2
19890426-0,26-APR-1989,SE-210 Caravelle 11R,HK-3325X,Aerosucre Colombia,5+ 2,near Barranquilla...,,,A1
19890426-1,26-APR-1989,Cessna 208 Caravan I,N9637F,Planemasters,0,near Decatur Airp...,, ,A1
19890501-0,01-MAY-1989,Antonov An-2R,CCCP-70225,Aeroflot / Privolzhsk,5,Sechenovo,, ,A1
19890502-0,02-MAY-1989,Douglas C-47A (DC-3),N28889,Monroe County Mosquito Control,2,near Summerland K...,,,A1
19890503-0,03-MAY-1989,A.W. AW-650 Argosy 222,VH-IPA,IPEC,0,Melbourne-Tu...,, ,A2
19890504-0,04-MAY-1989,Dornier Do 28D-1 Skyservant,OO-GEO,Eurosense,0,unknown,, ,A1
19890505-1,05-MAY-1989,BN-2A Trislander Mk.III-2,XA-JPE,Aero Cozumel,6,near Playa del Ca...,, ,A1
19890506-0,06-MAY-1989,Douglas C-47A (DC-3),RP-C82,MATS,0,near Manila,, ,A1
19890506-1,06-MAY-1989,Embraer EMB-110P1 Bandeirante,N95PB,Southern Express,1,near Columbia-Mau...,, ,A1
19890508-2,08-MAY-1989,Handley Page HP-137 Jetstream T.2,XX489,Royal Navy,2,Portland Har...,,,A1
19890508-4,08-MAY-1989,Beech 99,SE-IZO,Holmström Flyg,16,near Oskarshamn A...,,,A1
19890510-0,10-MAY-1989,Beech 200 Super King Air,N39YV,Mesa Airlines,1,"Azusa, CA",, ,A1
19890511-0,11-MAY-1989,Antonov An-2R,CCCP-54891,Aeroflot / Belarus,4,"near Dolbizno, Ka...",, ,A1
19890515-1,15-MAY-1989,BN-2 Islander,OB-1272,Aero Condor,,near Puerto Maldo...,,,A1
19890517-0,17-MAY-1989,Boeing 707-330B,6O-SBT,Somali Airlines,0,Nairobi-Jomo...,,,A1
19890518-0,18-MAY-1989,Boeing C-97L,N4580Q,Stratolift,0,Unalakleet A...,,,O1
19890518-1,18-MAY-1989,Ilyushin Il-62, ,Aeroflot,0,Dar es Salaa...,, ,H2
19890520-0,20-MAY-1989,Cessna 208 Caravan I,PNP-021,Peruvian Police,9,near Huaral,, ,A1
19890521-0,21-MAY-1989,Consolidated PBY-5A Catalina,N285NJ,private,2,Torino-Aerit...,,,A1
19890521-1,21-MAY-1989,Douglas C-47A (DC-3),C-GWYX,Central Mountain Air Services,0,near Bronson Cree...,,,A1
19890522-0,22-MAY-1989,PADC/BN-2A-26 Islander,VH-BSN,Cockatoo Island Airways,0,"near Derby, WA",, ,A1
19890522-1,22-MAY-1989,Douglas C-47A (DC-3),N47CE,Condor Enterprises,3,near De Kalb Airp...,,,A1
19890526-0,26-MAY-1989,Yakovlev Yak-40, ,CSA,0,Karlovy Vary...,, ,H2
19890526-1,26-MAY-1989,BN-2A-27 Islander,YR-BNJ,Aviatia Utilitara,4,near Boboc Air Base,, ,A1
19890527-0,27-MAY-1989,DHC-6 Twin Otter 300,C-FMPH,RCMP,0,Colville Lak...,, ,A1
19890527-1,27-MAY-1989,Boeing 727, ,American Airlines,0,Miami Intern...,, ,H2
19890527-2,27-MAY-1989,DHC-6 Twin Otter 200,C-FMPB,RCMP,0,Colville Lak...,, ,A2
19890530-0,30-MAY-1989,IAI Arava 201,2002,Mexican AF,4,Punta Bojórquez,, ,A1
19890531-0,31-MAY-1989,DC-9-82 (MD-82), ,ALM,0,Curaçao-Hato...,, ,H2
19890606-0,06-JUN-1989,Douglas C-47B (DC-3),EC-EIS,Aeromarket,0,Palma de Mal...,,,A1
19890606-1,06-JUN-1989,Fokker F-27 Friendship 600,5A-DDV,Libyan Arab Airlines,0,near Zella,,,A1
19890607-2,07-JUN-1989,DC-8-62,N1809E,Surinam Airways,176,near Paramaribo-Z...,,,A1
19890608-0,08-JUN-1989,DHC-3 Otter,N5323G,private,0,Grenville Ch...,, ,A1

19890611-1,11-JUN-1989,DHC-6 Twin Otter 300,HK-2486,Aerotaca,6,Vereda el Sa...,, ,A1
19890615-0,15-JUN-1989,DHC-6 Twin Otter 200,P2-OTR,Curtain Brothers PNG,2,near Dahomo,, ,A1
19890617-2,17-JUN-1989,Ilyushin Il-62M,DDR-SEW,Interflug,21,Berlin-Schön...,,,A1
19890618-0,18-JUN-1989,Antonov An-26,YA-BAK,Ariana Afghan Airlines,6,Zabol Airpor...,, ,A1
19890621-0,21-JUN-1989,DHC-5D Buffalo,FAP-329,Peruvian AF,59,near Tarma,, ,A1
19890626-3,26-JUN-1989,Douglas C-118A (DC-6),C-GBYA,Conifair Aviation,4,near St. Anne-des...,, ,A1
19890626-4,26-JUN-1989,Douglas C-47A (DC-3),N8042X,California Air Tours,0,"near Petersburg, AK",,,A1
19890628-1,28-JUN-1989,Fokker F-27 Friendship 600RF,6O-SAZ,Somali Airlines,30,near Hargeisa,,,A1
19890628-2,28-JUN-1989,BAe BAe-748-435 Srs. 2B,TJ-CCF,Cameroon Airlines,3,Yaoundé-Vill...,, ,A1
19890629-0,29-JUN-1989,Dassault Falcon 20DC,N125CA,Phoenix Air,2,near Cartersville...,,,A1
19890703-0,03-JUL-1989,Lockheed C-130B Hercules,FAC-1007,Colombian AF,0,Ocaña-Aguasc...,, ,A1
19890706-0,06-JUL-1989,Ilyushin Il-14M,CCCP-61788,Aeroflot / Yakutsk,0,near Cape Schmidt,, ,A1
19890708-0,08-JUL-1989,Antonov An-12BP,CCCP-11875,Soviet AF,31,Cam Ranh Air...,, ,A1
19890709-0,09-JUL-1989,Shorts 330-200,G-OATD,Short Brothers,0,Belfast City...,, ,O1
19890710-0,10-JUL-1989,Lockheed L-100-30 Hercules, ,Pelita Air Service,0,Wau Airport ...,, ,A2
19890711-0,11-JUL-1989,Boeing 707-351B,5Y-BBK,Kenya Airways,0,Addis Ababa-...,,,A1
19890713-0,13-JUL-1989,DC-8-63F,N950R,"Rosenbalm Aviation, op.for Emery Worldwide",0,Dayton-James...,,,A2
19890714-0,14-JUL-1989,DC-8-63F,HK-3490X,TAMPA Colombia,0,Miami Intern...,, ,A2
19890718-0,18-JUL-1989,BN-2A Islander,P2-ISJ,Talair,,,, ,U1
19890719-0,19-JUL-1989,Antonov An-26,CCCP-26685,Aeroflot / Yakutsk,10,??Cape Kibera,, ,A1
19890719-1,19-JUL-1989,DC-10-10,N1819U,United Airlines,111,Sioux Gatewa...,,,A1
19890721-0,21-JUL-1989,DHC-6 Twin Otter 300,P2-RDW,Talair,3,Porgera Airp...,,,A1
19890721-1,21-JUL-1989,BAC One-Eleven 516FP,RP-C1193,Philippine Air Lines,0+ 8,Manila Inter...,,,A1
19890722-0,22-JUL-1989,Cessna 208 Caravan I,HB-CKW,Zimex Aviation,,near Mocuba,, ,A1
19890723-0,23-JUL-1989,Antonov An-26, ,Angolan AF,42,Chana,, ,C1
19890725-0,25-JUL-1989,Boeing B-17G,F-BEEA,IGN,0,Grimsby-Binb...,, ,A1
19890727-0,27-JUL-1989,DC-10-30,HL7328,Korean Air,75+ 4,near Tripoli Inte...,,,A1
19890728-0,28-JUL-1989,Tupolev Tu-134AK,CCCP-65670,Soviet AF,0,Ulan-Ude Air...,, ,A1
19890731-0,31-JUL-1989,Convair CV-580,ZK-FTB,Air Freight NZ,3,Auckland Int...,,,A1
19890731-1,31-JUL-1989,Yakovlev Yak-40,YA-KAA,Ariana Afghan Airlines,0,Qala i Naw A...,, ,A1
19890801-0,01-AUG-1989,Lockheed L-100-30 Hercules,7T-VHK,Air Algérie,0,Tamanrasset-...,,,A1
19890802-0,02-AUG-1989,BAe-146-200A,OY-CRG,Atlantic Airways,0,Faroe Island...,,,A2
19890803-1,03-AUG-1989,Shorts 330-200,SX-BGE,Olympic Aviation,34,near Samos Airpor...,,,A1
19890804-0,04-AUG-1989,Convair CV-600,N94253,International Turbine Service,0,Augusta Airp...,, ,A1
19890805-0,05-AUG-1989,Learjet 25D,PT-KYR,Locadora Belauto,4,Ilha das Onç...,, ,A1
19890807-0,07-AUG-1989,DHC-6 Twin Otter 300,ET-AIL,RRC Air Services,16,Gambella,,,A1
19890808-0,08-AUG-1989,BN-2A-26 Islander,ZK-EVK,Aspiring Air,10,Upper Dart V...,, ,A1
19890809-0,09-AUG-1989,Lockheed C-130H Hercules,74-1681,USAF,1,"Fort Bragg, NC",,,A1
19890810-0,10-AUG-1989,Ilyushin Il-76M,CCCP-86718,Soviet AF,7,near Novgorod-Kre...,, ,A1
19890810-2,10-AUG-1989,Douglas DC-8-33F,OB-1316,APISA Air Carga,0,Iquitos Airp...,,,A1
19890813-0,13-AUG-1989,Hawker Siddeley HS-125-3A,N66HA,private,0,Houston-Hobb...,, ,A1
19890814-0,14-AUG-1989,Yakovlev Yak-40,CCCP-88252,Aeroflot / Yakutsk,0,Neryungri Ai...,, ,A1
19890815-1,15-AUG-1989,Antonov An-24RV,B-3417,China Eastern,34,near Shanghai-Hon...,, ,A1
19890816-1,16-AUG-1989,Fokker F-28 Fellowship 1000C,TC-51,LADE,0,San Carlos d...,,,A1
19890822-0,22-AUG-1989,Canadair CL-215,YV-O-INC-2,CVG,3,near Puerto Ordaz,, ,A1
19890823-0,23-AUG-1989,Airbus A300B4-203,F-BVGO,Air France,0,Algiers-Houa...,, ,H2
19890824-0,24-AUG-1989,Antonov An-24, ,Unknown,,Kabul,, ,C1
19890825-0,25-AUG-1989,Boeing 727-247,TC-AJV,Torosair,0,Ankara-Esenb...,,,A1
19890825-1,25-AUG-1989,Fokker F-27 Friendship 200,AP-BBF,PIA,54,Himalaya Mou...,,,A1
19890828-0,28-AUG-1989,Let L-410UVP,CCCP-67104,Aeroflot / North Kavkaz,,near Labinsk,, ,A1
19890902-0,02-SEP-1989,Yakovlev Yak-40,CCCP-87509,Aeroflot / Kyrgyzstan,0,Bishkek Airp...,, ,A1
19890903-0,03-SEP-1989,Boeing 737-241,PP-VMK,Varig,13,near São José do ...,,,A1
19890903-1,03-SEP-1989,Ilyushin Il-62M,CU-T1281,Cubana,126+ 24,near Havana-José ...,,,A1
19890903-2,03-SEP-1989,Fairchild C-123K Provider,N8168T,U.S. Department of State,0,Montería-Los...,, ,O1
19890904-0,04-SEP-1989,Lockheed L-188C Electra,HC-AZJ,TAME Ecuador,0,Taura AFB,,,A1
19890904-2,04-SEP-1989,Fokker F-27 Friendship 600,C-GSFS,Securité Civile,2,Laval-Pradel,,,A1
19890907-0,07-SEP-1989,BAC One-Eleven 320AZ,5N-AOT,Okada Air,0,Port Harcour...,,,A1
19890908-0,08-SEP-1989,Convair CV-580,LN-PAA,Partnair,55,near Hirtshals [S...,,,A1
19890911-1,11-SEP-1989,Antonov An-26,14-22,Cuban AF,7,near Havana,, ,A1
19890913-0,13-SEP-1989,Let L-410M,OK-FDC,Aero Vodochody,0,Vodochody-Kl...,,,A1
19890915-0,15-SEP-1989,DHC-6 Twin Otter 300,PK-NUE,Merpati Nusantara,22,near Bintuni,, ,A1
19890915-1,15-SEP-1989,Yakovlev Yak-40,CCCP-87391,Aeroflot / Kyrgyzstan,0,Dzhalal-Abad,, ,A1
19890915-2,15-SEP-1989,Beech 100 King Air,N887PE,Private,6,near Mayfield Gra...,, ,A1
19890916-0,16-SEP-1989,Beech 100 King Air,N204AJ,Aviex Jet,0,near Houston-Will...,, ,A1
19890918-0,18-SEP-1989,BN-2A-26 Islander,N112JC,Vieques Air Link,0,Vieques Airp...,, ,O1
19890918-1,18-SEP-1989,BN-2A Islander,N290VL,Vieques Air Link,0,Vieques Airp...,, ,O1
19890918-12,18-SEP-1989,Douglas C-47A (DC-3),N4577Z,Aero Virgin Islands,0,San Juan-Lui...,,,O1
19890918-13,18-SEP-1989,Douglas C-49J,N28346,Aero Virgin Islands,0,San Juan-Lui...,,,O1
19890918-15,18-SEP-1989,Grumman G-73T Turbo Mallard,N632SS,Virgin Islands Seaplane Shuttle,0,Christianste...,, ,O1
19890918-16,18-SEP-1989,Grumman G-73 Mallard,N655SS,Virgin Islands Seaplane Shuttle,0,Christianste...,, ,O1
19890918-17,18-SEP-1989,Grumman G-73 Mallard,N628SS,Virgin Islands Seaplane Shuttle,0,Christianste...,, ,O1
19890918-18,18-SEP-1989,Lockheed 18 Lodestar,N1046,Eagle Wings Air Service,0,St. Croix,, ,O1
19890918-19,18-SEP-1989,BN-2A-8 Islander,N38MN,Vieques Air Link,0,Vieques Airp...,, ,O1
19890918-2,18-SEP-1989,BN-2A Islander,N457SA,Vieques Air Link,0,Vieques Airp...,, ,O1
19890918-20,18-SEP-1989,BN-2A-8 Islander,N39MN,Vieques Air Link,0,Vieques Airp...,, ,O1
19890918-21,18-SEP-1989,BN-2A Islander,N44DW,Flamenco Airways,0,Vieques Airp...,, ,O1
19890918-22,18-SEP-1989,BN-2A-27 Islander,N8491B,Vieques Air Link,0,Vieques Airp...,, ,O1
19890918-3,18-SEP-1989,BN-2A-6 Islander,N197BN,Vieques Air Link,0,Vieques Airp...,, ,O1
19890918-4,18-SEP-1989,BN-2A Islander,N588JA,Vieques Air Link,0,Vieques Airp...,, ,O1
19890918-5,18-SEP-1989,BN-2A Islander,N861JA,Vieques Air Link,0,Vieques Airp...,, ,O1
19890918-6,18-SEP-1989,Douglas DC-3A,N1159S,Air Caribbean,0,Humacao Airp...,, ,O1
19890918-7,18-SEP-1989,Douglas DC-3-208,N4425N,Aero Virgin Islands,0,San Juan-Lui...,,,O1
19890918-9,18-SEP-1989,Martin 4-0-4,N40425,Aero Virgin Islands,0,San Juan-Lui...,,,O1
19890919-0,19-SEP-1989,ATR 42-300, ,RAM,0,Las Palmas-A...,, ,H2
19890919-1,19-SEP-1989,DC-10-30,N54629,UTA,170,Ténéré desert,,,C1
19890920-0,20-SEP-1989,Boeing 737-401,N416US,USAir,2,New York-La ...,,,A1
19890920-1,20-SEP-1989,Boeing KC-135E,57-1481,USAF,2,Fairbanks-Ei...,,,A1
19890920-2,20-SEP-1989,Lockheed L-188PF Electra,6-P-101,Argentine Navy,0,Trelew-Almir...,,,A1
19890920-3,20-SEP-1989,BN-2A Islander,N95CA,private,0,unknown,, ,O1
19890920-4,20-SEP-1989,BN-2A Islander,N119DW,private,0,unknown,, ,O1
19890922-0,22-SEP-1989,Fairchild F-27A,F-GFHZ,Air Corse,0,Toulon-Hyère...,,,A1
19890923-0,23-SEP-1989,Dornier 228-201,VT-EJF,Vayudoot,11,near Indapur,, ,A1
19890923-2,23-SEP-1989,Learjet 25D,LV-MMV,Misiones State Government,2,Rio Alta Par...,, ,A1
19890926-0,26-SEP-1989,Swearingen SA227-AC Metro III,C-GSLB,Skylink Airlines,7,Terrace Airp...,,,A1
19890927-0,27-SEP-1989,DHC-6 Vista Liner 300,N75GC,Grand Canyon Airlines,10,Grand Canyon...,,,A1
19890928-0,28-SEP-1989,Antonov An-32,CCCP-48095,MAP Moscow,9,"near Semenivka, C...",, ,A1
19891002-0,02-OCT-1989,Boeing 737-2F9,5N-ANX,Nigeria Airways,0,Lagos/Ikeja ...,, ,A1
19891002-1,02-OCT-1989,Cessna 550 Citation II,N53CC,GTE South,2,near Roxboro/Pers...,, ,A1
19891002-2,02-OCT-1989,Cessna 501 Citation I/SP,N617CC,Owners Jet Services,0,Sedona Airpo...,,,A1
19891002-3,02-OCT-1989,Antonov An-2T,CCCP-33078,Aeroflot / Tyumen,0,near Yar-Sale,, ,A1
