identifiant,date,type,registration,operator,fat.,location, ,pic,cat

19940524-3,24-MAY-1994,Antonov An-2P,RA-07730,Aeroflot,,Oktyabrsky,, ,A1
19940526-0,26-MAY-1994,unknown, ,Garuda,0,unknown airport,, ,H2
19940528-0,28-MAY-1994,Douglas DC-3A,HK-2213,Transoriente Colombia,7,near Villavicenci...,,,A1
19940528-1,28-MAY-1994,Fokker 50,PH-AVH,Avianca,0,Cúcuta-Camil...,,,A2
19940530-0,30-MAY-1994,Hawker Siddeley HS-125-3A,N900CD,DB Aviation,0,Waukegan Mem...,,,A1
19940606-1,06-JUN-1994,Tupolev Tu-154M,B-2610,China Northwest,160,near Xian-Xianyan...,,,A1
19940607-0,07-JUN-1994,Boeing 737, ,China Southern,0,Taipei,, ,H2
19940613-0,13-JUN-1994,Swearingen SA226-TC Metro II,XA-SLU,Aero Cuahonte,9,near Uruapan Airp...,, ,A1
19940618-0,18-JUN-1994,Fokker F-27 Friendship 500F,PK-MFI,Merpati Nusantara,12,Mount Kalora,, ,A1
19940618-1,18-JUN-1994,Learjet 25D,XA-BBA,TAESA,12,near Washington-D...,, ,A1
19940623-0,23-JUN-1994,ATR 42-320, ,Ethiopian Airlines,0,Addis Ababa-...,, ,H2
19940623-1,23-JUN-1994,DHC-3 Otter,N13GA ,Wings of Alaska,7,"Taku Inlet, AK",, ,A1
19940624-0,24-JUN-1994,BAe 3201 Jetstream 32,N495UE,"United Express, opb Atlantic Coast Airlines",0,Orlando Inte...,, ,A2
19940625-0,25-JUN-1994,Antonov An-2P,RA-70263,Aeroflot / East Siberia,0,Kirensk,, ,A1
19940626-0,26-JUN-1994,Fokker F-27 Friendship 400M,TU-TIP,Air Ivoire,17,near Abidjan-Feli...,,,A1
19940626-1,26-JUN-1994,Douglas C-47A (DC-3),C-FROD,Buffalo Airways,0,near Fort Simpson...,,,A1
19940626-2,26-JUN-1994,Antonov An-2T,D-FONJ,private,0,Aichach,,,A1
19940628-0,28-JUN-1994,Grumman G-159 Gulfstream I,F-GIIX,Air Provence,0,Lyon Satolas...,,,A1
19940629-0,29-JUN-1994,Cessna 550 Citation II,HB-VIS,Cat Aviation,0,Zürich-Klote...,, ,A2
19940630-0,30-JUN-1994,Airbus A330-321,F-WWKH,Airbus Industrie,7,Toulouse-Bla...,,,A1
19940701-0,01-JUL-1994,Fokker F-28 Fellowship 4000,5T-CLF,Air Mauritanie,80,Tidjikja Air...,,,A1
19940702-0,02-JUL-1994,DC-9-31,N954VJ,USAir,37,Charlotte-Do...,,,A1
19940705-0,05-JUL-1994,Fokker F-27 Friendship 200,AP-ALN,PIA,0,Dera Ismail ...,,,A1
19940706-0,06-JUL-1994,Antonov An-32P,UR-48018,"Antonov Design Bureau, op.for Heliservicio",5,Sierra de Ma...,, ,A1
19940708-0,08-JUL-1994,Boeing 737-4U3,PK-GWK,Garuda,0,Medan-Poloni...,, ,A2
19940709-0,09-JUL-1994,Beech 200 Super King Air,VT-EUJ,Punjab Government (India),11,near Sunder Nagar...,, ,A1
19940709-1,09-JUL-1994,Antonov An-2,OK-NYA,ACM Praha,,Bad Kirchheim,, ,A1
19940713-0,13-JUL-1994,Antonov An-26, ,Russian AF,1,near Lyakhovo,, ,C1
19940713-1,13-JUL-1994,Avro Shackleton MR.3,1716,South African AF,0,Western Sahara,, ,A1
19940713-2,13-JUL-1994,Learjet 35,N69PS,Mid-Atlantic Jet Charter,0,Atlantic Cit...,, ,A2
19940714-0,14-JUL-1994,Let L-410UVP,RA-67470,Aeroflot / Far East,0,Blagoveshche...,, ,A1
19940717-0,17-JUL-1994,Antonov An-24B,RA-46575,Bykovo Avia,0,Kherson Airp...,, ,A1
19940717-1,17-JUL-1994,Yakovlev Yak-40D,RA-87256,"Impulse-Aero, op.for Sankuru Air Service",5,Boma Airport...,, ,A1
19940717-2,17-JUL-1994,BN-2B-26 Islander,8P-TAD,"Trans Island Air, op.for Air Martinique",6,near Fort de Fran...,, ,A1
19940719-0,19-JUL-1994,Ilyushin Il-76, ,Soviet AF,,Luanda ??,, ,O1
19940719-1,19-JUL-1994,Embraer EMB-110P1 Bandeirante,HP-1202AC,Alas Chiricanas,21,near Colon-Enriqu...,,,C1
19940720-1,20-JUL-1994,Boeing 737-3W0,B-2540,China Yunnan,0,Kunming Airp...,,,A1
19940729-0,29-JUL-1994,Lockheed P-2H Neptune,N918AP,Neptune Aviation Services,2,"near Missoula, MT",,,A1
19940731-0,31-JUL-1994,Antonov An-26B,UR-26207,Air Ukraine,7,near Saborsko,,,C1
19940799-0,??-JUL-1994,Lockheed L-188PF Electra,9Q-CGD,Filair,,,,,U1
19940799-2,??-JUL-1994,Douglas DC-6A,V5-WAC,West Air Aviation,0,,,,A1
19940801-0,01-AUG-1994,Antonov An-2V,RA-50582,Arkhangelsk Aviation,0,"Purnema, Ark...",, ,A1
19940801-1,01-AUG-1994,Douglas C-47A (DC-3),1-041,Turkish AF,0,Eskisehir Ai...,, ,A1
19940801-2,01-AUG-1994,DHC-8-311,N433AW,"United Express, opb Atlantic Coast Airlines",0,Washington-D...,, ,A2
19940801-4,01-AUG-1994,Cessna 500 Citation I,VR-BLV,SANTOM,0,Grenchen Air...,, ,A2
19940804-0,04-AUG-1994,Antonov An-30,RA-30037,Aeroflot,0,Olyokminsk A...,, ,A2
19940804-1,04-AUG-1994,Beech A100 King Air,N7GA,Westchester Air,1,near North Adams-...,, ,A1
19940805-0,05-AUG-1994,Antonov An-12, ,Russian AF,47,near Bada Air Base,, ,A1
19940806-0,06-AUG-1994,Antonov An-2R,HA-MBT,Ministry for Agriculture and Nutrition,0,,, ,O1
19940807-0,07-AUG-1994,Boeing 737, ,COPA Panama,,Managua-Augu...,, ,H2
19940808-0,08-AUG-1994,Cessna F406 Caravan II,5Y-JJG,Tawakal Airlines,0,near Nairobi-Wils...,, ,A1
19940810-0,10-AUG-1994,Airbus A300B4-622R,HL7296,Korean Air,0,Jeju (Cheju)...,,,A1
19940813-0,13-AUG-1994,Antonov An-24, ,Uzbekistan AF,,,, ,U1
19940813-1,13-AUG-1994,Lockheed C-130A Hercules,N135FF,Hemet Valley Flying Service,3,"near Pearblossom, CA",,,A1
19940818-0,18-AUG-1994,Antonov An-2R,RA-40894,Tyumenaviatrans,,Verkhnya Tavda,, ,A1
19940818-1,18-AUG-1994,DC-9-31,5N-BBE,ADC Airlines,0,Monrovia-Spr...,,,A1
19940819-0,19-AUG-1994,MD-11C,I-DUPO,Alitalia,0,Chicago-O'Ha...,, ,A2
19940820-0,20-AUG-1994,Beech 99,N14MV,Alpine Aviation,0,Helena Airpo...,, ,A2
19940821-1,21-AUG-1994,ATR 42-312,CN-CDT,RAM,44,near Tizounine,,,A1
19940826-0,26-AUG-1994,Dassault Falcon 200,XA-SKO,Aerocorp,0,New Orleans-...,, ,A2
19940827-0,27-AUG-1994,CASA C-212 Aviocar 200,N119CA,U.S. DEA,5,Puerto Pisana,, ,A1
19940827-1,27-AUG-1994,Boeing 737-4Q8,TC-JEL,THY,0,Istanbul-Ata...,, ,A2
19940902-0,02-SEP-1994,BAe 3216 Jetstream 32,HB-AEB,Zimex Aviation,0,Aden Interna...,,,O1
19940908-0,08-SEP-1994,Boeing 737-3B7,N513AU,USAir,132,"near Aliquippa, PA",,,A1
19940908-1,08-SEP-1994,BAe-125-700A,N311NW,Navellier Management,0,Reno/Tahoe I...,, ,A2
19940908-2,08-SEP-1994,Canadair CRJ-100LR,N403SW,SkyWest Airlines,0,Burbank/Glen...,, ,A2
19940909-1,09-SEP-1994,Tupolev Tu-134AK,RA-65760,MAP LII Zhukovski,8,"Samoyliha, S...",,,A1
19940910-0,10-SEP-1994,Learjet 24D,PT-LAU,Thor Taxi Aéreo,0,Brasilia Int...,,,O1
19940913-0,13-SEP-1994,DHC-6 Twin Otter 300,5N-ATQ,Aerocontractors,2,near Abuja Intern...,, ,A1
19940914-0,14-SEP-1994,Boeing 737-2R4C, ,Alyemda,0,Sana'a Inter...,, ,H2
19940917-0,17-SEP-1994,DHC-6 Twin Otter 100,C-FDMR,Pacific Coastal,3,Fish Egg Inl...,,,A1
19940917-1,17-SEP-1994,Learjet 35A,B-98181,Golden Eagle Aviation,4,near Taitung,, ,C1
19940918-0,18-SEP-1994,BAC One-Eleven 515FB,5N-IMO,Oriental Airlines,5,Tamanrasset-...,,,A1
19940919-0,19-SEP-1994,BN-2A-26 Islander,P2-ALF,Airlink,0,Rabaul-Lakun...,, ,O1
19940920-0,20-SEP-1994,Antonov An-26,508,Romanian AF,0,Oradea Airpo...,, ,A1
19940923-0,23-SEP-1994,Lockheed L-100-30 Hercules,PK-PLV,"Pelita Air Service, op.for Heavylift Cargo",6,near Hong Kong-Ka...,,,A1
19940923-1,23-SEP-1994,Embraer EMB-110EJ Bandeirante,PT-GJY,Purus Aerotaxi,2,"near Tarauacá, AC",, ,A1
19940926-0,26-SEP-1994,Yakovlev Yak-40,RA-87468,Cheremshanka Airlines,28,near Vanavara,,,A1
19940926-1,26-SEP-1994,Vickers 843 Viscount,PK-IVU,Bouraq Indonesia,0,Pontianak Ai...,, ,A2
19940926-2,26-SEP-1994,Douglas C-47D,2009,TAM Paraguay,1,Bahia Negra ...,, ,A1
19940928-0,28-SEP-1994,Embraer EMB-110P1 Bandeirante,ZK-KIP,"Air New Zealand Link, opb Eagle Airways",0,Auckland Int...,, ,A2
19940929-0,29-SEP-1994,Antonov An-8,RA-59504,MAP Kaluga Motors,0,Elista Airpo...,, ,A1
19940929-1,29-SEP-1994,Rockwell 1121B Jet Commander,LV-WEN,Radeair,8,near Córdoba-Paja...,,,A1
19940930-0,30-SEP-1994,Antonov An-8,RA-27209,MAP Arsenyev,8,Chaybukha,, ,A1
19940999-0,??-SEP-1994,BN-2A-27 Islander,8R-GGU,Kayman Sankar Aviation,,,, ,U1
19941001-0,01-OCT-1994,DC-9-83 (MD-83),SX-BAQ,Venus Airlines,0,München-Fran...,, ,A2
19941005-0,05-OCT-1994,IPTN/CASA CN-235-10,PK-MNL,Merpati Nusantara,0,Denpasar-Ngu...,, ,A2
19941008-0,08-OCT-1994,Antonov An-32B,HK-3929X,SELVA Colombia,0,Mitú Airport...,, ,A1
19941009-0,09-OCT-1994,Boeing 707-324C,HK-3355X,TAMPA Colombia,0,São Paulo-Gu...,,,A1
19941012-0,12-OCT-1994,Fokker F-28 Fellowship 1000,EP-PAV,Iran Aseman Airlines,66,near Natanz,,,A1
19941014-0,14-OCT-1994,Lockheed C-130E Hercules,2460,Brazilian AF,21,Formosa do R...,,,A1
19941016-0,16-OCT-1994,Antonov An-2,OB-1542,Unknown,3,within Huánuco,, ,A1
19941019-0,19-OCT-1994,Boeing 747-312,VH-INH,Ansett Australia,0,Sydney-Kings...,,,A2
19941022-0,22-OCT-1994,DHC-8-300, ,TABA,0,Itaituba Air...,, ,H2
19941022-1,22-OCT-1994,Airbus A300B4-103,HS-THO,Thai Airways International,0,Bangkok Inte...,,,O1
19941023-0,23-OCT-1994,Antonov An-72,RA-72960,Federal Border Guard,0,Vorkuta Airp...,,,A1
19941027-0,27-OCT-1994,Yakovlev Yak-40,RA-88254,Donavia,1,Makhachkala ...,, ,H1
19941027-1,27-OCT-1994,Tupolev Tu-154, ,Aeroflot,0,Moskva-Vnuko...,, ,H2
19941029-0,29-OCT-1994,Antonov An-12A,RA-11790,Aeronika,23,near Ust-Ilimsk A...,, ,A1
19941029-1,29-OCT-1994,Antonov An-2R,RA-33008,Yakutavia,7,Batagay,, ,A1

19940102-0,02-JAN-1994,BN-2A-9 Islander,YV-2349P,JSCTD,2,near Elorza Airpo...,, ,A1
19940103-0,03-JAN-1994,Boeing 707-321C,ST-AMF,TAAT,0,Jeddah-King ...,, ,A2
19940103-2,03-JAN-1994,Tupolev Tu-154M,RA-85656,Baikal Airlines,124+ 1,near Mamony,, ,A1
19940106-0,06-JAN-1994,BN-2A-21 Islander,PK-VIV,Dirgantara Air Services,0,Kuala Kapuas,, ,A1
19940107-0,07-JAN-1994,BAe 4101 Jetstream 41,N304UE,"United Express, opb Atlantic Coast Airlines",5,near Columbus-Por...,,,A1
19940108-0,08-JAN-1994,Beech A100 King Air,OO-TLS,Travair,0,Bacau Airpor...,,,A1
19940109-0,09-JAN-1994,Dornier 228-201,SX-BHC,Olympic Aviation,0,near Athens-Ellin...,,,A2
19940113-0,13-JAN-1994,Airbus A320 ?, ,Indian Airlines,0,Bangalore-Hi...,, ,H2
19940115-0,15-JAN-1994,IAI 1123 Westwind,N13GW,Unknown,,Unknown,, ,U1
19940115-1,15-JAN-1994,PB2B-1 Canso A (PBY-5A),N5404J,The Catalina Company,0,near Christmas Is...,, ,A1
19940118-0,18-JAN-1994,Learjet 24D,9Q-CBC,Scibe Airlift Cargo Zaire,2,near Kinshasa-N'D...,,,A1
19940118-1,18-JAN-1994,Antonov An-22,RA-09331,Russian AF,7,near Tver-Migalov...,,,A1
19940120-0,20-JAN-1994,Airbus A340-211,F-GNIA,Air France,0,Paris-Charle...,,,O1
19940121-0,21-JAN-1994,Lockheed L-188A Electra,9Q-CCV,Trans Service Airlift,0,Kinshasa-N'D...,,,A1
19940123-0,23-JAN-1994,Boeing 757-200, ,Ethiopian Airlines,0,Roma-Ciampin...,, ,H2
19940123-1,23-JAN-1994,FMA IA 50 Guaraní II,LV-LAE,LAER,0,Santa Elena ...,, ,A1
19940125-0,25-JAN-1994,Yakovlev Yak-42D,RA-42331,Aeroflot / North Kavkaz,0,Ufa Airport ...,, ,A2
19940127-0,27-JAN-1994,IAI 1124A Westwind II,C-FMWW,Millar Western Industries,2,near Meadow Lake ...,, ,A1
19940128-0,28-JAN-1994,Fokker 100,PH-KLG,KLM,0,Amsterdam-Sc...,,,A2
19940129-0,29-JAN-1994,Airbus A300B4-605R ?, ,China Eastern,0,Hangzhou Air...,, ,H2
19940130-0,30-JAN-1994,Curtiss C-46A,HK-1856,Transoceanica de Aviacion,0,Puerto Iniri...,,,A1
19940131-0,31-JAN-1994,Douglas DC-3C,N907Z,Miami Valley Aviation,0,Anderson Mun...,, ,A2
19940201-0,01-FEB-1994,Saab 340B,N349SB,"American Eagle, opb Simmons Airlines",0,New Roads-Fa...,,,A2
19940201-1,01-FEB-1994,Antonov An-24B,RA-47718,Kolyma-Avia,0,Omsukchan Ai...,, ,A1
19940205-0,05-FEB-1994,BN-2A Islander,G-AXHE,North-West Parachute Centre,0,Cark Airport,, ,A1
19940208-0,08-FEB-1994,Antonov An-12B,CCCP-11340,Aeroflot / Privolzhsk,0,Anadyr Airpo...,, ,A1
19940209-0,09-FEB-1994,Boeing 737-260,ET-AJB,Ethiopian Airlines,0,Djibouti Air...,, ,H2
19940211-0,11-FEB-1994,BAe-125-800B,D-CMIR,Aero-Dienst ,0,München-Fran...,, ,A2
19940211-1,11-FEB-1994,ATR 42-300,G-BUEB,CityFlyer Express,0,London-Gatwi...,,,A2
19940218-0,18-FEB-1994,Boeing 737, ,China Southwest,,unknown airport,, ,H2
19940222-0,22-FEB-1994,Tupolev Tu-134A-3,HA-LBP,Malev,0+ 4,Budapest-Fer...,,,O1
19940224-0,24-FEB-1994,Antonov An-12BP,RA-11118,Pulkovo,13,near Nalchik Airp...,,,A1
19940224-1,24-FEB-1994,Beech Beechjet 400A,N8279G,Beechcraft Sales South,0,Cleveland-Cu...,, ,A2
19940225-1,25-FEB-1994,Vickers 813 Viscount,G-OHOT,British World,1,near Uttoxeter,,,A1
19940225-3,25-FEB-1994,Yakovlev Yak-40,OB-1559,Expresso Aéreo,31,near Tingo Maria,, ,A1
19940226-0,26-FEB-1994,IAI Arava 201,2001,Mexican AF,7,near San José del...,, ,A1
19940227-0,27-FEB-1994,Shorts 330-200,SE-INZ,Flying Enterprise,0,Trollhättan ...,, ,A2
19940228-0,28-FEB-1994,Lockheed L-1011 TriStar 1,N303EA,Rich,0,Fairbanks In...,, ,A2
19940228-1,28-FEB-1994,Boeing 727-2D6, ,Air Algérie,0,Alicante Air...,, ,H2
19940299-0,??-FEB-1994,Douglas DC-6BF,HK-3874X,Aerosol,0,Villavicenci...,,,A1
19940301-0,01-MAR-1994,Boeing 747-251B,N637US,Northwest Airlines,0,Tokyo-Narita...,,,A2
19940302-0,02-MAR-1994,DC-9-82 (MD-82),N18835,Continental Air Lines,0,New York-La ...,, ,A2
19940303-0,03-MAR-1994,Beech 200 Super King Air,VH-WNH,Skywest Aviation,0,Alice Spring...,, ,A2
19940303-2,03-MAR-1994,Douglas DC-6,CP-2251,private,0,Tumbes Airpo...,, ,A1
19940308-0,08-MAR-1994,Boeing 737-2R4C,VT-SIA,Sahara Airlines,4+ 5,Delhi-Indira...,,,A1
19940308-1,08-MAR-1994,Airbus A300, ,Saudi Arabian,0,Nairobi-Jomo...,, ,H2
19940308-2,08-MAR-1994,Ilyushin Il-86,RA-86119,Aeroflot,4+ 5,Delhi-Indira...,,,O1
19940309-0,09-MAR-1994,Swearingen SA226-AT Merlin IV,VH-SWP,Jetcraft,1,near Tamworth Air...,,,A1
19940311-0,11-MAR-1994,Swearingen SA226-AT Merlin IV,TN-ADP,Aéro-Service,0,Pointe Noire...,, ,A1
19940313-0,13-MAR-1994,ATR 42-300,C-GIQV,Inter-Canadian,0,near Val-dOr Air...,, ,A2
19940314-0,14-MAR-1994,Lockheed AC-130H Spectre,69-6576,USAF,8,near Malindi,,,A1
19940315-0,15-MAR-1994,Cessna F406 Caravan II,5Y-NAL,Unknown,,Unknown,,,U1
19940315-3,15-MAR-1994,SE-210 Caravelle 10B3,HK-3855,SEC Colombia,0,Bogotá-Eldor...,,,A1
19940316-0,16-MAR-1994,BN-2A-21 Islander,D2-ECE,Mavewa,0,near Cabinda,, ,A1
19940317-0,17-MAR-1994,Lockheed C-130H Hercules,5-8521,Iran AF,32,near Stepanakert,, ,C1
19940317-1,17-MAR-1994,Dassault Falcon 900,N327K,Ford Motor Co.,0,Detroit-Metr...,, ,A2
19940318-0,18-MAR-1994,Douglas DC-3C,N3433Y,Salair,2,near Spokane Inte...,,,A1
19940318-1,18-MAR-1994,Grumman G-73T Turbo Mallard,N150FB,Chalk's,2,Key West Har...,, ,A1
19940319-0,19-MAR-1994,CASA C-212 Aviocar 200,FAC-1154,SATENA,0,near La Macarena,, ,A1
19940319-1,19-MAR-1994,DHC-6 Twin Otter 300,5A-DJK,Light Air Transport,1,Tripoli Inte...,, ,A1
19940319-2,19-MAR-1994,DHC-6 Twin Otter,PK-YNM,Trigana Air Service,0,"Wagete, Iria...",, ,A2
19940320-0,20-MAR-1994,Canadair Challenger 601-3A,N88HA,Crystal Aviation,0,Bassett-Rock...,, ,A1
19940320-1,20-MAR-1994,Canadair Challenger 601-3A,N88HA,Crystal Air and Aviation,0,"Bassett, NE",, ,A1
19940321-0,21-MAR-1994,DC-9-32,EC-CLE,Aviaco,0,Vigo Airport...,,,A1
19940321-1,21-MAR-1994,DC-9, ,Meridiana,0,Roma-Fiumici...,, ,H2
19940321-2,21-MAR-1994,BN-2A-21 Islander,VH-JUU,Aurukun Air Services,6,Weipa Airpor...,, ,A1
19940323-0,23-MAR-1994,Airbus A310-304,F-OGQS,Aeroflot,75,near Mezhduretshensk,,,A1
19940323-1,23-MAR-1994,Cessna 650 Citation VI,PT-OMV,Orion Aero Táxi,4,near Bogotá,, ,A1
19940323-2,23-MAR-1994,Lockheed C-141B Starlifter,66-0173,USAF,0+ 23,Fayetteville...,,,O1
19940325-0,25-MAR-1994,Cessna 500 Citation I,XA-SMH,Transportadora Fruyleg,2,Ciudad Alemá...,,,A1
19940401-0,01-APR-1994,Learjet 35A,XC-PGR ,Mexican Government,0,Mexico City-...,, ,A2
19940404-0,04-APR-1994,Learjet 55,I-KILO,ICIPA,0,Sevilla Airp...,, ,A1
19940404-1,04-APR-1994,Saab 340B,PH-KSH,KLM Cityhopper,3,Amsterdam-Sc...,,,A1
19940406-0,06-APR-1994,DHC-6 Twin Otter 300,FAE450,Ecuador Air Force,17,Mt. Lozan,, ,A1
19940406-1,06-APR-1994,Dassault Falcon 50,9XR-NN,Rwanda Government,12,near Kigali Airpo...,, ,C1
19940406-2,06-APR-1994,Boeing 737-2J8C, ,Sudan Airways,0,Luxor Airpor...,, ,H2
19940406-3,06-APR-1994,Cessna 208B Grand Caravan,JA8898,Nozaki Sangyo,1,near Hiroshima We...,, ,A1
19940407-0,07-APR-1994,DC-10-30F,N306FE,FedEx,0,Memphis Inte...,, ,H2
19940407-1,07-APR-1994,Lockheed L-100-30 Hercules,D2-THC,Angola Air Charter,0,Malange Airp...,, ,A1
19940423-1,23-APR-1994,Curtiss C-46F,C-GIXZ,"Air Manitoba, op.for Relief Air Transport",0,near Lokichoggio ...,,,A1
19940424-0,24-APR-1994,Douglas C-47A (DC-3),VH-EDC,South Pacific Airmotive,0,near Sydney-Kings...,,,A1
19940425-0,25-APR-1994,Boeing 757-260, ,Ethiopian Airlines,0,Sana'a Inter...,, ,H2
19940425-1,25-APR-1994,BN-2A-21 Islander,PK-ZAA,Dirgantara Air Services,10,near Nangapinoh,, ,A1
19940426-0,26-APR-1994,Airbus A300B4-622R,B-1816,China Airlines,264,Nagoya-Komak...,,,A1
19940426-1,26-APR-1994,Cessna 208A Cargomaster,PT-OGI,Penta,2,near Jacareacanga...,, ,A1
19940427-1,27-APR-1994,Boeing 727-44F,S9-TAN,Transafrik,0+ 7,M'Banza Cong...,,,A1
19940429-0,29-APR-1994,Cessna 208 Caravan I,HK-3479,L.A. de los Libertadores,8,near El Rosal,, ,A1
19940430-0,30-APR-1994,BN-2A-21 Islander,JDFT-5,Jamaica AF,0,Up Park Camp,, ,O1
19940499-0,??-APR-1994,Let L-410UVP-E,CCCP-67608,Tuva Airlines,0,Kyzyl Airpor...,, ,O1
19940507-0,07-MAY-1994,Embraer EMB-110EJ Bandeirante,PT-GJW,RICO,8,São Gabriel ...,, ,A1
19940507-1,07-MAY-1994,Tupolev Tu-134A-3,RA-65976,Aeroflot-Nord,0,Arkhangelsk ...,, ,A1
19940508-0,08-MAY-1994,BN-2A-8 Islander,CS-DAF,Aerocondor,0,near Bragança,,,A1
19940508-1,08-MAY-1994,Antonov An-24, ,Cubana,0,Miami Intern...,, ,H2
19940509-0,09-MAY-1994,Douglas C-47A (DC-3),6816,South African AF,0,Bloemspruit ...,, ,A1
19940511-0,11-MAY-1994,Beech B200C Super King Air,VH-AMM,New South Wales Dept of Health,0,Dubbo Airpor...,, ,A2
19940512-0,12-MAY-1994,Antonov An-28,RA-28713,Koryak Air,0,Palana,, ,A1
19940520-0,20-MAY-1994,Antonov, ,Yemen AF,0,Aden Interna...,, ,O1
19940521-0,21-MAY-1994,Douglas DC-6A/B,HK-1276W,Inversiones Agro. del Casanare,0,Mitú Airport...,,,A1
19940521-1,21-MAY-1994,DHC-5D Buffalo,JW9024,Tanzanian AF,2,near Bukoba Airpo...,, ,A1
19940523-0,23-MAY-1994,BN-2B-27 Islander,HK-2890,Aerolineas Llaneras - Arall,4,near Loma Linda,, ,A1

19941031-1,31-OCT-1994,ATR 72-212,N401AM,"American Eagle, opb Simmons Airlines",68,"near Roselawn, IN",,,A1
19941099-0,??-OCT-1994,T-39A Sabreliner,N7143N,Private,0,Khartoum-Civ...,, ,A1
19941103-0,03-NOV-1994,DC-9-80 (MD-80), ,SAS,0,Oslo-Garderm...,, ,H2
19941103-1,03-NOV-1994,DC-9-83 (MD-83),F-GHED,Air Liberté Tunisie,0,Kajaani Airp...,, ,A2
19941104-0,04-NOV-1994,MD-11F,N611FE,FedEx,0,Anchorage In...,, ,A2
19941104-2,04-NOV-1994,DHC-6 Twin Otter 100,PK-YNM,Trigana Air Service,4,near Nabire,, ,A1
19941105-0,05-NOV-1994,Yakovlev Yak-40,OB-1569,Servicios Aéreos Amazonicos,6,Saposoa Airp...,, ,A1
19941106-0,06-NOV-1994,Antonov An-26,RA-88286,KiT,0,near Zyryanka,, ,A1
19941109-0,09-NOV-1994,Learjet 55,PT-LIG,Líder Táxi Aéreo,0,Rio de Janei...,,,A1
19941112-0,12-NOV-1994,Beech 200 Super King Air,D2-EOJ,Endiama,0,Huambo-Alban...,,,A1
19941113-0,13-NOV-1994,Fokker F-27 Friendship 400M,7T-VRK,Air Algérie,0,Palma de Mal...,, ,H2
19941113-1,13-NOV-1994,Fairchild F-27F,N990H,Aerosur Patagonia,0,Córdoba-Paja...,, ,A2
19941116-0,16-NOV-1994,Beech C99,N63995,Ameriflight,1,"Avenal, CA",,,A1
19941117-0,17-NOV-1994,Beech 300LW Super King Air,VH-KDV,Executive Air,0,"near Canobie, QLD",, ,A2
19941118-0,18-NOV-1994,Tupolev Tu-134A-3,HA-LBK,Malev,0,Budapest-Fer...,,,O1
19941121-0,21-NOV-1994,Dassault Falcon 10,TC-ATI,Top Air,0,Paris-Le Bou...,, ,A1
19941122-0,22-NOV-1994,DC-9-82 (MD-82),N954U,TWA,0,Saint Louis-...,, ,A2
19941122-1,22-NOV-1994,BN-2A-20 Islander,P2-SWC,Southwest Air,7,near Tabubil,, ,A1
19941122-2,22-NOV-1994,Boeing 727-23,HC-BRF,AECA,0,Miami Intern...,, ,A2
19941124-0,24-NOV-1994,Tupolev Tu-134,RA-65615 ?,Komi Avia,0,Tallinn-Ulem...,, ,H2
19941124-2,24-NOV-1994,DHC-6 Twin Otter 300,C-GKBD,Kenn Borek Air,4,Rothera Rese...,,,A1
19941124-3,24-NOV-1994,Douglas C-47B (DC-3),2028,TAM Paraguay,0,Puerto la Vi...,,,A1
19941125-1,25-NOV-1994,Boeing 757-24APF,N413UP,UPS,0,Tulsa Intern...,, ,A2
19941126-1,26-NOV-1994,Boeing 737-2C0,N11244,Continental Air Lines,0,Houston-Inte...,,,A1
19941130-0,30-NOV-1994,Fokker F-28 Fellowship 4000,PK-GKU,Merpati Nusantara,0,Semarang-Ach...,, ,A1
19941130-1,30-NOV-1994,Tupolev Tu-134A-3,65858,Aeroflot / North Kavkaz,0,Grozny Airpo...,, ,O1
19941130-2,30-NOV-1994,Tupolev Tu-134A-3,65030,Stigl,0,Grozny Airpo...,, ,O1
19941130-3,30-NOV-1994,Tupolev Tu-134A-3,65014,Stigl,0,Grozny Airpo...,, ,O1
19941130-4,30-NOV-1994,Tupolev Tu-134A-3,65075,Stigl,0,Grozny Airpo...,,,O1
19941130-6,30-NOV-1994,Tupolev Tu-134A,65896,Stigl,0,Grozny Airpo...,, ,O1
19941202-0,02-DEC-1994,BN-2B-20 Islander,N16VM,"Trans Island Air, op.for Southern Cross Aviation",0,"near Majuro, Mars...",, ,A1
19941204-0,04-DEC-1994,Cessna 208B Grand Caravan,LN-PBC,Air Team,1,near Oslo-Garderm...,, ,A1
19941205-0,05-DEC-1994,Let L-410UVP-E,J2-KBE,Puntavia,0,Aden Interna...,, ,H2
19941205-1,05-DEC-1994,Dornier Do 28D-2 Skyservant,D-IDNG,Unknown,0,Nuuk Airport...,, ,A1
19941206-0,06-DEC-1994,Antonov An-8,D2-FVA,Von Haaf Air,0,Dundo Airpor...,, ,A1
19941208-0,08-DEC-1994,ATR 72-202,F-OHOC,Air Gabon,0,Oyem Airport...,,,A1
19941211-5,11-DEC-1994,Boeing 747-283B,EI-BWF,Philippine Air Lines,1,near Minami-Daito...,,,C2
19941213-0,13-DEC-1994,BAe 3201 Jetstream 32,N918AE,"American Eagle, opb Flagship Airlines",15,near Raleigh/Durh...,,,A1
19941214-0,14-DEC-1994,Learjet 35A,D-CATY,Air Charter,1,Moskva-Shere...,,,A1
19941214-1,14-DEC-1994,Learjet 35A,N521PA,Phoenix Air,2,"Fresno, CA",, ,A1
19941215-0,15-DEC-1994,Basler Turbo 67 (DC-3T),N96BF,SL Aviation Services,2,Lobito Airport,,,A1
19941215-1,15-DEC-1994,Embraer EMB-110 Bandeirante, ,TABA,0,unknown loca...,, ,H2
19941215-2,15-DEC-1994,Beech 1900D,N39ZV,"United Express, opb Mesa Airlines",0,Farmington M...,, ,A2
19941217-0,17-DEC-1994,DHC-6 Twin Otter 200,P2-MFS,MAF PNG,28,near Olsobip,, ,A1
19941217-1,17-DEC-1994,Douglas C-47A (DC-3),YV-761C,Servivensa,7,Cerro Aicha,,,A1
19941219-2,19-DEC-1994,Boeing 707-3F9C,5N-ABK,Nigeria Airways,3,near Kiri Kasama,,,A1
19941221-0,21-DEC-1994,Boeing 737-2D6C,7T-VEE,"Air Algérie, op.for Phoenix Aviation",5,near Coventry-Bag...,,,A1
19941221-1,21-DEC-1994,Sabreliner 40,N747E,Corporate Flight,0,Buenos Aires...,,,A1
19941222-1,22-DEC-1994,Fokker F-27 Friendship 600,CP-2165,LAB,0,Guayaramerin...,,,A1
19941223-0,23-DEC-1994,Yakovlev Yak-42, ,Tongyong Airlines,0,Xiamen Airpo...,, ,H2
19941223-1,23-DEC-1994,Beech B100 King Air,ZS-MSG,Unknown,,Vrede,, ,A1
19941226-0,26-DEC-1994,Airbus A300B2-1C,F-GBEC,Air France,7,Marseille-Pr...,,,H1
19941229-0,29-DEC-1994,Boeing 737-4Y0,TC-JES,THY,57,near Van Airport ...,,,A1
19941231-0,31-DEC-1994,Lockheed C-130B Hercules,TAM67,Bolivian AF,,near Trinidad,,,A1
19941231-1,31-DEC-1994,Ilyushin Il-76TD,EW-76836,Belair,0,Sarajevo Air...,,,A1
19949999-0,??-???-1994,Antonov An-26,038,Mozambique AF,,Quelimane Ai...,,,A1
19949999-2,??-???-1994,GAF Nomad N.24A,121212,Thai Navy,,U-Tapao Airp...,, ,A1
19949999-3,??-???-1994,Rockwell Sabreliner 60,XC-AA26,Unknown,0,,, ,O1
