identifiant,date,type,registration,operator,fat.,location, ,pic,cat

19620102-0,02-JAN-1962,Douglas C-47 (DC-3),EP-ABB,Iran Air,0,Kabul-Khwaja...,, ,A1
19620102-1,02-JAN-1962,Convair C-131E (CV-440),55-4750,USAF,,,, ,U1
19620106-0,06-JAN-1962,Curtiss C-46A,HR-TNB,TAN,1,Belize City-...,, ,A1
19620108-0,08-JAN-1962,Lockheed RB-69A Neptune,54-4038,Republic of China AF,14,Korea Bay,, ,A1
19620110-0,10-JAN-1962,Douglas C-47 (DC-3), ,Air National Guard,5,South Park T...,, ,A1
19620110-2,10-JAN-1962,Douglas C-47A (DC-3),42-92078,USAF,,unknown,, ,A1
19620110-3,10-JAN-1962,Douglas C-47D (DC-3),44-76663,USAF,,unknown,, ,A1
19620111-0,11-JAN-1962,Curtiss C-46D,HP-312,APASA,,near Maniamuna,, ,A1
19620112-0,12-JAN-1962,Lockheed P2V Neptune,131521,US Navy,12,Kronborg Gla...,,,A1
19620113-0,13-JAN-1962,Douglas C-47A (DC-3),ET-T-1,Ethiopian Air Lines,5+ 1,Tippi Airpor...,, ,A1
19620115-0,15-JAN-1962,Douglas C-47 (DC-3),CF-IQF,Nordair,,"Arctic Bay, NT",, ,A1
19620115-1,15-JAN-1962,Douglas C-47B (DC-3),43-49160,USAF,,Oslo-Fornebu...,, ,A1
19620117-0,17-JAN-1962,Curtiss C-46A,ZP-CAI,Aerocarga,,near Curuzú Cuatiá,, ,A1
19620121-0,21-JAN-1962,Douglas DC-4-1009,OD-ADO,TMA,0,Azaiba Airfield,, ,A1
19620122-0,22-JAN-1962,Curtiss C-46D,CP-541,Transaéreos de la Corporación Boliviana de Fomento,6,Caranavi Air...,, ,A1
19620125-0,25-JAN-1962,Boeing KC-135A,56-3657,USAF,0,"Altus AFB, O...",, ,A1
19620126-0,26-JAN-1962,Douglas C-47A (DC-3),42-100861,Air National Guard,6,"near Helena, MT",, ,A1
19620127-0,27-JAN-1962,Antonov An-10A,CCCP-11148,"Aeroflot, Ulyanovsk Flight School",13,near Ulyanovsk/Ba...,, ,A1
19620127-1,27-JAN-1962,U-1A Otter (DHC-3),55-3317,US Army,3,near Teheran,, ,A1
19620127-2,27-JAN-1962,CASA 352 (Ju-52),T.2B-258,Spanish AF,,,, ,U1
19620128-0,28-JAN-1962,Curtiss C-46A,CX-AYI,private,0,"near La Toma, SL",, ,A1
19620128-1,28-JAN-1962,Douglas C-54B (DC-4),HK-130,Avianca,0,Cúcuta Airpo...,, ,A1
19620132-0,32-JAN-1962,SNCASO S.O.95M Corse III,2.S.15,French Navy,0,within France,, ,A1
19620201-1,01-FEB-1962,Canadair DC-4M1 North Star,17520,RCAF,0,near Hall Beach A...,,,A1
19620202-0,02-FEB-1962,Fairchild C-123B Provider,56-4370,USAF,3,between Bien...,, ,A1
19620204-0,04-FEB-1962,Curtiss C-46D,B-916,Air America,6,near Xieng Khouang,, ,C1
19620204-1,04-FEB-1962,Douglas C-53-DO (DC-3),OB-PBH-530,Faucett,18,near Tingo Maria,, ,A1
19620204-2,04-FEB-1962,Douglas C-47A (DC-3),42-108992,USAF,7,Greensboro/H...,, ,A1
19620206-0,06-FEB-1962,Lockheed P2V-7 Neptune,4621,Japanese Navy,10,near Hachinohe,, ,A1
19620211-0,11-FEB-1962,Douglas SC-47A,43-15732,USAF,9,near Bao Loc,, ,A1
19620220-0,20-FEB-1962,Douglas C-47A (DC-3),EP-AEI,Iran Air,,near Ahwaz Airpor...,, ,A1
19620223-0,23-FEB-1962,DH-114 Heron 1B,JA6158,Toa Airways,3,Mt Ohira,, ,A1
19620224-0,24-FEB-1962,Ilyushin Il-18V,YR-IMB,Tarom,0,near Paphos,,,A1
19620225-0,25-FEB-1962,Convair T-29A (CV-240),49-1931,USAF,3,"near Durango, CO",, ,A1
19620225-1,25-FEB-1962,Fairchild F-27,YV-C-EVH,AVENSA,23,near Porlamar,,,A1
19620225-2,25-FEB-1962,Douglas C-47A (DC-3),HK-502,Avianca,2,Municipio de...,, ,A1
19620227-1,27-FEB-1962,Convair CV-240-23,PK-GCB,Garuda,,Palembang,, ,U1
19620228-0,28-FEB-1962,Lockheed L-049 Constellation,PP-PCR,Panair do Brasil,0,Rio de Janei...,, ,A1
19620301-0,01-MAR-1962,Boeing 707-123B,N7506A,American Airlines,95,"Jamaica Bay, NY",, ,A1
19620303-0,03-MAR-1962,Douglas DC-3-178,PP-YQN,Varig,,"Nanuque, MG",, ,A1
19620303-2,03-MAR-1962,Ilyushin Il-14P,026,Polish AF,0+ 1,near Warsaw,, ,A1
19620304-0,04-MAR-1962,Douglas DC-7C,G-ARUD,"Caledonian Airways, lsf Sabena",111,near Douala Airpo...,, ,A1
19620306-0,06-MAR-1962,Douglas C-47B (DC-3),ZS-DJC,South African Airways,2,near Seymour,, ,A1
19620307-0,07-MAR-1962,Handley Page Hastings C.1,TG508,RAF,0,Thorney Isla...,, ,A1
19620308-0,08-MAR-1962,Douglas DC-6B,I-DIMO,SAM,5,Mt Velino,, ,A1
19620308-1,08-MAR-1962,Fairchild F-27,TC-KOP,THY,11,Taurus Mount...,,,A1
19620308-2,08-MAR-1962,Lockheed C-130A Hercules,55-0020,USAF,15,near Alençon,, ,A1
19620314-0,14-MAR-1962,Douglas R4D-8 (Super DC-3),12445,US Navy,,Toyanaka,, ,A1
19620315-0,15-MAR-1962,Lockheed L-1049H Super Constellatio,N6911C,Flying Tiger Line,1,Adak Naval A...,, ,A1
19620315-1,15-MAR-1962,Howard Super Ventura,N5399N,Howard Aero,3,"Bandera, TX",, ,A1
19620316-0,16-MAR-1962,Vickers 739 Viscount,SU-AID,UAA,0,near Wadi Halfa A...,, ,A1
19620316-1,16-MAR-1962,Lockheed L-1049H Super Constellatio,N6921C,Flying Tiger Line,107,between Guam...,, ,A1
19620320-0,20-MAR-1962,Nord 2501 Noratlas,204,French AF,11,near Algiers,, ,A1
19620327-0,27-MAR-1962,Ilyushin Il-14,CU-T819,Cubana,22,near Santiago Air...,, ,A1
19620331-0,31-MAR-1962,Douglas C-47B (DC-3),X-3,Netherlands AF,0,near Sorong-Jefma...,, ,A1
19620404-0,04-APR-1962,Ilyushin Il-14P,CCCP-41852,Aeroflot / West Siberia,0,unknown,, ,A1
19620405-0,05-APR-1962,Douglas C-47A (DC-3),PK-GDM,Garuda,,Jakarta-Kema...,, ,U1
19620405-1,05-APR-1962,Douglas C-47A (DC-3),TG-APA,Aviateca,,Guatemala City,, ,A1
19620406-0,06-APR-1962,Avro 685 York C.1,OD-ACN,"Kuwait Airways, opb TMA",0,Lahore Airpo...,, ,A1
19620406-1,06-APR-1962,Douglas C-47 (DC-3),FAC-673,Colombian AF,31,near Apiay Air Ba...,, ,A1
19620409-0,09-APR-1962,Antonov An-2,YR-ANO,Aviatia Utilitara,,near Draganescu,, ,A1
19620410-0,10-APR-1962,Douglas C-54 (DC-4),JA6003,JAL,0,Osaka-Itami ...,, ,A1
19620410-1,10-APR-1962,Douglas C-47A (DC-3),T.3-26,Spanish AF,10,near Jerez de la ...,, ,A1
19620411-0,11-APR-1962,Canadair C-4 Argonaut,VP-KNY,East African Airways,0,Nairobi-Emba...,, ,A1
19620415-0,15-APR-1962,Antonov An-2,CCCP-23700,Aeroflot / Magadan,0,Karpun Mountain,, ,A1
19620416-0,16-APR-1962,Douglas DC-7C,PH-DSH,KLM,0,Amsterdam-Sc...,, ,H2
19620418-0,18-APR-1962,Douglas C-47A (DC-3),N3588,Purdue University,3,near Dallas-Love ...,, ,A1
19620419-0,19-APR-1962,Bristol 170 Freighter 31E,EC-AHJ,Aviaco,,Valencia,, ,U1
19620419-1,19-APR-1962,Breguet 1150 Atlantic,02,Breguet,3,Revel,, ,A1
19620420-0,20-APR-1962,Fairchild C-123B Provider,56-4368,USAF,0,Hipp Khanh,, ,A1
19620422-0,22-APR-1962,Douglas C-47A (DC-3),HK-524,AVISPA,40,near Bahía Solano,, ,A1
19620425-0,25-APR-1962,SE-210 Caravelle III,HB-ICT,Swissair,0,Zürich-Klote...,,,A2
19620426-0,26-APR-1962,Lockheed L-749A Constellation,F-BAZE,Air Algérie,0,Algiers-Mais...,,,C1
19620426-1,26-APR-1962,Lockheed L-749A Constellation,N116A,FAA,5,Canton Islan...,, ,A1
19620426-2,26-APR-1962,Morane Saulnier (FMA) MS.760 Paris ,E-216,Argentine AF,2,Mendoza-El P...,, ,A1
19620426-3,26-APR-1962,Consolidated PBY-5A Catalina,VH-WWC,TAA,0,near Daru,, ,A1
19620503-1,03-MAY-1962,Douglas C-54A (DC-4),VT-CZT,Indian Airlines,0,Calcutta-Dum...,, ,O1
19620506-0,06-MAY-1962,Douglas C-47A (DC-3),G-AGZB,Channel Airways,12,St. Boniface...,, ,A1
19620507-0,07-MAY-1962,Douglas C-54A (DC-4),VT-DIC,Indian Airlines,0,near Haveri,, ,A1
19620507-1,07-MAY-1962,Convair CV-340-54,CC-CLCA,LAN Chile,0,near Vallenar,, ,A1
19620507-2,07-MAY-1962,Douglas C-47 (DC-3),HJ245,Indian AF,4,Arunachal Pr...,, ,A1
19620509-0,09-MAY-1962,Boeing KC-135A,56-3618,USAF,6,Limestone-Lo...,, ,A1
19620509-1,09-MAY-1962,Convair CV-240-0,PP-CEZ,Cruzeiro do Sul,23,near Vitoria-Goia...,, ,A1
19620509-2,09-MAY-1962,Douglas C-47 (DC-3), ,Burmese AF,29,near Mong-Hpayak,, ,A1
19620511-0,11-MAY-1962,Antonov An-2R,CCCP-49262,Aeroflot / Magadan,,near Magadan,, ,A1
19620511-1,11-MAY-1962,Lockheed SP-2H Neptune,200,Dutch Navy,0,Biak-Boroeko...,, ,A1
19620512-0,12-MAY-1962,PBV-1A Canso (PBY-5A),CF-IHA,"Eastern Provincial Airways, op.for Greenlandair",15,Godthåb/Nuuk...,, ,A1
19620514-0,14-MAY-1962,Convair T-29C (CV-240),53-3485,USAF,9,near Villa Pedro ...,, ,A1
19620515-0,15-MAY-1962,Douglas DC-3,SU-AJM,UAA,3,near Cairo Intern...,, ,A1
19620515-1,15-MAY-1962,Avro Shackleton MR.1,VP294,RAF,0,Gan/Seenu Ai...,, ,A1
19620517-0,17-MAY-1962,Lockheed C-130A Hercules,56-0546,USAF,13,near Nairobi-Emba...,, ,A1
19620517-1,17-MAY-1962,Blackburn Beverley C.1,XL132,RAF,2,Chichester H...,, ,A1
19620517-2,17-MAY-1962,Douglas C-47A (DC-3),T-440,Indonesian AF,0,"near Kaimana, Wes...",, ,C1
19620521-0,21-MAY-1962,Curtiss C-46D,HR-196P,Honduras Int.,0+ 3,San Pedro Sula,, ,A1
19620522-0,22-MAY-1962,Boeing 707-124,N70775,Continental Air Lines,45,"near Unionville, MO",, ,C1
19620522-1,22-MAY-1962,Lockheed EC-121M Super Constellatio,131390,US Navy,26,near Markt Schwaben,, ,A1
19620523-0,23-MAY-1962,Nord 2501 Noratlas,62,French AF,,Algiers,, ,C1
19620524-0,24-MAY-1962,Douglas C-47A (DC-3),VT-AYG,Darbhanga Aviation,4,"near Talenda, Raj...",, ,A1
19620524-1,24-MAY-1962,Douglas C-124A Globemaster II,51-0147,USAF,7,near Tachikawa Ai...,, ,A1
19620525-0,25-MAY-1962,Morane Saulnier C-41 (MS.760 Paris),2930,Brazilian AF,,"Natal, RN",, ,A1

19620527-0,27-MAY-1962,Douglas C-133A Cargomaster,57-1611,USAF,6,"near Dover AFB, D...",, ,A1
19620602-0,02-JUN-1962,U-1A Otter (DHC-3), ,US Army,1,California,, ,A1
19620603-0,03-JUN-1962,Boeing 707-328,F-BHSM,Air France,130,Paris-Orly A...,, ,A1
19620604-0,04-JUN-1962,Tupolev Tu-104B,CCCP-42491,Aeroflot / Moscow,5,near Sofia-Vrazhd...,, ,A1
19620607-1,07-JUN-1962,Curtiss C-46A,HR-SAL,SAHSA,0,Tegucigalpa-...,, ,A1
19620608-0,08-JUN-1962,Curtiss CW-20 (C-46),SE-CFB,"Transair Sweden, op.for UN",0,Albertville ...,, ,A1
19620608-1,08-JUN-1962,Lockheed 18 Lodestar,N45W,Winn-Dixie Stores,4,"Tallahassee, FL",, ,A1
19620608-2,08-JUN-1962,Fokker F-27 Friendship 100,VT-DMB,Indian Airlines,0,Delhi-Palam ...,, ,A2
19620612-0,12-JUN-1962,Douglas VC-47A (DC-3),43-15568,USAF,,Lake Minchum...,,,A1
19620619-0,19-JUN-1962,Douglas DC-3D,HB-IRB,Swissair,0,Zürich-Klote...,,,A2
19620622-0,22-JUN-1962,Boeing 707-328,F-BHST,Air France,113,near Pointe-à-Pit...,,,A1
19620622-2,22-JUN-1962,Lockheed 18 Lodestar,F-BKBY,CARTA,0,Creil,, ,A1
19620626-1,26-JUN-1962,Bristol 170 Freighter 31M,S4414,Pakistan AF,3,near Rawalpindi,, ,A1
19620627-0,27-JUN-1962,Curtiss C-46A,PP-BTE,Paraense Transportes Aéreos,0,Pedro Afonso...,, ,A1
19620628-0,28-JUN-1962,Douglas C-47A (DC-3),TC-EFE,THY,0,near Bandirma Air...,, ,A1
19620628-1,28-JUN-1962,Douglas C-47B (DC-3),X-11,Netherlands AF,8,Puncak Jaya,, ,A1
19620630-0,30-JUN-1962,Douglas DC-4-1009,ZS-BMH,South African Airways,0,near Durban,,,A2
19620630-1,30-JUN-1962,Bristol 170 Freighter 21,G-AGVC,Manx Airlines,0,Isle of Man-...,, ,A1
19620630-2,30-JUN-1962,Tupolev Tu-104A,CCCP-42370,Aeroflot / Far East,84,"near Voznesenka, ...",, ,A1
19620701-0,01-JUL-1962,Douglas C-47A (DC-3),UN-203,UN,,Tshikapa Air...,, ,A1
19620703-0,03-JUL-1962,Short S.25 Sandringham 4,VH-BRE,Ansett,0,Lord Howe Is...,, ,O1
19620706-0,06-JUL-1962,Canadair C-4-1 North Star,YV-C-LBV,LEBCA,0,near Caracas-Simo...,, ,A1
19620706-1,06-JUL-1962,Ilyushin Il-14,CCCP-91554,Aeroflot / Uzbekistan,11,near Tashkent Air...,, ,A1
19620707-1,07-JUL-1962,Douglas DC-8-43,I-DIWD,Alitalia,94,near Junnar,, ,A1
19620708-0,08-JUL-1962,Vickers 812 Viscount,N243V,Continental Air Lines,0,Amarillo-Air...,, ,A1
19620709-0,09-JUL-1962,Douglas DC-4-1009,OD-AEC,TMA,6,near Brindisi-Pap...,, ,A1
19620715-0,15-JUL-1962,Fairchild C-123B Provider,56-4366,USAF,0,near Ban Me Thuot,, ,A1
19620715-1,15-JUL-1962,Douglas C-47A (DC-3),VT-AUS,Indian Airlines,1,near Lahore,, ,A2
19620715-2,15-JUL-1962,Douglas C-47 (DC-3), ,Vietnam Air Force - VNAF,23,Kontum Airpo...,, ,A1
19620716-0,16-JUL-1962,Douglas C-47 (DC-3),VT-DFZ,Kalinga Airlines,9,near Loheshyphu D...,, ,A1
19620719-0,19-JUL-1962,DH-106 Comet 4C,SU-AMW,UAA,26,Khao Yai Mou...,, ,A1
19620722-0,22-JUL-1962,Bristol 175 Britannia 314,CF-CZB,Canadian Pacific,27,Honolulu Int...,,,A1
19620723-0,23-JUL-1962,Lockheed P2V Neptune, ,US Navy,6+ 1,"Glynco NAS, ...",, ,A1
19620726-0,26-JUL-1962,Douglas C-54D (DC-4),7501,Portuguese AF,,near Las Palmas-G...,, ,A1
19620727-0,27-JUL-1962,DHC-3 Otter,PI-C56,Philippine Air Lines,2,"Mutya,  Misa...",, ,A1
19620728-0,28-JUL-1962,Antonov An-10A,CCCP-11186,Aeroflot / Ukraine,81,near Adler/Sochi ...,, ,A1
19620728-1,28-JUL-1962,Fairchild C-119 Flying Boxcar, ,Republic of China AF,,unknown,, ,U1
19620729-0,29-JUL-1962,Antonov An-24,CCCP-46708,MAP Kiev MSZ,,Moskva-Shere...,, ,A1
19620729-1,29-JUL-1962,Antonov An-2,YR-AND,Aviatia Utilitara,,Batanii Mici,, ,A1
19620729-2,29-JUL-1962,T-39A-1-NA Sabreliner,61-0661,USAF,2,Everett-Pain...,, ,A1
19620730-0,30-JUL-1962,Douglas DC-3A,F-BAOE,Air France,5,near Coulommiers-...,,,A1
19620730-1,30-JUL-1962,Douglas C-47A (DC-3),CC-CLDM,LAN Chile,0,Punta Arenas...,, ,A1
19620731-0,31-JUL-1962,Lockheed P-15 Neptune (P2V-5),7001,Brazilian AF,9,"Viçosa, AL",, ,A1
19620801-0,01-AUG-1962,Douglas C-47 (DC-3),9N-AAH,Royal Nepal Airlines,10,near Tulachan Dhuri,, ,A1
19620801-1,01-AUG-1962,Lockheed C-60A-1-LO Lodestar,N65H,Republic Natural Gas Co.,,"Sugar Lane, TX",, ,A1
19620801-2,01-AUG-1962,Douglas C-47D (DC-3),43-49773,USAF,,,, ,A1
19620803-0,03-AUG-1962,de Havilland  DH-106 Comet 4,G-APDM,BOAC,0,London-Stans...,, ,A2
19620806-1,06-AUG-1962,Lockheed L-188A Electra,N6102A,American Airlines,0,Knoxville-Mc...,, ,A1
19620808-0,08-AUG-1962,Boeing KC-135A,55-3144,USAF,3,Bedford-Hans...,, ,A1
19620809-0,09-AUG-1962,Lockheed WV-2 Super Constellation,141324,US Navy,5,Patuxent Riv...,, ,A1
19620814-0,14-AUG-1962,Boeing 720-030B,D-ABOM,Lufthansa,0,London Airpo...,,,A2
19620817-0,17-AUG-1962,Convair CV-240-23,PK-GCE,Garuda,,Ambon,, ,U1
19620817-1,17-AUG-1962,Howard Super Ventura,N18A,Borg-Warner Corp.,2,near Chicago-Merr...,, ,A1
19620820-0,20-AUG-1962,Douglas DC-8-33,PP-PDT,Panair do Brasil,15,Rio de Janei...,,,A1
19620821-0,21-AUG-1962,Douglas C-47B (DC-3),CP-536,LAB,4,Cochabamba A...,, ,A1
19620822-0,22-AUG-1962,Martin 4-0-4,N40401,Piedmont Airlines,0,Wilmington-N...,,,A1
19620823-0,23-AUG-1962,Douglas R4D-1 (DC-3),HK-794,Líneas Aéreas Taxader,12,Barrancaberm...,, ,A1
19620824-0,24-AUG-1962,Douglas C-47B (DC-3),OB-PBN-659,Faucett,7,Cerro Puena Paz,, ,A1
19620825-0,25-AUG-1962,Douglas C-47A (DC-3),YU-ABH,JAT,0,Mt. Prenj,, ,A1
19620828-0,28-AUG-1962,Vickers Valetta T.3,WJ480,RAF,3,"near Chippenham, ...",, ,A1
19620830-0,30-AUG-1962,Avro 748-105 Srs. 1,LV-HHB,Aerolineas Argentinas,1,"near Saladas, CR",, ,A2
19620831-0,31-AUG-1962,Lockheed C-121G Super Constellation,54-4057,USAF,,Oakland Inte...,, ,U1
19620831-1,31-AUG-1962,Curtiss C-46F,N4877V,Bird & Sons,5,near Phu Fa,, ,A1
19620899-1,??-AUG-1962,Tupolev Tu-114D,CCCP-76479,Aeroflot / Moscow,0,Moskva-Vnuko...,, ,O1
19620903-0,03-SEP-1962,Tupolev Tu-104A,CCCP-42366,Aeroflot / Far East,86,near Khabarovsk,, ,A1
19620903-1,03-SEP-1962,Lockheed P2V-7 Neptune,4628,Japanese Navy,,,, ,U1
19620904-0,04-SEP-1962,Lockheed 18 Lodestar,N1000F,Ashland Oil,13,"near Lake Milton, OH",, ,A1
19620910-1,10-SEP-1962,Douglas C-47A (DC-3),CP-710,Aerolineas Abaroa,4,near Alcoche,, ,A1
19620910-2,10-SEP-1962,Boeing KC-135A,60-0352,USAF,44,"near Spokane, WA",, ,A1
19620911-2,11-SEP-1962,Avro 685 York I,OD-ADA,TMA,0,Azaiba Airfield,,,A1
19620912-0,12-SEP-1962,Lockheed SP-2 Neptune, ,US Navy,9,"Seal Beach, CA",, ,A1
19620918-0,18-SEP-1962,Curtiss C-46F,N67937,"Aaxico Airlines, op.for Puerto Rican American Airlines",0,San Pedro Su...,,,A1
19620918-1,18-SEP-1962,Ilyushin Il-14,CCCP-61628,Aeroflot / Magadan,32,near Cherskiy Air...,, ,A1
19620919-0,19-SEP-1962,Douglas C-47A (DC-3),EC-AGO,Iberia,,Tenerife-Nor...,,,U1
19620920-0,20-SEP-1962,Douglas C-47B (DC-3),UN-202,UN,2,near Kamunza-Goi,, ,C1
19620921-1,21-SEP-1962,Douglas C-47A (DC-3),VT-DGX,Kalinga Airlines,8,Sela Pass,, ,A1
19620922-0,22-SEP-1962,Martin P5B Marlin,140144,US Navy,10,Montague Isl...,, ,A1
19620923-0,23-SEP-1962,Lockheed L-1049H Super Constellatio,N6923C,Flying Tiger Line,28,"near Shannon, Ire...",, ,A1
19620925-0,25-SEP-1962,Douglas C-47A (DC-3),T-39,Argentine AF,0,Tandil Airpo...,, ,A1
19621006-0,06-OCT-1962,Lockheed VC-60A Lodestar,2003,Brazilian AF,0,São Paulo-Ca...,, ,A1
19621009-0,09-OCT-1962,Douglas C-47A (DC-3),CX-AGE,PLUNA,10,Montevideo-C...,, ,A1
19621010-0,10-OCT-1962,Vickers 757 Viscount,CF-THA,TCAL,2,Bagotville A...,, ,A2
19621010-1,10-OCT-1962,Avia 14-32A,OK-MCT,CSA,13,near Brno Turany ...,, ,A1
19621010-2,10-OCT-1962,Fokker F-27 Friendship 200,EP-MRP,Iranian Government,4,near Amir Kabir Dam,, ,A1
19621012-0,12-OCT-1962,Convair CV-440-62,EC-ATB,Iberia,18,near Carmona,, ,A1
19621012-1,12-OCT-1962,Fokker F-27 Friendship 100,PI-C503,Philippine Air Lines,3,Manila Inter...,, ,A1
19621012-2,12-OCT-1962,Martin JRM-2 Mars,CF-LYM,Forest Industries Flying Tankers,0,Victoria Int...,, ,O1
19621022-0,22-OCT-1962,Douglas DC-7CF,N285,Northwest Orient Airlines,0,near Biorka Islan...,, ,A1
19621023-0,23-OCT-1962,Douglas DC-3,PI-C485,Philippine Air Lines,0,Cagayan de O...,, ,A1
19621023-1,23-OCT-1962,Boeing C-135B,62-4136,USAF,7,Guantánamo N...,, ,A1
19621025-0,25-OCT-1962,Tupolev Tu-104B,CCCP-42495,Aeroflot / Moscow,11,Moskva-Shere...,, ,A1
19621026-0,26-OCT-1962,Morane Saulnier MS.760 Paris I,20/F-RABQ,French AF,3,near Bernay-en-Brie,, ,A1
19621027-0,27-OCT-1962,Morane Saulnier MS.760B Paris II,I-SNAP,SNAM,3,Bascapè,, ,A1
19621029-0,29-OCT-1962,Douglas DC-7B,N51702,Panagra,0,La Paz-El Al...,, ,A1
19621029-2,29-OCT-1962,Fairchild C-123B Provider,56-4364,USAF,0,Dak To,, ,A1
19621029-3,29-OCT-1962,Douglas C-47A (DC-3),0232/CTA-23,Argentine Navy,0,Bahia Aguirr...,, ,A1
19621030-0,30-OCT-1962,Morane Saulnier C-41 (MS.760 Paris),2926,Brazilian AF,3,"Nova Lima, MG",, ,A1
19621101-2,01-NOV-1962,Lockheed P-2H Neptune,140158,US Navy,0,near Johnston Isl...,, ,A1
19621102-0,02-NOV-1962,Curtiss C-46F,YV-C-LBH,LEBCA,0,Carora Airpo...,, ,A1
19621107-0,07-NOV-1962,Lockheed C-140A-LM JetStar,59-5961,USAF,5,Warner Robin...,, ,A1

19621110-1,10-NOV-1962,Douglas C-47B (DC-3),XV-NID,Air Vietnam,27,near Da Nang Airp...,, ,A1
19621116-0,16-NOV-1962,Douglas C-54D (DC-4),FAC-693,Colombian AF,5,"near Suárez, Tolima",, ,A1
19621116-1,16-NOV-1962,Douglas C-54A (DC-4),TC-46,Argentine AF,10,Cerro El Gaital,, ,A1
19621119-0,19-NOV-1962,Vickers 828 Viscount,JA8202,All Nippon,4,near Nagoya,, ,A1
19621121-0,21-NOV-1962,Douglas C-47A (DC-3),43-15278,USAF,,unknown,, ,A1
19621122-0,22-NOV-1962,Douglas C-54D (DC-4),7502,Portuguese AF,22,"São Tomé, Il...",, ,A1
19621122-1,22-NOV-1962,Douglas R4D-8 (Super DC-3),17188,US Navy,0,Sentinel Ridge,,,O1
19621123-0,23-NOV-1962,Ilyushin Il-18V,HA-MOD,Malev,21,near Paris-Le Bou...,,,A1
19621123-1,23-NOV-1962,Vickers 745D Viscount,N7430,United Airlines,17,near Ellicott Cit...,,,A1
19621125-0,25-NOV-1962,Douglas LC-47H,50777,US Navy,0,Davis Glacier,, ,A1
19621126-0,26-NOV-1962,Curtiss C-46A,HK-354X,La Urraca,2,Kingston,, ,A1
19621126-1,26-NOV-1962,SAAB Scandia 90A-1,PP-SRA,VASP,23,"near Paraibuna, SP",, ,A1
19621126-2,26-NOV-1962,Lockheed C-130A Hercules,56-0488,USAF,5,Smyrna-Sewar...,, ,A1
19621127-0,27-NOV-1962,Boeing 707-441,PP-VJB,Varig,97,near Lima-Callao ...,,,A1
19621127-1,27-NOV-1962,Fairchild C-123B Provider,N5004X,Air America,2,near Xieng Khouang,, ,C1
19621129-0,29-NOV-1962,Ilyushin Il-18V,CCCP-75843,Aeroflot / Moscow,,,, ,A1
19621130-0,30-NOV-1962,Douglas DC-7B,N815D,Eastern Air Lines,25,New York-Idl...,, ,A1
19621204-0,04-DEC-1962,Lockheed C-121G Super Constellation,54-4066,USAF,3,near Guam-Agana N...,,,A1
19621206-0,06-DEC-1962,Douglas C-47A (DC-3),CP-695,Aerolineas Abaroa,,Uncia,, ,U1
19621206-1,06-DEC-1962,Douglas C-47 (DC-3),HK-437,Líneas Aéreas Taxader,24,near Barrancabermeja,, ,A1
19621210-0,10-DEC-1962,Douglas C-47A (DC-3),TA-33,Argentine AF,0,Ellsworth St...,, ,A1
19621210-1,10-DEC-1962,Boeing KC-97G Stratofreighter,52-2685,USAF,1,near Mistassini L...,, ,A1
19621214-0,14-DEC-1962,Lockheed L-049 Constellation,PP-PDE,Panair do Brasil,50,near Paraná da Ev...,,,A1
19621214-1,14-DEC-1962,Lockheed L-1049H Super Constellatio,N6913C,Flying Tiger Line,5+ 3,near Hollywood-Lo...,, ,A1
19621215-0,15-DEC-1962,Douglas C-47A (DC-3),42-93086,USAF,,,, ,A1
19621219-0,19-DEC-1962,Vickers 804 Viscount,SP-LVB,LOT,33,near Warszawa-Oke...,,,A1
19621221-0,21-DEC-1962,Convair CV-340-31,N73130,Frontier Airlines,0,Grand Island...,, ,A1
19621222-0,22-DEC-1962,Convair CV-240-2,PP-VCQ,Varig,1,"near Brasilia, DF",, ,A1
19621223-1,23-DEC-1962,Antonov An-12, ,Soviet AF,7,near Noril'sk-Nez...,, ,A1
19621226-0,26-DEC-1962,Martin P5A Marlin,127712,US Navy,13,"near San Diego, C...",, ,A1
19621228-1,28-DEC-1962,ATL-98 Carvair,G-ARSF,Channel Air Bridge,1,Rotterdam Ai...,,,A1
19621229-0,29-DEC-1962,Boeing S.307B-1 Stratoliner,F-BELZ,Airnautic,25,Monte Renoso...,,,A1
19629999-0,??-???-1962,Douglas C-54B (DC-4),XV-NUA,Air Vietnam,,,, ,U1
