identifiant,date,type,registration,operator,fat.,location, ,pic,cat

19411003-1,03-OCT-1941,Lisunov PS-84,CCCP-L3926,Aeroflot,1,Vyazma-Dvoyevka,, ,A1
19411008-0,08-OCT-1941,Junkers Ju-52/3m,HE+DK,German AF,0,"Homlafossen,...",, ,A1
19411013-1,13-OCT-1941,Lockheed 18 Lodestar,LT-910,Netherlands East Indies AF,5+ 7,Batavia,, ,A1
19411020-0,20-OCT-1941,Junkers Ju-52/3m,D-AUXZ,Deutsche Lufthansa,13,"Gabrene, Pet...",, ,A1
19411021-0,21-OCT-1941,Douglas R2D-1 (DC-2),9620,US Navy,,Pensacola NA...,, ,A1
19411023-0,23-OCT-1941,Douglas DC-2-112,DG471,RAF,0,Karachi-Drig...,, ,A1
19411023-1,23-OCT-1941,Consolidated PBY-5 Catalina,2346,US Navy,,Argentia NAS...,, ,A1
19411023-2,23-OCT-1941,Ford 5-AT-C Tri-Motor,VH-UTB,Guinea Airways,0,Little Wau C...,, ,A1
19411029-0,29-OCT-1941,Lisunov PS-84, ,Soviet AF,24,near Golodyayevka,, ,A1
19411030-0,30-OCT-1941,Douglas DC-3A-269,NC21712,Northwest Airlines,14,"Moorhead, MN",,,A1
19411030-1,30-OCT-1941,Douglas DC-3-277B,NC25663,American Airlines,20,"near St. Thomas, ON",, ,A1
19411102-0,02-NOV-1941,Junkers Ju-52/3m,DR+WH,German AF,1,"Risvik, Sals...",, ,A1
19411107-0,07-NOV-1941,Junkers Ju-52/3mce,OH-LAK,Aero OY,2,near Turku [Gulf ...,, ,A1
19411108-0,08-NOV-1941,Consolidated PBY-5 Catalina,2325,US Navy,8,Halifax harb...,, ,A1
19411110-0,10-NOV-1941,Consolidated Catalina,Z2141,RAF,0,Invergordon ...,, ,O1
19411114-0,14-NOV-1941,Lockheed 14-H2 Super Electra,CR-AAX,DETA,0,Inhambane Ai...,, ,A1
19411114-1,14-NOV-1941,Lisunov PS-84,CCCP-L3488,Aeroflot,14,near Akchernya,, ,A1
19411115-0,15-NOV-1941,Ford 4-AT-B Tri-Motor,NC6894,Private,0,near Wichita Fall...,, ,A1
19411126-0,26-NOV-1941,DH.86A Express,AX760,RAF,0,Lydda,, ,A1
19411128-2,28-NOV-1941,Junkers Ju-52/3m, ,German AF,0,Kjevik Airfi...,, ,A1
19411129-0,29-NOV-1941,Lisunov PS-84,CCCP-L3989,Aeroflot,1,Saratov Airp...,, ,A1
19411199-0,??-NOV-1941,Junkers Ju-52/3m,1Z+OK,German AF,,near Tendrovskaya...,, ,C1
19411199-2,??-NOV-1941,Junkers Ju-52/3m, ,German AF,0,Arzberg near...,, ,A1
19411203-0,03-DEC-1941,Short Sunderland,W3988,RAF,9,near Carrowmore n...,, ,A1
19411206-0,06-DEC-1941,Consolidated PBY-5 Catalina,Y-44,Dutch Navy,5,Tandjong Pandan,, ,A1
19411207-0,07-DEC-1941,Consolidated PBY-5 Catalina,2357,US Navy,,Ford Island ...,, ,C1
19411207-1,07-DEC-1941,Consolidated PBY-5 Catalina,2421,US Navy,,Ford Island ...,, ,C1
19411207-10,07-DEC-1941,Consolidated PBY-5 Catalina,2369,US Navy,,Ford Island ...,, ,C1
19411207-11,07-DEC-1941,Consolidated PBY-5 Catalina,2364,US Navy,,Ford Island ...,, ,C1
19411207-12,07-DEC-1941,Consolidated PBY-5 Catalina,2423,US Navy,,Ford Island ...,, ,C1
19411207-13,07-DEC-1941,Consolidated PBY-5 Catalina,2431,US Navy,,Ford Island ...,, ,C1
19411207-14,07-DEC-1941,Consolidated PBY-5 Catalina,2435,US Navy,,Ford Island ...,, ,C1
19411207-15,07-DEC-1941,Consolidated PBY-5 Catalina,2436,US Navy,,Ford Island ...,, ,C1
19411207-16,07-DEC-1941,Consolidated PBY-5 Catalina,2444,US Navy,,Ford Island ...,, ,C1
19411207-17,07-DEC-1941,Consolidated PBY-5 Catalina,2437,US Navy,,Ford Island ...,, ,C1
19411207-18,07-DEC-1941,Consolidated PBY-5 Catalina,2434,US Navy,,Ford Island ...,, ,C1
19411207-19,07-DEC-1941,Consolidated PBY-5 Catalina,2429,US Navy,,Ford Island ...,, ,C1
19411207-2,07-DEC-1941,Consolidated PBY-5 Catalina,2420,US Navy,,Ford Island ...,, ,C1
19411207-20,07-DEC-1941,Consolidated PBY-5 Catalina,2362,US Navy,,Ford Island ...,, ,C1
19411207-21,07-DEC-1941,Consolidated PBY-5 Catalina,2430,US Navy,,Ford Island ...,, ,C1
19411207-22,07-DEC-1941,Consolidated PBY-5 Catalina,2425,US Navy,,Ford Island ...,, ,C1
19411207-3,07-DEC-1941,Consolidated PBY-5 Catalina,2359,US Navy,,Ford Island ...,, ,C1
19411207-4,07-DEC-1941,Consolidated PBY-5 Catalina,2361,US Navy,,Ford Island ...,, ,C1
19411207-5,07-DEC-1941,Consolidated PBY-5 Catalina,2365,US Navy,,Ford Island ...,, ,C1
19411207-6,07-DEC-1941,Consolidated PBY-5 Catalina,2422,US Navy,,Ford Island ...,, ,C1
19411207-7,07-DEC-1941,Consolidated PBY-5 Catalina,2441,US Navy,,Ford Island ...,, ,C1
19411207-8,07-DEC-1941,Consolidated PBY-5 Catalina,2439,US Navy,,Ford Island ...,, ,C1
19411207-9,07-DEC-1941,Consolidated PBY-5 Catalina,2440,US Navy,,Ford Island ...,, ,C1
19411208-0,08-DEC-1941,Curtiss AT-32A Condor II, ,CNAC,0,Hong Kong-Ka...,, ,C1
19411208-1,08-DEC-1941,Douglas DC-2-118B,24,CNAC,0,Hong Kong-Ka...,, ,C1
19411208-10,08-DEC-1941,DH.86B Express,A31-8,RAAF,0,Western desert,,,C1
19411208-11,08-DEC-1941,Sikorsky S-42B,NC16735,Pan Am,0,Hong Kong-Ka...,, ,C1
19411208-2,08-DEC-1941,Douglas DC-2-120,DG475,RAF,1,near LG-138,, ,C1
19411208-3,08-DEC-1941,Curtiss AT-32A Condor II, ,CNAC,0,Hong Kong-Ka...,, ,C1
19411208-4,08-DEC-1941,Junkers Ju-52/3m,XXII,Eurasia,0,Hong Kong-Ka...,, ,A1
19411208-5,08-DEC-1941,Douglas DC-2-118B,26,CNAC,0,Hong Kong-Ka...,, ,C1
19411208-6,08-DEC-1941,Consolidated PBY-5 Catalina,A24-15,RAAF,8,near Port Moresby,, ,A1
19411208-7,08-DEC-1941,Curtiss AT-32D Condor II, ,CNAC,0,Hong Kong-Ka...,, ,C1
19411208-8,08-DEC-1941,Curtiss AT-32D Condor II, ,CNAC,0,Hong Kong-Ka...,, ,C1
19411208-9,08-DEC-1941,Junkers Ju-52/3m,XT-AGE,Eurasia,0,Hong Kong-Ka...,, ,C1
19411209-0,09-DEC-1941,Lisunov PS-84,CCCP-L3922,Aeroflot,5,near Khvoinaya Ai...,, ,A1
19411211-0,11-DEC-1941,Junkers Ju-52/3m,XT-ABE,Eurasia,0,Kweilin (Gui...,, ,C1
19411218-0,18-DEC-1941,Lockheed 14-H Super Electra,CCCP-L3453,Aeroflot / Moscow,2,near Moskva-Khody...,, ,A1
19411221-0,21-DEC-1941,Short Sunderland II,W3998,RAF,11,Mount Batten...,, ,A1
19411222-0,22-DEC-1941,Lockheed 18 Lodestar,G-AGCZ,BOAC,,near Tobruk (Tubruq),, ,A1
19411223-0,23-DEC-1941,Douglas C-33 (DC-2),36-79,USAAF,0,"near Winterset, IA",, ,A1
19411226-0,26-DEC-1941,Tupolev G-2,CCCP-L3043,Aeroflot / Kazakstan,26,near Dmitriyevka,, ,A1
19411226-2,26-DEC-1941,Junkers Ju-52/3m,1Z+IT,German AF,3,"Tympakiou, C...",, ,A1
19411229-0,29-DEC-1941,Douglas DC-3-194B,PK-ALN,KNILM,0,Medan-Poloni...,, ,C1
19411229-1,29-DEC-1941,Short S.23 Empire Flying Boat Mk I,G-ADUX,BOAC,4,near Sabang,, ,A1
19411229-2,29-DEC-1941,Tupolev G-2,CCCP-L2010,Aeroflot / Uzbekistan,7,near Chardzhou Ai...,, ,A1
19411299-0,??-DEC-1941,Douglas DC-2-115G,PK-AFJ,KNILM,0,"Darmo, Surabaya",, ,A1
19419999-10,??-???-1941,Junkers Ju-52/3mge, ,German AF,,Creta,, ,A1
19419999-11,??-???-1941,Junkers Ju-52/3mfe, ,German AF,,Creta,, ,A1
19419999-12,??-???-1941,Junkers Ju-52/3m,D-AEAO,German AF,,,, ,A1
19419999-13,??-???-1941,Junkers Ju-52/3m,D-AHMS,German AF,,,, ,A1
19419999-14,??-???-1941,Junkers Ju-52/3mfe,D-AHUT,Reichsluftfahrtministerium,,,, ,A1
19419999-15,??-???-1941,Junkers Ju-52/3m,D-ARIW,German AF,,,, ,A1
19419999-16,??-???-1941,Junkers Ju-52/3mte,D-ANXG,German AF,,,, ,A1
19419999-17,??-???-1941,Junkers Ju-52/3m,D-AFCD,German AF,,,, ,A1
19419999-18,??-???-1941,Junkers Ju-52/3m, ,German AF,,,, ,A1
19419999-2,??-???-1941,Junkers Ju-52/3mfe, ,German AF,,Creta,, ,A1
19419999-3,??-???-1941,Junkers Ju-52/3mfe, ,German AF,,Creta,, ,A1
19419999-4,??-???-1941,Junkers Ju-52/3mge, ,German AF,,Creta,, ,A1
19419999-5,??-???-1941,Junkers Ju-52/3mge, ,German AF,,Creta,, ,A1
19419999-6,??-???-1941,Junkers Ju-52/3mge, ,German AF,,Creta,, ,A1
19419999-7,??-???-1941,Junkers Ju-52/3mge, ,German AF,,Creta,, ,A1
19419999-8,??-???-1941,Junkers Ju-52/3m, ,German AF,,Creta,, ,A1
19419999-9,??-???-1941,Junkers Ju-52/3mfe, ,German AF,,Creta,, ,A1

19410101-2,01-JAN-1941,Junkers Ju-52 See, ,German AF,0,Bodø,, ,A1
19410102-2,02-JAN-1941,Junkers Ju-52 See, ,German AF,0,Hommelvik Se...,, ,A1
19410104-0,04-JAN-1941,Junkers Ju-52/3mg6e,.. + ..,German AF,1,Umbalkees Gl...,, ,A1
19410104-1,04-JAN-1941,Douglas R2D-1 (DC-2),9622,US Navy,11,near San Diego-No...,, ,A1
19410108-0,08-JAN-1941,Junkers Ju-52/3msai,668,South African AF,15,near Mbeya,, ,A1
19410112-0,12-JAN-1941,Douglas DC-3A-197,NC16072,United Airlines,0,Salt Lake Ci...,, ,O1
19410115-0,15-JAN-1941,Savoia-Marchetti SM-75C,I-BAYR,LATI,10,near Fernando de ...,, ,A1
19410117-0,17-JAN-1941,Savoia-Marchetti SM-75,I-LUME,Ala Littoria,0,Catania-Font...,, ,A1
19410117-1,17-JAN-1941,Junkers Ju-52/3mg3e,HA-JUA,Malert,12,near Nagyvárad (O...,,,A1
19410119-0,19-JAN-1941,Lockheed 14-WF62 Super Electra,G-AFGR,BOAC,,El Fasher,, ,A1
19410120-0,20-JAN-1941,Ford 5-AT-D Tri-Motor,23,CNAC,5,within Jiangxi Prov...,, ,A1
19410123-0,23-JAN-1941,Douglas DC-3B-202,NC17315,TWA,2,near Saint Louis ...,, ,A1
19410128-2,28-JAN-1941,Junkers Ju-52/3mg3e,6880,German AF,7,Rhodos,, ,A1
19410202-2,02-FEB-1941,Junkers Ju-52/3mge,201,Portuguese AF,0,Sintra Air Base,, ,O1
19410206-0,06-FEB-1941,Lockheed 14-H2 Super Electra,CF-TCP,TCAL,12,near Armstrong Ai...,, ,A1
19410206-1,06-FEB-1941,DH.66 Hercules,VH-UJO,Stephens Aviation,1,Marble Creek,, ,A1
19410209-0,09-FEB-1941,Consolidated PBY-4 Catalina,1244,US Navy,1,San Diego-No...,, ,A1
19410212-0,12-FEB-1941,Douglas DC-2-192,40,CNAC,3,"Taohsien, Hunan",, ,A1
19410213-0,13-FEB-1941,Junkers Ju-52/3m, ,German AF,3,near Perugia,, ,A1
19410215-0,15-FEB-1941,Short S.30 Empire Flying Boat,G-AFCX,BOAC,0,"River Tagus,...",, ,O1
19410217-0,17-FEB-1941,Junkers Ju-52/3mg5e,4V+EH,German AF,4,Strait of Me...,, ,A1
19410219-2,19-FEB-1941,Junkers Ju-52/3m,22-89,Spanish AF,,,, ,U1
19410225-0,25-FEB-1941,Short Sunderland I,L5804,RAF,0,Scaramanga,, ,O1
19410226-0,26-FEB-1941,Douglas DST-318A (DC-3),NC28394,Eastern Air Lines,8,"near Jonesboro, GA",, ,A1
19410301-0,01-MAR-1941,Junkers Ju-52/3mge,EC-AAJ,Iberia,0,Palma de Mal...,, ,A1
19410301-1,01-MAR-1941,Junkers Ju-52/3mte,D-AQUB,Deutsche Lufthansa,3,Hommelvik Bay,, ,A1
19410305-0,05-MAR-1941,Consolidated PBY-2 Catalina,0467,US Navy,,,, ,A1
19410310-0,10-MAR-1941,Short Sunderland I,L2164,RAF,0,St. Paul's Bay,, ,C1
19410310-1,10-MAR-1941,Douglas DC-3-277C,NC15592,American Airlines,0,Cincinnati M...,, ,A2
19410314-0,14-MAR-1941,Tupolev G-2,CCCP-L1496,Aeroflot / Uzbekistan,6,near Begovat,, ,A1
19410326-1,26-MAR-1941,Sikorsky Y1OA-8 (S-43),37-374,USAAC,,Borinquen AA...,, ,A1
19410328-0,28-MAR-1941,Lockheed 18 Lodestar,ZS-AST,South African Airways,10,"Elands Bay, ...",, ,A1
19410329-0,29-MAR-1941,Vickers Valentia,264,South African AF,0,Jijiga Air Base,, ,O1
19410329-1,29-MAR-1941,Junkers Ju-52/3mge,660,South African AF,0,Jijiga Air Base,, ,O1
19410403-0,03-APR-1941,Douglas DC-3-201B,NC21727,Eastern Air Lines,0,"near Vero Beach, FL",,,A1
19410404-0,04-APR-1941,Ford 5-AT-.  Tri-Motor,AN-AA.,TACA de Nicaragua,2,near Alamicamba,, ,A1
19410407,07-APR-1941,Junkers Ju-52/3m,G6+KH,German AF,9,Leithagebirge,, ,A1
19410407-2,07-APR-1941,Junkers Ju-52/3m,1Z+CL,German AF,15,"Mannersdorf,...",, ,A1
19410407-3,07-APR-1941,Junkers Ju-52/3m,1Z+KK,German AF,0,Leithagebirge,, ,A1
19410407-4,07-APR-1941,Junkers Ju-52/3m,1Z+LL,German AF,5,Leithagebirge,, ,A1
19410407-5,07-APR-1941,Junkers Ju-52/3m,1Z+JK,German AF,2,Leithagebirge,, ,A1
19410408-0,08-APR-1941,Lockheed 14-N3 Super Electra,AX682,RAF,0,near Sallum,, ,A1
19410412-0,12-APR-1941,Savoia-Marchetti SM-75,E-101,Hungarian AF,23,Veszprém,,,A1
19410422-0,22-APR-1941,Ford 5-AT-C Tri-Motor,643,Colombian AF,1,near Río Putumayo,, ,A1
19410422-2,22-APR-1941,Junkers Ju-52/3m, ,German AF,4,near Kumanovo,, ,A1
19410423-0,23-APR-1941,Short Sunderland I,L2161,RAF,0,Scaramanga,, ,C1
19410424-0,24-APR-1941,Short Sunderland I,N9023,RAF,3,"Langhóll, Fa...",, ,A1
19410425-0,25-APR-1941,Douglas DC-3-196A,URSS-C,Aeroflot,0,Moscow,, ,A1
19410426-0,26-APR-1941,Lockheed 18 Lodestar,ZS-ATH,South African Airways,,Cape Town-Wi...,, ,A1
19410427-0,27-APR-1941,Short Sunderland I,L5807,RAF,0,Kalafrana Bay,,,C1
19410428-0,28-APR-1941,Short Sunderland III,T9075,RAAF,6,Iris Sea,, ,A1
19410510-0,10-MAY-1941,Short Sunderland I,N9049,"RAF, op.for RAAF",,Marsaxlokk,, ,A1
19410517-0,17-MAY-1941,Junkers G.38gi/fi,GF+GG,German AF,0,Athens-Tatoi...,, ,C1
19410520-0,20-MAY-1941,Junkers Ju-52/3m,G6+EK,German AF,2,near Alikarnassos...,, ,A1
19410520-2,20-MAY-1941,Junkers Ju-52/3mg5e,9P+MU,German AF,4,Chania-Alikianu,, ,A1
19410524-2,24-MAY-1941,Junkers Ju-52/3m, ,German AF,2,"Kalamos, Tan...",, ,A1
19410525,25-MAY-1941,Junkers Ju-52m/3,NJ+NL,German AF,1,Corinth,, ,A1
19410601-0,01-JUN-1941,Junkers Ju-52/3m, ,German AF,0,Tatoi,, ,A1
19410603-2,03-JUN-1941,Junkers Ju-52/3m, ,German AF,,,, ,A1
19410610-0,10-JUN-1941,Consolidated C-12 Commodore (16-2),BELEM,Brazilian AF,8,"Belém, PA",, ,A1
19410611,11-JUN-1941,Junkers Ju-52/3mg5e,KD+II,German AF,7,Klützow,, ,A1
19410614-0,14-JUN-1941,Lockheed 18 Lodestar,241,South African AF,,Dodo River,, ,A1
19410614-1,14-JUN-1941,Ford 4-AT-B Tri-Motor,NC5809,Hangar Six,0,"Yoakum, TX",, ,A1
19410617-0,17-JUN-1941,DH.86 Express,G-ACWC,BOAC,,Minaa,, ,A1
19410619-0,19-JUN-1941,Douglas DC-3-227,YR-PAF,LARES,0,Bucharest,, ,A1
19410624-0,24-JUN-1941,Short Sunderland I,P9603,"RAF, op.for RAAF",2,near Popton Point...,, ,A1
19410625-0,25-JUN-1941,Junkers Ju-52/3m, ,German AF,2,near Pasenow,, ,A1
19410626-0,26-JUN-1941,Sikorsky S-43,NC16928,Panagra,0,Rio de Janei...,, ,A1
19410627-0,27-JUN-1941,Junkers Ju-52/3m,P4+ ..,German AF,13,Tonnolfjelle...,, ,A1
19410627-1,27-JUN-1941,Junkers Ju-52/3m, ,German AF,12,Fiskviksaetr...,, ,A1
19410629-0,29-JUN-1941,Lisunov PS-84, ,Soviet AF,0,Pskov-Kresty,, ,C1
19410699-0,??-JUN-1941,Savoia-Marchetti SM-75,E-10.,Hungarian AF,0,Budaörs Airport,, ,C1
19410701-0,01-JUL-1941,Consolidated Catalina I (PBY-5),AH557,RAF,0,Skerjafjördur,, ,A1
19410703-0,03-JUL-1941,Consolidated PBY-5 Catalina,2347,US Navy,,North Atlantic,, ,A1
19410715-0,15-JUL-1941,Consolidated Catalina I (PBY-5),AH533,RAF,7,near Cruach na Se...,, ,A1
19410724-0,24-JUL-1941,Douglas C-50B (DC-3-397),41-7705,USAAF,0,Dayton-Wrigh...,, ,A1
19410726-0,26-JUL-1941,Douglas DC-3, ,Soviet AF,7,"Lake Sig, Tv...",, ,A1
19410726-1,26-JUL-1941,Sikorsky Y1OA-8 (S-43),37-372,USAAF,,near Punta Chame,, ,A1
19410730-0,30-JUL-1941,Macchi C.100,I-PACE,Ala Littoria,5,Roma-Lido di...,, ,A1
19410731-0,31-JUL-1941,Short Sunderland I,L2166,RAF,8,near Libyan coast...,, ,C1
19410799-0,??-JUL-1941,Douglas DC-2-115F,n/a,Soviet AF,0,Riga-Spilve ...,, ,C1
19410802-0,02-AUG-1941,Douglas DC-2-120,NC14279,U.S. Treasury,3,Bathurst-Jes...,, ,A1
19410804-0,04-AUG-1941,Lockheed 14-WF62 Super Electra,G-AFGP,BOAC,,Khartoum,, ,A1
19410806-0,06-AUG-1941,Consolidated PBY-2 Catalina,0496,US Navy,,Pensacola Ba...,, ,A1
19410806-2,06-AUG-1941,Lisunov PS-84,CCCP-L3411,Soviet AF,2,within Russia,, ,C1
19410815-0,15-AUG-1941,Ford 5-AT-B Tri-Motor,642,Colombian AF,1,Palanquero A...,, ,A1
19410815-2,15-AUG-1941,Junkers Ju-52/3m, ,German AF,,near Hindelopen (...,, ,A1
19410818-0,18-AUG-1941,Lockheed 18 Lodestar,PP-PBD,Panair do Brasil,8,"near São Paulo, SP",, ,A1
19410819,19-AUG-1941,Junkers Ju-52/3mge,OA-HHC-304,Deutsche Lufthansa Sucursal Perú,0,Cuzco,, ,A1
19410822-0,22-AUG-1941,Junkers Ju-52/3m,BJ+YQ,German AF,0,Langendiebac...,, ,A1
19410827-0,27-AUG-1941,Ford 5-AT-C Tri-Motor,644,Colombian AF,16,near Tarapaca,, ,A1
19410827-1,27-AUG-1941,Tupolev G-2,CCCP-L1996,Aeroflot / Uzbekistan,6,near Kizyl-Arvat,, ,A1
19410828-0,28-AUG-1941,Consolidated PBY-5 Catalina,2338,US Navy,0,Seydisfjördur,, ,A1
19410901-0,01-SEP-1941,Bloch 220,F-AQNL,Air France,15,near Marseille-Ma...,, ,A1
19410907-0,07-SEP-1941,Douglas DC-2-120,HK867,RAF,,Freetown-Has...,, ,A1
19410922-0,22-SEP-1941,Consolidated Catalina I (PBY-5),AH565,RAF,0,"near Akranes, Tei...",, ,O1
19410925-0,25-SEP-1941,Consolidated PBY-5 Catalina,2402,US Navy,4,between St. ...,, ,A1
19410926-0,26-SEP-1941,Ford 5-AT-C Tri-Motor,CB-CAM-2,CAMB,8,Challhuani R...,, ,A1
19410927-0,27-SEP-1941,Fokker F.VIII,FE-1,Finnish AF,,near Latva,, ,A1
19411003-0,03-OCT-1941,Sikorsky S-42B,NC15376,Pan Am,2,San Juan harbor,,,A1
