identifiant,date,type,registration,operator,fat.,location, ,pic,cat

19390107-0,07-JAN-1939,Douglas DC-2-115B,HB-ITA,Swissair,5,near Senlis,,,A1
19390113-0,13-JAN-1939,Lockheed 14-H Super Electra,NC17389,Northwest Airlines,4,Miles City M...,, ,A1
19390113-1,13-JAN-1939,Junkers Ju-52/3mge,PP-CAY,Syndicato Condor,10,"Rio Bonito, RJ",,,A1
19390113-2,13-JAN-1939,Fokker F.XVIII,VQ-PAF,Commercial Aviation Company,0,Lydda Airpor...,, ,A1
19390117-0,17-JAN-1939,Ford 5-AT-.  Tri-Motor,C-63,SCADTA,4,near Sumapaz,, ,A1
19390118-0,18-JAN-1939,Lockheed 14-H Super Electra,VH-ABI,Guinea Airways,4,near Katherine-Ti...,,,A1
19390121-0,21-JAN-1939,Short S.23 Empire Flying Boat Mk II,G-ADUU,Imperial Airways,3,near Port Washing...,, ,A1
19390124-2,24-JAN-1939,Junkers Ju-52/3m, ,German AF,4,near Arrens,, ,A1
19390127-0,27-JAN-1939,Potez 62,F-ANPJ,Air France,6,near Köln-Butzwei...,,,A1
19390206-0,06-FEB-1939,Fokker F.XVIII,BF,Spanish Republican AF,,Vilajuïga Ai...,, ,O1
19390213-2,13-FEB-1939,Junkers Ju-52/3m, ,Aviación Nacional,,near Cartagena,, ,A1
19390219-0,19-FEB-1939,Sikorsky S-42A,NC15376,Pan Am,0,San Juan harbor,, ,A2
19390224-0,24-FEB-1939,Junkers Ju-52/3mge,D-ALUS,Reichsluftfahrtministerium,10,"Termes Ribi,...",, ,A1
19390302-0,02-MAR-1939,Ford 6-AT-AS Tri-Motor,CF-BEP,Yukon Southern Air Transport,0,"Vancouver, BC",, ,O1
19390305-2,05-MAR-1939,Junkers Ju-52/3m, ,Aviación Nacional,,,, ,A1
19390312-0,12-MAR-1939,Junkers Ju-52/3mge,XXIII,Eurasia,4,near Weining,, ,A1
19390312-1,12-MAR-1939,Short S.23 Empire Flying Boat Mk I,G-ADUY,"Imperial Airways, op.for Qantas Empire Airways",0,"Tandjong, Ba...",, ,A1
19390314-0,14-MAR-1939,Junkers Ju-52/3mge,OO-AUA,Sabena,3,Sint-Stevens...,, ,A1
19390318-0,18-MAR-1939,Boeing S.307 Stratoliner,NX19901,Boeing,10,"near Alder, WA",,,A1
19390326-0,26-MAR-1939,Douglas DC-2-112,NC13727,Braniff Airways,8,Oklahoma Cit...,, ,A1
19390329-0,29-MAR-1939,Junkers Ju-52/3mge,M-CABD,Iberia,,Cabezabellos...,, ,A1
19390399-0,??-MAR-1939,Lockheed 14-WG3B Super Electra,J-BDOQ,Imperial Japanese Airways,,Fukuoka Airp...,, ,A1
19390399-1,??-MAR-1939,Ford 5-AT-B Tri-Motor,LG-AAH,TACA Guatemala,0,Tegucigalpa-...,, ,O1
19390415-0,15-APR-1939,Ford 5-AT-C Tri-Motor,NC8411,South American Gulf Oil Co.,2,"near El Carmen, S...",, ,A1
19390424-2,24-APR-1939,Junkers Ju-52/3m, ,German AF,,Großer Arbersee,, ,A1
19390429-1,29-APR-1939,Junkers Ju-52/3m, ,German AF,5,near Bollstadt/Am...,, ,A1
19390499-0,??-APR-1939,Fokker F.VIII,YV-AFO,Venezuelan Government,0,near Uruyén,,,A1
19390501-0,01-MAY-1939,Short S.23 Empire Flying Boat Mk I,G-ADVD,Imperial Airways,2,Lumbo lagoon...,, ,A1
19390502-0,02-MAY-1939,Dewoitine D.338,F-ARIC,Air France,9,near Argana,, ,A1
19390503-0,03-MAY-1939,Consolidated PBY-4 Catalina,1234,US Navy,,San Diego-No...,, ,A1
19390506-0,06-MAY-1939,Junkers Ju-52/3m,XVII,Eurasia,0,Hanchung (Ha...,, ,C1
19390517-0,17-MAY-1939,Lockheed 14-WG3B Super Electra,J-BCOZ,Imperial Japanese Airways,6,Fukuoka Airp...,, ,A1
19390599-0,??-MAY-1939,Douglas DC-2-192,n/a,Chinese Government,0,Chongqing Ai...,, ,C1
19390601-0,01-JUN-1939,A.W. AW.15 Atalanta,G-ABTH,Imperial Airways,,Alexandria,, ,A1
19390605-0,05-JUN-1939,Short Sunderland I,L5801,RAF,4,Johore Straits,, ,A1
19390606-0,06-JUN-1939,Douglas DC-2-115E,PH-AKN,KLM,0+ 1,Amsterdam-Sc...,, ,A2
19390612-0,12-JUN-1939,Short S.23 Empire Flying Boat Mk I,G-ADVE,Imperial Airways,0,Calcutta,, ,A1
19390619-0,19-JUN-1939,Short S.30 Empire Flying Boat,G-AFCW,Imperial Airways,0,Hythe,, ,O1
19390729-0,29-JUL-1939,DH.86A Express,L7596,RAF,0,Kirby-in-Fur...,, ,A1
19390803-0,03-AUG-1939,Junkers Ju-52/3mte,D-ANJH,Deutsche Lufthansa,0,Rangoon-Ming...,, ,U1
19390804-0,04-AUG-1939,Junkers Ju-52/3mte,D-AUJG,Deutsche Lufthansa,7,Tivissa,, ,A1
19390811-0,11-AUG-1939,Lockheed 14-WF62 Super Electra,G-AFGN,Imperial Airways,0,Saint-Sauveu...,, ,A1
19390813-0,13-AUG-1939,Sikorsky S-43B,NC16933,Pan Am,14,near Rio de Janei...,, ,A1
19390824-0,24-AUG-1939,Savoia-Marchetti SM-75,I-LOVE,Ala Littoria,,,, ,A1
19390824-1,24-AUG-1939,Junkers F.24kay (G.24),D-ULIS,Deutsche Lufthansa,2,Glindow,, ,A1
19390830-0,30-AUG-1939,Junkers Ju-52/3mte,D-AFOP,Deutsche Lufthansa,7,near Hannover,, ,A1
19390831-2,31-AUG-1939,Junkers Ju-52/3m, ,German AF,4,Hunding/Zueding,, ,A1
19390905-0,05-SEP-1939,Vickers Valentia,K2345,RAF,0,Catterick RA...,, ,A1
19390910-0,10-SEP-1939,Short Sunderland I,N6135,RAF,0,Pembroke Doc...,, ,A1
19390918-0,18-SEP-1939,Short Sunderland I,L2165,RAF,10,Milford Have...,, ,A1
19390922-0,22-SEP-1939,Junkers Ju-52/3m, ,German AF,13,"near Großjena, Na...",, ,A1
19390925-2,25-SEP-1939,Junkers Ju-52/3m,G6+CZ,German AF,,Warsaw,, ,C1
19390928-0,28-SEP-1939,Douglas DC-2-210,VH-UYB,ANA,0,Sydney-Masco...,,,A2
19391009-0,09-OCT-1939,Junkers Ju-52/3mg4c,G6+KO,German AF,7,"Thomasdorf, ...",, ,A1
19391010-0,10-OCT-1939,Junkers Ju-52/3m, ,German AF,,near Wangerooge [...,, ,A1
19391013-0,13-OCT-1939,Short Sunderland I,N9045,RAF,0,Isles of Scilly,, ,A1
19391013-1,13-OCT-1939,Caproni Ca.133,I-DIRE,Ala Littoria,0,Gabode,, ,A1
19391015-0,15-OCT-1939,Short Sunderland I,N9030,RAF,4,Plymouth Sou...,, ,A1
19391017-0,17-OCT-1939,Savoia-Marchetti S.73,I-IESI ?,Ala Littoria,15,near Olías,, ,A1
19391107-0,07-NOV-1939,Handley Page HP.42W,G-AAXD,Imperial Airways,0,"Tiverton, Devon",, ,A1
19391110-0,10-NOV-1939,Junkers Ju-52/3m,22-104,Spanish AF,7,near Lastras de C...,, ,A1
19391115-0,15-NOV-1939,Junkers Ju-52/3mge,T-166,Argentine AF,0,"El Palomar, BA",, ,A1
19391117-0,17-NOV-1939,Junkers Ju-52/3m,22-94,Spanish AF,10,near Cap Juby,, ,A1
19391204-0,04-DEC-1939,Junkers Ju-52/3mlu,I-BAUS,Ala Littoria,4,Bayerisch Ei...,, ,A1
19391218-0,18-DEC-1939,Junkers Ju-52/3m,M-CABA,Iberia,10,near Europa Point...,, ,A1
19391221-0,21-DEC-1939,Lockheed 14-WF62 Super Electra,G-AFYU,British Airways,5,near Alexandria,, ,A1
