identifiant,date,type,registration,operator,fat.,location, ,pic,cat

20040101-0,01-JAN-2004,DC-9-81 (MD-81),JA8297,Japan Air System,0,Tokunoshima ...,,,A2
20040101-1,01-JAN-2004,Beech A100 King Air,C-GFKS,Thunder Airlines,0,Terrace Bay ...,, ,A1
20040103-0,03-JAN-2004,Boeing 737-3Q8,SU-ZCF,Flash Airlines,148,near Sharm el Sheikh,,,A1
20040105-0,05-JAN-2004,Fokker 70,OE-LFO,Austrian Airlines,0,near München-Fran...,,,A2
20040105-1,05-JAN-2004,DHC-6 Twin Otter 300,P2-KSG,Regional Air,0,Sturt Island,, ,A2
20040108-0,08-JAN-2004,Lockheed C-5B Galaxy,85-0010,USAF,0,near Baghdad Inte...,,,C2
20040113-0,13-JAN-2004,Yakovlev Yak-40,UK-87985,Uzbekistan Airways,37,Tashkent Air...,, ,A1
20040115-0,15-JAN-2004,Boeing 747SP-86,EP-IAC,Iran Air,0,Beijing-Capi...,,,A2
20040117-0,17-JAN-2004,Cessna 208B Grand Caravan,C-FAGA,Georgian Express,10,near Pelee Island...,, ,A1
20040119-0,19-JAN-2004,DHC-6 Twin Otter 300,PK-WAX,Air Regional,0,Mulia Airpor...,, ,A1
20040120-0,20-JAN-2004,Swearingen SA-227AC Metro III,I-BSTI,ItAli Airlines,0,Roma-Fiumici...,, ,A2
20040121-0,21-JAN-2004,Dassault Falcon 20C,N200JE,Jet Express,0,Pueblo Memor...,, ,A1
20040127-0,27-JAN-2004,Ilyushin Il-18D,ER-ICJ,Renan,0,Luena Airpor...,,,A1
20040128-0,28-JAN-2004,Beech 1900D,7T-VIN,Tassili Airlines,1,near Ghardaïa-Nou...,,,A1
20040131-0,31-JAN-2004,Swearingen SA226-TC Metro II,EC-HCU,Medit Air,0,Reus Airport...,, ,A1
20040204-0,04-FEB-2004,Boeing 737-229C,TJ-AIO,Cameroon Airlines,0,Cotonou Airp...,,,A2
20040204-1,04-FEB-2004,Ilyushin Il-18D,EX-005,"Phoenix Air, op.for Expo Aviation",0,Colombo-Band...,,,A1
20040208-0,08-FEB-2004,Cessna 208 Caravan I,VH-CYC,Cape York Airlines,0,near Green Island...,,,A1
20040210-0,10-FEB-2004,Fokker 50,EP-LCA,Kish Air,43,near Sharjah Airp...,,,A1
20040212-0,12-FEB-2004,BAe 3109 Jetstream 31,OY-MUE,Sun-Air,0,Aarhus-Tirst...,,,A1
20040214-0,14-FEB-2004,DHC-3T Vazar Turbine Otter,C-GOFB,Watson's Skyways,0,Attawapiskat...,, ,A2
20040220-0,20-FEB-2004,DC-9-81 (MD-81),LV-WPY,Austral Lineas Aéreas,0,Buenos Aires...,,,A2
20040220-1,20-FEB-2004,Learjet 25B,N24RZ,Skylinks Jets,0,Fort Lauderd...,, ,A1
20040221-0,21-FEB-2004,Boeing 737-59D,G-BVKC,bmibaby,0,Cardiff-Wale...,,,A2
20040224-0,24-FEB-2004,Cessna 500 Citation I,OE-FAN,City-jet Luftfahrtgesellschaft,6,near Cagliari-Elm...,,,A1
20040225-0,25-FEB-2004,Boeing 737-210C,C-GNWN,First Air,0,Edmonton Int...,, ,A2
20040226-0,26-FEB-2004,Beech 200 Super King Air,Z3-BAB,Macedonian Government,9,near Mostar Airpo...,,,A1
20040301-0,01-MAR-2004,Airbus A300B4-203,AP-BBA,PIA,0,Jeddah-King ...,,,A1
20040303-0,03-MAR-2004,DHC-6 Twin Otter 300,N702PV,"FedEx, opb Corporate Air",0,Subic Bay In...,,,A2
20040304-0,04-MAR-2004,Ilyushin Il-76MD,UR-ZVA,Azov-Avia Airlines,3,near Baku Airport...,,,A1
20040305-0,05-MAR-2004,Lockheed C-130H Hercules,L8-2/23,Thai AF,0,Hat Yai Airp...,,,A2
20040305-1,05-MAR-2004,Dornier Do 28D-2 Skyservant,HC-CBK,Aeropacifico,0,near Guayaquil-Si...,, ,A1
20040306-0,06-MAR-2004,Ilyushin Il-18D,CU-T1532,Aerocaribbean,0,Holguín-Fran...,, ,A1
20040307-0,07-MAR-2004,Cessna 208B Grand Caravan,XA-TBJ,Lynx S.A.,0,near Celaya,, ,A2
20040308-0,08-MAR-2004,Canadair CL-415,F-ZBEZ,Securité Civile,2,Lac Sainte C...,, ,A1
20040310-0,10-MAR-2004,Cessna UC-35D Citation Encore,165938,USMC,4,near San Diego-Mi...,, ,A1
20040314-0,14-MAR-2004,Cessna 525 CitationJet CJ1,D-IMMM,WDL Aviation,0,Florence-Per...,,,A2
20040316-0,16-MAR-2004,Beech 1900C,N27RA,USAF,5,near Tonopah-Test...,, ,A1
20040317-0,17-MAR-2004,Cessna 208B Grand Caravan,5H-MUA,Regional Air Services,0,near Mto wa Mbu,, ,A1
20040319-0,19-MAR-2004,Learjet 35A,N800AW,AirNet Systems,0,Utica-Oneida...,,,A1
20040320-0,20-MAR-2004,Cessna 208B Grand Caravan,V3-HGB,Tropic Air,0,near Punta Gorda,, ,A1
20040323-0,23-MAR-2004,Airbus A321-211,EI-CPE,Aer Lingus,0,London-Heath...,,,A2
20040323-1,23-MAR-2004,Boeing 747-436,G-BNLK,British Airways,0,London-Heath...,,,A2
20040323-2,23-MAR-2004,Beech 200C Super King Air,VH-NTH,Northern Territory Medical Service,0,Darwin Airpo...,, ,A2
20040324-0,24-MAR-2004,Antonov An-2SX,RA-33596,private,3,within Pavlovsky di...,, ,A1
20040401-0,01-APR-2004,Beech 1900D,N149CJ,"US Airways Express, opb Colgan Air",0,Hartford-Bra...,, ,A1
20040402-0,02-APR-2004,Boeing 707-366C,SU-AVZ,Air Memphis,0,Cairo Intern...,,,A1
20040403-0,03-APR-2004,Convair CV-580,3D-ZOE,private,0,Shabunda,,,A1
20040404-0,04-APR-2004,Antonov An-32B,EP-837,Peruvian Army,0,Puerto Esper...,, ,A1
20040404-1,04-APR-2004,Antonov An-26B,UN-26582,Irbis,0,near Kyzyl,, ,A2
20040407-0,07-APR-2004,Raytheon 390 Premier I,N200PR,Unknown,0,Blackbushe A...,,,A1
20040413-0,13-APR-2004,BN-2A-27 Islander,V3-HGK,Maya Island Air,0,near Belize City,, ,A2
20040414-0,14-APR-2004,Beech 300 Super King Air,N301KS,Mass Bay Kustom Leasing,0,Daytona Beac...,, ,A1
20040416-0,16-APR-2004,Beech B200 King Air,F-OHJL,Air Archipels,0,Papeete-Faaa...,, ,A1
20040417-0,17-APR-2004,Airbus, ,Qatar Airways,0,Cairo Intern...,, ,H2
20040418-0,18-APR-2004,Learjet 55,N355UJ,Bombardier,0,La Romana Ai...,, ,A2
20040419-0,19-APR-2004,Beech A100 King Air,C-FMAI,Myrand Aviation,0,Chibougamau/...,, ,A1
20040420-0,20-APR-2004,DC-9-82 (MD-82),I-DAWR,Alitalia,0,Trieste-Dei ...,,,A1
20040427-0,27-APR-2004,Cessna 208B Super Cargomaster,N738FX,"FedEx, op.for Baron Aviation",0,"near Helena, AR",, ,A2
20040427-1,27-APR-2004,Fokker F-27 Friendship 500,N715FE,"FedEx, opb Mountain Air Cargo",0,Melo Airport...,,,A1
20040427-2,27-APR-2004,Boeing 737-529,UR-VVB,AeroSvit Airlines,0,Moskva-Shere...,,,A2
20040428-0,28-APR-2004,DC-10-30F,N189AX,Centurion Air Cargo,0,Bogotá-Eldor...,,,A1
20040429-0,29-APR-2004,Lockheed C-130 Hercules, ,Air National Guard,0,Minneapolis-...,, ,A2
20040504-0,04-MAY-2004,Cessna 208B Grand Caravan,YV-O-CBL-7,Bolívar Government,7,Chimanta Mou...,, ,A1
20040505-0,05-MAY-2004,Swearingen SA227-AC Metro III,HK-4275X,Aerotransporte Petrolero,5,Carepa-Anton...,,,A1
20040505-1,05-MAY-2004,BN-2B-27 Islander,XC-FOE,Consejo de Recursos Minerales,2,near Vallecillos,,,A1
20040506-0,06-MAY-2004,Let L-410UVP,9XR-EF,Kush Air,6,"Jiech, Jongl...",, ,A1
20040506-1,06-MAY-2004,Transall C-160R,R-100/61-ZR,French AF,0,Fort de Fran...,,,A1
20040508-0,08-MAY-2004,Douglas C-54P (DC-4),N44911,Brooks Air Fuel,0,"Ganes Creek, AK",,,A1
20040509-0,09-MAY-2004,ATR 72-212,N438AT,"American Eagle Airlines, opb Executive Airlines",0,San Juan-Lui...,,,A1
20040511-0,11-MAY-2004,Antonov An-12BP,ST-SIG,El Magal Aviation,7,near Tatal,,,A1
20040514-0,14-MAY-2004,Embraer EMB-120ER Brasilia,PT-WRO,Rico Linhas Aéreas,33,"near Manaus, AM",, ,A1
20040517-0,17-MAY-2004,DHC-6 Twin Otter 300,8Q-TMC,Trans Maldivian Airways,0,Male Interna...,,,A2
20040518-0,18-MAY-2004,Ilyushin Il-76TD,4K-AZ27,"Silk Way, op.for Azal Cargo",7,near Urumqi Airpo...,,,A1
20040518-1,18-MAY-2004,Antonov An-2P,UN-70276,Araiavia,1,Bozoy,, ,A1
20040523-0,23-MAY-2004,Let L-410UVP-E3,5Y-VVD,Blue Bird Aviation,2,near Mwingi,,,A1
20040523-1,23-MAY-2004,Let L-410UVP-E9,5Y-VVA,Blue Bird Aviation,0,near Mwingi,,,A2
20040525-0,25-MAY-2004,DHC-6 Twin Otter 300,9N-AFD,Yeti Airlines,3,near Lukla,,,A1
20040527-0,27-MAY-2004,Raytheon 390 Premier I,N5010X,Raytheon,0,Las Vegas-No...,, ,A1
20040529-0,29-MAY-2004,BAe-146-300,G-BPNT,Flightline,0,Florence-Per...,, ,A2
20040601-0,01-JUN-2004,Antonov An-32,9XR-SN,Sun Air,0,Kigali Inter...,, ,A1
20040603-0,03-JUN-2004,Antonov An-2TP,UR-07194,Atlant,0,"near Genichesk, K...",, ,A1
20040606-0,06-JUN-2004,Beech Beechjet 400A,AP-BEX,Punjab Government,0,Lahore Airpo...,, ,O1
20040607-0,07-JUN-2004,Antonov An-26B,ST-ARO,Ababeel Aviation,0,Geneina Airp...,, ,A1
20040608-0,08-JUN-2004,Hawker Siddeley HS-748,TR-LFW,Gabon Express,19,near Libreville A...,,,A1
20040613-0,13-JUN-2004,Beech 200 Super King Air,N200BE,Rader Aviation,2,"Rupert, WV",, ,A1
20040614-0,14-JUN-2004,Volpar Turboliner,N401CK,Bellair,1,near Kodiak Airpo...,, ,A1
20040615-0,15-JUN-2004,DHC-3 Otter,C-GPPL,Hawk Air,0,Dipneedle La...,, ,A2
20040616-0,16-JUN-2004,Fokker F-27 Friendship 200,AP-AUR,PIA,0,Chitral Airp...,,,A1
20040620-0,20-JUN-2004,Douglas DC-3-455,HK-1212,VIARCO,0,Las Gaviotas...,,,A1
20040623-0,23-JUN-2004,Dornier 228-201,TF-ELH,Islandsflug,0,Siglufjördur...,,,A1
20040626-0,26-JUN-2004,Lisunov Li-2T,RA-1300K,FLA RF,4,near Moskva-Myach...,,,A1
20040626-1,26-JUN-2004,Antonov An-12BP,ST-SAT,Sarit Airlines,0,Wau Airport ...,, ,A1
20040628-0,28-JUN-2004,Beech 200 Super King Air,ZS-NRW,Ngangeni Air Charters,2,São Sebastião,, ,A1
20040630-0,30-JUN-2004,DHC-6 Twin Otter 300,8P-MLK,Trans Island Air 2000,0,Saint Vincen...,,,A2
20040630-1,30-JUN-2004,Beech 200 Super King Air,N432FA,Frontline Aviation,0,Green Bay-Au...,, ,A1
20040702-0,02-JUL-2004,IAI 1124 Westwind,N280AT,Air Trek,6+ 1,Panama City-...,, ,A1
20040704-0,04-JUL-2004,DHC-6 Twin Otter 300,C-FMOL,North-Wright Airways,0,"Canol Road, ...",,,A1
20040709-0,09-JUL-2004,Antonov An-2SX,RA-02230,Kostroma Air Enterprise,0,Yaroslavl Ai...,, ,A1
20040709-1,09-JUL-2004,Canadair CL-215,I-SRMB,"SOREM, op.for OMNI - Aviação e Tecnologia",0,"Chamadouro, ...",,,A1

20040712-0,12-JUL-2004,Convair CV-440,N4826C,Dodita Air Cargo,1,"near Beef Island,...",,,A1
20040712-1,12-JUL-2004,Beech 100 King Air,C-FQOV,Little Red Air Service,0,Fort Vermili...,, ,A1
20040713-0,13-JUL-2004,Learjet 35A,N829CA,Aviation Jet Charters,0,Nevis-Newcas...,,,A1
20040716-0,16-JUL-2004,Antonov An-28,YL-KAB,Rigas Aeroklubs,0,Østre Æra Ai...,,,A1
20040719-0,19-JUL-2004,Learjet 55,N55LF,Hop-A-Jet Inc,0,Fort Lauderd...,, ,A1
20040721-0,21-JUL-2004,DC-9-14,XA-BCS,Aero California,0,Mexico City-...,,,A1
20040723-0,23-JUL-2004,Basler Turbo 67 (DC-3T),FAS117,Salvadorian AF,0,El Jaguey,,,A1
20040724-0,24-JUL-2004,Beech 300 King Air 350,YV-910CP,Wyngs Aviation,0,near Punto Fijo,, ,A1
20040725-0,25-JUL-2004,Fokker 100,TC-IEC,Inter Airlines,0,Istanbul-Ata...,, ,A2
20040726-0,26-JUL-2004,Boeing 737, ,Air China,0,Zhengzhou Ai...,, ,H2
20040728-0,28-JUL-2004,Rockwell Sabreliner 60,XC-PFN,Mexican Federal Police,0,Mexicali Air...,, ,A1
20040729-0,29-JUL-2004,DHC-6 Twin Otter 300,P2-MBA,Airlines PNG,2,near Ononge,, ,A1
20040729-1,29-JUL-2004,Antonov An-28,ES-ELI,Flying Air Service,,Beni Mavivi,, ,A1
20040799-0,??-JUL-2004,Lockheed KC-130F Hercules,149811,USMC,,unknown,, ,U1
20040805-0,05-AUG-2004,CASA C-212-A27 Aviocar 200,ARBV-0206,Venezuela Navy,0,San Carlos d...,, ,A2
20040807-1,07-AUG-2004,Boeing 767-3P6ER,CP-2425,LAB,0,Santa Cruz-V...,, ,A2
20040810-0,10-AUG-2004,Grumman HU-16A Albatross,XB-JHH,Unknown,1,Playa de la ...,, ,A1
20040811-0,11-AUG-2004,Boeing 737-205,3X-GCM,Air Guinee Express,0,Freetown-Lun...,,,A1
20040813-0,13-AUG-2004,Convair CV-580,N586P,Air Tahoma,1,near Cincinnati/N...,,,A1
20040813-1,13-AUG-2004,Douglas DC-3,N22RB,private,0,Orlando-Hern...,,,O1
20040813-5,13-AUG-2004,Douglas DC-3C,N130D,Florida Air Cargo,0,Punta Gorda-...,, ,O1
20040816-0,16-AUG-2004,Cessna 208B Grand Caravan,HP-1397APP,AeroPerlas,0,near Panama-Albro...,,,A1
20040817-0,17-AUG-2004,Beech 99,N199GL,Alpine Aviation,2,"near Neihart, MT",,,A1
20040818-0,18-AUG-2004,Cessna 208B Grand Caravan,5Y-TWH,Transworld Safaris,3,near Goma,, ,A1
20040821-0,21-AUG-2004,Shorts 360-300,FAV-1652,Venezuela AF,30,near Maracay,, ,A1
20040821-1,21-AUG-2004,Antonov An-2TP,D-FONE,Sachsische Luftfahrt Service,0,Dinslaken-Sc...,,,O1
20040824-0,24-AUG-2004,Tupolev Tu-134A-3,RA-65080,Volga-Aviaexpress,44,near Buchalki,,,C1
20040824-1,24-AUG-2004,Tupolev Tu-154B-2,RA-85556,Sibir Airlines,46,near Gluboki,,,C1
20040825-0,25-AUG-2004,Cessna 550 Citation II,N792MA,Grafair,0,Venice Airpo...,, ,A2
20040827-0,27-AUG-2004,Lockheed C-130 Hercules, ,Libyan Arab Rep. Air Force,0,Khartoum-Civ...,, ,H2
20040827-1,27-AUG-2004,DHC-3 Otter,N197TT,Mavrik Aire,1,"near McGrath, AK",, ,A1
20040828-0,28-AUG-2004,SE-210 Caravelle 11R,3D-KIK,Trans Air Congo,0,Gisenyi Airp...,,,A1
20040904-0,04-SEP-2004,Learjet 25B,N47MR,American Jets,0,Colorado Spr...,, ,A2
20040905-0,05-SEP-2004,Antonov An-12B,UR-11765,Antonov Design Bureau,0,Kiev-Borispo...,,,A1
20040906-0,06-SEP-2004,Beech 1900D,5N-PTL,Wings Aviation,0,Eket airstrip,, ,A2
20040909-0,09-SEP-2004,CT-39A Sabreliner,XA-TFD,Jett Paqueteria,2,near Villahermosa,, ,A1
20040910-0,10-SEP-2004,Swearingen SA227-AC Metro III,ZS-OLS,Ryan Blake Air Charter,0,George Airpo...,,,A1
20040911-0,11-SEP-2004,Lockheed C-130H Hercules, ,USAF,0,,, ,C2
20040914-0,14-SEP-2004,Ilyushin Il-76TD,4K-AZ31,Silk Way,0,near Baku Airport...,, ,A2
20040916-0,16-SEP-2004,Antonov An-24RV,EW-47808,Kam Air,0,Kabul Airpor...,, ,A2
20040921-0,21-SEP-2004,Swearingen SA227-AC Metro III,C-FIPW,Norcanair,0,La Ronge Air...,,,A1
20040923-0,23-SEP-2004,Cessna 208B Super Cargomaster,N7392B,Eagle Air Cargo,0,near Gwinner-Roge...,, ,A1
20040923-1,23-SEP-2004,BN-2A Islander,N6522T,Homer Air,0,"Hallo Bay, AK",, ,A1
20040925-0,25-SEP-2004,Bushmaster 2000,N750RW,private,0,near Fullerton Mu...,,,A1
20040928-0,28-SEP-2004,Lockheed C-130H Hercules,84-0211,USAF,0,Wilmington-N...,, ,O1
20040929-0,29-SEP-2004,BN-2A-27 Islander,N902GD,Air Flamenco,1,near Vega Baja,, ,A1
20040929-1,29-SEP-2004,Dornier 228-212,LN-BER,Kato Air,0,Bodø Airport...,, ,H2
20040930-0,30-SEP-2004,DHC-3 Otter,C-FODV,Wilderness Air,0,"Long Lake, ON",, ,A2
20040999-0,??-SEP-2004,Antonov An-2T,RA-01128,Krasnoyarski ASK,,Krasnoyarsk ...,, ,U1
20041001-0,01-OCT-2004,Embraer EMB-110P1 Bandeirante,ZS-OWO,Naturelink Airlines,0,Douala Airpo...,,,A1
20041003-0,03-OCT-2004,Howard 250,N6371C,American Airpower,0,Midland Inte...,, ,A1
20041005-0,05-OCT-2004,Antonov An-12,ST-SAF,Sarit Airlines,4,near Heglig,,,A1
20041008-0,08-OCT-2004,Fokker F-28 Fellowship 4000,S2-ACH,Biman Bangladesh,0,Sylhet-Osman...,,,A1
20041009-0,09-OCT-2004,Let L-410UVP,9XR-KL,El Amiron Plus,0,,, ,A1
20041011-0,11-OCT-2004,Let L-410UVP,9XR-RC,Sierra Leone Airways,0,near Kindu,,,A1
20041014-0,14-OCT-2004,Boeing 747-244BSF,9G-MKJ,MK Airlines,7,Halifax Inte...,,,A1
20041014-1,14-OCT-2004,Canadair CRJ-200LR,N8396A,"Pinnacle Airlines, op.for Northwest Airlink",2,Jefferson Ci...,,,A1
20041015-0,15-OCT-2004,Douglas DC-3C,HK-1503,Aerovanguardia,3,near Medellín-Enr...,,,A1
20041016-0,16-OCT-2004,BN-2A-21 Islander,RP-C1325,Pacific Airways,2,near Coron,, ,A1
20041018-0,18-OCT-2004,Airbus A320-232,B-22310,TransAsia Airways,0,Taipei-Songs...,, ,A2
20041019-0,19-OCT-2004,BAe 3201 Jetstream 32EP,N875JX,"Corporate Airlines, op.for AmericanConnection",13,near Kirksville R...,,,A1
20041019-1,19-OCT-2004,Cessna 208B Grand Caravan,5H-AXL,Air Excel,0,Loiborsoit V...,,,A2
20041019-2,19-OCT-2004,Antonov An-12BP,ST-SAD,Sarit Airlines,0,Heglig,, ,A2
20041019-3,19-OCT-2004,CASA C-212 Aviocar 100,T.12B-54,Spanish AF,0,Lanzarote Ai...,, ,A1
20041020-0,20-OCT-2004,Boeing 747-132SF,N709CK,Kalitta Air,0,near Lake Michiga...,, ,A2
20041022-0,22-OCT-2004,Beech 1900C,N79YV,Southern Air Charter,0,near New Providen...,, ,A1
20041022-1,22-OCT-2004,Cessna F406 Caravan II,G-TWIG,Highland Airways,1,near Inverness,, ,A1
20041023-0,23-OCT-2004,Boeing 707-330C,PP-BSE,BETA,0,Manaus-Eduar...,,,A1
20041024-0,24-OCT-2004,Learjet 35A,N30DK,Med Flight Air Ambulance,5,near San Diego-Br...,,,A1
20041024-1,24-OCT-2004,Beech 200 Super King Air,N501RH,Hendrick Motorsports,10,"near Stuart, VA",, ,A1
20041104-0,04-NOV-2004,Rockwell Sabreliner 60,XA-GUR,Servicios Aéreos Jemsa,0,Toluca Airpo...,, ,A1
20041104-1,04-NOV-2004,Cessna 208B Grand Caravan,G-BZAH,Army Parachute Association,0,Netheravon A...,, ,A2
20041107-0,07-NOV-2004,Boeing 747-230F (SCD),TF-ARR,"Air Atlanta Icelandic, op.for Lufthansa Cargo",0,Sharjah Airp...,,,A1
20041115-0,15-NOV-2004,Yakovlev Yak-40,YV-1100CP,private,0,Caracas-La C...,, ,A2
20041116-0,16-NOV-2004,Let L-410UVP-E20,5H-PAC,Precision Air,0,Kilimanjaro ...,,,A1
20041118-0,18-NOV-2004,BAe 3101 Jetstream 31,YV-1083C,RAVSA,2,Caracas-Simo...,, ,A1
20041119-0,19-NOV-2004,DHC-6 Twin Otter 300,HB-LOK,Zimex Aviation,0,Menzel Lejma...,,,A2
20041119-1,19-NOV-2004,Beech 200 Super King Air,YV-2584P,Unknown,0,Cabimas-Oro ...,, ,A1
20041120-0,20-NOV-2004,IAI Arava 201,3D-DAC,Swaziland AF,0,within South-Easter...,, ,A1
20041121-0,21-NOV-2004,Canadair CRJ-200LR,B-3072,China Yunnan,53+ 2,near Baotou Airpo...,, ,A1
20041122-0,22-NOV-2004,Gulfstream Aerospace G-1159A Gulfst,N85VT,Business Jet Services,3,near Houston-Will...,,,A1
20041122-1,22-NOV-2004,Hawker Siddeley HS-748,L5-2/16,Thai AF,0,Bangkok Inte...,, ,A1
20041125-0,25-NOV-2004,Cessna F406 Caravan II,5H-RAS,Regional Air Services,0,Arusha Airpo...,, ,A1
20041127-0,27-NOV-2004,CASA C-212 Aviocar 200,N960BW,"Presidential Airways, op.for US DoD",6,near Bagram,,,A1
20041128-0,28-NOV-2004,Canadair Challenger 601,N873G,"Hop-A-Jet Inc, op.for Global Aviation",3,Montrose Cou...,,,A1
20041128-1,28-NOV-2004,Boeing 737-406,PH-BTC,KLM,0,Barcelona Ai...,,,A1
20041130-0,30-NOV-2004,DC-9-82 (MD-82),PK-LMN,Lion Air,25,Solo City-Ad...,,,A1
20041130-1,30-NOV-2004,MBB HFB-320 Hansa Jet,N604GA,Grand Aire Express,2,Howell Islan...,, ,A1
20041201-0,01-DEC-2004,Gulfstream G-IV,G-GMAC,GAMA Aviation,0,Teterboro Ai...,,,A1
20041201-1,01-DEC-2004,Beech B300 Super King Air 350,C-FMHD,Aviation CMP,0,St-Georges d...,, ,A2
20041204-0,04-DEC-2004,Convair CV-340-70,N41626,Miami Air Lease,0,North Miami ...,,,A1
20041204-1,04-DEC-2004,Convair CV-580F SCD,N161FL,Contract Air Cargo,0,McAllen-Mill...,,,A1
20041206-0,06-DEC-2004,Cessna 208B Grand Caravan,N25SA,Salmon Air,2,"near Bellevue, ID",, ,A1
20041209-0,09-DEC-2004,Boeing 727-2M7F,N750DH,ASTAR Air Cargo,0,Atlanta-Will...,, ,A2
20041209-1,09-DEC-2004,Beech B200 Super King Air,N6PE,RNH Air 1,0,near Tulsa Intern...,, ,A1
20041210-0,10-DEC-2004,PZL-Mielec M28 Skytruck,GN-97121,Venezuela ANG,16,near El Junquito,, ,A1
20041210-1,10-DEC-2004,Beech 200 Super King Air,N648KA,Charter One,0,Bay View-Ran...,, ,A1
20041211-0,11-DEC-2004,Embraer EMB-110 Bandeirante,PT-WAK,NHR Táxi-Aéreo,2+ 1,near Uberaba Airp...,, ,A1
20041211-1,11-DEC-2004,Ilyushin Il-76TD,ER-IBW,Airline Transport,1,near Jeddah,, ,A2
20041216-0,16-DEC-2004,Shorts 360-300,N748CC,Air Cargo Carriers,0,Oshawa Munic...,,,A1

20041217-0,17-DEC-2004,Douglas C-47A (DC-3),HK-2663,Aerolineas Llaneras - Arall,0,Puerto Gaitán,, ,A2
20041224-0,24-DEC-2004,Beech A100 King Air,C-GAIK,Air Inuit,0,Kuujjuaq Air...,, ,A2
20041229-0,29-DEC-2004,Lockheed MC-130H Combat Talon II,85-0012,USAF,0,Qayyarah Air...,,,A1
20041230-0,30-DEC-2004,Ilyushin Il-76TD,ER-IBM,Airline Transport,0,Kabul Airpor...,,,A1
20049999-0,??-???-2004,Swearingen SA227-AC Metro III,ZS-OJH,Ryan Blake Air Charter,0,George Airpo...,, ,A1
