identifiant,date,type,registration,operator,fat.,location, ,pic,cat

20050613-1,13-JUN-2005,Beech 200 Super King Air,YV-2834P,Private,0,Caracas-Simó...,, ,A2
20050615-0,15-JUN-2005,Dornier Do 28D-2 Skyservant,YV-664CP,Revemin-Bonanza Mining,0,near El Callao,, ,A1
20050619-0,19-JUN-2005,Douglas C-47B (DC-3),9Q-CWI,Wimbi Dira Airways,0,Kalima Airpo...,,,A1
20050619-1,19-JUN-2005,Boeing 707-347C,C5-MBM,Mahfooz Aviation,0,Addis Ababa-...,,,A1
20050624-0,24-JUN-2005,DHC-3T Vazar Turbine Otter,C-FXUY,Air Tindi,0,Yellowknife ...,,,A1
20050627-0,27-JUN-2005,Boeing 737-2K5,C6-BFM,Bahamasair,0,Nassau Inter...,, ,A2
20050628-0,28-JUN-2005,Cessna 208 Caravan I,N9324F,Air Serv International,0,Matemo Airport,, ,A1
20050629-0,29-JUN-2005,Fokker 100,5N-COO,IRS Airlines,0,Lagos-Murtal...,, ,A2
20050629-1,29-JUN-2005,Antonov An-26,9Q-CAW,"Volga Atlantic Airlines, op.for Mango Airlines",0,Goma Airport...,, ,A1
20050630-0,30-JUN-2005,Dornier 228-201,9N-AEO,Gorkha Airlines,0,Lukla Airpor...,,,A1
20050699-0,??-JUN-2005,Hawker Siddeley HS-780 Andover C.1,9Q-CVK,Aero Service Corp.,,near Kapoeta Airport,,,A1
20050701-0,01-JUL-2005,DC-10-30ER,S2-ADN,Biman Bangladesh,0,Chittagong-S...,,,A1
20050715-0,15-JUL-2005,Learjet 35A,N620JM,Aspen Aviation,0,Vail-Eagle C...,, ,A1
20050716-0,16-JUL-2005,Antonov An-24B,3C-VQR,Equatorial Express Airlines,60,near Baney,,,A1
20050717-0,17-JUL-2005,Cessna 525 CitationJet,N13FH,Hertrich Aviation,0,Old Bridge A...,, ,A1
20050719-0,19-JUL-2005,Yakovlev Yak-40,RP-C2803,Interisland Airlines,0,Caticlan-Mal...,,,A1
20050721-0,21-JUL-2005,IPTN/CASA CN-235M-10,A-2301,Indonesian AF,3,Lhokseumawe-...,, ,A1
20050722-0,22-JUL-2005,Cessna 208B Grand Caravan,N717BT,CorpJet/Baltimore Air Transport,0,near Globe-San Ca...,, ,A1
20050726-0,26-JUL-2005,Cessna 208B Grand Caravan,TG-APG,Aéreo Ruta Maya,2,near Hierba Buena,, ,A1
20050728-0,28-JUL-2005,Beech 200 Super King Air,C-FCGL,Northern Thunderbird Air,2,near Shovelnose C...,,,A1
20050801-0,01-AUG-2005,Canadair CL-415,F-ZBEO,Securité Civile,2,near Calvi,, ,A1
20050802-0,02-AUG-2005,Airbus A340-313X,F-GLZQ,Air France,0,Toronto-Pear...,,,A1
20050804-0,04-AUG-2005,DHC-3 Otter,C-FQEI,Air Nootka,0,Louie Lagoon...,, ,A2
20050804-2,04-AUG-2005,DHC-3 Otter,C-FQEI,Air Nootka,0,Louis Lagoon...,, ,A2
20050806-0,06-AUG-2005,ATR 72-202,TS-LBB,Tuninter,16,near Palermo-Punt...,,,A1
20050808-0,08-AUG-2005,Antonov An-12BP,T-300,Angolan AF,0,Luena Airpor...,, ,A1
20050809-0,09-AUG-2005,Antonov An-26, ,Yemen AF,1,near Mukalla,, ,A1
20050812-0,12-AUG-2005,HESA IrAn-140,EP-SFD,Safiran Airlines,0,Arak Airport...,, ,A1
20050814-0,14-AUG-2005,Boeing 737-31S,5B-DBY,Helios Airways,121,near Grammatikos,,,A1
20050814-1,14-AUG-2005,Dornier Do 28D-2 Skyservant,YV-740C,Linea Aéreo-Taxi Wayumi,1,near Puerto Ayacu...,, ,A1
20050815-0,15-AUG-2005,Grumman C-2A Greyhound,162178,US Navy,0,Norfolk NAS ...,, ,A1
20050816-0,16-AUG-2005,DC-9-82 (MD-82),HK-4374X,West Caribbean Airways,160,near Machiques,,,A1
20050819-0,19-AUG-2005,Boeing 747-251B,N627US,Northwest Airlines,0,Guam-A.B. Wo...,,,A1
20050819-1,19-AUG-2005,Cessna 208 Caravan I,C-GUAY,Guay,0,"Rapid Lake, QC",, ,A2
20050821-0,21-AUG-2005,BN-2B-27 Islander,ZS-PCJ,private,0,near Durban-Virgi...,, ,A1
20050823-0,23-AUG-2005,Boeing 737-244,OB-1809-P,TANS,40,near Pucallpa-Cap...,,,A1
20050825-0,25-AUG-2005,Cessna 208 Caravan I,N208CP,Country Flyin,0,Deerfield Be...,, ,O1
20050829-0,29-AUG-2005,DHC-8-202Q Dash 8,N363PH,Horizon Air,0,Portland Int...,, ,A2
20050829-1,29-AUG-2005,Airbus A330-223,N855NW,Northwest Airlines,0,Portland Int...,, ,A2
20050901-0,01-SEP-2005,Dassault Falcon 20D,N821AA,USA Jet Airlines,0,Lorain Count...,,,A1
20050902-0,02-SEP-2005,Antonov An-2TP,SP-ANA,Aeroklub Ziemi Lubuskiej,0,near Zielona Góra,, ,A1
20050904-0,04-SEP-2005,Antonov An-2R,RA-00901,ROSTO Polyot,3,near Ekimchan,, ,A1
20050905-0,05-SEP-2005,Boeing 737-230,PK-RIM,Mandala Airlines,100+ 49,Medan-Poloni...,,,A1
20050905-1,05-SEP-2005,Antonov An-26B,ER-AZT,"Aerocom, op.for Galaxy Incorporation",11,near Isiro-Matari...,, ,A1
20050908-0,08-SEP-2005,DHC-6 Twin Otter 300,9Q-CBO,TMK Air Commuter,0,Murambi,, ,A1
20050909-0,09-SEP-2005,BN-2B-20 Islander,PK-VIA,Dirgantara Air Services,0,Samarinda,, ,A1
20050909-1,09-SEP-2005,Antonov An-26B,9Q-CFD,Air Kasai,13,near Brazzaville,,,A1
20050909-2,09-SEP-2005,Cessna 501 Citation I/SP,I-AROM,"Unifly, op.for Aeroitalia",0,Roma-Ciampin...,, ,A1
20050911-0,11-SEP-2005,NAMC YS-11-500R,HS-KVO,Phuket Airlines,0,Mae Sot Airp...,,,A1
20050912-0,12-SEP-2005,DHC-8-301,HK-4030X,AIRES Colombia,0,Bogotá-Eldor...,, ,H2
20050913-0,13-SEP-2005,Learjet 25B,N252BK,Barkin International Aviation,0,Cedar Rapids...,, ,A1
20050916-0,16-SEP-2005,Cessna 525 CitationJet,PT-WLX,Viação Cometa,2,Alto da Boa ...,, ,A1
20050918-0,18-SEP-2005,Airbus A321-231,N583NK,Spirit Airlines,0,Fort Lauderd...,, ,A2
20050919-0,19-SEP-2005,Swearingen SA227-AC Metro III,PH-DYM,Dynamic Air,0,Rotterdam Ai...,,,A1
20050921-1,21-SEP-2005,Antonov An-2, ,Panafrican Airways,2,near Bukavu,, ,A1
20050924-0,24-SEP-2005,Boeing E-8C (707),96-0042,USAF,0,Lake Charles...,, ,O2
20050926-0,26-SEP-2005,Grumman G-159 Gulfstream I,YV1020,Unknown,0,near San Andrés,, ,O1
20050926-1,26-SEP-2005,Grumman American G-1159 Gulfstream ,N435GM,"Reaud, Morgan & Quinn Inc",0,Beaumont Mun...,, ,O1
20050926-2,26-SEP-2005,DHC-3T/M601 Turbine Otter,C-GKYG,Alkan Air,0,"May Creek, YT",, ,A2
20050930-0,30-SEP-2005,Cessna 550 Citation II,N77ND,University of North Dakota,0,"near Fort Yukon, AK",,,A1
20051004-0,04-OCT-2005,Antonov An-12,9Q-CWC,Wimbi Dira Airways,2,Aru Airport,,,A1
20051006-0,06-OCT-2005,Cessna 208B Super Cargomaster,C-FEXS,"FedEx, opb Morningstar Air Express",1,near Winnipeg Air...,,,A1
20051007-0,07-OCT-2005,DHC-8-311Q Dash 8,G-BRYW,British Airways Citiexpress,0,Aberdeen-Dyc...,, ,A2
20051009-0,09-OCT-2005,CASA C-212 Aviocar 100,T.12B-29,Spanish AF,0,Gerona-Costa...,, ,A1
20051009-1,09-OCT-2005,Cessna 208 Caravan I,PR-RTA,RICO,0,"Rio Negro, AM",, ,A1
20051009-2,09-OCT-2005,Boeing 737-4Q8,VT-SID,Sahara Airlines,0,Mumbai-Chhat...,, ,A1
20051012-0,12-OCT-2005,Beech 99A,C-GZAM,Air Mikisew,0,Lac La Biche...,, ,A2
20051016-0,16-OCT-2005,Beech 1900D,N144ZV,"Air Midwest, op.for US Airways Express",0,Ogdensburg A...,, ,A2
20051018-0,18-OCT-2005,Cessna 208B Super Cargomaster,N978FE,"FedEx, op.for Baron Aviation",0,"near Round Rock, TX",,,A1
20051019-0,19-OCT-2005,Antonov An-2R,RA-40943,Naryan-Mar Air Enterprise,0,near Labozhskoe,, ,A1
20051022-0,22-OCT-2005,Boeing 737-2L9,5N-BFN,Bellview Airlines,117,Lisa Village...,,,A1
20051022-1,22-OCT-2005,BN-2A Trislander Mk.III-3,XA-TYU,Aerolamsa,0,Playa del Ca...,, ,O2
20051022-2,22-OCT-2005,Let L-410UVP,XA-TAU,Aero Ferinco,0,Playa del Ca...,,,O1
20051023-0,23-OCT-2005,Grumman G-73 Mallard,N611SS,US Distributors,0,Miami Seapla...,,,O1
20051024-0,24-OCT-2005,Cessna 208B Grand Caravan,N1263Y,Bering Air,0,"near Unalakleet, AK",, ,A2
20051024-1,24-OCT-2005,Let L-410UVP,XA-SXX,Mayair,0,Fort Lauderd...,,,O1
20051024-10,24-OCT-2005,Boeing 727-277F,C-GACC,All Canada Express,0,Miami Intern...,,,O1
20051024-11,24-OCT-2005,Douglas DC-3A,N7500A,private,0,Opa-locka Ai...,,,O1
20051024-2,24-OCT-2005,Antonov An-2R,YV1108,Unknown,0,Fort Lauderd...,,,O1
20051024-3,24-OCT-2005,ATR 42-320,D4-CBH,TACV,0,Dakar-Yoff A...,, ,A2
20051024-4,24-OCT-2005,Boeing 727-231,N54344,ART 21631,0,Miami Intern...,,,O1
20051024-5,24-OCT-2005,Beech Beechjet 400A,N611PA,Suncoast Aviation,0,Boca Raton P...,,,O1
20051024-6,24-OCT-2005,Cessna S550 Citation S/II,N224KC,Tri-state Executive Air,0,Boca Raton P...,, ,O2
20051024-7,24-OCT-2005,Learjet 35,N435UJ,EHR Aviation,0,Boca Raton P...,, ,O1
20051024-8,24-OCT-2005,Learjet 55,N110ET,Pontiac Aviation,0,Boca Raton P...,, ,O1
20051024-9,24-OCT-2005,Lockheed L-1329-25 JetStar II,N375MD,GLE Aircraft,0,Fort Lauderd...,,,O1
20051026-0,26-OCT-2005,Learjet 25D,N888DV,Best AeroNet Aviation,0,Sacramento-M...,,,A1
20051030-0,30-OCT-2005,Let L-410UVP-E19A,9A-BTA,Trade Air,3,near Bergamo-Orio...,,,A1
20051031-0,31-OCT-2005,Boeing 727-22F,9Q-CPJ,MIBA Aviation,0,Kindu Airpor...,,,A1
20051102-0,02-NOV-2005,Antonov An-24RV,RA-46618,SAT Airlines,0,Yuzhno-Sakha...,,,A1
20051104-0,04-NOV-2005,PZL-Mielec M28-05 Skytruck,312,Vietnam People's Air Force,3,Dong Xuyen,, ,A1
20051105-0,05-NOV-2005,Cessna 500 Citation I,N505K,HCEA,2,Houston-Hobb...,, ,A1
20051107-0,07-NOV-2005,Dornier 328JET-310,B-3971,Hainan Airlines,0,Korla Airpor...,, ,A2
20051108-0,08-NOV-2005,Embraer EMB-110P1 Bandeirante,N7801Q,AirNow,0,near Manchester M...,,,A1
20051111-0,11-NOV-2005,Ilyushin Il-76TD,4L-ZIL,"Global Georgian Airways, op.for Royal Airlines Cargo",8,Khak-e Shahidan,,,A1
20051114-0,14-NOV-2005,BAe-146-200,RP-C2995,Asian Spirit,0,Catarman-Nat...,, ,A1
20051115-0,15-NOV-2005,Cessna 208 Caravan I,N117SA,Shoreline Aviation,0,near South Hampto...,, ,A2
20051118-0,18-NOV-2005,Antonov An-2TP,RA-02252,Polyarnye Avialinii,0,near Sangar,, ,A1
20051118-1,18-NOV-2005,BN-2A-21 Islander,V3-HFO,Blancaneaux Lodge,3,near Privacion Ai...,,,A1
20051119-0,19-NOV-2005,Cessna 208B Grand Caravan,P4-OIN,Ivolga-Avia,8,near Stupino,, ,A1

20050101-0,01-JAN-2005,Cessna 551 Citation II/SP,N35403,Jet Services,0,Ainsworth Ai...,,,A1
20050104-0,04-JAN-2005,Boeing 737-2A9C,PK-YGM,Tri-MG Airlines,0,Banda Aceh-B...,,,A1
20050106-0,06-JAN-2005,Antonov An-32,PNP-234,Peruvian Police,0,Andahuaylas ...,, ,A2
20050106-1,06-JAN-2005,Canadair CRJ-200ER,VT-SAL,Sahara India,0,Goa-Dabolim ...,,,A2
20050108-0,08-JAN-2005,Antonov An-12,9Q-CIH,Services Air,6,Bukalaza,,,A1
20050108-1,08-JAN-2005,DC-9-83 (MD-83),VP-BGI,Aero República,0,Cali-Alfonso...,,,A1
20050109-0,09-JAN-2005,Grumman American G-1159 Gulfstream ,N74RQ,"CFS Air, op.for Icon Health and Fitness",0,Logan-Cache ...,, ,A1
20050113-0,13-JAN-2005,Embraer EMB-110P1 Bandeirante,N49BA,AirNow,1,Keene-Dillan...,,,A1
20050113-1,13-JAN-2005,Antonov An-2,RA-62597,Tura Air Enterprise,9,near Tura,, ,A1
20050118-0,18-JAN-2005,Beech B200 Super King Air,VH-SGT,Network Aviation Australia,0,Perth Airpor...,, ,A2
20050121-0,21-JAN-2005,Cessna 208B Grand Caravan,CP-2412,Línea Aérea Amaszonas,0,near Colquiri,,,A1
20050122-0,22-JAN-2005,Antonov An-8,EL-WVA,GLBC,0,Kongolo,,,A1
20050123-0,23-JAN-2005,MD-83,EC-GQG,Spanair,0,Oviedo/Avile...,, ,A2
20050124-0,24-JAN-2005,Boeing 747-212BSF,N808MC,Atlas Air,0,Düsseldorf A...,,,A1
20050125-0,25-JAN-2005,Dornier 228-101,D-CICE,Alfred Wegener Inst.,0,Rothera Station,,,A1
20050127-0,27-JAN-2005,Let L-410UVP-E4,HA-LAR,Farnair Hungary,2,near Iasi Airport...,,,A1
20050128-0,28-JAN-2005,Learjet 35A,N911AE,Million Air,0,Kansas City-...,, ,A1
20050130-0,30-JAN-2005,Lockheed Hercules C.1 (C-130K),XV179,RAF,10,near Al Taji,, ,C1
20050131-0,31-JAN-2005,Cessna 208B Super Cargomaster,SE-KYH,NTD Air Cargo,0,Helsinki-Van...,, ,A1
20050131-1,31-JAN-2005,ATR 42-320,OY-JRJ,Danish Air Transport,0,Bergen-Flesl...,,,A2
20050202-0,02-FEB-2005,Canadair Challenger 600,N370V,"DDH Aviation, op.for Platinum Jet Management",0,Teterboro Ai...,,,A1
20050203-0,03-FEB-2005,Ilyushin Il-76TD,ST-EWB,Air West,7,near Khartoum-Civ...,,,A1
20050203-1,03-FEB-2005,Boeing 737-242,EX-037,"Phoenix Aviation, op.for Kam Air",105,near Kabul,,,A1
20050206-0,06-FEB-2005,DHC-8-315Q Dash 8,6V-AHL,Air Sénégal International,0,Tambacounda ...,,,A2
20050213-0,13-FEB-2005,Dassault Falcon 20C,PR-SUL,Táxi Aéreo Pinhal,0,Aruba-Reina ...,, ,A1
20050216-0,16-FEB-2005,Cessna 560 Citation V,N500AT,Circuit City Stores,8,near Pueblo Memor...,,,A1
20050221-0,21-FEB-2005,Hawker Siddeley HS-125-600A,N21SA,Scott Aviation,0,Bromont Airp...,, ,A1
20050222-0,22-FEB-2005,DHC-6 Twin Otter 300,P2-MFQ,MAF PNG,2,near Wobegon,, ,A1
20050222-1,22-FEB-2005,CASA/Nurtanio NC-212 Aviocar,P-2032,Indonesian Police,15,near Sarmi Airpor...,, ,A1
20050222-2,22-FEB-2005,Convair CV-580,FAB-73,TAM,0,Trinidad Air...,,,A1
20050223-0,23-FEB-2005,DHC-6 Twin Otter 300,PK-LTY,GT Air,0,Enarotali Ai...,,,A2
20050224-0,24-FEB-2005,IAI 1124 Westwind,XC-COL,Colima State Government,7,near Sapotito,, ,A1
20050224-1,24-FEB-2005,CASA C-212 Aviocar 200, ,Zimbabwe AF,2,Harare Airpo...,, ,A1
20050227-0,27-FEB-2005,Beech 200 Super King Air,N988SC,Trust Aviation,0,near Aguachina,, ,A1
20050299-0,??-FEB-2005,Hawker Siddeley HS-780 Andover CC.2,9XR-AB,African Commuter Services,,Old Fangak,,,A1
20050304-0,04-MAR-2005,Antonov An-24B,EY-46399,Trans Air Congo,0,Impfondo Air...,,,A1
20050307-0,07-MAR-2005,Airbus A310-304ET,F-OJHH,Mahan Air,0,Tehran-Mehra...,,,A2
20050308-0,08-MAR-2005,Cessna 500 Citation I,YV-21CP,Air Global,2,Charallave-Ó...,,,A1
20050308-1,08-MAR-2005,Antonov An-2TP,YV-280C,Transmandu,2,near La Paragua,, ,A1
20050308-2,08-MAR-2005,BAe-125-700A,N703TS,Hawker 700 Holding Co.,0,Teterboro Ai...,,,A1
20050309-0,09-MAR-2005,Cessna 208B Grand Caravan,V3-HFW,Tropic Air,0,near Belize City ...,, ,A1
20050309-1,09-MAR-2005,Canadair Challenger 600,N660RM,Romeo Mike Aviation Comp.,0,Tupelo-Regio...,, ,A2
20050311-0,11-MAR-2005,Canadair CRJ-440LR,N8932C,"Pinnacle Airlines, op.for Northwest Airlink",0,Milwaukee-Ge...,, ,A2
20050315-0,15-MAR-2005,BN-2B-26 Islander,G-BOMG,Loganair,2,near Campbeltown-...,, ,A1
20050315-1,15-MAR-2005,Antonov An-26B-100,OB-1778-P,ATSA,0,Lima-J Chave...,, ,A2
20050316-0,16-MAR-2005,Antonov An-24RV,RA-46489,"Kuzbassaviafrakht, op.for Regional Airlines",28,near Varandey,,,A1
20050318-0,18-MAR-2005,Canadair CL-415,I-DPCK,"Civil Protection Department, op.for SOREM",2,Forte dei Marmi,,,A1
20050319-0,19-MAR-2005,Boeing 707-3K1C,9G-IRL,"Cargo Plus Aviation, op.for Ethiopian Airlines",0,Entebbe Airp...,,,A1
20050319-1,19-MAR-2005,Beech C99,C-FJMF,Courtesy Air,0,Winnipeg-Jam...,, ,A2
20050323-0,23-MAR-2005,Ilyushin Il-76TD,ER-IBR,Airline Transport,8,near Mwanza Airpo...,,,A1
20050324-0,24-MAR-2005,MD-88,EC-FLK,Iberia,0,Madrid-Baraj...,,,O1
20050325-0,25-MAR-2005,Antonov An-2R,UR-17998,Mariupol'sky Metallurgical Combine,0,near Sakhanka,, ,A1
20050326-0,26-MAR-2005,Let L-410UVP-E,HK-4146,West Caribbean Airways,9,Providencia-...,, ,A1
20050328-0,28-MAR-2005,Ilyushin Il-18D-40,CU-T1539,Aerocaribbean,0,Caracas-Simo...,,,A1
20050329-0,29-MAR-2005,Cessna 208B Grand Caravan,PT-MPA,Penta,0,Itaituba-Faz...,, ,A1
20050329-1,29-MAR-2005,Antonov An-2R,YV-2447P,Unknown,0,Papelón,,,A2
20050330-0,30-MAR-2005,Swearingen SA227-AC Metro III,N811BC,IBC Airways,0,Miami-Dade C...,, ,A1
20050331-0,31-MAR-2005,Lockheed MC-130H Combat Talon II,87-0127,USAF,9,near Rovie,, ,A1
20050331-2,31-MAR-2005,Antonov An-12B,UN-11007,"Irbis, op.for Air BAS Transportation",0,Mukalla-Al-R...,,,A1
20050331-3,31-MAR-2005,Antonov An-28,3C-ZZY,Gran Propeller,3,near Kampene,, ,A1
20050407-0,07-APR-2005,Fokker F-28 Fellowship 4000,HC-CDA,ICARO,0,Coca Airport...,,,A1
20050412-0,12-APR-2005,DHC-6 Twin Otter 100,PK-LTZ,GT Air,17,near Enarotali,,,A1
20050418-0,18-APR-2005,Beech B200 Catpass 250,OB-1700,Aero Condor,0,near Lima-Jorge C...,,,A1
20050420-0,20-APR-2005,Boeing 707-3J9C,EP-SHE,Saha Air,3,Tehran-Mehra...,,,A1
20050420-1,20-APR-2005,Lockheed P-3B Orion,N926AU,Aero Union,3,"near Chico, CA",, ,A1
20050421-0,21-APR-2005,DHC-6 Twin Otter 300,DQ-FIE,Sun Air Pacific,0,Savusavu Air...,, ,A2
20050421-1,21-APR-2005,Embraer EMB-110P2 Bandeirante,DQ-AFP,Air Fiji,0,Savusavu Air...,, ,A1
20050424-0,24-APR-2005,Antonov An-2, ,Ulyanovsk ROSTO,0,Bagay-Barano...,, ,A1
20050425-0,25-APR-2005,Antonov An-12BP,UN-11003,ATMA Airlines,0,Kabul Airpor...,,,A1
20050425-1,25-APR-2005,Antonov An-2R,RA-40490,Aviakhim,0,near Verkhnyaya K...,, ,A1
20050428-0,28-APR-2005,Let L-410UVP,EP-830,Peruvian Army,13,near Pisco,,,A1
20050501-0,01-MAY-2005,DHC-8-103,LN-WIK,Widerøes Flyveselskap,0,Hammerfest A...,,,A1
20050502-0,02-MAY-2005,Swearingen SA227-AC Metro III,ZK-POA,Airwork NZ,2,near Stratford,,,A1
20050505-0,05-MAY-2005,Antonov An-26B,EK-26060,"Aeroworld, op.for Kisangani Airlift",10,near Kisangani,, ,A1
20050505-1,05-MAY-2005,DC-9-31,N960N,Northwest Airlines,0,Minneapolis-...,,,O1
20050506-0,06-MAY-2005,Swearingen SA227-AC Metro III,C6-REX,Western Air,0,Nassau Inter...,, ,A2
20050507-0,07-MAY-2005,Swearingen SA227-DC Metro 23,VH-TFU,"Transair Australia, op.for Aero-Tropics",15,near Lockhart Riv...,, ,A1
20050509-0,09-MAY-2005,Rockwell Sabreliner 80,N972NR,Compass Acquisitions,0,Brownwood Ai...,, ,A2
20050510-0,10-MAY-2005,DC-9-51,N763NC,Northwest Airlines,0,Minneapolis-...,,,A1
20050510-1,10-MAY-2005,Airbus A319-114,N368NB,Northwest Airlines,0,Minneapolis-...,,,A2
20050510-2,10-MAY-2005,Swearingen SA226-TC Metro II,C-FKEX,Perimeter Aviation,0,Thompson Air...,, ,A1
20050511-0,11-MAY-2005,Antonov An-2,UR-84559,Bosfor,2,Kolyadinets,, ,A1
20050515-0,15-MAY-2005,Cessna 525A CitationJet CJ2,OY-JET,Weibel Scientific,0,Atlantic Cit...,, ,A2
20050516-0,16-MAY-2005,BN-2A-26 Islander,C6-ASA,Flamingo Air Charter,0,near Exuma Intern...,, ,A1
20050518-0,18-MAY-2005,Harbin Yunshuji Y-12 II,AF-216,Zambian Air Force,13,near Mongu Airpor...,,,A1
20050518-1,18-MAY-2005,Airbus A320-211,JY-JAR,"Jordan Aviation, op.for LTE International Airways",0,Leeds/Bradfo...,, ,A2
20050520-0,20-MAY-2005,Dassault Falcon 20C,RA-09007,Jet 2000,0,Moskva-Shere...,, ,A1
20050522-0,22-MAY-2005,Boeing 767-31KER,C-GLMC,Skyservice Airlines,0,Punta Cana A...,,,A2
20050524-0,24-MAY-2005,Beech 300 King Air 350,YV-783CP,Polar Agroservicios/Transpolar Company,2,Caracas,, ,A1
20050525-0,25-MAY-2005,Antonov An-12BP,9Q-CVG,Victoria Air,27,near Biega,, ,A1
20050602-0,02-JUN-2005,Antonov An-24B,ST-WAL,"al-Majal Company, op.for Marsland Aviation",7,Khartoum-Civ...,,,A1
20050602-1,02-JUN-2005,Let L-410UVP-E3,TG-TAG,TAG,0,near Zacapa Airport,, ,A1
20050604-0,04-JUN-2005,DHC-6 Twin Otter 200,N3434,AerOhio,0,"near Rittman, OH",, ,A1
20050606-0,06-JUN-2005,Douglas DC-3A,HK-3462,TARI,0,near Miraflores A...,,,A1
20050607-0,07-JUN-2005,MD-11F,N250UP,UPS,0,Louisville-S...,, ,A2
20050608-0,08-JUN-2005,Saab 340A,N40SZ,"United Express, opb Shuttle America",0,Washington-D...,,,A1
20050610-0,10-JUN-2005,Hawker Siddeley HS-780 Andover C.1,5Y-SFE,748 Air Services,0,Lokichoggio ...,,,A1
20050610-1,10-JUN-2005,Lockheed L-100-30 Hercules,S9-BAS,"UN, opb Transafrik",0,Lokichoggio ...,,,A1
20050612-0,12-JUN-2005,Boeing 727-2M7,5N-BCF,Chanchangi Airlines,0,Lagos-Murtal...,, ,A2
20050613-0,13-JUN-2005,Douglas Super R4D-8 (DC-3S),N3906J,Air Pony Express,0,near Fort Lauderd...,,,A1

20051121-0,21-NOV-2005,Xian Yunshuji Y-7-100C,XU-072,"PMT Air, lsf Royal Phnom Penh Airways",0,Ratanakiri-B...,,,A1
20051123-0,23-NOV-2005,Antonov An-2R,9A-BAD,Krila Kvarnera,0,Grobnik Airport,,,O2
20051128-0,28-NOV-2005,Beech 200 Super King Air,N73MW,private,2,Kaduna Airpo...,, ,A1
20051130-0,30-NOV-2005,CASA/Nurtanio NC-212 Aviocar,PK-ZAI,Sabang Merauke Raya Air Charter,0,Sinabang-Las...,, ,A2
20051206-0,06-DEC-2005,Lockheed C-130E Hercules,5-8519,Iran AF,94+ 12,Tehran,, ,A1
20051207-0,07-DEC-2005,DC-9-32,9Q-CWF ?,"Wetrafa, op.for Wimbi Dira Airways",0,Kinshasa-N'D...,, ,A2
20051208-0,08-DEC-2005,Boeing 737-7H4 (WL),N471WN,Southwest Airlines,0+ 1,Chicago-Midw...,,,A2
20051209-0,09-DEC-2005,Embraer EMB-110P1 Bandeirante,N790RA,AirNow,0,near Orangeburg M...,,,A1
20051210-0,10-DEC-2005,DC-9-32,5N-BFD,Sosoliso Airlines,108,Port Harcour...,,,A1
20051216-0,16-DEC-2005,DHC-6 Twin Otter 300,TI-AZQ,Nature Air,0,near Tamarindo Ai...,,,A1
20051219-0,19-DEC-2005,Grumman G-73T Turbo Mallard,N2969,Chalk's,20,"Miami, FL",,,A1
20051222-0,22-DEC-2005,Beech B200 King Air,C-FSAT,Slave Air,0,Valleyview A...,, ,A2
20051223-0,23-DEC-2005,Antonov An-140-100,4K-AZ48,Azerbaijan Airlines,23,near Nardaran,,,A1
20051223-1,23-DEC-2005,Boeing 707-373C,9L-LDU,Koda Air,0,Istanbul-Sab...,,,O1
20051223-2,23-DEC-2005,Antonov An-24RV,ER-AZX,"Pecotox Air, op.for Aéro-Service",0,Pokola,, ,A2
20051224-0,24-DEC-2005,Antonov An-28,ER-AJE,"Tepavia Trans, op.for African Union",2,Zalingei,, ,A1
20051224-1,24-DEC-2005,Cessna 208B Super Cargomaster,N753FE,"FedEx, op.for Empire Airlines",0,Portland Int...,, ,A1
20051226-0,26-DEC-2005,Beech A100 King Air,YV1507,Unknown,0,near Paparo,, ,A1
20051228-0,28-DEC-2005,Learjet 35A,N781RS,Skyward Aviation,2,near Truckee Airp...,, ,A1
20051230-0,30-DEC-2005,Beech A100 King Air,C-GAPK,Transwest Air,0,La Ronge Air...,, ,A1
