identifiant,date,type,registration,operator,fat.,location, ,pic,cat

19970607-0,07-JUN-1997,Boeing 727-227,N571PE,Continental Air Lines,0,Newark Inter...,,,O1
19970607-1,07-JUN-1997,BAC One-Eleven 525FT,YR-BCM,Tarom,0,Stockholm-Ar...,,,A1
19970607-2,07-JUN-1997,CASA/Nurtanio NC-212 Aviocar,PK-NCL,Merpati Nusantara,0,Ambon-Pattim...,, ,A2
19970609-0,09-JUN-1997,Boeing 737-2Y5,9H-ABF,Air Malta,0,Köln/Bonn Ai...,, ,H2
19970610-0,10-JUN-1997,Harbin Yunshuji Y-12 II,JU-1020,MIAT,7,Mandalgobi A...,, ,A1
19970611-0,11-JUN-1997,Cessna 501 Citation I/SP,N1AT,American Trans Air,0,Chub Cay Air...,,,A2
19970613-0,13-JUN-1997,Swearingen SA226-TC Metro II,C-FEPW,North American Airlines,0,Ottawa/Macdo...,,,A1
19970615-0,15-JUN-1997,Cessna F406 Caravan II,5Y-TAL,Trackmark Cargo,,Nairobi-Wils...,, ,A1
19970616-0,16-JUN-1997,Antonov An-2T,RA-02829,Yessentuki Air Sport Club,,near Yelizavetins...,, ,A1
19970621-0,21-JUN-1997,MD-11,EI-CDK,Garuda,0,Honolulu Int...,, ,A2
19970625-0,25-JUN-1997,Boeing 727-21F,HK-1717,Aerosucre Colombia,0,Bogotá-Eldor...,, ,A1
19970628-0,28-JUN-1997,ATL-98 Carvair,N103,Hondu Carib Cargo,0,"near Venetie, AK",,,A1
19970630-0,30-JUN-1997,Convair CV-240-53,N344MM,Silver Express,0,San Juan-Lui...,,,A1
19970630-1,30-JUN-1997,Dassault Falcon 10,N10YJ,International Aviation,0,White Plains...,, ,A1
19970703-0,03-JUL-1997,Fokker F-27 Friendship 200,VT-SSA,Elbee Airlines,2,near Madh Island,,,A1
19970703-1,03-JUL-1997,Cessna 500 Citation I,PT-ILJ,Riana Táxi Aéreo,0,Rio de Janei...,,,A1
19970709-0,09-JUL-1997,CASA/Nurtanio NC-212 Aviocar,PK-NCS,Merpati Nusantara,3,Ambon-Pattim...,, ,A1
19970709-1,09-JUL-1997,Fokker 100,PT-WHK,TAM,1,"near Suzano, SP",,,C2
19970711-0,11-JUL-1997,Antonov An-24RV,CU-T1262,Cubana,44,near Santiago-Ant...,,,A1
19970713-0,13-JUL-1997,Antonov An-2R,OK-JII,private,,Beiersdorf,, ,A1
19970715-0,15-JUL-1997,Learjet 35A,N19LH,Orion Aircraft Sales,0,Avon Park Mu...,, ,A1
19970717-0,17-JUL-1997,Fokker F-27 Friendship 600,PK-YPM,"Trigana Air Service, op.for Sempati Air",28,Bandung,,,A1
19970717-1,17-JUL-1997,Antonov An-2R,RA-84700,Tula Air Enterprise,4,near Tula Airport...,,,A1
19970718-0,18-JUL-1997,DHC-6 Twin Otter 300,P2-MMU,Goroka Air Services,2,near Goroka Airpo...,, ,A1
19970721-0,21-JUL-1997,Cessna 208 Caravan I,N9481F,PenAir,0,Naknek Airpo...,, ,A2
19970721-1,21-JUL-1997,Learjet 31,9V-ATD,Singapore Airlines,2,near Ranong,,,A1
19970721-2,21-JUL-1997,DHC-6 Twin Otter 300,N776BF,Continental Aviation Services,0,"Elko, NV",, ,A2
19970723-0,23-JUL-1997,Embraer C-95B Bandeirante (EMB-110),2310,Brazilian AF,4,Serra da Man...,,,A1
19970729-0,29-JUL-1997,BAC One-Eleven 203AE,5N-BAA,ADC Airlines,1,Calabar Airp...,,,A1
19970730-0,30-JUL-1997,ATR 42-512,F-GPYE,Air Littoral,1,Florence-Per...,,,A1
19970731-0,31-JUL-1997,MD-11F,N611FE,FedEx,0,Newark Inter...,,,A1
19970801-0,01-AUG-1997,PBV-1A Canso A (PBY-5A),N322FA,Airborne Fire Attack,0,San Vincente...,,,A1
19970803-0,03-AUG-1997,Boeing 737-242C,TU-TAV,Air Afrique,0,Douala Airpo...,,,A1
19970806-0,06-AUG-1997,Boeing 747-3B5,HL7468,Korean Air,228,near Guam-Agana I...,,,A1
19970807-0,07-AUG-1997,DC-8-61F,N27UA,Fine Air,4+ 1,Miami Intern...,,,A1
19970807-1,07-AUG-1997,BN-2A Islander,N1202S,Aero Biekes,0,Fajardo Airp...,, ,A1
19970809-0,09-AUG-1997,Boeing 727, ,Air Gabon,0,Franceville/...,, ,H2
19970810-0,10-AUG-1997,Dornier 228-212,B-12256,Formosa Airlines,16,near Matsu Airpor...,, ,A1
19970812-0,12-AUG-1997,Boeing 727-230,SX-CBI,Olympic Airways,0,Thessaloniki...,,,A1
19970813-0,13-AUG-1997,Beech 1900C,N3172A,Ameriflight,0,Seattle/Taco...,, ,A1
19970814-0,14-AUG-1997,Beech 200 Super King Air,N74EJ,Colvin Aviation,1,near Dalton Munic...,, ,A1
19970815-1,15-AUG-1997,Cessna 550 Citation II,PT-LML,Riana Táxi Aéreo,2,near Cocal do Sul...,, ,A1
19970819-0,19-AUG-1997,Swearingen SA226-TC Metro II,N224AM,Superior Aviation,0,Des Moines A...,, ,A1
19970819-1,19-AUG-1997,Boeing 727-23F,D2-TJC,Angola Air Charter,0,Lukapa Airpo...,,,A1
19970821-0,21-AUG-1997,Antonov An-32, ,United Front Air Force,7,Bamyan Airpo...,, ,A1
19970821-1,21-AUG-1997,BN-2A-26 Islander,VH-LHA,Laynhapuy Homelands Association,0,Gan Gan Airp...,, ,A2
19970822-0,22-AUG-1997,Boeing 727-251,HC-BVU,SAETA,0,San Cristóba...,, ,A1
19970827-0,27-AUG-1997,Dornier Do 28D-2 Skyservant,XA-THZ,private,,Punta Pájaros,, ,U1
19970901-1,01-SEP-1997,MD-82,N951AS,Alaska Airlines,0,Seattle/Taco...,, ,A2
19970902-0,02-SEP-1997,Learjet 31,N71JC,North American Plastics,0,"Aberdeen, MS",, ,A1
19970902-1,02-SEP-1997,Boeing EC-135C,63-8053,USAF,0,Fayetteville...,, ,A1
19970903-0,03-SEP-1997,Tupolev Tu-134B-3,VN-A120,Vietnam Airlines,65,Phnom Penh-P...,,,A1
19970905-0,05-SEP-1997,BN-2A-9 Islander,F-OHFY,ASF Belgique,0,Bondo Airport,, ,A1
19970906-0,06-SEP-1997,Dornier 228-212,9M-MIA,"Merpati Intan, op.for Royal Brunei",10,near Miri Airport...,, ,A1
19970906-1,06-SEP-1997,Boeing 767-375ER,C-FTCA,Canadian Airlines,0,Beijing-Capi...,, ,A2
19970906-2,06-SEP-1997,Boeing 737-268,HZ-AGM,Saudi Arabian,0,Nejran Airpo...,,,A1
19970908-0,08-SEP-1997,Cessna 208B Grand Caravan,N1123R,Bering Air,0,Buckland Air...,, ,A2
19970912-0,12-SEP-1997,Dornier 228-212,NAF034-1229,Nigerian AF,0,Nguru,,,A1
19970912-1,12-SEP-1997,DHC-6 Twin Otter 300,9Q-CRY,TMK Air Commuter,19,Minembwe Mou...,, ,A1
19970913-0,13-SEP-1997,Tupolev Tu-154M,11+02,German AF,24,near Namibia,,,A1
19970913-1,13-SEP-1997,Lockheed C-141B Starlifter,65-9405,USAF,9,near Namibia,, ,A1
19970914-0,14-SEP-1997,DHC-8-301,HK-4062X,Intercontinental de Aviación,0,Pereira-Mate...,, ,A1
19970923-0,23-SEP-1997,Lockheed EP-3E Orion,157320,US Navy,0,Chania-Soúda...,, ,A1
19970923-1,23-SEP-1997,Antonov An-2R,Z3-BGI,Boniair,,,, ,A1
19970926-0,26-SEP-1997,Airbus A300B4-220,PK-GAI,Garuda,234,near Medan-Poloni...,,,A1
19970926-1,26-SEP-1997,Let L-410UVP,RA-67474,Vostok Aviakompania,0,near Khabarovsk,, ,A1
19971001-0,01-OCT-1997,Boeing 727-51C,N414EX,Ryan Int. Airlines,0,Denver-Stapl...,,,A1
19971006-0,06-OCT-1997,unknown, ,Iran Air,0,Bandar Abbas...,, ,H2
19971007-0,07-OCT-1997,Fokker F-28 Fellowship 1000,TN-ACP,Lina Congo,0,Brazzaville-...,,,O1
19971008-0,08-OCT-1997,Cessna 208B Grand Caravan,N12022,Scenic Airlines,9,"near Montrose, CO",,,A1
19971010-0,10-OCT-1997,DC-9-32,LV-WEG,Austral Lineas Aéreas,74,near Nuevo Berlin,,,A1
19971010-1,10-OCT-1997,Lockheed C-130H Hercules,1310,Republic of China AF,5,Taipei-Songs...,, ,A1
19971010-2,10-OCT-1997,Beech 200 Super King Air,EC-ERQ,NAYSA Aerotaxis,8,near Banjul,, ,A1
19971013-0,13-OCT-1997,BAe BAe-748-401 Srs. 2B LFD,PK-IHO,Bouraq Indonesia,0,Yogyakarta-A...,, ,A1
19971015-0,15-OCT-1997,DC-9-32,XA-DEJ,Aeroméxico,0,Mexico City-...,,,A1
19971018-0,18-OCT-1997,Cessna 208A Caravan I,PT-OGC,TAM,0,"near São Paulo, SP",, ,A1
19971021-0,21-OCT-1997,Douglas DC-3A,ZS-JMP,Unknown,0,near Jamba,, ,A1
19971028-0,28-OCT-1997,Fairchild FH-227D,HC-BUF,Aerogal,0,Ambato-Chach...,,,A1
19971028-1,28-OCT-1997,Fokker F-28 Fellowship 3000,PK-YPT,Trigana Air Service,0,Jakarta-Soek...,, ,A2
19971029-0,29-OCT-1997,Yakovlev Yak-40,YA-KAE,Ariana Afghan Airlines,1,Jalalabad Ai...,, ,A1
19971029-1,29-OCT-1997,Learjet 35A,N62MB,West Bend Air,0,Sheboygan Me...,, ,A2
19971031-2,31-OCT-1997,Cessna 500 Citation I,PT-LQG,Iguaçu Rent a Car,3,Canela Airpo...,, ,A1
19971101-0,01-NOV-1997,Boeing 707-323C,9Q-CKK,Congo Airlines,0,Kinshasa-N'D...,,,A1
19971102-0,02-NOV-1997,Swearingen SA226-TC Metro II,C-FNKN,Perimeter Aviation,0,Island Lake/...,, ,A1
19971105-1,05-NOV-1997,Airbus A340-311,G-VSKY,Virgin Atlantic,0,London-Heath...,,,A2
19971106-0,06-NOV-1997,Avro 748-106 Srs. 1A,9N-ACM,Necon Air,0,Pokhara Airp...,,,A1
19971107-0,07-NOV-1997,Douglas C-47A (DC-3),N59316,McNeely Charter Service,0,West Memphis...,,,A1
19971108-0,08-NOV-1997,Cessna 208B Grand Caravan,N750GC,Hageland Aviation Services,8,near Barrow-Point...,, ,A1
19971108-1,08-NOV-1997,Antonov An-12,RA-11327,Aviaobshchemash,0,Bryansk Inte...,,,A1
19971109-0,09-NOV-1997,DHC-6 Twin Otter 300,VH-HPY,Australian Army,0,near Simbai,, ,A1
19971113-0,13-NOV-1997,Beech B100 King Air,N500ML,A & H Aircraft Sales,1,"Madison, MS",, ,A1
19971115-0,15-NOV-1997,Swearingen SA226-TC Metro II,LV-WDU,Kaikén Líneas Aéreas,0,Río Grande A...,, ,A2
19971116-0,16-NOV-1997,Fokker F-28 Fellowship 1000,P2-ANH,Air Niugini,0,Lae-Nadzab A...,,,A1
19971117-0,17-NOV-1997,Canadair CL-415,F-ZBFQ,Securité Civile,1,near Marseille,, ,A1
19971118-0,18-NOV-1997,DC-8-54F,EL-WVD,Cougar Cargo,0,Mwanza Airpo...,,,A1
19971119-1,19-NOV-1997,GAF Nomad N.24A,N244E,Rollins Air,0,La Ceiba-Gol...,, ,A1
19971124-0,24-NOV-1997,GAF Nomad N.24A,HR-AQY,Rollins Air,0,La Ceiba,,,A1
19971125-0,25-NOV-1997,Cessna 208B Super Cargomaster,C-FESA,Air Georgian,0,North Bay Ai...,, ,A2
19971125-1,25-NOV-1997,Shorts 360-100,N691A,Corporate Air,0,Billings-Log...,, ,A1
19971127-0,27-NOV-1997,BN-2A-26 Islander,YJ-RV2,Vanair,0,Emae Airport...,, ,A1

19970102-0,02-JAN-1997,Cessna 208B Grand Caravan,N802TH,Tar Heel Aviation,2,near Edenton Muni...,, ,A1
19970103-0,03-JAN-1997,Shorts 330-100,G-ZAPC,Titan Airways,0,Liverpool In...,,,A1
19970103-1,03-JAN-1997,Cessna 208B Grand Caravan,C-FTZF,Nakina Outpost,0,Nakina Airpo...,, ,A2
19970105-0,05-JAN-1997,Swearingen SA227-AC Metro III,N165SW,Skylink Charter,0,Bullhead Cit...,, ,A1
19970107-0,07-JAN-1997,DHC-6 Twin Otter 300,5W-FAU,Polynesian Airlines,3,near Apia-Fagali'...,, ,A1
19970107-1,07-JAN-1997,DC-9-87 (MD-87), ,Austrian Airlines,0,Berlin-Tegel...,, ,H2
19970109-0,09-JAN-1997,Embraer EMB-120RT Brasilia,N265CA,"Delta Connection, opb Comair",29,"near Monroe, MI",,,A1
19970111-0,11-JAN-1997,Swearingen SA227-AC Metro III,EC-GKK,Ibertrans Aérea,0,Djerba-Zarzi...,, ,A1
19970116-0,16-JAN-1997,Boeing 707-331C,P4-OOO,First Int. Airways,0,Kananga Airp...,,,A1
19970116-1,16-JAN-1997,Learjet 24,N991TD,Air Cargo Express,0,Muscatine Ai...,,,A1
19970117-0,17-JAN-1997,Fokker F-27 Friendship 500,PT-LAM,TAM,0,near Uberaba Airp...,,,A1
19970120-0,20-JAN-1997,Harbin Yunshuji Y-12 II,CR851,Sri Lanka AF,4,near Jaffna-Palal...,, ,A1
19970120-1,20-JAN-1997,Boeing 777-281, ,All Nippon,0,Fukuoka Airp...,, ,H2
19970122-0,22-JAN-1997,Saab 340A, ,Air Nelson,0,Nelson Airpo...,, ,H2
19970124-0,24-JAN-1997,Convair CV-240-53 (HC-131A),XA-SOZ,L.A. Mexicana de Carga,0,Nuevo Laredo...,,,A1
19970125-0,25-JAN-1997,Antonov An-26,RA-26541,Kolyma-Avia,0,Chokurdah Ai...,,,A1
19970125-1,25-JAN-1997,Ilyushin Il-76TD,RA-76834,VASO,0,Anadyr Airpo...,, ,A1
19970128-0,28-JAN-1997,Beech 200 Super King Air,C-GCEV,Propair,0,Sept-Îles Ai...,, ,A1
19970129-0,29-JAN-1997,DHC-4A Caribou,N702SC,Southcentral Air,1,near Sparrevohn A...,,,A1
19970129-1,29-JAN-1997,Yakovlev Yak-40,RA-87552,"Cheremshanka Airlines, op.for Krasnoyarskie Avialinii",0,near Shushenskoye,, ,A1
19970131-0,31-JAN-1997,Embraer EMB-110P1A Bandeirante,5N-AXS,Skypower Express,5,near Yola Airport...,, ,A1
19970201-1,01-FEB-1997,BAe BAe-748-353 Srs. 2A,6V-AEO,Air Senegal,23,Tambacounda ...,,,A1
19970201-2,01-FEB-1997,Cessna 500 Citation I,RP-C1500,Airspan Corp.,2,Mount Balatukan,,,A1
19970202-0,02-FEB-1997,CASA C-212 Aviocar 200,T-400,Angolan AF,37,near Quibaxe,, ,A1
19970204-0,04-FEB-1997,Swearingen SA226-TC Metro II,XA-HAO,Aero Cuahonte,0,Uruapan Airp...,, ,A1
19970206-0,06-FEB-1997,Airbus A300B4-605R,N41063,American Airlines,0,Antigua-V.C....,, ,A2
19970207-0,07-FEB-1997,Dassault Falcon 20C,LV-WLH,Air Service ,4,near Salta-Martín...,,,A1
19970208-0,08-FEB-1997,Boeing 737-3L9,PH-TSW,Transavia Airlines,0,Nürnberg,,,A2
19970210-0,10-FEB-1997,unknown, ,China Northwest,0,Guangzhou Ai...,, ,H2
19970214-0,14-FEB-1997,Boeing 737-2C3,PP-CJO,Varig,1,Carajás Airp...,,,A1
19970219-0,19-FEB-1997,IAI 1124 Westwind,YV-160CP,Transpolar,5,near Guatemala Ci...,, ,A1
19970219-1,19-FEB-1997,Yakovlev Yak-40,UN-87233,SemeyAvia,0,Semipalatins...,, ,A1
19970221-0,21-FEB-1997,Antonov An-32B,CR865,Sri Lanka AF,3,Colombo-Ratm...,, ,A1
19970224-0,24-FEB-1997,Hawker Siddeley HS-748,PK-IHG,Bouraq Indonesia,0,Tarakan-Juwa...,, ,A2
19970224-1,24-FEB-1997,Dornier Do 128-6 Turbo Skyservant,NAF-017,Nigerian AF,3,near Kaduna Airpo...,, ,A1
19970227-0,27-FEB-1997,Learjet 35A,N440HM,Colvin Aviation,0,Greenville D...,, ,A1
19970299-0,??-FEB-1997,IAI 1123 Westwind,N163DL,East Coast Jet Center,0,Charallave-Ó...,, ,U1
19970302-0,02-MAR-1997,Beech 200 Super King Air,N117WM,Coast Hotels & Casinos,1,near Salt Lake Ci...,, ,A1
19970303-0,03-MAR-1997,Embraer EMB-120RT Brasilia,PT-MFC,Pantanal,0,Vilhena Airp...,, ,A1
19970303-1,03-MAR-1997,Let L-410UVP-E,HR-IAS,Isleña Airlines,0,La Ceiba-Gol...,, ,A1
19970303-2,03-MAR-1997,Dassault Falcon 20E,5-3020,Iran Army,4,Ardebil,,,A1
19970304-0,04-MAR-1997,Cessna 208B Super Cargomaster,C-FESJ,Air Georgian,1,Barrie-Orill...,, ,A2
19970306-0,06-MAR-1997,Harbin Yunshuji Y-12 II,CR856,Sri Lanka AF,0,Vavunativu A...,, ,C1
19970307-0,07-MAR-1997,Convair CV-240-27,N357T,Dodita Air Cargo,0,"near Hampton, GA",,,A1
19970307-1,07-MAR-1997,Cessna 500 Citation I,HK-3885,ATO,2,near La Felisa,, ,A1
19970307-2,07-MAR-1997,BN-2A-26 Islander,N851JA,Travelair,0,near Guapiles,, ,A1
19970310-0,10-MAR-1997,Airbus A320-212,A4O-EM,Gulf Air,0,Abu Dhabi In...,,,A1
19970310-1,10-MAR-1997,Boeing 757-2Q8,B-27001,FEAT,0,Xiamen Airpo...,, ,H2
19970310-2,10-MAR-1997,Boeing 707-330B,Z-WKU,Air Zimbabwe,0,Shannon Airp...,, ,A2
19970312-0,12-MAR-1997,Antonov An-12BP,RA-11531,Alada,16,Lukapa Airpo...,,,A1
19970312-1,12-MAR-1997,Mitusbishi Mu-300-10 Diamond II,N411BW,Diamond Jet,0,Houston-Suga...,, ,A1
19970313-0,13-MAR-1997,Lockheed C-130 Hercules, ,Iran AF,86,near Mashhad,, ,A1
19970314-0,14-MAR-1997,MD-87,N753RA,Reno Air,0,Detroit-Metr...,, ,A2
19970315-0,15-MAR-1997,Basler Turbo 67 (DC-3T),TZ-389,Mali AF,2,"Newton, WI",, ,A1
19970318-0,18-MAR-1997,Antonov An-24RV,RA-46516,Stavropolskaya Aktsionernaya Avia,50,near Cherkessk,, ,A1
19970320-0,20-MAR-1997,Antonov An-24TV, ,Sudan AF,4,near Juba Airport...,, ,A1
19970320-1,20-MAR-1997,Boeing 747-2U3B,PK-GSA,Garuda,0,Taipei-Chian...,, ,A2
19970325-0,25-MAR-1997,Shorts SC.7 Skyvan 3-100,N451SA,Arctic Circle Air Service,1,near Nunapitchuk ...,, ,A1
19970325-1,25-MAR-1997,Gulfstream American G-1159 Gulfstre,N117FJ,PAB Aviation,0,New York-La ...,, ,A1
19970401-0,01-APR-1997,Convair CV-580,9Q-CRU,CAA,0,Tshikapa Air...,, ,A1
19970401-1,01-APR-1997,Lockheed C-130H Hercules,88-4408,USAF,3,Tegucigalpa-...,, ,A1
19970401-2,01-APR-1997,Boeing 737-293,OB-1572,Americana de Aviación,0,Pucallpa Air...,,,A1
19970403-0,03-APR-1997,Cessna 650 Citation III,N553AC,Mercury Communications,0,Buffalo-Grea...,, ,A2
19970404-0,04-APR-1997,ATL-98 Carvair,N83FA,Custom Air Service,2,Griffin-Spal...,,,A1
19970406-0,06-APR-1997,Grumman G-159 Gulfstream I,N2NC,African Commuter Services,0+ 1,Goma Airport...,, ,A2
19970408-0,08-APR-1997,Handley Page HPR-7 Herald 214,G-ASVO,Channel Express,0,Bournemouth ...,,,A1
19970410-0,10-APR-1997,Cessna 208B Grand Caravan,N408GV,Hageland Aviation Services,5,"near Wainwright, AK",, ,A1
19970411-0,11-APR-1997,Boeing 737-230,PK-JHI,Sempati Air,0,Banjarmasin-...,, ,A2
19970412-0,12-APR-1997,DHC-6 Twin Otter 300,N242CA,Corporate Air,0,"near Hilo, HI, USA",, ,A1
19970412-1,12-APR-1997,DC-9-51,9G-ACM,Ghana Airways,0,Abidjan Airp...,,,A1
19970413-1,13-APR-1997,Antonov An-12B,RA-11122,Avia,0,Verkhnevilyu...,,,A1
19970414-0,14-APR-1997,Fokker F-27 Friendship 600,D2-TFP,TAAG,3,Brazzaville-...,,,A1
19970415-0,15-APR-1997,Douglas DC-3, ,Unknown,0,Kinshasa-N'D...,, ,H2
19970416-0,16-APR-1997,Lockheed C-130H Hercules,5U-MBD,Niger Armed Forces,14,near Niamey Airpo...,, ,A1
19970416-1,16-APR-1997,Beech RC-12N Huron,89-0272,US Army,2,Ossabaw Isla...,, ,A1
19970419-0,19-APR-1997,BAe ATP,PK-MTX,Merpati Nusantara,15,near Tanjung Pand...,, ,A1
19970420-0,20-APR-1997,Lockheed PV-2 Harpoon,N6856C,Hirth Air Tankers,2,"Blandburg, PA",, ,A1
19970424-0,24-APR-1997,Bristol 170 Freighter 31,C-FTPA,Hawkair Aviation Services,0,Bronson Cree...,,,A1
19970430-0,30-APR-1997,Cessna 208 Caravan I,N9825F,TransNorthern Aviation,2,near Kâmpóng Chhnang,, ,A1
19970502-0,02-MAY-1997,Dornier 228-201,SX-BHG,Olympic Aviation,0,Paros Airpor...,,,A1
19970502-1,02-MAY-1997,Boeing 747-357,HB-IGE,Swissair,0,Zürich-Klote...,, ,A2
19970506-0,06-MAY-1997,Fokker F-27 Friendship 500,G-CEXA,Channel Express,0,Jersey-State...,, ,A2
19970508-0,08-MAY-1997,Boeing 737-31B,B-2925,China Southern,35,Shenzhen Air...,,,A1
19970510-0,10-MAY-1997,Beech 200C Super King Air,ZS-LNV,South African Police,0,Steynsburg,, ,A1
19970512-0,12-MAY-1997,Airbus A300B4-605R,N90070,American Airlines,0,near West Palm Be...,, ,A2
19970514-0,14-MAY-1997,Saab 340B,EC-GFM,Regional Lineas Aéreas,0,Porto-Franci...,,,A1
19970515-0,15-MAY-1997,Yakovlev Yak-40,4K-87504,Azerbaijan Airlines,6,near Gyandzha Air...,, ,A1
19970516-0,16-MAY-1997,Learjet 35A,N1AH,First Air Jet Charter,0,Great Falls ...,, ,A1
19970516-1,16-MAY-1997,Rockwell Sabreliner 40,XA-TFC,Jett Paqueteria,3,near Monterrey-Ae...,, ,A1
19970516-2,16-MAY-1997,Swearingen SA226-TC Metro II,VH-WGV,Jetcraft,0,Emerald Airp...,, ,A2
19970520-0,20-MAY-1997,Rockwell 1121B Jet Commander,N1121F,private,4,near La Carbonera,, ,A1
19970521-0,21-MAY-1997,Embraer EMB-120RT Brasilia,N198SW,SkyWest Airlines,0,San Diego In...,, ,A2
19970522-0,22-MAY-1997,Convair T-29B (CV-240),N355T,Dodita Air Cargo,0,near Luquillo,,,A1
19970522-1,22-MAY-1997,IPTN/CASA CN-235-10,PK-XNT,IPTN,6,near Gorda AFB,, ,A1
19970522-2,22-MAY-1997,Boeing 767-33AER,I-DEIL,Alitalia,0,Newark Inter...,, ,A2
19970528-0,28-MAY-1997,Beech 200 Super King Air,D2-ECL,SAL  Sociedade de Aviaçao Ligeira,0,near Luanda Airpo...,, ,A1
19970531-0,31-MAY-1997,DHC-6 Twin Otter 300,9N-ABQ,Royal Nepal Airlines,0,Phaplu Airpo...,, ,A2
19970599-0,??-MAY-1997,Lockheed C-130A Hercules,55-0035,Mexican AF,,,, ,U1
19970602-0,02-JUN-1997,Boeing 747 or 777, ,Air China,0,Wuhan Airpor...,, ,H2
19970606-0,06-JUN-1997,Vickers 781D Viscount,9Q-CWL,Bazair,23,near Irumu,, ,A1

19971204-0,04-DEC-1997,Beech 99,C-GXBE,Bearskin Airlines,0,Webequie Air...,, ,A1
19971206-0,06-DEC-1997,Antonov An-124-100,RA-82005,Russian AF,23+ 45,near Irkutsk-2 Ai...,,,A1
19971207-0,07-DEC-1997,Fokker F-27 Friendship 500F,G-BNCY,Air UK,0,Guernsey Air...,,,A1
19971207-1,07-DEC-1997,Beech A100 King Air,C-GILM,Voyageur Airways,0,Sioux Lookou...,, ,A1
19971209-0,09-DEC-1997,Embraer EMB-110P1 Bandeirante,C-GVRO,Sowind Air,4,Little Grand...,,,A1
19971209-1,09-DEC-1997,Fokker F-28 Fellowship 4000,PK-MSV,Merpati Nusantara,0,Pontianak-Su...,, ,A2
19971210-0,10-DEC-1997,Ilyushin Il-62, ,"Rossiya, op.for Magma Airlines",0,Moskva-Shere...,, ,H2
19971210-1,10-DEC-1997,Beech A100 King Air,N30SA,Spitfire Sales And Leasing,1,Charlotte-Do...,, ,A1
19971211-0,11-DEC-1997,Antonov An-12BP,RA-12105,Russian AF,0,Naryan-Mar A...,, ,A1
19971213-0,13-DEC-1997,Swearingen SA226-TC Metro II,CP-1635,"SAVE, lsf STAP",10,La Vertiente,, ,A1
19971215-0,15-DEC-1997,Tupolev Tu-154B-1,EY-85281,Tajikistan Airlines,85,near Sharjah Airp...,,,A1
19971216-0,16-DEC-1997,Canadair CRJ-100ER,C-FSKI,Air Canada,0,Fredericton ...,, ,A1
19971217-0,17-DEC-1997,Yakovlev Yak-42,UR-42334,"Lvovskie avialinii, op.for AeroSvit Airlines",70,near Thessaloniki,,,A1
19971217-1,17-DEC-1997,Ilyushin Il-18V,RA-75554,Ramaer Cargo,0,Johannesburg...,,,A1
19971218-0,18-DEC-1997,Vickers VC10 C.1K,XR806,RAF,0,Brize Norton...,,,O1
19971219-0,19-DEC-1997,Boeing 737-36N,9V-TRF,Silkair,104,near Palembang,,,C1
19971220-0,20-DEC-1997,Douglas C-47 (DC-3),XA-CUC,ACAPSA,,near Guerrero Negro,,,A1
19971220-1,20-DEC-1997,Lockheed C-130H Hercules,750,Hellenic AF,5,Pastra Mountain,, ,A1
19971220-2,20-DEC-1997,Boeing 737-3K9,EC-ELY,Viva Air,0,Genève-Coint...,, ,A2
19971221-0,21-DEC-1997,Beech A100 King Air,N100BE,Aviation Charter,2,Colorado Spr...,,,A1
19971222-0,22-DEC-1997,Fokker F-28 Fellowship 4000,S2-ACJ,Biman Bangladesh,0,near Sylhet Civil...,,,A1
19971222-1,22-DEC-1997,Antonov An-72,ER-ACF,Renan,5,between Abid...,,,A1
19971222-2,22-DEC-1997,Airbus A300?, ,China Eastern,1,Xiamen Airpo...,, ,H2
19971224-0,24-DEC-1997,Boeing 757-2K2,PH-TKC,Transavia Airlines,0,Amsterdam-Sc...,, ,A2
19971228-0,28-DEC-1997,Boeing 747-122,N4723U,United Airlines,1,near Tokyo,,,A1
19971231-0,31-DEC-1997,Swearingen SA227-AC Metro III,CP-2321,Aerosur,0,Trinidad Air...,,,A1
19971231-1,31-DEC-1997,BN-2A Islander,HP-986PS,PARSA,10,near Rio Sidra Ai...,, ,A1
19979999-0,??-???-1997,Fokker F-27 Friendship 200,10210,Philippine AF,,,, ,A1
19979999-1,??-???-1997,CASA C-212 Aviocar 200,801,Zimbabwe AF,,Harare ?,, ,A1
19979999-2,??-???-1997,Cessna 208B Grand Caravan,PT-MEQ,Brasil Central,,São Paulo-Co...,, ,U1
19979999-3,??-???-1997,Hawker Siddeley HS-125-600A,XA-NTE,Servicios Aéreos del Sol,0,Monterrey-Ge...,, ,O1
19979999-4,??-???-1997,Antonov An-26,7711,Sudan AF,0,Gogrial,,,C1
19979999-5,??-???-1997,Curtiss C-46F,CP-1280,TAVIC,0,eastern Bolivia,,,A1
19979999-6,??-???-1997,BN-2A-21 Islander,HI-551CA,Air Taxi,,Haina ?,, ,U1
