identifiant,date,type,registration,operator,fat.,location, ,pic,cat

19421129-2,29-NOV-1942,Douglas C-47 (DC-3),41-7855,USAAF,,Mocta Douz,, ,A1
19421130-0,30-NOV-1942,Lockheed 18 Lodestar,VHCAH,"Australian CAA, op.for ANA",,Buna,, ,A1
19421201-1,01-DEC-1942,Short S.23 Empire Flying Boat Mk I,G-AETX,BOAC,,Durban,, ,O1
19421203-0,03-DEC-1942,Douglas C-47 (DC-3),41-18571,USAAF,,Popondetta,, ,A1
19421205-0,05-DEC-1942,Douglas C-47 (DC-3),41-18494,USAAF,12,near Montgomery-M...,, ,A1
19421206-0,06-DEC-1942,Douglas C-48B (DC-3),42-38324,USAAF,,within Texas,, ,A1
19421207-0,07-DEC-1942,Douglas C-47 (DC-3),41-18453,USAAF,,unknown,, ,A1
19421208-0,08-DEC-1942,Lisunov Li-2,CCCP-L5805,Aeroflot / Uzbekistan,8,Mount Menshy...,, ,A1
19421209-0,09-DEC-1942,Consolidated C-87,41-11707,USAAF,10,near Ascension Is...,, ,A1
19421209-1,09-DEC-1942,Douglas DC-3-194F,D-ABBF,Deutsche Lufthansa,0,Madrid-Baraj...,,,A1
19421211-0,11-DEC-1942,Douglas C-32A (DC-2),42-57228,USAAF,0,West Palm Be...,, ,A1
19421211-1,11-DEC-1942,Douglas DC-3-391,VHCDI,ADAT,,Popondetta,, ,A1
19421211-2,11-DEC-1942,Douglas C-47 (DC-3),41-7841,USAAF,,unknown,, ,U1
19421212-0,12-DEC-1942,Douglas C-39 (DC-2),38-514,USAAF,8,"near Louisville, IN",, ,A1
19421213-0,13-DEC-1942,Consolidated PBY-5A Catalina,05027,US Navy,6,near Mokapuu Poin...,, ,A1
19421213-1,13-DEC-1942,Consolidated PBY-5A Catalina,02966,US Navy,0,near Australia,, ,A1
19421214-0,14-DEC-1942,Junkers Ju 52/3m, ,German AF,7,near Sicily,, ,A1
19421214-1,14-DEC-1942,Consolidated PBY-5A Catalina,7245,US Navy,,"near Natal, Brazil",, ,A1
19421214-2,14-DEC-1942,Tupolev ANT-20bis,CCCP-L760,Aeroflot / Uzbekistan,36,near Tashkent,, ,A1
19421215-1,15-DEC-1942,Douglas DC-3A-191,NC16060,Western Air Lines,17,"near Fairfield, UT",, ,A1
19421216-0,16-DEC-1942,Douglas C-53 Skytrooper (DC-3),42-47379,USAAF,,"Blythe AAB, CA ",, ,A1
19421217-0,17-DEC-1942,Consolidated PBY-5 Catalina,08135,US Navy,7,Pacific Ocean,, ,A1
19421218-1,18-DEC-1942,Junkers Ju-52/3m,OY-DAL,DDL,2,near Wien-Aspern ...,, ,A1
19421219-1,19-DEC-1942,Lockheed 18 Lodestar,248,South African AF,12,near Kisumu Airpo...,, ,A1
19421220-0,20-DEC-1942,Douglas C-53 Skytrooper (DC-3),41-20098,USAAF,,,, ,A1
19421220-2,20-DEC-1942,Lockheed 14-H2 Super Electra,CF-CPD,Canadian Pacific,13,"near Vancouver, BC",, ,A1
19421221-1,21-DEC-1942,Consolidated PBY-5A Catalina,7285,US Navy,,near Alaska,, ,A1
19421222-0,22-DEC-1942,Consolidated C-87,41-11742,USAAF,,New York-La ...,, ,A1
19421222-1,22-DEC-1942,Lisunov PS-84,CCCP-L3903,Aeroflot / Uralsk,10,near Yanaul,, ,A1
19421222-2,22-DEC-1942,Douglas C-47 (DC-3),41-18674,USAAF,5,"near Fairfield, CA",, ,A1
19421227-1,27-DEC-1942,Consolidated PBY-5A Catalina,04402,US Navy,9,near Reykjavík/Ke...,,,A1
19421230-0,30-DEC-1942,Consolidated Catalina IB (PBY-5B),FP239,RAF,11,"Omagh, Reagh...",, ,A1
19421231-0,31-DEC-1942,Consolidated PBY-5A Catalina,08100,US Navy,7,"near Heceta Head, OR",, ,A1
19421299-2,??-DEC-1942,Junkers Ju-52/3m, ,German AF,,Pitomnik,, ,A1
19429999-0,??-???-1942,Douglas DC-2-115E,NA+LD,German AF,,near Dno,,,C1
19429999-10,??-???-1942,Junkers Ju-52/3m,D-AHFN,German AF,,,, ,A1
19429999-13,??-???-1942,Junkers Ju-52/3mge4,D-AGEP,German AF,,,, ,A1
19429999-14,??-???-1942,Junkers Ju-52/3m,D-AGBI,German AF,,,, ,A1
19429999-15,??-???-1942,Junkers Ju-52/3mte,D-ARDS,German AF,,,, ,A1
19429999-16,??-???-1942,Junkers Ju-52/3mge, ,German AF,,,, ,A1
19429999-17,??-???-1942,Junkers Ju-52/3mge,D-ABVF,German AF,,,, ,A1
19429999-19,??-???-1942,Junkers Ju-52/3mg4e,D-AXFH,German AF,,,, ,A1
19429999-2,??-???-1942,Consolidated 28-2 Catalina, ,Soviet Navy,,,, ,A1
19429999-3,??-???-1942,Junkers Ju-52/3mfe, ,German AF,,,, ,A1
19429999-4,??-???-1942,Douglas R4D-1 (DC-3),4696,USMC,,unknown,, ,A1
19429999-5,??-???-1942,Junkers Ju-52/3mge, ,German AF,,,, ,A1
19429999-6,??-???-1942,Junkers Ju-52/3m, ,German AF,,,, ,A1
19429999-7,??-???-1942,Junkers Ju-52/3mge, ,German AF,,,, ,A1
19429999-8,??-???-1942,Junkers Ju-52/3mfe, ,German AF,,,, ,A1
19429999-9,??-???-1942,Junkers Ju-52/3mg4e,D-ASLG,German AF,,,, ,A1

19420905-0,05-SEP-1942,Consolidated PBY-5 Catalina,04476,US Navy,,Amlia Island...,, ,A1
19420907-0,07-SEP-1942,Consolidated PBY-5 Catalina,2376,US Navy,,Key West NAS...,, ,A1
19420907-1,07-SEP-1942,Douglas DC-3A-228,XA-CAB,Mexicana,,Nuevo Laredo,, ,A1
19420907-2,07-SEP-1942,Short Sunderland,W3927,RAF,7,near Abu Qir,, ,A1
19420913-0,13-SEP-1942,Douglas C-52C (DC-3-402),41-7701,USAAF,0,Big Springs ...,, ,A1
19420913-1,13-SEP-1942,DH.95 Flamingo,G-AFYI,BOAC,,Adana,, ,A1
19420914-1,14-SEP-1942,Douglas DC-2-112,A30-5,RAAF,5,Port Moresby...,, ,A1
19420915-0,15-SEP-1942,DH.86 Express,HX789,RAF,,Cochin Airpo...,, ,A1
19420916-0,16-SEP-1942,Douglas C-53-DO (DC-3),42-15872,USAAF,,Fayetteville...,, ,A1
19420916-4,16-SEP-1942,Douglas C-47 (DC-3),41-18379,USAAF,,Fayetteville...,, ,O1
19420918-0,18-SEP-1942,Lockheed 18 Lodestar I,AX687,RAF,0,Bilbeis RAF ...,, ,A1
19420919-0,19-SEP-1942,Douglas C-47 (DC-3),41-18485,USAAF,7,"near Blairstown, NJ",, ,A1
19420921-1,21-SEP-1942,Consolidated PBY-5A Catalina,7247,US Navy,,Great Exuma NAS,, ,A1
19420922-0,22-SEP-1942,Consolidated Catalina IIIA (PBY-5A),FP525,RAF,0,near Jan Mayen,, ,C1
19420923-0,23-SEP-1942,Douglas C-53-DO (DC-3),41-20112,USAAF,,between Kunm...,, ,A1
19420924-0,24-SEP-1942,Short S.30 Empire Flying Boat,G-AFCZ,BOAC,19,"near M'bour, Senegal",, ,A1
19420925-0,25-SEP-1942,Consolidated PBY-2 Catalina,0488,US Navy,,Pensacola NA...,, ,A1
19420927-1,27-SEP-1942,Douglas DC-2-118B,AX769,RAF,0,Lahore Airpo...,, ,A1
19420927-2,27-SEP-1942,Dewoitine D.342,F-ARIZ,Air France,25,Ameur-el-Aïn,, ,A1
19420928-0,28-SEP-1942,Lockheed 18 Lodestar,PP-PBG,Panair do Brasil,15,Pedra Branca...,, ,A1
19420928-1,28-SEP-1942,Consolidated PBY-5 Catalina,04477,US Navy,,Atka Airport...,, ,A1
19420929-0,29-SEP-1942,Junkers Ju-52/3m, ,German AF,1,near Mersa Matruh,, ,C1
19420930-0,30-SEP-1942,Short Sunderland,T9050,RAF,3,near Abu Qir,, ,A1
19421001-1,01-OCT-1942,Douglas C-39 (DC-2),38-524,USAAF,22,near Coamo,, ,A1
19421003-1,03-OCT-1942,Vought-Sikorsky VS-44,NC41880,American Export Airlines,11,"Botwood, NL",, ,A1
19421007-0,07-OCT-1942,Lockheed C-111 Super Electra,44-83235,USAAF,0,Rockhampton ...,, ,A1
19421009-0,09-OCT-1942,Douglas R4D-1 (DC-3),01981,US Navy,8,within New Caledonia,, ,A1
19421010-0,10-OCT-1942,Douglas C-53 (DC-3),52,CNAC,,Dinjan Airport,, ,A1
19421011-0,11-OCT-1942,Lockheed 18 Lodestar,VHCAE,Australian CAA,,Brisbane-Arc...,, ,A1
19421015-0,15-OCT-1942,Douglas C-49E (DC-3-DST),42-43619,USAAF,,"Knobnoster, MO",, ,A1
19421016-0,16-OCT-1942,Douglas C-47 (DC-3),41-18585,USAAF,3,near Bodinumu,, ,A1
19421019-0,19-OCT-1942,Douglas C-53B Skytrooper (DC-3),41-20047,USAAF,,Fort Randall...,, ,A1
19421020-0,20-OCT-1942,Consolidated PBY-3 Catalina,0907,US Navy,2,Corpus Chris...,, ,A1
19421022-0,22-OCT-1942,Lockheed Lodestar II,EW984,RAF,13,Bilbeis RAF ...,, ,A1
19421022-1,22-OCT-1942,Junkers Ju-52/3m,D-AYGX,Deutsche Lufthansa,17,near Bukovac,, ,A1
19421022-2,22-OCT-1942,Junkers Ju-52/3mg4e,9P+ES,German AF,4,near Tanndorf,, ,A1
19421023-1,23-OCT-1942,Douglas DC-3-178,NC16017,American Airlines,12,near Palm Springs...,, ,A1
19421023-2,23-OCT-1942,Lockheed B-34 Lexington,41-38116,USAAF,0,near Palm Springs...,, ,A2
19421030-1,30-OCT-1942,Junkers Ju-52/3mge,7U+LK,German AF,2,"Overlihogda,...",, ,A1
19421031-1,31-OCT-1942,Junkers G.31go,A44-1,RAAF,0,Laverton Air...,, ,A1
19421099-1,??-OCT-1942,Douglas DC-3 (Nakajima L2D),J-BIOG,Imperial Japanese Airways,,Cebu Island,, ,A1
19421101-0,01-NOV-1942,Douglas C-51 (DC-3-270C),41-7702,USAAF,0,"Mullins, SC",, ,A1
19421102-1,02-NOV-1942,Consolidated OA-10 Catalina (PBY-5),43-2366,USAAF,5,Longue-Point...,, ,A1
19421103-0,03-NOV-1942,Junkers Ju-52/3m, ,German AF,5,Monte Calino,, ,A1
19421104-0,04-NOV-1942,Douglas C-49H (DC-3),LR232,RAF,,near Allahabad,, ,A1
19421104-1,04-NOV-1942,Douglas DC-3-209A,NC18951,TWA,0,"near Kansas City, MO",, ,A1
19421104-2,04-NOV-1942,Douglas C-53,41-20116,USAAF,0,"near Kansas City, MO",, ,A2
19421105-0,05-NOV-1942,Douglas C-53 Skytrooper (DC-3),42-15569,USAAF,0,East Coast,, ,A1
19421105-1,05-NOV-1942,Junkers Ju-52/3mg4e,7U+FK,German AF,5,"Rendalen, He...",, ,A1
19421105-2,05-NOV-1942,Douglas C-47 (DC-3),41-38615,USAAF,8,near Natunga,, ,A1
19421105-4,05-NOV-1942,Consolidated Catalina IIIA (PBY-5A),FP535,RAF,9,near Reykjavík,, ,A1
19421106-0,06-NOV-1942,Consolidated PBY-5 Catalina,04454,US Navy,,Manzanillo Bay,, ,A1
19421106-1,06-NOV-1942,Douglas DC-5-511,VHCXB,ADAT,0,Lurnea Sidin...,, ,A1
19421106-2,06-NOV-1942,Douglas C-49D (DC-3),42-68860,USAAF,,"near Memphis, TN",, ,A1
19421107-0,07-NOV-1942,Consolidated PBY-5A Catalina,02968,US Navy,,Wallis Island,, ,A1
19421108-0,08-NOV-1942,Douglas C-47 (DC-3),41-18355,USAAF,,near Spain,, ,A1
19421108-2,08-NOV-1942,Douglas C-47 (DC-3),41-7814,USAAF,,Sebkra,, ,C1
19421109-0,09-NOV-1942,Fiat G.12LGA,I-FELI,LATI,0,near Crete,, ,A1
19421109-2,09-NOV-1942,Douglas C-47 (DC-3),41-18587,USAAF,,Espirítu Santo,, ,A1
19421110-0,10-NOV-1942,Douglas C-47 (DC-3),41-18564,USAAF,17,Mount Obree,,,A1
19421110-2,10-NOV-1942,Douglas C-47 (DC-3),41-18613,USAAF,3,"near Lockhart, SC",, ,A1
19421111-0,11-NOV-1942,Douglas C-47 (DC-3),41-7856,USAAF,,Gibraltar-No...,, ,A1
19421111-1,11-NOV-1942,Junkers Ju-52/3mge,EC-AAF,Iberia,,Las Palmas,, ,U1
19421111-2,11-NOV-1942,Douglas C-47 (DC-3),41-18353,USAAF,0,"near Lisbon, Port...",, ,A1
19421112-0,12-NOV-1942,Douglas C-50C,41-7695,USAAF,0,"near Cooktown, QLD",, ,A1
19421113-0,13-NOV-1942,Short Sunderland II,W6054,RAF,5,Plymouth Sound,, ,A1
19421113-1,13-NOV-1942,Junkers Ju-52/3mg5e,7U+FH,German AF,6,"Masfjord, Ho...",, ,A1
19421113-2,13-NOV-1942,Consolidated PBY-5A Catalina,7274,US Navy,,Casablanca,, ,A1
19421113-3,13-NOV-1942,Consolidated PBY-5A Catalina,7272,US Navy,1,Lake Washing...,, ,A1
19421113-4,13-NOV-1942,Douglas C-47 (DC-3),41-18469,USAAF,,Mediterranea...,, ,A1
19421113-6,13-NOV-1942,Junkers Ju-52/3m,G6+AZ,German AF,20,near Trapani,, ,A1
19421113-8,13-NOV-1942,Junkers Ju-52/3m,G6+AS,German AF,3,between Tuni...,, ,C1
19421113-9,13-NOV-1942,Junkers Ju-52/3m,G6+FN,German AF,2,between Tuni...,, ,C1
19421114-0,14-NOV-1942,Junkers Ju-52/3m, ,German AF,4,near Kazanlak,, ,A1
19421115-0,15-NOV-1942,Savoia-Marchetti SM-75C,I-TELO,LATI,4,between Tuni...,, ,C1
19421116-0,16-NOV-1942,Fiat G.18,I-ETNA,ALI,0,near Milano,, ,A1
19421116-3,16-NOV-1942,Douglas C-53-DO (DC-3),42-47382,USAAF,,Algiers-Mais...,, ,C1
19421117-0,17-NOV-1942,Douglas C-47 (DC-3),60,CNAC,3,"near Dali, Yunnan...",, ,A1
19421117-1,17-NOV-1942,Lisunov PS-84,CCCP-L3965,Aeroflot,20,Krasnoyarsk ...,, ,A1
19421117-2,17-NOV-1942,Curtiss BT-32 Condor II,651,Colombian AF,0,"Pinto, Magda...",, ,A1
19421118-0,18-NOV-1942,DH.95 Flamingo,G-AFYG,BOAC,,Addis Ababa ...,, ,A1
19421118-1,18-NOV-1942,Douglas DC-3A-191,NC16064,"United Airlines, op.for USAAF",,Dayton-Wrigh...,, ,A1
19421118-2,18-NOV-1942,Douglas C-47 (DC-3),41-18378,USAAF,,Tébessa Airp...,, ,A1
19421119-0,19-NOV-1942,Douglas C-47 (DC-3),41-18389,USAAF,,Tébessa Airp...,, ,A1
19421120-0,20-NOV-1942,Douglas C-47 (DC-3),41-18369,USAAF,,Algiers-Mais...,, ,C1
19421120-2,20-NOV-1942,Douglas C-49-DO (DC-3),41-7685,USAAF,,Popondetta,, ,A1
19421121-0,21-NOV-1942,Ford 4-AT-B Tri-Motor,NC6892,Atlantic Airmotive,2,"Billings, MT",, ,A1
19421123-0,23-NOV-1942,Lockheed C-57 Lodestar,41-19731,USAAF,0,"Clinton, MD",, ,A1
19421123-1,23-NOV-1942,Savoia-Marchetti SM-75,I-MAGA,Ala Littoria,4,Mediterranea...,, ,A1
19421124-0,24-NOV-1942,Ford 5-AT-C Tri-Motor,A45-1,RAAF,0,Myola Lake,, ,A1
19421124-2,24-NOV-1942,Douglas C-47 (DC-3),41-38628,USAAF,,Popondetta,, ,C1
19421125-0,25-NOV-1942,Douglas DC-2-171,A30-10,RAAF,0,Mallacoota A...,, ,A1
19421126-0,26-NOV-1942,Douglas C-53 Skytrooper (DC-3),41-20065,USAAF,,"St Joseph, MO ",, ,A1
19421126-1,26-NOV-1942,Consolidated PBY-5 Catalina,2407,US Navy,1,"Exmouth, WA",, ,A1
19421126-2,26-NOV-1942,Consolidated PBY-5A Catalina,02951,US Navy,9,"near Oahu Island,...",, ,A1
19421126-3,26-NOV-1942,Short Sunderland I,DD851,RAF,11,"near Invergordon,...",, ,A1
19421126-4,26-NOV-1942,Douglas C-47 (DC-3),41-18560,USAAF,,Port Moresby...,, ,A1
19421126-5,26-NOV-1942,Douglas C-47 (DC-3),41-38631,USAAF,4,near Dobodura,, ,C1
19421128-0,28-NOV-1942,Douglas C-47 (DC-3),41-38635,USAAF,8,near Iliamna Lake...,, ,A1
19421129-0,29-NOV-1942,Douglas C-39 (DC-2),38-516,USAAF,2,"Bethel, CT",, ,A1

19420109-0,09-JAN-1942,Consolidated PBY-5 Catalina,2368,US Navy,,Galapagos Is...,, ,A1
19420110-1,10-JAN-1942,Consolidated PBY-5 Catalina,Y-58,Dutch Navy,6,near Kema,, ,A1
19420111-0,11-JAN-1942,Consolidated PBY-5 Catalina,2452,US Navy,3,Pearl Harbor...,, ,A1
19420113-0,13-JAN-1942,Lisunov PS-84,CCCP-L3438,Aeroflot,2,near Smelovka,, ,A1
19420113-1,13-JAN-1942,Douglas C-33 (DC-2),36-72,USAAF,0,Selma-Craig ...,, ,A1
19420113-2,13-JAN-1942,Junkers Ju-52/3mg4e,G6+GW,German AF,9,near Odessa,, ,A1
19420113-3,13-JAN-1942,Junkers Ju-52/3m,D-AXAT,German AF,,,, ,A1
19420114-2,14-JAN-1942,Junkers Ju-52/3mge, ,German AF,0,København-Ka...,, ,A1
19420115-0,15-JAN-1942,Consolidated PBY-5 Catalina,2326,US Navy,0,Fossvogur,, ,O1
19420115-1,15-JAN-1942,Consolidated PBY-5 Catalina,2331,US Navy,0,Fossvogur,, ,O1
19420115-2,15-JAN-1942,Consolidated PBY-5 Catalina,2337,US Navy,0,Fossvogur,, ,O1
19420115-3,15-JAN-1942,Consolidated PBY-5 Catalina,A24-11,RAAF,9,Kavieng Harbour,, ,A1
19420115-4,15-JAN-1942,Short Sunderland I,L2163,RAF,0,"Stranraer, K...",, ,O1
19420116-0,16-JAN-1942,Douglas DC-3-382,NC1946,TWA,22,"near Las Vegas, NV",, ,A1
19420119-0,19-JAN-1942,Consolidated Catalina I (PBY-5),Z2148,RAF,7,"South Yell, ...",, ,A1
19420121-0,21-JAN-1942,Ford 4-AT-E Tri-Motor,VH-USX,Guinea Airways,0,Salamaua Air...,, ,C1
19420121-1,21-JAN-1942,Junkers G.31go,VH-UOV,Bulolo Gold Dredging Co,0,Bulolo Airpo...,, ,C1
19420121-2,21-JAN-1942,Junkers G.31ba,VH-URQ,Guinea Airways,0,Bulolo Airpo...,, ,C1
19420121-3,21-JAN-1942,Junkers G.31go,VH-UOU,Bulolo Gold Dredging Co,0,Bulolo Airpo...,, ,C1
19420121-4,21-JAN-1942,Consolidated PBY-5 Catalina,A24-8,RAAF,3,near Salamaua,, ,C1
19420121-5,21-JAN-1942,Consolidated PBY-5 Catalina,A24-9,RAAF,8,near Salamaua,, ,C1
19420121-6,21-JAN-1942,Avro 642 Eighteen,VH-UXD,Mandated Airines,0,Salamaua,,,C1
19420124-1,24-JAN-1942,Douglas DC-3-194C,PK-AFW,KNILM,0,"near Samarinda, D...",, ,C1
19420125-0,25-JAN-1942,Lisunov PS-84,CCCP-L3479,Aeroflot,0,near Molotov Airp...,, ,A1
19420128-1,28-JAN-1942,Douglas DC-2-112,A30-8,RAAF,0,near Flores Island,, ,C1
19420130-0,30-JAN-1942,Consolidated PBY-5 Catalina,2314,US Navy,,"Alameda NAS,...",, ,A1
19420130-1,30-JAN-1942,Consolidated PBY-5 Catalina,2413,US Navy,,Pacific,, ,A1
19420130-2,30-JAN-1942,Short S.23 Empire Flying Boat Mk I,G-AEUH,"BOAC, op.for Qantas Empire Airways",13,near Timor,,,C1
19420131-0,31-JAN-1942,Douglas R3D-2 (DC-5),1904,USMC,,near Australian c...,, ,C1
19420131-1,31-JAN-1942,Douglas DC-2-120,DG474,RAF,0,Yangon-Minga...,, ,C1
19420131-2,31-JAN-1942,Curtiss BT-32 Condor II,653,Colombian AF,0,near Villavicencio,, ,A1
19420204-0,04-FEB-1942,Douglas C-53-DO (DC-3),41-20051,USAAF,0,Bathurst Isl...,, ,A1
19420206-0,06-FEB-1942,Short S.25 Sunderland, ,RAF,12,near Rosann Point...,, ,A1
19420208,08-FEB-1942,Junkers Ju-52/3m,G6+GY,German AF,5,between Juch...,, ,A1
19420212-1,12-FEB-1942,Junkers Ju-52/3m,SG+BM,German AF,,,, ,A1
19420214-0,14-FEB-1942,Lockheed 14-H2 Super Electra,VH-ADS,private,2,near Cairns Airpo...,, ,A1
19420214-1,14-FEB-1942,Consolidated PBY-5 Catalina,2309,US Navy,,,, ,A1
19420214-2,14-FEB-1942,Consolidated PBY-5 Catalina,2321,US Navy,,,, ,A1
19420214-3,14-FEB-1942,Consolidated PBY-5 Catalina,2304,US Navy,,,, ,A1
19420216-0,16-FEB-1942,Consolidated PBY-5A Catalina,2469,US Navy,7,Elk Horn Mou...,, ,A1
19420217-0,17-FEB-1942,Consolidated PBY-5 Catalina,2345,US Navy,8,"Kaneohe Bay, HI",, ,A1
19420217-1,17-FEB-1942,DH.86A Express,X9441,RAF,,Hendon Airpo...,, ,A1
19420219-0,19-FEB-1942,Consolidated PBY-4 Catalina,1214,US Navy,,"Darwin, NT",, ,C1
19420219-1,19-FEB-1942,Consolidated PBY-4 Catalina,1233,US Navy,,"Darwin, NT",, ,C1
19420219-2,19-FEB-1942,Consolidated PBY-5 Catalina,2306,US Navy,0,near Melville Isl...,, ,A1
19420219-3,19-FEB-1942,Consolidated PBY-5A Catalina,04408,US Navy,,"Aleutians, AK",, ,A1
19420219-4,19-FEB-1942,Fokker F.XII,PK-AFI,KNILM,0,Semplak,, ,O1
19420220-0,20-FEB-1942,Lockheed 18 Lodestar,LT-922,Netherlands East Indies AF,0,Brisbane-Arc...,, ,O1
19420220-1,20-FEB-1942,DH.86 Express,VH-USE,Qantas,9,near Brisbane-Arc...,,,A1
19420220-2,20-FEB-1942,DH.86A Express,N6246,Royal Navy,0,,, ,O1
19420223-0,23-FEB-1942,Consolidated PBY-5A Catalina,2483,US Navy,,Oregon Inlet...,, ,A1
19420223-1,23-FEB-1942,Consolidated PBY-5 Catalina,Y-47,Dutch Navy,5,Tanjung Prio...,, ,A1
19420224-1,24-FEB-1942,Consolidated PBY-5 Catalina,A24-13,RAAF,8,near Rabaul,, ,A1
19420224-2,24-FEB-1942,Junkers Ju-52/3m, ,German AF,,,, ,A1
19420225-2,25-FEB-1942,Junkers Ju-52/3m,9 P C-N-P-R-,German AF,11,Wiesciszowice,, ,A1
19420226-0,26-FEB-1942,Douglas C-53 Skytrooper (DC-3),41-20066,USAAF,0,"near Truscott, WA",,,A1
19420226-1,26-FEB-1942,Douglas DC-3-194B,PK-AFZ,KNILM,0,Tanjung Batu...,, ,A1
19420227-0,27-FEB-1942,Consolidated PBY-5 Catalina,Y-63,Dutch Navy,0,near Sumatra,, ,C1
19420227-1,27-FEB-1942,Curtiss T-32C Condor II,FAH-7,Honduras AF,5,La Másica Mt...,, ,A1
19420227-2,27-FEB-1942,Short S.23 Empire Flying Boat Mk I,A18-12,RAAF,7,Townsville S...,, ,A1
19420228-1,28-FEB-1942,Junkers Ju-52/3mge,PP-VAL,Varig,6,near Porto Alegre...,, ,A1
19420228-2,28-FEB-1942,Short S.23 Empire Flying Boat Mk I,G-AETZ,"BOAC, op.for Qantas Empire Airways",22,"near Cilacap, Jav...",, ,C1
19420299-0,??-FEB-1942,Douglas DC-2-120,DG478,RAF,0,Chittagong A...,, ,A1
19420302-1,02-MAR-1942,Douglas DC-3-313,NC21788,Pennsylvania-Central Airlines,0,Detroit City...,, ,A2
19420303-0,03-MAR-1942,Lockheed 18 Lodestar,LT-918,Netherlands East Indies AF,0,Broome Airpo...,, ,C1
19420303-1,03-MAR-1942,Consolidated PBY-4 Catalina,1237,US Navy,,"Broome, WA",, ,C1
19420303-10,03-MAR-1942,Douglas DC-3-194B,PK-AFV,KNILM,4,"Carnot Bay, WA",, ,C1
19420303-11,03-MAR-1942,Short S.23 Empire Flying Boat Mk I,G-AEUC,BOAC,,"Broome, WA",, ,C1
19420303-2,03-MAR-1942,Consolidated PBY-4 Catalina,1227,US Navy,,"Broome, WA",, ,C1
19420303-3,03-MAR-1942,Consolidated 28-5MNE Catalina,W8433,RAF,,"Broome, WA",, ,C1
19420303-4,03-MAR-1942,Consolidated 28-5MNE Catalina,FV-W,RAF,,"Broome, WA",, ,C1
19420303-5,03-MAR-1942,Consolidated PBY-5 Catalina,Y-59,Dutch Navy,,"Broome, WA",, ,C1
19420303-6,03-MAR-1942,Consolidated PBY-5 Catalina,Y-60,Dutch Navy,,"Broome, WA",, ,C1
19420303-7,03-MAR-1942,Consolidated PBY-5 Catalina,Y-67,Dutch Navy,,"Broome, WA",, ,C1
19420303-8,03-MAR-1942,Consolidated PBY-5 Catalina,Y-70,Dutch Navy,,"Broome, WA",, ,C1
19420303-9,03-MAR-1942,Douglas DC-3-194B,PK-ALO,KNILM,0,Broome Airpo...,, ,C1
19420305-0,05-MAR-1942,Douglas C-39 (DC-2),38-525,USAAF,7,"near Port Sewall, FL",, ,A1
19420308-0,08-MAR-1942,Ford 4-AT-E Tri-Motor,NC9613,Aircraft Export Corporation,0,Corpus Chris...,, ,O1
19420308-1,08-MAR-1942,Consolidated PBY-5A Catalina,7299,US Navy,,Tongue Point...,, ,A1
19420310-0,10-MAR-1942,Douglas DC-3-270,NC21750,Pan Am,0,Khartoum-Civ...,, ,O1
19420313-0,13-MAR-1942,Ford 4-AT-E Tri-Motor,A45-2,RAAF,0,,, ,C1
19420314-1,14-MAR-1942,Douglas DC-2-221,31,CNAC,13,near Kunming Airp...,, ,A1
19420316-0,16-MAR-1942,Douglas C-33 (DC-2),36-82,USAAF,,Ogden-Hill F...,, ,A1
19420317-1,17-MAR-1942,Lockheed 18 Lodestar,PP-PBE,Panair do Brasil,,São Paulo-Co...,, ,A1
19420320-2,20-MAR-1942,Junkers Ju-52/3m, ,German AF,4,Klinserschlu...,, ,A1
19420322-0,22-MAR-1942,Lisunov PS-84,CCCP-L3975,Aeroflot,6,near Medyn,, ,A1
19420322-1,22-MAR-1942,Short S.23 Empire Flying Boat Mk I,G-AEUF,"RAAF, opb Qantas Empire Airways",2,"Port Darwin, NT",, ,A1
19420324-0,24-MAR-1942,Junkers Ju-52/3m,BJ+ET,German AF,4,near Porchov,, ,A1
19420326-0,26-MAR-1942,Lockheed 14-WF62 Super Electra,PK-AFM,"KNILM, op.for RAAF",0,Katherine Ri...,, ,A1
19420328-0,28-MAR-1942,Consolidated PBY-5A Catalina,2462,US Navy,,near Iceland,, ,A1
19420328-1,28-MAR-1942,Savoia-Marchetti SM-75,I-BURA,LATI,,near Sicily,, ,C1
19420399-1,??-MAR-1942,Douglas DC-3 (Nakajima L2D),J-BKOJ,Imperial Japanese Airways,,near Taiwan,, ,A1
19420405-0,05-APR-1942,Consolidated PBY-5A Catalina,2487,US Navy,9,"near Makapu'u, HI",, ,A1
19420407-0,07-APR-1942,DH.91 Albatross,AX904,RAF,0,Reykjavík RA...,, ,A1
19420410-0,10-APR-1942,DH.86 Express,HK844,RAF,,Maaten Bagush,, ,A1
19420412-1,12-APR-1942,Consolidated PBY-5A Catalina,7266,US Navy,5,Livermore Va...,, ,A1
19420412-2,12-APR-1942,Consolidated PBY-5A Catalina,7269,US Navy,8,"near Livermore, CA",, ,A1
19420413-1,13-APR-1942,Douglas DC-2-120,AX755,RAF,,Akyab Main R...,, ,A1
19420415-0,15-APR-1942,Douglas DC-3A-269C,NC25623,USAAF,,Unknown,, ,U1
19420417-0,17-APR-1942,Ford 4-AT-B Tri-Motor,NC5093,Private,0,"near Metz, MO",, ,A1

19420418-0,18-APR-1942,Consolidated PBY-5 Catalina,2409,US Navy,0,Geraldton Ai...,, ,A1
19420419-0,19-APR-1942,Douglas C-49H (DC-3-228),42-38254,USAAF,20,Freetown-Has...,, ,A1
19420419-1,19-APR-1942,DH.86 Express,A31-3,RAAF,,Cairo-Heliop...,, ,O1
19420421-0,21-APR-1942,Lockheed 14-WF62 Super Electra,VH-ADY,Guinea Airways,12,"near Pine Creek, NT",, ,A1
19420421-1,21-APR-1942,Douglas C-50A (DC-3-401),41-7710,USAAF,,near Fayetteville...,, ,A1
19420422-1,22-APR-1942,Junkers Ju-52/3mg4e,P4+HH,German AF,18,"Breitind, Re...",, ,A1
19420423-1,23-APR-1942,Consolidated PBY-5A Catalina,7286,US Navy,,Dutch Harbor...,, ,A1
19420427-0,27-APR-1942,Douglas C-33 (DC-2),36-80,USAAF,0,Ogden-Hill A...,, ,A1
19420430-0,30-APR-1942,Consolidated PBY-5 Catalina,2400,US Navy,,St. Lucia,, ,A1
19420501-0,01-MAY-1942,Junkers Ju-52/3m, ,German AF,1,near Ajdabiya,, ,C1
19420501-1,01-MAY-1942,Douglas DST-A-207A (DC-3),NC18146,United Airlines,17,near Salt Lake Ci...,, ,A1
19420504-0,04-MAY-1942,Consolidated PBY-5A Catalina,2476,US Navy,,Pearl Harbor...,, ,A1
19420504-1,04-MAY-1942,Consolidated PBY-5 Catalina,A24-18,RAAF,0,Bougainville...,, ,C1
19420506-0,06-MAY-1942,Lockheed 18 Lodestar,246,South African AF,,,, ,A1
19420506-2,06-MAY-1942,Consolidated PBY-5 Catalina,A24-20,RAAF,9,near Misima Islan...,, ,A1
19420506-3,06-MAY-1942,Douglas DC-3A-414,LR230,RAF,0,Myitkyina Ai...,, ,C1
19420506-5,06-MAY-1942,Douglas C-49G (DC-3),LR231,RAF,,Myitkyina,, ,A1
19420509-2,09-MAY-1942,Junkers Ju-52/3m, ,German AF,5,near Uman,, ,A1
19420511-0,11-MAY-1942,Savoia-Marchetti SM-75RT,MM65037,Italian AF,0,near Guidonia Mon...,, ,A1
19420512-0,12-MAY-1942,Lisunov PS-84,CCCP-L3999,Aeroflot,27,,, ,C1
19420512-1,12-MAY-1942,Douglas DC-3A-269,NC21714,Northwest Orient Airlines,3,"Miles City, MT",, ,A1
19420512-2,12-MAY-1942,Lisunov PS-84, ,State Aviation Plant No.18,6,"near Kordon, Visi...",, ,A1
19420512-3,12-MAY-1942,Junkers Ju-52/3m,1Z+GV,German AF,4,between Male...,, ,C1
19420513-0,13-MAY-1942,Lockheed 18 Lodestar,G-AGCR,BOAC,,Malta-Luqa A...,, ,A1
19420514,14-MAY-1942,Junkers Ju-52/3mg6e,G6+MP,German AF,8,"Harbke, near...",, ,A1
19420514-1,14-MAY-1942,Consolidated PBY-5A Catalina,7249,US Navy,,near Saint Lucia,, ,A1
19420516-0,16-MAY-1942,Consolidated PBY-5 Catalina,2327,US Navy,0,Tamalkipas,, ,A1
19420518-0,18-MAY-1942,Consolidated PBY-5A Catalina,05018,US Navy,9,,, ,A1
19420519-1,19-MAY-1942,Savoia-Marchetti SM-75C,I-MELE,LATI,20,Roma-Urbe Ai...,, ,A1
19420522-1,22-MAY-1942,Junkers Ju-52/3mg4e,7U+IK,German AF,5,"Fugloy, Gild...",, ,A1
19420525-0,25-MAY-1942,Douglas C-39 (DC-2),38-505,USAAF,10,near Alice Spring...,, ,A1
19420525-2,25-MAY-1942,Douglas C-47 (DC-3),41-7728,USAAF,,unknown,, ,A1
19420526-0,26-MAY-1942,Consolidated PBY-5 Catalina,2453,US Navy,0,Johnston Isl...,, ,A1
19420530-0,30-MAY-1942,Douglas C-47 (DC-3),41-7784,USAAF,,near Fish River,, ,A1
19420531-0,31-MAY-1942,Consolidated PBY-5 Catalina,2294,US Navy,0,South Pacific,, ,A1
19420531-1,31-MAY-1942,Consolidated PBY-5 Catalina,2393,US Navy,,"near Mare Island,...",, ,A1
19420601-0,01-JUN-1942,Consolidated PBY-5 Catalina,04439,US Navy,8,near Half Moon Ba...,, ,A1
19420603-0,03-JUN-1942,Consolidated PBY-5A Catalina,46507,US Navy,,,, ,A1
19420605-0,05-JUN-1942,Consolidated PBY-5A Catalina,05023,US Navy,9,Gulf of Mexico,, ,A1
19420608-0,08-JUN-1942,Consolidated PBY-5 Catalina,2329,US Navy,0,,, ,A1
19420608-1,08-JUN-1942,Consolidated PBY-5A Catalina,04404,US Navy,10,near Newfoundland...,, ,A1
19420609-0,09-JUN-1942,Consolidated PBY-5 Catalina,2358,US Navy,,Key West NAS...,, ,A1
19420610-0,10-JUN-1942,Ford 4-AT-B Tri-Motor,NC5493,Atlantic Airmotive,1,"West Orange, NJ",, ,A1
19420611-1,11-JUN-1942,Short Sunderland I,L5805,RAF,9,South Atlantic,, ,A1
19420613-0,13-JUN-1942,Consolidated PBY-3 Catalina,0879,US Navy,,near Corpus Chris...,, ,A1
19420613-1,13-JUN-1942,Consolidated PBY-5A Catalina,05026,US Navy,,,, ,A1
19420613-2,13-JUN-1942,Consolidated PBY-5A Catalina,7252,US Navy,7,"Natal, RN",, ,A1
19420614-0,14-JUN-1942,Consolidated PBY-5A Catalina,7298,US Navy,7,Kiska Volcan...,, ,A1
19420614-1,14-JUN-1942,Douglas DC-2-120,DG473,RAF,,Kolar,, ,A1
19420615-1,15-JUN-1942,Douglas DC-2-112,A30-7,RAAF,0,Parkes Airpo...,, ,A1
19420616-0,16-JUN-1942,Douglas C-53 Skytrooper (DC-3),41-20069,USAAF,,Pacific Ocean,, ,A1
19420616-2,16-JUN-1942,Douglas C-33 (DC-2),36-73,USAAF,,Honolulu-Joh...,, ,A1
19420618-0,18-JUN-1942,Consolidated 16 Commodore,NC664M,American Export Airlines,0,"Takla Lake, BC",, ,O1
19420618-1,18-JUN-1942,Lisunov PS-84,CCCP-L3423,Aeroflot / Moscow,12+ 1,near Moskva-Khody...,, ,A1
19420618-2,18-JUN-1942,Lisunov PS-84,CCCP-L3484,Aeroflot,5,near Yelets,, ,A1
19420619-0,19-JUN-1942,Consolidated PBY-5 Catalina,2399,US Navy,12,Trinidad,, ,A1
19420619-1,19-JUN-1942,Consolidated PBY-5A Catalina,02954,US Navy,,Argentia NAS...,, ,A1
19420619-2,19-JUN-1942,Lisunov PS-84,CCCP-L3447,Aeroflot,1,near Novosibirsk,, ,A1
19420620-0,20-JUN-1942,Consolidated PBY-5A Catalina,2458,US Navy,,,, ,A1
19420623-0,23-JUN-1942,Lockheed 414 Hudson III,G-AGDF,"RAF, op.for BOAC",0,near Skredewick,, ,A1
19420624-0,24-JUN-1942,Douglas C-49F-DO (DC-3),42-56621,USAAF,3,Camp William...,, ,A1
19420624-1,24-JUN-1942,DH.86A Express,AX762,RAF,,Siwa Airport...,, ,A1
19420625-2,25-JUN-1942,Junkers Ju-52/3m,1Z+OH,German AF,4,near Proschorowka,, ,A1
19420626-0,26-JUN-1942,Lisunov PS-84,CCCP-L3948,Aeroflot,4,"near Ivantsevo, M...",, ,C1
19420628-0,28-JUN-1942,Consolidated PBY-5 Catalina,04459,US Navy,,near Dutch Harbor...,, ,A1
19420701-0,01-JUL-1942,Douglas C-49E (DC-3),42-56093,USAAF,21,"Welon, WV",, ,A1
19420702-0,02-JUL-1942,Lockheed 18 Lodestar,F-ARTL,Air France,0,near Port-Étienne...,, ,A1
19420708-0,08-JUL-1942,DH.86 Express,AX840,Royal Navy,,"near Bell Rock, S...",, ,C1
19420712-0,12-JUL-1942,Douglas C-53-DO (DC-3),42-6455,"USAAF, op.for Pan Am",,unknown,, ,U1
19420714-0,14-JUL-1942,Consolidated PBY-5 Catalina,04463,US Navy,9,near Alaska,, ,A1
19420714-3,14-JUL-1942,Lockheed C-60B Lodestar,VHCAD,RAAF,3,between Town...,, ,A1
19420724-1,24-JUL-1942,Douglas C-32A (DC-2-120),AX768,RAF,,near Bangalore,, ,A1
19420725-0,25-JUL-1942,Douglas R4D-3 (DC-3),05076,US Navy,,Fort Worth-M...,, ,A1
19420725-1,25-JUL-1942,Short Sunderland I,L5806,RAF,,near Egyptian coast,, ,A1
19420730-1,30-JUL-1942,Consolidated PBY-5A Catalina,7291,US Navy,,Dutch Harbor...,, ,A1
19420801-1,01-AUG-1942,Junkers Ju-52/3mg4e,7U+LK,German AF,0,"Langfjorden,...",, ,A1
19420806-0,06-AUG-1942,Consolidated PBY-5 Catalina,2389,US Navy,8,Espiritu Santo,, ,A1
19420808-0,08-AUG-1942,Consolidated PBY-5 Catalina,2350,US Navy,,near Santa Cruz I...,, ,A1
19420808-1,08-AUG-1942,Consolidated PBY-5A Catalina,04980,US Navy,,"Aleutians, AK",, ,A1
19420809-0,09-AUG-1942,Consolidated PBY-5A Catalina,04414,US Navy,9,Cape Korrish...,, ,A1
19420810-0,10-AUG-1942,Lisunov PS-84,CCCP-L3492,Aeroflot,,Stalingrad A...,, ,C1
19420812-0,12-AUG-1942,Lisunov PS-84,CCCP-L3921,Aeroflot,6,near Zhirkov,, ,C1
19420813-0,13-AUG-1942,Lioré-et-Olivier H.246.1,F-AREJ,Air France,4,near Algiers,, ,C1
19420814-0,14-AUG-1942,Consolidated Catalina IB (PBY-5B),FP151,RAF,4,Cape Charles...,, ,A1
19420815-0,15-AUG-1942,Douglas C-53 Skytrooper (DC-3),42-6463,USAAF,17,"near Garnet Peak,...",, ,A1
19420817-0,17-AUG-1942,Lockheed 18 Lodestar,VHCAG,Australian CAA,,Port Moresby,, ,C1
19420817-1,17-AUG-1942,Lockheed 18 Lodestar,VHCAI,Australian CAA,0,Port Moresby,, ,C1
19420817-2,17-AUG-1942,Short Sunderland I,L2158,RAF,9,near Sierra Leone,, ,A1
19420817-3,17-AUG-1942,Douglas DC-5-511,VHCXA,ADAT,0,Port Moresby...,,,C1
19420819-0,19-AUG-1942,Consolidated PBY-5 Catalina,04474,US Navy,7+ 6,"Coco Solo, M...",, ,A1
19420820-0,20-AUG-1942,Consolidated PBY-5 Catalina,04468,US Navy,5,Manzanillo Bay,, ,A1
19420822-0,22-AUG-1942,Short Sunderland,W4029,RAF,11,near Gibraltar-No...,, ,A1
19420822-1,22-AUG-1942,Lockheed 14-WF62 Super Electra,PJ-AIP,KLM West-Indisch Bedrijf,13,near Port of Spai...,, ,A1
19420823-0,23-AUG-1942,Douglas C-47 (DC-3),41-7803,USAAF,12,Moel-y-Gaer ...,, ,A1
19420823-1,23-AUG-1942,Consolidated PBY-5A Catalina,7255,US Navy,9,"near Dahlgren, VA",, ,A1
19420823-2,23-AUG-1942,Douglas C-47 (DC-3),41-18449,USAAF,,Dayton-Wrigh...,, ,A1
19420825-1,25-AUG-1942,Short Sunderland III,W4026,RAF,13,"near Dunbeath, Sc...",, ,A1
19420826-0,26-AUG-1942,Douglas C-47 (DC-3),41-38618,USAAF,,"near Youngsville, LA",, ,A1
19420830-0,30-AUG-1942,Lisunov PS-84, ,Soviet AF,36,near Kholokholnya...,, ,A1
19420904-0,04-SEP-1942,Douglas XC-32 (DC-2),36-1,USAAF,,Washington-B...,, ,U1
