identifiant,date,type,registration,operator,fat.,location, ,pic,cat

20190708-1,08-JUL-2019,Cessna 208B Grand Caravan,N9448B,Grant Aviation,0,Bethel Airpo...,, ,A1
20190708-2,08-JUL-2019,Canadair CL-415,C-FAWQ,Gouvernement du Québec,0,near Roberval Air...,, ,A2
20190709-0,09-JUL-2019,Airbus A320-214 (WL),OE-IVQ,easyJet Europe,0,Amsterdam-Sc...,, ,A2
20190709-1,09-JUL-2019,Boeing 737-8K2 (WL),PH-BXH,KLM,0,Amsterdam-Sc...,, ,A2
20190709-2,09-JUL-2019,Antonov An-2,unreg.,Unknown,0,"near Raduga, Novo...",, ,A1
20190712-0,12-JUL-2019,Cessna 525 CitationJet,N262BK,Omicron Business Services,0,Orlando Exec...,, ,A2
20190713-0,13-JUL-2019,Beech B200 Super King Air, ,Unknown,0,Graham Creek...,, ,C1
20190716-0,16-JUL-2019,Antonov An-2,RA-3098K,Unknown,0,Novoshchedri...,,,A1
20190717-0,17-JUL-2019,Cessna 550 Citation II,N320JT,Avia Jet LLC,0,Mesquite Mun...,,,A1
20190719-0,19-JUL-2019,DHC-8-402Q Dash 8,C-FKWE,WestJet Encore,0,Edmonton Int...,,,A2
20190720-0,20-JUL-2019,ATR 42-500,AP-BHP,PIA,0,Gilgit Airpo...,, ,A2
20190723-0,23-JUL-2019,Boeing 737-36N (WL),5N-BQO,Air Peace,0,Lagos-Murtal...,,,A2
20190725-0,25-JUL-2019,Ilyushin Il-76TD,UR-CRP,Europe Air,0,Al Jufra Air...,, ,C1
20190725-1,25-JUL-2019,Ilyushin Il-76TD,UR-CMC,Europe Air,1,Al Jufra Air...,, ,C1
20190726-0,26-JUL-2019,Cessna 208 Caravan 675,C-GURL,Seair Seaplanes,4,Addenbroke I...,,,A1
20190727-0,27-JUL-2019,Swearingen SA227-AC Metro III,N681TR,Sierra West Airlines,0,El Paso Inte...,, ,A2
20190730-0,30-JUL-2019,Beech B300 King Air 350i,766,Pakistan Army Aviation Corps,5+ 14,"Mora Kalu, R...",, ,A1
20190730-1,30-JUL-2019,Antonov An-72P,032,Equatorial Guinea AF,0,near Grand Batanga,,,A1
20190730-2,30-JUL-2019,Airbus A319-114,D-AILR,Lufthansa,0,Frankfurt In...,, ,A2
20190730-3,30-JUL-2019,Avro RJ85,VH-NJW,Cobham Aviation Services,0,Perth Airpor...,, ,A2
20190731-0,31-JUL-2019,Bombardier CRJ-900ER,N947LR,"American Eagle, opb Mesa Airlines",0,Dallas/Fort ...,, ,A2
20190801-0,01-AUG-2019,Douglas C-118A Liftmaster (DC-6A),N451CE,Everts Air Cargo,0,Candle 2 Air...,,,A2
20190802-0,02-AUG-2019,Airbus A340-313,HB-JMF,Edelweiss Air,0,Vancouver In...,, ,A2
20190802-1,02-AUG-2019,Boeing 787-8,C-GHPU,Air Canada,0,Vancouver In...,, ,A2
20190804-0,04-AUG-2019,Antonov An-2,RT-15-305,DOSAAF,1,near Fakhrabad,, ,A1
20190806-0,06-AUG-2019,Cessna 560XLS+ Citation XLS+,D-CAWM,Aerowest,0,Aarhus Airpo...,,,A1
20190806-1,06-AUG-2019,Ilyushin Il-76TD,UR-COZ,SkyAviatrans,0,Misrata Inte...,, ,C1
20190806-2,06-AUG-2019,Cessna 208B Grand Caravan,5H-NOW,Tropical Air,0,Mafia Airpor...,, ,A1
20190806-3,06-AUG-2019,Cessna 208B Grand Caravan,C-FSKF,Alkan Air,2,near Mayo Airport...,, ,A1
20190806-4,06-AUG-2019,Cessna 510 Citation Mustang,CC-ANR,private,1,near Los Ángeles-...,, ,A1
20190806-5,06-AUG-2019,Boeing 737-924ER (WL),N37437,United Airlines,0,San Francisc...,, ,A2
20190806-6,06-AUG-2019,Airbus A320-232,N432UA,United Airlines,0,San Francisc...,, ,A2
20190807-0,07-AUG-2019,HS-125/BAe-125, ,Unknown,0,"Las Pilas, C...",,,C1
20190808-0,08-AUG-2019,Airbus A321-211 (WL),N717FR,Frontier Airlines,0,Orlando Inte...,, ,A2
20190812-0,12-AUG-2019,Boeing 787-9,G-CKWB,Norwegian Air UK,0,London-Gatwi...,, ,A2
20190814-0,14-AUG-2019,Beech Super King Air,XB-...,Unknown,0,"El Ramonal, ...",, ,C1
20190815-0,15-AUG-2019,Airbus A321-211,VQ-BOZ,Ural Airlines,0,near Zhukovsky In...,,,A1
20190815-1,15-AUG-2019,Cessna 680A Citation Latitude,N8JR,JRM Air LLC,0,Elizabethton...,, ,A1
20190815-2,15-AUG-2019,DHC-6 Twin Otter 300,N322AV,Berry Aviation,0,San Marcos R...,,,A2
20190816-0,16-AUG-2019,DHC-8-200,5Y-SLM,SafariLink,0,Kichwa Tembo...,, ,A2
20190818-0,18-AUG-2019,Boeing 757-251 (WL),N543US,Delta Air Lines,0,Ponta Delgad...,,,A2
20190818-1,18-AUG-2019,Cessna 208B Grand Caravan EX,N879MA,Mokulele Airlines,0,Kapalua Airp...,, ,A2
20190821-0,21-AUG-2019,Cessna 560XL Citation Excel,N91GY,Delta Private Jets,0,Oroville Air...,,,A1
20190821-1,21-AUG-2019,Cessna 208B Cargomaster,C-FEXE,Morningstar Air Express,0,Vancouver In...,, ,A2
20190822-0,22-AUG-2019,Airbus A380-861,A6-EOP,Emirates,0,Dubai Airpor...,, ,O2
20190823-0,23-AUG-2019,Antonov An-2T,OK-TIR,Club Tiroler Adler,0,Gmunden Airf...,, ,A2
20190825-0,25-AUG-2019,Lockheed C-130A Hercules,N119TG,International Air Response,0,Santa Barbar...,,,A2
20190827-0,27-AUG-2019,Cessna 560XL Citation Excel,VT-AVV,Air Charter Services,0,Aligarh Airport,, ,A1
20190827-1,27-AUG-2019,Airbus A330-343,B-5958,Air China,0,Beijing-Capi...,, ,A1
20190828-0,28-AUG-2019,Antonov An-2R,RA-40389,private,0,Selektsionny...,,,A2
20190828-1,28-AUG-2019,Cessna 525 CitationJet CJ1+,D-ICEY,Lenox Handels und Speditions GmbH,0,Egelsbach Ai...,, ,A2
20190830-0,30-AUG-2019,Antonov An-2R,RA-33061,Aviaspektr,2,near Lake Siljan-...,, ,A1
20190831-0,31-AUG-2019,Cessna 510 Citation Mustang,N551WH,Star Jet,0,El Monte-San...,, ,A2
20190901-0,01-SEP-2019,Beech B300 King Air 350,RP-C2296,Lionair Inc.,9,"Pansol, Cala...",, ,A1
20190901-1,01-SEP-2019,Airbus A330-202,5A-LAU, Libyan Airlines,0,Tripoli-Miti...,, ,C2
20190902-0,02-SEP-2019,BAe-125-700A,XB-PTW,private,2,near Nueva Cajolá,, ,A1
20190905-0,05-SEP-2019,Cessna 560XLS+ Citation XLS+,OE-GES,Skyline Aviation,0,Milano-Malpe...,,,A2
20190907-0,07-SEP-2019,ATR 72-212A (ATR 72-600),HK-5041,"Regional Express Américas, opf Avianca",0,Manizales-La...,, ,A2
20190911-0,11-SEP-2019,Convair CV-440,N24DR,Ferreteria e Implementos San Francisco,2,near Toledo-Expre...,, ,A1
20190911-1,11-SEP-2019,Cessna 208 Caravan I,D-FIDI,", op.for GoJump",1,near Gransee Airf...,,,A1
20190911-2,11-SEP-2019,BAe-125-700A,XB-SMV,private,0,"	Chencoh, Ho...",, ,C2
20190916-0,16-SEP-2019,Cessna 208B Grand Caravan,PT-MHC,TwoFlex,0,near Manaus-Eduar...,,,A1
20190918-0,18-SEP-2019,Viking Air DHC-6-400 Twin Otter,PK-CDC,"Rimbun Air, opb Carpediem Aviation",4,near Kampung Mamo...,,,A1
20190920-0,20-SEP-2019,Cessna 208B Grand Caravan,N895SF,private,0,Pepperell Ai...,, ,A2
20190923-0,23-SEP-2019,Cessna 208B Grand Caravan,5H-AAM,Auric Air,2,Seronera Air...,, ,A1
20190924-0,24-SEP-2019,Cessna 208 Caravan,1917,Royal Rainmaking and Agricultural Aviation,2,"Moo 2, Sai Y...",,,A1
20190924-1,24-SEP-2019,Cessna 208B Grand Caravan,YVO134,Bolívar Government,0,San Salvador...,, ,A2
20190930-0,30-SEP-2019,Gulfstream American G-1159 Gulfstre,unreg.,private,0,"Blue Creek, ...",,,A1
20190930-1,30-SEP-2019,Antonov An-12BK,UR-CKL,Cavok Air,0,Liverpool In...,, ,A2
20191002-0,02-OCT-2019,Boeing B-17G Flying Fortress,N93012,The Collings Foundation,7,Windsor Lock...,,,A1
20191004-0,04-OCT-2019,Antonov An-12BK,UR-CAH,Ukraine Air Alliance,5,near Lviv-Danylo ...,,,A1
20191007-0,07-OCT-2019,Honda HA-420 HondaJet,N166HJ,Pro by Air,0,Charleston I...,, ,A2
20191007-1,07-OCT-2019,Hawker 800XP,N86MN,Delta Private Jets,0,Fort Myers-S...,, ,A2
20191010-0,10-OCT-2019,Antonov An-72,EK-72903,D.R. Congo AF,8,near Kole,, ,A1
20191011-0,11-OCT-2019,Fokker 50,5Y-IZO,Silverstone Air Services,0,near Nairobi-Wils...,, ,A1
20191011-1,11-OCT-2019,DHC-6 Twin Otter 100,N166DH,Skydive Georgia,0,Cedartown-Po...,, ,A2
20191017-0,17-OCT-2019,Saab 2000,N686PA,PenAir,1,Unalaska-Tom...,,,A1
20191018-0,18-OCT-2019,Douglas DC-3C,N437GB,Atlantic Air Cargo,0,near Nassau-Lynde...,,,A1
20191018-1,18-OCT-2019,Airbus CC-150 Polaris (A310-300),15001,RCAF,0,Trenton Cana...,, ,O1
20191022-0,22-OCT-2019,Basler Turbo 67 (DC-3T),FAS116,Salvadorian AF,0,San Salvador...,, ,A2
20191022-1,22-OCT-2019,Canadair CRJ-200LR,N8837B,"Endeavor Air, opf Delta Connection",0,near Atlanta Hart...,, ,A2
20191025-0,25-OCT-2019,Beech 200 Super King Air, ,private,0,"Palajuyú, Si...",, ,A1
20191026-0,26-OCT-2019,DHC-3T/M601 Turbine Otter,C-GBTU,Blue Water Aviation Services,3,"Family Lake,...",, ,A1
20191027-0,27-OCT-2019,Let L-410UVP,YI-BYO,Abeer Air Services,0,Kolnyang County,,,A1
20191027-1,27-OCT-2019,Gulfstream II SP,(N530GA),private,0,Vista Hermos...,,,C1
20191105-0,05-NOV-2019,Learjet 35A,XA-VBD,USMX AirLink,0,San Jose Cab...,, ,A2
20191111-0,11-NOV-2019,Embraer EMB-145LR (ERJ-145LR),N619AE,"American Eagle, opb Envoy Air",0,Chicago-O'Ha...,,,A2
20191111-1,11-NOV-2019,BAe-125-700A,(N237DX),private,0,Petén,, ,C1
20191111-2,11-NOV-2019,DHC-8-315Q MPA,VH-ZZE,"Surveillance Australia, opf Australian Border Force",0,Darwin Airpo...,, ,A2
20191114-0,14-NOV-2019,Cessna 550 Citation II,PT-LTJ,private,5,Maraú-Barra ...,, ,A1
20191115-0,15-NOV-2019,Cessna 525B CitationJet CJ3,N973CG,Pilot Point Consultancy,0,San Antonio ...,, ,A1
20191115-1,15-NOV-2019,Cessna 560 Citation Encore,N777HW,ETG Aviation,0,San Antonio ...,, ,A1
20191116-0,16-NOV-2019,Boeing 777-3B5ER,HL7204,Korean Air,0,Frankfurt In...,,,A2
20191116-1,16-NOV-2019,Airbus A330-243,V5-ANO,Air Namibia,0,Frankfurt In...,,,A2
20191121-0,21-NOV-2019,Gulfstream G150,TC-AEH,Tahe Havacilik,0,Odessa-Centr...,, ,A2
20191121-1,21-NOV-2019,Boeing 737-8F2 (WL),TC-JGZ,THY,0,Odessa-Centr...,, ,A2
20191122-0,22-NOV-2019,Boeing 737-401,YV3012, Avior,0,Bogotá-Eldor...,, ,A2
20191124-0,24-NOV-2019,Dornier 228-201,9S-GNH, Busy Bee Congo,20+ 6,near Goma Airport...,,,A1
20191124-1,24-NOV-2019,Beech 200 King Air,(XB-PYB),private,0,Saint-Jean d...,, ,A1
20191126-0,26-NOV-2019,Cessna 208 Grand Caravan, ,Tropicair,0,Gasmata,, ,H2

20190107-0,07-JAN-2019,Saab 340B,YL-RAF,RAF-AVIA,0,Savonlinna A...,,,A2
20190112-0,12-JAN-2019,Canadair Challenger 601,N813WT,TW 601-C Investment,0,Ox Ranch Air...,, ,A2
20190114-0,14-JAN-2019,Boeing 707-3J9C,EP-CPP,"Iran AF, op.for Saha Air",15,Fat'h Airport,,,A1
20190116-0,16-JAN-2019,Cessna 208B Grand Caravan,8R-YAC,ASL,0,Ogle Airport...,, ,A2
20190121-0,21-JAN-2019,AMI DC-3-65TP,N467KS,Priority Air Charter,2,near Kidron-Stolt...,,,A1
20190121-1,21-JAN-2019,Boeing 737-330 (QC),9S-AHJ, Serve Air,0,Kinshasa-N'D...,, ,A2
20190122-0,22-JAN-2019,Boeing 737-8LJ (WL),VP-BRR,Aeroflot,0,Khanty-Mansi...,, ,H2
20190123-0,23-JAN-2019,DHC-8-102 Dash 8,C-GTCO,Air Creebec,0,Rouyn Airpor...,, ,A2
20190126-0,26-JAN-2019,Airbus A321-231,TC-OEB,Onur Air,0,Antalya Airp...,,,O1
20190128-0,28-JAN-2019,ATR 72-212A (ATR 72-500),EC-LYJ,"Air Europa, opb Swiftair",0,Palma de Mal...,, ,A2
20190128-1,28-JAN-2019,Boeing 727-2B6F Adv.,N720CK,Kalitta Charters,0,Tuscaloosa R...,, ,A2
20190129-0,29-JAN-2019,Beech B200 King Air,N13LY,Guardian Flight,3,"near Kake, AK",, ,A1
20190130-0,30-JAN-2019,Beech 200 Super King Air,C-GTUC,Air Tindi,2,near Whatì/Lac La...,, ,A1
20190204-0,04-FEB-2019,Boeing 737-300, ," Tarco Airlines, opf Sudan Airways",0,Khartoum-Civ...,, ,H2
20190208-0,08-FEB-2019,Convair C-131B Samaritan,N145GT,Conquest Air Cargo,1,near Bay Harbor I...,,,A1
20190208-1,08-FEB-2019,Airbus A321-251N,SE-RKA,Novair,0,Billund Airp...,,,A2
20190209-0,09-FEB-2019,Embraer ERJ 190AR (ERJ-190-100 IGW),5Y-KYR,Kenya Airways,0,Nairobi-Jomo...,, ,O2
20190209-1,09-FEB-2019,Embraer ERJ 190AR (ERJ-190-100 IGW),5Y-FFF,Kenya Airways,0,Nairobi-Jomo...,, ,O2
20190211-0,11-FEB-2019,Raytheon Beechjet 400A,N750TA,Stein's Aircraft Services,0,Richmond Mun...,, ,A2
20190213-0,13-FEB-2019,Boeing 747-406M,PH-BFV,KLM,0,Amsterdam-Sc...,, ,A2
20190213-1,13-FEB-2019,Boeing 787-9,PH-BHA,KLM,0,Amsterdam-Sc...,, ,A2
20190223-0,23-FEB-2019,Boeing 767-375ER (BCF) (WL),N1217A,"Amazon Prime Air, opb Atlas Air",3,"Trinity Bay,...",,,A1
20190224-0,24-FEB-2019,Boeing 737-8E9 (WL),S2-AHV,Biman Bangladesh,1,Chittagong-S...,, ,H2
20190226-0,26-FEB-2019,Gulfstream G200 Galaxy,4K-AZ88,Silk Way Business Aviation,0,Moskva-Shere...,,,A2
20190301-0,01-MAR-2019,Airbus A320-214,OE-LOA,LaudaMotion,0,London-Stans...,, ,A2
20190303-0,03-MAR-2019,Beech 1900D,7T-VIO,Tassili Airlines,0,Ouargla-Ain ...,,,A2
20190303-1,03-MAR-2019,Honda HA-420 HondaJet,N105HJ,,0,Eufaula-Weed...,, ,O1
20190304-0,04-MAR-2019,Embraer EMB-145XR,N14171,"CommutAir, opf United Express",0,Presque Isle...,,,A2
20190304-1,04-MAR-2019,Cessna 208B Grand Caravan,C-FAFV,Amik Aviation,0,near Little Grand...,, ,A2
20190307-0,07-MAR-2019,Learjet 35A,LV-BNR,Baires Fly,0,Buenos Aires...,, ,A2
20190309-0,09-MAR-2019,Douglas DC-3,HK-2494,LASER,14,Finca La Ben...,,,A1
20190309-1,09-MAR-2019,Gulfstream G-IV,N505GF,Waffle House,0,Atlanta-DeKa...,,,A2
20190310-0,10-MAR-2019,Boeing 737 MAX 8,ET-AVJ,Ethiopian Airlines,157,near Addis Ababa-...,,,A1
20190310-1,10-MAR-2019,Hawker Siddeley HS-125-600A,fake reg.,private,1,near San Pedro Pe...,, ,A1
20190310-2,10-MAR-2019,Bombardier CRJ-702ER,N530EA,"PSA Airlines, opf American Eagle",0,Charlotte-Do...,, ,A2
20190310-3,10-MAR-2019,Bombardier CRJ-900LR,N569NN,"PSA Airlines, opf American Eagle",0,Charlotte-Do...,, ,A2
20190311-0,11-MAR-2019,CC-138 Twin Otter (DHC-6),13803,RCAF,0,"near Inuvik, NT",, ,A2
20190312-0,12-MAR-2019,Beech A100 King Air,N945WS,Golden Wings Aviation,0,Latrobe-West...,, ,A2
20190314-0,14-MAR-2019,Cessna 650 Citation III,N220CM,RP Sales and Leasing,0,Orlando Sanf...,, ,A2
20190318-0,18-MAR-2019,Bombardier Challenger 300,9M-TST,Berjaya Air,0+ 1,Kuala Lumpur...,, ,A2
20190318-1,18-MAR-2019,IAI 1124 Westwind,N4MH,Sundance Airport FBO,2,Oklahoma Cit...,, ,A1
20190319-0,19-MAR-2019,Fokker 100,EP-IDG, Iran Air,0,Tehran-Mehra...,, ,A2
20190322-0,22-MAR-2019,Rockwell Sabreliner 60,N990PA,private,0,near Bajamar,, ,A1
20190323-0,23-MAR-2019,Beech B200 Super King Air,A2-MBM,Major Blue Air,1,Matsieng Aer...,, ,C1
20190323-1,23-MAR-2019,Airbus A320-232,HA-LPL,Wizz Air,0,Bristol Airp...,, ,A1
20190327-0,27-MAR-2019,Antonov An-2,CU-A1825,ENSA,0,Alonso de Rojas,, ,A2
20190327-1,27-MAR-2019,Boeing 737-7H4 (WL),N249WN,Southwest Airlines,0,near Nashville In...,, ,A2
20190403-0,03-APR-2019,Airbus A320-214,G-EZWC,easyJet,0,Belfast Inte...,,,A2
20190404-0,04-APR-2019,DHC-8-402Q Dash 8,OE-LGM,Austrian Airlines,0,Innsbruck-Kr...,, ,A2
20190404-1,04-APR-2019,MD-88,N977DL,Delta Air Lines,0,Atlanta Hart...,, ,A1
20190408-0,08-APR-2019,BAe 4100 Jetstream 41,HI1038,Sky High Aviation Services,0,Dominica Dou...,, ,A2
20190410-0,10-APR-2019,Airbus A321-231 (WL),N114NN,American Airlines,0,New York-Joh...,,,A2
20190413-0,13-APR-2019,Rockwell Sabreliner 65,N265DS,Classic Aviation,3,"near New Albany, MS",, ,A1
20190414-0,14-APR-2019,Let L-410UVP-E20,9N-AMH,Summit Air,1+ 2,Lukla-Tenzin...,,,A1
20190416-0,16-APR-2019,BN-2B-27 Islander,CC-CYR,Archipiélagos Servicios Aéreos,6,near Puerto Montt...,, ,A1
20190416-1,16-APR-2019,Bombardier Global 5000,14+01,German AF,0,Berlin-Schön...,, ,A1
20190423-0,23-APR-2019,Cessna 208 Caravan I,N366TA,Airsquid Aviation,0,Dry Tortugas...,, ,A2
20190424-0,24-APR-2019,Cessna 551 Citation II/SP,D-IADV,private,0,Siegen-Siege...,,,A1
20190424-1,24-APR-2019,Beech B200 Super King Air,C-FRMV,Keewatin Air,0,Gillam Airpo...,, ,A2
20190430-0,30-APR-2019,Boeing 737-73S (WL),EI-SEV,Ryanair,0,East Midland...,,,A2
20190430-1,30-APR-2019,Boeing 737-33A (WL),G-GDFB,Jet2,0,East Midland...,,,A2
20190503-0,03-MAY-2019,Boeing 737-81Q (WL),N732MA,Miami Air International,0,Jacksonville...,,,A1
20190503-1,03-MAY-2019,Douglas C-47A (DC-3),C-GJKM,Buffalo Airways,0,near Hay River Ai...,,,A2
20190504-0,04-MAY-2019,Learjet 45,C-GMCP,Skyservice Business Aviation,0,Edinburgh-Tu...,, ,A2
20190505-0,05-MAY-2019,Sukhoi Superjet 100-95B,RA-89098,Aeroflot,41,Moskva-Shere...,,,A1
20190505-1,05-MAY-2019,Canadair Challenger 601-3A,N601VH,TVPX Aircraft Solutions,13,near Monclova,, ,A1
20190507-0,07-MAY-2019,DHC-6 Twin Otter 300,C-GNDO,Air Inuit,0,near Kuujjuarapik...,, ,A2
20190508-0,08-MAY-2019,DHC-8-402Q Dash 8,S2-AGQ,Biman Bangladesh,0,Yangon-Minga...,,,A1
20190508-1,08-MAY-2019,Antonov An-2R,YV2354,Unknown,0,near Uriman Airpo...,, ,A1
20190510-0,10-MAY-2019,DHC-8-311 Dash 8,C-FJXZ,"Air Canada Express, opb Jazz Aviation",0,Toronto-Pear...,,,A2
20190511-0,11-MAY-2019,Cessna 208B Grand Caravan,C-FCPM,Parachutisme Nouvel Air,0,Saint-Esprit...,, ,A2
20190513-0,13-MAY-2019,DHC-3T Vazar Turbine Otter,N959PA,Taquan Air,1,"near Ketchikan, AK",,,A1
20190518-0,18-MAY-2019,Gulfstream II SP,unreg.,private,0,Chico de Cha...,, ,C1
20190522-0,22-MAY-2019,Antonov AN-2R,RA-68161,private,0,Zhuravskoye,,,A1
20190522-1,22-MAY-2019,Cessna S550 Citation S/II,N311G,Unknown,2,near Indianapolis...,, ,A1
20190524-0,24-MAY-2019,Cessna 560 Citation Encore,N832R,private,1,near Fort Lauderd...,,,A1
20190603-0,03-JUN-2019,Antonov An-32,K2752,Indian AF,13,near Lipo,,,A1
20190607-0,07-JUN-2019,Antonov An-2T,UR-KAU,TSO Ukrayiny,0,Svyatoshyns'...,,,A2
20190609-0,09-JUN-2019,Antonov An-2R,RA-81519,Feniks,0,"near Kyren, Tunki...",, ,A2
20190609-1,09-JUN-2019,Boeing 737-924ER (WL),N75436,United Airlines,0,Denver Inter...,, ,A2
20190611-0,11-JUN-2019,CASA C-212 Aviocar 200,N603AR,EP Aviation,0,Kiunga Airpo...,, ,A2
20190613-0,13-JUN-2019,Beech B200 Super King Air, ,Unknown,0,"Río Chixoy, ...",, ,A1
20190615-0,15-JUN-2019,Boeing 757-224 (WL),N26123,United Airlines,0,Newark-Liber...,,,A1
20190617-0,17-JUN-2019,Cessna 680 Citation Sovereign,LV-CIQ,Banco Macro,0,Joaquín V. G...,, ,A2
20190617-1,17-JUN-2019,Boeing 737-8H4 (WL),N8608N,Southwest Airlines,0,Pittsburgh-G...,, ,A2
20190619-0,19-JUN-2019,Antonov An-124-100,5A-DKN,Libyan Air Cargo,0,Tripoli Inte...,, ,C1
20190620-0,20-JUN-2019,Antonov An-2, ,Unknown,1,near Rodina villa...,, ,A1
20190621-0,21-JUN-2019,Basler Turbo 67 (DC-3T),C-FKGL,North Star Air,0,near Fort Hope Ai...,, ,A2
20190623-0,23-JUN-2019,Antonov An-2, ,Unknown,0,"near Mlyny, Polta...",,,A1
20190624-0,24-JUN-2019,Hawker Siddeley HS-125-400, ,Unknown,0,Parque Nacio...,, ,O1
20190626-0,26-JUN-2019,Rockwell Sabreliner 65,N65HH,Yankee Dawdle LLC,0,Sacramento-M...,, ,A1
20190627-0,27-JUN-2019,Antonov An-24RV,RA-47366,Angara Airlines,2,Nizhneangars...,,,A1
20190627-1,27-JUN-2019,BAe 3212 Jetstream 31,YV2536,Transmandu,0,Canaima Airp...,, ,A1
20190628-0,28-JUN-2019,Saab 340A,C6-VIP,Western Air,0,Nassau-Lynde...,, ,O2
20190629-0,29-JUN-2019,Cessna 208B Grand Caravan,N80JF,ISR Aviation,0,Plant City-B...,, ,A2
20190630-0,30-JUN-2019,Beech B300 King Air 350i,N534FF,EE Operations LLC,10,Dallas-Addis...,,,A1
20190630-1,30-JUN-2019,Antonov An-2T,RF-00105,"DOSAAF, Gvardeysky ATSK",0,near Gvardeysky,, ,A2
20190630-2,30-JUN-2019,Dassault Falcon 900B,N908CA,Warren Transportation LLC,0,Dallas-Addis...,, ,O1
20190701-0,01-JUL-2019,Boeing 737-85R,VT-SYK,SpiceJet,0,Mumbai-Chhat...,, ,A2
20190708-0,08-JUL-2019,Airbus A320-214,5A-ONA, Afriqiyah Airways,0,Tripoli-Miti...,, ,C2

20191201-0,01-DEC-2019,Beech 99,C6-FER,Flamingo Air Charter,0,Black Point ...,, ,A2
20191201-1,01-DEC-2019,BAe-125-700A,N949CL,private,0,"near El Picudo, S...",, ,C1
20191202-0,02-DEC-2019,BAe-125-700A,false reg.,private,0,near San Andrés V...,, ,A1
20191203-0,03-DEC-2019,Basler Turbo 67 (DC-3T),C-FKAL,North Star Air,0,near Sachigo Lake...,, ,A2
20191203-1,03-DEC-2019,BAe-125-800A,N469RJ,Business Jet Managers Inc,0,Detroit-Cole...,, ,A2
20191204-0,04-DEC-2019,Beech 200 Super King Air, ,private,0,"Sayaxché, Petén",, ,C1
20191206-0,06-DEC-2019,BAe-125-800A,(N293WB),private,0,"near Chan Chen, C...",,,C1
20191209-0,09-DEC-2019,Cessna 208B Super Cargomaster,N4602B,Martinaire,1,near Victoria Reg...,, ,A1
20191209-1,09-DEC-2019,Lockheed C-130H Hercules,990,Chilean AF,38,near King George ...,,,A1
20191210-0,10-DEC-2019,DHC-8-402Q Dash 8,ET-AQC ?,Ethiopian Airlines,0,Juba Airport...,,,A2
20191215-0,15-DEC-2019,Grumman American G-1159 Gulfstream ,(XB-BZH),private,0,Quiché,, ,C1
20191216-0,16-DEC-2019,Beech 200 Super King Air, ,private,0,Sarteneja ai...,, ,C1
20191217-0,17-DEC-2019,Beech B300 King Air 350,N160RW,Ritch Air,0,Visalia Airp...,, ,A2
20191218-0,18-DEC-2019,Beech 200 Super King Air, ,private,0,"El Chico, Re...",, ,C1
20191218-1,18-DEC-2019,Cessna 525A CitationJet CJ2,C-GOJG,C-GHGR Holdings,0,"near Scottsbluff, NE",, ,A2
20191219-0,19-DEC-2019,Beech A100 King Air,YV1104,private,9,near Charallave-Ó...,, ,A1
20191222-0,22-DEC-2019,Boeing 737-824 (WL),N87513,United Airlines,0,Denver Inter...,, ,A2
20191224-0,24-DEC-2019,Cessna 208B Grand Caravan,XA-TWN,Calafia Airlines,2,near Tastiota,, ,A1
20191227-0,27-DEC-2019,Fokker 100,UP-F1007,Bek Air,12,near Almaty Airpo...,,,A1
20191227-1,27-DEC-2019,Cirrus SF50 Vision Jet,N52CV,private,0,Santa Monica...,,,A1
20191228-0,28-DEC-2019,Let L-410UVP-E,9S-GDX, Air Fast Congo,0,Kamina Airpo...,, ,A2
20191229-1,29-DEC-2019,Cessna 560XL Citation XLS,LV-FQD,Sunny Sky,0,"near Otamendi, BA",, ,A2
