identifiant,date,type,registration,operator,fat.,location, ,pic,cat

20001130-0,30-NOV-2000,Boeing 737-86N,EC-HMK,Futura,0,Shannon Airp...,, ,A2
20001201-0,01-DEC-2000,Antonov An-24, ,Unknown,1,,, ,H2
20001204-0,04-DEC-2000,Airbus A330-223, ,Sabena,0,near Bujumbura In...,, ,C2
20001205-0,05-DEC-2000,CASA C-212 Aviocar 300,FAC-1251,SATENA,0,near Tres Esquina...,, ,A1
20001206-0,06-DEC-2000,Embraer EMB-120RT Brasilia,N504AS,ASA,0,Charleston-Y...,, ,A2
20001211-0,11-DEC-2000,Embraer EMB-110P1K Bandeirante,TR-KN.,Gabonese AF,3,within Gabon,, ,A1
20001216-0,16-DEC-2000,CASA C-212-M Aviocar 300,LDF-48,Lesotho AF,0,Mokhotlong A...,,,A1
20001217-0,17-DEC-2000,Boeing 747, ,PIA,0,Dubai Airpor...,, ,H2
20001220-0,20-DEC-2000,Curtiss C-46A,N1419Z,Everts Air Fuel,2,"near Kenai, AK",,,A1
20001220-1,20-DEC-2000,BAe-125-700A,N236BN,Million Air Dallas,0,Jackson Hole...,, ,A1
20001222-0,22-DEC-2000,Beech B200 Super King Air,N30EM,Mountain Air Service,2,near Rangeley Mun...,, ,A1
20001223-0,23-DEC-2000,DC-10-10,N132AA,"American Airlines, op.for Hawaiian Airlines",0,Papeete-Faaa...,, ,A2
20001223-1,23-DEC-2000,Beech 200 Super King Air,VP-BBK,Videovision Broadcast,5,near Blackbushe A...,,,A1
20001229-0,29-DEC-2000,BAe 4101 Jetstream 41,N323UE,"United Express, opb Atlantic Coast Airlines",0,Charlottesvi...,,,A1
20001229-1,29-DEC-2000,Boeing 747-436,G-BNLM,British Airways,0,Nairobi-Jomo...,, ,H2
20009999-0,??-???-2000,Yakovlev Yak-40,RA-87847,"NovgorodAvia, op.for Ecuato Guineana de Aviacion",0,Malabo-Santa...,, ,O1

20000103-0,03-JAN-2000,Beech 200 Super King Air,A2-AEZ,Kalahari Air Services & Charter,,unknown loca...,, ,U1
20000105-0,05-JAN-2000,Embraer EMB-110P1A Bandeirante,5N-AXL,Skypower Express,1+ 1,Abuja Intern...,, ,A1
20000107-0,07-JAN-2000,Antonov An-26,D2-FBR,Unknown,,,, ,A1
20000109-0,09-JAN-2000,Boeing 747-230F,HL7441,Korean Air,0,near Penang Inter...,, ,A2
20000110-0,10-JAN-2000,Saab 340B,HB-AKK,Crossair,10,near Nassenwil,,,A1
20000113-0,13-JAN-2000,Shorts 360-300,HB-AAM,"Avisto, op.for Sirte Oil Company",22,near Marsa el-Brega,,,A1
20000114-0,14-JAN-2000,Lockheed C-130B Hercules,TAM60,Bolivian AF,5,Chimore Airport,,,A1
20000114-1,14-JAN-2000,Hawker Siddeley HS-748,HC-BEY,TAME Ecuador,0,Guayaquil-Si...,, ,A2
20000115-0,15-JAN-2000,Let L-410UVP-E,YS-09-C,TACSA,5,San José,,,A1
20000120-0,20-JAN-2000,Airbus A320-231,G-VCED,Airtours Int.,0,London-Gatwi...,, ,A2
20000127-0,27-JAN-2000,Mitusbishi Mu-300 Diamond IA,N900WJ,Matrix Aviation,0,Dallas-Love ...,,,A1
20000130-1,30-JAN-2000,Airbus A310-304,5Y-BEN,Kenya Airways,169,near Abidjan-Feli...,,,A1
20000131-0,31-JAN-2000,DC-9-83 (MD-83),N963AS,Alaska Airlines,88,near Anacapa Isla...,,,A1
20000131-1,31-JAN-2000,Embraer EMB-110P1 Bandeirante,PP-EAM,Amazonas State Gov.,0,"Envira, AM",, ,A1
20000202-0,02-FEB-2000,Airbus A300B2-203,EP-IBR,Iran Air,0+ 8,Tehran-Mehra...,,,O1
20000202-2,02-FEB-2000,Lockheed C-130 Hercules, ,Iran AF,8,Tehran-Mehra...,, ,A1
20000203-0,03-FEB-2000,Boeing 707-351C,ST-APY,TAAT,0,near Mwanza Airpo...,,,A1
20000203-1,03-FEB-2000,Cessna 208 Caravan I,8Q-HIF,Hummingbird Island Airways,0,Filitheyo Se...,, ,A2
20000206-0,06-FEB-2000,Boeing 727-228,YA-FAY,Ariana Afghan Airlines,0,London-Stans...,, ,H2
20000208-0,08-FEB-2000,Embraer EMB-110P2 Bandeirante,C9-AUH,Sabin Air,0+ 1,near Maputo Inter...,,,A1
20000212-0,12-FEB-2000,Boeing 727-82,S9-NAZ,Transafrik,0,Luanda-4 de ...,,,A1
20000212-1,12-FEB-2000,Airbus A300B4-203,TU-TAT,Air Afrique,0,Dakar-Yoff A...,,,A1
20000216-0,16-FEB-2000,DC-8-71F,N8079U,Emery Worldwide,3,near Sacramento-M...,,,A1
20000216-1,16-FEB-2000,NAMC YS-11A-213,JA8727,ANK- Air Nippon,0,Sapporo-Okad...,,,A1
20000219-0,19-FEB-2000,DC-8-63F,N811CK,Kitty Hawk International,0,Seattle/Taco...,, ,A2
20000219-1,19-FEB-2000,Beech 1900C-1,HK-4200,Aerotaca,1,an airstrip ...,, ,H2
20000221-0,21-FEB-2000,Fokker 100,N1403M,American Airlines,0,Chicago-O'Ha...,, ,A2
20000222-0,22-FEB-2000,Boeing 767-366ER,SU-GAO,EgyptAir,0,Harare Airpo...,, ,A2
20000223-0,23-FEB-2000,Antonov An-32,K2690,Indian AF,,Vijaynagar,, ,A1
20000227-0,27-FEB-2000,Boeing 737-4Y0,PT-TEO,Transbrasil,0,Porto Alegre...,,,A2
20000229-0,29-FEB-2000,Boeing 737, ,China Southwest,0,Fuzhou Chang...,, ,H2
20000299-0,??-FEB-2000,CASA C-212 Aviocar 200,N461CA,Sandair,0,,,,U1
20000301-0,01-MAR-2000,DC-10-30F,N302FE,FedEx,0,Newark Inter...,, ,A2
20000305-0,05-MAR-2000,Boeing 737-3T5,N668SW,Southwest Airlines,0,Burbank/Glen...,,,A1
20000309-0,09-MAR-2000,Yakovlev Yak-40D,RA-88170,Vologoda Air,9,Moskva-Shere...,,,A1
20000315-0,15-MAR-2000,Airbus A330-322,9M-MKB,Malaysia Airlines,0,Kuala Lumpur...,,,A1
20000316-0,16-MAR-2000,DC-9-83 (MD-83), ,Alaska Airlines,0,San Francisc...,, ,H2
20000317-0,17-MAR-2000,DHC-6 Twin Otter 300,HP-1267APP,AeroPerlas,10,near Carreto,,,A1
20000317-1,17-MAR-2000,Douglas C-47A (DC-3),C-FNTF,Points North Air Services,2,Ennadai Lake...,, ,A1
20000317-2,17-MAR-2000,Embraer EMB-110P1A Bandeirante,5N-AXM,Skypower Express,0,near Kaduna Airpo...,, ,A1
20000317-3,17-MAR-2000,Dassault Falcon 900,N814M,BP,0,Hyannis-Barn...,, ,A2
20000317-7,17-MAR-2000,Airbus A330-202,C-GGWA,Canada 3000,0,Vancouver In...,, ,A2
20000319-0,19-MAR-2000,Antonov An-26B,UR-26586,"Air Urga, op.for UN",0,Goma Airport...,,,A1
20000321-0,21-MAR-2000,Saab 340B,N353SB,American Eagle Airlines,0,Killeen Muni...,, ,A1
20000322-0,22-MAR-2000,CASA C-212-DE Aviocar 200,TM.12D-73,Spanish AF,7,"near Cubillejo, P...",,,A1
20000322-1,22-MAR-2000,IAI 1125 Astra SPX,C-FRJZ,Jetport,0,Fox Harbour ...,, ,A2
20000324-0,24-MAR-2000,Antonov An-12BK,RA-11302,"Antey, op.for Sky Cabs",6+ 3,near Colombo-Band...,,,A1
20000325-0,25-MAR-2000,Antonov An-32B,D2-MAJ,Angolan Government,3,Huambo Airpo...,, ,A1
20000326-0,26-MAR-2000,Cessna 525 CitationJet,N130MR,private,1,"near Buda, TX",, ,A1
20000327-0,27-MAR-2000,Boeing 737-75B,D-AGES,"Germania, op.for LTU",0,Berlin-Schön...,, ,H2
20000330-0,30-MAR-2000,Antonov An-26,UR-79170,"Avialinii AAR, op.for Sri Lanka AF",40,near Anuradhapura...,, ,C1
20000399-0,??-MAR-2000,Lockheed C-130H Hercules,NAF914,Nigerian AF,0,Lagos-Murtal...,, ,A1
20000401-0,01-APR-2000,Cessna 208A Caravan 675,LV-ZSR,Taxval,1,near Gualeguaychú...,, ,A1
20000402-0,02-APR-2000,Boeing 747-2F6B,N534MC,Atlas Air,0,Guayaquil,, ,A2
20000405-2,05-APR-2000,Learjet 35A,N86BE,Bankair,3,Marianna Mun...,, ,A1
20000406-0,06-APR-2000,Antonov An-2R,RA-31486,Saransk Flight Unit,0,,, ,A1
20000411-0,11-APR-2000,Airbus A320-231,F-OHMD,Mexicana,0,Minatitlan A...,,,O1
20000414-0,14-APR-2000,SE-210 Caravelle III,9Q-CZZ,D.R. Congo AF,0,Kinshasa-N'D...,,,O1
20000414-1,14-APR-2000,Boeing 707-327C,9Q-CGC,Government of Congo,0,Kinshasa-N'D...,,,O1
20000414-2,14-APR-2000,Canadair CL-44D4-2,3C-ZPO,"Africargo Airlines, op.for D.R. Congo AF",0,Kinshasa-N'D...,,,O1
20000414-3,14-APR-2000,Canadair CL-44D4-2,TN-235,"Africargo Airlines, op.for D.R. Congo AF",0,Kinshasa-N'D...,,,O1
20000414-4,14-APR-2000,Antonov An-28,9Q-CZL,Blue Lines,0,Kinshasa-N'D...,, ,A1
20000416-1,16-APR-2000,Antonov An-2P,RA-33443,ShARZ ROSTO,3,Tomuzlovskoe...,, ,A1
20000419-0,19-APR-2000,Boeing 737-2H4,RP-C3010,Air Philippines,131,near Davao,,,A1
20000419-1,19-APR-2000,Antonov An-8,TL-ACM,Rwanda AF,24,Pepa,,,A1
20000419-2,19-APR-2000,Cessna 208B Grand Caravan,ZS-ONT,"Gallovents Ten, op.for Kivu Air",2,near Bukavu,, ,A1
20000422-0,22-APR-2000,Avro RJ70,TC-THL,THY,0,Siirt Airpor...,,,A1
20000425-1,25-APR-2000,Saab 340B,N404XJ,Northwest Airlink,0,Hancock-Houg...,, ,A2
20000425-2,25-APR-2000,DC-10-30,N39081,Continental Air Lines,0,Newark Inter...,, ,A2
20000427-1,27-APR-2000,DC-8-62F,N990CF,Emery Worldwide,0,"Denver, CO",, ,A2
20000429-0,29-APR-2000,BN-2A-20 Islander,P2-ISA,North Coast Aviation,4,Bapi Airport...,, ,A1
20000430-0,30-APR-2000,DC-10-30F,N800WR,DAS Air Cargo,0,Entebbe Airp...,,,A1
20000430-1,30-APR-2000,Antonov An-2T,YV-1125C,Aerobol,0,Ciudad Bolív...,, ,A1
20000502-0,02-MAY-2000,Learjet 35A,G-MURI,Northern Executive,2,Lyon Satolas...,, ,A1
20000503-0,03-MAY-2000,BN-2A-9 Islander,8R-GAC,Trans Guyana Airways,1,near Kurupung Air...,, ,A1
20000505-1,05-MAY-2000,DHC-6 Twin Otter 300,N241SA,Scenic Airlines,0,Monument Val...,, ,A2
20000510-0,10-MAY-2000,Rockwell Sabreliner 65,N241H,Price Aircraft Company,6,"near Kaunakakai, HI",, ,A1
20000510-1,10-MAY-2000,Swearingen SA226-TC Metro II,HP-1364MAM,Mapiex Aero,0,Bocas Del To...,, ,A1
20000511-0,11-MAY-2000,Airbus A321-231, ,EgyptAir,0,Aswan Airpor...,, ,H2
20000515-0,15-MAY-2000,Airbus A319-114,C-FYJE,Air Canada,0,"near Goderich, ON",, ,A2
20000515-1,15-MAY-2000,Antonov An-2T,N72KS,Greatland Resource,0,North Pole,,,A1
20000517-0,17-MAY-2000,Beech 1900C-1,TR-LFK,Avirex,3,near Moanda Airpo...,, ,A1
20000519-0,19-MAY-2000,Swearingen SA226-TC Metro II,N235BA,Superior Aviation,0,Denver Inter...,, ,A2
20000521-0,21-MAY-2000,BAe 3102 Jetstream 31,N16EJ,East Coast Aviation Services,19,near Wilkes-Barre...,,,A1
20000522-0,22-MAY-2000,BN-2A Islander, ,MAF PNG,0,Erave Airpor...,, ,H2
20000522-1,22-MAY-2000,MD-11, ,Eva Air,0,Taipei-Chian...,, ,A2
20000523-0,23-MAY-2000,Beech B200 King Air,N24CV,Calico Ventures,0,"near San Diego, C...",, ,A1
20000525-0,25-MAY-2000,Shorts 330-200,G-SSWN,Streamline Aviation,1,Paris-Charle...,,,A1
20000525-1,25-MAY-2000,DC-9-83 (MD-83),F-GHED,Air Liberté,0,Paris-Charle...,, ,A2
20000525-2,25-MAY-2000,Airbus A330-301,F-OHZ.,Philippine Air Lines,1,near Manila,, ,H2
20000602-0,02-JUN-2000,GAF Nomad N.22B,N5190Y,Paraclub Moorsele,0,near Leopoldsburg...,,,A2
20000605-0,05-JUN-2000,Fokker F-27 Friendship 600,G 524,Ghana Airlink,7,Accra-Kotoka...,,,A1
20000607-0,07-JUN-2000,Antonov An-32B,UR-48054,Aviatrans-K Airlines,0,Lima-25 airs...,, ,A1
20000607-1,07-JUN-2000,Boeing 767-241ER,PP-VNN,Varig,0,São Paulo-Gu...,,,A2
20000612-0,12-JUN-2000,Airbus A320-232,N655AW,America West,0,Las Vegas-Mc...,, ,A2
20000612-1,12-JUN-2000,Cessna 560 Citation Ultra,HB-VLZ,SkyWork Airlines,0,Zürich-Klote...,, ,A2
20000613-1,13-JUN-2000,Dassault Falcon 20F,N184GA,Grand Aire Express,0,near Peterborough...,,,A1
20000614-0,14-JUN-2000,DC-9-81 (MD-81),N16884,Continental Air Lines,0,Newark Inter...,,,O1
20000614-1,14-JUN-2000,DC-9-51,N649HA,Hawaiian Airlines,0,Kauai Island...,, ,A2
20000615-0,15-JUN-2000,Swearingen SA227-AC Metro III,ZK-RCA,"Air New Zealand Link, opb Eagle Airways",0,Gisborne Air...,,,A2

20000621-0,21-JUN-2000,Ilyushin Il-76MD,RA-76723,Russian AF,0,Astrakhan-Pr...,, ,A1
20000622-0,22-JUN-2000,Xian Yunshuji Y-7-100C,B-3479,Wuhan Airlines,42+ 7,near Wuhan,,,A1
20000623-1,23-JUN-2000,Learjet 55,N220JC,Universal Jet Aviation,3,"near Boca Raton, FL",,,A1
20000626-0,26-JUN-2000,Boeing 737-2R4C,7O-ACQ,Yemenia Airways,0,Khartoum-Civ...,,,A1
20000627-0,27-JUN-2000,Kawasaki C-1A,88-1027,JASDF,5,near Shimano,, ,A1
20000630-0,30-JUN-2000,DHC-6 Twin Otter 300,C-FWAH,private,0,near Yellowknife ...,, ,A2
20000701-0,01-JUL-2000,Fokker F-27 Friendship 500,G-JEAP,Channel Express,0,Coventry-Bag...,,,A2
20000702-0,02-JUL-2000,GAF Nomad N.22C,N286,Philippine AF,11,near Cagayancillo,, ,A1
20000702-1,02-JUL-2000,Boeing 737-49R,N460PR,Pro Air,0,Orlando Inte...,, ,A2
20000704-0,04-JUL-2000,Tupolev Tu-154B-2,HA-LCR,Malev,0,Thessaloniki...,,,A1
20000705-0,05-JUL-2000,Airbus A320, ,Royal Jordanian,1,Amman-Queen ...,, ,H2
20000708-0,08-JUL-2000,BAe 3201 Jetstream 32EP,N912FJ,Aerocaribe,19,near Chulum Juarez,,,A1
20000709-0,09-JUL-2000,Curtiss C-46A,HK-851P,private,10,near Villavicenci...,,,A1
20000712-0,12-JUL-2000,Airbus A310-304,D-AHLB,Hapag-Lloyd,0,Wien-Schwech...,,,A1
20000712-1,12-JUL-2000,Cessna 208 Caravan I,5Y-JAO,Skylink Kenya,,Nairobi-Wils...,, ,A1
20000715-0,15-JUL-2000,Canadair CL-215,1048,Hellenic AF,2,near Pelion Mount...,, ,A1
20000717-0,17-JUL-2000,Boeing 737-2A8,VT-EGD,Alliance Air,55+ 5,near Patna Airpor...,,,A1
20000717-1,17-JUL-2000,Avro RJ100, ,CityFlyer Express,0,London-Gatwi...,, ,H2
20000718-0,18-JUL-2000,Fokker F-28 Fellowship 4000,EP-PAU,Iran Aseman Airlines,0,Ahwaz Airpor...,, ,A1
20000718-1,18-JUL-2000,Antonov An-2, ,Unknown,0,near Chisinau,, ,A1
20000719-0,19-JUL-2000,Grumman G-159 Gulfstream I,C-GNAK,Airwave,2,"near Linneus, ME",,,A1
20000720-0,20-JUL-2000,Douglas C-47A (DC-3),N54AA,Allied Air Freight,2,near Nassau Inter...,,,A1
20000725-0,25-JUL-2000,Concorde 101,F-BTSC,Air France,109+ 4,Gonesse,,,A1
20000726-0,26-JUL-2000,Lockheed C-130H Hercules,348,Jordanian AF,13,near Mafraq-King ...,, ,A1
20000727-0,27-JUL-2000,DHC-6 Twin Otter 300,9N-ABP,Royal Nepal Airlines,25,Jarayakhali ...,,,A1
20000727-1,27-JUL-2000,Boeing 757-200, ,National Airlines,0,New York-Joh...,, ,H2
20000728-0,28-JUL-2000,Grumman G-159 Gulfstream I,C-GPTG,Airwave,0,Montreal-Dor...,, ,A1
20000729-0,29-JUL-2000,Beech B200C Super King Air,VT-EIE,Aerial Services,5,near Kulu-Bhuntar...,, ,A1
20000731-0,31-JUL-2000,DHC-6 Twin Otter 200,N201RH,Win Win Aviation,1,near Raleigh/Durh...,, ,A1
20000731-1,31-JUL-2000,Airbus, ,Cathay Pacific,0,Hong Kong-Ch...,, ,H2
20000802-0,02-AUG-2000,DHC-3 Otter,C-FMAJ,Jackson Air Service,0,Stevens/Nick...,, ,A1
20000802-3,02-AUG-2000,Antonov An-2R,RA-32718,Yeniseisky Meridian,0,within North-Yenisey,, ,A1
20000806-0,06-AUG-2000,CASA C-212-AB10 Aviocar 300,230,Chilean Army,14,Michimahuida...,, ,A1
20000808-0,08-AUG-2000,DC-9-32,N838AT,AirTran Airways,0,"Greensboro, NC",,,A1
20000812-0,12-AUG-2000,Antonov An-26B,9Q-CJI,STAER Airlines,27,near Tshikapa,, ,A1
20000812-1,12-AUG-2000,Beech 200 Super King Air,N3199A,Great Texas Foods,0,Spanish Cay ...,, ,A1
20000814-0,14-AUG-2000,Cessna 208 Caravan I,C-GMPB,RCMP,2,"Teslin Lake, BC",, ,A1
20000814-1,14-AUG-2000,Rockwell Sabreliner 75A,N85DW,Colonels,2,near Ironwood-Gog...,, ,A1
20000814-2,14-AUG-2000,Antonov An-26,71385,Air Force of Serbia and Montenegro,0,Beograd Airp...,, ,A1
20000815-1,15-AUG-2000,Antonov An-12BP,LZ-ITC,Inter Trans Air,0,Kisangani Ai...,, ,A1
20000818-0,18-AUG-2000,Tupolev Tu-154, ,Azerbaijan Airlines,0,Baku-Bina In...,, ,H2
20000818-1,18-AUG-2000,Boeing 737-2A1,PP-SMG,VASP,0,"near Porecatu, PR",, ,H2
20000823-0,23-AUG-2000,Airbus A320-212,A4O-EK,Gulf Air,143,near Bahrain Inte...,,,A1
20000824-0,24-AUG-2000,Let L-410UVP,9L-LBN,West Coast Airways,0,near Freetown-Lun...,, ,A1
20000826-0,26-AUG-2000,Cessna 208B Grand Caravan,HP-1357APP,"AeroPerlas, op.for SANSA",10,Arenal Volcano,,,A1
20000826-1,26-AUG-2000,Beech 300 Super King Air,XC-AA72,Mexican Government,3,near Ensenada Air...,, ,A1
20000902-0,02-SEP-2000,Douglas AC-47/Basler 67,FAC-1659,Colombian AF,7,"near Pueblo Rico,...",, ,A1
20000904-0,04-SEP-2000,Beech 200 Super King Air,VH-SKC,Central Air,8,"near Burketown, QLD",, ,A1
20000906-0,06-SEP-2000,DHC-6 Twin Otter 300,HP-1276APP,AeroPerlas,0,Rio Sidra Ai...,,,A2
20000906-1,06-SEP-2000,Lockheed C-130A Hercules,N116TG,T & G Aviation,2,near Aubenas,,,A1
20000908-4,08-SEP-2000,DHC-8-301, ,AIRES Colombia,0,San Vicente ...,, ,H2
20000909-0,09-SEP-2000,Dornier Do 128-2 Skyservant,HC-BRT,Renta Corporación,1,San Pablo-Co...,, ,A1
20000913-0,13-SEP-2000,Airbus A320-232,C-GTDC,Skyservice Airlines,0,Toronto-Pear...,, ,A2
20000914-0,14-SEP-2000,Airbus A300B4-622R, ,Qatar Airways,0,Hail Airport...,, ,H2
20000916-0,16-SEP-2000,BN-2A-8 Islander,H4-AAH,Solomon Airlines,0,Mbambanakira...,, ,H1
20000919-0,19-SEP-2000,Boeing 767-324ER,S7-RGV,Vietnam Airlines,0,Ho Chi Minh ...,, ,A2
20000919-1,19-SEP-2000,Antonov An-2, ,Unknown,1,near Cuba,, ,A1
20000921-0,21-SEP-2000,Boeing 707-312B,5V-TAG,Togo Government,0,Niamey Airpo...,,,A1
20000922-0,22-SEP-2000,Boeing 767-2B7ER,N654US,US Airways,0,Philadelphia...,,,A1
20000922-1,22-SEP-2000,Beech B99,N99TH,Alpine Aviation,0,Missoula-Joh...,, ,A2
20000923-0,23-SEP-2000,Cessna 208B Super Cargomaster,N590TA,Telford Aviation,0,"near Greenville, ME",, ,A2
20000924-0,24-SEP-2000,Fokker 100, ,Iran Air,0,Isfahan Airp...,, ,H2
20000926-0,26-SEP-2000,Douglas C-47B (DC-3),N12907,Saber Cargo Airlines,0,Charlotte-Do...,, ,A1
20000927-0,27-SEP-2000,Convair CV-580,C-GFHH,Hydro-Quebec,0,La Grande-LG...,,,A1
20000927-1,27-SEP-2000,Boeing 737, ,China Xinhua Airlines,1,Jinan Airpor...,, ,H2
20000928-0,28-SEP-2000,Airbus A310, ,Royal Jordanian,0,Amman-Queen ...,, ,H2
20001003-0,03-OCT-2000,Antonov An-12BK, ,Russian AF,,Petrel-Burev...,, ,A1
20001006-0,06-OCT-2000,DC-9-31,N936ML,Aeroméxico,0+ 4,Reynosa-Gen ...,,,A1
20001006-1,06-OCT-2000,Antonov An-72,TL-ACW,Centrafrican Airlines,0,Luzamba Airp...,, ,A1
20001008-0,08-OCT-2000,Shorts SC.7 Skyvan 3-100,C-FSDZ,Summit Air Charters,3,"near Port Radium, NT",, ,A1
20001009-0,09-OCT-2000,Cessna 208B Super Cargomaster,N941FE,"FedEx, op.for Empire Airlines",1,Lummi Island...,, ,A1
20001010-0,10-OCT-2000,Canadair Challenger 604,C-FTBZ,Bombardier,2,Wichita-Mid-...,,,A1
20001011-0,11-OCT-2000,ATR 42-512,VP-BOF,ACES,0,Bogotá-Eldor...,, ,O1
20001013-0,13-OCT-2000,Airbus A330-223, ,Sabena,0,Malaga,, ,H2
20001014-0,14-OCT-2000,Boeing 777-268,HZ-AKH,Saudi Arabian,0,Baghdad,,,H2
20001016-0,16-OCT-2000,Lockheed L-188A Electra,C-FQYB,Air Spray,0,Red Deer Air...,,,O1
20001016-1,16-OCT-2000,Aérospatiale SN.601 Corvette,F-BUQN,EADS,0,Toulouse-Bla...,, ,A1
20001019-0,19-OCT-2000,Harbin Yunshuji Y-12 II,RDPL-34130,Lao Aviation,8,near Sam Neua,, ,A1
20001019-1,19-OCT-2000,Beech 300 Super King Air,N398DE,AeroSmith Aviation,0,Concord-Buch...,, ,A1
20001019-2,19-OCT-2000,Beech 300 Super King Air 350,RP-C1587,PHILAM,0,Singapore-Se...,, ,A2
20001024-0,24-OCT-2000,Beech 300 Super King Air,D-CFMC,German Flight Inspection Int.,4,near Blumberg,,,A1
20001025-0,25-OCT-2000,Ilyushin Il-18D,RA-74295,Russian AF,84,near Batumi-Choro...,, ,A1
20001026-0,26-OCT-2000,Dornier Do 128-6 Turbo Skyservant,NAF-018,Nigerian AF,0,Jedo Village...,, ,A1
20001031-0,31-OCT-2000,Boeing 747-412,9V-SPK,Singapore Airlines,83,Taipei-Chian...,,,A1
20001031-1,31-OCT-2000,Antonov An-26,D2-FDI,ACA-Ancargo Air,49,near Mona Quimbundo,, ,A1
20001101-0,01-NOV-2000,DHC-6 Twin Otter 100,C-GGAW,West Coast Air,0,Vancouver-Co...,,,A1
20001103-0,03-NOV-2000,Cessna 650 Citation III,I-CIST,Locazione Finanziare,0,Roma-Ciampin...,, ,O1
20001105-0,05-NOV-2000,Boeing 747-2H7B (SCD),TJ-CAB,Cameroon Airlines,0,Paris-Charle...,,,A1
20001105-1,05-NOV-2000,Antonov An-24RV,RA-46499,Cheboksary Aviation Enterprise,0,Cheboksary A...,, ,A1
20001107-0,07-NOV-2000,Antonov An-32B,ER-AFA,"Renan, op.for Malu Aviation",2,Luabo Airport,,,A1
20001109-0,09-NOV-2000,Swearingen SA226-TC Metro II,N731AC,Superior Aviation,1,Fort Wayne M...,,,A1
20001109-1,09-NOV-2000,Basler Turbo 67 (DC-3T),FAES119,Salvadorian AF,0,Chilanga,,,A1
20001111-0,11-NOV-2000,Tupolev Tu-154, ,Vnukovo Airlines,0,Uvda Air For...,, ,H2
20001113-0,13-NOV-2000,DC-9-51,9G-ADY,Ghana Airways,0,Conakry Airp...,,,A1
20001113-1,13-NOV-2000,Yakovlev Yak-40K,EP-EAM,Aria Air Tour,0,Bandar Abbas,, ,H2
20001115-0,15-NOV-2000,Antonov An-24RV,D2-FCG,ASA Pesada,57,near Luanda-4 de ...,, ,A1
20001118-0,18-NOV-2000,BN-2B Islander,PK-VIY,Dirgantara Air Services,0,near Datah Dawai ...,,,A1
20001125-0,25-NOV-2000,Aérospatiale SN.601 Corvette,EC-DQG,Mayoral Executive Jet,1,near Córdoba,,,A1
20001128-0,28-NOV-2000,Swearingen SA227-AC Metro III,N3107P,Aero Condor,0,Trujillo Air...,,,A1
20001129-0,29-NOV-2000,DC-9-32,N826AT,AirTran Airways,0,Atlanta-Will...,,,A1
