identifiant,date,type,registration,operator,fat.,location, ,pic,cat

20120109-0,09-JAN-2012,Xian MA60,FAB-96,TAM,0,Guayaramerin...,, ,A2
20120112-0,12-JAN-2012,Let L-410UVP-E9,5Y-BSA,Blue Sky Aviation,0,Kichwa Tembo...,, ,A1
20120118-0,18-JAN-2012,DHC-8-315Q MPA,JA720A,Japan Coast Guard,0,near Kitakojima I...,,,A2
20120124-0,24-JAN-2012,DC-9-83 (MD-83),EC-JJS,"Swiftair, op.for Gryphon Airlines",0,Kandahar Air...,,,A1
20120124-1,24-JAN-2012,Canadair CRJ-200ER,N8524A,Pinnacle Airlines,0,Providence-T...,,,O1
20120130-0,30-JAN-2012,Antonov An-28,9Q-CUN,TRACEP-Congo Aviation,3,near Namoya,, ,A1
20120205-0,05-FEB-2012,Airbus A320-211,JA8384,All Nippon,0,Sendai Airpo...,,,A1
20120209-0,09-FEB-2012,DHC-6 Twin Otter 200,8Q-MAT,Maldivian Air Taxi,0,Male Interna...,,,A2
20120212-0,12-FEB-2012,Gulfstream G-IV,N2SA,"Trident Aviation Services, op.for Katanga Express",4+ 2,Bukavu-Kavum...,,,A1
20120212-1,12-FEB-2012,Airbus A320-232,PR-MAR,TAM Brasil,0,Porto Alegre...,, ,H2
20120213-0,13-FEB-2012,Learjet 55,N75LJ,Jet ICU Air Ambulance Service,0,Brooksville-...,, ,A1
20120213-1,13-FEB-2012,Airbus A320-214,RP-C3227,Airphil Express,0,Kalibo Airpo...,, ,A2
20120213-2,13-FEB-2012,Saab 2000,YR-SBK,Carpatair,0,Craiova Airp...,, ,A1
20120214-0,14-FEB-2012,Airbus A319-111,G-EZFV,easyJet,0,London-Luton...,, ,A2
20120217-0,17-FEB-2012,Let L-410UVP,RF-01152,DOSAAF,0,Tanay Airfie...,, ,A1
20120217-1,17-FEB-2012,ATR 72-212A (ATR 72-500),XY-AIT,Air KBZ,0,Thandwe Airp...,,,A1
20120221-0,21-FEB-2012,Lockheed CC-130H(T) Hercules,130342,RCAF,0,Key West NAS...,, ,A1
20120228-0,28-FEB-2012,Cessna 208B Grand Caravan,PT-PTB,CTA - Cleiton Taxi Aéreo,1,near Manaus-Aeroc...,,,A1
20120301-0,01-MAR-2012,Cessna 750 Citation X,N288CX,Asia Today,5,near Egelsbach Ai...,,,A1
20120302-0,02-MAR-2012,Cessna 650 Citation III,N72EP,Jeffy Jet,0,Paulding Nor...,, ,O1
20120304-0,04-MAR-2012,Antonov An-26,617,Yemen AF,0,Sana'a-Al Da...,, ,O1
20120307-0,07-MAR-2012,Boeing 737-500 ?, , Sudan Airways,0,El Obeid Air...,, ,H2
20120308-0,08-MAR-2012,BAe 3102 Jetstream 31,G-CCPW,"Links Air, op.for Manx2",0,Isle Of Man-...,,,A2
20120309-0,09-MAR-2012,DHC-6 Twin Otter 300,FAP-317,Peruvian AF,0,Laguna Cabal...,, ,A1
20120309-1,09-MAR-2012,Beech 100 King Air,N70JL,Southern Air Charter,0,Deadman's Ca...,,,A1
20120313-0,13-MAR-2012,Boeing 737-732 (WL),N309DE,Delta Air Lines,0,Atlanta Hart...,,,O2
20120315-0,15-MAR-2012,Convair CV-440-38,N153JR,Jet One Express,2,near San Juan-Lui...,,,A1
20120315-1,15-MAR-2012,Lockheed C-130J-30 Super Hercules,5630,Norwegian AF,5,Mount Kebnek...,,,A1
20120315-2,15-MAR-2012,Cessna 501 Citation I/SP,N7700T,private,5,Franklin-Mac...,,,A1
20120316-0,16-MAR-2012,CASA CN-235M-100,AEE-503,Ecuador Army,0,Quito-Marisc...,,,A2
20120317-0,17-MAR-2012,Beech 1900C,C-GCMZ,Northern Thunderbird Air,0,Blue River A...,,,A2
20120322-0,22-MAR-2012,Antonov An-2,FLA-1041K,private,0,near Byelaya Kali...,, ,A1
20120322-1,22-MAR-2012,Beech B300 Super King Air 350,CC-AEB,INAER Helicopter Chile,8,near Puerto Aguirre,, ,A1
20120322-2,22-MAR-2012,Douglas C-54G (DC-4),N406WA,Jet One Express,0,San Juan-Lui...,,,A1
20120324-0,24-MAR-2012,Cessna 208 Caravan I,N208JS,private,0,near Abalone Caye...,, ,A2
20120329-0,29-MAR-2012,Fokker 50,ST-NEX,Feeder Airlines,0,Wau Airport ...,, ,A1
20120331-0,31-MAR-2012,Boeing 777-246ER,JA701J,JAL,0,Tokyo Haneda...,, ,A2
20120402-0,02-APR-2012,ATR 72-201,VP-BYZ,UTair Aviation,33,near Tyumen Airpo...,,,A1
20120402-1,02-APR-2012,Hawker Siddeley HS-748,5Y-BZR,Timbis Air Services,0,Doro Airstrip,, ,A1
20120409-0,09-APR-2012,DHC-8-311Q Dash 8,5H-MWG,Air Tanzania,0,Kigoma Airpo...,,,A1
20120414-0,14-APR-2012,Boeing 737-33A (QC),G-ZAPZ,Titan Airways,0,Chambéry Air...,,,A2
20120415-0,15-APR-2012,Canadair CRJ-200ER,N684BR,"Delta Connection, opb ExpressJet Airlines",0,Moline-Quad-...,, ,O1
20120415-1,15-APR-2012,Fokker F-27 Friendship 500,5Y-SRJ,Sky Relief Services,0,Yida Airstrip,, ,A1
20120420-0,20-APR-2012,Boeing 737-236A,AP-BKC,Bhoja Airlines,127,near Islamabad-Be...,,,A1
20120421-0,21-APR-2012,Curtiss C-46F,CP-1319,SkyTeam Cargo,3,Santa Cruz-V...,,,A1
20120422-0,22-APR-2012,Boeing 737-4H6,AP-BJN,Shaheen Air,0,Karachi-Jinn...,, ,A2
20120423-0,23-APR-2012,Antonov An-2R,YR-BOR,Aerogetic,0,Dârvari,, ,A1
20120427-0,27-APR-2012,Boeing 727-212,XB-MNP,Unknown,0,Laguna Salada,,,A1
20120428-0,28-APR-2012,Antonov An-24RV,3X-GEB,Jubba Airways,0,Galkayo Airp...,,,A1
20120430-0,30-APR-2012,ATR 72-212A (ATR 72-500),L16-2/52,Thai AF,0,Dhaka-Shahja...,,,A1
20120501-0,01-MAY-2012,Airbus A300B4-605R,TC-OAG,"Onur Air, op.for Saudi Arabian",0,Jeddah-King ...,,,A2
20120502-0,02-MAY-2012,Cessna 208B Grand Caravan,5Y-NGO,"Airworks, op.for UN WFP",0,Yambio Airport,, ,A1
20120509-0,09-MAY-2012,Sukhoi Superjet 100-95B,97004,Sukhoi Civil Aircraft,45,near Jakarta,,,A1
20120511-0,11-MAY-2012,Convair CV-580F SCD,N171FL,Contract Air Cargo,0,Guatemala Ci...,,,A2
20120514-0,14-MAY-2012,Dornier 228-212,9N-AIG,Agni Air,15,near Jomsom Airpo...,,,A1
20120515-0,15-MAY-2012,DHC-6 Twin Otter 300,P2-MCZ,Airlines PNG,0,Sasereme Air...,,,A2
20120517-0,17-MAY-2012,ATR 72-212A (ATR 72-500),I-ADCD,Air Dolomiti,0,München-Fran...,,,A2
20120517-1,17-MAY-2012,Shorts 360-100,N617FB,Air Cargo Carriers,0,Houston-Geor...,,,A1
20120518-0,18-MAY-2012,Antonov An-2T,HA-MEA,Sky Escort Aero-Club Hungary,0,Gödöllõ Airf...,, ,O2
20120523-0,23-MAY-2012,Antonov An-30B,04 Black,Russian AF,0,Cáslav Air Base,,,A1
20120524-0,24-MAY-2012,Canadair CC-144A Challenger 600,144601,RCAF,0,near Tampa-Mac Di...,, ,A2
20120525-0,25-MAY-2012,Cessna 208B Super Cargomaster,D-FAAF,Skydive Flyzone,0,Lézignan-Cor...,, ,A2
20120528-0,28-MAY-2012,Boeing 777-237LR,VT-ALH,Air India,0,Mumbai (Bomb...,, ,A2
20120530-0,30-MAY-2012,Embraer EMB-140 (ERJ-135KL),N834AE,American Eagle,0,Chicago-O'Ha...,,,A2
20120530-1,30-MAY-2012,Boeing 747-45EF,B-16481,Eva Air,0,Chicago-O'Ha...,, ,A2
20120601-0,01-JUN-2012,Boeing 737-4Y0,PK-CJV,Sriwijaya Air,0,Pontianak-Su...,,,A1
20120602-0,02-JUN-2012,Boeing 727-221F,5N-BJN,Allied Air,0+ 12,Accra-Kotoka...,,,A1
20120603-0,03-JUN-2012,DC-9-83 (MD-83),5N-RAM,Dana Air,153+ 6,near Lagos-Murtal...,,,A1
20120603-1,03-JUN-2012,Lockheed P-2H Neptune,N14447,"Neptune Aviation Services, opf ",2,"near Modena, Iron...",,,A1
20120603-2,03-JUN-2012,Lockheed SP-2H Neptune,N355MA,Minden Air Corporation,0,Minden-Tahoe...,, ,A1
20120606-0,06-JUN-2012,Swearingen SA227-AC Metro III,CX-LAS,Air Class Líneas Aéreas,2,near Isla de Flor...,,,A1
20120607-0,07-JUN-2012,Learjet 60,N500SW,Performance Aircraft Leasing,0,Aspen-Pitkin...,, ,A1
20120609-0,09-JUN-2012,ATR 42-500,OK-KFM,CSA,0,Praha-Ruzyne...,,,O1
20120610-0,10-JUN-2012,Let L-410UVP,UR-SKD,Ukrainska Shkola Pilotov,5,Borodyanka,,,A1
20120610-1,10-JUN-2012,DHC-8-311,V2-LGH,LIAT,0,Antigua-Cool...,,,O1
20120611-0,11-JUN-2012,Antonov An-2R,RA-40312,Avia Zov,13,"near Serov, Sverd...",,,A1
20120612-0,12-JUN-2012,Hawker Siddeley HS-748,C-FTTW,Wasaya Airways,0,Sandy Lake A...,,,O1
20120616-0,16-JUN-2012,ATR 42-320,G-DRFC,Blue Islands,0,Jersey-State...,,,A1
20120618-0,18-JUN-2012,Beech Beechjet 400A,N826JH,N79TE,0,Atlanta-DeKa...,,,A1
20120620-0,20-JUN-2012,Boeing 767-381ER,JA610A,All Nippon,0,Tokyo-Narita...,,,A2
20120620-1,20-JUN-2012,Grumman G-159 Gulfstream I,9Q-CIT,ITAB,0,Pweto Airpor...,, ,A1
20120621-0,21-JUN-2012,Fokker F-27 Friendship 400M,A-2708,Indonesian AF,7+ 4,near Jakarta-Hali...,,,A1
20120623-0,23-JUN-2012,Cessna 208B Grand Caravan,EJC-1131,Colombian Army,4,"near La Leona,Toc...",, ,A1
20120627-0,27-JUN-2012,Ilyushin Il-76MD,RA-76761,Russian AF,0,Tver-Migalov...,, ,A1
20120629-0,29-JUN-2012,Embraer ERJ-190,B-3171,Tianjin Airlines,2,Hotan Airpor...,,,H2
20120701-0,01-JUL-2012,Lockheed C-130H Hercules,93-1458,USAF,4,"near Edgemont, SD",,,A1
20120704-0,04-JUL-2012,Rockwell Sabreliner 75A,AE-175,Argentine Army,0,El Palomar A...,,,A2
20120704-1,04-JUL-2012,DHC-8-402Q Dash 8,N213WQ,"United Express, opb Colgan Air",0,Houston-Geor...,,,A2
20120709-0,09-JUL-2012,DHC-6 Twin Otter 300,8Q-TMT,Trans Maldivian Airways,0,Conrad Maldi...,,,A2
20120712-0,12-JUL-2012,Harbin Yunshuji Y-12 II,5T-MAE,Mauritanian AF,7,near Nouakchott A...,, ,A1
20120713-0,13-JUL-2012,Gulfstream G-IV,N823GA,Universal Jet Aviation,3,Le Castellet...,,,A1
20120715-0,15-JUL-2012,DC-9-83 (MD-83),N110HM,American Airlines,0,Dallas/Fort ...,,,O1
20120717-0,17-JUL-2012,Canadair CRJ-200ER,N865AS,SkyWest Airlines,1,Saint George...,,,C1
20120718-0,18-JUL-2012,Boeing 737-230,CC-CRQ,Sky Airline,0,La Serena-La...,,,A2
20120719-0,19-JUL-2012,Antonov An-2R,RA-40934,Dalnevostochnaya,0,"Elban, Amur ...",, ,A1
20120722-0,22-JUL-2012,Let L-410UVP-E3,RF-00138,DOSAAF,1,Bolshoe Gryz...,,,A1
20120728-0,28-JUL-2012,Beech B200 Super King Air,OO-LET,ASL - Air Service Liege,0,Cambridge Ai...,, ,A1
20120728-1,28-JUL-2012,Beech B200 King Air,PR-DOC,Vilma Alimentos,8,Juiz de Fora...,, ,A1
20120802-0,02-AUG-2012,Cessna 500 Citation I,EC-IBA,Airnor,2,near Santiago de ...,,,A1
20120806-0,06-AUG-2012,Embraer Phenom 300,CN-MBR,Dalia Air,0,St. Gallen-A...,,,A1

20120810-0,10-AUG-2012,Bombardier DHC-8-402Q Dash 8,N341NG,"United Express, opb Colgan Air",0,Washington-D...,,,A2
20120810-1,10-AUG-2012,Airbus A330-343X,D-AIKE,Lufthansa,0,Washington-D...,,,A2
20120816-0,16-AUG-2012,Saab 2000 AEW&C,10049,Pakistan AF,0,Kamra-Minhas...,, ,C1
20120817-0,17-AUG-2012,Embraer ERJ-190,B-16825,Mandarin Airlines,0,Magong Airpo...,, ,A2
20120819-0,19-AUG-2012,Antonov An-26-100,ST-ARL, Alfa Airlines,32,near Talodi,,,A1
20120822-0,22-AUG-2012,Let L-410UVP-E9,5Y-UVP,Mombasa Air Safari,4,Ngerende Air...,,,A1
20120830-0,30-AUG-2012,BN-2B-26 Islander,B-68801,Dapeng Airlines,3,"near Jhuosi, Hual...",,,A1
20120831-0,31-AUG-2012,ATR 42-500,AP-BHJ,PIA,0,Lahore Airpo...,,,A1
20120909-0,09-SEP-2012,Antonov An-2P,SP-FMA,Aeroklub Bydgoski,0,Bydgoszcz Ai...,, ,A2
20120910-0,10-SEP-2012,DHC-8-301,C-GUON,"Air Canada Express, opb Jazz Aviation",0,Gaspé Airpor...,,,A2
20120912-0,12-SEP-2012,Antonov An-28,RA-28715,Petropavlovsk-Kamchatsky Air Ent.,10,near Palana Airport,,,A1
20120915-0,15-SEP-2012,Learjet 24D,D-CMMM,BIO Aerospace,0,near Bornholm-Røn...,,,A1
20120918-0,18-SEP-2012,Beech Beechjet 400,N428JD,Dewberry Air,0,Macon Downto...,,,A1
20120920-0,20-SEP-2012,Airbus A320-232,YK-AKF,Syrian Arab Airlines,0,near Duma,,,A2
20120921-0,21-SEP-2012,DHC-6 Twin Otter 300,9N-ABQ, Tara Air,0,Dolpa Airpor...,, ,A2
20120922-0,22-SEP-2012,Gulfstream G-V,N511QS,NetJets,0+ 1,San Francisc...,,,O1
20120922-1,22-SEP-2012,Hawker Beech 390 Premier IA,VT-UPN,Govt of Uttar Pradesh,0,Delhi-Indira...,,,A1
20120928-0,28-SEP-2012,Dornier 228-202,9N-AHA, Sita Air,19,near Kathmandu-Tr...,,,A1
20120929-0,29-SEP-2012,Antonov An-2R,RA-33601,Plant ELKAP,0,"near Ivdel, Sverd...",,,A2
20120999-0,??-SEP-2012,Antonov An-2R,RA-40220,SHP Dmitrievsky,0,Dmitrievskay...,,,A1
20121004-0,04-OCT-2012,Boeing 717-2BD,N894AT,Southwest Airlines,0,Milwaukee-Ge...,,,A2
20121007-0,07-OCT-2012,Antonov An-12BP,ST-ARV,"AZZA Transport, op.for Sudan AF",15,"near Omdurman, Kh...",, ,A1
20121007-1,07-OCT-2012,BN-2A-26 Islander,VP-MON,FlyMontserrat,3,Antigua-V.C....,,,A1
20121010-0,10-OCT-2012,Embraer Phenom 100,PR-PNM,PNM Consultoria,0,Porto Alegre...,, ,A2
20121013-0,13-OCT-2012,MD-11F,N988AR,Centurion Air Cargo,0,São Paulo/Ca...,,,A1
20121014-0,14-OCT-2012,Boeing 737-8KN (WL),TC-TJK,Corendon Airlines,0,Antalya Airp...,,,A1
20121016-0,16-OCT-2012,Bombardier CRJ-701ER,F-GRZE,"Brit Air, op.for Air France",0,Lorient-Lann...,, ,A2
20121017-0,17-OCT-2012,DHC-8-315Q Dash 8,N800AW,U.S. Department of State,0,Kabul Airpor...,,,A2
20121019-0,19-OCT-2012,Fokker 100,VH-NQE,Network Aviation Australia,0,Nifty Airpor...,, ,A2
20121019-1,19-OCT-2012,Antonov An-12B,EK12112,Air Mark Aviation,0,,,,A1
20121025-0,25-OCT-2012,Cessna 208B Grand Caravan,5N-BMJ,Taraba State Government,0,near Yola Airport...,, ,A1
20121028-0,28-OCT-2012,Beech 1900D,TT-ABB,Chad Government,0,Bir Kalait,,,A2
20121030-0,30-OCT-2012,Let L-410UVP,9Q-CAZ,Cetraca Aviation Service,0,Butembo Airport,,,A1
20121030-1,30-OCT-2012,Cessna 560 Citation V,C-FBCW,Can-West Corporate Air Charter,0,Edmonton Int...,,,A1
20121106-0,06-NOV-2012,Cessna 208B Super Cargomaster,N793FE,"FedEx, op.for Baron Aviation",1,near Wichita-Mid-...,,,A1
20121109-0,09-NOV-2012,CASA C-295M,7T-WGF,Algerian AF,6,near Saint-Germai...,, ,A1
20121109-1,09-NOV-2012,Curtiss C-46A,C-GTXW,Buffalo Airways,0,Yellowknife ...,, ,A2
20121111-0,11-NOV-2012,Cessna 525B CitationJet CJ3,PR-MRG,Tropic Air Táxi Aéreo,0,São Paulo-Co...,, ,A1
20121113-0,13-NOV-2012,Swearingen SA226-TC Metro II,EC-JYC,Zorex Air Transport,0,Murcia-San J...,, ,A2
20121115-0,15-NOV-2012,Fokker 50,5Y-CAN,Skyward International Aviation,0,Aweil Airport,, ,A1
20121116-0,16-NOV-2012,Airbus A300B4-203F,EI-EAC,"Air Contractors, op.for DHL Aviation",0,Bratislava-M...,,,A1
20121117-0,17-NOV-2012,Cessna 550 Citation II,N6763L,U.S. Customs,0,Greenwood Co...,, ,A1
20121118-0,18-NOV-2012,Cessna 208B Grand Caravan,C-GAGP,Gogal Air Service,1,near Snow Lake Ai...,,,A1
20121119-0,19-NOV-2012,Antonov An-26,3X-GFN,"Trast Aero, op.for Ultimate Air",0,Yida Airstrip,,,A1
20121121-0,21-NOV-2012,Antonov An-26,420,Yemen AF,10,near Sana'a Inter...,, ,A1
20121121-1,21-NOV-2012,Antonov An-26B-100,RA-26061,Polyarnye Avialinii,0,Deputatskiy ...,,,A1
20121125-0,25-NOV-2012,Antonov An-2R,RA-33589,Aeroclub Maestro,1,Yugorsk-2 Ai...,,,A1
20121127-0,27-NOV-2012,Embraer EMB-120ER Brasilia,D6-HUA,Inter Iles Air,0,near Moroni-Princ...,,,A1
20121129-0,29-NOV-2012,Cessna 208B Grand Caravan,N1324G,Martinaire,0,near Bryans Corne...,, ,A1
20121130-0,30-NOV-2012,Ilyushin Il-76T,EK-76300," Air Highnesses, op.for Aéro-Service",7+ 25,near Brazzaville-...,,,A1
20121203-0,03-DEC-2012,Cessna 208B Grand Caravan,N169LJ,Era Alaska,0,near Mekoryuk-Ell...,,,A2
20121205-0,05-DEC-2012,AMI C-47TP (DC-3T),6840,South African AF,11,Giant's Cast...,,,A1
20121205-1,05-DEC-2012,Canadair CRJ-200LR,N411ZW,"Air Wisconsin, op.for US Airways Express",0,near New York-La ...,,,A2
20121207-0,07-DEC-2012,BN-2A-7 Islander,XC-UPJ,Nayarit State Government,0,La Yesca Air...,, ,A1
20121209-0,09-DEC-2012,Learjet 25,N345MC,Starwood Management,7,near Iturbide,,,A1
20121211-0,11-DEC-2012,Lockheed HC-130P Hercules,65-0981,USAF,,within Afghanistan,, ,U1
20121217-0,17-DEC-2012,Antonov An-26-100,OB-1887-P,Amazon Sky,4,Tomas Distri...,,,A1
20121217-1,17-DEC-2012,Learjet 24, ,Unknown,0,Hyderabad-Be...,, ,O1
20121219-0,19-DEC-2012,Beech B100 King Air,N499SW,Stinger Welding,2,near Libby Airpor...,,,A1
20121220-0,20-DEC-2012,Basler Turbo 67 (DC-3T),C-GEAI,"Kenn Borek Air, op.for ALCI Aviation",0,Holtanna Gla...,, ,A2
20121221-0,21-DEC-2012,Cessna 550 Citation II,N753CC,U.S. Customs,0,Oklahoma Cit...,, ,A1
20121222-0,22-DEC-2012,Swearingen SA227-AC Metro III,C-GFWX,Perimeter Aviation,1,Sanikiluaq A...,,,A1
20121225-0,25-DEC-2012,Fokker 100,XY-AGC,Air Bagan,1+ 1,near Heho Airport...,,,A1
20121225-1,25-DEC-2012,Antonov An-72-100,UP-72859,Kazakhstan Border Guards,27,near Shymkent Air...,,,A1
20121229-0,29-DEC-2012,Tupolev Tu-204-100V,RA-64047,Red Wings Airlines,5,Moskva-Vnuko...,,,A1
20121231-0,31-DEC-2012,BAe 3101 Jetstream 31,HR-AWG,EasySky,0,San Pedro Su...,, ,A2
20129999-0,??-???-2012,Let L-410UVP,3D-SPL,ETA Air Charter,,Caia Airport...,, ,U1
