identifiant,date,type,registration,operator,fat.,location, ,pic,cat

19581111-1,11-NOV-1958,Fairchild C-82A Packet,TG-AVA,Aviateca,,San Francisc...,, ,A1
19581114-0,14-NOV-1958,Douglas C-47A (DC-3),CN-CCJ,RAM,0,Tangier Airp...,, ,A1
19581114-1,14-NOV-1958,Fairchild C-119 Flying Boxcar, ,USAF,4,"near Swan Valley, ID",, ,A1
19581116-0,16-NOV-1958,Curtiss C-46F,N1301N,Capitol Airways,2,near Fort Collins...,, ,A1
19581117-0,17-NOV-1958,Douglas C-124A Globemaster II,51-0162,USAF,0,Augusta-Bush...,, ,A1
19581121-1,21-NOV-1958,Douglas C-47A (DC-3),2029,Brazilian AF,0,Rio de Janei...,, ,A1
19581122-0,22-NOV-1958,Grumman SA-16A Albatross,7103,Portuguese AF,0,Azores,, ,A1
19581124-0,24-NOV-1958,Antonov An-2,CCCP-L5676,Aeroflot / Magadan,0,Anadyr,, ,A1
19581125-0,25-NOV-1958,Boeing KC-135A,56-3598,USAF,5,Limestone-Lo...,, ,A1
19581129-0,29-NOV-1958,Douglas C-47B (DC-3),A65-89,RAAF,1,"East Sale, VIC",,,C1
19581201-0,01-DEC-1958,Douglas C-47B (DC-3),K-18/OT-CWH,Belgian AF,0,Paulis Airpo...,, ,A1
19581202-0,02-DEC-1958,Vickers 732 Viscount,G-ANRR,Hunting-Clan,6,Frimley,, ,A1
19581204-0,04-DEC-1958,SNCASE SE.161 Languedoc,EC-ANR,Aviaco,21,Guadarrama M...,, ,A1
19581207-0,07-DEC-1958,Ilyushin Il-14,CCCP-L2096,Aeroflot / North Kavkaz,1,near Stalingrad A...,, ,A1
19581209-0,09-DEC-1958,Avro Shackleton MR.1,VP254,RAF,10,"near Labuan, Mala...",, ,A1
19581210-0,10-DEC-1958,DH-114 Heron 1B,PK-GHP,Garuda,0,Jakarta,, ,U1
19581213-0,13-DEC-1958,Fairchild CC-119 Flying Boxcar,22128,RCAF,0,near Modena,, ,A1
19581215-0,15-DEC-1958,Lockheed Learstar 1,N37500,private,7,"near Whoonsocket, RI",, ,A1
19581215-1,15-DEC-1958,Ilyushin Il-14,CCCP-41843,"Aeroflot, Ulyanovsk Flight School",4,near Ulyanovsk/Ba...,, ,A1
19581215-2,15-DEC-1958,Ilyushin Il-12,CCCP-L1467,Aeroflot / Uralsk,0,Cherepovets ...,, ,A1
19581221-1,21-DEC-1958,Douglas Dakota III (DC-3),975,RCAF,5,"near Cutigliano, ...",, ,A1
19581223-0,23-DEC-1958,Ilyushin Il-14,CCCP-61663,Aeroflot / Uzbekistan,21,near Tashkent-Yuz...,, ,A1
19581224-0,24-DEC-1958,Ilyushin Il-12T,CCCP-L1458,Aeroflot / Kazakstan,0,Uralsk Airpo...,, ,A1
19581224-1,24-DEC-1958,Bristol 175 Britannia 312,G-AOVD,BOAC,9,Sopley Park,,,A1
19581224-2,24-DEC-1958,Lockheed L-749A Constellation,F-BAZX,Air France,0,near Wien-Schwech...,, ,A1
19581226-0,26-DEC-1958,Douglas DC-6B,F-BGTZ,UAT,3,Salisbury Ai...,, ,A1
19581229-0,29-DEC-1958,Boeing B-17F,CP-579,LAB,,near Uncía,, ,A1
19581230-0,30-DEC-1958,SAAB Scandia 90A-2,PP-SQE,VASP,21,Guanabara Ba...,, ,A1
19581230-1,30-DEC-1958,Ilyushin Il-14M,CCCP-04196,Polyarnaya Aviatsiya,16,"near Hatanga, Kra...",, ,A1
19589999-0,??-???-1958,Grumman G-73 Mallard,N10400,Unknown,,,, ,U1
19589999-1,??-???-1958,Vickers 663 Viscount,VX217,UK Ministry of Supply,0,Seighford,, ,O1
19589999-2,??-???-1958,Fairchild C-119G Flying Boxcar,53-3221,USAF,0,Athens Airpo...,, ,A1
19589999-5,??-???-1958,Curtiss C-46F,FAP-652,Peruvian AF,,,, ,U1

19580103-0,03-JAN-1958,Douglas DC-3-277D,PP-VDL,Varig,0,Porto Alegre...,, ,A1
19580108-0,08-JAN-1958,Douglas DC-3A,F-BAOA,Air France,0,Poitiers-Bia...,, ,A1
19580108-1,08-JAN-1958,Douglas C-47 (DC-3),484,TAM Peru,11,near Rioja,, ,A1
19580110-0,10-JAN-1958,Avro Shackleton T.4,VP259,RAF,2,near Forres-Kinlo...,,,A1
19580111-0,11-JAN-1958,Fairchild C-82A Packet,PP-CEH,Cruzeiro do Sul,0,Rio de Janei...,, ,A1
19580114-0,14-JAN-1958,Lockheed R7V-1 Super Constellation,128437,US Navy,9,Patuxent Riv...,, ,A1
19580114-1,14-JAN-1958,Junkers Ju-52/3m,LQ-ZBM,Argentine Ministry of Agriculture,7,near Esquel Airpo...,, ,A1
19580116-0,16-JAN-1958,Douglas C-47D (DC-3),N75391,Interior Enterprise,0,"Aklavik, NT",, ,A1
19580116-1,16-JAN-1958,Fairchild C-82A Packet,PP-CEF,Cruzeiro do Sul,3,near Belém/Val-de...,, ,A1
19580118-0,18-JAN-1958,Douglas R5D Skymaster (DC-4), ,US Navy,0,near Okinawa-Kade...,, ,A1
19580119-0,19-JAN-1958,Boeing C-97A,49-2597,USAF,7,"near Honolulu, Ha...",, ,A1
19580121-0,21-JAN-1958,Douglas DC-3,TAM-04,TAM,11,between Tipu...,, ,A1
19580123-0,23-JAN-1958,Vickers Varsity T.1,WL633,RAF,3,Manston RAF ...,, ,A1
19580128-0,28-JAN-1958,Douglas C-47D,43-49181,USAF,,Bilbao,, ,A1
19580201-0,01-FEB-1958,Lockheed P2V-5F Neptune,127723,US Navy,6,Santa Fe Spr...,, ,A1
19580201-1,01-FEB-1958,Douglas C-118A (DC-6),53-3277,USAF,41+ 1,"Norwalk, CA",, ,A1
19580201-2,01-FEB-1958,Douglas DC-4,PP-LEM,Loide Aéreo Nacional,5,Rio de Janei...,, ,A1
19580201-3,01-FEB-1958,Douglas DC-7C,N733PA,Pan Am,0,Amsterdam-Sc...,,,A2
19580204-0,04-FEB-1958,Blackburn Beverley C.1,XH118,RAF,1,Beihan,,,A1
19580206-0,06-FEB-1958,Airspeed AS.57 Ambassador 2,G-ALZU,BEA,23,München-Riem...,, ,A1
19580206-1,06-FEB-1958,Fairchild C-82A Packet,TG-ATA,Aviateca,0,Guatemala Ci...,, ,A1
19580211-0,11-FEB-1958,Handley Page Marathon T.2,XA268,RAF,0,Topcliffe RA...,, ,A1
19580211-3,11-FEB-1958,Douglas DC-3,YV-C-AVS,AVENSA,2,"Hato, Apure",, ,A1
19580213-0,13-FEB-1958,Convair CV-240-1,N8405H,Western Air Lines,0,near Palm Springs...,, ,A1
19580215-0,15-FEB-1958,Douglas VC-47A (DC-3),42-93817,USAF,16,Monte Vesuvio,, ,A1
19580216-0,16-FEB-1958,Douglas DC-3, ,Korean National Airlines,0,Pyongyang-Su...,, ,H2
19580216-1,16-FEB-1958,Lisunov Li-2V,CCCP-N502,Polyarnaya Aviatsiya,,Mirny Ice St...,, ,A1
19580219-0,19-FEB-1958,Tupolev Tu-104,CCCP-L5414,"Aeroflot, LUTTs",0,near Savasleika A...,,,A1
19580219-1,19-FEB-1958,Consolidated Catalina IIA (PBY-5A),F-OAVV,Réseau Aérien Interinsulaire,15,near Raiatea Airp...,, ,A1
19580219-2,19-FEB-1958,Douglas DC-6B,PH-DFK,KLM,1,Cairo-Almaza...,, ,A2
19580219-3,19-FEB-1958,DH-114 Heron 1B,G-APJS,Gulf Aviation,3,Mount Scifar...,, ,A1
19580220-0,20-FEB-1958,Lockheed WV-2 Super Constellation,141310,US Navy,22,near Ilha do Corv...,,,A1
19580224-0,24-FEB-1958,Lockheed 18 Lodestar,N9050,Cluett Peabody & Company,0,near Chicago-Merr...,, ,A1
19580226-0,26-FEB-1958,Vickers 657 Viking 1,G-AGRT,Eagle Aviation,,El Adem RAF ...,, ,O1
19580227-0,27-FEB-1958,Bristol 170 Freighter 21E,G-AICS,Manx Airlines,35,Winter Hill,,,A1
19580299-0,??-FEB-1958,Lisunov Li-2V,CCCP-N496,"GUSMP, Directorate of Polar Aviation",0,Mirny,, ,A1
19580299-1,??-FEB-1958,Lisunov Li-2V,CCCP-N501,Polyarnaya Aviatsiya,0,near Mirny Ice St...,, ,A1
19580299-2,??-FEB-1958,Douglas DC-4,N37474,California Eastern,,unknown,, ,U1
19580301-1,01-MAR-1958,Convair CV-240-0,N94213,American Airlines,0,New Haven Ai...,, ,A1
19580307-0,07-MAR-1958,Vickers 628 Viking 1B,SU-AGN,Misrair,8,Manzala Lake,, ,A1
19580307-1,07-MAR-1958,Fairchild R4Q-1 Flying Boxcar (C-11,128741,USMC,26,near Okinawa-Naha...,, ,A1
19580310-0,10-MAR-1958,Douglas DC-7B,N846D,Douglas,,"Long Beach, CA",, ,A1
19580312-0,12-MAR-1958,Consolidated C-10A Catalina (PBY-5A,6517,Brazilian AF,1,"Belém, PA",, ,A1
19580317-0,17-MAR-1958,Martin 4-0-4,N496A,Eastern Air Lines,0,"Melbourne, F...",, ,A1
19580322-0,22-MAR-1958,Douglas DC-3,PI-C626,Fleming,0,Bacolod Airp...,, ,A1
19580322-1,22-MAR-1958,Lockheed 18 Lodestar,N300E,"Ayer Lease Plan, op.for private",4,"near Grants, NM",, ,A1
19580322-2,22-MAR-1958,Lockheed RC-121D Constellation,54-2308,USAF,0,near Sacramento-M...,, ,A1
19580324-0,24-MAR-1958,Douglas C-47A (DC-3),VT-CYN,Indian Airlines,20,near Kathmandu,, ,A1
19580325-0,25-MAR-1958,Bristol 170 Freighter 21E,HZ-AAB,Saudi Arabian,0,Guriat Airstrip,, ,A1
19580325-1,25-MAR-1958,Douglas DC-7C,N5904,Braniff Airways,9,near Miami Intern...,, ,A1
19580327-0,27-MAR-1958,Douglas C-124C Globemaster II,52-0981,USAF,15,"near Bridgeport, TX",, ,A1
19580327-1,27-MAR-1958,Fairchild C-119C Flying Boxcar,49-195,USAF,3,"Bridgeport, TX",, ,A1
19580327-2,27-MAR-1958,Douglas C-47 (DC-3),HJ252,Indian AF,0,near Myitkyina,, ,A1
19580328-0,28-MAR-1958,Lisunov Li-2,CCCP-L4198,Aeroflot / Latvia,0,near Riga-Spilve ...,, ,A1
19580330-0,30-MAR-1958,Curtiss C-46D,TI-1019,Aerolineas Nacionales,,near Havana,, ,C1
19580401-1,01-APR-1958,Handley Page HP.81 Hermes IVA,G-ALDV,Skyways,3,Meesden Green,, ,A1
19580402-0,02-APR-1958,Junkers Ju-52/3m,HC-SND,TAO,3,Quito,,,A1
19580405-0,05-APR-1958,Ilyushin Il-14,632,CAAC,14,near Xi'an,, ,A1
19580406-0,06-APR-1958,Vickers 745D Viscount,N7437,Capital Airlines,47,near Freeland-Tri...,, ,A1
19580406-1,06-APR-1958,Martin P5M-1 Marlin,130269,US Navy,8,near Iwakuni MCAS,, ,A1
19580407-0,07-APR-1958,Douglas C-47A (DC-3),HC-ACL,AREA Ecuador,32,Cerro Illiniza,, ,A1
19580409-0,09-APR-1958,Vickers Viscount, ,Cubana,0,Mérida-Rejon...,, ,H2
19580410-0,10-APR-1958,Douglas C-53-DO (DC-3),EC-ABN,Iberia,0,near Son Bonet Ai...,, ,A1
19580410-1,10-APR-1958,Curtiss C-46, ,South Korea AF,1,Pyongtaek,, ,H2
19580411-0,11-APR-1958,Convair CV-240-12,SP-LPB,LOT,0,Warszawa-Oke...,, ,A1
19580413-0,13-APR-1958,Douglas C-133A Cargomaster,54-0146,USAF,4,"near Georgetown, DE",, ,A1
19580413-1,13-APR-1958,Douglas DC-3, ,Cubana,0,Miami Intern...,, ,H2
19580413-2,13-APR-1958,Douglas SC-47A (DC-3),42-93183,USAF,3,Tacoma-McCho...,, ,A1
19580414-0,14-APR-1958,DH-114 Heron 2D,EC-ANJ,Aviaco,16,near Barcelona Ai...,, ,A1
19580420-0,20-APR-1958,Douglas C-54A (DC-4),F-BELK,Air France,0,near In Salah Air...,,,A1
19580420-1,20-APR-1958,DHC-3 Otter,F-BHEL,Aigle Azur Extrême Orient,1,Sam Neua Air...,, ,A1
19580421-0,21-APR-1958,Douglas DC-7,N6328C,United Airlines,47,"near Arden, NV",,,A1
19580424-0,24-APR-1958,Antonov An-2T,CCCP-N640,"GUSMP, Directorate of Polar Aviation",0,Mirny Ice St...,, ,O1
19580428-0,28-APR-1958,Vickers 802 Viscount,G-AORC,BEA,0,Craigie,,,A1
19580429-0,29-APR-1958,Antonov An-10,CCCP-L7256,MAP Voronezh AZ,1,near Voronezh,, ,A1
19580502-0,02-MAY-1958,Antonov An-2,CCCP-N588,"GUSMP, Directorate of Polar Aviation",3,near Igarka,, ,A1
19580504-0,04-MAY-1958,Douglas C-47B (DC-3),44-76412,USAF,0,Qrendi,, ,A1
19580505-0,05-MAY-1958,Handley Page Marathon T.2,XA253,RAF,0,Topcliffe RA...,, ,A1
19580507-0,07-MAY-1958,Ilyushin Il-18A,CCCP-L5821,Soviet AF,10,near Moskva-Shere...,, ,A1
19580509-0,09-MAY-1958,Fairchild F-27,N1027,Fairchild,0,Hagerstown R...,,,O1
19580509-1,09-MAY-1958,Lockheed Ventura,N101G,Gulf Research & Development Co.,,near New Braunfel...,, ,A1
19580510-0,10-MAY-1958,Boeing S.307 Stratoliner,N75385,Quaker City Airways,0,"near Madras, OR",, ,A1
19580512-0,12-MAY-1958,Vickers Valetta C.1,WD170,RAF,0,near Singapore-Ch...,, ,A1
19580513-0,13-MAY-1958,Consolidated PBY-5A Catalina,B-819,Air America,,Manada-Mapan...,, ,O1
19580514-0,14-MAY-1958,Lockheed R7V-1 Super Constellation,131652,US Navy,5,"near Taft, CA",, ,A1
19580514-1,14-MAY-1958,Douglas C-47A (DC-3),CF-DME,Wheeler Airlines,0,"near Arctic Bay, NU",,,A2
19580515-0,15-MAY-1958,Convair CV-240-7,AP-AEH,PIA,21+ 2,Delhi-Palam ...,, ,A1
19580516-0,16-MAY-1958,Douglas C-47A (DC-3),G-AGHP,BEA,3,"Châtenoy, Lo...",, ,A1
19580518-0,18-MAY-1958,Douglas DC-7C,OO-SFA,Sabena,61,near Casablanca-C...,, ,A1
19580518-1,18-MAY-1958,Douglas C-47B (DC-3),T-450,Indonesian AF,0,"Laha, Ambon",, ,C1
19580520-0,20-MAY-1958,Avro 685 York C.1,G-AMUT,Dan-Air Services,0,Malta-Luqa A...,, ,A1
19580520-1,20-MAY-1958,Vickers 745D Viscount,N7410,Capital Airlines,11,"near Brunswick, MD",,,A1
19580525-0,25-MAY-1958,Avro 685 York C.1,G-AMUV,Dan-Air Services,4,Gurgaon,, ,A1
19580525-1,25-MAY-1958,Lockheed RC-121D Super Constellatio,55-0123,USAF,0,Falmouth-Oti...,, ,A1
19580525-2,25-MAY-1958,Morane Saulnier MS.760 Paris I,F-BGVO,French Navy,0,Lisboa Airpo...,, ,A1
19580528-0,28-MAY-1958,Antonov An-2T,CCCP-N542,"GUSMP, Directorate of Polar Aviation",0,Lake Figurnoye,, ,O1
19580530-0,30-MAY-1958,Douglas C-47A (DC-3),13487/F-SCID,French AF,4,near Andapa,, ,A1
19580531-0,31-MAY-1958,Curtiss C-46D,PP-BTB,Paraense Transportes Aéreos,4,near Rio de Janei...,, ,A1
19580531-1,31-MAY-1958,Curtiss C-46F,N1302N,Reeve Aleutian Airways,,Driftwood Ba...,, ,A1
19580531-2,31-MAY-1958,Douglas C-47A (DC-3),F-BHKV,Air France,15,near Molière,, ,A1

19580599-0,??-MAY-1958,Antonov An-2,CCCP-H542,Aeroflot,,,, ,O1
19580602-0,02-JUN-1958,Boeing 377 Stratocruiser,N1023V,Pan Am,1,Manila Inter...,, ,A1
19580602-1,02-JUN-1958,Lockheed L-749A Constellation,XA-MEV,Aeronaves de México,45,near Guadalajara ...,,,A1
19580603-0,03-JUN-1958,Douglas C-124A Globemaster II,51-0114,USAF,6,near Fairfield-Tr...,, ,A1
19580604-0,04-JUN-1958,Douglas C-53B (DC-3),N49553,Capital Airlines,1,Martinsburg ...,, ,A1
19580608-0,08-JUN-1958,Lockheed 414-56 Hudson IIIA,VH-AGG,Adastra Airways,3,near Lae Airfield,, ,A1
19580609-0,09-JUN-1958,Ilyushin Il-12,CCCP-L1364,Aeroflot / Far East,24,near Magadan-13 A...,, ,A1
19580610-0,10-JUN-1958,Douglas DC-6,LV-ADV,Aerolineas Argentinas,0,near Ilha Grande ...,,,A1
19580616-0,16-JUN-1958,Convair CV-440-59,PP-CEP,Cruzeiro do Sul,21,near Curitiba Air...,, ,A1
19580617-0,17-JUN-1958,Fairchild C-82A Packet,HK-930,LIDCA,3,near Santo Domingo,, ,A1
19580618-0,18-JUN-1958,Nord 2501 Noratlas,73,French AF,,Blida,, ,A1
19580619-0,19-JUN-1958,Curtiss C-46F,LX-LAA,Luxembourg Airlines,0,Stuttgart-Ec...,, ,A1
19580625-0,25-JUN-1958,Douglas DC-3C,VT-COJ,Indian Airlines,5,near Damroh,, ,A1
19580626-0,26-JUN-1958,Curtiss C-46A,HK-391,Lloyd Aéreo Colombiano,0,Puerto Columbia,, ,A1
19580626-1,26-JUN-1958,Antonov An-12, ,NII VVS,0,Moskva-Khody...,, ,A1
19580627-0,27-JUN-1958,Boeing KC-135A,56-3599,USAF,15,Springfield-...,, ,A1
19580627-1,27-JUN-1958,Douglas C-118A (DC-6),51-3822,USAF,0,,, ,C1
19580627-2,27-JUN-1958,Antonov An-2,CCCP-L5643,Aeroflot / Magadan,2,near Byelaya Noch,, ,A1
19580702-0,02-JUL-1958,Antonov An-2,CCCP-L3803,Aeroflot / Komi,4,near Inta,, ,A1
19580704-0,04-JUL-1958,Douglas C-124C Globemaster II,50-0107,USAF,6,near Johnston Island,, ,A1
19580708-0,08-JUL-1958,Douglas C-47A (DC-3),43-15467,USAF,2,near Tachikawa Ai...,, ,A1
19580709-0,09-JUL-1958,Douglas C-47A (DC-3),VT-CYM,Indian Airlines,3,near Dhaka,, ,A1
19580713-0,13-JUL-1958,Douglas C-47A (DC-3),CF-QBG,Quebecair,0,Rimouski Air...,, ,O1
19580713-1,13-JUL-1958,Douglas C-47A (DC-3),CF-QBF,Quebecair,0,Rimouski Air...,, ,O1
19580713-2,13-JUL-1958,Douglas C-47A (DC-3),CF-QBE,Quebecair,0,Rimouski Air...,, ,O1
19580713-3,13-JUL-1958,Douglas C-48 (DC-3),CF-QBD,Quebecair,0,Rimouski Air...,, ,O1
19580713-4,13-JUL-1958,Douglas C-47A (DC-3),CF-QBH,Quebecair,0,Rimouski Air...,, ,O1
19580715-0,15-JUL-1958,Nord 2501D Noratlas,AS+575,German AF,6,Böcklweiher,, ,A1
19580717-0,17-JUL-1958,Curtiss C-46A,HI-16,Dominicana,2,Ciudad Truji...,, ,A1
19580717-1,17-JUL-1958,Douglas C-47A (DC-3),T-22,Argentine AF,,Río Cuarto A...,, ,A1
19580806-0,06-AUG-1958,Vickers Valetta T.4,WJ467,RAF,0,near Leeming RAF ...,, ,A1
19580806-1,06-AUG-1958,Douglas C-47 (DC-3), ,Republic of China AF,0+ 2,Taipeh,, ,A1
19580809-0,09-AUG-1958,Vickers 748D Viscount,VP-YNE,Central African Airways,36,near Benghazi-Ben...,, ,A1
19580809-1,09-AUG-1958,Lockheed PV-2T Harpoon,N7457C,Aklavik Import & Export Co.,1,"near Fort Yukon, AK",, ,A1
19580811-0,11-AUG-1958,Douglas DC-4,PP-LEQ,Loide Aéreo Nacional,10,Ilha Carnapi...,, ,A1
19580811-2,11-AUG-1958,Lockheed P2V-7LP Neptune,140434,US Navy,0,near Ontario Inte...,, ,A1
19580812-0,12-AUG-1958,Douglas C-47B (DC-3),T-19,Argentine AF,12,Trelew Airpo...,, ,A1
19580812-1,12-AUG-1958,Douglas C-53-DO (DC-3),JA5045,All Nippon,33,near Toshima,, ,A1
19580814-0,14-AUG-1958,Lockheed L-1049H-01-06-162 Super Co,PH-LKM,KLM,99,"near Shannon, Ire...",,,A1
19580815-1,15-AUG-1958,Convair CV-240-2,N90670,Northeast Airlines,25,near Nantucket Me...,, ,A1
19580815-2,15-AUG-1958,DH-114 Heron 1B,G-AMYU,Jersey Airlines,0,Guernsey Air...,,,A1
19580815-3,15-AUG-1958,Tupolev Tu-104A,CCCP-L5442,Aeroflot / Moscow,64,"near Talakan, Kha...",, ,A1
19580819-0,19-AUG-1958,Douglas C-47 (DC-3),PP-CDI,Cruzeiro do Sul,0,Itajaí Airpo...,, ,A1
19580828-0,28-AUG-1958,Douglas DC-6B,N575,Northwest Orient Airlines,0,Minneapolis-...,, ,A1
19580830-0,30-AUG-1958,Handley Page HPR-7 Herald 100,G-AODE,Handley Page,0,Milford,, ,A1
19580902-0,02-SEP-1958,Vickers 621 Viking 1,G-AIJE,Independent Air Travel,3+ 4,near London Airpo...,,,A1
19580902-1,02-SEP-1958,Douglas C-124C Globemaster II,52-1081,USAF,19,near Guam-Agana N...,, ,A1
19580902-2,02-SEP-1958,Lockheed C-130A-II Hercules,56-0528,USAF,17,near Sasnashen,, ,C1
19580905-0,05-SEP-1958,Curtiss C-46A,PP-LDX,Loide Aéreo Nacional,13,near Campina Gran...,, ,A1
19580905-1,05-SEP-1958,Ilyushin Il-14P,CCCP-L2048,Aeroflot / Estonia,1,Jõhvi,, ,H1
19580907-0,07-SEP-1958,Ilyushin Il-14P,CCCP-L1692,Aeroflot / Kyrgyzstan,27,near Konstantinov...,, ,A1
19580908-1,08-SEP-1958,Douglas C-54A (DC-4),VT-DIA,Indian Airlines,0,Madras Airpo...,, ,A1
19580909-0,09-SEP-1958,Lockheed L-1049H Super Constellatio,N6920C,Flying Tiger Line,8,near Tokyo,, ,A1
19580909-1,09-SEP-1958,Douglas SC-47,43-15345,USAF,13,Anchorage-El...,, ,A1
19580910-0,10-SEP-1958,Martin PBM-5A Mariner,P-303,Dutch Navy,10,Abadan Airpo...,, ,A1
19580916-1,16-SEP-1958,Curtiss C-46A,HK-514,SAM,0,near Medellín-Enr...,, ,A1
19580917-0,17-SEP-1958,Douglas C-124A Globemaster II,51-0165,USAF,1,Oklahoma Cit...,, ,A1
19580918-0,18-SEP-1958,Douglas C-47B (DC-3),CBK-081,Turkish AF,9,near Giresun,, ,A1
19580919-0,19-SEP-1958,Lockheed C-130A Hercules,56-0526,USAF,6,near Triel,, ,A1
19580919-1,19-SEP-1958,Ilyushin Il-12P,CCCP-L3904,Aeroflot / Far East,28,"near Lazo, Khabar...",, ,A1
19580919-2,19-SEP-1958,CSR-123 Otter (DHC-3),3744,RCAF,0,Gaza Air Base,, ,A1
19580921-0,21-SEP-1958,DH.86B Express,G-ACZP,private,0,Madrid-Baraj...,,,A1
19580922-0,22-SEP-1958,Convair CV-240-2,PP-VCK,Varig,0,Rio de Janei...,, ,A1
19580922-1,22-SEP-1958,Douglas VC-47D (DC-3),PP-NAR,NAB,3,"near Barreiras, BA",, ,A1
19580925-0,25-SEP-1958,Douglas C-47A (DC-3),CF-TET,TransAir,0,Coral Harbou...,, ,A1
19580929-0,29-SEP-1958,Avro 685 York I,OD-ADB,MEA,5,Mediterranea...,, ,A1
19580929-1,29-SEP-1958,Curtiss C-46,223,Republic of China AF,1,near Kinmen,, ,C1
19580929-2,29-SEP-1958,Lockheed P2V-5 Neptune,131461,US Navy,10,"near Key West, FL",, ,A1
19581002-0,02-OCT-1958,Curtiss C-46,199,Republic of China AF,,unknown,, ,U1
19581005-2,05-OCT-1958,CASA 352 (Ju-52), ,Spanish AF,6,near Buendía,, ,A1
19581009-0,09-OCT-1958,Fairchild C-123B Provider,55-4521,USAF,19,"near Payette, ID",, ,A1
19581010-0,10-OCT-1958,Lisunov Li-2,CCCP-84733,Aeroflot / Privolzhsk,4,Smyshlyaevka...,, ,A1
19581014-0,14-OCT-1958,Lockheed L-1049G-82 Super Constella,YV-C-ANC,LAV,23,near Maracaibo,, ,A1
19581015-0,15-OCT-1958,Douglas C-47A (DC-3),TAM-03,TAM,20,near Villa Montes,, ,A1
19581015-1,15-OCT-1958,Douglas C-47A (DC-3),43-15295,USAF,,near Okarben,, ,A1
19581016-0,16-OCT-1958,Lisunov Li-2,CCCP-65708,"Aeroflot, MAG SPiVS",,near Sukpai,, ,A1
19581016-1,16-OCT-1958,Douglas C-124C Globemaster II,52-1017,USAF,7,near Cape Hallett...,, ,A1
19581017-0,17-OCT-1958,Tupolev Tu-104A,CCCP-42362,Aeroflot / Moscow,80,near Kanash,, ,A1
19581017-1,17-OCT-1958,Vickers 610 Viking 1B,D-BELA,Deutsche Flugdienst,0,Zele,,,A1
19581018-0,18-OCT-1958,Lockheed WV-2 Super Constellation,141294,US Navy,11,near Argentia NAS...,, ,A1
19581019-0,19-OCT-1958,Douglas C-47B (DC-3),476560/FRAST,French AF,6,near Blantyre-Chi...,, ,A1
19581022-0,22-OCT-1958,Vickers 701C Viscount,G-ANHC,BEA,31,near Anzio,,,A1
19581022-1,22-OCT-1958,Douglas C-47B (DC-3),G-AMVB,Hunting Aerosurveys,,Masjid-i-Sul...,, ,U1
19581022-2,22-OCT-1958,Douglas DC-3A,CU-T266,Cubana,0,Mayarí Arriba,, ,H1
19581022-3,22-OCT-1958,Fairchild F-27,YV-C-EVH,AVENSA,0,Porlamar Air...,,,A2
19581022-4,22-OCT-1958,UC-1 Otter (DHC-3),142427,US Navy,0,Ross Ice Shelf,, ,A1
19581022-5,22-OCT-1958,Douglas C-47D (DC-3),43-48300,USAF,6,near Harrisburg-O...,, ,A1
19581025-0,25-OCT-1958,Antonov An-2, ,Aeroflot,0,Nizhniye Kre...,, ,H2
19581101-0,01-NOV-1958,Vickers 755D Viscount,CU-T603,Cubana,17,near Preston Airp...,, ,H1
19581102-0,02-NOV-1958,Lisunov Li-2,CCCP-84624,Aeroflot / Ukraine,4,near Grahovo,, ,A1
19581103-0,03-NOV-1958,Douglas C-47 (DC-3),YE-AAB,Yemen Airlines,8,near Roccatamburo...,, ,A1
19581104-0,04-NOV-1958,Bristol 170 Freighter 21,F-BHVB,CAT,0,Le Touquet,, ,A1
19581106-0,06-NOV-1958,Douglas DC-3A,CU-T8,Cubana,0,Mayarí Arriba,, ,H1
19581106-1,06-NOV-1958,Lockheed P2V-7 Neptune,146435,French Navy,0,Lorient-Lann...,, ,A2
19581107-0,07-NOV-1958,Ilyushin Il-14,CCCP-52024,Aeroflot / Azerbaijan,12,Privetnoye,, ,A1
19581108-0,08-NOV-1958,Douglas DC-3,TAM-05,TAM,3,San Borja - ...,, ,A1
19581109-0,09-NOV-1958,Martin PBM-5 Mariner,CS-THB,ARTOP,36,"near Lisbon, Port...",, ,A1
19581110-0,10-NOV-1958,Lockheed L-1049D Super Constellatio,N6503C,Seaboard & Western,0,New York-Idl...,, ,A1
19581110-1,10-NOV-1958,Vickers 724 Viscount,CF-TGL,TCAL,0,New York-Idl...,, ,O1
19581111-0,11-NOV-1958,Curtiss C-46A,LV-FTP,TSA,0,near Buenos Aires...,, ,A1
