identifiant,date,type,registration,operator,fat.,location, ,pic,cat

19690709-0,09-JUL-1969,SE-210 Caravelle III,HS-TGK,Thai Airways International,0,Bangkok Inte...,, ,A1
19690710-0,10-JUL-1969,Douglas DC-3B-202A,N139D,private,0,Malcolm Isla...,, ,A1
19690710-1,10-JUL-1969,Douglas C-54B (DC-4),HK-186,Avianca,0,Barranquilla...,, ,H2
19690710-2,10-JUL-1969,Douglas C-54B (DC-4),HK-558,SAM Colombia,0,Bogotá-Eldor...,, ,H2
19690710-3,10-JUL-1969,Howard 500,N320L,Ling Temco Vought,0,Charleston-K...,, ,A1
19690711-0,11-JUL-1969,DH-114 Heron 1B,TN-ABA,Unknown,0,Ruddervoorde,,,A1
19690712-1,12-JUL-1969,Douglas DC-3D,9N-AAP,Royal Nepal Airlines,35,near Hetauda,, ,A1
19690712-2,12-JUL-1969,Douglas C-47A (DC-3),9N-AAO,Royal Nepal Airlines,0,Nepalganj Ai...,, ,A1
19690715-0,15-JUL-1969,DHC-6 Twin Otter 200,N558MA,New York Airways,3,New York-Joh...,, ,A1
19690715-1,15-JUL-1969,Avro 748-105 Srs. 1,LV-IEV,Aerolineas Argentinas,0,Bahía Blanca...,, ,A1
19690715-2,15-JUL-1969,Douglas R4D-1 (DC-3),101,Salvadorian AF,0,Ilopango,, ,A1
19690716-0,16-JUL-1969,Lockheed L-100 Hercules,CF-PWO,Pacific Western,0,Caucaya Airs...,, ,A1
19690723-0,23-JUL-1969,Douglas C-47 (DC-3),F-OCKT,Air Djibouti,0,near Khor Ambadu,, ,A1
19690725-1,25-JUL-1969,Douglas C-47J (DC-3),150187,US Navy,0,Thórshöfn Ai...,,,A1
19690726-0,26-JUL-1969,Airspeed AS.57 Ambassador 2,G-ALZR,BKS Air Transport,0,London-Gatwi...,,,A1
19690726-1,26-JUL-1969,Boeing 707-331C,N787TW,TWA,5,Atlantic Cit...,, ,A1
19690726-2,26-JUL-1969,SE-210 Caravelle VI-N,7T-VAK,Air Algérie,33,near Hassi Messao...,,,A1
19690726-3,26-JUL-1969,C-7B Caribou (DHC-4),62-4186,USAF,1,within Phuoc Tuy pr...,, ,A1
19690726-4,26-JUL-1969,DC-9, ,Continental Air Lines,0,Havana-José ...,, ,H2
19690726-5,26-JUL-1969,Douglas DC-6,XA-JOT,Mexicana,0,Havana-José ...,, ,H2
19690726-6,26-JUL-1969,U-1A Otter (DHC-3),57-6109,US Army,0,Atlantic Cit...,, ,O1
19690729-0,29-JUL-1969,unknown, ,Unknown,0,Managua Airp...,, ,H2
19690729-2,29-JUL-1969,Hawker Siddeley HS-121 Trident 1C,G-ARPS,BEA,0,London-Heath...,, ,O1
19690731-0,31-JUL-1969,Boeing 727, ,TWA,0,Havana-José ...,, ,H2
19690731-1,31-JUL-1969,Antonov An-2,OK-KHD,Slov-Air,,Drahomysl,, ,A1
19690799-0,??-JUL-1969,Douglas C-54A (DC-4),F-OCNU,Air Fret,,Uli Airstrip,, ,O1
19690802-0,02-AUG-1969,SE-210 Caravelle VI-N,I-DABF,Alitalia,0,Marseille-Ma...,, ,A1
19690803-0,03-AUG-1969,Boeing 707-323C,N7567A,American Airlines,0,"Fort Worth, TX",, ,A2
19690803-1,03-AUG-1969,Antonov An-24B,CCCP-46248,Aeroflot / Ukraine,55,Preobrazhenk...,, ,A1
19690803-2,03-AUG-1969,Lockheed L-1049H Super Constellatio,CF-NAJ,Canairelief Air,4,near Uli Airstrip,, ,A1
19690804-0,04-AUG-1969,Lockheed L-749A Constellation,N120A,Trans Southern Corp,0,"near Auriflama, SP",,,A1
19690804-1,04-AUG-1969,Douglas DC-4,HK-115,Avianca,0,Santiago Air...,, ,H2
19690804-2,04-AUG-1969,Douglas C-47M (DC-3),17254,US Navy,16,Andes Mountains,, ,A1
19690805-0,05-AUG-1969,DC-9, ,Eastern Air Lines,0,Tampa Intern...,, ,H2
19690805-1,05-AUG-1969,Hawker Siddeley HS-748, ,Philippine Air Lines,1,near Zamboanga,, ,C2
19690809-0,09-AUG-1969,Lockheed L-1049G Super Constellatio,F-BGNC,Catair,4,near Douala,,,A1
19690811-0,11-AUG-1969,Douglas DC-3, ,Ethiopian Airlines,0,Khartoum,, ,H2
19690812-0,12-AUG-1969,Vickers 768D Viscount,VT-DJC,Indian Airlines,0,Calcutta Air...,, ,A2
19690812-1,12-AUG-1969,DC-9-31,N938PR,Caribair,0,Saint Thomas...,, ,A2
19690812-2,12-AUG-1969,Antonov An-12B,CCCP-11018,Aeroflot / Polar,4,near Novosibirsk-...,, ,A1
19690814-0,14-AUG-1969,Boeing 727, ,Northeast Airlines,0,Havana-José ...,, ,H2
19690816-0,16-AUG-1969,Douglas DC-3,SX-BBF?,Olympic Airways,0,Valona,, ,H2
19690818-0,18-AUG-1969,Antonov An-24, ,Misrair,0,El Wagah,, ,H2
19690819-0,19-AUG-1969,Antonov An-2R,CCCP-96175,Aeroflot / Belarus,5,"near Mostki, Roga...",, ,A1
19690820-1,20-AUG-1969,Douglas DC-6,XA-MOO,Mexicana,0,Tuxtla Gutié...,, ,A1
19690821-0,21-AUG-1969,Bristol 170 Freighter 21E,G775,Pakistan AF,,,, ,U1
19690821-1,21-AUG-1969,Vickers Varsity T.1,WJ895,RAF,0,near Oakington RA...,, ,A1
19690823-0,23-AUG-1969,Hawker Siddeley HS-748,HK-1408,Avianca,0,Santiago Air...,, ,H2
19690825-0,25-AUG-1969,Douglas C-47B (DC-3),HC-ALK,TAO,1,Suere,, ,A1
19690826-0,26-AUG-1969,Hawker Siddeley HS-748,AF-601,Zambian Air Force,3,Lusaka Airpo...,, ,A1
19690826-1,26-AUG-1969,Ilyushin Il-18B,CCCP-75708,Aeroflot / Moscow,16,Moskva-Vnuko...,, ,A1
19690826-2,26-AUG-1969,Lockheed C-130B Hercules,FAC-1002,Colombian AF,0,Santa Bárbara,, ,A1
19690826-3,26-AUG-1969,Antonov An-2,CCCP-41971,Aeroflot / Krasnoyarsk,14,near Khovu-Aksy A...,, ,A1
19690829-0,29-AUG-1969,Boeing 727, ,National Airlines,0,Havana-José ...,, ,H2
19690829-1,29-AUG-1969,Boeing 707-331B,N776TW,TWA,0,Damascus Int...,, ,H2
19690830-0,30-AUG-1969,CASA 352 (Ju-52), ,Spanish AF,0,near Dueñas,, ,A1
19690830-1,30-AUG-1969,Learjet 23,PP-FMX,Inst. Bras. de Reforma Agraria,5,near Rio de Janei...,, ,A1
19690901-0,01-SEP-1969,Ilyushin Il-14P,CCCP-61731,Aeroflot / Magadan,22,near Egvekinot-Za...,, ,A1
19690901-3,01-SEP-1969,Douglas AC-47D,43-49021,USAF,8,near Phú My,, ,C1
19690902-0,02-SEP-1969,Convair CV-240-1,N8410H,Hughes Tool Corp,0,Encampment A...,, ,A1
19690906-0,06-SEP-1969,Lockheed EC-121R Super Constellatio,67-21495,USAF,4+ 4,Korat AFB,, ,A1
19690906-1,06-SEP-1969,Curtiss C-46A,CP-834,SANIA,,Caranavi,, ,A1
19690906-2,06-SEP-1969,DHC-6 Twin Otter 100,N2711N,Interior Airways,2,"Sagwon, AK",, ,A1
19690906-3,06-SEP-1969,Douglas C-47 (DC-3),FAE4341,TAME Ecuador,0,Santiago-Ant...,, ,H2
19690906-4,06-SEP-1969,Douglas DC-3-209,FAE1969,TAME Ecuador,1,Tumaco-La Fl...,, ,H2
19690907-0,07-SEP-1969,DC-8-61, ,Eastern Air Lines,0,Havana-José ...,, ,H2
19690908-0,08-SEP-1969,Douglas C-47 (DC-3),FAC-685-A,SATENA,35,near Caño La Raya,, ,A1
19690908-1,08-SEP-1969,Antonov An-12B,CCCP-11377,Aeroflot / Polar,5,Amderma Airp...,, ,A1
19690909-0,09-SEP-1969,SE-210 Caravelle III,F-BHRY,Air France,0,Marseille-Ma...,, ,A2
19690909-1,09-SEP-1969,DC-9-31,N988VJ,Allegheny Airlines,82,"near Fairland, IN",,,A1
19690910-0,10-SEP-1969,DC-8, ,Eastern Air Lines,0,San Juan-Isl...,, ,H2
19690910-1,10-SEP-1969,Ilyushin Il-18V,CCCP-75791,Aeroflot / Krasnoyarsk,0,Yakutsk Airp...,, ,A1
19690911-0,11-SEP-1969,C-7B Caribou (DHC-4),62-4187,USAF,4,near Plei Djereng,, ,C1
19690911-1,11-SEP-1969,Douglas C-124C Globemaster II,52-0951,USAF,,Ogden-Hill A...,, ,O1
19690912-0,12-SEP-1969,BAC One-Eleven 402AP,PI-C1131,Philippine Air Lines,45,near Manila Inter...,,,A1
19690913-0,13-SEP-1969,Douglas C-47 (DC-3),HR-SAH,SAHSA,0,San Salvador...,, ,H2
19690913-1,13-SEP-1969,Douglas DC-6, ,Ethiopian Airlines,1,Aden Interna...,, ,H2
19690914-0,14-SEP-1969,Douglas C-47B (DC-3),PP-SPP,VASP,20,Londrina Air...,, ,A1
19690914-1,14-SEP-1969,DHC-6 Twin Otter 100,942,Chilean AF,0,Puelo Alto,, ,A1
19690916-0,16-SEP-1969,Vickers 794D Viscount,TC-SEC,THY,0,Sofia-Vrazhd...,, ,H2
19690917-1,17-SEP-1969,Convair CV-640,CF-PWR,Pacific Western,4,near Campbell Riv...,,,A1
19690919-0,19-SEP-1969,Douglas C-47B (DC-3),14654/F-SCIB,French AF,0,Glasgow-Pres...,, ,O1
19690920-1,20-SEP-1969,Douglas C-54D (DC-4),XV-NUG,Air Vietnam,74+ 2,near Da Nang Airp...,, ,A1
19690921-0,21-SEP-1969,Boeing 727-64,XA-SEJ,Mexicana,27,near Mexico City-...,, ,A1
19690924-0,24-SEP-1969,Boeing 727, ,National Airlines,0,Havana-José ...,, ,H2
19690926-0,26-SEP-1969,Antonov An-2,CCCP-44984,Aeroflot / Polar,5,near Tiksi Airpor...,, ,A1
19690926-1,26-SEP-1969,Douglas DC-6B,CP-698,LAB,74,near La Paz,, ,A1
19690926-2,26-SEP-1969,Boeing C-97G Stratofreighter,N52676,Nordchurchaid,5,Uli Airstrip,,,A1
19690929-0,29-SEP-1969,Handley Page HP-137 Jetstream 1,G-AXEL,British Steel,0,Courtyard Farm,, ,A1
19690930-0,30-SEP-1969,Douglas EC-47Q,43-48959,USAF,0,Hue-Phu Bai ...,, ,A1
19691001-0,01-OCT-1969,Antonov An-12, ,Soviet AF,6,near Pskov,, ,A1
19691002-0,02-OCT-1969,Grumman C-2A Greyhound,152796,US Navy,27,"near Dong Hoi, Vi...",, ,A1
19691006-0,06-OCT-1969,DHC-4A Caribou,A4-147,RAAF,0,Tapini Airpo...,, ,A1
19691006-1,06-OCT-1969,Lockheed C-130B Hercules,58-0718,USAF,5,near Chu Lai,, ,A1
19691007-0,07-OCT-1969,Tupolev Tu-134,HA-LBC,Malev,0,Amsterdam-Sc...,,,A2
19691008-0,08-OCT-1969,Boeing 707-387B,LV-ISC,Aerolineas Argentinas,0,Havana-José ...,, ,H2
19691008-1,08-OCT-1969,SE-210 Caravelle VI-N,PP-PDX,Cruzeiro do Sul,0,Havana,, ,H2
19691008-2,08-OCT-1969,Douglas EC-47P,43-49100,USAF,6,near Phu Cat Air ...,, ,A1
19691009-0,09-OCT-1969,DC-8, ,National Airlines,0,Havana-José ...,, ,H2
19691010-0,10-OCT-1969,Fairchild C-123K Provider,54-642,USAF,5,within Kien Giang P...,, ,A1

19691011-0,11-OCT-1969,Fairchild AC-119G Shadow,52-5907,USAF,6,Saigon-Tan S...,, ,A1
19691011-1,11-OCT-1969,BN-2A Islander,N852JA,San Juan Air,2,near San Juan [Ca...,, ,A1
19691012-0,12-OCT-1969,Antonov An-10,CCCP-11169,Aeroflot / East Siberia,0,Mirny Airpor...,, ,A1
19691013-0,13-OCT-1969,Antonov An-24B,CCCP-47772,Aeroflot / Tyumen,24,near Nizhnevartov...,, ,A1
19691013-1,13-OCT-1969,Douglas C-54D (DC-4),42-72611,USAF,4,within Alaska,, ,A1
19691013-2,13-OCT-1969,Douglas C-47 (DC-3),FAC-660,Colombian AF,0,"near Piendamó, Cauca",, ,A1
19691016-0,16-OCT-1969,DC-8-63CF,N8634,Seaboard World,0,Stockton Air...,, ,A1
19691016-1,16-OCT-1969,Lockheed 18 Lodestar,N170L,private,0,"Golden Gate, FL",, ,A1
19691017-0,17-OCT-1969,Lockheed P-2H Neptune,140433,US Navy,,"Seattle NAS, WA",, ,A1
19691019-0,19-OCT-1969,Ilyushin Il-18B, ,LOT,0,Berlin-Tegel...,, ,H2
19691020-0,20-OCT-1969,NAMC YS-11A-213,JA8708,All Nippon,0,Miyazaki Air...,, ,A1
19691021-0,21-OCT-1969,Boeing 720B, ,Pan Am,0,Havana,, ,H2
19691026-0,26-OCT-1969,Vickers 833 Viscount,4X-AVC,Arkia,0,Tel Aviv-Lod...,, ,A1
19691028-0,28-OCT-1969,Beech 65-B80 Queen Air,HK-1022,Aerotaxi SA,0,Santiago-Ant...,, ,H2
19691031-0,31-OCT-1969,Rockwell 1121 Jet Commander,N236JP,Pittston Co.,3,Rural Retrea...,, ,A1
19691031-1,31-OCT-1969,Boeing 707, ,TWA,0,Rome,, ,H2
19691101-0,01-NOV-1969,Antonov An-2,CCCP-43847,Aeroflot / Kazakstan,4,Kazalinsk,, ,A1
19691101-1,01-NOV-1969,Convair CV-440-75,SE-BSU,Linjeflyg,0,Stockholm-Ar...,, ,A1
19691102-0,02-NOV-1969,Douglas DC-6A,LN-FOM,Joint Church Aid,0,Uli Airstrip,, ,C1
19691104-0,04-NOV-1969,BAC One-Eleven, ,LANICA,0,Grand Cayman...,, ,H2
19691104-1,04-NOV-1969,Boeing 707-345C,PP-VJX,Varig,0,"Santiago, Ha...",, ,H2
19691106-0,06-NOV-1969,Learjet 23,N1021B,Mack Truck,7,near Racine-Horli...,,,A1
19691106-1,06-NOV-1969,CASA 352 (Ju-52),T.2B-133,Spanish AF,,,, ,U1
19691108-0,08-NOV-1969,BAC One-Eleven 420EL,LV-IZR,Austral Lineas Aéreas,0,Montevideo-C...,, ,H2
19691109-0,09-NOV-1969,Douglas C-47B (DC-3),CF-AAL,Austin Airways,2,near Timmins Airp...,, ,A1
19691110-0,10-NOV-1969,Douglas DC-4-1009,N480G,Pan African Airlines,,Port Harcour...,, ,C1
19691110-1,10-NOV-1969,Fokker F-27 Friendship 400M,899,Sudan AF,3,near Sudan b...,, ,A1
19691110-2,10-NOV-1969,DC-9, ,Delta Air Lines,0,Cincinnati/N...,, ,H2
19691110-3,10-NOV-1969,Douglas DC-3C,AAQ,Nigerian AF,,Escravos,, ,A1
19691110-5,10-NOV-1969,Douglas C-47D (DC-3),43-49019,USAF,,,, ,A1
19691111-0,11-NOV-1969,DH-125-400A,CF-CFL,Churchill Falls,8,"near Wabush, NL",, ,A1
19691112-0,12-NOV-1969,NAMC YS-11A-202,PP-CTL,Cruzeiro do Sul,0,Havana,, ,H2
19691112-1,12-NOV-1969,Sud-Aviation SE-210 Caravelle VIR,CC-CCO,LAN Chile,0,Antofagasta,, ,H2
19691113-0,13-NOV-1969,Antonov An-12TB,CCCP-11376,Aeroflot / Polar,9,near Amderma Airp...,, ,A1
19691113-1,13-NOV-1969,Douglas DC-4,HK-728,Avianca,0,Santiago Air...,, ,H2
19691113-2,13-NOV-1969,T-39A-1-NA Sabreliner,59-2871,USAF,0,near Valparaiso-E...,, ,A1
19691119-0,19-NOV-1969,Fairchild FH-227B,N7811M,Mohawk Airlines,14,near Glenn Falls-...,, ,A1
19691119-1,19-NOV-1969,Tupolev Tu-134,HA-LBA,Malev,0,Istanbul-Ata...,,,A1
19691120-0,20-NOV-1969,Vickers VC10-1101,5N-ABD,Nigeria Airways,87,near Lagos/Ikeja ...,, ,A1
19691120-1,20-NOV-1969,Antonov An-24V,SP-LTB,LOT,0,Wien-Schwech...,,,H2
19691120-2,20-NOV-1969,BN-2 Islander,VH-ATK,Aerial Tours,,Bolovip Airp...,, ,A1
19691124-0,24-NOV-1969,Lockheed C-130A Hercules,56-0533,USAF,8,near Ban Talan,,,C1
19691125-0,25-NOV-1969,Douglas C-47A (DC-3),HR-ANA,SAHSA,0,Tegucigalpa-...,, ,A1
19691125-1,25-NOV-1969,Antonov An-2,CCCP-44995,Aeroflot / Ukraine,5,near Mukachevo,, ,A1
19691127-1,27-NOV-1969,Avro 748-105 Srs. 1,LV-HHI,Aerolineas Argentinas,0,near Santa Rosa A...,,,A1
19691128-2,28-NOV-1969,Lockheed L-749A Constellation,5N-85H,Biafran Government,8,Oukaimeden m...,,,A1
19691129-0,29-NOV-1969,Boeing 707-345C,PP-VJX,Varig,0,Havana-Jose ...,, ,H2
19691201-0,01-DEC-1969,Boeing 707-321B,N892PA,Pan Am,0,Sydney-Kings...,,,A2
19691202-0,02-DEC-1969,Fokker F-27 Friendship 400M,TC-77,LADE,0,Base Marambi...,,,A1
19691202-1,02-DEC-1969,Boeing 707, ,TWA,0,Havana-José ...,, ,H2
19691203-0,03-DEC-1969,Boeing 707-328B,F-BHSZ,Air France,62,near Caracas-Simo...,,,A1
19691204-0,04-DEC-1969,Rockwell 1121B Jet Commander,SE-DCY,Ehrenström Flyg,2,Stockholm-Br...,, ,A1
19691205-0,05-DEC-1969,Douglas C-47A (DC-3),CC-CBY,LAN Chile,0,Puerto Montt...,, ,A1
19691205-1,05-DEC-1969,Lockheed 18 Lodestar,N410M,private,11,"near Albuquerque, NM",, ,A1
19691205-2,05-DEC-1969,BN-2A Islander,9M-APE,MSA,0,Bario Airpor...,, ,A1
19691206,06-DEC-1969,CASA 352 (Ju-52),T.2B-249,Spanish AF,,,, ,U1
19691206-0,06-DEC-1969,Antonov An-12PL,CCCP-11381,Aeroflot / Polar,8,near Khatanga,, ,A1
19691208-0,08-DEC-1969,Douglas DC-6B,SX-DAE,Olympic Airways,90,near Athens,, ,A1
19691211-0,11-DEC-1969,NAMC YS-11-125,HL5208,KAL,0,Pyongyang,, ,H1
19691211-2,11-DEC-1969,Ilyushin Il-18B,CCCP-75699,Aeroflot / Uralsk,0,between Sver...,, ,A1
19691211-3,11-DEC-1969,Consolidated Canso A,L-853,Danish AF,1,near Gilleleje,, ,A1
19691212-0,12-DEC-1969,Curtiss C-46A,CP-800,Transportes Aéreos Litoral,,Corani,, ,A1
19691212-1,12-DEC-1969,Lockheed C-130A Hercules,56-0499,USAF,0,Bu Dop Speci...,,,A1
19691212-2,12-DEC-1969,Boeing 707, ,Ethiopian Airlines,2,Athens (ATH),, ,H2
19691214-0,14-DEC-1969,NAMC YS-11A-213,JA8743,All Nippon,0,Awaji island...,, ,A2
19691214-1,14-DEC-1969,Hawker Siddeley HS-748,PP-VDQ,Varig,0,Uberlândia A...,, ,A1
19691215-0,15-DEC-1969,Lockheed C-130E Hercules,62-1800,USAF,8,Tainan Airpo...,, ,A1
19691216-0,16-DEC-1969,Rockwell 1121B Jet Commander,N403M,American Smelting and Refining Co.,2,Salt Lake Ci...,, ,A1
19691217-0,17-DEC-1969,Curtiss C-46A,LV-GEB,Austral Lineas Aéreas,0,Buenos Aires...,, ,A1
19691217-1,17-DEC-1969,Lockheed L-1049H Super Constellatio,CF-NAK,Canairelief Air,0,Uli Airstrip,, ,C1
19691217-2,17-DEC-1969,Fairchild C-123K Provider,55-4562,USAF,1,Gia Nghia,,,A1
19691219-0,19-DEC-1969,Boeing KC-135A,56-3629,USAF,4,near Ching Chuan ...,, ,A1
19691219-1,19-DEC-1969,Boeing 727-116, ,LAN Chile,0,Havana,, ,H2
19691220-0,20-DEC-1969,Fairchild F-27J,CF-GNG,Great Northern Airways,0,Inuvik Airpo...,, ,A1
19691221-0,21-DEC-1969,Lockheed C-130E Hercules,2450,Brazilian AF,7,near Recife-Guara...,, ,A1
19691222-0,22-DEC-1969,Douglas DC-6B,B-2005,Air Vietnam,10+ 24,Nha Trang Ai...,,,A1
19691222-1,22-DEC-1969,Vickers 815 Viscount,LX-LGC,Luxair,0,Luxembourg-F...,, ,A1
19691223-0,23-DEC-1969,Douglas C-47A (DC-3),XW-TDJ,Laos Air,6,near Luang Prabang,, ,A1
19691223-1,23-DEC-1969,Curtiss C-46A,TI-1007C,LACSA,0,San Andreas,, ,H2
19691226-0,26-DEC-1969,C-7B Caribou (DHC-4),63-9723,USAF,2,near Tien Phuoc,, ,C1
19691226-1,26-DEC-1969,Boeing 727, ,United Airlines,0,,, ,H2
19691227-0,27-DEC-1969,Fokker F-27 Friendship 500,OY-APB,Maersk Air,0,near Bornholm Air...,,,A1
19691228-0,28-DEC-1969,Douglas C-117D Super DC-3,17284,USMC,4,within Quang Tin Pr...,, ,A1
19691299-3,??-DEC-1969,Curtiss C-46D,N10416,Albany Industrial,,Gulf of Mexico,, ,A1
19699999-0,??-???-1969,Antonov An-2R,SP-CNA,APRL,,,, ,A1
19699999-2,??-???-1969,Douglas C-47A (DC-3),CF-UZA,Keir Air Transport,,,, ,U1
19699999-3,??-???-1969,Douglas C-47B (DC-3),HZ-AAR,Saudi Arabian,,unknown,, ,A1
19699999-4,??-???-1969,Douglas C-54D (DC-4),HC-ANP,Ecuatoriana,0,Lago Agrio A...,, ,A1
19699999-6,??-???-1969,Ilyushin Il-14,618,CAAC,,Namchang,, ,A1
19699999-7,??-???-1969,Douglas R4D-1 (DC-3),102,Salvadorian AF,,Salvador,, ,U1

19690407-1,07-APR-1969,Lockheed C-130E Hercules,5-112,Iran AF,,Shiraz,, ,A1
19690407-2,07-APR-1969,Antonov An-2,CCCP-13667,Aeroflot / Northern,3,"Severny, Sta...",, ,A1
19690407-3,07-APR-1969,Douglas C-47D (DC-3),43-49540,USAF,,Baden-Baden,, ,A1
19690407-4,07-APR-1969,Fairchild C-119 Flying Boxcar,3122,Republic of China AF,,unknown,, ,U1
19690410-0,10-APR-1969,Douglas C-47A (DC-3),ET-AAQ,"Ethiopian Airlines, op.for UAA",3,near Suez,, ,C1
19690411-0,11-APR-1969,Douglas DC-6, ,Unknown,0,Havana,, ,H2
19690411-1,11-APR-1969,U-1A Otter (DHC-3),59-2221,US Army,3,San Antonio ...,, ,A1
19690413-0,13-APR-1969,Boeing 727, ,Pan Am,0,Havana-José ...,, ,H2
19690414-0,14-APR-1969,Fairchild F-27,PI-C870,Air Manila Int.,0,Roscas,, ,A1
19690414-1,14-APR-1969,Douglas DC-3A,PP-CBZ,Cruzeiro do Sul,,Santa Isabel...,, ,A1
19690414-2,14-APR-1969,Douglas C-54G (DC-4),HK-1065,SAM Colombia,0,Havana-José ...,, ,H2
19690414-6,14-APR-1969,Douglas C-47B (DC-3),BJ913,Indian AF,,,, ,U1
19690415-0,15-APR-1969,Lockheed EC-121M Super Constellatio,135749,US Navy,31,near Chongjin,, ,C1
19690415-1,15-APR-1969,Douglas DC-3D,N4296,Aviation Enterprises,,Coventry-Bag...,, ,U1
19690416-0,16-APR-1969,Curtiss C-46,9T-PLJ ?,WIGMO,45,River Congo,, ,A1
19690417-0,17-APR-1969,Learjet 25,N515VW,Volkswagen Pacific,2,near Corban,, ,A1
19690417-1,17-APR-1969,DHC-3 Otter,3696,Canadian Armed Forces,,"near Abercorn, QC",, ,A1
19690418-0,18-APR-1969,Antonov An-2R,CCCP-09193,Aeroflot / Kazakstan,7,"near Otar, Kurdai...",, ,A1
19690421-0,21-APR-1969,Fokker F-27 Friendship 200,VT-DOJ,Indian Airlines,44,near Khulna Airpo...,, ,A1
19690423-0,23-APR-1969,Douglas DC-3A-191,PI-C947,Filipinas Orient Airways,0,Manila Inter...,,,A1
19690424-0,24-APR-1969,Douglas C-47A (DC-3),B-251,FEAT,0,Phan Thiet A...,, ,A1
19690424-1,24-APR-1969,Douglas C-47A (DC-3),9G-AAF,Ghana Airways,1,near Takoradi Air...,, ,A1
19690425-0,25-APR-1969,Douglas C-54B (DC-4),N3934C,Pan African Airlines,0,near Enugu,, ,C2
19690425-1,25-APR-1969,Lockheed EC-121R Super Constellatio,67-21493,USAF,18,near Korat AFB,,,A1
19690428-0,28-APR-1969,Boeing 727-116,CC-CAQ,LAN Chile,0,near Colina,,,A1
19690428-1,28-APR-1969,Tupolev Tu-104B,CCCP-42436,Aeroflot / East Siberia,,Irkutsk Airp...,, ,A1
19690429-0,29-APR-1969,Lockheed C-130B Hercules,61-2637,USAF,0,Loc Ninh,, ,C1
19690501-0,01-MAY-1969,Canadair CL-44D4-2,N446T,Mobil Oil,0,Anchorage In...,, ,A1
19690501-1,01-MAY-1969,Douglas C-54B (DC-4),F-BELL,Air Vietnam,,Saigon Airpo...,, ,O1
19690502-0,02-MAY-1969,Lockheed 18 Learstar II,N221P,private,0,Gaithersburg...,, ,A1
19690503-0,03-MAY-1969,Morane Saulnier MS.760B Paris II,N760M,private,4,"Evadale, TX",, ,A1
19690504-0,04-MAY-1969,Lockheed P-2H Neptune,140962,US Navy,0,near Los Alamitos...,, ,A1
19690505-1,05-MAY-1969,Boeing 727, ,National Airlines,0,Havana-José ...,, ,H2
19690505-2,05-MAY-1969,Douglas C-47A (DC-3),TC-28,Argentine AF,11,"Río Cuarto, CD",, ,A1
19690505-3,05-MAY-1969,Lockheed PV-2 Harpoon,N7260C,Master Equipment Co.,0,"Sebring, FL",, ,A1
19690506-0,06-MAY-1969,Douglas DC-3C,PP-SPY,VASP,,unknown,, ,A1
19690507-0,07-MAY-1969,Curtiss C-46F,N1243N,Flying W Airways,2,"Medford, NJ",,,A1
19690507-1,07-MAY-1969,Douglas DC-6A/C,HB-IBT,"Balair, op.for Red Cross",4,near Uli Airstrip,,,A1
19690508-0,08-MAY-1969,Boeing C-97G Stratofreighter,N52679,Nordchurchaid,0,Uli Airstrip,,,A1
19690508-1,08-MAY-1969,Convair CV-240-6,ZP-CDN,LAP,0,Asuncion-Pre...,, ,O1
19690514-0,14-MAY-1969,Breguet 763,303/82-PN,French AF,0,Papeete-Faaa...,, ,O1
19690514-2,14-MAY-1969,Grumman SA-16B Albatross (HU-16),AN.1-4,Spanish AF,7,near Cartagena,, ,A1
19690515-0,15-MAY-1969,Antonov An-2,CCCP-32607,Aeroflot / Georgia,2,Novotitarovk...,, ,A1
19690518-0,18-MAY-1969,Douglas DC-3,HI-159,Aerovias Quisqueyana,0,Santo Domingo,, ,A1
19690518-1,18-MAY-1969,Lockheed KC-130F Hercules,149814,USMC,6,near Phu Bai,, ,A1
19690518-2,18-MAY-1969,Fairchild C-123K Provider,54-639,USAF,6,near Bien Hoa Air...,, ,C1
19690518-3,18-MAY-1969,Douglas DC-6A/C,45481/82PX,French AF,,Papeete,, ,U1
19690520-0,20-MAY-1969,Boeing 737-159,HK-1403,Avianca,0,Havana-José ...,, ,H2
19690520-1,20-MAY-1969,Lockheed 18 Lodestar,XA-SAC,Aero Cargo,,Bahia de Tod...,, ,A1
19690523-0,23-MAY-1969,Curtiss C-46F,N1247N,Kimex Inc,1,near Barcelona,, ,A1
19690523-1,23-MAY-1969,Douglas C-47A (DC-3),XY-ACR,Union of Burma Airways,6,near Lashio Airpo...,,,A1
19690523-2,23-MAY-1969,Lockheed C-130E Hercules,63-7789,USAF,1,"near Alderney, Ch...",, ,A1
19690523-3,23-MAY-1969,Transall C-160F,F-14/61-MI,French AF,,"Flores, Azores",, ,A1
19690524-0,24-MAY-1969,Douglas DC-4,N9982H,Pan African Airlines,,Benin City A...,, ,C1
19690524-1,24-MAY-1969,Lockheed AC-130A Spectre,54-1629,USAF,2,Ubon Ratchat...,, ,C1
19690524-2,24-MAY-1969,Fokker F-27 Friendship 600,I-ATIT,ATI,1,Reggio Calab...,, ,A1
19690526-0,26-MAY-1969,Boeing 727, ,Northeast Airlines,0,Havana-José ...,, ,H2
19690527-0,27-MAY-1969,Lockheed C-130A Hercules,56-0472,USAF,0,Katum,, ,C1
19690527-1,27-MAY-1969,FMA IA 50 Guaraní II,T-123,Argentine AF,3,near Córdoba-Paja...,, ,A1
19690528-0,28-MAY-1969,Douglas C-54A (DC-4),F-BFCP,"Air France, op.for CEP",0,Paris-Orly A...,, ,A1
19690530-0,30-MAY-1969,Lockheed C-130E Hercules,62-1831,USAF,,St. Petersbu...,, ,U1
19690530-1,30-MAY-1969,Convair CV-600, ,Texas International,0,,, ,H2
19690602-0,02-JUN-1969,Douglas DC-6,TF-AAE,Flughjalp,0,Uli Airstrip,, ,C1
19690603-0,03-JUN-1969,Antonov An-12, ,Soviet AF,7,near Pskov,, ,A1
19690603-1,03-JUN-1969,Antonov An-12, ,Soviet AF,7,near Pskov,, ,A1
19690603-2,03-JUN-1969,Lockheed P-3A Orion,151363,US Navy,0,Adak Naval A...,, ,A1
19690604-0,04-JUN-1969,Boeing 727-64,XA-SEL,Mexicana,79,near Monterrey-Ge...,, ,A1
19690604-1,04-JUN-1969,Douglas DC-3, ,DTA,0,Pointe Noire,, ,H2
19690605-0,05-JUN-1969,Boeing RC-135E Rivet Amber,62-4137,USAF,19,"near Shemya, AK, ...",,,A1
19690605-1,05-JUN-1969,Douglas DC-7B,SE-ERP,Swedish Red Cross,4,Eket,,,C1
19690605-2,05-JUN-1969,Douglas R5D-2 (DC-4),50852,US Navy,0,China Lake N...,, ,A1
19690607-0,07-JUN-1969,Douglas EC-47P,43-49547,USAF,0,near Ubon RTAFB (...,, ,A1
19690611-0,11-JUN-1969,Bristol 170 Superfreighter 32,F-BLHH,CAT,0,Le Touquet A...,,,O1
19690617-0,17-JUN-1969,Boeing 707, ,TWA,0,Havana-José ...,, ,H2
19690618-0,18-JUN-1969,Boeing 707-360C,ET-ACD,Ethiopian Airlines,,Karachi Inte...,, ,O2
19690620-0,20-JUN-1969,Beech 99,N2550A,Cascade Airways,2,Pasco-Tri-Ci...,, ,A1
19690620-1,20-JUN-1969,Douglas C-47A (DC-3),HK-500,La Urraca,0,Santiago Air...,, ,H2
19690622-0,22-JUN-1969,DC-8, ,Eastern Air Lines,0,,, ,H2
19690623-0,23-JUN-1969,ATL-98 Carvair,HI-168,Dominicana,4+ 6,near Miami Intern...,,,A1
19690623-1,23-JUN-1969,Lockheed C-130B Hercules,61-0965,USAF,6,near Katum,, ,C1
19690623-2,23-JUN-1969,Ilyushin Il-14M,CCCP-52018,Aeroflot / Ukraine,24,near Poroslitsy v...,, ,A1
19690623-3,23-JUN-1969,Antonov An-12BP, ,Soviet AF,96,near Poroslitsy v...,, ,A1
19690624-0,24-JUN-1969,Convair CV-880,JA8028,JAL,3,Moses Lake-G...,, ,A1
19690624-1,24-JUN-1969,T-39A-1-NO Sabreliner,62-4499,USAF,,unknown,, ,U1
19690625-0,25-JUN-1969,Antonov An-12TB,CCCP-11380,Aeroflot / East Siberia,0,Mirny Airpor...,, ,A1
19690625-1,25-JUN-1969,DC-8, ,United Airlines,0,Havana-José ...,, ,H2
19690626-0,26-JUN-1969,Kaiser-Frazer C-119J Flying Boxcar,MM51-8154,Italian AF,0,Cisterna di ...,, ,A1
19690626-1,26-JUN-1969,Ilyushin Il-14M,CCCP-91527,Aeroflot / Magadan,3,near Magadan,, ,A1
19690626-2,26-JUN-1969,CASA 352 (Ju-52),T.2B-191,Spanish AF,,,, ,U1
19690627-0,27-JUN-1969,Vickers 754D Viscount,N7410,Aloha Airlines,0,Honolulu Int...,, ,O1
19690628-0,28-JUN-1969,Boeing 727, ,Eastern Air Lines,0,Havana-José ...,, ,H2
19690628-1,28-JUN-1969,Douglas C-54A (DC-4),TR-LNV,Affretair,,Uli Airstrip,, ,A1
19690628-2,28-JUN-1969,Ilyushin Il-14,CCCP-91495,Aeroflot / Kyrgyzstan,40,near Talas,, ,A1
19690629-0,29-JUN-1969,Douglas DC-7C,EC-BEO,TAE,0,Las Palmas-A...,,,O1
19690629-1,29-JUN-1969,Fairchild C-119 Flying Boxcar, ,Indian AF,14,near Agra,, ,A1
19690701-0,01-JUL-1969,Grumman SA-16B Albatross (HU-16),AN.1-7,Spanish AF,7,near Alborán Island,, ,A1
19690703-0,03-JUL-1969,Douglas DC-3, ,SAETA,0,,, ,H2
19690705-0,05-JUL-1969,Antonov An-2R,CCCP-09168,Aeroflot / Far East,4,near Udokan range...,, ,A1
19690706-0,06-JUL-1969,Beech 99,N844NS,Air South,14,"near Monroe, GA",, ,A1
19690708-0,08-JUL-1969,Lockheed C-130B Hercules,23490,Pakistan AF,,Islamabad,, ,U1

19690101-0,01-JAN-1969,Lockheed C-130E Hercules,454,Saudi AF,0,Paris-Le Bou...,,,A1
19690102-0,02-JAN-1969,Douglas C-47A (DC-3),B-309,China Airlines,24,Mt. Paku,, ,A1
19690102-2,02-JAN-1969,Douglas DC-6B,SX-DAD,Olympic Airways,0,Cairo,, ,H2
19690102-3,02-JAN-1969,DC-8, ,Eastern Air Lines,0,Havana-José ...,, ,H2
19690103-0,03-JAN-1969,BN-2A Islander,N587JA,General Airlines,0,near Narsarsuaq,, ,A1
19690103-1,03-JAN-1969,Lockheed P-2H Neptune,140160,US Navy,,Whidbey Isla...,, ,A1
19690105-0,05-JAN-1969,Boeing 727-113C,YA-FAR,Ariana Afghan Airlines,48+ 2,near London-Gatwi...,,,A1
19690106-0,06-JAN-1969,Convair CV-580,N5825,Allegheny Airlines,11,near Bradford Air...,,,A1
19690107-0,07-JAN-1969,Douglas C-54A (DC-4),HK-1028,Avianca,0,Santiago Air...,, ,H2
19690109-0,09-JAN-1969,Boeing 727, ,Eastern Air Lines,0,Havana-José ...,, ,H2
19690110-0,10-JAN-1969,Antonov An-2,CCCP-70940,Aeroflot / Far East,2,"near Malka, Yeliz...",, ,A1
19690111-0,11-JAN-1969,Douglas C-47A (DC-3),PP-SPR,VASP,,"Loanda, PA",, ,U1
19690111-1,11-JAN-1969,Boeing 727, ,United Airlines,0,Havana-José ...,, ,H2
19690111-2,11-JAN-1969,Convair CV-990, ,APSA,0,Havana-José ...,, ,H2
19690113-0,13-JAN-1969,DC-8-62,LN-MOO,SAS,15,"near Los Angeles,...",,,A1
19690113-1,13-JAN-1969,Boeing RC-135S Rivet Ball,59-1491,USAF,0,"Shemya AFB, ...",,,A1
19690113-2,13-JAN-1969,Convair CV-880, ,Delta Air Lines,0,Miami Intern...,, ,H2
19690113-3,13-JAN-1969,BN-2 Islander,N584JA,Sud Aviacion,,,, ,U1
19690114-0,14-JAN-1969,BAC One-Eleven 201AC,G-ASJJ,BUA,0,Milano-Linate,,,A1
19690115-0,15-JAN-1969,Douglas C-47 (DC-3),YA-AAB,Ariana Afghan Airlines,,Kabul Airpor...,, ,U1
19690115-1,15-JAN-1969,Boeing 727-14,N973PS,PSA,0,near San Francisc...,, ,A2
19690116-0,16-JAN-1969,Douglas C-47A (DC-3),949,Air America,12,near Hue,, ,A1
19690117-0,17-JAN-1969,Douglas C-47A (DC-3),VT-DTH,Hindu Publications,2,Kozhikode-Ca...,, ,A1
19690117-1,17-JAN-1969,C-7A Caribou (DHC-4),60-5434,USAF,0,Vung Tau (VTG),, ,A1
19690118-0,18-JAN-1969,Boeing 727-22C,N7434U,United Airlines,38,"near Los Angeles,...",,,A1
19690119-0,19-JAN-1969,DC-8-61, ,Eastern Air Lines,0,Havana-José ...,, ,H2
19690119-1,19-JAN-1969,Lockheed L-188A Electra, ,Ecuatoriana,0,Havana-José ...,, ,H2
19690124-0,24-JAN-1969,Antonov An-24V,SP-LTE,LOT,0,near Wroclaw-Stra...,, ,A1
19690124-1,24-JAN-1969,Lockheed EC-121R Super Constellatio,67-21476,USAF,0,Falmouth-Oti...,, ,A1
19690124-2,24-JAN-1969,Boeing 727, ,National Airlines,0,Havana-José ...,, ,H2
19690127-0,27-JAN-1969,Lockheed C-130E Hercules,63-7780,USAF,0,Tonle Cham,, ,C1
19690128-0,28-JAN-1969,DC-8-61, ,National Airlines,0,Havana-José ...,, ,H2
19690128-1,28-JAN-1969,DC-8, ,Eastern Air Lines,0,Havana-José ...,, ,H2
19690129-0,29-JAN-1969,Boeing KC-97L,52-0904,Air National Guard,4,near Milwaukee-Ge...,,,A1
19690131-0,31-JAN-1969,DC-8, ,National Airlines,0,Havana-José ...,, ,H2
19690201-0,01-FEB-1969,Curtiss C-46A,CP-745,Bolivian Air System,,Reyes,, ,A1
19690202-0,02-FEB-1969,Vickers 794D Viscount,TC-SET,THY,0,Ankara-Esenb...,,,A1
19690203-0,03-FEB-1969,Boeing 727, ,National Airlines,0,Miami Intern...,, ,H2
19690203-1,03-FEB-1969,Boeing 727, ,Eastern Air Lines,0,Havana-José ...,, ,H2
19690203-2,03-FEB-1969,Curtiss C-46A,N5133B,Carolina Aircraft,0,"near Manaus, AM",, ,A1
19690204-0,04-FEB-1969,Convair CV-440,YU-ADL,JAT,0,Titograd Air...,, ,A1
19690204-2,04-FEB-1969,Lockheed HC-130H Hercules,65-0990,USAF,13,near Taiwan,, ,A1
19690205-0,05-FEB-1969,Douglas C-54G (DC-4),HK-1065,SAM Colombia,0,Santiago Air...,, ,H2
19690205-1,05-FEB-1969,Douglas EC-47Q,45-1133,USAF,10,near Saravane,, ,C1
19690206-1,06-FEB-1969,DC-9-15MC,N1304T,Texas International,0,"Harlingen, TX",, ,A2
19690208-0,08-FEB-1969,Fairchild F-27F,CF-PAP,Stanair,0,"Mikaa Lake, AB",, ,A1
19690208-1,08-FEB-1969,Douglas DC-6, ,Unknown,0,,, ,H2
19690210-0,10-FEB-1969,DC-8-61, ,Eastern Air Lines,0,Havana-José ...,, ,H2
19690211-0,11-FEB-1969,DC-9, ,LAV,0,Havana-José ...,, ,H2
19690211-1,11-FEB-1969,Lockheed SP-2E Neptune,131487,US Navy,7,near Santa Ana-El...,, ,A1
19690212-0,12-FEB-1969,Douglas C-47B (DC-3),14+05,German AF,4,near Husum Schwes...,, ,A1
19690212-1,12-FEB-1969,Nord 2501D Noratlas,52+57,German AF,10+ 1,near Erding Air Base,,,A1
19690212-2,12-FEB-1969,U-1A Otter (DHC-3),55-3271,US Army,0,,, ,A1
19690213-0,13-FEB-1969,Curtiss C-46D,HK-683,Aeropesca Colombia,0,Bogotá-Eldor...,, ,A1
19690214-0,14-FEB-1969,Curtiss C-46D,71-1134,JASDF,,Matsushima A...,, ,A1
19690215-0,15-FEB-1969,Douglas C-47B (DC-3),B-241,FEAT,,Kaohsiung,, ,A1
19690218-0,18-FEB-1969,Douglas C-47A (DC-3),VT-CJH,Indian Airlines,0,Jaipur-Sanga...,, ,A1
19690218-1,18-FEB-1969,Douglas C-49J (DC-3),N15570,Hawthorne Nevada,35,"near Lone Pine, CA",, ,A1
19690218-2,18-FEB-1969,Boeing 720-058B,4X-ABB,El Al,0+ 1,Zürich-Klote...,,,C2
19690220-0,20-FEB-1969,Vickers 736 Viscount,G-AODG,BMA,0,East Midland...,,,A1
19690221-0,21-FEB-1969,Douglas C-47 (DC-3),IJ820,Indian AF,,,, ,U1
19690224-0,24-FEB-1969,Handley Page HPR-7 Herald 201,B-2009,FEAT,36,near Tainan,, ,A1
19690225-0,25-FEB-1969,DC-8, ,Eastern Air Lines,0,Havana-José ...,, ,H2
19690225-1,25-FEB-1969,Fokker F-28 Fellowship 1000,PH-ZAA,"LTU, lsf Fokker",0,Hannover-Lan...,, ,A2
19690301-0,01-MAR-1969,C-7B Caribou (DHC-4),63-9762,USAF,0,Phu Cat Air ...,, ,A1
19690301-1,01-MAR-1969,Lockheed P-2H Neptune,140964,US Navy,0,near Guam,, ,A1
19690302-0,02-MAR-1969,Howard Super Ventura,N3403,National Steel Corp.,0,Gaylord-Otse...,, ,A1
19690303-0,03-MAR-1969,DHC-3 Otter,VP-FAM,British Antarctic Survey,0,Stonington I...,, ,A1
19690303-1,03-MAR-1969,Antonov An-2M,CCCP-06214,"Aeroflot, Moscow SPiMVL",2,"Rubashovka, ...",, ,A1
19690305-0,05-MAR-1969,DH-114 Heron 2D,N563PR,Prinair,19,near San Juan,,,A1
19690305-1,05-MAR-1969,Boeing 727, ,National Airlines,0,Havana-José ...,, ,H2
19690306-0,06-MAR-1969,Lockheed P-3B Orion,152765,US Navy,6,Lemoore-NAS/...,, ,A1
19690308-0,08-MAR-1969,Douglas C-47A (DC-3),N65134,Zamrud Airlines,0,"near Hilo, HI, USA",, ,A1
19690308-1,08-MAR-1969,Lockheed C-130E Hercules,64-0545,USAF,12,Ching Chuan ...,, ,A1
19690309-0,09-MAR-1969,Douglas DC-4,N3821,Continental Air Transport,3,Atlantic Ocean,, ,A1
19690311-0,11-MAR-1969,Boeing 707-379C,ET-ACQ,Ethiopian Airlines,0,Frankfurt In...,, ,C2
19690311-1,11-MAR-1969,Douglas C-54A (DC-4),HK-757,SAM Colombia,1,Cartagena-Cr...,, ,H2
19690316-0,16-MAR-1969,DC-9-32,YV-C-AVD,"AVENSA, op.for VIASA",84+ 71,Maracaibo,,,A1
19690316-1,16-MAR-1969,Douglas DC-6,HK-754,Aerocondor de Colombia,0,Camagüey Air...,, ,H2
19690316-2,16-MAR-1969,Douglas C-47 (DC-3),704B,Biafran AF,3,near Uli Airstrip,, ,A1
19690317-0,17-MAR-1969,DC-9, ,Delta Air Lines,0,Havana-José ...,, ,H2
19690317-1,17-MAR-1969,Boeing 727, ,Faucett,0,Havana-José ...,, ,H2
19690319-0,19-MAR-1969,Douglas C-47A (DC-3),4W-AAS,Yemen Airlines,4,near Taiz,, ,A1
19690319-1,19-MAR-1969,Convair CV-880, ,Delta Air Lines,0,"New Orleans, LA",, ,H2
19690320-0,20-MAR-1969,Ilyushin Il-18D,SU-APC,UAA,100,Aswan Airpor...,, ,A1
19690320-1,20-MAR-1969,Vickers 815 Viscount,G-AVJA,BMA,3,Manchester-R...,, ,A1
19690320-2,20-MAR-1969,Douglas DC-3-216,N142D,"Avion Airways, op.for private",16,New Orleans ...,,,A1
19690324-0,24-MAR-1969,Antonov An-24,CCCP-46751,Aeroflot / Kazakstan,4,Alma-Ata Air...,, ,A1
19690324-1,24-MAR-1969,Lockheed Hercules C.1 (C-130K),XV180,RAF,6,Fairford RAF...,, ,A1
19690325-0,25-MAR-1969,Boeing KC-135A,56-3602,USAF,0,Limestone-Lo...,,,A1
19690325-1,25-MAR-1969,DC-8, ,Delta Air Lines,0,,, ,H2
19690326-0,26-MAR-1969,Lockheed L-1649A Starliner,N7311C,Trans American Leasing,0,Colchane,, ,A1
19690328-0,28-MAR-1969,Douglas C-47A (DC-3),OO-SBH,"BIAS, op.for Linair",0,near Jakharrad,,,A1
19690328-1,28-MAR-1969,Antonov An-2,CCCP-98316,Aeroflot / Tajikistan,11,near Sagirdasht,, ,A1
19690330-0,30-MAR-1969,Antonov An-2R,CCCP-29390,Aeroflot / Ukraine,4,"near Sergeyevka, ...",, ,A1
19690330-1,30-MAR-1969,DHC-3 Otter,5N-ABM,Nigerian Government,7,Kano,, ,A1
19690402-0,02-APR-1969,Curtiss C-46F,N3914,Islands of the Bahamas Inc,2,near Nassau Inter...,, ,A1
19690402-1,02-APR-1969,Antonov An-24V,SP-LTF,LOT,53,near Zawoja,, ,A1
19690402-2,02-APR-1969,Douglas DC-6B,XV-NUC,Air Vietnam,0,Hue-Citadel ...,,,C1
19690407-0,07-APR-1969,Vickers 757 Viscount,CF-THK,Air Canada,1,Sept-Îles Ai...,,,A1
