identifiant,date,type,registration,operator,fat.,location, ,pic,cat

19360114-0,14-JAN-1936,Douglas DC-2-120,NC14274,American Airlines,17,"Goodwin, AR",, ,A1
19360114-1,14-JAN-1936,Junkers Ju-52/3m,624,Colombian AF,13,near Tres Esquina...,, ,A1
19360117-0,17-JAN-1936,Junkers Ju-52/3mce,unreg.,LAB,13,near Cochabamba,, ,A1
19360228-0,28-FEB-1936,Douglas DC-2-115B,HB-ITI,Swissair,0,Zürich-Düben...,,,A1
19360305-0,05-MAR-1936,Ford 5-AT-D Tri-Motor,27,CNAC,0,near Zigong,, ,A1
19360316-0,16-MAR-1936,Junkers Ju-52/3m,OE-LAL,ÖLAG,0,Saualpe,, ,A1
19360326-0,26-MAR-1936,Ford 5-AT-B Tri-Motor,X-ABCO,Mexicana,14,near Amecameca de...,, ,A1
19360331-0,31-MAR-1936,Ford 5-AT-D Tri-Motor,25,CNAC,0,Nanking Airp...,, ,A1
19360407-0,07-APR-1936,Douglas DC-2-112,NC13721,TWA,12,"near Fairchance, PA",, ,A1
19360411-0,11-APR-1936,Sikorsky S-42,NC824M,Pan Am,3,Port of Spain,, ,A2
19360417-0,17-APR-1936,Junkers Ju-52/3m,D-ASOR,Deutsche Lufthansa,3,Orvin (Ilfin...,, ,A1
19360420-0,20-APR-1936,Douglas DC-2-115K,OK-AIA,CLS,0,near Elburg,, ,A1
19360508-0,08-MAY-1936,Lioré-et-Olivier H.242/1,F-ANQG,Air France,0,near Algerian coast,, ,A1
19360531-0,31-MAY-1936,Douglas DC-2-172,NC14979,TWA,0,near Chicago Muni...,,,A1
19360599-0,??-MAY-1936,Junkers G.31fo,D-ABIL,Reichsluftfahrtministerium,,,, ,A1
19360609-0,09-JUN-1936,Fokker F.XXII,SE-ABA,AB Aerotransport,2,Malmö-Bullto...,,,A1
19360616-0,16-JUN-1936,Junkers Ju-52/3m,LN-DAE,DNL,7,Mount Lihest...,, ,A1
19360707-0,07-JUL-1936,Vickers Valentia,K3166,RAF,7,Mersa Matruh...,, ,A1
19360709-0,09-JUL-1936,Curtiss Condor 18,NC728K,Chamberlin Flying Service,0,Terre Haute-...,, ,O1
19360720-2,20-JUL-1936,Junkers Ju-52/3m, ,German AF,2,Oberhof,, ,A1
19360722-0,22-JUL-1936,Douglas C-33 (DC-2),unknown,USAAC,,"near Dunreith, IN",, ,A1
19360726-0,26-JUL-1936,Junkers G.38di,D-AZUR,Deutsche Lufthansa,0,Dessau,, ,A1
19360729-0,29-JUL-1936,Curtiss T-32C Condor II,2,LAN Chile,0,Copiapó Airp...,, ,A1
19360808-0,08-AUG-1936,Ford 4-AT-B Tri-Motor,NC5811,Private,0,"Hundred, WV",, ,A1
19360812-0,12-AUG-1936,DH.86 Express,G-ADEB,British Airways,2,near Altenkirchen,, ,A1
19360813-0,13-AUG-1936,Curtiss AT-32A Condor II,NC12392,American Airlines,,"Glendale, CA",, ,U1
19360815-0,15-AUG-1936,Fokker F.XII,G-ADZI,Aviación Nacional,2,Biarritz Par...,,,A1
19360816-0,16-AUG-1936,Fokker F.XII,G-ADZK,Aviación Nacional,0,La Rochelle-...,, ,A1
19360822-0,22-AUG-1936,Short S.17 Kent,G-ABFA,Imperial Airways,2,Mirabella Ba...,,,A1
19360915-0,15-SEP-1936,DH.86A Express,G-ADYF,British Airways,3,London-Gatwi...,, ,A1
19360919-0,19-SEP-1936,Junkers Ju-52/3mfe,D-AJUX,Deutsche Lufthansa,,Frankfurt,, ,A1
19360924-0,24-SEP-1936,CANT Z.506,I-RODI,Ala Littoria,9,near Benghazi,, ,A1
19360925-0,25-SEP-1936,Boulton Paul P.71A,G-ACOX,Imperial Airways,2,near Dungeness,,,A1
19360929-0,29-SEP-1936,A.W. AW.15 Atalanta,G-ABTK,Imperial Airways,0,Delhi,, ,O1
19361010-0,10-OCT-1936,Douglas DC-2-118B,NC14273,Panagra,3,near San José Pinula,, ,A1
19361101-0,01-NOV-1936,Junkers Ju-52/3mge,D-APOO,Deutsche Lufthansa,10,near Tabarz,, ,A1
19361104-0,04-NOV-1936,Junkers Ju-52/3mge,22-74,HISMA,,near Madrid,, ,C1
19361105-2,05-NOV-1936,Junkers Ju-52/3m, ,HISMA,,near Algordon,, ,C1
19361117-0,17-NOV-1936,Junkers Ju-52/3mge,D-ASUI,Deutsche Lufthansa,4,near Lauf an der ...,, ,A1
19361119-0,19-NOV-1936,Fokker F.XII,G-AEOT,British Airways,2,"Pound Hill, ...",, ,A1
19361125-2,25-NOV-1936,Junkers Ju-52/3m, ,HISMA,,near Cuatro Vientos,, ,C1
19361128-0,28-NOV-1936,Junkers Ju-52/3m,D-ATAK,Deutsche Lufthansa,,near Hannover,, ,A1
19361204-0,04-DEC-1936,Junkers Ju-52/3m,D-ASIH,Deutsche Lufthansa,6,Le Grand-Bor...,, ,A1
19361208-0,08-DEC-1936,Junkers Ju-52/3m,22-78,Condor Legion,4,"near Serranillos,...",, ,A1
19361209-0,09-DEC-1936,Douglas DC-2-115E,PH-AKL,KLM,15,London-Croyd...,,,A1
19361216-0,16-DEC-1936,Fokker F.XII,45-6,Aviación Nacional,0,León Airport,, ,A1
19361219-0,19-DEC-1936,Douglas DC-2-112,NC13732,"North American Aviation, op.for Eastern Air Lines",0,"near Milford, PA",, ,A1
19361225-0,25-DEC-1936,Douglas DC-2-118A,28,CNAC,,Chengtu,, ,A1
19361228-0,28-DEC-1936,Short S.8 Calcutta,G-EBVG,Imperial Airways,0,Mirabello Ba...,, ,O1
19361228-1,28-DEC-1936,Douglas DC-2-118B,24,CNAC,,near Nanking Airp...,, ,A2
19369999-0,??-???-1936,Curtiss AT-32C Condor II,NR11732,Cóndor Peruana de Aviación,,Pias,, ,A1
