identifiant,date,type,registration,operator,fat.,location, ,pic,cat

19790606-0,06-JUN-1979,Douglas DC-6BF,AN-BFN,Unknown,0,"Charleston, WV",,,A1
19790606-1,06-JUN-1979,Antonov An-2R,SP-WWG,ZUA,,Dybowo-Olecko,, ,A1
19790607-0,07-JUN-1979,HAL-748,H-2178,Indian AF,28,near Leh,, ,A1
19790608-0,08-JUN-1979,DC-9-31, ,TAA,0,Brisbane-Eag...,, ,H2
19790609-0,09-JUN-1979,Beech 99,N454SA,Skystream Airlines,2,near Chicago-Merr...,,,A1
19790611-0,11-JUN-1979,Douglas C-47A (DC-3),N148Z,U.S. Forest Service,10,"near Elk City, ID",, ,A1
19790611-1,11-JUN-1979,Lockheed L-1011 TriStar, ,Delta Air Lines,0,Havana,, ,H2
19790611-2,11-JUN-1979,Carstedt Jet Liner 600F,N906MW,"Midwest Air Charter, opf Airborne Express",0,Saint Louis-...,, ,A1
19790612-0,12-JUN-1979,Douglas DC-3D,N427W,Bradley Aviation,2,Fort Lauderd...,,,A1
19790614-0,14-JUN-1979,BN-2A-6 Islander,PT-IJE,VOTEC,4,near Aldeia Indíg...,, ,U1
19790616-0,16-JUN-1979,Antonov An-2T,CCCP-44920,Aeroflot / Far East,0,Petropavlovs...,, ,A1
19790617-0,17-JUN-1979,DHC-6 Twin Otter 300,N383EX,Air New England,1,near Hyannis-Barn...,,,A1
19790618-0,18-JUN-1979,Hawker Siddeley VC-93 (HS-125-3B/RC,2122,Brazilian AF,0,Brasilia Int...,, ,A1
19790619-0,19-JUN-1979,Lockheed C-130E Hercules,5-8520,Iran AF,5,near Shiraz,, ,A1
19790620-0,20-JUN-1979,Boeing 727, ,American Airlines,0,"Chicago, New...",, ,H2
19790621-0,21-JUN-1979,HAL-748,VT-DXO,Indian Airlines,0,Mangalore Ai...,, ,A2
19790621-1,21-JUN-1979,Lockheed L-749 Constellation (VC-12,C-GXKS,Beaver Air Spray,0,Rivière-du-L...,, ,A1
19790622-0,22-JUN-1979,Douglas DC-7CF,N357AL,Go Transportation,1,near Daggett-Bars...,,,A1
19790623-0,23-JUN-1979,Boeing 727-76,AN-BSQ,LANICA,0,San José-Jua...,, ,H2
19790626-0,26-JUN-1979,Lockheed P-3B Orion,154596,US Navy,5,near Luzon Island...,,,A1
19790628-0,28-JUN-1979,Consolidated PBY-6A Catalina,N101CS,private,1,near Alverca,,,A1
19790630-0,30-JUN-1979,Lockheed L-1011 TriStar, ,Eastern Air Lines,0,Miami Intern...,, ,H2
19790630-1,30-JUN-1979,Tupolev Tu-154B,P-551,Chosonminhang,0,Budapest-Fer...,, ,A2
19790630-2,30-JUN-1979,Airbus A300B2-101,VT-EDV,Indian Airlines,0,Calcutta Air...,,,A2
19790702-0,02-JUL-1979,Antonov An-2T,833,East German AF,,Kamenz,, ,A1
19790703-0,03-JUL-1979,Antonov An-2M,CCCP-02330,Aeroflot / Ukraine,,Krasnaya Pol...,, ,A1
19790705-0,05-JUL-1979,Fairchild F-27A,F-GBRS,TAT,0,Paris-Orly A...,,,O1
19790706-0,06-JUL-1979,Learjet 25B,N40BC,Chapman Commodities,2,Pueblo Memor...,, ,A1
19790706-1,06-JUL-1979,Antonov An-2R,SP-WOD,ZUA,,Drzenin,, ,A1
19790707-0,07-JUL-1979,Howard 500,N721N,Aggadir,0,near Aruba [Carib...,, ,A1
19790708-0,08-JUL-1979,Fairchild C-119L Flying Boxcar,N1040E,Unknown,4,"Casa Grande, AZ",, ,A1
19790709-0,09-JUL-1979,Fairchild F-27, ,Aerolineas Condor,0,Quito,, ,H2
19790711-0,11-JUL-1979,Fokker F-28 Fellowship 1000,PK-GVE,Garuda,61,Mount Sibayak,,,A1
19790712-0,12-JUL-1979,BN-2A-9 Islander,DQ-FBO,Fiji Air,9,near Bua,, ,A1
19790713-0,13-JUL-1979,Douglas DC-3-313,N21782,M.J. Supply,0,"near Belle Glade, FL",, ,A1
19790715-1,15-JUL-1979,Hawker Siddeley HS-748,C-GPAA,Austin Airways,0,Moosonee Air...,, ,A1
19790720-0,20-JUL-1979,Douglas DC-6A,N43865,Kimex Inc,2,near Kingston-Nor...,,,A1
19790720-1,20-JUL-1979,SE-210 Caravelle VI-R,HK-1778,Aerotal Colombia,0,Bogotá-Eldor...,,,A1
19790720-2,20-JUL-1979,Douglas C-47B (DC-3),N63250,Trans National Airlines,2,"near Honolulu, HI...",, ,A1
19790720-3,20-JUL-1979,Boeing 727, ,United Airlines,0,Omaha-Eppley...,, ,H2
19790720-4,20-JUL-1979,BN-2A Islander,N856JA,Sun Air,,,, ,U1
19790721-0,21-JUL-1979,Boeing B-17G,N66573,Black Hills Aviation,2,"near Superior, MT",, ,A1
19790723-0,23-JUL-1979,Boeing 707-327C,OD-AFX,TMA,6,Beirut Inter...,,,A1
19790723-1,23-JUL-1979,GAF Nomad N.22B,PK-MAJ,MAF,1,within West Irian,, ,A1
19790723-2,23-JUL-1979,IAI Arava 201,GN7953,Venezuela ANG,3,near Matthew's Ri...,, ,A1
19790724-0,24-JUL-1979,Lockheed 18 Lodestar,N33LM,Wiregrass Aviation,0,Brunswick-Gl...,, ,A1
19790724-1,24-JUL-1979,DH-114 Heron 2D,N575PR,Prinair,8,Saint Croix-...,,,A1
19790725-0,25-JUL-1979,Fokker F-27 Friendship, ,Biman Bangladesh,0,Calcutta,, ,H2
19790726-1,26-JUL-1979,Boeing 707-330C,D-ABUY,Lufthansa,3,near Rio de Janei...,,,A1
19790727-0,27-JUL-1979,DHC-6 Twin Otter 100,TF-JME,Flugfélag Nordurlands,0,Daneborg,, ,O1
19790730-1,30-JUL-1979,Douglas TC-47B (DC-3),FAC-684,Colombian AF,,,, ,U1
19790731-0,31-JUL-1979,Avro 748-105 Srs. 1,G-BEKF,Dan-Air Services,17,Sumburgh Air...,,,A1
19790799-0,??-JUL-1979,Douglas DC-6BF,N19CA,New World Air Charter,0,Larnaca Airp...,,,U1
19790802-0,02-AUG-1979,Cessna 501 Citation I/SP,N15NY,private,1,Akron/Canton...,, ,A1
19790803-0,03-AUG-1979,Let L-410M,CCCP-67206,Aeroflot / Central Region,10,near Leningrad-Rz...,, ,A1
19790804-0,04-AUG-1979,HAL-748,VT-DXJ,Indian Airlines,45,near Panvel,,,A1
19790804-1,04-AUG-1979,Curtiss C-46A,N8040Y,Aircraft Line Maintenance,5,Cerro Tupungato,, ,A1
19790805-0,05-AUG-1979,DC-9-32,EC-BIT,Iberia,0,Fuerteventur...,, ,H2
19790807-0,07-AUG-1979,BN-2A Islander,G-AXWG,Harvest Air,0,,, ,A1
19790809-0,09-AUG-1979,Antonov An-8,CCCP-69314,MOM Omsk,2,Moskva-Domod...,, ,A1
19790809-1,09-AUG-1979,BN-2A-21 Defender,OA-2,Botswana AF,2,near Gaborone,, ,C1
19790811-0,11-AUG-1979,Learjet 35,N711AF,Bahri Aviation,5,near Katab,, ,A1
19790811-1,11-AUG-1979,Tupolev Tu-134A,CCCP-65816,Aeroflot / Moldova,94,near Kurilovka,, ,A1
19790811-2,11-AUG-1979,Tupolev Tu-134A,CCCP-65735,Aeroflot / Belarus,84,near Kurilovka,, ,A1
19790816-0,16-AUG-1979,Boeing 727, ,Eastern Air Lines,0,"Miami, FL",, ,H2
19790819-1,19-AUG-1979,Boeing 707-123B,5B-DAM,Cyprus Airways,0,Bahrain Inte...,,,A1
19790822-0,22-AUG-1979,Boeing 727, ,United Airlines,0,San Francisc...,, ,H2
19790822-1,22-AUG-1979,Hawker Siddeley HS-748,FAC-1101,SATENA,1+ 3,Bogotá-Eldor...,, ,C1
19790823-0,23-AUG-1979,Learjet 24D,PT-DZU,Líder Táxi Aéreo,0,São Paulo-Vi...,, ,A1
19790824-0,24-AUG-1979,Boeing 727, ,Libyan Arab Airlines,0,"Larnaca, ......",, ,H2
19790824-1,24-AUG-1979,Antonov An-12TB,CCCP-12963,Aeroflot / Krasnoyarsk,11,near Yeniseisk,,,A1
19790826-0,26-AUG-1979,Convair CV-440,N14478,Cornerstone Construction ?,0,San Juan-Isl...,,,A1
19790828-0,28-AUG-1979,Fairchild C-119 Flying Boxcar,3194,Republic of China AF,,unknown,, ,U1
19790829-0,29-AUG-1979,DHC-6 Twin Otter 300,C-GROW,Bradley Air Services,9,near Frobisher Ba...,,,A1
19790829-1,29-AUG-1979,Tupolev Tu-124V,CCCP-45038,Aeroflot / Privolzhsk,63,near Kirsanov,, ,A1
19790830-0,30-AUG-1979,BN-2A-8 Islander,F-OGGL,Air Martinique,0,Fort de Fran...,, ,O1
19790831-0,31-AUG-1979,Curtiss C-46A,HI-189,private,0,Santo Doming...,,,O1
19790831-1,31-AUG-1979,Lockheed L-049 Constellation,HI-260,Aerovias Quisqueyana,0,Santo Doming...,,,O1
19790831-2,31-AUG-1979,Douglas DC-3-208A,HI-237,Alas del Caribe,0,Santo Doming...,, ,O1
19790831-3,31-AUG-1979,Scottish Aviation Twin Pioneer 1,N9965F,Air North,0,Pilot Point ...,, ,A1
19790901-0,01-SEP-1979,Antonov An-26,RDPL-34037,Lao Aviation,0,Ban Mai,, ,A2
19790903-0,03-SEP-1979,Antonov An-24B,CCCP-46269,Aeroflot / Arkhangelsk,40,near Amderma Airp...,, ,A1
19790903-1,03-SEP-1979,Aérospatiale SN.601 Corvette,OY-SBS,Sterling Airways,10,near Nice-Côte d'...,,,A1
19790904-0,04-SEP-1979,DHC-3 Otter,C-FFSU,Labrador Airways,5,"Squaw Lake, QC",, ,A2
19790907-0,07-SEP-1979,DC-8-62H,I-DIWW,Alitalia,0,"Rome, Tehran",, ,H2
19790909-0,09-SEP-1979,BN-2A-8 Islander,B-11107,Taiwan Airlines,0,Orchid Islan...,, ,A1
19790911-0,11-SEP-1979,Boeing 707-324C,B-1834,China Airlines,6,near Taipei-Chian...,,,A1
19790912-0,12-SEP-1979,Curtiss C-46A,N7768B,Rich,0,near South Caicos...,,,A1
19790912-2,12-SEP-1979,Boeing 727-230,D-ABFI,Lufthansa,0,Köln/Bonn Ai...,, ,H2
19790913-0,13-SEP-1979,Douglas DC-3C,N37906,Southern Flyer Inc,0,Hattiesburg-...,, ,O1
19790914-0,14-SEP-1979,Douglas DC-7,N4SW,Butler Aircraft Comp.,12,near Klamath Fall...,, ,A1
19790914-1,14-SEP-1979,DC-9-32,I-ATJC,ATI,31,near Sarroch,,,A1
19790917-0,17-SEP-1979,DC-9-32,CF-TLU,Air Canada,0,"near Boston, MA",, ,A1
19790918-0,18-SEP-1979,Lockheed C-141B Starlifter,64-0647,USAF,0,Charleston A...,,,A1
19790918-1,18-SEP-1979,BN-2A-7 Islander,C-FZVV,Pacific Coastal,4,Blink Horn P...,, ,A1
19790919-0,19-SEP-1979,Boeing KC-135A,58-0127,USAF,5,Merced-Castl...,, ,A1
19790920-0,20-SEP-1979,Antonov An-2R,CCCP-56413,Aeroflot / Belarus,,near Malyushin Ai...,, ,A1
19790921-1,21-SEP-1979,Douglas C-47A (DC-3),ET-AGU,Ethiopian Airlines,0,Barentu,, ,A2
19790925-0,25-SEP-1979,Beech 200 Super King Air,G-BGHR,Eagle Aircraft Services,2,near Nantes,,,A1
19790928-0,28-SEP-1979,Curtiss C-46A,N10624,Miami Air Lease,0,near San Andros,,,A1

19790102-0,02-JAN-1979,Ilyushin Il-14FKM,CCCP-04193,Aeroflot / Central Region,3,Molodezhnaya,, ,A1
19790102-1,02-JAN-1979,Antonov An-2R,HA-MDJ,Ministry for Agriculture and Nutrition,0,,, ,O1
19790105-0,05-JAN-1979,CASA C-212 Aviocar 100,423,Nicaraguan AF,,Managua-Las ...,, ,A1
19790105-1,05-JAN-1979,Lockheed L-188PF Electra,N403GN,Great Northern Airlines,0,Inigok Airpo...,,,A1
19790110-0,10-JAN-1979,Douglas DC-3A,N9025R,Waggoner Aircraft,0,"Southbay, FL",,,A1
19790112-0,12-JAN-1979,Douglas C-54D (DC-4),CP-1352,Trak Airways,0,near San Borja,, ,A1
19790112-1,12-JAN-1979,Boeing 727-2H3, ,Tunis Air,0,Tripoli,, ,H2
19790112-2,12-JAN-1979,BN-2A-8 Islander,D-IEDA,FLN,0,Juist Airpor...,, ,O1
19790114-0,14-JAN-1979,Grumman G-73 Mallard,N95DF,Trans Catalina Airlines,0,Catalina Isl...,, ,A1
19790115-1,15-JAN-1979,Antonov An-24B,CCCP-46807,Aeroflot / Ukraine,13,near Minsk-1 Inte...,, ,A1
19790116-0,16-JAN-1979,Boeing 707, ,MEA,0,Beirut Inter...,, ,H2
19790117-0,17-JAN-1979,Nord 262A-29,85,French Navy,0,Cherbourg-Ma...,,,A1
19790117-2,17-JAN-1979,Grumman M-16 Albatross (HU-16),6539,Brazilian AF,0,"Itacajá, TO",, ,A1
19790118-0,18-JAN-1979,Let L-410M,CCCP-67210,Aeroflot / Central Region,3,near Belgorod Air...,, ,A1
19790119-0,19-JAN-1979,Learjet 25D,N137GL,Massey-Ferguson,6,Detroit-Metr...,, ,A1
19790123-0,23-JAN-1979,Lockheed C-130H Hercules,MM62000,Italian AF,0,Milano-Malpe...,,,O1
19790124-0,24-JAN-1979,Fairchild C-119G Flying Boxcar,MM52-6030,Italian AF,0,Pisa-Arturo ...,, ,A1
19790124-1,24-JAN-1979,Nord 262A-44,7T-VSU,Air Algérie,14,near Béchar-Leger...,, ,A1
19790126-0,26-JAN-1979,Hawker Siddeley HS-125-1A-522,N3MF,Big 6 General Partnership,0,Taos Airport...,, ,A1
19790127-0,27-JAN-1979,Boeing 747, ,United Airlines,0,New York-Joh...,, ,H2
19790128-0,28-JAN-1979,Fokker F-27 Friendship 500,F-BYAH,Air Rouergue,5,near Rodez Airpor...,, ,A1
19790128-1,28-JAN-1979,Douglas C-47B (DC-3),ET-AGP,Ethiopian Airlines,3,near Haikota,, ,A1
19790130-0,30-JAN-1979,Boeing 707-323C,PP-VLU,Varig,6,"near Tokyo, Japan",,,A1
19790131-0,31-JAN-1979,Beech C-12A Huron,73-1211,USAF,5,near Isfahan,, ,A1
19790201-0,01-FEB-1979,Lockheed C-130E Hercules,10687,Pakistan AF,0,Lahore Airpo...,, ,O1
19790201-1,01-FEB-1979,Lockheed C-130B Hercules,23488,Pakistan AF,0,Lahore Airpo...,, ,O1
19790205-0,05-FEB-1979,Antonov An-2PF,SP-TBB,Aeropol,3,Trebinje,, ,A1
19790208-0,08-FEB-1979,Embraer EMB-110C Bandeirante,PT-SBB,TAM,18,"Bauru, SP",, ,A1
19790209-1,09-FEB-1979,Douglas DC-9-14,N8910E,Eastern Air Lines,0,Miami-Dade C...,,,A1
19790212-0,12-FEB-1979,Mohawk 298 (Nord 262),N29824,Allegheny Airlines,2,Clarksburg-B...,,,A1
19790212-1,12-FEB-1979,Vickers 748D Viscount,VP-YND,Air Rhodesia,59,near Kariba,,,C1
19790213-0,13-FEB-1979,DHC-6 Twin Otter 200,VH-PAQ,Pan-Air,0,"Yarra Creek,...",, ,A1
19790215-0,15-FEB-1979,Boeing 747-132SF,N804FT,Flying Tiger Line,0,Chicago-O'Ha...,, ,A2
19790217-0,17-FEB-1979,Boeing 707-321C,OD-AGO,TMA,0,Taoyuan,,,A2
19790217-1,17-FEB-1979,Fokker F-27 Friendship 500,ZK-NFC,Air New Zealand,2,near Auckland Int...,,,A1
19790219-0,19-FEB-1979,Boeing 707-123B,C-GQBH,Quebecair,0,Saint Lucia-...,,,A1
19790219-2,19-FEB-1979,Douglas C-47B (DC-3),ET-AFW,Ethiopian Airlines,5,near Asmara,, ,C1
19790226-0,26-FEB-1979,Douglas DC-6B,TR-LXN,Air Gabon,3,near Moanda,,,A1
19790227-0,27-FEB-1979,Tupolev Tu-154, ,Aeroflot,0,Stockholm-Ar...,, ,H2
19790227-1,27-FEB-1979,DHC-6 Twin Otter 300,N24RM,Rocky Mountain Airways,0,near Cheyenne Air...,, ,A2
19790305-0,05-MAR-1979,Antonov An-2,854,Polish AF,,,, ,A1
19790306-0,06-MAR-1979,Fokker F-28 Fellowship 1000,PK-GVP,Garuda,4,near Probolinggo,,,A1
19790310-1,10-MAR-1979,Nord 262A-33,N418SA,Swift Aire,3,near Los Angeles ...,,,A1
19790312-0,12-MAR-1979,SE-210 Caravelle III,F-BHRL,Air France,0,Frankfurt In...,,,A1
19790312-1,12-MAR-1979,Antonov An-2TP,CCCP-40594,Aeroflot / Yakutsk,,,, ,A1
19790313-0,13-MAR-1979,T-39A Sabreliner,61-0672,USAF,,Kunsong,, ,U1
19790313-2,13-MAR-1979,Grumman M-16 Albatross (HU-16),6540,Brazilian AF,5,near Florianópoli...,, ,A1
19790314-0,14-MAR-1979,Boeing 727-2D3,JY-ADU,Alia,45,Doha Airport...,,,A1
19790314-1,14-MAR-1979,Hawker Siddeley HS-121 Trident 2E,B-274,CAAC,12+ 32,Beijing,, ,A1
19790314-2,14-MAR-1979,Fairchild F-27A,5T-CJY,Air Mauritanie,0,Nouakchott A...,,,A1
19790316-0,16-MAR-1979,Boeing 727, ,Continental Air Lines,0,Tucson Inter...,, ,H2
19790317-0,17-MAR-1979,DHC-4A Caribou,C-GVYW,Air Inuit,3,"near Bridgetown, ...",, ,A1
19790317-1,17-MAR-1979,Tupolev Tu-104B,CCCP-42444,Aeroflot / Ukraine,58,near Moskva-Vnuko...,,,A1
19790318-0,18-MAR-1979,Boeing 747-246F (SCD),JA8123,JAL,0,København-Ka...,, ,A2
19790320-0,20-MAR-1979,Yakovlev Yak-40K,CCCP-87930,Aeroflot / Turkmenistan,0,Chardzhou Ai...,, ,A1
19790322-0,22-MAR-1979,Tupolev Tu-134A,CCCP-65031,Aeroflot / Latvia,4,near Liepaya Airp...,,,A1
19790326-0,26-MAR-1979,Ilyushin Il-18D,DM-STL,Interflug,10,Luanda-4 de ...,,,A1
19790326-1,26-MAR-1979,Antonov An-26,CCCP-26569,Aeroflot / Uralsk,4,near Baykit (BKT),, ,A1
19790329-0,29-MAR-1979,Fairchild F-27,C-FQBL,Quebecair,17,near Quebec Airpo...,,,A1
19790330-0,30-MAR-1979,Aérospatiale SN.601 Corvette,TN-ADB,Aéro-Service,,Nkayi Airpor...,,,A1
19790401-1,01-APR-1979,Boeing 707-321C,5X-UAL,Uganda Airlines,0,Entebbe Airp...,,,O1
19790402-0,02-APR-1979,Douglas C-47 (DC-3), ,Nicaraguan AF,0,Jalapa,, ,A1
19790404-0,04-APR-1979,Boeing 727-31,N840TW,TWA,0,"near Saginaw, MI",, ,A2
19790404-1,04-APR-1979,Boeing 747SP-21,N530PA,Pan Am,0+ 1,Sydney-Kings...,, ,H2
19790405-0,05-APR-1979,Douglas C-47A (DC-3),L2-26/02,Thai AF,0,,, ,U1
19790408-0,08-APR-1979,Lockheed C-130H Hercules,116,Libyan Arab Rep. Air Force,0,Entebbe Airp...,, ,O1
19790411-0,11-APR-1979,Howard 350,N8GW,World Photography Co.,0,"near Belle Glade, FL",, ,A1
19790415-0,15-APR-1979,BN-2A-8 Islander,C9-APQ,COMAG,0,Songo Airport,, ,C1
19790416-0,16-APR-1979,Convair CV-440,N94480,private,0,"near Key West, FL",, ,A1
19790418-1,18-APR-1979,PBV-1A Canso A (PBY-5A),CC-CDS,Aeroservicios Parrague,3,Chiguayante,, ,A1
19790420-0,20-APR-1979,Douglas C-47A (DC-3),ET-AGU,Ethiopian Airlines,0,Oborso,, ,A2
19790420-1,20-APR-1979,Fairchild F-27A,CC-CBR,Aeronor Chile,0,Iquique-Cava...,,,A1
19790420-2,20-APR-1979,Howard 250,N48RM,South Central Aviation,2,near Tampico Airp...,, ,A1
19790423-1,23-APR-1979,Vickers 785D Viscount,HC-AVP,SAETA,57,Pastaza Prov...,,,A1
19790426-0,26-APR-1979,Boeing 737-2A8,VT-ECR,Indian Airlines,0,Madras Airpo...,, ,C1
19790426-1,26-APR-1979,BN-2A-21 Islander,PK-KNG,Bali Int. Air Service,0,within Irian Jaya,, ,A1
19790427-0,27-APR-1979,Howard 350,N544B,Triple D Transport Co.,2,"near Guantanamo, ...",, ,A1
19790428-0,28-APR-1979,IAI Arava 201,202,Ecuador Navy,2,within eastern,, ,A1
19790429-1,29-APR-1979,IAI Arava 201,864,Guatemala AF,,,, ,A1
19790501-0,01-MAY-1979,Antonov An-24V,BNMAU-1202,MIAT,,Erdenet Airp...,, ,A1
19790507-0,07-MAY-1979,Douglas DC-3,TG-SAB,TAPSA,0,Flores-Santa...,, ,A2
19790510-0,10-MAY-1979,Ilyushin Il-18D,CCCP-75414,Aeroflot / Uralsk,0,Adler/Sochi ...,, ,A1
19790510-1,10-MAY-1979,Antonov An-2R,CCCP-06330,Aeroflot / Ukraine,0,near Svidovets,, ,A1
19790513-0,13-MAY-1979,Antonov An-2R,SP-CNK,WSK Okecie,,,, ,A1
19790515-1,15-MAY-1979,Douglas C-54S (DC-4),N44905,Biegert Aviation,0,Mesa-Falcon ...,, ,A1
19790515-2,15-MAY-1979,Lockheed L-100-20 Hercules,D2-FAF,TAAG,0,São Tomé Isl...,,,A1
19790515-3,15-MAY-1979,BN-2A Trislander Mk.III-1,G-BCYC,Loganair,0,Aberdeen,, ,U1
19790517-0,17-MAY-1979,Douglas DC-4, ,Bush Aviation,0,Gulf of Mexico,, ,A1
19790519-1,19-MAY-1979,Tupolev Tu-134A,CCCP-65839,Aeroflot / Moldova,0,Ufa Airport ...,, ,A1
19790522-0,22-MAY-1979,Boeing 737-2A8,VT-EDS,Indian Airlines,0,Nagpur Airpo...,, ,A2
19790525-0,25-MAY-1979,Vickers 806 Viscount,G-AOYS,British Airways,0,Cardiff-Wale...,,,A2
19790525-1,25-MAY-1979,DHC-4A Caribou,N581PA,Sea Airmotive,3,Bullen Point...,, ,A1
19790525-2,25-MAY-1979,DC-10-10,N110AA,American Airlines,271+ 2,Chicago-O'Ha...,,,A1
19790526-0,26-MAY-1979,Howard 350,N1514S,Inter Island Shipping,2,near Fort Lauderd...,, ,A1
19790526-1,26-MAY-1979,Boeing 727-1F8,9N-ABD,Royal Nepal Airlines,0,Patna Airpor...,, ,A2
19790527-1,27-MAY-1979,DHC-5D Buffalo,5T-MAX,Mauritanian AF,12,near Dakar,, ,A1
19790530-0,30-MAY-1979,DHC-6 Twin Otter 200,N68DE,Downeast Airlines,17,"Rockland, ME",,,A1
19790531-2,31-MAY-1979,Tupolev Tu-134A,CCCP-65649,Aeroflot / Tyumen,0,Tyumen,, ,A1
19790601-0,01-JUN-1979,A.W. AW-660 Argosy C.1,9Q-COE,OTRAG Range Air Services,0,Lubumbashi-L...,,,A1
19790601-1,01-JUN-1979,Douglas C-54A (DC-4),C-FQIX,Aero Trades (Western),0,Thompson Air...,, ,A1

19790928-1,28-SEP-1979,Lockheed C-130H Hercules,CP-1375,TAB,4,near Panama City-...,,,A1
19790930-0,30-SEP-1979,DHC-6 Twin Otter 200,C-FWAF,West Coast Air,2,Porpoise Bay...,, ,A1
19791003-0,03-OCT-1979,Nord 2501 Noratlas,181/F-RBKT,French AF,,"Royan, Chare...",, ,A1
19791007-0,07-OCT-1979,DC-8-62,HB-IDE,Swissair,14,Athens-Ellin...,,,A1
19791010-1,10-OCT-1979,Canadair CC-106 Yukon (CL-44),CX-BKD,ALAS,0,Montevideo-C...,,,A1
19791013-0,13-OCT-1979,Antonov An-2R,CCCP-70805,Aeroflot / Yakutsk,,,, ,A1
19791016-0,16-OCT-1979,Fokker F-27 Friendship 600,5A-DDU,Libyan Arab Airlines,0,Malta-Luqa A...,, ,H2
19791018-0,18-OCT-1979,Douglas C-47 (DC-3),TG-AXA,Aviateca,0,Carmelita Ai...,, ,A1
19791019-0,19-OCT-1979,Antonov An-30B,84,Soviet AF,0,Iturup Island,, ,O1
19791020-0,20-OCT-1979,BN-2A-21 Islander,PK-VIQ,Dirgantara Air Services,,,, ,A1
19791023-0,23-OCT-1979,Antonov An-2R,YR-APF,Aviatia Utilitara,,Campina,, ,A1
19791025-0,25-OCT-1979,Vickers 735 Viscount,G-BFYZ,Alidair,0,Kirkwall Air...,,,A1
19791027-0,27-OCT-1979,Antonov An-2TP,CCCP-32322,Aeroflot / Yakutsk,3,Lensk,, ,A1
19791027-1,27-OCT-1979,Beech 200 Super King Air,XC-PGR,Mexican Government,10,"near San Ysidro, CA",, ,A1
19791030-0,30-OCT-1979,Boeing 727, ,PSA,0,Tijuana,, ,H2
19791030-1,30-OCT-1979,Ilyushin Il-14M,CCCP-61683,"Aeroflot, Moscow SPiMVL",0,near ,, ,O1
19791030-2,30-OCT-1979,Douglas C-47B (DC-3),N99663,Frontier Flying Service,2,Bettles Airp...,, ,A1
19791031-0,31-OCT-1979,DC-10-10,N903WA,Western Air Lines,72+ 1,Mexico City-...,,,A1
19791031-1,31-OCT-1979,Douglas DC-6, ,Mexican AF,3,near Cozumel Air ...,, ,A1
19791101-0,01-NOV-1979,DHC-6 Twin Otter 300,C-GTJA,Austin Airways,3,Big Trout La...,, ,A1
19791105-0,05-NOV-1979,BN-2A Islander,P2-ATU,Douglas Airways,3,Huabango,, ,A1
19791105-1,05-NOV-1979,DHC-6 Twin Otter 300,N23BC,SPIA,0,Tau Airport ...,, ,A1
19791106-1,06-NOV-1979,BN-2A-9 Islander,YV-269C,Transmandu,,,, ,U1
19791110-0,10-NOV-1979,Douglas C-47B (DC-3),ST-AHH,National Agriculture Org.,0,near Kadugli Airport,, ,A1
19791113-0,13-NOV-1979,Curtiss C-46F,C-GYHT,Lambair,0,near Churchill-Me...,,,A1
19791113-1,13-NOV-1979,Douglas C-47A (DC-3),PT-KVT,Con. Tec. Operacional de Aviacao,,near Cascavel Air...,, ,A1
19791115-1,15-NOV-1979,Boeing 727, ,American Airlines,0,near Washington-D...,, ,C2
19791116-1,16-NOV-1979,Martin 4-0-4,N40438,Nevada Airlines,0,Grand Canyon...,,,A1
19791116-2,16-NOV-1979,Yakovlev Yak-40,CCCP-87454,Aeroflot / Leningrad,3,Vologda Airp...,, ,A1
19791118-1,18-NOV-1979,Fokker F-27 Friendship 200,S2-ABG,Biman Bangladesh,0,Savar,, ,A1
19791118-2,18-NOV-1979,Lockheed L-188CF Electra,N859U,Transamerica Airlines,3,Salt Lake Ci...,,,A1
19791119-0,19-NOV-1979,Douglas RC-54V (DC-4),N8060C,Tiburon Aircraft Inc,2,"near McCormick, SC",,,A1
19791119-1,19-NOV-1979,Cessna 500 Citation I,N555AJ,National Jet Industries,2,near Denver-Arapa...,, ,A1
19791119-2,19-NOV-1979,IAI Arava 201,T-201,Ecuador Army,16,LojaLoja Air...,, ,A1
19791121-0,21-NOV-1979,IAI Arava 102,LV-MRX,YPF,8,near Puerto Willi...,, ,A1
19791123-0,23-NOV-1979,Ilyushin Il-76,CCCP-86714,Soviet AF,7,near Vitebsk Airp...,, ,A1
19791123-2,23-NOV-1979,DC-10-40, ,JAL,0,Tokyo-Narita...,, ,H2
19791124-0,24-NOV-1979,Convair CV-440-86,N444JM,Mackey Int. Airlines,0,near Freeport-Gra...,,,A1
19791124-1,24-NOV-1979,Boeing 727, ,American Airlines,0,El Paso Inte...,, ,H2
19791126-0,26-NOV-1979,Boeing 707-340C,AP-AWZ,PIA,156,near Taif,,,A1
19791126-1,26-NOV-1979,U-1A Otter (DHC-3),C-FJIK,Smithers Air Service,3,Takla Narrow...,, ,A1
19791127-0,27-NOV-1979,Hawker Siddeley HS-125-600B,236,Irish AF,0,Dublin-Baldo...,,,A1
19791128-0,28-NOV-1979,DC-10-30,ZK-NZP,Air New Zealand,257,Mount Erebus,,,A1
19791130-1,30-NOV-1979,Boeing 707-373C,HZ-ACE,Saudi Arabian,0,Jeddah Inter...,,,A1
19791202-0,02-DEC-1979,Learjet 24,N300JA,ERA Helicopters,0,Unalaska Air...,, ,A1
19791203-1,03-DEC-1979,DHC-6 Twin Otter 300,N8061V,Evergreen Helicopters,4,"near Nome, AK",, ,A1
19791210-0,10-DEC-1979,Learjet 36A,I-AIFA,Ferruzzi,3+ 2,near Forli Airpor...,, ,A1
19791211-0,11-DEC-1979,Douglas DC-3C,N7302,Commercial Air Freight Inc,0,Oaxaca,, ,A1
19791212-0,12-DEC-1979,Martin 4-0-4,CP-1440,CAMBA,10,near Apolo Airpor...,,,A1
19791215-0,15-DEC-1979,Cessna 500 Citation I,YV-O-MAC-1,Ministerio de Agricultura y Cria,2,Machiques,, ,A1
19791218-0,18-DEC-1979,Douglas C-54D (DC-4),FAC-1106,SATENA,21,Cerro Toledo,, ,A1
19791219-0,19-DEC-1979,DHC-6 Twin Otter 300,HK-1710W,An-Son Drilling,4,near Oroque,, ,A1
19791222-0,22-DEC-1979,DHC-5D Buffalo,FAP-348,Peruvian AF,29,near Puerto Esper...,, ,A1
19791223-0,23-DEC-1979,Curtiss C-46D,CP-777,Frigorificos Movima,0,near La Paz,, ,A1
19791223-1,23-DEC-1979,Fokker F-28 Fellowship 1000,TC-JAT,THY,41,near Ankara-Esenb...,,,A1
19791223-2,23-DEC-1979,GAF Nomad N.22B,P2-DNL,Douglas Airways,16,Manari Airpo...,, ,A1
19791225-0,25-DEC-1979,Ilyushin Il-76M,CCCP-86036,Soviet AF,48,near Kabul,, ,A1
19791227-0,27-DEC-1979,Douglas C-47B (DC-3),FAH-313,Honduras AF,,Puerto Lempi...,, ,A1
19791227-1,27-DEC-1979,Boeing 747-121SF,N771PA,Pan Am,0,London-Heath...,, ,A2
19799999-0,??-???-1979,Douglas DC-7CF,N302G,private,,,, ,A1
19799999-1,??-???-1979,CASA C-212 Aviocar 100,424,Nicaraguan AF,,,, ,A1
19799999-2,??-???-1979,DHC-6 Twin Otter 300,FAP-333,Peruvian AF,,,, ,A1
19799999-4,??-???-1979,Antonov An-2P,SP-FNA,Zakladu Urz. Chem.,,,, ,O1
19799999-5,??-???-1979,BN-2A Islander,D2-FMW,CTA,,Cela,, ,U1
