identifiant,date,type,registration,operator,fat.,location, ,pic,cat

19531015-0,15-OCT-1953,Douglas C-47A (DC-3),PI-C142,Philippine Air Lines,0,near Tuguegarao,, ,A2
19531017-0,17-OCT-1953,Douglas C-47B (DC-3),F-VNAE,Compagnie Sila,2,near Lai Chau,, ,A1
19531017-1,17-OCT-1953,Douglas C-47A (DC-3),LV-AGE,Aerolineas Argentinas,0,Jujuy Airpor...,, ,A1
19531019-0,19-OCT-1953,Lockheed L-749A Constellation,N119A,Eastern Air Lines,2,New York-Idl...,, ,A1
19531019-1,19-OCT-1953,Douglas DC-3,XC-PMX,Pemex,15,near Mamulique,, ,A1
19531019-2,19-OCT-1953,Douglas C-47B (DC-3),476404/FRAZZ,French AF,,,, ,U1
19531019-3,19-OCT-1953,Lockheed P2V-5 Neptune,128389,US Navy,0,Bermuda-Kind...,, ,A1
19531021-0,21-OCT-1953,Lisunov Li-2,CCCP-L4890,Aeroflot / West Siberia,1,near Mineralnye V...,, ,A1
19531027-0,27-OCT-1953,Ilyushin Il-12,CCCP-L1765,Aeroflot / Far East,22,near Magadan-13 A...,, ,A1
19531027-1,27-OCT-1953,Lockheed P2V-5 Neptune,127764,US Navy,1,near Iwakuni MCAS,, ,A1
19531029-0,29-OCT-1953,Douglas DC-6,VH-BPE,British Commonwealth Pacific A/w,19,near Half Moon Ba...,, ,A1
19531031-0,31-OCT-1953,Consolidated PA-10 Catalina (PBY-5),6500,Brazilian AF,4,"near Marabá, PA",, ,A1
19531031-1,31-OCT-1953,Lisunov Li-2,CCCP-L4732,Aeroflot / North Kavkaz,15,near Kharkov Airp...,, ,A1
19531103-0,03-NOV-1953,Douglas DC-3-314,CP-600,LAB,28,near Tarabuco,, ,A1
19531104-0,04-NOV-1953,Ilyushin Il-12,CCCP-L1367,Aeroflot / East Siberia,5,near Magdagachi A...,, ,A1
19531105-0,05-NOV-1953,Douglas C-47B (DC-3),43-49782,USAF,,"near Calhan, CO",, ,A1
19531111-0,11-NOV-1953,Bristol 170 Freighter 21P,G809,Pakistan AF,2,Karachi,, ,A1
19531111-1,11-NOV-1953,Vickers Valetta C.1,VX490,RAF,7,near Singapore Is...,, ,A1
19531112-2,12-NOV-1953,Junkers Ju-52/3msai,T-159,LADE,13,near Villa Muguet...,, ,A1
19531115-0,15-NOV-1953,Grumman SA-16A Albatross,51-036,USAF,5,between Icel...,, ,A1
19531117-0,17-NOV-1953,Kaiser-Frazer C-119F Flying Boxcar,51-8163,USAF,5+ 10,"near Fort Bragg, NC",, ,A1
19531118-0,18-NOV-1953,Douglas C-47A (DC-3),43-15756,USAF,,Albuquerque-...,, ,A1
19531125-0,25-NOV-1953,Douglas VC-47D (DC-3),43-49093,USAF,0,Camp A.P. Hi...,, ,A1
19531125-1,25-NOV-1953,Bristol 170 Freighter 21E,A81-2,RAAF,3,"near Mallala, SA",, ,A1
19531126-0,26-NOV-1953,Douglas C-47D (DC-3),43-16353,USAF,,near Sirte,, ,A1
19531126-1,26-NOV-1953,Curtiss C-46D,44-77549,USAF,0,near Yonago-Miho ...,, ,A1
19531127-0,27-NOV-1953,Fairchild C-119C Flying Boxcar,51-2621,USAF,6,near Paris-Orly A...,, ,A1
19531204-0,04-DEC-1953,Bristol 170 Freighter 21,EC-AEG,Aviaco,23,near Guaderrama,, ,A1
19531208-0,08-DEC-1953,Curtiss C-46,242,Republic of China AF,,unknown,, ,U1
19531209-0,09-DEC-1953,Fairchild C-119G Flying Boxcar,51-8086,USAF,2,near Newton Falls...,, ,A1
19531211-0,11-DEC-1953,Avro Shackleton MR.2,WL746,RAF,10,near Argyll,, ,A1
19531212-0,12-DEC-1953,Douglas C-47A (DC-3),VT-CHF,Indian Airlines,13,near Nagpur-Soneg...,, ,A1
19531212-1,12-DEC-1953,Junkers Ju-52/3m,PP-DZY,Aeronorte,2,Mogi das Cru...,, ,A1
19531215-0,15-DEC-1953,Curtiss C-46D,TG-AQA,Aviateca,2,Cerro Tecpan,, ,A1
19531215-1,15-DEC-1953,Vickers 634 Viking 1B,SU-AFK,Misrair,6,near Cairo-Almaza...,, ,A1
19531216-0,16-DEC-1953,Vickers Valetta C.2,VX575,RAF,1,near Malta-Luqa A...,, ,A1
19531219-0,19-DEC-1953,Convair CV-240-12,OO-AWO,Sabena,1,near Zürich-Klote...,, ,A1
19531220-0,20-DEC-1953,Vickers 610 Viking 1B,G-AHPO,Eagle Aviation,0,Nürnberg Air...,,,A1
19531220-1,20-DEC-1953,Douglas R4D-8 (Super DC-3),17179,US Navy,10,Agrihan Island,,,A1
19531222-1,22-DEC-1953,Lockheed P2V-3 Neptune,122964,US Navy,0,Hong Kong-Ka...,, ,A1
19531227-1,27-DEC-1953,Short Sunderland GR.5,RN302,RAF,0,near Tsushima Island,, ,A1
19531228-0,28-DEC-1953,Canadair C-54GM North Star,17505,RCAF,0,"Shemya AFB, ...",, ,A1
19531229-0,29-DEC-1953,Nord 2501 Noratlas,2/F-SDAC,French AF,10,Pic de Costa...,, ,A1
19531230-1,30-DEC-1953,Canadair C-54GM North Star,17503,RCAF,0,Vancouver In...,, ,A1
19531231-0,31-DEC-1953,Douglas C-47A (DC-3),43-48246,USAF,,"Nome AFB, AK...",, ,A1
19539999-0,??-???-1953,PBV-1A Canso A (PBY-5A),CF-DIK,Hollinger Ungava Transport,0,Ashuanipi La...,, ,A1
19539999-1,??-???-1953,Douglas C-47A (DC-3),VT-CHG,Jupiter Airways,,,, ,A1
19539999-2,??-???-1953,Consolidated PBY-6A Catalina,64089,US Navy,0,near Midway Island,, ,A1

19530522-0,22-MAY-1953,Curtiss C-46F,N1669M,"USAF, op.for Resort Airlines",2,"near Des Moines, IA",, ,A1
19530524-0,24-MAY-1953,Douglas C-47A (DC-3),N53596,Meteor Air Transport,6,Saint Louis-...,,,A1
19530524-1,24-MAY-1953,Lisunov Li-2,CCCP-L4863,Aeroflot / Krasnoyarsk,0,Nadezhda Air...,, ,A1
19530525-0,25-MAY-1953,Convair CV-240-4,PH-TEI,KLM,0+ 2,Amsterdam-Sc...,,,A1
19530525-1,25-MAY-1953,Grumman SA-16B Albatross,51-7173,USAF,0,Kings Canyon...,, ,A1
19530527-0,27-MAY-1953,Bristol 170 Freighter 31M,NZ5908,New Zealand AF,5,near Blenheim-Woo...,,,A1
19530527-1,27-MAY-1953,Lisunov Li-2T,CCCP-A4031,Aeroflot / East Siberia,7,near Barzas,, ,A1
19530527-2,27-MAY-1953,Lisunov Li-2,CCCP-L4534,Aeroflot / East Siberia,20,near Barzas,, ,A1
19530605-0,05-JUN-1953,Grumman SA-16A Albatross,49-0084,USAF,0,Okinawa-Bolo...,, ,A1
19530606-0,06-JUN-1953,Grumman SA-16B Albatross,51-7146,USAF,1,Nabeul,, ,A1
19530609-1,09-JUN-1953,Vickers 615 Viking 1B,T-6,"LADE, opb Argentine AF",0,near Juan A. Prad...,,,A1
19530614-0,14-JUN-1953,Ilyushin Il-12,CCCP-L1375,Aeroflot / Georgia,18,near Zugdidi,, ,A1
19530615-0,15-JUN-1953,Douglas C-47B (DC-3),TI-1002,LACSA,9,San Ramon Mts.,, ,A1
19530615-1,15-JUN-1953,Lockheed 18 Lodestar,CC-CLD-0100,LAN Chile,7,near Copiapó-Cham...,, ,A1
19530616-0,16-JUN-1953,Douglas C-47A (DC-3),F-BEST,Aigle Azur,34,Phou-Lassi Hill,, ,A1
19530616-1,16-JUN-1953,Vickers Valetta C.1,VW846,RAF,0,Fayid RAF St...,, ,A1
19530617-0,17-JUN-1953,Douglas C-54A (DC-4),LV-ABQ,Aerolineas Argentinas,0,"near Córdoba, CD",, ,A1
19530617-1,17-JUN-1953,Lockheed L-049 Constellation,PP-PDA,Panair do Brasil,17,near São Paulo-Co...,,,A1
19530617-2,17-JUN-1953,Douglas C-47D (DC-3),45-929,USAF,,Seoul (K-16)...,, ,A1
19530618-0,18-JUN-1953,Douglas C-124A Globemaster II,51-137,USAF,129,near Tachikawa Ai...,, ,A1
19530622-0,22-JUN-1953,Handley Page Hastings C.2,WJ335,RAF,6,Abingdon RAF...,, ,A1
19530623-0,23-JUN-1953,Fairchild C-119C Flying Boxcar,49-161,USAF,7,near Ashiya Air Base,, ,A1
19530625-0,25-JUN-1953,DH-106 Comet 1A,F-BGSC,UAT,0,Dakar-Yoff A...,, ,A1
19530628-0,28-JUN-1953,Short Sunderland MR.5,RN269,RAF,0,near Sangley Poin...,, ,A1
19530629-0,29-JUN-1953,Douglas DC-3A,N15569,Western Air Lines,1,Los Angeles ...,, ,A1
19530630-0,30-JUN-1953,Douglas C-47A (DC-3),EP-ACV,Iranian Airways,0,Tehran,, ,A1
19530704-3,04-JUL-1953,Douglas C-47D (DC-3),43-48408,USAF,,,, ,C1
19530705-0,05-JUL-1953,Grumman SA-16B Albatross,51-7158,USAF,,Persian Gulf,, ,A1
19530705-1,05-JUL-1953,Consolidated PBY-5A Catalina,PT-AXX,Adhemar de Barros,0,near Picinguaba C...,, ,A1
19530706-0,06-JUL-1953,Lisunov Li-2,CCCP-L4027,Aeroflot / Tajikistan,7,near Rushan,, ,A1
19530707-0,07-JUL-1953,Consolidated PBY-5A Catalina,46617,US Coast Guard,3,Mississippi ...,, ,A1
19530707-1,07-JUL-1953,Lockheed R7V-1 Super Constellation,128440,US Navy,6,"near Chestertown, MD",, ,A1
19530710-0,10-JUL-1953,Douglas C-47D (DC-3),43-48803,USAF,10,near Stavanger-So...,, ,A1
19530712-0,12-JUL-1953,Douglas DC-6,N90806,Transocean Air Lines,58,near Wake Island ...,, ,A1
19530713-0,13-JUL-1953,Martin P5M-1 Marlin,126503,US Navy,7,"near Cape Henry, ...",, ,A1
19530714-0,14-JUL-1953,Ford 4-AT-E Tri-Motor,N8400,Johnson Flying Service,2,"near Basin, MT",, ,A1
19530716-0,16-JUL-1953,Douglas C-47B (DC-3),6846,South African AF,0,Johannesburg...,, ,A1
19530717-0,17-JUL-1953,Fairchild R4Q-2 Flying Boxcar (C-11,131663,US Navy,44,near Milton-Whiti...,, ,A1
19530719-0,19-JUL-1953,Curtiss C-46F,N1679M,"Southern Air Transport, lsf USAF",0,Dallas-Love ...,, ,A1
19530720-0,20-JUL-1953,Douglas C-47B (DC-3),43-49184,USAF,,near Etah,, ,A1
19530720-1,20-JUL-1953,Lisunov Li-2,CCCP-H1014,Dalstroi Aviation,0,near Zyrianka,, ,A1
19530722-0,22-JUL-1953,Canadair C-54GM North Star,17501,RCAF,0,Rockliffe-CF...,, ,O1
19530722-1,22-JUL-1953,Handley Page Hastings C.1,TG613,RAF,0,"near Idris, Libya",, ,A1
19530722-2,22-JUL-1953,Douglas C-47A (DC-3),LV-ABX,Aerolineas Argentinas,,"Trelew, CB",, ,A1
19530722-3,22-JUL-1953,Grumman SA-16A Albatross,51-0475,USAF,0,near Bordeaux,, ,A1
19530723-2,23-JUL-1953,Junkers Ju-52/3mge,LV-ZBG,Argentine Ministry of Agriculture,0,"El Chanar, LR",, ,A1
19530725-0,25-JUL-1953,DH-106 Comet 1,G-ALYR,BOAC,0,Calcutta-Dum...,, ,A1
19530726-0,26-JUL-1953,Douglas C-47D (DC-3),43-48930,USAF,,Chunchon Air...,, ,C1
19530727-0,27-JUL-1953,Ilyushin Il-12, ,Soviet Navy,21,near Mao-erh-shan,, ,C1
19530727-1,27-JUL-1953,Handley Page Hastings C.1,TG564,RAF,0+ 1,Hong Kong-Ka...,, ,A1
19530729-0,29-JUL-1953,Vickers Valetta C.1,VW180,RAF,0,Fayid RAF St...,, ,A1
19530730-0,30-JUL-1953,Douglas C-47A (DC-3),F-VNAD,State of Vietnam,,Hanoi-Gia La...,, ,O1
19530803-0,03-AUG-1953,Lockheed L-749A Constellation,F-BAZS,Air France,4,near Fethiye,, ,A1
19530803-1,03-AUG-1953,Douglas C-47 (DC-3),AP-AAD,Orient Airways,1,near Sharjah Airp...,, ,A1
19530804-0,04-AUG-1953,Handley Page HPR.1 Marathon 1A,XY-ACX,Union of Burma Airways,0,Myaungmya,, ,A1
19530804-1,04-AUG-1953,Vickers Valetta C.1,VX515,RAF,0,Aqaba Airpor...,, ,A1
19530808-1,08-AUG-1953,Junkers Ju-52/3m,LV-ZIH,Argentine Ministry of Agriculture,0,"Tartagal, Salta",, ,O1
19530809-0,09-AUG-1953,Fairchild C-119C Flying Boxcar,51-2542,USAF,0,near Gharyan,, ,A1
19530812-0,12-AUG-1953,Douglas R6D-1 (DC-6),131586,US Navy,4,Springfield-...,, ,A1
19530812-1,12-AUG-1953,Vickers 610 Viking 1B,G-AIVG,BEA,0,Paris-Le Bou...,, ,A1
19530813-0,13-AUG-1953,Lisunov Li-2,CCCP-L4393,Aeroflot / Moscow,0,Moskva-Bykov...,, ,O1
19530817-0,17-AUG-1953,Ford 5-AT-B Tri-Motor,N69905,Johnson Flying Service,0,Flathead For...,, ,A1
19530818-0,18-AUG-1953,Curtiss C-46A,XA-GOT,Aerovias Contreras,2,"near San Diego, CA",, ,A1
19530820-0,20-AUG-1953,Curtiss C-46A,PP-ITD,Comp. Itaú de Transportes Aéreos,3,Corumbá Inte...,, ,A1
19530822-0,22-AUG-1953,Lisunov Li-2,CCCP-L4157,Aeroflot / Moscow,0,Moskva-Bykov...,, ,A1
19530823-0,23-AUG-1953,Douglas C-47 (DC-3),PP-YQK,REAL,0,near Campo Grande...,, ,A1
19530823-1,23-AUG-1953,Fairchild C-119B Flying Boxcar,48-348,USAF,0,near Laiya,, ,A1
19530824-0,24-AUG-1953,Boeing C-97G Stratofreighter,50-693,USAF,1,Keflavík Int...,, ,A1
19530826-0,26-AUG-1953,Convair CV-240-0,N94269,American Airlines,0,Michigan Cit...,, ,A2
19530826-1,26-AUG-1953,Convair CV-340-31,N73133,United Airlines,0,Michigan Cit...,, ,A2
19530899-0,??-AUG-1953,Bristol 170 Freighter IA,T-41,Argentine AF,,,, ,A1
19530901-0,01-SEP-1953,Lockheed L-749A Constellation,F-BAZZ,Air France,42,Mont Le Cimet,, ,A1
19530901-1,01-SEP-1953,Douglas C-49K (DC-3),N19941,Regina Cargo Airlines,21,"near Vail, WA",, ,A1
19530902-0,02-SEP-1953,Douglas C-47A (DC-3),43-15267,USAF,,unknown,, ,A1
19530902-1,02-SEP-1953,Douglas C-47A (DC-3),2049,Brazilian AF,4,near Ilha da Boqu...,, ,A1
19530906-0,06-SEP-1953,Douglas R6D-1 (DC-6),131583,US Navy,0,Bermuda-Kind...,, ,A1
19530906-1,06-SEP-1953,Lockheed L-1049 Super Constellation,N6214C,Northwest Orient Airlines,0,Tacoma-McCho...,, ,A1
19530908-0,08-SEP-1953,Douglas C-47A (DC-3),XH-TAR,TACA de Honduras,3,near San Andres,, ,A1
19530912-0,12-SEP-1953,Douglas C-47A (DC-3),2051,Brazilian AF,0,Rio de Janei...,, ,A1
19530913-0,13-SEP-1953,Douglas C-47B (DC-3),KP-2/OT-CWB,Belgian AF,0,Luluaba,, ,A1
19530914-0,14-SEP-1953,Curtiss C-46A,PP-LDM,Loide Aéreo Nacional,0,São Paulo-Co...,, ,A1
19530914-1,14-SEP-1953,Douglas C-47A (DC-3),XA-GIC,TAMSA,1,Chablekal,, ,A1
19530914-2,14-SEP-1953,Douglas C-47D (DC-3),43-16270,USAF,,unknown,, ,A1
19530916-0,16-SEP-1953,Convair CV-240-0,N94255,American Airlines,28,near Albany Airpo...,, ,A1
19530919-0,19-SEP-1953,Douglas C-47A (DC-3),HK-143,Avianca,1,near San Luis de ...,, ,A1
19530919-1,19-SEP-1953,Grumman SA-16B Albatross,51-7171,USAF,0,near Bermuda,, ,A1
19530922-0,22-SEP-1953,Curtiss C-46F,N1673M,"Caribbean-American Airlines, op.for North Star Airlines",0,near Miles City M...,, ,A1
19530925-0,25-SEP-1953,Douglas C-47A (DC-3),TC-EGE,DHY,5,near Ankara,, ,A1
19530926-0,26-SEP-1953,Vickers Valetta C.1,WD164,RAF,8,near Bertam,, ,A1
19530926-1,26-SEP-1953,PBV-1A Canso A (PBY-5A),HK-1510,Texaco,4,near Guarinocito,, ,A1
19530926-2,26-SEP-1953,Douglas C-47A (DC-3),42-24067,USAF,4,near Prades,, ,A1
19530927-0,27-SEP-1953,Grumman SA-16B Albatross,51-7149,USAF,4,"near Jask, Iran [...",, ,A1
19530928-0,28-SEP-1953,Curtiss C-46F,N66534,"USAF, op.for Resort Airlines",25,Louisville-S...,, ,A1
19531009-0,09-OCT-1953,Handley Page Hastings C.1,TG559,RAF,0,Abingdon RAF...,, ,A1
19531009-1,09-OCT-1953,Lockheed P2V-5 Neptune,124901,US Navy,9,near Keflavík,, ,A1
19531010-0,10-OCT-1953,Lockheed P2V-3 Neptune,122935,US Navy,0,near Port Lyautey...,, ,A1
19531012-0,12-OCT-1953,Vickers Valetta C.1,VW804,RAF,0,Aqaba Airpor...,,,A1
19531013-0,13-OCT-1953,SNCASO SO.30P Bretagne,F-DABD,Air Maroc,1,near Tangier Airp...,, ,A1
19531014-0,14-OCT-1953,Convair CV-240-12,OO-AWQ,Sabena,44,near Frankfurt In...,, ,A1
19531014-1,14-OCT-1953,Ilyushin Il-12,CCCP-L1727,Aeroflot / East Siberia,4,near Irkutsk Airp...,, ,A1

19530101-0,01-JAN-1953,Douglas DC-3D,EI-ACF,Aer Lingus,0,Spernall,,,A1
19530101-1,01-JAN-1953,Douglas C-54B (DC-4),PH-TDL,KLM,0,near Dhahran,, ,A2
19530102-0,02-JAN-1953,Douglas C-47A (DC-3),43-15273,USAF,3,near Raleigh/Durh...,, ,A1
19530102-1,02-JAN-1953,Lockheed P2V-5 Neptune,124886,US Navy,,,, ,A1
19530105-0,05-JAN-1953,Vickers 610 Viking 1B,G-AJDL,BEA,27,Belfast-Nutt...,, ,A1
19530107-0,07-JAN-1953,Curtiss C-46F,N1648M,Associated Air Transport,40,"near Fish Haven, ID",,,A1
19530107-1,07-JAN-1953,Douglas C-54B (DC-4),N86574,Flying Tiger Line,7,"near Issaquah, WA",, ,A1
19530110-0,10-JAN-1953,Douglas C-47B (DC-3),XY-ACL,Union of Burma Airways,0,Myeik,, ,A1
19530111-0,11-JAN-1953,Lockheed 18 Lodestar,SE-BUX,Dagens Nyheter,2,near Jönköping Ai...,, ,A1
19530112-0,12-JAN-1953,Handley Page Hastings C.1,TG602,RAF,9,near Shallufa RAF...,, ,A1
19530112-1,12-JAN-1953,CASA 352 (Ju-52),T.2-227,Spanish AF,,,, ,U1
19530113-0,13-JAN-1953,Grumman SA-16A Albatross,51-061,USAF,,near Korean coast,, ,A1
19530115-0,15-JAN-1953,Vickers Valetta C.1,VX562,RAF,19,"near Agrigento, I...",, ,A1
19530116-0,16-JAN-1953,Douglas C-54D (DC-4),42-72558,USAF,13,near Stephenville...,, ,A1
19530116-1,16-JAN-1953,Fairchild C-82A Packet,45-57772,USAF,0,near Chaumont,, ,A1
19530116-2,16-JAN-1953,Grumman SA-16A Albatross,51-0027,USAF,,Angeles City...,, ,A1
19530118-0,18-JAN-1953,Lockheed P2V-5 Neptune,127744,US Navy,0,near Shantou [For...,, ,C1
19530119-0,19-JAN-1953,Bristol 170 Freighter 21,G-AICM,Silver City Airways,0,near Berlin-Tempe...,,,A1
19530119-1,19-JAN-1953,Vickers Varisty T.1,WF420,RAF,0,Swinderby RA...,, ,A1
19530120-0,20-JAN-1953,Douglas C-47B (DC-3),348994/FRAZF,French AF,,Indo-China,, ,A1
19530121-0,21-JAN-1953,Short S.25 Sunderland 3,G-AGJN,Aquila Airways,0,Madeira,, ,A1
19530121-1,21-JAN-1953,Lisunov Li-2,CCCP-L4666,Aeroflot / East Siberia,0,Irkutsk,, ,A1
19530122-0,22-JAN-1953,Lockheed L-049 Constellation,N38936,Intercontinent Airways,0,Hollywood-Lo...,, ,A1
19530123-0,23-JAN-1953,Lisunov Li-2,CCCP-Zh125,Dalstroi Aviation,0,near Batagay Airport,, ,A1
19530123-1,23-JAN-1953,Lisunov Li-2,CCCP-L4582,Aeroflot / Northern,5,near Kazan Airpor...,, ,A1
19530123-2,23-JAN-1953,Ilyushin Il-12,CCCP-L1435,Aeroflot / West Siberia,6,near Kazan Airpor...,, ,A1
19530126-0,26-JAN-1953,Douglas C-47 (DC-3),I-LAIL,LAI,19,near Cagliari-Elm...,, ,A1
19530128-0,28-JAN-1953,Vickers Valetta T.3,WG265,RAF,0,Lichfield RA...,, ,A1
19530128-1,28-JAN-1953,Short S.25 Sunderland 3,G-AGKY,Aquila Airways,0,near Calshot,, ,A1
19530128-2,28-JAN-1953,Douglas C-47B (DC-3),985,RCAF,7,Strait of Ge...,, ,A1
19530129-0,29-JAN-1953,Curtiss C-46A,HK-605,Lineas Interamericana Aérea,0,near Bogotá-Techo...,, ,A1
19530201-0,01-FEB-1953,Lockheed P2V-5 Neptune,127751,US Navy,11,near Okinawa,, ,A1
19530202-0,02-FEB-1953,Avro 685 York I,G-AHFA,Skyways,39,"near Newfoudland,...",, ,A1
19530203-0,03-FEB-1953,Douglas C-47B (DC-3),F-OAFR,Air Outre-Mer,,near Lai Chau,, ,U1
19530204-2,04-FEB-1953,Douglas VC-47A (DC-3),42-93722,USAF,,Paris-Orly A...,, ,A1
19530206-0,06-FEB-1953,Douglas C-47 (DC-3),X-1,Netherlands AF,0,Valkenburg A...,, ,A1
19530207-0,07-FEB-1953,Douglas C-54A (DC-4),F-BFGR,UAT,9,near Bordeaux-Mér...,, ,A1
19530207-1,07-FEB-1953,Fiat G.212,MM61772,Italian AF,0,near Roma-Centoce...,, ,A1
19530209-0,09-FEB-1953,Curtiss C-46D,1001,Egyptian AF,30,near Cairo,, ,A1
19530209-1,09-FEB-1953,Lisunov Li-2,CCCP-L4513,Aeroflot / East Siberia,0,Kirensk Airf...,, ,A1
19530209-2,09-FEB-1953,Fairchild C-119C Flying Boxcar,51-2635,USAF,0,Greenville-D...,, ,A1
19530210-0,10-FEB-1953,Fairchild C-119C Flying Boxcar,50-127,USAF,5,near Bitburg Air ...,, ,A1
19530213-0,13-FEB-1953,Vickers Varsity T.1,WF332,RAF,2,near Swinderby RA...,, ,A1
19530213-1,13-FEB-1953,Grumman SA-16A Albatross,51-062,USAF,8,"near Moji, Honshu...",, ,A1
19530214-0,14-FEB-1953,Douglas DC-6,N90893,National Airlines,46,near Mobile Point...,, ,A1
19530214-2,14-FEB-1953,Fairchild C-119C Flying Boxcar,49-126,USAF,0,near Jackson-Hawk...,, ,A1
19530215-1,15-FEB-1953,Curtiss C-46,HK-606,Lineas Interamericana Aérea,0,Medellín Air...,, ,A1
19530221-0,21-FEB-1953,Douglas C-47 (DC-3),296,Republic of China AF,,unknown,, ,U1
19530221-1,21-FEB-1953,Douglas C-47A (DC-3),42-6097,Turkish AF,,,, ,A1
19530227-0,27-FEB-1953,Lockheed P2V-2 Neptune,39357,US Navy,0,near Station Echo,, ,A1
19530301-0,01-MAR-1953,Curtiss C-46A,42-96539,USAF,0,"near Avon, IN",, ,A1
19530303-1,03-MAR-1953,DH-106 Comet 1A,CF-CUN,Canadian Pacific,11,near Karachi-Maur...,, ,A1
19530304-0,04-MAR-1953,Curtiss C-46F,N4717N,Slick Airways,2,near Windsor Lock...,, ,A1
19530304-1,04-MAR-1953,Lisunov Li-2,CCCP-L4371,Aeroflot / Turkmenistan,0,Ashgabat Air...,, ,A1
19530305-0,05-MAR-1953,Douglas C-47D (DC-3),43-16217,USAF,,Cagayan de O...,, ,A1
19530310-0,10-MAR-1953,Junkers Ju-52/3m,LV-ZBI,Unknown,4,near San Pedro de...,, ,A1
19530311-0,11-MAR-1953,Fairchild C-119C Flying Boxcar,49-160,USAF,0,near Daejeon,, ,A1
19530313-0,13-MAR-1953,Douglas C-47 (DC-3),SP-LCH,LOT,0,Katowice,, ,A1
19530314-0,14-MAR-1953,Convair CV-240-7,AP-AEG,Orient Airways,16,near Kalahasahar,, ,A1
19530315-0,15-MAR-1953,Douglas C-47A (DC-3),PP-AJA,T.A. Catarinense,0,near Salvador-Doi...,, ,A1
19530317-0,17-MAR-1953,Douglas C-47A (DC-3),F-BEFG,Aigle Azur,8,near Da Nang Airp...,, ,A1
19530317-2,17-MAR-1953,CASA 352 (Ju-52),T.2-185,Spanish AF,,,, ,U1
19530320-0,20-MAR-1953,Curtiss C-46A,N66559,Aerovias Sud Americana,0,Saint Peters...,, ,A1
19530320-1,20-MAR-1953,Douglas C-54G (DC-4),N88942,Transocean Air Lines,35,"near Alvarado, CA",, ,A1
19530324-0,24-MAR-1953,Amiot AAC.1 (Ju-52),218,French AF,,,, ,U1
19530325-0,25-MAR-1953,Short Sunderland GR.5,PP148,RAF,4,Iwakuni NAS,, ,A1
19530326-0,26-MAR-1953,Vickers Varisty T.1,WJ938,RAF,0,Nicosia Airp...,, ,A1
19530327-1,27-MAR-1953,Curtiss C-46,HC-SJA,AREA Ecuador,0,Panama City-...,, ,A1
19530327-2,27-MAR-1953,DH-114 Heron 1B,PP-SLG,T.A. Salvador,0,"Itapebi, BA",, ,A1
19530327-3,27-MAR-1953,Douglas R5D-1 (DC-4),N229A,California Eastern,0,near San Fransisc...,, ,A1
19530329-0,29-MAR-1953,Vickers 616 Viking 1B,VP-YEY,Central African Airways,13,Mkwaya,, ,A1
19530407-0,07-APR-1953,SNCASO SO.30P Bretagne,F-BEHA,Air Maroc,,Paris-Le Bou...,, ,U1
19530410-0,10-APR-1953,Amiot AAC.1 (Ju-52),F-BALE,Air France,4,Miandrivazo ...,, ,A1
19530410-1,10-APR-1953,Lockheed 18 Lodestar,VP-JBC,Caribbean International,13,Kingston Air...,, ,A1
19530414-0,14-APR-1953,Douglas C-47A (DC-3),VT-AUJ,Airways (India),3,near Gauhati,, ,A1
19530414-1,14-APR-1953,Douglas DC-3C,N65743,Miami Airlines,7,"near Selleck, WA",, ,A1
19530415-0,15-APR-1953,Douglas C-47 (DC-3), ,Burmese AF,12,unknown,, ,C1
19530416-0,16-APR-1953,Douglas C-47A (DC-3),F-BESS,Aigle Azur,30,near Hanoi,, ,A1
19530418-0,18-APR-1953,Lockheed Ventura,CF-FAW,Spartan Air Services,4,"near Gander, NL",, ,A1
19530420-0,20-APR-1953,Douglas DC-6B,N91303,Western Air Lines,8,San Francisc...,, ,A1
19530423-0,23-APR-1953,Curtiss C-46F,N1693M,"USAF, op.for American Air Transport",2,"near Selleck, WA",, ,A1
19530423-1,23-APR-1953,Douglas R4D-8 (Super DC-3),17196,US Navy,1,"near Chehalis, WA",, ,A1
19530423-2,23-APR-1953,Douglas C-47 (DC-3), ,US Navy,5,near Point Loma,, ,A1
19530430-0,30-APR-1953,Ilyushin Il-12P,CCCP-L1777,Aeroflot / Moscow,1,near Kazan Airpor...,, ,A1
19530430-1,30-APR-1953,Douglas C-47A (DC-3),43-15780,USAF,1,near Chicago-O'Ha...,, ,A1
19530502-0,02-MAY-1953,DH-106 Comet 1,G-ALYV,BOAC,43,near Calcutta-Dum...,, ,A1
19530506-0,06-MAY-1953,Ford 5-AT-B Tri-Motor,N9606,Northwest Agricultural,0,Choteau Airp...,, ,A1
19530507-0,07-MAY-1953,Vickers Valetta T.3,WG258,RAF,10,near Hartland Poi...,, ,A1
19530509-0,09-MAY-1953,Douglas C-47A (DC-3),VT-AXD,Air Services of India,0,Bombay-Juhu ...,, ,A1
19530509-1,09-MAY-1953,Douglas C-47A (DC-3),VT-AUD,Air-India,18,near Delhi,, ,A1
19530511-0,11-MAY-1953,Amiot AAC.1 (Ju-52),F-BBZL,Autrex,0,Hanoi,, ,A1
19530511-1,11-MAY-1953,PB2B-1 Canso A (PBY-5A),CF-CRV,Canadian Pacific,2,Prince Ruper...,,,A1
19530512-0,12-MAY-1953,Curtiss C-46A,PP-LDI,Loide Aéreo Nacional,0,São Paulo-Co...,, ,A2
19530514-0,14-MAY-1953,Avro Shackleton MR.2,WL749,RAF,0,Belfast-Alde...,, ,A1
19530515-0,15-MAY-1953,Fairchild C-119C Flying Boxcar,51-8235,USAF,6,near Hemsbach,, ,A1
19530515-1,15-MAY-1953,Fairchild C-119C Flying Boxcar,51-8241,USAF,2,near Hemsbach,, ,A1
19530515-2,15-MAY-1953,Douglas C-47 (DC-3), ,USAF,0,Lydda Airpor...,, ,O1
19530517-0,17-MAY-1953,Douglas DST-318 (DC-3),N28345,Delta Air Lines,19,"near Marshall, TX",, ,A1
19530517-1,17-MAY-1953,Vickers Valetta C.1,VW810,RAF,2,Malta-Luqa A...,, ,A1
19530518-0,18-MAY-1953,Grumman SA-16B Albatross,51-7156,USAF,0,Lake Melvill...,, ,A1
