identifiant,date,type,registration,operator,fat.,location, ,pic,cat

19481004-1,04-OCT-1948,Douglas DC-3A-447,C-71,SCOLTA,0,near Rionegro,, ,A2
19481007-0,07-OCT-1948,Douglas C-47A (DC-3),PP-LPB,L.A. Paulistas,0,Campina Gran...,, ,A1
19481007-1,07-OCT-1948,Douglas Dakota IV (DC-3),KN440,RAF,,,, ,A1
19481008-0,08-OCT-1948,Vickers 604 Viking 1B,VT-CEJ,Indian National Airways,0,Delhi-Palam ...,, ,A1
19481010-0,10-OCT-1948,Avro 685 York C.1,MW305,RAF,0,Berlin-R.A.F...,, ,A1
19481012-0,12-OCT-1948,Douglas C-47 (DC-3),ZS-BWZ,Mercury Aviation,0,near Wadi Halfa,, ,A1
19481012-1,12-OCT-1948,Douglas Dakota IV (DC-3),KN523,RAF,0,Bückeburg RA...,, ,A1
19481012-2,12-OCT-1948,Ilyushin Il-12,CCCP-L1450,Aeroflot / Uzbekistan,10,near Yevlakh,, ,A1
19481012-3,12-OCT-1948,Lisunov Li-2,CCCP-L4658,Aeroflot / East Siberia,4,near Parshino,, ,A1
19481012-4,12-OCT-1948,Lisunov Li-2T,CCCP-L4658,Aeroflot / East Siberia,4,"near Parshino, Ki...",, ,A1
19481013-0,13-OCT-1948,Consolidated 32-2 Liberator II,G-AHZP,Scottish Airlines,0,Liverpool In...,, ,A1
19481017-0,17-OCT-1948,Fairchild C-82A Packet,45-57797,USAF,4,"near Clinton, LA",, ,A1
19481018-0,18-OCT-1948,Douglas C-54D (DC-4),42-72688,USAF,3,near Frankfurt,, ,A1
19481020-0,20-OCT-1948,Lockheed L-049 Constellation,PH-TEN,KLM,40,near Glasgow-Pres...,, ,A1
19481024-0,24-OCT-1948,Douglas C-47A (DC-3),S-83/83U,Israeli AF,5,Ekron-Tel No...,, ,A1
19481024-1,24-OCT-1948,Curtiss C-46,HC-SIA,Transandina Ecuador,8,near Cozumel,, ,A1
19481024-2,24-OCT-1948,Douglas C-47D (DC-3),43-49416,USAF,3,Rantoul-Chan...,, ,A1
19481025-0,25-OCT-1948,Douglas C-47 (DC-3),HS-PC103,Pacific Overseas Airlines,,near Sumatra Island,, ,C1
19481025-1,25-OCT-1948,Lisunov Li-2,CCCP-L4500,Aeroflot / Georgia,18,near Samurskaya,, ,A1
19481027-0,27-OCT-1948,Douglas C-54A (DC-4),NC88785,Northwest Airlines,2,"near Edmonton, AB",, ,A1
19481029-0,29-OCT-1948,Lockheed 14-08 Super Electra,G-AKPD,R.A. Brand & Co.,4,near Elba [Tyrrhe...,, ,A1
19481030-1,30-OCT-1948,Douglas Dakota IV (DC-3),KN424,RAF,0,Lübeck-Blank...,, ,A1
19481031-0,31-OCT-1948,Lockheed C-60A Lodestar,2501,Israeli AF,0,Herzlia Airf...,, ,A1
19481099-0,??-OCT-1948,Douglas DC-5-511,1501,Israeli AF,0,Ramat David ...,, ,A1
19481101-0,01-NOV-1948,Lisunov Li-2,CCCP-N494,Polyarnaya Aviatsiya,6,near Mys Kosistyy,, ,A1
19481104-0,04-NOV-1948,Douglas C-47A (DC-3),NC66637,Pacific Alaska Air Express,17,near Cape Spencer...,, ,A1
19481104-1,04-NOV-1948,Lockheed P2V-2 Neptune,39333,US Navy,9,Mount Guemes...,, ,A1
19481105-0,05-NOV-1948,Douglas Dakota IV (DC-3),KN551,RAF,0,Berlin-R.A.F...,, ,A1
19481108-0,08-NOV-1948,Douglas DC-3-232,VH-UZK,ANA,3,Mount Macedo...,, ,A1
19481110-0,10-NOV-1948,Douglas C-47 (DC-3),C-119,Avianca,2,Bogotá,, ,A1
19481110-1,10-NOV-1948,Avro 685 York C.1,MW270,RAF,0,Wunstorf RAF...,, ,A1
19481112-0,12-NOV-1948,Douglas Dakota IV (DC-3),KN633,RAF,3,near Rawang,, ,A1
19481113-0,13-NOV-1948,Consolidated 32-2 Liberator II,G-AHYC,BOAC,0,Prestwick-He...,, ,A1
19481115-0,15-NOV-1948,Douglas DC-6,PI-C291,Philippine Air Lines,0,Wake Island ...,, ,A1
19481115-1,15-NOV-1948,Douglas R5D-3 (C-54D),56545,US Navy,0,Berlin-Tempe...,, ,A1
19481117-0,17-NOV-1948,Douglas Dakota IV (DC-3),KP223,RAF,4,Berlin-Schön...,, ,A1
19481118-0,18-NOV-1948,Lisunov Li-2,CCCP-L4275,Aeroflot / Tajikistan,4,near Leninabad,, ,A1
19481118-1,18-NOV-1948,Lockheed P2V-2 Neptune,122460,US Navy,,Colón-Coco S...,, ,A1
19481119-0,19-NOV-1948,Douglas C-47D (DC-3),44-77282,USAF,,near Georgetown,, ,A1
19481120-0,20-NOV-1948,Douglas C-47 (DC-3),ZS-BWX,Mercury Aviation,0,Paris-Orly A...,, ,A1
19481121-0,21-NOV-1948,Douglas C-47 (DC-3),VT-AZZ,Indian Overseas Airlines,0,Bombay-Santa...,, ,O1
19481122-0,22-NOV-1948,Avro 691 Lancastrian C.3,G-AHJW,Flight Refuelling,7,Conholt Park,, ,A1
19481122-1,22-NOV-1948,Lisunov Li-2,CCCP-L4463,Aeroflot / Yakutsk,23,"near Ryzhovo, Sakha",, ,A1
19481123-0,23-NOV-1948,SNCASE SE.161/P7 Languedoc,F-BATM,Air France,1,Toulouse,, ,A1
19481124-0,24-NOV-1948,Douglas C-47A (DC-3),PP-ASA,TCA,0,Fazenda Boa ...,, ,A1
19481125-0,25-NOV-1948,Lockheed L-049 Constellation,NC90824,TWA,0,Los Angeles ...,, ,A1
19481126-0,26-NOV-1948,Douglas C-47A (DC-3),AP-ACE,Pakistan Airways,21,Vehari,, ,A1
19481202-0,02-DEC-1948,Avro 685 York C.1,MW246,RAF,0,Berlin-R.A.F...,, ,A1
19481202-1,02-DEC-1948,Short Sunderland V,PP123,RAF,0,"RAF Wig Bay,...",, ,O1
19481203-0,03-DEC-1948,Douglas DC-6,NC90733,American Airlines,0,"near Cambray, NM",, ,A2
19481204-0,04-DEC-1948,Douglas C-47A (DC-3),OK-WDC,CSA,0,Praha-Ruzyne...,, ,A1
19481205-0,05-DEC-1948,Curtiss C-46,XT-538,Central Air Transport,9,Kiangwan,, ,A1
19481205-1,05-DEC-1948,Douglas C-54D (DC-4),42-72698,USAF,3,near Fassberg,, ,A1
19481205-2,05-DEC-1948,Douglas C-54D (DC-4),42-72686,USAF,4,near Hawaii,, ,A1
19481206-0,06-DEC-1948,Douglas C-47 (DC-3),I-ETNA,ALI,7,Milano-Linat...,, ,A1
19481207-0,07-DEC-1948,Douglas C-47 (DC-3),NC57667,private,0,Maracaibo-Gr...,, ,A1
19481207-1,07-DEC-1948,Douglas C-47A (DC-3),HK-306,LANSA,,Bogotá,, ,U1
19481209-0,09-DEC-1948,Convair CV-240-2,NC90665,Pan Am,0,Havana-Ranch...,, ,A2
19481209-1,09-DEC-1948,Douglas C-47A (DC-3),42-23794,USAF,0,within Greenland,,,A1
19481211-0,11-DEC-1948,Douglas R5D-3 (DC-4),56502,US Navy,1,near Königstein i...,,,A1
19481212-0,12-DEC-1948,Douglas DC-3, ,CNAC,2,Taipei,, ,A1
19481212-1,12-DEC-1948,Douglas C-54A (DC-4),OB-SAF-175,Peruvian Int. Airways,0,Antofagasta-...,, ,A1
19481214-0,14-DEC-1948,Avro 685 York C.1,MW238,RAF,0,Berlin-R.A.F...,, ,A1
19481214-1,14-DEC-1948,Avro 685 York C.1,MW300,RAF,0,Berlin-R.A.F...,, ,A1
19481214-2,14-DEC-1948,Fairchild C-82A Packet,45-57785,USAF,0,Berlin-Tempe...,, ,A1
19481215-0,15-DEC-1948,Douglas C-47B (DC-3),OB-PAY-226,Faucett,0,Playa Viru,, ,A1
19481215-1,15-DEC-1948,Douglas C-47A (DC-3),C-310,LANSA,30,near Bogotá,, ,A1
19481216-0,16-DEC-1948,Fairchild C-82A Packet,44-23042,USAF,4,near Greenville-D...,, ,A1
19481221-0,21-DEC-1948,Douglas C-54B (DC-4),XT-104,CNAC,35,Basalt Island,, ,A1
19481221-1,21-DEC-1948,Lisunov Li-2,CCCP-Zh115,Soviet Ministry of Internal Affairs,19,Raiiz mounta...,, ,A1
19481221-3,21-DEC-1948,Douglas C-47A (DC-3),OK-WDN,CSA,24,near Pilos,, ,A1
19481223-0,23-DEC-1948,Douglas C-47 (DC-3),EC-ABK,Iberia,27,near Gandesa,, ,A1
19481223-1,23-DEC-1948,Ilyushin Il-12B,CCCP-L1731,Aeroflot / Uzbekistan,4,"Valuyevo, Mo...",, ,A1
19481223-2,23-DEC-1948,Douglas TS-62 (DC-3),CCCP-L861,Aeroflot / Moscow,8,"Valuyevo, Mo...",, ,A1
19481223-3,23-DEC-1948,Fairchild C-82A Packet,45-57779,USAF,,"Fort Nelson, BC",, ,A1
19481224-0,24-DEC-1948,Consolidated 16 Commodore,LV-AAL,ALFA,0,Puerto Nuevo...,, ,O1
19481224-1,24-DEC-1948,Macchi M.C.94-II,LV-AAF,ALFA,0,Puerto Nuevo...,, ,O1
19481224-2,24-DEC-1948,Macchi M.C.94-II,LV-AAE,ALFA,0,Puerto Nuevo...,, ,O1
19481224-3,24-DEC-1948,Macchi M.C.94-II,LV-AAD,ALFA,0,Puerto Nuevo...,, ,O1
19481224-4,24-DEC-1948,Douglas C-47 (DC-3), ,China Air Force,5,near Fuzhou,, ,A1
19481228-0,28-DEC-1948,Douglas DST-144 (DC-3),NC16002,Airborne Transport,32,"near Florida, USA...",, ,A1
19481229-0,29-DEC-1948,Douglas DC-3-232,VH-UZJ,ANA,0,"near Mangalore, VIC",, ,A1
19481229-1,29-DEC-1948,Douglas DC-3A-414,C-110,Avianca,,Villavicencio,, ,U1
19481229-2,29-DEC-1948,Consolidated Catalina IIA (PBY-5A),RI-005,Indonesian AF,1,"Jambi, Sumatra",, ,C1
19481230-0,30-DEC-1948,Douglas TS-62 (DC-3),CCCP-L1017,Aeroflot / Moscow,3,near Minsk,, ,A1
19481231-0,31-DEC-1948,Douglas C-47A (DC-3),ZS-BYX,Pan African Air Charter,13,Monte Argent...,, ,A1
19489999-0,??-???-1948,Ford 4-AT-F Tri-Motor,EC-BAB,Iberia,,,, ,A1
19489999-1,??-???-1948,Douglas C-54A (DC-4),NC54083,Trans Caribbean Airways,,,, ,U1
19489999-4,??-???-1948,Curtiss C-46A,C-66,L.A. Transatlantica Colombia,,,, ,U1
19489999-5,??-???-1948,Ford 4-AT Tri-Motor,HC-SBQ,Shell Ecuador,,,, ,U1
19489999-6,??-???-1948,Junkers Ju-52/3mg7e, ,Soviet AF,,near Chita,, ,A1

19480524-0,24-MAY-1948,Douglas C-47 (DC-3),FAC-662,Colombian AF,4,Madrid Air Base,, ,A1
19480526-0,26-MAY-1948,Lisunov Li-2T,SP-LBC,LOT,,near Popowice,, ,U1
19480526-1,26-MAY-1948,Douglas Dakota IV (DC-3),KN375,RAF,0,North Luffen...,, ,O1
19480527-0,27-MAY-1948,Douglas C-47B (DC-3),43-48939,USAF,7,near Banton Rouge...,, ,A1
19480528-0,28-MAY-1948,Miles M.60 Marathon I,G-AGPD,A & AEE,2,near Amesbury,, ,A1
19480531-0,31-MAY-1948,Short Sunderland GR.5,SZ574,RAF,0,Lough Erne,, ,A1
19480531-1,31-MAY-1948,SNCASE SE.161/1 Languedoc,SP-LDA,LOT,0,Reims,, ,A1
19480603-0,03-JUN-1948,Douglas C-47 (DC-3), ,Royal Egyptian Air Force,,,, ,C1
19480603-1,03-JUN-1948,Douglas C-47 (DC-3), ,Royal Egyptian Air Force,,,, ,C1
19480604-0,04-JUN-1948,Douglas C-47 (DC-3), ,JUSTA,0,Bari,, ,H2
19480608-0,08-JUN-1948,Douglas C-47A (DC-3),CS-TDF,TAP,0,Lisboa,, ,A1
19480612-0,12-JUN-1948,Douglas C-47A (DC-3),NC79042,Eagle Air Freight,0,"Eloy, AZ",, ,A1
19480614-0,14-JUN-1948,SNCASE SE.161/P7 Languedoc,F-BATG,Air France,,Coulommiers,, ,A1
19480616-0,16-JUN-1948,Douglas DC-4-1009,PH-TCF,KLM,0,Amsterdam-Sc...,, ,A1
19480617-0,17-JUN-1948,Douglas DC-6,NC37506,United Airlines,43,near Mount Carmel...,, ,A1
19480617-1,17-JUN-1948,Douglas C-47 (DC-3), ,TARS,0,Salzburg  Ai...,, ,H2
19480617-2,17-JUN-1948,Douglas C-47 (DC-3),FAE502,Ecuador Air Force,0+ 1,Pastaza-Shel...,, ,A1
19480621-0,21-JUN-1948,Douglas C-47A (DC-3),YV-C-AQC,T.A. Transandino,0,Maracaibo-Gr...,, ,A1
19480621-1,21-JUN-1948,Lockheed P2V-2 Neptune,39353,US Navy,0,Whidbey Isla...,, ,A1
19480626-0,26-JUN-1948,Douglas C-47B (DC-3),YV-C-AHI,LAV,1,Caracas Airp...,, ,A1
19480629-0,29-JUN-1948,Lockheed 18 Lodestar,C-804,SCOLTA,0,Bogotá-Techo,, ,A1
19480630-0,30-JUN-1948,Junkers Ju-52, ,TABSO,1,Istanbul,, ,H2
19480701-0,01-JUL-1948,Fiat G.212PW,I-ELSA,ALI,8,Keerbergen A...,, ,A1
19480701-1,01-JUL-1948,Douglas DC-3, ,Unknown,14,Pico de Orizaba,, ,A1
19480704-0,04-JUL-1948,Douglas DC-6,SE-BDA,SAS,32,Northwood,,,A1
19480704-1,04-JUL-1948,Avro 685 York C.1,MW248,RAF,7,Northwood,, ,A1
19480704-2,04-JUL-1948,Curtiss C-46,RX-133,Israeli AF,0,Ekron-Tel No...,, ,A1
19480705-0,05-JUL-1948,Douglas C-47A (DC-3),43-15096,USAF,0,near Wiesbaden Ai...,, ,A1
19480707-0,07-JUL-1948,Douglas C-47 (DC-3),F-BCYP,Aigle Azur,16,Djiring,, ,A1
19480708-0,08-JUL-1948,Douglas C-47A (DC-3),43-48256,USAF,3,near Wiesbaden,, ,A1
19480708-1,08-JUL-1948,Douglas C-47A (DC-3),0260/2-Gt-19,Argentine Navy,5,near Coronel Prin...,, ,A1
19480710-0,10-JUL-1948,Curtiss C-46D,CU-P198,Interamericano,0,near Maiquetia-La...,, ,A1
19480712-0,12-JUL-1948,Douglas DC-4-1009,F-BBDL,Air France,0,Paris-Orly A...,, ,A1
19480713-0,13-JUL-1948,Douglas C-47 Pe're (DC-3), ,Israeli AF,,Ramat-David ...,, ,A1
19480714-0,14-JUL-1948,Douglas C-47A (DC-3),PP-AVO,Aerovias Brasil,5,"Belém, PA",, ,A1
19480714-1,14-JUL-1948,Douglas C-47B (DC-3),G-AGKN,BOAC,6,near Toulon,, ,A1
19480714-2,14-JUL-1948,Short Sunderland GR.5,NJ276,RAF,0,Singapore-Se...,, ,A1
19480715-0,15-JUL-1948,Consolidated PBY-5A Catalina,YV-C-APJ,Unknown,,Puerto Cabel...,,,A1
19480716-0,16-JUL-1948,Consolidated PBY-5A Catalina,VR-HDT,"Cathay Pacific, opf MATCO",25,near Kau Chau Island,,,H1
19480720-0,20-JUL-1948,Douglas C-47B (DC-3),476561/FRAMC,French AF,0,"near Marseille, F...",, ,A1
19480720-1,20-JUL-1948,SNCAC NC.211 Cormoran,-,SNCAC,5,near Villacoublay...,, ,A1
19480722-0,22-JUL-1948,Douglas C-47A (DC-3),ET-T-5,Ethiopian Air Lines,0,Gore Airport...,, ,A1
19480722-1,22-JUL-1948,Douglas C-47B (DC-3),348281,French AF,,Indo-China,, ,A1
19480724-0,24-JUL-1948,Douglas C-47 (DC-3),CF-FKY,Rimouski Airlines,26,Cap des Rosi...,,,A1
19480724-1,24-JUL-1948,Douglas Dakota IV (DC-3),KN252,RAF,0,Fassberg Air...,, ,A1
19480725-0,25-JUL-1948,Douglas C-47B (DC-3),43-49534,USAF,2,near Berlin-Tempe...,, ,A1
19480727-0,27-JUL-1948,Lockheed C-60A Lodestar,OO-GVP,Air Transport,0,Wadi Halfa A...,, ,A1
19480727-1,27-JUL-1948,Avro 685 York C.1,MW311,RAF,0,Abingdon RAF...,, ,A1
19480728-0,28-JUL-1948,PBV-1A Canso A (PBY-5A),11081,RCAF,1,"Kittigazuit,...",, ,A1
19480729-0,29-JUL-1948,Curtiss C-46D,XT-822,Civil Air Transport,19,Qingdao Airp...,, ,A1
19480729-1,29-JUL-1948,Short S.25 Sandringham 2,LV-AAP,ALFA,20,near Buenos Aires,, ,A1
19480730-0,30-JUL-1948,Douglas C-47A (DC-3),G-AGIX,BEA,0,near Sywell,, ,A1
19480731-0,31-JUL-1948,Naval Aircraft Factory PBN-1 Nomad,CCCP-L789,Aeroflot / Krasnoyarsk,3,Turukhansk A...,, ,A1
19480801-0,01-AUG-1948,Avro 691 Lancastrian XPP,AP-ACM,Onzeair,4,Karachi-Maur...,, ,A1
19480801-1,01-AUG-1948,Latécoère 631,F-BDRC,Air France,52,"near Dakar, Senegal",, ,A1
19480801-2,01-AUG-1948,Douglas Dakota IV (DC-3),KN238,RAF,0,Berlin-RAF G...,, ,A1
19480805-0,05-AUG-1948,Douglas R4D-6 (DC-3),17285,US Navy,10,"near Miami NAS, FL",, ,A1
19480809-0,09-AUG-1948,Douglas C-47B (DC-3),ZK-AOE,New Zealand National Airways,2,Rununder Point,,,A1
19480810-0,10-AUG-1948,Curtiss C-46F,NC1650M,Skyways Int.,0,"Pyote AFB, TX",, ,O1
19480811-0,11-AUG-1948,Avro 685 York C.1,MW259,RAF,0,Desford RAF ...,, ,A1
19480811-1,11-AUG-1948,Short Sunderland GR.5,RN292,RAF,0,Belfast,, ,O1
19480812-0,12-AUG-1948,Canadair DC-4M1 North Star,CF-TEL,TCAL,0,Sydney Airpo...,, ,A1
19480813-0,13-AUG-1948,Douglas C-54G (DC-4),45-514,USAF,0,Berlin-Tempe...,, ,A1
19480813-1,13-AUG-1948,Fairchild C-82A Packet,44-22965,USAF,0,"Gadsden, AL",, ,A1
19480819-0,19-AUG-1948,Douglas Dakota IV (DC-3),KJ962,RAF,5,Batu Melintang,, ,A1
19480819-1,19-AUG-1948,Douglas DC-3,VH-EAM,Qantas,0,Brisbane-Arc...,, ,A2
19480820-0,20-AUG-1948,Douglas C-47A (DC-3),YV-C-AVN,AVENSA,3,"near Coro, Falcón",, ,A1
19480824-0,24-AUG-1948,Douglas C-47A (DC-3),43-16036,USAF,2,near Ravolzhausen,, ,A1
19480824-1,24-AUG-1948,Douglas C-47A (DC-3),43-15116,USAF,2,near Ravolzhausen,, ,A1
19480824-2,24-AUG-1948,Douglas C-47 (VC-117B) (DC-3),45-2554,USAF,9,"near Newton, NJ",, ,A1
19480827-0,27-AUG-1948,Avro 691 Lancastrian C.1,G-AGMB,BOAC,0,Tengah RAF S...,,,A1
19480827-1,27-AUG-1948,Douglas DC-3, ,Aerovías Cubanas Internacionales,,,, ,U1
19480827-2,27-AUG-1948,Douglas C-47 (DC-3),AN-ACZ,LANICA,,,, ,U1
19480829-0,29-AUG-1948,Martin 2-0-2,NC93044,Northwest Airlines,37,"near Winona, WI",, ,A1
19480829-1,29-AUG-1948,SNCASE SE.161/P7 Languedoc,F-BATO,Air France,,Paris-Le Bou...,, ,A1
19480831-0,31-AUG-1948,Douglas C-47A (DC-3),OO-CBL,Sabena,13,near Kimbwe,, ,A1
19480902-0,02-SEP-1948,Douglas C-47A (DC-3),VH-ANK,ANA,13,"near Quirindi, NSW",, ,A1
19480902-1,02-SEP-1948,Ilyushin Il-12,CCCP-L1465,Aeroflot / Moscow,1,Novosibirsk-...,, ,A1
19480903-0,03-SEP-1948,Douglas DC-4,CS-TSB,TAP,0,Lisboa Airpo...,, ,A1
19480904-0,04-SEP-1948,Lisunov Li-2,CCCP-L4498,Aeroflot / Moscow,6,Moskva-Bykov...,, ,A1
19480905-0,05-SEP-1948,Short S.25 Sunderland 3,G-AGEW,BOAC,0,Surabaya,, ,A1
19480906-0,06-SEP-1948,PB2B-1 Catalina IVB,JX412/K-AK,Norwegian AF,13,"Førdesveten,...",, ,A1
19480907-0,07-SEP-1948,Douglas C-47 (DC-3),NC75402,Superior Oil Corp.,0,Roma-Ciampin...,, ,A1
19480907-1,07-SEP-1948,Douglas C-47A (DC-3),42-100490,USAF,3,"near Wetaskiwin, AB",, ,A1
19480908-0,08-SEP-1948,Lockheed 18 Lodestar,PP-BBB,Universal Transportes Aéreos - UTA,0,"Barbacena, MG",, ,A1
19480909-0,09-SEP-1948,Ilyushin Il-12,CCCP-L1427,Aeroflot,4,near Buguruslan-B...,, ,A1
19480912-0,12-SEP-1948,Douglas C-47B (DC-3),SX-BAH,TAE,0,Tetovo,, ,H2
19480916-0,16-SEP-1948,Lisunov Li-2T,CCCP-N464,Polyarnaya Aviatsiya,7,near Cape Medynsk...,, ,A1
19480919-0,19-SEP-1948,Avro 685 York C.1,MW288,RAF,5,Wunstorf RAF...,,,A1
19480920-0,20-SEP-1948,Douglas DC-3-178,NC17335,Colonial Airlines,0,Burlington I...,,,A1
19480922-0,22-SEP-1948,Douglas C-54A (DC-4),XA-GUU,Guest Aerovias Mexico,0,Santa Maria-...,, ,A1
19480923-0,23-SEP-1948,Avro 685 York C.1,MW245,RAF,0,Wunstorf RAF...,, ,A1
19480928-0,28-SEP-1948,Douglas DC-4,NC45345,TWA,0,New York-La ...,,,O1
19480928-1,28-SEP-1948,PB2B-2 Catalina,A24-381,RAAF,7,Lord Howe Is...,, ,A1
19480929-0,29-SEP-1948,Lisunov Li-2T,HA-LIG,Maszovlet,0,Budaörs Airport,, ,A2
19480930-0,30-SEP-1948,Lisunov Li-2,CCCP-L4304,Aeroflot / Kazakstan,15,near Balkhash Air...,, ,A1
19481001-0,01-OCT-1948,Douglas C-47A (DC-3),RI-002,Indonesian AF,6,Mount Punggu...,, ,A1
19481002-0,02-OCT-1948,Short S.25 Sandringham 5,LN-IAW,DNL,19,Trondheim-Ho...,,,A1
19481002-1,02-OCT-1948,Handley Page Hastings C.1,TG519,RAF,0,Dishforth RA...,, ,A1
19481004-0,04-OCT-1948,Douglas C-47B (DC-3),NC58121,New England Air Express,0,Haines Bay,, ,A1

19480102-0,02-JAN-1948,Amiot AAC.1 (Ju-52),F-BBZC,SOCOTRA,0,Casablanca,, ,A1
19480105-0,05-JAN-1948,Lockheed 18 Lodestar,ZS-ASW,South African Airways,0,Johannesburg...,, ,A1
19480106-0,06-JAN-1948,Douglas DC-3D,F-BAXC,Air France,16,near Gonesse,, ,A1
19480106-1,06-JAN-1948,Vickers 610 Viking 1B,G-AHPK,BEA,1,Ruislip,, ,A1
19480107-0,07-JAN-1948,Douglas C-47A (DC-3),NC60331,Coastal Air Lines,18,"near Savannah, GA",, ,A1
19480107-1,07-JAN-1948,Douglas Dakota IV (DC-3),KN553,RAF,0,Waterbeach R...,, ,A1
19480110-0,10-JAN-1948,Douglas Dakota IV (DC-3),KN426,RAF,0,near Cairo,, ,A1
19480110-1,10-JAN-1948,Consolidated PBY-5A Catalina,C-414,VIARCO,0,near Madrid Airport,, ,A1
19480111-0,11-JAN-1948,Douglas C-47 (DC-3),HI-6,Dominicana,32,near Yamasá,, ,A1
19480113-0,13-JAN-1948,Douglas C-54A (DC-4),LV-AFG,FAMA,0,Ponte Galeria,,,A1
19480113-1,13-JAN-1948,Douglas DC-3A-228F,XA-GOC,Mexicana,,Guaymas,, ,A1
19480113-2,13-JAN-1948,Douglas DC-3-201F,NC28384,Eastern Air Lines,5,"Oxon Hill, MD",, ,A1
19480118-1,18-JAN-1948,Douglas C-47A (DC-3),42-100999,USAF,1,Camp Springs...,, ,A1
19480120-0,20-JAN-1948,Curtiss C-46, ,CNAC,11,Mukden Airpo...,, ,A1
19480121-0,21-JAN-1948,Lockheed L-649 Constellation,NC111A,Eastern Air Lines,0,Boston-Logan...,, ,A1
19480121-1,21-JAN-1948,Douglas DC-3,PI-C145,Philippine Air Lines,0,Iloilo-Mandu...,, ,A1
19480121-2,21-JAN-1948,Douglas C-47 (DC-3),NC206,CAA,3,"near Ward, CO",,,A1
19480121-3,21-JAN-1948,Amiot AAC.1 (Ju-52), ,French AF,3,Moulouya,, ,A1
19480124-0,24-JAN-1948,Lockheed R5O-4 Lodestar,5049,US Coast Guard,4,"Baltimore, MD",, ,A1
19480125-0,25-JAN-1948,Bristol 170 Freighter 21E,F-BCJA,SITA,5,near Cyprus,, ,A1
19480126-0,26-JAN-1948,SNCASE SE.161/P7 Languedoc,F-BCUC,Air France,9,near Paris-Le Bou...,, ,A1
19480127-0,27-JAN-1948,Douglas C-47A (DC-3),CS-TDB,TAP,3,Monte de Cap...,, ,A1
19480127-1,27-JAN-1948,Douglas C-47B (DC-3),44-76443,USAF,11,Montagne du ...,, ,A1
19480128-0,28-JAN-1948,Douglas C-47B (DC-3),NC36480,Airline Transport Carriers,32,"near Coalinga, CA",, ,A1
19480130-0,30-JAN-1948,Avro 688 Tudor 1,G-AHNP,BSAA,31,western Atla...,, ,A1
19480130-1,30-JAN-1948,Douglas C-47A (DC-3),LR-AAA,MEA,,Beirut Inter...,, ,O1
19480204-0,04-FEB-1948,SNCASE SE.161/P7 Languedoc,F-BATK,Air France,,Marignane,, ,U1
19480206-0,06-FEB-1948,Vickers 632 Viking 1B,VT-CLY,Air-India,0,Bombay-Santa...,, ,A1
19480207-0,07-FEB-1948,Lockheed L-649 Constellation,NC112A,Eastern Air Lines,1,"near Brunswick, GA",, ,A2
19480207-2,07-FEB-1948,Douglas C-47D (DC-3),43-48910,USAF,4,"near Saluda, NC",, ,A1
19480209-0,09-FEB-1948,Short Sunderland GR.5,TX293,RAF,0,Wig Bay,, ,O1
19480210-0,10-FEB-1948,Douglas C-47B (DC-3),PK-REA,KLM Interinsulair Bedrijf,19,near Padalarang,,,A1
19480210-1,10-FEB-1948,SNCASE SE.161/P7 Languedoc,F-BATH,Air France,,Paris,, ,U1
19480210-2,10-FEB-1948,Douglas DC-3, ,Gulf Transportation Co.,1,near Ciudad del C...,, ,A1
19480212-0,12-FEB-1948,Douglas C-53-DO (DC-3),OY-DCI,DDL,12,near Ulrichstein,, ,A1
19480216-0,16-FEB-1948,Avro 685 York C.1,MW182,RAF,0,Hullavington...,, ,A1
19480220-0,20-FEB-1948,Douglas C-47 (DC-3),I-REGI,Aerea Teseo,7,Collesalvetti,, ,A1
19480221-0,21-FEB-1948,Latécoère 631,F-BDRD,Latécoère,19,near St. Marcouf,, ,A1
19480223-0,23-FEB-1948,Douglas C-47 (DC-3),YV-AGU,LAV,0,near La Grita,, ,A1
19480223-2,23-FEB-1948,Douglas DC-3,PI-C262,Commercial Airways,12,Mati,, ,A1
19480224-0,24-FEB-1948,Douglas C-47 (DC-3), ,Philippine AF,3,Lipa-Fernand...,, ,A1
19480225-0,25-FEB-1948,Douglas C-47A (DC-3),NC36498,Bruning Aviation,1,"near Columbus, OH",, ,A1
19480226-0,26-FEB-1948,Douglas C-47B (DC-3),6858,South African AF,0+ 1,Swartkop Air...,, ,A1
19480227-0,27-FEB-1948,Douglas C-47A (DC-3),2040,Brazilian AF,23,"near Breves, PA",, ,A1
19480228-0,28-FEB-1948,Short Sunderland GR.5,SZ570,RAF,0,Kalafrana,, ,O1
19480301-0,01-MAR-1948,Fairchild C-82A Packet,44-23003,USAF,0,"Mobile, AL",, ,A1
19480302-0,02-MAR-1948,Douglas DC-3C,OO-AWH,Sabena,20,London Airpo...,, ,A1
19480302-1,02-MAR-1948,Amiot AAC.1 (Ju-52),F-BBYC,STA,4,near Perpignan,, ,A1
19480307-0,07-MAR-1948,Lisunov Li-2,CCCP-N444,Polyarnaya Aviatsiya,20,near Kharp,, ,A1
19480308-0,08-MAR-1948,Douglas C-47A (DC-3),NC64722,Eagle Air Freight,2,"near San Jose, CA",, ,A1
19480308-1,08-MAR-1948,PB2B-1 Canso A (PBY-5A),PK-CTC,KLM Interinsulair Bedrijf,0,"Poso, Sulawesi",, ,A1
19480310-0,10-MAR-1948,Douglas C-54B (DC-4),NC90426,American Airlines,0,Tulsa Intern...,, ,A1
19480310-1,10-MAR-1948,Douglas DC-4,NC37478,Delta Air Lines,12,Chicago Muni...,,,A1
19480312-0,12-MAR-1948,Douglas C-54G (DC-4),NC95422,Northwest Airlines,30,Mount Sanfor...,, ,A1
19480313-0,13-MAR-1948,Douglas DC-3A,PP-CBX,Cruzeiro do Sul,6,Juqueri Rang...,, ,A1
19480315-0,15-MAR-1948,Douglas C-47 (DC-3),C-1002,Agencia Interamericana,14,near Chocontá,, ,A1
19480316-0,16-MAR-1948,Lisunov Li-2,CCCP-N456,Polyarnaya Aviatsiya,0,Vorkuta Airp...,, ,A1
19480321-1,21-MAR-1948,Douglas C-47D (DC-3),43-16267,USAF,6,"near Woodland, WA",, ,A1
19480325-0,25-MAR-1948,Douglas C-54 (DC-4), ,USAF,0,Oklahoma Cit...,,,O1
19480325-1,25-MAR-1948,Douglas C-54 (DC-4), ,USAF,0,Oklahoma Cit...,,,O1
19480327-0,27-MAR-1948,Vickers 604 Viking 1B,VT-CEL,Indian National Airways,19,Monte Cardo,, ,A1
19480405-0,05-APR-1948,Vickers 610 Viking 1B,G-AIVP,BEA,14,near Berlin-Gatow,, ,A1
19480405-1,05-APR-1948,Curtiss R5C-1 (C-46),39550,USMC,,,, ,A1
19480406-0,06-APR-1948,unknown, ,CSA,0,Neubiberg Ai...,, ,H2
19480406-1,06-APR-1948,Douglas Dakota IV (DC-3),KN382,RAF,0,Oakington RA...,,,O1
19480406-2,06-APR-1948,Douglas Dakota IV (DC-3),KN416,RAF,0,Oakington RA...,,,O1
19480409-0,09-APR-1948,Douglas C-47 (DC-3),C-40,SCOLTA,4,near Buenavista,, ,A1
19480410-0,10-APR-1948,Douglas DC-4-1009,F-BBDC,Air France,1,Kano Interna...,, ,A1
19480411-0,11-APR-1948,Bristol 170 Freighter 21E,F-BENG,CAT,3,Los Barrios,, ,A1
19480412-0,12-APR-1948,Amiot AAC.1 (Ju-52),F-BBYA,STA,,Saigon,, ,A1
19480415-0,15-APR-1948,Lockheed L-049 Constellation,NC88858,Pan Am,30,near Shannon Airp...,, ,A1
19480418-0,18-APR-1948,Lockheed 414-56 Hudson IIIA,VH-ALA,Guinea Air Traders,37,near Lae Airfield,,,A1
19480420-0,20-APR-1948,Douglas C-47A (DC-3),PI-C14,Philippine Air Lines,0,Jolo Airport...,, ,A1
19480421-0,21-APR-1948,Vickers 610 Viking 1B,G-AIVE,BEA,0,Irish Law Mo...,,,A1
19480421-1,21-APR-1948,Douglas C-47B (DC-3),CCCP-L1215,Aeroflot / East Siberia,3,near Chita,, ,A1
19480423-0,23-APR-1948,Lisunov Li-2T,CCCP-L4437,Aeroflot / Far East,1,Khabarovsk A...,, ,A1
19480423-1,23-APR-1948,Curtiss C-46,RX-...,Israeli AF,2,Mexico City,, ,A1
19480423-2,23-APR-1948,Lockheed P2V-2 Neptune,39325,US Navy,0,near Quonset Poin...,, ,A1
19480424-1,24-APR-1948,Douglas C-47 (DC-3),TI-161,TAN,0,San Isidro d...,, ,O1
19480424-2,24-APR-1948,Lisunov Li-2T,CCCP-L4460,Aeroflot / East Siberia,28,near Bodaybo,, ,A1
19480429-0,29-APR-1948,Douglas DC-3A, ,Pan Am,0,San José,, ,C2
19480430-0,30-APR-1948,Curtiss R5C-1 (C-46A),39535,USMC,0,near Tsingtao Mar...,, ,A1
19480501-0,01-MAY-1948,Douglas DC-6,PH-TKW,KLM,0,Amsterdam-Sc...,,,A1
19480504-0,04-MAY-1948,unknown, ,CSA,0,Erding Air Base,, ,H2
19480505-0,05-MAY-1948,Douglas C-47A (DC-3),NC17645,Superior Oil Corp.,2,,, ,A1
19480509-0,09-MAY-1948,Douglas DC-2-112,VH-AEN,New Holland Airways,0,Darwin Airpo...,, ,A1
19480509-1,09-MAY-1948,Consolidated PBY-6A Catalina,64015,US Navy,12,Caribbean,, ,A1
19480512-0,12-MAY-1948,Douglas DC-4-1009,OO-CBE,Sabena,31,near Magazini,, ,A1
19480513-0,13-MAY-1948,Douglas C-54G (DC-4),45-0538,USAF,3,"near Easthampton, MA",, ,A1
19480514-0,14-MAY-1948,Douglas R4D (DC-3), ,US Navy,0,Rio de Janei...,, ,A1
19480514-1,14-MAY-1948,Vickers 615 Viking 1B,LV-AFL,FAMA,0,near Junín Airpor...,, ,A1
19480515-0,15-MAY-1948,Douglas C-49K (DC-3),ZS-BWY,Mercury Aviation,13,near Vrede,,,A1
19480516-0,16-MAY-1948,Curtiss C-46E,NC59489,Slick Airways,2,near Columbus-Por...,, ,A1
19480517-0,17-MAY-1948,Douglas DC-3,PI-C143,Philippine Air Lines,0,near Cebu-Lahug A...,, ,A1
19480520-0,20-MAY-1948,Douglas C-47A (DC-3),G-AJBG,Air Transport Charter,3,near Bovingdon,, ,A1
19480520-1,20-MAY-1948,Douglas Dakota IV (DC-3),KN423,RAF,0,,, ,A1
19480522-0,22-MAY-1948,Douglas Dakota IV (DC-3),KP278,RAF,0,Ramat David,, ,C1
19480522-1,22-MAY-1948,Douglas C-47B (DC-3),CCCP-L1073,Aeroflot / Far East,8,near Magadan,, ,A1
19480522-2,22-MAY-1948,Douglas Dakota IV (DC-3),KN243,RAF,,Ramat-David ...,, ,C1
19480523-0,23-MAY-1948,Curtiss C-46,RX-136,Israeli AF,1,near Latrun,, ,A1
