identifiant,date,type,registration,operator,fat.,location, ,pic,cat

19689999-1,??-???-1968,Curtiss TC-46A,PP-NME,VASP,,Rio de Janei...,, ,U1
19689999-3,??-???-1968,Lockheed L-1649A Starliner,N7324C,Six-T Ranch Corp.,0,Paramaribo-Z...,, ,A1
19689999-4,??-???-1968,Antonov An-2M,636,Polish AF,,,, ,A1
19689999-5,??-???-1968,Curtiss C-46D,HK-682,Aeropesca Colombia,,near San Andrés I...,, ,A1

19680101-2,01-JAN-1968,Martin 4-0-4,N251S,Southern Airways,0,Oxford-Unive...,, ,A1
19680104-0,04-JAN-1968,Morane Saulnier MS.760 Paris I,48,French Navy,2,Rennes,, ,A1
19680106-0,06-JAN-1968,Antonov An-24B,CCCP-47733,Aeroflot / Yakutsk,45,near Olyokma,, ,A1
19680107-0,07-JAN-1968,DHC-3 Otter,3674,Canadian Armed Forces,,Lake Memphra...,, ,A1
19680108-0,08-JAN-1968,Douglas C-47B (DC-3),YU-ABK,JAT,0,near Sankt Florian,,,A1
19680109-0,09-JAN-1968,Boeing 720-060B,ET-AAG,"Ethiopian Airlines, op.for MEA",0,Beirut Inter...,,,A1
19680109-1,09-JAN-1968,Ilyushin Il-18V,CCCP-75519,Aeroflot / Northern,,Karaganda,, ,A1
19680109-2,09-JAN-1968,Douglas VC-47D (DC-3),43-48321,USAF,1,near Roma-Ciampin...,, ,A1
19680110-0,10-JAN-1968,Douglas R5D-2 (DC-4),50850,US Navy,19,Copper Canyo...,, ,A1
19680111-0,11-JAN-1968,Lockheed OP-2E Neptune,131436,US Navy,9,Phou Louang ...,, ,A1
19680112-0,12-JAN-1968,Antonov An-2, ,North Vietnamese AF,,Muong Yut,, ,C1
19680112-1,12-JAN-1968,Antonov An-2, ,North Vietnamese AF,,within Laos,, ,C1
19680115-0,15-JAN-1968,Douglas DC-3,SU-AJG,UAA,4,Zifta,, ,A1
19680116-0,16-JAN-1968,Lockheed L-1329 JetStar I,CA+102,German AF,0,near Bremen Airpo...,, ,A1
19680116-1,16-JAN-1968,Lockheed P-3A Orion,152144,US Navy,12,near Iwakuni,, ,A1
19680117-0,17-JAN-1968,Douglas C-47A (DC-3),5N-AAL,Nigerian AF,,Lagos,, ,A1
19680117-1,17-JAN-1968,Boeing KC-135A,58-0026,USAF,13,"Minot AFB, N...",, ,A1
19680120-0,20-JAN-1968,Douglas DC-7B,SE-ERC,"THY, lsf Transair Sweden",0,München-Riem...,,,A1
19680120-1,20-JAN-1968,Douglas C-47A (DC-3),2026,Brazilian AF,0,General Carn...,, ,A1
19680121-0,21-JAN-1968,SE-210 Caravelle IA,HS-TGL,Thai Airways,0,Damnoen Sadu...,, ,A2
19680127-2,27-JAN-1968,DH-114 Heron 1B,F-OCED,Air Comores,15,near Moroni Airpo...,, ,A1
19680129-0,29-JAN-1968,Antonov An-12B,CCCP-11015,Aeroflot / Yakutsk,0,Yakutsk-Maga...,, ,A1
19680199-0,??-JAN-1968,Lockheed L-1049G-82-151 Super Const,5T-TAC,Biafran Government,5,near Port Harcour...,, ,A1
19680199-1,??-JAN-1968,Douglas LC-117D,99853,US Navy,0,Williams Field,, ,O1
19680206-0,06-FEB-1968,Lockheed P-3B Orion,153440,US Navy,12,near Phu Quoc Isl...,, ,A1
19680207-0,07-FEB-1968,Boeing 707-138B,N791SA,"Canadian Pacific, lsf Standard Airways",1+ 1,Vancouver In...,,,A1
19680207-1,07-FEB-1968,Antonov An-12BP,BL534,Indian AF,102,Dhaka Glacier,, ,A1
19680208-0,08-FEB-1968,Consolidated C-10A Catalina (PBY-5A,6521,Brazilian AF,4,near Guajará Miri...,, ,A1
19680209-0,09-FEB-1968,Douglas C-47 (DC-3),HZ-AAE,Saudi Arabian,,,, ,A1
19680209-1,09-FEB-1968,Douglas DC-6, ,Pan Am,0,Da Nang Airp...,, ,H2
19680210-0,10-FEB-1968,Lockheed KC-130F Hercules,149813,USMC,8,Khe Sanh,,,C1
19680210-1,10-FEB-1968,Scottish Aviation Twin Pioneer CC.1,XM963,RAF,0,Grik,, ,A1
19680212-0,12-FEB-1968,Antonov An-2,CCCP-28946,Aeroflot / Kazakstan,0,near Nekrasovka,, ,A1
19680214-0,14-FEB-1968,Douglas AC-47D,43-49859,USAF,8,near Phan Rang Ai...,, ,C1
19680216-1,16-FEB-1968,Boeing 727-92C,B-1018,Civil Air Transport,21+ 1,near Taipei,, ,A1
19680217-0,17-FEB-1968,Lockheed OP-2E Neptune,131486,US Navy,8,"Muang Phine,...",, ,C1
19680218-0,18-FEB-1968,Lockheed C-130B Hercules,58-0743,USAF,0,Saigon-Tan S...,, ,C1
19680218-1,18-FEB-1968,Douglas C-47D,43-48471,USAF,0,Saigon-Tan S...,, ,A1
19680218-2,18-FEB-1968,Douglas C-47D (DC-3),44-76643,Vietnam Air Force - VNAF,,Saigon-Tan S...,, ,C1
19680219-0,19-FEB-1968,unknown, ,Aeroflot,2,Baghdad,, ,A1
19680221-0,21-FEB-1968,DC-8, ,Delta Air Lines,0,Havana-José ...,, ,H2
19680224-0,24-FEB-1968,Ilyushin Il-18V,CCCP-75560,Soviet Government,0,Donetsk Airp...,, ,A1
19680224-1,24-FEB-1968,Douglas DC-3,XW-TAD,Royal Air Lao,37,near Ban Napa,,,A1
19680227-0,27-FEB-1968,Lockheed OP-2E Neptune,131484,US Navy,2,within Laos,, ,C1
19680229-0,29-FEB-1968,Douglas C-47A (DC-3),N525W,Millers Aviation,0,near Statesville ...,, ,A1
19680229-1,29-FEB-1968,Ilyushin Il-18D,CCCP-74252,Aeroflot / Far East,83,"near Parchum, Chu...",, ,A1
19680229-2,29-FEB-1968,Lockheed C-130E Hercules,64-0522,USAF,0,Song Ba,, ,C1
19680301-0,01-MAR-1968,Fairchild C-123K Provider,54-694,USAF,0,Khe Sanh,,,C1
19680302-0,02-MAR-1968,Lockheed C-130A Hercules,56-0549,USAF,6,Hue-Phu Bai ...,, ,A1
19680303-0,03-MAR-1968,Lockheed C-130E Hercules,62-1814,USAF,0,Cam Ranh Bay,, ,A1
19680305-0,05-MAR-1968,Douglas C-54A (DC-4),HK-136,Avianca,0,Santiago-Ant...,, ,H2
19680305-1,05-MAR-1968,Boeing 707-328C,F-BLCJ,Air France,63,near Pointe-à-Pitre,,,A1
19680306-1,06-MAR-1968,Fairchild C-123K Provider,54-590,Vietnam Air Force - VNAF,49,near Khe Sanh,, ,C1
19680306-2,06-MAR-1968,Douglas C-124C Globemaster II,51-5198,USAF,,Honolulu-Hic...,, ,O1
19680307-0,07-MAR-1968,Tupolev Tu-124,CCCP-45019,Aeroflot / North Kavkaz,1,Volgograd Ai...,, ,A1
19680307-1,07-MAR-1968,Fairchild C-123K Provider,54-594,USAF,0,Khe Sanh,, ,C1
19680308-0,08-MAR-1968,Fairchild F-27,PI-C871,Air Manila Int.,14,near Ibajay,,,A1
19680309-0,09-MAR-1968,Ilyushin Il-14,CCCP-41840,Aeroflot / Georgia,5,Mount Getantag,, ,A1
19680309-1,09-MAR-1968,Douglas DC-6B,43748,French AF,16,near Saint Denis,, ,A1
19680311-0,11-MAR-1968,Douglas EC-47P,44-77016,USAF,0,Ben Het Spec...,, ,C1
19680311-2,11-MAR-1968,Douglas C-47A (DC-3),6167,Portuguese AF,3,near Mueda Airpor...,, ,C1
19680312-0,12-MAR-1968,DC-8, ,National Airlines,0,Havana-José ...,, ,H2
19680312-1,12-MAR-1968,Douglas AC-47D,43-49330,USAF,0,Binh Thuy Ai...,, ,C1
19680313-0,13-MAR-1968,Dassault Falcon 20C,N1846,M Air,6,Parkersburg-...,, ,A1
19680316-0,16-MAR-1968,Douglas C-47A (DC-3),PP-AST,Sadia,4,near Tacna,, ,A1
19680320-0,20-MAR-1968,Convair CV-340-38,N4820C,Delta Air Lines,0,"Evansville, IN",,,A1
19680321-0,21-MAR-1968,Boeing 727-22C,N7425U,United Airlines,0,Chicago-O'Ha...,, ,A1
19680321-1,21-MAR-1968,Convair CV-440, ,AVENSA,0,Santiago Air...,, ,H2
19680322-0,22-MAR-1968,Douglas C-47A (DC-3),607,Air America,0,Gia Nghia,, ,A1
19680324-0,24-MAR-1968,Vickers 803 Viscount,EI-AOM,Aer Lingus,61,near Tuskar Rock,, ,A1
19680324-1,24-MAR-1968,Fairchild C-123K Provider,40589,Thai AF,0,Nakhon Phano...,, ,C1
19680326-0,26-MAR-1968,Lockheed 18 Lodestar,ZK-CMX,Airland (NZ),1,near Waewaepa Range,, ,A1
19680327-0,27-MAR-1968,Douglas C-47A (DC-3),PP-BTX,Paraense Transportes Aéreos,,,, ,U1
19680327-1,27-MAR-1968,Douglas DC-9-15,N970Z,Ozark Air Lines,0,near Saint Louis-...,,,A2
19680328-1,28-MAR-1968,DHC-3 Otter,LN-FAE,Widerøes Flyveselskap,0,near Rossfjordstr...,, ,A1
19680330-0,30-MAR-1968,Lockheed L-1049G Super Constellatio,HP-467,RAPSA,3,Panama City,, ,A1
19680331-0,31-MAR-1968,Fairchild C-123K Provider,54-653,USAF,0,Phan Rang Ai...,, ,A1
19680401-0,01-APR-1968,Lockheed P-3B Orion,153445,US Navy,12,near Dao Phu Quoc...,, ,C1
19680401-1,01-APR-1968,Avro Shackleton MR.2,WR956,RAF,0,Ballykelly R...,, ,A1
19680403-0,03-APR-1968,Lockheed P-2H Neptune,145900,US Navy,,Sangley Poin...,, ,A1
19680404-0,04-APR-1968,Douglas C-47 (DC-3),IJ304,Indian AF,,,, ,U1
19680405-0,05-APR-1968,Lockheed P-3A Orion,151350,US Navy,8,near Okinawa [Chi...,, ,A1
19680405-1,05-APR-1968,Douglas DC-3,VT-CML,Indian Airlines,0,Pune-Lohegao...,, ,A2
19680408-0,08-APR-1968,Boeing 707-465,G-ARWE,BOAC,5,London-Heath...,,,A1
19680408-1,08-APR-1968,Douglas C-49K (DC-3),CC-CBM,LADECO,36,near Coyhaique,, ,A1
19680410-0,10-APR-1968,Bristol 170 Freighter 31E,ZK-CPU,SAFE Air,0,Wellington I...,, ,O1
19680410-1,10-APR-1968,Douglas R4D-3 (DC-3),XA-GEV,Aerovias Rojas,18,near Villa del Ca...,, ,A1
19680410-2,10-APR-1968,Antonov An-12B, ,Soviet AF,3,Kaliningrad ...,, ,A1
19680411-0,11-APR-1968,Lockheed L-100 Hercules,9J-RBX,Zambian Air Cargoes,0,Ndola Airpor...,, ,O1
19680411-1,11-APR-1968,Lockheed L-100 Hercules,9J-RCY,Zambian Air Cargoes,0,Ndola Airpor...,, ,A1
19680411-2,11-APR-1968,Lockheed P-3B Orion,A9-296,RAAF,0,Moffett Fiel...,, ,A1
19680413-0,13-APR-1968,Lockheed C-130B Hercules,61-0967,USAF,1,Khe Sanh,, ,A1
19680416-0,16-APR-1968,Lockheed C-130A Hercules,56-0480,USAF,0,near Bien Hoa,, ,A1
19680416-1,16-APR-1968,Fairchild C-123K Provider,54-602,USAF,4,"near Panama City, FL",, ,A1
19680419-0,19-APR-1968,Douglas VC-47D (DC-3),CP-734,LAB,0,Trinidad Air...,,,A1
19680419-1,19-APR-1968,Avro Shackleton MR.2,WB833,RAF,11,Glenmanuilt ...,, ,A1
19680420-0,20-APR-1968,Boeing 707-344C,ZS-EUW,South African Airways,123,near Windhoek-Str...,, ,A1
19680422-0,22-APR-1968,Ilyushin Il-18V,CCCP-75526,Aeroflot / Moscow,5,near Moskva-Domod...,, ,A1
19680423-0,23-APR-1968,C-7A Caribou (DHC-4),61-2399,USAF,0,Vung Tau Air...,, ,C1
19680424-0,24-APR-1968,Lisunov Li-2P,HA-LIO,Hungarian Defense Association,0,Szolnok Air ...,,,O1

19680919-0,19-SEP-1968,Antonov An-2,LZ-...,Unknown,1,Stalevo,, ,A1
19680919-1,19-SEP-1968,Curtiss C-46A,HC-AMC,ANDES,0,near Managua-Las ...,, ,A1
19680920-1,20-SEP-1968,Breguet 1150 Atlantic,43,French Navy,5+ 1,Farnborough ...,,,A1
19680920-2,20-SEP-1968,Boeing 720, ,Eastern Air Lines,0,Havana-José ...,, ,H2
19680922-0,22-SEP-1968,Boeing 727-59,HK-1401,Avianca,0,Camagüey Air...,, ,H2
19680922-1,22-SEP-1968,Douglas C-54A (DC-4),HK-172,Avianca,0,Santiago Air...,, ,H2
19680922-2,22-SEP-1968,Antonov An-2TP,CCCP-91743,Aeroflot / Yakutsk,5,"near Seymchan, Ma...",, ,A1
19680924-0,24-SEP-1968,Boeing KC-135A,55-3133,USAF,11,Wake Island ...,,,A1
19680926-0,26-SEP-1968,Douglas C-47A (DC-3),N64423,Ford Motor Co.,0,near Teterboro Ai...,, ,A1
19680927-0,27-SEP-1968,Douglas DC-7CF,N7466,Universal Airlines,0,near Cherry Point...,, ,A1
19680928-0,28-SEP-1968,ATL-98 Carvair,CF-EPX,Eastern Provincial Airways,0,"near Twin Falls, NL",,,A1
19680928-1,28-SEP-1968,Douglas C-54B (DC-4),N90427,Pan African Airlines,57+ 1,near Port Harcour...,, ,A1
19680928-2,28-SEP-1968,Lockheed L-1649A Starliner,N8081H,Willair International,0,"near Stockton, CA",, ,A1
19680930-0,30-SEP-1968,Airspeed AS.57 Ambassador 2,G-AMAG,Dan-Air Services,0,Manston Airp...,,,A1
19681001-0,01-OCT-1968,Boeing KC-135A,55-3138,USAF,4,U-Tapao Airp...,,,A1
19681003-0,03-OCT-1968,C-7B Caribou (DHC-4),63-9753,USAF,13,near Camp Evans,, ,A1
19681003-1,03-OCT-1968,Douglas DC-7C,5T-TAR,North American Aircraft Trading,0,Uli Airstrip,, ,O1
19681004-0,04-OCT-1968,Antonov An-2M,635,Polish AF,,,, ,A1
19681006-0,06-OCT-1968,Antonov An-24B,CCCP-46552,Aeroflot / Turkmenistan,0,near Maryy-1 Airp...,, ,A1
19681006-1,06-OCT-1968,Hawker Siddeley HS-748,XA-SE.,Aeromaya,0,Havana-José ...,, ,H2
19681007-0,07-OCT-1968,C-7B Caribou (DHC-4),63-9745,USAF,0,Ham Tan,, ,A1
19681007-1,07-OCT-1968,BN-2 Islander,TI-1063C,Aerovias del Valle,10,near Paso Canoas ...,,,A1
19681011-0,11-OCT-1968,Avia 14-32A,OK-MCJ,CSA,11,near Praha-Ruzyne...,, ,A1
19681017-0,17-OCT-1968,PBV-1A Canso A (PBY-5A),PP-PCW,Cruzeiro do Sul,4,"Canutama, AM",, ,A1
19681019-0,19-OCT-1968,Lockheed C-130E Hercules,17949,Turkish AF,7,near Akhisar,, ,A1
19681020-0,20-OCT-1968,Ilyushin Il-18D,CCCP-75436,Aeroflot / West Siberia,0,Krasnoyarsk ...,, ,A1
19681020-1,20-OCT-1968,Douglas C-47A (DC-3),PP-SAD,Cruzeiro do Sul,19,Feijó Airpor...,, ,A1
19681020-2,20-OCT-1968,Douglas C-47D,45-934,USAF,23,near Ban Me Thuot,, ,A1
19681022-0,22-OCT-1968,Boeing KC-135A,61-0301,USAF,6,near Ching Chuan ...,, ,A1
19681023-0,23-OCT-1968,Douglas VC-47A (DC-3),42-23966,USAF,,unknown,, ,A1
19681024-0,24-OCT-1968,Lockheed P-2H Neptune,135555,US Navy,,Sangley Poin...,, ,U1
19681025-0,25-OCT-1968,Douglas C-47A (DC-3),PH-DAA,KLM Aerocarto,3,Tafelberg,,,A1
19681025-1,25-OCT-1968,Douglas EC-47Q,42-24304,USAF,,Big Salt Lak...,,,A1
19681025-2,25-OCT-1968,Fairchild FH-227C,N380NE,Northeast Airlines,32,near Lebanon Airp...,,,A1
19681030-0,30-OCT-1968,Curtiss C-46, ,SAESA,0,"Brownsville, TX",, ,H2
19681102-0,02-NOV-1968,Antonov An-12B,CCCP-11349,Aeroflot / East Siberia,6,near Lensk,, ,A1
19681102-1,02-NOV-1968,DC-9, ,Eastern Air Lines,0,Birmingham A...,, ,H2
19681104-1,04-NOV-1968,Boeing 727, ,National Airlines,0,Havana-José ...,, ,H2
19681106-0,06-NOV-1968,Douglas C-54A (DC-4),PP-LEW,VASP,0,Rio de Janei...,, ,A1
19681106-1,06-NOV-1968,Fokker F-27 Friendship, ,Philippine Air Lines,1,Manila Inter...,, ,H2
19681107-0,07-NOV-1968,Douglas DC-6A/B,TC-55,Argentine AF,0,near Mar Del Plat...,, ,A1
19681107-1,07-NOV-1968,Douglas C-47 (DC-3), ,Philippine AF,11,Zambales Mou...,, ,A1
19681108-0,08-NOV-1968,Boeing 707, ,Olympic Airways,0,Paris-Orly A...,, ,H2
19681111-0,11-NOV-1968,Curtiss C-46A,CP-791,Compañia Boliviana de Aviacion,,San Borja,, ,A1
19681112-0,12-NOV-1968,Convair CV-580,N73135,Tex Johnson Inc,0,Santa Barbar...,, ,A1
19681118-0,18-NOV-1968,Douglas DC-6,XA-MON,Mexicana,0,Havana-José ...,, ,H2
19681119-2,19-NOV-1968,Boeing 707-324C,N17325,Continental Air Lines,0,"near Gunnison, CO",, ,C2
19681122-0,22-NOV-1968,DC-8-62,JA8032,JAL,0,San Fransisc...,, ,A2
19681123-0,23-NOV-1968,DHC-6 Twin Otter 200,N7666,Cable Commuter,9,near Santa Ana-Or...,, ,A1
19681123-1,23-NOV-1968,Boeing 727, ,Eastern Air Lines,0,Havana-José ...,, ,H2
19681124-0,24-NOV-1968,Boeing 707, ,Pan Am,0,Havana-José ...,, ,H2
19681125-1,25-NOV-1968,Curtiss C-46D,N1386N,Air America,26,near Savannakhet ...,, ,A1
19681128-0,28-NOV-1968,Lockheed C-130B Hercules,61-2644,USAF,0,Tonle Cham A...,, ,A1
19681130-0,30-NOV-1968,Boeing 720, ,Eastern Air Lines,0,Havana-José ...,, ,H2
19681202-0,02-DEC-1968,Fairchild F-27B,N4905,Wien Consolidated,39,near Iliamna Airp...,,,A1
19681203-0,03-DEC-1968,Boeing 727, ,National Airlines,0,Havana-José ...,, ,H2
19681205-0,05-DEC-1968,Ilyushin Il-14,640,CAAC,,Beijing,, ,A1
19681206-1,06-DEC-1968,Fairchild C-119G Flying Boxcar,12695/BW-E,Norwegian AF,0,Røros Airpor...,, ,A1
19681206-2,06-DEC-1968,Dornier Do 28D-1 Skyservant,N7154,private,1,near Sønderborg,, ,A1
19681207-0,07-DEC-1968,Douglas DC-7C,VR-BCY,North American Aircraft Trading,4,Uli Airstrip,, ,A1
19681209-0,09-DEC-1968,Lockheed L-1649A Starliner,N7314C,Fly by Night Safaris,0,Las Vegas-Mc...,, ,A1
19681209-2,09-DEC-1968,DHC-3 Otter,CF-XJM,Lambair,0,"The Pas, MB",, ,A1
19681211-0,11-DEC-1968,Boeing 727, ,TWA,0,Havana-José ...,, ,H2
19681212-0,12-DEC-1968,Boeing 707-321B,N494PA,Pan Am,51,near Caracas,, ,A1
19681212-2,12-DEC-1968,Lockheed C-60A Lodestar,N60G,Professional Pilot Service,0,Freeport-Gra...,, ,A1
19681213-0,13-DEC-1968,Fairchild C-123K Provider,54-600,USAF,6,near Ban Hai,, ,A1
19681213-1,13-DEC-1968,Douglas AC-47D,43-49274,USAF,0,Bien Hoa Air...,, ,A1
19681213-2,13-DEC-1968,DHC-3 Otter,CF-RNO,Harbour Air,1,Schaft Creek...,, ,A2
19681214-0,14-DEC-1968,Fairchild C-119G Flying Boxcar,51-2667,USAF,8,near San Juan,,,A1
19681217-0,17-DEC-1968,Fairchild C-123B Provider,54-708,USAF,14,near Chu Lai Air ...,, ,A1
19681219-0,19-DEC-1968,DC-8-61, ,Eastern Air Lines,0,Havana-José ...,, ,H2
19681219-1,19-DEC-1968,CASA 352 (Ju-52),T.2B-235,Spanish AF,0,Gran Tarajal...,, ,A1
19681220-0,20-DEC-1968,Douglas C-47A (DC-3),5Y-ADI,Kenya Police,3,near Nairobi-Wils...,, ,A1
19681224-0,24-DEC-1968,Convair CV-580,N5802,Allegheny Airlines,20,near Bradford Air...,,,A1
19681224-1,24-DEC-1968,Lockheed L-100 Hercules,N760AL,Interior Airways,2,"Prudhoe Bay, AK",, ,A1
19681226-0,26-DEC-1968,Douglas C-47B (DC-3),2013,Brazilian AF,,Praia Ponta ...,, ,A1
19681226-1,26-DEC-1968,Douglas C-47A (DC-3),XB-POH,ESSA,12,near Ensenada,, ,A1
19681226-2,26-DEC-1968,Boeing 707-321C,N799PA,Pan Am,3,Anchorage-El...,, ,A1
19681226-3,26-DEC-1968,Boeing 707-358B,4X-ATR,El Al,1,Athens-Ellin...,, ,C2
19681227-0,27-DEC-1968,Convair CV-580,N2045,North Central Airlines,27+ 1,Chicago-O'Ha...,, ,A1
19681227-1,27-DEC-1968,DC-9-15,N974Z,Ozark Air Lines,0,near Sioux City-M...,,,A1
19681228-0,28-DEC-1968,Boeing 707-3B4C,OD-AFC,MEA,0,Beirut Inter...,, ,C1
19681228-01,28-DEC-1968,DH-106 Comet 4C,OD-ADR,MEA,0,Beirut Inter...,,,C1
19681228-03,28-DEC-1968,Douglas DC-7,OD-AEI,Lebanese International,0,Beirut Inter...,, ,C1
19681228-04,28-DEC-1968,Douglas DC-6A/B,OD-AEY,TMA,0,Beirut Inter...,, ,C1
19681228-05,28-DEC-1968,SE-210 Caravelle VI-N,OD-AEE,MEA,0,Beirut Inter...,, ,C1
19681228-06,28-DEC-1968,DH-106 Comet 4C,OD-ADQ,MEA,0,Beirut Inter...,, ,C1
19681228-07,28-DEC-1968,Douglas C-54B (DC-4),OD-ADI,TMA,0,Beirut Inter...,,,C1
19681228-08,28-DEC-1968,Vickers 754D Viscount,OD-ACT,MEA,0,Beirut Inter...,, ,C1
19681228-09,28-DEC-1968,SE-210 Caravelle VI-N,OD-AEF,MEA,0,Beirut Inter...,, ,C1
19681228-10,28-DEC-1968,Vickers VC10-1102,9G-ABP,"Ghana Airways, op.for MEA",0,Beirut Inter...,,,C1
19681228-11,28-DEC-1968,Douglas DC-7,OD-AEK,Lebanese International,0,Beirut Inter...,, ,C1
19681228-12,28-DEC-1968,Convair CV-990,OD-AEW,Lebanese International,0,Beirut Inter...,,,C1
19681228-13,28-DEC-1968,Convair CV-990,OD-AEX,Lebanese International,0,Beirut Inter...,, ,C1
19681228-2,28-DEC-1968,DH-106 Comet 4C,OD-ADS,MEA,0,Beirut Inter...,,,C1
19681231-0,31-DEC-1968,CT-39A-1-NO Sabreliner,62-4502,USAF,6,near Hampton-Lang...,, ,A1
19681231-1,31-DEC-1968,Douglas EC-47P,43-48702,USAF,0,Pleiku Airpo...,, ,A2
19681231-2,31-DEC-1968,Vickers 720C Viscount,VH-RMQ,"Ansett-ANA, op.for MacRobertson Miller Airlines",26,near Port Hedland...,,,A1
19681231-4,31-DEC-1968,Douglas C-47A (DC-3),XA-SAE,SAESA,26,near Ciudad Vitoria,, ,A1
19681299-0,??-DEC-1968,Lisunov Li-2T,CCCP-04214,Aeroflot / Polar,0,,, ,A1

19680426-0,26-APR-1968,Lockheed C-130B Hercules,60-0298,USAF,8,near Hue,, ,C1
19680428-0,28-APR-1968,Douglas DC-8-31,N1802,Capitol Airways,0,Atlantic Cit...,, ,A1
19680430-0,30-APR-1968,Lockheed L-100 Hercules,64145,Pakistan AF,22,near Islamabad-Ch...,, ,A1
19680501-1,01-MAY-1968,Douglas C-47 (DC-3),FAC-669,Colombian AF,0,Tumaco,, ,A2
19680503-0,03-MAY-1968,Lockheed L-188A Electra,N9707C,Braniff Airways,85,"near Dawson, TX",,,A1
19680504-0,04-MAY-1968,Fairchild F-27F,N27W,Eastex Inc,2,Paisano Ranc...,,,A1
19680504-1,04-MAY-1968,Vickers 812 Viscount,G-APPU,Channel Airways,0,Southend Mun...,,,A1
19680504-2,04-MAY-1968,Douglas AC-47D,43-16159,USAF,6,Pleiku Airpo...,, ,C1
19680504-3,04-MAY-1968,Douglas AC-47D,43-76207,USAF,3,Pleiku Airpo...,, ,C1
19680507-0,07-MAY-1968,A.W. AW-660 Argosy C.1,XR133,RAF,11,Got el Afraq,, ,A1
19680507-1,07-MAY-1968,C-7B Caribou (DHC-4),62-4176,USAF,0,near Camp Evans,, ,A1
19680509-1,09-MAY-1968,Fairchild F-27,PI-C873,Air Manila Int.,0,Davao-Mati A...,, ,A1
19680510-0,10-MAY-1968,Douglas C-47D (DC-3),6165,Portuguese AF,,Lourenço Mar...,, ,A1
19680511-0,11-MAY-1968,DHC-3 Otter,IM-1719,Indian AF,2,near Saharanpur-S...,, ,A1
19680511-1,11-MAY-1968,Douglas C-47 (DC-3), ,Indian AF,5,"Mizo Hills, ...",, ,A1
19680512-0,12-MAY-1968,Lockheed C-130A Hercules,56-0548,USAF,0,Kham Duc,, ,C1
19680512-1,12-MAY-1968,Lockheed C-130B Hercules,60-0297,USAF,155,Kham Duc,, ,C1
19680515-0,15-MAY-1968,Lockheed C-130E Hercules,63-7875,USAF,0,Chu Lai Air ...,,,A1
19680516-0,16-MAY-1968,Lockheed L-100 Hercules,N9267R,AREA Ecuador,0,Macuma,, ,A1
19680516-1,16-MAY-1968,Antonov An-2M,CCCP-05977,"Aeroflot, Moscow SPiMVL",1,"near Maryinka, Da...",, ,A1
19680519-0,19-MAY-1968,Antonov An-2R,CCCP-45228,Aeroflot / North Kavkaz,2,"near Tenginskaya,...",, ,A1
19680522-0,22-MAY-1968,Lockheed C-130A Hercules,56-0477,USAF,9,near Muang Nong,, ,C1
19680522-1,22-MAY-1968,Douglas VC-54G (DC-4),45-585,USAF,0,near Bedford-Hans...,, ,A1
19680523-0,23-MAY-1968,Fairchild UC-123K Provider,54-588,USAF,3,near Xom Rach Goc,, ,C1
19680523-1,23-MAY-1968,Fairchild C-123B Provider,655,Air America,0,Na Khang Air...,, ,A1
19680528-0,28-MAY-1968,Convair CV-990,PK-GJA,Garuda,29+ 1,near Mumbai Airpo...,,,A1
19680528-1,28-MAY-1968,Antonov An-2R,CCCP-45209,Aeroflot / Ukraine,2,"near Slobodovka, ...",, ,A1
19680528-2,28-MAY-1968,Antonov An-2M,636,Polish Navy,,near Gdansk,, ,A1
19680529-0,29-MAY-1968,C-7B Caribou (DHC-4),62-4189,USAF,0,Dak To,, ,C1
19680530-0,30-MAY-1968,Antonov An-2M,CCCP-05989,Aeroflot / North Kavkaz,1,Novo-Zolotov...,, ,A1
19680603-0,03-JUN-1968,Curtiss C-46,6185,Republic of China AF,13,near Tainan,, ,A1
19680603-1,03-JUN-1968,Lockheed L-1049H Super Constellatio,5T-TAC,North American Aircraft Trading,0,Bissau Airpo...,, ,O1
19680607-0,07-JUN-1968,Douglas C-53 (DC-3),N74139,Aerodyne Engineering,0,Isla del Fro...,, ,A1
19680610-0,10-JUN-1968,Vickers Varsity T.1,WL677,RAF,0,Stradishall,, ,A1
19680612-0,12-JUN-1968,Boeing 727-22,N7086U,United Airlines,0,"near Denver, CO",, ,A2
19680612-1,12-JUN-1968,Fairchild F-27J,CF-GND,Great Northern Airways,0,near Resolute Air...,,,A1
19680613-0,13-JUN-1968,Boeing 707-321C,N798PA,Pan Am,6,near Calcutta-Dum...,, ,A1
19680618-0,18-JUN-1968,Piaggio PD.808,I-PIAI,Piaggio,6,near San Sebastiá...,, ,A1
19680619-0,19-JUN-1968,DC-9, ,VIASA,0,Santiago-Ant...,, ,H2
19680625-0,25-JUN-1968,Lockheed C-130E Hercules,62-1861,USAF,0,Tay Ninh,, ,C1
19680625-1,25-JUN-1968,Fairchild C-123K Provider,54-595,USAF,0,within South Vietnam,, ,A1
19680629-0,29-JUN-1968,Douglas DC-8-53,PH-DCH,"KLM, op.for VIASA",0,Amsterdam-Sc...,,,O1
19680629-1,29-JUN-1968,Douglas DC-3, ,Southeast Airlines,0,,,,H2
19680701-0,01-JUL-1968,Lockheed L-1049G Super Constellatio,5T-TAG,Red Cross,4,Uli Airstrip,, ,A1
19680701-1,01-JUL-1968,Rockwell 1121 Jet Commander,N196KC,Kansas City Life Insurance,1,Fayetteville...,, ,A1
19680701-2,01-JUL-1968,Boeing 727-51,N475US,Northwest Orient Airlines,0,Havana-José ...,, ,H2
19680701-3,01-JUL-1968,Antonov An-2M,CCCP-02332,Aeroflot / Ukraine,2,"near Breusovka, P...",, ,A1
19680702-0,02-JUL-1968,Douglas DC-7BF,N762Z,Universal Airlines,0,Philadelphia...,, ,A1
19680703-0,03-JUL-1968,Airspeed AS.57 Ambassador 2,G-AMAD,BKS Air Transport,6,London-Heath...,,,A1
19680703-2,03-JUL-1968,Hawker Siddeley HS-121 Trident 1C,G-ARPT,BEA,0,London-Heath...,,,O1
19680703-3,03-JUL-1968,Hawker Siddeley HS-121 Trident 1C,G-ARPI,BEA,0,London-Heath...,,,O2
19680704-0,04-JUL-1968,Boeing 727, ,TWA,0,Las Vegas-Mc...,, ,H2
19680706-0,06-JUL-1968,CASA 352 (Ju-52),T.2B-158,Spanish AF,,,, ,U1
19680708-0,08-JUL-1968,Convair CV-340-68,HZ-AAZ,Saudi Arabian,11,near Dhahran Inte...,, ,A1
19680710-0,10-JUL-1968,Douglas C-47D (DC-3),44-77275,USAF,,,, ,A1
19680711-0,11-JUL-1968,Antonov An-2T,OK-MYC,Ak Brno,1,Uherské Hrad...,, ,O1
19680712-0,12-JUL-1968,Convair CV-880, ,Delta Air Lines,0,,, ,H2
19680713-0,13-JUL-1968,Boeing 707-329C,OO-SJK,Sabena,7,near Lagos-Murtal...,, ,A1
19680715-0,15-JUL-1968,Curtiss C-46 Super C,PP-VBJ,Varig,3,"Gravatá, PE",, ,A1
19680717-0,17-JUL-1968,DC-8, ,National Airlines,0,Havana-José ...,, ,H2
19680718-0,18-JUL-1968,Curtiss C-46D,CC-CDI,ALFA,5,Strait of Ma...,, ,A1
19680721-0,21-JUL-1968,Antonov An-2R,CCCP-32209,Aeroflot / Kyrgyzstan,14,near Sufi-Kurgan,, ,A1
19680722-0,22-JUL-1968,Consolidated P4Y-2G Privateer,N7974A,Avery Aviation,4,"near McGrath, AK",,,A1
19680723-0,23-JUL-1968,Boeing 707-458,4X-ATA,El Al,0,Algiers-Dar ...,, ,H2
19680725-0,25-JUL-1968,C-7B Caribou (DHC-4),63-9761,USAF,2,near Pleiku,, ,A1
19680728-0,28-JUL-1968,Douglas C-124C Globemaster II,51-5178,USAF,10,"near Recife, PE",, ,A1
19680728-1,28-JUL-1968,Dassault Falcon 20C,N367EJ,Executive Jet Aviation,0,Cleveland-Bu...,, ,A2
19680729-0,29-JUL-1968,Lockheed HC-130P Combat King,66-0214,USAF,0,Tuy Hoa Airp...,,,O1
19680729-1,29-JUL-1968,Lockheed HC-130P Combat King,66-0218,USAF,0,Tuy Hoa Airp...,, ,O1
19680730-0,30-JUL-1968,Boeing KC-135A,56-3655,USAF,9,"near Red Buff, CA",, ,A1
19680802-0,02-AUG-1968,Douglas DC-8-43,I-DIWF,Alitalia,12,near Milano-Malpe...,, ,A1
19680803-0,03-AUG-1968,Antonov An-2,CCCP-01118,Aeroflot / North Kavkaz,14,near Psebai,, ,A1
19680804-0,04-AUG-1968,Convair CV-580,N4634S,North Central Airlines,0,"near Milwaukee, WI",,,A2
19680808-0,08-AUG-1968,Antonov An-10A,CCCP-11172,Aeroflot / East Siberia,0,Mirny Airpor...,, ,A1
19680808-1,08-AUG-1968,Consolidated PBY-5A Catalina,CF-FFY,"Flying Firemen, op.for British Columbia Forest Services",2,Shawnigan La...,, ,A1
19680809-0,09-AUG-1968,Vickers 739A Viscount,G-ATFN,British Eagle,48,near Langenbruck,,,A1
19680810-0,10-AUG-1968,Fairchild FH-227B,N712U,Piedmont Airlines,35,Charleston-K...,,,A1
19680818-0,18-AUG-1968,Antonov An-24V,SU-AOL,UAA,40,near Cyprus,, ,A1
19680818-1,18-AUG-1968,Douglas C-54B (DC-4),OB-R-849,Rutas Internacionales,,,, ,U1
19680818-2,18-AUG-1968,Douglas DC-3D,9Q-CUM,Air Congo,,Kinshasa-N'D...,,,U1
19680820-0,20-AUG-1968,Hawker Siddeley HS-748,YV-C-AMY,LAV,4,near Maturín-Quir...,, ,A1
19680822-1,22-AUG-1968,Convair CV-240-13,N91239,East Coast Leasing,0,Martinsburg ...,, ,O1
19680822-2,22-AUG-1968,Convair CV-600,N278E,East Coast Leasing,0,Martinsburg ...,, ,O1
19680823-0,23-AUG-1968,Curtiss C-46F,CP-760,TABSA,4,near Reyes Airpor...,, ,A1
19680826-0,26-AUG-1968,C-7B Caribou (DHC-4),62-4177,USAF,3,Thein Ngon,, ,C1
19680829-0,29-AUG-1968,Douglas C-118A (DC-6),53-3243,USAF,,Trabzon,, ,A1
19680829-1,29-AUG-1968,Douglas AC-47D,43-49499,USAF,0,Phan Rang Ai...,, ,C1
19680830-0,30-AUG-1968,Douglas C-124C Globemaster II,52-1018,USAF,,Austin-Bergs...,, ,U1
19680831-0,31-AUG-1968,DHC-3 Otter,LN-BFD,"Ocean Products, op.for Westwing",5,near Odda,,,A1
19680903-0,03-SEP-1968,Ilyushin Il-18E,LZ-BEG,"Bulair, lsf TABSO",47,near Karnobat,, ,A1
19680904-1,04-SEP-1968,DH-114 Heron 2D,LN-NPH,Nor Flyselskap,0,near Bodø,, ,A1
19680906-0,06-SEP-1968,Lockheed C-130E Hercules,62-1785,USAF,5,Bao Loc,, ,C1
19680906-2,06-SEP-1968,DHC-3 Otter,CF-RNP,Northern Wings,9,"Bradore Bay, QC",, ,A1
19680907-0,07-SEP-1968,Chase YC-122C Avitruc,N122R,Mobile Aircraft,0,near Golovin Airp...,, ,A1
19680907-1,07-SEP-1968,Boeing 707-341C,PP-VJR,Varig,0,Rio de Janei...,, ,O1
19680911-0,11-SEP-1968,SE-210 Caravelle III,F-BOHB,Air France,95,"near Nice, France",, ,A1
19680911-1,11-SEP-1968,Vickers Viscount, ,Air Canada,0,Montreal-Dor...,, ,H2
19680912-0,12-SEP-1968,Fairchild C-123K Provider,54-714,USAF,0,Vinh Long Ai...,,,A1
19680913-0,13-SEP-1968,Rockwell 1121 Jet Commander,N148E,Eversharp,2+ 1,near Hollywood-Bu...,,,A1
19680915-0,15-SEP-1968,Vickers 827 Viscount,PP-SRE,VASP,2+ 1,near São Paulo-Co...,, ,A1
