identifiant,date,type,registration,operator,fat.,location, ,pic,cat

19651024-0,24-OCT-1965,Douglas C-47A (DC-3),VT-CEI,Kalinga Airlines,0,Mohanbari Ai...,, ,A2
19651026-0,26-OCT-1965,Lockheed L-188A Electra, ,National Airlines,0,Key West Int...,, ,H2
19651027-0,27-OCT-1965,Vickers 951 Vanguard,G-APEE,BEA,36,London Airpo...,, ,A1
19651028-0,28-OCT-1965,Boeing EC-97G,53-0358,Air National Guard,0,Palmdale Air...,, ,A1
19651029-0,29-OCT-1965,Douglas C-47A (DC-3),CP-645,Transportes Aéreos Acre,,San Ramon,, ,U1
19651029-1,29-OCT-1965,Curtiss C-46D,N75296,Webair,0,Pouso Alegre...,, ,A1
19651030-0,30-OCT-1965,Fairchild C-123B Provider,56-4381,USAF,0,Tan Hiep Air...,, ,A1
19651102-0,02-NOV-1965,Douglas C-47B (DC-3),316410,French AF,30,near Obock Airpor...,,,A1
19651103-0,03-NOV-1965,Douglas C-54G (DC-4),TC-48,Argentine AF,68,near Puerto Limon,, ,A1
19651104-0,04-NOV-1965,Consolidated PBY-5A Catalina,HK-811,Aeropesca Colombia,2,near El Encanto,, ,A1
19651107-0,07-NOV-1965,Lockheed P2V-5 Neptune,0414/2-P-107,Argentine Navy,11,near Terra de Are...,, ,A1
19651108-1,08-NOV-1965,Douglas C-47 (DC-3),HK-1202,Taxi Aéreo Opita - TAO,26,Canón del Pa...,, ,A1
19651108-2,08-NOV-1965,Douglas C-54D (DC-4),N-605,Danish AF,0,near Hesselø [Kat...,, ,A1
19651108-3,08-NOV-1965,Boeing 727-23,N1996,American Airlines,58,near Cincinnati-G...,,,A1
19651109-0,09-NOV-1965,Douglas C-47A (DC-3),N52,FAA,0,"Coraopolis, PA",, ,A1
19651111-0,11-NOV-1965,Boeing 727-22,N7030U,United Airlines,43,Salt Lake Ci...,,,A1
19651111-1,11-NOV-1965,Tupolev Tu-124V,CCCP-45086,Aeroflot / Northern,32,near Murmansk Air...,, ,A1
19651112-1,12-NOV-1965,Douglas C-47A (DC-3),T.3-39,Spanish AF,,,, ,U1
19651114-0,14-NOV-1965,Learjet 23,N243F,"Flying Tiger Line, op.for Paul Kelly Flying Service",8,near Palm Springs...,, ,A1
19651116-0,16-NOV-1965,Antonov An-2,CCCP-01189,Aeroflot / Yakutsk,,Ust-Maya Air...,, ,A1
19651116-1,16-NOV-1965,Douglas C-47A (DC-3),H-060,Turkish AF,9,near Ankara-Etime...,, ,A1
19651116-2,16-NOV-1965,DH-106 Comet 4B,G-APMF,BEA,0,Malta-Luqa A...,, ,A2
19651117-0,17-NOV-1965,DC-8, ,National Airlines,0,New Orleans-...,, ,H2
19651118-0,18-NOV-1965,Fairchild C-123B Provider,538,Air America,0,Sayaboury Ai...,, ,A1
19651121-0,21-NOV-1965,Fairchild C-123B Provider,55-4530,USAF,0,near Da Nang Airp...,, ,A1
19651123-0,23-NOV-1965,Curtiss C-46R,N1210W,Associated Aviation Ind.,5,near Urrao,, ,A1
19651125-0,25-NOV-1965,Douglas DC-8-54F,N8784R,Trans Caribbean Airways,0,Miami Intern...,, ,O1
19651126-0,26-NOV-1965,Vickers 806 Viscount,G-APEY,BEA,0,Jersey-State...,, ,A2
19651126-1,26-NOV-1965,Vickers 953 Vanguard,G-APEL,BEA,0,Belfast Inte...,, ,A2
19651127-0,27-NOV-1965,Douglas DC-3A,N485,Edde Airlines,13,near Salt Lake Ci...,, ,A1
19651129-0,29-NOV-1965,Fairchild C-123K Provider,54-651,USAF,0,South Vietnam,,,C1
19651204-0,04-DEC-1965,Boeing 707-131B,N748TW,TWA,0,"New York, NY",, ,A2
19651204-1,04-DEC-1965,Lockheed L-1049C Super Constellatio,N6218C,Eastern Air Lines,4,"North Salem, NY",, ,A1
19651205-0,05-DEC-1965,Douglas LC-47H,17107,US Navy,0,Horlick Moun...,, ,A1
19651207-1,07-DEC-1965,Douglas C-47A (DC-3),EC-ARZ,Spantax,32,El Ortigal d...,,,A1
19651207-2,07-DEC-1965,Curtiss C-46A,LV-JMC,Aerolineas Carreras,7,near Panama City-...,, ,A1
19651208-0,08-DEC-1965,Lockheed C-130A Hercules,56-0502,USAF,0,Chu Lai Air ...,,,A1
19651208-1,08-DEC-1965,Avro Shackleton MR.3,XF704,RAF,2,near Forres-Kinlo...,, ,A1
19651210-0,10-DEC-1965,U-1A Otter (DHC-3), ,US Army,1,"near Anchorage, AK",, ,A1
19651210-2,10-DEC-1965,Lockheed P-2H Neptune,147960,US Navy,1,near Brunswick NA...,, ,A1
19651211-0,11-DEC-1965,DH-114 Heron 1B,VQ-FAL,Fiji Airways,0,Ura Airstrip,, ,A1
19651211-1,11-DEC-1965,Fairchild C-123B Provider,56-4376,USAF,85,near Tuy Hoa,, ,A1
19651212-0,12-DEC-1965,Learjet 23,D-IHAQ,private,1,Zürich-Klote...,, ,A1
19651212-1,12-DEC-1965,Lockheed C-130A Hercules,56-0515,USAF,6,Bitburg Air ...,, ,A1
19651215-0,15-DEC-1965,Lockheed L-1049H Super Constellatio,N6914C,Flying Tiger Line,3,"near Alamosa, CO",,,A1
19651215-1,15-DEC-1965,Fairchild C-123J Provider,54-647,Air National Guard,5,near Cape Romanzo...,,,A1
19651215-2,15-DEC-1965,Douglas C-47B (DC-3),T.3-21,Spanish AF,,,, ,U1
19651216-0,16-DEC-1965,Douglas DC-3A,PI-C856,Air Manila Int.,2,near Legaspi Airp...,, ,A1
19651217-0,17-DEC-1965,Douglas C-47B (DC-3),G-AMWX,Skyways Coach Air,0,Le Tréport,, ,A1
19651217-1,17-DEC-1965,Douglas AC-47D,43-49492,USAF,9,between Tan ...,, ,C1
19651219-0,19-DEC-1965,Curtiss C-46A,PP-LDQ,VASP,0,"Salvador, BA",, ,A1
19651220-0,20-DEC-1965,Lockheed C-130E Hercules,62-1843,USAF,5,near Tuy Hoa (TBB),, ,A1
19651223-0,23-DEC-1965,Ilyushin Il-18B,CCCP-75688,Aeroflot / Moscow,0,Magadan,, ,A1
19651224-0,24-DEC-1965,Douglas AC-47D,45-1120,USAF,6,near Ban Solou,, ,A1
19651224-1,24-DEC-1965,Curtiss C-46, ,Unknown,0,near Tuluá,, ,A1
19651225-0,25-DEC-1965,Douglas DC-8-33,JA8006,JAL,0,near San Fransisc...,, ,A2
19651231-1,31-DEC-1965,unknown, ,Aeroflot,1,,, ,H2
19659999-1,??-???-1965,DH-114 Heron 2D,CR802,Ceylon AF,,,, ,U1
19659999-2,??-???-1965,CV-2B Caribou (DHC-4),62-4148,US Army,,Shau Valley,, ,A1
19659999-4,??-???-1965,Ilyushin Il-14T, ,Egyptian AF,,,, ,C1

19650603-0,03-JUN-1965,Boeing KC-135A,63-8042,USAF,5,Roswell-Walk...,, ,A1
19650604-0,04-JUN-1965,Douglas C-47B (DC-3),T-49,Paraguay AF,1,near Pedro Juan C...,, ,A1
19650605-0,05-JUN-1965,Fairchild C-119G Flying Boxcar,51-2680,USAF,10,near Crooked Isla...,, ,A1
19650606-0,06-JUN-1965,Douglas DC-6B,PI-C950,Filipinas Orient Airways,0,Cebu Airport...,, ,A1
19650608-1,08-JUN-1965,CASA 352 (Ju-52),T.2B-230,Spanish AF,3+ 11,near Murcia/Alcan...,, ,A1
19650608-2,08-JUN-1965,CASA 352 (Ju-52),T.2B-229,Spanish AF,11+ 3,near Murcia/Alcan...,, ,A1
19650611-0,11-JUN-1965,Fairchild C-123B Provider,56-4379,USAF,7,near Holloway Field,, ,A1
19650611-2,11-JUN-1965,Douglas C-54A (DC-4),7T-VAC,Air Algérie,,Algiers-Dar ...,, ,U1
19650614-0,14-JUN-1965,Lockheed 18 Lodestar,PT-BIS,Private,0,Manaus/Ponta...,, ,A1
19650614-1,14-JUN-1965,Nord 2501D Noratlas,GB+235,German AF,0,Ahlhorn Air ...,, ,A1
19650615-0,15-JUN-1965,Nord 2501 Noratlas,152,French AF,0,,, ,A1
19650618-0,18-JUN-1965,Grumman HU-16B Albatross,51-5287,USAF,0,near North Vietna...,, ,A1
19650620-0,20-JUN-1965,Vickers VC10-1101,G-ARVK,BOAC,0,near Bristol Channel,, ,A2
19650623-0,23-JUN-1965,Consolidated Canso A,CF-OFJ,Newfoundland & Labrador Forestry Svc,1,Catalina Har...,,,A1
19650625-0,25-JUN-1965,Boeing C-135A,60-0373,USAF,84,near Santa Ana-El...,, ,A1
19650627-0,27-JUN-1965,Fairchild C-123B Provider,54-641,USAF,16,near Saigon,,,C1
19650628-0,28-JUN-1965,Boeing 707-321B,N761PA,Pan Am,0,near San Francisc...,,,A2
19650699-0,??-JUN-1965,Douglas DC-3,SU-AJW,UAA,,Cairo,, ,U1
19650701-0,01-JUL-1965,Boeing 707-124,N70773,Continental Air Lines,0,Kansas City ...,,,A1
19650701-1,01-JUL-1965,Lockheed C-130A Hercules,55-0042,USAF,0,Da Nang Airp...,, ,C1
19650701-2,01-JUL-1965,Lockheed C-130A Hercules,55-0039,USAF,0,Da Nang Airp...,, ,C1
19650703-0,03-JUL-1965,Grumman HU-16B Albatross,51-058,USAF,,Gulf of Tonkin,, ,A1
19650704-0,04-JUL-1965,A.W. AW-650 Argosy 222,G-ASXL,BEA,0,near Piacenza,, ,A1
19650706-0,06-JUL-1965,Douglas C-47 (DC-3),6V-AAA,Air Mauritanie,0,Nouakchott A...,, ,A1
19650706-1,06-JUL-1965,Handley Page Hastings C.1A,TG577,RAF,41,Little Baldon,, ,A1
19650707-0,07-JUL-1965,Antonov An-12, ,Soviet AF,30,Cairo,, ,A1
19650708-0,08-JUL-1965,Douglas DC-6B,CF-CUQ,Canadian Pacific,52,near 100 Mile Hou...,,,C1
19650709-0,09-JUL-1965,Bristol 175 Britannia 302,XA-MEC,Aeronaves de México,0,Tijuana Airp...,, ,A1
19650711-0,11-JUL-1965,Lockheed EC-121H Super Constellatio,55-0136,USAF,16,"near Nantucket, M...",, ,A1
19650711-1,11-JUL-1965,Avro 748-101 Srs. 1,G-ARMV,Skyways Coach Air,0,Ashford-Lymp...,, ,A1
19650713-0,13-JUL-1965,Douglas VC-47D (DC-3),43-49026,USAF,,,, ,A1
19650717-0,17-JUL-1965,Lockheed P2V-7 Neptune,4614,Japanese Navy,11,near Choushi,, ,A1
19650720-0,20-JUL-1965,Vickers 701 Viscount,G-AMOL,Cambrian Airways,2+ 2,near Liverpool In...,,,A1
19650721-0,21-JUL-1965,Antonov An-2,CCCP-01201,Aeroflot / Far East,1,near Gorny,, ,A1
19650723-0,23-JUL-1965,Convair CV-440,N8415H,Allegheny Airlines,0,near Montoursvill...,, ,A1
19650725-0,25-JUL-1965,Douglas C-47A (DC-3), ,Philippine AF,36,within Philippines,, ,A1
19650727-0,27-JUL-1965,Lockheed P-3A Orion,151380,US Navy,4,Bermuda-Kind...,, ,A1
19650729-0,29-JUL-1965,Fairchild C-82A Packet,N4834V,private,0,"near Lerma, Campeche",, ,A1
19650802-0,02-AUG-1965,Vickers 610 Viking 1B,G-AHPL,Invicta Int. Airways,0,Manston Airp...,,,A1
19650804-2,04-AUG-1965,Douglas C-54D (DC-4),OB-R-769,Rutas Internacionales,7,near Panama City-...,, ,A1
19650812-0,12-AUG-1965,Curtiss C-46A,PP-BTH,Paraense Transportes Aéreos,13,near Barra do Bug...,,,A1
19650816-0,16-AUG-1965,Boeing 727-22,N7036U,United Airlines,30,Lake Michiga...,, ,A1
19650816-1,16-AUG-1965,Morane Saulnier (FMA) MS.760 Paris ,E-228,Argentine AF,1,"El Pucu, FO",, ,A1
19650818-0,18-AUG-1965,Lockheed C-130B Hercules,12648,Pakistan AF,,,, ,A1
19650819-0,19-AUG-1965,DHC-3 Otter,BM-1002,Indian AF,,near Poonch,, ,A1
19650820-0,20-AUG-1965,Convair CV-240-0,PP-CFD,Cruzeiro do Sul,0,Rio de Janei...,, ,A1
19650820-1,20-AUG-1965,Lockheed EC-121M Super Constellatio,135747,US Navy,0,Atsugi NAS (...,, ,A1
19650820-2,20-AUG-1965,Vickers 804 Viscount,SP-LVA,LOT,4,Jeuk,,,A1
19650824-0,24-AUG-1965,Lockheed KC-130F Hercules,149802,USMC,59,Hong Kong-Ka...,, ,A1
19650825-0,25-AUG-1965,Antonov An-2R,CCCP-05856,Aeroflot / Lithuania,1,near ilale,, ,A1
19650828-0,28-AUG-1965,Douglas DC-3A-367,PP-AJE,T.A. Catarinense,0,Carauari Air...,, ,A1
19650828-1,28-AUG-1965,Douglas C-47 (DC-3), ,USAF,14,near Cali,, ,A1
19650829-1,29-AUG-1965,Douglas C-47 (DC-3),FAC-655,Colombian AF,0,near Cali Airport...,, ,A2
19650831-0,31-AUG-1965,Douglas DC-3, ,Hawaiian Airlines,0,,, ,H2
19650904-0,04-SEP-1965,Consolidated PBY-5A Catalina,34039,French Navy,0,"Hikuera, Pap...",, ,O1
19650905-0,05-SEP-1965,Antonov An-2V,CCCP-98320,Aeroflot / Northern,1,near Loukhi,, ,A1
19650906-0,06-SEP-1965,Fairchild C-119G Flying Boxcar, ,Indian AF,0,Pathankot,, ,C1
19650906-1,06-SEP-1965,Douglas HC-47A,42-92916,USAF,,Bien Hoa Air...,, ,A1
19650907-0,07-SEP-1965,Douglas DC-3, ,Indian Airlines,0,Srinagar Air...,, ,C1
19650907-1,07-SEP-1965,Douglas C-47 (DC-3), ,Indian AF,,Srinagar Air...,, ,C1
19650907-3,07-SEP-1965,Lockheed PV-2 Harpoon,N7671C,Micronesian Airlines,2,near Hayward Muni...,, ,A1
19650908-0,08-SEP-1965,CC-108 Caribou (DHC-4),5324,RCAF,0,Srinagar Air...,, ,C1
19650910-0,10-SEP-1965,Douglas C-47A (DC-3),N272R,Central American Airways,0,near Louisville-B...,, ,A2
19650910-1,10-SEP-1965,Fairchild C-119G Flying Boxcar, ,Indian AF,0,Baghdogra,, ,C1
19650911-1,11-SEP-1965,Douglas DC-3A-197,PI-C942,Filipinas Orient Airways,10,Mt Kantakan,, ,A1
19650911-2,11-SEP-1965,Antonov An-12,CCCP-11337,Aeroflot / Polar,8,near Ulan-Ude Air...,, ,A1
19650913-0,13-SEP-1965,Curtiss C-46D,N5132B,Zantop,0,"Dover AFB, D...",, ,A1
19650913-1,13-SEP-1965,Convair CV-880,N820TW,TWA,0,Kansas City ...,, ,A1
19650914-0,14-SEP-1965,Douglas C-47A (DC-3),ET-ABI,Ethiopian Airlines,17,Gore Airport...,, ,A1
19650914-1,14-SEP-1965,Fairchild C-119G Flying Boxcar, ,Indian AF,0,Barrackpore ...,, ,C1
19650914-2,14-SEP-1965,Douglas C-47 (DC-3), ,Indian AF,,Pathankot,, ,C1
19650914-3,14-SEP-1965,Douglas C-47 (DC-3), ,Indian AF,,Jamnagar-Gov...,, ,C1
19650914-4,14-SEP-1965,Douglas C-47 (DC-3), ,Indian AF,,Jammu-Satwar...,, ,C1
19650914-5,14-SEP-1965,Douglas C-47 (DC-3), ,Indian AF,,Barrackpore ...,, ,C1
19650916-0,16-SEP-1965,Douglas C-47A (DC-3),XV-NIC,Air Vietnam,39,near Quang-Ngai,, ,C1
19650916-1,16-SEP-1965,Douglas C-47B (DC-3),HC-AFQ,TAO,9,near Pastaza Airp...,, ,A1
19650916-2,16-SEP-1965,Lockheed C-130B Hercules,T-1306,Indonesian AF,0,"near Long Bawan, ...",, ,C1
19650917-0,17-SEP-1965,Boeing 707-121B,N708PA,Pan Am,30,Chances Peak,,,A1
19650918-0,18-SEP-1965,Lockheed C-130A Hercules,55-0038,USAF,4,near Qui Nhon Air...,, ,A1
19650920-0,20-SEP-1965,Lockheed L-1049E Super Constellatio,N9719C,American Flyers,0,"Ardmore, OK",, ,A1
19650925-0,25-SEP-1965,DHC-3 Otter,PK-PHA,Pelita Air Service,,,, ,U1
19651003-0,03-OCT-1965,Fairchild C-123B Provider,N5003X,Air America,1,Long Tieng,, ,A1
19651004-0,04-OCT-1965,Curtiss C-46A,HK-613,SEA Colombia,4,near Cúcuta,, ,A1
19651004-2,04-OCT-1965,Douglas C-47A (DC-3),42-108957,USAF,,unknown,, ,A1
19651006-0,06-OCT-1965,Douglas LC-47H,17239,US Navy,0,near McMurdo Stat...,, ,A1
19651008-0,08-OCT-1965,Fokker F-27 Friendship 200,AP-ATT,PIA,4,near Patian,, ,A1
19651010-0,10-OCT-1965,Bristol 175 Britannia 312,G-AOVB,British Eagle,0,Gan RAF Stat...,,,A2
19651011-0,11-OCT-1965,Douglas C-124C Globemaster II,53-010,USAF,0,Dayton-Patte...,,,O1
19651011-1,11-OCT-1965,Fairchild F-27, ,Aloha Airlines,0,,, ,H2
19651014-0,14-OCT-1965,A.W. AW-650 Argosy 101,N601Z,Zantop,0,"near Pique, OH",, ,A1
19651016-0,16-OCT-1965,Douglas DC-7B,N824D,Eastern Air Lines,0,Charlotte-Do...,, ,A1
19651017-1,17-OCT-1965,Douglas DC-3 Hiper,HK-118,Avianca,15,near Bucaramanga-...,, ,A1
19651017-2,17-OCT-1965,Douglas C-47A (DC-3),VT-AUQ,Kalinga Airlines,8,near Mohanbari,, ,A1
19651017-3,17-OCT-1965,Douglas DC-6,N37519,United Airlines,0,Huntsville-M...,, ,A1
19651018-0,18-OCT-1965,Boeing S.307B-1 Stratoliner,F-BELV,"CITCA, op.for ICSC",13,near Hanoi,,,C1
19651020-0,20-OCT-1965,Douglas C-47A (DC-3),PI-C144,Philippine Air Lines,1,near Manila Airpo...,, ,A1
19651021-0,21-OCT-1965,Learjet 23,N804LJ,Lear Jet,2,"near Jackson, MI",, ,A1
19651022-0,22-OCT-1965,Fairchild C-119G Flying Boxcar,CP-19/OT-CAS,Belgian AF,8,Veckerhagen,, ,A1
19651023-1,23-OCT-1965,Curtiss C-46A,PP-BTI,Paraense Transportes Aéreos,,"near Vilhena, RO",, ,A1
19651023-2,23-OCT-1965,Curtiss C-46A,CB-45,Frigorífico Cooperativo Los Andes,,La Paz,, ,A1

19650102-0,02-JAN-1965,Lisunov Li-2,CCCP-63842,Aeroflot / Turkmenistan,24,near Darvaza Airport,, ,A1
19650104-0,04-JAN-1965,Boeing KC-135A,61-0265,USAF,4,near Limestone-Lo...,, ,A1
19650104-1,04-JAN-1965,Ilyushin Il-18B,CCCP-75685,Aeroflot / Kazakstan,64,Alma-Ata Air...,, ,A1
19650109-0,09-JAN-1965,DHC-3 Otter,PK-PHB,Pelita Air Service,,,, ,U1
19650111-0,11-JAN-1965,Lockheed C-130B Hercules,58-0719,USAF,0,Topeka-Forbe...,, ,A1
19650111-1,11-JAN-1965,Lockheed C-130B Hercules,58-0730,USAF,0,Topeka-Forbe...,, ,O1
19650111-2,11-JAN-1965,Douglas C-133A Cargomaster,54-0140,USAF,6,near Wake Island ...,, ,A1
19650111-3,11-JAN-1965,Douglas LC-47J,50778,US Navy,0,Shackleton G...,, ,A1
19650114-0,14-JAN-1965,Lockheed 18 Learstar I,N512V,Burroughs Corp.,2,Detroit-Will...,, ,A1
19650114-1,14-JAN-1965,Douglas C-47B (DC-3),CBK-04,Turkish AF,1,Istanbul-Yes...,, ,U1
19650115-0,15-JAN-1965,Douglas C-47B (DC-3),PP-SPU,VASP,,Santa Isabel...,, ,A1
19650116-0,16-JAN-1965,Boeing KC-135A,57-1442,USAF,7+ 22,near Wichita-McCo...,, ,A1
19650116-1,16-JAN-1965,Fairchild C-82A Packet,N208M,Interior Airways,0,"near Beaver, Yuko...",, ,A1
19650121-0,21-JAN-1965,Douglas C-47A (DC-3),42-108889,USAF,,unknown,, ,A1
19650121-2,21-JAN-1965,Douglas C-53 (DC-3),PI-C945,Filipinas Orient Airways,0,San Jose Air...,, ,A1
19650122-0,22-JAN-1965,Douglas C-53-DO (DC-3),PP-PEE,Panair do Brasil,,"Porto Velho, RO",, ,A1
19650122-1,22-JAN-1965,Douglas C-124C Globemaster II,52-1058,USAF,10,Mount Helmos,,,A1
19650123-0,23-JAN-1965,Lockheed SP-2H Neptune,212,Dutch Navy,2,near Katwijk,, ,A1
19650202-0,02-FEB-1965,Antonov An-2R,CCCP-45218,Aeroflot / Belarus,,,, ,A1
19650202-1,02-FEB-1965,Douglas C-47D (DC-3),45-938,USAF,,,, ,A1
19650203-0,03-FEB-1965,Curtiss C-46A,F-OAFI,Air Cameroun,4,Garoua,, ,A1
19650205-0,05-FEB-1965,Antonov An-2,CCCP-07914,Krasnokutske Flight School,8,near Goretskoye A...,, ,A1
19650205-2,05-FEB-1965,Douglas TC-47D (DC-3),43-49903,USAF,,Far East,, ,A1
19650206-0,06-FEB-1965,Douglas DC-6B,CC-CCG,LAN Chile,87,near San José Vol...,, ,A1
19650208-0,08-FEB-1965,Douglas DC-7B,N849D,Eastern Air Lines,84,"near Jones Beach, NY",, ,A1
19650208-1,08-FEB-1965,Douglas DC-7C,SE-CCC,SAS,0,Tenerife-Los...,,,A1
19650208-2,08-FEB-1965,Vickers 635 Viking 1B,F-BJEQ,Airnautic,0,Calvi Airpor...,, ,A1
19650212-0,12-FEB-1965,Grumman G-73 Mallard,N2940,Jack Adams Aircraft Sales,0,"Lake Hefner, OK",, ,A2
19650213-0,13-FEB-1965,Curtiss C-46A,YS-012C,AESA,2,"Miami, FL",, ,A1
19650214-0,14-FEB-1965,Douglas DC-3 (R4D-1),JA5080,All Nippon,2,Mount Nakanoone,, ,A1
19650215-1,15-FEB-1965,Vickers 782D Viscount,EP-AHC,Iran Air,0,Isfahan Airp...,, ,A1
19650217-0,17-FEB-1965,Douglas Dakota IV (DC-3),G-ANTD,BMA,0,Leeds/Bradfo...,,,A2
19650220-1,20-FEB-1965,Douglas C-47A (DC-3),YU-ACB,JAT,5,near Belgrade,, ,A1
19650225-0,25-FEB-1965,Ilyushin Il-62,CCCP-06156,Ilyushin,10,Moskva-Zhuko...,, ,A1
19650226-0,26-FEB-1965,Boeing KC-135A,63-8882,USAF,4,"near Cape Race, N...",, ,A1
19650227-0,27-FEB-1965,Convair CV-880,JA8023,JAL,0,Iki Airport ...,,,A1
19650303-0,03-MAR-1965,Vickers 701C Viscount,PP-SRQ,VASP,0,Rio de Janei...,, ,A1
19650303-1,03-MAR-1965,Douglas Dakota 4 (DC-3),G-AMHJ,Morton Air Services,0,Zürich-Klote...,, ,A2
19650304-0,04-MAR-1965,Vickers Varsity T.1,WL680,RAF,0,near Louth,, ,A1
19650305-0,05-MAR-1965,Lockheed 18 Lodestar,N600N,Pine Paper Products Co.,2,Philipsburg-...,, ,A1
19650305-1,05-MAR-1965,Lockheed 18 Learstar I,N300N,Fruehauf,2,Miami Intern...,, ,A1
19650305-2,05-MAR-1965,Grumman HU-16B Albatross,1264,Thai Navy,11,Luang Sun Mo...,, ,A1
19650306-0,06-MAR-1965,DHC-4A Caribou,A4-202,RAAF,0,Porgera Airp...,, ,A1
19650307-0,07-MAR-1965,Vickers 802 Viscount,G-AOHT,BEA,0,London-Heath...,, ,A2
19650308-0,08-MAR-1965,Douglas DC-3A,PI-C948,Filipinas Orient Airways,10,Mt Tangcong ...,, ,A1
19650308-1,08-MAR-1965,Tupolev Tu-124V,CCCP-45028,Aeroflot / Privolzhsk,30,near Kuybyshev Ai...,, ,A1
19650308-2,08-MAR-1965,Ilyushin Il-18B,CCCP-75690,Aeroflot / Kyrgyzstan,0,Frunze Airpo...,, ,A2
19650311-0,11-MAR-1965,Douglas C-47 (DC-3),HK-153,Avianca,0,Bucaramanga-...,, ,A1
19650313-0,13-MAR-1965,Douglas C-47A (DC-3),43-16072,USAF,,unknown,, ,A1
19650316-0,16-MAR-1965,Douglas C-47A (DC-3),CF-PQG,Canadian DoT,0,Lourdes-de-B...,, ,A1
19650317-1,17-MAR-1965,Fokker F-27 Friendship 200,VH-FNH,Ansett-ANA,0,Launceston A...,, ,A1
19650317-2,17-MAR-1965,Handley Page HPR-7 Herald 202,CF-NAF,Eastern Provincial Airways,8,Upper Musquo...,,,A1
19650318-0,18-MAR-1965,Curtiss C-46F,OB-R-577,SATCO,9,Cerro Saguan...,, ,A1
19650318-1,18-MAR-1965,Douglas C-47A (DC-3),N4997E,Miami Aviation,2,"near Waterville, NL",, ,A1
19650319-1,19-MAR-1965,Vickers 773 Viscount,YI-ACU,Iraqi Airways,0,Cairo Intern...,, ,A1
19650320-0,20-MAR-1965,Antonov An-24,CCCP-46764,Aeroflot / Uralsk,43,Khanty-Mansi...,, ,A1
19650321-0,21-MAR-1965,Hawker Siddeley HS-748,G-ATAM,BKS Air Transport,0,Leeds/Bradfo...,, ,A2
19650322-1,22-MAR-1965,Douglas C-47 (DC-3),HK-109,Avianca,29,Pan de Azuca...,, ,A1
19650323-0,23-MAR-1965,Canadair CP-107 Argus Mk.2,20727,RCAF,16,near Puerto Rico,, ,A1
19650324-0,24-MAR-1965,Curtiss C-46D,PP-BTP,Paraense Transportes Aéreos,0,Rio Branco A...,, ,A1
19650324-1,24-MAR-1965,Douglas C-124C Globemaster II,52-1075,USAF,6,"near Cordova, MD",, ,A1
19650325-0,25-MAR-1965,T-39A Sabreliner,62-4458,USAF,2,near Angeles City...,, ,A1
19650325-1,25-MAR-1965,Lockheed C-130E Hercules,63-7797,USAF,7,Alençon,, ,A1
19650325-2,25-MAR-1965,Douglas C-47 (DC-3), ,USAF,5,near Angeles City...,, ,A1
19650325-3,25-MAR-1965,Hawker Siddeley HS-748,G-ASPL,BKS Air Transport,0,Leeds/Bradfo...,,,A2
19650325-4,25-MAR-1965,Douglas Dakota 4 (DC-3),G-AMSH,BKS Air Transport,0,near Leeds/Bradfo...,, ,A2
19650326-0,26-MAR-1965,Douglas C-47B (DC-3),VR-AAA,Aden Airways,0,Hadibo,, ,A1
19650326-1,26-MAR-1965,Douglas C-47A (DC-3),AP-AAH,PIA,22,near Lowery Pass,, ,A1
19650327-0,27-MAR-1965,Lockheed L-188C Electra,ZK-TEC,TEAL,0,Whenuapai Ai...,,,A1
19650328-0,28-MAR-1965,Fairchild C-123B Provider,57-6292,USAF,0,Da Nang Air ...,, ,A1
19650331-0,31-MAR-1965,Convair CV-440-62,EC-ATH,Iberia,50,near Tangier Airp...,, ,A1
19650401-0,01-APR-1965,Douglas C-47 (DC-3),VH-ANJ,Victorian Air Coach Services,0,Warrnambool ...,, ,A2
19650403-0,03-APR-1965,Douglas C-47A (DC-3),CF-FAJ,Eastern Provincial Airways,,Saint Pierre...,, ,U1
19650405-0,05-APR-1965,DHC-3 Otter,IM-1727,Indian AF,4,near Tezpur,, ,A1
19650406-0,06-APR-1965,Douglas C-47 (DC-3),N150A,private,0,near Andros Island,, ,A1
19650410-0,10-APR-1965,Handley Page HPR-7 Herald 207,JY-ACQ,Alia,54,near Damascus,, ,A1
19650410-1,10-APR-1965,Consolidated PBY-6A Catalina,N6455C,Liston Aircraft,2,near Klamath Fall...,, ,A1
19650414-0,14-APR-1965,Douglas C-47B (DC-3),G-ANTB,BUA,26,near Jersey-State...,, ,A1
19650414-1,14-APR-1965,Douglas C-47 (DC-3),HJ218,Indian AF,9,Nagaland,, ,A1
19650415-0,15-APR-1965,Vickers 639 Viking 1,G-AHOY,Invicta Int. Airways,0,Manston Airp...,, ,A2
19650416-1,16-APR-1965,Fairchild F-27F,N757L,Bonanza Air Lines,0,Las Vegas-Mc...,, ,A1
19650423-2,23-APR-1965,Douglas DC-6A,N6541C,Aaxico Airlines,5,"Mt Rainier, WA",, ,A1
19650424-0,24-APR-1965,Lockheed C-130A Hercules,57-0475,USAF,6,near Korat AFB,, ,A1
19650428-0,28-APR-1965,Lockheed EC-121K Super Constellatio,141321,US Navy,0+ 1,Keflavík Int...,, ,O1
19650429-0,29-APR-1965,Grumman C-2A Greyhound,148147,US Navy,4,Long Island ...,, ,A1
19650503-0,03-MAY-1965,Nord 2501 Noratlas,190/F-RABV,French AF,5,near Blond,, ,A1
19650505-0,05-MAY-1965,Lockheed L-1049G Super Constellatio,EC-AIN,Iberia,30,Tenerife-Los...,,,A1
19650510-0,10-MAY-1965,Douglas DC-6A,N6579C,Aaxico Airlines,0,near Knobnoster-W...,, ,A1
19650512-0,12-MAY-1965,MBB HFB-320 Hansa Jet,D-CHFB,HFB,1,near Madrid-Torre...,, ,A1
19650512-1,12-MAY-1965,Fairchild C-123B Provider,55-4516,USAF,0,Hon Quan,, ,A1
19650512-2,12-MAY-1965,Douglas C-47A (DC-3),965,Chilean AF,0,near Mendoza-El P...,, ,A1
19650513-0,13-MAY-1965,Nord 2501D Noratlas,GB+239,German AF,0,near Hopsten AB,, ,A2
19650516-0,16-MAY-1965,CV-2B Caribou (DHC-4),62-4164,US Army,0,Tra My,, ,A1
19650516-1,16-MAY-1965,Boeing 707-436,G-APFL,BOAC,0,Tehran-Mehra...,, ,A2
19650519-0,19-MAY-1965,Douglas C-47 (DC-3),YV-C-LBO,LEBCA,0,near Angel Falls,, ,A1
19650520-0,20-MAY-1965,Boeing 720-040B,AP-AMH,PIA,121,near Cairo Intern...,,,A1
19650529-0,29-MAY-1965,Douglas C-47A (DC-3),N91016,Reeve Aleutian Airways,0,Nikolski Air...,,,A1
19650529-1,29-MAY-1965,Convair CV-240-1,JA5088,Japan Domestic Airlines,0,Obihiro Airp...,, ,A1
19650529-2,29-MAY-1965,Douglas Dakota IV (DC-3),KJ955,RAF,0,Aden-Khormak...,, ,C1
19650601-0,01-JUN-1965,Lockheed P2V-7 Neptune,4657,Japanese Navy,,,, ,U1
