identifiant,date,type,registration,operator,fat.,location, ,pic,cat

19230113-0,13-JAN-1923,Aeromarine 75, ,Aeromarine Airways,4,"near Havana, Cuba",, ,A1
19230514-0,14-MAY-1923,Farman F.60 Goliath,F-AEBY,Air Union,6,"Monsures, Somme",, ,A1
19230625-0,25-JUN-1923,Farman F.60 Goliath,F-AEDL,Air Union,,near Étaples,, ,A1
19230710-0,10-JUL-1923,Handley Page W.8,G-EAPJ,Handley Page Transport,0,Poix,, ,A1
19230715-0,15-JUL-1923,Farman F.60 Goliath,F-AEEE,Compagnie Aérienne Française,,near Valenciennes,, ,A1
19230827-0,27-AUG-1923,Farman F.60 Goliath,F-AECB,Air Union,1,East Malling...,, ,A1
19231203-0,03-DEC-1923,Farman F.60 Goliath,F-AEIF,Air Union,,"Littlestone,...",, ,A1
19239999-0,??-???-1923,Aeromarine 75, ,Aeromarine Airways,0,Havana harbour,, ,O1
