identifiant,date,type,registration,operator,fat.,location, ,pic,cat

19510508-1,08-MAY-1951,Vickers 639 Viking 1,G-AHPD,Hunting Air Travel,0,near Bordeaux-Mér...,, ,A1
19510509-0,09-MAY-1951,Douglas R4D-5 (DC-3),17114,US Navy,2,Patuxent Riv...,, ,A1
19510509-1,09-MAY-1951,Junkers Ju-52/3m,T.2-93,Spanish AF,4,near Monterroso (...,, ,A1
19510511-0,11-MAY-1951,Douglas VC-47D (DC-3),43-49266,USAF,2,near Spokane-Felt...,, ,A1
19510512-0,12-MAY-1951,Amiot AAC.1 (Ju-52),F-BDYE,Air Fret Transimax,3,Rovigo,, ,A1
19510514-0,14-MAY-1951,Douglas C-47A (DC-3),KG430,RCAF,4,near Goose Bay Ai...,, ,A1
19510515-0,15-MAY-1951,Douglas C-47A (DC-3),PP-LPC,L.A. Paulistas,0,near Maceió Airpo...,, ,A1
19510515-1,15-MAY-1951,Douglas C-47A (DC-3),42-93720,USAF,,Giebelstadt ...,, ,A1
19510518-0,18-MAY-1951,Douglas C-47B (DC-3),PP-SPL,VASP,7,"near Rancharia, SP",, ,A1
19510519-0,19-MAY-1951,Lockheed P2V-2 Neptune,39351,US Navy,0,"Kodiak NAS, ...",, ,A1
19510523-0,23-MAY-1951,Douglas C-124A Globemaster II,49-232,USAF,7,"near New Lisbon, IN",, ,A1
19510524-0,24-MAY-1951,Fairchild C-119C Flying Boxcar,49-153,USAF,0,near Atsugi,, ,A1
19510527-0,27-MAY-1951,Douglas C-47D,49-2612,Hellenic AF,5,near Daegu Air Base,, ,A1
19510530-0,30-MAY-1951,Douglas R5D-3 (DC-4),56513,US Navy,5,near Busan (Pusan...,, ,A1
19510530-1,30-MAY-1951,Vickers Valetta C.1,VX544,RAF,0,Aqaba Airpor...,, ,A1
19510531-0,31-MAY-1951,Douglas C-47B (DC-3),43-48954,USAF,,"Griffin, GA",, ,A1
19510599-0,??-MAY-1951,DH.86B Express,G-ADUH,Gulf Aviation,,Bahrain,,,A1
19510602-0,02-JUN-1951,PBV-1A Canso A (PBY-5A),PP-AGC,Aero Geral,2,"Palame, BA",, ,A1
19510603-0,03-JUN-1951,Douglas C-47A (DC-3),LV-AGE,Aerolineas Argentinas,0,Puerto Desea...,, ,A2
19510603-1,03-JUN-1951,Fairchild C-119C Flying Boxcar,49-123,USAF,6,near Inje,, ,C1
19510603-2,03-JUN-1951,Fairchild C-119B Flying Boxcar,48-350,USAF,4,near Inje,, ,C1
19510603-3,03-JUN-1951,Fairchild C-82A Packet,45-57761,USAF,8,"near New Boston, TX",, ,A1
19510604-0,04-JUN-1951,Fairchild C-119C Flying Boxcar,49-192,USAF,4,"near Jackson, TN",, ,A1
19510606-0,06-JUN-1951,Douglas DC-3D,PP-NAL,L.A. Transcontinental Brasileira,2,"Gramacho, Ri...",, ,A1
19510606-1,06-JUN-1951,Boeing C-97A,48-398,USAF,9,near San Antonio-...,, ,A1
19510608-0,08-JUN-1951,Douglas C-47A (DC-3),YU-ABE,JAT,0,Wittelsbach,, ,A1
19510610-0,10-JUN-1951,Short S.25 Sandringham 4,VH-EBW,Qantas,0,Port Vila,, ,O1
19510613-0,13-JUN-1951,Douglas C-47A (DC-3),HK-504,SAM,2+ 1,near Medellín-Enr...,, ,A1
19510614-0,14-JUN-1951,Lockheed P2V-2 Neptune,122453,US Navy,7,near Flemings Isl...,, ,A1
19510614-1,14-JUN-1951,Martin PBM-5 Mariner,85148,US Navy,3,Manila Bay,, ,A1
19510615-0,15-JUN-1951,Lockheed P2V-4 Neptune,124253,US Navy,1,"Kodiak NAS, ...",, ,A1
19510616-0,16-JUN-1951,Antonov An-2,CCCP-H986,Dalstroi Aviation,0,near Omsukchan,, ,A1
19510617-0,17-JUN-1951,Douglas C-47A (DC-3),43-15600,USAF,0,Bellevue-Off...,, ,A1
19510621-0,21-JUN-1951,Douglas C-47B (DC-3),LV-ADG,Aerolineas Argentinas,0+ 2,Puerto Desea...,, ,A2
19510622-0,22-JUN-1951,Lockheed L-049 Constellation,N88846,Pan Am,40,near Sanoyea,,,A1
19510622-1,22-JUN-1951,Douglas C-47D (DC-3),43-48416,USAF,,Spokane-Fair...,, ,A1
19510624-0,24-JUN-1951,Vickers Valetta C.1,VX498,RAF,0,Choma Airpor...,,,A1
19510626-1,26-JUN-1951,CASA 352 (Ju-52),T.2-114,Spanish AF,8,near Morón de la ...,, ,A1
19510627-0,27-JUN-1951,Douglas C-47 (DC-3),PP-CCK,Cruzeiro do Sul,0,near Trinidad,, ,A1
19510627-1,27-JUN-1951,Breguet 730, ,French Navy,7,Kentira,, ,A1
19510629-0,29-JUN-1951,Amiot AAC.1 (Ju-52),YU-ACE,JAT,14,near Rijeka,, ,A1
19510629-1,29-JUN-1951,Grumman G-73 Mallard,N2949,General Tire & Rubber Co.,1,Geneva-on-th...,, ,A2
19510630-0,30-JUN-1951,Douglas DC-6,N37543,United Airlines,50,near Fort Collins...,,,A1
19510701-0,01-JUL-1951,Douglas C-47A (DC-3),43-15144,USAF,5,near Fort Dix-McG...,, ,A1
19510708-0,08-JUL-1951,Douglas C-47D,44-77269,USAF,,Chinhae Air ...,, ,A1
19510709-0,09-JUL-1951,Douglas C-47 (DC-3),HK-126,Avianca,0,Barranquilla...,, ,A1
19510709-2,09-JUL-1951,Douglas C-47D (DC-3),44-76651,USAF,,Pohang (K-3)...,, ,A1
19510711-0,11-JUL-1951,Lockheed 18 Lodestar,CF-ETC,private,0,Montreal-Dor...,, ,A1
19510712-0,12-JUL-1951,Douglas C-47B (DC-3),PP-LPG,"L.A. Paulistas, op.for Loide Aéreo Nacional",33,near Aracaju Airp...,, ,A1
19510712-1,12-JUL-1951,Douglas C-47B (DC-3),VT-CHT,Indamer,3,near Tezpur,, ,A1
19510712-2,12-JUL-1951,Vickers Valetta C.1,VW194,RAF,10,near Lyneham-RAF ...,, ,A1
19510712-3,12-JUL-1951,Douglas C-47B (DC-3),980/F-RAMM,French AF,8,Dakar-Ouakam...,, ,A1
19510713-0,13-JUL-1951,Douglas C-54B (DC-4),HS-POA,Siamese Airways,0,Bangkok Inte...,, ,A1
19510714-0,14-JUL-1951,Lockheed 14-H Super Electra,SE-BTN,Airtaco,4,Stockholm-Br...,, ,A1
19510715-0,15-JUL-1951,Fairchild C-119B Flying Boxcar,48-342,USAF,0,"near El Paso, TX",, ,A1
19510717-0,17-JUL-1951,Vickers Valetta C.1,VW824,RAF,0,Fayid RAF St...,, ,A1
19510718-0,18-JUL-1951,Douglas C-54A (DC-4),F-BDRI,TAI,0,near Antananarivo...,, ,A1
19510719-0,19-JUL-1951,Lockheed L-749A Constellation,N119A,Eastern Air Lines,0,Curles Neck ...,,,A2
19510720-0,20-JUL-1951,Douglas C-47A (DC-3),F-OABX,CATI,5,near Saigon-Tan S...,, ,A1
19510721-0,21-JUL-1951,Douglas DC-4,CF-CPC,Canadian Pacific,37,"near Sitka, AK",, ,A1
19510724-0,24-JUL-1951,Douglas DC-3-455,OO-CBA,Sabena,3,near Gao Airport ...,, ,A1
19510726-1,26-JUL-1951,Amiot AAC.1 (Ju-52),F-BBYF,Autrex,,Lao Kay,, ,A1
19510727-0,27-JUL-1951,CANT Z.506S,MM45497,Sottocentro Soccorso Cadimare,0,near Isola di Pal...,, ,A1
19510727-1,27-JUL-1951,Bristol 170 Freighter 21E,VR-NAX,West African Airways,0,near Kaduna Airpo...,, ,A1
19510729-0,29-JUL-1951,Curtiss C-46A,CB-39,Loide Aéreo Nacional,7,near Cochabamba-J...,, ,A1
19510802-0,02-AUG-1951,Douglas C-47B (DC-3),349667/FRBFL,French AF,6,near Saigon-Tan S...,, ,A1
19510807-0,07-AUG-1951,Douglas C-47A (DC-3),2028,Brazilian AF,4,"Guaratiba, RJ",, ,A1
19510808-0,08-AUG-1951,Douglas C-47A (DC-3),VH-TAT,TAA,2,"Barilla Bay,...",, ,A1
19510808-1,08-AUG-1951,Curtiss C-46F,N74176,"Pan Am, lsf USAF",0,São Paulo-Co...,, ,A1
19510811-0,11-AUG-1951,Curtiss C-46F,N3908B,"All American Airways, lsf USAF",0,Newark Inter...,, ,A1
19510811-1,11-AUG-1951,Douglas DC-3D,F-BAXB,Air France,5,Moisville,, ,A1
19510811-2,11-AUG-1951,Douglas C-47D (DC-3),43-49561,USAF,,,, ,A1
19510812-0,12-AUG-1951,Avro Shackleton MR.1,VP283,RAF,0,near Gibraltar-No...,, ,A1
19510812-1,12-AUG-1951,Lisunov Li-2,CCCP-L4314,Aeroflot / Yakutsk,2,near Vilyuisk Air...,, ,A1
19510816-0,16-AUG-1951,Fairchild C-82A Packet,45-57796,USAF,0,Frankfurt Rh...,, ,O1
19510816-2,16-AUG-1951,Grumman SA-16A Albatross,49-0094,USAF,0,Luzon Island...,, ,A1
19510820-0,20-AUG-1951,Douglas C-47A (DC-3),HS-SAF,Siamese Airways,0,Boh Fai Airport,, ,A1
19510820-1,20-AUG-1951,Antonov An-2,CCCP-N568,"GUSMP, Directorate of Polar Aviation",1,Lena River n...,, ,A1
19510821-1,21-AUG-1951,PB2B-1 Canso A (PBY-5A),VP-JAT,Caribbean International,0,Kingston-Pal...,, ,O1
19510822-0,22-AUG-1951,Douglas C-47A (DC-3),42-100668,USAF,9,"Summit, AK",,,A1
19510823-0,23-AUG-1951,Lisunov Li-2,CCCP-L1271,Aeroflot / Moscow,0,near Kanash,, ,A1
19510824-0,24-AUG-1951,Douglas DC-6B,N37550,United Airlines,50,near Oakland Inte...,,,A1
19510827-0,27-AUG-1951,Douglas C-47 (DC-3),HJ913,Indian AF,0,Wular Lake,, ,A1
19510831-0,31-AUG-1951,Avro 685 York C.1,G-AGSN,Lancashire Aircraft Corp,0,Fayid RAF St...,, ,A2
19510831-1,31-AUG-1951,Douglas C-47A (DC-3),43-15994,USAF,4,near Platinum Air...,, ,A1
19510901-0,01-SEP-1951,Douglas DC-6,XA-JOR,Mexicana,0,Lake Texcoco,,,A1
19510902-0,02-SEP-1951,Convair CV-240-2,N90662,Pan Am,0,near Kingston,, ,A1
19510904-0,04-SEP-1951,Lockheed P2V-3 Neptune,122976,US Navy,,near Quonset Poin...,, ,A1
19510904-1,04-SEP-1951,Lockheed P2V-3 Neptune,122978,US Navy,7,near Montauk Poin...,, ,A1
19510907-0,07-SEP-1951,Douglas C-47A (DC-3),43-48134,USAF,,unknown,, ,A1
19510907-1,07-SEP-1951,Antonov An-2,CCCP-A2583,Aeroflot / Ukraine,5,near Gorbovichi,, ,A1
19510908-0,08-SEP-1951,Douglas C-47B (DC-3),PP-SPQ,VASP,10+ 3,near São Paulo-Co...,, ,A1
19510908-1,08-SEP-1951,Douglas C-47D (DC-3),43-49261,USAF,,near Tsushima Island,, ,A1
19510910-0,10-SEP-1951,Douglas C-47D (DC-3),45-1089,USAF,,near Chunchon Air...,, ,A1
19510912-0,12-SEP-1951,Douglas DC-3,F-BEIZ,STAAP,39,"near Palma, Islas...",, ,A1
19510912-1,12-SEP-1951,Boeing 377 Stratocruiser,N31230,United Airlines,3,near Redwood City...,, ,A1
19510913-0,13-SEP-1951,Douglas C-47B (DC-3),K-41/OT-CWT,Belgian AF,,unknown,, ,A1
19510914-1,14-SEP-1951,Bristol 170 Freighter 21E,G780,Pakistan AF,,,, ,A1
19510915-0,15-SEP-1951,Douglas C-47A (DC-3),VT-CCA,Air-India,1,Bangalore-Hi...,, ,A1
19510916-0,16-SEP-1951,Curtiss C-46D,N74689,Peninsular Air Transport,0,Chicago-Midw...,, ,A2

19510101-0,01-JAN-1951,Douglas C-47A (DC-3),CB-31,LAB,,La Paz-El Al...,, ,A1
19510102-0,02-JAN-1951,Douglas C-47 (DC-3),CF-ECN,McInnes Products,,Great Slave ...,, ,A1
19510104-0,04-JAN-1951,Curtiss C-46D,N79982,Monarch Air Service,0,Chicago-Midw...,, ,A1
19510104-1,04-JAN-1951,Lockheed C-60 Lodestar,EC-ADZ,Spanish AF,2,Madrid-Baraj...,, ,A1
19510104-2,04-JAN-1951,Douglas C-47A (DC-3),92617,Hellenic AF,0,Hoengseong A...,, ,A1
19510108-0,08-JAN-1951,Curtiss C-46D,44-78505,USAF,2,Chungju (K-4...,, ,A1
19510108-1,08-JAN-1951,Curtiss C-46D,44-78270,USAF,0,Chungju (K-4...,,,O1
19510108-2,08-JAN-1951,Curtiss C-46D,44-78462,USAF,0,Chungju (K-4...,, ,O1
19510109-0,09-JAN-1951,Ilyushin Il-12P,CCCP-L1811,Aeroflot / Moscow,8,near Tuapse,, ,A1
19510109-1,09-JAN-1951,Lisunov Li-2,CCCP-L4359,Aeroflot / West Siberia,6,near Kazan Airpor...,, ,A1
19510110-0,10-JAN-1951,Douglas C-47B (DC-3),43-49384,USAF,0,"near Albuquerque, NM",, ,A1
19510113-0,13-JAN-1951,Douglas VC-47D (DC-3),VR-HEP,Air Carriers,10,near Sungei Padi,, ,A1
19510114-0,14-JAN-1951,Douglas DC-4-1009,N74685,National Airlines,7,Philadelphia...,, ,A1
19510116-0,16-JAN-1951,Martin 2-0-2,N93054,Northwest Orient Airlines,10,"near Reardan, WA",, ,A1
19510116-1,16-JAN-1951,Douglas C-54D (DC-4),42-72495,USAF,4,near Taejon (K-5)...,, ,A1
19510116-2,16-JAN-1951,Douglas C-47B (DC-3),43-16287,USAF,,Goose Bay Ai...,, ,A1
19510118-0,18-JAN-1951,Douglas DC-3, ,TAM Peru,19,near Chala,, ,A1
19510120-0,20-JAN-1951,Grumman SA-16A Albatross,49-083,USAF,,near Tsushima Air...,, ,A1
19510120-1,20-JAN-1951,Fairchild C-82A Packet,45-57781,USAF,,Damascus-Mez...,, ,A1
19510121-1,21-JAN-1951,Lockheed P2V-4 Neptune,124227,US Navy,1,near Okinawa-Naha...,, ,A1
19510123-0,23-JAN-1951,Consolidated PBY-5A Catalina,N1493V,Dutch Navy,0,Papendrecht,, ,A1
19510125-0,25-JAN-1951,Douglas DC-3C,VH-MMK,MacRobertson Miller Airlines,0,Coolawanyah ...,,,A2
19510127-0,27-JAN-1951,Savoia-Marchetti SM-95B,I-DALO,Alitalia,14,near Civitavecchia,, ,A1
19510127-1,27-JAN-1951,Grumman G-73 Mallard,PK-AKE,Bataafse Petroleum Mij.,0,Jakarta-Kema...,, ,O1
19510128-0,28-JAN-1951,Shorts S.45 Solent 3,VH-TOA,Trans Oceanic Airways,1,Marsaxlokk Bay,, ,A1
19510128-1,28-JAN-1951,Douglas C-47A (DC-3),43-16102,USAF,,Fort Knox-Go...,, ,A1
19510128-2,28-JAN-1951,Short S.25 Sunderland GR.5,PP107,RAF,14,Mt. Yuli,, ,A1
19510128-3,28-JAN-1951,Lisunov Li-2,CCCP-L4715,Aeroflot / Kazakstan,0,near Kostanay-Nar...,, ,A1
19510128-4,28-JAN-1951,Douglas DC-3A-197D,XA-FUJ,LAMSA,0,near San Luis Pot...,, ,A2
19510131-0,31-JAN-1951,Douglas C-47A (DC-3),HK-311,LANSA,0,Madrid,, ,A1
19510131-1,31-JAN-1951,Douglas C-47A (DC-3),TF-ISG,Icelandair,20,near Hafnarfjördur,, ,A1
19510131-2,31-JAN-1951,Douglas C-54D (DC-4),282,Portuguese AF,14,near Terceira-Laj...,, ,A1
19510201-0,01-FEB-1951,Lisunov Li-2,4803,Soviet AF,2,Khabarovsk K...,, ,A1
19510203-0,03-FEB-1951,Douglas DC-4-1009,F-BBDO,Air France,29,near Buéa,, ,A1
19510204-0,04-FEB-1951,Lockheed P2V-3W Neptune,124277,US Navy,0,Whidbey Isla...,, ,A1
19510206-1,06-FEB-1951,Junkers Ju-52/3m,T.2-47,Spanish AF,4,near San Pablo de...,, ,A1
19510207-0,07-FEB-1951,Douglas DC-2-200,DO-3,Finnish AF,,Helsinki-Mal...,,,A1
19510207-1,07-FEB-1951,Fairchild R4Q-1 Flying Boxcar (C-11,128725,USMC,9,"Eastville, VA",, ,A1
19510209-0,09-FEB-1951,Douglas R4D-6 (DC-3),17267,US Navy,,Ashiya Air Base,, ,A1
19510209-1,09-FEB-1951,Lisunov Li-2,CCCP-L4821,Aeroflot / Uzbekistan,0,Tashkent Air...,, ,A1
19510212-0,12-FEB-1951,Douglas C-47A (DC-3),F-OABK,Aigle Azur,0,Luang Praban...,, ,A1
19510212-1,12-FEB-1951,Douglas C-47D (DC-3),43-48920,USAF,,,, ,A1
19510214-0,14-FEB-1951,Curtiss C-46A,HK-333,LANSA,2,"near Yalí, Antioquia",, ,A1
19510216-0,16-FEB-1951,Short Sunderland GR.5,SZ598,RAF,8,near Béja,, ,A1
19510218-0,18-FEB-1951,Vickers Valetta C.1,VX514,RAF,1,near Stockholm-Br...,, ,A1
19510219-0,19-FEB-1951,Douglas R4D-5 (DC-3),17143,US Navy,,"Olathe NAS, ...",, ,A1
19510221-0,21-FEB-1951,Curtiss C-46A,PP-ITF,Comp. Itaú de Transportes Aéreos,0,Rio de Janei...,, ,A1
19510223-0,23-FEB-1951,Curtiss C-46E,N59490,Slick Airways,0,"Newhall, CA",, ,A1
19510223-1,23-FEB-1951,Douglas VC-47B (DC-3),43-48293,USAF,0,Oslo-Fornebu...,, ,A1
19510224-0,24-FEB-1951,Fiat G.212, ,Italian AF,0,Urbe,, ,A1
19510225-0,25-FEB-1951,Curtiss C-46D,44-78257,USAF,3,near Iwakuni MCAS,, ,A1
19510227-0,27-FEB-1951,Convair CV-240-2,N90664,Mid-Continent Airlines,0,"near Tulsa, OK",,,A1
19510302-0,02-MAR-1951,Douglas DC-3A,N19928,Mid-Continent Airlines,16,"Sioux City, IA",, ,A1
19510305-1,05-MAR-1951,Douglas C-47B (DC-3),43-48483,USAF,1,Okinawa-Kade...,, ,A1
19510311-0,11-MAR-1951,Douglas R5D-1 (DC-4),HS-POS,Pacific Overseas Airlines,24,Hong Kong Is...,, ,A1
19510313-0,13-MAR-1951,Ilyushin Il-12P,CCCP-L1319,Aeroflot / West Siberia,0,near Sverdlovsk-K...,, ,A1
19510315-0,15-MAR-1951,Canadair C-54GM North Star,17523,RCAF,0,Resolute Air...,, ,A1
19510319-0,19-MAR-1951,Lockheed L-749 Constellation,N91202,TWA,0,Phoenix-Sky ...,, ,A2
19510319-1,19-MAR-1951,Handley Page Hastings C.2,WD478,RAF,3,Strubby RAF ...,, ,A1
19510321-0,21-MAR-1951,Douglas R4D-1 (DC-3),HK-315,LANSA,29,near Hato Nuevo,, ,A1
19510322-0,22-MAR-1951,Douglas C-53-DO (DC-3),PP-CCX,Cruzeiro do Sul,3,near Florianopoli...,, ,A1
19510323-0,23-MAR-1951,Douglas C-124A Globemaster II,49-244,USAF,53,"near Shannon, Ire...",, ,A1
19510323-1,23-MAR-1951,Fairchild C-119C Flying Boxcar,49-168,USAF,2,,, ,A1
19510325-0,25-MAR-1951,Lisunov Li-2,CCCP-L4790,Aeroflot / East Siberia,12,near Iskra,, ,A1
19510325-1,25-MAR-1951,Douglas C-54D (DC-4),42-72663,USAF,,Pusan East (...,, ,A1
19510326-0,26-MAR-1951,Douglas C-47A (DC-3),LV-ACY,Aerolineas Argentinas,11,"near Río Grande, TF",, ,A1
19510327-0,27-MAR-1951,Douglas C-47A (DC-3),G-AJVZ,Air Transport Charter,2,Manchester-R...,, ,A1
19510327-1,27-MAR-1951,Douglas C-47A (DC-3),VH-CAQ,Australian CAA,0,"Camden, NSW",, ,A1
19510327-2,27-MAR-1951,Douglas C-47A (DC-3),43-15691,USAF,0,near Matagorda Is...,, ,A1
19510329-0,29-MAR-1951,Fairchild C-119B Flying Boxcar,48-345,USAF,1,near Hongchon,, ,A1
19510329-1,29-MAR-1951,Vickers Valetta C.1,VW187,RAF,0,Entebbe Airp...,, ,A1
19510329-2,29-MAR-1951,Ilyushin Il-12P,CCCP-L1313,Aeroflot / Moscow,3,near Moskva-Vnuko...,, ,A1
19510330-0,30-MAR-1951,Douglas C-54B (DC-4),N74644,Seaboard & Western,0,Keflavík Int...,, ,A1
19510401-0,01-APR-1951,Douglas C-47A (DC-3),SE-BBM,SAS,0,Stockholm-Br...,, ,A1
19510402-0,02-APR-1951,Douglas C-48B (DC-3),HK-142,Avianca,0,Bogotá-Techo...,, ,A1
19510406-0,06-APR-1951,Douglas C-47A (DC-3),N63439,Southwest Airways,22,Refugio Pass...,, ,A1
19510406-2,06-APR-1951,Grumman SA-16A Albatross,48-0602,USAF,0,near Mount Clemen...,, ,A1
19510408-0,08-APR-1951,Douglas C-47B (DC-3),43-48298,USAF,21,"near Charleston, WV",, ,A1
19510408-1,08-APR-1951,Lisunov Li-2T,CCCP-L4467,Aeroflot / East Siberia,8,near Mama Airport,, ,A1
19510409-0,09-APR-1951,Douglas DC-3,HS-SAE,Siamese Airways,16,near Cape d'Arguilar,, ,A1
19510410-0,10-APR-1951,Handley Page HP.82 Hermes V,G-ALEU,UK Ministry of Supply,0,Chilbolton,,,A1
19510410-1,10-APR-1951,Vickers Valetta C.1,VW833,RAF,0,near Zalingei,, ,A1
19510410-2,10-APR-1951,Douglas C-54D (DC-4),42-72734,USAF,8,Fairbanks-La...,, ,A1
19510412-0,12-APR-1951,Handley Page Hastings C.1,TG552,RAF,0,Negombo RAF ...,, ,A1
19510412-1,12-APR-1951,Douglas C-47D (DC-3),43-49751,USAF,,Seoul-Kimpo ...,, ,A1
19510415-0,15-APR-1951,Curtiss C-46A,PP-LDC,Loide Aéreo Nacional,0,Guanabara Ba...,, ,A1
19510415-1,15-APR-1951,Douglas C-47D (DC-3),43-49527,USAF,0,"near Solano, CA",, ,A1
19510418-0,18-APR-1951,CASA 352 (Ju-52),T.2-141,Spanish AF,,,, ,U1
19510418-1,18-APR-1951,CASA 352 (Ju-52),T.2-160,Spanish AF,,,, ,U1
19510421-0,21-APR-1951,Antonov An-2,CCCP-A2597,Aeroflot / Krasnoyarsk,4,between Kyzy...,, ,A1
19510421-1,21-APR-1951,Douglas C-47 (DC-3),FAC-671,Colombian AF,3,Tres Esquina...,, ,A1
19510424-0,24-APR-1951,Amiot AAC.1 (Ju-52), ,French AF,5,near Oran,, ,A1
19510425-0,25-APR-1951,Douglas DC-4,CU-T188,Cubana,39,"near Key West, FL",, ,A1
19510426-0,26-APR-1951,Douglas C-47D (DC-3),43-49764,USAF,,,, ,A1
19510428-0,28-APR-1951,Curtiss C-46A,CC-CYA-141,Lyon Air,0,near Los Antiguos...,, ,A1
19510428-1,28-APR-1951,Douglas DC-3A-197,N16088,United Airlines,11,"near Fort Wayne, IN",, ,A1
19510430-0,30-APR-1951,Douglas C-47D,44-77261,USAF,6,near Wonsan,, ,A1
19510501-1,01-MAY-1951,Douglas C-47A (DC-3),42-101001,USAF,,Unknown,, ,A1
19510502-0,02-MAY-1951,Vickers Valetta C.1,VW156,RAF,8,near Fayid,, ,A1
19510504-0,04-MAY-1951,Vickers Valetta C.1,VW828,RAF,0,Dishforth RA...,, ,A1

19510917-0,17-SEP-1951,Vickers Valetta C.1,VW813,RAF,4,near Loka,, ,A1
19510917-1,17-SEP-1951,Douglas C-47 (DC-3),PP-YPX,REAL,10,"Ubatuba, SP",, ,A1
19510917-2,17-SEP-1951,Lockheed P2V-4 Neptune,124235,US Navy,,Quonset Poin...,, ,A1
19510918-0,18-SEP-1951,Antonov An-2,CCCP-N565,"GUSMP, Directorate of Polar Aviation",0,Tukalan rive...,, ,A1
19510918-1,18-SEP-1951,Bristol 170 Freighter IA,T-37,Argentine AF,4,near Rafael Casti...,, ,A1
19510922-0,22-SEP-1951,Douglas C-47B (DC-3),349145/FRBFF,French AF,,,, ,U1
19510925-2,25-SEP-1951,Douglas C-47A (DC-3),D-03,Czechoslovak AF,6,near Babice,, ,A1
19510927-0,27-SEP-1951,Fairchild C-119C Flying Boxcar,49-169,USAF,14,near Tachikawa Ai...,, ,A1
19510927-1,27-SEP-1951,Curtiss C-46D,44-77713,USAF,11,Mount Tanazawa,, ,A1
19510929-0,29-SEP-1951,Curtiss C-46D,CB-43,Frigorífico Cooperativo Los Andes,0,La Paz-El Alto,, ,A1
19510929-1,29-SEP-1951,Douglas C-47A (DC-3),43-15932,USAF,7,near Maedong,, ,A1
19511001-0,01-OCT-1951,Lisunov Li-2,CCCP-L4775,Aeroflot / Krasnoyarsk,6,"near Serkova, Kra...",, ,A1
19511006-0,06-OCT-1951,Douglas C-47 (DC-3), ,Indian AF,5,Mersin,, ,A1
19511007-0,07-OCT-1951,Lockheed 18 Lodestar,N5545N,National Homes Corp.,3,"near Lafayette, IN",, ,A1
19511008-0,08-OCT-1951,Douglas C-47A (DC-3),XA-GOR,ATSA,10,Cerro Blanco,, ,A1
19511009-0,09-OCT-1951,Consolidated PBY-5A Catalina,FAC-616,Colombian AF,1,Puerto Legui...,, ,A1
19511010-0,10-OCT-1951,Douglas C-47D (DC-3),43-48085,USAF,,Warner Robin...,, ,A1
19511011-0,11-OCT-1951,Consolidated C-10A Catalina (PBY-5A,6519,Brazilian AF,4,Conceição do...,, ,A1
19511011-1,11-OCT-1951,Lisunov Li-2,CCCP-L4416,Aeroflot / Uralsk,1,near Art. Bogdano...,, ,A1
19511014-0,14-OCT-1951,Short Sunderland GR.5,RN277,RAF,0,Iwakuni NAS,,,O1
19511014-1,14-OCT-1951,Lockheed P2V-3 Neptune,122939,US Navy,0,Atsugi NAS (...,, ,A1
19511015-0,15-OCT-1951,Douglas C-47A (DC-3),ZS-AVJ,South African Airways,17,Mount Ingeli,,,A1
19511015-1,15-OCT-1951,Boeing C-97A,49-2602,USAF,12,North Atlantic,, ,A1
19511017-0,17-OCT-1951,Consolidated Canso A,CF-FOQ,Queen Charlotte Airlines,23,"Mt. Benson, BC",, ,A1
19511017-1,17-OCT-1951,Douglas DC-3,YU-ABF,JAT,0,Zürich-Klote...,, ,H2
19511018-0,18-OCT-1951,Douglas C-47A (DC-3),CF-DXR,Hollinger Ungava Transport,,Sept-Îles Ai...,, ,U1
19511018-2,18-OCT-1951,Grumman SA-16A Albatross,50-0178,USAF,5,near Nassau,, ,A1
19511021-0,21-OCT-1951,CASA 352 (Ju-52),T.2-169,Spanish AF,,,, ,U1
19511022-0,22-OCT-1951,Douglas C-47A (DC-3),YU-ACC,JAT,12,near Skopje,, ,A1
19511022-1,22-OCT-1951,Boeing C-97A,48-413,USAF,4,San Antonio-...,, ,A1
19511022-2,22-OCT-1951,Douglas Dakota IV (DC-3),KN493,RAF,,East Hendred...,, ,A1
19511026-0,26-OCT-1951,Avro 689 Tudor 5,G-AKCC,private,0,Bovingdon RA...,, ,A1
19511027-0,27-OCT-1951,Douglas C-47 (DC-3),0961,Guatemala AF,26,near Flores-Santa...,, ,A1
19511030-0,30-OCT-1951,SNCASO SO.30P Bretagne,F-OAIY,Air Algérie,0,Paris-Orly A...,, ,A1
19511030-1,30-OCT-1951,Douglas C-47A (DC-3),43-15109,USAF,6,"near Riverside, CA",, ,A1
19511030-2,30-OCT-1951,Lisunov Li-2, ,Aeroflot / Northern,0,near Arkhangelsk-...,, ,A1
19511101-0,01-NOV-1951,Douglas C-47B (DC-3),349384/FRBFR,French AF,,San Bernardi...,, ,A1
19511105-0,05-NOV-1951,Martin 2-0-2,N93039,Transocean Air Lines,1,Tucumcari Ai...,, ,A1
19511105-1,05-NOV-1951,Douglas C-47 (DC-3),F-BCYL,CATI,0,Hanoi,, ,A1
19511106-0,06-NOV-1951,Lockheed P2V-3W Neptune,124283,US Navy,10,near Vladivostok,, ,C1
19511107-0,07-NOV-1951,Douglas C-47A (DC-3),F-BEIV,STAC,0,Fort Lamy Ai...,, ,A1
19511108-0,08-NOV-1951,Douglas C-47D (DC-3),43-49039,USAF,,Tokyo-Haneda...,, ,A1
19511109-0,09-NOV-1951,Douglas DC-3C, ,West Coast Airlines,0,"Eugene, OR",, ,A2
19511111-0,11-NOV-1951,Vickers 615 Viking 1B,T-77,Argentine AF,,Morón Air Ba...,, ,A1
19511112-0,12-NOV-1951,CASA 352 (Ju-52),T.2-182,Spanish AF,2,Albacete-Los...,, ,A1
19511113-0,13-NOV-1951,Fairchild C-82A Packet,45-57801,USAF,36,near Clermont-Fer...,, ,A1
19511114-0,14-NOV-1951,Ilyushin Il-12P,CCCP-L1360,Aeroflot / Yakutsk,0,Nikolayevsk-...,, ,A1
19511114-1,14-NOV-1951,Douglas C-47A (DC-3),VT-CKU,Airways (India),0,Gauhati-Borj...,, ,A1
19511115-0,15-NOV-1951,Lisunov Li-2P,SP-LKA,LOT,16,near Lódz Airport...,, ,A1
19511116-0,16-NOV-1951,Short Sunderland GR.5,SZ565,RAF,2,Calshot RAF ...,, ,A1
19511117-0,17-NOV-1951,Ilyushin Il-12P,CCCP-L1775,Aeroflot / Moscow,23,near Novosibirsk-...,, ,A1
19511117-1,17-NOV-1951,Douglas C-54D (DC-4),N79992,ONA,3,Oakland Rang...,,,A1
19511117-2,17-NOV-1951,Douglas DC-4,N4002B,California Eastern,0,Oakland Rang...,,,A2
19511119-0,19-NOV-1951,Douglas C-53-DO (DC-3),TC-ACA,DHY,5,near Cairo,, ,A1
19511119-1,19-NOV-1951,Douglas C-47A (DC-3),43-16026,USAF,0,near Papa,, ,C2
19511119-2,19-NOV-1951,Douglas C-47B (DC-3),CBK-016,Turkish AF,4,Kus Gölü (La...,, ,A1
19511121-0,21-NOV-1951,Douglas C-47A (DC-3),VT-AUO,Deccan Airways,16,Calcutta-Dum...,, ,A1
19511124-0,24-NOV-1951,Douglas DC-4,4X-ADN,El Al,6,near Zürich-Klote...,, ,A1
19511127-0,27-NOV-1951,Douglas DC-2-243,XA-DOQ,L.A. Unidas,13,San Luis Aca...,, ,A1
19511127-1,27-NOV-1951,Douglas DC-3-201C,N25646,Eastern Air Lines,0,"near Ocala, FL",,,A2
19511128-0,28-NOV-1951,Douglas C-47 (DC-3),I-LETR,LAI,0,Milano-Malpe...,, ,A1
19511130-0,30-NOV-1951,Lisunov Li-2, ,Aeroflot / Belarus,0,near Kiev,, ,A1
19511199-0,??-NOV-1951,Lisunov Li-2T,SP-LBE,LOT,,,, ,U1
19511204-0,04-DEC-1951,Douglas DC-3A,N17109,United Airlines,3,Denver-Stapl...,, ,A1
19511204-1,04-DEC-1951,Grumman G-73 Mallard,CF-GPA,Canadian Veneers,0,Saint John A...,, ,A1
19511204-2,04-DEC-1951,Douglas C-47D (DC-3),45-931,USAF,5,San Gabriel ...,, ,A1
19511206-0,06-DEC-1951,Douglas C-47A (DC-3),42-100488,USAF,10,near Marseille,, ,A1
19511208-0,08-DEC-1951,Fairchild C-119B Flying Boxcar,49-130,USAF,4,near Ashiya Air Base,, ,A1
19511213-0,13-DEC-1951,Lockheed P2V-5 Neptune,124884,US Navy,,Whidbey Isla...,, ,A1
19511214-0,14-DEC-1951,Douglas DC-4-1009,HB-ILO,Swissair,0,Amsterdam-Sc...,,,A1
19511216-0,16-DEC-1951,Curtiss C-46F,N1678M,"Miami Airlines, lsf USAF",56,near Newark Inter...,, ,A1
19511220-0,20-DEC-1951,Curtiss C-46E,N59487,Robin Airlines,0,"Cobourg, ON",, ,A2
19511220-1,20-DEC-1951,Short Sunderland GR.5,RN294,RAF,0,Wig Bay,, ,O1
19511222-0,22-DEC-1951,SNCASE SE.161 Languedoc,SU-AHH,Misrair,22,near Tehran,, ,A1
19511222-1,22-DEC-1951,Douglas C-47A (DC-3),PI-C2,Philippine Air Lines,0+ 1,Masbate Airp...,, ,A2
19511222-2,22-DEC-1951,Douglas C-47A (DC-3),43-48144,USAF,,near Nassau,, ,A1
19511223-0,23-DEC-1951,Douglas DC-6,I-LUCK,LAI,0,near Milano-Malpe...,, ,A1
19511224-0,24-DEC-1951,Douglas C-47A (DC-3),42-6058,Turkish AF,,Istanbul,, ,A1
19511225-1,25-DEC-1951,Douglas C-47A (DC-3),CBK-20,Turkish AF,6,Çakirlar Çif...,, ,A1
19511226-0,26-DEC-1951,Douglas VC-47A (DC-3),43-48142,USAF,8,"near Redding, CA",, ,A1
19511226-1,26-DEC-1951,Lockheed P2V-3 Neptune,122972,US Navy,2,"near Kosing, Nort...",, ,A1
19511227-0,27-DEC-1951,Lisunov Li-2,CCCP-L4228,Aeroflot / Yakutsk,20,near Namtsev,, ,A1
19511227-1,27-DEC-1951,Douglas C-47B (DC-3),43-49413,USAF,4,Fukuoka-Itaz...,, ,A1
19511229-0,29-DEC-1951,Curtiss C-46A,N3944C,Continental Charters,26,"near Salamanca, NY",, ,A1
19511230-0,30-DEC-1951,Curtiss C-46F,N68963,Transocean Air Lines,4,"near Fairbanks, AK",, ,A1
19511230-1,30-DEC-1951,Douglas VC-47D (DC-3),44-76266,USAF,28,"near Globe, AZ",, ,A1
19511231-0,31-DEC-1951,Douglas C-47A (DC-3),VT-COA,Kalinga Airlines,3,Calcutta-Dum...,, ,A1
