identifiant,date,type,registration,operator,fat.,location, ,pic,cat

19470424-0,24-APR-1947,Douglas Dakota IV (DC-3),KN320,RAF,,unknown,, ,U1
19470425-0,25-APR-1947,unknown,..-141,CNAC,0+ 3,Shanghei-Lun...,, ,A1
19470428-0,28-APR-1947,Lockheed 18 Lodestar,CF-TDF,TCAL,15,"near Vancouver, BC",,,A1
19470430-0,30-APR-1947,Douglas C-47 (DC-3),YS-30,Aerovias Latino Americanas,0,San Salvador...,,,A1
19470430-1,30-APR-1947,Amiot AAC.1 (Ju-52),F-BBYG,Air France,,Niamey,, ,U1
19470502-0,02-MAY-1947,Fiat G.12CA,MM60896,Italian AF,2+ 2,Torino-Miraf...,, ,A1
19470502-1,02-MAY-1947,Fairchild C-82A Packet,44-23044,USAAF,0,Biloxi-Keesl...,, ,A1
19470503-0,03-MAY-1947,Lockheed 18 Lodestar,TI-84,TACA,11,near Nicoya Airpo...,, ,A1
19470504-0,04-MAY-1947,Douglas DC-3C,NC53196,Union Southern Airlines,2,Newark Airpo...,, ,A1
19470504-1,04-MAY-1947,Douglas C-47B (DC-3),476557,French AF,7,Saigon-Tan S...,, ,A1
19470510-0,10-MAY-1947,Lockheed C-60A Lodestar,C-801,Transandina,2,near Cartagena,, ,A1
19470511-0,11-MAY-1947,Avro 691 Lancastrian C.1,G-AGLF,Skyways,0,landing grou...,, ,A1
19470511-1,11-MAY-1947,Lockheed L-049 Constellation,NC86508,TWA,4,near Cape May Pou...,, ,A1
19470511-2,11-MAY-1947,Fairchild C-82A Packet,44-23028,USAAF,0,"near Austin, TX",, ,A1
19470512-0,12-MAY-1947,Ford 4-AT-A Tri-Motor,XA-DOL,NAMSA,0,Ometepec,, ,A1
19470512-1,12-MAY-1947,Douglas R4D-1 (DC-3),37680,US Navy,,unknown,, ,U1
19470516-0,16-MAY-1947,Douglas C-47A (DC-3),42-32926,USAAF,,Quito-Marisc...,, ,A1
19470516-1,16-MAY-1947,Douglas DC-3,NC53011,Strato-Freight,0,Gainesville ...,, ,A1
19470516-2,16-MAY-1947,Douglas C-47A (DC-3),CCCP-L1048,Aeroflot / Far East,22,near Khabarovsk A...,, ,A1
19470518-0,18-MAY-1947,Douglas C-47 (DC-3),1002,Philippine AF,18,near Malaybalay,, ,A1
19470519-0,19-MAY-1947,Douglas C-47D (DC-3),43-49248,USAAF,0,"near Livingston, MT",, ,A1
19470522-0,22-MAY-1947,Douglas C-47B (DC-3),PP-AVM,Aerovias Brasil,,Rio de Janei...,, ,A1
19470522-1,22-MAY-1947,Boeing XC-97,43-27472,USAAF,5,near Dayton-Wrigh...,,,A1
19470524-0,24-MAY-1947,Avro 685 York C.1,MW190,RAF,0,Malta-Luqa A...,, ,A1
19470529-0,29-MAY-1947,Douglas C-47A (DC-3),CB-32,LAB,,near Trinidad,, ,A1
19470529-1,29-MAY-1947,Douglas DC-4,NC30046,United Airlines,43,New York-La ...,,,A1
19470529-2,29-MAY-1947,Douglas C-47A (DC-3),TF-ISI,Flugfélag Islands,25,Héðinsfjörður,,,A1
19470529-3,29-MAY-1947,Douglas C-54D (DC-4),42-72553,USAAF,41,near Atsugi-NAS (...,, ,A1
19470530-0,30-MAY-1947,Douglas C-54B (DC-4),NC88814,Eastern Air Lines,53,"near Bainbridge, MD",, ,A1
19470530-1,30-MAY-1947,Douglas R4D-1 (DC-3),C-708,TAERCO,0,Mitú Airport...,, ,A2
19470530-2,30-MAY-1947,Douglas C-47 (DC-3),FAC-661,Colombian AF,0,near Palanquero-G...,, ,A2
19470531-0,31-MAY-1947,Amiot AAC.1 (Ju-52),F-BBYH,Service de Tele. et de Sign.,3,Aoulef,, ,A1
19470603-0,03-JUN-1947,Douglas C-47A (DC-3),VH-AOH,Butler Air Transport,0,Schofields A...,, ,A1
19470604-0,04-JUN-1947,Amiot AAC.1 (Ju-52),F-BANB,Air France,3,near Gèmenos,, ,A1
19470607-0,07-JUN-1947,Amiot AAC.1 (Ju-52),F-BAKV,Air France,,Dakar-Yoff A...,, ,U1
19470610-0,10-JUN-1947,Douglas C-47A (DC-3),SP-LCB,LOT,0,Stockholm-Br...,, ,A1
19470610-1,10-JUN-1947,Avro 691 Lancastrian C.4,LV-ACS,FAMA,6,Natal Airpor...,, ,A1
19470611-1,11-JUN-1947,Avro 685 York C.1,MW247,RAF,0,Oakington RA...,, ,A1
19470613-0,13-JUN-1947,Douglas C-54 (DC-4),NC88842,Pennsylvania-Central Airlines,50,near Charles Town...,, ,A1
19470614-0,14-JUN-1947,Junkers Ju-52/3m, ,Unknown,10,between Saig...,, ,A1
19470615-0,15-JUN-1947,Douglas C-47D,44-76244,USAAF,0,Fort Knox-Go...,, ,A1
19470616-0,16-JUN-1947,Douglas C-47A (DC-3),PI-C11,Philippine Air Lines,0,near Cebu,, ,A1
19470616-1,16-JUN-1947,Lisunov Li-2,CCCP-L4088,Aeroflot / Kazakstan,3,near Leninabad Ai...,, ,A1
19470619-0,19-JUN-1947,Lockheed L-049 Constellation,NC88845,Pan Am,14,near Mayadine,, ,A1
19470621-0,21-JUN-1947,Lisunov Li-2,CCCP-L4138,Aeroflot / Ukraine,8,Karkinyts'ka...,, ,A1
19470623-0,23-JUN-1947,Douglas C-47A (DC-3),42-24291,USAAF,0,Hamlin Field...,, ,A1
19470624-1,24-JUN-1947,Douglas C-47 (DC-3),C-407,VIARCO,0,Ipiales-San ...,, ,A2
19470627-0,27-JUN-1947,Douglas R4D-7 (DC-3),99850,US Navy,,"Charleston, WV",, ,A1
19470627-1,27-JUN-1947,Douglas Dakota IV (DC-3),KN264,RAF,0,near Isiolo,, ,A1
19470628-0,28-JUN-1947,Douglas Dakota IV (DC-3),KJ979,RAF,0,Antananarivo...,, ,A1
19470699-0,??-JUN-1947,Douglas C-47 (DC-3),VT-AZC,Mistri Airways,,,, ,U1
19470701-0,01-JUL-1947,Douglas C-47 (DC-3),TI-107,TAN,,,, ,A1
19470701-1,01-JUL-1947,Avro 685 York C.1,MW224,RAF,5,Oakington RA...,, ,A1
19470701-2,01-JUL-1947,Amiot AAC.1 (Ju-52),F-BALF,Air France,13,near Eséka,, ,A1
19470701-3,01-JUL-1947,Ilyushin Il-12P,CCCP-L1317,Aeroflot / Moscow,4,Moskva-Vnuko...,, ,A1
19470703-0,03-JUL-1947,Douglas C-54G (DC-4),45-519,USAAF,6,near Florida coas...,, ,A1
19470705-0,05-JUL-1947,Douglas C-47B (DC-3),349875,French AF,0,near Saigon-Tan S...,, ,A1
19470705-1,05-JUL-1947,Short Sunderland GR.5,PP113,RAF,6,near Inistrahull ...,, ,A1
19470709-0,09-JUL-1947,Douglas R4D-3 (DC-3),05079,US Navy,,Chincoteague...,, ,A1
19470711-0,11-JUL-1947,Lockheed C-60A Lodestar,2004,Brazilian AF,2,near São Paulo-Co...,, ,A1
19470712-0,12-JUL-1947,Douglas C-47A (DC-3),42-93802,USAAF,0,Oberröblingen,, ,A1
19470713-0,13-JUL-1947,Douglas DC-3C,NC79024,Burke Air Transport,14,"near Melbourne, FL",, ,A1
19470715-0,15-JUL-1947,Amiot AAC.1 (Ju-52),F-BCHH,Aéro Cargo,1,Vichy-Charme...,, ,A1
19470715-1,15-JUL-1947,Douglas C-47B (DC-3),476353,French AF,,Saigon ?,, ,U1
19470716-0,16-JUL-1947,Avro 685 York C.1,G-AGNR,BOAC,6,Az-Zubair,,,A1
19470716-1,16-JUL-1947,Ford 5-AT-C Tri-Motor,HC-SBK,Shell Ecuador,,,, ,A1
19470720-0,20-JUL-1947,Lockheed 18 Lodestar,NC21707,Alaska Airlines,,Kotzebue Air...,, ,A1
19470721-0,21-JUL-1947,Douglas C-54A (DC-4),T-44,Argentine AF,14+ 3,"El Palomar, BA",, ,A1
19470723-0,23-JUL-1947,Douglas C-54D (DC-4),NC91077,Seaboard & Western,0,Saint Joseph...,, ,O1
19470723-1,23-JUL-1947,Douglas C-54D (DC-4),NC91086,Seaboard & Western,0,Saint Joseph...,, ,O1
19470724-0,24-JUL-1947,Avro 685 York I,LV-XIH,FAMA,2+ 1,"Morón AB, BA",, ,A1
19470725-0,25-JUL-1947,Avro 685 York C.1,G-AIUP,Skyways,0,London Airpo...,, ,A1
19470729-0,29-JUL-1947,Douglas C-47B (DC-3),VT-CLA,Orissa State Government,8,near Yogyakarta,, ,C1
19470730-0,30-JUL-1947,Douglas C-47A (DC-3),LV-ADD,ZONDA,,General Pach...,, ,U1
19470731-0,31-JUL-1947,Douglas C-47 (DC-3), ,China Air Force,26,within Yumen province,, ,A1
19470731-1,31-JUL-1947,Douglas C-47B (DC-3),43-48804,USAAF,0,Oslo-Fornebu...,, ,A2
19470802-0,02-AUG-1947,Avro 691 Lancastrian C.3,G-AGWH,BSAA,11,Tupungato Mo...,, ,A1
19470805-0,05-AUG-1947,Catalina IVB (PBY-5A),LN-OAR,Vingtor Luftveier,0,Svolvær-Hell...,, ,A1
19470806-0,06-AUG-1947,Douglas C-47 (DC-3),NC65350,Indamer,0,Miami Intern...,, ,O1
19470806-1,06-AUG-1947,Consolidated PBY-5A Catalina,34032,US Navy,20,within Alaska,, ,A1
19470806-2,06-AUG-1947,Lisunov Li-2,CCCP-L4017,Aeroflot,4,Severo-Vosto...,, ,A1
19470808-0,08-AUG-1947,Douglas DC-3C,NX88787,American Airlines,3,New York-La ...,, ,A1
19470809-0,09-AUG-1947,Douglas DC-3F,SE-BAY,AB Aerotransport,1,Malmö-Bullto...,, ,A1
19470812-0,12-AUG-1947,Douglas C-54A (DC-4),LV-ABL,FAMA,0,Cachoeiro de...,, ,A1
19470813-0,13-AUG-1947,Lisunov Li-2,YR-TAV,TARS,3,Bucharest-Ba...,, ,A1
19470813-1,13-AUG-1947,Amiot AAC.1 (Ju-52), ,French AF,8,near Chevilly,, ,A1
19470814-0,14-AUG-1947,Fairchild C-82A Packet,44-22960,USAAF,,"near Cormey, OH",, ,A1
19470821-0,21-AUG-1947,Curtiss C-46E,NC59488,Slick Airways,3,"Hanksville, UT",, ,A1
19470823-0,23-AUG-1947,Avro 689 Tudor 2,G-AGSU,UK Ministry of Supply,4,near Woodford Air...,, ,A1
19470823-1,23-AUG-1947,Short S.25 Sandringham 5,G-AHZB,BOAC,10,Bahrain Mari...,, ,A1
19470828-0,28-AUG-1947,Short S.25 Sandringham 6,LN-IAV,DNL,35,near Lødingen,, ,A1
19470828-1,28-AUG-1947,Douglas Dakota IV (DC-3),KJ984,RAF,2,near Westgate,, ,A1
19470829-0,29-AUG-1947,PBV-1A Canso A (PBY-5A),11063,RCAF,,near Cambridge Ba...,, ,A1
19470830-0,30-AUG-1947,Amiot AAC.1 (Ju-52),F-BCHQ,Air Atlas,1,near El Ajeb,, ,A1
19470902-0,02-SEP-1947,Avro 685 York C.1,MW223,RAF,0,Dishforth RA...,, ,A1
19470902-1,02-SEP-1947,Vickers Viking C.2,VL245,RAF,0,near Aberdeen-Dyc...,, ,A1
19470903-0,03-SEP-1947,Douglas C-47A (DC-3),SX-BAB,Hellenic Airlines,3,Voula,, ,A1
19470904-0,04-SEP-1947,Avro 685 York C.1,MW314,RAF,0,Habbaniya RA...,, ,O1
19470905-0,05-SEP-1947,Avro 691 Lancastrian C.3,G-AGWK,BSAA,0,Bermuda Air ...,, ,A1
19470906-0,06-SEP-1947,Douglas R4D-5 (DC-3),17093,US Navy,,Grosse Ile N...,, ,A1

19470101-0,01-JAN-1947,Douglas DC-2-112,NC13715,private,0,near Nashville Me...,, ,A1
19470103-0,03-JAN-1947,Douglas C-47A (DC-3),G-AGJU,BOAC,0,Whitchurch A...,, ,A1
19470104-1,04-JAN-1947,Sikorsky S-43B,PP-PBN,Panair do Brasil,11,São Paulo de...,, ,A1
19470105-0,05-JAN-1947,Douglas C-47B (DC-3),NC50046,Nationwide Air Transport,3,"near Carmel, NJ",,,A2
19470105-1,05-JAN-1947,Curtiss C-46,XT-T51/121,CNAC,43,near Qingdao,, ,A1
19470105-2,05-JAN-1947,Douglas DC-3-208A,NC21746,American Airlines,0,"Jones Beach, NY",, ,A1
19470106-0,06-JAN-1947,Douglas C-54B (DC-4),NC95412,Northwest Airlines,0,Chicago Muni...,, ,A1
19470106-1,06-JAN-1947,Amiot AAC.1 (Ju-52),F-BBYK,TAI,0,Mont Ventoux,, ,A1
19470107-0,07-JAN-1947,Douglas C-47A (DC-3),OO-CBO,Sabena,,Costermansvi...,, ,A1
19470108-0,08-JAN-1947,Lockheed 18 Lodestar,NC25687,"National Airlines, op.for Caribbean Atlantic",0,Jacksonville...,, ,A2
19470110-0,10-JAN-1947,Douglas C-47A (DC-3),VT-AUF,Air-India,,,, ,U1
19470111-0,11-JAN-1947,Douglas C-47A (DC-3),G-AGJX,BOAC,8,Stowting,, ,A1
19470111-1,11-JAN-1947,Douglas C-54A (DC-4),PI-C100,Far East Air Transport,7,"near Laoag, Phili...",, ,A1
19470112-0,12-JAN-1947,Douglas C-49-DO (DC-3),NC88872,Eastern Air Lines,18,"Galax, VA",, ,A1
19470114-0,14-JAN-1947,Lockheed C-60A Lodestar,60-03,Mexican AF,21,near Puebla,, ,A1
19470116-0,16-JAN-1947,Avro 685 York C.1,MW228,RAF,0,Oakington,, ,A1
19470117-0,17-JAN-1947,Douglas Dakota IV (DC-3),KJ858,RAF,0,near Singapore-Se...,, ,A1
19470118-0,18-JAN-1947,Short S.25 Sandringham 5,G-AHYZ,BOAC,,Belfast,, ,O1
19470118-1,18-JAN-1947,Douglas Dakota IV (DC-3),KP230,RAF,0,Kupang-El Ta...,, ,A1
19470119-0,19-JAN-1947,Douglas C-47B (DC-3),349882,French AF,,"An Cu, Annam",, ,A1
19470120-0,20-JAN-1947,Douglas R5D (DC-4), ,US Navy,1,"Oakland NAS,...",, ,A1
19470122-0,22-JAN-1947,Douglas C-53B (DC-3),C-108,Avianca,17,near Puerto Araujo,, ,A1
19470122-1,22-JAN-1947,Douglas C-47A (DC-3),C-204,TACA de Colombia,0,near Guayaquil Ai...,, ,A1
19470122-2,22-JAN-1947,Douglas DC-3, ,Allegheny Air Cargo,0,"Allentown, PA",, ,A1
19470122-3,22-JAN-1947,Douglas Dakota IV (DC-3),KP222,RAF,0,Bückeburg,, ,A1
19470122-4,22-JAN-1947,Lockheed 14-H2 Super Electra,VH-ADT,Qantas,0,Schofields A...,, ,A1
19470122-5,22-JAN-1947,Consolidated PBY-5 Catalina,08204,US Navy,1,Santa Rosa I...,, ,A1
19470123-0,23-JAN-1947,Douglas C-47B (DC-3),43-48936,USAAF,,near Seattle-Sand...,, ,A1
19470123-1,23-JAN-1947,Lockheed 14-H2 Super Electra,CF-TCQ,TCAL,2,"near Headingley, MB",, ,A1
19470124-0,24-JAN-1947,Douglas R4D-5 (DC-3),39079,US Navy,0,"near Dartmouth, NS",, ,A1
19470125-0,25-JAN-1947,Douglas C-47A (DC-3),OK-WDB,CSA,0,London-Croyd...,, ,O1
19470125-1,25-JAN-1947,Douglas C-47A (DC-3),PI-C12,Philippine Air Lines,4,Mt. Parker,, ,A1
19470125-2,25-JAN-1947,Douglas DC-3,138,CNAC,19,near Chongqing,, ,A1
19470125-3,25-JAN-1947,Douglas C-47A (DC-3),VP-YFD,Spencer Airways,12,London-Croyd...,, ,A1
19470126-0,26-JAN-1947,Douglas DC-3C,PH-TCR,KLM,22,København-Ka...,, ,A1
19470126-1,26-JAN-1947,Junkers Ju-52/3mg8e,G-AHOK,BEA,,Renfrew,, ,U1
19470126-2,26-JAN-1947,Consolidated PBY-5 Catalina,P-204,Dutch Navy,1,"Gillemanuk, ...",, ,A1
19470127-0,27-JAN-1947,Douglas C-47 (DC-3),NC51894,Puerto Rico Air Transport,,Newark Airpo...,, ,A1
19470128-0,28-JAN-1947,Curtiss C-46, ,CNAC,25,near Hankou,, ,A1
19470201-0,01-FEB-1947,Douglas C-47A (DC-3),F-BAXQ,Air France,15,near Lisboa-Porte...,,,A1
19470201-1,01-FEB-1947,Douglas Dakota IV (DC-3),KJ971,RAF,0,Middle Aston,, ,A1
19470204-0,04-FEB-1947,Douglas R4D-5S (DC-3),17131,US Navy,10,near Assateague I...,, ,A1
19470205-0,05-FEB-1947,Douglas C-47A (DC-3),NC54451,International Air Freight,1,"Harrington, DL",, ,A1
19470205-1,05-FEB-1947,Douglas DC-2-112,PP-AVG,Aerovias Brasil,,"Lagoa Santa, GO",, ,A1
19470206-0,06-FEB-1947,Douglas C-54B (DC-4),NC44567,Aerovías Cubanas Internacionales,11,near Pedro Bernado,,,A1
19470206-1,06-FEB-1947,Douglas C-47 (DC-3), ,China Air Force,8,near Chongqing Ai...,, ,A1
19470209-0,09-FEB-1947,Douglas C-47B (DC-3),44-77205,USAAF,,Manila-Nicho...,, ,A1
19470210-0,10-FEB-1947,Lockheed 18 Lodestar,ZK-ALZ,Union Airways,0,Palmerston N...,, ,O1
19470211-0,11-FEB-1947,Avro 685 York C.1,MW242,RAF,0,Waterbeach R...,, ,A1
19470211-1,11-FEB-1947,Consolidated PBY-5A Catalina,48328,US Navy,4,between Seat...,, ,A1
19470213-0,13-FEB-1947,Douglas C-47A (DC-3),OK-XDU,CSA,3,near Kladno,, ,A1
19470214-0,14-FEB-1947,Curtiss C-46E,NC59486,Slick Airways,2,"Denver, CO",, ,A1
19470214-1,14-FEB-1947,Douglas C-47A (DC-3),NC59398,Atlantic & Pacific Airlines,0,"League City, TX",, ,A1
19470215-0,15-FEB-1947,Savoia-Marchetti SM-95,I-ABQH,Corrieri Aerei Militari,17,near Terracina,, ,A1
19470215-1,15-FEB-1947,Douglas DC-4,C-114,Avianca,53,near Bogotá,, ,A1
19470217-0,17-FEB-1947,Douglas C-47A (DC-3),OY-AEB,DDL,0,near Malmö,, ,A1
19470219-0,19-FEB-1947,Douglas C-47A (DC-3),42-93723,USAAF,1,Neubiberg Ai...,, ,A1
19470220-0,20-FEB-1947,Douglas C-47B (DC-3),349048,French AF,4,Offenbach,, ,A1
19470221-0,21-FEB-1947,Douglas C-47 (DC-3), ,China Air Force,21,near Chongqing,, ,A1
19470223-0,23-FEB-1947,Douglas C-47A (DC-3),43-15357,USAAF,,Kaufbeuren,, ,A1
19470224-0,24-FEB-1947,Douglas DC-3A-197E,NC33646,United Airlines,,Philadelphia...,, ,A1
19470226-0,26-FEB-1947,Douglas Dakota IV (DC-3),KK120,RAF,12,China Sea,, ,A1
19470226-1,26-FEB-1947,Douglas C-47 (DC-3),VHRET,Netherlands East Indies AF,6,near Point Lookou...,, ,A1
19470227-1,27-FEB-1947,Junkers Ju-52/3mge,T-154,LADE,,,, ,A1
19470228-0,28-FEB-1947,Douglas Dakota IV (DC-3),KN203,RAF,0,near Yangon-Minga...,, ,A1
19470305-0,05-MAR-1947,Amiot AAC.1 (Ju-52),F-BAKP,Air France,,Paris-Le Bou...,, ,U1
19470305-1,05-MAR-1947,Douglas C-47B (DC-3),CCCP-L952,Aeroflot / Georgia,23,Nizhnesvanet...,, ,A1
19470306-0,06-MAR-1947,Douglas C-47 (DC-3),ZS-BJZ,Suidair,0,Lapula River,, ,A2
19470307-0,07-MAR-1947,Douglas R5D-3 (DC-4),92002,US Navy,,Guam-Agana N...,, ,A1
19470308-0,08-MAR-1947,Douglas C-47 (DC-3),C-400,VIARCO,9,near Villavicencio,, ,A1
19470308-1,08-MAR-1947,Douglas Dakota IV (DC-3),KK122,RAF,13,L'isola di I...,, ,A1
19470308-2,08-MAR-1947,Focke-Wulf Fw 200A-0,PP-CBI,Cruzeiro do Sul,0,Rio de Janei...,, ,A1
19470312-0,12-MAR-1947,Douglas C-47 (DC-3),VHREZ,Netherlands East Indies AF,26,near Bandung,,,A1
19470314-0,14-MAR-1947,Douglas C-47A (DC-3),F-BAXO,Air France,23,near Château-Bernard,, ,A1
19470314-1,14-MAR-1947,Douglas DC-3C,NC88804,US Airlines,2,Charleston M...,, ,A1
19470314-2,14-MAR-1947,Avro 685 York C.1,MW202,RAF,0,Lyneham RAF ...,, ,A1
19470316-0,16-MAR-1947,Short Sunderland GR.5,VB886,RAF,0,Pembroke Dock,, ,O1
19470317-0,17-MAR-1947,Lockheed C-60A Lodestar,YS-28,TACA,8,near Medellín-Enr...,, ,A1
19470318-0,18-MAR-1947,Avro 685 York C.1,MW198,RAF,11,near Negombo RAF ...,, ,A1
19470319-0,19-MAR-1947,Douglas DC-3,ZS-AUK,Pan African Air Charter,0,Masindi,, ,A1
19470319-1,19-MAR-1947,Lockheed C-60A Lodestar,C-202,TACA de Colombia,5,near Bucaramanga,, ,A1
19470319-2,19-MAR-1947,Douglas C-47B (DC-3),43-48303,USAAF,,near Aq Qaleh,, ,A1
19470320-0,20-MAR-1947,Douglas C-47A (DC-3),YV-C-AMU,LAV,0,Caracas-La C...,, ,A1
19470320-1,20-MAR-1947,Amiot AAC.1 (Ju-52),F-BAKM,Air France,,Freetown,, ,U1
19470320-2,20-MAR-1947,Douglas C-47A (DC-3),42-93804,USAAF,6,near Dessie,, ,A1
19470322-0,22-MAR-1947,Douglas C-47D,44-77288,USAAF,,Fairfield-Su...,, ,A1
19470326-0,26-MAR-1947,Douglas C-47A (DC-3),W-12,Dutch Navy,0,near Gimbat Stati...,, ,A1
19470401-0,01-APR-1947,Martin PBM-5G Mariner,59002,US Navy,1,"near Tampa, FL",, ,A1
19470404-0,04-APR-1947,Douglas C-47A (DC-3),NC52710,International Air Freight,0,Palm Beach-P...,, ,A1
19470405-0,05-APR-1947,Douglas C-47B (DC-3),44-76231,USAAF,4,near Decaturville...,, ,A1
19470408-0,08-APR-1947,Douglas C-47 (DC-3),YV-ALO,LAV,27,near Caracas,, ,A1
19470409-0,09-APR-1947,Douglas C-47D (DC-3),43-49258,USAAF,1,San Antonio-...,, ,A1
19470409-1,09-APR-1947,Fokker F.XII,SE-ACZ,Svensk Flygtjänst,0,Stockholm-Br...,,,A1
19470410-0,10-APR-1947,Douglas C-47B (DC-3),K-14,Belgian AF,6,Dalbry,, ,A1
19470413-0,13-APR-1947,Avro 685 York I,G-AHEZ,BSAA,6,Dakar-Yoff A...,, ,A1
19470413-2,13-APR-1947,Lockheed C-60A Lodestar,C-803,Transandina,0,Medellín-Enr...,, ,A1
19470419-0,19-APR-1947,Douglas R4D-2 (DC-3),ZS-BNB,Mercury Aviation,0,near Malakal,, ,A1
19470422-0,22-APR-1947,Douglas DC-3C,NC49657,Delta Air Lines,8,"Columbus, GA",,,A1
19470422-1,22-APR-1947,Douglas C-47A (DC-3),42-23368,USAAF,,near Karlovy Vary,, ,A1
19470422-2,22-APR-1947,Douglas C-47 (DC-3),CCCP-L1204,Aeroflot / Krasnoyarsk,9,near Volochanka V...,, ,A1

19470908-0,08-SEP-1947,Douglas C-47B (DC-3),43-48721,USAAF,3,"near Larkspur, CO",, ,A1
19470913-0,13-SEP-1947,Douglas DC-3,PI-C59,Philippine Air Lines,,Zamboanga,, ,U1
19470917-0,17-SEP-1947,Curtiss C-46E,NC59495,Slick Airways,0,Hollywood-Lo...,, ,A1
19470917-1,17-SEP-1947,Douglas C-47A (DC-3),YV-C-CAJ,C.A. Vuelos Express,0,Carlota,, ,A1
19470917-2,17-SEP-1947,Vickers 615 Viking 1B,T-4,LADE,,Buenos Aires...,, ,A1
19470918-0,18-SEP-1947,Douglas C-47A (DC-3),VT-CFL,Tata Airlines,,Junagarh,, ,A1
19470919-0,19-SEP-1947,Douglas C-54D (DC-4),42-72554,USAF,14,near Puerto San Juan,, ,A1
19470919-1,19-SEP-1947,Ilyushin Il-12P,CCCP-L1332,Aeroflot / Moscow,0,Moskva-Vnuko...,, ,O1
19470920-0,20-SEP-1947,Douglas DC-4,NC88911,Pan Am,0,New York-Flo...,, ,A1
19470920-1,20-SEP-1947,Curtiss C-46D,44-78263,USAF,2,near Angeles City...,, ,A1
19470927-0,27-SEP-1947,Douglas C-47 (DC-3), ,Royal Indian AF,13,Delhi-Palam ...,, ,A1
19470930-0,30-SEP-1947,OA-10A Canso A (PBY-5A),44-33954,USAF,0,"Dago Lake, AK",, ,A1
19471003-0,03-OCT-1947,Avro 691 Lancastrian C.3,G-AHBU,Skyways,0,Belfast-Nutt...,, ,A1
19471004-0,04-OCT-1947,Amiot AAC.1 (Ju-52),F-BAJB,Air France,,Pau,, ,U1
19471007-0,07-OCT-1947,SNCASE SE.161 Languedoc,F-BATY,Air France,,Bone,, ,A1
19471009-0,09-OCT-1947,Douglas C-47D (DC-3),43-48810,USAF,,Panama City-...,, ,A1
19471010-0,10-OCT-1947,Douglas C-47B (DC-3),43-48296,USAF,7,near Borja,, ,A1
19471011-2,11-OCT-1947,Amiot AAC.1 (Ju-52), ,French AF,15,,, ,C1
19471013-0,13-OCT-1947,Douglas R4D-5 (DC-3),12421,US Navy,,unknown,, ,A1
19471014-0,14-OCT-1947,Boeing 314A,NC18612,American International,0,"near Gander, NL, ...",,,A1
19471014-1,14-OCT-1947,Douglas C-47A (DC-3),42-23503,USAF,3,"Pikes Peak, CO",, ,A1
19471016-0,16-OCT-1947,Bristol 170 Freighter I,F-BCJN,TAI,41,near Cartagena,, ,A1
19471016-1,16-OCT-1947,Douglas DC-3, ,Strato-Freight,3,"Sylva, NC",, ,A1
19471017-1,17-OCT-1947,Douglas DC-3, ,Civil Air Transport,3,near Baoding,, ,A1
19471021-1,21-OCT-1947,Short Sunderland GR.3,DV976,RAF,4,near Southend Pier,, ,A1
19471023-0,23-OCT-1947,Avro 691 Lancastrian B.3,G-AGUL,BSAA,0,London,, ,A1
19471024-0,24-OCT-1947,Douglas DC-6,NC37510,United Airlines,52,near Bryce Canyon...,, ,A1
19471026-0,26-OCT-1947,Douglas DC-4,NC88920,Pan Am,18,Annette Isla...,, ,A1
19471026-1,26-OCT-1947,Douglas DC-4-1009,SE-BBG,AB Aerotransport,44,Mount Hymettus,, ,A1
19471027-0,27-OCT-1947,Douglas DC-3, ,CNAC,2,near Yulin,, ,C1
19471030-0,30-OCT-1947,Avro 685 York C.1,MW111,RAF,0,Negombo RAF ...,, ,A1
19471030-1,30-OCT-1947,Lockheed 414-08 Hudson IVA,(VH-SMJ),John Fairfax & Sons,2,near Muswellbrook...,,,A1
19471031-0,31-OCT-1947,Douglas C-47A (DC-3),MA965,Royal Indian AF,25,within Pir Panjal R...,, ,A1
19471099-1,??-OCT-1947,PBV-1A Canso (PBY-5A),YV-C-AQA,T.A. Transandino,,,, ,U1
19471105-0,05-NOV-1947,Avro 685 York C.1,MW207,RAF,0,Lyneham RAF ...,, ,A1
19471106-0,06-NOV-1947,PB2B-1 Catalina,Y-93,Dutch Navy,0,Balikpapan,, ,O1
19471113-0,13-NOV-1947,Avro 691 Lancastrian C.3,G-AGWG,BSAA,0,Bermuda Air ...,, ,A1
19471113-1,13-NOV-1947,Douglas C-53-DO (DC-3),VT-ATI,Air-India,0,Jammu Airpor...,, ,A1
19471113-2,13-NOV-1947,Amiot AAC.1 (Ju-52),F-BDYH,SANA,2,near Bouchox,, ,A1
19471115-0,15-NOV-1947,Douglas C-47B (DC-3),44-77252,USAF,,"Adak, AK",, ,A1
19471116-0,16-NOV-1947,Avro 685 York C.1,MW293,RAF,0,Bombay-Santa...,, ,A1
19471117-0,17-NOV-1947,Avro 685 York C.1,MW284,RAF,0,Dishforth RA...,, ,A1
19471118-0,18-NOV-1947,Bristol 170 Freighter XI,SE-BNG,AB TT-Transportflyg,21,Santa Maria ...,, ,A1
19471118-1,18-NOV-1947,Lockheed L-049 Constellation,NC86507,TWA,5,Wilmington-N...,, ,A1
19471119-0,19-NOV-1947,Short S.25 Sunderland 3,G-AGHW,BOAC,1,Brightstone ...,, ,A1
19471119-1,19-NOV-1947,Douglas R5D-4 (DC-4),90399,US Navy,,Honolulu NAF...,, ,U1
19471119-2,19-NOV-1947,Consolidated C-10 Catalina (PBY-5),6502,Brazilian AF,16,Porto de Moz...,, ,A1
19471121-0,21-NOV-1947,Lisunov Li-2P,YR-TAI,TARS,13,"Plouznice, L...",, ,A1
19471121-1,21-NOV-1947,Lockheed P2V-2 Neptune, ,US Navy,9,"near San Diego, CA",, ,A1
19471122-0,22-NOV-1947,Douglas DC-3, ,Philippine Air Express,5,near Rizal province,, ,A1
19471123-0,23-NOV-1947,Bristol 170 Freighter IA,G-AIMC,Bristol,0,Wau Airport ...,, ,A1
19471124-0,24-NOV-1947,Ilyushin Il-12P,CCCP-L1356,Aeroflot / Moscow,0,Sverdlovsk-K...,, ,A1
19471125-0,25-NOV-1947,Douglas C-47 (DC-3),YV-C-AHO,LAV,0,Ciudad Bolív...,, ,A1
19471127-0,27-NOV-1947,Lisunov Li-2P,YU-BAD,JUSTA,23,near Rumija,, ,A1
19471127-1,27-NOV-1947,Douglas C-47 (DC-3),NC95486,Columbia Air Cargo,13,"Yakutat, AK",, ,A1
19471128-0,28-NOV-1947,Douglas C-47B (DC-3),43-48736,USAF,20,near Trappa,, ,A1
19471128-1,28-NOV-1947,Douglas C-47A (DC-3),T-18,Argentine AF,0,Bahía Blanca...,, ,A1
19471130-0,30-NOV-1947,Douglas C-54A (DC-4),NC91009,Alaska Airlines,8+ 1,Seattle/Taco...,,,A1
19471130-1,30-NOV-1947,Douglas C-47B (DC-3),45-1066,USAF,2,near Tokyo,, ,A1
19471201-0,01-DEC-1947,Ilyushin Il-12,CCCP-N439,Polyarnaya Aviatsiya,0,near Taldom,, ,A1
19471201-1,01-DEC-1947,Douglas C-47D (DC-3),43-48945,USAF,,"near Herford, TX",, ,A1
19471206-0,06-DEC-1947,Curtiss C-46, ,China Air Force,10,near Chongqing Ai...,, ,A1
19471209-0,09-DEC-1947,Fairchild C-82A Packet,44-22994,USAF,0,"near Eglin, TX",, ,A1
19471209-1,09-DEC-1947,Douglas C-47D (DC-3),43-49509,USAF,,Hampton-Lang...,, ,A1
19471209-2,09-DEC-1947,Douglas C-47B (DC-3),43-49779,USAF,,near Izmir,, ,A1
19471210-0,10-DEC-1947,Douglas C-54D (DC-4),42-72572,USAF,23,near Goose Bay Ai...,, ,A1
19471210-1,10-DEC-1947,Douglas C-47B (DC-3),45-1060,USAF,1,near Camp Springs...,, ,A1
19471211-0,11-DEC-1947,Douglas C-47B (DC-3),44-76366,USAF,20,"near Memphis, TN",, ,A1
19471212-0,12-DEC-1947,Douglas C-47A (DC-3),F-BCYF,Air Algérie,,Paris-Orly A...,, ,U1
19471216-0,16-DEC-1947,Avro 685 York C.1,MW301,RAF,0,near Abingdon RAF...,, ,A1
19471216-1,16-DEC-1947,Consolidated PBY-5A Catalina,48291,US Navy,6,Norfolk NAS ...,, ,A1
19471218-0,18-DEC-1947,Douglas C-47 (DC-3),CCCP-L997,Aeroflot,,near Tyoply Stan,, ,A1
19471218-1,18-DEC-1947,Ilyushin Il-12P,CCCP-L1343,Aeroflot / Moscow,7,near Krasnoyarsk ...,, ,A1
19471219-0,19-DEC-1947,Douglas C-47B (DC-3),NZ3558,New Zealand AF,0,Dilalongan,, ,A1
19471220-0,20-DEC-1947,Douglas Dakota IV (DC-3),KN439,RAF,0,near Uetersen RAF...,, ,A1
19471222-0,22-DEC-1947,Douglas C-47A (DC-3),EC-ACG,Iberia,,Madrid-Baraj...,, ,U1
19471223-0,23-DEC-1947,Douglas DC-3C, ,Coastal Air Lines,0,"Miami, FL",, ,A1
19471224-0,24-DEC-1947,Lockheed C-60A Lodestar,OO-CAR,Sabena,5,near Mitwaba,, ,A1
19471226-0,26-DEC-1947,Douglas DC-3,PI-C53,Philippine Air Lines,,Manila ?,, ,O1
19471226-1,26-DEC-1947,Douglas DC-3,PI-C3,Philippine Air Lines,,Manila ?,, ,O1
19471226-2,26-DEC-1947,Douglas DC-3,PI-C10,Philippine Air Lines,,Manila ?,, ,O1
19471226-3,26-DEC-1947,Douglas C-47A (DC-3),PI-C36,Philippine Air Lines,,Manila ?,, ,O1
19471227-0,27-DEC-1947,Douglas C-48C (DC-3),VT-AUG,Air-India,23,Korangi Creek,, ,A1
19471227-1,27-DEC-1947,Douglas C-47A (DC-3),PH-TCV,KLM,0,near Leeuwarden,,,A1
19471228-0,28-DEC-1947,Douglas DC-2,XA-GEE,Servicio Aéreo Panini,5+ 3,Léon,, ,A1
19471229-0,29-DEC-1947,Vickers 628 Viking 1B,OY-DLI,DDL,0,near København-Ka...,, ,A1
19471230-0,30-DEC-1947,Lisunov Li-2,CCCP-L4214,Aeroflot / Moscow,6,near Chrysostom,, ,A1
19479999-0,??-???-1947,Douglas C-47A (DC-3),NC46567,Reeve Aleutian Airways,,Anchorage-Me...,, ,A1
19479999-3,??-???-1947,Douglas R4D-1 (DC-3),12400,USMC,,unknown,, ,U1
