identifiant,date,type,registration,operator,fat.,location, ,pic,cat

19960604-0,04-JUN-1996,Learjet 25C,PT-KBC,Aeroexecutivos,1+ 1,Ribeião Pret...,,,A1
19960606-2,06-JUN-1996,Ilyushin Il-76MD,UR-76539,"Ukraine Air Force, op.for Hoseba",10,Kinshasa-N'D...,, ,A1
19960607-0,07-JUN-1996,Alenia G-222TCM,MM62108,Italian AF,0,Pisa,, ,A1
19960609-3,09-JUN-1996,Boeing 727-286,EP-IRU,Iran Air,4,near Rasht Airpor...,,,A1
19960612-0,12-JUN-1996,DHC-5D Buffalo,5H-BAF,Trident Aviation,,near Yambio,, ,A2
19960613-0,13-JUN-1996,DC-10-30,PK-GIE,Garuda,3,Fukuoka Airp...,,,A1
19960613-1,13-JUN-1996,Antonov An-2R,RA-84744,Aviaagro,2,Gorkaya Balk...,, ,A1
19960616-0,16-JUN-1996,Shorts SC.7 Skyvan 3-400,OE-FDI,Pink Aviation Services,0,Hoogeveen,,,A1
19960616-1,16-JUN-1996,DHC-3 Otter,C-FMEL,Wildcountry Airways,0,"near Cochenour, ON",, ,A1
19960617-0,17-JUN-1996,Antonov An-2R,UK-17798,Samarkand Flight Enterprise,,near Madaniat,, ,A1
19960620-0,20-JUN-1996,Grumman G-1159 Gulfstream II,VR-BLJ,NAMCO,12,near Jos Airport ...,,,A1
19960620-1,20-JUN-1996,Douglas DC-3A-S1C3G,N23WT,Loren Davis Ministries,0,Cut and Shoo...,,,A1
19960620-2,20-JUN-1996,Antonov An-2TP,N67AN,N67AN,0,"near Weir, TX",,,A1
19960621-0,21-JUN-1996,Harbin Yunshuji Y-12 II,B-3822,China Flying Dragon,2,near Changhai Air...,, ,A1
19960623-0,23-JUN-1996,Embraer 120RT Brasilia,N168CA,Comair,0,Orlando Inte...,, ,A2
19960624-1,24-JUN-1996,Antonov An-26B,UR-26197,Air Nacoia,4,Cafunfo Airp...,, ,A1
19960628-0,28-JUN-1996,Yakovlev Yak-40,RA-87423,"Sakha Avia, op.for Samordok Aviakompanija",0,Aldan Airpor...,, ,A1
19960628-1,28-JUN-1996,Beech 200 Super King Air,TU-TJE,Air Ivoire,3,near Bouaflé,, ,A1
19960630-0,30-JUN-1996,Boeing 707-369C,5X-JON,"DAS Air Cargo, op.for Air Afrique",0,Bamako Airpo...,,,A1
19960702-0,02-JUL-1996,Dornier Do 28D-2 Skyservant,HK-4044-X,TAS,0,San Vicente ...,, ,A1
19960706-0,06-JUL-1996,MD-88,N927DA,Delta Air Lines,2,Pensacola Re...,,,A2
19960709-0,09-JUL-1996,DHC-6 Twin Otter 300,P2-MBB,Milne Bay Air,20,near Mendi Airpor...,,,A1
19960709-1,09-JUL-1996,BN-2A-21 Islander,N62TA,Tyden Air,0,Saint Thomas...,, ,O1
19960709-2,09-JUL-1996,BN-2A-3 Islander,N67TA,Tyden Air,0,Saint Thomas...,, ,O1
19960711-0,11-JUL-1996,BAe BAe-748-402 Srs. 2B,PK-IHN,Bouraq Indonesia,0,Ambon-Pattim...,,,A1
19960711-1,11-JUL-1996,Let L-410UVP-E9D,VT-ETC,Archana Airways,9,near Kanda,, ,A1
19960714-0,14-JUL-1996,Boeing E-3A Sentry (707-300B),LX-N90457,NATO,0,Préveza-Akti...,,,A1
19960715-0,15-JUL-1996,Lockheed C-130H Hercules,CH-06,Belgian AF,34,Eindhoven Ai...,,,A1
19960717-0,17-JUL-1996,Boeing 747-131,N93119,TWA,230,near East Moriche...,,,A1
19960717-1,17-JUL-1996,DHC-4A Caribou,9Q-CUB,Operation Blessing,0,near Kalemie,,,A1
19960717-2,17-JUL-1996,DHC-6 Twin Otter 300,XA-TCF,"Trans Caribe, op.for Aerolatino",1,Playa del Ca...,,,A1
19960717-3,17-JUL-1996,DHC-5D Buffalo,JW9022,Tanzanian AF,5,Nairobi,, ,A1
19960718-0,18-JUL-1996,Bristol 170 Freighter 31,C-FDFC,Mrs 4000 Investments,0,Enstone Airf...,,,A1
19960720-0,20-JUL-1996,Douglas DC-6A,N313RS,Northern Air Cargo,4,Russian Miss...,,,A1
19960723-0,23-JUL-1996,IAI 1124 Westwind,4X-AIP,Arkia,0,Rosh Pinah,,,A1
19960724-0,24-JUL-1996,Fokker F-27 Friendship 600,XY-AET,Myanma Airways,8,Myeik Airpor...,,,A1
19960725-0,25-JUL-1996,Boeing 767-3D6, ,Air Algérie,0,Oran-Es Seni...,, ,H2
19960725-1,25-JUL-1996,Yakovlev Yak-40,RA-87573,"NovgorodAvia, op.for Weasua Air Transport",0,Monrovia-Spr...,, ,A1
19960725-2,25-JUL-1996,Dassault Falcon 20C,LV-WMM,Estornel Air Service,0,Buenos Aires...,, ,A2
19960726-0,26-JUL-1996,DC-10-30, ,Iberia,0,Miami Intern...,, ,H2
19960727-0,27-JUL-1996,Dornier Do 128-6 Turbo Skyservant,5Y-BLB,Aircraft Leasing Services,0,Atar,, ,A2
19960730-0,30-JUL-1996,Canadair CL-215,I-CFSU,"State Forestry Corps (Italy), op.for SISAM",1,Lago Fanaco,,,A1
19960730-1,30-JUL-1996,Antonov An-2T,1319,Polish Navy,0,Czama Dabrowska,, ,A1
19960730-2,30-JUL-1996,Lockheed L-188C Electra,G-LOFA,Atlantic Cargo,0,near Berlin-Schön...,, ,A2
19960802-0,02-AUG-1996,Boeing 737-2D6C,7T-VED,Air Algérie,0,Tlemcen  Air...,,,A2
19960802-1,02-AUG-1996,Grumman G-159 Gulfstream I,N190LE,Skyways Kenya,0,Lubi,, ,A1
19960803-0,03-AUG-1996,Gulfstream III,F-330,Danish AF,9,near Faroe Island...,, ,A1
19960807-0,07-AUG-1996,BN-2A-8 Islander,VH-FCO,Unknown,0,Horn Island ...,, ,A2
19960807-2,07-AUG-1996,Douglas DC-6A,9Q-CJR,Transair Cargo,0,Luzamba Airp...,,,A1
19960808-0,08-AUG-1996,Dassault Falcon 10,D-CBUR,Burda Holding,4,near Offenburg Ai...,,,A1
19960809-0,09-AUG-1996,DHC-6 Twin Otter 200,LV-LNY,TAPSA,0,Auca Mahuida...,, ,A1
19960809-1,09-AUG-1996,Fokker F-28 Fellowship 4000,5T-CLG,Air Mauritanie,0,Nouakchott A...,,,H2
19960812-2,12-AUG-1996,DHC-6 Twin Otter 300,C-GNDN,First Air,2,"Markham Bay, NU",, ,A1
19960813-0,13-AUG-1996,Learjet 25B,EC-CKR,MAC Aviation ,0,Northolt Air...,,,A1
19960814-1,14-AUG-1996,Douglas DC-4 (C-54A-15-DC),C-FGNI,Air North,1,near Bronson Cree...,,,A1
19960817-0,17-AUG-1996,Antonov An-2TP,RA-01672,Azovtransavia,,Sovetskoye,, ,A1
19960817-1,17-AUG-1996,DHC-8-103,VH-JSI,National Jet Systems,0,Broome Airpo...,, ,A2
19960817-3,17-AUG-1996,Lockheed C-130H Hercules,74-1662,USAF,9,near Jackson Hole...,, ,A1
19960818-0,18-AUG-1996,DHC-3T Vazar Turbine Otter,C-GCMY,Harbour Air,3,near Alliford Bay...,, ,A1
19960819-0,19-AUG-1996,Ilyushin Il-76T,RA-76513,SPair,11,near Beograd Airp...,,,A1
19960821-0,21-AUG-1996,Boeing 707-366C,SU-AVX,EgyptAir,0,Istanbul-Ata...,,,A1
19960825-0,25-AUG-1996,Lockheed L-1011 TriStar 100,N31031,TWA,0,New York-Joh...,, ,A2
19960826-0,26-AUG-1996,Airbus A310-304,F-GKTD,Sudan Airways,0,London-Stans...,, ,H2
19960827-0,27-AUG-1996,Antonov An-2R,ER-33647,Air Moldova,2,Pelinia,, ,A1
19960828-0,28-AUG-1996,BAe BAe-748-402 Srs. 2B LFD,PK-IHT,Bouraq Indonesia,0,Balikpapan-S...,, ,A2
19960829-0,29-AUG-1996,Tupolev Tu-154M,RA-85621,Vnukovo Airlines,141,near Svalbard-Lon...,,,A1
19960830-0,30-AUG-1996,Embraer XC-95B Bandeirante (EMB-110,2315,Brazilian AF,8,"near Queloz, SP",, ,A1
19960903-0,03-SEP-1996,Tupolev Tu-154, ,"Balkan Bulgarian, op.for Hemus Air",0,Oslo-Garderm...,, ,H2
19960905-1,05-SEP-1996,DC-10-10CF,N68055,FedEx,0,Newburgh-Ste...,,,A1
19960913-1,13-SEP-1996,Embraer EMB-110 Bandeirante,PT-WAV,Helisul Taxi Aéreo,2,"near Joinville, SC",, ,A1
19960914-0,14-SEP-1996,Antonov An-12,RA-11916,ELIIP,0,Bryansk Airp...,, ,A2
19960916-0,16-SEP-1996,Shorts SC.7 Skyvan 3-200,N10DA,North Star Air Cargo,0,near Pittsburgh I...,,,A1
19960918-0,18-SEP-1996,Fairchild C-123K Provider,XA-SNB,Krissalan de Aviacion,5,Bahía Tortug...,, ,A1
19960923-0,23-SEP-1996,BN-2A-21 Islander,DQ-FIF,Vanua Air Charter,0,Ngau Island ...,, ,A1
19960925-0,25-SEP-1996,Douglas DC-3C,PH-DDA,DDA,32,near Den Oever,,,A1
19960927-0,27-SEP-1996,Dassault Falcon 10,F-GJMA,Chaillotine Air Service,0,Madrid-Baraj...,,,A1
19960927-1,27-SEP-1996,Boeing 727-223F,EI-HCD,Hunting Cargo Airlines,0,Madrid-Baraj...,,,A2
19960930-0,30-SEP-1996,DHC-6 Twin Otter 200,PK-YPF,Trigana Air Service,0,Ilaga Airpor...,, ,A1
19960999-0,??-SEP-1996,BN-2A-8 Islander,8R-GGR,ASL,0,Hampton Court,, ,A1
19961002-0,02-OCT-1996,Boeing 757-23A,N52AW,AeroPeru,70,"near Lima, Peru",,,A1
19961003-0,03-OCT-1996,DHC-6 Twin Otter 100,9Q-CXK,Malu Aviation,4,near Kahemba,,,A1
19961006-0,06-OCT-1996,Antonov An-12B,RA-11101,"GosNII GA, op.for Savanair (Angola)",6+ 1,Lukapa Airpo...,,,A1
19961007-0,07-OCT-1996,Fokker F-27 Friendship 200,PK-JFK,Sempati Air,0,Singapore-Se...,,,O1
19961008-0,08-OCT-1996,Antonov An-124-100,RA-82069,Aeroflot,2+ 2,San Francesc...,,,A1
19961008-1,08-OCT-1996,Antonov An-2P,UR-70289,private,0,Liberec,, ,A1
19961009-0,09-OCT-1996,Dornier Do 28D-2 Skyservant,HK-3982,Transoriente Colombia,0,Taraira Airf...,,,A1
19961011-0,11-OCT-1996,Swearingen SA226-TC Metro II,CP-1516,STAP,0,Cuiaba Airpo...,, ,A1
19961017-0,17-OCT-1996,Tupolev Tu-154, ,Aeroflot,0,Lagos-Murtal...,, ,H2
19961019-0,19-OCT-1996,MD-88,N914DL,Delta Air Lines,0,New York-La ...,, ,A2
19961021-0,21-OCT-1996,DHC-6 Twin Otter, ,Unknown,0,Nabire Airpo...,, ,H2
19961022-0,22-OCT-1996,Boeing 707-323C,N751MA,Millon Air,4+ 23,near Manta Airpor...,,,A1
19961023-0,23-OCT-1996,Boeing 707-372C,LV-LGP,Argentine AF,2,Buenos Aires...,,,A1
19961023-2,23-OCT-1996,Swearingen SA226-TC Metro II,C-GKFS,Propair,0,Puvirnituq A...,,,A1
19961026-0,26-OCT-1996,Yakovlev Yak-40K,RA-88527,Tyumenaviatrans,5,Khanty-Mansi...,, ,A1
19961030-0,30-OCT-1996,Gulfstream G-IV,N23AC,Alberto-Culver,4,Chicago-Exec...,, ,A1
19961031-0,31-OCT-1996,Fokker 100,PT-MRK,TAM,95+ 4,near São Paulo-Co...,,,A1
19961031-1,31-OCT-1996,Douglas DC-3C,N37AP,Flamenco Airways,0,near San Juan-Isl...,,,A1
19961101-0,01-NOV-1996,Embraer EMB-110P1 Bandeirante,TG-TPA,TAPSA,14,near Flores-Santa...,,,A1
19961101-1,01-NOV-1996,Swearingen SA226-TC Metro II,C-FHOZ,Perimeter Airlines,0,Gods River A...,, ,A1
19961106-0,06-NOV-1996,Antonov An-24RV,RA-47356,Sakha Avia,0,Ust-Nera Air...,,,A1

19961106-1,06-NOV-1996,MD-11,N271WA,"Malaysia Airlines, lsf World Airways",0,Buenos Aires...,, ,A2
19961107-0,07-NOV-1996,Boeing 727-231,5N-BBG,ADC Airlines,144,near Ejirin,,,A1
19961112-0,12-NOV-1996,Boeing 747-168B,HZ-AIH,Saudi Arabian,312,near Charki Dadri,,,A1
19961112-1,12-NOV-1996,Ilyushin Il-76TD,UN-76435,Kazakhstan Airlines,37,near Charkhi Dadri,,,A1
19961114-0,14-NOV-1996,Antonov An-2T,RA-40309,Komi Avia,14,Most Pyssa,, ,A1
19961115-0,15-NOV-1996,Boeing 757-25C, ,Xiamen Airlines,0,Xiamen Airpo...,, ,H2
19961116-0,16-NOV-1996,Tupolev Tu-134B-3,VN-A114,Vietnam Airlines,0,Da Nang Airp...,, ,A1
19961116-1,16-NOV-1996,NAMC YS-11-109,RP-C1981,Air Philippines,0,Naga Airport...,,,A1
19961117-0,17-NOV-1996,Embraer P-95B Bandeirulha (EMB-111),7102,Brazilian AF,9,"Caruaru, PE",, ,A1
19961118-0,18-NOV-1996,Lockheed PV-1 Ventura,VH-SFF,RAAF Museum,0,near Richmond RAA...,, ,A1
19961119-0,19-NOV-1996,Beech 1900C-1,N87GL,"United Express, opb Great Lakes Airlines",12,Quincy Munic...,,,A1
19961119-1,19-NOV-1996,Grumman G-159 Gulfstream I,C-GPTA,Airwave,0,Toronto-Pear...,,,O1
19961122-0,22-NOV-1996,Antonov An-32A,RA-48104,Turin Flight Enterprise,0,Baykit,, ,A1
19961122-1,22-NOV-1996,Lockheed HC-130P Combat King,64-14856,USAF,10,near Cape Mendoci...,, ,A1
19961123-0,23-NOV-1996,Boeing 767-260ER,ET-AIZ,Ethiopian Airlines,125,"near Mitsamiouli,...",,,H1
19961126-0,26-NOV-1996,Cessna 208B Grand Caravan,N4704B,Arctic Transportation Services,1,"near Bethel, AK",,,A1
19961127-0,27-NOV-1996,Ilyushin Il-76MD,RA-78804,Russian AF,23,near Abakan Airpo...,, ,A1
19961127-1,27-NOV-1996,PADC/BN-2A-26 Islander,8R-GRA,Roraima Airways,0,near Ebini,, ,H2
19961127-2,27-NOV-1996,Swearingen SA227-DC Metro 23,VH-WAJ,Skippers Aviation,0,Bronzewing A...,, ,A2
19961128-0,28-NOV-1996,Beech A100 King Air,RP-C710,Soriano Aviation,0,San Jose-McG...,, ,A1
19961130-0,30-NOV-1996,DHC-6 Twin Otter 300,HK-2602,ACES,14,near Medellín-Enr...,,,A1
19961130-1,30-NOV-1996,Morane Saulnier MS.760B Paris II,N2TE,private,3,near Santa Ana-Jo...,, ,A1
19961199-0,??-NOV-1996,Fairchild F-27,CX-BRS,LADESA,0,Ciudad del E...,,,A1
19961202-0,02-DEC-1996,Let L-410UVP,RA-67436,Kostroma Air Enterprise,0,Nyagan Airport,,,A1
19961206-0,06-DEC-1996,Beech 99,C-GSFP,Contact Air,0,Fort Chipewy...,,,A1
19961206-1,06-DEC-1996,Learjet 36A,N14TX,Chrysler Aviation,2,near Stephenville...,, ,A1
19961206-2,06-DEC-1996,Yakovlev Yak-40, ,Krasnoyarskie Avialinii,0,Boguchany,, ,H2
19961207-0,07-DEC-1996,CASA/Nurtanio NC-212 Aviocar,PK-VSO,Dirgantara Air Services,16+ 2,near Banjarmasin-...,, ,A1
19961208-0,08-DEC-1996,Fokker 50,PH-KVK,KLM Cityhopper,0,London-Heath...,,,A2
19961209-0,09-DEC-1996,Douglas C-47A (DC-3),N75142,"Desert Air Transport, op.for Emery Worldwide",2,Boise Air Te...,,,A1
19961209-1,09-DEC-1996,Transall C-160R,R-155/61-ZU,French AF,0,Chevilly,, ,A1
19961210-0,10-DEC-1996,Antonov An-74-200,RA-74037,Vostsibaero,0,Mirny Airpor...,, ,A1
19961212-0,12-DEC-1996,Avro RJ100,HB-IXR,Crossair,0,Zürich-Klote...,, ,A2
19961213-0,13-DEC-1996,CASA/Nurtanio NC-212 Aviocar,PK-NCO,Merpati Nusantara,0,Kupang-El Ta...,, ,A1
19961215-0,15-DEC-1996,Beech 200 Super King Air,OB-1509,TAMSA,,,, ,U1
19961217-2,17-DEC-1996,DC-8-55F,9G-MKD,MK Airlines,0,Port Harcour...,,,A1
19961217-3,17-DEC-1996,Antonov An-12RR,21 red,Russian AF,17,near Andreapol Ai...,, ,A1
19961219-0,19-DEC-1996,Airbus A320-231,F-OHMK,Mexicana,0,Villahermosa...,, ,A2
19961221-0,21-DEC-1996,Antonov An-32B,HK-4008X,SELVA Colombia,4,near Rionegro/Med...,,,A1
19961222-0,22-DEC-1996,DC-8-63F,N827AX,Airborne Express,6,"near Narrows, VA",,,A1
19961223-0,23-DEC-1996,Antonov An-72, ,Federal Border Guard,0,Nagurskoye A...,, ,A1
19961224-0,24-DEC-1996,Learjet 35A,N388LS,Aircraft Charter Group,2,"near Dorchester, NH",, ,A1
19961224-1,24-DEC-1996,HAL-748,H-1032,Indian AF,22,Dubagunta,, ,A1
19961224-2,24-DEC-1996,DHC-6 Twin Otter 300,PK-NUU,Merpati Nusantara,0,Kamur Airpor...,, ,A2
19961228-0,28-DEC-1996,Boeing 737-2A8F,VT-EDS,Blue Dart Aviation,0,Bangalore-Hi...,, ,A2
19961299-0,??-DEC-1996,BN-2A-9 Islander,PT-KAB,Geomag,,,, ,A1
19969999-0,??-???-1996,Yakovlev Yak-40,RA-87290,Weasua Air Transport,0,Monrovia-Spr...,, ,O1
19969999-1,??-???-1996,Antonov An-32B,ER-48077,Virunga Air Charter,0,Kalima-Kakun...,,,A1
19969999-2,??-???-1996,Dornier Do 28D-2 Skyservant,TG-JAN,private,,unknown,, ,U1
19969999-3,??-???-1996,Yakovlev Yak-40K,RA-87999,Weasua Air Transport,0,Monrovia-Spr...,, ,O1

19960102-0,02-JAN-1996,Saab 2000,HB-IZA,Crossair,0,Genève-Coint...,, ,A2
19960102-1,02-JAN-1996,Cessna 560 Citation Ultra,VR-BQB,Jet Aviation,0,Augsburg Air...,, ,A2
19960104-0,04-JAN-1996,Beech B100 King Air,N924WS,West Star Aviation,0,Miles City M...,, ,A2
19960104-1,04-JAN-1996,Convair CV-440F SCD,N358SA,Salair,0,Spokane Inte...,,,A1
19960106-0,06-JAN-1996,Antonov An-32B,OB-1604,Imperial Air,0,Chachapoyas ...,,,A1
19960106-1,06-JAN-1996,Learjet 60,XA-ICA,ICA,0,Aspen Airpor...,, ,A2
19960106-2,06-JAN-1996,Airbus A321-131, ,TransAsia Airways,0,Tainan Airpo...,, ,H2
19960107-1,07-JAN-1996,DC-9-32,N922VV,ValuJet Airlines,0,Nashville In...,, ,A2
19960108-0,08-JAN-1996,Antonov An-32B,RA-26222,"Moscow Airlines, op.for African Air",0+ 237,Kinshasa-N'D...,,,A1
19960108-1,08-JAN-1996,BN-2A-27 Islander,J8-VAK,Mustique Airways,1,"near Bridgetown, ...",, ,A1
19960118-0,18-JAN-1996,BAe-125-700B,5N-AXO,Nigerian Government,14,near Kano-Aminu K...,,,A1
19960123-0,23-JAN-1996,Boeing 747-243B,I-DEML,Alitalia,0,Miami Intern...,, ,A2
19960123-1,23-JAN-1996,MD-11,PP-SPE,VASP,0,Miami Intern...,, ,A2
19960124-0,24-JAN-1996,Dassault Falcon 10,N191MC,Masco Corporation,0,Detroit-Metr...,, ,A1
19960124-1,24-JAN-1996,IAI 1123 Westwind,LV-WJU,Flymell,0,Buenos Aires...,, ,A2
19960125-0,25-JAN-1996,Swearingen SA227-AC Metro III,LV-AOR,TAN,0,Rincón de Lo...,, ,A1
19960128-2,28-JAN-1996,Douglas DC-8-55F,Z-WSB,Affretair,0,Harare Airpo...,,,A1
19960129-0,29-JAN-1996,Cessna 208 Caravan I,ZK-SFA,Soundsair,5,near Blenheim,,,A1
19960199-0,??-JAN-1996,Douglas DC-3D,5Y-BIL,Branton Air Service,,Nairobi-Wils...,,,U1
19960204-0,04-FEB-1996,Douglas DC-8-55F,HK-3979X,LAC Colombia,4+ 18,near Asunción-Sil...,,,A1
19960204-1,04-FEB-1996,Cessna 500 Citation I,PT-KPA,Táxi Aéreo Weston,0,Fazenda Mata...,, ,A1
19960204-2,04-FEB-1996,Antonov An-32B,UR-48008,Ukraine Air Alliance,0,Luremo Airstrip,, ,A1
19960205-0,05-FEB-1996,Convair C-131E (CV-440),N131T,Business Air Connection,4,near Saint Johns ...,,,A1
19960206-0,06-FEB-1996,Boeing 757-225,TC-GEN,"Birgenair, op.for Alas Nacionales",189,near Puerto Plata...,,,A1
19960206-1,06-FEB-1996,Cessna 500 Citation I,XA-SLQ,Aérotaxi Cachanilla,8,near Ensenada Air...,, ,A1
19960209-0,09-FEB-1996,BN-2B-20 Islander,JA5322,Nagasaki Airways,0,near Kawatana,, ,A1
19960212-0,12-FEB-1996,GAF Nomad N.24A,N224E,Haiti Express Airways,10,Port-au-Prin...,, ,A1
19960214-0,14-FEB-1996,Shorts 330-200,OY-MUB,Muk Air Taxi,0,Bornholm-Røn...,, ,A2
19960216-1,16-FEB-1996,DHC-6 Twin Otter 300,TG-JAK,AVCOM,2,"El Zapotal, ...",, ,A1
19960219-0,19-FEB-1996,DC-9-32,N10556,Continental Air Lines,0,Houston-Inte...,,,A1
19960219-1,19-FEB-1996,Cessna 550 Citation II,D-CASH,"Private Wings, op.for Alp-Air",10,near Freilassing,, ,A1
19960222-1,22-FEB-1996,Antonov An-24RV,YR-BMK,Romanian CAA,8+ 2,near Baia Mare Ai...,, ,A1
19960224-0,24-FEB-1996,Antonov An-12BP,RA-11403,Sakha Avia,0,near Omsk,,,A1
19960224-1,24-FEB-1996,Cessna 208 Caravan I,3010,South African AF,0,near Bulwer,, ,A1
19960225-0,25-FEB-1996,Antonov An-24RV,XU-314,Kampuchea Airlines,0,Ban Lung-Rat...,, ,A1
19960226-0,26-FEB-1996,Lockheed C-130H Hercules, ,Sudan AF,91,near Jabal Awliya,, ,A1
19960227-0,27-FEB-1996,Fokker F-27 Friendship 600,PK-JFH,Sempati Air,0,Palangkaraya...,, ,A2
19960227-1,27-FEB-1996,Antonov An-12BP,ER-ACE,Aero Tropical,8,near Lukapa,,,A1
19960229-0,29-FEB-1996,Boeing 737-222,OB-1451,Faucett,123,near Arequipa-Rod...,,,A1
19960302-0,02-MAR-1996,Learjet 25D,PT-LSD,Madrid Táxi Aéreo,9,near São Paulo-Gu...,, ,A1
19960304-0,04-MAR-1996,Swearingen SA-226TC Metro II,OY-BJT,Jetair,0,Aarhus-Tirst...,, ,A2
19960308-0,08-MAR-1996,Boeing 727, ,Kibris THY,0,München-Fran...,, ,H2
19960308-1,08-MAR-1996,Boeing 767-375ER,C-FOCA,Canadian Airlines,0,Halifax Inte...,, ,A2
19960309-1,09-MAR-1996,DHC-6 Twin Otter 200,N245GW,Carson Helicopters,3,near Bagua,,,A1
19960310-0,10-MAR-1996,Boeing 737-4Q8,B-2960,Hainan Airlines,0,Zhuhai Airpo...,, ,H2
19960310-1,10-MAR-1996,CASA/Nurtanio NC-212 Aviocar,PK-NCU,Merpati Nusantara,0,Soroako Airp...,, ,A2
19960311-1,11-MAR-1996,Antonov An-26,ST-FAR,Farnas Aviation Services,0,El Obeid Air...,, ,A1
19960317-0,17-MAR-1996,BN-2A-21 Islander,N904WA,Wagner Foundation,0,near Njarðvík,, ,A1
19960320-0,20-MAR-1996,Antonov An-26, ,Sudan AF,,Kuli Papa,, ,C1
19960324-0,24-MAR-1996,Vickers 808C Viscount,G-OPFE,British World,0,Belfast Inte...,,,A1
19960324-1,24-MAR-1996,unknown, ,Sudan Airways,0,Asmara Inter...,, ,H2
19960326-0,26-MAR-1996,Tupolev Tu-154M,EP-ITS,Iran Airtour,0,Mashhad Airp...,, ,A2
19960326-1,26-MAR-1996,BN-2A-21 Islander,PK-VIW,Dirgantara Air Services,0,Datadawai Ai...,, ,A2
19960327-0,27-MAR-1996,Airbus A320-231, ,EgyptAir,0,Derna-Martub...,, ,H2
19960330-0,30-MAR-1996,Douglas C-47B (DC-3),HK-2497,LANC Colombia,0,near Villavicencio,,,A1
19960331-0,31-MAR-1996,Cessna 500 Citation I,N727TK,TKA Express,0,Salt Lake Ci...,, ,A2
19960402-0,02-APR-1996,Boeing 737-3Y0,EI-BZF,Philippine Air Lines,0,Manila Inter...,, ,A2
19960402-1,02-APR-1996,DHC-6 Twin Otter 200,RP-C1154,Pacific Airways,0,Manila Inter...,,,A1
19960402-2,02-APR-1996,Cessna 208B Grand Caravan,C-FLAQ,Labrador Airways,0,Nain Airport...,, ,A2
19960403-0,03-APR-1996,Boeing T-43A (737-200),73-1149,USAF,35,near Dubrovnik Ai...,,,A1
19960404-0,04-APR-1996,BAe ATP, ,Biman Bangladesh,0,Barisal Airp...,, ,H2
19960405-0,05-APR-1996,Ilyushin Il-76TD,RA-76752,Krasnoyarskie Avialinii,20,near Petropavlovs...,,,A1
19960405-1,05-APR-1996,Dornier 228-212,B-12257,Formosa Airlines,6,near Matsu Airpor...,, ,A1
19960405-2,05-APR-1996,Xian Yunshuji Y-7H,5T-MAF,Mauritanian AF,8,near Nouadhibou,, ,A1
19960407-0,07-APR-1996,DHC-6 Vista Liner 300,N143SA,Dolphin Express Airlines,0,Virgin Gorda...,, ,A1
19960407-1,07-APR-1996,BN-2A-21 Islander,VH-HIA,Island Air Gold Coast,0,"Currumbin, QLD",, ,A1
19960412-0,12-APR-1996,Swearingen SA226-TC Metro II,LV-WNY,Alas del Sur,0,Comodoro Riv...,, ,A2
19960414-0,14-APR-1996,DHC-3 Otter,C-FVVY,Propair,0,Kuujjuarapik...,, ,A2
19960416-0,16-APR-1996,Fokker F-27 Friendship 500,PK-MFW,Merpati Nusantara,0,Kupang-El Ta...,, ,A2
19960419-0,19-APR-1996,Swearingen SA226-TC Metro II,VH-UUK,Jetcraft Aviation,0,Bankstown Ai...,, ,A2
19960420-0,20-APR-1996,Antonov An-2TP,RA-33631,Cherskoye Aviation Enterprise,,near Anadyrsky Liman,, ,A1
19960423-0,23-APR-1996,Antonov An-2R,RA-84646,Voronezh Avia,0,"Zhuravka, Ve...",, ,A1
19960424-0,24-APR-1996,Dassault Falcon 20F,RP-C1980,Bangko Sentral Ng Pilipinas,0,Davao-Mati A...,, ,A1
19960424-1,24-APR-1996,Cessna F406 Caravan II,5H-TZD,Tanzanair,1,Palapala hil...,,,A1
19960425-1,25-APR-1996,BAe BAe-748-352 Srs. 2B SCD,9N-ABR,Royal Nepal Airlines,0,Meghauli Air...,,,A1
19960430-0,30-APR-1996,BN-2A-21 Defender,XU-MLB,Royal Cambodian Air Force,0,Preah Vihear...,, ,A1
19960501-0,01-MAY-1996,Rockwell Sabreliner 75A,N773W,U.S. Department of Agriculture,0,Albuquerque ...,, ,A2
19960501-2,01-MAY-1996,Boeing 727-2B6,PP-LBY,Fly Linhas Aéreas,0,Quito-Marisc...,,,A1
19960503-0,03-MAY-1996,Antonov An-24RV,ST-FAG,Federal Airlines,53,near Haj Yousif,,,A1
19960503-3,03-MAY-1996,Swearingen SA227-AC Metro III,N670PA,PenAir,0,St. George I...,,,A1
19960505-0,05-MAY-1996,Douglas DC-3C,C-GCZG,Aviation Boreal,0,"Kenty Lake, QC",,,A1
19960509-0,09-MAY-1996,DHC-3 Otter,C-GDOB,Buffalo Narrows Airways,2,"near Terrace, BC",, ,A1
19960510-1,10-MAY-1996,DHC-6 Twin Otter 200,XA-SWJ,Aero Servicios Empresariales,17,Santa Maria ...,,,A1
19960511-0,11-MAY-1996,DC-9-32,N904VJ,ValuJet Airlines,110,"Everglades, FL",,,A1
19960511-1,11-MAY-1996,Antonov An-32B,FAP-326,Peruvian AF,,near Andoas,, ,A1
19960511-2,11-MAY-1996,BN-2A-20 Islander,P2-ISD,Milne Bay Air,1,near Umba,, ,A1
19960512-0,12-MAY-1996,Beech 300LW Super King Air,OE-FEM,Airlink,4,near Linz,, ,A1
19960514-0,14-MAY-1996,Douglas DC-9-15,XA-SNR,Allegro Airlines,0,Tampico-Gen ...,,,A1
19960515-0,15-MAY-1996,Lockheed C-130H Hercules,TC-67,Argentine AF,0,Tandil Airpo...,,,A1
19960515-1,15-MAY-1996,Beech 200 Super King Air,N1865D,R & B Leasing,2,Treasure Cay...,, ,A1
19960515-2,15-MAY-1996,Airbus A300B4-622R,JA8377,Japan Air System,0,Tokyo-Haneda...,, ,A2
19960517-0,17-MAY-1996,Airbus A300B4-203,TC-ALP,Air Alfa,0,Istanbul-Ata...,,,O1
19960517-1,17-MAY-1996,Swearingen SA226-TC Metro II,N229AM,Airvantage,0,Fargo-Hector...,,,A2
19960517-2,17-MAY-1996,DHC-8-103,VH-JSI,National Jet Systems,0,"near Broome, WA",, ,A2
19960518-1,18-MAY-1996,Let L-410UVP-E9D,VT-ETB,Archana Airways,0,Kanpur Airpo...,, ,A1
19960519-0,19-MAY-1996,Embraer C-95A Bandeirante (EMB-110K,2295,Brazilian AF,4,Caravelas Ai...,,,A1
19960519-1,19-MAY-1996,BN-2A-26 Islander,G-BEDZ,Loganair,1,near Lerwick/Ting...,, ,A1
19960528-2,28-MAY-1996,Tupolev Tu-154M,LZ-MIR,Varna International Airways,0,Leipzig Airp...,, ,A2
19960529-0,29-MAY-1996,BN-2A-27 Islander,8R-GHG,Trans Guyana Airways,0,Holitipu Air...,, ,A1
19960601-0,01-JUN-1996,Fairchild RC-119L Flying Boxcar,3181,Republic of China AF,0,Ping Tung Ai...,, ,O1
