identifiant,date,type,registration,operator,fat.,location, ,pic,cat

20180104-0,04-JAN-2018,Gulfstream G150,OE-GKA,Private Airlines Germany,0+ 1,Kittilä Airp...,,,A2
20180105-0,05-JAN-2018,Boeing 737-8CT (WL),C-FDMB,WestJet,0,Toronto-Pear...,,,A2
20180105-1,05-JAN-2018,Boeing 737-8FH (WL),C-FPRP,Sunwing Airlines,0,Toronto-Pear...,,,A2
20180106-0,06-JAN-2018,Antonov An-2TP,YV1944,Unknown,0,La Paragua A...,, ,A1
20180107-0,07-JAN-2018,Cessna 208B Grand Caravan,5Y-FDC,Unknown,0+ 1,Akobo,,,A1
20180109-0,09-JAN-2018,Embraer EMB-110P1 Bandeirante,C6-MIC,Pineapple Air,0,Governor's H...,, ,A2
20180110-0,10-JAN-2018,Swearingen SA227-AT Merlin IVC,N561UP,Ameriflight,0,Rock Springs...,,,A2
20180113-0,13-JAN-2018,Boeing 737-82R (WL),TC-CPF,Pegasus Airlines,0,Trabzon Airp...,,,A1
20180115-0,15-JAN-2018,Airbus A319-111,5A-ONC, Afriqiyah Airways,0,Tripoli-Miti...,, ,C1
20180116-0,16-JAN-2018,BAe BAe-748-347 Srs. 2A,S2-AAX,Bismillah Airlines,0,Jessore Airp...,, ,A2
20180116-1,16-JAN-2018,Antonov An-2, ,Kazakhstan Air Defence Force,0,near Zhetygen Air...,, ,A1
20180117-0,17-JAN-2018,IPTN/CASA CN-235M-100,98-148,Turkish AF,3,Hodulluca Me...,, ,A1
20180118-0,18-JAN-2018,Convair CV-580F,XA-TRB,Air Tribe,0,Brownsville-...,, ,A1
20180120-0,20-JAN-2018,Embraer EMB-120ER Brasilia,5Y-CEI,"European Union, lsf AirTraffic Africa",0,Mogadishu Ad...,, ,A2
20180120-1,20-JAN-2018,Let L-410UVP,UR-VTV,Galeyr Airline,0,Mogadishu Ad...,, ,A1
20180125-0,25-JAN-2018,Gulfstream G200,5N-BTF,Nestoil,0,Abuja Intern...,, ,A1
20180125-1,25-JAN-2018,Airbus A320, ,Unknown,0,Berlin-Schön...,, ,A2
20180129-0,29-JAN-2018,Shaanxi Y-8GX-3,30513,China Air Force,12,"Zhengchang, ...",,,A1
20180211-0,11-FEB-2018,Antonov An-148-100B,RA-61704,Saratov Airlines,71,near Stepanovskoy...,,,A1
20180216-0,16-FEB-2018,Fokker 100,EP-FQF,Qeshm Air,0,Mashhad Airp...,, ,A2
20180218-0,18-FEB-2018,ATR 72-212,EP-ATS, Iran Aseman Airlines,66,near Yasuj Airpor...,,,A1
20180220-0,20-FEB-2018,MD-83,5N-SRI,Dana Air,0,Port Harcour...,,,A2
20180221-0,21-FEB-2018,Cessna 208B Grand Caravan,G-BZAH,Army Parachute Association,0,Netheravon A...,, ,A2
20180223-0,23-FEB-2018,Beech B100 King Air,C-GIAE,Island Express Air,0,Abbotsford A...,,,A2
20180226-0,26-FEB-2018,Beech A100 King Air,C-GJXF,Strait Air,0,Havre-Saint-...,,,A2
20180228-0,28-FEB-2018,Airbus A320-214,ES-SAN,SmartLynx Airlines Estonia,0,Tallinn-Lenn...,, ,A1
20180301-0,01-MAR-2018,Beech 200 Super King Air,YV1909,Unknown,0,Charallave-Ó...,, ,A2
20180304-0,04-MAR-2018,Boeing 737-322 (SF),9S-ASG, Serve Air,0,Lubumbashi I...,, ,A2
20180306-0,06-MAR-2018,Antonov An-26,RF-92955/52,Russian AF,39,near Latakia-Khme...,, ,A1
20180311-0,11-MAR-2018,Canadair Challenger 604,TC-TRB,MC Aviation,11,near Shahr-e Kurd,,,A1
20180312-0,12-MAR-2018,DHC-8-402Q Dash 8,S2-AGU,US-Bangla Airlines,51,Kathmandu-Tr...,,,A1
20180315-0,15-MAR-2018,Beech B200 Super King Air,YV3284 ?,Unknown,0,"near Blue Creek, ...",, ,A1
20180316-0,16-MAR-2018,Beech C99,N213AV,Ameriflight,0,Hastings Air...,, ,A2
20180317-0,17-MAR-2018,Canadair CRJ-200ER,C-FDJA,"Air Canada Express, opb Jazz Aviation",0,Montreal-Pie...,, ,A2
20180320-0,20-MAR-2018,DHC-6 Twin Otter 300,N716JP,Bald Mountain Air Services,0,"near Deadhorse, AK",, ,A2
20180325-0,25-MAR-2018,ATR 42-500,F-GPYF,HOP!,0,Aurillac Air...,,,I2
20180326-0,26-MAR-2018,CASA C-212 Aviocar,N217BH,Bighorn Airways,0,Sheridan Air...,, ,O2
20180326-1,26-MAR-2018,CASA C-212 Aviocar 200,N107BH,Bighorn Airways,0,Sheridan Air...,, ,A2
20180327-0,27-MAR-2018,Airbus A319-111,G-EZMK,easyJet,0,Murcia-San J...,, ,A2
20180328-0,28-MAR-2018,Boeing 737-76J (WL),D-ABLB,Germania,0,Tel Aviv-Ben...,,,A2
20180328-1,28-MAR-2018,Boeing 767-3Q8ER,4X-EAK,El Al,0,Tel Aviv-Ben...,,,A1
20180329-0,29-MAR-2018,Swearingen SA227-DC Metro 23,CP-2459,Línea Aérea Amaszonas,0,Riberalta-Ca...,, ,A2
20180329-1,29-MAR-2018,ATR 72-212A (ATR 72-600),XA-UYY,Aeromar,0,Mexico City-...,, ,A2
20180329-2,29-MAR-2018,ATR 42-500,XA-UAV,Aeromar,0,Mexico City-...,, ,A2
20180329-3,29-MAR-2018,Beech 99,N31TN,Lake Clark Air,0,Pilot Point ...,, ,A2
20180330-0,30-MAR-2018,Cessna 650 Citation III,N126MT,2M Leasing,0,Orlando-Cent...,, ,A1
20180330-1,30-MAR-2018,Antonov An-12BK,UR-KDM,Cavok Air,0,Gao Airport ...,, ,I2
20180331-0,31-MAR-2018,Cessna 208B Grand Caravan,N9339B,Skydive the Ranch,0,near Gardiner Air...,, ,A1
20180402-0,02-APR-2018,Cessna 525C Citation CJ4,N511AC,Avis Industrial Corporation,0,Marion Munic...,, ,A2
20180404-0,04-APR-2018,Learjet 45XR,N618CW,ERG Holdings,0,Houston-Will...,, ,O1
20180404-1,04-APR-2018,Learjet 40XR,N626FX,Union Gas Air Ventures I,0,Houston-Will...,, ,O1
20180404-2,04-APR-2018,Cessna 560XL Citation Excel,N900WL,MTC Enterprises,0,Houston-Will...,,,O1
20180404-3,04-APR-2018,Learjet 60,N759SH,Henning Aviation,0,Houston-Will...,, ,O1
20180405-0,05-APR-2018,Antonov An-26,UP-AN607,Mega Aircompany,0,Wau Airport ...,, ,A2
20180409-0,09-APR-2018,Boeing 737-9B5,HL7725,Korean Air,0,Osaka-Kansai...,,,A2
20180409-1,09-APR-2018,Beech 200 Super King Air,LN-NOA,Airwing,0,Stavanger-So...,, ,A1
20180411-0,11-APR-2018,Ilyushin Il-76TD,7T-WIV,Algerian AF,257,near Boufarik Air...,, ,A1
20180411-1,11-APR-2018,Cessna 208B Grand Caravan,N814GV,"Hageland Aviation Services, opf Ravn Connect",0,near Atqasuk Airp...,, ,A2
20180412-0,12-APR-2018,Cessna 208B Grand Caravan,5Y-SAV,Penial Air,0,"El Barde, So...",, ,A2
20180413-0,13-APR-2018,Lockheed P-3C Orion, ,US Navy,0,"near Omaha, NE",, ,A1
20180414-0,14-APR-2018,Antonov An-74-200,EK-74036,Ayk Avia,0,Akola village,, ,A1
20180415-0,15-APR-2018,Airbus A321-213,B-6555,Air China,0,Zhengzhou-Xi...,, ,H2
20180415-1,15-APR-2018,Cessna 525 CitationJet,N525P,private,1,"near Crozet, VA",, ,A1
20180415-2,15-APR-2018,Cessna 550 Citation Bravo,N4AT,Private,0,Winnipeg-Jam...,,,A2
20180415-3,15-APR-2018,Bombardier Challenger 605,C-FXWT,Morningstar Partners,0,Winnipeg-Jam...,,,O2
20180415-4,15-APR-2018,DHC-6 Twin Otter 100,C-FSCA,Transwest Air,0,Prince Alber...,, ,O1
20180415-5,15-APR-2018,Saab 340B,C-GTWK,Transwest Air,0,Prince Alber...,, ,O1
20180416-0,16-APR-2018,Cessna 525 CitationJet CJ1,D-ISWA,private,0,Le Touquet A...,, ,A2
20180417-0,17-APR-2018,Boeing 737-7H4 (WL),N772SW,Southwest Airlines,1,near Philadelphia...,,,A1
20180417-1,17-APR-2018,DHC-8-402Q Dash 8,G-JECX,Flybe,0,Newquay-Corn...,,,A2
20180418-0,18-APR-2018,Airbus A330-302,N806NW,Delta Air Lines,0,Atlanta-Will...,, ,A2
20180420-0,20-APR-2018,MD-83,N807WA,World Atlantic Airlines,0,Alexandria I...,,,A1
20180429-0,29-APR-2018,Boeing 737-8GP (WL),PK-LOO,Lion Air,0,Gorontalo-Ja...,,,A2
20180429-1,29-APR-2018,Lockheed C-130H-30 Hercules, ,Libyan Air Force,3,near Sharara Airs...,, ,A1
20180429-2,29-APR-2018,Beech 1900C,N172GA,Alpine Aviation,0,Sioux Falls ...,, ,A2
20180430-0,30-APR-2018,Boeing 737-8AS (WL),EI-GDZ,Ryanair,0,London-Stans...,, ,A2
20180502-0,02-MAY-2018,Lockheed WC-130H Hercules,65-0968,USAF,9,near Savannah/Hil...,,,A1
20180502-1,02-MAY-2018,Beech C99,PNC0203,Colombian Police,4,near Ibagué,,,A1
20180503-0,03-MAY-2018,Dassault Falcon 900EX,ZS-DEX,Blueport Trade 121,0,Johannesburg...,, ,A2
20180504-0,04-MAY-2018,Cessna 525C Citation CJ4,EC-MOQ,Aluminios Cortizo,0,Santiago de ...,,,A2
20180505-0,05-MAY-2018,Embraer KC-390,PT-ZNF,Embraer,0,Gavião Peixo...,, ,A2
20180507-0,07-MAY-2018,Boeing 737-8H4 (WL),N8655D,Southwest Airlines,0,Baltimore/Wa...,, ,A2
20180512-0,12-MAY-2018,Lockheed L-100-30 Hercules,N403LC,"Lynden Air Cargo, opf PNG Air",0,Port Moresby...,,,A2
20180512-1,12-MAY-2018,Boeing 737-8BK (WL),P2-PXE,Air Niugini,0,Port Moresby...,,,A2
20180513-0,13-MAY-2018,Airbus A321-231,TC-JMM,THY,0,Istanbul-Ata...,,,A2
20180513-1,13-MAY-2018,Airbus A330-323,HL7792,Asiana Airlines,0,Istanbul-Ata...,,,A2
20180513-2,13-MAY-2018,Cessna 208B Grand Caravan,G-KNYS,"Irish Parachute Club, lsf Parachuting Caravan Leasing",2,near Clonbullogue...,,,A1
20180515-0,15-MAY-2018,Cessna 208B Grand Caravan, ,private,2,near Tuzantán,, ,A1
20180516-0,16-MAY-2018,Cessna 208B Grand Caravan,9N-AJU, Makalu Air,2,Bahun Khark,,,A1
20180518-0,18-MAY-2018,Boeing 737-201,XA-UHZ,"Cubana, lsf Global Air",112,near Havana-José ...,,,A1
20180520-0,20-MAY-2018,Gulfstream G200 Galaxy,B-8129,Star Jet,0,Yangzhou Tai...,, ,A2
20180521-0,21-MAY-2018,Airbus A330-243,TC-OCH,"Saudi Arabian, lsf Onur Air",0,Jeddah-King ...,,,A1
20180522-0,22-MAY-2018,Cessna 208B Grand Caravan,PT-FLW,Amazonaves Táxi Aéreo,0,near Manaus-Aeroc...,, ,A1
20180522-1,22-MAY-2018,Gulfstream G200 Galaxy,N813WM,Silver Air,0,Tegucigalpa-...,,,A1
20180524-0,24-MAY-2018,Swearingen SA227-AC Metro III,XA-UPP,Aeronaves TSM,0,Saltillo-Pla...,, ,A2
20180530-0,30-MAY-2018,Cessna 208B Grand Caravan,5X-MRH,"Air Serv Limited, opf UNHAS",0,Kamonia Airs...,, ,A1
20180530-1,30-MAY-2018,Cessna 208B Grand Caravan,5Y-ETY,Asure Air,0,near Obo-AIM Airf...,, ,A2
20180603-0,03-JUN-2018,Lockheed C-130H Hercules,7T-WHT,Algerian AF,1,near Biskra Airpo...,, ,A1
20180605-0,05-JUN-2018,Cessna 208B Grand Caravan,5Y-CAC,Fly-SAX,10,near Njabini,, ,A1
20180606-0,06-JUN-2018,Cessna 525A CitationJet CJ2+,D-IULI,ProAir,0,Saint Tropez...,, ,A1

20181208-1,08-DEC-2018,Beech 200 Super King Air, ,Unknown,0,"Corozo, Sarstún",, ,O1
20181208-2,08-DEC-2018,Beech 200 Super King Air,VH-ODI,Desert-Air Safaris,0,Mount Gambie...,,,A2
20181211-0,11-DEC-2018,Boeing 777-333ER,C-FITW,Air Canada,0,Hong Kong-Ch...,, ,A2
20181215-0,15-DEC-2018,Learjet 35A,N55FN,Med Air,0,Key West Int...,,,A2
20181218-0,18-DEC-2018,Dornier 228-201,S9-AUN,Africa's Connection STP,0,São Tomé Isl...,, ,A2
20181220-0,20-DEC-2018,Cessna 560 Citation V,N188CW,Chen Aircrafts,4,near Atlanta-Fult...,, ,A1
20181220-1,20-DEC-2018,Antonov An-26B,9S-AGB, Gomair,7,near Kinshasa-N'D...,, ,A1
20181222-0,22-DEC-2018,PZL-Mielec M28 Skytruck,GNB-96107,Venezuela ANG,0,Kamarata Air...,, ,A2
20181224-0,24-DEC-2018,Antonov An-26B,9T-TAB,D.R. Congo AF,0,Beni Airport...,,,A1

20180606-1,06-JUN-2018,Antonov An-2R,YR-DAX,Aeroserv,0,"Baleni, Gala...",, ,A1
20180609-0,09-JUN-2018,DHC-6 Twin Otter 300,9N-AEV, Tara Air,0,Jumla Airpor...,, ,A2
20180611-0,11-JUN-2018,Airbus A340-313,D-AIFA,Lufthansa,0,Frankfurt In...,,,O1
20180611-1,11-JUN-2018,BN-2B-26 Islander,VP-FBM,FIGAS,0,Beaver Islan...,, ,A2
20180614-0,14-JUN-2018,DHC-8-202Q Dash 8,P2-ANX,LinkPNG,0,Mendi Airpor...,, ,O1
20180614-1,14-JUN-2018,MD-83,UR-CPR,Bravo Airways,0,Kiev-Igor Si...,, ,A1
20180618-0,18-JUN-2018,Cessna 208B Grand Caravan,PK-FSL,Spirit Avia Sentosa,0,near Nabire Airpo...,,,A2
20180621-0,21-JUN-2018,Embraer ERJ 170LR (ERJ-170-100 LR),N876RW,"Republic Airlines, opf Delta Connection",0,Columbus-Joh...,,,O2
20180622-0,22-JUN-2018,DHC-6 Twin Otter 300,PK-HVU,Dimonim Air,0,Kenyam Airstrip,, ,C2
20180624-0,24-JUN-2018,Let L-410UVP, ,Eagle Air,4,"Souguéta, Ki...",, ,A1
20180625-0,25-JUN-2018,DHC-6 Twin Otter 300,PK-YRU,Trigana Air Service,0,Kenyam Airstrip,, ,C2
20180626-0,26-JUN-2018,Boeing 777-2B5ER,HL7764,Korean Air,0,Seoul-Gimpo ...,,,O2
20180626-1,26-JUN-2018,Airbus A330-323,HL8286,Asiana Airlines,0,Seoul-Gimpo ...,,,O2
20180626-2,26-JUN-2018,Learjet 60,N57,FAA,0,Salt Lake Ci...,, ,A2
20180626-3,26-JUN-2018,Ilyushin Il-76, ,Iran AF,0,Damascus Int...,, ,O1
20180627-0,27-JUN-2018,Antonov An-2R,RA-62524,Feniks,0,Nizhneudinsk...,, ,A2
20180630-0,30-JUN-2018,BN-2A-26 Islander,V3-HFB,Maya Island Air,0,San Pedro Ai...,, ,A2
20180704-0,04-JUL-2018,Cessna 208B Grand Caravan,N208EE,Air Choice One,0,Chicago-O'Ha...,, ,A2
20180705-0,05-JUL-2018,Cessna 208B Grand Caravan,5Y-BUC,Flex Air Charters,0,near Padek Airstrip,, ,A2
20180705-1,05-JUL-2018,Dornier 228-202,VH-VJN,GAM,0,Thangool Air...,, ,A2
20180706-0,06-JUL-2018,ATR 72-212A (ATR 72-600),CS-DJG,"TAP Express, opb White Airways",0,Fez-Sais Air...,,,A2
20180709-0,09-JUL-2018,DHC-3T Texas Turbine Otter,C-GBQC,Ookpik Aviation,0,"Parker Lake, NU",, ,A2
20180710-0,10-JUL-2018,Convair CV-340,ZS-BRV,Rovos Air,1,near Pretoria-Won...,,,A1
20180710-1,10-JUL-2018,DHC-3T Vazar Turbine Otter,N3952B,Taquan Air,0,"Mount Jumbo,...",,,A1
20180711-0,11-JUL-2018,Douglas DC-3C,HK-3293,Air Colombia,0,San Felipe A...,,,A2
20180716-0,16-JUL-2018,Curtiss C-46F,N1822M,Everts Air Fuel,0,Manley Hot S...,,,A2
20180716-1,16-JUL-2018,Boeing 737-8F2 (WL),LV-HQY,Flybondi,0,Cataratas de...,, ,A2
20180720-0,20-JUL-2018,Antonov An-26B,UP-AN611,Kazairtrans Airline,0,near Al Alamain,,,A1
20180721-0,21-JUL-2018,Douglas C-47B (DC-3),N47HL,"CAF, Highland Lakes Squadron",0,Burnet Munic...,,,A1
20180722-0,22-JUL-2018,Cessna 750 Citation X,N752TX,Textron,0,Cork Airport...,,,A2
20180723-0,23-JUL-2018,Cessna 560 Citation Encore,N866VP,OzAir Charter Service,0,near Tulsa Intern...,, ,A2
20180727-0,27-JUL-2018,Antonov An-2R,9S-GFS, Air Kasai,5,near Kamako,, ,A1
20180727-1,27-JUL-2018,Boeing 767-38EER,N641GT,Atlas Air,0,Portsmouth I...,, ,A2
20180728-0,28-JUL-2018,ATR 72-212A (ATR 72-500),YJ-AV71,Air Vanuatu,0,Port Vila-Ba...,,,A2
20180728-1,28-JUL-2018,BN-2A-8 Islander,YJ-OO9,Unity Airlines,0,Port Vila-Ba...,, ,O1
20180728-2,28-JUL-2018,BN-2A-27 Islander,YJ-AL2,Air Taxi Vanuatu,0,Port Vila-Ba...,, ,O2
20180730-0,30-JUL-2018,Antonov An-2R,RA-40649,private,0,Evenki distr...,, ,A1
20180731-0,31-JUL-2018,Embraer ERJ 190AR,XA-GAL,Aeroméxico Connect,0,Durango-Guad...,,,A1
20180801-0,01-AUG-2018,Beech B300 King Air 350,N557AP,Atlantic Transportation of Wilmington,0,near Wilmington-N...,, ,A2
20180804-0,04-AUG-2018,Junkers Ju-52/3mg4e,HB-HOT,Ju-Air,20,near Piz Segnas,,,A1
20180807-0,07-AUG-2018,Cessna 208B Grand Caravan,VT-UDN,Supreme Airlines,0,Lalgarh Airport,, ,A2
20180807-1,07-AUG-2018,Dassault Falcon 20D,N961AA,Alliance Air Charter,0,near San Luis Pot...,, ,A2
20180809-0,09-AUG-2018,Boeing 787-8,CN-RGT,RAM,0,Istanbul-Ata...,, ,A2
20180809-1,09-AUG-2018,Boeing 777-3F2ER,TC-JJZ,THY,0,Istanbul-Ata...,,,A2
20180810-0,10-AUG-2018,DHC-8-402Q Dash 8,N449QX,"Horizon Air, opf Alaska Airlines",1,Ketron Islan...,,,C1
20180813-0,13-AUG-2018,Cessna 525 CitationJet,N526CP,Vancon Holdings,1,"Payson, UT",, ,C1
20180813-1,13-AUG-2018,Airbus A321-271N,N204HA,Hawaiian Airlines,0,Los Angeles ...,, ,A2
20180815-0,15-AUG-2018,Boeing 777-367ER,B-KPY,Cathay Pacific,0,Roma-Fiumici...,, ,A2
20180816-0,16-AUG-2018,Boeing 737-85C (WL),B-5498,Xiamen Airlines,0,Manila-Ninoy...,,,A1
20180819-0,19-AUG-2018,Antonov An-2T,D-FOJB,Ostthüringer Fallschirmsportclub,0,Gera-Leumnit...,, ,A2
20180819-1,19-AUG-2018,DHC-8-402Q Dash 8,N404AV,LC Perú,0,Lima-Jorge C...,, ,A2
20180822-0,22-AUG-2018,ATR 72-212A (ATR 72-600),B-16852,Mandarin Airlines,0,Taichung-Chi...,,,A2
20180825-0,25-AUG-2018,Grumman HU-16C Albatross,N1955G,Stargazer Aero,0,near Cape Hattera...,,,A1
20180826-0,26-AUG-2018,Cessna 208B Grand Caravan,5Y-BOP,Bush Air Safaris,0,Pieri Airstrip,, ,A2
20180826-1,26-AUG-2018,Boeing 767-333ER (WL),C-FMWV,Air Canada Rouge,0,near Vancouver In...,,,A2
20180828-0,28-AUG-2018,Airbus A320-214,B-6952,Beijing Capital Airlines,0,Macau Airpor...,,,A2
20180828-1,28-AUG-2018,Antonov An-2R,LZ-1409,Air Mizia,0,near Brusartsi,, ,A2
20180830-0,30-AUG-2018,DHC-6 Twin Otter 300,ET-AIU/808,Ethiopian AF,18,near Mojo,,,A1
20180901-0,01-SEP-2018,Boeing 737-8AS (WL),VQ-BJI,Utair,0,Adler/Sochi ...,,,A1
20180903-0,03-SEP-2018,Beech B200 Super King Air,N97WC,West Coast Aircraft Shares,0,Burbank-Bob ...,, ,A2
20180909-0,09-SEP-2018,Let L-410UVP,UR-TWO,"South West Aviation, lsf Slav-Air",20,near Yirol Airstrip,,,A1
20180915-0,15-SEP-2018,Canadair CL-415,C-FOFI,Gov. of Newfoundland and Labrador,0,Whitehead Po...,, ,A2
20180916-0,16-SEP-2018,Boeing 747-428FER,TC-ACM,"Saudi Arabian, lsf ACT Airlines",0,Frankfurt In...,, ,A2
20180917-0,17-SEP-2018,Ilyushin Il-20M,RF-93610,Russian AF,15,near Latakia-Khme...,,,C1
20180918-0,18-SEP-2018,BAe-125-700A,N109BG,Aviation Leasing Group,0,Santa Fe Air...,, ,A2
20180918-1,18-SEP-2018,Antonov An-2R,YU-BRK,STS Aviatsija,0,near Jagodina,, ,A2
20180920-0,20-SEP-2018,Embraer EMB-120ER Brasilia,N223SW,Berry Aviation,0,"Houston, TX",, ,A2
20180924-0,24-SEP-2018,Airbus A340-313,RP-C3435,Philippine Air Lines,0,Vancouver In...,, ,A2
20180924-1,24-SEP-2018,Honda HA-420 HondaJet,PR-TLZ,ALTA,0,Foz do Iguaç...,, ,A1
20180925-0,25-SEP-2018,Beech 200 Super King Air,N241CK,Kalitta Charters,1,near Oscoda Wurts...,,,A1
20180926-0,26-SEP-2018,Boeing 737-8Q8 (WL),S2-AJA,US-Bangla Airlines,0,Chittagong-S...,, ,A2
20180927-0,27-SEP-2018,Dassault Falcon 50,N114TD,Air America Flight Services,2,Greenville D...,, ,A1
20180927-1,27-SEP-2018,Cessna 208B Supervan 900,VH-FAY,CGG Aviation Australia,1,"near Sendai, Japan",,,A1
20180928-0,28-SEP-2018,Boeing 737-8BK (WL),P2-PXE,Air Niugini,1,near Chuuk/Weno I...,,,A1
20180928-1,28-SEP-2018,Airbus A320-232,PT-MZJ,LATAM Airlines Brasil,0,São Paulo-Co...,,,O1
20181001-0,01-OCT-2018,Antonov An-2T,YV1719,Inversiones Moraima,0,near Uriman,, ,A2
20181003-0,03-OCT-2018,Antonov An-32, ,Sudan AF,0,Khartoum Air...,,,A1
20181003-1,03-OCT-2018,Antonov An-26,7706 ?,Sudan AF,0,Khartoum Air...,,,A1
20181003-2,03-OCT-2018,Beech 1900C,N575Q,"Ravn Connect, opb Frontier Flying Service",0,Gambell Airp...,,,A2
20181010-0,10-OCT-2018,Sukhoi Superjet 100-95B,RA-89011,Yakutia Airlines,0,Yakutsk Airp...,,,A1
20181010-1,10-OCT-2018,Cessna 208B Grand Caravan EX,PK-JBR,Jhonlin Air Transport,0,Beoga Airstrip,, ,A2
20181012-0,12-OCT-2018,Boeing 737-8HG (WL),VT-AYD,Air India Express,0,Tiruchirappa...,,,A2
20181012-1,12-OCT-2018,ATR 72-202,5N-BPE,Overland Airways,0,Lagos-Murtal...,, ,O1
20181029-0,29-OCT-2018,Boeing 737 MAX 8,PK-LQP,Lion Air,189,near Tanjung Bungin,,,A1
20181031-0,31-OCT-2018,Airbus A330-203,F-GZCI,Air France,0,Paris-Charle...,,,A2
20181031-1,31-OCT-2018,Airbus A330-323,N817NW,Delta Air Lines,0,Paris-Charle...,,,A2
20181107-0,07-NOV-2018,Boeing 747-412F,N908AR,Sky Lease Cargo,0,Halifax-Stan...,,,A1
20181108-0,08-NOV-2018,Antonov An-2R,RA-84674,2nd Arkhangelsk United Aviation Division,0,near Arkhangelsk-...,, ,A1
20181109-0,09-NOV-2018,Boeing 757-23N,N524AT,Fly Jamaica Airways,1,Georgetown-C...,,,A1
20181109-1,09-NOV-2018,Lockheed C-130E Hercules,4180,Pakistan AF,0,Chaklala-PAF...,, ,A1
20181111-0,11-NOV-2018,Embraer ERJ-190LR (ERJ-190-100 LR),P4-KCJ,Air Astana,0,near Lisbon,,,A2
20181121-0,21-NOV-2018,Swearingen SA227-AC Metro III,C-FYAG,Perimeter Aviation,0,Deer Lake Ai...,, ,A2
20181122-0,22-NOV-2018,Boeing 737-53C,OB-2041-P,Peruvian Airlines,0,La Paz-El Al...,, ,A2
20181124-0,24-NOV-2018,ATR 72-212A (ATR 72-500),AP-BKW,PIA,0,Karachi-Jinn...,, ,A2
20181126-0,26-NOV-2018,Cessna 525 Citation M2,PP-OEG,ARGa.,4,near Jequitaí-Faz...,, ,A1
20181130-0,30-NOV-2018,Cessna 525A CitationJet CJ2+,N525EG,Estoair,3,"near Memphis, IN",,,A1
20181130-1,30-NOV-2018,Cessna 550 Citation II,N941JM,Dirt Dynamics,0,Fargo-Hector...,, ,A2
20181204-0,04-DEC-2018,Airbus A320-214,SX-EMY,Ellinair,0,Athens-Eleft...,, ,A2
20181206-0,06-DEC-2018,Lockheed Martin KC-130J,167981,USMC,5,"near Muroto Cape,...",, ,A1
20181208-0,08-DEC-2018,BN-2A-20 Islander,VH-OBL,Par-Avion,1,"near Hobart, TAS",,,A1
