identifiant,date,type,registration,operator,fat.,location, ,pic,cat

19500101-0,01-JAN-1950,Lockheed 414-08 Hudson IVA,VH-SMK,John Fairfax & Sons,2,near Camden Airpo...,,,A1
19500105-0,05-JAN-1950,Curtiss C-46A,PP-XBW,Comp. Itaú de Transportes Aéreos,0,Itaquaquecet...,, ,A1
19500105-1,05-JAN-1950,Lisunov Li-2,42 red,Soviet AF,19,Sverdlovsk-K...,, ,A1
19500106-1,06-JAN-1950,Douglas VC-47A (DC-3),42-93509,USAF,,Ankara,, ,A1
19500110-0,10-JAN-1950,Douglas C-47B (DC-3),F-BEFQ,Air Nolis,,near Zinder,, ,A1
19500118-0,18-JAN-1950,Douglas DC-3,PI-C184,Trans Asiatic Airlines,0,Yangon-Minga...,, ,A1
19500118-1,18-JAN-1950,CASA 352 (Ju-52),T.2-143,Spanish AF,16,near Tobarra,, ,A1
19500121-0,21-JAN-1950,Douglas C-47 (DC-3),TAM-10,TAM,32+ 1,near Vacas,, ,A1
19500122-0,22-JAN-1950,Douglas DC-4-1009,F-BBDB,Air France,0,Paris-Orly A...,, ,O1
19500124-0,24-JAN-1950,Douglas C-47A (DC-3),PI-C22,Philippine Air Lines,4,between Iloi...,, ,A1
19500124-1,24-JAN-1950,Douglas C-47A (DC-3),F-BFGD,STA,14,near Tamatave,, ,A1
19500125-0,25-JAN-1950,Douglas C-47A (DC-3),VT-CPQ,"Air Services of India, opb Airways (India)",2,Shella Airstrip,, ,A1
19500126-0,26-JAN-1950,Douglas C-54D (DC-4),42-72469,USMC,44,"near Snag, YT",, ,A1
19500130-0,30-JAN-1950,Douglas C-47B (DC-3),F-BEIH,Air Nolis,,Le Treport,, ,U1
19500130-1,30-JAN-1950,Douglas C-47B (DC-3),45-1015,USAF,0,near Whitehorse A...,, ,A1
19500131-0,31-JAN-1950,Douglas C-47B (DC-3),45-1113,USAF,,near La Tinta,, ,A1
19500201-0,01-FEB-1950,Shorts S.45 Solent 3,G-AHIX,BOAC,0,Southampton,, ,A1
19500201-1,01-FEB-1950,Fairchild C-82A Packet,44-22986,USAF,0,Mount Clemen...,, ,A1
19500202-0,02-FEB-1950,Douglas C-47A (DC-3),PH-TEU,KLM,7,near Dutch coast ...,, ,A1
19500203-0,03-FEB-1950,Short Sunderland GR.5,PP118,RAF,0,Calshot RAF ...,,,O1
19500204-0,04-FEB-1950,Douglas C-47D,43-49143,USAF,3,near Roosevelt Ro...,, ,A1
19500205-0,05-FEB-1950,Curtiss C-46D,YV-C-AQE?,T.A. Transandino,0,Maracaibo,, ,A2
19500205-1,05-FEB-1950,Douglas C-54A (DC-4),4X-ACD,El Al,0,Lydda Airpor...,, ,A1
19500206-0,06-FEB-1950,Douglas C-47 (DC-3),FAC-665,Colombian AF,4,near Cali,, ,A1
19500207-0,07-FEB-1950,Douglas C-47D,45-1037,USAF,0,"near Pon Lake, YT",,,A1
19500207-1,07-FEB-1950,PB2B-1 Catalina,NZ4051,New Zealand AF,0,"Evans Bay, W...",, ,A1
19500209-0,09-FEB-1950,Canadair C-4-1 North Star,CF-CPR,Canadian Pacific,0,Tokyo-Haneda...,, ,A1
19500210-0,10-FEB-1950,Douglas C-47D,43-48457,USAF,0,Los Angeles ...,, ,A1
19500212-0,12-FEB-1950,Junkers Ju-52/3m,CR-AAJ,DETA,0,"Lagoa Páti, ...",, ,A1
19500216-0,16-FEB-1950,Douglas DC-3A,F-BAOD,Air France,0,Cotonou Airp...,, ,A1
19500221-1,21-FEB-1950,Douglas C-47 (DC-3),FAC-664,Colombian AF,0,"near Campoalegre,...",, ,A1
19500227-0,27-FEB-1950,Douglas C-47A (DC-3),OK-WDY,CSA,6,Praded Mountain,, ,A1
19500229-0,29-FEB-1950,Douglas Dakota IV (DC-3),KJ936,RCAF,0,"near Snag, YT",, ,A1
19500301-0,01-MAR-1950,Douglas C-47 (DC-3),HK-507,SAM,2,Medellín-Enr...,, ,A1
19500301-1,01-MAR-1950,Curtiss C-46A,42-107320,USAF,0,Harrisburg-O...,, ,A1
19500307-0,07-MAR-1950,Martin 2-0-2,NC93050,Northwest Orient Airlines,13+ 2,near Minneapolis-...,, ,A1
19500310-0,10-MAR-1950,Bristol 170 Freighter 21,F-BECR,SITA,4,near Saigon,, ,A1
19500311-0,11-MAR-1950,Douglas C-47B (DC-3),43-48464,USAF,1,"Hope, AR",, ,A1
19500311-1,11-MAR-1950,Douglas C-47 (DC-3),HK-123,Avianca,0,Ipiales Airp...,, ,A1
19500312-0,12-MAR-1950,Avro 689 Tudor 5,G-AKBY,Fairflight,80,near Llandow,,,A1
19500316-0,16-MAR-1950,Douglas Dakota IV (DC-3),KN300,RAF,0,Iringa-Nduli...,, ,A1
19500321-0,21-MAR-1950,Bristol 170 Freighter 21,G-AHJJ,Bristol,4,near Cowbridge,, ,A1
19500321-1,21-MAR-1950,Fairchild C-82A Packet,45-57752,USAF,0,Smyrna-Sewar...,, ,O1
19500323-0,23-MAR-1950,Douglas C-47D,43-48940,USAF,1,Rome-Griffis...,, ,A1
19500324-0,24-MAR-1950,Douglas DC-3, ,CSA,0,Erding Air Base,, ,H2
19500324-1,24-MAR-1950,Douglas DC-3, ,CSA,0,Erding Air Base,, ,H2
19500324-2,24-MAR-1950,Douglas DC-3, ,CSA,0,Erding Air Base,, ,H2
19500325-0,25-MAR-1950,Douglas C-47A (DC-3),TC-BAL,DHY,15,near Ankara-Etime...,, ,A1
19500325-1,25-MAR-1950,Lockheed 414-08 Hudson IVA,VH-BDN,"Fawcett Aviation Service, op.for Mandated Airines",1+ 2,Lae Airfield,, ,A1
19500326-0,26-MAR-1950,Short S.25 Sunderland GR.5,SZ573,RAF,2,Singapore-Se...,, ,O1
19500328-0,28-MAR-1950,Douglas C-47A (DC-3),SP-LCC,LOT,,,, ,U1
19500328-1,28-MAR-1950,Douglas C-47B (DC-3),43-49915,USAF,3,near Komaki Air B...,, ,A1
19500328-2,28-MAR-1950,Douglas C-47D,44-77292,USAF,0,Stephenville...,, ,A1
19500328-3,28-MAR-1950,Douglas C-47D (DC-3),45-1065,USAF,4,near Rockcliffe R...,, ,A1
19500328-4,28-MAR-1950,Douglas C-47A (DC-3),43-15557,USAF,,"near Roswell AAF, NM",, ,A1
19500328-5,28-MAR-1950,Latécoère 631,F-WANU,SEMAF,12,near Cap Ferret,, ,A1
19500329-0,29-MAR-1950,Lisunov Li-2T,SP-LBA,LOT,,,, ,A1
19500404-0,04-APR-1950,Curtiss C-46, ,Republic of China AF,,unknown,, ,U1
19500405-0,05-APR-1950,Douglas C-47A (DC-3),VT-CJD,Deccan Airways,3,near Calcutta-Dum...,, ,A1
19500405-1,05-APR-1950,Martin JRM-3 Mars,76822,US Navy,0,Ke'ehi Lagoo...,,,A1
19500407-0,07-APR-1950,Lisunov Li-2,CCCP-L4411,Aeroflot / Ukraine,0,near Kiev,, ,A1
19500408-0,08-APR-1950,Bristol 170 Freighter 21, ,Pakistan AF,16,"Suberi, Raja...",, ,A1
19500409-0,09-APR-1950,Consolidated PBY-5 Catalina,VP-BAO,Caribbean International,0,"near Kingston, Ja...",, ,A1
19500410-0,10-APR-1950,Douglas C-47A (DC-3),43-48102,USAF,,Kansas City-...,, ,A1
19500411-0,11-APR-1950,Fairchild C-82A Packet,45-57798,USAF,0,Cornwallis I...,, ,A1
19500413-0,13-APR-1950,Vickers 610 Viking 1B,G-AIVL,BEA,0,near Hastings,, ,C2
19500413-2,13-APR-1950,Short Sunderland GR.5,1706,South African AF,,,, ,A1
19500415-0,15-APR-1950,Douglas C-47 (DC-3),HK-309,LANSA,2,near Pinto,, ,A1
19500417-0,17-APR-1950,Douglas TS-62 (DC-3),CCCP-L862,Aeroflot / East Siberia,10,near Vitim,, ,A1
19500418-0,18-APR-1950,Douglas C-47A (DC-3),VT-CGM,Bharat Airways,,Calcutta-Dum...,, ,U1
19500421-0,21-APR-1950,Douglas C-54D (DC-4),42-72704,USAF,35,near Tachikawa Ai...,, ,A1
19500423-0,23-APR-1950,Focke-Wulf Fw 200C-4,CCCP-N500,"GUSMP, Directorate of Polar Aviation",0,Yakutsk Airp...,, ,A1
19500424-0,24-APR-1950,Curtiss C-46,CB-51,LAB,0,Cochabamba,, ,A1
19500425-0,25-APR-1950,Douglas Dakota III (DC-3),KG317,RCAF,0,near Summerside A...,, ,A1
19500426-0,26-APR-1950,Douglas C-54D (DC-4),42-72597,USAF,0,"near Hartsville, SC",, ,A1
19500426-1,26-APR-1950,Douglas C-47B (DC-3),45-954,USAF,2,near Leon Springs...,, ,A1
19500501-0,01-MAY-1950,Douglas C-47A (DC-3),F-OAFP,French High Commissioner,0,near Tenkodogo,, ,A1
19500502-0,02-MAY-1950,Douglas C-47 (DC-3),HK-120,Avianca,15,near Simiatug,, ,A1
19500503-0,03-MAY-1950,Douglas Dakota IV (DC-3),KN543,RAF,0,Habbaniya RA...,, ,A1
19500503-1,03-MAY-1950,Douglas C-47B (DC-3),45-1112,USAF,,near Fairbanks-La...,, ,A1
19500507-0,07-MAY-1950,Consolidated PBY-5A Catalina,A24-105,RAAF,5,near Georgetown A...,, ,A1
19500511-1,11-MAY-1950,Lockheed XP2V-1 Neptune,48238,US Navy,0,"Oyster, Nort...",, ,A1
19500515-0,15-MAY-1950,Short S.25 Sandringham 6,LN-IAU,DNL,0,near Harstad,, ,A1
19500517-0,17-MAY-1950,Douglas C-47A (DC-3),VT-CHB,Airways (India),0,Balurghat Ai...,, ,A1
19500517-1,17-MAY-1950,Douglas C-47D,43-49496,USAF,1,Aurora-Lowry...,, ,A1
19500517-2,17-MAY-1950,Douglas C-47D,43-49267,USAF,0,"near Burley, ID",, ,A1
19500522-0,22-MAY-1950,Junkers Ju-52/3m, ,Bulgarian AF,6,Mount Paskal,, ,A1
19500524-0,24-MAY-1950,Douglas C-47A (DC-3),HK-307,LANSA,26,near Pasto,, ,A1
19500524-1,24-MAY-1950,Grumman G-73 Mallard,N2941,Ford Motor Co.,1,Charlotte-Do...,, ,A1
19500524-2,24-MAY-1950,Lockheed P2V-2 Neptune,39334,US Navy,0,near Cape Flatter...,, ,C1
19500526-0,26-MAY-1950,Douglas C-47B (DC-3),PP-SRV,VASP,0,São Paulo-Co...,, ,A1
19500526-1,26-MAY-1950,Vickers Valetta C.1,VX497,RAF,0,Malta-Luqa A...,, ,A1
19500527-0,27-MAY-1950,Curtiss C-46F,N9406H,"Regina Cargo Airlines, lsf USAF",1,near Teterboro Ai...,, ,A1
19500530-0,30-MAY-1950,Douglas C-47 (DC-3),PP-AVZ,Aerovias Brasil,13,"near Ilhéus, BA",, ,A1
19500601-0,01-JUN-1950,Douglas Dakota IV (DC-3),KN679,RAF,,,, ,A1
19500601-1,01-JUN-1950,Lockheed P2V-2 Neptune,122454,US Navy,9,Quonset Poin...,, ,A1
19500602-0,02-JUN-1950,Avro 685 York C.1,MW164,RAF,0,Bassingbourn...,, ,A1
19500605-0,05-JUN-1950,Curtiss C-46F,N1248N,Westair Transport,28,"near Melbourne, F...",, ,A1
19500609-0,09-JUN-1950,Douglas DC-3-178,N16030,New Tribes Mission,15,near Fonseca,,,A1
19500610-0,10-JUN-1950,Douglas C-47D,43-48477,USAF,0+ 1,Tulsa Munici...,, ,A1

19501104-1,04-NOV-1950,Douglas SC-47D,43-49681,USAF,,Misawa Air B...,, ,A1
19501105-0,05-NOV-1950,Douglas C-47B (DC-3),A65-116,RAAF,,"Schofields, NSW",, ,A1
19501107-0,07-NOV-1950,Martin 2-0-2,N93040,Northwest Orient Airlines,21,near Butte Airpor...,,,A1
19501107-1,07-NOV-1950,Lisunov PS-84,CCCP-N359,"GUSMP, Directorate of Polar Aviation",,Arctic Ice S...,, ,A1
19501108-0,08-NOV-1950,Curtiss C-46D,CB-47,Frigorífico Cooperativo Los Andes,0,La Paz-El Al...,, ,A1
19501109-0,09-NOV-1950,Douglas C-47D,43-49529,USAF,,Kenai Airpor...,, ,A1
19501109-1,09-NOV-1950,Douglas C-54D (DC-4),42-72742,USAF,3,near Pyongyang,, ,A1
19501109-2,09-NOV-1950,Fairchild C-119C Flying Boxcar,49-166,USAF,,Pusan East (...,,,A1
19501109-3,09-NOV-1950,Douglas TS-62 (DC-3),CCCP-L1098,Aeroflot / Krasnoyarsk,2,near Turukhansk A...,, ,A1
19501110-1,10-NOV-1950,Douglas C-47 (DC-3),XB-KWZ,Federal Electricity Commission,0,,, ,A1
19501111-0,11-NOV-1950,Fairchild C-82A Packet,45-57739,USAF,4,"near Pickens, SC",, ,A1
19501111-1,11-NOV-1950,Douglas C-47B (DC-3),43-6017,Turkish AF,4,Emirdag,, ,A1
19501113-1,13-NOV-1950,Douglas C-54B (DC-4),CF-EDN,Curtiss Reid Flying Services,58,near Grenoble,, ,A1
19501115-0,15-NOV-1950,Curtiss C-46,CB-48,Frigorífico Cooperativo Los Andes,0,La Paz,, ,A1
19501115-1,15-NOV-1950,Lisunov Li-2P,YR-TAA,TARS,,Fagaras Moun...,, ,A1
19501116-0,16-NOV-1950,Douglas C-47B (DC-3),NZ3549,New Zealand AF,0,near Hobsonville ...,, ,A1
19501117-0,17-NOV-1950,Douglas C-47A (DC-3),PK-DPB,Garuda,2,Surabaya-Jua...,, ,A1
19501117-2,17-NOV-1950,Fairchild C-82A Packet,44-23024,USAF,0,Greenville-D...,, ,A1
19501118-0,18-NOV-1950,Lockheed L-049 Constellation,NC86511,TWA,0,Long Beach A...,,,A2
19501119-0,19-NOV-1950,Douglas C-54D (DC-4),42-72662,USAF,0,near Pyongyang Ai...,, ,A1
19501121-0,21-NOV-1950,Douglas C-47D (DC-3),43-49704,USAF,3,near Hyesanjin,, ,A1
19501122-0,22-NOV-1950,Fairchild C-82A Packet,45-57743,USAF,0,Neubiberg Ai...,, ,A1
19501122-2,22-NOV-1950,Douglas DC-3C,N74586,New Tribes Mission,21,"Mount Moran, WY",, ,A1
19501123-0,23-NOV-1950,Douglas C-47B (DC-3),OB-PAU-201,Faucett,9,Cuzco,, ,A1
19501124-0,24-NOV-1950,Curtiss C-46D,HK-330,LIDCA,0,near Medellín,, ,A1
19501125-0,25-NOV-1950,Douglas C-47A (DC-3),VT-COI,Indamer,3,near Khitokha,, ,A1
19501125-1,25-NOV-1950,Douglas DC-3A,CU-T7,Cubana,0,near Holguín Airp...,,,A1
19501127-1,27-NOV-1950,Lockheed P2V-2 Neptune,39340,US Navy,5,near Yokohama Bay...,, ,A1
19501128-0,28-NOV-1950,Douglas C-47B (DC-3),T-446,Indonesian AF,15,near Bandung,, ,A1
19501201-0,01-DEC-1950,Douglas C-47A (DC-3),EP-AAJ,Iranian Airways,8,near Chamaran,, ,A1
19501201-1,01-DEC-1950,Douglas R4D-6 (DC-3),50767,USMC,0,Hagaru-ri Ai...,, ,A1
19501202-0,02-DEC-1950,Douglas C-47D,45-949,USAF,0,near Hagaru-ri Ai...,, ,A1
19501204-0,04-DEC-1950,Vickers Valetta C.1,VW805,RAF,0,Kabrit RAF S...,, ,A1
19501206-0,06-DEC-1950,Douglas C-47B (DC-3),A65-74,RAAF,0,Su Won (K-13...,, ,A1
19501208-0,08-DEC-1950,Douglas C-54A (DC-4),F-BELB,TAI,46,near Bangui Airpo...,, ,A1
19501208-1,08-DEC-1950,Douglas C-47B (DC-3),F-BAXY,Air Atlas,5,near Col de l'Oui...,, ,A1
19501208-2,08-DEC-1950,Curtiss C-46F,XT-44,Civil Air Transport,1,Yonpo Airfield,, ,A1
19501209-0,09-DEC-1950,Curtiss C-46F,XT-852,Civil Air Transport,3,Mount Fuji,, ,A1
19501210-0,10-DEC-1950,Curtiss C-46D,XT-846,Civil Air Transport,0,Daegu (Taegu...,, ,A2
19501212-0,12-DEC-1950,PB2B-1 Catalina,NZ4048,New Zealand AF,7,"near Satapuala, U...",, ,A1
19501212-1,12-DEC-1950,Boeing B-17G,F-BDAT,IGN,4,near Niamey,, ,A1
19501213-0,13-DEC-1950,Douglas DC-4-1009,HB-ILE,Swissair,0,Sydney Airpo...,,,A1
19501213-1,13-DEC-1950,Douglas C-47B (DC-3),VT-CFK,Air-India,21,near Kotagiri,, ,A1
19501213-2,13-DEC-1950,Douglas C-47A (DC-3),PP-SPT,VASP,0+ 3,"Londrina, PR",, ,A1
19501214-0,14-DEC-1950,Douglas C-47B (DC-3),PP-SPW,VASP,1,Ribeirão Pre...,, ,A1
19501215-0,15-DEC-1950,Douglas C-47 (DC-3),YV-C-AVU,AVENSA,31,near Páramo Las S...,, ,A1
19501217-0,17-DEC-1950,Curtiss C-46A,PP-LDD,Loide Aéreo Nacional,0,Campina Gran...,, ,A1
19501218-0,18-DEC-1950,Junkers Ju-52,328/F-RBEH,French AF,15,Tourane,, ,A1
19501218-1,18-DEC-1950,Junkers Ju-52,384/F-RBDK,French AF,15,Tourane,, ,A1
19501219-0,19-DEC-1950,Douglas C-54E (DC-4),44-9096,USAF,37,Mt. Tabayoc,, ,A1
19501220-0,20-DEC-1950,Handley Page Hastings C.1,TG574,RAF,5,Benghazi-Ben...,, ,A1
19501220-1,20-DEC-1950,Douglas C-47A (DC-3),A65-66,RAAF,0,Kampong Aur,, ,A1
19501222-0,22-DEC-1950,Douglas C-47A (DC-3),CF-CUF,Canadian Pacific,2,"near Penticton, BC",, ,A1
19501223-0,23-DEC-1950,Lockheed P2V-3W Neptune,124357,US Navy,11,McCreight Mo...,, ,A1
19501224-0,24-DEC-1950,Douglas C-47A (DC-3),43-15110,USAF,,near Montaltodi d...,, ,A1
19501227-0,27-DEC-1950,Douglas C-47B (DC-3),44-76666,USAF,,,, ,A1
19501227-1,27-DEC-1950,Lisunov Li-2,CCCP-L4003,Aeroflot / Uzbekistan,8,Mynzhilki,, ,A1
19501228-0,28-DEC-1950,Consolidated PBY-5A Catalina,P-82,Dutch Navy,3,Serui,, ,A1
19501230-0,30-DEC-1950,Douglas C-47A (DC-3),LV-ACH,Aerolineas Argentinas,14,"near Cobo, BA",, ,A1

19500612-0,12-JUN-1950,Douglas C-47A (DC-3),LV-ACL,Aerolineas Argentinas,0,Buenos Aires...,, ,A1
19500612-1,12-JUN-1950,Douglas DC-4-1009,F-BBDE,Air France,46,near Bahrain Airp...,, ,A1
19500612-2,12-JUN-1950,Junkers Ju-52/3m, ,French AF,7,within Madagascar,, ,A1
19500614-0,14-JUN-1950,Douglas DC-4-1009,F-BBDM,Air France,40,near Bahrain Airp...,, ,A1
19500615-0,15-JUN-1950,Curtiss C-46F,N74170,"Pan Am, lsf USAF",0,near Merida,, ,A1
19500619-0,19-JUN-1950,Douglas C-47B (DC-3),43-48885,USAF,1,Oklahoma Cit...,, ,A1
19500623-0,23-JUN-1950,Douglas DC-4,N95425,Northwest Orient Airlines,58,near Benton Harbo...,,,A1
19500625-0,25-JUN-1950,Douglas C-54D (DC-4),42-72648,USAF,0,Seoul (K-14)...,,,A1
19500626-0,26-JUN-1950,Douglas DC-4-1009,VH-ANA,ANA,29,"near Guildford, WA",,,A1
19500626-1,26-JUN-1950,Consolidated KM-2 (PBN-1 Nomad),CCCP-N488,Polyarnaya Aviatsiya,2,Khimki Reser...,, ,A1
19500628-0,28-JUN-1950,Fairchild C-119C Flying Boxcar,49-134,USAF,4,near Hendersonvil...,, ,A1
19500629-0,29-JUN-1950,Fairchild C-119B Flying Boxcar,48-338,USAF,0,"near Decatur, AL",, ,A1
19500630-0,30-JUN-1950,Douglas C-47 (DC-3),YV-C-ARG,RANSA,0,El Lorza,, ,A1
19500630-1,30-JUN-1950,SNCASE SE.2010 Armagnac,F-WAVA,SNCASE,2+ 1,near Toulouse,,,A1
19500630-3,30-JUN-1950,Douglas C-54G (DC-4),45-518,USAF,23,near Busan,, ,A1
19500703-0,03-JUL-1950,Consolidated C-10A Catalina (PBY-5A,6518,Brazilian AF,2,"Guajará, PA",, ,A1
19500709-0,09-JUL-1950,Douglas C-47A (DC-3),F-BFGL,Aigle Azur,22,near Casablanca-C...,, ,A1
19500710-0,10-JUL-1950,Douglas C-47 (DC-3), ,USAF,0,,, ,C1
19500713-0,13-JUL-1950,Douglas C-47B (DC-3),45-890,USAF,,Taejon Air Base,, ,A1
19500717-0,17-JUL-1950,Douglas C-47A (DC-3),VT-ATS,Indian National Airways,22,near Pathankot,, ,A1
19500718-0,18-JUL-1950,Douglas C-47A (DC-3),CR-LBK,DTA,12,near Bocoio,, ,A1
19500719-0,19-JUL-1950,Short Sunderland GR.5,PP164,RAF,0,Iwakuni NAS,, ,O1
19500719-1,19-JUL-1950,Ilyushin Il-12P,CCCP-L1340,Aeroflot / Georgia,4,near Tbilisi Airp...,, ,A1
19500721-0,21-JUL-1950,Fairchild C-82A Packet,45-57831,USAF,,Kenai Airpor...,, ,A1
19500723-0,23-JUL-1950,Curtiss C-46D,44-77577,USAF,39,near Myrtle Beach...,, ,A1
19500723-1,23-JUL-1950,CASA 352 (Ju-52),T.2-167,Spanish AF,,,, ,U1
19500724-0,24-JUL-1950,Douglas C-47A (DC-3),LR-AAN,Air Liban,3,northern Isr...,, ,C2
19500727-0,27-JUL-1950,Douglas C-47D,44-76439,USAF,25,near O-Shima,, ,A1
19500728-0,28-JUL-1950,Lockheed L-049 Constellation,PP-PCG,Panair do Brasil,51,near Porto Alegre...,, ,A1
19500729-0,29-JUL-1950,Bristol 170 Freighter 21,F-BENF,CAT,26,Tanezrouft,, ,A1
19500729-1,29-JUL-1950,Douglas C-54D (DC-4),42-72700,USAF,6,"near Juneau, AK",, ,A1
19500729-2,29-JUL-1950,Douglas DC-3C,OK-WAB,CSA,1,near Koice,, ,A1
19500730-0,30-JUL-1950,Curtiss C-46F,N67960,"Flying Tiger Line, lsf USAF",0,"Denver, CO",, ,A1
19500730-1,30-JUL-1950,SNCASE SE.161/P7 Languedoc,F-BCUI,Air France,0,Marseille-Ma...,, ,A1
19500730-2,30-JUL-1950,Ilyushin Il-12,CCCP-L1803,Aeroflot / Kazakstan,25,near Karaganda Ai...,, ,A1
19500730-3,30-JUL-1950,Lockheed 18 Lodestar,PP-SAA,SAVAG - Viação Aérea Gaucha,12,near São Francisc...,, ,A1
19500731-0,31-JUL-1950,Handley Page Hastings C.1,TG583,RAF,0,Dishforth RA...,, ,A1
19500731-1,31-JUL-1950,Fairchild C-82A Packet,44-23021,USAF,0,"near Tallahassee, FL",, ,A1
19500803-0,03-AUG-1950,Douglas C-47D,43-49278,USAF,0,"near Decatur, IL ...",, ,A1
19500804-0,04-AUG-1950,Curtiss R5C-1 (C-46),39566,USMC,0,near Oklahoma Cit...,, ,A1
19500805-0,05-AUG-1950,Douglas C-47A (DC-3),OK-WDV,CSA,0,Koice Airpo...,, ,A1
19500811-0,11-AUG-1950,unknown, ,CSA,0,near Aichach,, ,H2
19500811-1,11-AUG-1950,Ilyushin Il-12P,CCCP-L1706,Aeroflot / Moscow,2,near Sverdlovsk-K...,, ,A1
19500813-0,13-AUG-1950,Lisunov Li-2,CCCP-H955,Dalstroi Aviation,5,near Seimchan,, ,A1
19500816-1,16-AUG-1950,Lockheed P2V-3 Neptune,122940,US Navy,0,near Paeng Nylong-do,, ,C1
19500822-0,22-AUG-1950,Douglas DC-6,N90705,American Airlines,1,"near Eagle, CO",, ,A2
19500823-1,23-AUG-1950,Douglas C-47 (DC-3),FAC-670,Colombian AF,0,"near Cravo Norte,...",, ,A1
19500824-0,24-AUG-1950,Douglas C-47B (DC-3),45-1126,USAF,,Chinhae Air ...,, ,A1
19500825-0,25-AUG-1950,Douglas Dakota IV (DC-3),KN630,RAF,12,near Kampong Jenera,, ,A1
19500826-0,26-AUG-1950,Consolidated PBY-5A Catalina,48411,US Navy,,Quonset Poin...,, ,A1
19500829-1,29-AUG-1950,Douglas C-47 (DC-3),HK-116,Avianca,0,Barranquilla,, ,A1
19500830-0,30-AUG-1950,Douglas Dakota IV (DC-3),KN240,RAF,9,near Jemaja Islan...,, ,A1
19500831-0,31-AUG-1950,Lockheed L-749A Constellation,N6004C,TWA,55,near Wadi Natrun,,,A1
19500901-0,01-SEP-1950,Fairchild C-119C Flying Boxcar,49-163,USAF,7,"near Parsons, TN",, ,A1
19500904-0,04-SEP-1950,Douglas DC-3-229,N18936,Robinson Airlines,16,"near Utica, NY",, ,A1
19500904-1,04-SEP-1950,Martin 2-0-2,N93051,Northwest Orient Airlines,0,Billings Mun...,, ,A2
19500906-0,06-SEP-1950,Douglas C-54D (DC-4),42-72583,USAF,11,near Osaka-Itami ...,, ,A1
19500908-0,08-SEP-1950,Curtiss C-46A,PP-LDB,T.A. Bandeirantes,0,Guanabara Ba...,, ,A1
19500910-0,10-SEP-1950,Douglas R5D-3 (DC-4),87755,US Navy,0,near Midway Island,, ,A1
19500911-0,11-SEP-1950,Lockheed 18 Lodestar,N13Y,Private,3,"Rocky Peak, CA",, ,A1
19500912-0,12-SEP-1950,Douglas C-47 (DC-3),F-OACA,CATI,,Son-La-Na-Sa...,, ,A1
19500912-1,12-SEP-1950,Douglas C-47A (DC-3),43-15299,USAF,5,near Anchorage-El...,, ,A1
19500913-0,13-SEP-1950,Fairchild C-119B Flying Boxcar,48-353,USAF,,Ashiya Air Base,, ,A1
19500914-0,14-SEP-1950,Douglas C-54B (DC-4),TF-RVC,Loftleidir,0,Vatnajökull ...,, ,A1
19500914-1,14-SEP-1950,Douglas C-47A (DC-3),EP-AAG,Iranian Airways,9,near Tehran-Mehra...,, ,A1
19500914-2,14-SEP-1950,Fairchild C-119C Flying Boxcar,49-145,USAF,,Ashiya Air Base,, ,A1
19500917-0,17-SEP-1950,Short Sunderland GR.5,NJ268,RAF,0,Wig Bay,, ,O1
19500919-0,19-SEP-1950,Douglas R5D-3 (DC-4),56496,US Navy,26,near Kwajalein NA...,, ,A1
19500921-0,21-SEP-1950,Douglas C-47A (DC-3),YU-ABC,JAT,10,Zagreb/Lucko...,, ,A1
19500921-1,21-SEP-1950,Vickers Valetta C.1,VX499,RAF,0,near Aden-Khormak...,, ,A1
19500925-0,25-SEP-1950,Fairchild C-119B Flying Boxcar,48-324,USAF,0,Nagoya-Komak...,, ,O1
19500926-0,26-SEP-1950,Douglas C-47A (DC-3),VT-DAT,Air-India,,Barrackpore ...,, ,A1
19500926-1,26-SEP-1950,Douglas C-54D (DC-4),42-72457,USAF,23,near Ashiya Air Base,, ,A1
19500926-3,26-SEP-1950,Lockheed P2V Neptune, ,US Navy,0,near North Korea,, ,A1
19500927-0,27-SEP-1950,Vickers 615 Viking 1B,T-8,Argentine AF,0,El Palomar A...,, ,O1
19500927-1,27-SEP-1950,Curtiss C-46D,XT-862,Civil Air Transport,0,Iwakuni MCAS,, ,A1
19500929-0,29-SEP-1950,CASA 352 (Ju-52),T.2-124,Spanish AF,5,Galápagos,, ,A1
19500930-0,30-SEP-1950,Grumman G-73 Mallard,N74044,Private,1,Columbus Sou...,, ,A1
19501002-0,02-OCT-1950,Curtiss C-46,CB-38,LAB,,Laguna Anteo...,, ,U1
19501002-1,02-OCT-1950,Curtiss C-46F,N1661M,National Airlines,0,Washington-N...,, ,A2
19501003-0,03-OCT-1950,Short Sunderland GR.5,SZ569,RAF,0,"Malay Cove, ...",, ,A1
19501005-0,05-OCT-1950,Bristol 170 Freighter 21,WH575,Bristol,0,Filton Airpo...,, ,A2
19501012-0,12-OCT-1950,Douglas C-47A (DC-3),VH-SMH,John Fairfax & Sons,2,"Bungulla, NSW",, ,A1
19501012-1,12-OCT-1950,Fairchild C-119B-10-FA Flying Boxca,49-105,USAF,3,Ashiya Air Base,, ,A1
19501012-2,12-OCT-1950,Douglas C-47A (DC-3),YV-C-ARF,RANSA,0,Maracaibo-Gr...,, ,A1
19501013-0,13-OCT-1950,Martin 2-0-2,NC93037,Northwest Orient Airlines,6,"Almelund, MN",, ,A1
19501013-1,13-OCT-1950,Douglas C-47A (DC-3),F-BAXM,Air Atlas,4,Casablanca,, ,A1
19501013-2,13-OCT-1950,Douglas VC-47D (DC-3),43-49041,USAF,4,"near St Claire, AL",, ,A1
19501015-0,15-OCT-1950,Douglas C-47A (DC-3),42-100855,USAF,4,Sea of Japan,, ,A1
19501017-0,17-OCT-1950,Douglas C-47A (DC-3),G-AGIW,BEA,28,Mill Hill,,,A1
19501019-0,19-OCT-1950,Douglas C-47B (DC-3),43-49440,USAF,,Dhahran Airp...,, ,A1
19501020-0,20-OCT-1950,Douglas C-47A (DC-3),42-92041,USAF,,"near Limestone, ME",, ,A1
19501025-0,25-OCT-1950,Avro 685 York C.1,MW102,RAF,0,Singapore-Ch...,, ,A1
19501026-0,26-OCT-1950,Douglas C-47B (DC-3),43-49030,USAF,4,"near Truckee, CA",, ,A1
19501026-1,26-OCT-1950,Douglas C-47B (DC-3),CCCP-N369,Polyarnaya Aviatsiya,0,Arctic Ice S...,, ,A1
19501027-0,27-OCT-1950,Lockheed P2V-3W Neptune,124290,US Navy,0,Tachikawa Ai...,, ,A1
19501031-0,31-OCT-1950,Vickers 610 Viking 1B,G-AHPN,BEA,28,London Airpo...,, ,A1
19501102-0,02-NOV-1950,Fairchild C-119C Flying Boxcar,49-189,USAF,0,"near Bridgeport, AL",, ,A1
19501103-0,03-NOV-1950,Lockheed L-749 Constellation,VT-CQP,Air-India,48,Mont Blanc,, ,A1
19501104-0,04-NOV-1950,Douglas DC-3 (R4D-1),PP-IBC,Central Aérea,0,Vitoria Da C...,, ,A1
