identifiant,date,type,registration,operator,fat.,location, ,pic,cat

19770428-2,28-APR-1977,Boeing KC-135A,58-0101,USAF,0,Marysville-B...,,,A1
19770429-1,29-APR-1977,NAMC YS-11A-202,PP-CTI,Cruzeiro do Sul,0,Navegantes A...,, ,A1
19770502-0,02-MAY-1977,Boeing 727-256, ,Iberia,0,Roma-Fiumici...,, ,H2
19770506-0,06-MAY-1977,Curtiss C-46F,N355W,Inter Air,0,near Fort Lauderd...,,,A1
19770507-0,07-MAY-1977,Antonov An-2,CCCP-15925,Aeroflot / Tyumen,,near Tavda,, ,A1
19770507-1,07-MAY-1977,Antonov An-2TP,CCCP-44992,Aeroflot / Uralsk,,near Tavda,, ,A1
19770507-2,07-MAY-1977,Antonov An-2T,CCCP-23716,Aeroflot / Far East,4,near Ayanka Airstrip,, ,A1
19770508-0,08-MAY-1977,Boeing 747, ,Northwest Orient Airlines,0,Tokyo,, ,H2
19770509-0,09-MAY-1977,DH-114 Heron 1B,ZK-EJM,Air North,0,Ardmore Airp...,,,A1
19770511-0,11-MAY-1977,Dornier Do 28D-1 Skyservant,PZ-TBA,Gum Air,0,Drietabbetje,, ,A1
19770512-0,12-MAY-1977,Douglas DC-3 (R4D-1),C-FBKV,"Patricia Air Services, lsf Ontario Central Airlines",1,Pickle Lake ...,, ,A1
19770512-1,12-MAY-1977,BN-2A-21 Islander,PT-KUO,Geofoto,1,"near Curitiba, PR",, ,A1
19770512-2,12-MAY-1977,Convair VC-131H (CV-580),54-2816,USAF,0,Greenville-M...,, ,A1
19770513-0,13-MAY-1977,Antonov An-12BP,SP-LZA,LOT,9,Aramoun,,,A1
19770514-0,14-MAY-1977,Boeing 707-321C,G-BEBP,"Dan-Air Services, op.for IAS Cargo",6,near Lusaka Airpo...,,,A1
19770514-1,14-MAY-1977,Douglas C-47 (DC-3), ,Mexican AF,,,, ,U1
19770520-0,20-MAY-1977,Lockheed 18 Lodestar,N20GY,Trans Alaska Produce Corp.,0,"Lone Pine, CA",, ,A1
19770521-0,21-MAY-1977,GAF Nomad N.22B,P2-DNJ,Douglas Airways,0,Wewak-Boram ...,, ,A1
19770523-0,23-MAY-1977,Douglas C-47A (DC-3),TC-11,LADE,0,"Morón, BA",, ,A1
19770525-0,25-MAY-1977,Douglas C-47 (DC-3),IJ297,Indian AF,,,, ,U1
19770526-0,26-MAY-1977,Learjet 25B,N501PS,Ponderosa/Chrysler Corp.,0,Detroit City...,, ,A1
19770526-1,26-MAY-1977,Antonov An-24B,CCCP-46806,Aeroflot / Latvia,0,Stockholm-Ar...,,,H2
19770526-2,26-MAY-1977,Canadair CL-215,1042,Hellenic AF,3,Korinth,, ,A1
19770527-0,27-MAY-1977,Ilyushin Il-62M,CCCP-86614,Aeroflot / International,67,near Havana-José ...,,,A1
19770528-0,28-MAY-1977,Yakovlev Yak-40EC,I-JAKE,Avioligure,0,Genoa (GOA),, ,A1
19770530-0,30-MAY-1977,Douglas C-47A (DC-3),R3702,Rhodesian AF,1,near Mapai,,,C1
19770603-0,03-JUN-1977,Boeing 727-224,N32725,Continental Air Lines,0,Tucson Inter...,, ,A2
19770605-0,05-JUN-1977,Boeing 707, ,MEA,0,Kuwait,, ,H2
19770606-0,06-JUN-1977,Fokker F-27 Friendship 400M,ST-ADW,Sudan Airways,0,El Fasher Ai...,, ,A1
19770608-0,08-JUN-1977,Antonov An-22,CCCP-09349,Soviet AF,0,Seshcha-Br'a...,, ,A1
19770610-0,10-JUN-1977,Douglas C-47 (DC-3),5U-AAJ,Air Niger,0,near Founkoueye,, ,A1
19770610-2,10-JUN-1977,Antonov An-2R,CCCP-55735,Aeroflot / Uzbekistan,0,near Bukhara,, ,A1
19770612-0,12-JUN-1977,Douglas DC-3A-408,N33649,private,,"Vero Beach, FL",, ,A1
19770612-1,12-JUN-1977,Douglas C-47A (DC-3),ET-AAP,Ethiopian Airlines,0,Kabri Dar Ai...,, ,A1
19770613-0,13-JUN-1977,Douglas C-47A (DC-3),TC-15,Argentine AF,,Mendoza-El P...,, ,A1
19770613-1,13-JUN-1977,Douglas DC-3C,N38AP,Hall Mining Company,0,"near Newton, GA",, ,A1
19770616-0,16-JUN-1977,BN-2A-20 Islander,YV-O-MAR-6,Unknown,0,Distribuidor...,, ,A1
19770617-1,17-JUN-1977,Douglas C-47 (DC-3),HK-1511E,TANA,0,near Condoto Airp...,,,A1
19770618-0,18-JUN-1977,Fairchild FH-227B,YU-ALA,Pan Adria Airlines,0,Zagreb Airpo...,,,A1
19770618-1,18-JUN-1977,Antonov An-24, ,Balkan Bulgarian,0,Belgrade,, ,H2
19770620-0,20-JUN-1977,Embraer EMB-110C Bandeirante,CX-BJE/T-584,TAMU,5,near Salto Airpor...,, ,A1
19770621-0,21-JUN-1977,Curtiss C-46D,HK-75,Aeronorte,0,Bogotá-Eldor...,,,A1
19770621-1,21-JUN-1977,Lockheed EC-130Q Hercules,156176,US Navy,16,near Wake Island ...,,,A1
19770621-2,21-JUN-1977,Boeing 727, ,LAN Chile,0,Mendoza,, ,H2
19770621-3,21-JUN-1977,Douglas C-47 (DC-3), ,Thai AF,5,Bangkok Inte...,, ,A1
19770621-4,21-JUN-1977,Fairchild C-123K Provider,L4K-2/16,Thai AF,0,Bangkok Inte...,, ,A1
19770627-0,27-JUN-1977,BN-2A-27 Islander,YR-BNI,Aviatia Utilitara,5,Nucet,, ,A1
19770627-1,27-JUN-1977,Douglas C-47D,L2-11/96,Thai AF,0,within Lam Luk Ka D...,, ,A1
19770628-0,28-JUN-1977,Boeing 727, ,Lufthansa,0,Munich,, ,H2
19770629-0,29-JUN-1977,Vickers VC10-1101, ,Gulf Air,0,Doha Airport...,, ,H2
19770630-0,30-JUN-1977,Lockheed L-188CF Electra,N126US,Cooperativa Nacional de Montecillos,4,near Bocas del To...,,,A1
19770701-0,01-JUL-1977,Ford 4-AT-B Tri-Motor,N7684,Island Airlines,0,Put-in-Bay A...,,,A1
19770701-1,01-JUL-1977,Fairchild C-119 Flying Boxcar,3205,Republic of China AF,,unknown,, ,U1
19770703-2,03-JUL-1977,Embraer C-95 Bandeirante (EMB-110),2157,Brazilian AF,18,near Natal Airpor...,, ,A1
19770705-0,05-JUL-1977,Boeing 727-78,CC-CFG,LADECO,0,Lima Airport...,, ,H2
19770706-2,06-JUL-1977,Lockheed L-188AF Electra,N280F,Fleming Int. Airways,3,Saint Louis-...,,,A1
19770707-0,07-JUL-1977,Let L-410UVP,OK-162,Let,4,near Nedakonice,, ,A1
19770708-0,08-JUL-1977,Antonov An-24RV,CCCP-46847,"Aeroflot, Kirovograd Flight School",6,near Sukhumi Airp...,, ,A1
19770708-1,08-JUL-1977,Boeing 707, ,Kuwait Airways,0,Damascus,, ,H2
19770708-2,08-JUL-1977,Lockheed P-3A Orion,P.3-2,Spanish AF,6,La Parra de ...,, ,A1
19770710-0,10-JUL-1977,Tupolev Tu-134,CCCP-65639,Aeroflot / Northern,0,Helsinki,, ,H2
19770714-0,14-JUL-1977,Antonov An-26,T-20.,Angolan AF,30,near Cuangar,, ,C1
19770714-1,14-JUL-1977,Antonov An-2R,CCCP-55723,Aeroflot / Far East,0,near Khabarovsk,, ,A1
19770716-0,16-JUL-1977,Fokker F-27 Friendship 100,VT-DOL,Indian Airlines,0,Jammu-Satwar...,, ,A2
19770717-0,17-JUL-1977,NAMC YS-11A-301,RP-C1419,Philippine Air Lines,0,near Mactan Island,,,A1
19770718-0,18-JUL-1977,Douglas DC-3A,N459,Unknown,2,"near Sheridan, WY",, ,A1
19770719-0,19-JUL-1977,Douglas C-47A (DC-3),HK-166,L.A. Orientales,0,near Mitú Airport...,,,A1
19770719-1,19-JUL-1977,Antonov An-2R,CCCP-15274,Aeroflot / Kyrgyzstan,0,Alamedin,, ,A1
19770720-0,20-JUL-1977,Douglas DC-3 (R4D-1),ET-ABF,Ethiopian Airlines,5,Tubo Milkie,, ,A1
19770720-1,20-JUL-1977,Avia 14,CCCP-52096,Aeroflot / East Siberia,39,near Vitim Airport,, ,A1
19770720-2,20-JUL-1977,Rausch Super 18 Hudstar,N367F,Northern Flying Service,2,Oshawa Munic...,, ,A1
19770721-0,21-JUL-1977,Antonov An-2R,CCCP-44617,Aeroflot / Uzbekistan,0,near Kungrad,, ,A1
19770721-1,21-JUL-1977,BN-2A-6 Islander,N22JA,Harolds Air Service,1,Ruby Airport...,, ,A1
19770724-0,24-JUL-1977,Douglas DC-6B,989,Chilean AF,38,near Puerto Montt...,, ,A1
19770725-0,25-JUL-1977,MBB HFB-320 Hansa Jet,5N-AMF,Motor Parts Manuf.,3,near Abidjan-Feli...,,,A1
19770725-1,25-JUL-1977,Douglas C-47 (DC-3),FAH-301,Honduras AF,25,near Yoro Airport...,, ,A1
19770727-0,27-JUL-1977,Beech 200 Super King Air,D-IBAF,Alpha-Flug,6,Bourgas Airp...,, ,A1
19770729-1,29-JUL-1977,Fairchild C-123K Provider,L4K-3/16,Thai AF,6,Ban Maetab M...,, ,A1
19770799-0,??-JUL-1977,BN-2A-7 Islander,C-FAZM,Peace Air,,,, ,U1
19770802-0,02-AUG-1977,Antonov An-2TP,CCCP-29316,Aeroflot / Privolzhsk,0,near Barysh Airstrip,, ,A1
19770804-0,04-AUG-1977,DHC-3 Otter,N48064,Woods Air Service,1,"near Bettles, AK",, ,A1
19770806-0,06-AUG-1977,Let L-410AF,HA-YFA,Air Service Hungary,1,Lake Balaton,, ,A1
19770806-1,06-AUG-1977,Lockheed P-3A Orion,148884,US Navy,0,Jacksonville...,, ,O1
19770807-2,07-AUG-1977,DHC-6 Twin Otter 200,T-87,LADE,6,"near El Bolson, RN",, ,A1
19770809-0,09-AUG-1977,Boeing 707-430,9Q-CRT,Pearl Air,0,Sana'a Inter...,,,A1
19770812-0,12-AUG-1977,Airbus A300, ,Air France,0,Brindisi-Pap...,, ,H2
19770812-1,12-AUG-1977,Douglas DC-3A,ET-AGR,RRC Air Services,0,Jigiga Airpo...,,,O1
19770813-0,13-AUG-1977,Howard 500,N44HH,Intercontinental Oil Co.,0,Pawhuska Mun...,, ,A1
19770818-0,18-AUG-1977,Antonov An-26,CCCP-26536,Aeroflot / Yakutsk,0,Ust-Kuiga,, ,A1
19770818-1,18-AUG-1977,Fairchild C-119 Flying Boxcar,3221,Republic of China AF,,unknown,, ,U1
19770820-0,20-AUG-1977,Convair CV-880,N8817E,Monarch Aviation,3,near San José-Jua...,,,A1
19770820-1,20-AUG-1977,Boeing 707, ,Western Air Lines,0,Salt Lake Ci...,, ,H2
19770823-0,23-AUG-1977,BN-2A-9 Islander,TR-LSF,Air Inter Gabon,,,, ,U1
19770824-0,24-AUG-1977,Curtiss C-46D,N74689,"Caribbean Air Services, op.for Quarterwinds Aviation",0,near Goyave,,,A1
19770825-0,25-AUG-1977,Shorts SC.7 Skyvan 3-200,N4917,"Air Cargo Hawaii, op.for Island Airways",2,near Kona-Keahole...,, ,A1
19770829-0,29-AUG-1977,Antonov An-2T,CCCP-01250,Aeroflot / Magadan,0,"near Omolon, Bili...",, ,A1
19770830-0,30-AUG-1977,Antonov An-8,CCCP-48094,MSP/Factory,,near Bratsk,, ,A1
19770830-1,30-AUG-1977,Antonov An-2R,CCCP-32032,Aeroflot / Lithuania,0,Jurbarkas,, ,A1
19770831-0,31-AUG-1977,Antonov An-2R,CCCP-32108,Aeroflot / North Kavkaz,0,near Otrado-Olginski,, ,A1
19770902-0,02-SEP-1977,Canadair CL-44D4-2,G-ATZH,Transmeridian Air Cargo,4,near Waglan Island,,,A1

19770102-0,02-JAN-1977,Ilyushin Il-18V,OK-NAA,CSA,0,Praha-Ruzyne...,,,A2
19770102-1,02-JAN-1977,Tupolev Tu-134A,OK-CFD,CSA,0,Praha-Ruzyne...,, ,A1
19770103-0,03-JAN-1977,BN-2A-21 Defender,5T-MAR,Mauritanian AF,,,, ,C1
19770104-1,04-JAN-1977,BAC One-Eleven 520FN,PP-SDS,Transbrasil,0,São Paulo-Vi...,, ,A1
19770106-0,06-JAN-1977,Douglas C-47A (DC-3),CP-728,Transportes Aéreos Itenez,0,La Senda,, ,A1
19770106-1,06-JAN-1977,Learjet 24B,N12MK,Jet Avia,4,near Palm Springs...,,,A1
19770106-2,06-JAN-1977,Learjet 23,N332PC,Jet Avia,2,near Flint-Bishop...,, ,A1
19770106-3,06-JAN-1977,Douglas C-47B (DC-3),R7034,Rhodesian AF,3,near Buffalo Rang...,, ,A1
19770110-0,10-JAN-1977,Grumman HU-16 Albatross,MP-301,Mexican Navy,3,near Puerto Cortés,, ,A1
19770110-1,10-JAN-1977,BN-2A Trislander Mk.III-2,PK-KTD,Bali Int. Air Service,,Samarinda Ai...,, ,U1
19770111-0,11-JAN-1977,Boeing 747, ,TWA,0,London-Heath...,, ,H2
19770111-1,11-JAN-1977,Fairchild C-123K Provider,L4K-19/19,Thai AF,0,Bangkok-Don ...,, ,A1
19770112-0,12-JAN-1977,Beech A100 King Air,G-BABX,Marchwiel Plant & Engineering,0,"Sturgate, Li...",, ,A1
19770113-0,13-JAN-1977,DC-8-62AF,JA8054,JAL,5,Anchorage In...,,,A1
19770113-1,13-JAN-1977,Tupolev Tu-104A,CCCP-42369,Aeroflot / Far East,90,near Alma-Ata Air...,, ,A1
19770114-0,14-JAN-1977,DHC-6 Twin Otter 300,C-GNTB,Northern Thunderbird Air,12,near Terrace Airp...,, ,A1
19770115-1,15-JAN-1977,Vickers 838 Viscount,SE-FOZ,"Linjeflyg, lsf Skyline Sweden",22,near Stockholm-Br...,,,A1
19770115-2,15-JAN-1977,Douglas DC-3-277C,N73KW,Air Sunshine,0,Miami Intern...,,,A1
19770117-0,17-JAN-1977,Douglas C-47A (DC-3),ETI-27,Turkish AF,7,Sütçüler,, ,A1
19770118-0,18-JAN-1977,Learjet 25B,YU-BJH,Yugoslav Government,8,near Sarajevo Air...,, ,A1
19770119-0,19-JAN-1977,Convair CV-440-86,CP-925,NEBA,0,La China,,,A1
19770119-1,19-JAN-1977,CASA C-207C (T.7) Azor,T.7-15,Spanish AF,11,near Chiva,, ,A1
19770120-0,20-JAN-1977,Martin 4-0-4,CP-1317,CAMBA,0,El Peru,, ,A1
19770121-0,21-JAN-1977,Antonov An-12BK-PPS, ,Soviet AF,8,"Krestsy, Nov...",, ,A1
19770126-1,26-JAN-1977,Douglas C-54D (DC-4),CP-1208,Frigorifico Reyes,0,San Borja Ai...,, ,A1
19770129-0,29-JAN-1977,DHC-6 Twin Otter 300,VP-FAP,British Antarctic Survey,0,Gomez Nunatak,, ,A1
19770131-0,31-JAN-1977,Chase YC-122C Avitruc,N5904V,TransNorthern Aviation,1,Anchorage In...,, ,A1
19770203-0,03-FEB-1977,Convair CV-440-11,CP-1314,Servicio Aéreo San Francisco,0,near Lagura,,,A1
19770204-0,04-FEB-1977,BN-2A-21 Defender,7Q-YAZ,Malawi Police Force,,,, ,A1
19770206-0,06-FEB-1977,Ford 5-AT-B Tri-Motor,N76GC,Grand Canyon Airlines,0,Las Vegas-Mc...,, ,A2
19770207-0,07-FEB-1977,Douglas C-47A (DC-3),PK-NDH,Dirgantara Air Services,,Tanjung Sant...,, ,U1
19770208-1,08-FEB-1977,Curtiss C-46D,HI-208,Aerolineas Argo,0,near San Juan-Isl...,,,A1
19770209-0,09-FEB-1977,Hawker Siddeley HS-748,PK-IHK,Bouraq Indonesia,0,Ujung Pandan...,,,A1
19770209-1,09-FEB-1977,Morane Saulnier (FMA) MS.760 Paris ,E-246,Argentine AF,2,Huinca Renan...,, ,A1
19770211-1,11-FEB-1977,Avia 14T,OK-OCA,CSA,4,near Bratislava-I...,, ,A1
19770213-0,13-FEB-1977,DC-9-32,TC-JAE,THY,0,Izmir,, ,H2
19770214-0,14-FEB-1977,Douglas C-47A (DC-3),PK-WWK,National Air Charter,,Sumbawa Besa...,, ,A2
19770215-0,15-FEB-1977,Ilyushin Il-18V,CCCP-75520,Aeroflot / Uzbekistan,77,near Mineralnye V...,, ,A1
19770217-1,17-FEB-1977,Douglas C-47B (DC-3),FAC-1125,SATENA,0,Camanaos,,,A1
19770221-0,21-FEB-1977,Lockheed 18 Lodestar,N100GP,Private,0,Truckee Airp...,, ,A1
19770222-0,22-FEB-1977,BN-2A-8 Islander,VP-HCD,Maya Airways,0,Hill Bank,, ,A1
19770228-0,28-FEB-1977,Dornier Do 28D-2 Skyservant,58+24,German AF,0,Kaufbeuren,, ,A1
19770228-3,28-FEB-1977,Douglas C-47A (DC-3),C-FNAR,Survair,4,near Salluit Airp...,, ,A1
19770228-5,28-FEB-1977,Douglas C-47A (DC-3),CF-IQR,Kenn Borek Air,,"Sugluk, QC",, ,A1
19770299-0,??-FEB-1977,Ilyushin Il-18B,B-204,CAAC,,Shenyang Air...,, ,A1
19770299-1,??-FEB-1977,Curtiss C-46D,CP-540,SAB,,Espiritu,, ,A1
19770299-2,??-FEB-1977,Curtiss C-46A,CP-1009,Frigorifico Reyes,,,, ,U1
19770301-1,01-MAR-1977,Douglas C-47A (DC-3),7O-ABF,Alyemda,19,near Aden Interna...,, ,A1
19770302-1,02-MAR-1977,Douglas C-47 (DC-3),XA-COM,Transportes Aéreos de Nayarit,5,Amatlán de Jora,, ,A1
19770303-0,03-MAR-1977,Lockheed C-130H Hercules,MM61996,Italian AF,44,near Pisa-Arturo ...,, ,A1
19770304-0,04-MAR-1977,Boeing KC-135A,62-3522,USAF,0,Rome-Griffis...,, ,O1
19770304-2,04-MAR-1977,DC-8-63CF,N8635,ONA,2,Niamey,,,A1
19770304-3,04-MAR-1977,Douglas C-54E (DC-4),N174DP,Interamerica Air Lease,0,Monroe Stati...,,,A1
19770306-0,06-MAR-1977,Antonov An-2TP,CCCP-40572,Aeroflot / Yakutsk,,,, ,A1
19770307-0,07-MAR-1977,Canadair CL-215,UD.13-09,Spanish AF,0,Fuenterrabia,, ,A1
19770314-0,14-MAR-1977,Boeing 727-256,EC-CBI,Iberia,0,Zürich-Klote...,, ,H2
19770316-0,16-MAR-1977,IAI Arava 201,TAM-77,TAM,,,, ,A1
19770317-0,17-MAR-1977,Boeing 727-281, ,All Nippon,0,Hakodate,, ,H2
19770317-1,17-MAR-1977,Boeing 727-281, ,All Nippon,1,Tokyo,, ,H2
19770317-2,17-MAR-1977,Boeing 707-436,G-APFK,British Airtours,0,Glasgow-Pres...,,,A1
19770317-3,17-MAR-1977,Douglas DC-3-201A,N101MX,private,0,"near LaBelle, FL",, ,A1
19770318-0,18-MAR-1977,Antonov An-2R,CCCP-09191,Aeroflot / Uzbekistan,2,near Forish,, ,A1
19770319-0,19-MAR-1977,Boeing 727-2F2,TC-JBJ,THY,0,Beirut Inter...,, ,H2
19770322-0,22-MAR-1977,Boeing 707, ,Singapore Airlines,0,Perth Airpor...,, ,A2
19770325-0,25-MAR-1977,Douglas C-53-DO (DC-3),N692A,Island Traders,0,St. Thomas,, ,A1
19770327-0,27-MAR-1977,Boeing 747-121,N736PA,Pan Am,335,Tenerife-Los...,,,A1
19770327-1,27-MAR-1977,Boeing 747-206B,PH-BUF,KLM,248,Tenerife-Los...,,,A1
19770328-0,28-MAR-1977,Douglas C-47A (DC-3),N57131,"Pinehurst Airlines, op.for Emery Worldwide",0,Chicago-O'Ha...,, ,A1
19770329-0,29-MAR-1977,DHC-6 Twin Otter 300,PK-NUP,Merpati Nusantara,13,Bainaha Valley,, ,A1
19770330-2,30-MAR-1977,Yakovlev Yak-40,CCCP-87738,Aeroflot / Ukraine,8,near Zhdanov Airp...,, ,A1
19770331-0,31-MAR-1977,Douglas DC-3-217B,RP-C368,Swiftair,8,near Sanga-Sanga,, ,C2
19770331-1,31-MAR-1977,Lockheed L-188C Electra,CF-NAZ,Nordair,0,CFB Summersi...,, ,A1
19770331-2,31-MAR-1977,Canadair CP-107 Argus Mk.2,10737,Canadian Armed Forces,3,CFB Summersi...,, ,A1
19770402-0,02-APR-1977,Tupolev Tu-134A,YU-AJS,Aviogenex,8,Libreville A...,,,A1
19770403-0,03-APR-1977,Dassault Falcon 10,N60MB,Mountain Bell Telephone,4,"near Denver, CO",, ,A1
19770404-0,04-APR-1977,T-39D Sabreliner,150545,US Navy,5,"near San Diego, CA",, ,A1
19770404-1,04-APR-1977,DC-9-31,N1335U,Southern Airways,63+ 9,"New Hope, GA",,,A1
19770405-0,05-APR-1977,Ilyushin Il-14FKM,CCCP-61675,Aeroflot / West Siberia,6,"near Penek, Chuly...",, ,A1
19770405-2,05-APR-1977,Douglas C-47A (DC-3),VT-EEL,National Remote Sensing Agency,10,"Edavlli, Pra...",, ,A1
19770406-0,06-APR-1977,Shin Meiwa PS-1,5808,Japanese Navy,1,near Iwakuni MCAS,, ,A1
19770409-0,09-APR-1977,Convair CV-240-0,N10AV,American Velodur Metal,0,"Hyannis, MA",,,A1
19770409-1,09-APR-1977,Nord 262A-27,N7886A,Altair Airlines,3,near Reading Muni...,,,A1
19770410-0,10-APR-1977,Douglas DC-3A-438,HK-556,El Venado,35,Saliente del...,, ,A1
19770411-0,11-APR-1977,Douglas C-47B (DC-3),CF-XXT,Superior Airways,0,Wunnummin La...,,,A1
19770411-1,11-APR-1977,Canadair CL-215,UD.13-08,Spanish AF,0,near Valencia,, ,A1
19770413-0,13-APR-1977,Howard 350,N570FT,Equipment Specialists,2,"Tenerife, Ma...",, ,A1
19770416-0,16-APR-1977,Douglas C-47A (DC-3),B-247,FEAT,0,Tainan Airpo...,, ,A1
19770418-0,18-APR-1977,DC-8-53,RP-C803,Philippine Air Lines,0,Tokyo-Haneda...,,,A1
19770418-1,18-APR-1977,Beech 200 Super King Air,N256TM,Tidewater Marine Services,5,"near Ruddock, LA",, ,A1
19770419-0,19-APR-1977,Antonov An-24, ,Soviet AF,21,Moe,, ,A1
19770420-0,20-APR-1977,Douglas C-47A (DC-3),HK-500,La Urraca,0,near Sabana Larga,, ,A2
19770421-0,21-APR-1977,Ilyushin Il-18V,YR-IMI,Tarom,0,Bucharest-Ot...,,,A1
19770423-0,23-APR-1977,Embraer C-95 Bandeirante (EMB-110),2169,Brazilian AF,,Natal Airpor...,, ,A1
19770424-0,24-APR-1977,Tupolev Tu-134,SP-LGA,LOT,0,Kraków Inter...,, ,H2
19770425-0,25-APR-1977,Douglas DC-3, ,Ethiopian Airlines,3,,, ,H2
19770425-1,25-APR-1977,Fokker F-27 Friendship 200,5N-AAW,Nigeria Airways,0,Sokoto Airpo...,,,A1
19770427-0,27-APR-1977,Convair CV-440,TG-ACA,Aviateca,0,near Guatemala City,,,A1
19770427-1,27-APR-1977,Rockwell Sabreliner 75A,N6NR,Rockwell,0,Wheeling-Pal...,, ,A1
19770428-0,28-APR-1977,Hawker Siddeley HS-125-600A,N40PC,Southern Company Services,4,"McLean, VA",, ,A1
19770428-1,28-APR-1977,Learjet 35,JY-AEW,Arab Wings,2,Riyadh Inter...,, ,A1

19770903-0,03-SEP-1977,Grumman SHU-16B Albatross,571,Chilean AF,6,near Cerro Moreno,, ,A1
19770904-0,04-SEP-1977,Vickers 764D Viscount,HC-BCL,SAN,33,near Cuenca,, ,A1
19770905-0,05-SEP-1977,DC-9-32, ,Garuda,0,Surabaja,, ,H2
19770906-0,06-SEP-1977,DHC-6 Twin Otter 200,N563MA,Alaska Aeronautical Ind.,13,"Mt Iliamna, AK",,,A1
19770908-0,08-SEP-1977,Learjet 25B,N999HG,Champion Home Builders,5,"near Sanford, NC",, ,A1
19770908-1,08-SEP-1977,DHC-6 Twin Otter 300,XY-AEH,Burma Airways,25,Mt. Loi Hsam...,, ,A1
19770908-2,08-SEP-1977,Douglas C-47 (DC-3),N....,private,0,"near San Pedro, C...",, ,A1
19770912-0,12-SEP-1977,Douglas DC-7BF,N6314J,Safe Air Cargo,4,near Yakutat Airp...,,,A1
19770914-0,14-SEP-1977,Boeing EC-135K,62-3536,USAF,20,near Albuquerque-...,,,A1
19770921-0,21-SEP-1977,Douglas C-47 (DC-3),N723A,NJ Airlines,0,Narsarsuaq,,,A1
19770921-1,21-SEP-1977,Tupolev Tu-134,HA-LBC,Malev,29,near Urziceni,,,A1
19770923-0,23-SEP-1977,Learjet 36A,JY-AFC,Arab Wings,4,Amman-Marka ...,, ,A1
19770923-1,23-SEP-1977,BN-2A-21 Islander,PK-ZAD,Sabang Merauke Raya Air Charter,5,near Lhokseumawe,, ,A1
19770926-0,26-SEP-1977,Dornier Do 28D-1S Skyservant,PK-VDH,State Aerial Survey Corporation,0,near Bawean Islan...,, ,A1
19770927-0,27-SEP-1977,DC-8-62H,JA8051,JAL,34,near Kuala Lumpur...,,,A1
19770927-1,27-SEP-1977,Beech 100 King Air,N925BD,Delwood Furniture,1,"Auburn, AL",, ,A1
19770927-2,27-SEP-1977,Antonov An-2R,CCCP-33254,Aeroflot / Uzbekistan,0,Samarkand Re...,, ,A1
19770928-0,28-SEP-1977,DC-8-62,JA8033,JAL,0,Algiers-Dar ...,, ,H2
19770929-2,29-SEP-1977,Curtiss C-46 Super C,CF-CZH,North Coast Air Services,0,"near Thompson, MB",,,A1
19770930-0,30-SEP-1977,Sud-Aviation SE-210 Caravelle, ,Air Inter,1,Paris-Orly A...,, ,H2
19770930-1,30-SEP-1977,Bristol 175 Britannia 253,EI-BBY,Interconair,0,Shannon Airp...,,,A1
19770930-2,30-SEP-1977,Douglas C-47A (DC-3),TG-AKA,Aviateca,1,Flores-Santa...,, ,A1
19771002-0,02-OCT-1977,Douglas C-47A (DC-3),N98H,private,0,near Villavicencio,, ,C1
19771006-0,06-OCT-1977,Douglas C-118A (DC-6),CP-1336,Aerovias Las Minas,0,La China,, ,A1
19771008-1,08-OCT-1977,BN-2A Trislander Mk.III-2,ZS-JYF,Southern Aviation,0,Lanseria Air...,, ,A1
19771011-0,11-OCT-1977,Fairchild C-123K Provider,54-707,USAF,,Springfield-...,,,A1
19771011-1,11-OCT-1977,Yakovlev Yak-40, ,CSA,0,Frankfurt,, ,H2
19771013-0,13-OCT-1977,Boeing 737-230C,D-ABCE,Lufthansa,4,Mogadishu In...,, ,H2
19771017-0,17-OCT-1977,DHC-6 Twin Otter, ,Air Djibouti,2,Tadjoura Air...,, ,H2
19771018-0,18-OCT-1977,Hawker Siddeley HS-748,PK-RHS,Mandala Airlines,2+ 3,near Manila Inter...,,,A1
19771018-1,18-OCT-1977,Antonov An-24V,SP-LTH,LOT,0,Warszawa-Oke...,, ,H2
19771018-2,18-OCT-1977,Antonov An-2T,CCCP-55625,Aeroflot / Yakutsk,,,, ,A1
19771019-0,19-OCT-1977,Beech 200 Super King Air,N17530,Unknown,1,near Valparaiso-P...,, ,A1
19771020-0,20-OCT-1977,Boeing 737-200, ,Frontier Airlines,1,"Kansas City, MO",, ,H2
19771020-1,20-OCT-1977,Convair CV-300,N55VM,L & J Comp.,6,"near Gillsburg, MS",,,A1
19771022-0,22-OCT-1977,Lockheed L-749A-79-52 Constellation,N273R,Lanzair,0,Lome Airport...,,,O1
19771023-2,23-OCT-1977,Douglas C-47 (DC-3),C-FSAW,"Geoterrex, op.for Uniran",3,near Manidar,, ,A1
19771027-0,27-OCT-1977,Ilyushin Il-14M,CCCP-04195,Aeroflot / Krasnoyarsk,,near Cape Chelyuskin,, ,A1
19771028-0,28-OCT-1977,U-1A Otter (DHC-3),TI-SPF,Costa Rican Ministry of Security,0,near Barra del Pa...,, ,A1
19771028-1,28-OCT-1977,Douglas DC-3,VN-C509,Hâng Không Viêtnam,2,Singapore-Se...,, ,H2
19771103-0,03-NOV-1977,BN-2A-8 Islander,XA-FUA,private,13,near San Cristóba...,, ,A1
19771105-0,05-NOV-1977,Tupolev Tu-124K,V643,Indian AF,5,near Jorhat-Rowri...,, ,A1
19771107-0,07-NOV-1977,Sabreliner 40,N77AP,Mechanical Equipment,3,Lake Pontcha...,, ,A1
19771107-1,07-NOV-1977,BN-2A-9 Islander,8R-GEH,M.C. Correia Holdings,0,Ogle Airport...,, ,A1
19771108-0,08-NOV-1977,Morane Saulnier (FMA) MS.760 Paris ,E-248,Argentine AF,2,"near Cosme Sud, CD",, ,A1
19771119-1,19-NOV-1977,Boeing 727-282,CS-TBR,TAP,131,Funchal Airp...,,,A1
19771119-2,19-NOV-1977,Boeing 707-360C,ET-ACD,Ethiopian Airlines,5,near Roma-Fiumici...,,,A1
19771120-1,20-NOV-1977,Bristol 170 Freighter 31M,C-FWAD,Norcanair,1,Hay River Ai...,, ,A1
19771120-2,20-NOV-1977,Douglas C-47B (DC-3),FAC-1127,SATENA,,Bogotá ?,, ,A1
19771120-3,20-NOV-1977,Douglas C-47A (DC-3),FAC-1120,SATENA,0,Llanos del Yari,,,A1
19771121-0,21-NOV-1977,BAC One-Eleven 420EL,LV-JGY,Austral Lineas Aéreas,46,near San Carlos d...,,,A1
19771121-1,21-NOV-1977,BN-2A-8 Islander,N36MN,Munz Northern Airlines,2,within Alaska,, ,A1
19771122-0,22-NOV-1977,Learjet 25B,PT-DVL,TAM,,Rio de Janei...,, ,A1
19771122-1,22-NOV-1977,Tupolev Tu-134A,DM-SCM,Interflug,0,Berlin-Schön...,,,A1
19771123-0,23-NOV-1977,Ilyushin Il-18V,HA-MOF,Malev,0,Bucharest-Ot...,,,O1
19771125-0,25-NOV-1977,Nord 2501 Noratlas,182/F-RABR,French AF,32,near Béziers,, ,A1
19771126-0,26-NOV-1977,Douglas C-54B (DC-4),9Q-CAM,African Lux,0,within Tete province,, ,C1
19771126-2,26-NOV-1977,BN-2A Islander,TR-LNG,Bureau de Prospection Forestière,,,, ,U1
19771128-0,28-NOV-1977,Antonov An-2R,CCCP-70629,Aeroflot / East Siberia,0,"Chuya, Irkut...",, ,A1
19771201-1,01-DEC-1977,DHC-6 Twin Otter 100,C-GPBO,Airwest Airlines,0,Saturna Isla...,, ,A1
19771202-0,02-DEC-1977,Tupolev Tu-154A,LZ-BTN,"Balkan Bulgarian, op.for Libyan Arab Airlines",59,near Benghazi,,,A1
19771204-0,04-DEC-1977,Boeing 737-2H6,9M-MBD,MAS,100,near Tanjong Kupang,,,H1
19771209-0,09-DEC-1977,Antonov An-24RV,CCCP-47695,Aeroflot / Tyumen,17,near Tarko-Sale,, ,A1
19771209-1,09-DEC-1977,SE-210 Caravelle VI-N,F-BYAU,Aerotour,0,Oujda Airpor...,,,A1
19771209-2,09-DEC-1977,DH-125-400A,CF-CFL,Churchill Falls,8,near Churchill Fa...,, ,A1
19771211-0,11-DEC-1977,Lockheed P-3B Orion,153428,US Navy,13,"El Hierro, C...",, ,A1
19771211-1,11-DEC-1977,Douglas DC-8-33F,N8170A,Charlotte Aircraft Corp.,0,Lake City Mu...,, ,O1
19771213-0,13-DEC-1977,Douglas C-53 (DC-3),N51071,Air Indiana,29,Evansville-D...,,,A1
19771214-0,14-DEC-1977,Vickers 837 Viscount,HK-1267,TAC Colombia,0,Bucaramanga-...,,,A1
19771214-1,14-DEC-1977,Lockheed 18 Lodestar,N669,private,0,Fort Lauderd...,, ,O1
19771218-0,18-DEC-1977,Douglas DC-8-54F,N8047U,United Airlines,3,"near Kaysville, UT",,,A1
19771218-1,18-DEC-1977,SE-210 Caravelle 10R,HB-ICK,SATA,36,near Funchal Airp...,,,A1
19771219-0,19-DEC-1977,Antonov An-2TP,CCCP-09696,"Aeroflot, Moscow SPiMVL",0,near Podkopayevo,, ,A1
19771219-1,19-DEC-1977,BN-2A-6 Islander,N862JA,Vieques Air Link,5,near Vieques,, ,A1
19771220-0,20-DEC-1977,Antonov An-2P,CCCP-07471,Aeroflot / Komi,0,near Ukhta,, ,A1
19771221-0,21-DEC-1977,DHC-6 Twin Otter 300,C-FABW,Kenn Borek Air,8,near Nanisivik Ai...,, ,A1
19771223-0,23-DEC-1977,Antonov An-2R,CCCP-02708,Aeroflot / Far East,0,near Ekimchan,, ,A1
19771225-0,25-DEC-1977,DC-9, ,Eastern Air Lines,0,"Atlanta, GA",, ,H2
19771228-0,28-DEC-1977,Grumman M-16 Albatross (HU-16),6541,Brazilian AF,0,"Manaus, AM",, ,A1
19771229-0,29-DEC-1977,Vickers 764D Viscount,HC-BEM,SAN,24,near Cuenca,,,A1
19771230-0,30-DEC-1977,DHC-6 Twin Otter 300,C-FTVP,NorOntair,0,Kenora Airpo...,,,O1
19771231-1,31-DEC-1977,Shorts SC.7 Skyvan 3-200,N64AC,Gifford Aviation,0,"Toksook Bay, AK",,,A1
19779999-0,??-???-1977,CASA C-212 Aviocar 100,123,Jordanian AF,,,, ,U1
19779999-1,??-???-1977,Douglas DC-7CF,N73675,Consolidated Air,0,within South Carolina,,,U1
19779999-2,??-???-1977,Antonov An-2R,SP-WML,ZUA,,,, ,O1
19779999-3,??-???-1977,Antonov An-2R,SP-WCA,WSK Okecie,,,, ,A1
19779999-6,??-???-1977,Tupolev Tu-124Sh,53 red,Soviet AF,0,Lugansk Airp...,, ,A1
