identifiant,date,type,registration,operator,fat.,location, ,pic,cat

19991119-2,19-NOV-1999,BN-2A-26 Islander,N907VL,Vieques Air Link,0,Anguilla-Wal...,, ,O1
19991120-0,20-NOV-1999,Cessna F406 Caravan II,D2-ECQ,SAL  Sociedade de Aviaçao Ligeira,0,Benguela-Gen...,, ,A2
19991123-0,23-NOV-1999,DHC-8-301, ,Zhejiang Airlines,0,Xiamen Airpo...,, ,H2
19991123-1,23-NOV-1999,BN-2A-21 Islander,OA-4,Botswana AF,3,Kwando Airstrip,, ,A1
19991126-0,26-NOV-1999,Cessna 208 Caravan I,5Y-RAN,DHL Aviation Africa,4,Nairobi-Jomo...,, ,A1
19991127-0,27-NOV-1999,Dassault Falcon 20DC,N216SA,"RBS Aviation Group, op.for Smith Air",0,Boise Air Te...,,,A1
19991129-0,29-NOV-1999,Antonov An-28,ES-NOF,Enimex,0,near Szczecin,, ,A1
19991201-0,01-DEC-1999,Fokker F-27 Friendship 600,PK-TSK,Indonesia Air Transport - IAT,0,Matak-Taremp...,, ,A2
19991205-0,05-DEC-1999,Ilyushin Il-114T,UK-91004,Tashkent Aircraft Production,5,Moskva-Domod...,, ,A1
19991206-0,06-DEC-1999,Cessna 208B Grand Caravan,N5187B,Arctic Circle Air Service,0,near Bethel Airpo...,, ,A2
19991207-0,07-DEC-1999,Let L-410UVP-E,RP-C3883,Asian Spirit,17,Kasibu,,,A1
19991208-0,08-DEC-1999,Cessna 208A Caravan I,PT-OHA,TAF Linhas Aéreas,0,"near João Pessoa, PB",, ,A1
19991209-3,09-DEC-1999,Cessna 525 CitationJet,N525KL,College of the Ozarks ,6,near Branson/Poin...,, ,A1
19991210-0,10-DEC-1999,Lockheed C-130E Hercules,63-7854,USAF,3,Kuwait Inter...,,,A1
19991211-0,11-DEC-1999,BAe ATP,CS-TGM,SATA Air Açores,35,São Jorge Is...,,,A1
19991212-0,12-DEC-1999,DHC-6 Twin Otter 300,C-GKBG,Kenn Borek Air,0,near McMurdo Station,, ,A2
19991212-1,12-DEC-1999,IAI 1124A Westwind II,N50PL,Panda Leasing ,3,"Gouldsboro, PA",, ,A1
19991212-2,12-DEC-1999,Cessna 650 Citation VII,N5269A,Cessna Aircraft,0,Wichita-Cess...,, ,O1
19991215-0,15-DEC-1999,Beech 200 Super King Air,C-GKBN,Kenn Borek Air,0,Hamburg Aero...,, ,A1
19991221-0,21-DEC-1999,DC-10-30,F-GTDI,"AOM French Airlines, op.for Cubana",16+ 2,Guatemala Ci...,,,A1
19991221-1,21-DEC-1999,Cessna 551 Citation II/SP,N1218S,Valley Projects,1,near Crisp County...,, ,A1
19991222-0,22-DEC-1999,Boeing 747-2B5F (SCD),HL7451,Korean Air,4,near Great Hallin...,,,A1
19991223-0,23-DEC-1999,Cessna 208B Grand Caravan,N1315A,M&N Aviation,0,near Adjuntas,,,A1
19991224-1,24-DEC-1999,Airbus A300B2-101,VT-EDW,Indian Airlines,1,Kandahar Air...,, ,H2
19991225-0,25-DEC-1999,DHC-6 Twin Otter 300,9N-AFL,Skyline Airways,10,near Simra Airpor...,,,A1
19991225-1,25-DEC-1999,Yakovlev Yak-42D,CU-T1285,Cubana,22,Bejuma,,,A1
19991225-2,25-DEC-1999,Nord 262D-51 Frégate,78/F-RBAF,French AF,0,Villacoublay...,,,O1
19991226-0,26-DEC-1999,ATR 42-310,F-WQJN,Aérospatiale,0,Dinard,,,O1
19991226-1,26-DEC-1999,IAI 1124A Westwind II,N422BC,Bradley Aviation,0,Milwaukee-Ge...,, ,A1
19991227-0,27-DEC-1999,Boeing 737-377,VH-CZM,Ansett Australia,0,Melbourne-Tu...,, ,A2
19991227-1,27-DEC-1999,Airbus A310-308,JY-AGK,Royal Jordanian,0,Shannon Airp...,, ,A2
19991227-2,27-DEC-1999,Antonov An-2T,F-AZHM,private,0,La Ferté-Alais,, ,O1
19991228-0,28-DEC-1999,Cessna 208A Caravan 675,C-FGGG,Seair,0,near Abbotsford A...,, ,A1
19991228-1,28-DEC-1999,Canadair CRJ-100LR,D-ACJA,Lufthansa CityLine,0,Düsseldorf A...,, ,H2
19991228-2,28-DEC-1999,Lockheed L-100-30 Hercules,S9-BOP,Transafrik,0,Luzamba Airp...,,,A1
19991229-0,29-DEC-1999,Antonov An-28,3C-JJI,Ecuato Guineana de Aviacion,6,near Inebolu,, ,A1
19991231-0,31-DEC-1999,Beech 99A,N491BB,Bohlke,0,Saint-Barthé...,,,A1

19990622-0,22-JUN-1999,CASA C-212 Aviocar 100,F-GOBP,Boogie Performance,2,near Agen-La Gare...,,,A1
19990622-1,22-JUN-1999,Antonov An-2T,LY-ASA,private,0,Porthcurno A...,, ,A1
19990625-0,25-JUN-1999,DHC-3 Otter,C-FIFP,Blue Water Aviation Services,1,Long Haul La...,, ,A2
19990630-0,30-JUN-1999,Beech 99,D-IBEX,Nightexpress,2,Seraing,,,A1
19990630-1,30-JUN-1999,BN-2T Islander AL.1,ZG994,British Army,0,Middle Wallop,, ,A1
19990699-0,??-JUN-1999,Tupolev Tu-154M,RA-85795,Unknown,0,Chengdu Airp...,, ,A2
19990701-0,01-JUL-1999,Antonov An-12B,TN-AFR,Savanair (Angola),1,Luzamba,,,C1
19990701-1,01-JUL-1999,Learjet 60,N219FX,Bombardier Business Jet Solutions,0,Hyannis-Barn...,, ,A2
19990702-0,02-JUL-1999,Fokker F-27 Friendship 600,XY-AEO,Myanma Airways,8,near Sittwe-Civil...,,,A1
19990704-0,04-JUL-1999,Douglas DC-6A,HK-1776,LANC Colombia,4,Villavicenci...,,,A1
19990707-0,07-JUL-1999,Boeing 727-243F,VT-LCI,Hinduja,5,near Kathmandu-Tr...,,,A1
19990709-0,09-JUL-1999,Hawker Siddeley HS-125-1A-522,XA-TAL,Aero Jet Express,4,Toluca Airpo...,, ,A1
19990715-4,15-JUL-1999,Airbus A300B4-605R,N80057,American Airlines,0,New York-Joh...,, ,A2
19990720-0,20-JUL-1999,Cessna 208B Grand Caravan,YN-CED,La Costena,16,near Bluefields,, ,A1
19990723-0,23-JUL-1999,Boeing 747-481D,JA8966,All Nippon,1,near Tokyo,, ,H2
19990723-1,23-JUL-1999,DHC-7-102 (O-5A),N5382W,US Army,7,near Orito,, ,A1
19990724-0,24-JUL-1999,Embraer EMB-110P1 Bandeirante,DQ-AFN,Air Fiji,17,near Delailasakau,,,A1
19990726-0,26-JUL-1999,Ilyushin Il-76TD,RA-76819,Elf Air,0,Irkutsk Airp...,,,A1
19990726-1,26-JUL-1999,Let L-410UVP-E9,5H-PAB,Precision Air,0,Arusha Airpo...,,,A1
19990728-0,28-JUL-1999,Swearingen SA227-AC Metro III,SX-BGG,Kal Aviation,0,near Rhodes/Parad...,, ,A1
19990728-1,28-JUL-1999,Hawker Siddeley HS-748,TN-AGA,Air Espace,0,near Brazzaville,, ,A2
19990729-0,29-JUL-1999,Boeing 747-269B,N707CK,Kitty Hawk International,0,near Anchorage In...,, ,A2
19990730-0,30-JUL-1999,Beech 1900D,YV-466C,Avior,0,Arauca-Santi...,, ,H2
19990799-0,??-JUL-1999,Curtiss C-46A,CP-746,SAO,0,,,,A1
19990806-0,06-AUG-1999,DHC-6 Twin Otter 300,PK-NUU,Merpati Nusantara,0,Ilaga Airpor...,, ,A1
19990807-0,07-AUG-1999,Dornier 228-201,D4-CBC,"Cabo Verde Coast Guard, op.for TACV",18,Santo Antão ...,,,A1
19990807-1,07-AUG-1999,DHC-6 Twin Otter 300,N288SA,Seaborne Aviation,0,Ketchikan-Wa...,, ,A2
19990807-2,07-AUG-1999,DHC-6 Twin Otter 300,N224SA,Seaborne Aviation,0,Ketchikan-Wa...,, ,A2
19990807-3,07-AUG-1999,DC-10-10F,N68058,FedEx,0,Memphis Inte...,, ,A2
19990810-0,10-AUG-1999,Breguet 1150 Atlantic,91,Pakistan Navy,16,near Ran of Kutch,, ,C1
19990812-0,12-AUG-1999,Beech 1900D,C-FLIH,Regionnair,1,near Sept-Îles Ai...,,,A1
19990813-0,13-AUG-1999,Cessna 208 Caravan I,N193GE,Greystoke Engineering Inc,0,Hillsborough...,, ,A1
19990813-1,13-AUG-1999,Fokker F-28 Fellowship 1000,XY-ADU,Myanma Airways,0,Yangon-Minga...,, ,A2
19990814-1,14-AUG-1999,Boeing 707-351C,ST-ANP,TAAT,0,Juba Airport...,,,A1
19990816-0,16-AUG-1999,Swearingen SA227-AC Metro III,N2671V,Merlin Express,0,San Antonio ...,,,A1
19990816-1,16-AUG-1999,Canadair Challenger 600,N63HJ,Hop-A-Jet Inc,0,Fort Lauderd...,, ,A1
19990817-0,17-AUG-1999,DHC-6 Twin Otter 300,9XR-KD,Alliance Air Express,0,Lobutu,, ,A1
19990817-1,17-AUG-1999,Beech Hawker BH-125-600A,N454DP,DP Air,0,Las Vegas-Mc...,, ,A1
19990820-0,20-AUG-1999,DHC-3T Vazar Turbine Otter,N888KA,Ketchum Air Service,0,near Port Alswort...,,,A2
19990822-0,22-AUG-1999,MD-11,B-150,China Airlines,3,Hong Kong-Ch...,,,A1
19990824-0,24-AUG-1999,MD-90-30,B-17912,Uni Air,1,Hualien Airp...,,,A1
19990825-0,25-AUG-1999,Boeing 737-8B6,CN-RNJ,RAM,0,Barcelona Ai...,, ,H2
19990826-0,26-AUG-1999,Yakovlev Yak-40,UK-87848,Uzbekistan Airways,2,near Turtkul Airport,, ,A1
19990827-1,27-AUG-1999,Learjet 35,N90WR,FS Air Service,0,Gulkana Airp...,, ,A2
19990828-0,28-AUG-1999,DHC-6 Twin Otter, ,MAF PNG,0,"Kopiago, Fugwa",, ,H2
19990829-1,29-AUG-1999,Learjet 35A,N350JF,Corporate Jets,2,near Adwa,, ,C1
19990830-0,30-AUG-1999,Douglas C-117D Super DC-3,RP-C473,Mabuhay Airways,0,Santa Rosa,,,A1
19990831-0,31-AUG-1999,Boeing 737-204C,LV-WRZ,LAPA,63+ 2,Buenos Aires...,,,A1
19990899-0,??-AUG-1999,Curtiss C-46D,CP-1655,SAO,0,La Paz-El Al...,, ,A1
19990905-0,05-SEP-1999,BAe BAe-748-501 Srs. 2B,9N-AEG,Necon Air,15,near Kathmandu-Tr...,,,A1
19990907-0,07-SEP-1999,DHC-7-102,5N-EMP,Skyline,0,Port Harcour...,,,A1
19990909-0,09-SEP-1999,DC-9-31,N993Z,TWA,0,Nashville Me...,,,A1
19990909-1,09-SEP-1999,Beech 200 Super King Air,F-GIAL,Alsair,0,Caen-Carpiqu...,, ,A1
19990910-0,10-SEP-1999,Beech 1900D,VH-NTL,QantasLink/Impulse,0,Newcastle-Wi...,, ,A2
19990912-0,12-SEP-1999,Boeing 737-3T0,N17356,Continental Air Lines,0,West Palm Be...,, ,A2
19990914-0,14-SEP-1999,Boeing 757-204,G-BYAG,Britannia Airways,0,Gerona-Costa...,,,A1
19990914-1,14-SEP-1999,Embraer EMB-110 Bandeirante,PT-ODK,Norte Jet Táxi Aéreo,2,near Monte Dourad...,, ,A1
19990914-2,14-SEP-1999,Dassault Falcon 900B,SX-ECH,"Hellenic AF, op.for Olympic Airways",7,FIR Bucharest,, ,A2
19990917-0,17-SEP-1999,Lockheed C-130A Hercules,3610,Mexican AF,5,near Zempoala,,,A1
19990918-0,18-SEP-1999,Shorts 330-200,G-SSWU,Streamline Aviation,0,London-Luton...,,,O1
19990919-0,19-SEP-1999,Beech 200 Super King Air,YV-385CP,Compania Aerospace de Venezuela,2,near Bimini,, ,A1
19990921-0,21-SEP-1999,Beech 200 Super King Air,5Y-BIW,Private,,Nairobi-Wils...,, ,U1
19990923-0,23-SEP-1999,Tupolev Tu-134A,RA-65626,Vaynakhavia,0,Grozny Airpo...,, ,O1
19990923-1,23-SEP-1999,Boeing 747-438,VH-OJH,Qantas,0,Bangkok Inte...,,,A2
19990924-0,24-SEP-1999,Learjet 36A,OE-GMD,Ärzteflugambulanz,0,Tulln/Langen...,, ,A2
19990926-0,26-SEP-1999,Learjet 24A,N224SC,Dolphin Aviation,0,Gainesville-...,,,A1
19990929-0,29-SEP-1999,Antonov An-12,LZ-SFJ,"Air Sofia, op.for Mandala Airlines",0,Pekanbaru-Si...,,,A1
19991005-0,05-OCT-1999,Beech 200 Super King Air,N208MS,Shoreline Aviation,2,near North Adams-...,, ,A1
19991008-0,08-OCT-1999,Saab 2000,SE-LSF,SAS Commuter,0,Stockholm-Ar...,,,O1
19991009-0,09-OCT-1999,Antonov An-12B,TN-AFX,Unknown,,Brazzaville-...,, ,A1
19991009-2,09-OCT-1999,Fokker 100,VH-FWI,Flight West Airlines,0,Norfolk Isla...,, ,A2
19991011-0,11-OCT-1999,ATR 42-320,A2-ABB,Air Botswana,1,Gaborone-Sir...,,,C1
19991011-1,11-OCT-1999,ATR 42-320,A2-AJD,Air Botswana,0,Gaborone-Sir...,,,O1
19991011-2,11-OCT-1999,ATR 42-320,A2-ABC,Air Botswana,0,Gaborone-Sir...,,,O1
19991011-3,11-OCT-1999,Swearingen SA227-AC Metro III,N438MA,Merlin Express,0,Opa-locka Ai...,, ,A2
19991012-0,12-OCT-1999,Douglas DC-6B,CP-2291,Air Beni,0,La Paz-El Al...,, ,O1
19991015-0,15-OCT-1999,Cessna 208B Super Cargomaster,C-FKSL,Wasaya Airways,0,"Ranger Lake, ON",, ,A1
19991015-1,15-OCT-1999,Mitusbishi Mu-300 Diamond,I-VIGI,Aeroitalia,0,near Milano-Parma...,, ,A1
19991015-2,15-OCT-1999,Antonov An-2R,RA-01641,private,0,Mitton,,,A1
19991015-3,15-OCT-1999,Airbus A320-231,N627AW,America West,0,Phoenix-Sky ...,, ,A2
19991016-0,16-OCT-1999,DC-8-62F,9G-REM,Continental Cargo Airlines,0,Kinshasa-N'D...,,,A1
19991017-0,17-OCT-1999,MD-11F,N581FE,FedEx,0,Subic Bay In...,,,A1
19991019-0,19-OCT-1999,Boeing 737-566,SU-GBI,EgyptAir,0,Hamburg-Fuhl...,, ,H2
19991019-1,19-OCT-1999,BAe-125-700A,N34GG,N34GG,0,Fayetteville...,, ,A2
19991024-0,24-OCT-1999,IAI Arava 201,EV8012,Venezuela Army,6,near San Carlos,, ,A1
19991024-1,24-OCT-1999,Learjet 35A,I-AVJG,Avioriprese Jet Executive,3,Golfo di Genova,, ,A1
19991025-1,25-OCT-1999,Learjet 35A,N47BA,Sunjet Aviation,6,"near Aberdeen, SD",,,A1
19991026-0,26-OCT-1999,unknown, ,Iran Air,0,Urmia (Orumi...,, ,H2
19991026-1,26-OCT-1999,Airbus A320-231,VT-ESL,Indian Airlines,0,Yangon-Minga...,, ,A2
19991029-0,29-OCT-1999,Lockheed P-3C Orion,83,Pakistan Navy,21,near Pasni,, ,A1
19991031-0,31-OCT-1999,Boeing 767-366ER,SU-GAP,EgyptAir,217,near Nantucket Is...,,,C1
19991099-0,??-OCT-1999,Antonov An-2R,9A-DBZ,Geofoto,0,,, ,O1
19991107-0,07-NOV-1999,Fokker 100,I-ALPL,"Alpi Eagles, op.for Air Dolomiti",0,Barcelona Ai...,,,A2
19991109-0,09-NOV-1999,DC-9-31F,XA-TKN,TAESA,18,near Uruapan,,,A1
19991110-0,10-NOV-1999,Antonov An-12, ,D.R. Congo AF,6,Mbandaka Air...,, ,C1
19991110-1,10-NOV-1999,Douglas DC-3C,HK-2581,ALIANSA Colombia,5,near La Montañita...,, ,A1
19991111-0,11-NOV-1999,Beech 200 Super King Air,N869,Jaymar Ruby,3,Chicago-Merr...,, ,A1
19991112-0,12-NOV-1999,ATR 42-312,F-OHFV,"SiFly, op.for UN",24,near Mitrovica,,,A1
19991112-1,12-NOV-1999,Antonov An-12B,D2-FRK,Unknown,0,Lukapa Airpo...,, ,A1
19991118-0,18-NOV-1999,Convair CV-580,9Q-CEJ,CAA,0,near Tshikapa,,,A1

19990101-0,01-JAN-1999,Boeing 737-298C,9Q-CNK,Lignes Aeriennes Congolaises,0,Kilimanjaro ...,, ,A1
19990102-0,02-JAN-1999,Lockheed L-100-30 Hercules,D2-EHD,"Transafrik, opf UN",9,near Huambo,,,C1
19990104-0,04-JAN-1999,Beech 1900C-1,C-FGOI,Regionnair,0,Saint-August...,,,A1
19990111-0,11-JAN-1999,HAL-748,H-2175,Defence Research,8,near Arakkonam Na...,, ,A1
19990111-1,11-JAN-1999,CASA C-212 Aviocar 200,802,Zimbabwe AF,5,near Kinshasa,, ,A1
19990112-0,12-JAN-1999,Fokker F-27 Friendship 600,G-CHNL,Channel Express,2,Guernsey Air...,,,A1
19990113-0,13-JAN-1999,Douglas DC-3C,C-GWUG,Kelowna Flightcraft,2,Mayne Island...,,,A1
19990113-1,13-JAN-1999,Swearingen SA226-AT Merlin IV,I-NARC,Besit Servizi Aerei,0,Olbia-Costa ...,, ,A1
19990113-2,13-JAN-1999,Boeing KC-135E,59-1452,Air National Guard,4,Geilenkirche...,, ,A1
19990114-0,14-JAN-1999,Swearingen SA226-AT Merlin IVC,I-NARB,Besit Servizi Aerei,0,Olbia-Costa ...,, ,A1
19990114-1,14-JAN-1999,Beech 300 Super King Air,N780BF,USA Healthcare-Leasing,2,"Cullman, AL",, ,A1
19990116-0,16-JAN-1999,BN-2A-26 Islander,VH-XFF,Uzu Air,3,near Coconut Isla...,, ,A1
19990118-0,18-JAN-1999,Cessna 208A Caravan I,9N-ADA,Necon Air,5,Jumla Airpor...,, ,A1
19990120-0,20-JAN-1999,Antonov An-12B,S9-CAN,Unknown,0,Lukapa Airpo...,, ,A1
19990121-0,21-JAN-1999,Antonov An-26,152,Nicaraguan AF,28,near Bluefields A...,, ,A1
19990122-0,22-JAN-1999,Cessna 650 Citation VII,N782QS,Executive Jet Aviation,0,Columbus-Por...,, ,A2
19990122-1,22-JAN-1999,Beech 1900D,N215CJ,Colgan Air,0,Hyannis-Barn...,, ,A2
19990125-0,25-JAN-1999,BN-2A Islander,HP-987XI,ANSA,,San Blas Air...,, ,A1
19990128-0,28-JAN-1999,DC-9-82 (MD-82),I-DAVN,Alitalia,0,Catania-Font...,,,A1
19990128-1,28-JAN-1999,Learjet 35,N130F,US Check,0,Chicago-Midw...,, ,A2
19990131-0,31-JAN-1999,Boeing 727-2D6,7T-VEH,Air Algérie,0,Constantine-...,,,A1
19990202-0,02-FEB-1999,Antonov An-12,EY-ASS,"Santa Cruz Imperial, op.for Savanair (Angola)",11+ 13,near Luanda-4 de ...,,,A1
19990202-1,02-FEB-1999,BN-2A-9 Islander,PT-KNM,Nortema Táxi Aéreo,0,Porto Velho-...,, ,A1
19990203-0,03-FEB-1999,BN-2A-26 Islander,P2-ALH,Airlink,11,near Kimbe,, ,A1
19990204-0,04-FEB-1999,Antonov An-26,EL-ANZ,"Santa Cruz Imperial, op.for Air-Angol",0,Luzamba Airp...,,,A1
19990207-0,07-FEB-1999,Boeing 707-328C,9G-ROX,Avistar,0,Bratislava-I...,,,A1
19990208-0,08-FEB-1999,Lockheed L-188A Electra,9Q-CDI,Air Karibu,7,Kinshasa,,,A1
19990208-1,08-FEB-1999,DC-9-32,MM62013,Italian AF,0,Moskva-Vnuko...,,,O1
19990208-2,08-FEB-1999,DHC-8-311Q Dash 8,B-15237,Uni Air,0,Kinmen-Shang...,, ,H2
19990208-3,08-FEB-1999,Beech 1900D,N148SK,Skyway Airlines,0,"near Milwaukee, WI",, ,A2
19990211-0,11-FEB-1999,Beech 1900C-1,N31240,ACE Air Cargo,0,near Saint Mary's...,,,A1
19990212-0,12-FEB-1999,Beech C99,N205RA,Ameriflight,1,near Bishop Airpo...,,,A1
19990212-1,12-FEB-1999,Airbus A320-211,F-GJVG,Air France,0,Grenouillet,, ,A2
19990214-0,14-FEB-1999,Hawker Siddeley HS-748,9L-LBG,748 Air Services,0,Foxtrot Airs...,,,A1
19990216-0,16-FEB-1999,Grumman G-1159 Gulfstream II SP,N711TE,Trans-Exec Air Service,0,Los Angeles-...,,,A2
19990218-0,18-FEB-1999,Mitusbishi Mu-300 Diamond IA,N110DS,Delta Star,0,Columbus Air...,, ,A2
19990219-0,19-FEB-1999,Beech 1900D,D-CBSF,Avanti Air,0,Frankfurt In...,,,A2
19990222-0,22-FEB-1999,Boeing 757-232,N682DA,Delta Air Lines,0,Cincinnati/N...,, ,A2
19990224-0,24-FEB-1999,Tupolev Tu-154M,B-2622,China Southwest,61,Ruian,,,A1
19990224-1,24-FEB-1999,MD-88,LV-VBY,Aerolineas Argentinas,0,Buenos Aires...,,,O1
19990225-0,25-FEB-1999,Dornier 328-110,D-CPRR,"Minerva Airlines, op.for Alitalia",4,Genoa-Cristo...,,,A1
19990227-0,27-FEB-1999,Beech B100 King Air,C-GBTS,Crown Charter Services,0,Muskoka Airp...,, ,A1
19990301-0,01-MAR-1999,Lockheed L-188AF Electra,N285F,"Renown Aviation, op.for Channel Express",0,Shannon Airp...,,,A1
19990302-0,02-MAR-1999,Airbus A320, ,Air France,0,Paris-Charle...,, ,H2
19990304-0,04-MAR-1999,Boeing 737-228,F-GBYA,Air France,0,Biarritz Par...,,,A1
19990304-1,04-MAR-1999,Douglas DC-9-15F,N195US,USA Jet Airlines,0,Kansas City ...,, ,A2
19990305-0,05-MAR-1999,Boeing 747-2B3F (SCD),F-GPAN,Air France,0,Chennai Airp...,,,A1
19990305-1,05-MAR-1999,Swearingen SA226-TC Metro II,N151SA,Superior Aviation,0,Denver Inter...,, ,A2
19990305-2,05-MAR-1999,Swearingen SA226-TC Metro II,N328BA,Superior Aviation,0,Denver Inter...,, ,A2
19990307-0,07-MAR-1999,Antonov An-32,K2673,Indian AF,18+ 3,near Delhi-Indira...,, ,A1
19990312-0,12-MAR-1999,Boeing 737-377,VH-CZL,Ansett Australia,0,Melbourne-Tu...,, ,A2
19990315-0,15-MAR-1999,DC-9-83 (MD-83),HL7570,Korean Air,0,Pohang Airpo...,, ,A1
19990316-0,16-MAR-1999,ATR 42-320,PT-MFI,Pantanal,0,Mucuri Airpo...,,,A1
19990318-0,18-MAR-1999,Douglas DC-3C,HK-337,ALIANSA Colombia,8,near Tame,,,A1
19990319-0,19-MAR-1999,DHC-6 Twin Otter 300,C-FWLQ,Provincial Airlines,1,near Davis Inlet ...,,,A1
19990320-0,20-MAR-1999,Yakovlev Yak-40,RA-87587,"Cheboksary Aviation Enterprise, op.for GEASA",0,Bata Airport...,, ,A2
19990324-0,24-MAR-1999,Airbus A300C4-620,A6-PFD,UAE Government,0,Rhodes-Diago...,,,A1
19990330-0,30-MAR-1999,Learjet 35A,N508GP,Piedmont Hawthorne,0,"Rogers, AR",, ,A2
19990330-1,30-MAR-1999,Embraer EMB-110P1 Bandeirante,PT-LNW,META,0,Tapauá Airpo...,, ,A2
19990330-2,30-MAR-1999,Fokker F-28 Fellowship 4000,P2-AND,Air Niugini,0,Goroka Airpo...,,,A2
19990405-0,05-APR-1999,DHC-6 Twin Otter 200,N838MA,Carib-Air Cargo,0,Palm Beach-P...,,,A1
19990407-0,07-APR-1999,Boeing 737-4Q8,TC-JEP,THY,6,near Ceyhan,,,A1
19990407-1,07-APR-1999,Learjet 24D,PT-LEM,Manacá Táxi Aéreo,5,Ribeirão Pre...,, ,A1
19990407-2,07-APR-1999,Boeing KC-135R,57-1418,USAF,0,Oklahoma Cit...,, ,O1
19990408-0,08-APR-1999,DHC-6 Twin Otter 300,HK-2760,Aerotaca,5,near Málaga Airport,,,A1
19990412-0,12-APR-1999,Fokker 50,PH-MXT,Avianca,0,Simiti,, ,H2
19990412-1,12-APR-1999,Saab 340B,N347BE,Business Express,0,Boston-Logan...,, ,A2
19990414-0,14-APR-1999,Beech A100 King Air,PT-LZA,Jet Sul Táxi Aéreo,0,"near Irati, PR",, ,A1
19990415-0,15-APR-1999,MD-11F,HL7373,Korean Air,3+ 5,near Shanghai-Hon...,,,A1
19990417-0,17-APR-1999,Raytheon Beechjet 400A,N400VG,Pacific Aeromotive,0,Beckley Airp...,, ,A1
19990422-0,22-APR-1999,Let L-410UVP,YV-956C,Hélica,0,near Clesy,,,A1
19990422-1,22-APR-1999,Boeing 727-23,ZS-IJE,"Million Air Charter, op.for Zimbabwe Express Airlines",0,Johannesburg,,,A1
19990423-0,23-APR-1999,DHC-6 Twin Otter 200,N719AS,Samoa Aviation,0,Fituita Airp...,, ,A2
19990427-0,27-APR-1999,DHC-3 Otter,N3125N,40-Mile Air,0,"near Healy, AK",, ,A2
19990501-0,01-MAY-1999,DHC-5D Buffalo,207,Kenyan AF,0+ 1,Mandera Airp...,, ,A1
19990501-1,01-MAY-1999,DHC-3 Otter,C-FASV,Points North Air Services,0,Waterfound L...,, ,A1
19990508-0,08-MAY-1999,DHC-6 Twin Otter 300,YJ-RV9,Vanair,7,near Port Vila,,,A1
19990508-1,08-MAY-1999,Saab 340B,N232AE,American Eagle,0,New York-Joh...,, ,A2
19990510-0,10-MAY-1999,Boeing 737-247,B-12001,Mexican AF,0,Loma Bonita ...,,,A1
19990512-0,12-MAY-1999,Antonov An-26,D2-FBN,"Volga Atlantic Airlines, op.for Avita",0,near Luzamba,, ,C1
19990514-0,14-MAY-1999,Beech B100 King Air,N924RM,Private,0,Hickory Airp...,, ,A2
19990516-0,16-MAY-1999,Antonov An-2R,SP-WLI,ZUA,0,Naser Abad,, ,A1
19990517-0,17-MAY-1999,Boeing 737-2A6,CC-CYR,LADECO,0,Santiago-Art...,,,O1
19990517-1,17-MAY-1999,Curtiss C-46F,CP-1319,CAMBA,0,El Paraiso R...,,,A2
19990517-2,17-MAY-1999,Beech 99A,N133BA,Bemidji Airlines,0,Bemidji Airp...,, ,A2
19990519-0,19-MAY-1999,Yakovlev Yak-40,TL-ACO,Centrafrican Airlines,0,Berbérati Ai...,, ,A1
19990522-0,22-MAY-1999,Antonov An-2T,70301,Serbian Air Force,0,Leskovac,, ,C1
19990522-1,22-MAY-1999,Antonov An-2T,70374,Serbian Air Force,0,Leskovac,, ,C1
19990522-2,22-MAY-1999,Antonov An-2T,70375,Serbian Air Force,0,Leskovac,, ,C1
19990524-0,24-MAY-1999,DHC-4A Caribou,M21-05,Royal Malaysian AF,5,Kuching Airp...,, ,A1
19990529-0,29-MAY-1999,Let L-410UVP-E,5Y-LET,Malindi Air Services,2,Ol Kiombo,, ,A1
19990601-0,01-JUN-1999,DC-9-82 (MD-82),N215AA,American Airlines,11,Little Rock ...,,,A1
19990603-0,03-JUN-1999,Antonov An-32, ,Sudan AF,50,near Khartoum,, ,A1
19990609-0,09-JUN-1999,Boeing 737-3Y0,B-2525,China Southern,0,Zhanjiang Ai...,,,A1
19990609-5,09-JUN-1999,BN-2A-21 Islander,RP-C471,Pacific Airways,1,near Coron Airpor...,, ,A1
19990611-0,11-JUN-1999,Lockheed Hercules C.1 (C-130K),XV298,RAF,0,Kukes,,,A1
19990612-0,12-JUN-1999,Boeing 737, ,Xiamen Airlines,0,,, ,H2
19990614-0,14-JUN-1999,Beech A100 King Air,C-GASW,Thunder Airlines,0,Thunder Bay ...,, ,A1
19990617-0,17-JUN-1999,Embraer EMB-110P2 Bandeirante,P2-ALX,Airlink,17,near Goroka,,,A1
19990619-0,19-JUN-1999,Harbin Yunshuji Y-11,B-3886,Xinjiang General Aviation,,within Xinjiang Pro...,, ,A1
