identifiant,date,type,registration,operator,fat.,location, ,pic,cat

19280215-0,15-FEB-1928,Handley Page W.8b,G-EBBG,Imperial Airways,0,near Abbeville,, ,A1
19280311-0,11-MAR-1928,Farman F.60 Goliath,F-AEFC,Air Union,2,"near Folkestone, ...",, ,A1
19280411-0,11-APR-1928,Fokker F.VIII,H-NAEE,KLM,0,Nigtevecht,, ,A1
19280419-0,19-APR-1928,Junkers G.24,D-946,Deutsche Lufthansa,0,Spaichingen,,,A1
19280512-0,12-MAY-1928,Ford 4-AT-A Tri-Motor,NC1492,Ford Air Freight Lines,2,"Dearborn, MI",, ,A1
19280523-0,23-MAY-1928,Farman F.63bis Goliath,F-AEIE,SGTA,3,near Köln-Butzwei...,, ,A1
19280825-0,25-AUG-1928,Ford 4-AT-B Tri-Motor,G-CATX,British Columbia Airways,7,near Port Townsen...,, ,A1
19280925-0,25-SEP-1928,Junkers G.31de,D-1427,Deutsche Lufthansa,0,Arnsberg,, ,A1
19281013-0,13-OCT-1928,Ford 4-AT-A Tri-Motor,NC880,Stout Air Services,0,"Detroit, MI",, ,A1
19281123-0,23-NOV-1928,Ford 4-AT-B Tri-Motor,NC7687,Spokane Airways,3,"near Spokane, WA",, ,A1
19281201-1,01-DEC-1928,Ford 4-AT-C Tri-Motor,NC7862,Sunbeam Air Transport Co.,5,"near Spur, TX",, ,A1
19281211-0,11-DEC-1928,Junkers G.31fi,D-1473,Deutsche Lufthansa,3,Letzlingen,, ,A1
19281222-0,22-DEC-1928,Ford 4-AT-A Tri-Motor,NC3443,Texaco,0,"Floresville, TX",, ,A1
19281299-0,??-DEC-1928,Junkers G.31ce,D-1137,Deutsche Lufthansa,,,, ,A1
