identifiant,date,type,registration,operator,fat.,location, ,pic,cat

19290116-0,16-JAN-1929,Ford 4-AT-A Tri-Motor,NC1076,Stout Air Services,0,"near Toledo, OH",, ,A1
19290299-0,??-FEB-1929,Junkers G.24,D-899,Deutsche Lufthansa,,"Epinais, Bre...",, ,A1
19290317-0,17-MAR-1929,Ford 4-AT-B Tri-Motor,NC7683,Colonial Western Airlines,14,near Newark Airpo...,, ,A1
19290319-0,19-MAR-1929,Ford 5-AT-B Tri-Motor,NC9674,Ford Motor Company,4,"Dearborn, MI",, ,A1
19290412-0,12-APR-1929,Dornier Do R4 Superwal,I-RIDE,SANA,0,near Napoli,, ,O1
19290421-0,21-APR-1929,Ford 5-AT-B Tri-Motor,NC9636,Maddux Airlines,5+ 1,near San Diego Ai...,,,A1
19290516-0,16-MAY-1929,Vickers 170 Vanguard,G-EBCP,Vickers-Armstrongs,2,Shepperton,,,A1
19290519-0,19-MAY-1929,Farman F.63bis Goliath,F-GEAI,Air Union,0,Paddock Wood...,, ,A1
19290602-0,02-JUN-1929,Fokker F.10A,NC393E,Western Air Express,0,"Wichita, KS",, ,O1
19290613-0,13-JUN-1929,Fokker F.10A,NC9700,Pan Am,2,Santiago Air...,, ,A1
19290617-0,17-JUN-1929,Handley Page W.10,G-EBMT,Imperial Airways,7,near Dungeness,, ,A1
19290624-0,24-JUN-1929,Ford 5-AT-A Tri-Motor,NC7416,Northwest Airways,1,"Saint Paul, MN",, ,A1
19290829-0,29-AUG-1929,Junkers G.24li,SE-AAF,AB Aerotransport,0,Emsland,,,A1
19290903-0,03-SEP-1929,Ford 5-AT-B Tri-Motor,NC9649,Transcontinental Air Transport - TAT,8,"near Gallup, NM",, ,A1
19290906-0,06-SEP-1929,DH.66 Hercules,G-EBMZ,Imperial Airways,3,Jask Airport,, ,A1
19290910-0,10-SEP-1929,Rohrbach Ro X Romar I,D-1734,Deutsche Lufthansa,0,near Grömitz,, ,A1
19291019-0,19-OCT-1929,Sabca (Handley Page) W.8B,OO-AHK,Sabena,0,Edegem,, ,A1
19291026-0,26-OCT-1929,Short S.8/1 Calcutta,G-AADN,Imperial Airways,7,near La Spezia,, ,A1
19291028-0,28-OCT-1929,Fokker F.10A,NC591E,Western Air Express,,New Mexico,, ,U1
19291099-0,??-OCT-1929,Farman F.63bis Goliath,F-FARI,SGTA,,,, ,U1
19291106-0,06-NOV-1929,Junkers G.24bi,D-903,Deutsche Lufthansa,7,"near Godstone, Su...",,,A1
19291118-0,18-NOV-1929,Rohrbach Ro X Romar I,D-1693,Deutsche Lufthansa,0,,, ,A1
19291127-0,27-NOV-1929,Fokker F.32,NX124M,Fokker Aircraft Corp. of America,0,near Hempstead-Ro...,, ,A1
19291204-0,04-DEC-1929,Curtiss B-2 Condor (Condor 18),29-28,USAAC,1,"Goodwater, AL",, ,A1
19291212-0,12-DEC-1929,Farman F.180T,F-AIVR,SGTA,0,Toussus-le-N...,, ,O1
19291226-0,26-DEC-1929,Fokker F.10,NC5358,Western Air Express,0,Oakland Muni...,,,A1
