identifiant,date,type,registration,operator,fat.,location, ,pic,cat

20131223-0,23-DEC-2013,Learjet 45,N845SC,Southern Cross Aviation,0,Bangor Inter...,, ,A1
20131224-0,24-DEC-2013,Airbus A330-343X,G-VNYC,Virgin Atlantic,0,Saint Lucia-...,, ,A2
20131226-0,26-DEC-2013,Antonov An-12,12162,Irkut,9,near Irkutsk-2 Ai...,,,A1
20131231-0,31-DEC-2013,Cessna 525A CitationJet CJ2+,N380CR,private,0,"near Coventry, Wa...",,,A2
20139999-0,??-???-2013,Raytheon Hawker 800XP,OY-JJA,Sun-Air,0,Thisted Airp...,, ,A1

20130102-0,02-JAN-2013,Saab 340A,LV-BMD,SOL Líneas Aéreas,0,Mendoza-El P...,,,A1
20130104-0,04-JAN-2013,BN-2A-27 Islander,YV2615,Transaereo 5074,6,between Los ...,, ,A1
20130108-0,08-JAN-2013,Let L-410UVP-E9,CP-2382,Aeroeste,0,Santa Cruz-E...,, ,A2
20130115-0,15-JAN-2013,Cessna 208B Super Cargomaster,N1120N,Martinaire,1,near Pellston Reg...,, ,A1
20130117-0,17-JAN-2013,CASA C-212 Aviocar 300,8020,South African AF,0,Bloemspruit ...,, ,A1
20130123-0,23-JAN-2013,DHC-6 Twin Otter 300,C-GKBC,Kenn Borek Air,3,Mount Elizabeth,,,A1
20130125-0,25-JAN-2013,MD-11F,N618FE,FedEx,0,Denver Inter...,, ,A2
20130125-1,25-JAN-2013,BN-2B-26 Islander,ZK-DLA,Fly My Sky,0,Okiwi Statio...,,,A1
20130129-0,29-JAN-2013,Canadair CRJ-200ER,UP-CJ006,SCAT,21,near Almaty Airpo...,,,A1
20130202-0,02-FEB-2013,ATR 72-212A (ATR 72-500),YR-ATS,"Alitalia, opb Carpatair",0,Roma-Fiumici...,,,A1
20130206-0,06-FEB-2013,Airbus A320-211,TS-IMB,Tunis Air,0,Tunis-Cartha...,,,A1
20130207-0,07-FEB-2013,Antonov An-2R,UR-54853,Poltava-Aero,0,"Knyazhin, Zh...",, ,A1
20130209-0,09-FEB-2013,Beech 1900C,C-FPCO,Pacific Coastal,0,Blue River A...,,,A2
20130211-0,11-FEB-2013,IPTN/CASA CN-235-220,3X-GGG,Republique de Guinée,11,near Monrovia-Rob...,, ,A1
20130211-1,11-FEB-2013,Boeing 737-33A,AP-BEH,PIA,0,Muscat-Seeb ...,,,A1
20130211-2,11-FEB-2013,MD-83,LV-AYD,Andes Líneas Aéreas,0,Salta-Martín...,, ,A2
20130213-0,13-FEB-2013,Antonov An-24RV,UR-WRA,South Airlines,5,Donetsk Airp...,,,A1
20130215-0,15-FEB-2013,Embraer Phenom 100,OO-MAS,Abelag Aviation,0,Berlin-Schön...,,,A1
20130220-0,20-FEB-2013,Hawker Beech 390 Premier IA,N777VG,The Vein Guys,5,Thomson-McDu...,,,A1
20130228-0,28-FEB-2013,Let L-410UVP-E9,LZ-CCJ,"Heli Air Services, op.for UN",0,Wau Airport ...,, ,A1
20130302-0,02-MAR-2013,Antonov An-2T,RF-01024,DOSAAF,0,near Rybinsk Airp...,, ,A1
20130302-1,02-MAR-2013,Airbus A310-304,CS-TGU,SATA Internacional,0,Ponta Delgad...,, ,A2
20130304-0,04-MAR-2013,Hawker Beech 390 Premier IA,VP-CAZ,Global Jet Luxembourg,2,near Annemasse Ai...,,,A1
20130304-1,04-MAR-2013,Fokker 50,9Q-CBD, CAA,7,Goma Airport...,,,A1
20130306-0,06-MAR-2013,Beech B200 King Air,OB-1992-P,ATSA,9,near Pias Airport,, ,A1
20130307-0,07-MAR-2013,Swearingen SA227-AC Metro III,D-CAVA,Bin Air,0,Dublin Airpo...,,,A2
20130307-1,07-MAR-2013,Boeing 757-232,N698DL,Delta Air Lines,0,Atlanta-Will...,, ,A2
20130308-0,08-MAR-2013,Beech 1900C-1,N116AX,ACE Air Cargo,2,near Dillingham M...,,,A1
20130316-0,16-MAR-2013,Airbus A320-214,N620SC,GECAS,0,Jakarta-Soek...,, ,O1
20130316-1,16-MAR-2013,Boeing 737-5U3,PK-GGA,Garuda,0,Jakarta-Soek...,, ,O1
20130317-0,17-MAR-2013,Hawker Beech 390 Premier IA,N26DK,Digicut Systems,2,near South Bend R...,,,A1
20130322-0,22-MAR-2013,Grumman G-159 Gulfstream I,9Q-CTC, Malu Aviation,0,Djolu Airport,, ,A1
20130323-0,23-MAR-2013,Antonov An-2R,RA-02203,Yug Line,1,"near Vostochnaya,...",,,A1
20130327-0,27-MAR-2013,DHC-6 Twin Otter 300,C-FOPN,Air Labrador,0,St. Anthony ...,, ,A2
20130329-0,29-MAR-2013,Airbus A321-111,SX-BHS,"Hermes Airlines, op.for Air Méditerranée",0,Lyon Saint-E...,, ,A2
20130401-0,01-APR-2013,BN-2A-27 Islander,YJ-RV16,Air Vanuatu,0,Walaha Airpo...,,,A2
20130407-0,07-APR-2013,Beech 1900C-1,ZS-PHL,Sahel Air Service,1,near São Tomé Isl...,,,A1
20130410-0,10-APR-2013,Antonov An-26, ,Unknown,0,Doro Airstrip,, ,A1
20130413-0,13-APR-2013,Boeing 737-8GP (WL),PK-LKS,Lion Air,0,Denpasar-Ngu...,,,A1
20130416-0,16-APR-2013,Boeing 767-283ER,XA-TOJ,Aeroméxico,0,Madrid-Baraj...,,,A1
20130416-1,16-APR-2013,Airbus A321-231,HL7730,Asiana Airlines,0,Seoul-Incheo...,, ,A2
20130417-0,17-APR-2013,Boeing 737-8GK (WL),5A-DMG, Buraq Air,0,near Tripoli Inte...,, ,C2
20130417-1,17-APR-2013,DHC-6 Twin Otter 300,RDPL-34180,Lao Air,0,Sam Neua Air...,, ,A2
20130423-0,23-APR-2013,BAe-125 CC3 (HS-125-700),ZD704,RAF,0,Kandahar Air...,,,O1
20130427-0,27-APR-2013,Beech MC-12W Liberty,09-0676,USAF,4,near Kandahar Air...,, ,A1
20130429-0,29-APR-2013,Boeing 747-428BCF,N949CA,National Airlines (National Air Cargo),7,Bagram Air B...,,,A1
20130430-0,30-APR-2013,Beech 300 Super King Air,XC-LMV,Mexican Government,6,near Zacatecas,, ,A1
20130501-0,01-MAY-2013,DC-9-82 (MD-82),N7518A,American Airlines,0,Dallas/Fort ...,,,O1
20130501-1,01-MAY-2013,Airbus A330-343X,LN-RKO,SAS,0,Newark-Liber...,, ,A2
20130501-2,01-MAY-2013,Embraer EMB-145LR (ERJ-145LR),N17560,"United Express, opb ExpressJet Airlines",0,Newark-Liber...,, ,A2
20130503-0,03-MAY-2013,Boeing KC-135R,63-8877,USAF,3,near Chaldovar,, ,A1
20130505-0,05-MAY-2013,Learjet 60,N119FD,private,2,near Valencia-Art...,, ,A1
20130505-1,05-MAY-2013,DHC-6 Twin Otter 300,C-GKBO,Kenn Borek Air,0,northeast co...,, ,A2
20130508-0,08-MAY-2013,BAe-146-200QT,PK-JKC,Nusantara Air Charter,0,Wamena Airpo...,,,O1
20130510-0,10-MAY-2013,Antonov An-2R,YR-LRA,Aero Scoroget,0,Strehaia,, ,A1
20130510-1,10-MAY-2013,CASA/Nurtanio NC-212 Aviocar,PK-TLG,Nusantara Buana Air,0,near Ternate,,,A2
20130513-0,13-MAY-2013,Learjet 35A,N22MS,Evergreen International Aviation,0,McMinnville ...,,,A1
20130515-0,15-MAY-2013,Antonov An-2R,RA-31403,Aviakompanija Annushka,1,near Chernolessko...,,,A1
20130516-0,16-MAY-2013,Harbin Yunshuji Y-12 II,B-3801,China Flying Dragon,0,near Shenyang-Tao...,, ,A1
20130516-1,16-MAY-2013,DHC-6 Twin Otter 300,9N-ABO, Nepal Airlines,0,Jomsom Airpo...,,,A1
20130516-2,16-MAY-2013,Xian MA60,XY-AIQ,Myanma Airways,0,Mong Hsat Ai...,, ,A2
20130518-0,18-MAY-2013,DHC-8-102 Dash 8,N934HA,"US Airways Express, opb Piedmont Airlines",0,Newark-Liber...,, ,A2
20130518-1,18-MAY-2013,Cessna 500 Citation I,PT-LPZ,BFB Leasing,0,São Paulo-Ca...,, ,A1
20130519-0,19-MAY-2013,Lockheed C-130J-30 Super Hercules,04-3144,USAF,0,Forward Oper...,, ,A1
20130524-0,24-MAY-2013,Boeing 777-340ER,AP-BID,PIA,0,London-Stans...,,,H2
20130524-1,24-MAY-2013,Antonov An-2SX,EX-02015, Valor Air,3,"near Jyl-Kol, Jal...",,,A1
20130524-2,24-MAY-2013,Airbus A319-131,G-EUOE,British Airways,0,London-Heath...,,,A2
20130524-3,24-MAY-2013,Airbus A320-232,LZ-MDR,Air VIA,0,Varna Airpot...,, ,A2
20130526-0,26-MAY-2013,Boeing KC-137E (707-324C),2404,Brazilian AF,0,Port-au-Prin...,,,A2
20130526-1,26-MAY-2013,Bombardier DHC-8-402Q Dash 8,C-GLQO,Porter Airlines,0,Sault Ste. M...,,,A2
20130527-0,27-MAY-2013,Cessna 208B Grand Caravan,9N-AJU, Goma Air,0,Simikot Airp...,, ,A2
20130531-0,31-MAY-2013,BAe ATP-F,PK-DGI,Deraya Air Taxi,0,Wamena Airpo...,,,A1
20130599-0,??-MAY-2013,Lockheed C-130H Hercules,T.10-02,Spanish AF,0,unknown,, ,U1
20130601-0,01-JUN-2013,Dornier 228-202K,9N-AHB, Sita Air,0,Simikot Airp...,, ,A2
20130602-0,02-JUN-2013,Airbus A320-214,RP-C3266,Cebu Pacific Air,0,Davao City-F...,, ,A2
20130603-0,03-JUN-2013,Beech B200 Super King Air,ZS-GJV,RV Consulting Partnership,0,Lanseria Air...,, ,A2
20130607-0,07-JUN-2013,Embraer EMB-145LI (ERJ-145LI),B-3052,China Eastern,0,Shanghai-Hon...,, ,A2
20130607-1,07-JUN-2013,Beech B200GT King Air,N510LD,Osage Air,1,near Baton Rouge ...,,,A1
20130608-0,08-JUN-2013,Airbus A320-232,HA-LWM,Wizz Air,0,Roma-Fiumici...,,,A2
20130608-1,08-JUN-2013,Cessna 208B Super Cargomaster,C-FZDN,Skydive Toronto,0,near Cookstown Ai...,, ,A2
20130610-0,10-JUN-2013,Xian MA60,PK-MZO,Merpati Nusantara,0,Kupang-El Ta...,,,A1
20130610-1,10-JUN-2013,Xian MA60,XY-AIP,Myanma Airways,0,Kawthaung Ai...,, ,A2
20130610-2,10-JUN-2013,Cessna 208 Caravan I,TT-BAU,CotonTchad,1,near N'Gaoundéré ...,,,A1
20130610-3,10-JUN-2013,Beech 100 King Air,C-GJSU,Aviation Flycie,0,near Saint-Mathie...,,,A1
20130611-0,11-JUN-2013,Beech A100 King Air,C-FDOY,Wabusk Air,0,Kapuskasing ...,, ,A1
20130613-0,13-JUN-2013,Canadair Challenger 601-3A,N613SB,Grady International,0,Chino Airpor...,,,O1
20130613-1,13-JUN-2013,Saab 340B,C6-SBJ,SkyBahamas Airlines,0,Marsh Harbou...,,,A1
20130613-2,13-JUN-2013,MD-88,N995DL,Delta Air Lines,0,Nashville In...,, ,A2
20130613-3,13-JUN-2013,Airbus A319-111,RP-C3197,Cebu Pacific Air,0,Manila-Ninoy...,, ,A2
20130616-0,16-JUN-2013,Bombardier Global 5000,M-YSAI,Capital Investment Worldwide,0,Singapore-Se...,, ,A2
20130618-0,18-JUN-2013,IAI 1124 Westwind,N112EM,E. Micah Aviation,0,Cincinnati M...,,,A1
20130619-0,19-JUN-2013,Antonov An-2R,HA-MDP,Gergely Air,0,near Fertöszentmi...,,,A1
20130625-0,25-JUN-2013,Beech 200 Super King Air,N92JR,Tennair,0,near Chicago-Exec...,, ,A1
20130628-0,28-JUN-2013,Antonov An-2,RF-00408,DOSAAF,0,near Nekrasovka,,,A1
20130628-1,28-JUN-2013,Antonov An-2R,UP-A0190,Asia Continental Avialines,1,"near Terenozek, K...",, ,A1
20130628-2,28-JUN-2013,Cessna F406 Caravan II,5H-TZC,Tanzanair,0,Seronera Air...,, ,A2
20130629-0,29-JUN-2013,Embraer EMB-110P1 Bandeirante,ZS-NVB,Batair Cargo,2,near Francistown ...,,,A1
20130703-0,03-JUL-2013,Canadair CL-415,C-FIZU,Gov. of Newfoundland and Labrador,0,Moosehead La...,,,A1
20130703-1,03-JUL-2013,Airbus A320-212,JY-PTA,Petra Airlines,0,Tripoli Inte...,,,O1
20130705-0,05-JUL-2013,Rockwell Sabreliner 65,XB-RSC,Eseasa Contrucciones,0,Las Vegas-Mc...,,,A2

20130706-0,06-JUL-2013,Boeing 777-28EER,HL7742,Asiana Airlines,3,San Francisc...,,,A1
20130707-0,07-JUL-2013,DHC-3T Texas Turbine Otter,N93PC,Rediske Air,10,Soldotna Air...,,,A1
20130712-0,12-JUL-2013,Boeing 787-8,ET-AOP,Ethiopian Airlines,0,London-Heath...,,,O2
20130715-0,15-JUL-2013,Cessna 208B Grand Caravan,8R-AMS,ASL,0,near Matthews Rid...,, ,A2
20130715-1,15-JUL-2013,Antonov An-2R,UP-A0126,Astana Flown Spur,0,Shieli distr...,, ,A2
20130717-0,17-JUL-2013,Cessna 208B Grand Caravan,N732MD,Air Choice One,0,Chicago-O'Ha...,, ,A2
20130719-0,19-JUL-2013,BN-2A-21 Islander,HP-1338MF,My Flight Corp,0,"Isla Perico,...",, ,A1
20130721-0,21-JUL-2013,Sukhoi Superjet 100-95,97005,Sukhoi Civil Aircraft,0,Keflavík Int...,,,A2
20130721-1,21-JUL-2013,Antonov An-2R,UR-ART,Albatross Avia,0,"Pyatikhatki,...",,,A2
20130722-0,22-JUL-2013,Boeing 737-7H4 (WL),N753SW,Southwest Airlines,0,New York-La ...,,,A1
20130725-0,25-JUL-2013,Canadair Challenger 601,N163WG,Blue Water Aviation,0,unknown,, ,A1
20130728-0,28-JUL-2013,Antonov An-2,FLA-3618K,private,0,near Shakhty Airport,,,A1
20130729-0,29-JUL-2013,Saab 340B,UR-ARO,"Air Urga, opf UN",0,Lubumbashi I...,, ,A1
20130805-0,05-AUG-2013,Beech B200 Super King Air,TF-MYX,Mýflug Air,2,near Akureyri Air...,,,A1
20130805-1,05-AUG-2013,Embraer Phenom 300,N327FL,Flight Options,0,Minneapolis-...,,,A2
20130806-0,06-AUG-2013,Shijiazhuang Y-5B,B-8473,Jingmen General Aviation,1,Danfeng County,, ,A1
20130806-1,06-AUG-2013,Fokker 50,ST-ARG,Mid Airlines,0,Khartoum-Civ...,, ,A2
20130809-0,09-AUG-2013,Antonov An-12BK,UR-CAG,Ukraine Air Alliance,0,Leipzig Airp...,,,A1
20130809-1,09-AUG-2013,Antonov An-12B,1513,Ethiopian AF,4,Mogadishu In...,,,A1
20130810-0,10-AUG-2013,Antonov An-2T,D-FWJC,Air Tempelhof,0,Bienenfarm A...,,,A1
20130810-1,10-AUG-2013,Airbus A320-232,VH-VGR,Jetstar Airways,0,Melbourne-Tu...,,,A2
20130810-2,10-AUG-2013,Boeing 737-8FE (WL),VH-YID,Virgin Australia Airlines,0,Melbourne-Tu...,,,A2
20130814-0,14-AUG-2013,Airbus A300F4-622R,N155UP,UPS,2,near Birmingham-S...,,,A1
20130816-0,16-AUG-2013,Antonov An-2TP,RA-01419,Polyarnye Avialinii,0,near Vilyuisk,,,A1
20130819-0,19-AUG-2013,Douglas DC-3C,C-GWIR,Buffalo Airways,0,Yellowknife ...,,,A2
20130820-0,20-AUG-2013,Swearingen SA227-DC Metro 23,CP-2655,Aerocon,0,Sucre-Juana ...,, ,A1
20130822-0,22-AUG-2013,Beech B200C Super King Air,5H-TZW,Tanzanair,0,Lake Manyara,,,A1
20130822-1,22-AUG-2013,DHC-3T Vazar Turbine Otter,C-FSGD,Transwest Air,1,near Ivanhoe Lake...,, ,A1
20130822-2,22-AUG-2013,BN-2B-27 Islander,XC-FEE,Chihuahua State Government,0,near Purisima del...,, ,A1
20130825-0,25-AUG-2013,Antonov An-26B-100,EK-26818,"South Airlines, op.for Transom Airways",0,Guri'el Airs...,, ,A1
20130901-0,01-SEP-2013,Beech 1900D,N169GL,Great Lakes Airlines,0,Telluride Ai...,,,A2
20130907-0,07-SEP-2013,Canadair CRJ-200ER,TC-EJA,"MNG Jet, op.for Europe Jet",0,Moskva-Vnuko...,,,A1
20130908-0,08-SEP-2013,Airbus A330-321,HS-TEF,Thai Airways International,0,Bangkok-Suva...,,,A1
20130908-1,08-SEP-2013,Learjet 35A,XA-DAZ,Rajet Aeroservicios,0,Hermosillo-G...,, ,A2
20130909-0,09-SEP-2013,Dornier 228-202K,CC-CNW,CorpFlite,2,near Viña del Mar...,,,A1
20130917-0,17-SEP-2013,ATR 72-202,EC-LNP,"Helitt Líneas Aéreas, op.for Colombe Air Line",0,Ouagadougou ...,,,O1
20130918-0,18-SEP-2013,Antonov An-2R,RA-33017,"Sosvapromgeologiya, op.for Taksavia",0,near Nyagan,,,A1
20130923-0,23-SEP-2013,Boeing 747-3B3,EP-MNE,Mahan Air,0,Kerman Inter...,,,A2
20130925-0,25-SEP-2013,Cessna 208B Grand Caravan,C-FEXV,Morningstar Air Express,1,"Hudson Bay, ON",,,A1
20130926-0,26-SEP-2013,Airbus A321-231,TC-OBZ,Onur Air,0,near Deauville-Sa...,,,I2
20130927-0,27-SEP-2013,DHC-8-402Q Dash 8,9A-CQC,Croatia Airlines,0,Zürich-Klote...,,,A2
20130929-0,29-SEP-2013,Airbus A320-216,EI-EIB,Alitalia,0,Roma-Fiumici...,, ,A2
20130929-1,29-SEP-2013,Cessna 525A CitationJet CJ2,N194SJ,CREX-MML,4,Santa Monica...,,,A1
20131003-0,03-OCT-2013,Embraer EMB-120RT Brasilia,5N-BJY,Associated Aviation,16,Lagos-Murtal...,,,A1
20131005-0,05-OCT-2013,DHC-8-202,N356PH,USAF,4,"Acandí, Choc...",, ,A1
20131006-0,06-OCT-2013,Saab 340B,HS-GBG,Nok Mini Airlines,0,Udon Thani A...,, ,A1
20131006-1,06-OCT-2013,BN-2A-8 Islander,N909GD,Air Flamenco,1,near Cayo Luis Peña,,,A1
20131006-2,06-OCT-2013,Antonov An-2,RA-31505,Sputnik,0,"Sevryukova, ...",, ,A1
20131007-0,07-OCT-2013,Airbus A330-301,RP-C3336,Philippine Air Lines,0,Manila-Ninoy...,,,A1
20131010-0,10-OCT-2013,DHC-6 Twin Otter 310,9M-MDM,MASwings,2,Kudat Airpor...,, ,A1
20131010-1,10-OCT-2013,Antonov An-2T,UR-54853,private,2,"near Skulyn, Voly...",, ,A1
20131011-0,11-OCT-2013,Cessna 208B Grand Caravan,5H-KEN,Shine Aviation,0,Likawage Air...,,,A1
20131012-1,12-OCT-2013,Cessna 525A CitationJet CJ2+,N368PK,Executive AirShare,0,near Lincoln Muni...,,,A2
20131014-0,14-OCT-2013,Cessna 208B Grand Caravan,XA-TXM,AereoServicio Guerrero,14,near Loreto Airpo...,, ,A1
20131015-0,15-OCT-2013,Embraer Phenom 100,N610AS,Executive AirShare,0,Wichita-Colo...,, ,A2
20131016-0,16-OCT-2013,ATR 72-212A (ATR 72-600),RDPL-34233,Lao Airlines,49,near Pakse Airpor...,,,A1
20131016-1,16-OCT-2013,Hawker Siddeley HS-748,C-FFFS,Wasaya Airways,0,Kenora Airpo...,, ,A2
20131018-0,18-OCT-2013,Cessna 500 Citation I,N610ED,Dufresne,2,"near Derby, KS",,,A1
20131019-0,19-OCT-2013,BAe-146-200,RP-C5525,SkyJet Airlines,0,Balesin Airs...,,,A1
20131019-1,19-OCT-2013,ATR 42-320F,P2-PXY,"Farnair Switzerland, op.for Air Niugini",0,Madang Airpo...,,,A1
20131021-0,21-OCT-2013,Cessna 208B Grand Caravan,N861MA,Mokulele Airlines,0,Piilani High...,, ,A2
20131023-0,23-OCT-2013,Beech 1900C,N575U,ERA Aviation,0,Homer Airpor...,,,A2
20131025-0,25-OCT-2013,Fokker F-27 Friendship 500F,I-MLVT,"Europe Airpost, opb Miniliner",0,Paris-Charle...,, ,A1
20131026-0,26-OCT-2013,Antonov An-2,unreg.,private,2,"Tayozhny, Kr...",,,A1
20131029-0,29-OCT-2013,Cessna 208B Grand Caravan,PK-ICY,Pegasus Air Services,0,Pogapa Airstrip,, ,A2
20131103-0,03-NOV-2013,Swearingen SA227-AC Metro III,CP-2754,Aerocon,8,Riberalta Ai...,,,A1
20131103-1,03-NOV-2013,BN-2B-21 Islander,G-CIAS,Channel Islands Air Search,0,Devil's Hole...,, ,A1
20131104-0,04-NOV-2013,Hawker Siddeley DH-125-400A,XB-MGM,Unknown,0,"near Buena Vista,...",, ,C1
20131107-0,07-NOV-2013,Boeing 737-7Q8 (WL),LV-CYO,Aerolineas Argentinas,0,Buenos Aires...,, ,A2
20131107-1,07-NOV-2013,Embraer ERJ-190,LV-CIE,Austral Lineas Aéreas,0,Buenos Aires...,, ,A2
20131110-0,10-NOV-2013,Swearingen SA227-AC Metro III,C-FFZN,Bearskin Airlines,5,near Red Lake Air...,,,A1
20131115-0,15-NOV-2013,Embraer ERJ-190,LV-CKZ,Austral Lineas Aéreas,0,Buenos Aires...,, ,A2
20131117-0,17-NOV-2013,Boeing 737-53A,VQ-BBN,Tatarstan,50,Kazan Airpor...,,,A1
20131117-1,17-NOV-2013,Antonov An-2R,9Q-CFT, Air Kasai,0,"Kamako, West...",, ,A2
20131119-0,19-NOV-2013,Learjet 35A,XA-USD,Aero J.L.,4,near Fort Lauderd...,,,A1
20131122-0,22-NOV-2013,Beech 1900C-1,N575X,Era Alaska,0,Badami Airpo...,, ,A2
20131124-0,24-NOV-2013,MD-11F,D-ALCE,Lufthansa Cargo,0,São Paulo/Ca...,, ,A2
20131124-1,24-NOV-2013,DHC-8-102,N808EX,"US Airways Express, opb Piedmont Airlines",0,near Philadelphia...,, ,A2
20131125-0,25-NOV-2013,Cessna 208B Grand Caravan,P2-SAH,Tropicair,3,Kibeni,,,A1
20131125-1,25-NOV-2013,Beech B200 Super King Air,VN-B594,VASCO,0,Buon Me Thuo...,, ,A2
20131125-2,25-NOV-2013,Douglas C-118A Liftmaster (DC-6A),N100CE,Everts Air Cargo,0,"Nuiqsut, AK",,,A2
20131129-0,29-NOV-2013,Embraer ERJ-190,C9-EMC,LAM,33,Bwabwata Nat...,,,C1
20131129-1,29-NOV-2013,Cessna 208B Grand Caravan,N12373,Era Alaska,4,near Saint Mary's...,,,A1
20131129-2,29-NOV-2013,Bombardier DHC-8-402Q Dash 8,JA462A,ANA Wings,0,near Fukue Airpor...,,,A2
20131130-0,30-NOV-2013,Antonov An-26B,NAF-3-642,Namibian Air Force,0,Omega Airpor...,, ,A1
20131130-1,30-NOV-2013,Learjet 35A,(N175BA),Unknown,0,near San Fernando...,, ,C1
20131202-0,02-DEC-2013,Swearingen SA227-AC Metro III,N831BC,IBC Airways,2,"near La Alianza, ...",,,A1
20131202-1,02-DEC-2013,Cessna 560 Citation Encore,N810QS,NetJets,0,"near Walton, IN",, ,A2
20131203-0,03-DEC-2013,Airbus A320-214,HB-IJB,Swiss,0,London-Heath...,,,A2
20131204-0,04-DEC-2013,Boeing 747-281BSF,EK74798,"Veteran Airline, op.for Saudi Arabian",0,Abuja Intern...,,,A1
20131204-2,04-DEC-2013,BN-2A-3 Islander,PT-WMY,Heringer Táxi Aéreo,5,near Pikany India...,, ,A1
20131205-0,05-DEC-2013,Boeing 767-332ER (WL),N182DN,Delta Air Lines,0,Madrid-Baraj...,, ,A2
20131210-0,10-DEC-2013,Gulfstream G550,HZ-A6,Alpha Star Aviation Services,0,London-Stans...,, ,A2
20131210-1,10-DEC-2013,Fokker F-27 Friendship 400M,FAB-90,TAM,0,Guayaramerín...,,,A2
20131211-0,11-DEC-2013,Cessna 208B Grand Caravan,N687MA,Makani Kai Air,1,near Kalaupapa Ai...,,,A1
20131213-0,13-DEC-2013,Boeing 757-2B7 (WL),N202UW,US Airways,0,Amsterdam-Sc...,, ,A2
20131213-1,13-DEC-2013,Boeing 737-8K2 (WL),PH-BXZ,KLM,0,Amsterdam-Sc...,, ,A2
20131217-0,17-DEC-2013,Raytheon 390 Premier I,N50PM,Mallen Industries,2,near Atlanta-Fult...,,,A1
20131219-0,19-DEC-2013,Boeing 737-58E,ST-NVG, Nova Airways,0,Juba Airport...,, ,A2
20131222-0,22-DEC-2013,Boeing 747-436,G-BNLL,British Airways,0,Johannesburg...,,,A1
