identifiant,date,type,registration,operator,fat.,location, ,pic,cat

19641118-1,18-NOV-1964,Antonov An-2V,CCCP-09275,Aeroflot / Northern,1,near Murmansk Air...,, ,A1
19641120-0,20-NOV-1964,Convair CV-440,SE-CCK,Linjeflyg,31,near Helsingborg-...,,,A1
19641120-1,20-NOV-1964,Curtiss C-46F,N3971B,"Zantop, lsf Aaxico Airlines",0,Detroit-Metr...,, ,A1
19641121-0,21-NOV-1964,Douglas DC-3A,CF-GOC,Eastern Provincial Airways,0,Lourdes-de-B...,, ,A1
19641123-0,23-NOV-1964,Boeing 707-331,N769TW,TWA,50,Roma-Fiumici...,,,A1
19641124-0,24-NOV-1964,Curtiss C-46A,CC-CIB,ALFA,0,Santiago-Los...,, ,A1
19641124-1,24-NOV-1964,Curtiss C-46R,N9885F,Delta Air Lines,0,"Baton Rouge, LA",, ,A1
19641124-2,24-NOV-1964,Nord 2501D Noratlas,GB+104,German AF,4,near Ahlhorn Air ...,, ,A1
19641126-0,26-NOV-1964,Douglas C-48B (DC-3),PP-SQP,VASP,0,São Paulo-Co...,, ,O1
19641127-0,27-NOV-1964,Lockheed P-2H Neptune,135610,US Navy,12,near Cape Newenha...,, ,A1
19641128-0,28-NOV-1964,Ilyushin Il-14P,CCCP-41883,Aeroflot / Georgia,7,near Surami,, ,A1
19641129-1,29-NOV-1964,Douglas DC-4,OO-DEP,Air Congo,6,Léopoldville...,, ,A1
19641130-0,30-NOV-1964,Curtiss C-46D,51-1107,JASDF,0,Tokyo-Haneda...,, ,A1
19641204-0,04-DEC-1964,Lockheed P-3A Orion,150508,US Navy,13,near Luzon Island...,, ,A1
19641208-0,08-DEC-1964,Douglas C-47 (DC-3),CP-639,Aerolineas Abaroa,17,near Milluni,, ,C1
19641209-0,09-DEC-1964,Morane Saulnier (FMA) MS.760 Paris ,E-231,Argentine AF,2,"Córdoba, CD",, ,A1
19641211-0,11-DEC-1964,DH-125-1,G-ARYC,Hawker Siddeley,0,Filton Airpo...,, ,A2
19641216-0,16-DEC-1964,Vickers Valetta C.1,VW182,RAF,,,, ,A1
19641219-0,19-DEC-1964,Fairchild C-82A Packet,N128E,John W. Mecom Oil Co.,2,near Alexandria,, ,C1
19641219-1,19-DEC-1964,Boeing KC-97G Stratofreighter,52-907,USAF,5,near Stephenville...,, ,A1
19641221-0,21-DEC-1964,Douglas C-47A (DC-3),PI-C569,Fleming,1,Numancia Aklan,, ,A1
19641224-0,24-DEC-1964,Lockheed L-1049H Super Constellatio,N6915C,Flying Tiger Line,3,near San Francisc...,, ,A1
19641224-1,24-DEC-1964,Douglas C-47B (DC-3),OB-R-654,SATCO,1,Yurimaguas A...,, ,A1
19641228-0,28-DEC-1964,DHC-3 Otter,VP-FAJ,British Antarctic Survey,0,Adelaide Base,, ,A1
19641228-1,28-DEC-1964,Fairchild C-123 Provider, ,USAF,4,"near Phoenix, AZ",, ,A1
19641229-0,29-DEC-1964,Curtiss C-46,CC-CAN,LASA,6,near Turrialba,,,A1
19641229-1,29-DEC-1964,DHC-3 Otter, ,Indian AF,,River Pasighat,, ,A1
19641230-1,30-DEC-1964,Curtiss C-46A,N608Z,Zantop,4,near Detroit-Metr...,, ,A1
19649999-0,??-???-1964,Lisunov Li-2P,SP-LKC,LOT,,,, ,U1
19649999-1,??-???-1964,Vickers 626 Viking C Mk. 2,XB-FIP,private,,,,,A1
19649999-2,??-???-1964,Douglas DC-3A-269B,T-25,TAM Paraguay,,Encarnación-...,, ,U1
19649999-3,??-???-1964,Nord 2501D Noratlas,4X-FAB/042,Israeli AF,,,, ,U1
19649999-4,??-???-1964,Lockheed P-2H Neptune,145913,US Navy,0,"Kodiak NAS, ...",, ,A1
19649999-5,??-???-1964,Douglas  Dakota III (DC-3),KJ981,RAF,,Bentwaters R...,, ,U1

19640102-0,02-JAN-1964,Douglas C-124C Globemaster II,52-0968,USAF,9,near Hawaii,, ,A1
19640102-1,02-JAN-1964,Lockheed 18 Lodestar,N5114,General Motors,0,Anderson Mun...,, ,A2
19640103-0,03-JAN-1964,Antonov An-2,CCCP-23740,Aeroflot / Yakutsk,2,near Batagay Airport,, ,A1
19640103-1,03-JAN-1964,Curtiss C-46,ZP-CCE,International Products Corp.,,Asuncion-Alf...,, ,A1
19640109-0,09-JAN-1964,Douglas C-47A (DC-3),CF-ILQ,Austin Airways,0,near Rupert River...,, ,A1
19640109-1,09-JAN-1964,Douglas C-47B (DC-3),LV-FYJ,ALA,30,"near Zaráte, BA",, ,A1
19640110-0,10-JAN-1964,Avro Shackleton MR.3,XF710,RAF,0,Culloden Moor,, ,A1
19640113-0,13-JAN-1964,Curtiss C-46 Super C,SE-CFF,Transair Congo,0,Thysville Ai...,, ,A1
19640123-0,23-JAN-1964,Douglas HC-47A,42-93794,USAF,,unknown,, ,A1
19640125-0,25-JAN-1964,Antonov An-2,CCCP-13651,Aeroflot / Kazakstan,3,near Kenkiyak,, ,A1
19640128-0,28-JAN-1964,CT-39A Sabreliner,62-4448,USAF,3,near Vogelsberg v...,,,C1
19640128-1,28-JAN-1964,Douglas C-47 (DC-3),FAC-658,Colombian AF,,,, ,U1
19640129-0,29-JAN-1964,Consolidated C-10A Catalina (PBY-5A,6508,Brazilian AF,1,"Belém, PA",, ,A1
19640203-0,03-FEB-1964,Douglas C-47A (DC-3),TC-ETI,THY,3,near Ankara-Esenb...,, ,A1
19640204-0,04-FEB-1964,Douglas C-47A (DC-3),CP-568,LAB,2,near Yacuiba Airp...,, ,A1
19640206-0,06-FEB-1964,Douglas DC-3A-228C,PT-ATP,Perdigao SA Comercio y Industria,2,near São Sebastiã...,, ,A1
19640206-1,06-FEB-1964,Douglas C-54Q (DC-4),56522,US Navy,6,"near Calverton, NY",, ,A1
19640207-0,07-FEB-1964,Douglas C-47A (DC-3),42-100631,USAF,,Unknown,, ,A1
19640208-0,08-FEB-1964,Consolidated C-87,CP-575,Compañia Boliviana de Aviacion,,La Paz-El Al...,, ,A1
19640209-0,09-FEB-1964,Antonov An-2,CCCP-55541,Aeroflot / Far East,3,near Dhzigda Airport,, ,A1
19640210-0,10-FEB-1964,DHC-3 Otter, ,Indian AF,3,"Mechuka, Utt...",, ,A1
19640215-0,15-FEB-1964,Douglas C-47A (DC-3),PP-BTU,Paraense Transportes Aéreos,0,"near Tabajara, RO",, ,A1
19640216-0,16-FEB-1964,Fairchild C-123 Provider, ,USAF,,,, ,C1
19640217-0,17-FEB-1964,VEB 14P,HA-MAH,Malev,0,Budapest-Fer...,, ,O1
19640217-1,17-FEB-1964,Ilyushin Il-14, ,Indian AF,13,Banihal Pass,, ,A1
19640218-1,18-FEB-1964,Grumman G-73 Mallard,JA5067,Nitto Aviation,2,near Osaka-Itami ...,, ,A1
19640221-0,21-FEB-1964,Douglas C-47B (DC-3),PI-C97,Philippine Air Lines,31,near Marawi,, ,A1
19640223-0,23-FEB-1964,Vickers 732 Viscount,SU-AKX,UAA,0,Beirut Inter...,, ,A1
19640225-0,25-FEB-1964,Douglas DC-8-21,N8607,Eastern Air Lines,58,near New Orleans ...,, ,A1
19640227-0,27-FEB-1964,Convair CV-240-0,JA5098,Fuji Air Lines,20,Oita Airport...,, ,A1
19640229-0,29-FEB-1964,Bristol 175 Britannia 312,G-AOVO,British Eagle,83,Mt. Glungezer,, ,A1
19640301-1,01-MAR-1964,Lockheed L-049 Constellation,N86504,Paradise Airlines,85,near Lake Tahoe A...,,,A1
19640304-0,04-MAR-1964,Fairchild C-119 Flying Boxcar, ,Indian AF,22,near Barrackpore ...,, ,A1
19640305-0,05-MAR-1964,Douglas C-47A (DC-3),LN-PAS,Widerøes Flyveselskap,0,Oslo-Fornebu...,,,A1
19640308-0,08-MAR-1964,SAAB Scandia 90A-1,PP-SQY,VASP,0,Londrina Air...,, ,A1
19640308-1,08-MAR-1964,Douglas C-47A (DC-3),HK-862,Líneas Aéreas Taxader,28,near Facatavivá,,,A1
19640308-2,08-MAR-1964,Douglas DC-3A,N410D,Hansen Air Activities,1,near Chicago-O'Ha...,,,A1
19640309-0,09-MAR-1964,DH-106 Comet 4,G-APDN,BOAC,0,Tehran-Mehra...,, ,A2
19640310-1,10-MAR-1964,Douglas DC-4,N384,Slick Airways,3,near Boston-Logan...,, ,A1
19640312-0,12-MAR-1964,Douglas C-47A (DC-3),N61442,Frontier Airlines,5,near Miles City M...,, ,A1
19640314-0,14-MAR-1964,Douglas C-47B (DC-3),OB-PAX-224,Faucett,0,Rioja,, ,A1
19640317-0,17-MAR-1964,Douglas C-47A (DC-3),T.3-1,Spanish AF,4,Tenerife-Los...,, ,A1
19640318-0,18-MAR-1964,BAC One-Eleven 201AC,G-ASJB,BAC,0,Wisley Airfield,, ,A1
19640322-0,22-MAR-1964,DH-106 Comet 4,G-APDH,"BOAC, op.for Malaysian Airways",0,Singapore-Pa...,, ,A1
19640324-0,24-MAR-1964,Scottish Aviation Twin Pioneer 2,XW-PBJ,Continental Air Services,0,Vientiane-Wa...,, ,O1
19640324-1,24-MAR-1964,Scottish Aviation Twin Pioneer 2,XW-PBP,Continental Air Services,0,Vientiane-Wa...,, ,O1
19640326-0,26-MAR-1964,Curtiss C-46D,PP-LDL,VASP,3,Guanabara Ba...,, ,A1
19640328-0,28-MAR-1964,Douglas C-54A (DC-4),N4726V,Facilities Management Corp.,9,near San Fransisc...,, ,A1
19640328-1,28-MAR-1964,Vickers 785D Viscount,I-LAKE,Alitalia,45,Mt Somma,, ,A1
19640402-0,02-APR-1964,Douglas C-47A (DC-3),VT-COU,Kalinga Airlines,0,Calcutta-Dum...,, ,A1
19640404-0,04-APR-1964,Douglas DC-4,PP-BTQ,Paraense Transportes Aéreos,0,Belém Airpor...,, ,A1
19640406-0,06-APR-1964,Vickers 639 Viking 1,G-AHOY,Invicta Int. Airways,0,London-Stans...,, ,A2
19640407-0,07-APR-1964,Boeing 707-139,N779PA,Pan Am,0,New York-Joh...,,,A1
19640407-1,07-APR-1964,Douglas C-47A (DC-3),VT-CMD,Kalinga Airlines,0,Along Airpor...,, ,A1
19640407-2,07-APR-1964,Curtiss C-46A,PT-BVG,private,,"La Fortuna, BA",, ,A1
19640407-3,07-APR-1964,Scottish Aviation Twin Pioneer 2,XW-PBN,Continental Air Services,0,Mekong River,, ,A1
19640411-0,11-APR-1964,PBV-1A Canso A (PBY-5A),PP-PCZ,Panair do Brasil,,"Portel, PA",, ,A1
19640412-0,12-APR-1964,Douglas C-47B (DC-3),VR-AAM,Aden Airways,,Hargeisa,, ,A1
19640417-0,17-APR-1964,SE-210 Caravelle III,OD-AEM,MEA,49,near Dhahran Inte...,,,A1
19640420-0,20-APR-1964,Fairchild C-119G Flying Boxcar,MM52-6036,Italian AF,6,near Pisa-Arturo ...,, ,A1
19640420-1,20-APR-1964,Douglas C-47 (DC-3),FAC-685,SATENA,4,"Larandia, Ch...",, ,A1
19640421-0,21-APR-1964,Vickers 754D Viscount,OD-ACX,MEA,0,Al Arish Air...,, ,A1
19640421-1,21-APR-1964,Nord 2501 Noratlas,178,French AF,18,Bouar Airpor...,, ,A1
19640424-1,24-APR-1964,Douglas DC-7,N68N,FAA,0,Phoenix-Deer...,,,O1
19640425-0,25-APR-1964,Fairchild C-123B Provider,56-4388,Air National Guard,4,near Valdez Munic...,, ,A1
19640427-0,27-APR-1964,Douglas DC-3C,VP-KJP,East African Airways,1,Kilwa Masoko...,, ,A2
19640429-0,29-APR-1964,Nord 2501 Noratlas,35,French AF,5,near Foix,, ,A1
19640429-1,29-APR-1964,Nord 2501D Noratlas,4X-FAD/044,Israeli AF,9,Mitzpe Ramon,, ,A1
19640430-0,30-APR-1964,Curtiss C-46D,LV-HIJ,Aerolineas Carreras,0,Laguna Brava...,, ,A1
19640502-0,02-MAY-1964,Lockheed C-130A Hercules,56-0492,USAF,0,Ie Shima Air...,, ,A1
19640503-0,03-MAY-1964,Consolidated PBY-6A Catalina,L-867,Danish AF,0,near Upernavik,, ,A1
19640504-0,04-MAY-1964,Douglas R4D-4 (DC-3),EP-ADI,Iran Air,,Isfahan,, ,A1
19640505-0,05-MAY-1964,CV-2B Caribou (DHC-4),61-2593,US Army,15,Tan Hiep,, ,A1
19640507-0,07-MAY-1964,Fairchild F-27A,N2770R,Pacific Air Lines,44,"near San Ramon, CA",,,C1
19640508-0,08-MAY-1964,Douglas C-54A (DC-4),T-47,Argentine AF,46,near Lima Interna...,,,A1
19640509-0,09-MAY-1964,Douglas C-124C Globemaster II,52-1008,USAF,6,"near Cooperton, K...",, ,A1
19640511-0,11-MAY-1964,Boeing C-135B,61-0332,USAF,79+ 1,Angeles City...,, ,A1
19640511-1,11-MAY-1964,Lockheed P-2E Neptune,131481,US Navy,10,near Cadiz,, ,A1
19640513-0,13-MAY-1964,Antonov An-2R,CCCP-09259,Aeroflot / Ukraine,1,"Svetilnoye, ...",, ,A1
19640515-0,15-MAY-1964,Douglas C-47H,17105,US Navy,1,Antisana Vol...,,,A1
19640520-0,20-MAY-1964,Douglas C-47A (DC-3),PI-C568,Fleming,,Manila Inter...,, ,O1
19640520-1,20-MAY-1964,DHC-3 Otter,PI-C51,Philippine Air Lines,11,Sibuco Point,, ,A1
19640522-0,22-MAY-1964,DHC-3 Otter,303,"UN, opb Norwegian AF",0,near Luvungi airs...,, ,C1
19640523-0,23-MAY-1964,Vickers 701 Viscount,G-AMON,Cambrian Airways,0,near Barcelona,, ,A2
19640527-0,27-MAY-1964,Douglas C-47 (DC-3),PP-SPZ,VASP,3,Morro do São...,, ,A1
19640529-0,29-MAY-1964,Scottish Aviation Twin Pioneer CC.1,XM942,RAF,0,Long Akah,, ,A1
19640529-1,29-MAY-1964,Douglas DC-4,CP-717,TABSA,0,near Trinidad Air...,, ,A1
19640529-2,29-MAY-1964,Boeing 707-331,N761TW,TWA,0,Paris-Orly A...,,,A2
19640601-0,01-JUN-1964,Douglas R5D-2 (DC-4),50867,US Navy,,Twin Cities ...,, ,O1
19640604-0,04-JUN-1964,Learjet 23,N801L,Lear Jet,0,"Wichita, KS",, ,A1
19640606-0,06-JUN-1964,Douglas SC-47D (DC-3),CP-729,Aerolineas Abaroa,0,La Paz-El Al...,, ,A1
19640606-1,06-JUN-1964,Douglas C-47B (DC-3),PP-SPK,VASP,0,Brasília Int...,, ,A1
19640608-0,08-JUN-1964,Antonov An-2SX,CCCP-25467,Aeroflot / Privolzhsk,2,Cheremshan,, ,A1
19640609-0,09-JUN-1964,Tupolev Tu-104B,CCCP-42476,Aeroflot / West Siberia,0,Novosibirsk ...,, ,A1
19640609-1,09-JUN-1964,Douglas C-47A (DC-3),ETI-51,Turkish AF,6,near Çanakkale,, ,A1
19640611-0,11-JUN-1964,Vickers Valetta C.1,VW863,RAF,0,Labuan Airpo...,, ,A1
19640611-2,11-JUN-1964,Lockheed RB-69A Neptune,54-4037,Republic of China AF,13,"near Yantai, Shan...",,,C1
19640613-0,13-JUN-1964,Lisunov Li-2P,YR-DAC,Tarom,,near Bacau Airpor...,, ,A1
19640613-1,13-JUN-1964,Vickers 757 Viscount,CF-THT,Air Canada,0,Toronto Inte...,, ,A1
19640613-2,13-JUN-1964,Douglas C-47A (DC-3),HZ-AAN,Saudi Arabian,2,"near Jeddah, Saud...",, ,A1

19640620-0,20-JUN-1964,Curtiss C-46D,B-908,Civil Air Transport,57,San-Chiao,,,A1
19640621-1,21-JUN-1964,Douglas C-47A (DC-3),EC-AQH,TASSA,1,near Palma de Mal...,,,A1
19640624-0,24-JUN-1964,CV-2B Caribou (DHC-4),62-4196,US Army,5+ 2,"near Ridgeway, SC",, ,A1
19640625-0,25-JUN-1964,Fokker F-27 Friendship 200,AP-ALO,PIA,0,Dhaka-Tejgao...,,,A1
19640625-1,25-JUN-1964,Douglas C-47B (DC-3),T-30,Argentine AF,0,Santiago del...,, ,A1
19640625-2,25-JUN-1964,Bristol 175 Britannia 312,G-AOVJ,BOAC,0,Bermuda-Kind...,, ,A2
19640626-0,26-JUN-1964,Douglas C-54A (DC-4),0189/5-T-2,Argentine Navy,0,near Río Gallegos...,, ,A1
19640629-0,29-JUN-1964,Douglas HC-54D (DC-4),42-72590,USAF,7,near Bermuda,, ,A1
19640629-1,29-JUN-1964,Boeing KC-97G Stratofreighter,52-2773,USAF,10,near Bermuda,, ,A1
19640630-0,30-JUN-1964,Douglas C-54A (DC-4),N188S,Zantop,,,, ,U1
19640701-0,01-JUL-1964,DHC-4A Caribou,A4-134,RAAF,0,Nowra Airpor...,, ,A1
19640702-0,02-JUL-1964,Ilyushin Il-18B,CCCP-75661,Aeroflot / Moscow,,Krasnodar Ai...,, ,A1
19640703-0,03-JUL-1964,Grumman HU-16E Albatross,7233,US Coast Guard,5,"near Ketchikan, AK",, ,A1
19640703-1,03-JUL-1964,Douglas C-47A (DC-3),6875,South African AF,0,Johannesburg...,, ,O1
19640703-2,03-JUL-1964,Antonov An-2R,CCCP-09242,Aeroflot / Privolzhsk,1,near Urtazym,, ,A1
19640704-0,04-JUL-1964,PBV-1A Canso A (PBY-5A),F-ZBAR,Securité Civile,0,near Donzère,,,A1
19640708-0,08-JUL-1964,Boeing KC-135A,60-0340,USAF,4,Death Valley...,, ,A1
19640709-0,09-JUL-1964,Vickers 745D Viscount,N7405,United Airlines,39,near Parrottsvill...,, ,A1
19640715-0,15-JUL-1964,Boeing 720-030B,D-ABOP,Lufthansa,3,near Ansbach,, ,A1
19640716-0,16-JUL-1964,Douglas DC-7B,N809D,Eastern Air Lines,0,Richmond Air...,, ,A1
19640720-0,20-JUL-1964,Douglas DC-7B,N831D,Eastern Air Lines,0,Charlotte-Do...,, ,A1
19640722-0,22-JUL-1964,Curtiss C-46,AN-AKY,LANICA,0,near Managua Airp...,, ,A1
19640722-1,22-JUL-1964,Lockheed P-2H Neptune,145922,US Navy,,Norfolk NAS ...,, ,A1
19640723-0,23-JUL-1964,Fairchild C-123B Provider,56-4383,USAF,0,Gia Vuc,, ,A1
19640726-0,26-JUL-1964,Antonov An-2,DM-SKS,Interflug,2,near Magdeburg,, ,A1
19640727-0,27-JUL-1964,Curtiss C-46,6340,Republic of China AF,6,near Pingtung,, ,A1
19640727-2,27-JUL-1964,Curtiss C-46,6331,Republic of China AF,6,near Pingtung,, ,A1
19640727-3,27-JUL-1964,Curtiss C-46,6008,Republic of China AF,6,near Pingtung,, ,A1
19640729-0,29-JUL-1964,Douglas C-47D (DC-3),43-49253,USAF,,,, ,A1
19640730-1,30-JUL-1964,Douglas DC-7,N464,FAA,0,Washington-D...,, ,A2
19640803-0,03-AUG-1964,Ilyushin Il-18V,CCCP-75824,Aeroflot / Moscow,,Magadan Airp...,, ,A1
19640803-1,03-AUG-1964,Fairchild C-82A Packet,N4829V,M&F,0,Granite Moun...,, ,A1
19640804-1,04-AUG-1964,Douglas C-47B (DC-3),AF-101,Zambian Air Force,,Lundazi Dist...,, ,O1
19640808-0,08-AUG-1964,Douglas C-47B (DC-3),AF-102,Zambian Air Force,,Lundazi Dist...,, ,O1
19640814-0,14-AUG-1964,CV-2B Caribou (DHC-4),62-4151,US Army,,near Ceiba-Roosev...,, ,A1
19640816-0,16-AUG-1964,Curtiss C-46A,PP-NMF,VASP,1,"near Belém, PA",, ,A1
19640819-0,19-AUG-1964,Douglas C-47 (DC-3),N61350,Hawthorne Nevada,0,"near Tonopah, NV",,,A1
19640820-0,20-AUG-1964,U-1A Otter (DHC-3),57-6117,US Army,2,Rioja area,, ,A1
19640820-1,20-AUG-1964,BAC One-Eleven 201AC,G-ASJD,BAC,0,near Tilshead,, ,A2
19640821-0,21-AUG-1964,Curtiss C-46D,51-1121,JASDF,,Okayama Airp...,, ,A1
19640822-0,22-AUG-1964,Douglas C-47A (DC-3),CP-680,S.A.Cochabamba,4,near Tipuani,, ,A1
19640822-1,22-AUG-1964,Avia 14T,3148,Czechoslovak AF,10,Hurka,, ,A1
19640823-0,23-AUG-1964,Lockheed WC-121N Super Constellatio,137891,US Navy,0,near Puerto Rico,, ,A1
19640825-0,25-AUG-1964,Vickers Varsity T.1,WF329,RAF,2,near Topcliffe RA...,, ,A1
19640827-0,27-AUG-1964,Canadair DC-4M2 North Star,CF-TFJ,LEBCA,0,Miami Intern...,, ,O1
19640827-1,27-AUG-1964,Canadair DC-4M2 North Star,CF-TFQ,Keegan Aviation,0,Miami Intern...,, ,O1
19640827-2,27-AUG-1964,Canadair DC-4M2 North Star,YV-C-LBU,LEBCA,0,Miami Intern...,, ,O1
19640827-3,27-AUG-1964,Curtiss C-46F,N4876V,Argonaut Airways,0,Miami Intern...,, ,O1
19640827-4,27-AUG-1964,Curtiss C-46A,N9903F,Airlift Int.,0,Miami Intern...,, ,O1
19640827-5,27-AUG-1964,Curtiss C-46F,N1823M,Airlift Int.,0,Miami Intern...,, ,O1
19640827-6,27-AUG-1964,Douglas C-47B (DC-3),N34963,Boreas,0,Miami Intern...,, ,O1
19640827-7,27-AUG-1964,Douglas C-124C Globemaster II,50-0114,USAF,,Homer Airpor...,, ,U1
19640902-0,02-SEP-1964,Ilyushin Il-18V,CCCP-75531,Aeroflot / Krasnoyarsk,87,near Yuzhno-Sakha...,, ,A1
19640903-0,03-SEP-1964,Lockheed L-1649A Starliner,LV-GLI,FAA,0,Phoenix-Deer...,, ,O1
19640903-1,03-SEP-1964,Douglas C-47D,L2-29/02?,Thai AF,28,Vaong Nong,, ,A1
19640903-2,03-SEP-1964,Lockheed C-130B Hercules,T-1307,Indonesian AF,55,Karimata Strait,, ,A1
19640904-0,04-SEP-1964,Vickers 701C Viscount,PP-SRR,VASP,39,near Nova Friburg...,, ,A1
19640907-0,07-SEP-1964,Douglas SC-47D (DC-3),T.3-38,Spanish AF,,,, ,U1
19640908-0,08-SEP-1964,Lockheed SP-2E Neptune,131513,US Navy,5,near Vietnam coas...,, ,A1
19640911-0,11-SEP-1964,Scottish Aviation Twin Pioneer CC.1,XP294,RAF,0,Bario Airpor...,,,A1
19640913-0,13-SEP-1964,Fokker F-27 Friendship 200,HB-AAI,Balair,0,Málaga Airpo...,,,A1
19640915-0,15-SEP-1964,Douglas C-47A (DC-3),HK-319,Avianca,2,near Condoto,, ,A1
19640915-1,15-SEP-1964,Douglas C-47 (DC-3),FAC-667,SATENA,0,Puerto Rico ...,, ,A1
19640916-0,16-SEP-1964,Antonov An-8RU,CCCP-55517?,Unknown,,Kiev-Gostome...,, ,A1
19640916-1,16-SEP-1964,Scottish Aviation Twin Pioneer CC.1,XM943,RAF,0,Manawa,, ,A1
19640920-0,20-SEP-1964,Scottish Aviation Twin Pioneer 2,XW-PBO,Bird & Sons,,Muang Hein (...,, ,A1
19640922-0,22-SEP-1964,Douglas C-47A (DC-3),N1549V,Caribair,0,San Juan-Isl...,, ,A2
19640928-0,28-SEP-1964,Douglas DC-7C,G-ASID,Caledonian Airways,0,Istanbul,, ,A1
19640929-0,29-SEP-1964,Douglas C-47 (DC-3),G-AOFZ,BMA,0,Guernsey Air...,, ,A2
19640930-1,30-SEP-1964,Douglas C-47 (DC-3), ,Iran AF,1,Shiraz Airpo...,, ,A1
19641002-0,02-OCT-1964,Douglas DC-6B,F-BHMS,UTA,80,Mt Alcazaba,,,A1
19641002-1,02-OCT-1964,Douglas C-54A (DC-4),YK-ADA,Syrian Arab Airlines,0,Damascus Int...,, ,A1
19641002-2,02-OCT-1964,Lockheed L-749A-79 Constellation,LX-IOK,Interocean,1,Addis Ababa-...,,,A1
19641002-3,02-OCT-1964,Steward-Davis Super Catalina (PBY-5,N4936V,Alaska Coastal-Ellis Airlines,1,"Otter Lake, ...",, ,A1
19641006-0,06-OCT-1964,Vickers 951 Vanguard,G-APEE,BEA,0,Glasgow-Renf...,, ,A2
19641009-0,09-OCT-1964,Ilyushin Il-14P,YR-ILB,Tarom,31,near Cugir,, ,A1
19641013-0,13-OCT-1964,Lisunov Li-2,CCCP-04370,Aeroflot / Polar,0,near Cape Khorgoy,, ,A1
19641014-0,14-OCT-1964,Douglas C-47A (DC-3),G-AGJV,BMA,0,Derby Airport,, ,A2
19641015-0,15-OCT-1964,Fokker F-27 Friendship 100,VT-DOL,Indian Airlines,0,Madras Airpo...,, ,A2
19641016-0,16-OCT-1964,Antonov An-12B,T-1202,Indonesian AF,13,near Palembang,, ,A1
19641019-0,19-OCT-1964,Ilyushin Il-18V,CCCP-75668,Soviet AF,33,Mount Avala,, ,A1
19641022-0,22-OCT-1964,Fairchild C-119G Flying Boxcar,MM52-6041,Italian AF,0,Châteauroux ...,, ,A2
19641022-1,22-OCT-1964,Douglas LC-47H,12407,US Navy,0,Lillie Glacier,, ,A1
19641024-0,24-OCT-1964,Fairchild C-123B Provider,55-4549,USAF,8,near Phumi Dak Dam,, ,C1
19641024-1,24-OCT-1964,Antonov An-2,CCCP-01231,Aeroflot / Far East,2,near Nikolayevsk-...,, ,A1
19641031-0,31-OCT-1964,CV-2B Caribou (DHC-4),63-9736,US Army,3,"near Augusta, GA",, ,A1
19641031-1,31-OCT-1964,CV-2B Caribou (DHC-4),63-9749,US Army,3,"near Augusta, GA",, ,A1
19641101-0,01-NOV-1964,Fairchild C-123B Provider,56-4355,USAF,0,near Magong,, ,A1
19641103-0,03-NOV-1964,Lockheed C-121J Super Constellation,131625,US Navy,,Patuxent Riv...,, ,A1
19641105-0,05-NOV-1964,Boeing KC-97, ,USAF,5,near Portsmouth-P...,, ,A1
19641105-1,05-NOV-1964,DH-106 Comet 4B,G-APMD,BEA,0,Málaga Airpo...,, ,A2
19641107-0,07-NOV-1964,Douglas C-133A Cargomaster,56-2014,USAF,7,near Goose Bay Ai...,, ,A1
19641107-1,07-NOV-1964,Fairchild C-82A Packet,N74127,Steward-Davis,2,"near Perote, Vera...",, ,A1
19641109-0,09-NOV-1964,Curtiss C-46D,HK-400,Aerocondor de Colombia,0,Barranquilla...,, ,A1
19641109-1,09-NOV-1964,Antonov An-2SX,CCCP-43915,Aeroflot / Moldova,4,near Gavanoasa,, ,A1
19641111-0,11-NOV-1964,Lockheed P2V-6M Neptune,134663,French Navy,10,Heraklion Ai...,, ,A1
19641112-0,12-NOV-1964,Lockheed 18 Lodestar,N171Q,Private,4,Freeport-Gra...,, ,A1
19641115-0,15-NOV-1964,Fairchild F-27A,N745L,Bonanza Air Lines,29,"near Las Vegas, NV",,,A1
19641117-0,17-NOV-1964,Lockheed P-3A Orion,151362,US Navy,10,near Argentia-NAS...,, ,A1
19641118-0,18-NOV-1964,DHC-4A Caribou,A4-185,RAAF,0,A Ro,, ,A1
