identifiant,date,type,registration,operator,fat.,location, ,pic,cat

20170816-1,16-AUG-2017,Cessna 208B Grand Caravan,G-CPSS,Army Parachute Association,0,Netheravon A...,, ,A2
20170819-0,19-AUG-2017,Learjet 25D,YV3191,Aeroquest,5,near Naiguatá,,,A1
20170825-0,25-AUG-2017,Lockheed Hercules C.4 (C-130J-30),ZH873,RAF,0,Temporary La...,, ,A1
20170826-0,26-AUG-2017,Antonov An-2R,RA-33036,Aviakompaniya Feniks,0,"near Yeniseisk, K...",,,A1
20170828-0,28-AUG-2017,Antonov An-26B,EK-26006,Coco Aviation,0,Maban Airstrip,,,A1
20170902-0,02-SEP-2017,Antonov An-2V,RA-35171,private,2,Chernoye Air...,,,A1
20170902-1,02-SEP-2017,Antonov TR-301,RA-40462,Polemaks,0,near Turinskaya S...,,,A2
20170904-0,04-SEP-2017,Antonov An-2P,YV2195,Aéreo Transporte La Montaña,0,La Paragua A...,, ,A2
20170904-1,04-SEP-2017,BAe-125-700A, ,Unknown,2,Hato Viejo,, ,A1
20170905-0,05-SEP-2017,Boeing 737-8HG (WL),VT-AYB,Air India Express,0,Cochin Inter...,,,A2
20170905-1,05-SEP-2017,Antonov An-2R,YV2664,Unknown,1,Playa Linda,, ,A1
20170906-0,06-SEP-2017,BN-2A-26 Islander,PJ-WEA,Windward Express Airways,0,Sint Maarten...,, ,O1
20170909-0,09-SEP-2017,Learjet 31A,XA-ZYZ,Transportes Aéreos Pegaso,0,Ciudad del C...,, ,A2
20170910-0,10-SEP-2017,Antonov An-26B,9S-AFL, Serve Air,0,Goma Airport...,, ,A1
20170912-0,12-SEP-2017,Embraer EMB-120ER Brasilia,N121CZ,Air Charter Express,0,Greeley-Weld...,,,A2
20170912-1,12-SEP-2017,Boeing 767-375ER,C-GHOZ,Air Canada,0,Los Angeles ...,, ,A2
20170912-2,12-SEP-2017,Boeing 737-924ER (WL),N69813,United Airlines,0,Los Angeles ...,, ,A2
20170913-0,13-SEP-2017,BN-2A-26 Islander,C6-FYP,Golden Wings Charter,0,Nassau-Lynde...,, ,O1
20170913-2,13-SEP-2017,Canadair CRJ-200ER,N261PS,"PSA Airlines, opf American Eagle",0,Charlotte-Do...,, ,A2
20170915-0,15-SEP-2017,Airbus A321-231 (WL),N137AA,American Airlines,0,Bridgetown-G...,, ,A2
20170915-1,15-SEP-2017,Boeing 737-8AS (WL),EI-DLV,Ryanair,0,London-Stans...,,,A2
20170916-0,16-SEP-2017,Cessna 208B Grand Caravan,N786WW,Westwind Air Service,0,Sedona Airpo...,,,A2
20170921-0,21-SEP-2017,Cessna 650 Citation VII,TC-KON,Avione Jet,0,Istanbul-Ata...,,,A1
20170924-0,24-SEP-2017,Beech B200GT King Air 250,9M-WSK,Hornbill Skyways,0,Kuching Airp...,, ,A2
20170930-0,30-SEP-2017,Antonov An-12B,EX-001,D.R. Congo AF,8,near Kinshasa-N'D...,, ,A1
20170930-1,30-SEP-2017,Airbus A380-861,F-HPJE,Air France,0,near southern Gre...,,,A2
20170930-2,30-SEP-2017,Airbus A321-231,N982VJ,American Airlines,0,Washington-R...,, ,A2
20170930-3,30-SEP-2017,Boeing 737-823 (WL),N841NN,American Airlines,0,Washington-R...,, ,A2
20171002-0,02-OCT-2017,Cessna 208B Grand Caravan,PT-WRZ,Private,0,Pará de Mina...,, ,O1
20171003-0,03-OCT-2017,Antonov An-28,UP-A2807,East Wing,5,near Almaty Airpo...,,,A1
20171003-1,03-OCT-2017,Cessna 208B Grand Caravan,YA12303,Afghan Air Force,0,Nili Airport,, ,A2
20171004-0,04-OCT-2017,DHC-6 Twin Otter 300,8Q-ISB,Maldivian,0,near Malé-Velana ...,,,A2
20171004-1,04-OCT-2017,Antonov An-32B,AT-530,Peruvian Navy,0,Mazamari-Man...,, ,A2
20171007-0,07-OCT-2017,Cessna 208B Grand Caravan,5Y-BNH,"Penial Air, opf Sigale Air",0,Xuddur Airport,, ,A2
20171012-0,12-OCT-2017,Embraer EMB-120ER Brasilia,D2-FDO,Guicango,7,near Cuílo,, ,A1
20171013-0,13-OCT-2017,Airbus A320-214,RP-C3237,Cebu Pacific Air,0,Iloilo Inter...,,,A2
20171014-0,14-OCT-2017,Antonov An-26-100,ER-AVB, Valan Int'l Cargo,4,near Abidjan-Feli...,,,A1
20171014-1,14-OCT-2017,Beech 1900D,C-GORZ,Exploits Valley Air Services,0,Moncton/Grea...,, ,A2
20171014-2,14-OCT-2017,Boeing 737-838 (WL),VH-VZZ,Qantas,0,Sydney-Kings...,, ,A2
20171016-0,16-OCT-2017,BAe 4100 Jetstream 41,G-MAJC,Eastern Airways,0,Chester/Hawa...,, ,A2
20171017-0,17-OCT-2017,Cessna 208 Caravan I,PR-MPE,Greenpeace Brasil,1,"Rio Negro, P...",,,A1
20171019-0,19-OCT-2017,Beech 200C Super King Air,OB-2077-P,Air Majoro,1,near Nuevo Saposoa,, ,A1
20171021-0,21-OCT-2017,Beech 200 Super King Air,C-GFSG,Transwest Air,0,Prince Alber...,, ,A2
20171021-1,21-OCT-2017,Beech B200 King Air,N363JH,Bering Air,0,Anchorage-Te...,, ,A2
20171025-0,25-OCT-2017,Cessna 208B Grand Caravan,5H-THR,Coastal Aviation,0,Lobo Wildlif...,, ,A1
20171027-0,27-OCT-2017,Beech B200 Super King Air,VH-LNK,Eastern Air Services,0,Lord Howe Is...,, ,A2
20171027-1,27-OCT-2017,Cessna 560 Citation V,N561VP,Private Jets,0,Akron/Canton...,, ,A2
20171029-0,29-OCT-2017,Cessna 550 Citation Bravo,RA-67560,Tropic,0,Bremen Airpo...,, ,A2
20171030-0,30-OCT-2017,Boeing 767-338ER (WL),C-FOGT,WestJet,0,Toronto - Lo...,, ,A2
20171102-0,02-NOV-2017,Swearingen SA227-AC Metro III,C-FLRY,Perimeter Aviation,0,Thompson Air...,, ,A2
20171106-0,06-NOV-2017,Cessna 208B Grand Caravan,C-FAKZ,Alkan Air,0,Coffee Creek...,, ,A2
20171107-0,07-NOV-2017,Antonov An-2,RA-02305,DalTransAero,1,"Ekimchan, Am...",,,A1
20171108-0,08-NOV-2017,Avro RJ85,ZS-ASW,Airlink,0,near Limpopo prov...,, ,A1
20171109-0,09-NOV-2017,DHC-8-402Q Dash 8,C-GYJZ,"Air Canada Express, opb Jazz Aviation",0,Toronto City...,,,A2
20171110-0,10-NOV-2017,DHC-8-402Q Dash 8,G-JEDU,Flybe,0,Belfast Inte...,,,A2
20171111-0,11-NOV-2017,Boeing 747-428FER,TC-ACR,"Saudi Arabian, opb ACT Airlines",0,Maastricht/A...,,,A2
20171115-0,15-NOV-2017,Let L-410UVP-E20,RA-67047,Khabarovsk Avia,6,near Nelkan Airport,,,A1
20171115-1,15-NOV-2017,Cessna 208B Grand Caravan,5H-EGG,Coastal Aviation,11,Empakaai area,,,A1
20171116-0,16-NOV-2017,DHC-6 Twin Otter 200HG,8Q-IAG,Maldivian,0,Dhaalu Atoll,, ,A2
20171117-0,17-NOV-2017,Cessna 208B Grand Caravan,V3-HGX,Tropic Air,0,Placencia Ai...,, ,A1
20171119-0,19-NOV-2017,ATR 72-212A (ATR 72-600),VH-FVZ,Virgin Australia Airlines,0,Canberra Air...,,,A2
20171122-0,22-NOV-2017,Grumman C-2A Greyhound,162175,US Navy,3,near Okinawa,,,A1
20171122-1,22-NOV-2017,Hawker Beech 390 Premier IA,ZS-CBI,Multimanaged Investments Pty,0,Johannesburg...,, ,A2
20171125-0,25-NOV-2017,ATR 72-212A (ATR 72-500),9G-SBF,Starbow,0,Accra-Kotoka...,, ,A2
20171127-0,27-NOV-2017,Embraer EMB-550 Legacy 500,RA-02788,private,0,Paris-Le Bou...,, ,A2
20171127-1,27-NOV-2017,Airbus A330-343,G-VRAY,Virgin Atlantic,0,New York-Joh...,, ,A2
20171127-2,27-NOV-2017,Boeing 777-36NER,SU-GDL,EgyptAir,0,New York-Joh...,, ,A2
20171128-0,28-NOV-2017,DHC-6 Twin Otter 300,9N-ABM, Tara Air,0,Simikot Airp...,,,A2
20171129-0,29-NOV-2017,Boeing 777-212ER,9V-SQK,Singapore Airlines,0,Singapore-Ch...,,,O1
20171202-0,02-DEC-2017,Boeing 777-35EER,B-16718,Eva Air,0,Toronto-Pear...,,,A2
20171203-0,03-DEC-2017,Airbus A319-115 (WL),N9011P,American Airlines,0,Miami Intern...,, ,A2
20171203-1,03-DEC-2017,Boeing 737-823 (WL),N344PP,American Airlines,0,Miami Intern...,, ,A2
20171208-0,08-DEC-2017,Airbus A321-231,A7-AIB,Qatar Airways,0,Doha-Hamad I...,, ,O1
20171208-1,08-DEC-2017,GAF Nomad N.22C,VH-ATO,Bayswater Road,0,Buka Airport...,,,A2
20171213-0,13-DEC-2017,ATR 42-320,C-GWEA,West Wind Aviation,1,near Fond-du-Lac ...,,,A1
20171214-0,14-DEC-2017,Cessna 510 Citation Mustang,OE-FWD,Skytaxi Luftfahrt,3,Sieberatsreu...,, ,A1
20171219-0,19-DEC-2017,Antonov TVS-2MS,RA-01460,Naryan-Mar Air Enterprise,4,Naryan-Mar A...,, ,A1
20171222-0,22-DEC-2017,Embraer EMB-145EP (ERJ-145EP),G-CKAG,bmi regional,0,Bristol Airp...,,,A2
20171223-0,23-DEC-2017,BN-2A Islander,P2-ISM,North Coast Aviation,1,near Dinangat Vil...,,,A1
20171223-1,23-DEC-2017,DC-9-33F,N935CE,Everts Air Cargo,0,between Anch...,, ,A1
20171227-0,27-DEC-2017,Cessna 525A CitationJet CJ2,N525KT,"Van E Aviation, opb Integrated Flight Resources",0,Michigan Cit...,, ,A1
20171231-0,31-DEC-2017,Cessna 208B Grand Caravan,TI-BEI,Nature Air,12,near Punta Islita...,,,A1

20170102-0,02-JAN-2017,Cessna F406 Caravan II,5H-WOW,Air Excel,0,Sasakwa Airs...,, ,A1
20170102-1,02-JAN-2017,Let L-410UVP,9Q-CZR, Doren Air Congo,0,Shabunda Air...,,,A1
20170102-2,02-JAN-2017,Hawker 800XP,N910JD,Pinnacle Air Charter,0,Scottsdale A...,, ,A2
20170107-0,07-JAN-2017,Canadair Challenger 604,D-AMSC,MHS Aviation,0,"near Muscat, Oman",,,A2
20170111-0,11-JAN-2017,Cessna 560 Citation Encore,LN-IDB,Hesnes Air,0,near Oslo-Garderm...,,,A1
20170113-0,13-JAN-2017,Beech B200 Super King Air,N795DE,Optimal Aviation Services,0,Five Point-A...,, ,A2
20170116-0,16-JAN-2017,Boeing 747-412F,TC-MCL,"ACT Airlines, opf Turkish Cargo",4+ 35,near Bishkek-Mana...,,,A1
20170116-1,16-JAN-2017,Cessna 525C Citation CJ4,N525PZ,Zeliff Aviation,0,Howell-Livin...,, ,A1
20170119-0,19-JAN-2017,Beech 99A,N326CA,Alpine Aviation,0,Billings-Log...,, ,A2
20170123-0,23-JAN-2017,Beech 300 Super King Air,N385KA,KAAZ,2,Tucson Inter...,,,A1
20170123-1,23-JAN-2017,Beech C99,N216CS,Alpine Aviation,0,Durango-La P...,, ,A2
20170126-0,26-JAN-2017,Grumman G-73 Mallard,VH-CQA,private,2,"Swan River, ...",,,A1
20170127-0,27-JAN-2017,Beech 200T Super King Air,N60RA,Eastern Air Express,0,West Palm Be...,,,A1
20170128-0,28-JAN-2017,Boeing 737-476 (SF),HK-5197,Aer Caribe,0,Leticia-Alfr...,,,A2
20170207-0,07-FEB-2017,Saab 340A,C6-HBW,Western Air,0,Freeport-Gra...,,,A2
20170209-0,09-FEB-2017,BAe-125-800B,PT-OTC,Líder Táxi Aéreo,0,São Paulo-Gu...,, ,A1
20170209-1,09-FEB-2017,Cessna 208B Supervan 900,D-FSRT,Paranodon Fallschirmsport Illertissen,0,Illertissen ...,, ,A2
20170209-2,09-FEB-2017,CASA C-212 Aviocar 300, ,Botswana AF,3,near Thebephatshw...,, ,A1
20170209-3,09-FEB-2017,Beech 1900D,C-FNWH,North-Wright Airways,0,Tulita Airpo...,, ,A2
20170214-0,14-FEB-2017,Beech B200 Super King Air,N313HS,Grant Aviation,0,Unalaska Air...,, ,A1
20170220-0,20-FEB-2017,Beech 200 Super King Air, ,Unknown,0,near Lago de Mara...,, ,O1
20170221-0,21-FEB-2017,Beech B200 King Air,VH-ZCR,Corporate and Leisure Charters,5,near Melbourne-Es...,,,A1
20170223-0,23-FEB-2017,DHC-8-402Q Dash 8,G-JECP,Flybe,0,Amsterdam-Sc...,,,A2
20170223-1,23-FEB-2017,Let L-410UVP-E,OK-LAZ,"Citywing, opb Van Air Europe",0,Isle Of Man-...,,,I2
20170225-0,25-FEB-2017,Raytheon 390 Premier IA,OM-TAA,Tatra Jet,0,Salzburg-W. ...,, ,O2
20170228-0,28-FEB-2017,Beech B200 Super King Air,YVO173,SATA,0,Caracas/La C...,, ,A2
20170228-1,28-FEB-2017,Boeing 767-33AER,N351AX,Omni Air International,0,Azraq-Muwaff...,, ,A2
20170303-0,03-MAR-2017,Airbus A320-214,G-EZTV,easyJet,0,Manchester A...,, ,A2
20170308-0,08-MAR-2017,MD-83,N786TW,Ameristar Jet Charter,0,Detroit-Will...,,,A1
20170308-1,08-MAR-2017,Bombardier Global Express,C-FLGZ,Jetport,0,Hamilton Air...,,,A2
20170310-0,10-MAR-2017,DHC-6 Twin Otter 200,C-GQOQ,Osprey Wings,0,Yalowega Lak...,, ,A2
20170311-0,11-MAR-2017,Cessna 208B Grand Caravan,N865MA,Makani Kai Air,0,Kalaupapa Ai...,,,A2
20170314-0,14-MAR-2017,ATR 72-212A (ATR 72-600),C6-BFQ,Bahamasair,0,Nassau-Lynde...,,,O1
20170317-0,17-MAR-2017,Basler Turbo 67 (DC-3T),C-FKGL,"North Star Air, opb Private Air",0,near Pickle Lake ...,,,A2
20170320-0,20-MAR-2017,Antonov An-26,S9-TLZ,South Supreme Airlines,0,Wau Airport ...,,,A1
20170320-1,20-MAR-2017,Swearingen SA226-TC Metro II,N158WA,Western Air Express,0,Boise Air Te...,,,A2
20170324-0,24-MAR-2017,Cessna 500 Citation I Sierra Eagle,N8DX,Shelter Charter Services,1,"Marietta, GA",,,A1
20170324-1,24-MAR-2017,Cessna 550 Citation II,N551BC,Boulder Capital,0,near Salt Lake Ci...,, ,A2
20170327-0,27-MAR-2017,BN-2A-3 Islander,C9-AOV,ETA Air Charter,6,near Mutare Airpo...,,,A1
20170327-1,27-MAR-2017,Boeing 737-4Q8,EP-TBJ,Taban Air,0,Ardabil Airp...,, ,A2
20170328-0,28-MAR-2017,Boeing 737-3M8,OB-2036-P,Peruvian Airlines,0,Jauja-Franci...,, ,A1
20170330-0,30-MAR-2017,Antonov An-2T,YV1638,Transmandu,0,La Paragua,, ,A2
20170401-0,01-APR-2017,Let L-410UVP-E9,5X-EIV,Eagle Air,0,Yei Airport,, ,A2
20170402-0,02-APR-2017,Airbus A319-114,C-GBHN,Air Canada Jetz,0,Tampa Intern...,, ,A2
20170408-0,08-APR-2017,Boeing 737-8H6 (WL),9M-MXX,Malaysia Airlines,0,Sibu Airport...,, ,A2
20170410-0,10-APR-2017,Boeing 757-21B,G-LSAI,Jet2,0,Alicante Air...,,,A2
20170411-0,11-APR-2017,Gulfstream G450,N667HS,H&S Air,0,Salzburg-W. ...,,,A2
20170412-0,12-APR-2017,Cessna 208 Caravan I,PK-FSO,Spirit Avia Sentosa,1,near Oksibil Airp...,,,A1
20170412-1,12-APR-2017,BN-2A-26 Islander,8R-GAR,ASL,0,Kopinang Air...,, ,A1
20170413-0,13-APR-2017,Viking Air DHC-6 Twin Otter 400,B-55571,Daily Air,0,Orchid Islan...,, ,A2
20170414-0,14-APR-2017,Beech B200 King Air,N481HC,IHC Health Services,0,Richfield Mu...,,,A2
20170419-0,19-APR-2017,Airbus A320-232,HS-TXB,Thai Smile,0,Bangkok-Suva...,, ,A2
20170424-0,24-APR-2017,Beech 99A,N899CZ,Freight Runners Express,0,Waukesha Air...,, ,A2
20170429-0,29-APR-2017,Antonov An-26,CU-T1406,"Aerogaviota, opf Cuban AF",8,near San Cristobal,,,A1
20170501-0,01-MAY-2017,Cessna 208B Grand Caravan,EJC-1130,Colombian Army,8,near Facatativá,,,A1
20170501-1,01-MAY-2017,Cessna 208B Grand Caravan,N803TH,Grant Aviation,1,"Chignik, AK",,,A1
20170505-0,05-MAY-2017,Shorts 330-200,N334AC,Air Cargo Carriers,2,Charleston-Y...,,,A1
20170515-0,15-MAY-2017,Beech LR-2 (B300 King Air 350),23-057,Japan Ground Self-Defense Force,4,"Assabu, Hokk...",,,A1
20170515-1,15-MAY-2017,Learjet 35A,N452DA,"A&C Big Sky Aviation, opb Trans-Pacific Jets",2,near Teterboro Ai...,,,A1
20170517-0,17-MAY-2017,Learjet 25B,XA-VMC,Aerotransportes Huitzilin,2,near Toluca-Licen...,, ,A1
20170522-0,22-MAY-2017,Cessna 208B Grand Caravan,N754KP,Alaska Seaplanes,0,"near Skagway, AK",, ,A2
20170524-0,24-MAY-2017,DHC-6 Twin Otter 300,N708PV,Perris Valley Aviation,0,Perris Valle...,,,A2
20170524-1,24-MAY-2017,Cessna 208 Caravan I,N1265U,Alaska Seaplanes,0,Elfin Cove S...,, ,A2
20170527-0,27-MAY-2017,Let L-410UVP-E20,9N-AKY,Summit Air,2,Lukla-Tenzin...,,,A1
20170527-1,27-MAY-2017,DHC-6 Twin Otter 300,8Q-TMV,Trans Maldivian Airways,0,Malé-Velana ...,,,A2
20170530-0,30-MAY-2017,PZL-Mielec M28 Skytruck,NA-048,Nepal Army,1,Bajura Airpo...,, ,A1
20170530-1,30-MAY-2017,Antonov An-26,RF-36160,Russian AF,1,Balashov Air...,, ,A1
20170530-2,30-MAY-2017,Dornier 328JET-310,N330BG,Heidi Aviation,0,Mogadishu Ad...,,,A1
20170530-3,30-MAY-2017,Cessna 208B Grand Caravan,PK-MPS,MAF,0,Ilaga Airpor...,, ,A2
20170531-0,31-MAY-2017,Boeing 737-33A,PK-CJC,Sriwijaya Air,0,Manokwari-Re...,,,A1
20170531-1,31-MAY-2017,Beech B300 King Air 350i,PK-CAQ,Balai Kalibrasi Fasilitas Penerbangan,0,Ambon-Pattim...,,,A2
20170602-0,02-JUN-2017,Swearingen SA227-AC Metro III,XA-UAJ,Aeronaves TSM,0,near Tampico-Gen ...,, ,A1
20170602-2,02-JUN-2017,Antonov TVS-2MS,RA-2099G,SibNIA,0,Ulan Bator-C...,,,A2
20170603-0,03-JUN-2017,Fokker F-27 Friendship 600,5Y-FMM,"Safari Express Airways, opf UN WFP",0,Garbaharey A...,, ,A2
20170607-0,07-JUN-2017,Shaanxi Y-8F-200W,5820,Myanmar Air Force,122,near Dawei,, ,A1
20170614-0,14-JUN-2017,Beech 200 Super King Air,TZ-DDG,Malian Aéro Company,0,Bamako Airpo...,,,A2
20170623-0,23-JUN-2017,Airbus A321-211 (WL),N315DN,Delta Air Lines,0,Atlanta-Will...,, ,A2
20170627-0,27-JUN-2017,Antonov An-2R,UR-19717,Kharkiv Aeroclub,0,near Kiliya,, ,A1
20170630-0,30-JUN-2017,Airbus A321-231 (WL),N991AU,American Airlines,0,Chicago-O'Ha...,, ,A2
20170630-1,30-JUN-2017,Canadair CRJ-200ER,N862AS,"SkyWest Airlines, opf American Eagle",0,Chicago-O'Ha...,, ,A2
20170702-0,02-JUL-2017,Canadair CRJ-701ER,N796SK,"SkyWest Airlines, op.for United Express",0,Denver Inter...,, ,A2
20170703-0,03-JUL-2017,Cessna 208B Super Cargomaster,N9714B,Martinaire,0,near Alpine-Caspa...,,,A2
20170704-0,04-JUL-2017,Gulfstream Aerospace G-1159A Gulfst,YV2896,SATA,9,near Macanao,,,A1
20170707-0,07-JUL-2017,Airbus A320-211,C-FKCK,Air Canada,0,San Francisc...,,,I2
20170710-0,10-JUL-2017,Lockheed KC-130T Hercules,165000,USMC,16,"near Itta Bena, MS",,,A1
20170717-0,17-JUL-2017,Beech B200 King Air,LV-ZTV,Aero Baires,0,San Carlos d...,, ,A2
20170718-0,18-JUL-2017,Boeing 737-301 (SF),PK-YGG,Tri-MG Airlines,0,Wamena Airpo...,,,A1
20170720-0,20-JUL-2017,DHC-8-106,C-FDWO,Air Creebec,0,near Val-dOr,, ,A2
20170721-0,21-JUL-2017,Cessna 208 Caravan I,N802TW,Tailwind Air Service,0,Lower East R...,, ,A2
20170722-0,22-JUL-2017,Cessna 208B Grand Caravan,PK-RSD,Enggang Air Service,0,Sinak Airpor...,, ,A2
20170725-0,25-JUL-2017,PADC/BN-2A-26 Islander,8R-GRA,Roraima Airways,1,near Eteringbang ...,, ,A1
20170727-0,27-JUL-2017,Antonov An-2R,RA-40908,Aviation Technical Center Virazh,0,"near Poltavskaya,...",,,A1
20170729-0,29-JUL-2017,Antonov An-74TK-100,UR-CKC,Cavok Air,0,São Tomé Isl...,,,A1
20170803-0,03-AUG-2017,ATR 72-212A (ATR 72-500),PK-WFF,Wings Air,0,Medan-Kualan...,,,A1
20170803-1,03-AUG-2017,Boeing 737-9GPER (WL),PK-LJZ,Lion Air,0,Medan-Kualan...,,,A2
20170804-0,04-AUG-2017,Cessna 208B Grand Caravan,N9829B,Kapowsin Air Sports,0,Mulino State...,, ,A2
20170804-1,04-AUG-2017,DHC-8-202Q Dash 8,P2-ANK,LinkPNG,0,near Port Moresby,,,A2
20170805-0,05-AUG-2017,Lockheed P2V-5F Neptune,N410NA,"Neptune Aviation Services, opf ",0,near Pocatello Ai...,,,A2
20170815-0,15-AUG-2017,Viking DHC-6 Twin Otter 400,306,Peruvian AF,0,Iquitos-Coro...,, ,A2
20170816-0,16-AUG-2017,Let L-410UVP-E3,FAH-322,Honduras AF,1,Comayagua-Pa...,,,A1
