identifiant,date,type,registration,operator,fat.,location, ,pic,cat

20021209-0,09-DEC-2002,Beech 1900C,N127YV,Raytheon,3,"near Mena, AR",, ,A1
20021212-0,12-DEC-2002,BAe-146-200,G-JEAX,Flybe,0,near Birmingham,, ,A2
20021213-0,13-DEC-2002,DC-8-62F,N1804,"Fine Air, op.for Arrow Air",0,Singapore-Ch...,,,A1
20021213-1,13-DEC-2002,BN-2A-26 Islander,P2-CBB,Island Airways,8,near TepTep,, ,A1
20021216-0,16-DEC-2002,Hawker Siddeley HS-125-1A-731,N55RF,National Aircraft Leasing,0,Seattle-Boei...,, ,A1
20021217-0,17-DEC-2002,GAF Nomad N.22B,N22B-53,Philippine AF,0,near Zamboanga,,,A1
20021217-1,17-DEC-2002,Cessna 208B Super Cargomaster,N277PM,Planemasters,1,near Rockford-Gre...,,,A1
20021221-0,21-DEC-2002,ATR 72-202,B-22708,TransAsia Airways,2,"near Makung City,...",,,A1
20021223-0,23-DEC-2002,Antonov An-140,UR-14003,Aeromist Kharkiv,44,near Baghrabad,, ,A1
20021224-0,24-DEC-2002,Swearingen SA227-AC Metro III,OY-BPH,North Flying,0,Aberdeen-Dyc...,,,A1
20021225-0,25-DEC-2002,Cessna 208B Super Cargomaster,N1122Y,Telford Aviation,1,near Manteo-Dare ...,, ,A1
20021225-1,25-DEC-2002,Boeing 727-173C,N704A,Express.net,0,Lexington-Bl...,,,O2
20021226-0,26-DEC-2002,Embraer C-95A Bandeirante (EMB-110K,2292,Brazilian AF,3,near Curitiba-Afo...,, ,A1
20021226-1,26-DEC-2002,Boeing 737-2M2,D2-TBD,TAAG,0,near Windhoek,, ,A2
20021227-0,27-DEC-2002,Let L-410UVP,9XR-RB,Ocean Airlines,1,near Anjouan,, ,A1
20021227-1,27-DEC-2002,Cessna 208B Grand Caravan,V3-HGH,Tropic Air,0,near San Pedro Ai...,, ,A2
20021227-2,27-DEC-2002,Antonov An-26B,RA-26053,IrAero,0,Ust-Kuiga,, ,A1
20021228-0,28-DEC-2002,DHC-3 Otter,N3904,Grasshopper,0,"near Nikolai, AK",, ,A2
20021229-0,29-DEC-2002,BN-2A-7 Islander,HP-1016PS,PARSA,1,between Boca...,, ,A1
20029999-0,??-???-2002,Embraer EMB-110P1 Bandeirante,9L-LBR,Inter Tropic Airlines,0,Freetown-Has...,, ,A1
20029999-2,??-???-2002,Antonov An-32,K2746,Indian AF,,Tezpur Air B...,, ,U1
20029999-4,??-???-2002,Antonov An-12A,D2-FBV,Unknown,,Nzagi Airpor...,, ,A1

20020104-0,04-JAN-2002,Canadair Challenger 604,N90AG,Epps Air Service,5,Birmingham I...,,,A1
20020108-0,08-JAN-2002,Tupolev Tu-134A-3,RA-65004,Pulkovo,0,Saint Peters...,,,A1
20020109-0,09-JAN-2002,Lockheed KC-130R Hercules,160021,USMC,7,near Shamsi,,,A1
20020112-0,12-JAN-2002,ATR 42-512,VP-BVE,ACES,0,near Cartagena,, ,A2
20020114-0,14-JAN-2002,Embraer EMB-120RT Brasilia,EC-GTJ,Ibertrans Aérea,3,near Zaldívar,,,A1
20020114-1,14-JAN-2002,Boeing 737-291,PK-LID,Lion Air,0,Pekanbaru-Su...,,,A1
20020114-2,14-JAN-2002,Tupolev Tu-204-100,RA-64011,Sibir Airlines,0,Omsk Airport...,,,A2
20020115-0,15-JAN-2002,DHC-6 Twin Otter 300,XC-FIT,Mexican Government,4,Chilpancingo...,, ,A1
20020116-0,16-JAN-2002,Boeing 737-3Q8,PK-GWA,Garuda,1,near Yokyakarta,,,A1
20020117-0,17-JAN-2002,Fairchild FH-227E,HC-AYM,Petroproduccion,26,Cerro El Tigre,,,A1
20020118-0,18-JAN-2002,BN-2A-27 Islander,N616GL,Fly BVI,0,near Beef Island,, ,A1
20020120-0,20-JAN-2002,DC-9-32,N837AT,AirTran Airways,0,Washington-D...,, ,A2
20020121-0,21-JAN-2002,Airbus A321-131,JA104A,All Nippon,0,Hakodate Air...,,,A2
20020122-0,22-JAN-2002,Fokker F-27 Friendship 400M,FAB-94,TAM,0,Guayaramerín...,, ,A1
20020124-0,24-JAN-2002,Cessna 208B Super Cargomaster,N8RQ,Telford Aviation,0,Waterville-R...,, ,A2
20020127-0,27-JAN-2002,Antonov An-12,T-304,Angolan AF,5,near Luena,, ,A1
20020128-0,28-JAN-2002,Boeing 727-134,HC-BLF,TAME Ecuador,94,near Ipiales,,,A1
20020129-0,29-JAN-2002,Antonov An-28,YV-1043CP,private,0,Kavak Airstrip,, ,A1
20020202-0,02-FEB-2002,Learjet C-21A (Learjet 35A),84-0097,USAF,2,Rapid City-E...,, ,A1
20020202-1,02-FEB-2002,Dornier Do 28D-2 Skyservant,YV-679C,Transaven,0,"near Isla Larga, ...",, ,A1
20020206-0,06-FEB-2002,Beech 200 Super King Air,N93LV,Lockheed Martin Vought Systems,0,Camden-Harre...,, ,A2
20020207-0,07-FEB-2002,Antonov An-12BP,UR-LIP,Volare,8,near Agadir,,,A1
20020207-1,07-FEB-2002,Cessna 525A CitationJet CJ2,N288G,Airdine,0,Novato Airpo...,, ,A2
20020208-0,08-FEB-2002,Let L-410UVP-E3,00-0292,USAF,,"Fort Bliss, TX",, ,A1
20020210-0,10-FEB-2002,Mitusbishi Mu-300 Diamond IA,N541CW,Flight Options,0,Cleveland-Cu...,, ,A1
20020211-0,11-FEB-2002,Lockheed KC-130F Hercules,148895,USMC,0,near Twentynine P...,,,A1
20020212-0,12-FEB-2002,Tupolev Tu-154M,EP-MBS,Iran Airtour,119,near Sarab-e Do Rah,,,A1
20020212-1,12-FEB-2002,Hawker Siddeley HS-125-400B,ZS-JBA,J & D Aviation CC,0,Lanseria Air...,, ,A1
20020213-0,13-FEB-2002,Lockheed MC-130P Combat Shadow,66-0213,USAF,0,Hindu Kush m...,,,A1
20020214-0,14-FEB-2002,Harbin Yunshuji Y-12 II,RDPL-34118,Lao Aviation,0,Sam Neua Air...,, ,A1
20020214-1,14-FEB-2002,Gulfstream G-V,N777TY,BB Five,0,West Palm Be...,, ,A1
20020214-2,14-FEB-2002,Beech 300LW Super King Air,D-ICBC,Kronospan GmbH,2,Sarsura Glac...,,,A1
20020214-3,14-FEB-2002,Boeing 727-46F,N190AJ,Northern Air Cargo,0,Kotzebue Air...,, ,A2
20020215-0,15-FEB-2002,Antonov An-12BP,ER-ADL,Tiramavia,1,near Monrovia-Rob...,, ,A1
20020217-0,17-FEB-2002,Canadair CL-44D4,9Q-CTS,Skymaster,0,near Mbuji-Mayi,,,A1
20020217-1,17-FEB-2002,Boeing 737-236,LV-ZRE,Aerolineas Argentinas,0,"San Juan, SJ",, ,A2
20020220-0,20-FEB-2002,DHC-8-301,HK-3951X,AIRES Colombia,0,Hobo,, ,H2
20020220-1,20-FEB-2002,Tupolev Tu-154M,EP-LBX,Kish Air,0,Mashhad Airp...,,,A1
20020221-0,21-FEB-2002,Antonov An-26,07 red,Russian Navy,17,near Lakhta Air Base,, ,A1
20020224-0,24-FEB-2002,Ilyushin Il-76MD,15-2281,Iranian Revolutionary Guard,0,near Mashhad,, ,A1
20020227-0,27-FEB-2002,Antonov An-26,ST-MGL,El Magal Aviation,0,Heglig,, ,A1
20020301-0,01-MAR-2002,Boeing 747-436,G-BNLD,British Airways,0,near Parkes VOR,, ,A2
20020302-0,02-MAR-2002,Boeing 757-222,N589UA,United Airlines,0,Seattle/Taco...,, ,A2
20020304-0,04-MAR-2002,Tupolev Tu-134, ,Russian AF,0,Mozdok,, ,A1
20020304-1,04-MAR-2002,Swearingen SA227-AC Metro III,C-FITW,Provincial Airlines,0,Goose Bay Ai...,,,A1
20020306-0,06-MAR-2002,Dornier 328-110,G-BWIR,Scot Airways,0,Edinburgh-Tu...,, ,A2
20020306-1,06-MAR-2002,Fokker 100,N1425A,American Airlines,0,Dallas/Fort ...,, ,A2
20020308-0,08-MAR-2002,Airbus A300B2-101,VT-EFW,Indian Airlines,0,Delhi-Indira...,,,A1
20020309-0,09-MAR-2002,Antonov An-2TP,LY-AVD,Svedijos Prekés,3,near Rocca di Mezzo,,,A1
20020309-1,09-MAR-2002,Canadair CRJ-200ER,N622BR,"United Express, opb Atlantic Coast Airlines",0,Washington-D...,, ,A2
20020314-0,14-MAR-2002,Antonov An-2R,CU-T1020,Aerotaxi,16,near Placetas,, ,A1
20020315-0,15-MAR-2002,Cessna 208B Super Cargomaster,N228PA,Priority Air Charter,1,"near Alma, WI",, ,A1
20020315-2,15-MAR-2002,BN-2A-7 Islander,C-GMOW,Bolton Lake Air Services,0,"Elk Island, MB",,,A1
20020317-0,17-MAR-2002,Let L-410UVP-E,J2-KBC,Djibouti Airlines,4,near Djibouti-Amb...,,,A1
20020318-0,18-MAR-2002,Boeing 727-30C,PP-VLV,Varig,0,Belo Horizon...,,,A1
20020325-0,25-MAR-2002,Mitusbishi Mu-300 Diamond,N617BG,Corporate Flight Management,0,Anderson Mun...,, ,A1
20020327-0,27-MAR-2002,BAC One-Eleven 401AK,5N-MBM,Albarka Air,0,Abuja Intern...,,,O1
20020327-1,27-MAR-2002,BAC One-Eleven 523FJ,5N-BDU,Savanah Airlines,0,Abuja Intern...,, ,O1
20020328-0,28-MAR-2002,Boeing S.307 Stratoliner,N19903,National Air & Space Museum,0,"Elliott Bay, WA",,,A2
20020330-0,30-MAR-2002,Beech B200C Super King Air,C-GIND,Voyageur Airways,0,Thunder Bay ...,, ,A2
20020402-0,02-APR-2002,Antonov An-32,ER-AEQ,Renan,0,Cafunfo Airp...,, ,A1
20020403-0,03-APR-2002,Antonov An-2R,LZ-1113,Bulair,0,Tervel,, ,A1
20020405-0,05-APR-2002,Basler Turbo 67 (DC-3T),N115Z,U.S. Forest Service,0,Casper/Natro...,, ,A2
20020411-0,11-APR-2002,Hawker Siddeley HS-748,G-ATMJ,Emerald Airways,0,Isle of Man-...,,,O2
20020411-1,11-APR-2002,CASA/Nurtanio NC-212 Aviocar,PK-ZAI,Sabang Merauke Raya Air Charter,0+ 1,Sabang-Maimu...,, ,A2
20020412-0,12-APR-2002,Swearingen SA227-AC Metro III,EC-GKR,Tadair,2,Palma de Mal...,,,A1
20020413-0,13-APR-2002,GAF Nomad N.24A,OY-JRW,Nomad Fleet,0,Weston-on-th...,,,A1
20020415-0,15-APR-2002,Boeing 767-2J6ER,B-2552,Air China,129,near Pusan-Kimhae...,,,A1
20020416-0,16-APR-2002,BAe BAe-748-400 Srs. 2B,ZS-OLE,Airquarius,0,Sun City-Pil...,,,A1
20020417-0,17-APR-2002,Let L-410UVP-E9,5Y-UAS,United Airlines,0,Mara Ngerend...,,,A1
20020417-1,17-APR-2002,DC-9-82 (MD-82), ,China Northern,0,Shenyang Air...,, ,H2
20020418-0,18-APR-2002,CASA/Nurtanio NC-212 Aviocar,PK-NCU,Merpati Nusantara,0,Wetar Island,, ,A2
20020418-2,18-APR-2002,Antonov An-2R,LZ-1147,Bulair,0,Kostandenetz,, ,A1
20020419-0,19-APR-2002,Antonov An-32A,HK-4171X,SELVA Colombia,3,Popayán-Guil...,,,A1
20020421-0,21-APR-2002,Antonov An-72-100,ES-NOP,"Enimex, op.for Trigana Air Service",0,Wamena Airpo...,,,A1
20020426-0,26-APR-2002,Boeing 707-366C,9Q-CKB,Hewa Bora Airways,0,Kinshasa-N'D...,,,A1
20020427-0,27-APR-2002,DC-10-40F,N141WE,Centurion Air Cargo,0,San Salvador...,, ,A2
20020430-0,30-APR-2002,Antonov An-12,ST-AQP,Aerovista Airlines,0,Heglig,,,A1
20020502-0,02-MAY-2002,Cessna 560 Citation Ultra,N397QS,NetJets,0,"Leakey, TX",, ,A1
20020504-1,04-MAY-2002,BAC One-Eleven 525FT,5N-ESF,EAS Airlines,71+ 78,Kano,,,A1
20020507-0,07-MAY-2002,Boeing 737-566,SU-GBI,EgyptAir,14,near Tunis-Cartha...,,,A1
20020507-1,07-MAY-2002,DC-9-82 (MD-82),B-2138,China Northern,112,near Dalian,,,C1
20020508-0,08-MAY-2002,T-39N Sabreliner,165522,US Navy,3,"near Pensacola, F...",, ,A1
20020508-1,08-MAY-2002,North-American Rockwell T-39N Sabre,165525,US Navy,4,"near Pensacola, F...",,,A1
20020508-2,08-MAY-2002,Beech Beechjet 400,N400GJ,Georgia Jet,0,Cleveland-Bu...,, ,A2
20020510-0,10-MAY-2002,Boeing 737, ,Xiamen Airlines,0,Xiamen Airpo...,, ,H2
20020513-0,13-MAY-2002,Boeing 767-3Y0ER,C-GHML,Air Canada,0,Toronto-Pear...,, ,A2
20020514-0,14-MAY-2002,Beech 1900D,N151GL,Great Lakes Airlines,0,Grand Island...,,,O1
20020514-1,14-MAY-2002,Beech 1900D,N262GL,Great Lakes Airlines,0,Grand Island...,, ,O1
20020518-0,18-MAY-2002,Beech A100 King Air,C-GISH,Voyageur Airways,0,North Bay Ai...,, ,A2
20020520-0,20-MAY-2002,Cessna 550 Citation II,N13VP,Avalon Correctional Services,0,Oklahoma Cit...,, ,A1
20020521-0,21-MAY-2002,Let L-410UVP,9Q-CGX,Sky Executive,5,near Calabar Airp...,,,A1
20020521-1,21-MAY-2002,Douglas DC-3A-197D,XB-JBR,Aero JBR,0,Lake Casa Bl...,, ,A1
20020525-0,25-MAY-2002,Boeing 747-209B,B-18255,China Airlines,225,near Penghu islan...,,,A1
20020525-1,25-MAY-2002,DHC-6 Twin Otter 300,PK-YPZ,Trigana Air Service,6,near Nabire,,,A1
20020601-0,01-JUN-2002,BAe BAe-748-372 Srs. 2B,ZS-OJU,Airquarius,3,near George,,,A1
20020604-0,04-JUN-2002,DC-9-82 (MD-82),N823NK,Spirit Airlines,0,"near Wichita, KS",, ,A2
20020604-1,04-JUN-2002,Antonov An-2P,RA-07748,"Sibaviatrans, op.for Sibaviatrans",0,Lovozero Air...,, ,A1
20020609-0,09-JUN-2002,Fokker 50, ,Ethiopian Airlines,2,Addis Ababa-...,, ,H2
20020609-1,09-JUN-2002,HAL/Dornier 228-201,VT-EJN,Indian Airlines,0,Jaipur-Sanga...,,,A1

20020610-0,10-JUN-2002,Airbus A300F4-605R,N681FE,FedEx,0,El Paso Inte...,, ,A2
20020611-0,11-JUN-2002,Fokker F-27 Friendship 600,ST-SSD,Sudan Airways,0,Khartoum-Civ...,,,A1
20020612-0,12-JUN-2002,Lockheed MC-130H Combat Talon II,84-0475,USAF,3,near Gardez,, ,A1
20020614-0,14-JUN-2002,BN-2B-26 Islander,OY-CFV,Copenhagen Air Taxi,0,Anholt,, ,A1
20020614-1,14-JUN-2002,Douglas DC-9-14,HK-3859X,Intercontinental de Aviación,0,Neiva-Benito...,,,A1
20020615-0,15-JUN-2002,DHC-8-311,PH-SDU,Schreiner Airways,0,Maastricht/A...,, ,A2
20020617-0,17-JUN-2002,Lockheed C-130A Hercules,N130HP,Hawkins & Powers,3,"Walker, CA",,,A1
20020620-0,20-JUN-2002,Cessna 208B Grand Caravan,N786DM,Isla Nena Air Services,0,Vieques Airp...,, ,A2
20020623-0,23-JUN-2002,DHC-3 Otter,C-GGON,Whiteshell Air Service,0,"George Lake, MB",, ,A2
20020624-0,24-JUN-2002,Boeing 717-2K9,SX-BOA,Olympic Aviation,0,Stuttgart-Ec...,, ,A2
20020626-0,26-JUN-2002,Boeing 767-281,JA8254,All Nippon,0,Shimojishima...,,,A1
20020627-0,27-JUN-2002,Antonov An-2R,RA-84639,Kostromskoye Avia Enterprise,0,"near Dubovoye, Li...",, ,A1
20020630-0,30-JUN-2002,DHC-3 Otter,C-GUTQ,Air Saguenay,0,"Lac Cojibo, QC",, ,A1
20020701-0,01-JUL-2002,Tupolev Tu-154M,RA-85816,Bashkirskie Avialinii,69,Überlingen,,,A1
20020701-1,01-JUL-2002,Boeing 757-23APF,A9C-DHL,DHL Aviation,2,Überlingen,,,A1
20020701-2,01-JUL-2002,Canadair CL-415,C-GOGZ,Province of Ontario,0,Pickle Lake ...,, ,A2
20020704-0,04-JUL-2002,Boeing 707-123B,9XR-IS,New Gomair,28,Bangui,,,A1
20020708-0,08-JUL-2002,BAe 4101 Jetstream 41,N310UE,"United Express, opb Atlantic Coast Airlines",0,Pittsburgh I...,,,O1
20020710-0,10-JUL-2002,Saab 2000,HB-IZY,Swiss,0,Werneuchen,,,A1
20020713-0,13-JUL-2002,Antonov An-24RV,RA-46670,Sakha Avia,0,Yakutsk Airp...,, ,A1
20020714-0,14-JUL-2002,Cessna 208B Grand Caravan,N1032G,Sunrise Airlines,0,Phoenix-Deer...,,,O2
20020716-0,16-JUL-2002,Swearingen SA226-TC Metro II,VH-MMY,Hardy Aviation,0,Darwin Airpo...,,,O1
20020716-1,16-JUL-2002,Tupolev Tu-134A,RA-65605,Kras Air,0,Irkutsk Airp...,,,A2
20020716-2,16-JUL-2002,BN-2A-6 Islander,PK-TAR,"Borneo Air Transport, op.for Sabang Merauke Raya Air Charter",9,near Long Bawan A...,, ,A1
20020717-0,17-JUL-2002,DHC-6 Twin Otter 300,9N-AGF,Skyline Airways,4,near Surkhet Airp...,,,A1
20020718-0,18-JUL-2002,Consolidated PB4Y-2 Super Privateer,N7620C,Hawkins & Powers,2,"near Estes Park, CO",,,A1
20020725-0,25-JUL-2002,DHC-5D Buffalo, ,Kenyan AF,0,Mugumo Coffe...,, ,A1
20020726-0,26-JUL-2002,Boeing 727-232F,N497FE,FedEx,0,Tallahassee ...,,,A1
20020726-1,26-JUL-2002,Antonov An-26,9Q-CMC,Africa One,0,Kinshasa-N'D...,, ,A1
20020727-0,27-JUL-2002,Ilyushin Il-76MD,UR-76717,Lvovskie avialinii,0,Lviv-Snilow ...,,,O1
20020728-0,28-JUL-2002,Ilyushin Il-86,RA-86060,Pulkovo,14,near Moskva-Shere...,,,A1
20020802-0,02-AUG-2002,Cessna 208 Caravan I,F-OHLG,Aviation Sans Frontières,0,Pimu Airstrip,,,A1
20020807-0,07-AUG-2002,Lockheed MC-130H Combat Talon II,90-0161,USAF,10,near Caguas,, ,A1
20020808-0,08-AUG-2002,Lockheed L-1011 TriStar 250,9Q-CHA,Hewa Bora Airways,0,Kinshasa-N'D...,,,A1
20020808-1,08-AUG-2002,Antonov An-2R,RA-33322,Eisk-avia,2,near Sladkiy Lima...,, ,A1
20020813-0,13-AUG-2002,Cessna S550 Citation S/II,N50BK,Corporate Flight Int.,0,Big Bear Cit...,, ,A1
20020813-1,13-AUG-2002,Antonov An-2, ,Unknown,0,Vagai,, ,A1
20020813-2,13-AUG-2002,Embraer EMB-120RT Brasilia,PT-WGE,Rico Linhas Aéreas,0,Manaus-Eduar...,,,A1
20020813-3,13-AUG-2002,Cessna F406 Caravan II,5H-TZC,Tanzanair,0,Muyowasi-Mur...,, ,A2
20020815-0,15-AUG-2002,Shaanxi Yunshuji Y-8B,CR873,Sri Lanka AF,5,Kadjuduwa Watta,, ,A1
20020815-1,15-AUG-2002,Antonov An-12BK,4R-AIA,Intercity Airways,0,Karachi-Quai...,, ,A2
20020818-0,18-AUG-2002,Learjet 35A,EC-GXX,Sky Service Aviation,0,Olbia-Costa ...,, ,A1
20020819-0,19-AUG-2002,DHC-6 Twin Otter 300,9N-ABQ,Royal Nepal Airlines,0,Nepalganj Ai...,, ,A2
20020822-0,22-AUG-2002,DHC-6 Twin Otter 300,9N-AFR,Shangri-La Air,18,near Pokhara,,,A1
20020828-0,28-AUG-2002,Douglas C-54E (DC-4),C-GQIC,Buffalo Airways,0,Diavik Airpo...,,,A1
20020828-1,28-AUG-2002,Airbus A320-231,N635AW,America West,0,Phoenix-Sky ...,,,A1
20020829-0,29-AUG-2002,Antonov An-28,RA-28932,Vostok Aviakompania,16,near Ayan,, ,A1
20020830-0,30-AUG-2002,Embraer EMB-120ER Brasilia,PT-WRQ,Rico Linhas Aéreas,23,near Rio Branco-P...,,,A1
20020830-1,30-AUG-2002,Fokker 100,PT-MQH,TAM Brasil,0,"Birigui, SP",,,A1
20020830-2,30-AUG-2002,Fokker 100,PT-MRL,TAM Brasil,0,São Paulo-Vi...,,,A1
20020830-3,30-AUG-2002,Learjet 25C,N45CP,Care Flight Int.,1,Lexington-Bl...,, ,A1
20020902-0,02-SEP-2002,Cessna 650 Citation VI,B-7023,CAAC,3,near Xichang,, ,A1
20020903-0,03-SEP-2002,DHC-6 Twin Otter 300,PK-YPQ,Trigana Air Service,0,Silimo,,,A1
20020904-0,04-SEP-2002,DHC-7-102,RP-C2788,Asian Spirit,0,Manila-Ninoy...,,,A1
20020907-0,07-SEP-2002,Swearingen SA227-AC Metro III,C6-SAW,Western Air,0,Andros Town ...,,,O1
20020909-0,09-SEP-2002,Boeing 737-7Q8,S7-SEZ,Air Seychelles,0,Mahe Island-...,, ,H2
20020909-1,09-SEP-2002,Antonov An-32B,9Q-CMD,Malift Air,0,Inongo Airpo...,, ,A1
20020914-0,14-SEP-2002,ATR 42-312,PT-MTS,TOTAL Linhas Aéreas,2,near Paranapanema...,,,A1
20020914-1,14-SEP-2002,Antonov An-2,RA-56888,ROSTO Krasnoyarsk,13,near Shalinskoye,, ,A1
20020915-0,15-SEP-2002,Ilyushin Il-18V,EX-904,Phoenix Aviation,0,Nzagi Airpor...,,,A1
20020915-1,15-SEP-2002,Ilyushin Il-18V,RA-75423,IRS Aero,0,Moskva-Bykov...,,,A2
20020928-0,28-SEP-2002,DHC-3 Otter,C-FLGA,Deraps Aviation,3,"near Natashquan, QC",, ,A1
20020929-0,29-SEP-2002,Swearingen SA227-AC Metro III,N343AE,Skylink Charter,0,Hawthorne Ai...,,,A1
20020929-1,29-SEP-2002,Cessna 551 Citation II/SP,D-IEAR,Rieker Air Service,0,"Basel, Switz...",, ,A1
20020930-0,30-SEP-2002,Antonov An-2,RA-62587,Bodaibo Air Enterprise,0,near Bodaybo,, ,A1
20021001-0,01-OCT-2002,Ilyushin Il-38,IN-302,Indian Navy,6+ 3,near Goa-Dabolim ...,, ,A1
20021001-1,01-OCT-2002,Ilyushin Il-38,IN-304,Indian Navy,6,near Goa-Dabolim ...,, ,A1
20021007-0,07-OCT-2002,Cessna 525A CitationJet CJ2,N57EJ,Exec-Jet,0,Dexter Regio...,, ,A1
20021007-1,07-OCT-2002,Learjet 60,N5027Q,American Virginia,1,Santa Cruz d...,, ,A1
20021015-0,15-OCT-2002,Airbus A300B4-620,HZ-AJ.,Saudi Arabian,0,Khartoum,, ,H2
20021015-1,15-OCT-2002,Avro RJ85,N528XJ,"Northwest Airlink, opb Mesaba Airlines",0,Memphis Inte...,,,O1
20021016-0,16-OCT-2002,Boeing 747-267B,TF-ATD,Air Atlanta Icelandic,0,Teesside Int...,, ,A2
20021016-1,16-OCT-2002,Dornier 228-200,D-IKBA,LGW,0,near Paderborn-Li...,, ,A2
20021023-0,23-OCT-2002,Ilyushin Il-62M,RA-86452,Tretyakovo,0,Bishkek Airp...,,,A1
20021023-1,23-OCT-2002,Cessna 208B Super Cargomaster,N76U,Mid-Atlantic Freight,1,near Spanish Fort...,,,A1
20021025-0,25-OCT-2002,Beech A100 King Air,N41BE,Aviation Charter,8,near Eveleth-Virg...,,,A1
20021028-0,28-OCT-2002,Boeing 737 or 757, ,Shanghai Airlines,0,Fuzhou Chang...,, ,H2
20021031-0,31-OCT-2002,DC-9-32,XA-AMF,Aeroméxico,0,Monterrey-Ge...,,,A1
20021102-0,02-NOV-2002,Fokker F-27 Friendship 500RF,G-ECAT,Euroceltic Airways,0,Sligo-Colloo...,,,A1
20021106-0,06-NOV-2002,Fokker 50,LX-LGB,Luxair,20,near Niederanven,,,A1
20021107-0,07-NOV-2002,Antonov An-12BK,4K-AZ21,Silk Way,0,Kome,,,A1
20021107-1,07-NOV-2002,BN-2A-21 Islander,PK-VIZ,Dirgantara Air Services,7,near Juwata,, ,A1
20021108-0,08-NOV-2002,Cessna 208B Grand Caravan,N514DB,Brown County Financial Svc,4,"near Parks, AZ",, ,A1
20021108-1,08-NOV-2002,IAI 1124A Westwind II,N61RS,Richmor Aviation,2,"near Taos, NM",, ,A1
20021109-0,09-NOV-2002,Antonov An-26B,RA-26012,Tyumenaviatrans,0,near Antalya Airp...,,,A1
20021111-0,11-NOV-2002,Fokker F-27 Friendship 600,RP-C6888,Laoag,19,near Manila-Ninoy...,,,A1
20021112-0,12-NOV-2002,Cessna 550 Citation II,C-GYCJ,Canada Jet Charters,0,Sandspit Air...,,,A1
20021112-1,12-NOV-2002,Boeing 737, ,Gol,0,Brasília-Kub...,, ,H2
20021117-0,17-NOV-2002,Boeing 757-258ER,4X-EBS,El Al,0,Istanbul-Ata...,, ,H2
20021127-0,27-NOV-2002,DC-9-80 (MD-80), ,Alitalia,0,Lyon Satolas...,, ,H2
20021128-0,28-NOV-2002,Let L-410UVP-E20,5Y-ONT,Eagle Aviation,1,near Ol Kiombo Ai...,,,A1
20021128-1,28-NOV-2002,Boeing 757-3E7,4X-BAW,Arkia,0,near Mombasa-Moi ...,,,C2
20021201-0,01-DEC-2002,Cessna 500 Citation I,PT-LIY,American Virginia,0,"Marília, SP",, ,A1
20021203-0,03-DEC-2002,Learjet 36A,N546PA,"CFF Air, op.for Phoenix Air",0,Astoria Airp...,, ,A1
20021206-0,06-DEC-2002,Embraer EMB-110P Bandeirante,CU-T1110,Aerotaxi,0,near Murgas,, ,A1
20021207-0,07-DEC-2002,DHC-8-402Q Dash 8,B-3567,Changan Airlines,0,Xian-Xianyan...,, ,A1
20021208-0,08-DEC-2002,Ilyushin Il-76TD,RA-76758,Volga-Dnepr,0,Guam-A.B. Wo...,,,O1
20021208-1,08-DEC-2002,Boeing 767-219ER,ZK-NBC,Air New Zealand,0,"near Brisbane, QLD",, ,A2
20021208-2,08-DEC-2002,Shorts 330-200,N51AN,Freedom Air,0,Guam-A.B. Wo...,,,O1
20021208-3,08-DEC-2002,Shorts 330-200,N76NF,Freedom Air,0,Guam-A.B. Wo...,,,O1
