identifiant,date,type,registration,operator,fat.,location, ,pic,cat

19900530-0,30-MAY-1990,Pilatus Britten Norman BN2A-26 Isla,VH-RTP,Cape York Air Services,0,Mabuiag Isla...,, ,A2
19900599-0,??-MAY-1990,BN-2A-26 Islander,P2-IST,Talair,,Morobe Airpo...,, ,A1
19900599-1,??-MAY-1990,Antonov An-2T,10 Yellow,"Rigas Aeroklubs, lsf DOSAAF",0,Yelgava Airport,, ,A1
19900602-0,02-JUN-1990,Boeing 737-2X6C,N670MA,MarkAir,0,near Unalakleet A...,,,A1
19900602-1,02-JUN-1990,Antonov An-24B,CCCP-46551,Aeroflot / North Kavkaz,0,Kenkiyak,, ,A1
19900602-2,02-JUN-1990,Embraer EMB-120RT Brasilia,OO-DTH,DAT,0,Antwerpen-De...,, ,A2
19900606-1,06-JUN-1990,Fairchild FH-227B,PT-ICA,TABA,22,near Altamira Air...,, ,A1
19900606-2,06-JUN-1990,Cessna 208A Cargomaster,N803FE,"Federal Express, op.for West Air",0,Fresno-Chand...,, ,A1
19900607-0,07-JUN-1990,Douglas C-49J (DC-3),C-FPQE,Gouvernement du Québec,,Kangiqsujuaq...,, ,A1
19900608-0,08-JUN-1990,Tupolev Tu-154, ,Aeroflot,0,Stockholm-Ar...,, ,H2
19900609-0,09-JUN-1990,BN-2A-20 Islander,VH-FCJ,Falcon Airlines,0,Mabuiag Isla...,, ,A2
19900610-1,10-JUN-1990,BAC One-Eleven 528FL,G-BJRT,British Airways,0,near Didcot,, ,A2
19900612-0,12-JUN-1990,Ilyushin Il-76MD,CCCP-86905,Aeroflot / Uzbekistan,0,near Kabul,, ,C1
19900619-0,19-JUN-1990,Tupolev Tu-134, ,Aeroflot,0,Helsinki-Van...,, ,H2
19900621-1,21-JUN-1990,DHC-6 Twin Otter 300,C-FWAB,Ptarmigan Airways,2,Thistle Lake...,,,A1
19900623-1,23-JUN-1990,Boeing 707-321B,CC-CEI,LAN Chile,0,Santiago-Art...,,,O1
19900624-0,24-JUN-1990,Tupolev Tu-134, ,Aeroflot,0,Helsinki-Van...,, ,H2
19900626-0,26-JUN-1990,Antonov An-2R,CCCP-19730,Aeroflot / Uralsk,3,"near Shurma, Urzh...",, ,A1
19900628-0,28-JUN-1990,Tupolev Tu-154, ,Aeroflot,0,Orenburg Air...,, ,H2
19900630-0,30-JUN-1990,Tupolev Tu-154, ,Aeroflot,0,Stockholm-Ar...,, ,H2
19900699-0,??-JUN-1990,Lockheed C-121J Super Constellation,HI-532CT,Aerochago Airlines,0,Santo Domingo,,,A1
19900701-0,01-JUL-1990,Ilyushin Il-62M,CCCP-86456,Aeroflot / Moscow,0,Yakutsk Airp...,,,A1
19900704-0,04-JUL-1990,Tupolev Tu-134, ,Aeroflot,0,Rostov Airpo...,, ,H2
19900705-0,05-JUL-1990,DHC-6 Twin Otter 300,HP-759,AeroPerlas,0,unknown airs...,, ,H2
19900705-1,05-JUL-1990,Tupolev Tu-154, ,Aeroflot,0,Stockholm-Ar...,, ,H2
19900705-2,05-JUL-1990,BN-2B-21 Islander,P2-DNJ,Douglas Airways,8,near Port Moresby,, ,A1
19900710-0,10-JUL-1990,Tupolev Tu-154, ,Aeroflot,0,Leningrad-Pu...,, ,H2
19900712-0,12-JUL-1990,Tupolev Tu-154, ,Aeroflot,0,Leningrad-Pu...,, ,H2
19900712-1,12-JUL-1990,BN-2A-8 Islander,J6-SLW,Eagle Air Services,2,near Union Island,, ,A1
19900714-1,14-JUL-1990,Lockheed L-188CF Electra,N4465F,TPI,0,Aruba-Reina ...,,,A1
19900714-2,14-JUL-1990,Boeing 707-349C,ST-ALK,TAAT,0,Khartoum-Civ...,,,A1
19900715-0,15-JUL-1990,Antonov An-32,K2705,Indian AF,5,Ponmudi Moun...,, ,A1
19900715-1,15-JUL-1990,Antonov An-32,K2763,Indian AF,,Shivrajpur,, ,U1
19900717-0,17-JUL-1990,DHC-5D Buffalo,HC-BFH,Ecuador Air Force,0,Calgary Inte...,, ,A1
19900718-0,18-JUL-1990,Tupolev Tu-134, ,Aeroflot,0,Sukhumi Airp...,, ,H2
19900719-0,19-JUL-1990,Fokker F-27 Friendship 200,G-BCDO,Air UK,0,Amsterdam-Sc...,,,A1
19900719-1,19-JUL-1990,Antonov An-2,CCCP-40861,Aeroflot / Yakutsk,,,, ,A1
19900721-0,21-JUL-1990,Beech 200 Super King Air,TU-VBB,Air Ivoire,0,Touba Airpor...,, ,A1
19900722-0,22-JUL-1990,Boeing 737-222,N210US,USAir,0,Kinston-Stal...,,,A1
19900723-0,23-JUL-1990,Tupolev Tu-134, ,Aeroflot,0,Petrozavodsk...,, ,H2
19900724-1,24-JUL-1990,Douglas C-47A (DC-3),RP-C140,Victoria Air,0,near San Juan,,,A1
19900725-0,25-JUL-1990,Boeing 707-379C,ET-ACQ,Ethiopian Airlines,0,Addis Ababa-...,,,A1
19900726-0,26-JUL-1990,Antonov An-2, ,Aero Manu,0,Iberia,, ,A1
19900727-0,27-JUL-1990,Antonov An-2T,SP-ANZ,Aeroklub Zaglebia Miedziowego,,Bielsko-Biala,, ,A1
19900731-0,31-JUL-1990,Aérospatiale SN.601 Corvette,F-BTTU,DGAC/SFACT,0,Saint-Yan-Ch...,, ,A1
19900801-1,01-AUG-1990,Yakovlev Yak-40,CCCP-87453,Aeroflot / Armenia,46,near Stepanakert,, ,A1
19900810-1,10-AUG-1990,Antonov An-12, ,Afghan AF,83,near Shindand,, ,A1
19900812-0,12-AUG-1990,Lockheed L-100-30 Hercules,N911SJ,Southern Air Transport,0,Juba Airport...,,,A1
19900812-1,12-AUG-1990,Antonov An-2,CCCP-62407,Aeroflot / Yakutsk,,,, ,A1
19900813-0,13-AUG-1990,Rockwell 1121 Jet Commander,N301AJ,Aviex Jet,1,Cozumel Airp...,, ,A1
19900814-0,14-AUG-1990,Dornier 228-201,B-12268,Formosa Airlines,0,Orchid Islan...,,,A1
19900816-0,16-AUG-1990,DHC-6 Twin Otter, ,Ethiopian Airlines,0,Aden Interna...,, ,H2
19900818-0,18-AUG-1990,Antonov An-28,CCCP-28761,Aeroflot / Tajikistan,0,Rushan,, ,A1
19900819-0,19-AUG-1990,Tupolev Tu-154, ,Aeroflot,0,Karachi Inte...,, ,H2
19900820-1,20-AUG-1990,Shorts 360-300,N730CC,CCAir,0,Charlotte-Do...,, ,A1
19900821-1,21-AUG-1990,Beech 1900C-1,1905,Republic of China AF,18,Yunlin,, ,A1
19900822-0,22-AUG-1990,DHC-6 Twin Otter 100,N203E,Unknown,0,California C...,, ,A2
19900823-0,23-AUG-1990,Grumman G-159 Gulfstream I,N80RD,Rowan Drilling Comp. Marine,3,Houston-Inte...,, ,A1
19900823-1,23-AUG-1990,Ilyushin Il-20, ,Soviet Navy,0,Kacha Air Base,, ,A1
19900825-0,25-AUG-1990,Lockheed C-130H Hercules,M30-03,Royal Malaysian AF,1,Sibu Airport...,, ,A1
19900827-0,27-AUG-1990,Boeing 747-422,N174UA,United Airlines,0,Los Angeles ...,, ,A2
19900829-0,29-AUG-1990,Lockheed C-5A Galaxy,68-0228,USAF,13,Ramstein AFB...,,,A1
19900830-0,30-AUG-1990,Yakovlev Yak-42, ,Aeroflot,0,Voronezh Air...,, ,H2
19900830-1,30-AUG-1990,Antonov An-2, ,Aeroflot,0,Livny,, ,H2
19900902-0,02-SEP-1990,unknown, ,Aeroflot,0,Frunze Airport,, ,H2
19900906-0,06-SEP-1990,Embraer EMB-110P1K Bandeirante,TR-KN.,Gabonese AF,,near Moabi,, ,A1
19900909-0,09-SEP-1990,Yakovlev Yak-40,CCCP-87451,Aeroflot / Kazakstan,0,Pavlodar Air...,, ,O1
19900909-1,09-SEP-1990,Yakovlev Yak-40K,CCCP-87914,Aeroflot / Kazakstan,0,Pavlodar Air...,, ,A1
19900911-0,11-SEP-1990,Boeing 727-247,OB-1303,Faucett,16,near Newfoundland...,,,A1
19900911-1,11-SEP-1990,Morane Saulnier MS.760B Paris II,N23ST,Stonewall Transport,2,"near Albuquerque, NM",, ,A1
19900912-0,12-SEP-1990,Ilyushin Il-14P,CCCP-41803,Aeroflot / Central Region,0,near Mirny Ice St...,, ,A1
19900913-0,13-SEP-1990,Boeing 737, ,Indian Airlines,0,Bangalore-Hi...,, ,H2
19900914-0,14-SEP-1990,Yakovlev Yak-42,CCCP-42351,Aeroflot / North Kavkaz,4,near Sverdlovsk-K...,, ,A1
19900914-1,14-SEP-1990,Cessna 208 Caravan I,HK-3510P,private,2,Pereira-Mate...,, ,A2
19900916-0,16-SEP-1990,Learjet 24A,N500P,Connie Kalitta,0,Morristown-M...,,,A2
19900916-1,16-SEP-1990,Howard Cargo Harpoon,N7428C,Confederate Air Force,0,Conroe-Montg...,, ,A1
19900920-0,20-SEP-1990,Antonov An-2R,OB-1349,Aero Manu,0,Saylla Chico,, ,A1
19900920-1,20-SEP-1990,Boeing 707-321B,N320MJ,Omega Air Inc,1,Marana-Pinal...,,,A1
19900920-2,20-SEP-1990,Embraer EMB-110P1 Bandeirante,PT-FAW,Pernambuco State Gov.,12,near Fernando de ...,, ,A1
19900921-0,21-SEP-1990,Boeing 707-336C,VR-HKK,Air Hong Kong,0,Sydney-Kings...,, ,A2
19900924-0,24-SEP-1990,Cessna 500 Citation I,N79DD,Hi-Tech Helicopters,4,near San Luis Obi...,, ,A1
19900924-1,24-SEP-1990,Beech Tp 101 (200 Super King Air),101001,Swedish AF,2,near Halmstad Air...,, ,A1
19900925-0,25-SEP-1990,unknown, ,Aeroflot,0,Arkhangelsk-...,, ,H2
19900925-1,25-SEP-1990,Lockheed P-3C Orion,161762,US Navy,0,Crows Landin...,, ,A1
19900929-0,29-SEP-1990,Lockheed PV-2D Harpoon,N7250C,Private,8,"Lakeport, CA",, ,A1
19900930-0,30-SEP-1990,Lockheed P-2H Neptune,N65170,Black Hills Aviation,2,near Wynoochee Da...,, ,A1
19900999-0,??-SEP-1990,Convair CV-240-23,HI-376CT,Aerochago Airlines,,,,,A1
19901002-2,02-OCT-1990,Boeing 707-3J6B,B-2402,China Southwest,0,Guangzhou-Ba...,,,C1
19901002-3,02-OCT-1990,Boeing 737-247,B-2510,Xiamen Airlines,82,Guangzhou-Ba...,,,H1
19901002-4,02-OCT-1990,Boeing 757-21B,B-2812,China Southern,46,Guangzhou-Ba...,, ,C1
19901004-0,04-OCT-1990,Fokker F-27 Friendship 600,EP-ANA,Iran Aseman Airlines,0,Ramsar Airpo...,, ,A2
19901005-0,05-OCT-1990,Yakovlev Yak-40, ,Aeroflot,0,Helsinki-Van...,, ,H2
19901007-0,07-OCT-1990,Antonov An-24, ,Aeroflot,0,Kotlas Airpo...,, ,H2
19901008-0,08-OCT-1990,BN-2A Islander,9XR-GV,Rwanda AF,,near Kigali Airpo...,, ,C1
19901010-0,10-OCT-1990,Antonov An-8,CCCP-69320,MAP Novosibirsk,9,near Novosibirsk-...,, ,A1
19901010-1,10-OCT-1990,Hawker Siddeley HS-748,PK-IHS,Bouraq Indonesia,0,Tarakan-Juwa...,, ,A2
19901011-0,11-OCT-1990,Grumman G-159 Gulfstream I,XB-ESO,Celanese Mexicana,0,Zacapú Airport,, ,A1
19901012-0,12-OCT-1990,Let L-410UVP,CCCP-67331,Aeroflot / Ukraine,0,Odessa-Centr...,, ,A1
19901019-0,19-OCT-1990,Douglas C-47B (DC-3),CP-735,BAFIN,3,Huayna Potos...,,,A1
19901020-0,20-OCT-1990,Tupolev Tu-154B-1,CCCP-85268,Aeroflot / Georgia,0,Kutaisi Airp...,, ,A1

19901024-0,24-OCT-1990,Yakovlev Yak-40S2,CU-T1202,Cubana,11,near Santiago-Ant...,, ,A1
19901028-0,28-OCT-1990,Dassault Falcon 50,N52DC,Dow Chemical Company,0,"near Parkersburg, WV",, ,A2
19901029-0,29-OCT-1990,DHC-6 Twin Otter 100,67-063,Norwegian AF,3,Honningsvåg-...,, ,A1
19901102-0,02-NOV-1990,Antonov An-26B,CCCP-26038,Aeroflot / East Siberia,,Nyurba,, ,A1
19901104-0,04-NOV-1990,BN-2B-21 Islander,OB-T-1207,Aero Bellavista,0,La Escalera,, ,A1
19901108-0,08-NOV-1990,Swearingen SA227-AC Metro III,N445AC,"Delta Connection, opb Comair",0,Cincinnati/N...,, ,A1
19901110-0,10-NOV-1990,Airbus A300, ,Thai Airways International,0,Calcutta-Net...,, ,H2
19901112-0,12-NOV-1990,C-115 Buffalo (DHC-5),2350,Brazilian AF,9,Rio de Janei...,, ,A1
19901112-1,12-NOV-1990,Tupolev Tu-154, ,Aeroflot,0,Minsk-1 Inte...,, ,H2
19901114-0,14-NOV-1990,DC-9-32,I-ATJA,Alitalia,46,Stadlerberg,,,A1
19901115-0,15-NOV-1990,Tupolev Tu-134, ,Aeroflot,0,Helsinki-Van...,, ,H2
19901116-0,16-NOV-1990,Tupolev Tu-134, ,Aeroflot,0,Tallinn-Ülem...,, ,H2
19901116-1,16-NOV-1990,Boeing 727-2J0,6Y-JMO,Air Jamaica,0,Curaçao-Hato...,, ,A2
19901117-0,17-NOV-1990,Tupolev Tu-154M,CCCP-85664,Aeroflot / International,0,near Velichovsky,,,A1
19901118-0,18-NOV-1990,CASA C-212 Aviocar 200,FAC-1150,SATENA,16,Cerro San Ni...,, ,A1
19901121-0,21-NOV-1990,DHC-8-103,HS-SKI,Bangkok Airways,38,near Koh Samui Ai...,,,A1
19901121-1,21-NOV-1990,Fokker F-27 Friendship 600,5A-DBN,Libyan Red Crescent,0,Al Abraq Air...,, ,A1
19901121-2,21-NOV-1990,Ilyushin Il-62,CCCP-86613,"Aeroflot, Domodedovo",0,Yakutsk-Maga...,,,A1
19901121-3,21-NOV-1990,Beech 200 Super King Air,D-IGSW,GSW Charterflug,3,near Innsbruck-Kr...,, ,A1
19901121-4,21-NOV-1990,Morane Saulnier (FMA) MS.760A Paris,E-234,Argentine AF,0,"Manantiales, MD",, ,A1
19901126-0,26-NOV-1990,Antonov An-12, ,Soviet AF,8,Alma-Ata Air...,, ,A1
19901129-0,29-NOV-1990,Nord 262C-62,TR-KJB,Gabonese AF,,near Libreville,,,U1
19901129-1,29-NOV-1990,Cessna 550 Citation S/II,N97QS,Executive Jet Aviation,0,Sebring Air ...,, ,A2
19901129-2,29-NOV-1990,Tupolev Tu-134, ,Aeroflot,0,Syktyvkar Ai...,, ,H2
19901130-0,30-NOV-1990,Yakovlev Yak-40K,CCCP-87394,Aeroflot / Krasnoyarsk,0,Dikson Airpo...,, ,A1
19901201-0,01-DEC-1990,DHC-6 Twin Otter 300,EP-IOD ?,NIOC,3,southern Iran,, ,A1
19901202-0,02-DEC-1990,Tupolev Tu-154, ,Aeroflot,0,Leningrad-Pu...,, ,H2
19901202-1,02-DEC-1990,Rockwell 1121 Jet Commander,N2WU,Fair Sky Corp.,,Punta Del Es...,, ,A1
19901203-1,03-DEC-1990,Douglas DC-9-14,N3313L,Northwest Airlines,8,Detroit-Metr...,,,A1
19901203-2,03-DEC-1990,Boeing 727-251,N278US,Northwest Airlines,0,Detroit-Metr...,,,A2
19901204-0,04-DEC-1990,Boeing 707-321C,ST-SAC,Sudania,10,near Nairobi-Jomo...,,,A1
19901204-1,04-DEC-1990,Douglas C-47 (DC-3),FAES125 ?,Salvadorian AF,5,near Chalate,, ,C1
19901206-0,06-DEC-1990,unknown, ,CAAC,0,Guangzhou-Ba...,, ,H2
19901208-0,08-DEC-1990,Douglas C-47D (DC-3),CP-1668,SAVCO,1,Cochabamba-J...,, ,A1
19901211-0,11-DEC-1990,Yakovlev Yak-40, ,Aeroflot,0,Tbilisi Airp...,, ,H2
19901212-1,12-DEC-1990,Antonov An-12,CCCP-29110,MAP Kiev MSZ,0,near Kiev,, ,A1
19901214-0,14-DEC-1990,Antonov An-24B,CCCP-47164,Aeroflot / Far East,0,Shakhtersk A...,, ,A1
19901215-0,15-DEC-1990,Douglas DC-6B,CP-1953,Frigorifico Santa Rita,0,San Ignace,,,A1
19901215-1,15-DEC-1990,Embraer EMB-110P1 Bandeirante,HK-3195X,AIRES Colombia,0,Villa Garzón...,,,C1
19901221-0,21-DEC-1990,Cessna 208 Caravan I,N9444F,"MarkAir Express, opb Hermens Air",1,"near False Pass, AK",, ,A1
19901221-1,21-DEC-1990,Tupolev Tu-154, ,Aeroflot,0,Volgograd Ai...,, ,H2
19901223-0,23-DEC-1990,BAe ATP,G-OATP,Manx Airlines,0,Isle Of Man-...,, ,A2
19901224-0,24-DEC-1990,Ilyushin Il-86, ,Aeroflot,0,Adler/Sochi ...,, ,H2
19901228-0,28-DEC-1990,Boeing 737, ,Air Algérie,0,Annaba Airpo...,, ,H2
19901231-0,31-DEC-1990,GAF Nomad N.24A,VH-BRP,Sydney Skydivers,0,Corowa Airpo...,, ,A2
19909999-0,??-???-1990,Cessna U-27A Caravan I,ARU-022,Liberian Army,,,, ,O1
19909999-1,??-???-1990,CASA C-212 Aviocar 200,MP-112,Mexican Navy,,,, ,U1
19909999-4,??-???-1990,Antonov An-2T,822,East German AF,0,Straussberg ?,, ,U1
19909999-5,??-???-1990,Antonov An-2P,CCCP-07308,Aeroflot / Krasnoyarsk,5,,, ,A1

19900102-1,02-JAN-1990,CASA/Nurtanio NC-212 Aviocar,PK-PCM,Pelita Air Service,9,"Banten Bay, ...",, ,A1
19900103-0,03-JAN-1990,BN-2A Trislander Mk.III,YJ-RV3,Vanair,0,near Port Vila-Ba...,, ,A1
19900104-2,04-JAN-1990,Swearingen SA227-AC Metro III,N31138,"USAir Express, opb Chautauqua Airlines",0,"Hagerstown, MD",, ,O1
19900105-0,05-JAN-1990,Lockheed L-100-30 Hercules,D2-THB,Angola Air Charter,0,Menongue Air...,,,C1
19900105-1,05-JAN-1990,Fokker F-28 Fellowship 4000,LV-MZD,Aerolineas Argentinas,0,Villa Gesell...,,,A1
19900106-0,06-JAN-1990,Lockheed L-1329 JetStar 731,N96GS,Grecoair,1,Miami Intern...,, ,A1
19900109-0,09-JAN-1990,Antonov An-24TV, ,Sudan AF,,Kajo Kaji,, ,C1
19900109-1,09-JAN-1990,PADC/BN-2A-21 Islander,VH-SBD,Sunbird Airlines,0,Yorke Island...,, ,A1
19900111-0,11-JAN-1990,Boeing KC-135A,59-1494,USAF,0,Portsmouth-P...,,,O1
19900113-0,13-JAN-1990,Tupolev Tu-134A,CCCP-65951,Aeroflot / North Kavkaz,27,near Pervouralsk,,,A1
19900115-0,15-JAN-1990,CASA C-212 Aviocar 200,TI-SAB,SANSA,23,near San José-Jua...,, ,A1
19900115-1,15-JAN-1990,Swearingen SA227-AC Metro III,N2721M,SkyWest Airlines,0,near Elko Airport...,, ,A1
19900116-0,16-JAN-1990,Boeing 737-300, ,America West,0,Austin-Rober...,, ,H2
19900117-0,17-JAN-1990,Cessna 208A Cargomaster,N835FE,Federal Express,1,"near Leadville, CO",, ,A1
19900118-0,18-JAN-1990,Learjet 23,N331DP,Aeroflite Services,2,"Ansonia, OH",, ,A1
19900118-1,18-JAN-1990,Beech A100 King Air,N44UE,Epps Air Service,1,Atlanta-Will...,, ,A1
19900118-2,18-JAN-1990,Boeing 727-225,N8867E,Eastern Air Lines,0,Atlanta-Will...,, ,A2
19900119-0,19-JAN-1990,Gulfstream American G-1159 Gulfstre,N46TE,Eastman Kodak,7,Little Rock ...,,,A1
19900121-0,21-JAN-1990,Beech 300 Super King Air,HI-578SP,private,,Santo Domingo,, ,A1
19900123-0,23-JAN-1990,CASA C-212 Aviocar 200,ARV-0210,Venezuelan Navy,24,near La Sabaneta,, ,A1
19900124-0,24-JAN-1990,BN-2A-6 Islander,VH-BAY,Bougair,0,Wakunai Airp...,, ,C1
19900125-0,25-JAN-1990,Boeing 707-321B,HK-2016,Avianca,73,"Cove Neck, NY",,,A1
19900125-3,25-JAN-1990,Hawker Siddeley HS-748,PK-OBW,Airfast Indonesia,19,Mount Rinjani,,,A1
19900126-0,26-JAN-1990,Boeing 727, ,Iran Air,4,Shiraz Airpo...,, ,H2
19900126-1,26-JAN-1990,BN-2A-27 Islander,C-GSAF,Western Arctic Air,,"within Inuvik, NT",, ,U1
19900126-2,26-JAN-1990,Antonov An-24RV,BNMAU-10208,MIAT,30,near Ulaangom Air...,, ,A1
19900127-0,27-JAN-1990,Nord 262C-66,TN-230,Congolese AF,28,near Kinkala,, ,A1
19900128-0,28-JAN-1990,Antonov An-2,03 Yellow,DOSAAF,3,"Okha, Sakhal...",, ,A1
19900129-0,29-JAN-1990,Cessna 208B Super Cargomaster,N854FE,"Federal Express, opb Wiggins Airways",1,near Plattsburgh-...,, ,A1
19900129-1,29-JAN-1990,Cessna 208B Grand Caravan,N4688B,Airborne Express,2,near Burlington I...,, ,A1
19900130-0,30-JAN-1990,Hawker Siddeley HS-125-3B,G-OBOB,Slender You,1,near Columbia Reg...,,,A1
19900201-1,01-FEB-1990,Ilyushin Il-76M,CCCP-86021,Soviet AF,8,near Panevezys-Pa...,,,A1
19900203-0,03-FEB-1990,Sabreliner 40,N50CD,City of Detroit,0,Detroit City...,, ,A1
19900205-1,05-FEB-1990,Grumman G-159 Gulfstream I,HK-3315,Helicol Colombia,15,near Ibagué-Peral...,, ,A1
19900208-0,08-FEB-1990,Lockheed C-130H Hercules, ,Sudan AF,,,, ,C1
19900210-0,10-FEB-1990,Swearingen SA226-TC Metro II,C-FGEP,Perimeter Airlines,0,Winnipeg Int...,, ,A1
19900212-0,12-FEB-1990,Fokker F-27 Friendship 200,PT-LCG,TAM,1+ 2,Bauru Airpor...,,,A1
19900214-2,14-FEB-1990,Airbus A320-231,VT-EPN,Indian Airlines,92,near Bangalore-Hi...,,,A1
19900217-0,17-FEB-1990,DHC-5D Buffalo,AF-316,Zambian Air Force,29,near Lusaka Airpo...,, ,A1
19900218-1,18-FEB-1990,DC-9-32,EC-BIQ,Aviaco,0,Menorca-Mahó...,,,A1
19900220-0,20-FEB-1990,Antonov An-2R,CCCP-56472,Aeroflot / Lithuania,,Siauliai,, ,A1
19900221-0,21-FEB-1990,Saab 340A,HB-AHA,Crossair,0,Zürich-Klote...,,,A1
19900224-0,24-FEB-1990,Fokker F-27 Friendship 600,D-AELB,FTG Air Service,0,near Bergisch Gla...,,,A1
19900225-0,25-FEB-1990,Learjet 31,N984JD,Lear Jet,0,Taiyuan Airp...,, ,A1
19900227-0,27-FEB-1990,Cessna 208A Cargomaster,N820FE,Federal Express,1,near Denver Inter...,, ,A1
19900228-1,28-FEB-1990,IAI Arava 201,GN7960,Venezuela ANG,0,near Caracas-La C...,, ,A1
19900299-0,??-FEB-1990,BN-2A-27 Islander,P2-BAC,Bougair,0,Kieta-Aropa ...,, ,O1
19900301-1,01-MAR-1990,Boeing 707-329C,9Q-CVG,Katale Aero Transport,0,Goma Airport...,,,A1
19900307-0,07-MAR-1990,GAF Nomad N.22B,VH-DNM,Sydney Skydivers,0,"near Leongatha, VIC",, ,A2
19900309-0,09-MAR-1990,BN-2A-2 Islander,5X-BEE,Bel Air,,Kaabong,, ,A1
19900312-0,12-MAR-1990,GAF Nomad N.24A,A18-401,RAAF,1,"near Mallala, SA",, ,A1
19900314-0,14-MAR-1990,Antonov An-2R,HA-MER,"Ministry for Agriculture and Nutrition, op.for Agricultural High ",0,Jászjákóhalma,, ,A1
19900316-0,16-MAR-1990,Antonov An-28,CCCP-28702,Aeroflot / East Siberia,0,Vershino-Dar...,, ,A1
19900318-0,18-MAR-1990,Douglas C-47A (DC-3),HR-SAZ,SAHSA,0,Roatan Airpo...,, ,A1
19900321-0,21-MAR-1990,Lockheed L-188CF Electra,HR-TNL,TAN,3,Las Mesitas,,,A1
19900322-0,22-MAR-1990,Hawker Siddeley HS-121 Trident 2E,B-2208,Air China,0,Guilin Airpo...,,,A1
19900323-0,23-MAR-1990,Antonov An-26,CU-T1436,Cubana,4,Santiago-Ant...,, ,A1
19900327-0,27-MAR-1990,CASA C-212-M Aviocar 300,T-410,Angolan Government,25,near Kuito,, ,C1
19900327-1,27-MAR-1990,Ilyushin Il-76MD,CCCP-78781,"Soviet AF, op.for Uzbek CAA",9,near Kabul-Khwaja...,, ,A1
19900327-2,27-MAR-1990,Beech 100 King Air,N696JB,Private,0,near Uvalde-Garne...,, ,A1
19900401-0,01-APR-1990,Fairchild FH-227B,5N-ATL,Concord,0,Lagos-Murtal...,, ,A1
19900401-1,01-APR-1990,A.W. AW-650 Argosy 222,ZK-SAF,SAFE Air,0,Blenheim-Woo...,,,A1
19900402-0,02-APR-1990,Learjet 35,N51FN,Flight International,0,Carlsbad-McC...,, ,A1
19900402-1,02-APR-1990,Airbus A300, ,American Airlines,0,Port-au-Prin...,, ,H2
19900403-0,03-APR-1990,DHC-6 Twin Otter 300,PK-NUQ,Merpati Nusantara,0,near Labuan Bajo-...,, ,A1
19900404-0,04-APR-1990,DHC-6 Twin Otter 200,HR-ALH,Isleña Airlines,0,near Utila Airpor...,, ,A1
19900404-1,04-APR-1990,Fokker F-28 Fellowship 4000,PK-GKU,Garuda,0,Balikpapan-S...,, ,A2
19900405-1,05-APR-1990,GAF Nomad N.22B,VH-DNM,Sydney Skydivers,0,"near Leongatha, VIC",,,A1
19900405-2,05-APR-1990,Lockheed C-121C Super Constellation,HI-515CT,AMSA,1,near Levittown,,,A1
19900406-0,06-APR-1990,Learjet 25C,PT-CMY,Transamérica Táxi Aéreo,2,Juiz De Fora...,, ,A1
19900407-0,07-APR-1990,Martin 4-0-4,CP-1738,TASS,0,Camiare Airs...,, ,A1
19900409-1,09-APR-1990,Embraer EMB-120RT Brasilia,N217AS,"Delta Connection, opb ASA",0,near Gadsden Muni...,, ,A2
19900412-0,12-APR-1990,DHC-6 Twin Otter 300,LN-BNS,Widerøes Flyveselskap,5,near Værøy-Stolpo...,,,A1
19900413-0,13-APR-1990,Antonov An-2,CCCP-04355,Aeroflot / Magadan,1,Uelen,, ,A1
19900416-1,16-APR-1990,Antonov An-26,YN-BYX,Aeronica,,,, ,A1
19900418-0,18-APR-1990,Tupolev Tu-134, ,Aeroflot,0,Leningrad-Pu...,, ,H2
19900418-1,18-APR-1990,DHC-6 Twin Otter 200,N187SA,AeroPerlas,20,near Contadora Ai...,,,A1
19900420-0,20-APR-1990,Antonov, ,Afghanistan Government,10,Khost,, ,A1
19900420-1,20-APR-1990,Lockheed C-130H Hercules,9T-TCG,Zaire AF,20,near Kinshasa,, ,A1
19900422-0,22-APR-1990,Antonov An-24RV,RDPL-34008,Lao Aviation,0+ 1,Luang Namtha...,,,A1
19900422-1,22-APR-1990,Cessna 501 Citation I/SP,VH-LCL,private,0,Lord Howe Is...,,,A1
19900426-0,26-APR-1990,Antonov An-2R,SP-WPY,ZUA,,near Bam,, ,A1
19900426-1,26-APR-1990,Douglas C-47A (DC-3),RP-C81,MATS,7,near Manila Inter...,, ,A1
19900430-0,30-APR-1990,Beech C99,C-GFAW,Frontier Air,1,near Moosonee Air...,, ,A1
19900430-1,30-APR-1990,Douglas C-54P (DC-4),N67109,Aero Union,0,Chico Airpor...,,,A1
19900430-2,30-APR-1990,Avro Shackleton AEW.2,WR965,RAF,10,near Tarbert,, ,A1
19900502-0,02-MAY-1990,Grumman G-159 Gulfstream I,HK-3316X,Helicol Colombia,0,Montería-Los...,, ,A1
19900504-1,04-MAY-1990,GAF Nomad N.24A,N418NE,Tar Heel Aviation,2,Wilmington-N...,, ,A1
19900505-0,05-MAY-1990,Douglas DC-6BF,N84BL,Aerial Transit,3+ 24,near Guatemala Ci...,,,A1
19900505-1,05-MAY-1990,Antonov An-26,52 Blue,Soviet AF,7,near Spafaryev Is...,, ,A1
19900507-0,07-MAY-1990,Boeing 747-237B,VT-EBO,Air-India,0,Delhi-Indira...,,,A1
19900510-0,10-MAY-1990,Fairchild F-27J,F-GHXA,"Noroeste, op.for Aviacsa",24,near Tuxtla Gutié...,,,A1
19900511-0,11-MAY-1990,Cessna 500 Citation I,VH-ANQ,Air North Queensland,11,"near Mareeba, QLD",,,A1
19900511-1,11-MAY-1990,Boeing 737-3Y0,EI-BZG,Philippine Air Lines,8,Manila-Ninoy...,,,A1
19900511-2,11-MAY-1990,Transall C-160D,50+39,German AF,10,near Rodenbach,,,A1
19900514-0,14-MAY-1990,Antonov An-2R,SP-WZB,ZUA,,Abarqu,, ,A1
19900518-2,18-MAY-1990,Beech 1900C-1,RP-C314,Aerolift Philippines,21+ 4,near Manila Inter...,, ,A1
19900519-0,19-MAY-1990,Douglas DC-3A,N1FN,K&K Aircraft,2,near Capon Bridge...,, ,A1
19900529-0,29-MAY-1990,Antonov An-26, ,Unknown,0,Djibouti Air...,, ,H2
19900529-1,29-MAY-1990,DHC-3 Otter,C-FBCG,Aerokon Aviation,0,Pelly Crossi...,, ,A1
