identifiant,date,type,registration,operator,fat.,location, ,pic,cat

20030104-0,04-JAN-2003,Cessna 525 CitationJet,PT-XJS,JS Táxi Aéreo,0,São Paulo-Co...,, ,A2
20030106-0,06-JAN-2003,Embraer EMB-145LR (ERJ-145LR),N16571,"Continental Express, opb ExpressJet Airlines",0,Cleveland-Ho...,, ,A2
20030107-0,07-JAN-2003,Raytheon 390 Premier I,N390RB,Caribbean Aviation,0,Santo Doming...,, ,A1
20030108-0,08-JAN-2003,Beech 1900D,N233YV,"US Airways Express, opb Air Midwest",21,Charlotte-Do...,,,A1
20030108-1,08-JAN-2003,Avro RJ100,TC-THG,THY,75,Diyarbakir A...,,,A1
20030108-2,08-JAN-2003,DHC-8-401Q Dash 8,N409QX,Horizon Air,0,"near Medford, OR",, ,A2
20030109-0,09-JAN-2003,Fokker F-28 Fellowship 1000,OB-1396,TANS,46,near Chachapoyas,,,A1
20030109-1,09-JAN-2003,DHC-3T Vazar Turbine Otter,C-FITF,Harbour Air,0,"Eden Lake, BC",, ,A2
20030109-2,09-JAN-2003,Fokker F-28 Fellowship 4000,PK-PJK,Pelita Air Service,0,Gorontalo-Ja...,, ,A2
20030114-1,14-JAN-2003,BN-2A-26 Islander,HS-RON,Siam Air Sports,0,near Pattaya Airp...,,,A1
20030117-0,17-JAN-2003,Fokker 50,PH-FZE,"Denim Air, op.for Air Nostrum",0,Melilla Airp...,,,A1
20030117-1,17-JAN-2003,Fokker F-28 Fellowship 4000,HC-BMD,TAME Ecuador,0,Quito-Marisc...,,,A1
20030117-2,17-JAN-2003,Antonov An-24B,ER-AFT,"Tiramavia, op.for Aerocom",7,near Ndjolé,, ,A1
20030117-3,17-JAN-2003,BAe 3101 Jetstream 31,CP-2404,SAVE,0,Yacuiba Airp...,,,A1
20030118-0,18-JAN-2003,Embraer EMB-135LR (ERJ-135LR),N714BZ,American Eagle Airlines,0,Columbus-Por...,,,O1
20030119-0,19-JAN-2003,Airbus A319-114,N313NB,Northwest Airlines,0,New York-La ...,,,A1
20030119-1,19-JAN-2003,Boeing 757-251,N550NW,Northwest Airlines,0,New York-La ...,, ,A2
20030119-2,19-JAN-2003,Boeing 737-8D6, ,Air Algérie,0,Algiers-Houa...,, ,H2
20030121-0,21-JAN-2003,DHC-6 Twin Otter 200,N206EH,ERA Aviation,0,Kipnuk Airpo...,,,A2
20030123-0,23-JAN-2003,Boeing 737-2B7,PK-ALV,Star Air,0,Jakarta-Soek...,,,A2
20030124-0,24-JAN-2003,Grumman G-159 Gulfstream I,5Y-EMJ,African Commuter Services,3,Busia,, ,A1
20030124-1,24-JAN-2003,Embraer EMB-145LR (ERJ-145LR),B-3043,Sichuan Airlines,0,near Chengdu,, ,H2
20030124-2,24-JAN-2003,Cessna 208B Super Cargomaster,N944FE,"FedEx, op.for Baron Aviation",0,San Angelo-D...,,,A1
20030126-0,26-JAN-2003,Boeing 737-2M9,PP-SPJ,VASP,0,Rio Branco-P...,,,A1
20030129-0,29-JAN-2003,Beech B99,C-GHVI,Bearskin Airlines,0,"near Pikangikum, ON",,,A2
20030131-0,31-JAN-2003,Ilyushin Il-76TD,RDPL-34141,Euro Asia Aviation,6,near Baucau-Cakun...,,,A1
20030201-0,01-FEB-2003,Boeing 737-4Q8,N764AS,Alaska Airlines,0,Vancouver In...,, ,A2
20030202-0,02-FEB-2003,Boeing 757-2Z0, ,Air China,0,Fuzhou Chang...,, ,H2
20030207-0,07-FEB-2003,Airbus A310-304,TC-JDA,THY,0,Istanbul-Ata...,, ,H2
20030210-0,10-FEB-2003,Antonov An-28,ES-NOY,Enimex,2,Tallinn-Ulem...,, ,A1
20030213-0,13-FEB-2003,Cessna 208B Grand Caravan,N1116G,One Leasing,0,near El Para,,,A1
20030214-0,14-FEB-2003,BN-2A-21 Islander,B-03/OT-ALC,Belgian AF,0,Brasschaat A...,, ,A2
20030219-0,19-FEB-2003,Ilyushin Il-76MD,15-2280,Iranian Revolutionary Guard,275,near Kerman,, ,A1
20030219-1,19-FEB-2003,Dornier 228-201,AP-BGF,STAR Aviation,0,Karachi-Quai...,,,A1
20030220-0,20-FEB-2003,Fokker F-27 Friendship 200,10254,Pakistan AF,17,near Kohat,, ,A1
20030227-0,27-FEB-2003,Concorde 101,F-BVFA,Air France,0,near Atlantic Ocean,, ,A2
20030227-1,27-FEB-2003,Fokker F-27 Friendship 500,ZK-NAN,Airwork NZ,0,Blenheim Woo...,,,O1
20030301-0,01-MAR-2003,Let L-410UVP,FLARF-01032,Borki Air Club,11,near Borki,, ,A1
20030302-0,02-MAR-2003,Cessna 208B Grand Caravan,N205BA,Bering Air,0,near Kotzebue Air...,, ,A2
20030305-0,05-MAR-2003,Cessna 208B Grand Caravan,N9793B,Wright Stuff,0,"near Creswell, OR",, ,A2
20030306-0,06-MAR-2003,Boeing 737-2T4,7T-VEZ,Air Algérie,102,Tamanrasset ...,,,A1
20030306-1,06-MAR-2003,ATR 42-300,I-ATRF,"Air Industria, op.for Minerva Airlines",0,Roma-Fiumici...,,,A1
20030308-0,08-MAR-2003,Fokker F-27 Friendship 500RF,N712FE,"FedEx, opb Mountain Air Cargo",0,Kinston Regi...,,,A1
20030310-0,10-MAR-2003,AMI DC-3-65TP,ZS-MFY,"Rossair, op.for Red Cross",0,Rumbek Airpo...,,,A2
20030312-0,12-MAR-2003,Boeing 747-412,9V-SMT,Singapore Airlines,0,Auckland Int...,,,A2
20030312-1,12-MAR-2003,Boeing 737-2T4,B-2516,Xiamen Airlines,0,Ningbo Airpo...,,,O1
20030312-2,12-MAR-2003,Grumman C-2A Greyhound,162153,US Navy,0,Cherry Point...,, ,A1
20030315-0,15-MAR-2003,Cessna 501 Citation I/SP,N70FJ,Dancing Wind Aviation,3,"near Carey, ID",,,A1
20030315-1,15-MAR-2003,Antonov An-2R,LY-KAG,"Kaunas Aviation, op.for Anuschka Club International",0,St. Moritz-S...,, ,A1
20030319-0,19-MAR-2003,Douglas DC-3C,CU-T1192,Aerotaxi,0,Key West Int...,, ,H2
20030319-1,19-MAR-2003,Beech 1900D,9G-AGF,Ashanti Gold Fields,0,Obuasi Airstrip,, ,A2
20030320-0,20-MAR-2003,Beech 200 Super King Air,XC-ADP,Mexican Government,0,Badiraguato ...,,,A1
20030321-0,21-MAR-2003,Airbus A321-131,B-22603,TransAsia Airways,0,Tainan Airpo...,,,A1
20030323-0,23-MAR-2003,Mitsubishi Mu-300 Diamond IA,PT-LNN,Chubb do Brasil Companhia de Seguros,0,Santos Air B...,,,A1
20030323-1,23-MAR-2003,Boeing 737-217 Adv,C-GKCP,Zip,0,Calgary Inte...,, ,A2
20030325-0,25-MAR-2003,Cessna 208B Grand Caravan,N5512B,One Leasing,3,near El Paujil,, ,A1
20030325-1,25-MAR-2003,Canadair CL-415,UD.13-29,Spanish AF,2,near Mallorca,, ,A1
20030326-1,26-MAR-2003,Boeing 737-4B6,CN-RNF,RAM,0,Oujda-Les An...,,,A1
20030327-0,27-MAR-2003,DHC-6 Twin Otter 300,PK-WAY,Air Regional,4,near Mulia,, ,A1
20030328-0,28-MAR-2003,Airbus A310-304,TC-JCZ,THY,0,Istanbul,, ,H2
20030331-0,31-MAR-2003,Antonov An-24RV,CU-T1294,Cubana,0,Key West Int...,,,H2
20030399-0,??-MAR-2003,Hawker Siddeley HS-780 Andover C.1,3C-KKB,748 Air Services,0,Rumbek,,,A1
20030404-0,04-APR-2003,Beech B200 King Air,N257CG,FS Corsair Inc,6,near Fitchburg Mu...,,,A1
20030404-2,04-APR-2003,Ilyushin Il-76, ,Iraqi AF,0,Al Taqqadum,, ,O1
20030405-1,05-APR-2003,Saab 340B,N243AE,American Eagle Airlines,0,Dallas/Fort ...,, ,O1
20030405-2,05-APR-2003,Saab 340B,N268AE,American Eagle Airlines,0,Dallas/Fort ...,, ,O1
20030407-0,07-APR-2003,Cessna 501 Citation I/SP,EC-HFA,Ibiza Flights,0,Zürich-Klote...,,,A1
20030408-0,08-APR-2003,Dassault Falcon 20C,N179GA,Grand Aire Express,0,near Saint Louis-...,,,A1
20030408-1,08-APR-2003,Dassault Falcon 20C,N183GA,Grand Aire Express,3,"near Toledo, OH",,,A1
20030409-0,09-APR-2003,Shorts 330-200,N805SW,SkyWay Enterprises,0,Dubois-Jeffe...,,,A1
20030409-1,09-APR-2003,Yakovlev Yak-40,UK-87367,Uzbekistan Airways,0,Urgench Airp...,,,A1
20030410-0,10-APR-2003,Antonov An-2R,SP-WPZ,ZUA,0,Qum,, ,A1
20030411-0,11-APR-2003,Antonov An-12BP,RA-12981,Zapolyarye Airlines,0,Sredny Island,, ,A1
20030414-0,14-APR-2003,Grumman HU-16C Albatross,N7026Y,private,3,near Chetumal Air...,, ,A1
20030415-0,15-APR-2003,Swearingen SA226-TC Metro II,N229AM,Superior Aviation,0,Denver Inter...,,,A1
20030415-1,15-APR-2003,Vickers 836 Viscount,9Q-CGL,Trans Intair,0,,,,A1
20030417-0,17-APR-2003,Fokker F-27 Friendship 600,N730FE,"FedEx, opb Empire Airlines",0,Seattle/Taco...,,,A1
20030418-0,18-APR-2003,DC-9-32,9Q-CWF,Wetrafa,0,Brazzaville-...,,,A2
20030418-1,18-APR-2003,Swearingen SA227-AC Metro III,C-GERW,Northern Dene Airways,0,Saskatoon Ai...,, ,A2
20030422-0,22-APR-2003,Fokker F-28 Fellowship 4000,S2-ACV,Biman Bangladesh,0,Dhaka-Zia In...,, ,O2
20030423-0,23-APR-2003,Beech 99A,C-FDYF,Transwest Air,0,near Prince Alber...,,,A1
20030425-0,25-APR-2003,Antonov An-26, ,Unknown,0,Beni Airport...,,,A2
20030425-1,25-APR-2003,Antonov An-24,700,Sudan AF,0,El Fasher Ai...,, ,O1
20030426-0,26-APR-2003,Sino Swearingen SJ30-2,N138BF,Sino Swearingen,1,"near Loma Alta, TX",, ,A1
20030428-0,28-APR-2003,DHC-6 Twin Otter 300,PK-WAR,Air Regional,0,near Mulia,, ,A1
20030428-1,28-APR-2003,Yakovlev Yak-40,UR-87918,Dniproavia,0,Dnepropetrov...,,,A1
20030429-0,29-APR-2003,Beech 1900C-1,TR-LFQ,Avirex,0,Kinshasa-N'D...,, ,A1
20030430-0,30-APR-2003,Basler Turbo 67 (DC-3T),PNC-0212,Colombian Police,0,Ocaña-Aguas ...,,,A1
20030508-0,08-MAY-2003,Ilyushin Il-76MD,UR-UCB,"Ukrainian Cargo Airways, op.for D.R. Congo AF",7,near Kinshasa,, ,A1
20030508-1,08-MAY-2003,Rockwell Sabreliner 40A,N250EC,"Professional Maintenance Services, op.for D.R. Congo Government",0,near Bunia Airpor...,, ,C1
20030510-0,10-MAY-2003,Antonov An-2R,UK-68038,Uzbekistan Airways,,,, ,A2
20030511-0,11-MAY-2003,Antonov An-12B,ER-AXD,Pecotox Air,0,Asmara Inter...,,,A1
20030514-0,14-MAY-2003,Fokker 100,F-GNLH,Blue Line,0,Paris-Charle...,,,A2
20030515-0,15-MAY-2003,Cessna 208B Super Cargomaster,N208AD,DK&L Comp.,0,near Lorain Count...,,,A1
20030515-1,15-MAY-2003,Beech 200C Super King Air,VH-AMR,Royal Flying Doctor Service,0,near Coffs Harbou...,, ,A1
20030515-2,15-MAY-2003,Rockwell Sabreliner 60,N856MA,private,,unknown,, ,U1
20030516-0,16-MAY-2003,Antonov An-12BK,T-307,Angolan AF,4,near Menongue,, ,A1
20030516-1,16-MAY-2003,Antonov An-3T,RA-05881,Polyarnye Avialinii,0,near Sangara,, ,A1
20030518-0,18-MAY-2003,Beech 300 Super King Air 350,N2SM,Oso-Rio,0,Houston-West...,, ,A1
20030521-0,21-MAY-2003,Learjet U-36A,9202,Japanese Navy,4,Iwakuni MCAS,,,A1

20030522-0,22-MAY-2003,DHC-3 Otter,C-GGON,Whiteshell Air Service,0,near Lac du Bonne...,, ,A2
20030524-0,24-MAY-2003,Boeing 737-3H4,N343SW,Southwest Airlines,0,Amarillo Int...,, ,A2
20030526-0,26-MAY-2003,Yakovlev Yak-42D,UR-42352,UM Air,75,near Maçka,,,A1
20030527-0,27-MAY-2003,Antonov An-12BP,9L-LCR,Showa Air,0,Goma Airport...,,,A1
20030528-0,28-MAY-2003,Cessna 560 Citation Encore+,D-CAUW,AW Aerowest,0,Leeds/Bradfo...,,,A2
20030529-0,29-MAY-2003,Boeing 717-231,VH-VQI,"QantasLink/Impulse, opb QantasLink/Impulse",0,Melbourne-Tu...,, ,H2
20030601-0,01-JUN-2003,Learjet 45,I-ERJC,Eurojet Italia,2,near Milano-Linat...,,,A1
20030602-0,02-JUN-2003,Rockwell T-39D Sabreliner,XA-AAG,Jett Paqueteria,0,Laredo Inter...,, ,O1
20030602-1,02-JUN-2003,Rockwell T-39D Sabreliner,XA-AAI,Jett Paqueteria,0,Laredo Inter...,, ,O1
20030602-2,02-JUN-2003,Rockwell T-39D Sabreliner,XA-AAF,Jett Paqueteria,0,Laredo Inter...,, ,O1
20030602-3,02-JUN-2003,Rockwell T-39D Sabreliner,XA-AAJ,Jett Paqueteria,0,Laredo Inter...,, ,O1
20030602-4,02-JUN-2003,Rockwell T-39D Sabreliner,XA-AAH,Jett Paqueteria,0,Laredo Inter...,, ,O1
20030602-5,02-JUN-2003,Rockwell CT-39E Sabreliner,XA-AAW,Jett Paqueteria,0,Laredo Inter...,, ,O1
20030605-0,05-JUN-2003,DHC-6 Twin Otter 300,C-GOGC,Ontario Ministry of Natural Res.,0,Lake Wickste...,, ,A1
20030608-0,08-JUN-2003,BN-2A-8 Islander,PT-KQS,private,0,near Porto Belo F...,, ,A2
20030614-0,14-JUN-2003,Antonov An-24RV,CU-T1295,Cubana,0,Nueva Gerona...,,,A1
20030614-1,14-JUN-2003,Antonov An-32B,CR866,Sri Lanka AF,0,Jaffna-Palal...,, ,A1
20030616-0,16-JUN-2003,Fokker 50,ST-ARA,Mid Airlines,0,Adar Yel,,,A1
20030616-1,16-JUN-2003,Airbus A320-231,C-GTDK,"Skyservice Airlines, op.for MyTravel",0,Bristol Airp...,, ,A2
20030617-0,17-JUN-2003,MD-88,TC-ONP,Onur Air,0,Groningen-Ee...,,,A2
20030622-0,22-JUN-2003,Canadair CRJ-100ER,F-GRJS,Brit Air,1,near Brest-Guipav...,,,A1
20030624-0,24-JUN-2003,Tupolev Tu-134SKh,RA-65929,Voronezh Avia,0,Nyagan Airport,, ,A1
20030625-0,25-JUN-2003,Lockheed C-130 Hercules, ,Iran AF,7,near Rudshour,, ,A1
20030626-0,26-JUN-2003,Cessna 208B Grand Caravan,V5-CAS,Comav Aviation,4,near Rooisand Des...,, ,A1
20030630-0,30-JUN-2003,Lockheed C-130H Hercules,7T-WHQ,Algerian AF,5+ 10,Blida,, ,A1
20030699-0,??-JUN-2003,Let L-410UVP,FLARF01192,Aeroklub KVS,0,near Myachkovo Ai...,,,A1
20030703-0,03-JUL-2003,Cessna 208B Grand Caravan,HP-1403APP,SANSA,0,near Bahía Ballena,, ,A2
20030706-0,06-JUL-2003,DC-10-30CF,OB-1749,Cielos del Peru,0,Curitiba-Afo...,,,A2
20030708-0,08-JUL-2003,Boeing 737-2J8C,ST-AFK,Sudan Airways,116,near Port Sudan,,,A1
20030710-0,10-JUL-2003,Lockheed P-3C Orion,163005,US Navy,0,Jacksonville...,, ,O1
20030711-0,11-JUL-2003,Boeing 707-3J6C,5X-AMW,Air Memphis,0,Dhaka-Zia In...,,,A1
20030713-0,13-JUL-2003,Let L-410UVP-E,YV-1060CP,Ruiban and Duran,4,near San Cristobal,, ,A1
20030716-0,16-JUL-2003,Lockheed L-188A Electra,C-GFQA,Air Spray,2,"near Cranbrook, BC",,,A1
20030719-0,19-JUL-2003,Swearingen SA226-TC Metro II,ZS-OYI,Ryan Blake Air Charter,14,Mount Kenya,,,A1
20030722-0,22-JUL-2003,Cessna 525 CitationJet,N996JR,Tango Corp.,0,"Oak Harbor, WA",, ,A2
20030723-0,23-JUL-2003,Cessna 551 Citation II/SP,PT-LME,Água Limpa Transportes,1,"Sorocaba, SP",, ,A1
20030801-0,01-AUG-2003,Tupolev Tu-154M,RA-85847,Avialinii 400,0,Faro Airport...,, ,A2
20030802-0,02-AUG-2003,Douglas C-54G (DC-4),C-GBSK,Buffalo Airways,0,Ulu mine str...,,,A1
20030802-1,02-AUG-2003,Antonov An-2TP,D-FONE,Sachsische Luftfahrt Service,0,Welzow,,,A2
20030804-0,04-AUG-2003,Learjet 35A,N135PT,Air East Management,2,"Groton, CT",, ,A1
20030808-0,08-AUG-2003,Cessna 208B Grand Caravan,YV-1069C,SASCA,1,Tocomita,, ,A1
20030811-0,11-AUG-2003,Fokker F-28 Fellowship 3000R,PK-GFT,Garuda,0,Jakarta-Soek...,,,A1
20030812-0,12-AUG-2003,Beech C-12F Huron,84-0169,US Army,2,near Pyongtaek-De...,, ,A1
20030813-0,13-AUG-2003,Let L-410UVP,9XR-JT,Lexus Aviation,0,Rumbek,,,A1
20030814-0,14-AUG-2003,Learjet 35A,N403FW,Air America Flight Services,0,Cancún Airpo...,, ,A1
20030815-0,15-AUG-2003,Boeing 737-33V,HB-III,easyJet Switzerland,0,near Oyonnax,,,A2
20030816-0,16-AUG-2003,Beech T-1A Jayhawk,91-0093,USAF,0,Biloxi-Keesl...,, ,A1
20030816-1,16-AUG-2003,Canadair CL-415,I-DPCN,"Civil Protection Department, op.for SOREM",0,near Esine,,,A1
20030817-0,17-AUG-2003,Cessna F406 Caravan II,N6591L,Hageland Aviation Services,2,"near Barrow, AK",, ,A1
20030818-0,18-AUG-2003,Raytheon Beechjet 400A,N51NP,Executive Beechcraft,0,St. Augustin...,, ,A2
20030819-0,19-AUG-2003,Boeing 737, ,Air Algérie,0,Oran-es Seni...,, ,H2
20030819-1,19-AUG-2003,Cessna 208B Grand Caravan,5Y-TWI,Transworld Safaris,0,Old Fangak,, ,A1
20030821-0,21-AUG-2003,Fokker F-27 Friendship 400M,G525 F,Ghana AF,0,Accra-Kotoka...,, ,A2
20030822-0,22-AUG-2003,Cessna F406 Caravan II,ZK-VAF,Vincent Aviation,0,Darwin Airpo...,, ,A2
20030824-0,24-AUG-2003,Let L-410UVP-E3,HH-PRV,Tropical Airways,21,near Cap Haitien ...,, ,A1
20030826-0,26-AUG-2003,Beech 1900D,N240CJ,"US Airways Express, opb Colgan Air",2,"near Hyannis, MA",,,A1
20030827-0,27-AUG-2003,Antonov An-2R,LY-KAE,private,0,near Målöga,, ,A2
20030830-0,30-AUG-2003,Cessna 208B Grand Caravan,N786DM,Isla Nena Air Services,0,near Culebra Airp...,, ,A2
20030904-0,04-SEP-2003,BN-2A-27 Islander,N630VC,Venagas Construction,0,near Cayey,, ,A1
20030911-0,11-SEP-2003,Cessna 208B Grand Caravan,C-FKAB,Wasaya Airways,8,near Summer Beave...,,,A1
20030912-0,12-SEP-2003,Beech B200 Super King Air,N600BV,Willis Lease Finance Corp.,10,"near Caniçal, Mad...",, ,A1
20030914-0,14-SEP-2003,Let L-410UVP,9XR-AL,ACS,0,Lankein,, ,A1
20030917-0,17-SEP-2003,BAe 3212 Jetstream 32EP,SE-LNT,European Executive Express,0,Luleå-Kallax...,,,A1
20030917-1,17-SEP-2003,BAe 3102 Jetstream 31,G-EEST,Eastern Airways,0,Wick Airport...,,,A1
20030919-0,19-SEP-2003,Lockheed C-130A Hercules,3603,Mexican AF,6,near La Quemada,,,A1
20030919-1,19-SEP-2003,Learjet 25B,N666TW,Ameristar Jet Charter,1,Del Rio Inte...,, ,A1
20030920-0,20-SEP-2003,BAe-125-700A,N45BP,Star Flite Aviation,3,"near Beaumont, TX",, ,A1
20030924-0,24-SEP-2003,Antonov An-12,ST-SAR,Sarit Airlines,0,Wau Airport ...,,,A1
20030925-0,25-SEP-2003,Grumman HU-16C Albatross,N70258,Corsair Aviation Holdings,2,near Fort Pierce-...,, ,A1
20031001-0,01-OCT-2003,Boeing 747-271C (SCD),4X-ICM,Cargo Air Lines,0,Liège-Bierse...,,,A2
20031002-0,02-OCT-2003,Douglas DC-3, ,Unknown,0,Bocas del Ro...,, ,O1
20031003-0,03-OCT-2003,Convair CV-580F,ZK-KFU,Air Freight NZ,2,near Paraparaumu,,,A1
20031003-1,03-OCT-2003,Lockheed SP-2H Neptune,N299MA,Minden Air Corporation,2,East Highlan...,,,A1
20031009-0,09-OCT-2003,Antonov An-2TP,RA-01440,Mirny Air Enterprise,0,near Amakinskaya,, ,A1
20031011-0,11-OCT-2003,Antonov An-2TP,YV-1128C,Transmandu,1,near Uriman,,,A1
20031013-0,13-OCT-2003,Antonov An-2T,YV-901C,Aéreo Transporte La Montaña,0,near La Paragua,, ,A1
20031014-0,14-OCT-2003,Cessna 208 Caravan I,5Y-BOY,Air Kenya,0,Nairobi-Wils...,,,A2
20031020-0,20-OCT-2003,Fokker F-27 Friendship 600,PT-TVA,TAVAJ,0,Tarauacá Air...,,,A1
20031022-0,22-OCT-2003,Boeing 747-281F (SCD),JA8191,Nippon Cargo Airlines,0,Tokyo-Narita...,,,A2
20031026-0,26-OCT-2003,Fairchild FH-227B,LV-MGV,CATA Linea Aérea,5,near Buenos Aires...,,,A1
20031027-0,27-OCT-2003,BAe-125-800A,XA-ISH,Aeroextra,3,near Las Potranca...,,,A1
20031029-0,29-OCT-2003,Cessna 208B Super Cargomaster,N791FE,"FedEx, op.for Corporate Air",1,near Cody-Yellows...,, ,A1
20031030-0,30-OCT-2003,Antonov An-28,ER-AJG,Unknown,,near Kamina Airpo...,,,A1
20031103-0,03-NOV-2003,Antonov An-12BP,EK11997,Sarit Airlines,0,Geneina Airp...,, ,A1
20031106-0,06-NOV-2003,Airbus A320-232,PT-MZL,TAM Brasil,0,Florianópoli...,, ,A2
20031107-0,07-NOV-2003,DHC-6 Twin Otter 310,VP-FBB,British Antarctic Survey,0,Rothera Rese...,, ,A2
20031108-0,08-NOV-2003,Shorts SC.7 Skyvan 3M-100,8R-GMC,Trans Guyana Airways,2,near Ogle Airport...,, ,A1
20031112-0,12-NOV-2003,Learjet 24D,N77JL,Multi-Aero,0,"Belleville, IL",,,A1
20031114-0,14-NOV-2003,Boeing 747-422,N178UA,United Airlines,0,San Francisc...,, ,A2
20031117-0,17-NOV-2003,Antonov An-12BP,ST-SAA,Sarit Airlines,13,near Wau,, ,A1
20031118-0,18-NOV-2003,Cessna 550 Citation II,N418MA,Haalo,0,Mineral Well...,, ,A1
20031118-1,18-NOV-2003,Swearingen SA226-TC Metro II,N332BA,Key Lime Air,0,Grand Juncti...,, ,A1
20031121-0,21-NOV-2003,Douglas C-47A (DC-3),ZS-BXF,SAA Historic Flight,0,near Lanseria Air...,,,A2
20031121-1,21-NOV-2003,Hawker Siddeley HS-125-403B,D2-EXR,Intertransit,0,Luanda-4 de ...,, ,A2
20031122-0,22-NOV-2003,Airbus A300B4-203F,OO-DLL,European Air Transport,0,near Baghdad Inte...,,,C1
20031129-0,29-NOV-2003,Antonov An-26,9T-TAD,Congolese AF,20+ 13,Boende Airpo...,, ,A1
20031129-1,29-NOV-2003,Swearingen SA227-AT Merlin IVC,N439AF,Ameriflight,1,near Spokane-Felt...,, ,A1
20031129-3,29-NOV-2003,Boeing 747-258C,ZS-OOS,Hydro Air Cargo,0,Lagos-Murtal...,,,A1
20031201-0,01-DEC-2003,Let L-410UVP-E,5N-BFL,Millenium Air,0,Kano-Aminu K...,,,O1
20031203-0,03-DEC-2003,Swearingen SA226-TC Metro II,N60U,Key Lime Air,0,Denver Inter...,, ,A1

20031204-0,04-DEC-2003,Dornier 228-202,LN-HTA,Kato Air,0,Bodø Airport...,,,A1
20031204-1,04-DEC-2003,Beech B200 Super King Air,N85BK,Southeastern Air Charter,2,near Atlanta-Newn...,, ,A1
20031207-0,07-DEC-2003,Fokker F-28 Fellowship 4000,5Y-NNN,East African Safari,0,Lokichoggio ...,,,A1
20031209-0,09-DEC-2003,C-17A Globemaster III,98-0057,USAF,0,near Baghdad Inte...,, ,C2
20031212-0,12-DEC-2003,BN-2A-21 Islander,RP-C868,Chemtrad Aviation,3,Barangay Din...,, ,A1
20031213-0,13-DEC-2003,Boeing 737-2A9,OB-1544-P,Aero Continente,0,Lima-J Chave...,,,A1
20031216-0,16-DEC-2003,DHC-3T/M601 Turbine Otter,C-GOFF,Huron Air,2,"near Jellicoe, ON",,,A1
20031216-1,16-DEC-2003,Beech 99,N399CZ,Freight Runners Express,0,Wausau-Centr...,, ,A1
20031217-0,17-DEC-2003,CASA CN-235M-200,F-RAIA,French AF,7,near Suc-et-Sentenac,,,A1
20031218-0,18-DEC-2003,MD-10F,N364FE,FedEx,0,Memphis Inte...,,,A1
20031218-1,18-DEC-2003,DC-9-15F,HK-4246X,L.A. Suramericanas,3,near Mitú,,,A1
20031219-0,19-DEC-2003,Boeing 737-3Y0,TR-LFZ,Air Gabon,0,Libreville A...,,,A1
20031220-1,20-DEC-2003,Boeing 737-76N,PR-GOO,Gol,0,Navegantes A...,,,A2
20031220-2,20-DEC-2003,Cessna 208B Super Cargomaster,N9469B,Martinaire,0,Cincinnati/N...,, ,A2
20031222-0,22-DEC-2003,Boeing 737-73V,G-EZJM,easyJet,0,Amsterdam-Sc...,,,A2
20031223-0,23-DEC-2003,Learjet 24B,N600XJ,Pavair,2,"near Helendale, CA",,,A1
20031225-0,25-DEC-2003,Boeing 727-223,3X-GDO,UTA,141,Cotonou Airp...,,,A1
20031227-0,27-DEC-2003,Cessna 208B Grand Caravan,7Q-YKU,Air Malawi,0+ 1,Mzuzu Airpor...,, ,A2
20031230-0,30-DEC-2003,Douglas DC-3C,N781T,Tol Air Services,0,Saint Thomas...,,,A2
