identifiant,date,type,registration,operator,fat.,location, ,pic,cat

19700420-0,20-APR-1970,Antonov An-2R,CCCP-06333,Aeroflot / North Kavkaz,2,Kuban,, ,A1
19700421-0,21-APR-1970,Hawker Siddeley HS-748,PI-C1022,Philippine Air Lines,36,near Cabanatuan,, ,C1
19700422-0,22-APR-1970,Boeing 707-131,N743TW,TWA,0,Indianapolis...,, ,O1
19700422-1,22-APR-1970,Douglas EC-47P,43-48402,USAF,2,near Hue,, ,C1
19700422-2,22-APR-1970,Lockheed AC-130A Spectre,54-1625,USAF,10,near Bang Tang Lou,, ,C1
19700423-0,23-APR-1970,DC-9, ,North Central Airlines,0,"Pellston, MI",, ,H2
19700424-0,24-APR-1970,Antonov An-2R,CCCP-41398,Aeroflot / North Kavkaz,0,within Rostov region,, ,A1
19700425-0,25-APR-1970,Douglas C-47A (DC-3),B-308,Winner Airways,,Tuy Hoa Airp...,, ,A1
19700425-1,25-APR-1970,Boeing 737-2A1,PP-SMC,VASP,0,"Guyana, Cuba",, ,H2
19700425-2,25-APR-1970,Fairchild C-119G Flying Boxcar,MM52-6018,Italian AF,17,near Rivolto Air ...,, ,A1
19700427-0,27-APR-1970,Kaiser-Frazer AC-119G Shadow,53-8155,USAF,6,near Saigon-Tan S...,, ,A1
19700428-0,28-APR-1970,DHC-6 Twin Otter 100,VH-TGR,TAA,8,near Kainantu,,,A1
19700428-1,28-APR-1970,Antonov An-2SX,CCCP-15935,Aeroflot / Uzbekistan,2,Mikhailov di...,, ,A1
19700501-0,01-MAY-1970,Boeing 727, ,BWIA,0,Havana Airpo...,, ,H2
19700502-0,02-MAY-1970,DC-9-33CF,N935F,"ONA, op.for ALM",23,"near St. Croix, V...",, ,A1
19700503-1,03-MAY-1970,Bristol 170 Freighter 31M,CF-WAG,Wardair,,Great Slave ...,, ,U1
19700504-0,04-MAY-1970,Convair T-29D (CV-240),52-5822,USAF,13,near Hamilton AFB...,, ,A1
19700505-0,05-MAY-1970,Lockheed L-1049H Super Constellatio,N174W,North Slope Supply Comp,0,Barrow-Point...,, ,A1
19700506-0,06-MAY-1970,Vickers 785D Viscount,6O-AAJ,Somali Airlines,5,Mogadishu In...,, ,A1
19700506-1,06-MAY-1970,Grumman G-73 Mallard,P-20..,Indonesian Police,,,, ,A1
19700507-1,07-MAY-1970,Curtiss C-46F,HI-170,Domaire,0,Santo Domingo,, ,A1
19700509-0,09-MAY-1970,Fokker F-27 Friendship 100,PI-C532,Philippine Air Lines,1,Iligan-Maria...,, ,A1
19700509-1,09-MAY-1970,Learjet 23,N434EJ,Executive Jet Aviation,6,near Pellston-Emm...,, ,A1
19700509-2,09-MAY-1970,Douglas DC-3C,OO-AUX,"DAT, op.for Sabena",0,Amsterdam-Sc...,,,A1
19700510-0,10-MAY-1970,Douglas C-47A (DC-3),TC-17,Argentine AF,0,"Oncativo, CO",, ,A1
19700510-1,10-MAY-1970,Antonov An-2R,CCCP-32463,Aeroflot / East Siberia,2,"near Guran, Tulun...",, ,A1
19700512-0,12-MAY-1970,Aero Spacelines 377MGT Mini Guppy T,N111AS,Aero Spacelines,4,"Edwards AFB,...",,,A1
19700512-1,12-MAY-1970,Fokker F-27 Friendship 500,PJ-FRM,ALM,0,Havana,, ,H2
19700514-0,14-MAY-1970,Boeing 737-200, ,VASP,0,"Guyana, Curacao",, ,H2
19700514-1,14-MAY-1970,DC-9-31, ,Ansett,0,Sydney-Kings...,, ,H2
19700515-1,15-MAY-1970,Antonov An-10A,CCCP-11149,"Aeroflot, Ulyanovsk Flight School",11,near Chisinau Air...,, ,A1
19700519-0,19-MAY-1970,Douglas EC-47N,43-15133,USAF,0,Pleiku Air B...,, ,O1
19700521-0,21-MAY-1970,Douglas C-47 (DC-3),N75430,Private,0,"near Prudhoe Bay, AK",,,A1
19700521-1,21-MAY-1970,Douglas C-47 (DC-3),HK-121,Avianca,0,Barrancaberm...,, ,H2
19700523-0,23-MAY-1970,Curtiss C-46A,YV-C-AMK,LAV,7,near Isla San Lucas,, ,A1
19700524-0,24-MAY-1970,Boeing 727, ,Mexicana,0,Havana-José ...,, ,H2
19700525-0,25-MAY-1970,Lockheed C-5A Galaxy,67-0172,USAF,0,Palmdale Air...,, ,O1
19700525-1,25-MAY-1970,Boeing 727, ,American Airlines,0,Havana-José ...,, ,H2
19700525-2,25-MAY-1970,Convair CV-880, ,Delta Air Lines,0,Havana-José ...,, ,H2
19700526-1,26-MAY-1970,DH-114 Heron 1B,HR-ASN,Aero Servicios,6,near Tegucigalpa-...,, ,A1
19700530-0,30-MAY-1970,Martin 4-0-4,N40412,Le High Acres,1+ 5,near Atlanta-DeKa...,,,A1
19700530-1,30-MAY-1970,Hawker Siddeley HS-748,HK-1408,Avianca,0,Havana-José ...,, ,H2
19700531-0,31-MAY-1970,DHC-3 Otter,G302,Ghana AF,7,near Daboase,, ,A1
19700601-0,01-JUN-1970,Tupolev Tu-104A,OK-NDD,CSA,13,near Tripoli Inte...,,,A1
19700602-0,02-JUN-1970,Fokker F-27 Friendship 100,PI-C507,Philippine Air Lines,1,near Roxas,, ,C2
19700603-1,03-JUN-1970,Vickers 745D Viscount,HC-ART,SAETA,0,Cuenca Airpo...,, ,A1
19700604-0,04-JUN-1970,Boeing 727, ,TWA,0,Washington-D...,, ,H2
19700604-1,04-JUN-1970,A.W. AW-660 Argosy C.1,XP441,RAF,0,Benson-RAF S...,, ,A1
19700604-2,04-JUN-1970,Douglas C-47A (DC-3),PK-ZDF,Zamrud Airlines,0,Manado-Samra...,, ,A1
19700605-0,05-JUN-1970,Antonov An-24V,SP-LTL,LOT,0,Kobenhavn-Ka...,, ,H2
19700605-1,05-JUN-1970,Ilyushin Il-18V,CCCP-75533,Aeroflot / Uzbekistan,0,Samarkand Ai...,, ,A1
19700606-1,06-JUN-1970,Fairchild AC-119K Stinger,52-5935,USAF,1,"near Da Nang, Vie...",, ,A1
19700607-0,07-JUN-1970,Fokker F-27 Friendship 200,VT-DVG,Indian Airlines,0,Agartala-Sin...,, ,A1
19700608-0,08-JUN-1970,Avia 14, ,CSA,0,Nürnberg,, ,H2
19700609-0,09-JUN-1970,C-7B Caribou (DHC-4),63-9724,USAF,0,Tra Bong,, ,O1
19700609-1,09-JUN-1970,unknown, ,LOT,0,Warszawa-Oke...,, ,H2
19700610-0,10-JUN-1970,Lockheed L-1049G Super Constellatio,N8021,International Aerodyne,0,"near La Rioja, LR",, ,A1
19700610-1,10-JUN-1970,Fokker F-27 Friendship 400M,TC-75,LADE,5,near Huaricanga,, ,A1
19700613-0,13-JUN-1970,Douglas C-47A (DC-3),N1549V,Conner Air Lines,0,near San Juan-Isl...,, ,A1
19700619-0,19-JUN-1970,Douglas C-47A (DC-3),CF-AAC,Austin Airways,0,Val-d'Or Air...,, ,A1
19700621-4,21-JUN-1970,Boeing 727, ,Iran Air,0,Baghdad,, ,H2
19700622-0,22-JUN-1970,Boeing 707, ,Pan Am,0,Cairo,, ,H2
19700626-0,26-JUN-1970,Boeing 737-159,HK-1403,Avianca,0,Havana-José ...,, ,H2
19700626-1,26-JUN-1970,Douglas DC-8-43,I-DIWL,Alitalia,0,near Damascus,, ,O2
19700627-0,27-JUN-1970,U-1A Otter (DHC-3),55-3250,US Army,4,Dak Pek Spec...,, ,A1
19700627-1,27-JUN-1970,Antonov An-2,CCCP-93925,MOM NIITP,10,Bolshaya Ind...,, ,A1
19700630-0,30-JUN-1970,Douglas C-124C Globemaster II,53-0047,Air National Guard,,San Antonio-...,, ,O1
19700701-0,01-JUL-1970,DC-8, ,National Airlines,0,Havana,, ,H2
19700701-1,01-JUL-1970,Fokker F-27 Friendship 200,PI-C504,Philippine Air Lines,0,Dumaguete Ai...,, ,A1
19700701-2,01-JUL-1970,SE-210 Caravelle VI-N,PP-PDX,Cruzeiro do Sul,0,Rio de Janei...,, ,H2
19700702-0,02-JUL-1970,Shorts SC.7 Skyvan 3-200,N21CK,Jetco,2,Potomac Rive...,, ,A1
19700702-1,02-JUL-1970,DHC-4A Caribou,302,Abu Dhabi AF,,,, ,A1
19700703-0,03-JUL-1970,DH-106 Comet 4,G-APDN,Dan-Air Services,112,Sierra del M...,,,A1
19700703-1,03-JUL-1970,Douglas C-47 (DC-3),N154R,Reeder Flying Service,7,McGrath Airp...,, ,A1
19700704-0,04-JUL-1970,Canadair CL-215,F-ZBAX,Securité Civile,4,Bastia,, ,A1
19700704-1,04-JUL-1970,NAMC YS-11A-202,PP-CTJ,Cruzeiro do Sul,0,"Cayenne, Geo...",, ,H2
19700705-0,05-JUL-1970,DC-8-63,CF-TIW,Air Canada,109,near Toronto Inte...,,,A1
19700706-0,06-JUL-1970,Douglas VC-47A (DC-3),T.3-43,Spanish AF,,,, ,U1
19700712-0,12-JUL-1970,Bristol 175 Britannia 312F,LV-JNL,AER,0,Buenos Aires...,,,A1
19700712-1,12-JUL-1970,Boeing 707, ,Saudi Arabian,0,Damascus,, ,H2
19700714-0,14-JUL-1970,Douglas DC-3,TAM-17,TAM,,La Paz,, ,A1
19700715-0,15-JUL-1970,Curtiss C-46A,9T-PLK,SODEMAC,0,Mbuji-Mayi A...,, ,A1
19700715-1,15-JUL-1970,Curtiss C-46A,CP-914,SAB,,Espiritu,, ,U1
19700717-0,17-JUL-1970,Douglas C-47A (DC-3),43-15583,USAF,,unknown,, ,A1
19700718-0,18-JUL-1970,Antonov An-22,CCCP-09303,Soviet AF,23,North Atlantic,, ,A1
19700718-1,18-JUL-1970,Consolidated PBY-6A Catalina,N6459C,Unknown,2,Columbia Air...,, ,A1
19700719-0,19-JUL-1970,BAC One-Eleven 414EG,D-ANDY,Bavaria Fluggesellschaft,0,Gerona Airpo...,,,A2
19700719-1,19-JUL-1970,Antonov An-2R,CCCP-32106,Aeroflot / Privolzhsk,1,Bogatyye Sab...,, ,A1
19700719-2,19-JUL-1970,Antonov An-24V,SU-ANZ,UAA,3,Cairo,, ,A1
19700719-3,19-JUL-1970,Boeing 737-222,N9005U,United Airlines,0,Philadelphia...,, ,A1
19700720-0,20-JUL-1970,Boeing 737-130,D-ABEL,Condor Flugdienst,0,Tarragona,, ,A2
19700720-1,20-JUL-1970,Hawker Siddeley HS-125-3B,G-AXPS,Imperial Tobacco Group,1,Edinburgh-Tu...,, ,A1
19700720-2,20-JUL-1970,BN-2A Islander,9Q-CTS,Tramaco Services,,Busira River,, ,A1
19700722-0,22-JUL-1970,Douglas DC-4, ,Air Vietnam,0,Saigon-Tan S...,, ,H2
19700722-1,22-JUL-1970,Boeing 727, ,Olympic Airways,0,Cairo,, ,H2
19700723-0,23-JUL-1970,Douglas C-47B (DC-3),XW-TDC,Xieng Khouang Air Transport,,Long Tieng A...,, ,A1
19700723-1,23-JUL-1970,Douglas C-47B (DC-3),XW-TDO,Lao Airlines,,,, ,A1
19700725-0,25-JUL-1970,DC-9-15,XA-SOE,Aeronaves de México,0,Havana-José ...,, ,H2
19700725-1,25-JUL-1970,Antonov An-2TP,CCCP-41295,Aeroflot / Komi,0,near Ukhta,, ,A1
19700726-0,26-JUL-1970,Douglas DC-7CF,VR-BCT,ARCO Bermuda,0,Abidjan,,,A1

19701105-0,05-NOV-1970,Douglas DC-6B,SX-DAI,Olympic Airways,0,Kerkyra Airp...,, ,A1
19701106-1,06-NOV-1970,Douglas C-47B (DC-3),ZK-AXS,New Zealand MoT,0,Paraparaumu ...,, ,A1
19701109-0,09-NOV-1970,DHC-6 Twin Otter 200,N956SM,Mississippi Valley Airlines,0,La Crosse Mu...,, ,A1
19701109-2,09-NOV-1970,Douglas DC-3, ,Unknown,0,"Doha, Baghdad",, ,H2
19701110-0,10-NOV-1970,Douglas DC-3, ,Saudi Arabian,0,Damascus,, ,H2
19701113-0,13-NOV-1970,DC-9, ,Eastern Air Lines,0,Jacksonville...,, ,H2
19701113-1,13-NOV-1970,Ilyushin Il-14M,CCCP-52054,Aeroflot / Lithuania,0,Palanga Airp...,, ,H2
19701114-0,14-NOV-1970,DC-9-31,N97S,Southern Airways,75,"near Huntington, WV",,,A1
19701114-1,14-NOV-1970,Ilyushin Il-14,616,CAAC,,Guiyang,, ,A1
19701114-2,14-NOV-1970,Rockwell 1121 Jet Commander,N100RC,Royal Crown Cola,2,"Lexington, KY",, ,A1
19701114-3,14-NOV-1970,Steward-Davis Super Catalina (PBY-5,N5584V,Antilles Air Boats,0,Christianste...,, ,A1
19701116-0,16-NOV-1970,Douglas DC-6B,N6113C,TALA,0,La Antigua,,,A1
19701119-0,19-NOV-1970,IAI Arava 101,4X-IAI,IAI,3,near Tulkarm,, ,A1
19701119-1,19-NOV-1970,Douglas C-47A (DC-3),PI-C15,Philippine Air Lines,0,Manila Inter...,, ,O1
19701119-2,19-NOV-1970,Douglas C-47A (DC-3),PI-C9,Philippine Air Lines,0,Manila Inter...,, ,O1
19701119-3,19-NOV-1970,Douglas DC-3D,PI-C944,Filipinas Orient Airways,0,Manila Inter...,, ,O1
19701119-4,19-NOV-1970,Nord 2501D Noratlas,52+79,German AF,5,"Königsdorf, ...",, ,A1
19701119-5,19-NOV-1970,Handley Page HPR-7 Herald 204,PI-C869,Air Manila Int.,0,Manila Inter...,, ,O1
19701127-0,27-NOV-1970,Fairchild C-123K Provider,55-4574,USAF,79,near Nha Trang Ai...,,,A1
19701127-1,27-NOV-1970,DC-8-63CF,N4909C,Capitol Airways,47,Anchorage In...,,,A1
19701129-0,29-NOV-1970,Fairchild C-123K Provider,54-649,USAF,42,near Cam Ranh,, ,A1
19701129-1,29-NOV-1970,Antonov An-2R,CCCP-25611,"Aeroflot, Moscow SPiMVL",0,near Tambov,, ,A1
19701130-0,30-NOV-1970,Boeing 707-373C,N790TW,TWA,0+ 2,Tel Aviv-Lod...,, ,A1
19701130-1,30-NOV-1970,Boeing KC-97G Stratofreighter,4X-FPS/037,Israeli AF,0+ 2,Tel Aviv-Lod...,, ,O1
19701202-0,02-DEC-1970,Canadair CL-44J,TF-LLG,Cargolux,4+ 3,near Dhaka-Tejgao...,,,A1
19701204-0,04-DEC-1970,Douglas C-47 (DC-3),411,Nicaraguan AF,6,near Turrialba Vo...,, ,A1
19701205-0,05-DEC-1970,Douglas C-47A (DC-3),VT-CZC,Jamair,5,near Delhi-Safdar...,, ,A1
19701206-0,06-DEC-1970,Douglas DC-3A,PP-CDH,LASA,,near Turrialba Vo...,, ,A1
19701207-0,07-DEC-1970,BAC One-Eleven 424EU,YR-BCA,Tarom,19,near Constanta-Ko...,,,A1
19701210-0,10-DEC-1970,unknown, ,CSA,0,Brno,, ,H2
19701215-0,15-DEC-1970,Grumman C-2A Greyhound,155120,US Navy,9,"near Da Nang, Vie...",, ,A1
19701218-0,18-DEC-1970,MBB HFB-320 Hansa Jet,D-CIRO,General Air,0,Texel,, ,A1
19701219-0,19-DEC-1970,Antonov An-22,CCCP-09305,Soviet AF,17,Panagarh Air...,, ,A1
19701219-1,19-DEC-1970,Avro 748-105 Srs. 1,LV-HHH,Aerolineas Argentinas,0,Sarmiento,, ,A1
19701219-2,19-DEC-1970,DC-9, ,Continental Air Lines,0,Tulsa Intern...,, ,H2
19701220-0,20-DEC-1970,Douglas DC-6B,OO-CTL,Sobelair,0,Málaga Airpo...,,,A1
19701221-0,21-DEC-1970,DH-114 Heron, ,Prinair,0,San Juan,, ,H2
19701223-0,23-DEC-1970,Morane Saulnier MS.760 Paris I,84,French Navy,1,Dugny-Le Bou...,, ,A1
19701223-1,23-DEC-1970,U-1A Otter (DHC-3),55-3298,US Army,3,"near Tuy Hoa AB, ...",, ,A1
19701228-0,28-DEC-1970,DH-125-1A,N36MK,Morrison-Knutsen,2,"near Boise, ID",, ,A1
19701228-1,28-DEC-1970,Boeing 727-2A7,N8790R,Trans Caribbean Airways,2,Saint Thomas...,,,A1
19701228-2,28-DEC-1970,Nord 262A-44,CF-BCR,Pacific Western,0,"Richmond, BC",, ,A2
19701231-0,31-DEC-1970,Nord 262E,F-BNGB,Rousseau Aviation,30,"near Algiers, Alg...",, ,A1
19701231-1,31-DEC-1970,Ilyushin Il-18V,CCCP-75773,Aeroflot / Armenia,6,near Leningrad-Pu...,, ,A1
19701231-2,31-DEC-1970,Fokker F-27 Friendship 200,AP-AUV,PIA,7,near Shamshernaga...,, ,A1
19709999-0,??-???-1970,Douglas DC-4,N91069,Mideastern Airways,,,, ,U1
19709999-1,??-???-1970,Consolidated PBY-5A Catalina,CF-IEE,Austin Airways,0,"Sugluk, QC",, ,O1
19709999-3,??-???-1970,Antonov An-24B,CCCP-46241,Aeroflot / Privolzhsk,,Saratov Airp...,, ,O1
19709999-4,??-???-1970,Douglas DC-3C,9J-RDR,Zambia Airways,,Lusaka,, ,A1

19700101-0,01-JAN-1970,SE-210 Caravelle VI-R,PP-PDZ,Cruzeiro do Sul,0,Havana-José ...,, ,H2
19700102-0,02-JAN-1970,Douglas DC-3,XW-PGJ,"Bird & Sons, op.for Xieng Khouang Air Transport",4,near Long Tieng A...,, ,A1
19700102-1,02-JAN-1970,Lockheed 18 Learstar II,N13VV,Sky King,0,North Little...,, ,A1
19700103-0,03-JAN-1970,Fairchild C-123K Provider,54-688,USAF,0,Binh Thuy Ai...,, ,A1
19700105-1,05-JAN-1970,Convair CV-990,EC-BNM,Spantax,5,near Stockholm-Ar...,,,A1
19700105-2,05-JAN-1970,Fokker F-27 Friendship 600,EC-BOD,Iberia,0,La Palma-Bue...,,,A1
19700106-0,06-JAN-1970,DC-9, ,Delta Air Lines,0,Jacksonville...,, ,H2
19700107-0,07-JAN-1970,Convair CV-440-62,EC-ATG,Iberia,0,Zaragoza Air...,, ,H2
19700108-0,08-JAN-1970,Boeing 707, ,TWA,0,Beirut Inter...,, ,H2
19700109-0,09-JAN-1970,Douglas C-47 (DC-3), ,RAPSA,1,David City,, ,H2
19700109-1,09-JAN-1970,Vickers 768D Viscount,VT-DJB,Indian Airlines,0,Patna Airpor...,, ,A2
19700111-0,11-JAN-1970,DC-9-31,N1308T,Texas International,0,Harlingen-Va...,, ,A2
19700112-0,12-JAN-1970,Douglas C-47 (DC-3), ,Hellenic AF,26,Kithairon Mo...,, ,A1
19700113-0,13-JAN-1970,Douglas C-47B (DC-3),5W-FAC,Polynesian Airlines,32,near Apia-Faleolo...,,,A1
19700113-1,13-JAN-1970,Douglas C-47A (DC-3),L2-17/00,Thai AF,1,Chiang Klang,, ,A1
19700114-1,14-JAN-1970,Douglas RC-54V (DC-4),OB-R-776,Faucett,28,Pozo Chuño M...,, ,A1
19700114-2,14-JAN-1970,DH-106 Comet 4C,SU-ANI,UAA,0,Addis Ababa-...,, ,A1
19700115-0,15-JAN-1970,Beech 99,F-BRUF,Air Alpes,0,Chambéry Air...,,,A1
19700117-0,17-JAN-1970,Convair CV-240-12,N270L,Aspen Airways,0,Aspen Airpor...,, ,A1
19700119-0,19-JAN-1970,Vickers 701 Viscount,G-AMOA,Cambrian Airways,0,Bristol Airp...,,,A1
19700121-0,21-JAN-1970,IAI 1123 Westwind,4X-COJ,IAI,0,near Beit She'an,, ,A1
19700121-1,21-JAN-1970,Douglas C-54E (DC-4),HK-171,Avianca,,,, ,U1
19700122-0,22-JAN-1970,Vickers 814 Viscount,G-AWXI,BMA,0,London-Heath...,,,A1
19700124-0,24-JAN-1970,Fokker F-27 Friendship 500,PJ-FRE,ALM,0,Santiago-Ant...,, ,H2
19700125-0,25-JAN-1970,Convair CV-240-2,XC-DOK,Federal Electricity Commission,19,near Poza Rica-Ta...,, ,A1
19700125-1,25-JAN-1970,Fokker F-27 Friendship 200,9N-AAR,Royal Nepal Airlines,1,near Delhi-Palam ...,,,A1
19700128-0,28-JAN-1970,Antonov An-24B,CCCP-47701,Aeroflot / Yakutsk,34,near Batagay,, ,A1
19700129-0,29-JAN-1970,Tupolev Tu-124V,CCCP-45083,Aeroflot / Northern,11,near Murmansk-Kil...,, ,A1
19700130-0,30-JAN-1970,Antonov An-24V,SU-AOK,UAA,,Luxor Airpor...,, ,A1
19700131-0,31-JAN-1970,Curtiss C-46F,CP-825,Transportes Aéreos Litoral,4,Cerro Vizcac...,, ,A1
19700131-1,31-JAN-1970,Antonov An-2TP,CCCP-40573,Aeroflot / Uralsk,2,near Tokmass,, ,A1
19700131-2,31-JAN-1970,Douglas C-47 (DC-3),FAC-669,Colombian AF,0,Bogotá-Eldor...,, ,A1
19700204-0,04-FEB-1970,Lockheed P2V-7 Neptune,147571,French Navy,12,"Kergantic, P...",, ,A1
19700204-2,04-FEB-1970,Antonov An-24V,YR-AMT,"Romanian Government, op.for Tarom",20,Vladeasa mou...,, ,A1
19700204-3,04-FEB-1970,Avro 748-105 Srs. 1,LV-HGW,Aerolineas Argentinas,37,"Loma Alta, CH",, ,A1
19700205-0,05-FEB-1970,Lockheed L-188A Electra,PP-VJP,Varig,0,Porto Alegre...,, ,A1
19700206-0,06-FEB-1970,Ilyushin Il-18V,CCCP-75798,Aeroflot / Uzbekistan,92,near Samarkand Ai...,, ,A1
19700206-1,06-FEB-1970,Douglas C-133B Cargomaster,59-0530,USAF,5,"near Palisade, NE",, ,A1
19700206-2,06-FEB-1970,Sud-Aviation SE-210 Caravelle, ,LAN Chile,1,Santiago-Art...,, ,H2
19700209-0,09-FEB-1970,UC-1A Otter (DHC-3),OO-HAD,Zuidpool Expeditie,0,SANAE Station,, ,A1
19700209-1,09-FEB-1970,DH-106 Comet 4C,SU-ALE,UAA,0,München-Riem...,,,A1
19700210-0,10-FEB-1970,DHC-6 Twin Otter 100,N124PM,Pilgrim Airlines,5,"near Waterford, CT",, ,A1
19700212-0,12-FEB-1970,Douglas DC-3,TAM-11,TAM,0,Laja Airport,, ,A1
19700212-1,12-FEB-1970,Douglas C-47B (DC-3),CC-CBT,Aero Aysen,0,near Puerto Montt,, ,A1
19700212-2,12-FEB-1970,Douglas C-47 (DC-3),HK-1270,La Urraca,14,near Puerto López,, ,A1
19700215-0,15-FEB-1970,DC-9-32,HI-177,Dominicana,102,near Santo Doming...,, ,A1
19700215-1,15-FEB-1970,Douglas C-47A (DC-3),9Q-CUP,Air Congo,,Kinshasa-N'D...,, ,A1
19700216-0,16-FEB-1970,Boeing 727, ,Eastern Air Lines,0,,, ,H2
19700217-0,17-FEB-1970,Lisunov Li-2,CCCP-21504,MAP Kiev MSZ,1,Leningrad-Sh...,, ,A1
19700217-1,17-FEB-1970,Fokker F-27 Friendship 100,TC-TEZ,THY,0,Samsun Airpo...,,,A1
19700219-0,19-FEB-1970,Fairchild AC-119K Stinger,53-3156,USAF,0,Da Nang Airp...,, ,A1
19700220-0,20-FEB-1970,Convair CV-240-0,N741J,Jet International,0,Hampton-Lang...,, ,A1
19700220-1,20-FEB-1970,Douglas C-47A (DC-3),B-243,FEAT,2,near Taipei,, ,A1
19700221-0,21-FEB-1970,SE-210 Caravelle VI-R,OE-LCU,Austrian Airlines,0,near Frankfurt,,,C2
19700221-1,21-FEB-1970,Convair CV-990,HB-ICD,Swissair,47,near Würenlingen,,,C1
19700225-0,25-FEB-1970,Curtiss C-46,TI-1065,S.A. Curtiss,0,near San Fansisco,, ,A1
19700225-1,25-FEB-1970,Ilyushin Il-14M,CCCP-61637,Aeroflot / Yakutsk,5,near Ust-Maya Air...,, ,A1
19700226-0,26-FEB-1970,Antonov An-12TB,CCCP-12966,Aeroflot / North Kavkaz,0,Beryozovo Ai...,, ,A1
19700227-0,27-FEB-1970,DHC-6 Twin Otter 100,9N-RF9,Nepalese Royal Flight,1,Jomsom Airpo...,, ,A1
19700228-0,28-FEB-1970,T-39A-1-NO Sabreliner,62-4460,USAF,1,near Madrid-Torre...,, ,A1
19700301-0,01-MAR-1970,Vickers 757 Viscount,CF-THY,Air Canada,0,near Vancouver In...,, ,A2
19700304-0,04-MAR-1970,Lockheed C-130B Hercules,23489,Pakistan AF,,,, ,A1
19700305-0,05-MAR-1970,Lisunov Li-2,CCCP-58340,Aeroflot,0,Ust-Kut Airp...,, ,A1
19700306-0,06-MAR-1970,Handley Page HP-137 Jetstream 1,D-INAH,Bavaria Fluggesellschaft,11,near St. Moritz-S...,, ,A1
19700310-0,10-MAR-1970,unknown, ,Interflug,2,,, ,H2
19700311-0,11-MAR-1970,Boeing 727-59,HK-1337,Avianca,0,Havana-José ...,, ,H2
19700311-1,11-MAR-1970,Boeing 727, ,United Airlines,0,Havana-José ...,, ,H2
19700312-0,12-MAR-1970,Douglas DC-6B,ET-AAY,Ethiopian Airlines,0,Asmara Inter...,, ,A1
19700312-1,12-MAR-1970,Boeing 707-345C,PP-VJX,Varig,0,,, ,H2
19700314-1,14-MAR-1970,Antonov An-24V,SU-AOC,UAA,0,Cairo Intern...,, ,C1
19700314-2,14-MAR-1970,Fairchild FH-227B,PP-BUF,Paraense Transportes Aéreos,38,near Belém/Val-de...,, ,A1
19700315-0,15-MAR-1970,Fairchild C-82A Packet,CP-677,TABSA,4,near Sasasama,, ,A1
19700316-0,16-MAR-1970,Lockheed EC-121K Super Constellatio,145927,US Navy,23,Da Nang Airp...,,,A1
19700317-0,17-MAR-1970,DC-9-31,N8925E,Eastern Air Lines,1,Boston-Logan...,, ,H2
19700319-0,19-MAR-1970,Antonov An-2R,CCCP-25598,Aeroflot / Uzbekistan,2,near Nikolayevo-K...,, ,A1
19700321-0,21-MAR-1970,Douglas C-47A (DC-3),N163J,Aircraft Charter,2,Melcor Ocampo,,,A1
19700322-0,22-MAR-1970,Douglas DC-3-178,XC-CFE,Federal Electricity Commission,,Ciudad Alemán,, ,A1
19700324-0,24-MAR-1970,DH-106 Comet 4,LV-AHN,Aerolineas Argentinas,0,"Lima, Cuba",, ,H2
19700324-1,24-MAR-1970,DHC-4A Caribou,12251,Royal Thai Border Police,6,Nang Keo Mou...,, ,A1
19700328-0,28-MAR-1970,Fokker F-27 Friendship 200,CR-AIB,DETA,4,Lourenço Mar...,, ,A1
19700329-0,29-MAR-1970,DHC-4A Caribou,A4-193,RAAF,0,That Son,, ,O1
19700330-0,30-MAR-1970,DHC-4A Caribou,M21-10,Royal Malaysian AF,10,Cowie Bay,, ,A1
19700331-0,31-MAR-1970,Boeing 727-89,JA8315,JAL,0,Pyongyang-Su...,, ,H2
19700399-0,??-MAR-1970,Curtiss C-46A,HK-790,Aeropesca Colombia,,near Villavicencio,, ,A1
19700399-1,??-MAR-1970,BN-2A Islander,F-OGDR,Guyane Air Transport,,,, ,U1
19700401-0,01-APR-1970,Antonov An-24B,CCCP-47751,Aeroflot / West Siberia,45,"near Toguchin, No...",, ,A1
19700401-1,01-APR-1970,SE-210 Caravelle III,CN-CCV,RAM,61,near Berrechid,, ,A1
19700402-0,02-APR-1970,C-7A Caribou (DHC-4),61-2406,USAF,3,near Dak Seang,, ,C1
19700404-0,04-APR-1970,C-7B Caribou (DHC-4),62-4180,USAF,3,near Dak Seang,, ,C1
19700404-1,04-APR-1970,Ilyushin Il-14P,CCCP-52002,Aeroflot / Georgia,7,near Zaporozhye A...,, ,A1
19700406-0,06-APR-1970,C-7B Caribou (DHC-4),63-9746,USAF,3,near Dak Seang,, ,C1
19700406-1,06-APR-1970,Boeing KC-135A,62-3535,USAF,0,Wichita-McCo...,, ,O1
19700407-0,07-APR-1970,BN-2A Islander,G-AXRJ,Britten-Norman,0,Rawalpindi,, ,A1
19700410-0,10-APR-1970,Lockheed C-130A Hercules,56-0510,Air America,6,near Long Tieng A...,, ,A1
19700410-1,10-APR-1970,Curtiss C-46D,HK-1281,Aerocosta Colombia,4,Caribbean Sea,, ,A1
19700410-2,10-APR-1970,Lockheed C-130A Hercules,56-0516,USAF,11,near Okinawa-Naha...,, ,A1
19700413-0,13-APR-1970,Douglas C-47B (DC-3),EP-AGZ,Air Taxi Co.,0,Ahwaz Airpor...,, ,A1
19700414-0,14-APR-1970,Douglas C-54D (DC-4),HC-AON,Ecuatoriana,2,"Miami, FL",,,A1
19700416-0,16-APR-1970,T-39A-1-NA Sabreliner,61-0640,USAF,4,"Weldon, NC",, ,A1
19700419-0,19-APR-1970,DC-8-62,SE-DBE,SAS,0,Roma-Fiumici...,,,A1

19700726-1,26-JUL-1970,Antonov An-2R,CCCP-29387,Aeroflot / Lithuania,3,near Auktelkai,, ,A1
19700727-0,27-JUL-1970,DC-8-63AF,N785FT,Flying Tiger Line,4,near Okinawa-Naha...,,,A1
19700727-1,27-JUL-1970,Consolidated P4Y-2 Privateer,N3191G,Rosenbalm Aviation,0,Diamond Lake...,, ,A1
19700728-0,28-JUL-1970,Boeing 737-287,LV-JMX,Aerolineas Argentinas,0,Córdoba-Paja...,, ,H2
19700730-0,30-JUL-1970,Lockheed KC-130F Hercules,150685,USMC,4,Santa Ana-El...,, ,A1
19700731-0,31-JUL-1970,Lockheed C-130E Hercules,62-1802,USAF,6,"near Piggott, AR",, ,A1
19700802-0,02-AUG-1970,Boeing 747-121,N736PA,Pan Am,0,Havana-José ...,, ,H2
19700803-0,03-AUG-1970,Boeing 727, ,Pan Am,0,Berlin-Tempe...,, ,H2
19700803-1,03-AUG-1970,Lockheed P-3A Orion,152159,US Navy,10,"near Las Vegas, NV",, ,A1
19700804-0,04-AUG-1970,Grumman HU-16B Albatross,51-5305,USAF,,Aguadilla-Ra...,, ,A1
19700806-0,06-AUG-1970,Fokker F-27 Friendship 200,AP-ALM,PIA,30,near Rawalpindi,, ,A1
19700807-0,07-AUG-1970,Antonov An-24, ,LOT,0,East Berlin,, ,H2
19700808-0,08-AUG-1970,Convair CV-990,N5603,Modern Air Transport,0,Acapulco-Alv...,,,A1
19700808-1,08-AUG-1970,Antonov An-10A,CCCP-11188,Aeroflot / Ukraine,1,near Chisinau Air...,, ,A1
19700808-2,08-AUG-1970,Avia 14, ,CSA,0,Wien-Schwech...,, ,H2
19700809-0,09-AUG-1970,Lockheed L-188A Electra,OB-R-939,LANSA,99+ 2,near Cuzco Airpor...,, ,A1
19700809-1,09-AUG-1970,Fairchild C-123K Provider,55-4527,USAF,3,near Cam Ranh Air...,, ,A1
19700809-2,09-AUG-1970,Antonov An-2R,CCCP-45215,Aeroflot / Ukraine,0,Kirovograd,, ,A1
19700812-1,12-AUG-1970,NAMC YS-11A-219,B-156,China Airlines,14,Taipei,, ,A1
19700818-0,18-AUG-1970,Tupolev Tu-124V,OK-TEB,CSA,0,Zürich-Klote...,,,A1
19700818-1,18-AUG-1970,Howard 350,N350Q,Aviation Equipment Corp. of America,0,Opa-locka Ai...,, ,A1
19700818-2,18-AUG-1970,Boeing B-17T Turbo Fortress,N1340N,Aero Flite,2,"near Dubois, WY",, ,A1
19700819-0,19-AUG-1970,Boeing 727-81,JA8305,All Nippon,0,Hamamatsu AFB,, ,H2
19700819-1,19-AUG-1970,DC-8, ,Trans Caribbean Airways,0,Havana-José ...,, ,H2
19700819-2,19-AUG-1970,Ilyushin Il-14, ,LOT,0,Bornholm,, ,H2
19700820-0,20-AUG-1970,DC-9, ,Delta Air Lines,0,Havana-José ...,, ,H2
19700820-1,20-AUG-1970,Douglas C-54G (DC-4),45-602,USAF,,near Homestead AF...,, ,A1
19700820-2,20-AUG-1970,Antonov An-2R,CCCP-15238,Aeroflot / Uzbekistan,0,Namangan Region,, ,A1
19700822-0,22-AUG-1970,Douglas C-47A (DC-3),PP-CCL,Cruzeiro do Sul,,Cruzeiro do ...,, ,A1
19700823-0,23-AUG-1970,Ilyushin Il-18V,CCCP-75823,Aeroflot / Far East,0,Yuzhno-Sakha...,, ,A1
19700824-0,24-AUG-1970,Lockheed L-188CF Electra,N855U,Universal Airlines,0,Ogden-Hill A...,,,A1
19700824-1,24-AUG-1970,Boeing 727, ,TWA,0,Pittsburgh I...,, ,H2
19700825-0,25-AUG-1970,Douglas DC-6,XA-SAR,SAESA,,Bahia de Tor...,, ,A1
19700825-1,25-AUG-1970,Lockheed EC-121K Super Constellatio,145928,US Navy,0,Atsugi NAS (...,, ,A1
19700826-0,26-AUG-1970,Antonov An-24, ,LOT,0,Katowice,, ,H2
19700826-1,26-AUG-1970,Douglas C-124C Globemaster II,52-1049,Air National Guard,7,Pavlof Volca...,,,A1
19700828-0,28-AUG-1970,CASA 352 (Ju-52),T.2B-156,Spanish AF,,,, ,U1
19700829-0,29-AUG-1970,Fokker F-27 Friendship 400,VT-DWT,Indian Airlines,39,near Silchar-Kumb...,,,A1
19700830-0,30-AUG-1970,Douglas C-47 (DC-3),CF-JRY,private,0,Toronto-Malt...,, ,O1
19700830-1,30-AUG-1970,BN-2A Islander,PH-NVA,Dutch Continental Airways,3,Haringvreter,,,A1
19700831-0,31-AUG-1970,Convair CV-640, ,Air Algérie,0,Dubrovnik Ai...,, ,H2
19700901-1,01-SEP-1970,Douglas C-47B (DC-3),48782,Hellenic AF,,,, ,U1
19700902-0,02-SEP-1970,Tupolev Tu-124,CCCP-45012,Aeroflot / Lithuania,37,near Dnepropetrovsk,, ,A1
19700903-0,03-SEP-1970,Yakovlev Yak-40,CCCP-87690,Aeroflot / Tajikistan,21,near Leninabad,, ,A1
19700903-1,03-SEP-1970,Douglas C-47A (DC-3),G-AVPW,Hunting Surveys,0,near Huambo,,,C2
19700904-0,04-SEP-1970,Vickers Varsity T.1,WF370,RAF,0,Finningley R...,, ,O1
19700904-1,04-SEP-1970,Vickers Varsity T.1,WF385,RAF,0,Finningley R...,, ,O1
19700904-2,04-SEP-1970,Vickers Varsity T.1,WF423,RAF,0,Finningley R...,, ,O1
19700905-0,05-SEP-1970,Antonov An-2R,CCCP-28952,Aeroflot / West Siberia,2,near Dzharkishlak,, ,A1
19700906-0,06-SEP-1970,Boeing 747-121,N752PA,Pan Am,0,Cairo Intern...,, ,H1
19700906-1,06-SEP-1970,Boeing 707-458,4X-ATB,El Al,1,London-Heath...,, ,H2
19700908-0,08-SEP-1970,DC-9-32,N3329L,Delta Air Lines,0,Louisville-S...,,,A2
19700908-1,08-SEP-1970,DC-8-63CF,N4863T,Trans International Airlines,11,New York-Joh...,, ,A1
19700909-0,09-SEP-1970,BN-2A Islander,N855JA,San Juan Air,1,Orocovis,, ,A1
19700910-0,10-SEP-1970,unknown, ,Unknown,0,,, ,H2
19700912-0,12-SEP-1970,Vickers Super VC10-1151,G-ASGN,BOAC,0,Zerqa RAF St...,, ,H1
19700912-1,12-SEP-1970,unknown, ,Unknown,0,,, ,H2
19700913-0,13-SEP-1970,Boeing 707-331B,N8715T,TWA,0,Zerqa RAF St...,,,H1
19700913-1,13-SEP-1970,Douglas DC-8-53,HB-IDD,Swissair,0,Zerqa RAF St...,,,H1
19700914-0,14-SEP-1970,BAC One-Eleven 424EU,YR-BCB,Tarom,0,München-Riem...,, ,H2
19700915-0,15-SEP-1970,DC-8-62,I-DIWZ,Alitalia,0,New York-Joh...,, ,A1
19700915-1,15-SEP-1970,Boeing 707, ,TWA,0,San Francisc...,, ,H2
19700916-0,16-SEP-1970,Antonov An-24, ,UAA,0,,, ,H2
19700919-0,19-SEP-1970,Boeing 727, ,Allegheny Airlines,0,,, ,H2
19700921-0,21-SEP-1970,Antonov An-2,CCCP-02195,Aeroflot / East Siberia,1,near Bulbukhta,, ,A1
19700922-0,22-SEP-1970,DC-8, ,Eastern Air Lines,0,San Juan,, ,H2
19700926-0,26-SEP-1970,Fokker F-27 Friendship 300,TF-FIL,Icelandair,8,Myggenaes Is...,,,A1
19700927-0,27-SEP-1970,Antonov An-2T,CCCP-35417,Aeroflot / Uralsk,0,near Izhevsk,, ,A1
19700930-0,30-SEP-1970,Douglas DST-318A (DC-3),B-305,Air Vietnam,3,near Da Nang Airp...,, ,A1
19700999-2,??-SEP-1970,Douglas C-49K (DC-3),N12978,Air Carrier,0,Opa-locka Ai...,, ,O1
19701001-1,01-OCT-1970,Antonov An-12B,CCCP-11031,Aeroflot / International,8,Kamenny Mys,,,A1
19701001-2,01-OCT-1970,Douglas R4D-6 (DC-3),N47,FAA,2,"near Anchorage, AK",, ,A1
19701002-0,02-OCT-1970,Lockheed C-130E Hercules,64-0536,USAF,43,near Taipei,, ,A1
19701002-2,02-OCT-1970,Douglas DC-7C,EC-ATQ,Spantax,0,Madrid-Baraj...,, ,U1
19701002-3,02-OCT-1970,Martin 4-0-4,N464M,Golden Eagle Aviation,32,near Silver Plume...,, ,A1
19701006-0,06-OCT-1970,Douglas C-47B (DC-3),ZS-DKR,National Airways,3,near Germiston,, ,A1
19701007-0,07-OCT-1970,DH-106 Comet 4,G-APDL,Dan-Air Services,0,Newcastle Ai...,,,A1
19701007-1,07-OCT-1970,Douglas C-47 (DC-3),CF-TAR,TransAir,,,, ,A1
19701008-0,08-OCT-1970,Lockheed C-121J Super Constellation,131644,US Navy,0,McMurdo Sound,,,A1
19701009-0,09-OCT-1970,CASA 352 (Ju-52), ,Spanish AF,0,Aranjuez,, ,A1
19701010-0,10-OCT-1970,Boeing 727, ,Iran Air,0,Baghdad Inte...,, ,H2
19701010-1,10-OCT-1970,Lockheed L-100-20 Hercules,N9248R,Saturn Airways,3,near Fort Dix-McG...,, ,A1
19701014-0,14-OCT-1970,Antonov An-2R,CCCP-02833,"Aeroflot, Moscow SPiMVL",0,near Chernivtsi,, ,A1
19701015-0,15-OCT-1970,PBV-1A Canso (PBY-5A),N610FF,Barringer Research,2,Rhinelander-...,,,A1
19701015-1,15-OCT-1970,Antonov An-24B,CCCP-46256,Aeroflot / Georgia,1,Trabzon Airp...,, ,H2
19701016-0,16-OCT-1970,Ilyushin Il-18V,CCCP-75578,Aeroflot / Armenia,,Simferopol A...,, ,A1
19701016-1,16-OCT-1970,Lisunov Li-2,CCCP-84771,Aeroflot / Northern,0,Leshukonskoy...,, ,A1
19701017-0,17-OCT-1970,Lockheed C-5A Galaxy,66-8303,Lockheed,0+ 1,Marietta-Dob...,, ,O1
19701017-1,17-OCT-1970,Curtiss C-46D,44-78118,USAF,,,, ,A1
19701021-0,21-OCT-1970,Curtiss C-46, ,LACSA,0,"San Andres, ...",, ,H2
19701022-0,22-OCT-1970,Shorts SC.7 Skyvan 3-200,N123PA,Pan Alaska Airways,0,"near Bettles, AK",, ,A1
19701027-0,27-OCT-1970,Ilyushin Il-14, ,Aeroflot,0,Sinop,, ,H2
19701028-0,28-OCT-1970,Curtiss C-46D,HK-792,Aerocosta Colombia,2,Pointe-à-Pit...,, ,A1
19701028-1,28-OCT-1970,Fairchild C-82A Packet,PT-DNZ,Amazônia,4,"Serra Norte, PA",, ,A1
19701028-2,28-OCT-1970,Antonov An-12B, ,Soviet AF,6,near Ivanovo-Seve...,, ,A1
19701030-0,30-OCT-1970,DC-8, ,National Airlines,0,Havana-José ...,, ,H2
19701030-1,30-OCT-1970,Fairchild C-119G Flying Boxcar,BK970,Indian AF,0,Sawai,, ,A2
19701101-0,01-NOV-1970,Curtiss C-46D,B-1543,"Air Vietnam, lsf China Airlines",0,Qui-Nhon,, ,A1
19701101-1,01-NOV-1970,Boeing 727, ,United Airlines,0,"Tijuana, Cuba",, ,H2
19701104-0,04-NOV-1970,Handley Page HPR-7 Herald 203,I-TIVE,Itavia,0,Roma-Ciampin...,, ,A1
