identifiant,week_day,date,time,type_event,phase,location,country,total_occupants,total_fatalities,aircraft_damage,aircraft_fate,type_aircraft,number_engines,type_engines,first_flight,cycles,total_airframe_hours,registration,c_n_msn,operator,nature,flight_number,departure_airport_name,departure_airport_IATA,departure_airport_ICAO,departure_airport_country,destination_airport_name,destination_airport_IATA,destination_airport_ICAO,destination_airport_country,crew_number,passengers_number,crew_fatalities,passengers_fatalities,collision_casualties,ground_casualties,status
19670101-1,Sunday,01-JAN-1967,-,A1, Unknown (UNK),Yellahanka AFB,India,3,1, Damaged beyond repair,-,Douglas C-47 (DC-3),-,-,-,-,-, registration unknown,-,Indian AF,Military,-,-,-,-,-,-,-,-,-,-,-,-,-,-,-,-
19670104-0,Wednesday,04-JAN-1967,-,A1, Landing (LDG),Buny Buny,Vietnam,5,0, Damaged beyond repair,-,Fairchild C-123B-18-FA Provider,-,-,-,-,-, 56-4372, 20256,USAF,Military,-,-,-,-,-,-,-,-,-,5,0,0,0,-,-,-
19670104-1,Wednesday,04-JAN-1967,-,A1, Unknown (UNK),Nanking Airport (NKG),China,-,-, Damaged beyond repair,-,Ilyushin Il-18D,-,-,1964,-,-, registration unknown, 186008804,Hâng Không Viêtnam,Unknown,-,-,-,-,-,-,-,-,-,-,-,-,-,-,-,-
19670106-0,Friday,06-JAN-1967,11:23,A2, Landing (LDG),"Brisbane-Eagle Farm Airport, QLD (BNE)",Australia,58,0, Substantial, Repaired,Vickers 823 Viscount,4,Rolls-Royce Dart 525F,1959,-,-, VH-RMG, 414,Ansett-ANA,Domestic Scheduled Passenger,103,Townsville Airport,TSV,YBTL,Australia,-,-,-,-,4,54,0,0,-,-,Final
19670106-1,Friday,06-JAN-1967,16:24,A1, Landing (LDG),"Hilo International Airport, HI (ITO)",United States of America,3,3, Damaged beyond repair,-,Curtiss C-46F-1-CU Commando,-,-,1945,-,-, N30046, 22417,Channel Air Lift,Cargo,-,Hilo International Airport,ITO,PHTO,United States of America,-,-,-,-,3,0,3,0,-,-,Final
19670107-0,Saturday,07-JAN-1967,-,U1, Unknown (UNK),unknown,Unknown country,-,-, Damaged beyond repair,-,Douglas C-47 (DC-3),-,-,1944,-,-, FAC-..., 20346,Colombian AF,Military,-,-,-,-,-,-,-,-,-,-,-,-,-,-,-,-
19670108-0,Sunday,08-JAN-1967,-,C1, En route (ENR),near Duc Pho,Vietnam,7,7, Damaged beyond repair,-,Douglas AC-47D Spooky,2,Pratt & Whitney R-1830-90,1944,-,-, 43-49124, 26385/14940,USAF,Military,-,Da Nang Airport,DAD,VVDN,Vietnam,Da Nang Airport,DAD,VVDN,Vietnam,7,0,7,0,-,-,-
19670109-0,Monday,09-JAN-1967,-,A1, En route (ENR),"near Camp Springs-Andrews Navy Air Field, MD (NSF)",United States of America,9,9, Damaged beyond repair,-,Lockheed P-2E Neptune,-,-,-,-,-, 131495, 426-5376,US Navy,Military,-,-,-,-,-,-,-,-,-,9,0,9,0,-,-,-
19670111-0,Wednesday,11-JAN-1967,09:37,A1, En route (ENR),"50 km (31.3 mls) NW off  Bimini, Bahamas",Atlantic Ocean,4,4, Damaged beyond repair,-,Chase YC-122C Avitruc,2,Wright R-1820,1953,-,-, N122E,-,Bush Aviation,Cargo,-,Fort Lauderdale International Airport,FLL,KFLL,United States of America,Bimini International Airport,BIM,MYBS,Bahamas,4,0,4,0,-,-,Final
19670112-0,Thursday,12-JAN-1967,-,A1, Unknown (UNK),2 km (1.3 mls) from  Meligan Airstrip,Malaysia,9,1, Damaged beyond repair,-,de Havilland Canada DHC-4A Caribou,-,-,1966,-,-, M21-02, 246,Royal Malaysian AF,Military,-,-,-,-,-,-,-,-,-,9,0,1,0,-,-,-
19670114-0,Saturday,14-JAN-1967,06:25,A1, Initial climb (ICL),7 km (4.4 mls) E of Novosibirsk-Tolmachevo Airport (OVB),Russia,6,6, Destroyed, Written off (damaged beyond repair),Antonov An-12B,4,Ivchenko AI-20M,1959,1698.0,4376.0, CCCP-04343, 8900605,Aeroflot / Polar,Cargo,5003,Novosibirsk-Tolmachevo Airport,OVB,UNNN,Russia,Krasnoyarsk Airport,KJA,UNKL,Russia,6,0,6,0,-,-,-
19670114-1,Saturday,14-JAN-1967,-,A1, Unknown (UNK),at an unknown location,Unknown country,-,-, Damaged beyond repair,-,Consolidated PBY-5A Catalina,-,-,-,-,-, B-1501,-,China Airlines,Unknown,-,-,-,-,-,-,-,-,-,-,-,-,-,-,-,-
19670118-0,Wednesday,18-JAN-1967,-,A1, En route (ENR),Java,Indonesia,19,19, Missing, Presumed damaged beyond repair,Grumman HU-16A Albatross,-,-,-,-,-, 302, G-380 ?,Indonesian AF,Military,-,-,-,-,-,Malang-Abdul Rachman Saleh Airport,MLG,WARA,Indonesia,-,-,-,-,-,-,-
19670119-0,Thursday,19-JAN-1967,13:59,A1, Landing (LDG),"Norfolk Municipal Airport, VA (ORF)",United States of America,50,0, Damaged beyond repair,-,Vickers 745D Viscount,-,-,1956,-,-, N7431, 129,United Airlines,Domestic Scheduled Passenger,-,-,-,-,-,Norfolk Municipal Airport,ORF,KORF,United States of America,4,46,0,0,-,-,Final
19670119-1,Thursday,19-JAN-1967,18:00,A1, En route (ENR),"64 km (40 mls) NE of Spokane, WA",United States of America,9,9, Destroyed, Written off (damaged beyond repair),Boeing KC-135A Stratotanker,4,Pratt & Whitney J57-P,1958,-,4300.0, 56-3613, 17362/52,USAF,Military,-,-,-,-,-,Spokane-Fairchild AFB,SKA,KSKA,United States of America,9,0,9,0,-,-,-
19670121-0,Saturday,21-JAN-1967,04:13,A1, Approach (APR),near Frankfurt-Main,Germany,2,2, Damaged beyond repair,-,Douglas C-54A-15-DC (DC-4),-,-,1944,-,-, G-ASOG, 10359,Air Ferry,Cargo, 200,Manchester International Airport,MAN,EGCC,United Kingdom,Frankfurt International Airport,FRA,EDDF,Germany,2,0,2,0,-,-,-
19670123-0,Monday,23-JAN-1967,09:01,A1, Landing (LDG),San Juan,Puerto Rico,28,0, Damaged beyond repair,-,Convair CV-640,-,-,1952,-,-, N3408, 21,Caribair,International Scheduled Passenger, 101,-,-,-,-,-,-,-,-,3,25,0,0,-,-,Final
19670124-1,Tuesday,24-JAN-1967,-,A1, Landing (LDG),Hodeidah Airport (HOD),Yemen,-,0, Damaged beyond repair,-,Douglas DC-6B,4,Pratt & Whitney R-2800,1953,-,-, SU-ANL, 44104/397,UAA,Unknown,-,-,-,-,-,Hodeidah Airport,HOD,ODHD,Yemen,-,-,0,0,-,-,-
19670124-2,Tuesday,24-JAN-1967,14:28,A1, Landing (LDG),"Oakland International Airport, CA (OAK)",United States of America,4,0, Damaged beyond repair,-,Douglas DC-6,-,-,1947,-,-, N74841, 43056/50,Saturn Airways,Training,-,-,-,-,-,Oakland International Airport,OAK,KOAK,United States of America,4,0,0,0,-,-,Final
19670130-0,Monday,30-JAN-1967,-,A1, Approach (APR),Mérida Airport (MID),Mexico,29,0, Damaged beyond repair,-,Douglas DC-6,-,-,1948,-,-, XA-LAU, 43059/96,Mexicana,Domestic Scheduled Passenger,-,Mexico City-Benito Juárez International Airport,MEX,MMMX,Mexico,Mérida-Rejon Airport,MID,MMMD,Mexico,3,26,0,0,-,-,-
19670130-1,Monday,30-JAN-1967,-,A1, Landing (LDG),Lutong Airport,Malaysia,28,0, Damaged beyond repair,-,Douglas C-47A-1-DK (DC-3),2,Pratt & Whitney R-1830-92,1943,-,-, 9M-AMU, 12006,MSA,Passenger,-,Sibu Airport,SBW,WBGS,Malaysia,-,-,-,-,-,-,0,0,-,-,-
19670131-0,Tuesday,31-JAN-1967,03:20,A1, Approach (APR),"San Antonio International Airport, TX (SAT)",United States of America,3,3, Damaged beyond repair,-,Douglas DC-6A,-,-,1958,-,-, N640NA, 45475/973,Saturn Airways,Cargo,-,-,-,-,-,San Antonio-Kelly AFB,SKF,KSKF,United States of America,3,0,3,0,-,-,Final
19670131-1,Tuesday,31-JAN-1967,-,C1, Maneuvering (MNV),24 km (15 mls) W of Sepone,Laos,5,5, Damaged beyond repair,-,Fairchild UC-123B-6-FA Provider,-,-,-,-,-, 54-0611, 20060,USAF,Military,-,Da Nang Airport,DAD,VVDN,Vietnam,Da Nang Airport,DAD,VVDN,Vietnam,5,0,5,0,-,-,-
19670203-0,Friday,03-FEB-1967,-,A1, En route (ENR),LaYareta Pass,Chile,4,0, Damaged beyond repair,-,Curtiss C-46D-10-CU Commado,-,-,1944,-,-, CC-CDH, 32940,ALFA,Cargo,-,-,-,-,-,-,-,-,-,4,0,0,0,-,-,-
19670206-0,Monday,06-FEB-1967,-,A1, Landing (LDG),Aleppo-Nejrab Airport (ALP),Syria,16,8, Damaged beyond repair,-,Douglas C-47B-40-DK (DC-3),2,Pratt & Whitney R-1830-90C,1945,-,-, YK-ACB, 33559/16811,Syrian Arab Airlines,Domestic Scheduled Passenger,-,Damascus International Airport,DAM,OSDI,Syria,Aleppo-Nejrab Airport,ALP,OSAP,Syria,3,13,0,8,-,-,-
19670207-0,Tuesday,07-FEB-1967,-,H2, Unknown (UNK),Amman,Jordan,41,0, Unknown,-,Antonov An-24,-,-,-,-,-, registration unknown,-,UAA,Domestic Scheduled Passenger,-,Cairo International Airport,CAI,HECA,Egypt,-,-,-,-,-,-,0,0,-,-,-
19670208-0,Wednesday,08-FEB-1967,-,A1, Landing (LDG),"near Saint Paul Island Airport, AK (SNP)",United States of America,8,1, Damaged beyond repair,-,Grumman HU-16E Albatross,-,-,1953,-,-, 1271, G-247,US Coast Guard,Military,-,Kodiak NAS,ADQ,PADQ,United States of America,Saint Paul Island Airport,SNP,PASN,United States of America,-,-,-,-,-,-,Preliminary
19670209-0,Thursday,09-FEB-1967,05:16,A1, Approach (APR),18 km (11.3 mls) E of Mexico City-Benito Juárez International Airport (MEX),Mexico,10,10, Destroyed, Written off (damaged beyond repair),Antonov An-12A,4,Ivchenko AI-20M,-,-,993.0, CU-T827, 401504,Cubana,Cargo,-,Havana-Rancho Boyeros Airport,HAV,MUHA,Cuba,Mexico City-Benito Juárez International Airport,MEX,MMMX,Mexico,4,6,4,6,-,-,Final
19670209-1,Thursday,09-FEB-1967,10:41,A1, Initial climb (ICL),"6,5 km (4.1 mls) NE of Wiesbaden Air Base (WIE)",Germany,4,0, Damaged beyond repair,-,Convair T-29A (CV-240),-,-,1950,-,-, 49-1917, 184,USAF,Military,-,Wiesbaden-Erbenheim (Y-80) Air Base,WIE,ETOU,Germany,-,-,-,-,4,0,0,0,-,-,-
19670210-1,Friday,10-FEB-1967,-,A1, En route (ENR),"9,5 km (5.9 mls) W of Zürich-Kloten Airport (ZRH)",Switzerland,4,4, Damaged beyond repair,-,Convair CV-440-11,-,-,1956,-,-, HB-IMF, 355,Swissair,Training,-,Zürich-Kloten Airport,ZRH,LSZH,Switzerland,Zürich-Kloten Airport,ZRH,LSZH,Switzerland,4,0,4,0,-,-,-
19670216-1,Thursday,16-FEB-1967,05:21,A1, Approach (APR),Manado-Sam Ratulangi Airport (MDC),Indonesia,92,22, Damaged beyond repair,-,Lockheed L-188C Electra,-,-,1960,-,12359.0, PK-GLB, 2021,Garuda,Domestic Scheduled Passenger,GA708,Ujung Pandang-Hasanudin Airport,UPG,WAAA,Indonesia,Manado-Sam Ratulangi Airport,MDC,WAMM,Indonesia,8,84,0,22,-,-,-
19670217-0,Friday,17-FEB-1967,-,A1, Initial climb (ICL),Tay Ninh,Vietnam,5,0, Damaged beyond repair,-,Lockheed C-130B Hercules,4,Allison T56-A-7,1961,-,-, 60-0307, 3618,USAF,Military,-,-,-,-,-,-,-,-,-,5,0,0,0,-,-,-
19670217-1,Friday,17-FEB-1967,-,U1, Unknown (UNK),at an unknown location,Spain,-,-, Damaged beyond repair,-,Douglas C-47D (DC-3),-,-,1945,-,-, T.3-3, 27154/15709,Spanish AF,Military,-,-,-,-,-,-,-,-,-,-,-,-,-,-,-,-
19670218-0,Saturday,18-FEB-1967,-,O1, Standing (STD),Saigon-Tan Son Nhat International Airport (SGN),Vietnam,0,0, Damaged beyond repair,-,Douglas RC-47P,2,Pratt & Whitney R-1830-90,1945,-,-, 43-49679, 26940/15495,USAF,Military,-,-,-,-,-,-,-,-,-,0,0,0,0,-,-,-
19670218-1,Saturday,18-FEB-1967,-,A1, Landing (LDG),Binh Thuy Air Base (VCA),Vietnam,7,0, Damaged beyond repair,-,Douglas AC-47D Spooky,2,Pratt & Whitney R-1830-90,1945,-,-, 44-76542, 32874/16126,USAF,Military,-,-,-,-,-,Binh Thuy Air Base,VCA,VVCT,Vietnam,7,0,0,0,-,-,-
19670219-0,Sunday,19-FEB-1967,-,A1, Landing (LDG),Roosevelt Roads-Roosevelt NAS (NRR),Puerto Rico,-,0, Damaged beyond repair,-,Lockheed P-2H Neptune,-,-,-,-,-, 147955, 726-7205,US Navy,Military,-,-,-,-,-,Roosevelt Roads-Roosevelt NAS,NRR,TJNR,Puerto Rico,-,-,0,0,-,-,-
19670220-0,Monday,20-FEB-1967,08:45,A1, Landing (LDG),Tegucigalpa-Toncontin Airport (TGU),Honduras,55,4, Damaged beyond repair,-,Douglas DC-6,-,-,1947,-,-, HR-SAS, 42894/56,SAHSA,Domestic Scheduled Passenger, 203,San Pedro Sula-Ramon Villeda Morales Airport,SAP,MHLM,Honduras,Tegucigalpa-Toncontin Airport,TGU,MHTG,Honduras,5,50,0,4,-,-,-
19670221-0,Tuesday,21-FEB-1967,-,A1, Approach (APR),Khartoum,Sudan,2,1, Damaged beyond repair,-,Douglas C-47B-20-DK (DC-3),2,Pratt & Whitney R-1830-90C,1944,-,-, ST-AAM, 26969/15524,Sudan Airways,Training,-,-,-,-,-,Khartoum-Civil Airport,KRT,HSSS,Sudan,2,0,1,0,-,-,-
19670222-1,Wednesday,22-FEB-1967,-,A2, Unknown (UNK),Myitkyina Airport (MYT),Myanmar,-,0, Substantial, Repaired,Douglas C-47A-30-DK (DC-3),2,Pratt & Whitney R-1830-92,1944,-,-, XY-ABF, 25288/13843,Union of Burma Airways,Scheduled Passenger,-,-,-,-,-,-,-,-,-,-,-,0,0,-,-,-
19670222-2,Wednesday,22-FEB-1967,-,A2, Unknown (UNK),Myitkyina Airport (MYT),Myanmar,-,0, Substantial, Repaired,Douglas C-47A-1-DK (DC-3),2,Pratt & Whitney R-1830-92,1943,-,-, XY-ACN, 12073,Union of Burma Airways,Scheduled Passenger,-,-,-,-,-,-,-,-,-,-,-,0,0,-,-,-
19670223-0,Thursday,23-FEB-1967,-,U1, Unknown (UNK),Danmarkshavn,Greenland,-,-, Damaged beyond repair,-,Douglas C-47A-1-DK (DC-3),2,Pratt & Whitney R-1830-92,1943,-,-, TF-ISA, 12184,Icelandair,Unknown,-,-,-,-,-,-,-,-,-,-,-,-,-,-,-,-
19670224-0,Friday,24-FEB-1967,02:25,A1, En route (ENR),"Holmdel, NJ",United States of America,14,0, Damaged beyond repair,-,Douglas DC-6B,4,Pratt & Whitney R-2800,1952,-,-, N8224H, 43741/290,Northeast Airlines,Domestic Scheduled Passenger,-,Philadelphia International Airport,PHL,KPHL,United States of America,Boston-Logan International Airport,BOS,KBOS,United States of America,5,9,0,0,-,-,Final
19670226-0,Sunday,26-FEB-1967,-,A1, Landing (LDG),Chaiten Airport (WCH),Chile,-,0, Substantial, Written off (damaged beyond repair),Douglas DC-3C,-,-,1944,-,23720.0, CC-CLB, 26277/14832,Private,Unknown,-,Puerto Montt-Tepual Airport,PMC,SCTE,Chile,Chaiten Airport,WCH,SCTN,Chile,-,-,0,0,-,-,-
19670228-0,Tuesday,28-FEB-1967,-,A1, Approach (APR),"1,5 km (0.9 mls) SW of Mactan Island-Chicago Naval Air Base (NOP)",Philippines,19,12, Damaged beyond repair,-,Fokker F-27 Friendship 100,-,-,1960,10195.0,15956.0, PI-C501, 10147,Philippine Air Lines,Domestic Scheduled Passenger, 345,Manila International Airport,MNL,RPLL,Philippines,Mactan Island-Chicago Naval Air Base,NOP,RPVM,Philippines,4,15,4,8,-,-,Final
19670228-1,Tuesday,28-FEB-1967,-,A1, En route (ENR),near Río Pauté,Ecuador,4,4, Damaged beyond repair,-,Douglas DC-3,-,-,-,-,-, registration unknown,-,Aeroamazonas,Unknown,-,-,-,-,-,-,-,-,-,4,0,4,0,-,-,-
19670228-2,Tuesday,28-FEB-1967,-,A1, Unknown (UNK),unknown,Unknown country,-,-, Damaged beyond repair,-,Douglas C-47A-90-DL (DC-3),-,-,1944,-,-, 43-16040, 20506,USAF,Military,-,-,-,-,-,-,-,-,-,-,-,-,-,-,-,-
19670301-0,Wednesday,01-MAR-1967,-,A1, Unknown (UNK),"Caravelas, BA",Brazil,3,0, Damaged beyond repair,-,Douglas C-47A-20-DK (DC-3),2,Pratt & Whitney R-1830-92,1944,-,-, PP-ASS, 12985,Sadia,Test,-,Caravelas Airport,CRQ,SBCV,Brazil,-,-,-,-,3,0,0,0,-,-,-
19670304-0,Saturday,04-MAR-1967,07:25,A1, Initial climb (ICL),near Bogotá-Eldorado Airport (BOG),Colombia,2,0, Damaged beyond repair,-,Curtiss C-46D-5-CU Commando,-,-,1944,-,-, HK-758, 32815,Aerocondor de Colombia,Cargo,-,Bogotá-Eldorado Airport,BOG,SKBO,Colombia,Barranquilla-Ernesto Cortissoz Airport,BAQ,SKBQ,Colombia,2,0,0,0,-,-,-
19670305-0,Sunday,05-MAR-1967,20:07,A1, En route (ENR),"3 km (1.9 mls) SE of Marseilles, OH",United States of America,38,38, Damaged beyond repair,-,Convair CV-580,2,Allison 501-D13D,1952,-,16216.0, N73130,  23,Lake Central Airlines,Domestic Scheduled Passenger, 527,Columbus-Port Columbus International Airport,CMH,KCMH,United States of America,Toledo-Express Airport,TOL,KTOL,United States of America,3,35,3,35,-,-,Final
19670305-1,Sunday,05-MAR-1967,02:56,A1, Approach (APR),Monrovia-Roberts International Airport (ROB),Liberia,90,51, Damaged beyond repair,-,Douglas DC-8-33,4,Pratt & Whitney JT4A-,1959,-,16775.0, PP-PEA, 45253/5,Varig,International Scheduled Passenger,RG837,Roma-Fiumicino Airport,FCO,LIRF,Italy,Monrovia-Roberts International Airport,ROB,GLRB,Liberia,19,71,1,50,-,5,Final
19670305-2,Sunday,05-MAR-1967,-,A1, Landing (LDG),Limbang Airport (LMN),Malaysia,16,0, Damaged beyond repair,-,Scottish Aviation Twin Pioneer 1,2,Alvis Leonides 514,1958,-,-, 9M-ANO, 532,MSA,Unknown,-,-,-,-,-,Limbang Airport,LMN,WBGJ,Malaysia,-,-,0,0,-,-,-
19670305-3,Sunday,05-MAR-1967,-,A1, En route (ENR),Gulf of Mexico,Atlantic Ocean,6,6, Missing, Presumed damaged beyond repair,Grumman HU-16E Albatross,-,-,-,-,-, 1240, G-61,US Coast Guard,Military,-,St. Petersburg International Airport,PIE,KPIE,United States of America,-,-,-,-,6,0,6,0,-,-,Preliminary
19670306-0,Monday,06-MAR-1967,09:10,A1, Takeoff (TOF),"1,8 km (1.1 mls) from  Salekhard Airport (SLY)",Russia,6,5, Destroyed, Written off (damaged beyond repair),Antonov An-12B,4,Ivchenko AI-20M,1966,-,973.0, CCCP-11007, 6343909,Aeroflot / Polar,Ferry/positioning,-,Salekhard Airport,SLY,USDD,Russia,-,-,-,-,6,0,5,0,-,-,-
19670306-1,Monday,06-MAR-1967,-,A1, Landing (LDG),Venezia,Italy,3,0, Damaged beyond repair,-,Shorts SC.7 Skyvan 2-102,-,-,1966,-,-, I-TORE, SH.1832,Aeralpi,Training,-,-,-,-,-,-,-,-,-,3,0,0,0,-,-,-
19670308-0,Wednesday,08-MAR-1967,-,A1, Initial climb (ICL),Karachi,Pakistan,6,4, Damaged beyond repair,-,Aviation Traders ATL-98 Carvair,-,-,1944,-,-, F-BMHU, 4/10338,CAT,Cargo,-,Karachi International Airport,KHI,OPKC,Pakistan,-,-,-,-,6,0,4,0,-,7,-
19670309-0,Thursday,09-MAR-1967,11:53,A1, En route (ENR),"near Urbana, OH",United States of America,25,25, Damaged beyond repair,-,Douglas DC-9-15,2,Pratt & Whitney JT8D-7,1967,-,-, N1063T, 45777/80,TWA,Domestic Scheduled Passenger,TW553,Pittsburgh International Airport,PIT,KPIT,United States of America,Dayton-James Cox Dayton International Airport,DAY,KDAY,United States of America,4,21,4,21,1,-,Final
19670309-1,Thursday,09-MAR-1967,-,C1, En route (ENR),16 km (10 mls) S of Duc Pho,Vietnam,7,7, Damaged beyond repair,-,Douglas RC-47P,2,Pratt & Whitney R-1830-90,1944,-,-, 43-49201, 26462/15017,USAF,Military,-,Nha Trang Airport,NHA,VVNT,Vietnam,Nha Trang Airport,NHA,VVNT,Vietnam,7,0,7,0,-,-,-
19670310-0,Friday,10-MAR-1967,05:03,A1, En route (ENR),"6,6 km (4.1 mls) SE of Klamath Falls-Kingsley Field, OR (LMT)",United States of America,4,4, Damaged beyond repair,-,Fairchild F-27,2,Rolls-Royce Dart 514-7,1960,-,16202.0, N2712,  73,West Coast Airlines,Domestic Scheduled Passenger, 720,Klamath Falls-Kingsley Field,LMT,KLMT,United States of America,Medford-Jackson County Airport,MFR,KMFR,United States of America,3,1,3,1,-,-,Final
19670310-1,Friday,10-MAR-1967,-,U1, Unknown (UNK),Tachikawa,Japan,-,-, Damaged beyond repair,-,Douglas C-54D-5-DC (DC-4),-,-,1945,-,-, 42-72561, 10666,USAF,Military,-,-,-,-,-,-,-,-,-,-,-,-,-,-,-,-
19670310-2,Friday,10-MAR-1967,-,A1, En route (ENR),near Phan Rang,Vietnam,25,25, Damaged beyond repair,-,Douglas VC-47J (DC-3),-,-,1945,-,-, 99844, 33267/16519,US Navy,Military,-,-,-,-,-,Saigon-Tan Son Nhat International Airport,SGN,VVTS,Vietnam,4,21,4,21,-,-,-
19670311-0,Saturday,11-MAR-1967,16:00,A1, En route (ENR),Col Visentin,Italy,5,4, Damaged beyond repair,-,de Havilland Canada DHC-6 Twin Otter 100,2,Pratt & Whitney Canada PT6A-20,1967,-,-, I-CLAI,  30,Aeralpi,Domestic Scheduled Passenger,-,Venice-Marco Polo Airport,VCE,LIPZ,Italy,Cortina d'Ampezzo-Fiames Airport,CDF,LIDI,Italy,2,3,2,2,-,-,-
19670311-1,Saturday,11-MAR-1967,-,A1, Unknown (UNK),within Belize,Belize,-,0, Damaged beyond repair,-,Consolidated PBY-5A Catalina,-,-,-,-,-, HP-425, 1596B,Cie Dariénitas de Servicios,Unknown,-,-,-,-,-,-,-,-,-,-,-,0,0,-,-,-
19670311-2,Saturday,11-MAR-1967,-,A2, Takeoff (TOF),Rourkela Airport (RRK),India,28,0, Substantial, Repaired,Douglas C-47A-25-DK (DC-3),-,-,1944,-,-, VT-AUU, 13687,Indian Airlines,Domestic Scheduled Passenger,-,Rourkela Airport,RRK,VERK,India,-,-,-,-,4,24,0,0,-,-,Final
19670312-0,Sunday,12-MAR-1967,-,A1, Takeoff (TOF),An Khe,Vietnam,45,0, Damaged beyond repair,-,Lockheed C-130E Hercules,-,-,1963,-,-, 63-7772, 3838,USAF,Military,-,-,-,-,-,Phu Cat Air Base,UIH,VVPC,Vietnam,5,40,0,0,-,-,-
19670312-1,Sunday,12-MAR-1967,14:28,A1, En route (ENR),86 km (53.8 mls) from  Yakutsk,Russia,20,15, Damaged beyond repair,-,Ilyushin Il-14P,-,-,1956,-,-, CCCP-61657, 6341801,Aeroflot / Yakutsk,Domestic Scheduled Passenger,-,-,-,-,-,Yakutsk Airport,YKS,UEEE,Russia,4,16,4,11,-,-,Preliminary
19670313-0,Monday,13-MAR-1967,17:10,A1, Approach (APR),"2,4 km (1.5 mls) SE off  Kayser's Beach",South Africa,25,25, Damaged beyond repair,-,Vickers 818 Viscount,4,Rolls-Royce Dart 525,1958,-,-, ZS-CVA, 317,South African Airways,Domestic Scheduled Passenger, 406,Port Elizabeth Airport,PLZ,FAPE,South Africa,East London Airport,ELS,FAEL,South Africa,5,20,5,20,-,-,Final
19670313-1,Monday,13-MAR-1967,-,H1, En route (ENR),Black Sea,Russia,1,1, Damaged beyond repair,-,Antonov An-2P,-,-,-,-,-, CCCP-04959,-,Aeroflot / North Kavkaz,Illegal Flight,-,-,-,-,-,-,-,-,-,1,0,1,0,-,-,-
19670313-2,Monday,13-MAR-1967,21:45,A1, Unknown (UNK),40 km (25 mls) off  Cap Finisterre,France,13,13, Damaged beyond repair,-,Lockheed P2V-7 Neptune,-,-,-,-,-, 147565, 726-7181,French Navy,Military,-,-,-,-,-,-,-,-,-,-,-,-,-,-,-,-
19670317-1,Friday,17-MAR-1967,-,A1, Landing (LDG),Bandar Abbas Airport (BND),Iran,28,0, Damaged beyond repair,-,Douglas C-47A-70-DL (DC-3),2,Pratt & Whitney R-1830-92,1943,-,-, EP-AEF, 19289,Iran Air,Scheduled Passenger,-,-,-,-,-,Bandar Abbas Airport,BND,OIKB,Iran,4,24,0,0,-,-,-
19670317-2,Friday,17-MAR-1967,10:08,A2, Approach (APR),near Subachoque,Colombia,6,0, Substantial,-,Douglas C-47 (DC-3),-,-,-,-,-, FAC-685,-,Colombian AF,Military,-,-,-,-,-,-,-,-,-,-,-,0,0,-,-,-
19670323-0,Thursday,23-MAR-1967,-,A1, Taxi (TXI),Da Nang Airport (DAD),Vietnam,6,5, Damaged beyond repair,-,Lockheed C-141A-LM Starlifter,4,Pratt & Whitney TF33-P-7,-,-,1012.0, 65-9407, 300-6144,USAF,Military,-,-,-,-,-,Da Nang Airport,DAD,VVDN,Vietnam,6,0,5,0,-,-,-
19670323-1,Thursday,23-MAR-1967,-,C1, Initial climb (ICL),near Bien Hoa Air Base,Vietnam,7,0, Damaged beyond repair,-,Douglas AC-47D Spooky,2,Pratt & Whitney R-1830-90,1944,-,-, 43-48356, 25617/14172,USAF,Military,-,-,-,-,-,-,-,-,-,7,0,0,0,-,-,-
19670324-0,Friday,24-MAR-1967,15:00,A1, En route (ENR),"Merced-Castle AFB, CA (MER)",United States of America,2,0, Damaged beyond repair,-,Douglas C-47A-70-DL (DC-3),2,Pratt & Whitney R-1830-92,1943,-,-, N54370, 19220,Amerine Turkey Breeding Farms,Executive,-,-,-,-,-,-,-,-,-,2,0,0,0,-,-,Final
19670328-0,Tuesday,28-MAR-1967,-,C1, Maneuvering (MNV),near Hoi An,Vietnam,7,7, Damaged beyond repair,-,Douglas AC-47D Spooky,2,Pratt & Whitney R-1830-90,1945,-,-, 44-76534, 32866/16118,USAF,Military,-,Da Nang Airport,DAD,VVDN,Vietnam,Da Nang Airport,DAD,VVDN,Vietnam,7,0,7,0,-,-,-
19670330-0,Thursday,30-MAR-1967,00:50,A1, Approach (APR),"New Orleans, LA",United States of America,6,6, Damaged beyond repair,-,Douglas DC-8-51,4,Pratt & Whitney JT3D-1,1959,-,23391.0, N802E, 45409/19,Delta Air Lines,Training,DL9877,New Orleans International Airport,MSY,KMSY,United States of America,New Orleans International Airport,MSY,KMSY,United States of America,6,0,6,0,-,13,Final
19670402-0,Sunday,02-APR-1967,-,A1, Unknown (UNK),off Lima,Peru,5,5, Damaged beyond repair,-,Lockheed 18-56-23 Lodestar,-,-,1944,-,-, N706G, 18-2625,Trans Caribbean Enterprises,Unknown,-,-,-,-,-,-,-,-,-,3,2,3,2,-,-,-
19670404-1,Tuesday,04-APR-1967,-,A1, Approach (APR),near Ughelli Aerodrome,Nigeria,-,0, Damaged beyond repair,-,Scottish Aviation Twin Pioneer 1,2,Alvis Leonides 514,1958,-,-, 5N-ABQ, 523,Bristow Helicopters,Training,-,-,-,-,-,-,-,-,-,-,-,0,0,-,-,-
19670406-0,Thursday,06-APR-1967,03:28,A1, Initial climb (ICL),2 km (1.3 mls) from  Moskva-Domodedovo Airport (DME),Russia,8,8, Damaged beyond repair,-,Ilyushin Il-18V,4,Ivchenko AI-20K,1964,929.0,2264.0, CCCP-75563, 184007802,Aeroflot,Ferry/positioning,-,Moskva-Domodedovo Airport,DME,UUDD,Russia,Moskva-Vnukovo Airport,VKO,UUWW,Russia,8,0,8,0,-,-,-
19670407-0,Friday,07-APR-1967,-,A1, Unknown (UNK),"near La Para, CD",Argentina,3,0, Damaged beyond repair,-,Lockheed 18-56-23 Lodestar,-,-,1943,-,-, N66549, 18-2577,Private,Illegal Flight,-,-,-,-,-,-,-,-,-,3,0,0,0,-,-,-
19670408-0,Saturday,08-APR-1967,11:00,A1, En route (ENR),near Seoul-Yeouido Air Base,South Korea,15,15, Damaged beyond repair,-,Curtiss C-46,-,-,-,-,-, registration unknown,-,South Korea AF,Military,-,-,-,-,-,Daegu (Taegu) International Airport,TAE,RKTN,South Korea,3,12,3,12,-,44,-
19670408-2,Saturday,08-APR-1967,-,A1, Maneuvering (MNV),130 km (81.3 mls) SW of Hail,Saudi Arabia,4,0, Damaged beyond repair,-,Douglas C-47B-30-DK (DC-3),2,Pratt & Whitney R-1830-90C,1945,-,-, G-AMYW, 33020/16272,Hunting Surveys,Survey/research,-,-,-,-,-,-,-,-,-,4,0,0,0,-,-,-
19670411-0,Tuesday,11-APR-1967,-,A1, En route (ENR),near Tamanrasset Airport (TMR),Algeria,39,35, Damaged beyond repair,-,Douglas DC-4,-,-,1943,-,-, 7T-VAU, 3065,Air Algérie,Domestic Scheduled Passenger,-,Algiers-Dar el Beida Airport,ALG,DAAG,Algeria,Tamanrasset Airport,TMR,DAAT,Algeria,6,33,6,29,-,-,-
19670411-1,Tuesday,11-APR-1967,19:30,A1, En route (ENR),"near Aguila, AZ",United States of America,2,2, Damaged beyond repair,-,Lockheed 18-56-24 Lodestar,-,-,1943,-,-, N699C, 18-2354,private,Ferry/positioning,-,-,-,-,-,-,-,-,-,2,0,2,0,-,-,-
19670411-2,Tuesday,11-APR-1967,-,A1, Approach (APR),"3,5 km (2.2 mls) from  Nizhniye Kresty Airport (CYX)",Russia,-,0, Damaged beyond repair,-,Lisunov Li-2,-,-,-,-,-, CCCP-04213, 18434610,Aeroflot / Polar,Unknown,-,-,-,-,-,Nizhniye Kresty Airport,CYX,UESS,Russia,5,-,0,0,-,-,-
19670412-0,Wednesday,12-APR-1967,-,A1, Initial climb (ICL),Cam Ranh Bay,Vietnam,9,7, Damaged beyond repair,-,Lockheed C-141A-LM Starlifter,4,Pratt & Whitney TF33-P-7,-,-,973.0, 66-0127, 300-6153,USAF,Military,-,-,-,-,-,Tokyo-Yokota AFB,OKO,RJTY,Japan,9,0,7,0,-,-,-
19670414-0,Friday,14-APR-1967,-,A1, Landing (LDG),"Pico da Bandeira, ES",Brazil,3,0, Damaged beyond repair,-,Lockheed P-15 Neptune (P2V-5),-,-,-,-,-, 7006, 426-5108,Brazilian AF,Military,-,-,-,-,-,-,-,-,-,3,0,0,0,-,-,-
19670415-0,Saturday,15-APR-1967,-,A1, Landing (LDG),Kham Duc Airstrip,Vietnam,5,0, Damaged beyond repair,-,Fairchild C-123K Provider,-,-,-,-,-, 55-4575, 20236,USAF,Military,-,Saigon-Tan Son Nhat International Airport,SGN,VVTS,Vietnam,-,-,-,-,5,0,0,0,-,-,-
19670416-0,Sunday,16-APR-1967,-,A1, Takeoff (TOF),Bao Loc,Vietnam,6,3, Damaged beyond repair,-,Lockheed C-130B Hercules,4,Allison T56-A-7,1959,-,-, 58-0722, 3517,USAF,Military,-,-,-,-,-,-,-,-,-,6,0,3,0,-,-,-
19670417-0,Monday,17-APR-1967,14:52,A1, Landing (LDG),"Kotzebue Airport, AK (OTZ)",United States of America,32,0, Damaged beyond repair,-,Lockheed L-1049H Super Constellation,-,-,1956,-,-, N7777C, 4803,Alaska Airlines,Domestic Scheduled Passenger,-,-,-,-,-,Kotzebue Airport,OTZ,PAOT,United States of America,4,28,0,0,-,-,Final
19670418-0,Tuesday,18-APR-1967,-,A1, En route (ENR),Zarand,Iran,23,23, Damaged beyond repair,-,Lockheed C-130E Hercules,-,-,1966,-,-, 5-107, 4118,Iran AF,Military,-,-,-,-,-,Tehran-Mehrabad Airport,THR,OIII,Iran,-,-,-,-,-,-,-
19670419-0,Wednesday,19-APR-1967,-,O1, Standing (STD),Wake Island Airport (AWK),Micronesia,0,0, Damaged beyond repair,-,Boeing KC-135A Stratotanker,4,Pratt & Whitney J57-P,1957,-,6550.0, 55-3140, 17256/23,USAF,Military,-,-,-,-,-,-,-,-,-,0,0,0,0,-,-,-
19670420-1,Thursday,20-APR-1967,01:13,A1, Approach (APR),"3,5 km (2.2 mls) S of Nicosia Airport (NIC)",Cyprus,130,126, Destroyed, Written off (damaged beyond repair),Bristol 175 Britannia 313,-,-,1957,6780.0,20632.0, HB-ITB, 13232,Globe Air,Int'l Non Scheduled Passenger,-,Bombay-Santacruz Airport,BOM,VABB,India,Cairo International Airport,CAI,HECA,Egypt,10,120,9,117,-,-,Final
19670420-2,Thursday,20-APR-1967,-,A1, Landing (LDG),Manston-Kent International Airport (MSE),United Kingdom,65,0, Damaged beyond repair,-,Bristol 175 Britannia 308F,-,-,1959,-,10682.0, G-ANCG, 12923,British Eagle,Int'l Non Scheduled Passenger,-,London-Heathrow Airport,LHR,EGLL,United Kingdom,Kuwait International Airport,KWI,OKBK,Kuwait,11,54,0,0,-,-,-
19670423-0,Sunday,23-APR-1967,-,H2, Unknown (UNK),Enugu,Nigeria,22,0, Unknown,-,Fokker F-27 Friendship,-,-,-,-,-, registration unknown,-,Nigeria Airways,Domestic Scheduled Passenger,-,Benin City Airport,BNI,DNBE,Nigeria,Lagos/Ikeja International Airport,LOS,DNMM,Nigeria,-,-,0,0,-,-,-
19670425-1,Tuesday,25-APR-1967,19:05,A1, En route (ENR),"1,6 km (1 mls) S off  Nantucket Island, MA",United States of America,16,15, Damaged beyond repair,-,Lockheed EC-121H Super Constellation,-,-,1955,-,-, 53-0549, 4364,USAF,Military,-,Falmouth-Otis AFB,FMH,KFMH,United States of America,-,-,-,-,-,-,-,-,-,-,-
19670426-0,Wednesday,26-APR-1967,-,A1, Maneuvering (MNV),off Cam Ranh Bay,Vietnam,7,7, Damaged beyond repair,-,Douglas AC-47D Spooky,2,Pratt & Whitney R-1830-90,1944,-,-, 43-48921, 26182/14737,USAF,Military,-,-,-,-,-,-,-,-,-,7,0,7,0,-,-,-
19670426-1,Wednesday,26-APR-1967,-,A1, En route (ENR),ca 3  km N of Sogamoso Airport (SOX),Colombia,18,17, Destroyed, Written off (damaged beyond repair),Douglas C-47-DL (DC-3),2,Pratt & Whitney R-1830-92,1942,-,-, HK-326, 4631,Avianca,Domestic Scheduled Passenger,-,Sogamoso-Alberto Lleras C. Airport,SOX,SKSO,Colombia,Trinidad Airport,TDA,SKTD,Colombia,3,15,2,15,-,-,-
19670427-0,Thursday,27-APR-1967,17:10,A1, Initial climb (ICL),"1,3 km (0.8 mls) from  Malaybalay Airport",Philippines,21,19, Damaged beyond repair,-,Fokker F-27 Friendship 400,-,-,1966,337.0,441.0, PK-PFB, 10306,Fokker,Demonstration,-,-,-,-,-,-,-,-,-,3,18,3,16,-,-,-
19670427-2,Thursday,27-APR-1967,-,A1, Initial climb (ICL),"2,5 km (1.6 mls) from  Trenton Canadian Forces Base, ON (YTR)",Canada,6,6, Damaged beyond repair,-,Lockheed CC-130E Hercules,-,-,1965,-,-, 10309, 4050,RCAF,Military,-,Trenton Canadian Forces Base,YTR,CYTR,Canada,-,-,-,-,-,-,-,-,-,-,-
19670428-0,Friday,28-APR-1967,-,A1, En route (ENR),off Tsushima Island,Japan,12,12, Damaged beyond repair,-,Lockheed P-3A Orion,-,-,1964,-,-, 151365, 185-5078,US Navy,Military,-,-,-,-,-,-,-,-,-,12,0,12,0,-,-,-
19670913-1,Wednesday,13-SEP-1967,17:49,A1, Initial climb (ICL),off Kingston,Jamaica,4,0, Damaged beyond repair,-,Curtiss C-46F-1-CU Commando,-,-,1945,-,-, N1309V, 22599,Capitol Airways,Executive,-,Kingston-Palisadoes International Airport,KIN,MKJP,Jamaica,-,-,-,-,2,2,0,0,-,-,Final
19670914-0,Thursday,14-SEP-1967,-,A1, Landing (LDG),London-Luton Airport (LTN),United Kingdom,69,0, Damaged beyond repair,-,Airspeed AS.57 Ambassador 2,2,Bristol Centaurus 661,1952,-,-, G-ALZS, 5215,Autair,Int'l Non Scheduled Passenger,-,Luxembourg-Findel Airport,LUX,ELLX,Luxembourg,London-Luton Airport,LTN,EGGW,United Kingdom,5,64,0,0,-,-,-
19670914-1,Thursday,14-SEP-1967,-,A1, Landing (LDG),Tayibah,United Arab Emirates,-,0, Damaged beyond repair,-,Scottish Aviation Twin Pioneer CC.2,2,Alvis Leonides 514,1958,-,-, XM959, 555,RAF,Military,-,-,-,-,-,-,-,-,-,-,-,0,0,-,-,-
19670916-0,Saturday,16-SEP-1967,-,A1, Unknown (UNK),"Calgary, AB",Canada,-,-, Damaged beyond repair,-,Dornier Do 28D Skyservant,-,-,-,-,-, D-IBUL, 0402/V-2,Dornier,Unknown,-,-,-,-,-,-,-,-,-,-,-,-,-,-,-,-
19670919-0,Tuesday,19-SEP-1967,-,A1, Unknown (UNK),at an unknown location,Unknown country,-,-, Damaged beyond repair,-,Douglas C-47D (DC-3),-,-,1944,-,-, 43-49520, 26781/15336,USAF,Military,-,-,-,-,-,-,-,-,-,-,-,-,-,-,-,-
19670921-0,Thursday,21-SEP-1967,07:59,A1, Landing (LDG),Bristol Airport (BRS),United Kingdom,21,0, Damaged beyond repair,-,Vickers 808 Viscount,-,-,1959,-,-, EI-AKK, 422,Aer Lingus,International Scheduled Passenger,-,Dublin Airport,DUB,EIDW,Ireland,Bristol Airport,BRS,EGGD,United Kingdom,4,17,0,0,-,-,-
19670923-1,Saturday,23-SEP-1967,07:12,A1, Initial climb (ICL),"Palm Springs, CA",United States of America,2,0, Damaged beyond repair,-,Oakland Centaurus,-,-,-,-,-, N7436C, 15-1502,Bird Corp.,Ferry/positioning,-,Palm Springs International Airport,PSP,KPSP,United States of America,-,-,-,-,2,0,0,0,-,-,Final
19670927-0,Wednesday,27-SEP-1967,-,A1, Unknown (UNK),"Jacksonville Beach, FL",United States of America,5,5, Damaged beyond repair,-,Lockheed P-2H Neptune,-,-,-,-,-, 147946, 726-7196,US Navy,Military,-,Jacksonville NAS,NIP,KNIP,United States of America,Jacksonville NAS,NIP,KNIP,United States of America,5,0,5,0,1,-,-
19670929-0,Friday,29-SEP-1967,-,A1, Unknown (UNK),"4,8 km (3 mls) W off  Tiomar",Malaysia,-,0, Damaged beyond repair,-,Scottish Aviation Twin Pioneer CC.2,2,Alvis Leonides 514,1958,-,-, XL991, 525,RAF,Military,-,-,-,-,-,-,-,-,-,-,-,0,0,-,-,-
19670930-0,Saturday,30-SEP-1967,-,U1, Unknown (UNK),at an unknown location,United States of America,-,-, Damaged beyond repair,-,Douglas C-47A-35-DL (DC-3),2,Pratt & Whitney R-1830-92,1943,-,-, N91003, 9708,Central Airlines,Unknown,-,-,-,-,-,-,-,-,-,-,-,-,-,-,-,-
19671001-0,Sunday,01-OCT-1967,-,A1, Approach (APR),"Goose Bay, NL",Canada,7,0, Damaged beyond repair,-,Dassault Falcon 20C,-,-,1966,-,-, HB-VAP, 37,Trans Commerce Leasing,Unknown,-,-,-,-,-,Goose Bay Airport,YYR,CYYR,Canada,2,5,0,0,-,-,-
19671002-0,Monday,02-OCT-1967,-,C1, En route (ENR),near Hue,Vietnam,7,7, Damaged beyond repair,-,Douglas AC-47D Spooky,2,Pratt & Whitney R-1830-90,1944,-,-, 43-48591, 25852/14407,USAF,Military,-,-,-,-,-,-,-,-,-,7,0,7,0,-,-,-
19671007-0,Saturday,07-OCT-1967,-,C1, En route (ENR),near Lagos,Nigeria,8,8, Damaged beyond repair,-,Fokker F-27 Friendship 200,-,-,1962,6409.0,7059.0, 5N-AAV, 10216,Biafran AF,Military,-,-,-,-,-,-,-,-,-,4,4,4,4,-,-,-
19671008-0,Sunday,08-OCT-1967,-,A1, En route (ENR),24 km (15 mls) SE of Hue-Phu Bai Airport (HUI),Vietnam,23,23, Damaged beyond repair,-,Lockheed C-130B Hercules,4,Allison T56-A-7,1962,-,-, 61-2649, 3692,USAF,Military,-,Hue-Phu Bai Airport,HUI,VVPB,Vietnam,Da Nang Airport,DAD,VVDN,Vietnam,5,18,5,18,-,-,-
19671009-0,Monday,09-OCT-1967,-,A1, Unknown (UNK),at an unknown location,Poland,-,-, Damaged beyond repair,-,Antonov An-2T,-,-,-,-,-, 58, 1G73-58,Polish AF,Military,-,-,-,-,-,-,-,-,-,-,-,-,-,-,-,-
19671012-0,Thursday,12-OCT-1967,03:25,C1, En route (ENR),"35 km (21.9 mls) S off  Demre, Turkey",Mediterranean Sea,66,66, Destroyed, Written off (damaged beyond repair),de Havilland DH-106 Comet 4,4,Rolls-Royce Avon 524,1961,-,15470.0, G-ARCO, 6449,BEA,International Scheduled Passenger,BE284,Athens-Ellinikon International Airport,ATH,LGAT,Greece,Nicosia Airport,NIC,LCNC,Cyprus,7,59,7,59,-,-,Final
19671012-1,Thursday,12-OCT-1967,-,A1, Landing (LDG),Khormaksar RAF Station (ADE),Yemen,-,0, Damaged beyond repair,-,Bristol 175 Britannia C.1,-,-,1959,-,-, XL638, 13400,RAF,Military,-,Bahrain International Airport,BAH,OBBI,Bahrain,Aden-Khormaksar RAF Station,ADE,ODAA,Yemen,-,-,0,0,-,-,-
19671012-2,Thursday,12-OCT-1967,-,A1, Takeoff (TOF),Dak To,Vietnam,4,0, Damaged beyond repair,-,Lockheed C-130A Hercules,-,-,1958,-,-, 57-0467, 3174,USAF,Military,-,-,-,-,-,-,-,-,-,4,0,0,0,-,1,-
19671012-3,Thursday,12-OCT-1967,-,A1, Initial climb (ICL),Aldan Airport (ADH),Russia,5,5, Damaged beyond repair,-,Lisunov Li-2,-,-,1948,-,-, CCCP-16150, 3703,Aeroflot / Yakutsk,Cargo,-,-,-,-,-,-,-,-,-,4,1,4,1,-,-,-
19671014-1,Saturday,14-OCT-1967,-,A1, Unknown (UNK),off Palawan Island,Philippines,-,0, Damaged beyond repair,-,Douglas DC-3,-,-,-,-,-, PI-C648,-,Aguinaldo Development,Unknown,-,-,-,-,-,-,-,-,-,-,-,0,0,-,-,-
19671014-2,Saturday,14-OCT-1967,-,U1, Unknown (UNK),"São Paulo, SP",Brazil,-,-, Damaged beyond repair,-,Douglas C-47B-45-DK (DC-3),2,Pratt & Whitney R-1830-90C,1945,-,-, PP-VBH, 34301/17036,Varig,Unknown,-,-,-,-,-,-,-,-,-,-,-,-,-,-,-,-
19671015-0,Sunday,15-OCT-1967,-,A1, Approach (APR),Khe Sanh,Vietnam,6,5, Damaged beyond repair,-,Lockheed C-130E Hercules,4,Allison T56-A-7,1965,-,-, 64-0548, 4043,USAF,Military,-,-,-,-,-,-,-,-,-,6,0,5,0,-,-,-
19671017-0,Tuesday,17-OCT-1967,-,O1, Standing (STD),København-Kastrup Airport (CPH),Denmark,0,0, Damaged beyond repair,-,Douglas DC-3A,-,-,1943,-,-, OY-DNP, 11638,Fairline,-,-,-,-,-,-,-,-,-,-,0,0,0,0,-,-,-
19671019-0,Thursday,19-OCT-1967,-,A1, Unknown (UNK),"Pampa del Gigantillo, SJ",Argentina,-,0, Damaged beyond repair,-,Lockheed 18-50 Lodestar,-,-,1943,-,-, N6L, 2424,-,Illegal Flight,-,-,-,-,-,-,-,-,-,-,-,0,0,-,-,-
19671024-0,Tuesday,24-OCT-1967,-,A1, Unknown (UNK),at an unknown location,Vietnam,16,16, Damaged beyond repair,-,Douglas C-47 (DC-3),-,-,-,-,-, B-1541,-,China Airlines,Domestic Non Scheduled Passenger,-,Phan Rang Air Base,PHA,VVPR,Vietnam,Pleiku Airport,PXU,VVPK,Vietnam,3,13,3,13,-,-,-
19671025-0,Wednesday,25-OCT-1967,11:08,A1, Approach (APR),"off Muskegon, MI",United States of America,4,0, Damaged beyond repair,-,Learjet 23,-,-,-,-,-, N432EJ, 23-028A,Executive Jet Sales,Executive,-,-,-,-,-,Muskegon Airport,MKG,KMKG,United States of America,2,2,0,0,-,-,Final
19671025-1,Wednesday,25-OCT-1967,-,C1, Taxi (TXI),Saigon-Tan Son Nhut Airport (SGN),Vietnam,4,0, Damaged beyond repair,-,Fairchild C-123K Provider,-,-,-,-,-, 54-0667, 20116,USAF,Military,-,Saigon-Tan Son Nhat International Airport,SGN,VVTS,Vietnam,Phan Rang Air Base,PHA,VVPR,Vietnam,4,0,0,0,1,-,-
19671103-0,Friday,03-NOV-1967,11:30,A1, En route (ENR),"25 km (15.6 mls) E of Curitiba-Afonso Pena International Airport, PR (CWB)",Brazil,25,21, Damaged beyond repair,-,Handley Page HPR-7 Herald 214,2,Rolls-Royce Dart (series unknown),1965,-,3191.0, PP-SDJ, 190,Sadia,Domestic Scheduled Passenger,-,São Paulo-Congonhas Airport,CGH,SBSP,Brazil,Curitiba-Afonso Pena International Airport,CWB,SBCT,Brazil,5,20,3,18,-,-,Final
19671104-1,Saturday,04-NOV-1967,22:02,A1, En route (ENR),"Blackdown Hill, Haslemere, West Sussex",United Kingdom,37,37, Destroyed, Written off (damaged beyond repair),Sud Aviation SE-210 Caravelle 10R,2,Pratt & Whitney JT8D-7,1966,-,-, EC-BDD, 202,Iberia,International Scheduled Passenger,IB062,Málaga Airport,AGP,LEMG,Spain,London-Heathrow Airport,LHR,EGLL,United Kingdom,7,30,7,30,-,-,-
19671105-0,Sunday,05-NOV-1967,10:35,A1, Takeoff (TOF),Hong Kong-Kai Tak International Airport (HKG),Hong Kong,127,1, Damaged beyond repair,-,Convair CV-880-22M-3,4,General Electric CJ805-3B,1963,-,11369.0, VR-HFX, 22-00-37,Cathay Pacific,International Scheduled Passenger, 033,Hong Kong-Kai Tak International Airport,HKG,VHHH,Hong Kong,Saigon-Tan Son Nhat International Airport,SGN,VVTS,Vietnam,11,116,0,1,-,-,Final
19671105-1,Sunday,05-NOV-1967,-,A1, En route (ENR),"192 km (120 mls) W off  Lhokkruet, Indonesia",Indian Ocean,11,8, Damaged beyond repair,-,Avro Shackleton MR.2,4,Rolls-Royce Griffon 57,1953,-,-, WL786,-,RAF,Military,-,Gan/Seenu Airport,GAN,VRMG,Maldives,Singapore-Changi International Airport,SIN,WSSS,Singapore,10,1,8,0,-,-,-
19671106-0,Monday,06-NOV-1967,18:41,A1, Takeoff (TOF),"Cincinnati/Northern Kentucky Airport, KY (CVG)",United States of America,36,1, Damaged beyond repair,-,Boeing 707-131,4,Pratt & Whitney JT3C-6,1959,-,26319.0, N742TW, 17669/43,TWA,Domestic Scheduled Passenger,TW159,Cincinnati/Northern Kentucky Airport,CVG,KCVG,United States of America,Los Angeles International Airport,LAX,KLAX,United States of America,7,29,0,1,-,-,Final
19671106-1,Monday,06-NOV-1967,-,C1, Standing (STD),Enugu Airport (ENU),Nigeria,-,-, Damaged beyond repair,-,Douglas C-47A-30-DK (DC-3),2,Pratt & Whitney R-1830-92,1944,-,-, 5N-AAK, 25366/13921,Biafran AF,Military,-,-,-,-,-,-,-,-,-,-,-,-,-,-,-,-
19671107-1,Tuesday,07-NOV-1967,-,A1, En route (ENR),"Matamoros, Tamaulipas",Mexico,5,5, Damaged beyond repair,-,Douglas C-47 (DC-3),-,-,-,-,-, TTD-6020,-,Mexican AF,Military,-,Corpus Christi International Airport,CRP,KCRP,United States of America,Mexico City International Airport,MEX,MMMX,Mexico,2,3,2,3,-,-,-
19671109-0,Thursday,09-NOV-1967,-,A1, Landing (LDG),l'étang de Berre,France,4,1, Damaged beyond repair,-,Consolidated PBY-5A Catalina,-,-,-,-,-, F-ZBAQ, 1684,Securité Civile,Training,-,-,-,-,-,-,-,-,-,4,0,1,0,-,-,-
19671112-0,Sunday,12-NOV-1967,-,C2, En route (ENR),"over Alamosa, CO",United States of America,78,0, Minor, Repaired,Boeing 727-23,-,-,-,-,-, registration unknown,-,American Airlines,Domestic Scheduled Passenger,-,Chicago-O'Hare International Airport,ORD,KORD,United States of America,San Diego International Airport,SAN,KSAN,United States of America,6,72,0,0,-,-,-
19671114-0,Tuesday,14-NOV-1967,-,A1, En route (ENR),Niokolo Koba National Park,Senegal,9,9, Damaged beyond repair,-,Nord 2501 Noratlas,2,Bristol Hercules 739,1955,-,-, 74, 74,French AF,Military,-,Dakar-Yoff Airport,DKR,GOOY,Senegal,Kedougou Airport,KGG,GOTK,Senegal,-,-,-,-,-,-,-
19671115-0,Wednesday,15-NOV-1967,-,C1, Standing (STD),Dak To Airfield,Vietnam,0,0, Damaged beyond repair,-,Lockheed C-130E Hercules,-,-,1963,-,-, 62-1865, 3829,USAF,Military,-,-,-,-,-,-,-,-,-,0,0,0,0,-,-,-
19671115-1,Wednesday,15-NOV-1967,-,C1, Standing (STD),Dak To Airfield,Vietnam,0,0, Damaged beyond repair,-,Lockheed C-130E Hercules,-,-,1964,-,-, 63-7827, 3904,USAF,Military,-,-,-,-,-,-,-,-,-,0,0,0,0,-,-,-
19671116-0,Thursday,16-NOV-1967,21:03,A1, Initial climb (ICL),"2,9 km (1.8 mls) E of Sverdlovsk-Koltsovo Airport (SVX)",Russia,107,107, Destroyed, Written off (damaged beyond repair),Ilyushin Il-18V,4,Ivchenko AI-20K,1964,2111.0,5326.0, CCCP-75538, 184007002,Aeroflot / International,Domestic Scheduled Passenger,2230,Sverdlovsk-Koltsovo Airport,SVX,USSS,Russia,Tashkent Airport,TAS,UTTT,Uzbekistan,8,99,8,99,-,-,-
19671117-0,Friday,17-NOV-1967,-,A1, Unknown (UNK),Leipzig,Germany,-,0, Damaged beyond repair,-,VEB 14P,-,-,-,-,-, DM-SAF, 14803016,Interflug,Unknown,-,Leipzig Airport,LEJ,EDDP,Germany,-,-,-,-,-,-,0,0,-,-,-
19671119-0,Sunday,19-NOV-1967,-,A1, En route (ENR),"352 km (220 mls) SW off  Newquay, UK",Atlantic Ocean,11,9, Damaged beyond repair,-,Avro Shackleton MR.3,4,Rolls-Royce Griffon 57,1957,-,-, WR976,-,RAF,Military,-,Newquay-St Mawgan RAF Station,NQY,EGDG,United Kingdom,-,-,-,-,10,1,8,1,-,-,-
19671120-0,Monday,20-NOV-1967,20:57,A1, Approach (APR),"2 km (1.3 mls) N of Covington-Greater Cincinnati Airport, KY (CVG)",United States of America,82,70, Destroyed, Written off (damaged beyond repair),Convair CV-880-22-1,4,General Electric CJ805-3A,1960,-,18850.0, N821TW, 22-00-27,TWA,Domestic Scheduled Passenger,TW128,Los Angeles International Airport,LAX,KLAX,United States of America,Covington-Greater Cincinnati Airport,CVG,KCVG,United States of America,7,75,5,65,-,-,Final
19671121-2,Tuesday,21-NOV-1967,-,A1, Unknown (UNK),Candelaria,Bolivia,-,-, Damaged beyond repair,-,Curtiss C-46A-60-CK Commando,2,Pratt & Whitney R-2800-51,1945,-,-, CP-826, 430,Transportes Aéreos Litoral,Unknown,-,-,-,-,-,-,-,-,-,-,-,-,-,-,-,-
19671122-0,Wednesday,22-NOV-1967,-,U1, Unknown (UNK),Reyes Airport (REY),Bolivia,-,-, Damaged beyond repair,-,Douglas C-47B-25-DK (DC-3),2,Pratt & Whitney R-1830-90C,1945,-,-, CP-691, 32724/15976,Aerolineas Abaroa,Unknown,-,-,-,-,-,-,-,-,-,-,-,-,-,-,-,-
19671122-1,Wednesday,22-NOV-1967,-,A1, Takeoff (TOF),"Long Binh, Bien Hoa",Vietnam,7,7, Damaged beyond repair,-,de Havilland Canada U-1A Otter (DHC-3),-,-,-,-,-, 57-6119, 249,US Army,Military,-,-,-,-,-,-,-,-,-,-,-,-,-,-,-,-
19671125-0,Saturday,25-NOV-1967,-,C1, Standing (STD),Nha Trang Airport (NHA),Vietnam,0,0, Damaged beyond repair,-,Lockheed C-130E-I Hercules,-,-,1965,-,-, 64-0563, 4071,USAF,Military,-,-,-,-,-,-,-,-,-,0,0,0,0,-,-,-
19671128-0,Tuesday,28-NOV-1967,21:00,A1, Landing (LDG),"Raleigh/Durham Airport, NC (RDU)",United States of America,43,0, Damaged beyond repair,-,Vickers 745D Viscount,-,-,1957,-,-, N7465, 231,United Airlines,Domestic Scheduled Passenger,-,-,-,-,-,Raleigh/Durham Airport,RDU,KRDU,United States of America,4,39,0,0,-,-,Final
19671129-0,Wednesday,29-NOV-1967,23:18,A1, Approach (APR),"1,1 km (0.7 mls) SW of Orlando-Herndon Airport, FL (ORL)",United States of America,3,3, Destroyed, Written off (damaged beyond repair),Learjet 23,-,-,-,-,-, N690LJ, 23-078,Jet International,Executive,-,-,-,-,-,Miami International Airport,MIA,KMIA,United States of America,2,1,2,1,-,-,Final
19671130-0,Thursday,30-NOV-1967,-,A1, Approach (APR),5 km (3.1 mls) S of Qui Nhon Airport (UIH),Vietnam,26,26, Damaged beyond repair,-,de Havilland Canada C-7B Caribou (DHC-4),-,-,1963,-,-, 62-4175, 116,USAF,Military,-,Pleiku Airport,PXU,VVPK,Vietnam,Qui Nhon Airport,UIH,VVQN,Vietnam,4,22,4,22,-,-,-
19671199-1,-,xx-NOV-1967,-,A1, Unknown (UNK),Enugu,Nigeria,-,-, Damaged beyond repair,-,de Havilland DH-114 Heron 1B,-,-,1953,-,-, VP-WAM, 14008,Air Trans Africa,Unknown,-,-,-,-,-,-,-,-,-,-,-,-,-,-,-,-
19671203-0,Sunday,03-DEC-1967,-,A1, Approach (APR),"0,8 km (0.5 mls) from  Falmouth-Otis AFB, MA (FMH)",United States of America,12,0, Damaged beyond repair,-,Lockheed P-2H Neptune,-,-,-,-,-, 148350, 726-7235,US Navy,Military,-,Brunswick NAS,NHZ,KNHZ,United States of America,Brunswick NAS,NHZ,KNHZ,United States of America,12,0,0,0,-,-,-
19671204-0,Monday,04-DEC-1967,-,A1, Initial climb (ICL),London-Stansted,United Kingdom,3,0, Damaged beyond repair,-,Armstrong Whitworth AW-650 Argosy 222,4,Rolls-Royce Dart 532-1,1965,-,-, G-ASXP, 6804,BEA,Training,-,London-Stansted Airport,STN,EGSS,United Kingdom,-,-,-,-,3,0,0,0,-,-,-
19671207-0,Thursday,07-DEC-1967,-,A1, Maneuvering (MNV),Muong Soui,Laos,12,10, Damaged beyond repair,-,Douglas DC-3,-,-,-,-,-, XW-PFM,-,Lao Cathay Airlines,Cargo,-,-,-,-,-,-,-,-,-,10,2,8,2,-,-,-
19671207-1,Thursday,07-DEC-1967,-,A1, Unknown (UNK),Les Loges-en-Josas,France,2,0, Damaged beyond repair,-,Morane Saulnier MS.760 Paris I,-,-,-,-,-, 37/F-RABZ, 37,French AF,Military,-,-,-,-,-,-,-,-,-,2,0,0,0,-,-,-
19671208-0,Friday,08-DEC-1967,12:00,A1, En route (ENR),Cordillera Carpish,Peru,72,72, Destroyed, Written off (damaged beyond repair),Douglas C-54A-5-DC (DC-4),-,-,1944,-,-, OB-R-148, 10284,Faucett,Domestic Scheduled Passenger,-,Huánuco Airport,HUU,SPHV,Peru,Tingo Maria Airport,TGI,SPGM,Peru,6,66,6,66,-,-,-
19671208-1,Friday,08-DEC-1967,-,A1, Landing (LDG),"Rio de Janeiro-Santos Dumont Airport, RJ (SDU)",Brazil,18,0, Damaged beyond repair,-,Vickers C-90 Viscount (742D),-,-,1956,-,-, 2100, 141,Brazilian AF,Official state flight,-,Brasília-Presidente Juscelino Kubitschek International Airport,BSB,SBBR,Brazil,Rio de Janeiro-Santos Dumont Airport,SDU,SBRJ,Brazil,-,-,0,0,-,-,-
19671208-2,Friday,08-DEC-1967,-,A1, Unknown (UNK),87 km (54.4 mls) SW of Ban Me Thot,Vietnam,5,0, Damaged beyond repair,-,Fairchild C-123K Provider,-,-,-,-,-, 54-0582, 20031,USAF,Military,-,-,-,-,-,-,-,-,-,5,0,0,0,-,-,-
19671209-0,Saturday,09-DEC-1967,12:57,A1, Landing (LDG),"Detroit City Airport, MI (DET)",United States of America,2,0, Damaged beyond repair,-,Learjet 23,-,-,-,-,-, N822LJ, 23-080,Jet International,Cargo,-,-,-,-,-,Detroit City Airport,DET,KDET,United States of America,2,0,0,0,-,-,Final
19671211-1,Monday,11-DEC-1967,15:26,A1, Landing (LDG),"Akron/Canton Regional Airport, OH (CAK)",United States of America,18,0, Damaged beyond repair,-,Vickers 745D Viscount,-,-,1956,-,-, N7429, 127,United Airlines,Domestic Scheduled Passenger,-,Detroit-Metropolitan Wayne County Airport,DTW,KDTW,United States of America,Akron/Canton Regional Airport,CAK,KCAK,United States of America,3,15,0,0,-,-,Final
19671213-0,Wednesday,13-DEC-1967,-,C1, Unknown (UNK),near Binh Thuy Air Base (VCA),Vietnam,2,0, Damaged beyond repair,-,de Havilland Canada C-7A Caribou (DHC-4),-,-,-,-,-, 61-2387, 43,USAF,Military,-,-,-,-,-,Binh Thuy Air Base,VCA,VVCT,Vietnam,2,0,0,0,-,-,-
19671213-1,Wednesday,13-DEC-1967,-,A1, Takeoff (TOF),Nakhon Phanom Airport (KOP),Thailand,-,-, Damaged beyond repair,-,Douglas AC-47,-,-,1944,-,-, L2-20/00, 26679/15234,Thai AF,Military,-,Nakhon Phanom Airport,KOP,VTUW,Thailand,-,-,-,-,-,-,-,-,-,-,Preliminary
19671214-0,Thursday,14-DEC-1967,-,A1, Unknown (UNK),"Mount Fairweather, AK",United States of America,-,-, Damaged beyond repair,-,Lockheed P-2H Neptune,-,-,-,-,-, 135594, 726-7038,US Navy,Military,-,-,-,-,-,-,-,-,-,-,-,-,-,-,-,-
19671215-0,Friday,15-DEC-1967,-,A1, En route (ENR),144 km (90 mls) N of Johor Baru,Malaysia,6,6, Damaged beyond repair,-,Blackburn Beverley C.1,4,Bristol Centaurus 173,1957,-,-, XL150, 1036,RAF,Military,-,-,-,-,-,-,-,-,-,6,0,6,0,-,-,-
19671221-0,Thursday,21-DEC-1967,16:00,A1, Takeoff (TOF),"Denver-Stapleton International Airport, CO (DEN)",United States of America,2,2, Damaged beyond repair,-,Douglas C-47A-70-DL (DC-3C),2,Pratt & Whitney R-1830-92,1943,-,49282.0, N65276, 19202,Frontier Airlines,Domestic Scheduled Passenger,2610,Denver-Stapleton International Airport,DEN,KDEN,United States of America,Scottsbluff County Airport,BFF,KBFF,United States of America,2,0,2,0,-,-,Final
19671221-1,Thursday,21-DEC-1967,-,O1, Standing (STD),"McBride, MS",United States of America,0,0, Damaged beyond repair,-,Douglas DC-3-270B,-,-,1940,-,-, N28360, 2271,private,-,-,-,-,-,-,-,-,-,-,0,0,0,0,-,-,-
19671221-2,Thursday,21-DEC-1967,-,U1, Unknown (UNK),"Perryville, MO",United States of America,-,-, Damaged beyond repair,-,North American Sabreliner 40,-,-,-,-,-, N30W, 282-5,Korda Kentucky Leasing,Unknown,-,-,-,-,-,-,-,-,-,-,-,-,-,-,-,-
19671221-3,Thursday,21-DEC-1967,-,A1, En route (ENR),Creag Bhan,United Kingdom,13,13, Damaged beyond repair,-,Avro Shackleton MR.3,4,Rolls-Royce Griffon 57,1958,-,3814.0, XF702,-,RAF,Military,-,-,-,-,-,-,-,-,-,13,0,13,0,-,-,-
19671223-0,Saturday,23-DEC-1967,08:01,A1, Landing (LDG),Göteborg-Torslanda Airport,Sweden,55,0, Damaged beyond repair,-,Douglas DC-6B,4,Pratt & Whitney R-2800,1951,-,-, OY-EAN, 43275/192,Sterling Airways,Domestic Non Scheduled Passenger, 821,Stockholm-Arlanda Airport,ARN,ESSA,Sweden,Göteborg-Torslanda Airport,GOT,ESGB,Sweden,6,49,0,0,-,-,-
19671223-1,Saturday,23-DEC-1967,-,A1, Takeoff (TOF),"0,8 km (0.5 mls) W of London-Luton Airport (LTN)",United Kingdom,2,2, Destroyed, Written off (damaged beyond repair),Hawker Siddeley HS-125-3B,-,-,1967,-,-, G-AVGW, 25120,Autair,Training,-,London-Luton Airport,LTN,EGGW,United Kingdom,London-Luton Airport,LTN,EGGW,United Kingdom,2,0,2,0,-,-,-
19671225-0,Monday,25-DEC-1967,13:49,A1, Approach (APR),Chiang Mai International Airport (CNX),Thailand,31,4, Damaged beyond repair,-,Douglas C-47A-DL (DC-3),-,-,1943,-,-, HS-TDH, 9189,Thai Airways,Domestic Scheduled Passenger, 002,Bangkok-Don Muang International Airport,BKK,VTBD,Thailand,Chiang Mai International Airport,CNX,VTCC,Thailand,3,28,2,2,-,-,-
19671225-1,Monday,25-DEC-1967,-,A2, Landing (LDG),Tiruchirappalli-Civil Airport (TRZ),India,3,0, Substantial, Repaired,Douglas DC-3,-,-,-,-,-, VT-DUC,-,Unknown,Domestic Non Scheduled Passenger,-,-,-,-,-,Tiruchirappalli-Civil Airport,TRZ,VOTR,India,2,1,0,0,-,-,Final
19671229-0,Friday,29-DEC-1967,-,A1, En route (ENR),53 km (33.1 mls) NE of Dien Bien Phu,Vietnam,11,11, Damaged beyond repair,-,Lockheed C-130E-I Hercules,-,-,1965,-,-, 64-0547, 4040,USAF,Military,-,Nha Trang Airport,NHA,VVNT,Vietnam,Nha Trang Airport,NHA,VVNT,Vietnam,11,0,11,0,-,-,-
19671230-0,Saturday,30-DEC-1967,-,A1, Approach (APR),"0,5 km (0.3 mls) from  Liepaya Airport (LPX)",Latvia,51,44, Destroyed, Written off (damaged beyond repair),Antonov An-24B,-,-,1966,-,-, CCCP-46215, 67302909,Aeroflot / Latvia,Domestic Scheduled Passenger,-,-,-,-,-,Liepaya Airport,LPX,EVLA,Latvia,5,46,3,41,-,-,-
19671231-0,Sunday,31-DEC-1967,-,A1, Approach (APR),Voronezh Airport (VOZ),Russia,-,0, Damaged beyond repair,-,Antonov An-24B,-,-,1966,-,-, CCCP-46201, 67302610,Aeroflot / Moscow,Unknown,-,-,-,-,-,Voronezh Airport,VOZ,UUOO,Russia,-,-,0,0,-,-,-
19679999-0,-,xx-xxx-1967,-,A1, Landing (LDG),at an unknown location,Unknown country,-,-, Damaged beyond repair,-,Bristol 170 Freighter 31M,2,Bristol Hercules 734,-,-,-, 369, 13215,Iraqi AF,Military,-,-,-,-,-,-,-,-,-,-,-,-,-,-,-,-
19679999-2,-,xx-xxx-1967,-,A1, Unknown (UNK),unknown,Democratic Republic of the Congo,-,0, Damaged beyond repair,-,Douglas C-47A-30-DK,-,-,1944,-,-, 9T-PKD, 25242/13797,Congolese AF,Military,-,-,-,-,-,-,-,-,-,-,-,0,0,-,-,-
19679999-3,-,xx-xxx-1967,-,A1, En route (ENR),Essequibo River,Guyana,-,0, Damaged beyond repair,-,Chase YC-122C Avitruc,2,Wright R-2600,-,-,-, N122S,-,W.S. Cheek Mining Co.,Cargo,-,-,-,-,-,-,-,-,-,-,-,0,0,-,-,-
19670428-1,Friday,28-APR-1967,-,A1, Takeoff (TOF),Butterworth Airport (BWH),Malaysia,-,0, Damaged beyond repair,-,Scottish Aviation Twin Pioneer CC.2,2,Alvis Leonides 514,1959,-,-, XN321, 576,RAF,Military,-,Butterworth Airport,BWH,WMKB,Malaysia,-,-,-,-,-,-,0,0,-,-,-
19670430-0,Sunday,30-APR-1967,-,A1, Approach (APR),5 km (3.1 mls) E off  Okinawa,Japan,9,0, Damaged beyond repair,-,Douglas C-133B-DL Cargomaster,4,Pratt & Whitney T34-P-9W,1960,-,-, 59-0534, 45585,USAF,Military,-,Okinawa-Kadena AFB,DNA,RODN,Japan,-,-,-,-,9,0,0,0,-,-,-
19670502-0,Tuesday,02-MAY-1967,-,A1, Unknown (UNK),Incahuara,Bolivia,-,-, Damaged beyond repair,-,Curtiss C-46A-5-CK Commando,2,Pratt & Whitney R-2800-51,1944,-,-, CP-712,    84,Aerovias Boliviana Transandina,Unknown,-,-,-,-,-,-,-,-,-,-,-,-,-,-,-,-
19670503-0,Wednesday,03-MAY-1967,-,A1, En route (ENR),Vestmannaeyjar,Iceland,3,3, Damaged beyond repair,-,Douglas C-47B-35-DK (DC-3),2,Pratt & Whitney R-1830-90C,1945,-,-, TF-AIO, 33416/16668,Flugsyn,Cargo,-,Reykjavík Domestic Airport,RKV,BIRK,Iceland,Vestmannaeyjar Airport,VEY,BIVM,Iceland,3,0,3,0,-,-,-
19670503-1,Wednesday,03-MAY-1967,-,A1, Takeoff (TOF),Southend Municipal Airport (SEN),United Kingdom,3,0, Damaged beyond repair,-,Vickers 812 Viscount,-,-,1958,-,-, G-AVJZ, 360,Channel Airways,Test,-,Southend Municipal Airport,SEN,EGMC,United Kingdom,Southend Municipal Airport,SEN,EGMC,United Kingdom,3,0,0,0,-,2,-
19670503-2,Wednesday,03-MAY-1967,05:02,A1, Initial climb (ICL),"Huron-Howes Airport, SD (HON)",United States of America,2,0, Damaged beyond repair,-,Grumman G-73 Mallard,-,-,1951,-,-, N298GB, J-58,Gold Bond Stamp Co.,Executive,-,Huron-Howes Airport,HON,KHON,United States of America,-,-,-,-,1,1,0,0,-,-,Final
19670505-0,Friday,05-MAY-1967,-,A1, Unknown (UNK),"near La Plata, BA",Argentina,-,-, Damaged beyond repair,-,Lockheed 18-08-01 Lodestar,-,-,1940,-,-, N65GC, 18-2029,Airstar,Illegal Flight,-,-,-,-,-,-,-,-,-,-,-,-,-,-,-,-
19670505-1,Friday,05-MAY-1967,-,O1, Standing (STD),"Montreal-Dorval International Airport, QC (YUL)",Canada,-,0, Damaged beyond repair,-,Canadair CC-109 Cosmopolitan,-,-,-,-,-, 11153, 3,RCAF,-,-,-,-,-,-,-,-,-,-,-,-,0,0,-,-,-
19670506-0,Saturday,06-MAY-1967,-,U1, Unknown (UNK),at an unknown location,Unknown country,-,-, Damaged beyond repair,-,Douglas C-47 (DC-3),-,-,-,-,-, HJ244,-,Indian AF,Military,-,-,-,-,-,-,-,-,-,-,-,-,-,-,-,-
19670508-0,Monday,08-MAY-1967,-,A1, Landing (LDG),Guam-Agana NAS (NGM),Guam,-,0, Damaged beyond repair,-,Fairchild HC-123B,-,-,-,-,-, 4541, 20202,US Coast Guard,Military,-,-,-,-,-,-,-,-,-,-,-,0,0,-,-,-
19670511-0,Thursday,11-MAY-1967,09:35,A1, En route (ENR),21 km (13.1 mls) SW of Alexeyevka,Russia,12,12, Damaged beyond repair,-,Antonov An-2,-,-,1955,-,11023.0, CCCP-05604, 15147303,Aeroflot / Kazakstan,Domestic Scheduled Passenger,-,Ust-Kamenogorsk Airport,UKK,UASK,Kazakhstan,-,-,-,-,2,10,2,10,-,-,-
19670514-0,Sunday,14-MAY-1967,14:40,A1, En route (ENR),"10 km (6.3 mls) NW off  Ventura, CA",United States of America,2,2, Damaged beyond repair,-,North American Sabreliner 40,-,-,-,-,-, N739R, 282-78,Container Corp. of America,Executive,-,-,-,-,-,-,-,-,-,2,0,2,0,-,-,Final
19670515-1,Monday,15-MAY-1967,-,A1, Approach (APR),"1,4 km (0.9 mls) from  Cape Dyer Airport, NU (YVN)",Canada,4,4, Damaged beyond repair,-,Curtiss C-46T,-,-,1944,-,-, CF-NAD, 30200,Nordair,Domestic Non Scheduled Passenger,-,-,-,-,-,Cape Dyer Airport,YVN,CYVN,Canada,2,2,2,2,-,-,-
19670517-0,Wednesday,17-MAY-1967,-,A1, Takeoff (TOF),Limbang Airport (LMN),Malaysia,-,0, Damaged beyond repair,-,Scottish Aviation Twin Pioneer 1,2,Alvis Leonides 514,1957,-,-, 9M-ANC, 519,MSA,Unknown,-,Limbang Airport,LMN,WBGJ,Malaysia,-,-,-,-,-,-,0,0,-,-,-
19670517-1,Wednesday,17-MAY-1967,-,A1, En route (ENR),13 km (8.1 mls) SE of Sontecomapan,Mexico,7,7, Damaged beyond repair,-,Douglas C-47B-10-DK (DC-3),2,Pratt & Whitney R-1830-90C,1944,-,-, XC-BII, 26281/14836,Pemex,Executive,-,Poza Rica-Tajin Airport,PAZ,MMPA,Mexico,Minatitlán/Coatzacoalcos International Airport,MTT,MMMT,Mexico,3,4,3,4,-,-,-
19670517-2,Wednesday,17-MAY-1967,-,A1, Takeoff (TOF),Newquay-St Mawgan RAF Station (NQY),United Kingdom,-,0, Damaged beyond repair,-,Avro Shackleton T.4,4,Rolls-Royce Griffon 57,1951,-,-, WB831,-,RAF,Military,-,Newquay-St Mawgan RAF Station,NQY,EGDG,United Kingdom,-,-,-,-,-,-,0,0,-,-,-
19670519-0,Friday,19-MAY-1967,18:37,A1, Approach (APR),"near Ottawa International Airport, ON (YOW)",Canada,3,3, Damaged beyond repair,-,Douglas DC-8-54F,4,Pratt & Whitney JT3D-,1963,-,9670.0, CF-TJM, 45653/178,Air Canada,Training,-,Montreal-Dorval International Airport,YUL,CYUL,Canada,Ottawa International Airport,YOW,CYOW,Canada,3,0,3,0,-,-,-
19670523-0,Tuesday,23-MAY-1967,-,A1, Unknown (UNK),Iligan Airport (IGN),Philippines,-,-, Damaged beyond repair,-,Douglas C-47A-25-DK (DC-3),2,Pratt & Whitney R-1830-92,1944,-,-, PI-C854, 13559,Air Manila Int.,Unknown,-,-,-,-,-,-,-,-,-,-,-,-,-,-,-,-
19670523-1,Tuesday,23-MAY-1967,-,A1, Unknown (UNK),Barranquilla-Soledad Airport (BAQ),Colombia,22,0, Damaged beyond repair,-,Douglas C-47A-50-DL (DC-3),2,Pratt & Whitney R-1830-92,1943,-,-, HK-503, 10171,Aerocondor de Colombia,Domestic Scheduled Passenger, 226,Barranquilla-Soledad Airport,BAQ,SKBQ,Colombia,Santa Marta Airport,SMR,SKSM,Colombia,3,19,0,0,-,-,-
19670526-0,Friday,26-MAY-1967,11:43,A1, Approach (APR),"Buenos Aires/Ezeiza-Ministro Pistarini Airport, BA (EZE)",Argentina,24,0, Damaged beyond repair,-,Convair CV-240-6,-,-,1948,-,18502.0, ZP-CDP,  72,LAP,Scheduled Passenger,-,-,-,-,-,Buenos Aires/Ezeiza-Ministro Pistarini Airport,EZE,SAEZ,Argentina,2,22,0,0,-,-,-
19670527-0,Saturday,27-MAY-1967,10:17,A1, Initial climb (ICL),"Pebbly Beach, Avalon, CA",United States of America,4,1, Damaged beyond repair,-,Grumman G-73 Mallard,-,-,1947,-,-, N2968, J-25,Catalina-Vegas Airlines,Training,-,-,-,-,-,-,-,-,-,2,2,1,0,-,-,-
19670529-0,Monday,29-MAY-1967,17:35,C2, En route (ENR),over San Marcos,Colombia,22,0, Substantial, Repaired,Douglas C-54A-15-DC (DC-4),-,-,1944,-,-, HK-757, 10404,Aerocondor de Colombia,Domestic Scheduled Passenger,-,Barranquilla-Ernesto Cortissoz Airport,BAQ,SKBQ,Colombia,Bogotá-Eldorado Airport,BOG,SKBO,Colombia,4,18,0,0,-,-,-
19670601-0,Thursday,01-JUN-1967,10:25,A2, Taxi (TXI),Dar es Salaam International Airport (DAR),Tanzania,3,0, Substantial, Repaired,Lockheed L-100 Hercules,4,Allison 501-D22,1966,-,2292.0, 9J-RCY, 4109,Zambian Air Cargoes,Cargo,-,Dar es Salaam International Airport,DAR,HTDA,Tanzania,Ndola Airport,NLA,FLND,Zambia,3,0,0,0,-,-,Final
19670601-2,Thursday,01-JUN-1967,-,A1, Unknown (UNK),unknown,Unknown country,-,-, Damaged beyond repair,-,Douglas VC-47D (DC-3),-,-,1945,-,-, 45-1125, 34395/17128,USAF,Military,-,-,-,-,-,-,-,-,-,-,-,-,-,-,-,-
19670602-0,Friday,02-JUN-1967,-,A1, Unknown (UNK),2 km (1.3 mls) SE of Samsun,Turkey,6,0, Damaged beyond repair,-,Douglas C-54G-1-DO (DC-4),-,-,1945,-,-, 45-515, 35968,USAF,Military,-,-,-,-,-,-,-,-,-,6,0,0,0,-,-,-
19670603-0,Saturday,03-JUN-1967,-,A1, Unknown (UNK),San Ramon,Bolivia,-,-, Damaged beyond repair,-,Curtiss C-46F-1-CU Commando,-,-,1945,-,-, CP-769, 22393,Rutas Aéreas Uncia,Unknown,-,-,-,-,-,-,-,-,-,-,-,-,-,-,-,-
19670603-1,Saturday,03-JUN-1967,21:06,A1, En route (ENR),Mont Canigou,France,88,88, Destroyed, Written off (damaged beyond repair),Douglas C-54A-1-DC (DC-4),-,-,1944,-,42663.0, G-APYK, 10279,Air Ferry,Int'l Non Scheduled Passenger,-,Manston Airport,MSE,EGMH,United Kingdom,Perpignan Airport,PGF,LFMP,France,5,83,5,83,-,-,Final
19670604-0,Sunday,04-JUN-1967,09:09,A1, Approach (APR),Stockport,United Kingdom,84,72, Destroyed, Written off (damaged beyond repair),Canadair C-4 Argonaut,4,Rolls-Royce Merlin 622,1949,-,-, G-ALHG, 153,BMA,Int'l Non Scheduled Passenger,-,Palma de Mallorca Airport,PMI,LEPA,Spain,Manchester International Airport,MAN,EGCC,United Kingdom,5,79,3,69,-,-,Final
19670604-1,Sunday,04-JUN-1967,-,A1, Landing (LDG),Blagoveshchensk Airport (BQS),Russia,-,0, Damaged beyond repair,-,Antonov An-12TP-2,-,-,1961,-,-, CCCP-04366, 1901510,Aeroflot / Polar,Survey/research,-,-,-,-,-,Blagoveshchensk Airport,BQS,UHBB,Russia,-,-,0,0,-,-,-
19670605-0,Monday,05-JUN-1967,17:30,C1, Standing (STD),Damascus International Airport (DAM),Syria,-,0, Damaged beyond repair,-,Douglas DC-7,-,-,1954,-,-, JY-ACO, 44145/484,Alia,-,-,-,-,-,-,-,-,-,-,-,-,0,0,-,-,-
19670605-1,Monday,05-JUN-1967,-,C1, Unknown (UNK),Beirut ?,Lebanon,-,-, Damaged beyond repair,-,Douglas DC-7,-,-,1954,-,-, JY-ACP, 44137/436,Alia,Unknown,-,-,-,-,-,-,-,-,-,-,-,-,-,-,-,-
19670605-2,Monday,05-JUN-1967,-,C1, Standing (STD),Damascus International Airport (DAM),Syria,0,0, Damaged beyond repair,-,Learjet 23,-,-,-,-,-, 5A-DAD, 23-075,Libyan Arab Airlines,-,-,-,-,-,-,-,-,-,-,0,0,0,0,-,-,-
19670605-3,Monday,05-JUN-1967,-,C1, Standing (STD),Luxor Air Base,Egypt,-,-, Damaged beyond repair,-,Antonov An-12BP,4,Ivchenko AI-20M,-,-,-, 1217 ?, 402303 ?,Egyptian AF,Military,-,-,-,-,-,-,-,-,-,-,-,-,-,-,-,-
19670605-4,Monday,05-JUN-1967,-,C1, Standing (STD),Luxor Air Base,Egypt,-,-, Damaged beyond repair,-,Antonov An-12BP,4,Ivchenko AI-20M,-,-,-, 1218 ?, 402304 ?,Egyptian AF,Military,-,-,-,-,-,-,-,-,-,-,-,-,-,-,-,-
19670605-5,Monday,05-JUN-1967,-,C1, Standing (STD),Sirkin,Israel,0,0, Damaged beyond repair,-,Nord 2501D Noratlas,2,Bristol Hercules 739,-,-,-, 4X-FAX/077, D092,Israeli AF,Military,-,-,-,-,-,-,-,-,-,0,0,0,0,-,-,-
19670605-6,Monday,05-JUN-1967,-,C1, Standing (STD),Jerusalem Airport (JRS),Israel,-,-, Damaged beyond repair,-,Douglas C-47B-5-DK (DC-3),-,-,1944,-,-, UNO 8680, 25941/14496,UN,-,-,-,-,-,-,-,-,-,-,-,-,-,-,-,-,-
19670606-0,Tuesday,06-JUN-1967,-,U1, Unknown (UNK),Amman,Jordan,-,-, Damaged beyond repair,-,de Havilland DH-114 Heron 2C,-,-,1956,-,-, 394, 14106,Iraqi AF,Military,-,-,-,-,-,-,-,-,-,-,-,-,-,-,-,-
19670609-0,Friday,09-JUN-1967,-,A1, En route (ENR),19 km (11.9 mls) E of Saigon-Tan Son Nhut Airport (SGN),Vietnam,10,10, Damaged beyond repair,-,Lockheed C-130B Hercules,4,Allison T56-A-7,1959,-,-, 58-0737, 3534,USAF,Military,-,Nha Trang Airport,NHA,VVNT,Vietnam,Saigon-Tan Son Nhat International Airport,SGN,VVTS,Vietnam,6,4,6,4,-,-,-
19670609-1,Friday,09-JUN-1967,-,A1, Landing (LDG),West Raynham RAF Station,United Kingdom,-,0, Damaged beyond repair,-,Handley Page Hastings C.2,-,-,1951,-,-, WD491, HP67/119,RAF,Military,-,-,-,-,-,-,-,-,-,-,0,0,0,-,-,-
19670611-0,Sunday,11-JUN-1967,-,A1, Unknown (UNK),Jeddah,Saudi Arabia,-,0, Damaged beyond repair,-,Douglas C-47B-15-DK (DC-3),2,Pratt & Whitney R-1830-90C,1944,-,-, HZ-AAJ, 26680/15235,Saudi Arabian,Unknown,-,-,-,-,-,-,-,-,-,-,-,0,0,-,-,-
19670611-1,Sunday,11-JUN-1967,-,C1, Approach (APR),Quang Ngai,Vietnam,-,0, Damaged beyond repair,-,Douglas C-47A-60-DL (DC-3),2,Pratt & Whitney R-1830-92,1943,-,-, B-827, 13784,Air America,Non Scheduled Passenger,-,-,-,-,-,-,-,-,-,-,-,0,0,-,-,-
19670611-2,Sunday,11-JUN-1967,-,A1, Maneuvering (MNV),6 km (3.8 mls) W of Gazimurski Zavod,Russia,3,2, Damaged beyond repair,-,Antonov An-2R,-,-,1961,-,4944.0, CCCP-49345, 1G12-29,Aeroflot / East Siberia,Agricultural,-,-,-,-,-,-,-,-,-,3,0,2,0,-,-,-
19670612-0,Monday,12-JUN-1967,17:58,A1, Initial climb (ICL),Dublin Airport (DUB),Ireland,2,2, Damaged beyond repair,-,Bristol 170 Freighter 31E,2,Bristol Hercules 734,-,-,-, EI-APM, 13076,Aer Turas,Cargo, 612,Glasgow-Prestwick Airport,PIK,EGPK,United Kingdom,Dublin Airport,DUB,EIDW,Ireland,2,0,2,0,-,-,-
19670612-1,Monday,12-JUN-1967,-,A1, Initial climb (ICL),La Paz,Mexico,28,3, Damaged beyond repair,-,Douglas DC-3A-197D,2,Pratt & Whitney R-1830,1940,-,-, XA-FUW, 3260,Aeronaves de México,Domestic Scheduled Passenger,-,La Paz-Manuel Márquez de León International Airport,LAP,MMLP,Mexico,Mazatlán-Gen. Rafael Buelna Airport,MZT,MMMZ,Mexico,4,24,3,0,-,2,-
19670613-0,Tuesday,13-JUN-1967,-,A1, Unknown (UNK),Xaixai,Mozambique,15,0, Damaged beyond repair,-,Nord 2502B Noratlas,2,Bristol Hercules 739,-,-,-, 6414, 2,Portuguese AF,Military,-,Beira Airport,BEW,FQBR,Mozambique,Maputo International Airport,MPM,FQMA,Mozambique,3,12,0,0,-,-,-
19670615-1,Thursday,15-JUN-1967,14:10,A1, En route (ENR),"Atlin Provincial Park, BC",Canada,6,3, Destroyed, Written off (damaged beyond repair),Grumman HU-16E Albatross,-,-,-,-,-, 7237, G-324,US Coast Guard,Military,-,Annette Island Airport,ANN,PANT,United States of America,Annette Island Airport,ANN,PANT,United States of America,6,0,3,0,-,-,Preliminary
19670616-0,Friday,16-JUN-1967,-,A1, En route (ENR),"Coari, AM",Brazil,25,20, Damaged beyond repair,-,Douglas C-47B-45-DK (DC-3),2,Pratt & Whitney R-1830-90C,1945,-,-, 2068, 34284/17020,Brazilian AF,Military,-,Jacareacanga Airport,JCR,SBEK,Brazil,-,-,-,-,-,-,-,-,-,-,-
19670617-0,Saturday,17-JUN-1967,-,A1, Takeoff (TOF),An Khe,Vietnam,56,35, Destroyed, Written off (damaged beyond repair),Lockheed C-130B Hercules,4,Allison T56-A-7,1960,-,-, 60-0293, 3591,USAF,Military,-,-,-,-,-,Qui Nhon Airport,UIH,VVQN,Vietnam,7,49,0,35,-,-,-
19670617-1,Saturday,17-JUN-1967,-,A1, Takeoff (TOF),Karaganda Airport (KGF),Kazakhstan,34,9, Damaged beyond repair,-,Lisunov Li-2,-,-,1951,-,12927.0, CCCP-71220, 18439006,Aeroflot / Kazakstan,Domestic Scheduled Passenger,-,Tselinograd Airport,TSE,UACC,Kazakhstan,Karaganda Airport,KGF,UAKK,Kazakhstan,3,31,2,7,-,-,-
19670621-0,Wednesday,21-JUN-1967,-,C1, Taxi (TXI),Habulaya,Yemen,0,0, Damaged beyond repair,-,Blackburn Beverley C.1,4,Bristol Centaurus 173,1957,-,-, XM106, 1042,RAF,Military,-,-,-,-,-,-,-,-,-,0,0,0,0,-,-,-
19670622-0,Thursday,22-JUN-1967,21:18,A1, Approach (APR),"6,5 km (4.1 mls) N of Saigon-Tan Son Nhat International Airport (SGN)",Vietnam,7,7, Destroyed, Written off (damaged beyond repair),Lockheed L-1049H Super Constellation,-,-,1958,-,-, N6936C, 4849,Airlift Int.,Cargo,-,Manila International Airport,MNL,RPLL,Philippines,Saigon-Tan Son Nhat International Airport,SGN,VVTS,Vietnam,4,3,4,3,-,-,-
19670622-1,Thursday,22-JUN-1967,-,A1, Maneuvering (MNV),3 km (1.9 mls) N of Ashbourne,Ireland,3,3, Damaged beyond repair,-,Vickers 803 Viscount,-,-,1957,-,-, EI-AOF, 176,Aer Lingus,Training,-,Dublin Airport,DUB,EIDW,Ireland,Dublin Airport,DUB,EIDW,Ireland,3,0,3,0,-,-,-
19670622-2,Thursday,22-JUN-1967,-,A1, Landing (LDG),"Fayetteville-Pope AFB, NC (POB)",United States of America,5,0, Damaged beyond repair,-,Lockheed C-130E Hercules,-,-,1963,-,-, 63-7801, 3867,USAF,Military,-,-,-,-,-,Fayetteville-Pope AFB,POB,KPOB,United States of America,5,0,0,0,-,-,-
19670623-1,Friday,23-JUN-1967,14:47,A1, En route (ENR),"1,6 km (1 mls) E of Blossburg, PA",United States of America,34,34, Destroyed, Written off (damaged beyond repair),BAC One-Eleven 204AF,2,Rolls-Royce Spey 506-14,1966,-,2246.0, N1116J, 098,Mohawk Airlines,Domestic Scheduled Passenger,  40,Elmira Regional Airport,ELM,KELM,United States of America,Washington-National Airport,DCA,KDCA,United States of America,4,30,4,30,-,-,Final
19670624-0,Saturday,24-JUN-1967,-,A1, Approach (APR),"Warrensburg-Whiteman AFB, MO (SZL)",United States of America,-,0, Damaged beyond repair,-,Douglas C-124C Globemaster II,4,Pratt & Whitney R-4360-20WA,-,-,-, 50-0086, 43224,USAF,Military,-,-,-,-,-,-,-,-,-,-,-,0,0,-,-,-
19670624-2,Saturday,24-JUN-1967,-,A1, Unknown (UNK),near Khalif Nseir,Saudi Arabia,17,16, Damaged beyond repair,-,Douglas C-47 (DC-3),-,-,-,-,-, HZ-AAM,-,Saudi Arabian,Domestic Scheduled Passenger,-,Nejran Airport,EAM,OENG,Saudi Arabia,-,-,-,-,3,14,3,13,-,-,-
19670629-0,Thursday,29-JUN-1967,-,A1, Landing (LDG),Rivera Airport (RVY),Uruguay,2,0, Substantial, Written off (damaged beyond repair),Douglas C-47B-1-DK (DC-3),2,Pratt & Whitney R-1830-90C,1943,-,-, 522, 25733/14298,Uruguayan AF,Military,-,Montevideo-Carrasco Airport,MVD,SUMU,Uruguay,Rivera Airport,RVY,SURV,Uruguay,2,0,0,0,-,-,-
19670629-1,Thursday,29-JUN-1967,-,A1, Unknown (UNK),Mazatlan,Mexico,-,-, Damaged beyond repair,-,Douglas DC-6,-,-,1948,-,-, XA-NAH, 43133/125,SAESA,Unknown,-,-,-,-,-,-,-,-,-,-,-,-,-,-,-,-
19670629-2,Thursday,29-JUN-1967,09:00,A2, Landing (LDG),Bhubaneswar Airport (BBI),India,14,0, Substantial, Repaired,Fokker F-27 Friendship 100,-,-,1963,-,-, VT-DOM, 10220,Indian Airlines,Domestic Scheduled Passenger,IC262,Visakhapatnam Airport,VTZ,VEVZ,India,Bhubaneswar Airport,BBI,VEBS,India,4,10,0,0,-,-,Final
19670630-1,Friday,30-JUN-1967,16:10,A1, Approach (APR),1.2 km (0.8 mls) SE off  Hong Kong-Kai Tak International Airport (HKG),Hong Kong,80,24, Damaged beyond repair,-,Sud Aviation SE-210 Caravelle III,2,Rolls-Royce Avon 527,1960,-,17350.0, HS-TGI,  25,Thai Airways International,International Scheduled Passenger, 601,Taipei-Songshan Airport,TSA,RCSS,Taiwan,Hong Kong-Kai Tak International Airport,HKG,VHHH,Hong Kong,7,73,0,24,-,-,Final
19670630-2,Friday,30-JUN-1967,15:30,C1, Standing (STD),Aden International Airport (ADE),Yemen,0,0, Damaged beyond repair,-,Vickers 760D Viscount,-,-,1957,-,-, VR-AAV, 187,Aden Airways,-,-,-,-,-,-,-,-,-,-,0,0,0,0,-,-,-
19670705-0,Wednesday,05-JUL-1967,-,A1, Unknown (UNK),off Okinawa,Japan,22,0, Damaged beyond repair,-,Curtiss C-46D-15-CU Commando,-,-,1945,-,-, 51-1125, 33399,JASDF,Military,-,-,-,-,-,-,-,-,-,-,-,0,0,-,-,-
19670705-1,Wednesday,05-JUL-1967,-,A1, Takeoff (TOF),Abingdon-RAF Station (ABB),United Kingdom,-,0, Damaged beyond repair,-,Hawker Siddeley HS-748 Andover C.1,-,-,1966,-,-, XS598, Set  5,RAF,Military,-,Abingdon RAF Station,ABB,EGUD,United Kingdom,-,-,-,-,-,-,0,0,-,-,-
19670706-0,Thursday,06-JUL-1967,18:43,A1, En route (ENR),near Bacolod,Philippines,21,21, Damaged beyond repair,-,Fokker F-27 Friendship 100,-,-,1965,3684.0,4228.0, PI-C527, 10285,Philippine Air Lines,Domestic Scheduled Passenger, 385,Bacolod Airport,BCD,RPVB,Philippines,Mactan Island-Chicago Naval Air Base,NOP,RPVM,Philippines,4,17,4,17,-,-,-
19670709-0,Sunday,09-JUL-1967,-,A1, Landing (LDG),Casablanca-Anfa Airport (CAS),Morocco,102,0, Damaged beyond repair,-,Ilyushin Il-18V,4,Ivchenko AI-20K,1961,-,-, 3X-GAB, 181003703,Air Guinée,International Scheduled Passenger,-,-,-,-,-,Praha-Ruzyne International Airport,PRG,LKPR,Czech Republic,-,-,0,0,-,-,-
19670711-0,Tuesday,11-JUL-1967,11:04,A1, En route (ENR),"8 km (5 mls) SE of Le Center, MN",United States of America,2,2, Damaged beyond repair,-,Grumman G-159 Gulfstream I,2,Rolls-Royce Dart 529-8X,1964,-,1937.0, N861H, 147,Honeywell,Training,-,Minneapolis-St. Paul International Airport,MSP,KMSP,United States of America,Minneapolis-St. Paul International Airport,MSP,KMSP,United States of America,2,0,2,0,-,-,Final
19670713-0,Thursday,13-JUL-1967,-,A1, Approach (APR),near Ozyorski,Russia,-,-, Damaged beyond repair,-,Ilyushin Il-14,-,-,-,-,-, registration unknown,-,Federal Border Guard,Training,-,-,-,-,-,-,-,-,-,-,-,-,-,-,-,-
19670714-0,Friday,14-JUL-1967,-,A1, Unknown (UNK),"Lock Haven, PA",United States of America,-,-, Damaged beyond repair,-,Lockheed P-2E Neptune,-,-,-,-,-, 128414, 426-5260,US Navy,Military,-,Minneapolis-St. Paul International Airport,MSP,KMSP,United States of America,Willow Grove NAS,NXX,KNXX,United States of America,-,-,-,-,-,-,-
19670715-0,Saturday,15-JUL-1967,-,C1, Standing (STD),Da Nang Air Base (DAD),Vietnam,0,0, Damaged beyond repair,-,Lockheed C-130A Hercules,-,-,1957,-,-, 55-0009, 3036,USAF,Military,-,-,-,-,-,-,-,-,-,0,0,0,0,-,-,-
19670715-1,Saturday,15-JUL-1967,-,C1, Standing (STD),Da Nang Air Base (DAD),Vietnam,0,0, Damaged beyond repair,-,Lockheed EC-130E Hercules,-,-,1963,-,-, 62-1815, 3777,USAF,Military,-,-,-,-,-,-,-,-,-,0,0,0,0,-,-,-
19670717-0,Monday,17-JUL-1967,-,A1, Takeoff (TOF),"1,5 km (0.9 mls) NW of Bellevue-Offutt AFB, NE (OFF)",United States of America,5,1, Damaged beyond repair,-,Boeing KC-135R Stratotanker,-,-,1960,-,4107.0, 59-1465, 17953/368,USAF,Military,-,Bellevue-Offutt AFB,OFF,KOFF,United States of America,-,-,-,-,5,0,1,0,-,-,-
19670717-1,Monday,17-JUL-1967,-,U1, Unknown (UNK),Landsberg/Lech ?,Germany,-,-, Damaged beyond repair,-,Nord 2501D Noratlas,2,Bristol Hercules 739,-,-,-, AS+581, D143,German AF,Military,-,-,-,-,-,-,-,-,-,-,-,-,-,-,-,-
19670719-0,Wednesday,19-JUL-1967,12:01,A1, En route (ENR),"Hendersonville, NC",United States of America,79,79, Destroyed, Written off (damaged beyond repair),Boeing 727-22,3,Pratt & Whitney JT8D-7,1963,-,6445.0, N68650, 18295/4,Piedmont Airlines,Domestic Scheduled Passenger,  22,Asheville Municipal Airport,AVL,KAVL,United States of America,Roanoke Municipal Airport,ROA,KROA,United States of America,5,74,5,74,3,-,Final
19670719-1,Wednesday,19-JUL-1967,07:30,A1, Initial climb (ICL),Antananarivo-Ivato Airport (TNR),Madagascar,77,42, Destroyed, Written off (damaged beyond repair),Douglas DC-4-1009,-,-,1946,-,-, 5R-MAD, 42991,Air Madagascar,Domestic Scheduled Passenger,-,Antananarivo-Ivato Airport,TNR,FMMI,Madagascar,Antsiranana/Arrachart Airport,DIE,FMNA,Madagascar,4,73,3,39,-,-,-
19670720-0,Thursday,20-JUL-1967,-,C1, Maneuvering (MNV),near Gia Vuc,Vietnam,5,5, Damaged beyond repair,-,Fairchild C-123B-7-FA Provider,-,-,-,-,-, 54-0630, 20079,USAF,Military,-,Da Nang Airport,DAD,VVDN,Vietnam,Da Nang Airport,DAD,VVDN,Vietnam,5,0,5,0,-,-,-
19670725-1,Tuesday,25-JUL-1967,-,A1, En route (ENR),25 km (15.6 mls) SE of Luang Prabang,Laos,16,16, Damaged beyond repair,-,Douglas DC-3C,-,-,1944,-,24883.0, XW-PDL, 12324,China Airlines,Domestic Scheduled Passenger,-,Vientiane-Wattay Airport,VTE,VLVT,Laos,Luang Prabang Airport,LPQ,VLLB,Laos,3,13,3,13,-,-,-
19670725-2,Tuesday,25-JUL-1967,15:35,A1, Landing (LDG),"Harrisburg-York State Airport, PA (HAR)",United States of America,8,0, Damaged beyond repair,-,Grumman G-159 Gulfstream I,-,-,1961,-,-, N205M,  62,Mellon Bank,Executive,-,-,-,-,-,Harrisburg-York State Airport,HAR,KCXY,United States of America,2,6,0,0,-,-,Final
19670727-0,Thursday,27-JUL-1967,-,U1, Unknown (UNK),at an unknown location,Unknown country,-,-, Damaged beyond repair,-,Douglas C-47A-90-DL (DC-3),2,Pratt & Whitney R-1830-92,1944,-,-, BJ497, 20259,Indian AF,Military,-,-,-,-,-,-,-,-,-,-,-,-,-,-,-,-
19670803-0,Thursday,03-AUG-1967,-,C1, Approach (APR),Duc Pho Camp,Vietnam,3,3, Damaged beyond repair,-,de Havilland Canada C-7B Caribou (DHC-4),-,-,-,-,-, 62-4161, 99,USAF,Military,-,-,-,-,-,-,-,-,-,3,0,3,0,-,-,-
19670803-1,Thursday,03-AUG-1967,-,U1, Unknown (UNK),near Melun-Sénart,France,-,-, Damaged beyond repair,-,Morane Saulnier MS.760 Paris I,-,-,-,-,-, 95, 95,French AF,Military,-,-,-,-,-,-,-,-,-,-,-,-,-,-,-,-
19670806-0,Sunday,06-AUG-1967,-,H2, En route (ENR),Havana,Cuba,71,0, Unknown,-,Douglas C-54A-15-DC (DC-4),-,-,1944,-,-, HK-757, 10404,Aerocondor de Colombia,Domestic Scheduled Passenger,-,Barranquilla-Ernesto Cortissoz Airport,BAQ,SKBQ,Colombia,San Andrés Island Airport,ADZ,SKSP,Colombia,-,-,0,0,-,-,-
19670807-0,Monday,07-AUG-1967,-,U1, Unknown (UNK),Mactan Island-Chicago Naval Air Base (NOP),Philippines,-,-, Damaged beyond repair,-,Douglas C-124C Globemaster II,4,Pratt & Whitney R-4360-20WA,-,-,-, 52-1012, 43921,USAF,Military,-,-,-,-,-,-,-,-,-,-,-,-,-,-,-,-
19670807-1,Monday,07-AUG-1967,-,A1, Unknown (UNK),"N of San Luis Obispo, CA",United States of America,8,3, Damaged beyond repair,-,Grumman HU-16E Albatross,-,-,-,-,-, 2128, G-355,US Coast Guard,Military,-,-,-,-,-,-,-,-,-,-,-,-,-,-,-,Preliminary
19670813-0,Sunday,13-AUG-1967,09:30,A1, En route (ENR),Phu Cum,Laos,6,0, Damaged beyond repair,-,Curtiss C-46D-20-CU Commando,-,-,1945,-,-, N9473Z, 22293,Continental Air Services,Unknown,-,-,-,-,-,-,-,-,-,2,4,0,0,-,-,Preliminary - official
19670815-0,Tuesday,15-AUG-1967,11:48,A2, Landing (LDG),Portsmouth Airport (PME),United Kingdom,23,0, Substantial, Repaired,Hawker Siddeley HS-748-222 Srs. 2,2,Rolls-Royce Dart 531,1966,-,2651.0, G-ATEK, 1588,Channel Airways,Domestic Scheduled Passenger,-,Southend Municipal Airport,SEN,EGMC,United Kingdom,-,-,-,-,4,19,0,0,-,-,Final
19670815-1,Tuesday,15-AUG-1967,13:34,A2, Landing (LDG),Portsmouth Airport (PME),United Kingdom,66,0, Substantial, Repaired,Hawker Siddeley HS-748-222 Srs. 2,2,Rolls-Royce Dart 531,1965,-,3037.0, G-ATEH, 1585,Channel Airways,Domestic Scheduled Passenger,-,Guernsey Airport,GCI,EGJB,United Kingdom,-,-,-,-,4,62,0,0,-,-,Final
19670817-0,Thursday,17-AUG-1967,-,A1, En route (ENR),within Pleiku province,Vietnam,3,3, Damaged beyond repair,-,de Havilland Canada U-1A Otter (DHC-3),-,-,-,-,-, 58-1702, 318,US Army,Military,-,-,-,-,-,Pleiku Airport,PXU,VVPK,Vietnam,-,-,-,-,-,-,-
19670822-0,Tuesday,22-AUG-1967,-,A1, Unknown (UNK),Chynow,Poland,-,-, Damaged beyond repair,-,Antonov An-2M,-,-,1963,-,-, 635, 1G36-35,Polish Navy,Military,-,-,-,-,-,-,-,-,-,-,-,-,-,-,-,-
19670822-1,Tuesday,22-AUG-1967,-,A1, En route (ENR),off China [South China Sea],Pacific Ocean,9,6, Damaged beyond repair,-,Fairchild C-123B Provider,-,-,-,-,-, 657, 20106,Republic of China AF,Unknown,-,-,-,-,-,Hong Kong-Kai Tak International Airport,HKG,VHHH,Hong Kong,-,-,-,-,-,-,-
19670828-0,Monday,28-AUG-1967,-,A1, Unknown (UNK),unknown,Unknown country,-,-, Damaged beyond repair,-,Douglas C-47D (DC-3),-,-,1944,-,-, 43-16282, 20748,USAF,Military,-,-,-,-,-,-,-,-,-,-,-,-,-,-,-,-
19670829-1,Tuesday,29-AUG-1967,17:00,A1, Initial climb (ICL),3 km (1.9 mls) S of Meschura Airport,Russia,13,6, Damaged beyond repair,-,Antonov An-2,-,-,1963,-,4398.0, CCCP-42615, 1G40-16,Aeroflot / Komi,Domestic Scheduled Passenger,-,-,-,-,-,-,-,-,-,2,11,0,6,-,-,-
19670830-0,Wednesday,30-AUG-1967,-,A1, Approach (APR),off An Thoi,Vietnam,-,-, Damaged beyond repair,-,de Havilland Canada DHC-4A Caribou,-,-,1964,-,-, A4-171, 171,RAAF,Military,-,-,-,-,-,-,-,-,-,-,-,-,-,-,-,-
19670831-0,Thursday,31-AUG-1967,-,A1, Unknown (UNK),"Prins Karls Forland Island, Spitsbergen",Norway,11,11, Damaged beyond repair,-,Breguet 1150 Atlantic,2,Rolls-Royce Tyne RTy.20 Mk 21,-,-,-, 39, 39,French Navy,Military,-,-,-,-,-,-,-,-,-,11,0,11,0,-,-,-
19670899-0,-,xx-AUG-1967,-,U1, Unknown (UNK),"Mojave, CA",United States of America,-,-, Damaged beyond repair,-,Boeing 377 Stratocruiser 10-29,4,Pratt & Whitney R-4360-B6,1949,-,-, N90942, 15958/30,Aero Spacelines,Unknown,-,-,-,-,-,-,-,-,-,-,-,-,-,-,-,-
19670899-1,-,xx-AUG-1967,-,C1, Standing (STD),Port Harcourt Airport (PHC),Nigeria,0,0, Damaged beyond repair,-,Douglas C-47A-1-DK (DC-3),2,Pratt & Whitney R-1830-92,1943,-,-, 9G-AAD, 12199,Ghana Airways,-,-,-,-,-,-,-,-,-,-,0,0,0,0,-,-,-
19670901-0,Friday,01-SEP-1967,-,A1, Takeoff (TOF),Panama-Howard AFB,Panama,9,9, Damaged beyond repair,-,Curtiss C-46D-10-CU Commando,-,-,1944,-,-, 44-77552, 32948,USAF,Military,-,-,-,-,-,-,-,-,-,9,0,9,0,-,-,-
19670903-1,Sunday,03-SEP-1967,-,U1, Unknown (UNK),at an unknown location,Brazil,-,-, Damaged beyond repair,-,Douglas C-47A-DL (DC-3),-,-,1944,-,-, 2034, 13823,Brazilian AF,Military,-,-,-,-,-,-,-,-,-,-,-,-,-,-,-,-
19670904-0,Monday,04-SEP-1967,-,A1, Approach (APR),19 km (11.9 mls) SW of Bao Loc,Vietnam,11,11, Damaged beyond repair,-,Fairchild C-123K Provider,-,-,-,-,-, 54-0621, 20070,USAF,Military,-,-,-,-,-,-,-,-,-,3,8,3,8,-,-,-
19670905-0,Tuesday,05-SEP-1967,05:10,A1, Initial climb (ICL),"1 km (0.6 mls) SE of Gander Airport, NL (YQX)",Canada,69,37, Destroyed, Written off (damaged beyond repair),Ilyushin Il-18D,-,-,1967,-,-, OK-WAI, 187009705,CSA,International Scheduled Passenger, 523,Gander Airport,YQX,CYQX,Canada,Havana-José Martí International Airport,HAV,MUHA,Cuba,8,61,4,33,-,-,Final
19670909-0,Saturday,09-SEP-1967,-,H2, En route (ENR),Santiago Airport (SCU),Cuba,20,0, Unknown,-,Douglas C-47-DL (DC-3),-,-,1942,-,-, HK-101, 4688,Avianca,Domestic Scheduled Passenger,-,Barranquilla-Ernesto Cortissoz Airport,BAQ,SKBQ,Colombia,Magangué-Baracoa Airport,MGN,SKMG,Colombia,4,16,0,0,-,-,-
