identifiant,week_day,date,time,type_event,phase,location,country,total_occupants,total_fatalities,aircraft_damage,aircraft_fate,type_aircraft,number_engines,type_engines,first_flight,cycles,total_airframe_hours,registration,c_n_msn,operator,nature,flight_number,departure_airport_name,departure_airport_IATA,departure_airport_ICAO,departure_airport_country,destination_airport_name,destination_airport_IATA,destination_airport_ICAO,destination_airport_country,crew_number,passengers_number,crew_fatalities,passengers_fatalities,collision_casualties,ground_casualties,status
19620102-0,Tuesday,02-JAN-1962,13:16,A1, Takeoff (TOF),Kabul-Khwaja Rawash Airport (KBL),Afghanistan,2,0, Damaged beyond repair,-,Douglas C-47-DL (DC-3),2,Pratt & Whitney R-1830-92,1942,-,-, EP-ABB, 6043,Iran Air,Cargo, 123,Kabul-Khwaja Rawash Airport,KBL,OAKB,Afghanistan,Tehran-Mehrabad Airport,THR,OIII,Iran,2,0,0,0,-,-,Final
19620102-1,Tuesday,02-JAN-1962,-,U1, Unknown (UNK),at an unknown location,Unknown country,-,-, Damaged beyond repair,-,Convair C-131E (CV-440),-,-,1956,-,-, 55-4750, 337,USAF,Military,-,-,-,-,-,-,-,-,-,-,-,-,-,-,-,-
19620106-0,Saturday,06-JAN-1962,-,A1, Initial climb (ICL),Belize City-Philip S.W. Goldson International Airport (BZE),Belize,2,1, Damaged beyond repair,-,Curtiss C-46A-60-CK Commando,2,Pratt & Whitney R-2800-51,1945,-,-, HR-TNB, 435,TAN,Cargo,-,Belize City-Philip S.W. Goldson International Airport,BZE,MZBZ,Belize,-,-,-,-,2,0,1,0,-,-,-
19620108-0,Monday,08-JAN-1962,-,A1, En route (ENR),Korea Bay,China,14,14, Damaged beyond repair,-,Lockheed RB-69A Neptune,-,-,-,-,-, 54-4038, 726-7097,Republic of China AF,Military,-,-,-,-,-,-,-,-,-,14,0,14,0,-,-,-
19620110-0,Wednesday,10-JAN-1962,23:00,A1, En route (ENR),"South Park Township, PA",United States of America,5,5, Damaged beyond repair,-,Douglas C-47 (DC-3),-,-,-,-,-, registration unknown,-,Air National Guard,Military,-,Pittsburgh-Greater Pittsburgh Airport,PIT,KPIT,United States of America,Pittsburgh-Greater Pittsburgh Airport,PIT,KPIT,United States of America,5,0,5,0,-,-,-
19620110-2,Wednesday,10-JAN-1962,-,A1, Unknown (UNK),unknown,Unknown country,-,-, Damaged beyond repair,-,Douglas C-47A-DK (DC-3),-,-,1943,-,-, 42-92078, 11839,USAF,Military,-,-,-,-,-,-,-,-,-,-,-,-,-,-,-,-
19620110-3,Wednesday,10-JAN-1962,-,A1, Unknown (UNK),unknown,Unknown country,-,-, Damaged beyond repair,-,Douglas C-47D (DC-3),-,-,1945,-,-, 44-76663, 32995/16247,USAF,Military,-,-,-,-,-,-,-,-,-,-,-,-,-,-,-,-
19620111-0,Thursday,11-JAN-1962,-,A1, Unknown (UNK),near Maniamuna,Democratic Republic of the Congo,-,-, Damaged beyond repair,-,Curtiss C-46D-15-CU Commando,-,-,1945,-,-, HP-312, 33381,APASA,Unknown,-,-,-,-,-,-,-,-,-,-,-,-,-,-,-,-
19620112-0,Friday,12-JAN-1962,-,A1, En route (ENR),Kronborg Glacier,Greenland,12,12, Damaged beyond repair,-,Lockheed P2V Neptune,-,-,-,-,-, 131521, 426-5402,US Navy,Military,-,-,-,-,-,-,-,-,-,12,0,12,0,-,-,-
19620113-0,Saturday,13-JAN-1962,-,A1, Takeoff (TOF),Tippi Airport (TIE),Ethiopia,18,5, Damaged beyond repair,-,Douglas C-47A-50-DL (DC-3),2,Pratt & Whitney R-1830-92,1943,-,20026.0, ET-T-1, 10053,Ethiopian Air Lines,Domestic Scheduled Passenger,-,Tippi Airport,TIE,HATP,Ethiopia,Jimma Airport,JIM,HAJM,Ethiopia,3,15,2,3,-,1,-
19620115-0,Monday,15-JAN-1962,-,A1, Unknown (UNK),"Arctic Bay, NT",Canada,-,-, Damaged beyond repair,-,Douglas C-47-DL (DC-3),2,Pratt & Whitney R-1830-92,1942,-,-, CF-IQF, 6101,Nordair,Unknown,-,-,-,-,-,-,-,-,-,-,-,-,-,-,-,-
19620115-1,Monday,15-JAN-1962,-,A1, Unknown (UNK),Oslo-Fornebu Airport (FBU),Norway,-,-, Damaged beyond repair,-,Douglas C-47B-10-DK (DC-3),2,Pratt & Whitney R-1830-90C,1944,-,-, 43-49160, 26421/14976,USAF,Military,-,-,-,-,-,-,-,-,-,-,-,-,-,-,-,-
19620117-0,Wednesday,17-JAN-1962,-,A1, Landing (LDG),50 km (31.3 mls) SSE of Curuzú Cuatiá,Argentina,-,-, Damaged beyond repair,-,Curtiss C-46A-45-CU Commando,2,Pratt & Whitney R-2800-51,1944,-,-, ZP-CAI, 30447,Aerocarga,Unknown,-,-,-,-,-,-,-,-,-,-,-,-,-,-,-,-
19620121-0,Sunday,21-JAN-1962,-,A1, Approach (APR),Azaiba Airfield,Oman,-,0, Damaged beyond repair,-,Douglas DC-4-1009,-,-,1946,-,-, OD-ADO, 42949,TMA,Unknown,-,-,-,-,-,-,-,-,-,-,-,0,0,-,-,-
19620122-0,Monday,22-JAN-1962,15:16,A1, Takeoff (TOF),Caranavi Airport,Bolivia,6,6, Damaged beyond repair,-,Curtiss C-46D-15-CU Commando,-,-,1945,-,-, CP-541, 33579,Transaéreos de la Corporación Boliviana de Fomento,Cargo,-,-,-,-,-,-,-,-,-,4,2,4,2,-,-,-
19620125-0,Thursday,25-JAN-1962,-,A1, Standing (STD),"Altus AFB, OK (LTS)",United States of America,-,0, Destroyed, Written off (damaged beyond repair),Boeing KC-135A Stratotanker,4,Pratt & Whitney J57-P,1958,-,-, 56-3657, 17406/96,USAF,Military,-,-,-,-,-,-,-,-,-,-,-,0,0,-,-,-
19620126-0,Friday,26-JAN-1962,15:30,A1, En route (ENR),"40 km (25 mls) N of Helena, MT",United States of America,6,6, Damaged beyond repair,-,Douglas C-47A-75-DL (DC-3),-,-,1943,-,-, 42-100861, 19324,Air National Guard,Military,-,Helena Airport,HLN,KHLN,United States of America,Cut Bank Airport,CTB,KCTB,United States of America,3,3,3,3,-,-,-
19620127-0,Saturday,27-JAN-1962,18:18,A1, Initial climb (ICL),1 km (0.6 mls) SW of Ulyanovsk/Baratayevka Airport,Russia,14,13, Damaged beyond repair,-,Antonov An-10A,4,Ivchenko AI-20K,1959,1435.0,622.0, CCCP-11148, 9400801,Aeroflot,Training,-,Ulyanovsk/Baratayevka Airport,ULV,UWLL,Russia,Ulyanovsk/Baratayevka Airport,ULV,UWLL,Russia,4,10,4,9,-,-,-
19620127-1,Saturday,27-JAN-1962,11:46,A1, En route (ENR),500 km (312.5 mls) SE of Teheran,Iran,5,3, Damaged beyond repair,-,de Havilland Canada U-1A Otter (DHC-3),-,-,-,-,1807.0, 55-3317, 182,US Army,Military,-,Tehran-Mehrabad Airport,THR,OIII,Iran,-,-,-,-,2,3,-,-,-,-,-
19620127-2,Saturday,27-JAN-1962,-,U1, Unknown (UNK),at an unknown location,Unknown country,-,-, Damaged beyond repair,-,CASA 352 (Junkers Ju-52),-,-,-,-,-, T.2B-258, 149,Spanish AF,Military,-,-,-,-,-,-,-,-,-,-,-,-,-,-,-,-
19620128-0,Sunday,28-JAN-1962,-,A1, Unknown (UNK),"near La Toma, SL",Argentina,4,0, Damaged beyond repair,-,Curtiss C-46A-55-CK Commando,2,Pratt & Whitney R-2800-51,1944,-,-, CX-AYI,   170,private,Cargo,-,-,-,-,-,-,-,-,-,3,1,0,0,-,-,-
19620128-1,Sunday,28-JAN-1962,-,A1, Landing (LDG),Cúcuta Airport (CUC),Colombia,54,0, Damaged beyond repair,-,Douglas C-54B-1-DC (DC-4),-,-,1944,-,-, HK-130, 10469,Avianca,Domestic Scheduled Passenger,-,Bogotá-Eldorado Airport,BOG,SKBO,Colombia,Cúcuta-Camilo Daza Airport,CUC,SKCC,Colombia,4,50,0,0,-,-,-
19620132-0,Thursday,01-FEB-1962,-,A1, En route (ENR),within France,France,-,0, Damaged beyond repair,-,SNCASO S.O.95M Corse III,-,-,-,-,-, 	2.S.15, 15,French Navy,Military,-,-,-,-,-,-,-,-,-,-,-,0,0,-,-,-
19620201-1,Thursday,01-FEB-1962,11:00,A1, Approach (APR),"near Hall Beach Airport, NU (YUX)",Canada,21,0, Damaged beyond repair,-,Canadair DC-4M1 North Star,4,Rolls-Royce Merlin 622,1947,-,-, 17520, 104,RCAF,Military,-,Hall Beach Airport,YUX,CYUX,Canada,Cambridge Bay Airport,YCB,CYCB,Canada,-,-,0,0,-,-,-
19620202-0,Friday,02-FEB-1962,-,A1, En route (ENR),between Bien Hoa and Vung Tau,Vietnam,3,3, Damaged beyond repair,-,Fairchild C-123B-18-FA Provider,-,-,-,-,-, 56-4370, 20254,USAF,Military,-,Saigon-Tan Son Nhat International Airport,SGN,VVTS,Vietnam,Saigon-Tan Son Nhat International Airport,SGN,VVTS,Vietnam,3,0,3,0,-,-,-
19620204-0,Sunday,04-FEB-1962,-,C1, Maneuvering (MNV),near Xieng Khouang,Laos,6,6, Damaged beyond repair,-,Curtiss C-46D-20-CU Commando,-,-,1945,-,-, B-916, 22362,Air America,Military,-,-,-,-,-,-,-,-,-,6,0,6,0,-,-,-
19620204-1,Sunday,04-FEB-1962,10:05,A1, En route (ENR),17 km (10.6 mls) NE of Tingo Maria,Peru,18,18, Damaged beyond repair,-,Douglas C-53-DO (DC-3),-,-,1942,-,-, OB-PBH-530, 7331,Faucett,Domestic Scheduled Passenger,-,Huánuco Airport,HUU,SPHV,Peru,Pucallpa Airport,PCL,SPCL,Peru,3,15,3,15,-,-,-
19620204-2,Sunday,04-FEB-1962,-,A1, Takeoff (TOF),"Greensboro/High Point Airport, NC (GSO)",United States of America,7,7, Damaged beyond repair,-,Douglas C-47A-25-DK (DC-3),-,-,1944,-,-, 42-108992, 13768,USAF,Military,-,Greensboro/High Point Airport,GSO,KGSO,United States of America,Valparaiso-Eglin AFB,VPS,KVPS,United States of America,-,-,-,-,-,-,-
19620206-0,Tuesday,06-FEB-1962,16:15,A1, Unknown (UNK),off Hachinohe,Japan,-,10, Damaged beyond repair,-,Lockheed P2V-7 Neptune,-,-,-,-,-, 4621, 2005,Japanese Navy,Military,-,-,-,-,-,-,-,-,-,-,-,-,-,-,-,-
19620211-0,Sunday,11-FEB-1962,-,A1, En route (ENR),near Bao Loc,Vietnam,9,9, Damaged beyond repair,-,Douglas SC-47A,-,-,1944,-,-, 43-15732, 20198,USAF,Military,-,Saigon-Tan Son Nhat International Airport,SGN,VVTS,Vietnam,Da Nang Airport,DAD,VVDN,Vietnam,9,0,9,0,-,-,-
19620220-0,Tuesday,20-FEB-1962,-,A1, Unknown (UNK),near Ahwaz Airport (AWZ),Iran,-,-, Damaged beyond repair,-,Douglas C-47A-25-DK (DC-3),2,Pratt & Whitney R-1830-92,1944,-,-, EP-AEI, 13552,Iran Air,Unknown,-,-,-,-,-,-,-,-,-,-,-,-,-,-,-,-
19620223-0,Friday,23-FEB-1962,-,A1, Unknown (UNK),Mt Ohira,Japan,3,3, Damaged beyond repair,-,de Havilland DH-114 Heron 1B,-,-,1954,-,-, JA6158, 14028,Toa Airways,Test,-,Hiroshima International Airport,HIJ,RJOA,Japan,-,-,-,-,3,0,3,0,-,-,-
19620224-0,Saturday,24-FEB-1962,-,A1, En route (ENR),near Paphos,Cyprus,100,0, Damaged beyond repair,-,Ilyushin Il-18V,4,Ivchenko AI-20,-,-,-, YR-IMB, 181003702,Tarom,International Scheduled Passenger,-,Bucharest-Otopeni International Airport,OTP,LROP,Romania,Nicosia Airport,NIC,LCNC,Cyprus,-,-,0,0,-,-,-
19620225-0,Sunday,25-FEB-1962,-,A1, En route (ENR),"24 km (15 mls) NW of Durango, CO",United States of America,3,3, Destroyed, Written off (damaged beyond repair),Convair T-29A (CV-240),-,-,1950,-,-, 49-1931, 198,USAF,Military,-,Amarillo AFB,AMA,KAMA,United States of America,-,-,-,-,3,0,3,0,-,-,-
19620225-1,Sunday,25-FEB-1962,18:45,A1, Approach (APR),10 km (6.3 mls) from  Porlamar,Venezuela,23,23, Damaged beyond repair,-,Fairchild F-27,-,-,1958,-,-, YV-C-EVH,  12,AVENSA,Domestic Scheduled Passenger,-,Carúpano Airport,CUP,SVCP,Venezuela,Porlamar Airport,PMV,SVMG,Venezuela,3,20,3,20,-,-,-
19620225-2,Sunday,25-FEB-1962,14:35,A1, En route (ENR),Municipio de Marulanda,Colombia,2,2, Damaged beyond repair,-,Douglas C-47A-80-DL (DC-3),2,Pratt & Whitney R-1830-92,1944,-,-, HK-502, 19653,Avianca,Cargo,-,Manizales-La Nubia Airport,MZL,SKMZ,Colombia,Bogotá-Eldorado Airport,BOG,SKBO,Colombia,2,0,2,0,-,-,-
19620227-1,Tuesday,27-FEB-1962,-,U1, Unknown (UNK),Palembang,Indonesia,-,-, Damaged beyond repair,-,Convair CV-240-23,-,-,1950,-,-, PK-GCB, 172,Garuda,Unknown,-,-,-,-,-,-,-,-,-,-,-,-,-,-,-,-
19620228-0,Wednesday,28-FEB-1962,-,A1, Landing (LDG),"Rio de Janeiro-Galeão International Airport, RJ (GIG)",Brazil,25,0, Damaged beyond repair,-,Lockheed L-049 Constellation,-,-,-,-,-, PP-PCR, 2060,Panair do Brasil,Domestic Scheduled Passenger,-,Belo Horizonte-Pampulha Airport,PLU,SBBH,Brazil,Belém/Val-de-Cans International Airport,BEL,SBBE,Brazil,6,19,0,0,-,-,-
19620301-0,Thursday,01-MAR-1962,10:08,A1, Initial climb (ICL),"Jamaica Bay, NY",United States of America,95,95, Destroyed, Written off (damaged beyond repair),Boeing 707-123B,4,Pratt & Whitney JT3D-1-MC6,1959,-,8147.0, N7506A, 17633/12,American Airlines,Domestic Scheduled Passenger,  AA1,New York-Idlewild International Airport,IDL,KIDL,United States of America,Los Angeles International Airport,LAX,KLAX,United States of America,8,87,8,87,-,-,Final
19620303-0,Saturday,03-MAR-1962,-,A1, Unknown (UNK),"Nanuque, MG",Brazil,-,-, Damaged beyond repair,-,Douglas DC-3-178,-,-,1937,-,-, PP-YQN, 1919,Varig,Unknown,-,-,-,-,-,-,-,-,-,-,-,-,-,-,-,-
19620303-2,Saturday,03-MAR-1962,-,A1, En route (ENR),near Warsaw,Poland,-,0, Damaged beyond repair,-,Ilyushin Il-14P,-,-,-,-,-, 026, 14803071,Polish AF,Military,-,-,-,-,-,-,-,-,-,-,-,0,0,-,1,-
19620304-0,Sunday,04-MAR-1962,18:21,A1, Initial climb (ICL),"2,5 km (1.6 mls) E of Douala Airport (DLA)",Cameroon,111,111, Destroyed, Written off (damaged beyond repair),Douglas DC-7C,-,-,1957,-,-, G-ARUD, 45160/754,Caledonian Airways,Int'l Non Scheduled Passenger, 153,Douala Airport,DLA,FKKD,Cameroon,Lisboa-Portela de Sacavém Airport,LIS,LPPT,Portugal,10,101,10,101,-,-,Final
19620306-0,Tuesday,06-MAR-1962,14:15,A1, En route (ENR),11 km (6.9 mls) N of Seymour,South Africa,7,2, Damaged beyond repair,-,Douglas C-47B-30-DK (DC-3),2,Pratt & Whitney R-1830-90C,1945,-,-, ZS-DJC, 32937/16189,South African Airways,Domestic Scheduled Passenger, 512,-,-,-,-,Queenstown Airport,UTW,FAQT,South Africa,4,3,2,0,-,-,-
19620307-0,Wednesday,07-MAR-1962,-,A1, Landing (LDG),Thorney Island RAF Station,United Kingdom,-,0, Damaged beyond repair,-,Handley Page Hastings C.1,-,-,-,-,-, TG508, HP67/12,RAF,Military,-,-,-,-,-,-,-,-,-,-,-,0,0,-,-,-
19620308-0,Thursday,08-MAR-1962,23:00,A1, En route (ENR),Mt Velino,Italy,5,5, Damaged beyond repair,-,Douglas DC-6B,4,Pratt & Whitney R-2800,1954,-,-, I-DIMO, 44254/456,SAM,Cargo,-,Khartoum-Civil Airport,KRT,HSSS,Sudan,Roma-Ciampino Airport,CIA,LIRA,Italy,5,0,5,0,-,-,-
19620308-1,Thursday,08-MAR-1962,15:43,A1, Approach (APR),Taurus Mountains,Turkey,11,11, Damaged beyond repair,-,Fairchild F-27,-,-,1960,-,-, TC-KOP,  83,THY,Domestic Scheduled Passenger,-,Ankara-Esenboga Airport,ESB,LTAC,Turkey,Adana Airport,ADA,LTAF,Turkey,3,8,3,8,-,-,-
19620308-2,Thursday,08-MAR-1962,-,A1, En route (ENR),11 km (6.9 mls) N of Alençon,France,15,15, Damaged beyond repair,-,Lockheed C-130A Hercules,-,-,1957,-,-, 55-0020, 3047,USAF,Military,-,-,-,-,-,Evreux Airport,EVX,LFOE,France,13,2,13,2,-,-,-
19620314-0,Wednesday,14-MAR-1962,-,A1, Unknown (UNK),Toyanaka,Japan,-,-, Damaged beyond repair,-,Douglas R4D-8 (Super DC-3),-,-,1943,-,-, 12445, 43314,US Navy,Military,-,-,-,-,-,-,-,-,-,-,-,-,-,-,-,-
19620315-0,Thursday,15-MAR-1962,01:11,A1, Approach (APR),"Adak Naval Air Facility, AK (ADK)",United States of America,7,1, Damaged beyond repair,-,Lockheed L-1049H Super Constellation,-,-,-,-,16038.0, N6911C, 4804,Flying Tiger Line,Cargo,7816,Cold Bay Airport,CDB,PACD,United States of America,Adak Naval Air Facility,ADK,PADK,United States of America,7,0,1,0,-,-,-
19620315-1,Thursday,15-MAR-1962,-,A1, Unknown (UNK),"Bandera, TX",United States of America,3,3, Damaged beyond repair,-,Howard Super Ventura,-,-,1943,-,-, N5399N, 5277,Howard Aero,Test,-,-,-,-,-,-,-,-,-,-,-,-,-,-,-,-
19620316-0,Friday,16-MAR-1962,-,A1, Landing (LDG),5 km (3.1 mls) W of Wadi Halfa Airport (WHF),Sudan,16,0, Damaged beyond repair,-,Vickers 739 Viscount,4,Rolls-Royce Dart 506,1955,15468.0,12002.0, SU-AID,  86,UAA,International Scheduled Passenger,-,Jerusalem Airport,JRS,OJJR,Israel,Cairo International Airport,CAI,HECA,Egypt,6,10,0,0,-,-,-
19620316-1,Friday,16-MAR-1962,01:30,A1, En route (ENR),between Guam and Angeles City,Pacific Ocean,107,107, Missing, Presumed damaged beyond repair,Lockheed L-1049H Super Constellation,-,-,1957,-,17224.0, N6921C, 4817,Flying Tiger Line,Int'l Non Scheduled Passenger, 739,-,-,-,-,Angeles City-Clark Air Base,CRK,RPMK,Philippines,11,96,11,96,-,-,Final
19620320-0,Tuesday,20-MAR-1962,-,A1, En route (ENR),80 km (50 mls) SE of Algiers,Algeria,11,11, Damaged beyond repair,-,Nord 2501 Noratlas,2,Bristol Hercules 739,-,-,-, 204, 204,French AF,Military,-,Ouargla-Ain Beida Airport,OGX,DAUU,Algeria,Algiers-Dar el Beida Airport,ALG,DAAG,Algeria,5,6,5,6,-,-,-
19620327-0,Tuesday,27-MAR-1962,-,A1, Initial climb (ICL),"1,6 km (1 mls) off  Santiago Airport (SCU)",Cuba,22,22, Damaged beyond repair,-,Ilyushin Il-14,-,-,-,-,-, CU-T819,-,Cubana,Domestic Scheduled Passenger,-,Santiago-Antonio Maceo Airport,SCU,MUCU,Cuba,Havana-José Martí International Airport,HAV,MUHA,Cuba,4,18,4,18,-,-,-
19620331-0,Saturday,31-MAR-1962,-,A1, Approach (APR),E off Sorong-Jefman Airport (SOQ),Indonesia,6,0, Damaged beyond repair,-,Douglas C-47B-25-DK (DC-3),2,Pratt & Whitney R-1830-90C,1945,-,-, X-3, 32632/15884,Netherlands AF,Military,-,Manokwari-Rendani Airport,MKW,WASR,Indonesia,Sorong-Jefman Airport,SOQ,WASS,Indonesia,6,0,0,0,-,-,Preliminary
19620404-0,Wednesday,04-APR-1962,-,A1, Landing (LDG),unknown,Russia,-,0, Damaged beyond repair,-,Ilyushin Il-14P,-,-,-,-,-, CCCP-41852, 146000508,Aeroflot / West Siberia,Training,-,-,-,-,-,-,-,-,-,-,-,0,0,-,-,-
19620405-0,Thursday,05-APR-1962,-,U1, Standing (STD),Jakarta-Kemayoran Airport (JKT),Indonesia,-,-, Damaged beyond repair,-,Douglas C-47A-25-DK (DC-3),2,Pratt & Whitney R-1830-92,1944,-,-, PK-GDM, 13731,Garuda,Unknown,-,-,-,-,-,-,-,-,-,-,-,-,-,-,-,-
19620405-1,Thursday,05-APR-1962,-,A1, Unknown (UNK),Guatemala City,Guatemala,-,-, Damaged beyond repair,-,Douglas C-47A-75-DL (DC-3),2,Pratt & Whitney R-1830-92,1944,-,-, TG-APA, 19454,Aviateca,Unknown,-,-,-,-,-,-,-,-,-,-,-,-,-,-,-,-
19620406-0,Friday,06-APR-1962,-,A1, Landing (LDG),Lahore Airport (LHE),Pakistan,3,0, Damaged beyond repair,-,Avro 685 York C.1,4,Rolls-Royce Merlin,1944,-,-, OD-ACN,-,Kuwait Airways,Cargo,-,-,-,-,-,Kabul-Khwaja Rawash Airport,KBL,OAKB,Afghanistan,3,0,0,0,-,-,-
19620406-1,Friday,06-APR-1962,-,A1, En route (ENR),near Apiay Air Base (API),Colombia,31,31, Damaged beyond repair,-,Douglas C-47 (DC-3),-,-,-,-,-, FAC-673,-,Colombian AF,Military,-,Araracuara Airport,ACR,SKAC,Colombia,Apiay-Captain Luis F. Gómez Niño Air Base,API,SKAP,Colombia,5,26,5,26,-,-,-
19620409-0,Monday,09-APR-1962,-,A1, Unknown (UNK),near Draganescu,Romania,-,-, Damaged beyond repair,-,Antonov An-2,-,-,-,-,-, YR-ANO, 1169(473)11,Aviatia Utilitara,Unknown,-,-,-,-,-,-,-,-,-,-,-,-,-,-,-,-
19620410-0,Tuesday,10-APR-1962,-,A1, Landing (LDG),Osaka-Itami Airport (ITM),Japan,64,0, Damaged beyond repair,-,Douglas C-54-DO (DC-4),-,-,1942,-,-, JA6003, 3115,JAL,Domestic Scheduled Passenger,-,Fukuoka Airport,FUK,RJFF,Japan,Tokyo-Haneda Airport,HND,RJTT,Japan,4,60,0,0,-,-,-
19620410-1,Tuesday,10-APR-1962,-,A1, Unknown (UNK),near Jerez de la Frontera,Spain,10,10, Damaged beyond repair,-,Douglas C-47A-90-DL (DC-3),2,Pratt & Whitney R-1830-92,1944,-,-, T.3-26, 20471,Spanish AF,Military,-,Jerez De La Frontera-La Parra Airport,XRY,LEJR,Spain,-,-,-,-,5,5,5,5,-,-,-
19620411-0,Wednesday,11-APR-1962,-,A1, Approach (APR),Nairobi-Embakasi Airport (NBO),Kenya,3,0, Damaged beyond repair,-,Canadair C-4 Argonaut,4,Rolls-Royce Merlin 622,-,-,-, VP-KNY, 161,East African Airways,Training,-,-,-,-,-,-,-,-,-,3,0,0,0,-,-,-
19620415-0,Sunday,15-APR-1962,-,A1, En route (ENR),Karpun Mountain,Russia,2,0, Damaged beyond repair,-,Antonov An-2,-,-,-,-,-, CCCP-23700,-,Aeroflot / Magadan,Ferry/positioning,-,-,-,-,-,Pevek Airport,PWE,UHMP,Russia,2,0,0,0,-,-,-
19620416-0,Monday,16-APR-1962,-,H2, En route (ENR),Amsterdam-Schiphol International Airport (AMS),Netherlands,-,0, None,-,Douglas DC-7C,-,-,1957,-,-, PH-DSH, 45187/831,KLM,International Scheduled Passenger,-,Amsterdam-Schiphol International Airport,AMS,EHAM,Netherlands,Lisboa-Portela de Sacavém Airport,LIS,LPPT,Portugal,-,52,0,0,-,-,-
19620418-0,Wednesday,18-APR-1962,16:25,A1, Initial climb (ICL),"Dallas, TX",United States of America,3,3, Damaged beyond repair,-,Douglas C-47A-90-DL (DC-3),2,Pratt & Whitney R-1830-92,1944,-,11996.0, N3588, 20178,Purdue University,Test,-,Dallas-Love Field,DAL,KDAL,United States of America,Dallas-Love Field,DAL,KDAL,United States of America,3,0,3,0,-,-,Final
19620419-0,Thursday,19-APR-1962,-,U1, Unknown (UNK),Valencia,Spain,-,-, Damaged beyond repair,-,Bristol 170 Freighter 31E,2,Bristol Hercules 734,-,-,-, EC-AHJ, 13129,Aviaco,Unknown,-,-,-,-,-,-,-,-,-,-,-,-,-,-,-,-
19620419-1,Thursday,19-APR-1962,-,A1, En route (ENR),Revel,France,3,3, Damaged beyond repair,-,Breguet 1150 Atlantic,2,Rolls-Royce Tyne RTy.20 Mk 21,-,-,-, 02, 02,Breguet,Military,-,Toulouse-Blagnac Airport,TLS,LFBO,France,Toulouse-Blagnac Airport,TLS,LFBO,France,3,0,3,0,-,-,-
19620420-0,Friday,20-APR-1962,-,A1, Landing (LDG),Hipp Khanh,Vietnam,3,0, Damaged beyond repair,-,Fairchild C-123B-17-FA Provider,-,-,-,-,-, 56-4368, 20252,USAF,Military,-,Da Nang Airport,DAD,VVDN,Vietnam,-,-,-,-,3,0,0,0,-,-,-
19620422-0,Sunday,22-APR-1962,10:45,A1, En route (ENR),50 km (31.3 mls) from  Bahía Solano,Colombia,40,40, Damaged beyond repair,-,Douglas C-47A-1-DK (DC-3),2,Pratt & Whitney R-1830-92,1943,-,-, HK-524, 12075,AVISPA,Domestic Scheduled Passenger,-,Bahía Solano-José Celestino Mutis Airport,BSC,SKBS,Colombia,Quibdó-El Caraño Airport,UIB,SKUI,Colombia,4,36,4,36,-,-,Final
19620425-0,Wednesday,25-APR-1962,09:56,A2, Landing (LDG),Zürich-Kloten Airport (ZRH),Switzerland,72,0, Substantial, Repaired,Sud Aviation SE-210 Caravelle III,-,-,1962,-,-, HB-ICT, 122,Swissair,International Scheduled Passenger,SR142,Genève-Cointrin Airport,GVA,LSGG,Switzerland,-,-,-,-,6,66,0,0,-,-,-
19620426-0,Thursday,26-APR-1962,-,C1, Standing (STD),Algiers-Maison Blanche Airport (ALG),Algeria,0,0, Damaged beyond repair,-,Lockheed L-749A Constellation,-,-,1950,-,18612.0, F-BAZE, 2624,Air Algérie,-,-,-,-,-,-,-,-,-,-,0,0,0,0,-,-,-
19620426-1,Thursday,26-APR-1962,12:13,A1, Initial climb (ICL),Canton Island Airport (CIS),Kiribati,6,5, Damaged beyond repair,-,Lockheed L-749A Constellation,-,-,1949,-,41481.0, N116A, 2611,FAA,Training,-,Canton Island Airport,CIS,PCIS,Kiribati,-,-,-,-,4,2,4,1,-,-,Final
19620426-2,Thursday,26-APR-1962,-,A1, Unknown (UNK),"Mendoza-El Plumerillo Airport, MD (MDZ)",Argentina,2,2, Damaged beyond repair,-,Morane Saulnier (FMA) MS.760 Paris I,-,-,1961,-,-, E-216, A-4,Argentine AF,Military,-,-,-,-,-,-,-,-,-,2,0,2,0,-,-,-
19620426-3,Thursday,26-APR-1962,-,A1, Landing (LDG),nr Daru,Papua New Guinea,11,0, Damaged beyond repair,-,Consolidated PBY-5A Catalina,-,-,-,-,-, VH-WWC, 1859,TAA,Scheduled Passenger,-,-,-,-,-,-,-,-,-,5,6,0,0,-,-,-
19620503-1,Thursday,03-MAY-1962,-,O1, Standing (STD),Calcutta-Dum Dum Airport (CCU),India,0,0, Damaged beyond repair,-,Douglas C-54A-15-DC (DC-4),-,-,1944,-,-, VT-CZT, 10419,Indian Airlines,-,-,-,-,-,-,-,-,-,-,0,0,0,0,-,-,-
19620506-0,Sunday,06-MAY-1962,14:29,A1, En route (ENR),St. Boniface Down,United Kingdom,18,12, Damaged beyond repair,-,Douglas C-47A-1-DK (DC-3),2,Pratt & Whitney R-1830-92,1943,-,-, G-AGZB, 12180,Channel Airways,Domestic Scheduled Passenger,-,Jersey-States Airport,JER,EGJJ,United Kingdom,-,-,-,-,3,15,3,9,-,-,-
19620507-0,Monday,07-MAY-1962,16:55,A1, En route (ENR),near Haveri,India,36,0, Damaged beyond repair,-,Douglas C-54A-15-DC (DC-4),-,-,1944,-,-, VT-DIC, 10376,Indian Airlines,Domestic Scheduled Passenger, 106,Bangalore-Hindustan Airport,BLR,VOBG,India,Bombay-Santacruz Airport,BOM,VABB,India,6,30,0,0,-,-,Final
19620507-1,Monday,07-MAY-1962,-,A1, En route (ENR),5 km (3.1 mls) N of Vallenar,Chile,30,0, Damaged beyond repair,-,Convair CV-340-54,-,-,1953,-,-, CC-CLCA, 136,LAN Chile,Passenger,-,Vallenar Airport,VLR,SCLL,Chile,-,-,-,-,5,25,0,0,-,-,Preliminary
19620507-2,Monday,07-MAY-1962,-,A1, Unknown (UNK),Arunachal Pradesh State,India,4,4, Damaged beyond repair,-,Douglas C-47 (DC-3),-,-,-,-,-, HJ245,-,Indian AF,Military,-,-,-,-,-,-,-,-,-,4,0,4,0,-,-,-
19620509-0,Wednesday,09-MAY-1962,-,A1, Takeoff (TOF),"Limestone-Loring AFB, ME (LIZ)",United States of America,6,6, Destroyed, Written off (damaged beyond repair),Boeing KC-135A Stratotanker,4,Pratt & Whitney J57-P,1958,-,-, 56-3618, 17367/57,USAF,Military,-,-,-,-,-,-,-,-,-,4,2,4,2,-,-,-
19620509-1,Wednesday,09-MAY-1962,22:30,A1, Approach (APR),"1,8 km (1.1 mls) NE of Vitoria-Goiabeiras Airport, ES (VIX)",Brazil,25,23, Damaged beyond repair,-,Convair CV-240-0,-,-,1949,-,-, PP-CEZ,  25,Cruzeiro do Sul,Domestic Scheduled Passenger,-,-,-,-,-,Vitória-Goiabeiras Airport,VIX,SBVT,Brazil,3,22,3,20,-,-,-
19620509-2,Wednesday,09-MAY-1962,-,A1, En route (ENR),near Mong-Hpayak,Myanmar,29,29, Damaged beyond repair,-,Douglas C-47 (DC-3),-,-,-,-,-, registration unknown,-,Burmese AF,Military,-,-,-,-,-,-,-,-,-,6,23,6,23,-,-,Preliminary
19620511-0,Friday,11-MAY-1962,-,A1, Maneuvering (MNV),near Magadan,Russia,-,-, Damaged beyond repair,-,Antonov An-2R,-,-,1961,-,-, CCCP-49262, 1G10-05,Aeroflot / Magadan,Agricultural,-,-,-,-,-,-,-,-,-,-,-,-,-,-,-,Preliminary
19620511-1,Friday,11-MAY-1962,-,A1, Landing (LDG),Biak-Boroekoe Royal Dutch Navy Air Station,Indonesia,-,0, Damaged beyond repair,-,Lockheed SP-2H Neptune,-,-,-,-,-, 200, 726-7238,Dutch Navy,Military,-,-,-,-,-,-,-,-,-,-,0,0,0,-,-,-
19620512-0,Saturday,12-MAY-1962,10:55,A1, Landing (LDG),Godthåb/Nuuk Airport (GOH),Greenland,21,15, Damaged beyond repair,-,Canadian Vickers PBV-1A Canso (PBY-5A),-,-,1944,-,-, CF-IHA, CV-365,Eastern Provincial Airways,Domestic Scheduled Passenger,-,Kangerlussuaq-Søndre Strømfjord Airport,SFJ,BGSF,Greenland,Godthåb/Nuuk Airport,GOH,BGGH,Greenland,3,18,0,15,-,-,Final
19620514-0,Monday,14-MAY-1962,-,A1, En route (ENR),9 km (5.6 mls) S of Villa Pedro Montoya,Mexico,9,9, Damaged beyond repair,-,Convair T-29C (CV-240),-,-,-,-,-, 53-3485, 439,USAF,Military,-,Brownsville AAF,BRO,KBRO,United States of America,-,-,-,-,-,-,-,-,-,-,-
19620515-0,Tuesday,15-MAY-1962,-,A1, Initial climb (ICL),near Cairo International Airport (CAI),Egypt,3,3, Damaged beyond repair,-,Douglas DC-3,-,-,-,-,-, SU-AJM,-,UAA,Cargo,-,Cairo International Airport,CAI,HECA,Egypt,Beirut International Airport,BEY,OLBA,Lebanon,3,0,3,0,-,-,-
19620515-1,Tuesday,15-MAY-1962,-,A1, Landing (LDG),Gan/Seenu Airport (GAN),Maldives,-,0, Damaged beyond repair,-,Avro Shackleton MR.1,4,Rolls-Royce Griffon 57,1951,-,-, VP294,-,RAF,Military,-,-,-,-,-,-,-,-,-,-,-,0,0,-,-,-
19620517-0,Thursday,17-MAY-1962,-,A1, En route (ENR),ca 32 km W of Nairobi-Embakasi Airport (NBO),Kenya,13,13, Damaged beyond repair,-,Lockheed C-130A Hercules,-,-,1958,-,-, 56-0546, 3154,USAF,Military,-,Tripoli-Wheelus Air Base,MJI,HLLM,Libya,Nairobi-Embakasi Airport,NBO,HKNA,Kenya,6,7,6,7,-,-,-
19620517-1,Thursday,17-MAY-1962,-,A1, Approach (APR),Chichester Harbour,United Kingdom,2,2, Damaged beyond repair,-,Blackburn Beverley C.1,4,Bristol Centaurus 173,1957,-,-, XL132, 1033,RAF,Military,-,-,-,-,-,-,-,-,-,2,0,2,0,-,-,-
19620517-2,Thursday,17-MAY-1962,-,C1, En route (ENR),"off Kaimana, West Papua",Indonesia,7,0, Damaged beyond repair,-,Douglas C-47A-1-DK (DC-3),-,-,1943,-,-, T-440, 12097,Indonesian AF,Military,-,-,-,-,-,-,-,-,-,7,0,0,0,-,-,-
19620521-0,Monday,21-MAY-1962,-,A1, Initial climb (ICL),San Pedro Sula,Honduras,2,0, Damaged beyond repair,-,Curtiss C-46D-5-CU Commando,-,-,1944,-,-, HR-196P, 30533,Honduras Int.,Cargo,-,San Pedro Sula-Ramon Villeda Morales Airport,SAP,MHLM,Honduras,-,-,-,-,2,0,0,0,-,3,-
19620522-0,Tuesday,22-MAY-1962,21:17,C1, En route (ENR),"10 km (6.3 mls) NNW of Unionville, MO",United States of America,45,45, Damaged beyond repair,-,Boeing 707-124,4,Pratt & Whitney JT3C-6,1959,-,11946.0, N70775, 17611/49,Continental Air Lines,Domestic Scheduled Passenger,  11,Chicago-O'Hare International Airport,ORD,KORD,United States of America,Kansas City Downtown Municipal Airport,MKC,KMKC,United States of America,8,37,8,37,-,-,Final
19620522-1,Tuesday,22-MAY-1962,-,A1, En route (ENR),2 km (1.3 mls) SW of Markt Schwaben,Germany,26,26, Damaged beyond repair,-,Lockheed EC-121M Super Constellation,-,-,1954,-,-, 131390, 4310,US Navy,Military,-,Frankfurt-Rhein-Main AFB,FRF,EDAF,Germany,Frankfurt-Rhein-Main AFB,FRF,EDAF,Germany,-,-,-,-,-,-,-
19620523-0,Wednesday,23-MAY-1962,-,C1, Standing (STD),Algiers,Algeria,-,-, Damaged beyond repair,-,Nord 2501 Noratlas,2,Bristol Hercules 739,-,-,-, 62, 62,French AF,Military,-,-,-,-,-,-,-,-,-,-,-,-,-,-,-,-
19620524-0,Thursday,24-MAY-1962,-,A1, Unknown (UNK),"2 km (1.3 mls) N of Talenda, Rajshahi",Bangladesh,4,4, Damaged beyond repair,-,Douglas C-47A-20-DK (DC-3),2,Pratt & Whitney R-1830-92,1944,-,-, VT-AYG, 12848,Darbhanga Aviation,Cargo,-,-,-,-,-,-,-,-,-,4,0,4,0,-,-,-
19620524-1,Thursday,24-MAY-1962,-,A1, En route (ENR),near Tachikawa Air Base,Japan,7,7, Damaged beyond repair,-,Douglas C-124A-DL Globemaster II,4,Pratt & Whitney R-4360-20WA,-,-,-, 51-0147, 43481,USAF,Military,-,-,-,-,-,-,-,-,-,7,0,7,0,-,-,-
19620525-0,Friday,25-MAY-1962,-,A1, Unknown (UNK),"Natal, RN",Brazil,-,-, Damaged beyond repair,-,Morane Saulnier C-41 (MS.760 Paris),-,-,-,-,-, 2930, 74,Brazilian AF,Military,-,-,-,-,-,-,-,-,-,-,-,-,-,-,-,-
19620527-0,Sunday,27-MAY-1962,-,A1, Unknown (UNK),"off Dover AFB, DE, USA",Atlantic Ocean,6,6, Damaged beyond repair,-,Douglas C-133A-35-DL Cargomaster,-,-,1959,-,-, 57-1611, 45508,USAF,Military,-,Dover AFB,DOV,KDOV,United States of America,-,-,-,-,6,0,6,0,-,-,-
19620602-0,Saturday,02-JUN-1962,-,A1, Unknown (UNK),California,United States of America,6,1, Damaged beyond repair,-,de Havilland Canada U-1A Otter (DHC-3),-,-,-,-,-, registration unknown,-,US Army,Military,-,-,-,-,-,-,-,-,-,-,-,1,0,-,-,-
19620603-0,Sunday,03-JUN-1962,11:34,A1, Takeoff (TOF),Paris-Orly Airport (ORY),France,132,130, Destroyed, Written off (damaged beyond repair),Boeing 707-328,4,Pratt & Whitney JT4A-9,1960,-,4491.0, F-BHSM, 17920/159,Air France,Int'l Non Scheduled Passenger,AF007,Paris-Orly Airport,ORY,LFPO,France,New York-Idlewild International Airport,IDL,KIDL,United States of America,10,122,8,122,-,-,Final
19620604-0,Monday,04-JUN-1962,06:20,A1, Approach (APR),30 km (18.8 mls) NE of Sofia-Vrazhdebna Airport (SOF),Bulgaria,5,5, Destroyed, Written off (damaged beyond repair),Tupolev Tu-104B,2,Mikulin AM-3M-500,1960,-,-, CCCP-42491, 021604,Aeroflot / Moscow,Cargo,-,Sofia-Vrazhdebna Airport,SOF,LBSF,Bulgaria,Moskva-Sheremetyevo Airport,SVO,UUEE,Russia,5,0,5,0,-,-,-
19620607-1,Thursday,07-JUN-1962,-,A1, Landing (LDG),Tegucigalpa-Toncontin Airport (TGU),Honduras,2,0, Damaged beyond repair,-,Curtiss C-46A-55-CK Commando,2,Pratt & Whitney R-2800-51,1945,-,-, HR-SAL,   248,SAHSA,Cargo,-,San Pedro Sula-Ramon Villeda Morales Airport,SAP,MHLM,Honduras,Tegucigalpa-Toncontin Airport,TGU,MHTG,Honduras,2,0,0,0,-,-,-
19620608-0,Friday,08-JUN-1962,-,A1, Landing (LDG),Albertville Airport (FMI),Democratic Republic of the Congo,-,0, Damaged beyond repair,-,Curtiss CW-20 (C-46),-,-,1944,-,-, SE-CFB,    98,Transair Sweden,Unknown,-,-,-,-,-,Albertville Airport,FMI,FZRF,Democratic Republic of the Congo,-,-,0,0,-,-,-
19620608-1,Friday,08-JUN-1962,07:56,A1, En route (ENR),"Tallahassee, FL",United States of America,4,4, Damaged beyond repair,-,Lockheed 18-56-23 Lodestar,-,-,1943,-,-, N45W, 18-2477,Winn-Dixie Stores,Executive,-,Montgomery-Dannelly Field,MGM,KMGM,United States of America,-,-,-,-,2,2,2,2,-,-,Final
19620608-2,Friday,08-JUN-1962,-,A2, Taxi (TXI),Delhi-Palam Airport (DEL),India,-,0, Substantial, Repaired,Fokker F-27 Friendship 100,2,Rolls-Royce Dart 514,1961,-,-, VT-DMB, 10172,Indian Airlines,Domestic Scheduled Passenger,-,Agra-Kheria Airport,AGR,VIAG,India,Delhi-Palam Airport,DEL,VIDP,India,-,-,0,0,-,-,Final
19620612-0,Tuesday,12-JUN-1962,-,A1, Unknown (UNK),"Lake Minchumina, AK",United States of America,-,-, Damaged beyond repair,-,Douglas VC-47A (DC-3),-,-,1944,-,-, 43-15568, 20034,USAF,Military,-,-,-,-,-,-,-,-,-,-,-,-,-,-,-,-
19620619-0,Tuesday,19-JUN-1962,-,A2, Landing (LDG),Zürich-Kloten Airport (ZRH),Switzerland,19,0, Substantial, Repaired,Douglas DC-3D,-,-,1946,-,-, HB-IRB, 42969,Swissair,Domestic Scheduled Passenger,-,Genève-Cointrin Airport,GVA,LSGG,Switzerland,Zürich-Kloten Airport,ZRH,LSZH,Switzerland,3,16,0,0,-,-,Final
19620622-0,Friday,22-JUN-1962,04:03,A1, Approach (APR),25 km (15.6 mls) WNW of Pointe-à-Pitre-Le Raizet Airport (PTP),Guadeloupe,113,113, Destroyed, Written off (damaged beyond repair),Boeing 707-328,4,Pratt & Whitney JT4A-,1962,-,-, F-BHST, 18247/274,Air France,International Scheduled Passenger,AF117,Santa Maria-Vila do Porto Airport,SMA,LPAZ,Portugal,Pointe-à-Pitre-Le Raizet Airport,PTP,TFFR,Guadeloupe,10,103,10,103,-,-,-
19620622-2,Friday,22-JUN-1962,-,A1, Unknown (UNK),Creil,France,-,0, Damaged beyond repair,-,Lockheed 18-56-24 Lodestar,-,-,-,-,-, F-BKBY, 18-2363,CARTA,Unknown,-,-,-,-,-,-,-,-,-,-,-,0,0,-,-,-
19620626-1,Tuesday,26-JUN-1962,-,A1, Unknown (UNK),near Rawalpindi,Pakistan,3,3, Damaged beyond repair,-,Bristol 170 Freighter 31M,2,Bristol Hercules 734,-,-,-, S4414, 13177,Pakistan AF,Military,-,-,-,-,-,-,-,-,-,3,0,3,0,-,-,-
19620627-0,Wednesday,27-JUN-1962,-,A1, Landing (LDG),"Pedro Afonso, GO",Brazil,-,0, Damaged beyond repair,-,Curtiss C-46A-45-CU Commando,2,Pratt & Whitney R-2800-51,1944,-,-, PP-BTE, 30260,Paraense Transportes Aéreos,Unknown,-,-,-,-,-,-,-,-,-,-,-,0,0,-,-,-
19620628-0,Thursday,28-JUN-1962,-,A1, En route (ENR),near Bandirma Airport (BDM),Turkey,3,0, Damaged beyond repair,-,Douglas C-47A-20-DL (DC-3),2,Pratt & Whitney R-1830-92,1943,-,-, TC-EFE, 9307,THY,Unknown,-,Canakkale Airport,CKZ,LTBH,Turkey,Bandirma Airport,BDM,LTBG,Turkey,3,0,0,0,-,-,-
19620628-1,Thursday,28-JUN-1962,-,A1, En route (ENR),Puncak Jaya,Indonesia,8,8, Destroyed, Written off (damaged beyond repair),Douglas C-47B-25-DK (DC-3),2,Pratt & Whitney R-1830-90C,1945,-,-, X-11, 32613/15865,Netherlands AF,Military,-,Merauke-Mopah Airport,MKQ,WAKK,Indonesia,Biak-Mokmer Airport,BIK,WABB,Indonesia,5,3,5,3,-,-,Preliminary
19620630-0,Saturday,30-JUN-1962,-,A2, Unknown (UNK),near Durban,South Africa,51,0, Substantial, Repaired,Douglas DC-4-1009,-,-,1947,-,-, ZS-BMH, 43157,South African Airways,Domestic Scheduled Passenger,-,Johannesburg International Airport,JNB,FAJS,South Africa,Durban-Louis Botha Airport,DUR,FADN,South Africa,5,46,0,0,-,-,-
19620630-1,Saturday,30-JUN-1962,-,A1, Landing (LDG),Isle of Man-Ronaldsway Airport (IOM),United Kingdom,-,0, Damaged beyond repair,-,Bristol 170 Freighter 21,-,-,1946,-,-, G-AGVC, 12732,Manx Airlines,Unknown,-,-,-,-,-,Isle Of Man-Ronaldsway Airport,IOM,EGNS,United Kingdom,-,-,0,0,-,-,-
19620630-2,Saturday,30-JUN-1962,16:53,A1, En route (ENR),"near Voznesenka, Krasnoyarsk region",Russia,84,84, Destroyed, Written off (damaged beyond repair),Tupolev Tu-104A,2,Mikulin AM-3M,1958,-,3726.0, CCCP-42370, 86601301,Aeroflot / Far East,Domestic Scheduled Passenger,902,Irkutsk Airport,IKT,UIII,Russia,Omsk Airport,OMS,UNOO,Russia,8,76,8,76,-,-,-
19620701-0,Sunday,01-JUL-1962,-,A1, Takeoff (TOF),Tshikapa Airport (TSH),Democratic Republic of the Congo,-,-, Damaged beyond repair,-,Douglas C-47A-85-DL (DC-3),-,-,1944,-,-, UN-203, 20010,UN,Unknown,-,Tshikapa Airport,TSH,FZUK,Democratic Republic of the Congo,-,-,-,-,-,-,-,-,-,-,-
19620703-0,Tuesday,03-JUL-1962,-,O1, Standing (STD),"Lord Howe Island, NSW",Australia,0,0, Damaged beyond repair,-,Short S.25 Sandringham 4,-,-,-,-,-, VH-BRE, SH.32C,Ansett,-,-,-,-,-,-,-,-,-,-,0,0,0,0,-,-,-
19620706-0,Friday,06-JUL-1962,-,A1, Unknown (UNK),off Caracas-Simon Bolivar Airport (CCS),Venezuela,3,0, Damaged beyond repair,-,Canadair C-4-1 North Star,4,Rolls-Royce Merlin 622,-,-,-, YV-C-LBV, 147,LEBCA,Cargo,-,-,-,-,-,-,-,-,-,3,0,0,0,-,-,-
19620706-1,Friday,06-JUL-1962,12:15,A1, En route (ENR),ca 34 km from Tashkent Airport (TAS),Uzbekistan,38,11, Damaged beyond repair,-,Ilyushin Il-14,-,-,1957,-,11030.0, CCCP-91554, 147001216,Aeroflot / Uzbekistan,Domestic Scheduled Passenger,  40,Bukhara Airport,BHK,UTSB,Uzbekistan,Tashkent Airport,TAS,UTTT,Uzbekistan,5,33,0,11,-,-,-
19620707-1,Saturday,07-JUL-1962,00:10,A1, En route (ENR),11 km (6.9 mls) NW of Junnar,India,94,94, Destroyed, Written off (damaged beyond repair),Douglas DC-8-43,4,Rolls-Royce Conway 508-12,1962,-,964.0, I-DIWD, 45631/160,Alitalia,International Scheduled Passenger,AZ771,Bangkok-Don Muang International Airport,BKK,VTBD,Thailand,Bombay-Santacruz Airport,BOM,VABB,India,9,85,9,85,-,-,Final
19620708-0,Sunday,08-JUL-1962,07:06,A1, Takeoff (TOF),"Amarillo-Air Terminal, TX (AMA)",United States of America,16,0, Damaged beyond repair,-,Vickers 812 Viscount,-,-,1958,-,11164.0, N243V, 354,Continental Air Lines,Domestic Scheduled Passenger, 210,Amarillo-Air Terminal,AMA,KAMA,United States of America,Lubbock International Airport,LBB,KLBB,United States of America,3,13,0,0,-,-,-
19620709-0,Monday,09-JUL-1962,21:42,A1, Initial climb (ICL),"2,2 km (1.4 mls) NE off  Brindisi-Papola Casale Airport (BDS)",Italy,6,6, Damaged beyond repair,-,Douglas DC-4-1009,-,-,1946,-,-, OD-AEC, 42918,TMA,Cargo, 104,Brindisi-Papola Casale Airport,BDS,LIBR,Italy,Beirut International Airport,BEY,OLBA,Lebanon,6,0,6,0,-,-,-
19620715-0,Sunday,15-JUL-1962,-,A1, En route (ENR),24 km (15 mls) S of Ban Me Thuot,Vietnam,4,0, Damaged beyond repair,-,Fairchild C-123B-17-FA Provider,-,-,-,-,-, 56-4366, 20250,USAF,Military,-,Saigon-Tan Son Nhat International Airport,SGN,VVTS,Vietnam,Buon Me Thuot (Ban Me Thuot)-Phung-Duc Airport,BMV,VVBM,Vietnam,4,0,0,0,-,-,-
19620715-1,Sunday,15-JUL-1962,-,A2, En route (ENR),near Lahore,Pakistan,3,1, Minor, Repaired,Douglas C-47A-90-DL (DC-3),2,Pratt & Whitney R-1830-92,1944,-,-, VT-AUS, 20289,Indian Airlines,Cargo,-,Kabul Airport,KBL,OAKB,Afghanistan,Amritsar-Raja Sansi Airport,ATQ,VIAR,India,3,0,1,0,-,-,-
19620715-2,Sunday,15-JUL-1962,-,A1, Takeoff (TOF),Kontum Airport (KON),Vietnam,27,23, Damaged beyond repair,-,Douglas C-47 (DC-3),-,-,-,-,-, registration unknown,-,Vietnam Air Force - VNAF,Military,-,-,-,-,-,-,-,-,-,-,-,-,-,-,-,-
19620716-0,Monday,16-JUL-1962,-,A1, Maneuvering (MNV),"1,6 km (1 mls) N of Loheshyphu Dropping Zone, Naga Hills",India,9,9, Damaged beyond repair,-,Douglas C-47-DL (DC-3),2,Pratt & Whitney R-1830-92,1942,-,-, VT-DFZ, 4647,Kalinga Airlines,Cargo,-,Jorhat-Rowriah Airport,JRH,VEJT,India,Jorhat-Rowriah Airport,JRH,VEJT,India,8,1,8,1,-,-,-
19620719-0,Thursday,19-JUL-1962,21:44,A1, En route (ENR),Khao Yai Mountain,Thailand,26,26, Destroyed, Written off (damaged beyond repair),de Havilland DH-106 Comet 4C,-,-,1962,-,-, SU-AMW, 6464,UAA,International Scheduled Passenger, 869,Hong Kong-Kai Tak International Airport,HKG,VHHH,Hong Kong,Bangkok-Don Muang International Airport,BKK,VTBD,Thailand,8,18,8,18,-,-,Final
19620722-0,Sunday,22-JUL-1962,23:19,A1, Approach (APR),"Honolulu International Airport, HI (HNL)",United States of America,40,27, Damaged beyond repair,-,Bristol 175 Britannia 314,-,-,1958,-,-, CF-CZB, 13394,Canadian Pacific,International Scheduled Passenger, 323,Honolulu International Airport,HNL,PHNL,United States of America,Nadi International Airport,NAN,NFFN,Fiji,11,29,7,20,-,-,-
19620723-0,Monday,23-JUL-1962,-,A1, Maneuvering (MNV),"Glynco NAS, GA (NEA)",United States of America,6,6, Damaged beyond repair,-,Lockheed P2V Neptune,-,-,-,-,-, registration unknown,-,US Navy,Military,-,Jacksonville NAS,NIP,KNIP,United States of America,-,-,-,-,6,0,6,0,-,1,-
19620726-0,Thursday,26-JUL-1962,-,A1, Approach (APR),off Las Palmas-Gando Air Base (LPA),Spain,-,-, Damaged beyond repair,-,Douglas C-54D-5-DC (DC-4),-,-,1945,-,-, 7501, 10664,Portuguese AF,Military,-,São Tomé Island Airport,TMS,FPST,São Tomé and Príncipe,Las Palmas-Gando Air Base,LPA,GCLP,Spain,-,-,-,-,-,-,-
19620727-0,Friday,27-JUL-1962,-,A1, Unknown (UNK),"Mutya,  Misamis Oriental",Philippines,2,2, Damaged beyond repair,-,de Havilland Canada DHC-3 Otter,-,-,1956,-,-, PI-C56, 178,Philippine Air Lines,Unknown,-,-,-,-,-,-,-,-,-,1,1,1,1,-,-,-
19620728-0,Saturday,28-JUL-1962,15:41,A1, Approach (APR),21 km (13.1 mls) SE of Adler/Sochi Airport (AER),Russia,81,81, Destroyed, Written off (damaged beyond repair),Antonov An-10A,4,Ivchenko AI-20K,1960,1059.0,1358.0, CCCP-11186, 0402003,Aeroflot / Ukraine,Domestic Scheduled Passenger, 415,Simferopol Airport,SIP,UKFF,Ukraine,Adler/Sochi Airport,AER,URSS,Russia,7,74,7,74,-,-,-
19620728-1,Saturday,28-JUL-1962,-,U1, Unknown (UNK),unknown,Unknown country,-,-, Damaged beyond repair,-,Fairchild C-119 Flying Boxcar,-,-,-,-,-, registration unknown,-,Republic of China AF,Military,-,-,-,-,-,-,-,-,-,-,-,-,-,-,-,-
19620729-0,Sunday,29-JUL-1962,-,A1, Takeoff (TOF),Moskva-Sheremetyevo Airport (SVO),Russia,-,-, Damaged beyond repair,-,Antonov An-24,-,-,-,-,-, CCCP-46708, 0006,MAP Kiev MSZ,Unknown,-,Moskva-Sheremetyevo Airport,SVO,UUEE,Russia,-,-,-,-,-,-,-,-,-,-,-
19620729-1,Sunday,29-JUL-1962,-,A1, Unknown (UNK),Batanii Mici,Romania,-,-, Damaged beyond repair,-,Antonov An-2,-,-,-,-,-, YR-AND, 197(473)11,Aviatia Utilitara,Unknown,-,-,-,-,-,-,-,-,-,-,-,-,-,-,-,-
19620729-2,Sunday,29-JUL-1962,-,A1, Landing (LDG),"Everett-Paine Field, WA (PAE)",United States of America,2,2, Damaged beyond repair,-,North American T-39A-1-NA Sabreliner,-,-,-,-,-, 61-0661, 265-64,USAF,Military,-,-,-,-,-,Everett-Paine Field,PAE,KPAE,United States of America,2,0,2,0,-,-,-
19620730-0,Monday,30-JUL-1962,-,A1, Takeoff (TOF),"0,5 km (0.3 mls) from  Coulommiers-Voisins Airport",France,8,5, Damaged beyond repair,-,Douglas DC-3A,-,-,1943,-,-, F-BAOE, 11769,Air France,Training,-,-,-,-,-,-,-,-,-,8,0,5,0,-,-,-
19620730-1,Monday,30-JUL-1962,-,A1, Unknown (UNK),Punta Arenas-Carlos Ibañez Airport (PUQ),Chile,-,0, Damaged beyond repair,-,Douglas C-47A-75-DL (DC-3),-,-,1944,-,-, CC-CLDM, 19383,LAN Chile,Unknown,-,Punta Arenas-Carlos Ibañez Airport,PUQ,SCCI,Chile,Cerro Sombrero Airport,SMB,SCSB,Chile,-,-,0,0,-,-,-
19620731-0,Tuesday,31-JUL-1962,-,A1, Unknown (UNK),"Viçosa, AL",Brazil,9,9, Damaged beyond repair,-,Lockheed P-15 Neptune (P2V-5),-,-,-,-,-, 7001, 426-5131,Brazilian AF,Military,-,Recife International Airport,REC,SBRF,Brazil,-,-,-,-,9,0,9,0,-,-,-
19620801-0,Wednesday,01-AUG-1962,-,A1, En route (ENR),near Tulachan Dhuri,Nepal,10,10, Damaged beyond repair,-,Douglas C-47-DL (DC-3),2,Pratt & Whitney R-1830-92,1943,-,-, 9N-AAH, 6216,Royal Nepal Airlines,International Scheduled Passenger,-,Kathmandu-Gaucher Airport,KTM,VNKT,Nepal,Delhi-Palam Airport,DEL,VIDP,India,4,6,4,6,-,-,-
19620801-1,Wednesday,01-AUG-1962,-,A1, Unknown (UNK),"Sugar Lane, TX",United States of America,-,-, Damaged beyond repair,-,Lockheed C-60A-1-LO Lodestar,-,-,1942,-,-, N65H, 18-2300,Republic Natural Gas Co.,Unknown,-,-,-,-,-,-,-,-,-,-,-,-,-,-,-,Preliminary
19620801-2,Wednesday,01-AUG-1962,-,A1, Unknown (UNK),at an unknown location,Unknown country,-,-, Damaged beyond repair,-,Douglas C-47D (DC-3),-,-,1945,-,-, 43-49773, 27034/15589,USAF,Military,-,-,-,-,-,-,-,-,-,-,-,-,-,-,-,-
19620803-0,Friday,03-AUG-1962,-,A2, Landing (LDG),London-Stansted Airport (STN),United Kingdom,8,0, Substantial, Repaired,de Havilland  DH-106 Comet 4,4,Rolls-Royce Avon 524,1959,-,-, G-APDM, 6414,BOAC,Training,-,-,-,-,-,London-Stansted Airport,STN,EGSS,United Kingdom,6,2,0,0,-,-,Final
19620806-1,Monday,06-AUG-1962,17:31,A1, Landing (LDG),"Knoxville-Mc Ghee Tyson Airport, TN (TYS)",United States of America,72,0, Damaged beyond repair,-,Lockheed L-188A Electra,-,-,1958,-,6947.0, N6102A, 1019,American Airlines,Domestic Scheduled Passenger,AA414,Memphis Municipal Airport,MEM,KMEM,United States of America,Knoxville-McGhee Tyson Airport,TYS,KTYS,United States of America,5,67,0,0,-,-,-
19620808-0,Wednesday,08-AUG-1962,-,A1, Approach (APR),"Bedford-Hanscom Field, MA (BED)",United States of America,3,3, Destroyed, Written off (damaged beyond repair),Boeing KC-135A Stratotanker,4,Pratt & Whitney J57-P,1957,-,-, 55-3144, 17260/27,USAF,Military,-,Dayton-Wright Patterson AFB,FFO,KFFO,United States of America,Bedford-Hanscom Field,BED,KBED,United States of America,3,0,3,0,-,-,-
19620809-0,Thursday,09-AUG-1962,-,A1, Landing (LDG),"Patuxent River-NAS, MD (NHK)",United States of America,19,5, Damaged beyond repair,-,Lockheed WV-2 Super Constellation,-,-,1956,-,-, 141324, 4448,US Navy,Military,-,Corpus Christi International Airport,CRP,KCRP,United States of America,Patuxent River NAS,NHK,KNHK,United States of America,19,0,5,0,-,-,-
19620814-0,Tuesday,14-AUG-1962,-,A2, Landing (LDG),London Airport (LHR),United Kingdom,51,0, Substantial, Repaired,Boeing 720-030B,-,-,1961,-,-, D-ABOM, 18060/210,Lufthansa,International Scheduled Passenger,-,Frankfurt International Airport,FRA,EDDF,Germany,London Airport,LHR,EGLL,United Kingdom,9,42,0,0,-,-,Final
19620817-0,Friday,17-AUG-1962,-,U1, Unknown (UNK),Ambon,Indonesia,-,-, Damaged beyond repair,-,Convair CV-240-23,-,-,1950,-,-, PK-GCE, 175,Garuda,Unknown,-,-,-,-,-,-,-,-,-,-,-,-,-,-,-,-
19620817-1,Friday,17-AUG-1962,16:54,A1, Takeoff (TOF),"off Chicago-Merrill C Meigs Field, IL (CGX)",United States of America,2,2, Damaged beyond repair,-,Howard Super Ventura,-,-,1943,-,-, N18A, 5271,Borg-Warner Corp.,Ferry/positioning,-,Chicago-Merrill C Meigs Field,CGX,KCGX,United States of America,Chicago-Palwaukee Municipal Airport,PWK,KPWK,United States of America,2,0,2,0,-,-,-
19620820-0,Monday,20-AUG-1962,22:08,A1, Takeoff (TOF),"Rio de Janeiro-Galeão International Airport, RJ (GIG)",Brazil,105,15, Damaged beyond repair,-,Douglas DC-8-33,4,Pratt & Whitney JT4A-,1961,-,-, PP-PDT, 45273/121,Panair do Brasil,International Scheduled Passenger,-,Rio de Janeiro-Galeão International Airport,GIG,SBGL,Brazil,Lisboa-Portela de Sacavém Airport,LIS,LPPT,Portugal,11,94,1,14,-,-,-
19620821-0,Tuesday,21-AUG-1962,-,A1, Unknown (UNK),Cochabamba Airport (CBB),Bolivia,5,4, Damaged beyond repair,-,Douglas C-47B-1-DL (DC-3),2,Pratt & Whitney R-1830-90C,1944,-,-, CP-536, 20619,LAB,Test,-,Cochabamba-J Wilsterman Airport,CBB,SLCB,Bolivia,-,-,-,-,5,0,4,0,-,-,-
19620822-0,Wednesday,22-AUG-1962,07:48,A1, Landing (LDG),"Wilmington-New Hanover County Airport, NC (ILM)",United States of America,3,0, Damaged beyond repair,-,Martin 4-0-4,-,-,-,-,20260.0, N40401, 14101,Piedmont Airlines,Training,-,Wilmington-New Hanover County Airport,ILM,KILM,United States of America,Wilmington-New Hanover County Airport,ILM,KILM,United States of America,3,0,0,0,-,-,Final
19620823-0,Thursday,23-AUG-1962,15:58,A1, Takeoff (TOF),Barrancabermeja Airport (EJA),Colombia,32,12, Damaged beyond repair,-,Douglas R4D-1 (DC-3),-,-,1942,-,-, HK-794, 4551,Líneas Aéreas Taxader,Domestic Scheduled Passenger,-,Barrancabermeja-Yariguíes Airport,EJA,SKEJ,Colombia,-,-,-,-,3,29,2,10,-,-,-
19620824-0,Friday,24-AUG-1962,-,A1, En route (ENR),Cerro Puena Paz,Peru,7,7, Damaged beyond repair,-,Douglas C-47B-5-DK (DC-3),2,Pratt & Whitney R-1830-90C,1944,-,-, OB-PBN-659, 25839/14394,Faucett,Cargo,-,-,-,-,-,-,-,-,-,3,4,3,4,-,-,-
19620825-0,Saturday,25-AUG-1962,-,A1, En route (ENR),Mt. Prenj,Bosnia and Herzegovina,32,0, Destroyed, Written off (damaged beyond repair),Douglas C-47A-30-DL (DC-3),2,Pratt & Whitney R-1830-92,1943,-,-, YU-ABH, 9488,JAT,Domestic Scheduled Passenger,-,Mostar Airport,OMO,LQMO,Bosnia and Herzegovina,Beograd Airport,BEG,LYBE,Serbia,4,28,0,0,-,-,-
19620828-0,Tuesday,28-AUG-1962,-,A1, Approach (APR),"8 km (5 mls) WNW of Chippenham, Wiltshire",United Kingdom,-,3, Damaged beyond repair,-,Vickers Valetta T.3,-,-,1952,-,-, WJ480, 605,RAF,Military,-,-,-,-,-,Lyneham RAF Station,LYE,EGDL,United Kingdom,-,-,-,-,-,-,-
19620830-0,Thursday,30-AUG-1962,16:20,A2, En route (ENR),"NE of Saladas, CR",Argentina,34,1, Substantial, Repaired,Avro 748-105 Srs. 1,2,Rolls-Royce Dart 514,1962,-,-, LV-HHB, 1540,Aerolineas Argentinas,Domestic Scheduled Passenger,AR737,Resistencia Airport,RES,SARE,Argentina,Monte Caseros Airport,MCS,SARM,Argentina,4,30,1,0,-,-,-
19620831-0,Friday,31-AUG-1962,-,U1, Standing (STD),"Oakland International Airport, CA (OAK)",United States of America,-,-, Damaged beyond repair,-,Lockheed C-121G Super Constellation,-,-,1953,-,-, 54-4057, 4138,USAF,Military,-,-,-,-,-,-,-,-,-,-,-,-,-,-,-,-
19620831-1,Friday,31-AUG-1962,-,A1, En route (ENR),near Phu Fa,Laos,5,5, Damaged beyond repair,-,Curtiss C-46F,-,-,-,-,-, N4877V, 22442,Bird & Sons,Cargo,-,-,-,-,-,-,-,-,-,5,0,5,0,-,-,-
19620899-1,-,xx-AUG-1962,-,O1, Standing (STD),Moskva-Vnukovo Airport (VKO),Russia,0,0, Damaged beyond repair,-,Tupolev Tu-114D,4,Kuznetsov NK-12MV,1962,-,-, CCCP-76479, 628445,Aeroflot / Moscow,-,-,-,-,-,-,-,-,-,-,0,0,0,0,-,-,-
19620903-0,Monday,03-SEP-1962,04:42,A1, En route (ENR),96 km (60 mls) NE of Khabarovsk,Russia,86,86, Destroyed, Written off (damaged beyond repair),Tupolev Tu-104A,2,Mikulin AM-3M,1958,1760.0,4426.0, CCCP-42366, 86601103,Aeroflot / Far East,Domestic Scheduled Passenger,  03,Khabarovsk-Novy Airport,KHV,UHHH,Russia,Petropavlovsk-Kamchatsky Airport,PKC,UHPP,Russia,7,79,7,79,-,-,-
19620903-1,Monday,03-SEP-1962,-,U1, Unknown (UNK),at an unknown location,Unknown country,-,-, Damaged beyond repair,-,Lockheed P2V-7 Neptune,-,-,-,-,-, 4628, 2012,Japanese Navy,Military,-,-,-,-,-,-,-,-,-,-,-,-,-,-,-,-
19620904-0,Tuesday,04-SEP-1962,21:00,A1, En route (ENR),"near Lake Milton, OH",United States of America,13,13, Damaged beyond repair,-,Lockheed 18-56-24 Lodestar,2,Wright R-1820-87,1943,-,6557.0, N1000F, 18-2463,Ashland Oil,Executive,-,-,-,-,-,Ashland Regional Airport,DWU,KDWU,United States of America,2,11,2,11,-,-,Final
19620910-1,Monday,10-SEP-1962,-,A1, En route (ENR),near Alcoche,Bolivia,4,4, Damaged beyond repair,-,Douglas C-47A-90-DL (DC-3),2,Pratt & Whitney R-1830-92,1944,-,-, CP-710, 20230,Aerolineas Abaroa,Domestic Non Scheduled Passenger,-,-,-,-,-,Rurrenabaque Airport,RBQ,SLRQ,Bolivia,2,2,2,2,-,-,-
19620910-2,Monday,10-SEP-1962,11:05,A1, Approach (APR),"32 km (20 mls) NE of Spokane, WA",United States of America,44,44, Damaged beyond repair,-,Boeing KC-135A Stratotanker,4,Pratt & Whitney J57-P,1961,-,303.0, 60-0352, 18127/466,USAF,Military,-,Rapid City-Ellsworth AFB,RCA,KRCA,United States of America,Spokane-Fairchild AFB,SKA,KSKA,United States of America,4,40,4,40,-,-,-
19620911-2,Tuesday,11-SEP-1962,-,A1, Landing (LDG),Azaiba Airfield,Oman,3,0, Damaged beyond repair,-,Avro 685 York I,4,Rolls-Royce Merlin,1946,-,-, OD-ADA, 1311,TMA,Unknown,-,-,-,-,-,-,-,-,-,3,0,0,0,-,-,-
19620912-0,Wednesday,12-SEP-1962,-,A1, Initial climb (ICL),"Seal Beach, CA",United States of America,9,9, Damaged beyond repair,-,Lockheed SP-2 Neptune,-,-,-,-,-, registration unknown,-,US Navy,Military,-,-,-,-,-,-,-,-,-,9,0,9,0,-,-,-
19620918-0,Tuesday,18-SEP-1962,-,A1, Takeoff (TOF),San Pedro Sula Airport (SAP),Honduras,2,0, Damaged beyond repair,-,Curtiss C-46F-1-CU Commando,-,-,1945,-,-, N67937, 22386,Aaxico Airlines,Cargo,-,San Pedro Sula-Ramon Villeda Morales Airport,SAP,MHLM,Honduras,-,-,-,-,2,0,0,0,-,-,-
19620918-1,Tuesday,18-SEP-1962,06:32,A1, En route (ENR),46 km (28.8 mls) SSE of Cherskiy Airport (CYX),Russia,32,32, Destroyed, Written off (damaged beyond repair),Ilyushin Il-14,-,-,1956,-,9868.0, CCCP-61628, 146000929,Aeroflot / Magadan,Domestic Scheduled Passenger, 213,Cherskiy Airport,CYX,UESS,Russia,-,-,-,-,5,27,5,27,-,-,-
19620919-0,Wednesday,19-SEP-1962,-,U1, Unknown (UNK),Tenerife-Norte Los Rodeos Airport (TFN),Spain,-,-, Damaged beyond repair,-,Douglas C-47A-20-DK (DC-3),2,Pratt & Whitney R-1830-92,1944,-,-, EC-AGO, 13057,Iberia,Unknown,-,-,-,-,-,-,-,-,-,-,-,-,-,-,-,-
19620920-0,Thursday,20-SEP-1962,-,C1, En route (ENR),7 km (4.4 mls) SSW of Kamunza-Goi,Democratic Republic of the Congo,10,2, Damaged beyond repair,-,Douglas C-47B-25-DK (DC-3),2,Pratt & Whitney R-1830-90C,1945,-,-, UN-202, 32532/15784,UN,Survey/research,-,-,-,-,-,-,-,-,-,-,-,-,-,-,-,-
19620921-1,Friday,21-SEP-1962,-,A1, Unknown (UNK),Sela Pass,India,8,8, Damaged beyond repair,-,Douglas C-47A-1-DK (DC-3),2,Pratt & Whitney R-1830-92,1943,-,-, VT-DGX, 12142,Kalinga Airlines,Cargo,-,-,-,-,-,-,-,-,-,8,0,8,0,-,-,-
19620922-0,Saturday,22-SEP-1962,-,A1, En route (ENR),"Montague Island, AK",Pacific Ocean,10,10, Damaged beyond repair,-,Martin P5B Marlin,-,-,-,-,-, 140144,-,US Navy,Military,-,Kodiak Airport,ADQ,PADQ,United States of America,-,-,-,-,-,-,-,-,-,-,-
19620923-0,Sunday,23-SEP-1962,22:00,A1, En route (ENR),"800 km (500 mls) W off  Shannon, Ireland",Atlantic Ocean,76,28, Damaged beyond repair,-,Lockheed L-1049H Super Constellation,4,Wright R-3350 (988TC18EA6),1958,-,15800.0, N6923C, 4827,Flying Tiger Line,Int'l Non Scheduled Passenger, 923,Gander Airport,YQX,CYQX,Canada,Frankfurt International Airport,FRA,EDDF,Germany,8,68,5,23,-,-,Final
19620925-0,Tuesday,25-SEP-1962,02:31,A1, Landing (LDG),"Tandil Airport, BA (TDL)",Argentina,2,0, Damaged beyond repair,-,Douglas C-47A-75-DL (DC-3),-,-,1944,-,-, T-39, 19438,Argentine AF,Military,-,-,-,-,-,Tandil Airport,TDL,SAZT,Argentina,2,0,0,0,-,-,-
19621006-0,Saturday,06-OCT-1962,-,A1, Takeoff (TOF),"São Paulo-Campo de Marte Airport, SP",Brazil,3,0, Destroyed, Written off (damaged beyond repair),Lockheed VC-60A Lodestar,-,-,1943,-,-, 2003, 18-2365,Brazilian AF,Military,-,-,-,-,-,-,-,-,-,3,0,0,0,-,-,-
19621009-0,Tuesday,09-OCT-1962,15:15,A1, Takeoff (TOF),Montevideo-Carrasco Airport (MVD),Uruguay,10,10, Damaged beyond repair,-,Douglas C-47A-1-DK (DC-3),2,Pratt & Whitney R-1830-92,1943,-,-, CX-AGE, 12113,PLUNA,Test,-,Montevideo-Carrasco Airport,MVD,SUMU,Uruguay,Montevideo-Carrasco Airport,MVD,SUMU,Uruguay,10,0,10,0,-,-,-
19621010-0,Wednesday,10-OCT-1962,18:30,A2, Landing (LDG),"Bagotville Airport, QC (YBG)",Canada,19,2, Substantial, Repaired,Vickers 757 Viscount,-,-,1957,-,-, CF-THA, 218,TCAL,Domestic Scheduled Passenger, 455,Sept-Îles Airport,YZV,CYZV,Canada,Bagotville Airport,YBG,CYBG,Canada,4,15,1,1,-,-,Final
19621010-1,Wednesday,10-OCT-1962,08:57,A1, Approach (APR),"6,3 km (3.9 mls) SE of Brno Turany Airport (BRQ)",Czech Republic,42,13, Destroyed, Written off (damaged beyond repair),Avia 14-32A,-,-,1958,-,-, OK-MCT, 98807103,CSA,Domestic Scheduled Passenger, 306,Bratislava-Ivanka Airport,BTS,LZIB,Slovakia,Brno Turany Airport,BRQ,LKTB,Czech Republic,4,38,3,10,-,-,-
19621010-2,Wednesday,10-OCT-1962,-,A1, En route (ENR),near Amir Kabir Dam,Iran,4,4, Damaged beyond repair,-,Fokker F-27 Friendship 200,-,-,1959,680.0,605.0, EP-MRP, 10126,Iranian Government,Ferry/positioning,-,Tehran-Mehrabad Airport,THR,OIII,Iran,-,-,-,-,4,0,4,0,-,-,-
19621012-0,Friday,12-OCT-1962,-,A1, Approach (APR),near Carmona,Spain,18,18, Damaged beyond repair,-,Convair CV-440-62,-,-,1957,-,-, EC-ATB, 443,Iberia,Domestic Scheduled Passenger,-,Valencia Airport,VLC,LEVC,Spain,Sevilla Airport,SVQ,LEZL,Spain,4,14,4,14,-,-,-
19621012-1,Friday,12-OCT-1962,-,A1, Initial climb (ICL),Manila International Airport (MNL),Philippines,3,3, Damaged beyond repair,-,Fokker F-27 Friendship 100,-,-,1961,1264.0,2186.0, PI-C503, 10191,Philippine Air Lines,Training,-,Manila International Airport,MNL,RPLL,Philippines,Manila International Airport,MNL,RPLL,Philippines,3,0,3,0,-,-,-
19621012-2,Friday,12-OCT-1962,-,O1, Standing (STD),"Victoria International Airport, BC (YYJ)",Canada,0,0, Damaged beyond repair,-,Martin JRM-2 Mars,4,Pratt & Whitney R-4360 Wasp Major,1948,-,-, CF-LYM, 9268,Forest Industries Flying Tankers,-,-,-,-,-,-,-,-,-,-,0,0,0,0,-,-,-
19621022-0,Monday,22-OCT-1962,12:52,A1, En route (ENR),"off Biorka Island, AK",United States of America,102,0, Damaged beyond repair,-,Douglas DC-7CF,-,-,1957,-,17176.0, N285, 45204/792,Northwest Orient Airlines,Domestic Non Scheduled Passenger, 293,Tacoma-McChord AFB,TCM,KTCM,United States of America,Anchorage-Elmendorf AFB,EDF,PAED,United States of America,7,95,0,0,-,-,-
19621023-0,Tuesday,23-OCT-1962,-,A1, Landing (LDG),Cagayan de Oro-Lumbia Airport (CGY),Philippines,3,0, Damaged beyond repair,-,Douglas DC-3,-,-,-,-,-, PI-C485,-,Philippine Air Lines,Cargo,-,-,-,-,-,Cagayan de Oro-Lumbia Airport,CGY,RPML,Philippines,3,0,0,0,-,-,-
19621023-1,Tuesday,23-OCT-1962,-,A1, Approach (APR),Guantánamo NAS (NBW),Cuba,7,7, Damaged beyond repair,-,Boeing C-135B Stratolifter,4,Pratt & Whitney TF33-P-5,1962,-,150.0, 62-4136, 18476/C42,USAF,Military,-,Wrightstown-McGuire AFB,WRI,KWRI,United States of America,Guantánamo NAS,NBW,MUGM,Cuba,7,0,7,0,-,-,-
19621025-0,Thursday,25-OCT-1962,10:33,A1, Unknown (UNK),Moskva-Sheremetyevo Airport (SVO),Russia,11,11, Destroyed, Written off (damaged beyond repair),Tupolev Tu-104B,2,Mikulin AM-3M-500,1960,881.0,1966.0, CCCP-42495, 021703,Aeroflot / Moscow,Test,-,Moskva-Sheremetyevo Airport,SVO,UUEE,Russia,Moskva-Sheremetyevo Airport,SVO,UUEE,Russia,5,6,5,6,-,-,-
19621026-0,Friday,26-OCT-1962,-,A1, Unknown (UNK),near Bernay-en-Brie,France,3,3, Damaged beyond repair,-,Morane Saulnier MS.760 Paris I,-,-,-,-,-, 20/F-RABQ, 20,French AF,Military,-,-,-,-,-,-,-,-,-,3,0,3,0,-,-,-
19621027-0,Saturday,27-OCT-1962,18:57,A1, Approach (APR),Bascapè,Italy,3,3, Damaged beyond repair,-,Morane Saulnier MS.760B Paris II,-,-,-,-,-, I-SNAP, 99,SNAM,Executive,-,Catania-Fontanarossa Airport,CTA,LICC,Italy,Milano-Linate Airport,LIN,LIML,Italy,1,2,1,2,-,-,-
19621029-0,Monday,29-OCT-1962,15:08,A1, Takeoff (TOF),La Paz-El Alto Airport (LPB),Bolivia,42,0, Damaged beyond repair,-,Douglas DC-7B,-,-,1955,-,-, N51702, 44702/599,Panagra,International Scheduled Passenger,-,La Paz-El Alto Airport,LPB,SLLP,Bolivia,Miami International Airport,MIA,KMIA,United States of America,6,36,0,0,-,-,-
19621029-2,Monday,29-OCT-1962,-,A1, Landing (LDG),Dak To,Vietnam,6,0, Damaged beyond repair,-,Fairchild C-123B-17-FA Provider,-,-,-,-,-, 56-4364, 20248,USAF,Military,-,-,-,-,-,-,-,-,-,6,0,0,0,-,-,-
19621029-3,Monday,29-OCT-1962,10:00,A1, Unknown (UNK),"Bahia Aguirre, TF",Argentina,2,0, Damaged beyond repair,-,Douglas C-47A-1-DL (DC-3),-,-,1943,-,-, 0232/CTA-23, 9171,Argentine Navy,Military,-,Ushuaia Airport,USH,SAWO,Argentina,Río Gallegos-Rio Chico Airport,RGL,SAWG,Argentina,2,0,0,0,-,-,-
19621030-0,Tuesday,30-OCT-1962,09:30,A1, Unknown (UNK),"Nova Lima, MG",Brazil,3,3, Damaged beyond repair,-,Morane Saulnier C-41 (MS.760 Paris),-,-,-,-,-, 2926, 67,Brazilian AF,Military,-,-,-,-,-,-,-,-,-,2,1,2,1,-,-,-
19621101-2,Thursday,01-NOV-1962,-,A1, Approach (APR),"1,8 km (1.1 mls) off  Johnston Island Airport (JON)",U.S. Minor Outlying Islands,-,0, Damaged beyond repair,-,Lockheed P-2H Neptune,-,-,-,-,-, 140158, 726-7061,US Navy,Military,-,-,-,-,-,Johnston Island Airport,JON,PJON,U.S. Minor Outlying Islands,-,-,0,0,-,-,-
19621102-0,Friday,02-NOV-1962,-,A1, Landing (LDG),Carora Airport (VCR),Venezuela,2,0, Damaged beyond repair,-,Curtiss C-46F Commando,-,-,1945,-,-, YV-C-LBH, 441,LEBCA,Cargo,-,-,-,-,-,Carora Airport,VCR,SVCO,Venezuela,2,0,0,0,-,-,-
19621107-0,Wednesday,07-NOV-1962,-,A1, Landing (LDG),"Warner Robins-Robins AFB, GA (WRB)",United States of America,6,5, Damaged beyond repair,-,Lockheed C-140A-LM JetStar,-,-,-,-,-, 59-5961, 5030,USAF,Military,-,Oklahoma City-Tinker AFB,TIK,KTIK,United States of America,Warner Robins-Robins AFB,WRB,KWRB,United States of America,6,0,5,0,-,-,-
19621110-1,Saturday,10-NOV-1962,14:37,A1, Approach (APR),20 km (12.5 mls) NNW of Da Nang Airport (DAD),Vietnam,27,27, Damaged beyond repair,-,Douglas C-47B-25-DK (DC-3),2,Pratt & Whitney R-1830-90C,1945,-,-, XV-NID, 32822/16074,Air Vietnam,Domestic Scheduled Passenger,-,Hue-Phu Bai Airport,HUI,VVPB,Vietnam,Da Nang Airport,DAD,VVDN,Vietnam,3,24,3,24,-,-,-
19621116-0,Friday,16-NOV-1962,22:12,A1, En route (ENR),"near Suárez, Tolima",Colombia,5,5, Damaged beyond repair,-,Douglas C-54D-10-DC Skymaster (DC-4),-,-,1944,-,-, FAC-693, 10183,Colombian AF,Military,-,Bogotá-Eldorado Airport,BOG,SKBO,Colombia,Bogotá-Eldorado Airport,BOG,SKBO,Colombia,5,0,5,0,-,-,-
19621116-1,Friday,16-NOV-1962,-,A1, En route (ENR),Cerro El Gaital,Panama,10,10, Damaged beyond repair,-,Douglas C-54A-1-DC (DC-4),-,-,1943,-,-, TC-46, 10271,Argentine AF,Military,-,Managua Airport,MGA,MNMG,Nicaragua,-,-,-,-,10,0,10,0,-,-,-
19621119-0,Monday,19-NOV-1962,-,A1, Unknown (UNK),near Nagoya,Japan,4,4, Damaged beyond repair,-,Vickers 828 Viscount,-,-,1961,-,-, JA8202, 444,All Nippon,Training,-,-,-,-,-,-,-,-,-,4,0,4,0,-,-,-
19621121-0,Wednesday,21-NOV-1962,-,A1, Unknown (UNK),unknown,Unknown country,-,-, Damaged beyond repair,-,Douglas C-47A-80-DL (DC-3),-,-,1944,-,-, 43-15278, 19744,USAF,Military,-,-,-,-,-,-,-,-,-,-,-,-,-,-,-,-
19621122-0,Thursday,22-NOV-1962,-,A1, Initial climb (ICL),"São Tomé, Ilha de São Tomé",São Tomé and Príncipe,37,22, Damaged beyond repair,-,Douglas C-54D-10-DC (DC-4),-,-,1945,-,-, 7502, 10773,Portuguese AF,Military,-,São Tomé Island Airport,TMS,FPST,São Tomé and Príncipe,Lisboa-Portela de Sacavém Airport,LIS,LPPT,Portugal,10,27,10,12,-,-,-
19621122-1,Thursday,22-NOV-1962,-,O1, Landing (LDG),Sentinel Ridge,Antarctica,-,0, Damaged beyond repair,-,Douglas R4D-8 (Super DC-3),2,Wright R-1820-80,1944,-,-, 17188, 43384,US Navy,Military,-,-,-,-,-,-,-,-,-,-,-,0,0,-,-,-
19621123-0,Friday,23-NOV-1962,14:10,A1, Approach (APR),"6,1 km (3.8 mls) ENE of Paris-Le Bourget Airport (LBG)",France,21,21, Damaged beyond repair,-,Ilyushin Il-18V,4,Ivchenko AI-20A,1960,-,2363.0, HA-MOD, 180002002,Malev,International Scheduled Passenger, 355,Frankfurt International Airport,FRA,EDDF,Germany,Paris-Le Bourget Airport,LBG,LFPB,France,8,13,8,13,-,-,Final
19621123-1,Friday,23-NOV-1962,12:24,A1, En route (ENR),"10 km (6.3 mls) WSW of Ellicott City, MD",United States of America,17,17, Destroyed, Written off (damaged beyond repair),Vickers 745D Viscount,-,-,1956,-,18809.0, N7430, 128,United Airlines,Domestic Scheduled Passenger,UA297,Newark International Airport,EWR,KEWR,United States of America,Washington-National Airport,DCA,KDCA,United States of America,4,13,4,13,-,-,Final
19621125-0,Sunday,25-NOV-1962,-,A1, Takeoff (TOF),Davis Glacier,Antarctica,-,0, Damaged beyond repair,-,Douglas LC-47H,-,-,1944,-,-, 50777, 26378/14933,US Navy,Military,-,-,-,-,-,-,-,-,-,-,-,0,0,-,-,-
19621126-0,Monday,26-NOV-1962,08:50,A1, En route (ENR),Kingston,Jamaica,3,2, Damaged beyond repair,-,Curtiss C-46A Commando,2,Pratt & Whitney R-2800-51,1944,-,-, HK-354X, 30379,La Urraca,Ferry/positioning,-,Kingston Airport,KIN,MKJP,Jamaica,Bogotá-Eldorado Airport,BOG,SKBO,Colombia,2,1,2,0,-,-,-
19621126-1,Monday,26-NOV-1962,12:09,A1, En route (ENR),"near Paraibuna, SP",Brazil,23,23, Damaged beyond repair,-,SAAB Scandia 90A-1,2,Pratt & Whitney R-2180-E1,1951,-,-, PP-SRA, 90.107,VASP,Domestic Scheduled Passenger,-,São Paulo-Congonhas Airport,CGH,SBSP,Brazil,Rio de Janeiro-Santos Dumont Airport,SDU,SBRJ,Brazil,5,18,5,18,4,-,-
19621126-2,Monday,26-NOV-1962,-,A1, Unknown (UNK),"Smyrna-Sewart AFB, TN (MQY)",United States of America,5,5, Damaged beyond repair,-,Lockheed C-130A Hercules,-,-,1957,-,-, 56-0488, 3096,USAF,Military,-,Smyrna-Sewart AFB,MQY,KMQY,United States of America,-,-,-,-,5,0,5,0,-,-,-
19621127-0,Tuesday,27-NOV-1962,03:37,A1, Approach (APR),ca 25 km SE of Lima-Callao International Airport (LIM),Peru,97,97, Destroyed, Written off (damaged beyond repair),Boeing 707-441,4,Rolls-Royce Conway 508,1960,-,-, PP-VJB, 17906/129,Varig,International Scheduled Passenger,RG810,Rio de Janeiro-Galeão International Airport,GIG,SBGL,Brazil,Lima-Callao International Airport,LIM,SPIM,Peru,17,80,17,80,-,-,Final
19621127-1,Tuesday,27-NOV-1962,-,C1, Approach (APR),"5,6 km (3.5 mls) SW of Xieng Khouang",Laos,3,2, Damaged beyond repair,-,Fairchild C-123B-16-FA Provider,-,-,-,-,-, N5004X, 20233,Air America,Cargo,-,Vientiane-Wattay Airport,VTE,VLVT,Laos,Xieng Khouang Airport,XKH,VLXK,Laos,3,0,2,0,-,-,-
19621129-0,Thursday,29-NOV-1962,-,A1, Unknown (UNK),at an unknown location,Russia,-,-, Damaged beyond repair,-,Ilyushin Il-18V,4,Ivchenko AI-20,1962,-,-, CCCP-75843, 182005303,Aeroflot / Moscow,Unknown,-,-,-,-,-,-,-,-,-,-,-,-,-,-,-,-
19621130-0,Friday,30-NOV-1962,21:45,A1, Approach (APR),"New York-Idlewild International Airport, NY (IDL)",United States of America,51,25, Damaged beyond repair,-,Douglas DC-7B,-,-,1956,-,18411.0, N815D, 45084/711,Eastern Air Lines,Domestic Scheduled Passenger,EA512,Charlotte-Douglas Airport,CLT,KCLT,United States of America,New York-Idlewild International Airport,IDL,KIDL,United States of America,6,45,4,21,-,-,Final
19621204-0,Tuesday,04-DEC-1962,-,A1, Approach (APR),"6,8 km (4.3 mls) SW of Guam-Agana NAS (NGM)",Guam,8,3, Destroyed, Written off (damaged beyond repair),Lockheed C-121G Super Constellation,-,-,1954,-,-, 54-4066, 4146,USAF,Military,-,-,-,-,-,-,-,-,-,8,0,3,0,-,-,-
19621206-0,Thursday,06-DEC-1962,-,U1, Unknown (UNK),Uncia,Bolivia,-,-, Damaged beyond repair,-,Douglas C-47A-75-DL (DC-3),2,Pratt & Whitney R-1830-92,1944,-,-, CP-695, 19389,Aerolineas Abaroa,Unknown,-,-,-,-,-,-,-,-,-,-,-,-,-,-,-,-
19621206-1,Thursday,06-DEC-1962,16:50,A1, En route (ENR),48 km (30 mls) from  Barrancabermeja,Colombia,26,24, Damaged beyond repair,-,Douglas C-47-DL (DC-3),2,Pratt & Whitney R-1830-92,1942,-,-, HK-437, 4697,Líneas Aéreas Taxader,Domestic Scheduled Passenger, 209,-,-,-,-,Barrancabermeja-Yariguíes Airport,EJA,SKEJ,Colombia,3,23,3,21,-,-,-
19621210-0,Monday,10-DEC-1962,-,A1, Takeoff (TOF),Ellsworth Station,Antarctica,-,0, Damaged beyond repair,-,Douglas C-47A-15-DL Skytrain,-,-,1943,-,-, TA-33, 9254,Argentine AF,Military,-,-,-,-,-,-,-,-,-,-,-,0,0,-,-,-
19621210-1,Monday,10-DEC-1962,-,A1, En route (ENR),"near Mistassini Lake, QC",Canada,10,1, Damaged beyond repair,-,Boeing KC-97G-26-BO Stratofreighter,-,-,-,-,-, 52-2685, 16716,USAF,Military,-,Plattsburgh AFB,PBG,KPBG,United States of America,-,-,-,-,10,0,1,0,-,-,-
19621214-0,Friday,14-DEC-1962,-,A1, En route (ENR),"near Paraná da Eva, AM",Brazil,50,50, Damaged beyond repair,-,Lockheed L-049 Constellation,-,-,-,-,-, PP-PDE, 2047,Panair do Brasil,Domestic Scheduled Passenger,-,Belém/Val-de-Cans International Airport,BEL,SBBE,Brazil,Manaus/Ponta Pelada Airport,PLL,SBMN,Brazil,7,43,7,43,-,-,Final
19621214-1,Friday,14-DEC-1962,22:12,A1, Approach (APR),"2 km (1.3 mls) W of Hollywood-Lockheed Air Terminal, CA (BUR)",United States of America,5,5, Damaged beyond repair,-,Lockheed L-1049H Super Constellation,-,-,1957,-,20269.0, N6913C, 4810,Flying Tiger Line,Cargo, 183,Chicago-O'Hare International Airport,ORD,KORD,United States of America,Hollywood-Lockheed Air Terminal,BUR,KBUR,United States of America,3,2,3,2,-,3,-
19621215-0,Saturday,15-DEC-1962,-,A1, Unknown (UNK),at an unknown location,Unknown country,-,-, Damaged beyond repair,-,Douglas C-47A-20-DK (DC-3),-,-,1944,-,-, 42-93086, 12959,USAF,Military,-,-,-,-,-,-,-,-,-,-,-,-,-,-,-,-
19621219-0,Wednesday,19-DEC-1962,-,A1, Approach (APR),"1,3 km (0.8 mls) SE of Warszawa-Okecie Airport (WAW)",Poland,33,33, Damaged beyond repair,-,Vickers 804 Viscount,4,Rolls-Royce Dart 510,1958,5119.0,9822.0, SP-LVB, 395,LOT,International Scheduled Passenger,-,Berlin-Schönefeld Airport,SXF,EDDB,Germany,Warszawa-Okecie Airport,WAW,EPWA,Poland,5,28,5,28,-,-,-
19621221-0,Friday,21-DEC-1962,20:30,A1, Approach (APR),"Grand Island, NE",United States of America,42,0, Damaged beyond repair,-,Convair CV-340-31,-,-,1953,-,19654.0, N73130,  59,Frontier Airlines,Domestic Scheduled Passenger, 363,Kansas City Downtown Municipal Airport,MKC,KMKC,United States of America,Grand Island Airport,GRI,KGRI,United States of America,3,39,0,0,-,-,-
19621222-0,Saturday,22-DEC-1962,01:00,A1, Approach (APR),"near Brasilia, DF",Brazil,40,1, Damaged beyond repair,-,Convair CV-240-2,-,-,1948,-,-, PP-VCQ, 103,Varig,Domestic Non Scheduled Passenger,-,Belo Horizonte-Pampulha Airport,PLU,SBBH,Brazil,Brasília International Airport,BSB,SBBR,Brazil,5,35,1,0,-,-,-
19621223-1,Sunday,23-DEC-1962,-,A1, Approach (APR),near Noril'sk-Nezhdannyj Airfield,Russia,8,7, Damaged beyond repair,-,Antonov An-12,-,-,-,-,-, registration unknown, 0901406,Soviet AF,Military,-,-,-,-,-,-,-,-,-,8,0,7,0,-,-,-
19621226-0,Wednesday,26-DEC-1962,-,A1, En route (ENR),"560 km (350 mls) SW off  San Diego, CA, USA",Pacific Ocean,13,13, Damaged beyond repair,-,Martin P5A Marlin,-,-,-,-,-, 127712,-,US Navy,Military,-,-,-,-,-,-,-,-,-,-,-,-,-,-,-,-
19621228-1,Friday,28-DEC-1962,11:04,A1, Approach (APR),Rotterdam Airport (RTM),Netherlands,18,1, Damaged beyond repair,-,Aviation Traders ATL-98 Carvair,-,-,1944,-,1081.0, G-ARSF, 3/18339,Channel Air Bridge,International Scheduled Passenger,-,Southend Municipal Airport,SEN,EGMC,United Kingdom,Rotterdam Airport,RTM,EHRD,Netherlands,4,14,1,0,-,-,Final
19621229-0,Saturday,29-DEC-1962,12:12,A1, En route (ENR),"Monte Renoso, Corsica",France,25,25, Destroyed, Written off (damaged beyond repair),Boeing S.307B-1 Stratoliner,4,Wright R-1820-97,1940,-,41150.0, F-BELZ, 2001,Airnautic,Domestic Non Scheduled Passenger,-,Bastia-Poretta Airport,BIA,LFKB,France,Ajaccio-Campo Dell'Oro Airport,AJA,LFKJ,France,3,22,3,22,-,-,Final
19629999-0,-,xx-xxx-1962,-,U1, Unknown (UNK),at an unknown location,Unknown country,-,-, Damaged beyond repair,-,Douglas C-54B-10-DO (DC-4),-,-,1944,-,-, XV-NUA, 18354,Air Vietnam,Unknown,-,-,-,-,-,-,-,-,-,-,-,-,-,-,-,-
