identifiant,week_day,date,time,type_event,phase,location,country,total_occupants,total_fatalities,aircraft_damage,aircraft_fate,type_aircraft,number_engines,type_engines,first_flight,cycles,total_airframe_hours,registration,c_n_msn,operator,nature,flight_number,departure_airport_name,departure_airport_IATA,departure_airport_ICAO,departure_airport_country,destination_airport_name,destination_airport_IATA,destination_airport_ICAO,destination_airport_country,crew_number,passengers_number,crew_fatalities,passengers_fatalities,collision_casualties,ground_casualties,status
20091221-0,Monday,21-DEC-2009,01:51,A1, Landing (LDG),Makassar-Sultan Hasanuddin International Airport (UPG),Indonesia,108,0, Substantial, Written off (damaged beyond repair),Boeing 737-301,2,CFMI CFM56-3B2,1988,-,-, PK-MDH, 23932/1554,Merpati Nusantara,Domestic Scheduled Passenger,MZ766,Surabaya Airport,SUB,WARR,Indonesia,Makassar-Sultan Hasanuddin International Airport,UPG,WAAA,Indonesia,6,102,0,0,-,-,Preliminary - official
20091222-0,Tuesday,22-DEC-2009,22:22,A1, Landing (LDG),Kingston-Norman Manley International Airport (KIN),Jamaica,154,0, Destroyed, Written off (damaged beyond repair),Boeing 737-823 (WL),2,CFMI CFM56-7B27,2001,10402.0,24610.0, N977AN, 29550/1019,American Airlines,International Scheduled Passenger,AA331,Miami International Airport,MIA,KMIA,United States of America,Kingston-Norman Manley International Airport,KIN,MKJP,Jamaica,6,148,0,0,-,-,Final
20091225-0,Friday,25-DEC-2009,11:30,C2, Approach (APR),"near Detroit-Metropolitan Wayne County Airport, MI (DTW)",United States of America,289,0, None,-,Airbus A330-323X,2,Pratt & Whitney PW4168A,2007,-,-, N820NW, 859,Northwest Airlines,International Scheduled Passenger, 253,Amsterdam-Schiphol International Airport,AMS,EHAM,Netherlands,Detroit-Metropolitan Wayne County Airport,DTW,KDTW,United States of America,11,278,0,0,-,-,- (No safety board investigation)
20091229-0,Tuesday,29-DEC-2009,18:00,A2, Unknown (UNK),off Vomo Island,Fiji,6,0, Unknown,-,de Havilland Canada DHC-3T Vazar Turbine Otter,1,Pratt & Whitney Canada PT6A,1958,-,-, DQ-GLL ?, 288,Pacific Island Seaplanes,Passenger,-,-,-,-,-,-,-,-,-,1,5,0,0,-,-,Preliminary
20090620-0,Saturday,20-JUN-2009,21:06,O1, Standing (STD),"Pologi, Zaporizhya region",Ukraine,-,0, Damaged beyond repair,-,Antonov An-2,-,-,-,-,-, registration unknown,-,Unknown,Agricultural,-,Philadelphia International Airport,PHL,KPHL,United States of America,-,-,-,-,-,-,0,0,-,-,-
20090625-0,Thursday,25-JUN-2009,07:50,A2, Landing (LDG),Caticlan-Malay Airport (MPH),Philippines,55,0, Substantial,-,Xian MA60,-,-,-,-,-, RP-C8892, 0703,Zest Airways,Domestic Scheduled Passenger, 863,Manila-Ninoy Aquino International Airport,MNL,RPLL,Philippines,Caticlan-Malay Airport,MPH,RPVE,Philippines,-,-,0,0,-,-,Preliminary
20090626-0,Friday,26-JUN-2009,17:26,A1, Landing (LDG),Capurganá Airport (CPB),Colombia,18,0, Substantial,-,Let L-410UVP-E,2,Walter M-601E,1986,-,11771.0, HK-4094, 861707,TAC,Domestic Non Scheduled Passenger,-,Medellín-Enrique Olaya Herrera Airport,EOH,SKMD,Colombia,Capurganá Airport,CPB,SKCA,Colombia,2,16,0,0,-,-,Final
20090627-0,Saturday,27-JUN-2009,-,A1, Takeoff (TOF),Salerno FOB,Afghanistan,-,0, Damaged beyond repair,-,British Aerospace 3201 Jetstream 31,-,-,1990,-,-, N485UE, 901,Vecolair,Unknown,-,-,-,-,-,-,-,-,-,-,-,0,0,-,-,Preliminary
20090629-0,Monday,29-JUN-2009,16:01,A1, En route (ENR),ca 19 km SSE of Wamena Airport (WMX),Indonesia,3,3, Destroyed, Written off (damaged beyond repair),de Havilland Canada DHC-6 Twin Otter 300,2,Pratt & Whitney Canada PT6A-27,1981,-,-, PK-BRO, 756,Aviastar Mandiri,Cargo,-,-,-,-,-,Wamena Airport,WMX,WAJW,Indonesia,3,0,3,0,-,-,Preliminary - official
20090629-1,Monday,29-JUN-2009,08:10,A2, Landing (LDG),Wangerooge Airport (AGE),Germany,6,0, Substantial, Repaired,Britten-Norman BN-2B-26 Islander,-,-,1995,-,7363.0, D-ILFC, 2272,LFH Luftverkehr,Domestic Scheduled Passenger,-,-,-,-,-,Wangerooge Airport,AGE,EDWG,Germany,1,5,0,0,-,-,Preliminary - official
20090630-0,Tuesday,30-JUN-2009,01:54,A1, Approach (APR),6 km (3.8 mls) NW off  Mitsamiouli,Comoros,153,152, Destroyed, Written off (damaged beyond repair),Airbus A310-324,2,Pratt & Whitney PW4152,1990,18129.0,53587.0, 7O-ADJ, 535,Yemenia Airways,International Scheduled Passenger,IY626,Sana'a International Airport,SAH,ODSN,Yemen,Moroni-Prince Said Ibrahim In Airport,HAH,FMCH,Comoros,11,142,11,141,-,-,Final
20090705-0,Sunday,05-JUL-2009,13:05,A1, Initial climb (ICL),near Great Barrier Island Airport (GBZ),New Zealand,11,0, Substantial, Written off (damaged beyond repair),Britten-Norman BN-2A Trislander Mk.III-1,3,Lycoming O-540-E4C5,1972,-,-, ZK-LOU, 322,Great Barrier Airlines,Domestic Scheduled Passenger,-,Great Barrier Island Airport,GBZ,NZGB,New Zealand,Auckland International Airport,AKL,NZAA,New Zealand,1,10,0,0,-,-,Final
20090706-0,Monday,06-JUL-2009,09:50,A1, Approach (APR),"1,6 km (1 mls) W of Sarif-Umra Airstrip",Sudan,2,0, Damaged beyond repair,-,Antonov An-28,2,Glushenkov TVD-10B,1988,2113.0,2180.0, ST-TYB, IAJ 006-02, El Dinder Aviation,Cargo,-,El Fasher Airport,ELF,HSFS,Sudan,-,-,-,-,2,0,0,0,-,-,Final
20090708-0,Wednesday,08-JUL-2009,-,A2, Unknown (UNK),Bimini International Airport (BIM),Bahamas,-,0, Substantial, Repaired,Swearingen SA227-AC Metro III,-,-,1986,-,-, C6-FPO, AC-652,Western Air,Unknown,-,-,-,-,-,-,-,-,-,-,-,0,0,-,-,-
20090713-0,Monday,13-JUL-2009,18:07,A2, En route (ENR),"near Charleston, WV",United States of America,131,0, Substantial, Repaired,Boeing 737-3H4,2,CFMI CFM56-3B1,1994,42500.0,50500.0, N387SW, 26602/2627,Southwest Airlines,Domestic Scheduled Passenger,2294,Nashville International Airport,BNA,KBNA,United States of America,Baltimore/Washington International Thurgood Marshall Airport,BWI,KBWI,United States of America,5,126,0,0,-,-,Final
20090715-0,Wednesday,15-JUL-2009,11:53,A1, En route (ENR),12 km (7.5 mls) S of Qazvin,Iran,168,168, Destroyed, Written off (damaged beyond repair),Tupolev Tu-154M,3,Soloviev D-30KU-154-II,1987,16248.0,26593.0, EP-CPG, 87A748,Caspian Airlines,International Scheduled Passenger,CPN7908,Tehran-Imam Khomeini International Airport,IKA,OIIE,Iran,Yerevan Airport,EVN,UDYZ,Armenia,10,158,10,158,-,-,Final
20090719-0,Sunday,19-JUL-2009,15:55,A1, Landing (LDG),Metropolitano Airport,Venezuela,2,0, Substantial, Written off (damaged beyond repair),British Aerospace 3212 Jetstream 32,-,-,1990,-,-, YV1200, 910,Kavok Airlines,Unknown,-,-,-,-,-,-,-,-,-,2,0,0,0,-,-,Preliminary
20090721-0,Tuesday,21-JUL-2009,20:38,A2, Landing (LDG),"Edmonton International Airport (CYEG), Alberta",Canada,7,0, Substantial, Repaired,Beechcraft 100 King Air,-,-,1969,-,-, C-FDAM, B-8,North Cariboo Flying Service,Domestic Non Scheduled Passenger,NCB188,-,-,-,-,Edmonton International Airport,YEG,CYEG,Canada,-,-,0,0,-,-,-
20090724-0,Friday,24-JUL-2009,18:05,A1, Landing (LDG),Mashhad-Shahid Hashemi Nejad Airport (MHD),Iran,173,16, Damaged beyond repair,-,Ilyushin Il-62M,4,Soloviev D-30KU-2,1989,3987.0,13573.0, UP-I6208, 1951525,DETA Air,Domestic Scheduled Passenger,1525,Tehran-Mehrabad Airport,THR,OIII,Iran,Mashhad Airport,MHD,OIMM,Iran,17,156,11,5,-,-,Final
20090729-0,Wednesday,29-JUL-2009,11:12,A2, Landing (LDG),340 km (212.5 mls) N of Constable Point,Greenland,2,0, Substantial, Repaired,de Havilland Canada DHC-6 Twin Otter 300,2,Pratt & Whitney Canada PT6A-27,1969,-,-, OY-POF, 235,Air Greenland,Cargo,-,-,-,-,-,-,-,-,-,2,0,0,0,-,-,Final
20090802-0,Sunday,02-AUG-2009,11:00,A1, En route (ENR),42 km (26.3 mls) N of Oksibil Airport (OKL),Indonesia,15,15, Destroyed, Written off (damaged beyond repair),de Havilland Canada DHC-6 Twin Otter 300,2,Pratt & Whitney Canada PT6A-27,1979,-,27336.0, PK-NVC, 626,Merpati Nusantara,Domestic Scheduled Passenger,MZ9760D,Jayapura-Sentani Airport,DJJ,WAJJ,Indonesia,Oksibil Airport,OKL,WAJO,Indonesia,3,12,3,12,-,-,Final
20090802-1,Sunday,02-AUG-2009,14:05,A1, Standing (STD),Enugu Airport (ENU),Nigeria,33,0, Damaged beyond repair,-,Embraer EMB-120RT Brasilia,2,Pratt & Whitney Canada PW118,1990,-,-, 5N-BLN, 120191,Capital Airlines,Domestic Scheduled Passenger,-,Enugu Airport,ENU,DNEN,Nigeria,Abuja International Airport,ABV,DNAA,Nigeria,5,28,0,0,-,-,Preliminary
20090803-0,Monday,03-AUG-2009,10:00,A1, En route (ENR),Ahwaz Airport (AWZ),Iran,174,0, Substantial, Repaired,Boeing 707-3J9C,4,Pratt & Whitney JT3D-3B,1976,-,-, EP-SHK, 21128/917,Saha Air,Domestic Scheduled Passenger, 124,Ahwaz Airport,AWZ,OIAW,Iran,Tehran-Mehrabad Airport,THR,OIII,Iran,-,-,0,0,-,-,Preliminary
20090804-0,Tuesday,04-AUG-2009,14:30,A1, Landing (LDG),Koh Samui Airport (USM),Thailand,72,1, Damaged beyond repair,-,ATR 72-212A (ATR-72-500),2,Pratt & Whitney Canada PW127F,2001,-,-, HS-PGL, 670,Bangkok Airways,Domestic Scheduled Passenger, 266,Krabi Airport,KBV,VTSG,Thailand,Koh Samui Airport,USM,VTSM,Thailand,4,68,1,0,-,-,Preliminary
20090810-0,Monday,10-AUG-2009,20:23,A2, Landing (LDG),Tokyo-Haneda Airport (HND),Japan,153,0, Substantial, Repaired,Boeing 737-881 (WL),2,CFMI CFM56-7B24,2009,-,-, JA56AN, 33893/2926,All Nippon,Domestic Scheduled Passenger, Th,Tottori Airport,TTJ,RJOR,Japan,Tokyo-Haneda Airport,HND,RJTT,Japan,6,147,0,0,-,-,Final
20090811-0,Tuesday,11-AUG-2009,11:14,A1, En route (ENR),11 km (6.9 mls) SSE of Kokoda Airport (KKD),Papua New Guinea,13,13, Destroyed, Written off (damaged beyond repair),de Havilland Canada DHC-6 Twin Otter 300,2,Pratt & Whitney Canada PT6A-27,1975,-,46700.0, P2-MCB, 441,Airlines PNG,Domestic Scheduled Passenger,4684,Port Moresby-Jackson Field,POM,AYPY,Papua New Guinea,-,-,-,-,2,11,2,11,-,-,Final
20090814-0,Friday,14-AUG-2009,19:10,A1, Initial climb (ICL),"Bairro de Almeirim, Évora",Portugal,2,2, Destroyed, Written off (damaged beyond repair),Beechcraft 99 Airliner,2,Pratt & Whitney Canada PT6A-20,1969,17449.0,22993.0, F-BTME, U-79,Avioarte Serviços Aéreos,Parachuting,-,-,-,-,-,-,-,-,-,1,1,1,1,-,-,Final
20090816-0,Sunday,16-AUG-2009,12:30,A1, Initial climb (ICL),near Taiping Airport (TPG),Malaysia,1,1, Destroyed, Written off (damaged beyond repair),Avcen Jetpod,-,-,2009,-,-, -,-,Avcen,Test,-,Taiping Airport,TPG,WMBI,Malaysia,Taiping Airport,TPG,WMBI,Malaysia,1,0,1,0,-,-,Preliminary
20090816-1,Sunday,16-AUG-2009,18:06,A1, Approach (APR),4 km (2.5 mls) off  Caracas-Simón Bolívar International Airport (CCS),Venezuela,10,0, Substantial, Written off (damaged beyond repair),Britten-Norman BN-2A-6 Islander,-,-,1970,-,10187.0, YV212T, 171,Islas Aviation Services,Domestic Non Scheduled Passenger,-,Los Roques Airport,LRV,SVRS,Venezuela,Caracas-Simón Bolívar International Airport,CCS,SVMI,Venezuela,1,9,0,0,-,-,Final
20090823-0,Sunday,23-AUG-2009,12:33,A2, Landing (LDG),Manila-Ninoy Aquino International Airport (MNL),Philippines,35,0, Minor, Repaired,Dornier 328-100,2,Pratt & Whitney Canada PW119B,1995,-,-, RP-C6328, 3027,South East Asian Airlines,Domestic Scheduled Passenger,DG024,Caticlan-Malay Airport,MPH,RPVE,Philippines,Manila-Ninoy Aquino International Airport,MNL,RPLL,Philippines,3,32,0,0,-,-,Final
20090826-0,Wednesday,26-AUG-2009,05:00,A1, Approach (APR),11 km (6.9 mls) SE of Brazzaville-Maya Maya Airport (BZV),Congo,6,6, Destroyed, Written off (damaged beyond repair),Antonov An-12BK,4,Ivchenko AI-20M,1966,-,-, TN-AIA, 6344607,Aero Fret Business,Cargo,-,Pointe Noire Airport,PNR,FCPP,Congo,Brazzaville-Maya Maya Airport,BZV,FCBB,Congo,5,1,5,1,-,-,Preliminary
20090826-1,Wednesday,26-AUG-2009,08:14,A1, En route (ENR),"7,4 km (4.6 mls) N off  La Tortuga",Venezuela,13,0, Substantial, Written off (damaged beyond repair),Cessna 208B Grand Caravan,1,Pratt & Whitney Canada PT6A-114A,1998,16406.0,16077.0, YV1183, 208B0690,Línea Turística Aereotuy - LTA,Domestic Scheduled Passenger, 202,Los Roques Airport,LRV,SVRS,Venezuela,Porlamar Airport,PMV,SVMG,Venezuela,2,11,0,0,-,-,Final
20090827-0,Thursday,27-AUG-2009,-,A1, Takeoff (TOF),Luanda-4 de Fevereiro Airport (LAD),Angola,-,0, Damaged beyond repair,-,Ilyuhsin Il-76TD,-,-,1991,-,-, T-906, 1013408246 ?,Angolan AF,Military,-,Luanda-4 de Fevereiro Airport,LAD,FNLU,Angola,-,-,-,-,-,-,0,0,-,-,-
20090828-0,Friday,28-AUG-2009,18:00,A1, Landing (LDG),"Las Vegas-Nellis AFB, NV (LSV)",United States of America,32,0, Substantial, Written off (damaged beyond repair),Boeing E-3C Sentry (707-300),-,-,1983,-,-, 83-0008, 22836/962,USAF,Military,-,Las Vegas-Nellis AFB,LSV,KLSV,United States of America,Las Vegas-Nellis AFB,LSV,KLSV,United States of America,32,0,0,0,-,-,Preliminary
20090899-0,-,xx-AUG-2009,-,A1, Takeoff (TOF),Zarafshan Airport (AFS),Uzbekistan,-,0, Damaged beyond repair,-,Antonov An-24RV,2,Ivchenko AI-24VT,1974,-,-, UK-46658, 47309304,Uzbekistan Airways,Unknown,-,Zarafshan Airport,AFS,UTSN,Uzbekistan,-,-,-,-,-,-,0,0,-,-,-
20090901-0,Tuesday,01-SEP-2009,16:42,A2, Takeoff (TOF),Verona Airport (VRN),Italy,94,0, Substantial, Repaired,Airbus A320-212,2,CFMI CFM56-5A3,1992,-,51963.0, LZ-BHC, 349,Air Vallée,Domestic Non Scheduled Passenger,DO5378,Verona Airport,VRN,LIPX,Italy,Roma-Fiumicino Airport,FCO,LIRF,Italy,7,87,0,0,-,-,Final
20090904-0,Friday,04-SEP-2009,10:50,A1, Taxi (TXI),Mumbai-Chhatrapati Shivaji International Airport (BOM),India,229,0, Minor, Written off (damaged beyond repair),Boeing 747-437,4,Pratt & Whitney PW4056,1993,-,59225.0, VT-ESM, 27078/987,Air India,International Scheduled Passenger, 829,Mumbai-Chhatrapati Shivaji International Airport,BOM,VABB,India,Riyadh-King Khalid International Airport,RUH,OERK,Saudi Arabia,16,213,0,0,-,-,Final
20090906-0,Sunday,06-SEP-2009,-,O1, Standing (STD),Grand Turk Island Airport (GDT),Turks and Caicos Islands,0,0, Damaged beyond repair,-,Britten-Norman BN-2A Islander,2,Lycoming O-540-E4C5,1970,-,-, VQ-TAH, 154,Turks & Caicos National Airline,-,-,-,-,-,-,-,-,-,-,0,0,0,0,-,-,-
20090906-1,Sunday,06-SEP-2009,-,O1, Standing (STD),Grand Turk Island Airport (GDT),Turks and Caicos Islands,0,0, Damaged beyond repair,-,Britten-Norman BN-2A-26 Islander,2,Lycoming O-540-E4C5,1979,-,-, VQ-TAA, 2016,Turks & Caicos National Airline,-,-,-,-,-,-,-,-,-,-,0,0,0,0,-,-,-
20090907-0,Monday,07-SEP-2009,14:28,A1, En route (ENR),"Long Apung, Bulungan Regency, East Kalimantan",Indonesia,9,5, Damaged beyond repair,-,GAF Nomad N.24A,-,-,-,-,-, P-837, 135,Indonesian Navy,Military,-,Long Bawan Airport,LBW,WRLB,Indonesia,Tarakan-Juwata Airport,TRK,WALR,Indonesia,3,6,-,-,-,-,Preliminary
20090907-1,Monday,07-SEP-2009,19:30,A1, Landing (LDG),"Ruidoso Municipal Airport, NM (RUI)",United States of America,8,0, Substantial, Written off (damaged beyond repair),Beechcraft 200 Super King Air,-,-,1979,-,-, N83GA, BB-518,Guardian Eagle Company,Unknown,-,Ruidoso Municipal Airport,RUI,KSRR,United States of America,Grand Junction-Walker Field,GJT,KGJT,United States of America,1,7,0,0,-,-,- (No safety board investigation)
20090909-0,Wednesday,09-SEP-2009,-,A1, Takeoff (TOF),"Onikeevo, Kirovograd Oblast",Ukraine,3,0, Damaged beyond repair,-,Antonov An-2R,-,-,1973,-,-, UR-70427, 1G143-06,Unknown,Illegal Flight,-,-,-,-,-,-,-,-,-,2,1,0,0,-,-,Preliminary
20090909-1,Wednesday,09-SEP-2009,-,H2, En route (ENR),Mexico City-Benito Juárez International Airport (MEX),Mexico,104,0, None,-,Boeing 737-852,2,CFMI CFM56-7B26,2006,-,-, EI-DRA, 35114/2037,Aeroméxico,Domestic Scheduled Passenger, 576,Cancún Airport,CUN,MMUN,Mexico,Mexico City-Benito Juárez International Airport,MEX,MMMX,Mexico,-,-,0,0,-,-,Preliminary
20090909-2,Wednesday,09-SEP-2009,18:09,A2, Landing (LDG),Aktyubinsk Airport (AKX),Kazakhstan,12,0, Substantial, Repaired,Yakovlev Yak-40,3,Ivchenko AI-25,1974,21667.0,25427.0, RA-87447, 9430436,Bugulma Air Enterprise,Domestic Non Scheduled Passenger,9401,Begishevo/Naberevnye Chelny Airport,NBC,UWKE,Russia,Aktyubinsk Airport,AKX,UATT,Kazakhstan,4,8,0,0,-,-,Final
20090913-0,Sunday,13-SEP-2009,-,A2, Landing (LDG),Mexico City-Benito Juárez International Airport (MEX),Mexico,-,0, Substantial, Repaired,McDonnell Douglas MD-11F,3,General Electric CF6-80C2D1F,1992,-,-, D-ALCO, 48413/488,Lufthansa Cargo,Cargo,8240,Dallas/Fort Worth International Airport,DFW,KDFW,United States of America,Mexico City-Benito Juárez International Airport,MEX,MMMX,Mexico,-,-,0,0,-,-,Preliminary
20090914-0,Monday,14-SEP-2009,10:47,A2, Landing (LDG),Stuttgart-Echterdingen Airport (STR),Germany,78,0, Substantial, Repaired,Fokker 100,2,Rolls-Royce Tay 650-15,1995,33543.0,31468.0, D-AFKE, 11505,Contact Air,Domestic Scheduled Passenger, 288,Berlin-Tegel Airport,TXL,EDDT,Germany,Stuttgart-Echterdingen Airport,STR,EDDS,Germany,5,73,0,0,-,-,Preliminary - official
20090914-1,Monday,14-SEP-2009,-,A2, Landing (LDG),Serui-Sudjarwo Tjondronegoro Airport (ZRI),Indonesia,12,0, Substantial,-,de Havilland Canada DHC-6 Twin Otter 300,2,Pratt & Whitney Canada PT6A-27,1971,93939.0,41904.0, PK-BRS, 299,Aviastar Mandiri,Domestic Scheduled Passenger,-,Biak-Frans Kaisiepo Airport,BIK,WABB,Indonesia,Serui-Sudjarwo Tjondronegoro Airport,ZRI,WABO,Indonesia,2,10,0,0,-,-,Final
20090915-0,Tuesday,15-SEP-2009,14:35,A1, En route (ENR),"Sheffield, MA",United States of America,6,0, Destroyed, Written off (damaged beyond repair),Cessna 208 Caravan I,1,Pratt & Whitney Canada PT6A-114A,1985,-,10182.0, N336DN, 20800001,North American Flight Services,Domestic Non Scheduled Passenger,-,Farmingdale-Republic Field,FRG,KFRG,United States of America,-,-,-,-,1,5,0,0,-,-,Final
20090916-0,Wednesday,16-SEP-2009,12:15,A1, Initial climb (ICL),"Hayward Executive Airport, CA (HWD)",United States of America,1,0, Damaged beyond repair,-,Beechcraft B200 King Air,2,Pratt & Whitney Canada PT6A-42,2001,-,1229.0, N726CB, BB-1750,Henry Broadcasting Nevada Inc,Test,-,Hayward Executive Airport,HWD,KHWD,United States of America,Hayward Executive Airport,HWD,KHWD,United States of America,1,0,0,0,-,-,Final
20090918-0,Friday,18-SEP-2009,14:12,A2, Landing (LDG),"Savoonga Airport, AK (SVA)",United States of America,2,0, Substantial, Repaired,CASA C-212 Aviocar 200,2,Garrett TPE331-10-501C,1986,-,-, N349TA, 349,Bering Air,Cargo,-,Nome Airport,OME,PAOM,United States of America,Savoonga Airport,SVA,PASA,United States of America,2,0,0,0,-,-,Final
20090922-0,Tuesday,22-SEP-2009,09:30,A1, Unknown (UNK),near Varamin,Iran,7,7, Destroyed, Written off (damaged beyond repair),Ilyushin Il-76MD Simorgh,-,-,1988,-,-, 5-8208, 0083484542,Iran AF,Military,-,Tehran-Mehrabad Airport,THR,OIII,Iran,Tehran-Mehrabad Airport,THR,OIII,Iran,7,0,7,0,-,-,Preliminary
20090924-0,Thursday,24-SEP-2009,07:57,A1, Takeoff (TOF),"1,4 km (0.9 mls) E of Durban International Airport (DUR)",South Africa,3,1, Damaged beyond repair,-,British Aerospace 4121 Jetstream 41,2,Garrett TPE331-14GR-805H,1995,-,27429.0, ZS-NRM, 41069,SA Airlink,Ferry/positioning,8911,Durban-Louis Botha Airport,DUR,FADN,South Africa,Pietermaritzburg Airport,PZB,FAPM,South Africa,3,0,1,0,-,-,Final
20090928-0,Monday,28-SEP-2009,12:40,A2, Landing (LDG),Ozuki Airport,Japan,11,0, Substantial,-,NAMC YS-11M-A-624,-,-,1973,-,-, 9044, 2182,Japanese Navy,Military,-,-,-,-,-,-,-,-,-,-,-,0,0,-,-,Preliminary
20091006-0,Tuesday,06-OCT-2009,15:24,A2, Landing (LDG),"Anchorage-Elmendorf AFB, AK (EDF)",United States of America,3,0, Substantial, Repaired,Cessna UC-35A (Cessna 560 Citation V Ultra),-,-,1999,-,-, 98-0008, 560-0505,US Army,Military,-,-,-,-,-,Anchorage-Elmendorf AFB,EDF,PAED,United States of America,-,-,0,0,-,-,Preliminary
20091006-1,Tuesday,06-OCT-2009,14:50,A1, En route (ENR),"near Aurora, TX",United States of America,4,0, Damaged beyond repair,-,Beechcraft B100 King Air,2,Garrett TPE331-6-511B,1981,-,-, N2TX, BE-103,Private,Private,-,Oklahoma City-Wiley Post Airport,PWA,KPWA,United States of America,Fort Worth-Meacham Field,FTW,KFTW,United States of America,1,3,0,0,-,-,Final
20091006-2,Tuesday,06-OCT-2009,19:38,A1, Approach (APR),Umgalala Airstrip,Sudan,1,1, Destroyed, Written off (damaged beyond repair),Antonov An-2R,1,Shvetsov ASh-62IR,1974,-,6481.0, ST-AUS, 1G156-23,Bashmia Aero Spray,Agricultural,-,-,-,-,-,-,-,-,-,1,0,1,0,-,-,Final
20091008-0,Thursday,08-OCT-2009,-,A1, Landing (LDG),Kandahar Airport (KDH),Afghanistan,-,0, Substantial, Written off (damaged beyond repair),Antonov An-32A,2,Ivchenko AI-20,1989,-,-, 354, 2206,Afghan National Army Air Corps,Military,-,-,-,-,-,Kandahar Airport,KDH,OAKN,Afghanistan,-,-,0,0,-,-,Preliminary
20091009-0,Friday,09-OCT-2009,-,A1, En route (ENR),20 km (12.5 mls) W of Fonds-Verrettes,Haiti,11,11, Damaged beyond repair,-,CASA C-212 Aviocar 200,-,-,1981,-,-, FAU-531, 187,Uruguayan AF,Military,-,Port-au-Prince Airport,PAP,MTPP,Haiti,Port-au-Prince Airport,PAP,MTPP,Haiti,2,9,2,9,-,-,Preliminary
20091009-1,Friday,09-OCT-2009,-,A1, Landing (LDG),Las Minas,Honduras,-,0, Substantial, Written off (damaged beyond repair),PZL-Mielec M28 Skytruck,-,-,1995,-,-, YV1769, AJE001-02,Unknown,Illegal Flight,-,-,-,-,-,-,-,-,-,-,-,0,0,-,-,-
20091012-0,Monday,12-OCT-2009,13:10,A1, Landing (LDG),"Angra dos Reis Airport, RJ",Brazil,4,0, Substantial, Written off (damaged beyond repair),Embraer EMB-500 Phenom 100,2,Pratt & Whitney Canada PW617F-E,2009,-,14.0, PP-AFM, 50000049,Save Comercial e Importadora,Private,-,-,-,-,-,-,-,-,-,2,2,0,0,-,-,Final
20091013-0,Tuesday,13-OCT-2009,-,A1, Landing (LDG),Mombasa-Moi International Airport (MBA),Kenya,-,0, Substantial, Written off (damaged beyond repair),Boeing 707-321C,4,Pratt & Whitney JT3D-3B (HK2),1967,-,-, J5-GGU, 19372/655,Safari Airlines,Cargo,-,-,-,-,-,Mombasa-Moi International Airport,MBA,HKMO,Kenya,-,-,0,0,-,-,Preliminary
20091013-1,Tuesday,13-OCT-2009,-,A1, En route (ENR),Nuristan Province,Afghanistan,3,3, Damaged beyond repair,-,Beechcraft C-12C Huron (A200 Super King Air),-,-,-,-,-, 78-23135, BC-71,US Army,Military,-,Bagram Air Base,BPM,OAIX,Afghanistan,Bagram Air Base,BPM,OAIX,Afghanistan,3,0,3,0,-,-,-
20091014-0,Wednesday,14-OCT-2009,16:00,A1, Approach (APR),"0,8 km (0.5 mls) NE of Managua-Augusto C. Sandino International Airport (MGA)",Nicaragua,5,0, Damaged beyond repair,-,Antonov An-2TP,-,-,-,-,-, 75, 1G214-02,Nicaraguan AF,Military,-,Managua-Augusto C. Sandino International Airport,MGA,MNMG,Nicaragua,Managua-Augusto C. Sandino International Airport,MGA,MNMG,Nicaragua,5,0,0,0,-,-,Preliminary
20091015-0,Thursday,15-OCT-2009,14:00,A1, Landing (LDG),Kwamalasamutu Airfield,Suriname,8,0, Substantial, Written off (damaged beyond repair),Antonov An-28,2,Glushenkov TVD-10B,1990,-,-, PZ-TST, 1AJ008-04, Blue Wing Airlines,Domestic Scheduled Passenger,-,Paramaribo-Zorg en Hoop Airport,ORG,SMZO,Suriname,-,-,-,-,-,-,0,0,-,-,Preliminary
20091015-1,Thursday,15-OCT-2009,13:30,C2, En route (ENR),near Miraflores Airport (MFS),Colombia,30,0, Minor, Repaired,Douglas DC-3C,2,Pratt & Whitney R-1830-94,1944,-,-, HK-1149, 26593/15148,SADELCA Colombia,Passenger,-,Miraflores Airport,MFS,SKMF,Colombia,San José del Guaviare Airport,SJE,SKSJ,Colombia,-,-,0,0,-,-,-
20091017-0,Saturday,17-OCT-2009,12:14,A1, Initial climb (ICL),"ca 3,5 km SW of Manila-Ninoy Aquino International Airport (MNL)",Philippines,4,4, Destroyed, Written off (damaged beyond repair),Douglas DC-3C,2,Pratt & Whitney R-1830,1944,-,-, RP-C550, 25737/14292,Victoria Air,Cargo,-,Manila-Ninoy Aquino International Airport,MNL,RPLL,Philippines,Puerto Princesa Airport,PPS,RPVP,Philippines,3,1,3,1,-,-,Final
20091020-0,Tuesday,20-OCT-2009,03:00,A2, Landing (LDG),Montevideo-Carrasco Airport (MVD),Uruguay,5,0, Substantial, Repaired,McDonnell Douglas MD-11F,3,General Electric CF6-80C2D1F,1991,-,-, N701GC, 48434/476,Centurion Air Cargo,Cargo, 431,Miami International Airport,MIA,KMIA,United States of America,Montevideo-Carrasco Airport,MVD,SUMU,Uruguay,5,0,0,0,-,-,Preliminary
20091021-0,Wednesday,21-OCT-2009,15:31,A1, Initial climb (ICL),"1,6 km (1 mls) NW of Sharjah Airport (SHJ)",United Arab Emirates,6,6, Destroyed, Written off (damaged beyond repair),Boeing 707-330C,4,Pratt & Whitney JT3D-3B,1969,26888.0,77484.0, ST-AKW, 20123/788, AZZA Transport,Cargo,2241,Sharjah Airport,SHJ,OMSJ,United Arab Emirates,Khartoum-Civil Airport,KRT,HSSS,Sudan,3,3,3,3,-,-,Final
20091021-1,Wednesday,21-OCT-2009,-,H2, En route (ENR),Cairo International Airport (CAI),Egypt,-,0, None,-,Boeing 737,-,-,-,-,-, registration unknown,-,EgyptAir,International Scheduled Passenger,MS738,Istanbul-Atatürk International Airport,IST,LTBA,Turkey,Cairo International Airport,CAI,HECA,Egypt,-,83,0,0,-,-,-
20091022-0,Thursday,22-OCT-2009,10:17,A1, Approach (APR),"4,7 km (2.9 mls) WNW off  Bonaire-Flamingo International Airport (BON)",Caribbean Netherlands,10,1, Damaged beyond repair,-,Britten-Norman BN-2A-26 Islander,2,Lycoming O-540-E4C5,1973,-,16670.0, PJ-SUN, 377,Divi Divi Air,Domestic Scheduled Passenger, 014,Curaçao-Hato International Airport,CUR,TNCC,Curaçao,Bonaire-Flamingo International Airport,BON,TNCB,Caribbean Netherlands,1,9,1,0,-,-,Final
20091022-1,Thursday,22-OCT-2009,14:15,A2, Landing (LDG),Pamalican Island Airport,Philippines,16,0, Substantial,-,Dornier 228-202K,2,Garrett TPE331-5-252D,1989,-,-, RP-C2282, 8173,Island Aviation,Domestic Scheduled Passenger,-,Manila-Ninoy Aquino International Airport,MNL,RPLL,Philippines,-,-,-,-,-,-,0,0,-,-,Preliminary
20091026-0,Monday,26-OCT-2009,21:34,A1, Approach (APR),3 km (1.9 mls) SE of Minsk-2 International Airport (MSQ),Belarus,5,5, Destroyed, Written off (damaged beyond repair),British Aerospace BAe-125-800B,2,Garrett TFE731-5R-1H,1986,7979.0,12751.0, RA-02807, 258076,S-Air,Executive,RLS9607,Moskva-Vnukovo Airport,VKO,UUWW,Russia,Minsk-2 International Airport,MSQ,UMMS,Belarus,3,2,3,2,-,-,Final
20091026-1,Monday,26-OCT-2009,11:43,A1, En route (ENR),"10 km (6.3 mls) N of Benavides, TX",United States of America,4,4, Damaged beyond repair,-,Beechcraft B100 King Air,2,Garrett TPE331-6-252B,1976,-,-, N729MS, BE-2,Mazak Properties,Private,-,Uvalde-Garner Field,UVA,KUVA,United States of America,Leesburg International Airport,LEE,KLEE,United States of America,1,3,1,3,-,-,Final
20091028-0,Wednesday,28-OCT-2009,10:08,A2, Landing (LDG),Osaka-Kansai International Airport (KIX),Japan,147,0, Substantial, Repaired,Airbus A321-231,2,IAE V2533-A5,2007,-,-, HL7763, 3297,Asiana Airlines,International Scheduled Passenger,1125,Seoul-Gimpo (Kimpo) International Airport,SEL,RKSS,South Korea,Osaka-Kansai International Airport,KIX,RJBB,Japan,9,138,0,0,-,-,Final
20091029-0,Thursday,29-OCT-2009,09:15,A1, En route (ENR),"near Aldeias Aurélio, AM",Brazil,11,2, Substantial,-,Cessna C-98A Grand Caravan (208B),1,Pratt & Whitney Canada PT6A-114A,1996,-,-, 2725, 208B0534,Brazilian AF,Military,-,Cruzeiro do Sul-Campo Internacional Airport,CZS,SBCZ,Brazil,Tabatinga Internacional Airport,TBT,SBTT,Brazil,4,7,-,-,-,-,-
20091029-1,Thursday,29-OCT-2009,19:09,A1, En route (ENR),"24 km (15 mls) E off  San Clemente Island, CA",United States of America,7,7, Destroyed, Written off (damaged beyond repair),Lockheed HC-130H Hercules,4,Allison T56-A-15,1984,-,-, 1705, 4993,US Coast Guard,Military,-,Sacramento-McClellan AFB,MCC,KMCC,United States of America,Sacramento-McClellan AFB,MCC,KMCC,United States of America,7,0,7,0,2,-,Final
20091101-0,Sunday,01-NOV-2009,08:49,A1, Initial climb (ICL),"1,9 km (1.2 mls) SW of Mirny Airport (MJZ)",Russia,11,11, Destroyed, Written off (damaged beyond repair),Ilyushin Il-76MD,-,-,1989,-,-, RF-76801, 0093495866,Russian Ministry of Interior,Ferry/positioning,-,Mirny Airport,MJZ,UERR,Russia,Irkutsk Airport,IKT,UIII,Russia,11,0,11,0,-,-,Preliminary
20091102-0,Monday,02-NOV-2009,-,H2, En route (ENR),Bossaso Airport (BSA),Somalia,30,0, None,-,Antonov An-24RV,2,Ivchenko AI-24VT,1972,-,-, EY-47693, 27307510, Daallo Airlines,International Scheduled Passenger, 774,Bosaso-Bender Qassim International Airport,BSA,HCMF,Somalia,Djibouti Airport,JIB,HDAM,Djibouti,-,-,0,0,-,-,-
20091102-1,Monday,02-NOV-2009,12:00,A1, En route (ENR),near Mulia,Indonesia,4,4, Destroyed, Written off (damaged beyond repair),PZL-Mielec M28-05PI Skytruck,-,-,2004,-,-, P-4202, AJE 003-04,Indonesian Police,Military,-,Jayapura-Sentani Airport,DJJ,WAJJ,Indonesia,Mulia Airport,LII,WABQ,Indonesia,4,0,4,0,-,-,-
20091102-2,Monday,02-NOV-2009,14:30,A1, Landing (LDG),Ali Air Base,Iraq,2,0, Substantial, Written off (damaged beyond repair),Learjet C-21A (Learjet 35A),2,Garrett TFE731-2-2B,-,-,-, 84-0094, 35-540,USAF,Military,-,-,-,-,-,-,-,-,-,2,0,0,0,-,-,Final
20091103-0,Tuesday,03-NOV-2009,19:36,A1, Takeoff (TOF),Harare Airport (HRE),Zimbabwe,38,0, Substantial, Written off (damaged beyond repair),Xian MA60,2,Pratt & Whitney Canada PW127J,2005,-,-, Z-WPJ, 0301, Air Zimbabwe,Domestic Scheduled Passenger,-,Harare Airport,HRE,FVHA,Zimbabwe,Bulawayo-Joshua Mqabuko Nkomo International Airport,BUQ,FVJN,Zimbabwe,4,34,0,0,-,-,Preliminary
20091105-0,Thursday,05-NOV-2009,15:34,A1, Takeoff (TOF),"Fort Pierce-Saint Lucie County Airport, FL (FPR)",United States of America,3,0, Damaged beyond repair,-,Grumman G-111 Albatross,-,-,1953,-,3747.0, N120FB, G-331,Albatross Adventures,Ferry/positioning,-,Fort Pierce-Saint Lucie County Airport,FPR,KFPR,United States of America,Okeechobee County Airport,OBE,KOBE,United States of America,2,1,0,0,-,-,Final
20091105-1,Thursday,05-NOV-2009,-,O1, Standing (STD),Sinkrebaka,Mali,-,0, Destroyed, Written off (damaged beyond repair),Boeing 727-230F,-,-,1978,-,-, J5-GCU, 21619/1407,Africa Air Assistance,Illegal Flight,-,-,-,-,-,-,-,-,-,-,-,0,0,-,-,Preliminary
20091107-0,Saturday,07-NOV-2009,-,A1, Taxi (TXI),Ivanovo-Severny Air Base,Russia,-,0, Damaged beyond repair,-,Ilyushin Il-76MD,-,-,1981,6200.0,-, RA-86894, 0013432977,Russian AF,Military,-,-,-,-,-,-,-,-,-,-,-,0,0,-,-,Preliminary
20091109-0,Monday,09-NOV-2009,08:17,A1, Approach (APR),Nairobi-Wilson Airport (WIL),Kenya,2,1, Destroyed, Written off (damaged beyond repair),Beechcraft 1900D,2,Pratt & Whitney Canada PT6A-67D,1996,15941.0,15866.0, 5Y-VVQ, UE-250,Blue Bird Aviation,Cargo,-,Nairobi-Wilson Airport,WIL,HKNW,Kenya,-,-,-,-,2,0,1,0,-,-,Final
20091109-1,Monday,09-NOV-2009,10:15,A1, Landing (LDG),"Greenville-Spartanburg Airport, SC (GSP)",United States of America,3,0, Substantial,-,Beechcraft B200 King Air,2,Pratt & Whitney Canada PT6A-42,1998,-,3060.0, N337MT, BB-1628,MDTR Holdings,Test,-,Greenville-Spartanburg Airport,GSP,KGSP,United States of America,Greenville-Spartanburg Airport,GSP,KGSP,United States of America,1,2,0,0,-,-,Final
20091110-0,Tuesday,10-NOV-2009,16:40,A1, Landing (LDG),Mumbai-Chhatrapati Shivaji International Airport (BOM),India,42,0, Substantial, Written off (damaged beyond repair),ATR 72-212A (ATR-72-500),2,Pratt & Whitney Canada PW127F,2006,-,-, VT-KAC, 729,Kingfisher Airlines,Domestic Scheduled Passenger,4124,Bhavnagar Airport,BHU,VABV,India,Mumbai-Chhatrapati Shivaji International Airport,BOM,VABB,India,4,38,0,0,-,-,Final
20091112-0,Thursday,12-NOV-2009,13:15,A1, Taxi (TXI),Kigali International Airport (KGL),Rwanda,15,1, Substantial, Written off (damaged beyond repair),Canadair CL-600-2B19 Regional Jet CRJ-100ER,2,General Electric CF34-3A1,1997,17025.0,17140.0, 5Y-JLD, 7197,JetLink Express,International Scheduled Passenger,WB205,Kigali International Airport,KGL,HRYR,Rwanda,Entebbe Airport,EBB,HUEN,Uganda,4,11,0,1,-,-,Final
20091115-0,Sunday,15-NOV-2009,06:58,A1, Initial climb (ICL),ca 1 km S of Windhoek-Eros Airport (ERS),Namibia,4,3, Destroyed, Written off (damaged beyond repair),Cessna 208B Grand Caravan,1,Pratt & Whitney Canada PT6A-114A,1996,-,-, ZS-OTU, 208B0513,Aviation at Work,Cargo,-,Windhoek-Eros Airport,ERS,FYWH,Namibia,Ngiva Airport,NGV,FNGI,Angola,1,3,1,2,-,-,Final
20091115-1,Sunday,15-NOV-2009,16:50,A1, En route (ENR),Saint-Jean-de-Thurac,France,2,0, Substantial,-,CASA C-212-CB Aviocar 100,2,Garrett TPE331-5-251C,1977,-,-, F-GOGN, 92,Boogie Performance,Private,-,Agen-La Garenne Airport,AGF,LFBA,France,Agen-La Garenne Airport,AGF,LFBA,France,2,0,0,0,-,-,Final
20091118-0,Wednesday,18-NOV-2009,21:56,A1, Landing (LDG),5 km (3.1 mls) SW off  Norfolk Island Airport (NLK),Norfolk Island,6,0, Substantial, Written off (damaged beyond repair),IAI 1124A Westwind II,2,Garrett TFE731-3-1G,1983,11867.0,21528.0, VH-NGA, 387,Pel-Air,Ambulance,-,Apia-Faleolo Airport,APW,NSFA,Samoa,Norfolk Island Airport,NLK,YSNF,Norfolk Island,2,4,0,0,-,-,Final
20091118-1,Wednesday,18-NOV-2009,22:00,A2, Takeoff (TOF),Isfahan-Shahid Beheshti Airport (IFN),Iran,99,0, Substantial, Repaired,Fokker 100,2,Rolls-Royce Tay 650-15,1992,-,-, EP-CFO, 11389, Iran Air,Domestic Scheduled Passenger,-,Isfahan-Shahid Beheshti Airport,IFN,OIFM,Iran,Tehran-Mehrabad Airport,THR,OIII,Iran,-,-,0,0,-,-,Preliminary
20091119-0,Thursday,19-NOV-2009,11:00,A1, Landing (LDG),Goma Airport (GOM),Democratic Republic of the Congo,117,0, Damaged beyond repair,-,McDonnell Douglas DC-9-82 (MD-82),2,Pratt & Whitney JT8D-217C,1988,-,-, 9Q-CAB, 49702/1479, CAA,Domestic Scheduled Passenger,3711,Kinshasa-N'Djili Airport,FIH,FZAA,Democratic Republic of the Congo,Goma Airport,GOM,FZNA,Democratic Republic of the Congo,-,-,0,0,-,-,Preliminary
20091119-1,Thursday,19-NOV-2009,15:14,A1, En route (ENR),"near Tarakigné, 30 km from Kolokani",Mali,9,0, Damaged beyond repair,-,de Havilland Canada DHC-8-202Q,2,Pratt & Whitney Canada PW123D,1997,-,-, N355PH, 500,Win Win Aviation,Military,-,Nouakchott Airport,NKC,GQNN,Mauritania,Bamako Airport,BKO,GABS,Mali,3,6,0,0,-,-,Final
20091123-0,Monday,23-NOV-2009,14:10,A1, Initial climb (ICL),"Le Rene, near Coltano",Italy,5,5, Damaged beyond repair,-,Lockheed KC-130J Hercules,4,Rolls-Royce AE2100D3,2000,-,-, MM62176, 5497,Italian AF,Military,-,Pisa-Arturo dell'Oro Air Base,PSA,LIRP,Italy,-,-,-,-,5,0,5,0,-,-,Preliminary
20091128-0,Saturday,28-NOV-2009,08:14,A1, Takeoff (TOF),Shanghai-Pudong International Airport (PVG),China,7,3, Destroyed, Written off (damaged beyond repair),McDonnell Douglas MD-11F,3,Pratt & Whitney PW4460,1990,-,-, Z-BAV, 48408/457,Avient Aviation,Cargo, 324,Shanghai-Pudong International Airport,PVG,ZSPD,China,Bishkek-Manas International Airport,FRU,UAFM,Kyrgyzstan,7,0,3,0,-,-,Preliminary
20091201-0,Tuesday,01-DEC-2009,-,A1, Taxi (TXI),"São Paulo-Guarulhos International Airport, SP (GRU)",Brazil,3,0, Substantial, Written off (damaged beyond repair),Boeing 727-222F,3,Pratt & Whitney JT8D-7B (HK3),1969,-,-, PR-MTK, 20037/701,TAF Linhas Aéreas,Cargo,-,Brasília International Airport,BSB,SBBR,Brazil,São Paulo-Guarulhos International Airport,GRU,SBGR,Brazil,3,0,0,0,-,-,Preliminary - official
20091207-0,Monday,07-DEC-2009,11:01,A1, Landing (LDG),George Airport (GRJ),South Africa,35,0, Substantial, Written off (damaged beyond repair),Embraer EMB-135LR (ERJ-135LR),2,Allison AE3007A1/3,2001,17003.0,21291.0, ZS-SJW, 145423,SA Airlink,Domestic Scheduled Passenger,SA8625,Cape Town International Airport,CPT,FACT,South Africa,George Airport,GRJ,FAGG,South Africa,3,32,0,0,-,-,Final
20091209-0,Wednesday,09-DEC-2009,22:50,A1, Approach (APR),"5,5 km (3.4 mls) NW of Saint-Honoré Airport, QC (YRC)",Canada,4,2, Destroyed, Written off (damaged beyond repair),Beechcraft A100 King Air,2,Pratt & Whitney Canada PT6A-28,1974,-,-, C-GPBA, B-215,Exact Air,Domestic Scheduled Passenger, 822,Val-dOr Airport,YVO,CYVO,Canada,-,-,-,-,2,2,2,0,-,-,Final
20091211-0,Friday,11-DEC-2009,09:15,A2, Landing (LDG),Isabel-Pasar Airstrip,Philippines,2,0, Unknown, Repaired,Beechcraft B300 Super King Air 350,-,-,1998,-,-, RP-C2296, FL-196,INAEC Aviation Corporation,Unknown,-,Manila-Ninoy Aquino International Airport,MNL,RPLL,Philippines,-,-,-,-,2,0,0,0,-,-,Final
20091213-0,Sunday,13-DEC-2009,18:00,A2, Taxi (TXI),"Rio de Janeiro/Galeão International Airport, RJ (GIG)",Brazil,-,0, Minor, Repaired,Airbus A310-304,2,General Electric CF6-80C2A2,1988,-,-, C-GTSF, 472,Air Transat,-,-,-,-,-,-,-,-,-,-,-,0,0,0,-,-,-
20091217-0,Thursday,17-DEC-2009,19:30,A1, En route (ENR),"18 km (11.3 mls) E of Matthew Town, Great Inagua Island",Bahamas,2,2, Destroyed, Written off (damaged beyond repair),Dassault Falcon 20D,2,General Electric CF700-2D,1969,-,-, N28RK, 206,FL Aviation Group,Unknown,-,Higuero/La Isabela-Dr. Joaquín Balaguer Airport,JBQ,MDJB,Dominican Republic,Fort Lauderdale-Executive Airport,FXE,KFXE,United States of America,2,0,2,0,-,-,Final
20091220-0,Sunday,20-DEC-2009,-,A1, Landing (LDG),Tonj Airfield,South Sudan,41,0, Damaged beyond repair,-,British Aerospace BAe-748-398 Srs. 2B,2,Rolls-Royce Dart 535-2,1981,-,15620.0, 5Y-YKM, 1779, 748 Air Services,Domestic Non Scheduled Passenger,-,Juba Airport,JUB,HSSJ,South Sudan,-,-,-,-,4,37,0,0,-,1,Preliminary
20091220-1,Sunday,20-DEC-2009,12:00,A1, Landing (LDG),Cap Haitien Airport (CAP),Haiti,21,0, Substantial, Written off (damaged beyond repair),Swearingen SA227-AC Metro III,2,Garrett TPE331-11U-611G,1984,-,-, C6-JER, AC-588B,Western Air,Passenger,-,Nassau-Lynden Pindling International Airport,NAS,MYNN,Bahamas,Cap Haitien Airport,CAP,MTCH,Haiti,2,19,0,0,-,-,Preliminary - official
20090102-0,Friday,02-JAN-2009,07:51,A1, Takeoff (TOF),Sharjah Airport (SHJ),United Arab Emirates,6,0, Substantial, Written off (damaged beyond repair),Antonov An-12BP,4,Ivchenko AI-20M,1963,-,-, S9-SAM, 3341408,British Gulf International Airlines,Cargo,-,Sharjah Airport,SHJ,OMSJ,United Arab Emirates,-,-,-,-,6,0,0,0,-,-,Preliminary
20090103-0,Saturday,03-JAN-2009,16:59,A1, Landing (LDG),"Telluride Regional Airport, CO (TEX)",United States of America,2,0, Destroyed, Written off (damaged beyond repair),Learjet 45XR,2,Garrett TFE731-20BR-1B,-,-,2338.0, N279AJ, 45-279,Aero Jet Services,Ferry/positioning,-,-,-,-,-,Telluride Regional Airport,TEX,KTEX,United States of America,2,0,0,0,-,-,Final
20090104-0,Sunday,04-JAN-2009,17:30,A2, Landing (LDG),"Vancouver International Airport, BC (YVR)",Canada,5,0, Substantial, Repaired,Cessna 650 Citation VII,-,-,1998,-,-, XA-PYN, 650-7088,Aero Cabo,Executive,-,Tijuana-Rodriguez Airport,TIJ,MMTJ,Mexico,Vancouver International Airport,YVR,CYVR,Canada,-,-,0,0,-,-,Preliminary
20090104-1,Sunday,04-JAN-2009,02:09,A1, Landing (LDG),"Wilmington-New Hanover County International Airport, NC (ILM)",United States of America,7,0, Substantial, Written off (damaged beyond repair),Cessna 550 Citation II,2,Pratt & Whitney Canada JT15D-4,1982,-,11123.0, N815MA, 550-0406,	JODA,Executive,-,Higuero/La Isabela-Dr. Joaquín Balaguer Airport,JBQ,MDJB,Dominican Republic,Wilmington-New Hanover County International Airport,ILM,KILM,United States of America,2,5,0,0,-,-,Final
20090104-2,Sunday,04-JAN-2009,19:00,A2, Landing (LDG),Tony Camp,Antarctica,4,0, Substantial, Repaired,Basler BT-67 Turbo 67 (DC-3T),2,Pratt & Whitney Canada PT6A-67R,1943,-,-, C-GEAJ, 26120,ALCI Aviation,Cargo,-,-,-,-,-,-,-,-,-,3,1,0,0,-,-,Preliminary - official
20090109-0,Friday,09-JAN-2009,13:15,A1, Takeoff (TOF),near Intuto,Peru,8,0, Damaged beyond repair,-,Cessna 208 Caravan I,1,Pratt & Whitney Canada PT6A-114,-,-,-, EP-858, 20800246,Peruvian Army,Military,-,-,-,-,-,Iquitos Airport,IQT,SPQT,Peru,1,7,0,0,-,-,-
20090111-0,Sunday,11-JAN-2009,06:58,A1, Landing (LDG),Caticlan-Malay Airport (MPH),Philippines,27,0, Substantial, Written off (damaged beyond repair),Xian MA60,2,Pratt & Whitney Canada PW127J,2008,-,-, RP-C8893, 0704,Zest Airways,Domestic Scheduled Passenger, 865,Manila-Ninoy Aquino International Airport,MNL,RPLL,Philippines,Caticlan-Malay Airport,MPH,RPVE,Philippines,5,22,0,0,-,-,Final
20090113-0,Tuesday,13-JAN-2009,-,A1, Landing (LDG),Bosaso-Bender Qassim International Airport (BSA),Somalia,15,0, Substantial, Written off (damaged beyond repair),Antonov An-24RV,-,-,1974,-,-, S9-KAS, 47309406, Daallo Airlines,International Scheduled Passenger,-,Djibouti-Ambouli Airport,JIB,HDAM,Djibouti,Bosaso-Bender Qassim International Airport,BSA,HCMF,Somalia,-,-,0,0,-,-,-
20090115-0,Thursday,15-JAN-2009,15:31,A1, Initial climb (ICL),"off Weehawken, NJ [Hudson River, NY]",United States of America,155,0, Damaged beyond repair,-,Airbus A320-214,2,CFMI CFM56-5B4/P,1999,16299.0,25241.0, N106US, 1044,US Airways,Domestic Scheduled Passenger,US1549,New York-La Guardia Airport,LGA,KLGA,United States of America,Charlotte-Douglas International Airport,CLT,KCLT,United States of America,5,150,0,0,-,-,Final
20090115-1,Thursday,15-JAN-2009,21:10,A1, Taxi (TXI),Makhachkala Airport (MCX),Russia,7,4, Damaged beyond repair,-,Ilyushin Il-76MD,4,Soloviev D-30KP-2,1990,-,-, RA-76825, 1003404136,Russian Ministry of Interior,Military,-,Makhachkala Airport,MCX,URML,Russia,Nizhniy Novgorod Airport,GOJ,UWGG,Russia,7,0,4,0,-,-,Preliminary
20090115-2,Thursday,15-JAN-2009,21:10,A2, Landing (LDG),Makhachkala Airport (MCX),Russia,31,0, Substantial, Repaired,Ilyushin Il-76MD,4,Soloviev D-30KP-2,1990,-,-, RA-76827, 1003404151,Russian Ministry of Interior,Military,-,Chkalovsky Airport,CKL,UUMU,Russia,Makhachkala Airport,MCX,URML,Russia,3,28,0,0,4,-,Preliminary
20090115-3,Thursday,15-JAN-2009,20:50,A2, Takeoff (TOF),Casablanca-Mohamed V Airport (CMN),Morocco,-,0, Substantial, Repaired,Learjet 35A,2,Garrett TFE731-2C-2B,1977,-,-, C-GRFO, 35A-100,Skyservice Business Aviation,Unknown,-,Casablanca-Mohamed V Airport,CMN,GMMN,Morocco,London-Luton Airport,LTN,EGGW,United Kingdom,-,-,0,0,-,-,-
20090116-0,Friday,16-JAN-2009,15:35,A1, Landing (LDG),Oradea Airport (OMR),Romania,12,0, Damaged beyond repair,-,IAI 1126 Galaxy,2,Pratt & Whitney Canada PW306A,1999,-,-, YR-TIG, 012,Ion Tiriac Air,Executive,-,Bucharest-Otopeni International Airport,OTP,LROP,Romania,Oradea Airport,OMR,LROD,Romania,2,10,0,0,-,-,Preliminary
20090116-1,Friday,16-JAN-2009,21:10,A1, Approach (APR),"Island Lake, MB (CYIV)",Canada,2,0, Substantial, Written off (damaged beyond repair),Beechcraft 100 King Air,2,Pratt & Whitney Canada PT6A-28,1969,-,-, C-GNAA, B-24,SkyNorth Air,Ferry/positioning,-,Thompson Airport,YTH,CYTH,Canada,Island Lake/Garden Hill Airport,YIV,CYIV,Canada,2,0,0,0,-,-,Final
20090119-0,Monday,19-JAN-2009,17:01,A1, Landing (LDG),Tehran-Mehrabad Airport (THR),Iran,114,0, Substantial, Written off (damaged beyond repair),Fokker 100,-,-,1993,-,-, EP-CFN, 11423, Chabahar Airlines,Domestic Scheduled Passenger,-,Ardabil Airport,ADU,OITL,Iran,Tehran-Mehrabad Airport,THR,OIII,Iran,8,106,0,0,-,-,Preliminary - official
20090120-0,Tuesday,20-JAN-2009,-,A2, Standing (STD),"Wichita-Mid-Continent Airport, KS (ICT)",United States of America,-,0, Substantial,-,Bombardier BD-700-1A11 Global 5000,-,-,2002,-,-, C-GERS, 9127,Bombardier,Test,-,-,-,-,-,-,-,-,-,-,0,0,0,-,-,- (No safety board investigation)
20090127-0,Tuesday,27-JAN-2009,04:37,A1, Landing (LDG),"Lubbock Preston Smith International Airport, TX (LBB)",United States of America,2,0, Destroyed, Written off (damaged beyond repair),ATR 42-320,2,Pratt & Whitney Canada PW121,1990,32379.0,28768.0, N902FX, 175,FedEx,Cargo,8284,Fort Worth Alliance Airport,AFW,KAFW,United States of America,Lubbock Preston Smith International Airport,LBB,KLBB,United States of America,2,0,0,0,-,-,Final
20090127-1,Tuesday,27-JAN-2009,23:42,A2, Landing (LDG),Novosibirsk-Tolmachevo Airport (OVB),Russia,4,0, Substantial, Repaired,Cessna 560 Citation V,2,Pratt & Whitney Canada JT15D-5A,1991,-,-, OE-GAA, 560-0111,Tyrol Air Ambulance,Executive,-,Chelyabinsk Airport,CEK,USCC,Russia,Barnaul Airport,BAX,UNBB,Russia,2,2,0,0,-,-,Preliminary
20090130-0,Friday,30-JAN-2009,22:15,A2, Landing (LDG),Bagram Air Base (BPM),Afghanistan,5,0, Substantial, Repaired,McDonnell Douglas C-17A Globemaster III,-,-,1996,-,-, 96-0002, P-34,USAF,Military,-,Al Udeid Air Base,XJD,OTBH,Qatar,Bagram Air Base,BPM,OAIX,Afghanistan,5,0,0,0,-,-,Final
20090201-0,Sunday,01-FEB-2009,-,H2, En route (ENR),Delhi-Indira Gandhi International Airport (DEL),India,169,0, None,-,Airbus A320-232,2,IAE V2527-A5,-,-,-, registration unknown,-,IndiGo Airlines,Domestic Scheduled Passenger, 664,Goa-Dabolim Airport,GOI,VAGO,India,Delhi-Indira Gandhi International Airport,DEL,VIDP,India,6,163,0,0,-,-,-
20090204-0,Wednesday,04-FEB-2009,08:52,A1, Takeoff (TOF),"Mojave-Kern County Airport, CA (MHV)",United States of America,2,0, Substantial, Written off (damaged beyond repair),Aero Modifications AMI DC-3-65TP,2,Pratt & Whitney Canada PT6A-65AR,1947,-,17277.0, N834TP, 12590,National Test Pilot School,Training,-,Mojave-Kern County Airport,MHV,KMHV,United States of America,Mojave-Kern County Airport,MHV,KMHV,United States of America,2,0,0,0,-,-,Final
20090204-1,Wednesday,04-FEB-2009,09:15,A1, Takeoff (TOF),"La Ronge Airport, SK (YVC)",Canada,7,0, Substantial,-,de Havilland Canada DHC-6 Twin Otter 100,2,Pratt & Whitney Canada PT6A-20,1966,-,-, C-FCCE, 8,Transwest Air,Domestic Non Scheduled Passenger,-,La Ronge Airport,YVC,CYVC,Canada,-,-,-,-,2,5,0,0,-,-,Final
20090205-0,Thursday,05-FEB-2009,08:47,A2, Landing (LDG),Ciudad Victoria Airport (CVM),Mexico,2,0, Substantial,-,Learjet 35A,2,Garrett TFE731-2-2B,-,-,-, XB-RYT, 35A-042,Rajet Aeroservicios,Unknown,-,Saltillo Airport,SLW,MMIO,Mexico,Ciudad Victoria Airport,CVM,MMCV,Mexico,2,0,0,0,-,-,Preliminary
20090206-0,Friday,06-FEB-2009,17:48,A2, Landing (LDG),St. Moritz-Samedan Airport (SMV),Switzerland,4,0, Minor, Repaired,Bombardier BD-700-1A10 Global Express,2,Rolls-Royce BR700-710A2-20,2001,540.0,1779.0, N906JW, 9110,JW Asset Management,Private,-,Warszawa-Frédéric Chopin Airport,WAW,EPWA,Poland,St. Moritz-Samedan Airport,SMV,LSZS,Switzerland,2,2,0,0,-,-,Final
20090207-0,Saturday,07-FEB-2009,06:02,A1, En route (ENR),Trigoria,Italy,2,2, Destroyed, Written off (damaged beyond repair),Cessna 650 Citation III,2,Garrett TFE731-3CR-100S,1986,-,6977.0, I-FEEV, 650-0105,Air One Executive,Ambulance, 301,Roma-Ciampino Airport,CIA,LIRA,Italy,Bologna Airport,BLQ,LIPE,Italy,2,0,2,0,-,-,Final
20090207-1,Saturday,07-FEB-2009,13:24,A1, En route (ENR),"off Santo António, AM [Rio Manacapuru]",Brazil,28,24, Damaged beyond repair,-,Embraer EMB-110P1 Bandeirante,2,Pratt & Whitney Canada PT6A-34,1981,-,12686.0, PT-SEA, 110352,Manaus Aerotáxi,Domestic Scheduled Passenger,-,Coari Airport,CIZ,SWKO,Brazil,Manaus-Eduardo Gomes International Airport,MAO,SBEG,Brazil,2,26,2,22,-,-,Final
20090209-0,Monday,09-FEB-2009,00:23,A2, Landing (LDG),Paris-Charles de Gaulle Airport (CDG),France,229,0, Minor, Repaired,Airbus A321-211,2,CFMI CFM56-5B3,2006,3542.0,11482.0, F-GYAJ, 2707,Air Méditerranée,International Scheduled Passenger,DR8177,Dakar-Léopold Sédar Senghor International Airport,DKR,GOOY,Senegal,Paris-Charles de Gaulle Airport,CDG,LFPG,France,8,221,0,0,-,-,Final
20090211-0,Wednesday,11-FEB-2009,-,A1, Landing (LDG),Boma Airstrip,South Sudan,3,0, Damaged beyond repair,-,Cessna 208B Grand Caravan,1,Pratt & Whitney Canada PT6A-114A,1993,-,-, 5Y-BUQ, 208B0366,Airworks,Cargo,-,Juba Airport,JUB,HSSJ,South Sudan,-,-,-,-,2,1,0,0,-,-,Preliminary
20090211-1,Wednesday,11-FEB-2009,10:30,A1, Initial climb (ICL),near Pskov Airport (PKV),Russia,13,0, Damaged beyond repair,-,Antonov An-2,-,-,-,-,-, 10 yellow,-,Russian AF,Military,-,Pskov Airport,PKV,ULOO,Russia,Pskov Airport,PKV,ULOO,Russia,3,10,0,0,-,-,-
20090211-2,Wednesday,11-FEB-2009,21:00,A1, Landing (LDG),Eskisehir-Anadolu University Airport (AOE),Turkey,6,0, Substantial, Written off (damaged beyond repair),Beechcraft 200 Super King Air,-,-,1978,-,-, TC-AUY, BB-333,Anadolu University Civil Aviation School,Training,-,Eskisehir-Anadolu University Airport,AOE,LTBY,Turkey,Eskisehir-Anadolu University Airport,AOE,LTBY,Turkey,-,-,0,0,-,-,-
20090212-0,Thursday,12-FEB-2009,22:17,A1, Approach (APR),"10 km (6.3 mls) NE of Buffalo Niagara International Airport, NY (BUF)",United States of America,49,49, Destroyed, Written off (damaged beyond repair),de Havilland Canada DHC-8-402 Q400,2,Pratt & Whitney Canada PW150A,2008,1809.0,1819.0, N200WQ, 4200,Colgan Air,Domestic Scheduled Passenger,3407,Newark-Liberty International Airport,EWR,KEWR,United States of America,Buffalo Niagara International Airport,BUF,KBUF,United States of America,5,44,5,44,-,1,Final
20090212-1,Thursday,12-FEB-2009,16:12,A1, Landing (LDG),St. Moritz-Samedan Airport (SMV),Switzerland,3,2, Destroyed, Written off (damaged beyond repair),Dassault Falcon 100,2,Garrett TFE731-2C-1C,1987,-,-, VP-BAF, 210,Laret Aviation,Executive,-,Wien-Schwechat International Airport,VIE,LOWW,Austria,St. Moritz-Samedan Airport,SMV,LSZS,Switzerland,2,1,2,0,-,-,Final
20090212-2,Thursday,12-FEB-2009,17:23,A1, Landing (LDG),Heraklion-N. Kazantzakis Airport (HER),Greece,18,0, Substantial,-,British Aerospace 3102 Jetstream 31,2,Garrett TPE331-10UGR-514HD,1988,15349.0,13222.0, SX-SKY, 829,Sky Express,Domestic Scheduled Passenger, 103,Rhodes/Paradisi-Diagoras Airport,RHO,LGRP,Greece,Heraklion-N. Kazantzakis Airport,HER,LGIR,Greece,3,15,0,0,-,-,Final
20090213-0,Friday,13-FEB-2009,19:40,A1, Landing (LDG),London City Airport (LCY),United Kingdom,72,0, Damaged beyond repair,-,Avro RJ100,4,Lycoming LF507-1F,1997,-,-, G-BXAR, E3298,BA CityFlyer,International Scheduled Passenger,8456,Amsterdam-Schiphol International Airport,AMS,EHAM,Netherlands,London City Airport,LCY,EGLC,United Kingdom,5,67,0,0,-,-,Final
20090214-0,Saturday,14-FEB-2009,11:02,A2, Landing (LDG),"1 km (0.6 mls) W of Kotzebue-Ralph Wien Memorial Airport, AK (OTZ)",United States of America,2,0, Substantial, Repaired,CASA C-212 Aviocar 200,2,Garrett TPE331-10R-5,1980,-,29161.0, N440RA, 174,Arctic Transportation Services,Cargo,-,Kiana-Bob Barker Memorial Airport,IAN,PAIK,United States of America,Kotzebue-Ralph Wien Memorial Airport,OTZ,PAOT,United States of America,2,0,0,0,-,-,Final
20090215-0,Sunday,15-FEB-2009,-,A1, Approach (APR),near Isfahan/Shahin Shahr-Hesa Air Base (IFH),Iran,5,5, Damaged beyond repair,-,HESA IrAn-140-100,-,-,2007,-,-, HESA90-04, 03-01/90-04,HESA,Training,-,Isfahan/Shahin Shahr-Hesa Air Base,IFH,OIFE,Iran,Isfahan/Shahin Shahr-Hesa Air Base,IFH,OIFE,Iran,5,0,5,0,-,-,Preliminary
20090215-1,Sunday,15-FEB-2009,12:20,A1, Landing (LDG),Guasdualito-Vare Maria Airport (GDO),Venezuela,10,0, Substantial, Written off (damaged beyond repair),Cessna 208B Grand Caravan,1,Pratt & Whitney Canada PT6A-114A,1996,-,-, YV1950, 208B0555,Rutaca,Domestic Scheduled Passenger,-,San Fernando De Apure-Las Flecheras Airport,SFD,SVSR,Venezuela,Guasdualito-Vare Maria Airport,GDO,SVGD,Venezuela,-,-,0,0,-,-,Preliminary
20090218-0,Wednesday,18-FEB-2009,08:00,A1, Unknown (UNK),8 km (5 mls) from  Palanquero-German Olano Air Base (PQE),Colombia,5,5, Damaged beyond repair,-,Basler BT-67 Turbo 67 (DC-3T),2,Pratt & Whitney Canada PT6A-67R,1943,-,-, FAC-1670, 19125,Colombian AF,Military,-,Palanquero-German Olano Air Base,PQE,SKPQ,Colombia,Palanquero-German Olano Air Base,PQE,SKPQ,Colombia,5,0,5,0,-,-,Preliminary
20090218-1,Wednesday,18-FEB-2009,15:10,O1, Standing (STD),Medellín-Enrique Olaya Herrera Airport (EOH),Colombia,-,0, Damaged beyond repair,-,Basler BT-67 Turbo 67 (DC-3T),2,Pratt & Whitney Canada PT6A-67R,1944,-,-, PNC-0211, 14222/25667,Colombian Police,Military,-,Medellín-Enrique Olaya Herrera Airport,EOH,SKMD,Colombia,Quibdó-El Caraño Airport,UIB,SKUI,Colombia,-,27,0,0,-,-,Preliminary
20090220-0,Friday,20-FEB-2009,04:18,A1, Takeoff (TOF),Luxor Airport (LXR),Egypt,5,5, Damaged beyond repair,-,Antonov An-12B,4,Ivchenko AI-20M,1966,-,-, S9-SVN, 6344310,Aerolift,Ferry/positioning,1015,Luxor Airport,LXR,HELX,Egypt,Nikolaev Airport,NLV,UKON,Ukraine,5,0,5,0,-,-,Preliminary
20090222-0,Sunday,22-FEB-2009,12:49,A1, En route (ENR),"1,5 km (0.9 mls) SE of Bishkek District Airport",Kyrgyzstan,4,0, Damaged beyond repair,-,Antonov An-2SX,1,Shvetsov ASh-62IR,1981,-,-, EX-68039, 1G193-11,Golden Rule Airlines,Unknown,4571,-,-,-,-,Bukhara Airport,BHK,UTSB,Uzbekistan,2,2,0,0,-,-,Final
20090224-0,Tuesday,24-FEB-2009,-,A1, Landing (LDG),unknown,Egypt,-,0, Damaged beyond repair,-,Lockheed C-130H Hercules,-,-,1977,-,-, SU-BAC/1272, 4714,Egyptian AF,Military,-,-,-,-,-,-,-,-,-,-,-,0,0,-,-,-
20090225-0,Wednesday,25-FEB-2009,10:26,A1, Approach (APR),"1,5 km (0.9 mls) N of Amsterdam-Schiphol International Airport (AMS)",Netherlands,135,9, Destroyed, Written off (damaged beyond repair),Boeing 737-8F2,2,CFMI CFM56-7B26,2002,-,-, TC-JGE, 29789/1065,THY,International Scheduled Passenger,TK1951,Istanbul-Atatürk International Airport,IST,LTBA,Turkey,Amsterdam-Schiphol International Airport,AMS,EHAM,Netherlands,7,128,4,5,-,-,Final
20090228-0,Saturday,28-FEB-2009,08:05,A2, Landing (LDG),Timisoara Airport (TSR),Romania,52,0, Minor, Repaired,Saab 2000,2,Allison AE2100A,1997,7756.0,8754.0, YR-SBI, 052,Carpatair,International Scheduled Passenger,-,Chisinau Airport,KIV,LUKK,Moldova,Timisoara Airport,TSR,LRTR,Romania,4,48,0,0,-,-,Final
20090301-0,Sunday,01-MAR-2009,11:53,A1, En route (ENR),"near San Miguel, Trujillo",Venezuela,6,6, Destroyed, Written off (damaged beyond repair),Beechcraft 100 King Air,-,-,1971,-,-, YV2129, B-83,Command Air,Domestic Non Scheduled Passenger,-,-,-,-,-,Valera-Carvajal Airport,VLV,SVVL,Venezuela,2,4,2,4,-,-,-
20090303-0,Tuesday,03-MAR-2009,12:09,A2, Landing (LDG),"Winnipeg-James Armstrong Richardson International Airport, MB (YWG)",Canada,10,0, Minor, Repaired,Swearingen SA226-TC Metro II,2,Garrett TPE331-10UA-511G,1976,-,-, C-FSLZ, TC-222EE,Perimeter Airlines,Domestic Scheduled Passenger, 640,Ste Thérèse Point Airport,YST,CYST,Canada,Winnipeg-James Armstrong Richardson International Airport,YWG,CYWG,Canada,2,8,0,0,-,-,Final
20090304-0,Wednesday,04-MAR-2009,-,A2, Takeoff (TOF),Maridi Airport,South Sudan,5,0, Substantial,-,Cessna 208 Caravan I,1,Pratt & Whitney Canada PT6A-114,1989,-,14616.0, 5X-ASI, 20800156,Air Serv Limited,Unknown,-,-,-,-,-,-,-,-,-,1,4,0,0,-,-,Preliminary
20090306-0,Friday,06-MAR-2009,15:34,A1, En route (ENR),near Bidadi,India,3,3, Destroyed, Written off (damaged beyond repair),National Aerospace Laboratories (NAL) Saras,2,Pratt & Whitney Canada PT6A-67A,2007,49.0,50.0, VT-XRM, SP002,National Aerospace Laboratories,Test,-,Bangalore-Hindustan Airport,BLR,VOBG,India,Bangalore-Hindustan Airport,BLR,VOBG,India,3,0,3,0,-,-,Final
20090306-1,Friday,06-MAR-2009,10:00,A1, Initial climb (ICL),Lop Buri Air Base,Thailand,5,1, Substantial, Written off (damaged beyond repair),GAF Nomad N.22B,-,-,1982,-,-, L9-5/25, N22B-137,Thai AF,Military,-,-,-,-,-,Phitsanulok Airport,PHS,VTPP,Thailand,5,0,1,0,-,-,Preliminary
20090309-0,Monday,09-MAR-2009,05:15,A1, Initial climb (ICL),10 km (6.3 mls) S off  Entebbe Airport (EBB),Uganda,11,11, Damaged beyond repair,-,Ilyushin Il-76T,4,Soloviev D-30KP,1977,-,-, S9-SAB, 073410301,Aerolift,Cargo,-,Entebbe Airport,EBB,HUEN,Uganda,Mogadishu International Airport,MGQ,HCMM,Somalia,4,7,4,7,-,-,Preliminary - official
20090309-1,Monday,09-MAR-2009,15:35,A1, Landing (LDG),Jakarta-Soekarno-Hatta International Airport (CGK),Indonesia,172,0, Substantial, Written off (damaged beyond repair),McDonnell Douglas MD-90-30,2,IAE V2528-D5,1997,14507.0,18695.0, PK-LIL, 53573/2182,Lion Air,Domestic Scheduled Passenger, 793,Ujung Pandang-Hasanudin Airport,UPG,WAAA,Indonesia,Jakarta-Soekarno-Hatta International Airport,CGK,WIII,Indonesia,6,166,0,0,-,-,Final
20090313-0,Friday,13-MAR-2009,-,A1, En route (ENR),near Qatar,Qatar,-,0, Damaged beyond repair,-,Boeing E-8C (707),-,-,1967,-,-, 93-0597, 19294/550,USAF,Military,-,Al Udeid Air Base,XJD,OTBH,Qatar,Al Udeid Air Base,XJD,OTBH,Qatar,-,-,0,0,-,-,Final
20090319-0,Thursday,19-MAR-2009,17:25,A1, Approach (APR),4 km (2.5 mls) SSW of Quito-Mariscal Sucre Airport (UIO),Ecuador,5,5, Damaged beyond repair,-,Beechcraft 200 Super King Air,-,-,1981,-,-, AEE-101, BB-811,Ecuador Army,Military,-,-,-,-,-,Quito-Mariscal Sucre Airport,UIO,SEQU,Ecuador,3,2,3,2,-,2,-
20090320-0,Friday,20-MAR-2009,22:32,A2, Takeoff (TOF),"Melbourne-Tullamarine Airport, VIC (MEL)",Australia,275,0, Substantial, Repaired,Airbus A340-541,4,Rolls-Royce Trent 553A2-61,2004,2598.0,22526.0, A6-ERG, 608,Emirates,International Scheduled Passenger,EK407,Melbourne-Tullamarine Airport,MEL,YMML,Australia,Dubai Airport,DXB,OMDB,United Arab Emirates,18,257,0,0,-,-,Final
20090323-0,Monday,23-MAR-2009,06:49,A1, Landing (LDG),Tokyo-Narita Airport (NRT),Japan,2,2, Destroyed, Written off (damaged beyond repair),McDonnell Douglas MD-11F,3,Pratt & Whitney PW4462,1993,7131.0,40767.0, N526FE, 48600/560,FedEx,Cargo,  80,Guangzhou Baiyun International Airport,CAN,ZGGG,China,Tokyo-Narita Airport,NRT,RJAA,Japan,2,0,2,0,-,-,Final
20090326-0,Thursday,26-MAR-2009,-,A1, Takeoff (TOF),Dolinsk-Sokol Air Base,Russia,-,0, Damaged beyond repair,-,Tupolev Tu-134AK,-,-,1980,-,-, RA-65981, 63250,Russian AF,Military,-,-,-,-,-,-,-,-,-,-,-,0,0,-,-,Preliminary
20090331-0,Tuesday,31-MAR-2009,16:45,A1, Landing (LDG),Gdynia-Babie Doly,Poland,4,4, Damaged beyond repair,-,PZL-Mielec M28TD Bryza 2RF,-,-,1997,-,1500.0, 1007, AJHP1-01,Polish Navy,Military,-,-,-,-,-,-,-,-,-,4,0,4,0,-,-,Preliminary
20090402-0,Thursday,02-APR-2009,-,A1, En route (ENR),"Barangay San Miguel, Baggao, Cagayan",Philippines,7,7, Damaged beyond repair,-,Britten-Norman BN-2A Islander,2,Lycoming O-540-E4C5,1973,-,-, RP-C764, 318,Chemtrad Aviation,Passenger,-,Tuguegarao Airport,TUG,RPUT,Philippines,-,-,-,-,2,5,2,5,-,-,Preliminary
20090406-0,Monday,06-APR-2009,12:30,A1, Landing (LDG),Bandung-Husein Sastranegara International Airport (BDO),Indonesia,24,24, Damaged beyond repair,-,Fokker F-27 Friendship 400M,-,-,1976,-,-, A-2703, 10538,Indonesian AF,Military,-,-,-,-,-,Bandung-Husein Sastranegara International Airport,BDO,WICC,Indonesia,6,18,6,18,-,-,Preliminary
20090409-0,Thursday,09-APR-2009,07:43,A1, Approach (APR),"6,5 km (4.1 mls) NW of Wamena (WMX)",Indonesia,6,6, Destroyed, Written off (damaged beyond repair),British Aerospace BAe-146-300,4,Lycoming ALF502R-5,1990,-,22225.0, PK-BRD, E3189,Aviastar Mandiri,Cargo,-,Jayapura-Sentani Airport,DJJ,WAJJ,Indonesia,Wamena Airport,WMX,WAJW,Indonesia,6,0,6,0,-,-,Final
20090411-0,Saturday,11-APR-2009,-,A2, En route (ENR),Thulakhôm district,Laos,15,0, Substantial, Repaired,Cessna 208B Grand Caravan,1,Pratt & Whitney Canada PT6A-114A,2002,-,-, RDPL-34144, 208B0967,Lao Air,Domestic Scheduled Passenger, 200,Vientiane-Wattay Airport,VTE,VLVT,Laos,Sam Neua Airport,NEU,VLSN,Laos,1,14,0,0,-,-,Preliminary
20090417-0,Friday,17-APR-2009,15:45,A1, Takeoff (TOF),Canaima Airport (CAJ),Venezuela,12,1, Damaged beyond repair,-,Cessna 208B Grand Caravan,1,Pratt & Whitney Canada PT6A-114A,1998,-,15753.0, YV1181, 208B0695,Línea Turística Aereotuy - LTA,Domestic Non Scheduled Passenger,-,Canaima Airport,CAJ,SVCN,Venezuela,Ciudad Bolívar Airport,CBL,SVCB,Venezuela,2,10,0,1,-,-,Final
20090419-0,Sunday,19-APR-2009,22:22,H2, Standing (STD),Montego Bay-Sangster International Airport (MBJ),Jamaica,182,0, None,-,Boeing 737-8AS,2,CFMI CFM56-7B24,2000,-,-, C-FTCZ, 29923/576,CanJet Airlines,Int'l Non Scheduled Passenger, 918,Halifax International Airport,YHZ,CYHZ,Canada,Montego Bay-Sangster International Airport,MBJ,MKJS,Jamaica,8,174,0,0,-,-,Preliminary
20090420-0,Monday,20-APR-2009,15:24,A2, Landing (LDG),"New York-John F. Kennedy International Airport, NY (JFK)",United States of America,220,0, Substantial, Repaired,Boeing 767-36NER,2,General Electric CF6-80C2B7F,2002,-,-, CN-RNT, 30843/867,RAM,International Scheduled Passenger, 200,Casablanca-Mohamed V Airport,CMN,GMMN,Morocco,New York-John F. Kennedy International Airport,JFK,KJFK,United States of America,10,210,0,0,-,-,Final
20090421-0,Tuesday,21-APR-2009,22:14,A2, Landing (LDG),"Ottawa/Macdonald-Cartier International Airport, ON (YOW)",Canada,-,0, Unknown, Repaired,Bombardier DHC-8-402Q Dash 8,2,Pratt & Whitney Canada PW150A,2006,-,-, C-GLQD, 4138,Porter Airlines,Domestic Scheduled Passenger,PD263,Toronto City Airport,YTZ,CYTZ,Canada,Ottawa/Macdonald-Cartier International Airport,YOW,CYOW,Canada,-,-,0,0,-,-,Final
20090422-0,Wednesday,22-APR-2009,13:00,A1, Taxi (TXI),Banjul-Yundum International Airport (BJL),Gambia,5,0, Damaged beyond repair,-,Rockwell Sabreliner 60,-,-,1968,-,-, N103TA, 306-27,Private,Unknown,-,Banjul-Yundum International Airport,BJL,GBYD,Gambia,-,-,-,-,4,1,0,0,-,-,-
20090425-0,Saturday,25-APR-2009,10:04,A1, En route (ENR),"2,7 km (1.7 mls) N of Stockton, UT",United States of America,3,3, Substantial, Written off (damaged beyond repair),Lockheed SP-2H Neptune,-,-,-,-,-, N442NA, 726-7286,Neptune Aviation Services,Ferry/positioning,-,Missoula Airport,MSO,KMSO,United States of America,Alamogordo Municipal Airport,ALM,KALM,United States of America,2,1,2,1,-,-,Final
20090426-0,Sunday,26-APR-2009,04:28,A1, Taxi (TXI),San Juan-Luis Muñoz Marín International Airport (SJU),Puerto Rico,4,0, Damaged beyond repair,-,Douglas DC-3C,2,Pratt & Whitney R-1830,1943,-,19952.0, N136FS, 10267,Four Star Air Cargo,Cargo,-,San Juan-Luis Muñoz Marín International Airport,SJU,TJSJ,Puerto Rico,Saint Thomas-Cyril E. King Airport,STT,TIST,U.S. Virgin Islands,4,0,0,0,-,-,Final
20090427-0,Monday,27-APR-2009,18:00,A1, Landing (LDG),Guadalajara-Don Miguel Hidalgo y Costilla International Airport (GDL),Mexico,116,0, Substantial, Written off (damaged beyond repair),Boeing 737-2K9,2,Pratt & Whitney JT8D-17A (HK3),1981,-,-, XA-MAF, 22505/815,Magnicharters,Domestic Scheduled Passenger, 585,Cancún Airport,CUN,MMUN,Mexico,Guadalajara-Don Miguel Hidalgo y Costilla International Airport,GDL,MMGL,Mexico,8,108,0,0,-,-,Preliminary
20090429-0,Wednesday,29-APR-2009,06:00,A1, En route (ENR),"Massamba, Bandundu Province",Democratic Republic of the Congo,7,7, Damaged beyond repair,-,Boeing 737-275,2,Pratt & Whitney JT8D-9A (HK3),1981,-,-, TL-ADM, 22264/753,Bako Air,Ferry/positioning,-,Brazzaville-Maya Maya Airport,BZV,FCBB,Congo,Harare Airport,HRE,FVHA,Zimbabwe,2,5,2,5,-,-,Preliminary
20090430-0,Thursday,30-APR-2009,23:35,A1, Approach (APR),"Oi (Nemyugyuntsy), Yakutia",Russia,3,3, Damaged beyond repair,-,Antonov An-2,-,-,1981,-,-, RF-00842, 1G195-55,Yakutsk ASK ROSTO,Ferry/positioning,-,-,-,-,-,Yakutsk Airport,YKS,UEEE,Russia,3,0,3,0,-,-,Preliminary
20090504-0,Monday,04-MAY-2009,12:18,A2, Landing (LDG),"Denver International Airport, CO (DEN)",United States of America,154,0, Substantial, Repaired,Airbus A320-211,2,CFMI CFM56-5A1/F,1990,-,57600.0, N311US, 0125,Northwest Airlines,Domestic Scheduled Passenger, 557,Minneapolis-St. Paul International Airport,MSP,KMSP,United States of America,Denver International Airport,DEN,KDEN,United States of America,7,147,0,0,-,-,Final
20090504-1,Monday,04-MAY-2009,14:30,A1, Unknown (UNK),near Seongmu Air Base,South Korea,2,0, Destroyed, Written off (damaged beyond repair),Antonov An-2,-,-,-,-,-, registration unknown,-,South Korea AF,Military,-,-,-,-,-,-,-,-,-,2,0,0,0,-,-,-
20090506-0,Wednesday,06-MAY-2009,13:30,A1, Landing (LDG),"Baltimore/Washington International Thurgood Marshall Airport, MD (BWI)",United States of America,180,0, Substantial, Written off (damaged beyond repair),McDonnell Douglas DC-10-30ER,3,General Electric CF6-50C2,1979,-,107814.0, N139WA, 46583/292,World Airways,Domestic Non Scheduled Passenger,8535,Leipzig Airport,LEJ,EDDP,Germany,Baltimore/Washington International Thurgood Marshall Airport,BWI,KBWI,United States of America,12,168,0,0,-,-,Final
20090506-1,Wednesday,06-MAY-2009,11:19,A2, Approach (APR),near Dornum,Germany,2,0, Substantial, Repaired,Cessna 208B Grand Caravan,1,Pratt & Whitney Canada PT6A-114A,1996,-,4778.0, D-FOLE, 208B0523,OLT,Cargo,-,Emden Airport,EME,EDWE,Germany,Langeoog Airfield,LGO,EDWL,Germany,1,1,0,0,-,-,Final
20090508-0,Friday,08-MAY-2009,15:30,A1, En route (ENR),near Mashhad Airport (MHD),Iran,169,0, Substantial, Written off (damaged beyond repair),Tupolev Tu-154M,3,Soloviev D-30KU-154-II,1986,-,-, EP-MCR, 86A743,Iran Airtour,Domestic Scheduled Passenger,-,Mashhad Airport,MHD,OIMM,Iran,Tehran-Mehrabad Airport,THR,OIII,Iran,12,157,0,0,-,-,Preliminary - official
20090508-1,Friday,08-MAY-2009,15:58,A1, Landing (LDG),Riyadh-King Khalid International Airport (RUH),Saudi Arabia,7,0, Substantial, Written off (damaged beyond repair),McDonnell Douglas MD-90-30,2,IAE V2528-D5,1999,-,-, HZ-APW, 53513/2257,Saudi Arabian,Ferry/positioning,SV9061,Jeddah-King Abdulaziz International Airport,JED,OEJN,Saudi Arabia,Riyadh-King Khalid International Airport,RUH,OERK,Saudi Arabia,7,0,0,0,-,-,Final
20090508-2,Friday,08-MAY-2009,21:59,A2, Approach (APR),near Frankfurt International Airport (FRA),Germany,3,0, Substantial, Repaired,Boeing 747-48EF,4,General Electric CF6-80C2B1F,1994,12296.0,72700.0, HL7419, 25781/1044,Asiana Airlines,Cargo,-,Wien-Schwechat International Airport,VIE,LOWW,Austria,Frankfurt International Airport,FRA,EDDF,Germany,3,0,0,0,-,-,Final
20090510-0,Sunday,10-MAY-2009,01:30,A1, Landing (LDG),W of Utila Airport (UII),Honduras,3,1, Destroyed, Written off (damaged beyond repair),British Aerospace 3212 Jetstream 32,-,-,1991,-,-, YV1467, 927,private,Illegal Flight,-,-,-,-,-,Utila Airport,UII,MHUT,Honduras,3,0,1,0,-,-,Preliminary
20090511-0,Monday,11-MAY-2009,-,A1, Landing (LDG),Wamena Airport (WMX),Indonesia,-,0, Damaged beyond repair,-,Lockheed C-130B Hercules,-,-,-,-,-, 	A-1302, 3578,Indonesian AF,Military,-,-,-,-,-,Wamena Airport,WMX,WAJW,Indonesia,-,-,0,0,-,-,-
20090518-0,Monday,18-MAY-2009,-,A1, Takeoff (TOF),Dire Dawa-Aba Tenna D Yilma Airport (DIR),Ethiopia,4,0, Substantial, Written off (damaged beyond repair),Antonov An-24T,-,-,1985,-,-, EK-46839, 7910201,Phoenix Avia,Cargo,-,Dire Dawa-Aba Tenna D Yilma Airport,DIR,HADR,Ethiopia,Bosaso-Bender Qassim International Airport,BSA,HCMF,Somalia,4,0,0,0,-,-,-
20090520-0,Wednesday,20-MAY-2009,06:30,A1, Approach (APR),near Madiun-Iswahyudi Airport,Indonesia,112,97, Damaged beyond repair,-,Lockheed L-100-30 Hercules,4,Allison T56-A-15,1982,-,-, A-1325, 4917,Indonesian AF,Military,-,Jakarta-Halim Perdana Kusuma Airport,HLP,WIHH,Indonesia,-,-,-,-,14,98,-,-,-,2,Preliminary
20090522-0,Friday,22-MAY-2009,20:53,A1, Approach (APR),"Porto Seguro-Terravista Golf Club Airport, BA",Brazil,14,14, Destroyed, Written off (damaged beyond repair),Beechcraft B300 Super King Air 350,2,Pratt & Whitney Canada PT6A-60A,1999,-,-, PR-MOZ, FL-237,Santa Coloma Investimentos,Executive,-,São Paulo-Congonhas Airport,CGH,SBSP,Brazil,-,-,-,-,2,12,2,12,-,-,Final
20090526-0,Tuesday,26-MAY-2009,16:16,A1, Approach (APR),3 km (1.9 mls) from  Isiro-Matari Airport (IRP),Democratic Republic of the Congo,4,3, Damaged beyond repair,-,Antonov An-26,-,-,1977,-,-, 9Q-CSA, 5005, Services Air,Cargo,-,Goma Airport,GOM,FZNA,Democratic Republic of the Congo,Isiro-Matari Airport,IRP,FZJH,Democratic Republic of the Congo,4,0,3,0,-,-,Preliminary
20090528-0,Thursday,28-MAY-2009,10:55,A1, Landing (LDG),Quevedo Airport,Ecuador,8,0, Substantial, Written off (damaged beyond repair),de Havilland Canada DHC-5D Buffalo,-,-,1980,-,-, AEE-501, 104,Ecuador Army,Military,-,-,-,-,-,-,-,-,-,-,-,0,0,-,-,-
20090530-0,Saturday,30-MAY-2009,19:30,A2, Landing (LDG),Lahore Airport (LHE),Pakistan,47,0, Substantial, Repaired,ATR 42-500,2,Pratt & Whitney Canada PW127E,2007,-,-, AP-BHO, 663,PIA,Domestic Scheduled Passenger,PK688,Multan Airport,MUX,OPMT,Pakistan,Lahore Airport,LHE,OPLA,Pakistan,4,43,0,0,-,-,Preliminary
20090601-0,Monday,01-JUN-2009,00:14,A1, En route (ENR),c 160km NNW off São Pedro and São Paulo Archipelago,Atlantic Ocean,228,228, Destroyed, Written off (damaged beyond repair),Airbus A330-203,2,General Electric CF6-80E1A3,2005,2644.0,18870.0, F-GZCP, 660,Air France,International Scheduled Passenger,AF447,Rio de Janeiro-Galeão International Airport,GIG,SBGL,Brazil,Paris-Charles de Gaulle Airport,CDG,LFPG,France,12,216,12,216,-,-,Final
20090602-0,Tuesday,02-JUN-2009,10:15,A1, Landing (LDG),Halaveli Resort lagoon,Maldives,7,0, Damaged beyond repair,-,de Havilland Canada DHC-6 Twin Otter 200,2,Pratt & Whitney Canada PT6A-27,1969,-,33685.0, 8Q-MAG, 224,Maldivian Air Taxi,"Aerial Work (Calibration, Photo)",-,-,-,-,-,-,-,-,-,3,4,0,0,-,-,Final
20090603-0,Wednesday,03-JUN-2009,19:05,A2, Taxi (TXI),"Gryttjom airfield, Uppsala county",Sweden,22,0, Substantial, Repaired,de Havilland Canada DHC-6 Twin Otter 300,2,Pratt & Whitney Canada PT6A-27,1973,56080.0,28104.0, SE-GEE, 364,Skydive Airlines,Parachuting,-,-,-,-,-,-,-,-,-,1,21,0,0,-,-,Final
20090603-1,Wednesday,03-JUN-2009,-,A2, Landing (LDG),Urumqi Airport (URC),China,-,0, Minor, Repaired,McDonnell Douglas MD-11F,3,Pratt & Whitney PW4460,1993,-,-, B-2175, 48520/541,China Cargo Airlines,Cargo,-,-,-,-,-,Urumqi Airport,URC,ZWWW,China,-,0,0,0,-,-,Preliminary
20090603-2,Wednesday,03-JUN-2009,-,A1, Approach (APR),Simferopol Airport (SIP),Ukraine,-,0, Substantial, Written off (damaged beyond repair),Boeing 737-59D,2,CFMI CFM56-3C1,1990,-,-, VP-BXM, 24695/1872,Aeroflot-Nord,International Scheduled Passenger,-,Moskva-Sheremetyevo Airport,SVO,UUEE,Russia,Simferopol Airport,SIP,UKFF,Ukraine,-,-,0,0,-,-,Preliminary
20090606-0,Saturday,06-JUN-2009,08:20,A1, Landing (LDG),Sittwe-Civil Airport (AKY),Myanmar,68,0, Substantial, Written off (damaged beyond repair),Fokker F-28 Fellowship 4000,2,Rolls-Royce Spey 555-15P,1977,-,-, XY-ADW, 11114,Myanma Airways,Domestic Scheduled Passenger, 409,Yangon-Mingaladon Airport,RGN,VYYY,Myanmar,Sittwe-Civil Airport,AKY,VYSW,Myanmar,6,62,0,0,-,-,Preliminary
20090607-0,Sunday,07-JUN-2009,06:50,A1, Approach (APR),"5,5 km (3.4 mls) W of Port Hope Simpson Airport, NL (YHA)",Canada,1,1, Destroyed, Written off (damaged beyond repair),Britten-Norman BN-2A-27 Islander,2,Lycoming O-540-E4C5,1975,-,-, C-FJJR, 424,Strait Air,Ambulance,-,Lourdes-de-Blanc-Sablon Airport,YBX,CYBX,Canada,-,-,-,-,1,0,1,0,-,-,Final
20090608-0,Monday,08-JUN-2009,-,A1, En route (ENR),Rinchi village in West Siang district,India,13,13, Damaged beyond repair,-,Antonov An-32,2,Ivchenko AI-20,1990,-,-, K3062, 2203 ?,Indian AF,Military,-,-,-,-,-,Mohanbari Air Base,MOH,VEMN,India,7,6,7,6,-,-,Preliminary
20090609-0,Tuesday,09-JUN-2009,13:00,A1, Unknown (UNK),"Kadamdzhayskom, Batken district",Kyrgyzstan,2,0, Damaged beyond repair,-,Antonov An-2R,-,-,1979,-,-, EX-156, 1G183-50, Valor Air,Agricultural,-,-,-,-,-,-,-,-,-,2,0,0,0,-,-,Preliminary
20090609-1,Tuesday,09-JUN-2009,05:35,A2, Landing (LDG),Khartoum-Civil Airport (KRT),Sudan,4,0, Substantial, Repaired,McDonnell Douglas MD-11F,3,General Electric CF6-80C2D1F,1997,-,-, HZ-ANB, 48775/616,Saudi Arabian,Cargo,-,Jeddah-King Abdulaziz International Airport,JED,OEJN,Saudi Arabia,Khartoum-Civil Airport,KRT,HSSS,Sudan,4,0,0,0,-,-,Preliminary
20090610-0,Wednesday,10-JUN-2009,11:55,A2, Landing (LDG),"Lanseria International Airport, Gauteng",South Africa,4,0, Substantial, Repaired,Beechcraft 200C Super King Air,2,Pratt & Whitney Canada PT6A-41,1991,-,22970.0, ZS-PNZ, BL-8,Aviation Asset Management,Ambulance,-,Cape Town International Airport,CPT,FACT,South Africa,East London Airport,ELS,FAEL,South Africa,2,2,0,0,-,-,Final
20090613-0,Saturday,13-JUN-2009,11:30,A1, Maneuvering (MNV),"20 km (12.5 mls) SE of Primorsko-Ahtarsk, Krasnodar region",Russia,1,0, Destroyed, Written off (damaged beyond repair),Antonov An-2R,-,-,1988,-,-, RF-00428, 1G230-11,ROSTO Primorsk-Ahtarska,Agricultural,-,-,-,-,-,-,-,-,-,1,0,0,0,-,-,Preliminary
20090614-0,Sunday,14-JUN-2009,09:17,A2, Landing (LDG),Tanahmerah Airport (TMH),Indonesia,36,0, Substantial, Repaired,Dornier 328-110,2,Pratt & Whitney Canada PW119B,1995,22363.0,24706.0, PK-TXN, 3030,Express Air,Domestic Scheduled Passenger,XN9001,Jayapura-Sentani Airport,DJJ,WAJJ,Indonesia,Tanahmerah Airport,TMH,WAKT,Indonesia,3,33,0,0,-,-,Final
20090618-0,Thursday,18-JUN-2009,-,A1, Taxi (TXI),"Fort Worth-Meacham Field, TX (FTW)",United States of America,2,0, Substantial, Written off (damaged beyond repair),Learjet 40,-,-,2005,-,-, N998AL, 45-2029,Alex Lyon & Sons,Test,-,-,-,-,-,-,-,-,-,2,0,0,0,-,-,- (No safety board investigation)
