identifiant,week_day,date,time,type_event,phase,location,country,total_occupants,total_fatalities,aircraft_damage,aircraft_fate,type_aircraft,number_engines,type_engines,first_flight,cycles,total_airframe_hours,registration,c_n_msn,operator,nature,flight_number,departure_airport_name,departure_airport_IATA,departure_airport_ICAO,departure_airport_country,destination_airport_name,destination_airport_IATA,destination_airport_ICAO,destination_airport_country,crew_number,passengers_number,crew_fatalities,passengers_fatalities,collision_casualties,ground_casualties,status
19980101-0,Thursday,01-JAN-1998,15:32,A2, Landing (LDG),Puerto Plata-La Union International Airport (POP),Dominican Republic,228,0, Substantial, Repaired,Boeing 757-21K,2,Rolls-Royce RB211-535E4,1997,1241.0,3854.0, G-WJAN, 28674/746,Airtours Int.,Int'l Non Scheduled Passenger,-,Bangor International Airport,BGR,KBGR,United States of America,Puerto Plata-La Union International Airport,POP,MDPP,Dominican Republic,8,220,0,0,-,-,Final
19980102-0,Friday,02-JAN-1998,15:26,A1, Takeoff (TOF),"Nixon Fork Mine, AK",United States of America,3,0, Destroyed, Written off (damaged beyond repair),Douglas DC-6B,4,Pratt & Whitney R-2800-CB16,1952,-,46626.0, N861TA, 43522/229,Woods Air Fuel,Cargo,-,-,-,-,-,Palmer Municipal Airport,PAQ,PAAQ,United States of America,3,0,0,0,-,-,Final
19980102-1,Friday,02-JAN-1998,20:30,A1, Approach (APR),"9,4 km (5.9 mls) from  Tampico-Gen F Javier Mina Airport (TAM)",Mexico,8,3, Damaged beyond repair,-,Learjet 24D,-,-,1975,-,-, XA-RRK, 24-307,Aerodinamo del Pacifico,Int'l Non Scheduled Passenger,-,Houston-William P. Hobby Airport,HOU,KHOU,United States of America,Tampico-Gen F Javier Mina Airport,TAM,MMTM,Mexico,2,6,1,2,-,-,-
19980105-0,Monday,05-JAN-1998,-,A2, Unknown (UNK),Malololailai Airport (PTF),Fiji,9,0, Substantial, Repaired,Britten-Norman BN-2A Islander,2,Lycoming O-540-E4C5,1969,-,-, DQ-FDW, 602,Sunflower Airlines,Unknown,-,Malololailai Airport,PTF,NFFO,Fiji,-,-,-,-,-,-,0,0,-,-,-
19980105-1,Monday,05-JAN-1998,20:42,A1, Approach (APR),8 km (5 mls) E of Isfahan-Shahid Beheshti Airport (IFN),Iran,113,0, Substantial, Written off (damaged beyond repair),Fokker 100,2,Rolls-Royce Tay 650-15,1990,-,-, EP-IDC, 11267,Iran Air,Domestic Scheduled Passenger,IR378,Urmia (Orumiyeh) Airport,OMH,OITR,Iran,Tehran-Mehrabad Airport,THR,OIII,Iran,9,104,0,0,-,-,Preliminary - official
19980106-0,Tuesday,06-JAN-1998,15:48,A1, Landing (LDG),"Pittsburgh-Allegheny County Airport, PA (AGC)",United States of America,3,0, Destroyed, Written off (damaged beyond repair),Cessna 500 Citation I,2,Pratt & Whitney Canada JT15D-1A,1974,-,7124.0, N1DK, 500-0175,US Motorsports,Executive,-,Akron/Canton Regional Airport,CAK,KCAK,United States of America,Pittsburgh-Allegheny County Airport,AGC,KAGC,United States of America,2,1,0,0,-,-,Final
19980108-0,Thursday,08-JAN-1998,17:44,A1, Landing (LDG),Limbang Airport (LMN),Malaysia,8,0, Substantial, Written off (damaged beyond repair),de Havilland Canada DHC-6 Twin Otter 310,2,Pratt & Whitney Canada PT6A-27,1982,-,-, 9M-MDJ, 791,Malaysia Airlines,Domestic Scheduled Passenger,-,Miri Airport,MYY,WBGR,Malaysia,Limbang Airport,LMN,WBGJ,Malaysia,2,6,0,0,-,-,Preliminary - official
19980109-0,Friday,09-JAN-1998,17:04,A1, Takeoff (TOF),"Maiden-Little Mountain Airport, NC",United States of America,1,1, Substantial, Written off (damaged beyond repair),Cessna 208B Super Cargomaster,1,Pratt & Whitney Canada PT6A-114,1987,-,6183.0, N913FE, 208B0013,FedEx,Ferry/positioning,-,-,-,-,-,Greensboro/High Point-Piedmont Triad International Airport,GSO,KGSO,United States of America,1,0,1,0,-,-,Final
19980111-0,Sunday,11-JAN-1998,14:58,A1, Landing (LDG),Samsun Airport (SSX),Turkey,74,0, Damaged beyond repair,-,Avro RJ100,4,Lycoming LF507-1F,1994,-,-, TC-THF, E3240,THY,Domestic Scheduled Passenger,  74,Istanbul-Atatürk International Airport,IST,LTBA,Turkey,Samsun Airport,SSX,LTAQ,Turkey,6,68,0,0,-,-,-
19980113-0,Tuesday,13-JAN-1998,22:00,A1, Approach (APR),Khojak Pass,Pakistan,51,51, Damaged beyond repair,-,Antonov An-32,2,Ivchenko AI-20,-,-,-, registration unknown,-,Afghan AF,Military,-,Kandahar Airport,KDH,OAKN,Afghanistan,Herat Airport,HEA,OAHR,Afghanistan,6,45,6,45,-,-,-
19980113-1,Tuesday,13-JAN-1998,18:32,A1, Approach (APR),"3,5 km (2.2 mls) from  Brno-Turany Airport (BRQ)",Czech Republic,2,2, Damaged beyond repair,-,Let L-410UVP-E3,2,Walter M-601E,1987,-,-, YV-928CP, 871919,Aeroservice International,Ferry/positioning,-,Gomel Airport,GME,UMGG,Belarus,Uherské Hradite-Kunovice Airport,UHE,LKKU,Czech Republic,2,0,2,0,-,-,Preliminary - official
19980113-2,Tuesday,13-JAN-1998,08:10,A1, Approach (APR),"3,2 km (2 mls) E of Houston-George Bush Intercontinental Airport, TX (IAH)",United States of America,2,2, Damaged beyond repair,-,Learjet 25B,2,General Electric CJ610-6,1974,-,8943.0, N627WS, 25-170,American Corporate Aviation,Ferry/positioning,-,Houston-William P. Hobby Airport,HOU,KHOU,United States of America,Houston-George Bush Intercontinental Airport,IAH,KIAH,United States of America,2,0,2,0,-,-,Final
19980120-0,Tuesday,20-JAN-1998,18:10,A1, Landing (LDG),"Lloydminster Airport, AB (YLL)",Canada,15,0, Damaged beyond repair,-,British Aerospace 3112 Jetstream 31,2,Garrett TPE331-10UGR-516H,1988,-,16180.0, C-FBIE, 815,Alberta Citylink,Domestic Scheduled Passenger, 933,Calgary International Airport,YYC,CYYC,Canada,Lloydminster Airport,YLL,CYLL,Canada,2,13,0,0,-,-,Final
19980120-1,Tuesday,20-JAN-1998,12:30,A1, Landing (LDG),Alghero-Fertilia Airport (AHO),Italy,25,0, Damaged beyond repair,-,ATR 42-312,2,Pratt & Whitney Canada PW120,1987,-,-, EI-COC, 048,Italair,Domestic Scheduled Passenger, 111,Pisa-Galileo Galilei Airport,PSA,LIRP,Italy,Alghero-Fertilia Airport,AHO,LIEA,Italy,3,22,0,0,-,-,Preliminary
19980120-2,Tuesday,20-JAN-1998,20:30,A2, Landing (LDG),"Saranac Lake-Adirondack Airport, NY (SLK)",United States of America,12,0, Substantial, Repaired,Beechcraft 1900D,-,-,-,-,9433.0, N854CA, UE-60,US Airways Express,Domestic Scheduled Passenger,4479,Albany Airport,ALB,KALB,United States of America,Saranac Lake-Adirondack Airport,SLK,KSLK,United States of America,2,10,0,0,-,-,Final
19980121-0,Wednesday,21-JAN-1998,21:23,A2, Landing (LDG),"Hartford-Bradley International Airport, CT (BDL)",United States of America,39,0, Substantial, Repaired,ATR 42-320,2,Pratt & Whitney Canada PW121,1990,-,18157.0, N15827, 175,Continental Express,Domestic Scheduled Passenger,3332,Newark International Airport,EWR,KEWR,United States of America,Windsor Locks-Bradley International Airport,BDL,KBDL,United States of America,3,36,0,0,-,-,Final
19980126-1,Monday,26-JAN-1998,-,O1, Standing (STD),København-Kastrup Airport (CPH),Denmark,2,0, Damaged beyond repair,-,British Aerospace 3103 Jetstream 31,2,Garrett TPE331-10UR-513H,1983,-,-, OY-SVP, 626,British Airways Express,Domestic Scheduled Passenger,-,Thisted Airport,TED,EKTS,Denmark,København-Kastrup Airport,CPH,EKCH,Denmark,2,0,0,0,-,-,-
19980127-0,Tuesday,27-JAN-1998,11:45,A1, Takeoff (TOF),Thandwe Airport (SNW),Myanmar,45,16, Damaged beyond repair,-,Fokker F-27 Friendship 600,2,Rolls-Royce Dart 532-7,1978,-,-, XY-AES, 10576,Myanma Airways,Domestic Scheduled Passenger,-,Thandwe Airport,SNW,VYTD,Myanmar,Kyaukpyu Airport,KYP,VYKP,Myanmar,4,41,1,15,-,-,Preliminary - official
19980130-0,Friday,30-JAN-1998,17:00,A1, En route (ENR),"ca 1,6 km SW of Port Heiden Airport, AK (PTH)",United States of America,1,0, Destroyed, Written off (damaged beyond repair),Cessna 208 Caravan I,1,Pratt & Whitney Canada PT6A-114,1985,-,13478.0, N9316F, 20800011,PenAir,Cargo,-,Port Heiden Airport,PTH,PAPH,United States of America,-,-,-,-,1,0,0,0,-,-,Final
19980131-0,Saturday,31-JAN-1998,-,H2, En route (ENR),Puerto Limón Airport (LIO),Costa Rica,21,0, None,-,Let L-410,-,-,-,-,-, registration unknown,-,Atlantic Airlines,Domestic Scheduled Passenger,-,Bluefields Airport,BEF,MNBL,Nicaragua,Corn Island Airport,RNI,MNCI,Nicaragua,-,-,0,0,-,-,-
19980202-0,Monday,02-FEB-1998,11:00,A1, En route (ENR),45 km (28.1 mls) NE of Cagayan de Oro-Lumbia Airport (CGY),Philippines,104,104, Destroyed, Written off (damaged beyond repair),McDonnell Douglas DC-9-32,2,Pratt & Whitney JT8D-7A,1967,-,73784.0, RP-C1507, 47069/175,Cebu Pacific Air,Domestic Scheduled Passenger, 387,Tacloban-D. Z. Romualdez Airport,TAC,RPVA,Philippines,Cagayan de Oro-Lumbia Airport,CGY,RPML,Philippines,5,99,5,99,-,-,-
19980202-1,Monday,02-FEB-1998,-,O1, Standing (STD),"Miami International Airport, FL (MIA)",United States of America,0,0, Damaged beyond repair,-,Shorts 330-200,2,Pratt & Whitney Canada PT6A-45R,1981,-,-, N2629Y, SH.3080,SkyWay Enterprises,-,-,-,-,-,-,-,-,-,-,0,0,0,0,-,-,-
19980202-2,Monday,02-FEB-1998,-,O1, Standing (STD),"Miami International Airport, FL (MIA)",United States of America,0,0, Damaged beyond repair,-,Shorts 330-200,2,Pratt & Whitney Canada PT6A-45R,1981,-,-, N2630A, SH.3081,SkyWay Enterprises,-,-,-,-,-,-,-,-,-,-,0,0,0,0,-,-,-
19980202-3,Monday,02-FEB-1998,-,O1, Standing (STD),"Opa-locka Airport, FL (OPF)",United States of America,0,0, Damaged beyond repair,-,Douglas C-117D Super DC-3,-,-,1943,-,-, N505C, 43335,Dragon Air Leasing,-,-,-,-,-,-,-,-,-,-,0,0,0,0,-,-,-
19980202-4,Monday,02-FEB-1998,-,O1, Standing (STD),"Miami International Airport, FL (MIA)",United States of America,0,0, Damaged beyond repair,-,Boeing 737-291,2,Pratt & Whitney JT8D-9A,1969,-,-, N737RD, 20365/220,IAL Aircraft Holding,-,-,-,-,-,-,-,-,-,-,0,0,0,0,-,-,- (No safety board investigation)
19980203-0,Tuesday,03-FEB-1998,12:00,A1, Approach (APR),George Town-Exuma International Airport (GGT),Bahamas,26,0, Damaged beyond repair,-,Douglas C-47A-45-DL (DC-3),2,Pratt & Whitney R-1830-92,1943,-,-, N200MF, 9990,Missionary Flights,Int'l Non Scheduled Passenger,-,George Town-Exuma International Airport,GGT,MYEG,Bahamas,Cap Haitien Airport,CAP,MTCH,Haiti,2,24,0,0,-,-,-
19980204-0,Wednesday,04-FEB-1998,22:17,A1, Initial climb (ICL),"NE of Terceira-Lajes Airport, Azores (TER)",Portugal,7,7, Damaged beyond repair,-,Antonov An-12BP,4,Ivchenko AI-20M,1963,-,-, LZ-SFG, 3341605,Air Luxor,Cargo,-,Terceira-Lajes Airport,TER,LPLA,Portugal,Lisboa-Portela de Sacavém Airport,LIS,LPPT,Portugal,7,0,7,0,-,-,Preliminary - official
19980205-0,Thursday,05-FEB-1998,12:00,A1, Unknown (UNK),near Navafria,Spain,5,5, Damaged beyond repair,-,CASA C-212-S1 Aviocar 100,-,-,1983,-,-, D.3B-9, 297,Spanish AF,Military,-,-,-,-,-,-,-,-,-,5,0,5,0,-,-,-
19980206-0,Friday,06-FEB-1998,12:39,A1, Approach (APR),1 km (0.6 mls) N off  Chambéry Airport (CMF),France,5,0, Damaged beyond repair,-,Gulfstream Aerospace G-1159 Gulfstream III,-,-,1984,-,7205.0, VP-BLN, 402,private,Private,-,Genève-Cointrin Airport,GVA,LSGG,Switzerland,Chambéry Airport,CMF,LFLB,France,3,2,0,0,-,-,Final
19980209-0,Monday,09-FEB-1998,09:54,A1, Approach (APR),"Chicago-O'Hare International Airport, IL (ORD)",United States of America,121,0, Substantial, Written off (damaged beyond repair),Boeing 727-223,3,Pratt & Whitney JT8D-9A,1975,-,59069.0, N845AA, 20986/1125,American Airlines,Domestic Scheduled Passenger,AA1340,Kansas City International Airport,MCI,KMCI,United States of America,Chicago-O'Hare International Airport,ORD,KORD,United States of America,6,115,0,0,-,-,Final
19980209-1,Monday,09-FEB-1998,11:47,A1, Landing (LDG),Stornoway Airport (SYY),United Kingdom,30,0, Damaged beyond repair,-,Shorts 360-100,2,Pratt & Whitney Canada PT6A-65R,1984,-,-, G-BLGB, SH.3641,British Regional Airlines,Domestic Scheduled Passenger,-,Benbecula Airport,BEB,EGPL,United Kingdom,Stornoway Airport,SYY,EGPO,United Kingdom,4,26,0,0,-,-,Final
19980209-2,Monday,09-FEB-1998,-,A1, Landing (LDG),"Navegantes Airport, SC (NVT)",Brazil,25,0, Damaged beyond repair,-,Hawker Siddeley C-91 (HS-748-281 Srs. 2A LFD),-,-,1975,-,-, 2509, 1732,Brazilian AF,Military,-,-,-,-,-,Navegantes-Itajaí Airport,NVT,SBNF,Brazil,7,18,0,0,-,-,-
19980211-0,Wednesday,11-FEB-1998,12:16,A1, Takeoff (TOF),"Beaumont-Jefferson County Airport, TX (BPT)",United States of America,4,0, Substantial, Written off (damaged beyond repair),Embraer EMB-145ER (ERJ-145ER),2,Allison AE3007A,1997,1472.0,1844.0, N14931, 145013,Continental Express,Training, 910,Beaumont-Jefferson County Airport,BPT,KBPT,United States of America,Houston-George Bush Intercontinental Airport,IAH,KIAH,United States of America,4,0,0,0,-,-,Final
19980212-0,Thursday,12-FEB-1998,-,A1, Landing (LDG),Nasir Airport,South Sudan,57,26, Damaged beyond repair,-,Antonov An-32B,-,-,-,-,-, 7744,-,Sudan AF,Military,-,Malakal Airport,MAK,HSSM,South Sudan,-,-,-,-,-,-,-,-,-,-,-
19980216-0,Monday,16-FEB-1998,20:05,A1, Approach (APR),Taipei-Chiang Kai Shek International Airport (TPE),Taiwan,196,196, Destroyed, Written off (damaged beyond repair),Airbus A300B4-622R,2,Pratt & Whitney PW4158,1990,8800.0,20193.0, B-1814, 578,China Airlines,International Scheduled Passenger,CI676,Denpasar-Ngurah Rai Bali International Airport,DPS,WADD,Indonesia,Taipei-Chiang Kai Shek International Airport,TPE,RCTP,Taiwan,14,182,14,182,-,7,Final
19980219-0,Thursday,19-FEB-1998,-,A1, Landing (LDG),Mogadishu International Airport (MGQ),Somalia,23,0, Damaged beyond repair,-,Grumman G-159 Gulfstream I,2,Rolls-Royce Dart 529-8X,1961,-,-, 5Y-BMR,  81,Skyways Kenya,Int'l Non Scheduled Passenger,-,Nairobi-Wilson Airport,WIL,HKNW,Kenya,Mogadishu International Airport,MGQ,HCMM,Somalia,3,20,0,0,-,-,Preliminary
19980219-1,Thursday,19-FEB-1998,00:04,A1, Approach (APR),4 km (2.5 mls) W of Barcelona Airport (BCN),Spain,2,2, Damaged beyond repair,-,Swearingen SA226-TC Metro II,2,Garrett TPE331-10UA-511G,1976,-,17546.0, EC-GDG, TC-220,Ibertrans Aérea,Cargo, 595A,Barcelona-El Prat Airport,BCN,LEBL,Spain,Brussel-Zaventem Airport,BRU,EBBR,Belgium,2,0,2,0,-,-,Final
19980222-0,Sunday,22-FEB-1998,16:23,A1, Taxi (TXI),Kaduna Airport (KAD),Nigeria,24,0, Destroyed, Written off (damaged beyond repair),Boeing 737-2K3,2,Pratt & Whitney JT8D-15,1988,-,-, YU-ANU, 24139/1530,Aviogenex,Training,-,Kaduna Airport,KAD,DNKA,Nigeria,Kaduna Airport,KAD,DNKA,Nigeria,3,21,0,0,-,-,Final
19980222-1,Sunday,22-FEB-1998,19:28,A2, Taxi (TXI),Frankfurt International Airport (FRA),Germany,-,0, Substantial, Repaired,ATR 72-202,2,Pratt & Whitney Canada PW124B,1991,-,-, D-ANFA, 224,Eurowings,Domestic Scheduled Passenger,-,Berlin-Tempelhof Airport,THF,EDDI,Germany,Frankfurt International Airport,FRA,EDDF,Germany,-,-,0,0,-,-,Final
19980223-0,Monday,23-FEB-1998,-,H2, En route (ENR),Diyarbakir Airport (DIY),Turkey,68,0, None,-,Avro RJ100,4,Lycoming LF507-1F,1993,-,-, TC-THE, E3238,THY,Domestic Scheduled Passenger,-,Adana Airport,ADA,LTAF,Turkey,-,-,-,-,5,63,0,0,-,-,-
19980226-0,Thursday,26-FEB-1998,17:29,A2, Landing (LDG),"Birmingham Airport, AL (BHM)",United States of America,92,0, Substantial, Repaired,Fokker 100,-,-,1990,-,17724.0, N867US, 11312,US Airways,Domestic Scheduled Passenger,861,Charlotte-Douglas Airport,CLT,KCLT,United States of America,Birmingham Airport,BHM,KBHM,United States of America,5,87,0,0,-,-,Final
19980304-0,Wednesday,04-MAR-1998,13:50,A1, Landing (LDG),"Oakdale Airport, CA (ODC)",United States of America,2,0, Substantial, Written off (damaged beyond repair),Learjet 23,2,General Electric CJ610,1965,-,6747.0, N37BL, 23-069,Sierra West Airlines,Training,-,Stockton Airport,SCK,KSCK,United States of America,-,-,-,-,2,0,0,0,-,-,Final
19980304-1,Wednesday,04-MAR-1998,09:07,A2, Landing (LDG),"Manistee-Blacker Airport, MI (MBL)",United States of America,9,0, Substantial, Repaired,Cessna 650 Citation VII,-,-,-,-,1166.0, N502T, 650-7067,Tenneco Management Co.,Executive,-,Waukegan Memorial Airport,UGN,KUGN,United States of America,Manistee-Blacker Airport,MBL,KMBL,United States of America,2,7,0,0,-,-,Final
19980305-0,Thursday,05-MAR-1998,05:20,A1, En route (ENR),"14 km (8.8 mls) ESE of Clarksville, TN",United States of America,1,1, Destroyed, Written off (damaged beyond repair),Cessna 208B Super Cargomaster,1,Pratt & Whitney Canada PT6A-114,1988,-,4079.0, N840FE, 208B0142,FedEx,Cargo,8315,Memphis International Airport,MEM,KMEM,United States of America,Bowling Green-Warren County Airport,BWG,KBWG,United States of America,1,0,1,0,-,-,Final
19980307-0,Saturday,07-MAR-1998,15:55,A1, Initial climb (ICL),near La Ceiba-Goloson International Airport (LCE),Honduras,17,0, Damaged beyond repair,-,Let L-410UVP,2,Walter M-601D,1982,-,-, HR-AQG, 820923,Aerolíneas SOSA,Domestic Scheduled Passenger,-,La Ceiba-Goloson International Airport,LCE,MHLC,Honduras,Roatán Airport,RTB,MHRO,Honduras,2,15,0,0,-,-,-
19980310-0,Tuesday,10-MAR-1998,16:31,A1, Initial climb (ICL),Mombasa-Moi International Airport (MBA),Kenya,6,6, Damaged beyond repair,-,Boeing 707-336C,4,Pratt & Whitney JT3D-3B (HK),1968,17417.0,60171.0, SU-PBA, 19843/735,Air Memphis,Cargo,-,Mombasa-Moi International Airport,MBA,HKMO,Kenya,Cairo International Airport,CAI,HECA,Egypt,6,0,6,0,-,-,-
19980310-1,Tuesday,10-MAR-1998,16:39,A2, Approach (APR),Hwange Airport (WKI),Zimbabwe,66,0, Substantial, Repaired,British Aerospace BAe-146-100,4,Lycoming ALF502R-5,1989,-,-, A2-ABD, E1101,Air Botswana,International Scheduled Passenger,-,-,-,-,-,Hwange Airport,WKI,FVWT,Zimbabwe,6,60,0,0,-,-,Final
19980312-0,Thursday,12-MAR-1998,-,A1, En route (ENR),Cistérniga,Spain,3,3, Damaged beyond repair,-,CASA C-212-A1 Aviocar 200,-,-,1971,-,-, XT.12B-2, 02,Spanish AF,Military,-,Madrid-Torrejón AFB,TOJ,LETO,Spain,Valladolid Airport,VLL,LEVD,Spain,3,0,3,0,-,-,Preliminary
19980312-1,Thursday,12-MAR-1998,-,A1, Takeoff (TOF),Mogadishu,Somalia,-,-, Damaged beyond repair,-,Antonov An-8,2,Ivchenko AI-20D,1961,-,-, EL-ALE, 1I-3460,Santa Cruz Imperial,Unknown,-,-,-,-,-,-,-,-,-,-,-,-,-,-,-,-
19980318-0,Wednesday,18-MAR-1998,19:32,A1, En route (ENR),11 km (6.9 mls) NW off  Hsinchu Airport (HSZ),Taiwan,13,13, Damaged beyond repair,-,Saab 340B,2,General Electric CT7-9B,1993,-,8076.0, B-12255, 340B-337,Formosa Airlines,Domestic Scheduled Passenger,-,Hsinchu Airport,HSZ,RCPO,Taiwan,Kaohsiung International Airport,KHH,RCKH,Taiwan,5,8,5,8,-,-,Final
19980319-0,Thursday,19-MAR-1998,13:00,A1, En route (ENR),15 km (9.4 mls) S of Kabul Airport (KBL),Afghanistan,45,45, Destroyed, Written off (damaged beyond repair),Boeing 727-228,3,Pratt & Whitney JT8D-15,1981,-,-, YA-FAZ, 22288/1712,Ariana Afghan Airlines,Domestic Non Scheduled Passenger,-,Kandahar Airport,KDH,OAKN,Afghanistan,Kabul Airport,KBL,OAKB,Afghanistan,10,35,10,35,-,-,-
19980319-1,Thursday,19-MAR-1998,09:18,A1, Takeoff (TOF),"Portland International Airport, OR (PDX)",United States of America,4,0, Substantial, Written off (damaged beyond repair),Aérospatiale SN.601 Corvette,2,Pratt & Whitney Canada JT15D-4,1978,-,2305.0, N600RA, 36,R. L. Riemenschneider Enterprises,Executive,-,Portland International Airport,PDX,KPDX,United States of America,Redmond-Roberts Field,RDM,KRDM,United States of America,1,3,0,0,-,-,Final
19980322-0,Sunday,22-MAR-1998,19:41,A1, Landing (LDG),Bacolod Airport (BCD),Philippines,130,0, Damaged beyond repair,-,Airbus A320-214,2,CFMI CFM56-5B4,1997,1070.0,1224.0, RP-C3222, 708,Philippine Air Lines,Domestic Scheduled Passenger,PR137,Manila International Airport,MNL,RPLL,Philippines,Bacolod Airport,BCD,RPVB,Philippines,6,124,0,0,-,3,Final
19980325-0,Wednesday,25-MAR-1998,03:30,A1, Landing (LDG),"Orlando Executive Airport, FL (ORL)",United States of America,6,0, Damaged beyond repair,-,Learjet 24B,2,General Electric CJ610-6,1969,-,8138.0, N100DL, 24-201,Panther Aviation,Ambulance,-,Miami International Airport,MIA,KMIA,United States of America,Orlando Executive Airport,ORL,KORL,United States of America,2,4,0,0,-,-,Final
19980328-0,Saturday,28-MAR-1998,09:35,A1, Approach (APR),near Piura Airport (PIU),Peru,55,21, Damaged beyond repair,-,Antonov An-32A,2,Ivchenko AI-20D,1987,-,-, OB-1389, 1304,Peruvian AF,Domestic Non Scheduled Passenger,-,Tumbes Airport,TBP,SPME,Peru,Piura Airport,PIU,SPUR,Peru,5,50,0,21,-,1,-
19980330-0,Monday,30-MAR-1998,-,H2, En route (ENR),Ankara-Esenboga Airport (ESB),Turkey,105,0, None,-,Boeing 727,-,-,-,-,-, registration unknown,-,Kibris THY,International Scheduled Passenger,-,Ercan Airport,ECN,LCEN,Turkey,Ankara-Esenboga Airport,ESB,LTAC,Turkey,8,97,0,0,-,-,-
19980331-0,Tuesday,31-MAR-1998,04:16,A1, Approach (APR),near Mexico City,Mexico,4,2, Damaged beyond repair,-,Convair CV-240-53 (C-131A),2,Pratt & Whitney R-2800-99W,1954,-,-, XA-TAP, 53-13,L.A. Mexicana de Carga,Cargo,-,Mexico City-Benito Juárez International Airport,MEX,MMMX,Mexico,Monterrey-General Mariano Escobedo International Airport,MTY,MMMY,Mexico,4,0,2,0,-,-,-
19980331-1,Tuesday,31-MAR-1998,00:31,A1, Takeoff (TOF),London-Stansted Airport (STN),United Kingdom,44,0, Damaged beyond repair,-,British Aerospace BAe-748-378 Srs. 2B,2,Rolls-Royce Dart 535-2,1982,19122.0,18352.0, G-OJEM, 1791,Emerald Airways,Domestic Non Scheduled Passenger,-,London-Stansted Airport,STN,EGSS,United Kingdom,Leeds/Bradford Airport,LBA,EGNM,United Kingdom,4,40,0,0,-,-,Final
19980404-0,Saturday,04-APR-1998,10:34,A1, En route (ENR),"Marietta, GA",United States of America,4,4, Destroyed, Written off (damaged beyond repair),Cessna 525 CitationJet,2,Williams International FJ44-1A,1997,125.0,181.0, N111LR, 525-0222,Alpha Wolf Enterprises,Executive,-,Atlanta-DeKalb Peachtree Airport,PDK,KPDK,United States of America,Harrisburg International Airport,MDT,KMDT,United States of America,1,3,1,3,1,-,Final
19980407-0,Tuesday,07-APR-1998,08:38,A1, Approach (APR),"2,6 km (1.6 mls) SE of Bismarck Municipal Airport, ND (BIS)",United States of America,1,1, Destroyed, Written off (damaged beyond repair),Cessna 208B Super Cargomaster,1,Pratt & Whitney Canada PT6A-114,1989,-,6140.0, N868FE, 208B0193,FedEx,Cargo,8738,Grand Forks Airport,GFK,KGFK,United States of America,Bismarck Airport,BIS,KBIS,United States of America,1,0,1,0,-,-,Final
19980412-0,Sunday,12-APR-1998,15:48,A1, Landing (LDG),Almaty Airport (ALA),Kazakhstan,88,0, Damaged beyond repair,-,Boeing 737-2H4,2,Pratt & Whitney JT8D-9A,1974,84935.0,71160.0, P4-NEN, 20925/373,Orient Eagle Airways,Domestic Scheduled Passenger, 717,-,-,-,-,Almaty Airport,ALA,UAAA,Kazakhstan,8,80,0,0,-,-,Preliminary
19980414-0,Tuesday,14-APR-1998,-,A1, Landing (LDG),Dzhalal-Abad,Kyrgyzstan,-,0, Damaged beyond repair,-,Yakovlev Yak-40,3,Ivchenko AI-25,1975,-,-, EX-87529, 9521141,Kyrghyzstan Airlines,Unknown,-,-,-,-,-,-,-,-,-,-,-,0,0,-,-,-
19980420-0,Monday,20-APR-1998,16:45,A1, En route (ENR),10 km (6.3 mls) SW of Bogotá-Eldorado Airport (BOG),Colombia,53,53, Destroyed, Written off (damaged beyond repair),Boeing 727-230,3,Pratt & Whitney JT8D-15,1979,26475.0,34586.0, HC-BSU, 21622/1431,TAME Ecuador,International Scheduled Passenger,AF422,Bogotá-Eldorado Airport,BOG,SKBO,Colombia,Quito-Mariscal Sucre Airport,UIO,SEQU,Ecuador,10,43,10,43,-,-,Final
19980423-0,Thursday,23-APR-1998,12:00,A1, Initial climb (ICL),"3 km (1.9 mls) from  Resende Airport, RJ (REZ)",Brazil,3,3, Damaged beyond repair,-,Embraer C-95B Bandeirante (EMB-110),-,-,1983,-,-, 2321, 110433,Brazilian AF,Military,-,Resende Airport,REZ,SDRS,Brazil,Resende Airport,REZ,SDRS,Brazil,3,0,3,0,-,-,Preliminary
19980423-1,Thursday,23-APR-1998,08:00,A1, Landing (LDG),La Lope,Gabon,16,0, Damaged beyond repair,-,Shorts 330-100,2,Pratt & Whitney Canada PT6A-45R,1981,-,-, TR-LEM, SH.3075,SAFT Gabon,Domestic Scheduled Passenger,-,Libreville Airport,LBV,FOOL,Gabon,Booue Airport,BGB,FOGB,Gabon,3,13,0,0,-,-,-
19980424-0,Friday,24-APR-1998,00:15,A1, Standing (STD),Istanbul-Atatürk Airport (IST),Turkey,73,0, Damaged beyond repair,-,Ilyushin Il-62M,4,Soloviev D-30KU,1977,-,-, YR-IRD, 4727546,Trans Asian Airlines,International Scheduled Passenger,-,Istanbul-Atatürk International Airport,IST,LTBA,Turkey,Almaty Airport,ALA,UAAA,Kazakhstan,9,64,0,0,-,-,-
19980425-0,Saturday,25-APR-1998,-,O1, Standing (STD),"Brunswick NAS, ME (NHZ)",United States of America,-,0, Damaged beyond repair,-,Lockheed EP-3J Orion,-,-,1966,-,-, 152745, 185-5185,US Navy,Military,-,-,-,-,-,-,-,-,-,-,-,0,0,-,-,-
19980505-0,Tuesday,05-MAY-1998,21:30,A1, Approach (APR),3 km (1.9 mls) from  Andoas,Peru,88,75, Damaged beyond repair,-,Boeing 737-282 Adv.,2,Pratt & Whitney JT8D-17A,1983,23935.0,37129.0, FAP-351, 23041/962,Peruvian AF,Domestic Non Scheduled Passenger,-,Iquitos-C.F. Secada Airport,IQT,SPQT,Peru,-,-,-,-,8,80,6,69,-,-,-
19980507-0,Thursday,07-MAY-1998,08:30,A1, En route (ENR),near Vaalwater,South Africa,4,0, Damaged beyond repair,-,Antonov An-32B,2,Ivchenko AI-20,1990,-,-, 3D-DRV, 2302,Southern Gateway,Cargo,-,Durban International Airport,DUR,FADN,South Africa,Bulawayo Airport,BUQ,FVBU,Zimbabwe,3,1,0,0,-,-,Preliminary
19980507-1,Thursday,07-MAY-1998,19:20,A2, En route (ENR),"near Calhoun, GA",United States of America,87,0, Substantial, Repaired,McDonnell Douglas DC-9-32,-,-,1972,-,-, N948VV, 47559/672,AirTran Airways,Domestic Scheduled Passenger, 426,Atlanta-William B. Hartsfield International Airport,ATL,KATL,United States of America,Chicago-Midway Airport,MDW,KMDW,United States of America,6,81,0,0,-,-,Final
19980508-0,Friday,08-MAY-1998,-,A1, Maneuvering (MNV),"Barra de Tijuca, Rio de Janeiro, RJ",Brazil,13,4, Damaged beyond repair,-,Embraer C-95B Bandeirante (EMB-110),-,-,1984,-,-, 2322, 110434,Brazilian AF,Military,-,-,-,-,-,-,-,-,-,3,10,3,1,-,-,-
19980510-0,Sunday,10-MAY-1998,-,H2, Standing (STD),"Toronto-Pearson International Airport, ON (YYZ)",Canada,-,0, None,-,Lockheed L-1011 TriStar,-,-,-,-,-, registration unknown,-,Air Luxor,Unknown,-,Toronto-Pearson International Airport,YYZ,CYYZ,Canada,Lisboa-Portela de Sacavém Airport,LIS,LPPT,Portugal,-,-,0,0,-,-,-
19980510-1,Sunday,10-MAY-1998,15:55,A2, Taxi (TXI),Johannesburg International Airport (JNB),South Africa,44,0, Substantial, Repaired,de Havilland Canada DHC-8-315 Dash 8,2,Pratt & Whitney Canada PW123B,1992,-,-, ZS-NLW, 338,South African Express Airways,Domestic Scheduled Passenger,SA1033,Johannesburg International Airport,JNB,FAJS,South Africa,Bloemfontein International Airport,BFN,FABL,South Africa,4,40,0,0,-,-,-
19980510-2,Sunday,10-MAY-1998,15:55,A2, Taxi (TXI),Johannesburg International Airport (JNB),South Africa,84,0, Minor, Repaired,Airbus A340-312,4,CFMI CFM56-5C3,1994,-,-, CS-TOA, 041,TAP,International Scheduled Passenger,TP254,-,-,-,-,-,-,-,-,14,70,0,0,-,-,-
19980511-0,Monday,11-MAY-1998,-,A1, Landing (LDG),Luanda-4 de Fevereiro Airport (LAD),Angola,7,0, Damaged beyond repair,-,Antonov An-12B,4,Ivchenko AI-20M,1969,-,-, RA-12973, 9346505,Tyumenaviatrans,Cargo,-,Kabinda Airport,KBN,FZWT,Democratic Republic of the Congo,Luanda-4 de Fevereiro Airport,LAD,FNLU,Angola,7,0,0,0,-,-,-
19980512-0,Tuesday,12-MAY-1998,-,A1, Initial climb (ICL),near Néma Airport (EMN),Mauritania,42,39, Damaged beyond repair,-,Xian Yunshuji Y-7H-500,-,-,-,-,-, 5T-MAG, 007H03,Mauritanian AF,Military,-,Néma Airport,EMN,GQNI,Mauritania,Nouakchott Airport,NKC,GQNN,Mauritania,-,-,-,-,-,-,-
19980512-1,Tuesday,12-MAY-1998,04:31,A2, Takeoff (TOF),Cairo International Airport (CAI),Egypt,141,0, Substantial, Repaired,Boeing 767-33AER,2,Pratt & Whitney PW4056,1991,-,-, ET-AKW, 25346/403,Ethiopian Airlines,International Scheduled Passenger, 711,Cairo International Airport,CAI,HECA,Egypt,Addis Ababa-Bole Airport,ADD,HAAB,Ethiopia,9,132,0,0,-,-,Preliminary
19980512-2,Tuesday,12-MAY-1998,04:31,A2, Taxi (TXI),Cairo International Airport (CAI),Egypt,54,0, Substantial, Repaired,Airbus A320-231,2,IAE V2500-A1,1991,-,-, SU-GBD, 194,EgyptAir,International Scheduled Passenger,-,Jeddah-King Abdulaziz International Airport,JED,OEJN,Saudi Arabia,Cairo International Airport,CAI,HECA,Egypt,6,48,0,0,-,-,Preliminary
19980514-0,Thursday,14-MAY-1998,15:25,A2, Approach (APR),"9 km (5.6 mls) NE of Nome Airport, AK (OME)",United States of America,10,0, Substantial, Repaired,Cessna 208 Caravan I,1,Pratt & Whitney Canada PT6A-114,1992,-,5574.0, N192AV, 20800215,Baker Aviation,Domestic Scheduled Passenger, 435,Kotzebue Airport,OTZ,PAOT,United States of America,Nome Airport,OME,PAOM,United States of America,1,9,0,0,-,-,Final
19980515-0,Friday,15-MAY-1998,11:03,A1, Takeoff (TOF),Kendari Airport (KDI),Indonesia,64,0, Damaged beyond repair,-,Fokker F-28 Fellowship 4000,2,Rolls-Royce Spey 555-15H,1983,-,-, PK-MGT, 11193,Merpati Nusantara,Domestic Scheduled Passenger,MZ715,Kendari-Wolter Monginsidi Airport,KDI,WAWW,Indonesia,Ujung Pandang-Hasanudin Airport,UPG,WAAA,Indonesia,4,60,0,0,-,-,Preliminary
19980516-0,Saturday,16-MAY-1998,13:15,A1, Landing (LDG),Singapore-Seletar Airport (XSP),Singapore,80,0, Damaged beyond repair,-,Fokker F-28 Fellowship 4000,2,Rolls-Royce Spey 555-15H,1982,-,-, PK-VFY, 11179,Manunggal Air,Int'l Non Scheduled Passenger,-,Jakarta-Halim Perdana Kusuma Airport,HLP,WIHH,Indonesia,Singapore-Seletar Airport,XSP,WSSL,Singapore,7,73,0,0,-,-,-
19980520-0,Wednesday,20-MAY-1998,16:00,O2, Taxi (TXI),Johannesburg International Airport (JNB),South Africa,2,0, Substantial, Repaired,British Aerospace BAe-748-344 Srs. 2A,-,-,1979,-,-, ZS-XGY, 1764,Intensive Air,Ferry/positioning,-,-,-,-,-,Johannesburg International Airport,JNB,FAJS,South Africa,2,0,0,0,-,-,-
19980520-1,Wednesday,20-MAY-1998,16:00,O2, Standing (STD),Johannesburg International Airport (JNB),South Africa,0,0, Substantial, Repaired,Airbus A340-313,4,CFMI CFM56-5C4,1996,-,-, EC-GJT, 145,Iberia,-,-,-,-,-,-,-,-,-,-,0,0,0,0,-,-,-
19980521-0,Thursday,21-MAY-1998,00:50,A2, Landing (LDG),Ibiza Airport (IBZ),Spain,187,0, Substantial, Repaired,Airbus A320-212,2,CFMI CFM56-5A3,1991,-,22265.0, G-UKLL, 189,Air UK Leisure,Int'l Non Scheduled Passenger,4064,Manchester International Airport,MAN,EGCC,United Kingdom,Ibiza Airport,IBZ,LEIB,Spain,7,180,0,0,-,-,Final
19980524-0,Sunday,24-MAY-1998,00:24,A1, Approach (APR),"8 km (5 mls) NW of Anchorage, AK",United States of America,3,0, Substantial, Written off (damaged beyond repair),Douglas C-47A-90-DL (DC-3C),2,Pratt & Whitney R-1830-92,1944,-,34232.0, N67588, 20536,Majestic Air Cargo,Ferry/positioning,-,Unalakleet Airport,UNK,PAUN,United States of America,Anchorage International Airport,ANC,PANC,United States of America,2,1,0,0,-,-,Final
19980524-1,Sunday,24-MAY-1998,-,H2, En route (ENR),Hyderabad Airport (HDD),Pakistan,33,0, None,-,Fokker F-27 Friendship 200,-,-,1966,-,-, AP-BCZ, 10305,PIA,Domestic Scheduled Passenger,-,Turbat Airport,TUK,OPTU,Pakistan,Karachi International Airport,KHI,OPKC,Pakistan,4,29,0,0,-,-,-
19980525-0,Monday,25-MAY-1998,10:20,A1, En route (ENR),"near Long Tieng, Xiangkhouang",Laos,26,26, Damaged beyond repair,-,Yakovlev Yak-40,3,Ivchenko AI-25,1974,-,-, RDPL-34001, 9431835,Lao Aviation,Military,-,Vientiane-Wattay Airport,VTE,VLVT,Laos,-,-,-,-,-,-,-,-,-,-,-
19980526-0,Tuesday,26-MAY-1998,09:30,A1, En route (ENR),W of Erdenet,Mongolia,28,28, Damaged beyond repair,-,Harbin Yunshuji Y-12 II,2,Pratt & Whitney Canada PT6A-27,1992,-,-, JU-1017, 0064,MIAT,Domestic Scheduled Passenger,-,-,-,-,-,Moron Airport,MXV,ZMMN,Mongolia,2,26,2,26,-,-,-
19980530-0,Saturday,30-MAY-1998,-,A1, Landing (LDG),Aguadilla-Borinquen Airport (BQN),Puerto Rico,2,0, Damaged beyond repair,-,Convair CV-240-17,2,Pratt & Whitney R-2800,1950,-,18581.0, N87949, 202,Trans Florida Airlines,Training,-,Aguadilla-Borinquen Airport,BQN,TJBQ,Puerto Rico,Aguadilla-Borinquen Airport,BQN,TJBQ,Puerto Rico,2,0,0,0,-,-,- (No safety board investigation)
19980602-0,Tuesday,02-JUN-1998,-,A2, Unknown (UNK),at an unknown location,Iran,-,1, Substantial, Repaired,Antonov An-2R,-,-,-,-,-, SP-WNF, 1G156-43,ZUA,Unknown,-,-,-,-,-,-,-,-,-,-,-,-,-,-,-,-
19980603-0,Wednesday,03-JUN-1998,07:22,A1, Approach (APR),"Santa Fé-Sauce Viejo Airport, SF (SFN)",Argentina,2,0, Damaged beyond repair,-,Swearingen SA227-AC Metro III,2,Garrett TPE331-11U-611G,1982,-,-, LV-WIL, AC-537,Air Tango,Cargo,-,Buenos Aires-Jorge Newbery Airport,AEP,SABE,Argentina,Santa Fé-Sauce Viejo Airport,SFN,SAAV,Argentina,2,0,0,0,-,-,Final
19980605-0,Friday,05-JUN-1998,-,O1, Standing (STD),Asmara International Airport (ASM),Eritrea,0,0, Damaged beyond repair,-,Boeing 727-25F,3,Pratt & Whitney JT8D-7B,1963,-,-, 5Y-BMW, 18255/14,Aero Zambia,Cargo,-,-,-,-,-,-,-,-,-,0,0,0,0,-,-,-
19980617-0,Wednesday,17-JUN-1998,20:46,A2, Taxi (TXI),"Denver International Airport, CO (DEN)",United States of America,70,0, Substantial, Repaired,Boeing 737-322,2,CFMI CFM56-3C1,1989,-,27323.0, N364UA, 24533/1756,United Airlines,Domestic Scheduled Passenger,UA475,Denver International Airport,DEN,KDEN,United States of America,Ontario International Airport,ONT,KONT,United States of America,5,65,0,0,-,-,Final
19980618-0,Thursday,18-JUN-1998,07:28,A1, Approach (APR),"Montreal-Mirabel International Airport, QC (YMX)",Canada,11,11, Destroyed, Written off (damaged beyond repair),Swearingen SA226-TC Metro II,2,Garrett TPE331-3UW,1977,-,28931.0, C-GQAL, TC-233,Propair,Domestic Scheduled Passenger, 420,Montreal-Dorval International Airport,YUL,CYUL,Canada,Peterborough Airport,YPQ,CYPQ,Canada,2,9,2,9,-,-,Final
19980619-0,Friday,19-JUN-1998,21:44,A1, Landing (LDG),"Fishers Island-Elizabeth Field, NY (FID)",United States of America,4,0, Substantial, Written off (damaged beyond repair),Cessna 500 Citation I,-,-,1975,-,6598.0, N41SH, 500-0267,JJU Aviation,Private,-,Teterboro Airport,TEB,KTEB,United States of America,-,-,-,-,2,2,0,0,-,-,Final
19980623-0,Tuesday,23-JUN-1998,-,H2, En route (ENR),Valencia Airport (VLC),Spain,131,0, None,-,Boeing 727,-,-,-,-,-, registration unknown,-,Iberia,Domestic Scheduled Passenger,IB1121,Sevilla Airport,SVQ,LEZL,Spain,Barcelona-El Prat Airport,BCN,LEBL,Spain,7,124,0,0,-,-,-
19980625-0,Thursday,25-JUN-1998,13:00,A2, Landing (LDG),"Buenos Aires-Jorge Newbery Airport, BA (AEP)",Argentina,12,0, Substantial, Repaired,British Aerospace 3212 Jetstream 32,-,-,1988,-,-, LV-VEJ, 831,LAER,Domestic Scheduled Passenger, 922,Paso de los Libres Airport,AOL,SARL,Argentina,Buenos Aires-Jorge Newbery Airport,AEP,SABE,Argentina,2,10,0,0,-,-,Final
19980626-0,Friday,26-JUN-1998,19:45,A1, Approach (APR),near Abidjan Airport (ABJ),Cote d'Ivoire,7,7, Damaged beyond repair,-,Beechcraft 200 Super King Air,-,-,1981,-,-, ZS-MSL, BB-815,Federal Aviation,Executive,-,Lome Airport,LFW,DXXX,Togo,Abidjan-Felix Houphouet Boigny Airport,ABJ,DIAP,Cote d'Ivoire,2,5,2,5,-,-,-
19980626-2,Friday,26-JUN-1998,14:03,A2, Landing (LDG),"Hog River Airport, AK",United States of America,5,0, Substantial, Repaired,Lockheed L-100-30 Hercules,-,-,1976,-,-, N402LC, 4698,Lynden Air Cargo,Cargo,-,Fairbanks International Airport,FAI,PAFA,United States of America,-,-,-,-,5,0,0,0,-,-,Final
19980627-0,Saturday,27-JUN-1998,11:28,A1, Landing (LDG),near Dhaka,Bangladesh,7,0, Damaged beyond repair,-,Let L-410UVP-E,2,Walter M-601E,1991,-,-, S2-ADD, 912618,Air Parabat,Domestic Scheduled Passenger,-,Ishurdi Airport,IRD,VGIS,Bangladesh,Dhaka-Tejgaon Airport,DAC,VGTJ,Bangladesh,5,2,0,0,-,-,Preliminary - official
19980627-1,Saturday,27-JUN-1998,20:24,A1, Maneuvering (MNV),"near Reserve, NM",United States of America,2,2, Damaged beyond repair,-,Lockheed SP-2H Neptune,2,Wright R-3350-32WA Cyclone,-,-,-, N14835, 726-7250,Neptune Aviation Services,Fire fighting,-,Silver City-Grant County Airport,SVC,KSVC,United States of America,Silver City-Grant County Airport,SVC,KSVC,United States of America,2,0,2,0,-,-,Final
19980628-0,Sunday,28-JUN-1998,-,A1, En route (ENR),near Bucharest,Romania,-,0, Substantial, Written off (damaged beyond repair),IRMA/Britten-Norman BN-2B-20 slander,2,Lycoming IO-540-K1B5,1998,1.0,-, G-BVYE, 2292,Britten-Norman,Test,-,Bucharest-Baneasa Airport,BBU,LRBS,Romania,Bucharest-Baneasa Airport,BBU,LRBS,Romania,-,-,0,0,-,-,-
19980702-0,Thursday,02-JUL-1998,11:49,A2, Landing (LDG),"Hamilton Airport, MT",United States of America,9,0, Substantial, Repaired,Dassault Falcon 900,-,-,-,-,3119.0, N900CS, 104,TAG Aviation USA,Private,-,San Francisco International Airport,SFO,KSFO,United States of America,-,-,-,-,3,6,0,0,-,-,Final
19980708-0,Wednesday,08-JUL-1998,-,A1, En route (ENR),near Magan,Russia,10,1, Damaged beyond repair,-,Antonov An-2T,-,-,-,-,-, RA-02823, 1G199-48,Yakutsk ASK ROSTO,Ambulance,-,Yakutsk-Magan Airport,GYG,UEMM,Russia,-,-,-,-,3,7,0,1,-,-,-
19980713-0,Monday,13-JUL-1998,23:15,A1, En route (ENR),"4,5 km (2.8 mls) NW off  Ra'sal-Khaymah",United Arab Emirates,8,8, Destroyed, Written off (damaged beyond repair),Ilyushin Il-76MD,4,Soloviev D-30KP,1986,1978.0,3569.0, UR-76424, 0063470096,ATI Aircompany,Cargo,2570,Ra'sal-Khaymah Airport,RKT,OMRK,United Arab Emirates,Nikolaev Airport,NLV,UKON,Ukraine,8,0,8,0,-,-,Final
19980716-0,Thursday,16-JUL-1998,19:05,A2, Landing (LDG),"Buenos Aires-Jorge Newbery Airport, BA (AEP)",Argentina,-,0, Minor, Repaired,McDonnell Douglas DC-9-41,2,Pratt & Whitney JT8D-17A,1974,-,-, LV-YOA, 47606/727,Dinar Líneas Aéreas,Domestic Scheduled Passenger,4153,Tucumán-Benj Matienzo Airport,TUC,SANT,Argentina,Buenos Aires-Jorge Newbery Airport,AEP,SABE,Argentina,6,-,0,0,-,-,Final
19980716-1,Thursday,16-JUL-1998,21:40,A1, En route (ENR),"11,4 km (7.1 mls) from  Córdoba-Pajas Blancas Airport, CD (COR)",Argentina,3,3, Damaged beyond repair,-,Rockwell Sabreliner 60,2,Pratt & Whitney JT12A-8 Turbo Wasp,1967,-,-, LV-WPO, 306-3,Alas del Sur,Cargo,-,Tucumán-Benj Matienzo Airport,TUC,SANT,Argentina,Córdoba-Pajas Blancas Airport,COR,SACO,Argentina,2,1,2,1,-,-,Final
19980717-0,Friday,17-JUL-1998,04:15,A1, Approach (APR),"4,4 km (2.8 mls) ENE of Asmara International Airport (ASM)",Eritrea,10,10, Destroyed, Written off (damaged beyond repair),Ilyushin Il-78,-,-,1988,-,-, UR-UCI, 0083481440,Ukrainian Cargo Airways,Cargo, 701,Bourgas Airport,BOJ,LBBG,Bulgaria,Asmara International Airport,ASM,HAAY,Eritrea,9,1,9,1,-,-,Preliminary - official
19980718-0,Saturday,18-JUL-1998,16:22,A1, Maneuvering (MNV),"6,4 km (4 mls) N of Florence, KS",United States of America,2,2, Destroyed, Written off (damaged beyond repair),Rockwell Sabreliner 75,2,General Electric CF700-2D2,-,-,5484.0, N547JL, 380-69,Executive Aircraft Corporation,Ferry/positioning,-,Newton City-County Airport,EWK,KEWK,United States of America,Wichita-Mid-Continent Airport,ICT,KICT,United States of America,2,0,2,0,-,-,Final
19980719-0,Sunday,19-JUL-1998,11:05,A1, Landing (LDG),Khartoum-Civil Airport (KRT),Sudan,100,0, Damaged beyond repair,-,Boeing 737-2J8C,2,Pratt & Whitney JT8D-7,1975,-,-, ST-AFL, 21170/430,Sudan Airways,Domestic Scheduled Passenger,-,Khartoum-Civil Airport,KRT,HSSS,Sudan,Dongola Airport,DOG,HSDN,Sudan,9,91,0,0,-,-,-
19980723-0,Thursday,23-JUL-1998,-,A1, En route (ENR),Pico de Orizaba,Mexico,4,4, Destroyed, Written off (damaged beyond repair),Shorts SC.7 Skyvan 3-100,2,Garrett TPE331-2-201A,1976,-,-, XC-UTQ, SH.1946,Mexican AF,Military,-,Mexico City International Airport,MEX,MMMX,Mexico,Tuxtla Gutiérrez Airport,TGZ,MMTG,Mexico,2,2,2,2,-,-,-
19980723-1,Thursday,23-JUL-1998,06:25,A1, Takeoff (TOF),Pushkin,Russia,10,0, Damaged beyond repair,-,Antonov An-12,4,Ivchenko AI-20M,1962,-,-, RA-11886, 2340302,Norilsk Air Enterprise,Cargo,-,-,-,-,-,Ukhta Airport,UCT,UUYH,Russia,8,2,0,0,-,-,Preliminary - official
19980723-2,Thursday,23-JUL-1998,10:30,A2, Takeoff (TOF),"210 km (131.3 mls) S of Pelly Bay, NU",Canada,2,0, Substantial, Repaired,de Havilland Canada DHC-6 Twin Otter 200,2,Pratt & Whitney Canada PT6A-20,1969,-,-, C-GFYN, 209,Adlair,Unknown,-,-,-,-,-,-,-,-,-,2,0,0,0,-,-,Preliminary - official
19980724-0,Friday,24-JUL-1998,22:15,A1, Takeoff (TOF),"Rawlins Airport, WY (RWL)",United States of America,2,0, Destroyed, Written off (damaged beyond repair),Cessna 500 Citation I,2,Pratt & Whitney Canada JT15D-1,-,-,11163.0, C-FSKC, 500-0018,Skyward Aviation,Cargo,-,Rawlins Airport,RWL,KRWL,United States of America,Santa Ana-John Wayne International Airport,SNA,KSNA,United States of America,2,0,0,0,-,-,Final
19980725-0,Saturday,25-JUL-1998,-,H2, En route (ENR),Saravena,Colombia,22,0, Unknown,-,Beechcraft 1900D,2,Pratt & Whitney Canada PT6A-67D,-,-,-, registration unknown,-,Avior,Domestic Scheduled Passenger,-,Caracas-Simón Bolívar International Airport,CCS,SVMI,Venezuela,Barinas Airport,BNS,SVBI,Venezuela,-,-,0,0,-,-,-
19980726-0,Sunday,26-JUL-1998,23:55,A1, Landing (LDG),Keflavík International Airport (KEF),Iceland,2,0, Damaged beyond repair,-,Fairchild FH-227B,-,-,1967,-,-, N564LE, 564,Legion Express,Ferry/positioning,-,Aberdeen-Dyce Airport,ABZ,EGPD,United Kingdom,Keflavík International Airport,KEF,BIKF,Iceland,2,0,0,0,-,-,Preliminary - official
19980727-1,Monday,27-JUL-1998,14:48,A1, Landing (LDG),Southampton,United Kingdom,18,2, Damaged beyond repair,-,Consolidated PBY-5A Catalina,2,Wright R-2600-35,1944,-,-, VP-BPS, 1997 ,Plane Sailing,Domestic Non Scheduled Passenger,-,Southampton-Eastleigh Airport,SOU,EGHI,United Kingdom,-,-,-,-,4,14,0,2,-,-,Final
19980728-0,Tuesday,28-JUL-1998,00:52,A1, Approach (APR),Barcelona Airport (BCN),Spain,2,2, Damaged beyond repair,-,Swearingen SA227-AC Metro III,2,Garrett TPE331-11U-612G,1986,-,14748.0, EC-FXD, AC-651B,Swiftair,Cargo, 704,Palma de Mallorca Airport,PMI,LEPA,Spain,Barcelona-El Prat Airport,BCN,LEBL,Spain,2,0,2,0,-,-,Final
19980729-0,Wednesday,29-JUL-1998,13:30,A1, En route (ENR),"100 km (62.5 mls) W of Manaus, AM",Brazil,27,12, Damaged beyond repair,-,Embraer EMB-110P1 Bandeirante,2,Pratt & Whitney Canada PT6A-34,1982,-,-, PT-LGN, 110343,Selva Taxi Aéreo,Domestic Scheduled Passenger,-,Manaus-Eduardo Gomes International Airport,MAO,SBEG,Brazil,Tefé Airport,TFF,SBTF,Brazil,2,25,-,-,-,-,Final
19980730-0,Thursday,30-JUL-1998,11:05,A1, Initial climb (ICL),Cochin Airport (COK),India,6,6, Damaged beyond repair,-,HAL/Dornier 228-201,-,-,1986,-,-, VT-EJW, 8075/HAL1007,Alliance Air,Domestic Scheduled Passenger, 503,Cochin Airport,COK,VOCC,India,Thiruvananthapuram International Airport,TRV,VOTV,India,3,3,3,3,-,3,Final
19980730-1,Thursday,30-JUL-1998,15:58,A1, Approach (APR),Baie de Quiberon,France,14,14, Damaged beyond repair,-,Beechcraft 1900D,2,Pratt & Whitney Canada PT6A-67D,1996,-,3342.0, F-GSJM, UE-238,Proteus Air,Domestic Scheduled Passenger, 706,Lyon Satolas Airport,LYS,LFLL,France,Lorient-Lann Bihoué Airport,LRT,LFRH,France,2,12,2,12,1,-,Final
19980731-0,Friday,31-JUL-1998,15:26,A2, Landing (LDG),"Anchorage International Airport, AK (ANC)",United States of America,2,0, Substantial, Repaired,Douglas DC-3C,-,-,1943,-,29857.0, N305SF, 6208,Majestic Air Cargo,Ferry/positioning,-,Nondalton Airport,NNL,PANO,United States of America,Anchorage International Airport,ANC,PANC,United States of America,2,0,0,0,-,-,Final
19980802-0,Sunday,02-AUG-1998,-,A1, Approach (APR),near Kunduz Airport (UND),Afghanistan,5,5, Damaged beyond repair,-,Antonov An-32,2,Ivchenko AI-20,-,-,-, registration unknown,-,Taliban Air Force,Military,-,-,-,-,-,Kunduz Airport,UND,OAUZ,Afghanistan,-,-,-,-,-,-,-
19980802-1,Sunday,02-AUG-1998,-,H2, Unknown (UNK),Goma,Democratic Republic of the Congo,-,0, Unknown,-,Boeing 727,-,-,-,-,-, registration unknown,-,Blue Airlines,Unknown,-,Goma Airport,GOM,FZNA,Democratic Republic of the Congo,-,-,-,-,-,-,0,0,-,-,-
19980804-0,Tuesday,04-AUG-1998,-,H2, Unknown (UNK),Kitona,Democratic Republic of the Congo,-,0, Unknown,-,Boeing 707,-,-,-,-,-, registration unknown,-,Congo Air Cargo,Unknown,-,Goma Airport,GOM,FZNA,Democratic Republic of the Congo,-,-,-,-,-,-,0,0,-,-,-
19980804-1,Tuesday,04-AUG-1998,-,H2, Unknown (UNK),Kitona,Democratic Republic of the Congo,-,0, Unknown,-,Boeing 707-300,-,-,-,-,-, registration unknown,-,Air Atlantic Cargo,Unknown,-,Goma Airport,GOM,FZNA,Democratic Republic of the Congo,-,-,-,-,-,-,0,0,-,-,-
19980805-0,Wednesday,05-AUG-1998,22:01,A1, Landing (LDG),Seoul-Kimpo International Airport (SEL),South Korea,395,0, Damaged beyond repair,-,Boeing 747-4B5,4,Pratt & Whitney PW4056,1996,-,-, HL7496, 26400/1083,Korean Air,International Scheduled Passenger,8702,Jeju (Cheju) International Airport,CJU,RKPC,South Korea,Seoul-Gimpo (Kimpo) International Airport,SEL,RKSS,South Korea,16,379,0,0,-,-,Preliminary - official
19980806-0,Thursday,06-AUG-1998,16:00,A1, Landing (LDG),"Kasabonika Airport, ON (XKS)",Canada,4,0, Damaged beyond repair,-,British Aerospace BAe-748-310 Srs. 2A LFD,2,Rolls-Royce Dart 535-2,1977,-,12310.0, C-GTAD, 1750,Wasaya Airways,Cargo, 804,Pickle Lake Airport,YPL,CYPL,Canada,Kasabonika Airport,XKS,CYAQ,Canada,4,0,0,0,-,-,Final
19980809-0,Sunday,09-AUG-1998,-,H2, En route (ENR),Moskva-Domodedovo Airport (DME),Russia,97,0, None,-,Tupolev Tu-154,-,-,-,-,-, registration unknown,-,East Line,Domestic Scheduled Passenger,-,Tyumen Airport,TJM,USTR,Russia,Moskva-Domodedovo Airport,DME,UUDD,Russia,-,-,0,0,-,-,-
19980811-0,Tuesday,11-AUG-1998,-,A1, Landing (LDG),Saurimo Airport (VHC),Angola,13,1, Damaged beyond repair,-,Antonov An-12,-,-,1968,-,-, D2-FAZ, 8345601,Alada,Cargo,-,-,-,-,-,Saurimo Airport,VHC,FNSA,Angola,7,6,1,0,-,-,-
19980814-0,Friday,14-AUG-1998,-,A1, Unknown (UNK),at an unknown location,Unknown country,-,-, Damaged beyond repair,-,Antonov An-2R,-,-,1985,-,-, RA-40681, 1G214-39,Polyarnye Avialinii,Unknown,-,-,-,-,-,-,-,-,-,-,-,-,-,-,-,-
19980814-1,Friday,14-AUG-1998,15:40,A2, Landing (LDG),"Juneau International Airport, AK (JNU)",United States of America,145,0, Substantial, Repaired,Boeing 737-490,2,CFMI CFM56-3C1,1998,-,723.0, N799AS, 29270/3038,Alaska Airlines,Domestic Scheduled Passenger,AS75,Seattle/Tacoma International Airport,SEA,KSEA,United States of America,Juneau International Airport,JNU,PAJN,United States of America,5,140,0,0,-,-,Final
19980819-0,Wednesday,19-AUG-1998,-,A1, Takeoff (TOF),Antofagasta-Cerro Moreno Airport (ANF),Chile,3,0, Damaged beyond repair,-,de Havilland Canada DHC-6 Twin Otter 100,2,Pratt & Whitney Canada PT6A-20,1966,-,-, 935,   7,Chilean AF,Military,-,Antofagasta-Cerro Moreno Airport,ANF,SCFA,Chile,Antofagasta-Cerro Moreno Airport,ANF,SCFA,Chile,3,0,0,0,-,-,-
19980819-1,Wednesday,19-AUG-1998,-,A1, Maneuvering (MNV),near Lunocharski,Russia,2,0, Damaged beyond repair,-,Antonov An-2,-,-,-,-,-, RA-06196, 1G43-15,Aeroklub Togliatti,Parachuting,-,-,-,-,-,-,-,-,-,2,0,0,0,-,-,-
19980819-2,Wednesday,19-AUG-1998,-,A1, Taxi (TXI),Batam-Hang Nadim Airport (BTH),Indonesia,8,0, Damaged beyond repair,-,Antonov An-12BP,-,-,1963,-,-, UR-11528, 3341005,Motor Sich,Cargo,-,Batam-Hang Nadim Airport,BTH,WIDD,Indonesia,-,-,-,-,8,0,0,0,-,-,Preliminary - official
19980819-3,Wednesday,19-AUG-1998,17:15,A2, Initial climb (ICL),"near Denver International Airport, CO (DEN)",United States of America,15,0, Substantial, Repaired,Beechcraft 1900D,-,-,-,-,4142.0, N251GL, UE-251,United Express,Domestic Scheduled Passenger,UE1605,Denver International Airport,DEN,KDEN,United States of America,Rock Springs-Sweetwater County Airport,RKS,KRKS,United States of America,3,12,0,0,-,-,Final
19980821-0,Friday,21-AUG-1998,-,A1, En route (ENR),near Ghorepani,Nepal,18,18, Damaged beyond repair,-,de Havilland Canada DHC-6 Twin Otter 300,2,Pratt & Whitney Canada PT6A-27,1980,-,-, 9N-ACC, 710,Nepalese CAA,Domestic Scheduled Passenger,-,Jomsom Airport,JMO,VNJS,Nepal,Pokhara Airport,PKR,VNPK,Nepal,3,15,3,15,-,-,-
19980824-0,Monday,24-AUG-1998,16:46,A1, Takeoff (TOF),Pretoria-Wonderboom Airport (PRY),South Africa,2,1, Damaged beyond repair,-,Aero Modifications AMI DC-3-65TP,2,Pratt & Whitney Canada PT6A-65AR,1944,-,-, ZS-NKK, 13143,Airworld,Cargo,-,Pretoria-Wonderboom Airport,PRY,FAWB,South Africa,Durban-Louis Botha Airport,DUR,FADN,South Africa,2,0,1,0,-,-,Final
19980824-1,Monday,24-AUG-1998,08:35,A1, Approach (APR),3 km (1.9 mls) from  Tachilek Airport (THL),Myanmar,36,36, Damaged beyond repair,-,Fokker F-27 Friendship 600,2,Rolls-Royce Dart 532-7,1972,-,-, XY-AEN, 10476,Myanma Airways,Domestic Scheduled Passenger, 635,Yangon-Mingaladon Airport,RGN,VYYY,Myanmar,Tachilek Airport,THL,VYTL,Myanmar,4,32,4,32,-,-,Preliminary - official
19980824-2,Monday,24-AUG-1998,15:30,A1, Takeoff (TOF),Leticia-Alfredo Vásquez Cobo Airport (LET),Colombia,6,0, Damaged beyond repair,-,Antonov An-32B,2,Ivchenko AI-20D,1992,-,1210.0, HK-4007X, 3303,SADELCA Colombia,Cargo,-,Leticia-Alfredo Vásquez Cobo Airport,LET,SKLT,Colombia,Girardot-Santiago Vila Airport,GIR,SKGI,Colombia,3,3,0,0,-,-,Final
19980824-3,Monday,24-AUG-1998,-,A1, Landing (LDG),Noril'sk Airport (NSK),Russia,20,0, Substantial, Written off (damaged beyond repair),Antonov An-26,-,-,1976,-,-, RA-26568, 3808,Yenisei Meridian,Passenger,-,Dikson Airport,DKS,UODD,Russia,Noril'sk Airport,NSK,UOOO,Russia,5,15,0,0,-,-,-
19980826-0,Wednesday,26-AUG-1998,-,A1, En route (ENR),80 km (50 mls) from  Luanda,Angola,13,13, Damaged beyond repair,-,Antonov An-12BP,4,Ivchenko AI-20K,1964,-,-, EW-11368, 4342010,Techaviaservice,Cargo,-,Luanda-4 de Fevereiro Airport,LAD,FNLU,Angola,-,-,-,-,5,8,5,8,-,-,-
19980828-1,Friday,28-AUG-1998,06:50,A1, Takeoff (TOF),"El Paso International Airport, TX (ELP)",United States of America,2,0, Substantial, Written off (damaged beyond repair),Dassault Falcon 20C,2,General Electric CF700-2D2,1968,-,16602.0, N126R, 126,Reliant Airlines,Unknown,-,El Paso International Airport,ELP,KELP,United States of America,Memphis International Airport,MEM,KMEM,United States of America,2,0,0,0,-,-,Final
19980829-0,Saturday,29-AUG-1998,13:03,A1, Takeoff (TOF),Quito-Mariscal Sucre Airport (UIO),Ecuador,91,70, Destroyed, Written off (damaged beyond repair),Tupolev Tu-154M,3,Soloviev D-30KU-154-II,1985,-,9256.0, CU-T1264, 85A720,Cubana,International Scheduled Passenger,CU389,Quito-Mariscal Sucre Airport,UIO,SEQU,Ecuador,Guayaquil-Simon Bolivar Airport,GYE,SEGU,Ecuador,14,77,14,56,-,10,Final
19980829-1,Saturday,29-AUG-1998,12:47,A2, Landing (LDG),Brussel-Zaventem Airport (BRU),Belgium,259,0, Substantial, Repaired,Airbus A340-211,4,CFMI CFM56-5C2,1993,3797.0,22046.0, OO-SCW, 014,Sabena,International Scheduled Passenger,SN542,New York-John F. Kennedy International Airport,JFK,KJFK,United States of America,Brussel-Zaventem Airport,BRU,EBBR,Belgium,11,248,0,0,-,-,Final
19980831-0,Monday,31-AUG-1998,22:35,A1, Landing (LDG),"New York-John F. Kennedy International Airport, NY (JFK)",United States of America,5,0, Substantial, Written off (damaged beyond repair),Boeing 727-228F,3,Pratt & Whitney JT8D-7B,1969,-,50861.0, N722DH, 19861/682,DHL Airways,Cargo,1165,New York-John F. Kennedy International Airport,JFK,KJFK,United States of America,Portsmouth-Pease AFB,PSM,KPSM,United States of America,5,0,0,0,-,-,Final
19980902-0,Wednesday,02-SEP-1998,21:31,A1, En route (ENR),"9 km (5.6 mls) SW off  Peggys Cove, NS",Canada,229,229, Destroyed, Written off (damaged beyond repair),McDonnell Douglas MD-11,3,Pratt & Whitney PW4462,1991,6400.0,36041.0, HB-IWF, 48448/465,Swissair,International Scheduled Passenger,SR111,New York-John F. Kennedy International Airport,JFK,KJFK,United States of America,Genève-Cointrin Airport,GVA,LSGG,Switzerland,14,215,14,215,-,-,Final
19980902-1,Wednesday,02-SEP-1998,-,C1, En route (ENR),near Malanje Airport (MEG),Angola,24,24, Damaged beyond repair,-,Antonov An-26B,2,Ivchenko AI-24VT,1980,-,-, RA-26028, 07310408,Permskiye motory,Domestic Non Scheduled Passenger,-,Luanda-4 de Fevereiro Airport,LAD,FNLU,Angola,-,-,-,-,4,20,4,20,-,-,-
19980902-2,Wednesday,02-SEP-1998,18:05,A2, Taxi (TXI),"Philadelphia International Airport, PA (PHL)",United States of America,86,0, Substantial, Repaired,McDonnell Douglas DC-9-31,-,-,1981,-,40700.0, N927VJ, 48154/1046,US Airways,Domestic Scheduled Passenger,US1722,Ottawa International Airport,YOW,CYOW,Canada,Philadelphia International Airport,PHL,KPHL,United States of America,5,81,0,0,-,-,Final
19980905-0,Saturday,05-SEP-1998,-,O1, Standing (STD),Port Harcourt Airport (PHC),Nigeria,0,0, Damaged beyond repair,-,Boeing 707-138B,4,Pratt & Whitney JT3D-1 (HK),1959,-,-, N138SR, 17697/39,Jaffe Group,-,-,-,-,-,-,-,-,-,-,0,0,0,0,-,-,-
19980905-1,Saturday,05-SEP-1998,-,A2, Landing (LDG),Malabo Airport (SSG),Equatorial Guinea,16,0, Substantial,-,Yakovlev Yak-40K,3,Ivchenko AI-25,1978,-,-, RA-87956, 9821757,Kotlas Avia Enterprise,International Scheduled Passenger,-,Douala Airport,DLA,FKKD,Cameroon,Malabo-Santa Isabel Airport,SSG,FGSL,Equatorial Guinea,4,12,0,0,-,-,Final
19980906-0,Sunday,06-SEP-1998,-,A1, Standing (STD),"George West-Live Oak County Airport, TX",United States of America,0,0, Destroyed, Written off (damaged beyond repair),Beechcraft B200 Super King Air,-,-,1989,-,-, N769WT, BB-1319,West Ward Cattle,-,-,-,-,-,-,-,-,-,-,0,0,0,0,-,-,- (No safety board investigation)
19980910-0,Thursday,10-SEP-1998,-,O1, Standing (STD),Islamabad-Chaklala Air Base,Pakistan,0,0, Damaged beyond repair,-,Lockheed C-130B Hercules,4,Allison T56-A-7,1962,-,-, 23491, 3701,Pakistan AF,Military,-,-,-,-,-,-,-,-,-,0,0,0,0,-,-,-
19980910-1,Thursday,10-SEP-1998,-,A1, Taxi (TXI),Islamabad-Chaklala Air Base (ISB),Pakistan,5,5, Damaged beyond repair,-,Lockheed C-130B Hercules,4,Allison T56-A-7,1963,-,-, 24143, 3781,Pakistan AF,Military,-,-,-,-,-,-,-,-,-,5,0,5,0,-,-,-
19980910-2,Thursday,10-SEP-1998,23:07,A2, Landing (LDG),Shanghai-Hongqiao Airport (SHA),China,137,0, Substantial, Repaired,McDonnell Douglas MD-11,3,Pratt & Whitney PW4460,1992,1571.0,4810.0, B-2173, 48497/512,China Eastern,Domestic Scheduled Passenger,MU586,Shanghai-Hongqiao Airport,SHA,ZSSS,China,Beijing-Capital Airport,PEK,ZBAA,China,17,120,0,0,-,-,-
19980911-1,Friday,11-SEP-1998,06:24,A2, Landing (LDG),"Houston-Ellington Field, TX (EFD)",United States of America,2,0, Substantial, Repaired,Boeing 767-34AF,2,General Electric CF6-80C2B7F,1997,1170.0,2810.0, N316UP, 27744/660,UPS,Cargo, 774,Louisville-Standiford Field,SDF,KSDF,United States of America,Houston-Ellington Field,EFD,KEFD,United States of America,2,0,0,0,-,-,Final
19980911-2,Friday,11-SEP-1998,23:15,A2, Landing (LDG),"Saint Mary's Airport, AK (KSM)",United States of America,1,0, Substantial, Repaired,Beechcraft 1900C,-,-,-,-,22935.0, N1563C, UC-20,Alaska Central Express,Cargo,91,Anchorage-Ted Stevens International Airport,ANC,PANC,United States of America,Saint Mary's Airport,KSM,PASM,United States of America,1,0,0,0,-,-,Final
19980914-0,Monday,14-SEP-1998,-,A1, Initial climb (ICL),Lokichoggio Airport (LKG),Kenya,5,0, Damaged beyond repair,-,Antonov An-32B,2,Ivchenko AI-20D,1989,-,-, 4K-66759, 2107,Avia Trend,Cargo,-,Lokichoggio Airport,LKG,HKLK,Kenya,Kigali-Gregoire Kayibanda Airport,KGL,HRYR,Rwanda,5,0,0,0,-,-,-
19980914-1,Monday,14-SEP-1998,-,H2, Unknown (UNK),Trabzon Airport (TZX),Turkey,84,0, None,-,Airbus A310-203,-,-,1985,-,-, TC-JCL, 338,THY,Domestic Scheduled Passenger, 145,Ankara-Esenboga Airport,ESB,LTAC,Turkey,Istanbul-Atatürk International Airport,IST,LTBA,Turkey,8,76,0,0,-,-,-
19980916-0,Wednesday,16-SEP-1998,22:53,A1, Landing (LDG),Guadalajara-Miguel Hidal Airport (GDL),Mexico,108,0, Damaged beyond repair,-,Boeing 737-524,2,CFMI CFM56-3C1,1997,-,-, N20643, 28904/2933,Continental Air Lines,International Scheduled Passenger,CO475,Houston-George Bush Intercontinental Airport,IAH,KIAH,United States of America,Guadalajara-Don Miguel Hidalgo y Costilla International Airport,GDL,MMGL,Mexico,6,102,0,0,-,-,Preliminary - official
19980916-1,Wednesday,16-SEP-1998,14:50,A1, Landing (LDG),within Chiapas state,Mexico,-,0, Damaged beyond repair,-,IAI Arava 201,-,-,-,-,-, registration unknown,-,Mexican AF,Military,-,-,-,-,-,-,-,-,-,-,-,0,0,-,-,-
19980918-0,Friday,18-SEP-1998,14:28,A1, En route (ENR),"1,5 km (0.9 mls) S off  Mona Island",Puerto Rico,2,1, Destroyed, Written off (damaged beyond repair),GAF Nomad N.22S Searchmaster L,2,Allison 250-B17E,1983,-,2983.0, N6305U, 160,U.S. Customs,Ferry/positioning,-,Aguadilla-Borinquen Airport,BQN,TJBQ,Puerto Rico,Curaçao-Hato International Airport,CUR,TNCC,Curaçao,2,0,1,0,-,-,Final
19980918-1,Friday,18-SEP-1998,-,A1, En route (ENR),"Equador, Loreto department",Peru,5,0, Damaged beyond repair,-,Cessna C-98 Caravan I (208A),1,Pratt & Whitney Canada PT6A-114,-,-,-, 2705, 20800168,Brazilian AF,Military,-,-,-,-,-,-,-,-,-,-,-,0,0,-,-,Preliminary
19980918-2,Friday,18-SEP-1998,14:28,A2, En route (ENR),260 km (162.5 mls) SW of Puerto Rico,Puerto Rico,2,0, Minor, Repaired,GAF Nomad N.22S Searchmaster L,2,Allison 250-B17E,1983,-,3083.0, N6302W, 159,U.S. Customs,Ferry/positioning,-,Aguadilla-Borinquen Airport,BQN,TJBQ,Puerto Rico,Curaçao-Hato International Airport,CUR,TNCC,Curaçao,2,0,0,0,-,-,Final
19980922-0,Tuesday,22-SEP-1998,-,O1, Standing (STD),Santo Domingo,Dominican Republic,0,0, Damaged beyond repair,-,Lockheed C-121C Super Constellation,4,Wright R-3350,1956,-,-, HI-548CT, 4202,Aerochago Airlines,-,-,-,-,-,-,-,-,-,-,0,0,0,0,-,-,-
19980922-1,Tuesday,22-SEP-1998,-,O1, Standing (STD),Santo Domingo,Dominican Republic,0,0, Damaged beyond repair,-,Curtiss C-46D-15-CU Commando,2,Pratt & Whitney R-2800,1945,-,-, HI-503CT, 33376,AMSA,-,-,-,-,-,-,-,-,-,-,0,0,0,0,-,-,-
19980924-0,Thursday,24-SEP-1998,13:19,A1, Approach (APR),"3,5 km (2.2 mls) E of San Juan-Luis Muñoz Marín International Airport (SJU)",Puerto Rico,3,0, Substantial, Written off (damaged beyond repair),Convair CV-240-13,2,Pratt & Whitney R-2800,1949,-,33835.0, N91237, 140,Trans Florida Airlines,Cargo, 237,San Juan-Luis Muñoz Marín International Airport,SJU,TJSJ,Puerto Rico,Santiago de los Caballeros-Cibao International Airport,STI,MDST,Dominican Republic,2,1,0,0,-,-,Final
19980925-0,Friday,25-SEP-1998,07:50,A1, Approach (APR),"15,3 km (9.6 mls) N of Melilla Airport (MLN)",Morocco,38,38, Destroyed, Written off (damaged beyond repair),British Aerospace BAe-146-100,4,Lycoming ALF502R-3A,1983,-,-, EC-GEO, E1007,Paukn Air,Domestic Scheduled Passenger,4101,Málaga Airport,AGP,LEMG,Spain,Melilla Airport,MLN,GEML,Spain,4,34,4,34,-,-,Final
19980925-1,Friday,25-SEP-1998,-,A1, En route (ENR),Rwenzori mountains,Uganda,11,4, Damaged beyond repair,-,Britten-Norman BN-2A-3 Islander,-,-,1971,-,-, 5Y-ANV, 284,TanaMana Aviation,Domestic Non Scheduled Passenger,-,Entebbe Airport,EBB,HUEN,Uganda,Kasese Airport,KSE,HUKS,Uganda,1,10,1,3,-,-,-
19980926-0,Saturday,26-SEP-1998,-,U1, Standing (STD),Surabaya-Juanda Airport (SUB),Indonesia,-,0, Damaged beyond repair,-,Beechcraft 200 Super King Air,-,-,1976,-,-, PK-TRA, BB-113,Indonesia Air Transport - IAT,Unknown,-,-,-,-,-,-,-,-,-,-,-,0,0,-,-,Preliminary - official
19980926-1,Saturday,26-SEP-1998,09:45,A2, Landing (LDG),"Sedona Airport, AZ (SDX)",United States of America,6,0, Substantial, Repaired,Grumman HU-16C Albatross,-,-,1953,-,4119.0, N7025J, G-293,private,Private,-,Flagstaff-Pulliam Field,FLG,KFLG,United States of America,Sedona Airport,SDX,KSEZ,United States of America,3,3,0,0,-,-,Final
19980926-2,Saturday,26-SEP-1998,07:03,A2, Landing (LDG),Fairoaks Airport,United Kingdom,3,0, Substantial, Repaired,Cessna 560 Citation Ultra,2,Pratt & Whitney Canada JT15D-5A,1997,-,-, VP-CKM, 560-0413,Gamston Aviation,Executive,-,Sheffield City Airport,SZD,EGSY,United Kingdom,-,-,-,-,2,1,0,0,-,-,Final
19980928-0,Monday,28-SEP-1998,13:30,A1, Landing (LDG),Praia-Francisco Mendes Airport (RAI),Cape Verde,22,1, Damaged beyond repair,-,de Havilland Canada DHC-6 Twin Otter 300,2,Pratt & Whitney Canada PT6A-27,1977,-,-, D4-CAX, 550,TACV,Domestic Non Scheduled Passenger,-,São Nicolau-Preguica Airport,SNE,GVSN,Cape Verde,Praia-Francisco Mendes Airport,RAI,GVFM,Cape Verde,3,19,0,1,-,-,-
19980928-1,Monday,28-SEP-1998,10:47,A2, Landing (LDG),"Pueblo Memorial Airport, CO (PUB)",United States of America,4,0, Substantial, Repaired,Cessna 551 Citation II/SP,-,-,-,-,4738.0, N59GB, 551-0060,Ram Air Sales and Leasing,Private,-,Traverse City Airport,TVC,KTVC,United States of America,Pueblo Memorial Airport,PUB,KPUB,United States of America,1,3,0,0,-,-,Final
19980929-0,Tuesday,29-SEP-1998,13:54,C1, En route (ENR),off Mannar,Sri Lanka,55,55, Damaged beyond repair,-,Antonov An-24RV,2,Ivchenko AI-24VT,1972,-,42442.0, EW-46465, 27307901,Gomelavia,Domestic Scheduled Passenger, 602,Jaffna-Palaly Air Base,JAF,VCCJ,Sri Lanka,Colombo-Ratmalana Airport,RML,VCCC,Sri Lanka,7,48,7,48,-,-,Preliminary - official
19981002-0,Friday,02-OCT-1998,09:45,A1, Approach (APR),1 km (0.6 mls) from  Canaima Airport (CAJ),Venezuela,27,1, Damaged beyond repair,-,Douglas DC-3C,2,Pratt & Whitney R-1830,1938,-,-, YV-611C, 1977,Servivensa,Domestic Non Scheduled Passenger,-,Canaima Airport,CAJ,SVCN,Venezuela,Canaima Airport,CAJ,SVCN,Venezuela,3,24,1,0,-,-,-
19981005-0,Monday,05-OCT-1998,09:55,A1, Initial climb (ICL),Maputo International Airport (MPM),Mozambique,66,0, Damaged beyond repair,-,Boeing 747SP-44,4,Pratt & Whitney JT9D-7FW,1977,-,-, ZS-SPF, 21263/301,South African Airways,International Scheduled Passenger,-,Maputo International Airport,MPM,FQMA,Mozambique,Lisboa-Portela de Sacavém Airport,LIS,LPPT,Portugal,16,50,0,0,-,-,Preliminary - official
19981007-0,Wednesday,07-OCT-1998,07:09,A1, Takeoff (TOF),"Miami International Airport, FL (MIA)",United States of America,81,0, Substantial, Written off (damaged beyond repair),Boeing 727-224,3,Pratt & Whitney JT8D-9A,1974,-,3503.0, N66734, 20663/1073,Continental Air Lines,Domestic Scheduled Passenger,1521,Miami International Airport,MIA,KMIA,United States of America,Houston-George Bush Intercontinental Airport,IAH,KIAH,United States of America,6,75,0,0,-,-,Final
19981010-0,Saturday,10-OCT-1998,-,C1, En route (ENR),near Kindu Airport (KND),Democratic Republic of the Congo,41,41, Damaged beyond repair,-,Boeing 727-30,3,Pratt & Whitney JT8D-7,1965,-,-, 9Q-CSG, 18369/125,Lignes Aeriennes Congolaises,Domestic Non Scheduled Passenger,-,Kindu Airport,KND,FZOA,Democratic Republic of the Congo,-,-,-,-,3,38,3,38,-,-,-
19981014-0,Wednesday,14-OCT-1998,-,O1, Standing (STD),Caracas-Simon Bolivar Airport (CCS),Venezuela,0,0, Damaged beyond repair,-,Shorts SC.7 Skyvan 3-100,2,Garrett TPE331-2-201A,1976,-,-, YV-O-MTC-8, SH.1947,Venezuela Ministry of Transport,-,-,-,-,-,-,-,-,-,-,0,0,0,0,-,-,-
19981014-1,Wednesday,14-OCT-1998,-,O1, Standing (STD),Caracas-Simon Bolivar Airport (CCS),Venezuela,0,0, Damaged beyond repair,-,Shorts SC.7 Skyvan 3-100,2,Garrett TPE331-2-201A,1976,-,-, YV-O-MTC-3, SH.1948,Venezuela Ministry of Transport,Unknown,-,-,-,-,-,-,-,-,-,0,0,0,0,-,-,-
19981017-0,Saturday,17-OCT-1998,02:30,A1, Approach (APR),"Missoula-Johnson-Bell Field, MT (MSO)",United States of America,2,0, Substantial, Written off (damaged beyond repair),Beechcraft 99 Airliner,2,Pratt & Whitney Canada PT6A-28,1969,-,39685.0, N299GL, U-102,Alpine Aviation,Cargo,5010,Billings-Logan International Airport,BIL,KBIL,United States of America,Missoula-Johnson-Bell Field,MSO,KMSO,United States of America,2,0,0,0,-,-,Final
19981017-1,Saturday,17-OCT-1998,16:02,A1, Initial climb (ICL),Zell am Zee,Austria,21,0, Damaged beyond repair,-,Shorts SC.7 Skyvan 3M-400,2,Garrett TPE331-2S-201A,1978,5409.0,6007.0, OE-FDF, SH.1958,Pink Aviation Services,Parachuting,-,-,-,-,-,-,-,-,-,2,19,0,0,-,-,Final
19981019-1,Monday,19-OCT-1998,-,A1, Unknown (UNK),SE of Indian Church,Belize,-,-, Damaged beyond repair,-,Pilatus Britten-Norman BN-2B-21 Islander,-,-,1983,-,-, BDF-01, 2137,Belize AF,Military,-,-,-,-,-,-,-,-,-,-,-,-,-,-,-,-
19981020-0,Tuesday,20-OCT-1998,12:26,A2, En route (ENR),"near Rio Rancho, NM",United States of America,2,0, Substantial, Repaired,Beechcraft B200 King Air,2,Pratt & Whitney Canada PT6A-42,1997,-,591.0, N50PM, BB-1570,Mallen Industries,Private,-,Las Vegas-McCarran International Airport,LAS,KLAS,United States of America,Atlanta-Fulton County Airport,FTY,KFTY,United States of America,1,1,0,0,-,-,Final
19981021-0,Wednesday,21-OCT-1998,08:51,A1, Approach (APR),"ca 2 km from Fortaleza-Pinto Martins Airport, CE (FOR)",Brazil,3,3, Damaged beyond repair,-,Embraer EMB-120RT Brasilia,2,Pratt & Whitney Canada PW118,1988,-,-, PT-WKH, 120076,Capital Táxi Aéreo,Cargo,-,Teresina-Senador Petrônio Portela Airport,THE,SBTE,Brazil,Fortaleza-Pinto Martins Airport,FOR,SBFZ,Brazil,2,1,2,1,-,1,Final
19981021-1,Wednesday,21-OCT-1998,13:15,A1, Takeoff (TOF),Yerevan Airport (EVN),Armenia,37,0, Damaged beyond repair,-,Yakovlev Yak-40,3,Ivchenko AI-25,1977,-,-, EK-88272, 9721053,Ararat Avia,International Scheduled Passenger,-,Yerevan Airport,EVN,UDYZ,Armenia,Krasnodar Airport,KRR,URKK,Russia,4,33,0,0,-,4,-
19981024-0,Saturday,24-OCT-1998,-,A1, En route (ENR),near Lubutu,Democratic Republic of the Congo,3,3, Damaged beyond repair,-,Antonov An-12A,-,-,1961,-,-, TL-ACJ, 1340107,Centrafrican Airlines,Cargo,-,Goma Airport,GOM,FZNA,Democratic Republic of the Congo,Kigali-Gregoire Kayibanda Airport,KGL,HRYR,Rwanda,3,0,3,0,-,-,Preliminary
19981025-0,Sunday,25-OCT-1998,13:21,A1, Standing (STD),San Juan,Puerto Rico,27,0, Substantial, Written off (damaged beyond repair),ATR 42-312,2,Pratt & Whitney Canada PW120,1987,-,22818.0, N143DD, 056,American Eagle Airlines,Domestic Scheduled Passenger,5404,San Juan-Luis Muñoz Marín International Airport,SJU,TJSJ,Puerto Rico,Ponce-Mercedita Airport,PSE,TJPS,Puerto Rico,3,24,0,0,-,-,Final
19981027-1,Tuesday,27-OCT-1998,14:56,A1, Landing (LDG),"Wallops Island, VA",United States of America,3,0, Destroyed, Written off (damaged beyond repair),Learjet 45,-,-,1996,-,339.0, N454LJ, 45-004,Lear Jet,Test,-,Chincoteague-Wallops Flight Center,WAL,KWAL,United States of America,Chincoteague-Wallops Flight Center,WAL,KWAL,United States of America,3,0,0,0,-,-,Final
19981028-0,Wednesday,28-OCT-1998,-,H2, En route (ENR),Taipei-Chiang Kai Shek International Airport (TPE),Taiwan,103,0, None,-,Boeing 737,-,-,-,-,-, registration unknown,-,Air China,Domestic Scheduled Passenger, 905,Beijing-Capital Airport,PEK,ZBAA,China,Kunming-Wujiaba Airfield,KMG,ZPPP,China,9,94,0,0,-,-,-
19981029-0,Thursday,29-OCT-1998,-,H2, En route (ENR),Diyarbakir Airport (DIY),Turkey,40,1, None,-,Boeing 737-4Y0,2,CFMI CFM56-3C1,1991,-,-, TC-JDF, 24917/2071,THY,Domestic Scheduled Passenger,TK487,Adana Airport,ADA,LTAF,Turkey,Ankara-Esenboga Airport,ESB,LTAC,Turkey,6,34,0,1,-,-,-
19981101-0,Sunday,01-NOV-1998,14:30,A1, Approach (APR),near Quetzaltenango,Guatemala,18,11, Damaged beyond repair,-,Douglas C-47A-90-DL (DC-3C),-,-,1944,-,-, N3FY, 20562,Living Water Teaching Ministries,Domestic Non Scheduled Passenger,-,-,-,-,-,-,-,-,-,2,16,2,9,-,-,-
19981101-1,Sunday,01-NOV-1998,18:48,A1, Landing (LDG),"Atlanta-William B. Hartsfield International Airport, GA (ATL)",United States of America,105,0, Substantial, Written off (damaged beyond repair),Boeing 737-2P6,2,Pratt & Whitney JT8D-17,1977,49360.0,45856.0, EI-CJW, 21355/493,AirTran Airways,Domestic Scheduled Passenger, 867,Atlanta-William B. Hartsfield International Airport,ATL,KATL,United States of America,Dallas-Love Field,DAL,KDAL,United States of America,5,100,0,0,-,-,Final
19981106-0,Friday,06-NOV-1998,-,A1, En route (ENR),near Nairobi,Kenya,3,3, Damaged beyond repair,-,Beechcraft 200 Super King Air,-,-,1975,-,-, 5Y-JKB, BB-72,AD Aviation Aircharters,Int'l Non Scheduled Passenger,-,Nairobi-Wilson Airport,WIL,HKNW,Kenya,-,-,-,-,1,2,1,2,-,-,-
19981106-1,Friday,06-NOV-1998,-,A1, Unknown (UNK),E of Sommerhausen,Germany,2,2, Damaged beyond repair,-,Beechcraft RC-12K Huron (A200CT Super King Air),-,-,1987,-,-, 85-0151, FE-5,US Army,Military,-,-,-,-,-,-,-,-,-,2,0,2,0,-,-,-
19981111-0,Wednesday,11-NOV-1998,11:22,A1, En route (ENR),"5,4 km (3.4 mls) W of Krasnoyarsk Airport (KJA)",Russia,13,13, Destroyed, Written off (damaged beyond repair),Antonov An-12B,4,Ivchenko AI-20M,1968,-,-, RA-12955, 8345506,Viluy,Cargo,-,Krasnoyarsk-Yemelyanovo International Airport,KJA,UNKL,Russia,Mirny Airport,MJZ,UERR,Russia,7,6,7,6,-,-,-
19981111-1,Wednesday,11-NOV-1998,01:33,O1, Standing (STD),"Anchorage International Airport, AK (ANC)",United States of America,12,0, Destroyed, Written off (damaged beyond repair),Ilyushin Il-62M,4,Soloviev D-30KU,1979,-,-, RA-86564, 4934734,Aeroflot,Domestic Scheduled Passenger,-,Anchorage International Airport,ANC,PANC,United States of America,San Francisco International Airport,SFO,KSFO,United States of America,12,0,0,0,-,-,Final
19981111-2,Wednesday,11-NOV-1998,11:20,A2, Landing (LDG),"Portland International Airport, OR (PDX)",United States of America,124,0, Substantial, Repaired,McDonnell Douglas MD-11,-,-,-,-,24332.0, N801DE, 48565/480,Delta Air Lines,Domestic Scheduled Passenger,-,Cincinnati/Northern Kentucky Airport,CVG,KCVG,United States of America,Portland International Airport,PDX,KPDX,United States of America,11,113,0,0,-,-,Final
19981114-0,Saturday,14-NOV-1998,05:44,A1, Landing (LDG),Oostende Airport (OST),Belgium,5,0, Damaged beyond repair,-,Boeing 707-355C,4,Pratt & Whitney JT3D-3B (HK),1968,15984.0,67790.0, 5N-VRG, 19664/643,IAT Cargo,Cargo, 302,Oostende Airport,OST,EBOS,Belgium,Lagos-Murtala Muhammed International Airport,LOS,DNMM,Nigeria,5,0,0,0,-,-,Preliminary - official
19981120-1,Friday,20-NOV-1998,-,A1, Takeoff (TOF),Mexico City-Juarez International Airport (MEX),Mexico,7,0, Damaged beyond repair,-,Learjet 24D,-,-,1975,-,-, MTX-02, 24-313,Mexican Navy,Military,-,Mexico City-Benito Juárez International Airport,MEX,MMMX,Mexico,Veracruz-Las Bajadas Airport,VER,MMVR,Mexico,2,5,0,0,-,-,-
19981123-0,Monday,23-NOV-1998,00:30,A1, Approach (APR),"9 km (5.6 mls) N of Victoria International Airport, BC (YYJ)",Canada,2,2, Damaged beyond repair,-,Cessna 208B Super Cargomaster,1,Pratt & Whitney Canada PT6A-114,1987,-,6717.0, N9352B, 208B0061,Regency Express Air,Cargo, 434,Vancouver International Airport,YVR,CYVR,Canada,Victoria International Airport,YYJ,CYYJ,Canada,2,0,2,0,-,-,Final
19981123-1,Monday,23-NOV-1998,14:45,A1, Landing (LDG),"Río Gallegos Internacional Airport, SC (RGL)",Argentina,7,0, Substantial, Written off (damaged beyond repair),Swearingen SA226-TC Metro II,-,-,1978,-,-, LV-WDV, TC-271,Kaikén Líneas Aéreas,Domestic Scheduled Passenger,-,Lago Argentino Airport,ING,SAWA,Argentina,Río Gallegos Internacional Airport,RGL,SAWG,Argentina,2,5,0,0,-,-,Final
19981123-2,Monday,23-NOV-1998,-,C1, Standing (STD),Kalemie Airport (FMI),Democratic Republic of the Congo,0,0, Damaged beyond repair,-,Ilyushin Il-18Gr,-,-,1968,-,-, 3D-SBZ, 188010903,Air Cess,-,-,-,-,-,-,-,-,-,-,0,0,0,0,-,-,-
19981125-0,Wednesday,25-NOV-1998,10:25,A1, Approach (APR),Warri,Nigeria,2,0, Destroyed, Written off (damaged beyond repair),Cessna 208 Caravan I,1,Pratt & Whitney Canada PT6A-114,1991,-,4613.0, 5N-PAN, 20800200,Pan African Airlines,Survey/research,-,-,-,-,-,-,-,-,-,1,1,0,0,-,-,Final
19981127-0,Friday,27-NOV-1998,14:05,A1, Landing (LDG),"Austin-Robert Mueller Municipal, TX (AUS)",United States of America,3,0, Damaged beyond repair,-,Lockheed L-1329-25 JetStar II,-,-,-,-,5938.0, N787WB, 5210,Banair,Executive,-,Houston-William P. Hobby Airport,HOU,KHOU,United States of America,Austin-Robert Mueller Municipal,AUS,KAUS,United States of America,2,1,0,0,-,-,Final
19981128-0,Saturday,28-NOV-1998,09:47,A1, Maneuvering (MNV),Ashburton,United Kingdom,2,2, Damaged beyond repair,-,de Havilland Canada DHC-7-102,4,Pratt & Whitney Canada PT6A-50,1982,-,-, VP-CDY, 84,DNK Leasing,Test,-,Guernsey Airport,GCI,EGJB,United Kingdom,Guernsey Airport,GCI,EGJB,United Kingdom,2,0,2,0,-,-,Final
19981202-0,Wednesday,02-DEC-1998,12:16,A1, En route (ENR),"30 km (18.8 mls) S of Mena Intermountain Municipal Airport, AR)",United States of America,1,1, Destroyed, Written off (damaged beyond repair),Cessna 501 Citation I/SP,2,Pratt & Whitney Canada JT15D-1A,1978,5436.0,5874.0, N501EZ, 501-0058,Yates Aviation ,Ferry/positioning,-,-,-,-,-,Texarkana Municipal Airport,TXK,KTXK,United States of America,1,0,1,0,-,-,Final
19981203-0,Thursday,03-DEC-1998,15:36,A1, Takeoff (TOF),"Iqaluit Airport, NU (YFB)",Canada,7,0, Damaged beyond repair,-,British Aerospace BAe-748-335 Srs. 2A SCD,2,Rolls-Royce Dart 534-2,1978,-,-, C-FBNW, 1759,Bradley Air Services,Domestic Scheduled Passenger, 802,Iqaluit Airport,YFB,CYFB,Canada,Igloolik Airport,YGT,CYGT,Canada,4,3,0,0,-,-,Final
19981205-0,Saturday,05-DEC-1998,12:10,A1, Landing (LDG),Istanbul-Atatürk International Airport (IST),Turkey,2,2, Damaged beyond repair,-,Beechcraft 300 Super King Air 350,-,-,1991,-,-, TC-DHA, FL-37,Dogus Air,Unknown,-,Istanbul-Atatürk International Airport,IST,LTBA,Turkey,Antalya Airport,AYT,LTAI,Turkey,2,0,2,0,-,-,-
19981207-0,Monday,07-DEC-1998,11:11,A1, Initial climb (ICL),"Baie Comeau Airport, QC (YBC)",Canada,10,7, Damaged beyond repair,-,Pilatus Britten-Norman BN-2A-26 Islander,2,Lycoming O-540-E4C5,1986,-,9778.0, C-FCVK, 2028,Air Satellite,Domestic Scheduled Passenger, 501,Baie Comeau Airport,YBC,CYBC,Canada,Rimouski Airport,YXK,CYXK,Canada,2,8,1,6,-,-,Final
19981211-0,Friday,11-DEC-1998,19:08,A1, Approach (APR),"0,7 km (0.4 mls) S of Surat Thani Airport (URT)",Thailand,146,101, Destroyed, Written off (damaged beyond repair),Airbus A310-204,2,General Electric CF6-80C2A2,1986,22031.0,23028.0, HS-TIA, 415,Thai Airways International,Domestic Scheduled Passenger,TG261,Bangkok-Don Muang International Airport,BKK,VTBD,Thailand,Surat Thani Airport,URT,VTSB,Thailand,14,132,11,90,-,-,Final
19981214-0,Monday,14-DEC-1998,-,C1, En route (ENR),near Kuito,Angola,10,10, Damaged beyond repair,-,Antonov An-12BP,4,Ivchenko AI-20M,1964,-,-, UR-11319, 4342510,Khors Air,Cargo,-,Kuito Airport,SVP,FNKU,Angola,-,-,-,-,5,5,5,5,-,-,-
19981217-0,Thursday,17-DEC-1998,-,A1, Initial climb (ICL),Saurimo Airport (VHC),Angola,10,1, Damaged beyond repair,-,Antonov An-12BP,-,-,1973,-,-, S9-CAT, 6344503,Zanex,Cargo,-,Luanda-4 de Fevereiro Airport,LAD,FNLU,Angola,Saurimo Airport,VHC,FNSA,Angola,-,-,1,0,-,-,-
19981217-1,Thursday,17-DEC-1998,-,A1, Approach (APR),near Libreville Airport (LBV),Gabon,2,2, Damaged beyond repair,-,Beechcraft 200 Super King Air,-,-,1977,-,-, F-GHLD, BB-233,Nouvelle Air Affaires Gabon,Unknown,-,Libreville Airport,LBV,FOOL,Gabon,-,-,-,-,2,0,2,0,-,-,-
19981218-0,Friday,18-DEC-1998,15:10,A2, Takeoff (TOF),"Nixon Fork Mine Airstrip, AK",United States of America,20,0, Substantial, Repaired,CASA C-212 Aviocar 200,-,-,1985,-,8385.0, N502FS, 294,FS Air Service,Domestic Non Scheduled Passenger,-,-,-,-,-,Anchorage-Ted Stevens International Airport,ANC,PANC,United States of America,2,18,0,0,-,-,Final
19981222-0,Tuesday,22-DEC-1998,00:14,A1, Approach (APR),"1,2 km (0.8 mls) S of Rionegro/Medellín-José María Córdova Airport (MDE)",Colombia,5,5, Destroyed, Written off (damaged beyond repair),Antonov An-32B,2,Ivchenko AI-20D,1993,-,3106.0, HK-3930X, 3309,SELVA Colombia,Cargo,-,Bogotá-Eldorado Airport,BOG,SKBO,Colombia,Rionegro/Medellín-José María Córdova Airport,MDE,SKRG,Colombia,3,2,3,2,-,-,Final
19981226-0,Saturday,26-DEC-1998,12:00,C1, En route (ENR),Vila Nova,Angola,14,14, Damaged beyond repair,-,Lockheed L-100-30 Hercules,4,Allison 501-D22A,1974,-,-, S9-CAO, 4561,UN,Cargo, 806,Huambo Airport,NOV,FNHU,Angola,Saurimo Airport,VHC,FNSA,Angola,4,10,4,10,-,-,-
19981227-0,Sunday,27-DEC-1998,-,A1, Unknown (UNK),near Cafunfo,Angola,4,4, Damaged beyond repair,-,Antonov An-12,-,-,1963,-,-, TN-AFJ, 401908,ACA-Ancargo Air,Cargo,-,Luanda-4 de Fevereiro Airport,LAD,FNLU,Angola,Lukapa Airport,LBZ,FNLK,Angola,4,0,4,0,-,-,-
19981228-0,Monday,28-DEC-1998,08:47,A1, Landing (LDG),"Curitiba-Afonso Pena Airport, PR (CWB)",Brazil,40,0, Damaged beyond repair,-,Embraer EMB-145ER (ERJ-145ER),2,Allison AE3007A,1997,-,-, PT-SPE, 145032,Rio Sul,Domestic Scheduled Passenger, 310,São Paulo/Campinas-Viracopos International Airport,VCP,SBKP,Brazil,Curitiba-Afonso Pena International Airport,CWB,SBCT,Brazil,4,36,0,0,-,-,Final
19989999-0,-,xx-xxx-1998,-,A1, Landing (LDG),Moskva-Sheremetyevo Airport (SVO),Russia,-,0, Damaged beyond repair,-,Ilyushin Il-86,4,Kuznetsov NK-86,1986,-,-, RA-86080, 51483206051,Aeroflot,Unknown,-,-,-,-,-,Moskva-Sheremetyevo Airport,SVO,UUEE,Russia,-,-,0,0,-,-,Preliminary
19989999-1,-,xx-xxx-1998,-,A1, Unknown (UNK),at an unknown location,Mexico,-,-, Damaged beyond repair,-,IAI Arava 201,-,-,-,-,-, registration unknown,-,Mexican AF,Military,-,-,-,-,-,-,-,-,-,-,-,-,-,-,-,-
19989999-2,-,xx-xxx-1998,-,O1, Standing (STD),Zrenjanin,Serbia,-,-, Damaged beyond repair,-,Antonov An-2R,-,-,-,-,-, YU-BLB, 1G179-07,Aeroklub Zrenjanin,Unknown,-,-,-,-,-,-,-,-,-,-,-,-,-,-,-,-
19989999-3,-,xx-xxx-1998,-,A1, Unknown (UNK),Pancevo,Serbia,-,-, Damaged beyond repair,-,Antonov An-2R,-,-,-,-,-, YU-BLC, 1G179-08,Aeroklub Zrenjanin,Unknown,-,-,-,-,-,-,-,-,-,-,-,-,-,-,-,-
19989999-4,-,xx-xxx-1998,-,A1, Unknown (UNK),Roma-Ciampino Airport (CIA/LIRA),Italy,-,0, Damaged beyond repair,-,Yakovlev Yak-40K,3,Ivchenko AI-25,1977,-,-, UR-87592, 9730555,United Energy Systems,Unknown,-,-,-,-,-,-,-,-,-,-,-,0,0,-,-,-
19989999-5,-,xx-xxx-1998,-,U1, Unknown (UNK),Flores-Santa Elena Airport (FRS),Guatemala,-,-, Damaged beyond repair,-,Basler BT-67 Turbo 67 (DC-3T),-,-,1945,-,-, 555, 33499/16751,Guatemala AF,Military,-,-,-,-,-,-,-,-,-,-,-,-,-,-,-,-
19989999-6,-,xx-xxx-1998,-,A1, Landing (LDG),Kinshasa-N'Djili Airport (FIH),Democratic Republic of the Congo,-,0, Damaged beyond repair,-,Antonov An-32B,-,-,1993,-,-, RA-48014, 3401,Trans Charter,Unknown,-,-,-,-,-,Kinshasa-N'Djili Airport,FIH,FZAA,Democratic Republic of the Congo,-,-,0,0,-,-,-
19989999-7,-,xx-xxx-1998,-,A1, Standing (STD),unknown,Unknown country,-,0, Damaged beyond repair,-,Lockheed KC-130F Hercules,-,-,1962,-,-, 149807, 3704,USMC,Military,-,-,-,-,-,-,-,-,-,-,-,0,0,-,-,-
