identifiant,week_day,date,time,type_event,phase,location,country,total_occupants,total_fatalities,aircraft_damage,aircraft_fate,type_aircraft,number_engines,type_engines,first_flight,cycles,total_airframe_hours,registration,c_n_msn,operator,nature,flight_number,departure_airport_name,departure_airport_IATA,departure_airport_ICAO,departure_airport_country,destination_airport_name,destination_airport_IATA,destination_airport_ICAO,destination_airport_country,crew_number,passengers_number,crew_fatalities,passengers_fatalities,collision_casualties,ground_casualties,status
19740101-0,Tuesday,01-JAN-1974,12:38,A1, Approach (APR),"3,7 km (2.3 mls) S of Torino Airport (TRN)",Italy,42,38, Destroyed, Written off (damaged beyond repair),Fokker F-28 Fellowship 1000,-,-,1969,10206.0,8712.0, I-TIDE, 11015,Itavia,Domestic Scheduled Passenger, 897,Bologna Airport,BLQ,LIPE,Italy,Torino-Caselle Airport,TRN,LIMF,Italy,4,38,3,35,-,-,-
19740102-0,Wednesday,02-JAN-1974,-,O1, Standing (STD),Antwerpen-Deurne Airport (ANR),Belgium,-,0, Damaged beyond repair,-,Douglas DC-6B,4,Pratt & Whitney R-2800,1954,-,-, OH-KDC, 44169/437,private,-,-,-,-,-,-,-,-,-,-,-,-,0,0,-,-,-
19740103-0,Thursday,03-JAN-1974,-,H2, Unknown (UNK),Kingston,Jamaica,-,0, Unknown,-,McDonnell Douglas DC-9-32,-,-,-,-,-, registration unknown,-,Air Jamaica,Unknown,-,Kingston Airport,KIN,MKJP,Jamaica,-,-,-,-,-,-,0,0,-,-,-
19740104-0,Friday,04-JAN-1974,19:24,A1, En route (ENR),"Midland, TX",United States of America,2,2, Damaged beyond repair,-,North American Sabreliner 40,-,-,-,-,-, N34W, 282-47,Midwest Oil,Executive,-,-,-,-,-,-,-,-,-,2,0,2,0,-,-,Final
19740105-0,Saturday,05-JAN-1974,10:20,A1, Landing (LDG),Bogotá-Eldorado Airport (BOG),Colombia,5,0, Damaged beyond repair,-,Lockheed 18-56-23 Lodestar,-,-,1943,-,-, HK-1146, 18-2327,Aeropesca Colombia,Training,-,Bogotá-Eldorado Airport,BOG,SKBO,Colombia,Bogotá-Eldorado Airport,BOG,SKBO,Colombia,3,2,0,0,-,-,-
19740106-0,Sunday,06-JAN-1974,19:05,A1, Approach (APR),"Johnstown-Cambria County Airport, PA (JST)",United States of America,17,12, Damaged beyond repair,-,Beechcraft 99A Airliner,2,Pratt & Whitney Canada PT6A-27,1969,-,7503.0, N125AE, U-125,Air East,Domestic Scheduled Passenger, 317,Pittsburgh International Airport,PIT,KPIT,United States of America,Johnstown-Cambria County Airport,JST,KJST,United States of America,2,15,1,11,-,-,Final
19740106-1,Sunday,06-JAN-1974,15:25,A1, Approach (APR),Mukachevo,Ukraine,24,24, Damaged beyond repair,-,Antonov An-24B,-,-,1970,8083.0,9280.0, CCCP-46357, 07305807,Aeroflot / Ukraine,Domestic Scheduled Passenger,-,Ivano-Frankovsk Airport,IFO,UKLI,Ukraine,Uzhgorod Airport,UDJ,UKLU,Ukraine,6,18,6,18,-,-,-
19740106-2,Sunday,06-JAN-1974,-,A1, En route (ENR),Unduavi,Bolivia,4,4, Damaged beyond repair,-,Curtiss C-46F-1-CU Commando,-,-,1945,-,-, CP-990, 22490,SAB,Cargo,-,San Borja-Capitan G.Q. Guardia Airport,SRJ,SLSB,Bolivia,La Paz-El Alto Airport,LPB,SLLP,Bolivia,3,1,3,1,-,-,-
19740107-0,Monday,07-JAN-1974,-,A1, Approach (APR),near Vitebsk Airport (VTB),Russia,31,26, Damaged beyond repair,-,Antonov An-12BP,-,-,-,-,-, registration unknown,-,Soviet AF,Military,-,Pskov Airport,PKV,ULOO,Russia,Vitebsk Airport,VTB,UMII,Belarus,-,-,-,-,-,-,-
19740108-0,Tuesday,08-JAN-1974,-,A1, Approach (APR),Vila Cabral Airport (VXC),Mozambique,-,0, Damaged beyond repair,-,Douglas VC-47B (DC-3),-,-,1943,-,-, 6162, 25579/14134,Portuguese AF,Military,-,Mueda Airport,MUD,FQMD,Mozambique,Vila Cabral Airport,VXC,FQLC,Mozambique,-,-,0,0,-,-,-
19740109-0,Wednesday,09-JAN-1974,16:40,A1, En route (ENR),34 km (21.3 mls) NNW of Florencia,Colombia,32,32, Destroyed, Written off (damaged beyond repair),Hawker Siddeley HS-748-260 Srs. 2A,-,-,1971,-,-, FAC-1103, 1704,SATENA,Domestic Scheduled Passenger,-,Florencia-Gustavo Artunduaga Paredes Airport,FLA,SKFL,Colombia,Bogotá-Eldorado Airport,BOG,SKBO,Colombia,3,29,3,29,-,-,-
19740110-0,Thursday,10-JAN-1974,-,A1, En route (ENR),between Santa Rosa and La Paz,Bolivia,24,24, Missing, Presumed damaged beyond repair,Douglas DC-4,-,-,-,-,-, TAM-52,-,TAM,Domestic Non Scheduled Passenger,-,Santa Rosa Airport,SRB,SLSR,Bolivia,La Paz-El Alto Airport,LPB,SLLP,Bolivia,3,21,3,21,-,-,-
19740111-0,Friday,11-JAN-1974,-,A1, Approach (APR),"near Placida, FL",United States of America,2,1, Damaged beyond repair,-,Lockheed 18 Learstar,-,-,1943,-,-, N711FN, 18-2583,Florida Airways International,Illegal Flight,-,-,-,-,-,-,-,-,-,-,-,-,-,-,-,-
19740114-0,Monday,14-JAN-1974,20:00,A1, Approach (APR),"near Pompano Beach, FL",United States of America,3,3, Damaged beyond repair,-,Lockheed 18-56-24 Lodestar,-,-,1943,-,-, N2375, 18-2455,Air Caribbean,Illegal Flight,-,-,-,-,-,-,-,-,-,2,1,2,1,-,-,-
19740115-0,Tuesday,15-JAN-1974,06:00,A1, Approach (APR),"Oklahoma City, OK",United States of America,2,2, Damaged beyond repair,-,North-American-Rockwell Sabreliner 40A,-,-,-,-,-, N5565, 282-119,Kerr-McGee Corp,Executive,-,Corpus Christi International Airport,CRP,KCRP,United States of America,Oklahoma City-Will Rogers Airport,OKC,KOKC,United States of America,2,0,2,0,-,-,Final
19740116-0,Wednesday,16-JAN-1974,01:35,A1, Landing (LDG),"Los Angeles International Airport, CA (LAX)",United States of America,63,0, Damaged beyond repair,-,Boeing 707-131B,4,Pratt & Whitney JT3D-,1962,-,38876.0, N757TW, 18395/309,TWA,Domestic Scheduled Passenger,TW701,New York-John F. Kennedy International Airport,JFK,KJFK,United States of America,Los Angeles International Airport,LAX,KLAX,United States of America,7,56,0,0,-,-,Final
19740117-0,Thursday,17-JAN-1974,-,U1, Unknown (UNK),unknown,Unknown country,-,-, Damaged beyond repair,-,Douglas C-47 (DC-3),-,-,-,-,-, 7251,-,Republic of China AF,Military,-,-,-,-,-,-,-,-,-,-,-,-,-,-,-,-
19740117-2,Thursday,17-JAN-1974,13:15,A1, En route (ENR),near Chigorodó,Colombia,12,12, Damaged beyond repair,-,Douglas DC-3A-191,2,Pratt & Whitney R-1830,1937,-,-, HK-1216, 1905,Cessnyca,Domestic Scheduled Passenger,-,Chigorodó Airport,IGO,SKIG,Colombia,Medellín-Enrique Olaya Herrera Airport,EOH,SKMD,Colombia,3,9,3,9,-,-,-
19740118-0,Friday,18-JAN-1974,18:45,A1, Landing (LDG),"Fort Worth-Meacham Field, TX (FTW)",United States of America,2,0, Damaged beyond repair,-,Dassault Falcon 20C,-,-,1966,-,-, N7824M, 42,Cauble Enterprises,Executive,-,-,-,-,-,Fort Worth-Meacham Field,FTW,KFTW,United States of America,2,0,0,0,-,-,Final
19740118-1,Friday,18-JAN-1974,-,A1, Unknown (UNK),20 km (12.5 mls) SE of Chaitén,Chile,-,0, Damaged beyond repair,-,Douglas C-47B-1-DL (DC-3),-,-,1944,-,-, 960, 20750,Chilean AF,Military,-,-,-,-,-,-,-,-,-,-,-,0,0,-,-,-
19740119-0,Saturday,19-JAN-1974,-,A1, Landing (LDG),Laja Airport,Bolivia,-,0, Damaged beyond repair,-,Douglas C-47A-1-DK (DC-3),-,-,1943,-,-, TAM-30, 11920,TAM,Unknown,-,-,-,-,-,-,-,-,-,-,-,0,0,-,-,-
19740121-0,Monday,21-JAN-1974,-,A1, Landing (LDG),"Broome Airport, WA (BME)",Australia,16,0, Damaged beyond repair,-,Douglas C-47A-85-DL (DC-3),2,Pratt & Whitney R-1830-92,1944,-,-, PK-GDC, 20041,Trans Nusantara,Int'l Non Scheduled Passenger,-,-,-,-,-,Broome Airport,BME,YBRM,Australia,4,12,0,0,-,-,-
19740121-1,Monday,21-JAN-1974,-,H2, En route (ENR),Havana-Rancho Boyeros Airport (HAV),Cuba,52,0, Unknown,-,Vickers 745D Viscount,4,Rolls-Royce Dart 510,1957,-,-, HK-1319, 232,Aeropesca Colombia,Domestic Scheduled Passenger,-,Pasto-Antonio Nariño Airport,PSO,SKPS,Colombia,Popayán-Guillermo León Valencia Airport,PPN,SKPP,Colombia,5,47,0,0,-,-,-
19740122-0,Tuesday,22-JAN-1974,-,A1, Approach (APR),"Yegorlykskaya District,Rostov Region",Russia,2,2, Damaged beyond repair,-,Antonov An-2R,-,-,1965,19860.0,5558.0, CCCP-33225, 1G57-28,Aeroflot / North Kavkaz,Agricultural,-,-,-,-,-,-,-,-,-,2,0,2,0,-,-,-
19740124-0,Thursday,24-JAN-1974,-,A1, Approach (APR),near Sarakawa,Togo,5,4, Damaged beyond repair,-,Douglas C-47A-35-DL (DC-3),2,Pratt & Whitney R-1830-92,1943,-,-, 5V-MAG, 9803,Togo AF,Official state flight,-,Lome Airport,LFW,DXXX,Togo,-,-,-,-,1,4,1,3,-,-,-
19740125-0,Friday,25-JAN-1974,-,A1, En route (ENR),2 km (1.3 mls) from  Rostov,Russia,4,4, Damaged beyond repair,-,Antonov An-24B,-,-,1967,-,-, CCCP-46277, 77303610,Aeroflot / Privolzhsk,Ferry/positioning,-,Rostov Airport,ROV,URRR,Russia,-,-,-,-,4,0,4,0,-,-,-
19740125-1,Friday,25-JAN-1974,-,O1, Standing (STD),Stockholm-Arlanda Airport (ARN),Sweden,-,0, Damaged beyond repair,-,Sud Aviation SE-210 Caravelle III,-,-,1959,-,30878.0, OY-KRA,   6,SAS,International Scheduled Passenger,-,København-Kastrup Airport,CPH,EKCH,Denmark,Stockholm-Arlanda Airport,ARN,ESSA,Sweden,-,-,0,0,-,-,-
19740126-0,Saturday,26-JAN-1974,07:30,A1, Takeoff (TOF),Izmir-Cumaovasi Airport (ADB),Turkey,73,66, Damaged beyond repair,-,Fokker F-28 Fellowship 1000,-,-,1972,3133.0,2269.0, TC-JAO, 11057,THY,Domestic Scheduled Passenger, 301,-,-,-,-,Istanbul-Yesilköy Airport,IST,LTBA,Turkey,5,68,4,62,-,-,-
19740128-0,Monday,28-JAN-1974,-,O1, Standing (STD),"Carp Airport, ON (YRP)",Canada,0,0, Damaged beyond repair,-,de Havilland Canada DHC-6 Twin Otter 300,2,Pratt & Whitney Canada PT6A-27,1969,-,-, CF-DIJ, 268,Bradley Air Services,-,-,-,-,-,-,-,-,-,-,0,0,0,0,-,-,-
19740128-1,Monday,28-JAN-1974,-,O1, Standing (STD),"Carp Airport, ON (YRP)",Canada,0,0, Damaged beyond repair,-,Douglas C-47B-20-DK (DC-3),2,Pratt & Whitney R-1830-90C,1944,-,-, CF-TVK, 27004/15559,Bradley Air Services,-,-,-,-,-,-,-,-,-,-,0,0,0,0,-,-,-
19740130-0,Wednesday,30-JAN-1974,23:41,A1, Approach (APR),"1,2 km (0.8 mls) SW of Pago Pago International Airport (PPG)",American Samoa,101,97, Destroyed, Written off (damaged beyond repair),Boeing 707-321B,4,Pratt & Whitney JT3D-3B,1967,-,21625.0, N454PA, 19376/661,Pan Am,International Scheduled Passenger,PA806,Auckland International Airport,AKL,NZAA,New Zealand,Pago Pago International Airport,PPG,NSTU,American Samoa,10,91,10,87,-,-,Final
19740201-0,Friday,01-FEB-1974,-,A1, Landing (LDG),"São Paulo-Congonhas Airport, SP (CGH)",Brazil,96,0, Damaged beyond repair,-,BAC One-Eleven 520FN,-,-,1970,-,-, PP-SDQ, 228,Transbrasil,Scheduled Passenger,-,-,-,-,-,São Paulo-Congonhas Airport,CGH,SBSP,Brazil,8,88,0,0,-,-,-
19740205-0,Tuesday,05-FEB-1974,-,A1, Unknown (UNK),near Makhachkala,Russia,-,0, Damaged beyond repair,-,Antonov An-2R,-,-,1967,-,-, CCCP-01579, 1G81-23,Aeroflot / North Kavkaz,Unknown,-,-,-,-,-,-,-,-,-,-,-,0,0,-,-,-
19740206-0,Wednesday,06-FEB-1974,-,A1, Landing (LDG),San Juan,Bolivia,4,0, Damaged beyond repair,-,Douglas DC-6A,-,-,1953,-,-, CP-947, 44076/391,ALCON,Cargo,-,-,-,-,-,-,-,-,-,4,0,0,0,-,-,-
19740209-0,Saturday,09-FEB-1974,-,A1, En route (ENR),"near Colorado-Springs, CO",United States of America,7,7, Damaged beyond repair,-,North American T-39A Sabreliner,2,Pratt & Whitney JT12A-6A Turbo Wasp,-,-,-, 60-3506, 265-34,USAF,Military,-,Colorado Springs-Peterson Field,COS,KCOS,United States of America,Sacramento-McClellan AFB,MCC,KMCC,United States of America,5,2,5,2,-,-,-
19740209-1,Saturday,09-FEB-1974,-,A2, En route (ENR),"near Colorado-Springs, CO",United States of America,18,0, Minor, Repaired,Boeing NKC-135A,-,-,1957,-,-, 55-3120, 17236,USAF,Military,-,-,-,-,-,Albuquerque-Kirtland AFB,ABQ,KABQ,United States of America,-,-,0,0,7,-,-
19740215-0,Friday,15-FEB-1974,16:35,A2, Initial climb (ICL),"1,5 km (0.9 mls) S of Managua-Las Mercedes Airport (MGA)",Nicaragua,45,0, Substantial, Repaired,Convair CV-440-38,-,-,1956,-,-, TI-1086C, 359,APSA,Int'l Non Scheduled Passenger,-,Managua-Las Mercedes Airport,MGA,MNMG,Nicaragua,-,-,-,-,4,41,0,0,-,-,-
19740220-0,Wednesday,20-FEB-1974,-,H1, Standing (STD),Hue Airport (HUI),Vietnam,52,3, Damaged beyond repair,-,Douglas C-54A-5-DO (DC-4),-,-,1944,-,-, XV-NUM, 7469,Air Vietnam,Domestic Scheduled Passenger,-,Qui Nhon Airport,UIH,VVQN,Vietnam,Da Nang Airport,DAD,VVDN,Vietnam,6,46,0,3,-,-,-
19740222-0,Friday,22-FEB-1974,07:03,H2, Standing (STD),"Baltimore/Washington International Airport, MD (BWI)",United States of America,14,2, None,-,McDonnell Douglas DC-9,-,-,-,-,-, registration unknown,-,Delta Air Lines,Domestic Scheduled Passenger,DL523,Baltimore/Washington International Airport,BWI,KBWI,United States of America,Atlanta Municipal Airport,ATL,KATL,United States of America,-,-,1,1,-,1,-
19740222-1,Friday,22-FEB-1974,-,A1, En route (ENR),8 km (5 mls) SW of San Francisco de Moxos,Bolivia,7,7, Damaged beyond repair,-,Curtiss C-46A-45-CU Commando,2,Pratt & Whitney R-2800-51,1944,-,-, CP-1052, 30195,SAVCO,Domestic Non Scheduled Passenger,-,Trinidad Airport,TDD,SLTR,Bolivia,Oruro Airport,ORU,SLOR,Bolivia,3,4,3,4,-,-,-
19740223-1,Saturday,23-FEB-1974,-,A2, En route (ENR),near Marmato,Colombia,28,0, Substantial, Repaired,Douglas TC-47B (DC-3),-,-,1945,-,-, HK-1333, 27051/15606,Aerotal Colombia,Domestic Non Scheduled Passenger,-,Cali-Palmaseca Airport,CLO,SKCL,Colombia,-,-,-,-,5,23,0,0,-,-,-
19740225-0,Monday,25-FEB-1974,-,A1, En route (ENR),N of Phnom Penh,Cambodia,14,14, Missing, Presumed damaged beyond repair,Fairchild C-123K,-,-,-,-,-, 56-4377, 20261,Khmer Air Force,Military,-,-,-,-,-,-,-,-,-,6,8,6,8,-,-,-
19740227-0,Wednesday,27-FEB-1974,22:15,A1, En route (ENR),"Newton Fiord, NU",Canada,9,9, Damaged beyond repair,-,North-American-Rockwell Sabreliner 40A,-,-,-,-,675.0, CF-BRL, 282-107,Brethour Realty Services,Executive,-,Reykjavík-Keflavík International Airport,KEF,BIKF,Iceland,Frobisher Bay Airport,YFB,CYFB,Canada,2,7,2,7,-,-,-
19740228-0,Thursday,28-FEB-1974,-,A1, Unknown (UNK),near Tehran-Mehrabad Airport (THR),Iran,10,10, Damaged beyond repair,-,Lockheed C-130E Hercules,4,Allison T56-A-7,1970,-,-, 5-122, 4393,Iran AF,Military,-,-,-,-,-,-,-,-,-,-,-,-,-,-,-,-
19740299-2,-,xx-FEB-1974,-,U1, Unknown (UNK),Montalvo,Ecuador,18,-, Damaged beyond repair,-,Nord 2501D Noratlas,2,Bristol Hercules 739,-,-,-, HC-AXG, D145,ATESA,Passenger,-,-,-,-,-,-,-,-,-,-,-,-,-,-,-,-
19740303-0,Sunday,03-MAR-1974,00:08,A1, Landing (LDG),London-Luton Airport (LTN),United Kingdom,10,0, Damaged beyond repair,-,Douglas DC-7CF,4,Wright R-3350 (988TC18),1958,-,-, EI-AWG, 45471/965,Aer Turas,Cargo,-,Dublin Airport,DUB,EIDW,Ireland,London-Luton Airport,LTN,EGGW,United Kingdom,4,6,0,0,-,-,Final
19740303-1,Sunday,03-MAR-1974,12:42,A1, En route (ENR),Bois d'Ermenonville,France,346,346, Destroyed, Written off (damaged beyond repair),McDonnell Douglas DC-10-10,3,General Electric CF6-6D,1972,1537.0,2955.0, TC-JAV, 46704/29,THY,International Scheduled Passenger,TK981,Paris-Orly Airport,ORY,LFPO,France,London-Heathrow Airport,LHR,EGLL,United Kingdom,11,335,11,335,-,-,Final
19740303-2,Sunday,03-MAR-1974,-,H1, Standing (STD),Amsterdam-Schiphol Airport (AMS),Netherlands,0,0, Damaged beyond repair,-,Vickers Super VC10-1151,4,Rolls-Royce Conway 550,1968,-,-, G-ASGO, 865,BOAC,International Scheduled Passenger,-,Beirut International Airport,BEY,OLBA,Lebanon,London-Heathrow Airport,LHR,EGLL,United Kingdom,0,0,0,0,-,-,-
19740303-3,Sunday,03-MAR-1974,-,A1, Landing (LDG),Normandia,Bolivia,2,0, Damaged beyond repair,-,Lockheed 18 Learstar,-,-,1943,-,-, CP-1024, 18-2489,private,Cargo,-,-,-,-,-,-,-,-,-,2,0,0,0,-,-,-
19740303-4,Sunday,03-MAR-1974,09:45,A1, En route (ENR),"Lake Placid, FL",United States of America,2,1, Damaged beyond repair,-,Lockheed 18 Learstar I,-,-,1943,-,-, N32L, 18-2323,Tiffany Realty,Illegal Flight,-,-,-,-,-,-,-,-,-,1,1,1,0,-,-,-
19740305-0,Tuesday,05-MAR-1974,11:10,A1, Maneuvering (MNV),"14 km (8.8 mls) E of Borrego Springs, CA",United States of America,4,0, Damaged beyond repair,-,NAMC YS-11A-202,-,-,1968,-,-, N208PA, 2082,PSA,Training,-,-,-,-,-,-,-,-,-,4,0,0,0,-,-,Final
19740305-1,Tuesday,05-MAR-1974,-,A1, Initial climb (ICL),"0.6 km (0.4 mls) from  Wichita-McConnell AFB, KS (IAB)",United States of America,7,2, Damaged beyond repair,-,Boeing KC-135A Stratotanker,4,Pratt & Whitney J57-P,1958,-,7434.0, 57-1500, 17571/180,USAF,Military,-,Wichita-McConnell AFB,IAB,KIAB,United States of America,-,-,-,-,7,0,2,0,-,-,-
19740305-2,Tuesday,05-MAR-1974,16:30,A2, En route (ENR),"64 km (40 mls) SE of Fort Nelson, BC",Canada,33,1, Minor, Repaired,Boeing KC-135 Stratotanker,-,-,-,-,-, registration unknown,-,USAF,Military,-,Fairbanks-Eielson AFB,EIL,PAEI,United States of America,Fort Worth-Carswell AFB,FWH,KNFW,United States of America,8,25,1,0,-,-,-
19740305-3,Tuesday,05-MAR-1974,-,A1, Initial climb (ICL),"3 km (1.9 mls) SE of Prince Rupert-Seal Cove Airport, BC (ZSW)",Canada,10,3, Damaged beyond repair,-,Grumman G-73 Mallard,-,-,1946,-,-, CF-HPA, J-7,North Coast Air Services,Domestic Scheduled Passenger,-,Prince Rupert-Seal Cove Airport,ZSW,CZSW,Canada,Masset Airport,ZMT,CZMT,Canada,1,9,1,2,-,-,-
19740307-0,Thursday,07-MAR-1974,-,U1, Unknown (UNK),unknown,Unknown country,-,-, Damaged beyond repair,-,Douglas DC-3,-,-,1942,-,-, 959, 6151,Chilean AF,Military,-,-,-,-,-,-,-,-,-,-,-,-,-,-,-,-
19740307-1,Thursday,07-MAR-1974,-,A1, Landing (LDG),Gemena Airport (GMA),Democratic Republic of the Congo,-,0, Damaged beyond repair,-,Douglas DC-4-1009,-,-,1947,-,-, 9Q-CBH, 43095,Air Zaire,Non Scheduled Passenger,-,-,-,-,-,Gemena Airport,GMA,FZFK,Democratic Republic of the Congo,-,-,0,0,-,-,-
19740308-0,Friday,08-MAR-1974,-,A1, Approach (APR),near Hanoi,Vietnam,18,18, Damaged beyond repair,-,Antonov An-24,-,-,-,-,-, XW-TCA ?,-,Pathet Lao Airlines,Int'l Non Scheduled Passenger,-,-,-,-,-,-,-,-,-,3,15,3,15,-,-,-
19740312-0,Tuesday,12-MAR-1974,-,H2, En route (ENR),Naha,Japan,425,0, Unknown,-,Boeing 747,-,-,-,-,-, registration unknown,-,JAL,Domestic Scheduled Passenger,-,Tokyo-Haneda Airport,HND,RJTT,Japan,Okinawa-Naha Airport,OKA,ROAH,Japan,16,409,0,0,-,-,-
19740313-0,Wednesday,13-MAR-1974,20:28,A1, En route (ENR),"8,3 km (5.2 mls) SE of Bishop Airport, CA (BIH)",United States of America,36,36, Destroyed, Written off (damaged beyond repair),Convair CV-440,2,Pratt & Whitney R-2800-CB16,1953,-,41112.0, N4819C, 138,Sierra Pacific Airlines,Domestic Non Scheduled Passenger, 802,Bishop Airport,BIH,KBIH,United States of America,Hollywood-Burbank Airport,BUR,KBUR,United States of America,4,32,4,32,-,-,Final
19740315-0,Friday,15-MAR-1974,08:09,A1, Taxi (TXI),Tehran-Mehrabad Airport (THR),Iran,96,15, Destroyed, Written off (damaged beyond repair),Sud Aviation SE-210 Caravelle 10B3,2,Pratt & Whitney JT8D-9,1970,-,13773.0, OY-STK, 266,Sterling Airways,International Scheduled Passenger,NB901,Tehran-Mehrabad Airport,THR,OIII,Iran,København-Kastrup Airport,CPH,EKCH,Denmark,4,92,0,15,-,-,Final
19740320-0,Wednesday,20-MAR-1974,-,H2, Unknown (UNK),Entebbe Airport (EBB),Uganda,33,0, None,-,Fokker F-27 Friendship 200,-,-,1962,-,-, 5Y-AAC, 10212,East African Airways,Unknown,-,-,-,-,-,Malindi Airport,MYD,HKML,Kenya,4,29,0,0,-,-,-
19740322-0,Friday,22-MAR-1974,08:00,A1, Initial climb (ICL),"0,5 km (0.3 mls) from  Kirov Airport (KVX)",Russia,9,3, Damaged beyond repair,-,Lisunov Li-2,-,-,1950,6485.0,7589.0, CCCP-73960, 18436605,Aeroflot / Uralsk,Domestic Scheduled Passenger,-,Kirov Airport,KVX,USKK,Russia,-,-,-,-,3,6,3,0,-,-,-
19740322-1,Friday,22-MAR-1974,04:00,O1, Standing (STD),Bastia-Poretta Airport (BIA),France,-,0, Damaged beyond repair,-,Sud Aviation SE-210 Caravelle III,-,-,1970,-,-, F-BSRY, 258,Air Inter,Domestic Scheduled Passenger,-,Bastia-Poretta Airport,BIA,LFKB,France,Marseille-Marignane Airport,MRS,LFML,France,-,-,0,0,-,-,-
19740323-0,Saturday,23-MAR-1974,19:08,O1, Standing (STD),"Fairfield-Travis AFB, CA (SUU)",United States of America,0,0, Damaged beyond repair,-,McDonnell Douglas DC-8-63CF,4,Pratt & Whitney JT3D-,1970,-,-, N6164A, 46144/532,Airlift Int.,-,-,-,-,-,-,-,-,-,-,0,0,0,0,-,1,Final
19740323-1,Saturday,23-MAR-1974,-,A1, Approach (APR),Asunción International Airport (ASU),Paraguay,2,0, Substantial, Written off (damaged beyond repair),Lockheed 18-14 Lodestar,-,-,1942,-,-, N850M, 18-2214,CIM Associates,Unknown,-,-,-,-,-,Asunción-Silvio Pettirossi International Airport,ASU,SGAS,Paraguay,2,0,0,0,-,-,-
19740330-0,Saturday,30-MAR-1974,-,H2, Standing (STD),"Sarasota-Bradenton Airport, FL (SRQ)",United States of America,3,0, None,-,Boeing 727,-,-,-,-,-, registration unknown,-,National Airlines,-,-,-,-,-,-,-,-,-,-,-,-,0,0,-,-,-
19740331-0,Sunday,31-MAR-1974,17:10,A1, Taxi (TXI),"Brunswick-Malcolm McKinnon Airport, GA (SSI)",United States of America,4,0, Damaged beyond repair,-,Beechcraft 99 Airliner,2,Pratt & Whitney Canada PT6A-20,1969,-,-, N848NS, U- 77,Air South,Domestic Scheduled Passenger,-,Brunswick-Malcolm McKinnon Airport,SSI,KSSI,United States of America,Atlanta Municipal Airport,ATL,KATL,United States of America,2,2,0,0,-,-,Final
19740401-0,Monday,01-APR-1974,-,A2, Landing (LDG),Hong Kong-Kai Tak International Airport (HKG),Hong Kong,44,0, Substantial, Repaired,Boeing 707-437,-,-,1962,-,-, VT-DNZ, 18415/282,Air-India,International Scheduled Passenger,-,Tokyo-Haneda Airport,HND,RJTT,Japan,Hong Kong-Kai Tak International Airport,HKG,VHHH,Hong Kong,12,32,0,0,-,-,Final
19740403-0,Wednesday,03-APR-1974,09:00,A1, Landing (LDG),"Elim, AK",United States of America,2,0, Substantial, Written off (damaged beyond repair),Dornier Do 28D-1 Skyservant,-,-,-,-,-, N3799, 40..,Munz Northern Airlines,Domestic Scheduled Passenger,-,Nome Airport,OME,PAOM,United States of America,Elim Airport,ELI,PFEL,United States of America,1,1,0,0,-,-,Final
19740404-0,Thursday,04-APR-1974,02:35,A1, Approach (APR),"3,6 km (2.3 mls) from  Francistown Airport (FRW)",Botswana,84,78, Destroyed, Written off (damaged beyond repair),Douglas DC-4,-,-,1944,-,-, A2-ZER, 27242,Wenela,International Scheduled Passenger,-,Francistown Airport,FRW,FBFT,Botswana,Blantyre-Chileka Airport,BLZ,FWCL,Malawi,4,80,3,75,-,-,-
19740406-0,Saturday,06-APR-1974,-,A1, Landing (LDG),Ust-Kuiga Airport,Russia,18,0, Damaged beyond repair,-,Avia 14,-,-,1957,-,-, CCCP-52053, 047704110,Aeroflot / Yakutsk,Passenger,-,-,-,-,-,-,-,-,-,-,-,0,0,-,-,-
19740409-0,Tuesday,09-APR-1974,-,A1, Takeoff (TOF),Kazan Airport (KZN),Russia,-,-, Damaged beyond repair,-,Yakovlev Yak-40,3,Ivchenko AI-25,1973,-,-, CCCP-87369, 9341931,Aeroflot / Privolzhsk,Unknown,-,-,-,-,-,-,-,-,-,-,-,-,-,-,-,-
19740416-0,Tuesday,16-APR-1974,-,A1, En route (ENR),near Kutaisi,Georgia,-,0, Damaged beyond repair,-,Antonov An-2,-,-,1960,-,-, CCCP-33085, 114047315,Aeroflot / Georgia,Unknown,-,-,-,-,-,-,-,-,-,-,-,0,0,-,-,-
19740418-0,Thursday,18-APR-1974,15:28,A2, Takeoff (TOF),London-Luton Airport (LTN),United Kingdom,91,0, Substantial, Repaired,BAC One-Eleven 518FG,-,-,1970,-,11153.0, G-AXMJ, 204,Court Line Aviation,Int'l Non Scheduled Passenger,  95,London-Luton Airport,LTN,EGGW,United Kingdom,München-Riem Airport,MUC,EDDM,Germany,5,86,0,0,1,-,Final
19740419-0,Friday,19-APR-1974,22:54,O1, Standing (STD),"Boston-Logan International Airport, MA (BOS)",United States of America,0,0, Damaged beyond repair,-,Lockheed L-1011 TriStar 1,3,Rolls-Royce RB211-22B,1973,1008.0,2382.0, N31007, 1026,TWA,Domestic Scheduled Passenger,-,Los Angeles International Airport,LAX,KLAX,United States of America,Boston-Logan International Airport,BOS,KBOS,United States of America,0,0,0,0,-,-,Final
19740420-0,Saturday,20-APR-1974,21:00,A1, Landing (LDG),Guam-Agana NAS (NGM),Guam,6,6, Damaged beyond repair,-,Lockheed C-130E Hercules,-,-,1963,-,-, 62-1841, 3804,USAF,Military,-,Guam-Andersen AFB,UAM,PGUA,Guam,Guam-Andersen AFB,UAM,PGUA,Guam,6,0,6,0,-,-,-
19740420-1,Saturday,20-APR-1974,-,A1, Landing (LDG),Svay Rieng Airport (SVR),Cambodia,-,0, Damaged beyond repair,-,Douglas C-47A-30-DL (DC-3),-,-,1943,-,-, XW-TFL, 9559,Air Union,Non Scheduled Passenger,-,-,-,-,-,-,-,-,-,-,-,0,0,-,6,-
19740422-0,Monday,22-APR-1974,22:26,A1, Approach (APR),68 km (42.5 mls) NW of Denpasar,Indonesia,107,107, Destroyed, Written off (damaged beyond repair),Boeing 707-321B,4,Pratt & Whitney JT3D-3B,1966,9150.0,28000.0, N446PA, 19268/544,Pan Am,International Scheduled Passenger,PA812,Hong Kong-Kai Tak International Airport,HKG,VHHH,Hong Kong,Denpasar-Ngurah Rai Bali International Airport,DPS,WADD,Indonesia,11,96,11,96,-,-,Final
19740426-0,Friday,26-APR-1974,-,U1, Unknown (UNK),at an unknown location,India,-,-, Damaged beyond repair,-,Douglas C-47 (DC-3),-,-,-,-,-, HJ254,-,Indian AF,Military,-,-,-,-,-,-,-,-,-,-,-,-,-,-,-,-
19740427-1,Saturday,27-APR-1974,18:07,A1, Approach (APR),"2,5 km (1.6 mls) E of Leningrad-Pulkovo Airport (LED)",Russia,109,109, Destroyed, Written off (damaged beyond repair),Ilyushin Il-18V,4,Ivchenko AI-20K,1964,7501.0,18358.0, CCCP-75559, 184007703,Aeroflot / Leningrad,Domestic Non Scheduled Passenger,-,Leningrad-Pulkovo Airport,LED,ULLI,Russia,Zaporozhye Airport,OZH,UKDE,Ukraine,7,102,7,102,-,-,-
19740428-1,Sunday,28-APR-1974,10:39,A1, Landing (LDG),Sala Phou Koun,Laos,10,0, Damaged beyond repair,-,de Havilland Canada DHC-6 Twin Otter 300,2,Pratt & Whitney Canada PT6A-27,1969,-,-, N389EX, 251,Air America,Domestic Non Scheduled Passenger,-,-,-,-,-,-,-,-,-,2,8,0,0,-,-,-
19740430-1,Tuesday,30-APR-1974,13:47,A1, Initial climb (ICL),"Galveston-Scholes Field, TX (GLS)",United States of America,12,6, Damaged beyond repair,-,Beechcraft 99 Airliner,2,Pratt & Whitney Canada PT6A-20,1968,-,-, N853SA, U- 41,Metro Airlines,Domestic Scheduled Passenger,-,Galveston-Scholes Field,GLS,KGLS,United States of America,Houston-Intercontinental Airport,IAH,KIAH,United States of America,2,10,1,5,-,-,Final
19740430-2,Tuesday,30-APR-1974,-,A1, Landing (LDG),Bassein Airport (BSX),Myanmar,40,0, Damaged beyond repair,-,Fokker F-27 Friendship 200,-,-,1963,20658.0,19441.0, XY-ADM, 10237,Burma Airways,Scheduled Passenger,-,-,-,-,-,Bassein Airport,BSX,VYPN,Myanmar,4,36,0,0,-,-,-
19740501-0,Wednesday,01-MAY-1974,12:20,A1, Takeoff (TOF),Polar Station SP-22,Arctic Ocean,16,1, Damaged beyond repair,-,Antonov An-12B,4,Ivchenko AI-20M,1968,3637.0,9381.0, CCCP-12950, 8345501,Aeroflot / Krasnoyarsk,Cargo,-,-,-,-,-,-,-,-,-,7,9,1,0,-,-,-
19740502-0,Thursday,02-MAY-1974,19:30,A1, En route (ENR),7 km (4.4 mls) S of Banos,Ecuador,25,20, Damaged beyond repair,-,Douglas C-47 (DC-3),-,-,-,-,-, HC-AUC,-,ATESA,Domestic Scheduled Passenger,-,Pastaza Airport,PTZ,SESM,Ecuador,Ambato-Chachoan Airport,ATF,SEAM,Ecuador,3,22,2,18,-,-,-
19740502-1,Thursday,02-MAY-1974,-,A1, Takeoff (TOF),Rostov Airport (ROV),Russia,38,1, Damaged beyond repair,-,Yakovlev Yak-40,3,Ivchenko AI-25,1974,111.0,124.0, CCCP-87398, 9411033,Aeroflot / Central Region,Domestic Scheduled Passenger,-,Rostov Airport,ROV,URRR,Russia,Mineralnye Vody Airport,MRV,URMM,Russia,4,34,1,0,-,-,-
19740506-0,Monday,06-MAY-1974,22:21,A1, Approach (APR),4 km (2.5 mls) E of Nürnberg,Germany,3,3, Damaged beyond repair,-,Douglas DC-6A,4,Pratt & Whitney R-2800,1953,-,-, TF-OAE, 44069/396,Fragtflug,Cargo,-,Nice-Côte d'Azur Airport,NCE,LFMN,France,Nürnberg Airport,NUE,EDDN,Germany,3,0,3,0,-,-,Final
19740509-0,Thursday,09-MAY-1974,-,U1, Unknown (UNK),unknown,Unknown country,-,-, Damaged beyond repair,-,Fairchild C-119 Flying Boxcar,-,-,-,-,-, 3166,-,Republic of China AF,Military,-,-,-,-,-,-,-,-,-,-,-,-,-,-,-,-
19740509-1,Thursday,09-MAY-1974,-,A1, Landing (LDG),Ivano-Frankovsk Airport (IFO),Ukraine,75,0, Damaged beyond repair,-,Ilyushin Il-18V,4,Ivchenko AI-20K,1961,8373.0,19767.0, CCCP-75425, 181003403,Aeroflot / Uralsk,Domestic Scheduled Passenger,-,Kiev-Borispol Airport,KBP,UKBB,Ukraine,Ivano-Frankovsk Airport,IFO,UKLI,Ukraine,8,67,0,0,-,-,-
19740510-0,Friday,10-MAY-1974,-,H2, En route (ENR),Bogotá-Eldorado Airport (BOG),Colombia,-,1, None,-,Boeing 727-59,-,-,1967,-,-, HK-1337, 19303/357,Avianca,Domestic Scheduled Passenger,-,Pereira-Matecaña Airport,PEI,SKPE,Colombia,Bogotá-Eldorado Airport,BOG,SKBO,Colombia,6,-,0,1,-,-,-
19740513-0,Monday,13-MAY-1974,-,C1, En route (ENR),"6,5 km (4.1 mls) S of Tay Ninh",Vietnam,4,0, Damaged beyond repair,-,Fairchild C-123K Provider,-,-,-,-,-, ST-3, 20192 ?,Air America,Cargo,-,-,-,-,-,Saigon-Tan Son Nhat International Airport,SGN,VVTS,Vietnam,4,0,0,0,-,-,-
19740513-1,Monday,13-MAY-1974,-,A1, En route (ENR),within Crimea,Ukraine,-,0, Damaged beyond repair,-,Antonov An-2,-,-,1965,-,-, CCCP-23664, 1G59-28,Aeroflot / Ukraine,Unknown,-,-,-,-,-,-,-,-,-,-,-,0,0,-,-,-
19740519-0,Sunday,19-MAY-1974,-,A1, Takeoff (TOF),Samarkand region,Uzbekistan,-,0, Damaged beyond repair,-,Antonov An-2SX,-,-,1954,-,-, CCCP-25487, 14347303,Aeroflot / Uzbekistan,Unknown,-,-,-,-,-,-,-,-,-,-,-,0,0,-,-,-
19740519-1,Sunday,19-MAY-1974,09:20,A1, Takeoff (TOF),"Anchorage-Campbell Airstrip, AK",United States of America,6,0, Damaged beyond repair,-,Armstrong Whitworth AW-650 Argosy 101,4,Rolls-Royce Dart 526,1959,-,-, N891U, 6655,U.S. Dept of Interior,Fire fighting,-,-,-,-,-,Aniak Airport,ANI,PANI,United States of America,6,0,0,0,-,-,Final
19740519-2,Sunday,19-MAY-1974,-,A1, Initial climb (ICL),"SE of Baudette, MN",United States of America,4,1, Damaged beyond repair,-,de Havilland Canada CSR-123 Otter (DHC-3),-,-,1960,-,-, 9411, 384,RCAF,Military,-,-,-,-,-,-,-,-,-,-,-,-,-,-,-,-
19740523-1,Thursday,23-MAY-1974,16:53,A1, En route (ENR),"near Springfield, IL",United States of America,4,4, Damaged beyond repair,-,Lockheed L-100-30 Hercules,4,Allison 501-D22A,1967,-,18837.0, N14ST, 4225,Saturn Airways,Cargo,  14,Alameda NAS,NGZ,KNGZ,United States of America,Indianapolis-Weir Cook Municipal Airport,IND,KIND,United States of America,3,1,3,1,-,-,Final
19740523-2,Thursday,23-MAY-1974,-,A1, Approach (APR),near Kiev,Ukraine,29,29, Damaged beyond repair,-,Yakovlev Yak-40,3,Ivchenko AI-25,1972,2068.0,2367.0, CCCP-87579, 9221122,Aeroflot / Ukraine,Domestic Scheduled Passenger,-,-,-,-,-,Kiev-Zhulhyany Airport,IEV,UKKK,Ukraine,4,25,4,25,-,-,-
19740526-0,Sunday,26-MAY-1974,-,A1, En route (ENR),within Sulawesi,Indonesia,10,10, Damaged beyond repair,-,Grumman HU-16A Albatross,-,-,-,-,-, PB-51., G-4..,Indonesian AF,Military,-,-,-,-,-,Manado-Sam Ratulangi Airport,MDC,WAMM,Indonesia,-,-,-,-,-,-,-
19740528-0,Tuesday,28-MAY-1974,-,A1, Landing (LDG),Kompong Cham Airport,Cambodia,-,0, Damaged beyond repair,-,Douglas DC-3,-,-,-,-,-, XW-TFN,-,Air Union,Unknown,-,-,-,-,-,-,-,-,-,-,-,0,0,-,-,-
19740531-0,Friday,31-MAY-1974,-,A1, Approach (APR),"Rankin Inlet, NU",Canada,2,2, Damaged beyond repair,-,Bristol 170 Freighter 31E,2,Bristol Hercules 734,-,-,-, CF-QWJ, 13078,Lambair,Unknown,-,Thompson Airport,YTH,CYTH,Canada,Rankin Inlet-Sherbrooke Airport,YRT,CYRT,Canada,2,0,2,0,-,-,-
19741106-1,Wednesday,06-NOV-1974,14:35,O1, Standing (STD),"Anchorage International Airport, AK (ANC)",United States of America,0,0, Damaged beyond repair,-,NAMC YS-11A-320,-,-,1972,-,-, N172RV, 2172,Reeve Aleutian Airways,-,-,-,-,-,-,-,-,-,-,0,0,0,0,-,-,- (No safety board investigation)
19741106-2,Wednesday,06-NOV-1974,14:35,O1, Standing (STD),"Anchorage International Airport, AK (ANC)",United States of America,0,0, Damaged beyond repair,-,Douglas C-47-DL (DC-3),2,Pratt & Whitney R-1830-92,1942,-,-, N76, 4279,FAA,-,-,-,-,-,-,-,-,-,-,0,0,0,0,-,-,- (No safety board investigation)
19741106-3,Wednesday,06-NOV-1974,-,H2, Unknown (UNK),Benghazi,Libya,-,0, Unknown,-,Sud-Aviation SE-210 Caravelle,-,-,-,-,-, registration unknown,-,Alia,Unknown,-,Amman-Marka International Airport,ADJ,OJAM,Jordan,-,-,-,-,-,-,0,0,-,-,-
19741107-0,Thursday,07-NOV-1974,10:48,A2, Approach (APR),off Sønderborg,Denmark,5,3, Substantial, Repaired,Britten-Norman BN-2A Islander,2,Lycoming O-540-E4C5,1970,-,-, OY-DVJ, 154,GAC,Ambulance,-,-,-,-,-,Sønderborg Airport,SGD,EKSB,Denmark,2,3,1,2,-,-,-
19741111-0,Monday,11-NOV-1974,-,A1, Unknown (UNK),near Sorato Mt.,Bolivia,-,-, Damaged beyond repair,-,Douglas DC-3,-,-,-,-,-, TAM-34,-,TAM,Unknown,-,-,-,-,-,-,-,-,-,-,-,-,-,-,-,-
19741112-0,Tuesday,12-NOV-1974,06:45,A1, En route (ENR),"Tomé-Açu, PA",Brazil,7,7, Damaged beyond repair,-,Douglas C-47A-DK (DC-3),2,Pratt & Whitney R-1830-92,1943,-,-, 2050, 11811,Brazilian AF,Military,-,Belém/Val-de-Cans International Airport,BEL,SBBE,Brazil,Porto Nacional Airport,PNB,SBPN,Brazil,3,4,3,4,-,-,-
19741113-0,Wednesday,13-NOV-1974,-,C1, Standing (STD),Funchal Airport (FNC),Portugal,0,0, Damaged beyond repair,-,Nord 2501D Noratlas,2,Bristol Hercules 739,-,-,-, 6419, D044,Portuguese AF,Military,-,-,-,-,-,-,-,-,-,0,0,0,0,-,-,-
19741114-0,Thursday,14-NOV-1974,15:28,A1, Maneuvering (MNV),"10,8 km (6.8 mls) SE of Kiev-Zhulhyany Airport (IEV)",Ukraine,6,6, Damaged beyond repair,-,Ilyushin Il-14M,-,-,1957,16481.0,19892.0, CCCP-91515, 147001425,Aeroflot / Ukraine,"Aerial Work (Calibration, Photo)",-,Kiev-Zhulhyany Airport,IEV,UKKK,Ukraine,Donetsk Airport,DOK,UKCC,Ukraine,6,0,6,0,-,-,-
19741115-0,Friday,15-NOV-1974,-,A1, Initial climb (ICL),near Manila International Airport (MNL),Philippines,8,1, Damaged beyond repair,-,Douglas C-47A-30-DK (DC-3),2,Pratt & Whitney R-1830-92,1944,-,-, RP-C570, 25452/14007,OASIS,Domestic Non Scheduled Passenger,-,Manila International Airport,MNL,RPLL,Philippines,-,-,-,-,3,5,0,1,-,-,-
19741115-1,Friday,15-NOV-1974,-,A1, Unknown (UNK),at an unknown location,Tanzania,-,-, Damaged beyond repair,-,de Havilland Canada DHC-4A Caribou,-,-,1960,-,-, JW9015,  12,Tanzanian AF,Military,-,-,-,-,-,-,-,-,-,-,-,-,-,-,-,-
19741120-0,Wednesday,20-NOV-1974,07:54,A1, Takeoff (TOF),Nairobi International Airport (NBO),Kenya,157,59, Damaged beyond repair,-,Boeing 747-130,4,Pratt & Whitney JT9D-7,1970,-,16781.0, D-ABYB, 19747/29,Lufthansa,International Scheduled Passenger,LH540,Nairobi International Airport,NBO,HKNA,Kenya,Johannesburg International Airport,JNB,FAJS,South Africa,17,140,4,55,-,-,Final
19741120-1,Wednesday,20-NOV-1974,06:30,A1, Takeoff (TOF),Soddu Airport (SXU),Ethiopia,24,2, Damaged beyond repair,-,Douglas C-47A-30-DL (DC-3),2,Pratt & Whitney R-1830-92,1943,-,27809.0, ET-AAR, 9465,Ethiopian Airlines,Domestic Scheduled Passenger,-,Soddu Airport,SXU,HASD,Ethiopia,Beica Airport,BEI,HABE,Ethiopia,3,21,2,0,-,-,-
19741121-0,Thursday,21-NOV-1974,-,A1, Approach (APR),3 km (1.9 mls) from  Kermanshah Airport (KSH),Iran,3,2, Damaged beyond repair,-,Dassault Falcon 20E,-,-,1973,-,-, EP-AGX, 283,Air Taxi Co.,Unknown,-,-,-,-,-,Kermanshah Airport,KSH,OICC,Iran,3,0,2,0,-,-,-
19741122-0,Friday,22-NOV-1974,-,A1, Takeoff (TOF),near Barcelona Airport (BCN),Spain,4,4, Damaged beyond repair,-,Cessna 500 Citation I,-,-,-,-,-, EC-CGG, 500-0108,Alpa,Unknown,-,Barcelona-El Prat Airport,BCN,LEBL,Spain,-,-,-,-,-,-,-,-,-,-,-
19741122-1,Friday,22-NOV-1974,-,H2, Standing (STD),"Dubai, Tripoli, Tunis",Tunisia,47,1, Unknown,-,Vickers Super VC10-1151,4,Rolls-Royce Conway 550,-,-,-, G-ASGR, 867,British Airways,International Scheduled Passenger,-,Dubai Airport,DXB,OMDB,United Arab Emirates,Calcutta-Dum Dum Airport,CCU,VECC,India,10,37,-,-,-,-,-
19741123-0,Saturday,23-NOV-1974,-,A1, Approach (APR),"2,5 km (1.6 mls) from  Beograd Airport (BEG)",Serbia,50,0, Damaged beyond repair,-,McDonnell Douglas DC-9-32,2,Pratt & Whitney JT8D-9,1973,-,-, YU-AJN, 47579/693,JAT,International Scheduled Passenger,-,-,-,-,-,Beograd Airport,BEG,LYBE,Serbia,6,44,0,0,-,-,-
19741123-1,Saturday,23-NOV-1974,-,H2, Unknown (UNK),Sapporo,Japan,-,0, Unknown,-,Boeing 727,-,-,-,-,-, registration unknown,-,All Nippon,Unknown,-,Tokyo-Haneda Airport,HND,RJTT,Japan,Sapporo-Chitose Airport,CTS,RJCC,Japan,-,-,0,0,-,-,-
19741128-0,Thursday,28-NOV-1974,-,C1, En route (ENR),near An Loc,Vietnam,3,3, Damaged beyond repair,-,Douglas C-54B-1-DC (DC-4),-,-,1945,-,-, B-1801, 10529,China Airlines,Unknown,-,Phnom Penh-Pochentong Airport,PNH,VDPP,Cambodia,Hong Kong-Kai Tak International Airport,HKG,VHHH,Hong Kong,3,0,3,0,-,-,-
19741129-0,Friday,29-NOV-1974,-,A1, En route (ENR),near Cerro de la Muerte,Costa Rica,4,4, Damaged beyond repair,-,Douglas C-54D-10-DC (DC-4),-,-,1945,-,-, FAH-799, 10815,Honduras AF,Military,-,Tegucigalpa-Toncontin Airport,TGU,MHTG,Honduras,Balboa-Howard AFB,BLB,MPHO,Panama,4,0,4,0,-,-,-
19741129-1,Friday,29-NOV-1974,-,H2, En route (ENR),"Saskatoon Airport, SK (YXE)",Canada,-,0, Unknown,-,Boeing 737-200,-,-,-,-,-, registration unknown,-,Canadian Pacific,Domestic Scheduled Passenger,  71,Winnipeg International Airport,YWG,CYWG,Canada,Edmonton International Airport,YEG,CYEG,Canada,-,-,0,0,-,-,-
19741201-0,Sunday,01-DEC-1974,11:10,A1, Approach (APR),"Upperville, VA",United States of America,92,92, Destroyed, Written off (damaged beyond repair),Boeing 727-231,3,Pratt & Whitney JT8D-9A,1970,-,11997.0, N54328, 20306/791,TWA,Domestic Scheduled Passenger,TW514,Columbus-Port Columbus International Airport,CMH,KCMH,United States of America,Washington-National Airport,DCA,KDCA,United States of America,7,85,7,85,-,-,Final
19741201-1,Sunday,01-DEC-1974,19:26,A1, En route (ENR),"Stony Point, NY",United States of America,3,3, Damaged beyond repair,-,Boeing 727-251,3,Pratt & Whitney JT8D-7B,1969,-,-, N274US, 20296/777,Northwest Orient Airlines,Ferry/positioning,NW6231,New York-John F. Kennedy International Airport,JFK,KJFK,United States of America,Buffalo-Greater Buffalo International Airport,BUF,KBUF,United States of America,3,0,3,0,-,-,Final
19741201-2,Sunday,01-DEC-1974,-,H2, En route (ENR),Karachi International Airport (KHI),Pakistan,-,0, None,-,McDonnell Douglas DC-8,-,-,-,-,-, registration unknown,-,Swissair,International Scheduled Passenger,SR319,Bombay-Santacruz Airport,BOM,VABB,India,Karachi International Airport,KHI,OPKC,Pakistan,-,-,0,0,-,-,-
19741201-3,Sunday,01-DEC-1974,20:32,A1, Initial climb (ICL),"Birmingham Airport, AL (BHM)",United States of America,4,2, Damaged beyond repair,-,Beechcraft 100 King Air,-,-,-,-,-, N50PC, B-19,Southern Services,Executive,-,Washington-Dulles International Airport,IAD,KIAD,United States of America,Birmingham Airport,BHM,KBHM,United States of America,2,2,2,0,-,-,Final
19741204-0,Wednesday,04-DEC-1974,09:58,A1, Initial climb (ICL),Irkutsk Airport (IKT),Russia,7,0, Damaged beyond repair,-,Antonov An-12B,4,Ivchenko AI-20M,1970,2617.0,5811.0, CCCP-12985, 00347110,Aeroflot / East Siberia,Training,-,Irkutsk Airport,IKT,UIII,Russia,Irkutsk Airport,IKT,UIII,Russia,7,0,0,0,13,-,-
19741204-2,Wednesday,04-DEC-1974,22:15,A1, En route (ENR),Maskeliya,Sri Lanka,191,191, Destroyed, Written off (damaged beyond repair),Douglas DC-8-55F,4,Pratt & Whitney JT3D-3B,1966,-,35613.0, PH-MBH, 45818/242,Martinair Holland,Int'l Non Scheduled Passenger,MP138,Surabaya-Juanda Airport,SUB,WARR,Indonesia,Colombo-Bandaranaike International Airport,CMB,VCBI,Sri Lanka,9,182,9,182,-,-,Final
19741204-3,Wednesday,04-DEC-1974,09:58,A1, Initial climb (ICL),Irkutsk Airport (IKT),Russia,13,13, Destroyed, Written off (damaged beyond repair),Antonov An-2R,-,-,1961,-,10667.0, CCCP-49342, 1G12-26,Aeroflot / East Siberia,Domestic Scheduled Passenger,-,Irkutsk Airport,IKT,UIII,Russia,-,-,-,-,2,11,2,11,-,-,-
19741208-0,Sunday,08-DEC-1974,-,A1, Unknown (UNK),Kiev region,Ukraine,-,0, Damaged beyond repair,-,Antonov An-2R,-,-,1974,-,-, CCCP-05783, 1G154-23,Aeroflot / Ukraine,Unknown,-,-,-,-,-,-,-,-,-,-,-,0,0,-,-,-
19741209-0,Monday,09-DEC-1974,19:15,A1, En route (ENR),20 km (12.5 mls) NW off  Jeddah International Airport (JED),Saudi Arabia,6,6, Damaged beyond repair,-,Ilyushin Il-18D,-,-,1966,5124.0,13672.0, YR-IMK, 186009104,EgyptAir,Ferry/positioning,-,Jeddah International Airport,JED,OEJD,Saudi Arabia,Cairo International Airport,CAI,HECA,Egypt,6,0,6,0,-,-,-
19741209-1,Monday,09-DEC-1974,-,A1, Unknown (UNK),near Kirensk,Russia,-,0, Damaged beyond repair,-,Antonov An-2T,-,-,1962,-,-, CCCP-44917, 1G24-17,Aeroflot / East Siberia,Unknown,-,-,-,-,-,-,-,-,-,-,-,0,0,-,-,-
19741211-0,Wednesday,11-DEC-1974,20:15,A1, Landing (LDG),"Prudhoe Bay/Deadhorse Airport, AK (SCC)",United States of America,3,0, Damaged beyond repair,-,Lockheed L-188AF Electra,-,-,1959,-,-, N400FA, 1064,Fairbanks Air Service,Cargo,-,Fairbanks International Airport,FAI,PAFA,United States of America,Prudhoe Bay/Deadhorse Airport,SCC,PASC,United States of America,3,0,0,0,-,-,Final
19741214-0,Saturday,14-DEC-1974,-,A1, Takeoff (TOF),Bukhara Airport (BHK),Uzbekistan,-,7, Damaged beyond repair,-,Yakovlev Yak-40,3,Ivchenko AI-25,1971,4595.0,3637.0, CCCP-87630, 9131119,Aeroflot / Tajikistan,Domestic Scheduled Passenger,-,Bukhara Airport,BHK,UTSB,Uzbekistan,Samarkand Airport,SKD,UTSS,Uzbekistan,-,-,-,-,-,-,-
19741215-0,Sunday,15-DEC-1974,-,A1, Unknown (UNK),Takeo,Cambodia,-,-, Damaged beyond repair,-,Douglas C-50-DO (DC-3),-,-,1941,-,-, XW-TFI, 4119,Khemara Air,Unknown,-,-,-,-,-,-,-,-,-,-,-,-,-,-,-,-
19741218-0,Wednesday,18-DEC-1974,-,O1, Standing (STD),Song Be,Vietnam,-,-, Damaged beyond repair,-,Lockheed C-130A Hercules,-,-,1957,-,-, 56-0521, 3129,Vietnam Air Force - VNAF,Military,-,-,-,-,-,-,-,-,-,-,-,-,-,-,-,-
19741222-0,Sunday,22-DEC-1974,-,A1, Landing (LDG),Lusaka Airport (LUN),Zambia,5,0, Damaged beyond repair,-,Canadair CL-44D4-1,4,Rolls-Royce Tyne 515,1961,-,-, G-AWSC, 26,Tradewinds Airways,Cargo,-,-,-,-,-,Lusaka Airport,LUN,FLLS,Zambia,5,0,0,0,-,-,-
19741222-1,Sunday,22-DEC-1974,13:30,A1, En route (ENR),32 km (20 mls) from  Maturin,Venezuela,75,75, Destroyed, Written off (damaged beyond repair),McDonnell Douglas DC-9-14,2,Pratt & Whitney JT8D-7A,1967,-,-, YV-C-AVM, 47056/89,AVENSA,Domestic Scheduled Passenger, 358,Maturín-Quiriquire Airport,MUN,SVMT,Venezuela,Caracas-Simón Bolívar International Airport,CCS,SVMI,Venezuela,6,69,6,69,-,-,-
19741224-0,Tuesday,24-DEC-1974,19:18,A1, Landing (LDG),"Jersey-States Airport, Channel Islands (JER)",United Kingdom,53,0, Damaged beyond repair,-,Handley Page HPR-7 Herald 203,2,Rolls-Royce Dart 527,1968,-,11781.0, G-BBXJ, 196,BIA,Domestic Scheduled Passenger, 185,Southampton-Eastleigh Airport,SOU,EGHI,United Kingdom,Guernsey Airport,GCI,EGJB,United Kingdom,4,49,0,0,-,-,Final
19741224-1,Tuesday,24-DEC-1974,10:50,A1, En route (ENR),"13 km (8.1 mls) from  Baturino, Asinovsky district",Russia,3,1, Damaged beyond repair,-,Antonov An-2,-,-,1960,15453.0,15055.0, CCCP-15890, 1146 473 19,Aeroflot / West Siberia,Domestic Scheduled Passenger,107,Tomsk-Bogashevo Airport,TOF,UNTT,Russia,-,-,-,-,2,1,1,0,-,-,-
19741225-0,Wednesday,25-DEC-1974,-,A1, En route (ENR),Bannak,Cambodia,2,2, Damaged beyond repair,-,Curtiss C-46A-10-CU Commando,2,Pratt & Whitney R-2800-51,1943,-,-, XW-PKJ, 26493,Lane Xang Airlines,Cargo,-,Battambang Airport,BBM,VDBG,Cambodia,Phnom Penh-Pochentong Airport,PNH,VDPP,Cambodia,2,0,2,0,-,-,-
19741225-1,Wednesday,25-DEC-1974,-,O1, Standing (STD),"Darwin Airport, NT (DRW)",Australia,0,0, Damaged beyond repair,-,Douglas C-47B-30-DK (DC-3),2,Pratt & Whitney R-1830-90C,1945,-,-, PK-RDB, 32895/16147,Seulawah Air Services,-,-,-,-,-,-,-,-,-,-,0,0,0,0,-,-,-
19741225-2,Wednesday,25-DEC-1974,-,C1, Approach (APR),Song Be,Vietnam,-,-, Damaged beyond repair,-,Lockheed C-130A Hercules,-,-,1957,-,-, 55-0016, 3043,Vietnam Air Force - VNAF,Military,-,-,-,-,-,-,-,-,-,-,-,-,-,-,-,-
19741225-3,Wednesday,25-DEC-1974,-,H2, En route (ENR),Roma-Fiumicino Airport (FCO),Italy,155,0, None,-,Boeing 747-237B,-,-,-,-,-, registration unknown,-,Air-India,International Scheduled Passenger, 105,Bombay-Santacruz Airport,BOM,VABB,India,Roma-Fiumicino Airport,FCO,LIRF,Italy,-,-,0,0,-,-,-
19741225-4,Wednesday,25-DEC-1974,-,O1, Standing (STD),"Darwin Airport, NT (DRW)",Australia,0,0, Damaged beyond repair,-,Douglas C-47B-35-DK (DC-3),2,Pratt & Whitney R-1830-90C,1945,-,-, A65-104, 33295/16547,RAAF,Military,-,-,-,-,-,-,-,-,-,0,0,0,0,-,-,-
19741226-0,Thursday,26-DEC-1974,-,A1, Approach (APR),Lome Airport (LFW),Togo,6,3, Damaged beyond repair,-,Grumman American G-1159 Gulfstream II,-,-,1974,-,-, 5V-TAA, 149,Togo Government,Official state flight,-,Niamey Airport,NIM,DRRN,Niger,Lome Airport,LFW,DXXX,Togo,3,3,3,0,-,-,-
19741226-1,Thursday,26-DEC-1974,18:05,A1, Initial climb (ICL),"ca 1 km N of Seattle/Tacoma International Airport, WA (SEA)",United States of America,6,4, Damaged beyond repair,-,Britten-Norman BN-2A Islander,-,-,1968,-,-, N66HA, 31,Harbor Airlines,Domestic Scheduled Passenger, 308,Seattle/Tacoma International Airport,SEA,KSEA,United States of America,Oak Harbor Airport,ODW,KOKH,United States of America,1,5,1,3,-,-,Final
19741227-0,Friday,27-DEC-1974,20:05,A1, Approach (APR),"ca 3 km E of Lancaster-Fairfield County Airport, OH",United States of America,3,3, Destroyed, Written off (damaged beyond repair),Rockwell Sabreliner 60,2,Pratt & Whitney JT12A-8 Turbo Wasp,1974,-,-, N920G, 306-74,Anchor Hocking Glass Corp.,Executive,-,-,-,-,-,-,-,-,-,3,0,3,0,-,-,Final
19741227-1,Friday,27-DEC-1974,-,A1, Unknown (UNK),near Khabarovsk,Russia,-,0, Damaged beyond repair,-,Antonov An-2R,-,-,1966,-,-, CCCP-09611, 1G74-32,Aeroflot / Far East,Unknown,-,-,-,-,-,-,-,-,-,-,-,0,0,-,-,-
19741228-0,Saturday,28-DEC-1974,-,A1, Initial climb (ICL),Tikal-El Petén Airport (TKM),Guatemala,24,24, Damaged beyond repair,-,Lockheed 18-56-23 Lodestar,-,-,1943,-,-, TG-HTM, 18-2582,private,Domestic Non Scheduled Passenger,-,-,-,-,-,Guatemala City-La Aurora Airport,GUA,MGGT,Guatemala,3,21,3,21,-,-,-
19741229-0,Sunday,29-DEC-1974,-,A1, Approach (APR),22 km (13.8 mls) S of Sibiu Airport (SBZ),Romania,33,33, Destroyed, Written off (damaged beyond repair),Antonov An-24RV,2,Ivchenko AI-24VT,1972,-,-, YR-AMD, 27307606,Tarom,Domestic Scheduled Passenger,-,Oradea Airport,OMR,LROD,Romania,Bucharest-Baneasa Airport,BBU,LRBS,Romania,5,28,5,28,-,-,-
19741230-0,Monday,30-DEC-1974,-,A1, Unknown (UNK),"Rio Cuarto, CD",Argentina,2,2, Damaged beyond repair,-,Morane Saulnier (FMA) MS.760 Paris I,-,-,1961,-,-, E-214, A-2,Argentine AF,Military,-,-,-,-,-,-,-,-,-,2,0,2,0,-,-,-
19749999-0,-,xx-xxx-1974,-,U1, Unknown (UNK),Phnom Penh-Pochentong Airport (PNH),Cambodia,-,-, Damaged beyond repair,-,Convair CV-340-49,-,-,1954,-,-, N18837, 187,Tri-9 Corp.,Unknown,-,-,-,-,-,-,-,-,-,-,-,-,-,-,-,-
19740531-1,Friday,31-MAY-1974,18:22,A1, Approach (APR),"Bathurst-Raglan Airport, NSW (BHS)",Australia,34,0, Damaged beyond repair,-,Fokker F-27 Friendship 100,-,-,1967,20462.0,17694.0, VH-EWL, 10344,East West Airlines,Domestic Scheduled Passenger,-,Orange-Springhill Airport,OAG,YORG,Australia,Bathurst-Raglan Airport,BHS,YBTH,Australia,4,30,0,0,-,-,Final
19740599-1,-,xx-MAY-1974,-,A1, Unknown (UNK),Addis Ababa-Bole Airport (ADD),Ethiopia,-,-, Damaged beyond repair,-,IRMA/Britten-Norman BN-2A Islander,-,-,1969,-,-, 5Y-AMG, 601,Government of Kenya,Unknown,-,-,-,-,-,-,-,-,-,-,-,-,-,-,-,-
19740608-0,Saturday,08-JUN-1974,14:30,A1, En route (ENR),16 km (10 mls) W of Cúcuta-Camilo Daza Airport (CUC),Colombia,44,44, Destroyed, Written off (damaged beyond repair),Vickers 785D Viscount,4,Rolls-Royce Dart 510,1958,-,-, HK-1058, 380,Aerolíneas TAO,Domestic Scheduled Passenger, 514,-,-,-,-,Cúcuta-Camilo Daza Airport,CUC,SKCC,Colombia,6,38,6,38,-,-,Final
19740612-0,Wednesday,12-JUN-1974,03:13,A2, Landing (LDG),Brussel-Zaventem Airport (BRU),Belgium,85,0, Substantial, Repaired,Tupolev Tu-134A,2,Soloviev D-30-II,1972,-,3623.0, YU-AJD, 2351508,Aviogenex,Int'l Non Scheduled Passenger,JJ461,Beograd Airport,BEG,LYBE,Serbia,Brussel-Zaventem Airport,BRU,EBBR,Belgium,7,78,0,0,-,-,Final
19740612-1,Wednesday,12-JUN-1974,13:57,A1, Maneuvering (MNV),"near Winslow, AZ",United States of America,2,2, Destroyed, Written off (damaged beyond repair),Lockheed PV-2 Harpoon,-,-,-,-,-, N7263C, 15-1247,Master Equipment Co.,Fire fighting,-,-,-,-,-,-,-,-,-,2,0,2,0,-,-,Final
19740621-0,Friday,21-JUN-1974,06:56,A2, Takeoff (TOF),London-Luton Airport (LTN),United Kingdom,134,0, Substantial, Repaired,Boeing 727-46,3,Pratt & Whitney JT8D-7A,1966,-,-, G-BAEF, 18879/254,Dan-Air Services,Int'l Non Scheduled Passenger,-,London-Luton Airport,LTN,EGGW,United Kingdom,Kerkyra-I. Kapodistrias Airport,CFU,LGKR,Greece,8,126,0,0,-,-,Final
19740622-0,Saturday,22-JUN-1974,-,A1, Taxi (TXI),Amsterdam-Schiphol Airport (AMS),Netherlands,-,0, Damaged beyond repair,-,Sud Aviation SE-210 Caravelle VI-R,2,Rolls-Royce Avon 533R,1961,-,-, PH-TRH,  96,Transavia Holland,Int'l Non Scheduled Passenger,-,Amsterdam-Schiphol International Airport,AMS,EHAM,Netherlands,-,-,-,-,-,-,0,0,-,-,-
19740624-0,Monday,24-JUN-1974,16:45,A1, En route (ENR),"near Kline, SC",United States of America,3,3, Destroyed, Written off (damaged beyond repair),Grumman G-1159 Gulfstream II,2,Rolls-Royce Spey 511-8,1969,-,3224.0, N720Q,  58,IBM,Training,-,Savannah International Airport,SAV,KSAV,United States of America,Savannah International Airport,SAV,KSAV,United States of America,3,0,3,0,-,-,Final
19740624-1,Monday,24-JUN-1974,17:05,A1, Initial climb (ICL),"0,5 km (0.3 mls) from  Tashkent-Yuzhny Airport (TAS)",Uzbekistan,114,1, Damaged beyond repair,-,Ilyushin Il-18E,-,-,1966,6427.0,19030.0, CCCP-75405, 186009005,Aeroflot / Uzbekistan,Domestic Scheduled Passenger,5139,Tashkent-Yuzhny Airport,TAS,UTTT,Uzbekistan,Sverdlovsk-Koltsovo Airport,SVX,USSS,Russia,8,106,0,1,-,-,-
19740627-0,Thursday,27-JUN-1974,07:26,A1, Maneuvering (MNV),"near Safford, AZ",United States of America,2,2, Damaged beyond repair,-,Consolidated P4Y-2B Privateer,-,-,-,-,-, N7237C,-,SS&T Aerial Contractors,Fire fighting,-,-,-,-,-,-,-,-,-,2,0,2,0,-,-,Final
19740627-1,Thursday,27-JUN-1974,-,A1, En route (ENR),near Battambang Airport (BBM),Cambodia,39,19, Damaged beyond repair,-,Boeing S.307B-1 Stratoliner,-,-,1940,-,-, XW-TFR, 1999,Cambodia Air Commercial,Domestic Scheduled Passenger,-,Battambang Airport,BBM,VDBG,Cambodia,Phnom Penh-Pochentong Airport,PNH,VDPP,Cambodia,6,33,2,17,-,-,-
19740627-2,Thursday,27-JUN-1974,14:00,A1, Unknown (UNK),"Rio de Janeiro, RJ",Brazil,4,2, Damaged beyond repair,-,Fairchild C-119G Flying Boxcar,-,-,-,-,-, 2301, 10960,Brazilian AF,Military,-,-,-,-,-,-,-,-,-,4,0,2,0,-,-,-
19740629-0,Saturday,29-JUN-1974,-,A1, En route (ENR),near Demidovo,Russia,1,1, Destroyed, Written off (damaged beyond repair),Antonov An-2M,-,-,1967,9906.0,2197.0, CCCP-02383, 701627,Aeroflot,Agricultural,-,-,-,-,-,-,-,-,-,1,0,1,0,-,-,-
19740703-0,Wednesday,03-JUL-1974,-,U1, Unknown (UNK),Kompong Som Airport (KOS),Cambodia,-,-, Damaged beyond repair,-,Douglas DC-3,-,-,-,-,-, XW-PKT,-,Lane Xang Airlines,Unknown,-,-,-,-,-,-,-,-,-,-,-,-,-,-,-,-
19740704-0,Thursday,04-JUL-1974,-,A1, En route (ENR),17 km (10.6 mls) NW of Usinsk Airport,Russia,2,2, Damaged beyond repair,-,Antonov An-2,-,-,1964,12376.0,10311.0, CCCP-92836, 1G52-28,Aeroflot / Komi,Illegal Flight,-,-,-,-,-,-,-,-,-,1,1,1,1,-,-,-
19740706-0,Saturday,06-JUL-1974,-,A1, Approach (APR),"near Sinitsyno, Atkarsky district, Saratov Oblast",Russia,5,5, Damaged beyond repair,-,Antonov An-24T,-,-,-,-,-, registration unknown,-,Soviet AF,Military,-,-,-,-,-,-,-,-,-,5,0,5,0,-,-,-
19740708-0,Monday,08-JUL-1974,12:50,A1, Landing (LDG),"near Point Hope Airport, AK (PHO)",United States of America,3,0, Damaged beyond repair,-,Armstrong Whitworth AW-650 Argosy 101,4,Rolls-Royce Dart 526,1961,-,-, N894U, 6658,Duncan Aviation,Unknown,-,Galena Airport,GAL,PAGA,United States of America,Point Hope Airport,PHO,PAPO,United States of America,3,0,0,0,-,-,Final
19740708-1,Monday,08-JUL-1974,09:40,A2, En route (ENR),"near Tampa, FL",United States of America,172,0, Substantial, Repaired,McDonnell Douglas DC-10-10,3,General Electric CF6-6D,1971,-,7899.0, N60NA, 46700/14,National Airlines,Domestic Scheduled Passenger, 41,Miami International Airport,MIA,KMIA,United States of America,Los Angeles International Airport,LAX,KLAX,United States of America,12,160,0,0,-,-,Final
19740710-0,Wednesday,10-JUL-1974,-,U1, Unknown (UNK),at an unknown location,Unknown country,-,-, Damaged beyond repair,-,de Havilland Canada DHC-6 Twin Otter 300,2,Pratt & Whitney Canada PT6A-27,1971,-,-, FAP-303, 315,Peruvian AF,Military,-,-,-,-,-,-,-,-,-,-,-,-,-,-,-,-
19740710-1,Wednesday,10-JUL-1974,17:30,A1, Initial climb (ICL),near Cairo,Egypt,6,6, Damaged beyond repair,-,Tupolev Tu-154,-,-,1973,-,-, SU-AXB, 73A048,EgyptAir,Training,-,Cairo International Airport,CAI,HECA,Egypt,Cairo International Airport,CAI,HECA,Egypt,6,0,6,0,-,-,-
19740715-0,Monday,15-JUL-1974,-,U1, Unknown (UNK),Battambang Airport (BBM),Cambodia,-,-, Damaged beyond repair,-,Douglas C-54A-5-DC (DC-4),-,-,1944,-,-, B-1811, 10302,China Airlines,Unknown,-,-,-,-,-,-,-,-,-,-,-,-,-,-,-,-
19740715-1,Monday,15-JUL-1974,-,H2, En route (ENR),Nagoya,Japan,89,0, None,-,McDonnell Douglas DC-8,-,-,-,-,-, registration unknown,-,JAL,Domestic Scheduled Passenger,-,Osaka-Itami Airport,ITM,RJOO,Japan,Tokyo-Haneda Airport,HND,RJTT,Japan,-,-,0,0,-,-,-
19740719-0,Friday,19-JUL-1974,-,A1, Unknown (UNK),Cairo,Egypt,5,5, Damaged beyond repair,-,Antonov An-12,-,-,-,-,-, registration unknown,-,Egyptian AF,Military,-,-,-,-,-,-,-,-,-,-,-,-,-,-,-,-
19740720-0,Saturday,20-JUL-1974,-,C1, Unknown (UNK),NW of Nicosia,Cyprus,-,-, Damaged beyond repair,-,Dornier Do 28D-1 Skyservant,-,-,-,-,-, 100.., 40..,Turkish Army,Military,-,-,-,-,-,-,-,-,-,-,-,-,-,-,-,-
19740722-0,Monday,22-JUL-1974,-,C1, Standing (STD),Nicosia Airport (NIC),Cyprus,0,0, Damaged beyond repair,-,Hawker Siddeley HS-121 Trident 1E,-,-,1966,-,-, 5B-DAE, 2134,Cyprus Airways,-,-,-,-,-,-,-,-,-,-,0,0,0,0,-,-,-
19740722-1,Monday,22-JUL-1974,-,C1, Standing (STD),Nicosia Airport (NIC),Cyprus,0,0, Damaged beyond repair,-,Hawker Siddeley HS-121 Trident 2E,3,Rolls-Royce Spey 512,1970,-,-, 5B-DAB, 2155,Cyprus Airways,-,-,-,-,-,-,-,-,-,-,0,0,0,0,-,-,-
19740722-2,Monday,22-JUL-1974,02:00,C1, Approach (APR),3 km (1.9 mls) from  Nicosia Airport (NIC),Cyprus,32,31, Destroyed, Written off (damaged beyond repair),Nord 2501D Noratlas,2,Bristol Hercules 739,-,-,-, 52-133, D035,Hellenic AF,Military,-,Chania-Soúda Airport,CHQ,LGSA,Greece,Nicosia Airport,NIC,LCNC,Cyprus,4,28,4,27,-,-,-
19740722-3,Monday,22-JUL-1974,-,C1, Approach (APR),Nicosia Airport (NIC),Cyprus,13,2, Damaged beyond repair,-,Nord 2501D Noratlas,2,Bristol Hercules 739,-,-,-, 52-139, D041,Hellenic AF,Military,-,-,-,-,-,-,-,-,-,-,-,-,-,-,-,-
19740722-4,Monday,22-JUL-1974,-,A1, Standing (STD),Nicosia Airport (NIC),Cyprus,0,0, Damaged beyond repair,-,Nord 2501D Noratlas,2,Bristol Hercules 739,-,-,-, 52-143, D048,Hellenic AF,Military,-,-,-,-,-,-,-,-,-,0,0,0,0,-,-,-
19740722-5,Monday,22-JUL-1974,-,C1, Standing (STD),Nicosia Airport (NIC),Cyprus,0,0, Damaged beyond repair,-,Nord 2501D Noratlas,2,Bristol Hercules 739,-,-,-, 53-207, D125,Hellenic AF,Military,-,-,-,-,-,-,-,-,-,0,0,0,0,-,-,-
19740723-0,Tuesday,23-JUL-1974,-,A1, Unknown (UNK),at an unknown location,Poland,-,-, Damaged beyond repair,-,Antonov An-2TD,-,-,-,-,-, SP-ANG, 1G27-05,APRL,Unknown,-,-,-,-,-,-,-,-,-,-,-,-,-,-,-,-
19740724-0,Wednesday,24-JUL-1974,21:45,A2, Approach (APR),nr Héric,France,3,3, Substantial, Repaired,Fokker F-27 Friendship 500,-,-,1969,17677.0,14208.0, F-BPUI, 10389,Air France,Cargo,-,Rennes-St Jacques Airport,RNS,LFRN,France,Nantes Château-Bougon Airport,NTE,LFRS,France,3,0,3,0,-,-,-
19740724-1,Wednesday,24-JUL-1974,09:45,A1, En route (ENR),El Libano,Colombia,3,3, Damaged beyond repair,-,Douglas DC-4,-,-,1944,-,-, HK-728, 10507,Aeronorte,Cargo,-,Bogotá-Eldorado Airport,BOG,SKBO,Colombia,Barranquilla-Soledad Airport,BAQ,SKBQ,Colombia,3,0,3,0,-,-,-
19740724-2,Wednesday,24-JUL-1974,-,H2, En route (ENR),Cali Airport (CLO),Colombia,123,1, Unknown,-,Boeing 727-24C,-,-,1967,-,-, HK-1271, 19524/428,Avianca,Domestic Scheduled Passenger,-,Pereira Airport,PEI,SKPE,Colombia,Medellín-Enrique Olaya Herrera Airport,EOH,SKMD,Colombia,-,-,0,1,-,-,-
19740727-0,Saturday,27-JUL-1974,-,C1, En route (ENR),9 km (5.6 mls) S of Moc Hoa,Vietnam,5,5, Damaged beyond repair,-,Fairchild C-123K Provider,-,-,-,-,-, ST-4, 20304,Air America,Cargo,-,Phnom Penh-Pochentong Airport,PNH,VDPP,Cambodia,Saigon-Tan Son Nhat International Airport,SGN,VVTS,Vietnam,4,1,4,1,-,-,-
19740727-1,Saturday,27-JUL-1974,-,A1, Maneuvering (MNV),"Pitelino, Rjazan Region",Russia,3,3, Damaged beyond repair,-,Antonov An-2TP,-,-,-,8681.0,1865.0, CCCP-35029, 1G109-35,Aeroflot / Sasovo FS,Training,-,-,-,-,-,-,-,-,-,3,0,3,0,-,-,-
19740802-0,Friday,02-AUG-1974,-,A1, Maneuvering (MNV),"near Kamloops, BC",Canada,3,3, Damaged beyond repair,-,Douglas DC-6B,4,Pratt & Whitney R-2800,1955,-,-, CF-PWA, 44698/590,Conair Aviation,Fire fighting,-,-,-,-,-,-,-,-,-,3,0,3,0,-,-,-
19740805-0,Monday,05-AUG-1974,-,A1, En route (ENR),"near Bagotville, QC",Canada,11,5, Damaged beyond repair,-,Douglas C-47A-DK (DC-3),2,Pratt & Whitney R-1830-92,1943,-,-, C-FTAT, 11850,Laurentian Air Services,Domestic Non Scheduled Passenger,-,La Tuque Airport,YLQ,CYLQ,Canada,-,-,-,-,3,8,3,2,-,-,-
19740805-2,Monday,05-AUG-1974,-,A1, Landing (LDG),Mota Airport (OTA),Ethiopia,-,0, Damaged beyond repair,-,Douglas C-47B-25-DK (DC-3),2,Pratt & Whitney R-1830-90C,1945,-,25067.0, ET-ABE, 32846/16098,Ethiopian Airlines,Unknown,-,-,-,-,-,Mota Airport,OTA,HAMO,Ethiopia,-,-,0,0,-,-,-
19740806-1,Tuesday,06-AUG-1974,01:00,C1, Standing (STD),Quimper Airport (UIP),France,0,0, Damaged beyond repair,-,Fokker F-27 Friendship 500,-,-,1968,9176.0,11125.0, F-BPNF, 10376,Air Inter,-,-,-,-,-,-,-,-,-,-,0,0,0,0,-,-,-
19740807-0,Wednesday,07-AUG-1974,14:00,A1, Approach (APR),"0,5 km (0.3 mls) S of Mariquita Airport (MQU)",Colombia,6,2, Damaged beyond repair,-,Martin 4-0-4,-,-,1952,-,-, HK-1485, 14237,Aero Proveedora Proa,Training,-,Mariquita Airport,MQU,SKQU,Colombia,Mariquita Airport,MQU,SKQU,Colombia,2,4,1,1,-,-,-
19740809-0,Friday,09-AUG-1974,-,C1, En route (ENR),near Dimas,Syria,9,9, Damaged beyond repair,-,de Havilland Canada CC-115 Buffalo,-,-,1968,-,-, 115461, 16,UN,Military,-,Beirut International Airport,BEY,OLBA,Lebanon,Damascus International Airport,DAM,OSDI,Syria,-,-,-,-,-,-,-
19740811-0,Sunday,11-AUG-1974,-,A1, Approach (APR),Linoghin,Burkina Faso,60,47, Damaged beyond repair,-,Ilyushin Il-18V,4,Ivchenko AI-20K,1961,-,-, TZ-ABE, 181003304,Air Mali,Int'l Non Scheduled Passenger,-,Bamako Airport,BKO,GABS,Mali,Niamey Airport,NIM,DRRN,Niger,10,50,8,39,-,-,-
19740812-0,Monday,12-AUG-1974,10:00,A1, En route (ENR),ca 100 km NE of Cali,Colombia,27,27, Damaged beyond repair,-,Douglas C-47-DL (Hyper),-,-,1942,-,-, HK-508, 4527,Avianca,Domestic Scheduled Passenger,AV610,Tumaco-La Florida Airport,TCO,SKCO,Colombia,Cali Airport,CLO,SKCL,Colombia,3,24,3,24,-,-,-
19740814-0,Wednesday,14-AUG-1974,09:20,A1, Approach (APR),"5 km (3.1 mls) SW of Porlamar Airport, Isla Margarita",Venezuela,48,48, Destroyed, Written off (damaged beyond repair),Vickers 749 Viscount,-,-,1956,-,-, YV-C-AMX,  95,LAV,Domestic Scheduled Passenger,-,Cumaná Airport,CUM,SVCU,Venezuela,Porlamar Airport,PMV,SVMG,Venezuela,4,44,4,44,-,-,-
19740818-0,Sunday,18-AUG-1974,-,A1, Unknown (UNK),near Kisangani,Democratic Republic of the Congo,31,31, Damaged beyond repair,-,Lockheed C-130H Hercules,-,-,1971,-,-, 9T-TCD, 4422,Zaire AF,Military,-,-,-,-,-,-,-,-,-,7,24,7,24,-,-,-
19740818-1,Sunday,18-AUG-1974,-,A1, En route (ENR),28 km (17.5 mls) N of La Paz-El Alto Airport (LPB),Bolivia,7,7, Damaged beyond repair,-,Lockheed C-141A-LM Starlifter,4,Pratt & Whitney TF33-P-7,-,-,16339.0, 65-0274, 300-6126,USAF,Military,-,Balboa-Howard AFB,BLB,MPHO,Panama,La Paz-El Alto Airport,LPB,SLLP,Bolivia,7,0,7,0,-,-,-
19740824-0,Saturday,24-AUG-1974,-,A1, Unknown (UNK),Richards Bay,South Africa,1,0, Damaged beyond repair,-,Britten-Norman BN-2A-3 Islander,-,-,1971,-,-, ZS-IZZ, 317,Emric Air,Unknown,-,-,-,-,-,-,-,-,-,1,0,0,0,-,-,-
19740826-0,Monday,26-AUG-1974,-,O1, Standing (STD),Phnom Penh Airport (PNH),Cambodia,-,0, Damaged beyond repair,-,Curtiss C-46F-1-CU Commando,-,-,1945,-,-, N9760Z, 22574,Tri-9 Corp.,Unknown,-,-,-,-,-,-,-,-,-,-,-,0,0,-,-,-
19740826-1,Monday,26-AUG-1974,-,C2, Standing (STD),Roma-Fiumicino Airport (FCO),Italy,-,0, Unknown,-,Boeing 707,-,-,-,-,-, registration unknown,-,TWA,International Scheduled Passenger,-,Athens-Ellinikon International Airport,ATH,LGAT,Greece,Roma-Fiumicino Airport,FCO,LIRF,Italy,-,-,0,0,-,-,-
19740828-0,Wednesday,28-AUG-1974,-,A2, Takeoff (TOF),Andryushkino,Russia,-,0, Substantial,-,Antonov An-2V,-,-,-,-,-, CCCP-04302, 1126 473 16,Aeroflot / Yakutsk,Unknown,-,-,-,-,-,-,-,-,-,-,-,0,0,-,-,Preliminary
19740829-0,Thursday,29-AUG-1974,16:45,A1, Approach (APR),near Valence-Chabeuil Airport (VAF),France,2,0, Damaged beyond repair,-,de Havilland Canada DHC-4A Caribou,2,Pratt & Whitney R-2000,1962,-,-, N90569,  48,Masin Aircraft Co.,Ferry/positioning,-,Algiers-Dar el Beida Airport,ALG,DAAG,Algeria,Basel/Mulhouse Airport,BSL,LFSB,France,2,0,0,0,-,-,-
19740830-0,Friday,30-AUG-1974,-,O1, Standing (STD),"Galbraith Lake Airport, AK (GBH)",United States of America,0,0, Damaged beyond repair,-,Lockheed L-100 Hercules,4,Allison 501-D22,1967,-,-, N100AK, 4209,Alaska Int. Air,Cargo,-,-,-,-,-,-,-,-,-,0,0,0,0,-,-,-
19740830-1,Friday,30-AUG-1974,-,A1, Unknown (UNK),Redlo,Poland,-,-, Damaged beyond repair,-,Antonov An-2R,-,-,-,-,-, SP-WLT, 1G148-08,ZUA,Unknown,-,-,-,-,-,-,-,-,-,-,-,-,-,-,-,-
19740831-0,Saturday,31-AUG-1974,12:50,A1, Maneuvering (MNV),"near Briggsdale, CO",United States of America,4,4, Damaged beyond repair,-,Learjet 25B,-,-,-,-,-, N366AA, 25-151,Colorado Flying Academy,Training,-,-,-,-,-,-,-,-,-,3,1,3,1,-,-,Final
19740901-0,Sunday,01-SEP-1974,-,O1, Standing (STD),"Norfolk Regional Airport, VA (ORF)",United States of America,-,0, Damaged beyond repair,-,Martin 4-0-4,-,-,1952,-,-, N40427, 14133,GSD Aircraft Leasing,Unknown,-,-,-,-,-,-,-,-,-,-,-,0,0,-,-,-
19740904-0,Wednesday,04-SEP-1974,-,H2, Unknown (UNK),"Boston-Logan International Airport, MA (BOS)",United States of America,101,0, Unknown,-,McDonnell Douglas DC-9,-,-,-,-,-, registration unknown,-,Eastern Air Lines,Domestic Scheduled Passenger,EA1160,-,-,-,-,Boston-Logan International Airport,BOS,KBOS,United States of America,-,-,0,0,-,-,-
19740906-0,Friday,06-SEP-1974,-,A1, En route (ENR),"near Petreto-Bicchisano, Corsica",France,4,4, Damaged beyond repair,-,Nord 2501 Noratlas,2,Bristol Hercules 739,1957,-,-, 143, 143,French AF,Military,-,-,-,-,-,-,-,-,-,4,0,4,0,-,-,-
19740907-0,Saturday,07-SEP-1974,-,A1, Approach (APR),Bandar Lampung-Branti Airport (TKG),Indonesia,36,33, Damaged beyond repair,-,Fokker F-27 Friendship 600,-,-,1969,6976.0,8737.0, PK-GFJ, 10422,Garuda,Domestic Scheduled Passenger,-,-,-,-,-,Bandar Lampung-Branti Airport,TKG,WICT,Indonesia,3,33,3,30,-,-,-
19740907-1,Saturday,07-SEP-1974,-,U1, Unknown (UNK),at an unknown location,India,-,-, Damaged beyond repair,-,Douglas C-47A-DK (DC-3),2,Pratt & Whitney R-1830-92,1944,-,-, BJ920, 13696,Indian AF,Military,-,-,-,-,-,-,-,-,-,-,-,-,-,-,-,-
19740908-0,Sunday,08-SEP-1974,09:40,C1, En route (ENR),"93 km (58.1 mls) W off  Cephalonia, Greece",Mediterranean Sea,88,88, Destroyed, Written off (damaged beyond repair),Boeing 707-331B,4,Pratt & Whitney JT3D-3B,1969,-,21733.0, N8734, 20063/789,TWA,International Scheduled Passenger,TW841,Athens-Ellinikon International Airport,ATH,LGAT,Greece,Roma-Fiumicino Airport,FCO,LIRF,Italy,9,79,9,79,-,-,Final
19740908-1,Sunday,08-SEP-1974,-,A1, En route (ENR),near Port-au-Prince,Haiti,4,4, Damaged beyond repair,-,Curtiss C-46D-15-CU Commando,-,-,1945,-,-, TI-1010C, 33348,TAISA,Cargo,-,Port-au-Prince Airport,PAP,MTPP,Haiti,San José-Juan Santamaria International Airport,SJO,MROC,Costa Rica,3,1,3,1,-,-,-
19740909-0,Monday,09-SEP-1974,-,A1, Approach (APR),near Puerto Montt-Tepual Airport (PMC),Chile,6,5, Damaged beyond repair,-,de Havilland Canada DHC-6 Twin Otter 100,2,Pratt & Whitney Canada PT6A-20,1967,-,-, 941,  28,Chilean AF,Military,-,Puerto Montt-Tepual Airport,PMC,SCTE,Chile,Puerto Montt-Tepual Airport,PMC,SCTE,Chile,3,3,2,3,-,-,-
19740911-0,Wednesday,11-SEP-1974,-,A2, Landing (LDG),"Recife International Airport, PE (REC)",Brazil,84,0, Unknown,-,Boeing 727-41,3,Pratt & Whitney JT8D-9A,1970,-,-, PP-VLH, 20424/817,Varig,Passenger,-,-,-,-,-,Recife International Airport,REC,SBRF,Brazil,8,76,0,0,-,-,-
19740911-1,Wednesday,11-SEP-1974,07:34,A1, Approach (APR),"5,3 km (3.3 mls) S of Charlotte-Douglas Airport, NC (CLT)",United States of America,82,72, Destroyed, Written off (damaged beyond repair),McDonnell Douglas DC-9-31,2,Pratt & Whitney JT8D-7B,1969,-,16860.0, N8984E, 47400/443,Eastern Air Lines,Domestic Scheduled Passenger,EA212,Charleston Municipal Airport,CHS,KCHS,United States of America,Charlotte-Douglas Airport,CLT,KCLT,United States of America,4,78,2,70,-,-,Final
19740913-0,Friday,13-SEP-1974,-,A1, Landing (LDG),Kobenhavn-Kastrup Airport (CPH),Denmark,-,0, Damaged beyond repair,-,Boeing 720-025,4,Pratt & Whitney JT3C-7,1961,-,-, OY-DSR, 18243/254,Conair,Unknown,-,-,-,-,-,København-Kastrup Airport,CPH,EKCH,Denmark,-,-,0,0,-,-,-
19740915-0,Sunday,15-SEP-1974,-,H1, Initial climb (ICL),near Phan Rang Air Base (PHA),Vietnam,75,75, Damaged beyond repair,-,Boeing 727-121C,3,Pratt & Whitney JT8D-7,1968,-,-, XV-NJC, 19819/516,Air Vietnam,Domestic Scheduled Passenger,VN706,Da Nang Airport,DAD,VVDN,Vietnam,Saigon-Tan Son Nhat International Airport,SGN,VVTS,Vietnam,8,67,8,67,-,-,-
19740917-0,Tuesday,17-SEP-1974,-,U1, Unknown (UNK),Tawi Atair,Oman,-,-, Damaged beyond repair,-,Shorts SC.7 Skyvan 3M-400,2,Garrett TPE331-2-201A,1972,-,-, 909, SH.1899,Oman AF,Military,-,-,-,-,-,-,-,-,-,-,-,-,-,-,-,-
19740918-0,Wednesday,18-SEP-1974,07:30,A1, Approach (APR),"near Ponta Porã International Airport, MS (PMG)",Brazil,21,20, Damaged beyond repair,-,de Havilland Canada C-115 Buffalo (DHC-5),-,-,-,-,-, 2366, 36,Brazilian AF,Military,-,Ponta Porã International Airport,PMG,SBPP,Brazil,Campo Grande Internacional Airport,CGR,SBCG,Brazil,-,-,-,-,-,-,-
19740919-0,Thursday,19-SEP-1974,-,A1, Unknown (UNK),SE off Cabo de Palos,Spain,3,3, Damaged beyond repair,-,Grumman SA-16B Albatross (HU-16),-,-,-,-,-, AN.1A-1, G-148,Spanish AF,Military,-,Jerez Air Base,XRY,LEJR,Spain,-,-,-,-,3,0,3,0,-,-,-
19740920-0,Friday,20-SEP-1974,-,A1, En route (ENR),Lago Xolotlán,Nicaragua,7,7, Damaged beyond repair,-,Douglas C-47 (DC-3),-,-,-,-,-, registration unknown,-,Nicaraguan AF,Military,-,Managua-Las Mercedes Airport,MGA,MNMG,Nicaragua,-,-,-,-,-,-,-,-,-,-,-
19740927-0,Friday,27-SEP-1974,-,A1, Landing (LDG),"Clinton Municipal Airport, OK (CLK)",United States of America,5,0, Damaged beyond repair,-,Lockheed C-5A Galaxy,4,General Electric TF39,-,-,-, 68-0227, 500-0030,USAF,Military,-,Altus AFB,LTS,KLTS,United States of America,Altus AFB,LTS,KLTS,United States of America,5,0,0,0,-,-,-
19740930-0,Monday,30-SEP-1974,-,A1, Unknown (UNK),Saharood,Iran,-,-, Damaged beyond repair,-,Fokker F-27 Friendship 400M,-,-,1972,979.0,762.0, 5-211, 10489,Iran AF,Military,-,-,-,-,-,-,-,-,-,-,-,-,-,-,-,-
19740930-1,Monday,30-SEP-1974,-,A1, Landing (LDG),Okinawa-Kadena AFB (DNA),Japan,-,-, Damaged beyond repair,-,Lockheed C-130E Hercules,-,-,1963,-,-, 63-7802, 3868,USAF,Military,-,-,-,-,-,Okinawa-Kadena AFB,DNA,RODN,Japan,-,-,-,-,-,-,-
19740930-2,Monday,30-SEP-1974,-,A1, En route (ENR),off Alaska,Pacific Ocean,4,4, Missing, Presumed damaged beyond repair,Grumman G-73 Mallard,-,-,1947,-,-, N2965, J-24,U.S. Dept of Interior,Survey/research,-,Anchorage International Airport,ANC,PANC,United States of America,Kodiak Airport,ADQ,PADQ,United States of America,1,3,1,3,-,-,-
19741001-0,Tuesday,01-OCT-1974,-,O1, Standing (STD),"Anchorage-Elmendorf AFB, AK (EDF)",United States of America,-,-, Damaged beyond repair,-,Douglas C-124C Globemaster II,4,Pratt & Whitney R-4360-20WA,-,-,-, 51-0075, 43409,USAF,Military,-,-,-,-,-,-,-,-,-,-,-,-,-,-,-,-
19741001-1,Tuesday,01-OCT-1974,21:40,A1, Approach (APR),"Lupine Airstrip, AK",United States of America,6,6, Destroyed, Written off (damaged beyond repair),Volpar Turboliner,-,-,-,-,-, N357V, AF-680,Winship Air Services,Domestic Non Scheduled Passenger,-,Fairbanks International Airport,FAI,PAFA,United States of America,-,-,-,-,2,4,2,4,-,-,Final
19741002-0,Wednesday,02-OCT-1974,19:31,A1, Approach (APR),off Saint Thomas,U.S. Virgin Islands,2,2, Damaged beyond repair,-,Britten-Norman BN-2A Islander,-,-,1970,-,-, N864JA, 175,North Cay Airways,Domestic Scheduled Passenger,-,Saint Croix-Alexander Hamilton Airport,STX,TISX,U.S. Virgin Islands,Saint Thomas Airport,STT,TIST,U.S. Virgin Islands,1,1,1,1,-,-,Final
19741004-0,Friday,04-OCT-1974,20:01,A1, Takeoff (TOF),Southend Municipal Airport (SEN),United Kingdom,105,0, Damaged beyond repair,-,Douglas DC-6B,4,Pratt & Whitney R-2800-CB16,1953,-,43017.0, OO-VGB, 43830/352,DAT,Int'l Non Scheduled Passenger,-,Southend Municipal Airport,SEN,EGMC,United Kingdom,Antwerpen-Deurne Airport,ANR,EBAW,Belgium,6,99,0,0,-,-,Final
19741005-0,Saturday,05-OCT-1974,-,A1, Unknown (UNK),at an unknown location,Guatemala,6,6, Damaged beyond repair,-,Douglas DC-3,-,-,-,-,-, registration unknown,-,Unknown,Cargo,-,-,-,-,-,-,-,-,-,4,2,4,2,-,-,-
19741007-0,Monday,07-OCT-1974,-,H2, Unknown (UNK),at an unknown location,Unknown country,-,0, Unknown,-,Vickers Viscount,-,-,-,-,-, registration unknown,-,FEAT,Unknown,-,Tainan Airport,TNN,RCNN,Taiwan,Taipei-Songshan Airport,TSA,RCSS,Taiwan,-,-,0,0,-,-,-
19741008-0,Tuesday,08-OCT-1974,-,A1, Takeoff (TOF),Krakor Airport (KZD),Cambodia,5,0, Damaged beyond repair,-,Douglas DC-3,-,-,-,-,-, XW-PKX,-,Khmer Airlines,Cargo,-,-,-,-,-,-,-,-,-,5,0,0,0,-,-,-
19741009-0,Wednesday,09-OCT-1974,-,A1, Approach (APR),Nyköping Airport (NYO),Sweden,27,0, Damaged beyond repair,-,Douglas Tp 79 (C-47-DL),-,-,1945,-,-, 79005, 33246/16498,Swedish AF,Military,-,-,-,-,-,Nyköping Airport,NYO,ESKN,Sweden,3,24,0,0,-,-,-
19741011-0,Friday,11-OCT-1974,-,A1, Landing (LDG),"Cutral Có, NE",Argentina,-,-, Damaged beyond repair,-,FMA IA 50 Guaraní II,-,-,-,-,-, T-113, 04,Argentine AF,Military,-,-,-,-,-,-,-,-,-,-,-,-,-,-,-,Preliminary
19741011-1,Friday,11-OCT-1974,-,C1, En route (ENR),Svay Rieng province,Cambodia,-,2, Damaged beyond repair,-,Fairchild C-123K Provider,-,-,-,-,-, 690, 20139,Khmer Air Force,Military,-,-,-,-,-,-,-,-,-,-,-,-,-,-,-,-
19741013-0,Sunday,13-OCT-1974,-,A1, En route (ENR),"640 km (400 mls) NNW off  Clark Air Base, Philippines [South China Sea]",Pacific Ocean,6,6, Damaged beyond repair,-,Lockheed WC-130H Hercules,-,-,1965,-,-, 65-0965, 4106,USAF,Military,-,Angeles City-Clark Air Base,CRK,RPMK,Philippines,Angeles City-Clark Air Base,CRK,RPMK,Philippines,6,0,6,0,-,-,-
19741015-0,Tuesday,15-OCT-1974,-,A1, En route (ENR),120 km (75 mls) NNE of Vientiane,Laos,5,5, Damaged beyond repair,-,Curtiss C-46D-15-CU Commando,-,-,1945,-,-, XW-PBW, 33451,Royal Air Lao,Cargo,-,Vientiane-Wattay Airport,VTE,VLVT,Laos,Vientiane-Wattay Airport,VTE,VLVT,Laos,5,0,5,0,-,-,-
19741018-0,Friday,18-OCT-1974,23:52,A1, Approach (APR),"1,3 km (0.8 mls) from  Yeniseysk Airport (EIE)",Russia,12,1, Damaged beyond repair,-,Antonov An-12B,4,Ivchenko AI-20M,1967,4629.0,11124.0, CCCP-11030, 7345002,Aeroflot / East Siberia,Cargo,-,-,-,-,-,-,-,-,-,6,6,1,0,-,-,-
19741018-2,Friday,18-OCT-1974,-,A1, Unknown (UNK),"near Rio de Janeiro-Afonsos Air Force Base, RJ",Brazil,-,2, Damaged beyond repair,-,de Havilland Canada C-115 Buffalo (DHC-5),-,-,1968,-,-, 2356, 26,Brazilian AF,Military,-,-,-,-,-,-,-,-,-,-,-,2,0,-,-,-
19741019-0,Saturday,19-OCT-1974,01:15,A1, Approach (APR),"0,2 km (0.1 mls) off  Calapan Airport (CPP)",Philippines,8,1, Damaged beyond repair,-,Douglas C-47B-20-DK (DC-3),2,Pratt & Whitney R-1830-90C,1944,-,-, RP-C643, 26996/15551,Mabuhay Airways,Domestic Non Scheduled Passenger,-,Roxas City Airport,RXS,RPVR,Philippines,-,-,-,-,4,4,1,0,-,-,-
19741020-0,Sunday,20-OCT-1974,-,A1, Unknown (UNK),Topraisar,Romania,3,1, Damaged beyond repair,-,Antonov An-2R,-,-,-,-,-, YR-APV, 1G124-41,Aviatia Utilitara,Unknown,-,-,-,-,-,-,-,-,-,3,0,1,0,-,-,-
19741022-0,Tuesday,22-OCT-1974,13:30,A1, En route (ENR),"Bias Fortes, MG",Brazil,9,9, Damaged beyond repair,-,Douglas C-47A-70-DL (DC-3),2,Pratt & Whitney R-1830-92,1943,-,-, PP-FOR, 19230,Projeto Rondon,Unknown,-,-,-,-,-,-,-,-,-,4,5,4,5,-,-,-
19741027-0,Sunday,27-OCT-1974,23:36,A1, Approach (APR),"near Old Man's Camp, AK",United States of America,4,4, Damaged beyond repair,-,Lockheed L-100 Hercules,4,Allison 501-D22,1967,-,-, N102AK, 4234,Alaska Int. Air,Cargo,-,Fairbanks International Airport,FAI,PAFA,United States of America,Bettles Airport,BTT,PABT,United States of America,4,0,4,0,-,-,Final
19741030-0,Wednesday,30-OCT-1974,00:20,A1, Approach (APR),"3 km (1.9 mls) S of Rea Point Airfield, NT (YOX)",Canada,34,32, Damaged beyond repair,-,Lockheed L-188PF Electra,4,Allison 501-D13,1961,-,-, CF-PAB, 1141,Panarctic Oils,Domestic Non Scheduled Passenger, 416,Edmonton International Airport,YEG,CYEG,Canada,Rea Point Airfield,YOX,CYOX,Canada,4,30,2,30,-,-,Final
19741099-0,-,xx-OCT-1974,-,U1, Unknown (UNK),Port Gentil Airport (POG),Gabon,-,-, Damaged beyond repair,-,Britten-Norman BN-2 Islander,-,-,1968,-,-, TR-LNF, 16,Air Inter Gabon,Unknown,-,-,-,-,-,-,-,-,-,-,-,-,-,-,-,-
19741101-0,Friday,01-NOV-1974,-,A1, Landing (LDG),Little Rissington RAF Station,United Kingdom,2,0, Damaged beyond repair,-,Handley Page Jetstream T.1,-,-,1970,-,-, XX477, 249,RAF,Military,-,-,-,-,-,-,-,-,-,2,0,0,0,-,-,-
19741101-1,Friday,01-NOV-1974,-,A1, Approach (APR),near Surgut,Russia,6,6, Damaged beyond repair,-,Antonov An-2,-,-,1971,3477.0,2501.0, CCCP-70766, 1G132-21,Aeroflot / Tyumen,Domestic Scheduled Passenger,-,Khanty-Mansiysk Airport,HMA,USHH,Russia,Surgut Airport,SGC,USRR,Russia,-,-,-,-,26,-,-
19741105-0,Tuesday,05-NOV-1974,-,A1, Unknown (UNK),Ankara-Etimesgut Airport (ANK),Turkey,-,-, Damaged beyond repair,-,Douglas C-47A-65-DL (DC-3),-,-,1943,-,-, ETI-19, 19017,Turkish AF,Military,-,-,-,-,-,-,-,-,-,-,-,0,-,-,-,-
19741105-1,Tuesday,05-NOV-1974,-,A1, Landing (LDG),Chita Airport (HTA),Russia,-,0, Damaged beyond repair,-,Tupolev Tu-104B,2,Mikulin AM-3M-500,1960,12990.0,17301.0, CCCP-42501, 021804,Aeroflot / Far East,Unknown,-,-,-,-,-,Chita Airport,HTA,UIAA,Russia,-,-,0,0,-,-,-
19741106-0,Wednesday,06-NOV-1974,14:35,O1, Standing (STD),"Anchorage International Airport, AK (ANC)",United States of America,0,0, Damaged beyond repair,-,Lockheed L-188PF Electra,-,-,1960,-,-, N7140C, 1118,Reeve Aleutian Airways,-,-,-,-,-,-,-,-,-,-,0,0,0,0,-,-,- (No safety board investigation)
