identifiant,week_day,date,time,type_event,phase,location,country,total_occupants,total_fatalities,aircraft_damage,aircraft_fate,type_aircraft,number_engines,type_engines,first_flight,cycles,total_airframe_hours,registration,c_n_msn,operator,nature,flight_number,departure_airport_name,departure_airport_IATA,departure_airport_ICAO,departure_airport_country,destination_airport_name,destination_airport_IATA,destination_airport_ICAO,destination_airport_country,crew_number,passengers_number,crew_fatalities,passengers_fatalities,collision_casualties,ground_casualties,status
20200102-0,Thursday,02-JAN-2020,-,A1, Unknown (UNK),5 km (3.1 mls) from  Geneina Airport (EGN),Sudan,18,18, Damaged beyond repair,-,Antonov An-12A,-,-,1962,-,-, -, 2340606,Sudan AF,Military,-,Geneina Airport,EGN,HSCN,Sudan,Khartoum-Civil Airport,KRT,HSSS,Sudan,7,11,7,11,-,-,-
20200103-0,Friday,03-JAN-2020,09:15,A1, En route (ENR),near Haputale,Sri Lanka,4,4, Damaged beyond repair,-,Harbin Yunshuji Y-12 II,-,-,1990,-,-, SCL-857, 0021,Sri Lanka AF,Military,-,Wirawila Airport,WRZ,VCCW,Sri Lanka,Colombo-Ratmalana Airport,RML,VCCC,Sri Lanka,4,0,4,0,-,-,-
20200105-0,Sunday,05-JAN-2020,-,C1, Taxi (TXI),Manda Bay-Camp Simba Air Base,Kenya,3,2, Destroyed, Written off (damaged beyond repair),Beechcraft B300 King Air 350,-,-,-,-,-, registration unknown,-,L3 Technologies,Military,-,-,-,-,-,-,-,-,-,3,0,2,0,-,-,-
20200108-0,Wednesday,08-JAN-2020,06:18,C1, En route (ENR),near Sabashahr,Iran,176,176, Destroyed, Written off (damaged beyond repair),Boeing 737-8KV (WL),2,CFMI CFM56-7B24E,2016,-,-, UR-PSR, 38124/5977,Ukraine International Airlines,International Scheduled Passenger,PS752,Tehran-Imam Khomeini International Airport,IKA,OIIE,Iran,Kiev-Borispol Airport,KBP,UKBB,Ukraine,9,167,9,167,-,-,-
20200109-0,Thursday,09-JAN-2020,-,A1, Landing (LDG),Goma Airport (GOM),Democratic Republic of the Congo,67,0, Substantial, Written off (damaged beyond repair),Lockheed C-130BZ Hercules,-,-,1962,-,-, 403, 3750,South African AF,Military,-,Beni Airport,BNC,FZNP,Democratic Republic of the Congo,Goma Airport,GOM,FZNA,Democratic Republic of the Congo,8,59,0,0,-,-,-
20200110-0,Friday,10-JAN-2020,07:35,A2, Landing (LDG),Antalya Airport (AYT),Turkey,-,0, Substantial,-,Airbus A321-231 (WL),2,IAE V2533-A5,2017,-,-, VQ-BRS, 7686,Nordwind Airlines,International Scheduled Passenger,N41801,Moskva-Sheremetyevo Airport,SVO,UUEE,Russia,Antalya Airport,AYT,LTAI,Turkey,-,-,0,0,-,-,-
20200116-0,Thursday,16-JAN-2020,08:06,A1, Initial climb (ICL),"NW off Unalaska-Tom Madsen Airport, AK (DUT)",United States of America,3,0, Damaged beyond repair,-,Beechcraft B200 King Air,-,-,1998,-,-, N547LM, BB-1642,LifeMed Alaska,Ambulance,-,Unalaska-Tom Madsen Airport,DUT,PADU,United States of America,Adak Airport,ADK,PADK,United States of America,3,0,0,0,-,-,-
20200119-0,Sunday,19-JAN-2020,16:50,A2, Landing (LDG),"Shamattawa Airport, MB (ZTM)",Canada,14,0, Substantial,-,Swearingen SA227-AC Metro III,-,-,1988,-,-, C-GWVH, AC-714B,Perimeter Aviation,Domestic Scheduled Passenger,YP415,Thompson Airport,YTH,CYTH,Canada,Shamattawa Airport,ZTM,CZTM,Canada,2,12,0,0,-,-,-
20200123-0,Thursday,23-JAN-2020,13:16,A1, Maneuvering (MNV),"near Cooma, NSW",Australia,3,3, Destroyed, Written off (damaged beyond repair),Lockheed EC-130Q Hercules,4,Allison T56-A-15,1981,-,-, N134CG, 4904,Coulson Aviation,Fire fighting,-,Richmond RAAF Base,XRH,YSRI,Australia,Richmond RAAF Base,XRH,YSRI,Australia,3,0,3,0,-,-,-
20200123-1,Thursday,23-JAN-2020,10:53,A1, En route (ENR),5 km (3.1 mls) NW of Friemersheim,South Africa,3,3, Destroyed, Written off (damaged beyond repair),Cessna S550 Citation S/II,2,Pratt & Whitney Canada JT15D-4B,1986,-,10106.0, ZS-CAR, 	S550-0078,S.A. CAA,Survey/research,-,George Airport,GRJ,FAGG,South Africa,George Airport,GRJ,FAGG,South Africa,3,0,3,0,-,-,Preliminary - official
20200127-0,Monday,27-JAN-2020,07:36,A1, Landing (LDG),Bandar Mahshahr Airport (MRX),Iran,144,0, Damaged beyond repair,-,McDonnell Douglas MD-83,2,Pratt & Whitney JT8D-219,1994,-,-, EP-CPZ, 	53464/2091,Caspian Airlines,Domestic Scheduled Passenger,6936,Tehran-Mehrabad Airport,THR,OIII,Iran,Bandar Mahshahr Airport,MRX,OIAM,Iran,8,136,0,0,-,-,-
20200127-1,Monday,27-JAN-2020,13:10,A1, En route (ENR),Deh Yak district,Afghanistan,2,2, Destroyed, Written off (damaged beyond repair),Bombardier E-11A (Global Express),-,-,2009,-,-, 11-9358, 9358,USAF,Military,-,Kandahar Airport,KDH,OAKN,Afghanistan,Kandahar Airport,KDH,OAKN,Afghanistan,2,0,2,0,-,-,-
20200131-0,Friday,31-JAN-2020,21:06,A2, Landing (LDG),"Terrace Airport, BC (YXT)",Canada,47,0, Substantial,-,Bombardier DHC-8-402Q Dash 8,2,Pratt & Whitney Canada PW150A,2014,-,-, C-FKWE, 4467,WestJet Encore,Domestic Scheduled Passenger,WS3107,Vancouver International Airport,YVR,CYVR,Canada,Terrace Airport,YXT,CYXT,Canada,4,43,0,0,-,-,-
20200201-0,Saturday,01-FEB-2020,02:36,A2, Takeoff (TOF),Dammam-King Fahad International Airport (DMM),Saudi Arabia,-,0, Substantial,-,Boeing 747-412F (SCD),4,Pratt & Whitney PW4056,2001,-,-, TC-MCT, 26559/1285,ACT Airlines,Cargo,SV919,Dammam-King Fahad International Airport,DMM,OEDF,Saudi Arabia,Zaragoza Airport,ZAZ,LEZG,Spain,-,-,0,0,-,-,-
20200203-0,Monday,03-FEB-2020,14:57,I2, Takeoff (TOF),Madrid-Barajas Adolfo Suárez Airport (MAD),Spain,138,0, Minor,-,Boeing 767-375ER,2,General Electric CF6-80C2B6F,1989,-,-, C-GHOZ, 24087/249,Air Canada,International Scheduled Passenger,AC837,Madrid-Barajas Adolfo Suárez Airport,MAD,LEMD,Spain,Toronto-Pearson International Airport,YYZ,CYYZ,Canada,8,130,0,0,-,-,-
20200203-1,Monday,03-FEB-2020,03:06,A2, Takeoff (TOF),"Los Angeles International Airport, CA (LAX)",United States of America,7,0, Substantial,-,Boeing 747-412BCF,4,Pratt & Whitney PW4056,1990,-,-, N703CK, 24226/809,Kalitta Air,Cargo,K4368,Los Angeles International Airport,LAX,KLAX,United States of America,Honolulu-Daniel K. Inouye International Airport,HNL,PHNL,United States of America,7,0,0,0,-,-,Preliminary
20200204-0,Tuesday,04-FEB-2020,15:58,A2, Takeoff (TOF),"Hooper Bay Airport, AK (HPB)",United States of America,8,0, Substantial,-,Cessna 208B Grand Caravan,1,Pratt & Whitney Canada PT6A-114A,1999,-,-, N454SF, 208B0797,Grant Aviation,Domestic Scheduled Passenger,-,Hooper Bay Airport,HPB,PAHP,United States of America,Bethel Airport,BET,PABE,United States of America,1,7,0,0,-,-,Preliminary - official
20200205-0,Wednesday,05-FEB-2020,18:19,A1, Landing (LDG),Istanbul-Sabiha Gökçen International Airport (SAW),Turkey,183,3, Destroyed, Written off (damaged beyond repair),Boeing 737-86J (WL),2,CFMI CFM56-7B24,2009,-,-, TC-IZK, 37742,Pegasus Airlines,Domestic Scheduled Passenger,PC2193,Izmir-Adnan Menderes Airport,ADB,LTBJ,Turkey,Istanbul-Sabiha Gökçen International Airport,SAW,LTFJ,Turkey,6,177,0,3,-,-,-
20200206-0,Thursday,06-FEB-2020,06:55,A2, Approach (APR),"NW off Eureka-Murray Field, CA (EKA)",United States of America,1,0, Substantial,-,Cessna 208B Grand Caravan,1,Pratt & Whitney Canada PT6A-42A,2000,-,-, N24MG, 208B0850,Redding Aero Enterprises Inc.,Cargo,1966,Sacramento-Mather Airport,MHR,KMHR,United States of America,Eureka-Murray Field,EKA,KEKA,United States of America,1,0,0,0,-,-,-
20200207-0,Friday,07-FEB-2020,16:44,A2, Landing (LDG),Keflavík International Airport (KEF),Iceland,166,0, Unknown,-,Boeing 757-256 (WL),2,Rolls-Royce RB211-535E4,2000,-,-, TF-FIA, 29310/938,Icelandair,International Scheduled Passenger,FI529,Berlin-Tegel Airport,TXL,EDDT,Germany,Keflavík International Airport,KEF,BIKF,Iceland,6,160,0,0,-,-,-
20200207-1,Friday,07-FEB-2020,04:18,A2, Landing (LDG),"Baltimore/Washington International Thurgood Marshall Airport, MD (BWI)",United States of America,1,0, Substantial,-,Cessna 208B Super Cargomaster,1,Pratt & Whitney Canada PT6A-114A,2012,-,3497.0, N988FX, 208B2400,Mountain Air Cargo,Cargo,C28308,Newark-Liberty International Airport,EWR,KEWR,United States of America,Baltimore/Washington International Thurgood Marshall Airport,BWI,KBWI,United States of America,1,0,0,0,-,-,Preliminary - official
20200208-0,Saturday,08-FEB-2020,10:13,A1, En route (ENR),"near Fairmount, GA",United States of America,4,4, Destroyed, Written off (damaged beyond repair),Cessna 501 Citation I/SP,2,Pratt & Whitney Canada JT15D-1A,1982,-,8078.0, N501RG, 501-0260,Remonia Air,Private,-,-,-,-,-,-,-,-,-,2,2,2,2,-,-,Preliminary - official
20200208-1,Saturday,08-FEB-2020,23:00,O1, Standing (STD),Rio Bueno-Fundo Cuincahuin Airstrip,Chile,0,0, Destroyed, Written off (damaged beyond repair),Beechcraft 200 Super King Air,-,-,1981,-,-, CC-COT, BB-600,Transportes Torreon,-,-,-,-,-,-,-,-,-,-,0,0,0,0,-,-,-
20200209-0,Sunday,09-FEB-2020,12:20,A2, Landing (LDG),Usinsk Airport (USK),Russia,100,0, Substantial,-,Boeing 737-524 (WL),2,CFMI CFM56-3B1,1997,-,-, VQ-BPS, 28909/2960,Utair,Domestic Scheduled Passenger,UT595,Moskva-Vnukovo Airport,VKO,UUWW,Russia,Usinsk Airport,USK,UUYS,Russia,6,94,0,0,-,-,-
20200212-0,Wednesday,12-FEB-2020,-,A2, En route (ENR),"over Benbrook, TX",United States of America,2,0, Substantial,-,Cessna 560 Citation Encore,2,Pratt & Whitney Canada PW535A,2004,-,-, N654CE, 560-0654,SC Cole Aviation LLC,Executive,-,Dallas-Love Field,DAL,KDAL,United States of America,Midland International Air and Space Port,MAF,KMAF,United States of America,1,1,0,0,-,-,-
20200214-0,Friday,14-FEB-2020,14:48,A2, Landing (LDG),Miyanmin Airstrip (MPX),Papua New Guinea,11,0, Substantial,-,Cessna 208 Caravan I,1,Pratt & Whitney PT6A-114A,2018,1069.0,566.0, P2-MAI, 20800613,MAF,Domestic Non Scheduled Passenger,-,Telefomin Airstrip,TFM,AYTE,Papua New Guinea,-,-,-,-,2,9,0,0,-,-,Preliminary - official
20200220-0,Thursday,20-FEB-2020,10:45,A1, Takeoff (TOF),Magadan-13 Airport,Russia,14,0, Substantial, Written off (damaged beyond repair),Antonov An-2T,-,-,1985,-,-, RA-40642, 1G213-49,T-Cement,Domestic Non Scheduled Passenger,-,-,-,-,-,-,-,-,-,2,12,0,0,-,-,-
20200220-1,Thursday,20-FEB-2020,06:03,A1, En route (ENR),"near Lake Coleman, TX",United States of America,3,3, Destroyed, Written off (damaged beyond repair),Beechcraft B200 King Air,-,-,1982,-,-, N860J, BB-1067,Lauren Engineers & Constructors,Executive,-,Abilene Regional Airport,ABI,KABI,United States of America,Harlingen-Valley International Airport,HRL,KHRL,United States of America,1,2,1,2,-,-,-
20200221-0,Friday,21-FEB-2020,03:30,O2, Standing (STD),"Vancouver-Coal Harbour SPB, BC (CXH)",Canada,0,0, Substantial,-,de Havilland Canada DHC-3T Vazar Turbine Otter,1,Pratt & Whitney Canada PT6A-135A,1956,-,-, C-FIUZ, 135,Harbour Air,-,-,-,-,-,-,-,-,-,-,0,0,0,0,-,-,-
20200223-0,Sunday,23-FEB-2020,14:30,A2, Landing (LDG),"Calgary International Airport, AB (YYC)",Canada,13,0, Substantial,-,Bombardier CL-600-2B16 Challenger 605,-,-,2013,-,-, C-GKCP, 5945,Canadian Pacific Railway Company,Int'l Non Scheduled Passenger,-,West Palm Beach International Airport,PBI,KPBI,United States of America,Calgary International Airport,YYC,CYYC,Canada,3,10,0,0,-,-,-
20200224-0,Monday,24-FEB-2020,16:10,A2, Landing (LDG),"Dryden Regional Airport, ON (YHD)",Canada,8,0, Substantial,-,Swearingen SA227-DC Metro 23,-,-,2000,-,-, C-GJVB, DC-902B,Bearskin Airlines,Domestic Scheduled Passenger,JV344,Dryden Regional Airport,YHD,CYHD,Canada,Sioux Lookout Airport,YXL,CYXL,Canada,2,6,0,0,-,-,-
20200226-0,Wednesday,26-FEB-2020,12:26,A1, En route (ENR),"1,5 km (0.9 mls) NW of Ust-Kamenogorsk Airport (UKK)",Kazakhstan,5,0, Destroyed, Written off (damaged beyond repair),Antonov An-2P,-,-,1972,-,-, UP-A0001, 1G140-49,Orlan 2000,Ambulance,-,Ust-Kamenogorsk Airport,UKK,UASK,Kazakhstan,-,-,-,-,3,2,0,0,-,-,-
20200227-0,Thursday,27-FEB-2020,23:30,O1, Standing (STD),"Toronto-Buttonville Airport, ON (YKZ)",Canada,0,0, Destroyed, Written off (damaged beyond repair),Dassault Falcon 50,-,-,1980,-,-, N951DJ, 38,private,-,-,-,-,-,-,-,-,-,-,0,0,0,0,-,-,-
20200228-0,Friday,28-FEB-2020,1522 UTC,A2, Taxi (TXI),Sharjah Airport (SHJ),United Arab Emirates,5,0, Substantial,-,Airbus A300B4-203(F),2,General Electric CF6-50C2,1981,29441.0,51941.0, UP-A3003, 141,Sigma Airlines,Cargo,-,Juba Airport,JUB,HSSJ,South Sudan,Sharjah Airport,SHJ,OMSJ,United Arab Emirates,5,0,0,0,-,-,Preliminary - official
20200305-0,Thursday,05-MAR-2020,08:03,A2, Landing (LDG),"Rhinelander-Oneida County Airport, WI (RHI)",United States of America,1,0, Substantial,-,Cessna 208B Super Cargomaster,1,Pratt & Whitney Canada PT6A-114A,1995,-,-, N706FX, 208B0426,FedEx,Cargo,8312,Milwaukee-General Mitchell Airport,MKE,KMKE,United States of America,Rhinelander-Oneida County Airport,RHI,KRHI,United States of America,1,0,0,0,-,-,-
20200308-0,Sunday,08-MAR-2020,19:55,A2, Landing (LDG),Shannon Airport (SNN),Ireland,-,0, Substantial,-,Boeing 767-3Q8ER,2,General Electric CF6-80C2B6F,2002,-,-, N477AX, 29390/870,Omni Air International,Unknown,OY346,Bangor International Airport,BGR,KBGR,United States of America,Shannon Airport,SNN,EINN,Ireland,-,-,0,0,-,-,-
20200309-0,Monday,09-MAR-2020,06:25,A2, Standing (STD),Vientiane-Wattay Airport (VTE),Laos,0,0, Substantial,-,Gulfstream G-IVSP,-,-,2002,-,-, M-YWAY, 1486,Platinum Jet Co.,-,-,-,-,-,-,-,-,-,-,0,0,0,0,-,-,-
20200309-1,Monday,09-MAR-2020,06:25,A2, Taxi (TXI),Vientiane-Wattay Airport (VTE),Laos,91,0, Substantial,-,Airbus A330-343,2,Rolls-Royce Trent 772B-60,2010,-,-, HS-TEU, 1090,Thai Airways International,International Scheduled Passenger,TG575,Vientiane-Wattay Airport,VTE,VLVT,Laos,Bangkok-Suvarnabhumi International Airport,BKK,VTBS,Thailand,13,79,0,0,-,-,-
20200312-0,Thursday,12-MAR-2020,-,A1, Unknown (UNK),"Claura Arriba, Iriona, Colón",Honduras,2,2, Destroyed, Written off (damaged beyond repair),Beechcraft 200 Super King Air,-,-,-,-,-, HK-5075, BB-801,private,Illegal Flight,-,-,-,-,-,-,-,-,-,2,0,2,0,-,-,-
20200312-1,Thursday,12-MAR-2020,15:40,A2, Landing (LDG),"Fort Langley Airport, BC",Canada,2,0, Substantial,-,de Havilland Canada DHC-3T Vazar Turbine Otter,1,Pratt & Whitney Canada PT6A-34A,1962,-,-, C-GTMW, 427,Martini Aviation Ltd.,Training,-,-,-,-,-,-,-,-,-,2,0,0,0,-,-,-
20200313-0,Friday,13-MAR-2020,18:10,A1, Landing (LDG),Porlamar-del Caribe Santiago Mariño International Airport (PMV),Venezuela,2,2, Damaged beyond repair,-,Cessna 525 CitationJet,-,-,1994,-,-, YV3452, 525-0084,Unknown,Unknown,-,Porlamar-del Caribe Santiago Mariño International Airport,PMV,SVMG,Venezuela,-,-,-,-,2,0,2,0,-,-,-
20200317-0,Tuesday,17-MAR-2020,09:30,A1, En route (ENR),"NW of La Crosse, Rush County, KS",United States of America,1,1, Destroyed, Written off (damaged beyond repair),Cessna 208B Super Cargomaster,1,Pratt & Whitney Canada PT6A-114A,1998,-,-, N274PM, 208B0705,Planemasters,Cargo,PMS1670,Wichita Dwight D. Eisenhower National Airport,ICT,KICT,United States of America,Hays Municipal Airport,HYS,KHYS,United States of America,1,0,1,0,-,-,-
20200319-0,Thursday,19-MAR-2020,13:00,A2, Landing (LDG),Yenkisa Airstrip (YEQ),Papua New Guinea,4,0, Unknown,-,Cessna 208 Caravan I,1,Pratt & Whitney Canada PT6A-114,1990,-,-, P2-MAF, 20800198,MAF,Domestic Non Scheduled Passenger,-,Kompiam Airport,KPM,AYAQ,Papua New Guinea,-,-,-,-,1,3,0,0,-,-,-
20200322-0,Sunday,22-MAR-2020,-,A1, Landing (LDG),"near Caballo Blanco, Retalhuleu",Guatemala,-,0, Substantial, Written off (damaged beyond repair),Hawker Siddeley HS-125-F400B,-,-,1970,-,-, (XB-PNK), 25227,private,Illegal Flight,-,-,-,-,-,-,-,-,-,-,-,0,0,-,-,-
20200329-0,Sunday,29-MAR-2020,20:00,A1, Takeoff (TOF),Manila-Ninoy Aquino International Airport (MNL),Philippines,8,8, Destroyed, Written off (damaged beyond repair),IAI 1124A Westwind II,-,-,1981,-,-, RP-C5880, 353,Lionair Inc.,Ambulance,-,Manila-Ninoy Aquino International Airport,MNL,RPLL,Philippines,Tokyo-Haneda Airport,HND,RJTT,Japan,2,6,2,6,-,-,-
20200401-0,Wednesday,01-APR-2020,17:30,-, En route (ENR),Altotonga,Mexico,-,-, Missing, Presumed damaged beyond repair,Hawker 800XP,-,-,2002,-,-, N988RS, 258598,DRWS Services LLC,Executive,-,Puebla-Hermanos Serdán International Airport,PBC,MMPB,Mexico,Xalapa Airport,JAL,MMJA,Mexico,-,-,-,-,-,-,-
