identifiant,week_day,date,time,type_event,phase,location,country,total_occupants,total_fatalities,aircraft_damage,aircraft_fate,type_aircraft,number_engines,type_engines,first_flight,cycles,total_airframe_hours,registration,c_n_msn,operator,nature,flight_number,departure_airport_name,departure_airport_IATA,departure_airport_ICAO,departure_airport_country,destination_airport_name,destination_airport_IATA,destination_airport_ICAO,destination_airport_country,crew_number,passengers_number,crew_fatalities,passengers_fatalities,collision_casualties,ground_casualties,status
19910104-1,Friday,04-JAN-1991,07:12,A1, Takeoff (TOF),Palma de Mallorca Airport (PMI),Spain,2,0, Damaged beyond repair,-,Douglas DC-3,-,-,1945,-,-, EC-EQH, 33058/16310,Aeromarket,Cargo,-,Palma de Mallorca Airport,PMI,LEPA,Spain,Menorca-Mahón Airport,MAH,LEMH,Spain,2,0,0,0,-,-,Preliminary - official
19910107-0,Monday,07-JAN-1991,-,H2, En route (ENR),Lima International Airport (LIM),Peru,-,1, None,-,McDonnell Douglas DC-8,-,-,-,-,-, registration unknown,-,Faucett,Domestic Scheduled Passenger, 339,Trujillo Airport,TRU,SPRU,Peru,Lima-Callao International Airport,LIM,SPIM,Peru,-,-,0,1,-,-,-
19910110-0,Thursday,10-JAN-1991,18:40,A2, En route (ENR),"Little Vermillion Lake, ON",Canada,-,0, Substantial, Repaired,de Havilland Canada DHC-6 Twin Otter 200,-,-,1969,-,-, C-GJLZ, 220,Sabourin Lake Airways,Domestic Non Scheduled Passenger,-,Little Grand Rapids Airport,ZGR,CZGR,Canada,Red Lake Airport,YRL,CYRL,Canada,2,-,0,0,-,-,-
19910110-1,Thursday,10-JAN-1991,18:00,A1, En route (ENR),ca 40 km SW of Mérida-A Carnevalli Airport (MRD),Venezuela,23,22, Destroyed, Written off (damaged beyond repair),CASA C-212 Aviocar 200,-,-,1982,-,-, ARV-0209, 264,Venezuelan Navy,Military,-,El Vigia Airport,VIG,SVVG,Venezuela,Mérida-A Carnevalli Airport,MRD,SVMD,Venezuela,3,20,3,19,-,-,-
19910110-2,Thursday,10-JAN-1991,-,A1, Landing (LDG),Bucharest-Otopeni International Airport (OTP),Romania,13,0, Damaged beyond repair,-,Boeing 707-3K1C,4,Pratt & Whitney JT3D-3B,1979,-,-, YR-ABD, 21651/938,Romavia,Test,-,Bucharest-Otopeni International Airport,OTP,LROP,Romania,Bucharest-Otopeni International Airport,OTP,LROP,Romania,13,0,0,0,-,-,-
19910111-0,Friday,11-JAN-1991,20:40,A1, Approach (APR),"near Belo Horizonte, MG",Brazil,5,5, Damaged beyond repair,-,Learjet 25C,-,-,-,-,-, PT-KKV, 25-172,Belair,Executive,-,Brasília International Airport,BSB,SBBR,Brazil,-,-,-,-,2,3,2,3,-,-,-
19910111-1,Friday,11-JAN-1991,20:30,A1, Landing (LDG),"Vichy-Rolla National Airport, MO (VIH)",United States of America,4,0, Substantial,-,Beechcraft 200 Super King Air,2,Pratt & Whitney Canada PT6A-41,1977,-,1596.0, N200MR, BB-219,United Executive Jet,Ferry/positioning,-,Saint Louis-Spirit of St. Louis Airport,SUS,KSUS,United States of America,Vichy-Rolla National Airport,VIH,KVIH,United States of America,2,2,0,0,-,-,Final
19910112-0,Saturday,12-JAN-1991,-,A1, Landing (LDG),Ho Chi Minh City-Tan Son Nhat International Airport (SGN),Vietnam,79,0, Substantial, Written off (damaged beyond repair),Tupolev Tu-134AK,-,-,1978,-,-, VN-A126, 60435,Vietnam Airlines,International Scheduled Passenger,-,Bangkok-Don Muang International Airport,BKK,VTBD,Thailand,Ho Chi Minh City-Tan Son Nhat International Airport,SGN,VVTS,Vietnam,7,72,0,0,-,-,-
19910112-1,Saturday,12-JAN-1991,-,A2, Landing (LDG),Palembang Airport (PLM),Indonesia,2,0, Substantial,-,Dornier Do 28D-1 Skyservant,-,-,-,-,-, PK-VRA, 4026,Adikarto Printindo,Cargo,-,-,-,-,-,Palembang Airport,PLM,WIPP,Indonesia,2,0,0,0,-,-,-
19910116-0,Wednesday,16-JAN-1991,01:00,A1, Unknown (UNK),Kobenhavn-Kastrup Airport (CPH),Denmark,2,0, Damaged beyond repair,-,Swearingen SA226-TC Metro II,-,-,1980,-,-, OY-BZW, TC-328,Muk Air Taxi,Unknown,-,-,-,-,-,København-Kastrup Airport,CPH,EKCH,Denmark,2,0,0,0,-,-,-
19910118-0,Friday,18-JAN-1991,-,C1, Standing (STD),Qadisiyah Air Base (IQA),Iraq,0,0, Damaged beyond repair,-,Ilyushin Il-76MD,-,-,1987,-,-, YI-ANH, 0073476307,Iraqi AF,Military,-,-,-,-,-,-,-,-,-,0,0,0,0,-,-,-
19910118-1,Friday,18-JAN-1991,-,C1, Standing (STD),Tuz Khurmatu Air Base,Iraq,0,0, Damaged beyond repair,-,Ilyushin Il-76MD,-,-,1983,-,-, YI-ALU, 0033448398,Iraqi AF,Military,-,-,-,-,-,-,-,-,-,0,0,0,0,-,-,-
19910121-0,Monday,21-JAN-1991,-,H2, En route (ENR),Bourgas Airport (BOJ),Bulgaria,159,0, None,-,Tupolev Tu-154,-,-,-,-,-, registration unknown,-,Aeroflot,Domestic Scheduled Passenger,-,Grozny Airport,GRV,URMG,Russia,Odessa-Central Airport,ODS,UKOO,Ukraine,8,151,0,0,-,-,-
19910129-0,Tuesday,29-JAN-1991,-,C1, Standing (STD),Balad Air Base,Iraq,0,0, Damaged beyond repair,-,Antonov An-24V,-,-,-,-,-, YI-AEZ, 87304603 ?,Iraqi Airways,-,-,-,-,-,-,-,-,-,-,0,0,0,0,-,-,-
19910130-0,Wednesday,30-JAN-1991,23:55,A1, Landing (LDG),"Beckley Airport, WV (BKW)",United States of America,19,0, Destroyed, Written off (damaged beyond repair),British Aerospace 3101 Jetstream 31,2,Garrett TPE331,1986,-,8841.0, N167PC, 710,USAir Express,Domestic Scheduled Passenger,-,Charlotte-Douglas Airport,CLT,KCLT,United States of America,Beckley Airport,BKW,KBKW,United States of America,2,17,0,0,-,-,Final
19910130-1,Wednesday,30-JAN-1991,13:00,A1, En route (ENR),60 km (37.5 mls) E of Gorontalo-Jalaluddin Airport (GTO),Indonesia,21,1, Damaged beyond repair,-,CASA/IPTN NC-212 Aviocar 200,-,-,1985,-,-, PK-NCY, 258/78N,Merpati Nusantara,Domestic Scheduled Passenger,-,Manado-Sam Ratulangi Airport,MDC,WAMM,Indonesia,Gorontalo-Jalaluddin Airport,GTO,WAMG,Indonesia,3,18,0,1,-,-,-
19910131-0,Thursday,31-JAN-1991,-,C1, En route (ENR),near Ras Al Khafji,Saudi Arabia,14,14, Damaged beyond repair,-,Lockheed AC-130H Spectre,-,-,1969,-,-, 69-6567, 4341,USAF,Military,-,-,-,-,-,-,-,-,-,14,0,14,0,-,-,-
19910131-1,Thursday,31-JAN-1991,-,U1, Unknown (UNK),unknown,Iran,-,-, Damaged beyond repair,-,Dassault Falcon 20F,-,-,1976,-,-, 5-9002, 353,Iran Army,Military,-,-,-,-,-,-,-,-,-,-,-,-,-,-,-,-
19910201-0,Friday,01-FEB-1991,18:07,A1, Landing (LDG),"Los Angeles International Airport, CA (LAX)",United States of America,89,22, Destroyed, Written off (damaged beyond repair),Boeing 737-3B7,2,CFMI CFM56-3B1,1985,-,-, N388US, 23310/1145,USAir,Domestic Scheduled Passenger,1493,Columbus-Port Columbus International Airport,CMH,KCMH,United States of America,Los Angeles International Airport,LAX,KLAX,United States of America,6,83,2,20,12,-,Final
19910201-1,Friday,01-FEB-1991,18:07,A1, Takeoff (TOF),"Los Angeles International Airport, CA (LAX)",United States of America,12,12, Destroyed, Written off (damaged beyond repair),Swearingen SA227-AC Metro III,2,Garrett TPE331,1987,-,-, N683AV, AC-683,SkyWest Airlines,Domestic Scheduled Passenger,5569,Los Angeles International Airport,LAX,KLAX,United States of America,Palmdale Airport,PMD,KPMD,United States of America,2,10,2,10,22,-,Final
19910205-0,Tuesday,05-FEB-1991,-,A1, Approach (APR),Monrovia,Liberia,65,0, Damaged beyond repair,-,Antonov An-12,-,-,-,-,-, registration unknown,-,Air Guinée,Passenger,-,-,-,-,-,Monrovia-Roberts International Airport,ROB,GLRB,Liberia,-,-,0,0,-,-,-
19910205-1,Tuesday,05-FEB-1991,12:51,A1, En route (ENR),24 km (15 mls) WSW of Volos-Néa Anchialos Airport (VOL),Greece,63,63, Destroyed, Written off (damaged beyond repair),Lockheed C-130H Hercules,-,-,1977,-,-, 748, 4724,Hellenic AF,Military,-,-,-,-,-,Volos-Néa Anchialos Airport,VOL,LGBL,Greece,5,58,5,58,-,-,-
19910207-0,Thursday,07-FEB-1991,-,A1, Landing (LDG),Dar es Salaam International Airport (DAR),Tanzania,2,0, Damaged beyond repair,-,British Aerospace BAe-748-314 Srs. 2A,-,-,1977,-,-, JW9010, 1753,Tanzanian AF,Military,-,Dar es Salaam International Airport,DAR,HTDA,Tanzania,Dar es Salaam International Airport,DAR,HTDA,Tanzania,2,0,0,0,-,-,-
19910208-0,Friday,08-FEB-1991,08:12,A1, En route (ENR),"137 km (85.6 mls) N of Goose Bay, NL",Canada,1,1, Damaged beyond repair,-,Cessna 208B Grand Caravan,1,Pratt & Whitney Canada PT6A-114A,1988,-,-, C-FPEZ, 208B0120,Provincial Express,Cargo,-,Nain Airport,YDP,CYDP,Canada,Goose Bay Airport,YYR,CYYR,Canada,1,0,1,0,-,-,-
19910208-1,Friday,08-FEB-1991,-,A1, Approach (APR),4 km (2.5 mls) from  Épinal-Mirecourt Airport (EPL),France,2,2, Damaged beyond repair,-,Beechcraft 200 Super King Air,-,-,1979,-,-, F-GHBE, BB-500,Business Express,Ferry/positioning,-,-,-,-,-,Épinal-Mirecourt Airport,EPL,LFSG,France,2,0,2,0,-,-,-
19910210-0,Sunday,10-FEB-1991,11:40,A1, Initial climb (ICL),16 km (10 mls) from  Bogotá-Eldorado Airport (BOG),Colombia,85,0, Damaged beyond repair,-,Douglas C-118A (DC-6),-,-,1955,-,-, HK-1702, 44670/637,Air Colombia,Domestic Non Scheduled Passenger,-,Bogotá-Eldorado Airport,BOG,SKBO,Colombia,Arauca-Santiago Pérez Airport,AUC,SKUC,Colombia,5,80,0,0,-,-,-
19910210-1,Sunday,10-FEB-1991,-,H2, En route (ENR),"San Diego International Airport, CA (SAN)",United States of America,-,0, None,-,Boeing 737,-,-,-,-,-, registration unknown,-,Southwest Airlines,Domestic Scheduled Passenger, 335,Oakland International Airport,OAK,KOAK,United States of America,San Diego International Airport,SAN,KSAN,United States of America,-,-,0,0,-,-,-
19910211-0,Monday,11-FEB-1991,16:25,A1, En route (ENR),42 km (26.3 mls) S of Chihuahua Airport (CUU),Mexico,10,10, Destroyed, Written off (damaged beyond repair),North American Rockwell Sabreliner 60,-,-,1969,-,-, XA-RNR, 306-49,Travel Air,Domestic Non Scheduled Passenger,-,Torreón Airport,TRC,MMTC,Mexico,Chihuahua-Gen Fierro Villalobos Airport,CUU,MMCU,Mexico,2,8,2,8,-,-,-
19910213-0,Wednesday,13-FEB-1991,17:41,A1, Approach (APR),"1,6 km (1 mls) N of Aspen Airport, CO (ASE)",United States of America,3,3, Destroyed, Written off (damaged beyond repair),Learjet 35A,2,Garrett TFE731-2-2B,1980,-,-, N535PC, 35A-291,Richmor Aviation,Unknown,-,Las Vegas-McCarran International Airport,LAS,KLAS,United States of America,Aspen Airport,ASE,KASE,United States of America,2,1,2,1,-,-,Final
19910213-1,Wednesday,13-FEB-1991,-,H2, En route (ENR),Tbilisi Airport (TBS),Georgia,-,0, None,-,Tupolev Tu-134,-,-,-,-,-, registration unknown,-,Aeroflot,Domestic Scheduled Passenger,SU930,Tbilisi Airport,TBS,UGGG,Georgia,-,-,-,-,-,-,0,0,-,-,-
19910214-0,Thursday,14-FEB-1991,-,A1, Unknown (UNK),near Iquitos,Peru,15,0, Damaged beyond repair,-,Antonov An-2P,-,-,-,-,-, OB-1350, 1G139-12,Aero Manu,Passenger,-,-,-,-,-,-,-,-,-,-,-,0,0,-,-,-
19910214-1,Thursday,14-FEB-1991,-,A1, En route (ENR),34 km (21.3 mls) W of Taisha,Ecuador,22,22, Damaged beyond repair,-,de Havilland Canada DHC-6 Twin Otter 300,2,Pratt & Whitney Canada PT6A-27,1986,-,-, FAE447, 832,Ecuador Air Force,Domestic Non Scheduled Passenger,-,Macas Airport,XMS,SEMC,Ecuador,Taisha Airport,TSC,SETH,Ecuador,1,21,1,21,-,-,-
19910215-0,Friday,15-FEB-1991,-,C1, Standing (STD),Mosul Airport (OSM),Iraq,0,0, Damaged beyond repair,-,Airbus A300C4-620,2,Pratt & Whitney JT9D-7R4H1,1984,-,-, 9K-AHF, 327,Kuwait Airways,-,-,-,-,-,-,-,-,-,-,0,0,0,0,-,-,-
19910215-1,Friday,15-FEB-1991,-,U1, Unknown (UNK),unknown,Iran,-,-, Damaged beyond repair,-,Dassault Falcon 20F,-,-,1976,-,-, 5-9001, 351,Iran Army,Military,-,-,-,-,-,-,-,-,-,-,-,-,-,-,-,-
19910215-2,Friday,15-FEB-1991,-,C1, Standing (STD),Mosul Airport (OSM),Iraq,0,0, Damaged beyond repair,-,Airbus A300C4-620,2,Pratt & Whitney JT9D-7R4H1,1984,-,-, 9K-AHG, 332,Kuwait Airways,-,-,-,-,-,-,-,-,-,-,0,0,0,0,-,-,-
19910217-2,Sunday,17-FEB-1991,00:19,A1, Takeoff (TOF),"Cleveland-Hopkins International Airport, OH (CLE)",United States of America,2,2, Destroyed, Written off (damaged beyond repair),McDonnell Douglas DC-9-15RC,2,Pratt & Whitney JT8D-7B,1968,-,-, N565PC, 47240/346,Ryan Int. Airlines,Cargo, 590,Cleveland-Hopkins International Airport,CLE,KCLE,United States of America,Indianapolis International Airport,IND,KIND,United States of America,2,0,2,0,-,-,Final
19910218-0,Monday,18-FEB-1991,-,C1, Standing (STD),Kuwait International Airport (KWI),Kuwait,0,0, Damaged beyond repair,-,Boeing 747-136,4,Pratt & Whitney JT9D-7A,1971,-,-, G-AWND, 19764/107,British Airways,-,-,-,-,-,-,-,-,-,-,0,0,0,0,-,-,-
19910218-1,Monday,18-FEB-1991,14:40,C1, Standing (STD),Otú Airport (OTU),Colombia,0,0, Damaged beyond repair,-,de Havilland Canada DHC-6 Twin Otter 300,2,Pratt & Whitney Canada PT6A-27,1981,-,-, HK-2758, 770,ACES,Domestic Scheduled Passenger,-,Medellín-Enrique Olaya Herrera Airport,EOH,SKMD,Colombia,Otú Airport,OTU,SKOT,Colombia,0,0,0,0,-,-,-
19910218-2,Monday,18-FEB-1991,-,C1, Standing (STD),Kuwait International Airport (KWI),Kuwait,0,0, Damaged beyond repair,-,McDonnell Douglas DC-9-32CF,2,Pratt & Whitney JT8D-15,1976,-,-, KAF320, 47691/840,Kuwait AF,Military,-,-,-,-,-,-,-,-,-,0,0,0,0,-,-,-
19910220-0,Wednesday,20-FEB-1991,15:24,A1, Landing (LDG),Puerto Williams Airport (WPU),Chile,72,20, Damaged beyond repair,-,British Aerospace BAe-146-200A,4,Lycoming ALF502R-5,1986,-,-, CC-CET, E2061,LAN Chile,Domestic Non Scheduled Passenger,1069,Punta Arenas-Carlos Ibañez Airport,PUQ,SCCI,Chile,Puerto Williams Airport,WPU,SCGZ,Chile,6,66,0,20,-,-,Final
19910222-0,Friday,22-FEB-1991,-,C1, Unknown (UNK),near Cazombo,Angola,47,47, Damaged beyond repair,-,Antonov An-26,-,-,-,-,-, registration unknown,-,Angolan AF,Military,-,-,-,-,-,-,-,-,-,4,43,4,43,-,-,-
19910223-0,Saturday,23-FEB-1991,-,A1, Landing (LDG),"Avon Park Municipal Airport, FL (AVO)",United States of America,2,0, Damaged beyond repair,-,IAI 1123 Westwind,-,-,-,-,-, XA-POJ, 161,Aerolineas Marcos,Ferry/positioning,-,-,-,-,-,Avon Park Municipal Airport,AVO,KAVO,United States of America,2,0,0,0,-,-,-
19910225-0,Monday,25-FEB-1991,-,A1, Approach (APR),11 km (6.9 mls) from  Montevideo,Uruguay,-,0, Damaged beyond repair,-,Embraer EMB-110C Bandeirante,-,-,1975,-,-, CX-BJK/T-581, 110079,TAMU,Scheduled Passenger,-,-,-,-,-,Montevideo-Carrasco Airport,MVD,SUMU,Uruguay,-,-,0,0,-,-,-
19910227-0,Wednesday,27-FEB-1991,-,O1, Standing (STD),Shayka Mayhar Air Base,Iraq,0,0, Damaged beyond repair,-,Lockheed L-100-30 Hercules,-,-,1983,-,-, KAF322, 4949,Kuwait AF,Military,-,-,-,-,-,-,-,-,-,0,0,0,0,-,-,-
19910227-1,Wednesday,27-FEB-1991,-,C1, Standing (STD),Shaykh Mazhar Air Base,Iraq,0,0, Damaged beyond repair,-,Antonov An-12BP,-,-,-,-,-, YI-AFJ, 8345910,Iraqi Airways,-,-,-,-,-,-,-,-,-,-,0,0,0,0,-,-,-
19910228-0,Thursday,28-FEB-1991,-,A1, Maneuvering (MNV),off Shikoku Island,Japan,5,5, Damaged beyond repair,-,Learjet U-36A,-,-,-,-,-, 9203, 36-058,Japanese Navy,Military,-,-,-,-,-,-,-,-,-,5,0,5,0,-,-,-
19910299-0,-,xx-FEB-1991,-,C1, Standing (STD),Baghdad-Saddam International Airport (SDA),Iraq,0,0, Damaged beyond repair,-,Tupolev Tu-124V,2,Soloviev D-20P,-,-,-, YI-AEY, 5351609 ?,Iraqi Airways,Military,-,-,-,-,-,-,-,-,-,0,0,0,0,-,-,-
19910299-1,-,xx-FEB-1991,-,O1, Standing (STD),Baghdad-Al Muthana Airport (BGW),Iraq,0,0, Damaged beyond repair,-,British Aerospace BAe-125-700B,-,-,1983,-,-, YI-AKH, 257187,Iraqi Government,-,-,-,-,-,-,-,-,-,-,0,0,0,0,-,-,-
19910299-2,-,xx-FEB-1991,-,O1, Standing (STD),Baghdad,Iraq,0,0, Damaged beyond repair,-,Gulfstream Aerospace G-1159 Gulfstream III,-,-,1984,-,-, YI-AKJ, 419,Iraqi Government,-,-,-,-,-,-,-,-,-,-,0,0,0,0,-,-,-
19910299-3,-,xx-FEB-1991,-,O1, Standing (STD),Baghdad,Iraq,0,0, Damaged beyond repair,-,Gulfstream Aerospace G-1159 Gulfstream III,-,-,1984,-,-, YI-AKI, 408,Iraqi Government,-,-,-,-,-,-,-,-,-,-,0,0,0,0,-,-,-
19910299-4,-,xx-FEB-1991,-,O1, Standing (STD),Baghdad-Saddam International Airport (SDA),Iraq,0,0, Damaged beyond repair,-,Tupolev Tu-124V,2,Soloviev D-20P,-,-,-, YI-AEL, 5351610 ?,Iraqi Airways,Military,-,-,-,-,-,-,-,-,-,0,0,0,0,-,-,-
19910299-5,-,xx-JAN-1991,-,C1, Standing (STD),Mosul Airport (OSM),Iraq,0,0, Damaged beyond repair,-,Boeing 767-269,2,Pratt & Whitney JT9D-7R4E4,1986,-,-, 9K-AIB, 23281/135,Kuwait Airways,-,-,-,-,-,-,-,-,-,-,0,0,0,0,-,-,- (No safety board investigation)
19910299-6,-,xx-FEB-1991,-,C1, Standing (STD),Mosul Airport (OSM),Iraq,0,0, Damaged beyond repair,-,Boeing 767-269,2,Pratt & Whitney JT9D-7R4E4,1986,-,-, 9K-AIC, 23282/138,Kuwait Airways,-,-,-,-,-,-,-,-,-,-,0,0,0,0,-,-,- (No safety board investigation)
19910303-0,Sunday,03-MAR-1991,09:44,A1, Approach (APR),"6,4 km (4 mls) S of Colorado Springs, CO",United States of America,25,25, Destroyed, Written off (damaged beyond repair),Boeing 737-291,2,Pratt & Whitney JT8D-17,1982,19734.0,26050.0, N999UA, 22742/875,United Airlines,Domestic Scheduled Passenger,UA585,Denver-Stapleton International Airport,DEN,KDEN,United States of America,Colorado Springs-Peterson Field,COS,KCOS,United States of America,5,20,5,20,-,-,Final
19910303-1,Sunday,03-MAR-1991,11:40,A1, Approach (APR),"1,5 km (0.9 mls) SE of Glenview Naval Air Station, IL (NBU)",United States of America,3,3, Damaged beyond repair,-,Rockwell CT-39G Sabreliner,-,-,1975,-,-, 160057, 306-108,US Navy,Military,-,-,-,-,-,-,-,-,-,3,0,3,0,-,-,-
19910304-1,Monday,04-MAR-1991,-,H2, En route (ENR),Leningrad-Pulkovo Airport (LED),Russia,26,1, Minor, Repaired,Antonov An-24,-,-,-,-,-, registration unknown,-,Aeroflot,Domestic Scheduled Passenger,-,Kotlas Airport,KSZ,ULAK,Russia,Leningrad-Pulkovo Airport,LED,ULLI,Russia,-,-,0,1,-,-,-
19910305-1,Tuesday,05-MAR-1991,16:17,A1, En route (ENR),27 km (16.9 mls) NE of Valera,Venezuela,45,45, Destroyed, Written off (damaged beyond repair),McDonnell Douglas DC-9-32,2,Pratt & Whitney JT8D-17,1976,50298.0,32452.0, YV-23C, 47720/846,LAV,Domestic Scheduled Passenger, 109,Maracaibo-La Chinita International Airport,MAR,SVMC,Venezuela,Santa Bárbara del Zulia-Las Delicias Airport,STB,SVSZ,Venezuela,5,40,5,40,-,-,Final
19910306-0,Wednesday,06-MAR-1991,-,A1, En route (ENR),near Pinofranque,Spain,5,5, Damaged beyond repair,-,CASA C-212 Aviocar 100,-,-,1976,-,-, TE.12B-42, 81,Spanish AF,Military,-,Salamanca-Matacan Airport,SLM,LESA,Spain,Salamanca-Matacan Airport,SLM,LESA,Spain,5,0,5,0,-,-,-
19910306-1,Wednesday,06-MAR-1991,-,H2, En route (ENR),unknown,Brazil,9,0, Unknown,-,Embraer EMB-110 Bandeirante,-,-,-,-,-, registration unknown,-,TABA,Domestic Scheduled Passenger, 835,São Gabriel da Cachoeira Airport,SJL,SBUA,Brazil,Tefé Airport,TFF,SBTF,Brazil,2,7,0,0,-,-,-
19910309-0,Saturday,09-MAR-1991,05:46,A2, Landing (LDG),Nadi International Airport (NAN),Fiji,163,0, Substantial, Repaired,Boeing 767-219ER,2,General Electric CF6-80A,1986,-,-, ZK-NBC, 23328/149,Air New Zealand,International Scheduled Passenger,-,Honolulu International Airport,HNL,PHNL,United States of America,Nadi International Airport,NAN,NFFN,Fiji,12,151,0,0,-,-,Final
19910312-1,Tuesday,12-MAR-1991,09:06,A1, Takeoff (TOF),"New York-John F. Kennedy International Airport, NY (JFK)",United States of America,5,0, Destroyed, Written off (damaged beyond repair),McDonnell Douglas DC-8-62H-AF,4,Pratt & Whitney JT3D-3B,1971,-,50145.0, N730PL, 46161/552,ATI,Cargo, 102,New York-John F. Kennedy International Airport,JFK,KJFK,United States of America,Brussel-Zaventem Airport,BRU,EBBR,Belgium,3,2,0,0,-,-,Final
19910314-0,Thursday,14-MAR-1991,-,H2, En route (ENR),Moscow,Russia,-,0, None,-,Yakovlev Yak-42,3,Lotarev D-36,-,-,-, registration unknown,-,Aeroflot,Domestic Scheduled Passenger,-,-,-,-,-,Begishevo/Naberevnye Chelny Airport,NBC,UWKE,Russia,-,-,0,0,-,-,-
19910315-0,Friday,15-MAR-1991,21:07,A1, Approach (APR),"Uberlândia-Eduardo Gomes Airport, MG (UDI)",Brazil,4,0, Damaged beyond repair,-,Learjet 35A,2,Garrett TFE731-2-2B,1981,-,-, PT-LIH, 35A-433,Líder Táxi Aéreo,Ambulance,-,São Paulo-Congonhas Airport,CGH,SBSP,Brazil,Uberlândia-Eduardo Gomes Airport,UDI,SBUL,Brazil,2,2,0,0,-,-,Final
19910316-0,Saturday,16-MAR-1991,-,C1, En route (ENR),32 km (20 mls) from  Malanje,Angola,9,9, Damaged beyond repair,-,Lockheed L-100-30 Hercules,4,Allison 501-D22A,1979,-,-, CP-1564, 4833,Transafrik,Cargo,-,Luanda Airport,LAD,FNLU,Angola,-,-,-,-,3,6,3,6,-,-,-
19910316-1,Saturday,16-MAR-1991,01:43,A1, En route (ENR),"15 km (9.4 mls) NE of San Diego-Brown Field Municipal Airport, CA (SDM)",United States of America,10,10, Destroyed, Written off (damaged beyond repair),Hawker Siddeley HS-125-1A,2,Rolls-Royce Viper 522,1966,-,-, N831LC, 25095,Duncan Aircraft Sales,Private,-,San Diego-Brown Field Municipal Airport,SDM,KSDM,United States of America,Amarillo International Airport,AMA,KAMA,United States of America,2,8,2,8,-,-,Final
19910318-0,Monday,18-MAR-1991,-,A1, Approach (APR),"8 km (5 mls) from  Brasília International Airport, DF (BSB)",Brazil,4,4, Damaged beyond repair,-,Learjet 25D,-,-,1978,-,-, PT-LLL, 25-258,Air Conesul Táxi Aéreo,Domestic Non Scheduled Passenger,-,Uberaba Airport,UBA,SBUR,Brazil,Brasília International Airport,BSB,SBBR,Brazil,2,2,2,2,-,-,-
19910318-1,Monday,18-MAR-1991,-,C2, En route (ENR),near Sverdlovsk,Russia,360,0, Unknown,-,Ilyushin Il-86,-,-,-,-,-, registration unknown,-,Aeroflot,Domestic Scheduled Passenger,-,Moskva-Vnukovo Airport,VKO,UUWW,Russia,Novosibirsk-Tolmachevo Airport,OVB,UNNN,Russia,-,-,0,0,-,-,-
19910321-0,Thursday,21-MAR-1991,-,A1, Approach (APR),near Rash Mishab,Saudi Arabia,101,98, Damaged beyond repair,-,Lockheed C-130H Hercules,-,-,1977,-,-, 469, 4754,Saudi AF,Military,-,Jeddah-King Abdulaziz International Airport,JED,OEJN,Saudi Arabia,-,-,-,-,6,95,6,92,-,-,-
19910321-1,Thursday,21-MAR-1991,-,A1, En route (ENR),"NW off San Diego, CA",United States of America,14,14, Damaged beyond repair,-,Lockheed P-3C Orion,4,Allison T56-A14,1973,-,-, 158930, 185-5602,US Navy,Military,-,Mountain View-Moffett Field,NUQ,KNUQ,United States of America,Mountain View-Moffett Field,NUQ,KNUQ,United States of America,-,-,-,-,13,-,-
19910321-2,Thursday,21-MAR-1991,-,A1, En route (ENR),"NW off San Diego, CA",United States of America,13,13, Damaged beyond repair,-,Lockheed P-3C Orion,4,Allison T56-A14,1974,-,-, 159325, 185-5615,US Navy,Military,-,Mountain View-Moffett Field,NUQ,KNUQ,United States of America,Mountain View-Moffett Field,NUQ,KNUQ,United States of America,-,-,-,-,14,-,-
19910323-0,Saturday,23-MAR-1991,11:37,A1, Landing (LDG),Navoi Airport (NVI),Uzbekistan,63,34, Damaged beyond repair,-,Antonov An-24RV,2,Ivchenko AI-24VT,1972,-,-, CCCP-46472, 27307910,Aeroflot / Uzbekistan,Domestic Scheduled Passenger,-,Tashkent-Yuzhny Airport,TAS,UTTT,Uzbekistan,Navoi Airport,NVI,UTSA,Uzbekistan,4,59,4,30,-,-,-
19910323-1,Saturday,23-MAR-1991,-,O1, Standing (STD),Dinard-Pleurtuit Airport (DNR),France,0,0, Damaged beyond repair,-,Fairchild FH-227B,-,-,1967,-,-, F-GCPZ, 561,TAT,-,-,-,-,-,-,-,-,-,-,0,0,0,0,-,-,-
19910324-0,Sunday,24-MAR-1991,12:08,A1, Takeoff (TOF),Puebla/Huejotzingo Airport (PBC),Mexico,8,0, Damaged beyond repair,-,North American Sabreliner 40,-,-,1965,-,-, XA-RPS, 282-56,Servicios Aéreos de Los Angeles,Domestic Non Scheduled Passenger,-,Puebla/Huejotzingo Airport,PBC,MMPB,Mexico,Acapulco-Alvarez International Airport,ACA,MMAA,Mexico,2,6,0,0,-,-,-
19910325-0,Monday,25-MAR-1991,-,O1, Standing (STD),Asmara International Airport (ASM),Eritrea,0,0, Damaged beyond repair,-,Boeing 707-385C,4,Pratt & Whitney JT3D-3B (HK),1966,-,-, ET-AJZ, 19433/534,Ethiopian Airlines,Unknown,-,-,-,-,-,-,-,-,-,0,0,0,0,-,-,-
19910325-1,Monday,25-MAR-1991,-,A1, Initial climb (ICL),Yelahanka Air Station,India,28,28, Destroyed, Written off (damaged beyond repair),Hindustan Aeronautics Ltd. HAL-748-LFD Srs. 2M,-,-,1984,-,-, H-1513, 551,Indian AF,Military,-,-,-,-,-,-,-,-,-,3,25,3,25,-,-,-
19910325-2,Monday,25-MAR-1991,-,A1, Takeoff (TOF),Khartoum-Civil Airport (KRT),Sudan,27,0, Damaged beyond repair,-,Fokker F-27 Friendship 200,-,-,1962,-,-, ST-AAA, 10192,Sudan Airways,Domestic Scheduled Passenger,-,Khartoum-Civil Airport,KRT,HSSS,Sudan,Dongola Airport,DOG,HSDN,Sudan,5,22,0,0,-,-,-
19910325-3,Monday,25-MAR-1991,-,A1, En route (ENR),near Macas,Ecuador,3,2, Damaged beyond repair,-,IAI Arava 202,-,-,1975,-,-, E-205, 023,Ecuador Army,Military,-,Pastaza-Shell Mera Airport,PTZ,SESM,Ecuador,Macas Airport,XMS,SEMC,Ecuador,3,0,2,0,-,-,-
19910325-4,Monday,25-MAR-1991,-,H2, En route (ENR),Singapore-Changi Airport (SIN),Singapore,127,4, None,-,Airbus A310,-,-,-,-,-, registration unknown,-,Singapore Airlines,International Scheduled Passenger, 117,Kuala Lumpur International Airport,KUL,WMKK,Malaysia,Singapore-Changi International Airport,SIN,WSSS,Singapore,9,118,0,4,-,-,-
19910328-0,Thursday,28-MAR-1991,-,H2, En route (ENR),Kaliningrad-Khrabrovo Airport (KGD),Russia,80,0, None,-,Tupolev Tu-134,-,-,-,-,-, registration unknown,-,Aeroflot,Domestic Scheduled Passenger,-,Leningrad-Pulkovo Airport,LED,ULLI,Russia,Kaliningrad-Khrabrovo Airport,KGD,UMKK,Russia,-,-,0,0,-,-,-
19910329-0,Friday,29-MAR-1991,-,C2, En route (ENR),near Kuito,Angola,11,0, Substantial, Repaired,de Havilland Canada DHC-6 Twin Otter 300,2,Pratt & Whitney Canada PT6A-27,1976,-,-, HB-LOM, 511,Zimex Aviation,Int'l Non Scheduled Passenger,-,Luena Airport,LUO,FNUE,Angola,Kuito Airport,SVP,FNKU,Angola,2,9,0,0,-,-,-
19910331-0,Sunday,31-MAR-1991,-,A1, En route (ENR),near Medellín-Enrique Olaya Herrera Airport (EOH),Colombia,2,0, Damaged beyond repair,-,Vickers 745D Viscount,-,-,1956,-,-, HK-1708, 138,Intercontinental de Aviación,Cargo,-,Bogotá-Eldorado Airport,BOG,SKBO,Colombia,Medellín-Enrique Olaya Herrera Airport,EOH,SKMD,Colombia,2,0,0,0,-,-,-
19910331-1,Sunday,31-MAR-1991,-,H2, En route (ENR),Algiers-Houari Boumediene Airport (ALG),Algeria,54,0, None,-,Boeing 737,-,-,-,-,-, registration unknown,-,Air Algérie,Domestic Scheduled Passenger,-,Béchar-Leger Airport,CBH,DAOC,Algeria,Algiers-Houari Boumediene Airport,ALG,DAAG,Algeria,-,-,0,0,-,-,-
19910404-2,Thursday,04-APR-1991,13:40,A1, En route (ENR),"Thutade Lake, BC",Canada,7,6, Damaged beyond repair,-,Douglas C-47B-15-DK (DC-3),2,Pratt & Whitney R-1830-90C,1943,-,-, C-FQNF, 26643/15198,Central Mountain Air Services,Passenger,-,-,-,-,-,Smithers Airport,YYD,CYYD,Canada,3,4,3,3,-,-,-
19910405-0,Friday,05-APR-1991,14:51,A1, Approach (APR),"3 km (1.9 mls) W of Brunswick-Glynco Jetport, GA (BQK)",United States of America,23,23, Destroyed, Written off (damaged beyond repair),Embraer EMB-120RT Brasilia,2,Pratt & Whitney Canada PW118,1990,845.0,816.0, N270AS, 120218,Delta Connection,Domestic Scheduled Passenger,2311,Atlanta-William B. Hartsfield International Airport,ATL,KATL,United States of America,Brunswick-Glynco Jetport,BQK,KBQK,United States of America,3,20,3,20,-,-,Final
19910408-0,Monday,08-APR-1991,-,O1, Standing (STD),"Red Lake Airport, ON (YRL)",Canada,-,0, Damaged beyond repair,-,Beechcraft 99A Airliner,2,Pratt & Whitney Canada PT6A-27,1969,-,-, C-FHIE, U- 93,Sabourin Lake Airways,-,-,-,-,-,-,-,-,-,-,-,-,0,0,-,-,-
19910418-0,Thursday,18-APR-1991,11:56,A1, Approach (APR),1 km (0.6 mls) WNW off  Nuku Hiva Airport (NHV),French Polynesia,22,10, Damaged beyond repair,-,Dornier 228-212,-,-,1990,-,634.0, F-OHAB, 8196,Air Tahiti,Domestic Scheduled Passenger, 805,Hiva Oa Airport,HIX,NTMN,French Polynesia,Nuku Hiva Airport,NHV,NTMD,French Polynesia,2,20,1,9,-,-,Final
19910426-0,Friday,26-APR-1991,-,A1, Initial climb (ICL),ca 2km N off Cocos Islands Airport (CCK),Cocos (Keeling) Islands,-,1, Damaged beyond repair,-,Lockheed P-3C Orion,4,Allison T56-A14,1978,-,-, A9-754, 185-5662,RAAF,Military,-,Cocos Islands Airport,CCK,YPCC,Cocos (Keeling) Islands,-,-,-,-,-,-,1,0,-,-,-
19910429-0,Monday,29-APR-1991,-,H2, En route (ENR),Moscow,Russia,72,0, None,-,Tupolev Tu-154,-,-,-,-,-, registration unknown,-,Aeroflot,Domestic Scheduled Passenger,-,Barnaul Airport,BAX,UNBB,Russia,-,-,-,-,7,65,0,0,-,-,-
19910430-0,Tuesday,30-APR-1991,12:20,A2, Taxi (TXI),"Brochet Airport, MB (YBT)",Canada,15,0, Substantial, Repaired,Hawker Siddeley HS-748-254 Srs. 2A,-,-,1970,-,-, C-GEPB, 1686,Calm Air International,Domestic Scheduled Passenger,-,Lac Brochet Airport,XLB,CZWH,Canada,Brochet Airport,YBT,CYBT,Canada,3,12,0,0,-,-,-
19910501-0,Wednesday,01-MAY-1991,09:20,A1, Landing (LDG),"Oxford-Waterbury Airport, CT (OXC)",United States of America,9,0, Damaged beyond repair,-,IAI 1124A Westwind II,2,Garrett TFE731-3-1G,1982,-,-, N445BL, 382,PGA Tour Inv.,Executive,-,St. Augustine Airport,UST,KSGJ,United States of America,Oxford-Waterbury Airport,OXC,KOXC,United States of America,2,7,0,0,-,-,Final
19910503-0,Friday,03-MAY-1991,05:53,A1, Takeoff (TOF),"Hartford-Bradley International Airport, CT (BDL)",United States of America,3,0, Destroyed, Written off (damaged beyond repair),Boeing 727-22QC,3,Pratt & Whitney JT8D-7B,1966,-,46981.0, N425EX, 19095/302,Ryan Airlines,Cargo,-,Windsor Locks-Bradley International Airport,BDL,KBDL,United States of America,Boston-Logan International Airport,BOS,KBOS,United States of America,3,0,0,0,-,-,Final
19910504-1,Saturday,04-MAY-1991,17:15,A1, En route (ENR),"15 km (9.4 mls) from  Bowling Green, KY",United States of America,2,0, Substantial, Written off (damaged beyond repair),GAF Nomad N.22BFP,2,Allison 250-C17B,1978,-,770.0, N5590M,  83,Johnson Wax Company,Unknown,-,Bowling Green-Warren County Airport,BWG,KBWG,United States of America,Racine-Horlick Airport,RAC,KRAC,United States of America,1,1,0,0,-,-,Final
19910506-0,Monday,06-MAY-1991,-,O2, Standing (STD),"Shreveport, LA",United States of America,0,0, Substantial, Repaired,Cessna 501 Citation I/SP,-,-,-,-,-, N41JP, 501-0090,Petrolift Aviation,-,-,-,-,-,-,-,-,-,-,0,0,0,0,-,-,-
19910506-1,Monday,06-MAY-1991,-,O2, Standing (STD),"Shreveport, LA",United States of America,0,0, Substantial, Repaired,Learjet 25B,-,-,-,-,-, N20DL, 25-263,Petrolift Aviation,-,-,-,-,-,-,-,-,-,-,0,0,0,0,-,-,-
19910506-3,Monday,06-MAY-1991,-,O1, Standing (STD),"Shreveport, LA",United States of America,0,0, Damaged beyond repair,-,Hawker Siddeley BH-125-400A,-,-,1972,-,-, N101AD, 25284/NA777,Franks Petroleum,-,-,-,-,-,-,-,-,-,-,0,0,0,0,-,-,-
19910508-0,Wednesday,08-MAY-1991,10:10,A1, En route (ENR),"Cameron Lake, BC",Canada,11,0, Substantial, Written off (damaged beyond repair),de Havilland Canada DHC-3 Otter,-,-,1959,-,-, C-FQRI, 326,Harbour Air,Domestic Non Scheduled Passenger,-,Vancouver-Coal Harbour SPB,CXH,CYHC,Canada,-,-,-,-,1,10,0,0,-,-,-
19910509-0,Thursday,09-MAY-1991,02:37,A1, Approach (APR),15 km (9.4 mls) SE of Manado-Sam Ratulangi Airport (MDC),Indonesia,13,13, Damaged beyond repair,-,Fokker F-27 Friendship 600,-,-,1969,-,-, PK-MFD, 10399,Merpati Nusantara,Domestic Scheduled Passenger,MZ7533,Ternate-Babullah Airport,TTE,WAMT,Indonesia,Manado-Sam Ratulangi Airport,MDC,WAMM,Indonesia,5,8,5,8,-,-,-
19910510-0,Friday,10-MAY-1991,11:20,A1, Initial climb (ICL),Aguadilla-Borinquen Airport (BQN),Puerto Rico,2,2, Damaged beyond repair,-,Douglas R4D-7 (DC-3),2,Pratt & Whitney R-1830-90D,1945,-,-, N134FS, 33299/16551,Four Star Air Cargo,Cargo,-,Aguadilla-Borinquen Airport,BQN,TJBQ,Puerto Rico,Ponce-Mercedita Airport,PSE,TJPS,Puerto Rico,2,0,2,0,-,-,Final
19910514-0,Tuesday,14-MAY-1991,14:42,A1, Landing (LDG),Beni Airport (BNC),Bolivia,5,0, Damaged beyond repair,-,Curtiss C-46A-55-CK Commando,2,Pratt & Whitney R-2800-51,1945,-,-, CP-1617,   253,Transportes Aéreos El Dorado,Domestic Non Scheduled Passenger,-,-,-,-,-,La Paz-El Alto Airport,LPB,SLLP,Bolivia,1,4,0,0,-,-,Preliminary - official
19910515-0,Wednesday,15-MAY-1991,09:20,A1, Approach (APR),ca 1 km N of Villavicencio-La Vanguardia Airport (VVC),Colombia,14,13, Damaged beyond repair,-,Douglas C-47B (DC-3),-,-,1944,-,-, HK-3177, 26775/15330,ADES Colombia,Cargo,-,Villavicencio-La Vanguardia Airport,VVC,SKVV,Colombia,Miraflores Airport,MFS,SKMF,Colombia,3,11,2,11,-,-,-
19911023-0,Wednesday,23-OCT-1991,-,A1, Landing (LDG),Shelopugino,Russia,13,0, Damaged beyond repair,-,Antonov An-28,2,Glushenkov TVD-10B,1990,-,-, CCCP-28924, 1AJ008-11,Aeroflot / East Siberia,Passenger,-,-,-,-,-,-,-,-,-,2,11,0,0,-,-,-
19911025-0,Friday,25-OCT-1991,-,A1, En route (ENR),Tumbang Miri,Indonesia,17,17, Missing, Presumed damaged beyond repair,Britten-Norman BN-2A Trislander Mk.III-2,3,Lycoming O-540-E4C5,1975,-,-, PK-KTC, 1017,Bali Int. Air Service,Domestic Scheduled Passenger,-,Palangkaraya Airport,PKY,WAOP,Indonesia,Sampit Airport,SMQ,WAOS,Indonesia,1,16,1,16,-,-,-
19911029-0,Tuesday,29-OCT-1991,11:47,A1, En route (ENR),"43 km (26.9 mls) S off  East Sale, VIC, Australia",Pacific Ocean,5,5, Damaged beyond repair,-,Boeing 707-368C,4,Pratt & Whitney JT3D-3B,1975,-,-, A20-103, 21103/905,RAAF,Military,-,-,-,-,-,Avalon Airport,AVV,YMAV,Australia,5,0,5,0,-,-,-
19911030-0,Wednesday,30-OCT-1991,14:30,A1, Approach (APR),"22 km (13.8 mls) from  CFS Alert, NU (YLT)",Canada,18,5, Damaged beyond repair,-,Lockheed CC-130E Hercules,-,-,1967,-,-, 130322, 4192,Canadian Armed Forces,Military,-,-,-,-,-,Alert Airport,YLT,CYLT,Canada,5,13,2,3,-,-,-
19911103-0,Sunday,03-NOV-1991,03:48,A1, Initial climb (ICL),Barcelona Airport (BCN),Spain,3,0, Substantial, Written off (damaged beyond repair),Douglas C-47A-1-DK (DC-3),-,-,1943,-,-, EC-FDH, 11982,Aeromarket,Cargo,-,Barcelona-El Prat Airport,BCN,LEBL,Spain,Palma de Mallorca Airport,PMI,LEPA,Spain,1,2,0,0,-,-,Preliminary - official
19911107-0,Thursday,07-NOV-1991,-,A1, Approach (APR),23 km (14.4 mls) WNW of Makhachkala Airport (MCX),Russia,51,51, Damaged beyond repair,-,Yakovlev Yak-40,3,Ivchenko AI-25,1975,-,-, CCCP-87526, 9520841,Aeroflot / North Kavkaz,Domestic Scheduled Passenger,-,Elista Airport,ESL,URWI,Russia,Makhachkala Airport,MCX,URML,Russia,4,47,4,47,-,-,-
19911108-0,Friday,08-NOV-1991,-,A1, Landing (LDG),Geneina Airport (EGN),Sudan,-,0, Damaged beyond repair,-,Antonov An-12B,4,Ivchenko AI-20M,1969,-,-, CCCP-11129, 02348204,Sigi Air Cargo,Cargo,-,-,-,-,-,Geneina Airport,EGN,HSCN,Sudan,-,-,0,0,-,-,-
19911108-1,Friday,08-NOV-1991,-,O1, Standing (STD),Batagay Airport,Russia,0,0, Damaged beyond repair,-,Antonov An-2,-,-,1962,-,-, CCCP-79948, 116947305,Aeroflot / Yakutsk,-,-,-,-,-,-,-,-,-,-,0,0,0,0,-,-,-
19911109-0,Saturday,09-NOV-1991,-,H2, En route (ENR),Grozny Airport (GRV),Russia,171,0, None,-,Tupolev Tu-154,-,-,-,-,-, registration unknown,-,Aeroflot,Domestic Scheduled Passenger,-,Mineralnye Vody Airport,MRV,URMM,Russia,Ekaterinburg-Koltsovo Airport,SVX,USSS,Russia,-,-,0,0,-,-,-
19911109-1,Saturday,09-NOV-1991,-,A1, Unknown (UNK),near Dakovo,Croatia,-,-, Damaged beyond repair,-,Antonov An-2R,-,-,-,-,-, 9A-BKB, 1G167-06,Croatia AF,Military,-,-,-,-,-,-,-,-,-,-,-,-,-,-,-,-
19911110-0,Sunday,10-NOV-1991,-,O1, Standing (STD),Managua Airport (MGA),Nicaragua,2,0, Damaged beyond repair,-,Boeing 727-25,3,Pratt & Whitney JT8D-7B,1965,-,-, YN-BXW, 18284/161,Aeronica,-,-,-,-,-,-,-,-,-,-,2,0,0,0,-,-,-
19911111-0,Monday,11-NOV-1991,21:43,A1, Initial climb (ICL),"0,5 km (0.3 mls) NE of Recife-Guararapes International Airport, PE (REC)",Brazil,15,15, Damaged beyond repair,-,Embraer EMB-110P1 Bandeirante,2,Pratt & Whitney Canada PT6A-34,1980,-,-, PT-SCU, 110314,Nordeste Linhas Aéreas,Domestic Scheduled Passenger, 115,Recife-Guararapes International Airport,REC,SBRF,Brazil,Salvador-Dois de Julho International Airport,SSA,SBSV,Brazil,3,12,3,12,-,2,Final
19911113-0,Wednesday,13-NOV-1991,-,H2, En route (ENR),Saint Petersburg-Pulkovo Airport (LED),Russia,162,0, None,-,Tupolev Tu-154,-,-,-,-,-, registration unknown,-,Aeroflot,Domestic Scheduled Passenger,-,Irkutsk Airport,IKT,UIII,Russia,Saint Petersburg-Pulkovo Airport,LED,ULLI,Russia,-,-,0,0,-,-,-
19911116-0,Saturday,16-NOV-1991,06:10,A1, Approach (APR),"3.2 km (2 mls) NE off  Destin, FL",United States of America,1,1, Substantial, Written off (damaged beyond repair),Cessna 208B Super Cargomaster,1,Pratt & Whitney Canada PT6A-114,1987,-,4247.0, N951FE, 208B0058,FedEx,Cargo,-,Memphis International Airport,MEM,KMEM,United States of America,Destin Airport,DSI,KDTS,United States of America,1,0,1,0,-,-,Final
19911116-1,Saturday,16-NOV-1991,16:24,A1, Approach (APR),"1,5 km (0.9 mls) from  Amderma Airport (AMV)",Russia,22,20, Damaged beyond repair,-,Antonov An-12,-,-,-,-,-, registration unknown,-,Soviet AF,Cargo,-,Ryazan Airport,RZN,UUWR,Russia,Vorkuta Airport,VKT,UUYW,Russia,7,15,7,13,-,-,-
19911117-1,Sunday,17-NOV-1991,-,A1, Landing (LDG),San José-Juan Santamaria International Airport (SJO),Costa Rica,42,0, Damaged beyond repair,-,Boeing 737-2K6,2,Pratt & Whitney JT8D-15,1974,-,-, EI-CBL, 20957/377,SAHSA,International Scheduled Passenger,-,Tegucigalpa-Toncontin Airport,TGU,MHTG,Honduras,San José-Juan Santamaria International Airport,SJO,MROC,Costa Rica,6,36,0,0,-,-,-
19911120-0,Wednesday,20-NOV-1991,12:18,A2, Approach (APR),"near Fort Worth Alliance Airport, TX (AFW)",United States of America,2,0, Substantial, Repaired,Convair CV-600,2,Rolls-Royce Dart 540,1948,-,61707.0, N94258, 119,Kitty Hawk Aircargo,Training,-,Fort Worth Alliance Airport,AFW,KAFW,United States of America,Fort Worth Alliance Airport,AFW,KAFW,United States of America,2,0,0,0,-,-,Final
19911122-0,Friday,22-NOV-1991,10:50,A1, Approach (APR),"near Romeo, MI",United States of America,3,3, Damaged beyond repair,-,Beechcraft B100 King Air,2,Garrett TPE331-6-252,-,-,4298.0, N24169, BE-38,Ligon Brothers Manufacturing,Executive,-,-,-,-,-,-,-,-,-,2,1,2,1,-,-,Final
19911122-1,Friday,22-NOV-1991,-,A1, En route (ENR),"near Yartsevo, Yeniseysk district, Krasnoyarsk region",Russia,-,0, Damaged beyond repair,-,Antonov An-2TP,-,-,1967,-,-, CCCP-40596, 1G84-49,Aeroflot / Krasnoyarsk,Passenger,-,-,-,-,-,Yeniseysk Airport,EIE,UNII,Russia,-,-,0,0,-,-,-
19911123-0,Saturday,23-NOV-1991,-,A1, Landing (LDG),"Scotts Peak, TAS",Australia,-,0, Damaged beyond repair,-,de Havilland Canada DHC-4A Caribou,-,-,1965,-,-, A4-235, 235,RAAF,Military,-,-,-,-,-,-,-,-,-,-,-,0,0,-,-,-
19911123-1,Saturday,23-NOV-1991,-,A1, Approach (APR),near Komsomolsk-na-Ustyurte Airstrip,Uzbekistan,4,2, Damaged beyond repair,-,Antonov An-2R,-,-,1984,10410.0,3442.0, CCCP-81545, 1G208-49,Aeroflot / Uzbekistan,Unknown,-,-,-,-,-,-,-,-,-,2,2,1,1,-,-,-
19911125-0,Monday,25-NOV-1991,15:00,C1, Approach (APR),Sena-Sofala,Mozambique,3,1, Damaged beyond repair,-,Douglas C-47B-DK (DC-3),2,Pratt & Whitney R-1830-90C,1944,-,-, C9-STD, 25471/14026,STASA,Cargo,-,Beira Airport,BEW,FQBR,Mozambique,-,-,-,-,3,0,1,0,-,-,-
19911125-1,Monday,25-NOV-1991,-,H2, En route (ENR),Djibouti Airport (JIB),Djibouti,91,0, None,-,Boeing 737-260 Adv.,2,Pratt & Whitney JT8D-17A,1988,-,-, ET-AJB, 23915/1583,Ethiopian Airlines,Domestic Scheduled Passenger,ET616,Addis Ababa-Bole Airport,ADD,HAAB,Ethiopia,Dire Dawa-Aba Tenna D Yilma Airport,DIR,HADR,Ethiopia,6,85,0,0,-,-,-
19911125-2,Monday,25-NOV-1991,-,H2, Unknown (UNK),within Papua New Guinea,Papua New Guinea,-,0, None,-,unknown,-,-,-,-,-, registration unknown,-,Unknown,Domestic Scheduled Passenger,-,-,-,-,-,-,-,-,-,-,-,0,0,-,-,-
19911126-1,Tuesday,26-NOV-1991,05:02,A1, Approach (APR),"0,8 km (0.5 mls) N of Bugulma Airport (UUA)",Russia,41,41, Damaged beyond repair,-,Antonov An-24RV,2,Ivchenko AI-24VT,1971,-,-, CCCP-47823, 17307204,Aeroflot / Privolzhsk,Domestic Non Scheduled Passenger,-,Nizhnevartovsk Airport,NJC,USNN,Russia,Bugulma Airport,UUA,UWKB,Russia,4,37,4,37,-,-,-
19911127-0,Wednesday,27-NOV-1991,-,A1, Approach (APR),Milano-Parma Airport (PMF),Italy,2,0, Damaged beyond repair,-,Beechcraft Beechjet 400A,2,Pratt & Whitney Canada JT15D-5A,-,-,-, I-ALSU, RK-11,Aliserio,Ferry/positioning,-,-,-,-,-,Milano-Parma Airport,PMF,LIMP,Italy,2,0,0,0,-,-,-
19911128-0,Thursday,28-NOV-1991,14:34,A1, Takeoff (TOF),"Akron/Canton Regional Airport, OH (CAK)",United States of America,2,0, Destroyed, Written off (damaged beyond repair),Convair CV-240D (T-29),2,Pratt & Whitney R-2800-CB3,1955,-,18528.0, N450GA, 52-83,Rhoades Int.,Ferry/positioning,-,Akron/Canton Regional Airport,CAK,KCAK,United States of America,Columbus-Port Columbus International Airport,CMH,KCMH,United States of America,2,0,0,0,-,-,Final
19911129-0,Friday,29-NOV-1991,11:14,A1, Takeoff (TOF),"Rivière-au-Saumon, QC",Canada,35,0, Damaged beyond repair,-,Hawker Siddeley HS-748-272 Srs. 2A,-,-,1971,-,-, C-GGOO, 1692,Air Creebec,Domestic Scheduled Passenger,-,-,-,-,-,Quebec Airport,YQB,CYQB,Canada,3,32,0,0,-,-,-
19911129-1,Friday,29-NOV-1991,08:15,A1, Approach (APR),"33 km (20.6 mls) NNE of Guaratinguetá Airport, SP (GUJ)",Brazil,16,16, Damaged beyond repair,-,Embraer C-95C Bandeirante (EMB-110P2),-,-,1988,-,-, 2333, 110473,Brazilian AF,Military,-,Brasília International Airport,BSB,SBBR,Brazil,Guaratinguetá Airport,GUJ,SBGW,Brazil,3,13,3,13,-,-,-
19911130-0,Saturday,30-NOV-1991,18:55,A2, Approach (APR),"Lubbock International Airport, TX (LBB)",United States of America,107,0, Substantial, Repaired,Boeing 737-2H4 Adv.,2,Pratt & Whitney JT8D-9A (HK3),1981,-,32985.0, N73SW, 22673/826,Southwest Airlines,Domestic Scheduled Passenger,-,Albuquerque International Airport,ABQ,KABQ,United States of America,Lubbock International Airport,LBB,KLBB,United States of America,5,102,0,0,-,-,Final
19911202-0,Monday,02-DEC-1991,-,A1, En route (ENR),Élancourt,France,4,4, Damaged beyond repair,-,Dassault Falcon 20E,-,-,1975,-,-, 309/F-UGWP, 309,French AF,Military,-,-,-,-,-,-,-,-,-,4,0,4,0,-,-,-
19911202-1,Monday,02-DEC-1991,-,C1, Unknown (UNK),near Vukovar,Croatia,4,4, Damaged beyond repair,-,Antonov An-2,-,-,-,-,-, 9A-BOP, 1G222-37,Croatia AF,Military,-,-,-,-,-,-,-,-,-,2,2,2,2,-,-,-
19911202-2,Monday,02-DEC-1991,-,A1, Landing (LDG),Nyurba ?,Russia,-,0, Damaged beyond repair,-,Antonov An-2P,-,-,1975,-,-, CCCP-07796, 1G162-46,Yakutavia,Unknown,-,-,-,-,-,-,-,-,-,-,-,0,0,-,-,-
19911207-0,Saturday,07-DEC-1991,-,A1, Takeoff (TOF),Tripoli International Airport (TIP),Libya,199,0, Damaged beyond repair,-,Boeing 707-351C,4,Pratt & Whitney JT3D-3B,1965,-,-, 5A-DJT, 18888/425,Libyan Arab Airlines,Domestic Scheduled Passenger,-,Tripoli International Airport,TIP,HLLT,Libya,Benghazi-Benina International Airport,BEN,HLLB,Libya,10,189,0,0,-,-,-
19911208-0,Sunday,08-DEC-1991,-,A1, Unknown (UNK),at an unknown location,Russia,-,-, Damaged beyond repair,-,Antonov An-2,-,-,-,-,-, CCCP-33137,-,Aeroflot / Yakutsk,Unknown,-,-,-,-,-,-,-,-,-,-,-,-,-,-,-,-
19911211-0,Wednesday,11-DEC-1991,09:40,A1, En route (ENR),"12 km (7.5 mls) WSW of Rome-Richard B Russell Airport, GA (RMG)",United States of America,9,9, Destroyed, Written off (damaged beyond repair),Beechcraft Beechjet 400A,2,Pratt & Whitney Canada JT15D-5A,-,-,-, N25BR, RJ-57,Bruno's,Executive,-,Rome-Richard B Russell Airport,RMG,KRMG,United States of America,Huntsville-Madison County Airport,HSV,KHSV,United States of America,2,7,2,7,-,-,Final
19911211-1,Wednesday,11-DEC-1991,15:20,A1, En route (ENR),ca 20 km N of Bogotá-Eldorado Airport (BOG),Colombia,8,8, Damaged beyond repair,-,Curtiss C-46F-1-CU Commando,-,-,1945,-,-, HK-2716, 22478,L.A. Suramericanas,Ferry/positioning,-,Rionegro/Medellín-José María Córdova Airport,MDE,SKRG,Colombia,Bogotá-Eldorado Airport,BOG,SKBO,Colombia,4,4,4,4,-,-,-
19911215-0,Sunday,15-DEC-1991,-,A1, Landing (LDG),Suva-Nausori Airport (SUV/NFSU) [DQ],Fiji,2,0, Damaged beyond repair,-,de Havilland DH-114 Riley Heron 2B,-,-,1955,-,-, DQ-FEE, 14057,Fiji Air,Test,-,-,-,-,-,Suva-Nausori Airport,SUV,NFSU,Fiji,2,0,0,0,-,-,-
19911217-0,Tuesday,17-DEC-1991,17:49,A1, Landing (LDG),Warszawa-Okecie Airport (WAW),Poland,96,0, Damaged beyond repair,-,McDonnell Douglas DC-9-32,2,Pratt & Whitney JT8D-9A,1969,-,-, I-RIBN, 47339/437,Alitalia,International Scheduled Passenger,-,Roma-Fiumicino Airport,FCO,LIRF,Italy,Warszawa-Okecie Airport,WAW,EPWA,Poland,6,90,0,0,-,-,-
19911222-0,Sunday,22-DEC-1991,11:37,A1, En route (ENR),Heidelberg-Handschuhsheim,Germany,32,28, Damaged beyond repair,-,Douglas DC-3A,2,Pratt & Whitney R-1830,1942,-,-, D-CCCC, 7353,Classic Wings,Domestic Non Scheduled Passenger,-,-,-,-,-,-,-,-,-,3,29,3,25,-,-,-
19911223-0,Monday,23-DEC-1991,08:25,A1, Landing (LDG),"Carlsbad-McClellan-Palomar Airport, CA (CLD)",United States of America,3,0, Damaged beyond repair,-,Learjet 25B,2,General Electric CJ610-6A,1973,-,8117.0, N44PA, 25-144,Flight Management,Cargo,-,-,-,-,-,Carlsbad-McClellan-Palomar Airport,CLD,KCRQ,United States of America,3,0,0,0,-,-,Final
19911225-0,Wednesday,25-DEC-1991,-,A1, Unknown (UNK),near Santiago de los Caballeros-Cibao International Airport (STI),Dominican Republic,-,2, Destroyed, Written off (damaged beyond repair),Douglas C-47D,-,-,-,-,-, FAD-3406,-,Dominican Air Force,Military,-,-,-,-,-,-,-,-,-,-,-,2,0,-,-,-
19911227-0,Friday,27-DEC-1991,08:51,A1, Initial climb (ICL),near Gottröra,Sweden,129,0, Damaged beyond repair,-,McDonnell Douglas DC-9-81 (MD-81),2,Pratt & Whitney JT8D-217C,1991,1272.0,1608.0, OY-KHO, 53003/1844,SAS,International Scheduled Passenger,SK751,Stockholm-Arlanda Airport,ARN,ESSA,Sweden,København-Kastrup Airport,CPH,EKCH,Denmark,7,122,0,0,-,-,Final
19911227-1,Friday,27-DEC-1991,-,A1, Takeoff (TOF),Dekelia/Tatoi Air Base,Greece,6,1, Damaged beyond repair,-,Douglas C-47B-15-DK (DC-3),2,Pratt & Whitney R-1830-90C,1944,-,-, KK171, 26862/15417,Hellenic AF,Military,-,-,-,-,-,-,-,-,-,4,2,1,0,-,-,-
19911228-0,Saturday,28-DEC-1991,21:46,A1, Maneuvering (MNV),"17 km (10.6 mls) ENE off  Block Island, RI",United States of America,3,3, Destroyed, Written off (damaged beyond repair),Beechcraft 1900C,2,Pratt & Whitney Canada PT6A-65B,1985,-,11265.0, N811BE, UB-49,Business Express,Training,-,Bridgeport-Igor I. Sikorsky Memorial Airport,BDR,KBDR,United States of America,Bridgeport-Igor I. Sikorsky Memorial Airport,BDR,KBDR,United States of America,3,0,3,0,-,-,Final
19911229-0,Sunday,29-DEC-1991,15:05,A1, En route (ENR),near Wanli,Taiwan,5,5, Damaged beyond repair,-,Boeing 747-2R7F,4,Pratt & Whitney JT9D-7R4G2,1980,9094.0,45868.0, B-198, 22390/482,China Airlines,Cargo,CI358,Taipei-Chiang Kai Shek International Airport,TPE,RCTP,Taiwan,Anchorage International Airport,ANC,PANC,United States of America,5,0,5,0,-,-,-
19911230-0,Monday,30-DEC-1991,-,A1, Takeoff (TOF),Velsk Airport,Russia,25,0, Damaged beyond repair,-,Yakovlev Yak-40,-,-,1975,-,-, CCCP-87521, 9520341,Aeroflot / Arkhangelsk,Domestic Scheduled Passenger,-,-,-,-,-,-,-,-,-,4,21,0,0,-,-,-
19919999-0,-,xx-xxx-1991,-,A1, Unknown (UNK),Kinshasa-N'Djili Airport (FIH),Democratic Republic of the Congo,-,0, Damaged beyond repair,-,Douglas C-54A-10-DC (DC-4),-,-,1944,-,-, 9Q-CWP, 10337,GLM Aviation,Unknown,-,-,-,-,-,-,-,-,-,-,-,0,0,-,-,-
19919999-2,-,xx-xxx-1991,-,O1, Standing (STD),unknown,Unknown country,0,0, Damaged beyond repair,-,Dassault Falcon 20C,-,-,1966,-,-, N425JA, 51,Franks Petroleum,-,-,-,-,-,-,-,-,-,-,0,0,0,0,-,-,-
19919999-4,-,xx-xxx-1991,-,U1, Unknown (UNK),"Bundaberg Airport, QLD (BDB)",Australia,-,0, Substantial,-,Beechcraft 200 Super King Air,-,-,1977,-,-, VH-AAZ, BB-241,Norfolk Island Airlines,Unknown,-,-,-,-,-,-,-,-,-,-,-,0,0,-,-,-
19910516-0,Thursday,16-MAY-1991,-,A1, Approach (APR),Irkutsk-2 Airport,Russia,9,2, Damaged beyond repair,-,Antonov An-8,-,-,1961,6708.0,17293.0, CCCP-13330, 0G-3490,MAP Kom na Amu,Cargo,-,Omsk Airport,OMS,UNOO,Russia,-,-,-,-,3,6,1,1,-,-,-
19910521-0,Tuesday,21-MAY-1991,-,A1, Approach (APR),Bauchi Airport (BCU),Nigeria,3,3, Damaged beyond repair,-,Cessna 550 Citation II,2,Pratt & Whitney Canada JT15D-4,1978,-,-, 5N-AMR, 550-0045,Ashaka Cement Comp.,Unknown,-,-,-,-,-,Bauchi State International Airport,BCU,DNBC,Nigeria,2,1,2,1,-,-,-
19910523-0,Thursday,23-MAY-1991,13:06,A1, Landing (LDG),Leningrad-Pulkovo Airport (LED),Russia,178,13, Damaged beyond repair,-,Tupolev Tu-154B-1,3,Kuznetsov NK-8-2U,1975,-,-, CCCP-85097, 75A097,Aeroflot / Leningrad,Domestic Scheduled Passenger,-,Sukhumi-Babusheri Airport,SUI,UGSS,Georgia,Leningrad-Pulkovo Airport,LED,ULLI,Russia,6,172,0,13,-,2,-
19910524-0,Friday,24-MAY-1991,-,A1, En route (ENR),10 km (6.3 mls) S of Kermanshah Airport (KSH),Iran,10,4, Damaged beyond repair,-,Ilyushin Il-76TD,-,-,1989,353.0,1099.0, LZ-INK, 0093494835,Metro Cargo,Cargo,-,Köln/Bonn Airport,CGN,EDDK,Germany,Kermanshah Airport,KSH,OICC,Iran,10,0,4,0,-,-,-
19910526-0,Sunday,26-MAY-1991,23:17,A1, En route (ENR),"5,6 km (3.5 mls) NNE of Phu Toey",Thailand,223,223, Destroyed, Written off (damaged beyond repair),Boeing 767-3Z9ER,2,Pratt & Whitney PW4060,1989,1132.0,7429.0, OE-LAV, 24628/283,Lauda Air,International Scheduled Passenger,NG004,Bangkok-Don Muang International Airport,BKK,VTBD,Thailand,Wien-Schwechat International Airport,VIE,LOWW,Austria,10,213,10,213,-,-,Final
19910527-0,Monday,27-MAY-1991,13:30,A2, En route (ENR),"40 km (25 mls) N of Saint-Michel-des-Saints, QC",Canada,4,1, Substantial, Written off (damaged beyond repair),de Havilland Canada DHC-3 Otter,-,-,1964,-,-, C-FCDL, 441,Cargair,Domestic Non Scheduled Passenger,-,-,-,-,-,-,-,-,-,1,3,1,0,-,-,-
19910601-0,Saturday,01-JUN-1991,10:16,A1, En route (ENR),3 km (1.9 mls) off  Matthewtown,Bahamas,3,2, Damaged beyond repair,-,GAF Nomad N.24A,2,Allison 250-B17C,1977,-,-, N8071L,  44,Agape Flights,Unknown,-,George Town-Exuma International Airport,GGT,MYEG,Bahamas,Cap Haitien Airport,CAP,MTCH,Haiti,2,1,2,0,-,-,-
19910601-1,Saturday,01-JUN-1991,-,A1, Unknown (UNK),Slavonski Brod,Croatia,-,-, Damaged beyond repair,-,Antonov An-2R,-,-,-,-,-, YU-BHS, 1G135-42,Privredna Avijacija Osijek,Unknown,-,-,-,-,-,-,-,-,-,-,-,-,-,-,-,-
19910605-0,Wednesday,05-JUN-1991,-,A1, Maneuvering (MNV),near Banyutanni,Indonesia,2,0, Damaged beyond repair,-,Fokker F-27 Friendship 600,-,-,1969,-,-, PK-JFF, 10410,Sempati Air,Training,-,Surabaya-Juanda Airport,SUB,WARR,Indonesia,Surabaya-Juanda Airport,SUB,WARR,Indonesia,2,0,0,0,-,-,Preliminary - official
19910605-1,Wednesday,05-JUN-1991,-,U1, Unknown (UNK),Pratica di Mare Air Base,Italy,-,-, Damaged beyond repair,-,Alenia G-222TCM,-,-,-,-,-, MM62129, 4036,Italian AF,Military,-,-,-,-,-,-,-,-,-,-,-,-,-,-,-,-
19910607-0,Friday,07-JUN-1991,16:45,A1, Approach (APR),near Puerto Plata-La Union Airport (POP),Dominican Republic,35,0, Damaged beyond repair,-,Douglas DC-3-201D,-,-,1940,-,-, N102AP, 2257,Victoria Air S.A.,Domestic Non Scheduled Passenger,-,El Portillo/Samaná-Arroyo Barril International Airport,EPS,MDAB,Dominican Republic,Puerto Plata-La Union International Airport,POP,MDPP,Dominican Republic,3,32,0,0,-,-,-
19910609-0,Sunday,09-JUN-1991,10:10,A1, Landing (LDG),Lukla Airport (LUA),Nepal,17,0, Damaged beyond repair,-,de Havilland Canada DHC-6 Twin Otter 300,2,Pratt & Whitney Canada PT6A-27,1971,-,-, 9N-ABA, 301,Royal Nepal Airlines,Domestic Scheduled Passenger,-,Kathmandu-Tribhuvan Airport,KTM,VNKT,Nepal,Lukla Airport,LUA,VNLK,Nepal,3,14,0,0,-,-,-
19910610-1,Monday,10-JUN-1991,15:42,A1, Takeoff (TOF),Luanda-4 de Fevereiro Airport (LAD),Angola,10,10, Destroyed, Written off (damaged beyond repair),Lockheed C-130A Hercules,4,Allison T56-A-7,1957,-,-, J6-SLQ, 3099,Carib Air Transport,Cargo,1228,Luanda-4 de Fevereiro Airport,LAD,FNLU,Angola,Cafunfo Airport,CFF,FNCF,Angola,4,6,4,6,-,-,-
19910613-0,Thursday,13-JUN-1991,18:41,A1, Landing (LDG),Taegu Airport (TAE),South Korea,127,0, Damaged beyond repair,-,Boeing 727-281,3,Pratt & Whitney JT8D-9A,1970,-,-, HL7350, 20469/852,Korean Air,Domestic Scheduled Passenger,-,Jeju (Cheju) International Airport,CJU,RKPC,South Korea,Daegu (Taegu) International Airport,TAE,RKTN,South Korea,7,120,0,0,-,-,-
19910613-1,Thursday,13-JUN-1991,-,H2, En route (ENR),Moscow,Russia,111,0, None,-,Tupolev Tu-154,-,-,-,-,-, registration unknown,-,Aeroflot,Domestic Scheduled Passenger,-,Rostov Airport,ROV,URRR,Russia,-,-,-,-,-,-,0,0,-,-,-
19910613-2,Thursday,13-JUN-1991,-,A1, En route (ENR),near Perekopivka,Ukraine,2,1, Damaged beyond repair,-,Antonov An-2R,-,-,1985,30996.0,2962.0, CCCP-40988, 1G217-28,Air Ukraine,Illegal Flight,-,-,-,-,-,-,-,-,-,1,1,0,1,-,-,-
19910615-0,Saturday,15-JUN-1991,-,U1, Unknown (UNK),"Morón AB, BA",Argentina,-,-, Damaged beyond repair,-,Rockwell 1121 Jet Commander,-,-,-,-,-, LV-RDB, 12,Unknown,Unknown,-,-,-,-,-,-,-,-,-,-,-,-,-,-,-,-
19910617-0,Monday,17-JUN-1991,22:00,A1, Approach (APR),"9,3 km (5.8 mls) W of Charallave-Óscar Machado Zuloaga Airport",Venezuela,4,4, Damaged beyond repair,-,Grumman G-1159 Gulfstream II,-,-,1968,-,-, N204RC,  34,Castor Trading,Ferry/positioning,-,Caracas-Simón Bolívar International Airport,CCS,SVMI,Venezuela,-,-,-,-,2,2,2,2,-,-,-
19910618-0,Tuesday,18-JUN-1991,19:10,A1, Landing (LDG),"between Santa Barbara, CA and Kahului, HI",Pacific Ocean,3,0, Damaged beyond repair,-,Grumman HU-16E Albatross,2,Wright R-1820-76D/C,1953,-,-, N7029C, G-288,Pacific Flying Fish,Private,-,Santa Barbara Municipal Airport,SBA,KSBA,United States of America,Kahului Airport,OGG,PHOG,United States of America,2,1,0,0,-,-,Final
19910619-0,Wednesday,19-JUN-1991,15:05,A1, Maneuvering (MNV),"18 km (11.3 mls) W of Chute des Passes, QC",Canada,2,2, Destroyed, Written off (damaged beyond repair),Canadair CL-215-1A10,2,Pratt & Whitney R-2800-83AM,1986,-,-, C-GFQA, 1091,Gouvernement du Québec,Fire fighting,-,-,-,-,-,-,-,-,-,2,0,2,0,-,-,-
19910620-0,Thursday,20-JUN-1991,03:45,A1, Approach (APR),"1,5 km (0.9 mls) SW of Barranquilla-Ernesto Cortissoz Airport (BAQ)",Colombia,20,2, Damaged beyond repair,-,Douglas DC-6BF,-,-,1957,-,-, HK-3511X, 45132/801,Aerosucre Colombia,Cargo,-,Bogotá-Eldorado Airport,BOG,SKBO,Colombia,Barranquilla-Ernesto Cortissoz Airport,BAQ,SKBQ,Colombia,3,17,0,2,-,-,-
19910620-1,Thursday,20-JUN-1991,12:24,A1, Initial climb (ICL),"0,5 km (0.3 mls) SW of Simikot Airport (IMK)",Nepal,4,0, Damaged beyond repair,-,de Havilland Canada DHC-6 Twin Otter 300,-,-,1982,-,-, 9N-ABS, 796,UN Development Programme,Unknown,-,Nepalganj Airport,KEP,VNNG,Nepal,Simikot Airport,IMK,VNST,Nepal,4,0,0,0,-,-,-
19910621-0,Friday,21-JUN-1991,-,A1, Takeoff (TOF),Santa Bárbara del Zulia-Las Delicias Airport (STB),Venezuela,5,0, Damaged beyond repair,-,Aérospatiale SN.601 Corvette,-,-,1975,-,-, YV-572CP, 17,Hidrowell,Training,-,Santa Bárbara del Zulia-Las Delicias Airport,STB,SVSZ,Venezuela,-,-,-,-,2,3,0,0,-,-,Preliminary
19910622-0,Saturday,22-JUN-1991,-,A1, Maneuvering (MNV),"6 km (3.8 mls) S of Sukhov-2-i, Mikhailovka District",Russia,3,3, Damaged beyond repair,-,Antonov An-2R,-,-,1977,9226.0,-, CCCP-62627, 1G178-19,Yugavia,Agricultural,-,-,-,-,-,-,-,-,-,1,2,1,2,-,-,-
19910624-0,Monday,24-JUN-1991,-,A1, Maneuvering (MNV),"near Razdolnoye, Uralsk region",Kazakhstan,3,3, Damaged beyond repair,-,Antonov An-2P,-,-,1982,-,-, CCCP-31423, 1G197-46,Aeroflot / Latvia,Agricultural,-,-,-,-,-,-,-,-,-,2,1,2,1,-,-,-
19910625-0,Tuesday,25-JUN-1991,-,A1, Unknown (UNK),Rakovka,Russia,3,3, Damaged beyond repair,-,Antonov An-2,-,-,-,-,-, registration unknown,-,Aeroflot,Agricultural,-,-,-,-,-,-,-,-,-,1,2,1,2,-,-,-
19910626-0,Wednesday,26-JUN-1991,21:00,A1, Landing (LDG),6 km (3.8 mls) E of Sokoto Airport (SKO),Nigeria,53,4, Damaged beyond repair,-,BAC One-Eleven 402AP,2,Rolls-Royce Spey 511-14,1967,39057.0,35860.0, 5N-AOW, 094,Okada Air,Domestic Scheduled Passenger,-,Lagos-Murtala Muhammed International Airport,LOS,DNMM,Nigeria,Kano International Airport,KAN,DNKN,Nigeria,5,48,0,4,-,-,-
19910628-0,Friday,28-JUN-1991,10:15,O2, Standing (STD),Ljubljana-Brnik Airport (LJU),Slovenia,0,0, Substantial, Repaired,Airbus A320-231,2,IAE V2500-A1,1990,-,-, YU-AOE, 114,Adria Airways,-,-,-,-,-,-,-,-,-,-,0,0,0,0,-,-,-
19910628-4,Friday,28-JUN-1991,00:57,O1, Standing (STD),Düsseldorf Airport (DUS),Germany,4,0, Damaged beyond repair,-,Lockheed L-1011 TriStar 1,3,Rolls-Royce RB211-22B,1975,16419.0,42514.0, D-AERI, 1114,LTU,-,-,-,-,-,-,-,-,-,-,4,0,0,0,-,-,-
19910630-0,Sunday,30-JUN-1991,-,A1, En route (ENR),35 km (21.9 mls) SW of Yartsevo,Russia,2,2, Damaged beyond repair,-,Antonov An-2T,-,-,1964,36795.0,13204.0, CCCP-62475, 1G42-23,Krasnoyarsk Avia,Illegal Flight,-,-,-,-,-,-,-,-,-,2,0,2,0,-,-,-
19910701-0,Monday,01-JUL-1991,21:52,A1, Landing (LDG),"Columbus-Port Columbus International Airport, OH (CMH)",United States of America,2,0, Substantial, Written off (damaged beyond repair),Learjet 25XR,2,General Electric CJ610-6,-,-,-, N458J, 25-106,New Creations,Unknown,-,Philadelphia International Airport,PHL,KPHL,United States of America,Columbus-Port Columbus International Airport,CMH,KCMH,United States of America,2,0,0,0,-,-,Final
19910702-0,Tuesday,02-JUL-1991,18:56,A1, Landing (LDG),"Columbia-Maury County Airport, TN (MRC)",United States of America,2,0, Substantial, Written off (damaged beyond repair),Learjet 23,2,General Electric CJ610-4,1966,-,13594.0, N500FM, 23-088,Connie Kalitta,Unknown,-,Youngstown Airport,YNG,KYNG,United States of America,Columbia-Maury County Airport,MRC,KMRC,United States of America,2,0,0,0,-,-,Final
19910704-0,Thursday,04-JUL-1991,09:10,A1, En route (ENR),near El Yopal,Colombia,3,3, Damaged beyond repair,-,de Havilland Canada DHC-6 Twin Otter 300,2,Pratt & Whitney Canada PT6A-27,1979,-,-, HK-2889X, 606,Helicol Colombia,Domestic Non Scheduled Passenger,-,-,-,-,-,El Yopal Airport,EYP,SKYP,Colombia,2,1,2,1,-,-,-
19910708-0,Monday,08-JUL-1991,20:36,A2, Takeoff (TOF),"Denver International Airport, CO (DEN)",United States of America,3,0, Substantial, Repaired,Boeing 707-323C,-,-,1967,-,-, N8404, 19582/663,Southern Air Transport,Cargo,-,Denver International Airport,DEN,KDEN,United States of America,Kansas City International Airport,MCI,KMCI,United States of America,3,0,0,0,-,-,Final
19910709-0,Tuesday,09-JUL-1991,-,C1, Initial climb (ICL),near Bellavista Airport (BLP),Peru,15,15, Damaged beyond repair,-,CASA C-212 Aviocar 200,-,-,1982,-,-, OB-1218, 232,Aerochasqui,Domestic Scheduled Passenger,-,Bellavista Airport,BLP,SPBL,Peru,Pucallpa Airport,PCL,SPCL,Peru,2,13,2,13,-,-,-
19910710-0,Wednesday,10-JUL-1991,18:12,A1, Approach (APR),"11 km (6.9 mls) SW of Birmingham Airport, AL (BHM)",United States of America,15,13, Destroyed, Written off (damaged beyond repair),Beechcraft C99 Commuter,2,Pratt & Whitney Canada PT6A-36,1984,-,-, N7217L, U-226,L'Express Airlines,Domestic Scheduled Passenger, 508,Mobile Municipal Airport,MOB,KMOB,United States of America,Birmingham Airport,BHM,KBHM,United States of America,2,13,1,12,-,-,Final
19910710-1,Wednesday,10-JUL-1991,-,A1, En route (ENR),Surkhet Airport (SKH),Nepal,3,3, Destroyed, Written off (damaged beyond repair),de Havilland Canada DHC-6 Twin Otter 300,-,-,1988,-,-, RAN-26, 843,Nepal Army,Military,-,Surkhet Airport,SKH,VNSK,Nepal,Jumla Airport,JUM,VNJL,Nepal,3,0,3,0,-,-,-
19910711-0,Thursday,11-JUL-1991,08:38,A1, Approach (APR),"2,8 km (1.8 mls) S of Jeddah-King Abdulaziz International Airport (JED)",Saudi Arabia,261,261, Destroyed, Written off (damaged beyond repair),McDonnell Douglas DC-8-61,4,Pratt & Whitney JT3D-3B (Q),1968,30173.0,49318.0, C-GMXQ, 45982/345,Nationair,Int'l Non Scheduled Passenger,WT2120,Jeddah-King Abdulaziz International Airport,JED,OEJN,Saudi Arabia,Sokoto Airport,SKO,DNSO,Nigeria,14,247,14,247,-,-,Final
19910715-0,Monday,15-JUL-1991,-,A1, Initial climb (ICL),1 km (0.6 mls) from  Uraj Airport (URJ),Russia,13,1, Damaged beyond repair,-,Antonov An-2TP,-,-,1988,1818.0,1701.0, CCCP-01494, 1G232-28,Tyumenaviatrans,Domestic Scheduled Passenger,-,Uraj Airport,URJ,USHU,Russia,Sovetsky Airport,OVS,USHS,Russia,2,11,1,0,-,-,-
19910722-0,Monday,22-JUL-1991,21:15,A1, Initial climb (ICL),"Detroit City Airport, MI (DET)",United States of America,3,3, Destroyed, Written off (damaged beyond repair),Learjet 23,2,General Electric CJ610-4,1965,-,-, N959SC, 23-045,Jetstream,Ferry/positioning,-,Detroit City Airport,DET,KDET,United States of America,Chicago-Midway Airport,MDW,KMDW,United States of America,2,1,2,1,-,-,Final
19910725-0,Thursday,25-JUL-1991,-,A1, Landing (LDG),In Guezzam Airport (INF),Algeria,-,0, Damaged beyond repair,-,Fokker F-27 Friendship 400M,-,-,1973,-,-, 7T-VRM, 10496,Air Algérie,Domestic Scheduled Passenger,-,Tamanrasset Airport,TMR,DAAT,Algeria,In Guezzam Airport,INF,DATG,Algeria,-,-,0,0,-,-,-
19910725-1,Thursday,25-JUL-1991,12:40,A1, En route (ENR),near Olpoi,Vanuatu,9,9, Damaged beyond repair,-,Britten-Norman BN-2A-6 Islander,2,Lycoming O-540-E4C5,1970,-,-, YJ-RV4, 220,Vanair,Domestic Scheduled Passenger,-,Olpoi-Lajmoli Airport,OLJ,NVSZ,Vanuatu,Espirítu Santo-Pekoa Airport,SON,NVSS,Vanuatu,1,8,1,8,-,-,-
19910806-0,Tuesday,06-AUG-1991,14:55,A1, Maneuvering (MNV),Piano di Crixia (Savona),Italy,2,2, Destroyed, Written off (damaged beyond repair),Canadair CL-215-1A10,2,Pratt & Whitney R-2800-83AM,1985,-,-, I-CFSV, 1077,State Forestry Corps (Italy),Fire fighting,-,Genoa-Cristoforo Colombo Airport,GOA,LIMJ,Italy,-,-,-,-,2,0,2,0,-,-,-
19910806-1,Tuesday,06-AUG-1991,19:30,A1, Approach (APR),off Rarotonga Airport (RAR),Cook Islands,10,6, Damaged beyond repair,-,IRMA/Britten-Norman BN-2A-27 Islander,2,Lycoming O-540-E4C5,1972,-,-, DQ-FCN, 676,Fiji Air,Domestic Scheduled Passenger,-,Aitutaki Airport,AIT,NCAI,Cook Islands,Rarotonga Airport,RAR,NCRG,Cook Islands,2,8,1,5,-,-,-
19910813-0,Tuesday,13-AUG-1991,23:53,A1, En route (ENR),18 km (11.3 mls) from  Uricani,Romania,9,9, Damaged beyond repair,-,Ilyushin Il-18V,4,Ivchenko AI-20K,1965,-,-, YR-IMH, 185008301,Tarom,Cargo,RO785A,Bucharest-Otopeni International Airport,OTP,LROP,Romania,Timisoara Airport,TSR,LRTR,Romania,5,4,5,4,-,-,-
19910814-2,Wednesday,14-AUG-1991,-,O1, Standing (STD),"Big Trout Airport, ON (YTL)",Canada,0,0, Damaged beyond repair,-,Hawker Siddeley HS-748-232 Srs. 2A,-,-,1967,-,-, C-FKTL, 1613,Kelner Airways,Cargo,-,-,-,-,-,Big Trout Airport,YTL,CYTL,Canada,0,0,0,0,-,-,-
19910815-0,Thursday,15-AUG-1991,-,A1, Landing (LDG),near Dori Airport (DOR),Burkina Faso,3,3, Damaged beyond repair,-,Fokker F-27 Friendship 100,-,-,1959,-,-, J5-GBB, 10119,Air Bissau,Ferry/positioning,-,Kano International Airport,KAN,DNKN,Nigeria,Bamako Airport,BKO,GABS,Mali,3,0,3,0,-,-,-
19910815-1,Thursday,15-AUG-1991,-,A1, En route (ENR),"near Petrel, Sakhalin Oblast",Russia,9,9, Damaged beyond repair,-,Antonov An-26,-,-,-,-,-, 51,-,Soviet AF,Military,-,Petrel-Burevestnik Airport,BVV,UHSB,Russia,-,-,-,-,6,3,6,3,-,-,-
19910816-1,Friday,16-AUG-1991,12:46,A1, Approach (APR),38 km (23.8 mls) SW of Imphal Municipal Airport (IMF),India,69,69, Destroyed, Written off (damaged beyond repair),Boeing 737-2A8 Advanced,2,Pratt & Whitney JT8D-17A,1977,33574.0,29729.0, VT-EFL, 21497/504,Indian Airlines,Domestic Scheduled Passenger, 257,Calcutta-Netaji Subhas Chandra Airport,CCU,VECC,India,Imphal Municipal Airport,IMF,VEIM,India,6,63,6,63,-,-,Final
19910817-0,Saturday,17-AUG-1991,-,A1, En route (ENR),21 km (13.1 mls) S of Ucharal,Kazakhstan,19,19, Damaged beyond repair,-,Antonov An-12,-,-,-,-,-, registration unknown,-,Soviet AF,Military,-,Andizhan Airport,AZN,UTKA,Uzbekistan,-,-,-,-,8,11,8,11,-,-,-
19910820-0,Tuesday,20-AUG-1991,13:15,A1, Unknown (UNK),"33 km (20.6 mls) from  Ketchikan, AK",United States of America,4,4, Destroyed, Written off (damaged beyond repair),Britten-Norman BN-2A-26 Islander,2,Lycoming O-540-E4C5,1978,-,16395.0, N68HA, 2009,Temsco Helicopters,Domestic Scheduled Passenger,-,Ketchikan International Airport,KTN,PAKT,United States of America,Wrangell Airport,WRG,PAWG,United States of America,1,3,1,3,-,-,Final
19910821-0,Wednesday,21-AUG-1991,-,A1, Takeoff (TOF),Poliny Osipenko,Russia,14,0, Damaged beyond repair,-,Let L-410UVP,-,-,1981,-,-, CCCP-67091, 810732,Aeroflot / Far East,Domestic Scheduled Passenger,-,-,-,-,-,-,-,-,-,2,12,0,0,-,-,-
19910822-0,Thursday,22-AUG-1991,14:00,A1, En route (ENR),Minturno,Italy,4,4, Damaged beyond repair,-,Alenia G-222TCM,-,-,-,-,-, MM62128, 4035,Italian AF,Military,-,-,-,-,-,-,-,-,-,4,0,4,0,-,-,-
19910823-0,Friday,23-AUG-1991,14:37,A2, Landing (LDG),Stockholm-Arlanda Airport (ARN),Sweden,180,0, Substantial, Repaired,Boeing 767-2J6ER,2,Pratt & Whitney PW4052,1989,-,5832.0, B-2556, 24157/253,Air China,International Scheduled Passenger,-,Beijing-Capital International Airport,PEK,ZBAA,China,Stockholm-Arlanda Airport,ARN,ESSA,Sweden,16,164,0,0,-,-,Final
19910827-0,Tuesday,27-AUG-1991,-,A1, Landing (LDG),42 km (26.3 mls) from  Guryev,Kazakhstan,6,0, Damaged beyond repair,-,Let L-410UVP,-,-,1984,-,-, CCCP-67099, 841325,Aeroflot / Kazakstan,Cargo,-,Guryev Airport,GUW,UAGZ,Kazakhstan,-,-,-,-,2,4,0,0,-,-,-
19910828-0,Wednesday,28-AUG-1991,-,A1, En route (ENR),"Sibuyan Island, Ramblon",Philippines,10,10, Damaged beyond repair,-,Britten-Norman BN-2A-21 Islander,-,-,1977,-,-, 559, 559,Philippine AF,Military,-,Manila-Villamor Air Base,MNL,RPLL,Philippines,Mactan Air Base,CEB,RPVM,Philippines,-,-,-,-,-,-,-
19910831-1,Saturday,31-AUG-1991,-,O1, Standing (STD),"Dothan Airport, AL (DHN)",United States of America,0,0, Damaged beyond repair,-,Boeing 707-323C,4,Pratt & Whitney JT3D-3B (HK),1963,-,-, CP-1365, 18692/358,LAB,-,-,-,-,-,-,-,-,-,-,0,0,0,0,-,-,-
19910902-1,Monday,02-SEP-1991,-,A1, Taxi (TXI),Wau Airport (WUU),South Sudan,5,0, Damaged beyond repair,-,Lockheed L-100-20 Hercules,4,Allison 501-D22A,1968,-,-, N521SJ, 4250,Southern Air Transport,Ferry/positioning,-,Wau Airport,WUU,HSWW,South Sudan,Khartoum-Civil Airport,KRT,HSSS,Sudan,5,0,0,0,-,-,-
19910903-0,Tuesday,03-SEP-1991,-,A1, Initial climb (ICL),near Sampit Airport (SMQ),Indonesia,10,3, Damaged beyond repair,-,IRMA/Britten-Norman BN-2A-21 Islander,2,Lycoming IO-540-K1B5,1975,-,-, PK-VIP, 752,Dirgantara Air Services,Domestic Non Scheduled Passenger,-,Sampit Airport,SMQ,WAOS,Indonesia,Palangkaraya Airport,PKY,WAOP,Indonesia,2,8,2,1,-,-,-
19910904-0,Wednesday,04-SEP-1991,14:10,A1, En route (ENR),9 km (5.6 mls) from  Long Seridan,Malaysia,20,14, Substantial, Written off (damaged beyond repair),Shorts SC.7 Skyvan 3-100,2,Garrett TPE331-2-201A,1981,-,-, 9M-AZB, SH.1975,Airtech Rajawaldi Udara,Domestic Scheduled Passenger,-,Bario Airport,BBN,WBGZ,Malaysia,Marudi Airport,MUR,WBGM,Malaysia,2,18,2,12,-,-,-
19910904-1,Wednesday,04-SEP-1991,06:11,A1, En route (ENR),ca 57 km S of Kota Kinabalu,Malaysia,12,12, Damaged beyond repair,-,Grumman American G-1159 Gulfstream II,-,-,1974,-,-, N204C, 143,Du Pont de Numours and Co.,Executive,-,Tokyo-Narita Airport,NRT,RJAA,Japan,Kota Kinabalu Airport,BKI,WBKK,Malaysia,3,9,3,9,-,-,-
19910907-0,Saturday,07-SEP-1991,-,H2, En route (ENR),within southeastern Colombia,Colombia,5,0, Unknown,-,Cessna 208 Caravan I,1,Pratt & Whitney Canada PT6A-114,-,-,-, registration unknown,-,SATENA,Domestic Scheduled Passenger,-,Bogotá-Eldorado Airport,BOG,SKBO,Colombia,San José del Guaviare Airport,SJE,SKSJ,Colombia,1,4,0,0,-,-,-
19910909-0,Monday,09-SEP-1991,-,A1, Takeoff (TOF),"20 km (12.5 mls) E of Tenterfield, NSW",Australia,4,4, Damaged beyond repair,-,GAF Nomad N.22,-,-,1975,-,-, A18-303,   3,Australian Army,Military,-,Oakey Airport,OKY,YBOK,Australia,-,-,-,-,4,0,4,0,-,-,-
19910910-0,Tuesday,10-SEP-1991,-,C1, En route (ENR),near Kigali,Rwanda,-,0, Damaged beyond repair,-,Fokker F-27 Friendship 400M,-,-,1983,-,-, 9Q-CBE, 10655,Scibe Airlift Cargo Zaire,Passenger,-,Kigali Airport,KGL,HRYR,Rwanda,Goma Airport,GOM,FZNA,Democratic Republic of the Congo,-,14,0,0,-,-,-
19910911-0,Wednesday,11-SEP-1991,10:03,A1, En route (ENR),"Eagle Lake, TX",United States of America,14,14, Destroyed, Written off (damaged beyond repair),Embraer EMB-120RT Brasilia,2,Pratt & Whitney Canada PW123,1987,10009.0,7229.0, N33701, 120077,Continental Express,Domestic Scheduled Passenger,2574,Laredo International Airport,LRD,KLRD,United States of America,Houston-Intercontinental Airport,IAH,KIAH,United States of America,3,11,3,11,-,-,Final
19910913-1,Friday,13-SEP-1991,07:30,A1, Landing (LDG),Chennai (Madras) Airport (MAA),India,17,0, Damaged beyond repair,-,HAL/Dornier 228-101,-,-,1988,-,-, VT-EPV, 7099/HAL1013,United Breweries,Passenger, 201,Bangalore-Hindustan Airport,BLR,VOBG,India,Madras Airport,MAA,VOMM,India,3,14,0,0,-,-,Final
19910914-0,Saturday,14-SEP-1991,09:38,A1, Landing (LDG),Mexico City-Juarez International Airport (MEX),Mexico,112,0, Damaged beyond repair,-,Tupolev Tu-154B-2,3,Kuznetsov NK-8-2U,1982,-,-, CU-T1227, 82A541,Cubana,International Scheduled Passenger,CU464,Havana-José Martí International Airport,HAV,MUHA,Cuba,Mexico City-Benito Juárez International Airport,MEX,MMMX,Mexico,12,100,0,0,-,-,-
19910914-1,Saturday,14-SEP-1991,-,A1, Landing (LDG),Port Harcourt Airport (PHC),Nigeria,-,0, Damaged beyond repair,-,BAC One-Eleven 204AF,2,Rolls-Royce Spey 506-14D,1965,70457.0,48522.0, 5N-KBG, 082,Kabo Air,Scheduled Passenger,-,-,-,-,-,Port Harcourt Airport,PHC,DNPO,Nigeria,-,55,0,0,-,-,-
19910915-0,Sunday,15-SEP-1991,-,O1, Standing (STD),Varazdin,Croatia,-,-, Damaged beyond repair,-,Antonov An-2R,-,-,-,-,-, YU-BBN, 1G51-26,Privredna Avijacija Osijek,-,-,-,-,-,-,-,-,-,-,-,-,-,-,-,-,-
19910915-1,Sunday,15-SEP-1991,-,C1, Standing (STD),Varazdin,Croatia,-,-, Damaged beyond repair,-,Antonov An-2R,-,-,-,-,-, YU-BOZ, 1G225-30,Privredna Avijacija Osijek,-,-,-,-,-,-,-,-,-,-,-,-,-,-,-,-,-
19910916-1,Monday,16-SEP-1991,15:25,A1, Approach (APR),6 km (3.8 mls) from  Barranquilla-Ernesto Cortissoz Airport (BAQ),Colombia,7,7, Destroyed, Written off (damaged beyond repair),Handley Page HPR-7 Herald 401,2,Rolls-Royce Dart (series unknown),1964,-,-, HK-2701, 178,LACOL Colombia,Cargo,-,Bogotá-Eldorado Airport,BOG,SKBO,Colombia,Barranquilla-Ernesto Cortissoz Airport,BAQ,SKBQ,Colombia,3,4,3,4,-,-,-
19910916-2,Monday,16-SEP-1991,19:21,A1, Takeoff (TOF),4 km (2.5 mls) from  Lensk Airport,Russia,13,13, Damaged beyond repair,-,Antonov An-74,2,Lotarev D-36,1990,552.0,923.0, CCCP-74002, 47070682,Antonov Design Bureau,Cargo,-,-,-,-,-,Omsk Airport,OMS,UNOO,Russia,6,7,6,7,-,-,-
19910917-1,Tuesday,17-SEP-1991,-,A1, En route (ENR),Mount Arey,Djibouti,4,4, Damaged beyond repair,-,Lockheed L-100-30 Hercules,4,Allison 501-D22A,1985,-,-, ET-AJL, 5029,Ethiopian Airlines,Cargo,-,Djibouti Airport,JIB,HDAM,Djibouti,Dire Dawa-Aba Tenna D Yilma Airport,DIR,HADR,Ethiopia,4,0,4,0,-,-,-
19910917-2,Tuesday,17-SEP-1991,13:18,C2, En route (ENR),Galcaio,Somalia,5,0, Substantial, Repaired,Dornier 228-201,-,-,1986,-,-, D-CDAL, 8094,Zimex Aviation,Cargo,-,Mogadishu International Airport,MGQ,HCMM,Somalia,Berbera Airport,BBO,HCMI,Somalia,2,3,0,0,-,-,-
19910918-0,Wednesday,18-SEP-1991,21:50,A1, En route (ENR),"Belvidere Center, VT",United States of America,2,2, Destroyed, Written off (damaged beyond repair),Convair CV-580,2,Allison 501-D13D,1953,-,39323.0, C-FICA,  98,Canair Cargo,Cargo,-,Moncton-Metropolitan Area Airport,YQM,CYQM,Canada,Hamilton Airport,YHM,CYHM,Canada,2,0,2,0,-,-,Final
19910918-1,Wednesday,18-SEP-1991,14:30,A2, Landing (LDG),Tallinn-Ülemiste Airport (TLL),Estonia,12,0, Substantial, Repaired,Dassault Falcon 20,-,-,1970,6434.0,8416.0, OH-FFA, 178,Euro-Flite,Int'l Non Scheduled Passenger,-,Helsinki-Vantaa Airport,HEL,EFHK,Finland,Tallinn-Ülemiste Airport,TLL,EETN,Estonia,2,10,0,0,-,-,Final
19910919-0,Thursday,19-SEP-1991,-,H2, En route (ENR),Tunis-Carthage Airport (TUN),Tunisia,137,0, None,-,McDonnell Douglas DC-9-82 (MD-82),2,Pratt & Whitney JT8D-217A,1984,-,-, I-DAWC, 49198/1142,Alitalia,International Scheduled Passenger,AZ864,Roma-Fiumicino Airport,FCO,LIRF,Italy,Tunis-Carthage Airport,TUN,DTTA,Tunisia,7,130,0,0,-,-,-
19910919-1,Thursday,19-SEP-1991,-,C1, Standing (STD),Osijek Airport (OSI),Croatia,-,-, Damaged beyond repair,-,Antonov An-2R,-,-,-,-,-, YU-BOC, 1G216-03,Privredna Avijacija Osijek,-,-,-,-,-,-,-,-,-,-,-,-,-,-,-,-,-
19910919-2,Thursday,19-SEP-1991,-,C1, Standing (STD),Osijek Airport (OSI),Croatia,-,-, Damaged beyond repair,-,Antonov An-2R,-,-,-,-,-, YU-BHU, 1G135-44,Privredna Avijacija Osijek,-,-,-,-,-,-,-,-,-,-,-,-,-,-,-,-,-
19910921-0,Saturday,21-SEP-1991,-,A1, En route (ENR),Lombok,Indonesia,7,0, Damaged beyond repair,-,Antonov An-2R,-,-,-,-,-, HA-MEV, 1G194-29,Air Service Hungary,Private,-,-,-,-,-,Bima Airport,BMU,WADB,Indonesia,-,-,0,0,-,-,-
19910923-1,Monday,23-SEP-1991,-,A1, Approach (APR),Khatanga,Russia,16,1, Damaged beyond repair,-,Antonov An-12BP,4,Ivchenko AI-20M,1968,2150.0,3872.0, CCCP-13320, 07345407,Special Cargo Airlines,Cargo,-,-,-,-,-,-,-,-,-,7,9,0,1,-,-,-
19910925-0,Wednesday,25-SEP-1991,-,A1, Landing (LDG),Kiel-Holtenau Airport (KEL),Germany,11,1, Damaged beyond repair,-,Dassault Falcon 20C,-,-,1968,-,-, I-NLAE, 134,Groupair Srl,Int'l Non Scheduled Passenger,-,Milano-Linate Airport,LIN,LIML,Italy,Kiel-Holtenau Airport,KEL,EDHK,Germany,1,10,0,1,-,-,-
19910926-0,Thursday,26-SEP-1991,-,A1, Approach (APR),"1,5 km (0.9 mls) from  Kiev-Borispol Airport (KBP)",Ukraine,9,1, Damaged beyond repair,-,Antonov An-26,-,-,-,-,-, registration unknown,-,Soviet AF,Military,-,Krasnodar Airport,KRR,URKK,Russia,Kiev-Borispol Airport,KBP,UKBB,Ukraine,8,1,1,0,-,-,-
19910926-1,Thursday,26-SEP-1991,-,A1, En route (ENR),off Saint Petersburg [Gulf of Finland],Russia,10,10, Damaged beyond repair,-,Antonov An-24,-,-,1963,-,-, CCCP-46724, 37300304,AKF Polet,Cargo,-,Saint Petersburg-Pulkovo Airport,LED,ULLI,Russia,Voronezh Airport,VOZ,UUOO,Russia,3,7,3,7,-,-,-
19910927-0,Friday,27-SEP-1991,15:40,A1, Takeoff (TOF),Magadan Airport (GDX),Russia,-,0, Substantial, Written off (damaged beyond repair),Let L-410UVP,-,-,1985,-,-, CCCP-67538, 851505,Aeroflot / Yakutsk,Domestic Scheduled Passenger,-,Magadan Airport,GDX,UHMM,Russia,-,-,-,-,-,-,0,0,-,-,-
19910927-1,Friday,27-SEP-1991,-,A1, En route (ENR),S of Guadalcanal,Solomon Islands,15,15, Damaged beyond repair,-,de Havilland Canada DHC-6 Twin Otter 300,2,Pratt & Whitney Canada PT6A-27,1969,-,-, H4-SIA, 271,Solomon Islands Airlines,Domestic Scheduled Passenger,-,Kirakira Airport,IRA,AGGK,Solomon Islands,Honiara-Henderson International Airport,HIR,AGGH,Solomon Islands,2,13,2,13,-,-,-
19910929-0,Sunday,29-SEP-1991,11:50,A1, Landing (LDG),"1,5 km (0.9 mls) NE of Villavicencio-La Vanguardia Airport (VVC)",Colombia,10,1, Damaged beyond repair,-,Curtiss C-46A-45-CU Commando,2,Pratt & Whitney R-2800-51,1944,-,-, HK-3238, 30268,CORAL Colombia,Cargo,-,Villavicencio-La Vanguardia Airport,VVC,SKVV,Colombia,Mitú Airport,MVP,SKMU,Colombia,4,6,0,1,-,-,-
19910929-1,Sunday,29-SEP-1991,-,A1, Takeoff (TOF),Bogotá-Eldorado Airport (BOG),Colombia,3,0, Damaged beyond repair,-,Sud Aviation SE-210 Caravelle 11R,-,-,1967,-,-, HK-3288X, 219,Aerosucre Colombia,Cargo,-,Bogotá-Eldorado Airport,BOG,SKBO,Colombia,-,-,-,-,3,0,0,0,-,-,-
19911002-0,Wednesday,02-OCT-1991,-,A2, En route (ENR),near Tokyo,Japan,-,0, Unknown,-,Boeing 747-246B,4,Pratt & Whitney JT9D-7R4G2,1983,3376.0,38786.0, JA8161, 22990/579,JAL,International Scheduled Passenger,-,Tokyo-Narita Airport,NRT,RJAA,Japan,Chicago-O'Hare International Airport,ORD,KORD,United States of America,-,-,0,0,-,-,-
19911003-0,Thursday,03-OCT-1991,-,A1, Landing (LDG),Cazombo Airport (CAV),Angola,-,0, Damaged beyond repair,-,Antonov An-12BP,4,Ivchenko AI-20M,1972,-,-, CCCP-11120, 02348102,Aeroflot / International,Cargo,-,Luena Airport,LUO,FNUE,Angola,Cazombo Airport,CAV,FNCZ,Angola,-,-,0,0,-,-,-
19911005-0,Saturday,05-OCT-1991,15:00,A1, Initial climb (ICL),3 km (1.9 mls) S of Jakarta-Halim Perdana Kusuma Airport (HLP),Indonesia,134,133, Destroyed, Written off (damaged beyond repair),Lockheed C-130H-30 Hercules,-,-,1982,-,-, A-1324, 4927,Indonesian AF,Military,-,Jakarta-Halim Perdana Kusuma Airport,HLP,WIHH,Indonesia,Bandung-Husein Sastranegara Airport,BDO,WICC,Indonesia,12,122,12,121,-,2,-
19911006-0,Sunday,06-OCT-1991,22:50,A2, Landing (LDG),"Augusta State Airport, ME (AUG)",United States of America,18,0, Substantial, Repaired,Swearingen SA227-AC Metro III,-,-,1981,-,2195.0, N120FA, AC-461B,Northeast Express Regional Airlines,Domestic Scheduled Passenger,-,Boston-Logan International Airport,BOS,KBOS,United States of America,Augusta State Airport,AUG,KAUG,United States of America,2,16,0,0,-,-,Final
19911007-0,Monday,07-OCT-1991,00:24,A2, Landing (LDG),Nürnberg Airport (NUE),Germany,3,0, Substantial, Repaired,	Learjet 55C,-,-,1989,-,-, N555MX, 55-142,private,Executive,-,Las Palmas-Airport de Gran Canaria,LPA,GCLP,Spain,Nürnberg Airport,NUE,EDDN,Germany,2,1,0,0,-,-,-
19911008-1,Tuesday,08-OCT-1991,-,A1, En route (ENR),near Narsarsuaq,Greenland,3,0, Damaged beyond repair,-,Embraer EMB-110P1 Bandeirante,2,Pratt & Whitney Canada PT6A-34,1980,-,-, N731A, 110275,BAC Charter,Ferry/positioning,-,Goose Bay Airport,YYR,CYYR,Canada,Narsarsuaq Airport,UAK,BGBW,Greenland,3,0,0,0,-,-,-
19911011-1,Friday,11-OCT-1991,-,A1, En route (ENR),near Quirigua,Guatemala,6,6, Damaged beyond repair,-,Curtiss C-46D-20-CU Commando,-,-,1945,-,-, HK-750, 22230,LANSA,Illegal Flight,-,-,-,-,-,-,-,-,-,2,4,2,4,-,-,-
19911015-0,Tuesday,15-OCT-1991,-,O1, Standing (STD),Calvi-Sainte Catherine Airport (CLY),France,-,0, Damaged beyond repair,-,Morane Saulnier MS.760B Paris II,-,-,-,-,-, F-GKPP, 98,private,-,-,-,-,-,-,-,-,-,-,-,-,0,0,-,-,-
19911015-1,Tuesday,15-OCT-1991,-,A1, Initial climb (ICL),Balashov Airfield,Russia,3,3, Damaged beyond repair,-,Let L-410UVP,-,-,-,-,-, registration unknown,-,Soviet AF,Military,-,-,-,-,-,-,-,-,-,3,0,3,0,-,-,-
19911016-0,Wednesday,16-OCT-1991,-,H2, En route (ENR),Djibouti Airport (JIB),Djibouti,-,0, None,-,de Havilland Canada DHC-6 Twin Otter,-,-,-,-,-, registration unknown,-,Ethiopian Airlines,Domestic Scheduled Passenger,-,Debra Marcos Airport,DBM,HADM,Ethiopia,Bahar Dar Airport,BJR,HABD,Ethiopia,-,-,0,0,-,-,-
19911016-1,Wednesday,16-OCT-1991,19:45,A1, En route (ENR),"Florence, MT",United States of America,2,2, Destroyed, Written off (damaged beyond repair),Lockheed P-3A Orion,-,-,1964,-,-, N924AU, 185-5072,Aero Union,Ferry/positioning,-,Santa Barbara Municipal Airport,SBA,KSBA,United States of America,Missoula-Johnson-Bell Field,MSO,KMSO,United States of America,2,0,2,0,-,-,Preliminary
19911021-0,Monday,21-OCT-1991,-,H2, En route (ENR),Praha-Ruzyne International Airport (PRG),Czech Republic,17,0, None,-,Tupolev Tu-134,-,-,-,-,-, registration unknown,-,CSA,Domestic Scheduled Passenger,-,Bratislava-Ivanka Airport,BTS,LZIB,Slovakia,Praha-Ruzyne International Airport,PRG,LKPR,Czech Republic,5,12,0,0,-,-,-
