identifiant,week_day,date,time,type_event,phase,location,country,total_occupants,total_fatalities,aircraft_damage,aircraft_fate,type_aircraft,number_engines,type_engines,first_flight,cycles,total_airframe_hours,registration,c_n_msn,operator,nature,flight_number,departure_airport_name,departure_airport_IATA,departure_airport_ICAO,departure_airport_country,destination_airport_name,destination_airport_IATA,destination_airport_ICAO,destination_airport_country,crew_number,passengers_number,crew_fatalities,passengers_fatalities,collision_casualties,ground_casualties,status
19540430-1,Friday,30-APR-1954,-,A1, Takeoff (TOF),Saigon-Tan-Son-Nhat Airport (SGN),Vietnam,4,0, Damaged beyond repair,-,SNCASO SO.30P Bretagne,2,Pratt & Whitney R-2800,-,-,-, F-OAMA, 14,Air Laos,Cargo,-,Saigon-Tan Son Nhat International Airport,SGN,VVTS,Vietnam,-,-,-,-,4,0,0,0,-,-,-
19540503-0,Monday,03-MAY-1954,-,A1, Unknown (UNK),"near Sinking Spring, PA",United States of America,-,-, Damaged beyond repair,-,Lockheed P2V-6 Neptune,-,-,-,-,-, 126516,-,US Navy,Military,-,-,-,-,-,-,-,-,-,-,-,-,-,-,-,-
19540504-0,Tuesday,04-MAY-1954,-,O1, Standing (STD),"Sea Island RCAF Station, BC",Canada,0,0, Damaged beyond repair,-,de Havilland Canada DHC-3 Otter,-,-,1953,-,-, 3670, 25,RCAF,Military,-,-,-,-,-,-,-,-,-,0,0,0,0,-,-,-
19540504-1,Tuesday,04-MAY-1954,-,O1, Standing (STD),"Sea Island RCAF Station, BC",Canada,0,0, Damaged beyond repair,-,de Havilland Canada DHC-3 Otter,-,-,-,-,-, 3676, 34,RCAF,Military,-,-,-,-,-,-,-,-,-,0,0,0,0,-,-,-
19540506-0,Thursday,06-MAY-1954,-,C1, Maneuvering (MNV),near Ban Sot,Laos,6,5, Damaged beyond repair,-,Fairchild C-119C-14-FA Flying Boxcar,2,Pratt & Whitney R-4360-20WA,-,-,-, 149, 10386,French AF,Military,-,Haiphong-Cat Bi Airport,HPH,VVCI,Vietnam,Haiphong-Cat Bi Airport,HPH,VVCI,Vietnam,6,0,5,0,-,-,-
19540506-1,Thursday,06-MAY-1954,-,A1, En route (ENR),near Carricitos,Mexico,10,10, Damaged beyond repair,-,Martin PBM-5 Mariner,-,-,-,-,-, 59106,-,US Navy,Military,-,-,-,-,-,-,-,-,-,5,5,5,5,-,-,-
19540507-0,Friday,07-MAY-1954,-,A1, Unknown (UNK),off Nassau,Bahamas,10,10, Damaged beyond repair,-,Lockheed P2V-5 Neptune,-,-,-,-,-, 128421, 426-5267,US Navy,Military,-,-,-,-,-,-,-,-,-,-,-,-,-,-,-,-
19540508-0,Saturday,08-MAY-1954,-,A1, Approach (APR),near RAF North Luffenham,United Kingdom,-,0, Damaged beyond repair,-,Canadair DC-4M1 North Star,4,Rolls-Royce Merlin 622,1947,-,-, 17522, 106,RCAF,Military,-,-,-,-,-,-,-,-,-,-,-,0,0,-,-,-
19540508-1,Saturday,08-MAY-1954,-,A1, Landing (LDG),"N89°09', W90°00'",Arctic Ocean,5,0, Damaged beyond repair,-,Antonov An-2,-,-,-,-,-, CCCP-N140, 1 30 473 06,GUSMP,Unknown,-,-,-,-,-,-,-,-,-,5,0,0,0,-,-,Preliminary
19540513-0,Thursday,13-MAY-1954,-,A1, Approach (APR),Wigsley RAF Station,United Kingdom,-,0, Damaged beyond repair,-,Vickers Varsity T.1,2,Bristol Hercules 264,1952,-,-, WF393, 552,RAF,Military,-,-,-,-,-,-,-,-,-,-,-,0,0,-,-,-
19540515-0,Saturday,15-MAY-1954,-,A1, Landing (LDG),Saugaon,India,3,0, Damaged beyond repair,-,Douglas C-47B-30-DK (DC-3),2,Pratt & Whitney R-1830-90C,1945,-,-, VT-DGO, 32934/16186,Jamair,Cargo,-,Calcutta-Dum Dum Airport,CCU,VECC,India,-,-,-,-,3,0,0,0,-,-,-
19540517-0,Monday,17-MAY-1954,-,A1, Landing (LDG),Havana-Rancho Boyeros Airport (HAV),Cuba,-,0, Damaged beyond repair,-,Curtiss C-46A-55-CK Commando,2,Pratt & Whitney R-2800-51,1945,-,-, CU-C556,   264,Cubana,Unknown,-,-,-,-,-,Havana-Rancho Boyeros Airport,HAV,MUHA,Cuba,-,-,0,0,-,-,-
19540521-0,Friday,21-MAY-1954,-,A1, Unknown (UNK),5 km (3.1 mls) SE of Hanoi,Vietnam,3,3, Damaged beyond repair,-,Douglas C-47-DL (DC-3),2,Pratt & Whitney R-1830-92,1942,-,-, F-BEIP, 4517,Autrex,Cargo,-,-,-,-,-,-,-,-,-,3,0,3,0,-,-,-
19540521-1,Friday,21-MAY-1954,-,A1, En route (ENR),"650 km (406.3 mls) E off  Hawaii, USA",Pacific Ocean,10,4, Damaged beyond repair,-,Martin P5M-1 Marlin,-,-,-,-,-, 126511,-,US Navy,Military,-,-,-,-,-,-,-,-,-,-,-,-,-,-,-,-
19540522-0,Saturday,22-MAY-1954,09:23,A1, Approach (APR),"0,8 km (0.5 mls) SW of Paraparaumu Airport (PPQ)",New Zealand,28,3, Damaged beyond repair,-,Douglas DC-3D,-,-,1945,-,12732.0, ZK-AQT, 32696/15948,New Zealand National Airways,Domestic Scheduled Passenger, 152,Christchurch-Harewood Airport,CHC,NZCH,New Zealand,Paraparaumu Airport,PPQ,NZPP,New Zealand,2,26,0,3,-,-,Final
19540529-0,Saturday,29-MAY-1954,-,A1, Landing (LDG),Porvenir Airport (WPR),Chile,29,0, Damaged beyond repair,-,Douglas C-47A-1-DK (DC-3),2,Pratt & Whitney R-1830-92,1943,-,-, CC-CLH-0184, 11883,LAN Chile,Scheduled Passenger,-,-,-,-,-,Porvenir-Capitán Fuentes Martínez Airport,WPR,SCFM,Chile,3,26,0,0,-,-,-
19540531-0,Monday,31-MAY-1954,-,A1, En route (ENR),"Serra do Cipó Mountains, MG",Brazil,19,19, Damaged beyond repair,-,Douglas C-47A-80-DL (DC-3),2,Pratt & Whitney R-1830-92,1944,-,-, PP-ANO, 19830,T.A. Nacionales,Domestic Scheduled Passenger,-,Governador Valadares Airport,GVR,SBGV,Brazil,Belo Horizonte-Pampulha Airport,PLU,SBBH,Brazil,4,15,4,15,-,-,-
19540531-2,Monday,31-MAY-1954,-,A1, Unknown (UNK),"Duluth-Williamson-Johnson Municipal Airport, MN (DLH)",United States of America,14,7, Damaged beyond repair,-,Douglas C-47A-30-DK (DC-3),-,-,1944,-,-, 43-48097, 25358/13913,USAF,Military,-,-,-,-,-,Duluth International Airport,DLH,KDLH,United States of America,-,-,-,-,-,-,-
19540603-0,Thursday,03-JUN-1954,08:36,C2, En route (ENR),near Maribor,Slovenia,4,1, Substantial, Repaired,Douglas C-47A-1-DK (DC-3),2,Pratt & Whitney R-1830-92,1943,-,-, OO-CBY, 11982,Sabena,Cargo,-,München-Riem Airport,MUC,EDDM,Germany,-,-,-,-,4,0,1,0,-,-,Final
19540604-0,Friday,04-JUN-1954,11:00,A1, Takeoff (TOF),"São Paulo-Congonhas Airport, SP (CGH)",Brazil,3,3, Damaged beyond repair,-,Curtiss C-46A-45-CU Commando,2,Pratt & Whitney R-2800-51,1944,-,-, PP-VBZ, 30400,Varig,Cargo,-,São Paulo-Congonhas Airport,CGH,SBSP,Brazil,Porto Alegre-Salgado Filho International Airport,POA,SBPA,Brazil,3,0,3,0,-,-,-
19540605-0,Saturday,05-JUN-1954,-,A1, Unknown (UNK),1.5 km (0.9 mls) NW off  Iwakuni MCAS,Japan,2,0, Damaged beyond repair,-,Douglas C-47B-35-DK (DC-3),2,Pratt & Whitney R-1830-90C,1945,-,-, A65-120, 33461/16713,RAAF,Military,-,-,-,-,-,-,-,-,-,2,0,0,0,-,-,-
19540608-0,Tuesday,08-JUN-1954,-,A1, Unknown (UNK),Da Nang,Vietnam,4,4, Damaged beyond repair,-,Douglas C-47-DL (DC-3),2,Pratt & Whitney R-1830-92,1942,-,-, F-BCCL, 4464,STAEO,Unknown,-,-,-,-,-,Saigon-Tan Son Nhat International Airport,SGN,VVTS,Vietnam,2,2,2,2,-,-,-
19540615-0,Tuesday,15-JUN-1954,03:20,A1, En route (ENR),"Gage Airport, OK (GAG)",United States of America,82,0, Damaged beyond repair,-,Douglas C-54G-1-DO (DC-4),4,Pratt & Whitney R-2000-9M4,1945,-,21923.0, N30070, 35931,Great Lakes Airlines,Domestic Scheduled Passenger, 146,Kansas City Municipal Airport,MKC,KMKC,United States of America,Hollywood-Lockheed Air Terminal,BUR,KBUR,United States of America,3,79,0,0,-,-,Final
19540615-1,Tuesday,15-JUN-1954,17:45,A1, Takeoff (TOF),"Atlanta, GA",United States of America,2,0, Damaged beyond repair,-,Douglas C-47A-25-DK (DC-3),2,Pratt & Whitney R-1830-92,1944,-,-, N51359, 13759,Delta Air Lines,Cargo,-,-,-,-,-,-,-,-,-,2,0,0,0,-,-,-
19540619-0,Saturday,19-JUN-1954,-,A1, En route (ENR),ca 10 km W off Folkestone,United Kingdom,9,3, Damaged beyond repair,-,Convair CV-240-4,-,-,1948,-,-, HB-IRW,  61,Swissair,International Scheduled Passenger,-,Genève-Cointrin Airport,GVA,LSGG,Switzerland,London Airport,LHR,EGLL,United Kingdom,4,5,0,3,-,-,-
19540619-1,Saturday,19-JUN-1954,-,A1, En route (ENR),near Ixtlahuaca,Mexico,22,22, Damaged beyond repair,-,Douglas C-47 (DC-3),-,-,-,-,-, 6014,-,Mexican AF,Military,-,Mazatlán Airport,MZT,MMMZ,Mexico,-,-,-,-,7,15,7,15,-,-,-
19540620-0,Sunday,20-JUN-1954,-,A1, En route (ENR),near Sint-Truiden,Belgium,7,0, Damaged beyond repair,-,Fairchild C-119C Flying Boxcar,-,-,-,-,-, 51-8273, 10821,USAF,Military,-,-,-,-,-,-,-,-,-,4,3,0,0,-,-,-
19540621-0,Monday,21-JUN-1954,-,A1, Approach (APR),19 km (11.9 mls) from  Nairobi,Kenya,7,7, Damaged beyond repair,-,Douglas Dakota IV (DC-3),2,Pratt & Whitney R-1830-90C,1945,-,-, KN647, 33338/16590,RAF,Military,-,-,-,-,-,-,-,-,-,-,-,-,-,-,-,-
19540621-1,Monday,21-JUN-1954,-,A1, Landing (LDG),off Christmas Island,Christmas Island,-,0, Damaged beyond repair,-,Short Sunderland MR.5,-,-,1946,-,-, SZ599,-,RAF,Military,-,-,-,-,-,-,-,-,-,-,-,0,0,-,-,-
19540623-0,Wednesday,23-JUN-1954,13:05,A1, Takeoff (TOF),Sverdlovsk Region,Russia,7,4, Damaged beyond repair,-,Lisunov Li-2,-,-,-,-,-, CCCP-I403, 1842403,MAP Omsk Aviation Plant,Cargo,-,-,-,-,-,-,-,-,-,5,2,3,1,-,-,-
19540625-0,Friday,25-JUN-1954,-,A1, Landing (LDG),"Moses Lake-Larson AFB, WA (LRN)",United States of America,-,0, Damaged beyond repair,-,Douglas C-124C Globemaster II,4,Pratt & Whitney R-4360-20WA,-,-,-, 51-7272, 43724,USAF,Military,-,-,-,-,-,-,-,-,-,-,-,0,0,-,-,-
19540625-1,Friday,25-JUN-1954,-,H2, En route (ENR),unknown beach,Myanmar,-,0, None,-,Douglas C-47A-20-DK (DC-3),-,-,1944,-,-, XY-ACT, 12981,Union of Burma Airways,Domestic Scheduled Passenger,-,Yangon-Mingaladon Airport,RGN,VYYY,Myanmar,Akyab Airport,AKY,VYSW,Myanmar,-,-,0,0,-,-,-
19540626-0,Saturday,26-JUN-1954,-,A1, En route (ENR),Kyritz,Germany,3,3, Damaged beyond repair,-,Avro 685 York C.1,4,Rolls-Royce Merlin,1946,-,-, G-AGNY, 1226,Skyways,Cargo,-,Hamburg-Fuhlsbüttel Airport,HAM,EDDH,Germany,-,-,-,-,3,0,3,0,-,-,-
19540627-0,Sunday,27-JUN-1954,20:15,A2, Approach (APR),"Columbus-Port Columbus International Airport, OH (CMH)",United States of America,35,0, Substantial, Repaired,Convair CV-240-0,-,-,-,-,-, N94263, 136,American Airlines,Domestic Scheduled Passenger,-,-,-,-,-,Columbus-Port Columbus International Airport,CMH,KCMH,United States of America,3,32,0,0,2,-,Final
19540627-1,Sunday,27-JUN-1954,03:08,A1, En route (ENR),"8 km (5 mls) N of Riverside-March AFB, CA (RIV)",United States of America,14,14, Damaged beyond repair,-,Boeing KC-97G-25-BO Stratofreighter,-,-,-,-,-, 52-2654, 16685,USAF,Military,-,Altus AFB,LTS,KLTS,United States of America,Riverside-March AFB,RIV,KRIV,United States of America,7,7,7,7,-,-,-
19540702-0,Friday,02-JUL-1954,-,A1, Landing (LDG),"Hopkinsville-Campbell AAF, KY (HOP)",United States of America,-,0, Damaged beyond repair,-,Douglas C-124C Globemaster II,4,Pratt & Whitney R-4360-20WA,-,-,-, 51-5210, 43620,USAF,Military,-,-,-,-,-,Hopkinsville-Fort Campbell AAF,HOP,KHOP,United States of America,-,-,0,0,-,-,-
19540703-1,Saturday,03-JUL-1954,-,U1, Unknown (UNK),at an unknown location,Vietnam,-,-, Damaged beyond repair,-,Douglas C-47B-25-DK (DC-3),2,Pratt & Whitney R-1830-90C,1945,-,-, 476421/FRBDL, 32753/16005,French AF,Military,-,-,-,-,-,-,-,-,-,-,-,-,-,-,-,-
19540706-0,Tuesday,06-JUL-1954,-,H2, Standing (STD),"Cleveland, OH",United States of America,53,1, None,-,Douglas DC-6B,4,Pratt & Whitney R-2800,1953,-,-, N90773, 44058/365,American Airlines,Domestic Scheduled Passenger,AA163,-,-,-,-,Saint Louis-Lambert International Airport,STL,KSTL,United States of America,-,-,0,1,-,-,-
19540718-0,Sunday,18-JUL-1954,-,A1, Takeoff (TOF),3 km (1.9 mls) SE of Cheung Chau Island,Hong Kong,2,0, Damaged beyond repair,-,Short Sunderland MR.5,-,-,-,-,-, VB887,-,RAF,Military,-,-,-,-,-,-,-,-,-,2,0,0,0,-,-,-
19540723-0,Friday,23-JUL-1954,09:00,C1, En route (ENR),off Hainan Island,China,18,10, Damaged beyond repair,-,Douglas C-54A-10-DC (DC-4),-,-,1944,-,15279.0, VR-HEU, 10310,Cathay Pacific,International Scheduled Passenger,-,Bangkok-Don Muang International Airport,BKK,VTBD,Thailand,Hong Kong-Kai Tak International Airport,HKG,VHHH,Hong Kong,5,13,2,8,-,-,-
19540727-0,Tuesday,27-JUL-1954,-,A1, Unknown (UNK),at an unknown location,Unknown country,-,-, Damaged beyond repair,-,Douglas VC-47D (DC-3),-,-,1944,-,-, 43-49515, 26776/15331,USAF,Military,-,-,-,-,-,-,-,-,-,-,-,-,-,-,-,-
19540729-0,Thursday,29-JUL-1954,04:48,A1, Landing (LDG),Kuwait International Airport (KWI),Kuwait,3,0, Damaged beyond repair,-,Fiat G.212CP,-,-,-,-,-, G-ANOE, 10,Arabian Desert Airlines,Unknown,-,Beirut International Airport,BEY,OLBA,Lebanon,Kuwait International Airport,KWI,OKBK,Kuwait,3,0,0,0,-,-,-
19540730-0,Friday,30-JUL-1954,09:00,A1, Takeoff (TOF),"Saint Anthony, NL",Canada,11,0, Damaged beyond repair,-,Grumman SA-16A Albatross,-,-,-,-,-, 51-0066, G-145,USAF,Military,-,-,-,-,-,-,-,-,-,-,-,0,0,-,1,-
19540731-0,Saturday,31-JUL-1954,19:23,A1, Takeoff (TOF),"Kelleys Island Land Field Airport, OH",United States of America,14,0, Damaged beyond repair,-,Ford 4-AT-B Tri-Motor,3,Wright J-5 Whirlwind,1928,-,4733.0, N9610, 4-AT-53,Travelair Taxi,Passenger,-,-,-,-,-,-,-,-,-,2,12,0,0,-,-,-
19540803-0,Tuesday,03-AUG-1954,-,A1, Landing (LDG),"Preston City, CT",United States of America,37,0, Damaged beyond repair,-,Lockheed L-1049C Super Constellation,4,Wright R-3350 (972TC18DA1),1953,-,2479.0, F-BGNA, 4510,Air France,International Scheduled Passenger,AF075,Paris-Orly Airport,ORY,LFPO,France,New York-Idlewild International Airport,IDL,KIDL,United States of America,8,29,0,0,-,-,Final
19540804-0,Wednesday,04-AUG-1954,-,A1, Landing (LDG),Bahrain-Muhurraq RAF Station,Bahrain,-,0, Damaged beyond repair,-,Vickers Valetta C.1,2,Bristol Hercules 230,1950,-,-, VX557,-,RAF,Military,-,-,-,-,-,-,-,-,-,-,-,0,0,-,-,-
19540808-0,Sunday,08-AUG-1954,15:40,A1, En route (ENR),"40 km (25 mls) NW of McGrath, AK",United States of America,2,2, Damaged beyond repair,-,Douglas C-47A-30-DK (DC-3C),-,-,1944,-,-, N91008, 25422/13977,Alaska Airlines,Unknown,-,McGrath Airport,MCG,PAMC,United States of America,-,-,-,-,2,0,2,0,-,-,-
19540809-0,Monday,09-AUG-1954,02:40,A1, En route (ENR),"9 km (5.6 mls) WSW of Terceira-Lajes Airport, Azores (TER)",Portugal,30,30, Damaged beyond repair,-,Lockheed L-749A-79 Constellation,-,-,1951,-,-, HK-163, 2664,Avianca,International Scheduled Passenger,-,Terceira-Lajes Airport,TER,LPLA,Portugal,Bermuda Air Terminal,BDA,TXKF,Bermuda,9,21,9,21,-,-,-
19540812-0,Thursday,12-AUG-1954,-,A1, Unknown (UNK),at an unknown location,Vietnam,3,3, Damaged beyond repair,-,Douglas DC-3,-,-,-,-,-, F-BSGS,-,Autrex,Unknown,-,Saigon-Tan Son Nhat International Airport,SGN,VVTS,Vietnam,-,-,-,-,3,0,3,0,-,-,-
19540815-0,Sunday,15-AUG-1954,-,A1, Approach (APR),Blackbushe,United Kingdom,37,0, Damaged beyond repair,-,Vickers 627 Viking 1B,-,-,1947,-,-, G-AIXS, 234,Airwork,Passenger,-,Blackbushe Airport,BBS,EGLK,United Kingdom,Nice-Côte d'Azur Airport,NCE,LFMN,France,5,32,0,0,-,-,-
19540816-0,Monday,16-AUG-1954,-,A1, Approach (APR),near Pakse,Laos,55,47, Damaged beyond repair,-,Bristol 170 Freighter 21E,-,-,-,-,-, F-VNAI, 12809,Air Vietnam,Domestic Non Scheduled Passenger,-,-,-,-,-,Saigon-Tan Son Nhat International Airport,SGN,VVTS,Vietnam,4,51,1,46,-,-,-
19540822-0,Sunday,22-AUG-1954,16:50,A1, En route (ENR),"26 km (16.3 mls) S of Mason City, IA",United States of America,19,12, Damaged beyond repair,-,Douglas C-47-DL (DC-3),2,Pratt & Whitney R-1830-92,1942,-,-, N61451, 4630,Braniff Airways,Domestic Scheduled Passenger,-,Waterloo Airport,ALO,KALO,United States of America,Mason City Airport,MCW,KMCW,United States of America,3,16,2,10,-,-,-
19540823-0,Monday,23-AUG-1954,11:30,A1, En route (ENR),"North Sea, 37km N Dutch coast",Netherlands,21,21, Damaged beyond repair,-,Douglas DC-6B,4,Pratt & Whitney R-2800,1952,-,6308.0, PH-DFO, 43556/257,KLM,International Scheduled Passenger,-,Shannon Airport,SNN,EINN,Ireland,Amsterdam-Schiphol International Airport,AMS,EHAM,Netherlands,9,12,9,12,-,-,-
19540824-0,Tuesday,24-AUG-1954,11:00,A1, En route (ENR),"Forrest Hill, VIC",Australia,4,1, Destroyed, Written off (damaged beyond repair),Douglas C-47A-20-DK (DC-3),2,Pratt & Whitney R-1830-92,1944,-,3693.0, A65-50, 13082,RAAF,Military,-,Canberra Airport,CBR,YSCB,Australia,-,-,-,-,4,0,1,0,-,-,-
19540825-0,Wednesday,25-AUG-1954,-,A1, Landing (LDG),"Gander Airport, NL (YQX)",Canada,67,0, Damaged beyond repair,-,Lockheed L-749 Constellation,-,-,1947,-,-, F-BAZI, 2513,Air France,International Scheduled Passenger,-,-,-,-,-,Gander Airport,YQX,CYQX,Canada,9,58,0,0,-,-,-
19540825-1,Wednesday,25-AUG-1954,-,U1, Unknown (UNK),at an unknown location,Unknown country,-,-, Damaged beyond repair,-,CASA 352 (Junkers Ju-52),-,-,-,-,-, T.2B-220, 111,Spanish AF,Military,-,-,-,-,-,-,-,-,-,-,-,-,-,-,-,-
19540826-0,Thursday,26-AUG-1954,02:50,A1, En route (ENR),"13,5 km (8.4 mls) SE of Yuzhno-Sakhalinsk",Russia,27,26, Damaged beyond repair,-,Lisunov Li-2,-,-,1949,-,4219.0, CCCP-L4679, 6803,Aeroflot / Far East,Domestic Scheduled Passenger,-,Khabarovsk-Novy Airport,KHV,UHHH,Russia,Yuzhno-Sakhalinsk Airport,UUS,UHSS,Russia,5,22,5,21,-,-,-
19540829-0,Sunday,29-AUG-1954,-,A1, Unknown (UNK),Santa Cruz de Llanera,Spain,4,4, Damaged beyond repair,-,CASA 352 (Junkers Ju-52),-,-,-,-,-, T.2B-162, 53,Spanish AF,Military,-,-,-,-,-,-,-,-,-,-,-,-,-,-,-,-
19540830-0,Monday,30-AUG-1954,-,A1, Unknown (UNK),Hanoi,Vietnam,-,-, Damaged beyond repair,-,SNCASO SO.30P Bretagne,2,Pratt & Whitney R-2800,-,-,-, F-BEHS, 41,Aigle Azur,Unknown,-,-,-,-,-,-,-,-,-,-,-,-,-,-,-,-
19540903-0,Friday,03-SEP-1954,-,A1, Unknown (UNK),306 km (191.3 mls) E of Thule Air Base (THU),Greenland,-,-, Damaged beyond repair,-,Douglas C-47D (DC-3),-,-,1944,-,-, 43-48460, 25721/14276,USAF,Military,-,-,-,-,-,-,-,-,-,-,-,-,-,-,-,-
19540903-1,Friday,03-SEP-1954,-,A1, Unknown (UNK),"Hollywood-Lockheed Air Terminal, CA (BUR)",United States of America,-,-, Damaged beyond repair,-,Lockheed YP2V-7 Neptune,-,-,1954,-,-, 135544, 726-7001,US Navy,Military,-,-,-,-,-,-,-,-,-,-,-,-,-,-,-,-
19540904-0,Saturday,04-SEP-1954,-,A1, Landing (LDG),Hanoi-Gia Lam Airport,Vietnam,-,0, Damaged beyond repair,-,Douglas C-47B-10-DK (DC-3),2,Pratt & Whitney R-1830-90C,1944,-,-, F-BEIO, 26260/14815,Air Outre-Mer,Unknown,-,-,-,-,-,-,-,-,-,-,-,0,0,-,-,-
19540904-1,Saturday,04-SEP-1954,18:12,C1, En route (ENR),"ca 60 km SE off Cape Ostrovnoi, Russia {Sea of Japan]",Pacific Ocean,10,1, Damaged beyond repair,-,Lockheed P2V-5 Neptune,-,-,-,-,-, 128357, 426-5203,US Navy,Military,-,Atsugi NAS,NJA,RJTA,Japan,Atsugi NAS,NJA,RJTA,Japan,10,0,1,0,-,-,-
19540905-0,Sunday,05-SEP-1954,02:39,A1, Initial climb (ICL),"2,5 km (1.6 mls) SE off  Shannon Airport (SNN)",Ireland,56,28, Damaged beyond repair,-,Lockheed L-1049C-55-81 Super Constellation,4,Wright R-3350 (972TC18DA1),1953,-,2498.0, PH-LKY, 4509,KLM,International Scheduled Passenger,KL633,Shannon Airport,SNN,EINN,Ireland,New York-Idlewild International Airport,IDL,KIDL,United States of America,10,46,3,25,-,-,Final
19540912-0,Sunday,12-SEP-1954,20:07,A1, Approach (APR),"off Rio de Janeiro-Santos Dumont Airport, RJ (SDU)",Brazil,25,6, Damaged beyond repair,-,Douglas C-47A-70-DL (DC-3),2,Pratt & Whitney R-1830-92,1943,-,-, PP-CDJ, 19278,Cruzeiro do Sul,Domestic Scheduled Passenger,-,Rio de Janeiro-Santos Dumont Airport,SDU,SBRJ,Brazil,São Paulo-Congonhas Airport,CGH,SBSP,Brazil,4,21,0,6,-,-,-
19540912-1,Sunday,12-SEP-1954,-,A1, Approach (APR),1 km (0.6 mls) from  Thule Air Base (THU),Greenland,15,10, Damaged beyond repair,-,Douglas C-124C Globemaster II,4,Pratt & Whitney R-4360-20WA,-,-,-, 52-1052, 43961,USAF,Military,-,Thule Air Base,THU,BGTL,Greenland,Springfield-Westover AFB,CEF,KCEF,United States of America,-,-,-,-,-,-,-
19540914-0,Tuesday,14-SEP-1954,14:45,A1, En route (ENR),"Barrington Tops, NSW",Australia,3,3, Damaged beyond repair,-,Lockheed 414-08 Hudson IVA,-,-,-,-,-, VH-SML, 6049,John Fairfax & Sons,Cargo,-,Sydney-Mascot Airport,SYD,YSSY,Australia,Taree Airport,TRO,YTRE,Australia,2,1,2,1,-,-,-
19540915-0,Wednesday,15-SEP-1954,-,A1, Landing (LDG),"St. Peter Port, Guernsey, Channel Islands",United Kingdom,-,0, Damaged beyond repair,-,Short Sunderland MR.5,-,-,-,-,-, PP122,-,RAF,Military,-,-,-,-,-,-,-,-,-,-,-,0,0,-,-,-
19540915-1,Wednesday,15-SEP-1954,-,A1, Landing (LDG),Cairo-Almaza Airport,Egypt,4,3, Damaged beyond repair,-,Vickers 634 Viking 1B,-,-,1947,-,-, SU-AFO, 212,Misrair,Test,-,-,-,-,-,-,-,-,-,4,0,3,0,-,-,-
19540916-0,Thursday,16-SEP-1954,-,A1, En route (ENR),S of Mouzaia,Algeria,8,8, Damaged beyond repair,-,Amiot AAC.1 (Junkers Ju-52),-,-,-,-,-, registration unknown,-,French AF,Military,-,-,-,-,-,-,-,-,-,-,-,-,-,-,-,-
19540920-2,Monday,20-SEP-1954,-,A1, En route (ENR),"3,3 km (2.1 mls) N of Newhall, CA",United States of America,20,0, Damaged beyond repair,-,Curtiss C-46D-15-CU Commando,-,-,1945,-,-, 44-78035, 33431,USAF,Military,-,Burbank Airport,BUR,KBUR,United States of America,Sacramento-Mather AFB,MHR,KMHR,United States of America,3,17,0,0,-,-,-
19540921-0,Tuesday,21-SEP-1954,-,A1, Standing (STD),"2,5 km (1.6 mls) WSW off  Isla Catalina",Dominican Republic,3,0, Damaged beyond repair,-,Consolidated PBY-5A Catalina,-,-,-,-,-, HI-24, 1802,Dominican Air Force,Military,-,-,-,-,-,-,-,-,-,3,0,0,0,-,-,-
19540921-1,Tuesday,21-SEP-1954,18:20,A1, En route (ENR),"14,5 km (9.1 mls) NW of Fawnskin, CA",United States of America,10,1, Damaged beyond repair,-,Fairchild C-82A Packet,-,-,1947,-,-, 45-57744, 10114,USAF,Military,-,San Bernardino-Norton AFB,SBD,KSBD,United States of America,Ogden-Hill AFB,HIF,KHIF,United States of America,-,-,-,-,-,-,-
19540922-0,Wednesday,22-SEP-1954,-,A1, Takeoff (TOF),London-Stansted Airport (STN),United Kingdom,49,0, Damaged beyond repair,-,Avro 685 York C.1,4,Rolls-Royce Merlin,1947,-,-, G-ANRC, Set 60,Scottish Airlines,Passenger,-,London-Stansted Airport,STN,EGSS,United Kingdom,-,-,-,-,5,44,0,0,-,-,-
19540922-1,Wednesday,22-SEP-1954,-,U1, Unknown (UNK),at an unknown location,Unknown country,-,-, Damaged beyond repair,-,Douglas C-47A-30-DK (DC-3),2,Pratt & Whitney R-1830-92,1944,-,-, 348061/FRAZM, 25322/13877,French AF,Military,-,-,-,-,-,-,-,-,-,-,-,-,-,-,-,-
19540927-0,Monday,27-SEP-1954,00:57,A1, Approach (APR),near Novosibirsk-Severny (North) Airport,Russia,29,29, Destroyed, Written off (damaged beyond repair),Ilyushin Il-12P,-,-,1947,-,-, CCCP-L1365, 30086,Aeroflot / West Siberia,Domestic Scheduled Passenger,-,Krasnoyarsk Airport,KJA,UNKL,Russia,-,-,-,-,5,24,5,24,-,-,-
19540928-0,Tuesday,28-SEP-1954,-,A1, Takeoff (TOF),Sangley Point Naval Station (NSP),Philippines,12,12, Damaged beyond repair,-,Martin P5M-1 Marlin,-,-,-,-,-, 127697,-,US Navy,Military,-,Sangley Point Naval Station,NSP,RPLS,Philippines,Sangley Point Naval Station,NSP,RPLS,Philippines,12,0,12,0,-,-,-
19540929-0,Wednesday,29-SEP-1954,-,A1, Unknown (UNK),Nagoya-Komaki Air Base (NGO),Japan,-,-, Damaged beyond repair,-,Douglas C-47D (DC-3),-,-,1944,-,-, 43-49083, 26344/14899,USAF,Military,-,-,-,-,-,-,-,-,-,-,-,-,-,-,-,-
19540929-1,Wednesday,29-SEP-1954,17:37,A1, En route (ENR),"Belém, PA",Brazil,13,2, Damaged beyond repair,-,Consolidated C-10A Catalina (PBY-5A),-,-,-,-,-, 6516, 1919,Brazilian AF,Military,-,-,-,-,-,Manaus Air Base,PLL,SBMN,Brazil,8,5,2,0,-,-,-
19540930-0,Thursday,30-SEP-1954,-,A1, Unknown (UNK),2 km (1.3 mls) SSE of Calne,United Kingdom,5,5, Damaged beyond repair,-,Handley Page Marathon T.2,-,-,1950,-,-, XA271, 124,RAF,Military,-,-,-,-,-,-,-,-,-,-,-,-,-,-,-,-
19541006-0,Wednesday,06-OCT-1954,-,A1, Initial climb (ICL),"3,7 km (2.3 mls) S of Fayetteville-Pope AFB, NC (POB)",United States of America,12,2, Damaged beyond repair,-,Fairchild C-119G Flying Boxcar,-,-,-,-,-, 52-5859, 11018,USAF,Military,-,Fayetteville-Pope AFB,POB,KPOB,United States of America,-,-,-,-,5,7,2,0,-,-,-
19541008-0,Friday,08-OCT-1954,-,A1, Unknown (UNK),Guatemala City,Guatemala,10,0, Damaged beyond repair,-,Douglas C-47A-1-DK (DC-3),2,Pratt & Whitney R-1830-92,1943,-,-, TG-AJA, 11874,Aviateca,Scheduled Passenger,-,-,-,-,-,-,-,-,-,3,7,0,0,-,-,-
19541011-0,Monday,11-OCT-1954,-,A1, Approach (APR),Bangkok International Airport (BKK),Thailand,18,4, Damaged beyond repair,-,Douglas C-47B-25-DK (DC-3),2,Pratt & Whitney R-1830-90C,1945,-,-, L2-10/96, 32590/15842,Thai AF,Military,-,Bangkok-Don Muang International Airport,BKK,VTBD,Thailand,-,-,-,-,-,-,-,-,-,-,Preliminary
19541013-0,Wednesday,13-OCT-1954,-,A1, Unknown (UNK),near Skardu,Pakistan,11,0, Damaged beyond repair,-,Douglas C-47-DL (DC-3),2,Pratt & Whitney R-1830-92,1942,-,-, AP-AAF, 4562,Orient Airways,Domestic Scheduled Passenger,-,Skardu Airport,KDU,OPSD,Pakistan,-,-,-,-,3,8,0,0,-,-,-
19541014-0,Thursday,14-OCT-1954,-,O1, Standing (STD),"Goose Bay Air Base, NL (YYR)",Canada,0,0, Damaged beyond repair,-,Grumman SA-16 Albatross,-,-,-,-,-, registration unknown,-,USAF,Military,-,-,-,-,-,-,-,-,-,0,0,0,0,-,-,-
19541014-2,Thursday,14-OCT-1954,-,O1, Standing (STD),"Goose Bay Air Base, NL (YYR)",Canada,0,0, Damaged beyond repair,-,Grumman SA-16 Albatross,-,-,-,-,-, registration unknown,-,USAF,Military,-,-,-,-,-,-,-,-,-,0,0,0,0,-,-,-
19541016-0,Saturday,16-OCT-1954,-,A1, En route (ENR),SSW of Capilla del Senor,Argentina,32,0, Damaged beyond repair,-,Convair CV-240-6,-,-,1949,-,-, LV-ADQ,  77,Aerolineas Argentinas,Domestic Scheduled Passenger,-,Buenos Aires/Ezeiza-Ministro Pistarini Airport,EZE,SAEZ,Argentina,Córdoba-Pajas Blancas Airport,COR,SACO,Argentina,5,27,0,0,-,-,-
19541020-0,Wednesday,20-OCT-1954,-,A1, Maneuvering (MNV),off Hua Hin,Thailand,7,6, Damaged beyond repair,-,Douglas C-47A-65-DL (DC-3),2,Pratt & Whitney R-1830-92,1943,-,-, B-811, 18947,Civil Air Transport,Military,-,-,-,-,-,-,-,-,-,3,4,2,4,-,-,-
19541020-1,Wednesday,20-OCT-1954,-,A1, Unknown (UNK),"2,7 km (1.7 mls) E of Daegu (K-2) Air Base",South Korea,-,-, Damaged beyond repair,-,Fairchild C-119C Flying Boxcar,-,-,-,-,-, 51-2552, 10510,USAF,Military,-,-,-,-,-,-,-,-,-,-,-,-,-,-,-,-
19541021-0,Thursday,21-OCT-1954,20:00,A1, Landing (LDG),"Rio de Janeiro-Santos Dumont Airport, RJ (SDU)",Brazil,31,0, Damaged beyond repair,-,Douglas R4D-1 (DC-3),-,-,1942,-,-, PP-CCP, 4226,Cruzeiro do Sul,Domestic Scheduled Passenger,-,São Paulo-Congonhas Airport,CGH,SBSP,Brazil,Rio de Janeiro-Santos Dumont Airport,SDU,SBRJ,Brazil,3,28,0,0,-,-,-
19541024-0,Sunday,24-OCT-1954,17:50,A1, En route (ENR),"ca 12 km W of Limone Piemonte, Cuneo",Italy,21,21, Destroyed, Written off (damaged beyond repair),Douglas C-47A-90-DL (DC-3),2,Pratt & Whitney R-1830-92,1944,-,-, 43-16044, 20510,USAF,Military,-,Roma-Ciampino Air Base,CIA,LIRA,Italy,Lyon-Bron Airport,LYN,LFLY,France,3,18,3,18,-,-,-
19541025-0,Monday,25-OCT-1954,-,A1, Unknown (UNK),"1,6 km (1 mls) SSE of Barnaby, Nottinghamshire",United Kingdom,-,0, Damaged beyond repair,-,Vickers Varsity T.1,2,Bristol Hercules 264,1952,-,-, WF384, 543,RAF,Military,-,-,-,-,-,-,-,-,-,-,-,0,0,-,-,-
19541025-1,Monday,25-OCT-1954,-,A1, Landing (LDG),"Tranigigvaag Fjord, Faeroes Islands",Denmark,-,4, Damaged beyond repair,-,Short Sunderland MR.5,-,-,-,-,-, PP155,-,RAF,Military,-,-,-,-,-,-,-,-,-,-,-,-,-,-,-,-
19541026-0,Tuesday,26-OCT-1954,-,A1, Takeoff (TOF),Ballykelly-RAF Station,United Kingdom,-,0, Damaged beyond repair,-,Avro Shackleton MR.1,4,Rolls-Royce Griffon 57,1950,-,-, VP256,-,RAF,Military,-,-,-,-,-,-,-,-,-,-,-,0,0,-,-,-
19541028-0,Thursday,28-OCT-1954,00:10,A1, En route (ENR),"Mount Sivukha, Krasnoyarsk Territory",Russia,19,19, Damaged beyond repair,-,Ilyushin Il-12,-,-,-,-,-, CCCP-L1789, 93013206,Aeroflot / Moscow,Domestic Scheduled Passenger, 136,Irkutsk Airport,IKT,UIII,Russia,Krasnoyarsk Airport,KJA,UNKL,Russia,6,13,6,13,-,-,-
19541030-0,Saturday,30-OCT-1954,-,A1, En route (ENR),"560 km (350 mls) E off  Maryland, USA",Atlantic Ocean,42,42, Missing, Presumed damaged beyond repair,Lockheed R7V-1 Super Constellation,-,-,1953,-,-, 128441, 4108,US Navy,Military,  57,Patuxent River NAS,NHK,KNHK,United States of America,Terceira-Lajes Airport,TER,LPLA,Portugal,21,21,21,21,-,-,Preliminary
19541031-0,Sunday,31-OCT-1954,15:07,A1, Takeoff (TOF),"Mangalore Airport, VIC",Australia,8,3, Destroyed, Written off (damaged beyond repair),Vickers 720 Viscount,4,Rolls-Royce Dart 505,1954,-,154.0, VH-TVA,  44,TAA,Training,-,-,-,-,-,-,-,-,-,2,6,2,1,-,-,Final
19541101-0,Monday,01-NOV-1954,16:54,A1, En route (ENR),10 km (6.3 mls) S of Ronda,Spain,11,11, Damaged beyond repair,-,CASA 352 (Junkers Ju-52),-,-,-,-,-, T.2-247, 138,Spanish AF,Military,-,Jerez De La Frontera-La Parra Airport,XRY,LEJR,Spain,Málaga Airport,AGP,LEMG,Spain,-,-,-,-,-,-,-
19541105-0,Friday,05-NOV-1954,19:42,A1, Approach (APR),"15 km (9.4 mls) SE of Glastonbury, CT",United States of America,5,1, Damaged beyond repair,-,Lockheed 18-56-24 Lodestar,2,Wright R-1820-60,1943,-,1500.0, N9201H, 18-2353,private,Executive,-,New York-La Guardia Airport,LGA,KLGA,United States of America,Boston Commonwealth Airport,BOS,KBOS,United States of America,2,3,1,0,-,-,Final
19541112-0,Friday,12-NOV-1954,16:40,A1, Takeoff (TOF),Sverdlovsk-Koltsovo Airport (SVX),Russia,15,6, Damaged beyond repair,-,Lisunov Li-2,-,-,-,-,-, CCCP-L4519, 18429002,Aeroflot / Northern,Domestic Non Scheduled Passenger,-,Sverdlovsk-Koltsovo Airport,SVX,USSS,Russia,-,-,-,-,5,10,2,4,-,-,-
19541115-0,Monday,15-NOV-1954,-,A2, Landing (LDG),"Brisbane-Eagle Farm Airport, QLD (BNE)",Australia,13,0, Substantial, Repaired,Douglas C-54A (DC-4),-,-,1944,-,-, VH-ANF, 10302,ANA,Domestic Scheduled Passenger,-,Sydney-Kingsford Smith International Airport,SYD,YSSY,Australia,-,-,-,-,4,9,0,0,-,-,Final
19541116-0,Tuesday,16-NOV-1954,-,A1, En route (ENR),near Jirishanga,Peru,24,24, Damaged beyond repair,-,Douglas DC-3,-,-,-,-,-, FAP403,-,TAM Peru,Military,-,Pucallpa Airport,PCL,SPCL,Peru,Lima-Callao International Airport,LIM,SPIM,Peru,3,21,3,21,-,-,-
19541120-0,Saturday,20-NOV-1954,17:45,A1, En route (ENR),"10,5 km (6.6 mls) E of Waynesboro, VA",United States of America,5,5, Damaged beyond repair,-,Lockheed Ventura,-,-,1943,-,-, N1505V, 5278,Plymouth Oil Co.,Executive,-,-,-,-,-,-,-,-,-,2,3,2,3,-,-,-
19541125-0,Thursday,25-NOV-1954,-,A1, Landing (LDG),Jambi Airport (DJB),Indonesia,22,0, Damaged beyond repair,-,Douglas C-47A-70-DL (DC-3),2,Pratt & Whitney R-1830-92,1943,-,-, PK-DPD, 19279,Garuda,Domestic Scheduled Passenger,-,Palembang Airport,PLM,WIPP,Indonesia,Jambi-Sultan Thaha Syarifudn Airport,DJB,WIPA,Indonesia,3,19,0,0,-,-,-
19541125-1,Thursday,25-NOV-1954,-,A1, Unknown (UNK),near Eschau,France,10,2, Damaged beyond repair,-,Nord 2501 Noratlas,2,Bristol Hercules 739,-,-,-, 3/F-SDDX, 3,French AF,Military,-,-,-,-,-,-,-,-,-,3,7,2,0,-,-,-
19541127-0,Saturday,27-NOV-1954,-,O1, Standing (STD),Hamble,United Kingdom,0,0, Damaged beyond repair,-,Short S.25 Sunderland 5,-,-,-,-,-, G-ANAK,-,Aquila Airways,-,-,-,-,-,-,-,-,-,-,0,0,0,0,-,-,-
19541128-0,Sunday,28-NOV-1954,-,U1, Unknown (UNK),at an unknown location,Unknown country,-,-, Damaged beyond repair,-,Douglas C-47A-5-DK (DC-3),2,Pratt & Whitney R-1830-92,1944,-,-, 292457/FRAZT, 12260,French AF,Military,-,-,-,-,-,-,-,-,-,-,-,-,-,-,-,-
19541130-0,Tuesday,30-NOV-1954,11:15,A1, Approach (APR),"21 km (13.1 mls) SE of Berlin Airport, NH (BML)",United States of America,7,2, Damaged beyond repair,-,Douglas DC-3A,-,-,1943,-,26000.0, N17891, 11745,Northeast Airlines,Domestic Scheduled Passenger, 792,Laconia Municipal Airport,LCI,KLCI,United States of America,Berlin Airport,BML,KBML,United States of America,4,3,2,0,-,-,Final
19541202-0,Thursday,02-DEC-1954,-,A1, Takeoff (TOF),"Villa Harding Green, BA",Argentina,4,0, Damaged beyond repair,-,Douglas DC-2-118B,-,-,1935,-,-, LV-AHI, 1351,private,Cargo,-,-,-,-,-,-,-,-,-,2,2,0,0,-,-,-
19541204-0,Saturday,04-DEC-1954,-,A1, En route (ENR),30 km (18.8 mls) N of Luang Prabang,Laos,28,28, Damaged beyond repair,-,Douglas C-47A-70-DL (DC-3),2,Pratt & Whitney R-1830-92,1943,-,-, F-BEIA, 19211,Aigle Azur,Domestic Scheduled Passenger,-,Luang Prabang Airport,LPQ,VLLB,Laos,Luang Namtha Airport,LXG,VLLN,Laos,2,26,2,26,-,-,-
19541205-0,Sunday,05-DEC-1954,20:55,A1, Approach (APR),"4,5 km (2.8 mls) NW of Alma-Ata",Kazakhstan,19,1, Damaged beyond repair,-,Ilyushin Il-12,-,-,-,-,-, CCCP-L1320, 30126,Aeroflot / Kazakstan,Domestic Scheduled Passenger,-,-,-,-,-,-,-,-,-,5,14,1,0,-,-,-
19541206-0,Monday,06-DEC-1954,-,O1, Standing (STD),"Calgary Municipal Airport, AB (YYC)",Canada,-,-, Damaged beyond repair,-,Douglas DC-3-322,-,-,1940,-,-, N85B, 2233,Oklahoma Pipe Line Construction,-,-,-,-,-,-,-,-,-,-,-,-,-,-,-,-,-
19541206-1,Monday,06-DEC-1954,-,A1, Unknown (UNK),9 km (5.6 mls) W off  Ashiya Air Base,Japan,-,0, Damaged beyond repair,-,Fairchild C-119G Flying Boxcar,-,-,-,-,-, 52-5921, 11100,USAF,Military,-,-,-,-,-,-,-,-,-,-,-,0,0,-,-,-
19541208-0,Wednesday,08-DEC-1954,-,O1, Standing (STD),"St. John's Airport, NL (YYT)",Canada,0,0, Damaged beyond repair,-,Grumman G-73 Mallard,-,-,1951,-,-, CF-HPN, J-59,Robertson & O'Connell,-,-,-,-,-,-,-,-,-,-,0,0,0,0,-,-,-
19541208-1,Wednesday,08-DEC-1954,-,A1, En route (ENR),Elefsis Air Base,Greece,19,19, Damaged beyond repair,-,Douglas C-47 (DC-3),-,-,-,-,-, registration unknown,-,Hellenic AF,Military,-,-,-,-,-,-,-,-,-,3,16,3,16,-,-,-
19541209-0,Thursday,09-DEC-1954,-,A1, Landing (LDG),"Johnsville NAS, PA",United States of America,10,0, Destroyed, Written off (damaged beyond repair),Lockheed WV-2 Super Constellation,-,-,1954,-,227.0, 131387, 4307,US Navy,Military,-,-,-,-,-,-,-,-,-,10,0,0,0,-,-,-
19541210-0,Friday,10-DEC-1954,-,A2, Landing (LDG),Guasdualito Airport (GDO),Venezuela,-,0, Substantial, Repaired,Douglas C-47A-50-DL (DC-3),-,-,1943,-,-, YV-C-AGI, 10111,LAV,Unknown,-,-,-,-,-,Guasdualito-Vare Maria Airport,GDO,SVGD,Venezuela,-,-,0,0,-,-,-
19541212-0,Sunday,12-DEC-1954,23:02,A1, Approach (APR),"14,5 km (9.1 mls) NNE of Bratislava-Ivanka Airport (BTS)",Slovakia,4,4, Damaged beyond repair,-,Douglas C-47A-10-DK (DC-3),2,Pratt & Whitney R-1830-92,1944,-,-, OK-WDK, 12549,CSA,Cargo,-,Brno Turany Airport,BRQ,LKTB,Czech Republic,Bratislava-Ivanka Airport,BTS,LZIB,Slovakia,4,0,4,0,-,-,-
19541214-0,Tuesday,14-DEC-1954,-,A1, Takeoff (TOF),"Haines Municipal Airport, AK (HNS)",United States of America,7,4, Damaged beyond repair,-,Grumman UF-1G Albatross,-,-,-,-,-, 2121, G-347,US Coast Guard,Military,-,Haines Municipal Airport,HNS,PAHN,United States of America,-,-,-,-,-,-,-,-,-,-,-
19541217-0,Friday,17-DEC-1954,21:32,A1, Approach (APR),"Brampton, ON",Canada,23,0, Damaged beyond repair,-,Lockheed L-1049E Super Constellation,-,-,1954,-,763.0, CF-TGG, 4564,TCAL,International Scheduled Passenger,-,Tampa International Airport,TPA,KTPA,United States of America,Toronto-Malton Airport,YYZ,CYYZ,Canada,7,16,0,0,-,-,-
19541217-1,Friday,17-DEC-1954,17:08,A1, Takeoff (TOF),"1 km (0.6 mls) N of Milwaukee-General Mitchell Airport, WI (MKE)",United States of America,4,4, Destroyed, Written off (damaged beyond repair),Lockheed B-34 Lexington,2,Pratt & Whitney R-2800-31,1942,-,822.0, N44M, 4820,Miller Brewing Company,Executive,-,Milwaukee-General Mitchell Airport,MKE,KMKE,United States of America,Winnipeg International Airport,YWG,CYWG,Canada,2,2,2,2,-,-,Final
19541218-0,Saturday,18-DEC-1954,14:00,A1, Approach (APR),"near New York-Idlewild International Airport, NY (IDL)",United States of America,32,26, Damaged beyond repair,-,Douglas DC-6B,4,Pratt & Whitney R-2800,1954,-,-, I-LINE, 44418/487,LAI,Domestic Scheduled Passenger, 451,Boston Airport,BOS,KBOS,United States of America,New York-Idlewild International Airport,IDL,KIDL,United States of America,10,22,10,16,-,-,Final
19541218-1,Saturday,18-DEC-1954,-,A1, Unknown (UNK),120 km (75 mls) S of Ciudad Bolivar,Venezuela,2,2, Damaged beyond repair,-,Douglas C-47A-70-DL (DC-3),2,Pratt & Whitney R-1830-92,1943,-,-, YV-C-AMP, 19292,LAV,Cargo,-,Ciudad Bolívar Airport,CBL,SVCB,Venezuela,Tumeremo Airport,TMO,SVTM,Venezuela,2,0,2,0,-,-,-
19541218-2,Saturday,18-DEC-1954,01:42,A1, Approach (APR),"near White Plains, NY",United States of America,3,2, Damaged beyond repair,-,Lockheed 18-07-01 Lodestar,-,-,1941,-,1336.0, N711SE, 18-2091,Sangamo Electric Company,Executive,-,New London-Groton Airport,GON,KGON,United States of America,White Plains-Westchester County Airport,HPN,KHPN,United States of America,2,1,2,0,-,-,Preliminary - official
19541219-0,Sunday,19-DEC-1954,-,U1, Unknown (UNK),at an unknown location,Unknown country,-,-, Damaged beyond repair,-,Douglas C-47B-10-DK (DC-3),2,Pratt & Whitney R-1830-90C,1944,-,-, 349089/FRAZY, 26350/14905,French AF,Military,-,-,-,-,-,-,-,-,-,-,-,-,-,-,-,-
19541222-0,Wednesday,22-DEC-1954,23:00,A2, Approach (APR),"3 km (1.9 mls) SE of Pittsburgh-Allegheny County Airport, PA (AGC)",United States of America,28,10, Substantial, Repaired,Douglas C-47A-90-DL (DC-3C),2,Pratt & Whitney R-1830-S1C3-G,1944,-,5738.0, N24320, 20197,Johnson Flying Service,Domestic Non Scheduled Passenger,4844C,Newark International Airport,EWR,KEWR,United States of America,Pittsburgh-Allegheny County Airport,AGC,KAGC,United States of America,5,23,1,9,-,-,Final
19541222-1,Wednesday,22-DEC-1954,-,A1, Unknown (UNK),unknown,Unknown country,-,-, Damaged beyond repair,-,Douglas Dakota IV (DC-3),-,-,1945,-,-, 991, 34219/16959,RCAF,Military,-,-,-,-,-,-,-,-,-,-,-,-,-,-,-,-
19541223-0,Thursday,23-DEC-1954,15:15,A1, En route (ENR),near Polná,Czech Republic,33,0, Damaged beyond repair,-,Lisunov Li-2P,-,-,-,-,-, HA-LIF, 18425604,Malev,International Scheduled Passenger,-,Budapest-Ferihegy Airport,BUD,LHBP,Hungary,Praha-Ruzyne International Airport,PRG,LKPR,Czech Republic,5,28,0,0,-,-,-
19541223-1,Thursday,23-DEC-1954,14:30,A1, En route (ENR),near Bratronov,Czech Republic,19,0, Damaged beyond repair,-,Lisunov Li-2P,-,-,-,-,-, HA-LII, 18427006,Malev,Passenger,-,Budapest-Ferihegy Airport,BUD,LHBP,Hungary,Praha-Ruzyne International Airport,PRG,LKPR,Czech Republic,5,14,0,0,-,-,-
19541225-0,Saturday,25-DEC-1954,03:30,A1, Landing (LDG),near Glasgow-Prestwick Airport (PIK),United Kingdom,36,28, Damaged beyond repair,-,Boeing 377 Stratocruiser 10-28,4,Pratt & Whitney R-4360-B6,1949,-,-, G-ALSA, 15943/28,BOAC,Domestic Scheduled Passenger,-,-,-,-,-,Glasgow-Prestwick Airport,PIK,EGPK,United Kingdom,11,25,4,24,-,-,-
19541226-0,Sunday,26-DEC-1954,-,O1, Standing (STD),"St. Eugene, ON",Canada,0,0, Damaged beyond repair,-,Lockheed 18-56 Lodestar,-,-,1940,-,-, CF-FYR, 18-2048,Chelsea Holdings,-,-,-,-,-,-,-,-,-,-,0,0,0,0,-,-,-
19541229-1,Wednesday,29-DEC-1954,-,A1, En route (ENR),"29 km (18.1 mls) SE of Huntsville, AL",United States of America,11,9, Damaged beyond repair,-,Kaiser-Fraser C-119G Flying Boxcar,-,-,-,-,-, 53-8102, 205,USAF,Military,-,Smyrna-Sewart AFB,MQY,KMQY,United States of America,Mobile-Brookley AFB,BFM,KBFM,United States of America,4,7,4,5,-,-,-
19541229-2,Wednesday,29-DEC-1954,-,A1, Initial climb (ICL),near Barranquilla-Soledad Airport (BAQ),Colombia,4,0, Damaged beyond repair,-,Curtiss C-46 Commando,-,-,-,-,-, HK-459,-,LIDCA,Cargo,-,Barranquilla-Soledad Airport,BAQ,SKBQ,Colombia,-,-,-,-,4,0,0,0,-,-,-
19541231-0,Friday,31-DEC-1954,-,A1, Takeoff (TOF),Irkutsk Airport (IKT),Russia,17,17, Damaged beyond repair,-,Ilyushin Il-14 ?,-,-,-,-,-, registration unknown,-,Aeroflot,Passenger,-,Irkutsk Airport,IKT,UIII,Russia,-,-,-,-,-,-,-,-,-,-,-
19549999-0,-,xx-xxx-1954,-,A1, Landing (LDG),Polar Station SP-3,Arctic Ocean,-,0, Damaged beyond repair,-,Douglas R4D-5 (DC-3),2,Pratt & Whitney R-1830-92,1943,-,-, CCCP-H417, 9357,Polyarnaya Aviatsiya,Cargo,-,-,-,-,-,-,-,-,-,-,-,0,0,-,-,-
19549999-2,-,xx-xxx-1954,-,U1, Unknown (UNK),at an unknown location,Unknown country,-,-, Damaged beyond repair,-,Douglas C-47A-20-DL (DC-3),-,-,-,-,-, C-68, 9388,LANSA,Unknown,-,-,-,-,-,-,-,-,-,-,-,-,-,-,-,-
19540101-0,Friday,01-JAN-1954,-,O1, Standing (STD),Narsarsuaq Airport (UAK),Greenland,0,0, Damaged beyond repair,-,Grumman SA-16A Albatross,-,-,-,-,-, 51-0063, G-142,USAF,Military,-,-,-,-,-,-,-,-,-,0,0,0,0,-,-,-
19540102-0,Saturday,02-JAN-1954,-,A1, Takeoff (TOF),Aden,Yemen,-,0, Damaged beyond repair,-,Vickers Valetta C.1,2,Bristol Hercules 230,1950,-,-, VX538,-,RAF,Military,-,Aden International Airport,ADE,ODAA,Yemen,-,-,-,-,-,-,0,0,-,-,-
19540103-0,Sunday,03-JAN-1954,-,A1, Unknown (UNK),near Keya,Japan,4,4, Damaged beyond repair,-,Curtiss C-46D Commando,-,-,1945,-,-, 44-77632, 33028,USAF,Military,-,-,-,-,-,-,-,-,-,-,-,-,-,-,-,-
19540104-0,Monday,04-JAN-1954,-,A1, En route (ENR),NW off Jeju Island,South Korea,10,10, Damaged beyond repair,-,Lockheed P2V-5 Neptune,-,-,-,-,-, 127752, 426-5089,US Navy,Military,-,-,-,-,-,-,-,-,-,10,0,10,0,-,-,-
19540105-0,Tuesday,05-JAN-1954,-,A1, Unknown (UNK),Lâpseki,Turkey,10,4, Damaged beyond repair,-,Douglas C-47A-80-DL (DC-3),2,Pratt & Whitney R-1830-92,1944,-,-, TC-BAG, 19616,DHY,Domestic Scheduled Passenger,-,Bandirma Airport,BDM,LTBG,Turkey,Canakkale Airport,CKZ,LTBH,Turkey,5,5,2,2,-,-,-
19540105-1,Tuesday,05-JAN-1954,-,A1, Takeoff (TOF),"Teterboro Airport, NJ (TEB)",United States of America,-,0, Damaged beyond repair,-,Lockheed C-60A-1-LO Lodestar,-,-,1942,-,-, N3138, 18-2262,Private,Unknown,-,Teterboro Airport,TEB,KTEB,United States of America,-,-,-,-,-,-,0,0,-,-,-
19540106-0,Wednesday,06-JAN-1954,03:52,A1, Takeoff (TOF),Beirut International Airport (BEY),Lebanon,9,0, Damaged beyond repair,-,SNCASE SE.161 Languedoc,-,-,1945,-,-, OD-ABU, 14,Air Liban,International Scheduled Passenger,-,Beirut International Airport,BEY,OLBA,Lebanon,Kuwait International Airport,KWI,OKBK,Kuwait,5,4,0,0,-,-,Final
19540106-1,Wednesday,06-JAN-1954,17:20,A1, Initial climb (ICL),"near Aldbury, Hertfordshire",United Kingdom,17,16, Damaged beyond repair,-,Vickers Valetta T.3,-,-,1952,-,-, WJ474, 599,RAF,Military,-,-,-,-,-,-,-,-,-,4,13,4,12,-,-,-
19540108-0,Friday,08-JAN-1954,-,H2, En route (ENR),Tallinn-Ülemiste Airport (TLL),Estonia,-,1, Unknown,-,Lisunov Li-2,-,-,-,-,-, registration unknown,-,Aeroflot / Estonia,Domestic Scheduled Passenger,365,Tallinn-Ülemiste Airport,TLL,EETN,Estonia,Leningrad-Shosseynaya Airport,LED,ULLI,Russia,-,-,1,0,-,-,-
19540110-0,Sunday,10-JAN-1954,17:50,A1, Approach (APR),"16 km (10 mls) SE of Shreveport, LA",United States of America,12,12, Damaged beyond repair,-,Grumman G-73 Mallard,-,-,1947,-,-, N4949N, J-16,Union Producing Comp,Domestic Non Scheduled Passenger,-,-,-,-,-,Shreveport Regional Airport,SHV,KSHV,United States of America,2,10,2,10,-,-,Final
19540110-1,Sunday,10-JAN-1954,11:00,A1, En route (ENR),16 km (10 mls) S off  Elba,Italy,35,35, Destroyed, Written off (damaged beyond repair),de Havilland DH-106 Comet 1,4,de Havilland Ghost 50,1951,-,3681.0, G-ALYP, 06003,BOAC,International Scheduled Passenger, 781,Roma-Ciampino Airport,CIA,LIRA,Italy,London Airport,LHR,EGLL,United Kingdom,6,29,6,29,-,-,Final
19540111-0,Monday,11-JAN-1954,-,A1, En route (ENR),Manizales,Colombia,21,21, Damaged beyond repair,-,Douglas C-47A-80-DL (DC-3),2,Pratt & Whitney R-1830-92,1944,-,-, HK-160, 19540,Avianca,Domestic Scheduled Passenger,-,Medellín-Enrique Olaya Herrera Airport,EOH,SKMD,Colombia,Armenia-El Edén Airport,AXM,SKAR,Colombia,3,18,3,18,-,-,-
19540112-0,Tuesday,12-JAN-1954,13:55,A1, Initial climb (ICL),"ca 0,5 km S of Praha-Ruzyne International Airport (PRG)",Czech Republic,13,13, Damaged beyond repair,-,Douglas C-47A-1-DK (DC-3),2,Pratt & Whitney R-1830-92,1943,-,-, OK-WDS, 11854,CSA,Domestic Scheduled Passenger,-,Praha-Ruzyne International Airport,PRG,LKPR,Czech Republic,-,-,-,-,4,9,4,9,-,-,-
19540114-0,Thursday,14-JAN-1954,11:50,A1, Approach (APR),6 km (3.8 mls) E of Roma-Ciampino Airport (CIA),Italy,16,16, Damaged beyond repair,-,Douglas DC-6,-,-,1949,-,-, PI-C294, 42902/150,Philippine Air Lines,International Scheduled Passenger,-,Beirut Airport,BEY,OLBA,Lebanon,Roma-Ciampino Airport,CIA,LIRA,Italy,9,7,9,7,-,-,-
19540115-0,Friday,15-JAN-1954,-,A1, Approach (APR),Topcliffe RAF Station,United Kingdom,7,0, Damaged beyond repair,-,Lockheed Neptune MR.1,-,-,-,-,-, WX542, 426-5150,RAF,Military,-,-,-,-,-,-,-,-,-,7,0,0,0,-,-,-
19540118-0,Monday,18-JAN-1954,-,U1, Unknown (UNK),at an unknown location,Unknown country,-,-, Damaged beyond repair,-,CASA 352 (Junkers Ju-52),-,-,-,-,-, T.2B-145, 36,Spanish AF,Military,-,-,-,-,-,-,-,-,-,-,-,-,-,-,-,-
19540120-0,Wednesday,20-JAN-1954,16:42,A1, Initial climb (ICL),"near Buffalo, NY",United States of America,24,0, Damaged beyond repair,-,Convair CV-240-0,2,Pratt & Whitney R-2800-83,1948,-,11018.0, N94244,  88,American Airlines,Domestic Scheduled Passenger,AA767,Buffalo Municipal Airport,BUF,KBUF,United States of America,-,-,-,-,3,21,0,0,-,-,-
19540120-1,Wednesday,20-JAN-1954,-,A1, Approach (APR),"Kansas City, MO",United States of America,3,3, Damaged beyond repair,-,Douglas DC-3A,2,Pratt & Whitney R-1830,1942,-,-, N49551, 4940,Zantop,Cargo,-,Jackson-Reynolds Municipal Airport,JXN,KJXN,United States of America,-,-,-,-,3,0,3,0,-,-,-
19540120-2,Wednesday,20-JAN-1954,-,A1, Initial climb (ICL),"3,2 km (2 mls) SSW of Lyneham-RAF Station (LYE)",United Kingdom,13,1, Destroyed, Written off (damaged beyond repair),Vickers Valetta C.1,2,Bristol Hercules 230,-,-,-, VL282, 309,RAF,Military,-,Lyneham RAF Station,LYE,EGDL,United Kingdom,-,-,-,-,5,8,1,0,-,-,-
19540120-3,Wednesday,20-JAN-1954,-,A1, Approach (APR),5 km (3.1 mls) NNE Hullavington RAF Station,United Kingdom,4,4, Damaged beyond repair,-,Vickers Varsity T.1,2,Bristol Hercules 264,1952,-,-, WF391, 550,RAF,Military,-,-,-,-,-,-,-,-,-,4,0,4,0,-,-,-
19540121-0,Thursday,21-JAN-1954,21:30,A1, Approach (APR),"NW of Barbers Point NAS, HI",United States of America,8,8, Destroyed, Written off (damaged beyond repair),Lockheed P2V-5 Neptune,2,Wright R-3350-30W,-,-,-, 124874,-,US Navy,Military,-,-,-,-,-,-,-,-,-,8,0,8,0,-,-,-
19540124-0,Sunday,24-JAN-1954,-,A1, Landing (LDG),Beirut International Airport (BEY),Lebanon,3,0, Damaged beyond repair,-,Douglas C-47A-10-DK (DC-3),2,Pratt & Whitney R-1830-92,1944,-,-, F-BEFS, 12416,Autrex,Ferry/positioning,-,Nicosia Airport,NIC,LCNC,Cyprus,Basra International Airport,BSR,ORMM,Iraq,3,0,0,0,-,-,-
19540127-0,Wednesday,27-JAN-1954,06:17,A1, En route (ENR),12 km (7.5 mls) W of Tsaghkashen,Armenia,6,6, Damaged beyond repair,-,Lisunov Li-2,-,-,-,-,-, CCCP-L4105, 18465507,Aeroflot / Armenia,Survey/research,-,-,-,-,-,-,-,-,-,6,0,6,0,-,-,-
19540130-0,Saturday,30-JAN-1954,-,A1, Landing (LDG),Angle Bay,United Kingdom,-,0, Damaged beyond repair,-,Short Sunderland MR.5,-,-,-,-,-, RN290,-,RAF,Military,-,-,-,-,-,-,-,-,-,-,-,0,0,-,-,-
19540131-0,Sunday,31-JAN-1954,-,A1, Approach (APR),near Bogotá-Techo Airport,Colombia,2,0, Damaged beyond repair,-,Curtiss C-46D-10-CU Commando,-,-,1945,-,-, HK-603, 33273,Lineas Interamericana Aérea,Training,-,-,-,-,-,-,-,-,-,2,0,0,0,-,-,-
19540131-1,Sunday,31-JAN-1954,-,A1, Takeoff (TOF),Dien Bien Phu,Vietnam,-,0, Damaged beyond repair,-,Douglas C-47A-25-DK (DC-3),2,Pratt & Whitney R-1830-92,1944,-,-, F-BGXD, 13312,Aigle Azur,Unknown,-,Dien Bien Phu-Gialam Airport,DIN,VVDB,Vietnam,-,-,-,-,-,-,0,0,-,-,-
19540131-2,Sunday,31-JAN-1954,18:00,A1, Approach (APR),near Apiay Air Base (API),Colombia,16,5, Damaged beyond repair,-,Douglas C-47 (DC-3),-,-,-,-,-, FAC-674,-,Colombian AF,Military,-,Orocué Airport,ORC,SKOE,Colombia,Apiay-Captain Luis F. Gómez Niño Air Base,API,SKAP,Colombia,-,-,2,3,-,-,-
19540199-0,-,xx-JAN-1954,-,A1, Landing (LDG),at an unknown location,United States of America,-,0, Damaged beyond repair,-,Ford 5-AT-B Tri-Motor,3,Pratt & Whitney R-1340 Wasp,1928,-,-, N9645, 5-AT-8,Private,Unknown,-,-,-,-,-,-,-,-,-,-,-,0,0,-,-,-
19540201-0,Monday,01-FEB-1954,-,A1, En route (ENR),S off Hokkaido,Japan,35,35, Damaged beyond repair,-,Curtiss C-46D-15-CU Commando,-,-,1945,-,-, 44-78027, 33423,USAF,Military,-,-,-,-,-,Sapporo-Chitose Airport,CTS,RJCC,Japan,5,30,5,30,-,-,-
19540201-1,Monday,01-FEB-1954,-,A1, Landing (LDG),Mukeiras Airport (UKR),Yemen,-,0, Damaged beyond repair,-,Vickers Valetta C.1,2,Bristol Hercules 230,1949,-,-, VW206, 362,RAF,Military,-,-,-,-,-,Mukeiras Airport,UKR,ODAM,Yemen,-,-,0,0,-,-,-
19540204-0,Thursday,04-FEB-1954,-,A1, Unknown (UNK),Severn Estuary,United Kingdom,13,0, Damaged beyond repair,-,Bristol 175 Britannia 101,-,-,1953,-,-, G-ALRX, 12874,UK Ministry of Supply,Test,-,-,-,-,-,-,-,-,-,7,6,0,0,-,-,-
19540205-0,Friday,05-FEB-1954,-,A1, Unknown (UNK),"San Pablo Bay, CA",United States of America,13,0, Damaged beyond repair,-,Lockheed RC-121C Super Constellation,-,-,1953,-,-, 51-3838, 4114,USAF,Military,-,-,-,-,-,-,-,-,-,13,0,0,0,-,-,-
19540205-1,Friday,05-FEB-1954,-,A1, En route (ENR),"32 km (20 mls) N of Curry, AK",United States of America,16,10, Damaged beyond repair,-,Douglas C-47D (DC-3),-,-,1945,-,-, 45-895, 34155/16898,USAF,Military,-,Fairbanks-Fort Wainwright Airport,FBK,PAFB,United States of America,Anchorage-Elmendorf AFB,EDF,PAED,United States of America,3,13,-,-,-,-,-
19540209-0,Tuesday,09-FEB-1954,-,A1, Unknown (UNK),Medellin,Colombia,2,0, Damaged beyond repair,-,Douglas C-47-DL (DC-3),2,Pratt & Whitney R-1830-92,1942,-,-, HK-167, 4272,Avianca,Cargo,-,-,-,-,-,-,-,-,-,2,0,0,0,-,-,-
19540209-1,Tuesday,09-FEB-1954,-,A1, En route (ENR),near Cáceres,Spain,5,0, Damaged beyond repair,-,Fairchild C-119C-21-FA Flying Boxcar,2,Pratt & Whitney R-4360-20WA,-,-,-, 50-163, 10481,USAF,Military,-,-,-,-,-,Terceira-Lajes AFB,TER,LPLA,Portugal,5,0,0,0,-,-,-
19540211-1,Thursday,11-FEB-1954,-,A1, En route (ENR),between Puerto Inca and San Ramon,Peru,8,8, Damaged beyond repair,-,Douglas C-47 (DC-3),-,-,-,-,-, registration unknown,-,Peruvian AF,Military,-,-,-,-,-,-,-,-,-,-,-,-,-,-,-,-
19540212-0,Friday,12-FEB-1954,-,A1, En route (ENR),"6,4 km (4 mls) SW off  Gozo",Malta,10,10, Damaged beyond repair,-,Avro Shackleton MR.2,4,Rolls-Royce Griffon 57,1953,-,-, WL794,-,RAF,Military,-,-,-,-,-,-,-,-,-,10,0,10,0,-,-,-
19540213-0,Saturday,13-FEB-1954,-,C1, Standing (STD),Muong Sai Airport (UON),Laos,-,-, Damaged beyond repair,-,Douglas C-47A-20-DK (DC-3),2,Pratt & Whitney R-1830-92,1944,-,-, F-OAHY, 12793,Air Outre-Mer,-,-,-,-,-,-,-,-,-,-,-,-,-,-,-,-,-
19540214-0,Sunday,14-FEB-1954,-,A1, Unknown (UNK),"1,8 km (1.1 mls) N of Yelm, WA",United States of America,6,0, Damaged beyond repair,-,Fairchild C-82A Packet,-,-,-,-,-, 48-569, 10204,USAF,Military,-,Tacoma-McChord AFB,TCM,KTCM,United States of America,-,-,-,-,-,-,0,0,-,-,-
19540217-0,Wednesday,17-FEB-1954,-,A1, Unknown (UNK),unknown,Unknown country,-,-, Damaged beyond repair,-,Douglas C-47B-1-DL (DC-3),-,-,1944,-,-, 43-16136, 20602,USAF,Military,-,-,-,-,-,-,-,-,-,-,-,-,-,-,-,-
19540218-0,Thursday,18-FEB-1954,-,A1, En route (ENR),10 km (6.3 mls) from  Zaghouan,Tunisia,15,15, Damaged beyond repair,-,Junkers Ju-52,3,Bristol Hercules 739,-,-,-, 1015 / 4S-5,-,French Navy,Military,-,Oran-Tafaraoui Airport,TAF,DAOL,Algeria,-,-,-,-,-,-,-,-,-,-,-
19540221-0,Sunday,21-FEB-1954,-,A1, Approach (APR),"2,4 km (1.5 mls) S of Singapore-Changi RAF Station",Singapore,12,3, Damaged beyond repair,-,Vickers Valetta C.1,2,Bristol Hercules 230,1951,-,-, WJ494, 579,RAF,Military,-,Saigon-Tan Son Nhat International Airport,SGN,VVTS,Vietnam,-,-,-,-,-,-,2,1,-,-,-
19540221-1,Sunday,21-FEB-1954,-,A1, Landing (LDG),Mogadishu,Somalia,-,-, Damaged beyond repair,-,	Breda-Zappata BZ.308,4,Bristol Centaurus 568,1948,-,-, MM61802,-,Italian AF,Military,-,-,-,-,-,-,-,-,-,-,-,-,-,-,-,-
19540222-0,Monday,22-FEB-1954,-,A1, Unknown (UNK),56 km (35 mls) ENE of Narsarsuaq,Greenland,-,-, Damaged beyond repair,-,Douglas C-47D (DC-3),-,-,1944,-,-, 43-16252, 20718,USAF,Military,-,-,-,-,-,-,-,-,-,-,-,-,-,-,-,-
19540223-0,Tuesday,23-FEB-1954,-,A1, En route (ENR),"22,5 km (14.1 mls) S of Gemas",Malaysia,4,4, Damaged beyond repair,-,Vickers Valetta C.1,2,Bristol Hercules 230,1950,-,-, WD160, 489,RAF,Military,-,-,-,-,-,-,-,-,-,4,0,4,0,-,-,-
19540223-1,Tuesday,23-FEB-1954,-,A1, Landing (LDG),Pembroke Dock,United Kingdom,-,0, Damaged beyond repair,-,Short Sunderland GR.5,-,-,-,-,-, NJ180,-,RAF,Military,-,-,-,-,-,-,-,-,-,-,-,0,0,-,-,-
19540225-0,Thursday,25-FEB-1954,10:30,A1, En route (ENR),16 km (10 mls) from  Delhi-Safdarjung Airport,India,3,3, Destroyed, Written off (damaged beyond repair),Douglas C-47A-90-DL (DC-3),2,Pratt & Whitney R-1830-92,1944,-,-, VT-ATU, 20358,Indian Airlines,Test,-,-,-,-,-,-,-,-,-,3,0,3,0,-,-,-
19540226-0,Friday,26-FEB-1954,-,A1, Maneuvering (MNV),"Huntingdon, TN",United States of America,4,4, Damaged beyond repair,-,Fairchild C-119 Flying Boxcar,-,-,-,-,-, 52-5894, 11061,USAF,Military,-,Fort Benning-Lawson AFB,LSF,KLSF,United States of America,Fort Benning-Lawson AFB,LSF,KLSF,United States of America,4,0,4,0,-,-,-
19540226-1,Friday,26-FEB-1954,10:32,A1, En route (ENR),"31 km (19.4 mls) ENE of Wright, WY",United States of America,9,9, Damaged beyond repair,-,Convair CV-240-1,2,Pratt & Whitney R-2800-CB16,1948,-,12145.0, N8407H,  37,Western Air Lines,Domestic Scheduled Passenger,  34,Salt Lake City International Airport,SLC,KSLC,United States of America,Rapid City Regional Airport,RAP,KRAP,United States of America,3,6,3,6,-,-,Final
19540303-0,Wednesday,03-MAR-1954,-,A1, Takeoff (TOF),Pembroke Dock,United Kingdom,11,7, Damaged beyond repair,-,Short Sunderland MR.5,-,-,-,-,-, NJ267,-,RAF,Military,-,-,-,-,-,-,-,-,-,-,-,-,-,-,-,-
19540303-1,Wednesday,03-MAR-1954,-,A1, Unknown (UNK),unknown,Unknown country,-,-, Damaged beyond repair,-,Douglas C-47D (DC-3),-,-,1945,-,-, 44-76247, 32579/15831,USAF,Military,-,-,-,-,-,-,-,-,-,-,-,-,-,-,-,-
19540303-2,Wednesday,03-MAR-1954,-,A1, Unknown (UNK),Gunsan (Kunsan) K-8 Air Base (KUV),South Korea,-,-, Damaged beyond repair,-,Douglas C-47D (DC-3),-,-,1945,-,-, 44-76639, 32971/16223,USAF,Military,-,-,-,-,-,-,-,-,-,-,-,-,-,-,-,-
19540304-0,Thursday,04-MAR-1954,-,A1, Initial climb (ICL),"Guanabara Bay, RJ",Brazil,3,0, Damaged beyond repair,-,Curtiss C-46D-10-CU Commando,-,-,1945,-,-, PP-LPH, 33283,Loide Aéreo Nacional,Training,-,Rio de Janeiro-Santos Dumont Airport,SDU,SBRJ,Brazil,-,-,-,-,3,0,0,0,-,-,-
19540304-1,Thursday,04-MAR-1954,04:00,C1, Standing (STD),Hanoi-Gialam Airport,Vietnam,-,-, Damaged beyond repair,-,Douglas C-47-DL (DC-3),2,Pratt & Whitney R-1830-92,1942,-,-, F-OANH, 6172,Air Outre-Mer,Unknown,-,-,-,-,-,-,-,-,-,-,-,-,-,-,-,-
19540304-2,Thursday,04-MAR-1954,04:00,C1, Standing (STD),Hanoi-Gialam Airport,Vietnam,-,-, Damaged beyond repair,-,Douglas R4D-3 (DC-3),-,-,1942,-,-, F-OAPC, 4969,Aigle Azur,Unknown,-,-,-,-,-,-,-,-,-,-,-,-,-,-,-,-
19540304-3,Thursday,04-MAR-1954,14:30,A1, En route (ENR),near Saint-Étienne-de-Tinée,France,20,20, Destroyed, Written off (damaged beyond repair),Douglas C-47A-45-DL (DC-3),2,Pratt & Whitney R-1830-92,1943,-,-, 42-24096, 9958,USAF,Military,-,Roma-Ciampino Air Base,CIA,LIRA,Italy,Frankfurt-Hahn Airport,HHN,EDFH,Germany,4,16,4,16,-,-,-
19540304-4,Thursday,04-MAR-1954,-,A1, Unknown (UNK),unknown,Unknown country,-,-, Damaged beyond repair,-,Douglas C-47A-20-DK (DC-3),-,-,1944,-,-, 42-93169, 13051,USAF,Military,-,-,-,-,-,-,-,-,-,-,-,-,-,-,-,-
19540311-0,Thursday,11-MAR-1954,-,C1, Standing (STD),Dien Bien Phu-Gialam Airport (DIN),Vietnam,0,0, Damaged beyond repair,-,Fairchild C-119C Flying Boxcar,-,-,-,-,-, 546, 10504,French AF,Military,-,-,-,-,-,-,-,-,-,0,0,0,0,-,-,-
19540312-0,Friday,12-MAR-1954,09:37,A1, Initial climb (ICL),"3 km (1.9 mls) E of Catamarca Airport, CA (CTC)",Argentina,4,0, Damaged beyond repair,-,Junkers Ju-52/3mreo,-,-,-,-,-, LV-ZBE, 5656,Argentine Ministry of Agriculture,Agricultural,-,Catamarca Airport,CTC,SANC,Argentina,Catamarca Airport,CTC,SANC,Argentina,3,1,0,0,-,-,Final
19540313-0,Saturday,13-MAR-1954,-,C1, Standing (STD),Dien Bien Phu-Gialam Airport (DIN),Vietnam,-,0, Damaged beyond repair,-,Curtiss C-46E-1-CS Commando,-,-,1945,-,-, F-DAAR,  2943,Aigle Azur Maroc,-,-,-,-,-,-,-,-,-,-,-,-,0,0,-,-,-
19540313-1,Saturday,13-MAR-1954,-,A1, Landing (LDG),Xieng Khouang Airport (XKH),Laos,-,0, Damaged beyond repair,-,Douglas C-47-DL (DC-3),2,Pratt & Whitney R-1830-92,-,-,-, F-BCYI,-,Autrex,Unknown,-,-,-,-,-,-,-,-,-,-,-,0,0,-,-,-
19540313-2,Saturday,13-MAR-1954,-,A1, Landing (LDG),Singapore-Kallang Airport,Singapore,40,33, Damaged beyond repair,-,Lockheed L-749A Constellation,-,-,1947,-,-, G-ALAM, 2554,BOAC,International Scheduled Passenger,-,-,-,-,-,-,-,-,-,9,31,2,31,-,-,-
19540313-3,Saturday,13-MAR-1954,-,A1, Approach (APR),"2,4 km (1.5 mls) SW of Syerston RAF Station",United Kingdom,4,4, Damaged beyond repair,-,Vickers Varsity T.1,2,Bristol Hercules 264,1951,-,-, WF327, 519,RAF,Military,-,-,-,-,-,-,-,-,-,-,-,-,-,-,-,-
19540313-4,Saturday,13-MAR-1954,-,U1, Unknown (UNK),Dien Bien Phu-Gialam Airport (DIN) ?,Vietnam,-,-, Damaged beyond repair,-,Douglas C-47B-20-DK (DC-3),2,Pratt & Whitney R-1830-90C,1944,-,-, 349665/FRAMG, 26926/15481,French AF,Military,-,-,-,-,-,-,-,-,-,-,-,-,-,-,-,-
19540313-5,Saturday,13-MAR-1954,-,U1, Unknown (UNK),Dien Bien Phu-Gialam Airport (DIN),Vietnam,-,-, Damaged beyond repair,-,Douglas C-47B-20-DK (DC-3),2,Pratt & Whitney R-1830-90C,1945,-,-, 349931/FRBDW, 27192/15747,French AF,Military,-,-,-,-,-,-,-,-,-,-,-,-,-,-,-,-
19540313-6,Saturday,13-MAR-1954,-,U1, Unknown (UNK),Dien Bien Phu-Gialam Airport (DIN) ?,Vietnam,-,-, Damaged beyond repair,-,Douglas C-47B-20-DK (DC-3),2,Pratt & Whitney R-1830-90C,1945,-,-, 49949/F-RAYC, 27210/15765,French AF,Military,-,-,-,-,-,-,-,-,-,-,-,-,-,-,-,-
19540313-7,Saturday,13-MAR-1954,-,U1, Unknown (UNK),Dien Bien Phu-Gialam Airport (DIN) ?,Vietnam,-,-, Damaged beyond repair,-,Douglas C-47B-25-DK (DC-3),2,Pratt & Whitney R-1830-90C,1945,-,-, 476357/FRAZB, 32689/15941,French AF,Military,-,-,-,-,-,-,-,-,-,-,-,-,-,-,-,-
19540314-0,Sunday,14-MAR-1954,-,A1, En route (ENR),"off Mackay Airport, QLD (MKY)",Australia,2,2, Damaged beyond repair,-,Douglas C-47A-5-DK (DC-3),2,Pratt & Whitney R-1830-92,1944,-,-, VH-BBV, 12360,Queensland Airlines,Cargo,-,Mackay Airport,MKY,YBMK,Australia,Rockhampton Airport,ROK,YBRK,Australia,2,0,2,0,-,-,-
19540314-1,Sunday,14-MAR-1954,-,O1, Standing (STD),"Fort Benning-Lawson AFB, GA (LSF)",United States of America,0,0, Damaged beyond repair,-,Fairchild C-119G Flying Boxcar,-,-,-,-,-, 52-5908, 11087,USAF,-,-,-,-,-,-,-,-,-,-,0,0,0,0,-,-,-
19540316-0,Tuesday,16-MAR-1954,08:38,A1, Initial climb (ICL),"4 km (2.5 mls) NE of Midland, TX",United States of America,11,0, Damaged beyond repair,-,Convair CV-340-35,-,-,1953,-,-, N90853,  44,Continental Air Lines,Domestic Scheduled Passenger,  46,Midland Air Terminal,MAF,KMAF,United States of America,-,-,-,-,3,8,0,0,-,-,-
19540319-0,Friday,19-MAR-1954,-,A1, En route (ENR),near Gruszowiec,Poland,-,1, Damaged beyond repair,-,Lisunov Li-2P,-,-,-,-,-, SP-LAH, 18423201,LOT,Domestic Scheduled Passenger,-,Warszawa-Okecie Airport,WAW,EPWA,Poland,-,-,-,-,-,-,0,1,-,-,-
19540319-1,Friday,19-MAR-1954,22:29,A1, En route (ENR),"near Lothian, MD",United States of America,18,18, Damaged beyond repair,-,Fairchild C-119F-FA Flying Boxcar,2,Wright R-3350,-,-,-, 51-7993, 10732,USAF,Military,-,Washington-Bolling AFB,BOF,KBOF,United States of America,-,-,-,-,6,12,6,12,-,-,-
19540323-0,Tuesday,23-MAR-1954,-,A1, Takeoff (TOF),Haiphong-Cat Bi Air Base (HPH),Vietnam,-,0, Damaged beyond repair,-,Fairchild C-119C-17-FA Flying Boxcar,-,-,-,-,-, 186, 10423,French AF,Military,-,Haiphong-Cat Bi Air Base,HPH,VVCI,Vietnam,Haiphong-Cat Bi Air Base,HPH,VVCI,Vietnam,-,-,0,0,-,-,-
19540325-0,Thursday,25-MAR-1954,-,A1, Approach (APR),16 km (10 mls) N of Monterrey,Mexico,18,18, Damaged beyond repair,-,Douglas C-53-DO (DC-3),-,-,1942,-,-, XA-GUN, 7358,Aeronaves de México,Domestic Scheduled Passenger,-,Mazatlán Airport,MZT,MMMZ,Mexico,Monterrey-Aeropuerto Del Norte,NTR,MMAN,Mexico,3,15,3,15,-,-,-
19540325-1,Thursday,25-MAR-1954,-,A1, Approach (APR),"1,6 km (1 mls) N of Swinderby RAF Station",United Kingdom,2,1, Damaged beyond repair,-,Vickers Varsity T.1,2,Bristol Hercules 264,1951,-,-, WF386, 545,RAF,Military,-,-,-,-,-,-,-,-,-,2,0,1,0,-,-,-
19540327-0,Saturday,27-MAR-1954,-,U1, Unknown (UNK),at an unknown location,Unknown country,-,-, Damaged beyond repair,-,Douglas C-47A-30-DK (DC-3),2,Pratt & Whitney R-1830-92,1944,-,-, 348267, 25528/14083,French AF,Military,-,-,-,-,-,-,-,-,-,-,-,-,-,-,-,-
19540328-0,Sunday,28-MAR-1954,15:00,A1, En route (ENR),Bear Island,Norway,9,8, Damaged beyond repair,-,Boeing-Canada Catalina IVB (PBY-5A),-,-,-,-,-, KK-N, 28129,Norwegian AF,Military,-,Tromsø/Langnes Airport,TOS,ENTC,Norway,Tromsø/Langnes Airport,TOS,ENTC,Norway,-,-,-,-,-,-,-
19540328-1,Sunday,28-MAR-1954,-,C1, Standing (STD),Dien Bien Phu,Vietnam,-,-, Damaged beyond repair,-,Douglas C-47B-15-DK (DC-3),-,-,1944,-,-, 349434/FRBDC, 26695/15250,French AF,Military,-,-,-,-,-,-,-,-,-,-,-,-,-,-,-,-
19540330-0,Tuesday,30-MAR-1954,10:00,A1, Takeoff (TOF),"Fayetteville-Pope AFB, NC (POB)",United States of America,9,5, Damaged beyond repair,-,Fairchild C-119F Flying Boxcar,-,-,-,-,-, 51-2679, 10668,USAF,Military,-,Fayetteville-Pope AFB,POB,KPOB,United States of America,-,-,-,-,9,0,5,0,-,2,-
19540331-0,Wednesday,31-MAR-1954,-,O1, Standing (STD),River Swale,United Kingdom,0,0, Damaged beyond repair,-,Shorts S.26 G Class,-,-,-,-,-, G-AFCI, S.871,private,-,-,-,-,-,-,-,-,-,-,0,0,0,0,-,-,-
19540402-0,Friday,02-APR-1954,-,A1, En route (ENR),Jebel al Lawz,Saudi Arabia,3,3, Damaged beyond repair,-,Vickers Valetta C.1,2,Bristol Hercules 230,1949,-,-, VW205, 361,RAF,Military,-,-,-,-,-,-,-,-,-,3,0,3,0,-,-,-
19540403-0,Saturday,03-APR-1954,-,A1, En route (ENR),near Adana,Turkey,25,25, Damaged beyond repair,-,Douglas C-47A-80-DL (DC-3),2,Pratt & Whitney R-1830-92,1944,-,-, TC-ARK, 19509,DHY,Domestic Scheduled Passenger,-,Adana Airport,ADA,LTAF,Turkey,Istanbul-Yesilköy Airport,IST,LTBA,Turkey,5,20,5,20,-,-,-
19540404-0,Sunday,04-APR-1954,-,A1, Approach (APR),near Hanoi-Gia Lam Airport,Vietnam,4,4, Damaged beyond repair,-,Douglas C-54A-10-DC (DC-4),-,-,1944,-,-, F-BFGQ, 10341,Autrex,Cargo,-,-,-,-,-,-,-,-,-,4,0,4,0,-,-,-
19540408-1,Thursday,08-APR-1954,10:03,A1, En route (ENR),"Moose Jaw, SK",Canada,35,35, Damaged beyond repair,-,Canadair C-4-1 North Star,4,Rolls-Royce Merlin 622,-,-,-, CF-TFW, 150,TCAL,Domestic Scheduled Passenger,-,Winnipeg International Airport,YWG,CYWG,Canada,Vancouver International Airport,YVR,CYVR,Canada,4,31,4,31,1,1,Final
19540408-2,Thursday,08-APR-1954,19:10,A1, En route (ENR),ca 17 km W off San Lucido,Italy,21,21, Destroyed, Written off (damaged beyond repair),de Havilland DH-106 Comet 1,4,de Havilland Ghost 50,1952,-,2704.0, G-ALYY, 06011,BOAC,International Scheduled Passenger, 201,Roma-Ciampino Airport,CIA,LIRA,Italy,Cairo-Farouk Airport,CAI,HECA,Egypt,7,14,7,14,-,-,Final
19540410-0,Saturday,10-APR-1954,17:30,A1, Takeoff (TOF),Roma-Ciampino Airport (CIA),Italy,4,0, Damaged beyond repair,-,Douglas C-47-DL (DC-3),2,Pratt & Whitney R-1830-92,1942,-,-, I-LENT, 4548,LAI,Training,-,Roma-Ciampino Airport,CIA,LIRA,Italy,Roma-Ciampino Airport,CIA,LIRA,Italy,4,0,0,0,-,-,-
19540412-0,Monday,12-APR-1954,-,A1, Approach (APR),Thorney Island RAF Station,United Kingdom,-,0, Damaged beyond repair,-,Vickers Varsity T.1,2,Bristol Hercules 264,1952,-,-, WF428, 570,RAF,Military,-,-,-,-,-,-,-,-,-,-,-,0,0,-,-,-
19540412-2,Monday,12-APR-1954,-,A1, Unknown (UNK),Unknown,Unknown country,-,-, Damaged beyond repair,-,Douglas C-47A-65-DL (DC-3),-,-,1943,-,-, 42-100546, 19009,USAF,Military,-,-,-,-,-,-,-,-,-,-,-,-,-,-,-,-
19540412-3,Monday,12-APR-1954,-,A1, Unknown (UNK),"Anchorage-Elmendorf AFB, AK (EDF)",United States of America,-,-, Damaged beyond repair,-,Douglas C-47A-30-DL (DC-3),-,-,1943,-,-, 42-23617, 9479,USAF,Military,-,-,-,-,-,-,-,-,-,-,-,-,-,-,-,-
19540413-0,Tuesday,13-APR-1954,-,A1, Takeoff (TOF),Malta-Luqa Airport (MLA),Malta,3,0, Damaged beyond repair,-,Avro 685 York C.1,4,Rolls-Royce Merlin,1947,-,-, G-AMUM, Set 65,Scottish Airlines,Unknown,-,Malta-Luqa Airport,MLA,LMML,Malta,-,-,-,-,3,0,0,0,-,-,-
19540413-1,Tuesday,13-APR-1954,-,A1, Takeoff (TOF),Xiengkhouang,Laos,23,16, Damaged beyond repair,-,Lockheed C-60A-5-LO Lodestar,-,-,1943,-,-, F-OALK, 18-2603,SIR,Non Scheduled Passenger,-,-,-,-,-,-,-,-,-,3,20,3,13,-,-,-
19540413-2,Tuesday,13-APR-1954,13:10,A1, En route (ENR),near Batuco,Chile,14,14, Damaged beyond repair,-,Douglas C-47-DL (DC-3),2,Pratt & Whitney R-1830-92,1942,-,-, 956, 4470,Chilean AF,Military,-,-,-,-,-,Iquique-Chucumata Airport,IQQ,SCDA,Chile,5,9,5,9,-,-,-
19540417-0,Saturday,17-APR-1954,-,A1, Taxi (TXI),"Birmingham Airport, AL (BHM)",United States of America,2,0, Damaged beyond repair,-,Kaiser-Frazer C-119F Flying Boxcar,-,-,-,-,-, 51-8133, 136,USAF,Military,-,-,-,-,-,-,-,-,-,2,0,0,0,-,-,-
19540420-0,Tuesday,20-APR-1954,-,A1, Approach (APR),"20 km (12.5 mls) NW of Burbank Airport, CA (BUR)",United States of America,7,7, Damaged beyond repair,-,Kaiser-Frazier C-119F Flying Boxcar,-,-,-,-,-, 51-8153, 156,USAF,Military,-,Chandler-Williams AFB,CHD,KIWA,United States of America,Burbank Airport,BUR,KBUR,United States of America,7,0,7,0,-,-,-
19540422-0,Thursday,22-APR-1954,-,A1, En route (ENR),"10 km (6.3 mls) NNW of Beulaville, NC",United States of America,4,2, Damaged beyond repair,-,Fairchild C-119G Flying Boxcar,-,-,-,-,-, 52-5904, 11071,USAF,Military,-,Goldsboro-Seymour Johnson AFB,GSB,KGSB,United States of America,Goldsboro-Seymour Johnson AFB,GSB,KGSB,United States of America,4,0,2,0,-,-,-
19540423-0,Friday,23-APR-1954,-,A1, Approach (APR),"Sierra del Vilgo, CD",Argentina,25,25, Damaged beyond repair,-,Douglas C-47A-5-DK (DC-3),2,Pratt & Whitney R-1830-92,1944,-,-, LV-ACX, 12387,Aerolineas Argentinas,Domestic Scheduled Passenger,-,Mendoza-El Plumerillo Airport,MDZ,SAME,Argentina,Córdoba-Pajas Blancas Airport,COR,SACO,Argentina,4,21,4,21,-,-,-
19540424-0,Saturday,24-APR-1954,-,A1, Landing (LDG),Damascus International Airport (DAM),Syria,22,0, Damaged beyond repair,-,SNCASE SE.161 Languedoc,-,-,1945,-,-, SU-AHZ, 19,Misrair,Scheduled Passenger,-,-,-,-,-,Damascus International Airport,DAM,OSDI,Syria,5,17,0,0,-,-,-
19540425-0,Sunday,25-APR-1954,-,A1, Landing (LDG),Nam Bac,Laos,2,0, Damaged beyond repair,-,Douglas C-47-DL (DC-3),2,Pratt & Whitney R-1830-92,1942,-,-, F-BCYJ, 4572,Autrex,Unknown,-,-,-,-,-,-,-,-,-,2,0,0,0,-,-,-
19540426-0,Monday,26-APR-1954,-,A1, Unknown (UNK),"Churchill, MB",Canada,-,-, Damaged beyond repair,-,de Havilland Canada DHC-3 Otter,-,-,-,-,-, 3672, 27,RCAF,Military,-,-,-,-,-,-,-,-,-,-,-,-,-,-,-,-
19540430-0,Friday,30-APR-1954,09:18,A1, Initial climb (ICL),1 km (0.6 mls) S of Calcutta-Dum Dum Airport (CCU),India,11,5, Damaged beyond repair,-,Douglas C-47A-DL (DC-3),2,Pratt & Whitney R-1830-92,1944,-,-, VT-DEM, 13792,Darbhanga Aviation,Domestic Non Scheduled Passenger,-,Calcutta-Dum Dum Airport,CCU,VECC,India,Balurghat Airport,RGH,VEBG,India,3,8,3,2,-,-,-
