identifiant,week_day,date,time,type_event,phase,location,country,total_occupants,total_fatalities,aircraft_damage,aircraft_fate,type_aircraft,number_engines,type_engines,first_flight,cycles,total_airframe_hours,registration,c_n_msn,operator,nature,flight_number,departure_airport_name,departure_airport_IATA,departure_airport_ICAO,departure_airport_country,destination_airport_name,destination_airport_IATA,destination_airport_ICAO,destination_airport_country,crew_number,passengers_number,crew_fatalities,passengers_fatalities,collision_casualties,ground_casualties,status
20191201-0,Sunday,01-DEC-2019,08:30,A2, Landing (LDG),Black Point Airstrip,Bahamas,14,0, Unknown,-,Beechcraft 99,-,-,-,-,-, C6-FER,-,Flamingo Air Charter,Passenger,-,Staniel Cay Airport,TYM,MYES,Bahamas,-,-,-,-,2,12,0,0,-,-,-
20191201-1,Sunday,01-DEC-2019,-,C1, Standing (STD),"near El Picudo, San Andrés",Guatemala,0,0, Destroyed, Written off (damaged beyond repair),British Aerospace BAe-125-700A,-,-,1983,-,-, N949CL, 257204,private,Illegal Flight,-,-,-,-,-,-,-,-,-,0,0,0,0,-,-,-
20191202-0,Monday,02-DEC-2019,-,A1, Landing (LDG),near San Andrés Villa Seca,Guatemala,-,0, Damaged beyond repair,-,British Aerospace BAe-125-700A,-,-,-,-,-, false reg.,-,private,Illegal Flight,-,-,-,-,-,-,-,-,-,-,-,0,0,-,-,-
20191203-0,Tuesday,03-DEC-2019,09:10,A2, Approach (APR),"0,5 km (0.3 mls) SW of Sachigo Lake Airport, ON (ZPB)",Canada,2,0, Substantial,-,Basler BT-67 Turbo 67 (DC-3T),2,Pratt & Whitney Canada PT6A-67R,1943,-,-, C-FKAL, 13840,North Star Air,Cargo,-,Red Lake Airport,YRL,CYRL,Canada,Sachigo Lake Airport,ZPB,CZPB,Canada,2,0,0,0,-,-,Preliminary
20191203-1,Tuesday,03-DEC-2019,08:34,A2, Landing (LDG),"Detroit-Coleman A. Young International Airport, MI (DET)",United States of America,2,0, Substantial,-,British Aerospace BAe-125-800A,-,-,1986,-,-, N469RJ, 258067,Business Jet Managers Inc,Unknown,-,Detroit-Willow Run Airport,YIP,KYIP,United States of America,Detroit-Coleman A. Young International Airport,DET,KDET,United States of America,2,0,0,0,-,-,-
20191204-0,Wednesday,04-DEC-2019,-,C1, Standing (STD),"Sayaxché, Petén",Guatemala,-,0, Destroyed, Written off (damaged beyond repair),Beechcraft 200 Super King Air,-,-,-,-,-, registration unknown,-,private,Illegal Flight,-,-,-,-,-,-,-,-,-,-,-,0,0,-,-,-
20191206-0,Friday,06-DEC-2019,-,C1, Standing (STD),"0,4 km (0.3 mls) NW of Chan Chen, Corozal",Belize,0,0, Destroyed, Written off (damaged beyond repair),British Aerospace BAe-125-800A,2,Garrett TFE731-5R-1H,1984,10090.0,12291.0, (N293WB), 258009,private,Illegal Flight,-,-,-,-,-,-,-,-,-,0,0,0,0,-,-,-
20191209-0,Monday,09-DEC-2019,20:16,A1, En route (ENR),"ca 11 km NE of Victoria Regional Airport, TX (VCT)",United States of America,1,1, Destroyed, Written off (damaged beyond repair),Cessna 208B Super Cargomaster,1,Pratt & Whitney Canada PT6A-114A,1988,-,-, N4602B, 208B0140,Martinaire,Cargo,MRA679,Victoria Regional Airport,VCT,KVCT,United States of America,Houston-George Bush Intercontinental Airport,IAH,KIAH,United States of America,1,0,1,0,-,-,Preliminary - official
20191209-1,Monday,09-DEC-2019,18:13,A1, En route (ENR),520 km (325 mls) NW off  King George Island,Atlantic Ocean,38,38, Destroyed, Written off (damaged beyond repair),Lockheed C-130H Hercules,-,-,1978,-,-, 990, 4776,Chilean AF,Military,-,Punta Arenas-Carlos Ibañez Airport,PUQ,SCCI,Chile,Teniente Rodolfo Marsh Martin Air Base,TNM,SCRM,Antarctica,17,21,17,21,-,-,-
20191210-0,Tuesday,10-DEC-2019,18:30,A2, Takeoff (TOF),Juba Airport (JUB),South Sudan,21,0, Substantial,-,de Havilland Canada DHC-8-402Q Dash 8,-,-,-,-,-, ET-AQC ?, 4421,Ethiopian Airlines,International Scheduled Passenger,ET357,Juba Airport,JUB,HSSJ,South Sudan,Addis Ababa-Bole Airport,ADD,HAAB,Ethiopia,-,-,0,0,-,-,-
20191215-0,Sunday,15-DEC-2019,-,C1, Standing (STD),Quiché,Guatemala,0,0, Destroyed, Written off (damaged beyond repair),Grumman American G-1159 Gulfstream IISP,-,-,1975,-,-, (XB-BZH), 164,private,Illegal Flight,-,-,-,-,-,-,-,-,-,0,0,0,0,-,-,-
20191216-0,Monday,16-DEC-2019,04:00,C1, Standing (STD),Sarteneja airstrip,Belize,0,0, Destroyed, Written off (damaged beyond repair),Beechcraft 200 Super King Air,-,-,-,-,-, registration unknown,-,private,Illegal Flight,-,-,-,-,-,-,-,-,-,0,0,0,0,-,-,-
20191217-0,Tuesday,17-DEC-2019,11:00,A2, Taxi (TXI),"Visalia Airport, CA (VIS)",United States of America,2,0, Substantial,-,Beechcraft B300 King Air 350,-,-,1998,-,-, N160RW, FL-226,Ritch Air,Unknown,-,Visalia Airport,VIS,KVIS,United States of America,-,-,-,-,-,-,0,0,-,-,-
20191218-0,Wednesday,18-DEC-2019,-,C1, Standing (STD),"El Chico, Retalhuleu",Guatemala,-,0, Destroyed, Written off (damaged beyond repair),Beechcraft 200 Super King Air,-,-,-,-,-, registration unknown,-,private,Illegal Flight,-,-,-,-,-,-,-,-,-,-,-,0,0,-,-,-
20191218-1,Wednesday,18-DEC-2019,09:15,A2, En route (ENR),"near Scottsbluff, NE",United States of America,5,0, Substantial,-,Cessna 525A CitationJet CJ2,-,-,2002,-,-, C-GOJG, 525A-0087,C-GHGR Holdings,Unknown,-,Casper/Natrona County International Airport,CPR,KCPR,United States of America,Scottsbluff-Western Nebraska Regional Airport/William B. Heilig Field,BFF,KBFF,United States of America,1,4,0,0,-,-,-
20191219-0,Thursday,19-DEC-2019,06:00,A1, Approach (APR),near Charallave-Óscar Machado Zuloaga Airport,Venezuela,9,9, Destroyed, Written off (damaged beyond repair),Beechcraft A100 King Air,-,-,1976,-,-, YV1104, B-231,private,Private,-,-,-,-,-,-,-,-,-,2,7,2,7,-,-,-
20191222-0,Sunday,22-DEC-2019,18:59,A2, Landing (LDG),"Denver International Airport, CO (DEN)",United States of America,171,0, Substantial, Repaired,Boeing 737-824 (WL),2,CFMI CFM56-7B26,2008,-,-, N87513, 31621/2655,United Airlines,Domestic Scheduled Passenger,UA2429,Newark-Liberty International Airport,EWR,KEWR,United States of America,Denver International Airport,DEN,KDEN,United States of America,6,165,0,0,-,-,-
20191224-0,Tuesday,24-DEC-2019,07:30,A1, En route (ENR),near Tastiota,Mexico,2,2, Destroyed, Written off (damaged beyond repair),Cessna 208B Grand Caravan,1,Pratt & Whitney Canada PT6A-114A,2003,-,-, XA-TWN, 208B0931,Calafia Airlines,Domestic Scheduled Passenger,A7872,Hermosillo-Gen Pesqueira Garcia Airport,HMO,MMHO,Mexico,Guerrero Negro Airport,GUB,MMGR,Mexico,1,1,1,1,-,-,-
20191227-0,Friday,27-DEC-2019,07:22,A1, Takeoff (TOF),near Almaty Airport (ALA),Kazakhstan,101,12, Destroyed, Written off (damaged beyond repair),Fokker 100,2,Rolls-Royce Tay 650-15,1996,-,52771.0, UP-F1007, 11496,Bek Air,Domestic Scheduled Passenger,Z92100,Almaty Airport,ALA,UAAA,Kazakhstan,Nursultan Nazarbayev International Airport,TSE,UACC,Kazakhstan,5,96,1,11,-,-,Preliminary
20191227-1,Friday,27-DEC-2019,11:45,A1, Standing (STD),"Santa Monica Airport, CA (SMO)",United States of America,1,0, Substantial, Written off (damaged beyond repair),Cirrus SF50 Vision Jet,1,Williams International FJ33-5A,2017,-,-, N52CV, 0010,private,Private,-,Santa Monica Airport,SMO,KSMO,United States of America,Carlsbad-McClellan-Palomar Airport,CLD,KCRQ,United States of America,1,0,0,0,-,-,-
20191228-0,Saturday,28-DEC-2019,14:34,A2, Landing (LDG),Kamina Airport (KMN),Democratic Republic of the Congo,18,0, Substantial,-,Let L-410UVP-E,-,-,1987,-,-, 9S-GDX, 871816, Air Fast Congo,Domestic Scheduled Passenger,-,Lubumbashi International Airport,FBM,FZQA,Democratic Republic of the Congo,Kamina Airport,KMN,FZSA,Democratic Republic of the Congo,2,16,0,0,-,-,-
20191229-1,Sunday,29-DEC-2019,08:23,A2, En route (ENR),"6 km (3.8 mls) from  Otamendi, BA",Argentina,9,0, Substantial,-,Cessna 560XL Citation XLS,-,-,2005,-,-, LV-FQD, 560-5555,Sunny Sky,Private,-,San Fernando Airport,FDO,SADF,Argentina,-,-,-,-,-,-,0,0,-,-,-
20190708-1,Monday,08-JUL-2019,15:05,A1, Landing (LDG),"Bethel Airport, AK (BET)",United States of America,6,0, Destroyed, Written off (damaged beyond repair),Cessna 208B Grand Caravan,1,Pratt & Whitney Canada PT6A-114A,1988,-,-, N9448B, 208B0121,Grant Aviation,Domestic Scheduled Passenger,GV262,Newtok Airport,WWT,PAEW,United States of America,Bethel Airport,BET,PABE,United States of America,1,5,0,0,-,-,Preliminary - official
20190708-2,Monday,08-JUL-2019,18:30,A2, Landing (LDG),"83 km (51.9 mls) NW of Roberval Airport, QC (YRJ)",Canada,2,0, Substantial,-,Canadair CL-215-6B11 (CL-415),-,-,1987,-,-, C-FAWQ, 1115,Gouvernement du Québec,Fire fighting,Q239,Roberval Airport,YRJ,CYRJ,Canada,Roberval Airport,YRJ,CYRJ,Canada,2,0,0,0,-,-,-
20190709-0,Tuesday,09-JUL-2019,07:15,A2, Pushback / towing (PBT),Amsterdam-Schiphol International Airport (AMS),Netherlands,-,0, Minor,-,Airbus A320-214 (WL),2,CFMI CFM56-5B4/3,2015,-,-, OE-IVQ, 7228,easyJet Europe,International Scheduled Passenger,U28868,Amsterdam-Schiphol International Airport,AMS,EHAM,Netherlands,London-Gatwick Airport,LGW,EGKK,United Kingdom,-,-,0,0,-,-,Preliminary
20190709-1,Tuesday,09-JUL-2019,07:15,A2, Pushback / towing (PBT),Amsterdam-Schiphol International Airport (AMS),Netherlands,-,0, Minor,-,Boeing 737-8K2 (WL),2,CFMI CFM56-7B24,2000,-,-, PH-BXH, 29597/630,KLM,International Scheduled Passenger,KL1699,Amsterdam-Schiphol International Airport,AMS,EHAM,Netherlands,Madrid-Barajas Adolfo Suárez Airport,MAD,LEMD,Spain,-,-,0,0,-,-,Preliminary
20190709-2,Tuesday,09-JUL-2019,-,A1, En route (ENR),"near Raduga, Novoaleksandrovsk District",Russia,1,0, Substantial, Written off (damaged beyond repair),Antonov An-2,-,-,-,-,-, unreg.,-,Unknown,Agricultural,-,-,-,-,-,-,-,-,-,1,0,0,0,-,-,- (No safety board investigation)
20190712-0,Friday,12-JUL-2019,14:55,A2, Landing (LDG),"Orlando Executive Airport, FL (ORL)",United States of America,3,0, Substantial,-,Cessna 525 CitationJet,2,Williams International FJ44-1A,1998,-,4811.0, N262BK, 525-0262,Omicron Business Services,Private,-,Asheville Municipal Airport,AVL,KAVL,United States of America,Orlando Executive Airport,ORL,KORL,United States of America,1,2,0,0,-,-,Preliminary - official
20190713-0,Saturday,13-JUL-2019,-,C1, Standing (STD),"Graham Creek, Toledo",Belize,0,0, Destroyed, Written off (damaged beyond repair),Beechcraft B200 Super King Air,-,-,-,-,-, registration unknown,-,Unknown,Illegal Flight,-,-,-,-,-,-,-,-,-,0,0,0,0,-,-,-
20190716-0,Tuesday,16-JUL-2019,-,A1, Unknown (UNK),"Novoshchedrinskaya, Chechnya",Russia,1,0, Damaged beyond repair,-,Antonov An-2,-,-,-,-,-, RA-3098K,-,Unknown,Agricultural,-,-,-,-,-,-,-,-,-,1,0,0,0,-,-,- (No safety board investigation)
20190717-0,Wednesday,17-JUL-2019,19:20,A1, Landing (LDG),"Mesquite Municipal Airport, NV",United States of America,1,0, Destroyed, Written off (damaged beyond repair),Cessna 550 Citation II,2,Pratt & Whitney Canada JT15D-4,1981,-,-, N320JT, 550-0271,Avia Jet LLC,Unknown,-,Pasco-Tri-Cities Airport,PSC,KPSC,United States of America,Las Vegas-Henderson Sky Harbor Airport,HSH,KHND,United States of America,1,0,0,0,-,-,-
20190719-0,Friday,19-JUL-2019,17:12,A2, Landing (LDG),"Edmonton International Airport, AB (YEG)",Canada,74,0, Substantial,-,de Havilland Canada DHC-8-402Q Dash 8,2,Pratt & Whitney Canada PW150A,2014,-,-, C-FKWE, 4467,WestJet Encore,Domestic Scheduled Passenger,WS3362,Fort McMurray Airport,YMM,CYMM,Canada,Edmonton International Airport,YEG,CYEG,Canada,4,70,0,0,-,-,Preliminary - official
20190720-0,Saturday,20-JUL-2019,08:15,A2, Landing (LDG),Gilgit Airport (GIL),Pakistan,-,0, Substantial,-,ATR 42-500,2,Pratt & Whitney Canada PW127E,2007,-,-, AP-BHP, 665,PIA,Domestic Scheduled Passenger,PK605,Islamabad International Airport,ISB,OPIS,Pakistan,Gilgit Airport,GIL,OPGT,Pakistan,-,-,0,0,-,-,-
20190723-0,Tuesday,23-JUL-2019,11:28,A2, Landing (LDG),Lagos-Murtala Muhammed International Airport (LOS),Nigeria,139,0, Substantial,-,Boeing 737-36N (WL),2,CFMI CFM56-3C1,1998,31643.0,45452.0, 5N-BQO, 28571/3022,Air Peace,Domestic Scheduled Passenger,P47191,Port Harcourt Airport,PHC,DNPO,Nigeria,Lagos-Murtala Muhammed International Airport,LOS,DNMM,Nigeria,6,133,0,0,-,-,Preliminary - official
20190725-0,Thursday,25-JUL-2019,04:00,C1, Standing (STD),Al Jufra Airbase,Libya,0,0, Damaged beyond repair,-,Ilyushin Il-76TD,-,-,1992,-,-, UR-CRP, 1013409303,Europe Air,-,-,-,-,-,-,-,-,-,-,0,0,0,0,-,-,-
20190725-1,Thursday,25-JUL-2019,04:00,C1, Standing (STD),Al Jufra Airbase,Libya,-,1, Damaged beyond repair,-,Ilyushin Il-76TD,-,-,1991,-,-, UR-CMC, 1013407230,Europe Air,-,-,-,-,-,-,-,-,-,-,-,0,1,0,-,-,-
20190726-0,Friday,26-JUL-2019,11:04,A1, En route (ENR),"Addenbroke Island, BC",Canada,9,4, Damaged beyond repair,-,Cessna 208 Caravan 675,1,Pratt & Whitney Canada PT6A-114A,2008,-,-, C-GURL, 20800501,Seair Seaplanes,Domestic Non Scheduled Passenger,-,-,-,-,-,-,-,-,-,1,8,1,3,-,-,-
20190727-0,Saturday,27-JUL-2019,05:35,A2, Landing (LDG),"El Paso International Airport, TX (ELP)",United States of America,3,0, Substantial,-,Swearingen SA227-AC Metro III,-,-,1987,-,-, N681TR, AC-682,Sierra West Airlines,Training,-,El Paso International Airport,ELP,KELP,United States of America,El Paso International Airport,ELP,KELP,United States of America,3,0,0,0,-,-,-
20190730-0,Tuesday,30-JUL-2019,14:00,A1, Unknown (UNK),"Mora Kalu, Rawalpindi",Pakistan,5,5, Destroyed, Written off (damaged beyond repair),Beechcraft B300 King Air 350i,-,-,2011,-,-, 766, 	FL-766,Pakistan Army Aviation Corps,Military,-,-,-,-,-,-,-,-,-,5,0,5,0,-,14,-
20190730-1,Tuesday,30-JUL-2019,-,A1, En route (ENR),off Grand Batanga,Cameroon,7,0, Damaged beyond repair,-,Antonov An-72P,-,-,1992,-,-, 032, 36576096926,Equatorial Guinea AF,Military,-,Malabo-Santa Isabel Airport,SSG,FGSL,Equatorial Guinea,Bata Airport,BSG,FGBT,Equatorial Guinea,-,-,0,0,-,-,-
20190730-2,Tuesday,30-JUL-2019,22:00,A2, Standing (STD),Frankfurt International Airport (FRA),Germany,-,0, Substantial,-,Airbus A319-114,2,CFMI CFM56-5A5,1997,-,-, D-AILR, 723,Lufthansa,International Scheduled Passenger,LH1069,Frankfurt International Airport,FRA,EDDF,Germany,Nice-Côte d'Azur Airport,NCE,LFMN,France,-,-,0,0,-,-,Preliminary - official
20190730-3,Tuesday,30-JUL-2019,14:30,A2, Pushback / towing (PBT),"Perth Airport, WA (PER)",Australia,66,0, Substantial,-,Avro RJ85,4,Lycoming LF507-1F,1998,-,-, VH-NJW, E2329,Cobham Aviation Services,Domestic Non Scheduled Passenger,-,Perth Airport,PER,YPPH,Australia,-,-,-,-,4,62,0,0,-,-,Final
20190731-0,Wednesday,31-JUL-2019,-,A2, Standing (STD),"Dallas/Fort Worth International Airport, TX (DFW)",United States of America,-,0, Substantial, Repaired,Bombardier CL-600-2D24 Regional Jet CRJ-900ER,2,General Electric CF34-8C5,2007,-,22107.0, N947LR, 15116,American Eagle,Domestic Scheduled Passenger,-,Dallas/Fort Worth International Airport,DFW,KDFW,United States of America,-,-,-,-,-,-,0,0,-,-,-
20190801-0,Thursday,01-AUG-2019,13:55,A2, Landing (LDG),"Candle 2 Airport, AK",United States of America,3,0, Substantial,-,Douglas C-118A Liftmaster (DC-6A),-,-,1953,-,-, N451CE, 43712/358,Everts Air Cargo,Cargo,5V25,Fairbanks International Airport,FAI,PAFA,United States of America,-,-,-,-,3,0,0,0,-,-,Preliminary - official
20190802-0,Friday,02-AUG-2019,15:30,A2, Standing (STD),"Vancouver International Airport, BC (YVR)",Canada,-,0, Substantial,-,Airbus A340-313,4,CFMI CFM56-5C4/P,2003,-,-, HB-JMF, 561,Edelweiss Air,International Scheduled Passenger,WK11,Zürich-Kloten Airport,ZRH,LSZH,Switzerland,Vancouver International Airport,YVR,CYVR,Canada,-,-,0,0,-,-,-
20190802-1,Friday,02-AUG-2019,15:30,A2, Taxi (TXI),"Vancouver International Airport, BC (YVR)",Canada,-,0, Minor, Repaired,Boeing 787-8 Dreamliner,2,General Electric GEnx-1B,2014,-,-, C-GHPU, 35259/174,Air Canada,International Scheduled Passenger,AC566,Vancouver International Airport,YVR,CYVR,Canada,San Francisco International Airport,SFO,KSFO,United States of America,-,-,0,0,-,-,-
20190804-0,Sunday,04-AUG-2019,10:40,A1, Landing (LDG),near Fakhrabad,Tajikistan,2,1, Damaged beyond repair,-,Antonov An-2,-,-,1978,-,-, RT-15-305,-,DOSAAF,Parachuting,-,-,-,-,-,-,-,-,-,2,0,1,0,-,-,-
20190806-0,Tuesday,06-AUG-2019,00:36,A1, Landing (LDG),Aarhus Airport (AAR),Denmark,10,0, Destroyed, Written off (damaged beyond repair),Cessna 560XLS+ Citation XLS+,2,Pratt & Whitney Canada PW545C,2008,-,-, D-CAWM, 560-6002,Aerowest,Int'l Non Scheduled Passenger,-,Oslo-Gardermoen Airport,OSL,ENGM,Norway,Aarhus Airport,AAR,EKAH,Denmark,3,7,0,0,-,-,Preliminary - official
20190806-1,Tuesday,06-AUG-2019,00:17,C1, Standing (STD),Misrata International Airport (MRA),Libya,8,0, Damaged beyond repair,-,Ilyushin Il-76TD,-,-,1992,-,-, UR-COZ, 1023410355,SkyAviatrans,Cargo,KTR7721,Ankara-Etimesgut Air Base,ANK,LTAD,Turkey,Misrata International Airport,MRA,HLMS,Libya,8,0,0,0,-,-,-
20190806-2,Tuesday,06-AUG-2019,-,A1, Takeoff (TOF),Mafia Airport (MFA),Tanzania,9,0, Destroyed, Written off (damaged beyond repair),Cessna 208B Grand Caravan,-,-,2010,-,-, 5H-NOW, 208B2209,Tropical Air,Passenger,-,Mafia Airport,MFA,HTMA,Tanzania,Dar es Salaam Julius Nyerere International Airport,DAR,HTDA,Tanzania,1,8,0,0,-,-,-
20190806-3,Tuesday,06-AUG-2019,12:08,A1, En route (ENR),"46 km (28.8 mls) ENE of Mayo Airport, YT (YMA)",Canada,2,2, Destroyed, Written off (damaged beyond repair),Cessna 208B Grand Caravan,1,Pratt & Whitney Canada PT6A-114A,1998,-,-, C-FSKF, 208B0673,Alkan Air,Domestic Non Scheduled Passenger,-,-,-,-,-,Mayo Airport,YMA,CYMA,Canada,1,1,1,1,-,-,-
20190806-4,Tuesday,06-AUG-2019,18:45,A1, Approach (APR),near Los Ángeles-María Dolores Airport (LSQ),Chile,1,1, Destroyed, Written off (damaged beyond repair),Cessna 510 Citation Mustang,-,-,2014,-,-, CC-ANR, 510-0455,private,Private,-,Concepción-Carriel Sur Airport,CCP,SCIE,Chile,Los Ángeles-María Dolores Airport,LSQ,SCGE,Chile,1,0,1,0,-,-,-
20190806-5,Tuesday,06-AUG-2019,06:10,A2, Taxi (TXI),"San Francisco International Airport, CA (SFO)",United States of America,-,0, Minor, Repaired,Boeing 737-924ER (WL),2,CFMI CFM56-7B26,2009,-,-, N37437, 33532/2959,United Airlines,Domestic Scheduled Passenger,-,San Francisco International Airport,SFO,KSFO,United States of America,-,-,-,-,-,-,0,0,-,-,Preliminary
20190806-6,Tuesday,06-AUG-2019,06:10,A2, Taxi (TXI),"San Francisco International Airport, CA (SFO)",United States of America,-,0, Substantial, Repaired,Airbus A320-232,2,IAE V2527-A5,1996,-,-, N432UA, 587,United Airlines,Domestic Scheduled Passenger,-,San Francisco International Airport,SFO,KSFO,United States of America,-,-,-,-,-,-,0,0,-,-,Preliminary
20190807-0,Wednesday,07-AUG-2019,-,C1, Standing (STD),"Las Pilas, Champerico, Retalhuleu",Guatemala,-,0, Destroyed, Written off (damaged beyond repair),HS-125/BAe-125,-,-,-,-,-, registration unknown,-,Unknown,Illegal Flight,-,-,-,-,-,-,-,-,-,-,-,0,0,-,-,-
20190808-0,Thursday,08-AUG-2019,13:29,A2, Landing (LDG),"Orlando International Airport, FL (MCO)",United States of America,232,0, Substantial, Repaired,Airbus A321-211 (WL),2,CFMI CFM56-5B3/3,2017,-,-, N717FR, 7536,Frontier Airlines,Domestic Scheduled Passenger,F91187,Portland International Jetport,PWM,KPWM,United States of America,Orlando International Airport,MCO,KMCO,United States of America,-,-,0,0,-,-,-
20190812-0,Monday,12-AUG-2019,10:15,A2, Pushback / towing (PBT),London-Gatwick Airport (LGW),United Kingdom,352,0, Minor, Repaired,Boeing 787-9 Dreamliner,2,Rolls-Royce Trent 1000-J3 Ten,2018,-,-, G-CKWB, 38788/675,Norwegian Air UK,International Scheduled Passenger,DI7017,London-Gatwick Airport,LGW,EGKK,United Kingdom,New York-John F. Kennedy International Airport,JFK,KJFK,United States of America,10,342,0,0,-,-,Final
20190814-0,Wednesday,14-AUG-2019,-,C1, Standing (STD),"El Ramonal, Chetumal, Quintana Roo",Mexico,-,0, Destroyed, Written off (damaged beyond repair),Beechcraft Super King Air,-,-,-,-,-, XB-...,-,Unknown,Illegal Flight,-,-,-,-,-,-,-,-,-,-,-,0,0,-,-,-
20190815-0,Thursday,15-AUG-2019,06:15,A1, Initial climb (ICL),ca 4 km SE of Zhukovsky International Airport (ZIA),Russia,233,0, Substantial, Written off (damaged beyond repair),Airbus A321-211,2,CFMI CFM56-5B3/P,2003,-,-, VQ-BOZ, 2117,Ural Airlines,Domestic Scheduled Passenger,U6178,Zhukovsky International Airport,ZIA,UUBW,Russia,Simferopol Airport,SIP,URFF,Russia,7,226,0,0,-,-,-
20190815-1,Thursday,15-AUG-2019,15:40,A1, Landing (LDG),"Elizabethton Municipal Airport, TN",United States of America,5,0, Destroyed, Written off (damaged beyond repair),Cessna 680A Citation Latitude,2,Pratt & Whitney Canada PW306D,2015,-,1165.0, N8JR, 	680A-0010,JRM Air LLC,Private,-,Statesville Municipal Airport,SVH,KSVH,United States of America,-,-,-,-,2,3,0,0,-,-,Preliminary - official
20190815-2,Thursday,15-AUG-2019,12:33,A2, Landing (LDG),"San Marcos Regional Airport, TX",United States of America,3,0, Substantial,-,de Havilland Canada DHC-6 Twin Otter 300,2,Pratt & Whitney Canada PT6A-27,1971,-,-, N322AV, 320,Berry Aviation,Training,-,-,-,-,-,-,-,-,-,3,0,0,0,-,-,Preliminary - official
20190816-0,Friday,16-AUG-2019,10:30,A2, Landing (LDG),Kichwa Tembo Airstrip,Kenya,-,0, Substantial,-,de Havilland Canada DHC-8-200,2,Pratt & Whitney Canada PW123D,1997,-,-, 5Y-SLM, 506,SafariLink,Domestic Scheduled Passenger,-,Nairobi-Wilson Airport,WIL,HKNW,Kenya,-,-,-,-,-,-,0,0,-,-,-
20190818-0,Sunday,18-AUG-2019,08:27,A2, Landing (LDG),"Ponta Delgada-João Paulo II Airport, Azores (PDL)",Portugal,-,0, Substantial, Repaired,Boeing 757-251 (WL),2,Pratt & Whitney PW2037,1996,-,-, N543US, 26490/709,Delta Air Lines,International Scheduled Passenger,DL414,New York-John F. Kennedy International Airport,JFK,KJFK,United States of America,Ponta Delgada-João Paulo II Airport,PDL,LPPD,Portugal,-,-,0,0,-,-,Preliminary
20190818-1,Sunday,18-AUG-2019,10:37,A2, Landing (LDG),"Kapalua Airport, HI (JHM)",United States of America,10,0, Substantial,-,Cessna 208B Grand Caravan EX,1,Pratt & Whitney Canada PT6A-140,2013,-,-, N879MA, 208B5019,Mokulele Airlines,Domestic Scheduled Passenger,MW504,Honolulu-Daniel K. Inouye International Airport,HNL,PHNL,United States of America,Kapalua Airport,JHM,PHJH,United States of America,2,8,0,0,-,-,Preliminary
20190821-0,Wednesday,21-AUG-2019,11:32,A1, Takeoff (TOF),"Oroville Airport, CA (OVE)",United States of America,10,0, Destroyed, Written off (damaged beyond repair),Cessna 560XL Citation Excel,2,Pratt & Whitney Canada PW545A,2003,-,-, N91GY, 560-5314,Delta Private Jets,Domestic Non Scheduled Passenger,DPJ91,Oroville Airport,OVE,KOVE,United States of America,Portland International Airport,PDX,KPDX,United States of America,2,8,0,0,-,-,Preliminary - official
20190821-1,Wednesday,21-AUG-2019,05:15,A2, Taxi (TXI),"Vancouver International Airport, BC (YVR)",Canada,1,0, Substantial,-,Cessna 208B Cargomaster,1,Pratt & Whitney Canada PT6A-114A,1990,-,-, C-FEXE, 208B0244,Morningstar Air Express,Cargo,MAL8071,Vancouver International Airport,YVR,CYVR,Canada,Victoria International Airport,YYJ,CYYJ,Canada,1,0,0,0,-,-,-
20190822-0,Thursday,22-AUG-2019,-,O2, Standing (STD),Dubai Airport (DXB),United Arab Emirates,0,0, Substantial, Repaired,Airbus A380-861,4,Engine Alliance GP7270,2015,-,-, A6-EOP, 200,Emirates,-,-,-,-,-,-,-,-,-,-,0,0,0,0,-,-,-
20190823-0,Friday,23-AUG-2019,-,A2, Landing (LDG),Gmunden Airfield,Austria,4,0, Substantial,-,Antonov An-2T,-,-,1974,-,-, OK-TIR, 1G157-10,Club Tiroler Adler,Ferry/positioning,-,-,-,-,-,-,-,-,-,-,-,0,0,-,-,-
20190825-0,Sunday,25-AUG-2019,22:24,A2, Landing (LDG),"Santa Barbara Airport, CA (SBA)",United States of America,7,0, Substantial,-,Lockheed C-130A Hercules,-,-,1959,-,-, N119TG, 3227,International Air Response,Ferry/positioning,-,Santa Maria Public Airport,SMX,KSMX,United States of America,Phoenix-Mesa Gateway Airport,AZA,KIWA,United States of America,2,5,0,0,-,-,Preliminary - official
20190827-0,Tuesday,27-AUG-2019,-,A1, Approach (APR),Aligarh Airport,India,6,0, Destroyed, Written off (damaged beyond repair),Cessna 560XL Citation Excel,-,-,2002,-,-, VT-AVV, 	560-5259,Air Charter Services,Ferry/positioning,-,Delhi-Palam Airport,DEL,VIDP,India,-,-,-,-,2,4,0,0,-,-,-
20190827-1,Tuesday,27-AUG-2019,16:48,A1, Standing (STD),Beijing-Capital International Airport (PEK),China,161,0, Substantial, Written off (damaged beyond repair),Airbus A330-343,2,Rolls-Royce Trent 772C-60,2014,4596.0,19007.0, B-5958, 1587,Air China,International Scheduled Passenger,CA183,Beijing-Capital International Airport,PEK,ZBAA,China,Tokyo-Haneda Airport,HND,RJTT,Japan,14,147,0,0,-,-,-
20190828-0,Wednesday,28-AUG-2019,13:24,A2, Maneuvering (MNV),"Selektsionny, Lgovsky district, Kursk region",Russia,1,0, Substantial,-,Antonov An-2R,1,Shvetsov ASh-62IR,1987,-,-, RA-40389, 1G223-13,private,Agricultural,-,-,-,-,-,-,-,-,-,1,0,0,0,-,-,Final
20190828-1,Wednesday,28-AUG-2019,17:01,A2, Landing (LDG),Egelsbach Airfield (QEF),Germany,1,0, Substantial,-,Cessna 525 CitationJet CJ1+,2,Williams International FJ44-1AP,2006,1953.0,2434.0, D-ICEY, 525-0611,Lenox Handels und Speditions GmbH,Private,-,Hamburg-Fuhlsbüttel Airport,HAM,EDDH,Germany,Egelsbach Airfield,QEF,EDFE,Germany,1,0,0,0,-,-,Preliminary - official
20190830-0,Friday,30-AUG-2019,-,A1, Unknown (UNK),near Lake Siljan-Kuel,Russia,5,2, Damaged beyond repair,-,Antonov An-2R,-,-,1986,-,-, RA-33061, 1G218-48,Aviaspektr,Unknown,-,-,-,-,-,-,-,-,-,2,3,0,2,-,-,-
20190831-0,Saturday,31-AUG-2019,11:10,A2, Takeoff (TOF),"El Monte-San Gabriel Valley Airport, CA (EMT)",United States of America,2,0, Substantial,-,Cessna 510 Citation Mustang,2,Pratt & Whitney Canada PW615F/A,2008,-,-, N551WH, 510-0055,Star Jet,Unknown,-,El Monte-San Gabriel Valley Airport,EMT,KEMT,United States of America,Thermal Airport,TRM,KTRM,United States of America,2,0,0,0,-,-,Preliminary - official
20190901-0,Sunday,01-SEP-2019,15:10,A1, En route (ENR),"Pansol, Calamba, Laguna",Philippines,9,9, Destroyed, Written off (damaged beyond repair),Beechcraft B300 King Air 350,-,-,1998,-,-, RP-C2296, FL-196,Lionair Inc.,Ambulance,-,Dipolog Airport,DPL,RPMG,Philippines,Manila-Ninoy Aquino International Airport,MNL,RPLL,Philippines,2,7,2,7,-,-,-
20190901-1,Sunday,01-SEP-2019,01:00,C2, Landing (LDG),Tripoli-Mitiga International Airport (MJI),Libya,-,0, Minor,-,Airbus A330-202,2,General Electric CF6-80E1A4,2014,-,-, 5A-LAU, 1543, Libyan Airlines,Int'l Non Scheduled Passenger,LN1275,Madinah-Mohammad Bin Abdulaziz Airport,MED,OEMA,Saudi Arabia,Tripoli-Mitiga International Airport,MJI,HLLM,Libya,-,-,0,0,-,-,-
20190902-0,Monday,02-SEP-2019,-,A1, Landing (LDG),near Nueva Cajolá,Guatemala,2,2, Destroyed, Written off (damaged beyond repair),British Aerospace BAe-125-700A,-,-,1980,-,-, XB-PTW, 257083,private,Illegal Flight,-,-,-,-,-,-,-,-,-,2,0,2,0,-,-,-
20190905-0,Thursday,05-SEP-2019,23:00,A2, Taxi (TXI),Milano-Malpensa Airport (MXP),Italy,0,0, Substantial,-,Cessna 560XLS+ Citation XLS+,-,-,2009,-,-, OE-GES, 560-6036,Skyline Aviation,Unknown,-,Milano-Malpensa Airport,MXP,LIMC,Italy,-,-,-,-,0,0,0,0,-,-,-
20190907-0,Saturday,07-SEP-2019,11:07,A2, Landing (LDG),Manizales-La Nubia Airport (MZL),Colombia,54,0, Substantial,-,ATR 72-212A (ATR 72-600),2,Pratt & Whitney Canada PW127N,2014,-,-, HK-5041, 1160,Regional Express Américas,Domestic Scheduled Passenger,AV4852,Bogotá-Eldorado Airport,BOG,SKBO,Colombia,Manizales-La Nubia Airport,MZL,SKMZ,Colombia,5,49,0,0,-,-,-
20190911-0,Wednesday,11-SEP-2019,02:39,A1, Approach (APR),"1 km (0.6 mls) ENE of Toledo-Express Airport, OH (TOL)",United States of America,2,2, Destroyed, Written off (damaged beyond repair),Convair CV-440,2,Pratt & Whitney R-2800,1957,-,-, N24DR, 393,Ferreteria e Implementos San Francisco,Cargo,-,Millington-Memphis Airport,NQA,KNQA,United States of America,Toledo-Express Airport,TOL,KTOL,United States of America,2,0,2,0,-,-,Preliminary - official
20190911-1,Wednesday,11-SEP-2019,15:10,A1, Approach (APR),near Gransee Airfield,Germany,1,1, Damaged beyond repair,-,Cessna 208 Caravan I,-,-,1999,-,-, D-FIDI, 20800301,GoJump,Parachuting,-,-,-,-,-,-,-,-,-,1,0,1,0,-,-,-
20190911-2,Wednesday,11-SEP-2019,-,C2, Landing (LDG),"Chencoh, Hopelchén",Mexico,-,0, Unknown,-,British Aerospace BAe-125-700A,-,-,1978,-,-, XB-SMV, 257042,private,Illegal Flight,-,-,-,-,-,-,-,-,-,-,0,0,0,-,-,-
20190916-0,Monday,16-SEP-2019,12:26,A1, Takeoff (TOF),"near Manaus-Eduardo Gomes International Airport, AM (MAO)",Brazil,10,0, Damaged beyond repair,-,Cessna 208B Grand Caravan,1,Pratt & Whitney Canada PT6A-114A,1996,-,-, PT-MHC, 208B0543,TwoFlex,Passenger,-,Manaus-Eduardo Gomes International Airport,MAO,SBEG,Brazil,Maués Airport,MBZ,SWMW,Brazil,2,8,0,0,-,-,-
20190918-0,Wednesday,18-SEP-2019,11:00,A1, En route (ENR),"10 km (6.3 mls) from  Kampung Mamontoga, Hoeya District, Mimika Regency",Indonesia,4,4, Destroyed, Written off (damaged beyond repair),Viking Air DHC-6-400 Twin Otter,-,-,2016,-,-, PK-CDC, 950,Rimbun Air,Cargo,-,Timika-Moses Kilangin (Tembagapura) Airport,TIM,WABP,Indonesia,Ilaga Airport,ILA,WABL,Indonesia,3,1,3,1,-,-,Preliminary
20190920-0,Friday,20-SEP-2019,12:30,A2, Landing (LDG),"Pepperell Airport, MA",United States of America,2,0, Substantial,-,Cessna 208B Grand Caravan,-,-,1988,-,18426.0, N895SF, 208B0095,private,Parachuting,-,-,-,-,-,-,-,-,-,1,1,0,0,-,-,-
20190923-0,Monday,23-SEP-2019,-,A1, Takeoff (TOF),Seronera Airstrip (SEU),Tanzania,2,2, Destroyed, Written off (damaged beyond repair),Cessna 208B Grand Caravan,-,-,-,-,-, 5H-AAM, 208B2430 ?,Auric Air,Domestic Non Scheduled Passenger,-,Seronera Airstrip,SEU,HTSN,Tanzania,Grumeti Game Reserve-Kirawira B Aerodrome,GTZ,HTGR,Tanzania,1,1,1,1,-,-,-
20190924-0,Tuesday,24-SEP-2019,09:30,A1, En route (ENR),"Moo 2, Sai Yok District",Thailand,2,2, Damaged beyond repair,-,Cessna 208 Caravan,1,Pratt & Whitney Canada PT6A-114,1997,-,-, 1917, 20800267,Royal Rainmaking and Agricultural Aviation,Military,-,-,-,-,-,-,-,-,-,2,0,2,0,-,-,-
20190924-1,Tuesday,24-SEP-2019,-,A2, Landing (LDG),San Salvador de Paúl Airstrip,Venezuela,7,0, Substantial,-,Cessna 208B Grand Caravan,1,Pratt & Whitney Canada PT6A-114A,2001,-,-, YVO134, 208B0905,Bolívar Government,Official state flight,-,-,-,-,-,-,-,-,-,1,6,0,0,-,-,Preliminary
20190930-0,Monday,30-SEP-2019,04:00,A1, Landing (LDG),"Blue Creek, Orange Walk",Belize,-,0, Destroyed, Written off (damaged beyond repair),Gulfstream American G-1159 Gulfstream II B,-,-,1977,-,-, unreg., 199,private,Illegal Flight,-,-,-,-,-,-,-,-,-,-,-,0,0,-,-,-
20190930-1,Monday,30-SEP-2019,11:20,A2, Taxi (TXI),Liverpool International Airport (LPL),United Kingdom,-,0, Substantial,-,Antonov An-12BK,-,-,-,-,-, UR-CKL, 01348005,Cavok Air,Cargo,-,Liverpool International Airport,LPL,EGGP,United Kingdom,Göteborg-Torslanda Airport,GOT,ESGB,Sweden,-,-,0,0,-,-,-
20191002-0,Wednesday,02-OCT-2019,09:53,A1, Landing (LDG),"Windsor Locks-Bradley International Airport, CT (BDL)",United States of America,13,7, Destroyed, Written off (damaged beyond repair),Boeing B-17G Flying Fortress,4,Wright R-1820-97,1944,-,11120.0, N93012, 32216,The Collings Foundation,Domestic Non Scheduled Passenger,-,Windsor Locks-Bradley International Airport,BDL,KBDL,United States of America,Windsor Locks-Bradley International Airport,BDL,KBDL,United States of America,3,10,2,5,-,-,Preliminary - official
20191004-0,Friday,04-OCT-2019,06:48,A1, Approach (APR),"1,3 km (0.8 mls) SE of Lviv-Danylo Halytskyi International Airport (LWO)",Ukraine,8,5, Substantial, Written off (damaged beyond repair),Antonov An-12BK,4,Ivchenko AI-20M,1968,6616.0,12922.0, UR-CAH, 8345604,Ukraine Air Alliance,Cargo,UKL4050,Vigo Airport,VGO,LEVX,Spain,Lviv-Danylo Halytskyi International Airport,LWO,UKLL,Ukraine,5,3,5,0,-,-,Preliminary - official
20191007-0,Monday,07-OCT-2019,08:30,A2, Landing (LDG),"Charleston International Airport, SC (CHS)",United States of America,5,0, Substantial,-,Honda HA-420 HondaJet,2,GE Honda HF120,2017,-,-, N166HJ, 42000066,Pro by Air,Executive,-,Fort Lauderdale-Executive Airport,FXE,KFXE,United States of America,Charleston International Airport,CHS,KCHS,United States of America,1,4,0,0,-,-,Preliminary - official
20191007-1,Monday,07-OCT-2019,23:05,A2, Landing (LDG),"Fort Myers-Southwest Florida International Airport, FL (RSW)",United States of America,4,0, Substantial,-,Hawker 800XP,2,Garrett TFE731-5BR-1H,1997,-,-, N86MN, 258330,Delta Private Jets,Domestic Non Scheduled Passenger,DPJ86,Naples Airport,APF,KAPF,United States of America,Kerrville Airport,ERV,KERV,United States of America,2,2,0,0,-,-,Preliminary - official
20191010-0,Thursday,10-OCT-2019,14:30,A1, En route (ENR),near Kole,Democratic Republic of the Congo,8,8, Destroyed, Written off (damaged beyond repair),Antonov An-72,-,-,1987,-,-, EK-72903, 36572020385,D.R. Congo AF,Military,-,Goma Airport,GOM,FZNA,Democratic Republic of the Congo,Kinshasa-N'Djili Airport,FIH,FZAA,Democratic Republic of the Congo,4,4,4,4,-,-,-
20191011-0,Friday,11-OCT-2019,09:00,A1, Takeoff (TOF),near Nairobi-Wilson Airport (WIL),Kenya,55,0, Damaged beyond repair,-,Fokker 50,2,Pratt & Whitney Canada PW125B,1992,-,-, 5Y-IZO, 20244,Silverstone Air Services,Domestic Scheduled Passenger,-,Nairobi-Wilson Airport,WIL,HKNW,Kenya,Mombasa-Moi International Airport,MBA,HKMO,Kenya,5,50,0,0,-,-,-
20191011-1,Friday,11-OCT-2019,19:00,A2, Landing (LDG),"Cedartown-Polk County Airport, GA",United States of America,10,0, Substantial,-,de Havilland Canada DHC-6 Twin Otter 100,-,-,1967,-,-, N166DH, 66,Skydive Georgia,Parachuting,-,-,-,-,-,-,-,-,-,-,-,0,0,-,-,-
20191017-0,Thursday,17-OCT-2019,17:40,A1, Landing (LDG),"Unalaska-Tom Madsen Airport, AK (DUT)",United States of America,42,1, Substantial,-,Saab 2000,2,Allison AE2100A,1995,-,-, N686PA, 017,PenAir,Domestic Scheduled Passenger,AS3296,Anchorage-Ted Stevens International Airport,ANC,PANC,United States of America,Unalaska-Tom Madsen Airport,DUT,PADU,United States of America,3,39,0,1,-,-,Preliminary - official
20191018-0,Friday,18-OCT-2019,16:45,A1, Approach (APR),4 km (2.5 mls) off  Nassau-Lynden Pindling International Airport (NAS),Bahamas,2,0, Unknown,-,Douglas DC-3C,2,Pratt & Whitney R-1830,1944,-,-, N437GB, 19999,Atlantic Air Cargo,Cargo,-,Miami-Opa locka Executive Airport,OPF,KOPF,United States of America,Nassau-Lynden Pindling International Airport,NAS,MYNN,Bahamas,2,0,0,0,-,-,-
20191018-1,Friday,18-OCT-2019,-,O1, Pushback / towing (PBT),"Trenton Canadian Forces Base, ON (YTR)",Canada,0,0, Substantial,-,Airbus CC-150 Polaris (A310-300),2,General Electric CF6-80C2A2,1987,-,-, 15001, 446,RCAF,Military,-,-,-,-,-,-,-,-,-,0,0,0,0,-,-,-
20191022-0,Tuesday,22-OCT-2019,-,A2, Takeoff (TOF),San Salvador/Ilopango International Airport (SAL),El Salvador,7,0, Substantial,-,Basler BT-67 Turbo 67 (DC-3T),-,-,1944,-,-, FAS116, 33282/16534,Salvadorian AF,Military,-,San Salvador/Ilopango International Airport,SAL,MSSS,El Salvador,-,-,-,-,-,-,0,0,-,-,-
20191022-1,Tuesday,22-OCT-2019,16:46,A2, Approach (APR),"near Atlanta Hartsfield-Jackson International Airport, GA (ATL)",United States of America,-,0, Substantial,-,Canadair CL-600-2B19 Regional Jet CRJ-200LR,2,General Electric CF34-3B1,2003,-,-, N8837B, 7837,Endeavor Air,Domestic Scheduled Passenger,DL5320,Alexandria International Airport,AEX,KAEX,United States of America,Atlanta Hartsfield-Jackson International Airport,ATL,KATL,United States of America,-,-,0,0,-,-,-
20191025-0,Friday,25-OCT-2019,-,A1, Landing (LDG),"Palajuyú, Sipacate, Escuintla",Guatemala,-,0, Substantial, Written off (damaged beyond repair),Beechcraft 200 Super King Air,-,-,-,-,-, registration unknown,-,private,Illegal Flight,-,-,-,-,-,-,-,-,-,-,-,0,0,-,-,-
20191026-0,Saturday,26-OCT-2019,07:37,A1, Approach (APR),"Family Lake, Little Grand Rapids First Nation, MB",Canada,3,3, Damaged beyond repair,-,de Havilland Canada DHC-3T/M601 Turbine Otter,1,Walter M-601,1957,-,-, C-GBTU, 209,Blue Water Aviation Services,Domestic Non Scheduled Passenger,-,-,-,-,-,-,-,-,-,1,2,1,2,-,-,-
20191027-0,Sunday,27-OCT-2019,13:00,A1, En route (ENR),Kolnyang County,South Sudan,4,0, Destroyed, Written off (damaged beyond repair),Let L-410UVP,-,-,-,-,-, YI-BYO,-,Abeer Air Services,Cargo,-,-,-,-,-,-,-,-,-,2,2,0,0,-,-,-
20191027-1,Sunday,27-OCT-2019,-,C1, Standing (STD),"Vista Hermosa, Ixcán",Guatemala,0,0, Destroyed, Written off (damaged beyond repair),Gulfstream Aerospace G-1159 Gulfstream II SP,2,Rolls-Royce Spey 511,1979,-,-, (N530GA), 247,private,Illegal Flight,-,-,-,-,-,-,-,-,-,0,0,0,0,-,-,-
20191105-0,Tuesday,05-NOV-2019,-,A2, Landing (LDG),San Jose Cabo-Los Cabos Airport (SJD),Mexico,4,0, Substantial,-,Learjet 35A,-,-,1980,-,-, XA-VBD, 35A-287,USMX AirLink,Unknown,-,-,-,-,-,San Jose Cabo-Los Cabos Airport,SJD,MMSD,Mexico,-,-,0,0,-,-,-
20191111-0,Monday,11-NOV-2019,07:43,A2, Landing (LDG),"Chicago-O'Hare International Airport, IL (ORD)",United States of America,41,0, Unknown,-,Embraer EMB-145LR (ERJ-145LR),2,Allison AE3007A1/2,1998,-,-, N619AE, 145101,American Eagle,Domestic Scheduled Passenger,AA4125,Greensboro/High Point Airport,GSO,KGSO,United States of America,Chicago-O'Hare International Airport,ORD,KORD,United States of America,3,38,0,0,-,-,-
20191111-1,Monday,11-NOV-2019,-,C1, Standing (STD),Petén,Guatemala,0,0, Destroyed, Written off (damaged beyond repair),British Aerospace BAe-125-700A,2,Garrett TFE731-3R-1H,1981,11379.0,13474.0, (N237DX), 257148,private,Illegal Flight,-,-,-,-,-,-,-,-,-,0,0,0,0,-,-,-
20191111-2,Monday,11-NOV-2019,-,A2, Takeoff (TOF),"Darwin Airport, NT (DRW)",Australia,-,0, Substantial,-,de Havilland Canada DHC-8-315Q MPA,2,Pratt & Whitney Canada PW123E,2006,-,-, VH-ZZE, 640,Surveillance Australia,Survey/research,-,Darwin Airport,DRW,YPDN,Australia,Darwin Airport,DRW,YPDN,Australia,-,-,0,0,-,-,Preliminary - official
20191114-0,Thursday,14-NOV-2019,14:00,A1, Landing (LDG),"Maraú-Barra Grande Airport, BA",Brazil,10,5, Destroyed, Written off (damaged beyond repair),Cessna 550 Citation II,-,-,1981,-,-, PT-LTJ, 550-0225,private,Domestic Non Scheduled Passenger,-,Jundiaí Airport,QDV,SDJD,Brazil,-,-,-,-,1,9,0,5,-,-,-
20191115-0,Friday,15-NOV-2019,16:00,A1, Taxi (TXI),"San Antonio International Airport, TX (SAT)",United States of America,4,0, Substantial,-,Cessna 525B CitationJet CJ3,2,Williams International FJ44-3A,2012,-,-, N973CG, 525B-0391,Pilot Point Consultancy,Unknown,-,San Jose-Norman Y. Mineta International Airport,SJC,KSJC,United States of America,San Antonio International Airport,SAT,KSAT,United States of America,-,-,0,0,-,-,-
20191115-1,Friday,15-NOV-2019,16:00,A1, Standing (STD),"San Antonio International Airport, TX (SAT)",United States of America,0,0, Substantial,-,Cessna 560 Citation Encore,2,Pratt & Whitney Canada PW535A,2006,-,-, N777HW, 	560-0706,ETG Aviation,-,-,-,-,-,-,-,-,-,-,0,0,0,0,-,-,-
20191116-0,Saturday,16-NOV-2019,17:44,A2, Taxi (TXI),Frankfurt International Airport (FRA),Germany,261,0, Substantial, Repaired,Boeing 777-3B5ER,2,General Electric GE90-115B,2018,1111.0,7974.0, HL7204, 60380/1549,Korean Air,International Scheduled Passenger,KE905,Seoul-Incheon International Airport,ICN,RKSI,South Korea,Frankfurt International Airport,FRA,EDDF,Germany,-,-,0,0,-,-,-
20191116-1,Saturday,16-NOV-2019,17:44,A2, Taxi (TXI),Frankfurt International Airport (FRA),Germany,-,0, Minor, Repaired,Airbus A330-243,2,Rolls-Royce Trent 772B-60,2013,-,20467.0, V5-ANO, 1451,Air Namibia,International Scheduled Passenger,KE905,Windhoek-Hosea Kutako International Airport,WDH,FYWH,Namibia,Frankfurt International Airport,FRA,EDDF,Germany,-,-,0,0,-,-,-
20191121-0,Thursday,21-NOV-2019,10:21,A2, Takeoff (TOF),Odessa-Central Airport (ODS),Ukraine,-,0, Substantial,-,Gulfstream G150,-,-,2009,-,-, TC-AEH, 284,Tahe Havacilik,Unknown,-,Odessa-Central Airport,ODS,UKOO,Ukraine,Dubai Airport,DXB,OMDB,United Arab Emirates,-,-,0,0,-,-,-
20191121-1,Thursday,21-NOV-2019,20:55,A2, Landing (LDG),Odessa-Central Airport (ODS),Ukraine,136,0, Substantial,-,Boeing 737-8F2 (WL),2,CFMI CFM56-7B26,2008,-,-, 	TC-JGZ, 35739/2654,THY,International Scheduled Passenger,TK467,Istanbul-Atatürk International Airport,IST,LTBA,Turkey,Odessa-Central Airport,ODS,UKOO,Ukraine,-,-,0,0,-,-,-
20191122-0,Friday,22-NOV-2019,19:16,A2, Landing (LDG),Bogotá-Eldorado Airport (BOG),Colombia,-,0, Substantial,-,Boeing 737-401,2,CFMI CFM56-3B2,1989,-,-, YV3012, 23990/1732, Avior,International Scheduled Passenger,9V1400,Valencia Airport,VLN,SVVA,Venezuela,Bogotá-Eldorado Airport,BOG,SKBO,Colombia,-,-,0,0,-,-,-
20191124-0,Sunday,24-NOV-2019,09:07,A1, Takeoff (TOF),S of Goma Airport (GOM),Democratic Republic of the Congo,21,20, Destroyed, Written off (damaged beyond repair),Dornier 228-201,2,Garrett TPE331-5-252D,1984,-,-, 9S-GNH, 8030, Busy Bee Congo,Domestic Scheduled Passenger,-,Goma Airport,GOM,FZNA,Democratic Republic of the Congo,Beni Airport,BNC,FZNP,Democratic Republic of the Congo,2,19,2,18,-,6,-
20191124-1,Sunday,24-NOV-2019,-,A1, Landing (LDG),Saint-Jean du Sud,Haiti,-,0, Damaged beyond repair,-,Beechcraft 200 King Air,-,-,-,-,-, (XB-PYB),-,private,Illegal Flight,-,-,-,-,-,-,-,-,-,-,-,0,0,-,-,-
20191126-0,Tuesday,26-NOV-2019,-,H2, Standing (STD),Gasmata,Papua New Guinea,1,0, None,-,Cessna 208 Grand Caravan,-,-,-,-,-, registration unknown,-,Tropicair,Domestic Scheduled Passenger,-,-,-,-,-,-,-,-,-,1,0,0,0,-,-,-
20190107-0,Monday,07-JAN-2019,05:50,A2, Landing (LDG),Savonlinna Airport (SVL),Finland,3,0, Substantial,-,Saab 340B,2,General Electric CT7-9B,1991,-,-, YL-RAF, 	340B-228,RAF-AVIA,Ferry/positioning,MTL650P,Riga International Airport,RIX,EVRA,Latvia,Savonlinna Airport,SVL,EFSA,Finland,3,0,0,0,-,-,Final
20190112-0,Saturday,12-JAN-2019,11:30,A2, Landing (LDG),"Ox Ranch Airport, TX",United States of America,9,0, Substantial,-,Canadair CL-600-2A12 Challenger 601,-,-,1983,-,-, N813WT, 3016,TW 601-C Investment,Executive,-,Dallas-Addison Airport,ADS,KADS,United States of America,-,-,-,-,3,6,0,0,-,-,Preliminary - official
20190114-0,Monday,14-JAN-2019,08:30,A1, Landing (LDG),Fat'h Airport,Iran,16,15, Destroyed, Written off (damaged beyond repair),Boeing 707-3J9C,4,Pratt & Whitney JT3D-3B,1976,-,-, EP-CPP, 	21128/917,Iran AF,Cargo,-,Bishkek-Manas International Airport,FRU,UCFM,Kyrgyzstan,Payam International Airport,PYK,OIIP,Iran,-,-,-,-,-,-,-
20190116-0,Wednesday,16-JAN-2019,13:00,A2, Standing (STD),Ogle Airport (OGL),Guyana,-,0, Substantial,-,Cessna 208B Grand Caravan,1,Pratt & Whitney Canada PT6A-114A,1997,-,-, 8R-YAC, 208B0647,ASL,Domestic Scheduled Passenger,-,Ogle Airport,OGL,SYGO,Guyana,Imbaimadai Airport,IMB,SYIB,Guyana,-,-,0,0,-,-,-
20190121-0,Monday,21-JAN-2019,09:12,A1, Initial climb (ICL),"SE of Kidron-Stoltzfus Airfield, OH",United States of America,2,2, Substantial, Written off (damaged beyond repair),Aero Modifications AMI DC-3-65TP,2,Pratt & Whitney Canada PT6A-65AR,1944,-,-, N467KS, 20175,Priority Air Charter,Ferry/positioning,-,-,-,-,-,Akron/Canton Regional Airport,CAK,KCAK,United States of America,2,0,2,0,-,-,Preliminary - official
20190121-1,Monday,21-JAN-2019,-,A2, Landing (LDG),Kinshasa-N'Djili Airport (FIH),Democratic Republic of the Congo,-,0, Substantial,-,Boeing 737-330 (QC),2,CFMI CFM56-3B1,1989,-,-, 9S-AHJ, 24283/1677, Serve Air,Cargo,-,Goma Airport,GOM,FZNA,Democratic Republic of the Congo,Kinshasa-N'Djili Airport,FIH,FZAA,Democratic Republic of the Congo,-,-,0,0,-,-,-
20190122-0,Tuesday,22-JAN-2019,-,H2, En route (ENR),Khanty-Mansiysk International Airport (HMA),Russia,76,0, None,-,Boeing 737-8LJ (WL),2,CFMI CFM56-7B26E,2013,-,-, VP-BRR, 41197/4710,Aeroflot,Domestic Scheduled Passenger,SU1515,Surgut Airport,SGC,USRR,Russia,Moskva-Sheremetyevo Airport,SVO,UUEE,Russia,7,69,0,0,-,-,- (No safety board investigation)
20190123-0,Wednesday,23-JAN-2019,21:34,A2, Takeoff (TOF),"Rouyn Airport, QC (YUY)",Canada,9,0, Substantial, Repaired,de Havilland Canada DHC-8-102 Dash 8,2,Pratt & Whitney Canada PW120A,1988,-,43522.0, C-GTCO, 119,Air Creebec,Domestic Scheduled Passenger,YN926,Rouyn Airport,YUY,CYUY,Canada,Montreal-Pierre Elliott Trudeau International Airport,YUL,CYUL,Canada,3,6,0,0,-,-,Final
20190126-0,Saturday,26-JAN-2019,11:00,O1, Standing (STD),Antalya Airport (AYT/LTAI),Turkey,0,0, Substantial, Written off (damaged beyond repair),Airbus A321-231,2,IAE V2533-A5,1999,-,-, TC-OEB, 968,Onur Air,-,-,-,-,-,-,Antalya Airport,AYT,LTAI,Turkey,0,0,0,0,-,-,-
20190128-0,Monday,28-JAN-2019,17:25,A2, Landing (LDG),Palma de Mallorca Airport (PMI),Spain,65,0, Substantial, Repaired,ATR 72-212A (ATR 72-500),2,Pratt & Whitney Canada PW127F,1996,-,32100.0, EC-LYJ, 468,Air Europa,Domestic Scheduled Passenger,UX4014,Valencia Airport,VLC,LEVC,Spain,Palma de Mallorca Airport,PMI,LEPA,Spain,4,61,0,0,-,-,Final
20190128-1,Monday,28-JAN-2019,20:08,A2, Landing (LDG),"Tuscaloosa Regional Airport, AL (TCL)",United States of America,4,0, Substantial,-,Boeing 727-2B6F Adv.,3,Pratt & Whitney JT8D-15,1977,-,57932.0, N720CK, 21298/1246,Kalitta Charters,Cargo,K9720,Laredo International Airport,LRD,KLRD,United States of America,Tuscaloosa Regional Airport,TCL,KTCL,United States of America,4,0,0,0,-,-,Preliminary - official
20190129-0,Tuesday,29-JAN-2019,18:11,A1, En route (ENR),"32 km (20 mls) W off  Kake, AK",United States of America,3,3, Destroyed, Written off (damaged beyond repair),Beechcraft B200 Super King Air,-,-,2000,-,-, N13LY, BB-1718,Guardian Flight,Ambulance,-,Anchorage-Ted Stevens International Airport,ANC,PANC,United States of America,-,-,-,-,3,0,3,0,-,-,Preliminary - official
20190130-0,Wednesday,30-JAN-2019,09:12,A1, En route (ENR),"ca 30 km from Whatì/Lac La Martre Airport, NT (YLE)",Canada,2,2, Destroyed, Written off (damaged beyond repair),Beechcraft 200 Super King Air,-,-,1977,-,-, C-GTUC, BB-268,Air Tindi,Unknown,TIN503,Yellowknife Airport,YZF,CYZF,Canada,-,-,-,-,2,0,2,0,-,-,Preliminary
20190204-0,Monday,04-FEB-2019,-,H2, En route (ENR),Khartoum-Civil Airport,Sudan,91,0, None,-,Boeing 737-300,-,-,-,-,-, registration unknown,-, Tarco Airlines,International Scheduled Passenger,SD103,Cairo International Airport,CAI,HECA,Egypt,Khartoum-Civil Airport,KRT,HSSS,Sudan,-,-,0,0,-,-,-
20190208-0,Friday,08-FEB-2019,12:16,A1, En route (ENR),"21 km (13.1 mls) E off  Bay Harbor Islands, FL",United States of America,2,1, Destroyed, Written off (damaged beyond repair),Convair C-131B Samaritan,2,Pratt & Whitney R-2800,1955,-,-, N145GT, 256,Conquest Air Cargo,Cargo,QAI504,Nassau-Lynden Pindling International Airport,NAS,MYNN,Bahamas,Miami-Opa locka Executive Airport,OPF,KOPF,United States of America,2,0,1,0,-,-,Preliminary - official
20190208-1,Friday,08-FEB-2019,19:07,A2, Landing (LDG),Billund Airport (BLL),Denmark,212,0, Substantial, Repaired,Airbus A321-251N,2,CFMI LEAP-1A32,2017,-,-, SE-RKA, 7746,Novair,International Scheduled Passenger,N9158,Lanzarote Airport,ACE,GCRR,Spain,Billund Airport,BLL,EKBI,Denmark,7,205,0,0,-,-,Final
20190209-0,Saturday,09-FEB-2019,-,O2, Standing (STD),Nairobi-Jomo Kenyatta International Airport (NBO),Kenya,-,0, Substantial,-,Embraer ERJ 190AR (ERJ-190-100 IGW),2,General Electric CF34-10E6,2011,-,-, 5Y-KYR, 19000468,Kenya Airways,-,-,-,-,-,-,-,-,-,-,-,-,0,0,-,-,-
20190209-1,Saturday,09-FEB-2019,-,O2, Standing (STD),Nairobi-Jomo Kenyatta International Airport (NBO),Kenya,-,0, Substantial,-,Embraer ERJ 190AR (ERJ-190-100 IGW),2,General Electric CF34-10E6,2013,-,-, 5Y-FFF, 19000594,Kenya Airways,-,-,-,-,-,-,-,-,-,-,-,-,0,0,-,-,-
20190211-0,Monday,11-FEB-2019,10:06,A2, Landing (LDG),"Richmond Municipal Airport, IN (RID)",United States of America,3,0, Substantial,-,Raytheon Beechjet 400A,2,Pratt & Whitney Canada JT15D-5,1999,-,-, N750TA, RK-226,Stein's Aircraft Services,Executive,-,Waukesha Airport,UES,KUES,United States of America,Richmond Municipal Airport,RID,KRID,United States of America,2,1,0,0,-,-,Preliminary - official
20190213-0,Wednesday,13-FEB-2019,09:45,A2, Pushback / towing (PBT),Amsterdam-Schiphol International Airport (AMS),Netherlands,-,0, Minor, Repaired,Boeing 747-406M,4,General Electric CF6-80C2B1F,1999,-,-, PH-BFV, 28460/1225,KLM,International Scheduled Passenger,KL601,Amsterdam-Schiphol International Airport,AMS,EHAM,Netherlands,Los Angeles International Airport,LAX,KLAX,United States of America,-,-,0,0,-,-,Preliminary
20190213-1,Wednesday,13-FEB-2019,09:45,A2, Standing (STD),Amsterdam-Schiphol International Airport (AMS),Netherlands,-,0, Minor, Repaired,Boeing 787-9 Dreamliner,2,General Electric CF6-80C2B1F,1999,-,-, PH-BHA, 36113/356,KLM,International Scheduled Passenger,KL623,Amsterdam-Schiphol International Airport,AMS,EHAM,Netherlands,Atlanta Hartsfield-Jackson International Airport,ATL,KATL,United States of America,-,-,0,0,-,-,Preliminary
20190223-0,Saturday,23-FEB-2019,12:39,A1, En route (ENR),"Trinity Bay, near Anahuac, TX",United States of America,3,3, Destroyed, Written off (damaged beyond repair),Boeing 767-375ER (BCF) (WL),2,General Electric CF6-80C2B6F,1992,23316.0,91063.0, N1217A, 25865/430,Amazon Prime Air,Cargo,5Y3591,Miami International Airport,MIA,KMIA,United States of America,Houston-George Bush Intercontinental Airport,IAH,KIAH,United States of America,2,1,2,1,-,-,Preliminary - official
20190224-0,Sunday,24-FEB-2019,-,H2, En route (ENR),Chittagong-Shah Amanat International Airport (CGP),Bangladesh,148,1, Minor,-,Boeing 737-8E9 (WL),2,CFMI CFM56-7BE,2015,-,-, S2-AHV, 40335/5715,Biman Bangladesh,Domestic Scheduled Passenger,BG147,Dhaka-Shahjalal International Airport,DAC,VGHS,Bangladesh,Chittagong-Shah Amanat International Airport,CGP,VGEG,Bangladesh,14,134,0,1,-,-,-
20190226-0,Tuesday,26-FEB-2019,12:44,A2, Landing (LDG),Moskva-Sheremetyevo Airport (SVO),Russia,6,0, Substantial,-,Gulfstream G200 Galaxy,2,Pratt & Whitney Canada PW306A,2008,1787.0,4174.0, 4K-AZ88, 189,Silk Way Business Aviation,Executive,ESW88,Baku-Heydar Aliyev International Airport,GYD,UBBB,Azerbaijan,Moskva-Sheremetyevo Airport,SVO,UUEE,Russia,3,3,0,0,-,-,Preliminary - official
20190301-0,Friday,01-MAR-2019,20:00,A2, Takeoff (TOF),London-Stansted Airport (STN),United Kingdom,175,0, Substantial,-,Airbus A320-214,2,CFMI CFM56-5B4/P,2007,-,-, OE-LOA, 3147,LaudaMotion,International Scheduled Passenger,OE327,London-Stansted Airport,STN,EGSS,United Kingdom,Wien-Schwechat International Airport,VIE,LOWW,Austria,6,169,0,0,-,-,Preliminary
20190303-0,Sunday,03-MAR-2019,08:56,A2, Landing (LDG),Ouargla-Ain Beida Airport (OGX),Algeria,16,0, Substantial,-,Beechcraft 1900D,2,Pratt & Whitney Canada PT6A-67D,1999,-,-, 7T-VIO, UE-366,Tassili Airlines,Domestic Non Scheduled Passenger,-,-,-,-,-,Ouargla-Ain Beida Airport,OGX,DAUU,Algeria,3,13,0,0,-,-,-
20190303-1,Sunday,03-MAR-2019,16:00,O1, Standing (STD),"Eufaula-Weedon Field, AL (EUF)",United States of America,0,0, Damaged beyond repair,-,Honda HA-420 HondaJet,2,GE Honda HF120,2019,-,36.0, N105HJ, 105,-,-,-,-,-,-,-,-,-,-,-,0,0,0,0,-,-,-
20190304-0,Monday,04-MAR-2019,11:43,A2, Landing (LDG),"Presque Isle-Northern Maine Regional Airport, ME (PQI)",United States of America,31,0, Substantial,-,Embraer EMB-145XR,2,Allison AE3007A1,2004,-,-, N14171, 14500859,CommutAir,Domestic Scheduled Passenger,UA4933,Newark-Liberty International Airport,EWR,KEWR,United States of America,Presque Isle-Northern Maine Regional Airport,PQI,KPQI,United States of America,3,28,0,0,-,-,Preliminary - official
20190304-1,Monday,04-MAR-2019,14:14,A2, Approach (APR),"1,4 km (0.9 mls) S of Little Grand Rapids Airport, MB (ZGR)",Canada,7,0, Substantial,-,Cessna 208B Grand Caravan,1,Pratt & Whitney Canada PT6A-114A,1996,-,-, C-FAFV, 208B0528,Amik Aviation,Domestic Non Scheduled Passenger,-,-,-,-,-,Little Grand Rapids Airport,ZGR,CZGR,Canada,1,6,0,0,-,-,Final
20190307-0,Thursday,07-MAR-2019,19:00,A2, Landing (LDG),"Buenos Aires-Jorge Newbery Airport, BA (AEP)",Argentina,4,0, Substantial,-,Learjet 35A,-,-,1981,-,-, LV-BNR, 35-373,Baires Fly,Domestic Non Scheduled Passenger,-,Rosario-Islas Malvinas International Airport,ROS,SAAR,Argentina,Buenos Aires-Jorge Newbery Airport,AEP,SABE,Argentina,-,-,0,0,-,-,Preliminary - official
20190309-0,Saturday,09-MAR-2019,10:36,A1, En route (ENR),"Finca La Bendición, San Martín",Colombia,14,14, Destroyed, Written off (damaged beyond repair),Douglas DC-3,-,-,1945,-,27308.0, HK-2494, 33105/16357,LASER,Domestic Non Scheduled Passenger,-,San Jose del Guaviare-Jorge E. González T. Airport,SJE,SKSJ,Colombia,Villavicencio Airport,VVC,SKVV,Colombia,3,11,3,11,-,-,Preliminary - official
20190309-1,Saturday,09-MAR-2019,15:47,A2, Landing (LDG),"Atlanta-DeKalb Peachtree Airport, GA (PDK)",United States of America,14,0, Substantial,-,Gulfstream G-IV,2,Rolls-Royce Tay 611-8,1995,-,-, N505GF, 1275,Waffle House,Executive,-,Bozeman Yellowstone International Airport,BZN,KBZN,United States of America,Atlanta-DeKalb Peachtree Airport,PDK,KPDK,United States of America,2,12,0,0,-,-,-
20190310-0,Sunday,10-MAR-2019,08:44,A1, En route (ENR),50 km (31.3 mls) ESE of Addis Ababa-Bole Airport (ADD),Ethiopia,157,157, Destroyed, Written off (damaged beyond repair),Boeing 737 MAX 8,2,CFMI LEAP-1B,2018,382.0,1330.0, ET-AVJ, 62450/7243,Ethiopian Airlines,International Scheduled Passenger,ET302,Addis Ababa-Bole Airport,ADD,HAAB,Ethiopia,Nairobi-Jomo Kenyatta International Airport,NBO,HKJK,Kenya,8,149,8,149,-,-,Preliminary - official
20190310-1,Sunday,10-MAR-2019,-,A1, Landing (LDG),"near San Pedro Peralta, Chetumal, Quintana Roo",Mexico,2,1, Damaged beyond repair,-,Hawker Siddeley HS-125-600A,-,-,-,-,-, fake reg., 256046,private,Illegal Flight,-,-,-,-,-,-,-,-,-,2,0,1,0,-,-,- (No safety board investigation)
20190310-2,Sunday,10-MAR-2019,09:45,A2, Taxi (TXI),"Charlotte-Douglas International Airport, NC (CLT)",United States of America,-,0, Substantial,-,Bombardier CL-600-2C10 Regional Jet CRJ-702ER,2,General Electric CF34-8C5B1,2010,-,-, N530EA, 10308,PSA Airlines,Domestic Scheduled Passenger,AA5141,Charlotte-Douglas International Airport,CLT,KCLT,United States of America,Augusta-Bush Field,AGS,KAGS,United States of America,-,-,0,0,-,-,-
20190310-3,Sunday,10-MAR-2019,09:45,A2, Taxi (TXI),"Charlotte-Douglas International Airport, NC (CLT)",United States of America,-,0, Substantial,-,Bombardier CL-600-2D24 Regional Jet CRJ-900LR,2,General Electric CF34-8C5,2015,-,-, N569NN, 15356,PSA Airlines,Domestic Scheduled Passenger,AA5366,Charlotte-Douglas International Airport,CLT,KCLT,United States of America,Nashville International Airport,BNA,KBNA,United States of America,-,-,0,0,-,-,-
20190311-0,Monday,11-MAR-2019,-,A2, Landing (LDG),"140 km (87.5 mls) N Inuvik, NT",Canada,7,0, Substantial,-,de Havilland Canada CC-138 Twin Otter (DHC-6),-,-,1971,-,-, 13803, 305,RCAF,Military,-,-,-,-,-,-,-,-,-,4,3,0,0,-,-,-
20190312-0,Tuesday,12-MAR-2019,13:35,A2, Landing (LDG),"Latrobe-Westmoreland County Airport, PA (LBE)",United States of America,4,0, Substantial,-,Beechcraft A100 King Air,-,-,1972,-,-, N945WS, B-94,Golden Wings Aviation,Executive,-,Harrisburg-Capital City Airport,HAR,KCXY,United States of America,-,-,-,-,2,2,0,0,-,-,Preliminary
20190314-0,Thursday,14-MAR-2019,22:15,A2, Taxi (TXI),"Orlando Sanford International Airport, FL (SFB)",United States of America,4,0, Substantial,-,Cessna 650 Citation III,-,-,1988,-,-, N220CM, 650-0160,RP Sales and Leasing,Private,-,Charleston-Yeager Airport,CRW,KCRW,United States of America,Orlando Sanford International Airport,SFB,KSFB,United States of America,2,2,0,0,-,-,Preliminary
20190318-0,Monday,18-MAR-2019,03:12,A2, Landing (LDG),Kuala Lumpur-Sultan Abdul Aziz Shah Airport (SZB),Malaysia,-,0, Substantial,-,Bombardier BD-100-1A10 Challenger 300,-,-,2006,-,-, 9M-TST, 20135,Berjaya Air,Executive,-,Jaipur-Sanganer Airport,JAI,VIJP,India,Kuala Lumpur-Sultan Abdul Aziz Shah Airport,SZB,WMSA,Malaysia,-,-,0,0,-,1,-
20190318-1,Monday,18-MAR-2019,15:37,A1, Landing (LDG),"Oklahoma City-Sundance Airport, OK (HSD)",United States of America,2,2, Destroyed, Written off (damaged beyond repair),IAI 1124 Westwind,-,-,1978,-,-, N4MH, 232,Sundance Airport FBO,Private,-,Panama City-Northwest Florida Beaches International Airport,ECP,KECP,United States of America,Oklahoma City-Sundance Airpark,HSD,KHSD,United States of America,2,0,2,0,-,-,Preliminary - official
20190319-0,Tuesday,19-MAR-2019,21:35,A2, Landing (LDG),Tehran-Mehrabad Airport (THR),Iran,33,0, Unknown,-,Fokker 100,2,Rolls-Royce Tay 650-15,1991,51036.0,49489.0, EP-IDG, 11302, Iran Air,Domestic Scheduled Passenger,IR215,Qeshm International Airport,GSM,OIKQ,Iran,Tehran-Mehrabad Airport,THR,OIII,Iran,9,24,0,0,-,-,Preliminary - official
20190322-0,Friday,22-MAR-2019,-,A1, Landing (LDG),ca 14 km E of Bajamar,Honduras,-,0, Destroyed, Written off (damaged beyond repair),Rockwell Sabreliner 60,-,-,1976,-,-, N990PA, 306-114,private,Illegal Flight,-,-,-,-,-,-,-,-,-,-,-,0,0,-,-,- (No safety board investigation)
20190323-0,Saturday,23-MAR-2019,18:20,C1, Maneuvering (MNV),Matsieng Aerodrome,Botswana,1,1, Destroyed, Written off (damaged beyond repair),Beechcraft B200 Super King Air,-,-,1994,-,-, A2-MBM, BB-1489,Major Blue Air,Illegal Flight,-,Gaborone-Sir Seretse Khama International Airport,GBE,FBSK,Botswana,-,-,-,-,1,0,1,0,-,-,-
20190323-1,Saturday,23-MAR-2019,21:10,A1, Pushback / towing (PBT),Bristol Airport (BRS),United Kingdom,165,0, Minor, Repaired,Airbus A320-232,2,IAE V2527-A5,2007,-,-, HA-LPL, 3166,Wizz Air,International Scheduled Passenger,-,Bristol Airport,BRS,EGGD,United Kingdom,Katowice-Pyrzowice Airport,KTW,EPKT,Poland,6,159,0,0,-,-,Final
20190327-0,Wednesday,27-MAR-2019,-,A2, Maneuvering (MNV),Alonso de Rojas,Cuba,-,0, Substantial,-,Antonov An-2,-,-,-,-,-, CU-A1825,-,ENSA,Agricultural,-,-,-,-,-,-,-,-,-,-,-,0,0,-,-,-
20190327-1,Wednesday,27-MAR-2019,19:25,A2, Approach (APR),"near Nashville International Airport, TN (BNA)",United States of America,-,0, Substantial, Repaired,Boeing 737-7H4 (WL),2,CFMI CFM56-7B24,2006,-,44455.0, N249WN, 34951/2005,Southwest Airlines,Domestic Scheduled Passenger,WN975,Pittsburgh-Greater Pittsburgh International Airport,PIT,KPIT,United States of America,Nashville International Airport,BNA,KBNA,United States of America,-,-,0,0,-,-,Final
20190403-0,Wednesday,03-APR-2019,15:10,A2, Pushback / towing (PBT),Belfast International Airport (BFS),United Kingdom,186,0, Minor, Repaired,Airbus A320-214,2,CFMI CFM56-5B4/3,2012,-,-, G-EZWC, 5236,easyJet,International Scheduled Passenger,-,Belfast International Airport,BFS,EGAA,United Kingdom,Málaga Airport,AGP,LEMG,Spain,6,180,0,0,-,-,Final
20190404-0,Thursday,04-APR-2019,10:56,A2, Landing (LDG),Innsbruck-Kranebitten Airport (INN),Austria,-,0, Substantial, Repaired,de Havilland Canada DHC-8-402Q Dash 8,2,Pratt & Whitney Canada PW150A,2010,-,-, OE-LGM, 4319,Austrian Airlines,Domestic Scheduled Passenger,OS903,Wien-Schwechat International Airport,VIE,LOWW,Austria,Innsbruck-Kranebitten Airport,INN,LOWI,Austria,-,-,0,0,-,-,Preliminary
20190404-1,Thursday,04-APR-2019,20:17,A1, Taxi (TXI),"Atlanta Hartsfield-Jackson International Airport, GA (ATL)",United States of America,-,0, Substantial, Written off (damaged beyond repair),McDonnell Douglas MD-88,2,Pratt & Whitney JT8D-219,1991,-,-, N977DL, 53258/1848,Delta Air Lines,Domestic Scheduled Passenger,DL1276,Syracuse-Hancock International Airport,SYR,KSYR,United States of America,Atlanta Hartsfield-Jackson International Airport,ATL,KATL,United States of America,-,-,0,0,-,-,Preliminary
20190408-0,Monday,08-APR-2019,-,A2, Landing (LDG),Dominica Douglas-Charles Airport (DOM),Dominica,-,0, Substantial,-,British Aerospace 4100 Jetstream 41,-,-,1994,-,-, HI1038, 41033,Sky High Aviation Services,International Scheduled Passenger,-,Santo Domingo-Las Américas José Francisco Peña Gómez Int'l Airport,SDQ,MDSD,Dominican Republic,Dominica Douglas-Charles Airport,DOM,TDPD,Dominica,-,-,0,0,-,-,Preliminary
20190410-0,Wednesday,10-APR-2019,20:40,A2, Takeoff (TOF),"New York-John F. Kennedy International Airport, NY (JFK)",United States of America,109,0, Substantial,-,Airbus A321-231 (WL),2,IAE V2533-A5,2014,-,-, N114NN, 6046,American Airlines,Domestic Scheduled Passenger,AA300,New York-John F. Kennedy International Airport,JFK,KJFK,United States of America,Los Angeles International Airport,LAX,KLAX,United States of America,8,101,0,0,-,-,Preliminary
20190413-0,Saturday,13-APR-2019,15:13,A1, En route (ENR),"near New Albany, MS",United States of America,3,3, Destroyed, Written off (damaged beyond repair),Rockwell Sabreliner 65,-,-,1980,-,-, N265DS, 465-45,Classic Aviation,Private,-,Oxford-University Airport,UOX,KUOX,United States of America,Hamilton-Marion County Airport,HAB,KHAB,United States of America,2,1,2,1,-,-,Preliminary - official
20190414-0,Sunday,14-APR-2019,09:07,A1, Takeoff (TOF),Lukla-Tenzing-Hillary Airport (LUA),Nepal,3,1, Damaged beyond repair,-,Let L-410UVP-E20,2,General Electric H80-200,2013,5464.0,4426.0, 9N-AMH, 2914,Summit Air,Ferry/positioning,802D,Lukla-Tenzing-Hillary Airport,LUA,VNLK,Nepal,Ramechhap Airport,RHP,VNRC,Nepal,3,0,1,0,-,2,Final
20190416-0,Tuesday,16-APR-2019,11:00,A1, Initial climb (ICL),"0,4 km (0.3 mls) W of Puerto Montt-Marcel Marchant Airport",Chile,6,6, Destroyed, Written off (damaged beyond repair),Pilatus Britten-Norman BN-2B-27 Islander,-,-,1983,-,-, CC-CYR, 2169,Archipiélagos Servicios Aéreos,Passenger,-,-,-,-,-,-,-,-,-,1,5,1,5,-,-,-
20190416-1,Tuesday,16-APR-2019,09:30,A1, Takeoff (TOF),Berlin-Schönefeld Airport (SXF),Germany,-,0, Damaged beyond repair,-,Bombardier BD-700-1A11 Global 5000,-,-,2010,-,-, 14+01, 9395,German AF,Military,-,Berlin-Schönefeld Airport,SXF,EDDB,Germany,Köln/Bonn-Konrad Adenauer Airport,CGN,EDDK,Germany,-,-,0,0,-,-,-
20190423-0,Tuesday,23-APR-2019,12:00,A2, Takeoff (TOF),"Dry Tortugas National Park, FL",United States of America,5,0, Substantial,-,Cessna 208 Caravan I,1,Pratt & Whitney Canada PT6A-114A,1996,-,-, N366TA, 20800249,Airsquid Aviation,Private,-,-,-,-,-,Key West International Airport,EYW,KEYW,United States of America,1,4,0,0,-,-,Preliminary
20190424-0,Wednesday,24-APR-2019,14:42,A1, Landing (LDG),Siegen-Siegerland Airport (SGE),Germany,2,0, Substantial,-,Cessna 551 Citation II/SP,2,Pratt & Whitney Canada JT15D-4,1987,7661.0,8479.0, D-IADV, 551-0552,private,Training,-,Siegen-Siegerland Airport,SGE,EDGS,Germany,Siegen-Siegerland Airport,SGE,EDGS,Germany,2,0,0,0,-,-,Preliminary - official
20190424-1,Wednesday,24-APR-2019,19:15,A2, Landing (LDG),"Gillam Airport, MB (YGX)",Canada,4,0, Substantial,-,Beechcraft B200 Super King Air,2,Pratt & Whitney Canada PT6A-42,1981,-,-, C-FRMV, BB-979,Keewatin Air,Ferry/positioning,KEW202,Winnipeg International Airport,YWG,CYWG,Canada,Churchill Airport,YYQ,CYYQ,Canada,2,2,0,0,-,-,Preliminary - official
20190430-0,Tuesday,30-APR-2019,07:47,A2, Taxi (TXI),East Midlands Airport (EMA),United Kingdom,2,0, Substantial, Repaired,Boeing 737-73S (WL),2,CFMI CFM56-7B22,1999,-,-, EI-SEV, 29078/187,Ryanair,Ferry/positioning,FR69,London-Stansted Airport,STN,EGSS,United Kingdom,East Midlands Airport,EMA,EGNX,United Kingdom,2,0,0,0,-,-,Final
20190430-1,Tuesday,30-APR-2019,07:47,A2, Standing (STD),East Midlands Airport (EMA),United Kingdom,0,0, Substantial, Repaired,Boeing 737-33A (WL),2,CFMI CFM56-3C1,1992,-,-, G-GDFB, 25743/2206,Jet2,-,-,-,-,-,-,-,-,-,-,0,0,0,0,-,-,Final
20190503-0,Friday,03-MAY-2019,21:42,A1, Landing (LDG),"Jacksonville Naval Air Station, FL (NIP)",United States of America,143,0, Substantial,-,Boeing 737-81Q (WL),2,CFMI CFM56-7B26,2001,15610.0,38928.0, N732MA, 30618/830,Miami Air International,Int'l Non Scheduled Passenger,LL293,Guantánamo NAS,NBW,MUGM,Cuba,Jacksonville NAS,NIP,KNIP,United States of America,7,136,0,0,-,-,Preliminary - official
20190503-1,Friday,03-MAY-2019,08:01,A2, Approach (APR),"6,5 km (4.1 mls) SE of Hay River Airport, NT (YHY)",Canada,2,0, Substantial,-,Douglas C-47A-25-DK (DC-3C),2,Pratt & Whitney R-1830-92,1942,-,-, C-GJKM, 13580,Buffalo Airways,Cargo,J4-169,Hay River Airport,YHY,CYHY,Canada,Yellowknife Airport,YZF,CYZF,Canada,2,0,0,0,-,-,Final
20190504-0,Saturday,04-MAY-2019,22:50,A2, Pushback / towing (PBT),Edinburgh-Turnhouse Airport (EDI),United Kingdom,4,0, Unknown,-,Learjet 45,-,-,2000,-,-, C-GMCP, 45-126,Skyservice Business Aviation,Unknown,-,Edinburgh-Turnhouse Airport,EDI,EGPH,United Kingdom,Reykjavík-Keflavík International Airport,KEF,BIKF,Iceland,4,0,0,0,-,-,Preliminary
20190505-0,Sunday,05-MAY-2019,18:30,A1, Landing (LDG),Moskva-Sheremetyevo Airport (SVO),Russia,78,41, Destroyed, Written off (damaged beyond repair),Sukhoi Superjet 100-95B,2,PowerJet SaM146,2017,1658.0,2710.0, RA-89098, 95135,Aeroflot,Domestic Scheduled Passenger,SU1492,Moskva-Sheremetyevo Airport,SVO,UUEE,Russia,Murmansk Airport,MMK,ULMM,Russia,5,73,1,40,-,-,Preliminary - official
20190505-1,Sunday,05-MAY-2019,18:40,A1, En route (ENR),257 km (160.6 mls) NW of Monclova,Mexico,13,13, Destroyed, Written off (damaged beyond repair),Canadair CL-600-2B16 Challenger 601-3A,-,-,1989,-,-, N601VH, 5043,TVPX Aircraft Solutions,Int'l Non Scheduled Passenger,-,Las Vegas-McCarran International Airport,LAS,KLAS,United States of America,Monterrey-General Mariano Escobedo International Airport,MTY,MMMY,Mexico,3,10,3,10,-,-,Preliminary
20190507-0,Tuesday,07-MAY-2019,-,A2, Takeoff (TOF),"57 km (35.6 mls) NNE of Kuujjuarapik Airport, QC (YGW)",Canada,2,0, Substantial,-,de Havilland Canada DHC-6 Twin Otter 300,-,-,1974,-,-, C-GNDO, 430,Air Inuit,Unknown,3H641,-,-,-,-,Kuujjuarapik Airport,YGW,CYGW,Canada,2,0,0,0,-,-,-
20190508-0,Wednesday,08-MAY-2019,18:51,A1, Landing (LDG),Yangon-Mingaladon Airport (RGN),Myanmar,34,0, Damaged beyond repair,-,de Havilland Canada DHC-8-402Q Dash 8,2,Pratt & Whitney Canada PW150A,2011,-,8115.0, S2-AGQ, 4367,Biman Bangladesh,International Scheduled Passenger,BG060,Dhaka-Shahjalal International Airport,DAC,VGHS,Bangladesh,Yangon-Mingaladon Airport,RGN,VYYY,Myanmar,6,28,0,0,-,-,Final
20190508-1,Wednesday,08-MAY-2019,-,A1, En route (ENR),13 km (8.1 mls) from  Uriman Airport (URM),Venezuela,2,0, Damaged beyond repair,-,Antonov An-2R,-,-,1985,-,-, YV2354, 1G211-43,Unknown,Unknown,-,-,-,-,-,Uriman Airport,URM,SVUM,Venezuela,2,0,0,0,-,-,-
20190510-0,Friday,10-MAY-2019,01:30,A2, Taxi (TXI),"Toronto-Pearson International Airport, ON (YYZ)",Canada,57,0, Substantial,-,de Havilland Canada DHC-8-311 Dash 8,2,Pratt & Whitney Canada PW123,1991,-,-, C-FJXZ, 264,Air Canada Express,Domestic Scheduled Passenger,AC8615,Toronto-Pearson International Airport,YYZ,CYYZ,Canada,Sudbury Airport,YSB,CYSB,Canada,3,54,0,0,-,-,Preliminary
20190511-0,Saturday,11-MAY-2019,11:00,A2, Landing (LDG),"Saint-Esprit Aerodrome, QC",Canada,2,0, Substantial,-,Cessna 208B Grand Caravan,1,Pratt & Whitney Canada PT6A-114A,1997,-,-, C-FCPM, 208B0638,Parachutisme Nouvel Air,Parachuting,-,-,-,-,-,-,-,-,-,1,1,0,0,-,-,Preliminary - official
20190513-0,Monday,13-MAY-2019,12:21,A1, En route (ENR),"15 km (9.4 mls) NE of Ketchikan, AK",United States of America,11,1, Substantial, Written off (damaged beyond repair),de Havilland Canada DHC-3T Vazar Turbine Otter,1,Pratt & Whitney Canada PT6A-135A,1956,-,-, N959PA, 159,Taquan Air,Domestic Non Scheduled Passenger,-,-,-,-,-,-,-,-,-,1,10,0,1,5,-,Preliminary - official
20190518-0,Saturday,18-MAY-2019,-,C1, Standing (STD),"Chico de Chamorro, Retalhuleu",Guatemala,-,0, Damaged beyond repair,-,Gulfstream Aerospace G-1159 Gulfstream II SP,-,-,1977,-,-, unreg., 213,private,Illegal Flight,-,-,-,-,-,-,-,-,-,-,-,0,0,-,-,-
20190522-0,Wednesday,22-MAY-2019,-,A1, Takeoff (TOF),Zhuravskoye,Russia,1,0, Damaged beyond repair,-,Antonov AN-2R,-,-,1982,-,-, RA-68161, 1G196-56,private,Agricultural,-,-,-,-,-,-,-,-,-,1,0,0,0,-,-,Preliminary
20190522-1,Wednesday,22-MAY-2019,12:46,A1, Initial climb (ICL),"near Indianapolis Regional Airport, IN (KMQJ)",United States of America,2,2, Destroyed, Written off (damaged beyond repair),Cessna S550 Citation S/II,2,Williams International FJ44-3A,1985,-,-, N311G, S550-0041,Unknown,Private,-,-,-,-,-,Minden-Tahoe Airport,MEV,KMEV,United States of America,1,1,1,1,-,-,Preliminary
20190524-0,Friday,24-MAY-2019,17:55,A1, En route (ENR),"500 km (312.5 mls) E off  Fort Lauderdale, Florida, USA",Atlantic Ocean,1,1, Damaged beyond repair,-,Cessna 560 Citation Encore,2,Pratt & Whitney Canada JT15D-5D,2001,-,-, N832R, 560-0585,private,Ferry/positioning,-,St. Louis Regional Airport,ALN,KALN,United States of America,Fort Lauderdale-Executive Airport,FXE,KFXE,United States of America,1,0,1,0,-,-,Preliminary - official
20190603-0,Monday,03-JUN-2019,13:00,A1, En route (ENR),16 km (10 mls) N of Lipo,India,13,13, Destroyed, Written off (damaged beyond repair),Antonov An-32,-,-,1987,-,-, K2752, 1009,Indian AF,Military,-,Jorhat-Rowriah Airport,JRH,VEJT,India,-,-,-,-,8,5,8,5,-,-,Preliminary
20190607-0,Friday,07-JUN-2019,-,A2, Unknown (UNK),"Svyatoshyns'kyi District, Kiev",Ukraine,3,0, Substantial,-,Antonov An-2T,-,-,1989,-,-, UR-KAU, 1G236-24,TSO Ukrayiny,Unknown,-,-,-,-,-,-,-,-,-,3,0,0,0,-,-,Preliminary
20190609-0,Sunday,09-JUN-2019,-,A2, Unknown (UNK),"50 km (31.3 mls) from  Kyren, Tunkinsky District",Russia,2,0, Substantial,-,Antonov An-2R,-,-,1984,-,-, RA-81519, 1G208-19,Feniks,Unknown,-,-,-,-,-,-,-,-,-,2,0,0,0,-,-,Preliminary
20190609-1,Sunday,09-JUN-2019,15:55,A2, Landing (LDG),"Denver International Airport, CO (DEN)",United States of America,184,0, Substantial, Repaired,Boeing 737-924ER (WL),2,CFMI CFM56-7B26,2009,-,-, N75436, 33531/2947,United Airlines,Domestic Scheduled Passenger,UA401,Reno-Cannon International Airport,RNO,KRNO,United States of America,Denver International Airport,DEN,KDEN,United States of America,-,-,0,0,-,-,-
20190611-0,Tuesday,11-JUN-2019,-,A2, Takeoff (TOF),Kiunga Airport (KIU),Kenya,-,0, Substantial,-,CASA C-212 Aviocar 200,-,-,1980,-,-, N603AR, 162,EP Aviation,Unknown,-,-,-,-,-,-,-,-,-,-,-,0,0,-,-,-
20190613-0,Thursday,13-JUN-2019,-,A1, Unknown (UNK),"Río Chixoy, La Máquina",Guatemala,-,0, Damaged beyond repair,-,Beechcraft B200 Super King Air,-,-,-,-,-, registration unknown,-,Unknown,Illegal Flight,-,-,-,-,-,-,-,-,-,-,-,0,0,-,-,-
20190615-0,Saturday,15-JUN-2019,12:55,A1, Landing (LDG),"Newark-Liberty International Airport, NJ (EWR)",United States of America,166,0, Substantial, Written off (damaged beyond repair),Boeing 757-224 (WL),2,Rolls-Royce RB211-535E4B,1997,-,-, N26123, 28966/781,United Airlines,Domestic Scheduled Passenger,UA627,Denver International Airport,DEN,KDEN,United States of America,Newark-Liberty International Airport,EWR,KEWR,United States of America,-,-,0,0,-,-,Preliminary
20190617-0,Monday,17-JUN-2019,12:30,A2, Landing (LDG),"Joaquín V. González-Agropecuaria Río Juramento Airstrip, SA",Argentina,5,0, Substantial,-,Cessna 680 Citation Sovereign,-,-,2005,-,-, LV-CIQ, 680-0052,Banco Macro,Executive,-,Salta-Martín Miguel de Güemes International Airport,SLA,SASA,Argentina,-,-,-,-,2,3,0,0,-,-,Preliminary
20190617-1,Monday,17-JUN-2019,10:30,A2, Standing (STD),"Pittsburgh-Greater Pittsburgh International Airport, PA (PIT)",United States of America,180,0, Substantial, Repaired,Boeing 737-8H4 (WL),2,CFMI CFM56-7B27E,2013,-,-, N8608N, 36638/4323,Southwest Airlines,Domestic Scheduled Passenger,-,Pittsburgh-Greater Pittsburgh International Airport,PIT,KPIT,United States of America,Denver International Airport,DEN,KDEN,United States of America,6,174,0,0,-,-,Preliminary
20190619-0,Wednesday,19-JUN-2019,-,C1, Standing (STD),Tripoli International Airport (TIP),Libya,0,0, Damaged beyond repair,-,Antonov An-124-100,-,-,1994,-,-, 5A-DKN, 19530502792,Libyan Air Cargo,-,-,-,-,-,-,-,-,-,-,0,0,0,0,-,-,- (No safety board investigation)
20190620-0,Thursday,20-JUN-2019,10:00,A1, Takeoff (TOF),"10 km (6.3 mls) from  Rodina village, Tselinograd district",Kazakhstan,3,1, Damaged beyond repair,-,Antonov An-2,-,-,-,-,-, registration unknown,-,Unknown,Agricultural,-,-,-,-,-,-,-,-,-,3,0,1,0,-,-,-
20190621-0,Friday,21-JUN-2019,12:40,A2, Unknown (UNK),"off Fort Hope Airport, ON (YFH)",Canada,2,0, Substantial,-,Basler BT-67 Turbo 67 (DC-3T),2,Pratt & Whitney Canada PT6A-67R,1943,-,-, C-FKGL, 19066,North Star Air,Ferry/positioning,-,Fort Hope Airport,YFH,CYFH,Canada,Pickle Lake Airport,YPL,CYPL,Canada,2,0,0,0,-,-,Preliminary
20190623-0,Sunday,23-JUN-2019,10:00,A1, Unknown (UNK),"near Mlyny, Poltava region",Ukraine,2,0, Destroyed, Written off (damaged beyond repair),Antonov An-2,-,-,-,-,-, registration unknown,-,Unknown,Agricultural,-,-,-,-,-,-,-,-,-,2,0,0,0,-,-,-
20190624-0,Monday,24-JUN-2019,-,O1, Standing (STD),"Parque Nacional Laguna del Tigre, Petén",Guatemala,0,0, Damaged beyond repair,-,Hawker Siddeley HS-125-400,-,-,-,-,-, registration unknown,-,Unknown,Illegal Flight,-,-,-,-,-,-,-,-,-,0,0,0,0,-,-,-
20190626-0,Wednesday,26-JUN-2019,08:22,A1, Landing (LDG),"Sacramento-McClellan Airfield, CA (MCC)",United States of America,2,0, Minor, Written off (damaged beyond repair),Rockwell Sabreliner 65,-,-,1979,-,-, N65HH, 	465-1,Yankee Dawdle LLC,-,-,Mesa-Falcon Field,MSC,KFFZ,United States of America,Sacramento-McClellan Airfield,MCC,KMCC,United States of America,2,0,0,0,-,-,-
20190627-0,Thursday,27-JUN-2019,10:24,A1, Landing (LDG),Nizhneangarsk Airport,Russia,46,2, Damaged beyond repair,-,Antonov An-24RV,-,-,1977,-,-, RA-47366, 77310804,Angara Airlines,Domestic Scheduled Passenger,2G200,Ulan-Ude Airport,UUD,UIUU,Russia,-,-,-,-,4,42,2,0,-,-,-
20190627-1,Thursday,27-JUN-2019,11:30,A1, Landing (LDG),Canaima Airport (CAJ),Venezuela,-,0, Damaged beyond repair,-,British Aerospace 3212 Jetstream 31,-,-,1992,-,-, YV2536, 966,Transmandu,Unknown,-,-,-,-,-,Canaima Airport,CAJ,SVCN,Venezuela,-,-,0,0,-,-,-
20190628-0,Friday,28-JUN-2019,06:30,O2, Standing (STD),Nassau-Lynden Pindling International Airport (NAS),Bahamas,-,0, Substantial,-,Saab 340A,-,-,1987,-,-, C6-VIP, 340A-098,Western Air,-,-,-,-,-,-,-,-,-,-,-,0,0,0,-,-,-
20190629-0,Saturday,29-JUN-2019,09:10,A2, Landing (LDG),"Plant City-Blackwater Creek Ultralight Flightpark, FL",United States of America,1,0, Substantial,-,Cessna 208B Grand Caravan,1,Honeywell TPE331-12JR,1993,-,-, N80JF, 208B0352,ISR Aviation,Parachuting,-,-,-,-,-,-,-,-,-,1,0,0,0,-,-,Preliminary
20190630-0,Sunday,30-JUN-2019,09:11,A1, Takeoff (TOF),"Dallas-Addison Airport, TX (ADS)",United States of America,10,10, Destroyed, Written off (damaged beyond repair),Beechcraft B300 King Air 350i,2,Pratt & Whitney Canada PT6A-60A,2017,-,-, N534FF, FL-1091,EE Operations LLC,Private,-,Dallas-Addison Airport,ADS,KADS,United States of America,St. Petersburg-Albert Whitted Airport,SPG,KSPG,United States of America,2,8,2,8,-,-,Preliminary - official
20190630-1,Sunday,30-JUN-2019,-,A2, Landing (LDG),near Gvardeysky,Russia,-,0, Substantial,-,Antonov An-2T,-,-,-,-,-, RF-00105, 1G63-35,DOSAAF,Unknown,-,-,-,-,-,-,-,-,-,-,-,0,0,-,-,- (No safety board investigation)
20190630-2,Sunday,30-JUN-2019,09:11,O1, Standing (STD),"Dallas-Addison Airport, TX (ADS)",United States of America,0,0, Damaged beyond repair,-,Dassault Falcon 900B,3,Garrett TFE731-5BR-1C,1995,3712.0,6661.0, N908CA, 151,Warren Transportation LLC,-,-,-,-,-,-,-,-,-,-,0,0,0,0,-,-,- (No safety board investigation)
20190701-0,Monday,01-JUL-2019,23:51,A2, Landing (LDG),Mumbai-Chhatrapati Shivaji International Airport (BOM),India,-,0, Substantial,-,Boeing 737-85R,2,CFMI CFM56-7B24,2002,-,-, VT-SYK, 30410/1228,SpiceJet,Domestic Scheduled Passenger,SG6237,Jaipur International Airport,JAI,VIJP,India,Mumbai-Chhatrapati Shivaji International Airport,BOM,VABB,India,-,-,0,0,-,-,Preliminary
20190708-0,Monday,08-JUL-2019,-,C2, Standing (STD),Tripoli-Mitiga International Airport (MJI),Libya,0,0, Minor,-,Airbus A320-214,-,-,2007,-,-, 5A-ONA, 3224, Afriqiyah Airways,-,-,-,-,-,-,-,-,-,-,0,0,0,0,-,-,-
