identifiant,week_day,date,time,type_event,phase,location,country,total_occupants,total_fatalities,aircraft_damage,aircraft_fate,type_aircraft,number_engines,type_engines,first_flight,cycles,total_airframe_hours,registration,c_n_msn,operator,nature,flight_number,departure_airport_name,departure_airport_IATA,departure_airport_ICAO,departure_airport_country,destination_airport_name,destination_airport_IATA,destination_airport_ICAO,destination_airport_country,crew_number,passengers_number,crew_fatalities,passengers_fatalities,collision_casualties,ground_casualties,status
19790102-0,Tuesday,02-JAN-1979,15:21,A1, Takeoff (TOF),Molodezhnaya,Antarctica,14,3, Damaged beyond repair,-,Ilyushin Il-14FKM,-,-,1957,12705.0,19494.0, CCCP-04193, 7343506,Aeroflot / Central Region,Domestic Non Scheduled Passenger,-,-,-,-,-,-,-,-,-,5,9,3,0,-,-,-
19790102-1,Tuesday,02-JAN-1979,-,O1, Standing (STD),at an unknown location,Hungary,0,0, Damaged beyond repair,-,Antonov An-2R,-,-,-,-,-, HA-MDJ, 1G181-41,Ministry for Agriculture and Nutrition,-,-,-,-,-,-,-,-,-,-,0,0,0,0,-,-,-
19790105-0,Friday,05-JAN-1979,-,A1, Takeoff (TOF),Managua-Las Mercedes Airport (MGA),Nicaragua,-,-, Damaged beyond repair,-,CASA C-212 Aviocar 100,-,-,1977,-,-, 423, 95,Nicaraguan AF,Military,-,Managua-Las Mercedes Airport,MGA,MNMG,Nicaragua,-,-,-,-,-,-,-,-,-,-,-
19790105-1,Friday,05-JAN-1979,20:21,A1, Landing (LDG),"Inigok Airport, AK",United States of America,15,0, Damaged beyond repair,-,Lockheed L-188PF Electra,-,-,1960,-,-, N403GN, 1127,Great Northern Airlines,Cargo,-,Umiat Airport,UMT,PAUM,United States of America,-,-,-,-,6,9,0,0,-,-,Final
19790110-0,Wednesday,10-JAN-1979,-,A1, Landing (LDG),"Southbay, FL",United States of America,1,0, Damaged beyond repair,-,Douglas DC-3A,2,Pratt & Whitney R-1830,1942,-,-, N9025R, 4998,Waggoner Aircraft,Unknown,-,-,-,-,-,-,-,-,-,1,0,0,0,-,-,Final
19790112-0,Friday,12-JAN-1979,-,A1, Unknown (UNK),48 km (30 mls) NE of San Borja,Bolivia,-,0, Damaged beyond repair,-,Douglas C-54D-10-DC (DC-4),-,-,1945,-,-, CP-1352, 10761,Trak Airways,Unknown,-,-,-,-,-,-,-,-,-,-,-,0,0,-,-,-
19790112-1,Friday,12-JAN-1979,-,H2, Unknown (UNK),"Tripoli, Tripoli",Libya,-,0, Unknown,-,Boeing 727-2H3,3,Pratt & Whitney JT8D-9A,-,-,-, registration unknown,-,Tunis Air,Unknown,-,Tunis-Carthage Airport,TUN,DTTA,Tunisia,Djerba-Melita Airport,DJE,DTTJ,Tunisia,-,-,0,0,-,-,-
19790112-2,Friday,12-JAN-1979,-,O1, Standing (STD),Juist Airport (JUI),Germany,0,0, Damaged beyond repair,-,Britten-Norman BN-2A-8 Islander,-,-,1975,-,-, D-IEDA, 437,FLN,-,-,-,-,-,-,-,-,-,-,0,0,0,0,-,-,-
19790114-0,Sunday,14-JAN-1979,16:40,A1, Takeoff (TOF),"Catalina Island-Avalon Bay Airport, CA (CIB)",United States of America,11,0, Damaged beyond repair,-,Grumman G-73 Mallard,-,-,1947,-,-, N95DF, J-19,Trans Catalina Airlines,Domestic Scheduled Passenger,-,Catalina Island-Avalon Bay Airport,CIB,KAVX,United States of America,Long Beach Municipal Airport,LGB,KLGB,United States of America,2,9,0,0,-,-,Final
19790115-1,Monday,15-JAN-1979,-,A1, Approach (APR),"5,3 km (3.3 mls) NW of Minsk-1 International Airport (MHP)",Belarus,14,13, Destroyed, Written off (damaged beyond repair),Antonov An-24B,-,-,1965,17627.0,23844.0, CCCP-46807, 67302109,Aeroflot / Ukraine,Domestic Scheduled Passenger,-,Kiev-Zhulhyany Airport,IEV,UKKK,Ukraine,Minsk-1 International Airport,MHP,UMMM,Belarus,5,9,5,8,-,-,-
19790116-0,Tuesday,16-JAN-1979,-,H2, Unknown (UNK),Beirut International Airport (BEY),Lebanon,-,0, Unknown,-,Boeing 707,-,-,-,-,-, registration unknown,-,MEA,Unknown,-,Beirut International Airport,BEY,OLBA,Lebanon,Amman-Marka International Airport,ADJ,OJAM,Jordan,-,-,0,0,-,-,-
19790117-0,Wednesday,17-JAN-1979,-,A1, Takeoff (TOF),Cherbourg-Maupertus Airport (CER),France,-,0, Damaged beyond repair,-,Nord 262A-29,2,Turbomeca Bastan VI-C1,1971,-,-, 85, 85,French Navy,Military,-,Cherbourg-Maupertus Airport,CER,LFRC,France,-,-,-,-,-,-,0,0,-,-,-
19790117-2,Wednesday,17-JAN-1979,19:55,A1, Landing (LDG),"Itacajá, TO",Brazil,-,0, Damaged beyond repair,-,Grumman M-16 Albatross (HU-16),-,-,-,-,-, 6539, G-45,Brazilian AF,Military,-,Carolina Airport,CLN,SBCI,Brazil,Florianópolis Air Force Base,FLN,SBFL,Brazil,-,-,0,0,-,-,-
19790118-0,Thursday,18-JAN-1979,11:20,A1, Maneuvering (MNV),near Belgorod Airport (EGO),Russia,3,3, Destroyed, Written off (damaged beyond repair),Let L-410M,2,Walter M-601A,1976,485.0,252.0, CCCP-67210, 760513,Aeroflot / Central Region,Training,-,Belgorod Airport,EGO,UUOB,Russia,Belgorod Airport,EGO,UUOB,Russia,3,0,3,0,-,-,-
19790119-0,Friday,19-JAN-1979,19:34,A1, Approach (APR),"Detroit-Metropolitan Wayne County Airport, MI (DTW)",United States of America,6,6, Destroyed, Written off (damaged beyond repair),Learjet 25D,2,General Electric CJ610-8A,1978,-,299.0, N137GL, 25-237,Massey-Ferguson,Executive,-,South Bend Regional,SBN,KSBN,United States of America,Detroit-Metropolitan Wayne County Airport,DTW,KDTW,United States of America,2,4,2,4,-,-,Final
19790123-0,Tuesday,23-JAN-1979,-,O1, Standing (STD),Milano-Malpensa Airport (MXP),Italy,-,0, Damaged beyond repair,-,Lockheed C-130H Hercules,-,-,1973,-,-, MM62000, 4497,Italian AF,Military,-,-,-,-,-,-,-,-,-,-,-,0,0,-,-,-
19790124-0,Wednesday,24-JAN-1979,-,A1, Landing (LDG),Pisa-Arturo dell'Oro Air Base (PSA),Italy,-,0, Damaged beyond repair,-,Fairchild C-119G Flying Boxcar,2,Wright R-3350,1952,-,-, MM52-6030, 11031,Italian AF,Military,-,-,-,-,-,Pisa-Arturo dell'Oro Air Base,PSA,LIRP,Italy,-,-,0,0,-,-,-
19790124-1,Wednesday,24-JAN-1979,19:40,A1, Approach (APR),15 km (9.4 mls) from  Béchar-Leger Airport (CBH),Algeria,23,14, Damaged beyond repair,-,Nord 262A-44,2,Turbomeca Bastan VI-C1,1966,-,-, 7T-VSU, 19,Air Algérie,Domestic Scheduled Passenger,-,-,-,-,-,Béchar-Leger Airport,CBH,DAOC,Algeria,3,20,0,14,-,-,-
19790126-0,Friday,26-JAN-1979,12:00,A1, Landing (LDG),"Taos Airport, NM (TSM)",United States of America,10,0, Damaged beyond repair,-,Hawker Siddeley HS-125-1A-522,-,-,1966,-,-, N3MF, 25093,Big 6 General Partnership,Private,-,Bartlesville Airport,BVO,KBVO,United States of America,Taos Airport,TSM,KSKX,United States of America,2,8,0,0,-,-,Final
19790127-0,Saturday,27-JAN-1979,-,H2, Unknown (UNK),"New York-John F. Kennedy International Airport, NY (JFK)",United States of America,131,0, Unknown,-,Boeing 747,-,-,-,-,-, registration unknown,-,United Airlines,Domestic Scheduled Passenger,UA8,Los Angeles International Airport,LAX,KLAX,United States of America,New York-John F. Kennedy International Airport,JFK,KJFK,United States of America,-,-,0,0,-,-,-
19790128-0,Sunday,28-JAN-1979,17:26,A1, Approach (APR),"17,4 km (10.9 mls) SE of Rodez Airport (RDZ)",France,6,5, Destroyed, Written off (damaged beyond repair),Fokker F-27 Friendship 500,2,Rolls-Royce Dart 532-7R,1978,1366.0,1704.0, F-BYAH, 10570,Air Rouergue,Test,-,Rodez Airport,RDZ,LFCR,France,Rodez Airport,RDZ,LFCR,France,2,4,2,3,-,-,Final
19790128-1,Sunday,28-JAN-1979,-,A1, Unknown (UNK),near Haikota,Eritrea,-,3, Damaged beyond repair,-,Douglas C-47B-10-DK (DC-3),2,Pratt & Whitney R-1830-90C,1944,-,18767.0, ET-AGP, 26475/15030,Ethiopian Airlines,Unknown,-,-,-,-,-,-,-,-,-,-,-,-,-,-,-,-
19790130-0,Tuesday,30-JAN-1979,21:00,A1, En route (ENR),"c 200km ENE off Tokyo, Japan",Pacific Ocean,6,6, Missing, Presumed damaged beyond repair,Boeing 707-323C,4,Pratt & Whitney JT3D-3B,1966,-,-, PP-VLU, 19235/519,Varig,Cargo, 967,Tokyo-Narita Airport,NRT,RJAA,Japan,Los Angeles International Airport,LAX,KLAX,United States of America,6,0,6,0,-,-,-
19790131-0,Wednesday,31-JAN-1979,12:15,A1, Unknown (UNK),ca 65 km N of Isfahan,Iran,7,5, Damaged beyond repair,-,Beechcraft C-12A Huron (A200 Super King Air),-,-,1973,-,-, 73-1211, BD-7,USAF,Military,-,-,-,-,-,-,-,-,-,-,-,-,-,-,-,-
19790201-0,Thursday,01-FEB-1979,-,O1, Standing (STD),Lahore Airport (LHE),Pakistan,0,0, Damaged beyond repair,-,Lockheed C-130E Hercules,-,-,1965,-,-, 10687, 4117,Pakistan AF,Military,-,-,-,-,-,-,-,-,-,0,0,0,0,-,-,-
19790201-1,Thursday,01-FEB-1979,-,O1, Standing (STD),Lahore Airport (LHE),Pakistan,-,0, Damaged beyond repair,-,Lockheed C-130B Hercules,4,Allison T56-A-7,1962,-,-, 23488, 3698,Pakistan AF,Military,-,-,-,-,-,-,-,-,-,-,0,0,0,-,-,-
19790205-0,Monday,05-FEB-1979,-,A1, Unknown (UNK),Trebinje,Bosnia and Herzegovina,3,3, Damaged beyond repair,-,Antonov An-2PF,-,-,-,-,-, SP-TBB, 1G159-02,Aeropol,Ferry/positioning,-,-,-,-,-,-,-,-,-,-,-,-,-,-,-,-
19790208-0,Thursday,08-FEB-1979,-,A1, Initial climb (ICL),"Bauru, SP",Brazil,18,18, Damaged beyond repair,-,Embraer EMB-110C Bandeirante,-,-,1973,-,-, PT-SBB, 110010,TAM,Domestic Scheduled Passenger,-,Bauru Airport,BAU,SBBU,Brazil,-,-,-,-,2,16,2,16,-,-,-
19790209-1,Friday,09-FEB-1979,17:12,A1, Takeoff (TOF),"Miami-Dade Collier Airport, FL (TNT)",United States of America,5,0, Damaged beyond repair,-,Douglas DC-9-14,2,Pratt & Whitney JT8D-7,1966,-,-, N8910E, 45771/58,Eastern Air Lines,Training,-,Miami-Dade Collier Airport,TNT,KTNT,United States of America,Miami-Dade Collier Airport,TNT,KTNT,United States of America,4,1,0,0,-,-,Final
19790212-0,Monday,12-FEB-1979,13:00,A1, Initial climb (ICL),"Clarksburg-Benedum Airport, WV (CKB)",United States of America,25,2, Damaged beyond repair,-,Mohawk 298 (Nord 262),2,Pratt & Whitney Canada PT6A-45,1968,-,9140.0, N29824,  48,Allegheny Airlines,Domestic Scheduled Passenger, 561,Clarksburg-Benedum Airport,CKB,KCKB,United States of America,Washington-National Airport,DCA,KDCA,United States of America,3,22,1,1,-,-,Final
19790212-1,Monday,12-FEB-1979,17:06,C1, En route (ENR),near Kariba,Zimbabwe,59,59, Damaged beyond repair,-,Vickers 748D Viscount,-,-,1956,-,-, VP-YND, 101,Air Rhodesia,Domestic Scheduled Passenger, 827,Kariba Airport,KAB,FVKB,Zimbabwe,Salisbury Airport,HRE,FVHA,Zimbabwe,5,54,5,54,-,-,Preliminary
19790213-0,Tuesday,13-FEB-1979,-,A1, Landing (LDG),"Yarra Creek, King Island, TAS",Australia,1,0, Damaged beyond repair,-,de Havilland Canada DHC-6 Twin Otter 200,2,Pratt & Whitney Canada PT6A-20,1969,-,-, VH-PAQ, 227,Pan-Air,Cargo,-,King Island Airport,KNS,YKII,Australia,Burnie Wynyard Airport,BWT,YWYY,Australia,1,0,0,0,-,-,-
19790215-0,Thursday,15-FEB-1979,09:11,A2, Landing (LDG),"Chicago-O'Hare International Airport, IL (ORD)",United States of America,6,0, Substantial, Repaired,Boeing 747-132SF,4,Pratt & Whitney JT9D-7AH,1971,-,-, N804FT, 20246/155,Flying Tiger Line,Cargo,FT74,Seattle/Tacoma International Airport,SEA,KSEA,United States of America,Chicago-O'Hare International Airport,ORD,KORD,United States of America,3,3,0,0,-,-,Final
19790217-0,Saturday,17-FEB-1979,-,A2, En route (ENR),Taoyuan,China,5,0, Substantial, Repaired,Boeing 707-321C,-,-,1967,-,-, OD-AGO, 19269/570,TMA,Cargo,-,Bangkok-Don Muang International Airport,BKK,VTBD,Thailand,Taipei-Chiang Kai Shek International Airport,TPE,RCTP,Taiwan,5,0,0,0,1,-,-
19790217-1,Saturday,17-FEB-1979,14:35,A1, Approach (APR),1 km (0.6 mls) W off  Auckland International Airport (AKL),New Zealand,4,2, Destroyed, Written off (damaged beyond repair),Fokker F-27 Friendship 500,2,Rolls-Royce Dart 532-7R,1971,25704.0,18718.0, ZK-NFC, 10456,Air New Zealand,Domestic Non Scheduled Passenger,4374,Gisborne Airport,GIS,NZGS,New Zealand,Auckland International Airport,AKL,NZAA,New Zealand,2,2,1,1,-,-,Final
19790219-0,Monday,19-FEB-1979,-,A1, Landing (LDG),Saint Lucia-Hewanorra Airport (UVF),Saint Lucia,171,0, Damaged beyond repair,-,Boeing 707-123B,4,Pratt & Whitney JT3D-1-MC6,1959,-,-, C-GQBH, 17650/67,Quebecair,Int'l Non Scheduled Passenger, 714,Toronto International Airport,YYZ,CYYZ,Canada,Saint Lucia-Hewanorra Airport,UVF,TLPL,Saint Lucia,9,162,0,0,-,-,-
19790219-2,Monday,19-FEB-1979,-,C1, En route (ENR),SW of Asmara,Eritrea,5,5, Damaged beyond repair,-,Douglas C-47B-35-DK (DC-3),2,Pratt & Whitney R-1830-90C,1945,-,10566.0, ET-AFW, 33429/16681,Ethiopian Airlines,Unknown,-,-,-,-,-,-,-,-,-,-,-,-,-,-,-,-
19790226-0,Monday,26-FEB-1979,-,A1, Unknown (UNK),11 km (6.9 mls) from  Moanda,Gabon,3,3, Damaged beyond repair,-,Douglas DC-6B,4,Pratt & Whitney R-2800,1957,-,-, TR-LXN, 45108/770,Air Gabon,Unknown,-,-,-,-,-,-,-,-,-,3,0,3,0,-,-,-
19790227-0,Tuesday,27-FEB-1979,-,H2, En route (ENR),Stockholm-Arlanda Airport (ARN),Sweden,34,0, None,-,Tupolev Tu-154,-,-,-,-,-, registration unknown,-,Aeroflot,International Scheduled Passenger,SU212,Oslo-Fornebu Airport,FBU,ENFB,Norway,Stockholm-Arlanda Airport,ARN,ESSA,Sweden,10,24,0,0,-,-,-
19790227-1,Tuesday,27-FEB-1979,08:07,A2, Initial climb (ICL),"2,4 km (1.5 mls) E of Cheyenne Airport, WY (CYS)",United States of America,16,0, Substantial, Repaired,de Havilland Canada DHC-6 Twin Otter 300,2,Pratt & Whitney Canada PT6A-27,1973,-,16024.0, N24RM, 372,Rocky Mountain Airways,Domestic Scheduled Passenger, 801,Cheyenne Airport,CYS,KCYS,United States of America,Denver-Stapleton International Airport,DEN,KDEN,United States of America,2,14,0,0,-,-,Final
19790305-0,Monday,05-MAR-1979,-,A1, Unknown (UNK),at an unknown location,Poland,-,-, Damaged beyond repair,-,Antonov An-2,-,-,-,-,-, 854, 1G108-54,Polish AF,Military,-,-,-,-,-,-,-,-,-,-,-,-,-,-,-,-
19790306-0,Tuesday,06-MAR-1979,18:55,A1, En route (ENR),near Probolinggo,Indonesia,4,4, Damaged beyond repair,-,Fokker F-28 Fellowship 1000,-,-,1975,6707.0,7676.0, PK-GVP, 11094,Garuda,Domestic Scheduled Passenger,GA553,Denpasar-Ngurah Rai Bali International Airport,DPS,WADD,Indonesia,Surabaya-Juanda Airport,SUB,WARR,Indonesia,4,0,4,0,-,-,-
19790310-1,Saturday,10-MAR-1979,17:52,A1, Initial climb (ICL),"3,5 km (2.2 mls) NW off  Los Angeles International Airport, CA (LAX)",United States of America,7,3, Damaged beyond repair,-,Nord 262A-33,2,Turbomeca Bastan VI-C1,1967,-,11300.0, N418SA, 41,Swift Aire,Domestic Scheduled Passenger, 235,Los Angeles International Airport,LAX,KLAX,United States of America,-,-,-,-,3,4,2,1,-,-,Final
19790312-0,Monday,12-MAR-1979,-,A1, Taxi (TXI),Frankfurt International Airport (FRA),Germany,41,0, Damaged beyond repair,-,Sud Aviation SE-210 Caravelle III,-,-,1960,-,-, F-BHRL,  31,Air France,International Scheduled Passenger,-,Frankfurt International Airport,FRA,EDDF,Germany,Lyon Satolas Airport,LYS,LFLL,France,6,35,0,0,-,-,-
19790312-1,Monday,12-MAR-1979,-,A1, Unknown (UNK),at an unknown location,Russia,-,-, Damaged beyond repair,-,Antonov An-2TP,-,-,1967,-,-, CCCP-40594, 1G84-47,Aeroflot / Yakutsk,Unknown,-,-,-,-,-,-,-,-,-,-,-,-,-,-,-,-
19790313-0,Tuesday,13-MAR-1979,-,U1, Unknown (UNK),Kunsong,South Korea,-,-, Damaged beyond repair,-,North American T-39A Sabreliner,2,Pratt & Whitney JT12A-6A Turbo Wasp,-,-,-, 61-0672, 265-75,USAF,Military,-,-,-,-,-,-,-,-,-,-,-,-,-,-,-,-
19790313-2,Tuesday,13-MAR-1979,-,A1, En route (ENR),"ca 5 km NNE of Florianópolis Air Force Base, SC (FLN)",Brazil,6,5, Damaged beyond repair,-,Grumman M-16 Albatross (HU-16),-,-,-,-,-, 6540, G-48,Brazilian AF,Military,-,Florianópolis Air Force Base,FLN,SBFL,Brazil,-,-,-,-,-,-,-,-,-,-,-
19790314-0,Wednesday,14-MAR-1979,23:40,A1, Approach (APR),Doha Airport (DOH),Qatar,64,45, Damaged beyond repair,-,Boeing 727-2D3,3,Pratt & Whitney JT8D-17,1974,-,-, JY-ADU, 20886/1061,Alia,International Scheduled Passenger, 600,Amman-Queen Alia International Airport,AMM,OJAI,Jordan,Doha International Airport,DOH,OTBD,Qatar,15,49,4,41,-,-,Final
19790314-1,Wednesday,14-MAR-1979,08:52,A1, Initial climb (ICL),Beijing,China,12,12, Damaged beyond repair,-,Hawker Siddeley HS-121 Trident 2E,3,Rolls-Royce Spey 512,1976,-,-, B-274, 2172,CAAC,Training,-,-,-,-,-,-,-,-,-,12,0,12,0,-,32,-
19790314-2,Wednesday,14-MAR-1979,-,A1, Landing (LDG),Nouakchott Airport (NKC),Mauritania,-,0, Damaged beyond repair,-,Fairchild F-27A,-,-,1958,-,-, 5T-CJY,  28,Air Mauritanie,Unknown,-,-,-,-,-,Nouakchott Airport,NKC,GQNN,Mauritania,-,-,0,0,-,-,-
19790316-0,Friday,16-MAR-1979,-,H2, Unknown (UNK),"Tucson International Airport, AZ (TUS)",United States of America,95,0, Unknown,-,Boeing 727,-,-,-,-,-, registration unknown,-,Continental Air Lines,Domestic Scheduled Passenger,  62,Phoenix-Sky Harbor International Airport,PHX,KPHX,United States of America,Tucson International Airport,TUS,KTUS,United States of America,-,-,0,0,-,-,-
19790317-0,Saturday,17-MAR-1979,-,A1, En route (ENR),"ca 75 km SW off Bridgetown, Barbados",Atlantic Ocean,3,3, Missing, Presumed damaged beyond repair,de Havilland Canada DHC-4A Caribou,-,-,1970,-,-, C-GVYW, 291,Air Inuit,Ferry/positioning,-,Georgetown-Timehri International Airport,GEO,SYCJ,Guyana,-,-,-,-,2,1,2,1,-,-,-
19790317-1,Saturday,17-MAR-1979,19:44,A1, En route (ENR),near Moskva-Vnukovo Airport (VKO),Russia,119,58, Damaged beyond repair,-,Tupolev Tu-104B,2,Mikulin AM-3M-500,1959,-,-, CCCP-42444, 921001,Aeroflot / Ukraine,Domestic Scheduled Passenger,-,Moskva-Vnukovo Airport,VKO,UUWW,Russia,Odessa-Central Airport,ODS,UKOO,Ukraine,6,113,1,57,-,-,-
19790318-0,Sunday,18-MAR-1979,02:22,A2, Taxi (TXI),København-Kastrup Airport (CPH),Denmark,3,0, Minor, Repaired,Boeing 747-246F (SCD),4,Pratt & Whitney JT9D-7R4G2,1974,-,-, JA8123, 21034/243,JAL,Cargo,JL625,Anchorage International Airport,ANC,PANC,United States of America,København-Kastrup Airport,CPH,EKCH,Denmark,3,0,0,0,-,-,Final
19790320-0,Tuesday,20-MAR-1979,-,A1, Approach (APR),Chardzhou Airport (CRZ),Turkmenistan,34,0, Damaged beyond repair,-,Yakovlev Yak-40K,3,Ivchenko AI-25,1977,-,-, CCCP-87930, 9740156,Aeroflot / Turkmenistan,Domestic Scheduled Passenger,-,Ashgabat Airport,ASB,UTAA,Turkmenistan,Chardzhou Airport,CRZ,UTAV,Turkmenistan,4,30,0,0,-,-,-
19790322-0,Thursday,22-MAR-1979,00:57,A1, Landing (LDG),"1,5 km (0.9 mls) NE of Liepaya Airport (LPX)",Latvia,5,4, Damaged beyond repair,-,Tupolev Tu-134A,-,-,1976,3894.0,5838.0, CCCP-65031, 48530,Aeroflot / Latvia,Cargo,-,Gorkiy Airport,GOJ,UWGG,Russia,Liepaya Airport,LPX,EVLA,Latvia,5,0,4,0,-,-,-
19790326-0,Monday,26-MAR-1979,-,A1, Takeoff (TOF),Luanda-4 de Fevereiro Airport (LAD),Angola,10,10, Destroyed, Written off (damaged beyond repair),Ilyushin Il-18D,-,-,1966,-,-, DM-STL, 186009402,Interflug,Cargo,-,Luanda-4 de Fevereiro Airport,LAD,FNLU,Angola,Lusaka Airport,LUN,FLLS,Zambia,4,6,4,6,-,-,-
19790326-1,Monday,26-MAR-1979,00:56,A1, Approach (APR),"1,7 km (1.1 mls) E of Baykit (BKT)",Russia,12,4, Damaged beyond repair,-,Antonov An-26,-,-,1976,2148.0,4524.0, CCCP-26569, 3809,Aeroflot / Uralsk,Cargo,-,Yeniseysk Airport,EIE,UNII,Russia,Baykit,BKT,UNIB,Russia,6,6,1,3,-,-,-
19790329-0,Thursday,29-MAR-1979,-,A1, Initial climb (ICL),"1,3 km (0.8 mls) from  Quebec Airport, QC (YQB)",Canada,24,17, Destroyed, Written off (damaged beyond repair),Fairchild F-27,-,-,1959,-,-, C-FQBL,  47,Quebecair,Domestic Scheduled Passenger, 255,Quebec Airport,YQB,CYQB,Canada,Montreal-Dorval International Airport,YUL,CYUL,Canada,3,21,3,14,-,-,Final
19790330-0,Friday,30-MAR-1979,-,A1, Unknown (UNK),Nkayi Airport (NKY),Congo,-,-, Destroyed, Written off (damaged beyond repair),Aérospatiale SN.601 Corvette,2,Pratt & Whitney Canada JT15D-4,1975,-,-, TN-ADB, 22,Aéro-Service,Unknown,-,-,-,-,-,-,-,-,-,-,-,-,-,-,-,-
19790401-1,Sunday,01-APR-1979,-,O1, Standing (STD),Entebbe Airport (EBB),Uganda,-,0, Damaged beyond repair,-,Boeing 707-321C,4,Pratt & Whitney JT3D-3B,1963,-,-, 5X-UAL, 18580/336,Uganda Airlines,-,-,-,-,-,-,-,-,-,-,-,-,0,0,-,-,-
19790402-0,Monday,02-APR-1979,-,A1, Landing (LDG),Jalapa,Nicaragua,-,0, Damaged beyond repair,-,Douglas C-47 (DC-3),-,-,-,-,-, registration unknown,-,Nicaraguan AF,Military,-,-,-,-,-,-,-,-,-,-,-,0,0,-,-,-
19790404-0,Wednesday,04-APR-1979,21:48,A2, En route (ENR),"near Saginaw, MI",United States of America,89,0, Substantial, Repaired,Boeing 727-31,3,Pratt & Whitney JT8D-7B,1965,-,35412.0, N840TW, 18905/160,TWA,Domestic Scheduled Passenger,TW841,New York-John F. Kennedy International Airport,JFK,KJFK,United States of America,Minneapolis-St. Paul International Airport,MSP,KMSP,United States of America,7,82,0,0,-,-,Final
19790404-1,Wednesday,04-APR-1979,-,H2, Standing (STD),"Sydney-Kingsford Smith Airport, NSW (SYD)",Australia,0,0, None,-,Boeing 747SP-21,4,Pratt & Whitney JT9D-7A,1975,-,-, N530PA, 21022/265,Pan Am,International Scheduled Passenger,PA816,Sydney-Kingsford Smith International Airport,SYD,YSSY,Australia,Auckland International Airport,AKL,NZAA,New Zealand,0,0,0,0,-,1,-
19790405-0,Thursday,05-APR-1979,-,U1, Standing (STD),at an unknown location,Thailand,-,0, Damaged beyond repair,-,Douglas C-47A-25-DK (DC-3),2,Pratt & Whitney R-1830-92,1944,-,-, L2-26/02, 13778,Thai AF,Military,-,-,-,-,-,-,-,-,-,-,-,0,0,-,-,Preliminary
19790408-0,Sunday,08-APR-1979,-,O1, Standing (STD),Entebbe Airport (EBB),Uganda,-,0, Damaged beyond repair,-,Lockheed C-130H Hercules,-,-,1970,-,-, 116, 4401,Libyan Arab Rep. Air Force,Military,-,-,-,-,-,-,-,-,-,-,-,0,0,-,-,-
19790411-0,Wednesday,11-APR-1979,05:00,A1, Landing (LDG),"near Belle Glade, FL",United States of America,1,0, Damaged beyond repair,-,Howard 350,-,-,-,-,-, N8GW, 4676,World Photography Co.,Illegal Flight,-,-,-,-,-,-,-,-,-,1,0,0,0,-,-,Final
19790415-0,Sunday,15-APR-1979,-,C1, En route (ENR),Songo Airport,Mozambique,5,0, Destroyed, Written off (damaged beyond repair),Britten-Norman BN-2A-8 Islander,-,-,1973,-,-, C9-APQ, 364,COMAG,Domestic Non Scheduled Passenger,-,-,-,-,-,-,-,-,-,1,4,0,0,-,-,-
19790416-0,Monday,16-APR-1979,00:30,A1, Landing (LDG),"near Key West, FL",United States of America,2,0, Damaged beyond repair,-,Convair CV-440,-,-,1954,-,-, N94480, 211,private,Private,-,Key West International Airport,EYW,KEYW,United States of America,Key West International Airport,EYW,KEYW,United States of America,2,0,0,0,-,-,Final
19790418-1,Wednesday,18-APR-1979,-,A1, Maneuvering (MNV),Chiguayante,Chile,3,3, Damaged beyond repair,-,Canadian Vickers PBV-1A Canso A (PBY-5A),-,-,1943,-,-, CC-CDS, CV-281,Aeroservicios Parrague,Fire fighting,-,-,-,-,-,-,-,-,-,3,0,3,0,-,-,-
19790420-0,Friday,20-APR-1979,-,A2, Landing (LDG),Oborso,Ethiopia,7,0, Substantial, Repaired,Douglas C-47A-20-DK (DC-3),2,Pratt & Whitney R-1830-92,1944,-,-, ET-AGU, 13026,Ethiopian Airlines,Scheduled Passenger,-,-,-,-,-,-,-,-,-,3,4,0,0,-,-,-
19790420-1,Friday,20-APR-1979,-,A1, Takeoff (TOF),Iquique-Cavancha Airport (IQQ),Chile,5,0, Damaged beyond repair,-,Fairchild F-27A,-,-,1959,-,-, CC-CBR,  55,Aeronor Chile,Cargo,-,Iquique-Cavancha Airport,IQQ,SCDA,Chile,-,-,-,-,3,2,0,0,-,-,-
19790420-2,Friday,20-APR-1979,19:05,A1, Approach (APR),near Tampico Airport (TAM),Mexico,2,2, Damaged beyond repair,-,Howard 250,-,-,1942,-,-, N48RM, 18-2282,South Central Aviation,Cargo,-,-,-,-,-,Tampico Airport,TAM,MMTM,Mexico,2,0,2,0,-,-,-
19790423-1,Monday,23-APR-1979,07:45,A1, En route (ENR),Pastaza Province,Ecuador,57,57, Destroyed, Written off (damaged beyond repair),Vickers 785D Viscount,4,Rolls-Royce Dart 510,1957,-,-, HC-AVP, 329,SAETA,Domestic Scheduled Passenger, 011,Quito-Mariscal Sucre Airport,UIO,SEQU,Ecuador,Cuenca Airport,CUE,SECU,Ecuador,5,52,5,52,-,-,-
19790426-0,Thursday,26-APR-1979,11:59,C1, Landing (LDG),Madras Airport (MAA),India,67,0, Damaged beyond repair,-,Boeing 737-2A8,2,Pratt & Whitney JT8D-9A,1974,-,-, VT-ECR, 20962/380,Indian Airlines,Domestic Scheduled Passenger,-,Trivandrum Airport,TRV,VOTV,India,Madras Airport,MAA,VOMM,India,6,61,0,0,-,-,Final
19790426-1,Thursday,26-APR-1979,-,A1, Unknown (UNK),within Irian Jaya,Indonesia,2,0, Damaged beyond repair,-,IRMA/Britten-Norman BN-2A-21 Islander,-,-,1975,-,-, PK-KNG, 749,Bali Int. Air Service,Unknown,-,-,-,-,-,-,-,-,-,2,0,0,0,-,-,-
19790427-0,Friday,27-APR-1979,01:16,A1, En route (ENR),"27 km (16.9 mls) S off  Guantanamo, Cuba [Caribbean Sea]",Atlantic Ocean,2,2, Damaged beyond repair,-,Howard 350,-,-,1943,-,-, N544B, 5267,Triple D Transport Co.,Unknown,-,-,-,-,-,-,-,-,-,2,0,2,0,-,-,Final
19790428-0,Saturday,28-APR-1979,-,A1, En route (ENR),within eastern,Ecuador,7,2, Damaged beyond repair,-,IAI Arava 201,-,-,-,-,-, 202, 020,Ecuador Navy,Military,-,-,-,-,-,-,-,-,-,-,-,-,-,-,-,-
19790429-1,Sunday,29-APR-1979,-,A1, Unknown (UNK),at an unknown location,Unknown country,-,-, Damaged beyond repair,-,IAI Arava 201,-,-,-,-,-, 864, 045,Guatemala AF,Unknown,-,-,-,-,-,-,-,-,-,-,-,-,-,-,-,-
19790501-0,Tuesday,01-MAY-1979,-,A1, Landing (LDG),Erdenet Airport (ERT),Mongolia,-,-, Damaged beyond repair,-,Antonov An-24V,-,-,1964,-,-, BNMAU-1202, 47301202,MIAT,Unknown,-,-,-,-,-,-,-,-,-,-,-,-,-,-,-,-
19790507-0,Monday,07-MAY-1979,-,A2, Unknown (UNK),Flores-Santa Elena el Peten,Guatemala,-,0, Substantial, Repaired,Douglas DC-3,-,-,-,-,-, TG-SAB,-,TAPSA,Unknown,-,-,-,-,-,-,-,-,-,-,-,0,0,-,-,-
19790510-0,Thursday,10-MAY-1979,-,A1, Takeoff (TOF),Adler/Sochi Airport (AER),Russia,79,0, Damaged beyond repair,-,Ilyushin Il-18D,-,-,1966,10823.0,27042.0, CCCP-75414, 186009303,Aeroflot / Uralsk,Domestic Scheduled Passenger,-,Adler/Sochi Airport,AER,URSS,Russia,-,-,-,-,7,72,0,0,-,-,-
19790510-1,Thursday,10-MAY-1979,-,A1, Unknown (UNK),near Svidovets,Ukraine,-,0, Damaged beyond repair,-,Antonov An-2R,-,-,1966,-,-, CCCP-06330, 1G69-04,Aeroflot / Ukraine,Unknown,-,-,-,-,-,-,-,-,-,-,-,0,0,-,-,-
19790513-0,Sunday,13-MAY-1979,-,A1, Unknown (UNK),at an unknown location,Poland,-,-, Damaged beyond repair,-,Antonov An-2R,-,-,-,-,-, SP-CNK, 1G128-50,WSK Okecie,Unknown,-,-,-,-,-,-,-,-,-,-,-,-,-,-,-,-
19790515-1,Tuesday,15-MAY-1979,14:55,A1, Takeoff (TOF),"Mesa-Falcon Field, AZ (MSC)",United States of America,2,0, Damaged beyond repair,-,Douglas C-54S (DC-4),-,-,1945,-,-, N44905, 22159,Biegert Aviation,Test,-,Mesa-Falcon Field,MSC,KFFZ,United States of America,-,-,-,-,2,0,0,0,-,-,Final
19790515-2,Tuesday,15-MAY-1979,-,A1, Landing (LDG),São Tomé Island Airport (TMS),São Tomé and Príncipe,5,0, Damaged beyond repair,-,Lockheed L-100-20 Hercules,4,Allison 501-D22A,1966,-,-, D2-FAF, 4176,TAAG,Cargo,-,-,-,-,-,São Tomé Island Airport,TMS,FPST,São Tomé and Príncipe,4,1,0,0,-,-,-
19790515-3,Tuesday,15-MAY-1979,-,U1, Unknown (UNK),Aberdeen,United Kingdom,-,0, Damaged beyond repair,-,Britten-Norman BN-2A Trislander Mk.III-1,-,-,1975,-,-, G-BCYC, 1011,Loganair,Unknown,-,-,-,-,-,-,-,-,-,-,-,0,0,-,-,-
19790517-0,Thursday,17-MAY-1979,-,A1, Unknown (UNK),Gulf of Mexico,Mexico,3,0, Damaged beyond repair,-,Douglas DC-4,-,-,-,-,-, registration unknown,-,Bush Aviation,Unknown,-,-,-,-,-,-,-,-,-,3,0,0,0,-,-,-
19790519-1,Saturday,19-MAY-1979,-,A1, Landing (LDG),Ufa Airport (UFA),Russia,89,0, Damaged beyond repair,-,Tupolev Tu-134A,-,-,1974,6113.0,9994.0, CCCP-65839, 18117,Aeroflot / Moldova,Domestic Scheduled Passenger,-,Novosibirsk-Tolmachevo Airport,OVB,UNNN,Russia,Ufa Airport,UFA,UWUU,Russia,6,83,0,0,-,-,-
19790522-0,Tuesday,22-MAY-1979,22:40,A2, Landing (LDG),Nagpur Airport (NAG),India,131,0, Substantial, Repaired,Boeing 737-2A8,2,Pratt & Whitney JT8D-9A,1975,-,-, VT-EDS, 21164/435,Indian Airlines,Domestic Scheduled Passenger,IC540,Delhi-Palam Airport,DEL,VIDP,India,Nagpur-Sonegaon Airport,NAG,VANP,India,6,125,0,0,-,-,Final
19790525-0,Friday,25-MAY-1979,-,A2, Landing (LDG),Cardiff-Wales Airport (CWL),United Kingdom,55,0, Substantial, Repaired,Vickers 806 Viscount,4,Rolls-Royce Dart 520,1958,-,-, G-AOYS, 367,British Airways,Domestic Scheduled Passenger,-,Cardiff-Wales Airport,CWL,EGFF,United Kingdom,Bristol Airport,BRS,EGGD,United Kingdom,4,51,0,0,-,-,Final
19790525-1,Friday,25-MAY-1979,20:40,A1, Initial climb (ICL),"Bullen Point Air Force Station, AK",United States of America,3,3, Damaged beyond repair,-,de Havilland Canada DHC-4A Caribou,-,-,1967,-,-, N581PA, 253,Sea Airmotive,Cargo,-,-,-,-,-,Deadhorse-Alpine Airstrip,DQH,PALP,United States of America,3,0,3,0,-,-,Final
19790525-2,Friday,25-MAY-1979,15:04,A1, Takeoff (TOF),"Chicago-O'Hare International Airport, IL (ORD)",United States of America,271,271, Destroyed, Written off (damaged beyond repair),McDonnell Douglas DC-10-10,3,General Electric CF6-6D,1972,-,19871.0, N110AA, 46510/22,American Airlines,Domestic Scheduled Passenger,AA191,Chicago-O'Hare International Airport,ORD,KORD,United States of America,Los Angeles International Airport,LAX,KLAX,United States of America,13,258,13,258,-,2,Final
19790526-0,Saturday,26-MAY-1979,14:45,A1, Initial climb (ICL),"near Fort Lauderdale International Airport, FL (FLL)",United States of America,2,2, Destroyed, Written off (damaged beyond repair),Howard 350,-,-,1943,-,-, N1514S, 5891,Inter Island Shipping,Unknown,-,Fort Lauderdale International Airport,FLL,KFLL,United States of America,Bimini International Airport,BIM,MYBS,Bahamas,1,1,1,1,-,-,-
19790526-1,Saturday,26-MAY-1979,11:26,A2, Approach (APR),Patna Airport (PAT),India,126,0, Substantial, Repaired,Boeing 727-1F8,-,-,1971,-,-, 9N-ABD, 20421/826,Royal Nepal Airlines,Int'l Non Scheduled Passenger,RA621,Kathmandu-Tribhuvan Airport,KTM,VNKT,Nepal,Patna Airport,PAT,VEPT,India,8,118,0,0,-,-,Final
19790527-1,Sunday,27-MAY-1979,10:10,A1, Approach (APR),off Dakar,Senegal,12,12, Damaged beyond repair,-,de Havilland Canada DHC-5D Buffalo,-,-,1978,-,-, 5T-MAX, 88,Mauritanian AF,Military,-,Nouakchott Airport,NKC,GQNN,Mauritania,Dakar-Yoff Airport,DKR,GOOY,Senegal,-,-,-,-,-,-,-
19790530-0,Wednesday,30-MAY-1979,20:55,A1, Approach (APR),"Rockland, ME",United States of America,18,17, Damaged beyond repair,-,de Havilland Canada DHC-6 Twin Otter 200,2,Pratt & Whitney Canada PT6A-20,1969,-,21050.0, N68DE, 229,Downeast Airlines,Domestic Scheduled Passenger,  46,Boston-Logan International Airport,BOS,KBOS,United States of America,Rockland-Knox County Regional Airport,RKD,KRKD,United States of America,2,16,2,15,-,-,Final
19790531-2,Thursday,31-MAY-1979,-,A1, Landing (LDG),Tyumen,Russia,-,0, Damaged beyond repair,-,Tupolev Tu-134A,-,-,1970,7789.0,12295.0, CCCP-65649, 0351004,Aeroflot / Tyumen,Unknown,-,-,-,-,-,Tyumen Airport,TJM,USTR,Russia,-,-,0,0,-,-,-
19790601-0,Friday,01-JUN-1979,-,A1, Landing (LDG),Lubumbashi-Luano (FBM),Democratic Republic of the Congo,-,0, Damaged beyond repair,-,Armstrong Whitworth AW-660 Argosy C.1,-,-,1962,-,-, 9Q-COE, 6778,OTRAG Range Air Services,Unknown,-,-,-,-,-,Lubumbashi-Luano Airport,FBM,FZQA,Democratic Republic of the Congo,-,-,0,0,-,-,-
19790601-1,Friday,01-JUN-1979,-,A1, Initial climb (ICL),"Thompson Airport, MB (YTH)",Canada,2,0, Damaged beyond repair,-,Douglas C-54A-5-DO (DC-4),-,-,1944,-,-, C-FQIX, 7476,Aero Trades (Western),Unknown,-,Thompson Airport,YTH,CYTH,Canada,-,-,-,-,2,0,0,0,-,-,-
19790928-1,Friday,28-SEP-1979,-,A1, Initial climb (ICL),off Panama City-Tocumen International Airport (PTY),Panama,4,4, Damaged beyond repair,-,Lockheed C-130H Hercules,-,-,1977,-,-, CP-1375, 4744,TAB,Cargo,-,Panama City-Tocumen International Airport,PTY,MPTO,Panama,-,-,-,-,4,0,4,0,-,-,-
19790930-0,Sunday,30-SEP-1979,13:00,A1, Approach (APR),"Porpoise Bay, BC",Canada,16,2, Substantial, Written off (damaged beyond repair),de Havilland Canada DHC-6 Twin Otter 200,2,Pratt & Whitney Canada PT6A-20,1968,-,13815.0, C-FWAF, 122,West Coast Air,Domestic Scheduled Passenger, 106,Vancouver-Coal Harbour SPB,CXH,CYHC,Canada,-,-,-,-,2,14,1,1,-,-,Final
19791003-0,Wednesday,03-OCT-1979,-,A1, Unknown (UNK),"Royan, Charente-Maritime",France,-,-, Damaged beyond repair,-,Nord 2501 Noratlas,2,Bristol Hercules 739,-,-,-, 181/F-RBKT, 181,French AF,Military,-,-,-,-,-,-,-,-,-,-,-,-,-,-,-,-
19791007-0,Sunday,07-OCT-1979,22:15,A1, Landing (LDG),Athens-Ellinikon International Airport (ATH),Greece,154,14, Destroyed, Written off (damaged beyond repair),McDonnell Douglas DC-8-62,4,Pratt & Whitney JT3D-,1967,-,-, HB-IDE, 45919/312,Swissair,International Scheduled Passenger, 316,Genève-Cointrin Airport,GVA,LSGG,Switzerland,Athens-Ellinikon International Airport,ATH,LGAT,Greece,12,142,0,14,-,-,Final
19791010-1,Wednesday,10-OCT-1979,-,A1, Landing (LDG),Montevideo-Carrasco Airport (MVD),Uruguay,6,0, Damaged beyond repair,-,Canadair CC-106 Yukon (CL-44),4,Rolls-Royce Tyne 515,1961,-,-, CX-BKD,  8,ALAS,Cargo,-,-,-,-,-,Montevideo-Carrasco Airport,MVD,SUMU,Uruguay,4,2,0,0,-,-,-
19791013-0,Saturday,13-OCT-1979,-,A1, Unknown (UNK),at an unknown location,Russia,-,-, Damaged beyond repair,-,Antonov An-2R,-,-,1972,-,-, CCCP-70805, 1G133-08,Aeroflot / Yakutsk,Unknown,-,-,-,-,-,-,-,-,-,-,-,-,-,-,-,-
19791016-0,Tuesday,16-OCT-1979,-,H2, Unknown (UNK),Malta-Luqa Airport (MLA),Malta,-,0, Unknown,-,Fokker F-27 Friendship 600,-,-,-,-,-, 5A-DDU, 10586,Libyan Arab Airlines,Unknown,-,Hon Airport,HUQ,HLON,Libya,Tripoli International Airport,TIP,HLLT,Libya,-,-,0,0,-,-,-
19791018-0,Thursday,18-OCT-1979,-,A1, Landing (LDG),Carmelita Airport (CMM),Guatemala,-,0, Damaged beyond repair,-,Douglas C-47-DL (DC-3),-,-,1942,-,-, TG-AXA, 6053,Aviateca,Cargo,-,-,-,-,-,Carmelita Airport,CMM,MGCR,Guatemala,-,-,0,0,-,-,-
19791019-0,Friday,19-OCT-1979,-,O1, Standing (STD),Iturup Island,Russia,0,0, Damaged beyond repair,-,Antonov An-30B,-,-,-,-,-, 84,-,Soviet AF,Military,-,-,-,-,-,-,-,-,-,0,0,0,0,-,-,-
19791020-0,Saturday,20-OCT-1979,-,A1, Unknown (UNK),at an unknown location,Indonesia,-,-, Damaged beyond repair,-,IRMA/Britten-Norman BN-2A-21 Islander,-,-,1975,-,-, PK-VIQ, 754,Dirgantara Air Services,Unknown,-,-,-,-,-,-,-,-,-,-,-,-,-,-,-,-
19791023-0,Tuesday,23-OCT-1979,-,A1, Unknown (UNK),Campina,Romania,-,-, Damaged beyond repair,-,Antonov An-2R,-,-,-,-,-, YR-APF, 1G124-26,Aviatia Utilitara,Unknown,-,-,-,-,-,-,-,-,-,-,-,-,-,-,-,-
19791025-0,Thursday,25-OCT-1979,15:20,A1, Landing (LDG),Kirkwall Airport (KOI),United Kingdom,51,0, Damaged beyond repair,-,Vickers 735 Viscount,-,-,1955,16275.0,25641.0, G-BFYZ,  69,Alidair,Domestic Non Scheduled Passenger,-,Glasgow-Abbotsinch Airport,GLA,EGPF,United Kingdom,Kirkwall Airport,KOI,EGPA,United Kingdom,4,47,0,0,-,-,Final
19791027-0,Saturday,27-OCT-1979,07:15,A1, Takeoff (TOF),Lensk,Russia,12,3, Damaged beyond repair,-,Antonov An-2TP,-,-,1968,-,-, CCCP-32322, 1G97-34,Aeroflot / Yakutsk,Domestic Scheduled Passenger,-,-,-,-,-,-,-,-,-,2,10,1,2,-,-,-
19791027-1,Saturday,27-OCT-1979,23:46,A1, Approach (APR),"N of San Ysidro, CA",United States of America,10,10, Damaged beyond repair,-,Beechcraft 200 Super King Air,-,-,1978,-,-, XC-PGR, BB-317,Mexican Government,Executive,-,-,-,-,-,Tijuana-Rodriguez Airport,TIJ,MMTJ,Mexico,2,8,2,8,-,-,-
19791030-0,Tuesday,30-OCT-1979,-,H2, Unknown (UNK),Tijuana,Mexico,108,0, Unknown,-,Boeing 727,-,-,-,-,-, registration unknown,-,PSA,Domestic Scheduled Passenger, 784,Los Angeles International Airport,LAX,KLAX,United States of America,San Diego International Airport,SAN,KSAN,United States of America,-,-,0,0,-,-,-
19791030-1,Tuesday,30-OCT-1979,-,O1, Standing (STD),off,Denmark,0,0, Damaged beyond repair,-,Ilyushin Il-14M,-,-,-,-,-, CCCP-61683, 146001050,Aeroflot,-,-,-,-,-,-,-,-,-,-,0,0,0,0,-,-,-
19791030-2,Tuesday,30-OCT-1979,10:30,A1, Approach (APR),"Bettles Airport, AK (BTT)",United States of America,2,2, Damaged beyond repair,-,Douglas C-47B-35-DK Dakota IVM,2,Pratt & Whitney R-1830-90C,1945,-,-, N99663, 33467/16719,Frontier Flying Service,Cargo,-,Fairbanks International Airport,FAI,PAFA,United States of America,Bettles Airport,BTT,PABT,United States of America,2,0,2,0,-,-,Final
19791031-0,Wednesday,31-OCT-1979,05:42,A1, Landing (LDG),Mexico City-Juarez International Airport (MEX),Mexico,88,72, Damaged beyond repair,-,McDonnell Douglas DC-10-10,3,General Electric CF6-6K,1973,7345.0,24614.0, N903WA, 46929/107,Western Air Lines,International Scheduled Passenger,2605,Los Angeles International Airport,LAX,KLAX,United States of America,Mexico City-Benito Juárez International Airport,MEX,MMMX,Mexico,11,77,9,63,-,1,Final
19791031-1,Wednesday,31-OCT-1979,21:27,A1, En route (ENR),10 km (6.3 mls) off  Cozumel Air Base (CZM),Mexico,3,3, Damaged beyond repair,-,Douglas DC-6,-,-,-,-,-, registration unknown,-,Mexican AF,Military,-,-,-,-,-,-,-,-,-,3,0,3,0,-,-,-
19791101-0,Thursday,01-NOV-1979,-,A1, Approach (APR),"Big Trout Lake, ON",Canada,3,3, Damaged beyond repair,-,de Havilland Canada DHC-6 Twin Otter 300,2,Pratt & Whitney Canada PT6A-27,1979,-,-, C-GTJA, 630,Austin Airways,Domestic Non Scheduled Passenger, 607,Pickle Lake Airport,YPL,CYPL,Canada,Big Trout Airport,YTL,CYTL,Canada,2,1,2,1,-,-,-
19791105-0,Monday,05-NOV-1979,-,A1, Unknown (UNK),Huabango,Papua New Guinea,10,3, Damaged beyond repair,-,Britten-Norman BN-2A Islander,-,-,1969,-,-, P2-ATU, 119,Douglas Airways,Passenger,-,-,-,-,-,-,-,-,-,1,9,0,3,-,-,-
19791105-1,Monday,05-NOV-1979,17:03,A1, Landing (LDG),Tau Airport (TAV),American Samoa,18,0, Damaged beyond repair,-,de Havilland Canada DHC-6 Twin Otter 300,2,Pratt & Whitney Canada PT6A-27,1974,-,-, N23BC, 431,SPIA,Domestic Scheduled Passenger,-,Pago Pago International Airport,PPG,NSTU,American Samoa,-,-,-,-,2,16,0,0,-,-,Final
19791106-1,Tuesday,06-NOV-1979,-,U1, Unknown (UNK),at an unknown location,Unknown country,-,-, Damaged beyond repair,-,Pilatus Britten-Norman BN-2A-9 Islander,-,-,1973,-,-, YV-269C, 345,Transmandu,Unknown,-,-,-,-,-,-,-,-,-,-,-,-,-,-,-,-
19791110-0,Saturday,10-NOV-1979,-,A1, Unknown (UNK),near Kadugli Airport,Sudan,-,0, Damaged beyond repair,-,Douglas C-47B-25-DK (DC-3),2,Pratt & Whitney R-1830-90C,1945,-,-, ST-AHH, 32628/15880,National Agriculture Org.,Unknown,-,-,-,-,-,-,-,-,-,-,-,0,0,-,-,-
19791113-0,Tuesday,13-NOV-1979,-,A1, Approach (APR),"1 km (0.6 mls) NW of Churchill-Metropolitan Area Airport, MB (YYQ)",Canada,-,0, Damaged beyond repair,-,Curtiss C-46F-1-CU Commando,-,-,1945,-,-, C-GYHT, 22375,Lambair,Unknown,-,Churchill Airport,YYQ,CYYQ,Canada,-,-,-,-,-,-,0,0,-,-,-
19791113-1,Tuesday,13-NOV-1979,-,A1, Unknown (UNK),"5 km (3.1 mls) N of Cascavel Airport, PR (CAC)",Brazil,-,-, Damaged beyond repair,-,Douglas C-47A-1-DK (DC-3),2,Pratt & Whitney R-1830-92,1943,-,-, PT-KVT, 12147,Con. Tec. Operacional de Aviacao,Unknown,-,-,-,-,-,-,-,-,-,-,-,-,-,-,-,-
19791115-1,Thursday,15-NOV-1979,12:00,C2, En route (ENR),"near Washington-Dulles International Airport, DC (IAD)",United States of America,78,0, Minor, Repaired,Boeing 727,-,-,-,-,-, registration unknown,-,American Airlines,Domestic Scheduled Passenger,AA444,Chicago-O'Hare International Airport,ORD,KORD,United States of America,Washington-National Airport,DCA,KDCA,United States of America,6,72,0,0,-,-,-
19791116-1,Friday,16-NOV-1979,14:52,A1, Takeoff (TOF),"Grand Canyon-National Park Airport, AZ (GCN)",United States of America,44,0, Damaged beyond repair,-,Martin 4-0-4,2,Pratt & Whitney R-2800-CB16,1952,-,30451.0, N40438, 14173,Nevada Airlines,Domestic Non Scheduled Passenger,2504,Grand Canyon-National Park Airport,GCN,KGCN,United States of America,Las Vegas-McCarran International Airport,LAS,KLAS,United States of America,3,41,0,0,-,-,Final
19791116-2,Friday,16-NOV-1979,18:41,A1, Approach (APR),Vologda Airport (VGD),Russia,5,3, Damaged beyond repair,-,Yakovlev Yak-40,3,Ivchenko AI-25,1974,-,-, CCCP-87454, 9431136,Aeroflot / Leningrad,Ferry/positioning,-,-,-,-,-,Vologda Airport,VGD,ULWW,Russia,5,0,3,0,-,-,-
19791118-1,Sunday,18-NOV-1979,-,A1, Landing (LDG),near Savar Bazar,Bangladesh,4,0, Damaged beyond repair,-,Fokker F-27 Friendship 200,-,-,1966,24081.0,19210.0, S2-ABG, 10308,Biman Bangladesh,Training,-,-,-,-,-,-,-,-,-,4,0,0,0,-,-,-
19791118-2,Sunday,18-NOV-1979,04:56,A1, En route (ENR),"Salt Lake City, UT",United States of America,3,3, Destroyed, Written off (damaged beyond repair),Lockheed L-188CF Electra,4,Allison 501-D13,1960,-,41764.0, N859U, 2016,Transamerica Airlines,Cargo,  18,Ogden-Hill AFB,HIF,KHIF,United States of America,Las Vegas-Nellis AFB,LSV,KLSV,United States of America,3,0,3,0,-,-,Final
19791119-0,Monday,19-NOV-1979,06:10,A1, Approach (APR),"near McCormick, SC",United States of America,2,2, Damaged beyond repair,-,Douglas RC-54V (DC-4),-,-,1945,-,-, N8060C, 10563,Tiburon Aircraft Inc,Illegal Flight,-,-,-,-,-,-,-,-,-,2,0,2,0,-,-,Final
19791119-1,Monday,19-NOV-1979,20:15,A1, Approach (APR),"near Denver-Arapahoe County Airport, CO (APA)",United States of America,3,2, Damaged beyond repair,-,Cessna 500 Citation I,-,-,-,-,-, N555AJ, 500-0007,National Jet Industries,Cargo,-,Albuquerque International Airport,ABQ,KABQ,United States of America,Denver-Arapahoe County Airport,APA,KAPA,United States of America,2,1,1,1,-,-,Final
19791119-2,Monday,19-NOV-1979,-,A1, Takeoff (TOF),LojaLoja Airport (LOH),Ecuador,16,16, Damaged beyond repair,-,IAI Arava 201,-,-,1974,-,-, T-201, 011,Ecuador Army,Military,-,Loja Airport,LOH,SELO,Ecuador,-,-,-,-,-,-,-,-,-,-,-
19791121-0,Wednesday,21-NOV-1979,17:30,A1, En route (ENR),"25 km (15.6 mls) W of Puerto Williams, Navarino Island",Chile,8,8, Destroyed, Written off (damaged beyond repair),IAI Arava 102,-,-,1978,-,-, LV-MRX, 054,YPF,Domestic Non Scheduled Passenger,-,Río Gallegos Internacional Airport,RGL,SAWG,Argentina,Ushuaia Airport,USH,SAWO,Argentina,3,5,3,5,-,-,-
19791123-0,Friday,23-NOV-1979,-,A1, Approach (APR),12 km (7.5 mls) from  Vitebsk Airport (VTB),Belarus,7,7, Damaged beyond repair,-,Ilyushin Il-76,-,-,1975,-,-, CCCP-86714, 053403067,Soviet AF,Military,-,Vitebsk Airport,VTB,UMII,Belarus,Vitebsk Airport,VTB,UMII,Belarus,7,0,7,0,-,-,Preliminary
19791123-2,Friday,23-NOV-1979,-,H2, En route (ENR),Tokyo-Narita Airport (NRT),Japan,356,0, Unknown,-,McDonnell Douglas DC-10-40,-,-,-,-,-, registration unknown,-,JAL,Domestic Scheduled Passenger,-,Osaka-Itami Airport,ITM,RJOO,Japan,Tokyo-Haneda Airport,HND,RJTT,Japan,11,345,0,0,-,-,-
19791124-0,Saturday,24-NOV-1979,02:08,A1, Landing (LDG),near Freeport-Grand Bahama International Airport (FPO),Bahamas,46,0, Damaged beyond repair,-,Convair CV-440-86,-,-,1957,-,-, N444JM, 419,Mackey Int. Airlines,Int'l Non Scheduled Passenger,-,Freeport-Grand Bahama International Airport,FPO,MYGF,Bahamas,Fort Lauderdale International Airport,FLL,KFLL,United States of America,3,43,0,0,-,-,-
19791124-1,Saturday,24-NOV-1979,-,H2, Unknown (UNK),"El Paso International Airport, TX (ELP)",United States of America,74,0, Unknown,-,Boeing 727,-,-,-,-,-, registration unknown,-,American Airlines,Domestic Scheduled Passenger,AA395,San Antonio International Airport,SAT,KSAT,United States of America,El Paso International Airport,ELP,KELP,United States of America,-,-,0,0,-,-,-
19791126-0,Monday,26-NOV-1979,02:04,A1, En route (ENR),48 km (30 mls) N of Taif,Saudi Arabia,156,156, Destroyed, Written off (damaged beyond repair),Boeing 707-340C,4,Pratt & Whitney JT3D-3B,1970,-,30710.0, AP-AWZ, 20275/844,PIA,International Scheduled Passenger,PK740,-,-,-,-,Karachi International Airport,KHI,OPKC,Pakistan,11,145,11,145,-,-,Final
19791126-1,Monday,26-NOV-1979,-,A1, Unknown (UNK),"Takla Narrows, BC",Canada,4,3, Damaged beyond repair,-,de Havilland Canada U-1A Otter (DHC-3),-,-,1957,-,-, C-FJIK, 229,Smithers Air Service,Unknown,-,-,-,-,-,-,-,-,-,-,-,-,-,-,-,-
19791127-0,Tuesday,27-NOV-1979,-,A1, Takeoff (TOF),Dublin-Baldonnel Air Base,Ireland,3,0, Damaged beyond repair,-,Hawker Siddeley HS-125-600B,-,-,1971,-,-, 236, 25256,Irish AF,Military,-,-,-,-,-,-,-,-,-,3,0,0,0,-,-,-
19791128-0,Wednesday,28-NOV-1979,00:50,A1, En route (ENR),Mount Erebus,Antarctica,257,257, Destroyed, Written off (damaged beyond repair),McDonnell Douglas DC-10-30,3,General Electric CF6-50C2,1974,-,20763.0, ZK-NZP, 46910/182,Air New Zealand,Domestic Non Scheduled Passenger,TE901,Auckland International Airport,AKL,NZAA,New Zealand,Christchurch International Airport,CHC,NZCH,New Zealand,20,237,20,237,-,-,Final
19791130-1,Friday,30-NOV-1979,-,A1, Landing (LDG),Jeddah International Airport,Saudi Arabia,-,0, Damaged beyond repair,-,Boeing 707-373C,4,Pratt & Whitney JT3D-3B,1963,-,-, HZ-ACE, 18582/344,Saudi Arabian,Unknown,-,-,-,-,-,-,-,-,-,-,-,0,0,-,-,-
19791202-0,Sunday,02-DEC-1979,16:21,A1, Takeoff (TOF),"Unalaska Airport, AK (DUT)",United States of America,6,0, Damaged beyond repair,-,Learjet 24,-,-,-,-,-, N300JA, 24-282,ERA Helicopters,Domestic Non Scheduled Passenger,-,Unalaska Airport,DUT,PADU,United States of America,Anchorage International Airport,ANC,PANC,United States of America,2,4,0,0,-,-,Final
19791203-1,Monday,03-DEC-1979,-,A1, En route (ENR),"near Nome, AK",United States of America,4,4, Damaged beyond repair,-,de Havilland Canada DHC-6 Twin Otter 300,2,Pratt & Whitney Canada PT6A-27,1970,-,-, N8061V, 294,Evergreen Helicopters,Domestic Scheduled Passenger,-,Nome Airport,OME,PAOM,United States of America,Shishmaref Airport,SHH,PASH,United States of America,2,2,2,2,-,-,Final
19791210-0,Monday,10-DEC-1979,21:45,A1, Approach (APR),2 km (1.3 mls) NW of Forli Airport (FRL),Italy,3,3, Damaged beyond repair,-,Learjet 36A,2,Garrett TFE731-2-2B,-,-,-, I-AIFA, 36-021,Ferruzzi,Executive,-,-,-,-,-,Forli Airport,FRL,LIPK,Italy,2,1,2,1,-,2,-
19791211-0,Tuesday,11-DEC-1979,-,A1, Unknown (UNK),Oaxaca,Mexico,-,0, Damaged beyond repair,-,Douglas DC-3C,-,-,1943,-,-, N7302, 11971,Commercial Air Freight Inc,Cargo,-,-,-,-,-,-,-,-,-,-,-,0,0,-,-,-
19791212-0,Wednesday,12-DEC-1979,-,A1, Unknown (UNK),near Apolo Airport (APB),Bolivia,11,10, Damaged beyond repair,-,Martin 4-0-4,-,-,1951,-,-, CP-1440, 14114,CAMBA,Cargo,-,Apolo Airport,APB,SLAP,Bolivia,-,-,-,-,-,-,-,-,-,-,-
19791215-0,Saturday,15-DEC-1979,-,A1, En route (ENR),Machiques,Venezuela,5,2, Damaged beyond repair,-,Cessna 500 Citation I,-,-,-,-,-, YV-O-MAC-1, 500-0336,Ministerio de Agricultura y Cria,Survey/research,-,-,-,-,-,-,-,-,-,2,3,2,0,-,-,-
19791218-0,Tuesday,18-DEC-1979,-,A1, En route (ENR),Cerro Toledo,Colombia,21,21, Destroyed, Written off (damaged beyond repair),Douglas C-54D-10-DC (DC-4),-,-,1945,-,-, FAC-1106, 10853,SATENA,Domestic Non Scheduled Passenger,-,Arauca-Santiago Pérez Airport,AUC,SKUC,Colombia,Cúcuta-Camilo Daza Airport,CUC,SKCC,Colombia,5,16,5,16,-,-,-
19791219-0,Wednesday,19-DEC-1979,-,A1, En route (ENR),near Oroque,Colombia,4,4, Damaged beyond repair,-,de Havilland Canada DHC-6 Twin Otter 300,2,Pratt & Whitney Canada PT6A-27,1969,-,-, HK-1710W, 252,An-Son Drilling,Domestic Non Scheduled Passenger,-,Barranquilla-Ernesto Cortissoz Airport,BAQ,SKBQ,Colombia,Cúcuta-Camilo Daza Airport,CUC,SKCC,Colombia,2,2,2,2,-,-,-
19791222-0,Saturday,22-DEC-1979,-,A1, En route (ENR),near Puerto Esperanza,Peru,29,29, Damaged beyond repair,-,de Havilland Canada DHC-5D Buffalo,-,-,1971,-,-, FAP-348, 55,Peruvian AF,Domestic Scheduled Passenger,-,Pucallpa Airport,PCL,SPCL,Peru,-,-,-,-,5,24,5,24,-,-,Preliminary
19791223-0,Sunday,23-DEC-1979,-,A1, Approach (APR),15 km (9.4 mls) from  La Paz,Bolivia,-,0, Damaged beyond repair,-,Curtiss C-46D-15-CU Commando,-,-,1945,-,-, CP-777, 33479,Frigorificos Movima,Unknown,-,-,-,-,-,-,-,-,-,-,-,0,0,-,-,-
19791223-1,Sunday,23-DEC-1979,-,A1, Approach (APR),32 km (20 mls) N of Ankara-Esenboga Airport (ESB),Turkey,45,41, Damaged beyond repair,-,Fokker F-28 Fellowship 1000,-,-,1973,13763.0,12245.0, TC-JAT, 11071,THY,Domestic Scheduled Passenger,-,Samsun Airport,SSX,LTAQ,Turkey,Ankara-Esenboga Airport,ESB,LTAC,Turkey,4,41,3,38,-,-,-
19791223-2,Sunday,23-DEC-1979,-,A1, Approach (APR),Manari Airport (MRM),Papua New Guinea,16,16, Damaged beyond repair,-,GAF Nomad N.22B,-,-,1977,-,-, P2-DNL,  39,Douglas Airways,Domestic Scheduled Passenger,-,Port Moresby-Jacksons International Airport,POM,AYPY,Papua New Guinea,Manari Airport,MRM,AYMA,Papua New Guinea,2,14,2,14,-,-,-
19791225-0,Tuesday,25-DEC-1979,19:33,A1, Approach (APR),36 km (22.5 mls) from  Kabul,Afghanistan,48,48, Damaged beyond repair,-,Ilyushin Il-76M,-,-,1979,-,-, CCCP-86036, 093416500,Soviet AF,Military,-,Tashkent-Yuzhny Airport,TAS,UTTT,Uzbekistan,Bagram Air Base,OAI,OAIX,Afghanistan,10,38,10,38,-,-,Preliminary
19791227-0,Thursday,27-DEC-1979,-,A1, Unknown (UNK),Puerto Lempira (PEU),Honduras,-,-, Damaged beyond repair,-,Douglas C-47B-1-DL (DC-3),-,-,1944,-,-, FAH-313, 20839,Honduras AF,Military,-,-,-,-,-,-,-,-,-,-,-,-,-,-,-,-
19791227-1,Thursday,27-DEC-1979,18:39,A2, Landing (LDG),London-Heathrow Airport (LHR),United Kingdom,3,0, Substantial, Repaired,Boeing 747-121SF,4,Pratt & Whitney JT9D-7D,1970,9505.0,34615.0, N771PA, 19661/70,Pan Am,Cargo,-,New York-John F. Kennedy International Airport,JFK,KJFK,United States of America,London-Heathrow Airport,LHR,EGLL,United Kingdom,3,0,0,0,-,-,Final
19799999-0,-,xx-xxx-1979,-,A1, Unknown (UNK),at an unknown location,Colombia,-,-, Damaged beyond repair,-,Douglas DC-7CF,-,-,1957,-,-, N302G, 45190/818,private,Unknown,-,-,-,-,-,-,-,-,-,-,-,-,-,-,-,-
19799999-1,-,xx-xxx-1979,-,A1, Unknown (UNK),at an unknown location,Unknown country,-,-, Damaged beyond repair,-,CASA C-212 Aviocar 100,-,-,1977,-,-, 424, 97,Nicaraguan AF,Military,-,-,-,-,-,-,-,-,-,-,-,-,-,-,-,-
19799999-2,-,xx-xxx-1979,-,A1, Unknown (UNK),at an unknown location,Unknown country,-,-, Damaged beyond repair,-,de Havilland Canada DHC-6 Twin Otter 300,2,Pratt & Whitney Canada PT6A-27,1974,-,-, FAP-333, 418,Peruvian AF,Military,-,-,-,-,-,-,-,-,-,-,-,-,-,-,-,-
19799999-4,-,XX-XXX-1979,-,O1, Standing (STD),at an unknown location,Unknown country,-,-, Damaged beyond repair,-,Antonov An-2P,-,-,-,-,-, SP-FNA, 1G151-54,Zakladu Urz. Chem.,-,-,-,-,-,-,-,-,-,-,-,-,-,-,-,-,-
19799999-5,-,xx-xxx-1979,-,U1, Unknown (UNK),Cela,Angola,-,-, Damaged beyond repair,-,Britten-Norman BN-2A Islander,-,-,1971,-,-, D2-FMW, 276,CTA,Unknown,-,-,-,-,-,-,-,-,-,-,-,-,-,-,-,-
19790606-0,Wednesday,06-JUN-1979,04:17,A1, Landing (LDG),"Charleston, WV",United States of America,3,0, Damaged beyond repair,-,Douglas DC-6BF,-,-,1958,-,-, AN-BFN, 45322/939,Unknown,Illegal Flight,-,-,-,-,-,-,-,-,-,3,0,0,0,-,-,Final
19790606-1,Wednesday,06-JUN-1979,-,A1, Unknown (UNK),Dybowo-Olecko,Poland,-,-, Damaged beyond repair,-,Antonov An-2R,-,-,-,-,-, SP-WWG, 1G173-58,ZUA,Unknown,-,-,-,-,-,-,-,-,-,-,-,-,-,-,-,-
19790607-0,Thursday,07-JUN-1979,-,A1, En route (ENR),near Leh,India,28,28, Damaged beyond repair,-,Hindustan Aeronautics Ltd. HAL-748-LFD Srs. 2M,-,-,1978,-,-, H-2178, 572,Indian AF,Military,-,-,-,-,-,Leh Airport,IXL,VILH,India,-,-,-,-,-,-,-
19790608-0,Friday,08-JUN-1979,-,H2, Unknown (UNK),"Brisbane-Eagle Farm Airport, QLD (BNE)",Australia,-,0, Unknown,-,McDonnell Douglas DC-9-31,-,-,-,-,-, registration unknown,-,TAA,Domestic Scheduled Passenger,-,Coolangatta Airport,OOL,YBCG,Australia,-,-,-,-,-,-,0,0,-,-,-
19790609-0,Saturday,09-JUN-1979,14:51,A1, Approach (APR),"6,5 km (4.1 mls) off  Chicago-Merrill C Meigs Field, IL (CGX)",United States of America,2,2, Damaged beyond repair,-,Beechcraft 99 Airliner,2,Pratt & Whitney Canada PT6A-20,1968,-,-, N454SA, U- 54,Skystream Airlines,Ferry/positioning,-,Chicago-Merrill C Meigs Field,CGX,KCGX,United States of America,Chicago-Merrill C Meigs Field,CGX,KCGX,United States of America,1,1,1,1,-,-,Final
19790611-0,Monday,11-JUN-1979,09:45,A1, En route (ENR),"48 km (30 mls) NE of Elk City, ID",United States of America,12,10, Destroyed, Written off (damaged beyond repair),Douglas C-47A-90-DL (DC-3),2,Pratt & Whitney R-1830-92,1944,-,-, N148Z, 20422,U.S. Forest Service,Domestic Non Scheduled Passenger,-,-,-,-,-,-,-,-,-,2,10,2,8,-,-,-
19790611-1,Monday,11-JUN-1979,-,H2, En route (ENR),Havana,Cuba,207,0, None,-,Lockheed L-1011 TriStar,-,-,-,-,-, registration unknown,-,Delta Air Lines,Domestic Scheduled Passenger,1061,New York-John F. Kennedy International Airport,JFK,KJFK,United States of America,Fort Lauderdale International Airport,FLL,KFLL,United States of America,12,195,0,0,-,-,-
19790611-2,Monday,11-JUN-1979,21:52,A1, Landing (LDG),"Saint Louis-Lambert International Airport, MO (STL)",United States of America,2,0, Substantial, Written off (damaged beyond repair),Carstedt Jet Liner 600F,2,Garrett TPE331,1953,-,-, N906MW, 04449,Midwest Air Charter,Cargo,-,-,-,-,-,Saint Louis-Lambert International Airport,STL,KSTL,United States of America,2,0,0,0,-,-,Final
19790612-0,Tuesday,12-JUN-1979,07:23,A1, Initial climb (ICL),"Fort Lauderdale-Executive Airport, FL (FXE)",United States of America,2,2, Damaged beyond repair,-,Douglas DC-3D,-,-,1946,-,-, N427W, 43073,Bradley Aviation,Unknown,-,Fort Lauderdale-Executive Airport,FXE,KFXE,United States of America,-,-,-,-,2,0,2,0,-,-,Final
19790614-0,Thursday,14-JUN-1979,09:00,U1, Unknown (UNK),"near Aldeia Indígena Fontoura, TO",Brazil,6,4, Damaged beyond repair,-,Britten-Norman BN-2A-6 Islander,-,-,1971,-,-, PT-IJE, 304,VOTEC,Passenger,-,-,-,-,-,-,-,-,-,-,-,-,-,-,-,-
19790616-0,Saturday,16-JUN-1979,-,A1, Unknown (UNK),Petropavlovsk-Kamchatsky,Russia,1,0, Damaged beyond repair,-,Antonov An-2T,-,-,-,-,-, CCCP-44920, 1G24-20,Aeroflot / Far East,Illegal Flight,-,Petropavlovsk-Kamchatsky Airport,PKC,UHPP,Russia,-,-,-,-,1,0,0,0,-,-,-
19790617-0,Sunday,17-JUN-1979,22:48,A1, Approach (APR),"2,8 km (1.8 mls) NE of Hyannis-Barnstable Airport, MA (HYA)",United States of America,10,1, Damaged beyond repair,-,de Havilland Canada DHC-6 Twin Otter 300,2,Pratt & Whitney Canada PT6A-27,1969,-,17058.0, N383EX, 245,Air New England,Domestic Scheduled Passenger, 248,New York-La Guardia Airport,LGA,KLGA,United States of America,Hyannis-Barnstable Airport,HYA,KHYA,United States of America,2,8,1,0,-,-,Final
19790618-0,Monday,18-JUN-1979,-,A1, Landing (LDG),"Brasilia International Airport, DF (BSB)",Brazil,2,0, Damaged beyond repair,-,Hawker Siddeley VC-93 (HS-125-3B/RC),-,-,1968,-,-, 2122, 25166,Brazilian AF,Military,-,-,-,-,-,Brasília International Airport,BSB,SBBR,Brazil,2,0,0,0,-,-,-
19790619-0,Tuesday,19-JUN-1979,-,A1, Unknown (UNK),near Shiraz,Iran,5,5, Damaged beyond repair,-,Lockheed C-130E Hercules,-,-,1973,-,-, 5-8520, 4402,Iran AF,Military,-,-,-,-,-,-,-,-,-,-,-,-,-,-,-,-
19790620-0,Wednesday,20-JUN-1979,-,H2, Unknown (UNK),"Chicago, New York, Shannon",Ireland,136,0, None,-,Boeing 727,-,-,-,-,-, registration unknown,-,American Airlines,Domestic Scheduled Passenger,AA293,New York-John F. Kennedy International Airport,JFK,KJFK,United States of America,Chicago-O'Hare International Airport,ORD,KORD,United States of America,-,-,0,0,-,-,-
19790621-0,Thursday,21-JUN-1979,14:20,A2, Landing (LDG),Mangalore Airport (IXE),India,53,0, Substantial, Repaired,Hindustan Aeronautics Ltd. HAL-748-224 Srs. 2,-,-,-,-,-, VT-DXO, 522,Indian Airlines,Domestic Scheduled Passenger,IC557,Bangalore-Hindustan Airport,BLR,VOBG,India,Mangalore-Bajpe Airport,IXE,VOML,India,4,49,0,0,-,-,Final
19790621-1,Thursday,21-JUN-1979,-,A1, Landing (LDG),"Rivière-du-Loup Airport, QC (YRI)",Canada,4,0, Damaged beyond repair,-,Lockheed L-749 Constellation (VC-121B),-,-,1949,-,-, C-GXKS, 2609,Beaver Air Spray,Agricultural,-,-,-,-,-,Rivière-du-Loup Airport,YRI,CYRI,Canada,4,0,0,0,-,-,-
19790622-0,Friday,22-JUN-1979,20:12,A1, Initial climb (ICL),"near Daggett-Barstow-Daggett Airport, CA (DAG)",United States of America,6,1, Damaged beyond repair,-,Douglas DC-7CF,-,-,1957,-,-, N357AL, 45229/904,Go Transportation,Illegal Flight,-,Daggett-Barstow-Daggett Airport,DAG,KDAG,United States of America,-,-,-,-,2,4,1,0,-,-,Final
19790623-0,Saturday,23-JUN-1979,-,H2, En route (ENR),San José-Juan Santamaria International Airport (SJO),Costa Rica,20,0, None,-,Boeing 727-76,-,-,1965,-,-, AN-BSQ, 18843/170,LANICA,International Scheduled Passenger,-,Miami International Airport,MIA,KMIA,United States of America,Managua-Las Mercedes Airport,MGA,MNMG,Nicaragua,9,11,0,0,-,-,-
19790626-0,Tuesday,26-JUN-1979,-,A1, En route (ENR),near Luzon Island-Cubi Point NAS (NCP),Philippines,15,5, Damaged beyond repair,-,Lockheed P-3B Orion,-,-,1968,-,-, 154596, 185-5277,US Navy,Military,-,-,-,-,-,-,-,-,-,15,0,5,0,-,-,-
19790628-0,Thursday,28-JUN-1979,-,A1, Landing (LDG),off Alverca,Portugal,8,1, Damaged beyond repair,-,Consolidated PBY-6A Catalina,-,-,-,-,-, N101CS, 2141,private,Test,-,-,-,-,-,-,-,-,-,2,6,1,0,-,-,-
19790630-0,Saturday,30-JUN-1979,-,H2, En route (ENR),"Miami International Airport, FL (MIA)",United States of America,306,0, None,-,Lockheed L-1011 TriStar,-,-,-,-,-, registration unknown,-,Eastern Air Lines,Domestic Scheduled Passenger,EA932,-,-,-,-,Miami International Airport,MIA,KMIA,United States of America,13,293,0,0,-,-,-
19790630-1,Saturday,30-JUN-1979,-,A2, Landing (LDG),Budapest-Ferihegy Airport (BUD),Hungary,70,0, Substantial, Repaired,Tupolev Tu-154B,-,-,1975,-,-, P-551, 75A129,Chosonminhang,Int'l Non Scheduled Passenger,-,Tripoli International Airport,TIP,HLLT,Libya,Budapest-Ferihegy Airport,BUD,LHBP,Hungary,16,54,0,0,-,-,-
19790630-2,Saturday,30-JUN-1979,22:45,A2, Landing (LDG),Calcutta Airport (CCU),India,159,0, Substantial, Repaired,Airbus A300B2-101,2,General Electric CF6-50C,1976,-,-, VT-EDV, 034,Indian Airlines,Domestic Scheduled Passenger,-,-,-,-,-,Calcutta Airport,CCU,VECC,India,11,148,0,0,-,-,Final
19790702-0,Monday,02-JUL-1979,-,A1, Initial climb (ICL),Kamenz,Germany,-,-, Damaged beyond repair,-,Antonov An-2T,-,-,-,-,-, 833, 195(473)05,East German AF,Military,-,-,-,-,-,-,-,-,-,-,-,-,-,-,-,-
19790703-0,Tuesday,03-JUL-1979,-,A1, Maneuvering (MNV),Krasnaya Polyana,Russia,-,-, Damaged beyond repair,-,Antonov An-2M,-,-,1967,36248.0,6627.0, CCCP-02330, 701418,Aeroflot / Ukraine,Agricultural,-,-,-,-,-,-,-,-,-,-,-,-,-,-,-,-
19790705-0,Thursday,05-JUL-1979,-,O1, Standing (STD),Paris-Orly Airport (ORY),France,18,0, Damaged beyond repair,-,Fairchild F-27A,-,-,1965,-,-, F-GBRS, 108,TAT,Scheduled Passenger,-,-,-,-,-,-,-,-,-,-,-,0,0,-,-,-
19790706-0,Friday,06-JUL-1979,11:02,A1, Landing (LDG),"Pueblo Memorial Airport, CO (PUB)",United States of America,3,2, Damaged beyond repair,-,Learjet 25B,-,-,-,-,-, N40BC, 25-128,Chapman Commodities,Training,-,-,-,-,-,Pueblo Memorial Airport,PUB,KPUB,United States of America,3,0,2,0,-,-,Final
19790706-1,Friday,06-JUL-1979,-,A1, Unknown (UNK),Drzenin,Poland,-,-, Damaged beyond repair,-,Antonov An-2R,-,-,-,-,-, SP-WOD, 1G160-17,ZUA,Unknown,-,-,-,-,-,-,-,-,-,-,-,-,-,-,-,-
19790707-0,Saturday,07-JUL-1979,21:00,A1, En route (ENR),off Aruba [Caribbean Sea],Atlantic Ocean,3,0, Damaged beyond repair,-,Howard 500,-,-,-,-,-, N721N, 500-102,Aggadir,Training,-,-,-,-,-,-,-,-,-,2,1,0,0,-,-,Final
19790708-0,Sunday,08-JUL-1979,20:00,A1, Landing (LDG),"Casa Grande, AZ",United States of America,4,4, Damaged beyond repair,-,Fairchild C-119L Flying Boxcar,2,Wright R-3350,-,-,-, N1040E, 11270,Unknown,Unknown,-,-,-,-,-,-,-,-,-,1,3,1,3,-,-,Final
19790709-0,Monday,09-JUL-1979,-,H2, Unknown (UNK),Quito,Ecuador,-,0, Unknown,-,Fairchild F-27,-,-,-,-,-, registration unknown,-,Aerolineas Condor,Unknown,-,Tulcán Airport,TUA,SETU,Ecuador,Quito-Mariscal Sucre Airport,UIO,SEQU,Ecuador,-,-,0,0,-,-,-
19790711-0,Wednesday,11-JUL-1979,19:00,A1, En route (ENR),Mount Sibayak,Indonesia,61,61, Damaged beyond repair,-,Fokker F-28 Fellowship 1000,-,-,1972,14084.0,14154.0, PK-GVE, 11055,Garuda,Domestic Scheduled Passenger,-,Palembang Airport,PLM,WIPP,Indonesia,Medan-Polonia Airport,MES,WIMM,Indonesia,4,57,4,57,-,-,-
19790712-0,Thursday,12-JUL-1979,10:20,A1, En route (ENR),10 km (6.3 mls) ENE of Bua,Fiji,9,9, Damaged beyond repair,-,Britten-Norman BN-2A-9 Islander,2,Lycoming O-540-E4C5,1970,-,8835.0, DQ-FBO, 195,Fiji Air,Domestic Scheduled Passenger,  71,Suva-Nausori Airport,SUV,NFSU,Fiji,Bua-Dama Airport,BVF,NFNU,Fiji,1,8,1,8,-,-,Final
19790713-0,Friday,13-JUL-1979,15:15,A1, Landing (LDG),"near Belle Glade, FL",United States of America,2,0, Damaged beyond repair,-,Douglas DC-3-313,-,-,1939,-,-, N21782, 2170,M.J. Supply,Ferry/positioning,-,-,-,-,-,Boca Raton Public Airport,BCT,KBCT,United States of America,2,0,0,0,-,-,Final
19790715-1,Sunday,15-JUL-1979,06:00,A1, Standing (STD),"Moosonee Airport, ON (YMO)",Canada,2,0, Destroyed, Written off (damaged beyond repair),Hawker Siddeley HS-748-259 Srs. 2A,-,-,1970,-,-, C-GPAA, 1675,Austin Airways,Cargo,-,Moosonee Airport,YMO,CYMO,Canada,-,-,-,-,2,0,0,0,-,-,-
19790720-0,Friday,20-JUL-1979,-,A1, Approach (APR),"1,5 km (0.9 mls) off  Kingston-Norman Manley International Airport (KIN)",Jamaica,4,2, Damaged beyond repair,-,Douglas DC-6A,-,-,1955,-,-, N43865, 44657/623,Kimex Inc,Cargo,-,Gainesville-J R Alison Municipal Airport,GNV,KGNV,United States of America,Kingston-Norman Manley International Airport,KIN,MKJP,Jamaica,4,0,2,0,-,-,-
19790720-1,Friday,20-JUL-1979,-,A1, Landing (LDG),Bogotá-Eldorado Airport (BOG),Colombia,57,0, Damaged beyond repair,-,Sud Aviation SE-210 Caravelle VI-R,2,Rolls-Royce Avon 533R,1964,-,-, HK-1778, 140,Aerotal Colombia,Domestic Scheduled Passenger,-,Bogotá-Eldorado Airport,BOG,SKBO,Colombia,Cúcuta-Camilo Daza Airport,CUC,SKCC,Colombia,6,51,0,0,-,-,-
19790720-2,Friday,20-JUL-1979,19:30,A1, En route (ENR),"off Honolulu, HI, USA",Pacific Ocean,2,2, Missing, Presumed damaged beyond repair,Douglas C-47B-50-DK (DC-3),2,Pratt & Whitney R-1830-90C,1945,-,-, N63250, 34329/17062,Trans National Airlines,Ferry/positioning,-,San Jose Municipal Airport,SJC,KSJC,United States of America,Honolulu International Airport,HNL,PHNL,United States of America,2,0,2,0,-,-,Final
19790720-3,Friday,20-JUL-1979,-,H2, Unknown (UNK),"Omaha-Eppley Airfield, NE (OMA)",United States of America,126,0, Unknown,-,Boeing 727,-,-,-,-,-, registration unknown,-,United Airlines,Domestic Scheduled Passenger,UA320,Denver-Stapleton International Airport,DEN,KDEN,United States of America,Omaha-Eppley Airfield,OMA,KOMA,United States of America,-,-,0,0,-,-,-
19790720-4,Friday,20-JUL-1979,-,U1, Unknown (UNK),at an unknown location,Unknown country,-,-, Damaged beyond repair,-,Britten-Norman BN-2A Islander,-,-,1969,-,-, N856JA, 108,Sun Air,Unknown,-,-,-,-,-,-,-,-,-,-,-,-,-,-,-,-
19790721-0,Saturday,21-JUL-1979,18:10,A1, Maneuvering (MNV),"16 km (10 mls) SW of Superior, MT",United States of America,2,2, Destroyed, Written off (damaged beyond repair),Boeing B-17G,-,-,-,-,-, N66573, 8217,Black Hills Aviation,Fire fighting,-,-,-,-,-,-,-,-,-,2,0,2,0,-,-,-
19790723-0,Monday,23-JUL-1979,-,A1, Initial climb (ICL),Beirut International Airport (BEY),Lebanon,6,6, Damaged beyond repair,-,Boeing 707-327C,4,Pratt & Whitney JT3D-3B,1966,-,-, OD-AFX, 19107/507,TMA,Training,-,Beirut International Airport,BEY,OLBA,Lebanon,Beirut International Airport,BEY,OLBA,Lebanon,6,0,6,0,-,-,-
19790723-1,Monday,23-JUL-1979,-,A1, Unknown (UNK),within West Irian,Indonesia,1,1, Damaged beyond repair,-,GAF Nomad N.22B,-,-,1976,-,-, PK-MAJ,  28,MAF,Unknown,-,-,-,-,-,-,-,-,-,1,0,1,0,-,-,-
19790723-2,Monday,23-JUL-1979,17:57,A1, En route (ENR),near Matthew's Ridge Airport (MWJ),Guyana,9,3, Damaged beyond repair,-,IAI Arava 201,-,-,1978,-,-, GN7953, 051,Venezuela ANG,Military,-,Ciudad Bolívar Airport,CBL,SVCB,Venezuela,Santa Elena Airport,SNV,SVSE,Venezuela,-,-,-,-,-,-,-
19790724-0,Tuesday,24-JUL-1979,-,A1, Landing (LDG),"Brunswick-Glynco Jetport, GA (BQK)",United States of America,3,0, Damaged beyond repair,-,Lockheed 18-56-23 Lodestar,-,-,1943,-,-, N33LM, 18-2341,Wiregrass Aviation,Ferry/positioning,-,-,-,-,-,Brunswick-Glynco Jetport,BQK,KBQK,United States of America,2,1,0,0,-,-,Final
19790724-1,Tuesday,24-JUL-1979,19:22,A1, Takeoff (TOF),Saint Croix-Alexander Hamilton Airport (STX),U.S. Virgin Islands,21,8, Damaged beyond repair,-,de Havilland DH-114 Heron 2D,4,Continental IO-520E,1957,-,23045.0, N575PR, 14125,Prinair,International Scheduled Passenger, 610,Saint Croix-Alexander Hamilton Airport,STX,TISX,U.S. Virgin Islands,Saint Kitts-Golden Rock Airport,SKB,TKPK,St. Kitts and Nevis,2,19,1,7,-,-,Final
19790725-0,Wednesday,25-JUL-1979,-,H2, Unknown (UNK),Calcutta,India,-,0, Unknown,-,Fokker F-27 Friendship,-,-,-,-,-, registration unknown,-,Biman Bangladesh,Unknown,-,Jessore Airport,JSR,VGJR,Bangladesh,Dhaka-Tejgaon Airport,DAC,VGTJ,Bangladesh,-,-,0,0,-,-,-
19790726-1,Thursday,26-JUL-1979,21:32,A1, En route (ENR),"25 km (15.6 mls) N of Rio de Janeiro-Galeão International Airport, RJ (GIG)",Brazil,3,3, Damaged beyond repair,-,Boeing 707-330C,4,Pratt & Whitney JT3D-3B,1970,-,-, D-ABUY, 20395/848,Lufthansa,Cargo,LH527,Rio de Janeiro-Galeão International Airport,GIG,SBGL,Brazil,Dakar-Yoff Airport,DKR,GOOY,Senegal,3,0,3,0,-,-,Final
19790727-0,Friday,27-JUL-1979,-,O1, Standing (STD),Daneborg,Greenland,1,0, Damaged beyond repair,-,de Havilland Canada DHC-6 Twin Otter 100,2,Pratt & Whitney Canada PT6A-20,1968,-,-, TF-JME,  98,Flugfélag Nordurlands,Unknown,-,-,-,-,-,-,-,-,-,1,0,0,0,-,-,-
19790730-1,Monday,30-JUL-1979,-,U1, Unknown (UNK),at an unknown location,Colombia,-,-, Damaged beyond repair,-,Douglas TC-47B (DC-3),-,-,1945,-,-, FAC-684, 27051/15606,Colombian AF,Military,-,-,-,-,-,-,-,-,-,-,-,-,-,-,-,-
19790731-0,Tuesday,31-JUL-1979,16:01,A1, Takeoff (TOF),"Sumburgh Airport, Shetland Islands (LSI)",United Kingdom,47,17, Damaged beyond repair,-,Avro 748-105 Srs. 1,2,Rolls-Royce Dart 514,1962,-,29007.0, G-BEKF, 1542,Dan-Air Services,Domestic Non Scheduled Passenger,0034,Sumburgh Airport,LSI,EGPB,United Kingdom,Aberdeen-Dyce Airport,ABZ,EGPD,United Kingdom,3,44,2,15,-,-,Final
19790799-0,-,xx-JUL-1979,-,U1, Unknown (UNK),Larnaca Airport (LCA),Cyprus,-,0, Damaged beyond repair,-,Douglas DC-6BF,-,-,1952,-,-, N19CA, 43744/288,New World Air Charter,Unknown,-,-,-,-,-,-,-,-,-,-,-,0,0,-,-,-
19790802-0,Thursday,02-AUG-1979,16:02,A1, Approach (APR),"Akron/Canton Regional Airport, OH (CAK)",United States of America,3,1, Destroyed, Written off (damaged beyond repair),Cessna 501 Citation I/SP,2,Pratt & Whitney Canada JT15D-1A,1979,-,43.0, N15NY, 501-0110,private,Private,-,Akron/Canton Regional Airport,CAK,KCAK,United States of America,Akron/Canton Regional Airport,CAK,KCAK,United States of America,1,2,1,0,-,-,Final
19790803-0,Friday,03-AUG-1979,-,A1, Approach (APR),"0,5 km (0.3 mls) NE of Leningrad-Rzhevka Airport",Russia,14,10, Damaged beyond repair,-,Let L-410M,2,Walter M-601A,1976,674.0,648.0, CCCP-67206, 760509,Aeroflot / Central Region,Domestic Scheduled Passenger,-,Velikiye Luki Airport,VLU,ULOL,Russia,Leningrad-Rzhevka Airport,RVH,ULSS,Russia,3,11,3,7,-,-,-
19790804-0,Saturday,04-AUG-1979,20:16,A1, Approach (APR),near Panvel,India,45,45, Damaged beyond repair,-,Hindustan Aeronautics Ltd. HAL-748-224 Srs. 2,-,-,1968,-,-, VT-DXJ, 515,Indian Airlines,Domestic Scheduled Passenger,-,Pune-Lohegaon Airport,PNQ,VAPO,India,Bombay-Santacruz Airport,BOM,VABB,India,5,40,5,40,-,-,Final
19790804-1,Saturday,04-AUG-1979,-,A1, En route (ENR),Cerro Tupungato,Chile,5,5, Destroyed, Written off (damaged beyond repair),Curtiss C-46A-45-CU Commando,-,-,1944,-,-, N8040Y, 30323,Aircraft Line Maintenance,Ferry/positioning,-,Mendoza-El Plumerillo Airport,MDZ,SAME,Argentina,-,-,-,-,5,0,5,0,-,-,-
19790805-0,Sunday,05-AUG-1979,-,H2, En route (ENR),"Fuerteventura, Lisbon, Geneva",Switzerland,-,0, None,-,McDonnell Douglas DC-9-32,-,-,1968,-,-, EC-BIT, 47313/268,Iberia,Domestic Scheduled Passenger,-,Las Palmas-Airport de Gran Canaria,LPA,GCLP,Spain,Puerto del Rosario Airport,FUE,GCFV,Spain,-,-,0,0,-,-,- (No safety board investigation)
19790807-0,Tuesday,07-AUG-1979,-,A1, Landing (LDG),at an unknown location,Greenland,-,0, Damaged beyond repair,-,Britten-Norman BN-2A Islander,-,-,1969,-,-, G-AXWG, 135,Harvest Air,Unknown,-,-,-,-,-,-,-,-,-,-,-,0,0,-,-,-
19790809-0,Thursday,09-AUG-1979,-,A1, Landing (LDG),Moskva-Domodedovo Airport (DME),Russia,-,2, Damaged beyond repair,-,Antonov An-8,-,-,1960,3090.0,5229.0, CCCP-69314, 0B-3420,MOM Omsk,Cargo,-,-,-,-,-,Moskva-Domodedovo Airport,DME,UUDD,Russia,-,-,0,2,-,-,-
19790809-1,Thursday,09-AUG-1979,-,C1, Unknown (UNK),near Gaborone,Botswana,2,2, Damaged beyond repair,-,IRMA/Britten-Norman BN-2A-21 Defender,-,-,1976,-,-, OA-2, 783,Botswana AF,Military,-,-,-,-,-,-,-,-,-,-,-,-,-,-,-,-
19790811-0,Saturday,11-AUG-1979,-,A1, En route (ENR),100 km (62.5 mls) S of Katab,Egypt,5,5, Damaged beyond repair,-,Learjet 35,2,Garrett TFE731-2-2B,1975,-,-, N711AF, 35-029,Bahri Aviation,Unknown,-,Athens-Ellinikon International Airport,ATH,LGAT,Greece,-,-,-,-,2,3,2,3,-,-,-
19790811-1,Saturday,11-AUG-1979,13:35,A1, En route (ENR),"3,5 km (2.2 mls) SE of Kurilovka",Ukraine,94,94, Destroyed, Written off (damaged beyond repair),Tupolev Tu-134A,2,Soloviev D-30,1974,7683.0,12739.0, CCCP-65816, 4352210,Aeroflot / Moldova,Domestic Scheduled Passenger,7628,Voronezh Airport,VOZ,UUOO,Russia,Kishinev Airport,KIV,LUKK,Moldova,6,88,6,88,84,-,-
19790811-2,Saturday,11-AUG-1979,13:35,A1, En route (ENR),2 km (1.3 mls) NE of Kurilovka,Ukraine,84,84, Destroyed, Written off (damaged beyond repair),Tupolev Tu-134A,2,Soloviev D-30,1971,7075.0,10735.0, CCCP-65735, 1351405,Aeroflot / Belarus,Domestic Scheduled Passenger,7880,Donetsk Airport,DOK,UKCC,Ukraine,Minsk-1 International Airport,MHP,UMMM,Belarus,7,77,7,77,94,-,-
19790816-0,Thursday,16-AUG-1979,-,H2, Unknown (UNK),"Miami, FL",United States of America,91,0, Unknown,-,Boeing 727,-,-,-,-,-, registration unknown,-,Eastern Air Lines,International Scheduled Passenger,EA980,Guatemala City-La Aurora Airport,GUA,MGGT,Guatemala,Miami International Airport,MIA,KMIA,United States of America,-,-,0,0,-,-,-
19790819-1,Sunday,19-AUG-1979,-,A1, Landing (LDG),Bahrain International Airport (BAH),Bahrain,66,0, Damaged beyond repair,-,Boeing 707-123B,4,Pratt & Whitney JT3D-1-MC6,1958,-,-, 5B-DAM, 17628/7,Cyprus Airways,International Scheduled Passenger,-,-,-,-,-,Bahrain International Airport,BAH,OBBI,Bahrain,8,58,0,0,-,-,-
19790822-0,Wednesday,22-AUG-1979,-,H2, Unknown (UNK),"San Francisco, Porland",United States of America,120,0, Unknown,-,Boeing 727,-,-,-,-,-, registration unknown,-,United Airlines,Domestic Scheduled Passenger,UA739,Portland International Airport,PDX,KPDX,United States of America,Los Angeles International Airport,LAX,KLAX,United States of America,-,-,0,0,-,-,-
19790822-1,Wednesday,22-AUG-1979,05:40,C1, Initial climb (ICL),Bogotá-Eldorado Airport (BOG),Colombia,1,1, Damaged beyond repair,-,Hawker Siddeley HS-748-260 Srs. 2A,-,-,1971,-,-, FAC-1101, 1702,SATENA,Illegal Flight,-,Bogotá-Eldorado Airport,BOG,SKBO,Colombia,-,-,-,-,1,0,1,0,-,3,-
19790823-0,Thursday,23-AUG-1979,-,A1, Landing (LDG),"São Paulo-Viracopos Airport, SP (VCP)",Brazil,2,0, Damaged beyond repair,-,Learjet 24D,-,-,-,-,-, PT-DZU, 24-244,Líder Táxi Aéreo,Unknown,-,-,-,-,-,São Paulo/Campinas-Viracopos International Airport,VCP,SBKP,Brazil,2,0,0,0,-,-,-
19790824-0,Friday,24-AUG-1979,-,H2, Unknown (UNK),"Larnaca, ...., Larnaca",Cyprus,-,0, Unknown,-,Boeing 727,-,-,-,-,-, registration unknown,-,Libyan Arab Airlines,Unknown,-,Benghazi-Benina International Airport,BEN,HLLB,Libya,Tripoli International Airport,TIP,HLLT,Libya,-,-,0,0,-,-,-
19790824-1,Friday,24-AUG-1979,01:56,A1, En route (ENR),18 km (11.3 mls) from  Yeniseisk,Russia,16,11, Destroyed, Written off (damaged beyond repair),Antonov An-12TB,-,-,1969,7006.0,18235.0, CCCP-12963, 9346407,Aeroflot / Krasnoyarsk,Cargo,-,Noril'sk Airport,NSK,UOOO,Russia,Krasnoyarsk Airport,KJA,UNKL,Russia,6,10,6,5,-,-,-
19790826-0,Sunday,26-AUG-1979,04:50,A1, Landing (LDG),San Juan-Isla Verde International Airport (SJU),Puerto Rico,3,0, Damaged beyond repair,-,Convair CV-440,-,-,1953,-,-, N14478, 103,Cornerstone Construction ?,Illegal Flight,-,-,-,-,-,San Juan-Isla Verde International Airport,SJU,TJSJ,Puerto Rico,2,1,0,0,-,-,-
19790828-0,Tuesday,28-AUG-1979,-,U1, Unknown (UNK),unknown,Unknown country,-,-, Damaged beyond repair,-,Fairchild C-119 Flying Boxcar,-,-,-,-,-, 3194,-,Republic of China AF,Military,-,-,-,-,-,-,-,-,-,-,-,-,-,-,-,-
19790829-0,Wednesday,29-AUG-1979,23:00,A1, Approach (APR),"0,4 km (0.3 mls) E of Frobisher Bay Airport, NU (YFB)",Canada,9,9, Destroyed, Written off (damaged beyond repair),de Havilland Canada DHC-6 Twin Otter 300,2,Pratt & Whitney Canada PT6A-27,1974,-,5286.0, C-GROW, 415,Bradley Air Services,Domestic Non Scheduled Passenger,-,-,-,-,-,Frobisher Bay Airport,YFB,CYFB,Canada,2,7,2,7,-,-,Final
19790829-1,Wednesday,29-AUG-1979,00:26,A1, En route (ENR),near Kirsanov,Russia,63,63, Destroyed, Written off (damaged beyond repair),Tupolev Tu-124V,2,Soloviev D-20P,1963,18369.0,23232.0, CCCP-45038, 3351003,Aeroflot / Privolzhsk,Domestic Scheduled Passenger,5484,Kiev-Borispol Airport,KBP,UKBB,Ukraine,Kazan Airport,KZN,UWKD,Russia,5,58,5,58,-,-,-
19790830-0,Thursday,30-AUG-1979,-,O1, Standing (STD),Fort de France-Lamentin Airport (FDF),Martinique,0,0, Damaged beyond repair,-,IRMA/Britten-Norman BN-2A-8 Islander,-,-,1972,-,-, F-OGGL, 680,Air Martinique,-,-,-,-,-,-,-,-,-,-,0,0,0,0,-,-,-
19790831-0,Friday,31-AUG-1979,-,O1, Standing (STD),Santo Domingo-Las Américas International Airport (SDQ),Dominican Republic,0,0, Damaged beyond repair,-,Curtiss C-46A-5-CK Commando,2,Pratt & Whitney R-2800-51,1944,-,-, HI-189,   101,private,-,-,-,-,-,-,-,-,-,-,0,0,0,0,-,-,-
19790831-1,Friday,31-AUG-1979,-,O1, Standing (STD),Santo Domingo-Las Américas International Airport (SDQ),Dominican Republic,0,0, Damaged beyond repair,-,Lockheed L-049-46-26 Constellation,-,-,1946,-,-, HI-260, 2070,Aerovias Quisqueyana,-,-,-,-,-,-,-,-,-,-,0,0,0,0,-,-,-
19790831-2,Friday,31-AUG-1979,-,O1, Standing (STD),Santo Domingo-Las Américas International Airport (SDQ),Dominican Republic,0,0, Damaged beyond repair,-,Douglas DC-3-208A,-,-,1939,-,-, HI-237, 2107,Alas del Caribe,-,-,-,-,-,-,-,-,-,-,0,0,0,0,-,-,-
19790831-3,Friday,31-AUG-1979,15:40,A1, Takeoff (TOF),"Pilot Point Airport, AK (PIP)",United States of America,2,0, Damaged beyond repair,-,Scottish Aviation Twin Pioneer 1,2,Alvis Leonides 514,1957,-,-, N9965F, 505,Air North,Cargo,-,Pilot Point Airport,PIP,PAPN,United States of America,-,-,-,-,2,0,0,0,-,-,Final
19790901-0,Saturday,01-SEP-1979,-,A2, En route (ENR),Ban Mai,Thailand,74,0, Substantial, Repaired,Antonov An-26,-,-,1974,-,-, RDPL-34037, 2506 ?,Lao Aviation,Int'l Non Scheduled Passenger,-,Hanoi-Noi Bai International Airport,HAN,VVNB,Vietnam,Vientiane-Wattay Airport,VTE,VLVT,Laos,6,68,0,0,-,-,-
19790903-0,Monday,03-SEP-1979,01:01,A1, Approach (APR),"1,85 km (1.2 mls) W of Amderma Airport (AMV)",Russia,43,40, Destroyed, Written off (damaged beyond repair),Antonov An-24B,-,-,1967,13194.0,19917.0, CCCP-46269, 77303602,Aeroflot / Arkhangelsk,Domestic Scheduled Passenger,A-513,Arkhangelsk-Talaghy Airport,ARH,ULAA,Russia,Amderma Airport,AMV,UOAA,Russia,6,37,5,35,-,-,-
19790903-1,Monday,03-SEP-1979,18:20,A1, Approach (APR),1 km (0.6 mls) SW off  Nice-Côte d'Azur Airport (NCE),France,10,10, Destroyed, Written off (damaged beyond repair),Aérospatiale SN.601 Corvette,2,Pratt & Whitney Canada JT15D-4,1975,-,5161.0, OY-SBS, 21,Sterling Airways,Int'l Non Scheduled Passenger,4133,Coventry-Baginton Airport,CVT,EGBE,United Kingdom,Nice-Côte d'Azur Airport,NCE,LFMN,France,2,8,2,8,-,-,Final
19790904-0,Tuesday,04-SEP-1979,-,A2, Landing (LDG),"Squaw Lake, QC",Canada,8,5, Substantial, Repaired,de Havilland Canada DHC-3 Otter,-,-,1957,-,-, C-FFSU, 194,Labrador Airways,Domestic Non Scheduled Passenger,-,-,-,-,-,-,-,-,-,-,-,-,-,-,-,-
19790907-0,Friday,07-SEP-1979,-,H2, Unknown (UNK),"Rome, Tehran",Iran,-,0, Unknown,-,McDonnell Douglas DC-8-62H,4,Pratt & Whitney JT3D-3B,1970,-,-, I-DIWW, 46098/516,Alitalia,International Scheduled Passenger,-,Beirut International Airport,BEY,OLBA,Lebanon,Roma-Fiumicino Airport,FCO,LIRF,Italy,-,-,0,0,-,-,-
19790909-0,Sunday,09-SEP-1979,-,A1, Takeoff (TOF),Orchid Island Airport (KYD),Taiwan,10,0, Damaged beyond repair,-,Britten-Norman BN-2A-8 Islander,-,-,1974,-,-, B-11107, 335,Taiwan Airlines,Domestic Scheduled Passenger,-,Orchid Island Airport,KYD,RCLY,Taiwan,-,-,-,-,-,-,0,0,-,-,-
19790911-0,Tuesday,11-SEP-1979,-,A1, En route (ENR),off Taipei-Chiang Kai Shek International Airport (TPE),Taiwan,6,6, Damaged beyond repair,-,Boeing 707-324C,4,Pratt & Whitney JT3D-3B,1965,-,-, B-1834, 18887/431,China Airlines,Training,-,Taipei-Chiang Kai Shek International Airport,TPE,RCTP,Taiwan,Taipei-Chiang Kai Shek International Airport,TPE,RCTP,Taiwan,6,0,6,0,-,-,-
19790912-0,Wednesday,12-SEP-1979,06:15,A1, Approach (APR),"1,6 km (1 mls) W off  South Caicos International Airport (XSC)",Turks and Caicos Islands,3,0, Damaged beyond repair,-,Curtiss C-46A-60-CK Commando,2,Pratt & Whitney R-2800-51,1945,-,-, N7768B,   467,Rich,Cargo,-,Grand Turk Island Airport,GDT,MBJT,Turks and Caicos Islands,South Caicos International Airport,XSC,MBSC,Turks and Caicos Islands,2,1,0,0,-,-,-
19790912-2,Wednesday,12-SEP-1979,-,H2, En route (ENR),Köln/Bonn Airport (CGN),Germany,-,0, None,-,Boeing 727-230,-,-,1971,-,-, D-ABFI, 20525/870,Lufthansa,Domestic Scheduled Passenger,-,Frankfurt International Airport,FRA,EDDF,Germany,Köln/Bonn Airport,CGN,EDDK,Germany,7,-,0,0,-,-,-
19790913-0,Thursday,13-SEP-1979,-,O1, Standing (STD),"Hattiesburg-Bobby L. Chain Municipal Airport, MS (HBG)",United States of America,0,0, Damaged beyond repair,-,Douglas DC-3C,-,-,1944,-,-, N37906, 12712,Southern Flyer Inc,-,-,-,-,-,-,-,-,-,-,0,0,0,0,-,-,-
19790914-0,Friday,14-SEP-1979,20:47,A1, En route (ENR),"39 km (24.4 mls) NW of Klamath Falls, OR",United States of America,12,12, Destroyed, Written off (damaged beyond repair),Douglas DC-7,4,Wright R-3350,1954,-,21025.0, N4SW, 44287/538,Butler Aircraft Comp.,Executive,  69,Klamath Falls-Kingsley Field,LMT,KLMT,United States of America,-,-,-,-,2,10,2,10,-,-,Final
19790914-1,Friday,14-SEP-1979,00:47,A1, Approach (APR),6 km (3.8 mls) NW of Sarroch,Italy,31,31, Destroyed, Written off (damaged beyond repair),McDonnell Douglas DC-9-32,2,Pratt & Whitney JT8D-9,1975,-,10000.0, I-ATJC, 47667/776,ATI,Domestic Scheduled Passenger,BM12,Alghero-Fertilia Airport,AHO,LIEA,Italy,Cagliari-Elmas Airport,CAG,LIEE,Italy,4,27,4,27,-,-,-
19790917-0,Monday,17-SEP-1979,12:26,A1, En route (ENR),"E of Boston, MA",United States of America,45,0, Substantial, Repaired,McDonnell Douglas DC-9-32,2,Pratt & Whitney JT8D-7B,1968,26816.0,28425.0, CF-TLU, 47196/288,Air Canada,International Scheduled Passenger,AC680,Boston-Logan International Airport,BOS,KBOS,United States of America,Yarmouth Airport,YQI,CYQI,Canada,5,40,0,0,-,-,Final
19790918-0,Tuesday,18-SEP-1979,-,A1, Landing (LDG),"Charleston AFB, SC (CHS)",United States of America,-,0, Damaged beyond repair,-,Lockheed C-141B Starlifter,4,Pratt & Whitney TF33-P-7,-,-,18547.0, 64-0647, 300-6060,USAF,Military,-,Charleston AFB,CHS,KCHS,United States of America,Charleston AFB,CHS,KCHS,United States of America,-,-,0,0,-,-,-
19790918-1,Tuesday,18-SEP-1979,-,A1, En route (ENR),"Blink Horn Point, BC",Canada,9,4, Damaged beyond repair,-,Britten-Norman BN-2A-7 Islander,-,-,1970,-,-, C-FZVV, 238,Pacific Coastal,Domestic Scheduled Passenger,-,Comox Airport,YQQ,CYQQ,Canada,Port Hardy Airport,YZT,CYZT,Canada,1,8,1,3,-,-,-
19790919-0,Wednesday,19-SEP-1979,-,A1, Landing (LDG),"Merced-Castle AFB, CA (MER)",United States of America,7,5, Damaged beyond repair,-,Boeing KC-135A Stratotanker,4,Pratt & Whitney J57-P,1959,-,8046.0, 58-0127, 17872/342,USAF,Military,-,Merced-Castle AFB,MER,KMER,United States of America,Merced-Castle AFB,MER,KMER,United States of America,7,0,5,0,-,-,-
19790920-0,Thursday,20-SEP-1979,-,A1, Unknown (UNK),near Malyushin Airfield,Belarus,-,-, Damaged beyond repair,-,Antonov An-2R,-,-,1978,-,-, CCCP-56413, 1G180-57,Aeroflot / Belarus,Unknown,-,-,-,-,-,-,-,-,-,-,-,-,-,-,-,Preliminary
19790921-1,Friday,21-SEP-1979,-,A2, Takeoff (TOF),Barentu,Eritrea,-,0, Damaged beyond repair,-,Douglas C-47A-20-DK (DC-3),2,Pratt & Whitney R-1830-92,1944,-,44676.0, ET-AGU, 13026,Ethiopian Airlines,Unknown,-,-,-,-,-,-,-,-,-,-,-,0,0,-,-,-
19790925-0,Tuesday,25-SEP-1979,20:20,A1, En route (ENR),19 km (11.9 mls) S of Nantes,France,2,2, Destroyed, Written off (damaged beyond repair),Beechcraft 200 Super King Air,2,Pratt & Whitney Canada PT6A-41,1979,-,47.0, G-BGHR, BB-508,Eagle Aircraft Services,Training,-,London-Stansted Airport,STN,EGSS,United Kingdom,Exeter Airport,EXT,EGTE,United Kingdom,2,0,2,0,-,-,Final
19790928-0,Friday,28-SEP-1979,-,A1, Unknown (UNK),off San Andros,Bahamas,-,0, Damaged beyond repair,-,Curtiss C-46A-45-CU Commando,2,Pratt & Whitney R-2800-51,1944,-,-, N10624, 30271,Miami Air Lease,Unknown,-,-,-,-,-,-,-,-,-,-,-,0,0,-,-,-
