identifiant,week_day,date,time,type_event,phase,location,country,total_occupants,total_fatalities,aircraft_damage,aircraft_fate,type_aircraft,number_engines,type_engines,first_flight,cycles,total_airframe_hours,registration,c_n_msn,operator,nature,flight_number,departure_airport_name,departure_airport_IATA,departure_airport_ICAO,departure_airport_country,destination_airport_name,destination_airport_IATA,destination_airport_ICAO,destination_airport_country,crew_number,passengers_number,crew_fatalities,passengers_fatalities,collision_casualties,ground_casualties,status
19530101-0,Thursday,01-JAN-1953,11:00,A1, En route (ENR),Spernall,United Kingdom,25,0, Damaged beyond repair,-,Douglas DC-3D,-,-,1946,-,10968.0, EI-ACF, 42957,Aer Lingus,International Scheduled Passenger,-,Dublin Airport,DUB,EIDW,Ireland,Birmingham International Airport,BHX,EGBB,United Kingdom,3,22,0,0,-,-,-
19530101-1,Thursday,01-JAN-1953,22:22,A2, Landing (LDG),"27,5 km (17.2 mls) from  Dhahran",Saudi Arabia,66,0, Substantial, Repaired,Douglas C-54B-1-DC (DC-4),-,-,1944,-,-, PH-TDL, 10488,KLM,Int'l Non Scheduled Passenger,-,Roma-Ciampino Airport,CIA,LIRA,Italy,Basra International Airport,BSR,ORMM,Iraq,10,56,0,0,-,-,Final
19530102-0,Friday,02-JAN-1953,-,A1, Unknown (UNK),"3 km (1.9 mls) S of Raleigh/Durham Airport, NC (RDU)",United States of America,4,3, Damaged beyond repair,-,Douglas C-47A-80-DL (DC-3),-,-,1944,-,-, 43-15273, 19739,USAF,Military,-,Newburgh-Stewart Air Force Base,SWF,KSWF,United States of America,Fayetteville-Pope AFB,POB,KPOB,United States of America,4,0,3,0,-,-,-
19530102-1,Friday,02-JAN-1953,-,A1, Unknown (UNK),at an unknown location,Unknown country,-,-, Damaged beyond repair,-,Lockheed P2V-5 Neptune,-,-,-,-,-, 124886,-,US Navy,Military,-,-,-,-,-,-,-,-,-,-,-,-,-,-,-,-
19530105-0,Monday,05-JAN-1953,-,A1, Approach (APR),Belfast-Nutts Corner Airport,United Kingdom,35,27, Damaged beyond repair,-,Vickers 610 Viking 1B,-,-,1949,-,-, G-AJDL, 262,BEA,Domestic Scheduled Passenger,-,London-Northolt Airport,NHT,EGWU,United Kingdom,-,-,-,-,4,31,3,24,-,-,-
19530107-0,Wednesday,07-JAN-1953,04:12,A1, En route (ENR),"13 km (8.1 mls) W of Fish Haven, ID",United States of America,40,40, Damaged beyond repair,-,Curtiss C-46F-1-CU Commando,2,Pratt & Whitney R-2800,1945,-,1941.0, N1648M, 22395,Associated Air Transport,Domestic Non Scheduled Passenger,-,Seattle-Boeing Field International Airport,BFI,KBFI,United States of America,Cheyenne Airport,CYS,KCYS,United States of America,3,37,3,37,-,-,Final
19530107-1,Wednesday,07-JAN-1953,20:55,A1, Approach (APR),"3 km (1.9 mls) S of Issaquah, WA",United States of America,7,7, Damaged beyond repair,-,Douglas C-54B-10-DO (DC-4),4,Pratt & Whitney R-2000-7,1944,-,20078.0, N86574, 18350,Flying Tiger Line,Ferry/positioning, 841,San Francisco International Airport,SFO,KSFO,United States of America,Seattle-Boeing Field International Airport,BFI,KBFI,United States of America,4,3,4,3,-,-,Final
19530110-0,Saturday,10-JAN-1953,-,A1, Approach (APR),Myeik,Myanmar,18,0, Damaged beyond repair,-,Douglas C-47B-1-DK (DC-3),2,Pratt & Whitney R-1830-90C,1944,-,-, XY-ACL, 25818/14373,Union of Burma Airways,Domestic Scheduled Passenger,-,Dawei Airport,TVY,VYDW,Myanmar,Myeik Airport,MGZ,VYME,Myanmar,3,15,0,0,-,-,-
19530111-0,Sunday,11-JAN-1953,-,A1, Approach (APR),near Jönköping Airport (JKG),Sweden,2,2, Damaged beyond repair,-,Lockheed 18-56 Lodestar,-,-,1941,-,-, SE-BUX, 18-2071,Dagens Nyheter,Cargo,-,-,-,-,-,Jönköping Airport,JKG,ESGJ,Sweden,2,0,2,0,-,-,-
19530112-0,Monday,12-JAN-1953,-,A1, En route (ENR),"5,6 km (3.5 mls) WSW of Shallufa RAF Station",Egypt,9,9, Damaged beyond repair,-,Handley Page Hastings C.1,-,-,-,-,-, TG602, HP67/80,RAF,Military,-,-,-,-,-,-,-,-,-,5,4,5,4,-,-,-
19530112-1,Monday,12-JAN-1953,-,U1, Unknown (UNK),at an unknown location,Unknown country,-,-, Damaged beyond repair,-,CASA 352 (Junkers Ju-52),-,-,-,-,-, T.2-227, 118,Spanish AF,Military,-,-,-,-,-,-,-,-,-,-,-,-,-,-,-,-
19530113-0,Tuesday,13-JAN-1953,-,A1, Unknown (UNK),off Korean coast,South Korea,-,-, Damaged beyond repair,-,Grumman SA-16A Albatross,-,-,-,-,-, 51-061, G-139,USAF,Military,-,-,-,-,-,-,-,-,-,-,-,-,-,-,-,Preliminary
19530115-0,Thursday,15-JAN-1953,04:48,A1, En route (ENR),"46 km (28.8 mls) SW off  Agrigento, Italy",Mediterranean Sea,19,19, Damaged beyond repair,-,Vickers Valetta C.1,2,Bristol Hercules 230,1950,-,-, VX562,-,RAF,Military,-,Malta-Luqa Airport,MLA,LMML,Malta,-,-,-,-,3,16,3,16,7,-,-
19530116-0,Friday,16-JAN-1953,19:37,A1, Approach (APR),"1,5 km (0.9 mls) E of Stephenville-Ernest Harmon AFB, NL (YJT)",Canada,14,13, Damaged beyond repair,-,Douglas C-54D-5-DC (DC-4),-,-,1945,-,-, 42-72558, 10663,USAF,Military,-,St. John's Airport,YYT,CYYT,Canada,Stephenville-Ernest Harmon AFB,YJT,CYJT,Canada,-,-,-,-,-,-,Preliminary
19530116-1,Friday,16-JAN-1953,-,A1, En route (ENR),48 km (30 mls) SW of Chaumont,France,6,0, Damaged beyond repair,-,Fairchild C-82A Packet,-,-,-,-,-, 45-57772, 10142,USAF,Military,-,-,-,-,-,-,-,-,-,6,0,0,0,-,-,-
19530116-2,Friday,16-JAN-1953,-,A1, Takeoff (TOF),Angeles City-Clark Air Base (CRK),Philippines,-,-, Damaged beyond repair,-,Grumman SA-16A Albatross,-,-,-,-,-, 51-0027, G-101,USAF,Military,-,-,-,-,-,-,-,-,-,-,-,-,-,-,-,-
19530118-0,Sunday,18-JAN-1953,-,C1, En route (ENR),off Shantou [Formosa Strait],China,11,0, Damaged beyond repair,-,Lockheed P2V-5 Neptune,-,-,-,-,-, 127744, 426-5078,US Navy,Military,-,-,-,-,-,-,-,-,-,11,0,0,0,-,-,-
19530119-0,Monday,19-JAN-1953,-,A1, Unknown (UNK),near Berlin-Tempelhof,Germany,2,0, Damaged beyond repair,-,Bristol 170 Freighter 21,-,-,-,-,-, G-AICM, 12756,Silver City Airways,Cargo,-,-,-,-,-,-,-,-,-,2,0,0,0,-,-,z
19530119-1,Monday,19-JAN-1953,-,A1, Approach (APR),Swinderby RAF Station,United Kingdom,-,0, Damaged beyond repair,-,Vickers Varisty T.1,2,Bristol Hercules 264,1952,-,-, WF420, 700,RAF,Military,-,-,-,-,-,-,-,-,-,-,-,0,0,-,-,-
19530120-0,Tuesday,20-JAN-1953,-,A1, Unknown (UNK),Indo-China,Unknown country,-,-, Damaged beyond repair,-,Douglas C-47B-10-DK (DC-3),-,-,1944,-,-, 348994/FRAZF, 26255/14810,French AF,Military,-,-,-,-,-,-,-,-,-,-,-,-,-,-,-,-
19530121-0,Wednesday,21-JAN-1953,-,A1, Standing (STD),Madeira,Portugal,-,0, Damaged beyond repair,-,Short S.25 Sunderland 3,-,-,1944,-,-, G-AGJN,-,Aquila Airways,Unknown,-,-,-,-,-,-,-,-,-,-,-,0,0,-,-,-
19530121-1,Wednesday,21-JAN-1953,-,A1, En route (ENR),Irkutsk,Russia,5,0, Damaged beyond repair,-,Lisunov Li-2,-,-,-,-,-, CCCP-L4666, 4605,Aeroflot / East Siberia,Test,-,Irkutsk Airport,IKT,UIII,Russia,Irkutsk Airport,IKT,UIII,Russia,5,0,0,0,-,-,-
19530122-0,Thursday,22-JAN-1953,-,A1, Landing (LDG),"Hollywood-Lockheed Air Terminal, CA (BUR)",United States of America,5,0, Damaged beyond repair,-,Lockheed L-049 Constellation,-,-,1943,-,-, N38936, 1962,Intercontinent Airways,Test,-,-,-,-,-,Hollywood-Lockheed Air Terminal,BUR,KBUR,United States of America,5,0,0,0,-,-,-
19530123-0,Friday,23-JAN-1953,10:30,A1, Takeoff (TOF),near Batagay Airport,Russia,5,0, Damaged beyond repair,-,Lisunov Li-2,-,-,-,-,-, CCCP-Zh125, 18432110,Dalstroi Aviation,Cargo,-,-,-,-,-,-,-,-,-,5,0,0,0,-,-,-
19530123-1,Friday,23-JAN-1953,20:37,A1, Approach (APR),3 km (1.9 mls) SW of Kazan Airport (KZN),Russia,5,5, Damaged beyond repair,-,Lisunov Li-2,-,-,-,-,-, CCCP-L4582, 18430404,Aeroflot / Northern,Cargo,-,-,-,-,-,Kazan Airport,KZN,UWKD,Russia,5,0,5,0,6,-,-
19530123-2,Friday,23-JAN-1953,20:37,A1, Initial climb (ICL),3 km (1.9 mls) SW of Kazan Airport (KZN),Russia,6,6, Damaged beyond repair,-,Ilyushin Il-12,-,-,-,-,-, CCCP-L1435, 30267,Aeroflot / West Siberia,Cargo,-,Kazan Airport,KZN,UWKD,Russia,-,-,-,-,6,0,6,0,5,-,-
19530126-0,Monday,26-JAN-1953,11:44,A1, En route (ENR),20 km (12.5 mls) NE of Cagliari-Elmas Airport (CAG),Italy,19,19, Damaged beyond repair,-,Douglas C-47-DL (DC-3),2,Pratt & Whitney R-1830-92,1942,-,-, I-LAIL, 4308,LAI,Domestic Scheduled Passenger,-,Cagliari-Elmas Airport,CAG,LIEE,Italy,Roma-Ciampino Airport,CIA,LIRA,Italy,4,15,4,15,-,-,-
19530128-0,Wednesday,28-JAN-1953,-,A1, Approach (APR),Lichfield RAF Station,United Kingdom,-,0, Damaged beyond repair,-,Vickers Valetta T.3,-,-,1951,-,-, WG265, 513,RAF,Military,-,-,-,-,-,-,-,-,-,-,-,0,0,-,-,-
19530128-1,Wednesday,28-JAN-1953,-,A1, Takeoff (TOF),off Calshot,United Kingdom,31,0, Damaged beyond repair,-,Short S.25 Sunderland 3,-,-,1944,-,-, G-AGKY,-,Aquila Airways,International Scheduled Passenger,-,-,-,-,-,Lisboa-Portela de Sacavém Airport,LIS,LPPT,Portugal,5,26,0,0,-,-,Final
19530128-2,Wednesday,28-JAN-1953,-,A1, En route (ENR),"Strait of Georgia, BC",Canada,7,7, Damaged beyond repair,-,Douglas C-47B Dakota III (DC-3),-,-,1945,-,-, 985, 32683/15935,RCAF,Military,-,-,-,-,-,-,-,-,-,-,-,-,-,-,-,-
19530129-0,Thursday,29-JAN-1953,10:00,A1, Initial climb (ICL),ca 6 km SE of Bogotá-Techo Airport,Colombia,2,0, Damaged beyond repair,-,Curtiss C-46A-45-CU Commando,2,Pratt & Whitney R-2800-51,1944,-,-, HK-605, 30362,Lineas Interamericana Aérea,Cargo,-,-,-,-,-,Cartagena Airport,CTG,SKCG,Colombia,2,0,0,0,-,-,-
19530201-0,Sunday,01-FEB-1953,-,A1, Unknown (UNK),near Okinawa,Japan,11,11, Damaged beyond repair,-,Lockheed P2V-5 Neptune,-,-,-,-,-, 127751, 426-5085,US Navy,Military,-,-,-,-,-,-,-,-,-,11,0,11,0,-,-,-
19530202-0,Monday,02-FEB-1953,05:31,A1, En route (ENR),"ca 500 km E off Newfoudland, Canada",Atlantic Ocean,39,39, Missing, Presumed damaged beyond repair,Avro 685 York I,4,Rolls-Royce Merlin 502,1946,-,-, G-AHFA, 1304,Skyways,Int'l Non Scheduled Passenger,-,Terceira-Lajes Airport,TER,LPLA,Portugal,Gander Airport,YQX,CYQX,Canada,6,33,6,33,-,-,Final
19530203-0,Tuesday,03-FEB-1953,-,U1, En route (ENR),near Lai Chau,Vietnam,-,-, Damaged beyond repair,-,Douglas C-47B-15-DK (DC-3),2,Pratt & Whitney R-1830-90C,1944,-,-, F-OAFR, 26728/15283,Air Outre-Mer,Unknown,-,-,-,-,-,-,-,-,-,-,-,-,-,-,-,-
19530204-2,Wednesday,04-FEB-1953,-,A1, Landing (LDG),Paris-Orly Airport (ORY),France,-,-, Damaged beyond repair,-,Douglas VC-47A (DC-3),-,-,1944,-,-, 42-93722, 13665,USAF,Military,-,-,-,-,-,Paris-Orly Airport,ORY,LFPO,France,-,-,-,-,-,-,-
19530206-0,Friday,06-FEB-1953,-,A1, Takeoff (TOF),Valkenburg Air Base (LID),Netherlands,-,0, Damaged beyond repair,-,Douglas C-47 (DC-3),-,-,-,-,-, X-1,-,Netherlands AF,Military,-,Valkenburg Air Base,LID,EHVB,Netherlands,-,-,-,-,-,-,0,0,-,-,-
19530207-0,Saturday,07-FEB-1953,09:28,A1, Approach (APR),"5,5 km (3.4 mls) NE of Bordeaux-Mérignac Airport (BOD)",France,21,9, Damaged beyond repair,-,Douglas C-54A-5-DC (DC-4),4,Pratt & Whitney R-2000-7,1944,-,41250.0, F-BFGR, 10290,UAT,International Scheduled Passenger,-,-,-,-,-,Bordeaux-Mérignac Airport,BOD,LFBD,France,8,13,6,3,-,-,Final
19530207-1,Saturday,07-FEB-1953,-,A1, Landing (LDG),near Roma-Centocelle Air Base,Italy,-,0, Damaged beyond repair,-,Fiat G.212CP,-,-,-,-,-, MM61772, 15,Italian AF,Military,-,-,-,-,-,-,-,-,-,-,-,0,0,-,-,-
19530209-0,Monday,09-FEB-1953,-,A1, En route (ENR),64 km (40 mls) E of Cairo,Egypt,35,30, Damaged beyond repair,-,Curtiss C-46D Commando,-,-,-,-,-, 1001,-,Egyptian AF,Military,-,El Arish Airport,AAC,HEAR,Egypt,-,-,-,-,-,-,-,-,-,-,-
19530209-1,Monday,09-FEB-1953,-,A1, Takeoff (TOF),Kirensk Airfield,Russia,-,0, Damaged beyond repair,-,Lisunov Li-2,-,-,-,-,-, CCCP-L4513,-,Aeroflot / East Siberia,Unknown,-,-,-,-,-,-,-,-,-,-,-,0,0,-,-,-
19530209-2,Monday,09-FEB-1953,-,A1, Landing (LDG),"Greenville-Donaldson AFB, SC (GDC)",United States of America,-,0, Damaged beyond repair,-,Fairchild C-119C Flying Boxcar,-,-,-,-,-, 51-2635, 10624,USAF,Military,-,-,-,-,-,Greenville-Donaldson AFB,GDC,KGYH,United States of America,-,-,0,0,-,-,-
19530210-0,Tuesday,10-FEB-1953,-,A1, Approach (APR),24 km (15 mls) N of Bitburg Air Base (BBJ),Germany,5,5, Damaged beyond repair,-,Fairchild C-119C-18-FA Flying Boxcar,2,Pratt & Whitney R-4360-20WA,-,-,-, 50-0127, 10445,USAF,Military,-,-,-,-,-,Bitburg Air Base,BBJ,EDRB,Germany,5,0,5,0,-,-,-
19530213-0,Friday,13-FEB-1953,-,A1, Approach (APR),5 km (3.1 mls) SSW of Swinderby RAF Station,United Kingdom,2,2, Damaged beyond repair,-,Vickers Varsity T.1,2,Bristol Hercules 264,1951,-,-, WF332, 524,RAF,Military,-,-,-,-,-,-,-,-,-,2,0,2,0,-,-,-
19530213-1,Friday,13-FEB-1953,-,A1, En route (ENR),"3 km (1.9 mls) SW of Moji, Honshu Island",Japan,8,8, Destroyed, Written off (damaged beyond repair),Grumman SA-16A Albatross,-,-,-,-,-, 51-062, G-141,USAF,Military,-,-,-,-,-,-,-,-,-,5,3,5,3,-,-,-
19530214-0,Saturday,14-FEB-1953,17:10,A1, En route (ENR),"32 km (20 mls) SE off  Mobile Point, AL, USA [Gulf of Mexico]",Atlantic Ocean,46,46, Destroyed, Written off (damaged beyond repair),Douglas DC-6,4,Pratt & Whitney R-2800-CB16,1947,-,15994.0, N90893, 43057/73,National Airlines,Domestic Scheduled Passenger, 470,Tampa International Airport,TPA,KTPA,United States of America,New Orleans-Moisant Field,MSY,KMSY,United States of America,5,41,5,41,-,-,Final
19530214-2,Saturday,14-FEB-1953,-,A1, Unknown (UNK),"0,4 km (0.3 mls) W of Jackson-Hawkins Field, MS (HKS)",United States of America,-,0, Damaged beyond repair,-,Fairchild C-119C Flying Boxcar,-,-,-,-,-, 49-126, 10363,USAF,Military,-,-,-,-,-,-,-,-,-,-,-,0,0,-,-,-
19530215-1,Sunday,15-FEB-1953,07:45,A1, Landing (LDG),Medellín Airport (EOH),Colombia,6,0, Damaged beyond repair,-,Curtiss C-46,-,-,-,-,-, HK-606,-,Lineas Interamericana Aérea,Cargo,-,Barranquilla-Soledad Airport,BAQ,SKBQ,Colombia,Medellín-Enrique Olaya Herrera Airport,EOH,SKMD,Colombia,5,1,0,0,-,-,-
19530221-0,Saturday,21-FEB-1953,-,U1, Unknown (UNK),unknown,Unknown country,-,-, Damaged beyond repair,-,Douglas C-47 (DC-3),-,-,-,-,-, 296,-,Republic of China AF,Military,-,-,-,-,-,-,-,-,-,-,-,-,-,-,-,-
19530221-1,Saturday,21-FEB-1953,-,A1, Unknown (UNK),at an unknown location,Turkey,-,-, Damaged beyond repair,-,Douglas C-47A-70-DL (DC-3),-,-,1943,-,-, 42-6097, 19250,Turkish AF,Military,-,-,-,-,-,-,-,-,-,-,-,-,-,-,-,-
19530227-0,Friday,27-FEB-1953,-,A1, En route (ENR),off Station Echo,Atlantic Ocean,10,0, Damaged beyond repair,-,Lockheed P2V-2 Neptune,-,-,-,-,-, 39357,-,US Navy,Military,-,-,-,-,-,Terceira-Lajes AFB,TER,LPLA,Portugal,10,0,0,0,-,-,-
19530301-0,Sunday,01-MAR-1953,-,A1, En route (ENR),"1,6 km (1 mls) ESE of Avon, IN",United States of America,11,0, Damaged beyond repair,-,Curtiss C-46A-45-CU,-,-,-,-,-, 	42-96539, 30201,USAF,Military,-,-,-,-,-,-,-,-,-,-,-,0,0,-,-,-
19530303-1,Tuesday,03-MAR-1953,03:35,A1, Takeoff (TOF),near Karachi-Mauripur RAF Station,Pakistan,11,11, Destroyed, Written off (damaged beyond repair),de Havilland DH-106 Comet 1A,-,-,1952,-,-, CF-CUN, 06014,Canadian Pacific,Ferry/positioning,-,-,-,-,-,Singapore-Seletar Airport,XSP,WSSL,Singapore,5,6,5,6,-,-,-
19530304-0,Wednesday,04-MAR-1953,01:50,A1, Approach (APR),"2,5 km (1.6 mls) SW of Windsor Locks-Bradley Field, CT (BDL)",United States of America,2,2, Damaged beyond repair,-,Curtiss C-46F-1-CU Commando,2,Pratt & Whitney R-2800-75,1945,-,43310.0, N4717N, 22400,Slick Airways,Cargo, 162-3,New York-Idlewild International Airport,IDL,KIDL,United States of America,Windsor Locks-Bradley International Airport,BDL,KBDL,United States of America,2,0,2,0,-,-,Final
19530304-1,Wednesday,04-MAR-1953,-,A1, Takeoff (TOF),Ashgabat Airport (ASB),Turkmenistan,-,0, Damaged beyond repair,-,Lisunov Li-2,-,-,-,-,-, CCCP-L4371,-,Aeroflot / Turkmenistan,Cargo,-,Ashgabat Airport,ASB,UTAA,Turkmenistan,-,-,-,-,-,-,0,0,-,-,-
19530305-0,Thursday,05-MAR-1953,-,A1, Landing (LDG),Cagayan de Oro Airport (CGY),Philippines,-,-, Damaged beyond repair,-,Douglas C-47D (DC-3),-,-,1944,-,-, 43-16217, 20683,USAF,Military,-,-,-,-,-,-,-,-,-,-,-,-,-,-,-,-
19530310-0,Tuesday,10-MAR-1953,18:15,A1, Maneuvering (MNV),"near San Pedro de Colalao, TU",Argentina,5,4, Damaged beyond repair,-,Junkers Ju-52/3m,-,-,-,-,-, LV-ZBI, J4075,Unknown,Agricultural,-,-,-,-,-,-,-,-,-,-,-,-,-,-,-,Final
19530311-0,Wednesday,11-MAR-1953,-,A1, En route (ENR),10 km (6.3 mls) SE of Daejeon,South Korea,4,0, Damaged beyond repair,-,Fairchild C-119C Flying Boxcar,-,-,-,-,-, 49-160, 10397,USAF,Military,-,-,-,-,-,-,-,-,-,4,0,0,0,-,-,-
19530313-0,Friday,13-MAR-1953,-,A1, Unknown (UNK),Katowice,Poland,-,0, Damaged beyond repair,-,Douglas C-47-DL (DC-3),2,Pratt & Whitney R-1830-92,1943,-,-, SP-LCH, 9106,LOT,Unknown,-,-,-,-,-,-,-,-,-,-,-,0,0,-,-,-
19530314-0,Saturday,14-MAR-1953,-,A1, En route (ENR),S of Kalahasahar,India,16,16, Damaged beyond repair,-,Convair CV-240-7,-,-,1949,-,-, AP-AEG,  82,Orient Airways,International Scheduled Passenger,-,-,-,-,-,Dhaka-Tejgaon Airport,DAC,VGTJ,Bangladesh,5,11,5,11,-,-,-
19530315-0,Sunday,15-MAR-1953,-,A1, Approach (APR),"near Salvador-Dois de Julho Airport, BA (SSA)",Brazil,6,0, Damaged beyond repair,-,Douglas C-47A-DK (DC-3),2,Pratt & Whitney R-1830-92,1943,-,-, PP-AJA, 11844,T.A. Catarinense,Cargo,-,Salvador-Dois de Julho International Airport,SSA,SBSV,Brazil,-,-,-,-,-,-,0,0,-,-,-
19530317-0,Tuesday,17-MAR-1953,-,A1, Landing (LDG),near Da Nang Airport (DAD),Vietnam,8,8, Damaged beyond repair,-,Douglas C-47A-70-DL (DC-3),2,Pratt & Whitney R-1830-92,1943,-,-, F-BEFG, 19105,Aigle Azur,Domestic Scheduled Passenger,-,Hue-Phu Bai Airport,HUI,VVPB,Vietnam,Da Nang Airport,DAD,VVDN,Vietnam,-,-,-,-,-,-,-
19530317-2,Tuesday,17-MAR-1953,-,U1, Unknown (UNK),at an unknown location,Unknown country,-,-, Damaged beyond repair,-,CASA 352 (Junkers Ju-52),-,-,-,-,-, T.2-185, 76,Spanish AF,Military,-,-,-,-,-,-,-,-,-,-,-,-,-,-,-,-
19530320-0,Friday,20-MAR-1953,-,A1, Initial climb (ICL),"Saint Petersburg, FL",United States of America,3,0, Damaged beyond repair,-,Curtiss C-46A-50-CU Commando,2,Pratt & Whitney R-2800-51,1944,-,-, N66559, 30504,Aerovias Sud Americana,Cargo,-,Tampa International Airport,TPA,KTPA,United States of America,Guatemala City-La Aurora Airport,GUA,MGGT,Guatemala,3,0,0,0,-,-,-
19530320-1,Friday,20-MAR-1953,18:38,A1, En route (ENR),"19 km (11.9 mls) SW of Alvarado, CA",United States of America,35,35, Destroyed, Written off (damaged beyond repair),Douglas C-54G-10-DO (DC-4),4,Pratt & Whitney R-2000-4,1945,-,5976.0, N88942, 36076,Transocean Air Lines,Domestic Non Scheduled Passenger, 942,Roswell-Industrial Airport,ROW,KROW,United States of America,Oakland International Airport,OAK,KOAK,United States of America,5,30,5,30,-,-,Final
19530324-0,Tuesday,24-MAR-1953,-,U1, Unknown (UNK),at an unknown location,Unknown country,-,-, Damaged beyond repair,-,Amiot AAC.1 (Junkers Ju-52),-,-,-,-,-, 218, 218,French AF,Military,-,-,-,-,-,-,-,-,-,-,-,-,-,-,-,-
19530325-0,Wednesday,25-MAR-1953,-,A1, Landing (LDG),Iwakuni NAS,Japan,10,4, Damaged beyond repair,-,Short Sunderland GR.5,-,-,-,-,-, PP148,-,RAF,Military,-,-,-,-,-,-,-,-,-,10,0,4,0,-,-,-
19530326-0,Thursday,26-MAR-1953,-,A1, Taxi (TXI),Nicosia Airport (NIC),Cyprus,-,0, Damaged beyond repair,-,Vickers Varisty T.1,2,Bristol Hercules 264,1953,-,-, WJ938,-,RAF,Military,-,-,-,-,-,Nicosia Airport,NIC,LCNC,Cyprus,-,-,0,0,-,-,-
19530327-1,Friday,27-MAR-1953,-,A1, Landing (LDG),Panama City-Tocumen International Airport (PTY),Panama,2,0, Damaged beyond repair,-,Curtiss C-46,-,-,-,-,-, HC-SJA,-,AREA Ecuador,Cargo,-,Miami International Airport,MIA,KMIA,United States of America,Panama City-Tocumen International Airport,PTY,MPTO,Panama,2,0,0,0,-,-,-
19530327-2,Friday,27-MAR-1953,-,A1, Takeoff (TOF),"Itapebi, BA",Brazil,14,0, Damaged beyond repair,-,de Havilland DH-114 Heron 1B,-,-,1952,-,-, PP-SLG, 14004,T.A. Salvador,Passenger,-,-,-,-,-,-,-,-,-,2,12,0,0,-,-,-
19530327-3,Friday,27-MAR-1953,03:40,A1, En route (ENR),"off San Fransisco, CA, USA",Pacific Ocean,4,0, Damaged beyond repair,-,Douglas R5D-1 (DC-4),-,-,1944,-,-, N229A, 10322,California Eastern,Domestic Non Scheduled Passenger,-,Fairfield-Travis AFB,SUU,KSUU,United States of America,Honolulu International Airport,HNL,PHNL,United States of America,3,1,0,0,-,-,-
19530329-0,Sunday,29-MAR-1953,-,A1, En route (ENR),Mkwaya,Tanzania,13,13, Damaged beyond repair,-,Vickers 616 Viking 1B,-,-,1947,-,-, VP-YEY, 168,Central African Airways,International Scheduled Passenger,-,Blantyre-Chileka Airport,BLZ,FWCL,Malawi,Dar es Salaam International Airport,DAR,HTDA,Tanzania,5,8,5,8,-,-,-
19530407-0,Tuesday,07-APR-1953,-,U1, Unknown (UNK),Paris-Le Bourget Airport (LBG),France,-,-, Damaged beyond repair,-,SNCASO SO.30P Bretagne,2,Pratt & Whitney R-2800,-,-,-, F-BEHA, 23,Air Maroc,Unknown,-,-,-,-,-,-,-,-,-,-,-,-,-,-,-,-
19530410-0,Friday,10-APR-1953,-,A1, Takeoff (TOF),Miandrivazo Airport (ZVA),Madagascar,4,4, Damaged beyond repair,-,Amiot AAC.1 (Junkers Ju-52),-,-,-,-,-, F-BALE, AAC090,Air France,Cargo,-,Miandrivazo Airport,ZVA,FMMN,Madagascar,-,-,-,-,3,1,3,1,-,-,-
19530410-1,Friday,10-APR-1953,-,A1, Takeoff (TOF),Kingston Airport (KIN),Jamaica,14,13, Damaged beyond repair,-,Lockheed 18-56-23 Lodestar,-,-,1943,-,-, VP-JBC, 18-2568,Caribbean International,International Scheduled Passenger,-,Kingston Airport,KIN,MKJP,Jamaica,Grand Cayman Island-Owen Roberts International Airport,GCM,MWCR,Cayman Islands,3,11,3,10,-,-,-
19530414-0,Tuesday,14-APR-1953,-,A1, En route (ENR),80 km (50 mls) SW of Guwahati,India,3,3, Damaged beyond repair,-,Douglas C-47A-70-DL (DC-3),2,Pratt & Whitney R-1830-92,1943,-,-, VT-AUJ, 19149,Airways (India),Cargo,-,Guwahati-Borjhar Airport,GAU,VEGT,India,Calcutta-Dum Dum Airport,CCU,VECC,India,3,0,3,0,-,-,-
19530414-1,Tuesday,14-APR-1953,02:22,A1, En route (ENR),"11 km (6.9 mls) E of Selleck, WA",United States of America,25,7, Damaged beyond repair,-,Douglas DC-3C,-,-,1944,-,12185.0, N65743, 20432,Miami Airlines,Domestic Non Scheduled Passenger,-,Spokane International Airport,GEG,KGEG,United States of America,Seattle-Boeing Field International Airport,BFI,KBFI,United States of America,3,22,2,5,-,-,Final
19530415-0,Wednesday,15-APR-1953,-,C1, Unknown (UNK),unknown,Myanmar,12,12, Damaged beyond repair,-,Douglas C-47 (DC-3),-,-,-,-,-, registration unknown,-,Burmese AF,Military,-,-,-,-,-,-,-,-,-,-,-,-,-,-,-,-
19530416-0,Thursday,16-APR-1953,-,A1, En route (ENR),150 km (93.8 mls) NW of Hanoi,Vietnam,30,30, Damaged beyond repair,-,Douglas C-47A-75-DL (DC-3),2,Pratt & Whitney R-1830-92,1944,-,-, F-BESS, 19498,Aigle Azur,Domestic Non Scheduled Passenger,-,-,-,-,-,Son-La-Na-San Airport,SQH,VVNS,Vietnam,3,27,3,27,-,-,-
19530418-0,Saturday,18-APR-1953,-,A1, En route (ENR),"near Gander, NL",Canada,4,4, Missing, Presumed damaged beyond repair,Lockheed Ventura,-,-,1943,-,-, CF-FAW, 5487,Spartan Air Services,Ferry/positioning,-,Gander Airport,YQX,CYQX,Canada,Ottawa International Airport,YOW,CYOW,Canada,-,-,-,-,-,-,-
19530420-0,Monday,20-APR-1953,23:08,A1, Approach (APR),"San Francisco Bay, CA",United States of America,10,8, Damaged beyond repair,-,Douglas DC-6B,4,Pratt & Whitney R-2800-CB16,1952,-,826.0, N91303, 43823/298,Western Air Lines,Domestic Scheduled Passenger, 636,San Francisco International Airport,SFO,KSFO,United States of America,Oakland International Airport,OAK,KOAK,United States of America,5,5,4,4,-,-,Final
19530423-0,Thursday,23-APR-1953,00:55,A1, En route (ENR),"12 km (7.5 mls) E of Selleck, WA",United States of America,4,2, Damaged beyond repair,-,Curtiss C-46F-1-CU Commando,2,Pratt & Whitney R-2800,1945,-,7477.0, N1693M, 22498,USAF,Ferry/positioning,-,Cheyenne Airport,CYS,KCYS,United States of America,Seattle-Boeing Field International Airport,BFI,KBFI,United States of America,2,2,2,0,-,-,Final
19530423-1,Thursday,23-APR-1953,-,A1, Unknown (UNK),"near Chehalis, WA",United States of America,11,1, Damaged beyond repair,-,Douglas R4D-8 (Super DC-3),-,-,1944,-,-, 17196, 43357,US Navy,Military,-,-,-,-,-,-,-,-,-,-,-,-,-,-,-,-
19530423-2,Thursday,23-APR-1953,-,A1, Unknown (UNK),off Point Loma,United States of America,5,5, Damaged beyond repair,-,Douglas C-47 (DC-3),-,-,-,-,-, registration unknown,-,US Navy,Military,-,San Diego-North Island NAS,NZY,KNZY,United States of America,Alameda NAS,NGZ,KNGZ,United States of America,3,2,3,2,-,-,-
19530430-0,Thursday,30-APR-1953,21:37,A1, Approach (APR),near Kazan Airport (KZN),Russia,23,1, Damaged beyond repair,-,Ilyushin Il-12P,-,-,1949,-,-, CCCP-L1777, 93013114,Aeroflot / Moscow,Domestic Scheduled Passenger, 35,Moskva-Vnukovo Airport,VKO,UUWW,Russia,Kazan Airport,KZN,UWKD,Russia,5,18,0,1,-,-,-
19530430-1,Thursday,30-APR-1953,-,A1, Approach (APR),"5 km (3.1 mls) NW of Chicago-O'Hare International Airport, IL (ORD)",United States of America,3,1, Damaged beyond repair,-,Douglas C-47A-90-DL (DC-3),-,-,1944,-,-, 43-15780, 20246,USAF,Military,-,Chicago-O'Hare International Airport,ORD,KORD,United States of America,Chicago-O'Hare International Airport,ORD,KORD,United States of America,3,0,1,0,-,-,-
19530502-0,Saturday,02-MAY-1953,16:35,A1, En route (ENR),32 km (20 mls) NW of Calcutta-Dum Dum Airport (CCU),India,43,43, Destroyed, Written off (damaged beyond repair),de Havilland DH-106 Comet 1,4,de Havilland Ghost 50 Mark I,1952,-,1649.0, G-ALYV, 06008,BOAC,International Scheduled Passenger,783/057,Calcutta-Dum Dum Airport,CCU,VECC,India,-,-,-,-,6,37,6,37,-,-,Final
19530506-0,Wednesday,06-MAY-1953,-,A1, Takeoff (TOF),"Choteau Airport, MT (CII)",United States of America,2,0, Damaged beyond repair,-,Ford 5-AT-B Tri-Motor,3,Pratt & Whitney R-1340 Wasp,1928,-,-, N9606, 5-AT-4,Northwest Agricultural,Unknown,-,-,-,-,-,-,-,-,-,2,0,0,0,-,-,-
19530507-0,Thursday,07-MAY-1953,-,A1, En route (ENR),"40 km (25 mls) W off  Hartland Point, United Kingdom",Atlantic Ocean,10,10, Damaged beyond repair,-,Vickers Valetta T.3,-,-,1951,-,-, WG258, 506,RAF,Military,-,-,-,-,-,-,-,-,-,10,0,10,0,-,-,-
19530509-0,Saturday,09-MAY-1953,07:00,A1, Takeoff (TOF),Bombay-Juhu Airport,India,-,0, Damaged beyond repair,-,Douglas C-47A-25-DK (DC-3),2,Pratt & Whitney R-1830-92,1944,-,-, VT-AXD, 13294,Air Services of India,Domestic Scheduled Passenger,-,-,-,-,-,Bangalore-Hindustan Airport,BLR,VOBG,India,-,-,0,0,-,-,-
19530509-1,Saturday,09-MAY-1953,-,A1, En route (ENR),32 km (20 mls) S of Delhi,India,18,18, Damaged beyond repair,-,Douglas C-47A-25-DK (DC-3),2,Pratt & Whitney R-1830-92,1944,-,-, VT-AUD, 13716,Air-India,Domestic Scheduled Passenger,-,Delhi-Palam Airport,DEL,VIDP,India,Ahmedabad Airport,AMD,VAAH,India,5,13,5,13,-,-,-
19530511-0,Monday,11-MAY-1953,-,A1, Unknown (UNK),Hanoi,Vietnam,-,0, Damaged beyond repair,-,Amiot AAC.1 (Junkers Ju-52),-,-,-,-,-, F-BBZL, AAC230,Autrex,Unknown,-,-,-,-,-,-,-,-,-,-,-,0,0,-,-,-
19530511-1,Monday,11-MAY-1953,-,A1, Landing (LDG),"Prince Rupert, BC",Canada,19,2, Damaged beyond repair,-,Boeing-Canada PB2B-1 Canso A (PBY-5A),-,-,1943,-,-, CF-CRV, 21984,Canadian Pacific,Domestic Scheduled Passenger,-,Sandspit Airport,YZP,CYZP,Canada,Prince Rupert-Digby Island Airport,YPR,CYPR,Canada,3,16,1,1,-,-,-
19530512-0,Tuesday,12-MAY-1953,-,A2, Landing (LDG),"São Paulo-Congonhas Airport, SP (CGH)",Brazil,17,0, Substantial, Repaired,Curtiss C-46A-45-CU Commando,2,Pratt & Whitney R-2800-51,1944,-,-, PP-LDI, 30343,Loide Aéreo Nacional,Domestic Scheduled Passenger,-,-,-,-,-,São Paulo-Congonhas Airport,CGH,SBSP,Brazil,2,15,0,0,-,-,-
19530514-0,Thursday,14-MAY-1953,-,A1, Landing (LDG),Belfast-Aldergrove RAF Station (BFS),United Kingdom,-,0, Damaged beyond repair,-,Avro Shackleton MR.2,4,Rolls-Royce Griffon 57,1953,-,-, WL749,-,RAF,Military,-,-,-,-,-,Belfast-Aldergrove RAF Station,BFS,EGAA,United Kingdom,-,-,0,0,-,-,-
19530515-0,Friday,15-MAY-1953,17:00,A1, En route (ENR),near Hemsbach,Germany,6,6, Damaged beyond repair,-,Fairchild C-119C Flying Boxcar,2,Pratt & Whitney R-4360-20WA,-,-,-, 51-8235, 10783,USAF,Military,-,Frankfurt-Rhein-Main AFB,FRF,EDAF,Germany,Frankfurt-Rhein-Main AFB,FRF,EDAF,Germany,6,0,6,0,2,-,-
19530515-1,Friday,15-MAY-1953,16:40,A1, En route (ENR),near Hemsbach,Germany,4,2, Damaged beyond repair,-,Fairchild C-119C Flying Boxcar,2,Pratt & Whitney R-4360-20WA,-,-,-, 51-8241, 10789,USAF,Military,-,Frankfurt-Rhein-Main AFB,FRF,EDAF,Germany,Frankfurt-Rhein-Main AFB,FRF,EDAF,Germany,4,0,2,0,6,-,-
19530515-2,Friday,15-MAY-1953,-,O1, Standing (STD),Lydda Airport (TLV),Israel,0,0, Damaged beyond repair,-,Douglas C-47 (DC-3),-,-,-,-,-, registration unknown,-,USAF,Military,-,-,-,-,-,-,-,-,-,0,0,0,0,-,-,-
19530517-0,Sunday,17-MAY-1953,14:15,A1, En route (ENR),"21 km (13.1 mls) E of Marshall, TX",United States of America,20,19, Damaged beyond repair,-,Douglas DST-318 (DC-3),-,-,1940,-,39000.0, N28345, 2224,Delta Air Lines,Domestic Scheduled Passenger,DL318,Dallas-Love Field,DAL,KDAL,United States of America,Shreveport-Greater Shreveport Municipal Airport,SHV,KSHV,United States of America,3,17,3,16,-,-,Final
19530517-1,Sunday,17-MAY-1953,-,A1, Takeoff (TOF),Malta-Luqa Airport (MLA),Malta,22,2, Damaged beyond repair,-,Vickers Valetta C.1,2,Bristol Hercules 230,1949,-,-, VW810, 371,RAF,Military,-,Malta-Luqa Airport,MLA,LMML,Malta,-,-,-,-,-,-,0,2,-,-,-
19530518-0,Monday,18-MAY-1953,-,A1, Landing (LDG),"Lake Melville, NL",Canada,-,0, Damaged beyond repair,-,Grumman SA-16B Albatross,-,-,-,-,-, 51-7156, G-206,USAF,Military,-,-,-,-,-,-,-,-,-,-,-,0,0,-,-,-
19531015-0,Thursday,15-OCT-1953,-,A2, Unknown (UNK),26 km (16.3 mls) NE of Tuguegarao,Philippines,-,0, Substantial, Repaired,Douglas C-47A-25-DK (DC-3C),2,Pratt & Whitney R-1830-92,1944,-,-, PI-C142, 13397,Philippine Air Lines,Domestic Scheduled Passenger,-,-,-,-,-,-,-,-,-,-,-,0,0,-,-,-
19531017-0,Saturday,17-OCT-1953,-,A1, Maneuvering (MNV),S of Lai Chau,Vietnam,7,2, Damaged beyond repair,-,Douglas C-47B-1-DK (DC-3),2,Pratt & Whitney R-1830-90C,1944,-,-, F-VNAE, 25591/14146,Compagnie Sila,Cargo,-,-,-,-,-,-,-,-,-,7,0,2,0,-,-,-
19531017-1,Saturday,17-OCT-1953,-,A1, Landing (LDG),"Jujuy Airport, PJ (JUJ)",Argentina,20,0, Damaged beyond repair,-,Douglas C-47A-85-DL (DC-3),2,Pratt & Whitney R-1830-92,1944,-,-, LV-AGE, 20083,Aerolineas Argentinas,Domestic Scheduled Passenger,-,Salta Airport,SLA,SASA,Argentina,Jujuy-El Cadillal Airport,JUJ,SASJ,Argentina,4,16,0,0,-,-,-
19531019-0,Monday,19-OCT-1953,-,A1, Takeoff (TOF),"New York-Idlewild International Airport, NY (IDL)",United States of America,27,2, Damaged beyond repair,-,Lockheed L-749A Constellation,-,-,1949,-,-, N119A, 2616,Eastern Air Lines,Domestic Scheduled Passenger,-,New York-Idlewild International Airport,IDL,KIDL,United States of America,-,-,-,-,5,22,0,2,-,-,-
19531019-1,Monday,19-OCT-1953,07:15,A1, En route (ENR),near Mamulique,Mexico,15,15, Damaged beyond repair,-,Douglas DC-3,-,-,-,-,-, XC-PMX,-,Pemex,Domestic Non Scheduled Passenger,-,Monterrey-Aeropuerto Del Norte,NTR,MMAN,Mexico,-,-,-,-,-,-,-,-,-,-,-
19531019-2,Monday,19-OCT-1953,-,U1, Unknown (UNK),at an unknown location,Unknown country,-,-, Damaged beyond repair,-,Douglas C-47B-25-DK (DC-3),2,Pratt & Whitney R-1830-90C,1945,-,-, 476404/FRAZZ, 32736/15988,French AF,Military,-,-,-,-,-,-,-,-,-,-,-,-,-,-,-,-
19531019-3,Monday,19-OCT-1953,-,A1, Landing (LDG),Bermuda-Kindley Field NAS (NWU),Bermuda,-,0, Damaged beyond repair,-,Lockheed P2V-5 Neptune,-,-,-,-,-, 128389, 426-5235,US Navy,Military,-,-,-,-,-,-,-,-,-,-,-,0,0,-,-,-
19531021-0,Wednesday,21-OCT-1953,17:45,A1, Approach (APR),near Mineralnye Vody Airport (MRV),Russia,8,1, Damaged beyond repair,-,Lisunov Li-2,-,-,1950,-,5130.0, CCCP-L4890, 18436106,Aeroflot / West Siberia,Domestic Scheduled Passenger,-,Stalingrad Airport,VOG,URWW,Russia,Mineralnye Vody Airport,MRV,URMM,Russia,5,3,1,0,-,-,-
19531027-0,Tuesday,27-OCT-1953,11:18,A1, En route (ENR),6 km (3.8 mls) from  Magadan-13 Airport,Russia,27,22, Damaged beyond repair,-,Ilyushin Il-12,-,-,1949,-,4271.0, CCCP-L1765, 93013102,Aeroflot / Far East,Domestic Scheduled Passenger,783,-,-,-,-,Okhotsk Airport,OHO,UHOO,Russia,5,22,5,17,-,-,-
19531027-1,Tuesday,27-OCT-1953,-,A1, Unknown (UNK),off Iwakuni MCAS,Japan,9,1, Damaged beyond repair,-,Lockheed P2V-5 Neptune,-,-,-,-,-, 127764, 426-5123,US Navy,Military,-,-,-,-,-,-,-,-,-,9,0,1,0,-,-,-
19531029-0,Thursday,29-OCT-1953,-,A1, Approach (APR),"12 km (7.5 mls) SE of Half Moon Bay, CA",United States of America,19,19, Damaged beyond repair,-,Douglas DC-6,4,Pratt & Whitney R-2800-CA15,1948,-,-, VH-BPE, 43125/131,British Commonwealth Pacific A/w,International Scheduled Passenger,-,Honolulu International Airport,HNL,PHNL,United States of America,San Francisco International Airport,SFO,KSFO,United States of America,8,11,8,11,-,-,Final
19531031-0,Saturday,31-OCT-1953,07:40,A1, Initial climb (ICL),"8 km (5 mls) from  Marabá, PA",Brazil,5,4, Damaged beyond repair,-,Consolidated PA-10 Catalina (PBY-5),-,-,-,-,-, 6500, 1059,Brazilian AF,Military,-,Marabá Airport,MAB,SBMA,Brazil,-,-,-,-,-,-,-,-,-,-,-
19531031-1,Saturday,31-OCT-1953,00:30,A1, Approach (APR),near Kharkov Airport (HRK),Ukraine,16,15, Damaged beyond repair,-,Lisunov Li-2,-,-,1949,-,5181.0, CCCP-L4732, 18432509,Aeroflot / North Kavkaz,Domestic Scheduled Passenger,-,Rostov Airport,ROV,URRR,Russia,Kharkov Airport,HRK,UKHH,Ukraine,5,11,5,10,-,-,-
19531103-0,Tuesday,03-NOV-1953,-,A1, En route (ENR),S of Tarabuco,Bolivia,28,28, Damaged beyond repair,-,Douglas DC-3-314,-,-,1939,-,-, CP-600, 2181,LAB,Domestic Scheduled Passenger,-,Camiri Airport,CAM,SLCA,Bolivia,Sucre Airport,SRE,SLSU,Bolivia,3,25,3,25,-,-,-
19531104-0,Wednesday,04-NOV-1953,21:55,A1, Approach (APR),near Magdagachi Airport (GDG),Russia,5,5, Damaged beyond repair,-,Ilyushin Il-12,-,-,-,-,-, CCCP-L1367, 30090,Aeroflot / East Siberia,Cargo,-,-,-,-,-,Magdagachi Airport,GDG,UHBI,Russia,5,0,5,0,-,-,-
19531105-0,Thursday,05-NOV-1953,-,A1, Unknown (UNK),"3 km (1.9 mls) N of Calhan, CO",United States of America,-,-, Damaged beyond repair,-,Douglas C-47B-20-DK (DC-3),-,-,1945,-,-, 43-49782, 27043/15598,USAF,Military,-,-,-,-,-,-,-,-,-,-,-,-,-,-,-,-
19531111-0,Wednesday,11-NOV-1953,-,A1, Unknown (UNK),Karachi,Pakistan,2,2, Damaged beyond repair,-,Bristol 170 Freighter 21P,-,-,-,-,-, G809, 12936,Pakistan AF,Military,-,-,-,-,-,-,-,-,-,2,0,2,0,-,-,-
19531111-1,Wednesday,11-NOV-1953,-,A1, En route (ENR),off Singapore Island,Singapore,7,7, Damaged beyond repair,-,Vickers Valetta C.1,2,Bristol Hercules 230,1950,-,-, VX490,-,RAF,Military,-,-,-,-,-,-,-,-,-,3,4,3,4,-,-,-
19531112-2,Thursday,12-NOV-1953,09:30,A1, Approach (APR),"8 km (5 mls) S of Villa Mugueta, SF",Argentina,13,13, Damaged beyond repair,-,Junkers Ju-52/3msai,-,-,1938,-,-, T-159, 5261,LADE,Military,-,-,-,-,-,-,-,-,-,5,8,5,8,7,-,-
19531115-0,Sunday,15-NOV-1953,-,A1, En route (ENR),between Iceland and Greenland,Atlantic Ocean,5,5, Damaged beyond repair,-,Grumman SA-16A Albatross,-,-,-,-,-, 51-036, G-111,USAF,Military,-,-,-,-,-,-,-,-,-,5,0,5,0,-,-,Preliminary
19531117-0,Tuesday,17-NOV-1953,-,A1, Maneuvering (MNV),"25 km (15.6 mls) W of Fort Bragg, NC",United States of America,5,5, Damaged beyond repair,-,Kaiser-Frazer C-119F Flying Boxcar,-,-,-,-,-, 51-8163, 166,USAF,Military,-,-,-,-,-,-,-,-,-,4,1,4,1,-,10,-
19531118-0,Wednesday,18-NOV-1953,-,A1, Unknown (UNK),"Albuquerque-Kirtland AFB, NM (ABQ)",United States of America,-,-, Damaged beyond repair,-,Douglas C-47A-90-DL (DC-3),-,-,1944,-,-, 43-15756, 20222,USAF,Military,-,-,-,-,-,-,-,-,-,-,-,-,-,-,-,-
19531125-0,Wednesday,25-NOV-1953,-,A1, Landing (LDG),"Camp A.P. Hill, VA",United States of America,13,0, Damaged beyond repair,-,Douglas VC-47D (DC-3),-,-,1944,-,-, 43-49093, 26354/14909,USAF,Military,-,Washington-Bolling AFB,BOF,KBOF,United States of America,-,-,-,-,3,10,0,0,-,-,-
19531125-1,Wednesday,25-NOV-1953,13:00,A1, Unknown (UNK),"8 km (5 mls) SW of Mallala, SA",Australia,3,3, Damaged beyond repair,-,Bristol 170 Freighter 21E,-,-,-,-,-, A81-2, 12805,RAAF,Military,-,-,-,-,-,-,-,-,-,3,0,3,0,-,-,-
19531126-0,Thursday,26-NOV-1953,-,A1, Unknown (UNK),24 km (15 mls) NE of Sirte,Libya,-,-, Damaged beyond repair,-,Douglas C-47D (DC-3),-,-,1944,-,-, 43-16353, 20819,USAF,Military,-,-,-,-,-,-,-,-,-,-,-,-,-,-,-,-
19531126-1,Thursday,26-NOV-1953,-,A1, Unknown (UNK),"2,4 km (1.5 mls) WSW off  Yonago-Miho Air Base (YGJ)",Japan,30,0, Damaged beyond repair,-,Curtiss C-46D-10-CU,-,-,1944,-,-, 44-77549, 32945,USAF,Military,-,Yonago-Miho Air Base,YGJ,RJOH,Japan,-,-,-,-,5,25,0,0,-,-,-
19531127-0,Friday,27-NOV-1953,-,A1, Approach (APR),4 km (2.5 mls) NE of Paris-Orly Airport (ORY),France,6,6, Destroyed, Written off (damaged beyond repair),Fairchild C-119C-26-FA Flying Boxcar,-,-,-,-,-, 51-2621, 10610,USAF,Military,-,Terceira-Lajes AFB,TER,LPLA,Portugal,Paris-Orly Airport,ORY,LFPO,France,6,0,6,0,-,-,-
19531204-0,Friday,04-DEC-1953,-,A1, En route (ENR),near Guaderrama,Spain,33,23, Damaged beyond repair,-,Bristol 170 Freighter 21,-,-,-,-,-, EC-AEG, 12797,Aviaco,Domestic Scheduled Passenger,-,Bilbao Airport,BIO,LEBB,Spain,Madrid-Barajas Airport,MAD,LEMD,Spain,5,28,1,22,-,-,-
19531208-0,Tuesday,08-DEC-1953,-,U1, Unknown (UNK),unknown,Unknown country,-,-, Damaged beyond repair,-,Curtiss C-46 Commando,-,-,-,-,-, 242,-,Republic of China AF,Military,-,-,-,-,-,-,-,-,-,-,-,-,-,-,-,-
19531209-0,Wednesday,09-DEC-1953,-,A1, En route (ENR),"2,4 km (1.5 mls) S of Newton Falls, OH",United States of America,3,2, Destroyed, Written off (damaged beyond repair),Fairchild C-119G Flying Boxcar,-,-,-,-,-, 51-8086, 10980,USAF,Military,-,Smyrna-Sewart AFB,MQY,KMQY,United States of America,Smyrna-Sewart AFB,MQY,KMQY,United States of America,3,0,2,0,-,-,-
19531211-0,Friday,11-DEC-1953,17:30,A1, En route (ENR),off Argyll,United Kingdom,10,10, Damaged beyond repair,-,Avro Shackleton MR.2,4,Rolls-Royce Griffon 57,1953,-,-, WL746,-,RAF,Military,-,-,-,-,-,-,-,-,-,10,0,10,0,-,-,-
19531212-0,Saturday,12-DEC-1953,03:25,A1, Initial climb (ICL),"1,2 km (0.8 mls) from  Nagpur-Sonegaon Airport (NAG)",India,14,13, Damaged beyond repair,-,Douglas C-47A-DK (DC-3),2,Pratt & Whitney R-1830-92,1943,-,-, VT-CHF, 11810,Indian Airlines,Domestic Scheduled Passenger,-,Nagpur-Sonegaon Airport,NAG,VANP,India,Madras Airport,MAA,VOMM,India,4,10,3,10,-,-,-
19531212-1,Saturday,12-DEC-1953,-,A1, En route (ENR),"Mogi das Cruzes, SP ?",Brazil,2,2, Damaged beyond repair,-,Junkers Ju-52/3m,-,-,-,-,-, PP-DZY, J6510,Aeronorte,Cargo,-,Vitória-Goiabeiras Airport,VIX,SBVT,Brazil,-,-,-,-,2,0,2,0,-,-,-
19531215-0,Tuesday,15-DEC-1953,-,A1, Unknown (UNK),Cerro Tecpan,Guatemala,2,2, Damaged beyond repair,-,Curtiss C-46D-15-CU Commando,-,-,1945,-,-, TG-AQA, 33589,Aviateca,Cargo,-,Brownsville-South Padre Island International Airport,BRO,KBRO,United States of America,Guatemala City-La Aurora Airport,GUA,MGGT,Guatemala,2,0,2,0,-,-,-
19531215-1,Tuesday,15-DEC-1953,-,A1, En route (ENR),8 km (5 mls) E of Cairo-Almaza Airport,Egypt,-,6, Damaged beyond repair,-,Vickers 634 Viking 1B,-,-,1947,-,-, SU-AFK, 213,Misrair,Domestic Scheduled Passenger,-,-,-,-,-,Luxor Airport,LXR,HELX,Egypt,-,-,5,1,-,-,-
19531216-0,Wednesday,16-DEC-1953,-,A1, Approach (APR),8 km (5 mls) NNW of Malta-Luqa Airport (MLA),Malta,5,1, Damaged beyond repair,-,Vickers Valetta C.2,2,Bristol Hercules 230,1950,-,-, VX575,-,RAF,Military,-,Malta-Luqa Airport,MLA,LMML,Malta,Malta-Luqa Airport,MLA,LMML,Malta,5,0,1,0,-,-,-
19531219-0,Saturday,19-DEC-1953,18:55,A1, Approach (APR),"2,5 km (1.6 mls) N of Zürich-Kloten Airport (ZRH)",Switzerland,43,1, Damaged beyond repair,-,Convair CV-240-12,-,-,1949,-,7576.0, OO-AWO, 128,Sabena,International Scheduled Passenger,-,Brussel-Zaventem Airport,BRU,EBBR,Belgium,Zürich-Kloten Airport,ZRH,LSZH,Switzerland,3,40,0,1,-,-,-
19531220-0,Sunday,20-DEC-1953,-,A1, Landing (LDG),Nürnberg Airport (NUE),Germany,4,0, Substantial, Written off (damaged beyond repair),Vickers 610 Viking 1B,-,-,1947,-,-, G-AHPO, 157,Eagle Aviation,Cargo,-,Blackbushe Airport,BBS,EGLK,United Kingdom,München-Riem Airport,MUC,EDDM,Germany,4,0,0,0,-,-,-
19531220-1,Sunday,20-DEC-1953,-,A1, En route (ENR),Agrihan Island,Northern Mariana Islands,10,10, Damaged beyond repair,-,Douglas R4D-8 (Super DC-3),-,-,1944,-,-, 17179, 43346,US Navy,Military,-,-,-,-,-,-,-,-,-,-,-,-,-,-,-,-
19531222-1,Tuesday,22-DEC-1953,-,A1, Landing (LDG),Hong Kong-Kai Tak International Airport (HKG),Hong Kong,14,0, Damaged beyond repair,-,Lockheed P2V-3 Neptune,-,-,-,-,-, 122964,-,US Navy,Military,-,-,-,-,-,Hong Kong-Kai Tak International Airport,HKG,VHHH,Hong Kong,-,-,0,0,-,-,-
19531227-1,Sunday,27-DEC-1953,-,A1, Landing (LDG),off Tsushima Island,Japan,-,0, Damaged beyond repair,-,Short Sunderland GR.5,-,-,-,-,-, RN302,-,RAF,Military,-,-,-,-,-,-,-,-,-,-,-,0,0,-,-,-
19531228-0,Monday,28-DEC-1953,-,A1, Landing (LDG),"Shemya AFB, AK (SYA)",United States of America,8,0, Damaged beyond repair,-,Canadair C-54GM North Star,4,Rolls-Royce Merlin 622,1947,-,-, 17505, 112,RCAF,Military,-,-,-,-,-,Shemya AFB,SYA,PASY,United States of America,6,2,0,0,-,-,-
19531229-0,Tuesday,29-DEC-1953,22:19,A1, En route (ENR),"Pic de Costabonne, Pyrénées Mountains",France,10,10, Damaged beyond repair,-,Nord 2501 Noratlas,2,Bristol Hercules 739,-,-,-, 2/F-SDAC, 2,French AF,Military,-,-,-,-,-,-,-,-,-,10,0,10,0,-,-,-
19531230-1,Wednesday,30-DEC-1953,-,A1, Landing (LDG),"Vancouver International Airport, BC (YVR)",Canada,51,0, Damaged beyond repair,-,Canadair C-54GM North Star,4,Rolls-Royce Merlin 622,1947,-,-, 17503, 110,RCAF,Military,-,Vancouver International Airport,YVR,CYVR,Canada,Edmonton-Namao Field,YED,CYED,Canada,8,43,0,0,-,-,-
19531231-0,Thursday,31-DEC-1953,-,A1, Unknown (UNK),"Nome AFB, AK (OME)",United States of America,-,-, Damaged beyond repair,-,Douglas C-47A-30-DK (DC-3),-,-,1944,-,-, 43-48246, 25507/14062,USAF,Military,-,-,-,-,-,-,-,-,-,-,-,-,-,-,-,-
19539999-0,-,xx-xxx-1953,-,A1, Landing (LDG),"Ashuanipi Lake, NL",Canada,-,0, Damaged beyond repair,-,Canadian Vickers PBV-1A Canso A (PBY-5A),-,-,1944,-,-, CF-DIK, CV-445,Hollinger Ungava Transport,Unknown,-,-,-,-,-,-,-,-,-,-,-,0,0,-,-,-
19539999-1,-,xx-xxx-1953,-,A1, Unknown (UNK),at an unknown location,India,-,-, Damaged beyond repair,-,Douglas C-47A-30-DK (DC-3),2,Pratt & Whitney R-1830-92,1944,-,-, VT-CHG, 25297/13852,Jupiter Airways,Unknown,-,-,-,-,-,-,-,-,-,-,-,-,-,-,-,-
19539999-2,-,xx-xxx-1953,-,A1, En route (ENR),160 km (100 mls) off  Midway Island,Pacific Ocean,-,0, Damaged beyond repair,-,Consolidated PBY-6A Catalina,-,-,-,-,-, 64089,-,US Navy,Military,-,-,-,-,-,-,-,-,-,-,-,0,0,-,-,-
19530522-0,Friday,22-MAY-1953,04:13,A1, En route (ENR),"18 km (11.3 mls) NE of Des Moines, IA",United States of America,2,2, Damaged beyond repair,-,Curtiss C-46F-1-CU Commando,2,Pratt & Whitney R-2800-75,1945,-,6867.0, N1669M, 22536,USAF,Ferry/positioning,-,Cheyenne Airport,CYS,KCYS,United States of America,Chicago-O'Hare International Airport,ORD,KORD,United States of America,2,0,2,0,-,-,Final
19530524-0,Sunday,24-MAY-1953,04:18,A1, Approach (APR),"Saint Louis-Lambert International Airport, MO (STL)",United States of America,7,6, Damaged beyond repair,-,Douglas C-47A-90-DL (DC-3C),2,Pratt & Whitney R-1830-92,1944,-,10923.0, N53596, 20433,Meteor Air Transport,Ferry/positioning,-,Teterboro Airport,TEB,KTEB,United States of America,Saint Louis-Lambert International Airport,STL,KSTL,United States of America,5,2,5,1,-,-,Final
19530524-1,Sunday,24-MAY-1953,-,A1, Takeoff (TOF),Nadezhda Airport,Russia,-,0, Damaged beyond repair,-,Lisunov Li-2,-,-,-,-,-, CCCP-L4863,-,Aeroflot / Krasnoyarsk,Domestic Scheduled Passenger,-,-,-,-,-,Krasnoyarsk Airport,KJA,UNKL,Russia,-,-,0,0,-,-,-
19530525-0,Monday,25-MAY-1953,15:30,A1, Initial climb (ICL),Amsterdam-Schiphol Airport (AMS),Netherlands,34,0, Destroyed, Written off (damaged beyond repair),Convair CV-240-4,2,Pratt & Whitney R-2800,1948,-,7104.0, PH-TEI, 125,KLM,International Scheduled Passenger,-,Amsterdam-Schiphol International Airport,AMS,EHAM,Netherlands,-,-,-,-,6,28,0,0,-,2,-
19530525-1,Monday,25-MAY-1953,-,A1, En route (ENR),"Kings Canyon National Park, CA",United States of America,5,0, Damaged beyond repair,-,Grumman SA-16B Albatross,-,-,-,-,-, 51-7173, G-223,USAF,Military,-,-,-,-,-,-,-,-,-,5,0,0,0,-,-,-
19530527-0,Wednesday,27-MAY-1953,08:59,A1, En route (ENR),11 km (6.9 mls) SSE of Blenheim-Woodbourne Airport (BHE),New Zealand,5,5, Damaged beyond repair,-,Bristol 170 Freighter 31M,2,Bristol Hercules 734,1952,-,-, NZ5908, 13061,New Zealand AF,Military,-,Blenheim-Woodbourne Airport,BHE,NZWB,New Zealand,-,-,-,-,4,1,4,1,-,-,-
19530527-1,Wednesday,27-MAY-1953,03:50,A1, En route (ENR),"16,5 km (10.3 mls) W of Barzas",Russia,7,7, Damaged beyond repair,-,Lisunov Li-2T,-,-,1949,-,1268.0, CCCP-A4031, 18432605,Aeroflot / East Siberia,Survey/research,-,-,-,-,-,-,-,-,-,7,0,7,0,20,-,-
19530527-2,Wednesday,27-MAY-1953,03:50,A1, En route (ENR),"16,5 km (10.3 mls) W of Barzas",Russia,20,20, Damaged beyond repair,-,Lisunov Li-2,-,-,1948,-,3882.0, CCCP-L4534, 18429005,Aeroflot / East Siberia,Domestic Scheduled Passenger,18,-,-,-,-,-,-,-,-,4,16,4,16,7,-,-
19530605-0,Friday,05-JUN-1953,-,A1, Unknown (UNK),Okinawa-Bolo Airstrip,Japan,-,0, Damaged beyond repair,-,Grumman SA-16A Albatross,-,-,-,-,-, 49-0084, G-42,USAF,Military,-,-,-,-,-,-,-,-,-,-,-,0,0,-,-,-
19530606-0,Saturday,06-JUN-1953,-,A1, En route (ENR),Nabeul,Tunisia,8,1, Damaged beyond repair,-,Grumman SA-16B Albatross,-,-,-,-,-, 51-7146, G-196,USAF,Military,-,Tripoli-Wheelus Air Base,MJI,HLLM,Libya,-,-,-,-,8,0,1,0,-,-,-
19530609-1,Tuesday,09-JUN-1953,-,A1, Landing (LDG),"near Juan A. Pradere, BA",Argentina,23,0, Damaged beyond repair,-,Vickers 615 Viking 1B,-,-,1947,-,-, T-6, 180,LADE,Military,-,Buenos Aires-Jorge Newbery Airport,AEP,SABE,Argentina,Bahía Blanca-Comandante Espora Airport,BHI,SAZB,Argentina,-,-,0,0,-,-,-
19530614-0,Sunday,14-JUN-1953,16:35,A1, En route (ENR),15 km (9.4 mls) NE of Zugdidi,Georgia,18,18, Damaged beyond repair,-,Ilyushin Il-12,-,-,1947,-,30103.0, CCCP-L1375, 30103,Aeroflot / Georgia,Domestic Scheduled Passenger, 229,Krasnodar Airport,KRR,URKK,Russia,Tbilisi Airport,TBS,UGGG,Georgia,6,12,6,12,-,-,-
19530615-0,Monday,15-JUN-1953,-,A1, Unknown (UNK),San Ramon Mts.,Costa Rica,15,9, Damaged beyond repair,-,Douglas C-47B-5-DK (DC-3),2,Pratt & Whitney R-1830-90C,1944,-,-, TI-1002, 26078/14633,LACSA,Domestic Scheduled Passenger,-,Palmar Sur Airport,PMZ,MRPM,Costa Rica,-,-,-,-,3,12,-,-,-,-,-
19530615-1,Monday,15-JUN-1953,-,A1, Unknown (UNK),near Copiapó-Chamonate Airport (CPO),Chile,7,7, Damaged beyond repair,-,Lockheed 18-56-23 Lodestar,-,-,1943,-,-, CC-CLD-0100, 18-2617,LAN Chile,Passenger,-,Copiapó-Chamonate Airport,CPO,SCHA,Chile,-,-,-,-,3,4,3,4,-,-,-
19530616-0,Tuesday,16-JUN-1953,-,A1, En route (ENR),Phou-Lassi Hill,Laos,34,34, Damaged beyond repair,-,Douglas C-47A-65-DL (DC-3),2,Pratt & Whitney R-1830-92,1943,-,-, F-BEST, 19100,Aigle Azur,Domestic Non Scheduled Passenger,-,Vientiane-Wattay Airport,VTE,VLVT,Laos,Saigon-Tan Son Nhat International Airport,SGN,VVTS,Vietnam,5,29,5,29,-,-,-
19530616-1,Tuesday,16-JUN-1953,-,A1, Approach (APR),Fayid RAF Station,Egypt,3,0, Damaged beyond repair,-,Vickers Valetta C.1,2,Bristol Hercules 230,1949,-,-, VW846, 407,RAF,Military,-,-,-,-,-,-,-,-,-,3,0,0,0,-,-,-
19530617-0,Wednesday,17-JUN-1953,19:30,A1, Approach (APR),"12 km (7.5 mls) N of Córdoba, CD",Argentina,41,0, Damaged beyond repair,-,Douglas C-54A-5-DO (DC-4),-,-,1944,-,-, LV-ABQ, 7468,Aerolineas Argentinas,Domestic Scheduled Passenger,-,Salta-Martín Miguel de Güemes International Airport,SLA,SASA,Argentina,Córdoba-Pajas Blancas Airport,COR,SACO,Argentina,7,34,0,0,-,-,-
19530617-1,Wednesday,17-JUN-1953,22:00,A1, Approach (APR),"6,5 km (4.1 mls) SW of São Paulo-Congonhas Airport, SP (CGH)",Brazil,17,17, Damaged beyond repair,-,Lockheed L-049 Constellation,-,-,-,-,-, PP-PDA, 2066,Panair do Brasil,Domestic Scheduled Passenger,-,Rio de Janeiro-Galeão International Airport,GIG,SBGL,Brazil,São Paulo-Congonhas Airport,CGH,SBSP,Brazil,7,10,7,10,-,-,-
19530617-2,Wednesday,17-JUN-1953,-,A1, Landing (LDG),Seoul (K-16) Air Base (SSN),South Korea,-,-, Damaged beyond repair,-,Douglas C-47D (DC-3),-,-,1945,-,-, 45-929, 34190/16932,USAF,Military,-,-,-,-,-,Seoul (K-16) Air Base,SSN,RKSM,South Korea,-,-,-,-,-,-,-
19530618-0,Thursday,18-JUN-1953,16:34,A1, Approach (APR),"5,6 km (3.5 mls) NE of Tachikawa Air Base",Japan,129,129, Destroyed, Written off (damaged beyond repair),Douglas C-124A-DL Globemaster II,4,Pratt & Whitney R-4360-20WA,-,-,-, 51-137, 43471,USAF,Military,-,-,-,-,-,Osan Air Base,OSN,RKSO,South Korea,7,122,7,122,-,-,-
19530622-0,Monday,22-JUN-1953,-,A1, Initial climb (ICL),Abingdon RAF Station (ABB),United Kingdom,6,6, Damaged beyond repair,-,Handley Page Hastings C.2,-,-,1952,-,-, WJ335, HP67/136,RAF,Military,-,Abingdon RAF Station,ABB,EGUD,United Kingdom,-,-,-,-,6,0,6,0,-,-,-
19530623-0,Tuesday,23-JUN-1953,-,A1, En route (ENR),24 km (15 mls) NNE off  Ashiya Air Base,Japan,7,7, Damaged beyond repair,-,Fairchild C-119C-15-FA Flying Boxcar,2,Pratt & Whitney R-4360-20WA,-,-,-, 49-161, 10398,USAF,Military,-,-,-,-,-,-,-,-,-,4,3,4,3,-,-,-
19530625-0,Thursday,25-JUN-1953,06:00,A1, Landing (LDG),Dakar-Yoff Airport (DKR),Senegal,17,0, Damaged beyond repair,-,de Havilland DH-106 Comet 1A,-,-,1953,-,-, F-BGSC, 06019,UAT,International Scheduled Passenger,-,-,-,-,-,Dakar-Yoff Airport,DKR,GOOY,Senegal,7,10,0,0,-,-,-
19530628-0,Sunday,28-JUN-1953,-,A1, Landing (LDG),off Sangley Point Air Base,Philippines,-,0, Damaged beyond repair,-,Short Sunderland MR.5,-,-,-,-,-, RN269,-,RAF,Military,-,-,-,-,-,-,-,-,-,-,-,0,0,-,-,-
19530629-0,Monday,29-JUN-1953,17:26,A1, En route (ENR),"Los Angeles International Airport, CA (LAX)",United States of America,3,1, Damaged beyond repair,-,Douglas DC-3A,2,Pratt & Whitney R-1830,1942,-,30793.0, N15569, 4887,Western Air Lines,Training,-,Los Angeles International Airport,LAX,KLAX,United States of America,Los Angeles International Airport,LAX,KLAX,United States of America,3,0,1,0,-,-,Final
19530630-0,Tuesday,30-JUN-1953,-,A1, Unknown (UNK),Tehran,Iran,6,0, Damaged beyond repair,-,Douglas C-47A-20-DK (DC-3),2,Pratt & Whitney R-1830-92,1944,-,-, EP-ACV, 12919,Iranian Airways,Training,-,Tehran-Mehrabad Airport,THR,OIII,Iran,Tehran-Mehrabad Airport,THR,OIII,Iran,6,0,0,0,-,-,-
19530704-3,Saturday,04-JUL-1953,-,C1, Unknown (UNK),at an unknown location,South Korea,-,-, Damaged beyond repair,-,Douglas C-47D (DC-3),-,-,1944,-,-, 43-48408, 25669/14224,USAF,Military,-,-,-,-,-,-,-,-,-,-,-,-,-,-,-,-
19530705-0,Sunday,05-JUL-1953,-,A1, Unknown (UNK),Persian Gulf,Saudi Arabia,-,-, Damaged beyond repair,-,Grumman SA-16B Albatross,-,-,-,-,-, 51-7158, G-208,USAF,Military,-,-,-,-,-,-,-,-,-,-,-,-,-,-,-,-
19530705-1,Sunday,05-JUL-1953,-,A1, Takeoff (TOF),"near Picinguaba Cove, Ubatuba, SP",Brazil,10,0, Damaged beyond repair,-,Consolidated PBY-5A Catalina,-,-,-,-,-, PT-AXX, 1599,Adhemar de Barros,Private,-,São Paulo-Congonhas Airport,CGH,SBSP,Brazil,-,-,-,-,-,-,0,0,-,-,-
19530706-0,Monday,06-JUL-1953,-,A1, En route (ENR),15 km (9.4 mls) NW of Rushan,Tajikistan,7,7, Damaged beyond repair,-,Lisunov Li-2,-,-,-,-,-, CCCP-L4027, 18429905,Aeroflot / Tajikistan,Domestic Scheduled Passenger,-,-,-,-,-,-,-,-,-,4,3,4,3,-,-,-
19530707-0,Tuesday,07-JUL-1953,-,A1, Unknown (UNK),Mississippi River,United States of America,6,3, Damaged beyond repair,-,Consolidated PBY-5A Catalina,-,-,-,-,-, 46617,-,US Coast Guard,Military,-,-,-,-,-,-,-,-,-,6,0,3,0,-,-,-
19530707-1,Tuesday,07-JUL-1953,-,A1, En route (ENR),"15 km (9.4 mls) S of Chestertown, MD",United States of America,6,6, Damaged beyond repair,-,Lockheed R7V-1 Super Constellation,-,-,1953,-,-, 128440, 4107,US Navy,Military,-,Patuxent River NAS,NHK,KNHK,United States of America,Patuxent River NAS,NHK,KNHK,United States of America,6,0,6,0,-,-,-
19530710-0,Friday,10-JUL-1953,-,A1, Approach (APR),"1,5 km (0.9 mls) from  Stavanger-Sola Airport (SVG)",Norway,10,10, Damaged beyond repair,-,Douglas C-47D (DC-3),2,Pratt & Whitney R-1830-90,1944,-,-, 43-48803, 26064/14619,USAF,Military,-,-,-,-,-,Stavanger-Sola Airport,SVG,ENZV,Norway,4,6,4,6,1,-,-
19530712-0,Sunday,12-JUL-1953,20:40,A1, En route (ENR),550 km (343.8 mls) E of Wake Island (Pacific Ocean),Pacific Ocean,58,58, Damaged beyond repair,-,Douglas DC-6,4,Pratt & Whitney R-2800-CB16,1949,-,6235.0, N90806, 42901/153,Transocean Air Lines,Int'l Non Scheduled Passenger, 512,Wake Island Airport,AWK,PAWK,U.S. Minor Outlying Islands,Honolulu International Airport,HNL,PHNL,United States of America,8,50,8,50,-,-,Final
19530713-0,Monday,13-JUL-1953,-,A1, En route (ENR),"off Cape Henry, VA, USA",Atlantic Ocean,-,7, Damaged beyond repair,-,Martin P5M-1 Marlin,-,-,-,-,-, 126503,-,US Navy,Military,-,Norfolk NAS Chambers,NGU,KNGU,United States of America,-,-,-,-,-,-,-,-,-,-,-
19530714-0,Tuesday,14-JUL-1953,17:30,A1, Maneuvering (MNV),"1 km (0.6 mls) E of Basin, MT",United States of America,2,2, Damaged beyond repair,-,Ford 4-AT-E Tri-Motor,3,Wright J-6-9 Whirlwind,1929,-,-, N8400, 4-AT-62,Johnson Flying Service,Agricultural,-,-,-,-,-,-,-,-,-,2,0,2,0,-,-,-
19530716-0,Thursday,16-JUL-1953,-,A1, Unknown (UNK),Johannesburg-Randgermiston Airport (QRA),South Africa,2,0, Damaged beyond repair,-,Douglas C-47B-5-DK (DC-3),-,-,1944,-,-, 6846, 26116/14671,South African AF,Military,-,-,-,-,-,-,-,-,-,2,0,0,0,-,-,-
19530717-0,Friday,17-JUL-1953,23:15,A1, Initial climb (ICL),"near Milton-Whiting Field NAS, FL (NSE)",United States of America,46,44, Damaged beyond repair,-,Fairchild R4Q-2 Flying Boxcar (C-119F),-,-,-,-,-, 131663, 10830,US Navy,Military,-,Milton-Whiting Field NAS,NSE,KNSE,United States of America,Norfolk NAS Chambers,NGU,KNGU,United States of America,6,40,5,39,-,-,-
19530719-0,Sunday,19-JUL-1953,-,A1, Landing (LDG),"Dallas-Love Field, TX (DAL)",United States of America,2,0, Damaged beyond repair,-,Curtiss C-46F-1-CU Commando,-,-,1945,-,-, N1679M, 22573,Southern Air Transport,Cargo,-,Miami International Airport,MIA,KMIA,United States of America,Dallas-Love Field,DAL,KDAL,United States of America,2,0,0,0,-,-,-
19530720-0,Monday,20-JUL-1953,-,A1, Unknown (UNK),19 km (11.9 mls) E of Etah,Greenland,-,-, Damaged beyond repair,-,Douglas C-47B-10-DK (DC-3),-,-,1944,-,-, 43-49184, 26445/15000,USAF,Military,-,-,-,-,-,-,-,-,-,-,-,-,-,-,-,-
19530720-1,Monday,20-JUL-1953,14:10,A1, Takeoff (TOF),near Zyrianka,Russia,16,0, Damaged beyond repair,-,Lisunov Li-2,-,-,-,-,-, CCCP-H1014, 18430308,Dalstroi Aviation,Domestic Non Scheduled Passenger,-,-,-,-,-,-,-,-,-,5,11,0,0,-,-,-
19530722-0,Wednesday,22-JUL-1953,-,O1, Standing (STD),"Rockliffe-CFB Ottawa North, ON",Canada,-,0, Damaged beyond repair,-,Canadair C-54GM North Star,4,Rolls-Royce Merlin 622,1947,-,-, 17501, 108,RCAF,Military,-,Rockcliffe RCAF Station,YRO,CYRO,Canada,-,-,-,-,-,-,0,0,-,-,-
19530722-1,Wednesday,22-JUL-1953,-,A1, En route (ENR),"224 km (140 mls) off  Idris, Libya",Mediterranean Sea,-,0, Damaged beyond repair,-,Handley Page Hastings C.1,-,-,-,-,-, TG613, HP67/91,RAF,Military,-,Tripoli-Castel Benito Airport,TIP,HLLT,Libya,-,-,-,-,-,-,0,0,-,-,-
19530722-2,Wednesday,22-JUL-1953,-,A1, Unknown (UNK),"Trelew, CB",Argentina,-,-, Damaged beyond repair,-,Douglas C-47A-25-DK (DC-3),2,Pratt & Whitney R-1830-92,1944,-,-, LV-ABX, 13435,Aerolineas Argentinas,Unknown,-,-,-,-,-,-,-,-,-,-,-,-,-,-,-,-
19530722-3,Wednesday,22-JUL-1953,-,A1, En route (ENR),19 km (11.9 mls) SE of Bordeaux,France,-,0, Damaged beyond repair,-,Grumman SA-16A Albatross,-,-,-,-,-, 51-0475, G-156,USAF,Military,-,-,-,-,-,-,-,-,-,-,-,0,0,-,-,-
19530723-2,Thursday,23-JUL-1953,-,A1, Maneuvering (MNV),"El Chanar, LR",Argentina,3,0, Damaged beyond repair,-,Junkers Ju-52/3mge,-,-,1934,-,-, LV-ZBG, 5053,Argentine Ministry of Agriculture,Agricultural,-,-,-,-,-,-,-,-,-,3,0,0,0,-,-,-
19530725-0,Saturday,25-JUL-1953,-,A1, Taxi (TXI),Calcutta-Dum Dum Airport (CCU),India,42,0, Damaged beyond repair,-,de Havilland DH-106 Comet 1,-,-,1951,-,-, G-ALYR, 06004,BOAC,International Scheduled Passenger,-,Calcutta-Dum Dum Airport,CCU,VECC,India,-,-,-,-,6,36,0,0,-,-,-
19530726-0,Sunday,26-JUL-1953,-,C1, Standing (STD),Chunchon Air Base,South Korea,-,-, Damaged beyond repair,-,Douglas C-47D (DC-3),-,-,1944,-,-, 43-48930, 26191/14746,USAF,Military,-,-,-,-,-,-,-,-,-,-,-,-,-,-,-,-
19530727-0,Monday,27-JUL-1953,12:30,C1, En route (ENR),4 km (2.5 mls) from  Mao-erh-shan,China,21,21, Damaged beyond repair,-,Ilyushin Il-12,-,-,-,-,-, registration unknown,-,Soviet Navy,Military,-,-,-,-,-,Vladivostok Airport,VVO,UHWW,Russia,6,15,6,15,-,-,-
19530727-1,Monday,27-JUL-1953,-,A1, Approach (APR),Hong Kong-Kai Tak International Airport (HKG),Hong Kong,2,0, Damaged beyond repair,-,Handley Page Hastings C.1,-,-,-,-,-, TG564, HP67/55,RAF,Military,-,-,-,-,-,Hong Kong-Kai Tak International Airport,HKG,VHHH,Hong Kong,2,0,0,0,-,1,-
19530729-0,Wednesday,29-JUL-1953,-,A1, Landing (LDG),Fayid RAF Station,Egypt,-,0, Damaged beyond repair,-,Vickers Valetta C.1,2,Bristol Hercules 230,1948,-,-, VW180, 336,RAF,Military,-,-,-,-,-,-,-,-,-,-,-,0,0,-,-,-
19530730-0,Thursday,30-JUL-1953,-,O1, Standing (STD),Hanoi-Gia Lam Airport,Vietnam,-,-, Damaged beyond repair,-,Douglas C-47A-20-DL (DC-3),2,Pratt & Whitney R-1830-92,1943,-,-, F-VNAD, 9339,State of Vietnam,Unknown,-,-,-,-,-,-,-,-,-,-,-,-,-,-,-,-
19530803-0,Monday,03-AUG-1953,02:28,A1, En route (ENR),10 km (6.3 mls) off  Fethiye,Turkey,42,4, Damaged beyond repair,-,Lockheed L-749A Constellation,4,Wright R-3350 (749C18BD1) Cyclone,1950,-,10058.0, F-BAZS, 2628,Air France,International Scheduled Passenger,AF152,Roma-Ciampino Airport,CIA,LIRA,Italy,Beirut International Airport,BEY,OLBA,Lebanon,8,34,0,4,-,-,Final
19530803-1,Monday,03-AUG-1953,22:37,A1, En route (ENR),near Sharjah Airport (SHJ),United Arab Emirates,25,1, Damaged beyond repair,-,Douglas C-47-DL (DC-3),2,Pratt & Whitney R-1830-92,1943,-,-, AP-AAD, 9143,Orient Airways,Int'l Non Scheduled Passenger,-,Sharjah Airport,SHJ,OMSJ,United Arab Emirates,Bahrain International Airport,BAH,OBBI,Bahrain,4,21,0,1,-,-,-
19530804-0,Tuesday,04-AUG-1953,-,A1, Landing (LDG),Myaungmya,Myanmar,21,0, Damaged beyond repair,-,Handley Page HPR.1 Marathon 1A,-,-,1951,-,-, XY-ACX, 138,Union of Burma Airways,Scheduled Passenger,-,-,-,-,-,-,-,-,-,3,18,0,0,-,-,-
19530804-1,Tuesday,04-AUG-1953,-,A1, Landing (LDG),Aqaba Airport (AQJ),Jordan,-,0, Damaged beyond repair,-,Vickers Valetta C.1,2,Bristol Hercules 230,1950,-,-, VX515,-,RAF,Military,-,-,-,-,-,Aqaba-King Hussein International Airport,AQJ,OJAQ,Jordan,-,-,0,0,-,-,-
19530808-1,Saturday,08-AUG-1953,-,O1, Standing (STD),"Tartagal, Salta",Argentina,-,0, Damaged beyond repair,-,Junkers Ju-52/3m,-,-,-,-,-, LV-ZIH, 4061,Argentine Ministry of Agriculture,Agricultural,-,-,-,-,-,-,-,-,-,-,-,0,0,-,-,-
19530809-0,Sunday,09-AUG-1953,-,A1, En route (ENR),48 km (30 mls) S of Gharyan,Libya,24,0, Damaged beyond repair,-,Fairchild C-119C-22-FA Flying Boxcar,-,-,-,-,-, 51-2542, 10500,USAF,Military,-,Udine Airfield,UDN,LIPD,Italy,Tripoli-Wheelus Air Base,MJI,HLLM,Libya,6,18,0,0,-,-,-
19530812-0,Wednesday,12-AUG-1953,-,A1, Initial climb (ICL),"Springfield-Westover AFB, MA (CEF)",United States of America,4,4, Damaged beyond repair,-,Douglas R6D-1 (DC-6),-,-,1953,-,-, 131586, 43689/319,US Navy,Military,-,Springfield-Westover AFB,CEF,KCEF,United States of America,Springfield-Westover AFB,CEF,KCEF,United States of America,4,0,4,0,-,-,-
19530812-1,Wednesday,12-AUG-1953,-,A1, Takeoff (TOF),Paris-Le Bourget Airport (LBG),France,34,0, Damaged beyond repair,-,Vickers 610 Viking 1B,-,-,1947,-,-, G-AIVG, 220,BEA,International Scheduled Passenger,-,Paris-Le Bourget Airport,LBG,LFPB,France,-,-,-,-,4,30,0,0,-,-,-
19530813-0,Thursday,13-AUG-1953,-,O1, Standing (STD),Moskva-Bykovo Airport (BKA),Russia,0,0, Damaged beyond repair,-,Lisunov Li-2,-,-,1948,-,6020.0, CCCP-L4393, 18429206,Aeroflot / Moscow,-,-,-,-,-,-,-,-,-,-,0,0,0,0,-,-,-
19530817-0,Monday,17-AUG-1953,-,A1, Unknown (UNK),"Flathead Forest, MT",United States of America,7,0, Damaged beyond repair,-,Ford 5-AT-B Tri-Motor,3,Wright R-975-28,1929,-,-, N69905, 5-AT-40,Johnson Flying Service,Parachuting,-,-,-,-,-,-,-,-,-,1,6,0,0,-,-,-
19530818-0,Tuesday,18-AUG-1953,-,A1, Unknown (UNK),"ESE of San Diego, CA",United States of America,2,2, Damaged beyond repair,-,Curtiss C-46A-1-CU Commando,2,Pratt & Whitney R-2800-51,1943,-,-, XA-GOT, 26403,Aerovias Contreras,Cargo,-,-,-,-,-,-,-,-,-,2,0,2,0,-,-,-
19530820-0,Thursday,20-AUG-1953,-,A1, Initial climb (ICL),"Corumbá Internacional Airport, MS (CMG)",Brazil,4,3, Damaged beyond repair,-,Curtiss C-46A Commando,-,-,1945,-,-, PP-ITD, 443,Comp. Itaú de Transportes Aéreos,Unknown,-,-,-,-,-,Corumbá Internacional Airport,CMG,SBCR,Brazil,4,0,3,0,-,-,-
19530822-0,Saturday,22-AUG-1953,-,A1, Takeoff (TOF),Moskva-Bykovo Airport (BKA),Russia,1,0, Damaged beyond repair,-,Lisunov Li-2,-,-,-,-,-, CCCP-L4157,-,Aeroflot / Moscow,Illegal Flight,-,Moskva-Bykovo Airport,BKA,UUBB,Russia,-,-,-,-,1,0,0,0,-,-,-
19530823-0,Sunday,23-AUG-1953,20:00,A1, Approach (APR),"6 km (3.8 mls) from  Campo Grande Airport, MS (CGR)",Brazil,4,0, Damaged beyond repair,-,Douglas C-47-DL (DC-3),2,Pratt & Whitney R-1830-92,1942,-,-, PP-YQK, 4732,REAL,Cargo,-,Presidente Prudente Airport,PPB,SBDN,Brazil,Campo Grande Internacional Airport,CGR,SBCG,Brazil,4,0,0,0,-,-,-
19530823-1,Sunday,23-AUG-1953,-,A1, En route (ENR),5 km (3.1 mls) W off  Laiya,Philippines,-,0, Damaged beyond repair,-,Fairchild C-119B Flying Boxcar,-,-,-,-,-, 48-348, 10330,USAF,Military,-,-,-,-,-,-,-,-,-,-,-,0,0,-,-,-
19530824-0,Monday,24-AUG-1953,-,A1, Landing (LDG),Keflavík International Airport (KEF),Iceland,-,1, Damaged beyond repair,-,Boeing C-97G Stratofreighter,-,-,-,-,-, 50-693, 16237,USAF,Military,-,-,-,-,-,Keflavík International Airport,KEF,BIKF,Iceland,-,-,1,0,-,-,-
19530826-0,Wednesday,26-AUG-1953,-,A2, En route (ENR),"Michigan City, IN",United States of America,30,0, Substantial, Repaired,Convair CV-240-0,-,-,-,-,-, N94269, 146,American Airlines,Domestic Scheduled Passenger,-,Chicago-Midway Airport,MDW,KMDW,United States of America,Cleveland-Hopkins International Airport,CLE,KCLE,United States of America,3,27,0,0,-,-,Final
19530826-1,Wednesday,26-AUG-1953,-,A2, En route (ENR),"Michigan City, IN",United States of America,27,0, Substantial, Repaired,Convair CV-340-31,-,-,-,-,-, N73133, 70,United Airlines,Domestic Scheduled Passenger,-,Chicago-Midway Airport,MDW,KMDW,United States of America,Detroit-Willow Run Airport,YIP,KYIP,United States of America,3,24,0,0,-,-,Final
19530899-0,-,xx-AUG-1953,-,A1, Unknown (UNK),at an unknown location,Unknown country,-,-, Damaged beyond repair,-,Bristol 170 Freighter IA,-,-,-,-,-, T-41, 12771,Argentine AF,Military,-,-,-,-,-,-,-,-,-,-,-,-,-,-,-,-
19530901-0,Tuesday,01-SEP-1953,23:30,A1, En route (ENR),Mont Le Cimet,France,42,42, Destroyed, Written off (damaged beyond repair),Lockheed L-749A Constellation,-,-,1951,-,-, F-BAZZ, 2674,Air France,Domestic Scheduled Passenger,AF147,Paris-Orly Airport,ORY,LFPO,France,Nice Airport,NCE,LFMN,France,9,33,9,33,-,-,-
19530901-1,Tuesday,01-SEP-1953,18:30,A1, En route (ENR),"19 km (11.9 mls) SE of Vail, WA",United States of America,21,21, Damaged beyond repair,-,Douglas C-49K (DC-3),2,Wright R-1820,1942,-,8398.0, N19941, 6333,Regina Cargo Airlines,Domestic Non Scheduled Passenger,-,-,-,-,-,Tacoma-McChord AFB,TCM,KTCM,United States of America,2,19,2,19,-,-,Final
19530902-0,Wednesday,02-SEP-1953,-,A1, Unknown (UNK),unknown,Unknown country,-,-, Damaged beyond repair,-,Douglas C-47A-80-DL (DC-3),-,-,1944,-,-, 43-15267, 19733,USAF,Military,-,-,-,-,-,-,-,-,-,-,-,-,-,-,-,-
19530902-1,Wednesday,02-SEP-1953,-,A1, En route (ENR),"off Ilha da Boqueirão, RJ",Brazil,4,4, Damaged beyond repair,-,Douglas C-47A-DL (DC-3),-,-,1943,-,-, 2049, 13862,Brazilian AF,Military,-,Rio de Janeiro-Galeão International Airport,GIG,SBGL,Brazil,-,-,-,-,4,0,4,0,-,-,-
19530906-0,Sunday,06-SEP-1953,-,A1, Landing (LDG),Bermuda-Kindley Field NAS (NWU),Bermuda,50,0, Damaged beyond repair,-,Douglas R6D-1 (DC-6),-,-,1953,-,-, 131583, 43686/308,US Navy,Military,-,-,-,-,-,-,-,-,-,-,-,0,0,-,-,-
19530906-1,Sunday,06-SEP-1953,02:31,A1, Landing (LDG),"Tacoma-McChord AFB, WA (TCM)",United States of America,32,0, Damaged beyond repair,-,Lockheed L-1049 Super Constellation,4,Wright R-3350 (975C18CB1),1952,-,4509.0, N6214C, 4014,Northwest Orient Airlines,Domestic Scheduled Passenger,8,Seattle/Tacoma International Airport,SEA,KSEA,United States of America,Chicago-O'Hare International Airport,ORD,KORD,United States of America,6,26,0,0,-,-,Final
19530908-0,Tuesday,08-SEP-1953,13:16,A1, En route (ENR),5 km (3.1 mls) from  San Andres,Honduras,3,3, Damaged beyond repair,-,Douglas C-47A-30-DK (DC-3),2,Pratt & Whitney R-1830-92,1944,-,-, XH-TAR, 25262/13817,TACA de Honduras,Cargo,-,San Pedro Sula-Ramon Villeda Morales Airport,SAP,MHLM,Honduras,-,-,-,-,3,0,3,0,-,-,-
19530912-0,Saturday,12-SEP-1953,-,A1, Takeoff (TOF),"Rio de Janeiro-Santos Dumont Airport, RJ (SDU)",Brazil,-,0, Damaged beyond repair,-,Douglas C-47A-20-DK (DC-3),-,-,1944,-,-, 2051, 13109,Brazilian AF,Military,-,Rio de Janeiro-Santos Dumont Airport,SDU,SBRJ,Brazil,-,-,-,-,-,-,0,0,-,-,-
19530913-0,Sunday,13-SEP-1953,-,A1, Unknown (UNK),Luluaba,Democratic Republic of the Congo,-,0, Damaged beyond repair,-,Douglas C-47B-1-DL (DC-3),2,Pratt & Whitney R-1830-90C,1944,-,-, KP-2/OT-CWB, 20741,Belgian AF,Military,-,-,-,-,-,-,-,-,-,-,-,0,0,-,-,-
19530914-0,Monday,14-SEP-1953,-,A1, Approach (APR),"São Paulo-Congonhas Airport, SP (CGH)",Brazil,17,0, Damaged beyond repair,-,Curtiss C-46A-1-CU Commando,2,Pratt & Whitney R-2800-51,1943,-,-, PP-LDM, 26397,Loide Aéreo Nacional,Unknown,-,São Paulo-Congonhas Airport,CGH,SBSP,Brazil,-,-,-,-,5,12,0,0,-,-,-
19530914-1,Monday,14-SEP-1953,-,A1, Approach (APR),Chablekal,Mexico,2,1, Damaged beyond repair,-,Douglas C-47A-20-DK (DC-3),2,Pratt & Whitney R-1830-92,1944,-,-, XA-GIC, 13113,TAMSA,Cargo,-,Campeche International Airport,CPE,MMCP,Mexico,Mérida-Rejon Airport,MID,MMMD,Mexico,2,0,1,0,-,-,-
19530914-2,Monday,14-SEP-1953,-,A1, Unknown (UNK),unknown,Unknown country,-,-, Damaged beyond repair,-,Douglas C-47D (DC-3),-,-,1944,-,-, 43-16270, 20736,USAF,Military,-,-,-,-,-,-,-,-,-,-,-,-,-,-,-,-
19530916-0,Wednesday,16-SEP-1953,08:34,A1, Approach (APR),"5 km (3.1 mls) SW of Albany Airport, NY (ALB)",United States of America,28,28, Damaged beyond repair,-,Convair CV-240-0,2,Pratt & Whitney R-2800-83AM4A,1948,-,9920.0, N94255, 116,American Airlines,Domestic Scheduled Passenger,AA723,Windsor Locks-Bradley Field,BDL,KBDL,United States of America,Albany Airport,ALB,KALB,United States of America,3,25,3,25,-,-,Final
19530919-0,Saturday,19-SEP-1953,-,A1, Approach (APR),near San Luis de Palenque Airport (SQE),Colombia,4,1, Damaged beyond repair,-,Douglas C-47A-50-DL (DC-3),2,Pratt & Whitney R-1830-92,1943,-,-, HK-143, 10088,Avianca,Cargo,-,Villavicencio Airport,VVC,SKVV,Colombia,-,-,-,-,3,1,1,0,-,-,-
19530919-1,Saturday,19-SEP-1953,-,A1, Unknown (UNK),off Bermuda,Bermuda,-,0, Damaged beyond repair,-,Grumman SA-16B Albatross,-,-,-,-,-, 51-7171, G-221,USAF,Military,-,-,-,-,-,-,-,-,-,-,-,0,0,-,-,-
19530922-0,Tuesday,22-SEP-1953,14:30,A1, Landing (LDG),"0,8 km (0.5 mls) E of Miles City Municipal Airport, MT (MLS)",United States of America,44,0, Damaged beyond repair,-,Curtiss C-46F-1-CU Commando,-,-,1945,-,-, N1673M, 22460,Caribbean-American Airlines,Domestic Non Scheduled Passenger,-,Miles City Municipal Airport,MLS,KMLS,United States of America,-,-,-,-,7,37,0,0,-,-,-
19530925-0,Friday,25-SEP-1953,10:10,A1, Initial climb (ICL),near Ankara,Turkey,21,5, Damaged beyond repair,-,Douglas C-47A-35-DL (DC-3),2,Pratt & Whitney R-1830-92,1943,-,-, TC-EGE, 9694,DHY,Domestic Scheduled Passenger,-,Ankara-Etimesgut Airport,ANK,LTAD,Turkey,Van Airport,VAN,LTCI,Turkey,5,16,4,1,-,-,-
19530926-0,Saturday,26-SEP-1953,-,A1, Maneuvering (MNV),8 km (5 mls) NW of Bertam,Malaysia,8,8, Damaged beyond repair,-,Vickers Valetta C.1,2,Bristol Hercules 230,1950,-,-, WD164, 493,RAF,Military,-,-,-,-,-,-,-,-,-,3,5,3,5,-,-,-
19530926-1,Saturday,26-SEP-1953,11:10,A1, En route (ENR),N of Guarinocito,Colombia,4,4, Damaged beyond repair,-,Canadian Vickers PBV-1A Canso A (PBY-5A),-,-,1943,-,-, HK-1510, CV-257,Texaco,Unknown,-,-,-,-,-,-,-,-,-,3,1,3,1,-,-,-
19530926-2,Saturday,26-SEP-1953,-,A1, En route (ENR),18 km (11.3 mls) SSW of Prades,France,4,4, Damaged beyond repair,-,Douglas C-47A-40-DL (DC-3),-,-,1943,-,-, 42-24067, 9929,USAF,Military,-,-,-,-,-,-,-,-,-,-,-,-,-,-,-,-
19530927-0,Sunday,27-SEP-1953,-,A1, Unknown (UNK),"32 km (20 mls) S off  Jask, Iran [Gulf of Oman]",Indian Ocean,5,4, Damaged beyond repair,-,Grumman SA-16B Albatross,-,-,-,-,-, 51-7149, G-199,USAF,Military,-,-,-,-,-,-,-,-,-,5,0,4,0,-,-,-
19530928-0,Monday,28-SEP-1953,16:18,A1, Approach (APR),"Louisville-Standiford Field, KY (SDF)",United States of America,41,25, Damaged beyond repair,-,Curtiss C-46F-1-CU Commando,2,Pratt & Whitney R-2800-75,1945,-,6952.0, N66534, 22384,USAF,Domestic Non Scheduled Passenger,1081,Philadelphia-North Philadelphia Airport,PNE,KPNE,United States of America,Louisville-Standiford Field,SDF,KSDF,United States of America,3,38,3,22,-,-,Final
19531009-0,Friday,09-OCT-1953,-,A1, Landing (LDG),Abingdon RAF Station (ABB),United Kingdom,-,0, Damaged beyond repair,-,Handley Page Hastings C.1,-,-,-,-,-, TG559, HP67/50,RAF,Military,-,-,-,-,-,Abingdon RAF Station,ABB,EGUD,United Kingdom,-,-,0,0,-,-,-
19531009-1,Friday,09-OCT-1953,-,A1, Unknown (UNK),off Keflavík,Iceland,-,9, Damaged beyond repair,-,Lockheed P2V-5 Neptune,-,-,-,-,-, 124901,-,US Navy,Military,-,-,-,-,-,-,-,-,-,-,-,-,-,-,-,-
19531010-0,Saturday,10-OCT-1953,-,A1, Unknown (UNK),off Port Lyautey NAS (NNA),Morocco,-,0, Damaged beyond repair,-,Lockheed P2V-3 Neptune,-,-,-,-,-, 122935,-,US Navy,Military,-,Port Lyautey NAS,NNA,GMMY,Morocco,-,-,-,-,-,-,0,0,-,-,-
19531012-0,Monday,12-OCT-1953,-,A1, Landing (LDG),Aqaba Airport (AQJ),Jordan,-,0, Damaged beyond repair,-,Vickers Valetta C.1,2,Bristol Hercules 230,1949,-,-, VW804, 365,RAF,Military,-,-,-,-,-,-,-,-,-,-,-,0,0,-,-,-
19531013-0,Tuesday,13-OCT-1953,-,A1, Initial climb (ICL),near Tangier Airport (TNG),Morocco,-,1, Damaged beyond repair,-,SNCASO SO.30P Bretagne,2,Pratt & Whitney R-2800,-,-,-, F-DABD, 34,Air Maroc,Unknown,-,Tangier Airport,TNG,GMTT,Morocco,-,-,-,-,-,-,0,1,-,-,-
19531014-0,Wednesday,14-OCT-1953,15:20,A1, Initial climb (ICL),ca 1 km N of Frankfurt International Airport (FRA),Germany,44,44, Damaged beyond repair,-,Convair CV-240-12,-,-,1949,-,-, OO-AWQ, 154,Sabena,International Scheduled Passenger,-,Frankfurt International Airport,FRA,EDDF,Germany,Brussel-Zaventem Airport,BRU,EBBR,Belgium,4,40,4,40,-,-,-
19531014-1,Wednesday,14-OCT-1953,00:40,A1, Initial climb (ICL),"2,5 km (1.6 mls) from  Irkutsk Airport (IKT)",Russia,28,4, Damaged beyond repair,-,Ilyushin Il-12,-,-,-,-,-, CCCP-L1727, 93013217,Aeroflot / East Siberia,Domestic Scheduled Passenger,-,Irkutsk Airport,IKT,UIII,Russia,-,-,-,-,6,22,4,0,-,-,-
