identifiant,week_day,date,time,type_event,phase,location,country,total_occupants,total_fatalities,aircraft_damage,aircraft_fate,type_aircraft,number_engines,type_engines,first_flight,cycles,total_airframe_hours,registration,c_n_msn,operator,nature,flight_number,departure_airport_name,departure_airport_IATA,departure_airport_ICAO,departure_airport_country,destination_airport_name,destination_airport_IATA,destination_airport_ICAO,destination_airport_country,crew_number,passengers_number,crew_fatalities,passengers_fatalities,collision_casualties,ground_casualties,status
19520513-0,Tuesday,13-MAY-1952,-,A1, En route (ENR),"São Paulo, SP",Brazil,22,5, Damaged beyond repair,-,Douglas C-47B-45-DK (DC-3),2,Pratt & Whitney R-1830-90C,1945,-,-, PP-SPM, 34151/16894,VASP,Domestic Scheduled Passenger,-,São Paulo-Congonhas Airport,CGH,SBSP,Brazil,Bauru Airport,BAU,SBBU,Brazil,3,19,2,3,-,-,-
19520516-0,Friday,16-MAY-1952,-,A1, En route (ENR),Eyjafjallajökull,Iceland,5,5, Damaged beyond repair,-,Grumman SA-16A Albatross,-,-,-,-,-, 51-0055, G-132,USAF,Military,-,Keflavík Naval Air Station,KEF,BIKF,Iceland,Keflavík Naval Air Station,KEF,BIKF,Iceland,5,0,5,0,-,-,-
19520518-0,Sunday,18-MAY-1952,-,A1, Landing (LDG),"Sandwich Bay, NL",Canada,3,3, Damaged beyond repair,-,Boeing-Canada PB2B-1 Canso A (PBY-5A),-,-,1943,-,-, CF-FAN, 22023,Maritime Central Airways,Cargo,-,Gander Airport,YQX,CYQX,Canada,Cartwright Airport,YRF,CYCA,Canada,3,0,3,0,-,-,Final
19520519-0,Monday,19-MAY-1952,-,A1, Unknown (UNK),near Sowina,Poland,-,-, Damaged beyond repair,-,Lisunov Li-2T,-,-,-,-,-, SP-LBD, 18419804,LOT,Unknown,-,-,-,-,-,-,-,-,-,-,-,-,-,-,-,-
19520524-0,Saturday,24-MAY-1952,-,A1, Initial climb (ICL),"off Manaus, AM",Brazil,6,6, Damaged beyond repair,-,Curtiss C-46A-60-CK Commando,2,Pratt & Whitney R-2800-51,1945,-,-, PP-LDE,   446,Loide Aéreo Nacional,Cargo,-,Manaus/Ponta Pelada Airport,PLL,SBMN,Brazil,Rio de Janeiro-Santos Dumont Airport,SDU,SBRJ,Brazil,6,0,6,0,-,-,-
19520526-0,Monday,26-MAY-1952,-,A1, En route (ENR),114 km (71.3 mls) SSE of Atar,Mauritania,18,1, Damaged beyond repair,-,Handley Page HP.81 Hermes IV,-,-,1950,-,-, G-ALDN, HP.81/15,BOAC,International Scheduled Passenger,-,Tripoli International Airport,TIP,HLLT,Libya,Kano International Airport,KAN,DNKN,Nigeria,8,10,1,0,-,-,-
19520607-0,Saturday,07-JUN-1952,-,A1, En route (ENR),"near Whidbey Island NAS, WA (NUW)",United States of America,5,0, Damaged beyond repair,-,Lockheed P2V-2 Neptune,-,-,-,-,-, 39359,-,US Navy,Military,-,-,-,-,-,-,-,-,-,5,0,0,0,-,-,-
19520613-0,Friday,13-JUN-1952,11:30,C1, En route (ENR),56 km (35 mls) E off  Gotska Sandön island [Baltic Sea],Atlantic Ocean,8,8, Destroyed, Written off (damaged beyond repair),Douglas Tp 79 (C-47-DL),2,Pratt & Whitney R-1830-92,1943,-,3454.0, 79001, 9001,Swedish AF,Military,-,Stockholm-Bromma Airport,BMA,ESSB,Sweden,Stockholm-Bromma Airport,BMA,ESSB,Sweden,8,0,8,0,-,-,Final
19520616-0,Monday,16-JUN-1952,-,A1, Landing (LDG),Malta-Luqa Airport (MLA),Malta,-,0, Damaged beyond repair,-,Handley Page Hastings C.1,-,-,-,-,-, TG603, HP67/81,RAF,Military,-,-,-,-,-,Malta-Luqa Airport,MLA,LMML,Malta,-,-,0,0,-,-,-
19520616-1,Monday,16-JUN-1952,04:20,C1, En route (ENR),Baltic Sea,Atlantic Ocean,5,0, Damaged beyond repair,-,Consolidated Tp 47 Canso (PBY-5A),-,-,-,-,-, 47002,-,Swedish AF,Military,-,-,-,-,-,-,-,-,-,5,0,0,0,-,-,-
19520623-0,Monday,23-JUN-1952,-,A2, Landing (LDG),Cairo International Airport (CAI),Egypt,-,0, Substantial, Repaired,Douglas DC-6,-,-,1948,-,-, SE-BDD, 43122/120,SAS,International Scheduled Passenger,970,Roma-Ciampino Airport,CIA,LIRA,Italy,Cairo International Airport,CAI,HECA,Egypt,-,-,0,0,-,-,-
19520625-0,Wednesday,25-JUN-1952,-,A1, Maneuvering (MNV),19 km (11.9 mls) off  Berwick-upon-Tweed,United Kingdom,13,11, Damaged beyond repair,-,Avro Shackleton MR.1,4,Rolls-Royce Griffon 57,1951,-,-, VP261,-,RAF,Military,-,Scampton RAF Station,SQZ,EGXP,United Kingdom,Scampton RAF Station,SQZ,EGXP,United Kingdom,11,2,9,2,-,-,-
19520625-2,Wednesday,25-JUN-1952,-,A1, Unknown (UNK),"8 km (5 mls) NE of Monrovia, CA",United States of America,7,7, Damaged beyond repair,-,Douglas C-47D (DC-3),-,-,1944,-,-, 43-48723, 25984/14539,USAF,Military,-,-,-,-,-,-,-,-,-,-,-,-,-,-,-,-
19520626-0,Thursday,26-JUN-1952,-,H2, En route (ENR),Foligno Airport,Italy,27,0, None,-,Douglas C-47 (DC-3),-,-,-,-,-, registration unknown,-,JAT,Domestic Scheduled Passenger,-,-,-,-,-,Pula Airport,PUY,LDPL,Croatia,5,22,0,0,-,-,-
19520627-0,Friday,27-JUN-1952,-,A1, Initial climb (ICL),"3 km (1.9 mls) from  Cherry Point MCAS, NC (NKT)",United States of America,5,5, Damaged beyond repair,-,Fairchild R4Q-1 Flying Boxcar (C-119C),-,-,-,-,-, 124331, 7008,USMC,Military,-,-,-,-,-,-,-,-,-,5,0,5,0,-,-,-
19520628-0,Saturday,28-JUN-1952,06:56,A2, Approach (APR),"Dallas, TX",United States of America,60,0, Minor, Repaired,Douglas DC-6,-,-,-,-,-, N90750, 43137,American Airlines,Domestic Scheduled Passenger,AA910,San Francisco International Airport,SFO,KSFO,United States of America,Dallas-Love Field,DAL,KDAL,United States of America,5,55,0,0,2,-,Final
19520630-0,Monday,30-JUN-1952,-,A1, Takeoff (TOF),Khartoum-Civil Airport (KRT),Sudan,-,0, Damaged beyond repair,-,Vickers Valetta C.1,2,Bristol Hercules 230,1948,-,-, VW164, 334,RAF,Military,-,Khartoum-Civil Airport,KRT,HSSS,Sudan,-,-,-,-,-,-,0,0,-,-,-
19520703-0,Thursday,03-JUL-1952,-,A1, Unknown (UNK),8 km (5 mls) E of Oya,Malaysia,1,0, Damaged beyond repair,-,Vickers Valetta C.1,2,Bristol Hercules 230,1950,-,-, VX537,-,RAF,Military,-,-,-,-,-,-,-,-,-,1,0,0,0,-,-,-
19520706-0,Sunday,06-JUL-1952,-,A1, Takeoff (TOF),Lyon-Bron Airport (LYN),France,6,6, Damaged beyond repair,-,Nord 2501 Noratlas,2,Bristol Hercules 739,1950,-,-, F-WFUN, 02,Nord Aviation,Demonstration,-,Lyon-Bron Airport,LYN,LFLY,France,Lyon-Bron Airport,LYN,LFLY,France,6,0,6,0,-,-,-
19520706-1,Sunday,06-JUL-1952,-,A1, Unknown (UNK),near Hoyo de Manzanares,Spain,12,7, Damaged beyond repair,-,CASA 352 (Junkers Ju-52),-,-,-,-,-, T.2-218, 109,Spanish AF,Military,-,-,-,-,-,-,-,-,-,-,-,-,-,-,-,-
19520711-0,Friday,11-JUL-1952,-,A1, En route (ENR),"off Maraú, BA",Brazil,33,13, Damaged beyond repair,-,Douglas C-47A-35-DL (DC-3),2,Pratt & Whitney R-1830-92,1943,-,-, 2048, 9777,Brazilian AF,Military,-,Salvador-Dois de Julho International Airport,SSA,SBSV,Brazil,Rio de Janeiro-Galeão International Airport,GIG,SBGL,Brazil,5,28,1,12,-,-,-
19520711-1,Friday,11-JUL-1952,-,A1, Landing (LDG),"Moline-Quad-City Airport, IL (MLI)",United States of America,-,0, Damaged beyond repair,-,Fairchild C-82A Packet,-,-,-,-,-, 45-57799, 10169,USAF,Military,-,-,-,-,-,Moline-Quad-City Airport,MLI,KMLI,United States of America,-,-,0,0,-,-,-
19520711-2,Friday,11-JUL-1952,-,A1, Landing (LDG),"off Seattle, WA",United States of America,7,3, Damaged beyond repair,-,Consolidated PBY Catalina,-,-,-,-,-, registration unknown,-,US Navy,Military,-,-,-,-,-,-,-,-,-,-,-,-,-,-,-,-
19520715-0,Tuesday,15-JUL-1952,-,A1, Unknown (UNK),Pusan East (K-9) Air Base,South Korea,-,-, Damaged beyond repair,-,Douglas C-47A-30-DK (DC-3),-,-,1944,-,-, 43-48140, 25401/13956,USAF,Military,-,-,-,-,-,-,-,-,-,-,-,-,-,-,-,-
19520718-0,Friday,18-JUL-1952,-,A1, Landing (LDG),Warszawa,Poland,-,0, Damaged beyond repair,-,Ilyushin Il-12B,-,-,1949,-,-, SP-LHC, 93013506,LOT,Unknown,-,-,-,-,-,-,-,-,-,-,-,0,0,-,-,-
19520719-0,Saturday,19-JUL-1952,23:02,A1, Initial climb (ICL),Riga-Spilve Airport,Latvia,4,4, Damaged beyond repair,-,Lisunov Li-2,-,-,1945,-,5948.0, CCCP-L4197, 18420702,Aeroflot / Latvia,Training,-,-,-,-,-,-,-,-,-,4,0,4,0,-,-,-
19520721-0,Monday,21-JUL-1952,-,A1, Unknown (UNK),"near Goose Bay Airport, NL (YYR)",Canada,3,3, Damaged beyond repair,-,Douglas C-47A-30-DL (DC-3),-,-,1943,-,-, 654, 9595,RCAF,Military,-,-,-,-,-,-,-,-,-,3,0,3,0,-,-,-
19520723-0,Wednesday,23-JUL-1952,22:25,A1, Landing (LDG),Pithiviers Airport,France,70,0, Damaged beyond repair,-,Handley Page HP.81 Hermes IVA,-,-,1949,-,-, G-ALDB, HP.81/3,Airwork,Int'l Non Scheduled Passenger,-,Blackbushe Airport,BBS,EGLK,United Kingdom,-,-,-,-,6,64,0,0,-,-,-
19520723-1,Wednesday,23-JUL-1952,-,A1, Unknown (UNK),"1,7 km (1.1 mls) NE of Ashiya Air Base",Japan,5,5, Damaged beyond repair,-,Fairchild C-119C Flying Boxcar,-,-,-,-,-, 49-138, 10375,USAF,Military,-,-,-,-,-,-,-,-,-,5,0,5,0,-,2,-
19520725-0,Friday,25-JUL-1952,-,A1, Landing (LDG),Malta-Luqa Airport (MLA),Malta,-,0, Damaged beyond repair,-,Vickers 498 Viking 1A,-,-,1946,-,-, G-AHON, 116,Crewsair,Unknown,-,-,-,-,-,Malta-Luqa Airport,MLA,LMML,Malta,-,-,0,0,-,-,-
19520725-1,Friday,25-JUL-1952,-,A1, Unknown (UNK),"3,2 km (2 mls) SE of Niigata Air Base (KIJ)",Japan,-,0, Damaged beyond repair,-,Fairchild C-119B Flying Boxcar,-,-,-,-,-, 49-103, 10340,USAF,Military,-,-,-,-,-,-,-,-,-,-,-,0,0,-,-,-
19520727-0,Sunday,27-JUL-1952,-,A1, En route (ENR),ca 160 km off Benghazi,Mediterranean Sea,32,0, Damaged beyond repair,-,Douglas C-47A-10-DK (DC-3),2,Pratt & Whitney R-1830-92,1944,-,-, ZS-DFB, 12414,Tropic Airways,Passenger,-,Malta-Luqa Airport,MLA,LMML,Malta,Benghazi-Benina International Airport,BEN,HLLB,Libya,4,28,0,0,-,-,-
19520727-1,Sunday,27-JUL-1952,11:46,A2, En route (ENR),"off Rio de Janeiro, RJ",Atlantic Ocean,27,1, Minor, Repaired,Boeing 377 Stratocruiser 10-26,4,Pratt & Whitney R-4360-B6,1949,-,7885.0, N1030V, 15939/12,Pan Am,International Scheduled Passenger,PA201,Rio de Janeiro-Galeão International Airport,GIG,SBGL,Brazil,Buenos Aires/Ezeiza-Ministro Pistarini Airport,EZE,SAEZ,Argentina,8,19,0,1,-,-,Final
19520727-2,Sunday,27-JUL-1952,-,U1, Unknown (UNK),at an unknown location,Unknown country,-,-, Damaged beyond repair,-,CASA 352 (Junkers Ju-52),-,-,-,-,-, T.2-175, 66,Spanish AF,Military,-,-,-,-,-,-,-,-,-,-,-,-,-,-,-,-
19520728-0,Monday,28-JUL-1952,-,A1, Unknown (UNK),"St. Hubert RCAF Station, QC (YHU)",Canada,-,-, Damaged beyond repair,-,Douglas C-47B Dakota IVP (DC-3),2,Pratt & Whitney R-1830-90C,1944,-,-, 984, 27135/15690,RCAF,Military,-,-,-,-,-,-,-,-,-,-,-,-,-,-,-,-
19520730-0,Wednesday,30-JUL-1952,-,A1, Landing (LDG),Cairo-Almaza Airport,Egypt,38,0, Damaged beyond repair,-,SNCASE SE.161 Languedoc,-,-,1946,-,-, SU-AHX, 46,Misrair,International Scheduled Passenger,-,-,-,-,-,Khartoum-Civil Airport,KRT,HSSS,Sudan,5,33,0,0,-,-,-
19520802-0,Saturday,02-AUG-1952,-,A1, En route (ENR),N of Kuala Lumpur,Malaysia,7,7, Damaged beyond repair,-,Vickers Valetta C.1,2,Bristol Hercules 230,1950,-,-, VX540,-,RAF,Military,-,-,-,-,-,-,-,-,-,3,4,3,4,-,-,-
19520804-0,Monday,04-AUG-1952,00:30,A1, Approach (APR),"Miami International Airport, FL (MIA)",United States of America,4,4, Damaged beyond repair,-,Curtiss C-46A-40-CU Commando,2,Pratt & Whitney R-2800-75,1944,-,-, N79096, 27038,private,Ferry/positioning,-,-,-,-,-,Miami International Airport,MIA,KMIA,United States of America,2,2,2,2,-,-,Final
19520809-0,Saturday,09-AUG-1952,-,A1, Unknown (UNK),"Houston-Ellington Field, TX (EFD)",United States of America,-,-, Damaged beyond repair,-,Douglas C-47D (DC-3),-,-,1945,-,-, 44-76273, 32605/15857,USAF,Military,-,-,-,-,-,-,-,-,-,-,-,-,-,-,-,-
19520812-0,Tuesday,12-AUG-1952,09:40,A1, En route (ENR),"Palmeira de Goiás, GO",Brazil,24,24, Destroyed, Written off (damaged beyond repair),Douglas C-47A-90-DL (DC-3),2,Pratt & Whitney R-1830-92,1944,-,-, PP-ANH, 20187,T.A. Nacionales,Domestic Scheduled Passenger,-,Rio Verde Airport,RVD,SWLC,Brazil,Goiânia-Santa Genoveva Airport,GYN,SBGO,Brazil,4,20,4,20,-,-,-
19520814-1,Thursday,14-AUG-1952,-,A1, En route (ENR),within Nicaragua,Nicaragua,3,3, Missing, Presumed damaged beyond repair,Douglas C-47 (DC-3),-,-,-,-,-, AN-A..,-,LANICA,Cargo,-,Bonanza-San Pedro Airport,BZA,MNBZ,Nicaragua,Managua Airport,MGA,MNMG,Nicaragua,-,-,-,-,-,-,-
19520815-0,Friday,15-AUG-1952,-,A1, Landing (LDG),"near Guaíra Airport, PR (QGA)",Brazil,-,0, Damaged beyond repair,-,Douglas C-47A-90-DL (DC-3),2,Pratt & Whitney R-1830-92,1944,-,-, PP-SDD, 20435,VASD,Unknown,-,-,-,-,-,Asunción-Silvio Pettirossi International Airport,ASU,SGAS,Paraguay,-,-,0,0,-,-,-
19520819-0,Tuesday,19-AUG-1952,-,A1, Maneuvering (MNV),"near Hook, Hampshire",United Kingdom,2,2, Destroyed, Written off (damaged beyond repair),Vickers Valetta C.1,2,Bristol Hercules 230,1948,-,-, VL266, 171,RAF,Military,-,Farnborough Airport,FAB,EGLF,United Kingdom,Farnborough Airport,FAB,EGLF,United Kingdom,2,0,2,0,-,-,-
19520819-1,Tuesday,19-AUG-1952,-,A1, En route (ENR),3 km (1.9 mls) N of Benson RAF Station (BEX),United Kingdom,3,3, Damaged beyond repair,-,Vickers Valetta C.1,2,Bristol Hercules 230,1950,-,-, VX559,-,RAF,Military,-,Benson RAF Station,BEX,EGUB,United Kingdom,-,-,-,-,3,0,3,0,-,-,-
19520820-0,Wednesday,20-AUG-1952,-,A1, En route (ENR),27 km (16.9 mls) E of Suwon (K-13) Air Base,South Korea,-,0, Damaged beyond repair,-,Douglas C-47A-30-DK (DC-3),2,Pratt & Whitney R-1830-92,1944,-,-, 43-48077, 25338/13893,USAF,Military,-,-,-,-,-,-,-,-,-,-,-,0,0,-,-,-
19520822-0,Friday,22-AUG-1952,-,A1, Unknown (UNK),Apácapuszta,Hungary,-,-, Damaged beyond repair,-,Lisunov Li-2T,-,-,-,-,-, 210, 23441210,Hungarian AF,Military,-,-,-,-,-,-,-,-,-,-,-,-,-,-,-,-
19520823-0,Saturday,23-AUG-1952,04:10,A2, En route (ENR),"near Chlya, Nizhneamurskaya region",Russia,16,1, Substantial, Repaired,Ilyushin Il-12,-,-,-,-,-, CCCP-L1488, 30277,Aeroflot / Far East,Domestic Scheduled Passenger,-,-,-,-,-,-,-,-,-,5,11,1,0,-,-,-
19520824-0,Sunday,24-AUG-1952,-,A1, Landing (LDG),near Potsdam,Germany,3,1, Damaged beyond repair,-,Avro 685 York C.1,4,Rolls-Royce Merlin,1945,-,-, G-AGNZ, 1227,Eagle Aviation,Cargo,-,Berlin-R.A.F. Gatow Airport,GWW,EDBG,Germany,Hamburg-Fuhlsbüttel Airport,HAM,EDDH,Germany,3,0,1,0,-,-,-
19520824-2,Sunday,24-AUG-1952,-,A1, Approach (APR),"Fort Indiantown-Muir Army Air Field, PA (MUI)",United States of America,6,0, Damaged beyond repair,-,Douglas VC-47D (DC-3),-,-,1944,-,-, 43-16245, 20711,USAF,Military,-,-,-,-,-,Fort Indiantown-Muir Army Air Field,MUI,KMUI,United States of America,-,-,0,0,-,-,-
19520825-0,Monday,25-AUG-1952,01:00,A1, En route (ENR),ca 3 km W off Trapani,Italy,57,7, Damaged beyond repair,-,Handley Page HP.81 Hermes IVA,-,-,1950,-,-, G-ALDF, HP.81/7,Airwork,Int'l Non Scheduled Passenger,-,Blackbushe Airport,BBS,EGLK,United Kingdom,Malta-Luqa Airport,MLA,LMML,Malta,6,51,6,1,-,-,-
19520826-1,Tuesday,26-AUG-1952,-,A1, En route (ENR),near Khewra,Pakistan,18,18, Damaged beyond repair,-,Bristol 170 Freighter 21P,-,-,-,-,-, G783, 12810,Pakistan AF,Military,-,-,-,-,-,Peshawar Airport,PEW,OPPS,Pakistan,2,16,2,16,-,-,-
19520827-0,Wednesday,27-AUG-1952,-,A1, Landing (LDG),near Khartoum-Wadi Seidna Air Base,Sudan,5,0, Damaged beyond repair,-,Vickers 630 Viscount,4,Rolls-Royce Dart 502,1948,-,931.0, G-AHRF,   1,UK Ministry of Supply,Test,-,-,-,-,-,-,-,-,-,5,0,0,0,-,-,-
19520828-0,Thursday,28-AUG-1952,-,A1, Unknown (UNK),"0,8 km (0.5 mls) SE of Loisy",France,-,0, Damaged beyond repair,-,Douglas C-47A-80-DL (DC-3),-,-,1944,-,-, 43-15045, 19511,USAF,Military,-,-,-,-,-,-,-,-,-,-,-,0,0,-,-,-
19520829-0,Friday,29-AUG-1952,21:05,A1, Landing (LDG),Kosti Airport (KST),Sudan,4,2, Damaged beyond repair,-,Douglas DC-2-115B,-,-,1934,-,-, ZS-DFW, 1322/F6,Phoenix Airlines,Cargo,-,Juba Airport,JUB,HSSJ,South Sudan,Wadi Halfa Airport,WHF,HSSW,Sudan,4,0,2,0,-,-,Final
19520831-0,Sunday,31-AUG-1952,-,A1, Takeoff (TOF),Tampico,Mexico,23,0, Damaged beyond repair,-,Douglas C-47 (DC-3),-,-,-,-,-, XA-GER,-,Transportes Aéreos Tampico - TAT,Domestic Scheduled Passenger,-,-,-,-,-,-,-,-,-,3,20,0,0,-,3,-
19520905-0,Friday,05-SEP-1952,-,A1, Unknown (UNK),16 km (10 mls) W of Narsarsuaq Airport (UAK),Greenland,-,-, Damaged beyond repair,-,Douglas C-47A-85-DL (DC-3),-,-,1944,-,-, 43-15599, 20065,USAF,Military,-,-,-,-,-,-,-,-,-,-,-,-,-,-,-,-
19520915-0,Monday,15-SEP-1952,-,A1, Landing (LDG),Carolina Aerodrome,South Africa,19,0, Damaged beyond repair,-,Douglas C-47A-30-DL (DC-3),2,Pratt & Whitney R-1830-92,1943,-,-, ZS-AVI, 9630,South African Airways,Domestic Non Scheduled Passenger,-,Livingstone Airport,LVI,FLLI,Zambia,-,-,-,-,5,14,0,0,-,-,-
19520915-1,Monday,15-SEP-1952,-,A1, Unknown (UNK),W of Wadi Halfa,Sudan,3,3, Damaged beyond repair,-,Douglas C-47A-40-DL (DC-3),2,Pratt & Whitney R-1830-92,1943,-,-, VT-CGB, 9945,Kalinga Airlines,Cargo,-,-,-,-,-,-,-,-,-,3,0,3,0,-,-,-
19520916-0,Tuesday,16-SEP-1952,-,A1, Maneuvering (MNV),"1,6 km (1 mls) S of Northice Camp",Greenland,12,0, Damaged beyond repair,-,Handley Page Hastings C.2,-,-,1951,-,-, WD492, HP67/120,RAF,Military,-,Thule Air Base,THU,BGTL,Greenland,Thule Air Base,THU,BGTL,Greenland,-,-,0,0,-,-,-
19520920-0,Saturday,20-SEP-1952,-,A1, Approach (APR),1 km (0.6 mls) from  Paris-Orly Airport (ORY),France,4,3, Damaged beyond repair,-,Douglas VC-47A (DC-3),-,-,1943,-,-, 42-23967, 9829,USAF,Military,-,-,-,-,-,Paris-Orly Airport,ORY,LFPO,France,-,-,-,-,-,-,-
19520924-0,Wednesday,24-SEP-1952,08:25,C2, En route (ENR),near Santa Lucía Air Force Base,Mexico,20,0, Substantial, Repaired,Douglas C-47A-30-DK (DC-3),2,Pratt & Whitney R-1830-92,1944,-,-, XA-GUJ, 25354/13909,Mexicana,Domestic Scheduled Passenger,MX575,Mexico City International Airport,MEX,MMMX,Mexico,Oaxaca-Xoxocotlan Airport,OAX,MMOX,Mexico,3,17,0,0,-,-,-
19520925-0,Thursday,25-SEP-1952,-,A1, Unknown (UNK),near Lahore,Pakistan,2,2, Damaged beyond repair,-,Bristol 170 Freighter 21P,-,-,-,-,-, G799, 12824,Pakistan AF,Military,-,Lahore Airport,LHE,OPLA,Pakistan,Peshawar Airport,PEW,OPPS,Pakistan,2,0,2,0,-,-,-
19520928-0,Sunday,28-SEP-1952,-,A1, Landing (LDG),Tabora Airport (TBO),Tanzania,-,0, Damaged beyond repair,-,Vickers Valetta C.1,2,Bristol Hercules 230,1950,-,-, VX507,-,RAF,Military,-,-,-,-,-,Tabora Airport,TBO,HTTB,Tanzania,-,-,0,0,-,-,-
19520928-1,Sunday,28-SEP-1952,-,A1, En route (ENR),"near Belogorsk, Tisulsky District",Russia,7,7, Destroyed, Written off (damaged beyond repair),Lisunov Li-2,-,-,-,-,-, CCCP-L4673, 6605,Aeroflot / Far East,Ferry/positioning,-,Krasnoyarsk Airport,KJA,UNKL,Russia,-,-,-,-,6,1,6,1,-,-,-
19520928-2,Sunday,28-SEP-1952,06:45,A1, Approach (APR),"Ust'-Tareya, Krasnoyarsk Territory",Russia,6,6, Damaged beyond repair,-,Antonov An-2,-,-,1952,-,-, CCCP-N591, 12447307,Polyarnaya Aviatsiya,Ferry/positioning,-,-,-,-,-,-,-,-,-,4,2,4,2,-,-,-
19520929-1,Monday,29-SEP-1952,-,A1, Unknown (UNK),"10 km (6.3 mls) SE of Newport, ME",United States of America,-,-, Damaged beyond repair,-,Douglas C-47A-65-DL (DC-3),-,-,1943,-,-, 42-100489, 18952,USAF,Military,-,-,-,-,-,-,-,-,-,-,-,-,-,-,-,-
19521002-0,Thursday,02-OCT-1952,-,A1, Landing (LDG),Nyíregyháza Airport,Hungary,-,3, Damaged beyond repair,-,Lisunov Li-2P,-,-,-,-,-, HA-LIL, 18428003,Maszovlet,Unknown,-,-,-,-,-,-,-,-,-,-,-,3,0,-,-,-
19521005-0,Sunday,05-OCT-1952,16:02,A1, Approach (APR),"1,2 km (0.8 mls) NNE of Skvoritsy, Leningrad region",Russia,24,24, Damaged beyond repair,-,Ilyushin Il-12,-,-,1948,-,2283.0, CCCP-L1328, 30 054,Aeroflot / Northern,Domestic Scheduled Passenger, 376,Minsk-1 International Airport,MHP,UMMM,Belarus,Leningrad-Shosseynaya Airport,LED,ULLI,Russia,5,19,5,19,7,-,-
19521005-1,Sunday,05-OCT-1952,16:02,A1, En route (ENR),"0,3 km (0.2 mls) NE of Skvoritsy, Leningrad Region",Russia,7,7, Damaged beyond repair,-,Douglas TS-62 (DC-3),-,-,1945,-,4042.0, CCCP-L1055, 34233/16973,Aeroflot / Northern,Domestic Scheduled Passenger, 381,Leningrad-Shosseynaya Airport,LED,ULLI,Russia,Minsk-1 International Airport,MHP,UMMM,Belarus,4,3,4,3,24,-,-
19521007-0,Tuesday,07-OCT-1952,-,A1, Unknown (UNK),at an unknown location,Poland,-,-, Damaged beyond repair,-,Lisunov Li-2P,-,-,-,-,-, SP-LAO, 18424007,LOT,Unknown,-,-,-,-,-,-,-,-,-,-,-,-,-,-,-,-
19521007-1,Tuesday,07-OCT-1952,02:05,A1, Approach (APR),"1,6 km (1 mls) N of Philadelpia-Northeast Airport, PA (PNE)",United States of America,6,3, Damaged beyond repair,-,Douglas EC-47D (DC-3),-,-,1944,-,-, 43-48870, 26131/14686,USAF,Military,-,Niagara Falls International Airport,IAG,KIAG,United States of America,-,-,-,-,3,3,3,0,-,-,-
19521008-0,Wednesday,08-OCT-1952,-,A1, Maneuvering (MNV),off Tarbat Ness,United Kingdom,14,14, Damaged beyond repair,-,Avro Shackleton MR.1,4,Rolls-Royce Griffon 57,1951,-,-, VP286,-,RAF,Military,-,-,-,-,-,-,-,-,-,12,2,12,2,-,-,-
19521008-1,Wednesday,08-OCT-1952,-,A1, Landing (LDG),Malta-Luqa Airport (MLA),Malta,-,-, Damaged beyond repair,-,Lockheed P2V-5 Neptune,-,-,-,-,-, 127724, 426-5055,US Navy,Military,-,-,-,-,-,Malta-Luqa Airport,MLA,LMML,Malta,-,-,-,-,-,-,-
19521009-0,Thursday,09-OCT-1952,-,A1, Landing (LDG),Iwakuni MCAS,Japan,-,0, Damaged beyond repair,-,Fairchild C-119C Flying Boxcar,-,-,-,-,-, 49-175, 10412,USAF,Military,-,-,-,-,-,-,-,-,-,-,-,0,0,-,-,-
19521014-0,Tuesday,14-OCT-1952,15:10,A1, En route (ENR),"San Francisco de Paula, RS",Brazil,18,14, Damaged beyond repair,-,Douglas C-47-DL (DC-3),2,Pratt & Whitney R-1830-92,1942,-,-, PP-AXJ, 6177,Aerovias Brasil,Domestic Scheduled Passenger,-,São Paulo-Congonhas Airport,CGH,SBSP,Brazil,Porto Alegre Airport,POA,SBPA,Brazil,4,14,4,10,-,-,-
19521015-0,Wednesday,15-OCT-1952,-,A1, Landing (LDG),Perpignan Airport (PGF),France,-,-, Damaged beyond repair,-,Lockheed 14-H2 Super Electra,-,-,1939,-,-, F-BDRV, 1488,SATEPA,Unknown,-,-,-,-,-,Perpignan Airport,PGF,LFMP,France,-,-,-,-,-,-,-
19521016-0,Thursday,16-OCT-1952,-,A2, Landing (LDG),"Sydney-Mascot Airport, NSW (SYD)",Australia,-,0, Substantial, Repaired,Douglas DC-4-1009,-,-,1946,-,-, VH-AND, 42950,ANA,Domestic Scheduled Passenger,-,Melbourne-Essendon Airport,MEB,YMEN,Australia,Sydney-Mascot Airport,SYD,YSSY,Australia,-,-,0,0,-,-,-
19521016-1,Thursday,16-OCT-1952,-,A1, En route (ENR),off Kangnung Air Base,South Korea,25,25, Damaged beyond repair,-,Curtiss C-46D-10-CU Commando,-,-,1944,-,-, 44-77538, 32934,USAF,Military,-,Kangnung Air Base,KAG,RKNN,South Korea,Pohang Air Base,KPO,RKTH,South Korea,4,21,4,21,-,-,-
19521017-0,Friday,17-OCT-1952,-,A2, Maneuvering (MNV),"near Palmdale, CA",United States of America,2,0, Substantial, Repaired,Douglas DC-3,-,-,-,-,-, registration unknown,-,California Air Charter,"Aerial Work (Calibration, Photo)",-,-,-,-,-,-,-,-,-,2,0,0,0,-,-,-
19521020-1,Monday,20-OCT-1952,-,A1, Unknown (UNK),60 km (37.5 mls) from  Saigon,Vietnam,11,9, Damaged beyond repair,-,Amiot AAC.1 (Junkers Ju-52),-,-,-,-,-, registration unknown,-,French AF,Military,-,-,-,-,-,-,-,-,-,-,-,-,-,-,-,-
19521022-0,Wednesday,22-OCT-1952,-,A1, Unknown (UNK),Jamshedpur,India,3,1, Damaged beyond repair,-,Douglas C-47A-15-DK (DC-3),2,Pratt & Whitney R-1830-92,1944,-,-, AP-AAZ, 12670,Orient Airways,Cargo,-,Karachi International Airport,KHI,OPKC,Pakistan,Dhaka-Tejgaon Airport,DAC,VGTJ,Bangladesh,3,0,1,0,-,-,-
19521023-0,Thursday,23-OCT-1952,10:30,A1, En route (ENR),near Bonneuil-sur-Marne,France,11,11, Damaged beyond repair,-,SNCASE SE.161 Languedoc,-,-,-,-,-, 86 / F-RAPC,-,French Navy,Military,-,Paris-Le Bourget Airport,LBG,LFPB,France,Paris-Orly Airport,ORY,LFPO,France,-,-,-,-,-,-,-
19521026-0,Sunday,26-OCT-1952,-,A1, Takeoff (TOF),Roma-Ciampino Airport (CIA),Italy,43,0, Damaged beyond repair,-,de Havilland DH-106 Comet 1A,-,-,1952,-,-, G-ALYZ, 06012,BOAC,International Scheduled Passenger,115/030,Roma-Ciampino Airport,CIA,LIRA,Italy,Beirut International Airport,BEY,OLBA,Lebanon,8,35,0,0,-,-,Final
19521027-0,Monday,27-OCT-1952,-,A1, Landing (LDG),"Morón Air Base, BA",Argentina,-,-, Damaged beyond repair,-,Vickers 615 Viking 1B,-,-,1948,-,-, T-64, 194,Argentine AF,Military,-,El Palomar Airport,EPA,SADP,Argentina,-,-,-,-,-,-,-,-,-,-,-
19521027-1,Monday,27-OCT-1952,-,A1, En route (ENR),"off Cronulla, NSW",Australia,6,6, Damaged beyond repair,-,Douglas C-47B-35-DK (DC-3),2,Pratt & Whitney R-1830-90C,1945,-,-, A65-113, 33459/16711,RAAF,Military,-,Sydney-Kingsford Smith International Airport,SYD,YSSY,Australia,Sydney-Kingsford Smith International Airport,SYD,YSSY,Australia,3,3,3,3,-,-,-
19521028-0,Tuesday,28-OCT-1952,-,A1, Unknown (UNK),off Biak,Indonesia,-,0, Damaged beyond repair,-,Consolidated PBY-5A Catalina,-,-,-,-,-, P-213, 1824,Dutch Navy,Military,-,-,-,-,-,-,-,-,-,-,-,0,0,-,-,-
19521031-0,Friday,31-OCT-1952,-,O1, Standing (STD),"Brisbane, QLD",Australia,-,0, Damaged beyond repair,-,Short S.25 Sandringham 4,-,-,-,-,-, VH-BRD, SH.33C,Ansett,-,-,-,-,-,-,-,-,-,-,-,-,0,0,-,-,-
19521103-0,Monday,03-NOV-1952,-,A1, Unknown (UNK),Fletcher's Ice Island (Ice Station T3),Arctic Ocean,-,0, Damaged beyond repair,-,Douglas C-47A-90-DL (DC-3),-,-,1944,-,-, 43-15665, 20131,USAF,Military,-,-,-,-,-,-,-,-,-,-,-,0,0,-,-,-
19521104-0,Tuesday,04-NOV-1952,-,A1, Landing (LDG),Wigsley RAF Station,United Kingdom,2,0, Damaged beyond repair,-,Vickers Varsity T.1,2,Bristol Hercules 264,1951,-,-, WF324, 516,RAF,Military,-,-,-,-,-,-,-,-,-,2,0,0,0,-,-,-
19521107-0,Friday,07-NOV-1952,02:30,A1, En route (ENR),"Mt. McKinley, AK",United States of America,19,19, Damaged beyond repair,-,Fairchild C-119C-22-FA Flying Boxcar,2,Pratt & Whitney R-4360-20WA,-,-,-, 51-2560, 10518,USAF,Military,-,Anchorage-Elmendorf AFB,EDF,PAED,United States of America,-,-,-,-,5,14,5,14,-,-,-
19521110-0,Monday,10-NOV-1952,-,A1, Unknown (UNK),Nevada,United States of America,3,2, Damaged beyond repair,-,Boeing B-17G,-,-,-,-,-, N5116N, 8416,Mark Hurd Mapping Co.,Survey/research,-,-,-,-,-,-,-,-,-,-,-,-,-,-,-,-
19521111-0,Tuesday,11-NOV-1952,-,A1, En route (ENR),off Guam,Guam,5,3, Damaged beyond repair,-,Consolidated PBY-6A Catalina,-,-,-,-,-, 46640,-,US Navy,Military,-,-,-,-,-,-,-,-,-,5,0,3,0,-,-,-
19521111-1,Tuesday,11-NOV-1952,-,A1, En route (ENR),near Fort Lamy Airport (NDJ),Chad,6,5, Damaged beyond repair,-,Douglas C-54B-1-DC (DC-4),-,-,1944,-,-, F-BFVO, 10498,UAT,Unknown,-,Fort Lamy Airport,NDJ,FTTJ,Chad,Beirut International Airport,BEY,OLBA,Lebanon,5,1,4,1,-,-,-
19521112-0,Wednesday,12-NOV-1952,-,A1, Unknown (UNK),Agartala,India,3,0, Damaged beyond repair,-,Douglas C-47-DL (DC-3),2,Pratt & Whitney R-1830-92,1942,-,-, VT-CLE, 4653,Bharat Airways,Unknown,-,-,-,-,-,Agartala-Singerbhil Airport,IXA,VEAT,India,3,0,0,0,-,-,-
19521112-1,Wednesday,12-NOV-1952,-,A1, Landing (LDG),near Merowe,Sudan,20,0, Damaged beyond repair,-,Douglas Dakota IV (DC-3),2,Pratt & Whitney R-1830-90C,1945,-,-, KN438, 32868/16120,RAF,Military,-,-,-,-,-,-,-,-,-,-,-,0,0,-,-,-
19521114-0,Friday,14-NOV-1952,14:40,A1, En route (ENR),near Cho-ok,South Korea,44,44, Damaged beyond repair,-,Fairchild C-119C-22-FA Flying Boxcar,2,Pratt & Whitney R-4360-20WA,-,-,-, 51-2551, 10509,USAF,Military,-,-,-,-,-,-,-,-,-,7,37,7,37,-,-,-
19521114-1,Friday,14-NOV-1952,-,A1, Takeoff (TOF),Nizhniye Kresty Airport (CYX),Russia,-,0, Damaged beyond repair,-,Lisunov Li-2,-,-,-,-,-, CCCP-X1011, 23441307,Soviet Ministry of Internal Affairs,Military,-,Nizhniye Kresty Airport,CYX,UESS,Russia,-,-,-,-,4,-,0,0,-,-,-
19521114-2,Friday,14-NOV-1952,09:05,A1, Unknown (UNK),"Sincan, Ankara",Turkey,4,4, Damaged beyond repair,-,Douglas C-47A (DC-3),-,-,-,-,-, 6008,-,Turkish AF,Military,-,Ankara-Etimesgut Airport,ANK,LTAD,Turkey,-,-,-,-,4,0,4,0,-,-,-
19521115-0,Saturday,15-NOV-1952,-,A1, En route (ENR),"between Anchorage and Kodiak, AK",United States of America,20,20, Missing, Presumed damaged beyond repair,Fairchild C-119C-23-FA Flying Boxcar,2,Pratt & Whitney R-4360-20WA,-,-,-, 51-2570, 10528,USAF,Military,-,Anchorage-Elmendorf AFB,EDF,PAED,United States of America,-,-,-,-,5,15,5,15,-,-,-
19521115-1,Saturday,15-NOV-1952,-,A1, En route (ENR),off Kangnung,South Korea,18,11, Damaged beyond repair,-,Curtiss C-46D-15-CU Commando,-,-,1945,-,-, 44-78114, 33510,USAF,Military,-,Kangnung Air Base,KAG,RKNN,South Korea,Pohang Air Base,KPO,RKTH,South Korea,-,-,-,-,-,-,-
19521116-0,Sunday,16-NOV-1952,-,O1, Unknown (UNK),off Bangui,Central African Republic,-,-, Damaged beyond repair,-,Short S.25 Sandringham 6,-,-,-,-,-, LN-LAI, S.1209,SAS,Unknown,-,-,-,-,-,-,-,-,-,-,-,-,-,-,-,-
19521117-0,Monday,17-NOV-1952,14:30,A1, En route (ENR),"19 km (11.9 mls) NW of Billings, MT",United States of America,16,8, Damaged beyond repair,-,Fairchild C-119C-25-FA Flying Boxcar,-,-,-,-,-, 51-2590, 10579,USAF,Military,-,-,-,-,-,-,-,-,-,-,-,-,-,-,-,-
19521119-0,Wednesday,19-NOV-1952,-,A1, Unknown (UNK),La Romana,Dominican Republic,-,-, Damaged beyond repair,-,Consolidated PBY-5A Catalina,-,-,-,-,-, GC-16,-,Dominican Republic Navy,Military,-,-,-,-,-,-,-,-,-,-,-,-,-,-,-,-
19521120-0,Thursday,20-NOV-1952,-,A1, Maneuvering (MNV),"112 km (70 mls) off  Block Island, RI",Atlantic Ocean,8,8, Destroyed, Written off (damaged beyond repair),Lockheed P2V-4 Neptune,-,-,-,-,-, 124242,-,US Navy,Military,-,Quonset Point NAS,NCO,KOQU,United States of America,Quonset Point NAS,NCO,KOQU,United States of America,8,0,8,0,-,-,-
19521122-0,Saturday,22-NOV-1952,-,A1, En route (ENR),"near Anchorage, AK",United States of America,52,52, Damaged beyond repair,-,Douglas C-124A-DL Globemaster II,4,Pratt & Whitney R-4360-20WA,-,-,-, 51-0107, 43441,USAF,Military,-,Tacoma-McChord AFB,TCM,KTCM,United States of America,Anchorage-Elmendorf AFB,EDF,PAED,United States of America,11,41,11,41,-,-,-
19521122-1,Saturday,22-NOV-1952,08:30,A1, En route (ENR),35 km (21.9 mls) ESE Etropole,Bulgaria,30,30, Destroyed, Written off (damaged beyond repair),Lisunov Li-2P,-,-,1948,-,-, LZ-TUE, 18432303,TABSO,Domestic Scheduled Passenger,-,Sofia-Vrazhdebna Airport,SOF,LBSF,Bulgaria,Gorna Orechovitsa Airport,GOZ,LBGO,Bulgaria,4,26,4,26,-,-,-
19521125-0,Tuesday,25-NOV-1952,-,A1, Approach (APR),"2,4 km (1.5 mls) W of Boscombe Down RAF Station",United Kingdom,3,0, Damaged beyond repair,-,Vickers Valetta C.1,2,Bristol Hercules 230,1949,-,-, VW203, 359,RAF,Military,-,-,-,-,-,-,-,-,-,2,1,0,0,1,-,-
19521126-0,Wednesday,26-NOV-1952,-,A1, Approach (APR),Jönköping,Sweden,2,2, Damaged beyond repair,-,Lockheed 18-56-23 Lodestar,-,-,1943,-,-, SE-BTK, 18-2616,Aero-Nord Sweden,Cargo,-,-,-,-,-,Jönköping Airport,JKG,ESGJ,Sweden,2,0,2,0,-,-,-
19521127-0,Thursday,27-NOV-1952,-,A1, Approach (APR),Lyneham,United Kingdom,3,0, Damaged beyond repair,-,Avro 685 York I,4,Rolls-Royce Merlin,1946,-,-, G-AMGM, 1355,Surrey Flying Service,Ferry/positioning,-,London-Stansted Airport,STN,EGSS,United Kingdom,Lyneham RAF Station,LYE,EGDL,United Kingdom,3,0,0,0,-,-,-
19521128-0,Friday,28-NOV-1952,00:50,A1, Approach (APR),"1,5 km (0.9 mls) N of Tacoma-McChord AFB, WA (TCM)",United States of America,39,37, Damaged beyond repair,-,Douglas C-54G (DC-4),-,-,-,-,-, registration unknown,-,USAF,Military,-,Fairbanks-Fort Wainwright Airport,FBK,PAFB,United States of America,Tacoma-McChord AFB,TCM,KTCM,United States of America,7,32,7,30,-,-,-
19521129-0,Saturday,29-NOV-1952,-,C1, Unknown (UNK),within Jilin province,China,4,2, Damaged beyond repair,-,Douglas C-47 (DC-3),-,-,-,-,-, registration unknown,-,Civil Air Transport,Military,-,-,-,-,-,-,-,-,-,4,0,2,0,-,-,-
19521130-0,Sunday,30-NOV-1952,-,A1, Unknown (UNK),"Harrisburg-Olmsted AFB, PA (MDT)",United States of America,-,-, Damaged beyond repair,-,Douglas VC-47D (DC-3),-,-,1945,-,-, 44-76344, 32676/15928,USAF,Military,-,-,-,-,-,-,-,-,-,-,-,-,-,-,-,-
19521130-2,Sunday,30-NOV-1952,20:58,A1, Approach (APR),"2,5 km (1.6 mls) NW of Vresovice",Czech Republic,5,5, Damaged beyond repair,-,Douglas DC-3C,-,-,1944,-,4789.0, D-21, 19474,Czechoslovak AF,Cargo,-,Praha-Ruzyne International Airport,PRG,LKPR,Czech Republic,Brno Turany Airport,BRQ,LKTB,Czech Republic,5,0,5,0,-,-,-
19521201-0,Monday,01-DEC-1952,-,A1, En route (ENR),"18 km (11.3 mls) NNW of Banning, CA",United States of America,13,13, Damaged beyond repair,-,Douglas C-47D (DC-3),-,-,1945,-,-, 45-1124, 34394/17127,USAF,Military,-,Bellevue-Offutt AFB,OFF,KOFF,United States of America,Riverside-March AFB,RIV,KRIV,United States of America,3,10,3,10,-,-,-
19521204-0,Thursday,04-DEC-1952,17:52,A1, En route (ENR),25 km (15.6 mls) S of Yeniseisk,Russia,19,3, Damaged beyond repair,-,Lisunov Li-2T,-,-,1948,-,2670.0, CCCP-L4661, 4601,Aeroflot / Krasnoyarsk,Domestic Scheduled Passenger,-,-,-,-,-,Krasnoyarsk Airport,KJA,UNKL,Russia,5,14,0,3,-,-,-
19521205-0,Friday,05-DEC-1952,-,A1, Unknown (UNK),Antalaha-Antsirabato (ANM),Madagascar,-,0, Damaged beyond repair,-,Amiot AAC.1 (Junkers Ju-52),-,-,-,-,-, F-BANK, AAC145,Air France,Unknown,-,-,-,-,-,-,-,-,-,-,-,0,0,-,-,-
19521206-1,Saturday,06-DEC-1952,04:45,A1, Initial climb (ICL),"4,5 km (2.8 mls) NE off  Bermuda-Kindley Field (BDA)",Bermuda,41,37, Damaged beyond repair,-,Douglas DC-4,-,-,1944,-,-, CU-T397, 10319,Cubana,International Scheduled Passenger,-,Bermuda-Kindley Field,BDA,TXKF,Bermuda,Havana-Rancho Boyeros Airport,HAV,MUHA,Cuba,8,33,7,30,-,-,-
19521207-0,Sunday,07-DEC-1952,18:53,A2, En route (ENR),"Fallon NAS, NV (NFL)",United States of America,40,0, Substantial, Repaired,Lockheed L-1049G Super Constellation,4,Wright R-3350 (975C18CB1),1952,-,699.0, N6904C, 4016,TWA,Domestic Scheduled Passenger,TW35,Chicago-Midway Airport,MDW,KMDW,United States of America,San Francisco Municipal Airport,SFO,KSFO,United States of America,5,35,0,0,-,-,Final
19521208-0,Monday,08-DEC-1952,-,U1, Unknown (UNK),unknown,Unknown country,-,-, Damaged beyond repair,-,Curtiss C-46 Commando,-,-,-,-,-, 28,-,Republic of China AF,Military,-,-,-,-,-,-,-,-,-,-,-,-,-,-,-,-
19521210-0,Wednesday,10-DEC-1952,-,A1, En route (ENR),"24 km (15 mls) SSW of Wells, NV",United States of America,6,6, Damaged beyond repair,-,Douglas C-47D (DC-3),-,-,1944,-,-, 43-49553, 26814/15369,USAF,Military,-,Colorado Springs-Peterson AFB,COS,KCOS,United States of America,-,-,-,-,5,1,5,1,-,-,-
19521212-0,Friday,12-DEC-1952,-,A1, Landing (LDG),Kunmadaras,Hungary,-,0, Damaged beyond repair,-,Lisunov Li-2P,-,-,-,-,-, 306, 18436306,Hungarian AF,Military,-,-,-,-,-,-,-,-,-,-,-,0,0,-,-,-
19521215-0,Monday,15-DEC-1952,09:52,A2, Landing (LDG),"Richmond Airport, IN (RID)",United States of America,9,0, Minor, Repaired,Douglas DC-3A-269,2,Pratt & Whitney R-1830-90D,1939,-,28567.0, N21716, 2131,Lake Central Airlines,Domestic Scheduled Passenger,  21,-,-,-,-,Richmond Municipal Airport,RID,KRID,United States of America,4,5,0,0,1,-,Final
19521218-0,Thursday,18-DEC-1952,-,A1, Unknown (UNK),30 km (18.8 mls) N of Guercif,Morocco,-,-, Damaged beyond repair,-,Douglas C-47D (DC-3),-,-,1944,-,-, 43-48958, 26219/14774,USAF,Military,-,-,-,-,-,-,-,-,-,-,-,-,-,-,-,-
19521220-0,Saturday,20-DEC-1952,06:30,A1, Initial climb (ICL),"4 km (2.5 mls) from  Moses Lake-Larson AFB, WA (LRN)",United States of America,115,87, Damaged beyond repair,-,Douglas C-124A-DL Globemaster II,4,Pratt & Whitney R-4360-20WA,-,-,-, 50-0100, 43238,USAF,Military,-,-,-,-,-,San Antonio-Kelly AFB,SKF,KSKF,United States of America,10,105,5,82,-,-,-
19521220-1,Saturday,20-DEC-1952,-,A1, En route (ENR),Dahr el Abid Mountain,Lebanon,9,1, Damaged beyond repair,-,Consolidated PBY-5A Catalina,-,-,-,-,-, P-211, 1945,Dutch Navy,Military,-,-,-,-,-,-,-,-,-,-,-,-,-,-,-,-
19521221-0,Sunday,21-DEC-1952,-,A1, En route (ENR),"off Miami, FL, USA",Atlantic Ocean,3,3, Missing, Presumed damaged beyond repair,Curtiss C-46D-15-CU Commando,-,-,1945,-,-, YV-C-ARC, 33486,RANSA,Unknown,-,-,-,-,-,Miami International Airport,MIA,KMIA,United States of America,3,0,3,0,-,-,-
19521221-1,Sunday,21-DEC-1952,-,A1, En route (ENR),near En Nebk,Syria,15,9, Damaged beyond repair,-,Douglas DC-3,-,-,-,-,-, YK-AAF,-,Syrian Airways,Domestic Scheduled Passenger,-,Damascus International Airport,DAM,OSDI,Syria,Aleppo-Nejrab Airport,ALP,OSAP,Syria,5,10,-,-,-,-,-
19521221-2,Sunday,21-DEC-1952,-,A1, Approach (APR),Tokyo Bay,Japan,4,0, Damaged beyond repair,-,Douglas C-47D (DC-3),2,Pratt & Whitney R-1830-90,1944,-,-, 43-49084, 26345/14900,USAF,Military,-,-,-,-,-,Tokyo-Haneda Airport,HND,RJTT,Japan,4,0,0,0,-,-,-
19521222-0,Monday,22-DEC-1952,-,A1, Taxi (TXI),Su Won (K-13) Air Base (SWU),South Korea,13,13, Damaged beyond repair,-,Douglas C-47D,2,Pratt & Whitney R-1830-90,-,-,-, 49-2616,-,Hellenic AF,Military,-,Su Won (K-13) Air Base,SWU,RKSW,South Korea,-,-,-,-,5,8,5,8,-,-,-
19521222-1,Monday,22-DEC-1952,-,A1, Unknown (UNK),"near Kamar, Uttar Pradesh,",India,3,3, Damaged beyond repair,-,Douglas C-47 (DC-3),-,-,-,-,-, registration unknown,-,Indian AF,Military,-,Agra-Kheria Air Force Station,AGR,VIAG,India,Hyderabad-Begumpet Airport,HYD,VOHY,India,-,-,-,-,-,-,-
19521225-0,Thursday,25-DEC-1952,-,A1, Approach (APR),7 km (4.4 mls) from  Tehran-Mehrabad Airport (THR),Iran,25,24, Damaged beyond repair,-,Douglas C-47A-35-DL (DC-3),2,Pratt & Whitney R-1830-92,1943,-,-, EP-ACJ, 9692,Iranian Airways,Domestic Scheduled Passenger,-,Isfahan-Shahid Beheshti Airport,IFN,OIFM,Iran,Tehran-Mehrabad Airport,THR,OIII,Iran,4,21,4,20,-,-,-
19521225-1,Thursday,25-DEC-1952,-,A1, Initial climb (ICL),off La Guaria,Venezuela,5,3, Damaged beyond repair,-,Douglas C-53-DO (DC-3),-,-,1942,-,-, YV-C-AVX, 7391,AVENSA,Unknown,-,Caracas Airport,CCS,SVMI,Venezuela,-,-,-,-,3,2,1,2,-,-,-
19521226-0,Friday,26-DEC-1952,-,A1, Initial climb (ICL),"4,5 km (2.8 mls) from  Jinhae (K-10) Air Base",South Korea,14,14, Damaged beyond repair,-,Douglas C-47D,2,Pratt & Whitney R-1830-90,-,-,-, 49-2632,-,Hellenic AF,Military,-,-,-,-,-,-,-,-,-,5,9,5,9,-,-,-
19521230-0,Tuesday,30-DEC-1952,-,H2, En route (ENR),Chinmen Island,Taiwan,10,2, Substantial, Repaired,Douglas DC-3,-,-,-,-,-, PI-C38,-,Philippine Air Lines,Passenger,-,Laoag Airport,LAO,RPLI,Philippines,-,-,-,-,3,7,2,0,-,-,-
19529999-0,-,xx-xxx-1952,-,A1, Unknown (UNK),unknown,Unknown country,-,-, Damaged beyond repair,-,Douglas C-47A-85-DL (DC-3),-,-,1944,-,-, 187, 20030,Argentine Navy,Military,-,-,-,-,-,-,-,-,-,-,-,-,-,-,-,-
19520102-0,Wednesday,02-JAN-1952,-,A1, Unknown (UNK),Andapa,Madagascar,11,6, Damaged beyond repair,-,Amiot AAC.1 (Junkers Ju-52),-,-,-,-,-, F-BAMQ, AAC106,Air France,Scheduled Passenger,-,-,-,-,-,-,-,-,-,3,8,3,3,-,-,-
19520102-1,Wednesday,02-JAN-1952,-,A1, Initial climb (ICL),off Singapore-Changi RAF Station,Singapore,3,0, Damaged beyond repair,-,Vickers Valetta C.1,2,Bristol Hercules 230,1949,-,-, VW185, 341,RAF,Military,-,-,-,-,-,-,-,-,-,3,0,0,0,-,-,-
19520102-2,Wednesday,02-JAN-1952,-,A1, Initial climb (ICL),off Grand Cayman Island,Cayman Islands,-,0, Damaged beyond repair,-,Consolidated PBY-5A Catalina,-,-,-,-,-, VP-JAW, 187,Caribbean International,Passenger,-,Grand Cayman Island-Owen Roberts International Airport,GCM,MWCR,Cayman Islands,-,-,-,-,-,-,0,0,-,-,-
19520104-1,Friday,04-JAN-1952,-,A1, En route (ENR),"19 km (11.9 mls) NE of Hachita, NM",United States of America,4,0, Damaged beyond repair,-,Fairchild C-119C Flying Boxcar,-,-,-,-,-, 49-150, 10387,USAF,Military,-,-,-,-,-,-,-,-,-,-,-,0,0,-,-,-
19520105-0,Saturday,05-JAN-1952,-,A1, Landing (LDG),Burtonwood RAF Station (BUT),United Kingdom,12,1, Damaged beyond repair,-,Lockheed P2V-2 Neptune,-,-,-,-,-, 122443,-,US Navy,Military,-,-,-,-,-,Burtonwood RAF Station,BUT,EGOB,United Kingdom,12,0,1,0,6,-,-
19520105-1,Saturday,05-JAN-1952,17:30,A1, Taxi (TXI),Burtonwood RAF Station (BUT),United Kingdom,10,6, Damaged beyond repair,-,Douglas C-47A-75-DL (DC-3),-,-,1943,-,-, 42-100912, 19375,USAF,Military,-,Burtonwood RAF Station,BUT,EGOB,United Kingdom,-,-,-,-,-,-,-,-,1,-,-
19520109-0,Wednesday,09-JAN-1952,02:22,A1, Approach (APR),near Stalingrad,Russia,4,3, Damaged beyond repair,-,Lisunov Li-2,-,-,-,-,-, CCCP-L4315,-,Aeroflot / Azerbaijan,Cargo,-,-,-,-,-,-,-,-,-,4,0,3,0,-,-,-
19520110-0,Thursday,10-JAN-1952,-,A1, En route (ENR),"Cwm Edno, Wales",United Kingdom,23,23, Damaged beyond repair,-,Douglas C-47B-35-DK Dakota 3,2,Pratt & Whitney R-1830-90C,1945,-,-, EI-AFL, 33447/16699,Aer Lingus,International Scheduled Passenger,-,London-Northolt Airport,NHT,EGWU,United Kingdom,Dublin Airport,DUB,EIDW,Ireland,3,20,3,20,-,-,-
19520112-0,Saturday,12-JAN-1952,11:50,A1, En route (ENR),"Mt Crillon, AK",United States of America,2,2, Damaged beyond repair,-,Douglas C-47A-DK (DC-3),2,Pratt & Whitney R-1830-92,1943,-,8546.0, N41718, 11827,General Airways,Cargo, 785,Annette Island Airport,ANN,PANT,United States of America,Anchorage-Merrill Field,MRI,PAMR,United States of America,2,0,2,0,-,-,Final
19520112-1,Saturday,12-JAN-1952,-,A2, Unknown (UNK),"72 km (45 mls) SE of Fort Yukon, AK",United States of America,5,5, Substantial,-,Douglas C-47B-1-DL (DC-3),-,-,1944,-,-, 43-16249, 20715,USAF,Military,-,-,-,-,-,-,-,-,-,-,-,-,-,-,-,-
19520114-0,Monday,14-JAN-1952,09:03,A1, Landing (LDG),"1,1 km (0.7 mls) NE of New York-La Guardia Airport, NY (LGA)",United States of America,36,0, Damaged beyond repair,-,Convair CV-240-13,2,Pratt & Whitney R-2800-CA18,1949,-,5962.0, N91238, 158,Northeast Airlines,Domestic Scheduled Passenger, 801,Boston Commonwealth Airport,BOS,KBOS,United States of America,New York-La Guardia Airport,LGA,KLGA,United States of America,3,33,0,0,-,-,Final
19520116-0,Wednesday,16-JAN-1952,-,A1, En route (ENR),32 km (20 mls) SE off  Pohang,South Korea,5,3, Damaged beyond repair,-,Fairchild C-119C-16-FA Flying Boxcar,2,Pratt & Whitney R-4360-20WA,-,-,-, 49-172, 10409,USAF,Military,-,-,-,-,-,Seoul (K-16) Air Base,SSN,RKSM,South Korea,5,0,3,0,-,-,-
19520116-1,Wednesday,16-JAN-1952,-,A1, Takeoff (TOF),Korean coast,South Korea,5,0, Damaged beyond repair,-,Grumman SA-16A Albatross,-,-,-,-,-, 51-008, G-81,USAF,Military,-,-,-,-,-,-,-,-,-,5,0,0,0,-,-,Preliminary
19520118-0,Friday,18-JAN-1952,-,A1, Standing (STD),Kasfareet RAF Station,Egypt,-,0, Damaged beyond repair,-,Vickers Valetta C.1,2,Bristol Hercules 230,1949,-,-, VW823, 384,RAF,Military,-,-,-,-,-,-,-,-,-,-,-,0,0,-,-,-
19520119-0,Saturday,19-JAN-1952,01:38,A1, Initial climb (ICL),"1,6 km (1 mls) ESE off  Sandspit Airport, BC (YZP)",Canada,43,36, Damaged beyond repair,-,Douglas C-54E-5-DO (DC-4),4,Pratt & Whitney R-2000,1945,-,18859.0, N45342, 27279,Northwest Orient Airlines,Domestic Non Scheduled Passenger, 324,Anchorage-Elmendorf AFB,EDF,PAED,United States of America,Tacoma-McChord AFB,TCM,KTCM,United States of America,3,40,3,33,-,-,Final
19520121-0,Monday,21-JAN-1952,-,A1, Unknown (UNK),at an unknown location,South Korea,-,-, Damaged beyond repair,-,Curtiss C-46D-5-CU Commando,-,-,1944,-,-, 44-77407, 32803,USAF,Military,-,-,-,-,-,-,-,-,-,-,-,-,-,-,-,-
19520122-0,Tuesday,22-JAN-1952,15:44,A1, Approach (APR),"5,5 km (3.4 mls) SE of Newark International Airport, NJ (EWR)",United States of America,23,23, Destroyed, Written off (damaged beyond repair),Convair CV-240-0,2,Pratt & Whitney R-2800-83AM3,1948,-,6633.0, N94229,  54,American Airlines,Domestic Scheduled Passenger,AA6780,Syracuse-Hancock Airport,SYR,KSYR,United States of America,Newark International Airport,EWR,KEWR,United States of America,3,20,3,20,-,7,Final
19520122-1,Tuesday,22-JAN-1952,-,A1, Takeoff (TOF),"Miami International Airport, FL (MIA)",United States of America,5,5, Damaged beyond repair,-,Lockheed 18-56-23 Lodestar,-,-,1943,-,-, N3927C, 18-2442,New York Car Wheel Co.,Test,-,Miami International Airport,MIA,KMIA,United States of America,Miami International Airport,MIA,KMIA,United States of America,-,-,-,-,-,-,-
19520122-2,Tuesday,22-JAN-1952,-,A1, Unknown (UNK),unknown,Taiwan,12,8, Damaged beyond repair,-,Douglas C-47 (DC-3),-,-,-,-,-, 342,-,Republic of China AF,Military,-,-,-,-,-,-,-,-,-,-,-,-,-,-,-,-
19520124-0,Thursday,24-JAN-1952,-,A1, En route (ENR),"15 km (9.4 mls) ENE of Panamint Springs, Death Valley, CA",United States of America,6,0, Damaged beyond repair,-,Grumman SA-16A Albatross,-,-,-,-,-, 51-001, G-74,USAF,Military,-,Mountain Home AFB,MUO,KMUO,United States of America,-,-,-,-,6,0,0,0,-,-,-
19520127-0,Sunday,27-JAN-1952,-,A1, Landing (LDG),Pisa Airport (PSA),Italy,4,0, Damaged beyond repair,-,Douglas C-54A-5-DO (DC-4),-,-,1944,-,-, N1512V, 7485,Loftleidir,Cargo,-,-,-,-,-,Pisa-San Giusto Airport,PSA,LIRP,Italy,4,0,0,0,-,-,-
19520128-1,Monday,28-JAN-1952,12:45,A1, Unknown (UNK),"Cedar Grove, NJ",United States of America,1,-, Damaged beyond repair,-,Lockheed 18-56 Lodestar,-,-,1941,-,-, N94538, 18-2095,Indamer,Ferry/positioning,-,-,-,-,-,-,-,-,-,1,0,-,-,-,-,-
19520128-2,Monday,28-JAN-1952,-,A1, Unknown (UNK),Raunheim,Germany,5,0, Damaged beyond repair,-,Fairchild C-82A Packet,-,-,-,-,-, 45-57791, 10161,USAF,Military,-,-,-,-,-,Frankfurt-Rhein-Main AFB,FRF,EDAF,Germany,5,0,0,0,-,3,-
19520201-0,Friday,01-FEB-1952,-,A1, Unknown (UNK),Tachikawa Air Base,Japan,-,-, Damaged beyond repair,-,Curtiss C-46D-20-CU Commando,-,-,1945,-,-, 44-78373, 22196,USAF,Military,-,-,-,-,-,-,-,-,-,-,-,-,-,-,-,-
19520204-0,Monday,04-FEB-1952,-,A1, En route (ENR),20 km (12.5 mls) from  Kikwit,Democratic Republic of the Congo,16,16, Damaged beyond repair,-,Douglas C-47A-25-DK (DC-3),2,Pratt & Whitney R-1830-92,1944,-,-, OO-CBN, 13450,Sabena,Domestic Scheduled Passenger,-,Costermansville Airport,BKY,FZMA,Democratic Republic of the Congo,Léopoldville-N'Djili Airport,FIH,FZAA,Democratic Republic of the Congo,4,12,4,12,-,-,-
19520208-0,Friday,08-FEB-1952,-,A1, En route (ENR),near Bagdogra,India,3,0, Damaged beyond repair,-,Douglas C-47A-1-DK (DC-3),2,Pratt & Whitney R-1830-92,1943,-,-, VT-COK, 12095,Indian National Airways,Cargo,-,Bagdogra Airport,IXB,VEBD,India,-,-,-,-,3,0,0,0,-,-,-
19520210-0,Sunday,10-FEB-1952,-,A1, Takeoff (TOF),"Wheeler-Sack AAF, NY",United States of America,36,4, Damaged beyond repair,-,Curtiss C-46D-10-CU Commando,-,-,1944,-,-, 44-77508, 32904,USAF,Military,-,-,-,-,-,-,-,-,-,4,32,4,0,-,-,-
19520211-0,Monday,11-FEB-1952,00:20,A1, En route (ENR),"Newark International Airport, NJ (EWR)",United States of America,63,29, Damaged beyond repair,-,Douglas DC-6,4,Pratt & Whitney R-2800-CA15,1947,-,-, N90891, 43055/37,National Airlines,Domestic Scheduled Passenger, 101,Newark International Airport,EWR,KEWR,United States of America,Miami International Airport,MIA,KMIA,United States of America,4,59,3,26,-,4,Final
19520211-1,Monday,11-FEB-1952,-,A1, Unknown (UNK),Hoengseong Air Base (K-46) (WJU),South Korea,-,-, Damaged beyond repair,-,Douglas C-47D (DC-3),-,-,1945,-,-, 45-932, 34194/16935,USAF,Military,-,-,-,-,-,-,-,-,-,-,-,-,-,-,-,-
19520214-0,Thursday,14-FEB-1952,-,A1, Unknown (UNK),unknown,Unknown country,-,-, Damaged beyond repair,-,Douglas C-47D (DC-3),-,-,1945,-,-, 45-1078, 34348/17081,USAF,Military,-,-,-,-,-,-,-,-,-,-,-,-,-,-,-,-
19520217-0,Sunday,17-FEB-1952,17:30,A1, En route (ENR),Monte la Cinta,Italy,31,31, Damaged beyond repair,-,Vickers 614 Viking 1,-,-,1946,-,-, G-AHPI, 142,Hunting Air Transport,Int'l Non Scheduled Passenger,-,Nice-Côte d'Azur Airport,NCE,LFMN,France,Malta-Luqa Airport,MLA,LMML,Malta,5,26,5,26,-,-,-
19520218-0,Monday,18-FEB-1952,-,A1, Unknown (UNK),"Kodiak NAS, AK (ADQ)",United States of America,-,-, Damaged beyond repair,-,Lockheed P2V-3W Neptune,-,-,-,-,-, 124289,-,US Navy,Military,-,-,-,-,-,-,-,-,-,-,-,-,-,-,-,-
19520219-0,Tuesday,19-FEB-1952,02:23,A1, Approach (APR),Nagpur-Sonegaon Airport (NAG),India,16,3, Damaged beyond repair,-,Douglas C-47A-70-DL (DC-3),2,Pratt & Whitney R-1830-92,1943,-,-, VT-AXE, 19160,Deccan Airways,Domestic Scheduled Passenger,-,Madras Airport,MAA,VOMM,India,Nagpur-Sonegaon Airport,NAG,VANP,India,4,12,2,1,-,-,-
19520219-1,Tuesday,19-FEB-1952,-,A1, En route (ENR),37 km (23.1 mls) SW of N'Gaoundéré,Cameroon,8,8, Damaged beyond repair,-,Consolidated LB.30 Liberator II,4,Pratt & Whitney R-1830-61,-,-,7465.0, F-BEFX, 12,STAAP,Training,-,N'Gaoundéré Airport,NGE,FKKN,Cameroon,N'Gaoundéré Airport,NGE,FKKN,Cameroon,4,4,4,4,-,-,Final
19520219-2,Tuesday,19-FEB-1952,-,A1, En route (ENR),at an unknown location,South Korea,10,10, Damaged beyond repair,-,Curtiss C-46D-15-CU Commando,-,-,1945,-,-, 44-78038, 33434,USAF,Military,-,-,-,-,-,-,-,-,-,-,-,-,-,-,-,-
19520220-0,Wednesday,20-FEB-1952,-,A1, Landing (LDG),Khartoum-Civil Airport (KRT),Sudan,-,0, Damaged beyond repair,-,Vickers Valetta C.1,2,Bristol Hercules 230,1950,-,-, VX492,-,RAF,Military,-,Khartoum-Civil Airport,KRT,HSSS,Sudan,-,-,-,-,-,-,0,0,-,-,-
19520221-0,Thursday,21-FEB-1952,14:10,A1, Takeoff (TOF),"Guanabara Bay, RJ",Brazil,3,0, Damaged beyond repair,-,Curtiss C-46A-25-CU Commando,2,Pratt & Whitney R-2800-51,1943,-,-, PP-VCB, 26641,Varig,Unknown,-,Rio de Janeiro-Santos Dumont Airport,SDU,SBRJ,Brazil,-,-,-,-,3,0,0,0,-,-,-
19520221-1,Thursday,21-FEB-1952,18:37,A2, Initial climb (ICL),near Ulyanovsk/Baratayevka Airport (ULV),Russia,18,1, Substantial, Repaired,Ilyushin Il-12,-,-,-,-,-, CCCP-L1849, 93033908,Aeroflot,Training,-,Ulyanovsk/Baratayevka Airport,ULV,UWLL,Russia,-,-,-,-,8,10,0,1,-,-,-
19520222-0,Friday,22-FEB-1952,-,A1, Landing (LDG),"Burlington International Airport, VT (BTV)",United States of America,5,0, Damaged beyond repair,-,Douglas C-47A-20-DK (DC-3),-,-,1944,-,-, 42-93193, 13077,USAF,Military,-,-,-,-,-,Burlington International Airport,BTV,KBTV,United States of America,-,-,0,0,-,-,-
19520226-0,Tuesday,26-FEB-1952,-,A1, Approach (APR),near Abingdon RAF Station (ABB),United Kingdom,2,0, Damaged beyond repair,-,Vickers Valetta C.1,2,Bristol Hercules 230,1949,-,-, VW827, 388,RAF,Military,-,Abingdon RAF Station,ABB,EGUD,United Kingdom,Abingdon RAF Station,ABB,EGUD,United Kingdom,2,0,0,0,-,-,-
19520227-0,Wednesday,27-FEB-1952,-,A1, Unknown (UNK),Palta Lake,India,3,0, Damaged beyond repair,-,Douglas C-47 (DC-3),-,-,-,-,-, HJ880,-,Indian AF,Military,-,-,-,-,-,-,-,-,-,3,0,0,0,-,-,-
19520228-0,Thursday,28-FEB-1952,-,A1, Initial climb (ICL),"near Uberlândia Airport, MG (UDI)",Brazil,31,9, Damaged beyond repair,-,Douglas DC-3A-393,2,Pratt & Whitney R-1830,1941,-,-, PP-PCN, 3284,Panair do Brasil,Domestic Scheduled Passenger, 389,Goiânia-Santa Genoveva Airport,GYN,SBGO,Brazil,Uberlândia Airport,UDI,SBUL,Brazil,4,27,3,6,-,-,-
19520228-1,Thursday,28-FEB-1952,-,A1, En route (ENR),"near Sydney, NS",Canada,18,0, Damaged beyond repair,-,Douglas VC-47D (DC-3),-,-,1944,-,-, 43-49226, 26487/15042,USAF,Military,-,-,-,-,-,-,-,-,-,4,14,0,0,-,-,-
19520229-0,Friday,29-FEB-1952,10:00,A1, Unknown (UNK),El Carmolia/Los Alcázares,Spain,8,3, Damaged beyond repair,-,CASA 352 (Junkers Ju-52),-,-,-,-,-, T.2-138, 29,Spanish AF,Military,-,-,-,-,-,-,-,-,-,-,-,-,-,-,-,-
19520303-0,Monday,03-MAR-1952,08:10,A1, Initial climb (ICL),ca 1 km N of Nice-le Var Airport (NCE),France,38,38, Damaged beyond repair,-,SNCASE SE.161/P7 Languedoc,4,Pratt & Whitney R-1830,1946,-,-, F-BCUM, 43,Air France,Domestic Scheduled Passenger,-,Nice-le Var Airport,NCE,LFMN,France,Paris-Le Bourget Airport,LBG,LFPB,France,4,34,4,34,-,-,Final
19520303-1,Monday,03-MAR-1952,-,A1, Approach (APR),Butterworth RAF Station (BWH),Malaysia,26,0, Damaged beyond repair,-,Vickers Valetta C.1,2,Bristol Hercules 230,1948,-,-, VW153, 323,RAF,Military,-,Butterworth RAF Station,BWH,WMKB,Malaysia,-,-,-,-,-,-,0,0,-,-,-
19520307-1,Friday,07-MAR-1952,15:40,A1, En route (ENR),"Guggi Glacier, nr Jungfrau Mtn., Swiss Alps",Switzerland,8,8, Damaged beyond repair,-,Douglas C-47A-65-DL (DC-3),-,-,1943,-,-, 42-100593, 19056,USAF,Military,-,Madrid-Barajas Airport,MAD,LEMD,Spain,-,-,-,-,7,1,7,1,-,-,-
19520309-1,Sunday,09-MAR-1952,-,U1, Unknown (UNK),at an unknown location,Turkey,-,-, Damaged beyond repair,-,Douglas C-47A-20-DK (DC-3),-,-,1944,-,-, 6053, 13653,Turkish AF,Military,-,-,-,-,-,-,-,-,-,-,-,-,-,-,-,-
19520310-0,Monday,10-MAR-1952,-,A1, Initial climb (ICL),near Cebu-Lahug Airport,Philippines,3,3, Damaged beyond repair,-,Douglas C-47A-35-DL (DC-3),2,Pratt & Whitney R-1830-92,1943,-,-, PI-C5, 9754,Philippine Air Lines,Cargo,-,-,-,-,-,-,-,-,-,3,0,3,0,-,-,-
19520310-1,Monday,10-MAR-1952,-,A1, Unknown (UNK),"0,8 km (0.5 mls) SE off  La Ciotat",France,8,0, Damaged beyond repair,-,Douglas C-47A-65-DL (DC-3),-,-,1943,-,-, 42-100502, 18965,USAF,Military,-,-,-,-,-,-,-,-,-,-,-,0,0,-,-,-
19520310-2,Monday,10-MAR-1952,-,A1, Unknown (UNK),"Bellevue-Offutt AFB, NE (OFF)",United States of America,-,-, Damaged beyond repair,-,Douglas C-47D (DC-3),-,-,1944,-,-, 43-16257, 20723,USAF,Military,-,-,-,-,-,-,-,-,-,-,-,-,-,-,-,-
19520311-0,Tuesday,11-MAR-1952,-,A1, Approach (APR),near Hamburg-Fuhlsbüttel Airport (HAM),Germany,10,0, Damaged beyond repair,-,Avro 685 York I,4,Rolls-Royce Merlin,1946,-,-, G-AMGL, 1354,Air Charter,Ferry/positioning,-,-,-,-,-,Hamburg-Fuhlsbüttel Airport,HAM,EDDH,Germany,3,7,0,0,-,-,-
19520311-1,Tuesday,11-MAR-1952,-,A1, Approach (APR),Swinderby RAF Station,United Kingdom,4,3, Damaged beyond repair,-,Vickers Varsity T.1,2,Bristol Hercules 264,1951,-,-, WF373, 532,RAF,Military,-,-,-,-,-,-,-,-,-,4,0,3,0,-,-,-
19520311-2,Tuesday,11-MAR-1952,-,A1, Unknown (UNK),at an unknown location,Unknown country,-,-, Damaged beyond repair,-,Douglas VC-47D (DC-3),-,-,1945,-,-, 44-77257, 33589/16841,USAF,Military,-,-,-,-,-,-,-,-,-,-,-,-,-,-,-,-
19520313-0,Thursday,13-MAR-1952,-,A1, Unknown (UNK),"18 km (11.3 mls) E of Bay Minette, AL",United States of America,6,5, Damaged beyond repair,-,Douglas C-47D (DC-3),-,-,1944,-,-, 43-49343, 26604/15159,USAF,Military,-,-,-,-,-,-,-,-,-,-,-,-,-,-,-,-
19520313-1,Thursday,13-MAR-1952,-,A1, Unknown (UNK),Constantine,Algeria,3,3, Damaged beyond repair,-,Amiot AAC.1 (Junkers Ju-52),-,-,-,-,-, registration unknown,-,French Navy,Military,-,-,-,-,-,-,-,-,-,3,0,3,0,-,-,-
19520314-0,Friday,14-MAR-1952,-,A1, Takeoff (TOF),Fayid RAF Station,Egypt,4,0, Damaged beyond repair,-,Handley Page Hastings C.1,-,-,-,-,-, TG562, HP67/53,RAF,Military,-,-,-,-,-,-,-,-,-,4,0,0,0,-,-,-
19520314-1,Friday,14-MAR-1952,-,A1, Landing (LDG),"Felixstowe, Suffolk",United Kingdom,-,0, Damaged beyond repair,-,Short Sunderland MR.5,-,-,-,-,-, PP162,-,RAF,Military,-,-,-,-,-,-,-,-,-,-,-,0,0,-,-,-
19520315-0,Saturday,15-MAR-1952,-,A2, Unknown (UNK),at an unknown location,Indonesia,-,0, Substantial, Repaired,Convair CV-240-23,-,-,-,-,-, PK-GCH, 177,Garuda,Unknown,-,-,-,-,-,-,-,-,-,-,-,0,0,-,-,-
19520315-1,Saturday,15-MAR-1952,-,A2, Unknown (UNK),at an unknown location,Indonesia,-,0, Substantial, Repaired,Douglas C-47A-80-DL (DC-3),2,Pratt & Whitney R-1830-92,1944,-,-, PK-RCR, 19611,Garuda,Unknown,-,-,-,-,-,-,-,-,-,-,-,0,0,-,-,-
19520317-0,Monday,17-MAR-1952,-,A1, En route (ENR),"near Dallas, TX",United States of America,22,2, Damaged beyond repair,-,Curtiss R-5C (C-46),-,-,-,-,-, registration unknown,-,US Navy,Military,-,-,-,-,-,-,-,-,-,-,-,-,-,-,-,-
19520322-0,Saturday,22-MAR-1952,-,A1, En route (ENR),"64 km (40 mls) from  Gaspe, QC",Canada,4,4, Damaged beyond repair,-,Douglas C-47-DL (DC-3),2,Pratt & Whitney R-1830-92,1942,-,-, CF-BXZ, 4695,Maritime Central Airways,Cargo,-,Saint John Airport,YSJ,CYSJ,Canada,Goose Bay Airport,YYR,CYYR,Canada,1,3,1,3,-,-,-
19520322-1,Saturday,22-MAR-1952,10:50,A1, Approach (APR),ca 7 km NE of Frankfurt International Airport (FRA),Germany,47,45, Damaged beyond repair,-,Douglas DC-6,-,-,1948,-,-, PH-TPJ, 43114/102,KLM,International Scheduled Passenger,-,Roma-Ciampino Airport,CIA,LIRA,Italy,Frankfurt International Airport,FRA,EDDF,Germany,10,37,9,36,-,-,-
19520323-0,Sunday,23-MAR-1952,-,A1, Landing (LDG),Bangkok International Airport (BKK),Thailand,44,0, Damaged beyond repair,-,Lockheed L-749A-79-33 Constellation,-,-,1950,-,-, PH-TFF, 2652,KLM,International Scheduled Passenger,-,Karachi International Airport,KHI,OPKC,Pakistan,Bangkok-Don Muang International Airport,BKK,VTBD,Thailand,10,34,0,0,-,-,-
19520323-1,Sunday,23-MAR-1952,-,H2, Unknown (UNK),Frankfurt,Germany,-,0, Unknown,-,Douglas C-47 (DC-3),-,-,-,-,-, registration unknown,-,CSA,Unknown,-,Praha-Ruzyne International Airport,PRG,LKPR,Czech Republic,Brno Turany Airport,BRQ,LKTB,Czech Republic,-,-,0,0,-,-,-
19520324-0,Monday,24-MAR-1952,03:07,A1, Initial climb (ICL),"2,5 km (1.6 mls) NE of Gao Airport (GAQ)",Mali,21,17, Destroyed, Written off (damaged beyond repair),Lockheed 18-07-01 Lodestar,-,-,1940,-,-, F-ARTE, 18-2005,SATT,Int'l Non Scheduled Passenger,-,Gao Airport,GAQ,GAGO,Mali,Tamanrasset Airport,TMR,DAAT,Algeria,3,18,3,14,-,-,Final
19520326-0,Wednesday,26-MAR-1952,-,A1, Unknown (UNK),"3,2 km (2 mls) E of Thule Air Base (THU)",Greenland,-,-, Damaged beyond repair,-,Douglas SC-47A,-,-,1944,-,-, 42-93513, 13433,USAF,Military,-,-,-,-,-,-,-,-,-,-,-,-,-,-,-,-
19520326-1,Wednesday,26-MAR-1952,17:30,A1, En route (ENR),"Hugoton-HAP Airport, KS",United States of America,49,0, Damaged beyond repair,-,Douglas C-54A-10-DC (DC-4),4,Pratt & Whitney R-2000,1944,-,11679.0, N65143, 10336,Braniff Airways,Domestic Scheduled Passenger,  65,Colorado Springs Municipal Airport,COS,KCOS,United States of America,Oklahoma City-Will Rogers Airport,OKC,KOKC,United States of America,4,45,0,0,-,-,Final
19520327-0,Thursday,27-MAR-1952,-,A2, Landing (LDG),"1265 km (790.6 mls) N of Point Barrow, AK, USA",Arctic Ocean,-,0, Substantial, Repaired,Douglas R4D-5 (DC-3),2,Pratt & Whitney R-1830-92,1943,-,-, 12417, 9357,US Navy,Military,-,-,-,-,-,-,-,-,-,-,-,0,0,-,-,-
19520329-0,Saturday,29-MAR-1952,-,A1, En route (ENR),30 km (18.8 mls) E of San Felipe Airport (SNF),Venezuela,12,12, Damaged beyond repair,-,Douglas DC-3,-,-,-,-,-, YV-C-AZU,-,TACA de Venezuela,Domestic Scheduled Passenger,-,Caracas-Maiquetía Airport,CCS,SVMI,Venezuela,San Felipe Airport,SNF,SVSP,Venezuela,3,9,3,9,-,-,-
19520330-0,Sunday,30-MAR-1952,-,A1, Takeoff (TOF),Baguio-Loakan Airport (BAG),Philippines,29,10, Damaged beyond repair,-,Douglas C-47A-DL (DC-3),2,Pratt & Whitney R-1830-92,1943,-,-, PI-C270, 13808,Philippine Air Lines,Domestic Scheduled Passenger,-,Baguio-Loakan Airport,BAG,RPUB,Philippines,-,-,-,-,3,26,2,8,-,-,-
19520402-0,Wednesday,02-APR-1952,-,A1, Approach (APR),3 km (1.9 mls) N of Mimizan,France,23,0, Damaged beyond repair,-,Douglas C-47A-5-DK (DC-3),2,Pratt & Whitney R-1830-92,1944,-,-, LN-NAE, 12372,Fred Olsen Flyveselskap,Int'l Non Scheduled Passenger,-,Madrid-Barajas Airport,MAD,LEMD,Spain,Bordeaux-Mérignac Airport,BOD,LFBD,France,-,-,0,0,-,-,-
19520404-0,Friday,04-APR-1952,-,A1, Approach (APR),"ca 9 km N of Mobile-Brookley AFB, AL (BFM)",United States of America,9,9, Destroyed, Written off (damaged beyond repair),Douglas VC-47D (DC-3),2,Pratt & Whitney R-1830-90,1945,-,-, 45-926, 34187/16929,USAF,Military,-,Montgomery-Maxwell AFB,MXF,KMXF,United States of America,Mobile-Brookley AFB,BFM,KBFM,United States of America,-,-,-,-,6,-,-
19520404-1,Friday,04-APR-1952,-,A1, Unknown (UNK),"ca 9 km N of Mobile-Brookley AFB, AL (BFM)",United States of America,6,6, Destroyed, Written off (damaged beyond repair),Douglas C-124A-DL Globemaster II,4,Pratt & Whitney R-4360-20WA,-,-,-, 50-1260, 43282,USAF,Military,-,Mobile-Brookley AFB,BFM,KBFM,United States of America,Mobile-Brookley AFB,BFM,KBFM,United States of America,6,0,6,0,9,-,-
19520405-0,Saturday,05-APR-1952,08:27,A1, Maneuvering (MNV),"7 km (4.4 mls) N of New York-Idlewild International Airport, NY (IDL)",United States of America,2,2, Damaged beyond repair,-,Curtiss C-46F-1-CU Commando,2,Pratt & Whitney R-2800-75,1945,-,4293.0, N1911M, 22464,USAF,Cargo,   4-2,Raleigh/Durham Airport,RDU,KRDU,United States of America,New York-Idlewild International Airport,IDL,KIDL,United States of America,2,0,2,0,-,3,Final
19520405-1,Saturday,05-APR-1952,13:39,A1, Initial climb (ICL),near Magdagachi,Russia,6,6, Damaged beyond repair,-,Ilyushin Il-12,-,-,-,-,-, CCCP-L1308,-,Aeroflot / East Siberia,Cargo,-,-,-,-,-,-,-,-,-,6,0,6,0,-,-,-
19520406-0,Sunday,06-APR-1952,-,A1, Unknown (UNK),"Loma Prieta Mountain, CA",United States of America,4,4, Damaged beyond repair,-,Douglas R4D-5 (DC-3),2,Pratt & Whitney R-1830-92,1944,-,-, 17207, 13107,US Navy,Military,-,-,-,-,-,-,-,-,-,4,0,4,0,-,-,-
19520407-0,Monday,07-APR-1952,-,A1, Takeoff (TOF),Paris-Le Bourget Airport (LBG),France,23,0, Damaged beyond repair,-,SNCASE SE.161/P7 Languedoc,4,Pratt & Whitney R-1830,1945,-,-, F-BATB, 02,Air France,International Scheduled Passenger,-,Paris-Le Bourget Airport,LBG,LFPB,France,-,-,-,-,5,18,0,0,-,-,-
19520407-1,Monday,07-APR-1952,-,A1, Initial climb (ICL),5 km (3.1 mls) SE of Beirut Airport (BEY),Lebanon,-,-, Damaged beyond repair,-,Douglas C-47A-50-DL  (DC-3),-,-,1943,-,-, 42-24181, 10043,USAF,Military,-,Beirut Airport,BEY,OLBA,Lebanon,-,-,-,-,-,-,-,-,-,-,-
19520409-0,Wednesday,09-APR-1952,08:07,A1, En route (ENR),Mihara Volcano,Japan,37,37, Destroyed, Written off (damaged beyond repair),Martin 2-0-2,-,-,-,-,-, N93043, 9164,Northwest Orient Airlines,Domestic Scheduled Passenger,-,Tokyo-Haneda Airport,HND,RJTT,Japan,Fukuoka Airport,FUK,RJFF,Japan,4,33,4,33,-,-,-
19520409-2,Wednesday,09-APR-1952,-,A1, En route (ENR),"near Camp Edwards, MA",United States of America,10,10, Damaged beyond repair,-,Douglas VC-47A (DC-3),-,-,1944,-,-, 42-93809, 13762,USAF,Military,-,Falmouth-Otis AFB,FMH,KFMH,United States of America,Niagara Falls International Airport,IAG,KIAG,United States of America,-,-,-,-,2,-,-
19520410-0,Thursday,10-APR-1952,-,A1, En route (ENR),Agartala,India,4,4, Damaged beyond repair,-,Douglas C-47A-25-DK (DC-3),2,Pratt & Whitney R-1830-92,1944,-,-, VT-DFN, 13628,Kalinga Airlines,Cargo,-,-,-,-,-,-,-,-,-,4,0,4,0,-,-,-
19520411-0,Friday,11-APR-1952,12:20,A1, En route (ENR),18 km (11.3 mls) NW off  San Juan-Isla Grande Airport (SIG),Puerto Rico,69,52, Damaged beyond repair,-,Douglas DC-4,4,Pratt & Whitney R-2000,1945,-,20835.0, N88899, 10503,Pan Am,Domestic Scheduled Passenger,PA526A,San Juan-Isla Grande Airport,SIG,TJIG,Puerto Rico,New York-Idlewild International Airport,IDL,KIDL,United States of America,5,64,0,52,-,-,Final
19520414-0,Monday,14-APR-1952,-,A1, Landing (LDG),"Brunswick NAS, ME (NHZ)",United States of America,10,6, Damaged beyond repair,-,Lockheed P2V-5 Neptune,-,-,-,-,-, 124255,-,US Navy,Military,-,-,-,-,-,Brunswick NAS,NHZ,KNHZ,United States of America,-,-,-,-,-,-,-
19520418-0,Friday,18-APR-1952,03:34,A1, Approach (APR),"3 km (1.9 mls) E of Whittier, CA",United States of America,29,29, Damaged beyond repair,-,Curtiss C-46F-1-CU Commando,2,Pratt & Whitney R-2800-75,1945,-,-, N8404C, 22466,Air Charters,Domestic Non Scheduled Passenger, 416W,Phoenix-Sky Harbor International Airport,PHX,KPHX,United States of America,Hollywood-Lockheed Air Terminal,BUR,KBUR,United States of America,3,26,3,26,-,-,Final
19520418-1,Friday,18-APR-1952,-,H2, En route (ENR),Graz-Thalerhof Airport (GRZ),Austria,15,0, None,-,unknown,-,-,-,-,-, registration unknown,-,JAT,Domestic Scheduled Passenger,-,-,-,-,-,Ljubljana-Brnik Airport,LJU,LJLJ,Slovenia,4,11,0,0,-,-,-
19520418-2,Friday,18-APR-1952,-,O1, Standing (STD),"Winnipeg-Stevenson RCAF Station, MB (YWG)",Canada,0,0, Damaged beyond repair,-,Douglas Dakota III (DC-3),-,-,1944,-,-, KG416, 12451,RCAF,Military,-,-,-,-,-,Winnipeg-Stevenson Aerodrome,YWG,CYWG,Canada,0,0,0,0,-,-,-
19520421-0,Monday,21-APR-1952,-,A1, En route (ENR),"110 km (68.8 mls) W of Anchorage, AK",United States of America,5,5, Damaged beyond repair,-,Douglas C-47A-30-DK (DC-3),-,-,1944,-,-, 43-48069, 25330/13885,USAF,Military,-,-,-,-,-,-,-,-,-,-,-,-,-,-,-,-
19520425-0,Friday,25-APR-1952,-,A1, En route (ENR),"near Karmanovo, Novosibirsk region",Russia,9,8, Damaged beyond repair,-,Ilyushin Il-12P,-,-,1947,-,1923.0, CCCP-L1312, 30018,Aeroflot / West Siberia,Training,-,-,-,-,-,-,-,-,-,9,0,8,0,-,-,-
19520429-0,Tuesday,29-APR-1952,-,C2, Unknown (UNK),near Berlin,Germany,17,0, Substantial, Repaired,Douglas C-54A-DO (DC-4),-,-,1943,-,-, F-BELI, 3098,Air France,International Scheduled Passenger,-,Frankfurt International Airport,FRA,EDDF,Germany,Berlin-Tempelhof Airport,THF,EDDI,Germany,6,11,0,0,-,-,-
19520429-1,Tuesday,29-APR-1952,04:40,A1, En route (ENR),"450 km (281.3 mls) SW of Carolina, MA",Brazil,50,50, Damaged beyond repair,-,Boeing 377 Stratocruiser 10-26,4,Pratt & Whitney R-4360-B6,1949,-,6944.0, N1039V, 15939/12,Pan Am,International Scheduled Passenger,PA202,Rio de Janeiro-Galeão International Airport,GIG,SBGL,Brazil,Port of Spain-Piarco Airport,POS,TTPP,Trinidad and Tobago,9,41,9,41,-,-,Final
19520429-2,Tuesday,29-APR-1952,-,A1, En route (ENR),Dentist C,South Korea,8,8, Damaged beyond repair,-,Douglas C-47A-80-DL (DC-3),2,Pratt & Whitney R-1830-92,1944,-,-, 43-15379, 19845,USAF,Military,-,-,-,-,-,-,-,-,-,-,-,-,-,-,-,-
19520429-4,Tuesday,29-APR-1952,-,A1, Approach (APR),13 km (8.1 mls) NW of Ashiya Air Base,Japan,4,4, Damaged beyond repair,-,Fairchild C-119C Flying Boxcar,-,-,-,-,-, 49-173, 10410,USAF,Military,-,-,-,-,-,-,-,-,-,4,0,4,0,-,-,-
19520430-0,Wednesday,30-APR-1952,-,A1, Unknown (UNK),Delhi-Safdarjung Airport,India,9,9, Damaged beyond repair,-,Douglas C-47A-25-DK (DC-3),2,Pratt & Whitney R-1830-92,1944,-,-, VT-AUN, 13405,Deccan Airways,Domestic Scheduled Passenger,-,Madras Airport,MAA,VOMM,India,-,-,-,-,4,5,4,5,-,-,-
19520503-0,Saturday,03-MAY-1952,08:14,A1, En route (ENR),95 km (59.4 mls) NW of Khandyga,Russia,4,4, Damaged beyond repair,-,Lisunov Li-2,-,-,1948,-,2284.0, CCCP-L4602, 4607,Aeroflot / Yakutsk,Cargo,-,Yakutsk Airport,YKS,UEEE,Russia,-,-,-,-,4,0,4,0,-,-,-
19520503-1,Saturday,03-MAY-1952,-,A1, Unknown (UNK),Middelkerke,Belgium,6,0, Damaged beyond repair,-,Douglas C-47A-65-DL (DC-3),-,-,1943,-,-, 42-100560, 19023,USAF,Military,-,-,-,-,-,-,-,-,-,-,-,0,0,-,-,-
19520504-0,Sunday,04-MAY-1952,-,C1, Takeoff (TOF),Phan Thiet,Vietnam,14,1, Damaged beyond repair,-,Douglas C-47B-15-DK (DC-3),2,Pratt & Whitney R-1830-90C,1944,-,-, F-BEIB, 26561/15116,STAEO,Domestic Scheduled Passenger,-,-,-,-,-,-,-,-,-,-,-,1,0,-,-,-
19520505-0,Monday,05-MAY-1952,-,A1, En route (ENR),24 km (15 mls) SW of Skien,Norway,29,11, Damaged beyond repair,-,Douglas C-47A-1-DK (DC-3),2,Pratt & Whitney R-1830-92,1943,-,-, LN-NAD, 12148,Fred Olsen Flyveselskap,Int'l Non Scheduled Passenger,-,Amsterdam-Schiphol International Airport,AMS,EHAM,Netherlands,-,-,-,-,3,26,3,8,-,-,-
19520506-0,Tuesday,06-MAY-1952,-,A1, Unknown (UNK),"Frobisher Bay, NU",Canada,-,-, Damaged beyond repair,-,Douglas C-47B Dakota III (DC-3),-,-,1944,-,-, 980, 26644/15199,RCAF,Unknown,-,-,-,-,-,-,-,-,-,-,-,-,-,-,-,-
19520509-0,Friday,09-MAY-1952,-,A1, Initial climb (ICL),Ipoh,Malaysia,-,0, Damaged beyond repair,-,Douglas DC-3D,-,-,1946,-,-, PK-DPA, 42954,Garuda,Unknown,-,Palembang Airport,PLM,WIPP,Indonesia,-,-,-,-,-,-,0,0,-,-,-
