identifiant,week_day,date,time,type_event,phase,location,country,total_occupants,total_fatalities,aircraft_damage,aircraft_fate,type_aircraft,number_engines,type_engines,first_flight,cycles,total_airframe_hours,registration,c_n_msn,operator,nature,flight_number,departure_airport_name,departure_airport_IATA,departure_airport_ICAO,departure_airport_country,destination_airport_name,destination_airport_IATA,destination_airport_ICAO,destination_airport_country,crew_number,passengers_number,crew_fatalities,passengers_fatalities,collision_casualties,ground_casualties,status
19760627-0,Sunday,27-JUN-1976,-,C1, Standing (STD),Beirut International Airport (BEY),Lebanon,3,1, Damaged beyond repair,-,Boeing 720-047B,4,Pratt & Whitney JT3D-3B,1965,-,-, OD-AGE, 18963/433,MEA,International Scheduled Passenger,-,-,-,-,-,Beirut Airport,BEY,OLBA,Lebanon,3,0,1,0,-,-,-
19760627-1,Sunday,27-JUN-1976,12:30,H2, En route (ENR),Entebbe Airport (EBB),Uganda,254,0, Unknown, Repaired,Airbus A300B4-203,2,General Electric CF6-50C2,1975,-,-, F-BVGG, 019,Air France,International Scheduled Passenger,AF139,Athens-Ellinikon International Airport,ATH,LGAT,Greece,Paris-Charles de Gaulle Airport,CDG,LFPG,France,12,242,0,0,-,-,-
19760627-2,Sunday,27-JUN-1976,-,A1, Takeoff (TOF),"Amangeldy, Komsomolski District, Aktyubinsk Region",Kazakhstan,1,1, Damaged beyond repair,-,Antonov An-2R,-,-,1973,9391.0,2406.0, CCCP-70481, 1G143-60,Aeroflot / Ukraine,Illegal Flight,-,-,-,-,-,-,-,-,-,1,0,1,0,-,-,-
19760629-0,Tuesday,29-JUN-1976,-,A1, Approach (APR),near Mexico City,Mexico,4,4, Damaged beyond repair,-,Learjet 24D,-,-,-,-,-, XB-JOY, 24-263,Construcciones Protexa,Unknown,-,-,-,-,-,Mexico City-Benito Juárez International Airport,MEX,MMMX,Mexico,2,2,2,2,-,-,-
19760630-0,Wednesday,30-JUN-1976,-,A1, En route (ENR),within Valikhanovskiy District,Kazakhstan,3,3, Damaged beyond repair,-,Antonov An-2R,-,-,1973,10995.0,2487.0, CCCP-70531, 1G145-07,Aeroflot / Central Region,Test,-,-,-,-,-,-,-,-,-,2,1,2,1,-,-,-
19760702-0,Friday,02-JUL-1976,-,C1, Standing (STD),"Boston-Logan International Airport, MA (BOS)",United States of America,0,0, Damaged beyond repair,-,Lockheed L-188A Electra,-,-,1959,-,-, N5531, 1055,Eastern Air Lines,-,-,-,-,-,-,-,-,-,-,0,0,0,0,-,-,-
19760703-0,Saturday,03-JUL-1976,-,A1, En route (ENR),near Daiku,Myanmar,17,17, Damaged beyond repair,-,Douglas C-47 (DC-3),-,-,-,-,-, registration unknown,-,Burmese AF,Military,-,Keng Tung Airport,KET,VYKG,Myanmar,Yangon-Mingaladon Airport,RGN,VYYY,Myanmar,7,10,7,10,-,-,-
19760706-0,Tuesday,06-JUL-1976,-,H2, Unknown (UNK),Palma de Mallorca,Spain,-,0, Unknown,-,Boeing 727,-,-,-,-,-, registration unknown,-,Libyan Arab Airlines,Unknown,-,Tripoli International Airport,TIP,HLLT,Libya,Benghazi-Benina International Airport,BEN,HLLB,Libya,-,-,0,0,-,-,-
19760711-0,Sunday,11-JUL-1976,-,A1, Unknown (UNK),Sivash Lagoon,Russia,-,0, Damaged beyond repair,-,Antonov An-2,-,-,1963,-,-, CCCP-62439, 1G41-09,Aeroflot / Ukraine,Unknown,-,-,-,-,-,-,-,-,-,-,-,0,0,-,-,-
19760714-0,Wednesday,14-JUL-1976,-,A1, Initial climb (ICL),Tashkent-Yuzhny Airport (TAS),Uzbekistan,-,0, Damaged beyond repair,-,Lisunov Li-2,-,-,1951,-,4946.0, CCCP-13369, 18440410,MAP Kazan APO,Unknown,-,Tashkent-Yuzhny Airport,TAS,UTTT,Uzbekistan,-,-,-,-,-,-,0,0,-,-,-
19760715-0,Thursday,15-JUL-1976,-,A1, En route (ENR),near Barnaul,Russia,-,0, Damaged beyond repair,-,Antonov An-2P,-,-,1962,-,-, CCCP-05840, 1G16-01,Aeroflot / West Siberia,Unknown,-,-,-,-,-,Barnaul Airport,BAX,UNBB,Russia,-,-,0,0,-,-,-
19760717-1,Saturday,17-JUL-1976,-,A1, Takeoff (TOF),"0,3 km (0.2 mls) W of Chita Airport (HTA)",Russia,117,0, Damaged beyond repair,-,Tupolev Tu-104A,2,Mikulin AM-3M,1957,-,-, CCCP-42335, 76600501,Aeroflot / East Siberia,Domestic Scheduled Passenger,-,Chita Airport,HTA,UIAA,Russia,Novosibirsk-Tolmachevo Airport,OVB,UNNN,Russia,7,110,0,0,-,-,-
19760722-0,Thursday,22-JUL-1976,09:05,A1, Approach (APR),"near Dutch Harbor, AK",United States of America,5,5, Destroyed, Written off (damaged beyond repair),Volpar Turboliner II,-,-,-,-,-, N600WA, BA-463,Winship Air Services,Private,-,Cold Bay Airport,CDB,PACD,United States of America,Dutch Harbor NAS,DUT,PADU,United States of America,2,3,2,3,-,-,-
19760723-0,Friday,23-JUL-1976,-,A1, Unknown (UNK),near Sokol'skoye,Russia,-,-, Damaged beyond repair,-,Antonov An-2R,-,-,-,14777.0,4695.0, CCCP-35088, 1G112-04,Aeroflot,Unknown,-,-,-,-,-,-,-,-,-,-,-,-,-,-,-,-
19760723-1,Friday,23-JUL-1976,-,A1, Takeoff (TOF),"Nym Lake, ON",Canada,5,0, Damaged beyond repair,-,de Havilland Canada DHC-3 Otter,-,-,1956,-,-, C-FODP, 103,Ontario Ministry of Natural Res.,Unknown,-,-,-,-,-,-,-,-,-,1,4,0,0,-,-,-
19760724-0,Saturday,24-JUL-1976,18:52,A1, Landing (LDG),Bhubaneswar Airport (BBI),India,23,0, Damaged beyond repair,-,Fokker F-27 Friendship 100,-,-,1961,27978.0,32677.0, VT-DMD, 10174,Indian Airlines,Scheduled Passenger,-,-,-,-,-,Bhubaneswar Airport,BBI,VEBS,India,4,19,0,0,-,-,-
19760726-0,Monday,26-JUL-1976,-,A1, Unknown (UNK),near Astrakhan,Russia,-,0, Damaged beyond repair,-,Antonov An-2R,-,-,1973,-,-, CCCP-07285, 1G148-46,Aeroflot / North Kavkaz,Unknown,-,-,-,-,-,-,-,-,-,-,-,0,0,-,-,-
19760728-0,Wednesday,28-JUL-1976,-,A1, Takeoff (TOF),Covilhã Airport (COV),Portugal,-,0, Damaged beyond repair,-,Britten-Norman BN-2A Islander,-,-,1969,-,-, CS-AJQ, 68,TAP Regional,Domestic Scheduled Passenger,-,Covilhã Airport,COV,LPCV,Portugal,Lisboa-Portela de Sacavém Airport,LIS,LPPT,Portugal,-,-,0,0,-,-,-
19760728-1,Wednesday,28-JUL-1976,09:37,A1, Approach (APR),"1,5 km (0.9 mls) NW of Bratislava-Ivanka Airport (BTS)",Slovakia,79,76, Destroyed, Written off (damaged beyond repair),Ilyushin Il-18V,4,Ivchenko AI-20K,1959,-,-, OK-NAB, 189001605,CSA,Domestic Scheduled Passenger,001,Praha-Ruzyne International Airport,PRG,LKPR,Czech Republic,Bratislava-Ivanka Airport,BTS,LZIB,Slovakia,6,73,6,70,-,-,-
19760802-1,Monday,02-AUG-1976,-,A1, En route (ENR),17 km (10.6 mls) WNW of Tehran-Mehrabad Airport (THR),Iran,5,5, Damaged beyond repair,-,Boeing 707-373C,4,Pratt & Whitney JT3D-3B,1967,-,-, HL7412, 19715/642,KAL,Cargo,-,Tehran-Mehrabad Airport,THR,OIII,Iran,Seoul-Gimpo (Kimpo) International Airport,SEL,RKSS,South Korea,5,0,5,0,-,-,-
19760803-0,Tuesday,03-AUG-1976,-,A1, En route (ENR),off Salalah,Oman,5,1, Damaged beyond repair,-,Britten-Norman BN-2 Defender,-,-,1974,-,-, 304, 413,Oman AF,Military,-,-,-,-,-,-,-,-,-,-,-,-,-,-,-,-
19760803-1,Tuesday,03-AUG-1976,-,A1, Unknown (UNK),near Popovka,Russia,-,-, Damaged beyond repair,-,Antonov An-2R,-,-,-,-,-, CCCP-70190, 1G138-08,Aeroflot / Central Region,Unknown,-,-,-,-,-,-,-,-,-,-,-,-,-,-,-,-
19760806-0,Friday,06-AUG-1976,11:03,A1, Initial climb (ICL),"Avalon Airport, VIC (AVV)",Australia,3,2, Destroyed, Written off (damaged beyond repair),GAF Nomad N.24,2,Allison 250-B17B,1975,-,139.0, [VH-SUZ],  10,GAF,Test, 128,Avalon Airport,AVV,YMAV,Australia,Avalon Airport,AVV,YMAV,Australia,3,0,2,0,-,-,Final
19760807-0,Saturday,07-AUG-1976,02:30,A1, En route (ENR),20 km (12.5 mls) WSW of Chilpancingo,Mexico,3,3, Damaged beyond repair,-,Dassault Falcon 20C,-,-,1966,-,-, N888AR, 33,Hansa Jet Corp.,Executive,-,-,-,-,-,Acapulco-Alvarez International Airport,ACA,MMAA,Mexico,2,1,2,1,-,-,-
19760809-0,Monday,09-AUG-1976,06:30,A2, Landing (LDG),Bogotá-Eldorado Airport (BOG),Colombia,32,0, Substantial, Repaired,Hawker Siddeley HS-748-260 Srs. 2A,-,-,1971,-,-, FAC-1101, 1702,SATENA,Domestic Scheduled Passenger,-,Cúcuta-Camilo Daza Airport,CUC,SKCC,Colombia,Bogotá-Eldorado Airport,BOG,SKBO,Colombia,5,27,0,0,-,-,-
19760809-2,Monday,09-AUG-1976,12:30,A1, En route (ENR),Vejer de la Frontera,Spain,32,12, Damaged beyond repair,-,Douglas C-54E-15-DO (DC-4),-,-,1945,-,-, T.4-11, 27344,Spanish AF,Military,-,-,-,-,-,Las Palmas-Gando Air Base,LPA,GCLP,Spain,-,-,-,-,-,-,-
19760813-0,Friday,13-AUG-1976,-,A1, Landing (LDG),Guryev Airport (GUW),Kazakhstan,43,0, Damaged beyond repair,-,Antonov An-24B,-,-,1966,-,-, CCCP-47734, 69901002,Aeroflot / Kazakstan,Domestic Scheduled Passenger,-,-,-,-,-,Guryev Airport,GUW,UAGZ,Kazakhstan,5,38,0,0,-,-,-
19760815-0,Sunday,15-AUG-1976,08:35,A1, En route (ENR),Chimborazo Volcano,Ecuador,59,59, Damaged beyond repair,-,Vickers 785D Viscount,-,-,1958,-,-, HC-ARS, 377,SAETA,Domestic Scheduled Passenger, 232,Quito-Mariscal Sucre Airport,UIO,SEQU,Ecuador,Cuenca Airport,CUE,SECU,Ecuador,4,55,4,55,-,-,-
19760816-0,Monday,16-AUG-1976,-,A1, Landing (LDG),Mexico City-Juarez International Airport (MEX),Mexico,127,0, Damaged beyond repair,-,Boeing 720-047B,4,Pratt & Whitney JT3D-3B,1961,-,-, HK-723, 18061/197,Avianca,International Scheduled Passenger,-,Bogotá-Eldorado Airport,BOG,SKBO,Colombia,Mexico City-Benito Juárez International Airport,MEX,MMMX,Mexico,-,-,0,0,-,-,-
19760816-1,Monday,16-AUG-1976,06:32,A1, Approach (APR),"ca 5 km NE Bar Harbor Airport, ME (BHB)",United States of America,1,0, Damaged beyond repair,-,Beechcraft 99 Airliner,-,-,1968,-,-, N200WP, U-3,Bar Harbor Airlines,Ferry/positioning,-,Bangor International Airport,BGR,KBGR,United States of America,Bar Harbor Airport,BHB,KBHB,United States of America,1,0,0,0,-,-,Final
19760818-0,Wednesday,18-AUG-1976,-,A1, En route (ENR),"Ile à la Crosse, SK",Canada,2,0, Damaged beyond repair,-,de Havilland Canada DHC-3 Otter,-,-,1959,-,-, C-FMPW, 271,RCMP,Unknown,-,Prince Albert Airport,YPA,CYPA,Canada,Buffalo Narrows Airport,YVT,CYVT,Canada,1,1,0,0,-,-,-
19760821-1,Saturday,21-AUG-1976,17:30,A1, Takeoff (TOF),Singapore-Seletar Airport (XSP),Singapore,9,0, Damaged beyond repair,-,Convair CV-880-22M-3,-,-,1962,-,-, N48060, 22-00-47M,Airtrust Singapore,Ferry/positioning,-,Singapore-Seletar Airport,XSP,WSSL,Singapore,Singapore-Paya Lebar International Airport,SIN,WSAP,Singapore,4,5,0,0,-,-,-
19760823-0,Monday,23-AUG-1976,-,H2, En route (ENR),Luxor Airport (LXR),Egypt,101,0, Unknown,-,Boeing 737-266,-,-,-,-,-, registration unknown,-,EgyptAir,Domestic Scheduled Passenger,-,Cairo International Airport,CAI,HECA,Egypt,Luxor Airport,LXR,HELX,Egypt,6,95,0,0,-,-,-
19760827-0,Friday,27-AUG-1976,-,A1, Unknown (UNK),near Beryozovo,Russia,-,0, Damaged beyond repair,-,Antonov An-2V,-,-,1961,-,-, CCCP-79852, 116247310,Aeroflot / Tyumen,Unknown,-,-,-,-,-,-,-,-,-,-,-,0,0,-,-,-
19760828-0,Saturday,28-AUG-1976,-,A1, En route (ENR),near Shanisu River,Peru,6,6, Missing, Presumed damaged beyond repair,Canadair CC-106 Yukon (CL-44),4,Rolls-Royce Tyne 515,1961,-,-, OB-R-1104, 12,Aeronaves del Peru,Cargo,-,Lima-Callao International Airport,LIM,SPIM,Peru,Caracas Airport,CCS,SVMI,Venezuela,6,0,6,0,-,-,-
19760828-1,Saturday,28-AUG-1976,-,H1, Standing (STD),Ho Chi Minh City Airport (SGN),Vietnam,20,1, Damaged beyond repair,-,Sud Aviation SE-210 Caravelle III,-,-,1961,-,-, F-BSGZ,  83,Air France,International Scheduled Passenger,-,Ho Chi Minh City-Tan Son Nhat International Airport,SGN,VVTS,Vietnam,Bangkok-Don Muang International Airport,BKK,VTBD,Thailand,-,-,0,1,-,-,-
19760828-2,Saturday,28-AUG-1976,-,A1, En route (ENR),Peterborough,United Kingdom,18,18, Damaged beyond repair,-,Lockheed C-141A-LM Starlifter,4,Pratt & Whitney TF33-P-7,-,-,14989.0, 67-0006, 300-6257,USAF,Military,-,Wrightstown-McGuire AFB,WRI,KWRI,United States of America,Mildenhall RAF Station,MHZ,EGUN,United Kingdom,4,14,4,14,-,-,-
19760828-3,Saturday,28-AUG-1976,11:45,A1, Landing (LDG),Kangerlussuaq-Søndre Strømfjord Airport (SFJ),Greenland,27,23, Damaged beyond repair,-,Lockheed C-141A-LM Starlifter,4,Pratt & Whitney TF33-P-7,-,-,15228.0, 67-0008, 300-6259,USAF,Military,-,Thule Air Base,THU,BGTL,Greenland,Kangerlussuaq-Søndre Strømfjord Airport,SFJ,BGSF,Greenland,8,19,7,16,-,-,-
19760902-0,Thursday,02-SEP-1976,07:30,A1, Landing (LDG),Léon Airport (BJX),Mexico,24,0, Damaged beyond repair,-,McDonnell Douglas DC-9-15,2,Pratt & Whitney JT8D-7A,1968,-,-, XA-SOF, 47124/254,Aeroméxico,Domestic Scheduled Passenger, 152,Mexico City International Airport,MEX,MMMX,Mexico,Léon/Guanajuato-Del Bajio Airport,BJX,MMLO,Mexico,-,-,0,0,-,-,-
19760903-0,Friday,03-SEP-1976,21:45,A1, Approach (APR),"near Terceira-Lajes Airport, Azores (TER)",Portugal,68,68, Damaged beyond repair,-,Lockheed C-130H Hercules,-,-,1971,-,-, 7772, 4408,Venezuela AF,Military,-,Bermuda International Airport,BDA,TXKF,Bermuda,Terceira-Lajes Airport,TER,LPLA,Portugal,8,60,8,60,-,-,-
19760904-0,Saturday,04-SEP-1976,13:37,A1, En route (ENR),"Abitibi Canyon near Fraserdale, ON",Canada,10,10, Destroyed, Written off (damaged beyond repair),de Havilland Canada DHC-3 Otter,-,-,1960,-,11573.0, CF-MIT, 372,Austin Airways,Domestic Non Scheduled Passenger,-,Moosonee Airport,YMO,CYMO,Canada,-,-,-,-,1,9,1,9,-,-,-
19760904-1,Saturday,04-SEP-1976,-,H2, En route (ENR),Larnaca Airport (LCA),Cyprus,84,0, None,-,McDonnell Douglas DC-9-33RC,-,-,-,-,-, PH-DNM, 47191/280,KLM,International Scheduled Passenger,KL366,Nice-Côte d'Azur Airport,NCE,LFMN,France,Amsterdam-Schiphol International Airport,AMS,EHAM,Netherlands,5,79,0,0,-,-,-
19760904-2,Saturday,04-SEP-1976,-,A1, Unknown (UNK),Praslin Island,Seychelles,-,0, Damaged beyond repair,-,Britten-Norman BN-2A-3 Islander,-,-,1971,-,-, VQ-SAC, 287,Air Mahé,Unknown,-,-,-,-,-,-,-,-,-,-,-,0,0,-,-,-
19760907-0,Tuesday,07-SEP-1976,-,C1, Standing (STD),Ajaccio-Campo Dell'Oro Airport (AJA),France,0,0, Damaged beyond repair,-,Boeing 707-328,4,Pratt & Whitney JT4A,1960,-,-, F-BHSH, 17620/138,Air France,-,-,-,-,-,-,-,-,-,-,0,0,0,0,-,-,-
19760907-1,Tuesday,07-SEP-1976,-,A1, Landing (LDG),"8 km (5 mls) E of Brockett, BC",Canada,26,0, Damaged beyond repair,-,Douglas C-47-DL (DC-3),2,Pratt & Whitney R-1830-92,1942,-,-, C-GKFC, 4200,Kelowna Flightcraft,Domestic Non Scheduled Passenger,-,Lethbridge Airport,YQL,CYQL,Canada,Vernon Airport,YVE,CYVK,Canada,2,24,0,0,-,-,-
19760907-2,Tuesday,07-SEP-1976,-,A1, Landing (LDG),La Piragua,Nicaragua,4,1, Damaged beyond repair,-,de Havilland Canada U-1A Otter (DHC-3),-,-,1956,-,-, 1011, 121,Nicaraguan AF,Military,-,-,-,-,-,-,-,-,-,4,0,1,0,-,-,-
19760908-0,Wednesday,08-SEP-1976,18:00,A1, Maneuvering (MNV),near Pontevedra,Spain,3,3, Damaged beyond repair,-,Canadair CL-215-1A10,2,Pratt & Whitney R-2800-83AM,1974,-,-, UD.13-07, 1035,Spanish AF,Fire fighting,-,Santiago de Compostela Airport,SCQ,LEST,Spain,Santiago de Compostela Airport,SCQ,LEST,Spain,3,0,3,0,-,-,-
19760909-0,Thursday,09-SEP-1976,-,A1, En route (ENR),37 km (23.1 mls) S off  Anapa [Black Sea],Russia,46,46, Damaged beyond repair,-,Antonov An-24RV,2,Ivchenko AI-24VT,1973,-,-, CCCP-46518, 37308504,Aeroflot / Belarus,Domestic Scheduled Passenger,7957,Donetsk Airport,DOK,UKCC,Ukraine,Adler/Sochi Airport,AER,URSS,Russia,5,41,5,41,18,-,-
19760909-1,Thursday,09-SEP-1976,-,A1, En route (ENR),37 km (23.1 mls) S off  Anapa [Black Sea],Russia,18,18, Damaged beyond repair,-,Yakovlev Yak-40,3,Ivchenko AI-25,1970,-,-, CCCP-87772, 9030713,Aeroflot / North Kavkaz,Domestic Scheduled Passenger,  31,Rostov Airport,ROV,URRR,Russia,Kerch Airport,KHC,UKFK,Ukraine,4,14,4,14,46,-,-
19760910-0,Friday,10-SEP-1976,10:14,A1, En route (ENR),near Vrbovec,Croatia,63,63, Destroyed, Written off (damaged beyond repair),Hawker Siddeley HS-121 Trident 3B,3,Rolls-Royce Spey 512-5W,1972,6952.0,8627.0, G-AWZT, 2320,British Airways,International Scheduled Passenger,BE475,London-Heathrow Airport,LHR,EGLL,United Kingdom,Istanbul-Yesilköy Airport,IST,LTBA,Turkey,9,54,9,54,113,-,Final
19760910-1,Friday,10-SEP-1976,10:14,A1, En route (ENR),near Vrbovec,Croatia,113,113, Destroyed, Written off (damaged beyond repair),McDonnell Douglas DC-9-32,2,Pratt & Whitney JT8D-9A,1976,990.0,1345.0, YU-AJR, 47649/741,Inex-Adria Aviopromet,Int'l Non Scheduled Passenger,JP550,Split Airport,SPU,LDSP,Croatia,Köln/Bonn Airport,CGN,EDDK,Germany,5,108,5,108,63,-,Final
19760910-2,Friday,10-SEP-1976,-,H2, En route (ENR),"Gander, Reykjavik, France",France,92,0, None,-,Boeing 727,-,-,-,-,-, registration unknown,-,TWA,Domestic Scheduled Passenger,TW355,New York-La Guardia Airport,LGA,KLGA,United States of America,Chicago-O'Hare International Airport,ORD,KORD,United States of America,-,-,0,0,-,-,-
19760910-3,Friday,10-SEP-1976,-,H2, En route (ENR),Lahore Airport (LHE),Pakistan,83,0, None,-,Boeing 737-200,-,-,-,-,-, registration unknown,-,Indian Airlines,Domestic Scheduled Passenger,-,Delhi-Palam Airport,DEL,VIDP,India,Bombay-Santacruz Airport,BOM,VABB,India,6,77,0,0,-,-,-
19760915-0,Wednesday,15-SEP-1976,-,A1, En route (ENR),Livingston Island,Antarctica,11,11, Damaged beyond repair,-,Lockheed SP-2E Neptune,-,-,-,-,-, 0644/2-P-103, 426-5416,Argentine Navy,Military,-,Río Grande Airport,RGA,SAWE,Argentina,-,-,-,-,11,0,11,0,-,-,-
19760916-0,Thursday,16-SEP-1976,-,A1, En route (ENR),off Aruba,Aruba,2,2, Missing, Presumed damaged beyond repair,Curtiss C-46D-15-CU Commando,-,-,1945,-,-, HK-1282, 33345,Aerosucre Colombia,Cargo,-,Barranquilla-Ernesto Cortissoz Airport,BAQ,SKBQ,Colombia,Aruba-Reina Beatrix Airport,AUA,TNCA,Aruba,2,0,2,0,-,-,-
19760917-0,Friday,17-SEP-1976,09:21,A1, Takeoff (TOF),Bhopal Airport (BHO),India,10,0, Damaged beyond repair,-,Douglas C-47A-90-DL (DC-3),-,-,1944,-,-, VT-AXC, 20303,Madhya Pradesh Government,Official state flight,-,Bhopal Airport,BHO,VABP,India,Indore Airport,IDR,VAID,India,2,8,0,0,-,-,-
19760919-0,Sunday,19-SEP-1976,23:15,A1, Approach (APR),near Isparta,Turkey,154,154, Destroyed, Written off (damaged beyond repair),Boeing 727-2F2,3,Pratt & Whitney JT8D-15,1974,-,-, TC-JBH, 20982/1087,THY,Domestic Scheduled Passenger,TK452,Istanbul-Yesilköy Airport,IST,LTBA,Turkey,Antalya Airport,AYT,LTAI,Turkey,8,146,8,146,-,-,-
19760922-0,Wednesday,22-SEP-1976,-,A1, En route (ENR),"near Mosher Creek, BC",Canada,19,1, Damaged beyond repair,-,de Havilland Canada DHC-6 Twin Otter 100,2,Pratt & Whitney Canada PT6A-20,1967,-,-, C-FAWF,  67,Airwest Airlines,Domestic Non Scheduled Passenger,-,-,-,-,-,-,-,-,-,2,17,0,1,-,-,-
19760923-0,Thursday,23-SEP-1976,-,A1, Takeoff (TOF),Sakon Nakhon Airport (SNO),Thailand,-,-, Damaged beyond repair,-,Douglas C-47A-90-DL (DC-3),2,Pratt & Whitney R-1830-92,1944,-,-, L2-40/15, 20421,Thai AF,Military,-,Sakon Nakhon Airport,SNO,VTUI,Thailand,-,-,-,-,-,-,-,-,-,-,Preliminary
19760926-0,Sunday,26-SEP-1976,08:30,A1, En route (ENR),"20 km (12.5 mls) SW of Alpena, MI",United States of America,20,15, Damaged beyond repair,-,Boeing KC-135A Stratotanker,4,Pratt & Whitney J57-P,1962,-,6109.0, 61-0296, 18203/518,USAF,Military,-,Marquette-Sawyer International Airport,MQT,KSAW,United States of America,-,-,-,-,5,15,-,-,-,-,-
19760926-1,Sunday,26-SEP-1976,-,A1, Approach (APR),"2 km (1.3 mls) NW of São Paulo-Viracopos Airport, SP (VCP)",Brazil,7,7, Damaged beyond repair,-,Learjet 25C,-,-,-,-,-, PT-IBR, 25-072,Banco Real,Executive,-,Manaus-Eduardo Gomes International Airport,MAO,SBEG,Brazil,São Paulo-Congonhas Airport,CGH,SBSP,Brazil,2,5,2,5,-,-,-
19760926-2,Sunday,26-SEP-1976,10:38,A1, Approach (APR),"Hot Springs-Ingalls Field, VA (HSP)",United States of America,11,11, Damaged beyond repair,-,Grumman G-1159 Gulfstream II,2,Rolls-Royce Spey 511-8,1969,-,3216.0, N500J,  60,Johnson & Johnson,Executive,-,Trenton-Mercer County Airport,TTN,KTTN,United States of America,Hot Springs-Ingalls Field,HSP,KHSP,United States of America,3,8,3,8,-,-,Final
19760926-3,Sunday,26-SEP-1976,08:00,C1, En route (ENR),Novosibirsk,Russia,1,1, Damaged beyond repair,-,Antonov An-2P,1,Shvetsov ASh-62IR,1961,-,14812.0, CCCP-79868, 116347312,Aeroflot / West Siberia,Illegal Flight,-,-,-,-,-,-,-,-,-,1,0,1,0,-,4,-
19760999-0,-,xx-SEP-1976,-,U1, Unknown (UNK),Madrid-Cuatro Vientos Air Base,Spain,-,-, Damaged beyond repair,-,Douglas C-53-DO (DC-3),-,-,1942,-,-, T.3-57, 4885,Spanish AF,Military,-,-,-,-,-,-,-,-,-,-,-,-,-,-,-,-
19761002-0,Saturday,02-OCT-1976,-,A1, En route (ENR),"30 km (18.8 mls) NW of Khoito-Gol, Kyren district",Russia,-,0, Damaged beyond repair,-,Antonov An-2T,-,-,-,-,-, CCCP-01226, 18147304,Aeroflot / East Siberia,Unknown,-,-,-,-,-,-,-,-,-,-,-,0,0,-,-,-
19761004-0,Monday,04-OCT-1976,-,A1, En route (ENR),140 km (87.5 mls) NNE of Nairobi,Kenya,4,4, Damaged beyond repair,-,Douglas DC-7CF,-,-,1958,-,-, TZ-ARC, 45467/970,Emirates Air Transport,Ferry/positioning,-,-,-,-,-,-,-,-,-,4,0,4,0,-,-,-
19761006-0,Wednesday,06-OCT-1976,17:24,C1, En route (ENR),8 km (5 mls) W off  Bridgetown International Airport (BGI),Barbados,73,73, Destroyed, Written off (damaged beyond repair),Douglas DC-8-43,4,Rolls-Royce Conway 508-12,1961,-,-, CU-T1201, 45611/127,Cubana,International Scheduled Passenger,CU455,Bridgetown-Grantley Adams International Airport,BGI,TBPB,Barbados,Kingston-Norman Manley International Airport,KIN,MKJP,Jamaica,25,48,25,48,-,-,-
19761012-0,Tuesday,12-OCT-1976,01:35,A1, Approach (APR),Bombay-Santacruz Airport (BOM),India,95,95, Destroyed, Written off (damaged beyond repair),Sud Aviation SE-210 Caravelle VI-N,-,-,1967,-,-, VT-DWN, 231,Indian Airlines,Domestic Scheduled Passenger, 171,Bombay-Santacruz Airport,BOM,VABB,India,Madras Airport,MAA,VOMM,India,6,89,6,89,-,-,-
19761013-0,Wednesday,13-OCT-1976,13:32,A1, Initial climb (ICL),"0,6 km (0.4 mls) NW of Santa Cruz-El Trompillo Airport (SRZ)",Bolivia,3,3, Destroyed, Written off (damaged beyond repair),Boeing 707-131F,4,Pratt & Whitney JT3C-,1959,-,-, N730JP, 17671/48,Jet Power,Cargo,-,Santa Cruz-El Trompillo Airport,SRZ,SLET,Bolivia,Miami International Airport,MIA,KMIA,United States of America,3,0,3,0,-,88,-
19761013-1,Wednesday,13-OCT-1976,-,A1, Takeoff (TOF),Asmara International Airport (ASM),Eritrea,-,0, Damaged beyond repair,-,Douglas DC-6B,4,Pratt & Whitney R-2800,1958,-,31473.0, ET-AAZ, 45533/1006,Ethiopian Airlines,Unknown,-,Asmara International Airport,ASM,HAAY,Eritrea,-,-,-,-,-,-,0,0,-,-,-
19761013-2,Wednesday,13-OCT-1976,-,A1, En route (ENR),ca 50 km NW of San Luis Potosi,Mexico,5,5, Damaged beyond repair,-,Beechcraft A100 King Air,-,-,1972,-,-, XB-NUV, B-128,Unknown,Executive,-,-,-,-,-,-,-,-,-,2,3,2,3,-,-,Preliminary
19761025-0,Monday,25-OCT-1976,07:20,A1, Approach (APR),"6,5 km (4.1 mls) from  El Yopal Airport (EYP)",Colombia,36,36, Damaged beyond repair,-,Douglas C-47-DL (Hyper),-,-,1942,-,-, HK-149, 4593,El Venado,Domestic Scheduled Passenger,-,El Yopal Airport,EYP,SKYP,Colombia,Cúcuta-Camilo Daza Airport,CUC,SKCC,Colombia,4,32,4,32,-,-,-
19761028-0,Thursday,28-OCT-1976,-,A1, En route (ENR),"near Petrolina Internacional Airport, PE (PNZ)",Brazil,7,2, Damaged beyond repair,-,Embraer EMB-110C Bandeirante,-,-,1973,-,-, PT-TBA, 110004,Nordeste Linhas Aéreas,Domestic Scheduled Passenger,-,Petrolina Internacional Airport,PNZ,SBPL,Brazil,Recife International Airport,REC,SBRF,Brazil,2,5,2,0,-,-,-
19761028-1,Thursday,28-OCT-1976,-,A1, Unknown (UNK),Radum,United Arab Emirates,-,-, Damaged beyond repair,-,de Havilland Canada DHC-4A Caribou,-,-,1969,-,-, 301, 269,Abu Dhabi AF,Military,-,-,-,-,-,-,-,-,-,-,-,-,-,-,-,-
19761028-2,Thursday,28-OCT-1976,-,H2, Unknown (UNK),Munich,Germany,105,0, Unknown,-,Ilyushin Il-18,-,-,-,-,-, registration unknown,-,CSA,Unknown,-,Praha-Ruzyne International Airport,PRG,LKPR,Czech Republic,Bratislava-Ivanka Airport,BTS,LZIB,Slovakia,-,-,0,0,-,-,-
19761030-0,Saturday,30-OCT-1976,-,A1, Landing (LDG),Tashkent Airport (TAS),Uzbekistan,97,0, Damaged beyond repair,-,Ilyushin Il-18V,4,Ivchenko AI-20K,1965,10114.0,26578.0, CCCP-75575, 185008004,Aeroflot / Uzbekistan,Domestic Scheduled Passenger,-,-,-,-,-,Tashkent Airport,TAS,UTTT,Uzbekistan,8,89,0,0,-,-,-
19761030-1,Saturday,30-OCT-1976,-,A1, Takeoff (TOF),Cairo International Airport (CAI),Egypt,-,0, Damaged beyond repair,-,Convair CV-440-88,-,-,1957,-,-, N985, 448,OMCO Petroleum Co.,Unknown,-,Cairo International Airport,CAI,HECA,Egypt,-,-,-,-,-,-,0,0,-,-,-
19761102-0,Tuesday,02-NOV-1976,-,A1, Unknown (UNK),Rychnów,Poland,-,-, Damaged beyond repair,-,Antonov An-2R,-,-,-,-,-, SP-WNP, 1G155-22,ZUA,Unknown,-,-,-,-,-,-,-,-,-,-,-,-,-,-,-,-
19761104-0,Thursday,04-NOV-1976,-,A1, Approach (APR),"0,9 km (0.6 mls) from  Banjarmasin-Sjamsudin Noor Airport (BDJ)",Indonesia,38,29, Damaged beyond repair,-,Fokker F-27 Friendship 100,-,-,1960,6033.0,9842.0, PK-KFR, 10142,Bali Int. Air Service,Domestic Scheduled Passenger,-,Balikpapan-Sepingan Airport,BPN,WALL,Indonesia,Banjarmasin-Sjamsudin Noor Airport,BDJ,WAOO,Indonesia,5,33,4,25,-,-,-
19761104-1,Thursday,04-NOV-1976,-,H2, Unknown (UNK),Wien-Schwechat International Airport (VIE),Austria,-,0, Unknown,-,Tupolev Tu-134A,-,-,-,-,-, SP-LHD, 48400,LOT,International Scheduled Passenger,-,København-Kastrup Airport,CPH,EKCH,Denmark,Warszawa-Okecie Airport,WAW,EPWA,Poland,-,-,0,0,-,-,-
19761105-0,Friday,05-NOV-1976,-,A1, En route (ENR),between Curaçao and Port-au-Prince [Caribbean Sea],Atlantic Ocean,2,2, Missing, Presumed damaged beyond repair,Douglas DC-3,-,-,-,-,-, HP-671,-,Inair Panama,Cargo,-,Curaçao-Hato International Airport,CUR,TNCC,Curaçao,Port-au-Prince-Mais Gate Airport,PAP,MTPP,Haiti,2,0,2,0,-,-,-
19761112-1,Friday,12-NOV-1976,-,A1, Landing (LDG),"Rio de Janeiro-Santos Dumont Airport, RJ (SDU)",Brazil,8,0, Damaged beyond repair,-,Cessna 500 Citation I,-,-,-,-,-, PT-KIU, 500-0172,Taxi Aéreo Jaragua,Executive,-,-,-,-,-,Rio de Janeiro-Santos Dumont Airport,SDU,SBRJ,Brazil,2,6,0,0,-,-,-
19761112-2,Friday,12-NOV-1976,08:57,A1, Initial climb (ICL),"Naples Airport, FL (APF)",United States of America,11,0, Damaged beyond repair,-,Dassault Falcon 20E,-,-,1974,-,-, N27R, 303,Reynolds Tobacco,Executive,-,Naples Airport,APF,KAPF,United States of America,Winston-Salem-Smith-Reynolds Airport,INT,KINT,United States of America,2,9,0,0,-,-,Final
19761112-3,Friday,12-NOV-1976,-,A1, Unknown (UNK),at an unknown location,Unknown country,-,-, Damaged beyond repair,-,Douglas C-47-DL (DC-3),2,Pratt & Whitney R-1830-92,1942,-,-, BJ922, 6078,Indian AF,Military,-,-,-,-,-,-,-,-,-,-,-,-,-,-,-,-
19761116-0,Tuesday,16-NOV-1976,17:30,A1, Takeoff (TOF),"Denver-Stapleton International Airport, CO (DEN)",United States of America,86,0, Damaged beyond repair,-,McDonnell Douglas DC-9-14,2,Pratt & Whitney JT8D-7A,1967,-,24333.0, N9104, 47081/155,Texas International,Domestic Scheduled Passenger, 987,Denver-Stapleton International Airport,DEN,KDEN,United States of America,Houston-Intercontinental Airport,IAH,KIAH,United States of America,5,81,0,0,-,-,Final
19761118-0,Thursday,18-NOV-1976,-,A1, Unknown (UNK),"Villa de Casas, Tamaulipas",Mexico,2,2, Damaged beyond repair,-,Howard 250,-,-,-,-,-, N519DW, 18-2547,Depositor Canales,Unknown,-,-,-,-,-,-,-,-,-,-,-,-,-,-,-,-
19761119-0,Friday,19-NOV-1976,-,A1, Approach (APR),near Lisboa-Portela de Sacavém Airport (LIS),Portugal,2,2, Damaged beyond repair,-,CASA C-212-A2 Aviocar 100,-,-,1975,-,-, 6516, 47,Portuguese AF,Military,-,-,-,-,-,Lisboa-Portela de Sacavém Airport,LIS,LPPT,Portugal,2,0,2,0,-,-,-
19761121-0,Sunday,21-NOV-1976,-,A1, En route (ENR),near Kisangani,Democratic Republic of the Congo,6,5, Damaged beyond repair,-,Lockheed L-100-20 Hercules,4,Allison 501-D22A,1969,-,-, C-FPWX, 4361,Pacific Western,Cargo,-,Oostende Airport,OST,EBOS,Belgium,-,-,-,-,5,1,4,1,-,-,-
19761122-0,Monday,22-NOV-1976,-,A1, En route (ENR),off Das Island,United Arab Emirates,2,0, Damaged beyond repair,-,Shorts SC.7 Skyvan 3-200,2,Garrett TPE331-2-201A,1969,-,-, A4O-SI, SH.1865,Gulf Air,Non Scheduled Passenger,-,-,-,-,-,Abu Dhabi-Bateen Airport,AUH,OMAD,United Arab Emirates,1,1,0,0,-,-,-
19761122-1,Monday,22-NOV-1976,-,A1, En route (ENR),Schwabmünchen,Germany,5,5, Destroyed, Written off (damaged beyond repair),MBB HFB-320ECM Hansa Jet,-,-,1976,-,-, 16+22, 1059,German AF,Military,-,-,-,-,-,-,-,-,-,5,0,5,0,-,-,-
19761123-2,Tuesday,23-NOV-1976,09:45,A1, Approach (APR),19 km (11.9 mls) SE of Kozani-Philippos Airport (KZI),Greece,50,50, Damaged beyond repair,-,NAMC YS-11A-500,-,-,1971,-,-, SX-BBR, 2156,Olympic Airways,Domestic Scheduled Passenger, 830,Athens-Ellinikon International Airport,ATH,LGAT,Greece,Lárisa Airport,LRA,LGLR,Greece,4,46,4,46,-,-,-
19761123-3,Tuesday,23-NOV-1976,-,A1, Landing (LDG),La Paz-El Alto Airport (LPB),Bolivia,4,0, Damaged beyond repair,-,Douglas C-47-DL (DC-3),2,Pratt & Whitney R-1830-92,1942,-,-, CP-755, 4294,Aerolineas La Paz,Cargo,-,-,-,-,-,-,-,-,-,3,1,0,0,-,-,-
19761128-1,Sunday,28-NOV-1976,19:00,A1, En route (ENR),29 km (18.1 mls) from  Moskva-Sheremetyevo,Russia,72,72, Damaged beyond repair,-,Tupolev Tu-104B,2,Mikulin AM-3M-500,1960,13336.0,22199.0, CCCP-42471, 021204,Aeroflot / Northern,Domestic Scheduled Passenger,-,Moskva-Sheremetyevo Airport,SVO,UUEE,Russia,Leningrad-Pulkovo Airport,LED,ULLI,Russia,5,67,5,67,-,-,-
19761130-2,Tuesday,30-NOV-1976,-,A1, Maneuvering (MNV),near Victoria,Mexico,5,5, Damaged beyond repair,-,Douglas C-117B (DC-3),-,-,1945,-,-, N2010, 34130/18549,U.S. Department of Agriculture,Agricultural,-,-,-,-,-,-,-,-,-,2,3,2,3,-,-,-
19761204-0,Saturday,04-DEC-1976,-,C1, Unknown (UNK),near Laayoune-Hassan I Airport (EUN),Morocco,-,-, Damaged beyond repair,-,Lockheed C-130H Hercules,-,-,1974,-,-, CN-AOB, 4537,Moroccan AF,Military,-,Laayoune-Hassan I Airport,EUN,GMML,Morocco,-,-,-,-,-,-,-,-,-,-,-
19761207-0,Tuesday,07-DEC-1976,-,A1, Approach (APR),"1,7 km (1.1 mls) from  Armavir",Russia,29,0, Damaged beyond repair,-,Yakovlev Yak-40,3,Ivchenko AI-25,1970,-,-, CCCP-87756, 9020112,Aeroflot / Ukraine,Domestic Scheduled Passenger, 929,Dnepropetrovsk Airport,DNK,UKDD,Ukraine,Mineralnye Vody Airport,MRV,URMM,Russia,4,25,0,0,-,-,-
19761209-0,Thursday,09-DEC-1976,-,A1, Unknown (UNK),"Yosemite National Park, CA",United States of America,2,2, Damaged beyond repair,-,Howard 500,-,-,1959,-,-, N80BD, 500-104,Red River Ranch,Illegal Flight,-,-,-,-,-,Carson City Airport,CSN,KCXP,United States of America,2,0,2,0,-,-,-
19761210-2,Friday,10-DEC-1976,-,A1, Takeoff (TOF),"Chisasibi Airport, QC (YKU)",Canada,8,0, Damaged beyond repair,-,Douglas C-47A-80-DL (DC-3),2,Pratt & Whitney R-1830-92,1944,-,-, CF-IAX, 19499,Austin Airways,Domestic Non Scheduled Passenger,-,-,-,-,-,-,-,-,-,2,6,0,0,-,-,-
19761212-1,Sunday,12-DEC-1976,23:26,A1, Approach (APR),"Wildwood-Cape May County Airport, NJ (WWD)",United States of America,10,4, Damaged beyond repair,-,de Havilland Canada DHC-6 Twin Otter 300,2,Pratt & Whitney Canada PT6A-27,1969,-,-, N101AC, 262,Allegheny Commuter,Domestic Scheduled Passenger, 977,Atlantic City-Bader Field,AIY,KAIY,United States of America,Wildwood-Cape May County Airport,WWD,KWWD,United States of America,2,8,1,3,-,-,Final
19761214-0,Tuesday,14-DEC-1976,-,A1, Landing (LDG),Oborso,Ethiopia,8,0, Damaged beyond repair,-,Douglas C-47B-20-DK (DC-3),2,Pratt & Whitney R-1830-90C,1944,-,11976.0, ET-AEJ, 26990/15545,Ethiopian Airlines,Scheduled Passenger,-,-,-,-,-,-,-,-,-,3,5,0,0,-,-,-
19760101-0,Thursday,01-JAN-1976,-,A2, Takeoff (TOF),København-Kastrup Airport (CPH),Denmark,13,0, Substantial, Repaired,McDonnell Douglas DC-10-30,-,-,-,-,-, LN-RKA, 46868/171,SAS,Ferry/positioning,-,København-Kastrup Airport,CPH,EKCH,Denmark,-,-,-,-,13,0,0,0,-,-,-
19760101-1,Thursday,01-JAN-1976,05:30,C1, En route (ENR),37 km (23.1 mls) NW of Al Qaysumah,Saudi Arabia,81,81, Destroyed, Written off (damaged beyond repair),Boeing 720-023B,4,Pratt & Whitney JT3D-1-MC7,1960,-,-, OD-AFT, 18020/165,MEA,International Scheduled Passenger,ME438,Beirut International Airport,BEY,OLBA,Lebanon,Dubai Airport,DXB,OMDB,United Arab Emirates,15,66,15,66,-,-,-
19760102-0,Friday,02-JAN-1976,06:36,A1, Landing (LDG),Istanbul-Yesilköy Airport (IST),Turkey,377,0, Destroyed, Written off (damaged beyond repair),McDonnell Douglas DC-10-30CF,3,General Electric CF6-50C,1973,-,9848.0, N1031F, 46825/81,ONA,Int'l Non Scheduled Passenger,SV5130,-,-,-,-,Ankara-Esenboga Airport,ESB,LTAC,Turkey,13,364,0,0,-,-,Final
19760103-0,Saturday,03-JAN-1976,17:58,A1, Approach (APR),"near Anchorage International Airport, AK (ANC)",United States of America,8,6, Substantial, Written off (damaged beyond repair),Learjet 24A,-,-,1969,-,-, N651LJ, 24-125,Winship Air Services,Domestic Non Scheduled Passenger,-,Deadhorse-Alpine Airstrip,DQH,PALP,United States of America,Anchorage International Airport,ANC,PANC,United States of America,2,6,2,4,-,-,Final
19760103-1,Saturday,03-JAN-1976,10:05,A1, Initial climb (ICL),7 km (4.4 mls) W of Moskva-Vnukovo Airport (VKO),Russia,61,61, Damaged beyond repair,-,Tupolev Tu-124V,2,Soloviev D-20P,1962,14409.0,17014.0, CCCP-45037, 2351002,Aeroflot / North Kavkaz,Domestic Scheduled Passenger,2003,Moskva-Vnukovo Airport,VKO,UUWW,Russia,Minsk-1 International Airport,MHP,UMMM,Belarus,5,56,5,56,-,1,-
19760105-0,Monday,05-JAN-1976,-,H2, Standing (STD),Manila Airport (MNL),Philippines,223,0, None,-,McDonnell Douglas DC-8-61,4,Pratt & Whitney JT3D-,1970,-,-, JA8043, 46128/514,JAL,International Scheduled Passenger,JL768,Manila Airport,MNL,RPLL,Philippines,Tokyo-Haneda Airport,HND,RJTT,Japan,12,211,0,0,-,-,-
19760106-0,Tuesday,06-JAN-1976,-,A2, Unknown (UNK),Kimba Ngorongoro,Tanzania,-,-, Substantial, Repaired,Britten-Norman BN-2A-3 Islander,-,-,1971,-,-, 5Y-AUA, 275,Caspair,Unknown,-,-,-,-,-,-,-,-,-,-,-,-,-,-,-,-
19760107-0,Wednesday,07-JAN-1976,-,A1, Landing (LDG),Manado-Samratulangi Airport (MDC),Indonesia,16,0, Damaged beyond repair,-,Vickers 806 Viscount,-,-,1958,-,-, PK-RVK, 260,Mandala Airlines,Scheduled Passenger,-,-,-,-,-,Manado-Sam Ratulangi Airport,MDC,WAMM,Indonesia,3,13,0,0,-,-,-
19760108-0,Thursday,08-JAN-1976,-,A1, Unknown (UNK),Mactan Island,Philippines,7,7, Damaged beyond repair,-,Britten-Norman BN-2A-21 Islander,-,-,1975,-,-, RP-C2135, 439,Philippine Aerotransport,Passenger,-,-,-,-,-,-,-,-,-,-,-,-,-,-,-,-
19760113-0,Tuesday,13-JAN-1976,-,A1, Approach (APR),"2,1 km (1.3 mls) from  Leningrad-Smolnoye Airport",Russia,44,0, Damaged beyond repair,-,Antonov An-24B,-,-,1970,8920.0,11711.0, CCCP-47280, 07306410,Aeroflot / Uralsk,Domestic Scheduled Passenger,-,Riga International Airport,RIX,EVRA,Latvia,Leningrad-Smolnoye Airport,RVH,ULSS,Russia,5,39,0,0,-,-,-
19760114-0,Wednesday,14-JAN-1976,18:35,A1, Unknown (UNK),"off Recife, PE",Brazil,3,1, Damaged beyond repair,-,North American-Rockwell Sabreliner 40,-,-,-,-,-, N85, 282-97,FAA,Ferry/positioning,-,Georgetown-Wideawake Field,ASI,FHAW,St. Helena,Recife International Airport,REC,SBRF,Brazil,3,0,1,0,-,-,Final
19760115-0,Thursday,15-JAN-1976,07:00,A1, En route (ENR),30 km (18.8 mls) E of Chipaque,Colombia,13,13, Damaged beyond repair,-,Douglas C-54A-5-DC (DC-4),-,-,1944,-,-, HK-172, 10280,El Venado,Domestic Non Scheduled Passenger,-,Bogotá-Eldorado Airport,BOG,SKBO,Colombia,-,-,-,-,3,10,3,10,-,-,-
19760117-1,Saturday,17-JAN-1976,-,A1, Landing (LDG),Kuala Lumpur Subang International Airport (KUL),Malaysia,25,0, Damaged beyond repair,-,Handley Page HPR-7 Herald 401,2,Rolls-Royce Dart (series unknown),1964,-,-, FM1025, 181,Royal Malaysian AF,Military,-,Kuching Airport,KCH,WBGG,Malaysia,-,-,-,-,3,22,0,0,-,-,-
19760118-1,Sunday,18-JAN-1976,15:44,A1, Landing (LDG),3 km (1.9 mls) from  San Borja-Capitan G Q Guardia Airport (SRJ),Bolivia,10,7, Damaged beyond repair,-,Douglas C-47-DL (DC-3),2,Pratt & Whitney R-1830-92,1942,-,-, CP-573, 4682,Frigorifico Maniqui,Domestic Non Scheduled Passenger,-,San Borja-Capitan G.Q. Guardia Airport,SRJ,SLSB,Bolivia,-,-,-,-,3,7,3,4,-,-,-
19760120-0,Tuesday,20-JAN-1976,07:30,A1, En route (ENR),near Loja,Ecuador,42,34, Damaged beyond repair,-,Hawker Siddeley HS-748-246 Srs. 2A,-,-,1970,-,-, HC-AUE/683, 1683,TAME Ecuador,Domestic Scheduled Passenger,-,Loja Airport,LOH,SELO,Ecuador,Guayaquil-Simon Bolivar Airport,GYE,SEGU,Ecuador,6,36,6,28,-,-,-
19760121-0,Wednesday,21-JAN-1976,-,A1, Approach (APR),near Changsha-Huanghua Airport (CSX),China,40,40, Damaged beyond repair,-,Antonov An-24,-,-,1973,-,-, B-492,-,CAAC,Domestic Scheduled Passenger,-,Guangzhou-Baiyun Airport,CAN,ZGGG,China,Changsha-Huanghua Airport,CSX,ZGHA,China,-,-,-,-,-,-,-
19760122-0,Thursday,22-JAN-1976,-,A1, Unknown (UNK),Rambouillet,France,5,5, Damaged beyond repair,-,Dassault Falcon 20C,-,-,1968,-,-, 154/F-RAFK, 154,French AF,Military,-,-,-,-,-,-,-,-,-,-,-,-,-,-,-,-
19760122-1,Thursday,22-JAN-1976,-,A1, Takeoff (TOF),"Chapecó Airport, SC (XAP)",Brazil,9,7, Damaged beyond repair,-,Embraer EMB-110C Bandeirante,-,-,1973,-,-, PT-TBD, 110011,Transbrasil,Domestic Scheduled Passenger, 107,Chapecó Airport,XAP,SBCH,Brazil,Erechim-Comandante Kraemer Airport,ERM,SSER,Brazil,2,7,2,5,-,-,-
19760122-2,Thursday,22-JAN-1976,-,A1, Unknown (UNK),at an unknown location,Japan,-,-, Damaged beyond repair,-,Shin Meiwa PS-1,-,-,-,-,-, 5805, 1005,Japanese Navy,Military,-,-,-,-,-,-,-,-,-,-,-,-,-,-,-,-
19760123-0,Friday,23-JAN-1976,-,A1, Landing (LDG),Palu Airport (PLW),Indonesia,32,0, Damaged beyond repair,-,Hawker Siddeley HS-748-216 Srs. 2A,-,-,1971,-,-, PK-IHD, 1700,Bouraq Indonesia,Domestic Scheduled Passenger,-,Balikpapan-Sepingan Airport,BPN,WALL,Indonesia,Palu-Mutiara Airport,PLW,WAML,Indonesia,5,27,0,0,-,-,-
19760127-0,Tuesday,27-JAN-1976,-,A1, En route (ENR),25 km (15.6 mls) N of Cozumel Airport (CZM),Mexico,4,4, Damaged beyond repair,-,Douglas DC-6A,-,-,1956,-,-, XA-RIO, 44908/691,Aerotécnicos Asociados de México,Ferry/positioning,-,Cozumel Airport,CZM,MMCZ,Mexico,Mexico City International Airport,MEX,MMMX,Mexico,4,0,4,0,-,-,-
19760129-0,Thursday,29-JAN-1976,-,A1, Unknown (UNK),at an unknown location,Unknown country,-,-, Damaged beyond repair,-,Douglas C-47D,2,Pratt & Whitney R-1830-90,1944,-,-, T.3-32, 26899/15454,Spanish AF,Military,-,-,-,-,-,-,-,-,-,-,-,-,-,-,-,-
19760130-0,Friday,30-JAN-1976,-,A1, Approach (APR),near Frunze Airport (FRU),Kyrgyzstan,6,6, Damaged beyond repair,-,Ilyushin Il-18V,4,Ivchenko AI-20K,1964,7623.0,17652.0, CCCP-75558, 184007505,Aeroflot / Kyrgyzstan,Training,-,Frunze Airport,FRU,UAFM,Kyrgyzstan,Frunze Airport,FRU,UAFM,Kyrgyzstan,6,0,6,0,-,-,-
19760202-0,Monday,02-FEB-1976,13:00,O1, Standing (STD),"Saint John Airport, NB (YSJ)",Canada,0,0, Damaged beyond repair,-,Douglas C-49J (DC-3),-,-,1942,-,-, CF-HPM, 4989,Atlantic Central Airlines,-,-,-,-,-,-,-,-,-,-,0,0,0,0,-,-,-
19760204-1,Wednesday,04-FEB-1976,-,A1, Initial climb (ICL),Santa Marta,Colombia,3,3, Damaged beyond repair,-,Douglas DC-6A/B,-,-,1952,-,-, HK-1389, 43519/221,LAC Colombia,Cargo,-,Santa Marta-Simón Bolívar Airport,SMR,SKSM,Colombia,Curaçao-Hato International Airport,CUR,TNCC,Curaçao,3,0,3,0,-,-,-
19760206-0,Friday,06-FEB-1976,-,A1, Initial climb (ICL),near Bari-Palese Airport (BRI),Italy,2,0, Damaged beyond repair,-,Learjet 24D,-,-,-,-,-, I-AMME, 24-310,Estramed,Unknown,-,Bari-Palese Airport,BRI,LIBD,Italy,-,-,-,-,2,0,0,0,-,-,-
19760206-1,Friday,06-FEB-1976,20:30,A1, Approach (APR),near Cabanillas,Spain,7,7, Damaged beyond repair,-,Boeing KC-135A Stratotanker,4,Pratt & Whitney J57-P,1961,-,5481.0, 60-0368, 18143/482,USAF,Military,-,Mildenhall RAF Station,MHZ,EGUN,United Kingdom,Madrid-Torrejón AFB,TOJ,LETO,Spain,7,0,7,0,-,-,-
19760208-0,Sunday,08-FEB-1976,10:44,A1, Approach (APR),"1,5 km (0.9 mls) S of Los Angeles-Van Nuys Airport, CA (VNY)",United States of America,6,3, Damaged beyond repair,-,Douglas YC-112A-DO (DC-6),4,Pratt & Whitney R-2800-83AM3,1946,-,10280.0, N901MA, 36326,Mercer Airlines,Ferry/positioning, 901,Hollywood-Burbank Airport,BUR,KBUR,United States of America,Ontario International Airport,ONT,KONT,United States of America,5,1,3,0,-,-,Final
19760209-0,Monday,09-FEB-1976,08:15,A1, Takeoff (TOF),Irkutsk Airport (IKT),Russia,115,24, Damaged beyond repair,-,Tupolev Tu-104A,2,Mikulin AM-3M,1956,10308.0,22069.0, CCCP-42327, 66600201,Aeroflot / West Siberia,Domestic Scheduled Passenger,3739,Irkutsk Airport,IKT,UIII,Russia,Novosibirsk-Tolmachevo Airport,OVB,UNNN,Russia,10,105,9,15,-,-,-
19760209-1,Monday,09-FEB-1976,08:04,A1, Approach (APR),Bacau Airport (BCM),Romania,24,0, Substantial, Written off (damaged beyond repair),Antonov An-24RV,2,Ivchenko AI-24VT,1971,-,-, YR-AMC, 17306906,Tarom,Domestic Scheduled Passenger,-,Bucharest-Baneasa Airport,BBU,LRBS,Romania,Bacau Airport,BCM,LRBC,Romania,5,19,0,0,-,-,-
19760216-0,Monday,16-FEB-1976,-,A1, Unknown (UNK),Faya Airport (FYT),Chad,-,-, Damaged beyond repair,-,Douglas C-47A-65-DL (DC-3),2,Pratt & Whitney R-1830-92,1943,-,-, TT-LAG, 18972,Chad AF,Military,-,-,-,-,-,-,-,-,-,-,-,-,-,-,-,-
19760222-0,Sunday,22-FEB-1976,15:04,A1, Landing (LDG),"Burlington International Airport, VT (BTV)",United States of America,4,0, Damaged beyond repair,-,Grumman G-1159 Gulfstream II,-,-,1969,-,-, N397F,  72,Fabergé,Executive,-,Newark International Airport,EWR,KEWR,United States of America,Burlington International Airport,BTV,KBTV,United States of America,3,1,0,0,-,-,Final
19760224-0,Tuesday,24-FEB-1976,-,A1, Landing (LDG),"Yellowknife Airport, NT (YZF)",Canada,3,2, Damaged beyond repair,-,de Havilland Canada DHC-6 Twin Otter 200,2,Pratt & Whitney Canada PT6A-20,1968,-,-, C-FBQJ, 143,Gateway Aviation,Unknown,-,-,-,-,-,Yellowknife Airport,YZF,CYZF,Canada,1,2,1,1,-,-,-
19760225-0,Wednesday,25-FEB-1976,-,A1, Landing (LDG),Managua-Las Mercedes Airport (MGA),Nicaragua,-,0, Damaged beyond repair,-,Curtiss C-46D-20-CU Commando,-,-,1945,-,-, AN-AOC, 22343,LANICA,Unknown,-,-,-,-,-,Managua-Las Mercedes Airport,MGA,MNMG,Nicaragua,-,-,0,0,-,-,-
19760229-0,Sunday,29-FEB-1976,-,H2, Standing (STD),Medellín-Enrique Olaya Herrera Airport (EOH),Colombia,18,1, Unknown,-,Saunders ST-27,-,-,1969,-,-, HK-1286, 001,ACES,Domestic Scheduled Passenger,-,Turbo-Gonzalo Mejía Airport,TRB,SKTU,Colombia,Medellín-Enrique Olaya Herrera Airport,EOH,SKMD,Colombia,3,15,0,1,-,-,-
19760301-0,Monday,01-MAR-1976,-,A1, Approach (APR),1 km (0.6 mls) W of Sibiu Airport (SBZ),Romania,9,6, Damaged beyond repair,-,VEB 14P,-,-,-,-,-, YR-ILO, 14803061,Tarom,Unknown,-,-,-,-,-,Sibiu Airport,SBZ,LRSB,Romania,-,-,3,3,-,-,-
19760302-2,Tuesday,02-MAR-1976,-,A1, Unknown (UNK),within Southeastern Bolivia,Bolivia,22,19, Damaged beyond repair,-,IAI Arava 201,-,-,1976,-,-, TAM-76, 024,TAM,Military,-,Camiri Airport,CAM,SLCA,Bolivia,-,-,-,-,-,-,-,-,-,-,-
19760306-0,Saturday,06-MAR-1976,00:58,A1, En route (ENR),near Verkhnyaya Khava,Russia,111,111, Destroyed, Written off (damaged beyond repair),Ilyushin Il-18E,-,-,1966,9082.0,21587.0, CCCP-75408, 186009201,Aeroflot / Armenia,Domestic Scheduled Passenger, 909,Moskva-Vnukovo Airport,VKO,UUWW,Russia,Yerevan Airport,EVN,UDYZ,Armenia,11,100,11,100,-,-,-
19760310-0,Wednesday,10-MAR-1976,-,A1, Landing (LDG),Saratov Airport (RTW),Russia,57,0, Damaged beyond repair,-,Antonov An-24RV,2,Ivchenko AI-24VT,1973,-,-, CCCP-46613, 373086610,Aeroflot / Privolzhsk,Domestic Scheduled Passenger,-,Ufa Airport,UFA,UWUU,Russia,Saratov Airport,RTW,UWSS,Russia,5,52,0,0,-,-,-
19760312-0,Friday,12-MAR-1976,10:40,A1, Landing (LDG),"Udrivik Lake, AK",United States of America,3,0, Damaged beyond repair,-,Lockheed L-188AF Electra,-,-,1959,-,-, N401FA, 1059,Great Northern Airlines,Cargo,-,Fairbanks International Airport,FAI,PAFA,United States of America,-,-,-,-,3,0,0,0,-,-,Final
19760313-0,Saturday,13-MAR-1976,-,A1, Standing (STD),Gago Coutinho,Angola,2,0, Damaged beyond repair,-,Fokker F-27 Friendship 600,-,-,1969,8930.0,10422.0, 9Q-CLO, 10395,Air Zaire,Cargo,-,-,-,-,-,-,-,-,-,2,0,0,0,-,-,-
19760316-1,Tuesday,16-MAR-1976,16:30,A1, Initial climb (ICL),"Poughkeepsie-Dutchess County Airport, NY (POU)",United States of America,9,0, Damaged beyond repair,-,Beechcraft 99A Airliner,2,Pratt & Whitney Canada PT6A-27,1969,-,-, N7997R, U-119,Command Airways,Domestic Scheduled Passenger,-,Poughkeepsie-Dutchess County Airport,POU,KPOU,United States of America,New York-John F. Kennedy International Airport,JFK,KJFK,United States of America,2,7,0,0,-,-,Final
19760317-0,Wednesday,17-MAR-1976,-,U1, Unknown (UNK),Puerto Cabezas Airport (PUZ),Nicaragua,-,0, Damaged beyond repair,-,Curtiss C-46A-35-CU Commando,2,Pratt & Whitney R-2800-51,1944,-,-, AN-BGU, 26755,LANICA,Unknown,-,-,-,-,-,-,-,-,-,-,-,0,0,-,-,-
19760318-0,Thursday,18-MAR-1976,-,A1, En route (ENR),near Havana,Cuba,5,5, Damaged beyond repair,-,Antonov An-24V,-,-,1966,-,-, CU-T879, 67302501,Cubana,Training,-,-,-,-,-,-,-,-,-,5,0,5,0,-,-,-
19760318-1,Thursday,18-MAR-1976,-,A1, Approach (APR),near Havana-José Martí International Airport (HAV),Cuba,29,0, Damaged beyond repair,-,Douglas DC-8-43,4,Rolls-Royce Conway 508-12,1961,-,-, CU-T1200, 45638/156,Air Canada,International Scheduled Passenger,CU455,Montreal-Mirabel International Airport,YMX,CYMX,Canada,Havana-José Martí International Airport,HAV,MUHA,Cuba,16,13,0,0,5,-,-
19760319-0,Friday,19-MAR-1976,-,C1, Standing (STD),Beirut International Airport (BEY),Lebanon,-,0, Damaged beyond repair,-,Yakovlev Yak-40S2,-,-,1975,-,-, YK-AQC, 9531743 ?,Syrian Arab Airlines,Official state flight,-,Beirut International Airport,BEY,OLBA,Lebanon,Damascus International Airport,DAM,OSDI,Syria,-,-,0,0,-,-,-
19760324-0,Wednesday,24-MAR-1976,07:35,A1, En route (ENR),53 km (33.1 mls) NE of Ashgabat Airport (ASB),Turkmenistan,6,6, Damaged beyond repair,-,Ilyushin Il-14LIK,-,-,1957,-,16199.0, CCCP-61756, 147001250,Aeroflot / Kazakstan,"Aerial Work (Calibration, Photo)",-,Ashgabat Airport,ASB,UTAA,Turkmenistan,Ashgabat Airport,ASB,UTAA,Turkmenistan,6,0,6,0,-,-,-
19760324-1,Wednesday,24-MAR-1976,-,O1, Standing (STD),Vientiane-Wattay (VTE),Laos,0,0, Damaged beyond repair,-,Douglas C-47B-35-DK (DC-3),2,Pratt & Whitney R-1830-90C,1945,-,-, XW-TDR, 33481/16733,Royal Air Lao,-,-,-,-,-,-,-,-,-,-,0,0,0,0,-,-,-
19760324-2,Wednesday,24-MAR-1976,-,O1, Standing (STD),Vientiane-Wattay (VTE),Laos,0,0, Damaged beyond repair,-,Douglas C-47A-DL (DC-3),-,-,1943,-,-, XW-TDF, 13906,Royal Air Lao,-,-,-,-,-,-,-,-,-,-,0,0,0,0,-,-,-
19760324-3,Wednesday,24-MAR-1976,-,O1, Standing (STD),Vientiane-Wattay (VTE),Laos,0,0, Damaged beyond repair,-,Douglas C-47A-90-DL (DC-3),2,Pratt & Whitney R-1830-92,1944,-,-, XW-TAF, 20328,Royal Air Lao,-,-,-,-,-,-,-,-,-,-,0,0,0,0,-,-,-
19760324-4,Wednesday,24-MAR-1976,-,O1, Standing (STD),Vientiane-Wattay (VTE),Laos,0,0, Damaged beyond repair,-,Douglas C-54A-15-DC (DC-4),-,-,1944,-,-, XW-PNI, 10420,Royal Air Lao,-,-,-,-,-,-,-,-,-,-,0,0,0,0,-,-,-
19760324-5,Wednesday,24-MAR-1976,-,O1, Standing (STD),Vientiane-Wattay (VTE),Laos,0,0, Damaged beyond repair,-,Douglas R5D-1 (DC-4),-,-,1944,-,-, XW-PNF, 10393,Royal Air Lao,-,-,-,-,-,-,-,-,-,-,0,0,0,0,-,-,-
19760324-6,Wednesday,24-MAR-1976,-,O1, Standing (STD),Vientiane-Wattay (VTE),Laos,0,0, Damaged beyond repair,-,Douglas C-54A-1-DO (DC-4),-,-,1943,-,-, XW-PND, 7460,Royal Air Lao,-,-,-,-,-,-,-,-,-,-,0,0,0,0,-,-,-
19760325-0,Thursday,25-MAR-1976,14:31,A1, Takeoff (TOF),"Chicago-Midway Airport, IL (MDW)",United States of America,4,4, Damaged beyond repair,-,Lockheed L-1329 JetStar I,-,-,-,-,-, N1EfM, 5077,International Air Service,Executive,-,Chicago-Midway Airport,MDW,KMDW,United States of America,San Jose Municipal Airport,SJC,KSJC,United States of America,2,2,2,2,-,-,Final
19760402-2,Friday,02-APR-1976,-,A1, Approach (APR),near Puerto Asis,Colombia,16,5, Damaged beyond repair,-,Douglas C-47 (DC-3),-,-,-,-,-, FAC-676,-,SATENA,Passenger,-,Florencia-Gustavo Artunduaga Paredes Airport,FLA,SKFL,Colombia,Puerto Asis Airport,PUU,SKAS,Colombia,2,14,1,4,-,-,-
19760405-0,Monday,05-APR-1976,08:19,A1, Landing (LDG),"Ketchikan International Airport, AK (KTN)",United States of America,57,1, Destroyed, Written off (damaged beyond repair),Boeing 727-81,3,Pratt & Whitney JT8D-7A,1965,-,25360.0, N124AS, 18821/124,Alaska Airlines,Domestic Scheduled Passenger,  60,Juneau International Airport,JNU,PAJN,United States of America,Ketchikan International Airport,KTN,PAKT,United States of America,7,50,0,1,-,-,Final
19760407-0,Wednesday,07-APR-1976,-,H2, Unknown (UNK),Benghazi,Libya,-,0, Unknown,-,BAC One-Eleven,-,-,-,-,-, registration unknown,-,Philippine Air Lines,Unknown,-,Cagayan de Oro-Lumbia Airport,CGY,RPML,Philippines,Mactan Island-Chicago Naval Air Base,NOP,RPVM,Philippines,-,-,0,0,-,-,-
19760409-0,Friday,09-APR-1976,03:27,A1, Initial climb (ICL),"Brighton, FL",United States of America,2,2, Damaged beyond repair,-,Lockheed 18 Lodestar,-,-,1943,-,-, N64E, 18-2397,The Connecticut National Bank,Unknown,-,-,-,-,-,-,-,-,-,2,0,2,0,-,-,Final
19760409-1,Friday,09-APR-1976,-,A1, Unknown (UNK),near Cobadin,Romania,2,2, Damaged beyond repair,-,Antonov An-2,-,-,-,-,-, YR-ANF, 1134(473)19,Aviatia Utilitara,Unknown,-,-,-,-,-,-,-,-,-,2,0,2,0,-,-,-
19760411-0,Sunday,11-APR-1976,-,A1, Unknown (UNK),near Kazachinsk,Russia,-,-, Damaged beyond repair,-,Antonov An-2TP,-,-,-,-,9233.0, CCCP-09675, 1G76-09,Aeroflot / East Siberia,Unknown,-,-,-,-,-,-,-,-,-,-,-,-,-,-,-,-
19760414-0,Wednesday,14-APR-1976,16:25,A1, En route (ENR),"35 km (21.9 mls) N of Cutral-Có , NE",Argentina,34,34, Destroyed, Written off (damaged beyond repair),Avro 748-105 Srs. 1,2,Rolls-Royce Dart 514,1962,24130.0,25753.0, LV-HHB, 1540,YPF,Domestic Non Scheduled Passenger,-,Rincón de Los Sauces Airport,RDS,SAHS,Argentina,Cutral Airport,CUT,SAZW,Argentina,3,31,3,31,-,-,Final
19760417-0,Saturday,17-APR-1976,-,A1, Takeoff (TOF),near Kursk,Russia,-,-, Damaged beyond repair,-,Antonov An-2SX,-,-,1960,22756.0,7750.0, CCCP-33170, 1145 473 04,Aeroflot / Uzbekistan,Unknown,-,-,-,-,-,-,-,-,-,-,-,-,-,-,-,-
19760422-0,Thursday,22-APR-1976,-,A1, Approach (APR),near Barranquilla Airport (BAQ),Colombia,4,0, Damaged beyond repair,-,Boeing 720-022,4,Pratt & Whitney JT3C-7,1960,-,-, N37777, 18044/178,US Global of Florida,Cargo,-,Bogotá-Eldorado Airport,BOG,SKBO,Colombia,Barranquilla-Soledad Airport,BAQ,SKBQ,Colombia,4,0,0,0,-,-,-
19760422-1,Thursday,22-APR-1976,-,A1, Unknown (UNK),near Tula,Russia,-,0, Damaged beyond repair,-,Antonov An-2R,-,-,-,-,-, CCCP-01626, 1G82-20,Aeroflot,Unknown,-,-,-,-,-,-,-,-,-,-,-,0,0,-,-,-
19760423-0,Friday,23-APR-1976,-,U1, Unknown (UNK),Massawa Airport (MSW),Eritrea,-,-, Damaged beyond repair,-,Douglas C-47A-25-DK (DC-3),2,Pratt & Whitney R-1830-92,1944,-,33172.0, ET-AAS, 13454,Ethiopian Airlines,-,-,-,-,-,-,-,-,-,-,-,-,-,-,-,-,-
19760424-0,Saturday,24-APR-1976,19:45,H2, En route (ENR),Bogotá-Eldorado Airport (BOG),Colombia,-,0, Unknown,-,Boeing 727-59,-,-,1967,-,-, HK-1400, 19662/484,Avianca,Domestic Scheduled Passenger,-,Pereira Airport,PEI,SKPE,Colombia,Bogotá-Eldorado Airport,BOG,SKBO,Colombia,-,-,0,0,-,-,-
19760427-0,Tuesday,27-APR-1976,-,A1, Approach (APR),Boscombe Down RAF Station,United Kingdom,3,2, Damaged beyond repair,-,Armstrong Whitworth AW-660 Argosy C.1,-,-,1962,-,-, XR105, 6783,RAF,Military,-,-,-,-,-,-,-,-,-,3,0,2,0,-,-,-
19760427-1,Tuesday,27-APR-1976,15:10,A1, Landing (LDG),Saint Thomas-Harry S. Truman Airport (STT),U.S. Virgin Islands,88,37, Damaged beyond repair,-,Boeing 727-95,3,Pratt & Whitney JT8D-7A,1967,-,21926.0, N1963, 19837/499,American Airlines,International Scheduled Passenger,AA625,New York-John F. Kennedy International Airport,JFK,KJFK,United States of America,Saint Thomas-Harry S.Truman Airport,STT,TIST,U.S. Virgin Islands,7,81,2,35,-,-,Final
19760427-2,Tuesday,27-APR-1976,14:58,A1, En route (ENR),"Upolu Point, HI",United States of America,2,0, Damaged beyond repair,-,de Havilland Canada DHC-3 Otter,-,-,1958,-,-, N35310, 293,Horizon Air Service,Domestic Non Scheduled Passenger,-,Waimea-Kohala Airport,MUE,PHMU,United States of America,Honolulu International Airport,HNL,PHNL,United States of America,1,1,0,0,-,-,Final
19760428-0,Wednesday,28-APR-1976,-,A1, Landing (LDG),Entebbe Airport (EBB),Uganda,2,0, Damaged beyond repair,-,de Havilland Canada DHC-4 Caribou,-,-,1965,-,1953.0, 5X-AAB, 222,Uganda Police,Training,-,Entebbe Airport,EBB,HUEN,Uganda,Entebbe Airport,EBB,HUEN,Uganda,2,0,0,0,-,-,Final
19760430-0,Friday,30-APR-1976,-,H2, En route (ENR),Paris-Orly Airport (ORY),France,264,0, Unknown,-,McDonnell Douglas DC-10-10,-,-,1973,-,-, TC-JAY, 46907/78,THY,International Scheduled Passenger,-,Paris-Orly Airport,ORY,LFPO,France,Istanbul-Yesilköy Airport,IST,LTBA,Turkey,11,253,0,0,-,-,-
19760502-1,Sunday,02-MAY-1976,-,U1, Unknown (UNK),Djanet-Inedbirenne Airport (DJG),Algeria,-,0, Damaged beyond repair,-,Convair CV-640,-,-,1957,-,-, 7T-VAH, 408,Air Algérie,Unknown,-,-,-,-,-,-,-,-,-,-,-,0,0,-,-,-
19760502-2,Sunday,02-MAY-1976,-,A1, Approach (APR),Rubelsanto Airport (RUV),Guatemala,-,0, Damaged beyond repair,-,Douglas DC-6BF,-,-,1958,-,-, YS-35C, 45323/954,TACA,Cargo,-,-,-,-,-,Rubelsanto Airport,RUV,MGRB,Guatemala,-,0,0,0,-,-,-
19760503-0,Monday,03-MAY-1976,-,A1, Initial climb (ICL),1 km (0.6 mls) from  Monze,Zambia,11,11, Damaged beyond repair,-,de Havilland Canada DHC-6 Twin Otter 300,2,Pratt & Whitney Canada PT6A-27,1974,-,-, C-GDHA, 428,de Havilland Canada,Demonstration,-,-,-,-,-,-,-,-,-,1,10,1,10,-,-,-
19760505-0,Wednesday,05-MAY-1976,-,A2, Unknown (UNK),Camuigan,Philippines,10,4, Substantial, Repaired,Britten-Norman BN-2A-21 Islander,2,Lycoming IO-540-K1B5,1975,-,-, RP-C2140, 450,Philippine Aerotransport,Unknown,-,-,-,-,-,-,-,-,-,-,-,-,-,-,-,-
19760505-1,Wednesday,05-MAY-1976,-,A1, Unknown (UNK),S of Kisangani,Democratic Republic of the Congo,1,1, Damaged beyond repair,-,Dornier Do 28D-1 Skyservant,-,-,-,-,-, 9Q-CDZ, 4051,Danzer Zaïre,Unknown,-,-,-,-,-,-,-,-,-,1,0,1,0,-,-,-
19760509-0,Sunday,09-MAY-1976,14:35,A1, En route (ENR),near Madrid,Spain,17,17, Damaged beyond repair,-,Boeing 747-131F,4,Pratt & Whitney JT9D-7A,1970,-,-, 5-8104, 19677/73,Iran AF,Cargo,  48,Tehran-Mehrabad Airport,THR,OIII,Iran,Madrid-Torrejón AFB,TOJ,LETO,Spain,10,7,10,7,-,-,Final
19760513-0,Thursday,13-MAY-1976,-,O1, Standing (STD),"Fairbanks International Airport, AK (FAI)",United States of America,0,0, Damaged beyond repair,-,de Havilland Canada DHC-6 Twin Otter 200,2,Pratt & Whitney Canada PT6A-20,1969,-,-, N1456T, 212,ERA Helicopters,Unknown,-,-,-,-,-,-,-,-,-,0,0,0,0,-,-,-
19760514-0,Friday,14-MAY-1976,-,A1, Takeoff (TOF),"Lynn Lake, MB",Canada,-,0, Damaged beyond repair,-,de Havilland Canada DHC-3 Otter,-,-,1956,-,-, CF-PNV, 126,La Ronge Aviation Services,Unknown,-,Lynn Lake Airport,YYL,CYYL,Canada,-,-,-,-,-,-,0,0,-,-,-
19760515-0,Saturday,15-MAY-1976,10:48,A1, En route (ENR),15 km (9.4 mls) SE of Chernigov,Ukraine,52,52, Destroyed, Written off (damaged beyond repair),Antonov An-24RV,2,Ivchenko AI-24VT,1975,2328.0,2976.0, CCCP-46534, 57310108,Aeroflot / Ukraine,Domestic Scheduled Passenger,1802,Vinnitsa Airport,VIN,UKWW,Ukraine,Moskva-Bykovo Airport,BKA,UUBB,Russia,6,46,6,46,-,-,-
19760516-0,Sunday,16-MAY-1976,-,A1, Maneuvering (MNV),near Semipalatinsk,Kazakhstan,1,1, Damaged beyond repair,-,Antonov An-2SX,-,-,-,20533.0,8766.0, CCCP-79935, 1167 473 13,Aeroflot / Kazakstan,Agricultural,-,-,-,-,-,-,-,-,-,1,0,1,0,-,-,-
19760519-0,Wednesday,19-MAY-1976,-,A1, Unknown (UNK),near Alaverdi,Armenia,-,0, Damaged beyond repair,-,Antonov An-2R,-,-,-,-,-, CCCP-03547, 1G47-16,Aeroflot / Armenia,Unknown,-,-,-,-,-,-,-,-,-,-,-,0,0,-,-,-
19760519-2,Wednesday,19-MAY-1976,-,A1, Landing (LDG),Belize City,Belize,3,0, Damaged beyond repair,-,Lockheed L-1049H Super Constellation,-,-,1958,-,-, N468C, 4846,F & B Livestock,Ferry/positioning,-,-,-,-,-,Miami International Airport,MIA,KMIA,United States of America,3,0,0,0,-,-,-
19760520-1,Thursday,20-MAY-1976,-,A2, Landing (LDG),Nassau International Airport (NAS),Bahamas,-,0, Substantial, Written off (damaged beyond repair),Curtiss C-46,-,-,-,-,-, registration unknown,-,Air Haiti,Unknown,-,-,-,-,-,-,-,-,-,-,-,0,0,-,-,-
19760520-2,Thursday,20-MAY-1976,-,A1, Unknown (UNK),"Asbestos Hill Airport, QC (YAF)",Canada,-,-, Damaged beyond repair,-,Douglas C-47-DL (DC-3),2,Pratt & Whitney R-1830-92,1943,-,-, CF-FKZ, 9052,Survair,Unknown,-,-,-,-,-,-,-,-,-,-,-,-,-,-,-,-
19760523-0,Sunday,23-MAY-1976,-,A1, Unknown (UNK),Charmanli,Bulgaria,2,2, Damaged beyond repair,-,Antonov An-2,-,-,-,-,-, LZ-...,-,Unknown,Unknown,-,-,-,-,-,-,-,-,-,2,0,2,0,-,-,-
19760523-1,Sunday,23-MAY-1976,-,H1, Standing (STD),Zamboanga Airport (ZAM),Philippines,87,13, Damaged beyond repair,-,BAC One-Eleven 527FK,-,-,1970,-,-, RP-C1161, 213,Philippine Air Lines,Domestic Scheduled Passenger,PR116,Davao City-Francisco Bangoy International Airport,DVO,RPMD,Philippines,Manila International Airport,MNL,RPLL,Philippines,5,82,0,13,-,-,-
19760531-0,Monday,31-MAY-1976,-,A1, Taxi (TXI),Massawa Airport (MSW),Eritrea,-,-, Damaged beyond repair,-,Douglas C-47B-5-DK (DC-3),2,Pratt & Whitney R-1830-90C,1944,-,32682.0, ET-ADC, 26162/14717,Ethiopian Airlines,Unknown,-,-,-,-,-,-,-,-,-,-,-,-,-,-,-,-
19760601-0,Tuesday,01-JUN-1976,-,A1, Unknown (UNK),at an unknown location,Unknown country,-,-, Damaged beyond repair,-,CASA C-212 Aviocar 100,-,-,1974,-,-, T.12B-11, 11,Spanish AF,Military,-,-,-,-,-,-,-,-,-,-,-,-,-,-,-,-
19760601-2,Tuesday,01-JUN-1976,-,A1, En route (ENR),Macías Nguema Biyogo Island,Equatorial Guinea,45,45, Destroyed, Written off (damaged beyond repair),Tupolev Tu-154A,3,Kuznetsov NK-8-2U,1975,1069.0,2119.0, CCCP-85102, 75A102,Aeroflot / International,International Scheduled Passenger, 418,Malabo-Santa Isabel Airport,SSG,FGSL,Equatorial Guinea,Tripoli International Airport,TIP,HLLT,Libya,10,35,10,35,-,-,-
19760604-0,Friday,04-JUN-1976,14:47,A1, Initial climb (ICL),"1,5 km (0.9 mls) NE of Guam-Agana NAS (NGM)",Guam,45,45, Damaged beyond repair,-,Lockheed L-188A Electra,4,Allison 501-D13,1958,-,-, RP-C1061, 1007,Air Manila Int.,Int'l Non Scheduled Passenger, 702,-,-,-,-,Manila International Airport,MNL,RPLL,Philippines,12,33,12,33,-,1,Final
19760606-0,Sunday,06-JUN-1976,07:42,A1, Approach (APR),3 km (1.9 mls) off  Kota Kinabalu Airport (BKI),Malaysia,11,11, Destroyed, Written off (damaged beyond repair),GAF Nomad N.22B,-,-,1975,-,-, 9M-ATZ,  14,Sabah Air,Domestic Non Scheduled Passenger,-,Labuan Airport,LBU,WBKL,Malaysia,Kota Kinabalu Airport,BKI,WBKK,Malaysia,1,10,1,10,-,-,-
19760606-1,Sunday,06-JUN-1976,-,A1, En route (ENR),Kama River,Russia,4,4, Damaged beyond repair,-,Lisunov Li-2,-,-,1952,-,5445.0, CCCP-13345, 23441901,MAP Zhukovski,Cargo,-,-,-,-,-,Tyumen Airport,TJM,USTR,Russia,4,0,4,0,-,-,-
19760607-1,Monday,07-JUN-1976,-,A2, Takeoff (TOF),Kinshasa-N'Djili Airport (FIH),Democratic Republic of the Congo,139,0, Substantial, Repaired,McDonnell Douglas DC-10-30,-,-,1975,-,-, HB-IHH, 46582/187,Swissair,International Scheduled Passenger,-,Kinshasa-N'Djili Airport,FIH,FZAA,Democratic Republic of the Congo,-,-,-,-,15,124,0,0,-,-,-
19760609-0,Wednesday,09-JUN-1976,-,A1, Unknown (UNK),near Anadyr,Russia,-,0, Damaged beyond repair,-,Antonov An-2,-,-,-,-,-, CCCP-23743,-,Aeroflot / Magadan,Unknown,-,-,-,-,-,-,-,-,-,-,-,0,0,-,-,-
19760611-0,Friday,11-JUN-1976,-,A1, Unknown (UNK),"between Pauana and Alto Solimões, AM",Brazil,-,3, Damaged beyond repair,-,Douglas C-47A-90-DL (DC-3),2,Pratt & Whitney R-1830-92,1944,-,-, PP-AJC, 20402,RICO,Unknown,-,-,-,-,-,-,-,-,-,-,-,-,-,-,-,-
19760612-0,Saturday,12-JUN-1976,13:32,A1, Unknown (UNK),4 km (2.5 mls) from  Nizhneangarsk Airport,Russia,7,5, Damaged beyond repair,-,Antonov An-2R,-,-,-,-,6144.0, CCCP-32464, 1G99-31,Aeroflot / East Siberia,Unknown,-,-,-,-,-,-,-,-,-,2,5,2,3,-,-,-
19760620-0,Sunday,20-JUN-1976,-,A1, Maneuvering (MNV),"Engels district, Saratov region",Russia,2,2, Damaged beyond repair,-,Antonov An-2R,-,-,1971,9507.0,3285.0, CCCP-70819, 1G133-22,Aeroflot / Privolzhsk,Agricultural,-,-,-,-,-,-,-,-,-,2,0,2,0,-,-,-
19760623-0,Wednesday,23-JUN-1976,17:12,A1, Approach (APR),"Philadelphia International Airport, PA (PHL)",United States of America,106,0, Damaged beyond repair,-,McDonnell Douglas DC-9-31,2,Pratt & Whitney JT8D-7A,1969,-,21320.0, N994VJ, 47333/481,Allegheny Airlines,Domestic Scheduled Passenger, 121,Windsor Locks-Bradley International Airport,BDL,KBDL,United States of America,Philadelphia International Airport,PHL,KPHL,United States of America,4,102,0,0,-,-,Final
19760626-0,Saturday,26-JUN-1976,08:11,A1, Unknown (UNK),Kazan,Russia,11,1, Damaged beyond repair,-,Antonov An-2,-,-,1971,-,4323.0, CCCP-70764, 1G132-19,Aeroflot / Privolzhsk,Domestic Scheduled Passenger,349,-,-,-,-,-,-,-,-,2,9,1,0,-,-,-
19761216-1,Thursday,16-DEC-1976,-,A1, Landing (LDG),"Juan de Fuca, BC",Canada,16,0, Damaged beyond repair,-,de Havilland Canada DHC-6 Twin Otter 100,2,Pratt & Whitney Canada PT6A-20,1966,-,-, C-FAJB,  19,Airwest Airlines,Domestic Scheduled Passenger,-,Vancouver-Coal Harbour SPB,CXH,CYHC,Canada,-,-,-,-,2,14,0,0,-,-,-
19761216-2,Thursday,16-DEC-1976,03:30,A1, Takeoff (TOF),"Miami International Airport, FL (MIA)",United States of America,3,0, Damaged beyond repair,-,Convair CV-880-22M-22,-,-,1961,-,-, N5865, 22-7-5-57,Air Trine Inc,Cargo,-,Miami International Airport,MIA,KMIA,United States of America,-,-,-,-,3,0,0,0,-,-,Final
19761216-3,Thursday,16-DEC-1976,-,A1, Maneuvering (MNV),20 km (12.5 mls) NW of Zaporozhye Airport (OZH),Ukraine,5,5, Damaged beyond repair,-,Yakovlev Yak-40,3,Ivchenko AI-25,1971,-,-, CCCP-87638, 9141919,Aeroflot / Ukraine,Training,-,Zaporozhye Airport,OZH,UKDE,Ukraine,Zaporozhye Airport,OZH,UKDE,Ukraine,5,0,5,0,-,-,-
19761217-0,Friday,17-DEC-1976,21:30,A1, Approach (APR),1 km (0.6 mls) from  Kiev-Zhulhyany Airport (IEV),Ukraine,55,48, Damaged beyond repair,-,Antonov An-24,-,-,1963,24754.0,27244.0, CCCP-46722, 37300302,Aeroflot / Ukraine,Domestic Scheduled Passenger,-,Chernovtsy Airport,CWC,UKLN,Ukraine,Kiev-Zhulhyany Airport,IEV,UKKK,Ukraine,5,50,4,44,-,-,-
19761217-1,Friday,17-DEC-1976,19:40,A1, Initial climb (ICL),"1,5 km (0.9 mls) NW of Ust-Kut Airport",Russia,7,7, Destroyed, Written off (damaged beyond repair),Yakovlev Yak-40,3,Ivchenko AI-25,1976,348.0,327.0, CCCP-88208, 9631349,Aeroflot / East Siberia,Cargo,-,Ust-Kut Airport,UKX,UITT,Russia,-,-,-,-,3,4,3,4,-,-,-
19761218-0,Saturday,18-DEC-1976,16:56,A1, Approach (APR),12 km (7.5 mls) E of Yuzhno-Sakhalinsk Airport (UUS),Russia,10,8, Damaged beyond repair,-,Ilyushin Il-14RR,-,-,1957,4927.0,6627.0, CCCP-61752, 147001247,Aeroflot / Far East,Survey/research,-,Petropavlovsk-Kamchatsky Airport,PKC,UHPP,Russia,Yuzhno-Sakhalinsk Airport,UUS,UHSS,Russia,5,5,5,3,-,-,-
19761221-0,Tuesday,21-DEC-1976,-,A1, Approach (APR),near Shiraz Airport (SYZ),Iran,9,9, Damaged beyond repair,-,Lockheed C-130H Hercules,-,-,1972,-,-, 5-8536, 4463,Iran AF,Military,-,-,-,-,-,Shiraz Airport,SYZ,OISS,Iran,-,-,-,-,-,-,-
19761221-1,Tuesday,21-DEC-1976,-,H2, Standing (STD),"San Francisco International Airport, CA (SFO)",United States of America,3,0, None,-,McDonnell Douglas DC-8,-,-,-,-,-, registration unknown,-,United Airlines,-,-,-,-,-,-,-,-,-,-,-,-,0,0,-,-,-
19761221-2,Tuesday,21-DEC-1976,-,A1, Maneuvering (MNV),near Seshcha,Russia,7,7, Destroyed, Written off (damaged beyond repair),Antonov An-22A,4,Kuznetsov NK-12MA,1973,-,-, CCCP-09318, 03340501,Soviet AF,Test,-,-,-,-,-,-,-,-,-,7,0,7,0,-,-,-
19761225-0,Saturday,25-DEC-1976,03:45,A1, Approach (APR),ca 2 km NE of Bangkok-Don Muang International Airport (BKK),Thailand,52,52, Damaged beyond repair,-,Boeing 707-366C,4,Pratt & Whitney JT3D-7,1973,-,-, SU-AXA, 20763/871,EgyptAir,International Scheduled Passenger,MS864,Bombay-Santacruz Airport,BOM,VABB,India,Bangkok-Don Muang International Airport,BKK,VTBD,Thailand,9,43,9,43,-,19,-
19761227-0,Monday,27-DEC-1976,-,A1, Takeoff (TOF),San Ramón Airport (SRD),Bolivia,6,6, Damaged beyond repair,-,Fairchild C-82A Packet,-,-,-,-,-, CP-983, 10147,Transportes Aéreos Itenez,Cargo,-,San Ramon Airport,SRD,SLRA,Bolivia,-,-,-,-,4,2,4,2,-,-,-
19761227-2,Monday,27-DEC-1976,-,A1, Unknown (UNK),Sinaloa de Leyva,Mexico,-,0, Damaged beyond repair,-,Lockheed 18-50 Lodestar,-,-,1940,-,-, N260H, 18-2039,private,Illegal Flight,-,-,-,-,-,-,-,-,-,-,-,0,0,-,-,-
19761230-0,Thursday,30-DEC-1976,-,A1, En route (ENR),27 km (16.9 mls) N of Trujillo Airport (TRU),Peru,24,24, Damaged beyond repair,-,Douglas C-54A-1-DO (DC-4),-,-,1944,-,-, OB-R-247, 7462,Faucett,Domestic Scheduled Passenger,-,Trujillo Airport,TRU,SPRU,Peru,Tarapoto Airport,TPP,SPST,Peru,5,19,5,19,-,-,-
19761230-1,Thursday,30-DEC-1976,-,U1, Unknown (UNK),Mara,Indonesia,-,-, Damaged beyond repair,-,IRMA/Britten-Norman BN-2A-3 Islander,-,-,1972,-,-, PK-KNC, 663,Bali Int. Air Service,Unknown,-,-,-,-,-,-,-,-,-,-,-,-,-,-,-,-
19761299-0,-,xx-DEC-1976,-,O1, Standing (STD),Tashkent Airport (TAS),Uzbekistan,-,-, Damaged beyond repair,-,Ilyushin Il-18V,-,-,1962,12924.0,26279.0, LZ-BEL, 182004601,Balkan Bulgarian,-,-,-,-,-,-,-,-,-,-,-,-,-,-,-,-,-
19769999-0,-,xx-xxx-1976,-,U1, Unknown (UNK),at an unknown location,Unknown country,-,-, Damaged beyond repair,-,Convair CV-440-86,-,-,1957,-,-, CP-1008, 437,Servicio Aéreo San Francisco,Unknown,-,-,-,-,-,-,-,-,-,-,-,-,-,-,-,-
19769999-3,-,xx-xxx-1976,-,A1, Landing (LDG),Kiev-Borispol Airport (KBP),Ukraine,-,0, Damaged beyond repair,-,Tupolev Tu-154,-,-,1971,-,-, CCCP-85020, 71A020,Aeroflot / International,Unknown,-,-,-,-,-,Kiev-Borispol Airport,KBP,UKBB,Ukraine,-,-,0,0,-,-,-
19769999-4,-,xx-xxx-1976,-,A1, Landing (LDG),Kiev-Borispol Airport (KBP),Ukraine,-,-, Damaged beyond repair,-,Tupolev Tu-104A,2,Mikulin AM-3M,-,-,-, CCCP-42371, 96601401,Aeroflot / East Siberia,Unknown,-,-,-,-,-,Kiev-Borispol Airport,KBP,UKBB,Ukraine,-,-,-,-,-,-,-
19769999-5,-,xx-xxx-1976,-,U1, Unknown (UNK),at an unknown location,Unknown country,-,-, Damaged beyond repair,-,Antonov An-2R,-,-,-,-,-, SP-WCH, 1G126-23,WSK Okecie,Unknown,-,-,-,-,-,-,-,-,-,-,-,-,-,-,-,-
19769999-6,-,xx-xxx-1976,-,U1, Unknown (UNK),at an unknown location,Unknown country,-,-, Damaged beyond repair,-,Antonov An-2R,-,-,-,-,-, SP-WMP, 1G156-30,ZUA,Unknown,-,-,-,-,-,-,-,-,-,-,-,-,-,-,-,-
19769999-8,-,xx-xxx-1976,-,U1, Unknown (UNK),unknown,Unknown country,-,-, Damaged beyond repair,-,Douglas DC-3C,-,-,1944,-,-, CF-DXO, 12437,Kenting Aviation,Unknown,-,-,-,-,-,-,-,-,-,-,-,-,-,-,-,-
19769999-9,-,xx-xxx-1976,-,U1, Unknown (UNK),unknown,Unknown country,-,-, Damaged beyond repair,-,Antonov An-12B,-,-,-,-,-, CCCP-11103, 01347705,Aeroflot / Northern,Unknown,-,-,-,-,-,-,-,-,-,-,-,-,-,-,-,-
