identifiant,week_day,date,time,type_event,phase,location,country,total_occupants,total_fatalities,aircraft_damage,aircraft_fate,type_aircraft,number_engines,type_engines,first_flight,cycles,total_airframe_hours,registration,c_n_msn,operator,nature,flight_number,departure_airport_name,departure_airport_IATA,departure_airport_ICAO,departure_airport_country,destination_airport_name,destination_airport_IATA,destination_airport_ICAO,destination_airport_country,crew_number,passengers_number,crew_fatalities,passengers_fatalities,collision_casualties,ground_casualties,status
20040712-0,Monday,12-JUL-2004,07:15,A1, En route (ENR),"54 km (33.8 mls) S off  Beef Island, British Virgin Islands [Caribbean Sea]",Atlantic Ocean,2,1, Damaged beyond repair,-,Convair CV-440,2,Pratt & Whitney R-2800,1956,-,45750.0, N4826C, 391,Dodita Air Cargo,Cargo,-,San Juan-Luis Muñoz Marín International Airport,SJU,TJSJ,Puerto Rico,Sint Maarten-Juliana Airport,SXM,TNCM,Sint Maarten,2,0,1,0,-,-,Final
20040712-1,Monday,12-JUL-2004,23:00,A1, Landing (LDG),"Fort Vermilion Airport, AB",Canada,5,0, Substantial, Written off (damaged beyond repair),Beechcraft 100 King Air,2,Pratt & Whitney Canada PT6A-28,1970,-,-, C-FQOV, B-38,Little Red Air Service,Ambulance,  913M,Grande Prairie Airport,YQU,CYQU,Canada,-,-,-,-,2,3,0,0,-,-,Preliminary - official
20040713-0,Tuesday,13-JUL-2004,19:20,A1, Landing (LDG),Nevis-Newcastle Airport (NEV),St. Kitts and Nevis,4,0, Damaged beyond repair,-,Learjet 35A,2,Garrett TFE731-2-2B,1981,-,9899.0, N829CA, 35A-459,Aviation Jet Charters,Ambulance,-,Sint Maarten-Juliana Airport,SXM,TNCM,Sint Maarten,Nevis-Newcastle Airport,NEV,TKPN,St. Kitts and Nevis,2,2,0,0,-,-,Final
20040716-0,Friday,16-JUL-2004,13:24,A1, Landing (LDG),Østre Æra Airport,Norway,2,0, Damaged beyond repair,-,Antonov An-28,2,Glushenkov TVD-10B,1991,-,-, YL-KAB, 1AJ009-15,Rigas Aeroklubs,Parachuting,-,-,-,-,-,-,-,-,-,2,0,0,0,-,-,Final
20040719-0,Monday,19-JUL-2004,11:37,A1, Landing (LDG),"Fort Lauderdale-Executive Airport, FL (FXE)",United States of America,2,0, Substantial, Written off (damaged beyond repair),Learjet 55,2,Garrett TFE731-3,1984,-,6318.0, N55LF, 55-112,Hop-A-Jet Inc,Ferry/positioning,-,Fort Lauderdale International Airport,FLL,KFLL,United States of America,Fort Lauderdale-Executive Airport,FXE,KFXE,United States of America,2,0,0,0,-,-,Final
20040721-0,Wednesday,21-JUL-2004,19:33,A1, Takeoff (TOF),Mexico City-Juarez International Airport (MEX),Mexico,56,0, Damaged beyond repair,-,McDonnell Douglas DC-9-14,2,Pratt & Whitney JT8D-7A,1967,102000.0,96300.0, XA-BCS, 47043/88,Aero California,Domestic Scheduled Passenger, 706,Mexico City-Benito Juárez International Airport,MEX,MMMX,Mexico,Durango-Guadalupe Victoria Airport,DGO,MMDO,Mexico,4,52,0,0,-,-,Preliminary
20040723-0,Friday,23-JUL-2004,09:30,A1, Landing (LDG),El Jaguey,El Salvador,-,0, Damaged beyond repair,-,Basler BT-67 Turbo 67 (DC-3T),2,Pratt & Whitney Canada PT6A-67R,1944,-,-, FAS117, 13964/25409,Salvadorian AF,Military,-,-,-,-,-,-,-,-,-,-,24,0,0,-,-,-
20040724-0,Saturday,24-JUL-2004,-,A1, Landing (LDG),near Punto Fijo,Venezuela,-,0, Damaged beyond repair,-,Beechcraft 300 Super King Air 350,-,-,1998,-,-, YV-910CP, FL-206,Wyngs Aviation,Illegal Flight,-,-,-,-,-,-,-,-,-,-,-,0,0,-,-,-
20040725-0,Sunday,25-JUL-2004,00:28,A2, Landing (LDG),Istanbul-Atatürk Airport (IST),Turkey,108,0, Substantial, Repaired,Fokker 100,2,Rolls-Royce Tay 650-15,1992,-,-, TC-IEC, 11410,Inter Airlines,Int'l Non Scheduled Passenger,-,Düsseldorf Airport,DUS,EDDL,Germany,Istanbul-Atatürk International Airport,IST,LTBA,Turkey,6,102,0,0,-,-,Preliminary
20040726-0,Monday,26-JUL-2004,-,H2, En route (ENR),Zhengzhou Airport (CGO),China,108,0, None,-,Boeing 737,-,-,-,-,-, registration unknown,-,Air China,Domestic Scheduled Passenger,1343,Beijing-Capital Airport,PEK,ZBAA,China,Changsha-Huanghua Airport,CSX,ZGHA,China,-,-,0,0,-,-,Preliminary
20040728-0,Wednesday,28-JUL-2004,13:30,A1, Landing (LDG),Mexicali Airport (MXL),Mexico,6,0, Damaged beyond repair,-,Rockwell Sabreliner 60,-,-,1976,-,-, XC-PFN, 306-111,Mexican Federal Police,Executive,-,Tijuana-Rodriguez Airport,TIJ,MMTJ,Mexico,Mexicali Airport,MXL,MMML,Mexico,2,4,0,0,-,-,-
20040729-0,Thursday,29-JUL-2004,10:30,A1, En route (ENR),near Ononge,Papua New Guinea,3,2, Damaged beyond repair,-,de Havilland Canada DHC-6 Twin Otter 300,2,Pratt & Whitney Canada PT6A-27,1973,-,-, P2-MBA, 353,Airlines PNG,Cargo,-,Port Moresby-Jacksons International Airport,POM,AYPY,Papua New Guinea,-,-,-,-,3,0,2,0,-,-,Preliminary
20040729-1,Thursday,29-JUL-2004,-,A1, Landing (LDG),Beni Mavivi,Democratic Republic of the Congo,-,-, Damaged beyond repair,-,Antonov An-28,-,-,1985,-,-, ES-ELI, 1AJ002-06,Flying Air Service,Unknown,-,-,-,-,-,Beni Airport,BNC,FZNP,Democratic Republic of the Congo,-,-,-,-,-,-,-
20040799-0,-,xx-JUL-2004,-,U1, Unknown (UNK),unknown,Unknown country,-,-, Damaged beyond repair,-,Lockheed KC-130F Hercules,-,-,1962,-,-, 149811, 3711,USMC,Military,-,-,-,-,-,-,-,-,-,-,-,-,-,-,-,-
20040805-0,Thursday,05-AUG-2004,16:48,A2, Landing (LDG),San Carlos de Río Negro Airport,Venezuela,12,0, Substantial,-,CASA C-212A-27 Aviocar 200,-,-,1981,-,-, ARBV-0206, 183,Venezuela Navy,Military,-,Puerto Ayacucho Airport,PYH,SVPA,Venezuela,-,-,-,-,-,-,0,0,-,-,Preliminary
20040807-1,Saturday,07-AUG-2004,-,A2, Landing (LDG),Santa Cruz-Viru Viru International Airport (VVI),Bolivia,-,0, Substantial, Repaired,Boeing 767-3P6ER,2,General Electric CF6-80C2B4,1986,-,-, CP-2425, 23764/158,LAB,International Scheduled Passenger,-,Miami International Airport,MIA,KMIA,United States of America,Santa Cruz-Viru Viru International Airport,VVI,SLVR,Bolivia,-,-,0,0,-,-,Preliminary
20040810-0,Tuesday,10-AUG-2004,-,A1, Landing (LDG),Playa de la Ventanilla,Mexico,3,1, Damaged beyond repair,-,Grumman HU-16A Albatross,-,-,1950,-,-, XB-JHH, G-32,Unknown,Illegal Flight,-,-,-,-,-,-,-,-,-,3,0,1,0,-,-,-
20040811-0,Wednesday,11-AUG-2004,14:23,A1, Takeoff (TOF),Freetown-Lungi International Airport (FNA),Sierra Leone,127,0, Damaged beyond repair,-,Boeing 737-205 Advanced,2,Pratt & Whitney JT8D-17,1986,-,-, 3X-GCM, 23469/1266,Air Guinee Express,International Scheduled Passenger,-,Freetown-Lungi International Airport,FNA,GFLL,Sierra Leone,Conakry Airport,CKY,DGCY,Guinea,8,119,0,0,-,-,Preliminary
20040813-0,Friday,13-AUG-2004,00:49,A1, Approach (APR),"1 km (0.6 mls) S of Cincinnati/Northern Kentucky Airport, KY (CVG)",United States of America,2,1, Damaged beyond repair,-,Convair CV-580,2,Allison 501-D13D,1953,-,67886.0, N586P, 68,Air Tahoma,Cargo, 185,Memphis International Airport,MEM,KMEM,United States of America,Cincinnati/Northern Kentucky Airport,CVG,KCVG,United States of America,2,0,1,0,-,-,Final
20040813-1,Friday,13-AUG-2004,21:30,O1, Standing (STD),"Orlando-Herndon Airport, FL (ORL)",United States of America,0,0, Damaged beyond repair,-,Douglas DC-3,-,-,1942,-,-, N22RB, 4926,private,-,-,-,-,-,-,-,-,-,-,0,0,0,0,-,-,- (No safety board investigation)
20040813-5,Friday,13-AUG-2004,-,O1, Standing (STD),"Punta Gorda-Charlotte County Airport, FL (PGD)",United States of America,0,0, Damaged beyond repair,-,Douglas DC-3C,-,-,1944,-,-, N130D, 19800,Florida Air Cargo,-,-,-,-,-,-,-,-,-,-,0,0,0,0,-,-,-
20040816-0,Monday,16-AUG-2004,08:35,A1, En route (ENR),ca. 9 km W of Panama-Albrook Marcos A. Gelabert International Airport (BLB),Panama,7,0, Damaged beyond repair,-,Cessna 208B Grand Caravan,1,Pratt & Whitney Canada PT6A-114A,1997,-,-, HP-1397APP, 208B0613,AeroPerlas,Domestic Scheduled Passenger,-,Panama City Albrook-Marcos A. Gelabert International Airport,PAC,MPMG,Panama,Chitré Airport,CTD,MPCE,Panama,2,5,0,0,-,-,Preliminary - official
20040817-0,Tuesday,17-AUG-2004,23:40,A1, En route (ENR),"11 km (6.9 mls) NE of Neihart, MT",United States of America,2,2, Destroyed, Written off (damaged beyond repair),Beechcraft 99 Airliner,2,Pratt & Whitney Canada PT6A-27,1968,-,40521.0, N199GL, U-15,Alpine Aviation,Cargo,5071,Billings-Logan International Airport,BIL,KBIL,United States of America,Kalispell-Glacier National Park Airport,FCA,KFCA,United States of America,1,1,1,1,-,-,Final
20040818-0,Wednesday,18-AUG-2004,11:10,A1, En route (ENR),16 km (10 mls) N of Goma,Democratic Republic of the Congo,3,3, Damaged beyond repair,-,Cessna 208B Grand Caravan,1,Pratt & Whitney Canada PT6A-114A,1999,-,-, 5Y-TWH, 208B0784,Transworld Safaris,Cargo,-,Goma Airport,GOM,FZNA,Democratic Republic of the Congo,-,-,-,-,1,2,1,2,-,-,Preliminary
20040821-0,Saturday,21-AUG-2004,16:15,A1, En route (ENR),25 km (15.6 mls) from  Maracay,Venezuela,30,30, Damaged beyond repair,-,Shorts 360-300,-,-,1987,-,-, FAV-1652, SH.3727,Venezuela AF,Military,-,-,-,-,-,Maracay-El Libertador Air Base,MYC,SVBL,Venezuela,3,27,3,27,-,-,Preliminary
20040821-1,Saturday,21-AUG-2004,-,O1, Standing (STD),Dinslaken-Schwarze Heide,Germany,0,0, Damaged beyond repair,-,Antonov An-2TP,1,Shvetsov ASh-62IR,1957,-,-, D-FONE, 181(473)18,Sachsische Luftfahrt Service,-,-,-,-,-,-,-,-,-,-,0,0,0,0,-,-,-
20040824-0,Tuesday,24-AUG-2004,22:53,C1, En route (ENR),near Buchalki,Russia,44,44, Destroyed, Written off (damaged beyond repair),Tupolev Tu-134A-3,2,Soloviev D-30-III,1977,-,-, RA-65080, 60065,Volga-Aviaexpress,Domestic Scheduled Passenger,1303,Moskva-Domodedovo Airport,DME,UUDD,Russia,Volgograd Airport,VOG,URWW,Russia,9,35,9,35,-,-,- (No safety board investigation)
20040824-1,Tuesday,24-AUG-2004,22:53,C1, En route (ENR),8 km (5 mls) from  Gluboki,Russia,46,46, Destroyed, Written off (damaged beyond repair),Tupolev Tu-154B-2,3,Kuznetsov NK-8-2U,1982,-,30751.0, RA-85556, 82A556,Sibir Airlines,Domestic Scheduled Passenger,1047,Moskva-Domodedovo Airport,DME,UUDD,Russia,Adler/Sochi Airport,AER,URSS,Russia,8,38,8,38,-,-,- (No safety board investigation)
20040825-0,Wednesday,25-AUG-2004,16:30,A2, Landing (LDG),"Venice Airport, FL (VNC)",United States of America,3,0, Substantial, Repaired,Cessna 550 Citation II,2,Pratt & Whitney Canada JT15D-4,1981,-,1.5, N792MA, 550-0302,Grafair,Private,-,Fort Pierce-Saint Lucie County Airport,FPR,KFPR,United States of America,Venice Municipal Airport,VNC,KVNC,United States of America,2,1,0,0,-,-,Final
20040827-0,Friday,27-AUG-2004,-,H2, En route (ENR),Khartoum-Civil Airport (KRT),Sudan,105,0, None,-,Lockheed C-130 Hercules,-,-,-,-,-, registration unknown,-,Libyan Arab Rep. Air Force,Military, 112,Kufrah Airport,AKF,HLKF,Libya,Asmara International Airport,ASM,HAAY,Eritrea,7,98,0,0,-,-,-
20040827-1,Friday,27-AUG-2004,16:00,A1, En route (ENR),"56 km (35 mls) W of McGrath, AK",United States of America,3,1, Destroyed, Written off (damaged beyond repair),de Havilland Canada DHC-3 Otter,1,Pratt & Whitney R-1340,1956,-,-, N197TT, 197,Mavrik Aire,Executive,-,McGrath Airport,MCG,PAMC,United States of America,Unalakleet Airport,UNK,PAUN,United States of America,1,2,0,1,-,-,Final
20040828-0,Saturday,28-AUG-2004,-,A1, Landing (LDG),Gisenyi Airport (GYI),Rwanda,8,0, Damaged beyond repair,-,Sud Aviation SE-210 Caravelle 11R,2,Pratt & Whitney JT8D-7B,1968,-,-, 3D-KIK, 251,Trans Air Congo,Cargo,-,Kinshasa-N'Djili Airport,FIH,FZAA,Democratic Republic of the Congo,Goma Airport,GOM,FZNA,Democratic Republic of the Congo,-,-,0,0,-,-,Preliminary
20040904-0,Saturday,04-SEP-2004,13:50,A2, Takeoff (TOF),"Colorado Springs Municipal Airport, CO (COS)",United States of America,5,0, Substantial, Repaired,Learjet 25B,-,-,1972,-,-, N47MR, 25B-101,American Jets,Ambulance,-,Colorado Springs Municipal Airport,COS,KCOS,United States of America,Memphis International Airport,MEM,KMEM,United States of America,4,1,0,0,-,-,Final
20040905-0,Sunday,05-SEP-2004,10:00,A1, Landing (LDG),Kiev-Borispol Airport (KBP),Ukraine,-,0, Damaged beyond repair,-,Antonov An-12B,4,Ivchenko AI-20M,1963,-,-, UR-11765, 401705,Antonov Design Bureau,Cargo,-,-,-,-,-,Kiev-Borispol Airport,KBP,UKBB,Ukraine,-,-,0,0,-,-,Preliminary
20040906-0,Monday,06-SEP-2004,11:30,A2, Takeoff (TOF),Eket airstrip,Nigeria,10,0, Substantial, Repaired,Beechcraft 1900D,2,Pratt & Whitney Canada PT6A-67D,1996,-,-, 5N-PTL, UE-215,Wings Aviation,Domestic Non Scheduled Passenger,-,-,-,-,-,Abuja International Airport,ABV,DNAA,Nigeria,-,-,0,0,-,-,Preliminary
20040909-0,Thursday,09-SEP-2004,06:50,A1, Approach (APR),3 km (1.9 mls) from  Villahermosa,Mexico,2,2, Damaged beyond repair,-,North American CT-39A Sabreliner,-,-,-,-,-, XA-TFD, 265-13,Jett Paqueteria,Cargo,-,Mexico City-Benito Juárez International Airport,MEX,MMMX,Mexico,Villahermosa-Capitan Carlos Perez Airport,VSA,MMVA,Mexico,2,0,2,0,-,-,Preliminary
20040910-0,Friday,10-SEP-2004,03:45,A1, Approach (APR),George Airport (GRJ),South Africa,2,0, Substantial, Written off (damaged beyond repair),Swearingen SA227-AC Metro III,2,Garrett TPE331-11U-612G,1989,-,8760.0, ZS-OLS, AC-748B,Ryan Blake Air Charter,Cargo,-,Bloemfontein International Airport,BFN,FABL,South Africa,George Airport,GRJ,FAGG,South Africa,2,0,0,0,-,-,Final
20040911-0,Saturday,11-SEP-2004,-,C2, En route (ENR),at an unknown location,Iraq,57,0, Substantial, Repaired,Lockheed C-130H Hercules,-,-,-,-,-, registration unknown,-,USAF,Military,-,-,-,-,-,-,-,-,-,-,-,0,0,-,-,-
20040914-0,Tuesday,14-SEP-2004,-,A2, En route (ENR),near Baku Airport (BAK),Azerbaijan,6,0, Substantial, Repaired,Ilyushin Il-76TD,4,Soloviev D-30KP-2,1991,-,-, 4K-AZ31, 1013405184,Silk Way,Cargo,-,Baku-Heydar Aliyev International Airport,GYD,UBBB,Azerbaijan,Eindhoven Airport,EIN,EHEH,Netherlands,6,0,0,0,-,-,Preliminary - official
20040916-0,Thursday,16-SEP-2004,-,A2, Landing (LDG),Kabul Airport (KBL),Afghanistan,-,0, Substantial, Repaired,Antonov An-24RV,2,Ivchenko AI-24VT,1971,-,-, EW-47808, 17306910,Kam Air,Domestic Scheduled Passenger,-,Kabul-Khwaja Rawash Airport,KBL,OAKB,Afghanistan,Mazar-I-Sharif Airport,MZR,OAMS,Afghanistan,-,-,0,0,-,-,-
20040921-0,Tuesday,21-SEP-2004,14:10,A1, Landing (LDG),"La Ronge Airport, SK (YVC)",Canada,11,0, Damaged beyond repair,-,Swearingen SA227-AC Metro III,2,Garrett TPE331-11U-611G,1982,-,-, C-FIPW, AC-524,Norcanair,Passenger,1051,Stony Rapids Airport,YSF,CYSF,Canada,La Ronge Airport,YVC,CYVC,Canada,2,9,0,0,-,-,Final
20040923-0,Thursday,23-SEP-2004,23:45,A1, Approach (APR),"2 km (1.3 mls) S of Gwinner-Roger Melroe Field Airport, ND (GWR)",United States of America,1,0, Substantial, Written off (damaged beyond repair),Cessna 208B Super Cargomaster,1,Pratt & Whitney Canada PT6A-114,1987,-,11945.0, N7392B, 208B0045,Eagle Air Cargo,Cargo,-,Fergus Falls Airport,FFM,KFFM,United States of America,-,-,-,-,1,0,0,0,-,-,Final
20040923-1,Thursday,23-SEP-2004,11:00,A1, Initial climb (ICL),"Hallo Bay, AK",United States of America,7,0, Substantial, Written off (damaged beyond repair),Britten-Norman BN-2A Islander,2,Lycoming O-540-E4C5,1969,-,16473.0, N6522T, 136,Homer Air,Domestic Non Scheduled Passenger,-,-,-,-,-,Homer Airport,HOM,PAHO,United States of America,1,6,0,0,-,-,Final
20040925-0,Saturday,25-SEP-2004,15:23,A1, Takeoff (TOF),"near Fullerton Municipal Airport, CA (FUL)",United States of America,2,0, Damaged beyond repair,-,Bushmaster 2000,3,Pratt & Whitney R-985,1985,-,1420.0, N750RW, 2,private,Demonstration,-,Fullerton Municipal Airport,FUL,KFUL,United States of America,Fullerton Municipal Airport,FUL,KFUL,United States of America,2,0,0,0,-,-,Final
20040928-0,Tuesday,28-SEP-2004,-,O1, Standing (STD),"Wilmington-New Castle Airport, DE (ILG)",United States of America,0,0, Damaged beyond repair,-,Lockheed C-130H Hercules,-,-,1985,-,-, 84-0211, 5050,USAF,-,-,-,-,-,-,-,-,-,-,0,0,0,0,-,-,-
20040929-0,Wednesday,29-SEP-2004,18:59,A1, En route (ENR),ca 1 km N off Vega Baja,Puerto Rico,1,1, Damaged beyond repair,-,IRMA/Pilatus Britten-Norman BN-2A-27 Islander,2,Lycoming O-540-E4C5,1981,-,-, N902GD, 905,Air Flamenco,Cargo,-,Mayaguez-Eugenio M. de Hostos Airport,MAZ,TJMZ,Puerto Rico,San Juan-Isla Grande Airport,SIG,TJIG,Puerto Rico,1,0,1,0,-,-,Final
20040929-1,Wednesday,29-SEP-2004,-,H2, Unknown (UNK),Bodø Airport (BOO),Norway,9,0, None,-,Dornier 228-212,2,Garrett TPE331-5A-252D,1990,-,-, LN-BER, 8192,Kato Air,Domestic Scheduled Passenger, 605,Narvik-Framnes Airport,NVK,ENNK,Norway,Bodø Airport,BOO,ENBO,Norway,2,7,0,0,-,-,Preliminary
20040930-0,Thursday,30-SEP-2004,12:00,A2, Takeoff (TOF),"Long Lake, ON",Canada,1,0, Substantial, Repaired,de Havilland Canada DHC-3 Otter,-,-,1960,-,-, C-FODV, 411,Wilderness Air,Ferry/positioning,-,-,-,-,-,Kenora Airport,YQK,CYQK,Canada,1,0,0,0,-,-,-
20040999-0,-,xx-SEP-2004,-,U1, Unknown (UNK),Krasnoyarsk Region,Russia,-,-, Damaged beyond repair,-,Antonov An-2T,-,-,1975,-,-, RA-01128, 1G162-18,Krasnoyarski ASK,Unknown,-,-,-,-,-,-,-,-,-,-,-,-,-,-,-,-
20041001-0,Friday,01-OCT-2004,-,A1, Takeoff (TOF),Douala Airport (DLA),Cameroon,4,0, Damaged beyond repair,-,Embraer EMB-110P1 Bandeirante,2,Pratt & Whitney Canada PT6A-34,1981,-,-, ZS-OWO, 110311,Naturelink Airlines,Domestic Non Scheduled Passenger,-,Douala Airport,DLA,FKKD,Cameroon,Yaoundé-Nsimalen International Airport,NSI,FKYS,Cameroon,2,2,0,0,-,-,Preliminary
20041003-0,Sunday,03-OCT-2004,16:20,A1, Takeoff (TOF),"Midland International Airport, TX (MAF)",United States of America,5,0, Substantial, Written off (damaged beyond repair),Howard 250,2,Wright R-1820-72A,1943,-,8999.0, N6371C, 18-2598,American Airpower,Ferry/positioning,-,Midland International Airport,MAF,KMAF,United States of America,Boulder Municipal Airport,WBU,KBDU,United States of America,2,3,0,0,-,-,Final
20041005-0,Tuesday,05-OCT-2004,12:37,A1, En route (ENR),68 km (42.5 mls) from  Heglig,Sudan,4,4, Damaged beyond repair,-,Antonov An-12,-,-,1970,-,-, ST-SAF, 00347606,Sarit Airlines,Cargo,-,El Obeid Airport,EBD,HSOB,Sudan,Juba Airport,JUB,HSSJ,South Sudan,4,0,4,0,-,-,Preliminary
20041008-0,Friday,08-OCT-2004,09:15,A1, Landing (LDG),Sylhet-Osmani International Airport (ZYL),Bangladesh,83,0, Damaged beyond repair,-,Fokker F-28 Fellowship 4000,2,Rolls-Royce Spey 555-15I,1981,-,-, S2-ACH, 11172,Biman Bangladesh,Domestic Scheduled Passenger, 601,Dhaka-Zia International Airport,DAC,VGZR,Bangladesh,Sylhet Civil Airport,ZYL,VGSY,Bangladesh,4,79,0,0,-,-,Preliminary
20041009-0,Saturday,09-OCT-2004,-,A1, En route (ENR),at an unknown location,Democratic Republic of the Congo,2,0, Damaged beyond repair,-,Let L-410UVP,2,Walter M-601D,1983,-,-, 9XR-KL, 831017,El Amiron Plus,Ferry/positioning,-,-,-,-,-,Kigali International Airport,KGL,HRYR,Rwanda,2,0,0,0,-,-,-
20041011-0,Monday,11-OCT-2004,-,A1, Landing (LDG),280 km (175 mls) SW of Kindu,Democratic Republic of the Congo,-,0, Damaged beyond repair,-,Let L-410UVP,-,-,1981,-,-, 9XR-RC, 810611,Sierra Leone Airways,Unknown,-,-,-,-,-,Kindu Airport,KND,FZOA,Democratic Republic of the Congo,-,-,0,0,-,-,-
20041014-0,Thursday,14-OCT-2004,03:56,A1, Takeoff (TOF),"Halifax International Airport, NS (YHZ)",Canada,7,7, Damaged beyond repair,-,Boeing 747-244BSF,4,Pratt & Whitney JT9D-7Q,1980,16368.0,80619.0, 9G-MKJ, 22170/486,MK Airlines,Cargo,1602,Halifax International Airport,YHZ,CYHZ,Canada,Zaragoza Airport,ZAZ,LEZG,Spain,7,0,7,0,-,-,Final
20041014-1,Thursday,14-OCT-2004,22:15,A1, Approach (APR),"Jefferson City, MO",United States of America,2,2, Damaged beyond repair,-,Canadair CL-600-2B19 Regional Jet CRJ-200LR,2,General Electric CF34-3B1,2000,9613.0,10168.0, N8396A, 7396,Pinnacle Airlines,Ferry/positioning,3701,Little Rock National Airport,LIT,KLIT,United States of America,Minneapolis-St. Paul International Airport,MSP,KMSP,United States of America,2,0,2,0,-,-,Final
20041015-0,Friday,15-OCT-2004,07:50,A1, Approach (APR),13 km (8.1 mls) E of Medellín-Enrique Olaya Herrera Airport (EOH),Colombia,3,3, Destroyed, Written off (damaged beyond repair),Douglas DC-3C,2,Pratt & Whitney R-1830-92,1945,-,27592.0, HK-1503, 34331/17064,Aerovanguardia,Cargo,-,Villavicencio-La Vanguardia Airport,VVC,SKVV,Colombia,Rionegro/Medellín-José María Córdova Airport,MDE,SKRG,Colombia,3,0,3,0,-,-,Final
20041016-0,Saturday,16-OCT-2004,-,A1, En route (ENR),9 km (5.6 mls) NE of Coron,Philippines,2,2, Damaged beyond repair,-,Britten-Norman BN-2A-21 Islander,2,Lycoming IO-540-K1B5,1977,-,-, RP-C1325, 593,Pacific Airways,Cargo,-,-,-,-,-,Puerto Princesa Airport,PPS,RPVP,Philippines,2,0,2,0,-,-,-
20041018-0,Monday,18-OCT-2004,19:59,A2, Landing (LDG),Taipei-Songshan Airport (TSA),Taiwan,106,0, Substantial, Repaired,Airbus A320-232,2,IAE V2527-A5,1998,16248.0,12124.0, B-22310, 791,TransAsia Airways,Domestic Scheduled Passenger,GE536,Tainan Airport,TNN,RCNN,Taiwan,Taipei-Songshan Airport,TSA,RCSS,Taiwan,6,100,0,0,-,-,Final
20041019-0,Tuesday,19-OCT-2004,19:37,A1, Approach (APR),"2,2 km (1.4 mls) S of Kirksville Regional Airport, MO (IRK)",United States of America,15,13, Damaged beyond repair,-,British Aerospace 3201 Jetstream 32EP,2,Garrett TPE331-12UAR-704H,1990,28973.0,21979.0, N875JX, 875,Corporate Airlines,Domestic Scheduled Passenger,5966,Saint Louis-Lambert International Airport,STL,KSTL,United States of America,Kirksville Regional Airport,IRK,KIRK,United States of America,2,13,2,11,-,-,Final
20041019-1,Tuesday,19-OCT-2004,09:15,A2, En route (ENR),"Loiborsoit Village, Simanjiro District",Tanzania,10,0, Substantial, Repaired,Cessna 208B Grand Caravan,1,Pratt & Whitney Canada PT6A-114A,1994,-,-, 5H-AXL, 208B0401,Air Excel,Domestic Non Scheduled Passenger,-,Arusha Airport,ARK,HTAR,Tanzania,-,-,-,-,1,9,0,0,-,-,Final
20041019-2,Tuesday,19-OCT-2004,16:42,A2, Landing (LDG),Heglig,Sudan,5,0, Substantial, Repaired,Antonov An-12BP,4,Ivchenko AI-20M,1979,-,-, ST-SAD, 5343307,Sarit Airlines,Cargo,-,Khartoum-Civil Airport,KRT,HSSS,Sudan,-,-,-,-,5,0,0,0,-,-,Preliminary
20041019-3,Tuesday,19-OCT-2004,-,A1, Landing (LDG),Lanzarote Airport (ACE),Spain,-,0, Damaged beyond repair,-,CASA C-212 Aviocar 100,-,-,1977,-,-, T.12B-54, 98,Spanish AF,Military,-,-,-,-,-,Lanzarote Airport,ACE,GCRR,Spain,-,-,0,0,-,-,Preliminary
20041020-0,Wednesday,20-OCT-2004,20:29,A2, En route (ENR),"over Lake Michigan, MI",United States of America,5,0, Substantial, Repaired,Boeing 747-132SF,4,Pratt & Whitney JT9D-7A,1971,-,93549.0, N709CK, 20247/159,Kalitta Air,Cargo, 825,Chicago-O'Hare International Airport,ORD,KORD,United States of America,New York-John F. Kennedy International Airport,JFK,KJFK,United States of America,5,0,0,0,-,-,Final
20041022-0,Friday,22-OCT-2004,13:45,A1, En route (ENR),"0,1 km (0.1 mls) S off  New Providence Island",Bahamas,10,0, Substantial, Written off (damaged beyond repair),Beechcraft 1900C,2,Pratt & Whitney Canada PT6A-65B,1985,-,26397.0, N79YV, UB-41,Southern Air Charter,Domestic Scheduled Passenger, 204,Arthur's Town Airport,ATC,MYCA,Bahamas,Nassau International Airport,NAS,MYNN,Bahamas,2,8,0,0,-,-,Final
20041022-1,Friday,22-OCT-2004,10:33,A1, En route (ENR),60 km (37.5 mls) NW of Inverness,United Kingdom,1,1, Destroyed, Written off (damaged beyond repair),Reims Cessna F406 Caravan II,2,Pratt & Whitney Canada PT6A-112,1987,-,-, G-TWIG, F406-0014,Highland Airways,Ferry/positioning,-,Stornoway Airport,SYY,EGPO,United Kingdom,Inverness Airport,INV,EGPE,United Kingdom,1,0,1,0,-,-,Final
20041023-0,Saturday,23-OCT-2004,-,A1, Takeoff (TOF),"Manaus-Eduardo Gomes International Airport, AM (MAO)",Brazil,3,0, Damaged beyond repair,-,Boeing 707-330C,4,Pratt & Whitney JT3D-3B,1967,-,-, PP-BSE, 19317/557,BETA,Cargo,-,Manaus-Eduardo Gomes International Airport,MAO,SBEG,Brazil,São Paulo-Guarulhos International Airport,GRU,SBGR,Brazil,3,0,0,0,-,-,Preliminary - official
20041024-0,Sunday,24-OCT-2004,00:25,A1, En route (ENR),"13 km (8.1 mls) E of San Diego-Brown Field Municipal Airport, CA (SDM)",United States of America,5,5, Destroyed, Written off (damaged beyond repair),Learjet 35A,2,Garrett TFE731-2-2B,1980,-,10047.0, N30DK, 35A-345,Med Flight Air Ambulance,Ferry/positioning,-,San Diego-Brown Field Municipal Airport,SDM,KSDM,United States of America,Albuquerque International Airport,ABQ,KABQ,United States of America,2,3,2,3,-,-,Final
20041024-1,Sunday,24-OCT-2004,12:35,A1, Approach (APR),"near Stuart, VA",United States of America,10,10, Destroyed, Written off (damaged beyond repair),Beechcraft 200 Super King Air,2,Pratt & Whitney Canada PT6A-41,1981,-,8140.0, N501RH, BB-805,Hendrick Motorsports,Executive,-,-,-,-,-,-,-,-,-,2,8,2,8,-,-,Final
20041104-0,Thursday,04-NOV-2004,-,A1, Landing (LDG),Toluca Airport (TLC),Mexico,-,0, Damaged beyond repair,-,Rockwell Sabreliner 60,-,-,1977,-,-, XA-GUR, 306-131,Servicios Aéreos Jemsa,Unknown,-,-,-,-,-,Toluca Airport,TLC,MMTO,Mexico,-,-,0,0,-,-,-
20041104-1,Thursday,04-NOV-2004,16:00,A2, Taxi (TXI),Netheravon Airport,United Kingdom,2,0, Minor, Repaired,Cessna 208B Grand Caravan,1,Pratt & Whitney Canada PT6A-114A,2000,-,-, G-BZAH, 208B0811,Army Parachute Association,Parachuting,-,-,-,-,-,-,-,-,-,1,1,0,0,-,-,Final
20041107-0,Sunday,07-NOV-2004,16:35,A1, Takeoff (TOF),Sharjah Airport (SHJ),United Arab Emirates,4,0, Damaged beyond repair,-,Boeing 747-230F (SCD),4,General Electric CF6-50E2,1986,13833.0,79733.0, TF-ARR, 23621/660,Air Atlanta Icelandic,Cargo,8457,Sharjah Airport,SHJ,OMSJ,United Arab Emirates,Frankfurt International Airport,FRA,EDDF,Germany,4,0,0,0,-,-,Final
20041115-0,Monday,15-NOV-2004,13:32,A2, Taxi (TXI),Caracas-La Carlota Airport,Venezuela,-,0, Substantial, Repaired,Yakovlev Yak-40,3,Ivchenko AI-25,1976,-,-, YV-1100CP, 9441137,private,Unknown,-,-,-,-,-,-,-,-,-,2,-,0,0,-,-,Preliminary
20041116-0,Tuesday,16-NOV-2004,02:09,A1, Initial climb (ICL),Kilimanjaro Airport (JRO),Tanzania,2,0, Damaged beyond repair,-,Let L-410UVP-E20,2,Walter M-601E,1992,-,-, 5H-PAC, 922711,Precision Air,Training,-,Kilimanjaro Airport,JRO,HTKJ,Tanzania,Kilimanjaro Airport,JRO,HTKJ,Tanzania,2,0,0,0,-,-,Final
20041118-0,Thursday,18-NOV-2004,13:02,A1, Landing (LDG),Caracas-Simon Bolivar Airport (CCS),Venezuela,21,2, Destroyed, Written off (damaged beyond repair),British Aerospace 3101 Jetstream 31,2,Garrett TPE331-10UG-513H,1987,-,-, YV-1083C, 762,RAVSA,Domestic Scheduled Passenger, 213,El Vigia Airport,VIG,SVVG,Venezuela,Caracas-Simón Bolívar International Airport,CCS,SVMI,Venezuela,2,19,0,2,-,-,Preliminary
20041119-0,Friday,19-NOV-2004,11:50,A2, Landing (LDG),Menzel Lejmat North,Algeria,4,0, Substantial, Repaired,de Havilland Canada DHC-6 Twin Otter 300,2,Pratt & Whitney Canada PT6A-27,1980,-,20437.0, HB-LOK, 658,Zimex Aviation,Survey/research,-,-,-,-,-,-,-,-,-,2,2,0,0,-,-,Final
20041119-1,Friday,19-NOV-2004,09:45,A1, Landing (LDG),Cabimas-Oro Negro Airport (CBS),Venezuela,2,0, Damaged beyond repair,-,Beechcraft 200 Super King Air,-,-,1978,-,-, YV-2584P, BB-316,Unknown,Illegal Flight,-,-,-,-,-,-,-,-,-,2,0,0,0,-,-,-
20041120-0,Saturday,20-NOV-2004,-,A1, Takeoff (TOF),within South-Eastern Eswatini,Eswatini,2,0, Damaged beyond repair,-,IAI Arava 201,-,-,-,-,-, 3D-DAC, 070,Swaziland AF,Military,-,-,-,-,-,-,-,-,-,2,0,0,0,-,-,-
20041121-0,Sunday,21-NOV-2004,08:20,A1, Initial climb (ICL),near Baotou Airport (BAV),China,53,53, Damaged beyond repair,-,Canadair CL-600-2B19 Regional Jet CRJ-200LR,2,General Electric CF34-3B1,2002,-,-, B-3072, 7697,China Yunnan,Domestic Scheduled Passenger,5210,Baotou Airport,BAV,ZBOW,China,Shanghai-Hongqiao Airport,SHA,ZSSS,China,6,47,6,47,-,2,Preliminary
20041122-0,Monday,22-NOV-2004,06:15,A1, Approach (APR),"5 km (3.1 mls) SW of Houston-William P. Hobby Airport, TX (HOU)",United States of America,3,3, Destroyed, Written off (damaged beyond repair),Gulfstream Aerospace G-1159A Gulfstream III,2,Rolls-Royce Spey 511-8,1984,-,8566.0, N85VT, 449,Business Jet Services,Ferry/positioning,-,Dallas-Love Field,DAL,KDAL,United States of America,Houston-William P. Hobby Airport,HOU,KHOU,United States of America,3,0,3,0,-,-,Final
20041122-1,Monday,22-NOV-2004,-,A1, Landing (LDG),Bangkok International Airport (BKK),Thailand,-,0, Damaged beyond repair,-,Hawker Siddeley HS-748-208 Srs. 2A,2,Rolls-Royce Dart 533-2,1972,-,-, L5-2/16, 1715,Thai AF,Military,-,-,-,-,-,Bangkok-Don Muang International Airport,BKK,VTBD,Thailand,-,-,0,0,-,-,Preliminary
20041125-0,Thursday,25-NOV-2004,16:18,A1, Takeoff (TOF),Arusha Airport (ARK),Tanzania,7,0, Damaged beyond repair,-,Reims Cessna F406 Caravan II,2,Pratt & Whitney Canada PT6A-112,1986,-,-, 5H-RAS, F406-0005,Regional Air Services,Domestic Scheduled Passenger,-,Arusha Airport,ARK,HTAR,Tanzania,Seronera Airport,SEU,HTSN,Tanzania,1,6,0,0,-,-,Final
20041127-0,Saturday,27-NOV-2004,08:20,A1, En route (ENR),148 km (92.5 mls) W of Bagram,Afghanistan,6,6, Damaged beyond repair,-,CASA C-212 Aviocar 200,2,Garrett TPE331-10R-511C,1982,-,21489.0, N960BW, 231,Presidential Airways,Military,-,Bagram Air Base,BPM,OAIX,Afghanistan,Farah Airport,FAH,OAFR,Afghanistan,3,3,3,3,-,-,Final
20041128-0,Sunday,28-NOV-2004,09:55,A1, Takeoff (TOF),"Montrose County Airport, CO (MTJ)",United States of America,6,3, Damaged beyond repair,-,Canadair CL-600-2A12 Challenger 601,2,General Electric CF34-3A2,1983,8911.0,14317.0, N873G, 3009,Hop-A-Jet Inc,Domestic Non Scheduled Passenger,  73,Montrose County Airport,MTJ,KMTJ,United States of America,South Bend Regional,SBN,KSBN,United States of America,3,3,2,1,-,-,Final
20041128-1,Sunday,28-NOV-2004,18:50,A1, Landing (LDG),Barcelona Airport (BCN),Spain,146,0, Damaged beyond repair,-,Boeing 737-406,2,CFMI CFM56-3C1,1992,22156.0,31756.0, PH-BTC, 25424/2200,KLM,International Scheduled Passenger,KL1673,Amsterdam-Schiphol International Airport,AMS,EHAM,Netherlands,Barcelona-El Prat Airport,BCN,LEBL,Spain,6,140,0,0,-,-,Final
20041130-0,Tuesday,30-NOV-2004,18:15,A1, Landing (LDG),Solo City-Adi Sumarmo Airport (SOC),Indonesia,163,25, Damaged beyond repair,-,McDonnell Douglas DC-9-82 (MD-82),2,Pratt & Whitney JT8D-217C,1984,43940.0,56674.0, PK-LMN, 49189/1173,Lion Air,Domestic Scheduled Passenger, 583,Jakarta-Soekarno-Hatta International Airport,CGK,WIII,Indonesia,Solo City-Adi Sumarmo Airport,SOC,WARQ,Indonesia,7,156,2,23,-,-,Preliminary
20041130-1,Tuesday,30-NOV-2004,19:56,A1, En route (ENR),"Howell Island, MO",United States of America,2,2, Damaged beyond repair,-,MBB HFB-320 Hansa Jet,2,General Electric CJ610-5,1969,-,6875.0, N604GA, 1037,Grand Aire Express,Ferry/positioning,-,Saint Louis-Spirit of St. Louis Airport,SUS,KSUS,United States of America,Toledo-Express Airport,TOL,KTOL,United States of America,2,0,2,0,-,-,Final
20041201-0,Wednesday,01-DEC-2004,16:23,A1, Landing (LDG),"Teterboro Airport, NJ (TEB)",United States of America,9,0, Substantial, Written off (damaged beyond repair),Gulfstream G-IV,2,Rolls-Royce Tay 611-8,1988,-,7452.0, G-GMAC, 1058,GAMA Aviation,Executive, 946,London-Luton Airport,LTN,EGGW,United Kingdom,Teterboro Airport,TEB,KTEB,United States of America,3,6,0,0,-,-,Final
20041201-1,Wednesday,01-DEC-2004,11:46,A2, Landing (LDG),"St-Georges de Beauce, Quebec",Canada,3,0, Substantial, Repaired,Beechcraft B300 Super King Air 350,-,-,1992,-,-, C-FMHD, FL-87,Aviation CMP,Private,-,Montreal-St. Hubert Airport,YHU,CYHU,Canada,-,-,-,-,2,1,0,0,-,-,Final
20041204-0,Saturday,04-DEC-2004,08:51,A1, En route (ENR),"North Miami Beach, FL",United States of America,2,0, Damaged beyond repair,-,Convair CV-340-70,2,Pratt & Whitney R-2800-103W,1955,-,18473.0, N41626, 274,Miami Air Lease,Cargo,-,Opa-locka Airport,OPF,KOPF,United States of America,Nassau International Airport,NAS,MYNN,Bahamas,2,0,0,0,-,-,Final
20041204-1,Saturday,04-DEC-2004,14:41,A1, Landing (LDG),"McAllen-Miller International Airport, TX (MFE)",United States of America,3,0, Substantial, Written off (damaged beyond repair),Convair CV-580F SCD,2,Allison 501-D13D,1957,-,29586.0, N161FL, 430,Contract Air Cargo,Training,-,McAllen-Miller International Airport,MFE,KMFE,United States of America,McAllen-Miller International Airport,MFE,KMFE,United States of America,3,0,0,0,-,-,Final
20041206-0,Monday,06-DEC-2004,10:20,A1, Approach (APR),"11 km (6.9 mls) S of Bellevue, ID",United States of America,2,2, Destroyed, Written off (damaged beyond repair),Cessna 208B Grand Caravan,1,Pratt & Whitney Canada PT6A-114A,2000,-,2117.0, N25SA, 208B0866,Salmon Air,Cargo,1860,Salt Lake City International Airport,SLC,KSLC,United States of America,Hailey-Friedman Memorial Airport,SUN,KSUN,United States of America,1,1,1,1,-,-,Final
20041209-0,Thursday,09-DEC-2004,06:00,A2, Landing (LDG),"Atlanta-William B. Hartsfield International Airport, GA (ATL)",United States of America,3,0, Minor, Repaired,Boeing 727-2M7F,3,Pratt & Whitney JT8D-17R,1980,-,-, N750DH, 21951/1680,ASTAR Air Cargo,Cargo, 495,Cincinnati/Northern Kentucky Airport,CVG,KCVG,United States of America,Atlanta Hartsfield-Jackson International Airport,ATL,KATL,United States of America,3,0,0,0,-,-,- (No safety board investigation)
20041209-1,Thursday,09-DEC-2004,18:31,A1, Approach (APR),"6,5 km (4.1 mls) N of Tulsa International Airport, OK (TUL)",United States of America,1,0, Substantial, Written off (damaged beyond repair),Beechcraft B200 Super King Air,2,Pratt & Whitney Canada PT6A-42,1981,469.0,3084.0, N6PE, BB-856,RNH Air 1,Executive,-,La Crosse Municipal Airport,LSE,KLSE,United States of America,Tulsa International Airport,TUL,KTUL,United States of America,1,0,0,0,-,-,Final
20041210-0,Friday,10-DEC-2004,10:50,A1, En route (ENR),24 km (15 mls) from  El Junquito,Venezuela,16,16, Damaged beyond repair,-,PZL-Mielec M28 Skytruck,-,-,1998,-,-, GN-97121, AJE 001-15,Venezuela ANG,Military,-,Puerto Ayacucho Airport,PYH,SVPA,Venezuela,-,-,-,-,3,13,3,13,-,-,Preliminary
20041210-1,Friday,10-DEC-2004,12:50,A1, Takeoff (TOF),"Bay View-Rancho Buena Vista Airport, TX",United States of America,6,0, Destroyed, Written off (damaged beyond repair),Beechcraft 200 Super King Air,2,Pratt & Whitney Canada PT6A-41,1980,-,6532.0, N648KA, BB-648,Charter One,Domestic Non Scheduled Passenger,-,-,-,-,-,-,-,-,-,1,5,0,0,-,-,Final
20041211-0,Saturday,11-DEC-2004,05:16,A1, Approach (APR),"0,8 km (0.5 mls) from  Uberaba Airport, MG (UBA)",Brazil,2,2, Destroyed, Written off (damaged beyond repair),Embraer EMB-110 Bandeirante,2,Pratt & Whitney Canada PT6A-27,1975,-,11689.0, PT-WAK, 110071,NHR Táxi-Aéreo,Cargo,-,São Paulo-Guarulhos International Airport,GRU,SBGR,Brazil,Uberaba Airport,UBA,SBUR,Brazil,2,0,2,0,-,1,Final
20041211-1,Saturday,11-DEC-2004,-,A2, En route (ENR),near Jeddah,Saudi Arabia,7,1, Minor, Repaired,Ilyushin Il-76TD,4,Soloviev D-30KP-2,1979,-,-, ER-IBW, 0043449468,Airline Transport,Cargo,-,Khartoum-Civil Airport,KRT,HSSS,Sudan,Sharjah Airport,SHJ,OMSJ,United Arab Emirates,7,0,1,0,-,-,-
20041216-0,Thursday,16-DEC-2004,20:00,A1, Landing (LDG),"Oshawa Municipal Airport, ON (YOO)",Canada,2,0, Substantial, Written off (damaged beyond repair),Shorts 360-300,2,Pratt & Whitney Canada PT6A-67R,1988,-,-, N748CC, SH.3748,Air Cargo Carriers,Cargo,2917,-,-,-,-,Oshawa Municipal Airport,YOO,CYOO,Canada,2,0,0,0,-,-,Final
20041217-0,Friday,17-DEC-2004,14:15,A2, En route (ENR),Puerto Gaitán,Colombia,20,0, Substantial, Repaired,Douglas C-47A-5-DK (DC-3),2,Pratt & Whitney R-1830-42,1944,-,21046.0, HK-2663, 12352,Aerolineas Llaneras - Arall,Domestic Scheduled Passenger,-,-,-,-,-,Villavicencio Airport,VVC,SKVV,Colombia,2,18,0,0,-,-,Final
20041224-0,Friday,24-DEC-2004,19:43,A2, Landing (LDG),"Kuujjuaq Airport, QC (YVP)",Canada,6,0, Substantial, Repaired,Beechcraft A100 King Air,2,Pratt & Whitney Canada PT6A-28,1971,-,-, C-GAIK, B-104,Air Inuit,Domestic Scheduled Passenger, 411,Puvirnituq Airport,YPX,CYPX,Canada,Kuujjuaq-Fort Chimo Airport,YVP,CYVP,Canada,2,4,0,0,-,-,Final
20041229-0,Wednesday,29-DEC-2004,-,A1, Landing (LDG),Qayyarah Airfield West,Iraq,11,0, Damaged beyond repair,-,Lockheed MC-130H Combat Talon II,-,-,1985,-,-, 85-0012, 5054,USAF,Military,-,-,-,-,-,-,-,-,-,7,4,0,0,-,-,Final
20041230-0,Thursday,30-DEC-2004,03:48,A1, Landing (LDG),Kabul Airport (KBL),Afghanistan,8,0, Damaged beyond repair,-,Ilyushin Il-76TD,4,Soloviev D-30KP-2,1983,-,-, ER-IBM, 0063466981,Airline Transport,Cargo, 922,Baku-Heydar Aliyev International Airport,GYD,UBBB,Azerbaijan,Kabul-Khwaja Rawash Airport,KBL,OAKB,Afghanistan,8,0,0,0,-,-,Final
20049999-0,-,xx-xxx-2004,-,A1, Taxi (TXI),George Airport (GRJ),South Africa,-,0, Substantial, Written off (damaged beyond repair),Swearingen SA227-AC Metro III,-,-,1988,-,-, ZS-OJH, AC-727,Ryan Blake Air Charter,Cargo,-,George Airport,GRJ,FAGG,South Africa,-,-,-,-,-,-,0,0,-,-,-
20040101-0,Thursday,01-JAN-2004,16:24,A2, Landing (LDG),Tokunoshima Airport (TKN),Japan,169,0, Substantial, Repaired,McDonnell Douglas DC-9-81 (MD-81),2,Pratt & Whitney JT8D-217C,1990,-,26050.0, JA8297, 49908/1749,Japan Air System,Domestic Scheduled Passenger, 979,Kagoshima Airport,KOJ,RJFK,Japan,Tokunoshima Airport,TKN,RJKN,Japan,6,163,0,0,-,-,Final
20040101-1,Thursday,01-JAN-2004,-,A1, Takeoff (TOF),"Terrace Bay Airport, ON (YTJ)",Canada,2,0, Substantial, Written off (damaged beyond repair),Beechcraft A100 King Air,2,Pratt & Whitney Canada PT6A-28,1979,-,-, C-GFKS, B-247,Thunder Airlines,Ambulance,-,-,-,-,-,Thunder Bay Airport,YQT,CYQT,Canada,2,0,0,0,-,-,Preliminary - official
20040103-0,Saturday,03-JAN-2004,04:45,A1, En route (ENR),15 km (9.4 mls) S off  Sharm el Sheikh,Egypt,148,148, Destroyed, Written off (damaged beyond repair),Boeing 737-3Q8,2,CFMI CFM56-3C1,1992,17976.0,25603.0, SU-ZCF, 26283/2383,Flash Airlines,Domestic Non Scheduled Passenger, 604,Sharm el Sheikh-Ophira Airport,SSH,HESH,Egypt,Cairo International Airport,CAI,HECA,Egypt,13,135,13,135,-,-,Final
20040105-0,Monday,05-JAN-2004,08:17,A2, Approach (APR),"4,5 km (2.8 mls) from  München-Franz Josef Strauss Airport (MUC)",Germany,32,0, Substantial, Repaired,Fokker 70,2,Rolls-Royce Tay 620-15,1995,14334.0,19304.0, OE-LFO, 11559,Austrian Airlines,International Scheduled Passenger, 111,Wien-Schwechat International Airport,VIE,LOWW,Austria,München-Franz Josef Strauss Airport,MUC,EDDM,Germany,4,28,0,0,-,-,Final
20040105-1,Monday,05-JAN-2004,-,A2, Takeoff (TOF),Sturt Island,Papua New Guinea,3,0, Substantial, Repaired,de Havilland Canada DHC-6 Twin Otter 300,2,Pratt & Whitney Canada PT6A-27,1976,-,-, P2-KSG, 509,Regional Air,Unknown,-,-,-,-,-,-,-,-,-,2,1,0,0,-,-,Preliminary
20040108-0,Thursday,08-JAN-2004,06:20,C2, En route (ENR),near Baghdad International Airport (SDA),Iraq,63,0, Substantial, Repaired,Lockheed C-5B Galaxy,4,General Electric TF39-GE-1C,-,-,-, 85-0010, 500-96,USAF,Military,-,Baghdad International Airport,BGW,ORBI,Iraq,-,-,-,-,11,52,0,0,-,-,Preliminary
20040113-0,Tuesday,13-JAN-2004,19:27,A1, Landing (LDG),Tashkent Airport (TAS),Uzbekistan,37,37, Damaged beyond repair,-,Yakovlev Yak-40,3,Ivchenko AI-25,1975,-,37000.0, UK-87985, 9540844,Uzbekistan Airways,Domestic Scheduled Passenger,1154,Termez Airport,TMJ,UTST,Uzbekistan,Tashkent Airport,TAS,UTTT,Uzbekistan,5,32,5,32,-,-,Preliminary - official
20040115-0,Thursday,15-JAN-2004,09:33,A2, Landing (LDG),Beijing-Capital Airport (PEK),China,180,0, Substantial, Repaired,Boeing 747SP-86,4,Pratt & Whitney JT9D-7F,1977,-,-, EP-IAC, 21093/307,Iran Air,International Scheduled Passenger, 800,Beijing-Capital Airport,PEK,ZBAA,China,Tokyo-Narita Airport,NRT,RJAA,Japan,26,154,0,0,-,-,Preliminary
20040117-0,Saturday,17-JAN-2004,16:38,A1, En route (ENR),"3 km (1.9 mls) NW off  Pelee Island, ON",Canada,10,10, Damaged beyond repair,-,Cessna 208B Grand Caravan,1,Pratt & Whitney Canada PT6A-114A,1998,-,7809.0, C-FAGA, 208B0658,Georgian Express,Domestic Scheduled Passenger, 126,-,-,-,-,Windsor Airport,YQG,CYQG,Canada,1,9,1,9,-,-,Final
20040119-0,Monday,19-JAN-2004,-,A1, Landing (LDG),Mulia Airport (LII),Indonesia,-,0, Substantial, Written off (damaged beyond repair),de Havilland Canada DHC-6 Twin Otter 300,2,Pratt & Whitney Canada PT6A-27,1969,-,-, PK-WAX, 255,Air Regional,Unknown,-,Wamena Airport,WMX,WAJW,Indonesia,Mulia Airport,LII,WABQ,Indonesia,-,-,0,0,-,-,Preliminary
20040120-0,Tuesday,20-JAN-2004,21:07,A2, Taxi (TXI),Roma-Fiumicino Airport (FCO),Italy,8,0, Substantial, Repaired,Swearingen SA-227AC Metro III,-,-,1981,-,-, I-BSTI, AC-470,ItAli Airlines,Domestic Scheduled Passenger,9X408,Roma-Fiumicino Airport,FCO,LIRF,Italy,Pescara-Liberi Airport,PSR,LIBP,Italy,2,6,0,0,-,-,Final
20040121-0,Wednesday,21-JAN-2004,00:40,A1, Landing (LDG),"Pueblo Memorial Airport, CO (PUB)",United States of America,5,0, Substantial, Written off (damaged beyond repair),Dassault Falcon 20C,2,General Electric CF700-2D2,1968,-,8378.0, N200JE, 133,Jet Express,Executive,-,-,-,-,-,Pueblo Memorial Airport,PUB,KPUB,United States of America,2,3,0,0,-,-,Final
20040127-0,Tuesday,27-JAN-2004,14:40,A1, Takeoff (TOF),Luena Airport (LUO),Angola,18,0, Damaged beyond repair,-,Ilyushin Il-18D,4,Ivchenko AI-20M,1966,-,-, ER-ICJ, 186009102,Renan,Domestic Non Scheduled Passenger,-,Luena Airport,LUO,FNUE,Angola,Luanda-4 de Fevereiro Airport,LAD,FNLU,Angola,4,14,0,0,-,-,-
20040128-0,Wednesday,28-JAN-2004,21:01,A1, Approach (APR),5 km (3.1 mls) S of Ghardaïa-Noumérat Airport (GHA),Algeria,5,1, Destroyed, Written off (damaged beyond repair),Beechcraft 1900D,2,Pratt & Whitney Canada PT6A-67D,1999,-,1742.0, 7T-VIN, UE-365,Tassili Airlines,Domestic Non Scheduled Passenger,-,Hassi R'Mel-Tilrempt Airport,HRM,DAFH,Algeria,Ghardaïa-Noumérat Airport,GHA,DAUG,Algeria,3,2,1,0,-,-,Final
20040131-0,Saturday,31-JAN-2004,18:00,A1, Takeoff (TOF),Reus Airport (REU),Spain,2,0, Substantial, Written off (damaged beyond repair),Swearingen SA226-TC Metro II,2,Garrett TPE331-10UA-511G,1981,-,-, EC-HCU, TC-390,Medit Air,Ferry/positioning,-,Reus Airport,REU,LERS,Spain,Barcelona-El Prat Airport,BCN,LEBL,Spain,2,0,0,0,-,-,Final
20040204-0,Wednesday,04-FEB-2004,20:00,A2, Takeoff (TOF),Cotonou Airport (COO),Benin,-,0, Substantial, Repaired,Boeing 737-229C,2,Pratt & Whitney JT8D-15A (HK),1975,-,-, TJ-AIO, 21139/437,Cameroon Airlines,Passenger,-,Cotonou Airport,COO,DBBB,Benin,-,-,-,-,-,-,0,0,-,-,Preliminary
20040204-1,Wednesday,04-FEB-2004,22:33,A1, Landing (LDG),Colombo-Bandaranaike International Airport (CMB),Sri Lanka,7,0, Damaged beyond repair,-,Ilyushin Il-18D,4,Ivchenko AI-20M,1969,-,-, EX-005, 188011105,Phoenix Air,Cargo,3002,Dubai Airport,DXB,OMDB,United Arab Emirates,Colombo-Bandaranaike International Airport,CMB,VCBI,Sri Lanka,7,0,0,0,-,-,Preliminary - official
20040208-0,Sunday,08-FEB-2004,16:10,A1, Maneuvering (MNV),"off Green Island, QLD",Australia,2,0, Damaged beyond repair,-,Cessna 208 Caravan I,1,Pratt & Whitney Canada PT6A-114,1986,-,-, VH-CYC, 20800108,Cape York Airlines,Training,-,Cairns Airport,CNS,YBCS,Australia,Cairns Airport,CNS,YBCS,Australia,2,0,0,0,-,-,Final
20040210-0,Tuesday,10-FEB-2004,11:38,A1, Approach (APR),3 km (1.9 mls) NW of Sharjah Airport (SHJ),United Arab Emirates,46,43, Damaged beyond repair,-,Fokker 50,2,Pratt & Whitney Canada PW125B,1993,19845.0,20466.0, EP-LCA, 20273,Kish Air,International Scheduled Passenger,IRK7170,Kish Island Airport,KIH,OIBK,Iran,Sharjah Airport,SHJ,OMSJ,United Arab Emirates,6,40,6,37,-,-,Final
20040212-0,Thursday,12-FEB-2004,-,A1, Standing (STD),Aarhus-Tirstrup Airport (AAR),Denmark,-,0, Substantial, Written off (damaged beyond repair),British Aerospace 3109 Jetstream 31,2,Garrett TPE331-10UGR-514H,1987,-,-, OY-MUE, 758,Sun-Air,-,-,-,-,-,-,-,-,-,-,-,-,0,0,-,-,-
20040214-0,Saturday,14-FEB-2004,18:00,A2, Taxi (TXI),"Attawapiskat River, ON",Canada,1,0, Minor, Repaired,de Havilland Canada DHC-3T Vazar Turbine Otter,1,Pratt & Whitney Canada PT6A-34,1954,-,-, C-GOFB, 39,Watson's Skyways,Passenger,-,-,-,-,-,-,-,-,-,-,-,0,0,-,-,-
20040220-0,Friday,20-FEB-2004,14:25,A2, Takeoff (TOF),"Buenos Aires/Ezeiza-Ministro Pistarini Airport, BA (EZE)",Argentina,111,0, Minor, Repaired,McDonnell Douglas DC-9-81 (MD-81),2,Pratt & Whitney JT8D-217A,1980,-,56630.0, LV-WPY, 48024/948,Austral Lineas Aéreas,Domestic Scheduled Passenger,2734,Buenos Aires-Jorge Newbery Airport,AEP,SABE,Argentina,Cataratas del Iguazú Airport,IGR,SARI,Argentina,6,105,0,0,-,-,Final
20040220-1,Friday,20-FEB-2004,21:57,A1, Landing (LDG),"Fort Lauderdale-Executive Airport, FL (FXE)",United States of America,4,0, Substantial, Written off (damaged beyond repair),Learjet 25B,2,General Electric CJ610-8A,1974,-,4104.0, N24RZ, 25-159,Skylinks Jets,Ambulance,-,San Juan-Luis Muñoz Marín International Airport,SJU,TJSJ,Puerto Rico,Fort Lauderdale-Executive Airport,FXE,KFXE,United States of America,2,2,0,0,-,-,Final
20040221-0,Saturday,21-FEB-2004,23:00,A2, Landing (LDG),Cardiff-Wales Airport (CWL),United Kingdom,120,0, Substantial, Repaired,Boeing 737-59D,2,CFMI CFM56-3C1,1990,33633.0,31210.0, G-BVKC, 24695/1872,bmibaby,International Scheduled Passenger,-,Málaga Airport,AGP,LEMG,Spain,Cardiff-Wales Airport,CWL,EGFF,United Kingdom,6,114,0,0,-,-,Final
20040224-0,Tuesday,24-FEB-2004,05:49,A1, Approach (APR),33 km (20.6 mls) E of Cagliari-Elmas Airport (CAG),Italy,6,6, Destroyed, Written off (damaged beyond repair),Cessna 500 Citation I,2,Pratt & Whitney Canada JT15D-1A,1976,-,6471.0, OE-FAN, 500-0289,City-jet Luftfahrtgesellschaft,Ambulance, 124,Roma-Ciampino Airport,CIA,LIRA,Italy,Cagliari-Elmas Airport,CAG,LIEE,Italy,3,3,3,3,-,-,Final
20040225-0,Wednesday,25-FEB-2004,12:47,A2, Landing (LDG),"Edmonton International Airport, AB (YEG)",Canada,35,0, Minor, Repaired,Boeing 737-210C,-,-,-,-,-, C-GNWN, 	21067/414,First Air,Domestic Scheduled Passenger,6501,Lupin Airport,YWO,CYWO,Canada,Edmonton International Airport,YEG,CYEG,Canada,4,31,0,0,-,-,-
20040226-0,Thursday,26-FEB-2004,07:59,A1, Approach (APR),10 km (6.3 mls) SSE of Mostar Airport (OMO),Bosnia and Herzegovina,9,9, Destroyed, Written off (damaged beyond repair),Beechcraft 200 Super King Air,2,Pratt & Whitney Canada PT6A-41,1980,4716.0,6048.0, Z3-BAB, BB-652,Macedonian Government,Official state flight,-,Skopje Airport,SKP,LWSK,North Macedonia,Mostar Airport,OMO,LQMO,Bosnia and Herzegovina,2,7,2,7,-,-,-
20040301-0,Monday,01-MAR-2004,01:40,A1, Takeoff (TOF),Jeddah-King Abdulaziz International Airport (JED),Saudi Arabia,273,0, Damaged beyond repair,-,Airbus A300B4-203,2,General Electric CF6-50C2,1980,-,-, AP-BBA, 114,PIA,International Scheduled Passenger,PK2002,Jeddah-King Abdulaziz International Airport,JED,OEJN,Saudi Arabia,Quetta Airport,UET,OPQT,Pakistan,12,261,0,0,-,-,Preliminary - official
20040303-0,Wednesday,03-MAR-2004,-,A2, Landing (LDG),Subic Bay International Airport (SFS),Philippines,14,0, Substantial, Repaired,de Havilland Canada DHC-6 Twin Otter 300,2,Pratt & Whitney Canada PT6A-27,1980,-,-, N702PV, 702,FedEx,Unknown,-,-,-,-,-,Subic Bay International Airport,SFS,RPLB,Philippines,-,-,0,0,-,-,Preliminary
20040304-0,Thursday,04-MAR-2004,09:40,A1, Initial climb (ICL),near Baku Airport (BAK),Azerbaijan,7,3, Damaged beyond repair,-,Ilyushin Il-76MD,4,Soloviev D-30KP-2,1986,-,-, UR-ZVA, 0063468036,Azov-Avia Airlines,Cargo,-,Baku-Bina International Airport,BAK,UBBB,Azerbaijan,Kabul Airport,KBL,OAKB,Afghanistan,7,0,3,0,-,-,Final
20040305-0,Friday,05-MAR-2004,04:30,A2, Landing (LDG),Hat Yai Airport (HDY),Thailand,8,0, Substantial, Repaired,Lockheed C-130H Hercules,-,-,-,-,-, L8-2/23, 4862,Thai AF,Military,-,Hat Yai Airport,HDY,VTSS,Thailand,Narathiwat Airport,NAW,VTSC,Thailand,7,1,0,0,-,-,Preliminary
20040305-1,Friday,05-MAR-2004,17:55,A1, En route (ENR),23 km (14.4 mls) S of Guayaquil-Simon Bolivar Airport (GYE),Ecuador,14,0, Damaged beyond repair,-,Dornier Do 28D-2 Skyservant,2,Lycoming IGSO-540-A1E,-,-,2977.0, HC-CBK, 4080,Aeropacifico,Domestic Scheduled Passenger,-,Machala Airport,MCH,SEMH,Ecuador,Guayaquil-Simon Bolivar Airport,GYE,SEGU,Ecuador,2,12,0,0,-,-,Final
20040306-0,Saturday,06-MAR-2004,15:30,A1, Takeoff (TOF),Holguín-Frank Pais Airport (HOG),Cuba,-,0, Damaged beyond repair,-,Ilyushin Il-18D,-,-,1968,-,-, CU-T1532, 188010904,Aerocaribbean,Domestic Non Scheduled Passenger,4317,Holguín-Frank Pais Airport,HOG,MUHG,Cuba,Havana-José Martí International Airport,HAV,MUHA,Cuba,-,-,0,0,-,-,Final
20040307-0,Sunday,07-MAR-2004,10:00,A2, Unknown (UNK),near Celaya,Mexico,4,0, Substantial, Repaired,Cessna 208B Grand Caravan,1,Pratt & Whitney Canada PT6A-114A,1995,-,-, XA-TBJ, 208B0463,Lynx S.A.,Passenger,-,-,-,-,-,-,-,-,-,2,2,0,0,-,-,Preliminary
20040308-0,Monday,08-MAR-2004,-,A1, Unknown (UNK),Lac Sainte Croix,France,3,2, Damaged beyond repair,-,Canadair CL-215-6B11 (CL-415),2,Pratt & Whitney Canada PW123AF,1996,-,-, F-ZBEZ, 2018,Securité Civile,Training,-,-,-,-,-,-,-,-,-,3,0,2,0,-,-,Preliminary
20040310-0,Wednesday,10-MAR-2004,20:42,A1, Approach (APR),"2 km (1.3 mls) E of San Diego-Miramar NAS, CA (NKX)",United States of America,4,4, Damaged beyond repair,-,Cessna UC-35D Citation Encore,-,-,-,-,-, 165938, 560-0567,USMC,Military,-,-,-,-,-,San Diego-Miramar NAS,NKX,KNKX,United States of America,2,2,2,2,-,-,Preliminary
20040314-0,Sunday,14-MAR-2004,13:02,A2, Takeoff (TOF),Florence-Peretola Airport (FLR),Italy,7,0, Substantial, Repaired,Cessna 525 CitationJet CJ1,2,Williams International FJ44-1A,2001,-,-, D-IMMM, 525-0460,WDL Aviation,Unknown, 500,Florence-Peretola Airport,FLR,LIRQ,Italy,Catania-Fontanarossa Airport,CTA,LICC,Italy,2,5,0,0,-,-,Preliminary - official
20040316-0,Tuesday,16-MAR-2004,04:01,A1, Approach (APR),"11 km (6.9 mls) SE of Tonopah-Test Range Airport, NV (XSD)",United States of America,5,5, Damaged beyond repair,-,Beechcraft 1900C,2,Pratt & Whitney Canada PT6A-65B,1985,-,-, N27RA, UB-37,USAF,Military,-,-,-,-,-,Tonopah-Test Range Airport,XSD,KTNX,United States of America,1,4,1,4,-,-,Final
20040317-0,Wednesday,17-MAR-2004,06:15,A1, Initial climb (ICL),near Mto wa Mbu,Tanzania,9,0, Damaged beyond repair,-,Cessna 208B Grand Caravan,1,Pratt & Whitney Canada PT6A-114A,1995,-,-, 5H-MUA, 208B0487,Regional Air Services,Domestic Scheduled Passenger,-,-,-,-,-,-,-,-,-,1,8,0,0,-,-,Preliminary - official
20040319-0,Friday,19-MAR-2004,06:45,A1, Landing (LDG),"Utica-Oneida County Airport, NY (UCA)",United States of America,2,0, Substantial, Written off (damaged beyond repair),Learjet 35A,2,Garrett TFE731-2-2C,1977,-,15331.0, N800AW, 35A-149,AirNet Systems,Cargo,-,Columbus-Port Columbus International Airport,CMH,KCMH,United States of America,Utica-Oneida County Airport,UCA,KUCA,United States of America,2,0,0,0,-,-,Final
20040320-0,Saturday,20-MAR-2004,11:59,A1, En route (ENR),3 km (1.9 mls) E off  Punta Gorda,Belize,1,0, Damaged beyond repair,-,Cessna 208B Grand Caravan,1,Pratt & Whitney Canada PT6A-114A,2000,-,-, V3-HGB, 208B0871,Tropic Air,Ferry/positioning,-,-,-,-,-,-,-,-,-,1,0,0,0,-,-,Preliminary
20040323-0,Tuesday,23-MAR-2004,10:24,A2, Taxi (TXI),London-Heathrow Airport (LHR),United Kingdom,194,0, Minor, Repaired,Airbus A321-211,2,CFMI CFM56-5B3/P,1998,-,-, EI-CPE, 926,Aer Lingus,International Scheduled Passenger,EI713,London-Heathrow Airport,LHR,EGLL,United Kingdom,Dublin Airport,DUB,EIDW,Ireland,8,186,0,0,-,-,Final
20040323-1,Tuesday,23-MAR-2004,10:24,A2, Pushback / towing (PBT),London-Heathrow Airport (LHR),United Kingdom,0,0, Minor, Repaired,Boeing 747-436,4,Rolls-Royce RB211-524H2,1990,-,-, G-BNLK, 24053/790,British Airways,-,-,-,-,-,-,-,-,-,-,0,0,0,0,-,-,Final
20040323-2,Tuesday,23-MAR-2004,12:50,A2, Landing (LDG),"Darwin Airport, NT (DRW)",Australia,2,0, Substantial, Repaired,Beechcraft 200C Super King Air,-,-,1980,-,-, VH-NTH, BL-12,Northern Territory Medical Service,Ambulance,-,Katherine-Tindal Airport,KTR,YPTN,Australia,Darwin Airport,DRW,YPDN,Australia,2,0,0,0,-,-,Final
20040324-0,Wednesday,24-MAR-2004,21:25,A1, Approach (APR),"within Pavlovsky district, Voronezhskaya Oblast",Russia,3,3, Damaged beyond repair,-,Antonov An-2SX,-,-,1988,-,-, RA-33596, 1G230-38,private,Agricultural,-,-,-,-,-,-,-,-,-,2,1,2,1,-,-,-
20040401-0,Thursday,01-APR-2004,18:30,A1, Taxi (TXI),"Hartford-Bradley International Airport, CT (BDL)",United States of America,16,0, Substantial, Written off (damaged beyond repair),Beechcraft 1900D,2,Pratt & Whitney Canada PT6A-67D,1993,-,18134.0, N149CJ, UE-49,US Airways Express,Domestic Scheduled Passenger,4997,Syracuse-Hancock International Airport,SYR,KSYR,United States of America,Windsor Locks-Bradley International Airport,BDL,KBDL,United States of America,2,14,0,0,-,-,Final
20040402-0,Friday,02-APR-2004,05:00,A1, Takeoff (TOF),Cairo International Airport (CAI),Egypt,7,0, Damaged beyond repair,-,Boeing 707-366C,4,Pratt & Whitney JT3D-7 (HK3),1973,-,-, SU-AVZ, 20762/868,Air Memphis,Cargo,-,Cairo International Airport,CAI,HECA,Egypt,Oostende Airport,OST,EBOS,Belgium,7,0,0,0,-,-,Preliminary - official
20040403-0,Saturday,03-APR-2004,-,A1, Landing (LDG),Shabunda,Democratic Republic of the Congo,4,0, Damaged beyond repair,-,Convair CV-580,-,-,-,-,-, 3D-ZOE, CL-66B-6,private,Cargo,-,-,-,-,-,-,-,-,-,3,1,0,0,-,-,Preliminary
20040404-0,Sunday,04-APR-2004,-,A1, Landing (LDG),Puerto Esperanza Airport,Peru,-,0, Damaged beyond repair,-,Antonov An-32B,2,Ivchenko AI-20,-,-,-, EP-837, 3506,Peruvian Army,Military,-,-,-,-,-,-,-,-,-,-,-,0,0,-,-,-
20040404-1,Sunday,04-APR-2004,-,A2, En route (ENR),120 km (75 mls) from  Kyzyl,Russia,4,0, Substantial, Repaired,Antonov An-26B,2,Ivchenko AI-24VT,1984,-,-, UN-26582, 13504,Irbis,Cargo,-,-,-,-,-,-,-,-,-,4,0,0,0,-,-,Preliminary
20040407-0,Wednesday,07-APR-2004,09:32,A1, Landing (LDG),Blackbushe Airport (BBS),United Kingdom,1,0, Damaged beyond repair,-,Raytheon 390 Premier I,2,Williams International FJ44,2001,-,-, N200PR, RB-79,Unknown,Ferry/positioning,-,Farnborough Airport,FAB,EGLF,United Kingdom,Blackbushe Airport,BBS,EGLK,United Kingdom,1,0,0,0,-,-,Final
20040413-0,Tuesday,13-APR-2004,10:50,A2, Approach (APR),"6,5 km (4.1 mls) from  Belize City",Belize,7,0, Substantial, Repaired,IRMA/Britten-Norman BN-2A-27 Islander,2,Lycoming O-540-E4C5,1977,-,-, V3-HGK, 853,Maya Island Air,Domestic Non Scheduled Passenger,-,-,-,-,-,Belize City-Philip S.W. Goldson International Airport,BZE,MZBZ,Belize,1,6,0,0,-,-,-
20040414-0,Wednesday,14-APR-2004,19:15,A1, Landing (LDG),"Daytona Beach, FL",United States of America,2,0, Damaged beyond repair,-,Beechcraft 300 Super King Air,-,-,1985,-,-, N301KS, FA-61,Mass Bay Kustom Leasing,Private,-,Stuart-Witham Field,SUA,KSUA,United States of America,-,-,-,-,1,1,0,0,-,-,Final
20040416-0,Friday,16-APR-2004,-,A1, Initial climb (ICL),Papeete-Faaa Airport (PPT),French Polynesia,1,0, Damaged beyond repair,-,Beechcraft B200 King Air,2,Pratt & Whitney Canada PT6A-42,1997,-,-, F-OHJL, BB-1592,Air Archipels,Test,-,Papeete-Faaa Airport,PPT,NTAA,French Polynesia,Papeete-Faaa Airport,PPT,NTAA,French Polynesia,1,0,0,0,-,-,Preliminary
20040417-0,Saturday,17-APR-2004,-,H2, En route (ENR),Cairo International Airport (CAI),Egypt,-,0, None,-,Airbus,-,-,-,-,-, registration unknown,-,Qatar Airways,International Scheduled Passenger, 553,-,-,-,-,Doha International Airport,DOH,OTBD,Qatar,-,92,0,0,-,-,-
20040418-0,Sunday,18-APR-2004,15:31,A2, Takeoff (TOF),La Romana Airport (LRM),Dominican Republic,8,0, Substantial, Repaired,Learjet 55,2,Garrett TFE731-3A-2B,1982,-,-, N355UJ, 55-033,Bombardier,Unknown,-,La Romana-Casa de Campo International Airport,LRM,MDLR,Dominican Republic,Wilmington-New Hanover County Airport,ILM,KILM,United States of America,2,6,0,0,-,-,Preliminary - official
20040419-0,Monday,19-APR-2004,10:18,A1, Landing (LDG),"Chibougamau/Chapais Airport, QC (YMT)",Canada,5,0, Substantial, Written off (damaged beyond repair),Beechcraft A100 King Air,2,Pratt & Whitney Canada PT6A-28,1972,-,-, C-FMAI, B-145,Myrand Aviation,Domestic Non Scheduled Passenger,-,Québec City Jean Lesage International Airport,YQB,CYQB,Canada,Chibougamau/Chapais Airport,YMT,CYMT,Canada,2,3,0,0,-,-,Final
20040420-0,Tuesday,20-APR-2004,10:38,A1, Taxi (TXI),Trieste-Dei Legionari Airport (TRS),Italy,96,0, Damaged beyond repair,-,McDonnell Douglas DC-9-82 (MD-82),2,Pratt & Whitney JT8D-217C,1985,34235.0,41745.0, I-DAWR, 49208/1190,Alitalia,Domestic Scheduled Passenger,AZ1357,Roma-Fiumicino Airport,FCO,LIRF,Italy,Trieste-Ronchi dei Legionari Airport,TRS,LIPQ,Italy,4,92,0,0,-,-,Final
20040427-0,Tuesday,27-APR-2004,03:00,A2, En route (ENR),"19 km (11.9 mls) NE of Helena, AR",United States of America,2,0, Substantial, Repaired,Cessna 208B Super Cargomaster,1,Pratt & Whitney Canada PT6A-114,1995,-,-, N738FX, 208B0482,FedEx,Training,8365,Memphis International Airport,MEM,KMEM,United States of America,Memphis International Airport,MEM,KMEM,United States of America,2,0,0,0,-,-,Final
20040427-1,Tuesday,27-APR-2004,04:15,A1, En route (ENR),Melo Airport (MLZ),Uruguay,3,0, Damaged beyond repair,-,Fokker F-27 Friendship 500,2,Rolls-Royce Dart 552-7R,1971,-,-, N715FE, 10468,FedEx,Cargo,7145,Buenos Aires/Ezeiza-Ministro Pistarini Airport,EZE,SAEZ,Argentina,Porto Alegre-Salgado Filho International Airport,POA,SBPA,Brazil,3,0,0,0,-,-,Final
20040427-2,Tuesday,27-APR-2004,-,A2, Takeoff (TOF),Moskva-Sheremetyevo Airport (SVO),Russia,108,0, Substantial, Repaired,Boeing 737-529,2,CFMI CFM56-3C1,1992,-,-, UR-VVB, 26537/2296,AeroSvit Airlines,International Scheduled Passenger, 406,Moskva-Sheremetyevo Airport,SVO,UUEE,Russia,Kiev-Zhulhyany Airport,IEV,UKKK,Ukraine,7,101,0,0,-,-,-
20040428-0,Wednesday,28-APR-2004,03:56,A1, Landing (LDG),Bogotá-Eldorado Airport (BOG),Colombia,3,0, Damaged beyond repair,-,McDonnell Douglas DC-10-30F,3,General Electric CF6-50C2,1981,12224.0,77864.0, N189AX, 48277/354,Centurion Air Cargo,Cargo,-,Miami International Airport,MIA,KMIA,United States of America,Bogotá-Eldorado Airport,BOG,SKBO,Colombia,3,0,0,0,-,-,Final
20040429-0,Thursday,29-APR-2004,19:30,A2, Landing (LDG),"Minneapolis-St Paul International Airport, MN (MSP)",United States of America,4,0, Substantial, Repaired,Lockheed C-130 Hercules,-,-,-,-,-, registration unknown,-,Air National Guard,Military,-,Minneapolis-St. Paul International Airport,MSP,KMSP,United States of America,Minneapolis-St. Paul International Airport,MSP,KMSP,United States of America,4,0,0,0,-,-,Preliminary
20040504-0,Tuesday,04-MAY-2004,11:45,A1, En route (ENR),Chimanta Mountains,Venezuela,7,7, Damaged beyond repair,-,Cessna 208B Grand Caravan,1,Pratt & Whitney Canada PT6A-114A,2001,-,-, YV-O-CBL-7, 208B0926,Bolívar Government,Domestic Non Scheduled Passenger,-,Ciudad Bolívar Airport,CBL,SVCB,Venezuela,-,-,-,-,2,5,2,5,-,-,Preliminary
20040505-0,Wednesday,05-MAY-2004,13:00,A1, Approach (APR),Carepa-Antonio Roldán Betancourt Airport (SKLC),Colombia,7,5, Damaged beyond repair,-,Swearingen SA227-AC Metro III,2,Garrett TPE331-11U-612,1987,-,19335.0, HK-4275X, AC-676,Aerotransporte Petrolero,Executive,-,Bogotá-Eldorado Airport,BOG,SKBO,Colombia,-,-,-,-,2,5,2,3,-,-,Final
20040505-1,Wednesday,05-MAY-2004,-,A1, En route (ENR),40 km (25 mls) NE of Vallecillos,Mexico,2,2, Damaged beyond repair,-,IRMA/Pilatus Britten-Norman BN-2B-27 Islander,-,-,1981,-,-, XC-FOE, 2031,Consejo de Recursos Minerales,Survey/research,-,-,-,-,-,-,-,-,-,1,1,1,1,-,-,Preliminary
20040506-0,Thursday,06-MAY-2004,15:00,A1, Takeoff (TOF),"Jiech, Jonglei State",South Sudan,10,6, Damaged beyond repair,-,Let L-410UVP,-,-,-,-,-, 9XR-EF,-,Kush Air,Cargo,-,-,-,-,-,-,-,-,-,2,8,1,5,-,-,Preliminary
20040506-1,Thursday,06-MAY-2004,13:58,A1, Taxi (TXI),Fort de France-Lamentin Air Base (FDF),Martinique,8,0, Damaged beyond repair,-,Transall C-160R,-,-,1970,-,18530.0, R-100/61-ZR, F-100,French AF,Military,-,Fort de France-Lamentin Air Base (BA 365),FDF,TFFF,Martinique,Fort de France-Lamentin Air Base (BA 365),FDF,TFFF,Martinique,8,0,0,0,-,-,Final
20040508-0,Saturday,08-MAY-2004,21:30,A1, Standing (STD),"Ganes Creek, AK",United States of America,2,0, Substantial, Written off (damaged beyond repair),Douglas C-54P (DC-4),4,Pratt & Whitney R-2000-4,1945,-,29667.0, N44911, 10461,Brooks Air Fuel,Cargo,-,-,-,-,-,Fairbanks International Airport,FAI,PAFA,United States of America,2,0,0,0,-,-,Final
20040509-0,Sunday,09-MAY-2004,14:50,A1, Landing (LDG),San Juan-Luis Munoz Marin International Airport (SJU),Puerto Rico,26,0, Damaged beyond repair,-,ATR 72-212,2,Pratt & Whitney Canada PW127,1995,18086.0,19276.0, N438AT, 438,American Eagle Airlines,Domestic Scheduled Passenger,5401,Mayaguez-Eugenio M. de Hostos Airport,MAZ,TJMZ,Puerto Rico,San Juan-Luis Muñoz Marín International Airport,SJU,TJSJ,Puerto Rico,4,22,0,0,-,-,Final
20040511-0,Tuesday,11-MAY-2004,10:18,A1, En route (ENR),near Tatal,Sudan,7,7, Damaged beyond repair,-,Antonov An-12BP,4,Ivchenko AI-20M,1961,7753.0,16609.0, ST-SIG, 1400101,El Magal Aviation,Cargo,-,Juba Airport,JUB,HSSJ,South Sudan,El Obeid Airport,EBD,HSOB,Sudan,7,0,7,0,-,-,Final
20040514-0,Friday,14-MAY-2004,18:35,A1, Approach (APR),"33 km (20.6 mls) from  Manaus, AM",Brazil,33,33, Damaged beyond repair,-,Embraer EMB-120ER Brasilia,2,Pratt & Whitney Canada PW118,1988,-,-, PT-WRO, 120070,Rico Linhas Aéreas,Domestic Scheduled Passenger,4815,Tefé Airport,TFF,SBTF,Brazil,Manaus-Eduardo Gomes International Airport,MAO,SBEG,Brazil,3,30,3,30,-,-,Preliminary
20040517-0,Monday,17-MAY-2004,11:01,A2, Takeoff (TOF),Male International Airport (MLE),Maldives,17,0, Substantial, Repaired,de Havilland Canada DHC-6 Twin Otter 300,2,Pratt & Whitney Canada PT6A-27,1974,-,44333.0, 8Q-TMC, 434,Trans Maldivian Airways,Domestic Scheduled Passenger,-,Malé International Airport,MLE,VRMM,Maldives,-,-,-,-,3,14,0,0,-,-,Final
20040518-0,Tuesday,18-MAY-2004,10:50,A1, Initial climb (ICL),10 km (6.3 mls) from  Urumqi Airport (URC),China,7,7, Damaged beyond repair,-,Ilyushin Il-76TD,4,Soloviev D-30KP-2,1985,-,-, 4K-AZ27, 0053460827,Silk Way,Cargo,-,Urumqi Airport,URC,ZWWW,China,Baku-Heydar Aliyev International Airport,GYD,UBBB,Azerbaijan,7,0,7,0,-,-,Preliminary
20040518-1,Tuesday,18-MAY-2004,-,A1, Takeoff (TOF),Bozoy,Kazakhstan,12,1, Damaged beyond repair,-,Antonov An-2P,-,-,1972,-,-, UN-70276, 1G139-35,Araiavia,Passenger,-,-,-,-,-,-,-,-,-,-,-,0,1,-,-,Preliminary
20040523-0,Sunday,23-MAY-2004,07:30,A1, Unknown (UNK),30 km (18.8 mls) S of Mwingi,Kenya,2,2, Damaged beyond repair,-,Let L-410UVP-E3,2,Walter M-601E,1987,-,-, 5Y-VVD, 872009,Blue Bird Aviation,Cargo,-,Nairobi-Wilson Airport,WIL,HKNW,Kenya,Mogadishu International Airport,MGQ,HCMM,Somalia,2,0,2,0,-,-,Preliminary
20040523-1,Sunday,23-MAY-2004,07:30,A2, Unknown (UNK),30 km (18.8 mls) S of Mwingi,Kenya,-,0, Substantial, Repaired,Let L-410UVP-E9,2,Walter M-601E,1996,-,-, 5Y-VVA, 962633,Blue Bird Aviation,Cargo,-,Nairobi-Wilson Airport,WIL,HKNW,Kenya,Mogadishu International Airport,MGQ,HCMM,Somalia,-,-,0,0,-,-,Preliminary
20040525-0,Tuesday,25-MAY-2004,-,A1, Approach (APR),W of Lukla,Nepal,3,3, Damaged beyond repair,-,de Havilland Canada DHC-6 Twin Otter 300,2,Pratt & Whitney Canada PT6A-27,1979,-,-, 9N-AFD, 651,Yeti Airlines,Cargo, 117,Kathmandu-Tribhuvan Airport,KTM,VNKT,Nepal,Lukla Airport,LUA,VNLK,Nepal,3,0,3,0,-,-,Final
20040527-0,Thursday,27-MAY-2004,15:57,A1, Landing (LDG),"Las Vegas-North Air Terminal, NV (VGT)",United States of America,2,0, Damaged beyond repair,-,Raytheon 390 Premier I,2,Williams International FJ44,2002,-,-, N5010X, RB-10,Raytheon,Private,-,Palm Springs International Airport,PSP,KPSP,United States of America,Las Vegas-North Air Terminal,VGT,KVGT,United States of America,1,1,0,0,-,-,Final
20040529-0,Saturday,29-MAY-2004,10:13,A2, Landing (LDG),Florence-Peretola Airport (FLR),Italy,6,0, Substantial, Repaired,British Aerospace BAe-146-300,4,Lycoming ALF502R-5,1989,-,-, G-BPNT, E3126,Flightline,Ferry/positioning,690P,London Southend Airport,SEN,EGMC,United Kingdom,Florence-Peretola Airport,FLR,LIRQ,Italy,6,0,0,0,-,-,Final
20040601-0,Tuesday,01-JUN-2004,07:00,A1, Takeoff (TOF),Kigali International Airport (KGL),Rwanda,12,0, Damaged beyond repair,-,Antonov An-32,2,Ivchenko AI-20,1989,-,-, 9XR-SN, 2105,Sun Air,Cargo,-,Beni Airport,BNC,FZNP,Democratic Republic of the Congo,Goma Airport,GOM,FZNA,Democratic Republic of the Congo,-,-,0,0,-,-,Preliminary
20040603-0,Thursday,03-JUN-2004,-,A1, Unknown (UNK),"near Genichesk, Kherson region",Ukraine,-,0, Damaged beyond repair,-,Antonov An-2TP,-,-,1973,-,-, UR-07194, 1G146-23,Atlant,Agricultural,-,-,-,-,-,-,-,-,-,-,-,0,0,-,-,Preliminary
20040606-0,Sunday,06-JUN-2004,-,O1, Standing (STD),Lahore Airport (LHE),Pakistan,0,0, Damaged beyond repair,-,Beechcraft Beechjet 400A,2,Pratt & Whitney Canada JT15D-5,1994,-,-, AP-BEX, RK-80,Punjab Government,-,-,-,-,-,-,-,-,-,-,0,0,0,0,-,-,-
20040607-0,Monday,07-JUN-2004,-,A1, Landing (LDG),Geneina Airport (EGN),Sudan,16,0, Damaged beyond repair,-,Antonov An-26B,2,Ivchenko AI-24VT,1980,-,-, ST-ARO, 10205,Ababeel Aviation,Passenger,-,El Fasher Airport,ELF,HSFS,Sudan,Geneina Airport,EGN,HSCN,Sudan,4,12,0,0,-,-,Preliminary
20040608-0,Tuesday,08-JUN-2004,09:38,A1, En route (ENR),off Libreville Airport (LBV),Gabon,30,19, Damaged beyond repair,-,Hawker Siddeley HS-748-232 Srs. 2A,2,Rolls-Royce Dart 534-2,1967,-,-, TR-LFW, 1611,Gabon Express,Domestic Scheduled Passenger, 221,Libreville Airport,LBV,FOOL,Gabon,Franceville/Mvengue Airport,MVB,FOON,Gabon,4,26,1,18,-,-,Preliminary
20040613-0,Sunday,13-JUN-2004,08:30,A1, En route (ENR),"Rupert, WV",United States of America,2,2, Destroyed, Written off (damaged beyond repair),Beechcraft 200 Super King Air,2,Pratt & Whitney Canada PT6A-41,1981,-,9449.0, N200BE, BB-832,Rader Aviation,Ferry/positioning,-,-,-,-,-,Lewisburg-Greenbrier Valley Airport,LWB,KLWB,United States of America,2,0,2,0,-,-,Final
20040614-0,Monday,14-JUN-2004,11:37,A1, Approach (APR),"10 km (6.3 mls) E of Kodiak Airport, AK (ADQ)",United States of America,1,1, Damaged beyond repair,-,Volpar Turboliner,2,Garrett TPE331,1952,-,16000.0, N401CK, AF-60,Bellair,Cargo,-,Anchorage-Ted Stevens International Airport,ANC,PANC,United States of America,Kodiak Airport,ADQ,PADQ,United States of America,1,0,1,0,-,-,Final
20040615-0,Tuesday,15-JUN-2004,18:18,A2, En route (ENR),"Dipneedle Lake, ON",Canada,7,0, Substantial, Repaired,de Havilland Canada DHC-3 Otter,1,Pratt & Whitney R-1340-S3H1-G,1953,-,-, C-GPPL, 007,Hawk Air,Domestic Non Scheduled Passenger,-,-,-,-,-,-,-,-,-,2,5,0,0,-,-,-
20040616-0,Wednesday,16-JUN-2004,-,A1, Landing (LDG),Chitral Airport (CJL),Pakistan,40,0, Damaged beyond repair,-,Fokker F-27 Friendship 200,2,Rolls-Royce Dart 532-7,1966,-,-, AP-AUR, 10307,PIA,Domestic Scheduled Passenger,PK660,Peshawar Airport,PEW,OPPS,Pakistan,Chitral Airport,CJL,OPCH,Pakistan,4,36,0,0,-,-,Preliminary
20040620-0,Sunday,20-JUN-2004,17:00,A1, Takeoff (TOF),Las Gaviotas Airport (LGT),Colombia,20,0, Destroyed, Written off (damaged beyond repair),Douglas DC-3-455,2,Pratt & Whitney R-1830,1942,-,50159.0, HK-1212, 4987,VIARCO,Domestic Non Scheduled Passenger,-,Las Gaviotas Airport,LGT,SKGA,Colombia,Puerto Carreño-Cumaribo Airport,PCR,SKPC,Colombia,2,18,0,0,-,-,Final
20040623-0,Wednesday,23-JUN-2004,19:40,A1, Landing (LDG),Siglufjördur Airport (SIJ),Iceland,-,0, Damaged beyond repair,-,Dornier 228-201,2,Garrett TPE331-5-252D,1985,-,-, TF-ELH, 8070,Islandsflug,Unknown,-,-,-,-,-,Siglufjördur Airport,SIJ,BISI,Iceland,-,-,0,0,-,-,Preliminary
20040626-0,Saturday,26-JUN-2004,17:28,A1, En route (ENR),"2,2 km (1.4 mls) ENE of Moskva-Myachkovo Airport",Russia,5,4, Damaged beyond repair,-,Lisunov Li-2T,2,Shvetsov ASh-62IR,1952,-,-, RA-1300K, 23441605,FLA RF,Domestic Non Scheduled Passenger,-,-,-,-,-,Kaluga-Grabtsevo Airport,KLF,UUBC,Russia,3,2,3,1,-,-,Preliminary
20040626-1,Saturday,26-JUN-2004,18:52,A1, Takeoff (TOF),Wau Airport (WUU),South Sudan,5,0, Damaged beyond repair,-,Antonov An-12BP,4,Ivchenko AI-20M,1965,-,-, ST-SAT, 5343502,Sarit Airlines,Cargo,-,Wau Airport,WUU,HSWW,South Sudan,Khartoum-Civil Airport,KRT,HSSS,Sudan,5,0,0,0,-,-,Preliminary - official
20040628-0,Monday,28-JUN-2004,15:10,A1, Takeoff (TOF),São Sebastião,Mozambique,2,2, Damaged beyond repair,-,Beechcraft 200 Super King Air,-,-,1977,-,-, ZS-NRW, BB-201,Ngangeni Air Charters,Ambulance,-,-,-,-,-,Vilanculos Airport,VNX,FQVL,Mozambique,2,0,2,0,-,-,Preliminary - official
20040630-0,Wednesday,30-JUN-2004,-,A2, Takeoff (TOF),Saint Vincent-E. T. Joshua (SVD),Saint Vincent and the Grenadines,3,0, Substantial, Repaired,de Havilland Canada DHC-6 Twin Otter 300,2,Pratt & Whitney Canada PT6A-27,1976,-,-, 8P-MLK, 477,Trans Island Air 2000,Ferry/positioning,-,Saint Vincent-E. T. Joshua,SVD,TVSV,Saint Vincent and the Grenadines,Bridgetown-Grantley Adams International Airport,BGI,TBPB,Barbados,3,0,0,0,-,-,Preliminary
20040630-1,Wednesday,30-JUN-2004,06:10,A1, Takeoff (TOF),"Green Bay-Austin-Straubel Field, WI (GRB)",United States of America,8,0, Damaged beyond repair,-,Beechcraft 200 Super King Air,2,Pratt & Whitney Canada PT6A-41,1980,-,6812.0, N432FA, BB-592,Frontline Aviation,Domestic Non Scheduled Passenger,-,Green Bay-Austin-Straubel Field,GRB,KGRB,United States of America,Grand Rapids-Gerald R. Ford International Airport,GRR,KGRR,United States of America,1,7,0,0,-,-,Final
20040702-0,Friday,02-JUL-2004,13:38,A1, Takeoff (TOF),Panama City-Tocumen International Airport (PTY),Panama,6,6, Damaged beyond repair,-,IAI 1124 Westwind,2,Garrett TFE731-3-1G,1979,-,-, N280AT, 247,Air Trek,Ambulance,-,Panama City-Tocumen International Airport,PTY,MPTO,Panama,Washington-Dulles International Airport,IAD,KIAD,United States of America,2,4,2,4,-,1,Preliminary - official
20040704-0,Sunday,04-JUL-2004,17:30,A1, Takeoff (TOF),"Canol Road, Mile 222, NT",Canada,2,0, Substantial, Written off (damaged beyond repair),de Havilland Canada DHC-6 Twin Otter 300,2,Pratt & Whitney Canada PT6A-27,1971,-,-, C-FMOL, 303,North-Wright Airways,Cargo,-,-,-,-,-,-,-,-,-,2,0,0,0,-,-,-
20040709-0,Friday,09-JUL-2004,-,A1, Takeoff (TOF),Yaroslavl Airport (IAR),Russia,2,0, Substantial, Written off (damaged beyond repair),Antonov An-2SX,1,PZL Kalisz (Shvetsov) ASz-62IR,1988,-,-, RA-02230, 1G235-01,Kostroma Air Enterprise,Agricultural,-,Yaroslavl-Tunoshna Airport,IAR,UUDL,Russia,Yaroslavl-Tunoshna Airport,IAR,UUDL,Russia,2,0,0,0,-,-,Final
20040709-1,Friday,09-JUL-2004,18:40,A1, Takeoff (TOF),"Chamadouro, Santa Domba Dão",Portugal,2,0, Substantial, Written off (damaged beyond repair),Canadair CL-215-1A10,2,Pratt & Whitney R-2800-CA3-E-231,1979,3313.0,4273.0, I-SRMB, 1012,SOREM,Fire fighting,-,-,-,-,-,-,-,-,-,2,0,0,0,-,-,Final
