identifiant,week_day,date,time,type_event,phase,location,country,total_occupants,total_fatalities,aircraft_damage,aircraft_fate,type_aircraft,number_engines,type_engines,first_flight,cycles,total_airframe_hours,registration,c_n_msn,operator,nature,flight_number,departure_airport_name,departure_airport_IATA,departure_airport_ICAO,departure_airport_country,destination_airport_name,destination_airport_IATA,destination_airport_ICAO,destination_airport_country,crew_number,passengers_number,crew_fatalities,passengers_fatalities,collision_casualties,ground_casualties,status
19821129-2,Monday,29-NOV-1982,-,A1, En route (ENR),near Quetame,Colombia,22,22, Damaged beyond repair,-,de Havilland Canada DHC-6 Twin Otter 310,2,Pratt & Whitney Canada PT6A-27,1980,-,-, HK-2536, 713,ACES,Domestic Scheduled Passenger, 189,San José del Guaviare Airport,SJE,SKSJ,Colombia,Bogotá-Eldorado Airport,BOG,SKBO,Colombia,2,20,2,20,-,-,-
19821199-1,-,xx-NOV-1982,-,U1, Unknown (UNK),Pontianak,Indonesia,-,-, Damaged beyond repair,-,Douglas DC-3C,-,-,1943,-,-, PK-OBJ, 19249,Airfast Indonesia,Unknown,-,-,-,-,-,-,-,-,-,-,-,-,-,-,-,-
19821201-0,Wednesday,01-DEC-1982,-,H2, En route (ENR),"Abbotsford Airport, BC (YXX)",Canada,-,0, None,-,Britten-Norman BN-2 Islander,-,-,-,-,-, registration unknown,-,Flight Centre Victoria,Domestic Non Scheduled Passenger,-,Victoria International Airport,YYJ,CYYJ,Canada,Abbotsford Airport,YXX,CYXX,Canada,-,-,0,0,-,-,-
19821204-0,Saturday,04-DEC-1982,-,A1, Takeoff (TOF),"Brasilia International Airport, DF (BSB)",Brazil,57,0, Damaged beyond repair,-,Boeing 707-323B,4,Pratt & Whitney JT3D-3B,1969,-,-, N8434, 20173/805,Global Int. Airways,Int'l Non Scheduled Passenger,-,Brasília-Presidente Juscelino Kubitschek International Airport,BSB,SBBR,Brazil,New York-John F. Kennedy International Airport,JFK,KJFK,United States of America,8,49,0,0,-,-,-
19821205-0,Sunday,05-DEC-1982,-,A1, Taxi (TXI),"Burbank/Glendale/Pasadena Airport, CA (BUR)",United States of America,-,0, Damaged beyond repair,-,Douglas C-53-DO (DC-3),-,-,1942,-,-, N163E, 7394,private,Unknown,-,-,-,-,-,-,-,-,-,-,-,0,0,-,-,-
19821206-0,Monday,06-DEC-1982,-,A1, Takeoff (TOF),Paris-Le Bourget Airport (LBG),France,4,0, Substantial, Written off (damaged beyond repair),Learjet 35A,2,Garrett TFE731-2-2B,1978,-,-, HB-VFO, 35A-184,Transair SA,Unknown,-,Paris-Le Bourget Airport,LBG,LFPB,France,-,-,-,-,2,2,0,0,-,-,-
19821207-0,Tuesday,07-DEC-1982,19:07,A1, En route (ENR),"32 km (20 mls) SSW of Pueblo Memorial Airport, CO (PUB)",United States of America,2,2, Destroyed, Written off (damaged beyond repair),Swearingen SA227-AC Metro III,2,Garrett TPE331,1981,-,2269.0, N30093, AC-449,Pioneer Airlines,Cargo,-,Santa Fe Airport,SAF,KSAF,United States of America,Pueblo Memorial Airport,PUB,KPUB,United States of America,2,0,2,0,-,-,Final
19821209-1,Thursday,09-DEC-1982,13:27,A1, Approach (APR),La Serena-La Florida Airport (LSC),Chile,46,46, Destroyed, Written off (damaged beyond repair),Fairchild F-27A,2,Rolls-Royce Dart 532-7,1959,-,47357.0, CC-CJE,  63,Aeronor Chile,Domestic Scheduled Passenger, 304,Santiago-Los Cerrillos Airport,ULC,SCTI,Chile,La Serena-La Florida Airport,LSC,SCSE,Chile,4,42,4,42,-,-,Final
19821210-0,Friday,10-DEC-1982,-,A1, Landing (LDG),Manado Airport (MDC),Indonesia,45,0, Damaged beyond repair,-,Hawker Siddeley HS-748-235 Srs. 2A,-,-,1967,-,-, PK-IHI, 1626,Bouraq Indonesia,Scheduled Passenger,-,-,-,-,-,Manado-Sam Ratulangi Airport,MDC,WAMM,Indonesia,3,42,0,0,-,-,-
19821212-0,Sunday,12-DEC-1982,17:30,A1, Initial climb (ICL),near Mariquita Airport (MQU),Colombia,4,4, Damaged beyond repair,-,Douglas C-47A-70-DL (DC-3),2,Pratt & Whitney R-1830-92,1943,-,-, HK-2580, 19127,TALA,Training,-,Girardot-Santiago Vila Airport,GIR,SKGI,Colombia,Mariquita Airport,MQU,SKQU,Colombia,4,0,4,0,-,1,-
19821216-0,Thursday,16-DEC-1982,-,A1, En route (ENR),"Sakhanskoye, Shiryayevsky district, Odessa region",Ukraine,-,0, Damaged beyond repair,-,Antonov An-24B,-,-,1968,-,-, CCCP-46567, 87304708,Aeroflot / Central Region,Domestic Scheduled Passenger,-,Kiev-Borispol Airport,KBP,UKBB,Ukraine,Odessa-Central Airport,ODS,UKOO,Ukraine,-,-,0,0,-,-,-
19821223-0,Thursday,23-DEC-1982,-,A1, Takeoff (TOF),1 km (0.6 mls) from  Rostov Airport (ROV),Russia,16,16, Damaged beyond repair,-,Antonov An-26,-,-,1977,-,-, CCCP-26627, 77305208,Aeroflot / Turkmenistan,Cargo,-,Rostov Airport,ROV,URRR,Russia,Krasnovodsk Airport,KRW,UTAK,Turkmenistan,16,0,16,0,-,-,-
19821224-0,Friday,24-DEC-1982,17:10,A1, Landing (LDG),Guangzhou-Baiyun Airport (CAN),China,69,25, Damaged beyond repair,-,Ilyushin Il-18B,-,-,1959,-,-, B-202, 189001401,CAAC,Domestic Scheduled Passenger,2311,Changsha-Huanghua Airport,CSX,ZGHA,China,Guangzhou-Baiyun Airport,CAN,ZGGG,China,11,58,0,25,-,-,-
19821228-0,Tuesday,28-DEC-1982,-,U1, Unknown (UNK),at an unknown location,Democratic Republic of the Congo,-,-, Damaged beyond repair,-,Dornier Do 128-6 Turbo Skyservant,2,Pratt & Whitney Canada PT6A-110,-,-,-, 9Q-COT, 6005,SOMINKI,Unknown,-,-,-,-,-,-,-,-,-,-,-,-,-,-,-,-
19821230-0,Thursday,30-DEC-1982,-,H2, En route (ENR),"Pittsburgh International Airport, PA (PIT)",United States of America,77,0, None,-,Boeing 727,-,-,-,-,-, registration unknown,-,United Airlines,Domestic Scheduled Passenger,UA702,Chicago-O'Hare International Airport,ORD,KORD,United States of America,Pittsburgh International Airport,PIT,KPIT,United States of America,-,-,0,0,-,-,-
19829999-0,-,xx-xxx-1982,-,U1, Unknown (UNK),Great Abaco,Bahamas,-,-, Damaged beyond repair,-,Douglas C-54Q (DC-4),-,-,1945,-,-, N111AV, 22186,Florida Aircraft Leasing,Unknown,-,-,-,-,-,-,-,-,-,-,-,-,-,-,-,-
19829999-1,-,xx-xxx-1982,-,A1, Unknown (UNK),at an unknown location,Libya,-,0, Damaged beyond repair,-,de Havilland Canada DHC-6 Twin Otter 300,2,Pratt & Whitney Canada PT6A-27,1979,-,-, 5A-DCW, 639,Libyan Ministry of Agriculture,Unknown,-,-,-,-,-,-,-,-,-,-,-,0,0,-,-,-
19829999-2,-,xx-xxx-1982,-,U1, Unknown (UNK),Manila,Philippines,-,-, Damaged beyond repair,-,Douglas C-47B-10-DK (DC-3),2,Pratt & Whitney R-1830-90C,1944,-,-, RP-C3, 26209/14764,Bangko Sentral Ng Pilipinas,Unknown,-,-,-,-,-,-,-,-,-,-,-,-,-,-,-,-
19820102-0,Saturday,02-JAN-1982,13:25,A1, Approach (APR),"N of Pensacola Regional Airport, FL (PNS)",United States of America,8,1, Damaged beyond repair,-,Beechcraft UC-12B Huron (A200C Super King Air),-,-,1979,-,-, 161189, BJ-5,US Navy,Military,-,Norfolk NAS Chambers,NGU,KNGU,United States of America,Pensacola NAS,NPA,KNPA,United States of America,-,-,1,0,-,-,-
19820107-0,Thursday,07-JAN-1982,-,H2, Unknown (UNK),Barranquilla-Ernesto Cortissoz Airport (BAQ),Colombia,-,0, None,-,Boeing 727-114,-,-,1967,-,-, HK-2637, 19815/443,Aerotal Colombia,Domestic Scheduled Passenger,-,Santa Marta-Simón Bolívar Airport,SMR,SKSM,Colombia,Barranquilla-Ernesto Cortissoz Airport,BAQ,SKBQ,Colombia,-,70,0,0,-,-,-
19820107-1,Thursday,07-JAN-1982,13:35,A1, En route (ENR),22 km (13.8 mls) SE of Gelendzhik,Russia,18,18, Destroyed, Written off (damaged beyond repair),Let L-410M,2,Walter M-601A,1978,3747.0,1895.0, CCCP-67290, 781101,Aeroflot / Georgia,Domestic Scheduled Passenger,G-96,-,-,-,-,Sukhumi-Babusheri Airport,SUI,UGSS,Georgia,2,16,2,16,-,-,-
19820108-0,Friday,08-JAN-1982,20:52,A2, Landing (LDG),Zürich-Kloten Airport (ZRH),Switzerland,15,0, Minor, Repaired,Swearingen SA227-AC Metro III,-,-,1981,-,-, HB-LNB, AC-470,Crossair,International Scheduled Passenger,LX597,Nürnberg Airport,NUE,EDDN,Germany,Zürich-Kloten Airport,ZRH,LSZH,Switzerland,2,13,0,0,-,-,Final
19820111-1,Monday,11-JAN-1982,-,A1, En route (ENR),130 km (81.3 mls) NNE of Narsarsuaq,Greenland,2,2, Damaged beyond repair,-,Learjet 25XR,-,-,-,-,-, HZ-GP5, 25-199,Redec Aviation,Executive,-,-,-,-,-,Narsarsuaq Airport,UAK,BGBW,Greenland,2,0,2,0,-,-,-
19820113-0,Wednesday,13-JAN-1982,16:01,A1, Initial climb (ICL),"1,4 km (0.9 mls)  N of Washington-National Airport, DC (DCA) [Potomac River]",United States of America,79,74, Destroyed, Written off (damaged beyond repair),Boeing 737-222,2,Pratt & Whitney JT8D-9A,1969,29549.0,23608.0, N62AF, 19556/130,Air Florida,Domestic Scheduled Passenger,  90,Washington-National Airport,DCA,KDCA,United States of America,Tampa International Airport,TPA,KTPA,United States of America,5,74,4,70,-,4,Final
19820114-0,Thursday,14-JAN-1982,-,A1, Unknown (UNK),near Addis Ababa,Ethiopia,73,73, Damaged beyond repair,-,Antonov An-26,-,-,-,-,-, registration unknown,-,Ethiopian AF,Military,-,-,-,-,-,-,-,-,-,-,-,-,-,-,-,-
19820116-0,Saturday,16-JAN-1982,-,A1, Unknown (UNK),Shevchenko,Kazakhstan,3,0, Damaged beyond repair,-,Yakovlev Yak-40,3,Ivchenko AI-25,1977,-,-, CCCP-87902, 9720454,Aeroflot / Kazakstan,Unknown,-,-,-,-,-,-,-,-,-,3,0,0,0,-,-,-
19820117-0,Sunday,17-JAN-1982,22:45,A1, Initial climb (ICL),"Pearl Harbor Channel, HI",United States of America,3,0, Destroyed, Written off (damaged beyond repair),Convair CV-440-75,2,Pratt & Whitney R-2800,1956,-,40846.0, N21DR, 325,Island Airlines Hawaii,Cargo,-,Honolulu International Airport,HNL,PHNL,United States of America,Kahului Airport,OGG,PHOG,United States of America,3,0,0,0,-,-,Final
19820118-0,Monday,18-JAN-1982,-,A1, Landing (LDG),"Corpus Christi NAS, TX (NGP)",United States of America,8,0, Damaged beyond repair,-,Convair HC-131A (CV-240),-,-,-,-,-, 5786, 53-06,US Coast Guard,Military,-,Corpus Christi NAS,NGP,KNGP,United States of America,Corpus Christi NAS,NGP,KNGP,United States of America,-,-,0,0,-,-,-
19820119-1,Tuesday,19-JAN-1982,08:30,A1, Landing (LDG),"Miami International Airport, FL (MIA)",United States of America,6,0, Substantial, Written off (damaged beyond repair),Canadair CL-44D4-1,4,Rolls-Royce Tyne 515,1961,-,42851.0, HC-BHS, 14,AECA,Cargo,-,Miami International Airport,MIA,KMIA,United States of America,Managua-Augusto C Sandino Airport,MGA,MNMG,Nicaragua,4,2,0,0,-,-,Final
19820121-0,Thursday,21-JAN-1982,01:54,A1, Takeoff (TOF),"Opa-locka Airport, FL (OPF)",United States of America,2,0, Substantial, Written off (damaged beyond repair),Douglas DC-3A,2,Wright R-1820-202A,1942,-,37721.0, N211TA, 6342,Tursair,Training,-,Opa-locka Airport,OPF,KOPF,United States of America,Opa-locka Airport,OPF,KOPF,United States of America,2,0,0,0,-,-,Final
19820121-1,Thursday,21-JAN-1982,21:04,A1, En route (ENR),10 km (6.3 mls) E of Noumea-Tontouta Airport (NOU),New Caledonia,7,7, Damaged beyond repair,-,Douglas C-54E-15-DO (DC-4),-,-,1945,-,-, 49148, 27374,French Navy,Military,-,Nouméa-Tontouta Airport,NOU,NWWW,New Caledonia,Nouméa-Tontouta Airport,NOU,NWWW,New Caledonia,7,0,7,0,-,-,-
19820123-0,Saturday,23-JAN-1982,19:36,A1, Landing (LDG),"Boston-Logan International Airport, MA (BOS)",United States of America,212,2, Destroyed, Written off (damaged beyond repair),McDonnell Douglas DC-10-30CF,3,General Electric CF6-50C2,1980,-,6327.0, N113WA, 47821/320,World Airways,Domestic Scheduled Passenger,  30,Newark International Airport,EWR,KEWR,United States of America,Boston-Logan International Airport,BOS,KBOS,United States of America,12,200,0,2,-,-,Final
19820125-0,Monday,25-JAN-1982,-,A1, Approach (APR),near Constanta Airport (CND),Romania,7,7, Damaged beyond repair,-,Antonov An-24RV,2,Ivchenko AI-24VT,1975,-,-, YR-BMD, 57310202,Tarom,Training,-,Bucharest-Baneasa Airport,BBU,LRBS,Romania,Constanta-Kogalniceanu Airport,CND,LRCK,Romania,7,0,7,0,-,-,-
19820125-1,Monday,25-JAN-1982,-,A1, Takeoff (TOF),Bácsbokod,Hungary,-,-, Damaged beyond repair,-,Antonov An-2R,-,-,-,-,-, HA-MBI, 1G166-27,Ministry for Agriculture and Nutrition,Agricultural,-,-,-,-,-,-,-,-,-,-,-,-,-,-,-,-
19820126-0,Tuesday,26-JAN-1982,-,C1, Approach (APR),Damascus International Airport (DAM),Syria,-,0, Damaged beyond repair,-,Boeing 707-348C,4,Pratt & Whitney JT3D-3B,1964,-,-, 7O-ACJ, 18737/377,Alyemda,Cargo,-,-,-,-,-,Damascus International Airport,DAM,OSDI,Syria,-,-,0,0,-,-,-
19820127-0,Wednesday,27-JAN-1982,-,H2, En route (ENR),"Bogotá, Cali",Colombia,134,0, Substantial, Repaired,Boeing 727-114,-,-,1967,-,-, HK-2637X, 19815/443,Aerotal Colombia,Domestic Scheduled Passenger,-,Bogotá-Eldorado Airport,BOG,SKBO,Colombia,Pereira-Matecaña Airport,PEI,SKPE,Colombia,6,128,0,0,-,-,-
19820201-0,Monday,01-FEB-1982,00:45,A1, Approach (APR),"Groton, CT",United States of America,7,0, Destroyed, Written off (damaged beyond repair),Beechcraft 99 Airliner,2,Pratt & Whitney Canada PT6A-20,1969,-,19188.0, N451C, U- 66,Pilgrim Airlines,Domestic Scheduled Passenger,-,New Haven Airport,HVN,KHVN,United States of America,Groton-New London Airport,GON,KGON,United States of America,2,5,0,0,-,-,Final
19820202-0,Tuesday,02-FEB-1982,-,H2, Unknown (UNK),Havana,Cuba,77,0, Unknown,-,Boeing 737-200,-,-,-,-,-, registration unknown,-,Air Florida,Domestic Scheduled Passenger, 710,Miami International Airport,MIA,KMIA,United States of America,Key West International Airport,EYW,KEYW,United States of America,-,-,0,0,-,-,-
19820203-0,Wednesday,03-FEB-1982,-,A1, En route (ENR),Mount Garbi,Djibouti,36,36, Damaged beyond repair,-,Nord 2501 Noratlas,2,Bristol Hercules 739,-,-,-, 140, 140,French AF,Military,-,Djibouti Airport,JIB,HDAM,Djibouti,Djibouti Airport,JIB,HDAM,Djibouti,-,-,-,-,-,-,-
19820204-0,Thursday,04-FEB-1982,-,A1, Unknown (UNK),Caracas,Venezuela,-,-, Damaged beyond repair,-,Beechcraft 200 Super King Air,-,-,1976,-,-, YV-426P, BB-142,Unknown,Unknown,-,-,-,-,-,-,-,-,-,-,-,-,-,-,-,-
19820205-0,Friday,05-FEB-1982,-,O1, Standing (STD),Salisbury Airport (HRE),Zimbabwe,-,0, Damaged beyond repair,-,Canadair CL-44D4-2,4,Rolls-Royce Tyne 515,1961,-,-, TR-LVO, 20,Affretair,-,-,-,-,-,-,-,-,-,-,-,-,0,0,-,-,-
19820206-0,Saturday,06-FEB-1982,-,A1, En route (ENR),near Jeju (Cheju) International Airport (CJU),South Korea,53,53, Damaged beyond repair,-,Fairchild C-123J Provider,-,-,-,-,-, registration unknown,-,South Korea AF,Military,-,-,-,-,-,Jeju (Cheju) International Airport,CJU,RKPC,South Korea,6,47,6,47,-,-,-
19820207-0,Sunday,07-FEB-1982,-,A1, En route (ENR),120 km (75 mls) N of Jammu,India,23,23, Damaged beyond repair,-,Fairchild C-119 Flying Boxcar,-,-,-,-,-, registration unknown,-,Indian AF,Military,-,Pathankot Air Base,IXP,VIPK,India,Leh Airport,IXL,VILH,India,-,-,-,-,-,-,-
19820209-0,Tuesday,09-FEB-1982,08:44,A1, Approach (APR),Tokyo-Haneda Airport (HND),Japan,174,24, Damaged beyond repair,-,McDonnell Douglas DC-8-61,4,Pratt & Whitney JT3D-3B,1967,-,36955.0, JA8061, 45889/291,JAL,Domestic Scheduled Passenger,JL350,Fukuoka Airport,FUK,RJFF,Japan,Tokyo-Haneda Airport,HND,RJTT,Japan,8,166,0,24,-,-,-
19820209-1,Tuesday,09-FEB-1982,-,A1, En route (ENR),Mt. Ipao,Philippines,32,3, Damaged beyond repair,-,Douglas C-47A-70-DL (DC-3),2,Pratt & Whitney R-1830-92,1943,-,-, RP-C141, 19251,Trans Air Services,Domestic Non Scheduled Passenger,-,Manila International Airport,MNL,RPLL,Philippines,-,-,-,-,3,29,2,1,-,-,-
19820211-0,Thursday,11-FEB-1982,-,A1, En route (ENR),near Sa Keao,Vietnam,13,1, Damaged beyond repair,-,Antonov An-26,-,-,-,-,-, 26264,-,Vietnam People's Air Force,Military,-,-,-,-,-,-,-,-,-,13,0,1,0,-,-,-
19820211-1,Thursday,11-FEB-1982,-,O1, Standing (STD),Batagay Airport,Russia,0,0, Damaged beyond repair,-,Let L-410M,-,-,1977,-,-, CCCP-67237, 770803,Aeroflot / Yakutsk,-,-,-,-,-,-,-,-,-,-,0,0,0,0,-,-,-
19820213-0,Saturday,13-FEB-1982,-,H2, Standing (STD),"Amarillo International Airport, TX (AMA)",United States of America,2,0, None,-,Boeing 727-200,-,-,-,-,-, registration unknown,-,Braniff Airways,-,-,-,-,-,-,-,-,-,-,-,-,0,0,-,-,-
19820216-0,Tuesday,16-FEB-1982,09:05,A2, Approach (APR),"near King Salmon Airport, AK (AKN)",United States of America,39,0, Substantial, Repaired,NAMC YS-11A-621,2,Rolls-Royce Dart 532-10K,1973,3239.0,4385.0, N169RV, 2169,Reeve Aleutian Airways,Domestic Scheduled Passenger,  69,Anchorage International Airport,ANC,PANC,United States of America,King Salmon Airport,AKN,PAKN,United States of America,3,36,0,0,-,-,Final
19820219-0,Friday,19-FEB-1982,-,A1, Approach (APR),18 km (11.3 mls) NNW of Subachoque,Colombia,4,4, Damaged beyond repair,-,Douglas DC-6BF,-,-,1953,-,-, HK-1706, 44168/431,LAC Colombia,Cargo,-,-,-,-,-,-,-,-,-,4,0,4,0,-,-,-
19820220-0,Saturday,20-FEB-1982,12:55,A1, Takeoff (TOF),"Netheravon, Wiltshire",United Kingdom,9,0, Damaged beyond repair,-,Britten-Norman BN-2A-9 Islander,2,Lycoming O-540-E,1973,-,5466.0, G-BBRP, 371,Army Parachute Association,Parachuting,-,-,-,-,-,-,-,-,-,1,8,0,0,-,-,Final
19820221-1,Sunday,21-FEB-1982,15:33,A1, En route (ENR),"Scituate Reservoir, RI",United States of America,12,1, Destroyed, Written off (damaged beyond repair),de Havilland Canada DHC-6 Twin Otter 100,2,Pratt & Whitney Canada PT6A-27,1968,-,27015.0, N127PM, 105,Pilgrim Airlines,Domestic Scheduled Passenger, 458,Groton-New London Airport,GON,KGON,United States of America,Boston-Logan International Airport,BOS,KBOS,United States of America,2,10,0,1,-,-,Final
19820224-0,Wednesday,24-FEB-1982,-,H2, Standing (STD),Beirut International Airport (BEY),Lebanon,105,0, None,-,Boeing 707-300,-,-,-,-,-, registration unknown,-,Kuwait Airways,International Scheduled Passenger,-,Beirut International Airport,BEY,OLBA,Lebanon,Kuwait International Airport,KWI,OKBK,Kuwait,-,-,0,0,-,-,-
19820226-0,Friday,26-FEB-1982,-,H2, En route (ENR),"Nairobi, Jeddah, Athens, London-Stansted",United Kingdom,104,0, None,-,Boeing 737-2R8C,2,Pratt & Whitney JT8D-17,1978,-,-, 5H-ATC, 21710/546,Air Tanzania,Domestic Scheduled Passenger,-,Mwanza Airport,MWZ,HTMW,Tanzania,Dar Es Salaam International Airport,DAR,HTDA,Tanzania,5,99,0,0,-,-,-
19820301-0,Monday,01-MAR-1982,-,H2, En route (ENR),"Miami International Airport, FL (MIA)",United States of America,97,0, None,-,Boeing 727,-,-,-,-,-, registration unknown,-,United Airlines,Domestic Scheduled Passenger,UA674,Chicago-O'Hare International Airport,ORD,KORD,United States of America,Miami International Airport,MIA,KMIA,United States of America,-,-,0,0,-,-,-
19820303-0,Wednesday,03-MAR-1982,-,U1, Unknown (UNK),at an unknown location,Unknown country,-,-, Damaged beyond repair,-,Britten-Norman BN-2A-27R Islander,-,-,1977,-,-, HC-BFJ, 590,ATESA,Unknown,-,-,-,-,-,-,-,-,-,-,-,-,-,-,-,-
19820307-0,Sunday,07-MAR-1982,-,O1, Standing (STD),"Columbia-McEntire Air National Guard Base, SC (MMT)",United States of America,0,0, Damaged beyond repair,-,Lockheed C-141B Starlifter,4,Pratt & Whitney TF33-P-7,-,-,21878.0, 67-0017, 300-6268,USAF,Military,-,-,-,-,-,-,-,-,-,0,0,0,0,-,-,-
19820310-0,Wednesday,10-MAR-1982,-,U1, Unknown (UNK),at an unknown location,Papua New Guinea,-,-, Damaged beyond repair,-,IRMA/Britten-Norman BN-2A-20 Islander,-,-,1975,-,-, P2-HAC, 762,Heron Air Charter,Unknown,-,-,-,-,-,-,-,-,-,-,-,-,-,-,-,-
19820311-0,Thursday,11-MAR-1982,13:27,A1, En route (ENR),6 km (3.8 mls) SE off  Gamvik,Norway,15,15, Destroyed, Written off (damaged beyond repair),de Havilland Canada DHC-6 Twin Otter 300,2,Pratt & Whitney Canada PT6A-27,1977,-,-, LN-BNK, 568,Widerøes Flyveselskap,Domestic Scheduled Passenger,WF933,Berlevåg Airport,BVG,ENBV,Norway,Mehamn Airport,MEH,ENMR,Norway,2,13,2,13,-,-,-
19820313-0,Saturday,13-MAR-1982,10:51,A1, Approach (APR),"9 km (5.6 mls) SW of Phoenix-Luke AFB, AZ (LUF)",United States of America,4,4, Damaged beyond repair,-,Boeing KC-135A Stratotanker,4,Pratt & Whitney J57-P,1958,-,10650.0, 57-1489, 17560/169,USAF,Military,-,Phoenix-Luke AFB,LUF,KLUF,United States of America,Phoenix-Luke AFB,LUF,KLUF,United States of America,4,0,4,0,2,-,Final
19820315-0,Monday,15-MAR-1982,-,A1, Approach (APR),ca 6 km W of Anapa Airport (AAQ),Russia,9,9, Damaged beyond repair,-,Antonov An-26,-,-,-,-,-, registration unknown,-,Soviet Navy,Military,-,Anapa Airport,AAQ,URKA,Russia,-,-,-,-,6,3,6,3,-,-,-
19820317-0,Wednesday,17-MAR-1982,08:10,A1, Takeoff (TOF),Sana'a International Airport (SAH),Yemen,124,0, Destroyed, Written off (damaged beyond repair),Airbus A300B4-203,2,General Electric CF6-50C2,1979,3376.0,9053.0, F-BVGK, 070,Air France,International Scheduled Passenger,AF125,Sana'a International Airport,SAH,ODSN,Yemen,Cairo International Airport,CAI,HECA,Egypt,13,111,0,0,-,-,Final
19820317-1,Wednesday,17-MAR-1982,-,U1, Unknown (UNK),at an unknown location,Unknown country,-,-, Damaged beyond repair,-,Britten-Norman BN-2A-21 Islander,-,-,1981,-,-, 3003, 3003,Philippine AF,Military,-,-,-,-,-,-,-,-,-,-,-,-,-,-,-,-
19820319-0,Friday,19-MAR-1982,21:10,A1, Approach (APR),"Greenwood, IL",United States of America,27,27, Damaged beyond repair,-,Boeing KC-135A Stratotanker,4,Pratt & Whitney J57-P,1959,-,9249.0, 58-0031, 17776/246,USAF,Military,-,Marquette-Sawyer International Airport,MQT,KSAW,United States of America,Chicago-O'Hare International Airport,ORD,KORD,United States of America,4,23,4,23,-,-,-
19820320-1,Saturday,20-MAR-1982,-,A1, Landing (LDG),Bandar Lampung-Branti Airport (TKG),Indonesia,27,27, Damaged beyond repair,-,Fokker F-28 Fellowship 1000,-,-,1974,14372.0,15760.0, PK-GVK, 11078,Garuda,Domestic Scheduled Passenger,-,-,-,-,-,Bandar Lampung-Branti Airport,TKG,WICT,Indonesia,4,23,4,23,-,-,-
19820321-0,Sunday,21-MAR-1982,-,O1, Standing (STD),"Macon-Lewis B. Wilson Airport, GA (MCN)",United States of America,0,0, Damaged beyond repair,-,Lockheed L-188AF Electra,-,-,1958,-,-, N5504, 1009,Zantop,-,-,-,-,-,-,-,-,-,-,0,0,0,0,-,-,-
19820321-1,Sunday,21-MAR-1982,-,O1, Standing (STD),"Macon-Lewis B. Wilson Airport, GA (MCN)",United States of America,0,0, Damaged beyond repair,-,Lockheed L-188AF Electra,-,-,1959,-,-, N5516, 1022,Zantop,-,-,-,-,-,-,-,-,-,-,0,0,0,0,-,-,-
19820326-0,Friday,26-MAR-1982,18:00,A1, Maneuvering (MNV),near Igenhausen,Germany,3,3, Destroyed, Written off (damaged beyond repair),Dornier 228-100,-,-,1981,180.0,210.0, D-IFNS, 4358,Dornier,Test,-,Oberpfaffenhofen Airport,OBF,EDMO,Germany,Oberpfaffenhofen Airport,OBF,EDMO,Germany,3,0,3,0,-,-,-
19820326-1,Friday,26-MAR-1982,15:25,A1, En route (ENR),near Quétame,Colombia,21,21, Damaged beyond repair,-,Vickers 745D Viscount,-,-,1956,-,-, HK-2382, 212,Aeropesca Colombia,Domestic Scheduled Passenger, 217,Villavicencio-La Vanguardia Airport,VVC,SKVV,Colombia,Bogotá-Eldorado Airport,BOG,SKBO,Colombia,6,15,6,15,-,-,-
19820399-0,-,xx-MAR-1982,-,U1, Unknown (UNK),unknown,Unknown country,-,-, Damaged beyond repair,-,Douglas C-117D (DC-3),-,-,1943,-,-, N117RR, 44305,Foreman Flying Service,Unknown,-,-,-,-,-,-,-,-,-,-,-,-,-,-,-,-
19820405-0,Monday,05-APR-1982,-,H2, En route (ENR),Havana-José Martí International Airport (HAV),Cuba,103,0, None,-,Boeing 727,-,-,-,-,-, registration unknown,-,Delta Air Lines,Domestic Scheduled Passenger,DL591,Chicago-O'Hare International Airport,ORD,KORD,United States of America,Miami International Airport,MIA,KMIA,United States of America,-,-,0,0,-,-,-
19820411-0,Sunday,11-APR-1982,-,O1, Standing (STD),"Paulatuk Airport, NT (YPC)",Canada,-,0, Damaged beyond repair,-,Lockheed L-100-20 Hercules,4,Allison 501-D22A,1966,-,-, C-FPWK, 4170,Northwest Territorial Airways,Cargo,-,-,-,-,-,Paulatuk Airport,YPC,CYPC,Canada,-,-,0,0,-,-,-
19820411-1,Sunday,11-APR-1982,-,A1, Unknown (UNK),at an unknown location,Russia,-,-, Damaged beyond repair,-,Antonov An-2T,-,-,1964,-,-, CCCP-62489, 1G42-37,Aeroflot / Yakutsk,Unknown,-,-,-,-,-,-,-,-,-,-,-,-,-,-,-,-
19820413-0,Tuesday,13-APR-1982,14:40,A1, En route (ENR),near Gevenlik,Turkey,27,27, Destroyed, Written off (damaged beyond repair),Lockheed C-130H Hercules,-,-,1976,-,-, 74-1678, 4645,USAF,Military,-,Erzurum Airport,ERZ,LTCE,Turkey,Erzincan Airport,ERC,LTCD,Turkey,9,18,9,18,-,-,-
19820414-1,Wednesday,14-APR-1982,-,A1, Unknown (UNK),at an unknown location,South Africa,-,0, Damaged beyond repair,-,Swearingen SA226-TC Metro II,-,-,1980,-,-, ZS-KYA, TC-331,Magnum Airlines,Unknown,-,-,-,-,-,-,-,-,-,-,-,0,0,-,-,-
19820417-0,Saturday,17-APR-1982,-,A1, Landing (LDG),Belfast International Airport (BFS),United Kingdom,2,0, Damaged beyond repair,-,Armstrong Whitworth AW-650 Argosy 102,4,Rolls-Royce Dart 526,1959,-,-, G-APRN, 6654,Air Bridge Carriers,Cargo,-,-,-,-,-,Belfast International Airport,BFS,EGAA,United Kingdom,2,0,0,0,-,-,-
19820422-0,Thursday,22-APR-1982,-,A1, Approach (APR),at an unknown location,Iraq,-,-, Damaged beyond repair,-,Antonov An-24V,-,-,1968,-,-, YI-AEO, 87304602,Iraqi Airways,Unknown,-,-,-,-,-,-,-,-,-,-,-,-,-,-,-,-
19820424-0,Saturday,24-APR-1982,-,A1, Takeoff (TOF),Novyj Urengoj Airport (NUX),Russia,7,0, Damaged beyond repair,-,Antonov An-12B,4,Ivchenko AI-20M,1971,6710.0,20359.0, CCCP-11107, 01347809,Aeroflot / International,Cargo,-,Novy Urengoy Airport,NUX,USMU,Russia,Syktyvkar Airport,SCW,UUYY,Russia,7,0,0,0,-,-,-
19820426-0,Monday,26-APR-1982,16:45,A1, Approach (APR),near Yangsuo,China,112,112, Destroyed, Written off (damaged beyond repair),Hawker Siddeley HS-121 Trident 2E,3,Rolls-Royce Spey 512,1975,-,-, B-266, 2170,CAAC,Domestic Scheduled Passenger,3303,Guangzhou-Baiyun Airport,CAN,ZGGG,China,Guilin-Qifengling Airport,KWL,ZGKL,China,8,104,8,104,-,-,-
19820428-0,Wednesday,28-APR-1982,-,H2, En route (ENR),Havana-José Martí International Airport (HAV),Cuba,-,0, None,-,de Havilland Canada DHC-7-102,4,Pratt & Whitney Canada PT6A-50,1980,-,-, HR-AND, 24,ANHSA,Domestic Scheduled Passenger,-,La Ceiba-Goloson International Airport,LCE,MHLC,Honduras,San Pedro Sula-Ramon Villeda Morales Airport,SAP,MHLM,Honduras,-,-,0,0,-,-,-
19820429-0,Thursday,29-APR-1982,-,A1, Unknown (UNK),15 km (9.4 mls) from  Quito-Mariscal Sucre Airport (UIO),Ecuador,-,7, Damaged beyond repair,-,Lockheed C-130H Hercules,-,-,1977,-,-, HC-BEF/FAE743, 4743,Ecuador Air Force,Military,-,-,-,-,-,Quito-Mariscal Sucre Airport,UIO,SEQU,Ecuador,-,-,-,-,-,-,-
19820430-0,Friday,30-APR-1982,-,H2, En route (ENR),Berlin-Tempelhof Airport (THF),Germany,-,0, None,-,Antonov An-24V,-,-,1966,-,-, SP-LTG, 67302504,LOT,Domestic Scheduled Passenger,-,Wroclaw-Strachowice Airport,WRO,EPWR,Poland,Warszawa-Okecie Airport,WAW,EPWA,Poland,-,-,0,0,-,-,-
19820501-0,Saturday,01-MAY-1982,-,O1, Standing (STD),"Glendive-Dawson Community Airport, MT (GDV)",United States of America,-,-, Damaged beyond repair,-,Douglas DC-7B,-,-,1957,-,-, N823D, 45332/881,Kinney Air Tankers,-,-,-,-,-,-,-,-,-,-,-,-,-,-,-,-,-
19820501-3,Saturday,01-MAY-1982,-,C1, Standing (STD),Port Stanley Airport (PSY),Falkland Islands,0,0, Damaged beyond repair,-,IRMA/Britten-Norman BN-2A-27 Islander,-,-,1978,-,-, VP-FAY, 872,FIGAS,-,-,-,-,-,-,-,-,-,-,0,0,0,0,-,-,-
19820503-0,Monday,03-MAY-1982,-,C1, En route (ENR),Qotur,Iran,14,14, Damaged beyond repair,-,Gulfstream American G-1159 Gulfstream II,-,-,1978,-,-, 7T-VHB, 230,Algerian Government,Official state flight,-,Algiers-Houari Boumediene Airport,ALG,DAAG,Algeria,Tehran-Mehrabad Airport,THR,OIII,Iran,4,10,4,10,-,-,-
19820503-1,Monday,03-MAY-1982,-,O1, Standing (STD),Port Stanley Airport (PSY),Falkland Islands,0,0, Damaged beyond repair,-,Shorts SC.7 Skyvan 3M-400,2,Garrett TPE331-2-201A,1971,-,-, PA-54, SH.1891,Argentine Coast Guard,Military,-,-,-,-,-,-,-,-,-,0,0,0,0,-,-,-
19820503-2,Monday,03-MAY-1982,-,O1, Standing (STD),Port Stanley Airport (PSY),Falkland Islands,0,0, Damaged beyond repair,-,Shorts SC.7 Skyvan 3M-400,2,Garrett TPE331-2-201A,1971,-,-, PA-50, SH.1887,Argentine Coast Guard,Military,-,-,-,-,-,-,-,-,-,0,0,0,0,-,-,-
19820505-0,Wednesday,05-MAY-1982,-,A1, Initial climb (ICL),La Paz-El Alto Airport (LPB),Bolivia,4,0, Damaged beyond repair,-,Convair CV-440,-,-,1958,-,-, CP-1725, 469,T.A. Unidos,Non Scheduled Passenger,-,La Paz-El Alto Airport,LPB,SLLP,Bolivia,-,-,-,-,3,1,0,0,-,-,-
19820506-0,Thursday,06-MAY-1982,12:00,A1, En route (ENR),"19 km (11.9 mls) off  Savannah, GA (Atlantic Ocean)",United States of America,4,4, Destroyed, Written off (damaged beyond repair),Learjet 23,2,General Electric CJ610-4,1965,-,-, N100TA, 23-045,IBEX Corp.,Executive,-,Teterboro Airport,TEB,KTEB,United States of America,Orlando International Airport,MCO,KMCO,United States of America,2,2,2,2,-,-,Final
19820507-0,Friday,07-MAY-1982,-,A1, Takeoff (TOF),"Calgary International Airport, AB (YYC)",Canada,-,0, Damaged beyond repair,-,Douglas C-47A-25-DK (DC-3),2,Pratt & Whitney R-1830-92,1944,-,-, C-FQHF, 13392,Kenn Borek Air,Non Scheduled Passenger,-,Calgary International Airport,YYC,CYYC,Canada,-,-,-,-,-,-,0,0,-,-,-
19820507-1,Friday,07-MAY-1982,20:42,A1, En route (ENR),ca 21 km N of Tashtagol,Russia,5,5, Damaged beyond repair,-,Antonov An-2,-,-,1959,20227.0,16746.0, CCCP-02183, 112247302,Aeroflot / West Siberia,Domestic Scheduled Passenger,6758,Novokuznetsk Airport,NOZ,UNWW,Russia,-,-,-,-,3,2,3,2,-,-,-
19820509-1,Sunday,09-MAY-1982,-,A1, Approach (APR),2 km (1.3 mls) E off  Aden International Airport (ADE),Yemen,49,23, Damaged beyond repair,-,de Havilland Canada DHC-7-103,4,Pratt & Whitney Canada PT6A-50,1979,-,-, 7O-ACK, 15,Alyemda,Domestic Scheduled Passenger,-,-,-,-,-,Aden International Airport,ADE,ODAA,Yemen,4,45,2,21,-,-,-
19820510-0,Monday,10-MAY-1982,-,H2, Approach (APR),Puerto Limón Airport (LIO),Costa Rica,-,0, None,-,Curtiss C-46F Commando,-,-,1945,-,-, YN-BRG, 22579,Aeronica,Domestic Scheduled Passenger,-,Bluefields Airport,BEF,MNBL,Nicaragua,Corn Island Airport,RNI,MNCI,Nicaragua,-,49,0,0,-,-,-
19820511-0,Tuesday,11-MAY-1982,-,A1, Unknown (UNK),Sputendorf,Germany,-,0, Damaged beyond repair,-,Antonov An-2R,-,-,1973,-,-, CCCP-07399, 1G150-34,Aeroflot / Ukraine,Agricultural,-,-,-,-,-,-,-,-,-,-,-,0,0,-,-,-
19820511-1,Tuesday,11-MAY-1982,-,A1, En route (ENR),Hármashatárhegy,Hungary,9,9, Damaged beyond repair,-,Antonov An-2TP,-,-,-,-,-, HA-ANL, 1G187-34,Hungarian Defense Association,Unknown,-,-,-,-,-,-,-,-,-,-,-,-,-,-,-,-
19820512-0,Wednesday,12-MAY-1982,20:35,A1, En route (ENR),"Judsonia, AR",United States of America,7,7, Damaged beyond repair,-,Lockheed C-130E Hercules,-,-,1965,-,-, 64-0543, 4033,USAF,Military,-,Jacksonville-Little Rock AFB,LRF,KLRF,United States of America,Jacksonville-Little Rock AFB,LRF,KLRF,United States of America,7,0,7,0,-,-,-
19820512-1,Wednesday,12-MAY-1982,-,A2, Unknown (UNK),Miraflores,Colombia,-,0, Substantial, Repaired,Douglas DC-3 Hiper,-,-,1943,-,-, HK-140, 6354,Transamazonica Colombia,Unknown,-,-,-,-,-,-,-,-,-,-,-,0,0,-,-,-
19820512-2,Wednesday,12-MAY-1982,-,A1, Approach (APR),near Petrovsk Air Base,Russia,5,5, Damaged beyond repair,-,Antonov An-24T,-,-,-,-,-, 11,-,Soviet AF,Military,-,-,-,-,-,-,-,-,-,5,0,5,0,-,-,-
19820515-0,Saturday,15-MAY-1982,13:20,A1, Approach (APR),"Madera, CA",United States of America,2,0, Destroyed, Written off (damaged beyond repair),Martin 4-0-4,2,Pratt & Whitney R-2800-CB3,1952,-,43000.0, N40445, 14230,private,Ferry/positioning,-,Madera Municipal Airport,MAE,KMAE,United States of America,Casper Airport,CPR,KCPR,United States of America,2,0,0,0,-,-,Final
19820515-1,Saturday,15-MAY-1982,-,A1, Landing (LDG),North Pole,Arctic Ocean,9,0, Damaged beyond repair,-,de Havilland Canada DHC-6 Twin Otter 300,2,Pratt & Whitney Canada PT6A-27,1977,-,-, C-GKBO, 547,Kenn Borek Air,Int'l Non Scheduled Passenger,-,-,-,-,-,-,-,-,-,2,7,0,0,-,-,-
19820516-0,Sunday,16-MAY-1982,10:15,A1, Approach (APR),"Hooper Bay, AK",United States of America,8,0, Destroyed, Written off (damaged beyond repair),de Havilland Canada DHC-6 Twin Otter 200,2,Pratt & Whitney Canada PT6A-20,1968,-,15267.0, N103AQ, 183,Kodiak Aviation,Domestic Non Scheduled Passenger, 517,Scammon Bay SPB,SCM,PACM,United States of America,Hooper Bay Airport,HPB,PAHP,United States of America,2,6,0,0,-,-,Final
19820516-1,Sunday,16-MAY-1982,16:40,A1, Landing (LDG),"Uberaba Airport, MG (UBA)",Brazil,10,0, Damaged beyond repair,-,Learjet 25B,-,-,-,-,-, PT-KZY, 25-204,TAM,Executive,-,Araxá Airport,AAX,SBAX,Brazil,Uberaba Airport,UBA,SBUR,Brazil,2,8,0,0,-,-,-
19820518-0,Tuesday,18-MAY-1982,-,H2, En route (ENR),Villavicencio Airport (VVC),Colombia,-,0, None,-,Douglas DC-3C,2,Pratt & Whitney R-1830,1945,-,-, HK-1503, 34331/17064,Taxi Aéreo del Guaviare,Domestic Scheduled Passenger,-,Miraflores Airport,MFS,SKMF,Colombia,Villavicencio Airport,VVC,SKVV,Colombia,-,-,0,0,-,-,-
19820519-0,Wednesday,19-MAY-1982,-,A1, Approach (APR),near Kassel-Calden Airport (KSF),Germany,8,8, Damaged beyond repair,-,Cessna 551 Citation II/SP,-,-,-,-,-, D-IJHM, 551-0033,Hurler Flugdienst,Executive,-,-,-,-,-,Kassel-Calden Airport,KSF,EDVK,Germany,2,6,2,6,-,-,-
19820521-0,Friday,21-MAY-1982,-,H2, En route (ENR),Cebu Airport (CEB),Philippines,-,0, None,-,BAC One-Eleven,-,-,-,-,-, registration unknown,-,Philippine Air Lines,Domestic Scheduled Passenger,-,Bacolod Airport,BCD,RPVB,Philippines,Cebu Airport,CEB,RPVM,Philippines,-,-,0,0,-,-,-
19820522-0,Saturday,22-MAY-1982,23:20,O1, Standing (STD),"Sarasota-Bradenton Airport, FL (SRQ)",United States of America,0,0, Damaged beyond repair,-,Learjet 23,-,-,-,-,-, N808JA, 23-050A,Jet America Int.,-,-,-,-,-,-,-,-,-,-,0,0,0,0,-,-,-
19820522-1,Saturday,22-MAY-1982,12:00,A1, Approach (APR),"1,6 km (1 mls) from  Florianópolis-Hercilio Luz International Airport, SC (FL)",Brazil,4,0, Damaged beyond repair,-,Embraer EMB-110P Bandeirante,-,-,1976,-,-, PT-GKC, 110092,Rio Sul,Domestic Scheduled Passenger,-,Chapecó Airport,XAP,SBCH,Brazil,Florianópolis-Hercilio Luz International Airport,FLN,SBFL,Brazil,2,2,0,0,-,-,-
19820525-0,Tuesday,25-MAY-1982,-,A1, Landing (LDG),"Brasilia International Airport, DF (BSB)",Brazil,118,2, Damaged beyond repair,-,Boeing 737-2A1,2,Pratt & Whitney JT8D-7,1974,-,-, PP-SMY, 20970/376,VASP,Domestic Scheduled Passenger, 234,São Paulo-Congonhas Airport,CGH,SBSP,Brazil,Brasília International Airport,BSB,SBBR,Brazil,6,112,0,2,-,-,-
19820527-0,Thursday,27-MAY-1982,-,H2, En route (ENR),Tunis-Carthage Airport (TUN),Tunisia,-,0, None,-,Boeing 727-2B6,-,-,-,-,-, registration unknown,-,RAM,International Scheduled Passenger,-,Athens-Ellinikon International Airport,ATH,LGAT,Greece,-,-,-,-,-,-,0,0,-,-,-
19820529-0,Saturday,29-MAY-1982,-,A1, Unknown (UNK),Biarritz (BIQ),France,-,-, Damaged beyond repair,-,Morane Saulnier MS.760 Paris I,-,-,-,-,-, 96, 96,French AF,Military,-,-,-,-,-,-,-,-,-,-,-,-,-,-,-,-
19820529-1,Saturday,29-MAY-1982,07:09,A1, Takeoff (TOF),5 km (3.1 mls) from  Barranquilla Airport (BAQ),Colombia,7,0, Damaged beyond repair,-,Embraer EMB-110P1 Bandeirante,2,Pratt & Whitney Canada PT6A-34,1981,-,-, HK-2743, 110366,TAVINA,Domestic Scheduled Passenger,-,Barranquilla-Ernesto Cortissoz Airport,BAQ,SKBQ,Colombia,Corozal-Las Brujas Airport,CZU,SKCZ,Colombia,2,5,0,0,-,-,-
19820531-0,Monday,31-MAY-1982,-,A1, Landing (LDG),Dnepropetrovsk Airport (DNK),Ukraine,35,0, Damaged beyond repair,-,Yakovlev Yak-40,3,Ivchenko AI-25,1974,-,-, CCCP-87485, 9441338,Aeroflot / North Kavkaz,Domestic Scheduled Passenger,-,-,-,-,-,Dnepropetrovsk Airport,DNK,UKDD,Ukraine,4,31,0,0,-,-,-
19820601-0,Tuesday,01-JUN-1982,10:50,C1, En route (ENR),N off Pebble Island,Falkland Islands,7,7, Damaged beyond repair,-,Lockheed C-130H Hercules,-,-,1968,-,-, TC-63, 4310,Argentine AF,Military,-,Comodoro Rivadavia Airport,CRD,SAVC,Argentina,Comodoro Rivadavia Airport,CRD,SAVC,Argentina,7,0,7,0,-,-,-
19820601-1,Tuesday,01-JUN-1982,14:40,A1, Takeoff (TOF),near Seoul-Seongnam Air Base (SSN),South Korea,53,53, Damaged beyond repair,-,Fairchild C-123J Provider,-,-,-,-,-, 56-4391, 20275,South Korea AF,Military,-,Seoul-Seongnam Air Base,SSN,RKSM,South Korea,-,-,-,-,4,49,4,49,-,-,Preliminary
19820602-0,Wednesday,02-JUN-1982,-,O1, Standing (STD),"Montreal-Dorval International Airport, QC (YUL)",Canada,0,0, Damaged beyond repair,-,McDonnell Douglas DC-9-32,2,Pratt & Whitney JT8D-7B,1968,-,-, C-FTLY, 47200/338,Air Canada,-,-,-,-,-,-,-,-,-,-,0,0,0,0,-,-,-
19820602-1,Wednesday,02-JUN-1982,09:55,A1, Takeoff (TOF),Rondon Airport (RON),Colombia,22,0, Damaged beyond repair,-,IAI Arava 201,-,-,1979,-,-, FAC-951, 065,Colombian AF,Military, 573,-,-,-,-,El Yopal Airport,EYP,SKYP,Colombia,3,19,0,0,-,-,-
19820603-0,Thursday,03-JUN-1982,-,A1, Unknown (UNK),Polevoye,Russia,-,0, Damaged beyond repair,-,Antonov An-2R,-,-,1977,-,-, CCCP-40736, 1G172-08,Aeroflot / Far East,Unknown,-,-,-,-,-,-,-,-,-,-,-,0,0,-,-,-
19820604-0,Friday,04-JUN-1982,-,U1, Unknown (UNK),Zegrze Pomorskie,Poland,-,-, Damaged beyond repair,-,Antonov An-2R,-,-,-,-,-, SP-WCF, 1G126-21,WSK Okecie,Unknown,-,-,-,-,-,-,-,-,-,-,-,-,-,-,-,-
19820604-1,Friday,04-JUN-1982,-,A1, Maneuvering (MNV),"Dvoinovski, Volgograd Region",Russia,-,0, Damaged beyond repair,-,Antonov An-2R,-,-,1978,-,-, CCCP-62640, 1G178-32,Aeroflot / Lithuania,Agricultural,-,-,-,-,-,-,-,-,-,-,-,0,0,-,-,-
19820606-0,Sunday,06-JUN-1982,16:54,A1, Initial climb (ICL),"St. Petersburg International Airport, FL (PIE)",United States of America,5,0, Destroyed, Written off (damaged beyond repair),Douglas C-47A-90-DL (DC-3),2,Pratt & Whitney R-1830,1944,-,15033.0, N95C, 20139,Fromhagen Aviation,Training,-,St. Petersburg International Airport,PIE,KPIE,United States of America,St. Petersburg International Airport,PIE,KPIE,United States of America,2,3,0,0,-,-,Final
19820607-0,Monday,07-JUN-1982,09:13,C1, En route (ENR),off Pebble Island (Isla Borbón),Falkland Islands,5,5, Destroyed, Written off (damaged beyond repair),Learjet 35A,2,Garrett TFE731-2-2B,1980,-,-, T-24, 35A-333,Argentine AF,Military,-,Comodoro Rivadavia Airport,CRD,SAVC,Argentina,Comodoro Rivadavia Airport,CRD,SAVC,Argentina,5,0,5,0,-,-,-
19820608-0,Tuesday,08-JUN-1982,02:25,A1, Approach (APR),"Sierra de Pacatuba, CE",Brazil,137,137, Destroyed, Written off (damaged beyond repair),Boeing 727-212,3,Pratt & Whitney JT8D-17,1977,-,-, PP-SRK, 21347/1282,VASP,Domestic Scheduled Passenger,VP168,Rio de Janeiro-Galeão International Airport,GIG,SBGL,Brazil,Fortaleza-Pinto Martins Airport,FOR,SBFZ,Brazil,9,128,9,128,-,-,-
19820609-0,Wednesday,09-JUN-1982,-,A1, Landing (LDG),"RAAF Amberley, QLD",Australia,3,0, Damaged beyond repair,-,Fokker F-27 Friendship 600,-,-,1969,32482.0,33311.0, VH-TQQ, 10388,TAA,Training,-,-,-,-,-,-,-,-,-,3,0,0,0,-,-,-
19820609-1,Wednesday,09-JUN-1982,-,H2, En route (ENR),Warszawa-Okecie Airport (WAW),Poland,-,0, None,-,unknown,-,-,-,-,-, registration unknown,-,LOT,Domestic Scheduled Passenger,-,Katowice-Pyrzowice Airport,KTW,EPKT,Poland,Warszawa-Okecie Airport,WAW,EPWA,Poland,-,-,0,0,-,-,-
19820611-0,Friday,11-JUN-1982,-,A1, Taxi (TXI),Krasnoarmeiskaya,Russia,-,0, Damaged beyond repair,-,Antonov An-2R,-,-,1978,-,-, CCCP-56431, 1G181-15,Aeroflot / North Kavkaz,Unknown,-,-,-,-,-,-,-,-,-,-,-,0,0,-,-,-
19820612-0,Saturday,12-JUN-1982,-,C1, Standing (STD),Beirut International Airport (BEY),Lebanon,0,0, Damaged beyond repair,-,Boeing 720-023B,4,Pratt & Whitney JT3D-1-MC7,1960,-,-, OD-AFP, 18017/156,MEA,-,-,-,-,-,-,-,-,-,-,0,0,0,0,-,-,-
19820612-1,Saturday,12-JUN-1982,06:05,A1, Approach (APR),"Tabatinga Internacional Airport, AM (TBT)",Brazil,44,44, Damaged beyond repair,-,Fairchild FH-227B,-,-,1967,-,-, PT-LBV, 536,TABA,Domestic Scheduled Passenger,-,Eirunepé Airport,ERN,SWEI,Brazil,Tabatinga Internacional Airport,TBT,SBTT,Brazil,4,40,4,40,-,-,-
19820616-0,Wednesday,16-JUN-1982,-,C1, Standing (STD),Beirut International Airport (BEY),Lebanon,0,0, Damaged beyond repair,-,Boeing 720-023B,4,Pratt & Whitney JT3D-1-MC7,1961,-,-, OD-AFU, 18029/194,MEA,-,-,-,-,-,-,-,-,-,-,0,0,0,0,-,-,-
19820616-1,Wednesday,16-JUN-1982,-,C1, Standing (STD),Beirut International Airport (BEY),Lebanon,0,0, Damaged beyond repair,-,Boeing 720-023B,4,Pratt & Whitney JT3D-1-MC7,1961,-,-, OD-AFW, 18026/181,MEA,Unknown,-,-,-,-,-,-,-,-,-,0,0,0,0,-,-,-
19820616-2,Wednesday,16-JUN-1982,-,C1, Standing (STD),Beirut International Airport (BEY),Lebanon,0,0, Damaged beyond repair,-,Boeing 720-047B,4,Pratt & Whitney JT3D-3B,1966,-,-, OD-AGR, 19161/481,MEA,Unknown,-,-,-,-,-,-,-,-,-,0,0,0,0,-,-,-
19820616-3,Wednesday,16-JUN-1982,-,C1, Standing (STD),Beirut International Airport (BEY),Lebanon,0,0, Damaged beyond repair,-,Boeing 707-323C,4,Pratt & Whitney JT3D-3B,1965,-,-, OD-AGN, 18938/434,TMA,-,-,-,-,-,-,-,-,-,-,0,0,0,0,-,-,-
19820616-4,Wednesday,16-JUN-1982,-,C1, Standing (STD),Beirut International Airport (BEY),Lebanon,0,0, Damaged beyond repair,-,Boeing 707-3B4C,4,Pratt & Whitney JT3D-3B,1968,-,-, OD-AFB, 20224/749,MEA,-,-,-,-,-,-,-,-,-,-,0,0,0,0,-,-,-
19820617-0,Thursday,17-JUN-1982,-,A1, Approach (APR),near Severomorsk-1 Naval Air Station,Russia,16,15, Destroyed, Written off (damaged beyond repair),Tupolev Tu-134IK,-,-,1979,-,-, CCCP-65687, 62400,Ministry of Radio Equipment Production,Ferry/positioning,-,Moskva-Zhukovsky (Ramenskoye) Airport,ZIA,UUBW,Russia,-,-,-,-,10,6,9,6,-,-,-
19820622-0,Tuesday,22-JUN-1982,04:34,A1, Landing (LDG),Bombay-Santacruz Airport (BOM),India,111,17, Destroyed, Written off (damaged beyond repair),Boeing 707-437,4,Rolls-Royce Conway 508,1960,-,-, VT-DJJ, 17723/100,Air-India,International Scheduled Passenger,AI403,Kuala Lumpur International Airport,KUL,WMKK,Malaysia,Bombay-Santacruz Airport,BOM,VABB,India,10,101,2,15,-,-,Final
19820623-0,Wednesday,23-JUN-1982,21:20,H2, Standing (STD),"Staunton-Shenandoah Valley Airport, VA (SHD)",United States of America,4,0, None,-,de Havilland Canada DHC-7-102,4,Pratt & Whitney Canada PT6A-50,-,-,-, registration unknown,-,Henson Airlines,-,-,-,-,-,-,-,-,-,-,-,-,0,0,-,-,-
19820624-0,Thursday,24-JUN-1982,-,A2, En route (ENR),240 km (150 mls) SE of Jakarta,Indonesia,262,0, Unknown,-,Boeing 747-236B,-,-,1979,-,-, G-BDXH, 21635/365,British Airways,International Scheduled Passenger, 009,Kuala Lumpur International Airport,KUL,WMKK,Malaysia,Perth Airport,PER,YPPH,Australia,15,247,0,0,-,-,-
19820625-0,Friday,25-JUN-1982,10:55,A2, Standing (STD),København-Kastrup Airport (CPH),Denmark,6,0, Substantial, Repaired,McDonnell Douglas DC-8-62,-,-,1970,-,40679.0, LN-MOW, 46131/517,SAS,International Scheduled Passenger,-,København-Kastrup Airport,CPH,EKCH,Denmark,-,-,-,-,3,3,0,0,-,-,Final
19820628-1,Monday,28-JUN-1982,10:50,A1, En route (ENR),Mozyr,Belarus,132,132, Destroyed, Written off (damaged beyond repair),Yakovlev Yak-42,3,Lotarev D-36,1981,-,-, CCCP-42529, 11040104,Aeroflot / Leningrad,Domestic Scheduled Passenger,8641,Leningrad-Pulkovo Airport,LED,ULLI,Russia,-,-,-,-,8,124,8,124,-,-,-
19820629-0,Tuesday,29-JUN-1982,-,A1, Landing (LDG),"Wollaston Lake Airport, SK (ZWL)",Canada,2,0, Damaged beyond repair,-,Fairchild F-27A,-,-,1963,-,-, C-FTPA, 104,Norcanair,Cargo,-,-,-,-,-,Wollaston Lake Airport,ZWL,CZWL,Canada,2,0,0,0,-,-,-
19820630-0,Wednesday,30-JUN-1982,-,H2, En route (ENR),Bangkok-Don Muang International Airport (BKK),Thailand,260,0, None,-,Boeing 747-243B,-,-,-,-,-, registration unknown,-,Alitalia,International Scheduled Passenger,-,Delhi-Palam Airport,DEL,VIDP,India,Bangkok-Don Muang International Airport,BKK,VTBD,Thailand,18,242,0,0,-,-,-
19820706-0,Tuesday,06-JUL-1982,00:35,A1, Initial climb (ICL),"11,4 km (7.1 mls) N of Moskva-Sheremetyevo Airport (SVO)",Russia,90,90, Destroyed, Written off (damaged beyond repair),Ilyushin Il-62M,4,Soloviev D-30KU,1980,1139.0,4818.0, CCCP-86513, 4037536,Aeroflot / International,International Scheduled Passenger,SU411,Moskva-Sheremetyevo Airport,SVO,UUEE,Russia,Dakar-Yoff Airport,DKR,GOOY,Senegal,10,80,10,80,-,-,-
19820706-1,Tuesday,06-JUL-1982,-,A1, Unknown (UNK),Long Semado-Lawas Airport (LSM),Malaysia,-,-, Damaged beyond repair,-,IRMA/Britten-Norman BN-2A-8 Islander,-,-,1972,-,-, 9M-MDD, 684,MAS,Unknown,-,-,-,-,-,-,-,-,-,-,-,-,-,-,-,-
19820709-0,Friday,09-JUL-1982,16:09,A1, Initial climb (ICL),"1,4 km (0.9 mls) E of New Orleans International Airport, LA (MSY)",United States of America,145,145, Destroyed, Written off (damaged beyond repair),Boeing 727-235,3,Pratt & Whitney JT8D-7B,1968,-,39253.0, N4737, 19457/518,Pan Am,Domestic Scheduled Passenger,PA759,New Orleans International Airport,MSY,KMSY,United States of America,Las Vegas-McCarran International Airport,LAS,KLAS,United States of America,7,138,7,138,-,8,Final
19820710-0,Saturday,10-JUL-1982,18:30,A1, Maneuvering (MNV),Greve in Chianti,Italy,4,4, Damaged beyond repair,-,Alenia G-222TCM,-,-,-,-,-, MM62106, 4009,Italian AF,Fire fighting,-,Pisa-Arturo dell'Oro Air Base,PSA,LIRP,Italy,Pisa-Arturo dell'Oro Air Base,PSA,LIRP,Italy,4,0,4,0,-,-,-
19820711-0,Sunday,11-JUL-1982,-,A1, Takeoff (TOF),Jolo Airport (JOL),Philippines,30,1, Damaged beyond repair,-,Hawker Siddeley HS-748-209 Srs. 2,-,-,1967,-,-, RP-C1014, 1636,Philippine Air Lines,Scheduled Passenger, 480,Jolo Airport,JOL,RPMJ,Philippines,Zamboanga Airport,ZAM,RPMZ,Philippines,5,25,1,0,-,-,-
19820714-0,Wednesday,14-JUL-1982,16:35,A1, Unknown (UNK),near Waterkloof Air Force Base (WKF),South Africa,8,8, Damaged beyond repair,-,Swearingen SA226-AT Merlin IV,-,-,1975,-,-, ZS-JLZ, AT-040,South African AF,Military,-,-,-,-,-,Waterkloof Air Force Base,WKF,FAWK,South Africa,3,5,3,5,5,-,-
19820716-0,Friday,16-JUL-1982,-,A1, Takeoff (TOF),90 km (56.3 mls) N of Lake Bolshoye Toko,Russia,3,0, Damaged beyond repair,-,Antonov An-2T,-,-,1961,-,-, CCCP-15970, 115147302,Aeroflot / Yakutsk,Domestic Scheduled Passenger,-,-,-,-,-,-,-,-,-,2,1,0,0,-,-,-
19820722-0,Thursday,22-JUL-1982,-,H2, En route (ENR),Havana-José Martí International Airport (HAV),Cuba,12,0, None,-,Martin 4-0-4,-,-,-,-,-, registration unknown,-,Marco Island Airways,Domestic Scheduled Passenger,  39,Miami International Airport,MIA,KMIA,United States of America,Key West International Airport,EYW,KEYW,United States of America,3,9,0,0,-,-,-
19820725-1,Sunday,25-JUL-1982,-,H2, En route (ENR),near Shanghai,China,-,0, Substantial, Repaired,Ilyushin Il-18,-,-,-,-,-, registration unknown,-,CAAC,Domestic Scheduled Passenger,-,Xian-Xiguan Airport,SIA,ZLXG,China,Shanghai-Hongqiao Airport,SHA,ZSSS,China,-,-,0,0,-,-,-
19820730-0,Friday,30-JUL-1982,06:47,A1, Initial climb (ICL),"near El Paso International Airport, TX (ELP)",United States of America,3,0, Substantial, Written off (damaged beyond repair),Douglas C-47D (DC-3),2,Pratt & Whitney R-1830-90C,1945,-,18348.0, N102BL, 32654/15906,Pronto Aviation Services,Domestic Non Scheduled Passenger,-,El Paso International Airport,ELP,KELP,United States of America,Tucson International Airport,TUS,KTUS,United States of America,2,1,0,0,-,-,Final
19820730-1,Friday,30-JUL-1982,08:20,A1, Approach (APR),"5 km (3.1 mls) S of Attu Island-Casco Cove Airport, AK (ATU)",United States of America,11,2, Destroyed, Written off (damaged beyond repair),Lockheed HC-130H Hercules,-,-,1977,-,-, 1600, 4757,US Coast Guard,Military,-,Shemya AFB,SYA,PASY,United States of America,Attu Island-Casco Cove Airport,ATU,PAAT,United States of America,8,3,1,1,-,-,-
19820801-1,Sunday,01-AUG-1982,-,C1, Standing (STD),Beirut International Airport (BEY),Lebanon,0,0, Damaged beyond repair,-,Boeing 720-047B,4,Pratt & Whitney JT3D-3B,1965,-,-, OD-AGG, 18828/423,MEA,-,-,-,-,-,-,-,-,-,-,0,0,0,0,-,-,-
19820804-0,Wednesday,04-AUG-1982,-,A1, Landing (LDG),Santa Marta-Simon Bolivar Airport (SMR),Colombia,50,0, Damaged beyond repair,-,Boeing 727-21,3,Pratt & Whitney JT8D-7,1966,-,-, HK-2559, 18994/219,Aerotal Colombia,Scheduled Passenger,-,-,-,-,-,Santa Marta-Simón Bolívar Airport,SMR,SKSM,Colombia,7,43,0,0,-,-,-
19820804-1,Wednesday,04-AUG-1982,-,H2, En route (ENR),Amritsar-Raja Sansi Airport (ATQ),India,-,0, None,-,Boeing 737-200,-,-,-,-,-, registration unknown,-,Indian Airlines,Domestic Scheduled Passenger,-,Delhi-Palam Airport,DEL,VIDP,India,Amritsar-Raja Sansi Airport,ATQ,VIAR,India,-,-,0,0,-,-,-
19820811-0,Wednesday,11-AUG-1982,-,C2, En route (ENR),225 km (140.6 mls) from  Hawaii,Pacific Ocean,285,1, Minor, Repaired,Boeing 747-121,-,-,1970,-,-, N754PA, 19658/47,Pan Am,International Scheduled Passenger,PA830,Tokyo-Narita Airport,NRT,RJAA,Japan,Honolulu International Airport,HNL,PHNL,United States of America,15,270,0,1,-,-,-
19820812-0,Thursday,12-AUG-1982,-,A1, En route (ENR),Mindat,Myanmar,8,8, Damaged beyond repair,-,de Havilland Canada DHC-6 Twin Otter 300,2,Pratt & Whitney Canada PT6A-27,1976,-,-, XY-AEB, 501,Burma Airways,Domestic Scheduled Passenger,-,-,-,-,-,-,-,-,-,3,5,3,5,-,-,-
19820814-0,Saturday,14-AUG-1982,18:09,A1, Taxi (TXI),Sukhumi-Babusheri Airport (SUI),Georgia,11,11, Damaged beyond repair,-,Let L-410M,2,Walter M-601A,1978,4098.0,2738.0, CCCP-67191, 781120,Aeroflot / Georgia,Domestic Scheduled Passenger,G-73,Sukhumi-Babusheri Airport,SUI,UGSS,Georgia,Kutaisi Airport,KUT,UGKO,Georgia,2,9,2,9,-,-,-
19820814-1,Saturday,14-AUG-1982,-,A1, Takeoff (TOF),Sukhumi-Babusheri Airport (SUI),Georgia,-,0, Damaged beyond repair,-,Tupolev Tu-134A,-,-,1974,10406.0,17003.0, CCCP-65836, 17113,Aeroflot / Georgia,Unknown,-,Sukhumi-Babusheri Airport,SUI,UGSS,Georgia,-,-,-,-,-,-,0,0,11,-,-
19820814-2,Saturday,14-AUG-1982,-,A1, En route (ENR),near Kazan,Russia,4,0, Damaged beyond repair,-,Yakovlev Yak-40,3,Ivchenko AI-25,1977,-,-, CCCP-98102, 9720554,MAP Kazan MSZ,Unknown,-,Kazan Airport,KZN,UWKD,Russia,Kuybyshev Airport,KUF,UWWW,Russia,4,0,0,0,-,-,-
19820814-3,Saturday,14-AUG-1982,08:45,A1, Takeoff (TOF),Managua-Augusto C. Sandino Airport (MGA),Nicaragua,22,20, Damaged beyond repair,-,IAI Arava 201,-,-,1972,-,-, 223, 006,Nicaraguan AF,Military,-,Managua-Augusto C. Sandino Airport,MGA,MNMG,Nicaragua,-,-,-,-,-,-,-,-,-,-,-
19820816-0,Monday,16-AUG-1982,-,H2, Standing (STD),"West Palm Beach International Airport, FL (PBI)",United States of America,3,0, None,-,Embraer EMB-110P1 Bandeirante,2,Pratt & Whitney Canada PT6A-34,-,-,-, registration unknown,-,Dolphin Airways,Domestic Scheduled Passenger, 296,Tampa International Airport,TPA,KTPA,United States of America,West Palm Beach International Airport,PBI,KPBI,United States of America,1,2,0,0,-,-,-
19820819-0,Thursday,19-AUG-1982,-,A1, Unknown (UNK),"near Dno, Pskov Region",Russia,-,0, Damaged beyond repair,-,Antonov An-2R,-,-,1972,-,-, CCCP-70446, 1G143-25,Aeroflot / Leningrad,Unknown,-,-,-,-,-,-,-,-,-,-,-,0,0,-,-,-
19820820-0,Friday,20-AUG-1982,-,H2, En route (ENR),Amritsar Airport (ATQ),India,-,1, None,-,Boeing 737-200,-,-,-,-,-, registration unknown,-,Indian Airlines,Domestic Scheduled Passenger,-,Jodhpur Airport,JDH,VIJO,India,Delhi-Palam Airport,DEL,VIDP,India,-,-,0,1,-,-,-
19820820-1,Friday,20-AUG-1982,-,A1, En route (ENR),La Soufriere Volcano,Saint Vincent and the Grenadines,6,6, Damaged beyond repair,-,Britten-Norman BN-2A Islander,-,-,1970,-,-, VP-LAE, 160,Inter Island Air Services,International Scheduled Passenger,-,Saint Vincent-Arnos Vale Airport,SVD,TVSV,Saint Vincent and the Grenadines,Saint Lucia-Hewanorra Airport,UVF,TLPL,Saint Lucia,1,5,1,5,-,-,-
19820820-2,Friday,20-AUG-1982,14:43,A2, Landing (LDG),"Kansas City Downtown Municipal Airport, MO (MKC)",United States of America,12,0, Substantial, Repaired,Swearingen SA226-TC Metro II,-,-,-,-,4840.0, N237AM, TC-332,Air Midwest,Domestic Scheduled Passenger,-,Wichita-Mid-Continent Airport,ICT,KICT,United States of America,Topeka-Philip Billard Airport,TOP,KTOP,United States of America,2,10,0,0,-,-,Final
19820822-0,Sunday,22-AUG-1982,-,A1, Takeoff (TOF),Makale Airport (MQX),Ethiopia,-,0, Damaged beyond repair,-,Douglas C-47A-1-DK (DC-3),-,-,1943,-,24088.0, ET-AHP, 12210,Ethiopian Airlines,Unknown,-,Makale Airport,MQX,HAMK,Ethiopia,-,-,-,-,-,-,0,0,-,-,-
19820824-0,Tuesday,24-AUG-1982,-,A1, En route (ENR),near Chita,Russia,7,1, Damaged beyond repair,-,Antonov An-12BP,-,-,-,-,-, registration unknown,-,Soviet AF,Military,-,-,-,-,-,-,-,-,-,7,0,1,0,-,-,-
19820825-0,Wednesday,25-AUG-1982,13:30,A1, En route (ENR),"near Wolf Creek Pass, CO",United States of America,2,0, Substantial, Written off (damaged beyond repair),Convair CV-440,2,Pratt & Whitney R-2800-CB3,1954,-,37102.0, N477KW, 210,National Flight Services,Ferry/positioning,-,Pueblo Memorial Airport,PUB,KPUB,United States of America,Carlsbad-McClellan-Palomar Airport,CLD,KCRQ,United States of America,2,0,0,0,-,-,Final
19820825-1,Wednesday,25-AUG-1982,-,H2, En route (ENR),München-Riem Airport (MUC),Germany,-,0, None,-,Ilyushin Il-18E,-,-,-,-,-, SP-LSI, 186008905,LOT,International Scheduled Passenger,-,Budapest-Ferihegy Airport,BUD,LHBP,Hungary,Warszawa-Okecie Airport,WAW,EPWA,Poland,-,-,0,0,-,-,-
19820825-2,Wednesday,25-AUG-1982,-,A1, Unknown (UNK),Smedava,Czech Republic,-,-, Damaged beyond repair,-,Antonov An-2R,-,-,-,-,-, OK-JIK, 1G186-25,Slov-Air,Unknown,-,-,-,-,-,-,-,-,-,-,-,-,-,-,-,-
19820826-0,Thursday,26-AUG-1982,13:49,A1, Landing (LDG),Ishigaki Airport (ISG),Japan,138,0, Damaged beyond repair,-,Boeing 737-2Q3,2,Pratt & Whitney JT8D-17,1978,-,5056.0, JA8444, 21477/545,Southwest Air Lines,Domestic Scheduled Passenger, 611,Okinawa-Naha Airport,OKA,ROAH,Japan,Ishigaki Airport,ISG,ROIG,Japan,5,133,0,0,-,-,-
19820827-0,Friday,27-AUG-1982,-,H1, Unknown (UNK),Strachotice,Czech Republic,-,0, Damaged beyond repair,-,Antonov An-2R,-,-,1980,-,-, OK-KIM, 1G190-08,Slov-Air,Illegal Flight,-,-,-,-,-,-,-,-,-,-,-,0,0,-,-,-
19820828-0,Saturday,28-AUG-1982,-,A1, Takeoff (TOF),Nasiriyah Airport (XNH),Iraq,-,-, Damaged beyond repair,-,Antonov An-24TV,-,-,1968,-,-, YI-ALN, 1022810,Iraqi Airways,Unknown,-,-,-,-,-,-,-,-,-,-,-,-,-,-,-,-
19820831-0,Tuesday,31-AUG-1982,14:30,A1, En route (ENR),"70 km (43.8 mls) S of Knoxville, TN",United States of America,9,9, Damaged beyond repair,-,Lockheed C-141B Starlifter,4,Pratt & Whitney TF33-P-7,-,-,24246.0, 64-0652, 300-6065,USAF,Military,-,Charleston AFB,CHS,KCHS,United States of America,Charleston AFB,CHS,KCHS,United States of America,9,0,9,0,-,-,-
19820901-0,Wednesday,01-SEP-1982,-,A1, En route (ENR),near Valladolid,Ecuador,44,44, Destroyed, Written off (damaged beyond repair),de Havilland Canada DHC-4A Caribou,-,-,1967,-,-, HC-BHZ, 249,Aerolineas Condor,Domestic Scheduled Passenger,-,-,-,-,-,Loja Airport,LOH,SELO,Ecuador,3,41,3,41,-,-,-
19820903-0,Friday,03-SEP-1982,-,A1, Approach (APR),"5 km (3.1 mls) from  Rio Branco Airport, AC (RBR)",Brazil,10,10, Damaged beyond repair,-,Learjet 25B,-,-,-,-,-, PT-JBQ, 25-119,Companhia Brasileira de Tratores,Private,-,Porto Velho Airport,PVH,SBPV,Brazil,Rio Branco Airport,RBR,SBRB,Brazil,2,8,2,8,-,-,-
19820905-0,Sunday,05-SEP-1982,05:36,A2, Landing (LDG),London-Stansted Airport (STN),United Kingdom,73,0, Minor, Repaired,Douglas DC-8-51,-,-,1964,-,44217.0, RP-C830, 45688/205,Intercontinental Airlines,Int'l Non Scheduled Passenger,-,Lagos/Ikeja International Airport,LOS,DNMM,Nigeria,London-Stansted Airport,STN,EGSS,United Kingdom,15,58,0,0,-,-,Final
19820909-0,Thursday,09-SEP-1982,-,A1, Maneuvering (MNV),Khorezm region,Uzbekistan,2,0, Damaged beyond repair,-,Antonov An-2R,-,-,1978,-,-, CCCP-62663, 1G178-55,Aeroflot / Ukraine,Agricultural,-,-,-,-,-,-,-,-,-,2,0,0,0,-,-,Preliminary
19820909-1,Thursday,09-SEP-1982,-,A2, Initial climb (ICL),near Andros Town Airport (ASD),Bahamas,41,0, Substantial, Repaired,Fairchild FH-227E,-,-,1966,-,-, N7801M, 503,Autec,Executive,-,Andros Town Airport,ASD,MYAF,Bahamas,West Palm Beach International Airport,PBI,KPBI,United States of America,3,38,0,0,-,-,Final
19820909-2,Thursday,09-SEP-1982,-,A1, Unknown (UNK),near Imishli,Azerbaijan,-,0, Damaged beyond repair,-,Antonov An-2R,-,-,1971,-,-, CCCP-70563, 1G127-31,Aeroflot / Azerbaijan,Agricultural,-,-,-,-,-,-,-,-,-,-,-,0,0,-,-,-
19820910-0,Friday,10-SEP-1982,-,A1, Approach (APR),near Khartoum,Sudan,11,0, Damaged beyond repair,-,Boeing 707-348C,4,Pratt & Whitney JT3D-3B,1967,-,-, ST-AIM, 19410/599,Sudan Airways,Ferry/positioning,-,Jeddah-King Abdulaziz International Airport,JED,OEJN,Saudi Arabia,Khartoum-Civil Airport,KRT,HSSS,Sudan,11,0,0,0,-,-,-
19820913-0,Monday,13-SEP-1982,12:00,A1, Takeoff (TOF),Málaga Airport (AGP),Spain,394,50, Damaged beyond repair,-,McDonnell Douglas DC-10-30CF,3,General Electric CF6-50C1,1977,4008.0,15364.0, EC-DEG, 46962/238,Spantax,Int'l Non Scheduled Passenger, 995,Málaga Airport,AGP,LEMG,Spain,New York-John F. Kennedy International Airport,JFK,KJFK,United States of America,13,381,3,47,-,-,Final
19820917-0,Friday,17-SEP-1982,14:30,A1, Landing (LDG),Shanghai-Hongqiao Airport (SHA),China,124,0, Damaged beyond repair,-,McDonnell Douglas DC-8-61,4,Pratt & Whitney JT3D-,1971,-,-, JA8048, 46160/545,JAL,International Scheduled Passenger,JL792,Shanghai-Hongqiao Airport,SHA,ZSSS,China,-,-,-,-,11,113,0,0,-,-,-
19820917-1,Friday,17-SEP-1982,16:41,A2, En route (ENR),"Huntington Beach, CA",United States of America,1,0, Substantial, Repaired,Beechcraft 200 Super King Air,2,Pratt & Whitney Canada PT6A-41,1980,-,1076.0, N9FQ, BB-603,Private,Private,-,Santa Ana-John Wayne International Airport,SNA,KSNA,United States of America,Burbank/Glendale/Pasadena Airport,BUR,KBUR,United States of America,1,0,0,0,2,-,Final
19820918-0,Saturday,18-SEP-1982,-,A1, Unknown (UNK),"near Two Bridge Lake, BC",Canada,5,5, Damaged beyond repair,-,de Havilland Canada DHC-3 Otter,-,-,1966,-,-, C-FDJA, 459,Central Mountain Air Services,Unknown,-,-,-,-,-,-,-,-,-,-,-,-,-,-,-,-
19820918-1,Saturday,18-SEP-1982,-,A1, Approach (APR),"5,6 km (3.5 mls) NE of Luxembourg-Findel Airport (LUX)",Luxembourg,3,3, Damaged beyond repair,-,Beechcraft B200C Super King Air,-,-,1981,-,-, OY-BEP, BL-43,Jetair,Unknown,-,-,-,-,-,Luxembourg-Findel Airport,LUX,ELLX,Luxembourg,-,-,-,-,-,-,-
19820920-0,Monday,20-SEP-1982,-,A1, Initial climb (ICL),Hat Yai Airport (HDY),Thailand,8,0, Damaged beyond repair,-,Swearingen SA226-AT Merlin IV,-,-,1978,-,-, L6-2/21, AT-065,Thai AF,Military,-,Hat Yai Airport,HDY,VTSS,Thailand,-,-,-,-,-,-,0,0,-,-,-
19820924-0,Friday,24-SEP-1982,15:15,A1, En route (ENR),4 km (2.5 mls) N of Kampung Atap,Malaysia,7,7, Damaged beyond repair,-,de Havilland Canada DHC-4A Caribou,-,-,1973,-,-, M21-17, 306,Royal Malaysian AF,Military,-,Taiping Airport,TPG,WMBI,Malaysia,-,-,-,-,7,0,7,0,-,-,-
19820925-0,Saturday,25-SEP-1982,-,H2, En route (ENR),Catania-Fontanarossa Airport (CTA),Italy,109,0, None,-,Boeing 727-243,-,-,-,-,-, registration unknown,-,Alitalia,International Scheduled Passenger,AZ871,Algiers-Houari Boumediene Airport,ALG,DAAG,Algeria,Roma-Fiumicino Airport,FCO,LIRF,Italy,8,101,0,0,-,-,-
19820928-0,Tuesday,28-SEP-1982,-,A1, Landing (LDG),Chimkent region,Kazakhstan,-,0, Damaged beyond repair,-,Antonov An-2R,-,-,1967,-,-, CCCP-44628, 1G87-05,Aeroflot / Kazakstan,Unknown,-,-,-,-,-,-,-,-,-,-,-,0,0,-,-,-
19820929-1,Wednesday,29-SEP-1982,19:23,A1, Landing (LDG),Luxembourg-Findel Airport (LUX),Luxembourg,77,7, Destroyed, Written off (damaged beyond repair),Ilyushin Il-62M,4,Soloviev D-30KU,1977,-,10325.0, CCCP-86470, 1725234,Aeroflot / International,International Scheduled Passenger, 343,Moskva-Sheremetyevo Airport,SVO,UUEE,Russia,Luxembourg-Findel Airport,LUX,ELLX,Luxembourg,11,66,0,7,-,-,Final
19821005-0,Tuesday,05-OCT-1982,-,A1, Landing (LDG),Merowe Airport (MWE),Sudan,20,0, Damaged beyond repair,-,Fokker F-27 Friendship 200,-,-,1962,23052.0,33950.0, ST-AAS, 10194,Sudan Airways,Scheduled Passenger,-,-,-,-,-,Merowe Airport,MWE,HSMR,Sudan,3,17,0,0,-,-,-
19821008-0,Friday,08-OCT-1982,18:00,A1, Landing (LDG),Cuenca Airport (CUE),Ecuador,-,0, Damaged beyond repair,-,Vickers 828 Viscount,4,Rolls-Royce Dart 525,1962,-,-, HC-ATV, 458,SAN,Domestic Scheduled Passenger,-,Guayaquil-Simon Bolivar Airport,GYE,SEGU,Ecuador,Cuenca Airport,CUE,SECU,Ecuador,-,-,0,0,-,-,-
19821012-0,Tuesday,12-OCT-1982,-,A1, En route (ENR),near Graskop,South Africa,30,0, Damaged beyond repair,-,Douglas C-47A-75-DL (DC-3),2,Pratt & Whitney R-1830-92,1944,-,-, ZS-EJK, 19484,Comair,Domestic Non Scheduled Passenger,-,Johannesburg International Airport,JNB,FAJS,South Africa,Skukuza Airport,SZK,FASZ,South Africa,3,27,0,0,-,-,-
19821014-0,Thursday,14-OCT-1982,-,H2, En route (ENR),Wien-Schwechat Airport (VIE),Austria,-,0, None,-,Tupolev Tu-134,-,-,-,-,-, registration unknown,-,Balkan Bulgarian,International Scheduled Passenger,-,Bourgas Airport,BOJ,LBBG,Bulgaria,Warszawa-Okecie Airport,WAW,EPWA,Poland,-,-,0,0,-,-,-
19821016-0,Saturday,16-OCT-1982,14:30,A1, En route (ENR),"330 km (206.3 mls) E off  Cape May, NJ, USA",Atlantic Ocean,13,5, Damaged beyond repair,-,Lockheed C-130B Hercules,4,Allison T56-A-7,1960,-,-, FAC-1003, 3572,Colombian AF,Military,-,Terceira-Lajes AFB,TER,LPLA,Portugal,-,-,-,-,-,-,2,3,-,-,-
19821017-0,Sunday,17-OCT-1982,12:20,A1, Approach (APR),Genève-Cointrin Airport (GVA),Switzerland,182,0, Damaged beyond repair,-,Boeing 707-366C,4,Pratt & Whitney JT3D-7,1970,-,-, SU-APE, 20342/837,EgyptAir,International Scheduled Passenger,MS771,Cairo International Airport,CAI,HECA,Egypt,Genève-Cointrin Airport,GVA,LSGG,Switzerland,10,172,0,0,-,-,Final
19821018-0,Monday,18-OCT-1982,03:00,A1, En route (ENR),"Kosciusko, MS",United States of America,3,3, Destroyed, Written off (damaged beyond repair),Lockheed 18 Learstar I,2,Wright R-1820-76,1943,-,-, N1040G, 18-2549,Vintage Sales Corp.,Illegal Flight,-,-,-,-,-,-,-,-,-,2,1,2,1,-,-,Final
19821027-0,Wednesday,27-OCT-1982,-,H2, Standing (STD),"Los Angeles International Airport, CA (LAX)",United States of America,109,0, None,-,Lockheed L-1011 TriStar,-,-,-,-,-, registration unknown,-,TWA,Domestic Scheduled Passenger,TW72,Los Angeles International Airport,LAX,KLAX,United States of America,Saint Louis-Lambert International Airport,STL,KSTL,United States of America,-,-,0,0,-,-,-
19821031-0,Sunday,31-OCT-1982,-,A1, Taxi (TXI),"Shamattawa Airport, MB (ZTM)",Canada,2,0, Damaged beyond repair,-,Curtiss C-46 Super C,-,-,1945,-,-, C-GIXZ, 22453,Ilford Riverton,Cargo,-,-,-,-,-,Shamattawa Airport,ZTM,CZTM,Canada,2,0,0,0,-,-,-
19821101-0,Monday,01-NOV-1982,-,U1, Unknown (UNK),at an unknown location,Panama,-,-, Damaged beyond repair,-,Britten-Norman BN-2A Trislander Mk.III-1,-,-,1975,-,-, HP-947, 1005,Aviones de Panama,Unknown,-,-,-,-,-,-,-,-,-,-,-,-,-,-,-,-
19821103-0,Wednesday,03-NOV-1982,-,A1, Unknown (UNK),at an unknown location,Iran,-,1, Damaged beyond repair,-,Britten-Norman BN-2A-21 Islander,-,-,1977,-,-, EP-PBE, 581,Pars Air,Unknown,-,-,-,-,-,-,-,-,-,-,-,-,-,-,-,-
19821104-0,Thursday,04-NOV-1982,05:10,A1, Takeoff (TOF),Port Moresby-Jackson Field (POM),Papua New Guinea,1,0, Damaged beyond repair,-,Embraer EMB-110P2 Bandeirante,2,Pratt & Whitney Canada PT6A-34,1980,-,-, P2-RDL, 110300,Talair,Cargo,-,Port Moresby-Jacksons International Airport,POM,AYPY,Papua New Guinea,Lae-Nadzab Airport,LAE,AYNZ,Papua New Guinea,1,0,0,0,-,-,-
19821106-0,Saturday,06-NOV-1982,09:10,A2, En route (ENR),"Elizabeth City, NC",United States of America,-,0, Minor, Repaired,Learjet 24D,2,General Electric CJ610,-,-,2415.0, N13MJ, 	24-314,Duncan Aviation,Military,-,Elizabeth City Airport,ECG,KECG,United States of America,Elizabeth City Airport,ECG,KECG,United States of America,-,-,0,0,-,-,Final
19821106-1,Saturday,06-NOV-1982,-,A1, En route (ENR),Serra do Monchique,Portugal,4,0, Damaged beyond repair,-,Britten-Norman BN-2A Islander,-,-,1969,-,-, CS-AJO, 125,Penina,Domestic Non Scheduled Passenger,-,-,-,-,-,Portimão Airport,PRM,LPPM,Portugal,1,3,0,0,-,-,-
19821106-2,Saturday,06-NOV-1982,09:10,A2, En route (ENR),"Elizabeth City, NC",United States of America,-,0, Minor, Repaired,Learjet 25,2,General Electric CJ610,-,-,-, N47MJ, 25-004,Duncan Aviation,Military,-,Elizabeth City Airport,ECG,KECG,United States of America,Elizabeth City Airport,ECG,KECG,United States of America,-,-,0,0,-,-,Final
19821107-0,Sunday,07-NOV-1982,-,H2, En route (ENR),Sinop Airport (SIC),Turkey,-,0, None,-,Antonov An-24,-,-,-,-,-, registration unknown,-,Aeroflot,Domestic Scheduled Passenger,-,-,-,-,-,Odessa-Central Airport,ODS,UKOO,Ukraine,-,-,0,0,-,-,-
19821108-0,Monday,08-NOV-1982,-,A1, Unknown (UNK),near Bontang,Indonesia,-,-, Damaged beyond repair,-,CASA/Nurtanio NC-212 Aviocar 100,-,-,1980,-,-, PK-DCR, 128/20N,Deraya Air Taxi,Unknown,-,-,-,-,-,-,-,-,-,-,-,-,-,-,-,-
19821112-0,Friday,12-NOV-1982,18:11,A1, Taxi (TXI),København-Kastrup Airport (CPH),Denmark,15,0, Destroyed, Written off (damaged beyond repair),Swearingen SA226-AT Merlin IV,2,Garrett TPE331-3U-303G,1974,-,2395.0, OY-AUI, AT-015,Danair,Domestic Scheduled Passenger,DX386,Stauning Airport,STA,EKVJ,Denmark,København-Kastrup Airport,CPH,EKCH,Denmark,2,13,0,0,-,-,Final
19821112-1,Friday,12-NOV-1982,14:04,A1, Approach (APR),"Wichita, KS",United States of America,1,0, Substantial, Written off (damaged beyond repair),Cessna 501 Citation I/SP,2,Pratt & Whitney Canada JT15D-1B,-,-,179.0, N2627U, 501-0247,Cessna Aircraft,Illegal Flight,-,Wichita-Mid-Continent Airport,ICT,KICT,United States of America,-,-,-,-,1,0,0,0,-,-,Final
19821116-0,Tuesday,16-NOV-1982,13:10,A1, En route (ENR),"3, 8 km from Rio de Janeiro-Santos Dumont Airport, RJ (SDU)",Brazil,3,3, Damaged beyond repair,-,Embraer C-95 Bandeirante (EMB-110),-,-,1976,-,-, 2182, 110109,Brazilian AF,Military,-,Rio de Janeiro-Santos Dumont Airport,SDU,SBRJ,Brazil,São Paulo-Guarulhos International Airport,GRU,SBGR,Brazil,3,0,3,0,-,-,-
19821116-1,Tuesday,16-NOV-1982,-,A1, Maneuvering (MNV),"Edmonton-Namao Field, AB (YED)",Canada,7,7, Damaged beyond repair,-,Lockheed CC-130H Hercules,-,-,1974,-,-, 130329, 4553,Canadian Armed Forces,Military,-,-,-,-,-,-,-,-,-,7,0,7,0,-,-,-
19821118-0,Thursday,18-NOV-1982,09:30,A1, En route (ENR),"2,8 km (1.8 mls) N of Mountain View Airport, MO (MNF)",United States of America,3,3, Destroyed, Written off (damaged beyond repair),Cessna 551 Citation II/SP,2,Pratt & Whitney Canada JT15D-4,-,-,1150.0, N2CA, 551-0024,Coin Acceptors,Executive,-,-,-,-,-,Saint Louis-Lambert International Airport,STL,KSTL,United States of America,1,2,1,2,-,-,Final
19821118-1,Thursday,18-NOV-1982,-,A1, Unknown (UNK),Dnepropetrovsk Region,Russia,-,0, Damaged beyond repair,-,Antonov An-2R,-,-,1979,-,-, CCCP-54883, 1G185-50,Aeroflot / Ukraine,Unknown,-,-,-,-,-,-,-,-,-,-,-,0,0,-,-,-
19821122-0,Monday,22-NOV-1982,-,H2, En route (ENR),Berlin-Tempelhof Airport (THF),Germany,-,0, None,-,Antonov An-24V,-,-,1966,-,-, SP-LTK, 67302507,LOT,Domestic Scheduled Passenger,-,Wroclaw-Strachowice Airport,WRO,EPWR,Poland,Warszawa-Okecie Airport,WAW,EPWA,Poland,-,-,0,0,-,-,-
19821127-0,Saturday,27-NOV-1982,-,H2, Standing (STD),Warszawa-Okecie Airport (WAW),Poland,-,0, None,-,Tupolev Tu-154B-2,3,Kuznetsov NK-8-2U,1973,-,-, HA-LCA, 73A045,Malev,International Scheduled Passenger,MA121,Warszawa-Okecie Airport,WAW,EPWA,Poland,Budapest-Ferihegy Airport,BUD,LHBP,Hungary,-,-,0,0,-,-,-
19821129-0,Monday,29-NOV-1982,-,A1, Unknown (UNK),Santa Marta-Simon Bolivar Airport (SMR),Colombia,-,0, Damaged beyond repair,-,Boeing 727-21,3,Pratt & Whitney JT8D-7,1966,-,-, HK-2560, 18996/233,Aerotal Colombia,Scheduled Passenger,-,-,-,-,-,-,-,-,-,-,-,0,0,-,-,-
19821129-1,Monday,29-NOV-1982,-,A1, En route (ENR),Monte Bibala,Angola,15,15, Damaged beyond repair,-,Antonov An-26,-,-,-,-,-, D2-TAB,-,TAAG,Non Scheduled Passenger,-,-,-,-,-,-,-,-,-,6,9,6,9,-,-,-
