identifiant,week_day,date,time,type_event,phase,location,country,total_occupants,total_fatalities,aircraft_damage,aircraft_fate,type_aircraft,number_engines,type_engines,first_flight,cycles,total_airframe_hours,registration,c_n_msn,operator,nature,flight_number,departure_airport_name,departure_airport_IATA,departure_airport_ICAO,departure_airport_country,destination_airport_name,destination_airport_IATA,destination_airport_ICAO,destination_airport_country,crew_number,passengers_number,crew_fatalities,passengers_fatalities,collision_casualties,ground_casualties,status
20060624-0,Saturday,24-JUN-2006,22:26,A1, Landing (LDG),"Upland-Cable Airport, CA (CCB)",United States of America,3,1, Damaged beyond repair,-,Cessna 560 Citation Encore,2,Pratt & Whitney Canada PW535A,2001,-,2513.0, N486SB, 560-0580,Aero Charter Services,Private,-,San Diego-Montgomery Field,MYF,KMYF,United States of America,Upland-Cable Airport,CCB,KCCB,United States of America,1,2,0,1,-,-,Final
20060626-0,Monday,26-JUN-2006,09:58,A1, Landing (LDG),Barcelona-Gen J A Anzoategui Airport (BLA),Venezuela,8,0, Damaged beyond repair,-,Hawker Siddeley DH-125-3A,-,-,1967,-,-, N125GK, 25127,Great Idea Corp.,Executive,-,Caracas-Simón Bolívar International Airport,CCS,SVMI,Venezuela,Barcelona-Gen J A Anzoategui Airport,BLA,SVBC,Venezuela,2,6,0,0,-,-,Preliminary
20060628-0,Wednesday,28-JUN-2006,-,A1, Landing (LDG),"Saint Paul Island Airport, AK (SNP)",United States of America,9,0, Substantial, Written off (damaged beyond repair),Lockheed HC-130H Hercules,-,-,1985,-,-, 1710, 5028,US Coast Guard,Military,-,Kodiak NAS,ADQ,PADQ,United States of America,Saint Paul Island Airport,SNP,PASN,United States of America,9,0,0,0,-,-,-
20060629-0,Thursday,29-JUN-2006,-,O1, Standing (STD),Dunaújváros Airport,Hungary,0,0, Damaged beyond repair,-,Antonov An-2R,-,-,-,-,-, HA-MDN, 1G183-21,Szemp Air,-,-,-,-,-,-,-,-,-,-,0,0,0,0,-,-,-
20060629-1,Thursday,29-JUN-2006,-,A1, Landing (LDG),Bagram Air Base (BPM),Afghanistan,-,0, Damaged beyond repair,-,Antonov An-12BP,4,Ivchenko AI-20M,1970,-,-, EK12305, 00347305,Unknown,Cargo,-,-,-,-,-,Bagram Air Base,BPM,OAIX,Afghanistan,-,-,0,0,-,-,Preliminary
20060630-0,Friday,30-JUN-2006,19:00,A1, Unknown (UNK),2 km (1.3 mls) from  Vilanculos Airport (VNX),Mozambique,3,1, Damaged beyond repair,-,Cessna 208B Grand Caravan,1,Pratt & Whitney Canada PT6A-114A,1994,-,-, ZS-POG, 208B0396,Naturelink Airlines,Unknown,-,-,-,-,-,Vilanculos Airport,VNX,FQVL,Mozambique,2,1,1,0,-,-,Preliminary
20060699-0,-,XX-JUN-2006,-,O1, Standing (STD),"Brisbane International Airport, QLD (BNE)",Australia,0,0, Damaged beyond repair,-,Swearingen SA227-DC Metro 23,2,Garrett TPE331-12U-701G,1992,-,-, VH-SEY, DC-800B,Sunshine Express Airlines,-,-,-,-,-,-,-,-,-,-,0,0,0,0,-,-,Preliminary
20060701-0,Saturday,01-JUL-2006,-,A1, Landing (LDG),"Canberra Airport, ACT (CBR)",Australia,-,0, Damaged beyond repair,-,Swearingen SA227-AC Metro III,2,Garrett TPE331-11U-611G,1986,-,-, VH-VEH, AC-663B,Corporate Air,Unknown,-,-,-,-,-,Canberra Airport,CBR,YSCB,Australia,-,-,0,0,-,-,- (No safety board investigation)
20060703-0,Monday,03-JUL-2006,13:19,A2, Landing (LDG),Bajura Airport (BJU),Nepal,3,0, Substantial, Repaired,de Havilland Canada DHC-6 Twin Otter 300,2,Pratt & Whitney Canada PT6A-27,1980,60387.0,30637.0, 9N-AFE, 720, Yeti Airlines,Cargo,-,Nepalganj Airport,KEP,VNNG,Nepal,Bajura Airport,BJU,VNBR,Nepal,3,0,0,0,-,-,Final
20060705-0,Wednesday,05-JUL-2006,05:00,A1, Landing (LDG),Mexico City-Benito Juárez International Airport (MEX),Mexico,2,0, Damaged beyond repair,-,North American Sabreliner 40,-,-,1964,-,-, XA-UCS, 262-6,Vigo Jet,Cargo,-,Léon/Guanajuato-Del Bajio Airport,BJX,MMLO,Mexico,Mexico City-Benito Juárez International Airport,MEX,MMMX,Mexico,2,0,0,0,-,-,Preliminary
20060706-0,Thursday,06-JUL-2006,09:30,A1, Maneuvering (MNV),off Patroklos Island,Greece,2,0, Damaged beyond repair,-,Canadair CL-215-1A10,-,-,1990,-,-, 1112, 1112,Hellenic AF,Fire fighting,-,-,-,-,-,-,-,-,-,2,0,0,0,-,-,-
20060706-1,Thursday,06-JUL-2006,-,A2, Landing (LDG),Barragem da Aguieira,Portugal,9,0, Substantial, Repaired,Beriev Be-200ChS,2,Progress D-436TP,2002,-,-, RF-21512, 7682000003,TANTK,Training,-,-,-,-,-,-,-,-,-,5,4,0,0,-,-,Preliminary
20060707-0,Friday,07-JUL-2006,15:40,A1, En route (ENR),10 km (6.3 mls) NW of Sake,Democratic Republic of the Congo,6,6, Damaged beyond repair,-,Antonov An-12B,4,Ivchenko AI-20M,1963,-,-, 9Q-CVT, 3341506, Mango Airlines,Cargo,-,Goma Airport,GOM,FZNA,Democratic Republic of the Congo,Kisangani-Bangoka International Airport,FKI,FZIC,Democratic Republic of the Congo,6,0,6,0,-,-,Preliminary
20060709-0,Sunday,09-JUL-2006,07:44,A1, Landing (LDG),Irkutsk Airport (IKT),Russia,203,125, Destroyed, Written off (damaged beyond repair),Airbus A310-324,2,Pratt & Whitney PW4152,1987,12550.0,59865.0, F-OGYP, 442,S7 Airlines,Domestic Scheduled Passenger, 778,Moskva-Domodedovo Airport,DME,UUDD,Russia,Irkutsk Airport,IKT,UIII,Russia,8,195,5,120,-,-,Final
20060710-0,Monday,10-JUL-2006,12:00,A1, Initial climb (ICL),2 km (1.3 mls) NE of Multan Airport (MUX),Pakistan,45,45, Destroyed, Written off (damaged beyond repair),Fokker F-27 Friendship 200,2,Rolls-Royce Dart 532-7,1964,83485.0,73591.0, AP-BAL, 10243,PIA,Domestic Scheduled Passenger,PK688,Multan Airport,MUX,OPMT,Pakistan,Lahore Airport,LHE,OPLA,Pakistan,4,41,4,41,-,-,Final
20060710-1,Monday,10-JUL-2006,-,A1, Takeoff (TOF),Gvardeyskoye Air Base,Ukraine,20,0, Damaged beyond repair,-,Tupolev Tu-134,-,-,-,-,-, 05 red, 63875,Russian Navy,Military,-,-,-,-,-,-,-,-,-,-,-,0,0,-,-,-
20060710-2,Monday,10-JUL-2006,10:45,A2, Landing (LDG),"Hamilton-Ravalli County Airport, MT",United States of America,2,0, Substantial, Repaired,Cessna 560 Citation V,2,Pratt & Whitney Canada JT15D-5D,1995,-,9392.0, N50CV, 560-0293,River City Flying Service,Executive,-,Visalia Airport,VIS,KVIS,United States of America,-,-,-,-,2,0,0,0,-,-,Final
20060712-0,Wednesday,12-JUL-2006,15:17,A1, Approach (APR),Kigoma Airport (TKQ),Tanzania,5,0, Destroyed, Written off (damaged beyond repair),Lockheed L-100-30 Hercules,4,Allison 501-D22A,1975,-,-, S9-BOF, 4586,UN,Cargo, 822,Manono Airport,MNO,FZRA,Democratic Republic of the Congo,Kigoma Airport,TKQ,HTKA,Tanzania,5,0,0,0,-,-,Preliminary
20060714-0,Friday,14-JUL-2006,-,A1, Landing (LDG),Geneina Airport (EGN),Sudan,-,0, Damaged beyond repair,-,Antonov An-12,-,-,-,-,-, registration unknown,-,Sudan AF,Military,-,-,-,-,-,Geneina Airport,EGN,HSCN,Sudan,-,-,0,0,-,-,-
20060715-0,Saturday,15-JUL-2006,11:30,O2, Standing (STD),Madrid-Barajas Airport (MAD),Spain,3,0, Substantial, Repaired,Embraer EMB-135ER (ERJ-135ER),2,Allison AE3007A3,2000,-,-, F-GOHC, 145243,Régional,-,-,Madrid-Barajas Airport,MAD,LEMD,Spain,-,-,-,-,3,0,0,0,-,-,Final
20060717-0,Monday,17-JUL-2006,01:01,A2, Landing (LDG),Al Asad Air Base,Iraq,-,0, Substantial,-,Lockheed C-130E Hercules,4,Allison T56-A-7,1964,-,-, 63-7853, 3923,USAF,Military,-,-,-,-,-,-,-,-,-,-,56,0,0,-,-,Final
20060719-0,Wednesday,19-JUL-2006,07:20,A1, Initial climb (ICL),"1,5 km (0.9 mls) W off  Saint Thomas-Cyril E. King Airport (STT)",U.S. Virgin Islands,4,0, Substantial, Written off (damaged beyond repair),Douglas DC-3C,2,Pratt & Whitney R-1830-92D,1942,-,32278.0, N782T, 4382,Tol Air Services,Ferry/positioning,-,Saint Thomas-Cyril E. King Airport,STT,TIST,U.S. Virgin Islands,San Juan-Luis Muñoz Marín International Airport,SJU,TJSJ,Puerto Rico,2,2,0,0,-,-,Final
20060719-1,Wednesday,19-JUL-2006,11:04,A1, Landing (LDG),"Cresco-Ellen Church Field Airport, IA",United States of America,4,2, Damaged beyond repair,-,Cessna 560 Citation Encore,2,Pratt & Whitney Canada PW535A,2003,-,73.0, N636SE, 560-0636,Tomco II,Executive,-,Oxford-University Airport,UOX,KUOX,United States of America,Rochester Municipal Airport,RST,KRST,United States of America,2,2,2,0,-,-,Final
20060719-2,Wednesday,19-JUL-2006,-,A2, Landing (LDG),Limanskoye,Ukraine,4,0, Substantial, Repaired,Antonov An-2T,-,-,-,-,-, -, 1G236-14,Odesski oask,Unknown,-,-,-,-,-,-,-,-,-,2,2,0,0,-,-,-
20060719-3,Wednesday,19-JUL-2006,08:22,A1, Approach (APR),near Semarang-Achmad Yani Airport (SRG),Indonesia,2,2, Damaged beyond repair,-,CASA/Nurtanio NC-212 Aviocar 200,-,-,1982,-,-, A-9032, 213/53N,Indonesian Army,Military,-,-,-,-,-,Semarang-Achmad Yani Airport,SRG,WARS,Indonesia,2,0,2,0,-,-,-
20060725-0,Tuesday,25-JUL-2006,16:06,A1, Takeoff (TOF),"Spanish Fork-Springville Airport, UT",United States of America,2,2, Destroyed, Written off (damaged beyond repair),Spectrum Aeronautical Spectrum 33,2,Williams International FJ33-4A-15,2006,47.0,44.0, N322LA,-,Spectrum Aeronautical,Test,-,-,-,-,-,-,-,-,-,2,0,2,0,-,-,Final
20060728-0,Friday,28-JUL-2006,11:25,A1, Landing (LDG),"Memphis International Airport, TN (MEM)",United States of America,3,0, Substantial, Written off (damaged beyond repair),McDonnell Douglas MD-10-10F,3,General Electric CF6-6D,1975,27002.0,73283.0, N391FE, 46625/169,FedEx,Cargo, 630,Seattle/Tacoma International Airport,SEA,KSEA,United States of America,Memphis International Airport,MEM,KMEM,United States of America,3,0,0,0,-,-,Final
20060729-0,Saturday,29-JUL-2006,13:45,A1, Initial climb (ICL),"Sullivan Regional Airport, MO",United States of America,8,6, Damaged beyond repair,-,de Havilland Canada DHC-6 Twin Otter 100,2,Pratt & Whitney Canada PT6A-20,1967,-,37434.0, N203E,  53,Adventure Aviation,Parachuting,-,-,-,-,-,-,-,-,-,1,7,1,5,-,-,Final
20060729-1,Saturday,29-JUL-2006,15:14,A2, Takeoff (TOF),"Riceboro, GA",United States of America,6,0, Substantial, Repaired,Cessna 208 Caravan I,1,Pratt & Whitney Canada PT6A-114A,2004,-,472.0, N415GA, 20800376,Hampton Island Aviation,Executive,-,-,-,-,-,-,-,-,-,1,5,0,0,-,-,Final
20060731-0,Monday,31-JUL-2006,11:30,A2, Landing (LDG),"Berners Bay, AK",United States of America,7,0, Substantial, Repaired,de Havilland Canada DHC-3T Texas Turbine Otter,1,Garrett TPE331-10JR-511C,1955,-,-, N93356, 144,Ward Air,Domestic Non Scheduled Passenger,-,Juneau International Airport,JNU,PAJN,United States of America,-,-,-,-,1,6,0,0,-,-,Final
20060803-0,Thursday,03-AUG-2006,-,A1, En route (ENR),15 km (9.4 mls) from  Bukavu,Democratic Republic of the Congo,17,17, Damaged beyond repair,-,Antonov An-28,2,Glushenkov TVD-10B,1990,-,-, 9Q-COM, 1AJ008-21,TRACEP-Congo Aviation,Domestic Non Scheduled Passenger,-,-,-,-,-,Bukavu-Kamenbe Airport,BKY,FZMA,Democratic Republic of the Congo,3,14,3,14,-,-,Preliminary
20060804-0,Friday,04-AUG-2006,09:18,A1, En route (ENR),"8 km (5 mls) E of Bennington-William H. Morse State Airport, VT",United States of America,1,1, Damaged beyond repair,-,Embraer EMB-110P1 Bandeirante,2,Pratt & Whitney Canada PT6A-34,1982,-,-, N59BA, 110396,AirNow,Ferry/positioning,  59,Binghamton Airport,BGM,KBGM,United States of America,-,-,-,-,1,0,1,0,-,-,Final
20060804-1,Friday,04-AUG-2006,-,A1, Landing (LDG),145 km (90.6 mls) WNW of Puerto Ayacucho,Venezuela,-,-, Damaged beyond repair,-,Let L-410UVP-E,2,Walter M-601E,1987,-,-, YV-867CP, 872010,Unknown,Illegal Flight,-,-,-,-,-,-,-,-,-,-,-,-,-,-,-,-
20060807-0,Monday,07-AUG-2006,-,A1, Landing (LDG),El Fasher Airport (ELF/HSFS) [ST],Sudan,-,0, Substantial, Written off (damaged beyond repair),Antonov An-26,-,-,1980,-,-, ST-ZZZ, 10407,Sudan AF,Military,-,El Fasher Airport,ELF,HSFS,Sudan,-,-,-,-,-,-,0,0,-,-,-
20060808-0,Tuesday,08-AUG-2006,14:04,A2, En route (ENR),São Paulo,Brazil,-,0, Minor, Repaired,Fokker 100,2,Rolls-Royce Tay 650-15,1993,-,-, PT-MQN, 11409,TAM Brasil,Domestic Scheduled Passenger,3040,São Paulo-Congonhas Airport,CGH,SBSP,Brazil,Rio de Janeiro-Galeão International Airport,GIG,SBGL,Brazil,-,79,0,0,-,-,Preliminary
20060810-0,Thursday,10-AUG-2006,17:40,A1, Landing (LDG),Rionegro/Medellín-José María Córdova Airport (MDE),Colombia,5,0, Substantial, Written off (damaged beyond repair),Swearingen SA227-BC Metro III,-,-,1990,-,-, FAC-5742, BC-762B,Colombian AF,Military,-,-,-,-,-,Rionegro/Medellín-José María Córdova Airport,MDE,SKRG,Colombia,5,0,0,0,-,-,-
20060812-0,Saturday,12-AUG-2006,-,A1, Approach (APR),"Novobrats'ke, Bulandy district",Kazakhstan,2,1, Damaged beyond repair,-,Antonov An-2P,-,-,1971,-,-, UN-02683, 1G123-49,Orlan 2000,Agricultural,-,-,-,-,-,-,-,-,-,2,0,1,0,-,-,Preliminary
20060812-1,Saturday,12-AUG-2006,-,C1, Unknown (UNK),Torcoroma,Colombia,-,0, Damaged beyond repair,-,Grumman G-1159 Gulfstream II,-,-,1969,-,-, registration unknown, 68,Ciro World,Illegal Flight,-,-,-,-,-,-,-,-,-,-,-,0,0,-,-,-
20060813-0,Sunday,13-AUG-2006,20:15,A1, En route (ENR),near Piacenza,Italy,3,3, Damaged beyond repair,-,Lockheed L-100-30 Hercules,4,Allison 501-D22A,1981,-,-, 7T-VHG, 4880,Air Algérie,Cargo,2208,Algiers-Houari Boumediene Airport,ALG,DAAG,Algeria,Frankfurt International Airport,FRA,EDDF,Germany,3,0,3,0,-,-,Preliminary - official
20060815-0,Tuesday,15-AUG-2006,-,A2, Landing (LDG),Pyongyang-Sunan Aiport (FNJ),North Korea,-,0, Minor, Repaired,Tupolev Tu-154B-2,3,Kuznetsov NK-8-2U,1983,-,-, P-561 ?, 83A573, Air Koryo,International Scheduled Passenger,-,Beijing-Capital International Airport,PEK,ZBAA,China,Pyongyang-Sunan Aiport,FNJ,ZKPY,North Korea,-,-,0,0,-,-,Preliminary
20060817-0,Thursday,17-AUG-2006,15:51,A1, Landing (LDG),"Grain Valley-East Kansas City Airport, MO",United States of America,2,0, Substantial, Written off (damaged beyond repair),Swearingen SA227-AC Metro III,2,Garrett TPE331-11U-611G,1982,-,22504.0, N620PA, AC-533,Career Aviation Company,Executive, 321,Tuscaloosa-Van De Graaf Airport,TCL,KTCL,United States of America,-,-,-,-,2,0,0,0,-,-,Final
20060817-1,Thursday,17-AUG-2006,00:54,A1, Taxi (TXI),Bogotá-Eldorado Airport (BOG),Colombia,3,0, Damaged beyond repair,-,Boeing 727-224F,3,Pratt & Whitney JT8D-15,1970,-,71978.0, HK-3985, 20465/814,Aerosucre Colombia,Cargo, 192,Bogotá-Eldorado Airport,BOG,SKBO,Colombia,Barranquilla-Ernesto Cortissoz Airport,BAQ,SKBQ,Colombia,3,0,0,0,-,-,Final
20060822-0,Tuesday,22-AUG-2006,15:39,A1, En route (ENR),45 km (28.1 mls) NW of Donetsk,Ukraine,170,170, Destroyed, Written off (damaged beyond repair),Tupolev Tu-154M,3,Soloviev D-30KU-154-II,1991,-,24215.0, RA-85185, 91A894,Pulkovo,Domestic Scheduled Passenger,FV612,Anapa Airport,AAQ,URKA,Russia,Saint Petersburg-Pulkovo Airport,LED,ULLI,Russia,10,160,10,160,-,-,Final
20060824-0,Thursday,24-AUG-2006,-,A1, Landing (LDG),Rtishchevo Air Base,Russia,-,0, Substantial, Written off (damaged beyond repair),Let L-410UVP-E3,2,Walter M-601E,1989,-,-, 06, 892233,Russian AF,Military,-,-,-,-,-,-,-,-,-,-,0,0,0,-,-,-
20060827-0,Sunday,27-AUG-2006,06:07,A1, Takeoff (TOF),"Lexington-Blue Grass Airport, KY (LEX)",United States of America,50,49, Destroyed, Written off (damaged beyond repair),Canadair CL-600-2B19 Regional Jet CRJ-100ER,2,General Electric CF34-3A1,2001,14536.0,12048.0, N431CA, 7472,Delta Connection,Domestic Scheduled Passenger,5191,Lexington-Blue Grass Airport,LEX,KLEX,United States of America,Atlanta Hartsfield-Jackson International Airport,ATL,KATL,United States of America,3,47,2,47,-,-,Final
20060828-0,Monday,28-AUG-2006,19:00,A2, Landing (LDG),"3 km (1.9 mls) S of Salta-Martín Miguel de Güemes International Airport, SA (SLA)",Argentina,12,0, Substantial,-,GAF Nomad N.22B,2,Allison 250-B17C,1977,-,-, ZP-TDZ, N22B-57,Paraguay Air Services,Domestic Non Scheduled Passenger,-,-,-,-,-,Salta-Martín Miguel de Güemes International Airport,SLA,SASA,Argentina,2,10,0,0,-,-,Final
20060828-1,Monday,28-AUG-2006,15:06,A1, En route (ENR),"near Carson City, NV",United States of America,5,0, Damaged beyond repair,-,Raytheon Hawker 800XP,2,Garrett TFE731-5BR-1H,1998,-,6727.0, N879QS, 258379,NetJets,Executive,-,Carlsbad-McClellan-Palomar Airport,CLD,KCRQ,United States of America,Reno/Tahoe International Airport,RNO,KRNO,United States of America,2,3,0,0,-,-,Final
20060828-2,Monday,28-AUG-2006,-,A1, Takeoff (TOF),El Obeid Airport (EBD),Sudan,-,-, Damaged beyond repair,-,Antonov An-26,-,-,1972,-,-, ST-AQM, 1404,Ababeel Aviation,Unknown,-,El Obeid Airport,EBD,HSOB,Sudan,-,-,-,-,-,-,-,-,-,-,-
20060901-0,Friday,01-SEP-2006,13:45,A1, Landing (LDG),Mashhad Airport (MHD),Iran,148,28, Damaged beyond repair,-,Tupolev Tu-154M,3,Soloviev D-30KU-154-II,1988,-,-, EP-MCF, 88A788,Iran Airtour,Domestic Scheduled Passenger, 945,Bandar Abbas Airport,BND,OIKB,Iran,Mashhad Airport,MHD,OIMM,Iran,11,137,0,28,-,-,Preliminary
20060902-0,Saturday,02-SEP-2006,15:47,A1, En route (ENR),20 km (12.5 mls) W of Kandahar,Afghanistan,14,14, Damaged beyond repair,-,British Aerospace Nimrod MR.2,4,Rolls-Royce Spey 250,1969,-,-, XV230, 8005,RAF,Military,-,Muscat-Seeb Airport,MCT,OOMS,Oman,Muscat-Seeb Airport,MCT,OOMS,Oman,14,0,14,0,-,-,Final
20060902-1,Saturday,02-SEP-2006,12:45,A2, Landing (LDG),"Wainwright Airport, AK (AIN)",United States of America,1,0, Substantial, Repaired,de Havilland Canada DHC-3 Otter,-,-,1960,-,-, N3125N, 394,Alaska Air Taxi,Cargo,-,Barrow-Wiley Post/Will Rogers Memorial Airport,BRW,PABR,United States of America,Wainwright Airport,AIN,PAWI,United States of America,1,0,0,0,-,-,Final
20060907-0,Thursday,07-SEP-2006,13:05,A1, Landing (LDG),Lagos-Murtala Muhammed Airport (LOS),Nigeria,3,0, Damaged beyond repair,-,Boeing 727-277,3,Pratt & Whitney JT8D-15 (HK3),1981,34063.0,52728.0, ZS-DPF, 22644/1768,DHL Aviation,Cargo, 110,Accra-Kotoka Airport,ACC,DGAA,Ghana,Lagos-Murtala Muhammed International Airport,LOS,DNMM,Nigeria,3,0,0,0,-,-,Final
20060908-0,Friday,08-SEP-2006,19:23,A2, Taxi (TXI),"New York-La Guardia Airport, NY (LGA)",United States of America,109,0, Minor, Repaired,Airbus A319-112,2,CFMI CFM56-5B6/P,2002,-,13215.0, C-GJTA, 1673,Air Canada,International Scheduled Passenger,AC723,New York-La Guardia Airport,LGA,KLGA,United States of America,Toronto-Pearson International Airport,YYZ,CYYZ,Canada,6,103,0,0,-,-,Final
20060908-1,Friday,08-SEP-2006,19:23,A2, Taxi (TXI),"New York-La Guardia Airport, NY (LGA)",United States of America,70,0, Substantial, Repaired,Embraer ERJ 170-100 SE (ERJ-170SE),-,-,-,-,2119.0, N864RW, 17000117,Shuttle America,Domestic Scheduled Passenger,6461,New York-La Guardia Airport,LGA,KLGA,United States of America,Chicago-O'Hare International Airport,ORD,KORD,United States of America,4,66,0,0,-,-,Final
20060915-0,Friday,15-SEP-2006,-,A1, En route (ENR),Kahuzi-Biega National Park,Democratic Republic of the Congo,5,0, Damaged beyond repair,-,Antonov An-2R,-,-,1984,-,-, 9Q-CXL, 1G208-47,Zaabu International,Domestic Non Scheduled Passenger,-,Bukavu-Kavumu Airport,BKY,FZMA,Democratic Republic of the Congo,-,-,-,-,2,3,0,0,-,-,-
20060915-1,Friday,15-SEP-2006,09:12,A1, En route (ENR),Nangungu,Tanzania,7,0, Substantial, Written off (damaged beyond repair),IRMA/Britten-Norman BN-2A-9 Islander,-,-,1976,-,-, 5H-UNT, 773,Safari Express Airways,Domestic Non Scheduled Passenger,-,-,-,-,-,Arusha Airport,ARK,HTAR,Tanzania,1,6,0,0,-,-,Final
20060917-0,Sunday,17-SEP-2006,-,A1, En route (ENR),near Vande Ikya,Nigeria,18,13, Damaged beyond repair,-,Dornier 228-212,-,-,1994,-,-, NAF033, 8229,Nigerian AF,Military,-,Abuja International Airport,ABV,DNAA,Nigeria,-,-,-,-,3,15,2,11,-,-,Preliminary
20060926-0,Tuesday,26-SEP-2006,20:10,A2, Takeoff (TOF),Bishkek Airport (FRU),Kyrgyzstan,61,0, Substantial, Repaired,Tupolev Tu-154M,3,Soloviev D-30KU-154-II,1991,-,-, EX-85718, 91A900,Altyn Air,Domestic Scheduled Passenger,-,Bishkek-Manas International Airport,FRU,UAFM,Kyrgyzstan,Osh Airport,OSS,UAFO,Kyrgyzstan,9,52,0,0,-,-,Preliminary
20060926-1,Tuesday,26-SEP-2006,20:10,A1, Landing (LDG),Bishkek Airport (FRU),Kyrgyzstan,3,0, Substantial, Written off (damaged beyond repair),Boeing KC-135R Stratotanker,4,CFMI F108-CF-100,1964,-,-, 63-8886, 18734/717,USAF,Military,-,-,-,-,-,Bishkek-Manas International Airport,FRU,UAFM,Kyrgyzstan,3,0,0,0,-,-,Preliminary
20060929-0,Friday,29-SEP-2006,16:57,A1, En route (ENR),"30 km (18.8 mls) from  Peixoto Azevedo, MT",Brazil,154,154, Destroyed, Written off (damaged beyond repair),Boeing 737-8EH,2,CFMI CFM56-7B26,2006,162.0,202.0, PR-GTD, 34653/2039,Gol,Domestic Scheduled Passenger,1907,Manaus-Eduardo Gomes International Airport,MAO,SBEG,Brazil,Brasília-Presidente Juscelino Kubitschek International Airport,BSB,SBBR,Brazil,6,148,6,148,-,-,Final
20060929-1,Friday,29-SEP-2006,16:57,A2, En route (ENR),"Novo Progresso-Cachimbo Air Base, PA (SBCC)",Brazil,7,0, Minor, Repaired,Embraer EMB-135BJ Legacy 600,2,Allison AE3007A1P,2006,11.0,19.0, N600XL, 14500965,ExcelAire,Ferry/positioning,-,São José dos Campos Airport,SJK,SBSJ,Brazil,Manaus-Eduardo Gomes International Airport,MAO,SBEG,Brazil,2,5,0,0,154,-,Final
20061002-0,Monday,02-OCT-2006,12:15,A1, Landing (LDG),"Decatur Airport, IL (DEC)",United States of America,2,0, Damaged beyond repair,-,Learjet C-21A (Learjet 35A),2,Garrett TFE731-2-2B,-,-,-, 84-0066, 35-512,USAF,Military,-,-,-,-,-,Decatur Airport,DEC,KDEC,United States of America,2,0,0,0,-,-,Final
20061002-1,Monday,02-OCT-2006,10:30,A1, Landing (LDG),Kikwit Airport (KKW),Democratic Republic of the Congo,-,0, Substantial, Written off (damaged beyond repair),Nord 262A-42,2,Turbomeca Bastan VI-C1,1969,-,-, 9Q-CBA, 57, Business Aviation,Passenger,-,Kinshasa-N'Djili Airport,FIH,FZAA,Democratic Republic of the Congo,Kikwit Airport,KKW,FZCA,Democratic Republic of the Congo,-,-,0,0,-,-,Preliminary
20061003-0,Tuesday,03-OCT-2006,17:55,H2, En route (ENR),Brindisi-Papola Casale Airport (BDS),Italy,113,0, None,-,Boeing 737-4Y0,2,CFMI CFM56-3C1,1993,-,-, TC-JET, 26077/2425,THY,International Scheduled Passenger,1476,Tirana-Rinas Airport,TIA,LATI,Albania,Istanbul-Atatürk International Airport,IST,LTBA,Turkey,6,107,0,0,-,-,Preliminary
20061003-1,Tuesday,03-OCT-2006,11:20,A1, Landing (LDG),Tarakan-Juwata Airport (TRK),Indonesia,110,0, Substantial, Written off (damaged beyond repair),Boeing 737-2T4,2,Pratt & Whitney JT8D-17A,1983,-,-, PK-RIE, 22804/908,Mandala Airlines,Domestic Scheduled Passenger, 394,Balikpapan-Sepingan Airport,BPN,WALL,Indonesia,Tarakan-Juwata Airport,TRK,WALR,Indonesia,6,104,0,0,-,-,Preliminary
20061003-2,Tuesday,03-OCT-2006,16:21,A2, Landing (LDG),Wick Airport (WIC),United Kingdom,6,0, Substantial, Repaired,British Aerospace 3202 Jetstream 32,2,Garrett TPE331-12UHR-701H,1992,15298.0,15497.0, G-BUVC, 970,Eastern Airways,Domestic Scheduled Passenger,-,Aberdeen-Dyce Airport,ABZ,EGPD,United Kingdom,Wick Airport,WIC,EGPC,United Kingdom,3,3,0,0,-,-,Final
20061010-0,Tuesday,10-OCT-2006,07:32,A1, Landing (LDG),Stord-Sørstokken Airport (SRP),Norway,16,4, Destroyed, Written off (damaged beyond repair),British Aerospace BAe-146-200A,4,Lycoming ALF502R-5,1987,21726.0,39828.0, OY-CRG, E2075,Atlantic Airways,Domestic Non Scheduled Passenger,RC670,Stavanger-Sola Airport,SVG,ENZV,Norway,Stord-Sørstokken Airport,SRP,ENSO,Norway,4,12,1,3,-,-,Final
20061010-1,Tuesday,10-OCT-2006,14:00,A1, Landing (LDG),Mamit,Indonesia,5,0, Damaged beyond repair,-,de Havilland Canada DHC-4A Caribou,2,Pratt & Whitney R-2000,1960,-,-, PK-YRO,  24,Trigana Air Service,Unknown,-,Mulia Airport,LII,WABQ,Indonesia,-,-,-,-,5,0,0,0,-,-,Preliminary
20061012-0,Thursday,12-OCT-2006,12:16,A1, Landing (LDG),"Leonardtown-Saint Mary's County Airport, MD (LTW)",United States of America,3,0, Damaged beyond repair,-,Beechcraft 200 Super King Air,-,-,1979,-,11077.0, N528WG, BB-151,Tigress Air III,Test,-,-,-,-,-,-,-,-,-,2,1,0,0,-,-,Final
20061019-0,Thursday,19-OCT-2006,07:30,A1, Approach (APR),near Aranchi,Uzbekistan,15,15, Damaged beyond repair,-,Antonov An-2TP,1,Shvetsov ASh-62IR,1972,-,-, UK-70152, 1G137-26,Uzbekistan Airways,Military,-,-,-,-,-,-,-,-,-,2,13,2,13,-,-,Preliminary
20061019-1,Thursday,19-OCT-2006,14:00,A1, Unknown (UNK),near Hengshui,China,-,2, Damaged beyond repair,-,Xian Yunshuji Y-7,-,-,-,-,-, registration unknown,-,China Air Force,Military,-,-,-,-,-,-,-,-,-,-,-,2,0,-,-,Preliminary
20061019-2,Thursday,19-OCT-2006,-,A2, Landing (LDG),"Bahía Blanca-Comandante Espora Airport, BA (BHI)",Argentina,-,0, Substantial,-,Beechcraft 200T Super King Air,-,-,1979,-,-, AU-871, BT-4,Uruguayan Navy,Military,-,-,-,-,-,Bahía Blanca-Comandante Espora Airport,BHI,SAZB,Argentina,-,-,0,0,-,-,-
20061023-0,Monday,23-OCT-2006,09:00,A2, En route (ENR),100 km (62.5 mls) N of Juba,South Sudan,3,0, Substantial,-,Cessna 208B Grand Caravan,1,Pratt & Whitney Canada PT6A-114A,1993,-,-, 5Y-NPD, 208B0369,Airworks,Cargo,-,Lokichoggio Airport,LKG,HKLK,Kenya,-,-,-,-,2,1,0,0,-,-,Preliminary - official
20061026-0,Thursday,26-OCT-2006,13:26,A1, En route (ENR),Falsterbokanalen,Sweden,4,4, Destroyed, Written off (damaged beyond repair),CASA C-212 Aviocar 200,2,Garrett TPE331-10R-513C,1986,7389.0,17048.0, SE-IVF/585, 346,Swedish Coast Guard,Survey/research, 585,Ronneby-Kallinge Airport,RNB,ESDF,Sweden,Malmö-Sturup Airport,MMX,ESMS,Sweden,4,0,4,0,-,-,Final
20061029-0,Sunday,29-OCT-2006,11:30,A1, Initial climb (ICL),Abuja International Airport (ABV),Nigeria,105,96, Destroyed, Written off (damaged beyond repair),Boeing 737-2B7,2,Pratt & Whitney JT8D-17,1983,44465.0,56411.0, 5N-BFK, 22891/988,ADC Airlines,Domestic Scheduled Passenger, 053,Abuja International Airport,ABV,DNAA,Nigeria,Sokoto Airport,SKO,DNSO,Nigeria,5,100,4,92,-,-,Final
20061030-0,Monday,30-OCT-2006,14:30,A1, Approach (APR),Punta Pájaros Airstrip,Mexico,14,0, Damaged beyond repair,-,Cessna 208B Grand Caravan,1,Pratt & Whitney Canada PT6A-114A,-,-,-, XA-UBL, 208B1062,Aerotucán,Passenger,-,Cancún Airport,CUN,MMUN,Mexico,-,-,-,-,2,12,0,0,-,-,Preliminary
20061031-0,Tuesday,31-OCT-2006,18:30,A2, Taxi (TXI),"Newark-Liberty International Airport, NJ (EWR)",United States of America,312,0, Substantial, Repaired,Boeing 747-430,-,-,2000,-,32204.0, D-ABVY, 29869/1261,Lufthansa,International Scheduled Passenger,LH403,Newark-Liberty International Airport,EWR,KEWR,United States of America,Frankfurt International Airport,FRA,EDDF,Germany,18,294,0,0,-,-,Final
20061099-0,-,XX-OCT-2006,-,A1, Landing (LDG),Alek Airstrip,South Sudan,5,0, Substantial, Written off (damaged beyond repair),Hawker Siddeley HS-748-245 Srs. 2A,2,Rolls-Royce Dart 534-2,1968,-,-, S2-ABE, 1658,Best Air,Cargo,-,-,-,-,-,-,-,-,-,5,0,0,0,-,-,-
20061101-0,Wednesday,01-NOV-2006,02:33,A1, Landing (LDG),"Fort Lauderdale International Airport, FL (FLL)",United States of America,12,0, Substantial, Written off (damaged beyond repair),British Aerospace BAe-125-700A,-,-,1978,-,-, N232TN, 257043,Juventude,Executive,-,Toluca Airport,TLC,MMTO,Mexico,Fort Lauderdale International Airport,FLL,KFLL,United States of America,2,10,0,0,-,-,Final
20061101-1,Wednesday,01-NOV-2006,13:44,A1, Landing (LDG),Lokichoggio Airport (LKG),Kenya,9,0, Damaged beyond repair,-,Antonov An-12BP,4,Ivchenko AI-20M,1962,-,-, 9L-LFQ, 2400502, 748 Air Services,Cargo,-,Nairobi-Jomo Kenyatta International Airport,NBO,HKJK,Kenya,Lokichoggio Airport,LKG,HKLK,Kenya,6,3,0,0,-,-,Final
20061102-0,Thursday,02-NOV-2006,07:45,A1, Landing (LDG),Caticlan-Malay Airport (MPH),Philippines,3,0, Substantial, Written off (damaged beyond repair),Yakovlev Yak-40A,3,Ivchenko AI-25,1975,-,-, RP-C2695, 9522041,Interisland Airlines,Ferry/positioning,-,Manila-Ninoy Aquino International Airport,MNL,RPLL,Philippines,Caticlan-Malay Airport,MPH,RPVE,Philippines,3,0,0,0,-,-,Preliminary
20061106-0,Monday,06-NOV-2006,-,A2, Landing (LDG),"Goose Bay Airport, NL (YYR)",Canada,2,0, Substantial, Repaired,de Havilland Canada DHC-6 Twin Otter 300,-,-,1975,-,-, C-FIZD, 461,Provincial Airlines,Ferry/positioning,-,-,-,-,-,Goose Bay Airport,YYR,CYYR,Canada,2,0,0,0,-,-,-
20061108-0,Wednesday,08-NOV-2006,09:45,A1, Takeoff (TOF),Nakhon Sawan/Takhli Air Base (TKH),Thailand,7,7, Damaged beyond repair,-,Learjet 35A,2,Garrett TFE731-2-2B,-,-,-, TL12-2/31, 35A-635,Thai AF,Military,-,Nakhon Sawan/Takhli Air Base,TKH,VTPI,Thailand,Khon Kaen Airport,KKC,VTUK,Thailand,3,4,3,4,-,-,Preliminary
20061108-1,Wednesday,08-NOV-2006,08:34,A1, Landing (LDG),"Norway House Airport, MB (YNE)",Canada,9,0, Substantial, Written off (damaged beyond repair),Swearingen SA226-TC Metro II,2,Garrett TPE331-10UA-511G,1978,-,-, C-FTNV, TC-239E,Perimeter Airlines,Domestic Scheduled Passenger, 105,Winnipeg International Airport,YWG,CYWG,Canada,Norway House Airport,YNE,CYNE,Canada,2,7,0,0,-,-,Final
20061109-0,Thursday,09-NOV-2006,16:00,A1, Landing (LDG),near Walikale,Democratic Republic of the Congo,4,0, Damaged beyond repair,-,Let L-410UVP,-,-,1985,-,-, 9Q-CBQ, 851338, Gomair,Domestic Non Scheduled Passenger,-,-,-,-,-,Goma Airport,GOM,FZNA,Democratic Republic of the Congo,2,2,0,0,-,1,Preliminary
20061110-0,Friday,10-NOV-2006,09:40,A1, En route (ENR),Veloor,India,5,0, Substantial, Written off (damaged beyond repair),Britten-Norman BN-2T Turbine Islander,2,Allison 250-B17C,1981,-,-, IN135, 888,Indian Navy,Military,-,-,-,-,-,-,-,-,-,2,3,0,0,-,-,Preliminary
20061111-0,Saturday,11-NOV-2006,-,A1, Landing (LDG),Bukavu-Kamenbe Airport (BKY),Democratic Republic of the Congo,-,0, Damaged beyond repair,-,Antonov An-28,2,Glushenkov TVD-10B,1986,-,-, 9Q-COL, 1AJ002-09,TRACEP-Congo Aviation,Unknown,-,-,-,-,-,Bukavu-Kamenbe Airport,BKY,FZMA,Democratic Republic of the Congo,-,-,0,0,-,-,Preliminary
20061115-0,Wednesday,15-NOV-2006,-,A2, En route (ENR),"3,5 km (2.2 mls) off  Progreso",Mexico,7,0, Substantial,-,CASA C-212 Aviocar 400,2,Honeywell TPE331-12JR-701C,-,-,-, AMP-114,-,Mexican Navy,Military,-,Cancún Airport,CUN,MMUN,Mexico,-,-,-,-,-,-,0,0,-,-,Preliminary
20061116-0,Thursday,16-NOV-2006,14:25,A1, Landing (LDG),Manila-Ninoy Aquino International Airport (MNL),Philippines,9,0, Substantial, Written off (damaged beyond repair),NAMC YS-11A-600,2,Rolls-Royce Dart 543-10J/K,1969,-,-, RP-C3590, 2106,Aboitiz Air,Cargo,-,Tacloban-D. Z. Romualdez Airport,TAC,RPVA,Philippines,Manila-Ninoy Aquino International Airport,MNL,RPLL,Philippines,4,5,0,0,-,-,Preliminary
20061116-1,Thursday,16-NOV-2006,-,A2, Standing (STD),Ancona-Falconara Airport (AOI),Italy,3,0, Substantial,-,Antonov An-74,2,Lotarev D-36-2A,1996,-,-, YL-KSB, 47136013,KS Avia,Cargo,-,Ancona-Falconara Airport,AOI,LIPY,Italy,Roma-Fiumicino Airport,FCO,LIRF,Italy,3,0,0,0,-,-,-
20061117-0,Friday,17-NOV-2006,08:00,A1, En route (ENR),Puncak Jaya,Indonesia,12,12, Damaged beyond repair,-,de Havilland Canada DHC-6 Twin Otter 300,2,Pratt & Whitney Canada PT6A-27,1977,-,-, PK-YPY, 535,Trigana Air Service,Domestic Non Scheduled Passenger,-,Mulia Airport,LII,WABQ,Indonesia,Ilaga Airport,ILA,WABL,Indonesia,3,9,3,9,-,-,Preliminary
20061118-0,Saturday,18-NOV-2006,21:07,A1, Approach (APR),"3,7 km (2.3 mls) N of Leticia-Alfredo Vásquez Cobo Airport (LET)",Colombia,6,6, Destroyed, Written off (damaged beyond repair),Boeing 727-23F,3,Pratt & Whitney JT8D-9A,1967,-,66192.0, HK-3667X, 19430/366,Aerosucre Colombia,Cargo,KRE142,Bogotá-Eldorado Airport,BOG,SKBO,Colombia,Leticia-Alfredo Vásquez Cobo Airport,LET,SKLT,Colombia,3,3,3,3,-,-,Final
20061119-0,Sunday,19-NOV-2006,10:55,A1, Landing (LDG),West Point Island,Falkland Islands,3,0, Substantial, Written off (damaged beyond repair),Pilatus Britten-Norman BN-2B-26 Islander,2,Lycoming O-540-E4C5,1986,-,-, VP-FBI, 2188,FIGAS,Passenger,-,-,-,-,-,-,-,-,-,1,2,0,0,-,-,Preliminary
20061119-1,Sunday,19-NOV-2006,-,O1, Pushback / towing (PBT),"Minneapolis-St. Paul International Airport, MN (MSP)",United States of America,-,0, Damaged beyond repair,-,McDonnell Douglas DC-9-31,2,Pratt & Whitney JT8D-9A (HK3),1968,-,-, N8950E, 47186/276,Northwest Airlines,Domestic Scheduled Passenger, 455,Memphis International Airport,MEM,KMEM,United States of America,Minneapolis-St. Paul International Airport,MSP,KMSP,United States of America,-,-,0,0,-,-,-
20061122-0,Wednesday,22-NOV-2006,07:20,A1, En route (ENR),Siberia,Colombia,3,3, Damaged beyond repair,-,Cessna 208 Caravan I,1,Pratt & Whitney Canada PT6A-114,-,-,-, FAC-5054, 20800285,Colombian AF,Military,-,Rionegro/Medellín-José María Córdova Airport,MDE,SKRG,Colombia,-,-,-,-,3,0,3,0,-,-,Preliminary
20061123-0,Thursday,23-NOV-2006,16:40,A2, Standing (STD),Charallave-Óscar Machado Zuloaga Airport,Venezuela,-,0, Substantial,-,PZL An-28,-,-,1990,-,-, YV1756, 1AJ005-13,T.A. Corpor. 2006,-,-,-,-,-,-,-,-,-,-,-,-,0,0,-,-,Preliminary
20061124-0,Friday,24-NOV-2006,14:45,A1, Landing (LDG),"Altamira Airport, PA (ATM)",Brazil,18,0, Damaged beyond repair,-,Embraer EMB-120ER Brasilia,2,Pratt & Whitney Canada PW118,1988,-,-, PP-PTB, 120080,Puma Air,Domestic Scheduled Passenger,-,Belém/Val-de-Cans-Julio Cezar Ribeiro International Airport ,BEL,SBBE,Brazil,Altamira Airport,ATM,SBHT,Brazil,3,15,0,0,-,-,-
20061126-0,Sunday,26-NOV-2006,05:07,A2, Landing (LDG),"Montreal-Pierre Elliott Trudeau International Airport, QC (YUL)",Canada,6,0, Substantial, Repaired,Learjet 35A,-,-,1981,-,-, C-GAJS, 35-380,Canadian Global Air Ambulance,Ambulance,-,Brunswick-Glynco Jetport,BQK,KBQK,United States of America,Montreal-Pierre Elliott Trudeau International Airport,YUL,CYUL,Canada,2,4,0,0,-,-,Final
20061127-0,Monday,27-NOV-2006,07:12,A1, Takeoff (TOF),Tehran-Mehrabad Airport (THR),Iran,38,37, Damaged beyond repair,-,Antonov An-74T-200,2,Lotarev D-36,1997,-,-, 15-2255, 365470991045,Iranian Revolutionary Guard,Military,-,Tehran-Mehrabad Airport,THR,OIII,Iran,Shiraz Airport,SYZ,OISS,Iran,6,32,6,31,-,-,Preliminary
20061128-0,Tuesday,28-NOV-2006,16:13,A2, Landing (LDG),Jeju (Cheju) International Airport (CJU),South Korea,74,0, Substantial, Repaired,ATR 72-201,2,Pratt & Whitney Canada PW124B,1995,16510.0,12966.0, HL5229, 456,Hansung Airlines,Domestic Scheduled Passenger, 205,Seoul-Gimpo (Kimpo) International Airport,SEL,RKSS,South Korea,Jeju (Cheju) International Airport,CJU,RKPC,South Korea,5,69,0,0,-,-,Final
20061129-0,Wednesday,29-NOV-2006,13:15,A1, Maneuvering (MNV),"1,4 km (0.9 mls) ESE of Mindelheim-Mattsies Airport",Germany,1,1, Destroyed, Written off (damaged beyond repair),Grob G.180A SPn,2,Williams International FJ44-3A,2006,40.0,28.0, D-CGSP, 90002,Grob,Demonstration,-,-,-,-,-,-,-,-,-,1,0,1,0,-,-,Final
20061203-0,Sunday,03-DEC-2006,-,A1, Landing (LDG),Mexicali Airport (MXL),Mexico,-,0, Substantial, Written off (damaged beyond repair),Cessna 501 Citation I/SP,2,Pratt & Whitney Canada JT15D-1,1977,-,-, N501SP, 501-0019,Premier Air Management,Unknown,-,-,-,-,-,Mexicali Airport,MXL,MMML,Mexico,-,-,0,0,-,-,Preliminary
20061206-0,Wednesday,06-DEC-2006,-,O1, Standing (STD),Novolazarevskaja,Antarctica,-,0, Damaged beyond repair,-,Antonov An-2,-,-,-,-,-, RA-01146,-,ALCI,-,-,-,-,-,-,-,-,-,-,-,-,0,0,-,-,Preliminary
20061209-0,Saturday,09-DEC-2006,-,A1, Takeoff (TOF),Flamingo Bay,Bahamas,1,0, Damaged beyond repair,-,de Havilland Canada DHC-3 Otter,1,Pratt & Whitney R-1340,1958,-,-, N335AK, 263,Wings Airline Services,Unknown,-,-,-,-,-,-,-,-,-,1,0,0,0,-,-,Preliminary - official
20061211-0,Monday,11-DEC-2006,06:01,A2, Taxi (TXI),Stockholm-Arlanda Airport (ARN),Sweden,116,0, Substantial, Repaired,Boeing 747SP-94,4,Pratt & Whitney JT9D-7A,1976,21645.0,52122.0, YK-AHB, 21175/290,Syrian Arab Airlines,International Scheduled Passenger,RB447,Damascus International Airport,DAM,OSDI,Syria,Stockholm-Arlanda Airport,ARN,ESSA,Sweden,13,103,0,0,-,-,Final
20061212-0,Tuesday,12-DEC-2006,-,A2, Landing (LDG),Kenana,Sudan,-,0, Damaged beyond repair,-,Fokker 50,2,Pratt & Whitney Canada PW125B,1992,-,-, ST-ASJ, 20246, Sudan Airways,Passenger,-,-,-,-,-,-,-,-,-,-,-,0,0,-,-,-
20061213-0,Wednesday,13-DEC-2006,-,A2, Landing (LDG),Pratica di Mare Air Base,Italy,2,0, Substantial, Repaired,Canadair CL-215-6B11 (CL-415),2,Pratt & Whitney Canada PW123AF,1994,-,-, I-DPCD, 2003,Civil Protection Department,Training,-,-,-,-,-,-,-,-,-,2,0,0,0,-,-,Preliminary - official
20061215-0,Friday,15-DEC-2006,18:20,A1, Initial climb (ICL),"Buenos Aires/Ezeiza-Ministro Pistarini Airport, BA (EZE)",Argentina,2,0, Substantial, Written off (damaged beyond repair),Swearingen SA227-AC Metro III,2,Garrett TPE331-11U-611G,1981,-,-, LV-WRA, AC-429,Baires Fly,Ferry/positioning,-,Buenos Aires/Ezeiza-Ministro Pistarini Airport,EZE,SAEZ,Argentina,Buenos Aires-Jorge Newbery Airport,AEP,SABE,Argentina,2,0,0,0,-,-,Final
20061216-0,Saturday,16-DEC-2006,09:25,A1, Approach (APR),8 km (5 mls) SE off  Pie de la Cuesta Air Base,Mexico,4,4, Damaged beyond repair,-,Antonov An-32B,2,Ivchenko AI-20,1992,-,-, FAM-3103, 3106,Mexican AF,Military,-,-,-,-,-,-,-,-,-,4,0,4,0,-,-,Preliminary - official
20061219-0,Tuesday,19-DEC-2006,-,A1, Approach (APR),near Monterrey-Gen Mariano Escobedo Airport (MTY),Mexico,-,0, Damaged beyond repair,-,North American T-39A Sabreliner,2,Pratt & Whitney J60P-3,1963,-,-, XA-TJU, 276-8,Jett Paqueteria,Unknown,-,-,-,-,-,Monterrey-General Mariano Escobedo Airport,MTY,MMMY,Mexico,-,-,0,0,-,-,Preliminary
20061224-0,Sunday,24-DEC-2006,20:35,A1, Landing (LDG),Ujung Pandang-Hasanudin Airport (UPG),Indonesia,164,0, Substantial, Written off (damaged beyond repair),Boeing 737-4Y0,2,CFMI CFM56-3C1,1990,-,-, PK-LIJ, 24682/1824,Lion Air,Domestic Scheduled Passenger, 792,Jakarta-Soekarno-Hatta International Airport,CGK,WIII,Indonesia,Ujung Pandang-Hasanudin Airport,UPG,WAAA,Indonesia,7,157,0,0,-,-,Preliminary - official
20061226-0,Tuesday,26-DEC-2006,-,A1, En route (ENR),"near Gari, Sverdlovskaya region",Russia,13,0, Damaged beyond repair,-,Antonov An-2R,1,Shvetsov ASh-62IR,1988,-,-, RA-33565, 1G230-02,2nd Sverdlovsk Aviation Enterprise,Passenger,-,-,-,-,-,-,-,-,-,3,10,0,0,-,-,Preliminary
20061226-1,Tuesday,26-DEC-2006,18:12,A2, Pushback / towing (PBT),"San Diego International Airport, CA (SAN)",United States of America,131,0, Substantial, Repaired,Boeing 737-3A4,2,CFMI CFM56-3B2,1984,-,-, N673AA, 23251,Southwest Airlines,Domestic Scheduled Passenger,WN1092,San Diego International Airport,SAN,KSAN,United States of America,San Jose-Norman Y. Mineta International Airport,SJC,KSJC,United States of America,5,126,0,0,-,-,Final
20061226-2,Tuesday,26-DEC-2006,18:12,A2, Taxi (TXI),"San Diego International Airport, CA (SAN)",United States of America,77,0, Minor, Repaired,Boeing 737-7H4 (WL),2,CFMI CFM56-7B24,2005,-,-, N207WN, 34012/1678,Southwest Airlines,Domestic Scheduled Passenger,WN1011,San Diego International Airport,SAN,KSAN,United States of America,Las Vegas-McCarran International Airport,LAS,KLAS,United States of America,5,72,0,0,-,-,Final
20061227-0,Wednesday,27-DEC-2006,10:00,A1, En route (ENR),ca 7 km W off Tauranga Airport (TRG),New Zealand,1,0, Substantial, Written off (damaged beyond repair),Britten-Norman BN-2A-27 Islander,2,Lycoming O-540-E4C5,1971,-,-, ZK-WNZ, 278,Island Air Charters,Ferry/positioning,-,Tauranga Airport,TRG,NZTG,New Zealand,Hamilton Airport,HLZ,NZHN,New Zealand,1,0,0,0,-,-,Preliminary - official
20061228-0,Thursday,28-DEC-2006,-,H2, En route (ENR),Praha-Ruzyne Airport (PRG),Czech Republic,168,0, None,-,Airbus A321-211,2,CFMI CFM56-5B3/P,2006,-,-, VP-BQS, 2912,Aeroflot,International Scheduled Passenger, 271,Moskva-Sheremetyevo Airport,SVO,UUEE,Russia,Genève-Cointrin Airport,GVA,LSGG,Switzerland,-,-,0,0,-,-,-
20061228-1,Thursday,28-DEC-2006,-,O2, Standing (STD),"Santa Teresa-Dona Ana County Airport, NM",United States of America,0,0, Substantial, Repaired,Cessna 501 Citation I/SP,2,Pratt & Whitney Canada JT15D-1A,1979,-,5783.0, N80SL, 501-0294,private,-,-,-,-,-,-,-,-,-,-,0,0,0,0,-,-,- (No safety board investigation)
20061229-0,Friday,29-DEC-2006,02:00,A1, Approach (APR),"16 km (10 mls) S of Rapid City Regional Airport, SD (RAP)",United States of America,1,0, Substantial, Written off (damaged beyond repair),Beechcraft 99 Airliner,2,Pratt & Whitney Canada PT6A-27,1974,-,39795.0, N99TH, U-155,Alpine Aviation,Cargo, 408,Pierre Airport,PIR,KPIR,United States of America,Rapid City Regional Airport,RAP,KRAP,United States of America,1,0,0,0,-,-,Final
20061229-1,Friday,29-DEC-2006,-,A2, Landing (LDG),"Carat Lake, NU",Canada,2,0, Substantial, Repaired,Douglas C-54A-1-DO (DC-4),4,Pratt & Whitney R-2000,1944,-,-, C-GPSH, 7458,Buffalo Airways,Cargo,-,-,-,-,-,-,-,-,-,2,0,0,0,-,-,Preliminary - official
20061230-0,Saturday,30-DEC-2006,06:32,A1, Initial climb (ICL),6 km (3.8 mls) NE of Nairobi-Jomo Kenyatta International Airport (NBO),Kenya,3,0, Damaged beyond repair,-,de Havilland Canada DHC-5 Buffalo,2,General Electric T64A,1965,-,-, 5Y-SRK, 3,Sky Relief Services,Cargo, 448A,Nairobi-Jomo Kenyatta International Airport,NBO,HKJK,Kenya,Baidoa Airport,BIB,HCMB,Somalia,3,0,0,0,-,-,Final
20061230-1,Saturday,30-DEC-2006,17:30,A1, Approach (APR),near Culiacán-Fedl de Bachigualato Airport (CUL),Mexico,2,2, Damaged beyond repair,-,North American CT-39A-1-NA Sabreliner,2,Pratt & Whitney J60P-3,1962,-,-, XA-TNP, 265-62,Facts Air,Cargo,-,La Paz-Manuel Márquez de León International Airport,LAP,MMLP,Mexico,Culiacán-Fedl de Bachigualato Airport,CUL,MMCL,Mexico,2,0,2,0,-,-,Preliminary - official
20061230-2,Saturday,30-DEC-2006,-,A1, Takeoff (TOF),Long Layu Airstrip,Indonesia,-,0, Substantial, Written off (damaged beyond repair),Britten-Norman BN-2A-20 Islander,-,-,1973,-,-, PK-VIN, 351,Dirgantara Air Services,Ferry/positioning,-,-,-,-,-,-,-,-,-,-,-,0,0,-,-,-
20069999-0,-,xx-xxx-2006,-,O1, Standing (STD),Agadès Airport (AJY),Niger,0,0, Damaged beyond repair,-,Antonov An-2R,-,-,-,-,-, LZ-1118, 1G145-47,Bask Air,-,-,-,-,-,-,-,-,-,-,0,0,0,0,-,-,-
20069999-1,-,xx-xxx-2006,-,O1, Standing (STD),Agadès Airport (AJY),Niger,0,0, Damaged beyond repair,-,Antonov An-2R,-,-,-,-,-, LZ-1102, 1G135-54,Bask Air,-,-,-,-,-,-,-,-,-,-,0,0,0,0,-,-,-
20060102-0,Monday,02-JAN-2006,11:16,A1, Approach (APR),"4,3 km (2.7 mls) W of Kharkov Airport (HRK)",Ukraine,3,3, Damaged beyond repair,-,British Aerospace BAe-125-700A,-,-,1981,-,-, P4-AOD, 257153,Evolga,Ferry/positioning,-,Moskva-Sheremetyevo Airport,SVO,UUEE,Russia,Kharkov Airport,HRK,UKHH,Ukraine,3,0,3,0,-,-,Preliminary
20060103-0,Tuesday,03-JAN-2006,12:40,A2, Unknown (UNK),Fataki,Democratic Republic of the Congo,-,0, Substantial, Repaired,Antonov An-26,-,-,-,-,-, registration unknown,-,Ruwenzori Air Asala,Unknown,-,-,-,-,-,-,-,-,-,-,3,0,0,-,-,-
20060105-0,Thursday,05-JAN-2006,17:04,A1, En route (ENR),"Norman Wells Airport, NT (YVQ)",Canada,4,0, Substantial, Written off (damaged beyond repair),Douglas C-54G (DC-4),4,Pratt & Whitney R-2000-7M2,1946,-,-, C-GXKN, 36090,Buffalo Airways,Cargo,1405,Norman Wells Airport,YVQ,CYVQ,Canada,Yellowknife Airport,YZF,CYZF,Canada,4,0,0,0,-,-,Final
20060105-1,Thursday,05-JAN-2006,02:00,A1, Landing (LDG),"Sault Ste Marie Municipal-Sanderson Airport, MI (SSM)",United States of America,3,0, Damaged beyond repair,-,Beechcraft A100 King Air,-,-,1972,-,-, N700NC, B-138,North Country Aviation,Ambulance,-,Traverse City-Cherry Capital Airport,TVC,KTVC,United States of America,Sault Ste Marie Municipal-Sanderson Airport,SSM,KANJ,United States of America,1,2,0,0,-,-,Final
20060105-2,Thursday,05-JAN-2006,08:00,A2, Landing (LDG),"Minocqua-Noble F. Lee Airport, WI (ARV)",United States of America,7,0, Substantial, Repaired,Cessna 560 Citation Ultra,2,Pratt & Whitney Canada JT15D,1985,-,6276.0, N391QS, 560-0493,NetJets,Domestic Non Scheduled Passenger,-,Chicago-Executive Airport,PWK,KPWK,United States of America,Minocqua-Noble F. Lee Airport,ARV,KARV,United States of America,2,5,0,0,-,-,Final
20060109-0,Monday,09-JAN-2006,09:30,A1, Unknown (UNK),12 km (7.5 mls) W of Orumiyeh,Iran,11,11, Damaged beyond repair,-,Dassault Falcon 20E,-,-,1975,-,-, 15-2233, 333,Iranian Revolutionary Guard,Military,-,Tehran-Mehrabad Airport,THR,OIII,Iran,Urmia (Orumiyeh) Airport,OMH,OITR,Iran,-,-,-,-,-,-,Preliminary
20060110-0,Tuesday,10-JAN-2006,11:45,A2, Takeoff (TOF),Puerto Jiménez Airport (PJM),Costa Rica,13,0, Substantial, Repaired,de Havilland Canada DHC-6 Vista Liner 300,2,Pratt & Whitney Canada PT6A-27,1972,-,-, TI-BAF, 337,Nature Air,Domestic Scheduled Passenger, 114,Puerto Jimenez Airport,PJM,MRPJ,Costa Rica,San José-Tobias Bolanos International Airport,SYQ,MRPV,Costa Rica,2,11,0,0,-,-,Final
20060110-1,Tuesday,10-JAN-2006,11:00,A1, En route (ENR),"16 km (10 mls) S of Villanow, GA",United States of America,4,4, Damaged beyond repair,-,North American Rockwell T-39N Sabreliner,2,Pratt & Whitney JT12A-6A Turbo Wasp,1966,-,-, 165524, 282-60,US Navy,Military,-,Chattanooga-Lovell Field,CHA,KCHA,United States of America,Pensacola NAS,NPA,KNPA,United States of America,4,0,4,0,-,-,Preliminary
20060112-0,Thursday,12-JAN-2006,18:26,A1, Approach (APR),"0,5 km (0.3 mls) N of Freiburg Im Breisgau Airport",Germany,2,2, Damaged beyond repair,-,Beechcraft B300 Super King Air 350,2,Pratt & Whitney Canada PT6A-60A,2001,-,1500.0, D-CUNO, FL-311,Euroflug Frenzel,Ferry/positioning,-,Karlsruhe/Baden Baden-Söllingen Airport,FKB,EDSB,Germany,-,-,-,-,2,0,2,0,-,-,Final
20060113-0,Friday,13-JAN-2006,-,A2, Landing (LDG),Kinshasa-N'Djili Airport (FIH),Democratic Republic of the Congo,-,0, Substantial, Repaired,Learjet 24F,-,-,-,-,-, ZS-FUN, 24-354,SOS Air Ambulance,Ambulance,-,Johannesburg International Airport,JNB,FAJS,South Africa,Kinshasa-N'Djili Airport,FIH,FZAA,Democratic Republic of the Congo,-,-,0,0,-,-,Preliminary
20060115-0,Sunday,15-JAN-2006,14:50,A2, Taxi (TXI),"Anchorage-Ted Stevens International Airport, AK (ANC)",United States of America,5,0, Substantial, Repaired,Cessna 550 Citation S/II,2,Pratt & Whitney Canada JT15D-4B,1985,-,6320.0, N460M, S550-0022,Security Aviation,Ambulance,-,Fairbanks International Airport,FAI,PAFA,United States of America,Anchorage-Ted Stevens International Airport,ANC,PANC,United States of America,4,1,0,0,-,-,Final
20060119-0,Thursday,19-JAN-2006,20:30,A1, En route (ENR),near Hejce,Hungary,43,42, Damaged beyond repair,-,Antonov An-24V,-,-,1969,-,-, 5605, 97305605,Slovak AF,Military,-,Pristina Airport,PRN,LYPR,Kosovo,Koice-Barca Airport,KSC,LZKZ,Slovakia,8,35,8,34,-,-,Preliminary
20060121-0,Saturday,21-JAN-2006,14:20,A1, En route (ENR),"20 km (12.5 mls) SSE of Port Alberni, BC",Canada,8,3, Damaged beyond repair,-,Cessna 208B Grand Caravan,1,Pratt & Whitney Canada PT6A-114A,1995,-,-, C-GRXZ, 208B0469,Sonicblue Airways,Domestic Scheduled Passenger, 604,Tofino Airport,YAZ,CYAZ,Canada,Vancouver International Airport,YVR,CYVR,Canada,1,7,1,2,-,-,Final
20060124-0,Tuesday,24-JAN-2006,06:40,A1, Landing (LDG),"Carlsbad-McClellan-Palomar Airport, CA (CLD)",United States of America,4,4, Damaged beyond repair,-,Cessna 560 Citation V,2,Pratt & Whitney Canada JT15D-5D,1994,-,4720.0, N86CE, 560-0265,Goship Air,Private,-,Hailey-Friedman Memorial Airport,SUN,KSUN,United States of America,Carlsbad-McClellan-Palomar Airport,CLD,KCRQ,United States of America,2,2,2,2,-,-,Final
20060124-1,Tuesday,24-JAN-2006,11:50,A1, Landing (LDG),Mbuji-Mayi Airport (MJM),Democratic Republic of the Congo,4,0, Damaged beyond repair,-,Antonov An-12A,4,Ivchenko AI-20M,1962,-,-, 9Q-CER, 2340805,Aerolift,Unknown,-,Goma Airport,GOM,FZNA,Democratic Republic of the Congo,Mbuji-Mayi Airport,MJM,FZWA,Democratic Republic of the Congo,4,0,0,0,-,-,Preliminary
20060125-0,Wednesday,25-JAN-2006,-,A2, Landing (LDG),"Caloundra Airport, QLD (CUD)",Australia,2,0, Substantial, Repaired,Cessna 208B Grand Caravan,1,Pratt & Whitney Canada PT6A-114A,2005,-,-, VH-WZJ, 208B1108,Aero-Tropics,Test,-,Caloundra Airport,CUD,YCDR,Australia,Caloundra Airport,CUD,YCDR,Australia,2,0,0,0,-,-,Preliminary
20060199-0,-,xx-JAN-2006,-,A1, Landing (LDG),Cap Haitien Airport (CAP),Haiti,-,0, Substantial, Written off (damaged beyond repair),British Aerospace 3102 Jetstream 31,-,-,1987,-,-, HH-DPL, 769,Caribintair,Unknown,-,-,-,-,-,Cap Haitien Airport,CAP,MTCH,Haiti,-,-,0,0,-,-,Preliminary
20060201-0,Wednesday,01-FEB-2006,11:45,A1, Landing (LDG),"Burnsville-Mountain Air Airport, NC",United States of America,4,0, Damaged beyond repair,-,Cessna 500 Citation I,2,Pratt & Whitney Canada JT15D-1A,1975,-,12008.0, N814ER, 500-0280,Flite Services,Executive,-,Asheville Municipal Airport,AVL,KAVL,United States of America,-,-,-,-,2,2,0,0,-,-,Final
20060202-0,Thursday,02-FEB-2006,13:08,A2, Taxi (TXI),"Melbourne-Tullamarine Airport, VIC (MEL)",Australia,113,0, Substantial, Repaired,Boeing 747-422,4,Pratt & Whitney PW4056,1999,-,-, N127UA, 28813/1221,United Airlines,Domestic Scheduled Passenger,UA840,Melbourne-Tullamarine Airport,MEL,YMML,Australia,Sydney-Kingsford Smith International Airport,SYD,YSSY,Australia,14,99,0,0,-,-,Final
20060202-1,Thursday,02-FEB-2006,13:08,A2, Taxi (TXI),"Melbourne-Tullamarine Airport, VIC (MEL)",Australia,166,0, Substantial, Repaired,Boeing 767-338ER,2,General Electric CF6-80C2B6,1990,-,-, VH-OGH, 24930/344,Qantas,Domestic Scheduled Passenger,QF434,Melbourne-Tullamarine Airport,MEL,YMML,Australia,Sydney-Kingsford Smith International Airport,SYD,YSSY,Australia,11,155,0,0,-,-,Final
20060203-0,Friday,03-FEB-2006,20:45,A1, Landing (LDG),"Myrtle Beach-Grand Strand Airport, SC (CRE)",United States of America,6,6, Destroyed, Written off (damaged beyond repair),Beechcraft 200 Super King Air,2,Pratt & Whitney Canada PT6A-41,1977,-,8154.0, N266EB, BB-266,Private,Private,-,Trenton-Mercer County Airport,TTN,KTTN,United States of America,Myrtle Beach-Grand Strand Airport,CRE,KCRE,United States of America,1,5,1,5,-,-,Final
20060205-0,Sunday,05-FEB-2006,16:53,A1, En route (ENR),"near Watertown, WI",United States of America,3,3, Damaged beyond repair,-,Shorts 360-100,2,Pratt & Whitney Canada PT6A-67R,1988,-,10077.0, N3735W, SH.3735,Air Cargo Carriers,Test,-,Milwaukee-General Mitchell Airport,MKE,KMKE,United States of America,Milwaukee-General Mitchell Airport,MKE,KMKE,United States of America,2,1,2,1,-,-,Final
20060205-1,Sunday,05-FEB-2006,16:53,A2, En route (ENR),"Juneau-Dodge County Airport, WI (UNU)",United States of America,3,0, Substantial,-,Shorts 360-300,2,Pratt & Whitney Canada PT6A-67R,1987,-,21996.0, N372AC, SH.3720,Air Cargo Carriers,Test,-,Milwaukee-General Mitchell Airport,MKE,KMKE,United States of America,Milwaukee-General Mitchell Airport,MKE,KMKE,United States of America,2,1,0,0,3,-,Final
20060208-0,Wednesday,08-FEB-2006,00:01,A1, Approach (APR),"Philadelphia International Airport, PA (PHL)",United States of America,3,0, Destroyed, Written off (damaged beyond repair),McDonnell Douglas DC-8-71F,4,CFMI CFM56-2C,1967,-,-, N748UP, 45948/321,UPS,Cargo,1307,Atlanta Hartsfield-Jackson International Airport,ATL,KATL,United States of America,Philadelphia International Airport,PHL,KPHL,United States of America,3,0,0,0,-,-,Final
20060208-1,Wednesday,08-FEB-2006,12:10,A1, En route (ENR),"near Paris, TN",United States of America,1,1, Destroyed, Written off (damaged beyond repair),Swearingen SA226-TC Metro II,2,Garrett TPE331-10UA-511G,1980,-,15883.0, N629EK, TC-396,TriCoastal Air,Cargo,-,Dayton-James Cox Dayton International Airport,DAY,KDAY,United States of America,Harlingen-Valley International Airport,HRL,KHRL,United States of America,1,0,1,0,-,-,Final
20060211-0,Saturday,11-FEB-2006,08:00,A1, Landing (LDG),Aweil Airport,South Sudan,20,20, Damaged beyond repair,-,Antonov An-26,-,-,-,-,-, 7799,-,Sudan AF,Military,-,-,-,-,-,-,-,-,-,7,13,7,13,-,-,-
20060213-0,Monday,13-FEB-2006,-,A1, En route (ENR),near El Peten,Guatemala,2,2, Missing, Presumed damaged beyond repair,Grumman G-159 Gulfstream I,-,-,1966,-,-, YV-903CP, 173,Private,Illegal Flight,-,-,-,-,-,-,-,-,-,2,0,2,0,-,-,Preliminary
20060214-0,Tuesday,14-FEB-2006,-,O2, Standing (STD),Oslo-Gardermoen Airport (OSL),Norway,0,0, Substantial, Repaired,Fokker 50,2,Pratt & Whitney Canada PW125B,1990,-,-, LN-RND, 20178,SAS Commuter,-,-,-,-,-,-,-,-,-,-,0,0,0,0,-,-,Preliminary
20060215-0,Wednesday,15-FEB-2006,19:45,A1, En route (ENR),Kiel-Holtenau Airport (KEL),Germany,6,0, Substantial, Written off (damaged beyond repair),Dassault Falcon 20C-5,2,Garrett TFE731-5AR-2C,1968,-,10413.0, F-OVJR, 180,Develton,Executive,-,Moskva-Domodedovo Airport,DME,UUDD,Russia,London-Luton Airport,LTN,EGGW,United Kingdom,3,3,0,0,-,-,Final
20060216-0,Thursday,16-FEB-2006,11:15,A1, En route (ENR),near Buschin,Iraq,6,6, Damaged beyond repair,-,Cessna 501 Citation I/SP,-,-,1985,-,-, D-IMRX, 501-0688,Hasit Trockenmörtel,Executive,-,Baku-Heydar Aliyev International Airport,GYD,UBBB,Azerbaijan,Sulaymaniyah International Airport,ISU,ORSU,Iraq,2,4,2,4,-,-,Preliminary - official
20060222-0,Wednesday,22-FEB-2006,-,U1, Unknown (UNK),Unknown,Venezuela,-,-, Damaged beyond repair,-,Beechcraft 200 Super King Air,-,-,1974,-,-, YV0106, BB-5,SATA,Unknown,-,-,-,-,-,-,-,-,-,-,-,-,-,-,-,-
20060226-0,Sunday,26-FEB-2006,16:01,A2, Landing (LDG),Mbuji-Mayi Airport (MJM),Democratic Republic of the Congo,6,0, Substantial, Repaired,Antonov An-12BK,4,Ivchenko AI-20M,1967,-,-, TN-AGZ, 7345403,Aero Fret Business,Cargo,-,-,-,-,-,Mbuji-Mayi Airport,MJM,FZWA,Democratic Republic of the Congo,6,0,0,0,-,-,-
20060302-0,Thursday,02-MAR-2006,-,A2, En route (ENR),Lubanimanga,Democratic Republic of the Congo,6,0, Substantial,-,Antonov An-2,-,-,-,-,-, registration unknown,-, Blue Airlines,Passenger,-,Tshikapa Airport,TSH,FZUK,Democratic Republic of the Congo,-,-,-,-,1,5,0,0,-,-,-
20060304-0,Saturday,04-MAR-2006,16:25,A1, Landing (LDG),Surabaya-Juanda Airport (SUB),Indonesia,144,0, Substantial, Written off (damaged beyond repair),McDonnell Douglas DC-9-82 (MD-82),2,Pratt & Whitney JT8D-217,1986,-,-, PK-LMW, 49443/1291,Lion Air,Domestic Scheduled Passenger,IW8987,Denpasar-Ngurah Rai Bali International Airport,DPS,WADD,Indonesia,Surabaya-Juanda Airport,SUB,WARR,Indonesia,6,138,0,0,-,-,Preliminary - official
20060305-0,Sunday,05-MAR-2006,15:45,A1, En route (ENR),Arekuna,Venezuela,13,0, Damaged beyond repair,-,Cessna 208B Grand Caravan,1,Pratt & Whitney Canada PT6A,1998,-,-, YV-1149C, 208B0669,SASCA,Passenger,-,Porlamar-del Caribe Santiago Mariño International Airport,PMV,SVMG,Venezuela,Canaima Airport,CAJ,SVCN,Venezuela,2,11,0,0,-,-,Preliminary
20060309-0,Thursday,09-MAR-2006,16:30,A1, En route (ENR),10 km (6.3 mls) from  La Paz-El Alto Airport (LPB),Bolivia,6,6, Damaged beyond repair,-,Learjet 35A,2,Garrett TFE731-2-2B,-,-,-, T-21, 35A-115,Argentine AF,Military,-,La Paz-El Alto Airport,LPB,SLLP,Bolivia,Santa Cruz-Viru Viru International Airport,VVI,SLVR,Bolivia,-,-,-,-,-,-,Preliminary
20060310-0,Friday,10-MAR-2006,14:45,A1, Landing (LDG),"Dallas-Love Field, TX (DAL)",United States of America,3,0, Damaged beyond repair,-,Lockheed L-1329-23E JetStar 8,4,Pratt & Whitney JT12A-8 Turbo Wasp,1972,-,8428.0, N116DD, 5155,private,Private,-,Houston-William P. Hobby Airport,HOU,KHOU,United States of America,Dallas-Love Field,DAL,KDAL,United States of America,-,-,0,0,-,-,- (No safety board investigation)
20060311-0,Saturday,11-MAR-2006,10:17,A1, Landing (LDG),Bangalore-Hindustan Airport (BLR),India,44,0, Damaged beyond repair,-,ATR 72-212A (ATR-72-500),2,Pratt & Whitney Canada PW127F,2005,-,-, VT-DKC, 721,Air Deccan,Domestic Scheduled Passenger, 108,Coimbatore-Peelamedu Airport,CJB,VOCB,India,Bangalore-Hindustan Airport,BLR,VOBG,India,4,40,0,0,-,-,Preliminary
20060317-0,Friday,17-MAR-2006,-,A1, Landing (LDG),Old Fangak,South Sudan,-,0, Damaged beyond repair,-,Hawker Siddeley HS-748-286 Srs. 2A LFD,2,Rolls-Royce Dart 535-2,1976,-,-, 5Y-TCA, 1740,Trackmark Cargo,Ferry/positioning,-,-,-,-,-,-,-,-,-,-,-,0,0,-,-,-
20060318-0,Saturday,18-MAR-2006,10:34,A2, Landing (LDG),Sevilla Airport (SVQ),Spain,107,0, Substantial, Repaired,Boeing 737-6D6,2,CFMI CFM56-7B22,2002,6380.0,9300.0, 7T-VJQ, 30209/1115,Air Algérie,Int'l Non Scheduled Passenger,AH2652,Oran-es Senia Airport,ORN,DAOO,Algeria,Sevilla Airport,SVQ,LEZL,Spain,6,101,0,0,-,-,Final
20060318-1,Saturday,18-MAR-2006,14:55,A1, En route (ENR),"13 km (8.1 mls) SW of Butte, MT",United States of America,2,2, Damaged beyond repair,-,Beechcraft C99 Commuter,2,Pratt & Whitney Canada PT6A-36,1983,35539.0,22169.0, N54RP, U-218,Ameriflight,Cargo,2591,Helena Airport,HLN,KHLN,United States of America,Butte Airport,BTM,KBTM,United States of America,2,0,2,0,-,-,Final
20060322-0,Wednesday,22-MAR-2006,01:55,A1, Takeoff (TOF),"Philadelphia International Airport, PA (PHL)",United States of America,2,0, Substantial, Written off (damaged beyond repair),Learjet 35,2,Garrett TFE731-2-2B,1976,-,18040.0, N58EM, 35-046,Bankair,Cargo, 123,Philadelphia International Airport,PHL,KPHL,United States of America,Charlotte-Douglas Airport,CLT,KCLT,United States of America,2,0,0,0,-,-,Final
20060323-0,Thursday,23-MAR-2006,-,A1, Landing (LDG),Talil,Iraq,-,0, Damaged beyond repair,-,Antonov An-24B,2,Ivchenko AI-24-II,1967,-,-, ER-AZZ, 79901110, Valan Int'l Cargo,Unknown,-,-,-,-,-,-,-,-,-,-,-,0,0,-,-,Preliminary
20060324-0,Friday,24-MAR-2006,11:02,A1, Initial climb (ICL),"0,5 km (0.3 mls) N of Cuenca-Mariscal Lamar Airport (CUE)",Ecuador,14,5, Damaged beyond repair,-,Cessna 208B Grand Caravan,1,Pratt & Whitney Canada PT6A-114A,1997,10332.0,5736.0, HC-BXD, 208B0591,ATESA,Domestic Scheduled Passenger,-,Cuenca Airport,CUE,SECU,Ecuador,Macas Airport,XMS,SEMC,Ecuador,2,12,0,5,-,-,Final
20060324-1,Friday,24-MAR-2006,-,O1, Standing (STD),Kinshasa-N'Djili Airport (FIH),Democratic Republic of the Congo,0,0, Substantial, Written off (damaged beyond repair),Convair CV-580F,-,-,1953,-,-, ZS-SKI, 186,Skyhaul,Unknown,-,-,-,-,-,-,-,-,-,0,0,0,0,-,-,-
20060327-0,Monday,27-MAR-2006,-,O2, Standing (STD),Tallinn-Ulemiste Airport (TLL),Estonia,0,0, Substantial, Repaired,Let L-410UVP-E,2,Walter M-601E,1987,-,-, ES-LLG, 872011,AirEst,-,-,-,-,-,-,-,-,-,-,0,0,0,0,-,-,-
20060328-0,Tuesday,28-MAR-2006,16:48,A1, En route (ENR),5 km (3.1 mls) from  Payam Airport (PYK),Iran,12,0, Damaged beyond repair,-,Antonov An-12BK,4,Ivchenko AI-20M,1968,-,-, EK46741, 9345408,Phoenix Avia,Cargo,-,Payam Airport,PYK,OIIP,Iran,Sharjah Airport,SHJ,OMSJ,United Arab Emirates,-,-,0,0,-,-,-
20060328-1,Tuesday,28-MAR-2006,16:55,A1, En route (ENR),"1,2 km (0.8 mls) N of Oak Glen, CA",United States of America,2,2, Damaged beyond repair,-,Cessna 208B Grand Caravan,1,Pratt & Whitney Canada PT6A-114A,2006,-,52.0, N208WE, 208B1171,Cessna Aircraft,Demonstration,-,Thermal Airport,TRM,KTRM,United States of America,Ontario International Airport,ONT,KONT,United States of America,2,0,2,0,-,-,Final
20060329-0,Wednesday,29-MAR-2006,20:51,A1, Landing (LDG),Moskva-Domodedovo Airport (DME),Russia,6,0, Damaged beyond repair,-,Ilyushin Il-62M,4,Soloviev D-30KU,1990,-,-, 5A-DKR, 4053514,Libyan Government,Ferry/positioning,-,Tripoli-Mitiga International Airport,MJI,HLLM,Libya,Moskva-Domodedovo Airport,DME,UUDD,Russia,6,0,0,0,-,-,Final
20060331-0,Friday,31-MAR-2006,17:39,A1, En route (ENR),"6 km (3.8 mls) SE of Rio Bonito, RJ",Brazil,19,19, Destroyed, Written off (damaged beyond repair),Let L-410UVP-E20,2,Walter M-601E,1991,3960.0,2739.0, PT-FSE, 912532,TEAM,Domestic Scheduled Passenger,6865,Macaé Airport,MEA,SBME,Brazil,Rio de Janeiro-Santos Dumont Airport,SDU,SBRJ,Brazil,2,17,2,17,-,-,Final
20060399-0,-,xx-MAR-2006,-,O1, Standing (STD),Leszno-Strzyzewice Airport (EPLS),Poland,0,0, Damaged beyond repair,-,Antonov An-2T,-,-,-,-,-, SP-AOY, 1G118-51,Aeroklub RP,-,-,-,-,-,-,-,-,-,-,0,0,0,0,-,-,-
20060399-1,-,XX-MAR-2006,-,A1, Unknown (UNK),Waha,Libya,-,0, Substantial, Written off (damaged beyond repair),de Havilland Canada DHC-6 Twin Otter 300,2,Pratt & Whitney Canada PT6A-27,1977,-,-, 5A-DAU, 570,Waha Oil Company,Unknown,-,-,-,-,-,-,-,-,-,-,-,0,0,-,-,-
20060403-0,Monday,03-APR-2006,06:42,A1, Approach (APR),"Dover AFB, DE (DOV)",United States of America,17,0, Damaged beyond repair,-,Lockheed C-5B Galaxy,4,General Electric TF39-GE-1C,1986,-,-, 84-0059, 500-83,USAF,Military,-,Dover AFB,DOV,KDOV,United States of America,Ramstein Airport,RMS,ETAR,Germany,14,3,0,0,-,-,Final
20060410-0,Monday,10-APR-2006,10:00,A1, Approach (APR),near Marsabit,Kenya,17,14, Damaged beyond repair,-,Harbin Yunshuji Y-12 II,-,-,2000,-,1032.0, 132, 0098 ?,Kenyan AF,Military,-,-,-,-,-,Marsabit Airport,RBT,HKMB,Kenya,4,13,2,12,-,-,Preliminary
20060411-0,Tuesday,11-APR-2006,15:05,A1, Maneuvering (MNV),near Kozlovets,Bulgaria,3,2, Damaged beyond repair,-,Antonov An-2R,-,-,1962,-,-, LZ-1178, 1 174(473)17,Kapoly Air,Agricultural,-,-,-,-,-,-,-,-,-,1,2,1,1,-,-,Final
20060413-0,Thursday,13-APR-2006,08:30,A2, Landing (LDG),Haydom,Tanzania,9,0, Substantial,-,Cessna 208 Caravan I,1,Pratt & Whitney Canada PT6A-114,1991,-,-, 5H-ZBZ, 20800201,MAF,Domestic Non Scheduled Passenger,-,Dodoma Airport,DOD,HTDO,Tanzania,-,-,-,-,1,8,0,0,-,-,Preliminary - official
20060414-0,Friday,14-APR-2006,14:45,A2, Landing (LDG),Kinshasa-N'Djili Airport (FIH),Democratic Republic of the Congo,7,0, Substantial,-,Lockheed C-130H Hercules,-,-,1971,-,-, 9T-TCB, 4416,D.R. Congo AF,Military,-,Kinshasa-N'Djili Airport,FIH,FZAA,Democratic Republic of the Congo,Kinshasa-N'Djili Airport,FIH,FZAA,Democratic Republic of the Congo,7,0,0,0,-,-,-
20060416-0,Sunday,16-APR-2006,11:37,A1, Landing (LDG),Guayaramerín Airport (GYA),Bolivia,31,1, Damaged beyond repair,-,Fokker F-27 Friendship 400M,2,Rolls-Royce Dart 535-7P,1978,-,-, FAB-91, 10580,TAM,Domestic Scheduled Passenger,-,Riberalta-Gen Buech Airport,RIB,SLRI,Bolivia,Guayaramerín Airport,GYA,SLGY,Bolivia,4,27,0,1,-,-,Preliminary
20060420-0,Thursday,20-APR-2006,15:05,A1, Landing (LDG),Alexandria Airport (ALY),Egypt,3,0, Substantial, Written off (damaged beyond repair),Rockwell Sabreliner 75A,2,General Electric CF700-2D2,1978,-,-, JY-JAS, 380-64,Jordan Aviation,Executive,-,Amman-Marka International Airport,ADJ,OJAM,Jordan,Alexandria Airport,ALY,HEAX,Egypt,3,0,0,0,-,-,Preliminary
20060423-0,Sunday,23-APR-2006,04:55,A1, Unknown (UNK),Kousséri,Cameroon,6,6, Damaged beyond repair,-,Antonov An-74TK-200,2,Lotarev D-36-3A,1998,-,-, UR-74038, 36547097933,Kharkov State Aircraft Mf. Co.,Military,-,Sebha Airport,SEB,HLLS,Libya,N'Djamena Airport,NDJ,FTTJ,Chad,6,0,6,0,-,-,Preliminary
20060423-1,Sunday,23-APR-2006,20:50,A1, Approach (APR),near Tersky,Russia,5,4, Damaged beyond repair,-,Antonov An-2R,-,-,1986,-,-, RF-00451, 1G218-05,Yugavia,Illegal Flight,-,-,-,-,-,-,-,-,-,1,4,1,3,-,-,Preliminary
20060424-0,Monday,24-APR-2006,11:45,A1, Landing (LDG),Bost/Lashkar Gah Airport (BST),Afghanistan,16,2, Damaged beyond repair,-,Antonov An-32B,2,Ivchenko AI-20,1992,-,-, ZS-PDV, 3003,U.S. Department of State,Domestic Non Scheduled Passenger,-,Kandahar Airport,KDH,OAKN,Afghanistan,Bost/Lashkar Gah Airport,BST,OABT,Afghanistan,4,12,-,-,-,3,Preliminary
20060427-0,Thursday,27-APR-2006,11:00,A1, Approach (APR),Amisi Airport,Democratic Republic of the Congo,8,8, Damaged beyond repair,-,Convair CV-580F,-,-,1954,-,-, ZS-SKH, 147,Skyhaul,Cargo,-,Goma Airport,GOM,FZNA,Democratic Republic of the Congo,-,-,-,-,3,5,3,5,-,-,Preliminary
20060428-0,Friday,28-APR-2006,06:47,A1, En route (ENR),Margarita Mountain,Uganda,3,3, Damaged beyond repair,-,Cessna 208B Grand Caravan,1,Pratt & Whitney Canada PT6A-114A,1994,-,-, ZS-ADL, 208B0381,King Air Services,Cargo,-,Goma Airport,GOM,FZNA,Democratic Republic of the Congo,Bunia Airport,BUX,FZKA,Democratic Republic of the Congo,2,1,2,1,-,-,Preliminary
20060501-0,Monday,01-MAY-2006,13:10,A2, Landing (LDG),Zwedru Airport,Liberia,40,0, Substantial, Repaired,de Havilland Canada DHC-7-102,4,Pratt & Whitney Canada PT6A-50,1981,-,-, C-GLPP, 67,Trans Capital Air,Domestic Non Scheduled Passenger,-,Monrovia-Roberts International Airport,ROB,GLRB,Liberia,-,-,-,-,3,37,0,0,-,-,-
20060503-0,Wednesday,03-MAY-2006,02:13,A1, Approach (APR),6 km (3.8 mls) SW off  Adler/Sochi Airport (AER),Russia,113,113, Destroyed, Written off (damaged beyond repair),Airbus A320-211,2,CFMI CFM56-5A1,1995,14376.0,28234.0, EK32009, 547,Armavia,International Scheduled Passenger, 967,Yerevan Airport,EVN,UDYZ,Armenia,Adler/Sochi Airport,AER,URSS,Russia,8,105,8,105,-,-,Final
20060504-0,Thursday,04-MAY-2006,-,A1, Pushback / towing (PBT),Bangalore-Hindustan Airport (BLR),India,4,0, Damaged beyond repair,-,Boeing 727-2F2F,3,Pratt & Whitney JT8D-15 (HK3),1982,-,-, 9M-TGA, 22993/1808,Transmile Air Service,-,-,-,-,-,-,-,-,-,-,4,0,0,0,-,-,Preliminary - official
20060505-0,Friday,05-MAY-2006,00:05,O1, Standing (STD),Brussel-Zaventem Airport (BRU),Belgium,0,0, Damaged beyond repair,-,Airbus A320-211,2,CFMI CFM56-5A1,1996,-,-, EK32010, 632,Armavia,-,-,-,-,-,-,-,-,-,-,0,0,0,0,-,-,- (No safety board investigation)
20060505-1,Friday,05-MAY-2006,00:05,O1, Standing (STD),Brussel-Zaventem Airport (BRU),Belgium,0,0, Damaged beyond repair,-,Airbus A320-211,2,CFMI CFM56-5A3,1992,-,-, EK32001, 397,Armenian International Airways,-,-,-,-,-,-,-,-,-,-,0,0,0,0,-,-,- (No safety board investigation)
20060505-2,Friday,05-MAY-2006,00:05,O1, Standing (STD),Brussel-Zaventem Airport (BRU),Belgium,0,0, Damaged beyond repair,-,Airbus A320-232,2,IAE V2527-A5,2003,-,-, SX-BVB, 1992,HellasJet,-,-,-,-,-,-,-,-,-,-,0,0,0,0,-,-,- (No safety board investigation)
20060505-3,Friday,05-MAY-2006,00:05,O1, Standing (STD),Brussel-Zaventem Airport (BRU),Belgium,0,0, Damaged beyond repair,-,Lockheed C-130H Hercules,-,-,1972,-,-, CH-02, 4460,Belgian AF,-,-,-,-,-,-,-,-,-,-,0,0,0,0,-,-,-
20060505-4,Friday,05-MAY-2006,15:35,A1, En route (ENR),29 km (18.1 mls) SW of Caracas,Venezuela,5,5, Damaged beyond repair,-,IAI Arava 201,-,-,1981,-,-, GN-8168, 071,Venezuela ANG,Military,-,Puerto Ayacucho Airport,PYH,SVPA,Venezuela,Caracas-Simón Bolívar International Airport,CCS,SVMI,Venezuela,4,1,4,1,-,-,Preliminary
20060506-0,Saturday,06-MAY-2006,20:00,A2, En route (ENR),near Mersin,Turkey,5,0, Minor, Repaired,Antonov An-2,1,Shvetsov ASh-62IR,1970,-,-, ER-35538, 1G114-50,Moldaeroservice,Unknown,-,Izmir-Adnan Menderes Airport,ADB,LTBJ,Turkey,Adana Airport,ADA,LTAF,Turkey,5,0,0,0,-,-,-
20060514-0,Sunday,14-MAY-2006,12:32,A1, En route (ENR),"1,5 km (0.9 mls) NW of La Ronge Airport, SK (YVC)",Canada,3,1, Destroyed, Written off (damaged beyond repair),Convair CV-580,2,Allison 501-D13,1954,-,-, C-GSKJ, 202,Saskatchewan Gvt.,Training, 472,La Ronge Airport,YVC,CYVC,Canada,La Ronge Airport,YVC,CYVC,Canada,3,0,1,0,-,-,Final
20060515-0,Monday,15-MAY-2006,13:50,A2, Standing (STD),Frankfurt International Airport (FRA),Germany,256,0, Substantial, Repaired,Boeing 747-430,-,-,2001,-,23748.0, D-ABTK, 29871/1293,Lufthansa,International Scheduled Passenger,-,Frankfurt International Airport,FRA,EDDF,Germany,Delhi-Indira Gandhi International Airport,DEL,VIDP,India,18,238,0,0,-,-,Final
20060516-0,Tuesday,16-MAY-2006,18:15,A2, Landing (LDG),"Murfreesboro Municipal Airport, TN",United States of America,7,0, Substantial, Repaired,Cessna 525 CitationJet,2,Williams International FJ44,2004,-,243.0, N545TG, 525-0545,Interstate Warehousing,Executive,-,Hampton-Newport News/Williamsburg Airport,PHF,KPHF,United States of America,-,-,-,-,1,6,0,0,-,-,Final
20060518-0,Thursday,18-MAY-2006,07:45,A1, Landing (LDG),"Myrtle Beach International Airport, SC (MYR)",United States of America,2,0, Damaged beyond repair,-,Shorts 330-200,-,-,1980,-,21095.0, N937MA, SH.3040,Air Cargo Carriers,Cargo,1340,Greensboro/High Point-Piedmont Triad International Airport,GSO,KGSO,United States of America,Myrtle Beach International Airport,MYR,KMYR,United States of America,2,0,0,0,-,-,- (No safety board investigation)
20060523-0,Tuesday,23-MAY-2006,18:22,A1, En route (ENR),3 km (1.9 mls) off  São Tomé Island Airport (TMS),São Tomé and Príncipe,4,4, Damaged beyond repair,-,de Havilland Canada DHC-6 Twin Otter 300,2,Pratt & Whitney Canada PT6A-27,1979,-,-, S9-BAL, 648,Air São Tomé & Principe,Training,-,São Tomé Island Airport,TMS,FPST,São Tomé and Príncipe,São Tomé Island Airport,TMS,FPST,São Tomé and Príncipe,2,2,2,2,-,-,Preliminary
20060524-0,Wednesday,24-MAY-2006,15:30,A1, Landing (LDG),Bost/Lashkar Gah Airport (BST),Afghanistan,27,0, Damaged beyond repair,-,Lockheed Hercules C.1P (C-130K),-,-,1967,-,-, XV206, 4231,RAF,Military,-,Kabul-Khwaja Rawash Airport,KBL,OAKB,Afghanistan,Bost/Lashkar Gah Airport,BST,OABT,Afghanistan,7,20,0,0,-,-,Final
20060524-1,Wednesday,24-MAY-2006,00:55,A1, Landing (LDG),George Town-Exuma International Airport (GGT),Bahamas,8,0, Damaged beyond repair,-,IAI 1124 Westwind,2,Garrett TFE731-3-1G,1979,-,-, N475AT, 270,Air Trek,Ambulance,-,San Juan-Luis Muñoz Marín International Airport,SJU,TJSJ,Puerto Rico,Norfolk International Airport,ORF,KORF,United States of America,5,3,0,0,-,-,Final
20060524-2,Wednesday,24-MAY-2006,19:21,A1, Initial climb (ICL),near Krepsko,Poland,2,0, Damaged beyond repair,-,Antonov An-2R,1,Shvetsov ASh-62IR,1977,-,4284.0, SP-FLY, 1G170-45,Aerogryf Aviation,Agricultural,-,-,-,-,-,-,-,-,-,2,0,0,0,-,-,Final
20060601-0,Thursday,01-JUN-2006,07:55,A1, Landing (LDG),Bocas Del Toro Airport (BOC),Panama,18,0, Substantial, Written off (damaged beyond repair),British Aerospace 3101 Jetstream 31EP,2,Garrett TPE331-10UG-513H,1985,-,-, HP-1477PS, 760,Air Panamá,Domestic Scheduled Passenger, 680,Panama City Albrook-Marcos A. Gelabert International Airport,BLB,MPLB,Panama,Bocas Del Toro Airport,BOC,MPBO,Panama,2,16,0,0,-,-,Preliminary - official
20060602-0,Friday,02-JUN-2006,12:27,O1, Standing (STD),"Los Angeles International Airport, CA (LAX)",United States of America,3,0, Substantial, Written off (damaged beyond repair),Boeing 767-223ER,2,General Electric CF6-80A2,1987,-,-, N330AA, 22330/166,American Airlines,-,-,-,-,-,-,-,-,-,-,3,0,0,0,-,-,Final
20060602-1,Friday,02-JUN-2006,14:40,A1, Approach (APR),"off New London-Groton Airport, CT (GON)",United States of America,5,2, Damaged beyond repair,-,Learjet 35A,2,Garrett TFE731-2-2B,1980,-,11704.0, N182K, 35A-293,Robertson Asset Management,Domestic Non Scheduled Passenger,-,Atlantic City International Airport,ACY,KACY,United States of America,New London-Groton Airport,GON,KGON,United States of America,2,3,2,0,-,-,Final
20060603-0,Saturday,03-JUN-2006,15:00,A1, En route (ENR),near Yaocun,China,40,40, Damaged beyond repair,-,Shaanxi KJ-200 (Y-8),-,-,-,-,-, registration unknown,-,China Air Force,Military,-,-,-,-,-,-,-,-,-,5,35,5,35,-,-,-
20060603-1,Saturday,03-JUN-2006,07:19,A1, Takeoff (TOF),"Manassas Regional-Harry P. Davis Field, VA (MNZ)",United States of America,8,0, Substantial, Written off (damaged beyond repair),Dornier 328JET-300,2,Pratt & Whitney Canada PW306B,2000,-,2830.0, N328PD, 3105,East Coast Flight Svc,Ferry/positioning,-,Manassas Regional-Harry P. Davis Field,HEF,KHEF,United States of America,Myrtle Beach AFB,MYR,KMYR,United States of America,3,5,0,0,-,-,Final
20060603-2,Saturday,03-JUN-2006,-,C1, Standing (STD),Necoclí Airport (NCI),Colombia,0,0, Damaged beyond repair,-,Grumman G-159 Gulfstream I,-,-,1962,-,-, N183K, 84,Transcontinental Aviation,Illegal Flight,-,Rionegro/Medellín-José María Córdova Airport,MDE,SKRG,Colombia,Panama City-Tocumen International Airport,PTY,MPTO,Panama,0,0,0,0,-,-,Preliminary
20060604-0,Sunday,04-JUN-2006,05:10,A1, Landing (LDG),Managua International Airport (MGA),Nicaragua,3,0, Damaged beyond repair,-,McDonnell Douglas DC-10-10F,3,General Electric CF6-6D,1973,-,-, N68047, 47801/98,Arrow Air,Cargo,-,Miami International Airport,MIA,KMIA,United States of America,Managua International Airport,MGA,MNMG,Nicaragua,3,0,0,0,-,-,Preliminary
20060605-0,Monday,05-JUN-2006,10:13,A1, Landing (LDG),Bandanaira Airport (NDA),Indonesia,18,0, Substantial, Written off (damaged beyond repair),CASA/Nurtanio NC-212-AB4 Aviocar 200,2,Garrett TPE331-10-511C,1981,-,-, PK-NCL, 185/34N,Merpati Nusantara,Domestic Scheduled Passenger,MZ9971,-,-,-,-,Bandanaira Airport,NDA,WAPC,Indonesia,3,15,0,0,-,-,Preliminary
20060607-0,Wednesday,07-JUN-2006,07:02,A1, Takeoff (TOF),Rionegro/Medellín-José María Córdova Airport (MDE),Colombia,5,0, Damaged beyond repair,-,Boeing 747-2U3BSF,4,Pratt & Whitney JT9D-7Q,1982,-,78767.0, N922FT, 22768/561,Tradewinds,Ferry/positioning, 444,Rionegro/Medellín-José María Córdova Airport,MDE,SKRG,Colombia,Miami International Airport,MIA,KMIA,United States of America,5,0,0,0,-,-,Final
20060611-0,Sunday,11-JUN-2006,18:30,A1, Landing (LDG),Abéché Airport (AEH),Chad,-,5, Damaged beyond repair,-,Lockheed C-130H Hercules,-,-,1988,-,-, TT-PAF, 5141,Chad AF,Military,-,N'Djamena Airport,NDJ,FTTJ,Chad,Abéché Airport,AEH,FTTC,Chad,4,-,0,5,-,-,Preliminary
20060614-0,Wednesday,14-JUN-2006,14:16,A2, Landing (LDG),Bucharest-Baneasa Airport (BBU),Romania,-,0, Substantial, Repaired,Learjet 60,-,-,2001,1334.0,1977.0, OE-GFA, 60-214,Jetalliance Flugbetriebs,Unknown,-,Kiev-Borispol Airport,KBP,UKBB,Ukraine,Bucharest-Baneasa Airport,BBU,LRBS,Romania,-,-,0,0,-,-,Final
20060615-0,Thursday,15-JUN-2006,04:40,A1, Landing (LDG),East Midlands Airport (EMA),United Kingdom,2,0, Damaged beyond repair,-,Boeing 737-301F,2,CFMI CFM56-3B2,1987,34088.0,45832.0, OO-TND, 23515/1355,TNT Airways,Cargo, 325N,Liège-Bierset Airport,LGG,EBLG,Belgium,London-Stansted Airport,STN,EGSS,United Kingdom,2,0,0,0,-,-,Final
20060615-1,Thursday,15-JUN-2006,08:16,A2, Taxi (TXI),Catania-Fontanarossa Airport (CTA),Italy,104,0, Minor, Repaired,Boeing 737-430,2,CFMI CFM56-3C1,1992,-,26735.0, EI-COI, 27002/2328,Air One,Domestic Scheduled Passenger,AP2843,Catania-Fontanarossa Airport,CTA,LICC,Italy,Roma-Fiumicino Airport,FCO,LIRF,Italy,6,98,0,0,-,-,Final
20060617-0,Saturday,17-JUN-2006,-,A1, Approach (APR),4 km (2.5 mls) from  Taiynsha,Kazakhstan,2,1, Damaged beyond repair,-,Antonov An-2P,-,-,1973,-,-, UN-70367, 1G141-21,Flamingo,Agricultural,-,-,-,-,-,-,-,-,-,2,0,1,0,-,-,Preliminary
20060617-1,Saturday,17-JUN-2006,-,H2, En route (ENR),Cape Town International Airport (CPT),South Africa,-,0, None,-,Boeing 737-800,-,-,-,-,-, registration unknown,-,South African Airways,Passenger,-,Cape Town International Airport,CPT,FACT,South Africa,Johannesburg International Airport,JNB,FAJS,South Africa,-,-,0,0,-,-,-
20060620-0,Tuesday,20-JUN-2006,06:30,A2, Landing (LDG),"Chicago-O'Hare International Airport, IL (ORD)",United States of America,136,0, Substantial, Repaired,McDonnell Douglas DC-9-83 (MD-83),2,Pratt & Whitney JT8D-219,1999,-,20836.0, N961TW, 53611/2264,American Airlines,Domestic Scheduled Passenger,AA1740,Los Angeles International Airport,LAX,KLAX,United States of America,Chicago-O'Hare International Airport,ORD,KORD,United States of America,5,131,0,0,-,-,Final
20060621-0,Wednesday,21-JUN-2006,12:03,A1, Approach (APR),"0,5 km (0.3 mls) E of Jumla Airport (JUM)",Nepal,9,9, Destroyed, Written off (damaged beyond repair),de Havilland Canada DHC-6 Twin Otter 300,2,Pratt & Whitney Canada PT6A-27,1980,36092.0,23392.0, 9N-AEQ, 708, Yeti Airlines,Domestic Scheduled Passenger,-,Surkhet Airport,SKH,VNSK,Nepal,Jumla Airport,JUM,VNJL,Nepal,3,6,3,6,-,-,Final
20060622-0,Thursday,22-JUN-2006,09:53,A1, Takeoff (TOF),"Colorado Springs-Peterson Field, CO (COS)",United States of America,2,0, Substantial, Written off (damaged beyond repair),Excel-Jet Sport-Jet,1,Williams International FJ33-4A,2006,-,24.0, N350SJ, 001,Excel-Jet,Test,-,Colorado Springs-Peterson Field,COS,KCOS,United States of America,Colorado Springs-Peterson Field,COS,KCOS,United States of America,1,1,0,0,-,-,Final
20060623-0,Friday,23-JUN-2006,13:30,A2, Landing (LDG),Juba Airport (JUB),South Sudan,-,0, Substantial, Repaired,McDonnell Douglas DC-9-83 (MD-83),2,Pratt & Whitney JT8D-219,1996,-,-, SU-BOZ, 53192/2155,AMC Aviation,International Scheduled Passenger,-,Khartoum-Civil Airport,KRT,HSSS,Sudan,Juba Airport,JUB,HSSJ,South Sudan,-,14,0,0,-,-,Preliminary
