identifiant,week_day,date,time,type_event,phase,location,country,total_occupants,total_fatalities,aircraft_damage,aircraft_fate,type_aircraft,number_engines,type_engines,first_flight,cycles,total_airframe_hours,registration,c_n_msn,operator,nature,flight_number,departure_airport_name,departure_airport_IATA,departure_airport_ICAO,departure_airport_country,destination_airport_name,destination_airport_IATA,destination_airport_ICAO,destination_airport_country,crew_number,passengers_number,crew_fatalities,passengers_fatalities,collision_casualties,ground_casualties,status
19800602-1,Monday,02-JUN-1980,-,A1, Approach (APR),near Yacuiba,Bolivia,13,13, Damaged beyond repair,-,Fairchild F-27J,-,-,1965,-,-, CP-1117, 118,LAB,Domestic Scheduled Passenger,-,-,-,-,-,Yacuiba Airport,BYC,SLYA,Bolivia,3,10,3,10,-,-,-
19800603-0,Tuesday,03-JUN-1980,-,O1, Standing (STD),"Allentown International Airport, PA (ABE)",United States of America,9,0, Damaged beyond repair,-,Shorts 330-100,-,-,1980,-,-, N844SA, SH.3041,Suburban Airlines,Domestic Scheduled Passenger,-,Allentown-Lehigh Valley International Airport,ABE,KABE,United States of America,New York-John F. Kennedy International Airport,JFK,KJFK,United States of America,3,6,0,0,-,-,-
19800606-0,Friday,06-JUN-1980,-,A1, Landing (LDG),near Moskva-Vnukovo Airport (VKO),Russia,-,3, Damaged beyond repair,-,Antonov An-22A,4,Kuznetsov NK-12MA,1974,-,-, CCCP-09311, 043481251,Soviet AF,Military,-,-,-,-,-,Moskva-Sheremetyevo Airport,SVO,UUEE,Russia,-,-,3,0,-,-,-
19800608-0,Sunday,08-JUN-1980,15:32,C1, En route (ENR),near Matala,Angola,19,19, Damaged beyond repair,-,Yakovlev Yak-40K,3,Ivchenko AI-25,1977,-,-, D2-TYC, 9721753,TAAG,Domestic Scheduled Passenger,-,Lubango Airport,SDD,FNUB,Angola,-,-,-,-,4,15,4,15,-,-,-
19800612-0,Thursday,12-JUN-1980,-,A1, Takeoff (TOF),Brno-Cernovice,Czech Republic,-,-, Damaged beyond repair,-,Avia 14T,-,-,-,-,-, 3151, 174913151,Czechoslovak AF,Military,-,-,-,-,-,-,-,-,-,-,-,-,-,-,-,-
19800612-1,Thursday,12-JUN-1980,15:46,A1, Approach (APR),"ca 5 km N of Valley, NE",United States of America,15,13, Destroyed, Written off (damaged beyond repair),Swearingen SA226-TC Metro II,2,Garrett TPE331-3VW-303G,1976,-,8055.0, N650S, TC-228,Air Wisconsin,Domestic Scheduled Passenger, 965,Minneapolis-St. Paul International Airport,MSP,KMSP,United States of America,Lincoln Municipal Airport,LNK,KLNK,United States of America,2,13,2,11,-,-,Final
19800612-2,Thursday,12-JUN-1980,13:44,A1, Approach (APR),44 km (27.5 mls) NW of Dushanbe,Tajikistan,29,29, Damaged beyond repair,-,Yakovlev Yak-40,3,Ivchenko AI-25,1969,-,-, CCCP-87689, 9910403,Aeroflot / Tajikistan,Domestic Scheduled Passenger,-,Leninabad Airport,LBD,UTDL,Tajikistan,Dushanbe Airport,DYU,UTDD,Tajikistan,4,25,4,25,-,-,-
19800614-0,Saturday,14-JUN-1980,-,A1, Landing (LDG),Khost Airport (KHT),Afghanistan,-,0, Damaged beyond repair,-,Antonov An-26,-,-,-,-,-, 235,-,Afghan AF,Military,-,Kabul Airport,KBL,OAKB,Afghanistan,Khost Airport,KHT,OAKS,Afghanistan,-,-,0,0,-,-,-
19800617-0,Tuesday,17-JUN-1980,-,A1, Landing (LDG),Kabul Airport (KBL),Afghanistan,-,-, Damaged beyond repair,-,Antonov An-26,-,-,-,-,-, 229,-,Soviet AF,Military,-,-,-,-,-,Kabul Airport,KBL,OAKB,Afghanistan,-,-,-,-,-,-,-
19800619-0,Thursday,19-JUN-1980,18:49,A1, Landing (LDG),"Yuma International Airport, AZ (YUM)",United States of America,3,0, Substantial, Written off (damaged beyond repair),McDonnell Douglas DC-9-81 (MD-81),2,Pratt & Whitney JT8D-209,1979,-,6.0, N1002G, 48001/917,McDonnell Douglas,Test,-,Yuma International Airport,YUM,KYUM,United States of America,Yuma International Airport,YUM,KYUM,United States of America,3,0,0,0,-,-,Final
19800619-1,Thursday,19-JUN-1980,04:56,A1, Landing (LDG),"Atlanta Municipal Airport, GA (ATL)",United States of America,4,0, Damaged beyond repair,-,Sud Aviation SE-210 Caravelle VI-R,2,Rolls-Royce Avon 533R,1961,-,-, N905MW,  95,Airborne Express,Cargo,-,Wilmington-Clinton Field,ILN,KILN,United States of America,Atlanta Municipal Airport,ATL,KATL,United States of America,3,1,0,0,-,-,Final
19800621-0,Saturday,21-JUN-1980,-,A1, Takeoff (TOF),Chiang Rai Airport (CEI),Thailand,21,0, Damaged beyond repair,-,Hawker Siddeley HS-748-243 Srs. 2,-,-,1970,-,-, HS-THG, 1693,Thai Airways,Domestic Scheduled Passenger,-,Chiang Rai Airport,CEI,VTCT,Thailand,-,-,-,-,3,18,0,0,-,-,-
19800622-0,Sunday,22-JUN-1980,13:59,A1, Initial climb (ICL),"1,4 km (0.9 mls) SW of Columbus Municipal Airport, IN (CLU)",United States of America,8,3, Destroyed, Written off (damaged beyond repair),Lockheed L-1049H Super Constellation,4,Wright R-3350-42,1959,-,-, N74CA, 4850,Air Traders Int.,Ferry/positioning,-,Columbus Municipal Airport,CLU,KBAK,United States of America,Seattle/Tacoma International Airport,SEA,KSEA,United States of America,3,5,2,1,-,-,Final
19800627-0,Friday,27-JUN-1980,20:59,C1, En route (ENR),"25 km (15.6 mls) NE off  Ustica, Italy [Tyrrhenian Sea]",Mediterranean Sea,81,81, Destroyed, Written off (damaged beyond repair),Douglas DC-9-15,2,Pratt & Whitney JT8D-7,1966,45032.0,29544.0, I-TIGI, 45724/22,Itavia,Domestic Scheduled Passenger, 870,Bologna-Borgo Panigale Airport,BLQ,LIPE,Italy,Palermo-Punta Raisi Airport,PMO,LICJ,Italy,4,77,4,77,-,-,-
19800627-1,Friday,27-JUN-1980,-,A1, Unknown (UNK),off Isola d'Elba,Italy,3,0, Damaged beyond repair,-,Britten-Norman BN-2A-6 Islander,-,-,1970,-,-, I-BADE, 237,Transavio,Unknown,-,-,-,-,-,-,-,-,-,-,-,0,0,-,-,-
19800630-0,Monday,30-JUN-1980,-,H2, En route (ENR),"Buenos Aires, BA",Argentina,-,0, Unknown,-,Boeing 737-287C,-,-,1970,-,-, LV-JND, 20407/263,Aerolineas Argentinas,Domestic Scheduled Passenger,-,Mar Del Plata Airport,MDQ,SAZM,Argentina,-,-,-,-,-,-,0,0,-,-,-
19800702-0,Wednesday,02-JUL-1980,-,A1, En route (ENR),"96 km (60 mls) off  Prachuap Khiri Khan Province, Thailand",Indian Ocean,21,2, Damaged beyond repair,-,Douglas C-47 (DC-3),-,-,-,-,-, registration unknown,-,Thai Navy,Military,-,-,-,-,-,-,-,-,-,-,-,-,-,-,-,Preliminary
19800705-0,Saturday,05-JUL-1980,12:08,A1, Landing (LDG),"King Salmon Airport, AK (AKN)",United States of America,2,0, Damaged beyond repair,-,Fairchild C-119 Flying Boxcar,-,-,-,-,-, N90268, 11219,Gifford Aviation,Cargo,-,Kenai Airport,ENA,PAEN,United States of America,King Salmon Airport,AKN,PAKN,United States of America,2,0,0,0,-,-,Final
19800707-0,Monday,07-JUL-1980,-,A1, En route (ENR),near Tepic Airport (TPQ),Mexico,13,13, Destroyed, Written off (damaged beyond repair),Embraer EMB-110P1 Bandeirante,2,Pratt & Whitney Canada PT6A-34,1979,-,-, XA-DAK, 110242,Instituto Mex. de Seguridad Social,Ambulance,-,Tepic Airport,TPQ,MMEP,Mexico,Guadalajara International Airport,GDL,MMGL,Mexico,2,11,2,11,-,-,-
19800707-1,Monday,07-JUL-1980,-,A1, Takeoff (TOF),Galway-Carnmore Airport (GWY),Ireland,5,0, Damaged beyond repair,-,Britten-Norman BN-2A-26 Islander,-,-,1975,-,-, EI-BBR, 472,Aer Arann,Domestic Scheduled Passenger,-,Galway-Carnmore Airport,GWY,EICM,Ireland,-,-,-,-,-,-,0,0,-,-,-
19800708-0,Tuesday,08-JUL-1980,00:39,A1, En route (ENR),5 km (3.1 mls) from  Alma-Ata Airport (ALA),Kazakhstan,166,166, Destroyed, Written off (damaged beyond repair),Tupolev Tu-154B-2,3,Kuznetsov NK-8-2U,1979,1124.0,2438.0, CCCP-85355, 79A355,Aeroflot / Kazakstan,Domestic Scheduled Passenger,4225,Alma-Ata Airport,ALA,UAAA,Kazakhstan,Rostov Airport,ROV,URRR,Russia,10,156,10,156,-,-,-
19800710-0,Thursday,10-JUL-1980,-,A1, Unknown (UNK),North Sinai,Egypt,4,4, Damaged beyond repair,-,Douglas C-47B-10-DK Pe're (DC-3),-,-,1944,-,-, 4X-FNV/036, 26310/14865,Israeli AF,Military,-,-,-,-,-,-,-,-,-,4,0,4,0,-,-,-
19800711-0,Friday,11-JUL-1980,-,H2, Unknown (UNK),"Seattle/Tacoma International Airport, WA (SEA)",United States of America,64,0, Unknown,-,Boeing 727,-,-,-,-,-, registration unknown,-,Northwest Orient Airlines,Domestic Scheduled Passenger, 608,Seattle/Tacoma International Airport,SEA,KSEA,United States of America,Portland International Airport,PDX,KPDX,United States of America,-,-,0,0,-,-,-
19800712-0,Saturday,12-JUL-1980,-,A1, Unknown (UNK),40 km (25 mls) E of Santiago-Los Cerrillos,Chile,17,1, Damaged beyond repair,-,de Havilland Canada DHC-6 Twin Otter 300,2,Pratt & Whitney Canada PT6A-27,1974,-,-, 943, 396,Chilean AF,Military,-,-,-,-,-,-,-,-,-,-,-,-,-,-,-,-
19800712-1,Saturday,12-JUL-1980,-,A1, Approach (APR),Port-au-Prince Airport (PAP),Haiti,-,3, Damaged beyond repair,-,Douglas DC-3,-,-,-,-,-, registration unknown,-,Unknown,Illegal Flight,-,-,-,-,-,Port-au-Prince Airport,PAP,MTPP,Haiti,-,-,1,2,-,-,-
19800712-2,Saturday,12-JUL-1980,-,H2, Unknown (UNK),Manila,Philippines,-,0, Unknown,-,Boeing 727,-,-,-,-,-, registration unknown,-,Philippine Air Lines,Unknown,-,Manila International Airport,MNL,RPLL,Philippines,Cebu Airport,CEB,RPVM,Philippines,-,-,0,0,-,-,-
19800714-1,Monday,14-JUL-1980,-,A1, Landing (LDG),Loja Airport (LOH),Ecuador,2,0, Damaged beyond repair,-,Vickers 745D Viscount,-,-,1956,-,-, HC-BHB, 205,Aerolineas Condor,Unknown,-,-,-,-,-,Loja Airport,LOH,SELO,Ecuador,2,0,0,0,-,-,-
19800717-0,Thursday,17-JUL-1980,19:53,A1, Landing (LDG),Ottery St. Mary,United Kingdom,62,0, Damaged beyond repair,-,Vickers 708 Viscount,4,Rolls-Royce Dart 505,1953,-,35121.0, G-ARBY,  10,Alidair,Int'l Non Scheduled Passenger,-,Santander Airport,SDR,LEXJ,Spain,Exeter Airport,EXT,EGTE,United Kingdom,4,58,0,0,-,-,Final
19800722-0,Tuesday,22-JUL-1980,-,H2, Unknown (UNK),Camaguey (Cuba),Cuba,158,0, Unknown,-,Lockheed L-1011 TriStar,-,-,-,-,-, registration unknown,-,Delta Air Lines,Domestic Scheduled Passenger,DL1135,Miami International Airport,MIA,KMIA,United States of America,-,-,-,-,-,-,0,0,-,-,-
19800724-0,Thursday,24-JUL-1980,-,A1, Unknown (UNK),within Pastaza province,Ecuador,2,2, Damaged beyond repair,-,Nord 2501D Noratlas,2,Bristol Hercules 739,-,-,-, HC-AXK, D137,ATESA,Unknown,-,-,-,-,-,-,-,-,-,2,0,2,0,-,-,-
19800724-1,Thursday,24-JUL-1980,-,H2, Unknown (UNK),"Kuwait, Manama, Bahrain, Kuwait, Abadan, Kuwait",Kuwait,-,0, Unknown,-,Boeing 737-269,2,Pratt & Whitney JT8D-17,1976,-,-, 9K-ACV, 21206/448,Kuwait Airways,Unknown,-,Beirut International Airport,BEY,OLBA,Lebanon,Kuwait International Airport,KWI,OKBK,Kuwait,-,-,0,0,-,-,-
19800727-0,Sunday,27-JUL-1980,-,U1, Unknown (UNK),Trujillo Airport (TRU),Peru,-,-, Damaged beyond repair,-,Douglas DC-7CF,-,-,1958,-,-, CP-1291, 45470/946,Lambda Air Cargo,Unknown,-,-,-,-,-,-,-,-,-,-,-,-,-,-,-,-
19800727-1,Sunday,27-JUL-1980,-,A1, Takeoff (TOF),"Ramona Airport, CA",United States of America,2,0, Damaged beyond repair,-,Consolidated P4Y-2G Super Privateer,-,-,-,-,-, N2870G,-,Hawkins & Powers,Unknown,-,-,-,-,-,-,-,-,-,2,0,0,0,-,-,-
19800731-0,Thursday,31-JUL-1980,-,O2, Standing (STD),Tel Aviv-Ben Gurion International Airport (TLV),Israel,-,0, Substantial, Repaired,Boeing 707-358C,-,-,1969,-,-, 4X-ATX, 20122/807,El Al,Unknown,-,Tel Aviv-Ben Gurion International Airport,TLV,LLBG,Israel,-,-,-,-,-,-,0,0,-,-,-
19800731-1,Thursday,31-JUL-1980,-,A1, Unknown (UNK),Krosinko,Poland,-,-, Damaged beyond repair,-,Antonov An-2R,-,-,-,-,-, SP-WLU, 1G148-09,ZUA,Unknown,-,-,-,-,-,-,-,-,-,-,-,-,-,-,-,-
19800801-0,Friday,01-AUG-1980,16:47,A1, Takeoff (TOF),"New Smyrna Beach, FL",United States of America,3,0, Damaged beyond repair,-,Douglas R4D-5 (DC-3),-,-,1943,-,-, N45864, 9304,private,Ferry/positioning,-,-,-,-,-,Aruba-Reina Beatrix Airport,AUA,TNCA,Aruba,1,2,0,0,-,-,Final
19800801-1,Friday,01-AUG-1980,-,A1, En route (ENR),24 km (15 mls) from  Mexico City-Juarez International Airport (MEX),Mexico,7,3, Damaged beyond repair,-,Douglas DC-8-43F,4,Rolls-Royce Conway 508-12,1960,-,-, OB-R-1143, 45598/57,Aeronaves del Peru,Cargo,-,Lima-Jorge Chávez International Airport,LIM,SPIM,Peru,Mexico City-Benito Juárez International Airport,MEX,MMMX,Mexico,7,0,3,0,-,-,-
19800803-0,Sunday,03-AUG-1980,16:15,A1, En route (ENR),"near Togiak, AK",United States of America,9,2, Damaged beyond repair,-,de Havilland Canada DHC-3 Otter,-,-,1958,-,-, N433GR, 291,Yute Air Alaska,Passenger,-,Togiak Village Airport,TOG,PATG,United States of America,Dillingham Municipal Airport,DLG,PADL,United States of America,1,8,1,1,-,-,Final
19800806-0,Wednesday,06-AUG-1980,12:37,A2, En route (ENR),"near Bridgeport, TX",United States of America,16,0, Substantial, Repaired,Fairchild F-27,-,-,-,-,-, N707WA, 16,Athens Leasing Corp.,Executive,-,Rapid City Regional Airport,RAP,KRAP,United States of America,Dallas-Love Field,DAL,KDAL,United States of America,2,14,0,0,2,-,Final
19800807-1,Thursday,07-AUG-1980,03:04,A1, Approach (APR),Nouadhibou Airport (NDB),Mauritania,168,1, Damaged beyond repair,-,Tupolev Tu-154B-1,3,Kuznetsov NK-8-2U,1978,-,-, YR-TPH, 78A277,Tarom,International Scheduled Passenger,-,Bucharest-Otopeni International Airport,OTP,LROP,Romania,Nouadhibou Airport,NDB,GQPP,Mauritania,16,152,0,1,-,-,-
19800810-0,Sunday,10-AUG-1980,-,H2, Unknown (UNK),Havana,Cuba,35,0, Unknown,-,Boeing 737,-,-,-,-,-, registration unknown,-,Air Florida,Domestic Scheduled Passenger,   4,Miami International Airport,MIA,KMIA,United States of America,Key West International Airport,EYW,KEYW,United States of America,-,-,0,0,-,-,-
19800811-0,Monday,11-AUG-1980,-,A1, Approach (APR),"near Rio de Janeiro-Santos Dumont Airport, RJ (SDU)",Brazil,3,3, Damaged beyond repair,-,IRMA/Britten-Norman BN-2A-6 Islander,-,-,1971,-,-, PT-KAC, 644,Prospec,Survey/research,-,Rio de Janeiro-Santos Dumont Airport,SDU,SBRJ,Brazil,-,-,-,-,1,2,1,2,-,-,-
19800813-0,Wednesday,13-AUG-1980,21:56,A1, Approach (APR),ca 8 km N of Palma de Mallorca Airport (PMI),Spain,4,4, Damaged beyond repair,-,Learjet 35A,2,Garrett TFE731-2-2B,1978,-,-, EC-DFA, 35A-196,Spantax,Domestic Non Scheduled Passenger,-,Madrid-Barajas Airport,MAD,LEMD,Spain,Palma de Mallorca Airport,PMI,LEPA,Spain,2,2,2,2,-,-,-
19800813-1,Wednesday,13-AUG-1980,-,H2, Unknown (UNK),Havana,Cuba,74,0, Unknown,-,Boeing 737,-,-,-,-,-, registration unknown,-,Air Florida,Domestic Scheduled Passenger, 707,Key West International Airport,EYW,KEYW,United States of America,Miami International Airport,MIA,KMIA,United States of America,-,-,0,0,-,-,-
19800814-0,Thursday,14-AUG-1980,-,H2, Unknown (UNK),Havana,Cuba,224,0, Unknown,-,McDonnell Douglas DC-10,-,-,-,-,-, registration unknown,-,National Airlines,Domestic Scheduled Passenger, 872,Miami International Airport,MIA,KMIA,United States of America,-,-,-,-,-,-,0,0,-,-,-
19800816-0,Saturday,16-AUG-1980,-,H2, Unknown (UNK),Havana,Cuba,183,0, Unknown,-,Lockheed L-1011 TriStar,-,-,-,-,-, registration unknown,-,Delta Air Lines,Domestic Scheduled Passenger,DL1065,-,-,-,-,Miami International Airport,MIA,KMIA,United States of America,-,-,0,0,-,-,-
19800816-1,Saturday,16-AUG-1980,-,H2, Unknown (UNK),Havana,Cuba,116,0, Unknown,-,McDonnell Douglas DC-9,-,-,-,-,-, registration unknown,-,Republic Airlines,Domestic Scheduled Passenger, 228,Miami International Airport,MIA,KMIA,United States of America,Orlando International Airport,MCO,KMCO,United States of America,-,-,0,0,-,-,-
19800816-2,Saturday,16-AUG-1980,-,H2, Unknown (UNK),Havana,Cuba,53,0, Unknown,-,Boeing 727,-,-,-,-,-, registration unknown,-,Eastern Air Lines,Domestic Scheduled Passenger,EA90,Miami International Airport,MIA,KMIA,United States of America,Orlando International Airport,MCO,KMCO,United States of America,-,-,0,0,-,-,-
19800818-0,Monday,18-AUG-1980,-,H2, Unknown (UNK),"Atlanta Municipal Airport, GA (ATL)",United States of America,59,0, Unknown,-,McDonnell Douglas DC-9,-,-,-,-,-, registration unknown,-,Eastern Air Lines,Domestic Scheduled Passenger,EA348,Melbourne International Airport,MLB,KMLB,United States of America,Atlanta Municipal Airport,ATL,KATL,United States of America,-,-,0,0,-,-,-
19800819-0,Tuesday,19-AUG-1980,-,A1, Landing (LDG),Maulmyine Airport (MNU),Myanmar,28,0, Damaged beyond repair,-,Fokker F-27 Friendship 400,-,-,1966,27058.0,27365.0, XY-ADO, 10313,Burma Airways,Scheduled Passenger,-,-,-,-,-,Maulmyine Airport,MNU,VYMM,Myanmar,4,24,0,0,-,-,-
19800819-1,Tuesday,19-AUG-1980,19:08,A1, En route (ENR),Riyadh International Airport (RUH),Saudi Arabia,301,301, Destroyed, Written off (damaged beyond repair),Lockheed L-1011 TriStar 200,3,Rolls-Royce RB211-524B2-02,1979,1718.0,2948.0, HZ-AHK, 1169,Saudi Arabian,Domestic Scheduled Passenger,SV163,Riyadh International Airport,RUH,OERY,Saudi Arabia,-,-,-,-,14,287,14,287,-,-,Final
19800823-0,Saturday,23-AUG-1980,-,A1, Unknown (UNK),Guwahati,India,9,9, Damaged beyond repair,-,Douglas C-47 (DC-3),-,-,-,-,-, HJ235,-,Indian AF,Military,-,-,-,-,-,-,-,-,-,-,-,-,-,-,-,-
19800823-1,Saturday,23-AUG-1980,16:59,A2, En route (ENR),"Otay, CA",United States of America,4,0, Minor, Repaired,Lockheed L-100-30 Hercules,4,Allison 501-D22A,1967,-,-, N18ST, 4208,Transamerica Airlines,Cargo,-,Panama City-Bay County International Airport,PFN,KPFN,United States of America,-,-,-,-,4,0,0,0,-,1,Final
19800825-0,Monday,25-AUG-1980,-,O1, Standing (STD),Freetown-Hastings Airport (HGS),Sierra Leone,-,-, Damaged beyond repair,-,Britten-Norman BN-2A Trislander Mk.III-1,-,-,1974,-,-, 9L-LAQ, 0363,Sierra Leone Airways,Unknown,-,-,-,-,-,-,-,-,-,-,-,-,-,-,-,-
19800826-0,Tuesday,26-AUG-1980,-,H2, Unknown (UNK),Havana,Cuba,242,0, Unknown,-,Lockheed L-1011 TriStar,-,-,-,-,-, registration unknown,-,Eastern Air Lines,Domestic Scheduled Passenger,EA401,New York-John F. Kennedy International Airport,JFK,KJFK,United States of America,Miami International Airport,MIA,KMIA,United States of America,-,-,0,0,-,-,-
19800826-1,Tuesday,26-AUG-1980,06:29,A1, Approach (APR),26 km (16.3 mls) NE of Jakarta-Kemayoran Airport (JKT),Indonesia,37,37, Damaged beyond repair,-,Vickers 812 Viscount,-,-,1958,17947.0,20659.0, PK-IVS, 353,FEAT,Domestic Scheduled Passenger,-,Banjarmasin-Sjamsudin Noor Airport,BDJ,WAOO,Indonesia,-,-,-,-,6,31,6,31,-,-,-
19800828-0,Thursday,28-AUG-1980,-,A1, Landing (LDG),Vijayawada Airport (VGA),India,29,0, Damaged beyond repair,-,Vickers 768D Viscount,4,Rolls-Royce Dart 510,1958,-,-, VT-DJC, 296,Huns Air,Domestic Non Scheduled Passenger,-,Bombay-Santacruz Airport,BOM,VABB,India,Vijayawada Airport,VGA,VOBZ,India,5,24,0,0,-,-,-
19800829-0,Friday,29-AUG-1980,-,H2, Unknown (UNK),Lima,Peru,183,0, Unknown,-,McDonnell Douglas DC-8,-,-,-,-,-, registration unknown,-,Braniff Airways,International Scheduled Passenger, 920,Lima-Callao International Airport,LIM,SPIM,Peru,Los Angeles International Airport,LAX,KLAX,United States of America,-,-,0,0,-,-,-
19800829-1,Friday,29-AUG-1980,-,A1, Approach (APR),Asunción,Paraguay,-,1, Damaged beyond repair,-,Douglas C-47B-23-DK (DC-3),2,Pratt & Whitney R-1830-90C,1945,-,-, 2016, 27148/15703,TAM Paraguay,Military,-,Asunción-Silvio Pettirossi International Airport,ASU,SGAS,Paraguay,Ayolas Airport,AYO,SGAY,Paraguay,-,-,1,0,-,-,-
19800902-0,Tuesday,02-SEP-1980,-,A1, Unknown (UNK),"24 Mayo Airstrip, Iliniza Mountain",Ecuador,7,0, Damaged beyond repair,-,de Havilland Canada DHC-6 Twin Otter 300,2,Pratt & Whitney Canada PT6A-27,1975,-,-, HC-BAV, 453,TAME Ecuador,Unknown,-,-,-,-,-,-,-,-,-,3,4,0,0,-,-,-
19800903-0,Wednesday,03-SEP-1980,14:37,A1, Landing (LDG),San José-Juan Santamaria International Airport (SJO),Costa Rica,73,0, Damaged beyond repair,-,Boeing 727-21,3,Pratt & Whitney JT8D-7,1966,-,-, N327PA, 19036/278,Pan Am,International Scheduled Passenger,PA421,Miami International Airport,MIA,KMIA,United States of America,San José-Juan Santamaria International Airport,SJO,MROC,Costa Rica,6,67,0,0,-,-,-
19800905-0,Friday,05-SEP-1980,-,A1, En route (ENR),Saint-Vincent-de-Barrès,France,8,8, Damaged beyond repair,-,Lockheed L-100-20 Hercules,4,Allison 501-D22A,1969,-,-, KAF317, 4350,Kuwait AF,Military,-,-,-,-,-,Athens-Ellinikon International Airport,ATH,LGAT,Greece,8,0,8,0,-,-,-
19800905-2,Friday,05-SEP-1980,-,A1, Landing (LDG),"Barbers Point NAS, HI (NAX)",United States of America,-,0, Damaged beyond repair,-,Lockheed P-3B Orion,-,-,1968,-,-, 154591, 185-5272,US Navy,Military,-,-,-,-,-,-,-,-,-,-,-,0,0,-,-,-
19800906-0,Saturday,06-SEP-1980,-,U1, Unknown (UNK),at an unknown location,Mauritania,-,-, Damaged beyond repair,-,IRMA/Britten-Norman BN-2A-21 Islander,-,-,1976,-,-, 5T-MAQ, 786,Mauritanian AF,Military,-,-,-,-,-,-,-,-,-,-,-,-,-,-,-,-
19800908-0,Monday,08-SEP-1980,-,H2, En route (ENR),"Tampa, Havana",Cuba,89,0, None,-,Boeing 727,-,-,-,-,-, registration unknown,-,Eastern Air Lines,Domestic Scheduled Passenger,EA161,New York-John F. Kennedy International Airport,JFK,KJFK,United States of America,Tampa International Airport,TPA,KTPA,United States of America,7,82,0,0,-,-,-
19800909-0,Tuesday,09-SEP-1980,-,O2, Standing (STD),"Sacramento Metropolitan Airport, CA (SMF)",United States of America,44,0, Minor, Repaired,Boeing 727,-,-,-,-,-, registration unknown,-,United Airlines,Domestic Scheduled Passenger,-,Portland International Airport,PDX,KPDX,United States of America,Sacramento Metropolitan Airport,SMF,KSMF,United States of America,4,40,0,0,-,-,-
19800910-0,Wednesday,10-SEP-1980,21:30,A1, En route (ENR),near Puerto Berrío,Colombia,3,3, Damaged beyond repair,-,Douglas C-47-DL (DC-3),2,Pratt & Whitney R-1830-92,1942,-,-, HK-329, 4404,Aeronorte,Cargo,-,Barranquilla-Ernesto Cortissoz Airport,BAQ,SKBQ,Colombia,Bogotá-Eldorado Airport,BOG,SKBO,Colombia,3,0,3,0,-,-,-
19800912-0,Friday,12-SEP-1980,-,H2, Unknown (UNK),"Miami, FL",United States of America,85,0, Unknown,-,Boeing 727,-,-,-,-,-, registration unknown,-,Eastern Air Lines,Domestic Scheduled Passenger,EA5,Newark International Airport,EWR,KEWR,United States of America,Miami International Airport,MIA,KMIA,United States of America,-,-,0,0,-,-,-
19800912-1,Friday,12-SEP-1980,-,A1, Approach (APR),near Iquitos,Peru,3,3, Damaged beyond repair,-,Douglas DC-8-33F,4,Pratt & Whitney JT4A-,1960,-,-, N715UA, 45386/62,Aeronaves del Peru,Cargo,-,Lima-Jorge Chávez International Airport,LIM,SPIM,Peru,Iquitos Airport,IQT,SPQT,Peru,3,0,3,0,-,-,-
19800912-3,Friday,12-SEP-1980,20:58,A1, Approach (APR),"6,5 km (4.1 mls) SW off  West End Settlement",Bahamas,34,34, Damaged beyond repair,-,Douglas DC-3A,2,Pratt & Whitney R-1830-92,1942,-,64700.0, N75KW, 4861,Florida Commuter Airlines,Int'l Non Scheduled Passenger,-,West Palm Beach International Airport,PBI,KPBI,United States of America,Freeport-Grand Bahama International Airport,FPO,MYGF,Bahamas,4,30,4,30,-,-,Final
19800913-0,Saturday,13-SEP-1980,-,H2, Unknown (UNK),Havana,Cuba,88,0, Unknown,-,Boeing 727,-,-,-,-,-, registration unknown,-,Delta Air Lines,Domestic Scheduled Passenger,DL334,New Orleans International Airport,MSY,KMSY,United States of America,Atlanta Municipal Airport,ATL,KATL,United States of America,-,-,0,0,-,-,-
19800914-0,Sunday,14-SEP-1980,-,A1, Initial climb (ICL),near Madinah-Mohammad Bin Abdulaziz Airport (MED),Saudi Arabia,89,89, Destroyed, Written off (damaged beyond repair),Lockheed C-130E Hercules,-,-,1966,-,-, 453, 4128,Saudi AF,Military,-,Madinah-Mohammad Bin Abdulaziz Airport,MED,OEMA,Saudi Arabia,-,-,-,-,8,81,8,81,-,-,-
19800914-1,Sunday,14-SEP-1980,-,A1, Takeoff (TOF),Kindu Airport (KND),Democratic Republic of the Congo,36,36, Damaged beyond repair,-,Lockheed C-130H Hercules,-,-,1975,-,-, 9T-TCE, 4569,Zaire AF,Military,-,Kindu Airport,KND,FZOA,Democratic Republic of the Congo,-,-,-,-,-,-,-,-,-,-,-
19800914-2,Sunday,14-SEP-1980,-,H2, Unknown (UNK),"Miami, FL",United States of America,102,0, Unknown,-,Boeing 727,-,-,-,-,-, registration unknown,-,Eastern Air Lines,Domestic Scheduled Passenger,EA115,Tampa International Airport,TPA,KTPA,United States of America,Miami International Airport,MIA,KMIA,United States of America,-,-,0,0,-,-,-
19800915-0,Monday,15-SEP-1980,19:00,A1, En route (ENR),off Haiti,Haiti,4,3, Damaged beyond repair,-,Douglas DC-6B,4,Pratt & Whitney R-2800,1954,-,-, N9018N, 44425/476,JMG Inc,Unknown,-,South Caicos International Airport,XSC,MBSC,Turks and Caicos Islands,Port-au-Prince Airport,PAP,MTPP,Haiti,3,1,2,1,-,-,Final
19800915-1,Monday,15-SEP-1980,-,A1, Approach (APR),"near Bereznik Airport, Arkhangelsk region",Russia,20,0, Damaged beyond repair,-,Ilyushin Il-14P,-,-,1959,17977.0,18003.0, CCCP-41831, 14803060,Aeroflot / Arkhangelsk,Domestic Scheduled Passenger,-,-,-,-,-,-,-,-,-,4,16,0,0,-,-,-
19800917-0,Wednesday,17-SEP-1980,-,A1, Unknown (UNK),Kindu,Democratic Republic of the Congo,-,36, Damaged beyond repair,-,de Havilland Canada DHC-5D Buffalo,-,-,1976,-,-, 9T-CBC, 74,Zaire AF,Military,-,-,-,-,-,-,-,-,-,-,-,-,-,-,-,-
19800917-1,Wednesday,17-SEP-1980,-,H2, Unknown (UNK),Havana,Cuba,111,0, Unknown,-,Boeing 727,-,-,-,-,-, registration unknown,-,Delta Air Lines,Domestic Scheduled Passenger,DL470,Atlanta Municipal Airport,ATL,KATL,United States of America,Columbia Metropolitan Airport,CAE,KCAE,United States of America,-,-,0,0,-,-,-
19800918-0,Thursday,18-SEP-1980,-,A1, Landing (LDG),near Castilla la Nueva,Colombia,5,0, Damaged beyond repair,-,Douglas DC-7C,-,-,1957,-,-, N75000, 45094/769,private,Military,-,-,-,-,-,Bogotá-Eldorado Airport,BOG,SKBO,Colombia,5,0,0,0,-,-,-
19800920-0,Saturday,20-SEP-1980,-,A1, Approach (APR),off Peninsula de La Guajira,Colombia,6,0, Damaged beyond repair,-,Curtiss C-46A-35-CU Commando,2,Pratt & Whitney R-2800-51,1943,-,-, HI-197, 26716,Unknown,Illegal Flight,-,-,-,-,-,-,-,-,-,-,-,0,0,-,-,-
19800921-0,Sunday,21-SEP-1980,13:20,A2, Initial climb (ICL),"Wichita Falls-Kickapoo Airport, TX (KIP)",United States of America,16,0, Substantial, Repaired,de Havilland Canada DHC-6 Twin Otter 300,2,Pratt & Whitney Canada PT6A-27,1979,-,-, N46RA, 606,Rio Airways,Domestic Scheduled Passenger,-,Wichita Falls-Kickapoo Airport,KIP,KCWC,United States of America,Dallas/Fort Worth International Airport,DFW,KDFW,United States of America,2,14,0,0,-,-,Final
19800922-0,Monday,22-SEP-1980,02:00,A1, Landing (LDG),"near Okeechobee, FL",United States of America,2,0, Damaged beyond repair,-,Convair CV-240-6,-,-,1949,-,-, ZP-CDO,  62,Unknown,Illegal Flight,-,-,-,-,-,-,-,-,-,2,0,0,0,-,-,Final
19800922-1,Monday,22-SEP-1980,-,A1, En route (ENR),Mount Smjörfjöllum,Iceland,3,3, Damaged beyond repair,-,Britten-Norman BN-2A-27 Islander,-,-,1969,-,-, TF-RTO, 142,Flugfelag Austurlands,Domestic Scheduled Passenger,-,Bakkafjördur Airport,BJD,BIBK,Iceland,Egilsstadir Airport,EGS,BIEG,Iceland,1,2,1,2,-,-,-
19800922-2,Monday,22-SEP-1980,-,O1, Standing (STD),Tehran-Mehrabad Airport (THR),Iran,-,-, Damaged beyond repair,-,Boeing 707-3J9C,-,-,1974,-,-, 5-8302, 20831/881,Iran AF,Military,-,-,-,-,-,-,-,-,-,-,-,-,-,-,-,-
19800923-0,Tuesday,23-SEP-1980,-,C1, Approach (APR),Baghdad-Saddam International Airport (SDA),Iraq,-,-, Damaged beyond repair,-,Ilyushin Il-76,-,-,1977,-,-, YI-AIO, 073410315,Iraqi Airways,Cargo,-,Paris-Orly Airport,ORY,LFPO,France,Baghdad-Saddam International Airport,SDA,ORBS,Iraq,-,-,-,-,-,-,Preliminary
19800924-0,Wednesday,24-SEP-1980,-,A1, Unknown (UNK),near Kirkuk Airport (KIK),Iraq,-,-, Damaged beyond repair,-,Antonov An-24TV,-,-,1968,-,-, YI-AEM, 1022805,Iraqi Airways,Unknown,-,Kirkuk Airport,KIK,ORKK,Iraq,-,-,-,-,-,-,-,-,-,-,-
19801001-0,Wednesday,01-OCT-1980,19:02,A1, Approach (APR),"Jersey-States Airport, Channel Islands (JER)",United Kingdom,1,1, Destroyed, Written off (damaged beyond repair),Cessna 500 Citation I,-,-,1980,-,138.0, G-BPCP, 500-0403,Penarth Commercial Properties,Private,-,Cardiff-Wales Airport,CWL,EGFF,United Kingdom,Jersey-States Airport,JER,EGJJ,United Kingdom,1,0,1,0,-,-,Final
19801002-0,Thursday,02-OCT-1980,-,A1, Unknown (UNK),"McMinnville, TN",United States of America,4,4, Damaged beyond repair,-,Lockheed C-130A Hercules,-,-,1957,-,-, 56-0504, 3112,USAF,Military,-,-,-,-,-,-,-,-,-,4,0,4,0,-,-,-
19801003-1,Friday,03-OCT-1980,-,A1, En route (ENR),between Madrid and Perpigan,Mediterranean Sea,2,2, Missing, Presumed damaged beyond repair,Douglas C-47A-35-DK (DC-3),2,Pratt & Whitney R-1830,1944,-,-, ECT-025, 13375,Kurfiss Aviation,Ferry/positioning,-,-,-,-,-,Perpignan Airport,PGF,LFMP,France,2,0,2,0,-,-,Final
19801006-0,Monday,06-OCT-1980,-,A1, Unknown (UNK),Panama City-Tocumen International Airport (PTY),Panama,-,0, Damaged beyond repair,-,Douglas DC-6BF,-,-,1954,-,-, YN-BVI, 44117/461,LANICA,Unknown,-,-,-,-,-,Panama City-Tocumen International Airport,PTY,MPTO,Panama,-,-,0,0,-,-,-
19801008-1,Wednesday,08-OCT-1980,-,A1, Landing (LDG),Chita Airport (HTA),Russia,184,0, Damaged beyond repair,-,Tupolev Tu-154B-2,3,Kuznetsov NK-8-2U,1978,-,-, CCCP-85321, 78A321,Aeroflot / Far East,Domestic Scheduled Passenger,-,Barnaul Airport,BAX,UNBB,Russia,Chita Airport,HTA,UIAA,Russia,10,174,0,0,-,-,-
19801011-0,Saturday,11-OCT-1980,-,A1, Unknown (UNK),near Ocean Cay Airport,Bahamas,5,1, Damaged beyond repair,-,Britten-Norman BN-2A-26 Islander,-,-,1969,-,-, N851JA, 71,Trans Island Airways,Passenger,-,-,-,-,-,-,-,-,-,-,-,-,-,-,-,-
19801012-1,Sunday,12-OCT-1980,-,A1, Landing (LDG),Beniarrés,Spain,3,2, Damaged beyond repair,-,Canadair CL-215-1A10,2,Pratt & Whitney R-2800-83AM,1977,-,-, UD.13-13, 1053,Spanish AF,Military,-,-,-,-,-,-,-,-,-,3,0,2,0,-,-,-
19801013-0,Monday,13-OCT-1980,-,A1, En route (ENR),Misool Island,Indonesia,4,0, Damaged beyond repair,-,Fokker F-27 Friendship 400,-,-,1967,7567.0,16534.0, PK-PFC, 10339,Pelita Air Service,Cargo,-,-,-,-,-,-,-,-,-,4,0,0,0,-,-,-
19801013-1,Monday,13-OCT-1980,-,H2, En route (ENR),Diyarbakir Airport (DIY),Turkey,156,1, Minor, Repaired,Boeing 727-2F2,3,Pratt & Whitney JT8D-15,1974,-,-, TC-JBJ, 20983/1088,THY,Domestic Scheduled Passenger,-,Istanbul-Yesilköy Airport,IST,LTBA,Turkey,Ankara-Esenboga Airport,ESB,LTAC,Turkey,7,149,0,1,-,-,-
19801014-0,Tuesday,14-OCT-1980,-,A1, Takeoff (TOF),"São Paulo-Campo de Marte Airport, SP",Brazil,4,0, Damaged beyond repair,-,Embraer C-95 Bandeirante (EMB-110),-,-,1974,-,-, 2143, 110029,Brazilian AF,Military,-,-,-,-,-,Natal Airport,NAT,SBNT,Brazil,3,1,0,0,-,-,-
19801015-0,Wednesday,15-OCT-1980,14:45,A1, Unknown (UNK),"13 km (8.1 mls) W of Chapais, QC",Canada,10,8, Damaged beyond repair,-,Lockheed CC-130E Hercules,-,-,1965,-,-, 130312, 4061,Canadian Armed Forces,Military,-,Trenton Canadian Forces Base,YTR,CYTR,Canada,Trenton Canadian Forces Base,YTR,CYTR,Canada,-,-,-,-,-,-,-
19801016-0,Thursday,16-OCT-1980,08:30,A1, Takeoff (TOF),"Fort Sill-Henry Post AAF, OK",United States of America,5,5, Damaged beyond repair,-,Fairchild UC-123K Provider,-,-,-,-,-, 57-6291, 20301,USAF,Military,-,-,-,-,-,Columbus-Rickenbacker AFB,LCK,KLCK,United States of America,5,0,5,0,-,-,-
19801017-0,Friday,17-OCT-1980,-,A1, Approach (APR),15 km (9.4 mls) NW of Colmar-Houssen Airport (CMR),France,7,7, Damaged beyond repair,-,Beechcraft 200 Super King Air,-,-,1978,-,-, F-GBRP, BB-368,Établissements Economique du Casino,Executive,-,Saint Étienne-Bouthéon Airport,EBU,LFMH,France,Colmar-Houssen Airport,CMR,LFGA,France,2,5,2,5,-,-,-
19801023-0,Thursday,23-OCT-1980,-,O1, Standing (STD),Saint Lucia,Saint Lucia,0,0, Damaged beyond repair,-,de Havilland DH-114 Heron 1B,-,-,1954,-,-, J6-LBC, 14047,St. Lucia Airways,-,-,-,-,-,-,-,-,-,-,0,0,0,0,-,-,-
19800101-0,Tuesday,01-JAN-1980,20:55,A2, Takeoff (TOF),Ahmedabad Airport (AMD),India,3,0, Substantial, Repaired,Boeing 737-2A8,2,Pratt & Whitney JT8D-9A,1970,-,-, VT-EAH, 20481/271,Indian Airlines,Training,-,Delhi-Palam Airport,DEL,VIDP,India,Delhi-Palam Airport,DEL,VIDP,India,3,0,0,0,-,-,Final
19800102-0,Wednesday,02-JAN-1980,-,O1, Standing (STD),"Hampton-Langley AFB, VA (LFI)",United States of America,0,0, Damaged beyond repair,-,Boeing EC-135P,4,Pratt & Whitney J57-P/F-59W,1959,-,16896.0, 58-0007, 17752/222,USAF,Military,-,-,-,-,-,-,-,-,-,0,0,0,0,-,-,-
19800102-1,Wednesday,02-JAN-1980,-,A1, En route (ENR),Grande-Rivière-du-Nord,Haiti,9,9, Damaged beyond repair,-,Britten-Norman BN-2A-21 Islander,-,-,1975,-,-, HH-CNC, 474,Haiti Air Inter,Domestic Scheduled Passenger,-,Port-au-Prince Airport,PAP,MTPP,Haiti,Cap Haitien Airport,CAP,MTCH,Haiti,-,-,-,-,-,-,-
19800105-0,Saturday,05-JAN-1980,07:00,A1, Landing (LDG),"Palmyra Island, Line Islands",U.S. Minor Outlying Islands,9,0, Damaged beyond repair,-,Lockheed 18 Learstar I,2,Wright R-1820,1943,-,-, N163R, 18-2492A,private,Domestic Non Scheduled Passenger,-,Honolulu International Airport,HNL,PHNL,United States of America,-,-,-,-,2,7,0,0,-,-,Final
19800107-0,Monday,07-JAN-1980,-,O1, Standing (STD),Roma-Fiumicino Airport (FCO),Italy,0,0, Damaged beyond repair,-,McDonnell Douglas DC-9-32,2,Pratt & Whitney JT8D-7,1967,-,-, I-DIKB, 47118/196,Alitalia,-,-,-,-,-,-,-,-,-,-,0,0,0,0,-,-,-
19800107-1,Monday,07-JAN-1980,-,A2, Landing (LDG),Kabul Airport (KBL),Afghanistan,-,1, Substantial,-,Antonov An-12BP,4,Ivchenko AI-20M,-,-,-, registration unknown,-,Soviet AF,Military,-,Termez Airport,TMJ,UTST,Uzbekistan,Kabul Airport,KBL,OAKB,Afghanistan,-,-,1,0,-,-,Preliminary
19800111-1,Friday,11-JAN-1980,-,A1, Initial climb (ICL),Camiare,Bolivia,-,0, Damaged beyond repair,-,Convair CV-440-11,-,-,1957,-,-, CP-1358, 414,Carga Aéreo Transportada,Unknown,-,-,-,-,-,-,-,-,-,-,-,0,0,-,-,-
19800113-0,Sunday,13-JAN-1980,-,A1, Landing (LDG),Banjarmasin-Sjamsudin Noor Airport (BDJ),Indonesia,126,0, Damaged beyond repair,-,McDonnell Douglas DC-9-32,2,Pratt & Whitney JT8D-9,1971,-,-, PK-GND, 47463/649,Garuda,Scheduled Passenger,-,-,-,-,-,Banjarmasin-Sjamsudin Noor Airport,BDJ,WAOO,Indonesia,5,121,0,0,-,-,-
19800114-0,Monday,14-JAN-1980,-,H2, En route (ENR),Palermo-Punta Raisi Airport (PMO),Italy,93,0, None,-,McDonnell Douglas DC-9-32,-,-,1969,-,-, I-DIZI, 47432/525,Alitalia,International Scheduled Passenger,AZ864,Roma-Fiumicino Airport,FCO,LIRF,Italy,Tunis-Carthage Airport,TUN,DTTA,Tunisia,6,87,0,0,-,-,-
19800115-0,Tuesday,15-JAN-1980,-,A1, Unknown (UNK),Zomba Air Base,Malawi,2,2, Damaged beyond repair,-,IAI Arava 201,-,-,1979,-,-, 3D-DAB, 060,Swaziland AF,Demonstration,-,-,-,-,-,-,-,-,-,2,0,2,0,-,-,-
19800118-0,Friday,18-JAN-1980,-,H2, Unknown (UNK),Beirut International Airport (BEY),Lebanon,-,0, Unknown,-,Boeing 720,-,-,-,-,-, registration unknown,-,MEA,Unknown,-,Beirut International Airport,BEY,OLBA,Lebanon,Larnaca Airport,LCA,LCLK,Cyprus,-,-,0,0,-,-,-
19800118-1,Friday,18-JAN-1980,-,A1, Unknown (UNK),off Sri Racha,Thailand,-,5, Damaged beyond repair,-,Douglas C-47A-20-DK (DC-3),2,Pratt & Whitney R-1830-92,1944,-,-, L2-13/96, 12872,Thai AF,Military,-,-,-,-,-,-,-,-,-,-,-,-,-,-,-,Preliminary
19800121-0,Monday,21-JAN-1980,19:11,A1, Approach (APR),29 km (18.1 mls) N of Tehran-Mehrabad Airport (THR),Iran,128,128, Destroyed, Written off (damaged beyond repair),Boeing 727-86,3,Pratt & Whitney JT8D-7B,1968,-,-, EP-IRD, 19817/537,Iran Air,Domestic Scheduled Passenger,IR291,Mashhad Airport,MHD,OIMM,Iran,Tehran-Mehrabad Airport,THR,OIII,Iran,8,120,8,120,-,-,-
19800123-1,Wednesday,23-JAN-1980,-,A1, Taxi (TXI),Santa Ana-Yacuma Airport (SBL),Bolivia,18,0, Damaged beyond repair,-,Fairchild F-27J,-,-,1965,-,-, CP-1175, 121,LAB,Scheduled Passenger,-,-,-,-,-,-,-,-,-,3,15,0,0,-,-,-
19800123-2,Wednesday,23-JAN-1980,-,A1, Landing (LDG),Warszawa-Okecie Airport (WAW),Poland,-,0, Damaged beyond repair,-,Tupolev Tu-134,-,-,1968,-,-, SP-LGB, 8350603,LOT,International Scheduled Passenger,-,Berlin-Schönefeld Airport,SXF,EDDB,Germany,Warszawa-Okecie Airport,WAW,EPWA,Poland,-,-,0,0,-,-,-
19800123-3,Wednesday,23-JAN-1980,-,A1, En route (ENR),Mount Cemonyet,Indonesia,13,13, Damaged beyond repair,-,CASA/Nurtanio NC-212 Aviocar 100,-,-,1975,-,-, PK-PCX, 45/3N,Pelita Air Service,Domestic Non Scheduled Passenger,-,Bandung Airport,BDO,WICC,Indonesia,-,-,-,-,3,10,3,10,-,-,-
19800124-0,Thursday,24-JAN-1980,-,A1, Initial climb (ICL),Bogotá-Eldorado Airport (BOG),Colombia,4,4, Damaged beyond repair,-,Douglas DC-3A,-,-,1943,-,-, HK-2214, 11627,Aerotal Colombia,Test,-,Bogotá-Eldorado Airport,BOG,SKBO,Colombia,-,-,-,-,4,0,4,0,-,-,-
19800124-1,Thursday,24-JAN-1980,-,A1, Initial climb (ICL),near Mandalay-Annisaton Airport (MDL),Myanmar,44,43, Damaged beyond repair,-,Fairchild FH-227B,-,-,1967,-,-, 5002, 545,Burmese AF,Military,-,Mandalay-Annisaton Airport,MDL,VYMD,Myanmar,Yangon-Mingaladon Airport,RGN,VYYY,Myanmar,-,-,-,-,-,-,-
19800125-0,Friday,25-JAN-1980,-,H2, Unknown (UNK),Havana,Cuba,63,0, Unknown,-,Lockheed L-1011 TriStar,-,-,-,-,-, registration unknown,-,Delta Air Lines,Domestic Scheduled Passenger,DL1116,Atlanta Municipal Airport,ATL,KATL,United States of America,-,-,-,-,-,-,0,0,-,-,-
19800127-0,Sunday,27-JAN-1980,-,A1, Landing (LDG),Quito-Mariscal Sucre Airport (UIO),Ecuador,-,0, Damaged beyond repair,-,Boeing 720-059B,4,Pratt & Whitney JT3D-,1961,-,-, HK-725, 18087/249,Avianca,Scheduled Passenger,-,-,-,-,-,Quito-Mariscal Sucre Airport,UIO,SEQU,Ecuador,-,-,0,0,-,-,-
19800128-0,Monday,28-JAN-1980,-,H2, Unknown (UNK),Beirut International Airport (BEY),Lebanon,-,0, Unknown,-,Boeing 720,-,-,-,-,-, registration unknown,-,MEA,Unknown,-,Baghdad-Saddam International Airport,SDA,ORBS,Iraq,Beirut International Airport,BEY,OLBA,Lebanon,-,-,0,0,-,-,-
19800130-0,Wednesday,30-JAN-1980,15:48,A1, Takeoff (TOF),"Chicago-Merrill C Meigs Field, IL (CGX)",United States of America,6,2, Destroyed, Written off (damaged beyond repair),Dassault Falcon 10,2,Garrett TFE731-2-1C,1974,-,3196.0, N253K, 010,Kellogg,Executive,-,Chicago-Merrill C Meigs Field,CGX,KCGX,United States of America,Battle Creek-WK Kellogg Regional Airport,BTL,KBTL,United States of America,2,4,1,1,-,-,Final
19800130-1,Wednesday,30-JAN-1980,-,U1, Unknown (UNK),Toul-Rosières Air Base,France,-,-, Damaged beyond repair,-,Dassault Falcon 10MER,-,-,1975,-,2659.0, 39, 039,French Navy,Military,-,-,-,-,-,-,-,-,-,-,-,-,-,-,-,-
19800130-2,Wednesday,30-JAN-1980,-,O1, Standing (STD),"Alameda-NAS, CA (NGZ)",United States of America,-,-, Damaged beyond repair,-,Douglas C-118B (DC-6),-,-,1952,-,-, 128426, 43209/199,USMC,Military,-,-,-,-,-,-,-,-,-,-,-,-,-,-,-,-
19800130-3,Wednesday,30-JAN-1980,-,H2, Unknown (UNK),at an unknown location,Germany,-,0, Unknown,-,Ilyushin Il-18,-,-,-,-,-, registration unknown,-,Interflug,Unknown,-,Erfurt Airport,ERF,EDDE,Germany,-,-,-,-,-,-,0,0,-,-,-
19800131-0,Thursday,31-JAN-1980,-,A1, Landing (LDG),Vientiane-Wattay Airport (VTE),Laos,-,0, Damaged beyond repair,-,Antonov An-26,-,-,-,-,-, RDPL-34037, 2506 ?,Lao Aviation,Ferry/positioning,-,-,-,-,-,Vientiane-Wattay Airport,VTE,VLVT,Laos,-,-,0,0,-,-,Preliminary
19800202-0,Saturday,02-FEB-1980,-,O1, Standing (STD),San Salvador,El Salvador,3,0, Damaged beyond repair,-,Lockheed L-188AF Electra,-,-,1959,-,-, YS-07C, 1069,TACA,Unknown,-,-,-,-,-,-,-,-,-,3,0,0,0,-,-,-
19800203-1,Sunday,03-FEB-1980,-,A1, Landing (LDG),Baracoa Airport (BCA),Cuba,37,1, Damaged beyond repair,-,Yakovlev Yak-40,3,Ivchenko AI-25,1978,-,-, CU-T1219, 9840959,Cubana,Passenger,-,-,-,-,-,Baracoa Airport,BCA,MUBA,Cuba,4,33,-,-,-,-,-
19800206-0,Wednesday,06-FEB-1980,-,A1, Approach (APR),near Ngaoundéré Airport (NGE),Cameroon,5,5, Damaged beyond repair,-,Grumman American G-1159 Gulfstream II TT,-,-,1973,-,-, TR-KHB, 127,Gabon Government,Official state flight,-,N'Djamena Airport,NDJ,FTTJ,Chad,N'Gaoundéré Airport,NGE,FKKN,Cameroon,2,3,2,3,-,-,-
19800208-0,Friday,08-FEB-1980,-,O1, Standing (STD),"Plattsburgh AFB, NY (PBG)",United States of America,-,0, Damaged beyond repair,-,Boeing KC-135Q Stratotanker,4,Pratt & Whitney J57-P/F-59W,1961,-,8015.0, 60-0338, 18113/452,USAF,Military,-,-,-,-,-,-,-,-,-,-,-,0,0,-,-,-
19800208-1,Friday,08-FEB-1980,-,A1, Initial climb (ICL),Kinshasa-N'Djili Airport (FIH),Democratic Republic of the Congo,3,3, Damaged beyond repair,-,Fokker F-27 Friendship 600,-,-,1969,13269.0,14746.0, 9Q-CLP, 10402,Air Zaire,Training,-,Kinshasa-N'Djili Airport,FIH,FZAA,Democratic Republic of the Congo,-,-,-,-,3,0,3,0,-,-,-
19800215-0,Friday,15-FEB-1980,-,A1, Landing (LDG),Port-au-Prince,Haiti,3,0, Damaged beyond repair,-,Convair CV-240-0,-,-,1948,-,-, N8330C, 109,private,Illegal Flight,-,Port-au-Prince Airport,PAP,MTPP,Haiti,-,-,-,-,3,0,0,0,-,-,-
19800216-0,Saturday,16-FEB-1980,14:16,A1, En route (ENR),"Billerica, MA",United States of America,8,7, Destroyed, Written off (damaged beyond repair),Bristol 175 Britannia 253,4,Rolls-Royce Proteus 790,1959,8310.0,21963.0, G-BRAC, 13448,Redcoat Air Cargo,Cargo, 103,Boston-Logan International Airport,BOS,KBOS,United States of America,Shannon Airport,SNN,EINN,Ireland,5,3,4,3,-,-,Final
19800221-0,Thursday,21-FEB-1980,19:09,A1, Approach (APR),"Sydney-Kingsford Smith International Airport, NSW (SYD)",Australia,13,13, Destroyed, Written off (damaged beyond repair),Beechcraft 200 Super King Air,-,-,1977,-,5061.0, VH-AAV, BB-245,Advance Airlines,Domestic Scheduled Passenger,-,Sydney-Kingsford Smith International Airport,SYD,YSSY,Australia,Temora Airport,TEM,YTEM,Australia,1,12,1,12,-,-,Final
19800223-0,Saturday,23-FEB-1980,-,A1, Takeoff (TOF),Agra-Kheria Air Force Station (AGR),India,47,46, Damaged beyond repair,-,Fairchild C-119G Flying Boxcar,2,Wright R-3350,-,-,-, registration unknown,-,Indian AF,Military,-,Agra-Kheria Air Force Station,AGR,VIAG,India,-,-,-,-,-,-,-,-,-,-,-
19800224-0,Sunday,24-FEB-1980,-,A1, Unknown (UNK),Banjarmasin,Indonesia,-,-, Damaged beyond repair,-,Britten-Norman BN-2A-20 Islander,-,-,1977,-,-, PK-VIT, 595,Dirgantara Air Services,Unknown,-,-,-,-,-,-,-,-,-,-,-,-,-,-,-,-
19800227-0,Wednesday,27-FEB-1980,-,A1, Approach (APR),Manila International Airport (MNL),Philippines,135,2, Damaged beyond repair,-,Boeing 707-309C,4,Pratt & Whitney JT3D-3B,1969,-,-, B-1826, 20262/830,China Airlines,International Scheduled Passenger,-,Taipei-Chiang Kai Shek International Airport,TPE,RCTP,Taiwan,Manila International Airport,MNL,RPLL,Philippines,11,124,0,2,-,-,-
19800228-0,Thursday,28-FEB-1980,-,A1, En route (ENR),65 km (40.6 mls) from  Poptun,Guatemala,31,31, Damaged beyond repair,-,Douglas C-47 (DC-3),-,-,-,-,-, registration unknown,-,Guatemala AF,Military,-,Guatemala City-La Aurora Airport,GUA,MGGT,Guatemala,Poptun Airport,PON,MGPP,Guatemala,-,-,-,-,-,-,-
19800301-0,Saturday,01-MAR-1980,-,A1, Landing (LDG),Orenburg Airport (REN),Russia,161,0, Damaged beyond repair,-,Tupolev Tu-154A,3,Kuznetsov NK-8-2U,1975,3075.0,6922.0, CCCP-85103, 75A103,Aeroflot / West Siberia,Domestic Scheduled Passenger,-,Adler/Sochi Airport,AER,URSS,Russia,Orenburg Airport,REN,UWOO,Russia,9,152,0,0,-,-,-
19800301-2,Saturday,01-MAR-1980,-,C1, En route (ENR),at an unknown location,Unknown country,-,-, Damaged beyond repair,-,Antonov An-26,-,-,-,-,-, registration unknown,-,Afghan AF,Military,-,-,-,-,-,-,-,-,-,-,-,-,-,-,-,-
19800303-2,Monday,03-MAR-1980,20:25,A1, Approach (APR),21 km (13.1 mls) N of Port-au-Prince Airport (PAP),Haiti,4,3, Damaged beyond repair,-,Learjet 25,-,-,-,-,-, N211MB, 25-059,Merchant Bank,Executive,-,Miami International Airport,MIA,KMIA,United States of America,Port-au-Prince Airport,PAP,MTPP,Haiti,3,1,2,1,-,3,-
19800307-0,Friday,07-MAR-1980,-,A1, Unknown (UNK),at an unknown location,Unknown country,-,-, Damaged beyond repair,-,Antonov An-2R,-,-,-,-,-, SP-WSP, 1G168-33,ZUA,Unknown,-,-,-,-,-,-,-,-,-,-,-,-,-,-,-,-
19800310-0,Monday,10-MAR-1980,-,H2, Unknown (UNK),Beirut International Airport (BEY),Lebanon,-,0, Unknown,-,Boeing 707,-,-,-,-,-, registration unknown,-,MEA,Unknown,-,Amman-Marka International Airport,ADJ,OJAM,Jordan,Beirut International Airport,BEY,OLBA,Lebanon,-,-,0,0,-,-,-
19800313-0,Thursday,13-MAR-1980,-,A1, Initial climb (ICL),San Borja,Bolivia,-,0, Damaged beyond repair,-,Douglas C-47B-28-DK (DC-3),2,Pratt & Whitney R-1830-90C,1945,-,-, CP-1243, 32609/15861,Aerolineas La Paz,Unknown,-,San Borja-Capitan G.Q. Guardia Airport,SRJ,SLSB,Bolivia,-,-,-,-,-,-,0,0,-,-,-
19800314-0,Friday,14-MAR-1980,15:00,A1, Approach (APR),15 km (9.4 mls) W of Adana-Incirlik Air Base (ADA),Turkey,18,18, Destroyed, Written off (damaged beyond repair),Lockheed C-130H Hercules,-,-,1976,-,-, 74-2064, 4659,USAF,Military,-,-,-,-,-,Adana-Incirlik Air Base,ADA,LTAG,Turkey,6,12,6,12,-,-,-
19800314-1,Friday,14-MAR-1980,11:15,A1, Approach (APR),"0,8 km (0.5 mls) NW of Warszawa-Okecie Airport (WAW)",Poland,87,87, Destroyed, Written off (damaged beyond repair),Ilyushin Il-62,4,Kuznetsov NK-8-4,1971,-,-, SP-LAA, 11004,LOT,International Scheduled Passenger,LO007,New York-John F. Kennedy International Airport,JFK,KJFK,United States of America,Warszawa-Okecie Airport,WAW,EPWA,Poland,10,77,10,77,-,-,-
19800315-1,Saturday,15-MAR-1980,-,O1, Standing (STD),unknown location,United States of America,0,0, Damaged beyond repair,-,Beechcraft 200 Super King Air,-,-,1978,-,-, N1KA, BB-411,Security Pacific Equipment Lease,-,-,-,-,-,-,-,-,-,-,0,0,0,0,-,-,-
19800317-0,Monday,17-MAR-1980,16:45,A1, Landing (LDG),"Baton Rouge-Ryan Airport, LA (BTR)",United States of America,50,0, Damaged beyond repair,-,Douglas DC-9-14,2,Pratt & Whitney JT8D-7,1966,-,-, N9103, 45796/74,Texas International,Domestic Scheduled Passenger,-,-,-,-,-,Baton Rouge-Ryan Airport,BTR,KBTR,United States of America,4,46,0,0,-,-,Final
19800318-0,Tuesday,18-MAR-1980,-,A1, Approach (APR),near Addis Ababa-Bole Airport (ADD),Ethiopia,3,0, Damaged beyond repair,-,Douglas C-47B-1-DL (DC-3),2,Pratt & Whitney R-1830-90C,1944,-,26021.0, ET-AGM, 20874,Ethiopian Airlines,Training,-,Addis Ababa-Bole Airport,ADD,HAAB,Ethiopia,Addis Ababa-Bole Airport,ADD,HAAB,Ethiopia,3,0,0,0,-,-,-
19800320-0,Thursday,20-MAR-1980,-,A1, Unknown (UNK),near Changsha Airport (CSX),China,26,26, Damaged beyond repair,-,Antonov An-24RV,2,Ivchenko AI-24VT,1974,-,-, B-484, 47309403,CAAC,Domestic Scheduled Passenger,-,Guiyang Airport,KWE,ZUGY,China,Changsha-Huanghua Airport,CSX,ZGHA,China,7,19,7,19,-,-,-
19800320-1,Thursday,20-MAR-1980,-,H2, Unknown (UNK),at an unknown location,Unknown country,-,0, Unknown,-,Tupolev Tu-134,-,-,-,-,-, registration unknown,-,Aeroflot,Unknown,-,Baku-Bina International Airport,BAK,UBBB,Azerbaijan,Yerevan Airport,EVN,UDYZ,Armenia,-,-,0,0,-,-,-
19800325-0,Tuesday,25-MAR-1980,-,A1, Approach (APR),near Sebha Airport (SEB),Libya,3,0, Damaged beyond repair,-,Learjet 36,2,Garrett TFE731-2-2B,-,-,-, D-CDFA, 36-006,Air Traffic Executive Jet,Unknown,-,-,-,-,-,Sebha Airport,SEB,HLLS,Libya,2,1,0,0,-,-,-
19800325-1,Tuesday,25-MAR-1980,-,A1, Unknown (UNK),within Namibia,Namibia,-,3, Damaged beyond repair,-,Douglas C-47B-15-DK (DC-3),-,-,1944,-,-, 6851, 26745/15300,South African AF,Military,-,-,-,-,-,-,-,-,-,-,-,3,0,-,-,-
19800327-0,Thursday,27-MAR-1980,14:52,A1, En route (ENR),"N of Parker, CO",United States of America,10,10, Destroyed, Written off (damaged beyond repair),Beechcraft 200 Super King Air,2,Pratt & Whitney Canada PT6A-41,1975,-,-, N456L, BB-112,Lufkin Industries,Executive,-,Denver-Arapahoe County Airport,APA,KAPA,United States of America,Nacogdoches-Lufkin Angelina County Airport,LFK,KLFK,United States of America,2,8,2,8,-,-,Final
19800329-0,Saturday,29-MAR-1980,-,A1, Takeoff (TOF),Panama City,Panama,-,0, Damaged beyond repair,-,Convair CV-880-22-2,-,-,1960,-,-, HP-821, 22-00-41,Inair Panama,Unknown,-,-,-,-,-,-,-,-,-,-,-,0,0,-,-,-
19800330-0,Sunday,30-MAR-1980,-,A1, Takeoff (TOF),"Cuiabá-Marechal Rondon International Airport, MT (CGB)",Brazil,9,9, Damaged beyond repair,-,IRMA/Britten-Norman BN-2A-9 Islander,-,-,1973,-,-, PT-JSC, 695,VOTEC,Passenger,-,Cuiabá-Marechal Rondon International Airport,CGB,SBCY,Brazil,-,-,-,-,-,-,-,-,-,-,-
19800331-0,Monday,31-MAR-1980,-,A1, Landing (LDG),Conakry Airport (CKY),Guinea,35,0, Damaged beyond repair,-,Antonov An-24V,-,-,1968,-,-, 3X-GAU, 87304210,Air Guinée,Scheduled Passenger,-,-,-,-,-,Conakry Airport,CKY,DGCY,Guinea,8,27,0,0,-,-,-
19800399-0,-,xx-MAR-1980,-,A1, Taxi (TXI),Arsenyev-Varfolomeyevka Airport,Russia,-,0, Damaged beyond repair,-,Antonov An-8,-,-,-,-,-, CCCP-27205, 9340709,MAP Arsenyev,Unknown,-,-,-,-,-,-,-,-,-,-,-,0,0,-,-,-
19800403-0,Thursday,03-APR-1980,-,A1, Takeoff (TOF),Singapore-Paya Lebar Airport (SIN),Singapore,74,0, Damaged beyond repair,-,Boeing 707-373C,4,Pratt & Whitney JT3D-3B,1966,-,-, S2-ABQ, 19441/548,Biman Bangladesh,International Scheduled Passenger,-,Singapore-Paya Lebar International Airport,SIN,WSAP,Singapore,Dhaka-Tejgaon Airport,DAC,VGTJ,Bangladesh,9,65,0,0,-,-,-
19800403-1,Thursday,03-APR-1980,09:10,A1, Maneuvering (MNV),"Mojave, CA",United States of America,3,1, Destroyed, Written off (damaged beyond repair),Canadair CL-600-1A11 Challenger 600,-,-,1978,-,-, C-GCGR-X, 1001,Canadair,Test,-,Mojave-Kern County Airport,MHV,KMHV,United States of America,Mojave-Kern County Airport,MHV,KMHV,United States of America,3,0,1,0,-,-,Final
19800403-2,Thursday,03-APR-1980,-,A1, Initial climb (ICL),near Aldan Airport (ADH),Russia,-,0, Damaged beyond repair,-,Antonov An-2,-,-,1976,-,-, CCCP-16027, 1G163-32,Aeroflot / Yakutsk,Unknown,-,Aldan Airport,ADH,UEEA,Russia,-,-,-,-,-,-,0,0,-,-,-
19800408-0,Tuesday,08-APR-1980,-,A1, Unknown (UNK),Balikpapan-Sepingan Airport (BPN),Indonesia,7,2, Damaged beyond repair,-,Britten-Norman BN-2A Trislander Mk.III-2,3,Lycoming O-540-E4C5,1976,-,-, PK-KTI, 1021,Bali Int. Air Service,Passenger,-,-,-,-,-,-,-,-,-,-,-,-,-,-,-,-
19800409-0,Wednesday,09-APR-1980,-,H2, Unknown (UNK),"Dallas, Havana",Cuba,8,0, Unknown,-,Boeing 727,-,-,-,-,-, registration unknown,-,American Airlines,Unknown,AA348,Ontario International Airport,ONT,KONT,United States of America,-,-,-,-,-,-,0,0,-,-,-
19800411-0,Friday,11-APR-1980,17:00,A1, Initial climb (ICL),"0,8 km (0.5 mls) from  Athol-Silverwood Airport, ID",United States of America,6,3, Damaged beyond repair,-,Douglas C-47A-30-DK (DC-3),2,Pratt & Whitney R-1830-92,1944,-,-, N64490, 25360/13915,private,Test,-,-,-,-,-,-,-,-,-,3,3,3,0,-,-,Final
19800411-1,Friday,11-APR-1980,17:19,A1, En route (ENR),"10 km (6.3 mls) W of Conlon, TX",United States of America,2,2, Damaged beyond repair,-,Learjet 25B,-,-,1975,-,-, N25TA, 25-196,Thunderbird Airways,Ferry/positioning,-,Vernal Airport,VEL,KVEL,United States of America,-,-,-,-,2,0,2,0,-,-,Final
19800412-0,Saturday,12-APR-1980,20:38,A1, Approach (APR),"24 km (15 mls) from  Florianópolis-Hercilio Luz International Airport, SC (FLN)",Brazil,58,55, Damaged beyond repair,-,Boeing 727-27C,3,Pratt & Whitney JT8D-7,1966,-,-, PT-TYS, 19111/297,Transbrasil,Domestic Scheduled Passenger, 303,São Paulo-Congonhas Airport,CGH,SBSP,Brazil,Florianópolis-Hercilio Luz International Airport,FLN,SBFL,Brazil,8,50,8,47,-,-,-
19800413-0,Sunday,13-APR-1980,-,A1, Landing (LDG),at an unknown location,Russia,-,-, Damaged beyond repair,-,Antonov An-2T,-,-,1964,-,-, CCCP-62479, 1G42-27,Aeroflot / Yakutsk,Unknown,-,-,-,-,-,-,-,-,-,-,-,-,-,-,-,-
19800414-0,Monday,14-APR-1980,20:05,A1, Landing (LDG),Krasnoyarsk Airport (KJA),Russia,53,2, Damaged beyond repair,-,Antonov An-24B,-,-,1966,21132.0,20695.0, CCCP-47732, 69900905,Aeroflot / Krasnoyarsk,Domestic Scheduled Passenger, 151,Krasnoyarsk Airport,KJA,UNKL,Russia,Yeniseysk Airport,EIE,UNII,Russia,4,49,0,2,-,-,-
19800414-1,Monday,14-APR-1980,-,H2, Unknown (UNK),"Denver-Stapleton International Airport, CO (DEN)",United States of America,78,0, Unknown,-,Boeing 727,-,-,-,-,-, registration unknown,-,Continental Air Lines,Domestic Scheduled Passenger,  11,Denver-Stapleton International Airport,DEN,KDEN,United States of America,Ontario International Airport,ONT,KONT,United States of America,-,-,0,0,-,-,-
19800417-0,Thursday,17-APR-1980,-,A1, Maneuvering (MNV),Pago Pago,American Samoa,6,6, Damaged beyond repair,-,Lockheed P-3C Orion,4,Allison T56-A14,1971,-,-, 158213, 185-5558,US Navy,Military,-,-,-,-,-,-,-,-,-,6,0,6,0,-,2,-
19800418-1,Friday,18-APR-1980,-,A1, Takeoff (TOF),Moskva-Bykovo Airport (BKA),Russia,47,0, Damaged beyond repair,-,Antonov An-24B,-,-,1967,-,-, CCCP-46220, 77303103,Aeroflot,Domestic Scheduled Passenger,-,Moskva-Bykovo Airport,BKA,UUBB,Russia,Ulyanovsk/Baratayevka Airport,ULV,UWLL,Russia,5,42,0,0,-,-,-
19800421-0,Monday,21-APR-1980,-,U1, Unknown (UNK),Leon,Mexico,-,0, Damaged beyond repair,-,North American Sabreliner 40,-,-,-,-,-, XA-EEU, 282-54,Aeroservicios Internacionales,Unknown,-,-,-,-,-,-,-,-,-,-,-,0,0,-,-,-
19800423-0,Wednesday,23-APR-1980,16:54,A1, Approach (APR),"near Dania, FL",United States of America,8,0, Damaged beyond repair,-,Douglas C-47B-20-DK (DC-3),2,Pratt & Whitney R-1830-90C,1945,-,-, N709Z, 27182/15737,Florida Preferred Equity,Executive,-,Bimini International Airport,BIM,MYBS,Bahamas,-,-,-,-,2,6,0,0,-,-,Final
19800424-0,Thursday,24-APR-1980,-,A1, Standing (STD),Posht-i-Badam,Iran,5,5, Damaged beyond repair,-,Lockheed EC-130E Hercules,-,-,1963,-,-, 62-1809, 3770,USAF,Military,-,-,-,-,-,-,-,-,-,5,0,5,0,3,-,-
19800425-0,Friday,25-APR-1980,13:21,A1, Approach (APR),Esperanzo Forest,Spain,146,146, Destroyed, Written off (damaged beyond repair),Boeing 727-46,3,Pratt & Whitney JT8D-7,1966,-,30622.0, G-BDAN, 19279/288,Dan-Air Services,Int'l Non Scheduled Passenger,DA1008,Manchester International Airport,MAN,EGCC,United Kingdom,Tenerife-Norte Los Rodeos Airport,TFN,GCXO,Spain,8,138,8,138,-,-,Final
19800427-0,Sunday,27-APR-1980,06:55,A1, Approach (APR),15 km (9.4 mls) NE of Bangkok-Don Muang International Airport (BKK),Thailand,53,44, Damaged beyond repair,-,Hawker Siddeley HS-748-207 Srs. 2,-,-,1964,-,12791.0, HS-THB, 1568,Thai Airways,Domestic Scheduled Passenger, 231,Khon Kaen Airport,KKC,VTUK,Thailand,Bangkok-Don Muang International Airport,BKK,VTBD,Thailand,4,49,4,40,-,-,Final
19800428-0,Monday,28-APR-1980,-,A1, Approach (APR),near Paris-Orly Airport (ORY),France,13,0, Damaged beyond repair,-,Beechcraft 99 Airliner,-,-,1969,-,-, F-BTMO, U-86,Compagnie Aérienne du Languedoc,Passenger,-,-,-,-,-,Paris-Orly Airport,ORY,LFPO,France,2,11,0,0,-,-,-
19800428-1,Monday,28-APR-1980,-,A1, Unknown (UNK),Río Beni,Bolivia,5,0, Damaged beyond repair,-,Douglas C-54Q (DC-4),-,-,1945,-,-, CP-1351, 10851,Trak Airways,Cargo,-,-,-,-,-,-,-,-,-,3,2,0,0,-,-,-
19800499-0,-,xx-APR-1980,-,U1, Unknown (UNK),at an unknown location,Unknown country,-,-, Damaged beyond repair,-,Convair CV-440,-,-,1953,-,-, N94436, 102,private,Unknown,-,-,-,-,-,-,-,-,-,-,-,-,-,-,-,-
19800499-1,-,xx-APR-1980,-,A2, Landing (LDG),"San Antonio International Airport, TX (SAT)",United States of America,-,0, Minor, Repaired,Swearingen SA226-AT Metro III,-,-,1979,-,-, N5498M, AT-070,Fairchild,Test,-,San Antonio International Airport,SAT,KSAT,United States of America,San Antonio International Airport,SAT,KSAT,United States of America,-,-,0,0,-,-,- (No safety board investigation)
19800501-0,Thursday,01-MAY-1980,-,H2, Unknown (UNK),"Stockton Airport, CA (SCK)",United States of America,8,0, Unknown,-,Boeing 727,-,-,-,-,-, registration unknown,-,PSA,Domestic Scheduled Passenger, 818,Stockton Airport,SCK,KSCK,United States of America,Los Angeles International Airport,LAX,KLAX,United States of America,-,-,0,0,-,-,-
19800502-0,Friday,02-MAY-1980,06:34,A2, Landing (LDG),"Edwards AFB, CA (EDW)",United States of America,7,0, Substantial, Repaired,McDonnell Douglas DC-9-81 (MD-81),2,Pratt & Whitney JT8D-209,1979,-,364.0, N980DC, 48000/909,McDonnell Douglas,Test,-,Edwards AFB,EDW,KEDW,United States of America,Edwards AFB,EDW,KEDW,United States of America,7,0,0,0,-,-,Final
19800506-0,Tuesday,06-MAY-1980,03:12,A1, Landing (LDG),"Richmond International Airport (Byrd Field), VA (RIC)",United States of America,2,2, Destroyed, Written off (damaged beyond repair),Learjet 23,2,General Electric CJ610-1,-,-,4861.0, N866JS, 23-018,Kennedy Flite Center,Training,-,Gainesville-J R Alison Municipal Airport,GNV,KGNV,United States of America,Richmond International Airport (Byrd Field),RIC,KRIC,United States of America,2,0,2,0,-,-,Final
19800506-1,Tuesday,06-MAY-1980,-,H2, En route (ENR),"Madrid, Lisbon",Portugal,-,0, None,-,Boeing 727-172C,-,-,1967,-,-, CS-TBQ, 19665/476,TAP,Domestic Scheduled Passenger,-,Lisboa-Portela de Sacavém Airport,LIS,LPPT,Portugal,Faro Airport,FAO,LPFR,Portugal,-,-,0,0,-,-,-
19800509-0,Friday,09-MAY-1980,-,A1, Unknown (UNK),at an unknown location,Unknown country,-,-, Damaged beyond repair,-,Antonov An-2T,-,-,-,-,-, SP-DNF, 1G85-50,WSK Mielec,Unknown,-,-,-,-,-,-,-,-,-,-,-,-,-,-,-,-
19800509-1,Friday,09-MAY-1980,-,C1, Standing (STD),"near La Macarena, Meta",Colombia,0,0, Damaged beyond repair,-,Douglas C-47A-90-DL (DC-3),-,-,1944,-,-, N100MA, 20180,Private,Illegal Flight,-,-,-,-,-,-,-,-,-,0,0,0,0,-,-,-
19800511-1,Sunday,11-MAY-1980,-,A1, Landing (LDG),Douala Airport (DLA),Cameroon,3,0, Damaged beyond repair,-,Boeing 707-329C,4,Pratt & Whitney JT3D-7,1965,-,-, OO-SJH, 18890/416,Sabena,Cargo,-,Paris-Orly Airport,ORY,LFPO,France,Douala Airport,DLA,FKKD,Cameroon,3,0,0,0,-,-,-
19800513-0,Tuesday,13-MAY-1980,-,A1, En route (ENR),"near São Paulo-Viracopos Airport, SP (VCP)",Brazil,7,7, Missing, Presumed damaged beyond repair,Britten-Norman BN-2A-6 Islander,-,-,1971,-,-, PT-KHK, 208,VOTEC,Survey/research,-,Rio de Janeiro-Santos Dumont Airport,SDU,SBRJ,Brazil,São Paulo/Campinas-Viracopos International Airport,VCP,SBKP,Brazil,2,5,2,5,-,-,-
19800513-1,Tuesday,13-MAY-1980,-,A1, Approach (APR),"near Esperance Airport, WA (EPR)",Australia,12,0, Damaged beyond repair,-,Swearingen SA226-TC Metro II,-,-,1978,-,-, VH-SWO, TC-275,Skywest Airlines (Australia),Domestic Scheduled Passenger,-,-,-,-,-,Esperance Airport,EPR,YESP,Australia,1,11,0,0,-,-,-
19800513-2,Tuesday,13-MAY-1980,-,A1, En route (ENR),"0,5 km (0.3 mls) off  Varadero",Cuba,3,3, Damaged beyond repair,-,Ilyushin Il-14,-,-,1960,-,-, CU-T822, 147001642,Cubana,Training,-,-,-,-,-,-,-,-,-,3,0,3,0,-,-,-
19800513-3,Tuesday,13-MAY-1980,-,U1, Unknown (UNK),at an unknown location,Unknown country,-,-, Damaged beyond repair,-,Britten-Norman BN-2A-3 Islander,-,-,1971,-,-, PK-OAB, 291,Airfast Indonesia,Unknown,-,-,-,-,-,-,-,-,-,-,-,-,-,-,-,-
19800516-0,Friday,16-MAY-1980,-,A1, Landing (LDG),Bonanza-San Pedro Airport (BZA),Nicaragua,-,0, Damaged beyond repair,-,Curtiss C-46A-45-CU Commando,2,Pratt & Whitney R-2800-51,1944,-,-, YN-BVL, 30374,LANICA,Unknown,-,-,-,-,-,Bonanza-San Pedro Airport,BZA,MNBZ,Nicaragua,-,-,0,0,-,-,-
19800519-0,Monday,19-MAY-1980,12:05,A1, En route (ENR),"167 km (104.4 mls) W off  Sarasota, FL, USA [Gulf of Mexico]",Atlantic Ocean,2,2, Destroyed, Written off (damaged beyond repair),Learjet 25D,2,General Electric CJ610-8A,1979,-,1200.0, N125NE, 25-271,Northeast Jet,Ferry/positioning,-,West Palm Beach International Airport,PBI,KPBI,United States of America,New Orleans International Airport,MSY,KMSY,United States of America,2,0,2,0,-,-,Final
19800522-0,Thursday,22-MAY-1980,-,A1, Unknown (UNK),Fürstenfeldbruck,Germany,-,0, Damaged beyond repair,-,Dornier Do 28D-2 Skyservant,-,-,-,-,-, 58+88, 4163,German AF,Military,-,-,-,-,-,-,-,-,-,-,-,0,0,-,-,-
19800524-0,Saturday,24-MAY-1980,16:00,A1, Initial climb (ICL),"near Daytona Beach, FL",United States of America,3,3, Damaged beyond repair,-,Convair CV-240-0,-,-,1948,-,-, N300GR, 115,private,Ferry/positioning,-,-,-,-,-,-,-,-,-,2,1,2,1,-,-,Final
19800524-2,Saturday,24-MAY-1980,-,A1, Takeoff (TOF),"Carling Lake, ON",Canada,8,0, Destroyed, Written off (damaged beyond repair),de Havilland Canada DHC-3 Otter,-,-,1952,-,-, CF-GBX, 4,Central Air Transport,Passenger,-,-,-,-,-,-,-,-,-,1,7,0,0,-,-,-
19800526-0,Monday,26-MAY-1980,-,A1, En route (ENR),near Warri,Nigeria,18,18, Damaged beyond repair,-,Fokker F-27 Friendship 400M,-,-,1972,2040.0,2250.0, NAF904, 10488,Nigerian AF,Military,-,Lagos-Murtala Muhammed International Airport,LOS,DNMM,Nigeria,São Tomé Island Airport,TMS,FPST,São Tomé and Príncipe,3,15,3,15,-,-,-
19800528-0,Wednesday,28-MAY-1980,-,A1, Approach (APR),Utila,Honduras,-,0, Damaged beyond repair,-,Douglas C-47-DL (DC-3),2,Pratt & Whitney R-1830-92,1942,-,-, HR-SAC, 4232,SAHSA,Unknown,-,-,-,-,-,Utila Airport,UII,MHUT,Honduras,-,-,0,0,-,-,-
19800528-1,Wednesday,28-MAY-1980,10:30,A1, En route (ENR),17 km (10.6 mls) W of Las Palmas-Gando Air Base (LPA),Spain,10,10, Damaged beyond repair,-,Lockheed C-130H Hercules,-,-,1973,-,-, T.10-1, 4520,Spanish AF,Military,-,Tenerife-Norte Los Rodeos Airport,TFN,GCXO,Spain,Las Palmas-Gando Air Base,LPA,GCLP,Spain,5,5,5,5,-,-,-
19800531-0,Saturday,31-MAY-1980,-,A1, Unknown (UNK),Gierioz,Poland,-,-, Damaged beyond repair,-,Antonov An-2TD,-,-,-,-,-, SP-ANC, 1G25-11,WSK Mielec,Unknown,-,-,-,-,-,-,-,-,-,-,-,-,-,-,-,-
19801025-0,Saturday,25-OCT-1980,-,H2, Unknown (UNK),"Miami, FL",United States of America,132,0, Unknown,-,Boeing 727,-,-,-,-,-, registration unknown,-,Continental Air Lines,Domestic Scheduled Passenger,  67,Miami International Airport,MIA,KMIA,United States of America,-,-,-,-,-,-,0,0,-,-,-
19801027-0,Monday,27-OCT-1980,-,A1, Approach (APR),Stewart Island Airport (SZS),New Zealand,1,0, Damaged beyond repair,-,Britten-Norman BN-2A Islander,-,-,1970,-,-, ZK-IAS, 182,Stewart Island Air Services,Cargo,-,Invercargill Airport,IVC,NZNV,New Zealand,Stewart Island-Ryan's Creek Airport,SZS,NZRC,New Zealand,1,0,0,0,-,-,-
19801028-1,Tuesday,28-OCT-1980,-,A1, Approach (APR),25 km (15.6 mls) from  Kabul,Afghanistan,6,6, Destroyed, Written off (damaged beyond repair),Antonov An-12B,4,Ivchenko AI-20M,1971,6217.0,19130.0, CCCP-11104, 01347710,Aeroflot / International,Cargo,1531,Tashkent-Yuzhny Airport,TAS,UTTT,Uzbekistan,Kabul Airport,KBL,OAKB,Afghanistan,6,0,6,0,-,-,-
19801029-0,Wednesday,29-OCT-1980,-,A1, Landing (LDG),"Valparaiso-Wagner Field, FL",United States of America,-,0, Damaged beyond repair,-,Lockheed YMC-130H Hercules,-,-,1976,-,-, 74-1683, 4658,USAF,Military,-,-,-,-,-,-,-,-,-,-,-,0,0,-,-,-
19801099-0,-,xx-OCT-1980,-,A1, Initial climb (ICL),La Paz,Bolivia,-,0, Damaged beyond repair,-,Curtiss C-46D-5-CU Commando,-,-,1944,-,-, CP-1267, 30679,Transportes Aéreos Bolivar,Unknown,-,-,-,-,-,-,-,-,-,-,-,0,0,-,-,-
19801099-1,-,xx-OCT-1980,-,A1, Landing (LDG),"Falea, Kényéba, Kayes region",Mali,-,0, Damaged beyond repair,-,Dornier Do 28D-1 Skyservant,-,-,-,-,-, F-BTCU, 4018,Hémet Exploration,Survey/research,-,-,-,-,-,-,-,-,-,-,-,0,0,-,-,-
19801103-0,Monday,03-NOV-1980,-,A1, Takeoff (TOF),Caracas-Simon Bolivar Airport (CCS),Venezuela,4,4, Damaged beyond repair,-,Convair CV-880-22-2,-,-,1962,-,-, YV-145C, 22-00-64,Latin Carga,Training,-,Caracas-Simón Bolívar International Airport,CCS,SVMI,Venezuela,-,-,-,-,4,0,4,0,-,-,-
19801103-1,Monday,03-NOV-1980,-,A1, Unknown (UNK),near Flores-Santa Elena Airport (FRS),Guatemala,7,7, Damaged beyond repair,-,Douglas C-47B-1-DK (DC-3),2,Pratt & Whitney R-1830-90C,1944,-,-, TG-BAC, 25775/14330,Aero Express,Unknown,-,-,-,-,-,-,-,-,-,-,-,-,-,-,-,-
19801104-0,Tuesday,04-NOV-1980,-,A1, Landing (LDG),Akrotiri RAF (AKT),Cyprus,3,0, Damaged beyond repair,-,Canadair CL-44D4-1,4,Rolls-Royce Tyne 515,1962,-,-, 5B-DAN, 30,Cyprus Airways,Training,-,-,-,-,-,-,-,-,-,3,0,0,0,-,-,-
19801104-1,Tuesday,04-NOV-1980,-,A1, Landing (LDG),Benguela Airport (BUG),Angola,134,0, Damaged beyond repair,-,Boeing 737-2M2C,2,Pratt & Whitney JT8D-17,1975,-,-, D2-TAA, 21172/439,TAAG,Domestic Scheduled Passenger, 444,Luanda Airport,LAD,FNLU,Angola,Benguela-Gen V Deslandes Airport,BUG,FNBG,Angola,6,128,0,0,-,-,-
19801104-2,Tuesday,04-NOV-1980,-,A1, Initial climb (ICL),near Caracas-Simón Bolívar International Airport (CCS),Venezuela,6,6, Damaged beyond repair,-,Lockheed C-130H Hercules,-,-,1971,-,-, 3556, 4406,Venezuela AF,Military,-,Caracas-Simón Bolívar International Airport,CCS,SVMI,Venezuela,Maracay-El Libertador Air Base,MYC,SVBL,Venezuela,6,0,6,0,-,5,-
19801106-0,Thursday,06-NOV-1980,-,H2, En route (ENR),Havana-José Martí International Airport (HAV),Cuba,59,0, None,-,McDonnell Douglas DC-9,-,-,-,-,-, registration unknown,-,AVENSA,Domestic Scheduled Passenger,-,Caracas Airport,CCS,SVMI,Venezuela,Puerto Ordaz Airport,PZO,SVPR,Venezuela,5,54,0,0,-,-,-
19801112-0,Wednesday,12-NOV-1980,23:53,A1, Approach (APR),5 km (3.1 mls) from  Cairo West Air Base,Egypt,13,13, Damaged beyond repair,-,Lockheed C-141B Starlifter,4,Pratt & Whitney TF33-P-7,-,-,18719.0, 67-0030, 300-6281,USAF,Military,-,Frankfurt-Rhein-Main AFB,FRF,EDAF,Germany,-,-,-,-,6,7,6,7,-,-,-
19801112-1,Wednesday,12-NOV-1980,-,H2, En route (ENR),"Buenos Aires-Jorge Newbery Airport, BA (AEP)",Argentina,42,0, None,-,Convair CV-600,-,-,1948,-,-, CX-BJL, 92,ARCO,International Scheduled Passenger, 201,Colonia Airport,CYR,SUCA,Uruguay,Buenos Aires-Jorge Newbery Airport,AEP,SABE,Argentina,3,39,0,0,-,-,-
19801112-2,Wednesday,12-NOV-1980,-,A1, Unknown (UNK),Drzenin,Poland,-,-, Damaged beyond repair,-,Antonov An-2R,-,-,-,-,-, SP-CNI, 1G126-27,APRL,Unknown,-,-,-,-,-,-,-,-,-,-,-,-,-,-,-,-
19801113-2,Thursday,13-NOV-1980,13:38,A1, En route (ENR),W of Subachoque,Colombia,23,0, Damaged beyond repair,-,Douglas C-47 (DC-3),-,-,-,-,-, FAC-1131,-,SATENA,Military,-,San José del Guaviare Airport,SJE,SKSJ,Colombia,Bogotá-Eldorado Airport,BOG,SKBO,Colombia,4,19,0,0,-,-,-
19801115-0,Saturday,15-NOV-1980,-,A1, Takeoff (TOF),off Norman's Cay,Bahamas,2,0, Damaged beyond repair,-,Curtiss C-46A-45-CU Commando,2,Pratt & Whitney R-2800-51,1944,-,-, N355BY, 30243,private,Training,-,Norman's Cay Airport,NMC,MYEN,Bahamas,Norman's Cay Airport,NMC,MYEN,Bahamas,1,1,0,0,-,-,-
19801117-0,Monday,17-NOV-1980,-,A1, Takeoff (TOF),Annanberg-Nodabu Airstrip (AOB),Papua New Guinea,16,4, Damaged beyond repair,-,Britten-Norman BN-2A Trislander Mk.III,-,-,1971,-,-, VH-BSG, 0279,Bush Pilots Airways,Passenger,-,-,-,-,-,-,-,-,-,1,15,0,4,-,-,-
19801117-1,Monday,17-NOV-1980,07:30,A1, Initial climb (ICL),"ca. 1,5 km S of Forres-Kinloss RAF Station (FSS)",United Kingdom,20,2, Damaged beyond repair,-,British Aerospace Nimrod MR.2,4,Rolls-Royce Spey 250,-,-,-, XV256, 8031,RAF,Military,-,Forres-Kinloss RAF Station,FSS,EGQK,United Kingdom,Forres-Kinloss RAF Station,FSS,EGQK,United Kingdom,20,0,2,0,-,-,Final
19801119-1,Wednesday,19-NOV-1980,07:25,A1, Landing (LDG),Seoul-Gimpo (Kimpo) International Airport (SEL),South Korea,212,14, Destroyed, Written off (damaged beyond repair),Boeing 747-2B5B,4,Pratt & Whitney JT9D-7Q,1979,-,-, HL7445, 21773/366,KAL,International Scheduled Passenger, 015,Anchorage International Airport,ANC,PANC,United States of America,Seoul-Gimpo (Kimpo) International Airport,SEL,RKSS,South Korea,14,198,6,8,-,-,-
19801121-0,Friday,21-NOV-1980,09:52,A1, Landing (LDG),"Yap Airport, Western Caroline Islands (YAP)",Micronesia,73,0, Destroyed, Written off (damaged beyond repair),Boeing 727-92C,3,Pratt & Whitney JT8D-9A,1966,20788.0,30878.0, N18479, 19174/326,Air Micronesia,International Scheduled Passenger, 614,Guam International Airport,GUM,PGUM,Guam,Yap Airport,YAP,PTYA,Micronesia,6,67,0,0,-,-,Final
19801121-1,Friday,21-NOV-1980,-,C1, En route (ENR),near Menongue,Angola,6,0, Damaged beyond repair,-,Antonov An-26,-,-,-,-,-, registration unknown,-,Soviet AF,Military,-,-,-,-,-,-,-,-,-,6,0,0,0,-,-,-
19801124-0,Monday,24-NOV-1980,15:47,A1, En route (ENR),near Murri,Colombia,20,20, Destroyed, Written off (damaged beyond repair),Douglas C-47A-35-DL (DC-3),2,Pratt & Whitney R-1830-92,1943,-,-, HK-1221G, 9703,Dirección General de Aduanas,Domestic Non Scheduled Passenger,-,Turbo-Gonzalo Mejía Airport,TRB,SKTU,Colombia,Medellín-Enrique Olaya Herrera Airport,EOH,SKMD,Colombia,4,16,4,16,-,-,-
19801124-1,Monday,24-NOV-1980,-,O1, Standing (STD),Johannesburg-Randgermiston Airport (QRA),South Africa,0,0, Damaged beyond repair,-,Douglas DC-4-1009,-,-,1947,-,-, 6903, 43156,South African AF,Military,-,-,-,-,-,-,-,-,-,0,0,0,0,-,-,-
19801128-0,Friday,28-NOV-1980,-,A1, Unknown (UNK),off Bimini,Bahamas,4,4, Damaged beyond repair,-,Douglas DC-6A,-,-,1954,-,-, N844TA, 44421/489,Miami Air Lease,Illegal Flight,-,-,-,-,-,-,-,-,-,2,2,2,2,-,-,-
19801128-1,Friday,28-NOV-1980,21:35,A1, En route (ENR),"near Pecos City Airport, TX (PEQ)",United States of America,2,2, Damaged beyond repair,-,Douglas DC-7B,-,-,1956,-,-, N816D, 45085/714,Central Air Services,Cargo,-,Pecos City Airport,PEQ,KPEQ,United States of America,-,-,-,-,2,0,2,0,-,-,Final
19801129-0,Saturday,29-NOV-1980,-,A1, Unknown (UNK),Simanggang,Malaysia,-,-, Damaged beyond repair,-,de Havilland Canada DHC-4A Caribou,-,-,1969,-,-, M21-12, 280,Royal Malaysian AF,Military,-,-,-,-,-,-,-,-,-,-,-,-,-,-,-,-
19801130-0,Sunday,30-NOV-1980,-,A1, Landing (LDG),"San Francisco International Airport, CA (SFO)",United States of America,133,0, Damaged beyond repair,-,Boeing 707-131B,4,Pratt & Whitney JT3D-,1964,-,49910.0, N797TW, 18760/393,TWA,Domestic Scheduled Passenger,-,Saint Louis-Lambert International Airport,STL,KSTL,United States of America,San Francisco International Airport,SFO,KSFO,United States of America,-,-,0,0,-,-,-
19801202-0,Tuesday,02-DEC-1980,13:43,A1, En route (ENR),"8 km (5 mls) N of Indio, CA",United States of America,2,2, Destroyed, Written off (damaged beyond repair),Douglas C-54Q Skymaster (DC-4),-,-,1944,-,-, N96449, 10750,U.S. Forest Service,Ferry/positioning,-,Hemet-Ryan Field,HMT,KHMT,United States of America,Tucson International Airport,TUS,KTUS,United States of America,2,0,2,0,-,-,-
19801202-1,Tuesday,02-DEC-1980,13:43,A2, En route (ENR),"8 km (5 mls) N of Indio, CA",United States of America,-,0, Substantial, Repaired,Douglas C-54G Skymaster (DC-4),4,Wright R-2600,1945,-,-, N406WA, 35944,U.S. Forest Service,Ferry/positioning,-,Hemet-Ryan Field,HMT,KHMT,United States of America,Tucson International Airport,TUS,KTUS,United States of America,-,-,0,0,-,-,-
19801204-0,Thursday,04-DEC-1980,-,H2, Unknown (UNK),Berlin-Tegel Airport (TXL),Germany,-,0, Unknown,-,Antonov An-24V,-,-,1966,-,-, SP-LTB, 67302205,LOT,Domestic Scheduled Passenger,-,Zielona Góra-Babimost Airport,IEG,EPZG,Poland,Warszawa-Okecie Airport,WAW,EPWA,Poland,-,-,0,0,-,-,-
19801205-0,Friday,05-DEC-1980,-,H2, Unknown (UNK),Higuerote Airport,Venezuela,-,0, Unknown,-,McDonnell Douglas DC-9,-,-,-,-,-, registration unknown,-,LAV,Domestic Scheduled Passenger,-,Porlamar-del Caribe Santiago Mariño International Airport,PMV,SVMG,Venezuela,-,-,-,-,-,-,0,0,-,-,-
19801210-0,Wednesday,10-DEC-1980,17:00,A2, Takeoff (TOF),Milano-Linate Airport (LIN),Italy,-,0, Damaged beyond repair,-,McDonnell Douglas DC-9-32,2,Pratt & Whitney JT8D-9A,1967,-,-, I-DIKC, 47128/210,Alitalia,Domestic Scheduled Passenger,AZ155,Milano-Linate Airport,LIN,LIML,Italy,Roma-Fiumicino Airport,FCO,LIRF,Italy,-,-,0,0,-,-,-
19801212-0,Friday,12-DEC-1980,-,C1, Unknown (UNK),Angola/Namibia border,Angola,-,5, Damaged beyond repair,-,Antonov An-26,-,-,-,-,-, registration unknown,-,Soviet AF,Military,-,-,-,-,-,-,-,-,-,-,-,-,-,-,-,-
19801215-0,Monday,15-DEC-1980,-,H2, En route (ENR),Havana-José Martí International Airport (HAV),Cuba,130,0, None,-,Boeing 727-59,-,-,1967,-,-, HK-1337, 19303/357,Avianca,Domestic Scheduled Passenger,-,Bogotá-Eldorado Airport,BOG,SKBO,Colombia,Pereira Airport,PEI,SKPE,Colombia,-,-,0,0,-,-,-
19801216-1,Tuesday,16-DEC-1980,-,A1, En route (ENR),"17 km (10.6 mls) SE of Tumut, NS",Australia,2,2, Damaged beyond repair,-,Britten-Norman BN-2A Trislander Mk.III-2,3,Lycoming O-540-E4C5,1976,-,-, VH-EGU, 1030,Eagle Airways,Cargo,-,Bankstown Airport,BWU,YSBK,Australia,Melbourne-Essendon Airport,MEB,YMEN,Australia,1,1,1,1,-,-,-
19801218-0,Thursday,18-DEC-1980,-,U1, Unknown (UNK),near Marandellas,Zimbabwe,-,-, Damaged beyond repair,-,Douglas C-47A-1-DK (DC-3),2,Pratt & Whitney R-1830-92,1943,-,-, 3711, 12049,Zimbabwe AF,Military,-,-,-,-,-,-,-,-,-,-,-,-,-,-,-,-
19801219-0,Friday,19-DEC-1980,10:50,A1, Approach (APR),"Many, LA",United States of America,4,3, Destroyed, Written off (damaged beyond repair),Rockwell 1121 Jet Commander,-,-,-,-,-, N29LB, 61,Langham Petroleum,Executive,-,New Orleans International Airport,MSY,KMSY,United States of America,-,-,-,-,2,2,2,1,-,-,Final
19801219-1,Friday,19-DEC-1980,-,A1, En route (ENR),"Slide Mountain, NY",United States of America,4,4, Damaged beyond repair,-,de Havilland Canada CC-123 Otter (DHC-3),-,-,1960,-,-, 9407, 367,Canadian Armed Forces,Military,-,Newburgh-Stewart Airport,SWF,KSWF,United States of America,Ottawa RCAF Station,YRO,CYRO,Canada,-,-,-,-,-,-,-
19801219-2,Friday,19-DEC-1980,-,A1, Landing (LDG),"Sherbrooke, QC",Canada,3,0, Damaged beyond repair,-,Consolidated PBY-5A Catalina,-,-,-,-,-, C-FIGJ, 1791,Gov. of Newfoundland and Labrador,Ferry/positioning,-,-,-,-,-,-,-,-,-,2,1,0,0,-,-,-
19801220-0,Saturday,20-DEC-1980,-,A1, Approach (APR),Bogotá-Eldorado Airport (BOG),Colombia,4,0, Damaged beyond repair,-,Boeing 707-321F,-,-,1960,-,-, HK-2410X, 17605/98,Aerotal Colombia,Cargo,-,-,-,-,-,Bogotá-Eldorado Airport,BOG,SKBO,Colombia,3,1,0,0,-,-,-
19801220-1,Saturday,20-DEC-1980,-,H2, En route (ENR),Poprad/Tatry Airport (TAT),Slovakia,77,0, None,-,Tupolev Tu-134A,-,-,-,-,-, registration unknown,-,Interflug,International Scheduled Passenger,IF302,Berlin-Schönefeld Airport,SXF,EDDB,Germany,Budapest-Ferihegy Airport,BUD,LHBP,Hungary,-,-,0,0,-,-,-
19801221-0,Sunday,21-DEC-1980,14:23,A1, En route (ENR),near Riohacha,Colombia,70,70, Damaged beyond repair,-,Sud Aviation SE-210 Caravelle VI-R,2,Rolls-Royce Avon 533R,1963,-,-, HK-1810, 165,TAC Colombia,Domestic Scheduled Passenger,-,Riohacha-Almirante Padilla Airport,RCH,SKRH,Colombia,Medellín-Enrique Olaya Herrera Airport,EOH,SKMD,Colombia,7,63,7,63,-,-,-
19801222-2,Monday,22-DEC-1980,23:12,A2, En route (ENR),over Qatar,Qatar,291,2, Substantial, Repaired,Lockheed L-1011 TriStar 200,-,-,-,-,-, HZ-AHJ, 1161,Saudi Arabian,International Scheduled Passenger, 162,Dhahran International Airport,DHA,OEDR,Saudi Arabia,Karachi International Airport,KHI,OPKC,Pakistan,20,271,0,2,-,-,Final
19801226-0,Friday,26-DEC-1980,23:15,A1, Initial climb (ICL),ca 1 km from Cancún Airport (CUN),Mexico,3,3, Damaged beyond repair,-,Beechcraft Hawker BH-125-400A,-,-,1972,-,-, XA-CUZ, 25279/NA772,SARSA,Ferry/positioning,-,Cancún Airport,CUN,MMUN,Mexico,-,-,-,-,3,0,3,0,-,-,-
19801227-0,Saturday,27-DEC-1980,-,O1, Standing (STD),Reykjavík Domestic Airport (RKV),Iceland,-,0, Damaged beyond repair,-,Douglas C-47B-30-DK (DC-3),2,Pratt & Whitney R-1830-90C,1945,-,-, N54605, 32939/16191,Visionair International,-,-,-,-,-,-,-,-,-,-,-,-,0,0,-,-,-
19801299-0,-,xx-DEC-1980,-,A1, Unknown (UNK),near Candelaria,Cuba,-,5, Damaged beyond repair,-,Antonov An-2,-,-,-,-,-, 12-01,-,Cuban AF,Military,-,-,-,-,-,-,-,-,-,-,-,2,3,-,-,-
19809999-0,-,xx-xxx-1980,-,A1, Landing (LDG),at an unknown location,Colombia,-,-, Damaged beyond repair,-,Convair CV-440-38,-,-,1956,-,-, N102US, 378,Farm-Kem Inc,Illegal Flight,-,-,-,-,-,-,-,-,-,-,-,-,-,-,-,-
19809999-1,-,xx-xx-1980,-,A1, Unknown (UNK),"near El Banco, Magdalena",Colombia,2,2, Damaged beyond repair,-,Douglas C-47 (DC-3),-,-,-,-,-, N....,-,Unknown,Illegal Flight,-,-,-,-,-,-,-,-,-,-,-,-,-,-,-,-
19809999-2,-,xx-xxx-1980,-,C1, Unknown (UNK),at an unknown location,Colombia,-,-, Damaged beyond repair,-,Douglas DC-7CF,-,-,1957,-,-, N8219H, 45214/897,Aero Services Corp.,Illegal Flight,-,-,-,-,-,-,-,-,-,-,-,-,-,-,-,-
19809999-4,-,xx-xxx-1980,-,A1, Unknown (UNK),at an unknown location,Unknown country,-,-, Damaged beyond repair,-,de Havilland Canada DHC-6 Twin Otter 300,2,Pratt & Whitney Canada PT6A-27,1971,-,-, FAP-313, 323,Peruvian AF,Military,-,-,-,-,-,-,-,-,-,-,-,-,-,-,-,-
