identifiant,week_day,date,time,type_event,phase,location,country,total_occupants,total_fatalities,aircraft_damage,aircraft_fate,type_aircraft,number_engines,type_engines,first_flight,cycles,total_airframe_hours,registration,c_n_msn,operator,nature,flight_number,departure_airport_name,departure_airport_IATA,departure_airport_ICAO,departure_airport_country,destination_airport_name,destination_airport_IATA,destination_airport_ICAO,destination_airport_country,crew_number,passengers_number,crew_fatalities,passengers_fatalities,collision_casualties,ground_casualties,status
19950916-2,Saturday,16-SEP-1995,14:15,A2, Taxi (TXI),Hamburg-Fuhlsbüttel Airport (HAM),Germany,224,0, Substantial, Repaired,Boeing 767-332ER,2,Pratt & Whitney PW4060,1990,-,-, N172DN, 24775/312,Delta Air Lines,International Scheduled Passenger,DL069,Hamburg-Fuhlsbüttel Airport,HAM,EDDH,Germany,Atlanta-William B. Hartsfield International Airport,ATL,KATL,United States of America,12,212,0,0,-,-,-
19950916-3,Saturday,16-SEP-1995,20:20,A2, Takeoff (TOF),"South Bend Regional, IN (SBN)",United States of America,2,0, Substantial, Repaired,Swearingen SA226-TC Metro II,-,-,-,-,23275.0, N169GA, TC-376,Grand Aire Express,Ferry/positioning,-,South Bend Regional,SBN,KSBN,United States of America,Panama City-Northwest Florida Beaches International Airport,ECP,KECP,United States of America,2,0,0,0,-,-,Final
19950918-0,Monday,18-SEP-1995,-,A1, Unknown (UNK),Skopje,North Macedonia,2,2, Damaged beyond repair,-,Antonov An-2R,-,-,-,-,-, Z3-BGE, 1G111-14,Aviotransport Macedonia,Fire fighting,-,-,-,-,-,-,-,-,-,2,0,2,0,-,-,-
19950919-0,Tuesday,19-SEP-1995,-,H2, En route (ENR),Ovda Airport (VDA),Israel,177,0, None,-,Boeing 707-3J9C,-,-,1976,-,-, EP-SHE, 21127/915,Saha Air,Domestic Scheduled Passenger,-,Tehran-Mehrabad Airport,THR,OIII,Iran,Kish Island Airport,KIH,OIBK,Iran,13,164,0,0,-,-,-
19950920-0,Wednesday,20-SEP-1995,20:00,A1, Approach (APR),"Salvesen Lake, ON",Canada,6,6, Substantial, Written off (damaged beyond repair),de Havilland Canada DHC-3 Otter,-,-,1953,-,-, C-FGCV, 2,Walsten Air Service,Domestic Non Scheduled Passenger,-,-,-,-,-,-,-,-,-,1,5,1,5,-,-,Preliminary - official
19950921-0,Thursday,21-SEP-1995,12:30,A1, Approach (APR),Choho Geologloh Uul,Mongolia,43,42, Damaged beyond repair,-,Antonov An-24RV,2,Ivchenko AI-24VT,1975,-,-, BNMAU-10103, 57310103,MIAT,Domestic Scheduled Passenger,-,Ulan Bator-Buyant Uhaa Airport,ULN,ZMUB,Mongolia,Moron Airport,MXV,ZMMN,Mongolia,6,37,6,36,-,-,-
19950922-0,Friday,22-SEP-1995,07:47,A1, Takeoff (TOF),"ca 2 km NE of Anchorage-Elmendorf AFB, AK (EDF)",United States of America,24,24, Destroyed, Written off (damaged beyond repair),Boeing E-3A Sentry (707-300B),4,Pratt & Whitney JT3D (TF33-100A),1978,-,-, 77-0354, 21554/933,USAF,Military,  27,Anchorage-Elmendorf AFB,EDF,PAED,United States of America,Anchorage-Elmendorf AFB,EDF,PAED,United States of America,4,20,4,20,-,-,Final
19950922-1,Friday,22-SEP-1995,23:00,A1, Landing (LDG),In Amenas Airport (IAM),Algeria,4,0, Damaged beyond repair,-,Learjet 36A,2,Garrett TFE731-2-2B,1978,-,-, HB-VFS, 36-042,Executive Jet Aviation,Ferry/positioning,-,Genève-Cointrin Airport,GVA,LSGG,Switzerland,In Amenas Airport,IAM,DAUZ,Algeria,2,2,0,0,-,-,-
19950927-0,Wednesday,27-SEP-1995,19:10,A1, Approach (APR),"13 km (8.1 mls) NW of Campbell River, BC",Canada,10,8, Damaged beyond repair,-,de Havilland Canada DHC-3T Vazar Turbine Otter,1,Pratt & Whitney Canada PT6A-135A,1954,-,16428.0, C-FEBX,  38,Western Straits Air,Domestic Scheduled Passenger,-,-,-,-,-,Campbell River Airport,YBL,CYBL,Canada,1,9,1,7,-,-,Final
19951003-1,Tuesday,03-OCT-1995,08:00,A1, En route (ENR),Gunung Antara,Indonesia,14,1, Damaged beyond repair,-,CASA/Nurtanio NC-212-A4 Aviocar 100,2,Garrett TPE331-5-251C,1981,-,-, PK-ZAG, 158/28N,Sabang Merauke Raya Air Charter,Domestic Scheduled Passenger,1994,Medan-Polonia Airport,MES,WIMM,Indonesia,Meulaboh-Seunagan Airport,MEQ,WITC,Indonesia,2,12,1,0,-,-,-
19951011-0,Wednesday,11-OCT-1995,-,A1, Unknown (UNK),ca 15 km N of Cahors,France,4,4, Damaged beyond repair,-,Morane Saulnier MS.760B Paris II,-,-,-,-,-, 117, 117,French AF,Military,-,-,-,-,-,-,-,-,-,-,-,-,-,-,-,-
19951012-1,Thursday,12-OCT-1995,18:00,A2, Landing (LDG),"Cleveland-Hopkins International Airport, OH (CLE)",United States of America,9,0, Substantial, Repaired,Grumman American G-1159 Gulfstream II,-,-,1975,-,-, N635AV, 168,The Air Group,Executive,-,Iqaluit Airport,YFB,CYFB,Canada,Cleveland-Hopkins International Airport,CLE,KCLE,United States of America,3,6,0,0,-,-,Final
19951018-0,Wednesday,18-OCT-1995,09:46,A1, Landing (LDG),Male International Airport (MLE),Maldives,8,0, Damaged beyond repair,-,Dornier 228-212K,2,Garrett TPE331,1992,-,3858.0, 9M-PEQ, 8213,Air Maldives,Domestic Scheduled Passenger,3312,Kadhdhoo Airport,KDO,VRMK,Maldives,Malé International Airport,MLE,VRMM,Maldives,3,5,0,0,-,-,Final
19951019-0,Thursday,19-OCT-1995,13:15,A2, Takeoff (TOF),"Vancouver International Airport, BC (YVR)",Canada,257,0, Substantial, Repaired,McDonnell Douglas DC-10-30ER,3,General Electric CF6-50C2B,1980,-,61289.0, C-GCPF, 46543/341,Canadian Airlines,International Scheduled Passenger,  17,Vancouver International Airport,YVR,CYVR,Canada,Taipei-Chiang Kai Shek International Airport,TPE,RCTP,Taiwan,14,243,0,0,-,-,Final
19951021-0,Saturday,21-OCT-1995,-,A1, En route (ENR),near Marunga,Angola,5,5, Damaged beyond repair,-,Beechcraft 200 Super King Air,-,-,1975,-,-, ZS-MGR, BB-19,Balmoral Air Service,Int'l Non Scheduled Passenger,-,Luanda Airport,LAD,FNLU,Angola,Lanseria Airport,HLA,FALA,South Africa,2,3,2,3,-,-,-
19951022-1,Sunday,22-OCT-1995,09:50,A1, En route (ENR),Bole,Ethiopia,20,0, Damaged beyond repair,-,de Havilland Canada DHC-6 Twin Otter 300,2,Pratt & Whitney Canada PT6A-27,1985,-,-, ET-AIO, 818,Ethiopian Airlines,Domestic Scheduled Passenger, 173,Dessie-Combolcha Airport,DSE,HADC,Ethiopia,Addis Ababa-Bole Airport,ADD,HAAB,Ethiopia,3,17,0,0,-,-,-
19951022-2,Sunday,22-OCT-1995,-,A1, Initial climb (ICL),"off Ponta Delgada-Nordela Airport, Azores (PDL)",Portugal,7,7, Damaged beyond repair,-,Transall C-160D,-,-,1969,-,-, 50+43, D-65,German AF,Military,-,Ponta Delgada-Nordela Airport,PDL,LPPD,Portugal,St. John's Airport,YYT,CYYT,Canada,7,0,7,0,-,-,-
19951023-3,Monday,23-OCT-1995,03:50,A2, Takeoff (TOF),"Miami International Airport, FL (MIA)",United States of America,5,0, Substantial, Repaired,Boeing 747-121 (SCD),4,Pratt & Whitney JT9D-7AH,1970,-,22911.0, N613FF, 19647/16,Tower Air,Cargo, 803,Miami International Airport,MIA,KMIA,United States of America,Port of Spain-Piarco Airport,POS,TTPP,Trinidad and Tobago,3,2,0,0,-,-,Final
19951025-1,Wednesday,25-OCT-1995,20:26,A1, Approach (APR),1 km (0.6 mls) from  Ufa Airport (UFA),Russia,13,7, Damaged beyond repair,-,Antonov An-32,2,Ivchenko AI-20,1988,2215.0,4580.0, RA-48981, 1601,MAP Ufa Motors,Cargo,-,Tyumen Airport,TJM,USTR,Russia,Ufa Airport,UFA,UWUU,Russia,5,8,4,3,-,-,-
19951031-0,Tuesday,31-OCT-1995,19:58,A2, Landing (LDG),Rostov Airport (ROV),Russia,11,0, Substantial, Repaired,lyushin Il-76TD,-,-,1990,-,-, RA-76783, 0093498974,Aeroflot,Cargo,-,Ulyanovsk/Baratayevka Airport,ULV,UWLL,Russia,Rostov Airport,ROV,URRR,Russia,9,2,0,0,-,-,-
19951031-1,Tuesday,31-OCT-1995,20:50,A1, Approach (APR),16 km (10 mls) from  Piedras Negras Airport (PDS),Mexico,11,9, Damaged beyond repair,-,Cessna 208B Grand Caravan,1,Pratt & Whitney Canada PT6A-114A,-,-,-, XA-SVM, 208B0214,TACSA,Domestic Scheduled Passenger, 108,Saltillo Airport,SLW,MMIO,Mexico,Piedras Negras Airport,PDS,MMPG,Mexico,1,10,1,8,-,-,Preliminary - official
19951101-0,Wednesday,01-NOV-1995,-,A1, Approach (APR),Shymkent,Kazakhstan,4,0, Damaged beyond repair,-,Antonov An-24B,-,-,1966,-,-, UN-47710, 69900405,Kazakhstan Airlines,Training,-,-,-,-,-,Shymkent Airport,CIT,UAII,Kazakhstan,4,0,0,0,-,-,-
19951101-1,Wednesday,01-NOV-1995,20:18,A2, Landing (LDG),"Calgary International Airport, AB (YYC)",Canada,30,0, Substantial, Repaired,Fokker F-28 Fellowship 1000,-,-,1974,-,-, C-FCRK, 11087,Canadian Regional Airlines,Domestic Scheduled Passenger,-,Edmonton International Airport,YEG,CYEG,Canada,Calgary International Airport,YYC,CYYC,Canada,4,26,0,0,-,-,-
19951104-0,Saturday,04-NOV-1995,-,A1, Landing (LDG),near Cabu San Lucas,Mexico,-,0, Damaged beyond repair,-,Sud Aviation SE-210 Caravelle 10B3,-,-,1965,-,-, HK-3962X, 184,Americana Colombia,Illegal Flight,-,-,-,-,-,-,-,-,-,-,-,0,0,-,-,-
19951106-0,Monday,06-NOV-1995,14:00,A2, Landing (LDG),"Mosque Airstrip, BC",Canada,8,0, Substantial, Repaired,Beechcraft A100 King Air,-,-,1973,-,-, C-FJFH, B-171,Northern Thunderbird Air,Domestic Non Scheduled Passenger,-,-,-,-,-,-,-,-,-,1,7,0,0,-,-,-
19951108-0,Wednesday,08-NOV-1995,21:00,A1, En route (ENR),"30 km (18.8 mls) SE of Villa Dolores, CD",Argentina,53,53, Damaged beyond repair,-,Fokker F-27 Friendship 400M,-,-,1981,-,-, TC-72, 10619,LADE,Domestic Non Scheduled Passenger,-,-,-,-,-,Córdoba-Pajas Blancas Airport,COR,SACO,Argentina,5,48,5,48,-,-,-
19951109-0,Thursday,09-NOV-1995,-,H2, En route (ENR),Athens-Ellinikon International Airport (ATH),Greece,114,0, None,-,Boeing 747-200,-,-,-,-,-, registration unknown,-,Olympic Airways,International Scheduled Passenger,OA742,Bangkok-Don Muang International Airport,BKK,VTBD,Thailand,Athens-Ellinikon International Airport,ATH,LGAT,Greece,-,-,0,0,-,-,-
19951112-0,Sunday,12-NOV-1995,00:55,A2, Approach (APR),"East Granby, CT",United States of America,78,0, Substantial, Repaired,McDonnell Douglas DC-9-83 (MD-83),2,Pratt & Whitney JT8D-219,1987,-,27628.0, N566AA, 49348/1374,American Airlines,Domestic Scheduled Passenger,AA1572,Chicago-O'Hare International Airport,ORD,KORD,United States of America,Windsor Locks-Bradley International Airport,BDL,KBDL,United States of America,5,73,0,0,-,-,Final
19951113-0,Monday,13-NOV-1995,08:53,A1, Landing (LDG),Kaduna Airport (KAD),Nigeria,138,11, Damaged beyond repair,-,Boeing 737-2F9,2,Pratt & Whitney JT8D-15,1982,27567.0,22375.0, 5N-AUA, 22985/920,Nigeria Airways,Domestic Scheduled Passenger, 357,Jos Airport,JOS,DNJO,Nigeria,Kaduna Airport,KAD,DNKA,Nigeria,14,124,0,11,-,-,Final
19951115-0,Wednesday,15-NOV-1995,-,A1, Landing (LDG),Guadalajara International Airport (GDL),Mexico,9,0, Damaged beyond repair,-,Lockheed L-1329 JetStar 731,-,-,1965,-,-, XA-MIK, 5066,TAESA,Executive,-,Mexico City-Benito Juárez International Airport,MEX,MMMX,Mexico,Guadalajara-Don Miguel Hidalgo y Costilla International Airport,GDL,MMGL,Mexico,2,7,0,0,-,-,Preliminary
19951118-0,Saturday,18-NOV-1995,-,C1, Approach (APR),3 km (1.9 mls) from  Jaffna-Palaly AFB,Sri Lanka,6,5, Damaged beyond repair,-,Shaanxi Yunshuji Y-8D,4,Zhuzhou WJ6,-,-,-, CR871, 060801,Helitours,Military,-,-,-,-,-,Jaffna-Palaly Air Base,JAF,VCCJ,Sri Lanka,6,0,5,0,-,-,-
19951118-1,Saturday,18-NOV-1995,-,A1, Unknown (UNK),Urumano,Venezuela,-,-, Damaged beyond repair,-,Antonov An-2T,-,-,-,-,-, YV-860C, 179(473)12,Comeravia,Unknown,-,-,-,-,-,-,-,-,-,-,-,-,-,-,-,-
19951122-0,Wednesday,22-NOV-1995,-,A1, Landing (LDG),Huambo Airport (NOV),Angola,9,0, Damaged beyond repair,-,Antonov An-12TB,-,-,1965,-,-, RA-11008, 402612,UN,Cargo,-,Catumbela Airport,CBT,FNCT,Angola,Huambo Airport,NOV,FNHU,Angola,6,3,0,0,-,-,-
19951122-1,Wednesday,22-NOV-1995,17:20,A1, Approach (APR),13 km (8.1 mls) off  Jaffna,Sri Lanka,62,62, Damaged beyond repair,-,Antonov An-32B,2,Ivchenko AI-20,-,-,-, CR862, 3503,Sri Lanka AF,Military,-,-,-,-,-,Jaffna-Palaly Air Base,JAF,VCCJ,Sri Lanka,6,56,6,56,-,-,-
19951123-0,Thursday,23-NOV-1995,10:31,A2, Taxi (TXI),London-Heathrow Airport (LHR),United Kingdom,120,0, Substantial, Repaired,Boeing 757-236,2,Rolls-Royce RB211-535C,1983,-,-, G-BIKG, 22178/23,British Airways,Domestic Scheduled Passenger,-,London-Heathrow Airport,LHR,EGLL,United Kingdom,Manchester International Airport,MAN,EGCC,United Kingdom,7,113,0,0,-,-,Final
19951123-1,Thursday,23-NOV-1995,10:31,A2, Taxi (TXI),London-Heathrow Airport (LHR),United Kingdom,258,0, Substantial, Repaired,Airbus A340-312,4,CFMI CFM56-5C3/F,1994,-,-, A4O-LB, 39,Gulf Air,International Scheduled Passenger,-,London-Heathrow Airport,LHR,EGLL,United Kingdom,-,-,-,-,17,241,0,0,-,-,Final
19951126-0,Sunday,26-NOV-1995,-,A1, Takeoff (TOF),Uncía Airport,Bolivia,6,6, Damaged beyond repair,-,Beechcraft 200C Super King Air,-,-,1981,-,-, EB-002, BL-33,Bolivian Army,Military,-,-,-,-,-,-,-,-,-,-,-,-,-,-,-,-
19951128-0,Tuesday,28-NOV-1995,02:00,A1, Approach (APR),"near Santarém Airport, PA (STM)",Brazil,4,3, Damaged beyond repair,-,Fairchild FH-227B,-,-,1967,-,-, PP-BUJ, 569,TABA,Cargo,-,Belém/Val-de-Cans International Airport,BEL,SBBE,Brazil,Santarém Airport,STM,SBSN,Brazil,2,2,2,1,-,-,Preliminary - official
19951128-1,Tuesday,28-NOV-1995,16:37,A1, Takeoff (TOF),Makovskoye Airfield,Russia,9,0, Damaged beyond repair,-,Antonov An-2R,-,-,1973,-,-, RA-07419, 1G150-54,Yenisei Airline,Domestic Scheduled Passenger,-,-,-,-,-,-,-,-,-,2,7,0,0,-,-,-
19951130-0,Thursday,30-NOV-1995,19:10,A1, Approach (APR),9 km (5.6 mls) from  Baku Airport (BAK),Azerbaijan,6,2, Destroyed, Written off (damaged beyond repair),Boeing 707-323C,4,Pratt & Whitney JT3D-3B (HK),1967,-,-, 4K-401, 19584/663,Azerbaijan Airlines,Cargo,-,Urumqi Airport,URC,ZWWW,China,Baku-Bina International Airport,BAK,UBBB,Azerbaijan,6,0,2,0,-,-,-
19951202-0,Saturday,02-DEC-1995,12:53,A1, Landing (LDG),Delhi-Indira Gandhi International Airport (DEL),India,108,0, Damaged beyond repair,-,Boeing 737-2A8,2,Pratt & Whitney JT8D-9A,1974,-,-, VT-ECS, 20963/383,Indian Airlines,Domestic Scheduled Passenger, 492,Jaipur-Sanganer Airport,JAI,VIJP,India,Delhi-Indira Gandhi International Airport,DEL,VIDP,India,6,102,0,0,-,-,Final
19951203-0,Sunday,03-DEC-1995,22:44,A1, Approach (APR),"1,7 km (1.1 mls) S of Douala Airport (DLA)",Cameroon,76,71, Destroyed, Written off (damaged beyond repair),Boeing 737-2K9,2,Pratt & Whitney JT8D-15A,1985,23233.0,18746.0, TJ-CBE, 23386/1143,Cameroon Airlines,International Scheduled Passenger,UY3701,Cotonou Airport,COO,DBBB,Benin,Douala Airport,DLA,FKKD,Cameroon,5,71,3,68,-,-,Final
19951205-0,Tuesday,05-DEC-1995,17:54,A1, Initial climb (ICL),"3,8 km (2.4 mls) from  Nakhichevan Airport (NAJ)",Azerbaijan,82,52, Damaged beyond repair,-,Tupolev Tu-134B-3,2,Soloviev D-30,1980,17893.0,27500.0, 4K-65703, 63383,Azerbaijan Airlines,Domestic Scheduled Passenger,A-56,Nakhichevan Airport,NAJ,UBBN,Azerbaijan,Baku-Bina International Airport,BAK,UBBB,Azerbaijan,6,76,2,50,-,-,Final
19951205-1,Tuesday,05-DEC-1995,12:35,A1, Initial climb (ICL),Verkhnyaya Toyma,Russia,15,0, Damaged beyond repair,-,Antonov An-2R,-,-,1983,-,-, RA-17725, 1G202-45,Kotlas Avia Enterprise,Domestic Scheduled Passenger,-,-,-,-,-,-,-,-,-,2,13,0,0,-,-,-
19951206-0,Wednesday,06-DEC-1995,12:12,A1, Approach (APR),4 km (2.5 mls) from  Anadyr,Russia,16,0, Damaged beyond repair,-,Antonov An-26,-,-,-,-,-, registration unknown,-,Federal Border Guard,Cargo,-,-,-,-,-,Anadyr Airport,DYR,UHMA,Russia,7,9,0,0,-,-,-
19951206-1,Wednesday,06-DEC-1995,-,A1, Landing (LDG),Mactan,Philippines,-,0, Damaged beyond repair,-,Fokker F-27 Friendship 100,2,Rolls-Royce Dart 514-7,1961,-,-, RP-C6888, 10169,Laoag,Unknown,-,-,-,-,-,Mactan Island-Chicago Naval Air Base,NOP,RPVM,Philippines,-,-,0,0,-,-,-
19951207-0,Thursday,07-DEC-1995,03:08,A1, En route (ENR),50 km (31.3 mls) W of Grossevichi,Russia,98,98, Destroyed, Written off (damaged beyond repair),Tupolev Tu-154B,3,Kuznetsov NK-8-2U,1976,13801.0,30001.0, RA-85164, 76A164,Khabarovsk United Air,Domestic Scheduled Passenger,3949,Yuzhno-Sakhalinsk Airport,UUS,UHSS,Russia,Khabarovsk-Novy Airport,KHV,UHHH,Russia,8,90,8,90,-,-,Final
19951207-1,Thursday,07-DEC-1995,17:54,A1, En route (ENR),ca 30 km S of Port-au-Prince Airport (PAP),Haiti,20,20, Destroyed, Written off (damaged beyond repair),Beechcraft 1900D,2,Pratt & Whitney Canada PT6A-67D,1994,-,-, F-OHRK, UE-119,Air St. Martin,Int'l Non Scheduled Passenger,-,Pointe-à-Pitre-Le Raizet Airport,PTP,TFFR,Guadeloupe,Port-au-Prince Airport,PAP,MTPP,Haiti,2,18,2,18,-,-,-
19951213-0,Wednesday,13-DEC-1995,19:55,A1, Takeoff (TOF),"1,5 km (0.9 mls) from  Verona Airport (VRN)",Italy,49,49, Damaged beyond repair,-,Antonov An-24V,-,-,1967,-,-, YR-AMR, 77303309,Romavia,Int'l Non Scheduled Passenger, 166,Verona Airport,VRN,LIPX,Italy,Timisoara Airport,TSR,LRTR,Romania,8,41,8,41,-,-,Final
19951214-0,Thursday,14-DEC-1995,00:14,A1, Approach (APR),17 km (10.6 mls) N of Guatemala City-La Aurora Airport (GUA),Guatemala,2,2, Damaged beyond repair,-,Rockwell 1121 Jet Commander,-,-,-,-,-, N503U, 83,American Air Network,Cargo,-,Miami International Airport,MIA,KMIA,United States of America,Guatemala City-La Aurora Airport,GUA,MGGT,Guatemala,2,0,2,0,-,-,Preliminary - official
19951215-0,Friday,15-DEC-1995,04:23,A1, Landing (LDG),"Detroit-Metropolitan Wayne County Airport, MI (DTW)",United States of America,1,0, Substantial, Written off (damaged beyond repair),Swearingen SA226-AT Merlin IV,2,Garrett TPE331-3U-330G,1977,-,6965.0, N31AT, AT-057,Air Transport,Ferry/positioning,-,Flint-Bishop Airport,FNT,KFNT,United States of America,Louisville International Airport,SDF,KSDF,United States of America,1,0,0,0,-,-,Final
19951218-0,Monday,18-DEC-1995,-,A1, Unknown (UNK),"near Cahungula, Lunda Norte",Angola,144,141, Destroyed, Written off (damaged beyond repair),Lockheed L-188C Electra,-,-,1959,-,-, 9Q-CRR, 1080,Trans Service Airlift,Int'l Non Scheduled Passenger,-,Kinshasa-N'Djili Airport,FIH,FZAA,Democratic Republic of the Congo,-,-,-,-,5,139,4,137,-,-,-
19951218-1,Monday,18-DEC-1995,17:30,A1, Takeoff (TOF),"Ingleside-McCampbell-Porter Airport, TX (IWS)",United States of America,2,0, Damaged beyond repair,-,Beechcraft 200 Super King Air,-,-,1981,-,-, N231RL, BB-868,Western Airways,Illegal Flight,-,Houston-West Houston Airport,IWS,KIWS,United States of America,-,-,-,-,1,1,0,0,-,-,Final
19951220-0,Wednesday,20-DEC-1995,11:36,A1, Takeoff (TOF),"New York-John F. Kennedy International Airport, NY (JFK)",United States of America,468,0, Substantial, Written off (damaged beyond repair),Boeing 747-136,4,Pratt & Whitney JT9D-7A,1971,17726.0,90456.0, N605FF, 20271/172,Tower Air,Domestic Scheduled Passenger,  41,New York-John F. Kennedy International Airport,JFK,KJFK,United States of America,Miami International Airport,MIA,KMIA,United States of America,17,451,0,0,-,-,Final
19951220-1,Wednesday,20-DEC-1995,21:38,A1, Approach (APR),Buga,Colombia,163,159, Destroyed, Written off (damaged beyond repair),Boeing 757-223,2,Rolls-Royce RB211-535E4B,1991,4922.0,13782.0, N651AA, 24609/390,American Airlines,International Scheduled Passenger,AA965,Miami International Airport,MIA,KMIA,United States of America,Cali-Alfonso Bonilla Aragón Airport,CLO,SKCL,Colombia,8,155,8,151,-,-,Final
19951221-0,Thursday,21-DEC-1995,-,A1, Landing (LDG),Krasnodar Airport (KRR),Russia,-,0, Damaged beyond repair,-,Antonov An-24RV,2,Ivchenko AI-24VT,1972,-,-, RA-46473, 27308001,Kuban Airlines,Unknown,-,-,-,-,-,Krasnodar Airport,KRR,URKK,Russia,-,-,0,0,-,-,-
19951222-0,Friday,22-DEC-1995,-,A1, Landing (LDG),Begesin Airstrip,Papua New Guinea,12,2, Damaged beyond repair,-,Britten-Norman BN-2A-21 Islander,-,-,1971,-,-, P2-NAM, 207,Islands Nationair,Domestic Scheduled Passenger,-,Madang Airport,MAG,AYMD,Papua New Guinea,-,-,-,-,1,11,1,1,-,-,-
19951223-0,Saturday,23-DEC-1995,-,A1, Takeoff (TOF),Rancagua,Chile,-,1, Damaged beyond repair,-,CASA C-212-M Aviocar 100,-,-,1978,-,-, 212, 107,Chilean Army,Military,-,-,-,-,-,-,-,-,-,-,-,0,1,-,-,-
19951223-1,Saturday,23-DEC-1995,06:07,A2, Taxi (TXI),Novy Urengoy Airport (NUX),Russia,11,0, Substantial, Repaired,Antonov An-74-200,-,-,1995,-,-, RA-74058, 36547098956,Gazpromavia,Cargo,-,Novy Urengoy Airport,NUX,USMU,Russia,Tiksi Airport,IKS,UEST,Russia,6,5,0,0,-,-,-
19951226-0,Tuesday,26-DEC-1995,-,H2, En route (ENR),Asmara International Airport (ASM),Eritrea,185,0, None,-,Airbus A300B4-620 ?,-,-,-,-,-, registration unknown,-,Saudi Arabian,International Scheduled Passenger,-,Jeddah-King Abdulaziz International Airport,JED,OEJN,Saudi Arabia,Addis Ababa-Bole Airport,ADD,HAAB,Ethiopia,-,-,0,0,-,-,-
19951227-0,Wednesday,27-DEC-1995,-,A1, Landing (LDG),Tiksi Airport (IKS),Russia,-,0, Damaged beyond repair,-,Antonov An-2TP,-,-,1966,-,-, RA-96244, 1G72-28,Sakha Avia,Unknown,-,-,-,-,-,Tiksi Airport,IKS,UEST,Russia,-,-,0,0,-,-,-
19951227-1,Wednesday,27-DEC-1995,12:30,A1, Initial climb (ICL),Novy Bor Airstrip,Russia,14,0, Substantial, Written off (damaged beyond repair),Antonov An-2TP,-,-,1968,-,-, RA-32366, 1G100-17,Komi Avia,Domestic Scheduled Passenger,-,-,-,-,-,Ust-Tsylma Airport,UTS,UUYX,Russia,2,12,0,0,-,-,-
19951229-0,Friday,29-DEC-1995,00:25,A1, Approach (APR),Saransk,Russia,5,0, Substantial, Written off (damaged beyond repair),Antonov An-24B,-,-,1967,-,-, RA-46401, 77303904,Saransk Flight Unit,Cargo,-,Samara Airport,KUF,UWWW,Russia,Saransk Airport,SKX,UWPS,Russia,3,2,0,0,-,-,-
19951230-0,Saturday,30-DEC-1995,17:25,A1, Landing (LDG),Istanbul-Atatürk Airport (IST),Turkey,81,0, Damaged beyond repair,-,BAC One-Eleven 525FT,2,Rolls-Royce Spey 512-14DW,1982,-,-, YR-BCO, 272,Tarom,International Scheduled Passenger, 261,Bucharest-Otopeni International Airport,OTP,LROP,Romania,Istanbul-Atatürk International Airport,IST,LTBA,Turkey,6,75,0,0,-,-,-
19951230-1,Saturday,30-DEC-1995,14:43,A1, Approach (APR),"0,4 km (0.3 mls) from  Eagle River Airport, WI (EGV)",United States of America,2,2, Destroyed, Written off (damaged beyond repair),Cessna 560 Citation V,2,Pratt & Whitney Canada JT15D-5A,-,-,1572.0, N991PC, 560-0043,Iowa Packing Company,Unknown,-,Des Moines Airport,DSM,KDSM,United States of America,Eagle River Airport,EGV,KEGV,United States of America,2,0,2,0,-,-,Final
19951231-0,Sunday,31-DEC-1995,12:25,A1, Approach (APR),"ca 9 km N of Marco Island Airport, FL (MRK)",United States of America,2,2, Destroyed, Written off (damaged beyond repair),Cessna 550 Citation II,2,Pratt & Whitney Canada JT15D-4,1979,-,6025.0, N91MJ, 550-0101,Moran Foods,Executive,-,Saint Louis-Bi-State Parks Airport,CPS,KCPS,United States of America,Marco Island Airport,MRK,KMKY,United States of America,2,0,2,0,-,-,Final
19950501-2,Monday,01-MAY-1995,17:20,A2, Takeoff (TOF),"Taguatinga Airport, TO (QHN)",Brazil,3,0, Substantial, Repaired,Boeing 727-21F,3,Pratt & Whitney JT8D-7B,1965,-,-, HK-1717, 18993/215,Aerosucre Colombia,Cargo,-,Buenos Aires/Ezeiza-Ministro Pistarini Airport,EZE,SAEZ,Argentina,Taguatinga Airport,QHN,SWTY,Brazil,3,0,0,0,-,-,-
19950503-0,Wednesday,03-MAY-1995,23:45,A1, En route (ENR),ca 50 km SSE of Quito-Mariscal Sucre Airport (UIO),Ecuador,7,7, Destroyed, Written off (damaged beyond repair),Grumman G-1159 Gulfstream II,-,-,1970,-,-, N409MA,  83,American Jet,Executive,-,La Paz-El Alto Airport,LPB,SLLP,Bolivia,Quito-Mariscal Sucre Airport,UIO,SEQU,Ecuador,2,5,2,5,-,-,Preliminary - official
19950504-0,Thursday,04-MAY-1995,10:42,A1, Initial climb (ICL),"1,3 km (0.8 mls) SSW of Sibay Airport, Bashkortostan",Russia,7,3, Damaged beyond repair,-,Antonov An-2,-,-,-,-,-, RA-19550,-,Magnitogorsk ROSTO,Survey/research,-,-,-,-,-,Magnitogorsk Airport,MQF,USCM,Russia,2,5,1,2,-,-,-
19950506-0,Saturday,06-MAY-1995,16:30,A2, Takeoff (TOF),Comayagua-Palmerola Air Base (XPL),Honduras,3,0, Substantial, Repaired,Cessna 550 Citation II,-,-,1989,-,9696.0, N26496, 550-0607,U.S. Dept. of Homeland Security,Unknown,-,Comayagua-Palmerola Air Base,XPL,MHCG,Honduras,Panama City-Tocumen International Airport,PTY,MPTO,Panama,2,1,0,0,-,-,Final
19950509-0,Tuesday,09-MAY-1995,-,A2, Landing (LDG),Lukapa Airport (LBZ),Angola,-,0, Damaged beyond repair,-,Antonov An-12B,-,-,1972,-,-, RA-11127, 02348202,Pulkovo,Unknown,-,-,-,-,-,Lukapa Airport,LBZ,FNLK,Angola,-,-,0,0,-,-,-
19950509-1,Tuesday,09-MAY-1995,16:35,A1, Approach (APR),"5,1 km (3.2 mls) N of Villavicencio-La Vanguardia Airport (VVC)",Colombia,9,9, Destroyed, Written off (damaged beyond repair),Curtiss C-46F-1-CU Commando,2,Pratt & Whitney R-2800-83AM12,1945,-,21406.0, HK-3079-G, 22538,COINCO,Cargo,-,Mitú Airport,MVP,SKMU,Colombia,Villavicencio-La Vanguardia Airport,VVC,SKVV,Colombia,2,7,2,7,-,-,Final
19950511-0,Thursday,11-MAY-1995,-,A2, Landing (LDG),Jayapura-Sentani Airport (DJJ),Indonesia,6,0, Substantial, Repaired,Lockheed L-100-30 Hercules,-,-,1979,-,-, PK-PLU, 4824,Pelita Air Service,Cargo,-,Jayapura-Sentani Airport,DJJ,WAJJ,Indonesia,Wamena Airport,WMX,WAJW,Indonesia,5,1,0,0,-,-,Preliminary - official
19950513-0,Saturday,13-MAY-1995,-,A1, En route (ENR),"Bliss Canyon, ID",United States of America,6,6, Damaged beyond repair,-,Lockheed C-130E Hercules,4,Allison T56-A-7,1963,-,-, 62-1838, 3801,USAF,Military,-,Boise Air Terminal,BOI,KBOI,United States of America,Colorado Springs-Peterson Field,COS,KCOS,United States of America,6,0,6,0,-,-,-
19950515-0,Monday,15-MAY-1995,-,A1, Landing (LDG),"Manaus Air Base, AM (PLL)",Brazil,-,-, Damaged beyond repair,-,de Havilland Canada C-115 Buffalo (DHC-5),-,-,1969,-,-, 2361, 31,Brazilian AF,Military,-,-,-,-,-,Manaus Air Base,PLL,SBMN,Brazil,-,-,-,-,-,-,-
19950516-0,Tuesday,16-MAY-1995,-,A1, En route (ENR),"7,2 km (4.5 mls) NE off  Lossiemouth",United Kingdom,7,0, Damaged beyond repair,-,British Aerospace Nimrod R.1P,4,Rolls-Royce Spey 251,-,-,-, XW666, 8041,RAF,Military,-,Forres-Kinloss RAF Station,FSS,EGQK,United Kingdom,Forres-Kinloss RAF Station,FSS,EGQK,United Kingdom,7,0,0,0,-,-,Final
19950519-0,Friday,19-MAY-1995,18:39,A1, Landing (LDG),Vitoria Airport (VIT),Spain,4,0, Damaged beyond repair,-,Convair CV-580F SCD,-,-,1956,-,-, EC-899, 354,Swiftair,Training,-,-,-,-,-,Vitoria Airport,VIT,LEVT,Spain,2,2,0,0,-,-,-
19950522-1,Monday,22-MAY-1995,-,A1, Approach (APR),San Borja-Capitan G.Q. Guardia Airport (SRJ),Bolivia,4,1, Damaged beyond repair,-,Convair CV-440,2,Pratt & Whitney R-2800,1953,-,-, CP-2142, 120,SASA,Cargo,-,San Borja-Capitan G.Q. Guardia Airport,SRJ,SLSB,Bolivia,-,-,-,-,3,1,0,1,-,-,-
19950523-0,Tuesday,23-MAY-1995,08:10,A2, Takeoff (TOF),"Rogers Municipal Airport-Carter Field, AR (ROG)",United States of America,7,0, Substantial, Repaired,Learjet 35A,-,-,-,-,6506.0, N450MC, 35-368,Wal-Mart Aviation,Executive,-,Rogers Municipal Airport-Carter Field,ROG,KROG,United States of America,Toluca Airport,TLC,MMTO,Mexico,2,5,0,0,-,-,Final
19950524-0,Wednesday,24-MAY-1995,17:51,A1, En route (ENR),10 km (6.3 mls) NE of Leeds/Bradford Airport (LBA),United Kingdom,12,12, Destroyed, Written off (damaged beyond repair),Embraer EMB-110P1 Bandeirante,2,Pratt & Whitney Canada PT6A-34,1980,-,15348.0, G-OEAA, 110256,Euroair,Domestic Scheduled Passenger,NE816,Leeds/Bradford Airport,LBA,EGNM,United Kingdom,Aberdeen-Dyce Airport,ABZ,EGPD,United Kingdom,3,9,3,9,-,-,Final
19950524-1,Wednesday,24-MAY-1995,12:48,A2, Taxi (TXI),"West Palm Beach International Airport, FL (PBI)",United States of America,136,0, Substantial, Repaired,Boeing 727-232,-,-,-,-,60114.0, N489DA, 21019/1097,Delta Air Lines,Domestic Scheduled Passenger,DL1522,West Palm Beach International Airport,PBI,KPBI,United States of America,Atlanta-William B. Hartsfield International Airport,ATL,KATL,United States of America,6,130,0,0,-,-,Final
19950525-0,Thursday,25-MAY-1995,15:15,A1, Approach (APR),near Miraflores Airport (MFS),Colombia,13,5, Destroyed, Written off (damaged beyond repair),Douglas DC-3C,2,Pratt & Whitney R-1830-92,1944,-,15000.0, HK-3213, 25659/14214,LACOL Colombia,Cargo,-,Villavicencio-La Vanguardia Airport,VVC,SKVV,Colombia,Miraflores Airport,MFS,SKMF,Colombia,4,9,2,3,-,-,Final
19950528-0,Sunday,28-MAY-1995,23:48,A2, En route (ENR),near Hong Kong-Kai Tak International Airport (HKG),Hong Kong,419,0, Substantial, Repaired,Boeing 747-467,4,Rolls-Royce RB211-524G,1991,-,-, VR-HOX, 24955/877,Cathay Pacific,International Scheduled Passenger,-,Hong Kong-Kai Tak International Airport,HKG,VHHH,Hong Kong,Frankfurt International Airport,FRA,EDDF,Germany,21,398,0,0,-,-,-
19950531-0,Wednesday,31-MAY-1995,22:10,A1, Landing (LDG),Madang Airport (MAG),Papua New Guinea,39,0, Damaged beyond repair,-,Fokker F-28 Fellowship 1000,-,-,1972,-,-, P2-ANB, 11049,Air Niugini,Domestic Scheduled Passenger, 128,Lae-Nadzab Airport,LAE,AYNZ,Papua New Guinea,Madang Airport,MAG,AYMD,Papua New Guinea,4,35,0,0,-,-,-
19950599-0,-,xx-MAY-1995,-,U1, Unknown (UNK),at an unknown location,Suriname,-,-, Damaged beyond repair,-,Britten-Norman BN-2A-8 Islander,-,-,1975,-,-, N454CT, 454,Perna Aviation,Unknown,-,-,-,-,-,-,-,-,-,-,-,-,-,-,-,-
19950603-0,Saturday,03-JUN-1995,11:30,A2, Taxi (TXI),"Minneapolis-St. Paul International Airport, MN (MSP)",United States of America,115,0, Substantial, Repaired,Airbus A320-211,-,-,-,-,11164.0, N326US, 282,Northwest Airlines,Domestic Scheduled Passenger,NW115,Minneapolis-St. Paul International Airport,MSP,KMSP,United States of America,Santa Ana-John Wayne International Airport,SNA,KSNA,United States of America,7,108,0,0,-,-,Final
19950605-0,Monday,05-JUN-1995,14:00,A2, Landing (LDG),"Nixon Fork Mine, AK",United States of America,3,0, Substantial, Repaired,Lockheed L-100-30 Hercules,-,-,1972,-,45737.0, N906SJ, 4477,Southern Air Transport,Cargo,-,Anchorage-Ted Stevens International Airport,ANC,PANC,United States of America,-,-,-,-,3,0,0,0,-,-,Final
19950607-0,Wednesday,07-JUN-1995,13:00,A1, En route (ENR),Lielvarde Air Base,Latvia,2,2, Damaged beyond repair,-,Let L-410UVP,-,-,1983,-,-, 146, 831135,Latvian AF,Military,-,-,-,-,-,-,-,-,-,2,0,2,0,-,-,-
19950607-1,Wednesday,07-JUN-1995,-,A1, Takeoff (TOF),Hohenems Airport (HOH),Austria,24,0, Damaged beyond repair,-,Shorts SC.7 Skyvan 3-100,2,Garrett TPE331-2-201A,1972,-,-, OE-FDL, SH.1904,Pink Aviation Services,Parachuting,-,Hohenems-Dornbin Airport,HOH,LOIH,Austria,-,-,-,-,1,23,0,0,-,-,-
19950608-0,Thursday,08-JUN-1995,19:08,A1, Takeoff (TOF),"Atlanta-William B. Hartsfield International Airport, GA (ATL)",United States of America,62,0, Substantial, Written off (damaged beyond repair),McDonnell Douglas DC-9-32,2,Pratt & Whitney JT8D-7B,1969,-,630.0, N908VJ, 47321/455,ValuJet Airlines,Domestic Scheduled Passenger, 597,Atlanta-William B. Hartsfield International Airport,ATL,KATL,United States of America,Miami International Airport,MIA,KMIA,United States of America,5,57,0,0,-,-,Final
19950609-0,Friday,09-JUN-1995,09:22,A1, Approach (APR),16 km (10 mls) E of Palmerston North,New Zealand,21,4, Damaged beyond repair,-,de Havilland Canada DHC-8-102,2,Pratt & Whitney Canada PW120A,1986,24976.0,22154.0, ZK-NEY, 055,Ansett New Zealand,Domestic Scheduled Passenger, 703,Auckland International Airport,AKL,NZAA,New Zealand,Palmerston North Airport,PMR,NZPM,New Zealand,3,18,1,3,-,-,Final
19950612-0,Monday,12-JUN-1995,-,A1, Unknown (UNK),Nairobi,Kenya,-,-, Damaged beyond repair,-,Reims Cessna F406 Caravan II,2,Pratt & Whitney Canada PT6A-112,-,-,-, 5Y-ING, F406-0024,Tawakal Airlines,Unknown,-,-,-,-,-,-,-,-,-,-,-,-,-,-,-,-
19950612-1,Monday,12-JUN-1995,10:40,A1, Landing (LDG),Magdalena de Kino Airport,Mexico,4,0, Damaged beyond repair,-,Learjet 35,-,-,1975,-,-, XA-SVX, 35-012,Servicios Turísticos,Domestic Non Scheduled Passenger,-,Veracruz-General Heriberto Jara Corona International Airport,VER,MMVR,Mexico,Nogales Airport,NOG,MMNG,Mexico,2,2,0,0,-,-,Final
19950614-0,Wednesday,14-JUN-1995,-,A1, Unknown (UNK),near Volgograd,Russia,-,-, Damaged beyond repair,-,Antonov An-2R,-,-,1982,-,-, CCCP-68142, 1G195-47,Volga Airlines / Aeroflot,Unknown,-,-,-,-,-,-,-,-,-,-,-,-,-,-,-,-
19950615-0,Thursday,15-JUN-1995,15:07,A1, Landing (LDG),Taitung Airport (TTT),Taiwan,19,0, Damaged beyond repair,-,Dornier 228-201,-,-,1987,-,-, B-12288, 8142,Formosa Airlines,Domestic Scheduled Passenger,-,Green Island Airport,GNI,RCGI,Taiwan,Taitung Airport,TTT,RCFN,Taiwan,2,17,0,0,-,-,-
19950616-0,Friday,16-JUN-1995,-,A1, Landing (LDG),Jeremie Airport (JEE),Haiti,35,0, Damaged beyond repair,-,Fokker F-27 Friendship 400M,-,-,1969,-,-, TC-73, 10407,LADE,Non Scheduled Passenger,-,-,-,-,-,Jeremie Airport,JEE,MTJE,Haiti,4,31,0,0,-,-,-
19950616-1,Friday,16-JUN-1995,19:32,A2, Landing (LDG),Keperveyem Airport,Russia,8,0, Substantial, Repaired,Antonov An-74,2,Lotarev D-36,1992,-,-, RA-74041, 47096924,Aviakor,Cargo,-,Igarka Airport,IAA,UOII,Russia,-,-,-,-,6,2,0,0,-,-,-
19950616-2,Friday,16-JUN-1995,-,A1, En route (ENR),22 km (13.8 mls) from  Herpuchi,Russia,14,13, Damaged beyond repair,-,Antonov An-2P,-,-,1975,-,-, RA-07743, 1G159-18,Nikolayevski Aviation Enterprise,Domestic Scheduled Passenger,-,-,-,-,-,-,-,-,-,2,12,2,11,-,-,-
19950617-0,Saturday,17-JUN-1995,-,A1, Approach (APR),15 km (9.4 mls) E of Catumbela Airport (CBT),Angola,53,48, Damaged beyond repair,-,CASA C-212 Aviocar 200,-,-,1985,-,-, T-401, 326,Angolan AF,Domestic Non Scheduled Passenger,-,Ondjiva Airport,VPE,FNGI,Angola,Catumbela Airport,CBT,FNCT,Angola,3,50,3,45,-,-,-
19950617-1,Saturday,17-JUN-1995,-,A1, Unknown (UNK),43 km (26.9 mls) from  Nukus,Uzbekistan,-,-, Damaged beyond repair,-,Antonov An-2R,-,-,-,-,-, UK-33058, 1G218-45,Uzbekistan Airways,Unknown,-,-,-,-,-,-,-,-,-,-,-,-,-,-,-,-
19950618-0,Sunday,18-JUN-1995,-,A1, Taxi (TXI),Green Island Airport (GNI),Taiwan,19,0, Damaged beyond repair,-,Dornier 228-201,-,-,1983,-,-, B-12208, 8008,Formosa Airlines,Domestic Scheduled Passenger,-,Green Island Airport,GNI,RCGI,Taiwan,-,-,-,-,2,17,0,0,-,-,-
19950621-0,Wednesday,21-JUN-1995,11:08,A1, Approach (APR),"1,6 km (1 mls) E of Ramona, CA",United States of America,2,2, Destroyed, Written off (damaged beyond repair),Douglas C-54G,4,Pratt & Whitney R-2000-3,1945,-,23507.0, N4989P, 36082,Aero Union,Fire fighting,-,Hemet-Ryan Field,HMT,KHMT,United States of America,Hemet-Ryan Field,HMT,KHMT,United States of America,2,0,2,0,1,-,Final
19950621-1,Wednesday,21-JUN-1995,-,H2, En route (ENR),Hakodate Airport (HKD),Japan,365,0, None,-,Boeing 747SR-81,-,-,1980,-,-, JA8146, 22292/456,All Nippon,Domestic Scheduled Passenger,NH857,Tokyo-Haneda Airport,HND,RJTT,Japan,Hakodate Airport,HKD,RJCH,Japan,15,350,0,0,-,-,-
19950623-0,Friday,23-JUN-1995,-,A1, Approach (APR),8 km (5 mls) from  Tepic Airport (TPQ),Mexico,7,2, Damaged beyond repair,-,Learjet 35A,2,Garrett TFE731-2-2B,1981,-,-, XA-SWF, 35A-391,Aereo Reservaciones Ejecutivas ,Domestic Non Scheduled Passenger,-,Ciudad Obregon Airport,CEN,MMCN,Mexico,Toluca Airport,TLC,MMTO,Mexico,2,5,2,0,-,-,-
19950624-0,Saturday,24-JUN-1995,16:05,A1, Landing (LDG),Lagos-Murtala Muhammed Airport (LOS),Nigeria,80,16, Damaged beyond repair,-,Tupolev Tu-134A,-,-,1974,15740.0,24844.0, RA-65617, 4308068,Komi Avia,Domestic Scheduled Passenger,-,Kaduna Airport,KAD,DNKA,Nigeria,Lagos-Murtala Muhammed International Airport,LOS,DNMM,Nigeria,6,74,0,16,-,-,-
19950627-0,Tuesday,27-JUN-1995,09:50,A1, En route (ENR),near La Romana,Dominican Republic,2,2, Damaged beyond repair,-,Convair CV-440-98F,-,-,1957,-,-, N356SA, 432,Salair,Cargo,-,Santo Domingo-Las Américas International Airport,SDQ,MDSD,Dominican Republic,Aguadilla-Borinquen Airport,BQN,TJBQ,Puerto Rico,2,0,2,0,-,-,-
19950627-1,Tuesday,27-JUN-1995,-,A2, Landing (LDG),Pastaza-Shell AFB,Ecuador,4,0, Substantial, Repaired,IAI Arava 201,-,-,1975,-,-, T-204, 019,Ecuador Air Force,Military,-,-,-,-,-,Pastaza-Shell Mera Airport,PTZ,SESM,Ecuador,-,-,0,0,-,-,-
19950701-0,Saturday,01-JUL-1995,08:40,A1, Landing (LDG),Baroda (Vadodara) Airport (BDQ),India,3,0, Damaged beyond repair,-,Fokker F-27 Friendship 500RF,-,-,1980,-,-, VT-EWE, 10605,East West Airlines,Training,-,Vadodara Airport,BDQ,VABO,India,Vadodara Airport,BDQ,VABO,India,3,0,0,0,-,-,Final
19950701-1,Saturday,01-JUL-1995,-,A1, Approach (APR),8 km (5 mls) from  Kiunga,Papua New Guinea,3,2, Damaged beyond repair,-,de Havilland Canada C-7A Caribou (DHC-4),-,-,1961,-,-, P2-VTC,  13,Vanimo Trading,Cargo,-,Port Moresby-Jacksons International Airport,POM,AYPY,Papua New Guinea,Tabubil Airport,TBG,AYTB,Papua New Guinea,2,1,1,1,-,-,-
19950701-2,Saturday,01-JUL-1995,-,H2, En route (ENR),Noril'sk Airport (NSK),Russia,184,0, None,-,Ilyushin Il-62,-,-,-,-,-, registration unknown,-,Domodedovo Airlines,Domestic Scheduled Passenger,E396,Yakutat Airport,YAK,PAYA,United States of America,Moskva-Domodedovo Airport,DME,UUDD,Russia,10,174,0,0,-,-,-
19950708-0,Saturday,08-JUL-1995,-,A1, Approach (APR),Medouneu Airport (MDV),Gabon,8,0, Damaged beyond repair,-,Pilatus Britten-Norman BN-2B-27 Islander,-,-,1982,-,-, TR-LBJ, 2127,Air Inter Gabon,Domestic Scheduled Passenger,-,Libreville Airport,LBV,FOOL,Gabon,-,-,-,-,1,7,0,0,-,-,-
19950712-0,Wednesday,12-JUL-1995,-,A1, Landing (LDG),Istanbul-Atatürk Airport (IST),Turkey,6,0, Damaged beyond repair,-,Mitusbishi Mu-300 Diamond IA,-,-,-,-,-, TC-YIB, A051SA,Yibitas Air,Int'l Non Scheduled Passenger,-,-,-,-,-,Istanbul-Atatürk International Airport,IST,LTBA,Turkey,-,-,0,0,-,-,Preliminary
19950712-1,Wednesday,12-JUL-1995,08:00,A1, En route (ENR),2 km (1.3 mls) E of Alotau-Gurney Airport (GUR),Papua New Guinea,15,15, Damaged beyond repair,-,de Havilland Canada DHC-6 Twin Otter 300,2,Pratt & Whitney Canada PT6A-27,1969,-,-, P2-MBI, 275,Milne Bay Air,Domestic Scheduled Passenger,-,Alotau-Gurney Airport,GUR,AYGN,Papua New Guinea,-,-,-,-,2,13,2,13,-,-,-
19950716-0,Sunday,16-JUL-1995,-,A1, Unknown (UNK),near Zelyony Log,Russia,2,0, Damaged beyond repair,-,Antonov An-2R,-,-,1984,-,-, RA-81506, 1G208-06,Shakhtinsky ARZ,Agricultural,-,-,-,-,-,-,-,-,-,2,0,0,0,-,-,-
19950717-1,Monday,17-JUL-1995,21:55,A2, Taxi (TXI),"Los Angeles International Airport, CA (LAX)",United States of America,6,0, Substantial, Repaired,Embraer EMB-120RT Brasilia,-,-,-,-,12114.0, N268UE, 120207,United Express,Domestic Scheduled Passenger,-,Los Angeles International Airport,LAX,KLAX,United States of America,Palm Springs Municipal Airport,PSP,KPSP,United States of America,3,3,0,0,-,-,Final
19950717-4,Monday,17-JUL-1995,-,A1, Takeoff (TOF),Bintuni Airport (NTI),Indonesia,18,1, Damaged beyond repair,-,de Havilland Canada DHC-6 Twin Otter 300,2,Pratt & Whitney Canada PT6A-27,1975,-,-, PK-NUT, 473,Merpati Nusantara,Domestic Scheduled Passenger,-,Bintuni Airport,NTI,WASB,Indonesia,-,-,-,-,2,16,1,0,-,-,-
19950718-0,Tuesday,18-JUL-1995,-,A1, Approach (APR),Antananarivo-Ivato Airport (TNR),Madagascar,36,36, Damaged beyond repair,-,Douglas C-47A-80-DL (DC-3),2,Pratt & Whitney R-1830-92,1944,-,-, 5R-MMG, 19525,Madagascar AF,Domestic Non Scheduled Passenger,-,Maintirano Airport,MXT,FMMO,Madagascar,Antananarivo-Ivato Airport,TNR,FMMI,Madagascar,6,30,6,30,-,-,-
19950719-1,Wednesday,19-JUL-1995,10:50,A1, En route (ENR),"near Independence, NY",United States of America,2,1, Destroyed, Written off (damaged beyond repair),Douglas C-47A-75-DL (DC-3C),2,Pratt & Whitney R-1830-92,1944,-,16700.0, N54NA, 19475,private,Ferry/positioning,-,Elmira Regional Airport,ELM,KELM,United States of America,Kansas City Downtown Municipal Airport,MKC,KMKC,United States of America,2,0,1,0,-,-,Final
19950724-0,Monday,24-JUL-1995,13:36,A2, Landing (LDG),"Denver-Arapahoe County Airport, CO (APA)",United States of America,9,0, Substantial, Repaired,Gulfstream G-IV,-,-,1988,-,-, N400UP, 1054,Union Pacific Aviation,Executive,-,Allentown-Lehigh Valley International Airport,ABE,KABE,United States of America,Denver-Arapahoe County Airport,APA,KAPA,United States of America,2,7,0,0,-,-,-
19950724-1,Monday,24-JUL-1995,13:36,A2, Landing (LDG),"Denver-Centennial Airport, CO (APA)",United States of America,9,0, Substantial, Repaired,Gulfstream G-IV,2,Rolls-Royce Tay 611-8,1988,-,3380.0, N480UP, 1054,Union Pacific Aviation,Executive,-,Allentown-Lehigh Valley International Airport,ABE,KABE,United States of America,Denver-Centennial Airport,APA,KAPA,United States of America,2,7,0,0,-,-,Final
19950725-0,Tuesday,25-JUL-1995,-,A1, Initial climb (ICL),near Karimui Airport (KMR),Papua New Guinea,2,2, Damaged beyond repair,-,Britten-Norman BN-2A-20 Islander,-,-,1974,-,-, P2-TNT, 393,Transniugini,Domestic Non Scheduled Passenger,-,Karimui Airport,KMR,AYRI,Papua New Guinea,-,-,-,-,1,1,1,1,-,-,-
19950726-0,Wednesday,26-JUL-1995,-,A1, Landing (LDG),Monrovia-Sprigg Payne Airport (MLW),Liberia,91,0, Damaged beyond repair,-,McDonnell Douglas DC-9-31,2,Pratt & Whitney JT8D-7B,1968,-,-, 5N-BBA, 47217/360,ADC Airlines,International Scheduled Passenger,-,Accra-Kotoka Airport,ACC,DGAA,Ghana,Monrovia-Sprigg Payne Airport,MLW,GLMR,Liberia,9,82,0,0,-,-,-
19950726-1,Wednesday,26-JUL-1995,13:49,A2, Landing (LDG),"Minneapolis-Flying Cloud Airport, MN (FCM)",United States of America,3,0, Substantial, Repaired,Cessna S550 Citation S/II,-,-,-,-,4874.0, N72WC, S550-0037,Pioneer Private Aviation,Test,-,Minneapolis-Flying Cloud Airport,FCM,KFCM,United States of America,Minneapolis-Flying Cloud Airport,FCM,KFCM,United States of America,3,0,0,0,-,-,Final
19950729-0,Saturday,29-JUL-1995,-,A1, Approach (APR),Fane Airport (FNE),Papua New Guinea,12,0, Damaged beyond repair,-,PADC/Britten-Norman BN-2A-21 Islander,-,-,1977,-,-, P2-MBM, 503,Provincial Air Transport,Domestic Scheduled Passenger,-,-,-,-,-,-,-,-,-,1,11,0,0,-,-,-
19950730-0,Sunday,30-JUL-1995,-,H2, En route (ENR),Villavicencio-La Vanguardia Airport (VVC),Colombia,3,1, Unknown,-,Cessna 208B Grand Caravan,1,Pratt & Whitney Canada PT6A-114A,1993,-,-, YN-CED, 208B0341,La Costena,Domestic Non Scheduled Passenger,-,Managua-Augusto C. Sandino Airport,MGA,MNMG,Nicaragua,Bluefield-Mercer County Airport,BLF,KBLF,United States of America,1,2,1,0,-,-,-
19950731-1,Monday,31-JUL-1995,12:44,A1, Approach (APR),ca 2 km off Labuan Airport (LBU),Malaysia,6,3, Damaged beyond repair,-,de Havilland Canada DHC-4A Caribou,-,-,1969,-,-, M21-13, 281,Royal Malaysian AF,Military,-,Labuan Airport,LBU,WBKL,Malaysia,Labuan Airport,LBU,WBKL,Malaysia,6,0,3,0,-,-,-
19950802-0,Wednesday,02-AUG-1995,-,A1, Initial climb (ICL),Johannesburg/Germiston-Rand Airport (QRA),South Africa,3,3, Damaged beyond repair,-,Antonov An-2R,-,-,-,-,-, RA-05708, 1G153-21,Aero Air,Unknown,-,Johannesburg/Germiston-Rand Airport,QRA,FAGM,South Africa,-,-,-,-,-,-,-,-,-,-,-
19950803-0,Thursday,03-AUG-1995,-,H2, En route (ENR),Hangzhou Airport (HGH),China,-,0, None,-,Airbus A300B4-605R,2,General Electric CF6-80C2A5,-,-,-, registration unknown,-,China Eastern,Domestic Scheduled Passenger,-,Shanghai-Hongqiao Airport,SHA,ZSSS,China,Guangzhou-Baiyun Airport,CAN,ZGGG,China,-,105,0,0,-,-,-
19950803-1,Thursday,03-AUG-1995,15:27,A2, Landing (LDG),"Portland International Airport, OR (PDX)",United States of America,18,0, Substantial, Repaired,Dornier 328-110,-,-,-,-,2928.0, N335PH, 3013,Horizon Air,Domestic Scheduled Passenger,2692,Redding Airport,RDD,KRDD,United States of America,Portland International Airport,PDX,KPDX,United States of America,3,15,0,0,-,-,Final
19950804-0,Friday,04-AUG-1995,11:47,A2, Landing (LDG),Ujung Pandang-Hasanudin Airport (UPG),Indonesia,79,0, Substantial,-,Fokker F-28 Fellowship 4000,-,-,1983,-,-, PK-GKN, 11196,Merpati Nusantara,Domestic Scheduled Passenger,-,-,-,-,-,Ujung Pandang-Hasanudin Airport,UPG,WAAA,Indonesia,4,75,0,0,-,-,Preliminary - official
19950805-0,Saturday,05-AUG-1995,21:10,A2, Taxi (TXI),"Orlando International Airport, FL (MCO)",United States of America,165,0, Substantial, Repaired,Boeing 727-264,-,-,1982,-,37499.0, N764AT, 22984/1813,American Trans Air,Domestic Scheduled Passenger,-,Orlando International Airport,MCO,KMCO,United States of America,Milwaukee-General Mitchell Airport,MKE,KMKE,United States of America,7,158,0,0,-,-,Final
19950809-0,Wednesday,09-AUG-1995,-,A1, En route (ENR),Kumawa Mountains,Indonesia,10,10, Damaged beyond repair,-,Hawker Siddeley HS-748-216 Srs. 2A,-,-,1974,-,-, PK-KHL, 1735,Bouraq Indonesia,Domestic Non Scheduled Passenger,-,Langgur-Dumatubun Airport,LUV,WAPL,Indonesia,Kaimana-Utarom Airport,KNG,WASK,Indonesia,6,4,6,4,-,-,-
19950809-1,Wednesday,09-AUG-1995,20:14,A1, Approach (APR),24 km (15 mls) NE of San Salvador,El Salvador,65,65, Destroyed, Written off (damaged beyond repair),Boeing 737-2H6,2,Pratt & Whitney JT8D-15A,1987,20323.0,16645.0, N125GU, 23849/1453,Aviateca,International Scheduled Passenger, 901,Guatemala City-La Aurora Airport,GUA,MGGT,Guatemala,San Salvador-Comalapa International Airport,SAL,MSLP,El Salvador,7,58,7,58,-,-,Final
19950809-2,Wednesday,09-AUG-1995,18:25,A2, En route (ENR),"Sierras Grandes, CD",Argentina,29,1, Minor, Repaired,CASA CN-235-100,-,-,1990,-,-, LV-VHM, 030,Inter Austral,Domestic Scheduled Passenger,2306,Córdoba-Pajas Blancas Airport,COR,SACO,Argentina,Mendoza-El Plumerillo Airport,MDZ,SAME,Argentina,3,26,1,0,-,-,-
19950810-1,Thursday,10-AUG-1995,-,A1, Unknown (UNK),Mezhdurechensk,Russia,25,0, Damaged beyond repair,-,Antonov An-2R,-,-,-,-,-, RA-40371, 1G222-50,UraiAvia,Passenger,-,-,-,-,-,-,-,-,-,-,-,0,0,-,-,-
19950811-0,Friday,11-AUG-1995,10:30,A2, En route (ENR),"Nikolai Airport, AK (NIB)",United States of America,1,0, Substantial, Repaired,Shorts SC.7 Skyvan 3-100,-,-,-,-,5965.0, N504FS, SH.1953,FS Air Service,Cargo,-,Anchorage-Ted Stevens International Airport,ANC,PANC,United States of America,Nikolai Airport,NIB,PAFS,United States of America,1,0,0,0,-,-,Final
19950814-0,Monday,14-AUG-1995,09:43,A1, En route (ENR),22 km (13.8 mls) N of Toez,Colombia,8,8, Destroyed, Written off (damaged beyond repair),Embraer EMB-110P1 Bandeirante,2,Pratt & Whitney Canada PT6A-34,1980,-,29923.0, HK-2594, 110310,AIRES Colombia,Domestic Scheduled Passenger, 413,Neiva-Benito Salas Airport,NVA,SKNV,Colombia,Cali-Alfonso Bonilla Aragón Airport,CLO,SKCL,Colombia,2,6,2,6,-,-,Final
19950815-0,Tuesday,15-AUG-1995,-,H2, En route (ENR),Cape Town International Airport (CPT),South Africa,104,0, None,-,Boeing 727-023,-,-,-,-,-, registration unknown,-,Phoenix Airways,Domestic Scheduled Passenger, 506,Cape Town International Airport,CPT,FACT,South Africa,Johannesburg International Airport,JNB,FAJS,South Africa,7,97,0,0,-,-,-
19950817-0,Thursday,17-AUG-1995,-,A1, Takeoff (TOF),Haifa Airport (HFA),Israel,11,0, Damaged beyond repair,-,Britten-Norman BN-2A Islander,2,Lycoming O-540-E4C5,1969,-,-, 4X-CCO, 139,Barak Aviation Services,Passenger,-,Haifa Airport,HFA,LLHA,Israel,-,-,-,-,1,10,0,0,-,-,-
19950817-1,Thursday,17-AUG-1995,18:27,A2, Standing (STD),"Philadelphia International Airport, PA (PHL)",United States of America,31,0, Substantial, Repaired,Saab 340A,-,-,-,-,16806.0, N742BA, 340A-092,Business Express,Domestic Scheduled Passenger,426,Philadelphia International Airport,PHL,KPHL,United States of America,New York-John F. Kennedy International Airport,JFK,KJFK,United States of America,3,28,0,0,-,-,Final
19950817-2,Thursday,17-AUG-1995,23:00,A1, Landing (LDG),N'Djamena Airport (NDJ),Chad,6,0, Damaged beyond repair,-,Boeing 707-321C,4,Pratt & Whitney JT3D-3B (HK),1968,-,-, YR-ABN, 19379/677,Air Afrique,Cargo,-,-,-,-,-,N'Djamena Airport,NDJ,FTTJ,Chad,6,0,0,0,-,-,-
19950819-1,Saturday,19-AUG-1995,09:06,A1, Approach (APR),"near Vancouver International Airport, BC (YVR)",Canada,3,1, Damaged beyond repair,-,Douglas C-47B-1-DL (DC-3C),-,-,1944,-,-, C-GZOF, 20833,Air North,Ferry/positioning,-,Vancouver International Airport,YVR,CYVR,Canada,Prince Rupert-Digby Island Airport,YPR,CYPR,Canada,3,0,1,0,-,-,Preliminary - official
19950820-0,Sunday,20-AUG-1995,14:55,A1, Landing (LDG),Jeremie Airport (JEE),Haiti,14,0, Damaged beyond repair,-,GAF Nomad N.22B,-,-,1979,-,-, N4826M, 102,Haiti Express Airways,Domestic Scheduled Passenger, 501,Port-au-Prince-Mais Gate Airport,PAP,MTPP,Haiti,Jeremie Airport,JEE,MTJE,Haiti,2,12,0,0,-,-,-
19950821-0,Monday,21-AUG-1995,12:53,A1, En route (ENR),"13 km (8.1 mls) W of Carrollton, GA",United States of America,29,8, Destroyed, Written off (damaged beyond repair),Embraer EMB-120ER Brasilia,2,Pratt & Whitney Canada PW118,1989,18171.0,17151.0, N256AS, 120122,Delta Connection,Domestic Scheduled Passenger, 529,Atlanta-William B. Hartsfield International Airport,ATL,KATL,United States of America,Gulfport-Biloxi Regional Airport,GPT,KGPT,United States of America,3,26,1,7,-,-,Final
19950823-0,Wednesday,23-AUG-1995,20:13,A1, En route (ENR),"720km W of Los Angeles, CA, USA",Pacific Ocean,236,0, Damaged beyond repair,-,Lockheed L-1011 TriStar 1,3,Rolls-Royce RB211-22B,1971,25813.0,52210.0, N781DL, 1003,Delta Air Lines,Domestic Scheduled Passenger,DL157,Los Angeles International Airport,LAX,KLAX,United States of America,Honolulu International Airport,HNL,PHNL,United States of America,10,226,0,0,-,-,Final
19950825-0,Friday,25-AUG-1995,14:19,A2, Landing (LDG),"Rasdhoo, Ari Atoll",Maldives,10,0, Substantial, Repaired,Cessna 208 Caravan I,-,-,1992,-,-, 8Q-MAT, 20800212,Maldivian Air Taxi,Passenger,-,Malé-Velana International Airport,MLE,VRMM,Maldives,-,-,-,-,-,-,0,0,-,-,-
19950828-0,Monday,28-AUG-1995,14:00,A1, Landing (LDG),"Posadas Airport, MI (PSS)",Argentina,2,0, Damaged beyond repair,-,Learjet 24,-,-,-,-,-, LV-WMR, 24-135 ,Medicorp,Ferry/positioning,-,-,-,-,-,Posadas Airport,PSS,SARP,Argentina,2,0,0,0,-,-,-
19950831-0,Thursday,31-AUG-1995,16:40,A1, Approach (APR),4 km (2.5 mls) from  Thessaloniki International Airport (SKG),Greece,6,6, Damaged beyond repair,-,Antonov An-26,-,-,-,-,-, TZ-347, 3303,Mali AF,Military,-,-,-,-,-,-,-,-,-,6,0,6,0,-,-,-
19950831-1,Thursday,31-AUG-1995,-,H2, En route (ENR),unknown,Papua New Guinea,7,0, None,-,Britten-Norman BN-2 Islander,-,-,-,-,-, registration unknown,-,Unknown,Passenger,-,-,-,-,-,-,-,-,-,1,6,0,0,-,-,-
19950901-0,Friday,01-SEP-1995,09:35,A2, Landing (LDG),"Murray Island Airport, QLD (MYI)",Australia,-,0, Substantial, Repaired,IRMA/Britten-Norman BN-2A-8 Islander,-,-,1977,-,-, VH-FCO, 845,Unknown,Domestic Non Scheduled Passenger,-,Horn Island Airport,HID,YHID,Australia,Murray Island Airport,MYI,YMUI,Australia,-,-,0,0,-,-,Final
19950901-1,Friday,01-SEP-1995,12:00,A1, En route (ENR),"10 km (6.3 mls) S of Farewell, AK",United States of America,1,1, Destroyed, Written off (damaged beyond repair),Shorts SC.7 Skyvan 3-200,2,Garrett TPE331-2-201A,1968,-,15798.0, N30GA, SH.1839,North Star Air Cargo,Ferry/positioning,-,Farewell Airport,FWL,PAFW,United States of America,Anchorage-Merrill Field,MRI,PAMR,United States of America,1,0,1,0,-,-,Final
19950902-0,Saturday,02-SEP-1995,-,A1, Maneuvering (MNV),"0,8 km (0.5 mls) off  Toronto, ON",Canada,7,7, Damaged beyond repair,-,British Aerospace Nimrod MR.2P,4,Rolls-Royce Spey 250,1971,-,-, XV239, 8014,RAF,Military,-,Toronto-Pearson International Airport,YYZ,CYYZ,Canada,Toronto-Pearson International Airport,YYZ,CYYZ,Canada,7,0,7,0,-,-,Final
19950903-0,Sunday,03-SEP-1995,-,H2, En route (ENR),Genève-Cointrin Airport (GVA),Switzerland,303,0, None,-,Airbus A300B2-1C,-,-,1978,-,-, F-BUAI, 062,Air Inter,International Scheduled Passenger,IT4617,Palma de Mallorca Airport,PMI,LEPA,Spain,Paris-Orly Airport,ORY,LFPO,France,10,293,0,0,-,-,- (No safety board investigation)
19950905-0,Tuesday,05-SEP-1995,08:40,A2, Landing (LDG),Lagos-Murtala Muhammed International Airport (LOS),Nigeria,11,0, Substantial, Repaired,Dassault Falcon 20F,2,General Electric CF700-2D2,1972,-,9957.0, 5N-EPN, 273,Aerocontractors,Executive,-,Port Harcourt Airport,PHC,DNPO,Nigeria,Lagos-Murtala Muhammed International Airport,LOS,DNMM,Nigeria,3,8,0,0,-,-,Final
19950905-1,Tuesday,05-SEP-1995,20:48,A2, En route (ENR),"8km SE of Sydney, NSW",Australia,-,0, Substantial, Repaired,de Havilland Canada DHC-6 Twin Otter 320,-,-,1981,-,-, VH-KZQ, 759,Aeropelican Air Services,Domestic Scheduled Passenger,-,Sydney-Kingsford Smith International Airport,SYD,YSSY,Australia,-,-,-,-,-,-,0,0,-,-,Final
19950906-0,Wednesday,06-SEP-1995,-,O1, Standing (STD),Montserrat ?,Montserrat,0,0, Damaged beyond repair,-,Britten-Norman BN-2A Islander,-,-,1969,-,-, VP-LMG, 70,Unknown,-,-,-,-,-,-,-,-,-,-,0,0,0,0,-,-,-
19950906-1,Wednesday,06-SEP-1995,12:20,A2, Taxi (TXI),"Miami International Airport, FL (MIA)",United States of America,78,0, Substantial, Repaired,Boeing 737-4Q8,-,-,1990,-,10624.0, N405KW, 24704/1855,Carnival Air Lines,International Scheduled Passenger,-,Miami International Airport,MIA,KMIA,United States of America,Port-au-Prince-Mais Gate Airport,PAP,MTPP,Haiti,6,72,0,0,-,-,Final
19950909-0,Saturday,09-SEP-1995,07:15,A1, Approach (APR),8 km (5 mls) from  La Macarena Airport (LMC),Colombia,22,22, Destroyed, Written off (damaged beyond repair),CASA C-212 Aviocar 200,-,-,1983,-,-, FAC-1152, 306,SATENA,Domestic Scheduled Passenger,-,Villavicencio-La Vanguardia Airport,VVC,SKVV,Colombia,-,-,-,-,4,18,4,18,-,-,-
19950911-0,Monday,11-SEP-1995,-,A1, Approach (APR),near Jalalabad Airport (JAA),Afghanistan,46,3, Damaged beyond repair,-,Antonov An-26B,2,Ivchenko AI-24VT,-,-,-, YA-BAO, 14305,Ariana Afghan Airlines,Domestic Scheduled Passenger,-,Kabul Airport,KBL,OAKB,Afghanistan,Jalalabad Airport,JAA,OAJL,Afghanistan,6,40,0,3,-,-,-
19950912-0,Tuesday,12-SEP-1995,-,A1, En route (ENR),4 km (2.5 mls) N off  Colombo,Sri Lanka,75,75, Damaged beyond repair,-,Antonov An-32B,2,Ivchenko AI-20,-,-,-, CR861, 3502,Sri Lanka AF,Military,-,Colombo-Ratmalana Airport,RML,VCCC,Sri Lanka,Jaffna-Palaly Air Base,JAF,VCCJ,Sri Lanka,5,70,5,70,-,-,-
19950915-0,Friday,15-SEP-1995,12:22,A1, Landing (LDG),Tawau Airport (TWU),Malaysia,53,34, Damaged beyond repair,-,Fokker 50,-,-,1990,-,-, 9M-MGH, 20174,Malaysia Airlines,Domestic Scheduled Passenger,MH2133,Kota Kinabalu Airport,BKI,WBKK,Malaysia,Tawau Airport,TWU,WBKW,Malaysia,4,49,2,32,-,-,-
19950915-1,Friday,15-SEP-1995,-,A2, Unknown (UNK),Wilcze Gardlo,Poland,-,-, Substantial, Repaired,Antonov An-2T,-,-,-,-,-, SP-EGC, 1G168-08,Aeroklub Pomorski,Unknown,-,-,-,-,-,-,-,-,-,-,-,-,-,-,-,-
19950915-2,Friday,15-SEP-1995,-,A2, En route (ENR),near waypoint GURKA,Atlantic Ocean,-,0, Minor, Repaired,McDonnell Douglas MD-11,-,-,1992,-,-, EI-CDJ, 48500/493,Garuda,Unknown,-,-,-,-,-,-,-,-,-,4,-,0,0,-,-,Preliminary - official
19950915-3,Friday,15-SEP-1995,11:28,A2, Landing (LDG),Saint Petersburg-Pulkovo Airport (LED),Russia,35,0, Substantial, Repaired,Tupolev Tu-134A,-,-,1976,-,-, RA-65027, 48485,Kaliningradavia,Domestic Scheduled Passenger,-,Kaliningrad-Khrabrovo Airport,KGD,UMKK,Russia,Saint Petersburg-Pulkovo Airport,LED,ULLI,Russia,6,29,0,0,-,-,-
19950916-0,Saturday,16-SEP-1995,-,O1, Standing (STD),Saint Thomas-Cyril E. King Airport (STT),U.S. Virgin Islands,0,0, Damaged beyond repair,-,Britten-Norman BN-2A Trislander Mk.III-2,3,Lycoming O-540-E4C5,1975,-,-, N127LB, 1010,Air St. Thomas,-,-,-,-,-,-,-,-,-,-,0,0,0,0,-,-,-
19950916-1,Saturday,16-SEP-1995,06:28,A1, Initial climb (ICL),"0,5 km (0.3 mls) ESE Tamworth Airport, NSW (TMW)",Australia,3,2, Damaged beyond repair,-,Swearingen SA227-AC Metro III,2,Garrett TPE331-11U-611G,1985,-,15105.0, VH-NEJ, AC-629B,Tamair,Training,-,Tamworth Airport,TMW,YSTW,Australia,Tamworth Airport,TMW,YSTW,Australia,3,0,2,0,-,-,Final
19950102-1,Monday,02-JAN-1995,-,A1, Landing (LDG),Kinshasa-N'Djili Airport (FIH),Democratic Republic of the Congo,-,0, Damaged beyond repair,-,Boeing 737-298C,2,Pratt & Whitney JT8D-15,1973,-,-, 9Q-CNI, 20793/333,Air Zaire,Unknown,-,-,-,-,-,Kinshasa-N'Djili Airport,FIH,FZAA,Democratic Republic of the Congo,-,-,0,0,-,-,-
19950103-0,Tuesday,03-JAN-1995,-,A1, Takeoff (TOF),Bili,Papua New Guinea,2,0, Damaged beyond repair,-,de Havilland Canada DHC-6 Twin Otter 310,2,Pratt & Whitney Canada PT6A-27,1969,-,-, P2-IAA, 244,Islands Nationair,Training,-,-,-,-,-,-,-,-,-,2,0,0,0,-,-,-
19950104-0,Wednesday,04-JAN-1995,-,H2, En route (ENR),Port Sudan Airport (PZU),Sudan,36,0, None,-,Fokker 50?,-,-,-,-,-, registration unknown,-,Sudan Airways,Domestic Scheduled Passenger,-,Khartoum-Civil Airport,KRT,HSSS,Sudan,Merowe Airport,MWE,HSMR,Sudan,3,33,0,0,-,-,-
19950105-0,Thursday,05-JAN-1995,20:45,A1, Approach (APR),near Isfahan-Shahid Beheshti Airport (IFN),Iran,12,12, Damaged beyond repair,-,Lockheed L-1329-25 JetStar II,4,Garrett TFE731,-,-,-, 1003, 5203,Iran AF,Military,-,Isfahan-Shahid Beheshti Airport,IFN,OIFM,Iran,Tehran-Mehrabad Airport,THR,OIII,Iran,6,6,6,6,-,-,-
19950105-1,Thursday,05-JAN-1995,18:58,A2, Landing (LDG),Ålesund-Vigra Airport (AES),Norway,38,0, Substantial, Repaired,Fokker 50,2,Pratt & Whitney Canada PW125B,1988,-,-, LN-BBA, 20130,Norwegian Air Shuttle,Domestic Scheduled Passenger, 314,Trondheim-Værnes Airport,TRD,ENVA,Norway,Ålesund-Vigra Airport,AES,ENAL,Norway,3,35,0,0,-,-,Final
19950108-0,Sunday,08-JAN-1995,-,A2, Approach (APR),"Toogoolawah Airport, QLD",Australia,1,0, Substantial, Repaired,Cessna 208 Caravan I,1,Pratt & Whitney Canada PT6A-114,1985,-,-, VH-MMV, 20800003,private,Parachuting,-,-,-,-,-,-,-,-,-,1,0,0,0,-,-,Final
19950110-0,Tuesday,10-JAN-1995,-,A1, En route (ENR),Molo Strait,Indonesia,14,14, Missing, Presumed damaged beyond repair,de Havilland Canada DHC-6 Twin Otter 300,2,Pratt & Whitney Canada PT6A-27,1973,-,-, PK-NUK, 390,Merpati Nusantara,Domestic Scheduled Passenger,MZ6715,Bima Airport,BMU,WADB,Indonesia,Ruteng Airport,RTG,WATG,Indonesia,4,10,4,10,-,-,-
19950110-1,Tuesday,10-JAN-1995,19:38,A1, Approach (APR),near Maria La Baja,Colombia,52,51, Destroyed, Written off (damaged beyond repair),Douglas DC-9-14,2,Pratt & Whitney JT8D-7A,1966,69716.0,65084.0, HK-3839X, 45742/26,Intercontinental de Aviación,Domestic Scheduled Passenger, 256,Bogotá-Eldorado Airport,BOG,SKBO,Colombia,Cartagena-Rafael Núñez Airport,CTG,SKCG,Colombia,5,47,5,46,-,-,Final
19950110-2,Tuesday,10-JAN-1995,-,O1, Standing (STD),"Lexington-Blue Grass Airport, KY (LEX)",United States of America,0,0, Damaged beyond repair,-,	Rockwell Sabreliner 60,-,-,1968,-,-, N771WW, 306-29,Wallace's Bookstore Inc,-,-,-,-,-,-,-,-,-,-,0,0,0,0,-,-,-
19950111-1,Wednesday,11-JAN-1995,18:05,A1, Initial climb (ICL),"2 km (1.3 mls) SSE of Flagstaff-Pulliam Field, AZ (FLG)",United States of America,1,1, Destroyed, Written off (damaged beyond repair),Cessna 208B Super Cargomaster,1,Pratt & Whitney Canada PT6A-114A,1990,-,2439.0, N746FE, 208B0236,FedEx,Cargo,-,Flagstaff-Pulliam Field,FLG,KFLG,United States of America,Phoenix-Sky Harbor International Airport,PHX,KPHX,United States of America,1,0,1,0,-,-,Final
19950111-2,Wednesday,11-JAN-1995,01:49,A1, Approach (APR),"15 km (9.4 mls) NW off  Masset Airport, BC (ZMT)",Canada,5,5, Damaged beyond repair,-,Learjet 35,2,Garrett TFE731-2-2B,1976,-,11676.0, C-GPUN , 35-058,Canada Jet Charters,Ambulance,-,Vancouver International Airport,YVR,CYVR,Canada,Masset Airport,ZMT,CZMT,Canada,2,3,2,3,-,-,Final
19950111-3,Wednesday,11-JAN-1995,19:30,A2, Landing (LDG),"Newton Municipal Airport, IA (TNU)",United States of America,6,0, Substantial, Repaired,Cessna S550 Citation S/II,-,-,-,-,4316.0, N287MC, S550-0102,Maytag Corporation,Executive,-,Akron/Canton Regional Airport,CAK,KCAK,United States of America,Newton Municipal Airport,TNU,KTNU,United States of America,2,4,0,0,-,-,Final
19950112-0,Thursday,12-JAN-1995,17:47,A1, Approach (APR),"Pleasanton, CA",United States of America,1,1, Destroyed, Written off (damaged beyond repair),Cessna 208B Super Cargomaster,1,Pratt & Whitney Canada PT6A-114A,1991,-,2073.0, N754FE, 208B0249,Federal Express,Cargo,-,Visalia Airport,VIS,KVIS,United States of America,Oakland International Airport,OAK,KOAK,United States of America,1,0,1,0,-,-,Final
19950114-0,Saturday,14-JAN-1995,10:50,A2, Landing (LDG),Tobolsk Airport (TOX),Russia,5,0, Substantial, Repaired,Yakovlev Yak-40,3,Ivchenko AI-25,1972,-,-, RA-87565, 9211721,CHELAL,Domestic Non Scheduled Passenger,-,Chelyabinsk Airport,CEK,USCC,Russia,Tobolsk Airport,TOX,USTO,Russia,4,1,0,0,-,-,-
19950115-0,Sunday,15-JAN-1995,20:32,C2, En route (ENR),"near Neuquén, NE",Argentina,3,1, None,-,Swearingen SA226-TC Metro II,-,-,-,-,-, N622SP, TC-218,City Air Cargo,Cargo,-,Neuquén Airport,NQN,SAZN,Argentina,-,-,-,-,2,1,1,0,-,-,-
19950116-0,Monday,16-JAN-1995,19:30,A1, Landing (LDG),Yogyakarta-Adisutjipto Airport (JOG),Indonesia,57,0, Damaged beyond repair,-,Boeing 737-281,2,Pratt & Whitney JT8D-9A,1971,-,-, PK-JHF, 20508/287,Sempati Air,Domestic Scheduled Passenger, 416,Jakarta-Soekarno-Hatta International Airport,CGK,WIII,Indonesia,Yogyakarta-Adisutjipto Airport,JOG,WARJ,Indonesia,6,51,0,0,-,-,-
19950116-1,Monday,16-JAN-1995,-,C1, Unknown (UNK),North Angola,Angola,-,6, Damaged beyond repair,-,Antonov An-26,-,-,-,-,-, registration unknown,-,Angolan AF,Military,-,-,-,-,-,-,-,-,-,-,-,-,-,-,-,-
19950117-1,Tuesday,17-JAN-1995,-,A1, Takeoff (TOF),Kathmandu-Tribhuvan Airport (KTM),Nepal,24,2, Damaged beyond repair,-,de Havilland Canada DHC-6 Twin Otter 300,2,Pratt & Whitney Canada PT6A-27,1973,-,-, 9N-ABI, 392,Royal Nepal Airlines,Domestic Scheduled Passenger,RA133,Kathmandu-Tribhuvan Airport,KTM,VNKT,Nepal,Rumjatar Airport,RUM,VNRT,Nepal,3,21,1,1,-,-,-
19950118-0,Wednesday,18-JAN-1995,09:03,A2, Initial climb (ICL),"near Lubbock International Airport, TX (LBB)",United States of America,1,0, Substantial, Repaired,Cessna 208B Super Cargomaster,1,Pratt & Whitney Canada PT6A-114,1988,-,3984.0, N9461R, 208B0076,Martinaire,Cargo, 817,Lubbock International Airport,LBB,KLBB,United States of America,Midland International Airport,MAF,KMAF,United States of America,1,0,0,0,-,-,Final
19950118-1,Wednesday,18-JAN-1995,-,A1, Landing (LDG),Kinshasa-N'Dolo Airport (NLO),Democratic Republic of the Congo,34,0, Damaged beyond repair,-,Antonov An-32B,2,Ivchenko AI-20,1991,-,-, UR-48074, 3010,Miabi Air Comp.,Non Scheduled Passenger,-,-,-,-,-,Kinshasa-N'Dolo Airport,NLO,FZAB,Democratic Republic of the Congo,4,30,0,0,-,-,-
19950120-0,Friday,20-JAN-1995,17:31,A1, Initial climb (ICL),Paris-Le Bourget Airport (LBG),France,10,10, Damaged beyond repair,-,Dassault Falcon 20E,2,General Electric CF700-2D2,1972,-,-, F-GHLN, 255,Leadair UniJet,Int'l Non Scheduled Passenger,001N,Paris-Le Bourget Airport,LBG,LFPB,France,Sibiu Airport,SBZ,LRSB,Romania,3,7,3,7,-,-,Final
19950120-1,Friday,20-JAN-1995,19:13,A1, Takeoff (TOF),near Krasnoyarsk Airport (KJA),Russia,19,3, Damaged beyond repair,-,Let L-410UVP,-,-,1979,-,-, RA-67120, 790316,Abakan Airlines,Domestic Scheduled Passenger, 107,Krasnoyarsk Airport,KJA,UNKL,Russia,Abakan Airport,ABA,UNAA,Russia,2,17,2,1,-,-,-
19950121-0,Saturday,21-JAN-1995,-,A1, Takeoff (TOF),Karachi International Airport (KHI),Pakistan,117,0, Damaged beyond repair,-,Tupolev Tu-154B-2,3,Kuznetsov NK-8-2U,1980,-,-, UN-85455, 80A455,Kazakhstan Airlines,International Scheduled Passenger,-,Karachi International Airport,KHI,OPKC,Pakistan,-,-,-,-,12,105,0,0,-,-,-
19950123-0,Monday,23-JAN-1995,11:57,A1, Approach (APR),"ca 1,3 km from Provedenia Airport (PVX)",Russia,3,0, Damaged beyond repair,-,Let L-410UVP,-,-,1979,-,-, UR-67115, 790311,Air Ukraine,Ferry/positioning,-,Anadyr Airport,DYR,UHMA,Russia,-,-,-,-,2,1,0,0,-,-,-
19950125-0,Wednesday,25-JAN-1995,-,A1, Approach (APR),Allendorf,Germany,2,2, Damaged beyond repair,-,Cessna 550 Citation II,-,-,-,-,-, D-CHVB, 550-0629,Viessmann Werke,Unknown,-,-,-,-,-,-,-,-,-,2,0,2,0,-,-,-
19950125-1,Wednesday,25-JAN-1995,15:06,A1, Landing (LDG),Rostov Airport (ROV),Russia,10,0, Damaged beyond repair,-,Yakovlev Yak-40,3,Ivchenko AI-25,1974,-,-, RA-87464, 9430337,Volga Airlines / Aeroflot,Domestic Scheduled Passenger,-,Volgograd Airport,VOG,URWW,Russia,Rostov Airport,ROV,URRR,Russia,4,6,0,0,-,-,-
19950125-2,Wednesday,25-JAN-1995,20:30,A1, Landing (LDG),"Paungassi, MN",Canada,2,0, Damaged beyond repair,-,Britten-Norman BN-2A-27 Islander,2,Lycoming O-540-E4C5,1974,-,-, C-GSGK, 383,Northway Aviation,Domestic Non Scheduled Passenger,-,-,-,-,-,-,-,-,-,1,1,0,0,-,-,Preliminary - official
19950126-2,Thursday,26-JAN-1995,-,A1, Takeoff (TOF),Koundara-Sambailo Airport (SBI),Guinea,7,0, Damaged beyond repair,-,Antonov An-26B,2,Ivchenko AI-24VT,-,-,-, UN-26080, 11609,Guinee Air Service,Domestic Non Scheduled Passenger,-,Koundara-Sambailo Airport,SBI,GUSB,Guinea,-,-,-,-,5,2,0,0,-,-,-
19950128-0,Saturday,28-JAN-1995,-,C1, Initial climb (ICL),near Cafunfo Airport (CFF),Angola,6,2, Damaged beyond repair,-,Beechcraft 200 Super King Air,-,-,1978,-,-, D2-ECH, BB-345,SAL  Sociedade de Aviaçao Ligeira,Domestic Non Scheduled Passenger,-,Cafunfo Airport,CFF,FNCF,Angola,Luanda Airport,LAD,FNLU,Angola,2,4,0,2,-,-,-
19950128-1,Saturday,28-JAN-1995,19:10,A2, Takeoff (TOF),"Detroit-Willow Run Airport, MI (YIP)",United States of America,4,0, Substantial, Repaired,Boeing 747-238B,-,-,1971,-,-, N706CK, 20010/149,Kalitta American International Airways,Ferry/positioning,-,Detroit-Willow Run Airport,YIP,KYIP,United States of America,Detroit-Metropolitan Wayne County Airport,DTW,KDTW,United States of America,3,1,0,0,-,-,Final
19950129-0,Sunday,29-JAN-1995,19:06,A2, Approach (APR),"Manaus-Eduardo Gomes International Airport, AM (MAO)",Brazil,3,0, Substantial, Repaired,McDonnell Douglas DC-8-62AF,-,-,1970,-,-, N791AL, 46150/539,Arrow Air,Cargo,-,Miami International Airport,MIA,KMIA,United States of America,Manaus-Eduardo Gomes International Airport,MAO,SBEG,Brazil,3,0,0,0,-,-,-
19950130-0,Monday,30-JAN-1995,19:43,A1, Approach (APR),ca. 20 km S of Taipei,Taiwan,4,4, Damaged beyond repair,-,ATR 72-202,2,Pratt & Whitney Canada PW124B,1994,-,-, B-22717, 435,TransAsia Airways,Ferry/positioning,-,Magong Airport,MZG,RCQC,Taiwan,Taipei-Songshan Airport,TSA,RCSS,Taiwan,4,0,4,0,-,-,-
19950131-0,Tuesday,31-JAN-1995,-,A1, Landing (LDG),Huambo Airport (NOV),Angola,3,0, Damaged beyond repair,-,Boeing 727-21F,3,Pratt & Whitney JT8D-7B,1966,-,-, D2-TJB, 19005/257,Angola Air Charter,Unknown,-,-,-,-,-,Huambo Airport,NOV,FNHU,Angola,3,0,0,0,-,-,-
19950199-0,-,xx-JAN-1995,-,A1, Unknown (UNK),Almaty Airport (ALA),Kazakhstan,-,0, Damaged beyond repair,-,Ilyushin Il-22M15,-,-,1983,-,-, UN-75915, 2964111701,Kazakhstan Government,Unknown,-,-,-,-,-,-,-,-,-,-,-,0,0,-,-,-
19950201-0,Wednesday,01-FEB-1995,-,A1, Landing (LDG),Mys Shmidta Airport,Russia,10,0, Damaged beyond repair,-,Antonov An-28,2,Glushenkov TVD-10B,1989,-,-, CCCP-28797, 1AJ006-05,Chukotavia,Domestic Scheduled Passenger,-,Pevek Airport,PWE,UHMP,Russia,-,-,-,-,2,8,0,0,-,-,Preliminary
19950202-0,Thursday,02-FEB-1995,00:08,A1, Takeoff (TOF),"São Paulo-Guarulhos International Airport, SP (GRU)",Brazil,128,0, Damaged beyond repair,-,Boeing 737-2A1,2,Pratt & Whitney JT8D-17,1974,-,-, PP-SMV, 20968/367,VASP,International Scheduled Passenger,-,São Paulo-Guarulhos International Airport,GRU,SBGR,Brazil,Buenos Aires/Ezeiza-Ministro Pistarini Airport,EZE,SAEZ,Argentina,7,121,0,0,-,-,Final
19950202-1,Thursday,02-FEB-1995,08:32,A1, Taxi (TXI),Kuala Lumpur International Airport (KUL),Malaysia,19,0, Substantial, Written off (damaged beyond repair),Harbin Yunshuji Y-12 II,2,Pratt & Whitney Canada PT6A-27,1993,-,-, 9M-TAE, 0058,Berjaya Air,Domestic Scheduled Passenger,-,Kuala Lumpur International Airport,KUL,WMKK,Malaysia,Tioman Airport,TOD,WMBT,Malaysia,2,17,0,0,-,-,-
19950206-0,Monday,06-FEB-1995,18:52,A1, Landing (LDG),Arkhangelsk Airport (ARH),Russia,38,0, Damaged beyond repair,-,Antonov An-24B,-,-,1968,-,-, RA-46564, 87304703,Arkhangelsk Airlines,Domestic Scheduled Passenger,-,Naryan-Mar Airport,NNM,ULAM,Russia,Arkhangelsk-Talaghy Airport,ARH,ULAA,Russia,4,34,0,0,-,-,-
19950209-0,Thursday,09-FEB-1995,-,A1, Unknown (UNK),Grajewo,Poland,-,-, Damaged beyond repair,-,Antonov An-2R,-,-,-,-,-, LY-ALE, 1G126-48,Aviapaslauga,Unknown,-,-,-,-,-,-,-,-,-,-,-,-,-,-,-,-
19950210-0,Friday,10-FEB-1995,-,A1, Maneuvering (MNV),near Gostomel,Ukraine,7,7, Damaged beyond repair,-,Antonov An-70,-,-,1994,-,3.0, UR--, 0101,Antonov Design Bureau,Test,-,Kiev-Gostomel Airport,GML,UKKM,Ukraine,Kiev-Gostomel Airport,GML,UKKM,Ukraine,7,0,7,0,-,-,-
19950210-1,Friday,10-FEB-1995,-,O1, Standing (STD),Khabarovsk-Novy Airport (KHV),Russia,0,0, Damaged beyond repair,-,Ilyushin Il-62M,-,-,1973,-,-, RA-86693, 11103,-,-,-,-,-,-,-,-,-,-,-,0,0,0,0,-,-,-
19950214-0,Tuesday,14-FEB-1995,-,A1, Unknown (UNK),Istanbul,Turkey,3,3, Damaged beyond repair,-,Dornier Do 28D-2 Skyservant,-,-,-,-,-, registration unknown,-,Turkish Army,Military,-,-,-,-,-,-,-,-,-,-,-,-,-,-,-,-
19950215-0,Wednesday,15-FEB-1995,11:45,A2, Landing (LDG),"Wauchula, FL",United States of America,3,0, Substantial, Repaired,Cessna 525 CitationJet,2,Williams International FJ44-1A,-,-,601.0, N63HB, 525-0019,M&M Air,Executive,-,-,-,-,-,-,-,-,-,-,-,0,0,-,-,Final
19950216-0,Thursday,16-FEB-1995,20:27,A1, Takeoff (TOF),"Kansas City International Airport, MO (MCI)",United States of America,3,3, Destroyed, Written off (damaged beyond repair),McDonnell Douglas DC-8-63F,4,Pratt & Whitney JT3D-7 (Q),1968,22404.0,77096.0, N782AL, 45929/367,ATI,Ferry/positioning,-,Kansas City International Airport,MCI,KMCI,United States of America,Springfield-Westover Metro Airport,CEF,KCEF,United States of America,3,0,3,0,-,-,Final
19950221-0,Tuesday,21-FEB-1995,08:45,A1, Standing (STD),"Denver-Stapleton International Airport, CO (DEN)",United States of America,2,0, Substantial, Written off (damaged beyond repair),IAI 1124 Westwind,2,Garrett TFE731-3-1G,1981,-,4098.0, N66JE, 326,Professional Jet Management,Executive,-,Denver International Airport,DEN,KDEN,United States of America,Denver International Airport,DEN,KDEN,United States of America,2,0,0,0,-,-,Final
19950221-1,Tuesday,21-FEB-1995,-,A1, Landing (LDG),off Oki Island,Japan,12,10, Damaged beyond repair,-,Shin Meiwa US-1A,-,-,-,-,-, 9080, 2010,Japanese Navy,Military,-,-,-,-,-,-,-,-,-,-,-,-,-,-,-,-
19950221-2,Tuesday,21-FEB-1995,12:48,A1, Approach (APR),"4,8 km (3 mls) NW of Big Trout Airport, ON (YTL)",Canada,11,0, Damaged beyond repair,-,Beechcraft A100 King Air,2,Pratt & Whitney Canada PT6A-28,1974,-,13739.0, C-GYQT, B-189,Bearskin Airlines,Domestic Scheduled Passenger,-,Sioux Lookout Airport,YXL,CYXL,Canada,Big Trout Airport,YTL,CYTL,Canada,2,9,0,0,-,-,Final
19950301-0,Wednesday,01-MAR-1995,09:20,A1, Landing (LDG),"Jasper-Hinton Airport, AB (YJP)",Canada,4,0, Damaged beyond repair,-,Mitusbishi Mu-300 Diamond IA,2,Pratt & Whitney Canada JT15D-4D,1984,-,3290.0, C-GLIG, A076SA,Lignum,Executive,-,Williams Lake Airport,YWL,CYWL,Canada,-,-,-,-,2,2,0,0,-,-,Final
19950303-0,Friday,03-MAR-1995,19:43,A1, Approach (APR),"1,2 km (0.8 mls) SSE of Gainesville-Lee Gilmer Memorial Airport, GA (GVL)",United States of America,2,2, Destroyed, Written off (damaged beyond repair),Cessna 208B Grand Caravan,1,Pratt & Whitney Canada PT6A-114A,1993,-,-, N227DM, 208B0364,DMC Flying Service,Executive,-,Savannah International Airport,SAV,KSAV,United States of America,Gainesville-Lee Gilmer Memorial Airport,GVL,KGVL,United States of America,2,0,2,0,-,-,Final
19950303-1,Friday,03-MAR-1995,18:04,A2, Landing (LDG),"Gillette-Campbell County Airport, WY (GCC)",United States of America,10,0, Substantial, Repaired,IAI 1124A Westwind II,2,Garrett TFE731-3-1G,1981,-,3931.0, N311BR, 344,Kennecott Corp,Executive,-,Hayden-Yampa Valley Airport,HDN,KHDN,United States of America,Gillette-Campbell County Airport,GCC,KGCC,United States of America,2,8,0,0,-,-,Final
19950304-2,Saturday,04-MAR-1995,-,A1, Landing (LDG),"Bom Jesus, AC",Brazil,8,0, Damaged beyond repair,-,Harbin Yunshuji Y-12,2,Pratt & Whitney Canada PT6A-27,1992,-,-, PNP-224, 0072,Peruvian Police,Military,-,-,-,-,-,-,-,-,-,3,5,0,0,-,-,-
19950305-0,Sunday,05-MAR-1995,19:08,A2, Taxi (TXI),"Minneapolis-St. Paul International Airport, MN (MSP)",United States of America,18,0, Substantial, Repaired,Beechcraft 1900C,-,-,-,-,9668.0, N130UE, UC-130,United Express,Domestic Scheduled Passenger,UE6048,Des Moines Airport,DSM,KDSM,United States of America,Minneapolis-St. Paul International Airport,MSP,KMSP,United States of America,2,16,0,0,-,-,Final
19950312-0,Sunday,12-MAR-1995,15:45,A2, Landing (LDG),"Lac Manitou, QC",Canada,3,0, Substantial, Repaired,Douglas C-47B-DK (DC-3),2,Pratt & Whitney R-1830-90C,1944,-,-, C-FDTT, 25615/14170,Transfair,Cargo,-,-,-,-,-,-,-,-,-,3,0,0,0,-,-,Preliminary - official
19950312-1,Sunday,12-MAR-1995,13:05,A2, Taxi (TXI),San Juan-Luis Muñoz Marín International Airport (SJU),Puerto Rico,26,0, Substantial, Repaired,Shorts 360-200,-,-,-,-,16273.0, N376MQ, SH.3685,American Eagle,Domestic Scheduled Passenger,5539,Saint Thomas-Cyril E. King Airport,STT,TIST,U.S. Virgin Islands,San Juan-Luis Muñoz Marín International Airport,SJU,TJSJ,Puerto Rico,3,23,0,0,-,-,Final
19950312-2,Sunday,12-MAR-1995,13:05,A2, Taxi (TXI),San Juan-Luis Muñoz Marín International Airport (SJU),Puerto Rico,313,0, Minor, Repaired,Lockheed L-1011 TriStar 500,-,-,1978,-,58199.0, N724DA, 1151,Delta Air Lines,Domestic Scheduled Passenger,DL189,San Juan-Luis Muñoz Marín International Airport,SJU,TJSJ,Puerto Rico,Atlanta-William B. Hartsfield International Airport,ATL,KATL,United States of America,11,302,0,0,-,-,Final
19950313-1,Monday,13-MAR-1995,-,A1, Landing (LDG),Kinshasa-N'Djili Airport (FIH),Democratic Republic of the Congo,-,0, Damaged beyond repair,-,Lockheed L-188A Electra,-,-,1960,-,-, 9Q-CDG, 1119,Blue Airlines,Unknown,-,-,-,-,-,Kinshasa-N'Djili Airport,FIH,FZAA,Democratic Republic of the Congo,-,-,0,0,-,-,-
19950314-0,Tuesday,14-MAR-1995,-,A1, Approach (APR),6 km (3.8 mls) from  Baku,Azerbaijan,15,0, Damaged beyond repair,-,Antonov An-12B,4,Ivchenko AI-20M,1963,-,-, RA-11337, 3341204,Penza Air Enterprise,Cargo,9455,Yerevan Airport,EVN,UDYZ,Armenia,Turkmanbashi Airport,KRW,UTAK,Turkmenistan,7,8,0,0,-,-,Final
19950316-0,Thursday,16-MAR-1995,-,A1, Approach (APR),2 km (1.3 mls) from  Ossora,Russia,10,9, Damaged beyond repair,-,Antonov An-26B,2,Ivchenko AI-24VT,-,-,-, RA-26084, 11806,Central Region Airlines,Cargo,-,Petropavlovsk-Kamchatsky Airport,PKC,UHPP,Russia,-,-,-,-,6,4,6,3,-,-,-
19950316-1,Thursday,16-MAR-1995,03:15,A1, En route (ENR),"325 km (203.1 mls) off  Oahu Island, HI, USA",Pacific Ocean,3,0, Damaged beyond repair,-,de Havilland Canada DHC-6 Twin Otter 200,2,Pratt & Whitney Canada PT6A-20,1969,-,-, N37ST, 207,Great Barrier Airlines,Ferry/positioning,-,Oakland International Airport,OAK,KOAK,United States of America,Honolulu International Airport,HNL,PHNL,United States of America,1,2,0,0,-,-,Final
19950317-0,Friday,17-MAR-1995,-,O1, Standing (STD),Barranquilla-E Cortissoz Airport (BAQ),Colombia,0,0, Damaged beyond repair,-,McDonnell Douglas DC-9-15,2,Pratt & Whitney JT8D-7B,1968,-,-, HK-3564X, 47127/417,Intercontinental de Aviación,-,-,-,-,-,-,-,-,-,-,0,0,0,0,-,-,-
19950317-1,Friday,17-MAR-1995,-,H2, En route (ENR),El Obeid Airport (EBD),Sudan,92,0, None,-,Boeing 737-260 Adv.,2,Pratt & Whitney JT8D-17A,1988,-,-, ET-AJB, 23915/1583,Ethiopian Airlines,Domestic Scheduled Passenger,-,Addis Ababa-Bole Airport,ADD,HAAB,Ethiopia,Bahar Dar Airport,BJR,HABD,Ethiopia,7,85,0,0,-,-,-
19950318-0,Saturday,18-MAR-1995,13:21,A1, Landing (LDG),Cap Haitien Airport (CAP),Haiti,31,0, Damaged beyond repair,-,Convair CV-440,-,-,1956,-,-, N137CA, 317,Winemiller Aviation,Int'l Non Scheduled Passenger,-,Fort Lauderdale International Airport,FLL,KFLL,United States of America,Cap Haitien Airport,CAP,MTCH,Haiti,2,29,0,0,-,-,-
19950320-0,Monday,20-MAR-1995,17:30,A1, Takeoff (TOF),Tawau Airport (TWU),Malaysia,2,0, Damaged beyond repair,-,Cessna 208B Grand Caravan,1,Pratt & Whitney Canada PT6A-114A,1992,-,-, 9M-PMN, 208B0295,Transmile Air Service,Cargo,-,Tawau Airport,TWU,WBKW,Malaysia,Kota Kinabalu Airport,BKI,WBKK,Malaysia,2,0,0,0,-,-,-
19950322-0,Wednesday,22-MAR-1995,08:12,A1, Approach (APR),"Reno, NV",United States of America,1,1, Destroyed, Written off (damaged beyond repair),Cessna 208B Super Cargomaster,1,Pratt & Whitney Canada PT6A-114,1987,-,4959.0, N9417B, 208B0065,Union Flights,Cargo,-,Sacramento Metropolitan Airport,SMF,KSMF,United States of America,Reno/Tahoe International Airport,RNO,KRNO,United States of America,1,0,1,0,-,-,Final
19950323-0,Thursday,23-MAR-1995,14:30,A1, Takeoff (TOF),"Lac Bondesir, QC",Canada,2,0, Damaged beyond repair,-,Douglas DC-3C,-,-,1944,-,-, C-GCXD, 25612/14167,Aviation Boreal,Ferry/positioning,-,-,-,-,-,La Grande Airport,YGL,CYGL,Canada,2,0,0,0,-,-,Preliminary - official
19950325-1,Saturday,25-MAR-1995,-,A1, Approach (APR),8 km (5 mls) off  Masirah Airport (MSH),Oman,11,0, Damaged beyond repair,-,Lockheed P-3C Orion,4,Allison T56-A14,-,-,-, 158217, 185-5562,US Navy,Military,-,Masirah Airport,MSH,OOMA,Oman,Masirah Airport,MSH,OOMA,Oman,11,0,0,0,-,-,-
19950327-0,Monday,27-MAR-1995,-,A1, Landing (LDG),Bunia Airport (BUX),Democratic Republic of the Congo,10,0, Damaged beyond repair,-,Antonov An-12,-,-,1970,-,-, RA-13340, 00347504,Amuraviatrans,Cargo,-,-,-,-,-,Bunia Airport,BUX,FZKA,Democratic Republic of the Congo,6,4,0,0,-,-,-
19950328-0,Tuesday,28-MAR-1995,-,A2, Takeoff (TOF),Bandung-Husein Sastranegara Airport (BDO),Indonesia,30,0, Substantial, Repaired,Fokker F-28 Fellowship 4000,-,-,1984,-,-, PK-GQB, 11218,Merpati Nusantara,Domestic Scheduled Passenger,-,Bandung-Husein Sastranegara Airport,BDO,WICC,Indonesia,-,-,-,-,4,26,0,0,-,-,Preliminary - official
19950331-0,Friday,31-MAR-1995,09:08,A1, En route (ENR),3 km (1.9 mls) N of Bucharest-Otopeni International Airport (OTP),Romania,60,60, Destroyed, Written off (damaged beyond repair),Airbus A310-324,2,Pratt & Whitney PW4152,1987,6216.0,31092.0, YR-LCC, 450,Tarom,International Scheduled Passenger,RO371,Bucharest-Otopeni International Airport,OTP,LROP,Romania,Brussel-Zaventem Airport,BRU,EBBR,Belgium,11,49,11,49,-,-,Final
19950401-0,Saturday,01-APR-1995,-,A1, Unknown (UNK),near Kenema Airport (KEN),Sierra Leone,1,1, Damaged beyond repair,-,Antonov An-2,-,-,-,-,-, registration unknown,-,African Air Charter,Unknown,-,-,-,-,-,-,-,-,-,1,0,1,0,-,-,-
19950404-0,Tuesday,04-APR-1995,-,A1, Initial climb (ICL),near Iquitos Airport (IQT),Peru,3,3, Damaged beyond repair,-,Harbin Yunshuji Y-12 II,2,Pratt & Whitney Canada PT6A-27,1992,-,-, OB-1498/333, 0049,TANS,Unknown,-,Iquitos-C.F. Secada Airport,IQT,SPQT,Peru,-,-,-,-,3,0,3,0,-,-,-
19950404-1,Tuesday,04-APR-1995,-,A1, Takeoff (TOF),Palana Airport,Russia,9,0, Damaged beyond repair,-,Antonov An-26,-,-,1981,-,-, RA-26049, 10902,Central Region Airlines,Domestic Non Scheduled Passenger,-,-,-,-,-,-,-,-,-,6,3,0,0,-,-,-
19950406-0,Thursday,06-APR-1995,-,A1, Approach (APR),near Calvi-Sainte Catherine Airport (CLY),France,6,0, Damaged beyond repair,-,Transall C-160NG,-,-,-,-,-, F-222/64-GV, F-225,French AF,Military,-,Calvi-Sainte Catherine Airport,CLY,LFKC,France,Calvi-Sainte Catherine Airport,CLY,LFKC,France,-,-,0,0,-,-,-
19950407-0,Friday,07-APR-1995,17:45,A1, Landing (LDG),Santo Domingo-Herrera Airport (HEX),Dominican Republic,6,0, Damaged beyond repair,-,Hawker Siddeley HS-125-400,-,-,1971,-,-, N41953, 25268,Jetcraft Corp.,Executive,-,Santo Domingo-Las Américas International Airport,SDQ,MDSD,Dominican Republic,Santo Domingo-Herrera International Airport,HEX,MDHE,Dominican Republic,2,4,0,0,-,-,-
19950408-0,Saturday,08-APR-1995,16:30,A1, Takeoff (TOF),Espinal-Aguablanca Agricultural Airstrip,Colombia,4,0, Destroyed, Written off (damaged beyond repair),Convair CV-580,2,Allison 501-D13D,1954,8030.0,28843.0, HK-3675, 214,SEC Colombia,Ferry/positioning,-,-,-,-,-,Bogotá-Eldorado Airport,BOG,SKBO,Colombia,4,0,0,0,-,-,Final
19950408-1,Saturday,08-APR-1995,16:15,A2, Approach (APR),near London-Gatwick Airport (LGW),United Kingdom,412,0, Minor, Repaired,Boeing 747-2U3B,4,Pratt & Whitney JT9D-7Q,1982,-,-, PK-GSE, 	22768/561,Garuda,International Scheduled Passenger,GA976,Zürich-Kloten Airport,ZRH,LSZH,Switzerland,London-Gatwick Airport,LGW,EGKK,United Kingdom,18,394,0,0,-,-,Final
19950411-0,Tuesday,11-APR-1995,-,A1, Approach (APR),"Luziânia Airport, GO",Brazil,5,0, Damaged beyond repair,-,Cessna 208A Caravan I,1,Pratt & Whitney Canada PT6A-114,-,-,-, PT-OGO, 20800027,TAM,Training,-,-,-,-,-,-,-,-,-,5,0,0,0,-,-,Final
19950412-0,Wednesday,12-APR-1995,-,A1, Landing (LDG),Lae-Nadzab Airport (LAE),Papua New Guinea,2,0, Substantial, Written off (damaged beyond repair),Beechcraft 200 Super King Air,-,-,1977,-,-, P2-IAH, BB-297,Islands Nationair,Domestic Scheduled Passenger,-,-,-,-,-,Lae-Nadzab Airport,LAE,AYNZ,Papua New Guinea,1,1,0,0,-,-,-
19950413-0,Thursday,13-APR-1995,-,A1, Takeoff (TOF),"Tyugalbuga, Novaya Malykla district",Russia,-,0, Damaged beyond repair,-,Antonov An-2R,-,-,1977,-,-, RA-40845, 1G174-23,Cheboksary Aviation Enterprise,Unknown,-,-,-,-,-,-,-,-,-,-,-,0,0,-,-,-
19950413-1,Thursday,13-APR-1995,-,A1, Landing (LDG),Dzhambul Airport (DMB),Kazakhstan,31,0, Substantial,-,Yakovlev Yak-40K,3,Ivchenko AI-25,1976,-,-, UN-88181, 9620148,Kazakhstan Airlines,Scheduled Passenger,-,-,-,-,-,Dzhambul Airport,DMB,UADD,Kazakhstan,3,28,0,0,-,-,-
19950413-2,Thursday,13-APR-1995,-,A1, Approach (APR),Kikwangala,Democratic Republic of the Congo,2,2, Damaged beyond repair,-,Aero Modifications AMI C-47TP (DC-3T),2,Pratt & Whitney Canada PT6A-65AR,1944,-,-, ZS-LYW, 14357/25802,Wonderair,Cargo,-,-,-,-,-,-,-,-,-,2,0,2,0,-,-,-
19950413-3,Thursday,13-APR-1995,22:26,A2, Landing (LDG),"Denver International Airport, CO (DEN)",United States of America,147,0, Substantial, Repaired,Boeing 737-4Y0,-,-,1989,-,14505.0, EI-CEU, 24345/1731,MarkAir,Domestic Scheduled Passenger,523,Kansas City International Airport,MCI,KMCI,United States of America,Denver International Airport,DEN,KDEN,United States of America,6,141,0,0,-,-,Final
19950415-0,Saturday,15-APR-1995,-,A1, Landing (LDG),Lima-J Chavez International Airport (LIM),Peru,73,0, Damaged beyond repair,-,Tupolev Tu-134A-3,-,-,1977,-,-, OB-1553, 60206,Imperial Air,Domestic Scheduled Passenger,-,Cuzco-Velazco Astete Airport,CUZ,SPZO,Peru,Lima-Jorge Chávez International Airport,LIM,SPIM,Peru,5,68,0,0,-,-,-
19950417-0,Monday,17-APR-1995,18:20,A1, En route (ENR),"6,5 km (4.1 mls) E of Alexander City Airport, AL",United States of America,8,8, Damaged beyond repair,-,Learjet C-21A (Learjet 35A),2,Garrett TFE731-2-2B,-,-,-, 84-0136, 35-583,USAF,Military,  71,Camp Springs-Andrews AFB,ADW,KADW,United States of America,San Antonio-Randolph AFB,RND,KRND,United States of America,2,6,2,6,-,-,Final
19950417-1,Monday,17-APR-1995,13:00,A1, Landing (LDG),"Kivalina Airport, AK (KVL)",United States of America,3,0, Damaged beyond repair,-,Douglas C-54G-5-DO (DC-4),4,Pratt & Whitney R-2000,1945,-,-, N898AL, 35986,Brooks Air Fuel,Cargo,-,Galena Airport,GAL,PAGA,United States of America,Kivalina Airport,KVL,PAVL,United States of America,2,1,0,0,-,-,Final
19950419-0,Wednesday,19-APR-1995,-,A1, Unknown (UNK),Qom,Iran,-,-, Damaged beyond repair,-,Antonov An-2R,-,-,-,-,-, SP-WNY, 1G155-28,ZUA,Unknown,-,-,-,-,-,-,-,-,-,-,-,-,-,-,-,-
19950421-0,Friday,21-APR-1995,-,A1, En route (ENR),near Apolo,Bolivia,7,7, Damaged beyond repair,-,CASA C-212 Aviocar 200,-,-,1987,-,-, EB-50, 369,Bolivian Army,Military,-,-,-,-,-,-,-,-,-,-,-,-,-,-,-,-
19950421-1,Friday,21-APR-1995,16:05,A2, En route (ENR),"15km SE of Sydney-Kingsford Smith International Airport, NSW (SYD)",Australia,-,0, Substantial, Repaired,Boeing 747-2F6B,4,General Electric CF6-50E2,1980,-,-, N742PR, 21833/423,Philippine Air Lines,International Scheduled Passenger,-,Sydney-Kingsford Smith International Airport,SYD,YSSY,Australia,Manila-Ninoy Aquino International Airport,MNL,RPLL,Philippines,-,-,0,0,-,-,Final
19950423-0,Sunday,23-APR-1995,12:40,A1, Landing (LDG),Lagos-Murtala Muhammed Airport (LOS),Nigeria,9,1, Damaged beyond repair,-,de Havilland Canada DHC-6 Twin Otter 300,2,Pratt & Whitney Canada PT6A-27,1979,-,-, 5N-AJQ, 607,Bristow Helicopters,Domestic Non Scheduled Passenger,-,Port Harcourt Airport,PHC,DNPO,Nigeria,Lagos-Murtala Muhammed International Airport,LOS,DNMM,Nigeria,2,7,1,0,-,-,-
19950423-1,Sunday,23-APR-1995,-,O1, Standing (STD),Lagos-Murtala Muhammed Airport (LOS),Nigeria,0,0, Damaged beyond repair,-,Fokker F-27 Friendship 200MP,-,-,1983,-,-, NAF908, 10656,Nigerian AF,Military,-,-,-,-,-,-,-,-,-,0,0,0,0,1,-,-
19950424-0,Monday,24-APR-1995,16:30,A1, Approach (APR),"0,4 km (0.3 mls) from  San Salvador-Comalapa International Airport (SAL)",El Salvador,2,0, Damaged beyond repair,-,Cessna 501 Citation I/SP,-,-,-,-,-, N120ES, 501-0041,TACA,Training,-,San Salvador-Comalapa International Airport,SAL,MSLP,El Salvador,San Salvador-Comalapa International Airport,SAL,MSLP,El Salvador,2,0,0,0,-,-,-
19950424-1,Monday,24-APR-1995,-,A1, Landing (LDG),"Halifax-Canadian Forces Base Shearwater, NS (YAW)",Canada,4,0, Damaged beyond repair,-,Canadair CC-144A Challenger 601,-,-,1985,-,-, 144613, 3035,Canadian Armed Forces,Military,-,Halifax-Canadian Forces Base Shearwater,YAW,CYAW,Canada,Halifax-Canadian Forces Base Shearwater,YAW,CYAW,Canada,4,0,0,0,-,-,-
19950426-0,Wednesday,26-APR-1995,14:30,A1, Landing (LDG),Walkers Cay Airport (WKR),Bahamas,5,0, Damaged beyond repair,-,Cessna 550 Citation II,-,-,1978,-,-, N7RC, 550-0019,Ring Can Corp.,Private,-,Naples Airport,APF,KAPF,United States of America,Walkers Cay Airport,WKR,MYAW,Bahamas,1,4,0,0,-,-,-
19950427-0,Thursday,27-APR-1995,19:57,A1, Approach (APR),"9 km (5.6 mls) NW of Alice Springs Airport, NT (ASP)",Australia,3,3, Destroyed, Written off (damaged beyond repair),IAI 1124 Westwind,2,Garrett TFE731-3-1G,1978,-,11509.0, VH-AJS, 221,Pel-Air,Cargo,-,Katherine-Tindal Airport,KTR,YPTN,Australia,Alice Springs Airport,ASP,YBAS,Australia,2,1,2,1,-,-,Final
19950427-2,Thursday,27-APR-1995,23:16,A2, Landing (LDG),Manchester International Airport (MAN),United Kingdom,178,0, Substantial, Repaired,McDonnell Douglas DC-9-83 (MD-83),2,Pratt & Whitney JT8D-219,1990,6386.0,18236.0, G-DEVR, 49941/1793,Airtours Int.,Int'l Non Scheduled Passenger, 418,Las Palmas-Airport de Gran Canaria,LPA,GCLP,Spain,Manchester International Airport,MAN,EGCC,United Kingdom,7,171,0,0,-,-,Final
19950428-1,Friday,28-APR-1995,-,C1, Approach (APR),"0,2 km (0.1 mls) from  Jaffna-Palaly AFB (JAF)",Sri Lanka,45,45, Damaged beyond repair,-,British Aerospace BAe-748-334 Srs. 2A,-,-,1978,-,-, 4R-HVB, 1757,Helitours,Military,-,Jaffna-Palaly Air Base,JAF,VCCJ,Sri Lanka,-,-,-,-,3,42,3,42,-,-,-
19950428-2,Friday,28-APR-1995,11:43,A1, Landing (LDG),Guatemala City-La Aurora Airport (GUA),Guatemala,3,0, Damaged beyond repair,-,Douglas DC-8-54F,4,Pratt & Whitney JT3D-3B (Q),1964,-,-, N43UA, 45677/199,Millon Air,Cargo, 705,Miami International Airport,MIA,KMIA,United States of America,Guatemala City-La Aurora Airport,GUA,MGGT,Guatemala,3,0,0,0,-,6,-
19950429-0,Saturday,29-APR-1995,-,C1, Approach (APR),near Jaffna-Palaly AFB (JAF),Sri Lanka,52,52, Damaged beyond repair,-,British Aerospace BAe-748-357 Srs. 2B SCD,-,-,1979,-,-, 4R-HVA, 1768,Helitours,Military,-,Anuradhapura Airport,ADP,VCCA,Sri Lanka,Jaffna-Palaly Air Base,JAF,VCCJ,Sri Lanka,3,49,3,49,-,-,-
19950501-0,Monday,01-MAY-1995,13:30,A1, Approach (APR),"Sioux Falls, ON",Canada,3,3, Damaged beyond repair,-,Swearingen SA227-CC Metro 23,2,Garrett TPE331-11U-612G,1993,-,3200.0, C-GYYB, CC-827B,Bearskin Airlines,Domestic Scheduled Passenger, 362,Red Lake Airport,YRL,CYRL,Canada,Sioux Lookout Airport,YXL,CYXL,Canada,2,1,2,1,5,-,Final
19950501-1,Monday,01-MAY-1995,-,A2, Landing (LDG),Naha Airport (NAH),Indonesia,11,0, Substantial, Repaired,CASA/Nurtanio NC-212-AB4 Aviocar 200,2,Garrett TPE331-10-511C,1981,-,-, PK-NCS, 201/41N,Merpati Nusantara,Domestic Scheduled Passenger,-,-,-,-,-,Naha Airport,NAH,WAMH,Indonesia,3,8,0,0,-,-,Preliminary - official
