identifiant,week_day,date,time,type_event,phase,location,country,total_occupants,total_fatalities,aircraft_damage,aircraft_fate,type_aircraft,number_engines,type_engines,first_flight,cycles,total_airframe_hours,registration,c_n_msn,operator,nature,flight_number,departure_airport_name,departure_airport_IATA,departure_airport_ICAO,departure_airport_country,destination_airport_name,destination_airport_IATA,destination_airport_ICAO,destination_airport_country,crew_number,passengers_number,crew_fatalities,passengers_fatalities,collision_casualties,ground_casualties,status
19560109-0,Monday,09-JAN-1956,-,A1, Landing (LDG),Thorney Island RAF Station,United Kingdom,-,0, Damaged beyond repair,-,Handley Page Marathon T.2,-,-,1950,-,-, XA254, 106,RAF,Military,-,-,-,-,-,-,-,-,-,-,-,0,0,-,-,-
19560111-0,Wednesday,11-JAN-1956,-,A1, En route (ENR),57 km (35.6 mls) WSW of Blida,Algeria,-,6, Damaged beyond repair,-,Nord 2501 Noratlas,2,Bristol Hercules 739,-,-,-, 71, 71,French AF,Military,-,-,-,-,-,-,-,-,-,-,-,-,-,-,-,-
19560112-0,Thursday,12-JAN-1956,03:40,A1, Approach (APR),"Frederick Henry Bay, TAS",Australia,2,1, Damaged beyond repair,-,Douglas C-47-DL (DC-3),2,Pratt & Whitney R-1830-92,1942,-,-, VH-BZA, 4651,Ansett-ANA,Cargo,-,Melbourne-Essendon Airport,MEB,YMEN,Australia,-,-,-,-,2,0,1,0,-,-,Final
19560113-0,Friday,13-JAN-1956,-,A1, Landing (LDG),Malta-Luqa Airport (MLA),Malta,8,0, Damaged beyond repair,-,Lockheed Neptune MR.1,-,-,-,-,-, WX547, 426-5163,RAF,Military,-,-,-,-,-,Malta-Luqa Airport,MLA,LMML,Malta,8,0,0,0,-,-,-
19560117-0,Tuesday,17-JAN-1956,00:52,A1, Unknown (UNK),"Oreway, QC",Canada,18,4, Damaged beyond repair,-,Douglas C-47B-20-DK (DC-3),2,Pratt & Whitney R-1830-90C,1944,-,-, CF-GVZ, 26997/15552,Quebecair,Domestic Non Scheduled Passenger,-,-,-,-,-,-,-,-,-,3,15,3,1,-,-,-
19560118-0,Wednesday,18-JAN-1956,-,A1, En route (ENR),12 km (7.5 mls) from  Toryska,Slovakia,26,22, Damaged beyond repair,-,Douglas C-47A-20-DL (DC-3),2,Pratt & Whitney R-1830-92,1943,-,-, OK-WDZ, 9385,CSA,Domestic Scheduled Passenger,-,Bratislava-Ivanka Airport,BTS,LZIB,Slovakia,Koice-Barca Airport,KSC,LZKZ,Slovakia,4,22,4,18,-,-,-
19560120-0,Friday,20-JAN-1956,08:50,A1, Takeoff (TOF),Blackbushe Airport (BBS),United Kingdom,5,0, Damaged beyond repair,-,Vickers 701 Viscount,-,-,1953,-,-, G-AMOM,  26,BEA,Training,-,Blackbushe Airport,BBS,EGLK,United Kingdom,Blackbushe Airport,BBS,EGLK,United Kingdom,5,0,0,0,-,-,-
19560122-1,Sunday,22-JAN-1956,-,U1, Unknown (UNK),at an unknown location,Colombia,-,-, Damaged beyond repair,-,Douglas C-47A-50-DL (DC-3),-,-,1943,-,-, HK-303, 10032,Avianca,Unknown,-,-,-,-,-,-,-,-,-,-,-,-,-,-,-,-
19560124-0,Tuesday,24-JAN-1956,-,A1, Landing (LDG),"Kuujjuaq Airport, QC (YVP)",Canada,-,0, Damaged beyond repair,-,Avro 685 York C.1,4,Rolls-Royce Merlin,1945,-,-, CF-HMU,-,Maritime Central Airways,Unknown,-,-,-,-,-,Kuujjuaq-Fort Chimo Airport,YVP,CYVP,Canada,-,-,0,0,-,-,-
19560124-1,Tuesday,24-JAN-1956,-,A1, Unknown (UNK),Nantes-Chateau Bougon Airport,France,5,0, Damaged beyond repair,-,Douglas C-47A-15-DL (DC-3),2,Pratt & Whitney R-1830-92,1943,-,-, F-BAXT, 9274,Air France,Training,-,-,-,-,-,-,-,-,-,5,0,0,0,-,-,-
19560125-0,Wednesday,25-JAN-1956,-,A1, Unknown (UNK),Blida,Algeria,-,3, Damaged beyond repair,-,Nord 2501 Noratlas,2,Bristol Hercules 739,1954,-,-, 48, 48,French AF,Military,-,-,-,-,-,-,-,-,-,-,-,-,-,3,-,-
19560125-1,Wednesday,25-JAN-1956,-,A1, Unknown (UNK),Blida,Algeria,-,3, Damaged beyond repair,-,Nord 2501 Noratlas,2,Bristol Hercules 739,1955,-,-, 70, 70,French AF,Military,-,-,-,-,-,-,-,-,-,-,-,-,-,3,-,-
19560126-0,Thursday,26-JAN-1956,-,A1, Unknown (UNK),"5 km (3.1 mls) W of Smithtown, NY",United States of America,-,3, Damaged beyond repair,-,Spartan Ventura,-,-,1943,-,-, N2000C, 5243,Cities Service Co.,Test,-,Islip-Long Island MacArthur Airport,ISP,KISP,United States of America,-,-,-,-,-,-,-,-,-,-,-
19560128-0,Saturday,28-JAN-1956,00:17,A1, Approach (APR),2 km (1.3 mls) S of Lyon-Bron Airport (LYN),France,3,3, Damaged beyond repair,-,Douglas C-47-DL (DC-3),2,Pratt & Whitney R-1830-92,1942,-,-, F-BCYK, 4509,Air France,Cargo,-,Nice-Côte d'Azur Airport,NCE,LFMN,France,Lyon-Bron Airport,LYN,LFLY,France,3,0,3,0,-,-,-
19560202-0,Thursday,02-FEB-1956,-,A1, En route (ENR),near Zaragoza,Spain,7,7, Damaged beyond repair,-,CASA 352 (Junkers Ju-52),-,-,-,-,-, T.2B-215, 106,Spanish AF,Military,-,Valladolid Airport,VLL,LEVD,Spain,Zaragoza Airport,ZAZ,LEZG,Spain,-,-,-,-,-,-,-
19560203-0,Friday,03-FEB-1956,-,A1, En route (ENR),Edward VII Peninsula,Antarctica,2,0, Damaged beyond repair,-,de Havilland Canada UC-1 Otter (DHC-3),-,-,1955,-,-, 144260, 62,US Navy,Military,-,-,-,-,-,-,-,-,-,2,0,0,0,-,-,-
19560204-0,Saturday,04-FEB-1956,-,A1, En route (ENR),"off Fort Lauderdale, FL",United States of America,4,2, Damaged beyond repair,-,Fairchild R4Q-2 Flying Boxcar (C-119F),-,-,1953,-,1171.0, 131703, 10888,USMC,Military,-,Miami MCAS,OPF,KOPF,United States of America,Miami MCAS,OPF,KOPF,United States of America,4,0,2,0,-,-,-
19560208-0,Wednesday,08-FEB-1956,-,A1, Unknown (UNK),at an unknown location,Unknown country,-,-, Damaged beyond repair,-,Grumman SA-16A Albatross,-,-,-,-,-, 51-010, G-83,USAF,Military,-,-,-,-,-,-,-,-,-,-,-,-,-,-,-,Preliminary
19560208-2,Wednesday,08-FEB-1956,-,A1, En route (ENR),Northern Venezuela,Venezuela,8,0, Destroyed, Written off (damaged beyond repair),Lockheed P2V-2 Neptune,-,-,-,-,-, 122466, 126-1097,US Navy,Military,-,-,-,-,-,-,-,-,-,8,0,0,0,-,-,-
19560209-0,Thursday,09-FEB-1956,-,A2, Takeoff (TOF),"Cheyenne Airport, WY (CYS)",United States of America,-,1, Substantial, Repaired,Douglas SC-47D,2,Pratt & Whitney R-1830-90,1944,-,-, 43-16411, 20877,USAF,Military,-,Cheyenne Airport,CYS,KCYS,United States of America,-,-,-,-,-,-,-,-,-,-,-
19560210-0,Friday,10-FEB-1956,-,O1, Standing (STD),Little America V,Antarctica,-,0, Damaged beyond repair,-,de Havilland Canada UC-1 Otter (DHC-3),-,-,1955,-,-, 144259, 60,US Navy,Military,-,-,-,-,-,-,-,-,-,-,-,0,0,-,-,-
19560212-0,Sunday,12-FEB-1956,-,A1, Landing (LDG),Châteauroux-Déols Air Base (CHR),France,-,0, Damaged beyond repair,-,Fairchild C-119C Flying Boxcar,-,-,-,-,-, 51-2653, 10642,USAF,Military,-,-,-,-,-,Châteauroux-Déols Air Base,CHR,LFLX,France,-,-,0,0,-,-,-
19560212-1,Sunday,12-FEB-1956,-,A1, En route (ENR),Mount Dirphys,Greece,17,17, Damaged beyond repair,-,Douglas Dakota IV (DC-3),-,-,1944,-,-, KJ989, 26428/14983,Hellenic AF,Military,-,-,-,-,-,-,-,-,-,4,13,4,13,-,-,-
19560213-0,Monday,13-FEB-1956,-,A1, Initial climb (ICL),"2,4 km (1.5 mls) off  Frobisher Bay Airport, NU (YFB)",Canada,3,3, Destroyed, Written off (damaged beyond repair),Bristol 170 Freighter 31,-,-,-,-,-, CF-FZU, 13136,Maritime Central Airways,Cargo,-,Frobisher Bay Airport,YFB,CYFB,Canada,-,-,-,-,3,0,3,0,-,-,Final
19560214-0,Tuesday,14-FEB-1956,-,A1, En route (ENR),"40 km (25 mls) NW of Fort Chimo, QC",Canada,3,2, Damaged beyond repair,-,Douglas C-47-DL (DC-3),2,Pratt & Whitney R-1830-92,1942,-,-, CF-BZH, 6079,Dorval Air Transport,Cargo,-,Frobisher Bay Airport,YFB,CYFB,Canada,Kuujjuaq-Fort Chimo Airport,YVP,CYVP,Canada,3,0,2,0,-,-,-
19560214-1,Tuesday,14-FEB-1956,15:38,A1, En route (ENR),"Toronto, ON",Canada,4,4, Damaged beyond repair,-,de Havilland Canada U-1A Otter (DHC-3),-,-,1956,-,-, 55-3252, 92,US Army,Military,-,Toronto-Downsview Airport,YZD,CYZD,Canada,Toronto-Downsview Airport,YZD,CYZD,Canada,4,0,4,0,-,-,-
19560216-0,Thursday,16-FEB-1956,-,A1, Takeoff (TOF),Najran,Saudi Arabia,-,0, Damaged beyond repair,-,Douglas DC-3,-,-,-,-,-, HZ-AAO,-,Saudi Arabian,Unknown,-,-,-,-,-,-,-,-,-,-,-,0,0,-,-,-
19560217-0,Friday,17-FEB-1956,13:45,A1, Approach (APR),"5,6 km (3.5 mls) N of Niles, CA",United States of America,40,40, Damaged beyond repair,-,Douglas R5D-2 (DC-4),-,-,1944,-,-, 39116, 18331,US Navy,Military,-,Santa Ana-El Toro MCAS,NZJ,KNZJ,United States of America,Alameda NAS,NGZ,KNGZ,United States of America,5,35,5,35,-,-,-
19560217-1,Friday,17-FEB-1956,14:58,A1, Approach (APR),"near Owensboro, KY",United States of America,23,0, Damaged beyond repair,-,Martin 4-0-4,2,Pratt & Whitney R-2800-CB3,1951,-,12373.0, N445A, 14122,Eastern Air Lines,Domestic Scheduled Passenger,EA156,Evansville-Dress Regional Airport,EVV,KEVV,United States of America,Owensboro-Daviess County Airport,OWB,KOWB,United States of America,3,20,0,0,-,-,Final
19560217-2,Friday,17-FEB-1956,-,A1, Takeoff (TOF),Saigon-Tan Son Nhut Airport (SGN),Vietnam,3,0, Damaged beyond repair,-,Vickers Valetta C.1,2,Bristol Hercules 230,1950,-,-, VX483,-,RAF,Military,-,Saigon-Tan Son Nhat International Airport,SGN,VVTS,Vietnam,-,-,-,-,3,0,0,0,-,-,-
19560218-0,Saturday,18-FEB-1956,12:23,A1, En route (ENR),"3,5 km (2.2 mls) S of Malta-Luqa Airport (MLA)",Malta,50,50, Damaged beyond repair,-,Avro 685 York C.1,4,Rolls-Royce Merlin,1945,-,-, G-ANSY,-,Scottish Airlines,Int'l Non Scheduled Passenger,-,Malta-Luqa Airport,MLA,LMML,Malta,London-Stansted Airport,STN,EGSS,United Kingdom,5,45,5,45,-,-,-
19560218-1,Saturday,18-FEB-1956,-,U1, Standing (STD),Dukham,Saudi Arabia,-,-, Damaged beyond repair,-,Douglas C-47B-10-DK (DC-3),2,Pratt & Whitney R-1830-90C,1944,-,-, G-AMSL, 26411/14966,Kuwait National Airways,Unknown,-,-,-,-,-,-,-,-,-,-,-,-,-,-,-,-
19560220-0,Monday,20-FEB-1956,02:45,A1, Approach (APR),29 km (18.1 mls) SE of Cairo International Airport (CAI),Egypt,64,52, Damaged beyond repair,-,Douglas DC-6B,4,Pratt & Whitney R-2800,1953,-,-, F-BGOD, 43835/380,TAI,International Scheduled Passenger,-,Karachi International Airport,KHI,OPKC,Pakistan,Cairo International Airport,CAI,HECA,Egypt,9,55,3,49,-,-,Final
19560220-1,Monday,20-FEB-1956,08:11,A1, Landing (LDG),"Chicago-Midway Airport, IL (MDW)",United States of America,42,0, Damaged beyond repair,-,Vickers 744 Viscount,-,-,1955,-,-, N7404,  90,Capital Airlines,Domestic Scheduled Passenger,-,Detroit-Willow Run Airport,YIP,KYIP,United States of America,Chicago-Midway Airport,MDW,KMDW,United States of America,5,37,0,0,-,-,-
19560224-0,Friday,24-FEB-1956,-,A1, En route (ENR),ca 24 km from Aleppo,Syria,19,19, Damaged beyond repair,-,Douglas C-47B-10-DK (DC-3),2,Pratt & Whitney R-1830-90C,1944,-,-, YK-AAE, 26362/14917,Syrian Airways,Domestic Scheduled Passenger,-,Aleppo-Nejrab Airport,ALP,OSAP,Syria,Damascus International Airport,DAM,OSDI,Syria,3,16,3,16,-,-,-
19560224-1,Friday,24-FEB-1956,-,A1, En route (ENR),8 km (5 mls) S of Rascafria,Spain,6,6, Damaged beyond repair,-,Douglas C-47A-80-DL (DC-3),2,Pratt & Whitney R-1830-92,1944,-,-, 43-15130, 19596,USAF,Military,-,Châteauroux-Déols Air Base,CHR,LFLX,France,Madrid-Torrejón AFB,TOJ,LETO,Spain,6,0,6,0,-,-,-
19560225-0,Saturday,25-FEB-1956,14:55,A1, En route (ENR),Lash Golath Mt.,Pakistan,3,3, Damaged beyond repair,-,Douglas C-47B-40-DK (DC-3),2,Pratt & Whitney R-1830-90C,1945,-,-, AP-ACZ, 33561/16813,PIA,Cargo,-,Gilgit Airport,GIL,OPGT,Pakistan,Islamabad International Airport,ISB,OPRN,Pakistan,3,0,3,0,-,-,-
19560229-0,Wednesday,29-FEB-1956,-,A1, Maneuvering (MNV),"Ushuaia-Comandante Berisso Airport, TF (EAU)",Argentina,-,-, Damaged beyond repair,-,Douglas C-54A-5-DC (DC-4),-,-,1944,-,-, 0277/CTA-5, 10301,Argentine Navy,Military,-,-,-,-,-,Ushuaia-Comandante Berisso Airport,EAU,SAWO,Argentina,-,-,-,-,-,-,-
19560302-0,Friday,02-MAR-1956,-,A1, Maneuvering (MNV),Cameron Highlands,Malaysia,7,7, Damaged beyond repair,-,Vickers Valetta C.1,2,Bristol Hercules 230,1949,-,-, VW861, 419,RAF,Military,-,-,-,-,-,-,-,-,-,-,-,-,-,-,-,-
19560302-1,Friday,02-MAR-1956,-,A1, En route (ENR),385 km (240.6 mls) SW off  Iceland,Atlantic Ocean,17,17, Damaged beyond repair,-,Douglas C-124C Globemaster II,4,Pratt & Whitney R-4360-20WA,-,-,-, 53-0021, 44316,USAF,Military,-,Reykjavík-Keflavík International Airport,KEF,BIKF,Iceland,-,-,-,-,17,0,17,0,-,-,-
19560304-0,Sunday,04-MAR-1956,-,C1, Standing (STD),Nicosia Airport (NIC),Cyprus,0,0, Damaged beyond repair,-,Handley Page HP.81 Hermes IV,-,-,1950,-,-, G-ALDW, HP.81/23,Skyways,Int'l Non Scheduled Passenger,-,Nicosia Airport,NIC,LCNC,Cyprus,-,-,-,-,0,0,0,0,-,-,-
19560305-0,Monday,05-MAR-1956,-,A1, En route (ENR),Mount Fuji,Japan,2,0, Damaged beyond repair,-,Douglas C-47D (DC-3),-,-,1945,-,-, 44-77094, 33426/16678,USAF,Military,-,-,-,-,-,-,-,-,-,2,0,0,0,-,-,-
19560312-0,Monday,12-MAR-1956,-,A1, Initial climb (ICL),"1,5 km (0.9 mls) off  Argentia NAS, NL (NWP)",Canada,6,6, Damaged beyond repair,-,Grumman SA-16A Albatross,-,-,1950,-,-, 49-069, G-27,USAF,Military,-,-,-,-,-,-,-,-,-,-,-,-,-,-,-,-
19560316-0,Friday,16-MAR-1956,-,A1, Landing (LDG),Thorney Island RAF Station,United Kingdom,-,0, Damaged beyond repair,-,Vickers Varsity T.1,2,Bristol Hercules 264,1952,-,-, WF388, 547,RAF,Military,-,-,-,-,-,-,-,-,-,-,-,0,0,-,-,-
19560317-0,Saturday,17-MAR-1956,-,A1, Takeoff (TOF),Gao Airport (GAQ),Mali,8,8, Damaged beyond repair,-,Douglas C-47 (DC-3),-,-,-,-,-, registration unknown,-,French AF,Military,-,Gao Airport,GAQ,GAGO,Mali,-,-,-,-,-,-,-,-,-,-,-
19560318-0,Sunday,18-MAR-1956,22:25,A1, Approach (APR),"Pelly Bay, NU",Canada,3,0, Damaged beyond repair,-,Curtiss C-46F-1-CU Commando,-,-,1945,-,-, N9995F, 22409,Flying Tiger Line,Cargo,-,-,-,-,-,Pelly Bay-Dewline Site Airport,YUF,CYUF,Canada,2,1,0,0,-,-,-
19560318-1,Sunday,18-MAR-1956,-,A1, Unknown (UNK),Knob Lake,Antarctica,-,-, Damaged beyond repair,-,de Havilland Canada DHC-3 Otter,-,-,1954,-,-, 3687, 53,RCAF,Military,-,-,-,-,-,-,-,-,-,-,-,-,-,-,-,-
19560319-0,Monday,19-MAR-1956,-,O1, Standing (STD),"Montreal-Dorval International Airport, QC (YUL)",Canada,-,0, Damaged beyond repair,-,Canadair C-54GM North Star,4,Rolls-Royce Merlin 622,1948,-,-, 17513, 120,RCAF,Military,-,-,-,-,-,-,-,-,-,-,-,0,0,-,-,-
19560319-1,Monday,19-MAR-1956,-,O1, Standing (STD),"Montreal-Dorval International Airport, QC (YUL)",Canada,-,0, Damaged beyond repair,-,Fairchild CC-119 Flying Boxcar,-,-,-,-,-, 22124, 10908,RCAF,Military,-,-,-,-,-,-,-,-,-,-,-,0,0,-,-,-
19560319-2,Monday,19-MAR-1956,-,A1, Approach (APR),"near Curuzu Cuatia Airport, CR (UZU)",Argentina,5,0, Damaged beyond repair,-,Douglas C-47A-90-DL (DC-3),2,Pratt & Whitney R-1830-92,1944,-,-, T-20, 20479,Argentine AF,Military,-,-,-,-,-,Curuzu Cuatia Airport,UZU,SATU,Argentina,-,-,0,0,-,-,-
19560321-0,Wednesday,21-MAR-1956,-,A1, Landing (LDG),Tezpur-Salonibari Airport (TEZ),India,21,2, Damaged beyond repair,-,Douglas C-47A-20-DK (DC-3),2,Pratt & Whitney R-1830-92,1944,-,-, VT-CGN, 12989,Indian Airlines,Scheduled Passenger,-,-,-,-,-,Tezpur-Salonibari Airport,TEZ,VETZ,India,3,18,0,2,-,-,-
19560328-0,Wednesday,28-MAR-1956,-,A1, Approach (APR),Largs,United Kingdom,3,1, Damaged beyond repair,-,Douglas C-47B-35-DK (DC-3),2,Pratt & Whitney R-1830-90C,1945,-,-, G-AMRB, 33418/16670,Starways,Ferry/positioning,-,Liverpool-Speke Airport,LPL,EGGP,United Kingdom,-,-,-,-,3,0,1,0,-,-,-
19560331-0,Saturday,31-MAR-1956,-,A1, En route (ENR),Indapur,India,3,3, Damaged beyond repair,-,Douglas C-47A-60-DL (DC-3),2,Pratt & Whitney R-1830-92,1943,-,-, VT-DCM, 10230,National Air Operators,Cargo,-,-,-,-,-,Bagdogra Airport,IXB,VEBD,India,3,0,3,0,-,-,-
19560331-1,Saturday,31-MAR-1956,-,A1, Initial climb (ICL),Korat,Thailand,18,18, Damaged beyond repair,-,Douglas C-47A-15-DK (DC-3),2,Pratt & Whitney R-1830-92,1944,-,-, L2-14/96, 12667,Thai AF,Military,-,-,-,-,-,Bangkok-Don Muang International Airport,BKK,VTBD,Thailand,-,-,-,-,-,-,Preliminary
19560401-0,Sunday,01-APR-1956,19:20,A1, Initial climb (ICL),"0,5 km (0.3 mls) SW of Pittsburgh-Greater Pittsburgh Airport, PA (PIT)",United States of America,36,22, Damaged beyond repair,-,Martin 4-0-4,-,-,1951,-,9177.0, N40403, 14103,TWA,Domestic Scheduled Passenger,TW400,Pittsburgh-Greater Pittsburgh Airport,PIT,KPIT,United States of America,Newark International Airport,EWR,KEWR,United States of America,3,33,1,21,-,-,Final
19560402-0,Monday,02-APR-1956,08:10,A1, En route (ENR),"8,7 km (5.4 mls) SW off  Seattle/Tacoma International Airport, WA (SEA)",United States of America,38,5, Damaged beyond repair,-,Boeing 377 Stratocruiser 10-30,4,Pratt & Whitney R-4360-B6,1949,-,18489.0, N74608, 15954/50,Northwest Orient Airlines,Domestic Scheduled Passenger,   2,Seattle/Tacoma International Airport,SEA,KSEA,United States of America,Portland International Airport,PDX,KPDX,United States of America,6,32,1,4,-,-,Final
19560403-0,Tuesday,03-APR-1956,-,A1, Unknown (UNK),"Hall Beach Airport, NU (YUX)",Canada,-,0, Damaged beyond repair,-,Curtiss C-46F-1-CU Commando,-,-,1945,-,-, CF-HZI, 22387,TransAir,Unknown,-,-,-,-,-,-,-,-,-,-,-,0,0,-,-,-
19560403-1,Tuesday,03-APR-1956,-,A1, En route (ENR),32 km (20 mls) S of Saijo,Japan,5,5, Damaged beyond repair,-,Fairchild C-119 Flying Boxcar,-,-,-,-,-, registration unknown,-,USAF,Military,-,-,-,-,-,-,-,-,-,5,0,5,0,-,-,-
19560405-0,Thursday,05-APR-1956,10:30,A2, Takeoff (TOF),"São Paulo-Congonhas Airport, SP (CGH)",Brazil,1,0, Substantial, Repaired,Douglas C-47A-25-DK (DC-3),-,-,1944,-,-, PT-YQA, 13621,REAL,Illegal Flight,-,São Paulo-Congonhas Airport,CGH,SBSP,Brazil,-,-,-,-,1,0,0,0,-,-,-
19560407-0,Saturday,07-APR-1956,-,A1, Initial climb (ICL),"near Fairfield-Travis AFB, CA",United States of America,7,3, Damaged beyond repair,-,Douglas C-124C Globemaster II,4,Pratt & Whitney R-4360-20WA,-,-,-, 52-1078, 43987,USAF,Military,-,Fairfield-Travis AFB,SUU,KSUU,United States of America,-,-,-,-,7,0,3,0,-,-,-
19560409-0,Monday,09-APR-1956,-,A1, Landing (LDG),Ataq Airport (AXK),Yemen,-,0, Damaged beyond repair,-,Handley Page Hastings C.2,-,-,1951,-,-, WD483, HP67/111,RAF,Military,-,Aden-Khormaksar RAF Station,ADE,ODAA,Yemen,Ataq Airport,AXK,ODAT,Yemen,-,-,0,0,-,-,-
19560410-0,Tuesday,10-APR-1956,-,A1, En route (ENR),"10 km (6.3 mls) N of Goose Bay Airport, NL (YYR)",Canada,3,3, Damaged beyond repair,-,de Havilland Canada U-1A Otter (DHC-3),-,-,1953,-,-, 3666, 12,RCAF,Military,-,Goose Bay Airport,YYR,CYYR,Canada,Goose Bay Airport,YYR,CYYR,Canada,2,1,2,1,-,-,-
19560418-0,Wednesday,18-APR-1956,-,A1, Landing (LDG),"Parintins, AM",Brazil,12,3, Damaged beyond repair,-,Boeing-Canada PB2B-1 Canso A (PBY-5A),-,-,1943,-,-, PP-PDB, 22021,Panair do Brasil,Passenger,-,-,-,-,-,-,-,-,-,5,7,2,1,-,-,-
19560418-1,Wednesday,18-APR-1956,-,A1, Unknown (UNK),"0,4 km (0.3 mls) N of Wheelus Air Base (MJI)",Libya,-,-, Damaged beyond repair,-,Grumman SA-16A Albatross,-,-,-,-,-, 51-039, G-114,USAF,Military,-,-,-,-,-,-,-,-,-,-,-,-,-,-,-,Preliminary
19560422-0,Sunday,22-APR-1956,-,O1, Standing (STD),Idris,Libya,-,-, Damaged beyond repair,-,Avro 685 York C.1,4,Rolls-Royce Merlin,1945,-,-, G-AGNS, 1220,BOAC,Unknown,-,-,-,-,-,-,-,-,-,-,-,-,-,-,-,-
19560422-1,Sunday,22-APR-1956,20:50,A1, Initial climb (ICL),off Sukhumi Airport (SUI),Georgia,6,6, Damaged beyond repair,-,Ilyushin Il-14,-,-,1956,12.0,19.0, CCCP-L1718, 146000202,Aeroflot / Moscow,Cargo, 227,Sukhumi Airport,SUI,UGSS,Georgia,Kutaisi Airport,KUT,UGKO,Georgia,5,1,5,1,-,-,-
19560426-0,Thursday,26-APR-1956,-,A1, Approach (APR),Berlin-Bohnsdorf,Germany,6,3, Damaged beyond repair,-,Ilyushin Il-12 ?,-,-,-,-,-, registration unknown,-,Aeroflot,Unknown,-,Warszawa-Okecie Airport,WAW,EPWA,Poland,Berlin-Schönefeld Airport,SXF,EDDB,Germany,-,-,-,-,-,-,-
19560430-0,Monday,30-APR-1956,09:30,A1, Takeoff (TOF),London-Stansted Airport (STN),United Kingdom,54,2, Damaged beyond repair,-,Avro 685 York C.1,4,Rolls-Royce Merlin,1946,-,-, G-AMUL,-,Scottish Airlines,Int'l Non Scheduled Passenger,-,London-Stansted Airport,STN,EGSS,United Kingdom,Malta-Luqa Airport,MLA,LMML,Malta,5,49,0,2,-,-,-
19560504-0,Friday,04-MAY-1956,-,A1, Unknown (UNK),"Villa Tesei, BA",Argentina,9,3, Damaged beyond repair,-,Vickers 610 Viking 1B,-,-,1949,-,-, T-91, 258,Argentine AF,Military,-,El Palomar Airport,EPA,SADP,Argentina,-,-,-,-,4,5,3,0,-,-,-
19560507-0,Monday,07-MAY-1956,20:00,O1, Standing (STD),"São Paulo-Congonhas Airport, SP (CGH)",Brazil,0,0, Damaged beyond repair,-,Douglas C-47A-5-DK (DC-3),2,Pratt & Whitney R-1830-92,1944,-,-, PP-SPX, 12257,VASP,-,-,-,-,-,-,-,-,-,-,0,0,0,0,-,-,-
19560511-0,Friday,11-MAY-1956,-,A1, Unknown (UNK),unknown,Unknown country,-,-, Damaged beyond repair,-,Fairchild R4Q-1 Flying Boxcar (C-119C),-,-,1952,-,1890.0, 128744, 10573,USMC,Military,-,-,-,-,-,-,-,-,-,-,-,-,-,-,-,-
19560515-0,Tuesday,15-MAY-1956,-,A1, Landing (LDG),Kathmandu-Tribhuvan Airport (KTM),Nepal,33,14, Damaged beyond repair,-,Douglas C-47A-20-DK (DC-3),2,Pratt & Whitney R-1830-92,1944,-,-, VT-DBA, 13165,Indian Airlines,Int'l Non Scheduled Passenger,-,-,-,-,-,Kathmandu-Tribhuvan Airport,KTM,VNKT,Nepal,3,30,0,14,-,1,-
19560515-4,Tuesday,15-MAY-1956,-,A1, En route (ENR),"6,5 km (4.1 mls) E of Jeffersonville, IN",United States of America,8,8, Damaged beyond repair,-,Lockheed Ventura,-,-,1943,-,-, N64001, 5326,Crane Co.,Unknown,-,-,-,-,-,Louisville-Standiford Field,SDF,KSDF,United States of America,-,-,-,-,-,-,-
19560518-0,Friday,18-MAY-1956,-,A1, Landing (LDG),Ahmedabad Airport (AMD),India,19,0, Damaged beyond repair,-,Douglas C-47A-30-DK Dakota III,-,-,1944,-,-, VT-CCD, 25468/14023,Indian Airlines,Scheduled Passenger,-,-,-,-,-,Ahmedabad Airport,AMD,VAAH,India,3,16,0,0,-,-,-
19560524-0,Thursday,24-MAY-1956,10:20,A1, En route (ENR),Sierra de Las Minas,Guatemala,31,30, Damaged beyond repair,-,Douglas C-47-DL (DC-3),2,Pratt & Whitney R-1830-92,1942,-,-, TG-AHA, 6052,Aviateca,Domestic Scheduled Passenger,-,Guatemala City-La Aurora Airport,GUA,MGGT,Guatemala,-,-,-,-,3,28,3,27,-,-,-
19560530-1,Wednesday,30-MAY-1956,-,A1, Landing (LDG),"Beaverlodge Lake, NWT",Canada,3,0, Damaged beyond repair,-,Bristol 170 Freighter 31,-,-,-,-,-, CF-TFZ, 13139,Pacific Western,Cargo,-,-,-,-,-,-,-,-,-,3,0,0,0,-,-,-
19560615-0,Friday,15-JUN-1956,-,A1, Landing (LDG),Vientiane-Wattay Airport (VTE),Laos,-,-, Damaged beyond repair,-,Bristol 170 Freighter 31E,2,Bristol Hercules 734,-,-,-, F-OAOU, 13165,Air Laos,Unknown,-,-,-,-,-,Vientiane-Wattay Airport,VTE,VLVT,Laos,-,-,-,-,-,-,-
19560615-1,Friday,15-JUN-1956,-,A1, Maneuvering (MNV),near Ipoh,Malaysia,9,9, Damaged beyond repair,-,Vickers Valetta C.1,2,Bristol Hercules 230,1950,-,-, VX521,-,RAF,Military,-,-,-,-,-,-,-,-,-,-,-,-,-,-,-,-
19560616-0,Saturday,16-JUN-1956,-,A1, Landing (LDG),Enewetak Island Airport (ENT),Marshall Islands,-,0, Damaged beyond repair,-,Douglas C-124A Globemaster II,4,Pratt & Whitney R-4360-20WA,-,-,-, 51-5183, 43593,USAF,Military,-,-,-,-,-,Enewetak Island Airport,ENT,PKMA,Marshall Islands,-,-,0,0,-,-,-
19560618-0,Monday,18-JUN-1956,-,A1, Standing (STD),"Hudson Bay, SK",Canada,3,0, Damaged beyond repair,-,Bristol 170 Freighter 31,-,-,-,-,-, CF-TFY, 13138,TransAir,Cargo,-,-,-,-,-,-,-,-,-,3,0,0,0,-,-,-
19560618-1,Monday,18-JUN-1956,-,A1, Unknown (UNK),nr Jijel,Algeria,-,-, Damaged beyond repair,-,Douglas C-47B-35-DK (DC-3),-,-,1945,-,-, 76976, 33308/16560,French AF,Military,-,-,-,-,-,-,-,-,-,-,-,-,-,-,-,-
19560619-0,Tuesday,19-JUN-1956,-,A1, En route (ENR),"near Townsend, MT",United States of America,2,0, Damaged beyond repair,-,Ford 4-AT-E Tri-Motor,3,Wright J-6-9 Whirlwind,1929,-,-, N9642, 4-AT-58,Johnson Flying Service,Agricultural,-,-,-,-,-,-,-,-,-,2,0,0,0,-,-,-
19560620-0,Wednesday,20-JUN-1956,01:32,A1, En route (ENR),"65 km (40.6 mls) SE off  New York, NY",Atlantic Ocean,74,74, Destroyed, Written off (damaged beyond repair),Lockheed L-1049E-55 Super Constellation,-,-,1954,-,-, YV-C-AMS, 4561,LAV,International Scheduled Passenger, 253,New York-Idlewild International Airport,IDL,KIDL,United States of America,Caracas-Simón Bolívar International Airport,CCS,SVMI,Venezuela,10,64,10,64,-,-,Final
19560624-0,Sunday,24-JUN-1956,17:22,A1, Initial climb (ICL),near Kano International Airport (KAN),Nigeria,45,32, Damaged beyond repair,-,Canadair C-4 Argonaut,4,Rolls-Royce Merlin 622,-,-,-, G-ALHE, 151,BOAC,International Scheduled Passenger,-,Kano International Airport,KAN,DNKN,Nigeria,Tripoli International Airport,TIP,HLLT,Libya,7,38,3,29,-,-,-
19560626-0,Tuesday,26-JUN-1956,-,A1, Takeoff (TOF),"near Roswell-Walker AFB, NM",United States of America,11,11, Damaged beyond repair,-,Boeing KC-97G-26-BO Stratotanker,-,-,-,-,-, 52-2700, 16731,USAF,Military,-,-,-,-,-,-,-,-,-,11,0,11,0,-,-,-
19560628-0,Thursday,28-JUN-1956,-,A1, Initial climb (ICL),"3 km (1.9 mls) from  Resistencia Airport, CH (RES)",Argentina,-,0, Damaged beyond repair,-,Vickers 615 Viking 1B,-,-,1947,-,-, T-5, 181,Argentine AF,Military,-,Resistencia Airport,RES,SARE,Argentina,-,-,-,-,-,25,0,0,-,-,-
19560630-0,Saturday,30-JUN-1956,10:32,A1, En route (ENR),"Grand Canyon, AZ",United States of America,58,58, Destroyed, Written off (damaged beyond repair),Douglas DC-7,-,-,1955,-,5115.0, N6324C, 44288/540,United Airlines,Domestic Scheduled Passenger,UA718,Los Angeles International Airport,LAX,KLAX,United States of America,Chicago-Midway Airport,MDW,KMDW,United States of America,5,53,5,53,70,-,Final
19560630-1,Saturday,30-JUN-1956,10:32,A1, En route (ENR),"Grand Canyon, AZ",United States of America,70,70, Destroyed, Written off (damaged beyond repair),Lockheed L-1049-54-80 Super Constellation,-,-,1952,-,10519.0, N6902C, 4016,TWA,Domestic Scheduled Passenger,TW2,Los Angeles International Airport,LAX,KLAX,United States of America,Kansas City Downtown Municipal Airport,MKC,KMKC,United States of America,6,64,6,64,58,-,Final
19560702-0,Monday,02-JUL-1956,-,A1, Unknown (UNK),at an unknown location,Unknown country,-,-, Damaged beyond repair,-,de Havilland Canada U-1B Otter (DHC-3),-,-,1955,-,-, 144261, 66,US Navy,Military,-,-,-,-,-,-,-,-,-,-,-,-,-,-,-,-
19560703-0,Tuesday,03-JUL-1956,-,A1, En route (ENR),near Lom,Slovakia,21,21, Damaged beyond repair,-,Douglas C-47B-10-DK (DC-3),-,-,1944,-,-, D-13, 26447/15002,Czechoslovak AF,Military,-,Pardubice Airport,PED,LKPD,Czech Republic,Preov Airport,POV,LZPW,Slovakia,6,15,6,15,-,-,-
19560706-0,Friday,06-JUL-1956,-,A1, Unknown (UNK),"Coral Harbour Airport, NU (YZS)",Canada,-,-, Damaged beyond repair,-,Curtiss C-46F-1-CU Commando,-,-,1945,-,-, CF-HZL, 22394,TransAir,Unknown,-,-,-,-,-,-,-,-,-,-,-,-,-,-,-,-
19560706-1,Friday,06-JUL-1956,-,A1, En route (ENR),"72 km (45 mls) NE of Goose Bay, NL",Canada,6,6, Damaged beyond repair,-,Boeing KC-97E-45-BO Stratofreighter,-,-,-,-,-, 51-0220, 16287,USAF,Military,-,Lake Charles Municipal Airport,LCH,KLCH,United States of America,Goose Bay Airport,YYR,CYYR,Canada,6,0,6,0,-,-,-
19560709-0,Monday,09-JUL-1956,-,A1, En route (ENR),"near Rio Branco Airport, AC (RBR)",Brazil,26,6, Damaged beyond repair,-,Douglas C-47A-90-DL (DC-3),2,Pratt & Whitney R-1830-92,1944,-,-, 2062, 20216,Brazilian AF,Military,-,Rio Branco Airport,RBR,SBRB,Brazil,-,-,-,-,6,20,5,1,-,-,-
19560709-1,Monday,09-JUL-1956,13:53,A2, En route (ENR),"Flat Rock, MI",United States of America,35,1, Substantial, Repaired,Vickers 724 Viscount,4,Rolls-Royce Dart 506,1955,-,2586.0, CF-TGR, 55,TCAL,International Scheduled Passenger, 305,Chicago-O'Hare International Airport,ORD,KORD,United States of America,Toronto-Malton Airport,YYZ,CYYZ,Canada,4,31,0,1,-,-,Final
19560712-0,Thursday,12-JUL-1956,-,A1, En route (ENR),"3 km (1.9 mls) from  Marabá, PA",Brazil,5,1, Damaged beyond repair,-,Consolidated PBY-5A Catalina,-,-,-,-,-, PT-ASN, 1792,TICAL,Cargo,-,-,-,-,-,Marabá Airport,MAB,SBMA,Brazil,3,2,1,0,-,-,-
19560713-0,Friday,13-JUL-1956,15:35,A1, En route (ENR),"ca 2 km S of Fort Dix-McGuire AFB, NJ (WRI)",United States of America,66,46, Damaged beyond repair,-,Douglas C-118A (DC-6),-,-,1955,-,-, 53-3301, 44672/639,USAF,Military,-,Wrightstown-McGuire AFB,WRI,KWRI,United States of America,Stephenville-Ernest Harmon AFB,YJT,CYJT,Canada,10,56,8,38,-,-,-
19560713-1,Friday,13-JUL-1956,-,H2, En route (ENR),Ingolstadt Air Base,Germany,20,0, None,-,Lisunov Li-2T,-,-,-,-,-, HA-LIG, 18426601,Malev,Domestic Scheduled Passenger,-,Budapest-Ferihegy Airport,BUD,LHBP,Hungary,-,-,-,-,5,15,0,0,-,-,-
19560715-1,Sunday,15-JUL-1956,01:35,A1, Approach (APR),Shannon Airport (SNN),Ireland,4,4, Damaged beyond repair,-,Convair CV-440-11,-,-,1956,-,-, HB-IMD, 335,Swissair,Ferry/positioning,-,Gander Airport,YQX,CYQX,Canada,Shannon Airport,SNN,EINN,Ireland,4,0,4,0,-,-,-
19560716-0,Monday,16-JUL-1956,07:17,A1, En route (ENR),"5 km (3.1 mls) NE of Pavín, CD",Argentina,18,18, Damaged beyond repair,-,Douglas C-47A-25-DK (DC-3),2,Pratt & Whitney R-1830-92,1944,-,-, LV-ACD, 13328,Aerolineas Argentinas,Domestic Scheduled Passenger,-,Buenos Aires/Ezeiza-Ministro Pistarini Airport,EZE,SAEZ,Argentina,Río Cuarto Airport,RCU,SAOC,Argentina,4,14,4,14,-,-,Final
19560720-0,Friday,20-JUL-1956,-,A1, En route (ENR),off Ashiya Air Base,Japan,4,4, Missing, Presumed damaged beyond repair,Fairchild C-119 Flying Boxcar,-,-,-,-,-, registration unknown,-,USAF,Military,-,-,-,-,-,-,-,-,-,4,0,4,0,-,-,-
19560720-1,Friday,20-JUL-1956,-,A1, Unknown (UNK),"Quantico, VA ?",United States of America,-,-, Damaged beyond repair,-,Douglas R4D-1 (DC-3),-,-,1944,-,-, 17123, 43333,US Navy,Military,-,-,-,-,-,-,-,-,-,-,-,-,-,-,-,-
19560720-2,Friday,20-JUL-1956,-,A1, En route (ENR),175 km (109.4 mls) E of Batagay,Russia,6,4, Damaged beyond repair,-,Antonov An-2,-,-,-,-,-, CCCP-L5554,-,Aeroflot / East Siberia,Passenger,-,-,-,-,-,-,-,-,-,3,3,3,1,-,-,-
19560727-0,Friday,27-JUL-1956,20:10,A2, En route (ENR),8 km (5 mls) NNE of Deir-ez-Zor,Syria,-,0, Substantial, Repaired,Convair CV-340-68B,-,-,1955,-,-, HZ-ABA, 222,Saudi Arabian,Domestic Non Scheduled Passenger,-,-,-,-,-,Damascus International Airport,DAM,OSDI,Syria,-,-,0,0,-,-,Final
19560802-0,Thursday,02-AUG-1956,-,A1, Landing (LDG),Al Mahfid Airport,Yemen,-,0, Damaged beyond repair,-,Vickers Valetta C.1,2,Bristol Hercules 230,1949,-,-, VW812, 373,RAF,Military,-,-,-,-,-,-,-,-,-,-,-,0,0,-,-,-
19560805-0,Sunday,05-AUG-1956,-,A1, Landing (LDG),Karachi-Drigh Road Airforce Station,Pakistan,72,0, Damaged beyond repair,-,Handley Page HP.81 Hermes IVA,-,-,1950,-,-, G-ALDK, HP.81/12,Britavia,Int'l Non Scheduled Passenger,-,-,-,-,-,Karachi International Airport,KHI,OPKC,Pakistan,7,65,0,0,-,-,-
19560808-0,Wednesday,08-AUG-1956,-,A1, En route (ENR),near Thazi,Myanmar,22,11, Damaged beyond repair,-,Douglas C-47B-1-DK (DC-3),2,Pratt & Whitney R-1830-90C,1944,-,-, XY-ADC, 25793/14348,Union of Burma Airways,Domestic Scheduled Passenger,-,Yangon-Mingaladon Airport,RGN,VYYY,Myanmar,Mandalay-Annisaton Airport,MDL,VYMD,Myanmar,4,18,3,8,-,-,-
19560808-1,Wednesday,08-AUG-1956,05:05,A1, Approach (APR),"Boca Raton Public Airport, FL (BCT)",United States of America,5,5, Destroyed, Written off (damaged beyond repair),Fairchild C-82A-20-FA Packet,2,Pratt & Whitney R-2800-85,1946,-,1016.0, N4832V, 10070,Sky Spray,Agricultural,-,-,-,-,-,Boca Raton Public Airport,BCT,KBCT,United States of America,2,3,2,3,-,-,Final
19560809-0,Thursday,09-AUG-1956,-,A1, Unknown (UNK),at an unknown location,Unknown country,-,-, Damaged beyond repair,-,Douglas C-47A-80-DL (DC-3),2,Pratt & Whitney R-1830-92,1944,-,-, HK-308, 19758,Avianca,Unknown,-,-,-,-,-,-,-,-,-,-,-,-,-,-,-,-
19560816-0,Thursday,16-AUG-1956,07:40,A1, Landing (LDG),near San Salvador Auxiliary AFB (ZSA),Bahamas,13,1, Destroyed, Written off (damaged beyond repair),Douglas C-124A-DL Globemaster II,4,Pratt & Whitney R-4360-20WA,-,-,-, 51-0156, 43490,USAF,Military,-,Cocoa Beach-Patrick AFB,COF,KCOF,United States of America,San Salvador Airport,ZSA,MYSM,Bahamas,13,0,1,0,-,-,-
19560816-2,Thursday,16-AUG-1956,-,A1, Unknown (UNK),unknown,Unknown country,-,-, Damaged beyond repair,-,Douglas C-47A-85-DL (DC-3),-,-,1944,-,-, 43-15593, 20059,USAF,Military,-,-,-,-,-,-,-,-,-,-,-,-,-,-,-,-
19560820-0,Monday,20-AUG-1956,-,A1, En route (ENR),23 km (14.4 mls) from  Gizhiga,Russia,4,3, Damaged beyond repair,-,Antonov An-2,-,-,-,-,-, CCCP-L3488,-,Aeroflot / Magadan,Survey/research,-,-,-,-,-,-,-,-,-,4,0,3,0,-,-,Preliminary
19560821-0,Tuesday,21-AUG-1956,-,A1, Initial climb (ICL),"Palm Beach AFB, FL (PBI)",United States of America,6,3, Damaged beyond repair,-,Douglas C-124C Globemaster II,4,Pratt & Whitney R-4360-20WA,-,-,-, 52-1005, 43914,USAF,Military,-,Palm Beach AFB,PBI,KPBI,United States of America,Palm Beach AFB,PBI,KPBI,United States of America,6,0,3,0,-,-,-
19560823-0,Thursday,23-AUG-1956,-,A1, Landing (LDG),"Brevoort Island, NU",Canada,-,0, Damaged beyond repair,-,Consolidated PBY-5A Catalina,-,-,-,-,-, CF-GBQ, 456,Maritime Central Airways,Cargo,-,-,-,-,-,-,-,-,-,-,-,0,0,-,-,-
19560825-0,Saturday,25-AUG-1956,-,A1, Approach (APR),near La Paz-El Alto Airport (LPB),Bolivia,3,2, Damaged beyond repair,-,Douglas C-47D (DC-3),2,Pratt & Whitney R-1830-90,1945,-,-, CP-605, 32542/15794,LAB,Cargo,-,-,-,-,-,La Paz-El Alto Airport,LPB,SLLP,Bolivia,2,1,1,1,-,-,-
19560825-2,Saturday,25-AUG-1956,-,A1, Unknown (UNK),unknown,Unknown country,-,-, Damaged beyond repair,-,Douglas C-47A-20-DK (DC-3),-,-,1944,-,-, 42-93195, 13080,US Navy,Military,-,-,-,-,-,-,-,-,-,-,-,-,-,-,-,-
19560827-0,Monday,27-AUG-1956,-,A1, Takeoff (TOF),Vientiane,Laos,3,0, Damaged beyond repair,-,de Havilland Canada DHC-3 Otter,-,-,1956,-,181.0, F-BHEJ, 95,Aigle Azur Extrême Orient,Non Scheduled Passenger,-,-,-,-,-,-,-,-,-,1,2,0,0,-,-,-
19560829-0,Wednesday,29-AUG-1956,20:45,A1, Approach (APR),"Cold Bay, AK",United States of America,22,15, Damaged beyond repair,-,Douglas DC-6B,4,Pratt & Whitney R-2800,1953,-,-, CF-CUP, 43843/324,Canadian Pacific,International Scheduled Passenger, 307,Vancouver International Airport,YVR,CYVR,Canada,Cold Bay Airport,CDB,PACD,United States of America,8,14,4,11,-,-,-
19560903-0,Monday,03-SEP-1956,-,O1, Standing (STD),Taipei,Taiwan,0,0, Damaged beyond repair,-,Consolidated 28-5MC Canso A,-,-,1942,-,-, B-1401, 425,Foshing Airlines,-,-,-,-,-,-,-,-,-,-,0,0,0,0,-,-,-
19560903-1,Monday,03-SEP-1956,-,O1, Standing (STD),Taipei,Taiwan,0,0, Damaged beyond repair,-,Consolidated PBY-5A Catalina,-,-,-,-,-, B-201,-,Unknown,-,-,-,-,-,-,-,-,-,-,0,0,0,0,-,-,-
19560905-0,Wednesday,05-SEP-1956,-,A1, Approach (APR),"1,6 km (1 mls) off  Car Nicobar Airport (CBD)",India,3,0, Damaged beyond repair,-,Vickers Valetta C.1,2,Bristol Hercules 230,1950,-,-, WD165, 494,RAF,Military,-,-,-,-,-,Car Nicobar Airport,CBD,VOCX,India,3,0,0,0,-,-,-
19560906-0,Thursday,06-SEP-1956,14:30,A1, Initial climb (ICL),"Belo Horizonte-Pampulha Airport, MG (PLU)",Brazil,16,0, Damaged beyond repair,-,Douglas C-47A-25-DK (DC-3),2,Pratt & Whitney R-1830-92,1944,-,-, PP-ANK, 13773,Loide Aéreo Nacional,Passenger,-,Belo Horizonte-Pampulha Airport,PLU,SBBH,Brazil,Uberlândia Airport,UDI,SBUL,Brazil,-,-,0,0,-,-,-
19560908-0,Saturday,08-SEP-1956,-,A1, Approach (APR),Dikson Airport (DKS),Russia,-,0, Damaged beyond repair,-,Ilyushin Il-12,-,-,-,-,-, CCCP-N525, 93013108,Polyarnaya Aviatsiya,Unknown,-,-,-,-,-,Dikson Airport,DKS,UODD,Russia,-,-,0,0,-,-,-
19560909-0,Sunday,09-SEP-1956,-,A1, Approach (APR),near Amman-Marka International Airport (ADJ),Jordan,57,1, Damaged beyond repair,-,Curtiss C-46A-45-CU Commando,2,Pratt & Whitney R-2800-51,1944,-,-, JY-ABV, 27069,Jordan Int. Airlines,International Scheduled Passenger,-,Amman-Marka International Airport,ADJ,OJAM,Jordan,Kuwait International Airport,KWI,OKBK,Kuwait,4,53,0,1,-,-,-
19560909-1,Sunday,09-SEP-1956,-,A2, Landing (LDG),"Kotzebue Airport, AK (OTZ)",United States of America,3,1, Substantial, Repaired,Curtiss C-46F Commando,-,-,-,-,-, registration unknown,-,Westair Transport,Unknown,-,-,-,-,-,Kotzebue Airport,OTZ,PAOT,United States of America,2,1,1,0,-,-,-
19560909-2,Sunday,09-SEP-1956,14:32,A2, En route (ENR),"Bartlesville, OK",United States of America,17,0, Substantial, Repaired,Douglas DC-3A-453,2,Pratt & Whitney R-1830,1942,-,-, NC33315, 4978,Continental Air Lines,Domestic Scheduled Passenger, 190,-,-,-,-,Bartlesville Airport,BVO,KBVO,United States of America,3,14,0,0,-,-,Final
19560911-0,Tuesday,11-SEP-1956,-,U1, Unknown (UNK),at an unknown location,Unknown country,-,-, Damaged beyond repair,-,Short S.25 Sandringham 3,-,-,-,-,-, CX-AFA, SH.05C,CAUSA,Unknown,-,-,-,-,-,-,-,-,-,-,-,-,-,-,-,-
19560911-1,Tuesday,11-SEP-1956,-,A1, Unknown (UNK),near Cherepovets Airport (CEE),Russia,4,4, Damaged beyond repair,-,Lisunov Li-2,-,-,-,-,-, CCCP-N584, 18440208,GUSMP,Training,-,Cherepovets Airport,CEE,ULBC,Russia,Cherepovets Airport,CEE,ULBC,Russia,4,0,4,0,-,-,-
19560913-1,Thursday,13-SEP-1956,-,A1, Landing (LDG),"Hall Beach Airport, NU (YUX)",Canada,-,0, Damaged beyond repair,-,Avro 685 York C.1,4,Rolls-Royce Merlin,1946,-,-, CF-HFQ, Set 27,TransAir,Cargo,-,-,-,-,-,Hall Beach Airport,YUX,CYUX,Canada,-,-,0,0,-,-,-
19560913-2,Thursday,13-SEP-1956,-,A1, Approach (APR),ca 1 km from Fürstenfeldbruck Air Base,Germany,9,0, Damaged beyond repair,-,Douglas C-47D (DC-3),2,Pratt & Whitney R-1830-90,1945,-,-, 44-77285, 33617/16869,USAF,Military,-,-,-,-,-,-,-,-,-,3,6,0,0,-,-,-
19560916-0,Sunday,16-SEP-1956,-,A1, Approach (APR),Syuldyukar,Russia,3,1, Damaged beyond repair,-,Antonov An-2,-,-,-,-,-, CCCP-A2582,-,Aeroflot / East Siberia,Ferry/positioning,-,-,-,-,-,-,-,-,-,3,0,1,0,-,-,-
19560917-0,Monday,17-SEP-1956,-,O1, Standing (STD),London-Stansted Airport (STN),United Kingdom,-,-, Damaged beyond repair,-,Avro 685 York C.1,4,Rolls-Royce Merlin,1946,-,-, EP-ADB, 1224,Persian Air Services,-,-,-,-,-,-,-,-,-,-,-,-,-,-,-,-,-
19560917-1,Monday,17-SEP-1956,22:00,A1, En route (ENR),160 km (100 mls) S off  Guam,Pacific Ocean,18,0, Damaged beyond repair,-,Lockheed WV-3 Super Constellation,-,-,1956,-,723.0, 137893, 4380,US Navy,Military,-,-,-,-,-,-,-,-,-,18,0,0,0,-,-,-
19560923-0,Sunday,23-SEP-1956,-,A1, Landing (LDG),"DEW Line Site 28, NU",Canada,-,0, Damaged beyond repair,-,Curtiss C-46D-10-CU Commando,-,-,1944,-,-, CF-IHR, 32866,World Wide Airways,Unknown,-,-,-,-,-,-,-,-,-,-,-,0,0,-,-,-
19560924-0,Monday,24-SEP-1956,-,A1, En route (ENR),"Mount Yale, CO",United States of America,12,12, Destroyed, Written off (damaged beyond repair),Douglas VC-47A (DC-3),-,-,1944,-,-, 43-48146, 25407/13962,USAF,Military,-,-,-,-,-,-,-,-,-,2,10,2,10,-,-,-
19560924-1,Monday,24-SEP-1956,-,A1, En route (ENR),"Campofelice di Roccella, Sicily",Italy,3,2, Damaged beyond repair,-,Lockheed P2V Neptune,-,-,-,-,-, registration unknown,-,US Navy,Military,-,-,-,-,-,-,-,-,-,-,-,-,-,-,-,-
19560926-0,Wednesday,26-SEP-1956,-,O1, Standing (STD),Santa Margherita,Italy,-,0, Damaged beyond repair,-,Shorts S.45 Solent 3,-,-,-,-,-, G-ANAJ, S.1293,Aquila Airways,-,-,-,-,-,-,-,-,-,-,-,-,0,0,-,-,-
19560926-1,Wednesday,26-SEP-1956,-,A1, En route (ENR),"44 km (27.5 mls) N of Kuujjuaq, QC",Canada,3,2, Damaged beyond repair,-,Avro 685 York C.1,4,Rolls-Royce Merlin,1944,-,-, CF-HMW,-,Maritime Central Airways,Cargo,-,Frobisher Bay Airport,YFB,CYFB,Canada,Kuujjuaq-Fort Chimo Airport,YVP,CYVP,Canada,3,0,2,0,-,-,-
19560926-2,Wednesday,26-SEP-1956,-,A1, Unknown (UNK),unknown,Philippines,-,-, Damaged beyond repair,-,Douglas C-47D (DC-3),-,-,1944,-,-, 43-49550, 26811/15366,USAF,Military,-,-,-,-,-,-,-,-,-,-,-,-,-,-,-,-
19560929-1,Saturday,29-SEP-1956,-,A1, Approach (APR),near Tenerife-Los Rodeos Airfield (TCI),Spain,38,0, Damaged beyond repair,-,SNCASE SE.161 Languedoc,-,-,1946,-,-, EC-AKV, 26,Aviaco,Domestic Scheduled Passenger,-,Málaga Airport,AGP,LEMG,Spain,Tenerife-Los Rodeos Airfield,TCI,GCXO,Spain,5,33,0,0,-,1,-
19560999-0,-,xx-SEP-1956,-,A1, Unknown (UNK),at an unknown location,Unknown country,-,-, Damaged beyond repair,-,Curtiss C-46A-60-CK Commando,2,Pratt & Whitney R-2800-51,1945,-,-, HI-36,   432,Dominicana,Unknown,-,-,-,-,-,-,-,-,-,-,-,-,-,-,-,-
19561001-1,Monday,01-OCT-1956,-,C1, Standing (STD),Cairo-Almaza Air Base,Egypt,-,-, Damaged beyond repair,-,Vickers 739 Viscount,-,-,1955,-,-, SU-AIC,  85,Misrair,-,-,-,-,-,-,-,-,-,-,-,-,-,-,-,-,-
19561003-0,Wednesday,03-OCT-1956,07:21,A1, Approach (APR),"1,4 km (0.9 mls) NW of Charleston AFB, SC (CHS)",United States of America,10,3, Damaged beyond repair,-,Douglas C-124C Globemaster II,4,Pratt & Whitney R-4360-20WA,-,-,-, 53-0033, 44328,USAF,Military,-,-,-,-,-,Charleston AFB,CHS,KCHS,United States of America,9,1,2,1,-,-,Final
19561005-0,Friday,05-OCT-1956,-,A1, Initial climb (ICL),3 km (1.9 mls) N of Salisbury Airport (HRE),Zimbabwe,2,2, Damaged beyond repair,-,Vickers 610 Viking 1B,-,-,1947,-,-, VP-YMO, 227,Central African Airways,Training,-,Salisbury Airport,HRE,FVHA,Zimbabwe,-,-,-,-,2,0,2,0,-,-,-
19561010-0,Wednesday,10-OCT-1956,22:10,A1, En route (ENR),"590 km (368.8 mls) WSW off  Land's End, UK",Atlantic Ocean,59,59, Damaged beyond repair,-,Douglas R6D-1 (DC-6),-,-,1953,-,-, 131588, 43691/321,US Navy,Military,-,Lakenheath RAF Station,LKZ,EGUL,United Kingdom,Terceira-Lajes Airport,TER,LPLA,Portugal,9,50,9,50,-,-,-
19561010-1,Wednesday,10-OCT-1956,-,A1, En route (ENR),"1,8 km (1.1 mls) NE off  Mull of Kintyre, Argyll",United Kingdom,9,9, Damaged beyond repair,-,Lockheed Neptune MR.1,-,-,-,-,-, WX545, 426-5160,RAF,Military,-,-,-,-,-,-,-,-,-,9,0,9,0,-,-,-
19561013-0,Saturday,13-OCT-1956,-,H2, En route (ENR),Szombathely,Hungary,19,1, None, -,Lisunov Li-2,-,-,1946,-,-, HA-LID, 18423508,Malev,Domestic Scheduled Passenger,-,-,-,-,-,-,-,-,-,5,14,0,1,-,-,-
19561014-0,Sunday,14-OCT-1956,-,A1, Maneuvering (MNV),"10 km (6.3 mls) from  Rauch, BA",Argentina,-,0, Damaged beyond repair,-,Junkers Ju-52/3m,-,-,-,-,-, LV-ZIF, 5829,Argentine Ministry of Agriculture,Agricultural,-,-,-,-,-,-,-,-,-,-,-,0,0,-,-,-
19561014-1,Sunday,14-OCT-1956,15:00,A1, Unknown (UNK),San Nicolas del Puerto,Spain,8,8, Damaged beyond repair,-,Junkers Ju-52/3m,-,-,-,-,-, T.2B-99,-,Spanish AF,Military,-,-,-,-,-,-,-,-,-,-,-,-,-,-,-,-
19561016-0,Tuesday,16-OCT-1956,06:15,A1, En route (ENR),"1800 km (1125 mls) SW off  San Francisco, CA, USA",Pacific Ocean,31,0, Damaged beyond repair,-,Boeing 377 Stratocruiser 10-29,4,Pratt & Whitney R-4360-B6,1949,-,-, N90943, 15959/36,Pan Am,Domestic Scheduled Passenger,PA6,Honolulu International Airport,HNL,PHNL,United States of America,San Francisco International Airport,SFO,KSFO,United States of America,7,24,0,0,-,-,-
19561018-0,Thursday,18-OCT-1956,-,A1, Unknown (UNK),at an unknown location,Unknown country,-,-, Damaged beyond repair,-,Douglas C-47D (DC-3),-,-,1944,-,-, 43-49511, 26772/15327,USAF,Military,-,-,-,-,-,-,-,-,-,-,-,-,-,-,-,-
19561018-1,Thursday,18-OCT-1956,-,A1, Landing (LDG),McMurdo Station,Antarctica,8,4, Damaged beyond repair,-,Lockheed P2V-2N Neptune,-,-,-,-,-, 122465,-,US Navy,Military,-,Christchurch International Airport,CHC,NZCH,New Zealand,-,-,-,-,8,0,4,0,-,-,-
19561019-0,Friday,19-OCT-1956,-,A1, Approach (APR),Agartala,India,3,3, Damaged beyond repair,-,Douglas DC-3,-,-,-,-,-, VT-DGK,-,Indian Airlines,Cargo,-,-,-,-,-,Agartala-Singerbhil Airport,IXA,VEAT,India,3,0,3,0,-,-,-
19561020-0,Saturday,20-OCT-1956,-,A1, Landing (LDG),"Tallahassee Municipal Airport, FL (TLH)",United States of America,-,-, Damaged beyond repair,-,Lockheed 18-50 Lodestar,-,-,1943,-,-, N33368, 18-2372,National Airlines,Unknown,-,-,-,-,-,Tallahassee Municipal Airport,TLH,KTLH,United States of America,-,-,-,-,-,-,-
19561026-0,Friday,26-OCT-1956,-,A1, En route (ENR),"Daly Waters, NT",Australia,-,0, Damaged beyond repair,-,Douglas C-47B-25-DK (DC-3),2,Pratt & Whitney R-1830-90C,1945,-,-, A65-75, 32667/15919,RAAF,Military,-,-,-,-,-,Darwin Airport,DRW,YPDN,Australia,-,-,0,0,-,-,-
19561026-1,Friday,26-OCT-1956,15:18,A1, En route (ENR),"11 km (6.9 mls) N of Newburg, PA",United States of America,4,4, Damaged beyond repair,-,Fairchild C-119G Flying Boxcar,2,Wright R-3350,-,-,-, 51-8026, 10769,USAF,Military,-,Smyrna-Sewart AFB,MQY,KMQY,United States of America,Harrisburg-Olmsted AFB,MDT,KMDT,United States of America,4,0,4,0,-,-,-
19561028-0,Sunday,28-OCT-1956,-,C1, En route (ENR),Mediterranean Sea,Egypt,16,16, Damaged beyond repair,-,Ilyushin Il-14,-,-,-,-,-, 1101,-,Egyptian AF,Military,-,Damascus International Airport,DAM,OSDI,Syria,-,-,-,-,-,-,-,-,-,-,-
19561030-0,Tuesday,30-OCT-1956,-,A1, Taxi (TXI),Castle Archdale,United Kingdom,-,0, Damaged beyond repair,-,Short Sunderland MR.5,-,-,-,-,-, EJ153,-,RAF,Military,-,-,-,-,-,-,-,-,-,-,-,0,0,-,-,-
19561030-1,Tuesday,30-OCT-1956,-,A1, En route (ENR),"10 km (6.3 mls) from  Rio de Janeiro-Galeão International Airport, RJ (GIG)",Brazil,7,1, Damaged beyond repair,-,Hurel-Dubois HD.321,-,-,-,-,-, F-BHHA, 02,SGACC,Demonstration,-,Rio de Janeiro-Galeão International Airport,GIG,SBGL,Brazil,-,-,-,-,-,-,-,-,-,-,-
19561101-0,Thursday,01-NOV-1956,-,U1, Unknown (UNK),at an unknown location,Unknown country,-,-, Damaged beyond repair,-,Bristol 170 Freighter 31M,2,Bristol Hercules 734,1954,-,-, S4413, 13164,Pakistan AF,Military,-,-,-,-,-,-,-,-,-,-,-,-,-,-,-,-
19561101-2,Thursday,01-NOV-1956,-,A1, Approach (APR),Lake Mzingazi,South Africa,10,2, Damaged beyond repair,-,Short Sunderland GR.5,-,-,-,-,-, 1715,-,South African AF,Military,-,-,-,-,-,-,-,-,-,-,-,-,-,-,-,-
19561102-0,Friday,02-NOV-1956,-,C1, Unknown (UNK),Suez,Egypt,-,-, Damaged beyond repair,-,Fiat G.212CP,-,-,-,-,-, SU-AFF, 09,SAIDE,Unknown,-,-,-,-,-,-,-,-,-,-,-,-,-,-,-,-
19561102-1,Friday,02-NOV-1956,04:30,A1, Approach (APR),near Sverdlovsk-Koltsovo Airport (SVX),Russia,5,2, Damaged beyond repair,-,Lisunov Li-2,-,-,-,-,-, CCCP-L4872, 18435507,Aeroflot / West Siberia,Domestic Scheduled Passenger,-,-,-,-,-,Sverdlovsk-Koltsovo Airport,SVX,USSS,Russia,3,2,2,0,-,-,-
19561103-0,Saturday,03-NOV-1956,-,A1, En route (ENR),near San Miguel Bay,Panama,7,0, Damaged beyond repair,-,Curtiss C-46D-15-CU Commando,-,-,1945,-,-, CC-CAH-331, 33544,ALA,Cargo,-,Havana-José Martí International Airport,HAV,MUHA,Cuba,Panama City-Tocumen International Airport,PTY,MPTO,Panama,5,2,0,0,-,-,-
19561105-0,Monday,05-NOV-1956,23:52,A1, Approach (APR),near Blackbushe Airport (BBS),United Kingdom,80,7, Damaged beyond repair,-,Handley Page HP.81 Hermes IVA,-,-,1950,-,-, G-ALDJ, HP.81/11,Britavia,Int'l Non Scheduled Passenger,-,Tripoli-Idris Airport,TIP,HLLT,Libya,Blackbushe Airport,BBS,EGLK,United Kingdom,6,74,3,4,-,-,-
19561107-0,Wednesday,07-NOV-1956,09:50,A1, En route (ENR),Hummelfjell Mountain,Norway,12,2, Damaged beyond repair,-,de Havilland DH-114 Heron 2B,-,-,1956,-,-, LN-SUR, 14093,Braathens,Domestic Scheduled Passenger,253,Trondheim-Værnes Airport,TRD,ENVA,Norway,Oslo-Fornebu Airport,FBU,ENFB,Norway,2,10,1,1,-,-,-
19561109-0,Friday,09-NOV-1956,21:00,A1, En route (ENR),ca 570 km N off Bermuda,Atlantic Ocean,10,10, Damaged beyond repair,-,Martin P5M-1 Marlin,2,Wright R-3350,-,-,-, 127705,-,US Navy,Military,-,-,-,-,-,-,-,-,-,10,0,10,0,-,-,-
19561110-0,Saturday,10-NOV-1956,-,U1, Unknown (UNK),unknown,Unknown country,-,-, Damaged beyond repair,-,Curtiss C-46 Commando,-,-,-,-,-, 362,-,Republic of China AF,Military,-,-,-,-,-,-,-,-,-,-,-,-,-,-,-,-
19561115-0,Thursday,15-NOV-1956,-,A1, Landing (LDG),"Las Vegas-McCarran International Airport, NV (LAS)",United States of America,38,0, Damaged beyond repair,-,Martin 4-0-4,-,-,-,-,-, N40404, 14104,TWA,Domestic Scheduled Passenger,-,Las Vegas-McCarran International Airport,LAS,KLAS,United States of America,Los Angeles International Airport,LAX,KLAX,United States of America,3,35,0,0,-,-,Final
19561115-1,Thursday,15-NOV-1956,-,A1, En route (ENR),13 km (8.1 mls) NNW of Puerto Somoza,Nicaragua,25,25, Damaged beyond repair,-,Douglas C-54A-10-DC (DC-4),-,-,1944,-,-, XA-HEG, 10324,Guest Aerovias Mexico,International Scheduled Passenger,-,Panama City-Tocumen International Airport,PTY,MPTO,Panama,Guatemala City-La Aurora Airport,GUA,MGGT,Guatemala,5,20,5,20,-,-,-
19561117-1,Saturday,17-NOV-1956,16:45,A1, En route (ENR),Cerro El Rucio,Colombia,36,36, Destroyed, Written off (damaged beyond repair),Douglas C-49G-DO (DC-3),-,-,1937,-,-, HK-385, 1971,ARPA,Domestic Scheduled Passenger,-,Buenaventura-Gerardo Tobar López Airport,BUN,SKBU,Colombia,Cali Airport,CLO,SKCL,Colombia,3,33,3,33,-,-,-
19561118-0,Sunday,18-NOV-1956,14:42,A1, Approach (APR),near Irkutsk Airport (IKT),Russia,5,1, Damaged beyond repair,-,Ilyushin Il-14,-,-,-,-,-, CCCP-L5658,-,Aeroflot / East Siberia,Ferry/positioning,-,-,-,-,-,Irkutsk Airport,IKT,UIII,Russia,4,1,1,0,-,-,-
19561123-0,Friday,23-NOV-1956,-,A1, Maneuvering (MNV),Cameron Highlands,Malaysia,7,7, Damaged beyond repair,-,Vickers Valetta C.1,2,Bristol Hercules 230,1950,-,-, VX525,-,RAF,Military,-,-,-,-,-,-,-,-,-,3,4,3,4,-,-,-
19561124-0,Saturday,24-NOV-1956,18:20,A1, En route (ENR),Eglisau,Switzerland,23,23, Damaged beyond repair,-,Ilyushin Il-12B,-,-,1949,-,-, OK-DBP, 93013517,CSA,International Scheduled Passenger,-,Zürich-Kloten Airport,ZRH,LSZH,Switzerland,Praha-Ruzyne International Airport,PRG,LKPR,Czech Republic,5,18,5,18,-,-,-
19561124-1,Saturday,24-NOV-1956,00:11,A1, Initial climb (ICL),"0,6 km (0.4 mls) W of Paris-Orly Airport (ORY)",France,35,34, Damaged beyond repair,-,Douglas DC-6B,4,Pratt & Whitney R-2800,1956,-,-, I-LEAD, 45075/731,LAI,International Scheduled Passenger, 451,Paris-Orly Airport,ORY,LFPO,France,Shannon Airport,SNN,EINN,Ireland,10,25,10,24,-,-,-
19561127-0,Tuesday,27-NOV-1956,08:10,A1, En route (ENR),18 km (11.3 mls) ESE of Caracas Airport (CCS),Venezuela,25,25, Destroyed, Written off (damaged beyond repair),Lockheed L-749-79 Constellation,-,-,1947,-,-, YV-C-AMA, 2560,LAV,International Scheduled Passenger, 253,New York-Idlewild International Airport,IDL,KIDL,United States of America,Caracas Airport,CCS,SVMI,Venezuela,7,18,7,18,-,-,Final
19561127-1,Tuesday,27-NOV-1956,-,A1, Landing (LDG),Topcliffe RAF Station,United Kingdom,7,0, Damaged beyond repair,-,Lockheed Neptune MR.1,-,-,-,-,-, WX546, 426-5159,RAF,Military,-,-,-,-,-,-,-,-,-,7,0,0,0,-,-,-
19561128-0,Wednesday,28-NOV-1956,-,A1, Landing (LDG),McMurdo Station-Williams Field,Antarctica,17,0, Damaged beyond repair,-,Douglas C-124C Globemaster II,4,Pratt & Whitney R-4360-20WA,-,-,-, 52-1015, 43924,USAF,Military,-,-,-,-,-,-,-,-,-,-,-,0,0,-,-,-
19561128-1,Wednesday,28-NOV-1956,-,A1, Takeoff (TOF),Aden-Khormaksar RAF Station,Yemen,-,0, Damaged beyond repair,-,Vickers Valetta C.1,2,Bristol Hercules 230,1949,-,-, VW183, 339,RAF,Military,-,Ataq Airport,AXK,ODAT,Yemen,-,-,-,-,-,-,0,0,-,-,-
19561207-0,Friday,07-DEC-1956,-,A1, En route (ENR),near Foolow,United Kingdom,4,4, Damaged beyond repair,-,Avro Shackleton MR.3,4,Rolls-Royce Griffon 57,1955,-,-, WR970,-,Avro,Military,-,Woodford Airport,WFD,EGCD,United Kingdom,Woodford Airport,WFD,EGCD,United Kingdom,4,0,4,0,-,-,-
19561208-0,Saturday,08-DEC-1956,07:05,A1, En route (ENR),25 km (15.6 mls) NW of Bogotá,Colombia,16,14, Damaged beyond repair,-,Boeing-Canada PB2B-1 Canso A (PBY-5A),-,-,1943,-,-, HK-133, 21998,Agencia Interamericana,Domestic Scheduled Passenger,-,-,-,-,-,Medellín-Enrique Olaya Herrera Airport,EOH,SKMD,Colombia,5,11,4,10,-,-,Final
19561209-0,Sunday,09-DEC-1956,00:40,A1, En route (ENR),near Anadyr,Russia,12,12, Damaged beyond repair,-,Lisunov Li-2,-,-,-,-,-, CCCP-L5033, 18435609,Aeroflot / Far East,Domestic Scheduled Passenger,-,-,-,-,-,-,-,-,-,5,7,5,7,-,-,-
19561209-1,Sunday,09-DEC-1956,19:10,A1, En route (ENR),"Mount Slesse, BC",Canada,62,62, Damaged beyond repair,-,Canadair DC-4M2 North Star,4,Rolls-Royce Merlin 622,-,-,-, CF-TFD, 128,TCAL,Domestic Scheduled Passenger, 810-9,Vancouver International Airport,YVR,CYVR,Canada,Calgary Municipal Airport,YYC,CYYC,Canada,3,59,3,59,-,-,Final
19561210-1,Monday,10-DEC-1956,-,A1, Unknown (UNK),E of Cameron Highlands,Malaysia,9,8, Damaged beyond repair,-,Bristol 170 Freighter 31M,2,Bristol Hercules 734,-,-,-, NZ5901, 12832,New Zealand AF,Military,-,-,-,-,-,-,-,-,-,3,6,3,5,-,-,-
19561212-0,Wednesday,12-DEC-1956,-,A1, En route (ENR),90 km (56.3 mls) SE off  Panama [Gulf of Panama],Atlantic Ocean,2,0, Damaged beyond repair,-,Curtiss C-46F-1-CU Commando,-,-,1945,-,-, N1662M, 22545,Aerovias Sud Americana,Cargo,-,-,-,-,-,-,-,-,-,2,0,0,0,-,-,-
19561212-1,Wednesday,12-DEC-1956,09:00,A1, En route (ENR),near Dannemois,France,5,5, Damaged beyond repair,-,Vickers 708 Viscount,-,-,1953,-,-, F-BGNK,   8,Air France,Training,-,Paris-Orly Airport,ORY,LFPO,France,Reims Airport,RHE,LFSR,France,5,0,5,0,-,-,-
19561212-2,Wednesday,12-DEC-1956,08:50,A1, En route (ENR),"11 km (6.9 mls) SE of Bartlesville Airport, OK (BVO)",United States of America,8,8, Damaged beyond repair,-,Lockheed 18-14 Lodestar,-,-,1940,-,-, N28366, 18-2043,Phillips Petroleum Company,Executive,-,Bartlesville Airport,BVO,KBVO,United States of America,Salt Lake City International Airport,SLC,KSLC,United States of America,2,6,2,6,-,-,Final
19561213-0,Thursday,13-DEC-1956,-,A1, En route (ENR),Tourous Mountains,Syria,4,4, Damaged beyond repair,-,Vickers 610 Viking 1B,-,-,1949,-,-, VK-500, 260,Jordanian AF,Military,-,Beirut International Airport,BEY,OLBA,Lebanon,Athens-Ellinikon International Airport,ATH,LGAT,Greece,4,0,4,0,-,-,-
19561215-0,Saturday,15-DEC-1956,-,A1, Unknown (UNK),"Goose Bay, NL",Canada,-,-, Damaged beyond repair,-,de Havilland Canada DHC-3 Otter,-,-,1954,-,-, 3684, 45,RCAF,Military,-,-,-,-,-,-,-,-,-,-,-,-,-,-,-,-
19561216-0,Sunday,16-DEC-1956,-,A1, Unknown (UNK),"Long Beach, CA",United States of America,4,0, Damaged beyond repair,-,Curtiss C-46A-45-CU Commando,2,Pratt & Whitney R-2800-51,1944,-,-, N2028A, 30380,Zantop,Unknown,-,-,-,-,-,Long Beach Municipal Airport,LGB,KLGB,United States of America,4,0,0,0,-,-,-
19561219-0,Wednesday,19-DEC-1956,-,A1, Landing (LDG),Hargeisa Airport (HGA),Somalia,-,0, Damaged beyond repair,-,Vickers Valetta C.1,2,Bristol Hercules 230,1949,-,-, VW840, 401,RAF,Military,-,-,-,-,-,Hargeisa Airport,HGA,HCMH,Somalia,-,-,0,0,-,-,-
19561220-0,Thursday,20-DEC-1956,19:23,A1, En route (ENR),"8 km (5 mls) N of Tyrone, PA",United States of America,3,3, Damaged beyond repair,-,Lockheed 18-56-23 Lodestar,2,Wright R-1820-56,1943,-,3715.0, N1245V, 18-2470,United States Steel Corp.,Executive,-,Pittsburgh International Airport,PIT,KPIT,United States of America,-,-,-,-,2,1,2,1,-,-,Final
19561222-0,Saturday,22-DEC-1956,21:03,A1, Approach (APR),ca 7 km E of München-Riem Airport (MUC),Germany,30,3, Damaged beyond repair,-,Convair CV-340-58,-,-,1954,-,-, YU-ADA, 162,JAT,International Scheduled Passenger,-,Wien-Schwechat International Airport,VIE,LOWW,Austria,München-Riem Airport,MUC,EDDM,Germany,3,27,2,1,-,-,-
19561222-1,Saturday,22-DEC-1956,18:20,A1, En route (ENR),Monte Giner,Italy,21,21, Damaged beyond repair,-,Douglas C-47-DL (DC-3),2,Pratt & Whitney R-1830-92,1943,-,-, I-LINC, 9101,LAI,Domestic Scheduled Passenger,-,Roma-Ciampino Airport,CIA,LIRA,Italy,Milano-Malpensa Airport,MXP,LIMC,Italy,4,17,4,17,-,-,-
19561225-0,Tuesday,25-DEC-1956,11:15,A2, Approach (APR),near Bombay-Santacruz Airport (BOM),India,40,0, Substantial, Repaired,Convair CV-240-5,-,-,-,-,-, AP-AHO, 42,PIA,International Scheduled Passenger,-,-,-,-,-,Bombay-Santacruz Airport,BOM,VABB,India,3,37,0,0,2,-,-
19561227-0,Thursday,27-DEC-1956,-,A1, En route (ENR),"near Timmins Airport, ON (YTS)",Canada,3,0, Damaged beyond repair,-,Canadian Vickers PBV-1A Canso (PBY-5A),-,-,1944,-,-, CF-FAR, CV-415,Austin Airways,Domestic Scheduled Passenger,-,Kapuskasing Airport,YYU,CYYU,Canada,Timmins Airport,YTS,CYTS,Canada,2,1,0,0,-,-,-
19561227-1,Thursday,27-DEC-1956,13:45,A1, Unknown (UNK),"near Nashua, PA",United States of America,3,3, Damaged beyond repair,-,Howard Super Ventura,-,-,1943,-,-, N345, 5270,Youngstown Sheet & Tube Co.,Training,-,Youngstown Airport,YNG,KYNG,United States of America,-,-,-,-,-,-,-,-,-,-,-
19561230-0,Sunday,30-DEC-1956,-,A1, Approach (APR),1 km (0.6 mls) from  Dhahran International Airport (DHA),Saudi Arabia,38,12, Damaged beyond repair,-,Lockheed C-121C Super Constellation,-,-,1955,-,-, 54-0165, 4184,USAF,Military,-,Tripoli International Airport,TIP,HLLT,Libya,Dhahran International Airport,DHA,OEDR,Saudi Arabia,-,-,-,-,-,-,-
19569999-0,-,xx-xxx-1956,-,U1, Unknown (UNK),"Comodoro Rivadavia Airport, CB (CRD)",Argentina,-,-, Damaged beyond repair,-,Douglas C-54A-15-DC (DC-4),-,-,1944,-,-, 0283/CTA-4, 10385,Argentine Navy,Military,-,-,-,-,-,-,-,-,-,-,-,-,-,-,-,-
19569999-2,-,xx-xxx-1956,-,U1, Unknown (UNK),Tancos Air Base,Portugal,-,0, Damaged beyond repair,-,Junkers Ju-52/3mge,-,-,-,-,-, 6308, 5669,Portuguese AF,Military,-,-,-,-,-,-,-,-,-,-,-,0,0,-,-,-
