identifiant,week_day,date,time,type_event,phase,location,country,total_occupants,total_fatalities,aircraft_damage,aircraft_fate,type_aircraft,number_engines,type_engines,first_flight,cycles,total_airframe_hours,registration,c_n_msn,operator,nature,flight_number,departure_airport_name,departure_airport_IATA,departure_airport_ICAO,departure_airport_country,destination_airport_name,destination_airport_IATA,destination_airport_ICAO,destination_airport_country,crew_number,passengers_number,crew_fatalities,passengers_fatalities,collision_casualties,ground_casualties,status
19770102-0,Sunday,02-JAN-1977,-,A2, Takeoff (TOF),Praha-Ruzyne Airport (PRG),Czech Republic,6,0, Substantial, Repaired,Ilyushin Il-18V,4,Ivchenko AI-20K,1959,-,-, OK-NAA, 189001604,CSA,Unknown,-,Praha-Ruzyne International Airport,PRG,LKPR,Czech Republic,-,-,-,-,6,0,0,0,-,-,-
19770102-1,Sunday,02-JAN-1977,-,A1, Landing (LDG),Praha-Ruzyne Airport (PRG),Czech Republic,48,0, Damaged beyond repair,-,Tupolev Tu-134A,-,-,1972,-,-, OK-CFD, 2351505,CSA,International Scheduled Passenger,-,Leningrad-Pulkovo Airport,LED,ULLI,Russia,Praha-Ruzyne International Airport,PRG,LKPR,Czech Republic,6,42,0,0,-,-,-
19770103-0,Monday,03-JAN-1977,-,C1, Unknown (UNK),at an unknown location,Mauritania,-,-, Damaged beyond repair,-,IRMA/Britten-Norman BN-2A-21 Defender,-,-,1976,-,-, 5T-MAR, 787,Mauritanian AF,Military,-,-,-,-,-,-,-,-,-,-,-,-,-,-,-,-
19770104-1,Tuesday,04-JAN-1977,-,A1, Landing (LDG),"São Paulo-Viracopos Airport, SP (VCP)",Brazil,42,0, Damaged beyond repair,-,BAC One-Eleven 520FN,-,-,1971,-,-, PP-SDS, 236,Transbrasil,Scheduled Passenger,-,-,-,-,-,São Paulo/Campinas-Viracopos International Airport,VCP,SBKP,Brazil,5,37,0,0,-,-,-
19770106-0,Thursday,06-JAN-1977,-,A1, Landing (LDG),La Senda,Bolivia,4,0, Damaged beyond repair,-,Douglas C-47A-80-DL (DC-3),2,Pratt & Whitney R-1830-92,1944,-,-, CP-728, 19689,Transportes Aéreos Itenez,Cargo,-,Santa Cruz-Viru Viru International Airport,VVI,SLVR,Bolivia,Trinidad Airport,TDD,SLTR,Bolivia,2,2,0,0,-,-,-
19770106-1,Thursday,06-JAN-1977,17:00,A1, En route (ENR),"35 km (21.9 mls) NW of Palm Springs, CA",United States of America,4,4, Damaged beyond repair,-,Learjet 24B,-,-,1969,-,-, N12MK, 24-192,Jet Avia,Unknown,-,Palm Springs Municipal Airport,PSP,KPSP,United States of America,Las Vegas-McCarran International Airport,LAS,KLAS,United States of America,2,2,2,2,-,-,Final
19770106-2,Thursday,06-JAN-1977,19:12,A1, Approach (APR),"near Flint-Bishop Airport, MI (FNT)",United States of America,2,2, Damaged beyond repair,-,Learjet 23,-,-,-,-,-, N332PC, 23-056,Jet Avia,Cargo,-,Detroit-Willow Run Airport,YIP,KYIP,United States of America,Flint-Bishop Airport,FNT,KFNT,United States of America,2,0,2,0,-,-,Final
19770106-3,Thursday,06-JAN-1977,-,A1, Initial climb (ICL),near Buffalo Range Airport (BFO),Zimbabwe,8,3, Damaged beyond repair,-,Douglas C-47B-35-DK (DC-3),2,Pratt & Whitney R-1830-90C,1945,-,-, R7034, 33410/16662,Rhodesian AF,Military,-,Buffalo Range Airport,BFO,FVCZ,Zimbabwe,-,-,-,-,3,5,2,1,-,-,-
19770110-0,Monday,10-JAN-1977,22:45,A1, Initial climb (ICL),off Puerto Cortés,Mexico,8,3, Damaged beyond repair,-,Grumman HU-16 Albatross,-,-,-,-,-, MP-301,-,Mexican Navy,Military,-,-,-,-,-,-,-,-,-,-,-,-,-,-,-,-
19770110-1,Monday,10-JAN-1977,-,U1, Unknown (UNK),Samarinda Airport (SRI),Indonesia,-,-, Damaged beyond repair,-,Britten-Norman BN-2A Trislander Mk.III-2,3,Lycoming O-540-E4C5,1975,-,-, PK-KTD, 1018,Bali Int. Air Service,Unknown,-,-,-,-,-,-,-,-,-,-,-,-,-,-,-,-
19770111-0,Tuesday,11-JAN-1977,-,H2, En route (ENR),London-Heathrow Airport (LHR),United Kingdom,349,0, None,-,Boeing 747,-,-,-,-,-, registration unknown,-,TWA,International Scheduled Passenger,TW700,New York-John F. Kennedy International Airport,JFK,KJFK,United States of America,London-Heathrow Airport,LHR,EGLL,United Kingdom,-,-,0,0,-,-,-
19770111-1,Tuesday,11-JAN-1977,-,A1, Takeoff (TOF),Bangkok-Don Muang International Airport (BKK),Thailand,-,0, Damaged beyond repair,-,Fairchild C-123K Provider,-,-,-,-,14847.0, L4K-19/19, 20085,Thai AF,Military,-,Bangkok-Don Muang International Airport,BKK,VTBD,Thailand,-,-,-,-,-,-,0,0,-,-,Preliminary
19770112-0,Wednesday,12-JAN-1977,-,A1, Landing (LDG),"Sturgate, Lincolnshire  (EGCS)",United Kingdom,5,0, Damaged beyond repair,-,Beechcraft A100 King Air,-,-,1972,-,-, G-BABX, B-141,Marchwiel Plant & Engineering,Executive,-,-,-,-,-,-,-,-,-,-,-,0,0,-,-,-
19770113-0,Thursday,13-JAN-1977,06:35,A1, Initial climb (ICL),"Anchorage International Airport, AK (ANC)",United States of America,5,5, Destroyed, Written off (damaged beyond repair),McDonnell Douglas DC-8-62AF,4,Pratt & Whitney JT3D-3B,1971,-,19744.0, JA8054, 46148/553,JAL,Cargo,-,Anchorage International Airport,ANC,PANC,United States of America,Tokyo-Haneda Airport,HND,RJTT,Japan,3,2,3,2,-,-,Final
19770113-1,Thursday,13-JAN-1977,18:14,A1, Approach (APR),"3,5 km (2.2 mls) NE of Alma-Ata Airport (ALA)",Kazakhstan,90,90, Destroyed, Written off (damaged beyond repair),Tupolev Tu-104A,2,Mikulin AM-3M,1958,12819.0,27189.0, CCCP-42369, 86601203,Aeroflot / Far East,Domestic Scheduled Passenger,3843,Novosibirsk-Tolmachevo Airport,OVB,UNNN,Russia,Alma-Ata Airport,ALA,UAAA,Kazakhstan,8,82,8,82,-,-,-
19770114-0,Friday,14-JAN-1977,-,A1, Approach (APR),"3 km (1.9 mls) S of Terrace Airport, BC (YXT)",Canada,12,12, Damaged beyond repair,-,de Havilland Canada DHC-6 Twin Otter 300,2,Pratt & Whitney Canada PT6A-27,1975,-,-, C-GNTB, 463,Northern Thunderbird Air,Domestic Scheduled Passenger,-,Prince George Airport,YXS,CYXS,Canada,Terrace Airport,YXT,CYXT,Canada,3,9,3,9,-,-,-
19770115-1,Saturday,15-JAN-1977,09:05,A1, Approach (APR),"4,5 km (2.8 mls) NW of Stockholm-Bromma Airport (BMA)",Sweden,22,22, Destroyed, Written off (damaged beyond repair),Vickers 838 Viscount,4,Rolls-Royce Dart 525F,1961,-,12208.0, SE-FOZ, 372,Linjeflyg,Domestic Scheduled Passenger,LF618,Jönköping-Axamo Airport,JKG,ESGJ,Sweden,Stockholm-Bromma Airport,BMA,ESSB,Sweden,3,19,3,19,-,-,Final
19770115-2,Saturday,15-JAN-1977,14:11,A1, Takeoff (TOF),"Miami International Airport, FL (MIA)",United States of America,33,0, Damaged beyond repair,-,Douglas DC-3-277C,-,-,1940,-,-, N73KW, 2252,Air Sunshine,Domestic Scheduled Passenger,-,Miami International Airport,MIA,KMIA,United States of America,Key West International Airport,EYW,KEYW,United States of America,3,30,0,0,-,-,Final
19770117-0,Monday,17-JAN-1977,-,A1, Unknown (UNK),Sütçüler,Turkey,7,7, Damaged beyond repair,-,Douglas C-47A-DL (DC-3),-,-,1943,-,-, ETI-27, 13878,Turkish AF,Military,-,-,-,-,-,-,-,-,-,-,-,-,-,-,-,-
19770118-0,Tuesday,18-JAN-1977,-,A1, Approach (APR),30 km (18.8 mls) W of Sarajevo Airport (SJJ),Bosnia and Herzegovina,8,8, Destroyed, Written off (damaged beyond repair),Learjet 25B,-,-,-,-,-, YU-BJH, 25-186,Yugoslav Government,Official state flight,-,Beograd Airport,BEG,LYBE,Serbia,Sarajevo Airport,SJJ,LQSA,Bosnia and Herzegovina,3,5,3,5,-,-,-
19770119-0,Wednesday,19-JAN-1977,-,A1, Takeoff (TOF),La China,Bolivia,4,0, Damaged beyond repair,-,Convair CV-440-86,-,-,-,-,-, CP-925, 424,NEBA,Cargo,-,-,-,-,-,-,-,-,-,4,0,0,0,-,-,-
19770119-1,Wednesday,19-JAN-1977,21:27,A1, Approach (APR),near Chiva,Spain,11,11, Damaged beyond repair,-,CASA C-207C (T.7) Azor,-,-,-,-,-, T.7-15, 15,Spanish AF,Military,-,-,-,-,-,Valencia Airport,VLC,LEVC,Spain,5,6,5,6,-,-,-
19770120-0,Thursday,20-JAN-1977,-,A1, Landing (LDG),El Peru,Bolivia,6,0, Damaged beyond repair,-,Martin 4-0-4,-,-,-,-,-, CP-1317, 14163,CAMBA,Cargo,-,-,-,-,-,-,-,-,-,4,2,0,0,-,-,-
19770121-0,Friday,21-JAN-1977,-,A1, En route (ENR),"Krestsy, Novgorod region",Russia,8,8, Damaged beyond repair,-,Antonov An-12BK-PPS,-,-,-,-,-, registration unknown,-,Soviet AF,Military,-,Siauliai-Siauliai Airport,SQQ,EYSA,Lithuania,Siauliai-Siauliai Airport,SQQ,EYSA,Lithuania,8,0,8,0,1,-,-
19770126-1,Wednesday,26-JAN-1977,-,A1, Takeoff (TOF),San Borja Airport (SRJ),Bolivia,7,0, Damaged beyond repair,-,Douglas C-54D-5-DC (DC-4),-,-,1945,-,-, CP-1208, 10651,Frigorifico Reyes,Cargo,-,San Borja-Capitan G.Q. Guardia Airport,SRJ,SLSB,Bolivia,-,-,-,-,3,4,0,0,-,-,-
19770129-0,Saturday,29-JAN-1977,-,A1, Landing (LDG),Gomez Nunatak,Antarctica,5,0, Damaged beyond repair,-,de Havilland Canada DHC-6 Twin Otter 300,2,Pratt & Whitney Canada PT6A-27,1971,-,-, VP-FAP, 333,British Antarctic Survey,Unknown,-,-,-,-,-,-,-,-,-,2,3,0,0,-,-,-
19770131-0,Monday,31-JAN-1977,14:16,A1, Initial climb (ICL),"Anchorage International Airport, AK (ANC)",United States of America,3,1, Damaged beyond repair,-,Chase YC-122C Avitruc,2,Wright R-1820,1950,-,-, N5904V,-,TransNorthern Aviation,Cargo,-,Anchorage International Airport,ANC,PANC,United States of America,Nome Airport,OME,PAOM,United States of America,3,0,1,0,-,-,Final
19770203-0,Thursday,03-FEB-1977,-,A1, En route (ENR),near Lagura,Bolivia,4,0, Damaged beyond repair,-,Convair CV-440-11,-,-,-,-,-, CP-1314, 363,Servicio Aéreo San Francisco,Cargo,-,-,-,-,-,-,-,-,-,3,1,0,0,-,-,-
19770204-0,Friday,04-FEB-1977,-,A1, Unknown (UNK),at an unknown location,Malawi,-,-, Damaged beyond repair,-,Britten-Norman BN-2A-21 Defender,-,-,1976,-,-, 7Q-YAZ, 492,Malawi Police Force,Military,-,-,-,-,-,-,-,-,-,-,-,-,-,-,-,-
19770206-0,Sunday,06-FEB-1977,11:30,A2, Takeoff (TOF),"Las Vegas-McCarran International Airport, NV (LAS)",United States of America,16,0, Substantial, Repaired,Ford 5-AT-B Tri-Motor,3,Pratt & Whitney R-1340 Wasp,1928,-,-, N76GC, 5-AT-11,Grand Canyon Airlines,Domestic Non Scheduled Passenger,-,Las Vegas-McCarran International Airport,LAS,KLAS,United States of America,Las Vegas-McCarran International Airport,LAS,KLAS,United States of America,1,15,0,0,-,-,Final
19770207-0,Monday,07-FEB-1977,-,U1, Unknown (UNK),Tanjung Santan Airport (TSX),Indonesia,-,-, Damaged beyond repair,-,Douglas C-47A-80-DL (DC-3),2,Pratt & Whitney R-1830-92,1944,-,-, PK-NDH, 19694,Dirgantara Air Services,Unknown,-,-,-,-,-,-,-,-,-,-,-,-,-,-,-,-
19770208-1,Tuesday,08-FEB-1977,14:13,A1, Initial climb (ICL),off San Juan-Isla Grande Airport (SIG),Puerto Rico,2,0, Damaged beyond repair,-,Curtiss C-46D-5-CU Commando,-,-,1944,-,-, HI-208, 30685,Aerolineas Argo,Cargo,-,San Juan-Isla Grande Airport,SIG,TJIG,Puerto Rico,-,-,-,-,2,0,0,0,-,-,Final
19770209-0,Wednesday,09-FEB-1977,-,A1, Landing (LDG),Ujung Pandang-Hasanudin Airport (UPG),Indonesia,51,0, Damaged beyond repair,-,Hawker Siddeley HS-748-235 Srs. 2A,-,-,1968,-,-, PK-IHK, 1633,Bouraq Indonesia,Scheduled Passenger,-,-,-,-,-,Ujung Pandang-Hasanudin Airport,UPG,WAAA,Indonesia,5,46,0,0,-,-,-
19770209-1,Wednesday,09-FEB-1977,-,A1, Unknown (UNK),"Huinca Renanco, CD",Argentina,2,2, Damaged beyond repair,-,Morane Saulnier (FMA) MS.760 Paris I,-,-,1963,-,-, E-246, A-34,Argentine AF,Military,-,-,-,-,-,-,-,-,-,2,0,2,0,-,-,-
19770211-1,Friday,11-FEB-1977,-,A1, Approach (APR),"1,8 km (1.1 mls) NE of Bratislava-Ivanka Airport (BTS)",Slovakia,5,4, Damaged beyond repair,-,Avia 14T,-,-,1960,-,-, OK-OCA, 190013167,CSA,Cargo,-,Praha-Ruzyne International Airport,PRG,LKPR,Czech Republic,Bratislava-Ivanka Airport,BTS,LZIB,Slovakia,3,2,2,2,-,-,-
19770213-0,Sunday,13-FEB-1977,-,H2, Unknown (UNK),Izmir,Turkey,57,0, Unknown,-,McDonnell Douglas DC-9-32,-,-,1969,-,-, TC-JAE, 47489/528,THY,Domestic Scheduled Passenger,-,Istanbul-Yesilköy Airport,IST,LTBA,Turkey,-,-,-,-,6,51,0,0,-,-,-
19770214-0,Monday,14-FEB-1977,-,A2, Unknown (UNK),Sumbawa Besar-Brang Bidji Airport (SWQ),Indonesia,-,-, Substantial, Repaired,Douglas C-47A-90-DL (DC-3),2,Pratt & Whitney R-1830-92,1944,-,-, PK-WWK, 20407,National Air Charter,Unknown,-,-,-,-,-,-,-,-,-,-,-,-,-,-,-,-
19770215-0,Tuesday,15-FEB-1977,23:17,A1, Initial climb (ICL),2 km (1.3 mls) S of Mineralnye Vody Airport (MRV),Russia,98,77, Destroyed, Written off (damaged beyond repair),Ilyushin Il-18V,4,Ivchenko AI-20K,1963,10817.0,29443.0, CCCP-75520, 183006703,Aeroflot / Uzbekistan,Domestic Scheduled Passenger,5003,Nukus Airport,NCU,UTNN,Uzbekistan,Mineralnye Vody Airport,MRV,URMM,Russia,6,92,1,76,-,-,-
19770217-1,Thursday,17-FEB-1977,-,A1, Takeoff (TOF),Camanaos,Colombia,28,0, Damaged beyond repair,-,Douglas C-47B-5-DK (DC-3),2,Pratt & Whitney R-1830-90C,1944,-,-, FAC-1125, 25976/14531,SATENA,Domestic Non Scheduled Passenger,-,-,-,-,-,-,-,-,-,2,26,0,0,-,-,-
19770221-0,Monday,21-FEB-1977,16:20,A1, Initial climb (ICL),"Truckee Airport, CA (TKF)",United States of America,2,0, Damaged beyond repair,-,Lockheed 18-56-23 Lodestar,-,-,1943,-,-, N100GP, 18-2571,Private,Executive,-,Truckee Airport,TKF,KTRK,United States of America,-,-,-,-,2,0,0,0,-,-,Final
19770222-0,Tuesday,22-FEB-1977,-,A1, Unknown (UNK),Hill Bank,Belize,1,0, Damaged beyond repair,-,Britten-Norman BN-2A-8 Islander,-,-,1974,-,-, VP-HCD, 374,Maya Airways,Unknown,-,-,-,-,-,-,-,-,-,1,0,0,0,-,-,-
19770228-0,Monday,28-FEB-1977,-,A1, Unknown (UNK),Kaufbeuren,Germany,-,0, Damaged beyond repair,-,Dornier Do 28D-2 Skyservant,-,-,-,-,-, 58+24, 4099,German AF,Military,-,-,-,-,-,-,-,-,-,-,-,0,0,-,-,-
19770228-3,Monday,28-FEB-1977,-,A1, Approach (APR),"near Salluit Airport, QC (YZG)",Canada,10,4, Damaged beyond repair,-,Douglas C-47A-20-DK (DC-3),2,Pratt & Whitney R-1830-92,1944,-,-, C-FNAR, 13154,Survair,Domestic Non Scheduled Passenger,-,Frobisher Bay Airport,YFB,CYFB,Canada,Salluit Airport,YZG,CYZG,Canada,3,7,2,2,-,-,-
19770228-5,Monday,28-FEB-1977,-,A1, Unknown (UNK),"Sugluk, QC",Canada,-,-, Damaged beyond repair,-,Douglas C-47A-1-DK (DC-3),2,Pratt & Whitney R-1830-92,1943,-,-, CF-IQR, 11876,Kenn Borek Air,Unknown,-,-,-,-,-,-,-,-,-,-,-,-,-,-,-,-
19770299-0,-,xx-FEB-1977,-,A1, Unknown (UNK),Shenyang Airport (SHE),China,-,-, Damaged beyond repair,-,Ilyushin Il-18B,-,-,1959,-,-, B-204, 189001602,CAAC,Unknown,-,-,-,-,-,-,-,-,-,-,-,-,-,-,-,-
19770299-1,-,xx-FEB-1977,-,A1, Landing (LDG),Espiritu,Bolivia,-,-, Damaged beyond repair,-,Curtiss C-46D-15-CU Commando,-,-,1945,-,-, CP-540, 33594,SAB,Unknown,-,-,-,-,-,-,-,-,-,-,-,-,-,-,-,-
19770299-2,-,xx-FEB-1977,-,U1, Unknown (UNK),at an unknown location,Unknown country,-,-, Damaged beyond repair,-,Curtiss C-46A-35-CU Commando,2,Pratt & Whitney R-2800-51,1943,-,-, CP-1009, 26727,Frigorifico Reyes,Unknown,-,-,-,-,-,-,-,-,-,-,-,-,-,-,-,-
19770301-1,Tuesday,01-MAR-1977,-,A1, Initial climb (ICL),off Aden International Airport (ADE),Yemen,19,19, Damaged beyond repair,-,Douglas C-47A-25-DK (DC-3),2,Pratt & Whitney R-1830-92,1944,-,-, 7O-ABF, 13475,Alyemda,Domestic Scheduled Passenger,-,Aden International Airport,ADE,ODAA,Yemen,Sayun Airport,GXF,ODSY,Yemen,3,16,3,16,-,-,-
19770302-1,Wednesday,02-MAR-1977,-,A1, Approach (APR),Amatlán de Jora,Mexico,5,5, Damaged beyond repair,-,Douglas C-47 (DC-3),-,-,-,-,-, XA-COM,-,Transportes Aéreos de Nayarit,Cargo,-,-,-,-,-,-,-,-,-,5,0,5,0,-,-,-
19770303-0,Thursday,03-MAR-1977,15:30,A1, En route (ENR),16 km (10 mls) E of Pisa-Arturo dell'Oro Air Base (PSA),Italy,44,44, Damaged beyond repair,-,Lockheed C-130H Hercules,-,-,1973,-,-, MM61996, 4492,Italian AF,Military,-,Pisa-Arturo dell'Oro Air Base,PSA,LIRP,Italy,Pisa-Arturo dell'Oro Air Base,PSA,LIRP,Italy,5,39,5,39,-,-,-
19770304-0,Friday,04-MAR-1977,12:20,O1, Standing (STD),"Rome-Griffiss AFB, NY (RME)",United States of America,0,0, Damaged beyond repair,-,Boeing KC-135A Stratotanker,4,Pratt & Whitney J57-P,1963,-,6423.0, 62-3522, 18505/572,USAF,Military,-,-,-,-,-,-,-,-,-,0,0,0,0,-,-,-
19770304-2,Friday,04-MAR-1977,03:35,A1, Approach (APR),Niamey,Niger,4,2, Damaged beyond repair,-,McDonnell Douglas DC-8-63CF,4,Pratt & Whitney JT3D-,1969,-,-, N8635, 46050/430,ONA,Cargo,-,Paris-Charles de Gaulle Airport,CDG,LFPG,France,Niamey Airport,NIM,DRRN,Niger,4,0,2,0,-,-,-
19770304-3,Friday,04-MAR-1977,21:00,A1, Landing (LDG),"Monroe Station, FL",United States of America,3,0, Damaged beyond repair,-,Douglas C-54E-1-DO (DC-4),-,-,1945,-,-, N174DP, 27263,Interamerica Air Lease,Illegal Flight,-,-,-,-,-,-,-,-,-,2,1,0,0,-,-,-
19770306-0,Sunday,06-MAR-1977,-,A1, Unknown (UNK),at an unknown location,Russia,-,-, Damaged beyond repair,-,Antonov An-2TP,-,-,1967,-,-, CCCP-40572, 1G84-25,Aeroflot / Yakutsk,Unknown,-,-,-,-,-,-,-,-,-,-,-,-,-,-,-,-
19770307-0,Monday,07-MAR-1977,-,A1, Taxi (TXI),Fuenterrabia,Spain,3,0, Damaged beyond repair,-,Canadair CL-215-1A10,2,Pratt & Whitney R-2800-83AM,1974,-,-, UD.13-09, 1037,Spanish AF,Military,-,-,-,-,-,-,-,-,-,3,0,0,0,-,-,-
19770314-0,Monday,14-MAR-1977,-,H2, Unknown (UNK),Zürich-Kloten Airport (ZRH),Switzerland,37,0, Unknown,-,Boeing 727-256,-,-,1972,-,-, EC-CBI, 20603/915,Iberia,Domestic Scheduled Passenger,-,Barcelona-El Prat Airport,BCN,LEBL,Spain,Palma de Mallorca Airport,PMI,LEPA,Spain,7,30,0,0,-,-,- (No safety board investigation)
19770316-0,Wednesday,16-MAR-1977,-,A1, Unknown (UNK),at an unknown location,Bolivia,-,-, Damaged beyond repair,-,IAI Arava 201,-,-,1975,-,-, TAM-77, 026,TAM,Unknown,-,-,-,-,-,-,-,-,-,-,-,-,-,-,-,-
19770317-0,Thursday,17-MAR-1977,-,H2, Unknown (UNK),Hakodate,Japan,-,0, Unknown,-,Boeing 727-281,-,-,-,-,-, registration unknown,-,All Nippon,Domestic Scheduled Passenger,-,Sapporo-Chitose Airport,CTS,RJCC,Japan,Sendai Airport,SDJ,RJSS,Japan,-,-,0,0,-,-,-
19770317-1,Thursday,17-MAR-1977,-,H2, Unknown (UNK),Tokyo,Japan,-,1, Unknown,-,Boeing 727-281,-,-,-,-,-, registration unknown,-,All Nippon,Domestic Scheduled Passenger,-,Tokyo-Haneda Airport,HND,RJTT,Japan,Sendai Airport,SDJ,RJSS,Japan,-,-,-,-,-,-,-
19770317-2,Thursday,17-MAR-1977,08:49,A1, Takeoff (TOF),Glasgow-Prestwick Airport (PIK),United Kingdom,4,0, Destroyed, Written off (damaged beyond repair),Boeing 707-436,4,Rolls-Royce Conway 508,1960,-,53180.0, G-APFK, 17712/164,British Airtours,Training,-,Glasgow-Prestwick Airport,PIK,EGPK,United Kingdom,Glasgow-Prestwick Airport,PIK,EGPK,United Kingdom,4,0,0,0,-,-,Final
19770317-3,Thursday,17-MAR-1977,-,A1, Landing (LDG),"near LaBelle, FL",United States of America,1,0, Damaged beyond repair,-,Douglas DC-3-201A,-,-,1939,-,-, N101MX, 2102,private,Illegal Flight,-,-,-,-,-,-,-,-,-,1,0,0,0,-,-,Final
19770318-0,Friday,18-MAR-1977,-,A1, Maneuvering (MNV),12 km (7.5 mls) N of Forish,Uzbekistan,2,2, Damaged beyond repair,-,Antonov An-2R,-,-,1962,23044.0,7676.0, CCCP-09191, 1G20-34,Aeroflot / Uzbekistan,Illegal Flight,-,-,-,-,-,-,-,-,-,2,0,2,0,-,-,-
19770319-0,Saturday,19-MAR-1977,-,H2, Unknown (UNK),Beirut International Airport (BEY),Lebanon,181,0, Unknown,-,Boeing 727-2F2,3,Pratt & Whitney JT8D-15,1974,-,-, TC-JBJ, 20983/1088,THY,Domestic Scheduled Passenger,-,Diyarbakir Airport,DIY,LTCC,Turkey,-,-,-,-,8,173,0,0,-,-,-
19770322-0,Tuesday,22-MAR-1977,-,A2, Takeoff (TOF),"Perth Airport, WA (PER)",Australia,-,0, Substantial, Repaired,Boeing 707,-,-,-,-,-, registration unknown,-,Singapore Airlines,Unknown,-,Perth Airport,PER,YPPH,Australia,-,-,-,-,-,-,0,0,-,-,-
19770325-0,Friday,25-MAR-1977,-,A1, Landing (LDG),St. Thomas,U.S. Virgin Islands,-,0, Damaged beyond repair,-,Douglas C-53-DO (DC-3),-,-,1942,-,-, N692A, 7318,Island Traders,Unknown,-,-,-,-,-,Saint Thomas Airport,STT,TIST,U.S. Virgin Islands,-,-,0,0,-,-,-
19770327-0,Sunday,27-MAR-1977,17:06,A1, Taxi (TXI),Tenerife-Los Rodeos International Airport (TCI),Spain,396,335, Destroyed, Written off (damaged beyond repair),Boeing 747-121,4,Pratt & Whitney JT9D-7A,1969,7195.0,25725.0, N736PA, 19643/11,Pan Am,Int'l Non Scheduled Passenger,PA1736,Tenerife-Los Rodeos International Airport,TCI,GCXO,Spain,Las Palmas-Airport de Gran Canaria,LPA,GCLP,Spain,16,380,9,326,248,-,Final
19770327-1,Sunday,27-MAR-1977,17:06,A1, Takeoff (TOF),Tenerife-Los Rodeos International Airport (TCI),Spain,248,248, Destroyed, Written off (damaged beyond repair),Boeing 747-206B,4,Pratt & Whitney JT9D-7W,1971,5202.0,21195.0, PH-BUF, 20400/157,KLM,Int'l Non Scheduled Passenger,KL4805,Tenerife-Los Rodeos International Airport,TCI,GCXO,Spain,Las Palmas-Airport de Gran Canaria,LPA,GCLP,Spain,14,234,14,234,335,-,Final
19770328-0,Monday,28-MAR-1977,-,A1, Taxi (TXI),"Chicago-O'Hare International Airport, IL (ORD)",United States of America,2,0, Damaged beyond repair,-,Douglas C-47A-65-DL (DC-3C),-,-,1943,-,-, N57131, 19040,Pinehurst Airlines,Cargo,-,Chicago-O'Hare International Airport,ORD,KORD,United States of America,-,-,-,-,2,0,0,0,-,-,Final
19770329-0,Tuesday,29-MAR-1977,-,A1, En route (ENR),Bainaha Valley,Indonesia,23,13, Damaged beyond repair,-,de Havilland Canada DHC-6 Twin Otter 300,2,Pratt & Whitney Canada PT6A-27,1976,-,-, PK-NUP, 486,Merpati Nusantara,Domestic Scheduled Passenger,-,Palu-Mutiara Airport,PLW,WAML,Indonesia,Tolitoli Airport,TLI,WAMI,Indonesia,3,20,2,11,-,-,-
19770330-2,Wednesday,30-MAR-1977,08:39,A1, Approach (APR),"1,5 km (0.9 mls) from  Zhdanov Airport (MPW)",Ukraine,28,8, Damaged beyond repair,-,Yakovlev Yak-40,3,Ivchenko AI-25,1970,6777.0,5894.0, CCCP-87738, 9010310,Aeroflot / Ukraine,Domestic Scheduled Passenger,-,Dnepropetrovsk Airport,DNK,UKDD,Ukraine,Zhdanov Airport,MPW,UKCM,Ukraine,4,24,3,5,-,-,-
19770331-0,Thursday,31-MAR-1977,-,C2, En route (ENR),near Sanga-Sanga,Philippines,38,8, Minor, Repaired,Douglas DC-3-217B,-,-,1940,-,-, RP-C368, 2217,Swiftair,Domestic Non Scheduled Passenger,-,Zamboanga Airport,ZAM,RPMZ,Philippines,Sanga-Sanga Airport,SGS,RPMN,Philippines,4,34,1,7,-,-,-
19770331-1,Thursday,31-MAR-1977,-,A1, Standing (STD),"CFB Summerside, PE (YSU)",Canada,-,0, Damaged beyond repair,-,Lockheed L-188C Electra,-,-,1960,-,-, CF-NAZ, 1132,Nordair,-,-,-,-,-,-,-,-,-,-,-,-,0,0,-,-,-
19770331-2,Thursday,31-MAR-1977,-,A1, Landing (LDG),"CFB Summerside, PE (YSU)",Canada,12,3, Damaged beyond repair,-,Canadair CP-107 Argus Mk.2,4,Wright R-3350,1959,-,-, 10737, 28,Canadian Armed Forces,Military,-,Summerside Airport,YSU,CYSU,Canada,Summerside Airport,YSU,CYSU,Canada,12,0,3,0,-,-,-
19770402-0,Saturday,02-APR-1977,-,A1, Landing (LDG),Libreville Airport (LBV),Gabon,8,8, Damaged beyond repair,-,Tupolev Tu-134A,-,-,1976,-,-, YU-AJS, 6348370,Aviogenex,Cargo,-,-,-,-,-,Libreville Airport,LBV,FOOL,Gabon,6,2,6,2,-,-,-
19770403-0,Sunday,03-APR-1977,04:52,A1, En route (ENR),"15 km (9.4 mls) NE of Denver, CO",United States of America,5,4, Damaged beyond repair,-,Dassault Falcon 10,-,-,1974,-,1425.0, N60MB, 015,Mountain Bell Telephone,Executive,-,Denver-Stapleton International Airport,DEN,KDEN,United States of America,Cheyenne Airport,CYS,KCYS,United States of America,2,3,2,2,-,-,Final
19770404-0,Monday,04-APR-1977,-,A1, En route (ENR),"48 km (30 mls) E of San Diego, CA",United States of America,5,5, Damaged beyond repair,-,North American T-39D Sabreliner,-,-,-,-,-, 150545, 277-3,US Navy,Military,-,-,-,-,-,-,-,-,-,5,0,5,0,-,-,-
19770404-1,Monday,04-APR-1977,16:19,A1, En route (ENR),"New Hope, GA",United States of America,85,63, Destroyed, Written off (damaged beyond repair),McDonnell Douglas DC-9-31,2,Pratt & Whitney JT8D-7A,1971,-,15405.0, N1335U, 47393/608,Southern Airways,Domestic Scheduled Passenger, 242,Huntsville-Madison County Airport,HSV,KHSV,United States of America,Atlanta Municipal Airport,ATL,KATL,United States of America,4,81,2,61,-,9,Final
19770405-0,Tuesday,05-APR-1977,15:00,A1, En route (ENR),"near Penek, Chulymsky district, Novosibirsk region",Russia,6,6, Damaged beyond repair,-,Ilyushin Il-14FKM,-,-,1957,21779.0,29252.0, CCCP-61675, 6342106,Aeroflot / West Siberia,Training,-,-,-,-,-,-,-,-,-,6,0,6,0,-,-,-
19770405-2,Tuesday,05-APR-1977,07:20,A1, En route (ENR),"Edavlli, Prakasam, Andhra Pradesh",India,10,10, Destroyed, Written off (damaged beyond repair),Douglas C-47A-25-DK (DC-3),2,Pratt & Whitney R-1830-92,1944,-,-, VT-EEL, 13290,National Remote Sensing Agency,Survey/research,-,-,-,-,-,-,-,-,-,5,5,5,5,-,-,Final
19770406-0,Wednesday,06-APR-1977,-,A1, Landing (LDG),off Iwakuni MCAS,Japan,14,1, Damaged beyond repair,-,Shin Meiwa PS-1,-,-,-,-,-, 5808, 1008,Japanese Navy,Military,-,-,-,-,-,-,-,-,-,14,0,1,0,-,-,-
19770409-0,Saturday,09-APR-1977,13:15,A1, Approach (APR),"Hyannis, MA",United States of America,5,0, Damaged beyond repair,-,Convair CV-240-0,-,-,1947,-,-, N10AV,   8,American Velodur Metal,Domestic Non Scheduled Passenger,-,Hyannis-Barnstable Airport,HYA,KHYA,United States of America,Hyannis-Barnstable Airport,HYA,KHYA,United States of America,2,3,0,0,-,-,Final
19770409-1,Saturday,09-APR-1977,13:56,A1, Approach (APR),"10 km (6.3 mls) S of Reading Municipal Airport/Spaatz Field, PA (RDG)",United States of America,3,3, Destroyed, Written off (damaged beyond repair),Nord 262A-27,2,Turbomeca Bastan VI-C1,1968,-,-, N7886A, 47,Altair Airlines,Ferry/positioning,-,Philadelphia International Airport,PHL,KPHL,United States of America,Reading Municipal Airport/Spaatz Field,RDG,KRDG,United States of America,3,0,3,0,1,-,Final
19770410-0,Sunday,10-APR-1977,-,A1, En route (ENR),"Saliente del Rio Guape, Cordillera Oriental",Colombia,35,35, Destroyed, Written off (damaged beyond repair),Douglas DC-3A-438,2,Pratt & Whitney R-1830,1942,-,-, HK-556, 4958,El Venado,Domestic Non Scheduled Passenger,-,-,-,-,-,Bogotá-Eldorado Airport,BOG,SKBO,Colombia,4,31,4,31,-,-,-
19770411-0,Monday,11-APR-1977,-,A1, Takeoff (TOF),"Wunnummin Lake Airport, ON (WNN)",Canada,3,0, Damaged beyond repair,-,Douglas C-47B-20-DK (DC-3),2,Pratt & Whitney R-1830-90C,1945,-,-, CF-XXT, 27212/15767,Superior Airways,Cargo,-,-,-,-,-,-,-,-,-,3,0,0,0,-,-,-
19770411-1,Monday,11-APR-1977,-,A1, Landing (LDG),off Valencia,Spain,3,0, Damaged beyond repair,-,Canadair CL-215-1A10,2,Pratt & Whitney R-2800-83AM,1974,-,-, UD.13-08, 1036,Spanish AF,Military,-,-,-,-,-,-,-,-,-,3,0,0,0,-,-,-
19770413-0,Wednesday,13-APR-1977,-,A1, Unknown (UNK),"Tenerife, Magdalena",Colombia,2,2, Damaged beyond repair,-,Howard 350,-,-,1943,-,-, N570FT, 4385,Equipment Specialists,Unknown,-,-,-,-,-,-,-,-,-,-,-,-,-,-,-,-
19770416-0,Saturday,16-APR-1977,-,A1, Landing (LDG),Tainan Airport (TNN),Taiwan,-,0, Damaged beyond repair,-,Douglas C-47A-85-DL (DC-3),2,Pratt & Whitney R-1830-92,1944,-,-, B-247, 19904,FEAT,Unknown,-,-,-,-,-,Tainan Airport,TNN,RCNN,Taiwan,-,-,0,0,-,-,-
19770418-0,Monday,18-APR-1977,15:22,A1, Takeoff (TOF),Tokyo-Haneda Airport (HND),Japan,140,0, Damaged beyond repair,-,McDonnell Douglas DC-8-53,4,Pratt & Whitney JT3D-3B,1968,-,35862.0, RP-C803, 45937/324,Philippine Air Lines,International Scheduled Passenger, 421,Tokyo-Haneda Airport,HND,RJTT,Japan,Manila International Airport,MNL,RPLL,Philippines,13,127,0,0,-,-,-
19770418-1,Monday,18-APR-1977,22:07,A1, Approach (APR),"off Ruddock, LA",United States of America,5,5, Damaged beyond repair,-,Beechcraft 200 Super King Air,-,-,1975,-,-, N256TM, BB-96,Tidewater Marine Services,Test,-,New Orleans International Airport,MSY,KMSY,United States of America,New Orleans International Airport,MSY,KMSY,United States of America,1,4,1,4,-,-,Final
19770419-0,Tuesday,19-APR-1977,-,A1, Approach (APR),Moe,Estonia,21,21, Damaged beyond repair,-,Antonov An-24,-,-,-,-,-, registration unknown,-,Soviet AF,Military,-,-,-,-,-,-,-,-,-,6,15,6,15,-,-,-
19770420-0,Wednesday,20-APR-1977,-,A2, En route (ENR),near Sabana Larga,Venezuela,-,0, Substantial,-,Douglas C-47A-DL (DC-3),-,-,1944,-,-, HK-500, 19637,La Urraca,Cargo,-,Cúcuta-Camilo Daza Airport,CUC,SKCC,Colombia,-,-,-,-,-,-,0,0,-,-,-
19770421-0,Thursday,21-APR-1977,-,A1, Landing (LDG),Bucharest-Otopeni International Airport (OTP),Romania,-,0, Damaged beyond repair,-,Ilyushin Il-18V,4,Ivchenko AI-20K,1965,-,-, YR-IMI, 185008302,Tarom,Unknown,-,-,-,-,-,-,-,-,-,-,-,0,0,-,-,-
19770423-0,Saturday,23-APR-1977,-,A1, Landing (LDG),"Natal Airport, RN (NAT)",Brazil,-,-, Damaged beyond repair,-,Embraer C-95 Bandeirante (EMB-110),-,-,1975,-,-, 2169, 110075,Brazilian AF,Military,-,-,-,-,-,Natal Airport,NAT,SBNT,Brazil,-,-,-,-,-,-,-
19770424-0,Sunday,24-APR-1977,-,H2, Unknown (UNK),Kraków International Airport (KRK),Poland,-,0, Unknown,-,Tupolev Tu-134,-,-,1968,-,-, SP-LGA, 8350602,LOT,Unknown,-,Kraków-J. Paul II Balice International Airport,KRK,EPKK,Poland,Nürnberg Airport,NUE,EDDN,Germany,-,-,0,0,-,-,-
19770425-0,Monday,25-APR-1977,-,H2, Unknown (UNK),at an unknown location,Ethiopia,-,3, Unknown,-,Douglas DC-3,-,-,-,-,-, registration unknown,-,Ethiopian Airlines,Unknown,-,Makale Airport,MQX,HAMK,Ethiopia,Gondar Airport,GDQ,HAGN,Ethiopia,-,-,-,-,-,-,-
19770425-1,Monday,25-APR-1977,-,A1, Landing (LDG),Sokoto Airport (SKO),Nigeria,23,0, Damaged beyond repair,-,Fokker F-27 Friendship 200,-,-,1963,22167.0,21060.0, 5N-AAW, 10217,Nigeria Airways,Domestic Scheduled Passenger,-,-,-,-,-,Sokoto Airport,SKO,DNSO,Nigeria,4,19,0,0,-,-,-
19770427-0,Wednesday,27-APR-1977,-,A1, Initial climb (ICL),near Guatemala City,Guatemala,28,0, Damaged beyond repair,-,Convair CV-440,-,-,1954,-,-, TG-ACA, 143,Aviateca,Scheduled Passenger,-,Guatemala City-La Aurora Airport,GUA,MGGT,Guatemala,-,-,-,-,6,22,0,0,-,-,-
19770427-1,Wednesday,27-APR-1977,13:36,A1, Landing (LDG),"Wheeling-Palwaukee Airport, IL (PWK)",United States of America,2,0, Damaged beyond repair,-,Rockwell Sabreliner 75A,2,General Electric CF700-2D2,1977,-,-, N6NR, 380-43,Rockwell,Executive,-,Pontiac Airport,PTK,KPTK,United States of America,Wheeling-Palwaukee Airport,PWK,KPWK,United States of America,2,0,0,0,-,-,Final
19770428-0,Thursday,28-APR-1977,20:38,A1, En route (ENR),"McLean, VA",United States of America,4,4, Destroyed, Written off (damaged beyond repair),Hawker Siddeley HS-125-600A,2,Rolls-Royce Viper 601-22,1973,-,1904.0, N40PC, 256010,Southern Company Services,Executive,-,Washington-National Airport,DCA,KDCA,United States of America,Birmingham Airport,BHM,KBHM,United States of America,2,2,2,2,-,-,Final
19770428-1,Thursday,28-APR-1977,-,A1, Takeoff (TOF),Riyadh International Airport (RUH),Saudi Arabia,2,2, Damaged beyond repair,-,Learjet 35,2,Garrett TFE731-2-2B,1976,-,-, JY-AEW, 35-052,Arab Wings,Unknown,-,Riyadh International Airport,RUH,OERY,Saudi Arabia,-,-,-,-,2,0,2,0,-,-,-
19770428-2,Thursday,28-APR-1977,03:45,A1, Landing (LDG),"Marysville-Beale AFB, CA (BAB)",United States of America,7,0, Destroyed, Written off (damaged beyond repair),Boeing KC-135A Stratotanker,4,Pratt & Whitney J57-P,1959,-,7821.0, 58-0101, 17846/316,USAF,Military,-,Marysville-Beale AFB,BAB,KBAB,United States of America,Marysville-Beale AFB,BAB,KBAB,United States of America,7,0,0,0,-,-,-
19770429-1,Friday,29-APR-1977,-,A1, Landing (LDG),"Navegantes Airport, SC (NVT)",Brazil,2,0, Damaged beyond repair,-,NAMC YS-11A-202,-,-,1968,-,-, PP-CTI, 2080,Cruzeiro do Sul,Cargo,-,-,-,-,-,Navegantes-Itajaí Airport,NVT,SBNF,Brazil,2,0,0,0,-,-,-
19770502-0,Monday,02-MAY-1977,-,H2, Standing (STD),Roma-Fiumicino Airport (FCO),Italy,-,0, None,-,Boeing 727-256,-,-,-,-,-, registration unknown,-,Iberia,International Scheduled Passenger,IB352,Madrid-Barajas Airport,MAD,LEMD,Spain,Roma-Fiumicino Airport,FCO,LIRF,Italy,-,-,0,0,-,-,-
19770506-0,Friday,06-MAY-1977,03:02,A1, En route (ENR),"0,3 km (0.2 mls) off  Fort Lauderdale, FL",United States of America,3,0, Damaged beyond repair,-,Curtiss C-46F-1-CU Commando,-,-,1945,-,-, N355W, 22523,Inter Air,Cargo,-,Fort Lauderdale International Airport,FLL,KFLL,United States of America,-,-,-,-,2,1,0,0,-,-,Final
19770507-0,Saturday,07-MAY-1977,-,A1, Unknown (UNK),18 km (11.3 mls) S of Tavda,Russia,-,-, Damaged beyond repair,-,Antonov An-2,-,-,-,17391.0,17513.0, CCCP-15925, 114847316,Aeroflot / Tyumen,Unknown,-,-,-,-,-,-,-,-,-,-,-,-,-,-,-,-
19770507-1,Saturday,07-MAY-1977,-,A1, Unknown (UNK),18 km (11.3 mls) S of Tavda,Russia,-,-, Damaged beyond repair,-,Antonov An-2TP,-,-,1963,16482.0,16932.0, CCCP-44992, 1G27-15,Aeroflot / Uralsk,Ferry/positioning,-,-,-,-,-,-,-,-,-,-,-,-,-,-,-,-
19770507-2,Saturday,07-MAY-1977,-,A1, En route (ENR),20 km (12.5 mls) SE of Ayanka Airstrip,Russia,4,4, Damaged beyond repair,-,Antonov An-2T,-,-,1957,-,12738.0, CCCP-23716, 18347315,Aeroflot / Far East,Cargo,-,-,-,-,-,-,-,-,-,3,1,3,1,-,-,-
19770508-0,Sunday,08-MAY-1977,-,H2, Unknown (UNK),Tokyo,Japan,262,0, Unknown,-,Boeing 747,-,-,-,-,-, registration unknown,-,Northwest Orient Airlines,International Scheduled Passenger,NW22,Tokyo-Haneda Airport,HND,RJTT,Japan,Honolulu International Airport,HNL,PHNL,United States of America,-,-,0,0,-,-,-
19770509-0,Monday,09-MAY-1977,-,A1, Landing (LDG),Ardmore Airport (AMZ),New Zealand,1,0, Damaged beyond repair,-,de Havilland DH-114 Heron 1B,-,-,1952,-,-, ZK-EJM, 14005,Air North,Ferry/positioning,-,-,-,-,-,Ardmore Airport,AMZ,NZAR,New Zealand,1,0,0,0,-,-,-
19770511-0,Wednesday,11-MAY-1977,-,A1, Unknown (UNK),Drietabbetje,Suriname,-,0, Damaged beyond repair,-,Dornier Do 28D-1 Skyservant,-,-,-,-,-, PZ-TBA, 4017,Gum Air,Unknown,-,-,-,-,-,-,-,-,-,-,-,0,0,-,-,-
19770512-0,Thursday,12-MAY-1977,-,A1, Initial climb (ICL),"Pickle Lake Airport, ON (YPL)",Canada,2,1, Damaged beyond repair,-,Douglas DC-3 (R4D-1),-,-,1942,-,-, C-FBKV, 4441,Patricia Air Services,Unknown,-,Pickle Lake Airport,YPL,CYPL,Canada,-,-,-,-,2,0,1,0,-,-,-
19770512-1,Thursday,12-MAY-1977,-,A1, En route (ENR),"near Curitiba, PR",Brazil,1,1, Damaged beyond repair,-,Britten-Norman BN-2A-21 Islander,-,-,1976,-,-, PT-KUO, 512,Geofoto,Unknown,-,-,-,-,-,-,-,-,-,1,0,1,0,-,-,-
19770512-2,Thursday,12-MAY-1977,-,A1, Standing (STD),"Greenville-Majors Field, TX (GVT)",United States of America,-,0, Damaged beyond repair,-,Convair VC-131H (CV-580),-,-,-,-,-, 54-2816, 220,USAF,Military,-,-,-,-,-,-,-,-,-,-,-,0,0,-,-,-
19770513-0,Friday,13-MAY-1977,08:45,A1, Approach (APR),Aramoun,Lebanon,9,9, Damaged beyond repair,-,Antonov An-12BP,4,Ivchenko AI-20M,1966,-,-, SP-LZA, 6344307,LOT,Cargo,-,Varna Airport,VAR,LBWN,Bulgaria,Beirut International Airport,BEY,OLBA,Lebanon,9,0,9,0,-,-,-
19770514-0,Saturday,14-MAY-1977,09:33,A1, Approach (APR),"3,7 km (2.3 mls) W of Lusaka Airport (LUN)",Zambia,6,6, Destroyed, Written off (damaged beyond repair),Boeing 707-321C,4,Pratt & Whitney JT3D-3B,1963,16723.0,47621.0, G-BEBP, 18579/332,Dan-Air Services,Cargo,-,Nairobi International Airport,NBO,HKNA,Kenya,Lusaka Airport,LUN,FLLS,Zambia,5,1,5,1,-,-,Final
19770514-1,Saturday,14-MAY-1977,-,U1, Unknown (UNK),at an unknown location,Mexico,-,-, Damaged beyond repair,-,Douglas C-47 (DC-3),-,-,-,-,-, registration unknown,-,Mexican AF,Military,-,-,-,-,-,-,-,-,-,-,-,-,-,-,-,-
19770520-0,Friday,20-MAY-1977,-,A1, Landing (LDG),"Lone Pine, CA",United States of America,1,0, Damaged beyond repair,-,Lockheed 18-56-23 Lodestar,-,-,1943,-,-, N20GY, 18-2437,Trans Alaska Produce Corp.,Illegal Flight,-,-,-,-,-,-,-,-,-,1,0,0,0,-,-,Final
19770521-0,Saturday,21-MAY-1977,11:00,A1, Takeoff (TOF),Wewak-Boram Airport (WWK),Papua New Guinea,7,0, Damaged beyond repair,-,GAF Nomad N.22B,-,-,1976,-,-, P2-DNJ,  29,Douglas Airways,Domestic Scheduled Passenger,-,Wewak-Boram Airport,WWK,AYWK,Papua New Guinea,-,-,-,-,1,6,0,0,-,-,-
19770523-0,Monday,23-MAY-1977,-,A1, Unknown (UNK),"Morón, BA",Argentina,-,0, Damaged beyond repair,-,Douglas C-47A-20-DK (DC-3),-,-,1944,-,-, TC-11, 13150,LADE,Unknown,-,-,-,-,-,-,-,-,-,-,-,0,0,-,-,-
19770525-0,Wednesday,25-MAY-1977,-,U1, Unknown (UNK),at an unknown location,India,-,-, Damaged beyond repair,-,Douglas C-47 (DC-3),-,-,-,-,-, IJ297,-,Indian AF,Military,-,-,-,-,-,-,-,-,-,-,-,-,-,-,-,-
19770526-0,Thursday,26-MAY-1977,09:40,A1, Landing (LDG),"Detroit City Airport, MI (DET)",United States of America,2,0, Damaged beyond repair,-,Learjet 25B,2,General Electric CJ610,1974,-,-, N501PS, 25-153,Ponderosa/Chrysler Corp.,Executive,-,Detroit-Willow Run Airport,YIP,KYIP,United States of America,Detroit City Airport,DET,KDET,United States of America,2,0,0,0,-,-,Final
19770526-1,Thursday,26-MAY-1977,-,H2, Unknown (UNK),Stockholm-Arlanda (ARN),Sweden,23,0, Unknown,-,Antonov An-24B,-,-,1965,-,-, CCCP-46806, 57302108,Aeroflot / Latvia,Passenger,-,Donetsk Airport,DOK,UKCC,Ukraine,-,-,-,-,4,19,0,0,-,-,-
19770526-2,Thursday,26-MAY-1977,-,A1, Takeoff (TOF),Korinth,Greece,3,3, Damaged beyond repair,-,Canadair CL-215-1A10,2,Pratt & Whitney R-2800-83AM,1976,-,-, 1042, 1042,Hellenic AF,Military,-,-,-,-,-,-,-,-,-,3,0,3,0,-,-,-
19770527-0,Friday,27-MAY-1977,08:45,A1, Approach (APR),"1,3 km (0.8 mls) SW of Havana-José Martí International Airport (HAV)",Cuba,69,67, Destroyed, Written off (damaged beyond repair),Ilyushin Il-62M,4,Soloviev D-30KU,1975,1144.0,5549.0, CCCP-86614, 51903,Aeroflot / International,International Scheduled Passenger,SU331,Lisboa-Portela de Sacavém Airport,LIS,LPPT,Portugal,Havana-José Martí International Airport,HAV,MUHA,Cuba,10,59,10,57,-,-,-
19770528-0,Saturday,28-MAY-1977,-,A1, Landing (LDG),Genoa (GOA),Italy,4,0, Damaged beyond repair,-,Yakovlev Yak-40EC,3,Ivchenko AI-25,1971,-,-, I-JAKE, 9141418,Avioligure,Unknown,-,-,-,-,-,Genoa-Cristoforo Colombo Airport,GOA,LIMJ,Italy,4,0,0,0,-,-,-
19770530-0,Monday,30-MAY-1977,20:00,C1, Initial climb (ICL),near Mapai,Mozambique,-,1, Damaged beyond repair,-,Douglas C-47A-30-DK (DC-3),2,Pratt & Whitney R-1830-92,1944,-,-, R3702, 25310/13865,Rhodesian AF,Military,-,-,-,-,-,-,-,-,-,-,-,1,0,-,-,-
19770603-0,Friday,03-JUN-1977,12:58,A2, Takeoff (TOF),"Tucson International Airport, AZ (TUS)",United States of America,91,0, Substantial, Repaired,Boeing 727-224 Adv.,3,Pratt & Whitney JT8D-9A,1973,-,12793.0, N32725, 20655/934,Continental Air Lines,Domestic Scheduled Passenger,CO63,Tucson International Airport,TUS,KTUS,United States of America,Phoenix-Sky Harbor International Airport,PHX,KPHX,United States of America,7,84,0,0,-,-,Final
19770605-0,Sunday,05-JUN-1977,-,H2, Unknown (UNK),Kuwait,Kuwait,-,0, Unknown,-,Boeing 707,-,-,-,-,-, registration unknown,-,MEA,Unknown,-,Beirut International Airport,BEY,OLBA,Lebanon,Baghdad International Airport,BGW,ORBI,Iraq,-,-,0,0,-,-,-
19770606-0,Monday,06-JUN-1977,-,A1, Takeoff (TOF),El Fasher Airport (ELF),Sudan,39,0, Damaged beyond repair,-,Fokker F-27 Friendship 400M,-,-,1965,7283.0,9614.0, ST-ADW, 10282,Sudan Airways,Scheduled Passenger,-,El Fasher Airport,ELF,HSFS,Sudan,-,-,-,-,4,35,0,0,-,-,-
19770608-0,Wednesday,08-JUN-1977,-,A1, Takeoff (TOF),Seshcha-Br'ansk AFB,Russia,-,0, Damaged beyond repair,-,Antonov An-22,4,Kuznetsov NK-12MA,1972,-,-, CCCP-09349, 02340405,Soviet AF,Unknown,-,-,-,-,-,-,-,-,-,-,-,0,0,-,-,-
19770610-0,Friday,10-JUN-1977,-,A1, En route (ENR),near Founkoueye,Niger,21,0, Damaged beyond repair,-,Douglas C-47-DL (DC-3),2,Pratt & Whitney R-1830-92,1942,-,-, 5U-AAJ, 4505,Air Niger,Scheduled Passenger,-,Tahoua Airport,THZ,DRRT,Niger,-,-,-,-,2,19,0,0,-,-,-
19770610-2,Friday,10-JUN-1977,-,A1, Unknown (UNK),near Bukhara,Uzbekistan,-,0, Damaged beyond repair,-,Antonov An-2R,-,-,-,-,-, CCCP-55735, 1G49-27,Aeroflot / Uzbekistan,Unknown,-,-,-,-,-,-,-,-,-,-,-,0,0,-,-,-
19770612-0,Sunday,12-JUN-1977,-,A1, Unknown (UNK),"Vero Beach, FL",United States of America,-,-, Damaged beyond repair,-,Douglas DC-3A-408,2,Pratt & Whitney R-1830,1943,-,-, N33649, 4809,private,Illegal Flight,-,-,-,-,-,-,-,-,-,-,-,-,-,-,-,-
19770612-1,Sunday,12-JUN-1977,-,A1, Landing (LDG),Kabri Dar Airport (ABK),Ethiopia,-,0, Damaged beyond repair,-,Douglas C-47A-25-DK (DC-3),2,Pratt & Whitney R-1830-92,1944,-,36541.0, ET-AAP, 13181,Ethiopian Airlines,Unknown,-,-,-,-,-,Kabri Dar Airport,ABK,HADK,Ethiopia,-,-,0,0,-,-,-
19770613-0,Monday,13-JUN-1977,-,A1, Takeoff (TOF),"Mendoza-El Plumerillo Airport, MD (MDZ)",Argentina,-,-, Damaged beyond repair,-,Douglas C-47A-80-DL Skytrain,-,-,1944,-,-, TC-15, 19796,Argentine AF,Military,-,Mendoza-El Plumerillo Airport,MDZ,SAME,Argentina,-,-,-,-,-,-,-,-,-,-,-
19770613-1,Monday,13-JUN-1977,00:30,A1, Landing (LDG),"near Newton, GA",United States of America,2,0, Damaged beyond repair,-,Douglas DC-3C,-,-,1943,-,-, N38AP, 10217,Hall Mining Company,Illegal Flight,-,-,-,-,-,-,-,-,-,1,1,0,0,-,-,-
19770616-0,Thursday,16-JUN-1977,15:27,A1, En route (ENR),Distribuidor La Araña,Venezuela,4,0, Damaged beyond repair,-,Britten-Norman BN-2A-20 Islander,-,-,1970,-,-, YV-O-MAR-6, 203,Unknown,Unknown,-,Puerto Cabello Airport,PBL,SVPC,Venezuela,-,-,-,-,-,-,0,0,-,-,-
19770617-1,Friday,17-JUN-1977,-,A1, Initial climb (ICL),near Condoto Airport (COG),Colombia,-,0, Substantial, Written off (damaged beyond repair),Douglas C-47-DL (DC-3),2,Pratt & Whitney R-1830-92,1942,-,-, HK-1511E, 6138,TANA,Unknown,-,Condoto-Mandinga Airport,COG,SKCD,Colombia,Cali Airport,CLO,SKCL,Colombia,-,-,0,0,-,-,-
19770618-0,Saturday,18-JUN-1977,-,A1, Taxi (TXI),Zagreb Airport (ZAG),Croatia,47,0, Damaged beyond repair,-,Fairchild FH-227B,-,-,1966,-,-, YU-ALA, 525,Pan Adria Airlines,Scheduled Passenger,-,-,-,-,-,-,-,-,-,4,43,0,0,-,-,-
19770618-1,Saturday,18-JUN-1977,-,H2, Unknown (UNK),Belgrade,Serbia,-,0, Unknown,-,Antonov An-24,-,-,-,-,-, registration unknown,-,Balkan Bulgarian,Unknown,-,Vidin Airport,VID,LBVD,Bulgaria,Sofia-Vrazhdebna Airport,SOF,LBSF,Bulgaria,-,-,0,0,-,-,-
19770620-0,Monday,20-JUN-1977,-,A1, Approach (APR),near Salto Airport (STY),Uruguay,15,5, Damaged beyond repair,-,Embraer EMB-110C Bandeirante,-,-,1975,-,-, CX-BJE/T-584, 110083,TAMU,Domestic Scheduled Passenger,-,Montevideo-Carrasco Airport,MVD,SUMU,Uruguay,Salto Airport,STY,SUSO,Uruguay,2,13,2,3,-,-,-
19770621-0,Tuesday,21-JUN-1977,08:30,A1, Initial climb (ICL),Bogotá-Eldorado Airport (BOG),Colombia,5,0, Damaged beyond repair,-,Curtiss C-46D-20-CU Commando,-,-,1945,-,-, HK-75, 22275,Aeronorte,Cargo,-,Bogotá-Eldorado Airport,BOG,SKBO,Colombia,Tame Airport,TME,SKTM,Colombia,5,0,0,0,-,-,-
19770621-1,Tuesday,21-JUN-1977,21:30,A1, Initial climb (ICL),"1,5 km (0.9 mls) off  Wake Island Airport (AWK)",U.S. Minor Outlying Islands,16,16, Damaged beyond repair,-,Lockheed EC-130Q Hercules,-,-,1968,-,-, 156176, 4280,US Navy,Military,-,Wake Island Airport,AWK,PAWK,U.S. Minor Outlying Islands,-,-,-,-,16,0,16,0,-,-,-
19770621-2,Tuesday,21-JUN-1977,-,H2, Unknown (UNK),Mendoza,Chile,-,0, Unknown,-,Boeing 727,-,-,-,-,-, registration unknown,-,LAN Chile,Unknown,-,Antofagasta-Cerro Moreno Airport,ANF,SCFA,Chile,-,-,-,-,-,-,0,0,-,-,-
19770621-3,Tuesday,21-JUN-1977,-,A1, Takeoff (TOF),Bangkok International Airport (BKK),Thailand,12,5, Damaged beyond repair,-,Douglas C-47 (DC-3),-,-,-,-,-, registration unknown,-,Thai AF,Military,-,Bangkok-Don Muang International Airport,BKK,VTBD,Thailand,-,-,-,-,-,-,-,-,-,-,Preliminary
19770621-4,Tuesday,21-JUN-1977,-,A1, Standing (STD),Bangkok International Airport (BKK),Thailand,-,0, Damaged beyond repair,-,Fairchild C-123K Provider,-,-,-,-,9401.0, L4K-2/16, 20033,Thai AF,Military,-,-,-,-,-,-,-,-,-,-,-,0,0,-,-,Preliminary
19770627-0,Monday,27-JUN-1977,-,A1, En route (ENR),Nucet,Romania,5,5, Damaged beyond repair,-,IRMA/Britten-Norman BN-2A-27 Islander,-,-,1976,-,-, YR-BNI, 776,Aviatia Utilitara,Training,-,Bucharest-Baneasa Airport,BBU,LRBS,Romania,Bucharest-Baneasa Airport,BBU,LRBS,Romania,2,3,2,3,-,-,-
19770627-1,Monday,27-JUN-1977,-,A1, En route (ENR),within Lam Luk Ka District,Thailand,9,0, Damaged beyond repair,-,Douglas C-47D,2,Pratt & Whitney R-1830-90,1945,-,-, L2-11/96, 34203/16944,Thai AF,Military,-,Udon Thani Airport,UTH,VTUD,Thailand,Bangkok-Don Muang International Airport,BKK,VTBD,Thailand,-,-,0,0,-,-,Preliminary
19770628-0,Tuesday,28-JUN-1977,-,H2, Unknown (UNK),Munich,Germany,-,0, Unknown,-,Boeing 727,-,-,-,-,-, registration unknown,-,Lufthansa,Unknown,-,Frankfurt International Airport,FRA,EDDF,Germany,Istanbul-Yesilköy Airport,IST,LTBA,Turkey,-,-,0,0,-,-,-
19770629-0,Wednesday,29-JUN-1977,-,H2, En route (ENR),Doha Airport (DOH),Qatar,68,0, None,-,Vickers VC10-1101,4,Rolls-Royce Conway 540,-,-,-, registration unknown,-,Gulf Air,International Scheduled Passenger,-,-,-,-,-,-,-,-,-,8,60,0,0,-,-,-
19770630-0,Thursday,30-JUN-1977,15:15,A1, En route (ENR),"65 km (40.6 mls) off  Bocas del Toro, Panama [Caribbean Sea]",Atlantic Ocean,4,4, Missing, Presumed damaged beyond repair,Lockheed L-188CF Electra,-,-,1959,-,-, N126US, 1105,Cooperativa Nacional de Montecillos,Cargo,-,San José-Juan Santamaria International Airport,SJO,MROC,Costa Rica,Caracas-Simón Bolívar International Airport,CCS,SVMI,Venezuela,3,1,3,1,-,-,-
19770701-0,Friday,01-JUL-1977,13:46,A1, Initial climb (ICL),"Put-in-Bay Airport, OH",United States of America,3,0, Damaged beyond repair,-,Ford 4-AT-B Tri-Motor,3,Wright J-5 Whirlwind,1928,-,-, N7684, 4-AT-42,Island Airlines,Domestic Scheduled Passenger,-,-,-,-,-,Port Clinton Airport,PCW,KPCW,United States of America,1,2,0,0,-,-,Final
19770701-1,Friday,01-JUL-1977,-,U1, Unknown (UNK),unknown,Unknown country,-,-, Damaged beyond repair,-,Fairchild C-119 Flying Boxcar,-,-,-,-,-, 3205,-,Republic of China AF,Military,-,-,-,-,-,-,-,-,-,-,-,-,-,-,-,-
19770703-2,Sunday,03-JUL-1977,18:10,A1, Approach (APR),"1 km (0.6 mls) from  Natal Airport, RN (NAT)",Brazil,18,18, Damaged beyond repair,-,Embraer C-95 Bandeirante (EMB-110),-,-,1975,-,-, 2157, 110057,Brazilian AF,Military,-,Natal Airport,NAT,SBNT,Brazil,Fortaleza-Pinto Martins Airport,FOR,SBFZ,Brazil,-,-,-,-,-,-,-
19770705-0,Tuesday,05-JUL-1977,-,H2, En route (ENR),Lima Airport (LIM),Peru,60,0, Unknown,-,Boeing 727-78,-,-,1965,-,-, CC-CFG, 18796/108,LADECO,Domestic Scheduled Passenger,-,-,-,-,-,Santiago-Arturo Merino Benitez Airport,SCL,SCEL,Chile,8,52,0,0,-,-,-
19770706-2,Wednesday,06-JUL-1977,23:27,A1, Takeoff (TOF),"Saint Louis-Lambert International Airport, MO (STL)",United States of America,3,3, Damaged beyond repair,-,Lockheed L-188AF Electra,-,-,1959,-,-, N280F, 1076,Fleming Int. Airways,Cargo,-,Saint Louis-Lambert International Airport,STL,KSTL,United States of America,Detroit-Willow Run Airport,YIP,KYIP,United States of America,3,0,3,0,-,-,Final
19770707-0,Thursday,07-JUL-1977,-,A1, Unknown (UNK),near Nedakonice,Czech Republic,4,4, Destroyed, Written off (damaged beyond repair),Let L-410UVP,-,-,-,-,-, OK-162, X03,Let,Test,-,Uherské Hradite-Kunovice Airport,UHE,LKKU,Czech Republic,Uherské Hradite-Kunovice Airport,UHE,LKKU,Czech Republic,4,0,4,0,-,-,-
19770708-0,Friday,08-JUL-1977,21:39,A1, Initial climb (ICL),1 km (0.6 mls) W off  Sukhumi Airport (SUI),Georgia,7,6, Damaged beyond repair,-,Antonov An-24RV,2,Ivchenko AI-24VT,1972,16941.0,5698.0, CCCP-46847, 27307505,Aeroflot,Training,-,Sukhumi Airport,SUI,UGSS,Georgia,Kirovograd Airport,KGO,UKKG,Ukraine,7,0,6,0,-,-,-
19770708-1,Friday,08-JUL-1977,-,H2, Unknown (UNK),Damascus,Syria,-,0, Unknown,-,Boeing 707,-,-,-,-,-, registration unknown,-,Kuwait Airways,Unknown,-,Beirut International Airport,BEY,OLBA,Lebanon,Kuwait International Airport,KWI,OKBK,Kuwait,-,-,0,0,-,-,-
19770708-2,Friday,08-JUL-1977,-,A1, Approach (APR),La Parra de Jerez,Spain,10,6, Damaged beyond repair,-,Lockheed P-3A Orion,-,-,1965,-,-, P.3-2, 185-5119,Spanish AF,Military,-,Jerez De La Frontera-La Parra Airport,XRY,LEJR,Spain,Jerez De La Frontera-La Parra Airport,XRY,LEJR,Spain,10,0,6,0,-,-,-
19770710-0,Sunday,10-JUL-1977,-,H2, Unknown (UNK),Helsinki,Finland,-,0, Unknown,-,Tupolev Tu-134,-,-,1970,-,-, CCCP-65639, 9350917,Aeroflot / Northern,Unknown,-,Petrozavodsk Airport,PES,ULPB,Russia,Leningrad-Pulkovo Airport,LED,ULLI,Russia,-,-,0,0,-,-,-
19770714-0,Thursday,14-JUL-1977,-,C1, Initial climb (ICL),near Cuangar,Angola,30,30, Damaged beyond repair,-,Antonov An-26,-,-,1976,-,-, T-20.,-,Angolan AF,Military,-,-,-,-,-,-,-,-,-,-,-,-,-,-,-,-
19770714-1,Thursday,14-JUL-1977,-,A1, Unknown (UNK),near Khabarovsk,Russia,-,0, Damaged beyond repair,-,Antonov An-2R,-,-,-,-,-, CCCP-55723, 1G49-15,Aeroflot / Far East,Unknown,-,-,-,-,-,-,-,-,-,-,-,0,0,-,-,-
19770716-0,Saturday,16-JUL-1977,11:42,A2, Landing (LDG),Jammu-Satwari Airport (IXJ),India,42,0, Substantial, Repaired,Fokker F-27 Friendship 100,-,-,1963,-,-, VT-DOL, 10219,Indian Airlines,Domestic Scheduled Passenger,-,-,-,-,-,Jammu-Satwari Airport,IXJ,VIJU,India,4,38,0,0,-,-,Final
19770717-0,Sunday,17-JUL-1977,-,A1, Approach (APR),off Mactan Island,Philippines,25,0, Damaged beyond repair,-,NAMC YS-11A-301,-,-,1969,-,-, RP-C1419, 2107,Philippine Air Lines,Scheduled Passenger,-,-,-,-,-,-,-,-,-,3,22,0,0,-,-,-
19770718-0,Monday,18-JUL-1977,05:35,A1, Maneuvering (MNV),"near Sheridan, WY",United States of America,2,2, Damaged beyond repair,-,Douglas DC-3A,2,Pratt & Whitney R-1830,-,-,-, N459,-,Unknown,Agricultural,-,Sheridan Airport,SHR,KSHR,United States of America,Sheridan Airport,SHR,KSHR,United States of America,2,0,2,0,-,-,Final
19770719-0,Tuesday,19-JUL-1977,-,A1, Approach (APR),near Mitú Airport (MVP),Colombia,10,0, Damaged beyond repair,-,Douglas C-47A-10-DK (DC-3),2,Pratt & Whitney R-1830-92,1944,-,-, HK-166, 12560,L.A. Orientales,Passenger,-,-,-,-,-,Mitú Airport,MVP,SKMU,Colombia,-,-,0,0,-,-,-
19770719-1,Tuesday,19-JUL-1977,-,A1, Approach (APR),Alamedin,Kyrgyzstan,-,0, Damaged beyond repair,-,Antonov An-2R,-,-,-,-,-, CCCP-15274, 1G60-35,Aeroflot / Kyrgyzstan,Unknown,-,-,-,-,-,-,-,-,-,-,-,0,0,-,-,-
19770720-0,Wednesday,20-JUL-1977,17:30,A1, Approach (APR),Tubo Milkie,Ethiopia,5,5, Damaged beyond repair,-,Douglas DC-3 (R4D-1),-,-,1942,-,31338.0, ET-ABF, 6069,Ethiopian Airlines,Cargo,-,Tippi Airport,TIE,HATP,Ethiopia,Jimma Airport,JIM,HAJM,Ethiopia,3,2,3,2,-,-,-
19770720-1,Wednesday,20-JUL-1977,-,A1, Takeoff (TOF),"0,5 km (0.3 mls) NNW of Vitim Airport",Russia,40,39, Destroyed, Written off (damaged beyond repair),Avia 14,-,-,-,20467.0,20464.0, CCCP-52096, 086806109,Aeroflot / East Siberia,Domestic Scheduled Passenger, B-2,-,-,-,-,Irkutsk Airport,IKT,UIII,Russia,6,34,6,33,-,-,-
19770720-2,Wednesday,20-JUL-1977,03:45,A1, Initial climb (ICL),"Oshawa Municipal Airport, ON (YOO)",Canada,2,2, Damaged beyond repair,-,Rausch Super 18 Hudstar,-,-,1952,-,-, N367F,-,Northern Flying Service,Cargo,-,Oshawa Municipal Airport,YOO,CYOO,Canada,Detroit-Metropolitan Wayne County Airport,DTW,KDTW,United States of America,2,0,2,0,-,-,-
19770721-0,Thursday,21-JUL-1977,-,A1, Takeoff (TOF),near Kungrad,Uzbekistan,-,0, Substantial, Written off (damaged beyond repair),Antonov An-2R,-,-,-,-,-, CCCP-44617, 1G86-34,Aeroflot / Uzbekistan,Unknown,-,-,-,-,-,-,-,-,-,-,-,0,0,-,-,-
19770721-1,Thursday,21-JUL-1977,18:45,A1, Initial climb (ICL),"Ruby Airport, AK (RBY)",United States of America,4,1, Damaged beyond repair,-,Britten-Norman BN-2A-6 Islander,-,-,1971,-,-, N22JA, 264,Harolds Air Service,Domestic Scheduled Passenger,-,Ruby Airport,RBY,PARY,United States of America,-,-,-,-,1,3,0,1,-,-,Final
19770724-0,Sunday,24-JUL-1977,-,A1, Approach (APR),near Puerto Montt-Tepual Airport (PMC),Chile,82,38, Damaged beyond repair,-,Douglas DC-6B,4,Pratt & Whitney R-2800,1958,-,-, 989, 45534/1012,Chilean AF,Military,-,Punta Arenas-Carlos Ibañez Airport,PUQ,SCCI,Chile,Puerto Montt-Tepual Airport,PMC,SCTE,Chile,7,75,7,31,-,-,-
19770725-0,Monday,25-JUL-1977,-,A1, Approach (APR),"0,5 km (0.3 mls) S off  Abidjan-Felix Houphouet Boigny Airport (ABJ)",Cote d'Ivoire,3,3, Damaged beyond repair,-,MBB HFB-320 Hansa Jet,-,-,1967,-,-, 5N-AMF, 1028,Motor Parts Manuf.,Unknown,-,-,-,-,-,Abidjan-Felix Houphouet Boigny Airport,ABJ,DIAP,Cote d'Ivoire,2,1,2,1,-,-,-
19770725-1,Monday,25-JUL-1977,-,A1, Initial climb (ICL),near Yoro Airport (ORO),Honduras,40,25, Damaged beyond repair,-,Douglas C-47-DL (DC-3),2,Pratt & Whitney R-1830-92,1942,-,-, FAH-301, 6096,Honduras AF,Military,-,Yoro Airport,ORO,MHYR,Honduras,Tegucigalpa-Toncontin Airport,TGU,MHTG,Honduras,-,-,-,-,-,-,-
19770727-0,Wednesday,27-JUL-1977,-,A1, Initial climb (ICL),Bourgas Airport (BOJ),Bulgaria,6,6, Damaged beyond repair,-,Beechcraft 200 Super King Air,-,-,1975,-,-, D-IBAF, BB-93,Alpha-Flug,Ambulance,-,Bourgas Airport,BOJ,LBBG,Bulgaria,-,-,-,-,2,4,2,4,-,-,-
19770729-1,Friday,29-JUL-1977,-,A1, Unknown (UNK),Ban Maetab Mountain,Thailand,6,6, Damaged beyond repair,-,Fairchild C-123K Provider,-,-,-,-,10735.0, L4K-3/16, 20075,Thai AF,Military,-,-,-,-,-,-,-,-,-,-,-,-,-,-,-,-
19770799-0,-,xx-JUL-1977,-,U1, Unknown (UNK),at an unknown location,Unknown country,-,-, Damaged beyond repair,-,Britten-Norman BN-2A-7 Islander,-,-,1969,-,-, C-FAZM, 114,Peace Air,Unknown,-,-,-,-,-,-,-,-,-,-,-,-,-,-,-,-
19770802-0,Tuesday,02-AUG-1977,-,A1, Takeoff (TOF),3 km (1.9 mls) from  Barysh Airstrip,Russia,24,0, Damaged beyond repair,-,Antonov An-2TP,-,-,-,-,-, CCCP-29316, 1G76-50,Aeroflot / Privolzhsk,Domestic Scheduled Passenger,-,-,-,-,-,-,-,-,-,1,23,0,0,-,-,-
19770804-0,Thursday,04-AUG-1977,19:05,A1, Takeoff (TOF),"near Bettles, AK",United States of America,1,1, Damaged beyond repair,-,de Havilland Canada DHC-3 Otter,-,-,1958,-,-, N48064, 278,Woods Air Service,Cargo,-,-,-,-,-,Bettles Airport,BTT,PABT,United States of America,1,0,1,0,-,-,Final
19770806-0,Saturday,06-AUG-1977,-,A1, Maneuvering (MNV),Lake Balaton,Hungary,4,1, Damaged beyond repair,-,Let L-410AF,-,-,1974,-,-, HA-YFA, 740303,Air Service Hungary,"Aerial Work (Calibration, Photo)",-,-,-,-,-,-,-,-,-,4,0,1,0,-,-,-
19770806-1,Saturday,06-AUG-1977,-,O1, Standing (STD),"Jacksonville NAS, FL (NIP)",United States of America,0,0, Damaged beyond repair,-,Lockheed P-3A Orion,-,-,1963,-,-, 148884, 185-5002,US Navy,Military,-,-,-,-,-,-,-,-,-,0,0,0,0,-,-,-
19770807-2,Sunday,07-AUG-1977,16:30,A1, En route (ENR),"18 km (11.3 mls) NE of El Bolson, RN",Argentina,6,6, Destroyed, Written off (damaged beyond repair),de Havilland Canada DHC-6 Twin Otter 200,2,Pratt & Whitney Canada PT6A-20,1969,-,-, T-87, 230,LADE,Military,-,San Carlos de Bariloche International Airport,BRC,SAZS,Argentina,El Bolson Airport,EHL,SAVB,Argentina,4,2,4,2,-,-,-
19770809-0,Tuesday,09-AUG-1977,-,A1, Landing (LDG),Sana'a International Airport (SAH),Yemen,-,0, Damaged beyond repair,-,Boeing 707-430,4,Rolls-Royce Conway 508,1959,-,60939.0, 9Q-CRT, 17718/90,Pearl Air,Cargo,-,-,-,-,-,Sana'a International Airport,SAH,ODSN,Yemen,-,-,0,0,-,-,-
19770812-0,Friday,12-AUG-1977,-,H2, Unknown (UNK),Brindisi-Papola Casale Airport (BDS),Italy,242,0, Unknown,-,Airbus A300,-,-,-,-,-, registration unknown,-,Air France,Unknown,-,Nice-Côte d'Azur Airport,NCE,LFMN,France,Cairo International Airport,CAI,HECA,Egypt,12,230,0,0,-,-,-
19770812-1,Friday,12-AUG-1977,16:00,O1, Standing (STD),Jigiga Airport (JIJ),Ethiopia,-,0, Damaged beyond repair,-,Douglas DC-3A,-,-,1943,-,-, ET-AGR, 11711,RRC Air Services,Unknown,-,-,-,-,-,-,-,-,-,-,-,0,0,-,-,-
19770813-0,Saturday,13-AUG-1977,11:20,A1, Landing (LDG),"Pawhuska Municipal Airport, OK",United States of America,4,0, Damaged beyond repair,-,Howard 500,-,-,-,-,-, N44HH, 500-115,Intercontinental Oil Co.,Executive,-,-,-,-,-,-,-,-,-,2,2,0,0,-,-,Final
19770818-0,Thursday,18-AUG-1977,-,A1, Landing (LDG),Ust-Kuiga,Russia,-,0, Damaged beyond repair,-,Antonov An-26,-,-,-,-,-, CCCP-26536, 2003,Aeroflot / Yakutsk,Unknown,-,-,-,-,-,-,-,-,-,-,-,0,0,-,-,-
19770818-1,Thursday,18-AUG-1977,-,U1, Unknown (UNK),unknown,Unknown country,-,-, Damaged beyond repair,-,Fairchild C-119 Flying Boxcar,-,-,-,-,-, 3221,-,Republic of China AF,Military,-,-,-,-,-,-,-,-,-,-,-,-,-,-,-,-
19770820-0,Saturday,20-AUG-1977,10:53,A1, Initial climb (ICL),"2,5 km (1.6 mls) SE of San José-Juan Santamaria International Airport (SJO)",Costa Rica,3,3, Destroyed, Written off (damaged beyond repair),Convair CV-880-22-2,-,-,1962,-,-, N8817E, 22-00-65,Monarch Aviation,Cargo,-,San José-Juan Santamaria International Airport,SJO,MROC,Costa Rica,Caracas-Maiquetía Airport,CCS,SVMI,Venezuela,3,0,3,0,-,-,-
19770820-1,Saturday,20-AUG-1977,-,H2, Unknown (UNK),"Salt Lake City, UT",United States of America,31,0, Unknown,-,Boeing 707,-,-,-,-,-, registration unknown,-,Western Air Lines,Domestic Scheduled Passenger, 550,San Diego International Airport,SAN,KSAN,United States of America,-,-,-,-,-,-,0,0,-,-,-
19770823-0,Tuesday,23-AUG-1977,-,U1, Unknown (UNK),at an unknown location,Unknown country,-,-, Damaged beyond repair,-,Britten-Norman BN-2A-9 Islander,-,-,1974,-,-, TR-LSF, 387,Air Inter Gabon,Unknown,-,-,-,-,-,-,-,-,-,-,-,-,-,-,-,-
19770824-0,Wednesday,24-AUG-1977,-,A1, En route (ENR),off Goyave,Guadeloupe,4,0, Damaged beyond repair,-,Curtiss C-46D-10-CU Commando,-,-,1944,-,-, N74689, 32975,Caribbean Air Services,Cargo,-,Dominica-Melville Hall Airport,DOM,TDPD,Dominica,Saint Croix-Alexander Hamilton Airport,STX,TISX,U.S. Virgin Islands,2,2,0,0,-,-,Final
19770825-0,Thursday,25-AUG-1977,05:40,A1, Approach (APR),"1 km (0.6 mls) from  Kona-Keahole Airport, HI (KOA)",United States of America,2,2, Damaged beyond repair,-,Shorts SC.7 Skyvan 3-200,2,Garrett TPE331-2-201A,1968,-,-, N4917, SH.1850,Air Cargo Hawaii,Cargo,-,Honolulu International Airport,HNL,PHNL,United States of America,Kona-Keahole Airport,KOA,PHKO,United States of America,2,0,2,0,-,-,Final
19770829-0,Monday,29-AUG-1977,-,A1, Unknown (UNK),"near Omolon, Bilibino District",Russia,-,0, Damaged beyond repair,-,Antonov An-2T,-,-,1957,-,-, CCCP-01250, 18147317,Aeroflot / Magadan,Unknown,-,-,-,-,-,-,-,-,-,-,-,0,0,-,-,-
19770830-0,Tuesday,30-AUG-1977,-,A1, Taxi (TXI),10 km (6.3 mls) from  Bratsk,Russia,-,-, Damaged beyond repair,-,Antonov An-8,-,-,1960,3889.0,6200.0, CCCP-48094, 0A-3410,MSP/Factory,Unknown,-,-,-,-,-,-,-,-,-,-,-,-,-,-,-,-
19770830-1,Tuesday,30-AUG-1977,-,A1, Unknown (UNK),Jurbarkas,Lithuania,-,0, Substantial, Written off (damaged beyond repair),Antonov An-2R,-,-,-,-,-, CCCP-32032, 1G91-33,Aeroflot / Lithuania,Unknown,-,-,-,-,-,-,-,-,-,-,-,0,0,-,-,-
19770831-0,Wednesday,31-AUG-1977,-,A1, Unknown (UNK),near Otrado-Olginski,Russia,-,0, Damaged beyond repair,-,Antonov An-2R,-,-,-,-,-, CCCP-32108, 1G93-14,Aeroflot / North Kavkaz,Unknown,-,-,-,-,-,-,-,-,-,-,-,0,0,-,-,-
19770902-0,Friday,02-SEP-1977,08:38,A1, En route (ENR),5 km (3.1 mls) ENE off  Waglan Island,Hong Kong,4,4, Destroyed, Written off (damaged beyond repair),Canadair CL-44D4-2,4,Rolls-Royce Tyne 515-12,1961,-,29376.0, G-ATZH, 21,Transmeridian Air Cargo,Cargo,3751,Hong Kong-Kai Tak International Airport,HKG,VHHH,Hong Kong,Bangkok-Don Muang International Airport,BKK,VTBD,Thailand,4,0,4,0,-,-,Final
19770903-0,Saturday,03-SEP-1977,-,A1, Unknown (UNK),near Cerro Moreno,Chile,6,6, Damaged beyond repair,-,Grumman SHU-16B Albatross,-,-,1953,-,-, 571, G-251,Chilean AF,Military,-,-,-,-,-,-,-,-,-,6,0,6,0,-,-,-
19770904-0,Sunday,04-SEP-1977,-,A1, Approach (APR),40 km (25 mls) N of Cuenca,Ecuador,33,33, Destroyed, Written off (damaged beyond repair),Vickers 764D Viscount,4,Rolls-Royce Dart 510,1956,-,-, HC-BCL, 185,SAN,Domestic Scheduled Passenger,-,Guayaquil-Simon Bolivar Airport,GYE,SEGU,Ecuador,Cuenca Airport,CUE,SECU,Ecuador,4,29,4,29,-,-,-
19770905-0,Monday,05-SEP-1977,-,H2, Unknown (UNK),Surabaja,Indonesia,-,0, Unknown,-,McDonnell Douglas DC-9-32,-,-,-,-,-, registration unknown,-,Garuda,Unknown,-,Yogyakarta-Adisutjipto Airport,JOG,WARJ,Indonesia,Surabaya-Juanda Airport,SUB,WARR,Indonesia,-,-,0,0,-,-,-
19770906-0,Tuesday,06-SEP-1977,14:52,A1, En route (ENR),"Mt Iliamna, AK",United States of America,13,13, Damaged beyond repair,-,de Havilland Canada DHC-6 Twin Otter 200,2,Pratt & Whitney Canada PT6A-20,1969,-,15369.0, N563MA, 196,Alaska Aeronautical Ind.,Domestic Scheduled Passenger, 302,Iliamna Airport,ILI,PAIL,United States of America,Anchorage International Airport,ANC,PANC,United States of America,2,11,2,11,-,-,Final
19770908-0,Thursday,08-SEP-1977,20:20,A1, En route (ENR),"near Sanford, NC",United States of America,5,5, Damaged beyond repair,-,Learjet 25B,-,-,1974,-,700.0, N999HG, 25-178,Champion Home Builders,Executive,-,-,-,-,-,Flint-Bishop Airport,FNT,KFNT,United States of America,2,3,2,3,-,-,Final
19770908-1,Thursday,08-SEP-1977,-,A1, En route (ENR),Mt. Loi Hsam Hsao,Myanmar,25,25, Damaged beyond repair,-,de Havilland Canada DHC-6 Twin Otter 300,2,Pratt & Whitney Canada PT6A-27,1977,-,-, XY-AEH, 540,Burma Airways,Domestic Scheduled Passenger,-,Mong Hsat Airport,MOG,VYMS,Myanmar,Keng Tung Airport,KET,VYKG,Myanmar,3,22,3,22,-,-,-
19770908-2,Thursday,08-SEP-1977,-,A1, Unknown (UNK),"near San Pedro, Coahuila",Mexico,2,0, Damaged beyond repair,-,Douglas C-47 (DC-3),-,-,-,-,-, N....,-,private,Illegal Flight,-,-,-,-,-,-,-,-,-,2,0,0,0,-,-,-
19770912-0,Monday,12-SEP-1977,00:12,A1, Initial climb (ICL),"4 km (2.5 mls) NW of Yakutat Airport, AK (YAK)",United States of America,4,4, Damaged beyond repair,-,Douglas DC-7BF,-,-,1957,-,-, N6314J, 45359/868,Safe Air Cargo,Cargo,-,Yakutat Airport,YAK,PAYA,United States of America,Anchorage International Airport,ANC,PANC,United States of America,4,0,4,0,-,-,Final
19770914-0,Wednesday,14-SEP-1977,23:48,A1, Initial climb (ICL),"8 km (5 mls) E of Albuquerque-Kirtland AFB, NM",United States of America,20,20, Damaged beyond repair,-,Boeing EC-135K,4,Pratt & Whitney TF33-PW-102,1963,-,7307.0, 62-3536, 18519/587,USAF,Military,-,-,-,-,-,Las Vegas-Nellis AFB,LSV,KLSV,United States of America,20,0,20,0,-,-,-
19770921-0,Wednesday,21-SEP-1977,-,A1, Unknown (UNK),Narsarsuaq,Greenland,-,0, Damaged beyond repair,-,Douglas C-47-DL (DC-3),2,Pratt & Whitney R-1830-92,1942,-,-, N723A, 4395,NJ Airlines,Unknown,-,-,-,-,-,Narsarsuaq Airport,UAK,BGBW,Greenland,-,-,0,0,-,-,-
19770921-1,Wednesday,21-SEP-1977,16:59,A1, Approach (APR),"6,3 km (3.9 mls) SW of Urziceni",Romania,53,29, Damaged beyond repair,-,Tupolev Tu-134,-,-,1968,-,-, HA-LBC, 8350605,Malev,International Scheduled Passenger, 203,Istanbul-Yesilköy Airport,IST,LTBA,Turkey,Bucharest-Otopeni International Airport,OTP,LROP,Romania,8,45,8,21,-,-,-
19770923-0,Friday,23-SEP-1977,07:30,A1, Initial climb (ICL),Amman-Marka International Airport (ADJ),Jordan,4,4, Damaged beyond repair,-,Learjet 36A,2,Garrett TFE731-2-2B,-,-,-, JY-AFC, 36-020,Arab Wings,Int'l Non Scheduled Passenger,-,Amman-Marka International Airport,ADJ,OJAM,Jordan,Beirut Airport,BEY,OLBA,Lebanon,2,2,2,2,-,-,Final
19770923-1,Friday,23-SEP-1977,-,A1, Initial climb (ICL),off Lhokseumawe,Indonesia,10,5, Damaged beyond repair,-,IRMA/Britten-Norman BN-2A-21 Islander,-,-,1975,-,-, PK-ZAD, 732,Sabang Merauke Raya Air Charter,Domestic Scheduled Passenger,-,Lhokseumawe-Malikussaleh Airport,LSW,WITM,Indonesia,-,-,-,-,1,9,0,5,-,-,-
19770926-0,Monday,26-SEP-1977,-,A1, Unknown (UNK),off Bawean Island [Java Sea],Indonesia,1,0, Damaged beyond repair,-,Dornier Do 28D-1S Skyservant,-,-,-,-,-, PK-VDH, 4038,State Aerial Survey Corporation,Unknown,-,-,-,-,-,-,-,-,-,1,0,0,0,-,-,-
19770927-0,Tuesday,27-SEP-1977,-,A1, Approach (APR),"6,5 km (4.1 mls) NW of Kuala Lumpur Subang International Airport (KUL)",Malaysia,79,34, Damaged beyond repair,-,McDonnell Douglas DC-8-62H,4,Pratt & Whitney JT3D-,1971,-,-, JA8051, 46152/550,JAL,International Scheduled Passenger,JL715,Hong Kong-Kai Tak International Airport,HKG,VHHH,Hong Kong,Kuala Lumpur Subang International Airport,KUL,WMKK,Malaysia,10,69,8,26,-,-,-
19770927-1,Tuesday,27-SEP-1977,07:40,A1, Approach (APR),"Auburn, AL",United States of America,3,1, Damaged beyond repair,-,Beechcraft 100 King Air,-,-,-,-,-, N925BD, B-4,Delwood Furniture,Executive,-,Birmingham Airport,BHM,KBHM,United States of America,Auburn-Opelika Airport,AUO,KAOU,United States of America,2,1,1,0,-,-,Final
19770927-2,Tuesday,27-SEP-1977,-,A1, Unknown (UNK),Samarkand Region,Uzbekistan,-,0, Damaged beyond repair,-,Antonov An-2R,-,-,-,-,-, CCCP-33254, 1G58-22,Aeroflot / Uzbekistan,Unknown,-,-,-,-,-,-,-,-,-,-,-,0,0,-,-,-
19770928-0,Wednesday,28-SEP-1977,-,H2, En route (ENR),Algiers-Dar el Beida Airport (ALG),Algeria,184,0, None,-,McDonnell Douglas DC-8-62,-,-,1968,-,-, JA8033, 45955/365,JAL,International Scheduled Passenger,JL472,Bombay-Santacruz Airport,BOM,VABB,India,Tokyo-Haneda Airport,HND,RJTT,Japan,14,170,0,0,-,-,-
19770929-2,Thursday,29-SEP-1977,-,A1, En route (ENR),"24 km (15 mls) SE of Thompson, MB",Canada,2,0, Damaged beyond repair,-,Curtiss C-46 Super C,-,-,1945,-,-, CF-CZH, 22515,North Coast Air Services,Cargo,-,Thompson Airport,YTH,CYTH,Canada,-,-,-,-,2,0,0,0,-,-,-
19770930-0,Friday,30-SEP-1977,-,H2, En route (ENR),Paris-Orly Airport (ORY),France,98,1, Unknown,-,Sud-Aviation SE-210 Caravelle,-,-,-,-,-, registration unknown,-,Air Inter,Domestic Scheduled Passenger,-,Paris-Orly Airport,ORY,LFPO,France,Lyon Satolas Airport,LYS,LFLL,France,6,92,0,1,-,-,-
19770930-1,Friday,30-SEP-1977,-,A1, Landing (LDG),Shannon Airport (SNN),Ireland,6,0, Damaged beyond repair,-,Bristol 175 Britannia 253,-,-,1959,-,-, EI-BBY, 13455,Interconair,Ferry/positioning,-,-,-,-,-,Shannon Airport,SNN,EINN,Ireland,4,2,0,0,-,-,-
19770930-2,Friday,30-SEP-1977,-,A1, Landing (LDG),Flores-Santa Elena Airport (FRS),Guatemala,3,1, Damaged beyond repair,-,Douglas C-47A-25-DK (DC-3),2,Pratt & Whitney R-1830-92,1944,-,-, TG-AKA, 13327,Aviateca,Cargo,-,-,-,-,-,Flores-Santa Elena Airport,FRS,MGFL,Guatemala,3,0,1,0,-,-,-
19771002-0,Sunday,02-OCT-1977,-,C1, Unknown (UNK),near Villavicencio,Colombia,2,0, Damaged beyond repair,-,Douglas C-47A-85-DL (DC-3),2,Pratt & Whitney R-1830-92,1944,-,-, N98H, 20061,private,Illegal Flight,-,-,-,-,-,-,-,-,-,2,0,0,0,-,-,-
19771006-0,Thursday,06-OCT-1977,-,A1, Unknown (UNK),La China,Bolivia,3,0, Damaged beyond repair,-,Douglas C-118A (DC-6),-,-,1955,-,-, CP-1336, 44617/545,Aerovias Las Minas,Agricultural,-,-,-,-,-,-,-,-,-,3,0,0,0,-,-,-
19771008-1,Saturday,08-OCT-1977,-,A1, Maneuvering (MNV),Lanseria Airport (HLA),South Africa,2,0, Damaged beyond repair,-,Britten-Norman BN-2A Trislander Mk.III-2,3,Lycoming O-540-E4C5,1976,-,-, ZS-JYF, 1031,Southern Aviation,Demonstration,-,Lanseria Airport,HLA,FALA,South Africa,Lanseria Airport,HLA,FALA,South Africa,2,0,0,0,-,-,-
19771011-0,Tuesday,11-OCT-1977,-,A1, Landing (LDG),"Springfield-Westover AFB, MA (CEF)",United States of America,-,-, Damaged beyond repair,-,Fairchild C-123K Provider,-,-,-,-,-, 54-0707, 20156,USAF,Military,-,-,-,-,-,-,-,-,-,-,-,-,-,-,-,-
19771011-1,Tuesday,11-OCT-1977,-,H2, Unknown (UNK),Frankfurt,Germany,-,0, Unknown,-,Yakovlev Yak-40,3,Ivchenko AI-25,-,-,-, registration unknown,-,CSA,Unknown,-,Karlovy Vary Airport,KLV,LKKV,Czech Republic,Praha-Ruzyne International Airport,PRG,LKPR,Czech Republic,-,-,0,0,-,-,-
19771013-0,Thursday,13-OCT-1977,-,H2, En route (ENR),Mogadishu International Airport (MGQ),Somalia,91,4, Minor, Repaired,Boeing 737-230C,2,Pratt & Whitney JT8D-9A,1970,-,-, D-ABCE, 20254/230,Lufthansa,International Scheduled Passenger,LH181,Palma de Mallorca Airport,PMI,LEPA,Spain,Frankfurt International Airport,FRA,EDDF,Germany,-,-,1,3,-,-,-
19771017-0,Monday,17-OCT-1977,-,H2, Unknown (UNK),Tadjoura Airport (TDJ),Djibouti,11,2, Unknown,-,de Havilland Canada DHC-6 Twin Otter,-,-,-,-,-, registration unknown,-,Air Djibouti,Unknown,-,Tadjoura Airport,TDJ,HDTJ,Djibouti,-,-,-,-,-,-,-,-,-,-,-
19771018-0,Tuesday,18-OCT-1977,-,A1, Unknown (UNK),near Manila International Airport (MNL),Philippines,5,2, Damaged beyond repair,-,Hawker Siddeley HS-748-232 Srs. 2,-,-,1967,-,-, PK-RHS, 1610,Mandala Airlines,Test,-,Manila International Airport,MNL,RPLL,Philippines,Manila International Airport,MNL,RPLL,Philippines,3,2,2,0,-,3,-
19771018-1,Tuesday,18-OCT-1977,-,H2, Unknown (UNK),Warszawa-Okecie Airport (WAW),Poland,-,0, Unknown,-,Antonov An-24V,-,-,1966,-,-, SP-LTH, 67302505,LOT,Domestic Scheduled Passenger,-,Katowice-Pyrzowice Airport,KTW,EPKT,Poland,Warszawa-Okecie Airport,WAW,EPWA,Poland,-,-,0,0,-,-,-
19771018-2,Tuesday,18-OCT-1977,-,A1, Unknown (UNK),at an unknown location,Russia,-,-, Damaged beyond repair,-,Antonov An-2T,-,-,-,-,-, CCCP-55625, 112347305,Aeroflot / Yakutsk,Unknown,-,-,-,-,-,-,-,-,-,-,-,-,-,-,-,-
19771019-0,Wednesday,19-OCT-1977,23:00,A1, Approach (APR),"1,6 km (1 mls) from  Valparaiso-Porter County Airport, IN (VPZ)",United States of America,1,1, Damaged beyond repair,-,Beechcraft 200 Super King Air,-,-,1977,-,-, N17530, BB-204,Unknown,Executive,-,-,-,-,-,Valparaiso-Porter County Airport,VPZ,KVPZ,United States of America,1,0,1,0,-,-,Final
19771020-0,Thursday,20-OCT-1977,-,H2, Unknown (UNK),"Kansas City, MO",United States of America,34,1, Unknown,-,Boeing 737-200,-,-,-,-,-, registration unknown,-,Frontier Airlines,Domestic Scheduled Passenger, 101,Grand Island Airport,GRI,KGRI,United States of America,Lincoln Municipal Airport,LNK,KLNK,United States of America,-,-,0,1,-,-,-
19771020-1,Thursday,20-OCT-1977,18:52,A1, En route (ENR),"8 km (5 mls) NE of Gillsburg, MS",United States of America,26,6, Destroyed, Written off (damaged beyond repair),Convair CV-300,2,Pratt & Whitney R-2800-CB16,1948,-,29013.0, N55VM,   3,L & J Comp.,Domestic Non Scheduled Passenger,-,Greenville Downtown Airport,GMU,KGMU,United States of America,Baton Rouge-Ryan Airport,BTR,KBTR,United States of America,2,24,2,4,-,-,Final
19771022-0,Saturday,22-OCT-1977,-,O1, Standing (STD),Lome Airport (LFW),Togo,-,0, Damaged beyond repair,-,Lockheed L-749A-79-52 Constellation,-,-,1950,-,-, N273R, 2650,Lanzair,Cargo,-,-,-,-,-,-,-,-,-,-,-,0,0,-,-,-
19771023-2,Sunday,23-OCT-1977,-,A1, Maneuvering (MNV),20 km (12.5 mls) NE of Manidar,Iran,3,3, Damaged beyond repair,-,Douglas C-47-DL (DC-3),2,Pratt & Whitney R-1830-92,1942,-,-, C-FSAW, 4644,Geoterrex,Survey/research,-,-,-,-,-,-,-,-,-,3,0,3,0,-,-,-
19771027-0,Thursday,27-OCT-1977,-,A1, Approach (APR),near Cape Chelyuskin,Russia,-,-, Damaged beyond repair,-,Ilyushin Il-14M,-,-,-,-,-, CCCP-04195, 147001313,Aeroflot / Krasnoyarsk,Unknown,-,-,-,-,-,-,-,-,-,-,-,-,-,-,-,-
19771028-0,Friday,28-OCT-1977,08:10,A1, En route (ENR),off Barra del Parismina,Costa Rica,6,0, Damaged beyond repair,-,de Havilland Canada U-1A Otter (DHC-3),-,-,1956,-,-, TI-SPF, 100,Costa Rican Ministry of Security,Domestic Non Scheduled Passenger,-,San José-Juan Santamaria International Airport,SJO,MROC,Costa Rica,San José-Juan Santamaria International Airport,SJO,MROC,Costa Rica,2,4,0,0,-,-,-
19771028-1,Friday,28-OCT-1977,-,H2, En route (ENR),Singapore-Seletar Airport (XSP),Singapore,36,2, Unknown,-,Douglas DC-3,-,-,-,-,-, VN-C509,-,Hâng Không Viêtnam,Domestic Scheduled Passenger,-,Ho Chi Minh City-Tan Son Nhat International Airport,SGN,VVTS,Vietnam,Phu Quoc-Duong Dang Airport,PQC,VVPQ,Vietnam,-,-,0,2,-,-,-
19771103-0,Thursday,03-NOV-1977,-,A1, Approach (APR),near San Cristóbal de las Casas Airport (SZT),Mexico,13,13, Damaged beyond repair,-,Britten-Norman BN-2A-8 Islander,-,-,1974,-,-, XA-FUA, 388,private,Domestic Scheduled Passenger,-,Palenque Airport,PQM,MMPQ,Mexico,San Cristóbal de las Casas Airport,SZT,MMSC,Mexico,-,-,-,-,-,-,-
19771105-0,Saturday,05-NOV-1977,19:30,A1, Approach (APR),near Jorhat-Rowriah Airport (JRH),India,20,5, Damaged beyond repair,-,Tupolev Tu-124K,-,-,1966,-,-, V643, 6351902?,Indian AF,Military,-,Delhi-Palam Airport,DEL,VIDP,India,Jorhat-Rowriah Airport,JRH,VEJT,India,11,9,5,0,-,-,-
19771107-0,Monday,07-NOV-1977,18:20,A1, Initial climb (ICL),"Lake Pontchartrain, LA",United States of America,4,3, Damaged beyond repair,-,North American Sabreliner 40,-,-,-,-,-, N77AP, 282-37,Mechanical Equipment,Executive,-,New Orleans-Lakefront Airport,NEW,KNEW,United States of America,Fort Lauderdale International Airport,FLL,KFLL,United States of America,2,2,1,2,-,-,Final
19771107-1,Monday,07-NOV-1977,-,A1, Landing (LDG),Ogle Airport (OGL),Guyana,-,0, Damaged beyond repair,-,Britten-Norman BN-2A-9 Islander,-,-,1973,-,-, 8R-GEH, 348,M.C. Correia Holdings,Unknown,-,-,-,-,-,Ogle Airport,OGL,SYGO,Guyana,-,-,0,0,-,-,-
19771108-0,Tuesday,08-NOV-1977,-,A1, En route (ENR),"near Cosme Sud, CD",Argentina,2,2, Damaged beyond repair,-,Morane Saulnier (FMA) MS.760 Paris I,-,-,1963,-,-, E-248, A-36,Argentine AF,Military,-,Córdoba-Pajas Blancas Airport,COR,SACO,Argentina,-,-,-,-,2,0,2,0,-,-,-
19771119-1,Saturday,19-NOV-1977,21:35,A1, Landing (LDG),Funchal Airport (FNC),Portugal,164,131, Destroyed, Written off (damaged beyond repair),Boeing 727-282,3,Pratt & Whitney JT8D-17,1975,5204.0,6154.0, CS-TBR, 20972/1096,TAP,Domestic Scheduled Passenger,TP425,Lisboa-Portela de Sacavém Airport,LIS,LPPT,Portugal,Funchal Airport,FNC,LPFU,Portugal,8,156,6,125,-,-,Final
19771119-2,Saturday,19-NOV-1977,04:12,A1, Initial climb (ICL),"0,5 km (0.3 mls) W of Roma-Fiumicino Airport (FCO)",Italy,5,5, Damaged beyond repair,-,Boeing 707-360C,4,Pratt & Whitney JT3D-,1968,-,26612.0, ET-ACD, 19736/696,Ethiopian Airlines,Cargo,-,Roma-Fiumicino Airport,FCO,LIRF,Italy,Asmara International Airport,ASM,HAAY,Eritrea,3,2,3,2,-,-,-
19771120-1,Sunday,20-NOV-1977,-,A1, Initial climb (ICL),"Hay River Airport, NT (YHY)",Canada,2,1, Damaged beyond repair,-,Bristol 170 Freighter 31M,2,Bristol Hercules 734,1956,-,-, C-FWAD, 13253,Norcanair,Cargo,-,Hay River Airport,YHY,CYHY,Canada,-,-,-,-,2,0,1,0,-,-,-
19771120-2,Sunday,20-NOV-1977,-,A1, Unknown (UNK),Bogotá ?,Colombia,-,-, Damaged beyond repair,-,Douglas C-47B-30-DK (DC-3),2,Pratt & Whitney R-1830-90C,1945,-,-, FAC-1127, 33038/16290,SATENA,Unknown,-,-,-,-,-,-,-,-,-,-,-,-,-,-,-,-
19771120-3,Sunday,20-NOV-1977,-,A1, Unknown (UNK),Llanos del Yari,Colombia,-,0, Damaged beyond repair,-,Douglas C-47A-10-DK (DC-3),2,Pratt & Whitney R-1830-92,1944,-,-, FAC-1120, 12446,SATENA,Unknown,-,-,-,-,-,-,-,-,-,-,-,0,0,-,-,-
19771121-0,Monday,21-NOV-1977,01:04,A1, Approach (APR),"21 km (13.1 mls) E of San Carlos de Bariloche, RN",Argentina,79,46, Damaged beyond repair,-,BAC One-Eleven 420EL,2,Rolls-Royce Spey 511-14W,1968,22228.0,21272.0, LV-JGY, 155,Austral Lineas Aéreas,Domestic Non Scheduled Passenger,   9,Buenos Aires-Jorge Newbery Airport,AEP,SABE,Argentina,San Carlos de Bariloche International Airport,BRC,SAZS,Argentina,5,74,5,41,-,-,Final
19771121-1,Monday,21-NOV-1977,-,A1, En route (ENR),within Alaska,United States of America,2,2, Damaged beyond repair,-,Britten-Norman BN-2A-8 Islander,-,-,1976,-,-, N36MN, 546,Munz Northern Airlines,Domestic Scheduled Passenger,-,Point Hope Airport,PHO,PAPO,United States of America,Kotzebue Airport,OTZ,PAOT,United States of America,1,1,1,1,-,-,Final
19771122-0,Tuesday,22-NOV-1977,-,A1, Unknown (UNK),"Rio de Janeiro-Santos Dumont Airport, RJ (SDU)",Brazil,-,-, Damaged beyond repair,-,Learjet 25B,-,-,-,-,-, PT-DVL, 25-077,TAM,Unknown,-,-,-,-,-,-,-,-,-,-,-,-,-,-,-,-
19771122-1,Tuesday,22-NOV-1977,10:32,A1, Landing (LDG),Berlin-Schönefeld Airport (SXF),Germany,81,0, Destroyed, Written off (damaged beyond repair),Tupolev Tu-134A,-,-,1973,-,-, DM-SCM, 3351904,Interflug,International Scheduled Passenger,-,Moskva-Sheremetyevo Airport,SVO,UUEE,Russia,Berlin-Schönefeld Airport,SXF,EDDB,Germany,7,74,0,0,-,-,-
19771123-0,Wednesday,23-NOV-1977,-,O1, Taxi (TXI),Bucharest-Otopeni International Airport (OTP),Romania,-,0, Damaged beyond repair,-,Ilyushin Il-18V,4,Ivchenko AI-20K,1963,-,-, HA-MOF, 183006301,Malev,International Scheduled Passenger, 203,Istanbul-Yesilköy Airport,IST,LTBA,Turkey,Bucharest-Otopeni International Airport,OTP,LROP,Romania,-,-,0,0,-,-,-
19771125-0,Friday,25-NOV-1977,-,A1, En route (ENR),near Béziers,France,32,32, Destroyed, Written off (damaged beyond repair),Nord 2501 Noratlas,2,Bristol Hercules 739,-,-,-, 182/F-RABR, 182,French AF,Military,-,-,-,-,-,-,-,-,-,4,28,4,28,-,-,-
19771126-0,Saturday,26-NOV-1977,-,C1, En route (ENR),within Tete province,Mozambique,2,0, Damaged beyond repair,-,Douglas C-54B-1-DC (DC-4),-,-,1944,-,-, 9Q-CAM, 10441,African Lux,Cargo,-,-,-,-,-,-,-,-,-,2,0,0,0,-,-,-
19771126-2,Saturday,26-NOV-1977,-,U1, Unknown (UNK),at an unknown location,Unknown country,-,-, Damaged beyond repair,-,Britten-Norman BN-2A Islander,-,-,1968,-,-, TR-LNG, 13,Bureau de Prospection Forestière,Unknown,-,-,-,-,-,-,-,-,-,-,-,-,-,-,-,-
19771128-0,Monday,28-NOV-1977,-,A1, Unknown (UNK),"Chuya, Irkutsk Region",Russia,-,0, Damaged beyond repair,-,Antonov An-2R,-,-,-,-,-, CCCP-70629, 1G128-38,Aeroflot / East Siberia,Unknown,-,-,-,-,-,-,-,-,-,-,-,0,0,-,-,-
19771201-1,Thursday,01-DEC-1977,-,A1, En route (ENR),"Saturna Island, BC",Canada,14,0, Destroyed, Written off (damaged beyond repair),de Havilland Canada DHC-6 Twin Otter 100,2,Pratt & Whitney Canada PT6A-20,1967,-,-, C-GPBO, 100,Airwest Airlines,Domestic Scheduled Passenger,-,Vancouver-Coal Harbour SPB,CXH,CYHC,Canada,-,-,-,-,2,12,0,0,-,-,-
19771202-0,Friday,02-DEC-1977,-,A1, Landing (LDG),near Benghazi,Libya,165,59, Damaged beyond repair,-,Tupolev Tu-154A,3,Kuznetsov NK-8-2U,1974,-,3700.0, LZ-BTN, 74A054,Balkan Bulgarian,Int'l Non Scheduled Passenger,-,Jeddah International Airport,JED,OEJD,Saudi Arabia,Benghazi-Benina International Airport,BEN,HLLB,Libya,6,159,0,59,-,-,-
19771204-0,Sunday,04-DEC-1977,20:36,H1, En route (ENR),near Tanjong Kupang,Malaysia,100,100, Destroyed, Written off (damaged beyond repair),Boeing 737-2H6,2,Pratt & Whitney JT8D-15,1972,-,-, 9M-MBD, 20585/306,MAS,Domestic Scheduled Passenger,MH653,Penang International Airport,PEN,WMKP,Malaysia,Kuala Lumpur Subang International Airport,KUL,WMKK,Malaysia,7,93,7,93,-,-,-
19771209-0,Friday,09-DEC-1977,-,A1, Initial climb (ICL),ca 4 km from Tarko-Sale,Russia,23,17, Damaged beyond repair,-,Antonov An-24RV,2,Ivchenko AI-24VT,1972,-,-, CCCP-47695, 27307602,Aeroflot / Tyumen,Domestic Scheduled Passenger,-,-,-,-,-,Surgut Airport,SGC,USRR,Russia,5,18,4,13,-,-,-
19771209-1,Friday,09-DEC-1977,-,A1, Taxi (TXI),Oujda Airport (OUD),Morocco,-,0, Damaged beyond repair,-,Sud Aviation SE-210 Caravelle VI-N,-,-,1965,-,22546.0, F-BYAU, 192,Aerotour,Unknown,-,-,-,-,-,Oujda-Les Angades Airport,OUD,GMFO,Morocco,-,-,0,0,-,-,-
19771209-2,Friday,09-DEC-1977,22:55,A1, Approach (APR),"3 km (1.9 mls) NW of Churchill Falls Airport, NL (ZUM)",Canada,8,8, Damaged beyond repair,-,de Havilland DH-125-400A,2,Rolls-Royce Viper 522,1970,-,-, CF-CFL, 25213/NA741,Churchill Falls,Executive,-,-,-,-,-,Churchill Falls Airport,ZUM,CZUM,Canada,2,6,2,6,-,-,Final
19771211-0,Sunday,11-DEC-1977,11:20,A1, En route (ENR),"El Hierro, Canary Islands",Spain,13,13, Damaged beyond repair,-,Lockheed P-3B Orion,-,-,1967,-,-, 153428, 185-5225,US Navy,Military,-,Terceira-Lajes AFB,TER,LPLA,Portugal,Terceira-Lajes AFB,TER,LPLA,Portugal,13,0,13,0,-,-,Final
19771211-1,Sunday,11-DEC-1977,-,O1, Standing (STD),"Lake City Municipal Airport, FL (LCQ)",United States of America,-,0, Damaged beyond repair,-,Douglas DC-8-33F,4,Pratt & Whitney JT4A-,1960,-,-, N8170A, 45270/112,Charlotte Aircraft Corp.,-,-,-,-,-,-,-,-,-,-,-,-,0,0,-,-,-
19771213-0,Tuesday,13-DEC-1977,19:22,A1, Initial climb (ICL),"Evansville-Dress Regional Airport, IN (EVV)",United States of America,29,29, Damaged beyond repair,-,Douglas C-53 (DC-3),2,Pratt & Whitney R-1830-94,1941,-,19777.0, N51071, 4837,Air Indiana,Domestic Non Scheduled Passenger, 216,Evansville-Dress Regional Airport,EVV,KEVV,United States of America,Nashville Metropolitan Airport,BNA,KBNA,United States of America,3,26,3,26,-,-,Final
19771214-0,Wednesday,14-DEC-1977,-,A1, Landing (LDG),Bucaramanga-Palo Negro Airport (BGA),Colombia,-,0, Damaged beyond repair,-,Vickers 837 Viscount,-,-,1960,-,-, HK-1267, 441,TAC Colombia,Domestic Scheduled Passenger,-,Barrancabermeja-Yariguíes Airport,EJA,SKEJ,Colombia,Bucaramanga-Palo Negro Airport,BGA,SKBG,Colombia,-,-,0,0,-,-,-
19771214-1,Wednesday,14-DEC-1977,-,O1, Standing (STD),"Fort Lauderdale International Airport, FL (FLL)",United States of America,0,0, Damaged beyond repair,-,Lockheed 18-08-01 Lodestar,-,-,1940,-,-, N669, 18-2044,private,-,-,-,-,-,-,-,-,-,-,0,0,0,0,-,-,-
19771218-0,Sunday,18-DEC-1977,01:38,A1, Approach (APR),"5 km (3.1 mls) E of Kaysville, UT",United States of America,3,3, Damaged beyond repair,-,Douglas DC-8-54F,4,Pratt & Whitney JT3D-,1966,-,-, N8047U, 45880/275,United Airlines,Cargo,UA2860,San Francisco International Airport,SFO,KSFO,United States of America,Salt Lake City International Airport,SLC,KSLC,United States of America,3,0,3,0,-,-,Final
19771218-1,Sunday,18-DEC-1977,20:14,A1, Approach (APR),4 km (2.5 mls) SSE off  Funchal Airport (FNC),Portugal,57,36, Damaged beyond repair,-,Sud Aviation SE-210 Caravelle 10R,2,Pratt & Whitney JT8D-7,1965,12767.0,21134.0, HB-ICK, 200,SATA,Int'l Non Scheduled Passenger, 730,Genève-Cointrin Airport,GVA,LSGG,Switzerland,Funchal Airport,FNC,LPFU,Portugal,5,52,1,35,-,-,Final
19771219-0,Monday,19-DEC-1977,-,A1, Unknown (UNK),near Podkopayevo,Russia,-,0, Damaged beyond repair,-,Antonov An-2TP,-,-,-,-,-, CCCP-09696, 1G76-30,Aeroflot,Unknown,-,-,-,-,-,-,-,-,-,-,-,0,0,-,-,-
19771219-1,Monday,19-DEC-1977,07:48,A1, En route (ENR),off Vieques,Puerto Rico,10,5, Damaged beyond repair,-,Britten-Norman BN-2A-6 Islander,-,-,1970,-,-, N862JA, 184,Vieques Air Link,International Scheduled Passenger,-,Saint Croix-Alexander Hamilton Airport,STX,TISX,U.S. Virgin Islands,Vieques Airport,VQS,TJCG,Puerto Rico,1,9,0,5,-,-,Final
19771220-0,Tuesday,20-DEC-1977,-,A1, Unknown (UNK),near Ukhta,Russia,-,0, Damaged beyond repair,-,Antonov An-2P,-,-,-,-,-, CCCP-07471, 1G151-46,Aeroflot / Komi,Unknown,-,-,-,-,-,-,-,-,-,-,-,0,0,-,-,-
19771221-0,Wednesday,21-DEC-1977,-,A1, Approach (APR),"3 km (1.9 mls) W of Nanisivik Airport, NU (YSR)",Canada,8,8, Damaged beyond repair,-,de Havilland Canada DHC-6 Twin Otter 300,2,Pratt & Whitney Canada PT6A-27,1970,-,-, C-FABW, 278,Kenn Borek Air,Domestic Non Scheduled Passenger,-,Pond Inlet Airport,YIO,CYIO,Canada,Nanisivik Airport,YSR,CYSR,Canada,2,6,2,6,-,-,-
19771223-0,Friday,23-DEC-1977,-,A1, Unknown (UNK),near Ekimchan,Russia,-,0, Damaged beyond repair,-,Antonov An-2R,-,-,-,-,-, CCCP-02708, 1G124-14,Aeroflot / Far East,Unknown,-,-,-,-,-,-,-,-,-,-,-,0,0,-,-,-
19771225-0,Sunday,25-DEC-1977,-,H2, Unknown (UNK),"Atlanta, GA",United States of America,36,0, Unknown,-,McDonnell Douglas DC-9,-,-,-,-,-, registration unknown,-,Eastern Air Lines,Domestic Scheduled Passenger,EA668,Miami International Airport,MIA,KMIA,United States of America,Indianapolis International Airport,IND,KIND,United States of America,-,-,0,0,-,-,-
19771228-0,Wednesday,28-DEC-1977,-,A1, Takeoff (TOF),"Manaus, AM",Brazil,9,0, Damaged beyond repair,-,Grumman M-16 Albatross (HU-16),-,-,-,-,-, 6541, G-51,Brazilian AF,Military,-,Manaus Air Base,PLL,SBMN,Brazil,-,-,-,-,-,-,0,0,-,-,-
19771229-0,Thursday,29-DEC-1977,-,A1, En route (ENR),near Cuenca,Ecuador,24,24, Damaged beyond repair,-,Vickers 764D Viscount,-,-,1956,-,-, HC-BEM, 183,SAN,Domestic Scheduled Passenger,-,Guayaquil-Simon Bolivar Airport,GYE,SEGU,Ecuador,Cuenca Airport,CUE,SECU,Ecuador,4,20,4,20,-,-,-
19771230-0,Friday,30-DEC-1977,-,O1, Standing (STD),"Kenora Airport, ON (YQK)",Canada,0,0, Damaged beyond repair,-,de Havilland Canada DHC-6 Twin Otter 300,2,Pratt & Whitney Canada PT6A-27,1971,-,-, C-FTVP, 335,NorOntair,Unknown,-,-,-,-,-,-,-,-,-,0,0,0,0,-,-,-
19771231-1,Saturday,31-DEC-1977,09:40,A1, Approach (APR),"Toksook Bay, AK",United States of America,2,0, Damaged beyond repair,-,Shorts SC.7 Skyvan 3-200,2,Garrett TPE331-2-201A,1968,-,-, N64AC, SH.1849,Gifford Aviation,Cargo,-,Bethel Airport,BET,PABE,United States of America,Toksook Bay Airport,OOK,PAOO,United States of America,2,0,0,0,-,-,Final
19779999-0,-,xx-xxx-1977,-,U1, Unknown (UNK),at an unknown location,Unknown country,-,-, Damaged beyond repair,-,CASA C-212 Aviocar 100,-,-,1975,-,-, 123, 44,Jordanian AF,Military,-,-,-,-,-,-,-,-,-,-,-,-,-,-,-,-
19779999-1,-,xx-xxx-1977,-,U1, Unknown (UNK),within South Carolina,United States of America,-,0, Damaged beyond repair,-,Douglas DC-7CF,-,-,1956,-,-, N73675, 44878/681,Consolidated Air,Unknown,-,-,-,-,-,-,-,-,-,-,-,0,0,-,-,-
19779999-2,-,XX-XXX-1977,-,O1, Standing (STD),at an unknown location,Unknown country,-,-, Damaged beyond repair,-,Antonov An-2R,-,-,-,-,-, SP-WML, 1G156-26,ZUA,-,-,-,-,-,-,-,-,-,-,-,-,-,-,-,-,-
19779999-3,-,XX-XXX-1977,-,A1, Unknown (UNK),at an unknown location,Poland,-,-, Damaged beyond repair,-,Antonov An-2R,-,-,-,-,-, SP-WCA, 1G105-50,WSK Okecie,Unknown,-,-,-,-,-,-,-,-,-,-,-,-,-,-,-,-
19779999-6,-,xx-xxx-1977,-,A1, Landing (LDG),Lugansk Airport (VSG),Ukraine,-,0, Damaged beyond repair,-,Tupolev Tu-124Sh,-,-,1963,-,-, 53 red, 3350105,Soviet AF,Military,-,-,-,-,-,Lugansk Airport,VSG,UKCW,Ukraine,-,-,0,0,-,-,-
