identifiant,week_day,date,time,type_event,phase,location,country,total_occupants,total_fatalities,aircraft_damage,aircraft_fate,type_aircraft,number_engines,type_engines,first_flight,cycles,total_airframe_hours,registration,c_n_msn,operator,nature,flight_number,departure_airport_name,departure_airport_IATA,departure_airport_ICAO,departure_airport_country,destination_airport_name,destination_airport_IATA,destination_airport_ICAO,destination_airport_country,crew_number,passengers_number,crew_fatalities,passengers_fatalities,collision_casualties,ground_casualties,status
19491104-0,Friday,04-NOV-1949,21:34,A1, Approach (APR),"Akron/Canton Airport, OH (CAK)",United States of America,3,3, Damaged beyond repair,-,Douglas R4D-1 (DC-3),2,Pratt & Whitney R-1830,1942,-,1965.0, NC29086, 4304,Harrington's Inc,Cargo,-,Philadelphia-North Philadelphia Airport,PNE,KPNE,United States of America,-,-,-,-,3,0,3,0,-,-,Final
19491104-1,Friday,04-NOV-1949,-,A1, Takeoff (TOF),"Calgary Municipal Airport, AB (YYC)",Canada,8,0, Damaged beyond repair,-,Lockheed 18-08A Lodestar,-,-,1941,-,-, CF-TCU, 18-2060,Pacific Petroleum,Passenger,-,Calgary Municipal Airport,YYC,CYYC,Canada,-,-,-,-,-,-,0,0,-,-,-
19491104-2,Friday,04-NOV-1949,-,A1, Initial climb (ICL),"11 km (6.9 mls) S of Shreveport-Barksdale AFB, LA (BAD)",United States of America,9,1, Damaged beyond repair,-,Fairchild C-82A Packet,-,-,-,-,-, 44-22996, 10040,USAF,Military,-,Shreveport-Barksdale AFB,BAD,KBAD,United States of America,-,-,-,-,-,-,1,0,-,1,-
19491107-0,Monday,07-NOV-1949,-,U1, Unknown (UNK),Tripoli-Castel Benito Airport (TIP),Libya,-,-, Damaged beyond repair,-,Avro 691 Lancastrian C.1,-,-,-,-,-, G-AGMM, 1192,BOAC,Unknown,-,-,-,-,-,-,-,-,-,-,-,-,-,-,-,-
19491108-0,Tuesday,08-NOV-1949,-,A1, En route (ENR),120 km (75 mls) from  Mengzi,China,-,-, Damaged beyond repair,-,Douglas C-47B-20-DK (DC-3),-,-,1945,-,-, XT-805, 27167/15722,Civil Air Transport,Cargo,-,-,-,-,-,Haiphong-Cat Bi Airport,HPH,VVCI,Vietnam,-,-,-,-,-,-,-
19491111-0,Friday,11-NOV-1949,-,U1, Unknown (UNK),Las Piedros,Venezuela,-,-, Damaged beyond repair,-,Curtiss C-46,-,-,-,-,-, YV-C-AQG,-,T.A. Transandino,Unknown,-,-,-,-,-,-,-,-,-,-,-,-,-,-,-,-
19491113-0,Sunday,13-NOV-1949,-,A1, Unknown (UNK),Lanywa,Myanmar,-,-, Damaged beyond repair,-,Douglas C-47A-25-DK (DC-3),-,-,1944,-,-, UBT-705, 13512,Burmese AF,Unknown,-,-,-,-,-,-,-,-,-,-,-,-,-,-,-,-
19491115-1,Tuesday,15-NOV-1949,-,A1, Landing (LDG),Nairobi-Civil Airport,Kenya,-,0, Damaged beyond repair,-,Avro 685 York C.1,4,Rolls-Royce Merlin,-,-,-, MW297,-,RAF,Military,-,-,-,-,-,-,-,-,-,-,-,0,0,-,-,-
19491117-0,Thursday,17-NOV-1949,-,A1, Unknown (UNK),Yangon-Mingaladon Airport (RGN),Myanmar,-,-, Damaged beyond repair,-,Douglas C-47A-90-DL (DC-3),-,-,1944,-,-, HS-TA180, 20583,Trans Asiatic Airlines,Unknown,-,-,-,-,-,-,-,-,-,-,-,-,-,-,-,-
19491119-0,Saturday,19-NOV-1949,10:11,A2, Approach (APR),"Detroit, MI",United States of America,2,2, Substantial, Repaired,Douglas C-47A-90-DL (DC-3),2,Pratt & Whitney R-1830,1944,-,3416.0, NC54337, 20136,Meteor Air Transport,Cargo, 959,Dunkirk Airport,DKK,KDKK,United States of America,Detroit City Airport,DET,KDET,United States of America,2,0,2,0,-,1,Final
19491120-0,Sunday,20-NOV-1949,16:56,A1, Approach (APR),"31,5 km (19.7 mls) S of Oslo-Fornebu Airport (FBU)",Norway,35,34, Destroyed, Written off (damaged beyond repair),Douglas C-47A-25-DK (DC-3),2,Pratt & Whitney R-1830-92,1944,-,1697.0, PH-TFA, 13462,Aero Holland,Int'l Non Scheduled Passenger,-,Brussel-Zaventem Airport,BRU,EBBR,Belgium,Oslo-Fornebu Airport,FBU,ENFB,Norway,4,31,4,30,-,-,Final
19491120-1,Sunday,20-NOV-1949,-,A1, Takeoff (TOF),Seletar Island,Singapore,12,5, Damaged beyond repair,-,Short Sunderland GR.5,-,-,-,-,-, NJ176,-,RAF,Military,-,Singapore-Seletar Airport,XSP,WSSL,Singapore,Hong Kong-Kai Tak RAF Station,HKG,VHHH,Hong Kong,8,4,2,3,-,-,-
19491124-0,Thursday,24-NOV-1949,-,A1, Landing (LDG),Menorca-Mahón Airport (MAH),Spain,26,0, Damaged beyond repair,-,Bristol 170 Freighter 21E,-,-,-,-,-, EC-ADK, 12777,Aviaco,Domestic Scheduled Passenger,-,Barcelona-El Prat Airport,BCN,LEBL,Spain,Menorca-Mahón Airport,MAH,LEMH,Spain,4,22,0,0,-,-,-
19491126-0,Saturday,26-NOV-1949,-,A1, En route (ENR),Páramo Bogueche,Colombia,12,12, Damaged beyond repair,-,Douglas C-47 (DC-3),-,-,-,-,-, HK-305,-,LANSA,Domestic Scheduled Passenger,-,-,-,-,-,Cúcuta-Camilo Daza Airport,CUC,SKCC,Colombia,3,9,3,9,-,-,-
19491127-0,Sunday,27-NOV-1949,-,C1, Unknown (UNK),near Dong Khe,Vietnam,10,10, Damaged beyond repair,-,Douglas C-47B-5-DK (DC-3),2,Pratt & Whitney R-1830-90C,1944,-,-, F-OABJ, 25874/14429,Aigle Azur,Passenger,-,-,-,-,-,-,-,-,-,-,-,-,-,-,-,-
19491128-0,Monday,28-NOV-1949,16:45,A1, Approach (APR),near Saint-Just-Chaleyssin,France,38,5, Damaged beyond repair,-,Douglas C-54A-15-DC (DC-4),-,-,1944,-,-, F-BELO, 10391,Air France,Domestic Scheduled Passenger,-,Paris-Orly Airport,ORY,LFPO,France,Lyon-Bron Airport,LYN,LFLY,France,5,33,4,1,-,-,-
19491128-1,Monday,28-NOV-1949,-,A1, Takeoff (TOF),Deversoir RAF Station,Egypt,-,0, Damaged beyond repair,-,Vickers Valetta C.1,2,Bristol Hercules 230,1948,-,-, VW160, 330,RAF,Military,-,-,-,-,-,-,-,-,-,-,-,0,0,-,1,-
19491129-0,Tuesday,29-NOV-1949,05:49,A1, Approach (APR),"Dallas-Love Field, TX (DAL)",United States of America,46,28, Damaged beyond repair,-,Douglas DC-6,4,Pratt & Whitney R-2800-34,1947,-,5260.0, N90728, 42895/58,American Airlines,Domestic Scheduled Passenger,AA157,Washington-National Airport,DCA,KDCA,United States of America,Dallas-Love Field,DAL,KDAL,United States of America,5,41,2,26,-,-,Final
19491199-0,-,xx-NOV-1949,-,A1, Landing (LDG),"Villa Cisneros, Western Sahara (VIL)",Morocco,17,0, Substantial, Repaired,Savoia-Marchetti SM-95C,-,-,1949,-,-, I-LATI, 17,LATI,Passenger,-,-,-,-,-,Dakhla (Villa Cisneros),VIL,GMMH,Morocco,5,12,0,0,-,-,-
19491201-0,Thursday,01-DEC-1949,13:00,A1, En route (ENR),"Ribeirão Claro, PR",Brazil,22,20, Damaged beyond repair,-,Douglas C-47-DL (DC-3),2,Pratt & Whitney R-1830-92,1942,-,-, PP-YPM, 4241,REAL,Domestic Scheduled Passenger,-,São Paulo-Congonhas Airport,CGH,SBSP,Brazil,-,-,-,-,4,18,4,16,-,-,-
19491202-0,Friday,02-DEC-1949,-,A1, Landing (LDG),Muntok Bay,Indonesia,11,6, Damaged beyond repair,-,Boeing-Canada PB2B-1 Canso B,-,-,1943,-,-, PK-AKC, 22009,Bataafse Petroleum Mij.,Survey/research,-,-,-,-,-,-,-,-,-,5,6,4,2,-,-,-
19491204-0,Sunday,04-DEC-1949,-,A1, En route (ENR),Guangxi province,China,5,0, Damaged beyond repair,-,Curtiss C-46 Commando,-,-,-,-,-, registration unknown,-,Civil Air Transport,Cargo,-,Hong Kong-Kai Tak International Airport,HKG,VHHH,Hong Kong,Kunming-Wujiaba Airfield,KMG,ZPPP,China,5,0,0,0,-,-,-
19491207-0,Wednesday,07-DEC-1949,17:15,A1, En route (ENR),"10 km (6.3 mls) E of Vallejo, CA",United States of America,9,9, Damaged beyond repair,-,Douglas C-47A-1-DL (DC-3),2,Pratt & Whitney R-1830-65,1943,-,7722.0, NC60256, 9201,California Arrow Airlines,Domestic Scheduled Passenger,-,Oakland Municipal Airport,OAK,KOAK,United States of America,-,-,-,-,3,6,3,6,-,-,Final
19491209-0,Friday,09-DEC-1949,-,A1, Unknown (UNK),near Lanzhou,China,38,38, Damaged beyond repair,-,Curtiss C-46D-20-CU Commando,-,-,1945,-,-, XT-820, 22354,Civil Air Transport,Passenger,-,-,-,-,-,-,-,-,-,-,-,-,-,-,-,-
19491209-1,Friday,09-DEC-1949,-,H2, En route (ENR),Beograd-Dojno Polje Airport,Serbia,25,1, None,-,Douglas DC-3,-,-,-,-,-, registration unknown,-,TARS,Domestic Scheduled Passenger,-,Sibiu Airport,SBZ,LRSB,Romania,Bucharest-Baneasa Airport,BBU,LRBS,Romania,5,20,0,1,-,-,-
19491209-2,Friday,09-DEC-1949,-,A1, En route (ENR),off Baja California,Mexico,8,8, Missing, Presumed damaged beyond repair,Douglas C-47 (DC-3),-,-,-,-,-, registration unknown,-,Unknown,Cargo,-,-,-,-,-,Ensenada Airport,ESE,MMES,Mexico,-,-,-,-,-,-,-
19491210-0,Saturday,10-DEC-1949,-,A1, Unknown (UNK),Haikou,China,40,17, Damaged beyond repair,-,Curtiss C-46D-20-CU Commando,-,-,1945,-,-, XT-814, 22347,Civil Air Transport,Passenger,-,Chengdu Airport,CTU,ZUUU,China,Haikou Airport,HAK,ZGHK,China,-,-,-,-,-,-,-
19491212-0,Monday,12-DEC-1949,20:41,A1, Approach (APR),"0,6 km (0.4 mls) SE off  Washington-National Airport, DC (DCA)",United States of America,23,6, Damaged beyond repair,-,Douglas DC-3-313A,2,Wright R-1820-G102A,1940,-,27396.0, NC25691, 2256,Capital Airlines,Domestic Scheduled Passenger, 500,Newport News/Williamsburg International Airport,PHF,KPHF,United States of America,Washington-National Airport,DCA,KDCA,United States of America,3,20,2,4,-,-,Final
19491212-1,Monday,12-DEC-1949,-,A1, En route (ENR),Jungshahi,Pakistan,26,26, Damaged beyond repair,-,Douglas C-53 (DC-3),-,-,1941,-,-, AP-ADI, 4841,Pakair,Domestic Scheduled Passenger,-,Lahore Airport,LHE,OPLA,Pakistan,Karachi International Airport,KHI,OPKC,Pakistan,4,22,4,22,-,-,-
19491216-0,Friday,16-DEC-1949,06:00,A1, En route (ENR),Orizaba,Mexico,17,17, Damaged beyond repair,-,Douglas DC-3A,-,-,1943,-,-, XA-DUK, 11721,Mexicana,Domestic Scheduled Passenger,-,Mexico City International Airport,MEX,MMMX,Mexico,Mérida-Rejon Airport,MID,MMMD,Mexico,4,13,4,13,-,-,-
19491216-1,Friday,16-DEC-1949,-,H2, En route (ENR),Bornholm-Rønne Airport (RNN),Denmark,18,0, None,-,unknown,-,-,-,-,-, registration unknown,-,LOT,Domestic Scheduled Passenger,-,Lódz-Lublinek Airport,LCJ,EPLL,Poland,-,-,-,-,3,15,0,0,-,-,-
19491218-0,Sunday,18-DEC-1949,20:30,A1, En route (ENR),Aulnay-sous-Bois,France,8,8, Damaged beyond repair,-,Douglas C-47A-60-DL (DC-3),2,Pratt & Whitney R-1830-92,1943,-,-, OO-AUQ, 10241,Sabena,International Scheduled Passenger,-,Paris-Le Bourget Airport,LBG,LFPB,France,Brussel-Nationaal Airport,BRU,EBBR,Belgium,4,4,4,4,-,-,-
19491218-1,Sunday,18-DEC-1949,08:17,A2, Landing (LDG),"Chicago Municipal Airport, IL (MDW)",United States of America,31,0, Substantial, Repaired,Lockheed L-049-46 Constellation,-,-,1945,-,9512.0, NC86501, 2022,TWA,Domestic Scheduled Passenger, 154,San Francisco International Airport,SFO,KSFO,United States of America,Chicago-Midway Airport,MDW,KMDW,United States of America,5,26,0,0,-,-,Final
19491219-0,Monday,19-DEC-1949,-,A1, Unknown (UNK),"near Vitoria, ES",Brazil,6,6, Missing, Presumed damaged beyond repair,Douglas C-47A-30-DK Dakota III,-,-,1944,-,-, PP-AXG, 25295/13850,Aerovias Brasil,Training,-,Vitória-Goiabeiras Airport,VIX,SBVT,Brazil,Vitória-Goiabeiras Airport,VIX,SBVT,Brazil,3,3,3,3,-,-,-
19491221-0,Wednesday,21-DEC-1949,-,A1, Landing (LDG),Tiruchirappalli-Civil Airport (TRZ),India,24,0, Damaged beyond repair,-,Douglas C-47A-1-DK (DC-3),2,Pratt & Whitney R-1830-92,1943,-,-, VP-CAT, 11927,Air Ceylon,Domestic Scheduled Passenger,-,Jaffna-Kankesanturai Airport,JAF,VCCJ,Sri Lanka,Tiruchirappalli-Civil Airport,TRZ,VOTR,India,3,21,0,0,-,-,-
19491222-0,Thursday,22-DEC-1949,-,A1, En route (ENR),"near Edenton MCAS, NC",United States of America,-,0, Damaged beyond repair,-,Douglas R4D-7 (DC-3),-,-,1945,-,-, 39101, 32802/16054,US Navy,Military,-,-,-,-,-,-,-,-,-,-,-,0,0,-,-,-
19491223-0,Friday,23-DEC-1949,06:55,A1, Landing (LDG),Dakar-Yoff Airport (DKR),Senegal,13,0, Damaged beyond repair,-,Avro 691 Lancastrian C.3,-,-,-,-,-, I-AHBX, 1292,Alitalia,International Scheduled Passenger,-,Dakar-Yoff Airport,DKR,GOOY,Senegal,-,-,-,-,-,-,0,0,-,-,-
19491230-0,Friday,30-DEC-1949,-,A1, Unknown (UNK),Comilla,Bangladesh,3,0, Damaged beyond repair,-,Douglas C-54A-DO (DC-4),-,-,1943,-,-, VT-CYK, 3089,Bharat Airways,Cargo,-,Agartala-Singerbhil Airport,IXA,VEAT,India,Calcutta Airport,CCU,VECC,India,3,0,0,0,-,7,-
19491230-1,Friday,30-DEC-1949,05:30,A1, Initial climb (ICL),"8,5 km (5.3 mls) SE of Sverdlovsk-Koltsovo Airport (SVX)",Russia,6,3, Damaged beyond repair,-,Lisunov Li-2,-,-,1948,-,1194.0, CCCP-L4704, 18431304,Aeroflot / Moscow,Cargo,-,Sverdlovsk-Koltsovo Airport,SVX,USSS,Russia,Omsk Airport,OMS,UNOO,Russia,5,1,2,1,-,-,-
19499999-0,-,XX-XXX-1949,-,H2, Unknown (UNK),München-Riem Airport (MUC),Germany,-,0, Damaged beyond repair,-,Lisunov Li-2P,-,-,-,-,-, HA-LIE, 18423510,Maszovlet,Illegal Flight,-,-,-,-,-,-,-,-,-,-,-,0,0,-,-,-
19490530-0,Monday,30-MAY-1949,-,A1, Landing (LDG),"Stephenville-Ernest Harmon AFB, NL (YJT)",Canada,-,0, Damaged beyond repair,-,Douglas R5D-3 (C-54D),-,-,1945,-,-, 56532, 22152,US Navy,Military,-,-,-,-,-,Stephenville-Ernest Harmon AFB,YJT,CYJT,Canada,-,-,0,0,-,-,-
19490602-0,Thursday,02-JUN-1949,-,A1, Unknown (UNK),320 km (200 mls) N of Chongqing,China,3,3, Damaged beyond repair,-,Curtiss C-46,-,-,-,-,-, XT-520,-,Central Air Transport,Unknown,-,Guangzhou-Baiyun Airport,CAN,ZGGG,China,Chongqing-Jiangbei International Airport,CKG,ZUCK,China,3,0,3,0,-,-,-
19490603-0,Friday,03-JUN-1949,-,A1, Initial climb (ICL),"Miami International Airport, FL (MIA)",United States of America,3,0, Damaged beyond repair,-,Curtiss C-46D-15-CU Commando,-,-,1945,-,-, YV-C-ARE, 33483,RANSA,Unknown,-,Miami International Airport,MIA,KMIA,United States of America,Caracas Airport,CCS,SVMI,Venezuela,3,0,0,0,-,-,-
19490606-0,Monday,06-JUN-1949,-,A1, En route (ENR),30 km (18.8 mls) NE of Athens,Greece,22,22, Damaged beyond repair,-,Douglas C-47A-1-DK (DC-3),2,Pratt & Whitney R-1830-92,1943,-,-, SX-BAI, 12162,TAE,Domestic Scheduled Passenger,-,Kavala-Megas Alexandros Airport,KVA,LGKV,Greece,Athens-Hassani Airport,ATH,LGAT,Greece,4,18,4,18,-,-,-
19490606-1,Monday,06-JUN-1949,14:00,A1, En route (ENR),"ca 20 km E of Florianópolis, SC",Brazil,28,28, Damaged beyond repair,-,Douglas C-47B-50-DK (DC-3),2,Pratt & Whitney R-1830-90C,1945,-,-, 2023, 34365/17098,Brazilian AF,Military,-,Florianópolis Air Force Base,FLN,SBFL,Brazil,-,-,-,-,6,22,6,22,-,-,-
19490607-0,Tuesday,07-JUN-1949,00:25,A1, Initial climb (ICL),10 km (6.3 mls) W off  San Juan-Isla Grande Airport (SIG),Puerto Rico,81,53, Damaged beyond repair,-,Curtiss C-46D-5-CU Commando,2,Pratt & Whitney R-2800-51,1944,-,2002.0, NC92857, 30506,Strato-Freight,Domestic Non Scheduled Passenger,-,San Juan-Isla Grande Airport,SIG,TJIG,Puerto Rico,-,-,-,-,6,75,1,52,-,-,Final
19490609-1,Thursday,09-JUN-1949,-,A1, Unknown (UNK),"Osisko Lake, QC",Canada,-,-, Damaged beyond repair,-,Canadian Vickers PBV-1A Canso (PBY-5A),-,-,1943,-,-, CF-CRQ, CV-256,Canadian Pacific,Unknown,-,-,-,-,-,-,-,-,-,-,-,-,-,-,-,-
19490613-0,Monday,13-JUN-1949,-,A1, En route (ENR),"7,5 km (4.7 mls) from  Santa Monica, CA",United States of America,7,7, Damaged beyond repair,-,Douglas R4D-6 (DC-3),-,-,1944,-,-, 17279, 25924/14479,US Navy,Military,-,Mountain View-Moffett Field,NUQ,KNUQ,United States of America,Santa Monica-Clover Field,SMO,KSMO,United States of America,-,-,-,-,-,-,-
19490613-1,Monday,13-JUN-1949,-,A1, Landing (LDG),Kolunda,Israel,10,0, Damaged beyond repair,-,Douglas DC-3,-,-,-,-,-, registration unknown,-,El Al,Passenger,-,-,-,-,-,-,-,-,-,2,8,0,0,-,-,-
19490619-0,Sunday,19-JUN-1949,-,A1, En route (ENR),Neustadt,Germany,3,0, Damaged beyond repair,-,Avro 685 York C.1,4,Rolls-Royce Merlin,1945,-,-, G-ALBX, PC4494,Skyways,Unknown,-,-,-,-,-,-,-,-,-,3,0,0,0,-,-,-
19490619-1,Sunday,19-JUN-1949,-,C1, Taxi (TXI),off Luperón,Dominican Republic,-,4, Damaged beyond repair,-,Consolidated PBY-5 Catalina,-,-,-,-,-, N1096M, 56,La Legión Caribe,Military,-,-,-,-,-,-,-,-,-,-,-,4,0,-,-,-
19490622-0,Wednesday,22-JUN-1949,13:13,A1, Takeoff (TOF),"5,6 km (3.5 mls) ENE of Memphis Municipal Airport, TN (MEM)",United States of America,44,0, Damaged beyond repair,-,Convair CV-240-0,2,Pratt & Whitney R-2800,1949,-,-, N94266, 139,American Airlines,Domestic Scheduled Passenger,AA402,Memphis Municipal Airport,MEM,KMEM,United States of America,Washington-National Airport,DCA,KDCA,United States of America,3,41,0,0,-,-,Final
19490622-2,Wednesday,22-JUN-1949,-,A1, Unknown (UNK),unknown,Unknown country,-,-, Damaged beyond repair,-,Douglas C-47B-1-DK (DC-3),-,-,1944,-,-, 348283, 25544/14099,French AF,Military,-,-,-,-,-,-,-,-,-,-,-,-,-,-,-,-
19490623-0,Thursday,23-JUN-1949,10:55,A1, En route (ENR),"1,5 km (0.9 mls) off  Bari",Italy,33,33, Destroyed, Written off (damaged beyond repair),Lockheed L-749-79-33 Constellation,4,Wright R-3350 (749C18BD1) Cyclone,1947,-,-, PH-TER, 2541,KLM,International Scheduled Passenger,-,Cairo International Airport,CAI,HECA,Egypt,Amsterdam-Schiphol International Airport,AMS,EHAM,Netherlands,11,22,11,22,-,-,-
19490624-0,Friday,24-JUN-1949,-,A1, Unknown (UNK),Lord Howe Island,Australia,-,0, Damaged beyond repair,-,Boeing-Canada Catalina IVB (PBY-5A),-,-,-,-,-, VH-EAX, 61186,RAAF,Unknown,-,-,-,-,-,-,-,-,-,-,-,0,0,-,-,-
19490624-1,Friday,24-JUN-1949,-,A1, Landing (LDG),"Stephenville-Ernest Harmon AFB, NL (YJT)",Canada,-,0, Damaged beyond repair,-,Douglas R5D-4 (C-54E),-,-,1945,-,-, 90400, 27306,US Navy,Military,-,-,-,-,-,Stephenville-Ernest Harmon AFB,YJT,CYJT,Canada,-,-,0,0,-,-,-
19490625-0,Saturday,25-JUN-1949,-,A1, Landing (LDG),Berlin-Tempelhof Airport (THF),Germany,3,0, Damaged beyond repair,-,Douglas C-54E-1-DO Skymaster (DC-4),-,-,-,-,-, 44-9050, 27276,USAF,Military,-,Frankfurt-Rhein-Main AFB,FRF,EDAF,Germany,Berlin-Tempelhof Airport,THF,EDDI,Germany,3,0,0,0,-,-,-
19490626-0,Sunday,26-JUN-1949,-,A1, Landing (LDG),Berlin-R.A.F. Gatow Airport (GWW),Germany,3,0, Damaged beyond repair,-,Avro 691 Lancastrian C.4,-,-,-,-,-, G-AKFH, R3LB.485422,Skyways,Cargo,-,-,-,-,-,Berlin-R.A.F. Gatow Airport,GWW,EDBG,Germany,3,0,0,0,-,-,-
19490626-1,Sunday,26-JUN-1949,-,A1, Initial climb (ICL),Avraham,Israel,13,0, Destroyed, Written off (damaged beyond repair),Curtiss C-46A-50-CU Commando,2,Pratt & Whitney R-2800-51,1945,-,-, 4X-ACG, 30575,Israeli AF,Military,-,-,-,-,-,-,-,-,-,-,-,0,0,-,-,-
19490702-0,Saturday,02-JUL-1949,02:13,A1, Initial climb (ICL),"near Guildford Airport, WA (PER)",Australia,18,18, Damaged beyond repair,-,Douglas C-47A-20-DL (DC-3),2,Pratt & Whitney R-1830-92,1943,-,-, VH-MME, 9350,MacRobertson Miller Airlines,Domestic Scheduled Passenger,-,Guildford Airport,PER,YPPH,Australia,Darwin Airport,DRW,YPDN,Australia,4,14,4,14,-,-,-
19490702-1,Saturday,02-JUL-1949,-,A1, Standing (STD),Singapore-Seletar Airport (XSP),Singapore,-,0, Damaged beyond repair,-,Douglas Dakota IV (DC-3),2,Pratt & Whitney R-1830-90C,1945,-,-, KN303, 32556/15808,RAF,Military,-,-,-,-,-,-,-,-,-,-,-,0,0,-,-,-
19490709-0,Saturday,09-JUL-1949,-,A1, En route (ENR),"1,6 km (1 mls) W of Roanoke, IL",United States of America,4,3, Destroyed, Written off (damaged beyond repair),Lockheed 18-56-23 Lodestar,-,-,1943,-,-, NC10000, 18-2569,Fairbanks Morse and Company,Executive,-,-,-,-,-,Saint Louis-Lambert International Airport,STL,KSTL,United States of America,2,2,2,1,-,-,-
19490709-1,Saturday,09-JUL-1949,-,A1, En route (ENR),off Zaouit Massa,Morocco,18,18, Damaged beyond repair,-,Junkers Ju-52,-,-,-,-,-, 1036/32 S-1,-,French Navy,Military,-,-,-,-,-,Dakar-Yoff Airport,DKR,GOOY,Senegal,-,-,-,-,-,-,-
19490711-0,Monday,11-JUL-1949,-,A1, Takeoff (TOF),Hong Kong-Kai Tak International Airport (HKG),Hong Kong,11,0, Damaged beyond repair,-,Douglas C-47A-40-DL (DC-3),2,Pratt & Whitney R-1830-92,1943,-,-, VR-HDQ, 9863,Hong Kong Airways,International Scheduled Passenger,-,Hong Kong-Kai Tak International Airport,HKG,VHHH,Hong Kong,Guangzhou Airport,CAN,ZGGG,China,3,8,0,0,-,-,-
19490712-0,Tuesday,12-JUL-1949,07:43,A1, Approach (APR),"near Chatsworth, CA",United States of America,48,35, Damaged beyond repair,-,Curtiss C-46E-1-CS Commando,2,Pratt & Whitney R-2800-75-5E-8,1945,-,1515.0, N79978,  2936,Standard Airlines,Domestic Scheduled Passenger, 897R,Albuquerque Municipal Airport,ABQ,KABQ,United States of America,Hollywood-Lockheed Air Terminal,BUR,KBUR,United States of America,4,44,3,32,-,-,Final
19490712-1,Tuesday,12-JUL-1949,03:50,A1, Approach (APR),5 km (3.1 mls) ENE of Bombay-Santacruz Airport (BOM),India,45,45, Destroyed, Written off (damaged beyond repair),Lockheed L-749-79-33 Constellation,4,Wright R-3350 (749C18BD1) Cyclone,1947,-,3381.0, PH-TDF, 2558,KLM,Int'l Non Scheduled Passenger,-,Delhi-Palam Airport,DEL,VIDP,India,Bombay-Santacruz Airport,BOM,VABB,India,11,34,11,34,-,-,Final
19490712-2,Tuesday,12-JUL-1949,01:17,A1, En route (ENR),19 km (11.9 mls) W of Rathenow,Germany,3,3, Damaged beyond repair,-,Douglas C-54D-1-DC (DC-4),-,-,1945,-,-, 42-72476, 10581,USAF,Military,-,Celle RAF Station,ZCN,ETHC,Germany,Berlin-R.A.F. Gatow Airport,GWW,EDBG,Germany,3,0,3,0,-,-,-
19490714-0,Thursday,14-JUL-1949,-,A1, Takeoff (TOF),"Dayton-Wright Patterson AFB, OH (FFO)",United States of America,6,1, Damaged beyond repair,-,Fairchild EC-82A Packet,-,-,1946,-,-, 44-23014, 10058,USAF,Military,-,Dayton-Wright Patterson AFB,FFO,KFFO,United States of America,-,-,-,-,6,0,1,0,-,-,-
19490714-2,Thursday,14-JUL-1949,-,A1, Unknown (UNK),"Chicago, IL",United States of America,-,-, Damaged beyond repair,-,Douglas C-47A-1-DK (DC-3),-,-,1943,-,-, 42-92095, 11857,USAF,Military,-,-,-,-,-,-,-,-,-,-,-,-,-,-,-,-
19490716-0,Saturday,16-JUL-1949,-,A1, Takeoff (TOF),Berlin-Tegel Airport (TXL),Germany,5,5, Damaged beyond repair,-,Handley Page Hastings C.1,-,-,-,-,-, TG611, HP67/89,RAF,Military,-,Berlin-Tegel Airport,TXL,EDDT,Germany,-,-,-,-,5,0,5,0,-,-,-
19490716-1,Saturday,16-JUL-1949,-,A1, Unknown (UNK),near Mersa Matruh,Egypt,9,9, Damaged beyond repair,-,Douglas C-47B-10-DK (DC-3),-,-,1944,-,-, 349050, 26311/14866,French AF,Military,-,-,-,-,-,Nicosia Airport,NIC,LCNC,Cyprus,-,-,-,-,-,-,-
19490719-0,Tuesday,19-JUL-1949,21:01,A1, Takeoff (TOF),"Seattle-Boeing Field International Airport, WA (BFI)",United States of America,32,2, Damaged beyond repair,-,Curtiss C-46F-1-CU Commando,2,Pratt & Whitney R-2800-75,1945,-,255.0, N5075N, 22463,Air Transport Associates,Domestic Non Scheduled Passenger,-,Seattle-Boeing Field International Airport,BFI,KBFI,United States of America,-,-,-,-,4,28,0,2,-,1,Final
19490721-0,Thursday,21-JUL-1949,11:35,A1, En route (ENR),"near Marga, Nizhneudinsk district, Irkutsk region",Russia,14,13, Damaged beyond repair,-,Ilyushin Il-12P,-,-,1948,-,-, CCCP-L1714, 83012811,Aeroflot / Moscow,Domestic Scheduled Passenger,-,Krasnoyarsk Airport,KJA,UNKL,Russia,Irkutsk Airport,IKT,UIII,Russia,6,8,5,8,-,-,-
19490722-0,Friday,22-JUL-1949,20:55,A1, Unknown (UNK),off Agadir,Morocco,17,17, Damaged beyond repair,-,Consolidated PBY-5 Catalina,-,-,-,-,-, 46564/22-S3,-,French Navy,Military,-,-,-,-,-,-,-,-,-,-,-,-,-,-,-,-
19490730-0,Saturday,30-JUL-1949,10:30,A1, En route (ENR),"Chesterfield, NJ",United States of America,15,15, Damaged beyond repair,-,Douglas DC-3-201D,-,-,1940,-,37840.0, NC19963, 2260,Eastern Air Lines,Domestic Scheduled Passenger,EA557,New York-La Guardia Airport,LGA,KLGA,United States of America,Wilmington Airport,ILG,KILG,United States of America,3,12,3,12,1,-,Final
19490730-1,Saturday,30-JUL-1949,-,A1, Takeoff (TOF),Wunstorf RAF Station,Germany,-,0, Damaged beyond repair,-,Avro 685 York C.1,4,Rolls-Royce Merlin,-,-,-, MW145,-,RAF,Military,-,-,-,-,-,-,-,-,-,-,-,0,0,-,-,-
19490801-0,Monday,01-AUG-1949,-,A1, En route (ENR),near Naberezhniye Chelny,Russia,8,2, Damaged beyond repair,-,Lisunov Li-2,-,-,-,-,-, CCCP-L4354, 18428402 ?,Aeroflot / Northern,Domestic Scheduled Passenger,-,-,-,-,-,Kazan Airport,KZN,UWKD,Russia,4,4,2,0,-,-,-
19490802-0,Tuesday,02-AUG-1949,-,A1, En route (ENR),"Jaquirana, RS",Brazil,36,5, Damaged beyond repair,-,Curtiss C-46D-10-CU Commando,-,-,1945,-,-, PP-VBI, 33100,Varig,Domestic Scheduled Passenger,-,São Paulo-Congonhas Airport,CGH,SBSP,Brazil,Porto Alegre Airport,POA,SBPA,Brazil,6,30,1,4,-,-,-
19490803-0,Wednesday,03-AUG-1949,-,A1, Unknown (UNK),"off Joinville, SC",Brazil,15,0, Damaged beyond repair,-,Douglas C-47A-45-DL (DC-3),2,Pratt & Whitney R-1830-92,1943,-,-, PP-AJB, 9971,L.A. Brasileiras,Domestic Scheduled Passenger,-,-,-,-,-,Joinville-Cubatao Airport,JOI,SBJV,Brazil,4,11,0,0,-,-,-
19490806-0,Saturday,06-AUG-1949,-,A1, Unknown (UNK),near Salasaca Hill,Ecuador,34,34, Damaged beyond repair,-,Bristol 170 Freighter 21,-,-,1946,-,-, HC-SBU, 12739,Shell Ecuador,Domestic Non Scheduled Passenger,-,Pastaza-Shell Mera Airport,PTZ,SESM,Ecuador,Ambato-Chachoan Airport,ATF,SEAM,Ecuador,3,31,3,31,-,-,-
19490807-0,Sunday,07-AUG-1949,17:09,A2, Approach (APR),"Milwaukee, WI",United States of America,23,0, Substantial, Repaired,Douglas DC-3A,-,-,1943,-,12617.0, NC45379, 11776,Capital Airlines,Domestic Scheduled Passenger,  19,Muskegon Airport,MKG,KMKG,United States of America,Milwaukee-General Mitchell Airport,MKE,KMKE,United States of America,3,20,0,0,1,-,Final
19490809-0,Tuesday,09-AUG-1949,-,A1, Approach (APR),near Salalah Airport (SLL),Oman,12,12, Damaged beyond repair,-,Douglas Dakota IV (DC-3),2,Pratt & Whitney R-1830-90C,1945,-,-, KN336, 32649/15901,RAF,Military,-,-,-,-,-,Salalah Airport,SLL,OOSA,Oman,-,-,-,-,-,-,-
19490810-0,Wednesday,10-AUG-1949,-,A1, Unknown (UNK),Rurrenabaque,Bolivia,-,-, Damaged beyond repair,-,Curtiss C-46A-60-CK Commando,2,Pratt & Whitney R-2800-51,1945,-,-, CB-37,   433,LAB,Unknown,-,-,-,-,-,-,-,-,-,-,-,-,-,-,-,-
19490811-0,Thursday,11-AUG-1949,21:17,A1, Landing (LDG),"Portland Airport, ME (PWM)",United States of America,28,0, Damaged beyond repair,-,Convair CV-240-13,-,-,1949,-,506.0, NC91241, 161,Northeast Airlines,Domestic Scheduled Passenger, 812A,Boston Commonwealth Airport,BOS,KBOS,United States of America,Portland Airport,PWM,KPWM,United States of America,3,25,0,0,-,-,Final
19490813-0,Saturday,13-AUG-1949,-,A1, En route (ENR),near Bojacá,Colombia,32,32, Damaged beyond repair,-,Douglas C-47 (DC-3),-,-,-,-,-, HK-1200,-,SAETA,Domestic Scheduled Passenger,-,-,-,-,-,Ibagué-Perales Airport,IBE,SKIB,Colombia,3,29,3,29,-,-,-
19490814-1,Sunday,14-AUG-1949,-,A1, Initial climb (ICL),near Ankara,Turkey,7,7, Damaged beyond repair,-,Douglas C-47A-25-DK (DC-3),2,Pratt & Whitney R-1830-92,1944,-,-, 6063, 13737,Turkish AF,Military,-,Ankara-Etimesgut Airport,ANK,LTAD,Turkey,-,-,-,-,3,4,3,4,-,-,-
19490815-0,Monday,15-AUG-1949,02:40,A1, En route (ENR),13 km (8.1 mls) NW off  Lurga Point,Ireland,58,8, Damaged beyond repair,-,Douglas C-54A-DO (DC-4),4,Pratt & Whitney R-2000,1943,-,-, N79998, 3076,Transocean Air Lines,Int'l Non Scheduled Passenger,-,Roma-Ciampino Airport,CIA,LIRA,Italy,Shannon Airport,SNN,EINN,Ireland,9,49,1,7,-,-,Final
19490815-1,Monday,15-AUG-1949,-,A1, Unknown (UNK),near Paris,France,-,-, Damaged beyond repair,-,Lockheed 18-56-23 Lodestar,-,-,1943,-,-, 4X-ACL, 18-2486,Israeli AF,Military,-,-,-,-,-,-,-,-,-,-,-,-,-,-,-,-
19490816-0,Tuesday,16-AUG-1949,-,A1, Takeoff (TOF),Putla,Mexico,2,0, Damaged beyond repair,-,Ford 5-AT-C Tri-Motor,3,Pratt & Whitney R-1340 Wasp,1929,-,-, XA-GIJ, 5-AT-75,LAGOSA,Cargo,-,-,-,-,-,-,-,-,-,2,0,0,0,-,-,-
19490816-1,Tuesday,16-AUG-1949,-,A2, Landing (LDG),"Toronto-Malton Airport, ON (YYZ)",Canada,-,0, Substantial, Repaired,Avro Canada C102 Jetliner,4,Rolls-Royce Derwent 5/17,1949,-,-, CF-EJD-X, 1,Avro Canada,Test,-,Toronto-Malton Airport,YYZ,CYYZ,Canada,Toronto-Malton Airport,YYZ,CYYZ,Canada,-,0,0,0,-,-,-
19490819-0,Friday,19-AUG-1949,13:02,A1, En route (ENR),24 km (15 mls) NE of Manchester-Ringway Airport (MAN),United Kingdom,32,24, Damaged beyond repair,-,Douglas Dakota III (DC-3),2,Pratt & Whitney R-1830-92,1944,-,-, G-AHCY, 12355,BEA,Domestic Scheduled Passenger,-,-,-,-,-,Manchester-Ringway Airport,MAN,EGCC,United Kingdom,3,29,3,21,-,-,-
19490820-0,Saturday,20-AUG-1949,17:30,A1, En route (ENR),"near Polukotelnikovo, Kursk region",Russia,11,8, Damaged beyond repair,-,Ilyushin Il-12,-,-,1948,-,553.0, CCCP-L1434, 30266,Aeroflot / Georgia,Domestic Scheduled Passenger,-,Kharkov Airport,HRK,UKHH,Ukraine,-,-,-,-,5,6,3,5,-,-,-
19490821-0,Sunday,21-AUG-1949,-,A1, Approach (APR),Lao Kay,Vietnam,-,3, Damaged beyond repair,-,Amiot AAC.1 (Junkers Ju-52),-,-,-,-,-, F-BANQ, AAC151,CATI,Unknown,-,-,-,-,-,-,-,-,-,-,-,2,1,-,-,-
19490821-1,Sunday,21-AUG-1949,-,A1, En route (ENR),"Bigstone Lake, MB",Canada,21,21, Damaged beyond repair,-,Canadian Vickers PBV-1A Canso A (PBY-5A),-,-,1944,-,-, 11057, CV-363,RCAF,Military,-,Churchill Airport,YYQ,CYYQ,Canada,Winnipeg International Airport,YWG,CYWG,Canada,7,14,7,14,-,-,-
19490822-0,Monday,22-AUG-1949,-,A1, Unknown (UNK),near Laghouat,Algeria,4,1, Damaged beyond repair,-,Douglas C-47A-75-DL (DC-3),2,Pratt & Whitney R-1830-92,1944,-,-, F-BEFK, 19471,STAAP,Unknown,-,Algiers-Maison Blanche Airport,ALG,DAAG,Algeria,Gao Airport,GAQ,GAGO,Mali,4,0,1,0,-,-,-
19490825-0,Thursday,25-AUG-1949,05:14,A1, En route (ENR),31 km (19.4 mls) S of Kabansk,Russia,14,14, Damaged beyond repair,-,Ilyushin Il-12P,-,-,1949,-,92.0, CCCP-L1844, 93013514,Aeroflot / International,Domestic Non Scheduled Passenger,-,Krasnoyarsk Airport,KJA,UNKL,Russia,Chita Airport,HTA,UIAA,Russia,5,9,5,9,-,-,-
19490827-0,Saturday,27-AUG-1949,-,A1, Initial climb (ICL),Léopoldville,Democratic Republic of the Congo,20,5, Damaged beyond repair,-,Douglas C-47B-5-DK (DC-3),2,Pratt & Whitney R-1830-90C,1944,-,-, OO-CBK, 26045/14600,Sabena,Domestic Scheduled Passenger,-,Léopoldville-N'Djili Airport,FIH,FZAA,Democratic Republic of the Congo,Elizabethville Airport,FBM,FZQA,Democratic Republic of the Congo,3,17,3,2,-,-,-
19490827-1,Saturday,27-AUG-1949,-,A1, Unknown (UNK),"Rose Bay, Sydney, NSW",Australia,-,-, Damaged beyond repair,-,Boeing-Canada Catalina IVB (PBY-5A),-,-,-,-,-, VH-EAW, 61159,RAAF,Unknown,-,-,-,-,-,-,-,-,-,-,-,-,-,-,-,-
19490828-1,Sunday,28-AUG-1949,-,C1, Standing (STD),Cochabamba Airport (CBB),Bolivia,0,0, Damaged beyond repair,-,Douglas C-47 (DC-3),-,-,-,-,-, CB-33,-,LAB,-,-,-,-,-,-,-,-,-,-,0,0,0,0,-,-,-
19490829-0,Monday,29-AUG-1949,-,A1, Landing (LDG),North Luffenham RAF Station,United Kingdom,-,0, Damaged beyond repair,-,Douglas Dakota IV (DC-3),2,Pratt & Whitney R-1830-90C,1945,-,-, KN544, 33149/16401,RAF,Military,-,-,-,-,-,-,-,-,-,-,-,0,0,-,-,-
19490831-0,Wednesday,31-AUG-1949,-,A1, Unknown (UNK),"Ituzaingó, BA",Argentina,4,0, Damaged beyond repair,-,Bristol 170 Freighter IA,-,-,1946,-,-, T-39, 12768,Argentine AF,Military,-,-,-,-,-,-,-,-,-,4,0,0,0,-,-,-
19490901-0,Thursday,01-SEP-1949,-,A1, Takeoff (TOF),El Tuito,Mexico,16,1, Damaged beyond repair,-,Douglas DC-3,2,Pratt & Whitney R-1830-92,1942,-,-, XA-GAO,-,TAJ,Passenger,-,-,-,-,-,Puerto Vallarta Airport,PVR,MMPR,Mexico,3,13,0,1,-,-,-
19490902-1,Friday,02-SEP-1949,-,A1, En route (ENR),"17 km (10.6 mls) E off  Anchorage, AK",United States of America,7,7, Damaged beyond repair,-,Douglas C-47D (DC-3),-,-,1944,-,-, 43-48713, 25974/14529,USAF,Military,-,Anchorage-Elmendorf AFB,EDF,PAED,United States of America,-,-,-,-,7,0,7,0,-,-,-
19490903-0,Saturday,03-SEP-1949,22:40,A1, En route (ENR),"3 km (1.9 mls) N of Collinsville, CA",United States of America,8,2, Damaged beyond repair,-,Fairchild C-82A Packet,-,-,-,-,-, 45-57823, 10193,USAF,Military,-,-,-,-,-,Alameda NAS,NGZ,KNGZ,United States of America,-,-,2,0,-,-,-
19490905-0,Monday,05-SEP-1949,-,A1, Initial climb (ICL),2 km (1.3 mls) NW of Kazan-Borisoglebskoye Airport,Russia,12,0, Damaged beyond repair,-,Lisunov Li-2,-,-,1944,-,2237.0, CCCP-I772, 18417805,MAP Omsk Aviation Plant,Ferry/positioning,-,-,-,-,-,Shcherbakov Airport,RYB,UUBK,Russia,5,7,0,0,-,-,-
19490906-0,Tuesday,06-SEP-1949,-,C1, Unknown (UNK),Sucre,Bolivia,-,-, Damaged beyond repair,-,Lockheed 18-10 Lodestar,-,-,1941,-,-, CB-26, 18-2098,LAB,Unknown,-,-,-,-,-,-,-,-,-,-,-,-,-,-,-,-
19490907-0,Wednesday,07-SEP-1949,-,A1, En route (ENR),N of Taiping,Malaysia,3,3, Damaged beyond repair,-,Douglas Dakota IV (DC-3),2,Pratt & Whitney R-1830-90C,1945,-,-, KN536, 33107/16359,RAF,Military,-,-,-,-,-,-,-,-,-,3,0,3,0,-,-,-
19490909-0,Friday,09-SEP-1949,10:45,C1, En route (ENR),"Sault-aux-Cochon, QC",Canada,23,23, Damaged beyond repair,-,Douglas C-47-DL (DC-3),2,Pratt & Whitney R-1830-92,1942,-,-, CF-CUA, 4518,Canadian Pacific,Domestic Scheduled Passenger,-,Quebec Airport,YQB,CYQB,Canada,Baie Comeau Airport,YBC,CYBC,Canada,4,19,4,19,-,-,-
19490912-0,Monday,12-SEP-1949,-,C1, Standing (STD),Santa Cruz-El Trompillo Airport (SRZ),Bolivia,0,0, Damaged beyond repair,-,Lockheed 18-10 Lodestar,-,-,1941,-,-, CB-26, 18-2098,LAB,-,-,-,-,-,-,-,-,-,-,0,0,0,0,-,-,-
19490913-0,Tuesday,13-SEP-1949,-,A1, Takeoff (TOF),Anisakan,Myanmar,-,0, Damaged beyond repair,-,Douglas C-47A-30-DK (DC-3),2,Pratt & Whitney R-1830-92,1944,-,-, VR-HDW, 25430/13985,Cathay Pacific,Scheduled Passenger,-,-,-,-,-,-,-,-,-,-,-,0,0,-,-,-
19490913-1,Tuesday,13-SEP-1949,-,A1, Takeoff (TOF),Netheravon RAF Station,United Kingdom,-,0, Damaged beyond repair,-,Douglas Dakota IV (DC-3),2,Pratt & Whitney R-1830-90C,1944,-,-, KJ865, 25804/14359,RAF,Military,-,-,-,-,-,-,-,-,-,-,-,0,0,-,-,-
19490913-2,Tuesday,13-SEP-1949,-,A1, Unknown (UNK),unknown,Unknown country,-,-, Damaged beyond repair,-,Douglas Dakota IV (DC-3),2,Pratt & Whitney R-1830-90C,1945,-,-, KN323, 32629/15881,RAF,Military,-,-,-,-,-,-,-,-,-,-,-,-,-,-,-,-
19490913-3,Tuesday,13-SEP-1949,-,A1, Landing (LDG),"Barter Island Airport, AK (BTI)",United States of America,5,5, Damaged beyond repair,-,Douglas C-47D (DC-3),-,-,1944,-,-, 43-49123, 26384/14939,USAF,Military,-,-,-,-,-,Barter Island Airport,BTI,PABA,United States of America,5,0,5,0,-,-,-
19490916-0,Friday,16-SEP-1949,-,H2, En route (ENR),Nyköping-F11 AFB(NYO),Sweden,20,0, None,-,Lisunov Li-2,-,-,-,-,-, registration unknown,-,LOT,Domestic Scheduled Passenger,-,-,-,-,-,Lódz-Lublinek Airport,LCJ,EPLL,Poland,-,-,0,0,-,-,-
19490916-1,Friday,16-SEP-1949,-,A1, En route (ENR),at an unknown location,Unknown country,-,0, Damaged beyond repair,-,Avro 691 Lancastrian C.2,-,-,-,-,-, VM730,-,RAF,Military,-,-,-,-,-,-,-,-,-,-,-,0,0,-,-,-
19490920-0,Tuesday,20-SEP-1949,04:05,A1, En route (ENR),12 km (7.5 mls) N of Savasleyka,Russia,4,3, Damaged beyond repair,-,Ilyushin Il-12,-,-,1948,-,550.0, CCCP-L1462, 8302604,Aeroflot / Kazakstan,Cargo,-,-,-,-,-,Sverdlovsk-Koltsovo Airport,SVX,USSS,Russia,4,0,3,0,-,-,-
19490926-0,Monday,26-SEP-1949,-,A1, En route (ENR),Mount Popocatepetl,Mexico,24,24, Damaged beyond repair,-,Douglas DC-3A,-,-,1943,-,-, XA-DUH, 11725,Mexicana,Domestic Scheduled Passenger,-,Oaxaca Airport,OAX,MMOX,Mexico,Mexico City-Benito Juárez International Airport,MEX,MMMX,Mexico,3,21,3,21,-,-,-
19490926-1,Monday,26-SEP-1949,-,A1, Unknown (UNK),Beacon Hill,United Kingdom,3,3, Damaged beyond repair,-,Handley Page Hastings C.1,-,-,1947,-,-, TG499, HP67/3,RAF,Military,-,-,-,-,-,-,-,-,-,3,0,3,0,-,-,-
19490927-0,Tuesday,27-SEP-1949,-,A1, En route (ENR),"near Castilla, BA",Argentina,27,5, Damaged beyond repair,-,Douglas C-54A-1-DO (DC-4),-,-,1943,-,-, LV-ABI, 7445,FAMA,Int'l Non Scheduled Passenger,-,-,-,-,-,-,-,-,-,7,20,3,2,-,-,-
19490929-0,Thursday,29-SEP-1949,-,A1, Approach (APR),"near Newark Airport, NJ (EWR)",United States of America,3,0, Damaged beyond repair,-,Lockheed 18-10 Lodestar,-,-,1941,-,-, NC2020, 18-2134,General Electric,Private,-,White Plains-Westchester County Airport,HPN,KHPN,United States of America,Newark Airport,EWR,KEWR,United States of America,2,1,0,0,-,-,-
19490929-1,Thursday,29-SEP-1949,-,A1, En route (ENR),"8 km (5 mls) NW of McCleary, WA",United States of America,3,3, Damaged beyond repair,-,Fairchild C-82A Packet,-,-,-,-,-, 48-582, 10217,USAF,Military,-,Tacoma-McChord AFB,TCM,KTCM,United States of America,-,-,-,-,3,0,3,0,-,-,-
19490930-0,Friday,30-SEP-1949,10:00,A1, Landing (LDG),"Iguape, SP",Brazil,25,3, Damaged beyond repair,-,Consolidated PBY-5A Catalina,-,-,-,-,-, PP-BLB, 93,T.A. Bandeirantes,Domestic Scheduled Passenger,-,-,-,-,-,-,-,-,-,5,20,1,2,-,-,-
19491004-0,Tuesday,04-OCT-1949,-,O1, Standing (STD),Waterbeach RAF Station,United Kingdom,0,0, Damaged beyond repair,-,Douglas Dakota IV (DC-3),2,Pratt & Whitney R-1830-90C,1945,-,-, KN282, 27220/15775,RAF,Military,-,-,-,-,-,-,-,-,-,0,0,0,0,-,-,-
19491005-0,Wednesday,05-OCT-1949,11:00,A1, En route (ENR),"Mount Mitchell, NC",United States of America,9,9, Damaged beyond repair,-,Douglas C-47D (DC-3),-,-,1944,-,-, 43-16386, 20852,USAF,Military,-,Washington-Bolling AFB,BOF,KBOF,United States of America,Mobile-Brookley AFB,BFM,KBFM,United States of America,-,-,-,-,-,-,-
19491008-0,Saturday,08-OCT-1949,-,A1, Takeoff (TOF),Tripoli-Castel Benito Airport (TIP),Libya,3,0, Damaged beyond repair,-,Douglas Dakota IV (DC-3),2,Pratt & Whitney R-1830-90C,1945,-,-, KN435, 32864/16116,RAF,Military,-,Tripoli-Castel Benito Airport,TIP,HLLT,Libya,-,-,-,-,3,0,0,0,-,-,-
19491009-0,Sunday,09-OCT-1949,17:54,A1, Approach (APR),"4 km (2.5 mls) NW of Cheyenne Airport, WY (CYS)",United States of America,3,3, Damaged beyond repair,-,Curtiss C-46E-1-CS Commando,2,Pratt & Whitney R-2800-75,1945,-,8585.0, NC59485,  2939,Slick Airways,Cargo,11-8,Las Vegas-McCarran Field,LAS,KLAS,United States of America,-,-,-,-,2,1,2,1,-,-,Final
19491009-1,Sunday,09-OCT-1949,18:00,A1, Takeoff (TOF),"Isachsen Airstrip, NU",Canada,10,0, Damaged beyond repair,-,Douglas C-47A-90-DL (DC-3),2,Pratt & Whitney R-1830-92,1944,-,3353.0, 43-16062, 20528,USAF,Military,-,-,-,-,-,-,-,-,-,6,4,0,0,-,-,-
19491010-1,Monday,10-OCT-1949,13:15,A1, En route (ENR),near Saltillo,Mexico,8,8, Damaged beyond repair,-,Douglas DC-3-277B,-,-,1940,-,-, XA-HOU, 2208,Aerovías Coahuila,Domestic Scheduled Passenger,-,Mexico City International Airport,MEX,MMMX,Mexico,Piedras Negras Airport,PDS,MMPG,Mexico,3,5,3,5,-,-,-
19491014-0,Friday,14-OCT-1949,-,A1, En route (ENR),near Machacamarca,Bolivia,5,0, Damaged beyond repair,-,Curtiss C-46A-5-CK Commando,2,Pratt & Whitney R-2800-51,1944,-,-, 2057,    44,Brazilian AF,Military,-,-,-,-,-,-,-,-,-,-,-,0,0,-,-,-
19491016-0,Sunday,16-OCT-1949,-,A1, Takeoff (TOF),Alexandria Airport (ALY),Egypt,3,0, Damaged beyond repair,-,Fiat G.212CP,-,-,-,-,-, SU-AFX, 07,SAIDE,Unknown,-,Alexandria Airport,ALY,HEAX,Egypt,Benghazi-Benina International Airport,BEN,HLLB,Libya,3,0,0,0,-,-,-
19491018-0,Tuesday,18-OCT-1949,-,A1, Landing (LDG),"Étang de Berre, Marseille",France,-,0, Damaged beyond repair,-,SNCASE SE.200,-,-,1946,-,-, F-BAIY, 3,Unknown,Unknown,-,-,-,-,-,-,-,-,-,-,-,0,0,-,-,-
19491020-0,Thursday,20-OCT-1949,-,A1, Unknown (UNK),3 km (1.9 mls) from  Karachi Airport (KHI),Pakistan,-,0, Damaged beyond repair,-,Douglas C-54A-15-DC (DC-4),-,-,1944,-,-, F-BBDS, 10423,Air France,International Scheduled Passenger,-,-,-,-,-,-,-,-,-,-,-,0,0,-,-,-
19491022-0,Saturday,22-OCT-1949,-,A1, Unknown (UNK),Malakal,South Sudan,-,-, Damaged beyond repair,-,Douglas C-47A-80-DL (DC-3),2,Pratt & Whitney R-1830-92,1944,-,-, F-BFGH, 19561,STA,Unknown,-,-,-,-,-,-,-,-,-,-,-,-,-,-,-,-
19491022-1,Saturday,22-OCT-1949,-,O1, Standing (STD),"San Diego International Airport, CA (SAN)",United States of America,0,0, Damaged beyond repair,-,Lockheed 18-56-23 Lodestar,-,-,1943,-,-, NC69008, 18-2586,Golden Airways,-,-,-,-,-,-,-,-,-,-,0,0,0,0,-,-,-
19491025-0,Tuesday,25-OCT-1949,18:30,A1, En route (ENR),"Bolson de Burruyacú, TU",Argentina,9,6, Destroyed, Written off (damaged beyond repair),Bristol 170 Freighter IA,-,-,-,-,-, T-28, 12750,Argentine AF,Military,-,El Palomar Airport,EPA,SADP,Argentina,Salta Airport,SLA,SASA,Argentina,5,4,3,3,-,-,-
19491028-0,Friday,28-OCT-1949,-,A1, Approach (APR),"Redondo Mountain, São Miguel Island, Azores",Portugal,48,48, Destroyed, Written off (damaged beyond repair),Lockheed L-749-79-46 Constellation,-,-,1947,-,-, F-BAZN, 2546,Air France,International Scheduled Passenger,-,Paris-Orly Airport,ORY,LFPO,France,Santa Maria-Vila do Porto Airport,SMA,LPAZ,Portugal,11,37,11,37,-,-,Final
19491028-1,Friday,28-OCT-1949,01:00,A1, Takeoff (TOF),London Heathrow Airport (LHR),United Kingdom,7,6, Damaged beyond repair,-,Grumman G-73 Mallard,-,-,1947,-,1235.0, NC2956, J-15,Superior Oil Corp.,Executive,-,London Airport,LHR,EGLL,United Kingdom,-,-,-,-,3,4,2,4,-,-,-
19491101-0,Tuesday,01-NOV-1949,11:46,A1, Approach (APR),"0,8 km (0.5 mls) SW of Washington-National Airport, DC (DCA)",United States of America,55,55, Damaged beyond repair,-,Douglas C-54B-10-DO (DC-4),-,-,1944,-,12161.0, N88727, 18365,Eastern Air Lines,Domestic Scheduled Passenger,EA537,New York-La Guardia Airport,LGA,KLGA,United States of America,Washington-National Airport,DCA,KDCA,United States of America,4,51,4,51,-,-,Final
19491101-1,Tuesday,01-NOV-1949,10:34,A1, Approach (APR),Pécs/Pogany Airport,Hungary,7,6, Damaged beyond repair,-,Lisunov Li-2P,-,-,1948,-,-, HA-LIK, 18427501,Maszovlet,Domestic Scheduled Passenger,-,-,-,-,-,-,-,-,-,6,1,5,1,-,-,-
19491103-0,Thursday,03-NOV-1949,-,A1, Unknown (UNK),off Toulon,France,15,4, Damaged beyond repair,-,Short Sunderland V,-,-,-,-,-, registration unknown,-,French Navy,Military,-,-,-,-,-,-,-,-,-,15,0,4,0,-,-,-
19490102-0,Sunday,02-JAN-1949,22:03,A1, Takeoff (TOF),"Seattle-Boeing Field International Airport, WA (BFI)",United States of America,30,14, Damaged beyond repair,-,Douglas C-47A-50-DL (DC-3),2,Pratt & Whitney R-1830-90D,1943,-,5419.0, NC79025, 10181,Seattle Air Charter,Domestic Non Scheduled Passenger,-,Seattle-Boeing Field International Airport,BFI,KBFI,United States of America,New Haven Airport,HVN,KHVN,United States of America,3,27,3,11,-,-,Final
19490102-1,Sunday,02-JAN-1949,-,A1, Unknown (UNK),near Tel Aviv,Israel,-,-, Damaged beyond repair,-,Douglas C-54B-15-DO (DC-4),-,-,1944,-,-, 1801, 18395,Israeli AF,Military,-,-,-,-,-,-,-,-,-,-,-,-,-,-,-,-
19490104-0,Tuesday,04-JAN-1949,-,H2, En route (ENR),München-Riem Airport (MUC),Germany,25,0, None,-,Douglas C-47 (DC-3),-,-,-,-,-, registration unknown,-,Maszovlet,Domestic Scheduled Passenger,-,-,-,-,-,Budapest-Ferihegy Airport,BUD,LHBP,Hungary,4,21,0,0,-,-,-
19490104-1,Tuesday,04-JAN-1949,-,A1, Unknown (UNK),"5 km (3.1 mls) SE of Weimar, CA",United States of America,8,8, Damaged beyond repair,-,Douglas VC-47D (DC-3),-,-,1944,-,-, 43-48405, 25666/14221,USAF,Military,-,-,-,-,-,-,-,-,-,-,-,-,-,-,-,-
19490105-0,Wednesday,05-JAN-1949,-,A1, Initial climb (ICL),Zacatecas Airport (ZCL),Mexico,2,0, Damaged beyond repair,-,Curtiss C-46A-45-CU Commando,2,Pratt & Whitney R-2800-51,1944,-,-, registration unknown, 30247,private,Unknown,-,Zacatecas-La Calera Airport,ZCL,MMZC,Mexico,-,-,-,-,2,0,0,0,-,-,-
19490105-1,Wednesday,05-JAN-1949,-,A1, Unknown (UNK),"Caravelas Bay, BA",Brazil,15,3, Damaged beyond repair,-,Avro 685 York I,4,Rolls-Royce Merlin,1946,-,-, G-AHEX, 1301,BSAA,International Scheduled Passenger,-,-,-,-,-,-,-,-,-,6,9,0,3,-,-,-
19490106-0,Thursday,06-JAN-1949,07:20,A1, En route (ENR),"Brandywine, MD",United States of America,2,2, Damaged beyond repair,-,Douglas C-47A-25-DK (DC-3A),2,Pratt & Whitney R-1830-43-90D,1944,-,-, NC53210, 13777,Coastal Cargo,Cargo,-,Raleigh/Durham Airport,RDU,KRDU,United States of America,Boston Commonwealth Airport,BOS,KBOS,United States of America,2,0,2,0,-,-,Final
19490106-1,Thursday,06-JAN-1949,-,U1, Unknown (UNK),Birjand Airport (XBJ),Iran,-,-, Damaged beyond repair,-,Douglas C-47B-20-DK (DC-3),2,Pratt & Whitney R-1830-90C,1945,-,-, EP-ACI, 27115/15670,Iranian Airways,Unknown,-,-,-,-,-,-,-,-,-,-,-,-,-,-,-,-
19490107-0,Friday,07-JAN-1949,16:45,A1, En route (ENR),near Garstang,United Kingdom,6,6, Damaged beyond repair,-,Douglas C-54G-5-DO (DC-4),-,-,1945,-,-, 45-543, 35996,USAF,Military,-,Frankfurt-Rhein-Main AFB,FRF,EDAF,Germany,Burtonwood Airport,BUT,EGOB,United Kingdom,4,2,4,2,-,-,-
19490107-1,Friday,07-JAN-1949,-,A1, Unknown (UNK),off Arzew,Algeria,18,2, Damaged beyond repair,-,Breguet 730,4,Gnome-Rhône 14N,1938,-,-, registration unknown, 01,French Navy,Military,-,-,-,-,-,-,-,-,-,-,-,-,-,-,-,-
19490107-2,Friday,07-JAN-1949,-,A1, En route (ENR),"6,5 km (4.1 mls) SW of Mineral, WA",United States of America,3,3, Damaged beyond repair,-,Douglas C-47A-90-DL (DC-3),-,-,1944,-,-, 43-15931, 20379,USAF,Military,-,Ogden-Hill AFB,HIF,KHIF,United States of America,Tacoma-McChord AFB,TCM,KTCM,United States of America,3,0,3,0,-,-,-
19490108-0,Saturday,08-JAN-1949,20:30,A1, Landing (LDG),Lyon-Bron Airport (LYN),France,3,0, Damaged beyond repair,-,Douglas C-47A-1-DK (DC-3),2,Pratt & Whitney R-1830-92,1943,-,-, F-BCYO, 12101,Air Algérie,Cargo,-,Algiers-Maison Blanche Airport,ALG,DAAG,Algeria,Lyon-Bron Airport,LYN,LFLY,France,3,0,0,0,-,-,-
19490109-0,Sunday,09-JAN-1949,06:50,A1, Initial climb (ICL),near Kazan,Russia,4,3, Damaged beyond repair,-,Lisunov Li-2,-,-,1945,-,3394.0, CCCP-L4261, 18422401,Aeroflot / Uralsk,Cargo,-,Kazan Airport,KZN,UWKD,Russia,-,-,-,-,4,0,3,0,-,-,-
19490111-0,Tuesday,11-JAN-1949,-,A1, Initial climb (ICL),"near Pelotas-Federal Airport, RS (PET)",Brazil,8,8, Damaged beyond repair,-,Lockheed 18-10-01 Lodestar,-,-,1941,-,-, PP-SAC, 18-2112,SAVAG - Viação Aérea Gaucha,Domestic Scheduled Passenger,-,Pelotas-Federal Airport,PET,SBPK,Brazil,Porto Alegre Airport,POA,SBPA,Brazil,4,4,4,4,-,-,-
19490112-0,Wednesday,12-JAN-1949,00:05,A1, Approach (APR),4 km (2.5 mls) E of Frankfurt Rhein-Main Air Force Base (FRF),Germany,3,3, Damaged beyond repair,-,Douglas C-54D-5-DC (DC-4),-,-,1945,-,-, 42-72629, 10734,USAF,Military,-,-,-,-,-,Frankfurt-Rhein-Main AFB,FRF,EDAF,Germany,3,0,3,0,-,-,-
19490114-0,Friday,14-JAN-1949,-,A1, En route (ENR),"6,5 km (4.1 mls) NW of Fayetteville-Pope AFB, NC (POB)",United States of America,40,3, Damaged beyond repair,-,Fairchild C-82A-15-FA Packet,-,-,-,-,-, 44-23010, 10054,USAF,Military,-,-,-,-,-,-,-,-,-,3,37,3,0,-,-,-
19490115-0,Saturday,15-JAN-1949,-,A1, En route (ENR),Ras-el-Tin,Egypt,-,0, Damaged beyond repair,-,Douglas C-47A-80-DL (DC-3),2,Pratt & Whitney R-1830-92,1944,-,-, ZS-AYB, 19584,Pan African Air Charter,Int'l Non Scheduled Passenger,-,Genève-Cointrin Airport,GVA,LSGG,Switzerland,Malta-Luqa Airport,MLA,LMML,Malta,-,-,0,0,-,-,-
19490116-0,Sunday,16-JAN-1949,11:15,A1, En route (ENR),near Banihal Pass,India,13,13, Damaged beyond repair,-,Douglas C-47B-5-DK (DC-3),2,Pratt & Whitney R-1830-90C,1944,-,-, VT-CDZ, 25867/14422,Dalmia Jain Airways,Domestic Scheduled Passenger,-,Jammu-Satwari Airport,IXJ,VIJU,India,Srinagar Airport,SXR,VISR,India,4,9,4,9,-,-,-
19490117-0,Monday,17-JAN-1949,-,A1, Unknown (UNK),Rio Yavari,Peru,15,0, Damaged beyond repair,-,Curtiss C-46A-55-CK Commando,2,Pratt & Whitney R-2800-51,1945,-,-, OB-OAD-233,   267,ANDES,Passenger,-,Lima-Callao International Airport,LIM,SPIM,Peru,Iquitos Airport,IQT,SPQT,Peru,5,10,0,0,-,-,-
19490117-1,Monday,17-JAN-1949,-,A1, En route (ENR),western Atlantic,Atlantic Ocean,20,20, Missing, Presumed damaged beyond repair,Avro 688 Tudor 4B,-,-,1945,-,-, G-AGRE, 1253,BSAA,International Scheduled Passenger,-,Bermuda Air Terminal,BDA,TXKF,Bermuda,Kingston Airport,KIN,MKJP,Jamaica,7,13,7,13,-,-,Final
19490117-2,Monday,17-JAN-1949,-,A1, Takeoff (TOF),"Wichita-Beech Airport, KS (BEC)",United States of America,4,1, Damaged beyond repair,-,Beechcraft 34 Twin Quad,4,Lycoming GSO-580,1947,-,-, NX90521,-,Beechcraft,Test,-,Wichita-Beech Airport,BEC,KBEC,United States of America,Wichita-Beech Airport,BEC,KBEC,United States of America,4,0,1,0,-,-,Preliminary
19490117-3,Monday,17-JAN-1949,-,A1, En route (ENR),"112 km (70 mls) SE of Churchill, MB",Canada,12,0, Damaged beyond repair,-,Douglas Dakota III (DC-3),-,-,1945,-,-, 987, 33115/16367,RCAF,Military,-,-,-,-,-,Arctic Bay Airport,YAB,CYAB,Canada,-,-,0,0,-,-,-
19490118-0,Tuesday,18-JAN-1949,13:30,A1, Approach (APR),10 km (6.3 mls) E of Fassberg,Germany,3,1, Damaged beyond repair,-,Douglas C-54G-15-DO (DC-4),-,-,1945,-,-, 45-563, 36016,USAF,Military,-,Berlin-Tempelhof Airport,THF,EDDI,Germany,-,-,-,-,3,0,1,0,-,-,-
19490119-0,Wednesday,19-JAN-1949,10:52,A1, Initial climb (ICL),near Stalino Airport (DOK),Ukraine,9,8, Damaged beyond repair,-,Ilyushin Il-12P,-,-,1947,-,709.0, CCCP-L1381, 30109,Aeroflot / Moscow,Domestic Scheduled Passenger,-,Stalino Airport,DOK,UKCC,Ukraine,-,-,-,-,4,5,3,5,-,2,-
19490120-0,Thursday,20-JAN-1949,20:05,A1, En route (ENR),"43 km (26.9 mls) NE of Homer, AK",United States of America,6,5, Destroyed, Written off (damaged beyond repair),Douglas C-47A-90-DL (DC-3C),2,Pratt & Whitney R-1830-65-92,1944,-,8051.0, NC91006, 20208,Alaska Airlines,Domestic Scheduled Passenger,   8,Homer Airport,HOM,PAHO,United States of America,Kenai Airport,ENA,PAEN,United States of America,3,3,2,3,-,-,Final
19490121-1,Friday,21-JAN-1949,-,A1, Taxi (TXI),Roosevelt Roads-Roosevelt NAS (NRR/TJNR) [Npr],Puerto Rico,8,0, Damaged beyond repair,-,Lockheed P2V-2 Neptune,-,-,-,-,-, 39323, 26-1023,US Navy,Military,-,-,-,-,-,-,-,-,-,8,0,0,0,-,-,-
19490122-0,Saturday,22-JAN-1949,-,A1, Standing (STD),Luleå-Kallax Airport (LLA),Sweden,-,-, Damaged beyond repair,-,Douglas C-47A-20-DK (DC-3),2,Pratt & Whitney R-1830-92,1944,-,-, SE-BBN, 12896,SAS,Unknown,-,-,-,-,-,-,-,-,-,-,-,-,-,-,-,-
19490123-0,Sunday,23-JAN-1949,-,A1, Unknown (UNK),"near Toledo, OH",United States of America,6,5, Damaged beyond repair,-,Douglas R4D-6 (DC-3),-,-,1944,-,-, 17263, 25638/14193,US Navy,Military,-,-,-,-,-,-,-,-,-,-,-,-,-,-,-,-
19490124-0,Monday,24-JAN-1949,-,A1, Approach (APR),near Utecht,Germany,25,8, Damaged beyond repair,-,Douglas Dakota IV (DC-3),2,Pratt & Whitney R-1830-90C,1945,-,-, KN491, 33009/16261,RAF,Military,-,Berlin-R.A.F. Gatow Airport,GWW,EDBG,Germany,Lübeck-Blankensee RAF Station,LBC,EDHL,Germany,3,22,1,7,-,-,-
19490126-1,Wednesday,26-JAN-1949,-,A1, Approach (APR),Asmara International Airport (ASM),Eritrea,4,0, Damaged beyond repair,-,Curtiss C-46F-1-CU Commando,-,-,1945,-,-, NC1241N, 22474,USAF,Cargo,-,Asmara International Airport,ASM,HAAY,Eritrea,-,-,-,-,4,0,0,0,-,-,-
19490127-0,Thursday,27-JAN-1949,-,A1, Initial climb (ICL),"Alameda, CA",United States of America,3,0, Damaged beyond repair,-,Douglas C-47-DL (DC-3),2,Pratt & Whitney R-1830-92,1942,-,-, NC17713, 4582,United Airlines,Unknown,-,Oakland International Airport,OAK,KOAK,United States of America,-,-,-,-,3,0,0,0,-,-,-
19490129-0,Saturday,29-JAN-1949,14:15,A1, Takeoff (TOF),Nizhnyaya Pesha Airport,Russia,4,3, Damaged beyond repair,-,Lisunov Li-2T,-,-,1948,-,757.0, CCCP-L4491, 4309,Aeroflot / Northern,Cargo,-,-,-,-,-,Arkhangelsk-Talaghy Airport,ARH,ULAA,Russia,4,0,3,0,-,-,-
19490130-0,Sunday,30-JAN-1949,16:22,A2, En route (ENR),"over Port Washington, NY",United States of America,33,0, Substantial, Repaired,Lockheed L-749 Constellation,-,-,-,-,3561.0, NC86530, 2528,Pan Am,International Scheduled Passenger,PA100,New York-La Guardia Airport,LGA,KLGA,United States of America,Shannon Airport,SNN,EINN,Ireland,10,23,0,0,2,-,Final
19490130-1,Sunday,30-JAN-1949,-,H2, Unknown (UNK),Tainan,Taiwan,-,0, Unknown,-,unknown,-,-,-,-,-, registration unknown,-,CNAC,Unknown,-,-,-,-,-,Qingdao Airport,TAO,ZSQD,China,-,-,0,0,-,-,-
19490201-0,Tuesday,01-FEB-1949,-,A1, Takeoff (TOF),Tripoli-Castel Benito Airport (TIP),Libya,15,0, Damaged beyond repair,-,Avro 685 York I,4,Rolls-Royce Merlin,1944,-,-, G-AGJD, 1210,BOAC,International Scheduled Passenger,-,Tripoli-Castel Benito Airport,TIP,HLLT,Libya,-,-,-,-,6,9,0,0,-,-,-
19490203-1,Thursday,03-FEB-1949,-,A1, En route (ENR),between Chita and Krasnoyarsk,Russia,2,0, Damaged beyond repair,-,Junkers Ju-52/3m,-,-,-,-,-, CCCP-L54, 7335,Aeroflot / East Siberia,Cargo,-,Chita Airport,HTA,UIAA,Russia,Krasnoyarsk Airport,KJA,UNKL,Russia,2,0,0,0,-,-,-
19490204-0,Friday,04-FEB-1949,-,A1, Approach (APR),near Tripoli-Castel Benito Airport (TIP),Libya,53,1, Damaged beyond repair,-,Douglas C-54A-1-DO (DC-4),-,-,1944,-,-, G-AJPL, 7464,Skyways,Int'l Non Scheduled Passenger,-,Khartoum-Civil Airport,KRT,HSSS,Sudan,Tripoli-Castel Benito Airport,TIP,HLLT,Libya,9,44,1,0,-,-,-
19490205-0,Saturday,05-FEB-1949,09:04,A1, Landing (LDG),Buenaventura Bay,Colombia,16,5, Damaged beyond repair,-,Consolidated PBY-5A Catalina,-,-,-,-,-, HK-134,-,Avianca,Domestic Scheduled Passenger,-,-,-,-,-,Buenaventura Airport,BUN,SKBU,Colombia,4,12,2,3,-,-,-
19490206-0,Sunday,06-FEB-1949,-,A1, Unknown (UNK),Guayaquil,Ecuador,9,2, Damaged beyond repair,-,Douglas C-47A-90-DL (DC-3),2,Pratt & Whitney R-1830-92,1944,-,-, NC54335, 20217,AECA,Ferry/positioning,-,-,-,-,-,-,-,-,-,-,-,2,0,-,-,-
19490207-0,Monday,07-FEB-1949,10:42,A1, En route (ENR),"14 km (8.8 mls) N of Mezenka, Beloyarsky District",Russia,5,1, Damaged beyond repair,-,Junkers Ju-52/3m,-,-,-,-,3325.0, CCCP-I511, 7658,MAP Tyumen No. 26,Cargo,-,-,-,-,-,Ufa Airport,UFA,UWUU,Russia,5,0,1,0,-,-,-
19490208-0,Tuesday,08-FEB-1949,20:56,A1, Approach (APR),"2,5 km (1.6 mls) W off  Barsebäck [Öresund]",Sweden,27,27, Damaged beyond repair,-,Vickers 628 Viking 1B,-,-,1947,-,611.0, OY-DLU, 199,SAS,Int'l Non Scheduled Passenger,-,Paris-Le Bourget Airport,LBG,LFPB,France,København-Kastrup Airport,CPH,EKCH,Denmark,4,23,4,23,-,-,-
19490210-0,Thursday,10-FEB-1949,-,A1, Approach (APR),near Huánuco,Peru,16,16, Damaged beyond repair,-,Douglas C-47B-15-DK (DC-3),2,Pratt & Whitney R-1830-90C,1944,-,-, OB-PAV-223, 26819/15374,Faucett,Domestic Scheduled Passenger,-,Tingo Maria Airport,TGI,SPGM,Peru,Huánuco Airport,HUU,SPHV,Peru,3,13,3,13,-,-,-
19490210-1,Thursday,10-FEB-1949,-,A1, Unknown (UNK),Paiyang,China,-,0, Damaged beyond repair,-,Douglas DC-3,-,-,-,-,-, XT-T72,-,Lutheran Mission,Domestic Non Scheduled Passenger,-,Chongqing-Jiangbei International Airport,CKG,ZUCK,China,Guiyang Airport,KWE,ZUGY,China,2,-,0,0,-,-,-
19490215-0,Tuesday,15-FEB-1949,-,A1, Landing (LDG),Oberpfaffenhofen Airport (OBF),Germany,-,0, Damaged beyond repair,-,Douglas R5D-2 (C-54B),-,-,1944,-,-, 90386, 18372,US Navy,Military,-,-,-,-,-,Oberpfaffenhofen Airport,OBF,EDMO,Germany,-,-,0,0,-,-,-
19490215-1,Tuesday,15-FEB-1949,-,A1, Landing (LDG),Celle RAF Station (ZCN),Germany,3,0, Damaged beyond repair,-,Douglas C-54M (DC-4),-,-,1945,-,-, 44-9062, 27288,USAF,Military,-,-,-,-,-,Celle RAF Station,ZCN,ETHC,Germany,3,0,0,0,-,-,-
19490216-1,Wednesday,16-FEB-1949,-,A1, Landing (LDG),Montevideo,Uruguay,6,0, Substantial,-,Douglas C-47 (DC-3),-,-,-,-,-, registration unknown,-,Private,Executive,-,-,-,-,-,-,-,-,-,-,-,0,0,-,-,-
19490217-1,Thursday,17-FEB-1949,-,A1, En route (ENR),"50 km (31.3 mls) S of San Antonio de los Cobres, SA",Argentina,8,8, Damaged beyond repair,-,Douglas C-47D (DC-3),-,-,1945,-,-, 45-1138, 34408/17141,USAF,Military,-,-,-,-,-,-,-,-,-,-,-,-,-,-,-,-
19490219-0,Saturday,19-FEB-1949,09:45,A1, En route (ENR),near Exhall,United Kingdom,10,10, Damaged beyond repair,-,Douglas C-47A-25-DK Dakota C.3,-,-,1944,-,-, G-AHCW, 13308,BEA,Domestic Scheduled Passenger,-,London-Northolt Airport,NHT,EGWU,United Kingdom,-,-,-,-,4,6,4,6,4,-,-
19490221-0,Monday,21-FEB-1949,-,O1, Standing (STD),"Hythe, Hampshire",United Kingdom,0,0, Damaged beyond repair,-,Short S.25 Sunderland 3,-,-,1944,-,-, G-AGJO,-,BOAC,-,-,-,-,-,-,-,-,-,-,0,0,0,0,-,-,-
19490222-0,Tuesday,22-FEB-1949,-,A1, Landing (LDG),"Annette Island Airport, AK (ANN)",United States of America,6,0, Damaged beyond repair,-,Curtiss C-46A Commando,2,Pratt & Whitney R-2800-51,-,-,-, registration unknown,-,Golden North Airways,Domestic Non Scheduled Passenger,-,-,-,-,-,Annette Island Airport,ANN,PANT,United States of America,4,2,0,0,-,-,-
19490224-0,Thursday,24-FEB-1949,-,A1, Approach (APR),"North Point, Hong Kong",Hong Kong,23,23, Damaged beyond repair,-,Douglas C-47A-90-DL (DC-3),2,Pratt & Whitney R-1830-92,1944,-,-, VR-HDG, 20576,Cathay Pacific,International Scheduled Passenger,-,Manila Airport,MNL,RPLL,Philippines,Hong Kong-Kai Tak International Airport,HKG,VHHH,Hong Kong,4,19,4,19,-,-,-
19490224-1,Thursday,24-FEB-1949,-,A1, Takeoff (TOF),Cuzco Airport (CUZ),Peru,26,22, Damaged beyond repair,-,Douglas DC-3,-,-,-,-,-, registration unknown,-,TAM Peru,Domestic Non Scheduled Passenger,-,Cuzco-Velazco Astete Airport,CUZ,SPZO,Peru,Lima-Callao International Airport,LIM,SPIM,Peru,4,22,2,20,-,-,-
19490228-0,Monday,28-FEB-1949,-,A1, Unknown (UNK),at an unknown location,United States of America,-,-, Damaged beyond repair,-,Lockheed R5O-3 (Lodestar),-,-,1941,-,-, 01007, 18-2097,US Navy,Military,-,-,-,-,-,-,-,-,-,-,-,-,-,-,-,-
19490228-1,Monday,28-FEB-1949,-,A1, En route (ENR),Cerro Colorado,Mexico,9,9, Damaged beyond repair,-,Douglas C-47B-1-DL (DC-3),-,-,1944,-,-, 43-16256, 20722,USAF,Military,-,El Paso International Airport,ELP,KELP,United States of America,-,-,-,-,-,-,-,-,-,-,-
19490301-0,Tuesday,01-MAR-1949,-,A1, En route (ENR),"near Bragança, PA",Brazil,4,0, Damaged beyond repair,-,Fairchild C-82A Packet,-,-,1946,-,-, 44-23035, 10079,USAF,Military,-,-,-,-,-,-,-,-,-,4,0,0,0,-,-,-
19490302-0,Wednesday,02-MAR-1949,02:44,A2, Landing (LDG),"Gander Airport, NL (YQX)",Canada,33,0, Substantial, Repaired,Douglas C-54B-1-DC (DC-4),4,Pratt & Whitney R-2000-9,1944,-,7883.0, NC34537, 10454,TWA,International Scheduled Passenger, 924,New York-La Guardia Airport,LGA,KLGA,United States of America,Gander Airport,YQX,CYQX,Canada,9,24,0,0,-,-,Final
19490304-0,Friday,04-MAR-1949,16:59,A1, En route (ENR),near Bad Langensalza,Germany,5,1, Damaged beyond repair,-,Douglas C-54E-5-DO (DC-4),-,-,1945,-,-, 44-9086, 27312,USAF,Military,-,Wiesbaden-Erbenheim (Y-80) Air Base,WIE,ETOU,Germany,Berlin-Tempelhof Airport,THF,EDDI,Germany,5,0,1,0,-,-,-
19490305-1,Saturday,05-MAR-1949,-,A1, Unknown (UNK),near Okinawa-Naha AFB (OKA),Japan,22,6, Damaged beyond repair,-,Curtiss C-46D-5-CU Commando,-,-,-,-,-, 44-77335, 32731,USAF,Military,-,Okinawa-Naha AFB,OKA,ROAH,Japan,-,-,-,-,-,-,-,-,-,-,-
19490309-0,Wednesday,09-MAR-1949,-,A2, En route (ENR),N of Celle,Germany,3,0, Substantial, Repaired,Douglas C-54D-1-DC Skymaster (DC-4),-,-,-,-,-, 42-72464, 10569,USAF,Military,-,Celle RAF Station,ZCN,ETHC,Germany,Berlin-R.A.F. Gatow Airport,GWW,EDBG,Germany,3,0,0,0,-,-,-
19490310-0,Thursday,10-MAR-1949,09:50,A1, Takeoff (TOF),"Coolangatta Airport, QLD (OOL)",Australia,21,21, Damaged beyond repair,-,Lockheed 18-56 Lodestar,-,-,1942,-,-, VH-BAG, 18-2194,Queensland Airlines,Domestic Scheduled Passenger,-,Coolangatta Airport,OOL,YBCG,Australia,-,-,-,-,3,18,3,18,-,-,-
19490311-0,Friday,11-MAR-1949,-,A1, Unknown (UNK),Puerto Cabezas,Nicaragua,-,-, Damaged beyond repair,-,Douglas C-47-DL (DC-3),-,-,1942,-,-, NC56800, 4589,LANICA,Unknown,-,-,-,-,-,-,-,-,-,-,-,-,-,-,-,-
19490311-1,Friday,11-MAR-1949,-,A1, En route (ENR),6 km (3.8 mls) from  Nkolafamba,Cameroon,5,5, Destroyed, Written off (damaged beyond repair),Boeing B-17G,-,-,-,-,-, F-BEEB, 8642,IGN,Unknown,-,Douala Airport,DLA,FKKD,Cameroon,Entebbe Airport,EBB,HUEN,Uganda,5,0,5,0,-,-,-
19490312-0,Saturday,12-MAR-1949,11:15,A1, En route (ENR),Mount Bel-Auty,Uzbekistan,11,11, Damaged beyond repair,-,Lisunov Li-2,-,-,1947,-,1366.0, CCCP-L4335, 18427907,Aeroflot / Tajikistan,Domestic Scheduled Passenger,-,Leninabad Airport,LBD,UTDL,Tajikistan,Stalinabad Airport,DYU,UTDD,Tajikistan,5,6,5,6,-,-,-
19490312-1,Saturday,12-MAR-1949,-,A1, Unknown (UNK),Hoang Su Phi,Vietnam,23,23, Damaged beyond repair,-,Amiot AAC.1 (Junkers Ju-52),-,-,-,-,-, registration unknown,-,French AF,Military,-,-,-,-,-,-,-,-,-,4,19,4,19,-,-,-
19490315-0,Tuesday,15-MAR-1949,-,A1, Approach (APR),near Berlin-Gatow,Germany,3,3, Damaged beyond repair,-,Avro 685 York I,4,Rolls-Royce Merlin,1946,-,-, G-AHFI, 1316,Skyways,Cargo,-,-,-,-,-,Berlin-R.A.F. Gatow Airport,GWW,EDBG,Germany,3,0,3,0,-,-,-
19490316-0,Wednesday,16-MAR-1949,-,A1, Unknown (UNK),Kerowagi,Papua New Guinea,-,0, Damaged beyond repair,-,Douglas DC-2-243,-,-,1939,-,-, VH-ARC, 2089,Guinea Air Traders,Unknown,-,-,-,-,-,-,-,-,-,-,-,0,0,-,-,-
19490318-0,Friday,18-MAR-1949,09:40,A1, Approach (APR),11 km (6.9 mls) NE of Paraparaumu Airport (PPQ),New Zealand,15,15, Damaged beyond repair,-,Lockheed C-60A-5-LO Lodestar,-,-,1943,-,-, ZK-AKX, 18-2382,New Zealand National Airways,Domestic Scheduled Passenger,-,-,-,-,-,Paraparaumu Airport,PPQ,NZPP,New Zealand,2,13,2,13,-,-,-
19490322-0,Tuesday,22-MAR-1949,-,O1, Standing (STD),Barranquilla-E Cortissoz Airport (BAQ),Colombia,0,0, Damaged beyond repair,-,Curtiss C-46A-55-CK Commando,2,Pratt & Whitney R-2800-51,1944,-,-, HK-63,   112,L.A. Transatlantica Colombia,Unknown,-,-,-,-,-,-,-,-,-,0,0,0,0,-,-,-
19490322-1,Tuesday,22-MAR-1949,-,A1, Approach (APR),3 km (1.9 mls) SE of Lübeck,Germany,3,3, Damaged beyond repair,-,Douglas Dakota IV (DC-3),2,Pratt & Whitney R-1830-90C,1944,-,-, KJ970, 26264/14819,RAF,Military,-,Berlin-R.A.F. Gatow Airport,GWW,EDBG,Germany,Lübeck-Blankensee RAF Station,LBC,EDHL,Germany,3,0,3,0,-,-,-
19490322-2,Tuesday,22-MAR-1949,-,A1, Takeoff (TOF),Kingston-Palisadoes Airport (KIN),Jamaica,-,0, Damaged beyond repair,-,Lockheed 14-08 Super Electra,-,-,1938,-,-, CF-TCK, 1474,Kenting Aviation,Survey/research,-,Kingston-Palisadoes International Airport,KIN,MKJP,Jamaica,-,-,-,-,-,-,0,0,-,-,-
19490324-0,Thursday,24-MAR-1949,-,A2, Unknown (UNK),"510 km (318.8 mls) NW of Resolute Bay, NU",Canada,7,0, Damaged beyond repair,-,Fairchild C-82A Packet,-,-,-,-,-, 45-57798, 10168,USAF,Military,-,-,-,-,-,-,-,-,-,-,-,0,0,-,-,-
19490326-0,Saturday,26-MAR-1949,-,A1, En route (ENR),off Campeche,Mexico,2,0, Damaged beyond repair,-,Curtiss C-46F-1-CU Commando,-,-,1945,-,-, NC1664M, 22549,Freight Air,Unknown,-,-,-,-,-,Guatemala City-La Aurora Airport,GUA,MGGT,Guatemala,2,0,0,0,-,-,-
19490327-0,Sunday,27-MAR-1949,14:39,A1, En route (ENR),973 km (608.1 mls) SW off  Johnston Island,Pacific Ocean,11,0, Damaged beyond repair,-,Consolidated PBY-6A Catalina,-,-,-,-,-, 64028,-,US Navy,Military,-,Kwajalein Airport,KWA,PKWA,Marshall Islands,Johnston Island Airport,JON,PJON,U.S. Minor Outlying Islands,-,-,0,0,-,-,-
19490329-0,Tuesday,29-MAR-1949,-,A1, Landing (LDG),"Belo Horizonte-Carlos Prates Airport, MG",Brazil,3,0, Damaged beyond repair,-,Douglas DC-2-243,-,-,1939,-,-, PP-MGA, 2058,Aerovias Brasil,Training,-,-,-,-,-,-,-,-,-,3,0,0,0,-,-,-
19490330-0,Wednesday,30-MAR-1949,-,A1, Unknown (UNK),"8 km (5 mls) SW of 	Edgar Springs, MO",United States of America,6,0, Damaged beyond repair,-,Douglas C-47B-1-DK (DC-3),-,-,1944,-,-, 43-48295, 25556/14111,USAF,Military,-,-,-,-,-,-,-,-,-,-,-,0,0,-,-,-
19490406-0,Wednesday,06-APR-1949,-,A1, Standing (STD),Schleswigland RAF Station (WBG),Germany,-,0, Damaged beyond repair,-,Handley Page Hastings C.1,-,-,-,-,-, TG534, HP67/39,RAF,Military,-,Schleswigland RAF Station,WBG,ETNS,Germany,-,-,-,-,-,-,0,0,-,-,-
19490406-1,Wednesday,06-APR-1949,-,C1, En route (ENR),near Pirsogianni,Greece,7,7, Damaged beyond repair,-,Douglas C-47D (DC-3),-,-,1944,-,-, 43-49249, 26510/15065,Hellenic AF,Military,-,-,-,-,-,-,-,-,-,7,0,7,0,-,-,-
19490407-0,Thursday,07-APR-1949,13:15,A1, Landing (LDG),"Dubbo Airport, NSW (DBO)",Australia,8,0, Destroyed, Written off (damaged beyond repair),Avro 691 Lancastrian C.1,4,Rolls-Royce Merlin,-,-,-, VH-EAS, 1184,Qantas,Training,-,Dubbo Airport,DBO,YSDU,Australia,Dubbo Airport,DBO,YSDU,Australia,8,0,0,0,-,-,-
19490407-1,Thursday,07-APR-1949,-,A1, En route (ENR),Marve Beach,India,25,0, Damaged beyond repair,-,Vickers 632 Viking 1B,-,-,1947,-,-, VT-CIZ, 202,Air-India,International Scheduled Passenger,-,Bombay-Santacruz Airport,BOM,VABB,India,-,-,-,-,3,22,0,0,-,-,-
19490409-0,Saturday,09-APR-1949,-,A1, Landing (LDG),Nice Airport (NCE),France,35,0, Damaged beyond repair,-,SNCASE SE.161/P7 Languedoc,4,Pratt & Whitney R-1830,1945,-,-, F-BATU, 23,Air France,Scheduled Passenger,-,-,-,-,-,Nice Airport,NCE,LFMN,France,5,30,0,0,-,-,-
19490420-0,Wednesday,20-APR-1949,-,A1, Approach (APR),"Porto Nacional, TO",Brazil,-,0, Damaged beyond repair,-,Douglas C-47A-90-DL (DC-3),2,Pratt & Whitney R-1830-92,1944,-,-, PP-ASB, 20467,TCA,Unknown,-,Rio de Janeiro-Santos Dumont Airport,SDU,SBRJ,Brazil,Porto Nacional Airport,PNB,SBPN,Brazil,-,-,0,0,-,-,-
19490421-0,Thursday,21-APR-1949,-,A1, Landing (LDG),Gütersloh Airport (GUT),Germany,-,0, Damaged beyond repair,-,Avro 685 York C.1,4,Rolls-Royce Merlin,-,-,-, MW188,-,RAF,Military,-,-,-,-,-,-,-,-,-,-,-,0,0,-,-,-
19490423-0,Saturday,23-APR-1949,-,A1, Landing (LDG),Athens-Hassani Airport (ATH),Greece,-,0, Substantial,-,Douglas C-47A-5-DK (DC-3),-,-,1944,-,-, SX-BAF, 12322,TAE,Domestic Scheduled Passenger,-,-,-,-,-,Athens-Hassani Airport,ATH,LGAT,Greece,-,-,0,0,-,-,-
19490429-0,Friday,29-APR-1949,-,H2, Unknown (UNK),Thessaloniki Airport (SKG),Greece,-,0, Unknown,-,Douglas DC-3,-,-,-,-,-, registration unknown,-,TARS,Unknown,-,Timisoara Airport,TSR,LRTR,Romania,Bucharest-Baneasa Airport,BBU,LRBS,Romania,-,-,0,0,-,-,-
19490429-1,Friday,29-APR-1949,12:20,A1, En route (ENR),117 km (73.1 mls) E of Kirensk,Russia,24,14, Damaged beyond repair,-,Lisunov Li-2,-,-,1948,-,769.0, CCCP-L4464, 3702,Aeroflot / Yakutsk,Domestic Scheduled Passenger,-,Yakutsk Airport,YKS,UEEE,Russia,-,-,-,-,6,18,3,11,-,-,-
19490504-0,Wednesday,04-MAY-1949,-,A1, Takeoff (TOF),Saint Thomas Airport (STT),U.S. Virgin Islands,3,0, Damaged beyond repair,-,Curtiss C-46F Commando,-,-,-,-,-, registration unknown,-,Continental Charters,Cargo,-,Saint Thomas Airport,STT,TIST,U.S. Virgin Islands,-,-,-,-,3,0,0,0,-,-,-
19490504-1,Wednesday,04-MAY-1949,17:05,A1, Approach (APR),12 km (7.5 mls) E of Torino-Aeritalia Airport,Italy,31,31, Destroyed, Written off (damaged beyond repair),Fiat G.212CP,-,-,1947,-,-, I-ELCE, 05,ALI,Int'l Non Scheduled Passenger,-,Barcelona-El Prat Airport,BCN,LEBL,Spain,-,-,-,-,4,27,4,27,-,-,-
19490505-0,Thursday,05-MAY-1949,-,A1, En route (ENR),"near Abaetetuba, PA",Brazil,6,2, Damaged beyond repair,-,Curtiss C-46A-5-CK Commando,2,Pratt & Whitney R-2800-51,1944,-,-, PP-DKF, 52,private,Cargo,-,-,-,-,-,-,-,-,-,2,4,1,1,-,-,-
19490506-0,Friday,06-MAY-1949,-,A1, Maneuvering (MNV),26 km (16.3 mls) off  Portland Lighthouse,United Kingdom,7,7, Damaged beyond repair,-,Bristol 170 Freighter 31,-,-,-,-,-, G-AIFF, 12766,Bristol,Test,-,Filton Airport,FZO,EGTG,United Kingdom,-,-,-,-,7,0,7,0,-,-,-
19490507-0,Saturday,07-MAY-1949,-,C1, En route (ENR),off Alabat Island [Lamon Bay],Philippines,13,13, Damaged beyond repair,-,Douglas C-47B-35-DK (DC-3),2,Pratt & Whitney R-1830-90C,1945,-,-, PI-C98, 33491/16743,Philippine Air Lines,Domestic Scheduled Passenger,-,Daet-Camarines Norte Airport,DTE,RPUD,Philippines,Manila International Airport,MNL,RPLL,Philippines,3,10,3,10,-,-,-
19490509-0,Monday,09-MAY-1949,11:00,A1, En route (ENR),Volcán Tungurahua,Ecuador,11,11, Damaged beyond repair,-,Douglas C-47 (DC-3),-,-,-,-,-, registration unknown,-,Ecuador Air Force,Military,-,-,-,-,-,-,-,-,-,5,6,5,6,-,-,-
19490510-0,Tuesday,10-MAY-1949,-,A1, Unknown (UNK),24 km (15 mls) S of Schwerin,Germany,4,0, Damaged beyond repair,-,Avro 691 Lancastrian XPP,-,-,-,-,-, G-AKDP, 3386,Flight Refuelling,Cargo,-,-,-,-,-,-,-,-,-,4,0,0,0,-,-,-
19490513-0,Friday,13-MAY-1949,-,A1, Takeoff (TOF),Quito-Mariscal Sucre Airport (UIO),Ecuador,3,0, Damaged beyond repair,-,Curtiss C-46D-15-CU Commando,-,-,1945,-,-, HC-SIB, 33480,Transandina Ecuador,Unknown,-,Quito-Mariscal Sucre Airport,UIO,SEQU,Ecuador,-,-,-,-,3,0,0,0,-,-,-
19490513-1,Friday,13-MAY-1949,14:10,A1, En route (ENR),12 km (7.5 mls) from  Novosibirsk-Severny (North) Airport,Russia,25,25, Damaged beyond repair,-,Ilyushin Il-12P,-,-,1949,-,51.0, CCCP-L1791, 93013208,Aeroflot / Moscow,Domestic Scheduled Passenger,-,Omsk Airport,OMS,UNOO,Russia,-,-,-,-,5,20,5,20,-,-,-
19490515-0,Sunday,15-MAY-1949,-,A1, Landing (LDG),"Detroit River, MI",United States of America,-,-, Damaged beyond repair,-,Consolidated PBY-5A Catalina,-,-,-,-,-, 34014,-,US Navy,Military,-,-,-,-,-,-,-,-,-,-,-,-,-,-,-,-
19490518-0,Wednesday,18-MAY-1949,-,A1, Unknown (UNK),"Yellowknife, NT",Canada,-,-, Damaged beyond repair,-,Douglas C-47A-25-DK (DC-3),2,Pratt & Whitney R-1830-92,1944,-,-, KG635, 13395,RCAF,Military,-,-,-,-,-,-,-,-,-,-,-,-,-,-,-,-
19490520-0,Friday,20-MAY-1949,17:45,A1, Takeoff (TOF),"Isachsen Airstrip, NU",Canada,6,0, Damaged beyond repair,-,Fairchild C-82A Packet,-,-,1948,-,489.0, 48-572, 10207,USAF,Military,-,-,-,-,-,-,-,-,-,6,0,0,0,-,-,Final
19490523-0,Monday,23-MAY-1949,-,A1, Taxi (TXI),North Luffenham RAF Station,United Kingdom,-,0, Damaged beyond repair,-,Douglas Dakota IV (DC-3),2,Pratt & Whitney R-1830-90C,1945,-,-, KP276, 33578/16830,RAF,Military,-,-,-,-,-,-,-,-,-,-,-,0,0,-,-,-
19490526-0,Thursday,26-MAY-1949,-,A2, Landing (LDG),Celle RAF Station,Germany,-,-, Substantial,-,Douglas C-54D-15-DC Skymaster (DC-4),-,-,-,-,-, 43-17230, 22180/632,USAF,Military,-,-,-,-,-,Celle RAF Station,ZCN,ETHC,Germany,-,-,-,-,-,-,-
19490527-0,Friday,27-MAY-1949,-,A1, Approach (APR),"Maui, HI",United States of America,2,2, Damaged beyond repair,-,Curtiss C-46F-1-CU Commando,-,-,1945,-,-, N5615V, 22368,Trans-Air Hawaii,Unknown,-,-,-,-,-,Kahului Airport,OGG,PHOG,United States of America,2,0,2,0,-,-,-
