identifiant,week_day,date,time,type_event,phase,location,country,total_occupants,total_fatalities,aircraft_damage,aircraft_fate,type_aircraft,number_engines,type_engines,first_flight,cycles,total_airframe_hours,registration,c_n_msn,operator,nature,flight_number,departure_airport_name,departure_airport_IATA,departure_airport_ICAO,departure_airport_country,destination_airport_name,destination_airport_IATA,destination_airport_ICAO,destination_airport_country,crew_number,passengers_number,crew_fatalities,passengers_fatalities,collision_casualties,ground_casualties,status
19630101-0,Tuesday,01-JAN-1963,-,A1, Unknown (UNK),Banhilal,India,2,2, Damaged beyond repair,-,Fairchild C-119 Flying Boxcar,-,-,-,-,-, registration unknown,-,Indian AF,Military,-,-,-,-,-,-,-,-,-,-,-,-,-,-,-,-
19630107-0,Monday,07-JAN-1963,-,A1, Unknown (UNK),"off Alameda NAS, CA (NGZ)",United States of America,-,0, Damaged beyond repair,-,Lockheed P-2H Neptune,-,-,-,-,-, 140966, 726-7068,US Navy,Military,-,Alameda NAS,NGZ,KNGZ,United States of America,-,-,-,-,-,-,0,0,-,-,-
19630110-0,Thursday,10-JAN-1963,-,A1, Approach (APR),"Kodiak NAS, AK (ADQ)",United States of America,12,7, Damaged beyond repair,-,Lockheed P-2H Neptune,-,-,-,-,-, 135559, 726-7016,US Navy,Military,-,-,-,-,-,Kodiak NAS,ADQ,PADQ,United States of America,12,0,7,0,-,-,-
19630111-0,Friday,11-JAN-1963,-,O1, Standing (STD),"Moncton-Metropolitan Area Airport, NB (YQM)",Canada,0,0, Destroyed, Written off (damaged beyond repair),Curtiss C-46E-1-CS Commando,-,-,1945,-,-, CF-HTI,  2932,Maritime Central Airways,-,-,-,-,-,-,-,-,-,-,0,0,0,0,-,-,-
19630111-1,Friday,11-JAN-1963,11:00,A1, En route (ENR),near Périllos,France,12,12, Destroyed, Written off (damaged beyond repair),Lockheed L-749A Constellation,-,-,1947,-,-, F-BAZM, 2545,SGAC,Training,-,-,-,-,-,-,-,-,-,12,0,12,0,-,-,-
19630113-0,Sunday,13-JAN-1963,02:33,O1, Standing (STD),"Memphis Municipal Airport, TN (MEM)",United States of America,0,0, Substantial, Repaired,Fairchild C-123B Provider,-,-,-,-,-, 54-0589, 20038,USAF,Military,-,-,-,-,-,-,-,-,-,0,0,0,0,-,-,Final
19630113-1,Sunday,13-JAN-1963,02:33,A2, Taxi (TXI),"Memphis Municipal Airport, TN (MEM)",United States of America,5,1, Substantial, Repaired,Douglas DC-7,-,-,1954,-,-, N4875C, 44679/526,USAF,Ferry/positioning,-,Memphis Municipal Airport,MEM,KMEM,United States of America,-,-,-,-,5,0,1,0,-,-,Final
19630115-0,Tuesday,15-JAN-1963,-,A2, Landing (LDG),Colombo-Katunayake International Airport (CMB),Sri Lanka,7,0, Substantial, Repaired,Douglas DC-6A,-,-,1956,-,-, G-APON, 45058/662,Cunard Eagle Airways,Cargo,-,Aden International Airport,ADE,ODAA,Yemen,Colombo-Katunayake International Airport,CMB,VCBI,Sri Lanka,7,0,0,0,-,-,Preliminary - official
19630115-1,Tuesday,15-JAN-1963,16:12,A1, Initial climb (ICL),"4 km (2.5 mls) S of São Paulo-Congonhas Airport, SP (CGH)",Brazil,45,6, Damaged beyond repair,-,Convair CV-240-0,-,-,1948,-,-, PP-CEV,   6,Cruzeiro do Sul,Domestic Scheduled Passenger,-,São Paulo-Congonhas Airport,CGH,SBSP,Brazil,-,-,-,-,5,40,1,5,-,7,-
19630117-0,Thursday,17-JAN-1963,15:53,A1, Maneuvering (MNV),"Great Salt Lake, UT",United States of America,3,3, Destroyed, Written off (damaged beyond repair),Fairchild F-27,2,Rolls-Royce Dart 511,1958,-,11708.0, N2703,   6,West Coast Airlines,Training, 703,Salt Lake City Municipal Airport,SLC,KSLC,United States of America,Salt Lake City Municipal Airport,SLC,KSLC,United States of America,3,0,3,0,-,-,Final
19630117-1,Thursday,17-JAN-1963,-,A1, En route (ENR),22 km (13.8 mls) off  Chepbeica,Morocco,3,0, Damaged beyond repair,-,Scottish Aviation Twin Pioneer 1,2,Alvis Leonides 514,1958,-,-, G-APLN, 526,Bristow Helicopters,Ferry/positioning,-,Marrakech-Menara Airport,RAK,GMMX,Morocco,Puerto del Rosario Airport,FUE,GCFV,Spain,3,0,0,0,-,-,-
19630122-0,Tuesday,22-JAN-1963,-,A1, Landing (LDG),"Parnaiba Airport, PI (PHB)",Brazil,9,0, Damaged beyond repair,-,Convair CV-340-59,-,-,1954,-,-, PP-CDY, 166,Cruzeiro do Sul,Passenger,-,-,-,-,-,Parnaíba-Santos Dumont Airport,PHB,SBPB,Brazil,3,6,0,0,-,-,-
19630122-1,Tuesday,22-JAN-1963,-,A1, Approach (APR),"15 km (9.4 mls) SW off  Las Palmas, Islas Canarias",Spain,14,3, Damaged beyond repair,-,Douglas C-54E-15-DO (DC-4),-,-,1945,-,-, 6601, 27351,Portuguese AF,Military,-,-,-,-,-,Las Palmas-Gando Air Base,LPA,GCLP,Spain,7,7,0,3,-,-,-
19630125-0,Friday,25-JAN-1963,-,A2, Landing (LDG),Blackpool Airport (BLK),United Kingdom,9,0, Substantial, Repaired,Douglas Dakota III (DC-3),-,-,1944,-,-, G-AMJU, 25925/14480,BUA,Domestic Scheduled Passenger,-,Newcastle Airport,NCL,EGNT,United Kingdom,Blackpool Airport,BLK,EGNH,United Kingdom,3,6,0,0,-,-,Final
19630126-0,Saturday,26-JAN-1963,-,A1, Approach (APR),"Cape Lisburne AFB, AK",United States of America,2,1, Damaged beyond repair,-,Curtiss C-46F-1-CU Commando,-,-,1945,-,-, N67933, 22380,Skyvan Airways,Cargo,-,Kotzebue Airport,OTZ,PAOT,United States of America,Cape Lisburne Airport,LUR,PALU,United States of America,2,0,1,0,-,-,-
19630129-0,Tuesday,29-JAN-1963,22:44,A1, Approach (APR),"Kansas City Downtown Municipal Airport, MO (MKC)",United States of America,8,8, Damaged beyond repair,-,Vickers 812 Viscount,-,-,1958,-,12860.0, N242V, 356,Continental Air Lines,Domestic Scheduled Passenger, 290,Midland Air Terminal,MAF,KMAF,United States of America,Kansas City Downtown Municipal Airport,MKC,KMKC,United States of America,3,5,3,5,-,-,Final
19630130-0,Wednesday,30-JAN-1963,-,A1, En route (ENR),"370 km (231.3 mls) SE off  New York, NJ, USA",Atlantic Ocean,14,14, Missing, Presumed damaged beyond repair,Lockheed P-3A Orion,-,-,1962,-,-, 149672, 185-5013,US Navy,Military,-,Patuxent River NAS,NHK,KNHK,United States of America,Patuxent River NAS,NHK,KNHK,United States of America,14,0,14,0,-,-,-
19630201-0,Friday,01-FEB-1963,13:13,A1, Approach (APR),"Ulus District, Ankara",Turkey,14,14, Destroyed, Written off (damaged beyond repair),Vickers 754D Viscount,4,Rolls-Royce Dart 510,1957,5515.0,13187.0, OD-ADE, 244,MEA,International Scheduled Passenger,ME265,Nicosia Airport,NIC,LCNC,Cyprus,Ankara-Esenboga Airport,ESB,LTAC,Turkey,3,11,3,11,3,87,Final
19630201-1,Friday,01-FEB-1963,13:13,A1, En route (ENR),"Ulus District, Ankara",Turkey,3,3, Destroyed, Written off (damaged beyond repair),Douglas C-47A-80-DL (DC-3),-,-,1944,-,2340.0, CBK-28, 19668,Turkish AF,Military,-,Ankara-Etimesgut Air Base,ANK,LTAD,Turkey,Ankara-Etimesgut Air Base,ANK,LTAD,Turkey,3,0,3,0,14,-,Final
19630203-0,Sunday,03-FEB-1963,12:07,A1, Approach (APR),"San Francisco International Airport, CA (SFO)",United States of America,8,4, Damaged beyond repair,-,Lockheed L-1049H Super Constellation,-,-,1958,-,4258.0, N9740Z, 4851,Slick Airways,Cargo,  40Z,Albuquerque-Kirtland AFB,ABQ,KABQ,United States of America,San Francisco International Airport,SFO,KSFO,United States of America,3,5,2,2,-,-,-
19630204-0,Monday,04-FEB-1963,-,A1, Initial climb (ICL),"6,5 km (4.1 mls) SE of Ogden-Hill AFB, UT (HIF)",United States of America,20,1, Damaged beyond repair,-,Convair C-131E (CV-440),-,-,1956,-,-, 55-4758, 345,USAF,Military,-,-,-,-,-,San Bernardino-Norton AFB,SBD,KSBD,United States of America,-,-,1,0,-,-,-
19630208-0,Friday,08-FEB-1963,-,A2, Landing (LDG),London-Gatwick Airport (LGW),United Kingdom,2,0, Substantial, Repaired,Vickers 708 Viscount,4,Rolls-Royce Dart 505,1953,-,-, G-ARBY,  10,BUA,Cargo,-,Paris-Le Bourget Airport,LBG,LFPB,France,London-Gatwick Airport,LGW,EGKK,United Kingdom,2,0,0,0,-,-,Final
19630208-1,Friday,08-FEB-1963,-,A1, En route (ENR),"10,2 km (6.4 mls) E of Syktyvkar Airport (SCW)",Russia,7,7, Damaged beyond repair,-,Antonov An-10A,4,Ivchenko AI-20K,1960,1158.0,2156.0, CCCP-11193, 0402104,Aeroflot / Komi,Training,-,Syktyvkar Airport,SCW,UUYY,Russia,Syktyvkar Airport,SCW,UUYY,Russia,7,0,7,0,-,-,-
19630212-0,Tuesday,12-FEB-1963,13:50,A1, En route (ENR),"Everglades, FL",United States of America,43,43, Destroyed, Written off (damaged beyond repair),Boeing 720-051B,4,Pratt & Whitney JT3D-1,1962,-,4685.0, N724US, 18354/224,Northwest Orient Airlines,International Scheduled Passenger, 705,Miami International Airport,MIA,KMIA,United States of America,Chicago-O'Hare International Airport,ORD,KORD,United States of America,8,35,8,35,-,-,Final
19630214-0,Thursday,14-FEB-1963,-,A1, Unknown (UNK),"9,6 km (6 mls) N of Long Semodo",Malaysia,5,5, Damaged beyond repair,-,Scottish Aviation Twin Pioneer CC.1,2,Alvis Leonides 514,1959,-,-, XN318, 573,RAF,Military,-,-,-,-,-,-,-,-,-,-,-,-,-,-,-,-
19630215-0,Friday,15-FEB-1963,-,O1, Standing (STD),Fort-Lamy Airport (NDJ),Chad,-,0, Damaged beyond repair,-,Nord 2501 Noratlas,2,Bristol Hercules 739,-,-,-, 45, 45,French AF,Military,-,-,-,-,-,-,-,-,-,-,-,0,0,-,-,-
19630216-0,Saturday,16-FEB-1963,18:26,A1, Approach (APR),"Puyallup, WA",United States of America,2,0, Damaged beyond repair,-,Curtiss C-46F-1-CU Commando,-,-,1945,-,17683.0, N616Z, 22590,Zantop,Cargo,  60-16,Tacoma-McChord AFB,TCM,KTCM,United States of America,Great Falls-Malmstrom AFB,GFA,KGFA,United States of America,2,0,0,0,-,-,-
19630226-0,Tuesday,26-FEB-1963,08:55,A1, En route (ENR),"Bukhta Yemlinskaya, Shelikhov Gulf",Russia,10,10, Destroyed, Written off (damaged beyond repair),Ilyushin Il-18V,4,Ivchenko AI-20,1960,-,2105.0, CCCP-75732, 181002601,Aeroflot / Polar,Cargo,-,Anadyr Airport,DYR,UHMA,Russia,Magadan Airport,GDX,UHMM,Russia,8,2,8,2,-,-,-
19630227-0,Wednesday,27-FEB-1963,-,A1, Initial climb (ICL),"Fairbanks-Eielson AFB, AK (EIL)",United States of America,7,7, Destroyed, Written off (damaged beyond repair),Boeing KC-135A Stratotanker,4,Pratt & Whitney J57-P,1957,-,-, 56-3597, 17346/36,USAF,Military,-,Fairbanks-Eielson AFB,EIL,PAEI,United States of America,Fairbanks-Eielson AFB,EIL,PAEI,United States of America,7,0,7,0,-,2,-
19630302-0,Saturday,02-MAR-1963,-,A1, En route (ENR),Mt. Boca,Philippines,27,27, Damaged beyond repair,-,Douglas C-47B-30-DK (DC-3),2,Pratt & Whitney R-1830-90C,1945,-,-, PI-C489, 32863/16115,Philippine Air Lines,Domestic Scheduled Passenger, 984,Cotabato-Awang Airport,CBO,RPMC,Philippines,Davao City-Francisco Bangoy International Airport,DVO,RPMD,Philippines,3,24,3,24,-,-,-
19630303-0,Sunday,03-MAR-1963,-,A1, Unknown (UNK),at an unknown location,Unknown country,-,-, Damaged beyond repair,-,Douglas C-47D (DC-3),-,-,1944,-,-, 43-49238, 26499/15054,USAF,Military,-,-,-,-,-,-,-,-,-,-,-,-,-,-,-,-
19630304-0,Monday,04-MAR-1963,-,A1, Landing (LDG),Herzogenaurach Airport,Germany,-,0, Damaged beyond repair,-,Douglas DC-3A-191,2,Pratt & Whitney R-1830,1937,-,-, N16067, 1907,Flugtransport,Unknown,-,-,-,-,-,-,-,-,-,-,-,0,0,-,-,-
19630304-1,Monday,04-MAR-1963,-,A1, Taxi (TXI),Bentwaters RAF Station (BWY),United Kingdom,-,0, Damaged beyond repair,-,Douglas C-47A-DL (DC-3),2,Pratt & Whitney R-1830-92,1944,-,-, 43-30655, 13806,USAF,Military,-,-,-,-,-,-,-,-,-,-,-,0,0,-,-,-
19630305-0,Tuesday,05-MAR-1963,19:34,A1, Approach (APR),Ashgabat Airport (ASB),Turkmenistan,54,12, Damaged beyond repair,-,Ilyushin Il-18V,4,Ivchenko AI-20,1961,1213.0,2098.0, CCCP-75765, 181003404,Aeroflot / Turkmenistan,Domestic Scheduled Passenger, 191,Krasnovodsk Airport,KRW,UTAK,Turkmenistan,Ashgabat Airport,ASB,UTAA,Turkmenistan,11,43,8,4,-,-,-
19630312-0,Tuesday,12-MAR-1963,-,O1, Standing (STD),near Richardson Lakes,Antarctica,0,0, Damaged beyond repair,-,Antonov An-6,1,Shvetsov Ash-62IR/TK,-,-,-, CCCP-04342, 110547318 ?,Polyarnaya Aviatsiya,-,-,-,-,-,-,-,-,-,-,0,0,0,0,-,-,-
19630312-1,Tuesday,12-MAR-1963,-,O1, Standing (STD),near Richardson Lakes,Antarctica,0,0, Damaged beyond repair,-,Antonov An-6,1,Shvetsov Ash-62IR/TK,1958,-,-, CCCP-98341, 110447314,Aeroflot / Polar,-,-,-,-,-,-,-,-,-,-,0,0,0,0,-,-,-
19630313-0,Wednesday,13-MAR-1963,-,A1, Landing (LDG),Kalimikui,Kenya,-,0, Damaged beyond repair,-,Scottish Aviation Twin Pioneer CC.2,2,Alvis Leonides 514,1958,-,-, XM290, 544,RAF,Military,-,-,-,-,-,-,-,-,-,-,-,0,0,-,-,-
19630313-2,Wednesday,13-MAR-1963,10:00,A1, Takeoff (TOF),Monte Real Air Base,Portugal,7,0, Damaged beyond repair,-,Junkers Ju-52/3m,-,-,-,-,-, registration unknown,-,Portuguese AF,Military,-,-,-,-,-,-,-,-,-,-,-,0,0,-,-,-
19630315-0,Friday,15-MAR-1963,05:40,A1, En route (ENR),11 km (6.9 mls) SE of Karaj,Iran,4,4, Damaged beyond repair,-,Avro 685 York C.1,4,Rolls-Royce Merlin,1945,-,-, OD-ACZ, 1218,TMA,Cargo,-,Tehran-Mehrabad Airport,THR,OIII,Iran,Beirut International Airport,BEY,OLBA,Lebanon,4,0,4,0,-,-,-
19630315-1,Friday,15-MAR-1963,13:55,A1, En route (ENR),near Tacora Volcano,Peru,39,39, Damaged beyond repair,-,Douglas DC-6B,4,Pratt & Whitney R-2800,1951,-,-, CP-707, 43547/204,LAB,International Scheduled Passenger, 915,Arica-Chacalluta Airport,ARI,SCAR,Chile,La Paz-El Alto Airport,LPB,SLLP,Bolivia,3,36,3,36,-,-,-
19630315-2,Friday,15-MAR-1963,-,A1, Landing (LDG),"Memphis NAS, TN (NQA)",United States of America,33,0, Damaged beyond repair,-,Douglas C-117D (DC-3),-,-,1944,-,-, 17158, 43368,US Navy,Military,-,Saint Louis-Lambert International Airport,STL,KSTL,United States of America,Memphis NAS,NQA,KNQA,United States of America,3,30,0,0,-,-,-
19630317-0,Sunday,17-MAR-1963,-,A2, Landing (LDG),Berlin-Tegel Airport (TXL),Germany,37,0, Substantial, Repaired,Vickers 802 Viscount,4,Rolls-Royce Dart 510,1957,-,-, G-AOHO, 164,BEA,International Scheduled Passenger,-,Hannover Airport,HAJ,EDDV,Germany,Berlin-Tempelhof Airport,THF,EDDI,Germany,4,33,0,0,-,-,Final
19630320-0,Wednesday,20-MAR-1963,03:23,A1, En route (ENR),30 km (18.8 mls) SW of Cuneo,Italy,18,18, Destroyed, Written off (damaged beyond repair),de Havilland DH-106 Comet 4C,-,-,1962,-,-, SA-R-7, 6461,Saudi Arabian Government,Official state flight,-,Genève-Cointrin Airport,GVA,LSGG,Switzerland,Nice-Côte d'Azur Airport,NCE,LFMN,France,9,9,9,9,-,-,-
19630327-0,Wednesday,27-MAR-1963,-,A1, En route (ENR),near Staverton Airport (GLO),United Kingdom,2,2, Damaged beyond repair,-,Vickers 668 Varsity T.1,2,Bristol Hercules 264,1952,-,-, G-APAZ, 561,RAF,Training,-,Staverton Airport,GLO,EGBJ,United Kingdom,Staverton Airport,GLO,EGBJ,United Kingdom,2,0,2,0,-,-,Final
19630329-0,Friday,29-MAR-1963,-,A1, Unknown (UNK),Kasongo Lunda Airport (KGN),Democratic Republic of the Congo,-,-, Damaged beyond repair,-,Douglas DC-3D,-,-,1944,-,-, 9Q-CUS, 43092,Air Congo,Unknown,-,-,-,-,-,-,-,-,-,-,-,-,-,-,-,-
19630329-1,Friday,29-MAR-1963,-,A2, Landing (LDG),Dublin Airport (DUB),Ireland,50,0, Substantial, Repaired,Vickers 953 Vanguard,-,-,1961,-,-, G-APEJ, 713,BEA,International Scheduled Passenger,-,-,-,-,-,Dublin Airport,DUB,EIDW,Ireland,7,43,0,0,-,-,Final
19630330-0,Saturday,30-MAR-1963,-,A1, En route (ENR),"6,5 km (4.1 mls) NW of Sora",Italy,8,8, Damaged beyond repair,-,Douglas C-47B-35-DK (DC-3),2,Pratt & Whitney R-1830-90C,1945,-,13941.0, I-TAVI, 33225/16477,Itavia,Domestic Scheduled Passenger, 703,Pescara-Liberi Airport,PSR,LIBP,Italy,Roma-Ciampino Airport,CIA,LIRA,Italy,3,5,3,5,-,-,-
19630330-1,Saturday,30-MAR-1963,-,A1, Landing (LDG),Pisa-Arturo dell'Oro Air Base (PSA),Italy,-,0, Damaged beyond repair,-,Fairchild C-119G Flying Boxcar,2,Wright R-3350,-,-,-, MM52-6005, 10863,Italian AF,Military,-,-,-,-,-,Pisa-Arturo dell'Oro Air Base,PSA,LIRP,Italy,-,-,0,0,-,-,-
19630402-0,Tuesday,02-APR-1963,-,A1, Takeoff (TOF),Magadan Airport (GDX),Russia,-,0, Damaged beyond repair,-,Antonov An-12,-,-,1962,-,-, CCCP-11338, 2400504,Aeroflot / Polar,Unknown,-,Magadan Airport,GDX,UHMM,Russia,-,-,-,-,-,-,0,0,-,-,-
19630403-0,Wednesday,03-APR-1963,-,O1, Standing (STD),"Punta Indio, BA",Argentina,0,0, Damaged beyond repair,-,Douglas C-54A-DO (DC-4),-,-,1943,-,-, 0290/CTA-2, 3093,Argentine Navy,Military,-,-,-,-,-,-,-,-,-,0,0,0,0,-,-,-
19630403-1,Wednesday,03-APR-1963,-,O1, Standing (STD),"Punta Indio, BA",Argentina,0,0, Damaged beyond repair,-,Douglas LC-47A (DC-3),-,-,1944,-,-, 0281/CTA-12, 12732,Argentine Navy,Military,-,-,-,-,-,-,-,-,-,0,0,0,0,-,-,-
19630404-0,Thursday,04-APR-1963,04:30,A1, En route (ENR),"3,5 km (2.2 mls) SW of Urakhcha, Rybnaya Sloboda district, Tatarstan",Russia,67,67, Destroyed, Written off (damaged beyond repair),Ilyushin Il-18,-,-,1963,68.0,154.0, CCCP-75866, 183005901,Aeroflot / Krasnoyarsk,Domestic Scheduled Passenger,  25,Moskva-Sheremetyevo Airport,SVO,UUEE,Russia,Krasnoyarsk Airport,KJA,UNKL,Russia,8,59,8,59,-,-,-
19630404-1,Thursday,04-APR-1963,-,O1, Standing (STD),"Flin Flon Airport, MB (YFO)",Canada,0,0, Damaged beyond repair,-,Grumman G-73 Mallard,-,-,1947,-,-, CF-FLC, J-20,Hudson Bay Air Transport,-,-,-,-,-,-,-,-,-,-,0,0,0,0,-,-,- (No safety board investigation)
19630407-0,Sunday,07-APR-1963,-,A1, Takeoff (TOF),Hamah,Syria,-,1, Damaged beyond repair,-,Douglas DC-6B,4,Pratt & Whitney R-2800,1953,-,-, YK-AEB, 43749/317,Syrian Arab Airlines,Unknown,-,-,-,-,-,-,-,-,-,-,-,0,1,-,-,-
19630407-1,Sunday,07-APR-1963,-,U1, Unknown (UNK),unknown,Unknown country,-,-, Damaged beyond repair,-,Curtiss C-46 Commando,-,-,-,-,-, registration unknown,-,Republic of China AF,Military,-,-,-,-,-,-,-,-,-,-,-,-,-,-,-,-
19630408-0,Monday,08-APR-1963,-,A2, En route (ENR),near Palermo,Italy,44,0, Substantial, Repaired,Vickers 806 Viscount,4,Rolls-Royce Dart 520,1958,-,-, G-AOYS, 267,BEA,International Scheduled Passenger,-,Malta-Luqa Airport,MLA,LMML,Malta,-,-,-,-,4,40,0,0,-,-,Final
19630408-1,Monday,08-APR-1963,-,A1, Takeoff (TOF),"Rio de Janeiro-Galeão International Airport, RJ (GIG)",Brazil,7,0, Damaged beyond repair,-,Douglas DC-7C,-,-,1957,-,-, PP-PDM, 45124/808,Panair do Brasil,Training,-,Rio de Janeiro-Galeão International Airport,GIG,SBGL,Brazil,-,-,-,-,7,0,0,0,-,-,-
19630410-0,Wednesday,10-APR-1963,16:12,A1, Approach (APR),"1,2 km (0.8 mls) NE of Fairfield-Travis AFB, CA (SUU)",United States of America,9,9, Damaged beyond repair,-,Douglas C-133B-DL Cargomaster,4,Pratt & Whitney T34-P-9W,1960,-,-, 59-0523, 45574,USAF,Military,-,Fairfield-Travis AFB,SUU,KSUU,United States of America,Fairfield-Travis AFB,SUU,KSUU,United States of America,9,0,9,0,-,-,-
19630412-0,Friday,12-APR-1963,-,A1, Maneuvering (MNV),Nakhon Phanom,Thailand,3,3, Damaged beyond repair,-,Fairchild C-123B-18-FA Provider,-,-,-,-,-, 56-4380, 20264,USAF,Military,-,Nakhon Phanom Airport,KOP,VTUW,Thailand,-,-,-,-,3,0,3,0,-,2,-
19630413-0,Saturday,13-APR-1963,-,A1, Approach (APR),near El Adem RAF Station,Libya,4,2, Damaged beyond repair,-,Blackburn Beverley C.1,4,Bristol Centaurus 173,1956,-,-, XB268, 1011 ?,RAF,Military,-,-,-,-,-,-,-,-,-,4,0,2,0,-,-,-
19630413-1,Saturday,13-APR-1963,03:04,A1, Approach (APR),Kobenhavn-Kastrup Airport (CPH),Denmark,3,0, Destroyed, Written off (damaged beyond repair),Douglas DC-6B,4,Pratt & Whitney R-2800,1952,-,-, OY-EAP, 43750/283,Sterling Airways,Ferry/positioning,-,Las Palmas-Airport de Gran Canaria,LPA,GCLP,Spain,København-Kastrup Airport,CPH,EKCH,Denmark,3,0,0,0,-,-,Final
19630414-0,Sunday,14-APR-1963,11:18,A1, Approach (APR),6 km (3.8 mls) W of Oslo-Fornebu Airport (FBU),Norway,12,12, Damaged beyond repair,-,Vickers 759D Viscount,-,-,1956,-,-, TF-ISU, 149,Icelandair,International Scheduled Passenger,-,København-Kastrup Airport,CPH,EKCH,Denmark,Oslo-Fornebu Airport,FBU,ENFB,Norway,4,8,4,8,-,-,-
19630418-0,Thursday,18-APR-1963,-,A1, Approach (APR),"1,6 km (1 mls) W of Bu Hafafa",United Arab Emirates,-,8, Damaged beyond repair,-,Scottish Aviation Twin Pioneer CC.2,2,Alvis Leonides 514,1958,-,-, XL994, 530,RAF,Military,-,-,-,-,-,-,-,-,-,-,-,-,-,-,-,-
19630421-1,Sunday,21-APR-1963,-,A1, En route (ENR),off Fuerteventura,Spain,7,7, Missing, Presumed damaged beyond repair,Douglas C-47A-80-DL (DC-3),-,-,1944,-,-, T.3-44, 19750,Spanish AF,Military,-,Las Palmas-Gando Air Base,LPA,GCLP,Spain,Albacete-Los Llanos Air Base,ABC,LEAB,Spain,-,-,-,-,-,-,-
19630423-0,Tuesday,23-APR-1963,08:42,A1, Takeoff (TOF),near Masjed Soleyman,Iran,3,3, Damaged beyond repair,-,de Havilland Canada U-1A Otter (DHC-3),-,-,1956,-,-, 55-3291, 143,US Army,Military,-,-,-,-,-,-,-,-,-,-,-,-,-,-,-,-
19630426-0,Friday,26-APR-1963,-,A1, Unknown (UNK),"near Albuquerque, NM",United States of America,9,9, Damaged beyond repair,-,Douglas C-47 (DC-3),-,-,-,-,-, registration unknown,-,USAF,Military,-,-,-,-,-,-,-,-,-,5,4,5,4,-,-,-
19630430-0,Tuesday,30-APR-1963,-,A1, Unknown (UNK),Hachijo Jima Airport (HAC),Japan,2,0, Damaged beyond repair,-,Douglas DC-3-201E,-,-,1940,-,-, JA5039, 3253,All Nippon,Unknown,-,-,-,-,-,-,-,-,-,2,0,0,0,-,-,-
19630501-0,Wednesday,01-MAY-1963,08:50,A1, En route (ENR),Awaji-Shima,Japan,11,9, Damaged beyond repair,-,de Havilland Canada DHC-3 Otter,-,-,1958,-,-, JA3115, 223,Nitto Aviation,Passenger,-,Osaka-Itami Airport,ITM,RJOO,Japan,Tokushima Airport,TKS,RJOS,Japan,2,9,0,9,-,-,-
19630503-0,Friday,03-MAY-1963,19:40,A1, Approach (APR),"ca 1 km E of São Paulo-Congonhas Airport, SP (CGH)",Brazil,50,37, Destroyed, Written off (damaged beyond repair),Convair CV-340-59,-,-,1954,-,-, PP-CDW, 159,Cruzeiro do Sul,Domestic Scheduled Passenger,-,São Paulo-Congonhas Airport,CGH,SBSP,Brazil,Rio de Janeiro-Santos Dumont Airport,SDU,SBRJ,Brazil,5,45,4,33,-,-,-
19630503-1,Friday,03-MAY-1963,13:27,A1, En route (ENR),Mt. Cameroon,Cameroon,55,55, Damaged beyond repair,-,Douglas DC-6B,4,Pratt & Whitney R-2800,1958,-,-, F-BIAO, 45479/996,Air Afrique,International Scheduled Passenger,-,Douala Airport,DLA,FKKD,Cameroon,Lagos/Ikeja International Airport,LOS,DNMM,Nigeria,7,48,7,48,-,-,-
19630505-0,Sunday,05-MAY-1963,06:30,O1, Standing (STD),São Paulo-Congonhas Airport (CGH),Brazil,-,0, Damaged beyond repair,-,Douglas DC-4,-,-,1944,-,-, PP-BTR, 27237,Paraense Transportes Aéreos,Unknown,-,-,-,-,-,-,-,-,-,-,-,0,0,-,-,-
19630507-0,Tuesday,07-MAY-1963,-,U1, Unknown (UNK),"Camp Springs-Andrews AFB, MD (ADW)",United States of America,-,-, Damaged beyond repair,-,North American T-39A-1-NA Sabreliner,-,-,-,-,-, 61-0644, 265-47,USAF,Military,-,-,-,-,-,-,-,-,-,-,-,-,-,-,-,-
19630510-0,Friday,10-MAY-1963,-,U1, Unknown (UNK),Sendai,Japan,-,-, Damaged beyond repair,-,Douglas DC-3 (R4D-4),-,-,1942,-,-, JA5040, 6349,All Nippon,Unknown,-,-,-,-,-,-,-,-,-,-,-,-,-,-,-,-
19630512-0,Sunday,12-MAY-1963,-,A1, En route (ENR),Az Zahweyyin,Egypt,34,34, Damaged beyond repair,-,Douglas DC-3,-,-,-,-,-, SU-AJX,-,UAA,Domestic Scheduled Passenger,-,Cairo International Airport,CAI,HECA,Egypt,Alexandria Airport,ALY,HEAX,Egypt,4,30,4,30,-,-,-
19630514-0,Tuesday,14-MAY-1963,-,A1, Takeoff (TOF),at an unknown location,Unknown country,-,-, Damaged beyond repair,-,Scottish Aviation Twin Pioneer 3,2,Alvis Leonides 531,1961,-,-, PK-GTC, 579,Garuda,Unknown,-,-,-,-,-,-,-,-,-,-,-,-,-,-,-,-
19630518-0,Saturday,18-MAY-1963,-,A1, Approach (APR),"1,5 km (0.9 mls) from  Leningrad-Smolnoye Airport",Russia,-,0, Damaged beyond repair,-,Tupolev Tu-104B,2,Mikulin AM-3M-500,1960,-,-, CCCP-42483, 021501,Aeroflot / Northern,Domestic Scheduled Passenger,-,-,-,-,-,Leningrad-Smolnoye Airport,RVH,ULSS,Russia,-,-,0,0,-,-,-
19630522-0,Wednesday,22-MAY-1963,-,U1, Unknown (UNK),Hassi Messaoud Airport (HME),Algeria,-,-, Damaged beyond repair,-,Douglas C-47B-5-DK (DC-3),2,Pratt & Whitney R-1830-90C,1944,-,-, F-OAVR, 25965/14520,Air Algérie,Unknown,-,-,-,-,-,-,-,-,-,-,-,-,-,-,-,-
19630528-0,Tuesday,28-MAY-1963,-,A1, Unknown (UNK),at an unknown location,Unknown country,-,-, Damaged beyond repair,-,Douglas VC-117A,-,-,1945,-,-, 45-2545, 34129/18584,USAF,Military,-,-,-,-,-,-,-,-,-,-,-,-,-,-,-,-
19630528-1,Tuesday,28-MAY-1963,17:46,A1, Approach (APR),"Manhattan Municipal, KS",United States of America,70,0, Damaged beyond repair,-,Lockheed L-1049G Super Constellation,-,-,1954,-,19803.0, N189S, 4541,Standard Airways,Domestic Non Scheduled Passenger, 338C,Daggett-Barstow-Daggett Airport,DAG,KDAG,United States of America,Manhattan Municipal Airport,MHK,KMHK,United States of America,6,64,0,0,-,-,Final
19630530-0,Thursday,30-MAY-1963,-,O1, Standing (STD),"Newark International Airport, NJ (EWR)",United States of America,0,0, Damaged beyond repair,-,Convair CV-990-30A-5 Coronado,4,General Electric CJ805-23,1962,-,-, N5616, 30-10-28,American Airlines,-,-,-,-,-,-,-,-,-,-,0,0,0,0,-,-,-
19630531-0,Friday,31-MAY-1963,-,O1, Standing (STD),unknown,Unknown country,-,-, Damaged beyond repair,-,Douglas C-47A-5-DL (DC-3),-,-,1943,-,-, 42-23351, 9213,USAF,Military,-,-,-,-,-,-,-,-,-,-,-,-,-,-,-,-
19630603-0,Monday,03-JUN-1963,-,A1, En route (ENR),Sarna,India,29,29, Destroyed, Written off (damaged beyond repair),Douglas DC-3 Hiper,2,Pratt & Whitney R-2000-D5,1944,-,-, VT-AUL, 20265,Indian Airlines,Domestic Scheduled Passenger,-,Amritsar-Raja Sansi Airport,ATQ,VIAR,India,Srinagar Airport,SXR,VISR,India,3,26,3,26,-,-,-
19630603-1,Monday,03-JUN-1963,18:16,A1, En route (ENR),"292 km (182.5 mls) WSW off  Annette Island, AK, USA",Pacific Ocean,101,101, Destroyed, Written off (damaged beyond repair),Douglas DC-7CF,-,-,1957,-,-, N290, 45209/861,Northwest Orient Airlines,Domestic Non Scheduled Passenger, 293,Tacoma-McChord AFB,TCM,KTCM,United States of America,Anchorage-Elmendorf AFB,EDF,PAED,United States of America,6,95,6,95,-,-,-
19630605-0,Wednesday,05-JUN-1963,-,A2, Takeoff (TOF),Osaka-Itami Airport (ITM),Japan,2,0, Substantial, Repaired,Douglas DC-3-201,-,-,1937,-,-, JA5027, 1996,All Nippon,Unknown,-,Osaka-Itami Airport,ITM,RJOO,Japan,-,-,-,-,2,0,0,0,-,-,-
19630610-0,Monday,10-JUN-1963,-,A1, Unknown (UNK),Mt. Kaolokung,China,20,20, Damaged beyond repair,-,Douglas C-47A-40-DL (DC-3),2,Pratt & Whitney R-1830-92,1944,-,-, XY-ACS, 9877,Union of Burma Airways,Domestic Scheduled Passenger,-,Yangon-Mingaladon Airport,RGN,VYYY,Myanmar,Putao Airport,PBU,VYPT,Myanmar,5,15,5,15,-,-,-
19630616-0,Sunday,16-JUN-1963,-,A1, En route (ENR),3 km (1.9 mls) W of Békéssámson,Hungary,31,31, Damaged beyond repair,-,VEB 14P,-,-,-,-,-, YR-ILL, 14803072,Tarom,Int'l Non Scheduled Passenger,-,München-Riem Airport,MUC,EDDM,Germany,Constanta-Kogalniceanu Airport,CND,LRCK,Romania,4,27,4,27,-,-,-
19630616-1,Sunday,16-JUN-1963,15:00,A1, En route (ENR),42 km (26.3 mls) from  Puerto Aisen,Chile,20,19, Damaged beyond repair,-,Douglas C-47A-75-DL (DC-3),2,Pratt & Whitney R-1830-92,1944,-,-, 953, 19465,Chilean AF,Military,-,Balmaceda-Teniente Vidal Airport,BBA,SCBA,Chile,Puerto Aysen Airport,WPA,SCAS,Chile,6,14,6,13,-,-,-
19630616-2,Sunday,16-JUN-1963,-,A1, Unknown (UNK),"Aurora-Lowry AFB, CO",United States of America,-,-, Damaged beyond repair,-,Douglas C-47A-90-DL (DC-3),-,-,1944,-,-, 43-15957, 20423,USAF,Military,-,-,-,-,-,-,-,-,-,-,-,-,-,-,-,-
19630619-0,Wednesday,19-JUN-1963,-,C1, En route (ENR),"Linchuan, Jiangxi",China,14,14, Damaged beyond repair,-,Lockheed RB-69A Neptune,-,-,-,-,-, 54-4041, 726-7105,Republic of China AF,Military,-,-,-,-,-,-,-,-,-,14,0,14,0,-,-,-
19630621-0,Friday,21-JUN-1963,-,A1, Landing (LDG),"Brasilia International Airport, DF (BSB)",Brazil,-,0, Damaged beyond repair,-,Curtiss C-46A-55-CK Commando,2,Pratt & Whitney R-2800-51,1945,-,-, PP-NBP,   226,Varig,Unknown,-,-,-,-,-,-,-,-,-,-,-,0,0,-,-,-
19630621-1,Friday,21-JUN-1963,-,A1, Approach (APR),"9,5 km (5.9 mls) N of Springfield-Westover AFB, MA (CEF)",United States of America,4,1, Damaged beyond repair,-,Boeing KC-135A Stratotanker,4,Pratt & Whitney J57-P,1958,-,-, 57-1498, 17569/178,USAF,Military,-,Springfield-Westover AFB,CEF,KCEF,United States of America,Springfield-Westover AFB,CEF,KCEF,United States of America,4,0,1,0,-,-,-
19630626-0,Wednesday,26-JUN-1963,-,C1, Approach (APR),near Detmold,Germany,47,38, Damaged beyond repair,-,Kaiser-Frazer C-119G Flying Boxcar,-,-,1952,-,3172.0, CP-45/OT-CEE, 246,Belgian AF,Military,-,-,-,-,-,Gütersloh RAF Station,GUT,ETUO,Germany,5,42,5,33,-,-,-
19630701-0,Monday,01-JUL-1963,-,A1, Approach (APR),"near Passo Fundo Airport, RS (PFB)",Brazil,18,15, Damaged beyond repair,-,Douglas C-47B-20-DK (DC-3),2,Pratt & Whitney R-1830-90C,1944,-,-, PP-VBV, 26889/15444,Varig,Domestic Scheduled Passenger,-,Porto Alegre Airport,POA,SBPA,Brazil,Passo Fundo Airport,PFB,SBPF,Brazil,3,15,2,13,-,-,-
19630701-1,Monday,01-JUL-1963,-,A1, Takeoff (TOF),within Vietnam,Vietnam,1,1, Damaged beyond repair,-,de Havilland Canada U-1A Otter (DHC-3),-,-,-,-,-, 58-1706, 321,US Army,Military,-,-,-,-,-,-,-,-,-,1,0,1,0,-,-,-
19630702-0,Tuesday,02-JUL-1963,16:49,A1, Takeoff (TOF),"Rochester-Monroe County Airport, NY (ROC)",United States of America,43,7, Damaged beyond repair,-,Martin 4-0-4,-,-,1952,-,29817.0, N449A, 14140,Mohawk Airlines,Domestic Scheduled Passenger, 112,Rochester-Monroe County Airport,ROC,KROC,United States of America,Newark International Airport,EWR,KEWR,United States of America,3,40,2,5,-,-,-
19630702-1,Tuesday,02-JUL-1963,-,A1, Landing (LDG),Tauramena Airport (TAU),Colombia,9,6, Damaged beyond repair,-,Douglas C-47 (DC-3),-,-,-,-,-, FAC-678,-,Colombian AF,Military,-,Apiay-Captain Luis F. Gómez Niño Air Base,API,SKAP,Colombia,-,-,-,-,-,-,-,-,-,-,-
19630703-0,Wednesday,03-JUL-1963,09:09,A1, En route (ENR),near Mt. Ngatamahinerua,New Zealand,23,23, Damaged beyond repair,-,Douglas DC-3C,-,-,1944,-,18629.0, ZK-AYZ, 26649/15204,New Zealand National Airways,Domestic Scheduled Passenger, 441,-,-,-,-,Tauranga Airport,TRG,NZTG,New Zealand,3,20,3,20,-,-,Final
19630703-1,Wednesday,03-JUL-1963,19:06,A1, Approach (APR),"0,3 km (0.2 mls) N of Córdoba-Pajas Blancas Airport, CD (COR)",Argentina,70,0, Damaged beyond repair,-,Sud Aviation SE-210 Caravelle VI-N,-,-,1962,-,-, LV-HGY, 127,Aerolineas Argentinas,Domestic Scheduled Passenger, 527/03,Mendoza-El Plumerillo Airport,MDZ,SAME,Argentina,Córdoba-Pajas Blancas Airport,COR,SACO,Argentina,7,63,0,0,-,-,Final
19630710-0,Wednesday,10-JUL-1963,-,A1, En route (ENR),15 km (9.4 mls) SW off  South Caicos Island,Turks and Caicos Islands,2,0, Damaged beyond repair,-,Douglas C-54A-15-DC (DC-4),-,-,1944,-,-, HP-382, 10387,APASA,Cargo,-,-,-,-,-,-,-,-,-,2,0,0,0,-,-,-
19630710-2,Wednesday,10-JUL-1963,-,A1, Unknown (UNK),"Pierce Lake, SK",Canada,3,3, Damaged beyond repair,-,Douglas C-47B Dakota 4FP (DC-3),-,-,1945,-,-, KN278, 27214/15769,RCAF,Military,-,-,-,-,-,-,-,-,-,3,0,3,0,-,-,-
19630713-0,Saturday,13-JUL-1963,05:06,A1, Approach (APR),2 km (1.3 mls) SE of Irkutsk Airport (IKT),Russia,35,33, Destroyed, Written off (damaged beyond repair),Tupolev Tu-104B,2,Mikulin AM-3M-500,1960,1138.0,2497.0, CCCP-42492, 021605,Aeroflot / East Siberia,International Scheduled Passenger, 012,Beijing-Capital International Airport,PEK,ZBAA,China,Irkutsk Airport,IKT,UIII,Russia,8,27,8,25,-,-,-
19630715-0,Monday,15-JUL-1963,-,A1, Takeoff (TOF),Farafangana Airport (RVA),Madagascar,12,6, Damaged beyond repair,-,Douglas C-47A-20-DK (DC-3),2,Pratt & Whitney R-1830-92,1944,-,-, 5R-MAJ, 12813,Air Madagascar,Domestic Scheduled Passenger,-,Farafangana Airport,RVA,FMSG,Madagascar,-,-,-,-,4,8,4,2,-,-,-
19630716-0,Tuesday,16-JUL-1963,-,A1, Landing (LDG),near Chandigarh Airport (IXC),India,-,6, Damaged beyond repair,-,Antonov An-12A,4,Ivchenko AI-20K,1962,-,-, BL734, 2401306,Indian AF,Military,-,-,-,-,-,Chandigarh Airport,IXC,VICG,India,-,-,-,-,-,-,-
19630717-0,Wednesday,17-JUL-1963,-,A1, Maneuvering (MNV),Pak Tha,Laos,6,6, Damaged beyond repair,-,Curtiss C-46F-1-CU Commando,-,-,1945,-,-, B-148, 22510,Air America,Cargo,-,-,-,-,-,-,-,-,-,6,0,6,0,-,-,-
19630723-0,Tuesday,23-JUL-1963,-,A1, Unknown (UNK),at an unknown location,Unknown country,-,-, Damaged beyond repair,-,Douglas C-47D (DC-3),-,-,1944,-,-, 43-48766, 26027/14582,USAF,Military,-,-,-,-,-,-,-,-,-,-,-,-,-,-,-,-
19630724-0,Wednesday,24-JUL-1963,-,A1, Maneuvering (MNV),Karaganda Airport (KGF),Kazakhstan,1,1, Damaged beyond repair,-,Antonov An-2T,-,-,1956,-,5547.0, CCCP-43833, 16547316,Aeroflot / Kazakstan,Illegal Flight,-,Karaganda Airport,KGF,UAKK,Kazakhstan,-,-,-,-,1,0,1,0,-,-,-
19630728-0,Sunday,28-JUL-1963,01:50,A1, Approach (APR),10 km (6.3 mls) WNW off  Bombay Airport (BOM),India,63,63, Destroyed, Written off (damaged beyond repair),de Havilland DH-106 Comet 4C,-,-,1960,-,-, SU-ALD, 6441,UAA,International Scheduled Passenger, 869,Bangkok-Don Muang International Airport,BKK,VTBD,Thailand,Bombay-Santacruz Airport,BOM,VABB,India,8,55,8,55,-,-,-
19630731-0,Wednesday,31-JUL-1963,-,A1, Landing (LDG),"Gander-RCAF Station, NL (YQX)",Canada,7,0, Damaged beyond repair,-,Lockheed EC-121K Super Constellation,-,-,1956,-,8444.0, 141329, 4453,US Navy,Military,-,-,-,-,-,Gander-RCAF Station,YQX,CYQX,Canada,-,-,0,0,-,-,-
19630731-1,Wednesday,31-JUL-1963,-,O1, Standing (STD),"Dover AFB, DE (DOV)",United States of America,-,0, Damaged beyond repair,-,Douglas C-133A Cargomaster,-,-,1958,-,-, 56-2005, 45170,USAF,Military,-,-,-,-,-,-,-,-,-,-,-,0,0,-,-,-
19630802-0,Friday,02-AUG-1963,-,A2, Landing (LDG),Milano-Linate Airport (LIN),Italy,96,0, Substantial, Repaired,de Havilland DH-106 Comet 4B,-,-,1961,-,-, G-ARJN, 6459,BEA,International Scheduled Passenger,-,London Airport,LHR,EGLL,United Kingdom,Milano-Linate Airport,LIN,LIML,Italy,7,89,0,0,-,-,Final
19630804-0,Sunday,04-AUG-1963,-,A1, En route (ENR),"Ibicaré, SC",Brazil,10,10, Damaged beyond repair,-,Douglas C-49E (DC-3DST-144),-,-,1936,-,-, PP-SLL, 1500,Sadia,Domestic Scheduled Passenger,-,Joaçaba Airport,JCB,SSJA,Brazil,Videira Airport,VIA,SSVI,Brazil,4,6,4,6,-,-,-
19630804-1,Sunday,04-AUG-1963,-,A1, En route (ENR),Zavkhan Province,Mongolia,-,-, Damaged beyond repair,-,Ilyushin Il-14,-,-,-,-,-, MT-105,-,MIAT,Unknown,-,-,-,-,-,-,-,-,-,-,-,-,-,-,-,-
19630808-0,Thursday,08-AUG-1963,15:25,A1, En route (ENR),"Stettynskloof, Western Cape",South Africa,13,13, Destroyed, Written off (damaged beyond repair),Avro Shackleton MR.3,4,Rolls-Royce Griffon 57A,1957,-,777.0, 1718/K, 1528,South African AF,Military,-,Cape Town International Airport,CPT,FACT,South Africa,Cape Town International Airport,CPT,FACT,South Africa,13,0,13,0,-,-,-
19630809-0,Friday,09-AUG-1963,-,A1, Unknown (UNK),at an unknown location,Unknown country,-,-, Damaged beyond repair,-,Consolidated PBY-6A Catalina,-,-,-,-,-, PT-BBP, 2134,Servicios Aerotaxi Abast do Vale,Unknown,-,-,-,-,-,-,-,-,-,-,-,-,-,-,-,-
19630810-0,Saturday,10-AUG-1963,19:36,A1, En route (ENR),Kap Desolation,Greenland,13,13, Destroyed, Written off (damaged beyond repair),Consolidated PBY-6A Catalina,-,-,-,-,-, L-865,-,Danish AF,Military,-,Narsarsuaq Airport,UAK,BGBW,Greenland,Kangerlussuaq-Søndre Strømfjord Airport,SFJ,BGSF,Greenland,6,7,6,7,-,-,-
19630812-0,Monday,12-AUG-1963,14:19,A1, Approach (APR),24 km (15 mls) N of Lyon,France,16,15, Damaged beyond repair,-,Vickers 708 Viscount,-,-,1954,-,-, F-BGNV,  39,Air Inter,Domestic Scheduled Passenger,2611,Lille-Lesquin Airport,LIL,LFQQ,France,Lyon-Bron Airport,LYN,LFLY,France,4,12,4,11,-,1,Final
19630814-0,Wednesday,14-AUG-1963,15:00,A1, En route (ENR),"56 km (35 mls) ENE of Great Falls-Malmstrom AFB, MT",United States of America,2,1, Damaged beyond repair,-,Curtiss C-46F-1-CU Commando,-,-,1945,-,25571.0, N67941, 22391,Aaxico Airlines,Cargo,1814,Great Falls-Malmstrom AFB,GFA,KGFA,United States of America,Rapid City-Ellsworth AFB,RCA,KRCA,United States of America,2,0,1,0,-,-,-
19630816-1,Friday,16-AUG-1963,-,O1, Standing (STD),Mumbai-Santa Cruz Airport (BOM),India,-,0, Damaged beyond repair,-,Tupolev Tu-104A,2,Mikulin AM-3M,1957,-,-, OK-LDB, 76600601,CSA,-,-,-,-,-,-,-,-,-,-,-,-,0,0,-,-,-
19630817-0,Saturday,17-AUG-1963,14:15,A1, En route (ENR),Mount Hachijo-Fuji,Japan,19,19, Damaged beyond repair,-,de Havilland DH-114 Heron 1B,-,-,1954,-,-, JA6155, 14026,Fujita Airlines,Domestic Non Scheduled Passenger,-,Hachijo Jima Airport,HAC,RJTH,Japan,Tokyo-Haneda Airport,HND,RJTT,Japan,3,16,3,16,-,-,-
19630821-2,Wednesday,21-AUG-1963,12:15,A1, Approach (APR),Neva River,Russia,52,0, Damaged beyond repair,-,Tupolev Tu-124,-,-,1962,-,-, CCCP-45021, 2350701,Aeroflot / Moscow,Domestic Scheduled Passenger,-,Tallinn-Ülemiste Airport,TLL,EETN,Estonia,Moskva-Vnukovo Airport,VKO,UUWW,Russia,7,45,0,0,-,-,-
19630824-0,Saturday,24-AUG-1963,23:55,A1, Approach (APR),"2,4 km (1.5 mls) E of Calgary-McCall Field, AB (YYC)",Canada,16,0, Damaged beyond repair,-,Fairchild F-27,-,-,1959,-,-, N2707,  32,West Coast Airlines,International Scheduled Passenger, 794,Spokane International Airport,GEG,KGEG,United States of America,Calgary-McCall Field,YYC,CYYC,Canada,3,13,0,0,-,-,-
19630824-1,Saturday,24-AUG-1963,10:53,A1, En route (ENR),32 km (20 mls) NW of Kutaisi Airport (KUT),Georgia,32,32, Damaged beyond repair,-,Avia 14,-,-,1957,-,11682.0, CCCP-61617, 014602107,Aeroflot / Georgia,Domestic Scheduled Passenger, 663,Kutaisi Airport,KUT,UGKO,Georgia,Sukhumi Airport,SUI,UGSS,Georgia,5,27,5,27,-,-,-
19630827-0,Tuesday,27-AUG-1963,-,O1, Standing (STD),Okinawa-Naha AFB (AHA),Japan,-,-, Damaged beyond repair,-,Lockheed C-130A Hercules,-,-,1957,-,-, 56-0474, 3082,USAF,Military,-,-,-,-,-,-,-,-,-,-,-,-,-,-,-,-
19630828-0,Wednesday,28-AUG-1963,12:30,A1, En route (ENR),480 km (300 mls) W off  Bermuda,Atlantic Ocean,6,6, Destroyed, Written off (damaged beyond repair),Boeing KC-135A Stratotanker,4,Pratt & Whitney J57-P,1962,-,-, 61-0319, 18226/541,USAF,Military,-,Homestead AFB,HST,KHST,United States of America,Homestead AFB,HST,KHST,United States of America,4,2,4,2,5,-,-
19630828-1,Wednesday,28-AUG-1963,12:30,A1, En route (ENR),480 km (300 mls) W off  Bermuda,Atlantic Ocean,5,5, Destroyed, Written off (damaged beyond repair),Boeing KC-135A Stratotanker,4,Pratt & Whitney J57-P,1962,-,-, 61-0322, 18229/544,USAF,Military,-,Homestead AFB,HST,KHST,United States of America,Homestead AFB,HST,KHST,United States of America,4,1,4,1,6,-,-
19630829-0,Thursday,29-AUG-1963,-,O1, Standing (STD),Francistown Airport (FRW),Botswana,-,0, Damaged beyond repair,-,Douglas C-47B-35-DK (DC-3),2,Pratt & Whitney R-1830-90C,1945,-,-, VP-KJT, 33278/16530,East African Airways,Unknown,-,Francistown Airport,FRW,FBFT,Botswana,-,-,-,-,-,-,0,0,-,-,-
19630829-1,Thursday,29-AUG-1963,-,A1, Landing (LDG),"Salvador Airport (SSA), BA",Brazil,-,0, Damaged beyond repair,-,Lockheed P-15 Neptune (P2V-5),-,-,-,-,-, 7008, 426-5118,Brazilian AF,Military,-,-,-,-,-,Salvador-Dois de Julho International Airport,SSA,SBSV,Brazil,-,-,0,0,-,-,-
19630831-0,Saturday,31-AUG-1963,15:47,A1, En route (ENR),near Kapan,Armenia,16,1, Damaged beyond repair,-,Antonov An-2T,-,-,1958,-,4305.0, CCCP-01154, 18047309,Aeroflot / Armenia,Domestic Scheduled Passenger,-,-,-,-,-,-,-,-,-,2,14,0,1,-,-,-
19630899-0,-,xx-AUG-1963,-,A1, Unknown (UNK),A Loui,Vietnam,-,-, Damaged beyond repair,-,de Havilland Canada CV-2A Caribou (DHC-4),-,-,1962,-,-, 60-5440,  33,US Army,Military,-,-,-,-,-,-,-,-,-,-,-,-,-,-,-,-
19630904-0,Wednesday,04-SEP-1963,07:22,A1, En route (ENR),Dürrenäsch,Switzerland,80,80, Destroyed, Written off (damaged beyond repair),Sud Aviation SE-210 Caravelle III,2,Rolls-Royce Avon 527,1962,-,-, HB-ICV, 147,Swissair,Domestic Scheduled Passenger,SR306,Zürich-Kloten Airport,ZRH,LSZH,Switzerland,Genève-Cointrin Airport,GVA,LSGG,Switzerland,6,74,6,74,-,-,Final
19630905-1,Thursday,05-SEP-1963,-,C1, Maneuvering (MNV),near Ban Phone Mouang,Laos,7,2, Damaged beyond repair,-,Curtiss C-46F-1-CU Commando,-,-,1945,-,-, B-150, 22526,Air America,Cargo,-,-,-,-,-,-,-,-,-,7,0,2,0,-,-,-
19630906-0,Friday,06-SEP-1963,-,A1, Approach (APR),"Gamela, PE",Brazil,-,0, Damaged beyond repair,-,Sud Aviation SE-210 Caravelle VI-R,2,Rolls-Royce Avon 533R,1962,-,-, PP-PDU, 118,Panair do Brasil,Domestic Scheduled Passenger,-,Salvador-Dois de Julho International Airport,SSA,SBSV,Brazil,Recife-Guararapes International Airport,REC,SBRF,Brazil,-,-,0,0,-,-,-
19630907-0,Saturday,07-SEP-1963,-,A1, Approach (APR),"5,6 km (3.5 mls) NE of Sibu",Malaysia,14,0, Damaged beyond repair,-,Scottish Aviation Twin Pioneer 1,2,Alvis Leonides 514,1957,-,-, VR-OAE, 517,Borneo Airways,Scheduled Passenger, 631,Sibu Airport,SBW,WBGS,Malaysia,Mukah Airport,MKM,WBGK,Malaysia,1,13,0,0,-,-,-
19630909-0,Monday,09-SEP-1963,13:49,A2, Landing (LDG),Genève-Cointrin Airport (GVA),Switzerland,34,0, Substantial, Repaired,Vickers 806 Viscount,4,Rolls-Royce Dart 510,1956,-,-, G-AOJC, 152,BEA,International Scheduled Passenger,BE556,London Airport,LHR,EGLL,United Kingdom,Genève-Cointrin Airport,GVA,LSGG,Switzerland,4,30,0,0,-,-,Final
19630911-1,Wednesday,11-SEP-1963,04:00,A1, En route (ENR),51 km (31.9 mls) S of Agra,India,18,18, Destroyed, Written off (damaged beyond repair),Vickers 768D Viscount,-,-,1957,-,-, VT-DIO, 192,Indian Airlines,Domestic Scheduled Passenger,-,Nagpur-Sonegaon Airport,NAG,VANP,India,Delhi-Palam Airport,DEL,VIDP,India,5,13,5,13,-,-,-
19630911-2,Wednesday,11-SEP-1963,-,A1, En route (ENR),Pic de la Roquette,France,40,40, Damaged beyond repair,-,Vickers 610 Viking 1B,-,-,1947,-,-, F-BJER, 216,Airnautic,Int'l Non Scheduled Passenger,-,London-Gatwick Airport,LGW,EGKK,United Kingdom,Perpignan Airport,PGF,LFMP,France,4,36,4,36,-,-,-
19630917-0,Tuesday,17-SEP-1963,-,A1, En route (ENR),near Bialobrzegi,Poland,5,5, Damaged beyond repair,-,PZL MD-12,4,Narkiewicz WN-3C,1959,-,-, SP-PAL, 001,PZL-Mielec,Test,-,-,-,-,-,-,-,-,-,5,0,5,0,-,-,-
19630920-0,Friday,20-SEP-1963,-,A1, Unknown (UNK),at an unknown location,Indonesia,7,7, Damaged beyond repair,-,Scottish Aviation Twin Pioneer 1,2,Alvis Leonides 514,1957,-,-, PK-GTB, 511,Garuda,Passenger,-,-,-,-,-,-,-,-,-,-,-,-,-,-,-,-
19630921-0,Saturday,21-SEP-1963,-,A1, Landing (LDG),London-Gatwick Airport (LGW),United Kingdom,4,0, Damaged beyond repair,-,Vickers 651 Valetta C.1,-,-,1949,-,-, G-APKR, 338,The Decca Navigator,Test,-,London-Gatwick Airport,LGW,EGKK,United Kingdom,London-Gatwick Airport,LGW,EGKK,United Kingdom,2,2,0,0,-,-,-
19630922-0,Sunday,22-SEP-1963,-,A1, En route (ENR),"1440 km (900 mls) E off  Cape May, NJ, USA",Atlantic Ocean,10,10, Missing, Presumed damaged beyond repair,Douglas C-133A Cargomaster,-,-,1958,-,-, 56-2002, 45167,USAF,Military,-,Dover AFB,DOV,KDOV,United States of America,Terceira-Lajes Airport,TER,LPLA,Portugal,10,0,10,0,-,-,-
19630924-0,Tuesday,24-SEP-1963,11:23,A1, Takeoff (TOF),"Guernsey Airport, Channel Islands (GCI)",United Kingdom,4,0, Damaged beyond repair,-,Bristol 170 Superfreighter 32,-,-,-,-,-, G-AMWA, 13073,BUAF,Domestic Scheduled Passenger,-,Guernsey Airport,GCI,EGJB,United Kingdom,Bournemouth International Airport,BOH,EGHH,United Kingdom,3,1,0,0,-,-,-
19630926-0,Thursday,26-SEP-1963,-,U1, Unknown (UNK),Oran,Algeria,-,-, Damaged beyond repair,-,Douglas C-47A-30-DK Dakota III,-,-,1944,-,-, F-BHKU, 25457/14012,Air France,Unknown,-,-,-,-,-,-,-,-,-,-,-,-,-,-,-,-
19630928-0,Saturday,28-SEP-1963,20:30,A1, Landing (LDG),"Nashville Metropolitan Airport, TN (BNA)",United States of America,45,0, Damaged beyond repair,-,Douglas DC-7B,-,-,1958,-,15975.0, N843D, 45449/952,Eastern Air Lines,Domestic Scheduled Passenger,-,-,-,-,-,Nashville Metropolitan Airport,BNA,KBNA,United States of America,5,40,0,0,-,-,-
19630928-1,Saturday,28-SEP-1963,-,A1, Landing (LDG),Maha Sarakham,Thailand,4,0, Damaged beyond repair,-,Fairchild C-123B-12-FA Provider,-,-,-,-,-, 55-4513, 20174,USAF,Military,-,-,-,-,-,-,-,-,-,4,0,0,0,-,-,-
19631009-0,Wednesday,09-OCT-1963,-,A1, En route (ENR),13 km (8.1 mls) S of Marseille-Marignane Airport (MRS),France,6,6, Damaged beyond repair,-,Douglas C-74 Globemaster I,-,-,-,-,-, HP-385, 13915,Aeronaves de Panama,Cargo,-,Marseille-Marignane Airport,MRS,LFML,France,Cairo International Airport,CAI,HECA,Egypt,-,-,-,-,-,-,-
19631010-0,Thursday,10-OCT-1963,-,A1, Unknown (UNK),unknown,Unknown country,-,-, Damaged beyond repair,-,Douglas C-47A-15-DK (DC-3),-,-,1944,-,-, 42-92885, 12735,USAF,Military,-,-,-,-,-,-,-,-,-,-,-,-,-,-,-,-
19631012-0,Saturday,12-OCT-1963,-,O1, Standing (STD),Asunción-Ñu-Guazú Air Base,Paraguay,0,0, Damaged beyond repair,-,Douglas C-47 (DC-3),-,-,-,-,-, T-21,-,TAM Paraguay,-,-,-,-,-,-,-,-,-,-,0,0,0,0,-,-,-
19631020-0,Sunday,20-OCT-1963,-,A1, En route (ENR),"Graham Bell Island, Franz Josef Land",Russia,7,7, Damaged beyond repair,-,Ilyushin Il-14M,-,-,1957,-,-, CCCP-04197, 147001326,Aeroflot / Polar,Survey/research,-,-,-,-,-,-,-,-,-,5,2,5,2,-,-,-
19631021-0,Monday,21-OCT-1963,-,A1, Approach (APR),Bangalore Airport (BLR),India,21,8, Damaged beyond repair,-,Fairchild C-119G Flying Boxcar,-,-,-,-,-, BK-962,-,Indian AF,Military,-,Bombay-Santacruz Airport,BOM,VABB,India,Bangalore-Hindustan Airport,BLR,VOBG,India,-,-,-,-,-,-,-
19631022-0,Tuesday,22-OCT-1963,10:40,A1, Maneuvering (MNV),2 km (1.3 mls) NNW of Chicklade,United Kingdom,7,7, Damaged beyond repair,-,BAC One-Eleven 200AB,-,-,1963,78.0,81.0, G-ASHG, 004,BAC,Test,-,-,-,-,-,-,-,-,-,7,0,7,0,-,-,Final
19631023-0,Wednesday,23-OCT-1963,-,A1, Unknown (UNK),unknown,Vietnam,-,-, Damaged beyond repair,-,Douglas C-47A-50-DL (DC-3),-,-,1943,-,-, 42-24308, 10170,USAF,Military,-,-,-,-,-,-,-,-,-,-,-,-,-,-,-,-
19631024-0,Thursday,24-OCT-1963,02:00,C1, Maneuvering (MNV),104 km (65 mls) S of Saigon,Vietnam,8,8, Damaged beyond repair,-,Fairchild C-123B-19-FA Provider,-,-,-,-,-, 56-4385, 20269,USAF,Military,-,-,-,-,-,-,-,-,-,8,0,8,0,-,-,-
19631024-1,Thursday,24-OCT-1963,04:30,O1, Standing (STD),Narsarsuaq Airport (UAK),Greenland,0,0, Damaged beyond repair,-,Douglas C-54A-10-DC (DC-4),-,-,1944,-,-, TF-IST, 10313,Icelandair,-,-,-,-,-,-,-,-,-,-,0,0,0,0,-,-,-
19631024-2,Thursday,24-OCT-1963,04:30,O1, Standing (STD),Narsarsuaq Airport (UAK),Greenland,0,0, Damaged beyond repair,-,Consolidated Vultee PBY-6A Catalina,-,-,1945,-,-, L-862,-,Danish AF,-,-,-,-,-,-,-,-,-,-,0,0,0,0,-,-,-
19631024-3,Thursday,24-OCT-1963,04:30,O1, Standing (STD),Narsarsuaq Airport (UAK),Greenland,0,0, Damaged beyond repair,-,Consolidated Vultee PBY-6A Catalina,-,-,1945,-,-, L-864,-,Danish AF,-,-,-,-,-,-,-,-,-,-,0,0,0,0,-,-,-
19631029-0,Tuesday,29-OCT-1963,-,U1, Unknown (UNK),Toyama Airport (TOY),Japan,-,-, Damaged beyond repair,-,Douglas C-47A-25-DK (DC-3),2,Pratt & Whitney R-1830-92,1944,-,-, JA5024, 13194,All Nippon,Unknown,-,-,-,-,-,-,-,-,-,-,-,-,-,-,-,-
19631101-0,Friday,01-NOV-1963,-,O1, Standing (STD),"Indianapolis International Airport, IN (IND)",United States of America,0,0, Damaged beyond repair,-,Douglas C-53C (DC-3),-,-,1942,-,-, N45335, 4964,Lake Central Airlines,-,-,-,-,-,-,-,-,-,-,0,0,0,0,-,-,-
19631101-1,Friday,01-NOV-1963,-,A1, Unknown (UNK),at an unknown location,Unknown country,-,-, Damaged beyond repair,-,Douglas C-47D (DC-3),-,-,1944,-,-, 43-48294, 25555/14110,USAF,Military,-,-,-,-,-,-,-,-,-,-,-,-,-,-,-,-
19631102-0,Saturday,02-NOV-1963,-,U1, Taxi (TXI),"Newark International Airport, NJ (EWR)",United States of America,-,0, Damaged beyond repair,-,Martin 2-0-2,-,-,-,-,-, N177A, 9147,Allegheny Airlines,Unknown,-,-,-,-,-,-,-,-,-,-,-,0,0,-,-,-
19631106-0,Wednesday,06-NOV-1963,21:15,A2, Takeoff (TOF),London Airport (LHR),United Kingdom,97,0, Substantial, Repaired,Douglas DC-8-54F,4,Pratt & Whitney JT3D-3,1963,-,1958.0, CF-TJM, 45653/178,TCAL,International Scheduled Passenger, 861,London Airport,LHR,EGLL,United Kingdom,Montreal-Dorval International Airport,YUL,CYUL,Canada,7,90,0,0,-,-,Final
19631108-0,Friday,08-NOV-1963,16:59,A1, Approach (APR),"1,5 km (0.9 mls) N of Mariehamn Airport (MHQ)",Finland,25,22, Damaged beyond repair,-,Douglas C-47A-35-DL (DC-3),2,Pratt & Whitney R-1830-92,1943,-,30672.0, OH-LCA, 9799,Aero OY,Domestic Scheduled Passenger, 217,Turku Airport,TKU,EFTU,Finland,Mariehamn Airport,MHQ,EFMA,Finland,3,22,2,20,-,-,Final
19631110-0,Sunday,10-NOV-1963,-,A1, Unknown (UNK),Kuibyshev Airport (KUF),Russia,-,-, Damaged beyond repair,-,Ilyushin Il-18B,-,-,1959,-,-, CCCP-75686, 189001201,Aeroflot / Moscow,Unknown,-,-,-,-,-,-,-,-,-,-,-,-,-,-,-,-
19631112-0,Tuesday,12-NOV-1963,-,A2, Approach (APR),Wien-Schwechat International Airport (VIE),Austria,62,0, Substantial, Repaired,Boeing 707-437,-,-,1960,-,-, VT-DJK, 17724/105,Air-India,International Scheduled Passenger,-,-,-,-,-,Wien-Schwechat International Airport,VIE,LOWW,Austria,8,54,0,0,-,-,Preliminary - official
19631115-0,Friday,15-NOV-1963,13:20,A1, Unknown (UNK),"Ixtepec, Oaxaca",Mexico,5,4, Damaged beyond repair,-,Douglas C-47 (DC-3),-,-,-,-,-, ETM-6010,-,Mexican AF,Military,-,-,-,-,-,Ixtepec Airport,IZT,MMIT,Mexico,5,0,4,0,-,-,-
19631122-0,Friday,22-NOV-1963,-,A1, Unknown (UNK),"near Banihal pass, Kashmir",India,10,10, Damaged beyond repair,-,Douglas C-47 (DC-3),-,-,-,-,-, registration unknown,-,Indian AF,Military,-,Jammu-Satwari Airport,IXJ,VIJU,India,Srinagar Airport,SXR,VISR,India,-,-,-,-,-,-,-
19631128-0,Thursday,28-NOV-1963,-,H2, En route (ENR),Port of Spain-Piarco Airport (POS),Trinidad and Tobago,17,0, None,-,Convair CV-340 or CV-440,-,-,-,-,-, registration unknown,-,AVENSA,Domestic Scheduled Passenger,-,Ciudad Bolívar Airport,CBL,SVCB,Venezuela,Caracas Airport,CCS,SVMI,Venezuela,3,14,0,0,-,-,-
19631129-0,Friday,29-NOV-1963,18:33,A1, En route (ENR),"Ste-Thérèse-de-Blainville, QC",Canada,118,118, Destroyed, Written off (damaged beyond repair),Douglas DC-8-54F,4,Pratt & Whitney JT3D-3,1963,-,2174.0, CF-TJN, 45654/179,TCAL,Domestic Scheduled Passenger, 831,Montreal-Dorval International Airport,YUL,CYUL,Canada,Toronto International Airport,YYZ,CYYZ,Canada,7,111,7,111,-,-,Final
19631129-1,Friday,29-NOV-1963,11:10,A1, Approach (APR),"Morgantown, WV",United States of America,3,1, Damaged beyond repair,-,Douglas C-47A-90-DL (DC-3),2,Pratt & Whitney R-1830-92,1944,-,12241.0, N386T, 20411,Purdue University,Ferry/positioning,-,Lafayette-Purdue University Airport,LAF,KLAF,United States of America,Morgantown Airport,MGW,KMGW,United States of America,3,0,1,0,-,-,-
19631129-2,Friday,29-NOV-1963,-,O1, Standing (STD),unknown,Unknown country,-,-, Damaged beyond repair,-,Howard Super Ventura,-,-,1943,-,-, N555DM, 5241,Dumas Milner Corp.,-,-,-,-,-,-,-,-,-,-,-,-,-,-,-,-,-
19631130-0,Saturday,30-NOV-1963,11:33,A1, Takeoff (TOF),Addis Ababa-Lideta Airport,Ethiopia,3,0, Damaged beyond repair,-,Douglas C-47A-25-DK (DC-3),2,Pratt & Whitney R-1830-92,1944,-,18245.0, ET-AAT, 13483,Ethiopian Air Lines,Test,-,-,-,-,-,-,-,-,-,3,0,0,0,-,-,-
19631207-0,Saturday,07-DEC-1963,19:19,A1, En route (ENR),"16 km (10 mls) NW of Nederland, CO",United States of America,3,3, Damaged beyond repair,-,Curtiss C-46A-20-CU Commando,2,Pratt & Whitney R-2800-51,1943,-,11694.0, N609Z, 26571,Zantop,Cargo,-,-,-,-,-,Ogden-Hill AFB,HIF,KHIF,United States of America,2,1,2,1,-,-,Final
19631207-1,Saturday,07-DEC-1963,23:51,A1, Initial climb (ICL),"0,7 km (0.4 mls) S of Kirensk Airport",Russia,6,6, Damaged beyond repair,-,Antonov An-12B,4,Ivchenko AI-20M,1963,188.0,379.0, CCCP-11347, 401803,Aeroflot / East Siberia,Cargo,1076,-,-,-,-,Irkutsk Airport,IKT,UIII,Russia,6,0,6,0,-,-,-
19631207-2,Saturday,07-DEC-1963,15:50,A1, En route (ENR),N of Königsbrück,Germany,33,0, Substantial, Written off (damaged beyond repair),Ilyushin Il-14P,-,-,1956,-,-, DM-SBL, 6341206,Interflug,Int'l Non Scheduled Passenger,-,Berlin-Schönefeld Airport,SXF,EDDB,Germany,Budapest-Ferihegy Airport,BUD,LHBP,Hungary,5,28,0,0,-,-,-
19631208-0,Sunday,08-DEC-1963,20:59,A1, Approach (APR),"Elkton, MD",United States of America,81,81, Destroyed, Written off (damaged beyond repair),Boeing 707-121,4,Pratt & Whitney JT3C-6,1958,-,15609.0, N709PA, 17588/3,Pan Am,Domestic Scheduled Passenger,PA214,Baltimore/Washington International Airport,BWI,KBWI,United States of America,Philadelphia International Airport,PHL,KPHL,United States of America,8,73,8,73,-,-,Final
19631209-0,Monday,09-DEC-1963,-,A1, En route (ENR),240 km (150 mls) NE off  Azores Islands,Atlantic Ocean,3,3, Damaged beyond repair,-,Curtiss C-46A-15-CU Commando,2,Pratt & Whitney R-2800-51,1943,-,-, N5160V, 26512,private,Ferry/positioning,-,Gander Airport,YQX,CYQX,Canada,Santa Maria-Vila do Porto Airport,SMA,LPAZ,Portugal,3,0,3,0,-,-,-
19631212-0,Thursday,12-DEC-1963,-,C1, En route (ENR),near Ban Me Thout,Vietnam,7,7, Damaged beyond repair,-,de Havilland Canada U-1A Otter (DHC-3),-,-,-,-,-, 58-1690, 299,US Army,Military,-,-,-,-,-,-,-,-,-,-,-,-,-,-,-,-
19631212-1,Thursday,12-DEC-1963,10:15,A1, En route (ENR),93 km (58.1 mls) W of Ghazni,Afghanistan,3,3, Damaged beyond repair,-,Douglas C-54A-15-DC (DC-4),-,-,1944,-,-, OD-AEB, 10424,TMA,Cargo,-,Kuwait International Airport,KWI,OKBK,Kuwait,Kabul Airport,KBL,OAKB,Afghanistan,3,0,3,0,-,-,-
19631216-0,Monday,16-DEC-1963,-,A1, Approach (APR),Warszawa-Okecie Airport (WAW),Poland,14,0, Damaged beyond repair,-,Lisunov Li-2T,-,-,-,-,-, SP-LBG, 18418308,LOT,Domestic Scheduled Passenger,-,Rzeszów Airport,RZE,EPRZ,Poland,Warszawa-Okecie Airport,WAW,EPWA,Poland,3,11,0,0,-,-,-
19631217-0,Tuesday,17-DEC-1963,-,A1, Landing (LDG),Thorney Island RAF Station,United Kingdom,-,0, Damaged beyond repair,-,Handley Page Hastings C.1,-,-,-,-,-, TG610, HP67/88,RAF,Military,-,-,-,-,-,-,-,-,-,-,-,0,0,-,1,-
19631221-0,Saturday,21-DEC-1963,11:42,A1, Approach (APR),"Midland Air Terminal, TX (MAF)",United States of America,4,0, Damaged beyond repair,-,Convair CV-580,-,-,1957,-,-, N7601, 452,Union Oil Comp. of California,Executive,-,-,-,-,-,Midland Air Terminal,MAF,KMAF,United States of America,3,1,0,0,-,-,-
19631227-0,Friday,27-DEC-1963,-,A1, Unknown (UNK),56 km (35 mls) SW of Songkhla,Thailand,12,12, Damaged beyond repair,-,Douglas C-47A-70-DL (DC-3),2,Pratt & Whitney R-1830-92,1943,-,-, B-815, 19258,Air America,Non Scheduled Passenger,-,-,-,-,-,-,-,-,-,3,9,3,9,-,-,-
19631230-0,Monday,30-DEC-1963,-,A1, Approach (APR),"1,5 km (0.9 mls) from  Marville RCAF Station",France,11,8, Damaged beyond repair,-,Bristol 170 Freighter 31M,2,Bristol Hercules 734,-,-,-, 9697, 12830,RCAF,Military,-,London-Gatwick Airport,LGW,EGKK,United Kingdom,-,-,-,-,5,6,-,-,-,-,-
19639999-0,-,xx-xxx-1963,-,U1, Unknown (UNK),at an unknown location,Unknown country,-,-, Damaged beyond repair,-,Lisunov Li-2P,-,-,1952,-,-, 2210, 23442210,Czechoslovak AF,Military,-,-,-,-,-,-,-,-,-,-,-,-,-,-,-,-
19639999-2,-,xx-xxx-1963,-,A1, Unknown (UNK),Logarh Valley,Afghanistan,-,-, Damaged beyond repair,-,Douglas C-47-DL (DC-3),2,Pratt & Whitney R-1830-92,1942,-,-, YA-AAA, 4242,Ariana Afghan Airlines,Unknown,-,-,-,-,-,-,-,-,-,-,-,-,-,-,-,-
19639999-5,-,xx-xxx-1963,-,U1, Unknown (UNK),at an unknown location,Unknown country,-,-, Damaged beyond repair,-,Grumman SA-16A Albatross,-,-,-,-,-, 11019, G-01,Republic of China AF,Military,-,-,-,-,-,-,-,-,-,-,-,-,-,-,-,-
