identifiant,week_day,date,time,type_event,phase,location,country,total_occupants,total_fatalities,aircraft_damage,aircraft_fate,type_aircraft,number_engines,type_engines,first_flight,cycles,total_airframe_hours,registration,c_n_msn,operator,nature,flight_number,departure_airport_name,departure_airport_IATA,departure_airport_ICAO,departure_airport_country,destination_airport_name,destination_airport_IATA,destination_airport_ICAO,destination_airport_country,crew_number,passengers_number,crew_fatalities,passengers_fatalities,collision_casualties,ground_casualties,status
20170102-0,Monday,02-JAN-2017,-,A1, Unknown (UNK),Sasakwa Airstrip,Tanzania,6,0, Substantial,-,Reims Cessna F406 Caravan II,-,-,1991,-,-, 5H-WOW, F406-0060,Air Excel,Passenger,-,-,-,-,-,-,-,-,-,1,5,0,0,-,-,Preliminary
20170102-1,Monday,02-JAN-2017,12:20,A1, Landing (LDG),Shabunda Airport,Democratic Republic of the Congo,2,0, Substantial,-,Let L-410UVP,-,-,1985,-,-, 9Q-CZR, 851336, Doren Air Congo,Cargo,-,Bukavu-Kavumu Airport,BKY,FZMA,Democratic Republic of the Congo,-,-,-,-,2,0,0,0,-,-,Preliminary
20170102-2,Monday,02-JAN-2017,16:43,A2, Landing (LDG),"Scottsdale Airport, AZ (SCF)",United States of America,2,0, Substantial,-,Hawker 800XP,2,Honeywell TFE731-SER,1999,-,-, N910JD, 258420,Pinnacle Air Charter,Private,-,Tucson International Airport,TUS,KTUS,United States of America,Scottsdale Airport,SCF,KSDL,United States of America,2,0,0,0,-,-,Preliminary - official
20170107-0,Saturday,07-JAN-2017,-,A2, En route (ENR),"SSE off Muscat, Oman",Indian Ocean,9,0, Substantial,-,Canadair CL-600-2B16 Challenger 604,2,General Electric CF34-3B,2000,5504.0,10211.0, D-AMSC, 5464,MHS Aviation,Executive,MHV604,Malé International Airport,MLE,VRMM,Maldives,Abu Dhabi-Bateen Airport,AZI,OMAD,United Arab Emirates,3,6,0,0,-,-,Preliminary - official
20170111-0,Wednesday,11-JAN-2017,16:19,A1, Initial climb (ICL),south of Oslo-Gardermoen Airport (OSL),Norway,2,0, Substantial, Written off (damaged beyond repair),Cessna 560 Citation Encore,-,-,2003,2730.0,3847.0, LN-IDB, 560-0637,Hesnes Air,Ferry/positioning,-,Oslo-Gardermoen Airport,OSL,ENGM,Norway,Sandefjord-Torp Airport,TRF,ENTO,Norway,2,0,0,0,-,-,Final
20170113-0,Friday,13-JAN-2017,16:00,A2, Takeoff (TOF),"Five Point-Agro-West Airport, CA",United States of America,1,0, Substantial,-,Beechcraft B200 Super King Air,-,-,-,-,-, N795DE, BB-1510,Optimal Aviation Services,Ferry/positioning,-,-,-,-,-,Visalia Airport,VIS,KVIS,United States of America,1,0,0,0,-,-,Final
20170116-0,Monday,16-JAN-2017,07:19,A1, Approach (APR),1 km (0.6 mls) W of Bishkek-Manas International Airport (FRU),Kyrgyzstan,4,4, Destroyed, Written off (damaged beyond repair),Boeing 747-412F,4,Pratt & Whitney PW4056,2003,8308.0,46820.0, TC-MCL, 32897/1322,ACT Airlines,Cargo,TK6491,Hong Kong-Chek Lap Kok International Airport,HKG,VHHH,Hong Kong,Bishkek-Manas International Airport,FRU,UCFM,Kyrgyzstan,4,0,4,0,-,35,Final
20170116-1,Monday,16-JAN-2017,11:59,A1, Landing (LDG),"Howell-Livingston County Spencer J. Hardy Airport, MI",United States of America,1,0, Damaged beyond repair,-,Cessna 525C Citation CJ4,2,Williams International FJ44-4A,2015,-,320.0, N525PZ, 525C-0196,Zeliff Aviation,Executive,-,-,-,-,-,-,-,-,-,1,0,0,0,-,-,Final
20170119-0,Thursday,19-JAN-2017,11:44,A2, Landing (LDG),"Billings-Logan International Airport, MT (BIL)",United States of America,1,0, Substantial,-,Beechcraft 99A Airliner,-,-,1970,-,-, N326CA, U-135,Alpine Aviation,Cargo,1530,Glendive-Dawson Community Airport,GDV,KGDV,United States of America,Sidney-Richland Municipal Airport,SDY,KSDY,United States of America,1,0,0,0,-,-,Preliminary - official
20170123-0,Monday,23-JAN-2017,12:33,A1, Takeoff (TOF),"Tucson International Airport, AZ (TUS)",United States of America,2,2, Destroyed, Written off (damaged beyond repair),Beechcraft 300 Super King Air,2,Pratt & Whitney Canada PT6A-60A,1985,-,9962.0, N385KA, FA-42,KAAZ,Private,-,Tucson International Airport,TUS,KTUS,United States of America,Hermosillo-Gen Pesqueira Garcia Airport,HMO,MMHO,Mexico,1,1,1,1,-,-,Final
20170123-1,Monday,23-JAN-2017,19:00,A2, Takeoff (TOF),"Durango-La Plata Airport, CO (DRO)",United States of America,2,0, Substantial, Repaired,Beechcraft C99 Commuter,-,-,1983,-,-, N216CS, U-216,Alpine Aviation,Cargo,-,Durango-La Plata Airport,DRO,KDRO,United States of America,-,-,-,-,2,0,0,0,-,-,Preliminary - official
20170126-0,Thursday,26-JAN-2017,17:08,A1, Maneuvering (MNV),"Swan River, Perth, WA",Australia,2,2, Damaged beyond repair,-,Grumman G-73 Mallard,2,Pratt & Whitney R-1340 Wasp,1948,-,-, VH-CQA, J-35,private,Demonstration,-,-,-,-,-,-,-,-,-,1,1,1,1,-,-,Final
20170127-0,Friday,27-JAN-2017,17:50,A1, Landing (LDG),"West Palm Beach International Airport, FL (PBI)",United States of America,2,0, Substantial, Written off (damaged beyond repair),Beechcraft 200T Super King Air,2,Pratt & Whitney Canada PT6A-41,1979,-,15782.0, N60RA, 	BT-7,Eastern Air Express,Ferry/positioning,-,Treasure Cay Airport,TCB,MYAT,Bahamas,West Palm Beach International Airport,PBI,KPBI,United States of America,2,0,0,0,-,-,Final
20170128-0,Saturday,28-JAN-2017,16:57,A2, Landing (LDG),Leticia-Alfredo Vásquez Cobo Airport (LET),Colombia,4,0, Substantial, Repaired,Boeing 737-476 (SF),2,CFMI CFM56-3C1,1990,-,67961.0, HK-5197, 24430/1820,Aer Caribe,Cargo,-,Bogotá-Eldorado Airport,BOG,SKBO,Colombia,Leticia-Alfredo Vásquez Cobo Airport,LET,SKLT,Colombia,4,0,0,0,-,-,Final
20170207-0,Tuesday,07-FEB-2017,17:05,A2, Landing (LDG),Freeport-Grand Bahama International Airport (FPO),Bahamas,34,0, Substantial,-,Saab 340A,-,-,1986,-,-, C6-HBW, 340A-067,Western Air,Domestic Scheduled Passenger,WT708,Freeport-Grand Bahama International Airport,FPO,MYGF,Bahamas,Nassau-Lynden Pindling International Airport,NAS,MYNN,Bahamas,3,31,0,0,-,-,Final
20170209-0,Thursday,09-FEB-2017,22:11,A1, Landing (LDG),"São Paulo-Guarulhos International Airport, SP (GRU)",Brazil,3,0, Damaged beyond repair,-,British Aerospace BAe-125-800B,-,-,1991,-,-, PT-OTC, 258194,Líder Táxi Aéreo,Executive,-,Brasília-Presidente Juscelino Kubitschek International Airport,BSB,SBBR,Brazil,São Paulo-Congonhas Airport,CGH,SBSP,Brazil,2,1,0,0,-,-,Preliminary - official
20170209-1,Thursday,09-FEB-2017,17:00,A2, Landing (LDG),Illertissen Airport,Germany,2,0, Substantial, Repaired,Cessna 208B Supervan 900,-,-,1993,-,-, D-FSRT, 208B0358,Paranodon Fallschirmsport Illertissen,Training,-,-,-,-,-,-,-,-,-,2,0,0,0,-,-,Preliminary
20170209-2,Thursday,09-FEB-2017,-,A1, En route (ENR),4 km (2.5 mls) from  Thebephatshwa Air Base,Botswana,3,3, Damaged beyond repair,-,CASA C-212 Aviocar 300,-,-,-,-,-, registration unknown,-,Botswana AF,Military,-,-,-,-,-,Gaborone-Sir Seretse Khama International Airport,GBE,FBSK,Botswana,3,0,3,0,-,-,-
20170209-3,Thursday,09-FEB-2017,09:11,A2, Taxi (TXI),"Tulita Airport, NT (ZFN)",Canada,6,0, Minor, Repaired,Beechcraft 1900D,2,Pratt & Whitney Canada PT6A-67D,1994,-,-, C-FNWH, UE-112,North-Wright Airways,Domestic Scheduled Passenger,NWL125,Norman Wells Airport,YVQ,CYVQ,Canada,Tulita Airport,ZFN,CZFN,Canada,2,4,0,0,-,-,Preliminary - official
20170214-0,Tuesday,14-FEB-2017,22:23,A1, Landing (LDG),"Unalaska Airport, AK (DUT)",United States of America,3,0, Substantial, Written off (damaged beyond repair),Beechcraft B200 Super King Air,2,Pratt & Whitney Canada PT6A-52,1988,-,11268.0, N313HS, 	BB-1300,Grant Aviation,Unknown,-,-,-,-,-,Unalaska Airport,DUT,PADU,United States of America,-,-,0,0,-,-,- (No safety board investigation)
20170220-0,Monday,20-FEB-2017,-,O1, Standing (STD),S of Lago de Maracaibo,Venezuela,0,0, Destroyed, Written off (damaged beyond repair),Beechcraft 200 Super King Air,-,-,-,-,-, registration unknown,-,Unknown,Illegal Flight,-,-,-,-,-,-,-,-,-,0,0,0,0,-,-,-
20170221-0,Tuesday,21-FEB-2017,08:58,A1, Initial climb (ICL),"0,3 km (0.2 mls) SE of Melbourne-Essendon Airport, VIC (MEB)",Australia,5,5, Destroyed, Written off (damaged beyond repair),Beechcraft B200 Super King Air,2,Pratt & Whitney Canada PT6A-42,1996,-,6996.0, VH-ZCR, BB-1544,Corporate and Leisure Charters,Private,-,Melbourne-Essendon Airport,MEB,YMEN,Australia,King Island Airport,KNS,YKII,Australia,1,4,1,4,-,-,Final
20170223-0,Thursday,23-FEB-2017,16:54,A2, Landing (LDG),Amsterdam-Schiphol International Airport (AMS),Netherlands,63,0, Substantial, Repaired,de Havilland Canada DHC-8-402Q Dash 8,2,Pratt & Whitney Canada PW150A,2006,23889.0,20477.0, G-JECP, 4136,Flybe,Domestic Scheduled Passenger,BE1284,Edinburgh-Turnhouse Airport,EDI,EGPH,United Kingdom,Amsterdam-Schiphol International Airport,AMS,EHAM,Netherlands,4,59,0,0,-,-,Final
20170223-1,Thursday,23-FEB-2017,09:27,I2, Landing (LDG),Isle Of Man-Ronaldsway Airport (IOM),United Kingdom,5,0, None,-,Let L-410UVP-E,2,Walter M-601E,1990,-,-, OK-LAZ, 902504,Citywing,Domestic Scheduled Passenger,V9502,Isle Of Man-Ronaldsway Airport,IOM,EGNS,United Kingdom,Belfast City Airport,BHD,EGAC,United Kingdom,2,3,0,0,-,-,Final
20170225-0,Saturday,25-FEB-2017,-,O2, Standing (STD),Salzburg-W. A. Mozart Airport (SZG),Austria,-,0, Substantial, Repaired,Raytheon 390 Premier IA,-,-,2006,-,-, OM-TAA, RB-149,Tatra Jet,Unknown,-,-,-,-,-,-,-,-,-,-,-,0,0,-,-,-
20170228-0,Tuesday,28-FEB-2017,18:30,A2, Landing (LDG),Caracas/La Carlota-Gen. Francisco de Miranda Air Base,Venezuela,2,0, Substantial,-,Beechcraft B200 Super King Air,-,-,1981,-,-, YVO173, BB-976,SATA,Unknown,-,-,-,-,-,-,-,-,-,2,0,0,0,-,-,Preliminary
20170228-1,Tuesday,28-FEB-2017,09:30,A2, Landing (LDG),Azraq-Muwaffaq Salti Air Base,Jordan,-,0, Substantial, Repaired,Boeing 767-33AER,2,General Electric CF6-80C2B6F,1995,-,-, N351AX, 27908/578,Omni Air International,Domestic Non Scheduled Passenger,CMB525,Aqaba-King Hussein International Airport,AQJ,OJAQ,Jordan,-,-,-,-,-,-,0,0,-,-,Preliminary
20170303-0,Friday,03-MAR-2017,18:30,A2, Pushback / towing (PBT),Manchester Airport (MAN),United Kingdom,178,0, Substantial, Repaired,Airbus A320-214,2,CFMI CFM56-5B4/3,2010,-,-, G-EZTV, 4234,easyJet,International Scheduled Passenger,U21985,Manchester Airport,MAN,EGCC,United Kingdom,København-Kastrup Airport,CPH,EKCH,Denmark,6,172,0,0,-,-,Final
20170308-0,Wednesday,08-MAR-2017,14:52,A1, Takeoff (TOF),"Detroit-Willow Run Airport, MI (YIP)",United States of America,116,0, Substantial, Written off (damaged beyond repair),McDonnell Douglas MD-83,2,Pratt & Whitney JT8D-219,1992,39472.0,41008.0, N786TW, 53123/1987,Ameristar Jet Charter,Domestic Non Scheduled Passenger,7Z9363,Detroit-Willow Run Airport,YIP,KYIP,United States of America,Washington-Dulles International Airport,IAD,KIAD,United States of America,6,110,0,0,-,-,Final
20170308-1,Wednesday,08-MAR-2017,11:46,A2, Landing (LDG),"Hamilton Airport, ON (YHM/CYHM)",Canada,-,0, Substantial,-,Bombardier BD-700-1A10 Global Express,-,-,2015,-,-, C-FLGZ, 9726,Jetport,Training,-,Hamilton Airport,YHM,CYHM,Canada,Hamilton Airport,YHM,CYHM,Canada,-,-,0,0,-,-,Preliminary - official
20170310-0,Friday,10-MAR-2017,20:38,A2, Landing (LDG),"Yalowega Lake, SK",Canada,-,0, Substantial,-,de Havilland Canada DHC-6 Twin Otter 200,2,Pratt & Whitney Canada PT6A-20,1968,-,-, C-GQOQ, 155,Osprey Wings,Unknown,-,Pinehouse Lake Airport,ZPO,CZPO,Canada,-,-,-,-,-,-,0,0,-,-,Preliminary - official
20170311-0,Saturday,11-MAR-2017,08:30,A2, Landing (LDG),"Kalaupapa Airport, HI (LUP)",United States of America,9,0, Substantial, Repaired,Cessna 208B Grand Caravan,1,Pratt & Whitney Canada PT6A-114A,2002,-,-, N865MA, 208B0996,Makani Kai Air,Domestic Scheduled Passenger,KDS800,Honolulu International Airport,HNL,PHNL,United States of America,Kalaupapa Airport,LUP,PHLU,United States of America,1,8,0,0,-,-,Final
20170314-0,Tuesday,14-MAR-2017,05:00,O1, Standing (STD),Nassau-Lynden Pindling International Airport (NAS),Bahamas,0,0, Substantial, Written off (damaged beyond repair),ATR 72-212A (ATR-72-600),2,Pratt & Whitney Canada PW127M,2015,-,-, C6-BFQ, 1293,Bahamasair,-,-,-,-,-,-,-,-,-,-,0,0,0,0,-,-,- (No safety board investigation)
20170317-0,Friday,17-MAR-2017,12:20,A2, Initial climb (ICL),"1,3 km (0.8 mls) from  Pickle Lake Airport, ON (YPL)",Canada,3,0, Substantial, Repaired,Basler BT-67 Turbo 67 (DC-3T),2,Pratt & Whitney Canada PT6A-67R,1943,-,-, C-FKGL, 19066,North Star Air,Cargo,BF102,Pickle Lake Airport,YPL,CYPL,Canada,Big Trout Airport,YTL,CYTL,Canada,3,0,0,0,-,-,Preliminary - official
20170320-0,Monday,20-MAR-2017,15:25,A1, Landing (LDG),Wau Airport (WUU),South Sudan,45,0, Destroyed, Written off (damaged beyond repair),Antonov An-26,-,-,-,-,-, S9-TLZ,-,South Supreme Airlines,Domestic Scheduled Passenger,-,Juba Airport,JUB,HSSJ,South Sudan,Wau Airport,WUU,HSWW,South Sudan,5,40,0,0,-,-,-
20170320-1,Monday,20-MAR-2017,04:05,A2, Takeoff (TOF),"Boise Air Terminal, ID (BOI)",United States of America,1,0, Substantial, Repaired,Swearingen SA226-TC Metro II,2,Garrett TPE331-10UA,1981,-,28602.0, N158WA, TC-411,Western Air Express,Cargo,-,Boise Air Terminal,BOI,KBOI,United States of America,Denver-Centennial Airport,APA,KAPA,United States of America,1,0,0,0,-,-,Final
20170324-0,Friday,24-MAR-2017,19:24,A1, Approach (APR),"Marietta, GA",United States of America,1,1, Destroyed, Written off (damaged beyond repair),Cessna 500 Citation I Sierra Eagle,2,Pratt & Whitney Canada JT15D-1A,1976,-,9299.0, N8DX, 500-0303,Shelter Charter Services,Executive,-,Cincinnati Municipal Airport,LUK,KLUK,United States of America,Atlanta-Fulton County Airport,FTY,KFTY,United States of America,1,0,1,0,-,-,Final
20170324-1,Friday,24-MAR-2017,12:47,A2, Approach (APR),"near Salt Lake City International Airport, UT (SLC)",United States of America,7,0, Substantial, Repaired,Cessna 550 Citation II,2,Pratt & Whitney Canada JT15D-4,1979,-,8575.0, N551BC, 550-0242,Boulder Capital,Private,-,San Diego-Gillespie Field,SEE,KSEE,United States of America,Salt Lake City International Airport,SLC,KSLC,United States of America,1,6,0,0,-,-,Preliminary - official
20170327-0,Monday,27-MAR-2017,08:15,A1, Approach (APR),ca 23 km SE of Mutare Airport (UTA),Zimbabwe,6,6, Damaged beyond repair,-,IRMA/Britten-Norman BN-2A-3 Islander,-,-,1970,-,-, C9-AOV, 624,ETA Air Charter,Int'l Non Scheduled Passenger,-,Beira Airport,BEW,FQBR,Mozambique,Mutare Airport,UTA,FVMU,Zimbabwe,2,4,2,4,-,-,Preliminary
20170327-1,Monday,27-MAR-2017,10:06,A2, Landing (LDG),Ardabil Airport (ADU),Iran,185,0, Substantial, Repaired,Boeing 737-4Q8,2,CFMI CFM56-3C1,1998,25674.0,46231.0, EP-TBJ, 28202/3009,Taban Air,Domestic Scheduled Passenger,TBN6243,Mashhad Airport,MHD,OIMM,Iran,Ardabil Airport,ADU,OITL,Iran,12,173,0,0,-,-,Final
20170328-0,Tuesday,28-MAR-2017,16:28,A1, Landing (LDG),Jauja-Francisco Carlé Airport (JAU),Peru,150,0, Destroyed, Written off (damaged beyond repair),Boeing 737-3M8,2,CFMI CFM56-3B2,1991,-,-, OB-2036-P, 25071/2039,Peruvian Airlines,Domestic Scheduled Passenger,P9112,Lima-Jorge Chávez International Airport,LIM,SPIM,Peru,Jauja Airport,JAU,SPJJ,Peru,9,141,0,0,-,-,Preliminary
20170330-0,Thursday,30-MAR-2017,-,A2, Unknown (UNK),La Paragua,Venezuela,-,0, Damaged beyond repair,-,Antonov An-2T,-,-,1969,-,-, YV1638, 1G108-59,Transmandu,Unknown,-,-,-,-,-,-,-,-,-,-,-,0,0,-,-,-
20170401-0,Saturday,01-APR-2017,-,A2, Takeoff (TOF),Yei Airport,South Sudan,20,0, Substantial,-,Let L-410UVP-E9,-,-,1996,-,-, 5X-EIV, 962632,Eagle Air,Domestic Non Scheduled Passenger,-,-,-,-,-,Arua Airport,RUA,HUAR,Uganda,3,17,0,0,-,-,Preliminary
20170402-0,Sunday,02-APR-2017,-,A2, Standing (STD),"Tampa International Airport, FL (TPA)",United States of America,-,0, Substantial, Repaired,Airbus A319-114,2,CFMI CFM56-5A5,1998,-,-, C-GBHN, 773,Air Canada Jetz,Domestic Non Scheduled Passenger,AC7042,Tampa International Airport,TPA,KTPA,United States of America,Fort Lauderdale International Airport,FLL,KFLL,United States of America,-,-,0,0,-,-,Preliminary - official
20170408-0,Saturday,08-APR-2017,22:17,A2, Landing (LDG),Sibu Airport (SBW),Malaysia,67,0, Unknown,-,Boeing 737-8H6 (WL),2,CFMI CFM56-7B26E,2014,-,-, 9M-MXX, 40161/5052,Malaysia Airlines,Domestic Scheduled Passenger,MH2718,Kuala Lumpur International Airport,KUL,WMKK,Malaysia,Sibu Airport,SBW,WBGS,Malaysia,6,61,0,0,-,-,Preliminary
20170410-0,Monday,10-APR-2017,12:39,A2, Landing (LDG),Alicante Airport (ALC),Spain,238,0, Substantial, Repaired,Boeing 757-21B,2,Rolls-Royce RB211-535E4,1987,36628.0,68901.0, G-LSAI, 24016/150,Jet2,International Scheduled Passenger,LS271,Leeds/Bradford Airport,LBA,EGNM,United Kingdom,Alicante Airport,ALC,LEAL,Spain,8,230,0,0,-,-,Final
20170411-0,Tuesday,11-APR-2017,10:30,A2, Landing (LDG),Salzburg-W. A. Mozart Airport (SZG),Austria,4,0, Substantial, Repaired,Gulfstream G450,2,Rolls-Royce Tay 611-8C,2008,1023.0,2618.0, N667HS, 4131,H&S Air,Executive,-,Salzburg-W. A. Mozart Airport,SZG,LOWS,Austria,Bangor International Airport,BGR,KBGR,United States of America,2,2,0,0,-,-,Preliminary - official
20170412-0,Wednesday,12-APR-2017,12:40,A1, En route (ENR),13 km (8.1 mls) N of Oksibil Airport (OKL),Indonesia,1,1, Destroyed, Written off (damaged beyond repair),Cessna 208 Caravan I,1,Pratt & Whitney Canada PT6A-114A,1991,8668.0,6226.0, PK-FSO, 20800313,Spirit Avia Sentosa,Cargo,-,Tanahmerah Airport,TMH,WAKT,Indonesia,Oksibil Airport,OKL,WAJO,Indonesia,1,0,1,0,-,-,Final
20170412-1,Wednesday,12-APR-2017,11:46,A1, Landing (LDG),Kopinang Airfield,Guyana,2,0, Substantial,-,Britten-Norman BN-2A-26 Islander,2,Lycoming O-540-E4C5,1971,-,15218.0, 8R-GAR, 306,ASL,Domestic Non Scheduled Passenger,-,Mahdia Airport,MHA,SYMD,Guyana,-,-,-,-,1,1,0,0,-,-,Final
20170413-0,Thursday,13-APR-2017,16:33,A2, Landing (LDG),Orchid Island Airport (KYD),Taiwan,19,0, Substantial, Repaired,Viking Air DHC-6 Twin Otter 400,2,Pratt & Whitney Canada PT6A-34,2013,2804.0,1822.0, B-55571, 874,Daily Air,Domestic Scheduled Passenger,DA7511,Taitung Airport,TTT,RCFN,Taiwan,Orchid Island Airport,KYD,RCLY,Taiwan,2,17,0,0,-,-,Final
20170414-0,Friday,14-APR-2017,22:00,A2, Taxi (TXI),"Richfield Municipal Airport, UT",United States of America,1,0, Substantial, Repaired,Beechcraft B200 Super King Air,2,Pratt & Whitney Canada PT6A-42,2005,-,3631.0, N481HC, BB-1908,IHC Health Services,Ambulance,-,Salt Lake City International Airport,SLC,KSLC,United States of America,-,-,-,-,1,0,0,0,-,-,Final
20170419-0,Wednesday,19-APR-2017,-,A2, Standing (STD),Bangkok-Suvarnabhumi International Airport (BKK),Thailand,-,0, Substantial, Repaired,Airbus A320-232,2,IAE V2527-A5,2012,-,-, HS-TXB, 5248,Thai Smile,Domestic Scheduled Passenger,WE291,Bangkok-Suvarnabhumi International Airport,BKK,VTBS,Thailand,Narathiwat Airport,NAW,VTSC,Thailand,-,0,0,0,-,-,Preliminary
20170424-0,Monday,24-APR-2017,11:45,A2, Initial climb (ICL),"Waukesha Airport, WI (UES)",United States of America,2,0, Unknown, Repaired,Beechcraft 99A Airliner,-,-,1969,-,-, N899CZ, U-96,Freight Runners Express,Training,-,Waukesha Airport,UES,KUES,United States of America,Waukesha Airport,UES,KUES,United States of America,2,0,0,0,-,-,Preliminary - official
20170429-0,Saturday,29-APR-2017,-,A1, Unknown (UNK),"6,5 km (4.1 mls) N of San Cristobal",Cuba,8,8, Destroyed, Written off (damaged beyond repair),Antonov An-26,-,-,1985,-,-, CU-T1406, 13502,Aerogaviota,Military,FAR1436,Playa Baracoa Airport,UPB,MUPB,Cuba,Playa Baracoa Airport,UPB,MUPB,Cuba,8,0,8,0,-,-,-
20170501-0,Monday,01-MAY-2017,16:30,A1, En route (ENR),near Facatativá,Colombia,8,8, Destroyed, Written off (damaged beyond repair),Cessna 208B Grand Caravan,1,Pratt & Whitney Canada PT6A-114A,2006,-,-, EJC-1130, 208B1194,Colombian Army,Military,-,-,-,-,-,Bogotá-Eldorado Airport,BOG,SKBO,Colombia,3,5,3,5,-,-,-
20170501-1,Monday,01-MAY-2017,13:50,A1, En route (ENR),"Chignik, AK",United States of America,1,1, Destroyed, Written off (damaged beyond repair),Cessna 208B Grand Caravan,1,Pratt & Whitney Canada PT6A-114A,1992,-,-, N803TH, 208B0321,Grant Aviation,Domestic Scheduled Passenger,GV341,Port Heiden Airport,PTH,PAPH,United States of America,Perryville Airport,KPV,PAPE,United States of America,1,0,1,0,-,-,Preliminary - official
20170505-0,Friday,05-MAY-2017,06:50,A1, Landing (LDG),"Charleston-Yeager Airport, WV (CRW)",United States of America,2,2, Destroyed, Written off (damaged beyond repair),Shorts 330-200,2,Pratt & Whitney Canada PT6A-45R,1979,36738.0,28023.0, N334AC, SH.3029,Air Cargo Carriers,Cargo,2Q1260,Louisville International Airport,SDF,KSDF,United States of America,Charleston-Yeager Airport,CRW,KCRW,United States of America,2,0,2,0,-,-,Final
20170515-0,Monday,15-MAY-2017,11:48,A1, En route (ENR),"Assabu, Hokkaido Island",Japan,4,4, Destroyed, Written off (damaged beyond repair),Beechcraft LR-2 (B300 Super King Air 350),-,-,2009,-,-, 23-057, 	FL-677,Japan Ground Self-Defense Force,Military,-,Sapporo-Okadama Airport,OKD,RJCO,Japan,Hakodate Airport,HKD,RJCH,Japan,4,0,4,0,-,-,Preliminary
20170515-1,Monday,15-MAY-2017,15:29,A1, Approach (APR),"1 km (0.6 mls) S of Teterboro Airport, NJ (TEB)",United States of America,2,2, Destroyed, Written off (damaged beyond repair),Learjet 35A,2,Garrett TFE731-2-2B,1981,-,-, N452DA, 35A-452,A&C Big Sky Aviation,Ferry/positioning,-,Philadelphia International Airport,PHL,KPHL,United States of America,Teterboro Airport,TEB,KTEB,United States of America,2,0,2,0,-,-,Final
20170517-0,Wednesday,17-MAY-2017,15:25,A1, Initial climb (ICL),"ca 0,5 km E of Toluca-Licenciado Adolfo López Mateos International Airport (TLC)",Mexico,2,2, Destroyed, Written off (damaged beyond repair),Learjet 25B,2,General Electric CJ610-6,1973,13567.0,14757.0, XA-VMC, 25-114,Aerotransportes Huitzilin,Private,-,Toluca-Licenciado Adolfo López Mateos International Airport,TLC,MMTO,Mexico,Durango-Guadalupe Victoria Airport,DGO,MMDO,Mexico,2,0,2,0,-,-,Final
20170522-0,Monday,22-MAY-2017,08:45,A2, En route (ENR),"near Skagway, AK",United States of America,8,0, Substantial, Repaired,Cessna 208B Grand Caravan,1,Honeywell TPE331-12JR,2007,-,2423.0, N754KP, 208B1264,Alaska Seaplanes,Domestic Scheduled Passenger,-,Juneau International Airport,JNU,PAJN,United States of America,Skagway Municipal Airport,SGY,PAGY,United States of America,1,7,0,0,-,-,Final
20170524-0,Wednesday,24-MAY-2017,15:15,A2, Landing (LDG),"Perris Valley Airport, CA",United States of America,2,0, Substantial, Repaired,de Havilland Canada DHC-6 Twin Otter 300,2,Pratt & Whitney Canada PT6A-27,1976,-,37885.0, N708PV, 489,Perris Valley Aviation,Parachuting,-,-,-,-,-,-,-,-,-,2,0,0,0,-,-,Final
20170524-1,Wednesday,24-MAY-2017,08:30,A2, Landing (LDG),"Elfin Cove Seaplane Base, AK (ELV)",United States of America,8,0, Substantial, Repaired,Cessna 208 Caravan I,1,Honeywell TPE331-12JR,2004,-,2338.0, N1265U, 20800375,Alaska Seaplanes,Domestic Scheduled Passenger,-,Juneau International Airport,JNU,PAJN,United States of America,Elfin Cove SPB,ELV,PAEL,United States of America,1,7,0,0,-,-,Preliminary - official
20170527-0,Saturday,27-MAY-2017,14:04,A1, Approach (APR),Lukla-Tenzing-Hillary Airport (LUA),Nepal,3,2, Destroyed, Written off (damaged beyond repair),Let L-410UVP-E20,2,General Electric H80-200,2014,5467.0,2550.0, 9N-AKY, 2917,Summit Air,Cargo,409,Kathmandu-Tribhuvan Airport,KTM,VNKT,Nepal,Lukla-Tenzing-Hillary Airport,LUA,VNLK,Nepal,3,0,2,0,-,-,Final
20170527-1,Saturday,27-MAY-2017,08:33,A2, Landing (LDG),Malé-Velana International Airport (MLE),Maldives,12,0, Substantial,-,de Havilland Canada DHC-6 Twin Otter 300,2,Pratt & Whitney Canada PT6A-27,1979,-,57523.0, 8Q-TMV, 625,Trans Maldivian Airways,Domestic Non Scheduled Passenger,-,-,-,-,-,Malé-Velana International Airport,MLE,VRMM,Maldives,3,9,0,0,-,-,Final
20170530-0,Tuesday,30-MAY-2017,12:10,A1, Landing (LDG),Bajura Airport (BJU),Nepal,3,1, Damaged beyond repair,-,PZL-Mielec M28 Skytruck,2,Pratt & Whitney Canada PT6A-65B,2004,-,-, NA-048, AJE003-02,Nepal Army,Military,-,Surkhet Airport,SKH,VNSK,Nepal,Simikot Airport,IMK,VNST,Nepal,3,0,1,0,-,-,Preliminary
20170530-1,Tuesday,30-MAY-2017,-,A1, Approach (APR),Balashov Airfield,Russia,6,1, Destroyed, Written off (damaged beyond repair),Antonov An-26,-,-,1979,-,-, RF-36160, 8001,Russian AF,Military,-,-,-,-,-,-,-,-,-,6,0,1,0,-,-,Preliminary
20170530-2,Tuesday,30-MAY-2017,10:30,A1, Landing (LDG),Mogadishu Aden Adde International Airport (MGQ),Somalia,4,0, Substantial, Written off (damaged beyond repair),Dornier 328JET-310,2,Pratt & Whitney Canada PW306B,2001,-,-, N330BG, 3184,Heidi Aviation,Int'l Non Scheduled Passenger,-,Entebbe Airport,EBB,HUEN,Uganda,Mogadishu Aden Adde International Airport,MGQ,HCMM,Somalia,4,0,0,0,-,-,Preliminary
20170530-3,Tuesday,30-MAY-2017,08:25,A2, Landing (LDG),Ilaga Airport (ILA),Indonesia,5,0, Substantial, Repaired,Cessna 208B Grand Caravan,1,Pratt & Whitney Canada PT6A-114A,1998,-,-, PK-MPS, 208B0656,MAF,Domestic Non Scheduled Passenger,-,Nabire Airport,NBX,WABI,Indonesia,Ilaga Airport,ILA,WABL,Indonesia,1,4,0,0,-,-,Preliminary
20170531-0,Wednesday,31-MAY-2017,08:51,A1, Landing (LDG),Manokwari-Rendani Airport (MKW),Indonesia,152,0, Substantial, Written off (damaged beyond repair),Boeing 737-33A,2,CFMI CFM56-3B1,1988,-,-, PK-CJC, 24025/1556,Sriwijaya Air,Domestic Scheduled Passenger,SJ570,Sorong-Dominique Edward Osok Airport,SOQ,WAXX,Indonesia,Manokwari-Rendani Airport,MKW,WAUU,Indonesia,6,146,0,0,-,-,Preliminary - official
20170531-1,Wednesday,31-MAY-2017,12:57,A2, Landing (LDG),Ambon-Pattimura Airport (AMQ),Indonesia,7,0, Substantial,-,Beechcraft B300 King Air 350i,2,Pratt & Whitney Canada PT6A-60A,2014,258.0,543.0, PK-CAQ, FL-953,Balai Kalibrasi Fasilitas Penerbangan,Ferry/positioning,-,Makassar-Sultan Hasanuddin International Airport,UPG,WAAA,Indonesia,Ambon-Pattimura Airport,AMQ,WAPP,Indonesia,2,5,0,0,-,-,Preliminary - official
20170602-0,Friday,02-JUN-2017,22:45,A1, Landing (LDG),"0,8 km (0.5 mls) SE of Tampico-Gen F Javier Mina Airport (TAM)",Mexico,2,0, Substantial, Written off (damaged beyond repair),Swearingen SA227-AC Metro III,2,Garrett TPE331-11U-611G,1984,43028.0,35318.0, XA-UAJ, AC-586,Aeronaves TSM,Cargo,-,Saltillo-Plan de Guadalupe International Airport,SLW,MMIO,Mexico,Puebla-Hermanos Serdán International Airport,PBC,MMPB,Mexico,2,0,0,0,-,-,Final
20170602-2,Friday,02-JUN-2017,15:18,A2, Takeoff (TOF),Ulan Bator-Chinggis Khaan International Airport (ULN),Mongolia,10,0, Substantial,-,Antonov TVS-2MS,1,Honeywell TPE331-12UHR,1966,880.0,328.0, RA-2099G, 1G73-40,SibNIA,Demonstration,-,Ulan Bator-Chinggis Khaan International Airport,ULN,ZMUB,Mongolia,-,-,-,-,2,8,0,0,-,-,Final
20170603-0,Saturday,03-JUN-2017,14:20,A2, Landing (LDG),Garbaharey Airport (GBM),Somalia,3,0, Substantial,-,Fokker F-27 Friendship 600,2,Rolls-Royce Dart 532-7,1967,-,-, 5Y-FMM, 10318,Safari Express Airways,Cargo,-,-,-,-,-,-,-,-,-,3,0,0,0,-,-,Preliminary - official
20170607-0,Wednesday,07-JUN-2017,13:35,A1, En route (ENR),off Dawei,Myanmar,122,122, Destroyed, Written off (damaged beyond repair),Shaanxi Y-8F-200W,-,-,2016,-,809.0, 5820,-,Myanmar Air Force,Military,-,Myeik Airport,MGZ,VYME,Myanmar,Yangon-Mingaladon Airport,RGN,VYYY,Myanmar,14,108,14,108,-,-,-
20170614-0,Wednesday,14-JUN-2017,14:05,A2, Landing (LDG),Bamako Airport (BKO),Mali,1,0, Substantial,-,Beechcraft 200 Super King Air,-,-,1979,-,-, TZ-DDG, BB-589,Malian Aéro Company,Agricultural,-,Bamako Airport,BKO,GABS,Mali,Bamako Airport,BKO,GABS,Mali,1,0,0,0,-,-,-
20170623-0,Friday,23-JUN-2017,13:38,A2, Landing (LDG),"Atlanta-William B. Hartsfield International Airport, GA (ATL)",United States of America,-,0, Substantial, Repaired,Airbus A321-211 (WL),2,CFMI CFM56-5B3/3,2016,-,-, N315DN, 7436,Delta Air Lines,Domestic Scheduled Passenger,DL800,Boston-Logan International Airport,BOS,KBOS,United States of America,Atlanta-William B. Hartsfield International Airport,ATL,KATL,United States of America,-,-,0,0,-,-,Preliminary - official
20170627-0,Tuesday,27-JUN-2017,14:44,A1, Maneuvering (MNV),10 km (6.3 mls) E of Kiliya,Ukraine,2,0, Damaged beyond repair,-,Antonov An-2R,1,Shvetsov ASh-62IR,1974,-,10030.0, UR-19717, 1G165-31,Kharkiv Aeroclub,Agricultural,-,-,-,-,-,-,-,-,-,2,0,0,0,-,-,Final
20170630-0,Friday,30-JUN-2017,20:37,A2, Taxi (TXI),"Chicago-O'Hare International Airport, IL (ORD)",United States of America,-,0, Unknown, Repaired,Airbus A321-231 (WL),2,IAE V2533-A5,2016,-,-, N991AU, 7131,American Airlines,Domestic Scheduled Passenger,AA1162,Chicago-O'Hare International Airport,ORD,KORD,United States of America,Los Angeles International Airport,LAX,KLAX,United States of America,-,-,0,0,-,-,Final
20170630-1,Friday,30-JUN-2017,20:37,A2, Taxi (TXI),"Chicago-O'Hare International Airport, IL (ORD)",United States of America,-,0, Unknown, Repaired,Canadair CL-600-2B19 Regional Jet CRJ-200ER,2,General Electric CF34-3B1,2001,-,-, N862AS, 7476,SkyWest Airlines,Domestic Scheduled Passenger,AA3047,Rochester International Airport,RST,KRST,United States of America,Chicago-O'Hare International Airport,ORD,KORD,United States of America,-,-,0,0,-,-,Final
20170702-0,Sunday,02-JUL-2017,13:19,A2, Landing (LDG),"Denver International Airport, CO (DEN)",United States of America,59,0, Substantial, Repaired,Canadair CL-600-2C10 Regional Jet CRJ-701ER,2,General Electric CF34-8C5B1,2010,-,-, N796SK, 10300,SkyWest Airlines,Domestic Scheduled Passenger,UA5869,Aspen-Pitkin County Airport,ASE,KASE,United States of America,Denver International Airport,DEN,KDEN,United States of America,3,56,0,0,-,-,Preliminary
20170703-0,Monday,03-JUL-2017,18:15,A2, Approach (APR),"near Alpine-Casparis Municipal Airport, TX",United States of America,1,0, Substantial,-,Cessna 208B Super Cargomaster,1,Pratt & Whitney Canada PT6A-114A,1989,-,-, N9714B, 208B0153,Martinaire,Cargo,-,-,-,-,-,-,-,-,-,1,0,0,0,-,-,Preliminary - official
20170704-0,Tuesday,04-JUL-2017,13:43,A1, En route (ENR),50 km (31.3 mls) WNW off  Macanao,Venezuela,9,9, Destroyed, Written off (damaged beyond repair),Gulfstream Aerospace G-1159A Gulfstream III,-,-,1986,-,-, YV2896, 469,SATA,Official state flight,-,Porlamar-del Caribe Santiago Mariño International Airport,PMV,SVMG,Venezuela,Caracas-Simón Bolívar International Airport,CCS,SVMI,Venezuela,-,-,-,-,-,-,Preliminary
20170707-0,Friday,07-JUL-2017,23:57,I2, Approach (APR),"San Francisco International Airport, CA (SFO)",United States of America,140,0, None,-,Airbus A320-211,2,CFMI CFM56-5A1,1991,-,-, C-FKCK, 265,Air Canada,International Scheduled Passenger,AC759,Toronto-Pearson International Airport,YYZ,CYYZ,Canada,San Francisco International Airport,SFO,KSFO,United States of America,5,135,0,0,-,-,Final
20170710-0,Monday,10-JUL-2017,15:49,A1, En route (ENR),"11 km (6.9 mls) WSW of Itta Bena, MS",United States of America,16,16, Destroyed, Written off (damaged beyond repair),Lockheed KC-130T Hercules,-,-,1992,-,-, 165000, 5303,USMC,Military,-,-,-,-,-,El Centro-Naval Air Field,NJK,KNJK,United States of America,8,8,8,8,-,-,Final
20170717-0,Monday,17-JUL-2017,05:54,A2, Landing (LDG),"San Carlos de Bariloche International Airport, RN (BRC)",Argentina,2,0, Substantial,-,Beechcraft B200 Super King Air,2,Pratt & Whitney Canada PT6A-42,2000,2820.0,3132.0, LV-ZTV, BB-1703,Aero Baires,Private,-,Neuquén Airport,NQN,SAZN,Argentina,San Carlos de Bariloche International Airport,BRC,SAZS,Argentina,2,0,0,0,-,-,Final
20170718-0,Tuesday,18-JUL-2017,12:39,A1, Landing (LDG),Wamena Airport (WMX),Indonesia,5,0, Damaged beyond repair,-,Boeing 737-301 (SF),2,CFMI CFM56-3B2,1988,-,-, PK-YGG, 23743/1510,Tri-MG Airlines,Cargo,TMG103,Timika-Moses Kilangin (Tembagapura) Airport,TIM,WAYY,Indonesia,Wamena Airport,WMX,WAVV,Indonesia,5,0,0,0,-,-,Preliminary
20170720-0,Thursday,20-JUL-2017,18:10,A2, En route (ENR),74 km (46.3 mls) N of Val-dOr,Canada,15,0, Substantial, Repaired,de Havilland Canada DHC-8-106,2,Pratt & Whitney Canada PW121,1991,-,-, C-FDWO, 277,Air Creebec,Domestic Scheduled Passenger,YN236,-,-,-,-,Val-dOr Airport,YVO,CYVO,Canada,3,12,0,0,-,-,Preliminary - official
20170721-0,Friday,21-JUL-2017,17:20,A2, Landing (LDG),"Lower East River, New York, NY",United States of America,9,0, Substantial,-,Cessna 208 Caravan I,-,-,1999,-,1909.0, N802TW, 20800300,Tailwind Air Service,Domestic Scheduled Passenger,-,-,-,-,-,East Hampton Airport,HTO,KHTO,United States of America,1,8,0,0,-,-,Preliminary
20170722-0,Saturday,22-JUL-2017,12:30,A2, Landing (LDG),Sinak Airport (NKD),Indonesia,2,0, Substantial,-,Cessna 208B Grand Caravan,1,Pratt & Whitney Canada PT6A-114A,-,-,-, PK-RSD, 208B2361,Enggang Air Service,Cargo,-,Nabire Airport,NBX,WABI,Indonesia,Sinak Airport,NKD,WABS,Indonesia,2,0,0,0,-,-,Preliminary
20170725-0,Tuesday,25-JUL-2017,17:55,A1, Approach (APR),"0,25 km (0.2 mls) from  Eteringbang Airport",Guyana,1,1, Damaged beyond repair,-,PADC/Pilatus Britten-Norman BN-2A-26 Islander,2,Lycoming O-540-E4C5,1982,-,24716.0, 8R-GRA, 3006,Roraima Airways,Cargo,-,-,-,-,-,-,-,-,-,1,0,1,0,-,-,Final
20170727-0,Thursday,27-JUL-2017,19:30,A1, Initial climb (ICL),"1,7 km (1.1 mls) N of Poltavskaya, Krasnoarmeysky district",Russia,2,0, Substantial,-,Antonov An-2R,1,Shvetsov ASh-62IR,1985,-,7203.0, RA-40908, 1G215-45,Aviation Technical Center Virazh,Agricultural,-,-,-,-,-,-,-,-,-,2,0,0,0,-,-,Final
20170729-0,Saturday,29-JUL-2017,09:07,A1, Takeoff (TOF),São Tomé Island Airport (TMS),São Tomé and Príncipe,6,0, Destroyed, Written off (damaged beyond repair),Antonov An-74TK-100,2,Lotarev D-36-2A,1992,-,5104.0, UR-CKC, 36547095905,Cavok Air,Ferry/positioning,CVK7087,São Tomé Island Airport,TMS,FPST,São Tomé and Príncipe,Accra-Kotoka Airport,ACC,DGAA,Ghana,6,0,0,0,-,-,Final
20170803-0,Thursday,03-AUG-2017,11:00,A1, Taxi (TXI),Medan-Kualanamu International Airport (KNO),Indonesia,72,0, Substantial,-,ATR 72-212A (ATR-72-500),2,Pratt & Whitney Canada PW127M,2009,16132.0,14321.0, PK-WFF, 869,Wings Air,Domestic Scheduled Passenger,IW1252,Medan-Kualanamu International Airport,KNO,WIMM,Indonesia,Meulaboh-Cut Nyak Dhien Airport,MEQ,WITC,Indonesia,5,67,0,0,-,-,Final
20170803-1,Thursday,03-AUG-2017,11:00,A2, Landing (LDG),Medan-Kualanamu International Airport (KNO),Indonesia,151,0, Substantial, Repaired,Boeing 737-9GPER,2,CFMI CFM56-7B26E,2009,10213.0,13773.0, PK-LJZ, 37296/4128,Lion Air,Domestic Scheduled Passenger,JT197,Banda Aceh-Sultan Iskandarmuda Airport,BTJ,WITT,Indonesia,Medan-Kualanamu International Airport,KNO,WIMM,Indonesia,7,144,0,0,-,-,Final
20170804-0,Friday,04-AUG-2017,13:00,A2, Landing (LDG),"Mulino State Airport, OR",United States of America,1,0, Substantial, Repaired,Cessna 208B Grand Caravan,1,Pratt & Whitney Canada PT6A-42A,1988,-,-, N9829B, 208B0116,Kapowsin Air Sports,Parachuting,-,-,-,-,-,-,-,-,-,1,0,0,0,-,-,Final
20170804-1,Friday,04-AUG-2017,09:22,A2, En route (ENR),72 km (45 mls) NW of Port Moresby,Papua New Guinea,31,0, Minor, Repaired,de Havilland Canada DHC-8-202Q Dash 8,2,Pratt & Whitney Canada PW123D,1997,-,36000.0, P2-ANK, 461,LinkPNG,Domestic Scheduled Passenger,PX864,Port Moresby-Jacksons International Airport,POM,AYPY,Papua New Guinea,Tari Airport,TIZ,AYTA,Papua New Guinea,3,28,0,0,-,-,Final
20170805-0,Saturday,05-AUG-2017,20:00,A2, Initial climb (ICL),"near Pocatello Airport, ID (PIH)",United States of America,3,0, Substantial,-,Lockheed P2V-5F Neptune,2,Wright R-3350,1954,-,8486.0, N410NA, 526-5363,Neptune Aviation Services,Fire fighting,-,Pocatello Airport,PIH,KPIH,United States of America,Pocatello Airport,PIH,KPIH,United States of America,3,0,0,0,-,-,Final
20170815-0,Tuesday,15-AUG-2017,-,A2, Landing (LDG),Iquitos-Coronel FAP Secada Vignetta International Airport (IQT),Peru,-,0, Substantial, Repaired,Viking DHC-6 Twin Otter 400,-,-,2013,-,-, 306, 891,Peruvian AF,Military,-,-,-,-,-,Iquitos-Coronel FAP Francisco Secada Vignetta International Airport,IQT,SPQT,Peru,-,-,0,0,-,-,-
20170816-0,Wednesday,16-AUG-2017,09:40,A1, Unknown (UNK),Comayagua-Palmerola Air Base (XPL),Honduras,3,1, Damaged beyond repair,-,Let L-410UVP-E3,-,-,1987,-,-, FAH-322, 871827,Honduras AF,Military,-,Comayagua-Palmerola Air Base,XPL,MHCG,Honduras,Comayagua-Palmerola Air Base,XPL,MHCG,Honduras,3,0,1,0,-,-,Preliminary
20170816-1,Wednesday,16-AUG-2017,12:25,A2, Landing (LDG),Netheravon Airport,United Kingdom,1,0, Substantial, Repaired,Cessna 208B Grand Caravan,1,Pratt & Whitney Canada PT6A-114A,2004,-,-, G-CPSS, 208B1059,Army Parachute Association,Parachuting,-,-,-,-,-,-,-,-,-,1,0,0,0,-,-,Final
20170819-0,Saturday,19-AUG-2017,-,A1, En route (ENR),"2,5 km (1.6 mls) N off  Naiguatá",Venezuela,5,5, Destroyed, Written off (damaged beyond repair),Learjet 25D,-,-,1984,-,-, YV3191, 25-368,Aeroquest,Executive,-,Caracas-Simón Bolívar International Airport,CCS,SVMI,Venezuela,Barcelona-Gen J A Anzoategui Airport,BLA,SVBC,Venezuela,2,3,2,3,-,-,Preliminary
20170825-0,Friday,25-AUG-2017,23:45,A1, Approach (APR),Temporary Landing Zone,Iraq,9,0, Damaged beyond repair,-,Lockheed Hercules C.4 (C-130J-30),-,-,1998,-,-, ZH873, 5457,RAF,Military,-,Akrotiri RAF Station,AKT,LCRA,Cyprus,-,-,-,-,9,0,0,0,-,-,Final
20170826-0,Saturday,26-AUG-2017,17:50,A1, En route (ENR),"75 km (46.9 mls) W of Yeniseisk, Krasnoyarsk Territory",Russia,2,0, Substantial, Written off (damaged beyond repair),Antonov An-2R,1,Shvetsov ASh-62IR,1986,12934.0,4754.0, RA-33036, 1G218-23,Aviakompaniya Feniks,Agricultural,-,-,-,-,-,-,-,-,-,2,0,0,0,-,-,Final
20170828-0,Monday,28-AUG-2017,11:30,A1, Landing (LDG),Maban Airstrip,South Sudan,-,0, Destroyed, Written off (damaged beyond repair),Antonov An-26B,-,-,1982,-,-, EK-26006, 12102,Coco Aviation,Cargo,-,-,-,-,-,-,-,-,-,-,-,0,0,-,-,Preliminary
20170902-0,Saturday,02-SEP-2017,12:15,A1, Maneuvering (MNV),Chernoye Airport,Russia,2,2, Destroyed, Written off (damaged beyond repair),Antonov An-2V,1,Shvetsov ASh-62IR,1969,-,19721.0, RA-35171, 1G113-10,private,Demonstration,-,-,-,-,-,-,-,-,-,2,0,2,0,-,-,Final
20170902-1,Saturday,02-SEP-2017,13:55,A2, Approach (APR),"near Turinskaya Sloboda, Sverdlovsk region",Russia,1,0, Substantial,-,Antonov TR-301,1,Walter M-601B,1987,-,-, RA-40462, 1G224-39,Polemaks,Parachuting,-,-,-,-,-,-,-,-,-,1,0,0,0,-,-,Final
20170904-0,Monday,04-SEP-2017,-,A2, Landing (LDG),La Paragua Airport,Venezuela,-,0, Substantial,-,Antonov An-2P,-,-,1958,-,-, YV2195, 193(473)19,Aéreo Transporte La Montaña,Unknown,-,-,-,-,-,-,-,-,-,-,-,0,0,-,-,Preliminary
20170904-1,Monday,04-SEP-2017,-,A1, Unknown (UNK),Hato Viejo,Venezuela,2,2, Damaged beyond repair,-,British Aerospace BAe-125-700A,-,-,-,-,-, registration unknown,-,Unknown,Illegal Flight,-,-,-,-,-,-,-,-,-,2,0,2,0,-,-,-
20170905-0,Tuesday,05-SEP-2017,02:40,A2, Landing (LDG),Cochin International Airport (COK),India,108,0, Substantial, Repaired,Boeing 737-8HG (WL),2,CFMI CFM56-7B26,2009,9180.0,26525.0, VT-AYB, 36338/2962,Air India Express,International Scheduled Passenger,IX452,Abu Dhabi International Airport,AUH,OMAA,United Arab Emirates,Cochin International Airport,COK,VOCI,India,6,102,0,0,-,-,Final
20170905-1,Tuesday,05-SEP-2017,17:00,A1, Unknown (UNK),Playa Linda,Venezuela,-,1, Damaged beyond repair,-,Antonov An-2R,-,-,1982,-,-, YV2664, 1G195-34,Unknown,Unknown,-,-,-,-,-,-,-,-,-,-,-,0,1,-,-,Preliminary
20170906-0,Wednesday,06-SEP-2017,-,O1, Standing (STD),Sint Maarten-Juliana Airport (SXM),Sint Maarten,0,0, Damaged beyond repair,-,Britten-Norman BN-2A-26 Islander,-,-,1972,-,-, PJ-WEA, 659,Windward Express Airways,-,-,-,-,-,-,-,-,-,-,0,0,0,0,-,-,-
20170909-0,Saturday,09-SEP-2017,03:15,A2, Landing (LDG),Ciudad del Carmen Airport (CME),Mexico,6,0, Substantial,-,Learjet 31A,-,-,-,-,-, XA-ZYZ, 31-073,Transportes Aéreos Pegaso,Private,-,Miami International Airport,MIA,KMIA,United States of America,Ciudad del Carmen Airport,CME,MMCE,Mexico,2,4,0,0,-,-,Final
20170910-0,Sunday,10-SEP-2017,-,A1, Landing (LDG),Goma Airport (GOM),Democratic Republic of the Congo,4,0, Substantial,-,Antonov An-26B,-,-,1985,-,-, 9S-AFL, 14003, Serve Air,Cargo,-,Goma Airport,GOM,FZNA,Democratic Republic of the Congo,Kisangani Airport,FKI,FZIA,Democratic Republic of the Congo,4,0,0,0,-,-,Preliminary
20170912-0,Tuesday,12-SEP-2017,20:45,A2, Standing (STD),"Greeley-Weld County Airport, CO (GXY)",United States of America,3,0, Substantial, Repaired,Embraer EMB-120ER Brasilia,2,Pratt & Whitney Canada PW118,1999,-,33531.0, N121CZ, 120350,Air Charter Express,Domestic Non Scheduled Passenger,-,Greeley-Weld County Airport,GXY,KGXY,United States of America,Oxford-University Airport,UOX,KUOX,United States of America,3,0,0,0,-,-,Preliminary - official
20170912-1,Tuesday,12-SEP-2017,13:10,A2, Standing (STD),"Los Angeles International Airport, CA (LAX)",United States of America,-,0, Substantial, Repaired,Boeing 767-375ER,2,General Electric CF6-80C2B6F,1989,-,120692.0, C-GHOZ, 24087/249,Air Canada,International Scheduled Passenger,AC785,Toronto-Pearson International Airport,YYZ,CYYZ,Canada,Los Angeles International Airport,LAX,KLAX,United States of America,-,-,0,0,-,-,Final
20170912-2,Tuesday,12-SEP-2017,13:10,A2, Taxi (TXI),"Los Angeles International Airport, CA (LAX)",United States of America,140,0, Minor, Repaired,Boeing 737-924ER (WL),2,CFMI CFM56-7B27E,2014,-,13045.0, N69813, 43531/4773,United Airlines,Domestic Scheduled Passenger,UA447,Los Angeles International Airport,LAX,KLAX,United States of America,San Francisco International Airport,SFO,KSFO,United States of America,7,133,0,0,-,-,Final
20170913-0,Wednesday,13-SEP-2017,-,O1, Standing (STD),Nassau-Lynden Pindling International Airport (NAS),Bahamas,0,0, Substantial, Written off (damaged beyond repair),Britten-Norman BN-2A-26 Islander,-,-,1979,-,-, C6-FYP, 2015,Golden Wings Charter,-,-,-,-,-,-,-,-,-,-,0,0,0,0,-,-,- (No safety board investigation)
20170913-2,Wednesday,13-SEP-2017,15:45,A2, Taxi (TXI),"Charlotte-Douglas International Airport, NC (CLT)",United States of America,53,0, Substantial, Repaired,Canadair CL-600-2B19 Regional Jet CRJ-200ER,2,General Electric CF34-3B1,2004,-,-, N261PS, 7959,PSA Airlines,Domestic Scheduled Passenger,AA5233,Charleston-Yeager Airport,CRW,KCRW,United States of America,Charlotte-Douglas International Airport,CLT,KCLT,United States of America,3,50,0,0,-,-,Final
20170915-0,Friday,15-SEP-2017,21:59,A2, Landing (LDG),Bridgetown-Grantley Adams International Airport (BGI),Barbados,143,0, Substantial, Repaired,Airbus A321-231 (WL),2,IAE V2533-A5,2015,-,-, N137AA, 6647,American Airlines,International Scheduled Passenger,AA2393,Miami International Airport,MIA,KMIA,United States of America,Bridgetown-Grantley Adams International Airport,BGI,TBPB,Barbados,6,137,0,0,-,-,Final
20170915-1,Friday,15-SEP-2017,09:07,A2, Takeoff (TOF),London-Stansted Airport (STN),United Kingdom,190,0, Minor, Repaired,Boeing 737-8AS (WL),2,CFMI CFM56-7B26,2006,-,-, EI-DLV, 33598/2063,Ryanair,International Scheduled Passenger,FR7384,London-Stansted Airport,STN,EGSS,United Kingdom,København-Kastrup Airport,CPH,EKCH,Denmark,6,184,0,0,-,-,Final
20170916-0,Saturday,16-SEP-2017,14:30,A2, Taxi (TXI),"Sedona Airport, AZ (SDX)",United States of America,9,0, Substantial, Repaired,Cessna 208B Grand Caravan,1,Pratt & Whitney Canada PT6A-114A,2004,-,-, N786WW, 208B1099,Westwind Air Service,Domestic Non Scheduled Passenger,-,-,-,-,-,Sedona Airport,SDX,KSEZ,United States of America,1,8,0,0,-,-,Final
20170921-0,Thursday,21-SEP-2017,21:16,A1, Landing (LDG),Istanbul-Atatürk International Airport (IST),Turkey,4,0, Destroyed, Written off (damaged beyond repair),Cessna 650 Citation VII,-,-,1998,-,-, TC-KON, 650-7084,Avione Jet,Executive,-,Istanbul-Atatürk International Airport,IST,LTBA,Turkey,Ercan Airport,ECN,LCEN,Turkey,3,1,0,0,-,-,Preliminary
20170924-0,Sunday,24-SEP-2017,18:00,A2, Landing (LDG),Kuching Airport (KCH),Malaysia,6,0, Substantial,-,Beechcraft B200GT King Air 250,-,-,2007,-,-, 9M-WSK, BY-8,Hornbill Skyways,Unknown,-,Mukah Airport,MKM,WBGK,Malaysia,Kuching Airport,KCH,WBGG,Malaysia,-,-,0,0,-,-,-
20170930-0,Saturday,30-SEP-2017,07:30,A1, Unknown (UNK),ca 20 km NE of Kinshasa-N'Djili Airport (FIH),Democratic Republic of the Congo,8,8, Damaged beyond repair,-,Antonov An-12B,-,-,1965,-,-, EX-001, 5343606,D.R. Congo AF,Military,-,Kinshasa-N'Djili Airport,FIH,FZAA,Democratic Republic of the Congo,Bunia Airport,BUX,FZKA,Democratic Republic of the Congo,3,5,3,5,-,-,-
20170930-1,Saturday,30-SEP-2017,13:45,A2, En route (ENR),over southern Greenland,Greenland,521,0, Substantial, Repaired,Airbus A380-861,4,Engine Alliance GP7270,2010,-,-, F-HPJE, 052,Air France,International Scheduled Passenger,AF066,Paris-Charles de Gaulle Airport,CDG,LFPG,France,Los Angeles International Airport,LAX,KLAX,United States of America,24,497,0,0,-,-,Preliminary
20170930-2,Saturday,30-SEP-2017,10:46,A2, Taxi (TXI),"Washington-Ronald Reagan National Airport, DC (DCA)",United States of America,191,0, Substantial, Repaired,Airbus A321-231,2,IAE V2533-A5,2012,-,-, N982VJ, 5374,American Airlines,Domestic Scheduled Passenger,AA419,Dallas/Fort Worth International Airport,DFW,KDFW,United States of America,Washington-Ronald Reagan National Airport,DCA,KDCA,United States of America,6,185,0,0,-,-,Preliminary - official
20170930-3,Saturday,30-SEP-2017,10:46,A2, Taxi (TXI),"Washington-Ronald Reagan National Airport, DC (DCA)",United States of America,110,0, Minor, Repaired,Boeing 737-823 (WL),2,CFMI CFM56-7B24,2010,-,-, N841NN, 	30914/3298,American Airlines,Domestic Scheduled Passenger,-,Miami International Airport,MIA,KMIA,United States of America,Washington-Ronald Reagan National Airport,DCA,KDCA,United States of America,6,104,0,0,-,-,Preliminary - official
20171002-0,Monday,02-OCT-2017,-,O1, Standing (STD),"Pará de Minas Airport, MG",Brazil,0,0, Damaged beyond repair,-,Cessna 208B Grand Caravan,-,-,1998,-,-, PT-WRZ, 208B0624,Private,-,-,-,-,-,-,-,-,-,-,0,0,0,0,-,-,-
20171003-0,Tuesday,03-OCT-2017,18:47,A1, En route (ENR),28 km (17.5 mls) WNW of Almaty Airport (ALA),Kazakhstan,5,5, Damaged beyond repair,-,Antonov An-28,-,-,1990,-,-, UP-A2807, 1AJ007-14,East Wing,Ambulance,-,Almaty Airport,ALA,UAAA,Kazakhstan,Shymkent Airport,CIT,UAII,Kazakhstan,2,3,2,3,-,-,Preliminary
20171003-1,Tuesday,03-OCT-2017,-,A2, Landing (LDG),Nili Airport,Afghanistan,-,0, Substantial,-,Cessna 208B Grand Caravan,1,Pratt & Whitney Canada PT6A-114A,2011,-,-, YA12303, 208B2303,Afghan Air Force,Military,-,-,-,-,-,-,-,-,-,-,-,0,0,-,-,-
20171004-0,Wednesday,04-OCT-2017,16:16,A2, Landing (LDG),off Malé-Velana International Airport (MLE),Maldives,18,0, Substantial, Repaired,de Havilland Canada DHC-6 Twin Otter 300,2,Pratt & Whitney Canada PT6A-27,1979,-,26314.0, 8Q-ISB, 655,Maldivian,Domestic Scheduled Passenger,-,-,-,-,-,Malé-Velana International Airport,MLE,VRMM,Maldives,3,15,0,0,-,-,Final
20171004-1,Wednesday,04-OCT-2017,11:10,A2, Landing (LDG),Mazamari-Manuel Prado Ugarteche Aiport,Peru,-,0, Substantial,-,Antonov An-32B,-,-,1994,-,-, AT-530, 3403,Peruvian Navy,Military,-,Lima-Jorge Chávez International Airport,LIM,SPIM,Peru,-,-,-,-,-,-,0,0,-,-,Preliminary
20171007-0,Saturday,07-OCT-2017,12:30,A2, Takeoff (TOF),Xuddur Airport,Somalia,9,0, Substantial,-,Cessna 208B Grand Caravan,1,Pratt & Whitney Canada PT6A-114A,1994,-,-, 5Y-BNH, 208B0385,Penial Air,Domestic Non Scheduled Passenger,-,-,-,-,-,-,-,-,-,1,8,0,0,-,-,Preliminary - official
20171012-0,Thursday,12-OCT-2017,17:15,A1, En route (ENR),near Cuílo,Angola,7,7, Damaged beyond repair,-,Embraer EMB-120ER,2,Pratt & Whitney Canada PW118,1988,-,-, D2-FDO, 120082,Guicango,Ambulance,-,Dundo Airport,DUE,FNDU,Angola,Luanda Airport,LAD,FNLU,Angola,3,4,3,4,-,-,Preliminary
20171013-0,Friday,13-OCT-2017,22:58,A2, Landing (LDG),Iloilo International Airport (ILO),Philippines,180,0, Unknown, Repaired,Airbus A320-214,2,CFMI CFM56-5B4/3,2012,-,-, RP-C3237, 5045,Cebu Pacific Air,Domestic Scheduled Passenger,5J461,Manila-Ninoy Aquino International Airport,MNL,RPLL,Philippines,Iloilo International Airport,ILO,RPVI,Philippines,-,-,0,0,-,-,Preliminary
20171014-0,Saturday,14-OCT-2017,08:23,A1, Approach (APR),"0,8 km (0.5 mls) S off  Abidjan-Felix Houphouet Boigny Airport (ABJ)",Cote d'Ivoire,10,4, Destroyed, Written off (damaged beyond repair),Antonov An-26-100,2,Ivchenko AI-24VT,1975,-,-, ER-AVB, 3204, Valan Int'l Cargo,Cargo,26,Ouagadougou Airport,OUA,DFFD,Burkina Faso,Abidjan-Felix Houphouet Boigny Airport,ABJ,DIAP,Cote d'Ivoire,3,7,3,1,-,-,Final
20171014-1,Saturday,14-OCT-2017,00:09,A2, Landing (LDG),"Moncton/Greater Moncton International Airport, NB (YQM)",Canada,-,0, Unknown, Repaired,Beechcraft 1900D,-,-,-,-,-, C-GORZ, UE-134,Exploits Valley Air Services,Domestic Scheduled Passenger,EVS7764,Halifax-Stanfield International Airport,YHZ,CYHZ,Canada,Moncton/Greater Moncton International Airport,YQM,CYQM,Canada,-,-,0,0,-,-,Preliminary - official
20171014-2,Saturday,14-OCT-2017,19:32,A2, Pushback / towing (PBT),"Sydney-Kingsford Smith International Airport, NSW (SYD)",Australia,181,0, Minor, Repaired,Boeing 737-838 (WL),2,CFMI CFM56-7B26E,2012,-,-, VH-VZZ, 39445/4010,Qantas,Domestic Scheduled Passenger,-,Sydney-Kingsford Smith International Airport,SYD,YSSY,Australia,Melbourne-Tullamarine Airport,MEL,YMML,Australia,7,174,0,0,-,-,Final
20171016-0,Monday,16-OCT-2017,09:35,A2, Landing (LDG),Chester/Hawarden Airport (CEG),United Kingdom,12,0, Minor, Repaired,British Aerospace 4100 Jetstream 41,2,Garrett TPE331-14GR/HR-807H,1992,-,-, G-MAJC, 41005,Eastern Airways,Domestic Scheduled Passenger,-,Bristol Airport,BRS,EGGD,United Kingdom,Chester/Hawarden Airport,CEG,EGNR,United Kingdom,3,9,0,0,-,-,Final
20171017-0,Tuesday,17-OCT-2017,10:40,A1, Landing (LDG),"Rio Negro, Parque Nacional de Anavilhanas, AM",Brazil,5,1, Substantial, Written off (damaged beyond repair),Cessna 208 Caravan I,1,Pratt & Whitney Canada PT6A-114A,2009,-,-, PR-MPE, 20800510,Greenpeace Brasil,Survey/research,-,Manaus-Eduardo Gomes International Airport,MAO,SBEG,Brazil,-,-,-,-,1,4,0,1,-,-,Final
20171019-0,Thursday,19-OCT-2017,11:49,A1, En route (ENR),near Nuevo Saposoa,Peru,14,1, Destroyed, Written off (damaged beyond repair),Beechcraft 200C Super King Air,2,Pratt & Whitney Canada PT6A-42,1980,9666.0,12334.0, OB-2077-P, BL-5,Air Majoro,Domestic Non Scheduled Passenger,-,-,-,-,-,Pucallpa Airport,PCL,SPCL,Peru,2,12,0,1,-,-,Final
20171021-0,Saturday,21-OCT-2017,22:21,A2, Landing (LDG),"Prince Albert Airport, SK (YPA)",Canada,7,0, Substantial,-,Beechcraft 200 Super King Air,-,-,1980,-,-, C-GFSG, BB-671,Transwest Air,Ambulance,TW911,La Ronge Airport,YVC,CYVC,Canada,Prince Albert Airport,YPA,CYPA,Canada,-,-,0,0,-,-,Preliminary - official
20171021-1,Saturday,21-OCT-2017,05:36,A2, Landing (LDG),"Anchorage-Ted Stevens International Airport, AK (ANC)",United States of America,4,0, Substantial, Repaired,Beechcraft B200 Super King Air,2,Pratt & Whitney Canada PT6A-41,2002,-,-, N363JH, BB-1799,Bering Air,Ambulance,-,Nome Airport,OME,PAOM,United States of America,Anchorage-Ted Stevens International Airport,ANC,PANC,United States of America,3,1,0,0,-,-,Preliminary - official
20171025-0,Wednesday,25-OCT-2017,14:30,A1, Landing (LDG),Lobo Wildlife Lodge Airstrip,Tanzania,11,0, Substantial,-,Cessna 208B Grand Caravan,1,Pratt & Whitney Canada PT6A-114A,1996,-,-, 5H-THR, 208B0571,Coastal Aviation,Domestic Non Scheduled Passenger,-,-,-,-,-,-,-,-,-,1,10,0,0,-,-,Preliminary
20171027-0,Friday,27-OCT-2017,07:20,A2, Landing (LDG),"Lord Howe Island Airport, NSW (LDH)",Australia,-,0, Substantial,-,Beechcraft B200 Super King Air,-,-,1982,-,-, VH-LNK, BB-968,Eastern Air Services,Domestic Non Scheduled Passenger,-,Port Macquarie Airport,PQQ,YPMQ,Australia,Lord Howe Island Airport,LDH,YLHI,Australia,-,-,0,0,-,-,- (No safety board investigation)
20171027-1,Friday,27-OCT-2017,13:56,A2, Landing (LDG),"Akron/Canton Regional Airport, OH (CAK)",United States of America,-,0, Substantial,-,Cessna 560 Citation V,2,Pratt & Whitney Canada JT15D-5A,1989,-,9499.0, N561VP, 560-0001,Private Jets,Unknown,-,Cleveland-Hopkins International Airport,CLE,KCLE,United States of America,Akron/Canton Regional Airport,CAK,KCAK,United States of America,-,-,0,0,-,-,Preliminary
20171029-0,Sunday,29-OCT-2017,18:27,A2, Landing (LDG),Bremen Airport (BRE),Germany,3,0, Substantial,-,Cessna 550 Citation Bravo,2,Pratt & Whitney Canada PW530A,2011,-,-, RA-67560, 550-1038,Tropic,Ferry/positioning,-,Cannes-Mandelieu Airport,CEQ,LFMD,France,Bremen Airport,BRE,EDDW,Germany,3,0,0,0,-,-,Preliminary - official
20171030-0,Monday,30-OCT-2017,-,A2, En route (ENR),Toronto - London,Atlantic Ocean,264,0, Substantial, Repaired,Boeing 767-338ER (WL),2,General Electric CF6-80C2B6,1991,-,-, C-FOGT, 25246/387,WestJet,International Scheduled Passenger,WS3,Toronto-Pearson International Airport,YYZ,CYYZ,Canada,London-Gatwick Airport,LGW,EGKK,United Kingdom,9,255,0,0,-,-,Preliminary - official
20171102-0,Thursday,02-NOV-2017,19:21,A2, Landing (LDG),"Thompson Airport, MB (YTH)",Canada,2,0, Substantial,-,Swearingen SA227-AC Metro III,2,Garrett TPE331-11U-612G,1990,-,24672.0, C-FLRY, AC-756B,Perimeter Aviation,Ferry/positioning,PAG959,Gods River Airport,ZGI,CZGI,Canada,Thompson Airport,YTH,CYTH,Canada,2,0,0,0,-,-,Final
20171106-0,Monday,06-NOV-2017,14:00,A2, Landing (LDG),"Coffee Creek, YT",Canada,1,0, Damaged beyond repair,-,Cessna 208B Grand Caravan,1,Pratt & Whitney Canada PT6A,1998,-,-, C-FAKZ, 208B0666,Alkan Air,Cargo,-,Dawson City Airport,YDA,CYDA,Canada,-,-,-,-,1,0,0,0,-,-,Preliminary - official
20171107-0,Tuesday,07-NOV-2017,08:50,A1, Approach (APR),"Ekimchan, Amur region",Russia,2,1, Destroyed, Written off (damaged beyond repair),Antonov An-2,1,Shvetsov ASh-62IR,1990,8807.0,2483.0, RA-02305, 1G240-07,DalTransAero,Cargo,-,-,-,-,-,-,-,-,-,2,0,1,0,-,-,Final
20171108-0,Wednesday,08-NOV-2017,19:38,A1, En route (ENR),over Limpopo province,South Africa,38,0, Substantial,-,Avro RJ85,4,Lycoming LF507-1F,1997,-,29636.0, ZS-ASW, E2313,Airlink,International Scheduled Passenger,SA8103,Harare Airport,HRE,FVHA,Zimbabwe,Johannesburg-O.R. Tambo International Airport,JNB,FAOR,South Africa,4,34,0,0,-,-,Final
20171109-0,Thursday,09-NOV-2017,20:53,A2, Landing (LDG),"Toronto City-Billy Bishop Airport, ON (YTZ)",Canada,56,0, Substantial, Repaired,de Havilland Canada DHC-8-402Q Dash 8,2,Pratt & Whitney Canada PW150A,2016,-,-, C-GYJZ, 4524,Air Canada Express,Domestic Scheduled Passenger,AC7977,Montreal-Pierre Elliott Trudeau International Airport,YUL,CYUL,Canada,Toronto City-Billy Bishop Airport,YTZ,CYTZ,Canada,4,52,0,0,-,-,Final
20171110-0,Friday,10-NOV-2017,13:32,A2, Landing (LDG),Belfast International Airport (BFS),United Kingdom,57,0, Substantial, Repaired,de Havilland Canada DHC-8-402Q Dash 8,2,Pratt & Whitney Canada PW150A,2004,-,-, G-JEDU, 4089,Flybe,Domestic Scheduled Passenger,BE331,Belfast City Airport,BHD,EGAC,United Kingdom,Inverness Airport,INV,EGPE,United Kingdom,4,53,0,0,-,-,Final
20171111-0,Saturday,11-NOV-2017,23:36,A2, Takeoff (TOF),Maastricht/Aachen Airport (MST),Netherlands,4,0, Substantial, Repaired,Boeing 747-428FER,4,General Electric CF6-80C2B5F,2002,-,-, TC-ACR, 32866/1315,Saudi Arabian,Cargo,SV916,Maastricht/Aachen Airport,MST,EHBK,Netherlands,Jeddah-King Abdulaziz International Airport,JED,OEJN,Saudi Arabia,4,0,0,0,-,-,Final
20171115-0,Wednesday,15-NOV-2017,13:09,A1, Approach (APR),"1,2 km (0.8 mls) SSW of Nelkan Airport",Russia,7,6, Destroyed, Written off (damaged beyond repair),Let L-410UVP-E20,2,General Electric H80-200,2015,1071.0,1693.0, RA-67047, 3010,Khabarovsk Avia,Domestic Scheduled Passenger,RNI463,-,-,-,-,-,-,-,-,2,5,2,4,-,-,Final
20171115-1,Wednesday,15-NOV-2017,11:13,A1, En route (ENR),Empakaai area,Tanzania,11,11, Damaged beyond repair,-,Cessna 208B Grand Caravan,1,Pratt & Whitney Canada PT6A-114A,1997,-,-, 5H-EGG, 208B0476,Coastal Aviation,Passenger,-,Arusha Airport,ARK,HTAR,Tanzania,-,-,-,-,1,10,1,10,-,-,-
20171116-0,Thursday,16-NOV-2017,09:26,A2, Takeoff (TOF),Dhaalu Atoll,Maldives,15,0, Substantial, Repaired,de Havilland Canada DHC-6 Twin Otter 200HG,2,Pratt & Whitney Canada PT6A-27,1969,-,42772.0, 8Q-IAG, 226,Maldivian,Domestic Scheduled Passenger,Q27100,-,-,-,-,Malé-Velana International Airport,MLE,VRMM,Maldives,3,12,0,0,-,-,Final
20171117-0,Friday,17-NOV-2017,-,A1, Takeoff (TOF),Placencia Airport,Belize,7,0, Substantial,-,Cessna 208B Grand Caravan,1,Pratt & Whitney Canada PT6A-114A,2005,-,-, V3-HGX, 208B1162,Tropic Air,Passenger,-,-,-,-,-,-,-,-,-,1,6,0,0,-,-,Preliminary
20171119-0,Sunday,19-NOV-2017,13:21,A2, Landing (LDG),"Canberra Airport, ACT (CBR)",Australia,72,0, Substantial, Repaired,ATR 72-212A (ATR 72-600),2,Pratt & Whitney Canada PW127M,2013,-,-, VH-FVZ, 1087,Virgin Australia Airlines,Domestic Scheduled Passenger,VA646,Sydney-Kingsford Smith International Airport,SYD,YSSY,Australia,Canberra Airport,CBR,YSCB,Australia,5,67,0,0,-,-,Final
20171122-0,Wednesday,22-NOV-2017,-,A1, En route (ENR),SE off Okinawa,Pacific Ocean,11,3, Damaged beyond repair,-,Grumman C-2A Greyhound,-,-,-,-,-, 162175, 55,US Navy,Military,-,-,-,-,-,-,-,-,-,-,-,-,-,-,-,Preliminary
20171122-1,Wednesday,22-NOV-2017,16:23,A2, Landing (LDG),Johannesburg/Germiston-Rand Airport (QRA),South Africa,2,0, Substantial,-,Hawker Beechcraft 390 Premier IA,2,Williams International FJ44-2A,2007,-,963.0, ZS-CBI, RB-214,Multimanaged Investments Pty,Private,-,Cape Town International Airport,CPT,FACT,South Africa,Johannesburg/Germiston-Rand Airport,QRA,FAGM,South Africa,2,0,0,0,-,-,Final
20171125-0,Saturday,25-NOV-2017,12:20,A2, Takeoff (TOF),Accra-Kotoka Airport (ACC),Ghana,68,0, Substantial,-,ATR 72-212A (ATR-72-500),2,Pratt & Whitney Canada PW127F,2007,-,-, 9G-SBF, 743,Starbow,Domestic Scheduled Passenger,S9104,Accra-Kotoka Airport,ACC,DGAA,Ghana,Kumasi Airport,KMS,DGSI,Ghana,5,63,0,0,-,-,Preliminary
20171127-0,Monday,27-NOV-2017,07:00,A2, Landing (LDG),Paris-Le Bourget Airport (LBG),France,-,0, Substantial,-,Embraer EMB-550 Legacy 500,-,-,2017,-,-, RA-02788, 55000063,private,Private,-,Moskva-Domodedovo Airport,DME,UUDD,Russia,Paris-Le Bourget Airport,LBG,LFPB,France,-,-,0,0,-,-,Preliminary - official
20171127-1,Monday,27-NOV-2017,19:53,A2, Taxi (TXI),"New York-John F. Kennedy International Airport, NY (JFK)",United States of America,-,0, Substantial, Repaired,Airbus A330-343,2,Rolls-Royce Trent 772B-60,2012,-,-, G-VRAY, 1296,Virgin Atlantic,International Scheduled Passenger,VS4,New York-John F. Kennedy International Airport,JFK,KJFK,United States of America,London-Heathrow Airport,LHR,EGLL,United Kingdom,-,-,0,0,-,-,Preliminary - official
20171127-2,Monday,27-NOV-2017,19:53,A2, Taxi (TXI),"New York-John F. Kennedy International Airport, NY (JFK)",United States of America,-,0, Substantial, Repaired,Boeing 777-36NER,2,General Electric GE90-115B,2010,-,-, SU-GDL, 38284/850,EgyptAir,International Scheduled Passenger,MS986,New York-John F. Kennedy International Airport,JFK,KJFK,United States of America,Cairo International Airport,CAI,HECA,Egypt,-,-,0,0,-,-,Preliminary - official
20171128-0,Tuesday,28-NOV-2017,-,A2, Takeoff (TOF),Simikot Airport (IMK),Nepal,16,0, Substantial,-,de Havilland Canada DHC-6 Twin Otter 300,-,-,1975,-,-, 9N-ABM, 455, Tara Air,Domestic Non Scheduled Passenger,-,Simikot Airport,IMK,VNST,Nepal,Surkhet Airport,SKH,VNSK,Nepal,3,13,0,0,-,-,Preliminary
20171129-0,Wednesday,29-NOV-2017,04:00,O1, Pushback / towing (PBT),Singapore-Changi International Airport (SIN),Singapore,1,0, Substantial, Written off (damaged beyond repair),Boeing 777-212ER,2,Rolls-Royce Trent 884,2003,-,-, 9V-SQK, 33368/428,Singapore Airlines,-,-,-,-,-,-,-,-,-,-,1,0,0,0,-,-,-
20171202-0,Saturday,02-DEC-2017,01:08,A2, Taxi (TXI),"Toronto-Pearson International Airport, ON (YYZ)",Canada,262,0, Substantial,-,Boeing 777-35EER,2,General Electric GE90-115B,2014,-,-, 	B-16718, 	43289/1189,Eva Air,International Scheduled Passenger,BR35,Toronto-Pearson International Airport,YYZ,CYYZ,Canada,Taipei-Taiwan Taoyuan International Airport,TPE,RCTP,Taiwan,22,240,0,0,-,-,Preliminary
20171203-0,Sunday,03-DEC-2017,18:24,A2, Taxi (TXI),"Miami International Airport, FL (MIA)",United States of America,-,0, Minor, Repaired,Airbus A319-115 (WL),2,CFMI CFM56-5B6,2013,-,-, N9011P, 5798,American Airlines,International Scheduled Passenger,AA1531,Tegucigalpa-Toncontin Airport,TGU,MHTG,Honduras,Miami International Airport,MIA,KMIA,United States of America,-,-,0,0,-,-,Final
20171203-1,Sunday,03-DEC-2017,18:24,A2, Taxi (TXI),"Miami International Airport, FL (MIA)",United States of America,-,0, Minor, Repaired,Boeing 737-823 (WL),2,CFMI CFM56-7B24E,2017,-,-, N344PP, 31272/6531,American Airlines,International Scheduled Passenger,AA1613,San Juan-Luis Muñoz Marín International Airport,SJU,TJSJ,Puerto Rico,Miami International Airport,MIA,KMIA,United States of America,-,-,0,0,-,-,Final
20171208-0,Friday,08-DEC-2017,06:50,O1, Standing (STD),Doha-Hamad International Airport (DOH),Qatar,-,0, Damaged beyond repair,-,Airbus A321-231,2,IAE V2533-A5,2010,-,-, A7-AIB, 4382,Qatar Airways,-,-,-,-,-,-,-,-,-,-,-,-,0,0,-,-,Preliminary
20171208-1,Friday,08-DEC-2017,10:17,A2, Landing (LDG),Buka Airport (BUA),Papua New Guinea,1,0, Substantial,-,GAF Nomad N.22C,2,Allison 250-B17C,1979,-,11053.0, VH-ATO, 108,Bayswater Road,Survey/research,-,Buka Airport,BUA,AYBK,Papua New Guinea,Buka Airport,BUA,AYBK,Papua New Guinea,1,0,0,0,-,-,Final
20171213-0,Wednesday,13-DEC-2017,18:12,A1, Initial climb (ICL),"1,5 km (0.9 mls) W of Fond-du-Lac Airport, SK (ZFD)",Canada,25,1, Destroyed, Written off (damaged beyond repair),ATR 42-320,2,Pratt & Whitney Canada PW121,1991,-,-, C-GWEA, 240,West Wind Aviation,Domestic Scheduled Passenger,WEW280,Fond-du-Lac Airport,ZFD,CZFD,Canada,Stony Rapids Airport,YSF,CYSF,Canada,3,22,0,1,-,-,Preliminary - official
20171214-0,Thursday,14-DEC-2017,18:14,A1, Approach (APR),"Sieberatsreute, Waldburg",Germany,3,3, Destroyed, Written off (damaged beyond repair),Cessna 510 Citation Mustang,2,Pratt & Whitney Canada PW615F/A,2007,-,3606.0, OE-FWD, 510-0049,Skytaxi Luftfahrt,Executive,STC228B,Egelsbach Airfield,QEF,EDFE,Germany,Friedrichshafen Airport,FDH,EDNY,Germany,2,1,2,1,-,-,Final
20171219-0,Tuesday,19-DEC-2017,10:30,A1, Takeoff (TOF),Naryan-Mar Airport (NNM),Russia,13,4, Damaged beyond repair,-,Antonov TVS-2MS,1,Honeywell TPE331-12UHR,1988,-,-, RA-01460, 1G231-51.R012,Naryan-Mar Air Enterprise,Domestic Scheduled Passenger,-,Naryan-Mar Airport,NNM,ULAM,Russia,-,-,-,-,2,11,0,4,-,-,-
20171222-0,Friday,22-DEC-2017,11:37,A2, Landing (LDG),Bristol Airport (BRS),United Kingdom,25,0, Minor, Repaired,Embraer ERJ-145EP,2,Rolls-Royce AE3007A1,1998,-,-, G-CKAG, 145118,bmi regional,International Scheduled Passenger,BM1822,Frankfurt International Airport,FRA,EDDF,Germany,Bristol Airport,BRS,EGGD,United Kingdom,3,22,0,0,-,-,Final
20171223-0,Saturday,23-DEC-2017,10:10,A1, En route (ENR),"11,3 km (7.1 mls) S of Dinangat Village",Papua New Guinea,1,1, Destroyed, Written off (damaged beyond repair),Britten-Norman BN-2A Islander,2,Lycoming IO-540-K1B5,1970,-,32232.0, P2-ISM, 227,North Coast Aviation,Cargo,-,Derim Airport,DER,AYDE,Papua New Guinea,Lae-Nadzab Airport,LAE,AYNZ,Papua New Guinea,1,0,1,0,-,-,Final
20171223-1,Saturday,23-DEC-2017,12:21,A1, En route (ENR),"between Anchorage and Bethel, AK",United States of America,3,0, Substantial,-,McDonnell Douglas DC-9-33F,2,Pratt & Whitney JT8D-11 (HK3),1969,-,-, N935CE, 47413/521,Everts Air Cargo,Cargo,VTS960,Anchorage-Ted Stevens International Airport,ANC,PANC,United States of America,Bethel Airport,BET,PABE,United States of America,3,0,0,0,-,-,Final
20171227-0,Wednesday,27-DEC-2017,06:45,A1, Landing (LDG),"Michigan City Airport, IN (MGC)",United States of America,2,0, Substantial, Written off (damaged beyond repair),Cessna 525A CitationJet CJ2,2,Williams International FJ44-2C,2002,-,-, N525KT, 525A-0058,Van E Aviation,Ferry/positioning,-,Chicago-Dupage County Airport,DPA,KDPA,United States of America,Michigan City Airport,MGC,KMGC,United States of America,1,1,0,0,-,-,Preliminary - official
20171231-0,Sunday,31-DEC-2017,12:16,A1, Initial climb (ICL),"0,6 km (0.4 mls) N of Punta Islita Airport (PBP)",Costa Rica,12,12, Destroyed, Written off (damaged beyond repair),Cessna 208B Grand Caravan,1,Pratt & Whitney Canada PT6A-114A,2001,20813.0,12073.0, TI-BEI, 208B0900,Nature Air,Domestic Non Scheduled Passenger,5C9916,Punta Islita Airport,PBP,MRIA,Costa Rica,San José-Juan Santamaria International Airport,SJO,MROC,Costa Rica,2,10,2,10,-,-,Final
