identifiant,week_day,date,time,type_event,phase,location,country,total_occupants,total_fatalities,aircraft_damage,aircraft_fate,type_aircraft,number_engines,type_engines,first_flight,cycles,total_airframe_hours,registration,c_n_msn,operator,nature,flight_number,departure_airport_name,departure_airport_IATA,departure_airport_ICAO,departure_airport_country,destination_airport_name,destination_airport_IATA,destination_airport_ICAO,destination_airport_country,crew_number,passengers_number,crew_fatalities,passengers_fatalities,collision_casualties,ground_casualties,status
19730921-0,Friday,21-SEP-1973,-,A1, Unknown (UNK),Gulf of Mexico,Atlantic Ocean,6,6, Damaged beyond repair,-,Grumman HU-16E Albatross,-,-,-,-,-, 2123, G-350,US Coast Guard,Military,-,-,-,-,-,-,-,-,-,-,-,-,-,-,-,Preliminary
19730923-0,Sunday,23-SEP-1973,-,A1, Landing (LDG),Algiers-Dar el Beida Airport (ALG),Algeria,-,0, Damaged beyond repair,-,Sud Aviation SE-210 Caravelle III,-,-,1960,-,-, 7T-VAI,  28,Air Algérie,Unknown,-,-,-,-,-,Algiers-Dar el Beida Airport,ALG,DAAG,Algeria,-,-,0,0,-,-,-
19730924-0,Monday,24-SEP-1973,00:54,A1, Landing (LDG),"Gary Regional Airport, IN (GYY)",United States of America,5,0, Damaged beyond repair,-,Lockheed L-1049H Super Constellation,-,-,1958,-,-, N566E, 4838,Holy Nation of Islam Inc,Cargo,-,-,-,-,-,Gary Regional Airport,GYY,KGYY,United States of America,5,0,0,0,-,-,Final
19730925-0,Tuesday,25-SEP-1973,-,O1, Standing (STD),"Tampa International Airport, FL (TPA)",United States of America,0,0, Damaged beyond repair,-,Rockwell 1121B Jet Commander,-,-,1968,-,-, N200RC, 140,Continental Jet Corp.,-,-,-,-,-,-,-,-,-,-,0,0,0,0,-,-,-
19730925-1,Tuesday,25-SEP-1973,06:18,A1, Initial climb (ICL),"Lincoln, NE",United States of America,3,3, Damaged beyond repair,-,Learjet 25,-,-,-,-,-, N40LB, 25-009,Lisa Jet,Unknown,-,Lincoln Municipal Airport,LNK,KLNK,United States of America,Omaha-Eppley Airfield,OMA,KOMA,United States of America,2,1,2,1,-,-,Final
19730927-1,Thursday,27-SEP-1973,20:52,A1, En route (ENR),"Black Fork Mountain, AR",United States of America,11,11, Destroyed, Written off (damaged beyond repair),Convair CV-600,2,Rolls-Royce Dart 542-4,1948,25913.0,51208.0, N94230, 56,Texas International,Domestic Scheduled Passenger, 655,El Dorado-Goodwin Field,ELD,KELD,United States of America,Texarkana Municipal Airport,TXK,KTXK,United States of America,3,8,3,8,-,-,Final
19730927-2,Thursday,27-SEP-1973,-,A1, Unknown (UNK),Ankara-Etimesgut Airport (ANK),Turkey,-,-, Damaged beyond repair,-,Douglas C-47B-1-DK (DC-3),-,-,1944,-,-, 43-6022, 25598/14153,Turkish AF,Military,-,-,-,-,-,-,-,-,-,-,-,0,-,-,-,-
19730929-0,Saturday,29-SEP-1973,-,O1, Standing (STD),Madrid-Barajas Airport (MAD),Spain,0,0, Damaged beyond repair,-,Sud Aviation SE-210 Caravelle VI-R,2,Rolls-Royce Avon 533R,1965,-,-, EC-BBR, 171,Iberia,-,-,-,-,-,-,-,-,-,-,0,0,0,0,-,-,-
19730929-1,Saturday,29-SEP-1973,-,A1, Initial climb (ICL),"Itaituba Airport, PA (ITB)",Brazil,5,5, Damaged beyond repair,-,Douglas C-47A-90-DL (DC-3A),-,-,1944,-,-, PT-CEV, 20182,Aeronorte,Domestic Non Scheduled Passenger,-,Itaituba Airport,ITB,SBIH,Brazil,Jacareacanga Airport,JCR,SBEK,Brazil,3,2,3,2,-,-,-
19730930-1,Sunday,30-SEP-1973,20:37,A1, Initial climb (ICL),10 km (6.3 mls) SW of Sverdlovsk-Koltsovo Airport (SVX),Russia,108,108, Destroyed, Written off (damaged beyond repair),Tupolev Tu-104B,2,Mikulin AM-3M-500,1960,9412.0,20582.0, CCCP-42506, 021904,Aeroflot / Uzbekistan,Domestic Scheduled Passenger,3932,Sverdlovsk-Koltsovo Airport,SVX,USSS,Russia,Omsk Airport,OMS,UNOO,Russia,8,100,8,100,-,-,-
19731002-0,Tuesday,02-OCT-1973,23:36,A1, Approach (APR),"13,7 km (8.6 mls) from  Magadan",Russia,10,10, Destroyed, Written off (damaged beyond repair),Antonov An-12TB,-,-,1969,-,-, CCCP-12967, 9346502,Aeroflot / Yakutsk,Cargo,10178,Yakutsk Airport,YKS,UEEE,Russia,Magadan Airport,GDX,UHMM,Russia,8,2,8,2,-,-,-
19731002-1,Tuesday,02-OCT-1973,-,H2, En route (ENR),Amsterdam-Schiphol International Airport (AMS),Netherlands,-,0, None,-,McDonnell Douglas DC-9,-,-,-,-,-, registration unknown,-,KLM,International Scheduled Passenger,-,Düsseldorf Airport,DUS,EDDL,Germany,Amsterdam-Schiphol International Airport,AMS,EHAM,Netherlands,-,27,0,0,-,-,-
19731002-2,Tuesday,02-OCT-1973,-,A1, Unknown (UNK),at an unknown location,Unknown country,-,-, Damaged beyond repair,-,Douglas C-47-DL (DC-3),2,Pratt & Whitney R-1830-92,1943,-,-, T.3-25, 9037,Spanish AF,Military,-,-,-,-,-,-,-,-,-,-,-,-,-,-,-,-
19731004-0,Thursday,04-OCT-1973,-,A1, Unknown (UNK),"Itaituba, PA",Brazil,8,8, Damaged beyond repair,-,Britten-Norman BN-2A-7 Islander,-,-,1971,-,-, PT-DVN, 259,Taxi Aéreo Cesar Aguiar,Passenger,-,-,-,-,-,-,-,-,-,-,-,-,-,-,-,-
19731005-0,Friday,05-OCT-1973,-,A1, En route (ENR),"Mt. Khuuta, Aksarka District, Tyumen Region",Russia,8,0, Damaged beyond repair,-,Antonov An-2,-,-,-,-,-, CCCP-04340, 110447310,Aeroflot / Tyumen,Unknown,-,Mys Kamenny Airport,YMK,USDK,Russia,Vorkuta Airport,VKT,UUYW,Russia,3,5,0,0,-,-,-
19731010-0,Wednesday,10-OCT-1973,-,H2, Unknown (UNK),Mexico City,Mexico,-,0, Unknown,-,Boeing 727,-,-,-,-,-, registration unknown,-,Mexicana,Unknown,-,Mexico City International Airport,MEX,MMMX,Mexico,-,-,-,-,-,-,0,0,-,-,-
19731010-1,Wednesday,10-OCT-1973,-,A1, Takeoff (TOF),Tashauz Airport (TAZ),Turkmenistan,5,5, Damaged beyond repair,-,Lisunov Li-2,-,-,-,-,-, CCCP-71209,-,Aeroflot / Turkmenistan,Cargo,-,Dasoguz Airport,TAZ,UTAT,Turkmenistan,-,-,-,-,4,1,4,1,-,-,-
19731011-0,Thursday,11-OCT-1973,-,H2, En route (ENR),Hong Kong-Kai Tak International Airport (HKG),Hong Kong,58,0, None,-,BAC One-Eleven,-,-,-,-,-, registration unknown,-,Philippine Air Lines,Domestic Scheduled Passenger,-,Davao-Mati Airport,DVO,RPMD,Philippines,Bacolod Airport,BCD,RPVB,Philippines,7,51,0,0,-,-,-
19731011-1,Thursday,11-OCT-1973,-,A1, Unknown (UNK),near Goris,Armenia,-,0, Damaged beyond repair,-,Antonov An-2,-,-,1960,-,-, CCCP-70880, 1125473 03,Aeroflot / Armenia,Unknown,-,-,-,-,-,-,-,-,-,-,-,0,0,-,-,-
19731012-0,Friday,12-OCT-1973,-,A1, Landing (LDG),Acapulco-Alvarez International Airport (ACA),Mexico,8,8, Damaged beyond repair,-,de Havilland DH-125-1A,-,-,1966,-,-, XA-COL, 25086,Avionas Banamex,Unknown,-,-,-,-,-,Acapulco-Alvarez International Airport,ACA,MMAA,Mexico,2,6,2,6,-,-,-
19731013-0,Saturday,13-OCT-1973,20:18,A1, Approach (APR),17 km (10.6 mls) NW of Moskva-Domodedovo Airport (DME),Russia,122,122, Destroyed, Written off (damaged beyond repair),Tupolev Tu-104B,2,Mikulin AM-3M-500,1960,9776.0,16250.0, CCCP-42486, 021504,Aeroflot / Georgia,Domestic Scheduled Passenger, 964,Kutaisi Airport,KUT,UGKO,Georgia,Moskva-Domodedovo Airport,DME,UUDD,Russia,8,114,8,114,-,-,-
19731015-0,Monday,15-OCT-1973,-,A1, Takeoff (TOF),Lukla Airport (LUA),Nepal,6,0, Damaged beyond repair,-,de Havilland Canada DHC-6 Twin Otter 300,2,Pratt & Whitney Canada PT6A-27,1973,-,-, 9N-ABG, 370,Royal Nepal Airlines,Unknown,-,Lukla Airport,LUA,VNLK,Nepal,-,-,-,-,3,3,0,0,-,-,-
19731015-1,Monday,15-OCT-1973,-,A1, En route (ENR),"Sugar Loaf Mountain, AR",United States of America,7,7, Damaged beyond repair,-,Lockheed C-130E Hercules,-,-,1963,-,-, 62-1845, 3808,USAF,Military,-,Jacksonville-Little Rock AFB,LRF,KLRF,United States of America,-,-,-,-,7,0,7,0,-,-,-
19731015-2,Monday,15-OCT-1973,-,C1, Unknown (UNK),Pnom Penh-Pochentong,Cambodia,4,0, Damaged beyond repair,-,Douglas C-47 (DC-3),-,-,-,-,-, registration unknown,-,Royal Cambodian Air Force,Military,-,-,-,-,-,-,-,-,-,-,-,0,0,-,-,-
19731016-0,Tuesday,16-OCT-1973,13:47,A2, Takeoff (TOF),Bombay-Santacruz Airport (BOM),India,7,0, Substantial, Repaired,Boeing 707-327C,4,Pratt & Whitney JT3D-3B,1966,-,-, OD-AFX, 19107/507,TMA,International Scheduled Passenger,-,Bombay-Santacruz Airport,BOM,VABB,India,Beirut International Airport,BEY,OLBA,Lebanon,7,0,0,0,-,-,-
19731018-0,Thursday,18-OCT-1973,-,H2, Unknown (UNK),Marseille-Marignane Airport (MRS),France,110,1, Unknown,-,Boeing 727-228,3,Pratt & Whitney JT8D-7,1968,-,-, F-BPJC, 19545/564,Air France,Domestic Scheduled Passenger,-,Paris-Orly Airport,ORY,LFPO,France,Nice-Côte d'Azur Airport,NCE,LFMN,France,-,-,0,1,-,-,-
19731020-0,Saturday,20-OCT-1973,-,A1, Approach (APR),2 km (1.3 mls) E of Mazatlán-Gen. Rafael Buelna Airport (MZT',Mexico,123,0, Damaged beyond repair,-,Boeing 727-14,3,Pratt & Whitney JT8D-7,1966,-,-, XA-SEN, 19398/345,Mexicana,International Scheduled Passenger,-,Denver-Stapleton International Airport,DEN,KDEN,United States of America,Mazatlán-Gen. Rafael Buelna Airport,MZT,MMMZ,Mexico,6,117,0,0,-,-,-
19731020-2,Saturday,20-OCT-1973,-,H2, En route (ENR),Yacuiba Airport (BYC),Bolivia,57,0, None,-,Boeing 737-287C,2,Pratt & Whitney JT8D-9A,1970,-,-, LV-JNE, 20408/265,Aerolineas Argentinas,Domestic Scheduled Passenger,-,Buenos Aires-Jorge Newbery Airport,AEP,SABE,Argentina,Salta Airport,SLA,SASA,Argentina,-,-,0,0,-,-,-
19731023-1,Tuesday,23-OCT-1973,08:50,A1, Takeoff (TOF),"0,1 km (0.1 mls) off  Rio de Janeiro-Santos Dumont Airport, RJ (SDU)",Brazil,65,8, Damaged beyond repair,-,NAMC YS-11A-211,-,-,1968,-,-, PP-SMJ, 2068,VASP,Domestic Scheduled Passenger, 012,Rio de Janeiro-Santos Dumont Airport,SDU,SBRJ,Brazil,Belo Horizonte-Pampulha Airport,PLU,SBBH,Brazil,5,60,0,8,-,-,-
19731025-0,Thursday,25-OCT-1973,-,O1, Standing (STD),Brno-Turany Airport (BRQ),Czech Republic,-,-, Damaged beyond repair,-,Avia 14-32A,-,-,1958,-,-, OK-MCV, 101807106,CSA,Unknown,-,-,-,-,-,-,-,-,-,-,-,-,-,-,-,-
19731025-1,Thursday,25-OCT-1973,00:38,A1, En route (ENR),"Biscayne Bay, FL",United States of America,3,0, Damaged beyond repair,-,Douglas DC-6A,-,-,1956,-,-, N614SE, 45064/688,Span East Airlines,Cargo,-,Georgetown-Cheddi Jagan International Airport,GEO,SYCJ,Guyana,Miami International Airport,MIA,KMIA,United States of America,3,0,0,0,-,-,Final
19731025-2,Thursday,25-OCT-1973,-,A1, Takeoff (TOF),near Nyrob,Russia,-,0, Damaged beyond repair,-,Antonov An-2R,-,-,1967,-,-, CCCP-01609, 1G82-03,Aeroflot / Uralsk,Unknown,-,-,-,-,-,-,-,-,-,-,-,0,0,-,-,-
19731026-0,Friday,26-OCT-1973,18:50,A1, En route (ENR),"34 km (21.3 mls) off  Cartagena, Colombia [Caribbean Sea]",Atlantic Ocean,3,0, Damaged beyond repair,-,Curtiss C-46F-1-CU Commando,-,-,1945,-,-, HK-1383, 22522,Aerocosta Colombia,Cargo,-,Barranquilla-Soledad Airport,BAQ,SKBQ,Colombia,San Andres Island-Sesquicentenario Airport,ADZ,SKSP,Colombia,2,1,0,0,-,-,-
19731027-0,Saturday,27-OCT-1973,-,A1, Unknown (UNK),Kolpashevo,Russia,-,0, Damaged beyond repair,-,Antonov An-2P,-,-,1973,-,-, CCCP-70408, 1G141-62,Aeroflot / West Siberia,Unknown,-,-,-,-,-,-,-,-,-,-,-,0,0,-,-,-
19731028-0,Sunday,28-OCT-1973,22:21,A2, Landing (LDG),"Greensboro/High Point Airport, NC (GSO)",United States of America,96,0, Substantial, Repaired,Boeing 737-222,2,Pratt & Whitney JT8D-7A,1968,-,9046.0, N751N, 19548/114,Piedmont Airlines,Domestic Scheduled Passenger, 20,Charlotte-Douglas Airport,CLT,KCLT,United States of America,Greensboro/High Point Airport,GSO,KGSO,United States of America,4,92,0,0,-,-,Final
19731029-0,Monday,29-OCT-1973,19:40,A1, En route (ENR),Mount Gimie,Saint Lucia,4,4, Damaged beyond repair,-,Britten-Norman BN-2A-6 Islander,-,-,1971,-,-, N37JA, 210,Sun Island Air Services,Passenger,-,Saint Lucia-Vigie Field,SLU,TLPC,Saint Lucia,Saint Lucia-Hewanorra Airport,UVF,TLPL,Saint Lucia,1,3,1,3,-,-,-
19731031-0,Wednesday,31-OCT-1973,-,H2, Unknown (UNK),Caracas,Venezuela,-,0, Unknown,-,McDonnell Douglas DC-9-14,-,-,-,-,-, registration unknown,-,AVENSA,Unknown,-,Barquisimeto Airport,BRM,SVBM,Venezuela,Caracas Airport,CCS,SVMI,Venezuela,-,-,0,0,-,-,-
19731101-0,Thursday,01-NOV-1973,-,A1, En route (ENR),near Quilpé,Chile,6,3, Damaged beyond repair,-,Grumman HU-16B Albatross,-,-,-,-,-, 251,-,Chilean Navy,Military,-,-,-,-,-,-,-,-,-,6,0,3,0,-,-,Preliminary
19731102-0,Friday,02-NOV-1973,-,A1, Approach (APR),Villavicencio-La Vanguardia Airport (VVC),Colombia,16,6, Damaged beyond repair,-,Handley Page HPR-7 Herald 101,2,Rolls-Royce Dart (series unknown),1961,-,-, HK-718, 150,La Urraca,Domestic Scheduled Passenger,-,Arauca-Santiago Pérez Airport,AUC,SKUC,Colombia,Cúcuta-Camilo Daza Airport,CUC,SKCC,Colombia,4,12,3,3,-,-,-
19731102-1,Friday,02-NOV-1973,-,H2, Unknown (UNK),Moscow,Russia,-,2, Unknown,-,Yakovlev Yak-40,3,Ivchenko AI-25,-,-,-, registration unknown,-,Aeroflot,Unknown,-,Bryansk Airport,BZK,UUBP,Russia,-,-,-,-,-,-,-,-,-,-,-
19731103-0,Saturday,03-NOV-1973,16:40,A2, En route (ENR),"near Socorro, NM",United States of America,128,1, Substantial, Repaired,McDonnell Douglas DC-10-10,-,-,1971,-,5954.0, N60NA, 46700/14,National Airlines,Domestic Scheduled Passenger,  27,Houston-Intercontinental Airport,IAH,KIAH,United States of America,Las Vegas-McCarran International Airport,LAS,KLAS,United States of America,12,116,0,1,-,-,Final
19731103-1,Saturday,03-NOV-1973,09:39,A1, Approach (APR),"Boston-Logan International Airport, MA (BOS)",United States of America,3,3, Destroyed, Written off (damaged beyond repair),Boeing 707-321C,4,Pratt & Whitney JT3D-3B,1967,-,24537.0, N458PA, 19368/640,Pan Am,Cargo,PA160,New York-John F. Kennedy International Airport,JFK,KJFK,United States of America,Glasgow-Prestwick Airport,PIK,EGPK,United Kingdom,3,0,3,0,-,-,Final
19731104-0,Sunday,04-NOV-1973,-,A1, Unknown (UNK),near Kirensk,Russia,-,0, Damaged beyond repair,-,Antonov An-2,-,-,1956,-,-, CCCP-41978, 16847308,Aeroflot / East Siberia,Unknown,-,-,-,-,-,-,-,-,-,-,-,0,0,-,-,-
19731104-1,Sunday,04-NOV-1973,-,A1, Approach (APR),27 km (16.9 mls) S of Bu Prang Camp,Vietnam,29,29, Damaged beyond repair,-,de Havilland Canada C-7A Caribou (DHC-4),-,-,-,-,-, registration unknown,-,Vietnam Air Force - VNAF,Military,-,-,-,-,-,-,-,-,-,-,-,-,-,-,-,-
19731105-0,Monday,05-NOV-1973,-,O1, Standing (STD),Madrid-Barajas Airport (MAD),Spain,0,0, Damaged beyond repair,-,Sud Aviation SE-210 Caravelle VI-R,2,Rolls-Royce Avon 533R,1967,-,-, EC-BIA, 226,Iberia,-,-,-,-,-,-,-,-,-,-,0,0,0,0,-,-,-
19731112-0,Monday,12-NOV-1973,-,A1, Landing (LDG),near Craon,France,5,0, Damaged beyond repair,-,Nord 262B-11,-,-,1964,-,-, F-BLHT, 5,Rousseau Aviation,Scheduled Passenger,-,Tours-St Symphorien Airport,TUF,LFOT,France,-,-,-,-,3,2,0,0,-,-,-
19731116-0,Friday,16-NOV-1973,10:48,A1, Initial climb (ICL),8 km (5 mls) ESE off  Chania-Soúda Airport (CHQ),Greece,10,7, Damaged beyond repair,-,Grumman C-2A Greyhound,-,-,-,-,-, 152787, 4,US Navy,Military,-,Chania-Soúda Airport,CHQ,LGSA,Greece,-,-,-,-,-,-,-,-,-,-,-
19731117-0,Saturday,17-NOV-1973,-,A1, En route (ENR),20 km (12.5 mls) NNW of Quang Ngai,Vietnam,27,27, Damaged beyond repair,-,Douglas C-47B-10-DK (DC-3),2,Pratt & Whitney R-1830-90C,1944,-,-, XV-NIE, 26355/14910,Air Vietnam,Domestic Scheduled Passenger,-,Saigon-Tan Son Nhat International Airport,SGN,VVTS,Vietnam,-,-,-,-,3,24,3,24,-,-,-
19731120-0,Tuesday,20-NOV-1973,-,A1, Landing (LDG),Kazan Airport (KZN),Russia,-,0, Damaged beyond repair,-,Tupolev Tu-124V,2,Soloviev D-20P,1962,-,-, CCCP-45031, 2350901,Aeroflot / Moscow,Unknown,-,-,-,-,-,Kazan Airport,KZN,UWKD,Russia,-,-,0,0,-,-,-
19731121-0,Wednesday,21-NOV-1973,14:00,A1, En route (ENR),Sólheimasandur,Iceland,7,0, Damaged beyond repair,-,Douglas R4D-8 (Super DC-3),2,Wright R-1820-80,1944,-,-, 17171, 43309,US Navy,Military,-,Hofn Hornafjördur Airport,HFN,BIHN,Iceland,-,-,-,-,-,-,0,0,-,-,-
19731123-0,Friday,23-NOV-1973,-,A1, Unknown (UNK),Porto Marghera,Italy,4,4, Damaged beyond repair,-,Douglas C-47 (DC-3),-,-,-,-,-, MM61832,-,Italian AF,Military,-,-,-,-,-,-,-,-,-,4,0,4,0,-,-,-
19731125-0,Sunday,25-NOV-1973,-,H2, En route (ENR),Dubai Airport (DXB),United Arab Emirates,264,0, None,-,Boeing 747-206B,-,-,1970,-,-, PH-BUA, 19922/96,KLM,International Scheduled Passenger,KL861,Beirut International Airport,BEY,OLBA,Lebanon,Delhi-Indira Gandhi International Airport,DEL,VIDP,India,17,247,0,0,-,-,-
19731127-0,Tuesday,27-NOV-1973,-,A1, Landing (LDG),Little Rissington RAF Station,United Kingdom,3,0, Damaged beyond repair,-,Vickers Varsity T.1,2,Bristol Hercules 264,1952,-,-, WF411, 557,RAF,Military,-,-,-,-,-,-,-,-,-,3,0,0,0,-,-,-
19731127-1,Tuesday,27-NOV-1973,18:51,A1, Approach (APR),"Chattanooga Municipal Airport, TN (CHA)",United States of America,79,0, Damaged beyond repair,-,McDonnell Douglas DC-9-32,2,Pratt & Whitney JT8D-7A,1967,-,18233.0, N3323L, 47032/204,Delta Air Lines,Domestic Scheduled Passenger,DL516,Atlanta Municipal Airport,ATL,KATL,United States of America,Chattanooga Municipal Airport,CHA,KCHA,United States of America,5,74,0,0,-,-,Final
19731127-2,Tuesday,27-NOV-1973,21:29,A1, Landing (LDG),"Akron/Canton Regional Airport, OH (CAK)",United States of America,26,0, Damaged beyond repair,-,McDonnell Douglas DC-9-31,2,Pratt & Whitney JT8D-7,1968,-,15615.0, N8967E, 47267/361,Eastern Air Lines,Domestic Scheduled Passenger,EA300,Pittsburgh International Airport,PIT,KPIT,United States of America,Akron/Canton Regional Airport,CAK,KCAK,United States of America,5,21,0,0,-,-,Final
19731128-0,Wednesday,28-NOV-1973,-,O1, Standing (STD),"Huntsville-Madison County Airport, AL (HSV)",United States of America,0,0, Damaged beyond repair,-,Shorts SC.7 Skyvan 3-200,2,Garrett TPE331-2-201A,1969,-,-, N40DA, SH.1857,Delaware Air Freight,-,-,-,-,-,-,-,-,-,-,0,0,0,0,-,-,-
19731128-1,Wednesday,28-NOV-1973,-,A1, Unknown (UNK),Sadow,Poland,-,-, Damaged beyond repair,-,Antonov An-2R,-,-,-,-,-, SP-WCB, 1G105-47,WSK Okecie,Unknown,-,-,-,-,-,-,-,-,-,-,-,-,-,-,-,-
19731129-0,Thursday,29-NOV-1973,-,A1, Approach (APR),near Veszprém-Szentkiralyszabadja Air Base,Hungary,23,3, Damaged beyond repair,-,Avia 14T,-,-,1960,-,-, 3155, 17913155,Czechoslovak AF,Military,-,Brno Turany Airport,BRQ,LKTB,Czech Republic,-,-,-,-,-,-,3,0,-,-,-
19731201-0,Saturday,01-DEC-1973,-,H2, Approach (APR),Genève-Cointrin Airport (GVA),Switzerland,160,0, None,-,McDonnell Douglas DC-8-62CF,-,-,1969,-,-, HB-IDK, 46078/475,Swissair,Domestic Scheduled Passenger,-,Zürich-Kloten Airport,ZRH,LSZH,Switzerland,Genève-Cointrin Airport,GVA,LSGG,Switzerland,15,145,0,0,-,-,- (No safety board investigation)
19731203-0,Monday,03-DEC-1973,-,A1, En route (ENR),Kurupung,Guyana,-,3, Damaged beyond repair,-,de Havilland Canada DHC-6 Twin Otter 100,2,Pratt & Whitney Canada PT6A-20,1967,-,-, 8R-GCP,  39,Guyana Airways,Unknown,-,-,-,-,-,-,-,-,-,-,4,-,-,-,-,-
19731203-1,Monday,03-DEC-1973,-,A1, Initial climb (ICL),near Phnom Penh Airport (PNH),Cambodia,-,0, Damaged beyond repair,-,Douglas DC-3,-,-,-,-,-, XW-PHV,-,Air Union,Unknown,-,-,-,-,-,-,-,-,-,-,-,0,0,-,-,-
19731203-2,Monday,03-DEC-1973,-,A1, Landing (LDG),Tawi Atair,Oman,-,-, Damaged beyond repair,-,de Havilland Canada DHC-4A Caribou,-,-,1970,-,-, 803, 295,Oman AF,Military,-,-,-,-,-,-,-,-,-,-,-,-,-,-,-,-
19731204-0,Tuesday,04-DEC-1973,15:40,A1, Initial climb (ICL),"Bahía Blanca-Comandante Airport, BA (BHI)",Argentina,74,0, Damaged beyond repair,-,BAC One-Eleven 521FH,-,-,1969,-,-, LV-JNR, 192,Austral Lineas Aéreas,Domestic Scheduled Passenger,-,Bahía Blanca-Comandante Espora Airport,BHI,SAZB,Argentina,Trelew Airport,REL,SAVT,Argentina,6,68,0,0,-,-,-
19731207-0,Friday,07-DEC-1973,-,A1, Landing (LDG),Santa Ana,Bolivia,4,0, Damaged beyond repair,-,Curtiss C-46D-10-CU Commando,-,-,1945,-,-, CP-910, 33234,TAI,Non Scheduled Passenger,-,-,-,-,-,-,-,-,-,3,1,0,0,-,-,-
19731207-1,Friday,07-DEC-1973,22:29,A1, Approach (APR),Moskva-Domodedovo Airport (DME),Russia,75,16, Destroyed, Written off (damaged beyond repair),Tupolev Tu-104B,2,Mikulin AM-3M-500,1960,10983.0,18300.0, CCCP-42503, 021901,Aeroflot / Georgia,Domestic Scheduled Passenger, 964,Mineralnye Vody Airport,MRV,URMM,Russia,Moskva-Domodedovo Airport,DME,UUDD,Russia,7,68,5,11,-,-,-
19731211-0,Tuesday,11-DEC-1973,-,A1, En route (ENR),"Great Sitkin Island, AK",United States of America,10,10, Damaged beyond repair,-,Douglas R6D-1 (DC-6),-,-,1953,-,-, 131615, 43718/371,US Navy,Military,-,Anchorage-Elmendorf AFB,EDF,PAED,United States of America,Adak Naval Air Facility,ADK,PADK,United States of America,-,-,-,-,-,-,-
19731212-0,Wednesday,12-DEC-1973,15:37,A1, Initial climb (ICL),1 km (0.6 mls) from  Norwich Airport (NWI),United Kingdom,9,0, Damaged beyond repair,-,Dassault Falcon 20C,2,General Electric CF700-2C,1967,-,4779.0, LN-FOE, 62,Fred Olsen Flyveselskap,Executive,-,Norwich Airport,NWI,EGSH,United Kingdom,Göteborg-Torslanda Airport,GOT,ESGB,Sweden,3,6,0,0,-,-,Final
19731213-1,Thursday,13-DEC-1973,-,A1, Landing (LDG),Trinidad Airport (TDD),Bolivia,33,0, Damaged beyond repair,-,Douglas DC-7B,-,-,1958,-,-, CP-1048, 45453/958,Frigorificos Movima,Non Scheduled Passenger,-,-,-,-,-,Trinidad Airport,TDD,SLTR,Bolivia,4,29,0,0,-,-,-
19731213-2,Thursday,13-DEC-1973,-,A1, Unknown (UNK),Taiz-Al Janad Airport (TAI),Yemen,-,-, Damaged beyond repair,-,Douglas C-47A-20-DK (DC-3),-,-,1944,-,-, 4W-ABR, 12823,Yemen Airlines,Unknown,-,-,-,-,-,-,-,-,-,-,-,-,-,-,-,-
19731215-0,Saturday,15-DEC-1973,-,A1, Landing (LDG),Phnom Penh Airport (PNH),Cambodia,-,0, Damaged beyond repair,-,Curtiss C-46,-,-,-,-,-, XW-PKK,-,Air Union,Unknown,-,-,-,-,-,-,-,-,-,-,-,0,0,-,-,-
19731215-1,Saturday,15-DEC-1973,23:53,A1, Initial climb (ICL),"2 km (1.3 mls) E of Miami International Airport, FL (MIA)",United States of America,3,3, Damaged beyond repair,-,Lockheed L-1049H Super Constellation,4,Wright R-3350 (988TC18EA3),1957,-,28905.0, N6917C, 4815,Aircraft Pool Leasing Corp.,Cargo,-,Miami International Airport,MIA,KMIA,United States of America,Caracas Airport,CCS,SVMI,Venezuela,3,0,3,0,-,6,Final
19731216-1,Sunday,16-DEC-1973,19:10,A1, En route (ENR),near Karacharovo,Russia,51,51, Damaged beyond repair,-,Tupolev Tu-124V,2,Soloviev D-20P,1964,-,-, CCCP-45061, 4351406,Aeroflot / Lithuania,Domestic Scheduled Passenger,-,Vilnius Airport,VNO,EYVI,Lithuania,Moskva-Vnukovo Airport,VKO,UUWW,Russia,6,45,6,45,-,-,-
19731217-0,Monday,17-DEC-1973,-,H2, Standing (STD),Kuwait International Airport (KWI),Kuwait,19,1, Unknown,-,Boeing 737-130,2,Pratt & Whitney JT8D-7A,1969,-,-, D-ABEY, 19794/127,Lufthansa,International Scheduled Passenger,-,Roma-Fiumicino Airport,FCO,LIRF,Italy,München-Riem Airport,MUC,EDDM,Germany,4,15,0,1,-,-,-
19731217-1,Monday,17-DEC-1973,-,A1, Unknown (UNK),near Aysén,Chile,3,3, Damaged beyond repair,-,Curtiss C-46A-50-CU Commando,2,Pratt & Whitney R-2800-51,1944,-,-, CC-COA, 30576,T.A. Suravia,Cargo,-,-,-,-,-,-,-,-,-,3,0,3,0,-,-,-
19731217-2,Monday,17-DEC-1973,15:43,A1, Landing (LDG),"Boston-Logan International Airport, MA (BOS)",United States of America,168,0, Damaged beyond repair,-,McDonnell Douglas DC-10-30,3,General Electric CF6-50C,1973,-,2016.0, EC-CBN, 46925/87,Iberia,International Scheduled Passenger,IB933,Madrid-Barajas Airport,MAD,LEMD,Spain,Boston-Logan International Airport,BOS,KBOS,United States of America,14,154,0,0,-,-,Final
19731217-3,Monday,17-DEC-1973,13:00,C1, Standing (STD),Roma-Fiumicino Airport (FCO),Italy,177,30, Damaged beyond repair,-,Boeing 707-321B,4,Pratt & Whitney JT3D-3B,1965,-,39932.0, N407PA, 18838/412,Pan Am,International Scheduled Passenger,PA110,Roma-Fiumicino Airport,FCO,LIRF,Italy,Beirut International Airport,BEY,OLBA,Lebanon,-,-,1,29,-,-,-
19731219-0,Wednesday,19-DEC-1973,-,A1, En route (ENR),near Sanatorny,Russia,2,2, Damaged beyond repair,-,Antonov An-2TP,-,-,1967,-,5918.0, CCCP-40521, 1G83-24,Aeroflot / Uralsk,Unknown,-,Kirov Airport,KVX,USKK,Russia,-,-,-,-,2,0,2,0,-,-,-
19731220-0,Thursday,20-DEC-1973,01:03,A1, Approach (APR),1 km (0.6 mls) from  Delhi-Palam Airport (DEL),India,109,0, Destroyed, Written off (damaged beyond repair),Boeing 707-330B,4,Pratt & Whitney JT3D-3B,1964,-,41731.0, D-ABOT, 18463/363,Lufthansa,International Scheduled Passenger,-,Bangkok-Don Muang International Airport,BKK,VTBD,Thailand,Delhi-Palam Airport,DEL,VIDP,India,11,98,0,0,-,-,Final
19731221-0,Friday,21-DEC-1973,-,A1, Approach (APR),Talara,Peru,9,6, Damaged beyond repair,-,Convair CV-440-62,-,-,1957,-,-, TAM-47, 444,TAM,Unknown,-,-,-,-,-,Talara Airport,TYL,SPYL,Peru,-,-,-,-,-,-,-
19731221-1,Friday,21-DEC-1973,-,A1, Landing (LDG),Yerevan-Erebuni Airport,Armenia,-,0, Damaged beyond repair,-,Yakovlev Yak-40,3,Ivchenko AI-25,1971,-,-, CCCP-87629, 9131019,Aeroflot / Armenia,Domestic Scheduled Passenger,-,-,-,-,-,-,-,-,-,3,-,0,0,-,-,-
19731222-0,Saturday,22-DEC-1973,-,A1, Takeoff (TOF),"Horn Island Airport, QLD (HID)",Australia,2,0, Damaged beyond repair,-,Lockheed 414-08-10 Hudson IV,-,-,1942,-,-, VH-AGX, 6051,Adastra Airways,Unknown,-,Horn Island Airport,HID,YHID,Australia,-,-,-,-,2,0,0,0,-,-,-
19731222-1,Saturday,22-DEC-1973,22:10,A1, En route (ENR),ca. 40 km E of Tangier-Boukhalef Airport (TNG),Morocco,106,106, Destroyed, Written off (damaged beyond repair),Sud Aviation SE-210 Caravelle VI-N,-,-,1961,-,-, OO-SRD,  69,Sobelair,Int'l Non Scheduled Passenger,-,Paris-Le Bourget Airport,LBG,LFPB,France,Tangier-Boukhalef Airport,TNG,GMTT,Morocco,7,99,7,99,-,-,-
19731223-0,Sunday,23-DEC-1973,-,A1, En route (ENR),near Vinniki,Ukraine,17,17, Damaged beyond repair,-,Tupolev Tu-124V,2,Soloviev D-20P,1963,-,-, CCCP-45044, 3351104,Aeroflot / Moscow,Domestic Scheduled Passenger,-,Lviv-Snilow Airport,LWO,UKLL,Ukraine,Kiev-Borispol Airport,KBP,UKBB,Ukraine,6,11,6,11,-,-,-
19731223-1,Sunday,23-DEC-1973,18:30,A1, Landing (LDG),"Manaus/Ponta Pelada Airport, AM",Brazil,58,0, Damaged beyond repair,-,Sud Aviation SE-210 Caravelle VI-R,2,Rolls-Royce Avon 533R,1962,-,-, PP-PDV, 120,Cruzeiro do Sul,Domestic Scheduled Passenger,-,Belém/Val-de-Cans International Airport,BEL,SBBE,Brazil,Manaus/Ponta Pelada Airport,PLL,SBMN,Brazil,5,53,0,0,-,-,-
19731224-0,Monday,24-DEC-1973,-,A1, En route (ENR),28 km (17.5 mls) E of Khantaiskoye Ozero,Russia,2,1, Damaged beyond repair,-,Antonov An-2V,-,-,1969,4326.0,4840.0, CCCP-32448, 1G102-09,Aeroflot / Krasnoyarsk,Cargo,-,-,-,-,-,-,-,-,-,2,0,1,0,-,-,-
19731227-0,Thursday,27-DEC-1973,-,O1, Standing (STD),Cartagena Airport (CTG),Colombia,-,0, Damaged beyond repair,-,Douglas C-54B-15-DO (DC-4),-,-,1944,-,-, HK-1027, 18392,Avianca,-,-,-,-,-,-,-,-,-,-,-,-,0,0,-,-,-
19731227-1,Thursday,27-DEC-1973,11:47,A1, Landing (LDG),"near West Palm Beach, FL",United States of America,33,0, Damaged beyond repair,-,Douglas DC-3A,2,Pratt & Whitney R-1830,1943,-,-, N19428, 11648,Florida National Airways,Domestic Scheduled Passenger, 103,Orlando International Airport,MCO,KMCO,United States of America,West Palm Beach International Airport,PBI,KPBI,United States of America,3,30,0,0,-,-,Final
19731228-0,Friday,28-DEC-1973,-,A1, Approach (APR),off Durban-Louis Botha Airport (DUR),South Africa,25,1, Damaged beyond repair,-,Douglas C-49E (DC-3DST-144),-,-,1936,-,-, ZS-DAK, 1498,Executive Funds,Domestic Non Scheduled Passenger,-,-,-,-,-,Durban-Louis Botha Airport,DUR,FADN,South Africa,3,22,0,1,-,-,-
19731229-0,Saturday,29-DEC-1973,-,A1, Unknown (UNK),Dole,France,-,-, Damaged beyond repair,-,Nord 262A-24,2,Turbomeca Bastan VI-C1,1966,-,-, F-BNTT, 26,Rousseau Aviation,Unknown,-,-,-,-,-,-,-,-,-,-,-,-,-,-,-,-
19731229-1,Saturday,29-DEC-1973,-,A1, Landing (LDG),Dalat/Cam-Ly,Vietnam,9,0, Damaged beyond repair,-,Douglas C-53D-DO (DC-3),-,-,1943,-,-, EM-3, 11729,China Airlines,Non Scheduled Passenger,-,-,-,-,-,-,-,-,-,3,6,0,0,-,-,-
19739999-0,-,xx-xxx-1973,-,A1, Unknown (UNK),at an unknown location,Venezuela,-,-, Substantial, Written off (damaged beyond repair),Douglas C-47A-25-DK (DC-3),-,-,1944,-,-, YV-C-AFO, 13699,LAV,Unknown,-,-,-,-,-,-,-,-,-,-,-,-,-,-,-,-
19739999-2,-,xx-xxx-1973,-,A1, En route (ENR),N of Tombouctou,Mali,6,0, Damaged beyond repair,-,Douglas C-47B-10-DK (DC-3),2,Pratt & Whitney R-1830-90C,1944,-,-, N481F, 26461/15016,Ray Geophysical,Domestic Non Scheduled Passenger,-,Tombouctou Airport,TOM,GATB,Mali,-,-,-,-,2,4,0,0,-,-,-
19730102-0,Tuesday,02-JAN-1973,01:34,A1, Approach (APR),"ca 3 km SE of Edmonton International Airport, AB (YEG)",Canada,5,5, Destroyed, Written off (damaged beyond repair),Boeing 707-321C,4,Pratt & Whitney JT3D-3B,1964,9458.0,33059.0, CF-PWZ, 18826/389,Pacific Western,Cargo,3801,Toronto International Airport,YYZ,CYYZ,Canada,Edmonton International Airport,YEG,CYEG,Canada,5,0,5,0,-,-,Final
19730102-1,Tuesday,02-JAN-1973,-,H2, Standing (STD),"Baltimore/Washington Friendship International Airport, MD (BWI)",United States of America,4,0, None,-,NAMC YS-11,-,-,-,-,-, registration unknown,-,Piedmont Airlines,Domestic Scheduled Passenger, 928,-,-,-,-,Baltimore/Washington Friendship International Airport,BWI,KBWI,United States of America,3,1,0,0,-,-,-
19730104-0,Thursday,04-JAN-1973,-,H2, Unknown (UNK),"Vancouver International Airport, BC (YVR)",Canada,-,0, Unknown,-,Convair,-,-,-,-,-, registration unknown,-,Pacific Western,Unknown,-,Vancouver International Airport,YVR,CYVR,Canada,Penticton Airport,YYF,CYYF,Canada,-,-,0,0,-,-,-
19730114-0,Sunday,14-JAN-1973,-,A1, Unknown (UNK),near Guiyang,China,29,29, Damaged beyond repair,-,Ilyushin Il-14,-,-,-,-,-, 644,-,CAAC,Passenger,-,-,-,-,-,-,-,-,-,7,22,7,22,-,-,-
19730119-1,Friday,19-JAN-1973,-,A1, Landing (LDG),Pontianak-Supadio Airport (PNK),Indonesia,4,0, Damaged beyond repair,-,Douglas C-47B-20-DK (DC-3),2,Pratt & Whitney R-1830-90C,1945,-,-, PK-EHC, 27129/15684,Trans Nusantara,Cargo,-,Singapore-Seletar Airport,XSP,WSSL,Singapore,Pontianak-Supadio Airport,PNK,WIOO,Indonesia,4,0,0,0,-,-,-
19730119-2,Friday,19-JAN-1973,14:31,A1, En route (ENR),56 km (35 mls) N of Glasgow,United Kingdom,4,4, Destroyed, Written off (damaged beyond repair),Vickers 802 Viscount,-,-,1957,-,32677.0, G-AOHI, 158,BEA,Test,-,Glasgow-Abbotsinch Airport,GLA,EGPF,United Kingdom,Glasgow-Abbotsinch Airport,GLA,EGPF,United Kingdom,2,2,2,2,-,-,Final
19730120-1,Saturday,20-JAN-1973,-,U1, Unknown (UNK),Reyes,Bolivia,-,-, Damaged beyond repair,-,Higgins Boat Co. C-46A-1-HI Commando,-,-,1944,-,-, CP-749, (HI-2),SAB,Unknown,-,-,-,-,-,-,-,-,-,-,-,-,-,-,-,-
19730121-0,Sunday,21-JAN-1973,23:56,A1, En route (ENR),"near Petukhovo, Bolshesosnovsky district",Russia,39,39, Damaged beyond repair,-,Antonov An-24B,-,-,1967,11419.0,10623.0, CCCP-46276, 77303609,Aeroflot / North Kavkaz,Domestic Scheduled Passenger,6263,Kazan Airport,KZN,UWKD,Russia,Perm Airport,PEE,USPP,Russia,5,34,5,34,-,-,-
19730122-0,Monday,22-JAN-1973,09:30,A1, Landing (LDG),Kano International Airport (KAN),Nigeria,202,176, Destroyed, Written off (damaged beyond repair),Boeing 707-3D3C,4,Pratt & Whitney JT3D-,1971,-,-, JY-ADO, 20494/850,Alia,Int'l Non Scheduled Passenger,-,-,-,-,-,Lagos/Ikeja International Airport,LOS,DNMM,Nigeria,9,193,6,170,-,-,-
19730122-1,Monday,22-JAN-1973,-,A1, Takeoff (TOF),near Pontianak Airport (PNK),Indonesia,38,4, Damaged beyond repair,-,Douglas C-47 (DC-3),-,-,-,-,-, registration unknown,-,Indonesian AF,Military,-,Pontianak Airport,PNK,WIOO,Indonesia,-,-,-,-,-,-,-,-,-,-,-
19730125-0,Thursday,25-JAN-1973,-,A1, Landing (LDG),"Sachs Harbour Airport, NT (YSY)",Canada,2,0, Damaged beyond repair,-,Curtiss C-46A Commando,-,-,-,-,-, CF-HQI,-,Reindeer Air Service,Unknown,-,-,-,-,-,Sachs Harbour Airport,YSY,CYSY,Canada,2,0,0,0,-,-,-
19730127-0,Saturday,27-JAN-1973,-,A1, Approach (APR),16 km (10 mls) N of Tegucigalpa,Honduras,3,3, Damaged beyond repair,-,Douglas DC-6A,-,-,1958,-,-, HR-TNO, 45476/977,TAN,Cargo,-,Miami International Airport,MIA,KMIA,United States of America,Tegucigalpa-Toncontin Airport,TGU,MHTG,Honduras,3,0,3,0,-,-,-
19730128-0,Sunday,28-JAN-1973,-,A1, Landing (LDG),South Pole Station,Antarctica,8,0, Damaged beyond repair,-,Lockheed LC-130R Hercules,-,-,1968,-,-, 155917, 4305,US Navy,Military,-,-,-,-,-,-,-,-,-,3,5,0,0,-,-,-
19730129-0,Monday,29-JAN-1973,-,A1, Approach (APR),ca 16 km NNE of Nicosia Airport (NIC),Cyprus,37,37, Damaged beyond repair,-,Ilyushin Il-18D,-,-,1968,-,-, SU-AOV, 188011003,EgyptAir,International Scheduled Passenger,MS741,Cairo International Airport,CAI,HECA,Egypt,Nicosia Airport,NIC,LCNC,Cyprus,7,30,7,30,-,-,-
19730129-1,Monday,29-JAN-1973,-,A1, Landing (LDG),"Rondonopolis Airport, MT (ROO)",Brazil,-,-, Damaged beyond repair,-,Douglas C-47-DL (DC-3),2,Pratt & Whitney R-1830-92,1942,-,-, PP-SQA, 4742,VASP,Unknown,-,-,-,-,-,-,-,-,-,-,-,-,-,-,-,-
19730130-1,Tuesday,30-JAN-1973,23:19,A1, Takeoff (TOF),Oslo-Fornebu Airport (FBU),Norway,33,0, Damaged beyond repair,-,McDonnell Douglas DC-9-21,2,Pratt & Whitney JT8D-11,1969,-,-, LN-RLM, 47304/440,SAS,Domestic Scheduled Passenger, 370,Oslo-Fornebu Airport,FBU,ENFB,Norway,Tromsø/Langnes Airport,TOS,ENTC,Norway,4,29,0,0,-,-,-
19730203-0,Saturday,03-FEB-1973,-,U1, Unknown (UNK),at an unknown location,Unknown country,-,-, Damaged beyond repair,-,Douglas C-47 (DC-3),-,-,-,-,-, IJ341,-,Indian AF,Military,-,-,-,-,-,-,-,-,-,-,-,-,-,-,-,-
19730205-0,Monday,05-FEB-1973,08:04,A1, En route (ENR),near Pudasjärvi,Finland,18,0, Destroyed, Written off (damaged beyond repair),de Havilland Canada DHC-6 Twin Otter 200,2,Pratt & Whitney Canada PT6A-20,1968,-,3128.0, OH-KOA, 166,Kar-Air Finland,Domestic Scheduled Passenger,KR482,Oulu Airport,OUL,EFOU,Finland,Kuusamo Airport,KAO,EFKS,Finland,3,15,0,0,-,-,Final
19730205-1,Monday,05-FEB-1973,-,C1, En route (ENR),56 km (35 mls) SE of Saravan,Laos,8,8, Damaged beyond repair,-,Douglas EC-47Q,2,Pratt & Whitney R-2000-4,1944,-,-, 43-48636, 25897/14452,USAF,Military,-,Ubon Ratchathani RTAFB,UBP,VTUU,Thailand,Ubon Ratchathani RTAFB,UBP,VTUU,Thailand,8,0,8,0,-,-,-
19730206-0,Tuesday,06-FEB-1973,-,O1, Standing (STD),"Montreal-Dorval International Airport, QC (YUL)",Canada,-,0, Damaged beyond repair,-,Douglas C-47B-20-DK (DC-3),2,Pratt & Whitney R-1830-90C,1944,-,-, CF-HTH, 27000/15555,Nordair,Unknown,-,-,-,-,-,-,-,-,-,-,-,0,0,-,-,-
19730206-1,Tuesday,06-FEB-1973,-,A1, Approach (APR),near Provideniya Airport (PVS),Russia,4,4, Damaged beyond repair,-,Lisunov Li-2,-,-,-,-,-, registration unknown,-,Soviet AF,Military,-,-,-,-,-,Provideniya Airport,PVS,UHMD,Russia,4,0,4,0,-,-,-
19730209-0,Friday,09-FEB-1973,07:32,C1, En route (ENR),near Thakhet East,Laos,4,3, Damaged beyond repair,-,Fairchild C-123K Provider,-,-,-,-,-, 374, 20258,Air America,Military,-,Vientiane-Wattay Airport,VTE,VLVT,Laos,Savannakhet Airport,ZVK,VLSK,Laos,4,0,3,0,-,-,-
19730212-0,Monday,12-FEB-1973,-,A1, Approach (APR),"near Iqaluit Airport, NU (YFB)",Canada,3,0, Damaged beyond repair,-,Douglas C-47A-25-DK (DC-3),2,Pratt & Whitney R-1830-92,1944,-,-, CF-OOV, 13300,Kenting Atlas Aviation,Ferry/positioning,-,Iqaluit Airport,YFB,CYFB,Canada,Resolute Airport,YRB,CYRB,Canada,2,1,0,0,-,-,-
19730217-0,Saturday,17-FEB-1973,-,A1, Landing (LDG),Amderma Airport (AMV),Russia,-,0, Damaged beyond repair,-,Antonov An-12BP,4,Ivchenko AI-20M,1963,-,-, CCCP-11341, 401702,Aeroflot / Polar,Unknown,-,-,-,-,-,Amderma Airport,AMV,UOAA,Russia,-,-,0,0,-,-,-
19730219-1,Monday,19-FEB-1973,09:06,A1, Approach (APR),"0,5 km (0.3 mls) NE of Praha-Ruzyne International Airport (PRG)",Czech Republic,100,66, Destroyed, Written off (damaged beyond repair),Tupolev Tu-154,-,-,1972,261.0,459.0, CCCP-85023, 72A023,Aeroflot / International,International Scheduled Passenger, 141,Moskva-Sheremetyevo Airport,SVO,UUEE,Russia,Praha-Ruzyne International Airport,PRG,LKPR,Czech Republic,13,87,4,62,-,-,-
19730221-0,Wednesday,21-FEB-1973,09:56,A1, Takeoff (TOF),"Detroit-Willow Run Airport, MI (YIP)",United States of America,3,2, Damaged beyond repair,-,Learjet 24,-,-,1966,-,-, N100SQ, 24-113,Air Taxis,Domestic Non Scheduled Passenger,-,Saint Joseph-Rosecrans Memorial Airport,STJ,KSTJ,United States of America,Detroit-Willow Run Airport,YIP,KYIP,United States of America,2,1,2,0,-,-,Final
19730221-1,Wednesday,21-FEB-1973,14:11,C1, En route (ENR),35 km (21.9 mls) SE of Isma'iliya,Egypt,113,108, Destroyed, Written off (damaged beyond repair),Boeing 727-224,3,Pratt & Whitney JT8D-9,1968,-,4526.0, 5A-DAH, 20244/650,Libyan Arab Airlines,International Scheduled Passenger,LN114,Benghazi-Benina International Airport,BEN,HLLB,Libya,Cairo International Airport,CAI,HECA,Egypt,9,104,8,100,-,-,Final
19730221-2,Wednesday,21-FEB-1973,-,A1, Approach (APR),Cerro Horqueta,Panama,28,22, Damaged beyond repair,-,Douglas C-47A-70-DL (DC-3),2,Pratt & Whitney R-1830-92,1943,-,-, HP-560, 19242,Aerovias Urraca,Domestic Non Scheduled Passenger,-,David-Enrique Malek Airport,DAV,MPDA,Panama,Changuinola-Cap. Manuel Niño Airport,CHX,MPCH,Panama,-,-,-,-,-,-,-
19730221-3,Wednesday,21-FEB-1973,-,A1, Approach (APR),3 km (1.9 mls) SSW of Barrancabermeja Airport (EJA),Colombia,2,2, Damaged beyond repair,-,Curtiss C-46A-50-CU Commando,2,Pratt & Whitney R-2800-51,1944,-,-, N10427, 30532,Joanne Fashions,Cargo,-,Barranquilla-Ernesto Cortissoz Airport,BAQ,SKBQ,Colombia,Pereira Airport,PEI,SKPE,Colombia,2,0,2,0,-,-,-
19730223-0,Friday,23-FEB-1973,15:55,A1, Maneuvering (MNV),Seddon,New Zealand,1,1, Damaged beyond repair,-,Douglas DC-3F,2,Pratt & Whitney R-1830,1945,-,24261.0, ZK-AOI, 34226/16966,Southern Air Super,Agricultural,-,Blenheim-Woodbourne Airport,BHE,NZWB,New Zealand,Blenheim-Woodbourne Airport,BHE,NZWB,New Zealand,1,0,1,0,-,-,Final
19730223-1,Friday,23-FEB-1973,12:15,A1, Landing (LDG),"Manaus Air Base, AM (PLL)",Brazil,-,3, Damaged beyond repair,-,de Havilland Canada C-115 Buffalo (DHC-5),-,-,1970,-,-, 2372, 42,Brazilian AF,Military,-,-,-,-,-,Manaus Air Base,PLL,SBMN,Brazil,-,-,-,-,-,-,-
19730224-0,Saturday,24-FEB-1973,-,A1, En route (ENR),40 km (25 mls) from  Ura-Tube,Tajikistan,79,79, Destroyed, Written off (damaged beyond repair),Ilyushin Il-18V,4,Ivchenko AI-20K,1959,-,-, CCCP-75712, 189001803,Aeroflot / Tajikistan,Domestic Scheduled Passenger,-,Dushanbe Airport,DYU,UTDD,Tajikistan,Leninabad Airport,LBD,UTDL,Tajikistan,7,72,7,72,-,-,-
19730226-0,Monday,26-FEB-1973,10:12,A1, Initial climb (ICL),"3,2 km (2 mls) SSW of Atlanta-DeKalb Peachtree Airport, GA (PDK)",United States of America,7,7, Destroyed, Written off (damaged beyond repair),Learjet 24,2,General Electric CJ610-4,1966,-,4041.0, N454RN, 24-121,Machinery Buyers Corp,Executive,-,Atlanta-DeKalb Peachtree Airport,PDK,KPDK,United States of America,-,-,-,-,2,5,2,5,-,-,Final
19730228-0,Wednesday,28-FEB-1973,-,A1, En route (ENR),45 km (28.1 mls) E of Nabire,Indonesia,13,13, Damaged beyond repair,-,de Havilland Canada DHC-6 Twin Otter 100,2,Pratt & Whitney Canada PT6A-20,1967,-,-, PK-NUC,  70,Merpati Nusantara,Domestic Scheduled Passenger,-,Nabire Airport,NBX,WABI,Indonesia,Enarotali Airport,EWI,WABT,Indonesia,3,10,3,10,-,-,-
19730228-1,Wednesday,28-FEB-1973,-,A1, Takeoff (TOF),Semipalatinsk Airport (PLX),Kazakhstan,32,32, Damaged beyond repair,-,Yakovlev Yak-40,3,Ivchenko AI-25,1971,-,-, CCCP-87602, 9120118,Aeroflot / Kazakstan,Domestic Scheduled Passenger,-,Semipalatinsk Airport,PLX,UASS,Kazakhstan,Ust-Kamenogorsk Airport,UKK,UASK,Kazakhstan,4,28,4,28,-,-,-
19730228-2,Wednesday,28-FEB-1973,22:52,A1, Approach (APR),near Szczecin-Goleniów Airport (SZZ),Poland,18,18, Damaged beyond repair,-,Antonov An-24V,-,-,1969,-,-, 012, 97305702,Polish AF,Military,-,Warszawa-Okecie Airport,WAW,EPWA,Poland,Szczecin-Goleniów Airport,SZZ,EPSC,Poland,5,13,5,13,-,-,-
19730228-3,Wednesday,28-FEB-1973,-,A1, En route (ENR),16 km (10 mls) from  San Ramón,Peru,12,12, Damaged beyond repair,-,de Havilland Canada DHC-5D Buffalo,-,-,-,-,-, registration unknown,-,Peruvian AF,Military,-,-,-,-,-,-,-,-,-,4,8,4,8,-,-,-
19730301-0,Thursday,01-MAR-1973,-,A1, Unknown (UNK),off Vietnam coast,Vietnam,16,1, Damaged beyond repair,-,Fairchild AC-119K Stinger,-,-,-,-,-, 53-7839, 11256,Vietnam Air Force - VNAF,Military,-,-,-,-,-,-,-,-,-,-,-,-,-,-,-,-
19730302-0,Friday,02-MAR-1973,18:50,A1, Landing (LDG),San Salvador Airport (ZSA),Bahamas,23,0, Damaged beyond repair,-,Douglas C-47-DL (DC-3),2,Pratt & Whitney R-1830-92,1942,-,-, N6574, 4388,Arute International,Int'l Non Scheduled Passenger,-,Miami International Airport,MIA,KMIA,United States of America,San Salvador Airport,ZSA,MYSM,Bahamas,3,20,0,0,-,-,Final
19730302-1,Friday,02-MAR-1973,-,A1, Unknown (UNK),"Ushuaia, TF",Argentina,-,-, Damaged beyond repair,-,Douglas C-54E-1-DO (DC-4),-,-,1945,-,-, 0540/5-T-3, 27274,Argentine Navy,Military,-,-,-,-,-,-,-,-,-,-,-,-,-,-,-,-
19730303-1,Saturday,03-MAR-1973,12:45,A1, Approach (APR),Moskva-Sheremetyevo Airport (SVO),Russia,25,25, Damaged beyond repair,-,Ilyushin Il-18V,4,Ivchenko AI-20K,1962,-,-, LZ-BEM, 182005602,Balkan Bulgarian,International Scheduled Passenger, 307,Sofia-Vrazhdebna Airport,SOF,LBSF,Bulgaria,Moskva-Sheremetyevo Airport,SVO,UUEE,Russia,8,17,8,17,-,-,-
19730305-1,Monday,05-MAR-1973,12:52,A2, En route (ENR),"over La Plance, near Nantes",France,107,0, Substantial, Repaired,Convair CV-990-30A-5 Coronado,4,General Electric CJ805-23,1962,-,24775.0, EC-BJC, 30-10-22,Spantax,Int'l Non Scheduled Passenger, 400,Madrid-Barajas Airport,MAD,LEMD,Spain,-,-,-,-,8,99,0,0,68,-,Final
19730305-2,Monday,05-MAR-1973,12:52,A1, En route (ENR),"near La Plance, near Nantes",France,68,68, Destroyed, Written off (damaged beyond repair),McDonnell Douglas DC-9-32,2,Pratt & Whitney JT8D-7,1967,9452.0,10852.0, EC-BII, 47077/148,Iberia,International Scheduled Passenger,IB504,Palma de Mallorca Airport,PMI,LEPA,Spain,London-Heathrow Airport,LHR,EGLL,United Kingdom,7,61,7,61,-,-,Final
19730305-3,Monday,05-MAR-1973,01:40,A1, Approach (APR),off Funchal Airport (FNC),Portugal,3,3, Damaged beyond repair,-,Sud Aviation SE-210 Caravelle 10R,2,Pratt & Whitney JT8D-7,1967,-,-, EC-BID, 228,Aviaco,Ferry/positioning,-,Madrid-Barajas Airport,MAD,LEMD,Spain,Funchal Airport,FNC,LPFU,Portugal,3,0,3,0,-,-,-
19730306-0,Tuesday,06-MAR-1973,-,A1, Landing (LDG),"Graham Bell Island, Franz Josef Land",Russia,-,-, Damaged beyond repair,-,Antonov An-12AP,-,-,-,-,-, CCCP-11994, 2340402,Aeroflot,Unknown,-,-,-,-,-,-,-,-,-,-,-,-,-,-,-,-
19730306-1,Tuesday,06-MAR-1973,-,A1, En route (ENR),near Serov,Russia,-,0, Damaged beyond repair,-,Antonov An-2T,-,-,-,-,-, CCCP-93467, 13147305,Aeroflot / Uralsk,Unknown,-,-,-,-,-,-,-,-,-,-,-,0,0,-,-,-
19730307-0,Wednesday,07-MAR-1973,06:59,A1, En route (ENR),"Blaine, MN",United States of America,2,2, Destroyed, Written off (damaged beyond repair),North American Sabreliner 40,-,-,-,-,-, N9503Z, 282-10,Ziegler Inc,Executive,-,Minneapolis-St. Paul International Airport,MSP,KMSP,United States of America,Hibbing-Chisholm Airport,HIB,KHIB,United States of America,2,0,2,0,-,-,Final
19730307-1,Wednesday,07-MAR-1973,-,A1, En route (ENR),near Ban Hong Sa,Laos,4,4, Damaged beyond repair,-,Fairchild C-123K Provider,-,-,-,-,-, 524, 20185,Air America,Military,-,Luang Prabang Airport,LPQ,VLLB,Laos,-,-,-,-,4,0,4,0,-,-,-
19730307-2,Wednesday,07-MAR-1973,-,A1, Unknown (UNK),near Smolensk,Russia,-,0, Damaged beyond repair,-,Antonov An-2R,-,-,-,-,-, CCCP-70816, 1G133-19,Aeroflot / Central Region,Unknown,-,-,-,-,-,-,-,-,-,-,-,0,0,-,-,-
19730308-0,Thursday,08-MAR-1973,-,A1, Taxi (TXI),"Columbus-Lockbourne AFB, OH (LCK)",United States of America,5,2, Damaged beyond repair,-,Boeing KC-135A Stratotanker,4,Pratt & Whitney J57-P,1963,-,4933.0, 63-7989, 18606/645,USAF,Military,-,Columbus-Lockbourne AFB,LCK,KLCK,United States of America,-,-,-,-,5,0,2,0,-,-,-
19730308-1,Thursday,08-MAR-1973,09:10,A1, En route (ENR),"Silk Hope, NC",United States of America,14,14, Damaged beyond repair,-,Douglas C-47J (DC-3),-,-,1944,-,-, 0-50781, 26398/14953,US Army,Military,-,Fort Bragg-Simmons AAF,FBG,KFBG,United States of America,Fort Bragg-Simmons AAF,FBG,KFBG,United States of America,3,11,3,11,-,-,-
19730309-0,Friday,09-MAR-1973,20:24,A1, Landing (LDG),"Phoenix-Sky Harbor International Airport, AZ (PHX)",United States of America,9,0, Damaged beyond repair,-,MBB HFB-320 Hansa Jet,-,-,1968,-,-, N320MC, 1034,Golden West Airlines,Executive,-,San Diego International Airport,SAN,KSAN,United States of America,Phoenix-Sky Harbor International Airport,PHX,KPHX,United States of America,2,7,0,0,-,-,-
19730309-1,Friday,09-MAR-1973,-,A1, En route (ENR),57 km (35.6 mls) W of Kondinskoye,Russia,3,3, Damaged beyond repair,-,Antonov An-2,-,-,1957,-,12736.0, CCCP-01262, 17147316,Aeroflot / Tyumen,Ferry/positioning,-,-,-,-,-,-,-,-,-,2,1,2,1,-,-,-
19730315-0,Thursday,15-MAR-1973,14:00,A1, En route (ENR),"64 km (40 mls) S off  Brunswick-NAS, ME (NHZ), USA",Atlantic Ocean,5,5, Damaged beyond repair,-,Lockheed P-3B Orion,-,-,1966,-,-, 152749, 185-5189,US Navy,Military,-,Brunswick NAS,NHZ,KNHZ,United States of America,Brunswick NAS,NHZ,KNHZ,United States of America,5,0,5,0,-,-,-
19730315-1,Thursday,15-MAR-1973,16:50,A1, Approach (APR),near Hyderabad-Begumpet Airport (HYD),India,3,3, Destroyed, Written off (damaged beyond repair),Hindustan Aeronautics Ltd. HAL-748-224 Srs. 2,-,-,1972,-,-, VT-EAU, 541,Indian Airlines,Training,-,Hyderabad-Begumpet Airport,HYD,VOHY,India,Hyderabad-Begumpet Airport,HYD,VOHY,India,3,0,3,0,-,1,-
19730316-0,Friday,16-MAR-1973,-,A1, Takeoff (TOF),Phnom Penh-Pochentong Airport (PNH),Cambodia,-,0, Damaged beyond repair,-,de Havilland Canada U-1A Otter (DHC-3),-,-,1957,-,-, 0-53323, 192,Khmer Air Force,Military,-,Phnom Penh-Pochentong Airport,PNH,VDPP,Cambodia,-,-,-,-,-,-,0,0,-,-,-
19730319-1,Monday,19-MAR-1973,10:00,C1, Approach (APR),"6,5 km (4.1 mls) S of Buon Me Thuot (Ban Me Thuot)-Phung-Duc Airport (BMV)",Vietnam,58,58, Damaged beyond repair,-,Douglas C-54D-15-DC (DC-4),-,-,1945,-,-, XV-NUI, 22174,Air Vietnam,Domestic Scheduled Passenger,-,Saigon-Tan Son Nhat International Airport,SGN,VVTS,Vietnam,Buon Me Thuot (Ban Me Thuot)-Phung-Duc Airport,BMV,VVBM,Vietnam,5,53,5,53,-,-,-
19730322-0,Thursday,22-MAR-1973,-,A1, Unknown (UNK),Cerro Picon,Bolivia,-,-, Damaged beyond repair,-,Curtiss C-46A-15-CU Commando,2,Pratt & Whitney R-2800-51,1943,-,-, CP-969, 26513,Air Bolivia,Unknown,-,-,-,-,-,-,-,-,-,-,-,-,-,-,-,-
19730324-0,Saturday,24-MAR-1973,-,A1, En route (ENR),9 km (5.6 mls) N of Ozyornaya,Russia,3,2, Damaged beyond repair,-,Antonov An-2,-,-,1955,6600.0,10581.0, CCCP-05670, 15647309,Aeroflot / Far East,Cargo,-,-,-,-,-,-,-,-,-,2,1,1,1,-,-,-
19730326-0,Monday,26-MAR-1973,05:10,A1, Initial climb (ICL),"Champaign-Willard University Airport, IL (CMI)",United States of America,1,1, Damaged beyond repair,-,de Havilland Canada DHC-6 Twin Otter 100,2,Pratt & Whitney Canada PT6A-20,1966,-,-, N7705,   5,Air Central,Executive,-,Champaign-Willard University Airport,CMI,KCMI,United States of America,-,-,-,-,1,0,1,0,-,-,Final
19730329-0,Thursday,29-MAR-1973,-,A1, Unknown (UNK),"Villa Reynolds Airport, SL",Argentina,2,2, Damaged beyond repair,-,Morane Saulnier (FMA) MS.760 Paris I,-,-,1961,-,-, E-213, A-1,Argentine AF,Military,-,-,-,-,-,-,-,-,-,2,0,2,0,2,-,-
19730329-1,Thursday,29-MAR-1973,-,A1, Unknown (UNK),"Villa Reynolds Airport, SL",Argentina,2,2, Damaged beyond repair,-,Morane Saulnier (FMA) MS.760 Paris I,-,-,1961,-,-, E-217, A-5,Argentine AF,Military,-,-,-,-,-,-,-,-,-,2,0,2,0,2,-,-
19730331-0,Saturday,31-MAR-1973,-,C1, En route (ENR),Cuito Canaval,Angola,-,0, Damaged beyond repair,-,Douglas DC-3D,-,-,1944,-,-, 6169, 42968,Portuguese AF,Military,-,Luanda Airport,LAD,FNLU,Angola,Henrique de Carvalho Airport,VHC,FNSA,Angola,-,-,0,0,-,-,-
19730402-0,Monday,02-APR-1973,-,A1, Unknown (UNK),"South Weymouth Naval Air Station, MA (NZW)",United States of America,-,-, Damaged beyond repair,-,Lockheed P-2H Neptune,-,-,-,-,-, 141250, 726-7122,US Navy,Military,-,-,-,-,-,-,-,-,-,-,-,-,-,-,-,-
19730403-1,Tuesday,03-APR-1973,14:20,A1, Taxi (TXI),"Miami, FL",United States of America,3,0, Damaged beyond repair,-,Lockheed L-1049 Super Constellation,-,-,1952,-,-, N6906C, 4020,Aircraft Airframe Inc,Ferry/positioning,-,Miami International Airport,MIA,KMIA,United States of America,Miami International Airport,MIA,KMIA,United States of America,3,0,0,0,-,-,Final
19730406-0,Friday,06-APR-1973,-,A1, Unknown (UNK),at an unknown location,Bolivia,-,-, Damaged beyond repair,-,Curtiss C-46R-1 Commando,-,-,1945,-,-, CP-801, 22566,Frigorificos Movima,Unknown,-,-,-,-,-,-,-,-,-,-,-,-,-,-,-,-
19730406-1,Friday,06-APR-1973,-,A1, Unknown (UNK),near Vilnius,Lithuania,-,0, Damaged beyond repair,-,Antonov An-2R,-,-,-,-,-, CCCP-05820, 1G15-08,Aeroflot / Lithuania,Unknown,-,-,-,-,-,-,-,-,-,-,-,0,0,-,-,-
19730410-1,Tuesday,10-APR-1973,10:13,A1, Approach (APR),15 km (9.4 mls) S of Basel/Mulhouse Airport (BSL),Switzerland,145,108, Destroyed, Written off (damaged beyond repair),Vickers 952 Vanguard,4,Rolls-Royce Tyne 512,1962,-,16367.0, G-AXOP, 745,Invicta Int. Airways,Int'l Non Scheduled Passenger, 435,Bristol Airport,BRS,EGGD,United Kingdom,Basel/Mulhouse Airport,BSL,LFSB,France,6,139,4,104,-,-,Final
19730412-0,Thursday,12-APR-1973,-,A1, Approach (APR),"0,5 km (0.3 mls) S of Mountain View-Moffett Field, CA (NUQ)",United States of America,11,11, Damaged beyond repair,-,Convair CV-990-30A-5 Coronado,4,General Electric CJ805-23,1961,-,-, N711NA, 30-10-1,NASA,Test,-,Mountain View-Moffett Field,NUQ,KNUQ,United States of America,Mountain View-Moffett Field,NUQ,KNUQ,United States of America,-,-,-,-,5,-,-
19730412-1,Thursday,12-APR-1973,14:50,A1, Approach (APR),"1 km (0.6 mls) S of Moffett Field NAS, CA (NUQ)",United States of America,6,5, Damaged beyond repair,-,Lockheed P-3C Orion,4,Allison T56-A14,1970,-,-, 157332, 185-5547,US Navy,Military,-,Mountain View-Moffett Field,NUQ,KNUQ,United States of America,Mountain View-Moffett Field,NUQ,KNUQ,United States of America,6,0,5,0,11,-,-
19730413-0,Friday,13-APR-1973,16:35,A1, En route (ENR),"Montrose County Airport, CO (MTJ)",United States of America,2,2, Destroyed, Written off (damaged beyond repair),North American Rockwell Sabreliner 60,2,Pratt & Whitney JT12A-8 Turbo Wasp,1968,-,2372.0, N743R, 306-11,Continental Air Lines,Ferry/positioning,-,Montrose County Airport,MTJ,KMTJ,United States of America,Denver-Stapleton International Airport,DEN,KDEN,United States of America,2,0,2,0,-,-,Final
19730414-0,Saturday,14-APR-1973,-,A1, En route (ENR),15 km (9.4 mls) NE of Andreyevka,Kazakhstan,6,1, Damaged beyond repair,-,Antonov An-2R,-,-,1970,-,1870.0, CCCP-35577, 1G115-28,Aeroflot / Kazakstan,Ferry/positioning,-,-,-,-,-,-,-,-,-,2,4,1,0,-,-,-
19730415-0,Sunday,15-APR-1973,20:45,A1, Landing (LDG),"Chiriguaná, Cesar",Colombia,3,3, Damaged beyond repair,-,Howard Super Ventura,-,-,1943,-,-, N175S, 5371,Pioneer Ventura Aviation,Illegal Flight,-,Miami International Airport,MIA,KMIA,United States of America,-,-,-,-,2,1,2,1,-,-,Final
19730417-0,Tuesday,17-APR-1973,-,A1, Landing (LDG),Mosul Airport (OSM),Iraq,33,0, Damaged beyond repair,-,Vickers 735 Viscount,4,Rolls-Royce Dart 506,1955,14649.0,24498.0, YI-ACL,  68,Iraqi Airways,Scheduled Passenger,-,-,-,-,-,-,-,-,-,6,27,0,0,-,-,-
19730418-0,Wednesday,18-APR-1973,-,A1, Takeoff (TOF),Bamyan Airport (BIN),Afghanistan,19,4, Damaged beyond repair,-,de Havilland Canada DHC-6 Twin Otter 100,2,Pratt & Whitney Canada PT6A-20,1968,-,-, YA-GAT, 111,Bakhtar Afghan,Domestic Scheduled Passenger,-,Bamyan Airport,BIN,OABN,Afghanistan,-,-,-,-,3,16,2,2,-,-,-
19730418-1,Wednesday,18-APR-1973,-,A1, Takeoff (TOF),Djibouti Airport (JIB),Djibouti,2,0, Damaged beyond repair,-,Nord 2501D Noratlas,2,Bristol Hercules 739,-,-,-, 9XR-KH, D094,Portalia,Unknown,-,Djibouti Airport,JIB,HDAM,Djibouti,-,-,-,-,2,0,0,0,-,-,-
19730418-2,Wednesday,18-APR-1973,-,A1, Standing (STD),unknown,Israel,3,0, Damaged beyond repair,-,Nord 2501D Noratlas,2,Bristol Hercules 739,-,-,-, 4X-FAO/072, D089,Israeli AF,Military,-,-,-,-,-,-,-,-,-,3,0,0,0,-,-,-
19730424-0,Tuesday,24-APR-1973,-,H1, Approach (APR),near Leningrad-Shosseynaya Airport (LED),Russia,57,2, Damaged beyond repair,-,Tupolev Tu-104B,2,Mikulin AM-3M-500,1960,10698.0,17095.0, CCCP-42505, 021903,Aeroflot / Northern,Domestic Scheduled Passenger,-,Leningrad-Shosseynaya Airport,LED,ULLI,Russia,Moskva-Sheremetyevo Airport,SVO,UUEE,Russia,6,51,1,1,-,-,-
19730425-0,Wednesday,25-APR-1973,-,A1, En route (ENR),off Boca Chica,Dominican Republic,4,0, Damaged beyond repair,-,Curtiss C-46,-,-,-,-,-, HI-201,-,Aeromar,Cargo,-,Santo Domingo-Las Américas International Airport,SDQ,MDSD,Dominican Republic,Saint Croix-Alexander Hamilton Airport,STX,TISX,U.S. Virgin Islands,4,0,0,0,-,-,-
19730427-0,Friday,27-APR-1973,-,A1, Unknown (UNK),off Iwo Jima,Japan,8,8, Damaged beyond repair,-,Lockheed P2V-7 Neptune,-,-,-,-,-, 4662, 2046,Japanese Navy,Military,-,-,-,-,-,-,-,-,-,-,-,-,-,-,-,-
19730430-1,Monday,30-APR-1973,-,A1, Landing (LDG),Leticia Airport (LET),Colombia,-,0, Damaged beyond repair,-,Curtiss C-46A-35-CU Commando,2,Pratt & Whitney R-2800-51,1944,-,-, HK-791, 26805,L.A. Orientales,Unknown,-,-,-,-,-,Leticia-Alfredo Vásquez Cobo Airport,LET,SKLT,Colombia,-,-,0,0,-,-,-
19730430-2,Monday,30-APR-1973,-,A1, Unknown (UNK),within South Yemen,Yemen,25,25, Damaged beyond repair,-,Antonov An-24 ?,-,-,-,-,-, registration unknown,-,South Yemen AF,Military,-,-,-,-,-,-,-,-,-,3,22,3,22,-,-,-
19730501-0,Tuesday,01-MAY-1973,-,U1, Unknown (UNK),"Miami International Airport, FL (MIA)",United States of America,-,0, Damaged beyond repair,-,Douglas DC-7BF,-,-,1957,-,-, HK-1300, 45232/821,Aeronorte,Unknown,-,-,-,-,-,-,-,-,-,-,-,0,0,-,-,-
19730501-1,Tuesday,01-MAY-1973,15:17,A2, Landing (LDG),Hyderabad-Begumpet Airport (HYD),India,43,0, Substantial, Repaired,Hindustan Aeronautics Ltd. HAL-748-224 Srs. 2,-,-,1968,-,-, VT-DXH, 513,Indian Airlines,Domestic Scheduled Passenger,-,-,-,-,-,Hyderabad-Begumpet Airport,HYD,VOHY,India,4,39,0,0,-,-,-
19730502-0,Wednesday,02-MAY-1973,18:30,A1, Approach (APR),Mueda Airport (MUD),Mozambique,11,11, Damaged beyond repair,-,Nord 2502F Noratlas,2,Bristol Hercules 739,-,-,-, 6411, F.5,Portuguese AF,Military,-,Porto Amélia Airport,POL,FQPB,Mozambique,Mueda Airport,MUD,FQMD,Mozambique,7,4,7,4,-,-,-
19730502-1,Wednesday,02-MAY-1973,16:54,A2, Takeoff (TOF),Bhavnagar Airport (BHU),India,4,0, Substantial, Repaired,Douglas C-47A-65-DL (DC-3),-,-,1943,-,-, VT-AYH, 19072,Indian Airlines,Domestic Scheduled Passenger,-,Bhavnagar Airport,BHU,VABV,India,-,-,-,-,4,0,0,0,-,-,-
19730503-0,Thursday,03-MAY-1973,16:40,A1, Taxi (TXI),"500 km (312.5 mls) NW of Queen Elizabeth Islands, Canada",Arctic Ocean,9,0, Damaged beyond repair,-,Lisunov Li-2T,-,-,-,-,-, CCCP-04244, 33444701,Aeroflot / Yakutsk,Survey/research,-,-,-,-,-,-,-,-,-,6,3,0,0,-,-,-
19730504-0,Friday,04-MAY-1973,-,C1, Takeoff (TOF),Kampot Airport (KMT),Cambodia,-,3, Damaged beyond repair,-,Douglas DC-3,-,-,-,-,-, registration unknown,-,Air Cambodge,Passenger,-,-,-,-,-,-,-,-,-,-,-,-,-,-,-,-
19730504-1,Friday,04-MAY-1973,-,A1, Approach (APR),"Rio de Janeiro-Galeão International Airport, RJ (GIG)",Brazil,3,3, Damaged beyond repair,-,Learjet 24,-,-,-,-,-, PT-CXK, 24-122,Líder Táxi Aéreo,Unknown,-,-,-,-,-,Rio de Janeiro-Santos Dumont Airport,SDU,SBRJ,Brazil,2,1,2,1,-,-,-
19730504-2,Friday,04-MAY-1973,08:00,A1, Maneuvering (MNV),"near Union Springs, AL",United States of America,2,2, Damaged beyond repair,-,Howard 350,-,-,1943,-,-, N45CK, 5333,Clarks Aerial Service,Agricultural,-,-,-,-,-,-,-,-,-,2,0,2,0,-,-,Final
19730506-0,Sunday,06-MAY-1973,00:50,A1, Approach (APR),off Chub Cay Airport (CCZ),Bahamas,2,2, Damaged beyond repair,-,Lockheed 18-56 Learstar 1,-,-,1942,-,-, N620S, 18-2191,Karol Investment Corp.,Unknown,-,-,-,-,-,Chub Cay Airport,CCZ,MYBC,Bahamas,2,0,2,0,-,-,-
19730507-2,Monday,07-MAY-1973,-,A1, Takeoff (TOF),Moskva-Vnukovo Airport (VKO),Russia,4,0, Damaged beyond repair,-,Tupolev Tu-154,-,-,1972,-,-, CCCP-85030, 72A030,Aeroflot / Moscow,Training,-,Moskva-Vnukovo Airport,VKO,UUWW,Russia,Moskva-Vnukovo Airport,VKO,UUWW,Russia,4,0,0,0,-,-,-
19730510-0,Thursday,10-MAY-1973,15:09,A1, En route (ENR),"5 km (3.1 mls) from  Ellington AFB, TX",United States of America,2,0, Damaged beyond repair,-,Curtiss C-46A-55-CK Commando,2,Pratt & Whitney R-2800-51,1944,-,-, N446M,   133,private,Cargo,-,Houston-Ellington Field,EFD,KEFD,United States of America,-,-,-,-,2,0,0,0,-,-,Final
19730510-1,Thursday,10-MAY-1973,-,A1, Landing (LDG),Kathmandu-Tribhuvan Airport (KTM),Nepal,110,0, Damaged beyond repair,-,Douglas DC-8-33,4,Pratt & Whitney JT4A-,1960,-,-, HS-TGU, 45526/89,Thai Airways International,International Scheduled Passenger,-,-,-,-,-,Kathmandu-Tribhuvan Airport,KTM,VNKT,Nepal,10,100,0,0,-,1,-
19730511-0,Friday,11-MAY-1973,04:37,A1, En route (ENR),84 km (52.5 mls) S of Semipalatinsk,Kazakhstan,63,63, Destroyed, Written off (damaged beyond repair),Ilyushin Il-18B,-,-,1959,11787.0,21663.0, CCCP-75687, 189001202,Aeroflot / Azerbaijan,Domestic Scheduled Passenger,6551,Tashkent Airport,TAS,UTTT,Uzbekistan,-,-,-,-,8,55,8,55,-,-,-
19730511-1,Friday,11-MAY-1973,-,A1, Unknown (UNK),near Kursk,Russia,-,0, Damaged beyond repair,-,Antonov An-2M,-,-,-,-,-, CCCP-05915, 600409,Aeroflot,Unknown,-,-,-,-,-,-,-,-,-,-,-,0,0,-,-,-
19730514-0,Monday,14-MAY-1973,-,A1, Unknown (UNK),near Vologda,Russia,-,0, Damaged beyond repair,-,Antonov An-2R,-,-,-,-,-, CCCP-70569, 1G127-37,Aeroflot / Northern,Unknown,-,-,-,-,-,-,-,-,-,-,-,0,0,-,-,-
19730514-1,Monday,14-MAY-1973,16:03,A1, Landing (LDG),Havana-José Martí International Airport (HAV),Cuba,-,3, Damaged beyond repair,-,Antonov An-24V,-,-,-,-,-, CU-T876, 67302403,Cubana,Domestic Scheduled Passenger,CU707,Nueva Gerona Airport,GER,MUNG,Cuba,Havana-José Martí International Airport,HAV,MUHA,Cuba,-,-,-,-,-,-,-
19730515-0,Tuesday,15-MAY-1973,-,A1, Landing (LDG),"Salvador-Dois de Julho International Airport, BA (SSA)",Brazil,-,0, Damaged beyond repair,-,Vickers 827 Viscount,-,-,1958,-,-, PP-SRD, 398,VASP,Scheduled Passenger,-,-,-,-,-,Salvador-Dois de Julho International Airport,SSA,SBSV,Brazil,-,-,0,0,-,-,-
19730518-0,Friday,18-MAY-1973,-,H1, En route (ENR),97 km (60.6 mls) W of Chita,Russia,82,82, Destroyed, Written off (damaged beyond repair),Tupolev Tu-104B,2,Mikulin AM-3M-500,1958,-,-, CCCP-42411, 820303,Aeroflot / East Siberia,Domestic Scheduled Passenger,-,Irkutsk Airport,IKT,UIII,Russia,Chita Airport,HTA,UIAA,Russia,8,74,8,74,-,-,-
19730518-1,Friday,18-MAY-1973,-,H2, Unknown (UNK),at an unknown location,Cuba,42,0, Unknown,-,Convair CV-580,-,-,-,-,-, registration unknown,-,AVENSA,Domestic Scheduled Passenger,-,Valera-Carvajal Airport,VLV,SVVL,Venezuela,Barquisimeto Airport,BRM,SVBM,Venezuela,5,37,0,0,-,-,-
19730519-1,Saturday,19-MAY-1973,-,C1, Initial climb (ICL),10 km (6.3 mls) N of Svay Rieng Airport (SVR),Cambodia,11,11, Damaged beyond repair,-,Douglas C-47A-50-DL (DC-3),2,Pratt & Whitney R-1830-92,1943,-,-, XW-TDM, 10078,Air Union,Domestic Scheduled Passenger,-,-,-,-,-,Phnom Penh-Pochentong Airport,PNH,VDPP,Cambodia,2,9,2,9,-,-,-
19730520-0,Sunday,20-MAY-1973,-,A1, Maneuvering (MNV),"Starobeshevo District, Donetsk Region",Ukraine,2,1, Damaged beyond repair,-,Antonov An-2R,-,-,1964,20001.0,6947.0, CCCP-55798, 1G51-11,Aeroflot / Ukraine,Agricultural,-,-,-,-,-,-,-,-,-,2,0,1,0,-,-,-
19730525-0,Friday,25-MAY-1973,-,H2, Unknown (UNK),Southern Siberia,Russia,-,-, Unknown,-,Tupolev Tu-104,-,-,-,-,-, registration unknown,-,Aeroflot,Unknown,-,-,-,-,-,Chita Airport,HTA,UIAA,Russia,-,-,-,-,-,-,-
19730528-0,Monday,28-MAY-1973,-,A1, Approach (APR),Lyallpur,Pakistan,40,0, Damaged beyond repair,-,Fokker F-27 Friendship 200,-,-,1967,16500.0,12767.0, AP-AUW, 10331,PIA,Scheduled Passenger,-,-,-,-,-,Faisalabad Airport,LYP,OPFA,Pakistan,6,34,0,0,-,-,-
19730529-0,Tuesday,29-MAY-1973,-,A1, Approach (APR),"5 km (3.1 mls) SE of Rimouski Airport, QC (YXK)",Canada,4,4, Destroyed, Written off (damaged beyond repair),Douglas C-47A-50-DL (DC-3),2,Pratt & Whitney R-1830-92,1943,-,-, CF-QBB, 10081,Air Gaspé,Domestic Non Scheduled Passenger,-,Gaspé Airport,YGP,CYGP,Canada,Mont-Joli Airport,YYY,CYYY,Canada,3,1,3,1,-,-,-
19730530-0,Wednesday,30-MAY-1973,-,H2, En route (ENR),"Buenos Aires/Ezeiza-Ministro Pistarini Airport, BA (EZE)",Argentina,93,0, None,-,Lockheed L-188A Electra,-,-,1958,-,-, HK-1274, 1010,SAM Colombia,Domestic Scheduled Passenger,-,Pereira-Matecaña Airport,PEI,SKPE,Colombia,Bogotá-Eldorado Airport,BOG,SKBO,Colombia,6,87,0,0,-,-,-
19730531-0,Thursday,31-MAY-1973,21:58,A1, Approach (APR),6 km (3.8 mls) from  Delhi-Indira Gandhi International Airport (DEL),India,65,48, Destroyed, Written off (damaged beyond repair),Boeing 737-2A8,2,Pratt & Whitney JT8D-9A,1971,-,-, VT-EAM, 20486/279,Indian Airlines,Domestic Scheduled Passenger, 440,Madras Airport,MAA,VOMM,India,Delhi-Indira Gandhi International Airport,DEL,VIDP,India,7,58,5,43,-,-,-
19730599-0,-,xx-MAY-1973,-,A1, Unknown (UNK),at an unknown location,Oman,-,-, Damaged beyond repair,-,de Havilland Canada DHC-4A Caribou,-,-,1970,-,-, 802, 294,Oman AF,Military,-,-,-,-,-,-,-,-,-,-,-,-,-,-,-,-
19730599-1,-,xx-MAY-1973,-,U1, Unknown (UNK),at an unknown location,Gabon,-,-, Damaged beyond repair,-,Britten-Norman BN-2A Islander,-,-,1969,-,-, TR-LOC, 83,Air Gabon,Unknown,-,-,-,-,-,-,-,-,-,-,-,-,-,-,-,-
19730601-1,Friday,01-JUN-1973,07:20,A1, Approach (APR),"São Luíz-Marechal Cunha Machado Airport, MA (SLZ)",Brazil,23,23, Damaged beyond repair,-,Sud Aviation SE-210 Caravelle VI-N,-,-,1962,-,-, PP-PDX, 126,Cruzeiro do Sul,Domestic Scheduled Passenger, 109,Belém/Val-de-Cans International Airport,BEL,SBBE,Brazil,São Luís-Tirirical Airport,SLZ,SBSL,Brazil,7,16,7,16,-,-,-
19730601-2,Friday,01-JUN-1973,-,U1, Unknown (UNK),Santiago,Dominican Republic,-,-, Damaged beyond repair,-,Douglas DC-3-313,-,-,1939,-,-, HI-117, 2172,Aerovias Quisqueyana,Unknown,-,-,-,-,-,-,-,-,-,-,-,-,-,-,-,-
19730603-0,Sunday,03-JUN-1973,15:20,A1, Initial climb (ICL),Goussainville,France,6,6, Destroyed, Written off (damaged beyond repair),Tupolev Tu-144S,4,Kuznetsov NK-144A,1972,-,-, CCCP-77102, 01-2,Tupolev,Demonstration,-,Paris-Le Bourget Airport,LBG,LFPB,France,Paris-Le Bourget Airport,LBG,LFPB,France,6,0,6,0,-,8,-
19730607-0,Thursday,07-JUN-1973,-,A1, Landing (LDG),Bogotá-Eldorado Airport (BOG),Colombia,-,0, Damaged beyond repair,-,Vickers 785D Viscount,-,-,1957,-,-, HK-1061, 327,Aerolíneas TAO,Unknown,-,-,-,-,-,Bogotá-Eldorado Airport,BOG,SKBO,Colombia,-,-,0,0,-,-,-
19730609-0,Saturday,09-JUN-1973,-,A1, Approach (APR),"Rio de Janeiro-Galeão International Airport, RJ (GIG)",Brazil,4,2, Damaged beyond repair,-,Boeing 707-327C,4,Pratt & Whitney JT3D-3B,1966,-,-, PP-VLJ, 19106/502,Varig,Cargo,-,São Paulo/Campinas-Viracopos International Airport,VCP,SBKP,Brazil,Rio de Janeiro-Galeão International Airport,GIG,SBGL,Brazil,4,0,2,0,-,-,-
19730609-1,Saturday,09-JUN-1973,06:11,A1, Initial climb (ICL),"1,9 km (1.2 mls) SW of Casey Airport, QC",Canada,3,3, Destroyed, Written off (damaged beyond repair),Lockheed L-1049H Super Constellation,4,Wright R-3350 (988TC18),1957,-,-, N173W, 4674,Aircraft Specialties,Agricultural,-,-,-,-,-,-,-,-,-,3,0,3,0,-,-,Final
19730609-2,Saturday,09-JUN-1973,15:00,A1, Landing (LDG),near Villavicencio-La Vanguardia Airport (VVC),Colombia,3,1, Damaged beyond repair,-,Consolidated PBY-5A Catalina,-,-,-,-,-, HK-1020, 1750,Lineas Aéreas Interiores de Catalina,Test,-,Villavicencio-La Vanguardia Airport,VVC,SKVV,Colombia,-,-,-,-,3,0,1,0,-,-,-
19730610-0,Sunday,10-JUN-1973,-,O1, Standing (STD),Phnom Penh-Pochentong Airport (PNH),Cambodia,0,0, Damaged beyond repair,-,Convair CV-440,-,-,1953,-,-, N999JZ,  40,Air Cambodge,-,-,-,-,-,-,-,-,-,-,0,0,0,0,-,-,-
19730610-1,Sunday,10-JUN-1973,-,H2, Unknown (UNK),Bihar,India,21,0, Unknown,-,de Havilland Canada DHC-6 Twin Otter,-,-,-,-,-, registration unknown,-,Royal Nepal Airlines,Domestic Scheduled Passenger,-,Biratnagar Airport,BIR,VNVT,Nepal,Kathmandu-Tribhuvan Airport,KTM,VNKT,Nepal,3,18,0,0,-,-,-
19730617-0,Sunday,17-JUN-1973,-,A1, Landing (LDG),Colonia Airport (CYR),Uruguay,42,0, Damaged beyond repair,-,Convair CV-240-0,-,-,1948,-,-, CX-BHS, 20,ARCO,Scheduled Passenger,-,-,-,-,-,Colonia Airport,CYR,SUCA,Uruguay,3,39,0,0,-,-,-
19730618-0,Monday,18-JUN-1973,-,A1, Approach (APR),Wilhelmshaven-Mariensiel Airport (WVN),Germany,4,4, Damaged beyond repair,-,Learjet 24B,-,-,-,-,-, D-IHLZ, 24-225,private ,Executive,-,-,-,-,-,Wilhelmshaven-Mariensiel Airport,WVN,EDWI,Germany,2,2,2,2,-,-,-
19730620-0,Wednesday,20-JUN-1973,00:24,A2, Takeoff (TOF),"Bangor International Airport, ME (BGR)",United States of America,251,0, Substantial, Repaired,McDonnell Douglas DC-8-63,4,Pratt & Whitney JT3D-7,1967,-,18453.0, N863F, 46001/395,ONA,Int'l Non Scheduled Passenger,4655,Bangor International Airport,BGR,KBGR,United States of America,Amsterdam-Schiphol International Airport,AMS,EHAM,Netherlands,-,-,0,0,-,-,Final
19730620-1,Wednesday,20-JUN-1973,22:47,A1, Approach (APR),32 km (20 mls) SSE of Puerto Vallarta Airport (PVR),Mexico,27,27, Damaged beyond repair,-,McDonnell Douglas DC-9-15,2,Pratt & Whitney JT8D-7A,1967,-,-, XA-SOC, 47100/153,Aeroméxico,Domestic Scheduled Passenger, 229,Monterrey-General Mariano Escobedo Airport,MTY,MMMY,Mexico,Puerto Vallarta Airport,PVR,MMPR,Mexico,5,22,5,22,-,-,-
19730621-0,Thursday,21-JUN-1973,-,O1, Standing (STD),"Toronto International Airport, ON (YYZ)",Canada,0,0, Damaged beyond repair,-,McDonnell Douglas DC-8-53,4,Pratt & Whitney JT3D-,1968,-,-, CF-TIJ, 45962/402,Air Canada,International Scheduled Passenger, 890,Toronto International Airport,YYZ,CYYZ,Canada,Zürich-Kloten Airport,ZRH,LSZH,Switzerland,0,0,0,0,-,-,-
19730621-1,Thursday,21-JUN-1973,04:26,A1, En route (ENR),"16,5 km (10.3 mls) NW of Miami International Airport, FL (MIA)",United States of America,3,3, Destroyed, Written off (damaged beyond repair),Douglas DC-7CF,4,Wright R-3350,1958,-,25827.0, N296, 45466/955,Skyways Int.,Cargo,-,Miami International Airport,MIA,KMIA,United States of America,La Romana-Casa de Campo International Airport,LRM,MDLR,Dominican Republic,3,0,3,0,-,-,Final
19730621-2,Thursday,21-JUN-1973,-,A1, Maneuvering (MNV),45 km (28.1 mls) S of Abakan,Russia,3,2, Damaged beyond repair,-,Antonov An-2R,-,-,1962,14599.0,8770.0, CCCP-09228, 1G22-06,Aeroflot / Krasnoyarsk,Agricultural,-,-,-,-,-,-,-,-,-,2,1,1,1,-,-,-
19730622-0,Friday,22-JUN-1973,-,A1, Unknown (UNK),37 km (23.1 mls) NE of Iloilo,Philippines,-,-, Damaged beyond repair,-,Howard 350,-,-,1943,-,-, N10TP, 5894,International Fruit & Produce Co.,Unknown,-,-,-,-,-,-,-,-,-,-,-,-,-,-,-,-
19730623-0,Saturday,23-JUN-1973,03:58,A2, Landing (LDG),"New York-John F. Kennedy International Airport, NY (JFK)",United States of America,128,0, Substantial, Repaired,McDonnell Douglas DC-8-61CF,4,Pratt & Whitney JT3D-3B,1968,-,21258.0, N8960T, 45938/331,Loftleidir,International Scheduled Passenger,-,Keflavík International Airport,KEF,BIKF,Iceland,New York-John F. Kennedy International Airport,JFK,KJFK,United States of America,9,119,0,0,-,-,Final
19730625-0,Monday,25-JUN-1973,-,A1, Unknown (UNK),near Irkutsk,Russia,-,0, Damaged beyond repair,-,Antonov An-2R,-,-,-,-,-, CCCP-32558, 1G104-35,Aeroflot / East Siberia,Unknown,-,-,-,-,-,-,-,-,-,-,-,0,0,-,-,-
19730630-0,Saturday,30-JUN-1973,13:39,A1, Takeoff (TOF),Amman-Marka International Airport (ADJ),Jordan,85,2, Damaged beyond repair,-,Tupolev Tu-134A,-,-,1971,-,2822.0, CCCP-65668, 1351306,Aeroflot / Armenia,International Scheduled Passenger, 512,Amman-Marka International Airport,ADJ,OJAM,Jordan,Beirut International Airport,BEY,OLBA,Lebanon,7,78,2,0,-,7,-
19730699-0,-,xx-JUN-1973,-,U1, Unknown (UNK),at an unknown location,Unknown country,-,-, Damaged beyond repair,-,Britten-Norman BN-2A Islander,-,-,1969,-,-, CF-XZS, 50,Arctic Air,Unknown,-,-,-,-,-,-,-,-,-,-,-,-,-,-,-,-
19730699-1,-,xx-JUN-1973,-,U1, Unknown (UNK),at an unknown location,Unknown country,-,-, Damaged beyond repair,-,Britten-Norman BN-2A Islander,-,-,1969,-,-, TR-LOD, 102,Air Gabon,Unknown,-,-,-,-,-,-,-,-,-,-,-,-,-,-,-,-
19730702-0,Monday,02-JUL-1973,-,A1, Landing (LDG),unknown,Cambodia,-,0, Damaged beyond repair,-,de Havilland Canada U-1A Otter (DHC-3),-,-,1957,-,-, 0-53327, 200,Khmer Air Force,Military,-,-,-,-,-,-,-,-,-,-,-,0,0,-,-,-
19730703-0,Tuesday,03-JUL-1973,20:30,A1, Landing (LDG),Bombay-Santacruz Airport (BOM),India,15,0, Substantial, Written off (damaged beyond repair),Sud Aviation SE-210 Caravelle VI-N,-,-,1963,-,-, VT-DPO, 128,Indian Airlines,Domestic Scheduled Passenger,-,-,-,-,-,Bombay-Santacruz Airport,BOM,VABB,India,7,8,0,0,-,-,-
19730704-0,Wednesday,04-JUL-1973,-,H2, En route (ENR),Havana-José Martí International Airport (HAV),Cuba,-,0, Unknown,-,Boeing 737-287,-,-,1971,-,-, LV-JTO, 20537/291,Aerolineas Argentinas,Domestic Scheduled Passenger,-,-,-,-,-,Tucumán Airport,TUC,SANT,Argentina,-,-,0,0,-,-,-
19730704-1,Wednesday,04-JUL-1973,-,A1, En route (ENR),53 km (33.1 mls) S of Shakhtersk,Russia,18,18, Destroyed, Written off (damaged beyond repair),Ilyushin Il-14,-,-,1957,12772.0,26509.0, CCCP-91534, 147001150,Aeroflot / Far East,Domestic Scheduled Passenger,-,Yuzhno-Sakhalinsk Airport,UUS,UHSS,Russia,-,-,-,-,5,13,5,13,-,-,-
19730704-2,Wednesday,04-JUL-1973,-,A1, Unknown (UNK),Toto,Angola,-,-, Damaged beyond repair,-,Nord 2502F Noratlas,2,Bristol Hercules 739,-,-,-, 6410, F.4,Portuguese AF,Military,-,-,-,-,-,-,-,-,-,-,-,-,-,-,-,-
19730704-3,Wednesday,04-JUL-1973,-,A1, Unknown (UNK),Gorna Oryakhovitsa,Bulgaria,-,1, Damaged beyond repair,-,Antonov An-2,-,-,-,-,-, LZ-...,-,Unknown,Unknown,-,-,-,-,-,-,-,-,-,-,-,1,0,-,-,-
19730705-0,Thursday,05-JUL-1973,-,A1, Landing (LDG),Bucaramanga-Gomez Niño Airport,Colombia,44,0, Damaged beyond repair,-,Hawker Siddeley HS-748-245 Srs. 2A,-,-,1968,-,-, HK-1408, 1657,Avianca,Domestic Scheduled Passenger,-,Medellín-Enrique Olaya Herrera Airport,EOH,SKMD,Colombia,-,-,-,-,4,40,0,0,-,3,-
19730705-1,Thursday,05-JUL-1973,-,A1, Landing (LDG),Mbeya Airport (MBI),Tanzania,-,0, Damaged beyond repair,-,Douglas C-47B-1-DK (DC-3),2,Pratt & Whitney R-1830-90C,1944,-,-, 5H-AAK, 25815/14370,East African Airways,Unknown,-,-,-,-,-,Mbeya Airport,MBI,HTMB,Tanzania,-,-,0,0,-,-,-
19730707-0,Saturday,07-JUL-1973,-,A1, Initial climb (ICL),off Phu Quoc,Vietnam,36,14, Damaged beyond repair,-,de Havilland Canada C-7 Caribou (DHC-4),-,-,-,-,-, registration unknown,-,Vietnam Air Force - VNAF,Military,-,Phu Quoc-Duong Dang Airport,PQC,VVPQ,Vietnam,-,-,-,-,-,-,-,-,-,-,-
19730709-1,Monday,09-JUL-1973,19:53,A2, Initial climb (ICL),near Kuybyshev Airport (KUF),Russia,61,2, Substantial, Repaired,Tupolev Tu-124V,2,Soloviev D-20P,1964,10807.0,12831.0, CCCP-45062, 4351407,Aeroflot / Privolzhsk,Domestic Scheduled Passenger,5385,Kuybyshev Airport,KUF,UWWW,Russia,Simferopol Airport,SIP,UKFF,Ukraine,7,54,0,2,-,-,-
19730710-0,Tuesday,10-JUL-1973,09:58,A1, Landing (LDG),"Beluga Airport, AK (BVU)",United States of America,3,0, Damaged beyond repair,-,Curtiss C-46F-1-CU Commando,-,-,1945,-,-, N1312V, 22575,Fairbanks Air Service,Cargo,-,Anchorage International Airport,ANC,PANC,United States of America,Beluga Airport,BVU,PABG,United States of America,3,0,0,0,-,-,Final
19730711-0,Wednesday,11-JUL-1973,14:03,A1, Approach (APR),5 km (3.1 mls) W of Paris-Orly Airport (ORY),France,134,123, Destroyed, Written off (damaged beyond repair),Boeing 707-345C,4,Pratt & Whitney JT3D-3B,1968,-,-, PP-VJZ, 19841/683,Varig,International Scheduled Passenger, 820,Rio de Janeiro-Galeão International Airport,GIG,SBGL,Brazil,Paris-Orly Airport,ORY,LFPO,France,17,117,7,116,-,-,Final
19730711-1,Wednesday,11-JUL-1973,-,A1, Unknown (UNK),Cerro Majé,Panama,10,10, Damaged beyond repair,-,Britten-Norman BN-2A Islander,-,-,1971,-,-, HP-570, 266,Unknown,Passenger,-,-,-,-,-,-,-,-,-,-,-,-,-,-,-,-
19730712-0,Thursday,12-JUL-1973,19:15,A1, Maneuvering (MNV),"Eureka, NV",United States of America,2,2, Damaged beyond repair,-,Boeing B-17G,-,-,-,-,-, N620L, 8749,Aircraft Specialities Corp.,Fire fighting,-,Elko Airport,EKO,KEKO,United States of America,Elko Airport,EKO,KEKO,United States of America,2,0,2,0,-,-,Final
19730714-0,Saturday,14-JUL-1973,-,A1, Taxi (TXI),Stockholm-Arlanda Airport (ARN),Sweden,-,0, Damaged beyond repair,-,Sud Aviation SE-210 Caravelle VI-R,2,Rolls-Royce Avon 533R,1961,-,-, OY-SAN,  98,Sterling Airways,Unknown,-,-,-,-,-,-,-,-,-,-,-,0,0,-,-,-
19730714-1,Saturday,14-JUL-1973,-,A1, Unknown (UNK),near Tambillo,Peru,-,-, Damaged beyond repair,-,Douglas DC-6B,4,Pratt & Whitney R-2800,1957,-,-, OB-R-920, 45176/845,Faucett,Unknown,-,-,-,-,-,-,-,-,-,-,-,-,-,-,-,-
19730716-0,Monday,16-JUL-1973,-,U1, Unknown (UNK),Tofamanir,Niger,-,-, Damaged beyond repair,-,Douglas C-47-DK (DC-3),-,-,1944,-,-, 5U-AAC, 12358,Air Niger,Unknown,-,-,-,-,-,-,-,-,-,-,-,-,-,-,-,-
19730717-0,Tuesday,17-JUL-1973,-,A1, Landing (LDG),Tromsø/Langnes Airport (TOS),Norway,60,0, Damaged beyond repair,-,Convair CV-640,-,-,1957,-,-, HB-IMM, 412,SATA,Int'l Non Scheduled Passenger,-,Zürich-Kloten Airport,ZRH,LSZH,Switzerland,Tromsø/Langnes Airport,TOS,ENTC,Norway,4,56,0,0,-,-,-
19730719-0,Thursday,19-JUL-1973,-,O1, Standing (STD),Atsugi NAS (NJA),Japan,0,0, Damaged beyond repair,-,Lockheed EC-121K Super Constellation,-,-,1958,-,6555.0, 145936, 5517,US Navy,Military,-,-,-,-,-,-,-,-,-,0,0,0,0,-,-,-
19730720-0,Friday,20-JUL-1973,05:20,A2, Landing (LDG),Calcutta Airport (CCU),India,16,0, Substantial, Repaired,Fokker F-27 Friendship 100,-,-,1961,-,-, VT-DMD, 10174,Indian Airlines,Domestic Scheduled Passenger,-,-,-,-,-,Calcutta Airport,CCU,VECC,India,3,13,0,0,-,-,-
19730720-1,Friday,20-JUL-1973,-,A1, Maneuvering (MNV),Saatli District,Azerbaijan,2,1, Damaged beyond repair,-,Antonov An-2SX,-,-,1961,16345.0,4710.0, CCCP-79827, 116047319,Aeroflot / Azerbaijan,Agricultural,-,-,-,-,-,-,-,-,-,2,0,1,0,-,-,-
19730722-0,Sunday,22-JUL-1973,22:06,A1, En route (ENR),"3 km (1.9 mls) NE off  Papeete-Faaa Airport (PPT), Tahiti",French Polynesia,79,78, Destroyed, Written off (damaged beyond repair),Boeing 707-321B,4,Pratt & Whitney JT3D-3B,1966,-,27314.0, N417PA, 18959/470,Pan Am,International Scheduled Passenger,PA816,Papeete-Faaa Airport,PPT,NTAA,French Polynesia,Los Angeles International Airport,LAX,KLAX,United States of America,10,69,10,68,-,-,Final
19730723-0,Monday,23-JUL-1973,-,H1, Standing (STD),Benghazi-Benina International Airport (BEN),Libya,0,0, Destroyed, Written off (damaged beyond repair),Boeing 747-246B,4,Pratt & Whitney JT9D-7A,1972,-,4203.0, JA8109, 20503/180,JAL,International Scheduled Passenger,JL404,Amsterdam-Schiphol International Airport,AMS,EHAM,Netherlands,Anchorage International Airport,ANC,PANC,United States of America,0,0,0,0,-,-,-
19730723-1,Monday,23-JUL-1973,17:43,A1, Approach (APR),"3,7 km (2.3 mls) SE of Saint Louis-Lambert International Airport, MO (STL)",United States of America,44,38, Damaged beyond repair,-,Fairchild FH-227B,2,Rolls-Royce Dart 532-7,1966,-,14300.0, N4215, 513,Ozark Air Lines,Domestic Scheduled Passenger, 809,Marion-Williamson County Airport,MWA,KMWA,United States of America,Saint Louis-Lambert International Airport,STL,KSTL,United States of America,3,41,1,37,-,-,Final
19730725-0,Wednesday,25-JUL-1973,-,A1, Unknown (UNK),Bastia,France,2,2, Damaged beyond repair,-,Canadair CL-215-1A10,2,Pratt & Whitney R-2800-83AM,1971,-,-, F-ZBBM, 1019,Securité Civile,Unknown,-,-,-,-,-,-,-,-,-,2,0,2,0,-,-,-
19730726-0,Thursday,26-JUL-1973,-,A1, Unknown (UNK),near Ordzhonikidze,Russia,-,0, Damaged beyond repair,-,Antonov An-2R,-,-,1970,-,-, CCCP-35559, 1G115-10,Aeroflot / North Kavkaz,Unknown,-,-,-,-,-,-,-,-,-,-,-,0,0,-,-,-
19730727-1,Friday,27-JUL-1973,10:05,A2, En route (ENR),"over Yukon, OK",United States of America,4,0, Substantial, Repaired,Boeing 727-61,3,Pratt & Whitney JT8D-7,1966,-,-, N127, 19176/290,FAA,Training,-,Oklahoma City-Will Rogers Airport,OKC,KOKC,United States of America,Oklahoma City-Will Rogers Airport,OKC,KOKC,United States of America,4,0,0,0,3,-,Final
19730728-0,Saturday,28-JUL-1973,02:04,A1, Takeoff (TOF),"1,5 km (0.9 mls) from  Acapulco International Airport (ACA)",Mexico,3,0, Damaged beyond repair,-,Hawker Siddeley HS-748-259 Srs. 2A,-,-,1970,-,-, XA-SAB, 1673,SAESA,Training,-,Acapulco-Alvarez International Airport,ACA,MMAA,Mexico,Acapulco-Alvarez International Airport,ACA,MMAA,Mexico,3,0,0,0,-,-,-
19730731-0,Tuesday,31-JUL-1973,11:08,A1, Approach (APR),"Boston-Logan International Airport, MA (BOS)",United States of America,89,88, Destroyed, Written off (damaged beyond repair),McDonnell Douglas DC-9-31,2,Pratt & Whitney JT8D-7,1967,-,14639.0, N975NE, 47075/166,Delta Air Lines,Domestic Scheduled Passenger,DL723,Manchester Municipal Airport,MHT,KMHT,United States of America,Boston-Logan International Airport,BOS,KBOS,United States of America,6,83,6,82,-,-,Final
19730802-0,Thursday,02-AUG-1973,-,A1, Landing (LDG),Shakhty,Russia,-,0, Damaged beyond repair,-,Antonov An-2R,-,-,1971,-,-, CCCP-70807, 1G133-10,Aeroflot / North Kavkaz,Unknown,-,-,-,-,-,-,-,-,-,-,-,0,0,-,-,-
19730802-1,Thursday,02-AUG-1973,-,A1, Unknown (UNK),near Chumikan,Russia,-,0, Damaged beyond repair,-,Antonov An-2R,-,-,1961,-,-, CCCP-33242, 1G57-45,Aeroflot / Far East,Unknown,-,-,-,-,-,-,-,-,-,-,-,0,0,-,-,-
19730805-0,Sunday,05-AUG-1973,19:25,A1, Landing (LDG),"Tamarac, FL",United States of America,8,0, Damaged beyond repair,-,Lockheed L-1049 Super Constellation,-,-,1952,-,-, N6202C, 4002,Happy Hours Air Travel Club,Ferry/positioning,-,Freeport-Grand Bahama International Airport,FPO,MYGF,Bahamas,St. Petersburg International Airport,PIE,KPIE,United States of America,5,3,0,0,-,-,Final
19730807-0,Tuesday,07-AUG-1973,-,U1, Unknown (UNK),at an unknown location,India,-,-, Damaged beyond repair,-,Douglas C-47 (DC-3),-,-,-,-,-, HJ916,-,Indian AF,Military,-,-,-,-,-,-,-,-,-,-,-,-,-,-,-,-
19730808-0,Wednesday,08-AUG-1973,14:33,A2, En route (ENR),"near Washington, DC",United States of America,81,0, Substantial, Repaired,Boeing 727-171C,3,Pratt & Whitney JT8D-9A,1968,-,-, N1728T, 19860/599,Braniff Airways,Domestic Scheduled Passenger,-,Washington-Dulles International Airport,IAD,KIAD,United States of America,New York-John F. Kennedy International Airport,JFK,KJFK,United States of America,6,75,0,0,-,-,Final
19730808-1,Wednesday,08-AUG-1973,15:57,A1, Takeoff (TOF),Arkhangelsk Airport (ARH),Russia,31,1, Destroyed, Written off (damaged beyond repair),Yakovlev Yak-40,3,Ivchenko AI-25,1971,2455.0,2171.0, CCCP-87790, 9110515,Aeroflot / Arkhangelsk,Domestic Scheduled Passenger,A-547,Arkhangelsk-Talaghy Airport,ARH,ULAA,Russia,Kotlas Airport,KSZ,ULAK,Russia,3,28,1,0,-,-,-
19730811-0,Saturday,11-AUG-1973,-,A2, Landing (LDG),Strasbourg-Entzheim Airport (SXB),France,-,0, Substantial, Repaired,Fokker F-27 Friendship 500,-,-,1970,16439.0,13214.0, F-BSUM, 10447,Air France,Cargo,-,-,-,-,-,Strasbourg-Entzheim Airport,SXB,LFST,France,-,0,0,0,-,-,-
19730813-0,Monday,13-AUG-1973,11:40,A1, Approach (APR),3 km (1.9 mls) NE of La Coruña Airport (LCG),Spain,85,85, Destroyed, Written off (damaged beyond repair),Sud Aviation SE-210 Caravelle 10R,2,Pratt & Whitney JT8D-7,1967,9380.0,13118.0, EC-BIC, 225,Aviaco,Domestic Scheduled Passenger, 118,Madrid-Barajas Airport,MAD,LEMD,Spain,La Coruña Airport,LCG,LECO,Spain,6,79,6,79,-,-,Final
19730813-1,Monday,13-AUG-1973,-,A1, Unknown (UNK),"near Uelen, Chukotka",Russia,-,0, Damaged beyond repair,-,Antonov An-2,-,-,-,-,-, CCCP-23722,-,Aeroflot / Magadan,Unknown,-,-,-,-,-,-,-,-,-,-,-,0,0,-,-,-
19730814-0,Tuesday,14-AUG-1973,-,A1, Unknown (UNK),"70 km (43.8 mls) E of Eureka, NU",Canada,2,0, Damaged beyond repair,-,de Havilland Canada DHC-6 Twin Otter 100,2,Pratt & Whitney Canada PT6A-20,1966,-,-, CF-WWP,  12,Kenting Atlas Aviation,Unknown,-,-,-,-,-,-,-,-,-,2,0,0,0,-,-,-
19730815-0,Wednesday,15-AUG-1973,14:50,A1, En route (ENR),Dondon,Haiti,10,10, Damaged beyond repair,-,Britten-Norman BN-2A-6 Islander,-,-,1971,-,-, N38JA, 211,Turks & Caicos Airways,Domestic Non Scheduled Passenger,-,Port-au-Prince-Mais Gate Airport,PAP,MTPP,Haiti,Cap Haitien Airport,CAP,MTCH,Haiti,1,9,1,9,-,-,-
19730815-1,Wednesday,15-AUG-1973,11:00,A1, En route (ENR),"1,5 km (0.9 mls) W off  Wassenaar",Netherlands,14,0, Damaged beyond repair,-,Breguet SP-13A Atlantic,2,Rolls-Royce Tyne RTy.20 Mk 21,-,-,-, 257, 64,Dutch Navy,Military,-,-,-,-,-,-,-,-,-,14,0,0,0,-,-,-
19730816-0,Thursday,16-AUG-1973,-,H2, En route (ENR),Tel Aviv-Lod International Airport (TLV),Israel,119,0, None,-,Boeing 720-023B,4,Pratt & Whitney JT3D-1-MC7,1960,-,-, OD-AFR, 18018/157,MEA,International Scheduled Passenger,-,Benghazi-Benina International Airport,BEN,HLLB,Libya,Beirut International Airport,BEY,OLBA,Lebanon,10,109,0,0,-,-,-
19730816-1,Thursday,16-AUG-1973,-,A1, Unknown (UNK),Kotui River,Russia,-,0, Damaged beyond repair,-,Antonov An-2V,-,-,-,-,-, CCCP-41373, 1G66-08,Aeroflot / Krasnoyarsk,Unknown,-,-,-,-,-,-,-,-,-,-,-,0,0,-,-,-
19730818-0,Saturday,18-AUG-1973,18:51,A1, En route (ENR),"4,3 km (2.7 mls) E of Baku-Bina International Airport (BAK)",Azerbaijan,64,56, Destroyed, Written off (damaged beyond repair),Antonov An-24B,-,-,1968,5502.0,7374.0, CCCP-46435, 87304305,Aeroflot / Azerbaijan,Domestic Scheduled Passenger,-,Baku-Bina International Airport,BAK,UBBB,Azerbaijan,-,-,-,-,4,60,2,54,-,-,-
19730821-0,Tuesday,21-AUG-1973,-,A1, Landing (LDG),Barquisimeto Airport (BRM),Venezuela,-,0, Damaged beyond repair,-,Sud Aviation SE-210 Caravelle III,-,-,1960,-,-, YV-C-AVI,  20,AVENSA,Unknown,-,-,-,-,-,Barquisimeto Airport,BRM,SVBM,Venezuela,-,-,0,0,-,-,-
19730822-0,Wednesday,22-AUG-1973,11:40,A1, En route (ENR),near El Yopal,Colombia,17,16, Damaged beyond repair,-,Douglas DC-3A-228F,2,Pratt & Whitney R-1830,1941,-,-, HK-111, 4105,Avianca,Domestic Scheduled Passenger,-,Villavicencio-La Vanguardia Airport,VVC,SKVV,Colombia,El Yopal Airport,EYP,SKYP,Colombia,3,14,3,13,-,-,-
19730825-0,Saturday,25-AUG-1973,-,A1, Unknown (UNK),near Chalus,Iran,-,5, Damaged beyond repair,-,Fokker F-27 Friendship 600,-,-,1972,400.0,400.0, 5-209, 10484,Iran AF,Military,-,-,-,-,-,-,-,-,-,-,-,-,-,-,-,-
19730825-1,Saturday,25-AUG-1973,-,H2, Unknown (UNK),Kuwait International Airport (KWI),Kuwait,16,0, Unknown,-,Douglas DC-6,-,-,-,-,-, registration unknown,-,Yemen Airlines,Unknown,-,Taiz-Al Janad Airport,TAI,ODTZ,Yemen,Asmara International Airport,ASM,HAAY,Eritrea,6,10,0,0,-,-,-
19730827-1,Monday,27-AUG-1973,07:45,A1, En route (ENR),ca 12 km SE of Bogotá-Eldorado Airport (BOG),Colombia,42,42, Destroyed, Written off (damaged beyond repair),Lockheed L-188A Electra,-,-,1959,-,-, HK-777, 1115,Aerocondor de Colombia,Domestic Scheduled Passenger,-,Bogotá-Eldorado Airport,BOG,SKBO,Colombia,Cartagena-Rafael Núñez Airport,CTG,SKCG,Colombia,6,36,6,36,-,-,-
19730828-0,Tuesday,28-AUG-1973,21:45,A1, Approach (APR),"near Huete, Cunenca",Spain,25,24, Damaged beyond repair,-,Lockheed C-141A-10-LM Starlifter,4,Pratt & Whitney TF33-P-7,-,-,14372.0, 63-8077, 300-6008,USAF,Military,-,Athens-Ellinikon International Airport,ATH,LGAT,Greece,Madrid-Torrejón AFB,TOJ,LETO,Spain,8,17,7,17,-,-,-
19730829-0,Wednesday,29-AUG-1973,-,A1, Unknown (UNK),"near Nerkha, Nizhneudinsk District",Russia,-,0, Damaged beyond repair,-,Antonov An-2R,-,-,1961,-,-, CCCP-28954, 1G09-14,Aeroflot / East Siberia,Unknown,-,-,-,-,-,-,-,-,-,-,-,0,0,-,-,-
19730829-1,Wednesday,29-AUG-1973,06:39,A1, Landing (LDG),Nicosia Airport (NIC),Cyprus,70,0, Damaged beyond repair,-,Tupolev Tu-104A,2,Mikulin AM-3M,1958,-,-, OK-MDE, 86601202,CSA,International Scheduled Passenger, 531,Damascus International Airport,DAM,OSDI,Syria,Nicosia Airport,NIC,LCNC,Cyprus,8,62,0,0,-,-,-
19730830-0,Thursday,30-AUG-1973,-,A1, Unknown (UNK),Katowice,Poland,-,-, Damaged beyond repair,-,Antonov An-2TD,-,-,-,-,-, SP-DNK, 1G86-46,APRL,Unknown,-,-,-,-,-,-,-,-,-,-,-,-,-,-,-,-
19730830-1,Thursday,30-AUG-1973,-,A1, Unknown (UNK),near Kyzyl,Russia,-,0, Damaged beyond repair,-,Antonov An-2TP,-,-,1966,-,-, CCCP-09649, 1G75-33,Aeroflot / Krasnoyarsk,Unknown,-,-,-,-,-,-,-,-,-,-,-,0,0,-,-,-
19730831-0,Friday,31-AUG-1973,-,A1, Unknown (UNK),Auvers,France,2,0, Damaged beyond repair,-,Beechcraft 99 Airliner,-,-,1968,-,-, F-BSRZ, U-19,Avia Taxi France,Test,-,Paris-Le Bourget Airport,LBG,LFPB,France,Paris-Le Bourget Airport,LBG,LFPB,France,2,0,0,0,-,-,-
19730903-0,Monday,03-SEP-1973,07:30,A1, Unknown (UNK),near Las Palmas,Spain,-,0, Damaged beyond repair,-,Grumman SA-16A Albatross (HU-16),-,-,-,-,-, AD.1-5, G-56,Spanish AF,Military,-,Las Palmas-Gando Air Base,LPA,GCLP,Spain,-,-,-,-,-,-,0,0,-,-,-
19730904-0,Tuesday,04-SEP-1973,05:54,A1, Takeoff (TOF),"Pecos City Airport, TX (PEQ)",United States of America,3,3, Damaged beyond repair,-,Howard 250,-,-,1943,-,-, N669M, 18-2591,Oliver B. Cannon & Sons,Executive,-,Pecos City Airport,PEQ,KPEQ,United States of America,-,-,-,-,1,2,1,2,-,-,-
19730905-0,Wednesday,05-SEP-1973,-,O2, En route (ENR),near Bangkok,Thailand,-,0, Substantial, Repaired,Boeing 727-121C,3,Pratt & Whitney JT8D-7,1968,-,-, XV-NJC, 19819/516,Air Vietnam,International Scheduled Passenger,-,Bangkok-Don Muang International Airport,BKK,VTBD,Thailand,Saigon-Tan Son Nhat International Airport,SGN,VVTS,Vietnam,-,48,0,0,-,-,-
19730906-0,Thursday,06-SEP-1973,-,A1, Takeoff (TOF),Daet Airport (DTE),Philippines,24,0, Damaged beyond repair,-,Fairchild F-27,-,-,1958,-,-, PI-C875,  10,Air Manila Int.,Scheduled Passenger,-,Daet-Camarines Norte Airport,DTE,RPUD,Philippines,-,-,-,-,4,20,0,0,-,-,-
19730908-0,Saturday,08-SEP-1973,05:42,A1, En route (ENR),"near Cold Bay, AK",United States of America,6,6, Damaged beyond repair,-,McDonnell Douglas DC-8-63CF,4,Pratt & Whitney JT3D-,1971,-,10077.0, N802WA, 46146/536,World Airways,Cargo, 802,Fairfield-Travis AFB,SUU,KSUU,United States of America,Cold Bay Airport,CDB,PACD,United States of America,3,3,3,3,-,-,-
19730908-1,Saturday,08-SEP-1973,-,A1, Initial climb (ICL),Tomsk-Bogashevo Airport (TOF),Russia,3,3, Damaged beyond repair,-,Antonov An-2,-,-,1952,11785.0,15272.0, CCCP-41913, 12147307,Aeroflot / West Siberia,Training,-,Tomsk-Bogashevo Airport,TOF,UNTT,Russia,-,-,-,-,3,0,3,0,-,-,-
19730910-0,Monday,10-SEP-1973,16:16,A1, Landing (LDG),Guam-Agana NAS (NGM),Guam,4,0, Damaged beyond repair,-,Convair CV-990-30A-5 Coronado,4,General Electric CJ805-23,-,-,-, N7876, 30-10-4,California Airmotive Corp.,Ferry/positioning,-,-,-,-,-,-,-,-,-,4,0,0,0,-,-,Final
19730910-1,Monday,10-SEP-1973,-,A1, Landing (LDG),Colerne RAF Station,United Kingdom,-,5, Damaged beyond repair,-,Lockheed Hercules C.1 (C-130K),-,-,1967,-,-, XV198, 4219,RAF,Military,-,-,-,-,-,-,-,-,-,-,-,-,-,-,-,-
19730911-1,Tuesday,11-SEP-1973,-,A1, En route (ENR),ca 35 km N of Titograd,Montenegro,41,41, Damaged beyond repair,-,Sud Aviation SE-210 Caravelle VI-N,-,-,1963,-,-, YU-AHD, 151,JAT,Domestic Scheduled Passenger, 769,Skopje Airport,SKP,LWSK,North Macedonia,Titograd Airport,TGD,LYPG,Montenegro,6,35,6,35,-,-,-
19730912-0,Wednesday,12-SEP-1973,-,A1, Takeoff (TOF),Kampot Airport (KMT),Cambodia,-,0, Damaged beyond repair,-,Douglas DC-3,-,-,-,-,-, XW-PKD,-,Lane Xang Airlines,Passenger,-,-,-,-,-,-,-,-,-,-,23,0,0,-,-,-
19730914-0,Friday,14-SEP-1973,04:00,A1, Unknown (UNK),near Santa Lucía Air Base (NLU),Mexico,-,0, Damaged beyond repair,-,Lockheed 18 Learstar I,-,-,-,-,-, N211W, 18-2311,Media Aviation,Unknown,-,-,-,-,-,-,-,-,-,-,-,0,0,-,-,-
19730915-0,Saturday,15-SEP-1973,-,A1, Takeoff (TOF),Samarkand region,Uzbekistan,-,0, Damaged beyond repair,-,Antonov An-2R,-,-,1968,-,-, CCCP-32213, 1G95-25,Aeroflot / Privolzhsk,Agricultural,-,-,-,-,-,-,-,-,-,-,-,0,0,-,-,-
19730917-0,Monday,17-SEP-1973,-,A1, En route (ENR),within Hovd Province,Mongolia,-,-, Damaged beyond repair,-,Antonov An-24B,-,-,1968,-,-, BNMAU-4206, 87304206,MIAT,Unknown,-,-,-,-,-,-,-,-,-,-,-,-,-,-,-,-
