identifiant,week_day,date,time,type_event,phase,location,country,total_occupants,total_fatalities,aircraft_damage,aircraft_fate,type_aircraft,number_engines,type_engines,first_flight,cycles,total_airframe_hours,registration,c_n_msn,operator,nature,flight_number,departure_airport_name,departure_airport_IATA,departure_airport_ICAO,departure_airport_country,destination_airport_name,destination_airport_IATA,destination_airport_ICAO,destination_airport_country,crew_number,passengers_number,crew_fatalities,passengers_fatalities,collision_casualties,ground_casualties,status
19960604-0,Tuesday,04-JUN-1996,13:20,A1, Takeoff (TOF),"Ribeião Preto-Leite Lopes Airport, SP (RAO)",Brazil,4,1, Damaged beyond repair,-,Learjet 25C,-,-,1974,-,-, PT-KBC, 25-165,Aeroexecutivos,Training,-,Ribeirão Preto-Leite Lopes Airport,RAO,SBRP,Brazil,Ribeirão Preto-Leite Lopes Airport,RAO,SBRP,Brazil,4,0,1,0,-,1,Final
19960606-2,Thursday,06-JUN-1996,-,A1, Initial climb (ICL),Kinshasa-N'Djili Airport (FIH),Democratic Republic of the Congo,10,10, Damaged beyond repair,-,Ilyushin Il-76MD,-,-,1983,1358.0,2134.0, UR-76539, 0033442234,Ukraine Air Force,Cargo,-,Kinshasa-N'Djili Airport,FIH,FZAA,Democratic Republic of the Congo,Athens-Ellinikon International Airport,ATH,LGAT,Greece,7,3,7,3,-,-,-
19960607-0,Friday,07-JUN-1996,-,A1, Landing (LDG),Pisa,Italy,4,0, Damaged beyond repair,-,Alenia G-222TCM,-,-,-,-,-, MM62108, 4013,Italian AF,Military,-,-,-,-,-,Pisa International Airport,PSA,LIRP,Italy,4,0,0,0,-,-,-
19960609-3,Sunday,09-JUN-1996,14:55,A1, Landing (LDG),5 km (3.1 mls) W of Rasht Airport (RAS),Iran,7,4, Damaged beyond repair,-,Boeing 727-286,3,Pratt & Whitney JT8D-15,1975,-,38678.0, EP-IRU, 21079/1131,Iran Air,Training,-,Tehran-Mehrabad Airport,THR,OIII,Iran,Rasht Airport,RAS,OIGG,Iran,7,0,4,0,-,-,Final
19960612-0,Wednesday,12-JUN-1996,-,A2, Landing (LDG),near Yambio,South Sudan,-,-, Substantial, Repaired,de Havilland Canada DHC-5D Buffalo,-,-,1979,-,-, 5H-BAF, 94,Trident Aviation,Unknown,-,-,-,-,-,-,-,-,-,-,-,-,-,-,-,Preliminary
19960613-0,Thursday,13-JUN-1996,12:08,A1, Takeoff (TOF),Fukuoka Airport (FUK),Japan,275,3, Damaged beyond repair,-,McDonnell Douglas DC-10-30,3,General Electric CF6-50C,1979,-,46325.0, PK-GIE, 46685/284,Garuda,International Scheduled Passenger,GA865,Fukuoka Airport,FUK,RJFF,Japan,Denpasar-Ngurah Rai Bali International Airport,DPS,WADD,Indonesia,15,260,0,3,-,-,Final
19960613-1,Thursday,13-JUN-1996,-,A1, Maneuvering (MNV),"Gorkaya Balka, Sovetskiy district",Russia,2,2, Damaged beyond repair,-,Antonov An-2R,-,-,1983,28240.0,5619.0, RA-84744, 1G202-02,Aviaagro,Agricultural,-,-,-,-,-,-,-,-,-,2,0,2,0,-,-,-
19960616-0,Sunday,16-JUN-1996,-,A1, En route (ENR),Hoogeveen,Netherlands,2,0, Damaged beyond repair,-,Shorts SC.7 Skyvan 3-400,2,Garrett TPE331-2-201A,1969,-,-, OE-FDI, SH.1869,Pink Aviation Services,Parachuting,-,-,-,-,-,-,-,-,-,2,0,0,0,-,-,-
19960616-1,Sunday,16-JUN-1996,19:14,A1, En route (ENR),"9 km (5.6 mls) E of Cochenour, ON",Canada,7,0, Destroyed, Written off (damaged beyond repair),de Havilland Canada DHC-3 Otter,1,Pratt & Whitney R-1340,1957,-,-, C-FMEL, 222,Wildcountry Airways,Domestic Non Scheduled Passenger,-,-,-,-,-,-,-,-,-,1,6,0,0,-,-,Final
19960617-0,Monday,17-JUN-1996,-,A1, Unknown (UNK),near Madaniat,Tajikistan,-,-, Damaged beyond repair,-,Antonov An-2R,-,-,-,-,-, UK-17798, 1G203-59,Samarkand Flight Enterprise,Unknown,-,-,-,-,-,-,-,-,-,-,-,-,-,-,-,-
19960620-0,Thursday,20-JUN-1996,07:36,A1, Approach (APR),near Jos Airport (JOS),Nigeria,12,12, Damaged beyond repair,-,Grumman G-1159 Gulfstream II,-,-,1968,-,-, VR-BLJ,  40,NAMCO,Executive,-,Kano-Aminu Kano International Airport,KAN,DNKN,Nigeria,Jos Airport,JOS,DNJO,Nigeria,-,-,-,-,-,-,-
19960620-1,Thursday,20-JUN-1996,14:08,A1, En route (ENR),"Cut and Shoot, TX",United States of America,3,0, Destroyed, Written off (damaged beyond repair),Douglas DC-3A-S1C3G,2,Pratt & Whitney R-1830-92,1943,-,51307.0, N23WT, 11650,Loren Davis Ministries,Training,-,Conroe-Montgomery County Airport,CXO,KCXO,United States of America,Conroe-Montgomery County Airport,CXO,KCXO,United States of America,2,1,0,0,-,-,Final
19960620-2,Thursday,20-JUN-1996,09:50,A1, En route (ENR),"near Weir, TX",United States of America,2,0, Substantial, Written off (damaged beyond repair),Antonov An-2TP,1,PZL Kalisz (Shvetsov) ASz-62IR,-,-,-, N67AN, 1G88-13,N67AN,Private,-,-,-,-,-,-,-,-,-,1,1,0,0,-,-,Final
19960621-0,Friday,21-JUN-1996,17:04,A1, Approach (APR),near Changhai Airport (CNI),China,12,2, Damaged beyond repair,-,Harbin Yunshuji Y-12 II,2,Pratt & Whitney Canada PT6A-27,1991,-,-, B-3822, 0001,China Flying Dragon,Domestic Scheduled Passenger,-,Dalian Airport,DLC,ZYTL,China,Changhai Airport,CNI,ZYCH,China,3,9,1,1,-,-,Final
19960623-0,Sunday,23-JUN-1996,11:16,A2, Landing (LDG),"Orlando International Airport, FL (MCO)",United States of America,32,0, Substantial, Repaired,Embraer 120RT Brasilia,2,Pratt & Whitney Canada PW118,1989,-,16775.0, N168CA, 120168,Comair,International Scheduled Passenger,3599,Nassau International Airport,NAS,MYNN,Bahamas,Orlando International Airport,MCO,KMCO,United States of America,3,29,0,0,-,-,Final
19960624-1,Monday,24-JUN-1996,16:35,A1, Approach (APR),Cafunfo Airport (CFF),Angola,8,4, Damaged beyond repair,-,Antonov An-26B,2,Ivchenko AI-24VT,1984,-,-, UR-26197, 12609,Air Nacoia,Cargo,-,Luanda-4 de Fevereiro Airport,LAD,FNLU,Angola,Cafunfo Airport,CFF,FNCF,Angola,8,0,4,0,-,-,-
19960628-0,Friday,28-JUN-1996,19:10,A1, Landing (LDG),Aldan Airport (ADH),Russia,11,0, Damaged beyond repair,-,Yakovlev Yak-40,3,Ivchenko AI-25,1974,-,-, RA-87423, 9421934,Sakha Avia,Domestic Scheduled Passenger,-,Tynda Airport,TYD,UHBW,Russia,Aldan Airport,ADH,UEEA,Russia,4,7,0,0,-,-,Preliminary - official
19960628-1,Friday,28-JUN-1996,09:00,A1, En route (ENR),near Bouaflé,Cote d'Ivoire,3,3, Destroyed, Written off (damaged beyond repair),Beechcraft 200 Super King Air,-,-,1976,-,-, TU-TJE, BB-163,Air Ivoire,Training,-,Yamoussoukro Airport,ASK,DIYO,Cote d'Ivoire,Yamoussoukro Airport,ASK,DIYO,Cote d'Ivoire,3,0,3,0,-,-,-
19960630-0,Sunday,30-JUN-1996,-,A1, Landing (LDG),Bamako Airport (BKO),Mali,4,0, Damaged beyond repair,-,Boeing 707-369C,4,Pratt & Whitney JT3D-3B (HK),1972,-,-, 5X-JON, 20546/860,DAS Air Cargo,Cargo,-,Niamey Airport,NIM,DRRN,Niger,Bamako Airport,BKO,GABS,Mali,4,0,0,0,-,-,-
19960702-0,Tuesday,02-JUL-1996,12:30,A1, Landing (LDG),San Vicente de Chucurí Airport,Colombia,9,0, Substantial, Written off (damaged beyond repair),Dornier Do 28D-2 Skyservant,2,Lycoming IGSO-540-A1E,-,-,3922.0, HK-4044-X, 4154,TAS,Domestic Non Scheduled Passenger,-,Bucaramanga-Palo Negro Airport,BGA,SKBG,Colombia,-,-,-,-,2,7,0,0,-,-,Final
19960706-0,Saturday,06-JUL-1996,14:24,A2, Takeoff (TOF),"Pensacola Regional Airport, FL (PNS)",United States of America,147,2, Substantial, Repaired,McDonnell Douglas MD-88,2,Pratt & Whitney JT8D-219,1988,-,22031.0, N927DA, 49714/1524,Delta Air Lines,Domestic Scheduled Passenger,DL1288,Pensacola Regional Airport,PNS,KPNS,United States of America,Atlanta-William B. Hartsfield International Airport,ATL,KATL,United States of America,5,142,0,2,-,-,Final
19960709-0,Tuesday,09-JUL-1996,16:30,A1, Approach (APR),8 km (5 mls) NE of Mendi Airport (MDU),Papua New Guinea,20,20, Damaged beyond repair,-,de Havilland Canada DHC-6 Twin Otter 300,2,Pratt & Whitney Canada PT6A-27,1970,-,-, P2-MBB, 290,Milne Bay Air,Domestic Non Scheduled Passenger,-,-,-,-,-,Mendi Airport,MDU,AYMN,Papua New Guinea,1,19,1,19,-,-,-
19960709-1,Tuesday,09-JUL-1996,-,O1, Standing (STD),Saint Thomas-Cyril E. King Airport (STT),U.S. Virgin Islands,0,0, Damaged beyond repair,-,Britten-Norman BN-2A-21 Islander,-,-,1976,-,-, N62TA, 515,Tyden Air,-,-,-,-,-,-,-,-,-,-,0,0,0,0,-,-,-
19960709-2,Tuesday,09-JUL-1996,-,O1, Standing (STD),Saint Thomas-Cyril E. King Airport (STT) ?,U.S. Virgin Islands,0,0, Damaged beyond repair,-,Britten-Norman BN-2A-3 Islander,-,-,1970,-,-, N67TA, 222,Tyden Air,-,-,-,-,-,-,-,-,-,-,0,0,0,0,-,-,-
19960711-0,Thursday,11-JUL-1996,09:00,A1, Takeoff (TOF),Ambon-Pattimura Airport (AMQ),Indonesia,48,0, Damaged beyond repair,-,British Aerospace BAe-748-402 Srs. 2B,-,-,1983,-,-, PK-IHN, 1794,Bouraq Indonesia,Domestic Scheduled Passenger,-,Ambon-Pattimura Airport,AMQ,WAPP,Indonesia,Manado-Sam Ratulangi Airport,MDC,WAMM,Indonesia,5,43,0,0,-,-,-
19960711-1,Thursday,11-JUL-1996,08:55,A1, Approach (APR),near Kanda,India,9,9, Damaged beyond repair,-,Let L-410UVP-E9D,2,Walter M-601E,1994,-,-, VT-ETC, 942703,Archana Airways,Domestic Scheduled Passenger,-,Shimla Airport,SLV,VISM,India,Kulu-Bhuntar Airport,KUU,VIBR,India,3,6,3,6,-,-,Final
19960714-0,Sunday,14-JUL-1996,-,A1, Takeoff (TOF),Préveza-Aktion Airport (PVK),Greece,16,0, Damaged beyond repair,-,Boeing E-3A Sentry (707-300B),4,Pratt & Whitney JT3D (TF33-100A),1984,-,-, LX-N90457, 22852/969,NATO,Military,-,Préveza-Aktion Airport,PVK,LGPZ,Greece,-,-,-,-,-,-,0,0,-,-,-
19960715-0,Monday,15-JUL-1996,18:02,A1, Approach (APR),Eindhoven Airport (EIN),Netherlands,41,34, Destroyed, Written off (damaged beyond repair),Lockheed C-130H Hercules,4,Allison T56-A-15,1972,-,10914.0, CH-06, 4473,Belgian AF,Military, 610,Rimini-Miramare Airport,RMI,LIPR,Italy,Eindhoven Airport,EIN,EHEH,Netherlands,4,37,4,30,-,-,Final
19960717-0,Wednesday,17-JUL-1996,20:31,A1, En route (ENR),"13 km (8.1 mls) S off  East Moriches, NY",United States of America,230,230, Destroyed, Written off (damaged beyond repair),Boeing 747-131,4,Pratt & Whitney JT9D-7AH,1971,16869.0,93303.0, N93119, 20083/153,TWA,International Scheduled Passenger,TW800,New York-John F. Kennedy International Airport,JFK,KJFK,United States of America,Paris-Charles de Gaulle Airport,CDG,LFPG,France,18,212,18,212,-,-,Final
19960717-1,Wednesday,17-JUL-1996,-,A1, Initial climb (ICL),near Kalemie,Democratic Republic of the Congo,2,0, Damaged beyond repair,-,de Havilland Canada DHC-4A Caribou,-,-,1965,-,-, 9Q-CUB, 212,Operation Blessing,Unknown,-,-,-,-,-,-,-,-,-,2,0,0,0,-,-,-
19960717-2,Wednesday,17-JUL-1996,16:30,A1, Approach (APR),Playa del Carmen Airport (PCM),Mexico,18,1, Damaged beyond repair,-,de Havilland Canada DHC-6 Twin Otter 300,2,Pratt & Whitney Canada PT6A-27,1981,-,-, XA-TCF, 734,Trans Caribe,Domestic Non Scheduled Passenger,-,Cancún Airport,CUN,MMUN,Mexico,-,-,-,-,2,16,0,1,-,-,-
19960717-3,Wednesday,17-JUL-1996,-,A1, Unknown (UNK),Nairobi,Kenya,-,5, Damaged beyond repair,-,de Havilland Canada DHC-5D Buffalo,-,-,1979,-,-, JW9022, 94,Tanzanian AF,Military,-,-,-,-,-,-,-,-,-,-,-,5,0,-,-,-
19960718-0,Thursday,18-JUL-1996,11:35,A1, Takeoff (TOF),Enstone Airfield,United Kingdom,8,0, Damaged beyond repair,-,Bristol 170 Freighter 31,2,Bristol Hercules 734,1954,-,-, C-FDFC, 13218,Mrs 4000 Investments,Private,-,-,-,-,-,-,-,-,-,2,6,0,0,-,-,Final
19960720-0,Saturday,20-JUL-1996,15:06,A1, Approach (APR),"Russian Mission, AK (RSH)",United States of America,4,4, Destroyed, Written off (damaged beyond repair),Douglas DC-6A,4,Pratt & Whitney R-2800-CB3,1955,-,38248.0, N313RS, 44663/630,Northern Air Cargo,Cargo,  33,Emmonak Airport,EMK,PAEM,United States of America,Aniak Airport,ANI,PANI,United States of America,3,1,3,1,-,-,Final
19960723-0,Tuesday,23-JUL-1996,-,A1, Landing (LDG),Rosh Pinah,Israel,8,0, Damaged beyond repair,-,IAI 1124 Westwind,2,Garrett TFE731-3-1G,1978,-,-, 4X-AIP, 243,Arkia,Unknown,-,Eilat Airport,ETH,LLET,Israel,Rosh Pina Airport,RPN,LLIB,Israel,3,5,0,0,-,-,-
19960724-0,Wednesday,24-JUL-1996,-,A1, Landing (LDG),Myeik Airport (MGZ),Myanmar,49,8, Damaged beyond repair,-,Fokker F-27 Friendship 600,-,-,1970,-,-, XY-AET, 10433,Myanma Airways,Domestic Scheduled Passenger,-,Yangon-Mingaladon Airport,RGN,VYYY,Myanmar,Myeik Airport,MGZ,VYME,Myanmar,5,44,0,8,-,-,-
19960725-0,Thursday,25-JUL-1996,09:00,H2, Standing (STD),Oran-Es Senia Airport (ORN),Algeria,232,0, None,-,Boeing 767-3D6,2,General Electric CF6-80C2B2F,1990,-,-, registration unknown,-,Air Algérie,Domestic Scheduled Passenger,-,Oran-es Senia Airport,ORN,DAOO,Algeria,Algiers-Houari Boumediene Airport,ALG,DAAG,Algeria,-,-,0,0,-,-,- (No safety board investigation)
19960725-1,Thursday,25-JUL-1996,-,A1, Landing (LDG),Monrovia-Sprigg Payne Airport (MLW),Liberia,11,0, Damaged beyond repair,-,Yakovlev Yak-40,3,Ivchenko AI-25,1972,-,-, RA-87573, 9220522,NovgorodAvia,International Scheduled Passenger,-,Freetown-Lungi International Airport,FNA,GFLL,Sierra Leone,Monrovia-Sprigg Payne Airport,MLW,GLMR,Liberia,4,7,0,0,-,-,-
19960725-2,Thursday,25-JUL-1996,23:05,A2, Landing (LDG),"Buenos Aires-Jorge Newbery Airport, BA (AEP)",Argentina,-,0, Minor, Repaired,Dassault Falcon 20C,-,-,1966,-,-, LV-WMM, 29,Estornel Air Service,Cargo,-,Bahía Blanca-Comandante Espora Airport,BHI,SAZB,Argentina,Buenos Aires-Jorge Newbery Airport,AEP,SABE,Argentina,-,-,0,0,-,-,Final
19960726-0,Friday,26-JUL-1996,-,H2, En route (ENR),"Miami International Airport, FL (MIA)",United States of America,232,0, None,-,McDonnell Douglas DC-10-30,-,-,-,-,-, registration unknown,-,Iberia,International Scheduled Passenger,IB6621,Madrid-Barajas Airport,MAD,LEMD,Spain,Havana-José Martí International Airport,HAV,MUHA,Cuba,14,218,0,0,-,-,-
19960727-0,Saturday,27-JUL-1996,-,A2, Landing (LDG),Atar,South Sudan,4,0, Substantial, Repaired,Dornier Do 128-6 Turbo Skyservant,2,Pratt & Whitney Canada PT6A-110,-,-,-, 5Y-BLB, 6001,Aircraft Leasing Services,Unknown,-,-,-,-,-,-,-,-,-,-,-,0,0,-,-,-
19960730-0,Tuesday,30-JUL-1996,-,A1, Maneuvering (MNV),Lago Fanaco,Italy,2,1, Damaged beyond repair,-,Canadair CL-215-1A10,2,Pratt & Whitney R-2800-83AM,1985,-,-, I-CFSU, 1074 ,State Forestry Corps (Italy),Fire fighting,-,-,-,-,-,-,-,-,-,2,0,1,0,-,-,-
19960730-1,Tuesday,30-JUL-1996,-,A1, Unknown (UNK),Czama Dabrowska,Poland,11,0, Damaged beyond repair,-,Antonov An-2T,-,-,-,-,-, 1319, 1G113-19,Polish Navy,Military,-,-,-,-,-,-,-,-,-,-,-,0,0,-,-,-
19960730-2,Tuesday,30-JUL-1996,21:41,A2, En route (ENR),near Berlin-Schönefeld Airport (SXF),Germany,5,0, Substantial, Repaired,Lockheed L-188C Electra,4,Allison 501-D13,1959,-,-, G-LOFA, 2002,Atlantic Cargo,Cargo,-,Berlin-Schönefeld Airport,SXF,EDDB,Germany,Köln/Bonn Airport,CGN,EDDK,Germany,5,0,0,0,-,-,Final
19960802-0,Friday,02-AUG-1996,-,A2, Takeoff (TOF),Tlemcen  Airport (TLM),Algeria,106,0, Substantial, Repaired,Boeing 737-2D6C,2,Pratt & Whitney JT8D-9,1972,-,-, 7T-VED, 20650/311,Air Algérie,Domestic Scheduled Passenger,-,Tlemcen-Zenata Airport,TLM,DAON,Algeria,Algiers-Houari Boumediene Airport,ALG,DAAG,Algeria,6,100,0,0,-,-,-
19960802-1,Friday,02-AUG-1996,-,A1, Landing (LDG),Lubi,South Sudan,2,0, Damaged beyond repair,-,Grumman G-159 Gulfstream I,-,-,1968,-,-, N190LE, 190,Skyways Kenya,Ferry/positioning,-,-,-,-,-,-,-,-,-,2,0,0,0,-,-,-
19960803-0,Saturday,03-AUG-1996,12:45,A1, Approach (APR),near Faroe Islands-Vagar Airport (FAE),Denmark,9,9, Damaged beyond repair,-,Gulfstream Aerospace G-1159 Gulfstream III,-,-,1982,-,-, F-330, 330,Danish AF,Military,-,Reykjavík-Keflavík International Airport,KEF,BIKF,Iceland,Faroe Islands-Vagar Airport,FAE,EKVG,Denmark,4,5,4,5,-,-,-
19960807-0,Wednesday,07-AUG-1996,10:58,A2, Landing (LDG),"Horn Island Airport, QLD (HID) ?",Australia,-,0, Substantial, Repaired,IRMA/Britten-Norman BN-2A-8 Islander,-,-,1977,-,-, VH-FCO, 845,Unknown,Domestic Scheduled Passenger,-,-,-,-,-,-,-,-,-,-,-,0,0,-,-,Final
19960807-2,Wednesday,07-AUG-1996,-,A1, Landing (LDG),Luzamba Airport (LZM),Angola,-,0, Damaged beyond repair,-,Douglas DC-6A,-,-,1957,-,-, 9Q-CJR, 45373/862,Transair Cargo,Cargo,-,-,-,-,-,Luzamba Airport,LZM,FNLZ,Angola,-,-,0,0,-,-,-
19960808-0,Thursday,08-AUG-1996,09:40,A1, Approach (APR),"7,2 km (4.5 mls) S of Offenburg Airport",Germany,4,4, Damaged beyond repair,-,Dassault Falcon 10,2,Garrett TFE731-2-1C,1977,-,5797.0, D-CBUR, 098,Burda Holding,Executive,-,München-Franz Josef Strauss Airport,MUC,EDDM,Germany,-,-,-,-,2,2,2,2,-,-,Final
19960809-0,Friday,09-AUG-1996,18:10,A1, En route (ENR),"Auca Mahuida, NE",Argentina,2,0, Damaged beyond repair,-,de Havilland Canada DHC-6 Twin Otter 200,2,Pratt & Whitney Canada PT6A-20,1969,-,-, LV-LNY, 171,TAPSA,Domestic Scheduled Passenger,-,Cutral Airport,CUT,SAZW,Argentina,Rincón de Los Sauces Airport,RDS,SAHS,Argentina,2,0,0,0,-,-,Final
19960809-1,Friday,09-AUG-1996,-,H2, En route (ENR),Nouakchott Airport (NKC),Mauritania,-,0, None,-,Fokker F-28 Fellowship 4000,-,-,1975,-,-, 5T-CLG, 11093,Air Mauritanie,International Scheduled Passenger,-,Las Palmas-Airport de Gran Canaria,LPA,GCLP,Spain,Nouakchott Airport,NKC,GQNN,Mauritania,-,-,0,0,-,-,-
19960812-2,Monday,12-AUG-1996,13:47,A1, Landing (LDG),"Markham Bay, NU",Canada,2,2, Damaged beyond repair,-,de Havilland Canada DHC-6 Twin Otter 300,2,Pratt & Whitney Canada PT6A-27,1974,-,-, C-GNDN, 427,First Air,Cargo, 064,Iqaluit Airport,YFB,CYFB,Canada,-,-,-,-,2,0,2,0,-,-,Final
19960813-0,Tuesday,13-AUG-1996,08:57,A1, Landing (LDG),Northolt Airport (NHT),United Kingdom,3,0, Damaged beyond repair,-,Learjet 25B,2,General Electric CJ610-6,1974,-,4596.0, EC-CKR, 25-184,MAC Aviation ,Executive,-,Palma de Mallorca Airport,PMI,LEPA,Spain,London-Northolt Airport,NHT,EGWU,United Kingdom,2,1,0,0,-,-,Final
19960814-1,Wednesday,14-AUG-1996,-,A1, En route (ENR),"near Bronson Creek Airport, BC (YBM)",Canada,3,1, Damaged beyond repair,-,Douglas DC-4 (C-54A-15-DC),4,Pratt & Whitney R-2000-7M2,1944,-,50754.0, C-FGNI, 10389/120,Air North,Cargo,-,-,-,-,-,Wrangell Airport,WRG,PAWG,United States of America,3,0,1,0,-,-,Final
19960817-0,Saturday,17-AUG-1996,-,A1, Unknown (UNK),Sovetskoye,Russia,-,-, Damaged beyond repair,-,Antonov An-2TP,-,-,-,-,-, RA-01672, 1G83-13,Azovtransavia,Unknown,-,-,-,-,-,-,-,-,-,-,-,-,-,-,-,-
19960817-1,Saturday,17-AUG-1996,18:44,A2, Landing (LDG),"Broome Airport, WA (BME)",Australia,3,0, Substantial, Repaired,de Havilland Canada DHC-8-103,-,-,1990,-,-, VH-JSI, 229,National Jet Systems,Test,-,Broome Airport,BME,YBRM,Australia,Broome Airport,BME,YBRM,Australia,3,0,0,0,-,-,Final
19960817-3,Saturday,17-AUG-1996,23:48,A1, En route (ENR),"14,5 km (9.1 mls) E of Jackson Hole, WY",United States of America,9,9, Damaged beyond repair,-,Lockheed C-130H Hercules,-,-,1975,-,-, 74-1662, 4597,USAF,Military,-,Jackson Hole Airport,JAC,KJAC,United States of America,New York-John F. Kennedy International Airport,JFK,KJFK,United States of America,8,1,8,1,-,-,-
19960818-0,Sunday,18-AUG-1996,19:50,A1, En route (ENR),"33 km (20.6 mls) S of Alliford Bay, BC",Canada,3,3, Damaged beyond repair,-,de Havilland Canada DHC-3T Vazar Turbine Otter,1,Pratt & Whitney Canada PT6A-135,1954,-,-, C-GCMY,  32,Harbour Air,Domestic Non Scheduled Passenger,-,-,-,-,-,-,-,-,-,1,2,1,2,-,-,Final
19960819-0,Monday,19-AUG-1996,03:16,A1, Approach (APR),"0,8 km (0.5 mls) from  Beograd Airport (BEG)",Serbia,11,11, Damaged beyond repair,-,Ilyushin Il-76T,-,-,1978,-,-, RA-76513, 083414451,SPair,Cargo,-,Beograd Airport,BEG,LYBE,Serbia,Malta-Luqa Airport,MLA,LMML,Malta,8,3,8,3,-,-,-
19960821-0,Wednesday,21-AUG-1996,17:00,A1, Landing (LDG),Istanbul-Atatürk Airport (IST),Turkey,128,0, Damaged beyond repair,-,Boeing 707-366C,4,Pratt & Whitney JT3D-7,1973,-,-, SU-AVX, 20760/865,EgyptAir,International Scheduled Passenger,MS837,Cairo International Airport,CAI,HECA,Egypt,Istanbul-Atatürk International Airport,IST,LTBA,Turkey,8,120,0,0,-,-,-
19960825-0,Sunday,25-AUG-1996,07:10,A2, Landing (LDG),"New York-John F. Kennedy International Airport, NY (JFK)",United States of America,262,0, Substantial, Repaired,Lockheed L-1011 TriStar 100,-,-,1975,-,3425.0, N31031, 1115,TWA,Domestic Scheduled Passenger,TW778,Las Vegas-McCarran International Airport,LAS,KLAS,United States of America,New York-John F. Kennedy International Airport,JFK,KJFK,United States of America,12,250,0,0,-,-,Final
19960826-0,Monday,26-AUG-1996,-,H2, En route (ENR),London-Stansted Airport (STN),United Kingdom,199,0, None,-,Airbus A310-304,2,General Electric CF6-80C2A2,1990,-,-, F-GKTD, 552,Sudan Airways,International Scheduled Passenger, 150,Khartoum-Civil Airport,KRT,HSSS,Sudan,Amman-Queen Alia International Airport,AMM,OJAI,Jordan,13,186,0,0,-,-,-
19960827-0,Tuesday,27-AUG-1996,-,A1, Maneuvering (MNV),Pelinia,Moldova,2,2, Damaged beyond repair,-,Antonov An-2R,-,-,1989,-,-, ER-33647, 1G233-37,Air Moldova,Agricultural,-,-,-,-,-,-,-,-,-,2,0,2,0,-,-,-
19960828-0,Wednesday,28-AUG-1996,-,A2, Landing (LDG),Balikpapan-Sepingan Airport (BPN),Indonesia,25,0, Substantial, Repaired,British Aerospace BAe-748-402 LFD Srs. 2B,-,-,1983,-,-, PK-IHT, 1793,Bouraq Indonesia,Domestic Scheduled Passenger,-,-,-,-,-,Balikpapan-Sepingan Airport,BPN,WALL,Indonesia,5,20,0,0,-,-,Preliminary - official
19960829-0,Thursday,29-AUG-1996,10:22,A1, Approach (APR),"14,3 km (8.9 mls) from  Svalbard-Longyearbyen Airport (LYR)",Norway,141,141, Destroyed, Written off (damaged beyond repair),Tupolev Tu-154M,3,Soloviev D-30KU-154-II,1986,-,-, RA-85621, 86A742,Vnukovo Airlines,Int'l Non Scheduled Passenger,2801,Moskva-Vnukovo Airport,VKO,UUWW,Russia,Svalbard-Longyearbyen Airport,LYR,ENSB,Norway,11,130,11,130,-,-,Final
19960830-0,Friday,30-AUG-1996,09:47,A1, En route (ENR),"near Queloz, SP",Brazil,8,8, Damaged beyond repair,-,Embraer XC-95B Bandeirante (EMB-110),-,-,1980,-,-, 2315, 110289,Brazilian AF,Military,-,São José dos Campos Airport,SJK,SBSJ,Brazil,São José dos Campos Airport,SJK,SBSJ,Brazil,2,6,2,6,-,-,-
19960903-0,Tuesday,03-SEP-1996,-,H2, En route (ENR),Oslo-Gardermoen Airport (GEN),Norway,158,0, None,-,Tupolev Tu-154,-,-,-,-,-, registration unknown,-,Balkan Bulgarian,Passenger,-,Beirut International Airport,BEY,OLBA,Lebanon,Varna Airport,VAR,LBWN,Bulgaria,8,150,0,0,-,-,-
19960905-1,Thursday,05-SEP-1996,05:54,A1, En route (ENR),"Newburgh-Stewart Airport, NY (SWF)",United States of America,5,0, Destroyed, Written off (damaged beyond repair),McDonnell Douglas DC-10-10CF,3,General Electric CF6-6D,1975,17818.0,38271.0, N68055, 47809/191,FedEx,Cargo,1406,Memphis International Airport,MEM,KMEM,United States of America,Boston-Logan International Airport,BOS,KBOS,United States of America,3,2,0,0,-,-,Final
19960913-1,Friday,13-SEP-1996,22:26,A1, Approach (APR),"NW of Joinville, SC",Brazil,2,2, Damaged beyond repair,-,Embraer EMB-110 Bandeirante,-,-,1975,-,-, PT-WAV, 110048,Helisul Taxi Aéreo,Cargo,-,Porto Alegre-Salgado Filho International Airport,POA,SBPA,Brazil,Joinville-Cubatao Airport,JOI,SBJV,Brazil,2,0,2,0,-,-,Final
19960914-0,Saturday,14-SEP-1996,10:30,A2, Landing (LDG),Bryansk Airport (BZK),Russia,6,0, Substantial, Repaired,Antonov An-12,-,-,1962,-,-, RA-11916, 2400901,ELIIP,Cargo,-,Istanbul-Atatürk International Airport,IST,LTBA,Turkey,Bryansk Airport,BZK,UUBP,Russia,6,0,0,0,-,-,-
19960916-0,Monday,16-SEP-1996,22:00,A1, Approach (APR),"5 km (3.1 mls) from  Pittsburgh International Airport, PA (PIT)",United States of America,1,0, Destroyed, Written off (damaged beyond repair),Shorts SC.7 Skyvan 3-200,2,Garrett TPE331-2-201A,1969,-,18553.0, N10DA, SH.1873,North Star Air Cargo,Cargo,1215,Clarksburg-Benedum Airport,CKB,KCKB,United States of America,Pittsburgh International Airport,PIT,KPIT,United States of America,1,0,0,0,-,-,Final
19960918-0,Wednesday,18-SEP-1996,-,A1, Takeoff (TOF),Bahía Tortugas Airfield,Mexico,5,5, Damaged beyond repair,-,Fairchild C-123K Provider,-,-,-,-,-, XA-SNB, 20126,Krissalan de Aviacion,Domestic Non Scheduled Passenger,-,-,-,-,-,Ensenada Airport,ESE,MMES,Mexico,1,4,1,4,-,-,-
19960923-0,Monday,23-SEP-1996,-,A1, Landing (LDG),Ngau Island Airport (NGI),Fiji,5,0, Damaged beyond repair,-,Britten-Norman BN-2A-21 Islander,2,Lycoming IO-540-K1B5,1974,-,-, DQ-FIF, 417,Vanua Air Charter,Domestic Scheduled Passenger,-,Suva-Nausori Airport,SUV,NFSU,Fiji,Ngau Island Airport,NGI,NFNG,Fiji,2,3,0,0,-,-,-
19960925-0,Wednesday,25-SEP-1996,16:37,A1, En route (ENR),8 km (5 mls) N off  Den Oever,Netherlands,32,32, Destroyed, Written off (damaged beyond repair),Douglas DC-3C,2,Pratt & Whitney R-1830-92,1943,-,38388.0, PH-DDA, 19109,DDA,Domestic Non Scheduled Passenger,-,-,-,-,-,Amsterdam-Schiphol International Airport,AMS,EHAM,Netherlands,6,26,6,26,-,-,Final
19960927-0,Friday,27-SEP-1996,19:46,A1, Taxi (TXI),Madrid-Barajas Airport (MAD),Spain,4,0, Damaged beyond repair,-,Dassault Falcon 10,2,Garrett TFE731-2-1C,1978,-,6917.0, F-GJMA, 116,Chaillotine Air Service,Domestic Non Scheduled Passenger,-,-,-,-,-,Madrid-Barajas Airport,MAD,LEMD,Spain,2,2,0,0,-,-,Final
19960927-1,Friday,27-SEP-1996,19:46,A2, Taxi (TXI),Madrid-Barajas Airport (MAD),Spain,3,0, Substantial, Repaired,Boeing 727-223F,3,Pratt & Whitney JT8D-7B,1969,49910.0,71088.0, EI-HCD, 20185/710,Hunting Cargo Airlines,Cargo, 398,Porto-Francisco Sá Carneiro Airport,OPO,LPPR,Portugal,Madrid-Barajas Airport,MAD,LEMD,Spain,3,0,0,0,-,-,Final
19960930-0,Monday,30-SEP-1996,12:15,A1, Landing (LDG),Ilaga Airport (ILA),Indonesia,5,0, Damaged beyond repair,-,de Havilland Canada DHC-6 Twin Otter 200,2,Pratt & Whitney Canada PT6A-20,1969,-,-, PK-YPF, 210,Trigana Air Service,Domestic Scheduled Passenger,-,-,-,-,-,Ilaga Airport,ILA,WABL,Indonesia,2,3,0,0,-,-,-
19960999-0,-,xx-SEP-1996,-,A1, Unknown (UNK),Hampton Court,Guyana,-,0, Damaged beyond repair,-,Britten-Norman BN-2A-8 Islander,2,Lycoming O-540-E4C5,1970,-,-, 8R-GGR, 230,ASL,Unknown,-,-,-,-,-,-,-,-,-,-,-,0,0,-,-,-
19961002-0,Wednesday,02-OCT-1996,01:11,A1, En route (ENR),"89 km (55.6 mls) NW off  Lima, Peru",Pacific Ocean,70,70, Destroyed, Written off (damaged beyond repair),Boeing 757-23A,2,Pratt & Whitney PW2037,1992,2673.0,10654.0, N52AW, 25489/505,AeroPeru,International Scheduled Passenger, 603,Lima-Jorge Chávez International Airport,LIM,SPIM,Peru,Santiago-Arturo Merino Benitez Airport,SCL,SCEL,Chile,9,61,9,61,-,-,Final
19961003-0,Thursday,03-OCT-1996,-,A1, Initial climb (ICL),near Kahemba,Democratic Republic of the Congo,4,4, Damaged beyond repair,-,de Havilland Canada DHC-6 Twin Otter 100,2,Pratt & Whitney Canada PT6A-20,1967,-,-, 9Q-CXK,  74,Malu Aviation,Unknown,-,-,-,-,-,-,-,-,-,2,2,2,2,-,-,-
19961006-0,Sunday,06-OCT-1996,-,A1, Landing (LDG),Lukapa Airport (LBZ),Angola,19,6, Damaged beyond repair,-,Antonov An-12B,4,Ivchenko AI-20M,1971,-,-, RA-11101, 01347703,GosNII GA,Cargo,-,-,-,-,-,Lukapa Airport,LBZ,FNLK,Angola,6,13,1,5,-,1,-
19961007-0,Monday,07-OCT-1996,-,O1, Standing (STD),Singapore-Seletar Airport (XSP),Singapore,0,0, Damaged beyond repair,-,Fokker F-27 Friendship 200,-,-,1963,-,-, PK-JFK, 10226,Sempati Air,-,-,-,-,-,-,-,-,-,-,0,0,0,0,-,-,-
19961008-0,Tuesday,08-OCT-1996,10:50,A1, Approach (APR),San Francesco al Campo,Italy,23,2, Damaged beyond repair,-,Antonov An-124-100,4,Lotarev D-18T,1993,-,-, RA-82069, 9773054259124,Aeroflot,Cargo,9981,Chkalovsky Airport,CKL,UUMU,Russia,Torino-Caselle Airport,TRN,LIMF,Italy,23,0,2,0,-,2,-
19961008-1,Tuesday,08-OCT-1996,-,A1, En route (ENR),Liberec,Czech Republic,4,0, Damaged beyond repair,-,Antonov An-2P,-,-,-,-,-, UR-70289, 1G139-48,private,Agricultural,-,-,-,-,-,-,-,-,-,4,0,0,0,-,-,-
19961009-0,Wednesday,09-OCT-1996,16:05,A1, Takeoff (TOF),Taraira Airfield,Colombia,3,0, Damaged beyond repair,-,Dornier Do 28D-2 Skyservant,2,Lycoming IGSO-540-A1E,1973,-,3217.0, HK-3982, 4169,Transoriente Colombia,Cargo,-,Mitú Airport,MVP,SKMU,Colombia,La Pedrera Airport,LPD,SKLP,Colombia,2,1,0,0,-,-,Final
19961011-0,Friday,11-OCT-1996,-,A1, Landing (LDG),"Cuiaba Airport, MT (CGB)",Brazil,15,0, Damaged beyond repair,-,Swearingen SA226-TC Metro II,-,-,1979,-,-, CP-1516, TC-292,STAP,Passenger,-,-,-,-,-,Cuiabá-Marechal Rondon International Airport,CGB,SBCY,Brazil,2,13,0,0,-,-,-
19961017-0,Thursday,17-OCT-1996,-,H2, En route (ENR),Lagos-Murtala Muhammed Airport (LOS),Nigeria,180,0, None,-,Tupolev Tu-154,-,-,-,-,-, registration unknown,-,Aeroflot,International Scheduled Passenger,SU417,Malta-Luqa Airport,MLA,LMML,Malta,Lagos-Murtala Muhammed International Airport,LOS,DNMM,Nigeria,-,-,0,0,-,-,-
19961019-0,Saturday,19-OCT-1996,16:38,A2, Landing (LDG),"New York-La Guardia Airport, NY (LGA)",United States of America,63,0, Substantial, Repaired,McDonnell Douglas MD-88,2,Pratt & Whitney JT8D-219,1988,-,24420.0, N914DL, 49545/1444,Delta Air Lines,Domestic Scheduled Passenger,DL554,Atlanta-William B. Hartsfield International Airport,ATL,KATL,United States of America,New York-La Guardia Airport,LGA,KLGA,United States of America,5,58,0,0,-,-,Final
19961021-0,Monday,21-OCT-1996,-,H2, Unknown (UNK),Nabire Airport (NBX),Indonesia,5,0, Unknown,-,de Havilland Canada DHC-6 Twin Otter,-,-,-,-,-, registration unknown,-,Unknown,Cargo,-,-,-,-,-,Nabire Airport,NBX,WABI,Indonesia,4,1,0,0,-,-,-
19961022-0,Tuesday,22-OCT-1996,22:40,A1, En route (ENR),SW of Manta Airport (MEC),Ecuador,4,4, Damaged beyond repair,-,Boeing 707-323C,4,Pratt & Whitney JT3D-3B (HK),1967,-,-, N751MA, 19582/639,Millon Air,Cargo,-,Manta Airport,MEC,SEMT,Ecuador,Miami International Airport,MIA,KMIA,United States of America,3,1,3,1,-,23,-
19961023-0,Wednesday,23-OCT-1996,14:22,A1, Landing (LDG),"Buenos Aires/Ezeiza-Ministro Pistarini Airport, BA (EZE)",Argentina,8,2, Damaged beyond repair,-,Boeing 707-372C,4,Pratt & Whitney JT3D-3B,1968,-,-, LV-LGP, 20077/728,Argentine AF,Cargo,5025,Santiago-Arturo Merino Benitez Airport,SCL,SCEL,Chile,Buenos Aires/Ezeiza-Ministro Pistarini Airport,EZE,SAEZ,Argentina,8,0,2,0,-,-,Final
19961023-2,Wednesday,23-OCT-1996,08:50,A1, Landing (LDG),"Puvirnituq Airport, QC (YPX)",Canada,13,0, Damaged beyond repair,-,Swearingen SA226-TC Metro II,-,-,1977,-,-, C-GKFS, TC-215E,Propair,Domestic Non Scheduled Passenger,-,La Grande Airport,YGL,CYGL,Canada,Puvirnituq Airport,YPX,CYPX,Canada,2,11,0,0,-,-,Preliminary - official
19961026-0,Saturday,26-OCT-1996,20:44,A1, Landing (LDG),Khanty-Mansiysk Airport (HMA),Russia,37,5, Damaged beyond repair,-,Yakovlev Yak-40K,3,Ivchenko AI-25,1977,16947.0,21765.0, RA-88527, 9711252,Tyumenaviatrans,Domestic Scheduled Passenger,-,Tyumen Airport,TJM,USTR,Russia,Khanty-Mansiysk Airport,HMA,USHH,Russia,4,33,3,2,-,-,-
19961030-0,Wednesday,30-OCT-1996,13:00,A1, Takeoff (TOF),"Chicago-Executive Airport, IL (PWK)",United States of America,4,4, Destroyed, Written off (damaged beyond repair),Gulfstream G-IV,2,Rolls-Royce Tay 611-8,1988,1219.0,2938.0, N23AC, 1047,Alberto-Culver,Executive,-,Chicago-Executive Airport,PWK,KPWK,United States of America,Burbank/Glendale/Pasadena Airport,BUR,KBUR,United States of America,3,1,3,1,-,-,Final
19961031-0,Thursday,31-OCT-1996,08:27,A1, Initial climb (ICL),"1,5 km (0.9 mls) S of São Paulo-Congonhas Airport, SP (CGH)",Brazil,95,95, Destroyed, Written off (damaged beyond repair),Fokker 100,2,Rolls-Royce Tay 650-15,1993,-,8171.0, PT-MRK, 11440,TAM,Domestic Scheduled Passenger, 402,São Paulo-Congonhas Airport,CGH,SBSP,Brazil,Rio de Janeiro-Santos Dumont Airport,SDU,SBRJ,Brazil,6,89,6,89,-,4,Final
19961031-1,Thursday,31-OCT-1996,03:30,A1, En route (ENR),3 km (1.9 mls) from  San Juan-Isla Grande,Puerto Rico,3,0, Substantial, Written off (damaged beyond repair),Douglas DC-3C,2,Pratt & Whitney R-1830-92,1942,-,16179.0, N37AP, 4430,Flamenco Airways,Cargo,-,San Juan-Isla Grande Airport,SIG,TJIG,Puerto Rico,San Juan-Luis Muñoz Marín International Airport,SJU,TJSJ,Puerto Rico,3,0,0,0,-,-,Final
19961101-0,Friday,01-NOV-1996,08:10,A1, Approach (APR),ca 8 km from Flores-Santa Elena Airport (FRS),Guatemala,14,14, Damaged beyond repair,-,Embraer EMB-110P1 Bandeirante,2,Pratt & Whitney Canada PT6A-34,1980,-,-, TG-TPA, 110313,TAPSA,Domestic Scheduled Passenger,-,Guatemala City-La Aurora Airport,GUA,MGGT,Guatemala,Flores-Santa Elena Airport,FRS,MGFL,Guatemala,2,12,2,12,-,-,-
19961101-1,Friday,01-NOV-1996,19:23,A1, Landing (LDG),"Gods River Airport, MB (ZGI)",Canada,7,0, Damaged beyond repair,-,Swearingen SA226-TC Metro II,-,-,1979,-,-, C-FHOZ, TC-283,Perimeter Airlines,Domestic Scheduled Passenger, 207,Gods Lake Narrows Airport,YGO,CYGO,Canada,Gods River Airport,ZGI,CZGI,Canada,2,5,0,0,-,-,Preliminary - official
19961106-0,Wednesday,06-NOV-1996,-,A1, Landing (LDG),Ust-Nera Airport,Russia,29,0, Damaged beyond repair,-,Antonov An-24RV,2,Ivchenko AI-24VT,1976,-,-, RA-47356, 67310605,Sakha Avia,Domestic Scheduled Passenger,  17,-,-,-,-,-,-,-,-,5,24,0,0,-,-,-
19960102-0,Tuesday,02-JAN-1996,11:00,A2, Approach (APR),Genève-Cointrin Airport (GVA),Switzerland,51,0, Minor, Repaired,Saab 2000,2,Allison AE2100A,1993,-,-, HB-IZA, 004,Crossair,Int'l Non Scheduled Passenger,LX731,Marseille-Provence Airport,MRS,LFML,France,Genève-Cointrin Airport,GVA,LSGG,Switzerland,4,47,0,0,-,-,Final
19960102-1,Tuesday,02-JAN-1996,-,A2, Landing (LDG),Augsburg Airport (AGB),Germany,5,0, Substantial, Repaired,Cessna 560 Citation Ultra,-,-,1995,-,-, VR-BQB, 560-0301,Jet Aviation,Executive,-,Lugano Airport,LUG,LSZA,Switzerland,München-Augsburg - Mühlhausen Airport,AGB,EDMA,Germany,2,3,0,0,-,-,Final
19960104-0,Thursday,04-JAN-1996,07:45,A2, Landing (LDG),"Miles City Municipal Airport, MT (MLS)",United States of America,5,0, Substantial, Repaired,Beechcraft B100 King Air,2,Garrett TPE331,1978,-,9449.0, N924WS, BE-63,West Star Aviation,Domestic Non Scheduled Passenger,-,Billings Municipal Airport,BIL,KBIL,United States of America,Miles City Municipal Airport,MLS,KMLS,United States of America,2,3,0,0,-,-,Final
19960104-1,Thursday,04-JAN-1996,18:53,A1, Approach (APR),"Spokane International Airport, WA (GEG)",United States of America,2,0, Destroyed, Written off (damaged beyond repair),Convair CV-440F SCD,2,Pratt & Whitney R-2800-CB16,1954,-,8642.0, N358SA, 153,Salair,Ferry/positioning,-,Phoenix-Deer Valley Airport,DVT,KDVT,United States of America,Spokane International Airport,GEG,KGEG,United States of America,2,0,0,0,-,-,Final
19960106-0,Saturday,06-JAN-1996,-,A1, Landing (LDG),Chachapoyas Airport (CHH),Peru,44,0, Damaged beyond repair,-,Antonov An-32B,2,Ivchenko AI-20,-,-,-, OB-1604, 2604,Imperial Air,Scheduled Passenger,-,-,-,-,-,Chachapoyas Airport,CHH,SPPY,Peru,5,39,0,0,-,-,-
19960106-1,Saturday,06-JAN-1996,11:30,A2, Landing (LDG),"Aspen Airport, CO (ASE)",United States of America,2,0, Substantial, Repaired,Learjet 60,2,Pratt & Whitney Canada PW305A,-,-,-, XA-ICA, 60-027,ICA,Executive,-,El Paso International Airport,ELP,KELP,United States of America,Aspen Airport,ASE,KASE,United States of America,2,0,0,0,-,-,Final
19960106-2,Saturday,06-JAN-1996,-,H2, En route (ENR),Tainan Airport (TNN),Taiwan,203,0, None,-,Airbus A321-131,2,IAE V2530-A5,-,-,-, registration unknown,-,TransAsia Airways,Domestic Scheduled Passenger, 529,Taipei-Songshan Airport,TSA,RCSS,Taiwan,Tainan Airport,TNN,RCNN,Taiwan,9,194,0,0,-,-,-
19960107-1,Sunday,07-JAN-1996,16:20,A2, Landing (LDG),"Nashville International Airport, TN (BNA)",United States of America,93,0, Substantial, Repaired,McDonnell Douglas DC-9-32,2,Pratt & Whitney JT8D-9A (HK),1968,-,1776.0, N922VV, 47489/528,ValuJet Airlines,Domestic Scheduled Passenger, 558,Atlanta-William B. Hartsfield International Airport,ATL,KATL,United States of America,Nashville International Airport,BNA,KBNA,United States of America,5,88,0,0,-,-,Final
19960108-0,Monday,08-JAN-1996,12:43,A1, Initial climb (ICL),Kinshasa-N'Dolo Airport (NLO),Democratic Republic of the Congo,6,0, Damaged beyond repair,-,Antonov An-32B,2,Ivchenko AI-20,1988,-,-, RA-26222, 2301,Moscow Airlines,Cargo,-,Kinshasa-N'Dolo Airport,NLO,FZAB,Democratic Republic of the Congo,-,-,-,-,6,0,0,0,-,237,-
19960108-1,Monday,08-JAN-1996,-,A1, En route (ENR),"30 km (18.8 mls) SW off  Bridgetown, Barbados",Atlantic Ocean,10,1, Damaged beyond repair,-,Britten-Norman BN-2A-27 Islander,2,Lycoming O-540-E4C5,1975,-,-, J8-VAK, 436,Mustique Airways,International Scheduled Passenger,-,Union Island Airport,UNI,TVSU,Saint Vincent and the Grenadines,Bridgetown-Grantley Adams International Airport,BGI,TBPB,Barbados,1,9,0,1,-,-,-
19960118-0,Thursday,18-JAN-1996,-,A1, Approach (APR),"7,3 km (4.6 mls) from  Kano-Aminu Kano International Airport (KAN)",Nigeria,14,14, Damaged beyond repair,-,British Aerospace BAe-125-700B,-,-,1984,-,-, 5N-AXO, 257196,Nigerian Government,Official state flight,-,Lagos-Murtala Muhammed International Airport,LOS,DNMM,Nigeria,Kano-Aminu Kano International Airport,KAN,DNKN,Nigeria,4,10,4,10,-,-,-
19960123-0,Tuesday,23-JAN-1996,18:10,A2, Taxi (TXI),"Miami International Airport, FL (MIA)",United States of America,250,0, Substantial, Repaired,Boeing 747-243B,4,General Electric CF6-50E2,1981,-,59875.0, I-DEML, 22511/536,Alitalia,International Scheduled Passenger,AZ631,Miami International Airport,MIA,KMIA,United States of America,Roma-Fiumicino Airport,FCO,LIRF,Italy,19,231,0,0,-,-,Final
19960123-1,Tuesday,23-JAN-1996,18:10,A2, Taxi (TXI),"Miami International Airport, FL (MIA)",United States of America,209,0, Substantial, Repaired,McDonnell Douglas MD-11,3,General Electric CF6-80C2D1F,1990,-,21341.0, PP-SPE, 48412/454,VASP,International Scheduled Passenger,844,São Paulo-Guarulhos International Airport,GRU,SBGR,Brazil,Miami International Airport,MIA,KMIA,United States of America,12,197,0,0,-,-,Final
19960124-0,Wednesday,24-JAN-1996,10:18,A1, Landing (LDG),"Detroit-Metropolitan Wayne County Airport, MI (DTW)",United States of America,8,0, Damaged beyond repair,-,Dassault Falcon 10,2,Garrett TFE731-2-1C,1974,-,9829.0, N191MC, 30,Masco Corporation,Executive,-,Philadelphia-North Philadelphia Airport,PNE,KPNE,United States of America,Flint-Bishop Airport,FNT,KFNT,United States of America,2,6,0,0,-,-,Final
19960124-1,Wednesday,24-JAN-1996,17:28,A2, Landing (LDG),"Buenos Aires-Jorge Newbery Airport, BA (AEP)",Argentina,6,0, Minor, Repaired,IAI 1123 Westwind,2,General Electric CJ610-9,1975,-,2080.0, LV-WJU, 179,Flymell,Ambulance,-,Mar Del Plata Airport,MDQ,SAZM,Argentina,Buenos Aires-Jorge Newbery Airport,AEP,SABE,Argentina,2,4,0,0,-,-,Final
19960125-0,Thursday,25-JAN-1996,21:15,A1, Landing (LDG),"Rincón de Los Sauces Airport, NE (RDS)",Argentina,6,0, Damaged beyond repair,-,Swearingen SA227-AC Metro III,-,-,1981,-,-, LV-AOR, AC-478,TAN,Domestic Scheduled Passenger, 413,Chos Malal-Oscar Reguera Airport,HOS,SAHC,Argentina,Rincón de Los Sauces Airport,RDS,SAHS,Argentina,2,4,0,0,-,-,Final
19960128-2,Sunday,28-JAN-1996,-,A1, Landing (LDG),Harare Airport (HRE),Zimbabwe,5,0, Damaged beyond repair,-,Douglas DC-8-55F,4,Pratt & Whitney JT3D-3B (Q),1965,-,-, Z-WSB, 45805/244,Affretair,Cargo,-,Johannesburg International Airport,JNB,FAJS,South Africa,Harare Airport,HRE,FVHA,Zimbabwe,5,0,0,0,-,-,-
19960129-0,Monday,29-JAN-1996,16:27,A1, En route (ENR),18 km (11.3 mls) NE of Blenheim,New Zealand,6,5, Destroyed, Written off (damaged beyond repair),Cessna 208 Caravan I,1,Pratt & Whitney Canada PT6A-114,1985,-,-, ZK-SFA, 20800051,Soundsair,Domestic Scheduled Passenger,-,Wellington International Airport,WLG,NZWN,New Zealand,Picton-Koromiko Airport,PCN,NZOK,New Zealand,1,5,0,5,-,-,Final
19960199-0,-,xx-JAN-1996,-,U1, Unknown (UNK),Nairobi-Wilson Airport (WIL),Kenya,-,-, Damaged beyond repair,-,Douglas DC-3D,-,-,1946,-,-, 5Y-BIL, 42963,Branton Air Service,Unknown,-,-,-,-,-,-,-,-,-,-,-,-,-,-,-,-
19960204-0,Sunday,04-FEB-1996,14:12,A1, Initial climb (ICL),2 km (1.3 mls) N of Asunción-Silvio Pettirossi International Airport (ASU),Paraguay,4,4, Destroyed, Written off (damaged beyond repair),Douglas DC-8-55F,4,Pratt & Whitney JT3D-3B (Q),1966,20567.0,66326.0, HK-3979X, 45882/282,LAC Colombia,Cargo,027,Asunción-Silvio Pettirossi International Airport,ASU,SGAS,Paraguay,São Paulo/Campinas-Viracopos International Airport,VCP,SBKP,Brazil,3,1,3,1,-,18,Final
19960204-1,Sunday,04-FEB-1996,16:28,A1, Landing (LDG),"Fazenda Matary, MA",Brazil,2,0, Damaged beyond repair,-,Cessna 500 Citation I,-,-,-,-,-, PT-KPA, 500-0181,Táxi Aéreo Weston,Training,-,Imperatriz Airport,IMP,SBIZ,Brazil,-,-,-,-,2,0,0,0,-,-,Final
19960204-2,Sunday,04-FEB-1996,-,A1, Takeoff (TOF),Luremo Airstrip,Angola,5,0, Substantial, Written off (damaged beyond repair),Antonov An-32B,-,-,1992,-,-, UR-48008, 3405,Ukraine Air Alliance,Cargo,-,-,-,-,-,-,-,-,-,4,1,0,0,-,-,-
19960205-0,Monday,05-FEB-1996,09:50,A1, En route (ENR),"ca 1km SE of Saint Johns Municipal Airport, AZ (SJN)",United States of America,4,4, Destroyed, Written off (damaged beyond repair),Convair C-131E (CV-440),2,Pratt & Whitney R-2800-CB16-103 Double Wasp,1956,-,18715.0, N131T, 338,Business Air Connection,Cargo,-,Saint Johns Municipal Airport,SJN,KSJN,United States of America,Brownsville-South Padre Island International Airport,BRO,KBRO,United States of America,2,2,2,2,-,-,Final
19960206-0,Tuesday,06-FEB-1996,23:47,A1, En route (ENR),"26 km (16.3 mls) NE off  Puerto Plata, Dominican Republic",Atlantic Ocean,189,189, Destroyed, Written off (damaged beyond repair),Boeing 757-225,2,Rolls-Royce RB211-535E4,1985,13499.0,29269.0, TC-GEN, 22206/31,Birgenair,Int'l Non Scheduled Passenger,ALW301,Puerto Plata-La Union International Airport,POP,MDPP,Dominican Republic,Gander Airport,YQX,CYQX,Canada,13,176,13,176,-,-,Final
19960206-1,Tuesday,06-FEB-1996,20:20,A1, Approach (APR),near Ensenada Airport (ESE),Mexico,8,8, Damaged beyond repair,-,Cessna 500 Citation I,-,-,1973,-,-, XA-SLQ, 500-0111,Aérotaxi Cachanilla,Executive,-,Tijuana-Rodriguez Airport,TIJ,MMTJ,Mexico,Ensenada Airport,ESE,MMES,Mexico,2,6,2,6,-,-,-
19960209-0,Friday,09-FEB-1996,13:22,A1, En route (ENR),near Kawatana,Japan,2,0, Damaged beyond repair,-,Pilatus Britten-Norman BN-2B-20 Islander,2,Lycoming IO-540-K1B5,1995,-,-, JA5322, 2285,Nagasaki Airways,Ferry/positioning,-,Fukuoka Airport,FUK,RJFF,Japan,Nagasaki Airport,NGS,RJFU,Japan,2,0,0,0,-,-,-
19960212-0,Monday,12-FEB-1996,12:01,A1, Initial climb (ICL),Port-au-Prince-Mais Gate Airport (PAP),Haiti,14,10, Damaged beyond repair,-,GAF Nomad N.24A,-,-,1977,-,-, N224E,  62,Haiti Express Airways,Domestic Scheduled Passenger,-,Port-au-Prince-Mais Gate Airport,PAP,MTPP,Haiti,Cap Haitien Airport,CAP,MTCH,Haiti,2,12,2,8,-,-,-
19960214-0,Wednesday,14-FEB-1996,06:21,A2, Landing (LDG),Bornholm-Rønne Airport (RNN),Denmark,2,0, Substantial, Repaired,Shorts 330-200,-,-,1981,-,-, OY-MUB, SH.3069,Muk Air Taxi,Cargo,-,København-Kastrup Airport,CPH,EKCH,Denmark,Bornholm-Rønne Airport,RNN,EKRN,Denmark,2,0,0,0,-,-,-
19960216-1,Friday,16-FEB-1996,06:56,A1, Approach (APR),"El Zapotal, Cobán, Alta Verapaz",Guatemala,2,2, Damaged beyond repair,-,de Havilland Canada DHC-6 Twin Otter 300,2,Pratt & Whitney Canada PT6A-27,1980,-,5644.0, TG-JAK, 714,AVCOM,Ferry/positioning,-,Guatemala City-La Aurora Airport,GUA,MGGT,Guatemala,-,-,-,-,2,0,2,0,-,-,-
19960219-0,Monday,19-FEB-1996,09:02,A1, Landing (LDG),"Houston-Intercontinental Airport, TX (IAH)",United States of America,87,0, Substantial, Written off (damaged beyond repair),McDonnell Douglas DC-9-32,2,Pratt & Whitney JT8D-9A,1970,58913.0,63132.0, N10556, 47423/581,Continental Air Lines,Domestic Scheduled Passenger,1943,Washington-National Airport,DCA,KDCA,United States of America,Houston-Intercontinental Airport,IAH,KIAH,United States of America,5,82,0,0,-,-,Final
19960219-1,Monday,19-FEB-1996,09:54,A1, Approach (APR),near Freilassing,Germany,10,10, Destroyed, Written off (damaged beyond repair),Cessna 550 Citation II,2,Pratt & Whitney Canada JT15D-4,1987,-,5242.0, D-CASH, 550-0564,Private Wings,Executive,-,Berlin-Tempelhof Airport,THF,EDDI,Germany,Salzburg-W. A. Mozart Airport,SZG,LOWS,Austria,2,8,2,8,-,-,Final
19960222-1,Thursday,22-FEB-1996,13:55,A1, Approach (APR),8 km (5 mls) E of Baia Mare Airport (BAY),Romania,8,8, Damaged beyond repair,-,Antonov An-24RV,2,Ivchenko AI-24VT,1977,5987.0,10437.0, YR-BMK, 77310803,Romanian CAA,"Aerial Work (Calibration, Photo)",-,Bucharest-Baneasa Airport,BBU,LRBS,Romania,Baia Mare Airport,BAY,LRBM,Romania,3,5,3,5,-,2,Final
19960224-0,Saturday,24-FEB-1996,-,A1, Approach (APR),22 km (13.8 mls) NW of Omsk,Russia,10,0, Damaged beyond repair,-,Antonov An-12BP,4,Ivchenko AI-20M,1962,-,-, RA-11403, 401906,Sakha Avia,Cargo,-,Moskva-Domodedovo Airport,DME,UUDD,Russia,Omsk Airport,OMS,UNOO,Russia,7,3,0,0,-,-,-
19960224-1,Saturday,24-FEB-1996,07:43,A1, En route (ENR),near Bulwer,South Africa,11,0, Damaged beyond repair,-,Cessna 208 Caravan I,1,Pratt & Whitney Canada PT6A-114,1989,-,-, 3010, 20800160,South African AF,Military,-,Margate Airport,MGH,FAMG,South Africa,-,-,-,-,2,9,0,0,-,-,-
19960225-0,Sunday,25-FEB-1996,-,A1, Landing (LDG),Ban Lung-Ratanakiri Airport (RBE),Cambodia,42,0, Damaged beyond repair,-,Antonov An-24RV,2,Ivchenko AI-24VT,1971,-,-, XU-314, 17307001,Kampuchea Airlines,Military,-,-,-,-,-,Ban Lung-Ratanakiri Airport,RBE,VDRK,Cambodia,6,36,0,0,-,-,-
19960226-0,Monday,26-FEB-1996,18:55,A1, En route (ENR),near Jabal Awliya,Sudan,91,91, Damaged beyond repair,-,Lockheed C-130H Hercules,-,-,-,-,-, registration unknown,-,Sudan AF,Military,-,El Obeid Airport,EBD,HSOB,Sudan,Khartoum-Civil Airport,KRT,HSSS,Sudan,5,86,5,86,-,-,-
19960227-0,Tuesday,27-FEB-1996,-,A2, Landing (LDG),Palangkaraya-Tjilik Riwut Airport (PKY),Indonesia,2,0, Minor, Repaired,Fokker F-27 Friendship 600,-,-,1969,-,-, PK-JFH, 10396,Sempati Air,Unknown,-,-,-,-,-,Palangkaraya-Tjilik Riwut Airport,PKY,WAOP,Indonesia,2,0,0,0,-,-,Preliminary - official
19960227-1,Tuesday,27-FEB-1996,05:40,A1, Approach (APR),35 km (21.9 mls) from  Lukapa,Angola,8,8, Damaged beyond repair,-,Antonov An-12BP,4,Ivchenko AI-20M,1965,-,-, ER-ACE, 402812,Aero Tropical,Cargo,-,Luanda-4 de Fevereiro Airport,LAD,FNLU,Angola,Lukapa Airport,LBZ,FNLK,Angola,5,3,5,3,-,-,-
19960229-0,Thursday,29-FEB-1996,20:25,A1, Approach (APR),"6,3 km (3.9 mls) W of Arequipa-Rodriguez Ballon Airport (AQP)",Peru,123,123, Destroyed, Written off (damaged beyond repair),Boeing 737-222,2,Pratt & Whitney JT8D-9A,1968,-,-, OB-1451, 19072/86,Faucett,Domestic Scheduled Passenger,CF251,Lima-Jorge Chávez International Airport,LIM,SPIM,Peru,Arequipa-Rodríguez Ballón Airport,AQP,SPQU,Peru,6,117,6,117,-,-,Preliminary
19960302-0,Saturday,02-MAR-1996,23:16,A1, Approach (APR),"11 km (6.9 mls) ENE of São Paulo-Guarulhos International Airport, SP (GRU)",Brazil,9,9, Damaged beyond repair,-,Learjet 25D,-,-,1978,-,-, PT-LSD, 25-243,Madrid Táxi Aéreo,Domestic Non Scheduled Passenger,-,Brasília-Presidente Juscelino Kubitschek International Airport,BSB,SBBR,Brazil,São Paulo-Guarulhos International Airport,GRU,SBGR,Brazil,2,7,2,7,-,-,Final
19960304-0,Monday,04-MAR-1996,11:00,A2, Landing (LDG),Aarhus-Tirstrup Airport (AAR),Denmark,3,0, Substantial, Repaired,Swearingen SA-226TC Metro II,-,-,1980,-,-, OY-BJT, TC-371,Jetair,Training,-,Roskilde Airport,RKE,EKRK,Denmark,Roskilde Airport,RKE,EKRK,Denmark,2,1,0,0,-,-,-
19960308-0,Friday,08-MAR-1996,-,H2, En route (ENR),München-Franz Josef Strauss Airport (MUC),Germany,109,0, None,-,Boeing 727,-,-,-,-,-, registration unknown,-,Kibris THY,Domestic Scheduled Passenger, 007,Ercan Airport,ECN,LCEN,Turkey,Istanbul-Atatürk International Airport,IST,LTBA,Turkey,-,-,0,0,-,-,-
19960308-1,Friday,08-MAR-1996,19:42,A2, Landing (LDG),"Halifax International Airport, NS (YHZ)",Canada,100,0, Substantial, Repaired,Boeing 767-375ER,2,General Electric CF6-80C2B6F,1990,-,25213.0, C-FOCA, 24575/311,Canadian Airlines,Int'l Non Scheduled Passenger,48,Toronto-Pearson International Airport,YYZ,CYYZ,Canada,Halifax International Airport,YHZ,CYHZ,Canada,9,91,0,0,-,-,-
19960309-1,Saturday,09-MAR-1996,-,A1, En route (ENR),near Bagua,Peru,3,3, Missing, Presumed damaged beyond repair,de Havilland Canada DHC-6 Twin Otter 200,2,Pratt & Whitney Canada PT6A-20,1968,-,-, N245GW, 129,Carson Helicopters,Survey/research,-,-,-,-,-,-,-,-,-,2,1,2,1,-,-,-
19960310-0,Sunday,10-MAR-1996,-,H2, En route (ENR),Zhuhai Airport (ZUH),China,149,0, None,-,Boeing 737-4Q8,2,CFMI CFM56-3C1,1990,-,-, B-2960, 24332/1866,Hainan Airlines,Domestic Scheduled Passenger,-,Yiwu Airport,YIW,ZSYW,China,Haikou Airport,HAK,ZGHK,China,-,-,0,0,-,-,-
19960310-1,Sunday,10-MAR-1996,-,A2, Landing (LDG),Soroako Airport (SQR),Indonesia,8,0, Substantial, Repaired,CASA/Nurtanio NC-212-CC4 Aviocar 200,2,Garrett TPE331-10R-511C,1985,-,-, PK-NCU, 254/74N,Merpati Nusantara,Domestic Scheduled Passenger,-,-,-,-,-,Soroako Airport,SQR,WAWS,Indonesia,3,5,0,0,-,-,Preliminary - official
19960311-1,Monday,11-MAR-1996,-,A1, Initial climb (ICL),El Obeid Airport (EBD),Sudan,16,0, Damaged beyond repair,-,Antonov An-26,-,-,-,-,-, ST-FAR, 4806,Farnas Aviation Services,Cargo,-,El Obeid Airport,EBD,HSOB,Sudan,Wau Airport,WUG,AYWU,Papua New Guinea,6,10,0,0,-,-,-
19960317-0,Sunday,17-MAR-1996,12:12,A1, En route (ENR),near Njarðvík,Iceland,1,0, Damaged beyond repair,-,IRMA/Pilatus Britten-Norman BN-2A-21 Islander,-,-,1981,-,-, N904WA, 904,Wagner Foundation,Ferry/positioning,-,Reykjavík Domestic Airport,RKV,BIRK,Iceland,Narsarsuaq Airport,UAK,BGBW,Greenland,1,0,0,0,-,-,-
19960320-0,Wednesday,20-MAR-1996,-,C1, Unknown (UNK),Kuli Papa,South Sudan,-,-, Damaged beyond repair,-,Antonov An-26,-,-,-,-,-, registration unknown,-,Sudan AF,Military,-,-,-,-,-,-,-,-,-,-,-,-,-,-,-,-
19960324-0,Sunday,24-MAR-1996,21:35,A1, Landing (LDG),Belfast International Airport (BFS),United Kingdom,2,0, Damaged beyond repair,-,Vickers 808C Viscount,-,-,1958,-,-, G-OPFE, 291,British World,Training,-,Belfast International Airport,BFS,EGAA,United Kingdom,Belfast International Airport,BFS,EGAA,United Kingdom,2,0,0,0,-,-,Final
19960324-1,Sunday,24-MAR-1996,-,H2, En route (ENR),Asmara International Airport (ASM),Eritrea,47,0, None,-,unknown,-,-,-,-,-, registration unknown,-,Sudan Airways,Domestic Scheduled Passenger,-,Khartoum-Civil Airport,KRT,HSSS,Sudan,Port Sudan Airport,PZU,HSSP,Sudan,-,-,0,0,-,-,-
19960326-0,Tuesday,26-MAR-1996,-,A2, Takeoff (TOF),at an unknown location,Iran,178,0, Substantial, Repaired,Tupolev Tu-154M,3,Soloviev D-30KU-154-II,1993,-,-, EP-ITS, 90A859,Iran Airtour,Passenger,-,-,-,-,-,-,-,-,-,8,170,0,0,-,-,Preliminary
19960326-1,Tuesday,26-MAR-1996,-,A2, Landing (LDG),Datadawai Airport (DTD),Indonesia,6,0, Substantial,-,Pilatus Britten-Norman BN-2A-21 Islander,-,-,1981,-,-, PK-VIW, 2026,Dirgantara Air Services,Domestic Scheduled Passenger,-,-,-,-,-,Datadawai Airport,DTD,WALJ,Indonesia,1,5,0,0,-,-,Preliminary - official
19960327-0,Wednesday,27-MAR-1996,-,H2, En route (ENR),Derna-Martuba Airport (DNF),Libya,152,0, None,-,Airbus A320-231,2,IAE V2500-A1,-,-,-, registration unknown,-,EgyptAir,Domestic Scheduled Passenger,MS104,Luxor Airport,LXR,HELX,Egypt,Cairo International Airport,CAI,HECA,Egypt,7,145,0,0,-,-,-
19960330-0,Saturday,30-MAR-1996,08:35,A1, En route (ENR),near Villavicencio,Colombia,20,0, Damaged beyond repair,-,Douglas C-47B-20-DK (DC-3),2,Pratt & Whitney R-1830-92,1945,-,-, HK-2497, 27079/15634,LANC Colombia,Domestic Scheduled Passenger,-,Villavicencio-La Vanguardia Airport,VVC,SKVV,Colombia,-,-,-,-,2,18,0,0,-,-,Final
19960331-0,Sunday,31-MAR-1996,17:30,A2, Takeoff (TOF),"Salt Lake City International Airport, UT (SLC)",United States of America,7,0, Substantial, Repaired,Cessna 500 Citation I,-,-,1974,-,6714.0, N727TK, 500-0141,TKA Express,Executive,-,Salt Lake City International Airport,SLC,KSLC,United States of America,Visalia Airport,VIS,KVIS,United States of America,2,5,0,0,-,-,Final
19960402-0,Tuesday,02-APR-1996,19:19,A2, Takeoff (TOF),Manila International Airport (MNL),Philippines,-,0, Substantial, Repaired,Boeing 737-3Y0,2,CFMI CFM56-3B1,1989,-,-, EI-BZF, 24465/1755,Philippine Air Lines,Domestic Scheduled Passenger,1370,Manila Airport,MNL,RPLL,Philippines,Bacolod Airport,BCD,RPVB,Philippines,-,147,0,0,-,-,-
19960402-1,Tuesday,02-APR-1996,19:19,A1, Taxi (TXI),Manila International Airport (MNL),Philippines,2,0, Damaged beyond repair,-,de Havilland Canada DHC-6 Twin Otter 200,2,Pratt & Whitney Canada PT6A-20,1968,-,-, RP-C1154, 177,Pacific Airways,-,-,-,-,-,-,-,-,-,-,2,0,0,0,-,-,-
19960402-2,Tuesday,02-APR-1996,17:35,A2, Landing (LDG),"Nain Airport, NL (YDP)",Canada,1,0, Substantial, Repaired,Cessna 208B Grand Caravan,-,-,1992,-,-, C-FLAQ, 208B0306,Labrador Airways,Domestic Scheduled Passenger,-,Goose Bay Airport,YYR,CYYR,Canada,Nain Airport,YDP,CYDP,Canada,1,0,0,0,-,-,-
19960403-0,Wednesday,03-APR-1996,14:57,A1, Approach (APR),3 km (1.9 mls) N of Dubrovnik Airport (DBV),Croatia,35,35, Destroyed, Written off (damaged beyond repair),Boeing T-43A (737-200),2,Pratt & Whitney JT8D-9A,1974,-,-, 73-1149, 20696/347,USAF,Military,IFO21,Tuzla International Airport,TZL,LQTZ,Bosnia and Herzegovina,Dubrovnik Airport,DBV,LDDU,Croatia,6,29,6,29,-,-,Final
19960404-0,Thursday,04-APR-1996,-,H2, En route (ENR),Barisal Airport (BZL),Bangladesh,-,0, None,-,British Aerospace ATP,2,Pratt & Whitney Canada PW126,-,-,-, registration unknown,-,Biman Bangladesh,Domestic Scheduled Passenger,-,Dhaka-Zia International Airport,DAC,VGZR,Bangladesh,Barisal Airport,BZL,VGBR,Bangladesh,-,-,0,0,-,-,-
19960405-0,Friday,05-APR-1996,14:44,A1, En route (ENR),40 km (25 mls) from  Petropavlovsk-Kamchatsky,Russia,20,20, Destroyed, Written off (damaged beyond repair),Ilyushin Il-76TD,-,-,1989,2085.0,7172.0, RA-76752, 0093498967,Krasnoyarskie Avialinii,Cargo,-,-,-,-,-,Petropavlovsk-Kamchatsky Airport,PKC,UHPP,Russia,9,11,9,11,-,-,-
19960405-1,Friday,05-APR-1996,16:25,A1, Approach (APR),"1,6 km (1 mls) off  Matsu Airport (MFK)",Taiwan,17,6, Damaged beyond repair,-,Dornier 228-212,-,-,1993,-,-, B-12257, 8223,Formosa Airlines,Domestic Scheduled Passenger,7613,Taipei-Songshan Airport,TSA,RCSS,Taiwan,Matsu Airport,MFK,RCMT,Taiwan,2,15,0,6,-,-,-
19960405-2,Friday,05-APR-1996,-,A1, Unknown (UNK),off Nouadhibou,Mauritania,9,8, Damaged beyond repair,-,Xian Yunshuji Y-7H,-,-,-,-,-, 5T-MAF, 13702,Mauritanian AF,Military,-,Nouadhibou Airport,NDB,GQPP,Mauritania,Nouakchott Airport,NKC,GQNN,Mauritania,2,7,2,6,-,-,-
19960407-0,Sunday,07-APR-1996,06:00,A1, Takeoff (TOF),Virgin Gorda Airport (VIJ),British Virgin Islands,11,0, Damaged beyond repair,-,de Havilland Canada DHC-6 Vista Liner 300,-,-,1978,-,-, N143SA, 591,Dolphin Express Airlines,Domestic Scheduled Passenger,-,Virgin Gorda Airport,VIJ,TUPW,British Virgin Islands,Saint Croix-Alexander Hamilton Airport,STX,TISX,U.S. Virgin Islands,2,9,0,0,-,-,-
19960407-1,Sunday,07-APR-1996,21:38,A1, En route (ENR),"Currumbin, QLD",Australia,10,0, Damaged beyond repair,-,Britten-Norman BN-2A-21 Islander,2,Lycoming IO-540-K1B5,1974,-,-, VH-HIA, 415,Island Air Gold Coast,Domestic Non Scheduled Passenger,-,Moreton Airport,MET,YMOT,Australia,Coolangatta Airport,OOL,YBCG,Australia,1,9,0,0,-,-,-
19960412-0,Friday,12-APR-1996,19:35,A2, Takeoff (TOF),"Comodoro Rivadavia Airport, CB (CRD)",Argentina,2,0, Minor, Repaired,Swearingen SA226-TC Metro II,2,Garrett TPE331-10-511C,1979,-,-, LV-WNY, TC-313,Alas del Sur,Cargo,-,Comodoro Rivadavia Airport,CRD,SAVC,Argentina,Trelew Airport,REL,SAVT,Argentina,2,0,0,0,-,-,Final
19960414-0,Sunday,14-APR-1996,18:38,A2, Landing (LDG),"Kuujjuarapik Airport, QC (YGW)",Canada,1,0, Substantial, Repaired,de Havilland Canada DHC-3 Otter,-,-,1960,-,-, C-FVVY, 410,Propair,Domestic Non Scheduled Passenger,-,-,-,-,-,Kuujjuarapik Airport,YGW,CYGW,Canada,1,0,0,0,-,-,-
19960416-0,Tuesday,16-APR-1996,-,A2, Landing (LDG),Kupang-El Tari Airport (KOE),Indonesia,29,0, Substantial, Repaired,Fokker F-27 Friendship 500,-,-,1982,-,-, PK-MFW, 10626,Merpati Nusantara,Domestic Scheduled Passenger,-,Kupang-El Tari Airport,KOE,WATT,Indonesia,Maumere-Waioti Airport,MOF,WATC,Indonesia,5,24,0,0,-,-,Preliminary - official
19960419-0,Friday,19-APR-1996,06:37,A2, Taxi (TXI),"Bankstown Airport, NSW (BWU)",Australia,2,0, Substantial, Repaired,Swearingen SA226-TC Metro II,-,-,1979,-,-, VH-UUK, TC-326,Jetcraft Aviation,Cargo,-,Bankstown Airport,BWU,YSBK,Australia,Cootamundra Airport,CMD,YCTM,Australia,2,0,0,0,-,-,Final
19960420-0,Saturday,20-APR-1996,-,A1, Unknown (UNK),near Anadyrsky Liman,Russia,-,-, Damaged beyond repair,-,Antonov An-2TP,-,-,-,-,-, RA-33631, 1G233-15,Cherskoye Aviation Enterprise,Unknown,-,-,-,-,-,-,-,-,-,-,-,-,-,-,-,-
19960423-0,Tuesday,23-APR-1996,-,A1, Takeoff (TOF),"Zhuravka, Verhnemamonsky district",Russia,2,0, Damaged beyond repair,-,Antonov An-2R,-,-,1981,-,-, RA-84646, 1G191-24,Voronezh Avia,Agricultural,-,-,-,-,-,-,-,-,-,2,0,0,0,-,-,-
19960424-0,Wednesday,24-APR-1996,11:45,A1, Takeoff (TOF),Davao-Mati Airport (DVO),Philippines,8,0, Damaged beyond repair,-,Dassault Falcon 20F,-,-,1979,-,-, RP-C1980, 400,Bangko Sentral Ng Pilipinas,Executive,-,Davao-Mati Airport,DVO,RPMD,Philippines,Manila International Airport,MNL,RPLL,Philippines,2,6,0,0,-,-,-
19960424-1,Wednesday,24-APR-1996,05:00,A1, Approach (APR),"Palapala hills, Morogoro",Tanzania,1,1, Destroyed, Written off (damaged beyond repair),Reims Cessna F406 Caravan II,2,Pratt & Whitney Canada PT6A-112,1988,-,-, 5H-TZD, F406-0029,Tanzanair,Ferry/positioning,-,Dar es Salaam International Airport,DAR,HTDA,Tanzania,-,-,-,-,1,0,1,0,-,-,Final
19960425-1,Thursday,25-APR-1996,11:58,A1, Landing (LDG),Meghauli Airport (MEY),Nepal,31,0, Damaged beyond repair,-,British Aerospace BAe-748-352 Srs. 2B SCD,-,-,1979,-,-, 9N-ABR, 1771,Royal Nepal Airlines,Domestic Scheduled Passenger, 155,Kathmandu-Tribhuvan Airport,KTM,VNKT,Nepal,Meghauli Airport,MEY,VNMG,Nepal,4,27,0,0,-,-,-
19960430-0,Tuesday,30-APR-1996,-,A1, Unknown (UNK),Preah Vihear province,Cambodia,2,0, Damaged beyond repair,-,Britten-Norman BN-2A-21 Defender,-,-,1974,-,-, XU-MLB, 414,Royal Cambodian Air Force,Military,-,Battambang Airport,BBM,VDBG,Cambodia,-,-,-,-,-,-,0,0,-,-,-
19960501-0,Wednesday,01-MAY-1996,21:40,A2, Takeoff (TOF),"Albuquerque International Airport, NM (ABQ)",United States of America,5,0, Substantial, Repaired,Rockwell Sabreliner 75A,2,General Electric CF700,1974,-,10758.0, N773W, 380-20,U.S. Department of Agriculture,Unknown,-,Albuquerque International Airport,ABQ,KABQ,United States of America,Santa Fe Airport,SAF,KSAF,United States of America,2,3,0,0,-,-,Final
19960501-2,Wednesday,01-MAY-1996,16:56,A1, Takeoff (TOF),Quito-Mariscal Sucre Airport (UIO),Ecuador,90,0, Damaged beyond repair,-,Boeing 727-2B6,3,Pratt & Whitney JT8D-15,1976,-,-, PP-LBY, 21297/1236,Fly Linhas Aéreas,Domestic Non Scheduled Passenger,-,Quito-Mariscal Sucre Airport,UIO,SEQU,Ecuador,Guayaquil-Simon Bolivar Airport,GYE,SEGU,Ecuador,11,79,0,0,-,-,-
19960503-0,Friday,03-MAY-1996,-,A1, Landing (LDG),near Haj Yousif,Sudan,53,53, Damaged beyond repair,-,Antonov An-24RV,2,Ivchenko AI-24VT,1972,-,-, ST-FAG, 27307909,Federal Airlines,Domestic Scheduled Passenger,-,Wadi Halfa Airport,WHF,HSSW,Sudan,Khartoum-Civil Airport,KRT,HSSS,Sudan,6,47,6,47,-,-,-
19960503-3,Friday,03-MAY-1996,16:30,A1, Landing (LDG),"St. George Island Airport, AK (STG)",United States of America,13,0, Substantial, Written off (damaged beyond repair),Swearingen SA227-AC Metro III,2,Garrett TPE331-11U-612G,1985,-,1776.0, N670PA, AC-613B,PenAir,Domestic Scheduled Passenger, 661,Saint Paul Island Airport,SNP,PASN,United States of America,St. George Island Airport,STG,PAPB,United States of America,2,11,0,0,-,-,Final
19960505-0,Sunday,05-MAY-1996,14:00,A1, Landing (LDG),"Kenty Lake, QC",Canada,3,0, Damaged beyond repair,-,Douglas DC-3C,-,-,1945,-,-, C-GCZG, 34385/17118,Aviation Boreal,Cargo,-,-,-,-,-,-,-,-,-,2,1,0,0,-,-,Preliminary - official
19960509-0,Thursday,09-MAY-1996,-,A1, En route (ENR),"55 km (34.4 mls) E of Terrace, BC",Canada,2,2, Damaged beyond repair,-,de Havilland Canada DHC-3 Otter,-,-,1957,-,-, C-GDOB, 194,Buffalo Narrows Airways,Ferry/positioning,-,Dawson Creek Airport,YDQ,CYDQ,Canada,Buffalo Narrows Airport,YVT,CYVT,Canada,2,0,2,0,-,-,Final
19960510-1,Friday,10-MAY-1996,-,A1, Approach (APR),Santa Maria de Otaez,Mexico,19,17, Damaged beyond repair,-,de Havilland Canada DHC-6 Twin Otter 200,2,Pratt & Whitney Canada PT6A-20,1968,-,-, XA-SWJ, 126,Aero Servicios Empresariales,Domestic Non Scheduled Passenger,-,Durango-Guadalupe Victoria Airport,DGO,MMDO,Mexico,-,-,-,-,2,17,2,15,-,-,-
19960511-0,Saturday,11-MAY-1996,14:13,A1, En route (ENR),"Everglades, FL",United States of America,110,110, Destroyed, Written off (damaged beyond repair),McDonnell Douglas DC-9-32,2,Pratt & Whitney JT8D-9A,1969,80663.0,68395.0, N904VJ, 47377/496,ValuJet Airlines,Domestic Scheduled Passenger, 592,Miami International Airport,MIA,KMIA,United States of America,Atlanta-William B. Hartsfield International Airport,ATL,KATL,United States of America,5,105,5,105,-,-,Final
19960511-1,Saturday,11-MAY-1996,-,A1, Unknown (UNK),near Andoas,Peru,-,-, Damaged beyond repair,-,Antonov An-32B,-,-,1991,-,-, FAP-326, 2906,Peruvian AF,Military,-,-,-,-,-,-,-,-,-,-,-,-,-,-,-,-
19960511-2,Saturday,11-MAY-1996,13:15,A1, En route (ENR),near Umba,Papua New Guinea,10,1, Damaged beyond repair,-,Britten-Norman BN-2A-20 Islander,-,-,1977,-,-, P2-ISD, 582,Milne Bay Air,Domestic Scheduled Passenger,-,-,-,-,-,Marawaka Airport,MWG,AYMW,Papua New Guinea,1,9,0,1,-,-,-
19960512-0,Sunday,12-MAY-1996,16:30,A1, En route (ENR),35 km (21.9 mls) NE of Linz,Austria,4,4, Damaged beyond repair,-,Beechcraft 300LW Super King Air,-,-,1990,-,-, OE-FEM, FA-210,Airlink,Domestic Non Scheduled Passenger,-,Salzburg-W. A. Mozart Airport,SZG,LOWS,Austria,-,-,-,-,2,2,2,2,-,-,-
19960514-0,Tuesday,14-MAY-1996,-,A1, Landing (LDG),Tampico-Gen F Javier Mina Airport (TAM),Mexico,46,0, Damaged beyond repair,-,Douglas DC-9-15,2,Pratt & Whitney JT8D-7A,1965,-,-, XA-SNR, 45699/8,Allegro Airlines,Int'l Non Scheduled Passenger, 401,Orlando International Airport,MCO,KMCO,United States of America,Cancún Airport,CUN,MMUN,Mexico,4,42,0,0,-,-,-
19960515-0,Wednesday,15-MAY-1996,-,A1, Landing (LDG),"Tandil Airport, BA (TDL)",Argentina,-,0, Damaged beyond repair,-,Lockheed C-130H Hercules,-,-,1975,-,-, TC-67, 4576,Argentine AF,Military,-,-,-,-,-,Tandil Airport,TDL,SAZT,Argentina,-,-,0,0,-,-,-
19960515-1,Wednesday,15-MAY-1996,01:30,A1, Takeoff (TOF),Treasure Cay Airport (TCB),Bahamas,2,2, Damaged beyond repair,-,Beechcraft 200 Super King Air,-,-,1983,-,-, N1865D, BB-1119,R & B Leasing,Illegal Flight,-,Treasure Cay Airport,TCB,MYAT,Bahamas,-,-,-,-,2,0,2,0,-,-,-
19960515-2,Wednesday,15-MAY-1996,13:48,A2, Landing (LDG),Tokyo-Haneda Airport (HND),Japan,150,0, Substantial, Repaired,Airbus A300B4-622R,2,Pratt & Whitney PW4158,1991,-,7568.0, JA8377, 621,Japan Air System,Domestic Scheduled Passenger,354,Kumamoto Airport,KMJ,RJFT,Japan,Tokyo-Haneda Airport,HND,RJTT,Japan,9,141,0,0,-,-,Final
19960517-0,Friday,17-MAY-1996,-,O1, Standing (STD),Istanbul-Atatürk Airport (IST),Turkey,-,0, Damaged beyond repair,-,Airbus A300B4-203,2,General Electric CF6-50C2,1981,-,-, TC-ALP, 153,Air Alfa,-,-,-,-,-,-,-,-,-,-,-,-,0,0,-,-,-
19960517-1,Friday,17-MAY-1996,08:15,A2, Landing (LDG),"Fargo-Hector Field, ND (FAR)",United States of America,2,0, Substantial, Repaired,Swearingen SA226-TC Metro II,2,Garrett TPE331-10UA,1979,-,27839.0, N229AM, TC-305,Airvantage,Cargo, 421,Minneapolis-St. Paul International Airport,MSP,KMSP,United States of America,Fargo-Hector Field,FAR,KFAR,United States of America,2,0,0,0,-,-,Final
19960517-2,Friday,17-MAY-1996,15:58,A2, En route (ENR),"near Broome, WA",Australia,17,0, Substantial, Repaired,de Havilland Canada DHC-8-103,-,-,1990,-,-, VH-JSI, 229,National Jet Systems,Domestic Scheduled Passenger,  55,Kununurra Airport,KNX,YPKU,Australia,Broome Airport,BME,YBRM,Australia,3,14,0,0,-,-,Final
19960518-1,Saturday,18-MAY-1996,07:38,A1, Landing (LDG),Kanpur Airport (KNU),India,19,0, Damaged beyond repair,-,Let L-410UVP-E9D,2,Walter M-601E,1993,-,-, VT-ETB, 932702,Archana Airways,Domestic Scheduled Passenger,-,Delhi-Indira Gandhi International Airport,DEL,VIDP,India,Kanpur Airport,KNU,VIKA,India,3,16,0,0,-,-,Final
19960519-0,Sunday,19-MAY-1996,-,A1, Takeoff (TOF),"Caravelas Airport, BA (CRQ)",Brazil,4,4, Damaged beyond repair,-,Embraer C-95A Bandeirante (EMB-110K1),-,-,1978,-,-, 2295, 110177,Brazilian AF,Military,-,Caravelas Airport,CRQ,SBCV,Brazil,-,-,-,-,4,0,4,0,-,-,Preliminary
19960519-1,Sunday,19-MAY-1996,23:36,A1, Approach (APR),"1,5 km (0.9 mls) S of Lerwick/Tingwall Airport, Shetland Islands (LWK)",United Kingdom,3,1, Damaged beyond repair,-,Britten-Norman BN-2A-26 Islander,2,Lycoming O-540-E4C5,1976,39900.0,14700.0, G-BEDZ, 544,Loganair,Ferry/positioning,-,Inverness Airport,INV,EGPE,United Kingdom,Lerwick/Tingwall Airport,LWK,EGET,United Kingdom,1,2,1,0,-,-,Final
19960528-2,Tuesday,28-MAY-1996,17:54,A2, Taxi (TXI),Leipzig Airport (LEJ),Germany,13,0, Substantial, Repaired,Tupolev Tu-154M,-,-,1990,-,-, LZ-MIR, 90A852,Varna International Airways,Int'l Non Scheduled Passenger,-,Sofia-Vrazhdebna Airport,SOF,LBSF,Bulgaria,Leipzig Airport,LEJ,EDDP,Germany,3,10,0,0,-,-,-
19960529-0,Wednesday,29-MAY-1996,-,A1, Landing (LDG),Holitipu Airstrip,Guyana,-,0, Damaged beyond repair,-,Britten-Norman BN-2A-27 Islander,2,Lycoming O-540-E4C5,1969,-,-, 8R-GHG, 116,Trans Guyana Airways,Unknown,-,-,-,-,-,-,-,-,-,-,-,0,0,-,-,-
19960601-0,Saturday,01-JUN-1996,-,O1, Standing (STD),Ping Tung Air Base,Taiwan,0,0, Damaged beyond repair,-,Fairchild RC-119L Flying Boxcar,-,-,-,-,-, 3181, 11192,Republic of China AF,Military,-,-,-,-,-,-,-,-,-,0,0,0,0,-,-,-
19961106-1,Wednesday,06-NOV-1996,15:19,A2, Landing (LDG),"Buenos Aires/Ezeiza-Ministro Pistarini Airport, BA (EZE)",Argentina,-,0, Minor, Repaired,McDonnell Douglas MD-11,3,Pratt & Whitney PW4466,1993,-,-, N271WA, 48518/525,Malaysia Airlines,International Scheduled Passenger,MH201,Cape Town International Airport,CPT,FACT,South Africa,Buenos Aires/Ezeiza-Ministro Pistarini Airport,EZE,SAEZ,Argentina,-,285,0,0,-,-,Final
19961107-0,Thursday,07-NOV-1996,17:03,A1, Approach (APR),near Ejirin,Nigeria,144,144, Destroyed, Written off (damaged beyond repair),Boeing 727-231,3,Pratt & Whitney JT8D-9A,1969,-,-, 5N-BBG, 20054/718,ADC Airlines,Domestic Scheduled Passenger, 086,Port Harcourt Airport,PHC,DNPO,Nigeria,Lagos-Murtala Muhammed International Airport,LOS,DNMM,Nigeria,10,134,10,134,-,-,Final
19961112-0,Tuesday,12-NOV-1996,18:40,A1, En route (ENR),5 km (3.1 mls) from  Charki Dadri,India,312,312, Destroyed, Written off (damaged beyond repair),Boeing 747-168B,4,Rolls-Royce RB211-524C2,1982,-,-, HZ-AIH, 22748/555,Saudi Arabian,International Scheduled Passenger,SV763,Delhi-Indira Gandhi International Airport,DEL,VIDP,India,Dhahran International Airport,DHA,OEDR,Saudi Arabia,23,289,23,289,37,-,Final
19961112-1,Tuesday,12-NOV-1996,18:40,A1, En route (ENR),5 km (3.1 mls) from  Charkhi Dadri,India,37,37, Destroyed, Written off (damaged beyond repair),Ilyushin Il-76TD,-,-,1992,-,2643.0, UN-76435, 1023413428,Kazakhstan Airlines,Cargo,1907,Shymkent Airport,CIT,UAII,Kazakhstan,Delhi-Indira Gandhi International Airport,DEL,VIDP,India,10,27,10,27,312,-,Final
19961114-0,Thursday,14-NOV-1996,13:02,A1, Initial climb (ICL),Most Pyssa,Russia,15,14, Damaged beyond repair,-,Antonov An-2T,-,-,1986,-,-, RA-40309, 1G221-39,Komi Avia,Domestic Scheduled Passenger,-,-,-,-,-,-,-,-,-,2,13,1,13,-,-,-
19961115-0,Friday,15-NOV-1996,-,H2, En route (ENR),Xiamen Airport (XMN),China,171,0, Unknown,-,Boeing 757-25C,2,Rolls-Royce RB211-535E4,-,-,-, registration unknown,-,Xiamen Airlines,Domestic Scheduled Passenger,8306,Guangzhou-Baiyun Airport,CAN,ZGGG,China,Xiamen Airport,XMN,ZSAM,China,-,-,0,0,-,-,-
19961116-0,Saturday,16-NOV-1996,-,A1, Taxi (TXI),Da Nang Airport (DAD),Vietnam,-,0, Damaged beyond repair,-,Tupolev Tu-134B-3,-,-,1984,-,-, VN-A114, 66220,Vietnam Airlines,Unknown,-,-,-,-,-,-,-,-,-,-,-,0,0,-,-,Preliminary
19961116-1,Saturday,16-NOV-1996,07:37,A1, Landing (LDG),Naga Airport (WNP),Philippines,36,0, Damaged beyond repair,-,NAMC YS-11-109,-,-,1967,-,-, RP-C1981, 2032,Air Philippines,Domestic Scheduled Passenger,-,-,-,-,-,Naga Airport,WNP,RPUN,Philippines,5,31,0,0,-,-,-
19961117-0,Sunday,17-NOV-1996,17:00,A1, En route (ENR),"Caruaru, PE",Brazil,9,9, Damaged beyond repair,-,Embraer P-95B Bandeirulha (EMB-111),-,-,1989,-,-, 7102, 110487,Brazilian AF,Military,-,Salvador-Dois de Julho International Airport,SSA,SBSV,Brazil,Natal-Augusto Severo International Airport,NAT,SBNT,Brazil,2,7,2,7,-,-,-
19961118-0,Monday,18-NOV-1996,13:35,A1, Approach (APR),"3 km (1.9 mls) SE of Richmond RAAF Base, NSW",Australia,-,0, Substantial, Written off (damaged beyond repair),Lockheed PV-1 Ventura,-,-,1943,-,-, VH-SFF, 5378,RAAF Museum,Demonstration,-,-,-,-,-,-,-,-,-,-,-,0,0,-,-,Final
19961119-0,Tuesday,19-NOV-1996,17:01,A1, Landing (LDG),"Quincy Municipal Airport, IL (UIN)",United States of America,12,12, Destroyed, Written off (damaged beyond repair),Beechcraft 1900C-1,2,Pratt & Whitney Canada PT6A-65B,1989,-,18446.0, N87GL, UC- 87,United Express,Domestic Scheduled Passenger,5925,Burlington Airport,BRL,KBRL,United States of America,Quincy Municipal Airport,UIN,KUIN,United States of America,2,10,2,10,2,-,Final
19961119-1,Tuesday,19-NOV-1996,13:20,O1, Standing (STD),"Toronto-Pearson International Airport, ON (YYZ)",Canada,0,0, Damaged beyond repair,-,Grumman G-159 Gulfstream I,-,-,1965,-,-, C-GPTA, 162,Airwave,-,-,-,-,-,-,-,-,-,-,0,0,0,0,-,-,Preliminary - official
19961122-0,Friday,22-NOV-1996,13:06,A1, Taxi (TXI),Baykit,Russia,26,0, Damaged beyond repair,-,Antonov An-32A,2,Ivchenko AI-20,-,-,-, RA-48104, 1602,Turin Flight Enterprise,Non Scheduled Passenger,-,-,-,-,-,-,-,-,-,5,21,0,0,-,-,-
19961122-1,Friday,22-NOV-1996,19:30,A1, En route (ENR),"64 km (40 mls) W off  Cape Mendocino, CA, USA",Pacific Ocean,11,10, Damaged beyond repair,-,Lockheed HC-130P Combat King,-,-,1965,-,-, 64-14856, 4072,USAF,Military,-,Portland International Airport,PDX,KPDX,United States of America,San Diego-North Island NAS,NZY,KNZY,United States of America,11,0,10,0,-,-,-
19961123-0,Saturday,23-NOV-1996,12:15,H1, Approach (APR),"0,5 km (0.3 mls) N off  Mitsamiouli, Grande Comore",Comoros,175,125, Destroyed, Written off (damaged beyond repair),Boeing 767-260ER,2,Pratt & Whitney JT9D-7R4E,1987,12623.0,32353.0, ET-AIZ, 23916/187,Ethiopian Airlines,International Scheduled Passenger,ET961,Addis Ababa-Bole Airport,ADD,HAAB,Ethiopia,Nairobi-Jomo Kenyatta International Airport,NBO,HKJK,Kenya,12,163,6,119,-,-,Final
19961126-0,Tuesday,26-NOV-1996,11:01,A1, En route (ENR),"1,6 km (1 mls) W of Bethel, AK",United States of America,1,1, Destroyed, Written off (damaged beyond repair),Cessna 208B Grand Caravan,1,Pratt & Whitney Canada PT6A-114,1991,5069.0,3711.0, N4704B, 208B0199,Arctic Transportation Services,Cargo,1604,Bethel Airport,BET,PABE,United States of America,Kwigillingok Airport,KWK,PAGG,United States of America,1,0,1,0,-,-,Final
19961127-0,Wednesday,27-NOV-1996,23:49,A1, Initial climb (ICL),14 km (8.8 mls) NNE of Abakan Airport (ABA),Russia,23,23, Destroyed, Written off (damaged beyond repair),Ilyushin Il-76MD,-,-,1989,-,-, RA-78804, 0093492778,Russian AF,Cargo,-,Abakan Airport,ABA,UNAA,Russia,Petropavlovsk-Kamchatsky Airport,PKC,UHPP,Russia,10,13,10,13,-,-,-
19961127-1,Wednesday,27-NOV-1996,-,H2, En route (ENR),near Ebini,Guyana,7,0, Unknown,-,PADC/Pilatus Britten-Norman BN-2A-26 Islander,-,-,1982,-,-, 8R-GRA, 3006,Roraima Airways,Domestic Non Scheduled Passenger,-,-,-,-,-,Georgetown-Timehri International Airport,GEO,SYCJ,Guyana,2,5,0,0,-,-,-
19961127-2,Wednesday,27-NOV-1996,16:42,A2, Landing (LDG),"Bronzewing Airport, WA",Australia,-,0, Substantial, Repaired,Swearingen SA227-DC Metro 23,-,-,-,-,-, VH-WAJ, DC-876B,Skippers Aviation,Domestic Non Scheduled Passenger,-,Perth Airport,PER,YPPH,Australia,-,-,-,-,-,-,0,0,-,-,Final
19961128-0,Thursday,28-NOV-1996,-,A1, Landing (LDG),San Jose-McGuire Field (SJI),Philippines,3,0, Substantial, Written off (damaged beyond repair),Beechcraft A100 King Air,-,-,1969,-,-, RP-C710, B-15,Soriano Aviation,Unknown,-,-,-,-,-,San Jose-McGuire Field,SJI,RPUH,Philippines,-,-,0,0,-,-,-
19961130-0,Saturday,30-NOV-1996,10:32,A1, En route (ENR),8 km (5 mls) W of Medellín-Enrique Olaya Herrera Airport (EOH),Colombia,15,14, Destroyed, Written off (damaged beyond repair),de Havilland Canada DHC-6 Twin Otter 300,2,Pratt & Whitney Canada PT6A-27,1981,48915.0,35696.0, HK-2602, 746,ACES,Domestic Scheduled Passenger, 148,Medellín-Enrique Olaya Herrera Airport,EOH,SKMD,Colombia,Bahía Solano-José Celestino Mutis Airport,BSC,SKBS,Colombia,2,13,2,12,-,-,Final
19961130-1,Saturday,30-NOV-1996,13:07,A1, Approach (APR),"2,1 km (1.3 mls) NNE of Santa Ana-John Wayne International Airport, CA (SNA)",United States of America,3,3, Destroyed, Written off (damaged beyond repair),Morane Saulnier MS.760B Paris II,2,Turbomeca Marboré VI,-,-,3334.0, N2TE, 5,private,Private,-,Santa Ana-John Wayne International Airport,SNA,KSNA,United States of America,Santa Ana-John Wayne International Airport,SNA,KSNA,United States of America,1,2,1,2,-,-,Final
19961199-0,-,xx-NOV-1996,-,A1, Unknown (UNK),Ciudad del Este-Guarani Airport (AGT),Paraguay,-,0, Damaged beyond repair,-,Fairchild F-27,2,Rolls-Royce Dart 514-7,1958,-,-, CX-BRS, 27,LADESA,Unknown,-,-,-,-,-,-,-,-,-,-,-,0,0,-,-,Preliminary
19961202-0,Monday,02-DEC-1996,-,A1, Landing (LDG),Nyagan Airport,Russia,-,0, Damaged beyond repair,-,Let L-410UVP,-,-,1984,-,-, RA-67436, 841140,Kostroma Air Enterprise,Unknown,-,-,-,-,-,-,-,-,-,-,-,0,0,-,-,-
19961206-0,Friday,06-DEC-1996,19:45,A1, Landing (LDG),"Fort Chipewyan Airport, AB (YPY)",Canada,14,0, Damaged beyond repair,-,Beechcraft 99 Airliner,2,Pratt & Whitney Canada PT6A-20,1968,-,-, C-GSFP, U-43,Contact Air,Domestic Scheduled Passenger, 103,Fort McMurray Airport,YMM,CYMM,Canada,Fort Chipewyan Airport,YPY,CYPY,Canada,2,12,0,0,-,-,Preliminary - official
19961206-1,Friday,06-DEC-1996,02:38,A1, Landing (LDG),"0,5 km (0.3 mls) S of Stephenville Airport, NL (YJT)",Canada,2,2, Damaged beyond repair,-,Learjet 36A,2,Garrett TFE731-2-2B,-,-,-, N14TX, 36-033,Chrysler Aviation,Unknown,-,Grand Rapids-Kent County International Airport,GRR,KGRR,United States of America,Stephenville Airport,YJT,CYJT,Canada,2,0,2,0,-,-,Final
19961206-2,Friday,06-DEC-1996,-,H2, En route (ENR),Boguchany,Russia,-,0, Unknown,-,Yakovlev Yak-40,3,Ivchenko AI-25,-,-,-, registration unknown,-,Krasnoyarskie Avialinii,Unknown,-,Krasnoyarsk Airport,KJA,UNKL,Russia,-,-,-,-,-,-,0,0,-,-,-
19961207-0,Saturday,07-DEC-1996,15:23,A1, Approach (APR),"2,5 km (1.6 mls) SW of Banjarmasin-Sjamsudin Noor Airport (BDJ)",Indonesia,17,16, Damaged beyond repair,-,CASA/Nurtanio NC-212-A4 Aviocar 100,-,-,1981,-,-, PK-VSO, 152/26N,Dirgantara Air Services,Domestic Scheduled Passenger,-,Banjarmasin-Sjamsudin Noor Airport,BDJ,WAOO,Indonesia,Sampit Airport,SMQ,WAOS,Indonesia,2,15,2,14,-,2,-
19961208-0,Sunday,08-DEC-1996,12:54,A2, Landing (LDG),London-Heathrow Airport (LHR),United Kingdom,45,0, Minor, Repaired,Fokker 50,2,Pratt & Whitney Canada PW125B,1991,-,-, PH-KVK, 20219,KLM Cityhopper,International Scheduled Passenger, 483,Rotterdam Airport,RTM,EHRD,Netherlands,London-Heathrow Airport,LHR,EGLL,United Kingdom,4,41,0,0,-,-,Final
19961209-0,Monday,09-DEC-1996,18:03,A1, Approach (APR),"Boise Air Terminal (Gowen Field), ID (BOI)",United States of America,2,2, Destroyed, Written off (damaged beyond repair),Douglas C-47A-1-DL (DC-3),2,Pratt & Whitney R-1830-92,1943,-,34124.0, N75142, 9173,Desert Air Transport,Cargo,-,Boise Air Terminal,BOI,KBOI,United States of America,Salt Lake City International Airport,SLC,KSLC,United States of America,2,0,2,0,-,-,Final
19961209-1,Monday,09-DEC-1996,-,A1, Approach (APR),Chevilly,France,3,0, Damaged beyond repair,-,Transall C-160R,-,-,1972,-,-, R-155/61-ZU, F-155,French AF,Military,-,-,-,-,-,Orléans Airport,ORE,LFOJ,France,3,0,0,0,-,-,-
19961210-0,Tuesday,10-DEC-1996,23:57,A1, Takeoff (TOF),Mirny Airport (MJZ),Russia,12,0, Damaged beyond repair,-,Antonov An-74-200,2,Lotarev D-36,1995,176.0,369.0, RA-74037, 47098950,Vostsibaero,Cargo,-,Mirny Airport,MJZ,UERR,Russia,Irkutsk Airport,IKT,UIII,Russia,9,3,0,0,-,-,-
19961212-0,Thursday,12-DEC-1996,15:37,A2, Pushback / towing (PBT),Zürich-Kloten Airport (ZRH),Switzerland,35,0, Minor, Repaired,Avro RJ100,4,Lycoming LF507-1F,1996,-,-, HB-IXR, E3281,Crossair,International Scheduled Passenger,SR3794,Zürich-Kloten Airport,ZRH,LSZH,Switzerland,-,-,-,-,6,29,0,0,-,-,Final
19961213-0,Friday,13-DEC-1996,-,A1, Landing (LDG),Kupang-El Tari Airport (KOE),Indonesia,6,0, Damaged beyond repair,-,CASA/Nurtanio NC-212-AB4 Aviocar 200,-,-,1981,-,-, PK-NCO, 194/37N,Merpati Nusantara,Unknown,-,-,-,-,-,Kupang-El Tari Airport,KOE,WATT,Indonesia,3,3,0,0,-,-,-
19961215-0,Sunday,15-DEC-1996,-,U1, Unknown (UNK),at an unknown location,Unknown country,-,-, Damaged beyond repair,-,Beechcraft 200 Super King Air,-,-,1975,-,-, OB-1509, BB-20,TAMSA,Unknown,-,-,-,-,-,-,-,-,-,-,-,-,-,-,-,-
19961217-2,Tuesday,17-DEC-1996,05:00,A1, Landing (LDG),Port Harcourt Airport (PHC),Nigeria,4,0, Damaged beyond repair,-,McDonnell Douglas DC-8-55F,4,Pratt & Whitney JT3D-3B (Q),1968,-,-, 9G-MKD, 45965/346,MK Airlines,Cargo,-,Luxembourg-Findel Airport,LUX,ELLX,Luxembourg,Port Harcourt Airport,PHC,DNPO,Nigeria,4,0,0,0,-,-,-
19961217-3,Tuesday,17-DEC-1996,-,A1, Initial climb (ICL),8 km (5 mls) from  Andreapol Air Base,Russia,17,17, Destroyed, Written off (damaged beyond repair),Antonov An-12RR,-,-,-,-,-, 21 red, 3341404,Russian AF,Military,-,-,-,-,-,Krasnodar Airport,KRR,URKK,Russia,6,11,6,11,-,-,-
19961219-0,Thursday,19-DEC-1996,20:40,A2, Landing (LDG),Villahermosa-Capitan Carlos Perez Airport (VSA),Mexico,92,0, Substantial, Repaired,Airbus A320-231,2,IAE V2500-A1,1992,-,-, F-OHMK, 296,Mexicana,Domestic Scheduled Passenger,MX170,Mexico City-Benito Juárez International Airport,MEX,MMMX,Mexico,Villahermosa-Capitan Carlos Perez Airport,VSA,MMVA,Mexico,6,86,0,0,-,-,-
19961221-0,Saturday,21-DEC-1996,22:32,A1, Approach (APR),8 km (5 mls) S of Rionegro/Medellín-José María Córdova Airport (MDE),Colombia,4,4, Destroyed, Written off (damaged beyond repair),Antonov An-32B,2,Ivchenko AI-20D,1993,-,403.0, HK-4008X, 3402,SELVA Colombia,Cargo,-,Bogotá-Eldorado Airport,BOG,SKBO,Colombia,Rionegro/Medellín-José María Córdova Airport,MDE,SKRG,Colombia,3,1,3,1,-,-,Final
19961222-0,Sunday,22-DEC-1996,18:10,A1, Maneuvering (MNV),"6,5 km (4.1 mls) W of Narrows, VA",United States of America,6,6, Destroyed, Written off (damaged beyond repair),McDonnell Douglas DC-8-63F,4,Pratt & Whitney JT3D-7 (Q),1967,24234.0,62800.0, N827AX, 45901/293,Airborne Express,Test, 827,Greensboro/High Point-Piedmont Triad International Airport,GSO,KGSO,United States of America,Greensboro/High Point-Piedmont Triad International Airport,GSO,KGSO,United States of America,3,3,3,3,-,-,Final
19961223-0,Monday,23-DEC-1996,-,A1, Landing (LDG),Nagurskoye Air Base,Russia,24,0, Damaged beyond repair,-,Antonov An-72,2,Lotarev D-36,-,-,-, registration unknown,-,Federal Border Guard,Military,-,Vorkuta Airport,VKT,UUYW,Russia,-,-,-,-,8,16,0,0,-,-,-
19961224-0,Tuesday,24-DEC-1996,10:05,A1, Approach (APR),"9 km (5.6 mls) NW of Dorchester, NH",United States of America,2,2, Destroyed, Written off (damaged beyond repair),Learjet 35A,2,Garrett TFE731-2-2B,-,-,6897.0, N388LS, 35A-388,Aircraft Charter Group,Ferry/positioning,-,Bridgeport-Igor I. Sikorsky Memorial Airport,BDR,KBDR,United States of America,Lebanon Regional Airport,LEB,KLEB,United States of America,2,0,2,0,-,-,Final
19961224-1,Tuesday,24-DEC-1996,15:40,A1, En route (ENR),Dubagunta,India,22,22, Damaged beyond repair,-,Hindustan Aeronautics Ltd. HAL-748-219 Srs. 2,-,-,1971,-,-, H-1032, 528,Indian AF,Military,-,-,-,-,-,Hyderabad-Begumpet Airport,HYD,VOHY,India,4,18,4,18,-,-,-
19961224-2,Tuesday,24-DEC-1996,-,A2, Takeoff (TOF),Kamur Airport (KCD),Indonesia,14,0, Substantial, Repaired,de Havilland Canada DHC-6 Twin Otter 300,-,-,1975,-,-, PK-NUU, 478,Merpati Nusantara,Domestic Scheduled Passenger,-,-,-,-,-,-,-,-,-,2,12,0,0,-,-,Preliminary - official
19961228-0,Saturday,28-DEC-1996,06:10,A2, Landing (LDG),Bangalore-Hindustan Airport (BLR),India,2,0, Substantial, Repaired,Boeing 737-2A8F,2,Pratt & Whitney JT8D-9A,1975,-,-, VT-EDS, 21164/435,Blue Dart Aviation,Cargo,-,Mumbai-Sahar International Airport,BOM,VABB,India,Bangalore-Hindustan Airport,BLR,VOBG,India,2,0,0,0,-,-,Final
19961299-0,-,xx-DEC-1996,-,A1, Unknown (UNK),at an unknown location,Unknown country,-,-, Damaged beyond repair,-,IRMA/Britten-Norman BN-2A-9 Islander,-,-,1973,-,-, PT-KAB, 689,Geomag,Unknown,-,-,-,-,-,-,-,-,-,-,-,-,-,-,-,-
19969999-0,-,xx-xxx-1996,-,O1, Standing (STD),Monrovia-Sprigg Payne Airport (MLW),Liberia,0,0, Damaged beyond repair,-,Yakovlev Yak-40,3,Ivchenko AI-25,1973,-,-, RA-87290, 9320528,Weasua Air Transport,-,-,-,-,-,-,-,-,-,-,0,0,0,0,-,-,-
19969999-1,-,xx-xxx-1996,-,A1, Landing (LDG),Kalima-Kakungwa Airport (KLY),Democratic Republic of the Congo,-,0, Damaged beyond repair,-,Antonov An-32B,2,Ivchenko AI-20,1992,-,-, ER-48077, 3101,Virunga Air Charter,Unknown,-,-,-,-,-,Kalima-Kakungwa Airport,KLY,FZOD,Democratic Republic of the Congo,-,-,0,0,-,-,-
19969999-2,-,xx-xxx-1996,-,U1, Unknown (UNK),unknown,Guatemala,-,-, Damaged beyond repair,-,Dornier Do 28D-2 Skyservant,-,-,-,-,-, TG-JAN, 4...,private,Unknown,-,-,-,-,-,-,-,-,-,-,-,-,-,-,-,-
19969999-3,-,xx-xxx-1996,-,O1, Standing (STD),Monrovia-Sprigg Payne Airport (MLW),Liberia,0,0, Damaged beyond repair,-,Yakovlev Yak-40K,3,Ivchenko AI-25,1976,-,-, RA-87999, 9540345,Weasua Air Transport,-,-,-,-,-,-,-,-,-,-,0,0,0,0,-,-,-
