identifiant,week_day,date,time,type_event,phase,location,country,total_occupants,total_fatalities,aircraft_damage,aircraft_fate,type_aircraft,number_engines,type_engines,first_flight,cycles,total_airframe_hours,registration,c_n_msn,operator,nature,flight_number,departure_airport_name,departure_airport_IATA,departure_airport_ICAO,departure_airport_country,destination_airport_name,destination_airport_IATA,destination_airport_ICAO,destination_airport_country,crew_number,passengers_number,crew_fatalities,passengers_fatalities,collision_casualties,ground_casualties,status
20080615-0,Sunday,15-JUN-2008,16:30,A1, En route (ENR),near Chifeng,China,4,3, Damaged beyond repair,-,Harbin Yunshuji Y-12 II,-,-,-,-,-, B-3841, 0061,China Flying Dragon,Survey/research,-,-,-,-,-,-,-,-,-,4,0,3,0,-,-,Preliminary
20080615-1,Sunday,15-JUN-2008,10:00,A2, Landing (LDG),Mathiang Airfield,South Sudan,3,0, Substantial,-,CASA C-212 Aviocar 200,2,Garrett TPE331-10R-511C,1982,-,-, 5Y-TSL, 193,Turbine Services,Cargo,-,-,-,-,-,-,-,-,-,2,1,0,0,-,-,Preliminary - official
20080615-2,Sunday,15-JUN-2008,-,A1, En route (ENR),"near Betz, Oise",France,4,0, Damaged beyond repair,-,Antonov An-2T,-,-,1957,-,-, F-AZHB, 173(473)09,Aéroclub Paris-Est,Unknown,-,Lille-Lesquin Airport,LIL,LFQQ,France,-,-,-,-,-,-,0,0,-,-,Preliminary
20080618-0,Wednesday,18-JUN-2008,10:01,A1, Takeoff (TOF),"Hyannis-Barnstable Airport, MA (HYA)",United States of America,1,1, Destroyed, Written off (damaged beyond repair),de Havilland Canada DHC-6 Twin Otter 100,2,Pratt & Whitney Canada PT6A-20,1967,-,38185.0, N656WA, 47,Wiggins Airways,Cargo,6601,Hyannis-Barnstable Airport,HYA,KHYA,United States of America,Nantucket Memorial Airport,ACK,KACK,United States of America,1,0,1,0,-,-,Final
20080621-0,Saturday,21-JUN-2008,-,A1, Initial climb (ICL),Krems-Langenlois Airport,Austria,13,0, Damaged beyond repair,-,Antonov An-2R,-,-,1975,-,-, HA-MBC, 1G161-08,Air Patrol,Parachuting,-,-,-,-,-,-,-,-,-,1,12,0,0,-,-,Preliminary
20080622-0,Sunday,22-JUN-2008,10:43,A2, Landing (LDG),Berne-Belp Airport (BRN),Switzerland,67,0, Substantial, Repaired,de Havilland Canada DHC-8-402Q Dash 8,2,Pratt & Whitney Canada PW150A,2008,203.0,279.0, HB-JGA, 4198,SkyWork Airlines,Int'l Non Scheduled Passenger,172,Palma de Mallorca Airport,PMI,LEPA,Spain,Berne-Belp Airport,BRN,LSZB,Switzerland,5,62,0,0,-,-,Final
20080626-0,Thursday,26-JUN-2008,11:00,A1, En route (ENR),15 km (9.4 mls) from  Tegal Lilin,Indonesia,18,18, Destroyed, Written off (damaged beyond repair),CASA/Nurtanio NC-212-M Aviocar 200,-,-,1984,-,-, A-2106, 228/68N,Indonesian AF,Military,-,Jakarta-Halim Perdana Kusuma Airport,HLP,WIHH,Indonesia,-,-,-,-,5,13,5,13,-,-,-
20080627-0,Friday,27-JUN-2008,18:00,A1, En route (ENR),near Gryzlov,Russia,5,5, Damaged beyond repair,-,Antonov An-2,1,Shvetsov ASh-62IR,1990,-,-, RA-01132, 1G238-60,Avialesookhrana,"Aerial Work (Calibration, Photo)",-,-,-,-,-,-,-,-,-,-,-,-,-,-,-,Preliminary
20080627-1,Friday,27-JUN-2008,07:05,A1, En route (ENR),46 km (28.8 mls) N of Malakal,South Sudan,8,7, Destroyed, Written off (damaged beyond repair),Antonov An-12BK,4,Ivchenko AI-20M,1968,6924.0,14597.0, ST-ARN, 8346010,Juba Air Cargo,Cargo, 500,Khartoum-Civil Airport,KRT,HSSS,Sudan,Juba Airport,JUB,HSSJ,South Sudan,8,0,7,0,-,-,Final
20080627-2,Friday,27-JUN-2008,11:00,O1, Standing (STD),"San Marcos,TX",United States of America,0,0, Destroyed, Written off (damaged beyond repair),Dornier 328-110,2,Pratt & Whitney Canada PW119B,1995,-,-, N457PS, 3048,US Airways Express,-,-,-,-,-,-,-,-,-,-,0,0,0,0,-,-,- (No safety board investigation)
20080627-3,Friday,27-JUN-2008,12:35,A1, Initial climb (ICL),"7,5 km (4.7 mls) N of Baghdad International Airport (SDA)",Iraq,38,0, Damaged beyond repair,-,Lockheed C-130H2 Hercules,-,-,1987,-,-, 86-0412, 5098,USAF,Military,-,Baghdad International Airport,BGW,ORBI,Iraq,-,-,-,-,6,32,0,0,-,-,Final
20080628-0,Saturday,28-JUN-2008,22:18,O1, Standing (STD),"San Francisco International Airport, CA (SFO)",United States of America,2,0, Substantial, Written off (damaged beyond repair),Boeing 767-281SF,2,General Electric CF6-80A,1986,-,-, N799AX, 23432/145,ABX Air,Cargo,1611,San Francisco International Airport,SFO,KSFO,United States of America,Wilmington-Clinton Field,ILN,KILN,United States of America,2,0,0,0,-,-,Final
20080628-1,Saturday,28-JUN-2008,19:30,A1, Unknown (UNK),6 km (3.8 mls) NE of Dmitrievskaya,Russia,1,0, Damaged beyond repair,-,Antonov An-2,-,-,-,-,-, RF-00403,-,Armavir,Test,-,-,-,-,-,-,-,-,-,1,0,0,0,-,-,Preliminary
20080630-0,Monday,30-JUN-2008,07:02,A1, Takeoff (TOF),"1,5 km (0.9 mls) S of Khartoum-Civil Airport (KRT)",Sudan,4,4, Destroyed, Written off (damaged beyond repair),Ilyushin Il-76TD,4,Soloviev D-30KP-2,1990,-,11522.0, ST-WTB, 1003499994,Ababeel Aviation,Cargo, 700,Khartoum-Civil Airport,KRT,HSSS,Sudan,Juba Airport,JUB,HSSJ,South Sudan,4,0,4,0,-,-,Preliminary
20080630-1,Monday,30-JUN-2008,15:48,A1, Takeoff (TOF),Saint Petersburg-Pulkovo Airport (LED),Russia,112,0, Damaged beyond repair,-,Tupolev Tu-154M,3,Soloviev D-30KU-154-II,1989,-,-, RA-85667, 89A825,Aeroflot,Domestic Scheduled Passenger,-,Saint Petersburg-Pulkovo Airport,LED,ULLI,Russia,-,-,-,-,9,103,0,0,-,-,Preliminary
20080701-0,Tuesday,01-JUL-2008,-,A2, En route (ENR),"near Divinópolis, PA",Brazil,2,0, Substantial, Repaired,Cessna 208B Grand Caravan,1,Pratt & Whitney Canada PT6A-114A,1993,-,-, PT-MEE, 208B0344,TAM,Cargo,-,-,-,-,-,Itaituba Airport,ITB,SBIH,Brazil,2,0,0,0,-,-,Preliminary
20080702-0,Wednesday,02-JUL-2008,14:00,A1, En route (ENR),ca 15 km N of Cochamó,Chile,3,3, Damaged beyond repair,-,de Havilland Canada DHC-6 Twin Otter 300,-,-,1974,-,-, 947, 404,Chilean AF,Military,-,Puerto Montt-Tepual Airport,PMC,SCTE,Chile,Puerto Montt-Tepual Airport,PMC,SCTE,Chile,3,0,3,0,-,-,Preliminary
20080702-1,Wednesday,02-JUL-2008,17:45,A2, En route (ENR),150 km (93.8 mls) from  Zahedan,Iran,9,0, Substantial, Repaired,Ilyushin Il-76TD,4,Soloviev D-30KP-2,1992,3301.0,11718.0, EK-76400, 1023413438,Click Airways International,Cargo,1002,Bagram Air Base,OAI,OAIX,Afghanistan,Al-Fujairah-Fujairah International Airport,FJR,OMFJ,United Arab Emirates,9,0,0,0,-,-,Final
20080702-2,Wednesday,02-JUL-2008,18:50,A1, Approach (APR),Charallave-Óscar Machado Zuloaga Airport,Venezuela,-,0, Damaged beyond repair,-,Cessna 500 Citation I,-,-,1972,-,6440.0, YV1152, 500-0043,Servicios Aéreos Permagas,Unknown,-,-,-,-,-,-,-,-,-,-,-,0,0,-,-,-
20080703-0,Thursday,03-JUL-2008,06:05,A1, Maneuvering (MNV),Stefanesti,Romania,2,0, Destroyed, Written off (damaged beyond repair),Antonov An-2,-,-,-,-,-, registration unknown,-,Eurojet,Agricultural,-,-,-,-,-,-,-,-,-,2,0,0,0,-,-,Preliminary
20080706-0,Sunday,06-JUL-2008,01:09,A1, Approach (APR),"0,8 km (0.5 mls) N of Saltillo-Plan de Guadalupe International Airport (SLW)",Mexico,2,1, Destroyed, Written off (damaged beyond repair),McDonnell Douglas DC-9-15F,2,Pratt & Whitney JT8D-7B (HK3),1967,69161.0,54141.0, N199US, 47153/185,USA Jet Airlines,Cargo,298043,Shreveport Regional Airport,SHV,KSHV,United States of America,Saltillo-Plan de Guadalupe International Airport,SLW,MMIO,Mexico,2,0,1,0,-,-,Final
20080707-0,Monday,07-JUL-2008,03:52,A1, En route (ENR),10 km (6.3 mls) W of Bogotá-Eldorado Airport (BOG),Colombia,8,0, Destroyed, Written off (damaged beyond repair),Boeing 747-209BSF,4,Pratt & Whitney JT9D-7Q,1981,-,90613.0, N714CK, 22446/519,Kalitta Air,Cargo,-,Bogotá-Eldorado Airport,BOG,SKBO,Colombia,Miami International Airport,MIA,KMIA,United States of America,8,0,0,0,-,2,Final
20080707-1,Monday,07-JUL-2008,-,O1, Standing (STD),"Baton Rouge-Ryan Airport, LA (BTR)",United States of America,-,0, Damaged beyond repair,-,Bombardier CL-600-2C10 Regional Jet CRJ-701ER,2,General Electric CF34-8C1,2002,-,-, N706EV, 10054,Delta Connection,-,-,-,-,-,-,-,-,-,-,-,0,0,0,-,-,- (No safety board investigation)
20080707-2,Monday,07-JUL-2008,-,O2, Standing (STD),"Baton Rouge-Ryan Airport, LA (BTR)",United States of America,-,0, Substantial, Repaired,Canadair CL-600-2B19 Regional Jet CRJ-200ER,2,General Electric CF34-3B1,2003,-,-, N916EV, 7757,Delta Connection,-,-,-,-,-,-,-,-,-,-,-,0,0,0,-,-,- (No safety board investigation)
20080707-3,Monday,07-JUL-2008,-,O2, Standing (STD),"Baton Rouge-Ryan Airport, LA (BTR)",United States of America,-,0, Substantial, Repaired,Canadair CL-600-2B19 Regional Jet CRJ-200ER,2,General Electric CF34-3B1,2001,-,-, N975EV, 7599,Delta Connection,-,-,-,-,-,-,-,-,-,-,-,0,0,0,-,-,- (No safety board investigation)
20080710-0,Thursday,10-JUL-2008,10:25,A1, Approach (APR),"1,5 km (0.9 mls) NW of Puerto Montt-Marcel Marchant Airport",Chile,9,9, Destroyed, Written off (damaged beyond repair),Beechcraft 99A Airliner,2,Pratt & Whitney Canada PT6A-27,1971,-,-, CC-CFM, U-145,Aerocord,Domestic Scheduled Passenger,-,-,-,-,-,-,-,-,-,1,8,1,8,-,-,Final
20080710-1,Thursday,10-JUL-2008,08:20,A1, Takeoff (TOF),Kichwa Tembo Airstrip,Kenya,13,0, Damaged beyond repair,-,Let L-410UVP-E9,2,Walter M-601E,1996,-,-, 5Y-VVB, 962704,SafariLink,Domestic Scheduled Passenger,-,-,-,-,-,-,-,-,-,2,11,0,0,-,-,Preliminary - official
20080714-0,Monday,14-JUL-2008,12:30,A1, Landing (LDG),North Ari Atoll,Maldives,17,0, Substantial,-,de Havilland Canada DHC-6 Twin Otter 300,2,Pratt & Whitney Canada PT6A-27,1975,-,49129.0, 8Q-MAS, 445,Maldivian Air Taxi,Domestic Scheduled Passenger,-,Malé International Airport,MLE,VRMM,Maldives,-,-,-,-,3,14,0,0,-,-,Final
20080715-0,Tuesday,15-JUL-2008,14:30,A1, Landing (LDG),"São José dos Campos Airport, SP (SJK)",Brazil,2,0, Substantial, Written off (damaged beyond repair),Beechcraft Beechjet 400A,-,-,1994,-,-, PT-WHF, RK-82,Líder Táxi Aéreo,Ferry/positioning,-,São Paulo-Congonhas Airport,CGH,SBSP,Brazil,São José dos Campos Airport,SJK,SBSJ,Brazil,2,0,0,0,-,-,Final
20080716-0,Wednesday,16-JUL-2008,22:15,A2, Approach (APR),"Hook Lake, NWT",Canada,2,0, Substantial, Repaired,de Havilland Canada DHC-6 Twin Otter 300,2,Pratt & Whitney Canada PT6A-27,1970,-,-, C-GBEB, 272,North-Wright Airways,Cargo,-,-,-,-,-,-,-,-,-,2,0,0,0,-,-,Preliminary - official
20080718-0,Friday,18-JUL-2008,21:10,A2, Landing (LDG),Manchester Airport (MAN),United Kingdom,228,0, Substantial, Repaired,Airbus A321-211,2,CFMI CFM56-5B3/P,1999,-,-, G-DHJH, 1238,Thomas Cook Airlines,Int'l Non Scheduled Passenger,-,Ibiza Airport,IBZ,LEIB,Spain,Manchester Airport,MAN,EGCC,United Kingdom,9,219,0,0,-,-,Final
20080722-0,Tuesday,22-JUL-2008,22:16,A2, Landing (LDG),"Hamilton Airport, ON (YHM)",Canada,3,0, Minor, Repaired,Boeing 727-227,3,Pratt & Whitney JT8D-9A (HK3),1975,-,-, C-GLKF, 21118/1167,Kelowna Flightcraft,Cargo, 281,Moncton-Metropolitan Area Airport,YQM,CYQM,Canada,Hamilton Airport,YHM,CYHM,Canada,3,0,0,0,-,-,Final
20080723-0,Wednesday,23-JUL-2008,-,A2, En route (ENR),"Estancia Esperanza, Beni",Bolivia,37,0, Substantial,-,Fokker F-27 Friendship 400M,2,Rolls-Royce Dart 535-7P,1979,-,-, FAB-92, 10584,TAM,Domestic Scheduled Passenger,-,Guayaramerín Airport,GYA,SLGY,Bolivia,Trinidad Airport,TDD,SLTR,Bolivia,5,32,0,0,-,-,Preliminary
20080723-1,Wednesday,23-JUL-2008,17:06,A2, Landing (LDG),Banjarmasin-Sjamsudin Noor Airport (BDJ),Indonesia,121,0, Substantial, Repaired,Boeing 737-4M0,2,CFMI CFM56-3C1,1998,15218.0,29374.0, PK-GZN, 29209/3087,Garuda,Domestic Scheduled Passenger,-,Jakarta-Soekarno-Hatta International Airport,CGK,WIII,Indonesia,Banjarmasin-Sjamsudin Noor Airport,BDJ,WAOO,Indonesia,7,114,0,0,-,-,Final
20080725-0,Friday,25-JUL-2008,10:17,A2, En route (ENR),"475 km (296.9 mls) NW of Manila, Philippines",Pacific Ocean,365,0, Substantial,-,Boeing 747-438,4,Rolls-Royce RB211-524G2,1991,-,-, VH-OJK, 25067/857,Qantas,International Scheduled Passenger,  30,Hong Kong-Chek Lap Kok International Airport,HKG,VHHH,Hong Kong,Melbourne-Tullamarine Airport,MEL,YMML,Australia,19,346,0,0,-,-,Final
20080728-0,Monday,28-JUL-2008,22:45,A2, Landing (LDG),Manchester Airport (MAN),United Kingdom,167,0, Substantial, Repaired,Airbus A321-231,2,IAE V2533-A5,1999,-,-, G-MARA, 983,Monarch Airlines,Int'l Non Scheduled Passenger,-,Málaga Airport,AGP,LEMG,Spain,Manchester Airport,MAN,EGCC,United Kingdom,8,159,0,0,-,-,Final
20080730-0,Wednesday,30-JUL-2008,18:32,A1, Landing (LDG),"West Chester-Brandywine Airport, PA (OQN)",United States of America,2,0, Substantial, Written off (damaged beyond repair),Eclipse 500,2,Pratt & Whitney Canada PW610F,2007,-,76.0, N333MY, 000103,My Aviation,Private,-,-,-,-,-,West Chester-Brandywine Airport,OQN,KOQN,United States of America,1,1,0,0,-,-,Final
20080731-0,Thursday,31-JUL-2008,09:45,A1, Landing (LDG),"Owatonna Airport, MN (OWA)",United States of America,8,8, Destroyed, Written off (damaged beyond repair),British Aerospace BAe-125-800A,2,Garrett TFE731-5R-1H,1990,5164.0,6570.0, N818MV, 258186,East Coast Jets,Executive,  81,Atlantic City International Airport,ACY,KACY,United States of America,Owatonna Airport,OWA,KOWA,United States of America,2,6,2,6,-,-,Final
20080731-1,Thursday,31-JUL-2008,19:34,A1, Takeoff (TOF),Wien-Schwechat International Airport (VIE),Austria,122,0, Substantial, Written off (damaged beyond repair),McDonnell Douglas MD-88,2,Pratt & Whitney JT8D-217C,1992,-,33337.0, EC-FPD, 53309/2023,Iberia,International Scheduled Passenger,IB3575,Wien-Schwechat International Airport,VIE,LOWW,Austria,Madrid-Barajas Airport,MAD,LEMD,Spain,6,116,0,0,-,-,Final
20080802-0,Saturday,02-AUG-2008,14:00,A1, Landing (LDG),Guadalajara-Don Miguel Hidalgo y Costilla International Airport (GDL),Mexico,6,0, Substantial, Written off (damaged beyond repair),Learjet 35A,2,Garrett TFE731-2-2B,1981,-,-, XB-KPB, 35A-379,Todo Para la Aeronautica,Unknown,-,Guadalajara-Don Miguel Hidalgo y Costilla International Airport,GDL,MMGL,Mexico,-,-,-,-,2,4,0,0,-,-,Preliminary
20080803-0,Sunday,03-AUG-2008,-,O1, Standing (STD),Bangkok-Don Muang International Airport (DMK),Thailand,0,0, Damaged beyond repair,-,Boeing 747-481D,4,General Electric CF6-80C2B1F,1992,-,-, JA8955, 25639/914,All Nippon,-,-,-,-,-,-,-,-,-,-,0,0,0,0,-,-,-
20080803-1,Sunday,03-AUG-2008,15:19,A1, Landing (LDG),"Reading Municipal Airport/Spaatz Field, PA (RDG)",United States of America,2,0, Substantial,-,Cessna 550 Citation II,2,Pratt & Whitney Canada JT15D-4,1990,-,-, N827DP, 550-0660,Drug Plastics & Glass Company Inc,Ferry/positioning,-,-,-,-,-,Reading Municipal Airport/Spaatz Field,RDG,KRDG,United States of America,2,0,0,0,-,-,Final
20080805-0,Tuesday,05-AUG-2008,-,A1, Landing (LDG),Bagram Air Base (BPM),Afghanistan,-,0, Damaged beyond repair,-,Lockheed C-130H Hercules,-,-,1983,-,-, 1212, 4985,United Arab Emirates AF,Military,-,-,-,-,-,Bagram Air Base,BPM,OAIX,Afghanistan,-,-,0,0,-,-,Preliminary
20080813-0,Wednesday,13-AUG-2008,04:50,A1, Approach (APR),3 km (1.9 mls) from  K-50 Airport,Somalia,3,3, Destroyed, Written off (damaged beyond repair),Fokker F-27 Friendship 500,2,Rolls-Royce Dart 532-7,1982,-,-, 5Y-BVF, 10627,Fly540,Cargo,-,Nairobi-Jomo Kenyatta International Airport,NBO,HKJK,Kenya,-,-,-,-,3,0,3,0,-,-,Preliminary - official
20080816-0,Saturday,16-AUG-2008,-,O1, Taxi (TXI),Bangui Airport (BGF),Central African Republic,1,0, Damaged beyond repair,-,Dornier 228-202K,2,Garrett TPE331-5-252D,1988,-,-, D-CAAW, 8159,Advanced Aviation,-,-,-,-,-,-,-,-,-,-,1,0,0,0,-,-,Preliminary
20080816-1,Saturday,16-AUG-2008,-,A2, Landing (LDG),La Tortuga-Punta Delgada Airport,Venezuela,6,0, Substantial,-,Pilatus Britten-Norman BN-2B-21 Islander,2,Lycoming IO-540-K1B5,1980,-,6116.0, YV1987, 2023,Private,Domestic Non Scheduled Passenger,-,-,-,-,-,-,-,-,-,1,5,0,0,-,-,Final
20080818-0,Monday,18-AUG-2008,-,A1, En route (ENR),S off Santo Domingo,Dominican Republic,1,1, Missing, Presumed damaged beyond repair,Cessna 501 Citation I/SP,-,-,1978,-,-, N223LC, 501-0055,Corus Hardware Corporation,Private,-,Santo Domingo-Las Américas International Airport,SDQ,MDSD,Dominican Republic,San Juan-Isla Grande Airport,SIG,TJIG,Puerto Rico,1,0,1,0,-,-,Preliminary - official
20080820-0,Wednesday,20-AUG-2008,14:24,A1, Takeoff (TOF),Madrid-Barajas Airport (MAD),Spain,172,154, Destroyed, Written off (damaged beyond repair),McDonnell Douglas DC-9-82 (MD-82),2,Pratt & Whitney JT8D-219,1993,-,-, EC-HFP, 53148/2072,Spanair,Domestic Scheduled Passenger,JK5022,Madrid-Barajas Airport,MAD,LEMD,Spain,Las Palmas-Airport de Gran Canaria,LPA,GCLP,Spain,6,166,6,148,-,-,Final
20080822-0,Friday,22-AUG-2008,18:15,A1, Initial climb (ICL),"1,9 km (1.2 mls) S of Moab-Canyonlands Field, UT (CNY)",United States of America,10,10, Destroyed, Written off (damaged beyond repair),Beechcraft A100 King Air,2,Pratt & Whitney Canada PT6A-28,1975,-,9263.0, N601PC, B-225,Leavitt Group Wings,Private,-,Moab-Canyonlands Field,CNY,KCNY,United States of America,Cedar City Airport,CDC,KCDC,United States of America,1,9,1,9,-,-,Final
20080823-2,Saturday,23-AUG-2008,17:15,A1, Landing (LDG),Barranquilla-Ernesto Cortissoz Airport (BAQ),Colombia,31,0, Substantial, Written off (damaged beyond repair),de Havilland Canada DHC-8-301,2,Pratt & Whitney Canada PW123,1989,-,31260.0, HK-3952, 169,AIRES Colombia,International Scheduled Passenger, 051,Curaçao-Hato International Airport,CUR,TNCC,Curaçao,Barranquilla-Ernesto Cortissoz Airport,BAQ,SKBQ,Colombia,5,26,0,0,-,-,Final
20080824-0,Sunday,24-AUG-2008,20:45,A1, Approach (APR),"7,8 km (4.9 mls) WNW of Bishkek-Manas International Airport (FRU)",Kyrgyzstan,90,65, Destroyed, Written off (damaged beyond repair),Boeing 737-219,2,Pratt & Whitney JT8D-15,1980,56196.0,60014.0, EX-009, 22088/676,Itek Air,International Scheduled Passenger,IRC6895,Bishkek-Manas International Airport,FRU,UAFM,Kyrgyzstan,Tehran-Imam Khomeini International Airport,IKA,OIIE,Iran,5,85,0,65,-,-,Final
20080824-1,Sunday,24-AUG-2008,09:41,A1, En route (ENR),"near La Puente, Cabañas, Zacapa",Guatemala,14,11, Destroyed, Written off (damaged beyond repair),Cessna 208 Caravan I,1,Pratt & Whitney Canada PT6A-114,-,-,-, TG-JCS, 20800327,Aéreo Ruta Maya,Int'l Non Scheduled Passenger,-,Guatemala City-La Aurora Airport,GUA,MGGT,Guatemala,-,-,-,-,2,12,2,9,-,-,Final
20080824-2,Sunday,24-AUG-2008,19:55,A2, Taxi (TXI),München-Franz Josef Strauss Airport (MUC),Germany,63,0, Substantial, Repaired,ATR 72-212A (ATR-72-500),2,Pratt & Whitney Canada PW127F,1998,-,-, I-ADLM, 543,Air Dolomiti,International Scheduled Passenger,LH3990,München-Franz Josef Strauss Airport,MUC,EDDM,Germany,Bologna Airport,BLQ,LIPE,Italy,4,59,0,0,-,-,Final
20080825-0,Monday,25-AUG-2008,20:55,A1, En route (ENR),"3 km (1.9 mls) off  Barangay Bukana, San Pedro Extension, Davao City",Philippines,11,11, Destroyed, Written off (damaged beyond repair),Lockheed L-100-20 Hercules,4,Allison 501-D22A,1975,-,-, 4593, 4593,Philippine AF,Military,-,Davao Airport,DVO,RPMD,Philippines,Iloilo International Airport,ILO,RPVI,Philippines,9,2,9,2,-,-,-
20080826-0,Tuesday,26-AUG-2008,-,H2, En route (ENR),Kufrah Airport (AKF),Libya,102,0, None,-,Boeing 737-200,-,-,-,-,-, ST-...,-, Sun Air Company,Domestic Scheduled Passenger,-,Nyala Airport,UYL,HSNL,Sudan,Khartoum-Civil Airport,KRT,HSSS,Sudan,7,95,0,0,-,-,-
20080827-0,Wednesday,27-AUG-2008,16:34,A1, Landing (LDG),Jambi-Sultan Thaha Syarifudn Airport (DJB),Indonesia,130,0, Substantial, Written off (damaged beyond repair),Boeing 737-2H6,2,Pratt & Whitney JT8D-9A,1985,54687.0,49996.0, PK-CJG, 23320/1120,Sriwijaya Air,Domestic Scheduled Passenger,SJ062,Jakarta-Soekarno-Hatta International Airport,CGK,WIII,Indonesia,Jambi-Sultan Thaha Syarifudn Airport,DJB,WIPA,Indonesia,6,124,0,0,-,1,Final
20080829-0,Friday,29-AUG-2008,18:46,A1, En route (ENR),"near Boguchany, Krasnoyarsk Krai",Russia,4,0, Substantial, Written off (damaged beyond repair),Antonov An-2R,1,Shvetsov ASh-62IR,1982,-,-, RA-68126, 1G195-31,Aero-Transit,Survey/research,-,-,-,-,-,-,-,-,-,2,2,0,0,-,-,Preliminary - official
20080830-0,Saturday,30-AUG-2008,21:03,A1, En route (ENR),near Toacaso,Ecuador,3,3, Destroyed, Written off (damaged beyond repair),Boeing 737-291,2,Pratt & Whitney JT8D-17,1978,52091.0,60117.0, YV102T, 21545/525,Conviasa,Ferry/positioning,-,Caracas-Simón Bolívar International Airport,CCS,SVMI,Venezuela,Latacunga-Cotopaxi International Airport,LTX,SELT,Ecuador,2,1,2,1,-,-,Final
20080831-0,Sunday,31-AUG-2008,13:20,A2, En route (ENR),"near Carlsbad, NM",United States of America,1,0, Substantial, Repaired,Swearingen SA227-AC Metro III,-,-,1986,-,30488.0, N2699Y, AC-666,McNeely Charter Service,Ferry/positioning,-,El Paso International Airport,ELP,KELP,United States of America,Carlsbad Airport,CNM,KCNM,United States of America,1,0,0,0,-,-,Final
20080901-0,Monday,01-SEP-2008,12:06,A1, En route (ENR),"1,6 km (1 mls) SW of Columbus-Rickenbacker International Airport, OH (LCK)",United States of America,3,3, Destroyed, Written off (damaged beyond repair),Convair CV-580,2,Allison 501-D13D,1956,-,71990.0, N587X, 361,Air Tahoma,Test,-,Columbus-Rickenbacker International Airport,LCK,KLCK,United States of America,Mansfield-Lahm Municipal Airport,MFD,KMFD,United States of America,3,0,3,0,-,-,Final
20080901-1,Monday,01-SEP-2008,16:00,A1, Approach (APR),15 km (9.4 mls) NW of Bukavu-Kavumu Airport (BKY),Democratic Republic of the Congo,17,17, Destroyed, Written off (damaged beyond repair),Beechcraft 1900C-1,2,Pratt & Whitney Canada PT6A-65B,1990,-,-, ZS-OLD, UC-137,CemAir,Domestic Non Scheduled Passenger,-,Kisangani-Bangoka International Airport,FKI,FZIC,Democratic Republic of the Congo,Bukavu-Kavumu Airport,BKY,FZMA,Democratic Republic of the Congo,2,15,2,15,-,-,Preliminary
20080901-2,Monday,01-SEP-2008,16:30,A2, Landing (LDG),"Telluride Airport, CO (TEX)",United States of America,2,0, Substantial, Repaired,Cessna 560 Citation Encore,2,Pratt & Whitney Canada PW535A,2005,-,-, N839QS, 560-0690,NetJets,Ferry/positioning,-,Houston-Sugar Land Municipal Airport,SGR,KSGR,United States of America,Telluride Airport,TEX,KTEX,United States of America,2,0,0,0,-,-,Final
20080901-3,Monday,01-SEP-2008,18:10,A1, Initial climb (ICL),"3,8 km (2.4 mls) NW of Reno-Stead Airport, NV",United States of America,3,3, Destroyed, Written off (damaged beyond repair),Lockheed SP-2H Neptune,2,Wright R-3350-32WA Cyclone,1962,-,10217.0, N4235T, 726-7285,Neptune Aviation Services,Unknown,-,-,-,-,-,-,-,-,-,3,0,3,0,-,-,Final
20080905-0,Friday,05-SEP-2008,-,A1, Landing (LDG),Efogi Airport (EFG),Papua New Guinea,-,0, Damaged beyond repair,-,de Havilland Canada DHC-4A Caribou,-,-,-,-,-, A4-285, 285,RAAF,Military,-,-,-,-,-,-,-,-,-,-,-,0,0,-,-,-
20080907-0,Sunday,07-SEP-2008,09:40,A1, En route (ENR),off Belize City,Belize,5,0, Damaged beyond repair,-,Cessna 208B Grand Caravan,1,Pratt & Whitney Canada PT6A-114A,1996,-,-, V3-HFQ, 208B0575,Tropic Air,Domestic Scheduled Passenger,-,-,-,-,-,Belize City-Philip S.W. Goldson International Airport,BZE,MZBZ,Belize,1,4,0,0,-,-,Preliminary
20080910-0,Wednesday,10-SEP-2008,-,A2, Takeoff (TOF),Buturlinovka Air Base,Russia,-,0, Substantial, Repaired,Antonov An-12B,4,Ivchenko AI-20M,1965,-,-, RA-11652, 402702,Russian AF,Military,-,-,-,-,-,-,-,-,-,-,-,0,0,-,-,Preliminary
20080913-0,Saturday,13-SEP-2008,09:34,A2, Landing (LDG),Ba'kelalan Airport (BKM),Malaysia,14,0, Substantial, Repaired,de Havilland Canada DHC-6 Twin Otter 310,2,Pratt & Whitney Canada PT6A-27,1988,-,-, 9M-MDN, 844,MASwings,Domestic Scheduled Passenger,3540,Lawas Airport,LWY,WBGW,Malaysia,Ba'kelalan Airport,BKM,WBGO,Malaysia,2,12,0,0,-,-,Preliminary
20080914-0,Sunday,14-SEP-2008,03:10,A1, Approach (APR),"11,5 km (7.2 mls) NE of Perm Airport (PEE)",Russia,88,88, Destroyed, Written off (damaged beyond repair),Boeing 737-505,2,CFMI CFM56-3C1,1992,35104.0,44533.0, VP-BKO, 25792/2353,Aeroflot-Nord,Domestic Scheduled Passenger,SU821,Moskva-Sheremetyevo Airport,SVO,UUEE,Russia,Perm Airport,PEE,USPP,Russia,6,82,6,82,-,-,Final
20080918-0,Thursday,18-SEP-2008,21:27,A1, Landing (LDG),Tbilisi Airport (TBS),Georgia,-,0, Damaged beyond repair,-,Antonov An-24RV,2,Ivchenko AI-24VT,1971,-,-, 4L-MJX, 17307004,EuroLine,Unknown,-,-,-,-,-,Tbilisi Airport,TBS,UGGG,Georgia,-,-,0,0,-,-,Preliminary
20080919-0,Friday,19-SEP-2008,23:53,A1, Takeoff (TOF),"Columbia Metropolitan Airport, SC (CAE)",United States of America,6,4, Destroyed, Written off (damaged beyond repair),Learjet 60,2,Pratt & Whitney Canada PW305A,2006,-,-, N999LJ, 60-314,Global Exec Aviation,Executive,-,Columbia Metropolitan Airport,CAE,KCAE,United States of America,Los Angeles-Van Nuys Airport,VNY,KVNY,United States of America,2,4,2,2,-,-,Final
20080921-0,Sunday,21-SEP-2008,-,A1, Unknown (UNK),near Pedernales,Dominican Republic,4,4, Destroyed, Written off (damaged beyond repair),Cessna 208 Caravan,-,-,-,-,-, registration unknown,-,Unknown,Illegal Flight,-,-,-,-,-,-,-,-,-,4,0,4,0,-,-,-
20080922-0,Monday,22-SEP-2008,11:16,A1, Takeoff (TOF),Quito-Mariscal Sucre Airport (UIO),Ecuador,66,0, Damaged beyond repair,-,Fokker F-28 Fellowship 4000,2,Rolls-Royce Spey 555-15P,1985,47727.0,42422.0, HC-CDT, 11222,ICARO,Domestic Scheduled Passenger, 504,Quito-Mariscal Sucre Airport,UIO,SEQU,Ecuador,Coca Airport,OCC,SECO,Ecuador,4,62,0,0,-,-,Final
20080925-0,Thursday,25-SEP-2008,17:15,A2, Landing (LDG),"Bridgewater Air Park, VA",United States of America,2,0, Substantial, Repaired,Beechcraft A200 Super King Air,2,Pratt & Whitney Canada PT6A-41,1977,-,16448.0, N30W, BC-72,Dynamic Aviation Group Inc,Test,-,-,-,-,-,-,-,-,-,1,1,0,0,-,-,Final
20080929-0,Monday,29-SEP-2008,-,A1, Taxi (TXI),Luanda Airport (LAD),Angola,-,0, Substantial, Written off (damaged beyond repair),Antonov An-12BK,4,Ivchenko AI-20M,1968,-,-, T-311, 8345410,Angolan AF,Military,-,Luanda Airport,LAD,FNLU,Angola,-,-,-,-,-,-,0,0,-,-,-
20080929-1,Monday,29-SEP-2008,-,A2, Landing (LDG),Lokichoggio Airport (LKG),Kenya,-,0, Substantial,-,de Havilland Canada DHC-5D Buffalo,2,General Electric CT64-820-4,1978,-,-, 5Y-OPL, 84,Trident Aviation,Cargo,-,-,-,-,-,Lokichoggio Airport,LKG,HKLK,Kenya,-,-,0,0,-,-,Preliminary
20081001-0,Wednesday,01-OCT-2008,22:17,A1, Landing (LDG),Kaliningrad-Khrabrovo Airport (KGD),Russia,144,0, Substantial, Written off (damaged beyond repair),Boeing 737-3Y0,2,CFMI CFM56-3B1,1988,39949.0,48514.0, EI-DON, 23812/1511,KD Avia,International Scheduled Passenger, 794,Barcelona-El Prat Airport,BCN,LEBL,Spain,Kaliningrad-Khrabrovo Airport,KGD,UMKK,Russia,6,138,0,0,-,-,Final
20081005-0,Sunday,05-OCT-2008,15:38,A1, En route (ENR),33 km (20.6 mls) NW of Barberton,South Africa,9,9, Destroyed, Written off (damaged beyond repair),Britten-Norman BN-2A-26 Islander,2,Lycoming O-540-E4C5,1975,-,12000.0, ZS-OSD, 461,private,Domestic Non Scheduled Passenger,-,Nelspruit-Kruger Mpumalanga International Airport,MQP,FAKN,South Africa,-,-,-,-,1,8,1,8,-,-,Final
20081007-0,Tuesday,07-OCT-2008,12:42,A2, En route (ENR),"154 km (96.3 mls) W of Learmonth, WA, Australia",Indian Ocean,315,0, Minor, Repaired,Airbus A330-303,2,General Electric CF6-80E1A3,2003,3740.0,20040.0, VH-QPA, 0553,Qantas,International Scheduled Passenger,  72,Singapore-Changi International Airport,SIN,WSSS,Singapore,Perth Airport,PER,YPPH,Australia,12,303,0,0,-,-,Final
20081008-0,Wednesday,08-OCT-2008,07:31,A1, Landing (LDG),Lukla-Tenzing-Hillary Airport (LUA),Nepal,19,18, Destroyed, Written off (damaged beyond repair),de Havilland Canada DHC-6 Twin Otter 300,2,Pratt & Whitney Canada PT6A-27,1980,-,-, 9N-AFE, 720, Yeti Airlines,Domestic Scheduled Passenger,-,Kathmandu-Tribhuvan Airport,KTM,VNKT,Nepal,Lukla-Tenzing-Hillary Airport,LUA,VNLK,Nepal,3,16,2,16,-,-,Preliminary
20081012-0,Sunday,12-OCT-2008,18:30,A1, Initial climb (ICL),"5 km (3.1 mls) from  Bauru Airport, SP (BAU)",Brazil,1,1, Substantial, Written off (damaged beyond repair),Beechcraft 100 King Air,-,-,1970,-,-, N525ZS, B-66,Woolie Enterprises,Ferry/positioning,-,Bauru Airport,BAU,SBBU,Brazil,Sorocaba Airport,SOD,SDCO,Brazil,1,0,1,0,-,-,Preliminary - official
20081016-0,Thursday,16-OCT-2008,15:30,A1, Landing (LDG),Caracas-Simón Bolívar International Airport (CCS),Venezuela,54,0, Substantial, Written off (damaged beyond repair),Boeing 737-2H4,2,Pratt & Whitney JT8D-9A (HK3),1983,-,-, YV162T, 23055/970,Rutaca,Domestic Scheduled Passenger,-,Puerto Ordaz Airport,PZO,SVPR,Venezuela,Caracas-Simón Bolívar International Airport,CCS,SVMI,Venezuela,7,47,0,0,-,-,Preliminary
20081016-1,Thursday,16-OCT-2008,-,A2, Takeoff (TOF),Bloemspruit Air Force Base (BFN),South Africa,-,0, Substantial, Repaired,CASA C-212 Aviocar 300,-,-,1987,-,-, 8021, 373,South African AF,Military,-,Bloemspruit Air Force Base,BFN,FABL,South Africa,-,-,-,-,-,-,0,0,-,-,-
20081019-0,Sunday,19-OCT-2008,23:03,A2, Approach (APR),Damascus International Airport (DAM),Syria,4,0, Substantial, Repaired,Dassault Falcon 20F,2,General Electric CF700-2D2,1975,-,-, YK-ASA, 328,Syrian Arab Airlines,Executive,-,Doha International Airport,DOH,OTBD,Qatar,Damascus International Airport,DAM,OSDI,Syria,4,0,0,0,-,-,Preliminary
20081020-0,Monday,20-OCT-2008,12:42,A2, Landing (LDG),"Phoenix-Sky Harbor International Airport, AZ (PHX)",United States of America,163,0, Substantial, Repaired,Airbus A320-232,-,-,-,-,34617.0, N448UA, 842,United Airlines,Domestic Scheduled Passenger,UA1449,Denver International Airport,DEN,KDEN,United States of America,Phoenix-Sky Harbor International Airport,PHX,KPHX,United States of America,7,156,0,0,-,-,Final
20081021-0,Tuesday,21-OCT-2008,-,A1, Landing (LDG),Bagram Air Base (BPM),Afghanistan,-,0, Damaged beyond repair,-,Lockheed P-3C Orion,4,Allison T56-A14,1972,-,-, 158573, 185-5756,US Navy,Military,-,-,-,-,-,Bagram Air Base,BPM,OAIX,Afghanistan,-,-,0,0,-,-,Preliminary
20081027-0,Monday,27-OCT-2008,16:20,A1, Takeoff (TOF),Brussel-Zaventem Airport (BRU),Belgium,6,0, Substantial, Written off (damaged beyond repair),Boeing 747-228F (SCD),4,General Electric CF6-50C2,1988,15773.0,82357.0, OO-CBA, 24158/714,Cargo B Airlines,Cargo,BB3101,Brussel-Zaventem Airport,BRU,EBBR,Belgium,Dakar-Léopold Sédar Senghor International Airport,DKR,GOOY,Senegal,5,1,0,0,-,-,Final
20081101-0,Saturday,01-NOV-2008,11:00,A2, Landing (LDG),"9,4 km (5.9 mls) N of Nyala Lodge Airstrip",South Africa,6,0, Substantial, Repaired,Cessna 208B Grand Caravan,1,Pratt & Whitney Canada PT6A-114A,2000,-,2659.0, ZS-PCM, 208B0851,AAA Investments,Domestic Non Scheduled Passenger,-,Pretoria-Wonderboom Airport,PRY,FAWB,South Africa,-,-,-,-,1,5,0,0,-,-,Final
20081101-1,Saturday,01-NOV-2008,19:02,A2, Approach (APR),"1,6 km (1 mls) NNE of Toksook Bay, AK (OOK)",United States of America,2,0, Substantial,-,CASA C-212 Aviocar 200,-,-,1980,-,26005.0, N437RA, 166,Arctic Transportation Services,Cargo,1620,Bethel Airport,BET,PABE,United States of America,Toksook Bay Airport,OOK,PAOO,United States of America,2,0,0,0,-,-,Final
20081103-0,Monday,03-NOV-2008,18:00,A1, Initial climb (ICL),near Punta Chivato Airstrip (PCV),Mexico,1,1, Destroyed, Written off (damaged beyond repair),Beechcraft 200 Super King Air,-,-,1976,-,-, N200JL, BB-127,Private,Ferry/positioning,-,-,-,-,-,-,-,-,-,1,0,1,0,-,-,-
20081104-0,Tuesday,04-NOV-2008,18:46,A1, Approach (APR),12 km (7.5 mls) W of Mexico City-Benito Juárez International Airport (MEX),Mexico,9,9, Destroyed, Written off (damaged beyond repair),Learjet 45,2,Garrett TFE731-20AR-1B,2000,2215.0,2486.0, XC-VMC, 45-028,Mexican Government,Official state flight,-,San Luis Potosí Airport,SLP,MMSP,Mexico,Mexico City-Benito Juárez International Airport,MEX,MMMX,Mexico,3,6,3,6,-,7,Final
20081106-0,Thursday,06-NOV-2008,10:33,A1, Landing (LDG),Fak Fak Airport (FKQ),Indonesia,36,0, Substantial, Written off (damaged beyond repair),Dornier 328-110,2,Pratt & Whitney Canada PW119B,1995,21916.0,24404.0, PK-TXL, 3037,Express Air,Domestic Scheduled Passenger,XN9000,Sorong-Dominique Edward Osok Airport,SOQ,WAXX,Indonesia,Fak Fak Airport,FKQ,WASF,Indonesia,4,32,0,0,-,-,Final
20081106-1,Thursday,06-NOV-2008,14:33,A1, En route (ENR),"20 km (12.5 mls) from  Verkhnyaya Pesha, Arkhangelsk region",Russia,5,0, Damaged beyond repair,-,Antonov An-2P,-,-,1986,-,-, RA-40280, 1G221-10,Naryan-Mar Air Enterprise,Domestic Scheduled Passenger,9280,-,-,-,-,-,-,-,-,2,3,0,0,-,-,Preliminary
20081110-0,Monday,10-NOV-2008,07:56,A1, Landing (LDG),Roma-Ciampino Airport (CIA),Italy,172,0, Substantial, Written off (damaged beyond repair),Boeing 737-8AS (WL),2,CFMI CFM56-7B26/3,2008,1498.0,2419.0, EI-DYG, 33639/2557,Ryanair,International Scheduled Passenger,FR4102,Frankfurt-Hahn Airport,HHN,EDFH,Germany,Roma-Ciampino Airport,CIA,LIRA,Italy,8,164,0,0,-,-,Final
20081110-1,Monday,10-NOV-2008,-,A1, En route (ENR),Pointe Noire Airport (PNR),Congo,-,0, Damaged beyond repair,-,Antonov An-12B,4,Ivchenko AI-20M,1964,-,-, UR-PLV, 4342308,Veteran Airline,Cargo,-,-,-,-,-,Pointe Noire Airport,PNR,FCPP,Congo,-,-,0,0,-,-,Preliminary
20081111-0,Tuesday,11-NOV-2008,18:17,A1, Landing (LDG),"Stony Rapids Airport, SK (YSF)",Canada,2,0, Damaged beyond repair,-,Beechcraft 100 King Air,2,Pratt & Whitney Canada PT6A-28,1970,-,-, C-GWWQ, B-76,National Aviation,Cargo,-,Uranium City Airport,YBE,CYBE,Canada,Stony Rapids Airport,YSF,CYSF,Canada,2,0,0,0,-,-,Preliminary - official
20081113-0,Thursday,13-NOV-2008,11:24,A1, En route (ENR),22 km (13.8 mls) SE of Al-Taqaddum Air Base,Iraq,7,7, Damaged beyond repair,-,Antonov An-12B,4,Ivchenko AI-20M,1970,-,-, S9-SAO, 00346908,British Gulf International Airlines,Cargo,BGI1530,-,-,-,-,Baghdad International Airport,BGW,ORBI,Iraq,7,0,7,0,-,-,Final
20081122-0,Saturday,22-NOV-2008,21:40,A1, En route (ENR),"0,8 km (0.5 mls) NW of Gods Lake Narrows Airport, MB (YGO)",Canada,5,0, Destroyed, Written off (damaged beyond repair),Beechcraft A100 King Air,-,-,1976,-,-, C-FSNA, B-227,SkyNorth Air,Ambulance, 683,Gods Lake Narrows Airport,YGO,CYGO,Canada,Thompson Airport,YTH,CYTH,Canada,2,3,0,0,-,-,Final
20081123-0,Sunday,23-NOV-2008,14:15,A1, Approach (APR),"5 km (3.1 mls) N of Recife-Guararapes International Airport, PE (REC)",Brazil,10,2, Damaged beyond repair,-,Beechcraft B200 Super King Air,-,-,1981,-,-, PT-OSR, BB-784,JC Showsa (Banda Calypso),Private,-,Teresina-Senador Petrônio Portela Airport,THE,SBTE,Brazil,Recife-Guararapes International Airport,REC,SBRF,Brazil,2,8,1,1,-,-,Final
20081127-0,Thursday,27-NOV-2008,16:46,A1, Approach (APR),5 km (3.1 mls) E off  Canet-Plage,France,7,7, Destroyed, Written off (damaged beyond repair),Airbus A320-232,2,IAE V2527-A5,2005,3931.0,10124.0, D-AXLA, 2500,Air New Zealand,Test,9E888T,Perpignan Airport,PGF,LFMP,France,Perpignan Airport,PGF,LFMP,France,2,5,2,5,-,-,Final
20081127-1,Thursday,27-NOV-2008,15:15,A1, Landing (LDG),"Fort Smith Airport, NT (YSM)",Canada,5,0, Substantial, Written off (damaged beyond repair),British Aerospace 3112 Jetstream 31,2,Garrett TPE331-10UG-514H,1987,-,-, C-FNAY, 768,Northwestern Air,Domestic Scheduled Passenger, 734,Hay River Airport,YHY,CYHY,Canada,Fort Smith Airport,YSM,CYSM,Canada,2,3,0,0,-,-,Final
20080102-0,Wednesday,02-JAN-2008,07:35,A1, Landing (LDG),Masbate Airport (MBT),Philippines,47,0, Substantial, Written off (damaged beyond repair),NAMC YS-11A-500,2,Rolls-Royce Dart 543-10J/K,1969,-,-, RP-C3592, 2108,Asian Spirit,Domestic Scheduled Passenger, 321,Manila-Ninoy Aquino International Airport,MNL,RPLL,Philippines,Masbate Airport,MBT,RPVJ,Philippines,4,43,0,0,-,-,Preliminary - official
20080102-1,Wednesday,02-JAN-2008,07:32,A1, Takeoff (TOF),Tehran-Mehrabad Airport (THR),Iran,113,0, Destroyed, Written off (damaged beyond repair),Fokker 100,2,Rolls-Royce Tay 650-15,1990,33933.0,30732.0, EP-IDB, 11299, Iran Air,Domestic Scheduled Passenger, 235,Tehran-Mehrabad Airport,THR,OIII,Iran,Shiraz Airport,SYZ,OISS,Iran,8,105,0,0,-,-,Final
20080103-0,Thursday,03-JAN-2008,-,A1, En route (ENR),off Bahia Piña,Panama,2,0, Damaged beyond repair,-,Britten-Norman BN-2A-6R Islander,-,-,1971,-,-, SAN-208, 256,Servicio Aéreo Nacional - SAN,Ambulance,-,-,-,-,-,-,-,-,-,2,0,0,0,-,-,-
20080104-0,Friday,04-JAN-2008,09:40,A1, En route (ENR),11 km (6.9 mls) S off  Los Roques Airport (LRV),Venezuela,14,14, Damaged beyond repair,-,Let L-410UVP-E3,2,Walter M-601E,1987,-,-, YV2081, 872015,Transaven,Domestic Scheduled Passenger,-,Caracas-Simón Bolívar International Airport,CCS,SVMI,Venezuela,Los Roques Airport,LRV,SVRS,Venezuela,2,12,2,12,-,-,Preliminary
20080109-0,Wednesday,09-JAN-2008,07:49,A2, Approach (APR),"Detroit-Metropolitan Wayne County Airport, MI (DTW)",United States of America,73,0, Substantial, Repaired,Airbus A319-114,-,-,-,-,15029.0, N349NB, 1815,Northwest Airlines,Domestic Scheduled Passenger,NW853,New York-La Guardia Airport,LGA,KLGA,United States of America,Detroit-Metropolitan Wayne County Airport,DTW,KDTW,United States of America,5,68,0,0,-,-,Final
20080111-0,Friday,11-JAN-2008,-,A1, En route (ENR),5 km (3.1 mls) N of Trbovlje,Slovenia,2,1, Damaged beyond repair,-,Antonov An-2R,-,-,1978,-,-, HA-MKK, 1G178-53,Letalska sola Solt,Ferry/positioning,-,-,-,-,-,Maribor Airport,MBX,LJMB,Slovenia,2,0,1,0,-,-,Preliminary
20080114-0,Monday,14-JAN-2008,05:08,A1, Approach (APR),"11 km (6.9 mls) S off  Lihue, HI",United States of America,1,1, Damaged beyond repair,-,Beechcraft 1900C-1,2,Pratt & Whitney Canada PT6A-65B,1989,-,19123.0, N410UB, UC-70,Alpine Aviation,Cargo, 253,Honolulu International Airport,HNL,PHNL,United States of America,Kauai Island/Lihue Airport,LIH,PHLI,United States of America,1,0,1,0,-,-,Final
20080117-0,Thursday,17-JAN-2008,12:42,A1, Landing (LDG),London-Heathrow Airport (LHR),United Kingdom,152,0, Substantial, Written off (damaged beyond repair),Boeing 777-236ER,2,Rolls-Royce Trent 895-17,2001,3957.0,28675.0, G-YMMM, 30314/342,British Airways,International Scheduled Passenger,BA38,Beijing-Capital Airport,PEK,ZBAA,China,London-Heathrow Airport,LHR,EGLL,United Kingdom,16,136,0,0,-,-,Final
20080119-0,Saturday,19-JAN-2008,07:32,A1, Approach (APR),near Bailundo,Angola,13,13, Damaged beyond repair,-,Beechcraft B200 Super King Air,-,-,1981,-,-, D2-FFK, BB-1026,Gira Globo,Passenger,-,Luanda Airport,LAD,FNLU,Angola,Huambo Airport,NOV,FNHU,Angola,2,11,2,11,-,-,-
20080123-0,Wednesday,23-JAN-2008,19:07,A1, Approach (APR),"1,3 km (0.8 mls) SE of Miroslawiec Air Base",Poland,20,20, Damaged beyond repair,-,CASA C-295M,2,Pratt & Whitney Canada PW127G,2007,-,300.0, 019, S-043,Polish AF,Military,-,-,-,-,-,-,-,-,-,4,16,4,16,-,-,Final
20080124-0,Thursday,24-JAN-2008,14:55,A2, Landing (LDG),Teresita Airport,Colombia,13,0, Substantial, Repaired,Douglas DC-3C,2,Pratt & Whitney R-1830-92,1946,-,22747.0, HK-2006, 43086,VIARCO,Domestic Non Scheduled Passenger,-,San Jose del Guaviare-Jorge E. González T. Airport,SJE,SKSJ,Colombia,-,-,-,-,3,10,0,0,-,-,Preliminary - official
20080125-0,Friday,25-JAN-2008,-,A1, Taxi (TXI),Pointe Noire Airport (PNR),Congo,-,0, Substantial, Written off (damaged beyond repair),Antonov An-12BP,4,Ivchenko AI-20M,1965,-,-, EK11660, 5343209, Aéro-Service,Cargo,-,-,-,-,-,Pointe Noire Airport,PNR,FCPP,Congo,-,-,0,0,-,-,Preliminary
20080125-1,Friday,25-JAN-2008,-,O1, Standing (STD),Pointe Noire Airport (PNR),Congo,0,0, Substantial, Written off (damaged beyond repair),Boeing 727-247,3,Pratt & Whitney JT8D-15 (HK3),1978,-,-, 9L-LEF, 21482/1341, Teebah Airlines,-,-,-,-,-,-,-,-,-,-,0,0,0,0,-,-,Preliminary
20080126-0,Saturday,26-JAN-2008,09:35,A1, En route (ENR),"6,3 km (3.9 mls) Se of Long Apung Airport (LPU)",Indonesia,3,3, Destroyed, Written off (damaged beyond repair),CASA/IPTN NC-212 Aviocar 200,2,Garrett TPE331-10R-512C,1993,13749.0,11750.0, PK-VSE, 412/92N,Dirgantara Air Services,Cargo,-,Tarakan-Juwata Airport,TRK,WALR,Indonesia,Long Apung Airport,LPU,WALP,Indonesia,3,0,3,0,-,-,Final
20080126-1,Saturday,26-JAN-2008,-,A2, Landing (LDG),Bulawayo-Joshua Mqabuko Nkomo International Airport (BUQ),Zimbabwe,-,0, Substantial, Repaired,Xian MA60,2,Pratt & Whitney Canada PW127J,2005,-,-, registration unknown,-, Air Zimbabwe,Domestic Scheduled Passenger,-,-,-,-,-,Bulawayo-Joshua Mqabuko Nkomo International Airport,BUQ,FVJN,Zimbabwe,-,-,0,0,-,-,Preliminary
20080128-0,Monday,28-JAN-2008,-,O1, Standing (STD),"Chicago-Midway Airport, IL (MDW)",United States of America,-,0, Damaged beyond repair,-,McDonnell Douglas DC-9-32,2,Pratt & Whitney JT8D-9A (HK3),1968,-,-, N605NW, 47223/300,Northwest Airlines,Domestic Scheduled Passenger,-,Detroit-Metropolitan Wayne County Airport,DTW,KDTW,United States of America,Chicago-Midway Airport,MDW,KMDW,United States of America,-,-,0,0,-,-,- (No safety board investigation)
20080128-1,Monday,28-JAN-2008,23:02,A1, Landing (LDG),Bogotá-Eldorado Airport (BOG),Colombia,41,0, Substantial, Written off (damaged beyond repair),de Havilland Canada DHC-8-202,2,Pratt & Whitney Canada PW123D,1994,-,19565.0, HK-3997, 391,AIRES Colombia,International Scheduled Passenger, 053,Maracaibo-La Chinita International Airport,MAR,SVMC,Venezuela,Bogotá-Eldorado Airport,BOG,SKBO,Colombia,4,37,0,0,-,-,Final
20080128-2,Monday,28-JAN-2008,-,A2, Landing (LDG),Merauke-Mopah Airport (MKQ),Indonesia,147,0, Substantial, Repaired,Boeing 737-33A,2,CFMI CFM56-3B1,1987,-,73048.0, PK-MBP, 23632/1344,Merpati Nusantara,Domestic Scheduled Passenger,MZ774,Jayapura-Sentani Airport,DJJ,WAJJ,Indonesia,Merauke-Mopah Airport,MKQ,WAKK,Indonesia,6,141,0,0,-,-,Final
20080130-0,Wednesday,30-JAN-2008,08:05,A2, Landing (LDG),Sugapa Airport (ZGP),Indonesia,18,0, Substantial,-,de Havilland Canada DHC-6 Twin Otter,-,-,-,-,-, registration unknown,-,Aviastar Mandiri,Domestic Scheduled Passenger,-,Enarotali Airport,EWI,WABT,Indonesia,Bilogai/Sugapa Airport,ZGP,WAYB,Indonesia,3,15,0,0,-,1,Preliminary
20080201-0,Friday,01-FEB-2008,10:35,A1, Approach (APR),"4,2 km (2.6 mls) NW of Trinidad Airport (TDD)",Bolivia,159,0, Damaged beyond repair,-,Boeing 727-259,3,Pratt & Whitney JT8D-17R,1980,-,-, CP-2429, 22475/1690,LAB,Domestic Scheduled Passenger,-,La Paz-El Alto Airport,LPB,SLLP,Bolivia,Cobija-E. Beltram Airport,CIJ,SLCO,Bolivia,8,151,0,0,-,-,Preliminary
20080201-1,Friday,01-FEB-2008,17:48,A1, En route (ENR),"9,5 km (5.9 mls) SSW of Augusta State Airport, ME (AUG)",United States of America,2,2, Damaged beyond repair,-,Cessna 525 CitationJet CJ1,2,Williams International FJ44-1A,2001,1700.0,1650.0, N102PT, 525-0433,private,Private,-,Augusta State Airport,AUG,KAUG,United States of America,Lincoln Municipal Airport,LNK,KLNK,United States of America,1,1,1,1,-,-,Final
20080201-2,Friday,01-FEB-2008,15:42,A1, Taxi (TXI),"Fort Lauderdale-Executive Airport, FL (FXE)",United States of America,2,0, Substantial, Written off (damaged beyond repair),Rockwell Sabreliner 80,2,General Electric CF700-2D2,1977,-,5824.0, N3RP, 380-42,Qualint,Ferry/positioning,-,Fort Lauderdale-Executive Airport,FXE,KFXE,United States of America,-,-,-,-,2,0,0,0,-,-,Final
20080201-3,Friday,01-FEB-2008,15:42,A1, Pushback / towing (PBT),"Fort Lauderdale-Executive Airport, FL (FXE)",United States of America,0,0, Damaged beyond repair,-,Hawker Siddeley HS-125-F400A,-,-,1970,-,-, N400FR, 25228/NA751,Romair,-,-,-,-,-,-,-,-,-,-,0,0,0,0,-,-,-
20080201-4,Friday,01-FEB-2008,15:42,O1, Standing (STD),"Fort Lauderdale-Executive Airport, FL (FXE)",United States of America,0,0, Damaged beyond repair,-,Rockwell Sabreliner 40A,-,-,1973,-,-, N430MP, 282-113,ABA Aviation Resources,-,-,-,-,-,-,-,-,-,-,0,0,0,0,-,-,Final
20080202-0,Saturday,02-FEB-2008,-,A1, Takeoff (TOF),Lome Airport (LFW),Togo,-,0, Substantial, Written off (damaged beyond repair),Boeing 747-2D7B,4,General Electric CF6-50E2,1981,-,-, N527MC, 22471/504,Atlas Air,Cargo,  14,Lome Airport,LFW,DXXX,Togo,Amsterdam-Schiphol International Airport,AMS,EHAM,Netherlands,-,-,0,0,-,-,Preliminary
20080202-2,Saturday,02-FEB-2008,21:15,O1, Taxi (TXI),Edinburgh-Turnhouse Airport (EDI),United Kingdom,3,0, Substantial, Written off (damaged beyond repair),Fokker F-27 Friendship 500,2,Rolls-Royce Dart 532-7,1971,-,-, TC-MBG, 10459,MNG Airlines,Cargo,-,Edinburgh-Turnhouse Airport,EDI,EGPH,United Kingdom,Coventry-Baginton Airport,CVT,EGBE,United Kingdom,3,0,0,0,-,-,Final
20080202-3,Saturday,02-FEB-2008,14:20,A1, Takeoff (TOF),Anguilla-Wallblake Airport (AXA),Anguilla,3,0, Damaged beyond repair,-,Pilatus Britten-Norman BN-2A-26 Islander,2,Lycoming IO-540-E4C5,1969,-,-, VP-AAG, 88,Trans Anguilla Airways,Ferry/positioning,-,Anguilla-Wallblake Airport,AXA,TQPF,Anguilla,Sint Maarten-Juliana Airport,SXM,TNCM,Sint Maarten,1,2,0,0,-,-,Final
20080205-0,Tuesday,05-FEB-2008,13:20,A2, Takeoff (TOF),"Ankeny Regional Airport, IA (IKV)",United States of America,1,0, Substantial, Repaired,Swearingen SA226-AT Merlin IV,2,Garrett TPE331-10UA,1978,-,-, N120SC, AT-067,McNeely Charter Service,Cargo,-,Ankeny Regional Airport,IKV,KIKV,United States of America,Miami International Airport,MIA,KMIA,United States of America,1,0,0,0,-,-,Final
20080207-0,Thursday,07-FEB-2008,17:20,A2, En route (ENR),"El Prado, El Seybo",Dominican Republic,9,0, Substantial, Repaired,Britten-Norman BN-2A-26 Islander,2,Lycoming O-540-E4C5,1967,-,21405.0, HI-653CA, 8,Caribair,Domestic Non Scheduled Passenger,-,Santiago de los Caballeros-Cibao International Airport,STI,MDST,Dominican Republic,Punta Cana International Airport,PUJ,MDPC,Dominican Republic,1,8,0,0,-,-,Final
20080207-1,Thursday,07-FEB-2008,-,A2, Landing (LDG),Nuquí-Reyes Murillo Airport (NQU),Colombia,20,0, Substantial, Repaired,CASA C-212-M Aviocar 300,2,Honeywell TPE331-10R-513C,1989,-,-, FAC-1258, 391,Colombian AF,Military,-,-,-,-,-,Nuquí-Reyes Murillo Airport,NQU,SKNQ,Colombia,-,-,0,0,-,-,Preliminary
20080207-2,Thursday,07-FEB-2008,21:15,A2, Landing (LDG),"Darwin Airport, NT (DRW)",Australia,94,0, Substantial, Repaired,Boeing 717-23S,2,BMW RR BR715,2000,14560.0,19090.0, VH-NXE, 55063/5034,Qantas,Domestic Scheduled Passenger,1944,Gove-Nhulunbuy Airport,GOV,YPGV,Australia,Darwin Airport,DRW,YPDN,Australia,6,88,0,0,-,-,Final
20080208-0,Friday,08-FEB-2008,-,H2, En route (ENR),Christchurch International Airport (CHC),New Zealand,9,0, None,-,British Aerospace 3201 Jetstream 32EP,2,Garrett TPE331-12UAR-702H,1992,-,-, ZK-ECN, 967,Air National,Domestic Scheduled Passenger,2279,Blenheim-Woodbourne Airport,BHE,NZWB,New Zealand,Christchurch International Airport,CHC,NZCH,New Zealand,2,7,0,0,-,-,-
20080212-0,Tuesday,12-FEB-2008,-,O1, Taxi (TXI),Caracas-Simon Bolivar Airport (CCS),Venezuela,-,0, Substantial, Written off (damaged beyond repair),McDonnell Douglas DC-9-31,-,-,1981,-,-, YV298T, 48147/1048,Aserca Airlines,-,-,-,-,-,-,-,-,-,-,-,-,0,0,-,-,-
20080212-1,Tuesday,12-FEB-2008,20:55,A2, Landing (LDG),"Leesburg Executive Airport, VA (JYO)",United States of America,2,0, Substantial, Repaired,Raytheon 390 Premier I,2,Williams International FJ44,2001,-,1584.0, N16DK, RB-19,DEKA Research & Development,Executive,-,Wichita-Beech Airport,BEC,KBEC,United States of America,Leesburg Executive Airport,JYO,KJYO,United States of America,1,1,0,0,-,-,Final
20080213-0,Wednesday,13-FEB-2008,09:20,A1, Landing (LDG),Los Roques Airport (LRV),Venezuela,16,0, Substantial, Written off (damaged beyond repair),British Aerospace 3103 Jetstream 31,2,Garrett TPE331-10UR-513H,1983,-,-, YV186T, 616,SASCA Airlines,Passenger,-,Porlamar-del Caribe Santiago Mariño International Airport,PMV,SVMG,Venezuela,Los Roques Airport,LRV,SVRS,Venezuela,-,-,0,0,-,-,Preliminary
20080214-0,Thursday,14-FEB-2008,04:19,A1, Takeoff (TOF),Yerevan-Zvartnots Airport (EVN),Armenia,21,0, Destroyed, Written off (damaged beyond repair),Canadair CL-600-2B19 Regional Jet CRJ-100ER,2,General Electric CF34-3A1,1999,14352.0,15563.0, EW-101PJ, 7316,Belavia,International Scheduled Passenger,1834,Yerevan-Zvartnots Airport,EVN,UDYZ,Armenia,Minsk-2 International Airport,MSQ,UMMS,Belarus,3,18,0,0,-,-,Final
20080214-1,Thursday,14-FEB-2008,-,A1, Landing (LDG),Kandahar Airport (KDH),Afghanistan,-,0, Substantial, Written off (damaged beyond repair),Ilyushin Il-76TD,4,Soloviev D-30KP-2,1984,-,-, UN-76020, 0043450493,Asia Continental Airlines,Unknown,-,-,-,-,-,Kandahar Airport,KDH,OAKN,Afghanistan,-,-,0,0,-,-,-
20080217-0,Sunday,17-FEB-2008,10:19,A2, Taxi (TXI),"Washington-Ronald Reagan National Airport, DC (DCA)",United States of America,81,0, Minor, Repaired,Embraer ERJ 170-100 SU (ERJ-170SU),-,-,-,-,6471.0, N828MD, 17000048,US Airways Express,Domestic Scheduled Passenger,3416,Washington-Ronald Reagan National Airport,DCA,KDCA,United States of America,Rochester-Monroe County Airport,ROC,KROC,United States of America,5,76,0,0,-,-,Final
20080217-1,Sunday,17-FEB-2008,10:19,A2, Taxi (TXI),"Washington-Ronald Reagan National Airport, DC (DCA)",United States of America,51,0, Substantial, Repaired,Airbus A319-111,-,-,-,-,16587.0, N752US, 1319,US Airways,Domestic Scheduled Passenger,US2166,Washington-Ronald Reagan National Airport,DCA,KDCA,United States of America,New York-La Guardia Airport,LGA,KLGA,United States of America,5,46,0,0,-,-,Final
20080218-0,Monday,18-FEB-2008,17:00,A1, En route (ENR),Caico Seco,Venezuela,3,3, Destroyed, Written off (damaged beyond repair),Cessna 650 Citation III,-,-,1987,-,-, N385EM, 650-0145,private,Unknown,-,Valencia-Arturo Michelena International Airport,VLN,SVVA,Venezuela,Puerto Ordaz/Ciudad Guayana-General Manuel Carlos Piar Airport,PZO,SVPR,Venezuela,2,1,2,1,-,-,Preliminary
20080218-1,Monday,18-FEB-2008,-,A1, Standing (STD),Ras Al Khaimah International Airport (RKT),United Arab Emirates,-,0, Substantial, Written off (damaged beyond repair),Ilyushin Il-76TD,4,Soloviev D-30KP-2,1996,-,-, RA-76366, 1043418628,Volga-Dnepr,Test,-,-,-,-,-,-,-,-,-,-,-,0,0,-,-,Preliminary
20080219-0,Tuesday,19-FEB-2008,-,A1, Takeoff (TOF),Putao Airport (PBU),Myanmar,57,0, Damaged beyond repair,-,ATR 72-212,2,Pratt & Whitney Canada PW127,1995,-,-, XY-AIE, 458,Air Bagan,Domestic Scheduled Passenger, 252,Putao Airport,PBU,VYPT,Myanmar,Myitkyina Airport,MYT,VYMK,Myanmar,-,-,0,0,-,-,Preliminary
20080221-0,Thursday,21-FEB-2008,17:00,A1, En route (ENR),ca 10 km NW of Mérida-A Carnevalli Airport (MRD),Venezuela,46,46, Destroyed, Written off (damaged beyond repair),ATR 42-300,2,Pratt & Whitney Canada PW120,1986,-,-, YV1449, 028,Santa Bárbara Airlines,Domestic Scheduled Passenger, 518,Mérida-A Carnevalli Airport,MRD,SVMD,Venezuela,Caracas-Simón Bolívar International Airport,CCS,SVMI,Venezuela,3,43,3,43,-,-,Preliminary
20080222-0,Friday,22-FEB-2008,07:45,A1, Landing (LDG),"Kayenta-Peabody Bedard Field Airport, AZ",United States of America,20,0, Substantial, Written off (damaged beyond repair),Beechcraft 1900D,2,Pratt & Whitney Canada PT6A-67D,1997,-,6497.0, N305PC, UE-299,Peabody Coal Company,Domestic Non Scheduled Passenger,-,Flagstaff-Pulliam Field,FLG,KFLG,United States of America,-,-,-,-,2,18,0,0,-,-,Final
20080224-0,Sunday,24-FEB-2008,17:53,A2, Landing (LDG),Manila-Ninoy Aquino International Airport (MNL),Philippines,35,0, Substantial, Repaired,Dornier 328-100,2,Pratt & Whitney Canada PW119B,1995,-,-, RP-C5328, 3046,South East Asian Airlines,Domestic Scheduled Passenger,DG042,Caticlan-Malay Airport,MPH,RPVE,Philippines,Manila-Ninoy Aquino International Airport,MNL,RPLL,Philippines,3,32,0,0,-,-,Final
20080301-0,Saturday,01-MAR-2008,-,A1, Landing (LDG),near Consuega,Spain,-,-, Damaged beyond repair,-,IRMA/Britten-Norman BN-2B-21 Islander,-,-,1987,-,-, G-PASV, 2157,Unknown,Illegal Flight,-,-,-,-,-,-,-,-,-,-,-,-,-,-,-,-
20080304-0,Tuesday,04-MAR-2008,15:15,A1, En route (ENR),"6,5 km (4.1 mls) SW of Oklahoma City-Wiley Post Airport, OK (PWA)",United States of America,5,5, Destroyed, Written off (damaged beyond repair),Cessna 500 Citation I,2,Pratt & Whitney Canada JT15D-1A,1975,-,-, N113SH, 500-0285,Interstate Helicopters,Executive,-,Oklahoma City-Wiley Post Airport,PWA,KPWA,United States of America,Mankato Municipal Airport,MKT,KMKT,United States of America,2,3,2,3,-,-,Final
20080306-0,Thursday,06-MAR-2008,06:59,A1, Landing (LDG),Wamena Airport (WMX),Indonesia,7,0, Destroyed, Written off (damaged beyond repair),Transall C-160NG,2,Rolls-Royce Tyne 522,1985,8715.0,11593.0, PK-VTQ, F-235,Manunggal Air,Cargo,-,Jayapura-Sentani Airport,DJJ,WAJJ,Indonesia,Wamena Airport,WMX,WAJW,Indonesia,7,0,0,0,-,-,Final
20080307-0,Friday,07-MAR-2008,-,H2, En route (ENR),Lanzhou Airport (LHW),China,-,0, None,-,Boeing 757-200,-,-,-,-,-, registration unknown,-,China Southern,Domestic Scheduled Passenger,6901,Urumqi Airport,URC,ZWWW,China,Beijing-Capital Airport,PEK,ZBAA,China,-,-,0,0,-,-,Preliminary
20080307-1,Friday,07-MAR-2008,-,A2, Landing (LDG),Cape Town International Airport (CPT),South Africa,7,0, Substantial, Repaired,Beechcraft B200 Super King Air,2,Pratt & Whitney Canada PT6A-42,1983,-,8667.0, ZS-LFU, BB-1018,Invicta Bearings,Private,-,Bloemfontein International Airport,BFN,FABL,South Africa,Cape Town International Airport,CPT,FACT,South Africa,1,6,0,0,-,-,Final
20080310-0,Monday,10-MAR-2008,10:20,A1, Landing (LDG),Batam-Hang Nadim Airport (BTH),Indonesia,177,0, Damaged beyond repair,-,Boeing 737-408,2,CFMI CFM56-3C1,1989,-,-, PK-KKT, 24353/1721,AdamAir,Domestic Scheduled Passenger, 292,Jakarta-Soekarno-Hatta International Airport,CGK,WIII,Indonesia,Batam-Hang Nadim Airport,BTH,WIDD,Indonesia,6,171,0,0,-,-,Preliminary
20080314-0,Friday,14-MAR-2008,-,A2, Landing (LDG),Sétif-Ain Arat Airport (QSF),Algeria,120,0, Substantial, Repaired,Boeing 737-8D6,2,CFMI CFM56-7B27,2005,-,-, 7T-VKA, 34164/1748,Air Algérie,International Scheduled Passenger,1143,Paris-Orly Airport,ORY,LFPO,France,Sétif-Ain Arat Airport,QSF,DAAS,Algeria,-,-,0,0,-,-,Preliminary
20080315-0,Saturday,15-MAR-2008,09:20,A1, En route (ENR),"near Bushi Village, Obanliku",Nigeria,3,3, Destroyed, Written off (damaged beyond repair),Beechcraft 1900D,2,Pratt & Whitney Canada PT6A-67D,1998,-,5578.0, 5N-JAH, UE-322,Wings Aviation,Ferry/positioning,-,Lagos-Murtala Muhammed International Airport,LOS,DNMM,Nigeria,-,-,-,-,2,1,2,1,-,-,Final
20080319-0,Wednesday,19-MAR-2008,17:45,A1, Landing (LDG),Mannheim Airport (MHG),Germany,27,0, Substantial, Written off (damaged beyond repair),Dornier 328-110,2,Pratt & Whitney Canada PW119B,1999,13185.0,13029.0, D-CTOB, 3107,Cirrus Airlines,Domestic Scheduled Passenger,1567,Berlin-Tempelhof Airport,THF,EDDI,Germany,Mannheim Airport,MHG,EDFM,Germany,3,24,0,0,-,-,Final
20080319-1,Wednesday,19-MAR-2008,15:07,A1, Landing (LDG),Udaipur-Dabok Airport (UDR),India,7,0, Damaged beyond repair,-,Raytheon 390 Premier I,2,Williams International FJ44-2,2001,812.0,989.0, VT-RAL, RB-23,Ran Air,Executive,-,Jodhpur Airport,JDH,VIJO,India,Udaipur-Dabok Airport,UDR,VAUD,India,2,5,0,0,-,-,Final
20080320-0,Thursday,20-MAR-2008,06:15,A2, Landing (LDG),"Québec City Jean Lesage International Airport, QC (YQB)",Canada,8,0, Minor, Repaired,Canadair CL-600-2A12 Challenger 601,2,General Electric CF34-3A2,1986,-,-, C-FURG, 3063,Gouvernement du Québec,Ambulance,QUE10M,Bonaventure Airport,YVB,CYVB,Canada,Québec City Jean Lesage International Airport,YQB,CYQB,Canada,-,-,0,0,-,-,-
20080321-0,Friday,21-MAR-2008,15:58,A2, Landing (LDG),Limoges-Bellegarde Airport (LIG),France,181,0, Unknown, Repaired,Boeing 737-8AS (WL),2,CFMI CFM56-7B26,2002,-,-, EI-DAF, 29939/1262,Ryanair,International Scheduled Passenger,-,Bruxelles-Sud Charleroi Airport,CRL,EBCI,Belgium,Limoges-Bellegarde Airport,LIG,LFBL,France,6,175,0,0,-,-,Final
20080325-0,Tuesday,25-MAR-2008,08:27,A1, Landing (LDG),Dhaka-Zia International Airport (DAC),Bangladesh,326,0, Damaged beyond repair,-,Boeing 747-357,4,Pratt & Whitney JT9D-7R4G2,1983,-,-, TF-ARS, 22996/586,Air Atlanta Icelandic,Int'l Non Scheduled Passenger,SV810,Madinah-Mohammad Bin Abdulaziz Airport,MED,OEMA,Saudi Arabia,Dhaka-Zia International Airport,DAC,VGZR,Bangladesh,19,307,0,0,-,-,Preliminary - official
20080330-0,Sunday,30-MAR-2008,14:36,A1, Approach (APR),"3,7 km (2.3 mls) NNE of London-Biggin Hill Airport (BQH)",United Kingdom,5,5, Destroyed, Written off (damaged beyond repair),Cessna 500 Citation I,2,Pratt & Whitney Canada JT15D-1A,1975,5352.0,5844.0, VP-BGE, 500-0287,private,Private,-,London-Biggin Hill Airport,BQH,EGKB,United Kingdom,Pau-Uzein Airport,PUF,LFBP,France,2,3,2,3,-,-,Final
20080402-0,Wednesday,02-APR-2008,07:30,A2, Landing (LDG),Odense-Beldringe Airport (ODE),Denmark,4,0, Substantial,-,Cessna 550 Citation II,2,Pratt & Whitney Canada JT15D-4,1981,7872.0,8828.0, OY-BZT, 550-0259,BenAir,Executive,-,Roskilde Airport,RKE,EKRK,Denmark,Odense-Beldringe Airport,ODE,EKOD,Denmark,2,2,0,0,-,-,Preliminary - official
20080403-0,Thursday,03-APR-2008,11:00,A1, En route (ENR),Lawa-Antino Airport,Suriname,19,19, Damaged beyond repair,-,Antonov An-28,2,Glushenkov TVD-10B,1990,-,-, PZ-TSO, 1AJ007-17, Blue Wing Airlines,Domestic Scheduled Passenger,-,Paramaribo-Zorg en Hoop Airport,ORG,SMZO,Suriname,-,-,-,-,2,17,2,17,-,-,Preliminary
20080403-1,Thursday,03-APR-2008,16:30,A1, Initial climb (ICL),3 km (1.9 mls) from  Mwanza (HTMW),Tanzania,2,2, Damaged beyond repair,-,Reims Cessna F406 Caravan II,2,Pratt & Whitney Canada PT6A-112,1989,-,-, 5H-AWK, F406-0030,Auric Air,Training,-,Mwanza Airport,MWZ,HTMW,Tanzania,Mwanza Airport,MWZ,HTMW,Tanzania,2,0,2,0,-,-,Preliminary - official
20080404-0,Friday,04-APR-2008,-,A1, Unknown (UNK),"10 km (6.3 mls) from  Comodoro Rivadavia Airport, CB (CRD)",Argentina,6,0, Substantial, Written off (damaged beyond repair),de Havilland Canada DHC-6 Twin Otter 200,-,-,1969,-,-, T-84, 214,Argentine AF,Military,-,Comodoro Rivadavia Airport,CRD,SAVC,Argentina,-,-,-,-,-,-,0,0,-,-,Preliminary
20080405-0,Saturday,05-APR-2008,10:40,A1, Landing (LDG),"160 km (100 mls) N of Nain, NL",Canada,3,0, Damaged beyond repair,-,de Havilland Canada DHC-6 Twin Otter 300,2,Pratt & Whitney Canada PT6A-27,1975,-,-, C-FIZD, 461,Provincial Airlines,Cargo, 971,Nain Airport,YDP,CYDP,Canada,-,-,-,-,2,1,0,0,-,-,Preliminary - official
20080408-0,Tuesday,08-APR-2008,09:30,A1, Unknown (UNK),Hanoi,Vietnam,5,5, Destroyed, Written off (damaged beyond repair),Antonov An-26,-,-,-,-,-, 265,-,Vietnam People's Air Force,Military,-,-,-,-,-,-,-,-,-,5,0,5,0,-,-,Preliminary
20080409-0,Wednesday,09-APR-2008,23:27,A1, En route (ENR),"19 km (11.9 mls) SE off  Sydney-Kingsford Smith International Airport, NSW (SYD)",Australia,1,1, Destroyed, Written off (damaged beyond repair),Swearingen SA227-AC Metro III,2,Garrett TPE331-11U-611G,1984,46710.0,32339.0, VH-OZA, AC-600,Airtex Aviation,Cargo,-,Sydney-Kingsford Smith International Airport,SYD,YSSY,Australia,Brisbane International Airport,BNE,YBBN,Australia,1,0,1,0,-,-,Final
20080411-0,Friday,11-APR-2008,22:15,A1, Approach (APR),Chisinau Airport (KIV),Moldova,8,8, Destroyed, Written off (damaged beyond repair),Antonov An-32B,2,Ivchenko AI-20,1992,-,-, ST-AZL, 3009, Kata Air Transport,Ferry/positioning,-,Chisinau Airport,KIV,LUKK,Moldova,Antalya Airport,AYT,LTAI,Turkey,8,0,8,0,-,-,Preliminary - official
20080411-1,Friday,11-APR-2008,19:00,A1, En route (ENR),34 km (21.3 mls) from  Tumeremo,Venezuela,-,0, Substantial,-,Dornier Do 28D-2 Skyservant,-,-,-,-,-, YV259T, 4196,private,Illegal Flight,-,-,-,-,-,-,-,-,-,-,-,0,0,-,-,-
20080415-0,Tuesday,15-APR-2008,14:30,A1, Takeoff (TOF),Goma Airport (GOM),Democratic Republic of the Congo,94,3, Destroyed, Written off (damaged beyond repair),McDonnell Douglas DC-9-51,2,Pratt & Whitney JT8D-17,1977,-,-, 9Q-CHN, 47731/860,Hewa Bora Airways,Domestic Scheduled Passenger,-,Goma Airport,GOM,FZNA,Democratic Republic of the Congo,Kisangani-Bangoka International Airport,FKI,FZIC,Democratic Republic of the Congo,8,86,0,3,-,37,Preliminary
20080416-0,Wednesday,16-APR-2008,14:23,A1, Landing (LDG),off Annobón Island,Equatorial Guinea,13,13, Damaged beyond repair,-,Antonov An-32,2,Ivchenko AI-20D-5,1988,-,-, 3C-5GE, 1609,Equatorial Guinea National Guard,Domestic Non Scheduled Passenger,-,Bata Airport,BSG,FGBT,Equatorial Guinea,-,-,-,-,-,-,-,-,-,-,Preliminary
20080419-0,Saturday,19-APR-2008,10:10,A2, Landing (LDG),"Carlsbad-McClellan-Palomar Airport, CA (CLD)",United States of America,4,0, Substantial, Repaired,Cessna 510 Citation Mustang,2,Pratt & Whitney Canada PW615F/A,2007,-,120.0, N54PV, 510-0028,California Natural Products,Private,-,-,-,-,-,Carlsbad-McClellan-Palomar Airport,CLD,KCRQ,United States of America,1,3,0,0,-,-,Final
20080420-0,Sunday,20-APR-2008,14:30,A1, Initial climb (ICL),Santo Domingo-Las Américas International Airport (SDQ),Dominican Republic,117,0, Damaged beyond repair,-,Ilyushin Il-62M,4,Soloviev D-30KU,1991,-,-, CU-T1283, 4053823,Cubana,International Scheduled Passenger,CU201,Santo Domingo-Las Américas José Francisco Peña Gómez Int'l Airport,SDQ,MDSD,Dominican Republic,Havana-José Martí International Airport,HAV,MUHA,Cuba,-,-,0,0,-,-,Preliminary
20080421-0,Monday,21-APR-2008,15:00,A1, Landing (LDG),"Coari Airport, AM (CIZ)",Brazil,17,0, Damaged beyond repair,-,Embraer EMB-110P1 Bandeirante,2,Pratt & Whitney Canada PT6A-34,1981,-,-, PT-OCV, 110359,Rico Linhas Aéreas,Domestic Scheduled Passenger,-,Manaus-Eduardo Gomes International Airport,MAO,SBEG,Brazil,Carauari Airport,CAF,SWCA,Brazil,2,15,0,0,-,-,Final
20080421-1,Monday,21-APR-2008,-,A1, Landing (LDG),Rogachevo Air Base,Russia,-,0, Substantial, Written off (damaged beyond repair),Ilyushin Il-76M,-,-,1980,-,-, RA-86833, 0003422650,Russian AF,Military,-,-,-,-,-,-,-,-,-,-,-,0,0,-,-,-
20080422-0,Tuesday,22-APR-2008,18:17,A1, Landing (LDG),Bucharest-Otopeni International Airport (OTP),Romania,73,0, Damaged beyond repair,-,British Aerospace BAe-146-200,4,Lycoming ALF502R-5,1993,-,-, YR-BEB, E2220,Romavia,Domestic Scheduled Passenger, 204,Timisoara Airport,TSR,LRTR,Romania,Bucharest-Otopeni International Airport,OTP,LROP,Romania,6,67,0,0,-,-,Preliminary
20080428-0,Monday,28-APR-2008,12:40,A1, Takeoff (TOF),Doro Airstrip,South Sudan,5,0, Substantial, Written off (damaged beyond repair),Cessna 208B Grand Caravan,1,Pratt & Whitney Canada PT6A-114A,1990,-,-, 5Y-SPK, 208B0243,AIM Air,Int'l Non Scheduled Passenger,-,-,-,-,-,Nairobi-Wilson Airport,WIL,HKNW,Kenya,1,4,0,0,-,-,Preliminary
20080428-1,Monday,28-APR-2008,13:30,A2, Landing (LDG),"100 km (62.5 mls) NW of Talkeetna, AK",United States of America,8,0, Substantial, Repaired,de Havilland Canada DHC-3T Texas Turbine Otter,1,Garrett TPE331,1954,-,-, N565TA, 46,Talkeetna Air Taxi,Domestic Non Scheduled Passenger,-,Talkeetna Airport,TKA,PATK,United States of America,-,-,-,-,1,7,0,0,-,-,Final
20080429-0,Tuesday,29-APR-2008,04:59,A2, Landing (LDG),Wajir Airport (WJR),Kenya,4,0, Substantial, Repaired,Fokker 50,2,Pratt & Whitney Canada PW125B,1988,-,-, 5Y-VVF, 20136,Blue Bird Aviation,Cargo,-,Nairobi-Wilson Airport,WIL,HKNW,Kenya,-,-,-,-,2,2,0,0,-,-,Final
20080429-1,Tuesday,29-APR-2008,-,A2, Landing (LDG),Harare Airport (HRE),Zimbabwe,9,0, Substantial, Repaired,Beechcraft B200 Super King Air,-,-,1975,-,-, ZS-LYA, BB-26,Private,Int'l Non Scheduled Passenger,-,Harare Airport,HRE,FVHA,Zimbabwe,-,-,-,-,-,-,0,0,-,-,-
20080501-0,Thursday,01-MAY-2008,07:25,A2, Taxi (TXI),"St. John's Airport, NL (YYT)",Canada,4,0, Minor, Repaired,Saab 340A,2,General Electric CT7-5A2,1984,-,-, C-GYQM, 19,Prince Edward Air,Cargo,CME174,Deer Lake Airport,YDF,CYDF,Canada,St. John's Airport,YYT,CYYT,Canada,-,-,0,0,-,-,-
20080502-0,Friday,02-MAY-2008,10:10,A1, En route (ENR),45 km (28.1 mls) NW of Rumbek,South Sudan,21,21, Damaged beyond repair,-,Beechcraft 1900C,2,Pratt & Whitney Canada PT6A-65B,1989,-,-, 5Y-FLX, UC-65,Flex Air,Domestic Non Scheduled Passenger,-,Wau Airport,WUU,HSWW,South Sudan,Rumbek Airport,RBX,HSMK,South Sudan,2,19,2,19,-,-,Preliminary
20080504-0,Sunday,04-MAY-2008,-,A2, Landing (LDG),Quetta Airport (UET),Pakistan,-,0, Substantial, Repaired,Airbus A321-231,2,IAE V2533-A5,-,-,-, AP-BJA ?,-,Airblue,Passenger,-,-,-,-,-,Quetta Airport,UET,OPQT,Pakistan,-,-,0,0,-,-,Preliminary
20080508-0,Thursday,08-MAY-2008,-,O1, Standing (STD),"Greensboro/High Point-Piedmont Triad International Airport, NC (GSO)",United States of America,0,0, Damaged beyond repair,-,ATR 42-320,2,Pratt & Whitney Canada PW121,1992,-,-, N904FX, 259,FedEx,-,-,-,-,-,-,-,-,-,-,0,0,0,0,-,-,- (No safety board investigation)
20080508-1,Thursday,08-MAY-2008,-,O1, Standing (STD),"Greensboro/High Point-Piedmont Triad International Airport, NC (GSO)",United States of America,0,0, Damaged beyond repair,-,ATR 42-320,2,Pratt & Whitney Canada PW121,1992,-,-, N905FX, 271,FedEx,-,-,-,-,-,-,-,-,-,-,0,0,0,0,-,-,- (No safety board investigation)
20080509-0,Friday,09-MAY-2008,20:45,A1, Approach (APR),"Ada, MI",United States of America,1,0, Destroyed, Written off (damaged beyond repair),Cessna 208B Super Cargomaster,1,Pratt & Whitney Canada PT6A-114,1990,-,-, N893FE, 208B0223,FedEx,Cargo,7343,Traverse City Airport,TVC,KTVC,United States of America,Grand Rapids-Gerald R. Ford International Airport,GRR,KGRR,United States of America,1,0,0,0,-,-,Final
20080510-0,Saturday,10-MAY-2008,17:30,A1, Unknown (UNK),near Ulmeni,Romania,2,1, Damaged beyond repair,-,Antonov An-2R,-,-,-,-,-, YR-PBL, 1G196-36,Victor Avia,Unknown,-,-,-,-,-,-,-,-,-,2,0,1,0,-,-,Preliminary
20080516-0,Friday,16-MAY-2008,19:00,A2, Landing (LDG),"Lac du Bonnet, MB",Canada,2,0, Substantial, Repaired,de Havilland Canada DHC-3T/M601 Turbine Otter,1,Walter M-601E-11,1960,-,-, C-GSUV, 376,Adventure Air,Passenger,-,-,-,-,-,-,-,-,-,2,0,0,0,-,-,Preliminary - official
20080520-0,Tuesday,20-MAY-2008,-,A2, En route (ENR),107 km (66.9 mls) from  Boguchany,Russia,3,0, Substantial,-,Antonov An-2R,1,Shvetsov ASh-62IR,1981,-,-, RA-84642, 1G191-20,Avialesookhrana,Survey/research,-,-,-,-,-,-,-,-,-,3,0,0,0,-,-,Preliminary
20080521-0,Wednesday,21-MAY-2008,21:44,A1, Landing (LDG),"1,8 km (1.1 mls) N of Lubbock Preston Smith International Airport, TX (LBB)",United States of America,2,0, Substantial, Written off (damaged beyond repair),Beechcraft T-1A Jayhawk,-,-,-,-,-, 93-0633, TT-90,USAF,Military,-,Lubbock Preston Smith International Airport,LBB,KLBB,United States of America,Lubbock Preston Smith International Airport,LBB,KLBB,United States of America,2,0,0,0,-,-,Final
20080523-0,Friday,23-MAY-2008,01:24,A1, Initial climb (ICL),"5 km (3.1 mls) NE of Billings-Logan International Airport, MT (BIL)",United States of America,1,1, Destroyed, Written off (damaged beyond repair),Beechcraft 1900C,2,Pratt & Whitney Canada PT6A-65B,1986,48452.0,34650.0, N195GA, UB-65,Alpine Aviation,Cargo,5008,Billings-Logan International Airport,BIL,KBIL,United States of America,Great Falls International Airport,GTF,KGTF,United States of America,1,0,1,0,-,-,Final
20080525-0,Sunday,25-MAY-2008,13:31,A1, Takeoff (TOF),Brussel-Zaventem Airport (BRU),Belgium,5,0, Damaged beyond repair,-,Boeing 747-209F,4,Pratt & Whitney JT9D-7Q,1980,20599.0,108560.0, N704CK, 22299/462,Kalitta Air,Cargo, 207,Brussel-Zaventem Airport,BRU,EBBR,Belgium,Bahrain International Airport,BAH,OBBI,Bahrain,4,1,0,0,-,-,Final
20080526-0,Monday,26-MAY-2008,20:11,A1, Approach (APR),11 km (6.9 mls) W of Chelyabinsk Airport (CEK),Russia,9,9, Destroyed, Written off (damaged beyond repair),Antonov An-12BP,4,Ivchenko AI-20M,1968,14828.0,42817.0, RA-12957, 88345508,Moskovia Airlines,Ferry/positioning,2063,Chelyabinsk Airport,CEK,USCC,Russia,Perm Airport,PEE,USPP,Russia,7,2,7,2,-,-,Final
20080526-1,Monday,26-MAY-2008,15:00,A1, Landing (LDG),Goma Airport (GOM),Democratic Republic of the Congo,5,0, Damaged beyond repair,-,Antonov An-32B,2,Ivchenko AI-20,1993,-,-, 9Q-CMG, 3201,GLBC,Cargo,-,Goma Airport,GOM,FZNA,Democratic Republic of the Congo,Kalima-Kakungwa Airport,KLY,FZOD,Democratic Republic of the Congo,5,0,0,0,-,-,Preliminary
20080529-0,Thursday,29-MAY-2008,17:30,O1, Standing (STD),"Kearney Regional Airport, NE (EAR)",United States of America,0,0, Substantial,-,Cessna 750 Citation X,-,-,1997,-,-, N369B, 750-0030,Buckle,-,-,-,-,-,-,-,-,-,-,0,0,0,0,-,-,- (No safety board investigation)
20080530-0,Friday,30-MAY-2008,09:40,A1, Landing (LDG),Tegucigalpa-Toncontin Airport (TGU),Honduras,124,3, Damaged beyond repair,-,Airbus A320-233,2,IAE V2527E-A5,2000,9992.0,21957.0, EI-TAF, 1374,TACA,International Scheduled Passenger, 390,San Salvador-Comalapa International Airport,SAL,MSLP,El Salvador,Tegucigalpa-Toncontin Airport,TGU,MHTG,Honduras,6,118,1,2,-,2,Preliminary - official
20080601-0,Sunday,01-JUN-2008,10:30,A2, Landing (LDG),"Greensburg-Decatur County Airport, IN",United States of America,15,0, Substantial, Repaired,Cessna 208B Grand Caravan,1,Pratt & Whitney Canada PT6A-114A,1997,-,7221.0, N102VE, 208B0618,SkyDive Greensburg,Parachuting,-,-,-,-,-,-,-,-,-,1,14,0,0,-,-,Final
20080607-0,Saturday,07-JUN-2008,08:45,A1, Unknown (UNK),Novoternovskiy,Russia,2,2, Destroyed, Written off (damaged beyond repair),Antonov An-2R,-,-,1981,-,-, RA-68068, 1G193-38,private,Illegal Flight,-,-,-,-,-,-,-,-,-,2,0,2,0,-,-,Preliminary
20080607-1,Saturday,07-JUN-2008,13:50,A2, En route (ENR),18 km (11.3 mls) W of La Junta,Chile,10,1, Substantial, Repaired,Cessna 208B Grand Caravan,1,Pratt & Whitney Canada PT6A-114A,2005,-,-, CC-CTR, 208B1137,Patagonia Airlines,Domestic Scheduled Passenger,-,-,-,-,-,-,-,-,-,1,9,1,0,-,-,Final
20080610-0,Tuesday,10-JUN-2008,20:26,A1, Landing (LDG),Khartoum-Civil Airport (KRT),Sudan,214,30, Destroyed, Written off (damaged beyond repair),Airbus A310-324,2,Pratt & Whitney PW4152,1990,21524.0,53233.0, ST-ATN, 548, Sudan Airways,International Scheduled Passenger, 109,Damascus International Airport,DAM,OSDI,Syria,Khartoum-Civil Airport,KRT,HSSS,Sudan,11,203,1,29,-,-,Final
20080612-0,Thursday,12-JUN-2008,12:45,A1, Takeoff (TOF),Kisangani-Bangoka International Airport (FKI),Democratic Republic of the Congo,-,0, Substantial, Written off (damaged beyond repair),Learjet 35A,2,Garrett TFE731-2-2B,1981,-,-, D-CFAI, 35A-365,FAI Air Service,Cargo,-,Kisangani-Bangoka International Airport,FKI,FZIC,Democratic Republic of the Congo,Bukavu-Kamenbe Airport,BKY,FZMA,Democratic Republic of the Congo,-,-,0,0,-,-,Preliminary - official
20081128-0,Friday,28-NOV-2008,19:00,A1, Landing (LDG),Brindisi-Papola Casale Airport (BDS),Italy,6,0, Damaged beyond repair,-,Dassault Falcon 900EX,-,-,2008,-,-, I-FLYI, 204,Eurofly Service,Executive,-,Milano-Linate Airport,LIN,LIML,Italy,Brindisi-Papola Casale Airport,BDS,LIBR,Italy,3,3,0,0,-,-,Preliminary
20081207-0,Sunday,07-DEC-2008,18:20,A1, Approach (APR),"Lake Atlangatepec, Tlaxcala",Mexico,2,2, Damaged beyond repair,-,Learjet 23,-,-,-,-,-, XC-LGD, 23-037,Tlaxcala State Government,Unknown,-,Puebla/Huejotzingo Airport,PBC,MMPB,Mexico,Tlaxcala Airport,TXA,MMTA,Mexico,2,0,2,0,-,-,Preliminary
20081212-0,Friday,12-DEC-2008,15:45,A1, Landing (LDG),Capurganá Airport (CPB),Colombia,2,0, Substantial,-,Let L-410UVP-E,2,Walter M-601E,1990,-,8396.0, HK-4235, 902423,SEARCA,Cargo,-,Medellín-Enrique Olaya Herrera Airport,EOH,SKMD,Colombia,Capurganá Airport,CPB,SKCA,Colombia,2,0,0,0,-,-,Final
20081212-1,Friday,12-DEC-2008,14:05,A2, Takeoff (TOF),Ewer Airport (EWE),Indonesia,21,0, Substantial, Repaired,de Havilland Canada DHC-6 Twin Otter 300,2,Pratt & Whitney Canada PT6A-27,1971,-,41368.0, PK-BRS, 299,Aviastar Mandiri,Domestic Scheduled Passenger,-,-,-,-,-,Timika-Moses Kilangin (Tembagapura) Airport,TIM,WABP,Indonesia,3,18,0,0,-,-,Final
20081213-0,Saturday,13-DEC-2008,01:43,A1, Landing (LDG),"2,5 km (1.6 mls) SE of Cambridge Bay Airport, NU (YCB)",Canada,14,0, Substantial, Written off (damaged beyond repair),Dornier 228-202,2,Garrett TPE331-5-252D,1987,-,-, C-FYEV, 8133,Summit Air Charters,Domestic Non Scheduled Passenger,-,Resolute Airport,YRB,CYRB,Canada,Cambridge Bay Airport,YCB,CYCB,Canada,2,12,0,0,-,-,Final
20081215-0,Monday,15-DEC-2008,17:10,A1, En route (ENR),"Caribbean Sea, off Turks and Caicos Islands",Atlantic Ocean,12,12, Missing, Presumed damaged beyond repair,Britten-Norman BN-2A Trislander Mk.III-2,3,Lycoming O-540-E4C5,1976,-,-, N650LP, 1029,Línea Aérea Puertorriqueña,Domestic Non Scheduled Passenger,-,Santiago de los Caballeros-Cibao International Airport,STI,MDST,Dominican Republic,Mayaguana Airport,MYG,MYMM,Bahamas,1,11,1,11,-,-,Preliminary
20081218-0,Thursday,18-DEC-2008,-,O1, Standing (STD),Celaya-Capitán Rogelio Castillo National Airport (CYW),Mexico,0,0, Damaged beyond repair,-,Rockwell Sabreliner 60,-,-,1978,-,-, XA-UFQ, 306-130,CESA Cargo,-,-,-,-,-,-,-,-,-,-,0,0,0,0,-,-,-
20081218-1,Thursday,18-DEC-2008,13:19,A2, Landing (LDG),Lanseria Airport (HLA),South Africa,4,0, Substantial, Repaired,Beechcraft 200 Super King Air,2,Pratt & Whitney Canada PT6A-41,1975,-,7990.0, ZS-NXH, BB-37,Ferox Investment,Executive,-,Mmabatho Mafikeng International Airport,MBD,FAMM,South Africa,Lanseria Airport,HLA,FALA,South Africa,2,2,0,0,-,-,Final
20081219-0,Friday,19-DEC-2008,11:10,A1, En route (ENR),25 km (15.6 mls) SE of Olpoi-Lajmoli Airport (OLJ),Vanuatu,10,2, Destroyed, Written off (damaged beyond repair),Britten-Norman BN-2A-20 Islander,2,Lycoming IO-540-K1B5,1970,-,-, YJ-RV2, 145,Air Vanuatu,Domestic Scheduled Passenger, 261,Olpoi-Lajmoli Airport,OLJ,NVSZ,Vanuatu,Luganville/Espirítu Santo-Pekoa International Airport,SON,NVSS,Vanuatu,1,9,1,1,-,-,Final
20081220-0,Saturday,20-DEC-2008,18:18,A1, Takeoff (TOF),"Denver International Airport, CO (DEN)",United States of America,115,0, Destroyed, Written off (damaged beyond repair),Boeing 737-524,2,CFMI CFM56-3C1,1994,-,-, N18611, 27324/2621,Continental Air Lines,Domestic Scheduled Passenger,1404,Denver International Airport,DEN,KDEN,United States of America,Houston-George Bush Intercontinental Airport,IAH,KIAH,United States of America,5,110,0,0,-,-,Final
20081221-0,Sunday,21-DEC-2008,01:00,A1, Landing (LDG),"Chautauqua County-Jamestown Airport, NY (JHW)",United States of America,2,0, Damaged beyond repair,-,Dassault Falcon 20C,2,General Electric CF700-2D2,1966,-,16360.0, N165TW, 65,Ameristar Jet Charter,Cargo,-,Tulsa International Airport,TUL,KTUL,United States of America,Chautauqua County-Jamestown Airport,JHW,KJHW,United States of America,2,0,0,0,-,-,Final
20081223-0,Tuesday,23-DEC-2008,15:00,A1, Landing (LDG),"Lewistown-Sharpe Farms Airport, MO",United States of America,4,0, Substantial, Written off (damaged beyond repair),Raytheon 390 Premier I,2,Williams International FJ44-2A,2004,-,1927.0, N20NL, RB-106,CNS Corporation,Private,-,Kansas City Downtown Municipal Airport,MKC,KMKC,United States of America,-,-,-,-,2,2,0,0,-,-,Final
20089999-0,-,xx-xxx-2008,-,A1, Landing (LDG),N'Djamena Airport (NDJ),Chad,-,0, Damaged beyond repair,-,Antonov An-12B,-,-,1964,-,-, UP-AN208, 4342505,East Wing,Cargo,-,-,-,-,-,-,-,-,-,-,-,0,0,-,-,-
