identifiant,week_day,date,time,type_event,phase,location,country,total_occupants,total_fatalities,aircraft_damage,aircraft_fate,type_aircraft,number_engines,type_engines,first_flight,cycles,total_airframe_hours,registration,c_n_msn,operator,nature,flight_number,departure_airport_name,departure_airport_IATA,departure_airport_ICAO,departure_airport_country,destination_airport_name,destination_airport_IATA,destination_airport_ICAO,destination_airport_country,crew_number,passengers_number,crew_fatalities,passengers_fatalities,collision_casualties,ground_casualties,status
19881123-1,Wednesday,23-NOV-1988,-,O1, Standing (STD),Butzweilerhof,Germany,0,0, Damaged beyond repair,-,Britten-Norman BN-2A-21 Islander,-,-,1976,-,-, B-05, 501,Belgian AF,Military,-,-,-,-,-,-,-,-,-,0,0,0,0,-,-,-
19881123-2,Wednesday,23-NOV-1988,-,O1, Standing (STD),Butzweilerhof,Germany,0,0, Damaged beyond repair,-,Britten-Norman BN-2A-21 Islander,-,-,1976,-,-, B-06, 510,Belgian AF,Military,-,-,-,-,-,-,-,-,-,0,0,0,0,-,-,-
19881129-0,Tuesday,29-NOV-1988,23:01,A1, Approach (APR),"2,4 km (1.5 mls) SW of Chapleau Airport, ON (YLD)",Canada,4,4, Damaged beyond repair,-,Beechcraft A100 King Air,2,Pratt & Whitney Canada PT6A-28,1975,-,9420.0, C-GJUL, B-218,Voyageur Airways,Ambulance, 796,Timmins Airport,YTS,CYTS,Canada,Chapleau Airport,YLD,CYLD,Canada,2,2,2,2,-,-,Final
19881130-0,Wednesday,30-NOV-1988,07:20,A1, Approach (APR),Hamada al Hamra,Libya,14,14, Damaged beyond repair,-,de Havilland Canada DHC-6 Twin Otter 300,2,Pratt & Whitney Canada PT6A-27,1980,-,-, 5A-DDD, 670,Aero Club Libya,Domestic Non Scheduled Passenger,-,-,-,-,-,Tripoli International Airport,TIP,HLLT,Libya,2,12,2,12,-,-,-
19881202-0,Friday,02-DEC-1988,-,H2, Unknown (UNK),Tel aviv-Ben Gurion International Airport (TLV),Israel,8,0, None,-,Ilyushin Il-76T,-,-,-,-,-, registration unknown,-,Aeroflot,Unknown,-,Mineralnye Vody Airport,MRV,URMM,Russia,Tel Aviv-Ben Gurion International Airport,TLV,LLBG,Israel,3,5,0,0,-,-,-
19881203-0,Saturday,03-DEC-1988,-,A1, Landing (LDG),"Waskaganish Airport, QC (YKQ)",Canada,3,0, Damaged beyond repair,-,Hawker Siddeley HS-748-234 Srs. 2A,2,Rolls-Royce Dart 534-2,1968,-,-, C-GQSV, 1618,Air Creebec,Cargo,-,-,-,-,-,Waskaganish Airport,YKQ,CYKQ,Canada,3,0,0,0,-,-,-
19881207-0,Wednesday,07-DEC-1988,19:33,A1, Approach (APR),"4,7 km (2.9 mls) from  Kodinsk Airport",Russia,14,6, Damaged beyond repair,-,Let L-410UVP,-,-,1979,-,-, CCCP-67127, 790323,Aeroflot / Krasnoyarsk,Domestic Scheduled Passenger,-,-,-,-,-,-,-,-,-,2,12,2,4,-,-,-
19881208-1,Thursday,08-DEC-1988,-,C1, En route (ENR),Western Sahara,Western Sahara,5,5, Damaged beyond repair,-,Douglas DC-7CF,-,-,1957,-,-, N284, 45203/776,USAID,Ferry/positioning,-,Dakar-Yoff Airport,DKR,GOOY,Senegal,Agadir-Inezgane Airport,AGA,GMAA,Morocco,5,0,5,0,-,-,-
19881208-2,Thursday,08-DEC-1988,-,C2, En route (ENR),Western Sahara,Western Sahara,-,0, Substantial, Repaired,Douglas DC-7CF,-,-,1956,-,-, N90804, 45116/750,USAID,Ferry/positioning,-,Dakar-Yoff Airport,DKR,GOOY,Senegal,Agadir-Inezgane Airport,AGA,GMAA,Morocco,-,0,0,0,-,-,-
19881210-0,Saturday,10-DEC-1988,20:00,C1, En route (ENR),at an unknown location,Pakistan,25,25, Damaged beyond repair,-,Antonov An-26,-,-,-,-,-, registration unknown,-,Ariana Afghan Airlines,Domestic Scheduled Passenger,-,Khost Airport,KHT,OAKS,Afghanistan,Kabul-Khwaja Rawash Airport,KBL,OAKB,Afghanistan,-,-,-,-,-,-,-
19881211-0,Sunday,11-DEC-1988,-,A1, Approach (APR),15 km (9.4 mls) from  Leninakan Airport (LWN),Armenia,78,77, Damaged beyond repair,-,Ilyushin Il-76M,-,-,1978,-,-, CCCP-86732, 083413388,Soviet AF,Domestic Non Scheduled Passenger,-,Baku-Bina International Airport,BAK,UBBB,Azerbaijan,Leninakan Airport,LWN,UDSG,Armenia,9,69,9,68,-,-,Preliminary
19881211-1,Sunday,11-DEC-1988,-,H2, En route (ENR),Grand Turk Island Airport (GDT),Turks and Caicos Islands,128,0, None,-,Boeing 727-231,-,-,-,-,-, registration unknown,-,TWA,Domestic Scheduled Passenger,TW469,San Juan-Luis Muñoz Marín International Airport,SJU,TJSJ,Puerto Rico,Miami International Airport,MIA,KMIA,United States of America,7,121,0,0,-,-,-
19881212-0,Monday,12-DEC-1988,02:23,A1, Approach (APR),near Yerevan,Armenia,7,7, Damaged beyond repair,-,Antonov An-12BP,4,Ivchenko AI-20M,1972,4727.0,8388.0, YU-AID, 02348010,Yugoslav AF,Cargo,-,-,-,-,-,Yerevan Airport,EVN,UDYZ,Armenia,7,0,7,0,-,-,Preliminary
19881213-0,Tuesday,13-DEC-1988,-,A1, Unknown (UNK),near Naryan-Mar,Russia,-,0, Damaged beyond repair,-,Antonov An-2R,-,-,-,-,-, CCCP-81535, 1G208-39,Aeroflot / Arkhangelsk,Unknown,-,-,-,-,-,-,-,-,-,-,-,0,0,-,-,-
19881213-1,Tuesday,13-DEC-1988,21:50,A1, En route (ENR),Karm `Umran,Egypt,8,8, Damaged beyond repair,-,Boeing 707-351C,4,Pratt & Whitney JT3D-3B,1966,-,-, 5N-AYJ, 19168/508,GAS Air Nigeria,Cargo,-,Dar Es Salaam International Airport,DAR,HTDA,Tanzania,Cairo International Airport,CAI,HECA,Egypt,5,3,5,3,-,1,-
19881216-0,Friday,16-DEC-1988,-,A1, En route (ENR),Cuatro Ciénegas,Mexico,2,2, Damaged beyond repair,-,Learjet 24B,-,-,-,-,-, N234CM, 24-214,Crown Center Aviation,Unknown,-,Memphis International Airport,MEM,KMEM,United States of America,Dallas-Addison Airport,ADS,KADS,United States of America,2,0,2,0,-,-,-
19881219-0,Monday,19-DEC-1988,-,A1, Landing (LDG),Catarman-National Airport (CRM),Philippines,16,0, Damaged beyond repair,-,Fokker F-27 Friendship 200MAR,-,-,1980,984.0,2623.0, 10602, 10602,Philippine AF,Military,-,Manila International Airport,MNL,RPLL,Philippines,Catarman-National Airport,CRM,RPVF,Philippines,-,-,0,0,-,-,-
19881221-0,Wednesday,21-DEC-1988,19:03,C1, En route (ENR),Lockerbie,United Kingdom,259,259, Destroyed, Written off (damaged beyond repair),Boeing 747-121A,4,Pratt & Whitney JT9D-7A,1970,16497.0,72464.0, N739PA, 19646/15,Pan Am,International Scheduled Passenger,PA103,London-Heathrow Airport,LHR,EGLL,United Kingdom,New York-John F. Kennedy International Airport,JFK,KJFK,United States of America,16,243,16,243,-,11,Final
19881299-3,-,xx-DEC-1988,-,U1, Unknown (UNK),at an unknown location,Bahamas,-,-, Damaged beyond repair,-,Britten-Norman BN-2A-26 Islander,-,-,1967,-,-, N851JA, 11,Trans Island Airways,Unknown,-,-,-,-,-,-,-,-,-,-,-,-,-,-,-,-
19889999-0,-,xx-xxx-1988,-,A1, Landing (LDG),Santo Domingo,Dominican Republic,-,-, Damaged beyond repair,-,Lockheed L-749A Constellation,-,-,1951,-,-, HI-422, 2667,Aerochago Airlines,Cargo,-,-,-,-,-,-,-,-,-,-,-,-,-,-,-,-
19889999-1,-,xx-xxx-1988,-,A1, Landing (LDG),Tshikapa Airport (TSH),Democratic Republic of the Congo,-,0, Damaged beyond repair,-,Vickers 757 Viscount,4,Rolls-Royce Dart 506,1958,-,-, 9Q-CTS, 310,Filair,Unknown,-,-,-,-,-,Tshikapa Airport,TSH,FZUK,Democratic Republic of the Congo,-,-,0,0,-,-,-
19880102-1,Saturday,02-JAN-1988,19:18,A1, Approach (APR),near Seferihisar,Turkey,16,16, Damaged beyond repair,-,Boeing 737-230 Adv.,2,Pratt & Whitney JT8D-17A,1981,-,19334.0, D-ABHD, 22635/774,Condor Flugdienst,Int'l Non Scheduled Passenger,3782,Stuttgart-Echterdingen Airport,STR,EDDS,Germany,Izmir-Adnan Menderes Airport,ADB,LTBJ,Turkey,5,11,5,11,-,-,Final
19880104-0,Monday,04-JAN-1988,-,H2, En route (ENR),Monterrey,Mexico,118,0, None,-,McDonnell Douglas DC-9,-,-,-,-,-, registration unknown,-,Aeroméxico,Domestic Scheduled Passenger,-,Tijuana-Rodriguez Airport,TIJ,MMTJ,Mexico,Mexico City International Airport,MEX,MMMX,Mexico,8,110,0,0,-,-,-
19880105-0,Tuesday,05-JAN-1988,-,H2, Taxi (TXI),Tehran-Mehrabad Airport (THR),Iran,-,0, Unknown,-,unknown,-,-,-,-,-, registration unknown,-,Iran Air,Domestic Scheduled Passenger,-,Tehran-Mehrabad Airport,THR,OIII,Iran,Mashhad Airport,MHD,OIMM,Iran,-,-,0,0,-,-,-
19880108-0,Friday,08-JAN-1988,-,A1, Landing (LDG),Luanda Airport (LAD),Angola,-,0, Damaged beyond repair,-,Yakovlev Yak-40K,3,Ivchenko AI-25,1977,-,-, D2-TYD, 9721853,TAAG,Unknown,-,-,-,-,-,Luanda Airport,LAD,FNLU,Angola,-,-,0,0,-,-,-
19880108-1,Friday,08-JAN-1988,05:19,A1, Approach (APR),"16 km (10 mls) SW of Monroe Municipal Airport, LA (MLU)",United States of America,2,2, Destroyed, Written off (damaged beyond repair),Learjet 36A,2,Garrett TFE731-2-2B,-,-,3039.0, N79SF, 36-041,Phoenix Air,Unknown,-,Memphis International Airport,MEM,KMEM,United States of America,Monroe Municipal Airport,MLU,KMLU,United States of America,2,0,2,0,-,-,Final
19880110-1,Sunday,10-JAN-1988,09:36,A1, Takeoff (TOF),Yonago-Miho Airport (YGJ),Japan,52,0, Damaged beyond repair,-,NAMC YS-11-109,2,Rolls-Royce Dart 542-10,1966,-,-, JA8662, 2022,TOA Domestic,Domestic Scheduled Passenger, 670,Yonago-Miho Airport,YGJ,RJOH,Japan,Osaka-Itami Airport,ITM,RJOO,Japan,4,48,0,0,-,-,Final
19880111-0,Monday,11-JAN-1988,12:44,A1, Taxi (TXI),Southend Municipal Airport (SEN),United Kingdom,2,0, Damaged beyond repair,-,Shorts 330-200,-,-,1980,-,-, G-BHWT, SH.3049,Fairflight,Ferry/positioning,-,Southend Municipal Airport,SEN,EGMC,United Kingdom,London-Biggin Hill Airport,BQH,EGKB,United Kingdom,2,0,0,0,-,-,-
19880111-1,Monday,11-JAN-1988,12:44,O1, Standing (STD),Southend Municipal Airport (SEN),United Kingdom,0,0, Damaged beyond repair,-,Vickers 806 Viscount,4,Rolls-Royce Dart 510,1958,-,-, G-APIM, 412,BAF,-,-,-,-,-,-,-,-,-,-,0,0,0,0,-,-,-
19880112-0,Tuesday,12-JAN-1988,-,A1, Landing (LDG),"Hamilton Airport, ON (YHM)",Canada,3,0, Damaged beyond repair,-,Swearingen SA226-AT Merlin IV,-,-,1973,-,-, C-GJWW, AT-013,Air Toronto,Non Scheduled Passenger,-,-,-,-,-,Hamilton Airport,YHM,CYHM,Canada,2,1,0,0,-,-,-
19880115-0,Friday,15-JAN-1988,09:24,A1, Takeoff (TOF),Lugano Airport (LUG),Switzerland,2,0, Damaged beyond repair,-,Dassault Falcon 20F,2,General Electric CF700-2D2,1970,6410.0,6569.0, VR-BJB, 244,Segas International,Executive,-,Lugano Airport,LUG,LSZA,Switzerland,Roma-Ciampino Airport,CIA,LIRA,Italy,2,0,0,0,-,-,Final
19880117-0,Sunday,17-JAN-1988,07:28,A2, Takeoff (TOF),"Vancouver International Airport, BC (YVR)",Canada,38,0, Substantial, Repaired,Boeing 737-2T2,2,Pratt & Whitney JT8D-17,1982,-,12757.0, N4571M, 22793/892,Delta Air Lines,International Scheduled Passenger,DL1490,Vancouver International Airport,YVR,CYVR,Canada,Spokane International Airport,GEG,KGEG,United States of America,5,33,0,0,-,-,Final
19880118-0,Monday,18-JAN-1988,10:10,A1, Approach (APR),"Houston-William P. Hobby Airport, TX (HOU)",United States of America,8,1, Destroyed, Written off (damaged beyond repair),Hawker Siddeley HS-125-600B,2,Rolls-Royce Viper 601,1974,-,2812.0, XA-KUT, 256028,Aero Astra,Executive,-,Laredo International Airport,LRD,KLRD,United States of America,Houston-William P. Hobby Airport,HOU,KHOU,United States of America,2,6,1,0,-,-,Final
19880118-3,Monday,18-JAN-1988,22:17,A1, Approach (APR),"5,7 km (3.6 mls) NW of Chongqing Baishiyi Airport",China,108,108, Destroyed, Written off (damaged beyond repair),Ilyushin Il-18D,4,Ivchenko AI-20M,1967,-,-, B-222, 187009901,China Southwest,Domestic Scheduled Passenger,4146,Beijing-Capital International Airport,PEK,ZBAA,China,-,-,-,-,10,98,10,98,-,-,-
19880118-5,Monday,18-JAN-1988,-,A1, En route (ENR),100 km (62.5 mls) NE of La Paz,Bolivia,9,9, Damaged beyond repair,-,Curtiss C-46A-55-CK Commando,2,Pratt & Whitney R-2800-51,1945,-,-, CP-1244,   246,ETA,Domestic Non Scheduled Passenger,-,La Paz-El Alto Airport,LPB,SLLP,Bolivia,-,-,-,-,3,6,3,6,-,-,-
19880118-6,Monday,18-JAN-1988,04:20,A1, Landing (LDG),Krasnovodsk Airport (KRW),Turkmenistan,143,11, Damaged beyond repair,-,Tupolev Tu-154B-1,3,Kuznetsov NK-8-2U,1977,8082.0,15859.0, CCCP-85254, 77A254,Aeroflot / Turkmenistan,Domestic Scheduled Passenger,-,Moskva-Domodedovo Airport,DME,UUDD,Russia,Krasnovodsk Airport,KRW,UTAK,Turkmenistan,6,137,0,11,-,-,-
19880119-0,Tuesday,19-JAN-1988,19:13,A1, Approach (APR),"1,6 km (1 mls) S of Charlotte-Douglas Airport, NC (CLT)",United States of America,1,0, Substantial, Written off (damaged beyond repair),de Havilland Canada DHC-6 Twin Otter 200,2,Pratt & Whitney Canada PT6A-20,1968,-,-, N996SA, 159,Mountain Air Cargo,Ferry/positioning,-,Erie International Airport,ERI,KERI,United States of America,Charlotte-Douglas Airport,CLT,KCLT,United States of America,1,0,0,0,-,-,Final
19880119-1,Tuesday,19-JAN-1988,-,A1, Approach (APR),near Green Island Airport (GNI),Taiwan,11,10, Damaged beyond repair,-,Pilatus Britten-Norman BN-2A-26 Islander,-,-,1986,-,-, B-11125, 2029,Taiwan Airlines,Domestic Scheduled Passenger,-,Taitung Airport,TTT,RCFN,Taiwan,Green Island Airport,GNI,RCGI,Taiwan,2,9,-,-,-,-,-
19880119-3,Tuesday,19-JAN-1988,19:20,A1, Approach (APR),"8 km (5 mls) NE of Durango-La Plata Airport, CO (DRO)",United States of America,17,8, Destroyed, Written off (damaged beyond repair),Swearingen SA227-AC Metro III,2,Garrett TPE331-11U-611G,1981,-,11895.0, N68TC, AC-457,Trans-Colorado Airlines,Domestic Scheduled Passenger,2286,Denver-Stapleton International Airport,DEN,KDEN,United States of America,Durango-La Plata Airport,DRO,KDRO,United States of America,2,15,2,6,-,-,Final
19880123-0,Saturday,23-JAN-1988,-,C1, Maneuvering (MNV),40 km (25 mls) E of San Carlos,Nicaragua,10,9, Destroyed, Written off (damaged beyond repair),Douglas DC-6,-,-,-,-,-, registration unknown,-,Nicaraguan Contras,Military,-,-,-,-,-,-,-,-,-,10,0,9,0,-,-,-
19880124-0,Sunday,24-JAN-1988,16:49,A1, Initial climb (ICL),near Nizhnevartovsk Airport (NJC),Russia,31,27, Damaged beyond repair,-,Yakovlev Yak-40,3,Ivchenko AI-25,1975,-,-, CCCP-87549, 9531442,Aeroflot / Privolzhsk,Domestic Non Scheduled Passenger,-,Nizhnevartovsk Airport,NJC,USNN,Russia,Tyumen Airport,TJM,USTR,Russia,4,27,4,23,-,-,-
19880129-0,Friday,29-JAN-1988,01:11,A1, Takeoff (TOF),Toulouse-Blagnac Airport (TLS),France,4,0, Damaged beyond repair,-,Vickers 953C Vanguard,4,Rolls-Royce Tyne 512,1961,-,30019.0, F-GEJF, 715,Inter Cargo Service,Cargo,1004,Toulouse-Blagnac Airport,TLS,LFBO,France,Paris-Orly Airport,ORY,LFPO,France,3,1,0,0,-,-,Final
19880130-0,Saturday,30-JAN-1988,-,A1, En route (ENR),within Darién Province,Panama,16,16, Damaged beyond repair,-,CASA C-212 Aviocar 200,-,-,1982,-,-, FAP-215, 237,Panamese AF,Military,-,Panama City-Omar Torrijos International Airport,PTY,MPTO,Panama,-,-,-,-,2,14,2,14,-,-,-
19880201-0,Monday,01-FEB-1988,-,U1, Unknown (UNK),Rouen,France,-,0, Damaged beyond repair,-,Swearingen SA226-TC Metro II,-,-,1974,-,-, F-GERV, TC-210,Air Vendée,Unknown,-,-,-,-,-,-,-,-,-,-,-,0,0,-,-,-
19880202-1,Tuesday,02-FEB-1988,20:32,A1, Landing (LDG),"Durango-La Plata Airport, CO (DRO)",United States of America,41,0, Substantial, Written off (damaged beyond repair),Convair CV-580,2,Allison 501-D13H,1956,-,53781.0, N5808, 348,Aspen Airways,Domestic Scheduled Passenger,-,Denver-Stapleton International Airport,DEN,KDEN,United States of America,Durango-La Plata Airport,DRO,KDRO,United States of America,3,38,0,0,-,-,Final
19880208-0,Monday,08-FEB-1988,-,A1, Landing (LDG),Bangkok International Airport (BKK),Thailand,-,-, Damaged beyond repair,-,Douglas AC-47,-,-,1944,-,-, L2-34/13/789, 13740,Thai AF,Military,-,-,-,-,-,Bangkok-Don Muang International Airport,BKK,VTBD,Thailand,-,-,-,-,-,-,Preliminary
19880208-1,Monday,08-FEB-1988,-,A1, Approach (APR),Luanda-4 de Fevereiro Airport (LAD),Angola,9,0, Damaged beyond repair,-,Boeing 707-349C,4,Pratt & Whitney JT3D-3B,1965,-,-, D2-TOI, 18975/445,TAAG,Cargo,-,-,-,-,-,Luanda-4 de Fevereiro Airport,LAD,FNLU,Angola,9,0,0,0,-,-,-
19880208-2,Monday,08-FEB-1988,07:58,A1, Approach (APR),2 km (1.3 mls) N of Kettwig,Germany,21,21, Destroyed, Written off (damaged beyond repair),Swearingen SA227-AC Metro III,2,Garrett TPE331-11U-601G,1982,-,9184.0, D-CABB, AC-500,NFD,Domestic Scheduled Passenger, 108,Hannover Airport,HAJ,EDDV,Germany,Düsseldorf Airport,DUS,EDDL,Germany,2,19,2,19,-,-,Final
19880208-3,Monday,08-FEB-1988,-,U1, Unknown (UNK),"Tuting, Arunachal Pradesh",India,-,-, Damaged beyond repair,-,Antonov An-32,-,-,1985,-,-, K2713, 0508,Indian AF,Military,-,-,-,-,-,-,-,-,-,-,-,-,-,-,-,-
19880209-0,Tuesday,09-FEB-1988,15:00,A1, Approach (APR),"Springfield Airport, OH (SGH)",United States of America,3,3, Destroyed, Written off (damaged beyond repair),British Aerospace 3102 Jetstream 31,2,Garrett TPE331-10UF,1983,-,8219.0, N823JS, 623,Piedmont Commuter,Training,-,Dayton-James Cox Dayton International Airport,DAY,KDAY,United States of America,Springfield Airport,SGH,KSGH,United States of America,3,0,3,0,-,-,Final
19880211-0,Thursday,11-FEB-1988,03:32,A1, En route (ENR),"Lake Ontario, ON",Canada,2,2, Damaged beyond repair,-,Swearingen SA226-TC Metro II,-,-,1974,-,-, C-GJDX, TC-211EE,Air Niagara,Ferry/positioning,-,Toronto-Pearson International Airport,YYZ,CYYZ,Canada,Hamilton Airport,YHM,CYHM,Canada,2,0,2,0,-,-,-
19880211-1,Thursday,11-FEB-1988,17:03,A1, Landing (LDG),"Wheeling-Ohio County Airport, WV (HLG)",United States of America,9,0, Damaged beyond repair,-,Dassault Falcon 20D,2,General Electric CF700-2D2,1969,-,7163.0, N287W, 194,Nevada Flyco,Executive,-,Akron/Canton Regional Airport,CAK,KCAK,United States of America,Wheeling-Ohio County Airport,HLG,KHLG,United States of America,2,7,0,0,-,-,Final
19880213-0,Saturday,13-FEB-1988,-,H2, En route (ENR),Dar es Salaam International Airport (DAR),Tanzania,76,0, None,-,Boeing 737-2R8C,2,Pratt & Whitney JT8D-17,-,-,-, registration unknown,-,Air Tanzania,Domestic Scheduled Passenger,-,Dar es Salaam International Airport,DAR,HTDA,Tanzania,Kilimanjaro Airport,JRO,HTKJ,Tanzania,-,-,0,0,-,-,-
19880217-0,Wednesday,17-FEB-1988,-,A1, Landing (LDG),Hanoi-Noibai Airport (HAN),Vietnam,-,0, Damaged beyond repair,-,Tupolev Tu-134A,-,-,1976,-,-, VN-A108, 6348430,Hâng Không Viêtnam,Unknown,-,-,-,-,-,Hanoi-Noi Bai International Airport,HAN,VVNB,Vietnam,-,-,0,0,-,-,Preliminary
19880219-0,Friday,19-FEB-1988,-,A1, Unknown (UNK),near Campeche,Mexico,6,6, Damaged beyond repair,-,CASA C-212 Aviocar 200,-,-,1986,-,-, MP-113, 345,Mexican Navy,Military,-,-,-,-,-,-,-,-,-,-,-,-,-,-,-,-
19880219-1,Friday,19-FEB-1988,21:27,A1, Initial climb (ICL),"1,5 km (0.9 mls) W of Raleigh/Durham Airport, NC (RDU)",United States of America,12,12, Destroyed, Written off (damaged beyond repair),Swearingen SA227-AC Metro III,2,Garrett TPE331-11U-611G,1985,-,4222.0, N622AV, AC-622,AVAir,Domestic Scheduled Passenger,3378,Raleigh/Durham Airport,RDU,KRDU,United States of America,Richmond International Airport (Byrd Field),RIC,KRIC,United States of America,2,10,2,10,-,-,Final
19880222-0,Monday,22-FEB-1988,-,H2, Unknown (UNK),Kaohsiung International Airport (KHH),Taiwan,106,0, None,-,Boeing 737,-,-,-,-,-, registration unknown,-,China Airlines,Domestic Scheduled Passenger,-,-,-,-,-,Kaohsiung International Airport,KHH,RCKH,Taiwan,-,-,0,0,-,-,-
19880224-0,Wednesday,24-FEB-1988,-,A1, Approach (APR),"2 km (1.3 mls) from  Macaé Airport, RJ (MEA)",Brazil,6,2, Damaged beyond repair,-,Learjet 24F,-,-,-,-,-, PT-LMA, 24-353,Transamérica Táxi Aéreo,Training,-,-,-,-,-,Macaé Airport,MEA,SBME,Brazil,4,2,2,0,-,-,-
19880225-0,Thursday,25-FEB-1988,-,A1, Unknown (UNK),Dinard-Pleurtuit Airport (DNR) ?,France,-,0, Damaged beyond repair,-,Beechcraft 99A Airliner,2,Pratt & Whitney Canada PT6A-27,1970,-,-, F-BTMJ, U-129,TAT,Unknown,-,Dinard-Pleurtuit Airport,DNR,LFRD,France,-,-,-,-,-,-,0,0,-,-,Preliminary
19880226-0,Friday,26-FEB-1988,-,A1, Unknown (UNK),Saskylakh,Russia,-,-, Damaged beyond repair,-,Antonov An-2R,-,-,1967,-,-, CCCP-01648, 1G82-42,Aeroflot / Yakutsk,Unknown,-,-,-,-,-,-,-,-,-,-,-,-,-,-,-,-
19880227-0,Saturday,27-FEB-1988,06:08,A1, Approach (APR),Surgut Airport (SGC),Russia,51,20, Damaged beyond repair,-,Tupolev Tu-134AK,-,-,1972,12656.0,18900.0, CCCP-65675, 2351705,Aeroflot / Belarus,Domestic Scheduled Passenger,-,Tyumen Airport,TJM,USTR,Russia,Surgut Airport,SGC,USRR,Russia,6,45,3,17,-,-,-
19880227-1,Saturday,27-FEB-1988,10:25,A1, Approach (APR),near Girne Arap,Cyprus,15,15, Damaged beyond repair,-,Boeing 727-2H9,3,Pratt & Whitney JT8D-9A,1974,-,-, TC-AKD, 20930/1044,Talia Airways,Ferry/positioning,-,Istanbul-Atatürk International Airport,IST,LTBA,Turkey,Ercan Airport,ECN,LCEN,Turkey,6,9,6,9,-,-,Preliminary - official
19880301-0,Tuesday,01-MAR-1988,-,C1, Approach (APR),"Germiston, c. 13 km SW of Johannesburg International Airport (JNB'",South Africa,17,17, Destroyed, Written off (damaged beyond repair),Embraer EMB-110P1 Bandeirante,2,Pratt & Whitney Canada PT6A-34,1982,-,-, ZS-LGP, 110402,Bop Air,Domestic Scheduled Passenger,-,Phalaborwa Airport,PHW,FAPH,South Africa,Johannesburg International Airport,JNB,FAJS,South Africa,2,15,2,15,-,-,-
19880301-1,Tuesday,01-MAR-1988,-,A1, Unknown (UNK),unknown,Australia,-,0, Damaged beyond repair,-,Beechcraft 200 Super King Air,-,-,1975,-,-, VH-IBC, BB-74,Norfolk Pacific Aviation,Unknown,-,-,-,-,-,-,-,-,-,-,-,0,0,-,-,-
19880304-0,Friday,04-MAR-1988,07:37,A1, Approach (APR),"1,6 km (1 mls) E of Machault",France,23,23, Destroyed, Written off (damaged beyond repair),Fairchild FH-227B,2,Rolls-Royce Dart 532-7,1967,55843.0,33142.0, F-GCPS, 546,TAT,Domestic Scheduled Passenger,IJ230,Nancy-Essey Airport,ENC,LFSN,France,Paris-Orly Airport,ORY,LFPO,France,3,20,3,20,-,-,Final
19880308-0,Tuesday,08-MAR-1988,-,H1, En route (ENR),Leningrad-Pulkovo Airport (LED),Russia,84,9, Damaged beyond repair,-,Tupolev Tu-154B-2,3,Kuznetsov NK-8-2U,1980,4669.0,11411.0, CCCP-85413, 80A413,Aeroflot / East Siberia,Domestic Scheduled Passenger,SU3739,Kurgan Airport,KRO,USUU,Russia,Leningrad-Pulkovo Airport,LED,ULLI,Russia,8,76,1,8,-,-,-
19880308-1,Tuesday,08-MAR-1988,-,A1, Unknown (UNK),near Charbatia Air Base,India,9,9, Damaged beyond repair,-,Antonov An-12B,-,-,-,-,-, L2174, 6343806,Indian AF,Military,-,-,-,-,-,-,-,-,-,-,-,-,-,-,8,-
19880312-0,Saturday,12-MAR-1988,-,H2, En route (ENR),Quetta Airport (UET),Pakistan,156,0, None,-,Airbus A300B4-203,-,-,-,-,-, registration unknown,-,PIA,Domestic Scheduled Passenger,PK320,Karachi International Airport,KHI,OPKC,Pakistan,Quetta Airport,UET,OPQT,Pakistan,13,143,0,0,-,-,-
19880317-0,Thursday,17-MAR-1988,13:17,A1, En route (ENR),25 km (15.6 mls) NW of Cúcuta-Camilo Daza Airport (CUC),Colombia,143,143, Destroyed, Written off (damaged beyond repair),Boeing 727-21,3,Pratt & Whitney JT8D-7A,1966,-,43848.0, HK-1716, 18999/240,Avianca,Domestic Scheduled Passenger,AV410,Cúcuta-Camilo Daza Airport,CUC,SKCC,Colombia,Cartagena-Rafael Núñez Airport,CTG,SKCG,Colombia,7,136,7,136,-,-,Final
19880325-0,Friday,25-MAR-1988,08:30,A1, En route (ENR),"near Decatur, TX",United States of America,2,0, Substantial, Written off (damaged beyond repair),British Aerospace 3101 Jetstream 31,2,Garrett TPE331-10UR-513H,1985,-,4475.0, N411AE, 671,Chaparral Airlines,Ferry/positioning,-,Wichita Falls-Sheppard AFB,SPS,KSPS,United States of America,Dallas/Fort Worth International Airport,DFW,KDFW,United States of America,2,0,0,0,-,-,Final
19880331-0,Thursday,31-MAR-1988,04:07,A1, Takeoff (TOF),Cairo International Airport (CAI),Egypt,4,4, Damaged beyond repair,-,Douglas DC-8-55F,4,Pratt & Whitney JT3D-3B,1966,-,-, 5N-ARH, 45859/253,Arax Airlines,Cargo,-,Cairo International Airport,CAI,HECA,Egypt,Sharjah Airport,SHJ,OMSJ,United Arab Emirates,4,0,4,0,-,-,-
19880405-0,Tuesday,05-APR-1988,-,H2, En route (ENR),Algiers-Houari Boumediene Airport (ALG),Algeria,112,2, Unknown,-,Boeing 747-269B,4,Pratt & Whitney JT9D-7J,1978,-,-, 9K-ADB, 21542/335,Kuwait Airways,International Scheduled Passenger, 422,Bangkok-Don Muang International Airport,BKK,VTBD,Thailand,Kuwait International Airport,KWI,OKBK,Kuwait,-,-,0,2,-,-,-
19880410-0,Sunday,10-APR-1988,03:10,C1, En route (ENR),near Maimana,Afghanistan,29,29, Damaged beyond repair,-,Antonov An-26,-,-,-,-,-, registration unknown,-,Afghan AF,Military,-,Maimana Airport,MMZ,OAMN,Afghanistan,Mazar-I-Sharif Airport,MZR,OAMS,Afghanistan,6,23,6,23,-,-,-
19880412-2,Tuesday,12-APR-1988,20:08,A1, En route (ENR),near Hennenman,South Africa,24,24, Damaged beyond repair,-,Douglas DC-3C,-,-,1942,-,-, ZS-UAS, 6154,United Air,Domestic Non Scheduled Passenger,-,Bloemfontein International Airport,BFN,FABL,South Africa,Johannesburg International Airport,JNB,FAJS,South Africa,3,21,3,21,-,-,-
19880413-1,Wednesday,13-APR-1988,05:13,A2, Takeoff (TOF),Frankfurt International Airport (FRA),Germany,4,0, Substantial, Repaired,McDonnell Douglas DC-8-73CF,-,-,-,-,-, TR-LTZ, 46053/446,Gabon Government,Cargo,-,Frankfurt International Airport,FRA,EDDF,Germany,New York-John F. Kennedy International Airport,JFK,KJFK,United States of America,3,1,0,0,-,-,Final
19880414-0,Thursday,14-APR-1988,09:45,A2, En route (ENR),"Charleston, WV",United States of America,62,0, Substantial, Repaired,Fokker F-28 Fellowship 4000,-,-,1982,-,14441.0, N110UR, 11182,Piedmont Airlines,Domestic Scheduled Passenger,-,Charlotte-Douglas Airport,CLT,KCLT,United States of America,Charleston-Yeager Airport,CRW,KCRW,United States of America,6,56,0,0,-,-,Final
19880415-0,Friday,15-APR-1988,18:32,A1, Landing (LDG),"Seattle/Tacoma International Airport, WA (SEA)",United States of America,40,0, Destroyed, Written off (damaged beyond repair),de Havilland Canada DHC-8-102,2,Pratt & Whitney Canada PW120,1986,4097.0,3106.0, N819PH, 061,Horizon Air,Domestic Scheduled Passenger,2658,Seattle/Tacoma International Airport,SEA,KSEA,United States of America,Spokane International Airport,GEG,KGEG,United States of America,3,37,0,0,-,-,Final
19880419-0,Tuesday,19-APR-1988,10:03,A1, En route (ENR),74 km (46.3 mls) NE of Bagdarin,Russia,17,17, Destroyed, Written off (damaged beyond repair),Let L-410UVP,-,-,1985,-,-, CCCP-67518, 851422,Aeroflot / East Siberia,Domestic Scheduled Passenger,-,-,-,-,-,-,-,-,-,2,15,2,15,-,-,-
19880420-0,Wednesday,20-APR-1988,-,A1, Initial climb (ICL),Kudinovo,Russia,6,6, Damaged beyond repair,-,Antonov An-26RT,-,-,-,-,-, 04,-,Soviet AF,Military,-,Chkalovsky Airport,CKL,UUMU,Russia,Chkalovsky Airport,CKL,UUMU,Russia,6,0,6,0,-,-,-
19880421-0,Thursday,21-APR-1988,-,A1, Takeoff (TOF),Quelimane Airport (UEL),Mozambique,2,2, Damaged beyond repair,-,Douglas C-47A-DL (DC-3),2,Pratt & Whitney R-1830-92,1944,-,-, N47FE, 19536,Flying Enterprises,Unknown,-,Quelimane Airport,UEL,FQQL,Mozambique,-,-,-,-,2,0,2,0,-,-,-
19880427-0,Wednesday,27-APR-1988,09:35,C1, Approach (APR),near Techamutete,Angola,29,29, Damaged beyond repair,-,Antonov An-26,-,-,-,-,-, T-237, 7704,Cuban AF,Military,-,-,-,-,-,-,-,-,-,3,26,3,26,-,-,-
19880428-0,Thursday,28-APR-1988,13:46,A1, En route (ENR),"near Maui, HI",United States of America,95,1, Substantial, Written off (damaged beyond repair),Boeing 737-297,2,Pratt & Whitney JT8D-9A,1969,89680.0,35496.0, N73711, 20209/152,Aloha Airlines,Domestic Scheduled Passenger, 243,Hilo International Airport,ITO,PHTO,United States of America,Honolulu International Airport,HNL,PHNL,United States of America,5,90,1,0,-,-,Final
19880502-0,Monday,02-MAY-1988,-,C1, Standing (STD),Axum Airport (AXU),Ethiopia,-,0, Damaged beyond repair,-,Douglas C-47A-DL (DC-3),2,Pratt & Whitney R-1830-92,1943,-,-, ET-AGT, 25288/13843,Ethiopian Airlines,-,-,-,-,-,-,-,-,-,-,-,-,0,0,-,-,Preliminary
19880505-0,Thursday,05-MAY-1988,-,A1, Landing (LDG),Nagurskoye Air Base,Russia,-,0, Damaged beyond repair,-,Antonov An-26,-,-,-,-,-, CCCP-26151,-,Soviet AF,Military,-,-,-,-,-,-,-,-,-,-,-,0,0,-,-,-
19880506-0,Friday,06-MAY-1988,20:30,A1, Approach (APR),8 km (5 mls) SW of Brønnøysund Airport (BNN),Norway,36,36, Destroyed, Written off (damaged beyond repair),de Havilland Canada DHC-7-102,4,Pratt & Whitney Canada PT6A-50,1980,32347.0,16934.0, LN-WFN, 28,Widerøes Flyveselskap,Domestic Scheduled Passenger,WF710,Namsos Airport,OSY,ENNM,Norway,Brønnøysund Airport,BNN,ENBN,Norway,3,33,3,33,-,-,Final
19880509-0,Monday,09-MAY-1988,16:35,A2, Approach (APR),"near Chicago-O'Hare International Airport, IL (ORD)",United States of America,304,0, Substantial, Repaired,Boeing 747-136,4,Pratt & Whitney JT9D-7A,1971,-,1868.0, G-AWND, 19764/107,British Airways,International Scheduled Passenger,-,London-Heathrow Airport,LHR,EGLL,United Kingdom,Chicago-O'Hare International Airport,ORD,KORD,United States of America,18,286,0,0,-,-,Final
19880512-0,Thursday,12-MAY-1988,-,H2, En route (ENR),Taichung-Ching Chuan Kang Air Base (RMQ/RCMQ),Taiwan,118,0, None,-,Boeing 737-247,2,Pratt & Whitney JT8D-17A,1984,-,-, B-2510, 23189/1072,Xiamen Airlines,Domestic Scheduled Passenger,-,Xiamen Airport,XMN,ZSAM,China,Guangzhou-Baiyun Airport,CAN,ZGGG,China,11,107,0,0,-,-,-
19880516-0,Monday,16-MAY-1988,-,A1, Unknown (UNK),Mossel Bay,South Africa,-,-, Damaged beyond repair,-,Dornier Do 28D-1 Skyservant,-,-,-,-,-, ZS-PRW, 4028,Avex,Survey/research,-,-,-,-,-,-,-,-,-,-,-,-,-,-,-,-
19880519-0,Thursday,19-MAY-1988,-,A1, Unknown (UNK),Krzemlin,Poland,-,-, Damaged beyond repair,-,Antonov An-2R,-,-,-,-,-, SP-WNE, 1G156-42,ZUA,Unknown,-,-,-,-,-,-,-,-,-,-,-,-,-,-,-,-
19880521-0,Saturday,21-MAY-1988,16:12,A1, Takeoff (TOF),"Dallas/Fort Worth International Airport, TX (DFW)",United States of America,254,0, Substantial, Written off (damaged beyond repair),McDonnell Douglas DC-10-30,3,General Electric CF6-50C2,1973,12864.0,61322.0, N136AA, 47846/69,American Airlines,International Scheduled Passenger,AA70,Dallas/Fort Worth International Airport,DFW,KDFW,United States of America,Frankfurt International Airport,FRA,EDDF,Germany,14,240,0,0,-,-,Final
19880523-0,Monday,23-MAY-1988,17:06,A1, Takeoff (TOF),San José-Juan Santamaria International Airport (SJO),Costa Rica,26,0, Destroyed, Written off (damaged beyond repair),Boeing 727-22,3,Pratt & Whitney JT8D-7,1965,-,-, TI-LRC, 18856/199,LACSA,International Scheduled Passenger, 628,San José-Juan Santamaria International Airport,SJO,MROC,Costa Rica,Managua Airport,MGA,MNMG,Nicaragua,10,16,0,0,-,-,-
19880523-1,Monday,23-MAY-1988,08:10,H2, En route (ENR),Cartagena-Rafael Núñez Airport (CTG),Colombia,135,0, None,-,Boeing 727-59,-,-,1967,-,-, HK-1400, 19662/484,Avianca,Domestic Scheduled Passenger,-,Rionegro/Medellín-José María Córdova Airport,MDE,SKRG,Colombia,Bogotá-Eldorado Airport,BOG,SKBO,Colombia,-,-,0,0,-,-,-
19880524-0,Tuesday,24-MAY-1988,12:55,I2, En route (ENR),"31 km (19.4 mls) E of New Orleans International Airport, LA (MSY)",United States of America,45,0, None,-,Boeing 737-3T0,2,CFMI CFM56-3B1,1988,-,81.0, N75356, 23838/1505,TACA,International Scheduled Passenger,110,Belize City-Philip S.W. Goldson International Airport,BZE,MZBZ,Belize,New Orleans International Airport,MSY,KMSY,United States of America,7,38,0,0,-,-,Final
19880524-1,Tuesday,24-MAY-1988,14:54,A1, Takeoff (TOF),"Lawton Municipal Airport, OK (LAW)",United States of America,8,0, Destroyed, Written off (damaged beyond repair),Embraer EMB-110P1 Bandeirante,2,Pratt & Whitney Canada PT6A-34,1982,-,13005.0, N65DA, 110389,Delta Connection,Domestic Scheduled Passenger,-,Lawton Municipal Airport,LAW,KLAW,United States of America,Dallas/Fort Worth International Airport,DFW,KDFW,United States of America,2,6,0,0,-,-,Final
19880524-2,Tuesday,24-MAY-1988,03:16,A1, En route (ENR),"West Paterson, NJ",United States of America,4,4, Destroyed, Written off (damaged beyond repair),Learjet 35A,2,Garrett TFE731-2-2B,1978,-,4735.0, N500RW, 35A-148,Jetcorp,Ferry/positioning,-,Teterboro Airport,TEB,KTEB,United States of America,Morristown Municipal Airport,MMU,KMMU,United States of America,2,2,2,2,-,-,Final
19880524-3,Tuesday,24-MAY-1988,07:00,A1, En route (ENR),Cerro Fábrega,Panama,6,6, Destroyed, Written off (damaged beyond repair),Douglas DC-6B,-,-,1957,-,-, YN-CBE, 45175/832,Aeronica,Cargo,-,Panama City-Omar Torrijos International Airport,PTY,MPTO,Panama,Managua-Augusto C. Sandino Airport,MGA,MNMG,Nicaragua,6,0,6,0,-,-,-
19880526-0,Thursday,26-MAY-1988,22:25,A1, Approach (APR),1 km (0.6 mls) W of Hannover Airport (HAJ),Germany,2,2, Damaged beyond repair,-,Fokker F-27 Friendship 600,2,Rolls-Royce Dart 532-7R,1970,23047.0,21120.0, OY-APE, 10443,Star Air,Cargo,-,Billund Airport,BLL,EKBI,Denmark,Hannover Airport,HAJ,EDDV,Germany,2,0,2,0,-,-,-
19880599-0,-,xx-MAY-1988,-,A1, Landing (LDG),within Yucatan,Mexico,-,0, Damaged beyond repair,-,Grumman G-159 Gulfstream I,-,-,1959,-,-, XB-CIJ,  10,Celanese Mexicana,Unknown,-,-,-,-,-,-,-,-,-,-,-,0,0,-,-,-
19880603-1,Friday,03-JUN-1988,-,A1, Unknown (UNK),near Quito,Ecuador,11,11, Damaged beyond repair,-,North American Sabreliner 40,-,-,-,-,-, FAE068, 282-68,Ecuador Air Force,Military,-,-,-,-,-,-,-,-,-,-,-,-,-,-,-,-
19880605-0,Sunday,05-JUN-1988,11:40,A2, Taxi (TXI),"Chicago-Midway Airport, IL (MDW)",United States of America,3,0, Substantial, Repaired,Dornier 228-201,-,-,1987,-,2007.0, N259MC, 8118,Midway Connection,Domestic Scheduled Passenger,-,Chicago-Midway Airport,MDW,KMDW,United States of America,Springfield-Capital Airport,SPI,KSPI,United States of America,2,1,0,0,-,-,Final
19880608-0,Wednesday,08-JUN-1988,-,A1, Approach (APR),"1,5 km (0.9 mls) from  Greenville Airport, MS (GLH)",United States of America,6,6, Damaged beyond repair,-,Lockheed C-130E Hercules,4,Allison T56-A-7,1962,-,-, 61-2373, 3720,USAF,Military,-,Greenville Airport,GLH,KGLH,United States of America,Greenville Airport,GLH,KGLH,United States of America,6,0,6,0,-,-,-
19880608-1,Wednesday,08-JUN-1988,-,A1, Unknown (UNK),"near San Mateo, Manabí",Ecuador,6,6, Damaged beyond repair,-,IAI Arava 201,-,-,1975,-,-, 234, 044,Ecuador Navy,Military,-,Manta Airport,MEC,SEMT,Ecuador,-,-,-,-,6,0,6,0,-,-,-
19880609-1,Thursday,09-JUN-1988,-,A1, Unknown (UNK),15 km (9.4 mls) from  Tobolsk,Russia,2,2, Damaged beyond repair,-,Antonov An-2R,-,-,-,-,-, CCCP-70121, 1G136-47,Aeroflot / Tyumen,Unknown,-,-,-,-,-,-,-,-,-,2,0,2,0,-,-,-
19880612-0,Sunday,12-JUN-1988,09:20,A1, Approach (APR),"3 km (1.9 mls) S of Posadas Airport, MI (PSS)",Argentina,22,22, Destroyed, Written off (damaged beyond repair),McDonnell Douglas DC-9-81 (MD-81),2,Pratt & Whitney JT8D-209,1981,-,-, N1003G, 48050/989,Austral Lineas Aéreas,Domestic Scheduled Passenger,AU046,Resistencia Airport,RES,SARE,Argentina,Posadas Airport,PSS,SARP,Argentina,6,16,6,16,-,-,Final
19880612-1,Sunday,12-JUN-1988,-,A1, En route (ENR),near Aleksandriya,Ukraine,15,0, Damaged beyond repair,-,Antonov An-2TP,-,-,1968,-,-, CCCP-32267, 1G96-29,Aeroflot / Ukraine,Passenger,-,Rivne International Airport,RWN,UKLR,Ukraine,-,-,-,-,2,13,0,0,-,-,-
19880616-0,Thursday,16-JUN-1988,-,C1, Unknown (UNK),near Khost,Afghanistan,-,35, Damaged beyond repair,-,unknown,-,-,-,-,-, registration unknown,-,Afghan AF,Military,-,-,-,-,-,Khost Airport,KHT,OAKS,Afghanistan,-,-,-,-,-,-,-
19880616-1,Thursday,16-JUN-1988,09:30,A1, Approach (APR),"14,5 km (9.1 mls) NW of Putao Airport (PBU)",Myanmar,4,4, Damaged beyond repair,-,Fokker F-27 Friendship 600,2,Rolls-Royce Dart 532-7,1971,34203.0,36359.0, XY-ADQ, 10452,Burma Airways,Cargo,-,Myitkyina Airport,MYT,VYMK,Myanmar,Putao Airport,PBU,VYPT,Myanmar,3,1,3,1,-,-,-
19880617-0,Friday,17-JUN-1988,-,A1, Takeoff (TOF),Toulouse-Blagnac Airport (TLS),France,3,0, Damaged beyond repair,-,ATR 42-200,-,-,1984,-,-, F-WEGA, 001,ATR,Training,-,Toulouse-Blagnac Airport,TLS,LFBO,France,Toulouse-Blagnac Airport,TLS,LFBO,France,3,0,0,0,-,-,-
19880617-1,Friday,17-JUN-1988,10:36,A1, Landing (LDG),Tau Airport (TAV),American Samoa,16,0, Damaged beyond repair,-,de Havilland Canada DHC-6 Twin Otter 100,2,Pratt & Whitney Canada PT6A-20,1967,-,-, N202RH,  68,Samoa Aviation,Domestic Non Scheduled Passenger,-,Pago Pago International Airport,PPG,NSTU,American Samoa,-,-,-,-,2,14,0,0,-,-,-
19880618-0,Saturday,18-JUN-1988,-,A1, Landing (LDG),Medan-Polonia Airport (MES),Indonesia,48,0, Damaged beyond repair,-,Vickers 828 Viscount,-,-,1961,-,-, PK-MVG, 445,Merpati Nusantara,Domestic Scheduled Passenger,-,-,-,-,-,Medan-Polonia Airport,MES,WIMM,Indonesia,3,45,0,0,-,-,-
19880619-0,Sunday,19-JUN-1988,17:26,A1, Landing (LDG),Delhi-Indira Gandhi International Airport (DEL),India,134,0, Substantial, Written off (damaged beyond repair),Boeing 737-2A8,2,Pratt & Whitney JT8D-9A,1970,-,-, VT-EAI, 20482/272,Indian Airlines,Domestic Scheduled Passenger,IC422,Chandigarh Airport,IXC,VICG,India,Delhi-Indira Gandhi International Airport,DEL,VIDP,India,6,128,0,0,-,-,Final
19880620-0,Monday,20-JUN-1988,06:45,A2, Landing (LDG),Guna Airport (GUX),India,11,0, Substantial, Repaired,HAL/Dornier 228-201,-,-,1986,-,-, VT-EJV, 8072/HAL1006,Vayudoot,Domestic Scheduled Passenger, 125,Bhopal Airport,BHO,VABP,India,Guna Airport,GUX,VAGN,India,2,9,0,0,-,-,Final
19880621-1,Tuesday,21-JUN-1988,08:32,A1, Landing (LDG),"Bronson Creek Airport, BC (YBM)",Canada,3,0, Damaged beyond repair,-,Bristol 170 Freighter 31M,2,Bristol Hercules 734,1953,-,-, C-GYQY, 13134,Trans-Provincial Airlines,Cargo,-,Wrangell Airport,WRG,PAWG,United States of America,-,-,-,-,3,0,0,0,-,-,-
19880624-0,Friday,24-JUN-1988,04:00,C1, Takeoff (TOF),Kabul Airport (KBL),Afghanistan,6,5, Damaged beyond repair,-,Antonov An-26,-,-,-,-,-, 29,-,Soviet AF,Military,-,Kabul Airport,KBL,OAKB,Afghanistan,Bagram Air Base,BPM,OAIX,Afghanistan,6,0,5,0,-,-,-
19880626-0,Sunday,26-JUN-1988,14:45,A1, Initial climb (ICL),Mulhouse-Habsheim Airport,France,136,3, Destroyed, Written off (damaged beyond repair),Airbus A320-111,2,CFMI CFM56-5A1,1988,18.0,22.0, F-GFKC, 009,Air France,Demonstration,AF296Q,Basel/Mulhouse Airport,BSL,LFSB,France,Basel/Mulhouse Airport,BSL,LFSB,France,6,130,0,3,-,-,Final
19880629-0,Wednesday,29-JUN-1988,-,A1, Initial climb (ICL),San Salvador-Comalapa International Airport (SAL),El Salvador,2,0, Damaged beyond repair,-,Douglas DC-6BF,4,Pratt & Whitney R-2800,1958,-,-, YS-05C, 45537/1028,AESA,Cargo,-,San Salvador-Comalapa International Airport,SAL,MSLP,El Salvador,Miami International Airport,MIA,KMIA,United States of America,2,0,0,0,-,-,-
19880629-1,Wednesday,29-JUN-1988,06:25,A1, Initial climb (ICL),"Tulsa International Airport, OK (TUL)",United States of America,2,0, Damaged beyond repair,-,Northrop YC-125A Raider,3,Wright R-1820-202A,-,-,-, N3756Q, 2518,private,Executive,-,Tulsa International Airport,TUL,KTUL,United States of America,Dayton-Wright Patterson AFB,FFO,KFFO,United States of America,2,0,0,0,-,-,Final
19880699-0,-,xx-JUN-1988,-,A1, Landing (LDG),Cabimas-Oro Negro Airport (CBS),Venezuela,-,0, Damaged beyond repair,-,Grumman G-159 Gulfstream I,-,-,1965,-,-, YV-121CP, 150,Maraven Oil Company,Domestic Non Scheduled Passenger,-,-,-,-,-,Cabimas-Oro Negro Airport,CBS,SVON,Venezuela,-,-,0,0,-,-,Preliminary
19880701-0,Friday,01-JUL-1988,-,A1, Unknown (UNK),Cesnikovo,North Macedonia,-,-, Damaged beyond repair,-,Antonov An-2R,-,-,-,-,-, YU-BGI, 1G111-13,Agrohemizacija,Unknown,-,-,-,-,-,-,-,-,-,-,-,-,-,-,-,-
19880702-0,Saturday,02-JUL-1988,-,A1, Unknown (UNK),Eysines,France,6,0, Damaged beyond repair,-,Transall C-160D,-,-,1971,-,-, 50+80, D-117,German AF,Military,-,Stuttgart-Echterdingen Airport,STR,EDDS,Germany,Bordeaux-Mérignac Airport,BOD,LFBD,France,6,0,0,0,-,-,-
19880703-0,Sunday,03-JUL-1988,10:24,C1, En route (ENR),4 km (2.5 mls) SE off  Qeshm Island,Iran,290,290, Destroyed, Written off (damaged beyond repair),Airbus A300B2-203,2,General Electric CF6-50C2,1982,-,11497.0, EP-IBU, 186,Iran Air,International Scheduled Passenger,IR655,Bandar Abbas Airport,BND,OIKB,Iran,Dubai Airport,DXB,OMDB,United Arab Emirates,16,274,16,274,-,-,Final
19880704-0,Monday,04-JUL-1988,-,A1, Landing (LDG),Balikpapan-Sepingan Airport (BPN),Indonesia,76,0, Damaged beyond repair,-,Vickers 843 Viscount,4,Rolls-Royce Dart 525F,1963,-,-, PK-IVW, 452,Bouraq Indonesia,Domestic Scheduled Passenger,-,-,-,-,-,Balikpapan-Sepingan Airport,BPN,WALL,Indonesia,5,71,0,0,-,-,Final
19880706-1,Wednesday,06-JUL-1988,16:00,A1, Approach (APR),near Barranquilla-Ernesto Cortissoz Airport (BAQ),Colombia,8,3, Damaged beyond repair,-,Canadair CL-44J,4,Rolls-Royce Tyne 515-10,1965,-,-, HK-3148X, 39,L.A. Suramericanas,Cargo,-,Barranquilla-Ernesto Cortissoz Airport,BAQ,SKBQ,Colombia,Miami International Airport,MIA,KMIA,United States of America,8,0,3,0,-,-,-
19880708-1,Friday,08-JUL-1988,-,A1, Takeoff (TOF),Khabarovsk-Novy Airport (KHV),Russia,-,-, Damaged beyond repair,-,Antonov An-24RV,2,Ivchenko AI-24VT,1974,-,-, CCCP-46669, 47309509,Aeroflot / Far East,Unknown,-,Khabarovsk-Novy Airport,KHV,UHHH,Russia,-,-,-,-,-,-,-,-,-,-,-
19880708-2,Friday,08-JUL-1988,16:00,A1, Landing (LDG),"São José dos Campos Airport, SP (SJK)",Brazil,9,5, Damaged beyond repair,-,Embraer VC-97 Brasilia (EMB-120RT),-,-,1987,-,-, 2001, 120029,Brazilian AF,Military,-,São José dos Campos Airport,SJK,SBSJ,Brazil,São José dos Campos Airport,SJK,SBSJ,Brazil,-,-,-,-,-,-,-
19880709-0,Saturday,09-JUL-1988,-,A1, Maneuvering (MNV),at an unknown location,Russia,-,0, Damaged beyond repair,-,Antonov An-2P,-,-,1975,-,-, CCCP-07791, 1G162-41,Aeroflot / Central Region,Agricultural,-,-,-,-,-,-,-,-,-,-,-,0,0,-,-,-
19880710-0,Sunday,10-JUL-1988,05:46,A1, Landing (LDG),Kisumu Airport (KIS),Kenya,43,0, Damaged beyond repair,-,Fokker F-27 Friendship 200,2,Rolls-Royce Dart 528-7E,1962,-,-, 5Y-BBS, 10213,Kenya Airways,Domestic Scheduled Passenger, 650,Nairobi-Jomo Kenyatta International Airport,NBO,HKJK,Kenya,Kisumu Airport,KIS,HKKI,Kenya,4,39,0,0,-,-,-
19880712-0,Tuesday,12-JUL-1988,-,A1, En route (ENR),off Spratly Islands [South China Sea],Pacific Ocean,3,0, Damaged beyond repair,-,North American Rockwell CT-39E Sabreliner,2,Pratt & Whitney JT12A-8 Turbo Wasp,-,-,-, 158381, 282-93,US Navy,Military,-,Singapore-Changi International Airport,SIN,WSSS,Singapore,Subic Bay International Airport,SFS,RPLB,Philippines,3,0,0,0,-,-,-
19880714-0,Thursday,14-JUL-1988,11:40,A1, En route (ENR),"50 km (31.3 mls) W of John Day, OR",United States of America,1,1, Destroyed, Written off (damaged beyond repair),de Havilland Canada DHC-6 Twin Otter 300,2,Pratt & Whitney Canada PT6A-27,1974,-,-, C-GKBM, 417,U.S. Forest Service,Ferry/positioning,-,Redmond-Roberts Field,RDM,KRDM,United States of America,John Day Airport,JDA,KGCD,United States of America,1,0,1,0,-,-,-
19880719-0,Tuesday,19-JUL-1988,22:01,A2, Landing (LDG),Vadodara Airport (BDQ),India,98,0, Substantial, Repaired,Boeing 737-2A8 Advanced,2,Pratt & Whitney JT8D-17,1977,-,-, VT-EFK, 21496/503,Indian Airlines,Domestic Scheduled Passenger,IC495,Ahmedabad Airport,AMD,VAAH,India,Vadodara Airport,BDQ,VABO,India,6,92,0,0,-,-,Final
19880720-0,Wednesday,20-JUL-1988,16:08,A1, Takeoff (TOF),"Washington-Dulles International Airport, DC (IAD)",United States of America,1,1, Destroyed, Written off (damaged beyond repair),de Havilland Canada DHC-6 Twin Otter 200,2,Pratt & Whitney Canada PT6A-20A,1969,-,10513.0, N7267, 195,Fairways Corp.,Ferry/positioning,-,Washington-Dulles International Airport,IAD,KIAD,United States of America,Washington-National Airport,DCA,KDCA,United States of America,1,0,1,0,-,-,Final
19880720-1,Wednesday,20-JUL-1988,19:24,A1, En route (ENR),"Golden Meadow, LA",United States of America,3,3, Destroyed, Written off (damaged beyond repair),Douglas C-118A (DC-6),4,Pratt & Whitney R-2800-CB3,1955,-,27978.0, N33VX, 44615/541,TACA,Cargo,-,San Salvador-Comalapa International Airport,SAL,MSLP,El Salvador,New Orleans International Airport,MSY,KMSY,United States of America,3,0,3,0,-,-,Final
19880721-1,Thursday,21-JUL-1988,-,A1, Approach (APR),10 km (6.3 mls) N of Lagos-Murtala Muhammed International Airport (LOS),Nigeria,6,6, Damaged beyond repair,-,Boeing 707-328C,4,Pratt & Whitney JT3D-3B,1965,-,-, D2-TOV, 18881/436,Angola Air Charter,Cargo,-,Oostende Airport,OST,EBOS,Belgium,Lagos-Murtala Muhammed International Airport,LOS,DNMM,Nigeria,6,0,6,0,-,-,-
19880722-0,Friday,22-JUL-1988,-,A2, Unknown (UNK),at an unknown location,Russia,-,0, Substantial,-,Antonov An-2,-,-,-,-,-, registration unknown,-,Aeroflot,Unknown,-,-,-,-,-,-,-,-,-,-,-,0,0,-,-,-
19880724-0,Sunday,24-JUL-1988,01:24,A2, Takeoff (TOF),Delhi-Indira Gandhi International Airport (DEL),India,275,0, Substantial, Repaired,Boeing 747-228B (SCD),4,General Electric CF6-50E2,1982,-,-, N4506H, 22794/558,Air France,International Scheduled Passenger,AF187,Delhi-Indira Gandhi International Airport,DEL,VIDP,India,Paris-Charles de Gaulle Airport,CDG,LFPG,France,15,260,0,0,-,-,Final
19880726-0,Tuesday,26-JUL-1988,07:40,A1, Approach (APR),"Morristown Municipal Airport, NJ (MMU)",United States of America,2,1, Destroyed, Written off (damaged beyond repair),Learjet 35A,2,Garrett TFE731-2-2B,1981,-,4274.0, N442NE, 35A-442,Northeast Jet,Ferry/positioning,-,Allentown-Lehigh Valley International Airport,ABE,KABE,United States of America,Morristown Municipal Airport,MMU,KMMU,United States of America,2,0,1,0,-,-,Final
19880727-0,Wednesday,27-JUL-1988,18:17,A2, Initial climb (ICL),"Anchorage International Airport, AK (ANC)",United States of America,8,0, Substantial, Repaired,Swearingen SA227-AC Metro III,-,-,-,-,10546.0, N482SA, AC-482,PenAir,Domestic Scheduled Passenger,-,Anchorage International Airport,ANC,PANC,United States of America,Dillingham Municipal Airport,DLG,PADL,United States of America,2,6,0,0,-,-,Final
19880730-0,Saturday,30-JUL-1988,11:40,A1, Approach (APR),"near Riverside-March AFB, CA (RIV)",United States of America,2,2, Destroyed, Written off (damaged beyond repair),Learjet 23,2,General Electric CJ610-4,1965,-,-, N745F, 23-077,Jet Management,Ferry/positioning,-,Tucson International Airport,TUS,KTUS,United States of America,Chino Airport,CNO,KCNO,United States of America,2,0,2,0,-,-,Final
19880801-0,Monday,01-AUG-1988,-,H2, En route (ENR),within Colombia,Colombia,24,0, Unknown,-,de Havilland Canada DHC-6 Twin Otter 300,-,-,1980,-,-, HK-2445, 684,ACES,Domestic Scheduled Passenger,-,El Bagre Airport,EBG,SKEB,Colombia,Medellín-Enrique Olaya Herrera Airport,EOH,SKMD,Colombia,2,22,0,0,-,-,-
19880802-0,Tuesday,02-AUG-1988,17:42,A1, Approach (APR),Reykjavík Domestic Airport (RKV),Iceland,3,3, Damaged beyond repair,-,CASA C-212 Aviocar 200,2,Garrett TPE331-10R-511C,1982,-,4049.0, C-GILU, 245,Geoterrex,Ferry/positioning,-,Narsarsuaq Airport,UAK,BGBW,Greenland,Reykjavík Domestic Airport,RKV,BIRK,Iceland,3,0,3,0,-,-,Final
19880802-1,Tuesday,02-AUG-1988,-,A1, Takeoff (TOF),Sofia-Vrazhdebna Airport (SOF),Bulgaria,37,29, Damaged beyond repair,-,Yakovlev Yak-40,3,Ivchenko AI-25,1976,-,-, LZ-DOK, 9620247,Hemus Air,Domestic Scheduled Passenger,-,Sofia-Vrazhdebna Airport,SOF,LBSF,Bulgaria,Varna Airport,VAR,LBWN,Bulgaria,4,33,3,26,-,-,-
19880807-0,Sunday,07-AUG-1988,-,C2, En route (ENR),near Cutio Bie,Angola,10,0, Substantial, Repaired,British Aerospace BAe-125-800A,-,-,1988,-,-, OK-1, 258112,Botswana Government,Official state flight,-,Gaborone-Sir Seretse Khama International Airport,GBE,FBSK,Botswana,Luanda-4 de Fevereiro Airport,LAD,FNLU,Angola,2,8,0,0,-,-,-
19880812-0,Friday,12-AUG-1988,-,A1, En route (ENR),at an unknown location,Russia,-,0, Damaged beyond repair,-,Antonov An-2R,-,-,1972,-,-, CCCP-35677, 1G134-41,Aeroflot / Ukraine,Unknown,-,-,-,-,-,-,-,-,-,-,-,0,0,-,-,-
19880816-0,Tuesday,16-AUG-1988,-,C1, Unknown (UNK),near Kunduz,Afghanistan,39,39, Damaged beyond repair,-,Antonov An-32,2,Ivchenko AI-20,-,-,-, registration unknown,-,Afghan AF,Military,-,Kunduz Airport,UND,OAUZ,Afghanistan,-,-,-,-,-,-,-,-,-,-,-
19880817-0,Wednesday,17-AUG-1988,-,A1, Initial climb (ICL),7 km (4.4 mls) N of Bahawalpur Airport (BHV),Pakistan,30,30, Damaged beyond repair,-,Lockheed C-130B Hercules,4,Allison T56-A-7,1962,-,-, 23494, 3708,Pakistan AF,Official state flight,-,Bahawalpur Airport,BHV,OPBW,Pakistan,Islamabad International Airport,ISB,OPRN,Pakistan,13,17,13,17,-,-,-
19880820-0,Saturday,20-AUG-1988,-,A1, Landing (LDG),Asau Airport (AAU),Samoa,-,0, Damaged beyond repair,-,Britten-Norman BN-2A Islander,2,Lycoming O-540-E4B5,1969,-,-, 5W-FAF, 109,Polynesian Airlines,Unknown,-,-,-,-,-,Asau Airport,AAU,NSAU,Samoa,-,-,0,0,-,-,-
19880823-1,Tuesday,23-AUG-1988,-,A1, Unknown (UNK),Île M'bamou,Congo,-,5, Damaged beyond repair,-,Douglas DC-4 Swingtail,-,-,1944,-,-, 9Q-CBK, 10452,Kinair Cargo,Cargo,-,-,-,-,-,-,-,-,-,-,-,-,-,-,-,-
19880826-0,Friday,26-AUG-1988,09:50,A1, En route (ENR),near Kystatyam,Russia,4,1, Damaged beyond repair,-,Antonov An-2P,-,-,1969,-,-, CCCP-01788, 1G107-35,Aeroflot / Yakutsk,Survey/research,-,-,-,-,-,-,-,-,-,2,2,0,1,-,-,-
19880826-3,Friday,26-AUG-1988,23:18,A1, Approach (APR),21 km (13.1 mls) SE of Irkutsk Airport (IKT),Russia,4,4, Damaged beyond repair,-,Let L-410MU,2,Walter M-601A,1977,-,-, CCCP-67235, 770801,Aeroflot / Yakutsk,Domestic Non Scheduled Passenger,-,-,-,-,-,Irkutsk Airport,IKT,UIII,Russia,2,2,2,2,-,-,-
19880827-0,Saturday,27-AUG-1988,-,O1, Standing (STD),Kabul-Khwaja Rawash Airport (KBL),Afghanistan,-,-, Damaged beyond repair,-,Antonov An-12,-,-,-,-,-, 04,-,Soviet AF,Military,-,-,-,-,-,-,-,-,-,-,-,-,-,-,-,-
19880827-1,Saturday,27-AUG-1988,16:50,A1, Landing (LDG),"Chicago-O'Hare International Airport, IL (ORD)",United States of America,68,0, Substantial, Written off (damaged beyond repair),Boeing 727-31,3,Pratt & Whitney JT8D-7B,1964,-,56099.0, N852TW, 18571/42,TWA,Domestic Scheduled Passenger,-,Saint Louis-Lambert International Airport,STL,KSTL,United States of America,Chicago-Midway Airport,MDW,KMDW,United States of America,6,62,0,0,-,-,Final
19880830-0,Tuesday,30-AUG-1988,-,A1, Unknown (UNK),Station 6,Sudan,-,-, Damaged beyond repair,-,Antonov An-2R,-,-,-,-,-, SP-CNH, 1G126-26,APRL,Unknown,-,-,-,-,-,-,-,-,-,-,-,-,-,-,-,-
19880830-1,Tuesday,30-AUG-1988,14:00,A1, En route (ENR),between Villavicencio and Neiva,Colombia,8,8, Missing, Presumed damaged beyond repair,Douglas AC-47B (DC-3),-,-,1944,-,-, FAC-1650, 25501/14056,Colombian AF,Military,-,Villavicencio Airport,VVC,SKVV,Colombia,Neiva Airport,NVA,SKNV,Colombia,8,0,8,0,-,-,-
19880831-0,Wednesday,31-AUG-1988,10:00,A1, En route (ENR),ca 15 km from Arteaga,Mexico,20,20, Damaged beyond repair,-,Embraer EMB-110P1 Bandeirante,2,Pratt & Whitney Canada PT6A-34,1978,-,-, XC-COX, 110192,Transporte Aéreo Federal,Domestic Non Scheduled Passenger, 291,Uruapan Airport,UPN,MMPN,Mexico,Lázaro Cárdenas Airport,LZC,MMLC,Mexico,2,18,2,18,-,-,-
19880831-1,Wednesday,31-AUG-1988,09:19,A1, Landing (LDG),Hong Kong-Kai Tak International Airport (HKG),Hong Kong,89,7, Damaged beyond repair,-,Hawker Siddeley HS-121 Trident 2E,3,Rolls-Royce Spey 512-5W,1973,-,14332.0, B-2218, 2159,CAAC,International Scheduled Passenger, 301,Guangzhou-Baiyun Airport,CAN,ZGGG,China,Hong Kong-Kai Tak International Airport,HKG,VHHH,Hong Kong,11,78,6,1,-,-,Final
19880831-2,Wednesday,31-AUG-1988,09:01,A1, Takeoff (TOF),"Dallas/Fort Worth International Airport, TX (DFW)",United States of America,108,14, Destroyed, Written off (damaged beyond repair),Boeing 727-232,3,Pratt & Whitney JT8D-15,1973,-,43023.0, N473DA, 20750/992,Delta Air Lines,Domestic Scheduled Passenger,DL1141,Dallas/Fort Worth International Airport,DFW,KDFW,United States of America,Salt Lake City International Airport,SLC,KSLC,United States of America,7,101,2,12,-,-,Final
19880831-3,Wednesday,31-AUG-1988,-,A1, Takeoff (TOF),Mérida Airport (MID),Mexico,20,1, Damaged beyond repair,-,Convair T-29B (CV-240),-,-,1952,-,-, XA-HUL, 229,Aerocaribe,Passenger,-,Mérida-Rejon Airport,MID,MMMD,Mexico,-,-,-,-,-,-,-,-,-,-,Preliminary
19880901-0,Thursday,01-SEP-1988,-,A1, Approach (APR),near Privolzhskiy Air Base,Russia,8,8, Damaged beyond repair,-,Antonov An-12BK-PPS,-,-,-,-,-, registration unknown,-,Soviet AF,Military,-,-,-,-,-,-,-,-,-,8,0,8,0,-,-,-
19880902-0,Friday,02-SEP-1988,-,A1, Unknown (UNK),"Hopedale, NL",Canada,-,-, Damaged beyond repair,-,Britten-Norman BN-2A-26 Islander,-,-,1976,-,-, C-GJRL, 555,Newfoundland-Labrador Air Transport,Unknown,-,-,-,-,-,-,-,-,-,-,-,-,-,-,-,-
19880905-0,Monday,05-SEP-1988,13:45,A1, En route (ENR),"near Sitka, AK",United States of America,10,1, Destroyed, Written off (damaged beyond repair),Britten-Norman BN-2A-6 Islander,2,Lycoming O-540-E4C5,1970,-,-, N111VA, 215,Wrangell Air Service,Domestic Non Scheduled Passenger,-,Sitka Airport,SIT,PASI,United States of America,Petersburg Municipal Airport,PSG,PAPG,United States of America,1,9,0,1,-,-,Final
19880906-0,Tuesday,06-SEP-1988,-,A1, Landing (LDG),"Rio de Janeiro-Santos Dumont Airport, RJ (SDU)",Brazil,7,0, Damaged beyond repair,-,Cessna S550 Citation S/II,2,Pratt & Whitney Canada JT15D-4B,-,-,-, PT-LGJ, S550-0025,Banco do Comércio e Indústria de São Paulo,Passenger,-,-,-,-,-,Rio de Janeiro-Santos Dumont Airport,SDU,SBRJ,Brazil,2,5,0,0,-,-,-
19880907-0,Wednesday,07-SEP-1988,-,C1, Unknown (UNK),near Kunduz,Afghanistan,16,16, Damaged beyond repair,-,Antonov An-32,2,Ivchenko AI-20,-,-,-, registration unknown,-,Afghan AF,Military,-,-,-,-,-,-,-,-,-,4,12,4,12,-,-,-
19880909-0,Friday,09-SEP-1988,15:00,A1, Initial climb (ICL),N of Santiago de Compostela Airport (SCQ),Spain,4,4, Destroyed, Written off (damaged beyond repair),Canadair CL-215-1A10,2,Pratt & Whitney R-2800-83AM,1972,-,-, UD.13-04, 1032,Spanish AF,Military,-,Santiago de Compostela Airport,SCQ,LEST,Spain,-,-,-,-,4,0,4,0,-,-,-
19880909-1,Friday,09-SEP-1988,-,A1, Initial climb (ICL),La Paz Airport (LPB),Bolivia,3,0, Damaged beyond repair,-,Douglas C-54A-5-DC (DC-4),4,Pratt & Whitney R-2000,1944,-,-, CP-1653, 10285,Frigorifico Reyes,Unknown,-,La Paz-El Alto Airport,LPB,SLLP,Bolivia,-,-,-,-,3,0,0,0,-,-,-
19880909-2,Friday,09-SEP-1988,11:37,A1, Approach (APR),6 km (3.8 mls) N of Bangkok-Don Muang International Airport (BKK),Thailand,90,76, Damaged beyond repair,-,Tupolev Tu-134A,2,Soloviev D-30,1978,1537.0,4068.0, VN-A102, 60925,Hâng Không Viêtnam,International Scheduled Passenger, 831,Hanoi-Noi Bai International Airport,HAN,VVNB,Vietnam,Bangkok-Don Muang International Airport,BKK,VTBD,Thailand,6,84,3,73,-,-,-
19880911-0,Sunday,11-SEP-1988,21:57,A1, En route (ENR),"Jackson, WY",United States of America,1,1, Damaged beyond repair,-,Beechcraft 200 Super King Air,2,Pratt & Whitney Canada PT6A-41,1976,-,5677.0, N1283, BB-90,Snowy Butte Aviation,Ferry/positioning,-,Jackson Hole Airport,JAC,KJAC,United States of America,Redding Airport,RDD,KRDD,United States of America,1,0,1,0,-,-,Final
19880912-0,Monday,12-SEP-1988,-,O1, Standing (STD),Montego Bay-Sangster International Airport (MBJ),Jamaica,0,0, Damaged beyond repair,-,Britten-Norman BN-2A Trislander Mk.III-2,3,Lycoming O-540-E4C5,1977,-,-, 6Y-JQF, 1058,Trans-Jamaican Airlines,-,-,-,-,-,-,-,-,-,-,0,0,0,0,-,-,-
19880912-1,Monday,12-SEP-1988,14:29,A1, Takeoff (TOF),Lago Agrio Airport (LGQ),Ecuador,7,7, Damaged beyond repair,-,Lockheed L-188A Electra,4,Allison 501-D13,1959,-,-, HC-AZY, 1052,TAME Ecuador,Ferry/positioning,-,Lago Agrio Airport,LGQ,SELA,Ecuador,Quito-Mariscal Sucre Airport,UIO,SEQU,Ecuador,6,1,6,1,-,-,-
19880912-2,Monday,12-SEP-1988,13:50,A2, Landing (LDG),"Denver-Stapleton International Airport, CO (DEN)",United States of America,207,0, Substantial, Repaired,McDonnell Douglas DC-10-10,3,General Electric CF6-6D,1975,-,37265.0, N1830U, 46629/208,United Airlines,Domestic Scheduled Passenger,-,Chicago-O'Hare International Airport,ORD,KORD,United States of America,Denver-Stapleton International Airport,DEN,KDEN,United States of America,10,197,0,0,-,-,Final
19880913-0,Tuesday,13-SEP-1988,-,U1, Unknown (UNK),Emae Airport (EAE),Vanuatu,-,-, Damaged beyond repair,-,Britten-Norman BN-2A-26 Islander,-,-,1977,-,-, YJ-RV20, 585,Dovair,Unknown,-,-,-,-,-,-,-,-,-,-,-,-,-,-,-,-
19880915-0,Thursday,15-SEP-1988,13:05,A1, Approach (APR),10 km (6.3 mls) SW of Bahar Dar Airport (BJR),Ethiopia,104,35, Destroyed, Written off (damaged beyond repair),Boeing 737-260,2,Pratt & Whitney JT8D-17A,1987,1870.0,1377.0, ET-AJA, 23914/1456,Ethiopian Airlines,Domestic Scheduled Passenger,ET604,Bahar Dar Airport,BJR,HABD,Ethiopia,Asmara International Airport,ASM,HAAY,Eritrea,6,98,0,35,-,-,Final
19880915-1,Thursday,15-SEP-1988,10:19,A1, Approach (APR),"Cheney, ON",Canada,2,2, Destroyed, Written off (damaged beyond repair),British Aerospace BAe-748-FAA Srs. 2B,-,-,1981,-,-, C-GFFA, 1789,Bradley Air Services,Ferry/positioning,-,Montreal-Dorval International Airport,YUL,CYUL,Canada,Ottawa International Airport,YOW,CYOW,Canada,2,0,2,0,-,-,Final
19880920-0,Tuesday,20-SEP-1988,-,A1, Initial climb (ICL),5 km (3.1 mls) from  Harare Airport (HRE),Zimbabwe,3,0, Damaged beyond repair,-,Douglas C-47A-1-DK (DC-3),2,Pratt & Whitney R-1830-92,1943,-,-, Z-WRJ, 11989,Crest Breeders,Cargo,-,Harare Airport,HRE,FVHA,Zimbabwe,-,-,-,-,3,0,0,0,-,-,-
19880921-1,Wednesday,21-SEP-1988,-,A1, En route (ENR),10 km (6.3 mls) E of Aiykan,Russia,2,2, Damaged beyond repair,-,Antonov An-2TP,-,-,1970,-,9150.0, CCCP-70848, 1G119-34,Aeroflot / Far East,Cargo,-,-,-,-,-,-,-,-,-,2,0,2,0,-,-,-
19880922-0,Thursday,22-SEP-1988,12:28,A1, Approach (APR),Aurangabad-Chikkalthana Airport (IXU),India,8,0, Substantial, Written off (damaged beyond repair),HAL/Dornier 228-201,-,-,1986,-,-, VT-EJT, 8064/HAL1004,Vayudoot,Domestic Scheduled Passenger,-,Nagpur-Sonegaon Airport,NAG,VANP,India,Aurangabad-Chikkalthana Airport,IXU,VAAU,India,3,5,0,0,-,-,Final
19880923-0,Friday,23-SEP-1988,11:45,A1, Taxi (TXI),Calcutta Airport (CCU),India,43,0, Damaged beyond repair,-,Fokker F-27 Friendship 100,2,Rolls-Royce Dart 514,1961,51890.0,53680.0, VT-DMB, 10172,Vayudoot,Domestic Scheduled Passenger,PF701,Calcutta Airport,CCU,VECC,India,Agartala-Singerbhil Airport,IXA,VEAT,India,4,39,0,0,-,-,-
19880924-0,Saturday,24-SEP-1988,14:26,A1, Landing (LDG),Aleppo Airport (ALP),Syria,168,0, Damaged beyond repair,-,Tupolev Tu-154B-2,3,Kuznetsov NK-8-2U,1981,-,-, CCCP-85479, 81A479,Aeroflot / Armenia,International Scheduled Passenger,-,Yerevan Airport,EVN,UDYZ,Armenia,Aleppo-Nejrab Airport,ALP,OSAP,Syria,10,158,0,0,-,-,-
19880924-1,Saturday,24-SEP-1988,-,A1, Unknown (UNK),at an unknown location,Russia,-,-, Damaged beyond repair,-,Antonov An-2R,-,-,1981,-,-, CCCP-84657, 1G191-35,Aeroflot / Yakutsk,Unknown,-,-,-,-,-,-,-,-,-,-,-,-,-,-,-,-
19880924-2,Saturday,24-SEP-1988,-,A1, Landing (LDG),Noril'sk Airport (NSK),Russia,-,0, Substantial, Written off (damaged beyond repair),Tupolev Tu-154M,-,-,1986,-,65.0, CCCP-85617, 86A736,Aeroflot / Moscow,Unknown,-,-,-,-,-,Noril'sk Airport,NSK,UOOO,Russia,-,-,0,0,-,-,-
19880926-0,Monday,26-SEP-1988,11:36,A1, Landing (LDG),"Ushuaia Airport, TF (USH)",Argentina,62,0, Damaged beyond repair,-,Boeing 737-287,2,Pratt & Whitney JT8D-9A,1974,-,-, LV-LIU, 20964/379,Aerolineas Argentinas,Domestic Scheduled Passenger,AR648,Río Grande Airport,RGA,SAWE,Argentina,Ushuaia Airport,USH,SAWO,Argentina,6,56,0,0,-,-,Final
19880927-0,Tuesday,27-SEP-1988,-,A1, En route (ENR),"3,5 km (2.2 mls) ENE of Kozelsk, Kaluga region",Russia,5,5, Damaged beyond repair,-,Antonov An-8,-,-,1960,5853.0,12272.0, CCCP-48101, 0Zhe-3490,MAP Moscow,Cargo,-,-,-,-,-,-,-,-,-,5,0,5,0,-,-,-
19880929-0,Thursday,29-SEP-1988,-,H2, En route (ENR),"Goiânia-Santa Genoveva Airport, GO (GYN)",Brazil,98,1, Unknown,-,Boeing 737-317,-,-,1986,-,-, PP-SNT, 23176/1213,VASP,Domestic Scheduled Passenger, 375,Belo Horizonte-Pampulha Airport,PLU,SBBH,Brazil,-,-,-,-,-,-,1,0,-,-,-
19880930-0,Friday,30-SEP-1988,-,A1, Unknown (UNK),at an unknown location,Unknown country,-,-, Damaged beyond repair,-,Antonov An-2R,-,-,-,-,-, YR-PVS, 1G175-17,Aviatia Utilitara,Unknown,-,-,-,-,-,-,-,-,-,-,-,-,-,-,-,-
19881001-0,Saturday,01-OCT-1988,-,H2, Standing (STD),Port-au-Prince Airport (PAP),Haiti,231,0, None,-,Airbus A300,-,-,-,-,-, registration unknown,-,American Airlines,International Scheduled Passenger,AA658,Port-au-Prince Airport,PAP,MTPP,Haiti,New York-John F. Kennedy International Airport,JFK,KJFK,United States of America,10,221,0,0,-,-,-
19881004-0,Tuesday,04-OCT-1988,22:59,A1, Approach (APR),25 km (15.6 mls) from  Batagay,Russia,6,6, Damaged beyond repair,-,Antonov An-12BP,4,Ivchenko AI-20M,1963,9041.0,16419.0, CCCP-11418, 401712,Aeroflot / Yakutsk,Cargo,-,Tiksi Airport,IKS,UEST,Russia,-,-,-,-,6,0,6,0,-,-,-
19881004-1,Tuesday,04-OCT-1988,-,A1, En route (ENR),near Bhaisau,India,-,10, Damaged beyond repair,-,Antonov An-32,2,Ivchenko AI-20,-,-,-, registration unknown,-,Aviation Research Centre,Military,-,Agra-Kheria Airport,AGR,VIAG,India,Bhubaneswar Airport,BBI,VEBS,India,-,-,-,-,-,-,-
19881004-3,Tuesday,04-OCT-1988,09:52,A2, Maneuvering (MNV),"near Eastsound-Orcas Island Airport, WA (ESD)",United States of America,4,0, Substantial, Repaired,Beechcraft B99A,2,Pratt & Whitney Canada PT6A-27,1969,-,27745.0, N803BA, U-133,San Juan Airlines,Domestic Scheduled Passenger,-,Bellingham Airport,BLI,KBLI,United States of America,Eastsound-Orcas Island Airport,ESD,KORS,United States of America,2,2,0,0,-,-,Final
19881007-0,Friday,07-OCT-1988,13:21,A1, Initial climb (ICL),2 km (1.3 mls) N of Linfen Air Base,China,48,44, Destroyed, Written off (damaged beyond repair),Ilyushin Il-14P,-,-,1956,-,-, B-4218, 6341406,Shanxi Airlines,Domestic Non Scheduled Passenger,-,-,-,-,-,-,-,-,-,4,44,4,40,-,2,-
19881008-0,Saturday,08-OCT-1988,-,A1, Takeoff (TOF),Dori Airport (DOR),Burkina Faso,-,-, Damaged beyond repair,-,de Havilland Canada DHC-6 Twin Otter 300,2,Pratt & Whitney Canada PT6A-27,1976,-,-, XT-AAX, 490,Air Burkina,Unknown,-,Dori Airport,DOR,DFEE,Burkina Faso,-,-,-,-,-,-,-,-,-,-,-
19881010-1,Monday,10-OCT-1988,-,A1, Standing (STD),Luanda,Angola,3,0, Damaged beyond repair,-,Boeing 707-347C,4,Pratt & Whitney JT3D-3B,1968,-,-, D2-TOM, 19965/734,TAAG,Unknown,-,-,-,-,-,-,-,-,-,3,0,0,0,-,-,-
19881011-0,Tuesday,11-OCT-1988,14:20,A1, Landing (LDG),"Oscoda-Wurtsmith AFB, MI (OSC)",United States of America,16,6, Damaged beyond repair,-,Boeing KC-135A Stratotanker,4,Pratt & Whitney J57-P,1960,-,-, 60-0317, 18092/431,USAF,Military,-,-,-,-,-,-,-,-,-,6,10,6,0,-,-,-
19881011-1,Tuesday,11-OCT-1988,-,A1, Landing (LDG),Praha-Ruzyne Airport (PRG),Czech Republic,-,0, Damaged beyond repair,-,Tupolev Tu-134A,-,-,1972,20131.0,21793.0, OK-AFB, 1351410,CSA,Unknown,-,-,-,-,-,Praha-Ruzyne International Airport,PRG,LKPR,Czech Republic,-,-,0,0,-,-,-
19881011-2,Tuesday,11-OCT-1988,-,A1, En route (ENR),41 km (25.6 mls) NW of Sandar-Marneuli,Georgia,8,8, Damaged beyond repair,-,Antonov An-12,-,-,-,-,-, registration unknown,-,Soviet AF,Military,-,-,-,-,-,-,-,-,-,7,1,7,1,-,-,-
19881014-0,Friday,14-OCT-1988,-,A1, Unknown (UNK),at an unknown location,Russia,-,-, Damaged beyond repair,-,Antonov An-2R,-,-,1986,-,-, CCCP-32612, 1G219-11,Aeroflot / Yakutsk,Unknown,-,-,-,-,-,-,-,-,-,-,-,-,-,-,-,-
19881015-0,Saturday,15-OCT-1988,-,A1, Landing (LDG),Port Harcourt Airport (PHC),Nigeria,132,0, Damaged beyond repair,-,Boeing 737-2F9,2,Pratt & Whitney JT8D-15,1982,-,-, 5N-ANW, 22771/866,Nigeria Airways,Domestic Scheduled Passenger,-,-,-,-,-,Port Harcourt Airport,PHC,DNPO,Nigeria,7,125,0,0,-,-,-
19881015-1,Saturday,15-OCT-1988,-,A1, Unknown (UNK),at an unknown location,Sudan,-,-, Damaged beyond repair,-,Antonov An-2R,-,-,-,-,-, SP-WLM, 1G148-02,ZUA,Unknown,-,-,-,-,-,-,-,-,-,-,-,-,-,-,-,-
19881017-0,Monday,17-OCT-1988,00:30,A1, Approach (APR),1 km (0.6 mls) SE of Roma-Fiumicino Airport (FCO),Italy,52,33, Destroyed, Written off (damaged beyond repair),Boeing 707-338C,4,Pratt & Whitney JT3D-3B,1968,-,57776.0, 5X-UBC, 19630/746,Uganda Airlines,International Scheduled Passenger, 775,London-Gatwick Airport,LGW,EGKK,United Kingdom,Roma-Fiumicino Airport,FCO,LIRF,Italy,7,45,7,26,-,-,Final
19881019-0,Wednesday,19-OCT-1988,06:53,A1, Approach (APR),"2,54 km (1.6 mls) NE of Ahmedabad Airport (AMD)",India,135,133, Destroyed, Written off (damaged beyond repair),Boeing 737-2A8,2,Pratt & Whitney JT8D-9A,1970,47520.0,42750.0, VT-EAH, 20481/271,Indian Airlines,Domestic Scheduled Passenger,IC113,Bombay-Sahar International Airport,BOM,VABB,India,Ahmedabad Airport,AMD,VAAH,India,6,129,6,127,-,-,Final
19881019-1,Wednesday,19-OCT-1988,08:56,A1, Approach (APR),19 km (11.9 mls) from  Guwahati-Borjhar Airport (GAU),India,34,34, Destroyed, Written off (damaged beyond repair),Fokker F-27 Friendship 100,-,-,1961,-,-, VT-DMC, 10173,Vayudoot,Domestic Scheduled Passenger, 703,Silchar-Kumbhirgram Airport,IXS,VEKU,India,Guwahati-Borjhar Airport,GAU,VEGT,India,3,31,3,31,-,-,-
19881022-0,Saturday,22-OCT-1988,-,H2, En route (ENR),London-Heathrow Airport (LHR),United Kingdom,-,0, None,-,Boeing 747,-,-,-,-,-, registration unknown,-,Iran Air,International Scheduled Passenger,IR723,Wien-Schwechat International Airport,VIE,LOWW,Austria,Frankfurt International Airport,FRA,EDDF,Germany,-,-,0,0,-,-,-
19881025-1,Tuesday,25-OCT-1988,10:53,A1, Initial climb (ICL),"2,5 km (1.6 mls) W of Juliaca Airport (JUL)",Peru,69,12, Damaged beyond repair,-,Fokker F-28 Fellowship 1000,2,Rolls-Royce Spey 555-15,1972,44078.0,35404.0, OB-R-1020, 11059,AeroPeru,Domestic Scheduled Passenger,-,Juliaca Airport,JUL,SPJL,Peru,Arequipa-Rodríguez Ballón Airport,AQP,SPQU,Peru,4,65,1,11,-,-,-
19881026-0,Wednesday,26-OCT-1988,-,A1, En route (ENR),ca 2 km N of Salzburg-W. A. Mozart Airport (SZG),Austria,2,2, Damaged beyond repair,-,Cessna 501 Citation I/SP,-,-,-,-,-, OE-FFK, 501-0124,Aero Technik,Unknown,-,Salzburg-W. A. Mozart Airport,SZG,LOWS,Austria,Innsbruck-Kranebitten Airport,INN,LOWI,Austria,2,0,2,0,4,-,-
19881026-1,Wednesday,26-OCT-1988,09:00,A2, Landing (LDG),Les Eplatures Airport,Switzerland,5,0, Substantial, Repaired,Learjet 31,2,Garrett TFE731-2-2B,1987,250.0,448.0, N311DF, 31-001,Gates Learjet,Demonstration,-,Zürich-Kloten Airport,ZRH,LSZH,Switzerland,-,-,-,-,2,3,0,0,-,-,Final
19881028-0,Friday,28-OCT-1988,-,U1, Unknown (UNK),at an unknown location,Unknown country,-,-, Damaged beyond repair,-,Britten-Norman BN-2A-21 Islander,-,-,1971,-,-, F-OGHL, 283,Air Guadeloupe,Unknown,-,-,-,-,-,-,-,-,-,-,-,-,-,-,-,-
19881031-0,Monday,31-OCT-1988,-,A1, Landing (LDG),Belaya Gora ?,Russia,-,-, Damaged beyond repair,-,Antonov An-2TP,-,-,-,-,-, CCCP-32325, 1G97-37,Aeroflot / Yakutsk,Unknown,-,-,-,-,-,-,-,-,-,-,-,-,-,-,-,-
19881101-0,Tuesday,01-NOV-1988,13:02,A1, Approach (APR),"2,4 km (1.5 mls) W off  Pikangikum Airport, ON (YPM)",Canada,2,2, Destroyed, Written off (damaged beyond repair),Douglas C-47A-25-DK (DC-3C),2,Pratt & Whitney R-1830-92,1944,-,22884.0, C-FBJE, 13453,Air Ontario,Cargo, 937,Red Lake Airport,YRL,CYRL,Canada,Pikangikum Airport,YPM,CYPM,Canada,2,0,2,0,-,-,Final
19881102-0,Wednesday,02-NOV-1988,-,A1, Approach (APR),near Rzeszów,Poland,29,1, Damaged beyond repair,-,Antonov An-24V,2,Ivchenko AI-24,1966,-,-, SP-LTD, 67302209,LOT,Domestic Scheduled Passenger, 703,Warszawa-Okecie Airport,WAW,EPWA,Poland,Rzeszów Airport,RZE,EPRZ,Poland,4,25,0,1,-,-,-
19881102-1,Wednesday,02-NOV-1988,10:13,A1, En route (ENR),"Oak Grove, PA",United States of America,3,3, Destroyed, Written off (damaged beyond repair),Rockwell 1121A Jet Commander,2,General Electric CJ610-5,-,-,10519.0, N44, 130,FAA,Test,-,Pittsburgh-Allegheny County Airport,AGC,KAGC,United States of America,Latrobe-Westmoreland County Airport,LBE,KLBE,United States of America,2,1,2,1,-,-,Final
19881108-0,Tuesday,08-NOV-1988,10:45,A1, Landing (LDG),Gondar Airport (GDQ),Ethiopia,-,1, Damaged beyond repair,-,de Havilland Canada DHC-5D Buffalo,2,General Electric CT64-820-4,1981,-,-, ET-AHI, 101,Ethiopian Airlines,Cargo,-,Gondar Airport,GDQ,HAGN,Ethiopia,-,-,-,-,-,0,1,0,-,-,-
19881113-0,Sunday,13-NOV-1988,13:55,A1, En route (ENR),Niedernberg,Germany,2,0, Substantial, Written off (damaged beyond repair),Grumman G-159 Gulfstream I,-,-,1963,-,-, N750BR,  99,private,Ferry/positioning,-,Rotterdam Airport,RTM,EHRD,Netherlands,Thessaloniki Airport,SKG,LGTS,Greece,2,0,0,0,-,-,-
19881114-0,Monday,14-NOV-1988,-,O1, Standing (STD),Kayseri-Erkilet Air Base (ASR),Turkey,0,0, Damaged beyond repair,-,Transall C-160D,-,-,1969,-,-, 69-030, D-30,Turkish AF,Military,-,-,-,-,-,-,-,-,-,0,0,0,0,-,-,-
19881114-1,Monday,14-NOV-1988,07:14,A1, Approach (APR),1 km (0.6 mls) S of Seinäjoki-Ilmajoki Airport (SJY),Finland,12,6, Destroyed, Written off (damaged beyond repair),Embraer EMB-110P1 Bandeirante,2,Pratt & Whitney Canada PT6A-34,1979,-,8542.0, OH-EBA, 110226,Kar-Air Finland,Domestic Scheduled Passenger, 701,Helsinki-Vantaa Airport,HEL,EFHK,Finland,Seinäjoki-Ilmajoki Airport,SJY,EFSI,Finland,2,10,2,4,-,-,Final
19881117-0,Thursday,17-NOV-1988,-,A1, Unknown (UNK),Michalków,Poland,-,-, Damaged beyond repair,-,Antonov An-2R,-,-,-,-,-, SP-WKZ, 1G144-40,ZUA,Unknown,-,-,-,-,-,-,-,-,-,-,-,-,-,-,-,-
19881118-1,Friday,18-NOV-1988,-,A1, En route (ENR),near Johannesburg,South Africa,12,0, Damaged beyond repair,-,Swearingen SA226-TC Metro II,2,Garrett TPE331-3UW-303G,1979,-,-, ZS-LKG, TC-291,Magnum Airlines,Passenger,-,-,-,-,-,-,-,-,-,2,10,0,0,-,-,-
19881118-2,Friday,18-NOV-1988,06:31,A1, Initial climb (ICL),Montluçon-Guéret (Lepaud) Airport (MCU),France,4,4, Damaged beyond repair,-,Swearingen SA226-TC Metro II,2,Garrett TPE331-3UW-303G,1980,-,10346.0, F-GCPG, TC-334E,Air Littoral,Domestic Scheduled Passenger, 440,Montluçon-Guéret (Lepaud) Airport,MCU,LFBK,France,Paris-Orly Airport,ORY,LFPO,France,2,2,2,2,-,-,Final
19881119-0,Saturday,19-NOV-1988,20:30,C1, En route (ENR),near Parachinar,Pakistan,30,30, Damaged beyond repair,-,Antonov An-26,-,-,-,-,-, registration unknown,-,Afghan AF,Military,-,Kabul-Khwaja Rawash Airport,KBL,OAKB,Afghanistan,Jalalabad Airport,JAA,OAJL,Afghanistan,-,-,-,-,-,-,-
19881119-1,Saturday,19-NOV-1988,-,A1, Landing (LDG),Rogachevo Air Base,Russia,10,0, Damaged beyond repair,-,Ilyushin Il-76MD,-,-,1988,-,-, CCCP-78771, 0083487622,Soviet AF,Military,-,Arkhangelsk-Talaghy Airport,ARH,ULAA,Russia,-,-,-,-,7,3,0,0,-,-,Preliminary
19881120-0,Sunday,20-NOV-1988,-,A1, Landing (LDG),Yerevan Airport (EVN),Armenia,-,-, Damaged beyond repair,-,Antonov An-8,-,-,1960,-,-, CCCP-26183, 0B-3440,MOM/NPO Energiya,Unknown,-,-,-,-,-,Yerevan Airport,EVN,UDYZ,Armenia,-,-,-,-,-,-,-
19881121-0,Monday,21-NOV-1988,-,C1, En route (ENR),within Pakistan,Pakistan,-,-, Damaged beyond repair,-,Antonov An-26,-,-,-,-,-, registration unknown,-,Afghan AF,Military,-,Kabul Airport,KBL,OAKB,Afghanistan,Jalalabad Airport,JAA,OAJL,Afghanistan,-,-,-,-,-,-,-
19881122-0,Tuesday,22-NOV-1988,20:36,A2, Landing (LDG),"Gander International Airport, NL (YQX)",Canada,5,0, Substantial, Repaired,McDonnell Douglas DC-8-63CF,-,-,1968,-,-, N661AV, 45969/396,Arrow Air,International Scheduled Passenger,-,New York-John F. Kennedy International Airport,JFK,KJFK,United States of America,Gander International Airport,YQX,CYQX,Canada,3,2,0,0,-,-,-
19881123-0,Wednesday,23-NOV-1988,-,A1, Landing (LDG),Tangier Airport (TNG),Morocco,78,0, Damaged beyond repair,-,Vickers 807 Viscount,4,Rolls-Royce Dart 520,1957,-,-, G-BBVH, 281,Gibraltar Airways,International Scheduled Passenger,-,Gibraltar-North Front Airport,GIB,LXGB,Gibraltar,Tangier Airport,TNG,GMTT,Morocco,4,74,0,0,-,-,-
