identifiant,week_day,date,time,type_event,phase,location,country,total_occupants,total_fatalities,aircraft_damage,aircraft_fate,type_aircraft,number_engines,type_engines,first_flight,cycles,total_airframe_hours,registration,c_n_msn,operator,nature,flight_number,departure_airport_name,departure_airport_IATA,departure_airport_ICAO,departure_airport_country,destination_airport_name,destination_airport_IATA,destination_airport_ICAO,destination_airport_country,crew_number,passengers_number,crew_fatalities,passengers_fatalities,collision_casualties,ground_casualties,status
20180606-1,Wednesday,06-JUN-2018,14:00,A1, Maneuvering (MNV),"Baleni, Galati County",Romania,2,0, Destroyed, Written off (damaged beyond repair),Antonov An-2R,-,-,-,-,-, YR-DAX, 1G216-16,Aeroserv,Agricultural,-,-,-,-,-,-,-,-,-,2,0,0,0,-,-,Preliminary
20180609-0,Saturday,09-JUN-2018,14:50,A2, Landing (LDG),Jumla Airport (JUM),Nepal,21,0, Substantial, Repaired,de Havilland Canada DHC-6 Twin Otter 300,-,-,1980,-,-, 9N-AEV, 729, Tara Air,Domestic Scheduled Passenger,-,Nepalganj Airport,KEP,VNNG,Nepal,Jumla Airport,JUM,VNJL,Nepal,3,18,0,0,-,-,Preliminary
20180611-0,Monday,11-JUN-2018,-,O1, Pushback / towing (PBT),Frankfurt International Airport (FRA),Germany,0,0, Substantial, Written off (damaged beyond repair),Airbus A340-313,4,CFMI CFM56-5C4,2000,-,-, 	D-AIFA, 352,Lufthansa,-,-,-,-,-,-,-,-,-,-,0,0,0,0,-,-,-
20180611-1,Monday,11-JUN-2018,14:54,A2, Approach (APR),Beaver Island Airstrip,Falkland Islands,3,0, Substantial,-,Pilatus Britten-Norman BN-2B-26 Islander,2,Lycoming O-540-E4C5,1989,-,-, VP-FBM, 2200,FIGAS,Domestic Scheduled Passenger,-,-,-,-,-,-,-,-,-,1,2,0,0,-,-,Final
20180614-0,Thursday,14-JUN-2018,-,O1, Standing (STD),Mendi Airport (MDU),Papua New Guinea,0,0, Destroyed, Written off (damaged beyond repair),de Havilland Canada DHC-8-202Q Dash 8,2,Pratt & Whitney Canada PW123D,1997,-,-, P2-ANX, 463,LinkPNG,Domestic Scheduled Passenger,PX861,Mendi Airport,MDU,AYMN,Papua New Guinea,Port Moresby-Jacksons International Airport,POM,AYPY,Papua New Guinea,0,0,0,0,-,-,-
20180614-1,Thursday,14-JUN-2018,20:40,A1, Landing (LDG),Kiev-Igor Sikorsky International Airport (IEV),Ukraine,169,0, Substantial,-,McDonnell Douglas MD-83,-,-,1991,-,-, UR-CPR, 49946/1898,Bravo Airways,Int'l Non Scheduled Passenger,BAY4406,Antalya Airport,AYT,LTAI,Turkey,Kiev-Igor Sikorsky International Airport,IEV,UKKK,Ukraine,-,-,0,0,-,-,Preliminary
20180618-0,Monday,18-JUN-2018,14:52,A2, Approach (APR),"6,7 km (4.2 mls) E of Nabire Airport (NBX)",Indonesia,13,0, Substantial,-,Cessna 208B Grand Caravan,1,Pratt & Whitney Canada PT6A-114A,2007,15519.0,11276.0, PK-FSL, 208B1254,Spirit Avia Sentosa,Domestic Non Scheduled Passenger,-,Bilogai/Sugapa Airport,ZGP,WAYB,Indonesia,Nabire Airport,NBX,WABI,Indonesia,2,11,0,0,-,-,Preliminary - official
20180621-0,Thursday,21-JUN-2018,04:10,O2, Standing (STD),"Columbus-John Glenn International Airport, OH (CMH)",United States of America,0,0, Unknown,-,Embraer ERJ-170LR (ERJ-170-100 LR),2,General Electric CF34-8E5,2007,-,-, N876RW, 17000187,Republic Airlines,-,-,-,-,-,-,-,-,-,-,0,0,0,0,-,-,- (No safety board investigation)
20180622-0,Friday,22-JUN-2018,13:05,C2, Landing (LDG),Kenyam Airstrip,Indonesia,20,0, Minor,-,de Havilland Canada DHC-6 Twin Otter 300,-,-,1976,-,-, PK-HVU,-,Dimonim Air,Passenger,-,Timika-Moses Kilangin (Tembagapura) Airport,TIM,WABP,Indonesia,-,-,-,-,3,17,0,0,-,-,-
20180624-0,Sunday,24-JUN-2018,10:30,A1, En route (ENR),"Souguéta, Kindia",Guinea,4,4, Destroyed, Written off (damaged beyond repair),Let L-410UVP,-,-,-,-,-, registration unknown,-,Eagle Air,Cargo,-,Conakry Airport,CKY,DGCY,Guinea,-,-,-,-,4,0,4,0,-,-,-
20180625-0,Monday,25-JUN-2018,10:00,C2, Taxi (TXI),Kenyam Airstrip,Indonesia,18,0, Minor,-,de Havilland Canada DHC-6 Twin Otter 300,2,Pratt & Whitney Canada PT6A-27,1980,-,-, PK-YRU, 685,Trigana Air Service,Domestic Non Scheduled Passenger,-,Wamena Airport,WMX,WAJW,Indonesia,-,-,-,-,3,15,0,0,-,-,-
20180626-0,Tuesday,26-JUN-2018,08:00,O2, Standing (STD),Seoul-Gimpo (Kimpo) International Airport (SEL/RKSS),South Korea,-,0, Substantial, Repaired,Boeing 777-2B5ER,2,Pratt & Whitney PW4090,2007,-,-, HL7764, 34214/684,Korean Air,International Scheduled Passenger,KE2725,Seoul-Gimpo (Kimpo) International Airport,SEL,RKSS,South Korea,Osaka-Kansai International Airport,KIX,RJBB,Japan,-,-,0,0,-,-,-
20180626-1,Tuesday,26-JUN-2018,08:00,O2, Pushback / towing (PBT),Seoul-Gimpo (Kimpo) International Airport (SEL/RKSS),South Korea,-,0, Minor,-,Airbus A330-323,2,Pratt & Whitney PW4168A,2013,-,-, HL8286, 1464,Asiana Airlines,International Scheduled Passenger,OZ3355,Seoul-Gimpo (Kimpo) International Airport,SEL,RKSS,South Korea,Beijing-Capital Airport,PEK,ZBAA,China,-,0,0,0,-,-,-
20180626-2,Tuesday,26-JUN-2018,08:50,A2, Taxi (TXI),"Salt Lake City International Airport, UT (SLC)",United States of America,3,0, Substantial,-,Learjet 60,2,Pratt & Whitney Canada PW305A,1994,-,-, N57, 60-039,FAA,Survey/research,-,Salt Lake City International Airport,SLC,KSLC,United States of America,-,-,-,-,3,0,0,0,-,-,Preliminary - official
20180626-3,Tuesday,26-JUN-2018,-,O1, Standing (STD),Damascus International Airport (DAM),Syria,0,0, Destroyed, Written off (damaged beyond repair),Ilyuhsin Il-76,-,-,-,-,-, registration unknown,-,Iran AF,-,-,-,-,-,-,-,-,-,-,0,0,0,0,-,-,-
20180627-0,Wednesday,27-JUN-2018,-,A2, En route (ENR),"Nizhneudinsk, Irkutsk region",Russia,4,0, Substantial,-,Antonov An-2R,-,-,1977,-,-, RA-62524, 1G175-47,Feniks,Survey/research,-,-,-,-,-,-,-,-,-,2,2,0,0,-,-,-
20180630-0,Saturday,30-JUN-2018,14:10,A2, En route (ENR),San Pedro Airport (SPR),Belize,8,0, Substantial,-,IRMA/Pilatus Britten-Norman BN-2A-26 Islander,-,-,1981,-,-, V3-HFB, 907,Maya Island Air,Passenger,-,-,-,-,-,-,-,-,-,-,-,0,0,-,-,Preliminary
20180704-0,Wednesday,04-JUL-2018,08:23,A2, Standing (STD),"Chicago-O'Hare International Airport, IL (ORD)",United States of America,1,0, Substantial,-,Cessna 208B Grand Caravan,1,Pratt & Whitney Canada PT6A-114A,2006,-,6800.0, N208EE, 208B1213,Air Choice One,Domestic Non Scheduled Passenger,-,Ironwood-Gogebic County Airport,IWD,KIWD,United States of America,Chicago-O'Hare International Airport,ORD,KORD,United States of America,1,0,0,0,-,-,Final
20180705-0,Thursday,05-JUL-2018,-,A2, Initial climb (ICL),"1,2 km (0.8 mls) from  Padek Airstrip",South Sudan,19,0, Substantial,-,Cessna 208B Grand Caravan,1,Pratt & Whitney Canada PT6A-114A,1994,15000.0,18000.0, 5Y-BUC, 208B0400,Flex Air Charters,Domestic Non Scheduled Passenger,-,-,-,-,-,-,-,-,-,2,17,0,0,-,-,-
20180705-1,Thursday,05-JUL-2018,06:05,A2, Landing (LDG),"Thangool Airport, QLD (THG)",Australia,-,0, Substantial, Repaired,Dornier 228-202,-,-,-,-,-, VH-VJN, 8040,GAM,Cargo,-,Brisbane International Airport,BNE,YBBN,Australia,Thangool Airport,THG,YTNG,Australia,-,-,0,0,-,-,Preliminary - official
20180706-0,Friday,06-JUL-2018,16:20,A2, Landing (LDG),Fez-Sais Airport (FEZ),Morocco,62,0, Substantial, Repaired,ATR 72-212A (ATR 72-600),2,Pratt & Whitney Canada PW127M,2016,-,5645.0, CS-DJG, 1316,TAP Express,International Scheduled Passenger,TP1428,Lisboa-Portela de Sacavém Airport,LIS,LPPT,Portugal,Fez-Sais Airport,FEZ,GMFF,Morocco,4,58,0,0,-,-,Final
20180709-0,Monday,09-JUL-2018,08:46,A2, Takeoff (TOF),"Parker Lake, NU",Canada,2,0, Substantial,-,de Havilland Canada DHC-3T Texas Turbine Otter,1,Honeywell TPE331-10R-511,1960,-,-, C-GBQC, 401,Ookpik Aviation,Unknown,-,-,-,-,-,-,-,-,-,1,1,0,0,-,-,Preliminary
20180710-0,Tuesday,10-JUL-2018,16:39,A1, Approach (APR),6 km (3.8 mls) ESE of Pretoria-Wonderboom Airport (PRY),South Africa,19,1, Destroyed, Written off (damaged beyond repair),Convair CV-340,2,Pratt & Whitney R-2800-CB16,1954,-,18115.0, ZS-BRV, 215,Rovos Air,Private,-,Pretoria-Wonderboom Airport,PRY,FAWB,South Africa,Sun City-Pilanesberg Airport,NTY,FAPN,South Africa,2,17,0,1,-,-,Final
20180710-1,Tuesday,10-JUL-2018,08:35,A1, En route (ENR),"Mount Jumbo, Prince of Wales Island, AK",United States of America,11,0, Substantial,-,de Havilland Canada DHC-3T Vazar Turbine Otter,1,Pratt & Whitney Canada PT6A-135A,1957,-,-, N3952B, 225,Taquan Air,Domestic Non Scheduled Passenger,-,-,-,-,-,-,-,-,-,1,10,0,0,-,-,Preliminary - official
20180711-0,Wednesday,11-JUL-2018,13:41,A2, Landing (LDG),San Felipe Airport,Colombia,12,0, Substantial,-,Douglas DC-3C,2,Pratt & Whitney R-1830-92,1943,-,29170.0, HK-3293, 9186,Air Colombia,Domestic Non Scheduled Passenger,-,Inírida-César Gaviria Trujillo Airport,PDA,SKPD,Colombia,-,-,-,-,3,9,0,0,-,-,Preliminary - official
20180716-0,Monday,16-JUL-2018,09:25,A2, Landing (LDG),"Manley Hot Springs Airport, AK (MLY)",United States of America,2,0, Substantial,-,Curtiss C-46F-1-CU Commando,2,Pratt & Whitney R-2800-51M1,1945,-,37049.0, N1822M, 22521,Everts Air Fuel,Unknown,-,Fairbanks International Airport,FAI,PAFA,United States of America,Kenai Airport,ENA,PAEN,United States of America,2,0,0,0,-,-,Final
20180716-1,Monday,16-JUL-2018,00:30,A2, Takeoff (TOF),"Cataratas del Iguazú-M.C.E. Krause Airport, MI (IGR)",Argentina,71,0, Substantial, Repaired,Boeing 737-8F2 (WL),2,CFMI CFM56-7B26,2006,-,-, LV-HQY, 	34406/1852,Flybondi,Domestic Scheduled Passenger,FO5111,Cataratas del Iguazú-M.C.E. Krause Airport,IGR,SARI,Argentina,El Palomar Airport,EPA,SADP,Argentina,-,-,0,0,-,-,Preliminary - official
20180720-0,Friday,20-JUL-2018,01:25,A1, En route (ENR),50 km (31.3 mls) from  Al Alamain,Egypt,6,0, Damaged beyond repair,-,Antonov An-26B,-,-,1981,-,-, UP-AN611, 114-04,Kazairtrans Airline,Ferry/positioning,114,-,-,-,-,-,-,-,-,6,0,0,0,-,-,-
20180721-0,Saturday,21-JUL-2018,09:00,A1, Takeoff (TOF),"Burnet Municipal Kate Craddock Field, TX",United States of America,13,0, Destroyed, Written off (damaged beyond repair),Douglas C-47B (DC-3),2,Pratt & Whitney R-1830,1945,-,-, N47HL, 27203/15758,CAF,Private,-,-,-,-,-,Sedalia Airport,DMO,KDMO,United States of America,3,10,0,0,-,-,Preliminary - official
20180722-0,Sunday,22-JUL-2018,15:08,A2, Takeoff (TOF),Cork Airport (ORK),Ireland,8,0, Substantial,-,Cessna 750 Citation X,2,Rolls-Royce AE3007C2,2014,-,-, N752TX, 750-0511,Textron,Executive,-,Cork Airport,ORK,EICK,Ireland,Gander International Airport,YQX,CYQX,Canada,2,6,0,0,-,-,Final
20180723-0,Monday,23-JUL-2018,15:19,A2, Approach (APR),"near Tulsa International Airport, OK (TUL)",United States of America,2,0, Substantial, Repaired,Cessna 560 Citation Encore,2,Pratt & Whitney Canada PW535A,2006,-,2574.0, N866VP, 560-0704,OzAir Charter Service,Ferry/positioning,-,Springfield-Branson National Airport,SGF,KSGF,United States of America,Tulsa International Airport,TUL,KTUL,United States of America,2,0,0,0,-,-,Final
20180727-0,Friday,27-JUL-2018,-,A1, Unknown (UNK),3 km (1.9 mls) from  Kamako,Democratic Republic of the Congo,7,5, Damaged beyond repair,-,Antonov An-2R,-,-,1983,-,-, 9S-GFS, 1G201-29, Air Kasai,Passenger,-,-,-,-,-,Tshikapa Airport,TSH,FZUK,Democratic Republic of the Congo,-,-,-,-,-,-,Preliminary
20180727-1,Friday,27-JUL-2018,04:53,A2, Landing (LDG),"Portsmouth International Airport at Pease, NH (PSM)",United States of America,-,0, Substantial,-,Boeing 767-38EER,2,General Electric CF6-80C2B6F,1992,-,-, N641GT, 25132/417,Atlas Air,Int'l Non Scheduled Passenger,5Y8601,Frankfurt-Hahn Airport,HHN,EDFH,Germany,Portsmouth International Airport at Pease,PSM,KPSM,United States of America,-,-,0,0,-,-,Preliminary
20180728-0,Saturday,28-JUL-2018,10:37,A2, Landing (LDG),Port Vila-Bauerfield Airport (VLI),Vanuatu,43,0, Substantial,-,ATR 72-500 (72-212A),2,Pratt & Whitney Canada PW127M,2005,-,19887.0, YJ-AV71, 720,Air Vanuatu,Domestic Scheduled Passenger,NF239,Tanna-White Grass Airport,TAH,NVVW,Vanuatu,Port Vila-Bauerfield Airport,VLI,NVVV,Vanuatu,4,39,0,0,-,-,Preliminary - official
20180728-1,Saturday,28-JUL-2018,11:00,O1, Standing (STD),Port Vila-Bauerfield Airport (VLI),Vanuatu,0,0, Damaged beyond repair,-,Britten-Norman BN-2A-8 Islander,-,-,1969,-,-, YJ-OO9, 65,Unity Airlines,-,-,-,-,-,-,-,-,-,-,0,0,0,0,-,-,-
20180728-2,Saturday,28-JUL-2018,11:00,O2, Standing (STD),Port Vila-Bauerfield Airport (VLI),Vanuatu,0,0, Substantial,-,IRMA/Britten-Norman BN-2A-27 Islander,-,-,1971,-,-, YJ-AL2, 609,Air Taxi Vanuatu,-,-,-,-,-,-,-,-,-,-,0,0,0,0,-,-,-
20180730-0,Monday,30-JUL-2018,-,A1, Unknown (UNK),"Evenki District, Krasnoyarsk Krai",Russia,7,0, Substantial,-,Antonov An-2R,-,-,1985,-,-, RA-40649, 1G213-56,private,Unknown,-,-,-,-,-,-,-,-,-,2,5,0,0,-,-,Preliminary
20180731-0,Tuesday,31-JUL-2018,15:22,A1, Takeoff (TOF),Durango-Guadalupe Victoria Airport (DGO),Mexico,103,0, Destroyed, Written off (damaged beyond repair),Embraer ERJ-190AR,2,General Electric CF34-10E6,2008,18200.0,27257.0, XA-GAL, 19000173,Aeroméxico Connect,Domestic Scheduled Passenger,AM2431,Durango-Guadalupe Victoria Airport,DGO,MMDO,Mexico,Mexico City-Benito Juárez International Airport,MEX,MMMX,Mexico,5,98,0,0,-,-,Final
20180801-0,Wednesday,01-AUG-2018,18:05,A2, Approach (APR),"near Wilmington-New Hanover County International Airport, NC (ILM)",United States of America,6,0, Substantial, Repaired,Beechcraft B300 King Air 350,2,Pratt & Whitney Canada PT6A-60A,2013,-,1256.0, N557AP, FL-879,Atlantic Transportation of Wilmington,Unknown,-,Rock Hill Airport,RKH,KUZA,United States of America,Wilmington-New Hanover County International Airport,ILM,KILM,United States of America,2,4,0,0,-,-,Final
20180804-0,Saturday,04-AUG-2018,16:56,A1, En route (ENR),"1,2 km (0.8 mls) SW of Piz Segnas",Switzerland,20,20, Destroyed, Written off (damaged beyond repair),Junkers Ju-52/3mg4e,3,BMW 132A3,1939,8783.0,10189.0, HB-HOT, 6595,Ju-Air,Domestic Non Scheduled Passenger,-,-,-,-,-,-,-,-,-,3,17,3,17,-,-,Preliminary - official
20180807-0,Tuesday,07-AUG-2018,17:30,A2, Landing (LDG),Lalgarh Airport,India,9,0, Substantial,-,Cessna 208B Grand Caravan,1,Pratt & Whitney Canada PT6A-114A,2013,-,-, VT-UDN, 208B2420,Supreme Airlines,Domestic Scheduled Passenger, 503,Jaipur International Airport,JAI,VIJP,India,-,-,-,-,2,7,0,0,-,-,Preliminary
20180807-1,Tuesday,07-AUG-2018,00:34,A2, En route (ENR),ca 3 km from San Luis Potosí Airport (SLP),Mexico,2,0, Substantial,-,Dassault Falcon 20D,-,-,1969,-,-, N961AA, 205,Alliance Air Charter,Cargo,TTX7401,Querétaro Intercontinental Airport,QRO,MMQT,Mexico,Laredo International Airport,LRD,KLRD,United States of America,2,0,0,0,-,-,Preliminary
20180809-0,Thursday,09-AUG-2018,17:43,A2, Taxi (TXI),Istanbul-Atatürk International Airport (IST),Turkey,-,0, Substantial, Repaired,Boeing 787-8 Dreamliner,2,General Electric GEnx-1B,2016,-,-, CN-RGT, 35509/457,RAM,International Scheduled Passenger,AT911,Istanbul-Atatürk International Airport,IST,LTBA,Turkey,Casablanca-Mohamed V Airport,CMN,GMMN,Morocco,-,-,0,0,-,-,Preliminary
20180809-1,Thursday,09-AUG-2018,17:43,A2, Standing (STD),Istanbul-Atatürk International Airport (IST),Turkey,-,0, Substantial, Repaired,Boeing 777-3F2ER,2,General Electric GE90-115B,2015,-,-, TC-JJZ, 44122/1291,THY,International Scheduled Passenger,TK12,New York-John F. Kennedy International Airport,JFK,KJFK,United States of America,Istanbul-Atatürk International Airport,IST,LTBA,Turkey,-,-,0,0,-,-,Preliminary
20180810-0,Friday,10-AUG-2018,20:47,C1, En route (ENR),"Ketron Island, WA",United States of America,1,1, Destroyed, Written off (damaged beyond repair),de Havilland Canada DHC-8-402Q Dash 8,2,Pratt & Whitney Canada PW150A,2012,-,-, N449QX, 4410,Horizon Air,Illegal Flight,-,Seattle/Tacoma International Airport,SEA,KSEA,United States of America,-,-,-,-,1,0,1,0,-,-,- (No safety board investigation)
20180813-0,Monday,13-AUG-2018,02:30,C1, Maneuvering (MNV),"Payson, UT",United States of America,1,1, Destroyed, Written off (damaged beyond repair),Cessna 525 CitationJet,2,Williams International FJ44,1995,-,-, N526CP, 525-0099,Vancon Holdings,Illegal Flight,-,-,-,-,-,-,-,-,-,1,0,1,0,-,-,-
20180813-1,Monday,13-AUG-2018,04:45,A2, Landing (LDG),"Los Angeles International Airport, CA (LAX)",United States of America,197,0, Substantial, Repaired,Airbus A321-271N,2,Pratt & Whitney PW1133G,2017,-,-, N204HA, 7959,Hawaiian Airlines,Domestic Scheduled Passenger,HA56,Kahului Airport,OGG,PHOG,United States of America,Los Angeles International Airport,LAX,KLAX,United States of America,-,-,0,0,-,-,Preliminary - official
20180815-0,Wednesday,15-AUG-2018,-,A2, Pushback / towing (PBT),Roma-Fiumicino Airport (FCO),Italy,-,0, Substantial,-,Boeing 777-367ER,2,General Electric GE90-115B,2012,-,-, B-KPY, 37899/991,Cathay Pacific,International Scheduled Passenger,CX292,Roma-Fiumicino Airport,FCO,LIRF,Italy,Hong Kong-Chek Lap Kok International Airport,HKG,VHHH,Hong Kong,-,0,0,0,-,-,Preliminary
20180816-0,Thursday,16-AUG-2018,23:55,A1, Landing (LDG),Manila-Ninoy Aquino International Airport (MNL),Philippines,165,0, Substantial,-,Boeing 737-85C (WL),2,CFMI CFM56-7B24,2010,-,-, B-5498, 37574/3160,Xiamen Airlines,International Scheduled Passenger,MF8667,Xiamen Airport,XMN,ZSAM,China,Manila-Ninoy Aquino International Airport,MNL,RPLL,Philippines,8,157,0,0,-,-,Final
20180819-0,Sunday,19-AUG-2018,17:45,A2, Standing (STD),Gera-Leumnitz Airport,Germany,9,0, Substantial,-,Antonov An-2T,1,Shvetsov ASh-62IR,1968,12120.0,5714.0, D-FOJB, 1G86-42,Ostthüringer Fallschirmsportclub,Parachuting,-,-,-,-,-,-,-,-,-,1,8,0,0,-,-,Final
20180819-1,Sunday,19-AUG-2018,17:47,A2, Landing (LDG),Lima-Jorge Chávez International Airport (LIM),Peru,64,0, Substantial,-,de Havilland Canada DHC-8-402Q Dash 8,2,Pratt & Whitney Canada PW150A,1999,-,-, N404AV, 4010,LC Perú,Domestic Scheduled Passenger,LCB1323,Lima-Jorge Chávez International Airport,LIM,SPIM,Peru,Ayacucho-Coronel FAP Alfredo Mendívil Duarte Airport,AYP,SPHO,Peru,5,59,0,0,-,-,Preliminary
20180822-0,Wednesday,22-AUG-2018,19:30,A2, Landing (LDG),Taichung-Ching Chuan Kang Airport (RMQ),Taiwan,74,0, Minor, Repaired,ATR 72-212A (ATR-72-600),2,Pratt & Whitney Canada PW127M,2017,2101.0,1342.0, B-16852, 1387,Mandarin Airlines,Domestic Scheduled Passenger,AE788,Magong Airport,MZG,RCQC,Taiwan,Taichung-Ching Chuan Kang Airport,RMQ,RCMQ,Taiwan,4,70,0,0,-,-,Final
20180825-0,Saturday,25-AUG-2018,-,A1, Takeoff (TOF),"680 km (425 mls) WNW off  Cape Hatteras, NC",Atlantic Ocean,5,0, Damaged beyond repair,-,Grumman HU-16C Albatross,2,Wright R-1820,1954,-,-, N1955G, 406,Stargazer Aero,Survey/research,-,-,-,-,-,-,-,-,-,5,0,0,0,-,-,-
20180826-0,Sunday,26-AUG-2018,-,A2, Takeoff (TOF),Pieri Airstrip,South Sudan,-,0, Substantial,-,Cessna 208B Grand Caravan,1,Pratt & Whitney Canada PT6A-114A,1997,-,-, 5Y-BOP, 208B0642,Bush Air Safaris,Unknown,-,-,-,-,-,-,-,-,-,-,-,0,0,-,-,-
20180826-1,Sunday,26-AUG-2018,15:46,A2, En route (ENR),"31 km (19.4 mls) N of Vancouver International Airport, BC (YVR)",Canada,265,0, Substantial, Repaired,Boeing 767-333ER (WL),2,Pratt & Whitney PW4060,1995,-,-, C-FMWV, 25586/599,Air Canada Rouge,International Scheduled Passenger,RV1940,Vancouver International Airport,YVR,CYVR,Canada,Dublin Airport,DUB,EIDW,Ireland,8,257,0,0,-,-,-
20180828-0,Tuesday,28-AUG-2018,11:15,A2, Landing (LDG),Macau Airport (MFM),Macau,166,0, Substantial,-,Airbus A320-214,2,CFMI CFM56-5B4/3,2012,9628.0,17838.0, B-6952, 5331,Beijing Capital Airlines,International Scheduled Passenger,JD5759,Beijing-Capital International Airport,PEK,ZBAA,China,Macau Airport,MFM,VMMC,Macau,9,157,0,0,-,-,Final
20180828-1,Tuesday,28-AUG-2018,12:00,A2, Maneuvering (MNV),near Brusartsi,Bulgaria,-,0, Substantial, Repaired,Antonov An-2R,-,-,1983,-,-, LZ-1409, 1G202-17,Air Mizia,Agricultural,-,-,-,-,-,-,-,-,-,-,-,0,0,-,-,Preliminary
20180830-0,Thursday,30-AUG-2018,10:30,A1, En route (ENR),near Mojo,Ethiopia,18,18, Destroyed, Written off (damaged beyond repair),de Havilland Canada DHC-6 Twin Otter 300,-,-,1985,-,-, ET-AIU/808, 822,Ethiopian AF,Military,-,Dire Dawa-Aba Tenna D Yilma Airport,DIR,HADR,Ethiopia,-,-,-,-,3,15,3,15,-,-,-
20180901-0,Saturday,01-SEP-2018,02:58,A1, Landing (LDG),Adler/Sochi Airport (AER),Russia,172,0, Destroyed, Written off (damaged beyond repair),Boeing 737-8AS (WL),2,CFMI CFM56-7B26,2002,23434.0,45745.0, VQ-BJI, 29937/1238,Utair,Domestic Scheduled Passenger,UT579,Moskva-Vnukovo Airport,VKO,UUWW,Russia,Adler/Sochi Airport,AER,URSS,Russia,6,166,0,0,-,-,Final
20180903-0,Monday,03-SEP-2018,-,A2, Taxi (TXI),"Burbank-Bob Hope Airport, CA (BUR)",United States of America,1,0, Substantial,-,Beechcraft B200 Super King Air,-,-,1990,-,-, N97WC, BB-1382,West Coast Aircraft Shares,Unknown,-,-,-,-,-,-,-,-,-,1,0,0,0,-,-,Preliminary
20180909-0,Sunday,09-SEP-2018,08:45,A1, Approach (APR),"1,6 km (1 mls) W of Yirol Airstrip",South Sudan,23,20, Destroyed, Written off (damaged beyond repair),Let L-410UVP,2,Walter M-601B,1984,-,-, UR-TWO, 841328,South West Aviation,Domestic Non Scheduled Passenger,-,Juba Airport,JUB,HSSJ,South Sudan,-,-,-,-,2,21,2,18,-,-,Final
20180915-0,Saturday,15-SEP-2018,16:40,A2, Maneuvering (MNV),"Whitehead Pond, NL",Canada,2,0, Substantial,-,Canadair CL-215-6B11 (CL-415),-,-,2011,-,-, C-FOFI, 2081,Gov. of Newfoundland and Labrador,Fire fighting,-,Gander International Airport,YQX,CYQX,Canada,Gander International Airport,YQX,CYQX,Canada,2,0,0,0,-,-,Preliminary - official
20180916-0,Sunday,16-SEP-2018,05:07,A2, Approach (APR),Frankfurt International Airport (FRA),Germany,3,0, Substantial, Repaired,Boeing 747-428FER,4,General Electric CF6-80C2B5F,2002,9530.0,65550.0, TC-ACM, 32867/1318,Saudi Arabian,Cargo,SV931,Dammam-King Fahad International Airport,DMM,OEDF,Saudi Arabia,Frankfurt International Airport,FRA,EDDF,Germany,3,0,0,0,-,-,Preliminary - official
20180917-0,Monday,17-SEP-2018,22:07,C1, En route (ENR),35 km (21.9 mls) W off  Latakia-Khmeimim Air Base (LTK),Syria,15,15, Damaged beyond repair,-,Ilyushin Il-20M,-,-,-,-,-, RF-93610, 173011504,Russian AF,Military,-,Latakia-Khmeimim Air Base,LTK,OSLK,Syria,Latakia-Khmeimim Air Base,LTK,OSLK,Syria,-,-,-,-,-,-,-
20180918-0,Tuesday,18-SEP-2018,10:10,A2, Landing (LDG),"Santa Fe Airport, NM (SAF)",United States of America,5,0, Substantial, Repaired,British Aerospace BAe-125-700A,2,Garrett TFE731,1982,-,-, N109BG, 257157/NA0310,Aviation Leasing Group,Domestic Non Scheduled Passenger,-,Los Angeles International Airport,LAX,KLAX,United States of America,Santa Fe Airport,SAF,KSAF,United States of America,1,4,0,0,-,-,Preliminary - official
20180918-1,Tuesday,18-SEP-2018,-,A2, Maneuvering (MNV),near Jagodina,Serbia,3,0, Substantial,-,Antonov An-2R,-,-,1988,-,-, YU-BRK, 1G230-18,STS Aviatsija,Agricultural,-,-,-,-,-,-,-,-,-,3,0,0,0,-,-,Preliminary
20180920-0,Thursday,20-SEP-2018,13:00,A2, Unknown (UNK),"Houston, TX",United States of America,2,0, Substantial,-,Embraer EMB-120ER Brasilia,2,Pratt & Whitney Canada PW118,1995,-,-, N223SW, 120291,Berry Aviation,Cargo,-,-,-,-,-,-,-,-,-,2,0,0,0,-,-,-
20180924-0,Monday,24-SEP-2018,01:30,A2, Takeoff (TOF),"Vancouver International Airport, BC (YVR)",Canada,-,0, Substantial, Repaired,Airbus A340-313,4,CFMI CFM56-5C4,1999,-,-, RP-C3435, 302,Philippine Air Lines,International Scheduled Passenger,PR117,Vancouver International Airport,YVR,CYVR,Canada,Manila-Ninoy Aquino International Airport,MNL,RPLL,Philippines,-,-,0,0,-,-,-
20180924-1,Monday,24-SEP-2018,13:40,A1, Landing (LDG),"Foz do Iguaçu/Cataratas Airport, PR (IGU)",Brazil,3,0, Substantial, Written off (damaged beyond repair),Honda HA-420 HondaJet,2,GE Honda HF120,2017,-,-, PR-TLZ, 42000068,ALTA,Executive,-,Curitiba-Afonso Pena International Airport,CWB,SBCT,Brazil,Foz do Iguaçu/Cataratas Airport,IGU,SBFI,Brazil,1,2,0,0,-,-,Preliminary - official
20180925-0,Tuesday,25-SEP-2018,05:51,A1, Approach (APR),"6,4 km (4 mls) SW of Oscoda Wurtsmith Airport, MI",United States of America,1,1, Destroyed, Written off (damaged beyond repair),Beechcraft 200 Super King Air,2,Pratt & Whitney Canada PT6A-41,1978,-,13933.0, N241CK, BB-272,Kalitta Charters,Ferry/positioning,K985,Detroit-Willow Run Airport,YIP,KYIP,United States of America,-,-,-,-,1,0,1,0,-,-,Final
20180926-0,Wednesday,26-SEP-2018,13:16,A2, Landing (LDG),Chittagong-Shah Amanat International Airport (CGP),Bangladesh,173,0, Substantial, Repaired,Boeing 737-8Q8 (WL),2,CFMI CFM56-7B26,2000,-,-, S2-AJA, 30039/701,US-Bangla Airlines,Domestic Scheduled Passenger,BS141,Dhaka-Shahjalal International Airport,DAC,VGHS,Bangladesh,Cox's Bazar Airport,CXB,VGCB,Bangladesh,9,164,0,0,-,-,Preliminary - official
20180927-0,Thursday,27-SEP-2018,13:46,A1, Landing (LDG),"Greenville Downtown Airport, SC (GMU)",United States of America,4,2, Damaged beyond repair,-,Dassault Falcon 50,-,-,1980,-,-, N114TD, 17,Air America Flight Services,Private,-,St. Petersburg-Clearwater International Airport,PIE,KPIE,United States of America,Greenville Downtown Airport,GMU,KGMU,United States of America,2,2,2,0,-,-,Preliminary - official
20180927-1,Thursday,27-SEP-2018,15:28,A1, En route (ENR),"120 km (75 mls) E off  Sendai, Japan",Pacific Ocean,1,1, Destroyed, Written off (damaged beyond repair),Cessna 208B Supervan 900,1,Honeywell TPE331-12JR,2001,-,9291.0, VH-FAY, 208B0884,CGG Aviation Australia,Ferry/positioning,-,Saipan International Airport,SPN,PGSN,Northern Mariana Islands,Sapporo-Chitose Airport,CTS,RJCC,Japan,1,0,1,0,-,-,Final
20180928-0,Friday,28-SEP-2018,10:10,A1, Approach (APR),"0,5 km (0.3 mls) from  Chuuk/Weno International Airport (TKK)",Micronesia,47,1, Substantial, Written off (damaged beyond repair),Boeing 737-8BK (WL),2,CFMI CFM56-7B26,2005,14788.0,37160.0, P2-PXE, 33024/1688,Air Niugini,Domestic Scheduled Passenger,PX73,Pohnpei Airport,PNI,PTPN,Micronesia,Chuuk/Weno International Airport,TKK,PTKK,Micronesia,12,35,0,1,-,-,Final
20180928-1,Friday,28-SEP-2018,16:40,O1, Pushback / towing (PBT),"São Paulo-Congonhas Airport, SP (CGH)",Brazil,0,0, Substantial, Written off (damaged beyond repair),Airbus A320-232,2,IAE V2527-A5,2000,-,-, PT-MZJ, 1251,LATAM Airlines Brasil,-,-,-,-,-,-,-,-,-,-,0,0,0,0,-,-,Preliminary
20181001-0,Monday,01-OCT-2018,-,A2, En route (ENR),42 km (26.3 mls) SE of Uriman,Venezuela,2,0, Substantial,-,Antononv An-2T,-,-,-,-,-, YV1719, 1G240-32,Inversiones Moraima,Unknown,-,Santa Elena Airport,SNV,SVSE,Venezuela,Uriman Airport,URM,SVUM,Venezuela,2,0,0,0,-,-,-
20181003-0,Wednesday,03-OCT-2018,-,A1, Landing (LDG),Khartoum Airport (KRT),Sudan,-,0, Damaged beyond repair,-,Antonov An-32,-,-,-,-,-, registration unknown,-,Sudan AF,Military,-,-,-,-,-,Khartoum-Civil Airport,KRT,HSSS,Sudan,-,-,0,0,-,-,-
20181003-1,Wednesday,03-OCT-2018,-,A1, Landing (LDG),Khartoum Airport (KRT),Sudan,-,0, Damaged beyond repair,-,Antonov An-26,-,-,1980,-,-, 7706 ?, 10404,Sudan AF,Military,-,-,-,-,-,Khartoum-Civil Airport,KRT,HSSS,Sudan,-,-,0,0,-,-,-
20181003-2,Wednesday,03-OCT-2018,15:00,A2, Landing (LDG),"Gambell Airport, AK (GAM)",United States of America,9,0, Substantial,-,Beechcraft 1900C,2,Pratt & Whitney Canada PT6A-65B,1991,-,47493.0, N575Q, UC-160,Ravn Connect,Domestic Scheduled Passenger,-,Nome Airport,OME,PAOM,United States of America,Gambell Airport,GAM,PAGM,United States of America,2,7,0,0,-,-,Final
20181010-0,Wednesday,10-OCT-2018,03:20,A1, Landing (LDG),Yakutsk Airport (YKS),Russia,91,0, Substantial, Written off (damaged beyond repair),Sukhoi Superjet 100-95B,-,-,2012,-,-, RA-89011, 95019,Yakutia Airlines,Domestic Scheduled Passenger,R3414,Ulan-Ude Airport,UUD,UIUU,Russia,Yakutsk Airport,YKS,UEEE,Russia,5,86,0,0,-,-,Preliminary
20181010-1,Wednesday,10-OCT-2018,06:20,A2, Landing (LDG),Beoga Airstrip,Indonesia,2,0, Substantial,-,Cessna 208B Grand Caravan EX,1,Pratt & Whitney Canada PT6A-140,2014,-,-, PK-JBR, 208B5163,Jhonlin Air Transport,Unknown,-,Timika-Moses Kilangin (Tembagapura) Airport,TIM,WABP,Indonesia,-,-,-,-,1,1,0,0,-,-,Preliminary
20181012-0,Friday,12-OCT-2018,01:18,A2, Takeoff (TOF),Tiruchirappalli-Civil Airport (TRZ),India,136,0, Substantial, Repaired,Boeing 737-8HG (WL),2,CFMI CFM56-7B27,2009,-,-, VT-AYD, 	36340/3122,Air India Express,International Scheduled Passenger,IX611,Tiruchirappalli-Civil Airport,TRZ,VOTR,India,Dubai Airport,DXB,OMDB,United Arab Emirates,6,130,0,0,-,-,Preliminary
20181012-1,Friday,12-OCT-2018,10:30,O1, Standing (STD),Lagos-Murtala Muhammed International Airport (LOS),Nigeria,0,0, Damaged beyond repair,-,ATR 72-202,2,Pratt & Whitney Canada PW124B,1992,-,-, 5N-BPE, 316,Overland Airways,-,-,-,-,-,-,-,-,-,-,0,0,0,0,-,-,Preliminary
20181029-0,Monday,29-OCT-2018,06:31,A1, En route (ENR),15 km (9.4 mls) N off  Tanjung Bungin,Indonesia,189,189, Destroyed, Written off (damaged beyond repair),Boeing 737 MAX 8,2,CFMI LEAP-1B25,2018,443.0,895.0, PK-LQP, 43000/7058,Lion Air,Domestic Scheduled Passenger,JT610,Jakarta-Soekarno-Hatta International Airport,CGK,WIII,Indonesia,Pangkal Pinang Airport,PGK,WIKK,Indonesia,8,181,8,181,-,-,Final
20181031-0,Wednesday,31-OCT-2018,10:44,A2, Taxi (TXI),Paris-Charles de Gaulle Airport (CDG),France,201,0, Substantial, Repaired,Airbus A330-203,2,General Electric CF6-80E1A3,2002,-,-, F-GZCI, 502,Air France,International Scheduled Passenger,AF498,Paris-Charles de Gaulle Airport,CDG,LFPG,France,Sint Maarten-Juliana Airport,SXM,TNCM,Sint Maarten,10,191,0,0,-,-,Final
20181031-1,Wednesday,31-OCT-2018,10:44,A2, Taxi (TXI),Paris-Charles de Gaulle Airport (CDG),France,247,0, Substantial, Repaired,Airbus A330-323,2,Pratt & Whitney PW4168A,2007,-,-, N817NW, 843,Delta Air Lines,International Scheduled Passenger,AF498,Paris-Charles de Gaulle Airport,CDG,LFPG,France,Sint Maarten-Juliana Airport,SXM,TNCM,Sint Maarten,13,234,0,0,-,-,Final
20181107-0,Wednesday,07-NOV-2018,05:06,A1, Landing (LDG),"Halifax-Stanfield International Airport, NS (YHZ)",Canada,4,0, Substantial, Written off (damaged beyond repair),Boeing 747-412F,4,Pratt & Whitney PW4056,1997,-,-, N908AR, 28026/1105,Sky Lease Cargo,Cargo,GG4854,Chicago-O'Hare International Airport,ORD,KORD,United States of America,Halifax-Stanfield International Airport,YHZ,CYHZ,Canada,4,0,0,0,-,-,Preliminary - official
20181108-0,Thursday,08-NOV-2018,-,A1, En route (ENR),50 km (31.3 mls) NE of Arkhangelsk-Talaghy Airport (ARH),Russia,14,0, Damaged beyond repair,-,Antonov An-2R,-,-,1981,-,-, RA-84674, 1G191-52,2nd Arkhangelsk United Aviation Division,Passenger,-,-,-,-,-,-,-,-,-,2,12,0,0,-,-,-
20181109-0,Friday,09-NOV-2018,02:53,A1, Landing (LDG),Georgetown-Cheddi Jagan International Airport (GEO),Guyana,128,1, Substantial,-,Boeing 757-23N,2,Rolls-Royce RB211-535E4,1999,-,-, N524AT, 30233/895,Fly Jamaica Airways,International Scheduled Passenger,OJ256,Georgetown-Cheddi Jagan International Airport,GEO,SYCJ,Guyana,Toronto-Pearson International Airport,YYZ,CYYZ,Canada,8,120,0,1,-,-,-
20181109-1,Friday,09-NOV-2018,-,A1, Landing (LDG),Chaklala-PAF Base Nur Khan (RWP),Pakistan,9,0, Damaged beyond repair,-,Lockheed C-130E Hercules,-,-,1966,-,-, 4180, 4180,Pakistan AF,Military,-,Chaklala-PAF Base Nur Khan,RWP,OPRN,Pakistan,Chaklala-PAF Base Nur Khan,RWP,OPRN,Pakistan,9,0,0,0,-,-,-
20181111-0,Sunday,11-NOV-2018,13:35,A2, En route (ENR),NE of Lisbon,Portugal,6,0, Substantial, unk,Embraer ERJ-190LR (ERJ-190-100 LR),2,General Electric CF34-10E5,2013,-,-, P4-KCJ, 19000653,Air Astana,Ferry/positioning,KC1388,Alverca Air Base,AVR,LPAR,Portugal,Minsk-2 International Airport,MSQ,UMMS,Belarus,3,3,0,0,-,-,Preliminary - official
20181121-0,Wednesday,21-NOV-2018,12:23,A2, Takeoff (TOF),"Deer Lake Airport, ON (YVZ)",Canada,2,0, Substantial, Repaired,Swearingen SA227-AC Metro III,-,-,1987,-,-, C-FYAG, AC-670B,Perimeter Aviation,Domestic Scheduled Passenger,PAG223,Deer Lake Airport,YVZ,CYVZ,Canada,Winnipeg-James Armstrong Richardson International Airport,YWG,CYWG,Canada,2,0,0,0,-,-,Preliminary
20181122-0,Thursday,22-NOV-2018,14:13,A2, Landing (LDG),La Paz-El Alto Airport (LPB),Bolivia,127,0, Unknown,-,Boeing 737-53C,2,CFMI CFM56-3C1,1990,-,-, OB-2041-P, 24825/1894,Peruvian Airlines,International Scheduled Passenger,P9331,Cuzco-Velazco Astete Airport,CUZ,SPZO,Peru,La Paz-El Alto Airport,LPB,SLLP,Bolivia,5,122,0,0,-,-,Preliminary
20181124-0,Saturday,24-NOV-2018,-,A2, Standing (STD),Karachi-Jinnah International Airport (KHI),Pakistan,3,0, Substantial, Repaired,ATR 72-212A (ATR 72-500),2,Pratt & Whitney Canada PW127M,2012,7338.0,9619.0, AP-BKW, 1036,PIA,-,-,-,-,-,-,-,-,-,-,3,0,0,0,-,-,Final
20181126-0,Monday,26-NOV-2018,06:30,A1, Approach (APR),"near Jequitaí-Fazenda Fortaleza de Santa Terezinha Airport, MG",Brazil,4,4, Destroyed, Written off (damaged beyond repair),Cessna 525 Citation M2,-,-,2014,-,-, PP-OEG, 525-0849,ARGa.,Executive,-,Belo Horizonte-Pampulha Airport,PLU,SBBH,Brazil,-,-,-,-,2,2,2,2,-,-,Preliminary - official
20181130-0,Friday,30-NOV-2018,10:28,A1, En route (ENR),"4 km (2.5 mls) WSW of Memphis, IN",United States of America,3,3, Destroyed, Written off (damaged beyond repair),Cessna 525A CitationJet CJ2+,2,Williams International FJ44-3A,2009,-,-, N525EG, 525A-0449,Estoair,Unknown,-,Jeffersonville-Clark Regional Airport,JVY,KJVY,United States of America,Chicago-Midway Airport,MDW,KMDW,United States of America,1,2,1,2,-,-,Preliminary - official
20181130-1,Friday,30-NOV-2018,13:53,A2, Approach (APR),"Fargo-Hector International Airport, ND (FAR)",United States of America,11,0, Substantial,-,Cessna 550 Citation II,2,Pratt & Whitney Canada JT15D-4,1980,-,-, N941JM, 	550-0146,Dirt Dynamics,Executive,-,Williston-Sloulin Field International Airport,ISN,KISN,United States of America,Fargo-Hector International Airport,FAR,KFAR,United States of America,1,10,0,0,-,-,Preliminary - official
20181204-0,Tuesday,04-DEC-2018,18:14,A2, Taxi (TXI),Athens-Elefthérios Venizélos International Airport (ATH),Greece,-,0, Substantial,-,Airbus A320-214,2,CFMI CFM56-5B4/P,2001,-,-, SX-EMY, 1615,Ellinair,Domestic Scheduled Passenger,EL102,Thessaloniki Airport,SKG,LGTS,Greece,Athens-Elefthérios Venizélos International Airport,ATH,LGAV,Greece,-,-,0,0,-,-,Preliminary
20181206-0,Thursday,06-DEC-2018,02:00,A1, En route (ENR),"100 km (62.5 mls) SSE off  Muroto Cape, Japan",Pacific Ocean,5,5, Damaged beyond repair,-,Lockheed Martin KC-130J,-,-,-,-,-, 167981, 5617,USMC,Military,-,Iwakuni MCAS,IWK,RJOI,Japan,Iwakuni MCAS,IWK,RJOI,Japan,5,0,5,0,-,-,-
20181208-0,Saturday,08-DEC-2018,08:29,A1, En route (ENR),"101 km (63.1 mls) WSW of Hobart, TAS",Australia,1,1, Damaged beyond repair,-,Pilatus Britten-Norman BN-2A-20 Islander,-,-,1986,-,-, VH-OBL, 2035,Par-Avion,Ferry/positioning,-,-,-,-,-,-,-,-,-,1,0,1,0,-,-,Preliminary
20181208-1,Saturday,08-DEC-2018,-,O1, Standing (STD),"Corozo, Sarstún",Guatemala,0,0, Destroyed, Written off (damaged beyond repair),Beechcraft 200 King Air,-,-,-,-,-, registration unknown,-,Unknown,Illegal Flight,-,-,-,-,-,-,-,-,-,0,0,0,0,-,-,-
20181208-2,Saturday,08-DEC-2018,12:24,A2, Landing (LDG),"Mount Gambier Airport, SA (MGB)",Australia,-,0, Substantial,-,Beechcraft 200 Super King Air,-,-,1980,-,-, VH-ODI, 	BB-634,Desert-Air Safaris,Unknown,-,Adelaide Airport,ADL,YPAD,Australia,Mount Gambier Airport,MGB,YMTG,Australia,-,-,0,0,-,-,Preliminary - official
20181211-0,Tuesday,11-DEC-2018,14:54,A2, Landing (LDG),Hong Kong-Chek Lap Kok International Airport (HKG),Hong Kong,393,0, Substantial, Repaired,Boeing 777-333ER,2,General Electric GE90-115B,2007,-,-, C-FITW, 35298/638,Air Canada,International Scheduled Passenger,AC015,Toronto-Pearson International Airport,YYZ,CYYZ,Canada,Hong Kong-Chek Lap Kok International Airport,HKG,VHHH,Hong Kong,-,-,0,0,-,-,-
20181215-0,Saturday,15-DEC-2018,09:34,A2, Landing (LDG),"Key West International Airport, FL (EYW)",United States of America,4,0, Substantial,-,Learjet 35A,-,-,1978,-,-, N55FN, 35A-202,Med Air,Ambulance,-,Lawrenceville-Gwinnett County Briscoe Field,LZU,KLZU,United States of America,Key West International Airport,EYW,KEYW,United States of America,4,0,0,0,-,-,Preliminary - official
20181218-0,Tuesday,18-DEC-2018,19:53,A2, Landing (LDG),São Tomé Island Airport (TMS),São Tomé and Príncipe,10,0, Substantial,-,Dornier 228-201,-,-,1985,-,-, S9-AUN, 8076,Africa's Connection STP,Int'l Non Scheduled Passenger,-,São Tomé Island Airport,TMS,FPST,São Tomé and Príncipe,Douala Airport,DLA,FKKD,Cameroon,3,7,0,0,-,-,Preliminary
20181220-0,Thursday,20-DEC-2018,12:11,A1, Initial climb (ICL),"2 km (1.3 mls) NE of Atlanta-Fulton County Airport, GA (FTY)",United States of America,4,4, Destroyed, Written off (damaged beyond repair),Cessna 560 Citation V,2,Pratt & Whitney Canada JT15D,1991,-,-, N188CW, 560-0148,Chen Aircrafts,Private,-,Atlanta-Fulton County Airport,FTY,KFTY,United States of America,Millington-Memphis Airport,NQA,KNQA,United States of America,1,3,1,3,-,-,Preliminary - official
20181220-1,Thursday,20-DEC-2018,10:00,A1, En route (ENR),ca 37 km from Kinshasa-N'Djili Airport (FIH),Democratic Republic of the Congo,7,7, Damaged beyond repair,-,Antonov An-26B,-,-,1984,-,-, 9S-AGB, 13402, Gomair,Cargo,-,Tshikapa Airport,TSH,FZUK,Democratic Republic of the Congo,Kinshasa-N'Djili Airport,FIH,FZAA,Democratic Republic of the Congo,-,-,-,-,-,-,-
20181222-0,Saturday,22-DEC-2018,-,A2, Landing (LDG),Kamarata Airport (KTV),Venezuela,3,0, Substantial,-,PZL-Mielec M28 Skytruck,-,-,1997,-,-, GNB-96107, AJE001-05,Venezuela ANG,Military,-,-,-,-,-,Kamarata Airport,KTV,SVKM,Venezuela,3,0,0,0,-,-,-
20181224-0,Monday,24-DEC-2018,-,A1, Landing (LDG),Beni Airport (BNC),Democratic Republic of the Congo,69,0, Destroyed, Written off (damaged beyond repair),Antonov An-26B,-,-,-,-,-, 9T-TAB, 14301,D.R. Congo AF,Military,-,Kisangani Airport,FKI,FZIA,Democratic Republic of the Congo,Beni Airport,BNC,FZNP,Democratic Republic of the Congo,4,65,0,0,-,-,-
20180104-0,Thursday,04-JAN-2018,16:00,A2, Standing (STD),Kittilä Airport (KTT),Finland,1,0, Substantial, Repaired,Gulfstream G150,-,-,2011,-,-, OE-GKA, 300,Private Airlines Germany,Ferry/positioning,-,Kittilä Airport,KTT,EFKT,Finland,Ekaterinburg-Koltsovo Airport,SVX,USSS,Russia,1,0,0,0,-,1,Final
20180105-0,Friday,05-JAN-2018,17:55,A2, Standing (STD),"Toronto-Pearson International Airport, ON (YYZ)",Canada,174,0, Substantial, Repaired,Boeing 737-8CT (WL),2,CFMI CFM56-7B27E,2014,-,-, C-FDMB, 60127/5188,WestJet,International Scheduled Passenger,WS2425,Cancún Airport,CUN,MMUN,Mexico,Toronto-Pearson International Airport,YYZ,CYYZ,Canada,6,168,0,0,-,-,Final
20180105-1,Friday,05-JAN-2018,17:55,A2, Pushback / towing (PBT),"Toronto-Pearson International Airport, ON (YYZ)",Canada,1,0, Substantial, Repaired,Boeing 737-8FH (WL),2,CFMI CFM56-7B26,2015,-,-, C-FPRP, 39959/5414,Sunwing Airlines,-,-,-,-,-,-,-,-,-,-,1,0,0,0,-,-,Final
20180106-0,Saturday,06-JAN-2018,-,A1, Initial climb (ICL),La Paragua Airport,Venezuela,2,0, Destroyed, Written off (damaged beyond repair),Antonov An-2TP,-,-,-,-,-, YV1944, 	1G185-58,Unknown,Unknown,-,-,-,-,-,Canaima Airport,CAJ,SVCN,Venezuela,2,0,0,0,-,-,-
20180107-0,Sunday,07-JAN-2018,16:45,A1, Takeoff (TOF),Akobo,South Sudan,11,0, Destroyed, Written off (damaged beyond repair),Cessna 208B Grand Caravan,1,Pratt & Whitney Canada PT6A-114A,2007,-,-, 5Y-FDC, 208B1280,Unknown,Domestic Non Scheduled Passenger,-,-,-,-,-,Juba Airport,JUB,HSSJ,South Sudan,2,9,0,0,-,1,Preliminary
20180109-0,Tuesday,09-JAN-2018,19:40,A2, Landing (LDG),Governor's Harbour Airport (GHB),Bahamas,17,0, Substantial, Repaired,Embraer EMB-110P1 Bandeirante,-,-,1982,-,-, C6-MIC, 110407,Pineapple Air,Domestic Scheduled Passenger, 978,Nassau-Lynden Pindling International Airport,NAS,MYNN,Bahamas,Governor's Harbour Airport,GHB,MYEM,Bahamas,2,15,0,0,-,-,Final
20180110-0,Wednesday,10-JAN-2018,18:45,A2, Taxi (TXI),"Rock Springs-Sweetwater County Airport, WY (RKS)",United States of America,1,0, Substantial, Repaired,Swearingen SA227-AT Merlin IVC,2,Garrett TPE331,1983,-,23398.0, N561UP, AT-561,Ameriflight,Cargo,A8183,Salt Lake City International Airport,SLC,KSLC,United States of America,Rock Springs-Sweetwater County Airport,RKS,KRKS,United States of America,1,0,0,0,-,-,Final
20180113-0,Saturday,13-JAN-2018,23:25,A1, Landing (LDG),Trabzon Airport (TZX),Turkey,168,0, Substantial, Written off (damaged beyond repair),Boeing 737-82R (WL),2,CFMI CFM56-7B26E,2012,-,-, TC-CPF, 40879/4267,Pegasus Airlines,Domestic Scheduled Passenger,PC8622,Ankara-Esenboga Airport,ESB,LTAC,Turkey,Trabzon Airport,TZX,LTCG,Turkey,6,162,0,0,-,-,Preliminary
20180115-0,Monday,15-JAN-2018,-,C1, Standing (STD),Tripoli-Mitiga International Airport (MJI),Libya,0,0, Substantial, Written off (damaged beyond repair),Airbus A319-111,2,CFMI CFM56-5B5/3,2008,-,-, 5A-ONC, 3615, Afriqiyah Airways,-,-,-,-,-,-,-,-,-,-,0,0,0,0,-,-,-
20180116-0,Tuesday,16-JAN-2018,12:03,A2, Taxi (TXI),Jessore Airport (JSR),Bangladesh,4,0, Substantial,-,British Aerospace BAe-748-347 Srs. 2A,-,-,1979,-,-, S2-AAX, 1767,Bismillah Airlines,Cargo,BML211,Cox's Bazar Airport,CXB,VGCB,Bangladesh,Jessore Airport,JSR,VGJR,Bangladesh,4,0,0,0,-,-,Final
20180116-1,Tuesday,16-JAN-2018,-,A1, Takeoff (TOF),near Zhetygen Air Base,Kazakhstan,-,0, Damaged beyond repair,-,Antonov An-2,-,-,-,-,-, registration unknown,-,Kazakhstan Air Defence Force,Military,-,-,-,-,-,-,-,-,-,-,-,0,0,-,-,-
20180117-0,Wednesday,17-JAN-2018,12:50,A1, Unknown (UNK),"Hodulluca Mevkii, Yalvaç district",Turkey,3,3, Destroyed, Written off (damaged beyond repair),IPTN/CASA CN-235M-100,-,-,-,-,-, 98-148, C-148,Turkish AF,Military,-,Eskisehir Airport,ESK,LTBI,Turkey,Eskisehir Airport,ESK,LTBI,Turkey,3,0,3,0,-,-,-
20180118-0,Thursday,18-JAN-2018,-,A1, Standing (STD),"Brownsville-South Padre Island International Airport, TX (BRO)",United States of America,2,0, Substantial,-,Convair CV-580F,2,Allison 501-D13D,1953,-,-, XA-TRB, 52,Air Tribe,-,-,-,-,-,-,-,-,-,-,2,0,0,0,-,-,- (No safety board investigation)
20180120-0,Saturday,20-JAN-2018,-,A2, Taxi (TXI),Mogadishu Aden Adde International Airport (MGQ),Somalia,-,0, Unknown,-,Embraer EMB-120ER Brasilia,-,-,1989,-,-, 5Y-CEI, 120121,European Union,Passenger,-,-,-,-,-,Mogadishu Aden Adde International Airport,MGQ,HCMM,Somalia,-,-,0,0,-,-,Preliminary
20180120-1,Saturday,20-JAN-2018,-,A1, Unknown (UNK),Mogadishu Aden Adde International Airport (MGQ),Somalia,-,0, Substantial,-,Let L-410UVP,-,-,1981,-,-, UR-VTV, 810705,Galeyr Airline,Unknown,-,-,-,-,-,-,-,-,-,-,-,0,0,-,-,Preliminary
20180125-0,Thursday,25-JAN-2018,15:20,A1, Landing (LDG),Abuja International Airport (ABV),Nigeria,7,0, Substantial, Written off (damaged beyond repair),Gulfstream G200,2,Pratt & Whitney Canada PW306A,2007,921.0,1421.0, 5N-BTF, 180,Nestoil,Executive,-,Lagos-Murtala Muhammed International Airport,LOS,DNMM,Nigeria,Abuja International Airport,ABV,DNAA,Nigeria,3,4,0,0,-,-,Preliminary - official
20180125-1,Thursday,25-JAN-2018,12:30,A2, Standing (STD),Berlin-Schönefeld Airport (SXF),Germany,-,0, Substantial,-,Airbus A320,-,-,-,-,-, registration unknown,-,Unknown,International Scheduled Passenger,-,Berlin-Schönefeld Airport,SXF,EDDB,Germany,-,-,-,-,-,-,0,0,-,-,Preliminary
20180129-0,Monday,29-JAN-2018,-,A1, En route (ENR),"Zhengchang, Suiyang County, Guizhou Province",China,12,12, Destroyed, Written off (damaged beyond repair),Shaanxi Y-8GX-3,-,-,-,-,-, 30513,-,China Air Force,Military,-,-,-,-,-,-,-,-,-,5,7,5,7,-,-,-
20180211-0,Sunday,11-FEB-2018,14:27,A1, En route (ENR),"near Stepanovskoye, Ramenskoye district",Russia,71,71, Destroyed, Written off (damaged beyond repair),Antonov An-148-100B,2,Progress D-436-148,2010,8397.0,16249.0, RA-61704, 27015040004,Saratov Airlines,Domestic Scheduled Passenger,6W703,Moskva-Domodedovo Airport,DME,UUDD,Russia,Orsk Airport,OSW,UWOR,Russia,6,65,6,65,-,-,Final
20180216-0,Friday,16-FEB-2018,18:28,A2, Landing (LDG),Mashhad Airport (MHD),Iran,104,0, Substantial, Repaired,Fokker 100,2,Rolls-Royce Tay 650-15,1993,38040.0,48654.0, EP-FQF, 11444,Qeshm Air,Domestic Scheduled Passenger,QB1202,Tehran-Mehrabad Airport,THR,OIII,Iran,Mashhad Airport,MHD,OIMM,Iran,7,97,0,0,-,-,Final
20180218-0,Sunday,18-FEB-2018,09:32,A1, En route (ENR),15 km (9.4 mls) NE of Yasuj Airport (YES),Iran,66,66, Destroyed, Written off (damaged beyond repair),ATR 72-212,2,Pratt & Whitney Canada PW126,1993,28497.0,28857.0, EP-ATS, 391, Iran Aseman Airlines,Domestic Scheduled Passenger,EP3704,Tehran-Mehrabad Airport,THR,OIII,Iran,Yasuj Airport,YES,OISY,Iran,6,60,6,60,-,-,Final
20180220-0,Tuesday,20-FEB-2018,18:52,A2, Landing (LDG),Port Harcourt Airport (PHC),Nigeria,49,0, Substantial,-,McDonnell Douglas MD-83,2,Pratt & Whitney JT8D-217C,1990,41794.0,66109.0, 5N-SRI, 	53020/1789,Dana Air,Domestic Scheduled Passenger,9J363,Abuja International Airport,ABV,DNAA,Nigeria,Port Harcourt Airport,PHC,DNPO,Nigeria,5,44,0,0,-,-,Final
20180221-0,Wednesday,21-FEB-2018,16:30,A2, Landing (LDG),Netheravon Airport,United Kingdom,1,0, Minor, Repaired,Cessna 208B Grand Caravan,1,Pratt & Whitney Canada PT6A-114A,2000,-,-, G-BZAH, 208B0811,Army Parachute Association,Parachuting,-,-,-,-,-,-,-,-,-,1,0,0,0,-,-,Final
20180223-0,Friday,23-FEB-2018,12:04,A2, Takeoff (TOF),"Abbotsford Airport, BC (YXX)",Canada,10,0, Substantial,-,Beechcraft B100 King Air,2,Garrett TPE331-6-511B,1976,-,10580.0, C-GIAE, BE-8,Island Express Air,Int'l Non Scheduled Passenger,IAX640,Abbotsford Airport,YXX,CYXX,Canada,San Bernardino International Airport,SBD,KSBD,United States of America,1,9,0,0,-,-,Final
20180226-0,Monday,26-FEB-2018,11:21,A2, Landing (LDG),"Havre-Saint-Pierre Airport, QC (YGV)",Canada,8,0, Substantial,-,Beechcraft A100 King Air,-,-,1973,-,-, C-GJXF, B-159,Strait Air,Domestic Scheduled Passenger,NUK107,Sept-Îles Airport,YZV,CYZV,Canada,Havre-Saint-Pierre Airport,YGV,CYGV,Canada,2,6,0,0,-,-,Preliminary - official
20180228-0,Wednesday,28-FEB-2018,17:11,A1, Landing (LDG),Tallinn-Lennart Meri Airport (TLL),Estonia,7,0, Substantial, Written off (damaged beyond repair),Airbus A320-214,2,CFMI CFM56-5B4/P,2000,21839.0,44997.0, ES-SAN, 1213,SmartLynx Airlines Estonia,Training,MYX9001,Tallinn-Lennart Meri Airport,TLL,EETN,Estonia,Tallinn-Lennart Meri Airport,TLL,EETN,Estonia,7,0,0,0,-,-,Final
20180301-0,Thursday,01-MAR-2018,-,A2, Unknown (UNK),Charallave-Óscar Machado Zuloaga Airport,Venezuela,-,0, Substantial,-,Beechcraft 200 Super King Air,-,-,1977,-,-, YV1909, BB-195,Unknown,Unknown,-,-,-,-,-,-,-,-,-,-,-,0,0,-,-,Preliminary
20180304-0,Sunday,04-MAR-2018,-,A2, Landing (LDG),Lubumbashi International Airport (FBM),Democratic Republic of the Congo,-,0, Substantial,-,Boeing 737-322 (SF),2,CFMI CFM56-3C1,1989,-,-, 9S-ASG, 24378/1704, Serve Air,Cargo,-,-,-,-,-,Lubumbashi International Airport,FBM,FZQA,Democratic Republic of the Congo,-,-,0,0,-,-,Preliminary
20180306-0,Tuesday,06-MAR-2018,14:51,A1, Approach (APR),"0,5 km (0.3 mls) from  Latakia-Khmeimim Air Base (LTK)",Syria,39,39, Damaged beyond repair,-,Antonov An-26,-,-,1980,-,-, RF-92955/52, 10107,Russian AF,Military,-,-,-,-,-,Latakia-Khmeimim Air Base,LTK,OSLK,Syria,6,33,6,33,-,-,-
20180311-0,Sunday,11-MAR-2018,18:09,A1, En route (ENR),130 km (81.3 mls) SW of Shahr-e Kurd,Iran,11,11, Destroyed, Written off (damaged beyond repair),Canadair CL-600-2B16 Challenger 604,2,General Electric CF34-3B,2001,3807.0,7935.0, TC-TRB, 5494,MC Aviation,Executive,-,Sharjah Airport,SHJ,OMSJ,United Arab Emirates,Istanbul-Atatürk International Airport,IST,LTBA,Turkey,3,8,3,8,-,-,Final
20180312-0,Monday,12-MAR-2018,14:19,A1, Landing (LDG),Kathmandu-Tribhuvan Airport (KTM),Nepal,71,51, Destroyed, Written off (damaged beyond repair),de Havilland Canada DHC-8-402Q Dash 8,2,Pratt & Whitney Canada PW150A,2001,28649.0,21419.0, S2-AGU, 4041,US-Bangla Airlines,International Scheduled Passenger,BS211,Dhaka-Shahjalal International Airport,DAC,VGHS,Bangladesh,Kathmandu-Tribhuvan Airport,KTM,VNKT,Nepal,4,67,4,47,-,-,Final
20180315-0,Thursday,15-MAR-2018,02:00,A1, Landing (LDG),"near Blue Creek, Orange Walk Town",Belize,1,0, Damaged beyond repair,-,Beechcraft B200 Super King Air,-,-,-,-,-, YV3284 ?, BB-1277 ?,Unknown,Illegal Flight,-,-,-,-,-,-,-,-,-,1,0,0,0,-,-,-
20180316-0,Friday,16-MAR-2018,07:49,A2, Landing (LDG),"Hastings Airport, NE (HSI)",United States of America,2,0, Substantial,-,Beechcraft C99 Commuter,-,-,1983,-,-, N213AV, 	U-213,Ameriflight,Cargo,AMF1696,Omaha-Eppley Airfield,OMA,KOMA,United States of America,Hastings Airport,HSI,KHSI,United States of America,2,0,0,0,-,-,Preliminary
20180317-0,Saturday,17-MAR-2018,19:45,A2, Standing (STD),"Montreal-Pierre Elliott Trudeau International Airport, QC (YUL)",Canada,4,0, Substantial,-,Canadair CL-600-2B19 Regional Jet CRJ-200ER,2,General Electric CF34-3B1,2004,-,-, C-FDJA, 7979,Air Canada Express,International Scheduled Passenger,AC8032,Montreal-Pierre Elliott Trudeau International Airport,YUL,CYUL,Canada,Philadelphia International Airport,PHL,KPHL,United States of America,4,0,0,0,-,-,-
20180320-0,Tuesday,20-MAR-2018,19:45,A2, Takeoff (TOF),"225 km (140.6 mls) N of Deadhorse, AK",United States of America,5,0, Substantial,-,de Havilland Canada DHC-6 Twin Otter 300,-,-,1977,-,-, N716JP, 527,Bald Mountain Air Services,Domestic Non Scheduled Passenger,-,-,-,-,-,Deadhorse-Alpine Airstrip,DQH,PALP,United States of America,2,3,0,0,-,-,Preliminary - official
20180325-0,Sunday,25-MAR-2018,21:30,I2, En route (ENR),Aurillac Airport (AUR),France,-,0, Minor,-,ATR 42-500,2,Pratt & Whitney Canada PW127E,1996,-,-, F-GPYF, 495,HOP!,Domestic Scheduled Passenger,A5235,Paris-Orly Airport,ORY,LFPO,France,Aurillac Airport,AUR,LFLW,France,-,-,0,0,-,-,Preliminary
20180326-0,Monday,26-MAR-2018,09:11,O2, Standing (STD),"Sheridan Airport, WY (SHR)",United States of America,-,0, Unknown,-,CASA C-212 Aviocar,-,-,1984,-,-, N217BH, 318,Bighorn Airways,Unknown,-,-,-,-,-,-,-,-,-,-,-,0,0,-,-,Preliminary - official
20180326-1,Monday,26-MAR-2018,09:11,A2, Taxi (TXI),"Sheridan Airport, WY (SHR)",United States of America,5,0, Substantial,-,CASA C-212 Aviocar 200,-,-,1979,-,-, N107BH, 165,Bighorn Airways,Unknown,-,-,-,-,-,Sheridan Airport,SHR,KSHR,United States of America,-,-,0,0,-,-,Preliminary - official
20180327-0,Tuesday,27-MAR-2018,16:52,A2, Takeoff (TOF),Murcia-San Javier Airport (MJV),Spain,130,0, Substantial, Repaired,Airbus A319-111,2,CFMI CFM56-5B5/P,2004,-,-, G-EZMK, 2370,easyJet,International Scheduled Passenger,U28552,Murcia-San Javier Airport,MJV,LELC,Spain,London-Gatwick Airport,LGW,EGKK,United Kingdom,6,124,0,0,-,-,Final
20180328-0,Wednesday,28-MAR-2018,06:22,A2, Pushback / towing (PBT),Tel Aviv-Ben Gurion International Airport (TLV),Israel,127,0, Substantial, Repaired,Boeing 737-76J (WL),2,CFMI CFM56-7B22,2008,-,-, D-ABLB, 36115/2692,Germania,International Scheduled Passenger,ST4915,Tel Aviv-Ben Gurion International Airport,TLV,LLBG,Israel,Berlin-Tegel Airport,TXL,EDDT,Germany,-,-,0,0,-,-,Final
20180328-1,Wednesday,28-MAR-2018,06:22,A1, Pushback / towing (PBT),Tel Aviv-Ben Gurion International Airport (TLV),Israel,270,0, Substantial, Written off (damaged beyond repair),Boeing 767-3Q8ER,2,Pratt & Whitney PW4060,1997,-,-, 4X-EAK, 27600/655,El Al,International Scheduled Passenger,LY385,Tel Aviv-Ben Gurion International Airport,TLV,LLBG,Israel,Roma-Fiumicino Airport,FCO,LIRF,Italy,-,-,0,0,-,-,Final
20180329-0,Thursday,29-MAR-2018,09:20,A2, Landing (LDG),Riberalta-Capitán Av. Selin Zeitun Lopez Airport (RIB),Bolivia,14,0, Substantial,-,Swearingen SA227-DC Metro 23,-,-,1993,-,-, CP-2459, 	DC-847B,Línea Aérea Amaszonas,Domestic Scheduled Passenger,Z8-61,Riberalta-Capitán Av. Selin Zeitun Lopez Airport,RIB,SLRI,Bolivia,Trinidad Airport,TDD,SLTR,Bolivia,2,12,0,0,-,-,Preliminary
20180329-1,Thursday,29-MAR-2018,-,A2, Standing (STD),Mexico City-Benito Juárez International Airport (MEX),Mexico,-,0, Substantial, Repaired,ATR 72-212A (ATR-72-600),2,Pratt & Whitney Canada PW127M,2017,-,-, XA-UYY, 1428,Aeromar,-,-,-,-,-,-,-,-,-,-,-,-,0,0,-,-,-
20180329-2,Thursday,29-MAR-2018,-,A2, Standing (STD),Mexico City-Benito Juárez International Airport (MEX),Mexico,0,0, Substantial,-,ATR 42-500,2,Pratt & Whitney Canada PW127E,1995,-,-, XA-UAV, 476,Aeromar,-,-,-,-,-,-,-,-,-,-,0,0,0,0,-,-,-
20180329-3,Thursday,29-MAR-2018,11:35,A2, Landing (LDG),"Pilot Point Airport, AK (PIP)",United States of America,8,0, Substantial,-,Beechcraft 99,-,-,1969,-,-, N31TN, 	U-49,Lake Clark Air,Passenger,-,Dillingham Municipal Airport,DLG,PADL,United States of America,Pilot Point Airport,PIP,PAPN,United States of America,1,7,0,0,-,-,Preliminary
20180330-0,Friday,30-MAR-2018,18:15,A1, Taxi (TXI),"Orlando-Central Florida Regional Airport, FL (SFB)",United States of America,-,0, Substantial,-,Cessna 650 Citation III,2,Garrett TFE731-3C-100S,1984,-,87198.0, N126MT, 	650-0044,2M Leasing,Executive,-,Macon-Lewis B. Wilson Airport,MCN,KMCN,United States of America,Orlando-Central Florida Regional Airport,SFB,KSFB,United States of America,-,-,0,0,-,-,- (No safety board investigation)
20180330-1,Friday,30-MAR-2018,16:49,I2, Landing (LDG),Gao Airport (GAQ),Mali,7,0, Substantial,-,Antonov An-12BK,4,Ivchenko AI-20M-6,1972,-,7359.0, UR-KDM, 02348107,Cavok Air,Cargo,-,Bamako Airport,BKO,GABS,Mali,Gao Airport,GAQ,GAGO,Mali,7,0,0,0,-,-,Final
20180331-0,Saturday,31-MAR-2018,16:15,A1, Landing (LDG),"near Gardiner Airport, NY",United States of America,7,0, Substantial, Written off (damaged beyond repair),Cessna 208B Grand Caravan,1,Pratt & Whitney Canada PT6A-114A,1987,-,-, N9339B, 208B0057,Skydive the Ranch,Parachuting,-,-,-,-,-,-,-,-,-,1,6,0,0,-,-,Preliminary
20180402-0,Monday,02-APR-2018,17:09,A2, Landing (LDG),"Marion Municipal Airport, IN (MZZ)",United States of America,5,0, Substantial, Repaired,Cessna 525C Citation CJ4,2,Williams International FJ44-4A,2012,2826.0,2535.0, N511AC, 525C-0081,Avis Industrial Corporation,Private,-,Jackson-Reynolds Municipal Airport,JXN,KJXN,United States of America,Marion Airport,MZZ,KMZZ,United States of America,1,4,0,0,2,-,Preliminary - official
20180404-0,Wednesday,04-APR-2018,00:15,O1, Standing (STD),"Houston-William P. Hobby Airport, TX (HOU)",United States of America,0,0, Damaged beyond repair,-,Learjet 45XR,2,Garrett TFE731-20BR-1B,2011,1409.0,2110.0, N618CW, 45-430,ERG Holdings,-,-,-,-,-,-,-,-,-,-,0,0,0,0,-,-,- (No safety board investigation)
20180404-1,Wednesday,04-APR-2018,00:15,O1, Standing (STD),"Houston-William P. Hobby Airport, TX (HOU)",United States of America,0,0, Damaged beyond repair,-,Learjet 40XR,2,Garrett TFE731-20BR-1B,2009,3567.0,4372.0, N626FX, 45-2120,Union Gas Air Ventures I,-,-,-,-,-,-,-,-,-,-,0,0,0,0,-,-,- (No safety board investigation)
20180404-2,Wednesday,04-APR-2018,00:15,O1, Standing (STD),"Houston-William P. Hobby Airport, TX (HOU)",United States of America,0,0, Damaged beyond repair,-,Cessna 560XL Citation Excel,2,Pratt & Whitney Canada PW545A,1999,5408.0,8449.0, N900WL, 560-5037,MTC Enterprises,-,-,-,-,-,-,-,-,-,-,0,0,0,0,-,-,- (No safety board investigation)
20180404-3,Wednesday,04-APR-2018,00:15,O1, Standing (STD),"Houston-William P. Hobby Airport, TX (HOU)",United States of America,0,0, Damaged beyond repair,-,Learjet 60,2,Pratt & Whitney Canada PW305A,1998,4581.0,6740.0, N759SH, 60-143,Henning Aviation,-,-,-,-,-,-,-,-,-,-,0,0,0,0,-,-,- (No safety board investigation)
20180405-0,Thursday,05-APR-2018,-,A2, Landing (LDG),Wau Airport (WUU),South Sudan,-,0, Unknown,-,Antonov An-26,-,-,1978,-,-, UP-AN607, 7002,Mega Aircompany,Cargo,-,-,-,-,-,Wau Airport,WUU,HSWW,South Sudan,-,-,0,0,-,-,Preliminary
20180409-0,Monday,09-APR-2018,21:33,A2, Landing (LDG),Osaka-Kansai International Airport (KIX),Japan,99,0, Substantial, Repaired,Boeing 737-9B5,2,CFMI CFM56-7B24,2004,-,30740.0, HL7725, 29999/1512,Korean Air,International Scheduled Passenger,KE733,Jeju (Cheju) International Airport,CJU,RKPC,South Korea,Osaka-Kansai International Airport,KIX,RJBB,Japan,8,91,0,0,-,-,Final
20180409-1,Monday,09-APR-2018,10:00,A1, Landing (LDG),Stavanger-Sola Airport (SVG),Norway,2,0, Substantial, Written off (damaged beyond repair),Beechcraft 200 Super King Air,-,-,1981,-,-, LN-NOA, 	BB-829,Airwing,Cargo,NWG591,Oslo-Gardermoen Airport,OSL,ENGM,Norway,Stavanger-Sola Airport,SVG,ENZV,Norway,2,0,0,0,-,-,Preliminary
20180411-0,Wednesday,11-APR-2018,08:00,A1, Initial climb (ICL),near Boufarik Air Base,Algeria,257,257, Destroyed, Written off (damaged beyond repair),Ilyushin Il-76TD,-,-,1994,-,-, 7T-WIV, 1043419649,Algerian AF,Military,-,-,-,-,-,Tindouf Airport,TIN,DAOF,Algeria,10,247,10,247,-,-,Preliminary
20180411-1,Wednesday,11-APR-2018,08:18,A2, Approach (APR),"3,2 km (2 mls) N of Atqasuk Airport, AK (ATK)",United States of America,1,0, Substantial,-,Cessna 208B Grand Caravan,1,Pratt & Whitney Canada PT6A-114A,2002,-,-, N814GV, 208B0958,Hageland Aviation Services,Cargo,-,Utqiagvik-Wiley Post/Will Rogers Memorial Airport,BRW,PABR,United States of America,Atqasuk Airport,ATK,PATQ,United States of America,1,0,0,0,-,-,Preliminary - official
20180412-0,Thursday,12-APR-2018,-,A2, En route (ENR),"El Barde, Somalia - Wajir, Kenya",Kenya,1,0, Substantial,-,Cessna 208B Grand Caravan,1,Pratt & Whitney Canada PT6A-114A,1992,-,-, 5Y-SAV, 208B0312,Penial Air,Ferry/positioning,-,-,-,-,-,Wajir Airport,WJR,HKWJ,Kenya,1,0,0,0,-,-,Preliminary
20180413-0,Friday,13-APR-2018,-,A1, Unknown (UNK),"near Omaha, NE",United States of America,-,0, Damaged beyond repair,-,Lockheed P-3C Orion,-,-,-,-,-, registration unknown,-,US Navy,Military,-,-,-,-,-,-,-,-,-,-,-,0,0,-,-,-
20180414-0,Saturday,14-APR-2018,-,A1, Unknown (UNK),Akola village,South Sudan,-,0, Substantial, Written off (damaged beyond repair),Antonov An-74-200,-,-,1995,-,-, EK-74036, 36547098965,Ayk Avia,Unknown,-,Juba Airport,JUB,HSSJ,South Sudan,-,-,-,-,-,-,0,0,-,-,-
20180415-0,Sunday,15-APR-2018,09:40,H2, En route (ENR),Zhengzhou-Xinzheng International Airport (CGO),China,-,0, None,-,Airbus A321-213,2,CFMI CFM56-5B2/3,2009,-,-, B-6555, 3766,Air China,Domestic Scheduled Passenger,CA1350,Changsha-Huanghua Airport,CSX,ZGHA,China,Beijing-Capital Airport,PEK,ZBAA,China,-,-,0,0,-,-,-
20180415-1,Sunday,15-APR-2018,20:54,A1, Unknown (UNK),"NW of Crozet, VA",United States of America,1,1, Destroyed, Written off (damaged beyond repair),Cessna 525 CitationJet,2,Williams International FJ44-1A,1996,-,3311.0, N525P, 	525-0165,private,Private,-,-,-,-,-,Staunton-Shenandoah Valley Airport,SHD,KSHD,United States of America,1,0,1,0,-,-,Preliminary - official
20180415-2,Sunday,15-APR-2018,16:10,A2, Taxi (TXI),"Winnipeg-James Armstrong Richardson International Airport, MB (YWG)",Canada,2,0, Substantial,-,Cessna 550 Citation Bravo,2,Pratt & Whitney Canada PW530A,1997,-,-, N4AT, 550-0805,Private,Private,-,Winnipeg-James Armstrong Richardson International Airport,YWG,CYWG,Canada,Bedford-Hanscom Field,BED,KBED,United States of America,1,1,0,0,-,-,Final
20180415-3,Sunday,15-APR-2018,16:10,O2, Standing (STD),"Winnipeg-James Armstrong Richardson International Airport, MB (YWG)",Canada,0,0, Substantial, Repaired,Bombardier CL-600-2B16 Challenger 605,-,-,2009,-,-, C-FXWT, 5824,Morningstar Partners,-,-,-,-,-,-,-,-,-,-,0,0,0,0,-,-,Final
20180415-4,Sunday,15-APR-2018,23:20,O1, Standing (STD),"Prince Albert Airport, SK (YPA)",Canada,0,0, Substantial, Written off (damaged beyond repair),de Havilland Canada DHC-6 Twin Otter 100,-,-,1966,-,-, C-FSCA, 17,Transwest Air,-,-,-,-,-,-,-,-,-,-,0,0,0,0,-,-,-
20180415-5,Sunday,15-APR-2018,23:20,O1, Standing (STD),"Prince Albert Airport, SK (YPA)",Canada,0,0, Substantial, Written off (damaged beyond repair),Saab 340B,-,-,1990,-,-, C-GTWK, 340B-190,Transwest Air,-,-,-,-,-,-,-,-,-,-,0,0,0,0,-,-,-
20180416-0,Monday,16-APR-2018,11:28,A2, Landing (LDG),Le Touquet Airport (LTQ),France,2,0, Substantial,-,Cessna 525 CitationJet CJ1,-,-,1998,-,-, D-ISWA, 525-0236,private,Executive,-,Köln/Bonn-Konrad Adenauer Airport,CGN,EDDK,Germany,Le Touquet Airport,LTQ,LFAT,France,-,-,0,0,-,-,Preliminary - official
20180417-0,Tuesday,17-APR-2018,11:04,A1, En route (ENR),"105 km (65.6 mls) NW of Philadelphia, PA",United States of America,149,1, Substantial,-,Boeing 737-7H4 (WL),2,CFMI CFM56-7B24,2000,36728.0,63043.0, N772SW, 27880/601,Southwest Airlines,Domestic Scheduled Passenger,WN1380,New York-La Guardia Airport,LGA,KLGA,United States of America,Dallas-Love Field,DAL,KDAL,United States of America,5,144,0,1,-,-,Final
20180417-1,Tuesday,17-APR-2018,13:05,A2, Landing (LDG),Newquay-Cornwall Airport (NQY),United Kingdom,60,0, Substantial,-,de Havilland Canada DHC-8-402Q Dash 8,2,Pratt & Whitney Canada PW150A,2007,-,-, G-JECX, 4155,Flybe,Domestic Scheduled Passenger,BE353,Manchester International Airport,MAN,EGCC,United Kingdom,Newquay-Cornwall Airport,NQY,EGHQ,United Kingdom,5,55,0,0,-,-,Final
20180418-0,Wednesday,18-APR-2018,18:09,A2, En route (ENR),"Atlanta-William B. Hartsfield International Airport, GA (ATL)",United States of America,288,0, Substantial, Repaired,Airbus A330-302,2,Pratt & Whitney PW4168A,2004,-,-, N806NW, 578,Delta Air Lines,International Scheduled Passenger,DL30,Atlanta-William B. Hartsfield International Airport,ATL,KATL,United States of America,London-Heathrow Airport,LHR,EGLL,United Kingdom,-,-,0,0,-,-,Preliminary - official
20180420-0,Friday,20-APR-2018,14:18,A1, Landing (LDG),"Alexandria International Airport, LA (AEX)",United States of America,101,0, Substantial,-,McDonnell Douglas MD-83,2,Pratt & Whitney JT8D-219,1993,-,-, N807WA, 53093/2066,World Atlantic Airlines,Domestic Non Scheduled Passenger,RPN708,Chicago-O'Hare International Airport,ORD,KORD,United States of America,Alexandria International Airport,AEX,KAEX,United States of America,-,-,0,0,-,-,Preliminary
20180429-0,Sunday,29-APR-2018,18:35,A2, Landing (LDG),Gorontalo-Jalaluddin Airport (GTO),Indonesia,181,0, Substantial, Repaired,Boeing 737-8GP (WL),2,CFMI CFM56-7B24E,2014,7960.0,10661.0, PK-LOO, 39814/4879,Lion Air,Domestic Scheduled Passenger,JT892,Makassar-Sultan Hasanuddin International Airport,UPG,WAAA,Indonesia,Gorontalo-Jalaluddin Airport,GTO,WAMG,Indonesia,7,174,0,0,-,-,Preliminary - official
20180429-1,Sunday,29-APR-2018,12:25,A1, Initial climb (ICL),2 km (1.3 mls) from  Sharara Airstrip,Libya,4,3, Destroyed, Written off (damaged beyond repair),Lockheed C-130H-30 Hercules,-,-,-,-,-, registration unknown,-,Libyan Air Force,Military,-,-,-,-,-,Tripoli-Mitiga International Airport,MJI,HLLM,Libya,4,0,3,0,-,-,Preliminary
20180429-2,Sunday,29-APR-2018,22:30,A2, Taxi (TXI),"Sioux Falls Regional Airport (Jo Foss Field), SD (FSD)",United States of America,1,0, Substantial, Repaired,Beechcraft 1900C,2,Pratt & Whitney Canada PT6A-65B,1984,-,41851.0, N172GA, UB-11,Alpine Aviation,Cargo,-,Sioux Falls Regional Airport (Jo Foss Field),FSD,KFSD,United States of America,Rapid City Regional Airport,RAP,KRAP,United States of America,1,0,0,0,-,-,Final
20180430-0,Monday,30-APR-2018,10:35,A2, Pushback / towing (PBT),London-Stansted Airport (STN),United Kingdom,177,0, Substantial, Repaired,Boeing 737-8AS (WL),2,CFMI CFM56-7B26E,2018,-,-, EI-GDZ, 44820/6809,Ryanair,International Scheduled Passenger,-,London-Stansted Airport,STN,EGSS,United Kingdom,Athens-Elefthérios Venizélos International Airport,ATH,LGAV,Greece,7,170,0,0,-,-,Final
20180502-0,Wednesday,02-MAY-2018,11:27,A1, Initial climb (ICL),"ca 2 km NE of Savannah/Hilton Head International Airport, GA (SAV)",United States of America,9,9, Destroyed, Written off (damaged beyond repair),Lockheed WC-130H Hercules,4,Allison T56-A-15,1965,-,-, 65-0968, 4110,USAF,Military,-,Savannah/Hilton Head International Airport,SAV,KSAV,United States of America,Tucson-Davis Monthan AFB,DMA,KDMA,United States of America,9,0,9,0,-,-,Final
20180502-1,Wednesday,02-MAY-2018,18:30,A1, Unknown (UNK),near Ibagué,Colombia,4,4, Destroyed, Written off (damaged beyond repair),Beechcraft C99 Commuter,2,Pratt & Whitney Canada PT6A-27,1983,-,-, PNC0203, U-199,Colombian Police,Military,-,Mariquita Airport,MQU,SKQU,Colombia,Ibagué-Perales Airport,IBE,SKIB,Colombia,4,0,4,0,-,-,Preliminary
20180503-0,Thursday,03-MAY-2018,-,A2, Approach (APR),Johannesburg/Germiston-Rand Airport (QRA),South Africa,-,0, Substantial, Repaired,Dassault Falcon 900EX,-,-,2000,-,-, ZS-DEX, 65,Blueport Trade 121,Executive,-,Cape Town International Airport,CPT,FACT,South Africa,Johannesburg/Germiston-Rand Airport,QRA,FAGM,South Africa,-,-,0,0,-,-,Preliminary
20180504-0,Friday,04-MAY-2018,20:10,A2, Landing (LDG),Santiago de Compostela Airport (SCQ),Spain,6,0, Substantial, Repaired,Cessna 525C Citation CJ4,2,Williams International FJ44-4A,2014,738.0,861.0, EC-MOQ, 525C-0161,Aluminios Cortizo,Executive,-,Zagreb-Pleso Airport,ZAG,LDZA,Croatia,Santiago de Compostela Airport,SCQ,LEST,Spain,2,4,0,0,-,-,Final
20180505-0,Saturday,05-MAY-2018,11:10,A2, Landing (LDG),"Gavião Peixoto-Embraer Unidade Airport, SP",Brazil,-,0, Substantial,-,Embraer KC-390,2,IAE V2500-E5,2015,-,-, PT-ZNF, 39000001,Embraer,Test,-,-,-,-,-,-,-,-,-,-,-,0,0,-,-,- (No safety board investigation)
20180507-0,Monday,07-MAY-2018,00:08,A2, Taxi (TXI),"Baltimore/Washington International Thurgood Marshall Airport, MD (BWI)",United States of America,179,0, Substantial, Repaired,Boeing 737-8H4 (WL),2,CFMI CFM56-7BE,2014,-,12466.0, N8655D, 42529/5200,Southwest Airlines,Domestic Scheduled Passenger,WN6263,Fort Lauderdale International Airport,FLL,KFLL,United States of America,Baltimore/Washington International Thurgood Marshall Airport,BWI,KBWI,United States of America,6,173,0,0,-,-,Final
20180512-0,Saturday,12-MAY-2018,15:15,A2, Taxi (TXI),Port Moresby-Jacksons International Airport (POM),Papua New Guinea,5,0, Substantial,-,Lockheed L-100-30 Hercules,4,Allison 501-D22A,1975,-,-, N403LC, 4590,Lynden Air Cargo,Cargo,-,-,-,-,-,Port Moresby-Jacksons International Airport,POM,AYPY,Papua New Guinea,5,0,0,0,-,-,Preliminary - official
20180512-1,Saturday,12-MAY-2018,15:15,A2, Standing (STD),Port Moresby-Jacksons International Airport (POM),Papua New Guinea,0,0, Substantial, Repaired,Boeing 737-8BK (WL),2,CFMI CFM56-7B26,2005,-,-, P2-PXE, 33024/1688,Air Niugini,-,-,-,-,-,-,-,-,-,-,0,0,0,0,-,-,Preliminary - official
20180513-0,Sunday,13-MAY-2018,17:46,A2, Standing (STD),Istanbul-Atatürk International Airport (IST),Turkey,-,0, Substantial, Repaired,Airbus A321-231,2,IAE V2533-A5,2006,-,-, TC-JMM, 2916,THY,Domestic Scheduled Passenger,TK969,Ercan Airport,ECN,LCEN,Turkey,Istanbul-Atatürk International Airport,IST,LTBA,Turkey,-,-,0,0,-,-,Preliminary
20180513-1,Sunday,13-MAY-2018,17:46,A2, Taxi (TXI),Istanbul-Atatürk International Airport (IST),Turkey,-,0, Substantial, Repaired,Airbus A330-323,2,Pratt & Whitney PW4168A,2009,-,-, HL7792, 1001,Asiana Airlines,International Scheduled Passenger,OZ552,Istanbul-Atatürk International Airport,IST,LTBA,Turkey,Seoul-Incheon International Airport,ICN,RKSI,South Korea,-,-,0,0,-,-,Preliminary
20180513-2,Sunday,13-MAY-2018,14:38,A1, Approach (APR),"4,6 km (2.9 mls) NW of Clonbullogue Aerodrome",Ireland,2,2, Destroyed, Written off (damaged beyond repair),Cessna 208B Grand Caravan,1,Pratt & Whitney Canada PT6A-114A,2005,6379.0,4670.0, G-KNYS, 208B1146,Irish Parachute Club,Parachuting,-,-,-,-,-,-,-,-,-,1,1,1,1,-,-,Final
20180515-0,Tuesday,15-MAY-2018,09:00,A1, Unknown (UNK),near Tuzantán,Mexico,2,2, Destroyed, Written off (damaged beyond repair),Cessna 208B Grand Caravan,-,-,-,-,-, registration unknown,-,private,Illegal Flight,-,-,-,-,-,-,-,-,-,-,-,-,-,-,-,Preliminary
20180516-0,Wednesday,16-MAY-2018,06:45,A1, En route (ENR),Bahun Khark,Nepal,2,2, Destroyed, Written off (damaged beyond repair),Cessna 208B Grand Caravan,1,Pratt & Whitney Canada PT6A-114A,1999,31540.0,15757.0, 9N-AJU, 208B0770, Makalu Air,Cargo,-,Surkhet Airport,SKH,VNSK,Nepal,Simikot Airport,IMK,VNST,Nepal,2,0,2,0,-,-,Final
20180518-0,Friday,18-MAY-2018,12:10,A1, Takeoff (TOF),1 km (0.6 mls) E of Havana-José Martí International Airport (HAV),Cuba,113,112, Destroyed, Written off (damaged beyond repair),Boeing 737-201 Advanced,2,Pratt & Whitney JT8D-17,1979,70651.0,69596.0, XA-UHZ, 21816/592,Cubana,Domestic Scheduled Passenger,CU972,Havana-José Martí International Airport,HAV,MUHA,Cuba,Holguín-Frank Pais Airport,HOG,MUHG,Cuba,6,107,6,106,-,-,Final
20180520-0,Sunday,20-MAY-2018,15:07,A2, Landing (LDG),Yangzhou Taizhou International Airport (YTY),China,4,0, Substantial,-,Gulfstream G200 Galaxy,-,-,2006,-,-, B-8129, 134,Star Jet,Training,-,Yangzhou Taizhou International Airport,YTY,ZSYA,China,Yangzhou Taizhou International Airport,YTY,ZSYA,China,-,-,0,0,-,-,Preliminary
20180521-0,Monday,21-MAY-2018,21:49,A1, Landing (LDG),Jeddah-King Abdulaziz International Airport (JED),Saudi Arabia,-,0, Substantial, Written off (damaged beyond repair),Airbus A330-243,2,Rolls-Royce Trent 772B-60,2001,-,-, TC-OCH, 437,Saudi Arabian,Int'l Non Scheduled Passenger,SV3818,Madinah-Mohammad Bin Abdulaziz Airport,MED,OEMA,Saudi Arabia,Dhaka-Shahjalal International Airport,DAC,VGHS,Bangladesh,-,-,0,0,-,-,Preliminary
20180522-0,Tuesday,22-MAY-2018,09:50,A1, Approach (APR),"near Manaus-Aeroclube de Flores Airport, AM",Brazil,1,0, Destroyed, Written off (damaged beyond repair),Cessna 208B Grand Caravan,1,Pratt & Whitney Canada PT6A-114A,1995,-,-, PT-FLW, 208B0451,Amazonaves Táxi Aéreo,Ferry/positioning,-,Manaus-Eduardo Gomes International Airport,MAO,SBEG,Brazil,-,-,-,-,1,0,0,0,-,-,Preliminary - official
20180522-1,Tuesday,22-MAY-2018,11:19,A1, Landing (LDG),Tegucigalpa-Toncontin Airport (TGU),Honduras,6,0, Destroyed, Written off (damaged beyond repair),Gulfstream G200 Galaxy,2,Pratt & Whitney Canada PW306A,2001,-,5299.0, N813WM, 054,Silver Air,Unknown,-,Austin-Bergstrom International Airport,AUS,KAUS,United States of America,Tegucigalpa-Toncontin Airport,TGU,MHTG,Honduras,2,4,0,0,-,-,Final
20180524-0,Thursday,24-MAY-2018,-,A2, Takeoff (TOF),Saltillo-Plan de Guadalupe International Airport (SLW),Mexico,3,0, Substantial,-,Swearingen SA227-AC Metro III,-,-,1989,-,-, 	XA-UPP, AC-736,Aeronaves TSM,Training,-,Saltillo-Plan de Guadalupe International Airport,SLW,MMIO,Mexico,Saltillo-Plan de Guadalupe International Airport,SLW,MMIO,Mexico,3,0,0,0,-,-,-
20180530-0,Wednesday,30-MAY-2018,-,A1, Takeoff (TOF),Kamonia Airstrip,Democratic Republic of the Congo,5,0, Substantial, Written off (damaged beyond repair),Cessna 208B Grand Caravan,-,-,2012,-,-, 5X-MRH, 208B2386,Air Serv Limited,Domestic Non Scheduled Passenger,-,-,-,-,-,-,-,-,-,2,3,0,0,-,-,Preliminary
20180530-1,Wednesday,30-MAY-2018,07:00,A2, Initial climb (ICL),4 km (2.5 mls) from  Obo-AIM Airfield,Central African Republic,5,0, Substantial,-,Cessna 208B Grand Caravan,1,Pratt & Whitney Canada PT6A-114A,1996,-,-, 5Y-ETY, 208B0497,Asure Air,Cargo,-,-,-,-,-,-,-,-,-,-,-,0,0,-,-,-
20180603-0,Sunday,03-JUN-2018,-,A1, Approach (APR),near Biskra Airport (BSK),Algeria,9,1, Damaged beyond repair,-,Lockheed C-130H Hercules,-,-,1981,-,-, 7T-WHT, 4911,Algerian AF,Military,-,Biskra Airport,BSK,DAUB,Algeria,Biskra Airport,BSK,DAUB,Algeria,9,0,1,0,-,-,Preliminary
20180605-0,Tuesday,05-JUN-2018,17:02,A1, En route (ENR),14 km (8.8 mls) NE of Njabini,Kenya,10,10, Destroyed, Written off (damaged beyond repair),Cessna 208B Grand Caravan,1,Pratt & Whitney Canada PT6A-114A,1996,-,-, 5Y-CAC, 208B0525,Fly-SAX,Domestic Scheduled Passenger,B50102,Kitale Airport,KTL,HKKT,Kenya,Nairobi-Jomo Kenyatta International Airport,NBO,HKJK,Kenya,2,8,2,8,-,-,Final
20180606-0,Wednesday,06-JUN-2018,13:10,A1, Landing (LDG),Saint Tropez-La Môle Airport (LTT),France,2,0, Substantial, Written off (damaged beyond repair),Cessna 525A CitationJet CJ2+,-,-,2013,-,-, D-IULI, 525A-0514,ProAir,Private,-,Figari-Sud Corse Airport,FSC,LFKF,France,Saint Tropez-La Môle Airport,LTT,LFTZ,France,2,0,0,0,-,-,Preliminary
