identifiant,week_day,date,time,type_event,phase,location,country,total_occupants,total_fatalities,aircraft_damage,aircraft_fate,type_aircraft,number_engines,type_engines,first_flight,cycles,total_airframe_hours,registration,c_n_msn,operator,nature,flight_number,departure_airport_name,departure_airport_IATA,departure_airport_ICAO,departure_airport_country,destination_airport_name,destination_airport_IATA,destination_airport_ICAO,destination_airport_country,crew_number,passengers_number,crew_fatalities,passengers_fatalities,collision_casualties,ground_casualties,status
20141201-0,Monday,01-DEC-2014,20:22,A1, En route (ENR),"12,8 km (8 mls) S of Mackall AAF, NC",United States of America,8,0, Substantial,-,Lockheed C-130H Hercules,-,-,1989,-,-, 88-4404, 5157,USAF,Military,PACKR32,Fayetteville-Pope AAF,POB,KPOB,United States of America,Fayetteville-Pope AAF,POB,KPOB,United States of America,8,0,0,0,-,-,Final
20141201-1,Monday,01-DEC-2014,20:22,A2, En route (ENR),"12,8 km (8 mls) S of Mackall AAF, NC",United States of America,5,0, Substantial,-,Alenia C-27J Spartan,-,-,2014,-,-, 10-27030, 4178,US Army,Military,GECKO33,Fayetteville-Pope AAF,POB,KPOB,United States of America,Fayetteville-Pope AAF,POB,KPOB,United States of America,5,0,0,0,-,-,Final
20141204-0,Thursday,04-DEC-2014,14:20,A1, Landing (LDG),Belize City Municipal Airport (TZA),Belize,6,0, Substantial,-,Cessna 208B Grand Caravan,1,Pratt & Whitney Canada PT6A-114A,2008,-,-, V3-HHU, 208B2025,Tropic Air,Domestic Scheduled Passenger,PM281,San Pedro Airport,SPR,MZSP,Belize,-,-,-,-,1,5,0,0,-,-,Preliminary
20141204-1,Thursday,04-DEC-2014,08:02,A2, Landing (LDG),Zürich-Kloten Airport (ZRH),Switzerland,30,0, Substantial, Repaired,ATR 72-202,2,Pratt & Whitney Canada PW124B,1992,-,-, D-ANFE, 272,Avanti Air,International Scheduled Passenger,F7286,Dresden Airport,DRS,EDDC,Germany,Zürich-Kloten Airport,ZRH,LSZH,Switzerland,4,26,0,0,-,-,Final
20141207-0,Sunday,07-DEC-2014,15:10,A2, Landing (LDG),Providenciales International Airport (PLS),Turks and Caicos Islands,4,0, Minor,-,Beechcraft B99 Airliner,-,-,1974,-,-, VQ-THL, U-164,interCaribbean Airways,Domestic Scheduled Passenger,-,Providenciales International Airport,PLS,MBPV,Turks and Caicos Islands,Grand Turk Island Airport,GDT,MBJT,Turks and Caicos Islands,2,2,0,0,-,-,Final
20141208-0,Monday,08-DEC-2014,10:41,A1, Approach (APR),"1 km (0.6 mls) NW of Gaithersburg-Montgomery County Airport, MD (GAI)",United States of America,3,3, Destroyed, Written off (damaged beyond repair),Embraer EMB-500 Phenom 100,2,Pratt & Whitney Canada PW617F-E,2009,-,-, N100EQ, 50000082,Sage Aviation,Private,-,-,-,-,-,Gaithersburg-Montgomery County Airport,GAI,KGAI,United States of America,1,2,1,2,-,3,Final
20141209-0,Tuesday,09-DEC-2014,-,C1, Unknown (UNK),within Venezuela,Venezuela,-,-, Damaged beyond repair,-,Rockwell Sabreliner 60ELXM,-,-,1978,-,-, XB-KLQ, 306-132,Unknown,Illegal Flight,-,-,-,-,-,-,-,-,-,-,-,-,-,-,-,-
20141212-0,Friday,12-DEC-2014,06:20,A1, Approach (APR),Hokandara,Sri Lanka,5,5, Damaged beyond repair,-,Antonov An-32B,2,Ivchenko AI-20,1996,-,-, SCM-864, 3509,Sri Lanka AF,Military,-,Colombo-Bandaranaike International Airport,CMB,VCBI,Sri Lanka,Colombo-Ratmalana Airport,RML,VCCC,Sri Lanka,5,0,5,0,-,-,Preliminary
20141212-1,Friday,12-DEC-2014,-,A1, Landing (LDG),Obo-AIM Airfield,Central African Republic,7,0, Substantial,-,Antonov An-26B,2,Ivchenko AI-24VT,1984,-,-, UP-AN608, 13504,Burundaiavia,Cargo,-,Entebbe Airport,EBB,HUEN,Uganda,-,-,-,-,3,4,0,0,-,-,Preliminary
20141212-2,Friday,12-DEC-2014,20:30,A2, Approach (APR),"Baltimore/Washington International Thurgood Marshall Airport, MD (BWI)",United States of America,145,0, Substantial, Repaired,Boeing 737-76N (WL),2,CFMI CFM56-7B22,2005,-,-, N7710A, 32656/1671,Southwest Airlines,Domestic Scheduled Passenger,WN3118,San Antonio International Airport,SAT,KSAT,United States of America,Baltimore/Washington International Thurgood Marshall Airport,BWI,KBWI,United States of America,-,-,0,0,-,-,Final
20141213-0,Saturday,13-DEC-2014,08:58,A2, Takeoff (TOF),Brittas House Airfield,Ireland,1,0, Substantial, Repaired,Cessna 208B Grand Caravan,1,Pratt & Whitney Canada PT6A-114A,2003,-,935.0, N208B, 208B1023,private,Private,-,-,-,-,-,Gloucestershire Airport,GLO,EGBJ,United Kingdom,1,0,0,0,-,-,Final
20141218-0,Thursday,18-DEC-2014,18:00,A1, Landing (LDG),near Champotón,Mexico,2,2, Destroyed, Written off (damaged beyond repair),Learjet 25D,-,-,1978,-,-, N265TW, 25D-265,T-Air,Illegal Flight,-,-,-,-,-,-,-,-,-,2,0,2,0,-,-,Preliminary
20141221-0,Sunday,21-DEC-2014,15:29,A2, Landing (LDG),Taitung Airport (TTT),Taiwan,2,0, Substantial,-,Dornier 228-212,2,Garrett TPE331-5A-252D,1994,43963.0,14811.0, B-55565, 8234,Daily Air,Training,DA1,Taitung Airport,TTT,RCFN,Taiwan,Taitung Airport,TTT,RCFN,Taiwan,2,0,0,0,-,-,Final
20141222-0,Monday,22-DEC-2014,-,A2, Unknown (UNK),Tequesquitengo Airport,Mexico,-,0, Substantial, Repaired,de Havilland Canada DHC-6 Twin Otter 300,2,Pratt & Whitney Canada PT6A-27,1980,-,-, XA-UOA, 721,Transportes Aéreos Terrestres,Unknown,-,-,-,-,-,-,-,-,-,-,-,0,0,-,-,Preliminary
20141228-0,Sunday,28-DEC-2014,06:18,A1, En route (ENR),Karimata Strait,Indonesia,162,162, Destroyed, Written off (damaged beyond repair),Airbus A320-216,2,CFMI CFM56-5B6/3,2008,13610.0,23039.0, PK-AXC, 3648,Indonesia AirAsia,International Scheduled Passenger,QZ8501,Surabaya-Juanda Airport,SUB,WARR,Indonesia,Singapore-Changi International Airport,SIN,WSSS,Singapore,6,156,6,156,-,-,Final
20141228-1,Sunday,28-DEC-2014,11:45,A1, En route (ENR),within Guyana,Guyana,2,2, Missing, Presumed damaged beyond repair,Britten-Norman BN-2A-26 Islander,2,Lycoming O-540-E4C5,1971,-,25818.0, 8R-GHE, 269,ASL,Cargo,-,Mahdia Airport,MHA,SYMD,Guyana,-,-,-,-,1,1,1,1,-,-,Final
20141228-2,Sunday,28-DEC-2014,03:00,A1, En route (ENR),25 km (15.6 mls) from  Uvira,Democratic Republic of the Congo,6,6, Damaged beyond repair,-,Antonov An-26,-,-,1979,-,-, 4L-AFS, 8608,AG Air,Cargo,AGS902,Bujumbura International Airport,BJM,HBBA,Burundi,Pointe Noire Airport,PNR,FCPP,Congo,6,0,6,0,-,-,-
20141230-0,Tuesday,30-DEC-2014,15:22,A1, Landing (LDG),Lahore-Allama Iqbal International Airport (LHE),Pakistan,-,0, Substantial, Written off (damaged beyond repair),Boeing 737-4H6,2,CFMI CFM56-3C1,1993,-,-, AP-BJN, 26460/2533,Shaheen Air,Domestic Scheduled Passenger,NL147,Karachi-Jinnah International Airport,KHI,OPKC,Pakistan,Lahore-Allama Iqbal International Airport,LHE,OPLA,Pakistan,-,-,0,0,-,-,Preliminary
20141230-1,Tuesday,30-DEC-2014,08:25,A2, Approach (APR),"Roswell International Air Center Airport, NM (ROW)",United States of America,1,0, Substantial, Repaired,Cessna 208B Grand Caravan,-,-,1987,-,14945.0, N950FE, 208B0056,FedEx,Cargo,FX8756,Lubbock Preston Smith International Airport,LBB,KLBB,United States of America,Roswell International Air Center Airport,ROW,KROW,United States of America,1,0,0,0,-,-,Final
20149999-0,-,xx-xxx-2014,-,O1, Standing (STD),Lugansk Airport (VSG),Ukraine,0,0, Damaged beyond repair,-,Antonov An-2R,-,-,-,-,-, UR-33587, 1G230-29,Ukraerorukh,-,-,-,-,-,-,-,-,-,-,0,0,0,0,-,-,-
20149999-1,-,xx-xxx-2014,-,O1, Standing (STD),"Fort Lauderdale International Airport, FL (FLL)",United States of America,-,0, Substantial, Written off (damaged beyond repair),Learjet 60XR,2,Pratt & Whitney Canada PW305A,2012,-,95.0, XA-JWM, 60-430,Unknown,-,-,-,-,-,-,-,-,-,-,-,0,0,0,-,-,-
20140613-1,Friday,13-JUN-2014,-,O2, Standing (STD),Tehran-Imam Khomeini International Airport (IKA),Iran,-,0, Substantial, Repaired,Airbus A310-304,2,General Electric CF6-80C2A2,1990,-,-, EP-MNX, 564,Mahan Air,-,-,-,-,-,-,-,-,-,-,-,-,0,0,-,-,-
20140614-0,Saturday,14-JUN-2014,00:50,C1, Approach (APR),"ca 5,5 km E of Lugansk Airport (VSG)",Ukraine,49,49, Damaged beyond repair,-,Ilyushin Il-76MD,-,-,1988,-,-, 76777, 0083482490,Ukraine Air Force,Military,-,-,-,-,-,Lugansk Airport,VSG,UKCW,Ukraine,9,40,9,40,-,-,-
20140615-0,Sunday,15-JUN-2014,20:44,A1, Landing (LDG),"Fresno Yosemite International Airport, CA (FAT)",United States of America,2,0, Substantial, Written off (damaged beyond repair),Lockheed SP-2H Neptune,2,Wright R-3350-32WA Cyclone,1961,-,10484.0, N4692A, 726-7247,Minden Air Corporation,Fire fighting,-,Porterville Airport,PTV,KPTV,United States of America,Porterville Airport,PTV,KPTV,United States of America,2,0,0,0,-,-,Final
20140617-0,Tuesday,17-JUN-2014,10:30,A1, Unknown (UNK),"near Lydenburg, Mpumalanga",South Africa,5,3, Damaged beyond repair,-,Cessna 208 Caravan I,1,Pratt & Whitney Canada PT6A-114,1988,-,-, 3006, 20800136,South African AF,Military,-,Sabi Sabi Airport,GSS,FASE,South Africa,-,-,-,-,2,3,2,1,-,-,Preliminary
20140618-0,Wednesday,18-JUN-2014,14:24,A1, Takeoff (TOF),"Huntsville International Airport, AL (HSV)",United States of America,3,3, Destroyed, Written off (damaged beyond repair),IAI 1124A Westwind II,2,Garrett TFE731-3-1G,1983,-,7571.0, N793BG, 392,Synfuels Holdings Finance,Training,-,Huntsville International Airport,HSV,KHSV,United States of America,Birmingham Airport,BHM,KBHM,United States of America,3,0,3,0,-,-,Final
20140619-0,Thursday,19-JUN-2014,18:30,A2, Takeoff (TOF),"near Egegik, AK",United States of America,1,0, Substantial, Repaired,Cessna 208B Grand Caravan,1,Pratt & Whitney Canada PT6A-114A,1999,-,-, N208SM, 208B0749,Grant Aviation,Unknown,-,-,-,-,-,-,-,-,-,1,0,0,0,-,-,Final
20140620-0,Friday,20-JUN-2014,-,A2, Landing (LDG),Kabul Airport (KBL),Afghanistan,81,0, Substantial, Repaired,Boeing 767-36NER,2,General Electric CF6-80C2B7F,1999,-,-, N768NA, 29898/754,Omni Air International,Domestic Non Scheduled Passenger,-,Bucharest-Henri Coanda International Airport,OTP,LROP,Romania,Kabul Airport,KBL,OAKB,Afghanistan,-,-,0,0,-,-,Preliminary - official
20140623-0,Monday,23-JUN-2014,14:38,A1, En route (ENR),near Olsberg-Elpe,Germany,2,2, Destroyed, Written off (damaged beyond repair),Learjet 35A,2,Garrett TFE731-2-2B,1985,-,8259.0, D-CGFI, 35A-612,GFD,Military,-,-,-,-,-,-,-,-,-,2,0,2,0,-,-,Final
20140624-0,Tuesday,24-JUN-2014,22:54,C2, Approach (APR),near Peshawar-Bacha Khan International Airport (PEW),Pakistan,190,1, Unknown,-,Airbus A310-324ET,2,Pratt & Whitney PW4152,1993,-,-, AP-BGN, 676,PIA,International Scheduled Passenger,PK756,Riyadh-King Khalid International Airport,RUH,OERK,Saudi Arabia,Peshawar-Bacha Khan International Airport,PEW,OPPS,Pakistan,12,178,0,1,-,-,Preliminary
20140628-0,Saturday,28-JUN-2014,06:46,A2, Pushback / towing (PBT),London-Stansted Airport (STN),United Kingdom,184,0, Substantial, Repaired,Boeing 737-8AS (WL),2,CFMI CFM56-7B27,2006,-,-, EI-DLJ, 34177/1899,Ryanair,International Scheduled Passenger,FR1021,London-Stansted Airport,STN,EGSS,United Kingdom,Warszawa-Frédéric Chopin Airport,WAW,EPWA,Poland,6,178,0,0,-,-,Final
20140628-1,Saturday,28-JUN-2014,06:46,A2, Taxi (TXI),London-Stansted Airport (STN),United Kingdom,167,0, Minor, Repaired,Boeing 737-8AS (WL),2,CFMI CFM56-7B26,2011,-,-, EI-ENL, 35037/3527,Ryanair,International Scheduled Passenger,FR752,Frankfurt-Hahn Airport,HHN,EDFH,Germany,London-Stansted Airport,STN,EGSS,United Kingdom,6,161,0,0,-,-,Final
20140629-0,Sunday,29-JUN-2014,10:46,A2, Taxi (TXI),Astana International Airport (TSE),Kazakhstan,2,0, Substantial, Repaired,Airbus A330-223F,2,Pratt & Whitney PW4170,2011,-,-, 9M-MUC, 1164,Malaysia Airlines,Cargo,TK6490,Istanbul-Atatürk International Airport,IST,LTBA,Turkey,Astana International Airport,TSE,UACC,Kazakhstan,2,0,0,0,-,-,Final
20140702-0,Wednesday,02-JUL-2014,04:17,A1, Initial climb (ICL),ca 2 km NE of Nairobi-Jomo Kenyatta International Airport (NBO),Kenya,4,4, Destroyed, Written off (damaged beyond repair),Fokker 50,2,Pratt & Whitney Canada PW125B,1992,26358.0,27243.0, 5Y-CET, 20262,Skyward International Aviation,Cargo,-,Nairobi-Jomo Kenyatta International Airport,NBO,HKJK,Kenya,Mogadishu International Airport,MGQ,HCMM,Somalia,2,2,2,2,-,-,Final
20140704-0,Friday,04-JUL-2014,12:56,A2, Landing (LDG),Leipzig Airport (LEJ),Germany,155,0, Substantial, Repaired,Airbus A320-232,2,IAE V2527-A5,2007,-,-, LZ-MDB, 3125,Air VIA,International Scheduled Passenger,VL501,Varna Airport,VAR,LBWN,Bulgaria,Leipzig Airport,LEJ,EDDP,Germany,6,149,0,0,-,-,Preliminary - official
20140706-0,Sunday,06-JUL-2014,16:30,A1, En route (ENR),near Chirundu,Zambia,2,0, Damaged beyond repair,-,Britten-Norman BN-2A Islander,2,Lycoming O-540-E4C5,1970,-,-, 9Q-CYA, 617,ITAB,Ferry/positioning,-,Lanseria Airport,HLA,FALA,South Africa,Lubumbashi-Luano Airport,FBM,FZQA,Democratic Republic of the Congo,2,0,0,0,-,-,Preliminary
20140706-1,Sunday,06-JUL-2014,09:50,A1, Landing (LDG),Monkey Mountain Airport (MYM),Guyana,2,0, Substantial, Written off (damaged beyond repair),Britten-Norman BN-2A-26 Islander,2,Lycoming O-540-E4C5,1975,-,-, 8R-GGY, 470,Domestic Airways,Domestic Non Scheduled Passenger,-,Mahdia Airport,MHA,SYMD,Guyana,Monkey Mountain Airport,MYM,SYMM,Guyana,1,1,0,0,-,-,Preliminary
20140710-0,Thursday,10-JUL-2014,22:10,A2, Landing (LDG),Kilimanjaro Airport (JRO),Tanzania,40,0, Substantial, Repaired,ATR 72-212A (ATR-72-500),2,Pratt & Whitney Canada PW127M,2008,-,-, 5H-PWA, 780,Precision Air,Domestic Scheduled Passenger,PW415,Mwanza Airport,MWZ,HTMW,Tanzania,Dar es Salaam Julius Nyerere International Airport,DAR,HTDA,Tanzania,-,-,0,0,-,-,Preliminary - official
20140714-0,Monday,14-JUL-2014,12:00,C1, En route (ENR),near Izvaryne,Ukraine,8,2, Destroyed, Written off (damaged beyond repair),Antonov An-26,-,-,1980,-,-, 19 blue, 9710,Ukraine Air Force,Military,-,-,-,-,-,-,-,-,-,8,0,2,0,-,-,-
20140714-2,Monday,14-JUL-2014,-,C1, Standing (STD),Tripoli International Airport (TIP),Libya,0,0, Minor, Written off (damaged beyond repair),de Havilland Canada DHC-8-315Q Dash 8,2,Pratt & Whitney Canada PW123E,1998,-,-, 9H-AEY, 508,Medavia,-,-,-,-,-,-,-,-,-,-,0,0,0,0,-,-,-
20140715-0,Tuesday,15-JUL-2014,-,C1, Standing (STD),Tripoli International Airport (TIP),Libya,0,0, Substantial,-,Airbus A330-202,2,General Electric CF6-80E1A4,2013,-,-, 5A-LAS, 1424, Libyan Airlines,-,-,-,-,-,-,-,-,-,-,0,0,0,0,-,-,-
20140716-0,Wednesday,16-JUL-2014,-,C1, Standing (STD),Tripoli International Airport (TIP),Libya,0,0, Destroyed, Written off (damaged beyond repair),Ilyushin Il-76T,4,Soloviev D-30KP,1981,-,-, 5A-DNG, 0013432961,Libyan Air Cargo,-,-,-,-,-,-,-,-,-,-,0,0,0,0,-,-,-
20140716-1,Wednesday,16-JUL-2014,13:52,A1, Landing (LDG),"Atlanta-William B. Hartsfield International Airport, GA (ATL",United States of America,-,0, Substantial, Written off (damaged beyond repair),Canadair CL-600-2B19 Regional Jet CRJ-200ER,2,General Electric CF34-3B1,1999,-,-, N845AS, 7324,ExpressJet Airlines,Domestic Scheduled Passenger,DL5246,Charlottesville-Albemarle Airport,CHO,KCHO,United States of America,Atlanta-William B. Hartsfield International Airport,ATL,KATL,United States of America,-,-,0,0,-,-,- (No safety board investigation)
20140717-0,Thursday,17-JUL-2014,16:20,C1, En route (ENR),Hrabove,Ukraine,298,298, Destroyed, Written off (damaged beyond repair),Boeing 777-2H6ER,2,Rolls-Royce Trent 892B,1997,11434.0,76322.0, 9M-MRD, 28411/84,Malaysia Airlines,International Scheduled Passenger,MH17,Amsterdam-Schiphol International Airport,AMS,EHAM,Netherlands,Kuala Lumpur Subang International Airport,KUL,WMKK,Malaysia,15,283,15,283,-,-,Final
20140717-1,Thursday,17-JUL-2014,-,C1, Standing (STD),Tarasovka Airfield,Ukraine,0,0, Destroyed, Written off (damaged beyond repair),Antonov An-2T,-,-,-,-,-, UR-BNK, 1G118-20,Association for the Support of the Defence,-,-,-,-,-,-,-,-,-,-,0,0,0,0,-,-,-
20140720-0,Sunday,20-JUL-2014,-,C1, Standing (STD),Tripoli International Airport (TIP),Libya,0,0, Destroyed, Written off (damaged beyond repair),Bombardier CL-600-2D24 Regional Jet CRJ-900ER,2,General Electric CF34-8C5,2010,-,-, 5A-LAL, 15256, Libyan Airlines,-,-,-,-,-,-,-,-,-,-,0,0,0,0,-,-,-
20140720-1,Sunday,20-JUL-2014,-,C1, Standing (STD),Tripoli International Airport (TIP),Libya,0,0, Destroyed, Written off (damaged beyond repair),Airbus A330-202,2,General Electric CF6-80E1A4,2009,-,-, 5A-ONF, 999, Afriqiyah Airways,-,-,-,-,-,-,-,-,-,-,0,0,0,0,-,-,-
20140720-2,Sunday,20-JUL-2014,17:45,A1, Landing (LDG),Cox's Bazar Airport (CXB),Bangladesh,48,0, Substantial, Written off (damaged beyond repair),ATR 72-212,2,Pratt & Whitney Canada PW127,1993,-,-, S2-AFN, 379,United Airways,Domestic Scheduled Passenger,4H501,Dhaka-Shahjalal International Airport,DAC,VGHS,Bangladesh,Cox's Bazar Airport,CXB,VGCB,Bangladesh,5,43,0,0,-,-,Preliminary
20140722-0,Tuesday,22-JUL-2014,-,A1, Landing (LDG),Herat Airport (HEA),Afghanistan,-,0, Substantial, Written off (damaged beyond repair),Lockheed C-130J Super Hercules,-,-,2003,-,-, MM62190, 5530,Italian AF,Military,-,Abu Dhabi-Bateen Airport,AZI,OMAD,United Arab Emirates,Herat Airport,HEA,OAHR,Afghanistan,-,-,0,0,-,-,Preliminary
20140722-1,Tuesday,22-JUL-2014,00:30,A2, Takeoff (TOF),Montevideo-Carrasco Airport (MVD),Uruguay,3,0, Minor, Repaired,Embraer EMB-110P1 Bandeirante,2,Pratt & Whitney Canada PT6A-34,1982,-,38515.0, CX-MAS, 110393,Aeromás,Cargo,-,Montevideo-Carrasco Airport,MVD,SUMU,Uruguay,-,-,-,-,3,0,0,0,-,-,Final
20140723-0,Wednesday,23-JUL-2014,19:06,A1, Approach (APR),"0,8 km (0.5 mls) NE of Magong Airport (MZG)",Taiwan,58,48, Destroyed, Written off (damaged beyond repair),ATR 72-212A (ATR-72-500),2,Pratt & Whitney Canada PW127F,2000,40387.0,27039.0, B-22810, 642,TransAsia Airways,Domestic Scheduled Passenger,GE222,Kaohsiung International Airport,KHH,RCKH,Taiwan,Magong Airport,MZG,RCQC,Taiwan,4,54,4,44,-,-,Final
20140724-0,Thursday,24-JUL-2014,01:47,A1, En route (ENR),80 km (50 mls) NW of Gossi,Mali,116,116, Destroyed, Written off (damaged beyond repair),McDonnell Douglas DC-9-83 (MD-83),2,Pratt & Whitney JT8D-219,1996,32390.0,38362.0, EC-LTV, 53190/2148,Swiftair,International Scheduled Passenger,AH5017,Ouagadougou Airport,OUA,DFFD,Burkina Faso,Algiers-Houari Boumediene Airport,ALG,DAAG,Algeria,6,110,6,110,-,-,Final
20140725-0,Friday,25-JUL-2014,16:46,A2, Taxi (TXI),"Boulder City Municipal Airport, NV (BLD)",United States of America,2,0, Minor, Repaired,de Havilland Canada DHC-6 Twin Otter 300,2,Pratt & Whitney Canada PT6A-27,1970,-,-, N190GC, 285,Grand Canyon Airlines,Ferry/positioning,-,Boulder City Municipal Airport,BLD,KBVU,United States of America,-,-,-,-,2,0,0,0,-,-,Final
20140727-0,Sunday,27-JUL-2014,-,C1, Standing (STD),Tripoli International Airport (TIP),Libya,0,0, Destroyed, Written off (damaged beyond repair),Ilyushin Il-76M,-,-,1979,-,-, 5A-DZZ, 093416501,Libyan Air Cargo,-,-,-,-,-,-,-,-,-,-,0,0,0,0,-,-,-
20140727-1,Sunday,27-JUL-2014,-,C1, Standing (STD),Tripoli International Airport (TIP),Libya,0,0, Damaged beyond repair,-,Airbus A320-214,2,CFMI CFM56-5B4/3,2010,-,-, 5A-LAI, 4450, Libyan Airlines,-,-,-,-,-,-,-,-,-,-,0,0,0,0,-,-,-
20140727-2,Sunday,27-JUL-2014,-,C1, Standing (STD),Tripoli International Airport (TIP),Libya,0,0, Destroyed, Written off (damaged beyond repair),Ilyushin Il-76T,-,-,1979,-,-, 5A-DNJ, 0013430869,Unknown,-,-,-,-,-,-,-,-,-,-,0,0,0,0,-,-,-
20140728-0,Monday,28-JUL-2014,14:30,A1, En route (ENR),"8 km (5 mls) from  Foz do Iguaçu/Cataratas Airport, PR (IGU)",Brazil,4,0, Substantial, Written off (damaged beyond repair),Embraer EMB-110P1 Bandeirante,2,Pratt & Whitney Canada PT6A-34,1980,-,-, PT-TAW, 110258,Táxi Aéreo Ribeiro,Private,-,-,-,-,-,Curitiba-Bacacheri Airport,BFH,SBBI,Brazil,2,2,0,0,-,-,Preliminary - official
20140729-0,Tuesday,29-JUL-2014,22:42,A2, Landing (LDG),London-Stansted Airport (STN),United Kingdom,177,0, Substantial, Repaired,Boeing 737-8AS (WL),2,CFMI CFM56-7B26,2009,-,-, EI-EFB, 37532/2893,Ryanair,International Scheduled Passenger,FR2369,Ostrava-Leo Janácek Airport,OSR,LKMT,Czech Republic,London-Stansted Airport,STN,EGSS,United Kingdom,6,171,0,0,-,-,Final
20140806-0,Wednesday,06-AUG-2014,07:15,A1, Landing (LDG),"2 km (1.3 mls) E of Prototskiye, Krasnoarmeysky district, Krasnodar Krai",Russia,2,0, Damaged beyond repair,-,Antonov An-2R,1,Shvetsov ASh-62IR,1983,38974.0,7503.0, RA-17890, 1G205-31,Yug Line,Agricultural,-,-,-,-,-,-,-,-,-,2,0,0,0,-,-,Final
20140809-0,Saturday,09-AUG-2014,07:34,A2, Pushback / towing (PBT),"San Antonio International Airport, TX (SAT)",United States of America,80,0, Substantial, Repaired,Canadair CL-600-2D24 Regional Jet CRJ-900ER,2,General Electric CF34-8C5,2006,-,12283.0, N943LR, 15068,Mesa Airlines,Domestic Scheduled Passenger,US2763,San Antonio International Airport,SAT,KSAT,United States of America,Phoenix-Sky Harbor International Airport,PHX,KPHX,United States of America,4,76,0,0,-,-,Final
20140810-0,Sunday,10-AUG-2014,09:21,A1, Initial climb (ICL),ca 3 km NNW of Tehran-Mehrabad Airport (THR),Iran,48,40, Destroyed, Written off (damaged beyond repair),HESA IrAn-140-100,2,Klimov TV3-117VMA-SBM1,2008,1058.0,1405.0, EP-GPA, 9005,Sepahan Airlines,Domestic Scheduled Passenger,	H85915,Tehran-Mehrabad Airport,THR,OIII,Iran,Tabas Airport,TCX,OIMT,Iran,6,42,6,34,-,-,Final
20140810-1,Sunday,10-AUG-2014,06:05,A2, Initial climb (ICL),"near Harrisburg International Airport, PA (MDT)",United States of America,20,0, Substantial, Repaired,de Havilland Canada DHC-8-102,2,Pratt & Whitney Canada PW120A,1992,-,53834.0, N815EX, 321,Piedmont Airlines,Domestic Scheduled Passenger,US4206,Harrisburg International Airport,MDT,KMDT,United States of America,Philadelphia International Airport,PHL,KPHL,United States of America,3,17,0,0,-,-,Final
20140813-0,Wednesday,13-AUG-2014,10:03,A1, Approach (APR),"Santos, SP",Brazil,7,7, Destroyed, Written off (damaged beyond repair),Cessna 560XLS+ Citation XLS+,2,Pratt & Whitney Canada PW545C,2011,-,-, PR-AFA, 560-6066,AF Andrade Empr. e Part.,Unknown,-,Rio de Janeiro-Santos Dumont Airport,SDU,SBRJ,Brazil,Guarujá Airport,SSZ,SBST,Brazil,2,5,2,5,-,-,Final
20140815-0,Friday,15-AUG-2014,19:36,A1, Landing (LDG),Doncaster/Sheffield-Robin Hood Airport (DCA),United Kingdom,3,0, Substantial,-,British Aerospace 3102 Jetstream 31,2,Garrett TPE331-10UGR-516H,1987,-,-, G-GAVA, 785,Links Air,Domestic Scheduled Passenger,W2207,Belfast City Airport,BHD,EGAC,United Kingdom,Doncaster/Sheffield-Robin Hood Airport,DCA,EGCN,United Kingdom,2,1,0,0,-,-,Final
20140820-0,Wednesday,20-AUG-2014,17:45,O2, Standing (STD),"Raleigh/Durham International Airport, NC (RDU)",United States of America,0,0, Substantial,-,Cessna 208B Grand Caravan,1,Pratt & Whitney Canada PT6A-114,1989,-,13172.0, N4698B, 208B0175,Martinaire,-,-,-,-,-,-,-,-,-,-,0,0,0,0,-,-,- (No safety board investigation)
20140823-0,Saturday,23-AUG-2014,13:55,A1, En route (ENR),Mulume Munene,Democratic Republic of the Congo,4,4, Destroyed, Written off (damaged beyond repair),Let L-410UVP,-,-,1982,-,-, 9Q-CXB, 820925, Doren Air Congo,Cargo,-,Bukavu-Kavumu Airport,BKY,FZMA,Democratic Republic of the Congo,-,-,-,-,2,2,2,2,-,-,Preliminary
20140826-0,Tuesday,26-AUG-2014,11:30,A2, En route (ENR),"near Mercaderes, Cauca",Colombia,7,0, Substantial, Repaired,Cessna 208B Grand Caravan,1,Pratt & Whitney Canada PT6A-114A,2012,-,-, EJC-1137, 208B2407,Colombian Army,Military,-,Cali Airport,CLO,SKCL,Colombia,Tumaco-La Florida Airport,TCO,SKCO,Colombia,-,-,0,0,-,-,Preliminary
20140829-0,Friday,29-AUG-2014,-,A1, Landing (LDG),"Ibans, Mosquitia",Honduras,-,0, Substantial, Written off (damaged beyond repair),Beechcraft 200 Super King Air,-,-,1977,-,-, N70AJ, BB-206,private,Illegal Flight,-,-,-,-,-,-,-,-,-,-,-,0,0,-,-,-
20140830-0,Saturday,30-AUG-2014,02:40,A1, En route (ENR),15 km (9.4 mls) S of Tamanrasset Airport (TMR),Algeria,7,7, Destroyed, Written off (damaged beyond repair),Antonov An-12BK,-,-,1968,-,-, UR-DWF, 8345802,Ukraine Air Alliance,Cargo,UKL4012,Tamanrasset Airport,TMR,DAAT,Algeria,Bamako Airport,BKO,GABS,Mali,7,0,7,0,-,-,Preliminary
20140831-0,Sunday,31-AUG-2014,19:45,A1, En route (ENR),near Kogatende,Tanzania,3,3, Destroyed, Written off (damaged beyond repair),Fokker F-27 Friendship 500,2,Rolls-Royce Dart 552-7R,1985,-,-, 5Y-SXP, 10681,Safari Express Cargo,Cargo,-,Mwanza Airport,MWZ,HTMW,Tanzania,Nairobi-Jomo Kenyatta International Airport,NBO,HKJK,Kenya,3,0,3,0,-,-,Preliminary - official
20140899-0,-,xx-AUG-2014,-,C1, Standing (STD),Lugansk Airport (VSG),Ukraine,0,0, Destroyed, Written off (damaged beyond repair),Antonov An-2R,-,-,1988,-,-, UR-33590, 1G230-32,Lugansk Airlines,-,-,-,-,-,-,-,-,-,-,0,0,0,0,-,-,- (No safety board investigation)
20140906-0,Saturday,06-SEP-2014,-,A2, Landing (LDG),Mogadishu International Airport (MGQ),Somalia,24,0, Substantial,-,Fokker 50,2,Pratt & Whitney Canada PW125B,1990,-,-, 5Y-BYE, 20204,Skyward International Aviation,Domestic Scheduled Passenger,3J715,Galkayo Airport,GLK,HCMR,Somalia,Mogadishu International Airport,MGQ,HCMM,Somalia,-,-,0,0,-,-,Preliminary
20140909-0,Tuesday,09-SEP-2014,12:48,A2, Landing (LDG),Mulia Airport (LII),Indonesia,12,0, Substantial, Repaired,Cessna 208B Grand Caravan,1,Pratt & Whitney Canada PT6A-114A,2011,-,-, PK-RSC, 208B2330,Enggang Air Service,Domestic Non Scheduled Passenger,-,Jayapura-Sentani Airport,DJJ,WAJJ,Indonesia,Mulia Airport,LII,WABQ,Indonesia,2,10,0,0,-,-,-
20140909-1,Tuesday,09-SEP-2014,12:50,A1, Landing (LDG),Nouméa-La Tontouta International Airport (NOU),New Caledonia,4,0, Substantial, Written off (damaged beyond repair),Beechcraft 200C Super King Air,2,Pratt & Whitney Canada PT6A-41,1980,-,-, F-GRSO, BL-11,Air Loyauté,Domestic Non Scheduled Passenger,-,Lifou Airport,LIF,NWWL,New Caledonia,Nouméa-Magenta Airport,GEA,NWWM,New Caledonia,2,2,0,0,-,-,Final
20140912-0,Friday,12-SEP-2014,-,O1, Standing (STD),"Athens Municipal Airport, TX",United States of America,0,0, Destroyed, Written off (damaged beyond repair),Cessna 500 Citation I,2,Pratt & Whitney Canada JT15D-1,1971,-,11000.0, N18FM, 500-0014,Plaisir en Vol,-,-,-,-,-,-,-,-,-,-,0,0,0,0,-,-,- (No safety board investigation)
20140912-1,Friday,12-SEP-2014,20:26,A2, Taxi (TXI),"Chicago-O'Hare International Airport, IL (ORD)",United States of America,37,0, Substantial, Repaired,Embraer EMB-145XR,2,Allison AE3007A1E,2003,-,-, N16147, 145749,United Express,Domestic Scheduled Passenger,4528,Sioux Falls Regional Airport (Jo Foss Field),FSD,KFSD,United States of America,Chicago-O'Hare International Airport,ORD,KORD,United States of America,3,34,0,0,-,-,Final
20140914-0,Sunday,14-SEP-2014,15:15,A1, En route (ENR),"Nordelta, BA",Argentina,2,2, Destroyed, Written off (damaged beyond repair),Beechcraft 300LW Super King Air,2,Pratt & Whitney Canada PT6A-60A,1992,2419.0,2630.0, LV-WLT, FA-221,Tango Jet,Private,-,-,-,-,-,Buenos Aires-Jorge Newbery Airport,AEP,SABE,Argentina,1,1,1,1,-,-,Final
20140915-0,Monday,15-SEP-2014,20:27,A1, Landing (LDG),"Miami International Airport, FL (MIA)",United States of America,172,0, Substantial, Written off (damaged beyond repair),Boeing 757-223 (WL),2,Rolls-Royce RB211-535E4B,1991,-,71575.0, N654A, 24612/398,American Airlines,Domestic Scheduled Passenger,AA2404,San Juan-Luis Muñoz Marín International Airport,SJU,TJSJ,Puerto Rico,Miami International Airport,MIA,KMIA,United States of America,6,166,0,0,-,-,Final
20140917-0,Wednesday,17-SEP-2014,11:00,A2, En route (ENR),near Varrelbusch Airport (VAC),Germany,-,0, Substantial,-,Dornier Do-128-G92 Turbo Skyservant,2,Walter M-601D,-,-,-, registration unknown,-,Unknown,Parachuting,-,Varrelbusch Airport,VAC,EDWU,Germany,Varrelbusch Airport,VAC,EDWU,Germany,-,-,0,0,-,-,Preliminary - official
20140919-0,Friday,19-SEP-2014,08:47,A2, Landing (LDG),"Conroe-Lone Star Executive Airport, TX (CXO)",United States of America,2,0, Substantial, Repaired,Embraer EMB-505 Phenom 300,2,Pratt & Whitney Canada PW535E,2013,-,597.0, N322QS, 50500165,NetJets,Ferry/positioning,-,Nashville International Airport,BNA,KBNA,United States of America,Conroe-Lone Star Executive Airport,CXO,KCXO,United States of America,2,0,0,0,-,-,Final
20140920-0,Saturday,20-SEP-2014,09:35,A1, En route (ENR),12 km (7.5 mls) ENE of Port Moresby-Jacksons International Airport (POM),Papua New Guinea,9,4, Destroyed, Written off (damaged beyond repair),de Havilland Canada DHC-6 Twin Otter 300,2,Pratt & Whitney Canada PT6A-27,1977,46302.0,34327.0, P2-KSF, 528,Hevilift,Domestic Non Scheduled Passenger,-,Woitape Airport,WTP,AYWT,Papua New Guinea,Port Moresby-Jacksons International Airport,POM,AYPY,Papua New Guinea,2,7,2,2,-,-,Final
20140920-1,Saturday,20-SEP-2014,21:30,A1, Landing (LDG),Chandigarh Airport (IXC),India,9,0, Substantial, Written off (damaged beyond repair),Antonov An-32RE,-,-,1987,-,-, K2757, 1202,Indian AF,Military,-,Bhatinda Airport,BUP,VIBT,India,Chandigarh Airport,IXC,VICG,India,4,5,0,0,-,-,-
20140921-0,Sunday,21-SEP-2014,-,A1, Unknown (UNK),"Kom Ashwin, Fayoum",Egypt,7,6, Damaged beyond repair,-,Lockheed C-130H Hercules,-,-,1979,-,-, SU-BAT/1287, 4809,Egyptian AF,Military,-,-,-,-,-,-,-,-,-,-,-,-,-,-,-,Preliminary
20140924-0,Wednesday,24-SEP-2014,12:00,A2, Takeoff (TOF),Shoyna Airport,Russia,10,0, Substantial,-,Antonov An-2,-,-,1990,-,-, RA-02322, 1G239-26,2nd Arkhangelsk United Aviation Division,Domestic Scheduled Passenger, 718,-,-,-,-,-,-,-,-,2,8,0,0,-,-,Preliminary
20140926-0,Friday,26-SEP-2014,17:40,A1, Landing (LDG),"Timmins Airport, ON (YTS)",Canada,9,0, Substantial, Written off (damaged beyond repair),Beechcraft A100 King Air,-,-,1975,15570.0,14985.0, C-FEYT, B-210,Air Creebec,Domestic Scheduled Passenger,YN140,Moosonee Airport,YMO,CYMO,Canada,Timmins Airport,YTS,CYTS,Canada,2,7,0,0,-,-,Final
20140928-0,Sunday,28-SEP-2014,15:12,A2, Landing (LDG),"La Tabatière Airport, QC (ZLT)",Canada,19,0, Substantial, Repaired,de Havilland Canada DHC-6 Twin Otter 300,-,-,1976,-,-, C-GKSN, 493,Air Labrador,Domestic Non Scheduled Passenger, 401,Lourdes-de-Blanc-Sablon Airport,YBX,CYBX,Canada,-,-,-,-,2,17,0,0,-,-,Final
20140928-1,Sunday,28-SEP-2014,10:00,A2, Taxi (TXI),Ceiba-Jose Aponte de la Torre Airport,Puerto Rico,7,0, Substantial, Repaired,PADC/Pilatus Britten-Norman BN-2A-26 Islander,2,Lycoming O-540-E4C5,1984,-,15926.0, N906GD, 3008,Air Flamenco,Domestic Non Scheduled Passenger,-,-,-,-,-,Culebra Airport,CPX,TJCP,Puerto Rico,1,6,0,0,-,-,Final
20141001-0,Wednesday,01-OCT-2014,07:45,A2, Landing (LDG),Amsterdam-Schiphol International Airport (AMS),Netherlands,90,0, Minor, Repaired,Embraer ERJ 190-100 STD (ERJ-190STD),2,General Electric CF34-10E5,2012,-,-, PH-EZV, 19000528,KLM Cityhopper,International Scheduled Passenger,KL1350,Praha-Václav Havel Airport,PRG,LKPR,Czech Republic,Amsterdam-Schiphol International Airport,AMS,EHAM,Netherlands,4,86,0,0,-,-,Final
20141005-0,Sunday,05-OCT-2014,18:52,A2, Standing (STD),"New York-John F. Kennedy International Airport, NY (JFK)",United States of America,48,0, Substantial, Repaired,Embraer EMB-145LR (ERJ-145LR),2,Allison AE3007A1P,2004,-,22975.0, N572RP, 14500828,Delta Connection,Domestic Scheduled Passenger,DL6087,Charleston International Airport,CHS,KCHS,United States of America,New York-John F. Kennedy International Airport,JFK,KJFK,United States of America,3,45,0,0,-,-,Final
20141005-1,Sunday,05-OCT-2014,18:52,A2, Taxi (TXI),"New York-John F. Kennedy International Airport, NY (JFK)",United States of America,180,0, Minor, Repaired,Airbus A340-212,4,CFMI CFM56-5C3/F,1993,-,-, JY-AID, 022,Royal Jordanian,International Scheduled Passenger,RJ261,Amman-Queen Alia International Airport,AMM,OJAI,Jordan,New York-John F. Kennedy International Airport,JFK,KJFK,United States of America,16,164,0,0,-,-,Final
20141007-0,Tuesday,07-OCT-2014,06:45,A2, Taxi (TXI),Dublin Airport (DUB),Ireland,94,0, Minor, Repaired,Boeing 737-8AS (WL),2,CFMI CFM56-7B26,2010,-,-, EI-EMH, 34974/3262,Ryanair,International Scheduled Passenger,FR42,Dublin Airport,DUB,EIDW,Ireland,Edinburgh-Turnhouse Airport,EDI,EGPH,United Kingdom,6,88,0,0,-,-,Final
20141007-1,Tuesday,07-OCT-2014,06:45,A2, Taxi (TXI),Dublin Airport (DUB),Ireland,108,0, Minor, Repaired,Boeing 737-8AS (WL),2,CFMI CFM56-7B26,2010,-,-, EI-EKK, 38500/3174,Ryanair,International Scheduled Passenger,FR812,Dublin Airport,DUB,EIDW,Ireland,Bruxelles-Sud Charleroi Airport,CRL,EBCI,Belgium,8,100,0,0,-,-,Final
20141012-0,Sunday,12-OCT-2014,20:25,A1, Landing (LDG),Punta Cana International Airport (PUJ),Dominican Republic,13,0, Destroyed, Written off (damaged beyond repair),British Aerospace 3101 Jetstream 31,2,Garrett TPE331,1986,-,29780.0, HI816, 694,ACSA - Air Century,Int'l Non Scheduled Passenger,-,San Juan-Luis Muñoz Marín International Airport,SJU,TJSJ,Puerto Rico,Punta Cana International Airport,PUJ,MDPC,Dominican Republic,3,10,0,0,-,-,Final
20141013-0,Monday,13-OCT-2014,20:30,A1, Taxi (TXI),Milano-Linate Airport (LIN),Italy,3,0, Substantial, Written off (damaged beyond repair),Cessna 525A CitationJet CJ2,2,Williams International FJ44-2C,2000,-,-, OE-FLP, 525A-0011,Fly Tyrol,Private,-,-,-,-,-,-,-,-,-,-,-,0,0,-,-,Preliminary - official
20141016-0,Thursday,16-OCT-2014,-,C1, Standing (STD),Donetsk Airport (DOK),Ukraine,0,0, Destroyed, Written off (damaged beyond repair),Dassault Falcon 50,-,-,1994,-,-, UR-CCC, 235,CABI Airlines,-,-,-,-,-,-,-,-,-,-,0,0,0,0,-,-,- (No safety board investigation)
20141016-1,Thursday,16-OCT-2014,-,A2, Landing (LDG),Los Roques Airport (LRV),Venezuela,7,0, Substantial,-,Beechcraft 200 Super King Air,-,-,1979,-,-, YVO107, BB-562,SATA,Unknown,-,-,-,-,-,Los Roques Airport,LRV,SVRS,Venezuela,-,-,0,0,-,-,Preliminary
20141019-0,Sunday,19-OCT-2014,-,C1, Standing (STD),near Calabozo,Venezuela,-,-, Damaged beyond repair,-,Grumman American G-1159 Gulfstream II,-,-,1972,-,-, XB-NKS, 114,Unknown,Illegal Flight,-,-,-,-,-,-,-,-,-,-,-,-,-,-,-,-
20141020-0,Monday,20-OCT-2014,23:57,A1, Takeoff (TOF),Moskva-Vnukovo Airport (VKO),Russia,4,4, Destroyed, Written off (damaged beyond repair),Dassault Falcon 50EX,3,Garrett TFE731-40-1C,2006,1186.0,2197.0, F-GLSA, 348,Unijet,Executive,LEA074P,Moskva-Vnukovo Airport,VKO,UUWW,Russia,Paris-Le Bourget Airport,LBG,LFPB,France,3,1,3,1,-,-,Final
20141020-1,Monday,20-OCT-2014,18:47,A2, Landing (LDG),Braunschweig Airport (BWE),Germany,34,0, Substantial,-,Dornier 328-110,2,Pratt & Whitney Canada PW119B,1999,-,-, D-CPWF, 3112,Private Wings,Domestic Non Scheduled Passenger,-,Ingolstadt/Manching Airport,IGS,ETSI,Germany,Braunschweig-Wolfsburg Airport,BWE,EDVE,Germany,3,31,0,0,-,-,Preliminary - official
20141022-0,Wednesday,22-OCT-2014,19:57,A2, Standing (STD),"Minneapolis-St. Paul International Airport, MN (MSP)",United States of America,190,0, Minor, Repaired,Boeing 757-232 (WL),2,Pratt & Whitney PW2037,2001,-,-, N67171, 30839/959,Delta Air Lines,Domestic Scheduled Passenger,-,Minneapolis-St. Paul International Airport,MSP,KMSP,United States of America,Los Angeles International Airport,LAX,KLAX,United States of America,8,182,0,0,-,-,Final
20141022-1,Wednesday,22-OCT-2014,19:57,A2, Standing (STD),"Minneapolis-St. Paul International Airport, MN (MSP)",United States of America,82,0, Substantial, Repaired,Embraer ERJ 170-200 LR (ERJ-175LR),2,General Electric CF34-8E5,2008,-,-, N622CZ, 17000219,Delta Connection,Domestic Scheduled Passenger,DL5796,Minneapolis-St. Paul International Airport,MSP,KMSP,United States of America,Louisville International Airport,SDF,KSDF,United States of America,6,76,0,0,-,-,Final
20141024-0,Friday,24-OCT-2014,13:43,A2, Landing (LDG),Lorient-Lann Bihoué Airport (LRT),France,3,0, Substantial,-,Reims Cessna F406 Caravan II,2,Pratt & Whitney Canada PT6A-112,1986,-,13943.0, F-ZBEP, F406-0006,French Customs,Test,-,Lorient-Lann Bihoué Airport,LRT,LFRH,France,Lorient-Lann Bihoué Airport,LRT,LFRH,France,3,0,0,0,-,-,Final
20141024-1,Friday,24-OCT-2014,16:00,A1, Takeoff (TOF),Laguna de Tres Palos,Mexico,2,0, Substantial, Written off (damaged beyond repair),Cessna 208 Caravan I,1,Pratt & Whitney Canada PT6A-42A,1998,-,1760.0, XA-WET, 20800294,FlyWet,Ferry/positioning,-,-,-,-,-,Acapulco-Alvarez International Airport,ACA,MMAA,Mexico,2,0,0,0,-,-,Final
20141025-0,Saturday,25-OCT-2014,12:00,A1, Approach (APR),2 km (1.3 mls) from  Shabunda Airport,Democratic Republic of the Congo,2,0, Damaged beyond repair,-,Let L-410UVP,2,Walter M-601D,1983,-,-, 9Q-COT, 831023,Biega Airways,Cargo,-,Bukavu-Kavumu Airport,BKY,FZMA,Democratic Republic of the Congo,-,-,-,-,2,0,0,0,-,-,Preliminary
20141025-1,Saturday,25-OCT-2014,15:13,A1, Takeoff (TOF),Tamanrasset-Aguemar Airport (TMR),Algeria,-,0, Substantial, Written off (damaged beyond repair),Learjet 35A,-,-,1977,-,-, D-CFAX, 35A-135,FAI Air Service,Ambulance,-,Tamanrasset-Aguemar Airport,TMR,DAAT,Algeria,Bata Airport,BSG,FGBT,Equatorial Guinea,-,-,0,0,-,-,Preliminary - official
20141028-0,Tuesday,28-OCT-2014,18:17,A2, Landing (LDG),Toussus-le-Noble Airport (TNF),France,4,0, Substantial,-,Beechcraft B100 King Air,-,-,1981,-,-, N702TD, BE-110,private,Training,-,Beauvais-Tillé Airport,BVA,LFOB,France,Toussus-le-Noble Airport,TNF,LFPN,France,4,0,0,0,-,-,Preliminary - official
20141029-0,Wednesday,29-OCT-2014,18:40,A1, Initial climb (ICL),"1,5 km (0.9 mls) W off  Sint Maarten-Juliana Airport (SXM)",Sint Maarten,2,2, Destroyed, Written off (damaged beyond repair),Shorts 360-200,2,Pratt & Whitney Canada PT6A-65AR,1986,32824.0,25061.0, N380MQ, SH.3702,SkyWay Enterprises,Cargo,SKZ7101,Sint Maarten-Juliana Airport,SXM,TNCM,Sint Maarten,San Juan-Luis Muñoz Marín International Airport,SJU,TJSJ,Puerto Rico,2,0,2,0,-,-,Final
20141030-0,Thursday,30-OCT-2014,09:48,A1, Takeoff (TOF),"Wichita-Mid-Continent Airport, KS (ICT)",United States of America,1,1, Destroyed, Written off (damaged beyond repair),Beechcraft B200 Super King Air,2,Pratt & Whitney Canada PT6A-42,1999,7257.0,6314.0, N52SZ, BB-1686,Gilleland Aviation,Ferry/positioning,-,Wichita-Mid-Continent Airport,ICT,KICT,United States of America,-,-,-,-,1,0,1,0,-,3,Final
20141101-0,Saturday,01-NOV-2014,-,A2, En route (ENR),Santa Cruz-Viru Viru International Airport (VVI),Bolivia,-,0, Substantial,-,de Havilland DH-114 Heron,-,-,1958,-,-, N82D, 14130,private,Ferry/positioning,-,-,-,-,-,Cochabamba-J Wilsterman Airport,CBB,SLCB,Bolivia,-,-,0,0,-,-,Preliminary
20141103-0,Monday,03-NOV-2014,-,C1, Unknown (UNK),"SE of Elorza, Apure State",Venezuela,-,-, Damaged beyond repair,-,Beechcraft 200 Super King Air,-,-,1977,-,-, XB-LRI, BB-237,Unknown,Illegal Flight,-,-,-,-,-,-,-,-,-,-,-,-,-,-,-,-
20141106-0,Thursday,06-NOV-2014,21:30,A2, Landing (LDG),"Edmonton International Airport, AB (YEG)",Canada,75,0, Substantial, Repaired,de Havilland Canada DHC-8-402Q Dash 8,2,Pratt & Whitney Canada PW150A,2013,-,-, C-GGBF, 4433,Air Canada Express,Domestic Scheduled Passenger,AC8481,Calgary International Airport,YYC,CYYC,Canada,Grande Prairie Airport,YQU,CYQU,Canada,4,71,0,0,-,-,Final
20141106-1,Thursday,06-NOV-2014,13:35,A2, Takeoff (TOF),Surat Gujarat Airport (STV),India,157,0, Substantial, Repaired,Boeing 737-86J (WL),2,CFMI CFM56-7B26,2004,-,-, VT-SGK, 33019/1502,SpiceJet,Domestic Scheduled Passenger,SG622,Surat Gujarat Airport,STV,VASU,India,Delhi-Indira Gandhi International Airport,DEL,VIDP,India,6,151,0,0,-,-,Final
20141107-0,Friday,07-NOV-2014,16:00,A1, Landing (LDG),Kabul Airport (KBL),Afghanistan,-,0, Substantial,-,Boeing 737-4Y0,2,CFMI CFM56-3C1,1993,-,-, YA-PIE, 26086/2475, Ariana Afghan Airlines,Domestic Scheduled Passenger,FG252,Herat Airport,HEA,OAHR,Afghanistan,Kabul Airport,KBL,OAKB,Afghanistan,-,-,0,0,-,-,Preliminary
20141109-0,Sunday,09-NOV-2014,16:52,A1, Approach (APR),"6,4 km (4 mls) SW of Freeport-Grand Bahama International Airport (FPO)",Bahamas,9,9, Destroyed, Written off (damaged beyond repair),Learjet 35A,2,Garrett TFE731-2-2B,1979,10534.0,12046.0, N17UF, 35A-258,Diplomat Aviation (Ba.),Executive,-,Nassau-Lynden Pindling International Airport,NAS,MYNN,Bahamas,Freeport-Grand Bahama International Airport,FPO,MYGF,Bahamas,2,7,2,7,-,-,Final
20141114-0,Friday,14-NOV-2014,10:20,A1, Landing (LDG),Panyagor Airstrip,South Sudan,3,2, Damaged beyond repair,-,British Aerospace BAe-748-399 LFD Srs. 2B,2,Rolls-Royce Dart 536-2,1981,-,-, 5Y-BVQ, 1778,Global Airlift,Cargo,-,Juba Airport,JUB,HSSJ,South Sudan,-,-,-,-,3,0,2,0,-,-,Preliminary
20141120-0,Thursday,20-NOV-2014,07:21,A2, En route (ENR),"40 km (25 mls) W of Yellowknife, NT",Canada,6,0, Substantial,-,Cessna 208B Grand Caravan,1,Pratt & Whitney Canada PT6A-114A,1995,-,25637.0, C-FKAY, 208B0470,Air Tindi,Domestic Scheduled Passenger,8T223,Yellowknife Airport,YZF,CYZF,Canada,Fort Simpson Airport,YFS,CYFS,Canada,1,5,0,0,-,-,Final
20141121-0,Friday,21-NOV-2014,10:10,A1, Landing (LDG),"Houston-Sugar Land Regional Airport, TX (SGR)",United States of America,2,0, Substantial, Written off (damaged beyond repair),Embraer EMB-500 Phenom 100,2,Pratt & Whitney Canada PW617F-E,2010,-,3854.0, N584JS, 50000140,JetSuite,Ferry/positioning,RSP526,Houston-William P. Hobby Airport,HOU,KHOU,United States of America,Houston-Sugar Land Regional Airport,SGR,KSGR,United States of America,2,0,0,0,-,-,Final
20141124-0,Monday,24-NOV-2014,20:30,A1, Takeoff (TOF),London-Biggin Hill Airport (BQH),United Kingdom,7,0, Substantial, Written off (damaged beyond repair),Gulfstream Aerospace G-1159 Gulfstream III,2,Rolls-Royce Spey 511-8,1984,-,-, N103CD, 418,World Heir,Private,-,London-Biggin Hill Airport,BQH,EGKB,United Kingdom,Gander Airport,YQX,CYQX,Canada,2,5,0,0,-,-,Final
20141124-1,Monday,24-NOV-2014,08:34,A2, Landing (LDG),Stavanger-Sola Airport (SVG),Norway,115,0, Substantial, Repaired,Boeing 737-883,2,CFMI CFM56-7B26,2001,-,-, LN-RRS, 28325/1014,SAS,Domestic Scheduled Passenger,SK4009,Oslo-Gardermoen Airport,OSL,ENGM,Norway,Stavanger-Sola Airport,SVG,ENZV,Norway,6,109,0,0,-,-,Final
20141125-0,Tuesday,25-NOV-2014,22:51,A2, Landing (LDG),Samara-Kurumoch International Airport (KUF),Russia,2,0, Substantial, Repaired,Beechcraft B300 Super King Air 350,2,Pratt & Whitney Canada PT6A-60A,2013,-,102.0, RA-02778, FL-857,Air Samara,Cargo,-,Ulyanovsk-Vostochny  Airport,ULY,UWLW,Russia,Samara-Kurumoch International Airport,KUF,UWWW,Russia,2,0,0,0,-,-,Final
20141127-0,Thursday,27-NOV-2014,-,A2, Landing (LDG),"Teniente Rodolfo Marsh Martin Air Base, King George Island",Antarctica,-,0, Substantial,-,Lockheed C-130M Hercules,-,-,1972,-,-, 2470, 4441,Brazilian AF,Military,-,Punta Arenas-Carlos Ibañez Airport,PUQ,SCCI,Chile,Teniente Rodolfo Marsh Martin Air Base,TNM,SCRM,Antarctica,-,-,0,0,-,-,Preliminary
20140103-0,Friday,03-JAN-2014,19:30,A2, Landing (LDG),"Las Vegas-McCarran International Airport, NV (LAS)",United States of America,180,0, Substantial, Repaired,Boeing 737-8H4 (WL),2,CFMI CFM56-7B27E,2012,-,-, N8327A, 37009/4269,Southwest Airlines,Domestic Scheduled Passenger,2516,Orlando International Airport,MCO,KMCO,United States of America,Las Vegas-McCarran International Airport,LAS,KLAS,United States of America,6,174,0,0,-,-,Final
20140105-0,Sunday,05-JAN-2014,-,A2, Landing (LDG),Madinah-Mohammad Bin Abdulaziz Airport (MED),Saudi Arabia,315,0, Substantial, Repaired,Boeing 767-3W0ER,2,Rolls-Royce RB211-524H,1997,-,-, HS-BKE, 28264/644,Orient Thai Airlines,International Scheduled Passenger,SV2841,Mashhad-Shahid Hashemi Nejad Airport,MHD,OIMM,Iran,Madinah-Mohammad Bin Abdulaziz Airport,MED,OEMA,Saudi Arabia,16,299,0,0,-,-,Final
20140105-1,Sunday,05-JAN-2014,12:22,A1, Landing (LDG),"Aspen-Pitkin County Airport, CO (ASE)",United States of America,3,1, Destroyed, Written off (damaged beyond repair),Canadair CL-600-2B16 Challenger 601-3R,2,General Electric CF34-3A1,1994,-,6750.0, N115WF, 5153,Vineland Corporation,Private,-,Tucson International Airport,TUS,KTUS,United States of America,Aspen Airport,ASE,KASE,United States of America,2,1,1,0,-,-,Final
20140105-2,Sunday,05-JAN-2014,21:10,A1, Landing (LDG),Jaipur International Airport (JAI/VIJP),India,179,0, Substantial, Written off (damaged beyond repair),Airbus A320-231,2,IAE V2500-A1,1994,-,55705.0, VT-ESH, 469,Air India,Domestic Scheduled Passenger,AI890,Guwahati-Lokapriya Gopinath Bordoloi International Airport,GAU,VEGT,India,Delhi-Indira Gandhi International Airport,DEL,VIDP,India,6,173,0,0,-,-,Final
20140107-0,Tuesday,07-JAN-2014,-,A2, Landing (LDG),Aweil Airport,South Sudan,-,0, Minor,-,Fokker 50,2,Pratt & Whitney Canada PW125B,1988,-,-, C5-SSA, 20138,South Supreme Airlines,Domestic Scheduled Passenger,-,Juba Airport,JUB,HSSJ,South Sudan,-,-,-,-,-,-,0,0,-,-,Preliminary
20140108-0,Wednesday,08-JAN-2014,07:35,A1, Landing (LDG),"Stephenville International Airport, NL (YJT)",Canada,-,0, Minor, Written off (damaged beyond repair),Saab 340A,-,-,1985,-,-, C-FPAI, 047,Provincial Airlines,Domestic Scheduled Passenger,PVL913,St. John's Airport,YYT,CYYT,Canada,Stephenville International Airport,YJT,CYJT,Canada,-,-,0,0,-,-,Preliminary - official
20140110-0,Friday,10-JAN-2014,-,A1, En route (ENR),Eastern Afghanistan,Afghanistan,3,3, Damaged beyond repair,-,Beechcraft 300 King Air (MARSS),-,-,1989,-,-, N195AE, FA-195,US Army,Military,-,-,-,-,-,-,-,-,-,3,0,3,0,-,-,Preliminary
20140112-0,Sunday,12-JAN-2014,11:52,A1, Approach (APR),4 km (2.5 mls) NE of Trier-Föhren Airport,Germany,4,4, Destroyed, Written off (damaged beyond repair),Cessna 501 Citation I/SP,2,Pratt & Whitney Canada JT15D-1A,1981,4413.0,4282.0, N452TS, 501-0231,Theo Steil GmbH,Unknown,-,Shoreham Airport,ESH,EGKA,United Kingdom,-,-,-,-,2,2,2,2,-,-,Final
20140114-0,Tuesday,14-JAN-2014,15:00,A2, En route (ENR),"near Savannah, GA",United States of America,2,0, Substantial, Repaired,Gulfstream G200,2,Pratt & Whitney Canada PW306A,2003,-,7493.0, N720QS, 085,NetJets,Test,-,Savannah International Airport,SAV,KSAV,United States of America,Savannah International Airport,SAV,KSAV,United States of America,2,0,0,0,-,-,Final
20140118-0,Saturday,18-JAN-2014,04:23,A1, Landing (LDG),Saltillo-Plan de Guadalupe International Airport (SLW),Mexico,4,0, Substantial, Written off (damaged beyond repair),McDonnell Douglas DC-9-33RC,2,Pratt & Whitney JT8D-9A,1968,53457.0,57319.0, XA-UQM, 47191/280,Aeronaves TSM,Cargo,-,Tapachula International Airport,TAP,MMTP,Mexico,Saltillo-Plan de Guadalupe International Airport,SLW,MMIO,Mexico,2,2,0,0,-,-,Final
20140118-1,Saturday,18-JAN-2014,10:57,A1, En route (ENR),"4,3 km (2.7 mls) SSW of Olive Creek",Guyana,2,2, Destroyed, Written off (damaged beyond repair),Cessna 208B Grand Caravan,1,Pratt & Whitney Canada PT6A-42A,2000,-,17998.0, 8R-GHS, 208B0830,Trans Guyana Airways,Cargo, 700,-,-,-,-,Imbaimadai Airport,IMB,SYIB,Guyana,1,1,1,1,-,-,Final
20140120-0,Monday,20-JAN-2014,15:47,A1, En route (ENR),"3,6 km (2.3 mls) NE of Petreasa, Alba",Romania,7,2, Substantial, Written off (damaged beyond repair),IRMA/Britten-Norman BN-2A-27 Islander,2,Lycoming IO-540-E4C5,1977,-,3335.0, YR-BNP, 822,Scoala Superioara de Aviatie Civila,Ambulance, 111,Bucharest-Baneasa Airport,BBU,LRBS,Romania,Oradea Airport,OMR,LROD,Romania,2,5,1,1,-,-,Final
20140120-1,Monday,20-JAN-2014,09:35,A1, Approach (APR),ca 20 km NE of Addis Ababa-Bole Airport (ADD),Ethiopia,2,0, Damaged beyond repair,-,Antonov An-28,-,-,1990,-,-, UP-A2805, 1AJ008-22,Unknown,Ferry/positioning,-,Entebbe Airport,EBB,HUEN,Uganda,Sana'a International Airport,SAH,ODSN,Yemen,2,0,0,0,-,-,Preliminary
20140122-0,Wednesday,22-JAN-2014,08:50,A2, Takeoff (TOF),near Roskilde Airport (RKE),Denmark,2,0, Substantial, Repaired,Cessna 500 Citation I,2,Pratt & Whitney Canada JT15D-1,1974,-,-, OY-JAI, 500-0193,L'Easy,Ferry/positioning,-,Roskilde Airport,RKE,EKRK,Denmark,Merville Airport,HZB,LFQT,France,2,0,0,0,-,-,Final
20140122-1,Wednesday,22-JAN-2014,08:19,A1, Landing (LDG),Moskva-Domodedovo Airport (DME),Russia,28,0, Damaged beyond repair,-,Antonov An-24RV,-,-,1972,-,-, RA-46473, 27308101,Pskovavia,Domestic Scheduled Passenger,-,Pskov Airport,PKV,ULOO,Russia,Moskva-Domodedovo Airport,DME,UUDD,Russia,4,24,0,0,-,-,-
20140126-0,Sunday,26-JAN-2014,12:59,A1, Landing (LDG),Honiara-Henderson International Airport (HIR),Solomon Islands,3,0, Substantial, Written off (damaged beyond repair),Boeing 737-3B7SF,2,CFMI CFM56-3B2,1988,-,-, ZK-TLC, 23705/1497,Airwork NZ,Cargo,PE523,Brisbane International Airport,BNE,YBBN,Australia,Honiara-Henderson International Airport,HIR,AGGH,Solomon Islands,3,0,0,0,-,-,Final
20140128-0,Tuesday,28-JAN-2014,07:31,A1, Landing (LDG),Paris-Charles de Gaulle Airport (CDG),France,19,0, Substantial, Written off (damaged beyond repair),Saab 2000,2,Allison AE2100A,1994,-,-, HB-IZG, 010,Darwin Airline,International Scheduled Passenger, 250,Leipzig Airport,LEJ,EDDP,Germany,Paris-Charles de Gaulle Airport,CDG,LFPG,France,3,16,0,0,-,-,Final
20140129-0,Wednesday,29-JAN-2014,08:42,A1, Landing (LDG),Ilulissat Airport (JAV),Greenland,15,0, Substantial, Written off (damaged beyond repair),de Havilland Canada DHC-8-202Q,2,Pratt & Whitney Canada PW123D,1997,41968.0,29947.0, OY-GRI, 477,Air Greenland,Domestic Scheduled Passenger,3205,Kangerlussuaq-Søndre Strømfjord Airport,SFJ,BGSF,Greenland,Ilulissat Airport,JAV,BGJN,Greenland,3,12,0,0,-,-,Final
20140131-0,Friday,31-JAN-2014,08:30,A2, Standing (STD),"Atlanta-William B. Hartsfield International Airport, GA (ATL)",United States of America,144,0, Substantial, Repaired,McDonnell Douglas MD-88,2,Pratt & Whitney JT8D-219,1988,-,65507.0, N921DL, 49645/1480,Delta Air Lines,Domestic Scheduled Passenger,-,Atlanta-William B. Hartsfield International Airport,ATL,KATL,United States of America,Miami International Airport,MIA,KMIA,United States of America,5,139,0,0,-,-,Final
20140201-0,Saturday,01-FEB-2014,10:18,A2, Landing (LDG),Surabaya-Juanda Airport (SUB),Indonesia,222,0, Substantial, Repaired,Boeing 737-9GPER (WL),2,CFMI CFM56-7B26/3,2007,15243.0,21840.0, PK-LFH, 35710/2285,Lion Air,Domestic Scheduled Passenger, 361,Balikpapan-Sepingan Airport,BPN,WALL,Indonesia,Surabaya-Juanda Airport,SUB,WARR,Indonesia,7,215,0,0,-,-,Preliminary - official
20140202-0,Sunday,02-FEB-2014,07:36,A2, Landing (LDG),Kulob Airport (TJU),Tajikistan,192,0, Substantial,-,Airbus A320-231,2,IAE V2500-A1,1994,23974.0,54604.0, EY-623, 428,East Air,International Scheduled Passenger,ETJ704,Moskva-Domodedovo Airport,DME,UUDD,Russia,Kulob Airport,TJU,UTDK,Tajikistan,5,187,0,0,-,-,Final
20140203-0,Monday,03-FEB-2014,23:00,A1, Approach (APR),"Elk City-Regional Business Airport, OK (ELK)",United States of America,7,0, Substantial, Written off (damaged beyond repair),Cessna 525 CitationJet,2,Williams International FJ44,1998,-,4798.0, N61YP, 525-0237,Brink Constructors,Executive,-,Rapid City Regional Airport,RAP,KRAP,United States of America,Elk City-Regional Business Airport,ELK,KELK,United States of America,1,6,0,0,-,-,Final
20140204-0,Tuesday,04-FEB-2014,18:30,A2, Landing (LDG),Zhengzhou-Xinzheng International Airport (CGO),China,44,0, Substantial, Repaired,Xian MA60,2,Pratt & Whitney Canada PW127J,2010,-,-, B-3455, 0803,Joy Air,Domestic Scheduled Passenger,JR1533,Taiyuan Airport,TYN,ZBYN,China,Zhengzhou-Xinzheng International Airport,CGO,ZHCC,China,7,37,0,0,-,-,Preliminary
20140206-0,Thursday,06-FEB-2014,14:18,A2, Landing (LDG),Anadyr Airport (DYR),Russia,9,0, Substantial,-,Viking Air DHC-6 Twin Otter 400,-,-,2013,-,-, RA-67282, 861,Chukotavia,Domestic Scheduled Passenger,-,-,-,-,-,Anadyr Airport,DYR,UHMA,Russia,2,7,0,0,-,-,Preliminary
20140207-0,Friday,07-FEB-2014,-,H2, En route (ENR),Istanbul-Sabiha Gökçen International Airport (SAW),Turkey,110,0, None,-,Boeing 737-86J (WL),2,CFMI CFM56-7B27,2009,-,-, TC-CCP, 37746/3109,Pegasus Airlines,International Scheduled Passenger, 751,Kharkov Airport,HRK,UKHH,Ukraine,Istanbul-Sabiha Gökçen International Airport,SAW,LTFJ,Turkey,-,-,0,0,-,-,Preliminary
20140210-0,Monday,10-FEB-2014,12:30,A2, Taxi (TXI),Mala Mala Airport (AAM),South Africa,13,0, Substantial,-,Cessna 208B Grand Caravan,1,Honeywell TPE331-12JR-702,2007,-,3266.0, ZS-EPZ, 208B1233,Federal Air,Domestic Non Scheduled Passenger, 161,Mala Mala Airport,AAM,FAMD,South Africa,Johannesburg-O.R. Tambo International Airport,JNB,FAOR,South Africa,2,11,0,0,-,-,Final
20140211-0,Tuesday,11-FEB-2014,11:38,A1, Approach (APR),near Aïn Kercha,Algeria,77,76, Damaged beyond repair,-,Lockheed C-130H-30 Hercules,-,-,1982,-,-, 7T-WHM, 4919,Algerian AF,Military,-,Ouargla-Ain Beida Airport,OGX,DAUU,Algeria,Constantine-Mohamed Boudiaf International Airport,CZL,DABC,Algeria,4,73,4,72,-,-,-
20140212-0,Wednesday,12-FEB-2014,18:50,A1, Landing (LDG),Moskva-Vnukovo Airport (VKO),Russia,2,0, Substantial, Written off (damaged beyond repair),British Aerospace BAe-125-700B,2,Garrett TFE731-3R-1H,1980,-,-, RA-02801, 257097,Sirius-Aero,Ferry/positioning,-,Moskva-Sheremetyevo Airport,SVO,UUEE,Russia,Moskva-Vnukovo Airport,VKO,UUWW,Russia,2,0,0,0,-,-,Preliminary
20140212-1,Wednesday,12-FEB-2014,-,O1, Standing (STD),Shannon Airport (SNN),Ireland,0,0, Substantial, Written off (damaged beyond repair),ATR 42-300,2,Pratt & Whitney Canada PW120,1989,-,-, EI-BYO, 161,Aer Arann,-,-,-,-,-,-,-,-,-,-,0,0,0,0,-,-,- (No safety board investigation)
20140214-0,Friday,14-FEB-2014,-,O1, Standing (STD),Bournemouth International Airport (BOH),United Kingdom,0,0, Damaged beyond repair,-,Hawker Siddeley HS-125-F400A,-,-,1970,-,-, VP-BKK, 25238,Jetsteff Aviation,-,-,-,-,-,-,-,-,-,-,0,0,0,0,-,-,-
20140215-0,Saturday,15-FEB-2014,05:00,O1, Standing (STD),Atsugi NAS (NJA),Japan,0,0, Damaged beyond repair,-,Lockheed P-3C AIP Orion,-,-,-,-,-, 159329, 185-5619,US Navy,-,-,-,-,-,-,-,-,-,-,0,0,0,0,-,-,- (No safety board investigation)
20140215-1,Saturday,15-FEB-2014,05:00,O1, Standing (STD),Atsugi NAS (NJA),Japan,0,0, Damaged beyond repair,-,Lockheed P-3C AIP Orion,-,-,-,-,-, 159503, 185-5620,US Navy,-,-,-,-,-,-,-,-,-,-,0,0,0,0,-,-,- (No safety board investigation)
20140215-2,Saturday,15-FEB-2014,05:00,O1, Standing (STD),Atsugi NAS (NJA),Japan,0,0, Damaged beyond repair,-,Lockheed P-3C AIP Orion,-,-,-,-,-, 161338, 185-5736,US Navy,-,-,-,-,-,-,-,-,-,-,0,0,0,0,-,-,- (No safety board investigation)
20140215-3,Saturday,15-FEB-2014,16:40,A1, Landing (LDG),Stella Maris-Estate Airstrip (SML),Bahamas,-,0, Damaged beyond repair,-,Cessna 501 Citation I/SP,2,Pratt & Whitney Canada JT15D-1A,1983,-,-, C-GKPC, 501-0253,Kelly Panteluk Construction,Executive,-,Fort Lauderdale-Executive Airport,FXE,KFXE,United States of America,Stella Maris-Estate Airstrip,SML,MYLS,Bahamas,-,-,0,0,-,-,Preliminary
20140215-4,Saturday,15-FEB-2014,05:00,O1, Standing (STD),Atsugi NAS (NJA),Japan,0,0, Damaged beyond repair,-,Lockheed P-3C AIP Orion,-,-,-,-,-, 160283, 185-5646,US Navy,-,-,-,-,-,-,-,-,-,-,0,0,0,0,-,-,- (No safety board investigation)
20140215-5,Saturday,15-FEB-2014,05:00,O1, Standing (STD),Atsugi NAS (NJA),Japan,0,0, Damaged beyond repair,-,Lockheed OP-3C Orion,-,-,-,-,-, 9133, 9036,Japanese Navy,-,-,-,-,-,-,-,-,-,-,0,0,0,0,-,-,- (No safety board investigation)
20140215-6,Saturday,15-FEB-2014,05:00,O1, Standing (STD),Atsugi NAS (NJA),Japan,0,0, Damaged beyond repair,-,Lockheed P-3C-III Orion,-,-,-,-,-, 5026, 9023,Japanese Navy,-,-,-,-,-,-,-,-,-,-,0,0,0,0,-,-,- (No safety board investigation)
20140215-7,Saturday,15-FEB-2014,05:00,O1, Standing (STD),Atsugi NAS (NJA),Japan,0,0, Damaged beyond repair,-,Lockheed P-3C-II.5 Orion,-,-,-,-,-, 5049, 9046,Japanese Navy,-,-,-,-,-,-,-,-,-,-,0,0,0,0,-,-,- (No safety board investigation)
20140216-0,Sunday,16-FEB-2014,13:30,A1, En route (ENR),7 km (4.4 mls) NW of Sandhikhark,Nepal,18,18, Destroyed, Written off (damaged beyond repair),de Havilland Canada DHC-6 Twin Otter 300,2,Pratt & Whitney Canada PT6A-27,1971,74217.0,43947.0, 9N-ABB, 302, Nepal Airlines,Domestic Scheduled Passenger, 183,Pokhara Airport,PKR,VNPK,Nepal,Jumla Airport,JUM,VNJL,Nepal,3,15,3,15,-,-,Final
20140217-0,Monday,17-FEB-2014,06:00,H2, En route (ENR),Genève-Cointrin Airport (GVA),Switzerland,202,0, None,-,Boeing 767-3BGER,2,Pratt & Whitney PW4062,2000,-,-, ET-AMF, 30563/786,Ethiopian Airlines,International Scheduled Passenger,-,Addis Ababa-Bole Airport,ADD,HAAB,Ethiopia,Roma-Fiumicino Airport,FCO,LIRF,Italy,-,-,0,0,-,-,-
20140217-1,Monday,17-FEB-2014,14:45,A1, Landing (LDG),Rubkona Airport,South Sudan,4,1, Destroyed, Written off (damaged beyond repair),British Aerospace BAe-748-371 LFD Srs. 2B,2,Rolls-Royce Dart 536-2,1980,-,-, 5Y-HAJ, 1776,Global Airlift,Cargo,-,Juba Airport,JUB,HSSJ,South Sudan,-,-,-,-,2,2,0,1,-,-,Preliminary
20140217-2,Monday,17-FEB-2014,12:23,A2, Landing (LDG),"Funchal Airport, Madeira (FNC)",Portugal,182,0, Substantial, Repaired,Boeing 737-8K2 (WL),2,CFMI CFM56-7B26,1998,-,54169.0, G-GDFC, 28375/85,Jet2,International Scheduled Passenger,LS389,Leeds/Bradford Airport,LBA,EGNM,United Kingdom,Funchal Airport,FNC,LPFU,Portugal,6,176,0,0,-,-,Final
20140219-0,Wednesday,19-FEB-2014,08:45,A1, Approach (APR),"ca 2 km W of Pearland Regional Airport, TX",United States of America,1,1, Destroyed, Written off (damaged beyond repair),Beechcraft B100 King Air,2,Garrett TPE331-6,1976,-,-, N811BL, BE-15,TDC Aviation,Private,-,Austin-Bergstrom International Airport,AUS,KAUS,United States of America,Galveston-Scholes Field,GLS,KGLS,United States of America,1,0,1,0,-,-,Final
20140220-0,Thursday,20-FEB-2014,16:41,A2, En route (ENR),"47 km (29.4 mls) WSW of Sydney, NSW",Australia,52,0, Substantial, Repaired,ATR 72-212A (ATR-72-600),2,Pratt & Whitney Canada PW127M,2012,-,2005.0, VH-FVR, 1058,Virgin Australia Regional,Domestic Scheduled Passenger,-,Canberra Airport,CBR,YSCB,Australia,Sydney-Kingsford Smith International Airport,SYD,YSSY,Australia,4,48,0,0,-,-,Final
20140221-0,Friday,21-FEB-2014,01:30,A1, Approach (APR),near Grombalia,Tunisia,11,11, Destroyed, Written off (damaged beyond repair),Antonov An-26,-,-,-,-,-, 5A-DOW, 11809,Libyan Air Cargo,Ambulance,-,-,-,-,-,Tunis-Carthage Airport,TUN,DTTA,Tunisia,6,5,6,5,-,-,Preliminary
20140222-0,Saturday,22-FEB-2014,06:41,A2, Landing (LDG),"Terceira-Lajes Airport, Azores (TER)",Portugal,170,0, Substantial, Repaired,Boeing 737-86N (WL),2,CFMI CFM56-7B26,2012,2185.0,6742.0, OK-TVT, 39394/3899,Travel Service Airlines,Int'l Non Scheduled Passenger,-,Praha-Ruzyne International Airport,PRG,LKPR,Czech Republic,Terceira-Lajes Airport,TER,LPLA,Portugal,6,164,0,0,-,-,Final
20140225-0,Tuesday,25-FEB-2014,10:00,A2, Landing (LDG),near Lukapa Airport (LBZ),Angola,17,0, Substantial,-,Embraer EMB-120RT Brasilia,2,Pratt & Whitney Canada PW118,1990,-,-, D2-FFZ, 120212,Guicango,Domestic Non Scheduled Passenger,-,Luanda Airport,LAD,FNLU,Angola,Dundo Airport,DUE,FNDU,Angola,3,14,0,0,-,-,Preliminary
20140227-0,Thursday,27-FEB-2014,22:45,A2, Takeoff (TOF),"Winnipeg-James Armstrong Richardson International Airport, MB (YWG)",Canada,97,0, Substantial, Repaired,Boeing 737-36Q (WL),2,CFMI CFM56-3C1,1998,-,-, C-GICN, 29405/3047,Canadian North,Domestic Scheduled Passenger,5T1527,Winnipeg-James Armstrong Richardson International Airport,YWG,CYWG,Canada,Fort Mackay/Horizon Airport,HZP,CYNR,Canada,-,-,0,0,-,-,-
20140302-0,Sunday,02-MAR-2014,-,A2, En route (ENR),near Hadhramaut,Yemen,6,0, Substantial,-,Antonov An-26,-,-,-,-,-, 1177, 6507,Yemen AF,Military,-,Sana'a International Airport,SAH,ODSN,Yemen,-,-,-,-,2,4,0,0,-,-,Preliminary
20140303-0,Monday,03-MAR-2014,18:45,A1, Approach (APR),4 km (2.5 mls) E off  Kish Island Airport (KIH),Iran,4,4, Destroyed, Written off (damaged beyond repair),Dassault Falcon 20E,2,General Electric CF700-2D2,1975,-,-, EP-FIC, 334,Iran Civil Aviation Organization,"Aerial Work (Calibration, Photo)",-,Kish Island Airport,KIH,OIBK,Iran,Kish Island Airport,KIH,OIBK,Iran,4,0,4,0,-,-,Final
20140306-0,Thursday,06-MAR-2014,18:58,A2, Landing (LDG),Glasgow-Prestwick Airport (PIK),United Kingdom,6,0, Minor, Repaired,Bombardier BD-700-1A10 Global 6000,2,Rolls-Royce BR700-710A2-20,2011,-,-, EC-LTF, 9464,TAG Aviation España,Int'l Non Scheduled Passenger,-,Madrid-Barajas Airport,MAD,LEMD,Spain,Glasgow-Prestwick Airport,PIK,EGPK,United Kingdom,4,2,0,0,-,-,Final
20140308-0,Saturday,08-MAR-2014,08:11,A1, En route (ENR),within Indian Ocean,Indian Ocean,239,239, Destroyed, Written off (damaged beyond repair),Boeing 777-2H6ER,2,Rolls-Royce Trent 892B,2002,7526.0,53471.0, 9M-MRO, 28420/404,Malaysia Airlines,International Scheduled Passenger,MH370,Kuala Lumpur International Airport,KUL,WMKK,Malaysia,Beijing-Capital Airport,PEK,ZBAA,China,12,227,12,227,-,-,Final
20140309-0,Sunday,09-MAR-2014,10:15,A1, Taxi (TXI),"Churchill Airport, MB (YYQ)",Canada,5,0, Substantial, Written off (damaged beyond repair),ATR 42-300,2,Pratt & Whitney Canada PW120,1991,-,-, C-FJYV, 216,Calm Air International,Domestic Scheduled Passenger,MO515,Thompson Airport,YTH,CYTH,Canada,Churchill Airport,YYQ,CYYQ,Canada,-,-,0,0,-,-,-
20140312-0,Wednesday,12-MAR-2014,10:50,A2, Landing (LDG),Pogapa Airstrip,Indonesia,2,0, Substantial,-,Cessna 208B Grand Caravan,-,-,-,-,-, registration unknown,-,PENAS,Domestic Non Scheduled Passenger,-,Nabire Airport,NBX,WABI,Indonesia,-,-,-,-,2,0,0,0,-,-,Preliminary
20140313-0,Thursday,13-MAR-2014,18:30,A2, Takeoff (TOF),"Philadelphia International Airport, PA (PHL)",United States of America,154,0, Substantial,-,Airbus A320-214,2,CFMI CFM56-5B4/P,1999,-,44230.0, N113UW, 1141,US Airways,Domestic Scheduled Passenger,1702,Philadelphia International Airport,PHL,KPHL,United States of America,Fort Lauderdale International Airport,FLL,KFLL,United States of America,5,149,0,0,-,-,Final
20140316-0,Sunday,16-MAR-2014,10:37,A2, Landing (LDG),"Zephyrhills Airport, FL (ZPH)",United States of America,2,0, Substantial, Repaired,Cessna 500 Citation I,-,-,1975,-,8736.0, N125DS, 500-0258,JJ Aeronautics,Private,-,Opa-locka Executive Airport,OPF,KOPF,United States of America,Zephyrhills Airport,ZPH,KZPH,United States of America,2,0,0,0,-,-,Final
20140326-0,Wednesday,26-MAR-2014,07:42,A1, En route (ENR),N of Kuala Lumpur-Sultan Abdul Aziz Shah Airport (SZB),Malaysia,53,0, Unknown, Written off (damaged beyond repair),ATR 72-212A (ATR 72-600),2,Pratt & Whitney Canada PW127M,2013,-,-, 9M-LMH, 1095,Malindo Airways,Domestic Scheduled Passenger,OD1804,Kuala Lumpur-Sultan Abdul Aziz Shah Airport,SZB,WMSA,Malaysia,Kuala Terengganu-Sultan Mahmood Airport,TGG,WMKN,Malaysia,-,-,0,0,-,-,Final
20140327-0,Thursday,27-MAR-2014,11:39,A1, Takeoff (TOF),Chandigarh Airport (IXC),India,10,0, Substantial, Written off (damaged beyond repair),Beechcraft B200 Super King Air,2,Pratt & Whitney Canada PT6A-42,2005,-,2010.0, VT-HRA, BB-1906,State of Haryana Government,Executive,-,Chandigarh Airport,IXC,VICG,India,-,-,-,-,2,8,0,0,-,-,Final
20140328-0,Friday,28-MAR-2014,-,A1, En route (ENR),"Karauli district, Rajasthan state",India,5,5, Destroyed, Written off (damaged beyond repair),Lockheed C-130J-30 Super Hercules,4,Rolls-Royce AE2100D3,2011,-,-, KC-3803, 5640,Indian AF,Military,-,Agra-Kheria Air Force Station,AGR,VIAG,India,Gwalior Airport,GWL,VIGR,India,5,0,5,0,-,-,Preliminary
20140328-1,Friday,28-MAR-2014,17:42,A1, Landing (LDG),"Brasília-Juscelino Kubitschek International Airport, DF (BSB)",Brazil,49,0, Substantial, Written off (damaged beyond repair),Fokker 100,2,Rolls-Royce Tay 650-15,1992,-,-, PR-OAF, 11415,Avianca Brasil,Domestic Scheduled Passenger,6393,Petrolina Internacional Airport,PNZ,SBPL,Brazil,Brasília-Presidente Juscelino Kubitschek International Airport,BSB,SBBR,Brazil,5,44,0,0,-,-,Preliminary
20140401-0,Tuesday,01-APR-2014,11:00,H2, En route (ENR),München-Franz Josef Strauss Airport (MUC),Germany,82,0, None,-,Airbus A321-231,2,IAE V2533-A5,2009,-,-, D-AISQ, 3936,Lufthansa,International Scheduled Passenger,LH1667,München-Franz Josef Strauss Airport,MUC,EDDM,Germany,Budapest Ferenc Liszt International Airport,BUD,LHBP,Hungary,6,76,0,0,-,-,-
20140408-0,Tuesday,08-APR-2014,15:56,A1, En route (ENR),"ca 60 km SE of Bethel, AK",United States of America,2,2, Destroyed, Written off (damaged beyond repair),Cessna 208B Grand Caravan,1,Pratt & Whitney Canada PT6A-114A,2002,-,11206.0, N126AR, 208B1004,Hageland Aviation Services,Training,ERA6AR,Bethel Airport,BET,PABE,United States of America,Bethel Airport,BET,PABE,United States of America,2,0,2,0,-,-,Final
20140410-0,Thursday,10-APR-2014,-,O1, Standing (STD),within Venezuela,Venezuela,-,0, Destroyed, Written off (damaged beyond repair),Learjet 25D,-,-,1979,-,-, PT-OHD, 25-296,private,Illegal Flight,-,Belém/Val-de-Cans-Julio Cezar Ribeiro International Airport ,BEL,SBBE,Brazil,-,-,-,-,-,-,0,0,-,-,-
20140414-0,Monday,14-APR-2014,06:00,A1, Pushback / towing (PBT),Yangon-Mingaladon Airport (RGN),Myanmar,-,0, Substantial, Written off (damaged beyond repair),Airbus A320-232,2,IAE V2527-A5,2004,-,-, XY-AGT, 2128,Golden Myanmar Airlines,Unknown,-,-,-,-,-,-,-,-,-,-,-,0,0,-,-,-
20140414-1,Monday,14-APR-2014,06:00,A2, Standing (STD),Yangon-Mingaladon Airport (RGN),Myanmar,-,0, Substantial, Repaired,Airbus A319-112,2,CFMI CFM56-5B6/2P,2002,-,-, XY-AGR, 1791,Myanmar Airways International,-,-,-,-,-,-,-,-,-,-,-,-,0,0,-,-,-
20140419-0,Saturday,19-APR-2014,19:45,A1, Approach (APR),1 km (0.6 mls) N of Saltillo-Plan de Guadalupe International Airport (SLW),Mexico,8,8, Destroyed, Written off (damaged beyond repair),British Aerospace BAe-125-700A,2,Garrett TFE731-2-2B,1982,-,-, XA-UKR, 257191,LACSA,Domestic Non Scheduled Passenger,-,Cozumel Airport,CZM,MMCZ,Mexico,Saltillo-Plan de Guadalupe International Airport,SLW,MMIO,Mexico,2,6,2,6,-,-,Preliminary
20140419-1,Saturday,19-APR-2014,09:50,A2, Pushback / towing (PBT),Paris-Charles de Gaulle Airport (CDG),France,103,0, Unknown, Repaired,Embraer ERJ 190-100 LR  (ERJ-190LR),2,General Electric CF34-10E5,2008,-,-, F-HBLF, 19000158,HOP!,Domestic Scheduled Passenger,-,Paris-Charles de Gaulle Airport,CDG,LFPG,France,Clermont-Ferrand-Aulnat Airport,CFE,LFLC,France,5,98,0,0,-,-,Final
20140420-0,Sunday,20-APR-2014,-,A1, Landing (LDG),Guri'el Airstrip,Somalia,3,0, Damaged beyond repair,-,Fokker 50,2,Pratt & Whitney Canada PW125B,1988,-,-, 5Y-VVJ, 20133,Blue Bird Aviation,Cargo,-,Nairobi-Wilson Airport,WIL,HKNW,Kenya,-,-,-,-,3,0,0,0,-,-,Preliminary
20140423-0,Wednesday,23-APR-2014,10:45,A2, Landing (LDG),Kikori Airport (KRI),Papua New Guinea,1,0, Substantial, Repaired,PADC/Pilatus Britten-Norman BN-2T Islander,2,Allison 250-B17C,1983,-,2324.0, P2-SBC, 3010,Sunbird Aviation,Cargo,-,Port Moresby-Jacksons International Airport,POM,AYPY,Papua New Guinea,Kikori Airport,KRI,AYKK,Papua New Guinea,1,0,0,0,-,-,Final
20140425-0,Friday,25-APR-2014,-,C1, Standing (STD),Kramatorsk Airport (KRQ),Ukraine,0,0, Damaged beyond repair,-,Antonov An-2,-,-,1969,-,-, UR-ABAB, 1G108-17,private,-,-,-,-,-,-,-,-,-,-,0,0,0,0,-,-,- (No safety board investigation)
20140429-0,Tuesday,29-APR-2014,02:28,A1, Landing (LDG),East Midlands Airport (EMA),United Kingdom,2,0, Substantial, Written off (damaged beyond repair),Boeing 737-476SF,2,CFMI CFM56-3C1,1990,-,-, EI-STD, 24433/1881,Air Contractors,Cargo,1748,Paris-Charles de Gaulle Airport,CDG,LFPG,France,East Midlands Airport,EMA,EGNX,United Kingdom,2,0,0,0,-,-,Final
20140429-1,Tuesday,29-APR-2014,06:40,A2, Standing (STD),Lagos-Murtala Muhammed International Airport (LOS),Nigeria,-,0, Substantial, Repaired,de Havilland Canada DHC-8-402Q Dash 8,2,Pratt & Whitney Canada PW150A,2002,-,19862.0, 5N-BPT, 4078,Aerocontractors,Domestic Scheduled Passenger,-,Lagos-Murtala Muhammed International Airport,LOS,DNMM,Nigeria,Kaduna Airport,KAD,DNKA,Nigeria,-,-,0,0,-,-,Final
20140508-0,Thursday,08-MAY-2014,17:04,A1, Landing (LDG),Kabul Airport (KBL),Afghanistan,132,0, Substantial, Written off (damaged beyond repair),Boeing 737-4Y0,2,CFMI CFM56-3C1,1993,-,-, YA-PIB, 26077/2425, Ariana Afghan Airlines,International Scheduled Passenger,FG312,Delhi-Indira Gandhi International Airport,DEL,VIDP,India,Kabul Airport,KBL,OAKB,Afghanistan,10,122,0,0,-,-,Final
20140508-1,Thursday,08-MAY-2014,12:02,A1, En route (ENR),45 km (28.1 mls) N of San Vicente del Caguán,Colombia,5,5, Destroyed, Written off (damaged beyond repair),Douglas DC-3C,2,Pratt & Whitney R-1830-92,1943,-,27771.0, HK-4700, 9700,ALIANSA Colombia,Cargo,-,Villavicencio-La Vanguardia Airport,VVC,SKVV,Colombia,Florencia Airport,FLA,SKFL,Colombia,2,3,2,3,-,-,Final
20140509-0,Friday,09-MAY-2014,16:30,A1, Takeoff (TOF),"Terbuny, Lipetsk Region",Russia,9,0, Damaged beyond repair,-,Antonov An-2T,-,-,-,-,-, RF-00446, 1G236-07,DOSAAF,Unknown,-,-,-,-,-,-,-,-,-,1,8,0,0,-,-,Preliminary
20140509-1,Friday,09-MAY-2014,15:37,A2, Standing (STD),"Columbus-Rickenbacker International Airport, OH (LCK)",United States of America,4,0, Substantial, Repaired,Cessna 525C Citation CJ4,2,Williams International FJ44-4A,2011,-,740.0, N718MV, 525C-0041,Capital City Jet Center,Domestic Non Scheduled Passenger,-,Columbus-Rickenbacker International Airport,LCK,KLCK,United States of America,-,-,-,-,2,2,0,0,-,-,Final
20140510-0,Saturday,10-MAY-2014,-,A1, Landing (LDG),Zahedan Airport (ZAH),Iran,103,0, Substantial, Written off (damaged beyond repair),Fokker 100,2,Rolls-Royce Tay 650-15,1992,-,-, EP-ASZ, 11421, Iran Aseman Airlines,Domestic Scheduled Passenger, 853,Mashhad Airport,MHD,OIMM,Iran,Zahedan Airport,ZAH,OIZH,Iran,-,-,0,0,-,-,Preliminary
20140510-1,Saturday,10-MAY-2014,19:30,A1, En route (ENR),Ganla,Niger,2,0, Damaged beyond repair,-,Fokker 100,2,Rolls-Royce Tay 650-15,1989,-,-, 5N-SIK, 11286,IRS Airlines,Ferry/positioning,-,Bratislava-Ivanka Airport,BTS,LZIB,Slovakia,Kano-Aminu Kano International Airport,KAN,DNKN,Nigeria,2,0,0,0,-,-,Preliminary
20140512-0,Monday,12-MAY-2014,-,A1, Takeoff (TOF),El Wak,Kenya,12,1, Damaged beyond repair,-,Harbin Yunshuji Y-12 II,-,-,-,-,-, KAF124, 0095,Kenyan AF,Military,-,-,-,-,-,Garissa Airport,GAS,HKGA,Kenya,-,-,1,0,-,-,Preliminary
20140517-0,Saturday,17-MAY-2014,06:15,A1, Approach (APR),2 km (1.3 mls) from  Xieng Khouang Airport (XKH),Laos,17,16, Damaged beyond repair,-,Antonov An-74TK-300,-,-,2009,-,-, RDPL-34020, 36547098982,Laos Government,Official state flight,-,Vientiane-Wattay Airport,VTE,VLVT,Laos,Xieng Khouang Airport,XKH,VLXK,Laos,6,11,6,10,-,-,Preliminary
20140519-0,Monday,19-MAY-2014,-,C1, Standing (STD),southern Apure State,Venezuela,0,0, Damaged beyond repair,-,Beechcraft 200 Super King Air,-,-,-,-,-, registration unknown,-,private,Illegal Flight,-,-,-,-,-,-,-,-,-,0,0,0,0,-,-,-
20140522-0,Thursday,22-MAY-2014,14:30,A2, Takeoff (TOF),"Mount Airy/Surry County Airport, NC",United States of America,2,0, Substantial, Repaired,Cessna 525 CitationJet CJ1,-,-,2000,-,-, N203BG, 525-0378,Barber Aviation,Unknown,-,-,-,-,-,-,-,-,-,-,-,0,0,-,-,- (No safety board investigation)
20140526-0,Monday,26-MAY-2014,-,C1, Standing (STD),Donetsk Airport (DOK),Ukraine,0,0, Destroyed, Written off (damaged beyond repair),Yakovlev Yak-40,3,Ivchenko AI-25,1975,-,-, UR-MMK, 9521540,Constanta,-,-,-,-,-,-,-,-,-,-,0,0,0,0,-,-,-
20140527-0,Tuesday,27-MAY-2014,12:40,A1, En route (ENR),10 km (6.3 mls) SW off  Carmelo/Zagarzazú International Airport,Uruguay,9,5, Destroyed, Written off (damaged beyond repair),Beechcraft B200 Super King Air,2,Pratt & Whitney Canada PT6A-42A,1990,4490.0,4616.0, LV-CNT, BB-1367,Kowzef S.A.,Executive,-,-,-,-,-,-,-,-,-,1,8,1,4,-,-,Final
20140527-1,Tuesday,27-MAY-2014,-,A1, Landing (LDG),Yazd Airport (AZD),Iran,-,0, Damaged beyond repair,-,Antonov An-74T-200,-,-,1997,-,-, 15-2254, 365470991040,Iranian Revolutionary Guard,Military,-,-,-,-,-,Yazd Airport,AZD,OIYY,Iran,-,-,0,0,-,-,-
20140528-0,Wednesday,28-MAY-2014,15:00,A2, Approach (APR),"Traverse City Airport, MI (TVC)",United States of America,45,0, Substantial,-,Embraer ERJ-140 (ERJ-135KL),2,Allison AE3007A1/3,2001,-,31099.0, N299SK, 145532,AmericanConnection,Domestic Scheduled Passenger,-,Chicago-O'Hare International Airport,ORD,KORD,United States of America,Traverse City Airport,TVC,KTVC,United States of America,3,42,0,0,-,-,Final
20140528-1,Wednesday,28-MAY-2014,-,O1, Standing (STD),"SE of Bruzual, Apure",Venezuela,0,0, Damaged beyond repair,-,Beechcraft 300 Super King Air,-,-,-,-,-, registration unknown,-,private,Illegal Flight,-,-,-,-,-,-,-,-,-,0,0,0,0,-,-,- (No safety board investigation)
20140530-0,Friday,30-MAY-2014,09:30,A2, En route (ENR),"near Homer, AK",United States of America,3,0, Minor, Repaired,de Havilland Canada DHC-3T Texas Turbine Otter,1,Garrett TPE331,1960,-,-, N3125N, 394,Alaska Air Taxi,Private,-,Sedona Airport,SDX,KSEZ,United States of America,Anchorage-Ted Stevens International Airport,ANC,PANC,United States of America,1,2,0,0,-,-,Final
20140530-1,Friday,30-MAY-2014,18:30,A2, Taxi (TXI),"Pickle Lake Airport, ON (YPL)",Canada,2,0, Substantial, Repaired,Hawker Siddeley HS-748-209 Srs.2A,2,Rolls-Royce Dart 534-2,1969,-,-, C-FFFS, 1663,Wasaya Airways,Cargo,WSG806,Ottawa-Macdonald-Cartier International Airport,YOW,CYOW,Canada,Pickle Lake Airport,YPL,CYPL,Canada,2,0,0,0,-,-,-
20140531-0,Saturday,31-MAY-2014,21:40,A1, Takeoff (TOF),"Bedford-Hanscom Field, MA (BED)",United States of America,7,7, Destroyed, Written off (damaged beyond repair),Gulfstream G-IV,2,Rolls-Royce Tay 611,2000,2745.0,4950.0, N121JM, 1399,Arizin Ventures,Private,-,Bedford-Hanscom Field,BED,KBED,United States of America,Atlantic City International Airport,ACY,KACY,United States of America,3,4,3,4,-,-,Final
20140602-0,Monday,02-JUN-2014,17:00,A1, Initial climb (ICL),near Bahía Solano-José Celestino Mutis Airport (BSC),Colombia,3,0, Damaged beyond repair,-,Beechcraft B200 Super King Air,-,-,1998,-,-, PNC-0225, BB-1644,Colombian Police,Military,-,Bahía Solano-José Celestino Mutis Airport,BSC,SKBS,Colombia,-,-,-,-,-,-,0,0,-,-,Preliminary
20140602-1,Monday,02-JUN-2014,23:50,A2, Landing (LDG),"Dayton-Mark Anton Airport, TN (2A0)",United States of America,1,0, Substantial, Repaired,Swearingen SA226-AT Merlin IV,-,-,1978,-,25903.0, N120SC, AT-067,McNeely Charter Service,Unknown,-,Laredo International Airport,LRD,KLRD,United States of America,-,-,-,-,1,0,0,0,-,-,Final
20140603-0,Tuesday,03-JUN-2014,14:25,O1, Standing (STD),Moskva-Sheremetyevo Airport (SVO),Russia,0,0, Destroyed, Written off (damaged beyond repair),Ilyushin Il-96-300,4,Soloviev PS-90AN,1994,-,-, RA-96010, 74393201007,Aeroflot,-,-,-,-,-,-,-,-,-,-,0,0,0,0,-,-,- (No safety board investigation)
20140606-0,Friday,06-JUN-2014,-,C1, En route (ENR),near Drobyshevo,Ukraine,8,5, Damaged beyond repair,-,Antonov An-30B,-,-,1975,-,-, 80 yellow, 0608,Ukraine Air Force,Military,-,-,-,-,-,-,-,-,-,8,0,5,0,-,-,-
20140606-1,Friday,06-JUN-2014,-,C1, Unknown (UNK),Apure,Venezuela,-,-, Damaged beyond repair,-,British Aerospace BAe-125-700A,-,-,1979,-,-, N770PJ ?, 257077/NA255,Unknown,Illegal Flight,-,-,-,-,-,-,-,-,-,-,-,-,-,-,-,-
20140607-0,Saturday,07-JUN-2014,-,A1, Unknown (UNK),"near Rybinsk, Yaroslavl region",Russia,1,1, Destroyed, Written off (damaged beyond repair),Antonov An-2,-,-,-,-,-, RF-02883,-,private,Unknown,-,-,-,-,-,-,-,-,-,1,0,1,0,-,-,Preliminary
20140608-0,Sunday,08-JUN-2014,11:30,A1, Approach (APR),near Olsztyn/Dajtki Airport,Poland,2,0, Substantial, Written off (damaged beyond repair),Antonov An-2T,1,Shvetsov ASh-62IR,1967,-,-, SP-FDZ, 1G74-73,Aeroklub Warminsko-Mazurski,Parachuting,-,-,-,-,-,-,-,-,-,2,0,0,0,-,-,Final
20140608-1,Sunday,08-JUN-2014,-,C1, Standing (STD),Karachi-Jinnah International Airport (KHI),Pakistan,0,0, Damaged beyond repair,-,Boeing 737-33A,2,CFMI CFM56-3B2,1997,-,-, AP-BLF, 27469/2864,Air Indus,-,-,-,-,-,-,-,-,-,-,0,0,0,0,-,-,- (No safety board investigation)
20140611-0,Wednesday,11-JUN-2014,06:20,A2, Landing (LDG),Surabaya-Juanda Airport (SUB),Indonesia,59,0, Substantial, Repaired,ATR 72-600 (72-212A),2,Pratt & Whitney Canada PW127M,2013,1825.0,1642.0, PK-WGK, 1106,Wings Air,Domestic Scheduled Passenger,IW1861,Lombok International Airport,LOP,WADL,Indonesia,Surabaya-Juanda Airport,SUB,WARR,Indonesia,4,55,0,0,-,-,Final
20140613-0,Friday,13-JUN-2014,07:47,A1, Landing (LDG),"Aruanã Airport, GO",Brazil,7,0, Substantial, Written off (damaged beyond repair),Cessna 525 CitationJet CJ1,2,Williams International FJ44-1A,2005,-,3517.0, PP-PIM, 525-0548,Planalto Indústria Mecânica,Domestic Non Scheduled Passenger,-,Goiânia-Santa Genoveva Airport,GYN,SBGO,Brazil,-,-,-,-,2,5,0,0,-,-,Final
