identifiant,week_day,date,time,type_event,phase,location,country,total_occupants,total_fatalities,aircraft_damage,aircraft_fate,type_aircraft,number_engines,type_engines,first_flight,cycles,total_airframe_hours,registration,c_n_msn,operator,nature,flight_number,departure_airport_name,departure_airport_IATA,departure_airport_ICAO,departure_airport_country,destination_airport_name,destination_airport_IATA,destination_airport_ICAO,destination_airport_country,crew_number,passengers_number,crew_fatalities,passengers_fatalities,collision_casualties,ground_casualties,status
19940524-3,Tuesday,24-MAY-1994,-,A1, Unknown (UNK),Oktyabrsky,Russia,-,-, Damaged beyond repair,-,Antonov An-2P,-,-,-,-,-, RA-07730, 1G159-05,Aeroflot,Unknown,-,-,-,-,-,-,-,-,-,-,-,-,-,-,-,-
19940526-0,Thursday,26-MAY-1994,-,H2, En route (ENR),unknown airport,Vietnam,-,0, None,-,unknown,-,-,-,-,-, registration unknown,-,Garuda,Int'l Non Scheduled Passenger,-,Batam-Hang Nadim Airport,BTH,WIDD,Indonesia,-,-,-,-,-,-,0,0,-,-,-
19940528-0,Saturday,28-MAY-1994,07:38,A1, Initial climb (ICL),near Villavicencio-La Vanguardia Airport (VVC),Colombia,29,7, Damaged beyond repair,-,Douglas DC-3A,-,-,1943,-,-, HK-2213, 11752,Transoriente Colombia,Domestic Scheduled Passenger,-,Villavicencio-La Vanguardia Airport,VVC,SKVV,Colombia,-,-,-,-,3,26,3,4,-,-,-
19940528-1,Saturday,28-MAY-1994,09:31,A2, Landing (LDG),Cúcuta-Camilo Daza Airport (CUC),Colombia,48,0, Substantial, Repaired,Fokker 50,2,Pratt & Whitney Canada PW127B,1993,-,-, PH-AVH, 20281,Avianca,Domestic Scheduled Passenger,AV438,Bucaramanga-Palo Negro Airport,BGA,SKBG,Colombia,Cúcuta-Camilo Daza Airport,CUC,SKCC,Colombia,4,44,0,0,-,-,Preliminary
19940530-0,Monday,30-MAY-1994,18:42,A1, Landing (LDG),"Waukegan Memorial Airport, IL (UGN)",United States of America,2,0, Substantial, Written off (damaged beyond repair),Hawker Siddeley HS-125-3A,2,Rolls-Royce Viper 522,1966,-,-, N900CD, 25111,DB Aviation,Ferry/positioning,-,Chicago-Executive Airport,PWK,KPWK,United States of America,Waukegan Memorial Airport,UGN,KUGN,United States of America,2,0,0,0,-,-,Final
19940606-1,Monday,06-JUN-1994,08:22,A1, En route (ENR),29 km (18.1 mls) SE of Xian-Xianyang International Airport (XIY),China,160,160, Destroyed, Written off (damaged beyond repair),Tupolev Tu-154M,3,Soloviev D-30KU-154-II,1986,6651.0,12507.0, B-2610, 86A740,China Northwest,Domestic Scheduled Passenger,WH2303,Xian-Xianyang International Airport,XIY,ZLXY,China,Guangzhou-Baiyun Airport,CAN,ZGGG,China,14,146,14,146,-,-,-
19940607-0,Tuesday,07-JUN-1994,-,H2, En route (ENR),Taipei,Taiwan,139,0, None,-,Boeing 737,-,-,-,-,-, registration unknown,-,China Southern,Domestic Scheduled Passenger,-,Fuzhou Yixu Airport,FOC,ZSFZ,China,Guangzhou-Baiyun Airport,CAN,ZGGG,China,-,-,0,0,-,-,-
19940613-0,Monday,13-JUN-1994,18:50,A1, Approach (APR),15 km (9.4 mls) W of Uruapan Airport (UPN),Mexico,9,9, Damaged beyond repair,-,Swearingen SA226-TC Metro II,-,-,1981,-,-, XA-SLU, TC-401,Aero Cuahonte,Domestic Scheduled Passenger,-,Lazaro Cardenas Airport,LZC,MMLC,Mexico,Uruapan Airport,UPN,MMPN,Mexico,2,7,2,7,-,-,-
19940618-0,Saturday,18-JUN-1994,12:20,A1, Approach (APR),Mount Kalora,Indonesia,12,12, Damaged beyond repair,-,Fokker F-27 Friendship 500F,-,-,1980,-,-, PK-MFI, 10597,Merpati Nusantara,Domestic Scheduled Passenger,-,Balikpapan-Sepingan Airport,BPN,WALL,Indonesia,Palu-Mutiara Airport,PLW,WAML,Indonesia,5,7,5,7,-,-,-
19940618-1,Saturday,18-JUN-1994,06:25,A1, Approach (APR),"1,5 km (0.9 mls) S of Washington-Dulles International Airport, DC (IAD)",United States of America,12,12, Destroyed, Written off (damaged beyond repair),Learjet 25D,2,General Electric CJ610-6,1977,5664.0,6118.0, XA-BBA, 25-223,TAESA,Domestic Non Scheduled Passenger,-,New Orleans-Lakefront Airport,NEW,KNEW,United States of America,Washington-Dulles International Airport,IAD,KIAD,United States of America,2,10,2,10,-,-,Final
19940623-0,Thursday,23-JUN-1994,-,H2, En route (ENR),Addis Ababa-Bole Airport (ADD),Ethiopia,-,0, None,-,ATR 42-320,2,Pratt & Whitney Canada PW121,-,-,-, registration unknown,-,Ethiopian Airlines,Domestic Scheduled Passenger,-,Gondar Airport,GDQ,HAGN,Ethiopia,Addis Ababa-Bole Airport,ADD,HAAB,Ethiopia,-,-,0,0,-,-,-
19940623-1,Thursday,23-JUN-1994,20:15,A1, En route (ENR),"Taku Inlet, AK",United States of America,11,7, Substantial, Written off (damaged beyond repair),de Havilland Canada DHC-3 Otter,1,Pratt & Whitney R-1340,1956,-,7672.0, N13GA , 179,Wings of Alaska,Domestic Non Scheduled Passenger,-,-,-,-,-,-,-,-,-,1,10,0,7,-,-,Final
19940624-0,Friday,24-JUN-1994,08:04,A2, Taxi (TXI),"Orlando International Airport, FL (MCO)",United States of America,16,0, Substantial, Repaired,British Aerospace 3201 Jetstream 32,-,-,-,-,6623.0, N495UE, 818,United Express,Domestic Scheduled Passenger,UE5500,Jacksonville International Airport,JAX,KJAX,United States of America,Orlando International Airport,MCO,KMCO,United States of America,2,14,0,0,-,-,Final
19940625-0,Saturday,25-JUN-1994,-,A1, Takeoff (TOF),Kirensk,Russia,8,0, Damaged beyond repair,-,Antonov An-2P,-,-,-,-,-, RA-70263, 1G139-22,Aeroflot / East Siberia,Unknown,-,-,-,-,-,-,-,-,-,-,-,0,0,-,-,-
19940626-0,Sunday,26-JUN-1994,19:40,A1, Approach (APR),"5,5 km (3.4 mls) from  Abidjan-Felix Houphouet Boigny Airport (ABJ)",Cote d'Ivoire,17,17, Damaged beyond repair,-,Fokker F-27 Friendship 400M,-,-,1978,-,-, TU-TIP, 10577,Air Ivoire,Domestic Scheduled Passenger, 777,San-Pédro Airport,SPY,DISP,Cote d'Ivoire,Abidjan-Felix Houphouet Boigny Airport,ABJ,DIAP,Cote d'Ivoire,3,14,3,14,-,-,-
19940626-1,Sunday,26-JUN-1994,14:04,A1, Approach (APR),"0,9 km (0.6 mls) S of Fort Simpson Airport, NT (YFS)",Canada,2,0, Damaged beyond repair,-,Douglas C-47A-5-DK Dakota 3 (DC-3C),-,-,1944,-,18456.0, C-FROD, 12307,Buffalo Airways,Cargo, 526,-,-,-,-,Fort Simpson Airport,YFS,CYFS,Canada,2,0,0,0,-,-,Final
19940626-2,Sunday,26-JUN-1994,17:13,A1, Landing (LDG),Aichach,Germany,1,0, Damaged beyond repair,-,Antonov An-2T,-,-,-,-,-, D-FONJ, 193(473)17,private,Domestic Non Scheduled Passenger,-,-,-,-,-,-,-,-,-,1,0,0,0,-,-,Final
19940628-0,Tuesday,28-JUN-1994,20:00,A1, Landing (LDG),Lyon Satolas Airport (LYS),France,27,0, Damaged beyond repair,-,Grumman G-159 Gulfstream I,-,-,1964,-,-, F-GIIX, 128,Air Provence,Domestic Scheduled Passenger,-,Rouen-Vallée de Seine Airport,URO,LFOP,France,Lyon Satolas Airport,LYS,LFLL,France,3,24,0,0,-,-,-
19940629-0,Wednesday,29-JUN-1994,13:36,A2, Landing (LDG),Zürich-Kloten Airport (ZRH),Switzerland,4,0, Minor, Repaired,Cessna 550 Citation II,-,-,-,3940.0,3396.0, HB-VIS, 550-0447,Cat Aviation,Executive,-,Bologna Airport,BLQ,LIPE,Italy,Zürich-Kloten Airport,ZRH,LSZH,Switzerland,2,2,0,0,-,-,Final
19940630-0,Thursday,30-JUN-1994,17:41,A1, Takeoff (TOF),Toulouse-Blagnac Airport (TLS),France,7,7, Destroyed, Written off (damaged beyond repair),Airbus A330-321,2,Pratt & Whitney PW4164,1993,-,360.0, F-WWKH, 042,Airbus Industrie,Test, 129,Toulouse-Blagnac Airport,TLS,LFBO,France,Toulouse-Blagnac Airport,TLS,LFBO,France,3,4,3,4,-,-,Final
19940701-0,Friday,01-JUL-1994,08:30,A1, Landing (LDG),Tidjikja Airport (TIY),Mauritania,93,80, Damaged beyond repair,-,Fokker F-28 Fellowship 4000,-,-,1975,-,-, 5T-CLF, 11092,Air Mauritanie,Domestic Scheduled Passenger, 625,Nouakchott Airport,NKC,GQNN,Mauritania,Tidjikja Airport,TIY,GQND,Mauritania,4,89,4,76,-,-,-
19940702-0,Saturday,02-JUL-1994,18:43,A1, Approach (APR),"Charlotte-Douglas Airport, NC (CLT)",United States of America,57,37, Destroyed, Written off (damaged beyond repair),McDonnell Douglas DC-9-31,2,Pratt & Whitney JT8D-7B,1973,63147.0,53917.0, N954VJ, 47590/703,USAir,Domestic Scheduled Passenger,1016,Columbia Metropolitan Airport,CAE,KCAE,United States of America,Charlotte-Douglas Airport,CLT,KCLT,United States of America,5,52,0,37,-,-,Final
19940705-0,Tuesday,05-JUL-1994,10:25,A1, Approach (APR),Dera Ismail Khan,Pakistan,42,0, Damaged beyond repair,-,Fokker F-27 Friendship 200,-,-,1960,-,-, AP-ALN, 10164,PIA,Domestic Scheduled Passenger,PK684,Islamabad International Airport,ISB,OPRN,Pakistan,Dera Ismail Khan Airport,DSK,OPDI,Pakistan,4,38,0,0,-,-,-
19940706-0,Wednesday,06-JUL-1994,-,A1, Maneuvering (MNV),Sierra de Mariola,Spain,6,5, Damaged beyond repair,-,Antonov An-32P,2,Ivchenko AI-20,1983,1102.0,831.0, UR-48018, 003,Antonov Design Bureau,Fire fighting,-,Valencia Airport,VLC,LEVC,Spain,Valencia Airport,VLC,LEVC,Spain,4,2,3,2,-,-,-
19940708-0,Friday,08-JUL-1994,-,A2, Landing (LDG),Medan-Polonia Airport (MES),Indonesia,90,0, Substantial, Repaired,Boeing 737-4U3,-,-,1993,-,-, PK-GWK, 25713/2531,Garuda,Domestic Scheduled Passenger,GA156,Jakarta-Soekarno-Hatta International Airport,CGK,WIII,Indonesia,Medan-Polonia Airport,MES,WIMM,Indonesia,6,84,0,0,-,-,Preliminary - official
19940709-0,Saturday,09-JUL-1994,09:05,A1, En route (ENR),"18,5 km (11.6 mls) SE of Sunder Nagar, Himachal Pradeh State",India,11,11, Destroyed, Written off (damaged beyond repair),Beechcraft 200 Super King Air,-,-,1993,-,-, VT-EUJ, BB-1456,Punjab Government (India),Executive,-,Chandigarh Airport,IXC,VICG,India,Kulu-Bhuntar Airport,KUU,VIBR,India,3,8,3,8,-,-,Final
19940709-1,Saturday,09-JUL-1994,-,A1, Unknown (UNK),Bad Kirchheim,Austria,-,-, Damaged beyond repair,-,Antonov An-2,-,-,-,-,-, OK-NYA, 1139(473)02,ACM Praha,Unknown,-,-,-,-,-,-,-,-,-,-,-,-,-,-,-,-
19940713-0,Wednesday,13-JUL-1994,-,C1, En route (ENR),near Lyakhovo,Russia,1,1, Damaged beyond repair,-,Antonov An-26,-,-,-,-,-, registration unknown,-,Russian AF,Military,-,-,-,-,-,-,-,-,-,1,0,1,0,-,-,-
19940713-1,Wednesday,13-JUL-1994,01:35,A1, En route (ENR),Western Sahara,Western Sahara,19,0, Damaged beyond repair,-,Avro Shackleton MR.3,4,Rolls-Royce Griffon 57,1957,-,-, 1716, 1526,South African AF,Military,-,Abidjan-Felix Houphouet Boigny Airport,ABJ,DIAP,Cote d'Ivoire,Lisboa-Portela de Sacavém Airport,LIS,LPPT,Portugal,19,0,0,0,-,-,-
19940713-2,Wednesday,13-JUL-1994,15:05,A2, Takeoff (TOF),"Atlantic City International Airport, NJ (ACY)",United States of America,10,0, Substantial, Repaired,Learjet 35,-,-,-,-,8569.0, N69PS, 35-014,Mid-Atlantic Jet Charter,Domestic Non Scheduled Passenger,-,Atlantic City International Airport,ACY,KACY,United States of America,Newark International Airport,EWR,KEWR,United States of America,2,8,0,0,-,-,Final
19940714-0,Thursday,14-JUL-1994,-,A1, Taxi (TXI),Blagoveshchensk Airport (BQS),Russia,14,0, Damaged beyond repair,-,Let L-410UVP,-,-,1984,-,-, RA-67470, 841235,Aeroflot / Far East,Scheduled Passenger,-,-,-,-,-,-,-,-,-,3,11,0,0,-,-,-
19940717-0,Sunday,17-JUL-1994,11:54,A1, Takeoff (TOF),Kherson Airport (KHE),Ukraine,32,0, Damaged beyond repair,-,Antonov An-24B,-,-,1968,-,-, RA-46575, 87304810,Bykovo Avia,International Scheduled Passenger,  86,Kherson Airport,KHE,UKOH,Ukraine,Moskva-Bykovo Airport,BKA,UUBB,Russia,4,28,0,0,-,-,-
19940717-1,Sunday,17-JUL-1994,-,A1, Landing (LDG),Boma Airport (BOA),Democratic Republic of the Congo,9,5, Damaged beyond repair,-,Yakovlev Yak-40D,3,Ivchenko AI-25,1973,22752.0,27402.0, RA-87256, 9311326,Impulse-Aero,Training,-,-,-,-,-,Boma Airport,BOA,FZAJ,Democratic Republic of the Congo,4,5,2,3,-,-,-
19940717-2,Sunday,17-JUL-1994,21:45,A1, Approach (APR),13 km (8.1 mls) NNW of Fort de France-Lamentin Airport (FDF),Martinique,6,6, Damaged beyond repair,-,IRMA/Pilatus Britten-Norman BN-2B-26 Islander,-,-,1982,-,-, 8P-TAD, 2152,Trans Island Air,International Scheduled Passenger,-,Bridgetown-Grantley Adams International Airport,BGI,TBPB,Barbados,Fort de France-Lamentin Airport,FDF,TFFF,Martinique,1,5,1,5,-,-,Final
19940719-0,Tuesday,19-JUL-1994,-,O1, Standing (STD),Luanda ??,Angola,-,-, Damaged beyond repair,-,Ilyushin Il-76,-,-,-,-,-, registration unknown,-,Soviet AF,Military,-,-,-,-,-,-,-,-,-,-,-,-,-,-,-,Preliminary
19940719-1,Tuesday,19-JUL-1994,16:30,C1, En route (ENR),10 km (6.3 mls) from  Colon-Enrique A. Jimenez Airport (ONX),Panama,21,21, Damaged beyond repair,-,Embraer EMB-110P1 Bandeirante,2,Pratt & Whitney Canada PT6A-34,1981,-,-, HP-1202AC, 110375,Alas Chiricanas,Domestic Scheduled Passenger, 901,Colon-Enrique A. Jimenez Airport,ONX,MPEJ,Panama,-,-,-,-,3,18,3,18,-,-,-
19940720-1,Wednesday,20-JUL-1994,22:26,A1, Landing (LDG),Kunming Airport (KMG),China,148,0, Damaged beyond repair,-,Boeing 737-3W0,2,CFMI CFM56-3C1,1992,-,-, B-2540, 27139/2400,China Yunnan,Domestic Scheduled Passenger,-,-,-,-,-,Kunming-Wujiaba Airfield,KMG,ZPPP,China,8,140,0,0,-,-,-
19940729-0,Friday,29-JUL-1994,16:00,A1, Maneuvering (MNV),"32 km (20 mls) W of Missoula, MT",United States of America,2,2, Damaged beyond repair,-,Lockheed P-2H Neptune,-,-,-,-,-, N918AP, 726-7186,Neptune Aviation Services,Fire fighting,-,-,-,-,-,-,-,-,-,2,0,2,0,-,-,-
19940731-0,Sunday,31-JUL-1994,00:33,C1, En route (ENR),near Saborsko,Croatia,7,7, Damaged beyond repair,-,Antonov An-26B,2,Ivchenko AI-24VT,1985,-,-, UR-26207, 14202,Air Ukraine,Cargo,-,-,-,-,-,Pula Airport,PUY,LDPL,Croatia,6,1,6,1,-,-,Preliminary
19940799-0,-,xx-JUL-1994,-,U1, Unknown (UNK),at an unknown location,Angola,-,-, Damaged beyond repair,-,Lockheed L-188PF Electra,-,-,1961,-,-, 9Q-CGD, 1139,Filair,Unknown,-,-,-,-,-,-,-,-,-,-,-,-,-,-,-,-
19940799-2,-,xx-JUL-1994,-,A1, Landing (LDG),at an unknown location,Namibia,-,0, Damaged beyond repair,-,Douglas DC-6A,-,-,1955,-,-, V5-WAC, 44668/635,West Air Aviation,Unknown,-,-,-,-,-,-,-,-,-,-,-,0,0,-,-,-
19940801-0,Monday,01-AUG-1994,-,A1, Unknown (UNK),"Purnema, Arkhangelsk Region",Russia,17,0, Damaged beyond repair,-,Antonov An-2V,-,-,1972,-,-, RA-50582, 1G131-24,Arkhangelsk Aviation,Passenger,-,-,-,-,-,-,-,-,-,-,-,0,0,-,-,-
19940801-1,Monday,01-AUG-1994,-,A1, Takeoff (TOF),Eskisehir Airport (ESK),Turkey,3,0, Damaged beyond repair,-,Douglas C-47A-30-DK (DC-3),2,Pratt & Whitney R-1830-92,1944,-,-, 1-041, 25513/14068,Turkish AF,Military,-,Eskisehir Airport,ESK,LTBI,Turkey,-,-,-,-,-,-,0,0,-,-,-
19940801-2,Monday,01-AUG-1994,17:45,A2, Standing (STD),"Washington-Dulles International Airport, DC (IAD)",United States of America,53,0, Substantial, Repaired,de Havilland Canada DHC-8-311,-,-,-,-,6283.0, N433AW, 305,United Express,Domestic Scheduled Passenger,UE6578,Washington-Dulles International Airport,IAD,KIAD,United States of America,-,-,-,-,3,50,0,0,-,-,Final
19940801-4,Monday,01-AUG-1994,20:49,A2, Landing (LDG),Grenchen Airport (ZHI),Switzerland,4,0, Minor, Repaired,Cessna 500 Citation I,-,-,-,-,5235.0, VR-BLV, 500-0344,SANTOM,Private,-,Alghero-Fertilia Airport,AHO,LIEA,Italy,Grenchen Airport,ZHI,LSZG,Switzerland,1,3,0,0,-,-,Final
19940804-0,Thursday,04-AUG-1994,10:04,A2, Landing (LDG),Olyokminsk Airport,Russia,25,0, Substantial, Repaired,Antonov An-30,-,-,1975,-,-, RA-30037, 0707,Aeroflot,Domestic Scheduled Passenger,-,-,-,-,-,-,-,-,-,7,18,0,0,-,-,-
19940804-1,Thursday,04-AUG-1994,16:05,A1, Unknown (UNK),"1,6 km (1 mls) S of North Adams-Harriman-and-West Airport, MA)",United States of America,1,1, Destroyed, Written off (damaged beyond repair),Beechcraft A100 King Air,2,Pratt & Whitney Canada PT6A-28,1972,-,10426.0, N7GA, B-119,Westchester Air,Ferry/positioning,-,-,-,-,-,White Plains-Westchester County Airport,HPN,KHPN,United States of America,1,0,1,0,-,-,Final
19940805-0,Friday,05-AUG-1994,-,A1, Approach (APR),"5,2 km (3.3 mls) from  Bada Air Base",Russia,47,47, Damaged beyond repair,-,Antonov An-12,-,-,1970,-,-, registration unknown, 00347001,Russian AF,Military,-,-,-,-,-,-,-,-,-,6,41,6,41,-,-,-
19940806-0,Saturday,06-AUG-1994,-,O1, Standing (STD),at an unknown location,Hungary,0,0, Damaged beyond repair,-,Antonov An-2R,-,-,-,-,-, HA-MBT, 1G172-53,Ministry for Agriculture and Nutrition,-,-,-,-,-,-,-,-,-,-,0,0,0,0,-,-,-
19940807-0,Sunday,07-AUG-1994,-,H2, En route (ENR),Managua-Augusto C. Sandino Airport (MGA),Nicaragua,-,-, None,-,Boeing 737,-,-,-,-,-, registration unknown,-,COPA Panama,International Scheduled Passenger, 317,Guatemala City-La Aurora Airport,GUA,MGGT,Guatemala,Managua-Augusto C. Sandino Airport,MGA,MNMG,Nicaragua,-,78,-,-,-,-,-
19940808-0,Monday,08-AUG-1994,07:00,A1, Takeoff (TOF),"ca 0,9 km from Nairobi-Wilson Airport (WIL)",Kenya,3,0, Damaged beyond repair,-,Reims Cessna F406 Caravan II,2,Pratt & Whitney Canada PT6A-112,1986,-,-, 5Y-JJG, F406-0003,Tawakal Airlines,Cargo,-,Nairobi-Wilson Airport,WIL,HKNW,Kenya,Mogadishu International Airport,MGQ,HCMM,Somalia,2,1,0,0,-,-,-
19940810-0,Wednesday,10-AUG-1994,11:22,A1, Landing (LDG),Jeju (Cheju) International Airport (CJU),South Korea,160,0, Damaged beyond repair,-,Airbus A300B4-622R,2,Pratt & Whitney PW4158,1990,-,-, HL7296, 583,Korean Air,Domestic Scheduled Passenger,KE2033,Seoul-Gimpo (Kimpo) International Airport,SEL,RKSS,South Korea,Jeju (Cheju) International Airport,CJU,RKPC,South Korea,8,152,0,0,-,-,-
19940813-0,Saturday,13-AUG-1994,-,U1, Unknown (UNK),at an unknown location,Uzbekistan,-,-, Damaged beyond repair,-,Antonov An-24,-,-,-,-,-, registration unknown,-,Uzbekistan AF,Military,-,-,-,-,-,-,-,-,-,-,-,-,-,-,-,-
19940813-1,Saturday,13-AUG-1994,13:31,A1, Maneuvering (MNV),"ca 11 km S of Pearblossom, CA",United States of America,3,3, Destroyed, Written off (damaged beyond repair),Lockheed C-130A Hercules,4,Allison T56-A-9D,1957,-,20300.0, N135FF, 3148,Hemet Valley Flying Service,Fire fighting,-,Hemet-Ryan Field,HMT,KHMT,United States of America,Hemet-Ryan Field,HMT,KHMT,United States of America,3,0,3,0,-,-,Final
19940818-0,Thursday,18-AUG-1994,-,A1, Unknown (UNK),Verkhnya Tavda,Russia,-,-, Damaged beyond repair,-,Antonov An-2R,-,-,-,-,-, RA-40894, 1G215-31,Tyumenaviatrans,Unknown,-,-,-,-,-,-,-,-,-,-,-,-,-,-,-,-
19940818-1,Thursday,18-AUG-1994,10:58,A1, Landing (LDG),Monrovia-Sprigg Payne Airport (MLW),Liberia,85,0, Destroyed, Written off (damaged beyond repair),McDonnell Douglas DC-9-31,2,Pratt & Whitney JT8D-7,1968,-,62484.0, 5N-BBE, 45872/345,ADC Airlines,International Scheduled Passenger, 018,Freetown-Lungi International Airport,FNA,GFLL,Sierra Leone,Monrovia-Sprigg Payne Airport,MLW,GLMR,Liberia,11,74,0,0,-,-,Final
19940819-0,Friday,19-AUG-1994,13:08,A2, Landing (LDG),"Chicago-O'Hare International Airport, IL (ORD)",United States of America,267,0, Minor, Repaired,McDonnell Douglas MD-11C,3,General Electric CF6-80C2D1F,1992,-,9390.0, I-DUPO, 48429/500,Alitalia,International Scheduled Passenger,AZ664,Roma-Fiumicino Airport,FCO,LIRF,Italy,Chicago-O'Hare International Airport,ORD,KORD,United States of America,14,253,0,0,-,-,Final
19940820-0,Saturday,20-AUG-1994,02:10,A2, Taxi (TXI),"Helena Airport, MT (HLN)",United States of America,2,0, Substantial, Repaired,Beechcraft 99 Airliner,-,-,-,-,-, N14MV, U-59,Alpine Aviation,Cargo,-,Billings-Logan Field,BIL,KBIL,United States of America,Helena Airport,HLN,KHLN,United States of America,2,0,0,0,-,-,Final
19940821-1,Sunday,21-AUG-1994,18:50,A1, En route (ENR),near Tizounine,Morocco,44,44, Damaged beyond repair,-,ATR 42-312,2,Pratt & Whitney Canada PW120,1989,-,-, CN-CDT, 127,RAM,Domestic Scheduled Passenger, 630,Agadir-Al Massira International Airport,AGA,GMAA,Morocco,Casablanca-Mohamed V Airport,CMN,GMMN,Morocco,4,40,4,40,-,-,-
19940826-0,Friday,26-AUG-1994,02:35,A2, Takeoff (TOF),"New Orleans-Lakefront Airport, LA (NEW)",United States of America,7,0, Substantial, Repaired,Dassault Falcon 200,2,Garrett ATF3-6A-4C,-,-,3117.0, XA-SKO, 505,Aerocorp,Executive,-,New Orleans-Lakefront Airport,NEW,KNEW,United States of America,Acapulco-Alvarez International Airport,ACA,MMAA,Mexico,2,5,0,0,-,-,Final
19940827-0,Saturday,27-AUG-1994,-,A1, Maneuvering (MNV),Puerto Pisana,Peru,5,5, Damaged beyond repair,-,CASA C-212 Aviocar 200,-,-,1988,-,-, N119CA, 357,U.S. DEA,Survey/research,-,-,-,-,-,Pucallpa Airport,PCL,SPCL,Peru,2,3,2,3,-,-,-
19940827-1,Saturday,27-AUG-1994,08:25,A2, Landing (LDG),Istanbul-Atatürk Airport (IST),Turkey,176,0, Substantial, Repaired,Boeing 737-4Q8,2,CFMI CFM56-3C1,1994,-,-, TC-JEL, 26300/2604,THY,Domestic Scheduled Passenger, 413,Trabzon Airport,TZX,LTCG,Turkey,Istanbul-Atatürk International Airport,IST,LTBA,Turkey,8,168,0,0,-,-,-
19940902-0,Friday,02-SEP-1994,-,O1, Standing (STD),Aden International Airport (ADE),Yemen,-,0, Damaged beyond repair,-,British Aerospace 3216 Jetstream 32,-,-,1990,-,-, HB-AEB, 882,Zimex Aviation,-,-,-,-,-,-,-,-,-,-,-,-,0,0,-,-,-
19940908-0,Thursday,08-SEP-1994,19:03,A1, Approach (APR),"near Aliquippa, PA",United States of America,132,132, Destroyed, Written off (damaged beyond repair),Boeing 737-3B7,2,CFMI CFM56-3B2,1987,-,23846.0, N513AU, 23699/1452,USAir,Domestic Scheduled Passenger,US427,Chicago-O'Hare International Airport,ORD,KORD,United States of America,Pittsburgh International Airport,PIT,KPIT,United States of America,5,127,5,127,-,-,Final
19940908-1,Thursday,08-SEP-1994,08:05,A2, Takeoff (TOF),"Reno/Tahoe International Airport, NV (RNO)",United States of America,4,0, Substantial, Repaired,British Aerospace BAe-125-700A,-,-,1982,-,6319.0, N311NW, 257159/NA0311,Navellier Management,Executive,-,Reno/Tahoe International Airport,RNO,KRNO,United States of America,-,-,-,-,2,2,0,0,-,-,Final
19940908-2,Thursday,08-SEP-1994,06:00,A2, Taxi (TXI),"Burbank/Glendale/Pasadena Airport, CA (BUR)",United States of America,36,0, Substantial, Repaired,Canadair CL-600-2B19 Regional Jet CRJ-100LR,-,-,-,-,1463.0, N403SW, 7028,SkyWest Airlines,Domestic Scheduled Passenger,5967,Burbank/Glendale/Pasadena Airport,BUR,KBUR,United States of America,Salt Lake City International Airport,SLC,KSLC,United States of America,3,33,0,0,-,-,Final
19940909-1,Friday,09-SEP-1994,11:07,A1, Maneuvering (MNV),"Samoyliha, Shatura district",Russia,8,8, Destroyed, Written off (damaged beyond repair),Tupolev Tu-134AK,-,-,1979,-,-, RA-65760, 62187,MAP LII Zhukovski,"Aerial Work (Calibration, Photo)",-,-,-,-,-,-,-,-,-,5,3,5,3,-,-,-
19940910-0,Saturday,10-SEP-1994,-,O1, Standing (STD),"Brasilia International Airport, DF (BSB)",Brazil,-,0, Damaged beyond repair,-,Learjet 24D,2,General Electric CJ610-6,1973,-,-, PT-LAU, 24-239,Thor Taxi Aéreo,Unknown,-,-,-,-,-,-,-,-,-,-,-,0,0,-,-,-
19940913-0,Tuesday,13-SEP-1994,11:55,A1, Approach (APR),ca 14 km NE Abuja International Airport (ABV),Nigeria,5,2, Damaged beyond repair,-,de Havilland Canada DHC-6 Twin Otter 300,2,Pratt & Whitney Canada PT6A-27,1977,-,-, 5N-ATQ, 538,Aerocontractors,Domestic Non Scheduled Passenger,-,Lagos-Murtala Muhammed International Airport,LOS,DNMM,Nigeria,Abuja International Airport,ABV,DNAA,Nigeria,2,3,1,1,-,-,-
19940914-0,Wednesday,14-SEP-1994,-,H2, En route (ENR),Sana'a International Airport (SAH),Yemen,80,0, None,-,Boeing 737-2R4C,-,-,-,-,-, registration unknown,-,Alyemda,Domestic Scheduled Passenger,-,Aden International Airport,ADE,ODAA,Yemen,Sana'a International Airport,SAH,ODSN,Yemen,-,-,0,0,-,-,-
19940917-0,Saturday,17-SEP-1994,11:48,A1, Initial climb (ICL),"Fish Egg Inlet, BC",Canada,4,3, Damaged beyond repair,-,de Havilland Canada DHC-6 Twin Otter 100,2,Pratt & Whitney Canada PT6A-20,1967,-,-, C-FDMR,  36,Pacific Coastal,Domestic Non Scheduled Passenger,-,-,-,-,-,-,-,-,-,2,2,1,2,-,-,Final
19940917-1,Saturday,17-SEP-1994,-,C1, En route (ENR),off Taitung,Taiwan,4,4, Damaged beyond repair,-,Learjet 35A,2,Garrett TFE731-2-2B,1992,-,-, B-98181, 35A-675,Golden Eagle Aviation,Military,-,-,-,-,-,-,-,-,-,4,0,4,0,-,-,-
19940918-0,Sunday,18-SEP-1994,08:07,A1, Approach (APR),Tamanrasset-Aguemar Airport (TMR),Algeria,39,5, Destroyed, Written off (damaged beyond repair),BAC One-Eleven 515FB,2,Rolls-Royce Spey 512-14DW,1970,-,-, 5N-IMO, 229,Oriental Airlines,Int'l Non Scheduled Passenger,-,Tunis-Carthage Airport,TUN,DTTA,Tunisia,Tamanrasset-Aguemar Airport,TMR,DAAT,Algeria,7,32,3,2,-,-,Preliminary - official
19940919-0,Monday,19-SEP-1994,-,O1, Standing (STD),Rabaul-Lakunai Airfield (RAB),Papua New Guinea,0,0, Damaged beyond repair,-,Britten-Norman BN-2A-26 Islander,-,-,1974,-,-, P2-ALF, 395,Airlink,-,-,-,-,-,-,-,-,-,-,0,0,0,0,-,-,-
19940920-0,Tuesday,20-SEP-1994,-,A1, Takeoff (TOF),Oradea Airport (OMR),Romania,11,0, Damaged beyond repair,-,Antonov An-26,2,Ivchenko AI-24VT,1974,-,-, 508, 2508,Romanian AF,Military,-,Oradea Airport,OMR,LROD,Romania,Bucharest-Otopeni International Airport,OTP,LROP,Romania,6,5,0,0,-,-,-
19940923-0,Friday,23-SEP-1994,19:15,A1, Takeoff (TOF),"0,5 km (0.3 mls) S off  Hong Kong-Kai Tak International Airport (HKG)",Hong Kong,12,6, Destroyed, Written off (damaged beyond repair),Lockheed L-100-30 Hercules,4,Allison 501-D22A,1979,-,15223.0, PK-PLV, 4826,Pelita Air Service,Ferry/positioning,-,Hong Kong-Kai Tak International Airport,HKG,VHHH,Hong Kong,Jakarta-Halim Perdana Kusuma Airport,HLP,WIHH,Indonesia,6,6,3,3,-,-,Final
19940923-1,Friday,23-SEP-1994,06:35,A1, En route (ENR),"29 km (18.1 mls) from  Tarauacá, AC",Brazil,2,2, Damaged beyond repair,-,Embraer EMB-110EJ Bandeirante,-,-,1976,-,-, PT-GJY, 110087,Purus Aerotaxi,Ferry/positioning,-,Feijó Airport,FEJ,SNOU,Brazil,Tarauacá Airport,TRQ,SBTK,Brazil,2,0,2,0,-,-,Final
19940926-0,Monday,26-SEP-1994,17:38,A1, En route (ENR),41 km (25.6 mls) NNW of Vanavara,Russia,28,28, Damaged beyond repair,-,Yakovlev Yak-40,3,Ivchenko AI-25,1974,17220.0,22203.0, RA-87468, 9441337,Cheremshanka Airlines,Domestic Scheduled Passenger,-,Krasnoyarsk Airport,KJA,UNKL,Russia,-,-,-,-,4,24,4,24,-,-,-
19940926-1,Monday,26-SEP-1994,-,A2, Landing (LDG),Pontianak Airport (PNK),Indonesia,2,0, Substantial, Repaired,Vickers 843 Viscount,-,-,1964,-,-, PK-IVU, 456,Bouraq Indonesia,Unknown,-,-,-,-,-,Pontianak Airport,PNK,WIOO,Indonesia,2,0,0,0,-,-,Final
19940926-2,Monday,26-SEP-1994,-,A1, Takeoff (TOF),Bahia Negra Airport (BFA),Paraguay,29,1, Damaged beyond repair,-,Douglas C-47D,2,Pratt & Whitney R-1830-90,1945,-,-, 2009, 34346/17079,TAM Paraguay,Domestic Non Scheduled Passenger,-,-,-,-,-,Asunción-Silvio Pettirossi International Airport,ASU,SGAS,Paraguay,4,25,1,0,-,-,-
19940928-0,Wednesday,28-SEP-1994,19:49,A2, Landing (LDG),Auckland International Airport (AKL),New Zealand,2,0, Substantial, Repaired,Embraer EMB-110P1 Bandeirante,2,Pratt & Whitney Canada PT6A-34,1980,-,-, ZK-KIP, 110286,Air New Zealand Link,Domestic Scheduled Passenger, 908,Hamilton Airport,HLZ,NZHN,New Zealand,Auckland International Airport,AKL,NZAA,New Zealand,2,0,0,0,-,-,Final
19940929-0,Thursday,29-SEP-1994,11:36,A1, En route (ENR),Elista Airport (ESL),Russia,24,0, Damaged beyond repair,-,Antonov An-8,-,-,1960,6880.0,14447.0, RA-59504, OE-3480,MAP Kaluga Motors,Cargo,-,Elista Airport,ESL,URWI,Russia,Kaluga-Grabtsevo Airport,KLF,UUBC,Russia,6,18,0,0,-,-,-
19940929-1,Thursday,29-SEP-1994,20:58,A1, Takeoff (TOF),"2 km (1.3 mls) N of Córdoba-Pajas Blancas Airport, CD (COR)",Argentina,9,8, Damaged beyond repair,-,Rockwell 1121B Jet Commander,2,General Electric CJ610-9,-,-,-, LV-WEN, 126,Radeair,Domestic Non Scheduled Passenger,-,Córdoba-Pajas Blancas Airport,COR,SACO,Argentina,-,-,-,-,2,7,1,7,-,-,Final
19940930-0,Friday,30-SEP-1994,11:10,A1, Takeoff (TOF),Chaybukha,Russia,20,8, Damaged beyond repair,-,Antonov An-8,-,-,1960,5815.0,15611.0, RA-27209, OA-3460,MAP Arsenyev,Cargo,-,-,-,-,-,-,-,-,-,7,13,5,3,-,-,-
19940999-0,-,xx-SEP-1994,-,U1, Unknown (UNK),at an unknown location,Guyana,-,-, Damaged beyond repair,-,Britten-Norman BN-2A-27 Islander,-,-,1971,-,-, 8R-GGU, 251,Kayman Sankar Aviation,Unknown,-,-,-,-,-,-,-,-,-,-,-,-,-,-,-,-
19941001-0,Saturday,01-OCT-1994,09:20,A2, Taxi (TXI),München-Franz Josef Strauss Airport (MUC),Germany,-,0, Substantial, Repaired,McDonnell Douglas DC-9-83 (MD-83),2,Pratt & Whitney JT8D-219,1988,-,-, SX-BAQ, 49710/1547,Venus Airlines,International Scheduled Passenger,-,München-Franz Josef Strauss Airport,MUC,EDDM,Germany,Athens-Ellinikon International Airport,ATH,LGAT,Greece,-,-,0,0,-,-,-
19941005-0,Wednesday,05-OCT-1994,-,A2, Landing (LDG),Denpasar-Ngurah Rai Bali International Airport (DPS),Indonesia,3,0, Substantial,-,IPTN/CASA CN-235-10,-,-,1990,-,-, PK-MNL, N.011,Merpati Nusantara,Training,-,Denpasar-Ngurah Rai Bali International Airport,DPS,WADD,Indonesia,Denpasar-Ngurah Rai Bali International Airport,DPS,WADD,Indonesia,3,0,0,0,-,-,Preliminary - official
19941008-0,Saturday,08-OCT-1994,15:45,A1, Landing (LDG),Mitú Airport (MVP),Colombia,5,0, Damaged beyond repair,-,Antonov An-32B,2,Ivchenko AI-20D,-,-,-, HK-3929X, 3301,SELVA Colombia,Cargo,-,Villavicencio-La Vanguardia Airport,VVC,SKVV,Colombia,Mitú Airport,MVP,SKMU,Colombia,-,-,0,0,-,-,-
19941009-0,Sunday,09-OCT-1994,17:42,A1, Landing (LDG),"São Paulo-Guarulhos International Airport, SP (GRU)",Brazil,5,0, Damaged beyond repair,-,Boeing 707-324C,4,Pratt & Whitney JT3D-3B (HK),1965,-,-, HK-3355X, 18886/430,TAMPA Colombia,Cargo,-,São Paulo/Campinas-Viracopos International Airport,VCP,SBKP,Brazil,Santa Cruz-Viru Viru International Airport,VVI,SLVR,Bolivia,5,0,0,0,-,-,Final
19941012-0,Wednesday,12-OCT-1994,23:05,A1, En route (ENR),near Natanz,Iran,66,66, Damaged beyond repair,-,Fokker F-28 Fellowship 1000,-,-,1973,-,-, EP-PAV, 11070,Iran Aseman Airlines,Domestic Scheduled Passenger, 746,Isfahan-Shahid Beheshti Airport,IFN,OIFM,Iran,Tehran-Mehrabad Airport,THR,OIII,Iran,7,59,7,59,-,-,-
19941014-0,Friday,14-OCT-1994,19:00,A1, En route (ENR),"Formosa do Rio Preto, BA",Brazil,21,21, Damaged beyond repair,-,Lockheed C-130E Hercules,-,-,1968,-,-, 2460, 4293,Brazilian AF,Military,-,Rio de Janeiro-Galeão International Airport,GIG,SBGL,Brazil,Belém/Val-de-Cans International Airport,BEL,SBBE,Brazil,6,15,6,15,-,-,-
19941016-0,Sunday,16-OCT-1994,-,A1, Unknown (UNK),within Huánuco,Peru,3,3, Damaged beyond repair,-,Antonov An-2,-,-,-,-,-, OB-1542,-,Unknown,Illegal Flight,-,-,-,-,-,-,-,-,-,-,-,-,-,-,-,-
19941019-0,Wednesday,19-OCT-1994,12:21,A2, Landing (LDG),"Sydney-Kingsford Smith Airport, NS (SYD)",Australia,274,0, Substantial, Repaired,Boeing 747-312,4,Pratt & Whitney JT9D-7R4G2,1983,-,51372.0, VH-INH, 23026/580,Ansett Australia,International Scheduled Passenger, 881,Sydney-Kingsford Smith International Airport,SYD,YSSY,Australia,Osaka-Kansai International Airport,KIX,RJBB,Japan,21,253,0,0,-,-,Final
19941022-0,Saturday,22-OCT-1994,-,H2, En route (ENR),"Itaituba Airport, PA (ITB)",Brazil,-,0, None,-,de Havilland Canada DHC-8-300,-,-,-,-,-, registration unknown,-,TABA,Domestic Scheduled Passenger,-,Itaituba Airport,ITB,SBIH,Brazil,Belém/Val-de-Cans International Airport,BEL,SBBE,Brazil,-,33,0,0,-,-,-
19941022-1,Saturday,22-OCT-1994,-,O1, Standing (STD),Bangkok International Airport (BKK),Thailand,-,0, Damaged beyond repair,-,Airbus A300B4-103,2,General Electric CF6-50C2,1979,-,-, HS-THO, 072,Thai Airways International,-,-,-,-,-,-,-,-,-,-,-,-,0,0,-,-,-
19941023-0,Sunday,23-OCT-1994,-,A1, Takeoff (TOF),Vorkuta Airport (VKT),Russia,34,0, Damaged beyond repair,-,Antonov An-72,2,Lotarev D-36,1991,-,-, RA-72960, 36572093865,Federal Border Guard,Non Scheduled Passenger,-,Vorkuta Airport,VKT,UUYW,Russia,-,-,-,-,5,29,0,0,-,-,-
19941027-0,Thursday,27-OCT-1994,06:52,H1, Standing (STD),Makhachkala Airport (MCX),Russia,1,1, Damaged beyond repair,-,Yakovlev Yak-40,3,Ivchenko AI-25,1977,-,-, RA-88254, 9710952,Donavia,Domestic Scheduled Passenger,-,Makhachkala Airport,MCX,URML,Russia,Rostov Airport,ROV,URRR,Russia,0,1,0,1,-,-,-
19941027-1,Thursday,27-OCT-1994,-,H2, Standing (STD),Moskva-Vnukovo Airport (VKO),Russia,164,0, None,-,Tupolev Tu-154,-,-,-,-,-, registration unknown,-,Aeroflot,Domestic Scheduled Passenger,-,Moskva-Vnukovo Airport,VKO,UUWW,Russia,Mineralnye Vody Airport,MRV,URMM,Russia,-,-,0,0,-,-,-
19941029-0,Saturday,29-OCT-1994,21:30,A1, Approach (APR),"2,1 km (1.3 mls) from  Ust-Ilimsk Airport (UIK)",Russia,23,23, Damaged beyond repair,-,Antonov An-12A,4,Ivchenko AI-20K,1961,3966.0,7748.0, RA-11790, 1400302,Aeronika,Cargo,-,Yuzhno-Sakhalinsk Airport,UUS,UHSS,Russia,Ust-Ilimsk Airport,UIK,UIBS,Russia,9,14,9,14,-,-,-
19941029-1,Saturday,29-OCT-1994,10:32,A1, Takeoff (TOF),Batagay,Russia,19,7, Damaged beyond repair,-,Antonov An-2R,-,-,1986,-,-, RA-33008, 1G217-55,Yakutavia,Domestic Scheduled Passenger,-,-,-,-,-,-,-,-,-,2,17,0,7,-,-,-
19941031-1,Monday,31-OCT-1994,15:59,A1, Approach (APR),"near Roselawn, IN",United States of America,68,68, Destroyed, Written off (damaged beyond repair),ATR 72-212,2,Pratt & Whitney Canada PW127,1994,1671.0,1352.0, N401AM, 401,American Eagle,Domestic Scheduled Passenger,4184,Indianapolis International Airport,IND,KIND,United States of America,Chicago-O'Hare International Airport,ORD,KORD,United States of America,4,64,4,64,-,-,Final
19941099-0,-,xx-OCT-1994,-,A1, Landing (LDG),Khartoum-Civil Airport (KRT),Sudan,2,0, Damaged beyond repair,-,North American T-39A Sabreliner,2,Pratt & Whitney JT12A-6A Turbo Wasp,-,-,-, N7143N, 265-70,Private,Test,-,Khartoum-Civil Airport,KRT,HSSS,Sudan,Khartoum-Civil Airport,KRT,HSSS,Sudan,2,0,0,0,-,-,-
19941103-0,Thursday,03-NOV-1994,-,H2, En route (ENR),Oslo-Gardermoen Airport (GEN),Norway,126,0, None,-,McDonnell Douglas DC-9-80 (MD-80),-,-,-,-,-, registration unknown,-,SAS,Domestic Scheduled Passenger,SK347,Bardufoss Airport,BDU,ENDU,Norway,Bodø Airport,BOO,ENBO,Norway,6,120,0,0,-,-,-
19941103-1,Thursday,03-NOV-1994,06:57,A2, Landing (LDG),Kajaani Airport (KAJ),Finland,171,0, Substantial, Repaired,McDonnell Douglas DC-9-83 (MD-83),2,Pratt & Whitney JT8D-219,1987,-,16653.0, F-GHED, 49576/1422,Air Liberté Tunisie,Int'l Non Scheduled Passenger,-,Monastir-Habib Bourguiba International Airport,MIR,DTMB,Tunisia,Kajaani Airport,KAJ,EFKI,Finland,7,164,0,0,-,-,Final
19941104-0,Friday,04-NOV-1994,11:25,A2, Landing (LDG),"Anchorage International Airport, AK (ANC)",United States of America,2,0, Substantial, Repaired,McDonnell Douglas MD-11F,3,General Electric CF6-80C2D1F,1993,-,3974.0, N611FE, 48604/553,FedEx,Cargo,016,Osaka-Kansai International Airport,KIX,RJBB,Japan,Anchorage International Airport,ANC,PANC,United States of America,2,0,0,0,-,-,Final
19941104-2,Friday,04-NOV-1994,-,A1, En route (ENR),near Nabire,Indonesia,4,4, Damaged beyond repair,-,de Havilland Canada DHC-6 Twin Otter 100,2,Pratt & Whitney Canada PT6A-20,1967,-,-, PK-YNM,  55,Trigana Air Service,Cargo,-,Nabire Airport,NBX,WABI,Indonesia,-,-,-,-,2,2,2,2,-,-,-
19941105-0,Saturday,05-NOV-1994,-,A1, Landing (LDG),Saposoa Airport (SQU),Peru,31,6, Damaged beyond repair,-,Yakovlev Yak-40,3,Ivchenko AI-25,1972,-,-, OB-1569, 9141020,Servicios Aéreos Amazonicos,Domestic Scheduled Passenger,-,Trujillo Airport,TRU,SPRU,Peru,Saposoa Airport,SQU,SPOA,Peru,5,26,1,5,-,-,-
19941106-0,Sunday,06-NOV-1994,12:57,A1, En route (ENR),75 km (46.9 mls) SE of Zyryanka,Russia,9,0, Damaged beyond repair,-,Antonov An-26,-,-,1971,8210.0,12364.0, RA-88286, 0802,KiT,Cargo,9390,Lensk Airport,ULK,UERL,Russia,-,-,-,-,5,4,0,0,-,-,-
19941109-0,Wednesday,09-NOV-1994,14:12,A1, Landing (LDG),"Rio de Janeiro-Santos Dumont Airport, RJ (SDU)",Brazil,5,0, Damaged beyond repair,-,Learjet 55,-,-,1984,-,-, PT-LIG, 55-111,Líder Táxi Aéreo,Domestic Non Scheduled Passenger,-,-,-,-,-,Rio de Janeiro-Santos Dumont Airport,SDU,SBRJ,Brazil,2,3,0,0,-,-,-
19941112-0,Saturday,12-NOV-1994,-,A1, Landing (LDG),Huambo-Albano Machado Airport (NOV),Angola,10,0, Damaged beyond repair,-,Beechcraft 200 Super King Air,-,-,1990,-,-, D2-EOJ, BB-1371,Endiama,Private,-,-,-,-,-,Huambo-Albano Machado Airport,NOV,FNHU,Angola,2,8,0,0,-,-,-
19941113-0,Sunday,13-NOV-1994,-,H2, En route (ENR),Palma de Mallorca Airport (PMI),Spain,38,0, None,-,Fokker F-27 Friendship 400M,-,-,1977,-,-, 7T-VRK, 10553,Air Algérie,Domestic Scheduled Passenger,-,Algiers-Houari Boumediene Airport,ALG,DAAG,Algeria,Ouargla-Ain Beida Airport,OGX,DAUU,Algeria,4,34,0,0,-,-,-
19941113-1,Sunday,13-NOV-1994,13:30,A2, Takeoff (TOF),"Córdoba-Pajas Blancas Airport, CD (COR)",Argentina,43,0, Substantial, Repaired,Fairchild F-27F,-,-,-,-,-, N990H, 99,Aerosur Patagonia,Domestic Non Scheduled Passenger,-,Córdoba-Pajas Blancas Airport,COR,SACO,Argentina,Salta Airport,SLA,SASA,Argentina,2,41,0,0,-,-,-
19941116-0,Wednesday,16-NOV-1994,02:40,A1, En route (ENR),"Avenal, CA",United States of America,1,1, Destroyed, Written off (damaged beyond repair),Beechcraft C99 Commuter,2,Pratt & Whitney Canada PT6A-36,1981,-,20031.0, N63995, U-178,Ameriflight,Cargo,-,Burbank/Glendale/Pasadena Airport,BUR,KBUR,United States of America,Oakland International Airport,OAK,KOAK,United States of America,1,0,1,0,-,-,Final
19941117-0,Thursday,17-NOV-1994,-,A2, En route (ENR),"near Canobie, QLD",Australia,-,0, Substantial, Repaired,Beechcraft 300LW Super King Air,-,-,1988,-,-, VH-KDV, 	FA-165,Executive Air,Domestic Non Scheduled Passenger,-,-,-,-,-,Canobie Airport,CBY,YCBE,Australia,-,-,0,0,-,-,Final
19941118-0,Friday,18-NOV-1994,-,O1, Landing (LDG),Budapest-Ferihegy Airport (BUD),Hungary,-,0, Damaged beyond repair,-,Tupolev Tu-134A-3,-,-,1971,-,-, HA-LBK, 1351302,Malev,Training,-,Budapest-Ferihegy Airport,BUD,LHBP,Hungary,Budapest-Ferihegy Airport,BUD,LHBP,Hungary,-,0,0,0,-,-,-
19941121-0,Monday,21-NOV-1994,-,A1, Landing (LDG),Paris-Le Bourget Airport (LBG),France,3,0, Damaged beyond repair,-,Dassault Falcon 10,-,-,1978,-,-, TC-ATI, 132,Top Air,Test,-,-,-,-,-,Paris-Le Bourget Airport,LBG,LFPB,France,3,0,0,0,-,-,-
19941122-0,Tuesday,22-NOV-1994,22:03,A2, Takeoff (TOF),"Saint Louis-Lambert International Airport, MO (STL)",United States of America,140,0, Substantial, Repaired,McDonnell Douglas DC-9-82 (MD-82),2,Pratt & Whitney JT8D-217A,1988,-,21438.0, N954U, 49426/1399,TWA,Domestic Scheduled Passenger,TW427,Saint Louis-Lambert International Airport,STL,KSTL,United States of America,Denver-Stapleton International Airport,DEN,KDEN,United States of America,8,132,0,0,2,-,Final
19941122-1,Tuesday,22-NOV-1994,11:40,A1, En route (ENR),54 km (33.8 mls) ESE of Tabubil,Papua New Guinea,7,7, Damaged beyond repair,-,IRMA/Britten-Norman BN-2A-20 Islander,-,-,1977,-,-, P2-SWC, 835,Southwest Air,Domestic Scheduled Passenger,-,Selbang Airport,SBC,AYSO,Papua New Guinea,-,-,-,-,1,6,1,6,-,-,-
19941122-2,Tuesday,22-NOV-1994,00:25,A2, Standing (STD),"Miami International Airport, FL (MIA)",United States of America,5,0, Substantial, Repaired,Boeing 727-23,-,-,-,-,59000.0, HC-BRF, 19388/340,AECA,Cargo,-,Miami International Airport,MIA,KMIA,United States of America,Guayaquil-Simon Bolivar Airport,GYE,SEGU,Ecuador,3,2,0,0,-,-,Final
19941124-0,Thursday,24-NOV-1994,-,H2, En route (ENR),Tallinn-Ulemiste Airport (TLL),Estonia,70,0, None,-,Tupolev Tu-134,-,-,-,-,-, RA-65615 ?,-,Komi Avia,Domestic Scheduled Passenger,-,Syktyvkar Airport,SCW,UUYY,Russia,Saint Petersburg-Pulkovo Airport,LED,ULLI,Russia,9,61,0,0,-,-,-
19941124-2,Thursday,24-NOV-1994,00:01,A1, Takeoff (TOF),Rothera Research Station,Antarctica,4,4, Damaged beyond repair,-,de Havilland Canada DHC-6 Twin Otter 300,2,Pratt & Whitney Canada PT6A-27,1971,-,-, C-GKBD, 314,Kenn Borek Air,Ferry/positioning,-,-,-,-,-,-,-,-,-,2,2,2,2,-,-,-
19941124-3,Thursday,24-NOV-1994,-,A1, Takeoff (TOF),Puerto la Victoria Airport (PCJ),Paraguay,3,0, Damaged beyond repair,-,Douglas C-47B,-,-,1945,-,-, 2028, 33415/16667,TAM Paraguay,Cargo,-,-,-,-,-,Asunción-Silvio Pettirossi International Airport,ASU,SGAS,Paraguay,3,0,0,0,-,-,-
19941125-1,Friday,25-NOV-1994,05:49,A2, Landing (LDG),"Tulsa International Airport, OK (TUL)",United States of America,2,0, Substantial, Repaired,Boeing 757-24APF,2,Pratt & Whitney PW2040,1988,-,8830.0, N413UP, 23853/195,UPS,Cargo,UP732,Louisville-Standiford Field,SDF,KSDF,United States of America,Tulsa International Airport,TUL,KTUL,United States of America,2,0,0,0,-,-,Final
19941126-1,Saturday,26-NOV-1994,11:02,A1, Pushback / towing (PBT),"Houston-Intercontinental Airport, TX (IAH)",United States of America,2,0, Damaged beyond repair,-,Boeing 737-2C0,2,Pratt & Whitney JT8D-9A,1969,-,-, N11244, 20073/142,Continental Air Lines,-,-,-,-,-,-,-,-,-,-,2,0,0,0,-,-,Final
19941130-0,Wednesday,30-NOV-1994,18:45,A1, Landing (LDG),Semarang-Achmad Yani Airport (SRG),Indonesia,85,0, Damaged beyond repair,-,Fokker F-28 Fellowship 4000,-,-,1984,-,-, PK-GKU, 11210,Merpati Nusantara,Domestic Scheduled Passenger,MZ422,Jakarta-Soekarno-Hatta International Airport,CGK,WIII,Indonesia,Semarang-Achmad Yani Airport,SRG,WARS,Indonesia,6,79,0,0,-,-,-
19941130-1,Wednesday,30-NOV-1994,-,O1, Standing (STD),Grozny Airport (GRV),Russia,0,0, Damaged beyond repair,-,Tupolev Tu-134A-3,-,-,1975,-,-, 65858, 23256,Aeroflot / North Kavkaz,-,-,-,-,-,-,-,-,-,-,0,0,0,0,-,-,-
19941130-2,Wednesday,30-NOV-1994,-,O1, Standing (STD),Grozny Airport (GRV),Russia,0,0, Damaged beyond repair,-,Tupolev Tu-134A-3,-,-,1976,-,-, 65030, 48520,Stigl,-,-,-,-,-,-,-,-,-,-,0,0,0,0,-,-,-
19941130-3,Wednesday,30-NOV-1994,-,O1, Standing (STD),Grozny Airport (GRV),Russia,0,0, Damaged beyond repair,-,Tupolev Tu-134A-3,-,-,1976,-,-, 65014, 46200,Stigl,-,-,-,-,-,-,-,-,-,-,0,0,0,0,-,-,-
19941130-4,Wednesday,30-NOV-1994,-,O1, Standing (STD),Grozny Airport (GRV),Russia,0,0, Damaged beyond repair,-,Tupolev Tu-134A-3,-,-,1977,-,-, 65075, 49998,Stigl,-,-,-,-,-,-,-,-,-,-,0,0,0,0,-,-,-
19941130-6,Wednesday,30-NOV-1994,-,O1, Standing (STD),Grozny Airport (GRV),Russia,0,0, Damaged beyond repair,-,Tupolev Tu-134A,-,-,1975,-,-, 65896, 42200,Stigl,-,-,-,-,-,-,-,-,-,-,0,0,0,0,-,-,-
19941202-0,Friday,02-DEC-1994,03:48,A1, En route (ENR),"320 km (200 mls) NE off  Majuro, Marshall Islands",Pacific Ocean,1,0, Damaged beyond repair,-,IRMA/Pilatus Britten-Norman BN-2B-20 Islander,2,Lycoming IO-540-K1B5,1989,-,-, N16VM, 2204,Trans Island Air,Ferry/positioning,-,Majuro-Amata Kabua International Airport,MAJ,PKMJ,Marshall Islands,Honolulu International Airport,HNL,PHNL,United States of America,1,0,0,0,-,-,Final
19941204-0,Sunday,04-DEC-1994,05:02,A1, Initial climb (ICL),"1,5 km (0.9 mls) S of Oslo-Gardermoen Airport (OSL)",Norway,1,1, Damaged beyond repair,-,Cessna 208B Grand Caravan,1,Pratt & Whitney Canada PT6A-114A,1992,-,2193.0, LN-PBC, 208B0310,Air Team,Cargo,-,Oslo-Gardermoen Airport,OSL,ENGM,Norway,Bergen-Flesland Airport,BGO,ENBR,Norway,1,0,1,0,-,-,Final
19941205-0,Monday,05-DEC-1994,-,H2, En route (ENR),Aden International Airport (ADE),Yemen,15,0, None,-,Let L-410UVP-E,2,Walter M-601E,1991,-,-, J2-KBE, 912538,Puntavia,International Scheduled Passenger, 811,-,-,-,-,Djibouti-Ambouli Airport,JIB,HDAM,Djibouti,2,13,0,0,-,-,-
19941205-1,Monday,05-DEC-1994,12:23,A1, Landing (LDG),Nuuk Airport (GOH),Greenland,2,0, Damaged beyond repair,-,Dornier Do 28D-2 Skyservant,-,-,-,-,-, D-IDNG, 4112,Unknown,Ferry/positioning,-,Reykjavík Domestic Airport,RKV,BIRK,Iceland,Goose Bay Airport,YYR,CYYR,Canada,1,1,0,0,-,-,-
19941206-0,Tuesday,06-DEC-1994,-,A1, Takeoff (TOF),Dundo Airport (DUE),Angola,6,0, Damaged beyond repair,-,Antonov An-8,-,-,-,-,-, D2-FVA, 0G3450,Von Haaf Air,Ferry/positioning,-,Dundo Airport,DUE,FNDU,Angola,Luanda-4 de Fevereiro Airport,LAD,FNLU,Angola,-,-,0,0,-,-,-
19941208-0,Thursday,08-DEC-1994,10:40,A1, Landing (LDG),Oyem Airport (OYE),Gabon,21,0, Damaged beyond repair,-,ATR 72-202,2,Pratt & Whitney Canada PW124B,1992,-,-, F-OHOC, 318,Air Gabon,Domestic Scheduled Passenger,-,Bitam Airport,BMM,FOOB,Gabon,Oyem Airport,OYE,FOGO,Gabon,4,17,0,0,-,-,-
19941211-5,Sunday,11-DEC-1994,11:45,C2, En route (ENR),near Minami-Daito Island,Japan,293,1, Substantial, Repaired,Boeing 747-283B,-,-,1979,-,-, EI-BWF, 21575/358,Philippine Air Lines,International Scheduled Passenger, 434,Cebu Airport,CEB,RPVM,Philippines,Tokyo-Narita Airport,NRT,RJAA,Japan,20,273,0,1,-,-,- (No safety board investigation)
19941213-0,Tuesday,13-DEC-1994,18:34,A1, Approach (APR),"7,4 km (4.6 mls) SW of Raleigh/Durham Airport, NC (RDU)",United States of America,20,15, Destroyed, Written off (damaged beyond repair),British Aerospace 3201 Jetstream 32,2,Garrett TPE331-12,1990,-,6577.0, N918AE, 918,American Eagle,Domestic Scheduled Passenger,3379,Greensboro/High Point-Piedmont Triad International Airport,GSO,KGSO,United States of America,Raleigh/Durham Airport,RDU,KRDU,United States of America,2,18,2,13,-,-,Final
19941214-0,Wednesday,14-DEC-1994,23:59,A1, Takeoff (TOF),Moskva-Sheremetyevo Airport (SVO),Russia,7,1, Damaged beyond repair,-,Learjet 35A,2,Garrett TFE731-2-2B,1977,-,-, D-CATY, 35A-114,Air Charter,Domestic Non Scheduled Passenger,-,Moskva-Sheremetyevo Airport,SVO,UUEE,Russia,Magnitogorsk Airport,MQF,USCM,Russia,3,4,1,0,-,-,-
19941214-1,Wednesday,14-DEC-1994,11:46,A1, Approach (APR),"Fresno, CA",United States of America,2,2, Destroyed, Written off (damaged beyond repair),Learjet 35A,2,Garrett TFE731-2-2B,1979,5254.0,6673.0, N521PA, 35A-239,Phoenix Air,Military,-,Fresno Air Terminal,FAT,KFAT,United States of America,Fresno Air Terminal,FAT,KFAT,United States of America,2,0,2,0,-,-,Final
19941215-0,Thursday,15-DEC-1994,06:15,A1, Takeoff (TOF),Lobito Airport,Angola,2,2, Damaged beyond repair,-,Basler BT-67 Turbo 67 (DC-3T),2,Pratt & Whitney Canada PT6A-67R,1944,-,-, N96BF, 13321,SL Aviation Services,Cargo,-,-,-,-,-,-,-,-,-,2,0,2,0,-,-,-
19941215-1,Thursday,15-DEC-1994,-,H2, En route (ENR),unknown location,Brazil,9,0, None,-,Embraer EMB-110 Bandeirante,-,-,-,-,-, registration unknown,-,TABA,Domestic Scheduled Passenger,-,Carauari Airport,CAF,SWCA,Brazil,Manaus-Eduardo Gomes International Airport,MAO,SBEG,Brazil,2,7,0,0,-,-,-
19941215-2,Thursday,15-DEC-1994,10:50,A2, Takeoff (TOF),"Farmington Municipal Airport, NM (FMN)",United States of America,15,0, Substantial, Repaired,Beechcraft 1900D,-,-,-,-,4314.0, N39ZV, UE-39,United Express,Domestic Scheduled Passenger,UE7549,Farmington Municipal Airport,FMN,KFMN,United States of America,Durango-La Plata Airport,DRO,KDRO,United States of America,2,13,0,0,-,-,Final
19941217-0,Saturday,17-DEC-1994,13:20,A1, En route (ENR),28 km (17.5 mls) E of Olsobip,Papua New Guinea,28,28, Damaged beyond repair,-,de Havilland Canada DHC-6 Twin Otter 200,2,Pratt & Whitney Canada PT6A-20,1968,-,-, P2-MFS, 187,MAF PNG,Domestic Scheduled Passenger,-,Tabubil Airport,TBG,AYTB,Papua New Guinea,Selbang Airport,SBC,AYSO,Papua New Guinea,2,26,2,26,-,-,-
19941217-1,Saturday,17-DEC-1994,10:30,A1, Approach (APR),Cerro Aicha,Venezuela,9,7, Damaged beyond repair,-,Douglas C-47A-10-DK Dakota 3,-,-,1944,-,-, YV-761C, 12476,Servivensa,Cargo,-,-,-,-,-,-,-,-,-,3,6,3,4,-,-,-
19941219-2,Monday,19-DEC-1994,18:06,A1, En route (ENR),near Kiri Kasama,Nigeria,5,3, Damaged beyond repair,-,Boeing 707-3F9C,4,Pratt & Whitney JT3D-3C,1972,-,31477.0, 5N-ABK, 20669/864,Nigeria Airways,Cargo,9805,Jeddah-King Abdulaziz International Airport,JED,OEJN,Saudi Arabia,Kano-Aminu Kano International Airport,KAN,DNKN,Nigeria,3,2,1,2,-,-,Final
19941221-0,Wednesday,21-DEC-1994,09:53,A1, Approach (APR),"1,7 km (1.1 mls) NE of Coventry-Baginton Airport (CVT)",United Kingdom,5,5, Destroyed, Written off (damaged beyond repair),Boeing 737-2D6C,2,Pratt & Whitney JT8D-9,1973,-,45633.0, 7T-VEE, 20758/322,Air Algérie,Cargo, 702P,East Midlands Airport,EMA,EGNX,United Kingdom,Coventry-Baginton Airport,CVT,EGBE,United Kingdom,5,0,5,0,-,-,Final
19941221-1,Wednesday,21-DEC-1994,-,A1, Takeoff (TOF),"Buenos Aires-Jorge Newbery Airport, BA (AEP)",Argentina,2,0, Damaged beyond repair,-,North American Sabreliner 40,-,-,1964,-,-, N747E, 282-22,Corporate Flight,Cargo,-,Buenos Aires-Jorge Newbery Airport,AEP,SABE,Argentina,-,-,-,-,2,0,0,0,-,-,-
19941222-1,Thursday,22-DEC-1994,07:00,A1, Takeoff (TOF),Guayaramerin Airport (GYA),Bolivia,40,0, Damaged beyond repair,-,Fokker F-27 Friendship 600,-,-,1979,-,-, CP-2165, 10592,LAB,Domestic Scheduled Passenger,-,Guayaramerín Airport,GYA,SLGY,Bolivia,San Joaquin Airport,SJB,SLJO,Bolivia,4,36,0,0,-,-,Preliminary
19941223-0,Friday,23-DEC-1994,-,H2, En route (ENR),Xiamen Airport (XMN),China,64,0, None,-,Yakovlev Yak-42,3,Lotarev D-36,-,-,-, registration unknown,-,Tongyong Airlines,Domestic Scheduled Passenger,-,Xiamen Airport,XMN,ZSAM,China,Nanjing Dajiaochang Airport,NKG,ZSNJ,China,11,53,0,0,-,-,-
19941223-1,Friday,23-DEC-1994,-,A1, Unknown (UNK),Vrede,South Africa,-,-, Damaged beyond repair,-,Beechcraft B100 King Air,-,-,1979,-,-, ZS-MSG, BE-75,Unknown,Unknown,-,-,-,-,-,-,-,-,-,-,-,-,-,-,-,Preliminary
19941226-0,Monday,26-DEC-1994,17:00,H1, Standing (STD),Marseille-Provence Airport (MRS),France,170,7, Damaged beyond repair,-,Airbus A300B2-1C,2,General Electric CF6-50C2R,1980,20155.0,22651.0, F-GBEC, 104,Air France,International Scheduled Passenger,AF8969,Algiers-Houari Boumediene Airport,ALG,DAAG,Algeria,Paris-Orly Airport,ORY,LFPO,France,-,-,0,7,-,-,-
19941229-0,Thursday,29-DEC-1994,15:30,A1, Approach (APR),4 km (2.5 mls) from  Van Airport (VAN),Turkey,76,57, Damaged beyond repair,-,Boeing 737-4Y0,2,CFMI CFM56-3C1,1992,-,-, TC-JES, 26074/2376,THY,Domestic Scheduled Passenger, 278,Ankara-Esenboga Airport,ESB,LTAC,Turkey,Van Airport,VAN,LTCI,Turkey,7,69,5,52,-,-,-
19941231-0,Saturday,31-DEC-1994,-,A1, Initial climb (ICL),near Trinidad,Bolivia,-,-, Damaged beyond repair,-,Lockheed C-130B Hercules,4,Allison T56-A-7,1960,-,-, TAM67, 3581,Bolivian AF,Military,-,Trinidad Airport,TDD,SLTR,Bolivia,-,-,-,-,-,-,-,-,-,-,-
19941231-1,Saturday,31-DEC-1994,-,A1, Landing (LDG),Sarajevo Airport (SJJ),Bosnia and Herzegovina,-,0, Damaged beyond repair,-,Ilyushin Il-76TD,-,-,1991,438.0,1275.0, EW-76836, 1013409305,Belair,Cargo,-,Luxembourg-Findel Airport,LUX,ELLX,Luxembourg,Sarajevo Airport,SJJ,LQSA,Bosnia and Herzegovina,-,-,0,0,-,-,-
19949999-0,-,xx-xxx-1994,-,A1, Unknown (UNK),Quelimane Airport (UEL),Mozambique,-,-, Damaged beyond repair,-,Antonov An-26,-,-,-,-,-, 038,-,Mozambique AF,Military,-,-,-,-,-,-,-,-,-,-,-,-,-,-,-,-
19949999-2,-,xx-xxx-1994,-,A1, Unknown (UNK),U-Tapao Airport (UTP) ?,Thailand,-,-, Damaged beyond repair,-,GAF Nomad N.24A,-,-,1982,-,-, 121212, 121,Thai Navy,Military,-,-,-,-,-,-,-,-,-,-,-,-,-,-,-,-
19949999-3,-,xx-xxx-1994,-,O1, Standing (STD),at an unknown location,Mexico,0,0, Damaged beyond repair,-,Rockwell Sabreliner 60,2,Pratt & Whitney JT12A-8 Turbo Wasp,1967,-,-, XC-AA26, 306-12,Unknown,-,-,-,-,-,-,-,-,-,-,0,0,0,0,-,-,-
19940102-0,Sunday,02-JAN-1994,-,A1, Initial climb (ICL),near Elorza Airport (EOZ),Venezuela,2,2, Damaged beyond repair,-,Britten-Norman BN-2A-9 Islander,-,-,1974,-,-, YV-2349P, 405,JSCTD,Unknown,-,Elorza Airport,EOZ,SVEZ,Venezuela,-,-,-,-,2,0,2,0,-,-,-
19940103-0,Monday,03-JAN-1994,09:20,A2, Takeoff (TOF),Jeddah-King Abdulaziz International Airport (JED),Saudi Arabia,5,0, Substantial, Repaired,Boeing 707-321C,-,-,1967,-,-, ST-AMF, 19367/637,TAAT,Cargo,-,Jeddah-King Abdulaziz International Airport,JED,OEJN,Saudi Arabia,Amsterdam-Schiphol International Airport,AMS,EHAM,Netherlands,5,0,0,0,-,-,-
19940103-2,Monday,03-JAN-1994,12:08,A1, En route (ENR),near Mamony,Russia,124,124, Destroyed, Written off (damaged beyond repair),Tupolev Tu-154M,3,Soloviev D-30KU-154-II,1989,-,-, RA-85656, 89A801,Baikal Airlines,Domestic Scheduled Passenger,X3130,Irkutsk Airport,IKT,UIII,Russia,Moskva-Domodedovo Airport,DME,UUDD,Russia,9,115,9,115,-,1,-
19940106-0,Thursday,06-JAN-1994,-,A1, En route (ENR),Kuala Kapuas,Indonesia,10,0, Damaged beyond repair,-,IRMA/Britten-Norman BN-2A-21 Islander,2,Lycoming IO-540-K1B5,1977,-,-, PK-VIV, 852,Dirgantara Air Services,Domestic Non Scheduled Passenger,-,Sampit Airport,SMQ,WAOS,Indonesia,Banjarmasin-Sjamsudin Noor Airport,BDJ,WAOO,Indonesia,1,9,0,0,-,-,-
19940107-0,Friday,07-JAN-1994,23:21,A1, Approach (APR),"1,9 km (1.2 mls) E of Columbus-Port Columbus International Airport, OH (CMH)",United States of America,8,5, Destroyed, Written off (damaged beyond repair),British Aerospace 4101 Jetstream 41,2,Garrett TPE331-14,1993,-,1069.0, N304UE, 41016,United Express,Domestic Scheduled Passenger,6291,Washington-Dulles International Airport,IAD,KIAD,United States of America,Columbus-Port Columbus International Airport,CMH,KCMH,United States of America,3,5,3,2,-,-,Final
19940108-0,Saturday,08-JAN-1994,09:37,A1, Landing (LDG),Bacau Airport (BCM),Romania,10,0, Damaged beyond repair,-,Beechcraft A100 King Air,-,-,-,-,-, OO-TLS, B-188,Travair,Domestic Non Scheduled Passenger,-,Oradea Airport,OMR,LROD,Romania,Iasi Airport,IAS,LRIA,Romania,2,8,0,0,-,-,-
19940109-0,Sunday,09-JAN-1994,09:20,A2, Approach (APR),15 km (9.4 mls) NW of Athens-Ellinikon International Airport (ATH),Greece,4,0, Substantial, Repaired,Dornier 228-201,2,Garrett TPE331-5-252D,1984,-,-, SX-BHC, 8030,Olympic Aviation,Domestic Scheduled Passenger,-,Syros Island Airport,JSY,LGSO,Greece,Athens-Ellinikon International Airport,ATH,LGAT,Greece,2,2,0,0,-,-,Final
19940113-0,Thursday,13-JAN-1994,-,H2, En route (ENR),Bangalore-Hindustan Airport (BLR),India,60,0, None,-,Airbus A320 ?,-,-,-,-,-, registration unknown,-,Indian Airlines,Domestic Scheduled Passenger,IC995,Madras Airport,MAA,VOMM,India,Kozhikode-Calicut Airport,CCJ,VOCL,India,8,52,0,0,-,-,-
19940115-0,Saturday,15-JAN-1994,-,U1, Unknown (UNK),Unknown,Unknown country,-,-, Damaged beyond repair,-,IAI 1123 Westwind,-,-,1972,-,-, N13GW, 162,Unknown,Unknown,-,-,-,-,-,-,-,-,-,-,-,-,-,-,-,-
19940115-1,Saturday,15-JAN-1994,-,A1, En route (ENR),150 km (93.8 mls) N off  Christmas Island,Pacific Ocean,7,0, Damaged beyond repair,-,Boeing-Canada PB2B-1 Canso A (PBY-5A),-,-,1943,-,-, N5404J, 22022 ,The Catalina Company,Ferry/positioning,-,Hilo International Airport,ITO,PHTO,United States of America,Papeete-Faaa Airport,PPT,NTAA,French Polynesia,7,0,0,0,-,-,-
19940118-0,Tuesday,18-JAN-1994,-,A1, Approach (APR),20 km (12.5 mls) from  Kinshasa-N'Djili Airport (FIH),Democratic Republic of the Congo,2,2, Damaged beyond repair,-,Learjet 24D,-,-,-,-,-, 9Q-CBC, 24-248 ,Scibe Airlift Cargo Zaire,Ferry/positioning,-,Cotonou Airport,COO,DBBB,Benin,Kinshasa-N'Djili Airport,FIH,FZAA,Democratic Republic of the Congo,2,0,2,0,-,-,-
19940118-1,Tuesday,18-JAN-1994,-,A1, En route (ENR),17 km (10.6 mls) SW of Tver-Migalovo Airport (KLD),Russia,10,7, Damaged beyond repair,-,Antonov An-22,4,Kuznetsov NK-12MA,1972,-,-, RA-09331, 02340408,Russian AF,Cargo,-,Tver-Migalovo Airport,KLD,UUEM,Russia,Rostov Airport,ROV,URRR,Russia,7,3,5,2,-,-,-
19940120-0,Thursday,20-JAN-1994,05:45,O1, Standing (STD),Paris-Charles de Gaulle Airport (CDG),France,0,0, Damaged beyond repair,-,Airbus A340-211,4,CFMI CFM56-5C2,1993,-,2448.0, F-GNIA, 010,Air France,-,-,-,-,-,-,-,-,-,-,0,0,0,0,-,-,-
19940121-0,Friday,21-JAN-1994,-,A1, Landing (LDG),Kinshasa-N'Djili Airport (FIH),Democratic Republic of the Congo,-,0, Damaged beyond repair,-,Lockheed L-188A Electra,-,-,1960,-,-, 9Q-CCV, 1126,Trans Service Airlift,Unknown,-,-,-,-,-,Kinshasa-N'Djili Airport,FIH,FZAA,Democratic Republic of the Congo,-,-,0,0,-,-,-
19940123-0,Sunday,23-JAN-1994,-,H2, En route (ENR),Roma-Ciampino Airport (CIA),Italy,43,0, None,-,Boeing 757-200,-,-,-,-,-, registration unknown,-,Ethiopian Airlines,International Scheduled Passenger,-,Dakar-Yoff Airport,DKR,GOOY,Senegal,Bamako Airport,BKO,GABS,Mali,11,32,0,0,-,-,-
19940123-1,Sunday,23-JAN-1994,-,A1, Landing (LDG),"Santa Elena Airstrip, ER",Argentina,2,0, Damaged beyond repair,-,FMA IA 50 Guaraní II,-,-,1973,-,-, LV-LAE, 27,LAER,Ferry/positioning,-,Paraná Airport,PRA,SAAP,Argentina,-,-,-,-,2,0,0,0,-,-,-
19940125-0,Tuesday,25-JAN-1994,13:30,A2, Pushback / towing (PBT),Ufa Airport (UFA),Russia,84,0, Substantial, Repaired,Yakovlev Yak-42D,-,-,1985,-,-, 	RA-42331, 4520424505128,Aeroflot / North Kavkaz,Domestic Scheduled Passenger,-,Noyabrsk Airport,NOJ,USRO,Russia,Ufa Airport,UFA,UWUU,Russia,5,79,0,0,-,-,-
19940127-0,Thursday,27-JAN-1994,08:55,A1, Approach (APR),"4,6 km (2.9 mls) ESE of Meadow Lake Airport, SK (YLJ)",Canada,2,2, Damaged beyond repair,-,IAI 1124A Westwind II,2,Garrett TFE731-3-1G,1982,-,4810.0, C-FMWW , 380,Millar Western Industries,Unknown,-,Edmonton International Airport,YEG,CYEG,Canada,Meadow Lake Airport,YLJ,CYLJ,Canada,2,0,2,0,-,-,Final
19940128-0,Friday,28-JAN-1994,-,A2, Landing (LDG),Amsterdam-Schiphol Airport (AMS),Netherlands,76,0, Substantial, Repaired,Fokker 100,2,Rolls-Royce Tay 620-15,1989,-,-, PH-KLG, 11271,KLM,International Scheduled Passenger,KL136,Toulouse-Blagnac Airport,TLS,LFBO,France,Amsterdam-Schiphol International Airport,AMS,EHAM,Netherlands,5,71,0,0,-,-,-
19940129-0,Saturday,29-JAN-1994,-,H2, En route (ENR),Hangzhou Airport (HGH),China,-,0, None,-,Airbus A300B4-605R ?,-,-,-,-,-, registration unknown,-,China Eastern,Domestic Scheduled Passenger,MU5513,Shanghai-Hongqiao Airport,SHA,ZSSS,China,Hangzhou Airport,HGH,ZSHC,China,-,-,0,0,-,-,-
19940130-0,Sunday,30-JAN-1994,-,A1, Landing (LDG),Puerto Inirida Airport (PDA),Colombia,-,0, Damaged beyond repair,-,Curtiss C-46A Commando,2,Pratt & Whitney R-2800-51,1945,-,-, HK-1856,   369,Transoceanica de Aviacion,Cargo,-,Bogotá-Eldorado Airport,BOG,SKBO,Colombia,Inírida-César Gaviria Trujillo Airport,PDA,SKPD,Colombia,-,-,0,0,-,-,-
19940131-0,Monday,31-JAN-1994,11:29,A2, Takeoff (TOF),"Anderson Municipal Airport, IN (AID)",United States of America,2,0, Substantial, Repaired,Douglas DC-3C,-,-,1944,-,16564.0, N907Z, 12300,Miami Valley Aviation,Cargo,-,Anderson Municipal Airport,AID,KAID,United States of America,Flint-Bishop Airport,FNT,KFNT,United States of America,2,0,0,0,-,-,Final
19940201-0,Tuesday,01-FEB-1994,21:40,A2, En route (ENR),"New Roads-False River Regional Airport, LA (HZR)",United States of America,26,0, Substantial, Repaired,Saab 340B,2,General Electric CT7-9B,1993,-,528.0, N349SB, 340B-349,American Eagle,Domestic Scheduled Passenger,3641,Dallas/Fort Worth International Airport,DFW,KDFW,United States of America,Baton Rouge-Ryan Airport,BTR,KBTR,United States of America,3,23,0,0,-,-,Final
19940201-1,Tuesday,01-FEB-1994,16:16,A1, Takeoff (TOF),Omsukchan Airport,Russia,53,0, Damaged beyond repair,-,Antonov An-24B,-,-,1966,29173.0,38294.0, RA-47718, 69900701,Kolyma-Avia,Domestic Scheduled Passenger,-,-,-,-,-,-,-,-,-,5,48,0,0,-,-,-
19940205-0,Saturday,05-FEB-1994,-,A1, Landing (LDG),Cark Airport,United Kingdom,1,0, Damaged beyond repair,-,Britten-Norman BN-2A Islander,-,-,1969,-,-, G-AXHE, 86,North-West Parachute Centre,Unknown,-,-,-,-,-,-,-,-,-,1,0,0,0,-,-,-
19940208-0,Tuesday,08-FEB-1994,23:37,A1, Landing (LDG),Anadyr Airport (DYR),Russia,13,0, Substantial, Written off (damaged beyond repair),Antonov An-12B,4,Ivchenko AI-20M,1966,-,-, CCCP-11340, 6344502,Aeroflot / Privolzhsk,Cargo,-,Khatanga Airport,HTG,UOHH,Russia,Anadyr Airport,DYR,UHMA,Russia,8,5,0,0,-,-,-
19940209-0,Wednesday,09-FEB-1994,-,H2, En route (ENR),Djibouti Airport (JIB),Djibouti,123,0, None,-,Boeing 737-260 Adv.,2,Pratt & Whitney JT8D-17A,1988,-,-, ET-AJB, 23915/1583,Ethiopian Airlines,Domestic Scheduled Passenger,-,Bahar Dar Airport,BJR,HABD,Ethiopia,Addis Ababa-Bole Airport,ADD,HAAB,Ethiopia,8,115,0,0,-,-,-
19940211-0,Friday,11-FEB-1994,08:30,A2, Standing (STD),München-Franz Josef Strauss Airport (MUC),Germany,4,0, Substantial, Repaired,British Aerospace BAe-125-800B,-,-,1988,-,-, D-CMIR, 258110,Aero-Dienst ,Executive,-,München-Franz Josef Strauss Airport,MUC,EDDM,Germany,-,-,-,-,2,2,0,0,-,-,-
19940211-1,Friday,11-FEB-1994,15:07,A2, Taxi (TXI),London-Gatwick Airport (LGW),United Kingdom,41,0, Substantial, Repaired,ATR 42-300,2,Pratt & Whitney Canada PW120,1992,-,-, G-BUEB, 304,CityFlyer Express,International Scheduled Passenger,-,Dublin Airport,DUB,EIDW,Ireland,London-Gatwick Airport,LGW,EGKK,United Kingdom,4,37,0,0,-,-,Final
19940218-0,Friday,18-FEB-1994,-,H2, En route (ENR),unknown airport,Taiwan,-,-, None,-,Boeing 737,-,-,-,-,-, registration unknown,-,China Southwest,Domestic Scheduled Passenger,-,Changsha-Huanghua Airport,CSX,ZGHA,China,Fuzhou Yixu Airport,FOC,ZSFZ,China,-,-,-,-,-,-,-
19940222-0,Tuesday,22-FEB-1994,-,O1, Standing (STD),Budapest-Ferihegy Airport (BUD),Hungary,0,0, Damaged beyond repair,-,Tupolev Tu-134A-3,-,-,1981,-,-, HA-LBP, 63560,Malev,-,-,-,-,-,-,-,-,-,-,0,0,0,0,-,4,-
19940224-0,Thursday,24-FEB-1994,11:16,A1, Approach (APR),"4,5 km (2.8 mls) from  Nalchik Airport (NAL)",Russia,13,13, Damaged beyond repair,-,Antonov An-12BP,4,Ivchenko AI-20M,1971,-,-, RA-11118, 01348002,Pulkovo,Cargo,9045,Volgograd Airport,VOG,URWW,Russia,Nalchik Airport,NAL,URMN,Russia,6,7,6,7,-,-,-
19940224-1,Thursday,24-FEB-1994,06:40,A2, Landing (LDG),"Cleveland-Cuyahoga County Airport, OH (CGF)",United States of America,6,0, Substantial, Repaired,Beechcraft Beechjet 400A,-,-,1993,-,75.0, N8279G, RK-79,Beechcraft Sales South,Demonstration,-,Findlay Airport,FDY,KFDY,United States of America,Cleveland-Cuyahoga County Airport,CGF,KCGF,United States of America,2,4,0,0,-,-,Final
19940225-1,Friday,25-FEB-1994,19:46,A1, En route (ENR),"7,5 km (4.7 mls) SW of Uttoxeter",United Kingdom,2,1, Damaged beyond repair,-,Vickers 813 Viscount,4,Rolls-Royce Dart 530,1958,-,50995.0, G-OHOT, 349,British World,Cargo,4272,Edinburgh-Turnhouse Airport,EDI,EGPH,United Kingdom,Coventry-Baginton Airport,CVT,EGBE,United Kingdom,2,0,1,0,-,-,Final
19940225-3,Friday,25-FEB-1994,-,A1, En route (ENR),ca 50 km S of Tingo Maria,Peru,31,31, Damaged beyond repair,-,Yakovlev Yak-40,3,Ivchenko AI-25,1976,-,-, OB-1559, 9640251,Expresso Aéreo,Domestic Scheduled Passenger,-,Tingo Maria Airport,TGI,SPGM,Peru,Lima-Jorge Chávez International Airport,LIM,SPIM,Peru,5,26,5,26,-,-,-
19940226-0,Saturday,26-FEB-1994,-,A1, Initial climb (ICL),"near San José del Llano, Sinaola",Mexico,7,7, Damaged beyond repair,-,IAI Arava 201,-,-,-,-,-, 2001, 005,Mexican AF,Military,-,-,-,-,-,-,-,-,-,-,-,-,-,-,-,-
19940227-0,Sunday,27-FEB-1994,14:29,A2, Taxi (TXI),Trollhättan Airport (THN),Sweden,11,0, Substantial, Repaired,Shorts 330-200,2,Pratt & Whitney Canada PT6A-45R,1984,-,12949.0, SE-INZ, SH.3097,Flying Enterprise,Domestic Scheduled Passenger,-,Trollhättan Airport,THN,ESGT,Sweden,Skövde Airport,KVB,ESGR,Sweden,3,8,0,0,-,-,Final
19940228-0,Monday,28-FEB-1994,23:05,A2, Takeoff (TOF),"Fairbanks International Airport, AK (FAI)",United States of America,3,0, Substantial, Repaired,Lockheed L-1011 TriStar 1,3,Rolls-Royce RB211-22B,-,-,46234.0, N303EA, 1004,Rich,Ferry/positioning, 303,Fairbanks International Airport,FAI,PAFA,United States of America,Miami International Airport,MIA,KMIA,United States of America,3,0,0,0,-,-,Final
19940228-1,Monday,28-FEB-1994,-,H2, En route (ENR),Alicante Airport (ALC),Spain,130,0, None,-,Boeing 727-2D6,-,-,-,-,-, registration unknown,-,Air Algérie,Domestic Scheduled Passenger,AH6165,Oran-es Senia Airport,ORN,DAOO,Algeria,Annaba-Les Salines Airport,AAE,DABB,Algeria,-,-,0,0,-,-,-
19940299-0,-,xx-FEB-1994,-,A1, Landing (LDG),Villavicencio-La Vanguardia Airport (VVC),Colombia,-,0, Damaged beyond repair,-,Douglas DC-6BF,-,-,1952,-,-, HK-3874X, 43842/312,Aerosol,Unknown,-,-,-,-,-,Villavicencio-La Vanguardia Airport,VVC,SKVV,Colombia,-,-,0,0,-,-,-
19940301-0,Tuesday,01-MAR-1994,13:38,A2, Landing (LDG),Tokyo-Narita Airport (NRT),Japan,245,0, Substantial, Repaired,Boeing 747-251B,4,Pratt & Whitney JT9D-7R4G2,1986,-,31798.0, N637US, 23548/644,Northwest Airlines,International Scheduled Passenger,  18,Hong Kong-Kai Tak International Airport,HKG,VHHH,Hong Kong,Tokyo-Narita Airport,NRT,RJAA,Japan,18,227,0,0,-,-,Final
19940302-0,Wednesday,02-MAR-1994,17:59,A2, Takeoff (TOF),"New York-La Guardia Airport, NY (LGA)",United States of America,116,0, Substantial, Repaired,McDonnell Douglas DC-9-82 (MD-82),2,Pratt & Whitney JT8D-217A,1986,20295.0,23448.0, N18835, 49439/1318,Continental Air Lines,Domestic Scheduled Passenger, 795,New York-La Guardia Airport,LGA,KLGA,United States of America,Denver-Stapleton International Airport,DEN,KDEN,United States of America,6,110,0,0,-,-,Final
19940303-0,Thursday,03-MAR-1994,17:22,A2, Taxi (TXI),"Alice Springs Airport, NT (ASP)",Australia,-,0, Substantial, Repaired,Beechcraft 200 Super King Air,-,-,1976,-,-, VH-WNH, BB-148,Skywest Aviation,Domestic Non Scheduled Passenger,-,-,-,-,-,Alice Springs Airport,ASP,YBAS,Australia,-,-,0,0,-,-,-
19940303-2,Thursday,03-MAR-1994,-,A1, Standing (STD),Tumbes Airport (TBP),Peru,3,0, Damaged beyond repair,-,Douglas DC-6,-,-,-,-,-, CP-2251,-,private,Unknown,-,-,-,-,-,-,-,-,-,3,0,0,0,-,-,-
19940308-0,Tuesday,08-MAR-1994,14:54,A1, Takeoff (TOF),Delhi-Indira Gandhi International Airport (DEL),India,4,4, Destroyed, Written off (damaged beyond repair),Boeing 737-2R4C,2,Pratt & Whitney JT8D-17,1979,-,-, VT-SIA, 21763/571,Sahara Airlines,Training,-,Delhi-Indira Gandhi International Airport,DEL,VIDP,India,Delhi-Indira Gandhi International Airport,DEL,VIDP,India,4,0,4,0,-,5,Final
19940308-1,Tuesday,08-MAR-1994,-,H2, Standing (STD),Nairobi-Jomo Kenyatta International Airport (NBO),Kenya,139,0, None,-,Airbus A300,-,-,-,-,-, registration unknown,-,Saudi Arabian,International Scheduled Passenger,-,Jeddah-King Abdulaziz International Airport,JED,OEJN,Saudi Arabia,Addis Ababa-Bole Airport,ADD,HAAB,Ethiopia,-,-,0,0,-,-,-
19940308-2,Tuesday,08-MAR-1994,14:54,O1, Standing (STD),Delhi-Indira Gandhi International Airport (DEL),India,4,4, Destroyed, Written off (damaged beyond repair),Ilyushin Il-86,4,Kuznetsov NK-86,1989,-,-, RA-86119, 51483209087,Aeroflot,-,-,-,-,-,-,-,-,-,-,4,0,4,0,-,5,-
19940309-0,Wednesday,09-MAR-1994,17:34,A1, Approach (APR),"15 km (9.4 mls) NE of Tamworth Airport, NSW (TMW)",Australia,1,1, Damaged beyond repair,-,Swearingen SA226-AT Merlin IV,-,-,1975,-,-, VH-SWP, AT-033,Jetcraft,Cargo,-,Armidale Airport,ARM,YARM,Australia,Tamworth Airport,TMW,YSTW,Australia,1,0,1,0,-,-,Final
19940311-0,Friday,11-MAR-1994,-,A1, Landing (LDG),Pointe Noire Airport (PNR),Congo,6,0, Damaged beyond repair,-,Swearingen SA226-AT Merlin IV,-,-,1974,-,-, TN-ADP, AT-025,Aéro-Service,Domestic Non Scheduled Passenger,-,Port Gentil Airport,POG,FOOG,Gabon,Pointe Noire Airport,PNR,FCPP,Congo,2,4,0,0,-,-,-
19940313-0,Sunday,13-MAR-1994,10:15,A2, En route (ENR),"near Val-dOr Airport, QC (YVO)",Canada,26,0, Substantial, Repaired,ATR 42-300,2,Pratt & Whitney Canada PW120,1990,-,8276.0, C-GIQV, 203,Inter-Canadian,Domestic Scheduled Passenger,CP1678,Val-dOr Airport,YVO,CYVO,Canada,Montreal-Dorval International Airport,YUL,CYUL,Canada,3,23,0,0,-,-,Final
19940314-0,Monday,14-MAR-1994,-,A1, En route (ENR),off Malindi,Kenya,14,8, Damaged beyond repair,-,Lockheed AC-130H Spectre,-,-,1969,-,-, 69-6576, 4351,USAF,Military,-,Mombasa-Moi International Airport,MBA,HKMO,Kenya,Mogadishu International Airport,MGQ,HCMM,Somalia,14,0,8,0,-,-,-
19940315-0,Tuesday,15-MAR-1994,-,U1, Unknown (UNK),Unknown,Kenya,-,-, Damaged beyond repair,-,Reims Cessna F406 Caravan II,2,Pratt & Whitney Canada PT6A-112,-,-,-, 5Y-NAL, F406-0038,Unknown,Unknown,-,-,-,-,-,-,-,-,-,-,-,-,-,-,-,-
19940315-3,Tuesday,15-MAR-1994,-,A1, Landing (LDG),Bogotá-Eldorado Airport (BOG),Colombia,6,0, Damaged beyond repair,-,Sud Aviation SE-210 Caravelle 10B3,-,-,1969,-,-, HK-3855, 265,SEC Colombia,Cargo,-,Bogotá-Eldorado Airport,BOG,SKBO,Colombia,San Andrés Island Airport,ADZ,SKSP,Colombia,6,0,0,0,-,-,-
19940316-0,Wednesday,16-MAR-1994,-,A1, En route (ENR),16 km (10 mls) from  Cabinda,Angola,1,0, Damaged beyond repair,-,IRMA/Pilatus Britten-Norman BN-2A-21 Islander,-,-,1981,-,-, D2-ECE, 903,Mavewa,Cargo,-,Luanda-4 de Fevereiro Airport,LAD,FNLU,Angola,Cabinda Airport,CAB,FNCA,Angola,1,0,0,0,-,-,-
19940317-0,Thursday,17-MAR-1994,-,C1, En route (ENR),3 km (1.9 mls) N of Stepanakert,Armenia,32,32, Damaged beyond repair,-,Lockheed C-130H Hercules,-,-,1971,-,-, 5-8521, 4432,Iran AF,Military,-,-,-,-,-,Tehran-Mehrabad Airport,THR,OIII,Iran,13,19,13,19,-,-,-
19940317-1,Thursday,17-MAR-1994,01:39,A2, Landing (LDG),"Detroit-Metropolitan Wayne County Airport, MI (DTW)",United States of America,9,0, Substantial, Repaired,Dassault Falcon 900,-,-,-,-,3397.0, N327K, 003,Ford Motor Co.,Executive,-,Washington-Ronald Reagan National Airport,DCA,KDCA,United States of America,Detroit-Metropolitan Wayne County Airport,DTW,KDTW,United States of America,3,6,0,0,-,-,Final
19940318-0,Friday,18-MAR-1994,01:56,A1, Initial climb (ICL),"1 km (0.6 mls) SW of Spokane International Airport, WA (GEG)",United States of America,2,2, Destroyed, Written off (damaged beyond repair),Douglas DC-3C,2,Pratt & Whitney R-1830-92,1943,-,37190.0, N3433Y, 43089,Salair,Cargo,2991,Spokane International Airport,GEG,KGEG,United States of America,Portland International Airport,PDX,KPDX,United States of America,2,0,2,0,-,-,Final
19940318-1,Friday,18-MAR-1994,11:43,A1, Initial climb (ICL),"Key West Harbor, FL",United States of America,2,2, Damaged beyond repair,-,Grumman G-73T Turbo Mallard,2,Pratt & Whitney Canada PT6A-34,-,-,-, N150FB, J-51,Chalk's,Ferry/positioning,-,-,-,-,-,Key West International Airport,EYW,KEYW,United States of America,2,0,2,0,-,-,Final
19940319-0,Saturday,19-MAR-1994,-,A1, En route (ENR),near La Macarena,Colombia,29,0, Damaged beyond repair,-,CASA C-212 Aviocar 200,-,-,1983,-,-, FAC-1154, 317,SATENA,Domestic Scheduled Passenger,-,Villavicencio-La Vanguardia Airport,VVC,SKVV,Colombia,-,-,-,-,4,25,0,0,-,-,-
19940319-1,Saturday,19-MAR-1994,-,A1, Unknown (UNK),Tripoli International Airport (TIP),Libya,2,1, Damaged beyond repair,-,de Havilland Canada DHC-6 Twin Otter 300,2,Pratt & Whitney Canada PT6A-27,1981,-,-, 5A-DJK, 775,Light Air Transport,Training,-,Tripoli International Airport,TIP,HLLT,Libya,Tripoli International Airport,TIP,HLLT,Libya,2,0,1,0,-,-,-
19940319-2,Saturday,19-MAR-1994,-,A2, Takeoff (TOF),"Wagete, Irian Jaya",Indonesia,-,0, Substantial, Repaired,de Havilland Canada DHC-6 Twin Otter,-,-,1967,-,-, PK-YNM, 55,Trigana Air Service,Unknown,-,-,-,-,-,-,-,-,-,2,-,0,0,-,-,Preliminary - official
19940320-0,Sunday,20-MAR-1994,00:36,A1, En route (ENR),"Bassett-Rock, NE",United States of America,2,0, Substantial, Written off (damaged beyond repair),Canadair CL-600-2B16 Challenger 601-3A,2,General Electric CF34-3A,1990,-,1109.0, N88HA, 5072 ,Crystal Aviation,Ferry/positioning,-,Burlington International Airport,BTV,KBTV,United States of America,Long Beach Municipal Airport,LGB,KLGB,United States of America,2,0,0,0,-,-,Final
19940320-1,Sunday,20-MAR-1994,00:36,A1, Landing (LDG),"Bassett, NE",United States of America,2,0, Substantial, Written off (damaged beyond repair),Canadair CL-600-2B16 Challenger 601-3A,-,-,1990,-,1109.0, N88HA, 5072,Crystal Air and Aviation,Ferry/positioning,-,Burlington International Airport,BTV,KBTV,United States of America,Long Beach Municipal Airport,LGB,KLGB,United States of America,2,0,0,0,-,-,Final
19940321-0,Monday,21-MAR-1994,09:17,A1, Landing (LDG),Vigo Airport (VGO),Spain,116,0, Damaged beyond repair,-,McDonnell Douglas DC-9-32,2,Pratt & Whitney JT8D-9A,1975,41155.0,38224.0, EC-CLE, 47678/789,Aviaco,Domestic Scheduled Passenger, 260,Madrid-Barajas Airport,MAD,LEMD,Spain,Vigo Airport,VGO,LEVX,Spain,6,110,0,0,-,-,Final
19940321-1,Monday,21-MAR-1994,-,H2, En route (ENR),Roma-Fiumicino Airport (FCO),Italy,160,0, None,-,McDonnell Douglas DC-9,-,-,-,-,-, registration unknown,-,Meridiana,Domestic Scheduled Passenger,1132,Palermo-Punta Raisi Airport,PMO,LICJ,Italy,Roma-Fiumicino Airport,FCO,LIRF,Italy,-,-,0,0,-,-,-
19940321-2,Monday,21-MAR-1994,17:54,A1, Initial climb (ICL),"Weipa Airport, QLD (WEI)",Australia,6,6, Damaged beyond repair,-,IRMA/Britten-Norman BN-2A-21 Islander,-,-,1971,-,-, VH-JUU, 632,Aurukun Air Services,Domestic Non Scheduled Passenger,-,Weipa Airport,WEI,YBWP,Australia,Aurukun Mission Airport,AUU,YAUR,Australia,1,5,1,5,-,-,Final
19940323-0,Wednesday,23-MAR-1994,00:57,A1, En route (ENR),near Mezhduretshensk,Russia,75,75, Destroyed, Written off (damaged beyond repair),Airbus A310-304,2,General Electric CF6-80C2A8,1991,846.0,5375.0, F-OGQS, 596,Aeroflot,International Scheduled Passenger, 593,Moskva-Sheremetyevo Airport,SVO,UUEE,Russia,Hong Kong-Kai Tak International Airport,HKG,VHHH,Hong Kong,12,63,12,63,-,-,Final
19940323-1,Wednesday,23-MAR-1994,-,A1, En route (ENR),40 km (25 mls) NW of Bogotá,Colombia,4,4, Damaged beyond repair,-,Cessna 650 Citation VI,-,-,-,-,-, PT-OMV, 650-0200,Orion Aero Táxi,Int'l Non Scheduled Passenger,-,Manaus-Eduardo Gomes International Airport,MAO,SBEG,Brazil,Bogotá-Eldorado Airport,BOG,SKBO,Colombia,2,2,2,2,-,-,-
19940323-2,Wednesday,23-MAR-1994,-,O1, Standing (STD),"Fayetteville-Pope AFB, NC (POB)",United States of America,0,0, Destroyed, Written off (damaged beyond repair),Lockheed C-141B Starlifter,4,Pratt & Whitney TF33-P-7,-,-,36132.0, 66-0173, 300-6199,USAF,Military,-,Fayetteville-Pope AFB,POB,KPOB,United States of America,-,-,-,-,0,0,0,0,-,23,-
19940325-0,Friday,25-MAR-1994,08:00,A1, Landing (LDG),"Ciudad Alemán Airport, Veracruz",Mexico,2,2, Damaged beyond repair,-,Cessna 500 Citation I,-,-,-,-,-, XA-SMH, 500-0084,Transportadora Fruyleg,Unknown,-,Veracruz-Las Bajadas Airport,VER,MMVR,Mexico,-,-,-,-,2,0,2,0,-,-,-
19940401-0,Friday,01-APR-1994,-,A2, Landing (LDG),Mexico City-Benito Juárez International Airport (MEX),Mexico,2,0, Substantial, Repaired,Learjet 35A,2,Garrett TFE731-2-2B,1982,-,-, XC-PGR , 35A-460,Mexican Government,Ferry/positioning,-,Mazatlán-Gen. Rafael Buelna Airport,MZT,MMMZ,Mexico,Mexico City-Benito Juárez International Airport,MEX,MMMX,Mexico,2,0,0,0,-,-,-
19940404-0,Monday,04-APR-1994,15:17,A1, Landing (LDG),Sevilla Airport (SVQ),Spain,10,0, Damaged beyond repair,-,Learjet 55,-,-,1981,-,-, I-KILO, 55-007,ICIPA,Domestic Non Scheduled Passenger,-,Sevilla Airport,SVQ,LEZL,Spain,-,-,-,-,2,8,0,0,-,-,Preliminary - official
19940404-1,Monday,04-APR-1994,14:46,A1, Landing (LDG),Amsterdam-Schiphol Airport (AMS),Netherlands,24,3, Destroyed, Written off (damaged beyond repair),Saab 340B,2,General Electric CT7-9B,1990,-,6558.0, PH-KSH, 340B-195,KLM Cityhopper,International Scheduled Passenger,KL433,Amsterdam-Schiphol International Airport,AMS,EHAM,Netherlands,Cardiff-Wales Airport,CWL,EGFF,United Kingdom,3,21,1,2,-,-,Final
19940406-0,Wednesday,06-APR-1994,-,A1, En route (ENR),Mt. Lozan,Ecuador,17,17, Damaged beyond repair,-,de Havilland Canada DHC-6 Twin Otter 300,2,Pratt & Whitney Canada PT6A-27,1974,-,-, FAE450, 436,Ecuador Air Force,Domestic Scheduled Passenger,-,-,-,-,-,Latacunga-Cotopaxi International Airport,LTX,SELT,Ecuador,3,14,3,14,-,-,-
19940406-1,Wednesday,06-APR-1994,20:20,C1, Approach (APR),2 km (1.3 mls) E of Kigali Airport (KGL),Rwanda,12,12, Destroyed, Written off (damaged beyond repair),Dassault Falcon 50,3,Garrett TFE731-3-1C,1979,-,-, 9XR-NN, 006,Rwanda Government,Official state flight,-,Dar Es Salaam International Airport,DAR,HTDA,Tanzania,Kigali Airport,KGL,HRYR,Rwanda,3,9,3,9,-,-,-
19940406-2,Wednesday,06-APR-1994,-,H2, En route (ENR),Luxor Airport (LXR),Egypt,99,0, None,-,Boeing 737-2J8C,-,-,-,-,-, registration unknown,-,Sudan Airways,Domestic Scheduled Passenger,-,Khartoum-Civil Airport,KRT,HSSS,Sudan,Dongola Airport,DOG,HSDN,Sudan,6,93,0,0,-,-,-
19940406-3,Wednesday,06-APR-1994,19:15,A1, En route (ENR),15 km (9.4 mls) NE of Hiroshima West Airport (HIW),Japan,1,1, Damaged beyond repair,-,Cessna 208B Grand Caravan,1,Pratt & Whitney Canada PT6A-114A,1992,-,200.0, JA8898, 208B0313,Nozaki Sangyo,Ferry/positioning,-,Okayama Airport,OKJ,RJOB,Japan,Hiroshima West Airport,HIW,RJBH,Japan,1,0,1,0,-,-,Final
19940407-0,Thursday,07-APR-1994,-,H2, En route (ENR),"Memphis International Airport, TN (MEM)",United States of America,4,0, None,-,McDonnell Douglas DC-10-30F,-,-,1985,-,-, N306FE, 48287/409,FedEx,Cargo, 705,Memphis International Airport,MEM,KMEM,United States of America,San Jose Municipal Airport,SJC,KSJC,United States of America,3,1,0,0,-,-,-
19940407-1,Thursday,07-APR-1994,-,A1, Landing (LDG),Malange Airport (MEG),Angola,4,0, Damaged beyond repair,-,Lockheed L-100-30 Hercules,4,Allison 501-D22A,1976,-,-, D2-THC, 4679,Angola Air Charter,Cargo,-,-,-,-,-,Malange Airport,MEG,FNMA,Angola,4,0,0,0,-,-,-
19940423-1,Saturday,23-APR-1994,04:00,A1, Initial climb (ICL),near Lokichoggio Airport (LKG),Kenya,2,0, Damaged beyond repair,-,Curtiss C-46F Commando,-,-,1945,-,-, C-GIXZ, 22495,Air Manitoba,Cargo,-,Lokichoggio Airport,LKG,HKLK,Kenya,-,-,-,-,2,0,0,0,-,-,-
19940424-0,Sunday,24-APR-1994,09:10,A1, Initial climb (ICL),"0,1 km (0.1 mls) S off  Sydney-Kingsford Smith International Airport, NSW (SYD)",Australia,25,0, Damaged beyond repair,-,Douglas C-47A-20-DK (DC-3),2,Pratt & Whitney R-1830-92,1944,-,40195.0, VH-EDC, 12874,South Pacific Airmotive,Domestic Non Scheduled Passenger,-,Sydney-Kingsford Smith International Airport,SYD,YSSY,Australia,Lord Howe Island Airport,LDH,YLHI,Australia,4,21,0,0,-,-,Final
19940425-0,Monday,25-APR-1994,-,H2, En route (ENR),Sana'a International Airport (SAH),Yemen,148,0, None,-,Boeing 757-260,-,-,-,-,-, registration unknown,-,Ethiopian Airlines,International Scheduled Passenger,-,Jeddah-King Abdulaziz International Airport,JED,OEJN,Saudi Arabia,Djibouti Airport,JIB,HDAM,Djibouti,-,-,0,0,-,-,-
19940425-1,Monday,25-APR-1994,-,A1, En route (ENR),48 km (30 mls) from  Nangapinoh,Indonesia,11,10, Damaged beyond repair,-,IRMA/Britten-Norman BN-2A-21 Islander,2,Lycoming IO-540-K1B5,1974,-,-, PK-ZAA, 730,Dirgantara Air Services,Domestic Scheduled Passenger,-,Pontianak-Supadio Airport,PNK,WIOO,Indonesia,Nangapinoh Airport,NPO,WIOG,Indonesia,1,10,1,9,-,-,-
19940426-0,Tuesday,26-APR-1994,20:16,A1, Approach (APR),Nagoya-Komaki International Airport (NGO),Japan,271,264, Destroyed, Written off (damaged beyond repair),Airbus A300B4-622R,2,Pratt & Whitney PW4158,1990,3910.0,8572.0, B-1816, 580,China Airlines,International Scheduled Passenger,CI140,Taipei-Chiang Kai Shek International Airport,TPE,RCTP,Taiwan,Nagoya-Komaki International Airport,NGO,RJNN,Japan,15,256,15,249,-,-,Final
19940426-1,Tuesday,26-APR-1994,07:40,A1, Approach (APR),"near Jacareacanga, PA",Brazil,2,2, Damaged beyond repair,-,Cessna 208A Cargomaster,-,-,-,-,-, PT-OGI, 208A00039,Penta,Domestic Scheduled Passenger,-,Itaituba Airport,ITB,SBIH,Brazil,Jacareacanga Airport,JCR,SBEK,Brazil,2,0,2,0,-,-,Final
19940427-1,Wednesday,27-APR-1994,16:10,A1, Landing (LDG),M'Banza Congo Airport (SSY),Angola,3,0, Damaged beyond repair,-,Boeing 727-44F,3,Pratt & Whitney JT8D-7B,1965,-,-, S9-TAN, 18893/157,Transafrik,Cargo,-,Luanda-4 de Fevereiro Airport,LAD,FNLU,Angola,M'Banza Congo Airport,SSY,FNBC,Angola,3,0,0,0,-,7,-
19940429-0,Friday,29-APR-1994,14:27,A1, Approach (APR),near El Rosal,Colombia,9,8, Damaged beyond repair,-,Cessna 208 Caravan I,1,Pratt & Whitney Canada PT6A-114,1989,-,-, HK-3479, 20800143,L.A. de los Libertadores,Domestic Non Scheduled Passenger,-,-,-,-,-,Bogotá-Eldorado Airport,BOG,SKBO,Colombia,1,8,1,7,-,-,-
19940430-0,Saturday,30-APR-1994,-,O1, Standing (STD),Up Park Camp,Jamaica,-,0, Damaged beyond repair,-,IRMA/Pilatus Britten-Norman BN-2A-21 Islander,-,-,1976,-,-, JDFT-5, 796,Jamaica AF,Military,-,-,-,-,-,-,-,-,-,-,-,0,0,-,-,-
19940499-0,-,xx-APR-1994,-,O1, Standing (STD),Kyzyl Airport (KYZ),Russia,0,0, Damaged beyond repair,-,Let L-410UVP-E,2,Walter M-601E,1989,-,-, CCCP-67608, 892334,Tuva Airlines,-,-,-,-,-,-,-,-,-,-,0,0,0,0,-,-,-
19940507-0,Saturday,07-MAY-1994,-,A1, Landing (LDG),"São Gabriel Airport, AM (SJL)",Brazil,16,8, Damaged beyond repair,-,Embraer EMB-110EJ Bandeirante,-,-,1976,-,-, PT-GJW, 110072,RICO,Domestic Non Scheduled Passenger,-,-,-,-,-,São Gabriel da Cachoeira Airport,SJL,SBUA,Brazil,2,14,2,6,-,-,-
19940507-1,Saturday,07-MAY-1994,12:42,A1, Landing (LDG),Arkhangelsk Airport (ARH),Russia,62,0, Damaged beyond repair,-,Tupolev Tu-134A-3,-,-,1973,21071.0,33606.0, RA-65976, 3352007,Aeroflot-Nord,Domestic Scheduled Passenger,-,Moskva-Sheremetyevo Airport,SVO,UUEE,Russia,Arkhangelsk-Talaghy Airport,ARH,ULAA,Russia,6,56,0,0,-,-,-
19940508-0,Sunday,08-MAY-1994,-,A1, En route (ENR),near Bragança,Portugal,4,0, Damaged beyond repair,-,IRMA/Britten-Norman BN-2A-8 Islander,-,-,1973,-,-, CS-DAF, 691,Aerocondor,Unknown,-,Lisboa-Portela de Sacavém Airport,LIS,LPPT,Portugal,Braganca Airport,BGC,LPBG,Portugal,2,2,0,0,-,-,-
19940508-1,Sunday,08-MAY-1994,-,H2, En route (ENR),"Miami International Airport, FL (MIA)",United States of America,23,0, None,-,Antonov An-24,-,-,-,-,-, registration unknown,-,Cubana,Domestic Non Scheduled Passenger,-,Havana-José Martí International Airport,HAV,MUHA,Cuba,-,-,-,-,7,16,0,0,-,-,-
19940509-0,Monday,09-MAY-1994,-,A1, Unknown (UNK),Bloemspruit Air Force Base (BFN),South Africa,2,0, Damaged beyond repair,-,Douglas C-47A-1-DK (DC-3),-,-,1943,-,-, 6816, 12112,South African AF,Military,-,-,-,-,-,-,-,-,-,2,0,0,0,-,-,-
19940511-0,Wednesday,11-MAY-1994,15:30,A2, Landing (LDG),"Dubbo Airport, NSW (DBO)",Australia,-,0, Substantial, Repaired,Beechcraft B200C Super King Air,-,-,1985,-,-, VH-AMM, BL-125,New South Wales Dept of Health,Ambulance,-,Brewarrina Airport,BWQ,YBRW,Australia,Dubbo Airport,DBO,YSDU,Australia,-,-,0,0,-,-,Final
19940512-0,Thursday,12-MAY-1994,-,A1, Landing (LDG),Palana,Russia,12,0, Damaged beyond repair,-,Antonov An-28,2,Glushenkov TVD-10B,1989,-,-, RA-28713, 1AJ006-23,Koryak Air,Scheduled Passenger,-,-,-,-,-,-,-,-,-,2,10,0,0,-,-,Preliminary
19940520-0,Friday,20-MAY-1994,-,O1, Standing (STD),Aden International Airport (ADE),Yemen,-,0, Damaged beyond repair,-,Antonov,-,-,-,-,-, registration unknown,-,Yemen AF,Military,-,-,-,-,-,-,-,-,-,-,-,0,0,-,-,-
19940521-0,Saturday,21-MAY-1994,-,A1, Landing (LDG),Mitú Airport (MVP),Colombia,9,0, Damaged beyond repair,-,Douglas DC-6A/B,-,-,1953,-,-, HK-1276W, 44056/353,Inversiones Agro. del Casanare,Unknown,-,-,-,-,-,-,-,-,-,-,-,0,0,-,-,Preliminary
19940521-1,Saturday,21-MAY-1994,13:00,A1, Approach (APR),near Bukoba Airport (BKZ),Tanzania,-,2, Damaged beyond repair,-,de Havilland Canada DHC-5D Buffalo,-,-,1979,-,-, JW9024, 99,Tanzanian AF,Military,-,Dar es Salaam International Airport,DAR,HTDA,Tanzania,Bukoba Airport,BKZ,HTBU,Tanzania,-,-,-,-,-,-,-
19940523-0,Monday,23-MAY-1994,10:55,A1, En route (ENR),near Loma Linda,Colombia,11,4, Damaged beyond repair,-,IRMA/Pilatus Britten-Norman BN-2B-27 Islander,2,Lycoming O-540-E4C5,1981,-,-, HK-2890, 2111,Aerolineas Llaneras - Arall,Domestic Non Scheduled Passenger,-,San Jose del Guaviare-Jorge E. González T. Airport,SJE,SKSJ,Colombia,Villavicencio-La Vanguardia Airport,VVC,SKVV,Colombia,2,9,1,3,-,-,-
