identifiant,week_day,date,time,type_event,phase,location,country,total_occupants,total_fatalities,aircraft_damage,aircraft_fate,type_aircraft,number_engines,type_engines,first_flight,cycles,total_airframe_hours,registration,c_n_msn,operator,nature,flight_number,departure_airport_name,departure_airport_IATA,departure_airport_ICAO,departure_airport_country,destination_airport_name,destination_airport_IATA,destination_airport_ICAO,destination_airport_country,crew_number,passengers_number,crew_fatalities,passengers_fatalities,collision_casualties,ground_casualties,status
19720503-0,Wednesday,03-MAY-1972,-,C1, Maneuvering (MNV),"1,5 km (0.9 mls) NE of An Loc",Vietnam,6,6, Damaged beyond repair,-,Lockheed C-130E Hercules,-,-,1962,-,-, 62-1797, 3748,USAF,Military,-,Saigon-Tan Son Nhat International Airport,SGN,VVTS,Vietnam,Saigon-Tan Son Nhat International Airport,SGN,VVTS,Vietnam,6,0,6,0,-,-,-
19720503-1,Wednesday,03-MAY-1972,-,H2, Unknown (UNK),Sofia,Bulgaria,66,0, Unknown,-,McDonnell Douglas DC-9-32,2,Pratt & Whitney JT8D-9A,1968,-,-, TC-JAB, 45774/336,THY,Domestic Scheduled Passenger,-,-,-,-,-,Istanbul-Yesilköy Airport,IST,LTBA,Turkey,6,60,0,0,-,-,-
19720503-2,Wednesday,03-MAY-1972,18:00,A1, En route (ENR),68 km (42.5 mls) SE of Paramaribo-Zanderij International Airport (PBM),Suriname,11,11, Damaged beyond repair,-,Douglas C-124C Globemaster II,4,Pratt & Whitney R-4360-20WA,-,-,-, 52-1055, 43964,Air National Guard,Military,-,-,-,-,-,Paramaribo-Zanderij International Airport,PBM,SMJP,Suriname,10,1,10,1,-,-,-
19720504-0,Thursday,04-MAY-1972,23:34,A1, Approach (APR),"1,2 km (0.8 mls) from  Bratsk Airport (BTK)",Russia,18,18, Destroyed, Written off (damaged beyond repair),Yakovlev Yak-40,3,Ivchenko AI-25,1970,2249.0,1667.0, CCCP-87778, 9040314,Aeroflot / East Siberia,Domestic Scheduled Passenger, 608,Irkutsk Airport,IKT,UIII,Russia,Bratsk Airport,BTK,UIBB,Russia,4,14,4,14,-,-,-
19720505-0,Friday,05-MAY-1972,22:24,A1, Approach (APR),5 km (3.1 mls) SW of Palermo,Italy,115,115, Destroyed, Written off (damaged beyond repair),Douglas DC-8-43,4,Rolls-Royce Conway 508-12,1961,-,-, I-DIWB, 45625/144,Alitalia,Domestic Scheduled Passenger,AZ112,Roma-Fiumicino Airport,FCO,LIRF,Italy,Palermo-Punta Raisi Airport,PMO,LICJ,Italy,7,108,7,108,-,-,-
19720505-1,Friday,05-MAY-1972,-,H2, En route (ENR),Havana-José Martí International Airport (HAV),Cuba,81,0, None,-,Boeing 737-200,-,-,-,-,-, registration unknown,-,Western Air Lines,Domestic Scheduled Passenger, 407,Salt Lake City International Airport,SLC,KSLC,United States of America,Los Angeles International Airport,LAX,KLAX,United States of America,-,-,0,0,-,-,-
19720505-2,Friday,05-MAY-1972,-,H2, En route (ENR),at an unknown location,Unknown country,55,0, None,-,Boeing 727,-,-,-,-,-, registration unknown,-,Eastern Air Lines,Domestic Scheduled Passenger,EA175,Allentown-Lehigh Valley International Airport,ABE,KABE,United States of America,Washington-Dulles International Airport,IAD,KIAD,United States of America,6,49,0,0,-,-,-
19720505-3,Friday,05-MAY-1972,-,C1, Standing (STD),Phnom Penh-Pochentong Airport (PNH),Cambodia,0,0, Damaged beyond repair,-,de Havilland Canada U-1A Otter (DHC-3),-,-,1959,-,-, 0-81707, 322,Khmer Air Force,Military,-,-,-,-,-,-,-,-,-,0,0,0,0,-,-,-
19720505-4,Friday,05-MAY-1972,-,A1, Maneuvering (MNV),Poltava Region,Ukraine,2,2, Damaged beyond repair,-,Antonov An-2R,-,-,1965,-,-, CCCP-25604, 1G61-30,Aeroflot / Ukraine,Agricultural,-,-,-,-,-,-,-,-,-,1,1,1,1,-,-,-
19720507-0,Sunday,07-MAY-1972,15:35,A1, En route (ENR),"0,9 km (0.6 mls) from  Valledupar Airport (VUP)",Colombia,32,0, Damaged beyond repair,-,Handley Page HPR-7 Herald 101,2,Rolls-Royce Dart (series unknown),1962,-,-, HK-721, 152,La Urraca,Domestic Scheduled Passenger,-,Valledupar Airport,VUP,SKVP,Colombia,Barrancabermeja-Yariguíes Airport,EJA,SKEJ,Colombia,4,28,0,0,-,-,-
19720508-0,Monday,08-MAY-1972,-,H2, En route (ENR),Tel Aviv-Lod International Airport (TLV),Israel,101,3, Unknown,-,Boeing 707-329,-,-,1963,-,-, OO-SJG, 18460/328,Sabena,International Scheduled Passenger,-,Wien-Schwechat International Airport,VIE,LOWW,Austria,Tel Aviv-Lod International Airport,TLV,LLBG,Israel,-,-,0,3,-,-,-
19720508-1,Monday,08-MAY-1972,-,A1, En route (ENR),ca 150 km W of Ciudad Bolívar,Venezuela,6,6, Damaged beyond repair,-,Douglas VC-47J (DC-3),-,-,1944,-,-, YV-C-GAI, 26613/15168,Aerotechnia,Domestic Non Scheduled Passenger,-,Ciudad Bolívar Airport,CBL,SVCB,Venezuela,-,-,-,-,2,4,2,4,-,-,-
19720508-2,Monday,08-MAY-1972,-,A1, Initial climb (ICL),"Argyz District, Tatarstan",Russia,2,2, Damaged beyond repair,-,Antonov An-2R,-,-,1964,18487.0,4891.0, CCCP-45292, 1G46-01,Aeroflot / Tajikistan,Agricultural,-,-,-,-,-,-,-,-,-,2,0,2,0,-,-,-
19720510-0,Wednesday,10-MAY-1972,-,A1, Landing (LDG),El Obeid Airport (EBD),Sudan,4,0, Damaged beyond repair,-,Fokker F-27 Friendship 400M,-,-,1965,3494.0,2304.0, ST-ADX, 10273,Sudan Airways,Unknown,-,-,-,-,-,El Obeid Airport,EBD,HSOB,Sudan,3,1,0,0,-,-,-
19720512-0,Friday,12-MAY-1972,11:12,A1, En route (ENR),"Okeechobee, FL",United States of America,8,8, Damaged beyond repair,-,Lockheed 18 Learstar,-,-,1943,-,-, N211L, 18-2626,Carolina Aircraft,Executive,-,-,-,-,-,Raleigh/Durham Airport,RDU,KRDU,United States of America,2,6,2,6,-,-,Final
19720512-1,Friday,12-MAY-1972,16:12,A2, Landing (LDG),Cochin Airport (COK),India,17,0, Substantial, Repaired,Hindustan Aeronautics Ltd. HAL-748-224 Srs. 2,-,-,1972,-,-, VT-EAT, 540,Indian Airlines,Domestic Scheduled Passenger,-,Coimbatore-Peelamedu Airport,CJB,VOCB,India,Cochin Airport,COK,VOCC,India,4,13,0,0,-,-,-
19720512-2,Friday,12-MAY-1972,-,A1, Unknown (UNK),near Kirensk,Russia,-,0, Damaged beyond repair,-,Antonov An-2TP,-,-,-,-,-, CCCP-50506, 1G88-33,Aeroflot / East Siberia,Unknown,-,-,-,-,-,-,-,-,-,-,-,0,0,-,-,-
19720513-0,Saturday,13-MAY-1972,-,U1, Unknown (UNK),within Cambodia,Cambodia,-,-, Damaged beyond repair,-,de Havilland Canada U-1A Otter (DHC-3),-,-,1960,-,-, 0-92227, 378,Khmer Air Force,Military,-,-,-,-,-,-,-,-,-,-,-,-,-,-,-,-
19720513-2,Saturday,13-MAY-1972,-,U1, Unknown (UNK),unknown,Cambodia,-,-, Damaged beyond repair,-,de Havilland Canada U-1A Otter (DHC-3),-,-,1959,-,-, 0-81718, 337,Khmer Air Force,Military,-,-,-,-,-,-,-,-,-,-,-,-,-,-,-,-
19720516-0,Tuesday,16-MAY-1972,-,A1, En route (ENR),Svetlogorsk,Russia,8,8, Destroyed, Written off (damaged beyond repair),Antonov An-24T,-,-,-,-,-, 05, 9911302,Soviet Navy,Military,-,Kaliningrad-Khrabrovo Airport,KGD,UMKK,Russia,Kaliningrad-Khrabrovo Airport,KGD,UMKK,Russia,6,2,6,2,-,25,-
19720517-0,Wednesday,17-MAY-1972,-,C1, Initial climb (ICL),near Kontum Airport (KON),Vietnam,5,4, Damaged beyond repair,-,Lockheed C-130E Hercules,-,-,1963,-,-, 63-7798, 3864,USAF,Military,-,-,-,-,-,Saigon-Tan Son Nhat International Airport,SGN,VVTS,Vietnam,5,0,4,0,-,-,-
19720518-0,Thursday,18-MAY-1972,11:53,A1, Approach (APR),24 km (15 mls) from  Kharkov Airport (HRK),Ukraine,122,122, Destroyed, Written off (damaged beyond repair),Antonov An-10A,4,Ivchenko AI-20K,1961,11106.0,15485.0, CCCP-11215, 0402502,Aeroflot / Ukraine,Domestic Scheduled Passenger,1491,Moskva-Vnukovo Airport,VKO,UUWW,Russia,Kharkov Airport,HRK,UKHH,Ukraine,7,115,7,115,-,-,-
19720518-1,Thursday,18-MAY-1972,15:21,A1, Landing (LDG),"Fort Lauderdale International Airport, FL (FLL)",United States of America,10,0, Damaged beyond repair,-,McDonnell Douglas DC-9-31,2,Pratt & Whitney JT8D-7B,1968,-,-, N8961E, 45870/332,Eastern Air Lines,Domestic Scheduled Passenger,EA346,Miami International Airport,MIA,KMIA,United States of America,Fort Lauderdale International Airport,FLL,KFLL,United States of America,4,6,0,0,-,-,Final
19720521-0,Sunday,21-MAY-1972,-,A1, Approach (APR),3 km (1.9 mls) NW off  Lobito Airport,Angola,25,22, Damaged beyond repair,-,Fokker F-27 Friendship 200,-,-,1970,3224.0,3828.0, CR-LLD, 10439,DTA,Domestic Scheduled Passenger,-,Luanda Airport,LAD,FNLU,Angola,-,-,-,-,6,19,5,17,-,-,-
19720523-0,Tuesday,23-MAY-1972,-,O1, Standing (STD),Kontum Airport (KON),Vietnam,0,0, Damaged beyond repair,-,Lockheed C-130E Hercules,-,-,1963,-,-, 62-1854, 3818,USAF,Military,-,-,-,-,-,-,-,-,-,0,0,0,0,-,-,-
19720523-1,Tuesday,23-MAY-1972,-,H2, En route (ENR),Quito-Mariscal Sucre Airport (UIO),Ecuador,-,1, Unknown,-,Lockheed L-188A Electra,-,-,-,-,-, registration unknown,-,Ecuatoriana,Domestic Scheduled Passenger,-,Quito-Mariscal Sucre Airport,UIO,SEQU,Ecuador,Guayaquil-Simon Bolivar Airport,GYE,SEGU,Ecuador,-,-,0,1,-,-,-
19720524-0,Wednesday,24-MAY-1972,-,H2, En route (ENR),Blantyre-Chileka Airport (BLZ),Malawi,55,0, Unknown,-,Boeing 727-44,-,-,1976,-,-, ZS-SBE, 18896/184,South African Airways,International Scheduled Passenger,-,Salisbury Airport,HRE,FVHA,Zimbabwe,Johannesburg International Airport,JNB,FAJS,South Africa,5,50,0,0,-,-,-
19720525-0,Thursday,25-MAY-1972,-,C2, En route (ENR),near Montego Bay,Jamaica,50,0, Minor, Repaired,Boeing 727-116,-,-,1968,-,-, CC-CAG, 19811/520,LAN Chile,International Scheduled Passenger,-,Panama City-Tocumen International Airport,PTY,MPTO,Panama,Miami International Airport,MIA,KMIA,United States of America,10,40,0,0,-,-,-
19720526-0,Friday,26-MAY-1972,-,A1, En route (ENR),Panevézys,Lithuania,6,5, Damaged beyond repair,-,Antonov An-12AP,-,-,-,-,-, registration unknown, 2401003,Soviet AF,Military,-,-,-,-,-,-,-,-,-,6,0,5,0,-,-,-
19720526-1,Friday,26-MAY-1972,-,A1, En route (ENR),off California,United States of America,8,8, Missing, Presumed damaged beyond repair,Lockheed P-3A Orion,-,-,1965,-,-, 152155, 185-5125,US Navy,Military,-,Mountain View-Moffett Field,NUQ,KNUQ,United States of America,Mountain View-Moffett Field,NUQ,KNUQ,United States of America,8,0,8,0,-,-,-
19720527-1,Saturday,27-MAY-1972,15:15,A1, Initial climb (ICL),Helgoland Airport (HGL),Germany,13,8, Damaged beyond repair,-,de Havilland Canada DHC-6 Twin Otter 100,2,Pratt & Whitney Canada PT6A-20,1967,-,-, D-IDHC,  31,General Air,Domestic Scheduled Passenger, 005,Helgoland Airport,HGL,EDXH,Germany,Wangerooge Airport,AGE,EDWG,Germany,3,10,2,6,-,-,-
19720528-1,Sunday,28-MAY-1972,-,H2, Unknown (UNK),Athens,Greece,135,0, Unknown,-,Boeing 707,-,-,-,-,-, registration unknown,-,Olympic Airways,Domestic Scheduled Passenger,-,Heraklion-N. Kazantzakis Airport,HER,LGIR,Greece,Athens-Ellinikon International Airport,ATH,LGAT,Greece,-,-,0,0,-,-,-
19720529-0,Monday,29-MAY-1972,-,A1, En route (ENR),"near Cruzeiro do Sul, AC",Brazil,18,9, Damaged beyond repair,-,Lockheed L-149 Constellation,-,-,-,-,-, PP-PDG, 2037,Amazonese,Cargo,-,Cruzeiro do Sul-Campo Internacional Airport,CZS,SBCZ,Brazil,-,-,-,-,3,15,3,6,-,-,-
19720530-0,Tuesday,30-MAY-1972,07:24,A1, Approach (APR),"Fort Worth-Greater Southwest Airport, TX (GSW)",United States of America,4,4, Damaged beyond repair,-,Douglas DC-9-14,2,Pratt & Whitney JT8D-7,1965,-,18998.0, N3305L, 45700/11,Delta Air Lines,Training,DL9570,Fort Worth-Greater Southwest International Airport,GSW,KGSW,United States of America,Fort Worth-Greater Southwest International Airport,GSW,KGSW,United States of America,4,0,4,0,-,-,Final
19720530-1,Tuesday,30-MAY-1972,-,H2, Unknown (UNK),"São Paulo-Congonhas Airport, SP (CGH)",Brazil,92,1, Unknown,-,Lockheed L-188A Electra,-,-,-,-,-, PP-VJL, 1024,Varig,Domestic Scheduled Passenger,-,São Paulo-Congonhas Airport,CGH,SBSP,Brazil,Porto Alegre Airport,POA,SBPA,Brazil,5,87,0,1,-,-,-
19720602-0,Friday,02-JUN-1972,-,H2, Unknown (UNK),Algiers,Algeria,98,0, Unknown,-,Boeing 727,-,-,-,-,-, registration unknown,-,Western Air Lines,Domestic Scheduled Passenger, 701,Los Angeles International Airport,LAX,KLAX,United States of America,Seattle/Tacoma International Airport,SEA,KSEA,United States of America,8,90,0,0,-,-,-
19720602-1,Friday,02-JUN-1972,-,H2, Unknown (UNK),"Reno, NV",United States of America,6,0, Unknown,-,Boeing 727,-,-,-,-,-, registration unknown,-,United Airlines,Domestic Scheduled Passenger,UA239,Reno/Tahoe International Airport,RNO,KRNO,United States of America,San Francisco International Airport,SFO,KSFO,United States of America,-,-,0,0,-,-,-
19720603-0,Saturday,03-JUN-1972,-,A1, En route (ENR),near Jebel Musa,Morocco,14,14, Damaged beyond repair,-,Lockheed P-3A Orion,-,-,1965,-,-, 152182, 185-5152,US Navy,Military,-,-,-,-,-,-,-,-,-,14,0,14,0,-,-,-
19720605-0,Monday,05-JUN-1972,06:55,A1, Landing (LDG),DYE 3 Airstrip,Greenland,8,1, Damaged beyond repair,-,Lockheed C-130D Hercules,-,-,1958,-,6258.0, 57-0495, 3202,USAF,Military,-,-,-,-,-,-,-,-,-,-,-,0,1,-,-,-
19720605-1,Monday,05-JUN-1972,-,A1, En route (ENR),off Magong AFB (MZG),Taiwan,6,6, Damaged beyond repair,-,Lockheed C-130E Hercules,-,-,1963,-,-, 62-1805, 3759,USAF,Military,-,Taipei-Songshan Airport,TSA,RCSS,Taiwan,Taipei-Songshan Airport,TSA,RCSS,Taiwan,6,0,6,0,-,-,-
19720605-2,Monday,05-JUN-1972,-,A1, Approach (APR),near Pleiku,Vietnam,32,32, Damaged beyond repair,-,Curtiss C-46A-45-CU Commando,2,Pratt & Whitney R-2800-51,1944,-,-, EM-2, 30460,Air America,Military,-,Hue-Phu Bai Airport,HUI,VVPB,Vietnam,Pleiku Airport,PXU,VVPK,Vietnam,3,29,3,29,-,-,-
19720608-0,Thursday,08-JUN-1972,-,H2, En route (ENR),Weiden,Germany,16,1, None,-,Let L-410A,-,-,1971,-,-, OK-ADN, 710004,Slov-Air,Domestic Scheduled Passenger,-,Mariánské Lázne Airport,MKA,LKMR,Czech Republic,Praha-Ruzyne International Airport,PRG,LKPR,Czech Republic,2,14,1,0,-,-,-
19720612-0,Monday,12-JUN-1972,19:44,A2, En route (ENR),"near Windsor, ON",Canada,67,0, Substantial, Repaired,McDonnell Douglas DC-10-10,3,General Electric CF6-6D,1971,-,2142.0, N103AA, 46503/5,American Airlines,Domestic Scheduled Passenger,AA96,Detroit-Metropolitan Wayne County Airport,DTW,KDTW,United States of America,Buffalo-Greater Buffalo International Airport,BUF,KBUF,United States of America,11,56,0,0,-,-,Final
19720613-1,Tuesday,13-JUN-1972,-,A1, Approach (APR),near Santiago-Pudahuel Airport (SCL),Chile,3,3, Damaged beyond repair,-,Curtiss C-46D-15-CU Commando,-,-,1945,-,-, CC-CDU, 33369,ALFA,Ferry/positioning,-,-,-,-,-,Santiago-Pudahuel Airport,SCL,SCEL,Chile,3,0,3,0,-,-,-
19720613-2,Tuesday,13-JUN-1972,-,A1, En route (ENR),70 km (43.8 mls) from  Compostela,Mexico,4,4, Damaged beyond repair,-,Douglas C-47 (DC-3),-,-,-,-,-, 6012,-,Mexican AF,Military,-,-,-,-,-,-,-,-,-,4,0,4,0,-,-,-
19720614-1,Wednesday,14-JUN-1972,20:18,A1, Approach (APR),ca 20 km E of Delhi-Palam Airport (DEL),India,87,82, Destroyed, Written off (damaged beyond repair),Douglas DC-8-53,4,Pratt & Whitney JT3D-,1964,-,-, JA8012, 45680/213,JAL,International Scheduled Passenger,JL471,Bangkok-Don Muang International Airport,BKK,VTBD,Thailand,Delhi-Palam Airport,DEL,VIDP,India,11,76,10,72,-,4,-
19720615-0,Thursday,15-JUN-1972,-,A1, Landing (LDG),Baué,Mozambique,4,0, Damaged beyond repair,-,IRMA/Britten-Norman BN-2A-3 Islander,-,-,1971,-,-, CR-AMX, 636,Transportes Aéreos de Tete,Passenger,-,Tete-Matundo Airport,TET,FQTT,Mozambique,-,-,-,-,1,3,0,0,-,-,-
19720615-1,Thursday,15-JUN-1972,05:59,C1, En route (ENR),55 km (34.4 mls) SE of Pleiku,Vietnam,81,81, Destroyed, Written off (damaged beyond repair),Convair CV-880-22M-21,-,-,1961,-,29434.0, VR-HFZ, 22-7-1-53,Cathay Pacific,International Scheduled Passenger, 700Z,Bangkok-Don Muang International Airport,BKK,VTBD,Thailand,Hong Kong-Kai Tak International Airport,HKG,VHHH,Hong Kong,10,71,10,71,-,-,Final
19720615-2,Thursday,15-JUN-1972,-,A1, Maneuvering (MNV),near Rechka,Russia,2,2, Damaged beyond repair,-,Antonov An-2R,-,-,1971,6191.0,1419.0, CCCP-02692, 1G123-58,Aeroflot / Northern,Agricultural,-,-,-,-,-,-,-,-,-,2,0,2,0,-,-,-
19720616-0,Friday,16-JUN-1972,-,A1, Landing (LDG),Cairo-Almaza Air Base (HEAZ),Egypt,59,0, Damaged beyond repair,-,Ilyushin Il-62,4,Kuznetsov NK-8-4,1970,-,-, SU-ARN, 00801,EgyptAir,Scheduled Passenger,-,-,-,-,-,Cairo International Airport,CAI,HECA,Egypt,12,47,0,0,-,-,-
19720618-0,Sunday,18-JUN-1972,16:11,A1, Initial climb (ICL),near Staines,United Kingdom,118,118, Destroyed, Written off (damaged beyond repair),Hawker Siddeley HS-121 Trident 1C,-,-,1964,-,-, G-ARPI, 2109,BEA,International Scheduled Passenger, 548,London-Heathrow Airport,LHR,EGLL,United Kingdom,Brussel-Zaventem Airport,BRU,EBBR,Belgium,9,109,9,109,-,-,Final
19720618-1,Sunday,18-JUN-1972,23:55,C1, En route (ENR),W of A Shau Valley,Vietnam,15,12, Destroyed, Written off (damaged beyond repair),Lockheed AC-130A Spectre,-,-,1957,-,-, 55-0043, 3070,USAF,Military,-,Ubon Ratchathani RTAFB,UBP,VTUU,Thailand,Ubon Ratchathani RTAFB,UBP,VTUU,Thailand,15,0,12,0,-,-,-
19720623-0,Friday,23-JUN-1972,-,H2, Unknown (UNK),"Saint Louis-Lambert International Airport, MO (STL)",United States of America,101,0, Unknown,-,Boeing 727,-,-,-,-,-, registration unknown,-,American Airlines,Domestic Scheduled Passenger,AA119,Saint Louis-Lambert International Airport,STL,KSTL,United States of America,Tulsa International Airport,TUL,KTUL,United States of America,-,-,0,0,-,-,-
19720624-0,Saturday,24-JUN-1972,23:17,A1, Approach (APR),Ponce-Mercedita Airport (PSE),Puerto Rico,20,5, Destroyed, Written off (damaged beyond repair),de Havilland DH-114 Prinair Heron 2B,4,Continental IO-520E,1955,-,11364.0, N554PR, 14085,Prinair,Domestic Scheduled Passenger, 191,San Juan-Isla Verde International Airport,SJU,TJSJ,Puerto Rico,Ponce-Mercedita Airport,PSE,TJPS,Puerto Rico,2,18,2,3,-,-,Final
19720626-0,Monday,26-JUN-1972,-,A1, En route (ENR),Irish Sea,United Kingdom,11,0, Damaged beyond repair,-,de Havilland DH-114 Sea Heron C.1,-,-,1955,-,-, XR444, 14091,Royal Navy,Military,-,-,-,-,-,-,-,-,-,3,8,0,0,-,-,-
19720628-0,Wednesday,28-JUN-1972,-,A1, En route (ENR),6 km (3.8 mls) from  Shiringa,Russia,4,4, Damaged beyond repair,-,Antonov An-2R,-,-,1970,-,1394.0, CCCP-02582, 1G121-01,Aeroflot / East Siberia,Illegal Flight,-,-,-,-,-,-,-,-,-,2,2,2,2,-,-,-
19720628-2,Wednesday,28-JUN-1972,-,A1, Unknown (UNK),near Kzyl-Orda,Kazakhstan,-,0, Damaged beyond repair,-,Antonov An-2R,-,-,-,-,-, CCCP-35313, 1G134-06,Aeroflot / Ukraine,Agricultural,-,-,-,-,-,-,-,-,-,-,-,0,0,-,-,-
19720629-0,Thursday,29-JUN-1972,10:37,A1, Approach (APR),"ca. 8 km S of Appleton, WI",United States of America,8,8, Damaged beyond repair,-,de Havilland Canada DHC-6 Twin Otter 100,2,Pratt & Whitney Canada PT6A-20,1966,-,15664.0, N4043B,  13,Air Wisconsin,Domestic Scheduled Passenger, 671,Sheboygan Memorial Airport,SBM,KSBM,United States of America,Appleton-Outagamie County Airport,ATW,KATW,United States of America,2,6,2,6,5,-,Final
19720629-1,Thursday,29-JUN-1972,10:37,A1, Approach (APR),"ca. 8 km S of Appleton, WI",United States of America,5,5, Damaged beyond repair,-,Convair CV-580,2,Allison 501-D13,1953,-,45905.0, N90858,  83,North Central Airlines,Domestic Scheduled Passenger, 290,Green Bay-Austin-Straubel Field,GRB,KGRB,United States of America,Oshkosh-Wittman Field,OSH,KOSH,United States of America,3,2,3,2,8,-,Final
19720629-2,Thursday,29-JUN-1972,17:10,A1, Takeoff (TOF),Blackpool Airport (BLK),United Kingdom,8,7, Damaged beyond repair,-,MBB HFB-320 Hansa Jet,2,General Electric CJ610-1,1968,-,2274.0, D-CASY, 1029,Inter City Flug,Executive,-,Blackpool Airport,BLK,EGNH,United Kingdom,Rotterdam Airport,RTM,EHRD,Netherlands,2,6,2,5,-,-,Final
19720629-3,Thursday,29-JUN-1972,-,A1, Maneuvering (MNV),"Astrakhanka District, Tselinograd Region",Kazakhstan,2,1, Damaged beyond repair,-,Antonov An-2R,-,-,1964,12844.0,5289.0, CCCP-46652, 1G47-21,Aeroflot / Kazakstan,Agricultural,-,-,-,-,-,-,-,-,-,2,0,1,0,-,-,-
19720630-0,Friday,30-JUN-1972,-,H2, Unknown (UNK),at an unknown location,Unknown country,42,0, Unknown,-,McDonnell Douglas DC-9,-,-,-,-,-, registration unknown,-,Hughes Airwest,Domestic Scheduled Passenger, 775,Seattle/Tacoma International Airport,SEA,KSEA,United States of America,Portland International Airport,PDX,KPDX,United States of America,-,-,0,0,-,-,-
19720699-1,-,xx-JUN-1972,-,U1, Unknown (UNK),"Porto Alegre, RS",Brazil,-,0, Damaged beyond repair,-,Douglas C-47B-1-DK (DC-3),-,-,1944,-,-, 2010, 25680/14235,Brazilian AF,Military,-,-,-,-,-,-,-,-,-,-,-,0,0,-,-,-
19720701-0,Saturday,01-JUL-1972,-,A1, Initial climb (ICL),off Hao Island Airport (HOI),Pacific Ocean,6,6, Damaged beyond repair,-,Boeing C-135F Stratotanker,4,Pratt & Whitney TF33-P-5,1964,-,-, 38743, 18682/C004,French AF,Military,-,Hao Island Airport,HOI,NTTO,French Polynesia,-,-,-,-,6,0,6,0,-,-,-
19720701-1,Saturday,01-JUL-1972,-,A1, Unknown (UNK),"South Weymouth Naval Air Station, MA (NZW)",United States of America,-,-, Damaged beyond repair,-,Lockheed P-2H Neptune,-,-,-,-,-, 145904, 726-7166,US Navy,Military,-,-,-,-,-,-,-,-,-,-,-,-,-,-,-,-
19720702-0,Sunday,02-JUL-1972,-,A1, Unknown (UNK),Kulusuk Airport (KUS),Greenland,-,-, Damaged beyond repair,-,Douglas C-47B-15-DK (DC-3),2,Pratt & Whitney R-1830-90C,1944,-,-, F-WSGU, 26865/15420,Rousseau Aviation,Unknown,-,-,-,-,-,-,-,-,-,-,-,-,-,-,-,-
19720702-1,Sunday,02-JUL-1972,-,H2, Unknown (UNK),Saigon-Tan Son Nhat International Airport (SGN),Vietnam,152,1, Unknown,-,Boeing 747,-,-,-,-,-, registration unknown,-,Pan Am,International Scheduled Passenger,PA841,Manila International Airport,MNL,RPLL,Philippines,Saigon-Tan Son Nhat International Airport,SGN,VVTS,Vietnam,-,-,0,1,-,-,-
19720705-0,Wednesday,05-JUL-1972,-,H2, Unknown (UNK),"San Francisco International Airport, CA (SFO)",United States of America,86,3, Unknown,-,Boeing 737-200,-,-,-,-,-, registration unknown,-,PSA,Domestic Scheduled Passenger, 710,-,-,-,-,San Francisco International Airport,SFO,KSFO,United States of America,7,79,0,3,-,-,-
19720705-1,Wednesday,05-JUL-1972,-,H2, Standing (STD),"Buffalo-Greater Buffalo International Airport, NY (BUF)",United States of America,2,0, None,-,Boeing 707,-,-,-,-,-, registration unknown,-,American Airlines,-,-,-,-,-,-,-,-,-,-,-,-,0,0,-,-,-
19720706-0,Thursday,06-JUL-1972,02:00,A1, Approach (APR),"21 km (13.1 mls) E off  Arinaga, Las Palmas, Canary Islands",Spain,10,10, Destroyed, Written off (damaged beyond repair),Douglas DC-8-52,4,Pratt & Whitney JT3D-,1961,-,-, EC-ARA, 45617/136,Aviaco,Ferry/positioning, 331,Madrid-Barajas Airport,MAD,LEMD,Spain,Las Palmas-Airport de Gran Canaria,LPA,GCLP,Spain,10,0,10,0,-,-,-
19720706-1,Thursday,06-JUL-1972,-,H2, Unknown (UNK),"Oakland International Airport, CA (OAK)",United States of America,58,0, Unknown,-,Boeing 727,-,-,-,-,-, registration unknown,-,PSA,Domestic Scheduled Passenger, 389,Oakland International Airport,OAK,KOAK,United States of America,Sacramento Metropolitan Airport,SMF,KSMF,United States of America,-,-,0,0,-,-,-
19720707-0,Friday,07-JUL-1972,-,A1, Landing (LDG),Kompong Som Airport (KOS),Cambodia,2,0, Damaged beyond repair,-,Douglas DC-3,-,-,-,-,-, XW-PHW,-,Cambodia Air Commercial,Cargo,-,-,-,-,-,Sihanoukville (Kompong Som) Airport,KOS,VDSV,Cambodia,2,0,0,0,-,-,-
19720707-1,Friday,07-JUL-1972,15:00,A1, Takeoff (TOF),"Wales Airport, AK (WAA)",United States of America,2,0, Damaged beyond repair,-,Lockheed 18 Learstar,-,-,1943,-,-, CF-BAL, 18-2383,Lost River Mining Corp.,Unknown,-,Wales Airport,WAA,PAIW,United States of America,Wales Airport,WAA,PAIW,United States of America,2,0,0,0,-,-,Final
19720709-0,Sunday,09-JUL-1972,-,A2, Landing (LDG),Belgaum-Sambre Airport (IXG),India,16,0, Substantial, Repaired,Hindustan Aeronautics Ltd. HAL-748-224 Srs. 2,-,-,1968,-,-, VT-DXJ, 515,Indian Airlines,Domestic Scheduled Passenger,-,-,-,-,-,Belgaum-Sambre Airport,IXG,VABM,India,4,12,0,0,-,-,-
19720710-0,Monday,10-JUL-1972,-,A1, Unknown (UNK),Tabuk Airport (TUU),Saudi Arabia,-,0, Damaged beyond repair,-,Douglas C-47B-30-DK (DC-3),2,Pratt & Whitney R-1830-90C,1945,-,-, HZ-AAK, 32979/16231,Saudi Arabian,Unknown,-,-,-,-,-,-,-,-,-,-,-,0,0,-,-,-
19720710-1,Monday,10-JUL-1972,-,H2, En route (ENR),München-Riem Airport (MUC),Germany,-,0, None,-,Boeing 737,-,-,-,-,-, registration unknown,-,Lufthansa,Domestic Scheduled Passenger,-,Köln/Bonn Airport,CGN,EDDK,Germany,München-Riem Airport,MUC,EDDM,Germany,-,53,0,0,-,-,-
19720711-0,Tuesday,11-JUL-1972,15:43,A1, En route (ENR),15 km (9.4 mls) NNW of Harstad,Norway,17,17, Damaged beyond repair,-,de Havilland Canada DHC-6 Twin Otter 100,2,Pratt & Whitney Canada PT6A-20,1967,-,-, 67-056,  56,Norwegian AF,Military,-,Bardufoss Airport,BDU,ENDU,Norway,Stokmarknes-Skagen Airport,SKN,ENSK,Norway,3,14,3,14,-,-,-
19720711-1,Tuesday,11-JUL-1972,-,A1, Initial climb (ICL),Okha,Russia,2,2, Damaged beyond repair,-,Antonov An-2,-,-,1958,13340.0,10005.0, CCCP-98280, 110147308,Aeroflot / Far East,Cargo,-,-,-,-,-,-,-,-,-,2,0,2,0,-,-,-
19720712-0,Wednesday,12-JUL-1972,-,H2, Unknown (UNK),"Oklahoma City-Will Rogers Airport, OK (OKC)",United States of America,57,0, Unknown,-,Boeing 727,-,-,-,-,-, registration unknown,-,American Airlines,Domestic Scheduled Passenger,AA633,Oklahoma City-Will Rogers Airport,OKC,KOKC,United States of America,Dallas-Love Field,DAL,KDAL,United States of America,6,51,0,0,-,-,-
19720712-1,Wednesday,12-JUL-1972,-,H2, Unknown (UNK),at an unknown location,Unknown country,-,2, Unknown,-,unknown,-,-,-,-,-, registration unknown,-,UTA,Unknown,-,Abidjan-Felix Houphouet Boigny Airport,ABJ,DIAP,Cote d'Ivoire,Paris-Le Bourget Airport,LBG,LFPB,France,-,-,-,-,-,-,-
19720712-2,Wednesday,12-JUL-1972,-,H2, Unknown (UNK),"Lake Jackson, TX",United States of America,120,0, Unknown,-,Boeing 727,-,-,-,-,-, registration unknown,-,National Airlines,Domestic Scheduled Passenger, 496,Philadelphia International Airport,PHL,KPHL,United States of America,-,-,-,-,-,-,0,0,-,-,-
19720712-3,Wednesday,12-JUL-1972,16:05,A1, Maneuvering (MNV),"Socorro, NM",United States of America,2,2, Damaged beyond repair,-,Boeing B-17G,-,-,-,-,-, N73648, 32505,Black Hills Aviation,Fire fighting,-,Alamogordo Municipal Airport,ALM,KALM,United States of America,Alamogordo Municipal Airport,ALM,KALM,United States of America,2,0,2,0,-,-,Final
19720716-0,Sunday,16-JUL-1972,-,A1, En route (ENR),"58 km (36.3 mls) NW of Nahanni Butte, NWT",Canada,2,2, Damaged beyond repair,-,de Havilland Canada DHC-3 Otter,-,-,1955,-,-, CF-XUX, 72,BC Yukon Air Service,Domestic Non Scheduled Passenger,-,Watson Lake Airport,YQH,CYQH,Canada,-,-,-,-,1,1,1,1,-,-,-
19720717-0,Monday,17-JUL-1972,-,A1, Approach (APR),near Moskva-Sheremetyevo Airport (SVO),Russia,-,0, Damaged beyond repair,-,Tupolev Tu-134,-,-,-,-,-, CCCP-65607, 6350104,GosNII GA,Unknown,-,-,-,-,-,Moskva-Sheremetyevo Airport,SVO,UUEE,Russia,-,-,0,0,-,-,-
19720717-1,Monday,17-JUL-1972,-,A1, Landing (LDG),Wapenamanda Airport (WBM),Papua New Guinea,2,0, Damaged beyond repair,-,Douglas C-47A-1-DK (DC-3),2,Pratt & Whitney R-1830-92,1943,-,-, VH-MAE, 11917,Ansett Airlines of PNG,Cargo,-,Madang Airport,MAG,AYMD,Papua New Guinea,Wapenamanda Airport,WBM,AYWD,Papua New Guinea,2,0,0,0,-,-,-
19720718-0,Tuesday,18-JUL-1972,-,C2, En route (ENR),145 km (90.6 mls) SE of San Andrés,Colombia,52,1, None,-,Vickers 785D Viscount,4,Rolls-Royce Dart 510,1958,-,-, HK-1058, 380,Aerolíneas TAO,Domestic Scheduled Passenger,511,San Andrés Island Airport,ADZ,SKSP,Colombia,Bogotá-Eldorado Airport,BOG,SKBO,Colombia,6,46,1,0,-,-,-
19720718-1,Tuesday,18-JUL-1972,-,U1, Unknown (UNK),unknown,Unknown country,-,-, Damaged beyond repair,-,Fairchild AC-119G Flying Boxcar,-,-,-,-,-, 3164, 11175,Republic of China AF,Military,-,-,-,-,-,-,-,-,-,-,-,-,-,-,-,-
19720719-0,Wednesday,19-JUL-1972,13:15,A2, Takeoff (TOF),Kerkyra Airport (CFU),Greece,85,1, Substantial, Repaired,BAC One-Eleven 501EX,2,Rolls-Royce Spey 512-14DW,1969,5626.0,8997.0, G-AWYS, 175,British Caledonian Airways,Int'l Non Scheduled Passenger,-,Kerkyra-I. Kapodistrias Airport,CFU,LGKR,Greece,London-Gatwick Airport,LGW,EGKK,United Kingdom,6,79,0,1,-,-,Final
19720719-1,Wednesday,19-JUL-1972,-,A1, En route (ENR),7 km (4.4 mls) W of Yenotayevka,Russia,1,1, Destroyed, Written off (damaged beyond repair),Antonov An-2R,-,-,1965,5200.0,3694.0, CCCP-15283, 1G61-04,Aeroflot / North Kavkaz,Illegal Flight,-,-,-,-,-,-,-,-,-,1,0,1,0,-,-,-
19720720-0,Thursday,20-JUL-1972,13:30,A1, En route (ENR),near Santiago,Chile,6,6, Missing, Presumed damaged beyond repair,Canadair CC-106 Yukon (CL-44),4,Rolls-Royce Tyne 515,1961,-,-, LV-JYR,  7,AER,Cargo,-,Montevideo-Carrasco Airport,MVD,SUMU,Uruguay,Santiago-Pudahuel Airport,SCL,SCEL,Chile,6,0,6,0,-,-,-
19720721-0,Friday,21-JUL-1972,12:25,A1, Landing (LDG),Pivijay,Colombia,2,0, Damaged beyond repair,-,Douglas C-53 (DC-3),-,-,1942,-,-, N39393, 4943,Acme Leasing,Unknown,-,Panama City-Tocumen International Airport,PTY,MPTO,Panama,Aruba-Reina Beatrix Airport,AUA,TNCA,Aruba,2,0,0,0,-,-,-
19720725-0,Tuesday,25-JUL-1972,10:50,A1, Maneuvering (MNV),NE of Tha Tam Bleung,Laos,4,3, Damaged beyond repair,-,de Havilland Canada DHC-6 Twin Otter 300,2,Pratt & Whitney Canada PT6A-27,1971,-,-, N5662, 326,Air America,Cargo,-,Vientiane-Wattay Airport,VTE,VLVT,Laos,Vientiane-Wattay Airport,VTE,VLVT,Laos,4,0,3,0,-,-,-
19720725-1,Tuesday,25-JUL-1972,-,A1, Takeoff (TOF),San Pedro Richard Airport,Bolivia,4,0, Damaged beyond repair,-,Curtiss CW-20 (C-46),-,-,1945,-,-, CP-752, 22544,TABSA,Domestic Non Scheduled Passenger,-,-,-,-,-,La Paz-El Alto Airport,LPB,SLLP,Bolivia,2,2,0,0,-,-,-
19720726-0,Wednesday,26-JUL-1972,-,A1, Unknown (UNK),Kanoya,Japan,8,8, Damaged beyond repair,-,Lockheed P2V-7 Neptune,-,-,-,-,-, 4650, 2034,Japanese Navy,Military,-,-,-,-,-,-,-,-,-,-,-,-,-,-,-,-
19720727-0,Thursday,27-JUL-1972,18:18,A1, Approach (APR),"Wenatchee-Pangborn Field, WA (EAT)",United States of America,2,0, Damaged beyond repair,-,Consolidated P4Y-2 Privateer,-,-,-,-,-, N6816D,-,Hawkins & Powers,Fire fighting,-,Wenatchee-Pangborn Field,EAT,KEAT,United States of America,Wenatchee-Pangborn Field,EAT,KEAT,United States of America,2,0,0,0,-,-,Final
19720728-0,Friday,28-JUL-1972,-,A1, Unknown (UNK),near Ust'-Kuiga,Russia,-,0, Damaged beyond repair,-,Antonov An-2T,-,-,1952,-,-, CCCP-32649, 11847303,Aeroflot / Yakutsk,Unknown,-,-,-,-,-,-,-,-,-,-,-,0,0,-,-,-
19720729-1,Saturday,29-JUL-1972,06:53,A1, En route (ENR),near Las Palomas,Colombia,17,17, Destroyed, Written off (damaged beyond repair),Douglas DC-3A,-,-,1943,-,-, HK-1341, 11716,Avianca,Domestic Scheduled Passenger,-,Villavicencio Airport,VVC,SKVV,Colombia,El Yopal Airport,EYP,SKYP,Colombia,3,14,3,14,21,-,-
19720729-2,Saturday,29-JUL-1972,06:53,A1, En route (ENR),near Las Palomas,Colombia,21,21, Destroyed, Written off (damaged beyond repair),Douglas DC-3A,-,-,1943,-,-, HK-107, 11723,Avianca,Domestic Scheduled Passenger,AV626,Villavicencio Airport,VVC,SKVV,Colombia,Paz de Ariporo-Casanare Airport,PZA,SKPZ,Colombia,3,18,3,18,17,-,-
19720731-0,Monday,31-JUL-1972,-,H2, Unknown (UNK),Algiers,Algeria,101,0, Unknown,-,McDonnell Douglas DC-8,-,-,-,-,-, registration unknown,-,Delta Air Lines,Domestic Scheduled Passenger,DL841,-,-,-,-,Miami International Airport,MIA,KMIA,United States of America,7,94,0,0,-,-,-
19720731-1,Monday,31-JUL-1972,10:15,A2, Takeoff (TOF),Ambari Falakata Airport,India,9,0, Substantial, Repaired,Douglas C-47A-25-DK (DC-3),-,-,1944,-,-, VT-ATZ, 13689,Jamair,Domestic Non Scheduled Passenger,-,-,-,-,-,-,-,-,-,4,5,0,0,-,-,-
19721201-1,Friday,01-DEC-1972,-,A1, Approach (APR),2 km (1.3 mls) N of Tuy Hoa Airport (TBB),Vietnam,22,7, Damaged beyond repair,-,de Havilland Canada C-7A Caribou (DHC-4),-,-,-,-,-, registration unknown,-,Vietnam Air Force - VNAF,Military,-,Buon Me Thuot (Ban Me Thuot)-Phung-Duc Airport,BMV,VVBM,Vietnam,Tuy Hoa Airport,TBB,VVTH,Vietnam,-,-,-,-,-,-,-
19721203-0,Sunday,03-DEC-1972,06:45,A1, Initial climb (ICL),Tenerife-Los Rodeos International Airport (TCI),Spain,155,155, Destroyed, Written off (damaged beyond repair),Convair CV-990-30A-5 Coronado,4,General Electric CJ805-23,1962,-,-, EC-BZR, 30-10-25,Spantax,Int'l Non Scheduled Passenger,-,Tenerife-Los Rodeos International Airport,TCI,GCXO,Spain,München-Riem Airport,MUC,EDDM,Germany,7,148,7,148,-,-,-
19721203-1,Sunday,03-DEC-1972,-,A1, Unknown (UNK),"Yerbogachon, Irkutsk Region",Russia,-,0, Damaged beyond repair,-,Antonov An-2TP,-,-,-,-,-, CCCP-41306, 1G64-21,Aeroflot / East Siberia,Unknown,-,-,-,-,-,-,-,-,-,-,-,0,0,-,-,-
19721203-2,Sunday,03-DEC-1972,22:07,A1, Approach (APR),"Tucumcari Airport, NM (TCC)",United States of America,11,5, Damaged beyond repair,-,Howard Super Ventura,-,-,1943,-,-, N5033F, 5887,Karan Corp.,Executive,-,-,-,-,-,Tucumcari Airport,TCC,KTCC,United States of America,2,9,2,3,-,-,Final
19721205-0,Tuesday,05-DEC-1972,15:05,A1, En route (ENR),Beni Suef,Egypt,6,6, Damaged beyond repair,-,Boeing 707-366C,4,Pratt & Whitney JT3D-7,1969,-,-, SU-AOW, 19845/809,EgyptAir,Training,-,Cairo International Airport,CAI,HECA,Egypt,Cairo International Airport,CAI,HECA,Egypt,6,0,6,0,-,-,-
19721205-1,Tuesday,05-DEC-1972,-,A1, En route (ENR),"24 km (15 mls) N of Conway, SC",United States of America,12,12, Damaged beyond repair,-,Lockheed C-130E-I Hercules,-,-,1965,-,-, 64-0558, 4059,USAF,Military,-,-,-,-,-,-,-,-,-,12,0,12,0,1,-,-
19721205-2,Tuesday,05-DEC-1972,-,A1, Unknown (UNK),Galapa,Colombia,3,0, Damaged beyond repair,-,Curtiss C-46A-35-CU Commando,2,Pratt & Whitney R-2800-51,1944,-,-, YV-C-TGE, 26730,Latin Carga,Cargo,-,Kingston Airport,KIN,MKJP,Jamaica,Barranquilla-Ernesto Cortissoz Airport,BAQ,SKBQ,Colombia,3,0,0,0,-,-,-
19721206-0,Wednesday,06-DEC-1972,-,A1, Unknown (UNK),"19 km (11.9 mls) S of Lac Randall, QC",Canada,3,0, Damaged beyond repair,-,Douglas C-47B-15-DK (DC-3),2,Pratt & Whitney R-1830-90C,1944,-,-, CF-AUQ, 26726/15281,Superior Airways,Unknown,-,-,-,-,-,-,-,-,-,3,0,0,0,-,-,-
19721208-0,Friday,08-DEC-1972,-,H2, En route (ENR),Addis Ababa,Ethiopia,94,7, Substantial, Repaired,Boeing 720-060B,-,-,-,-,-, registration unknown,-,Ethiopian Airlines,International Scheduled Passenger,ET708,Addis Ababa-Haile Selassie I International Airport,ADD,HAAB,Ethiopia,Asmara International Airport,ASM,HAAY,Eritrea,-,-,0,7,-,-,-
19721208-1,Friday,08-DEC-1972,14:28,A1, Approach (APR),"2 km (1.3 mls) from  Chicago-Midway Airport, IL (MDW)",United States of America,61,43, Damaged beyond repair,-,Boeing 737-222,2,Pratt & Whitney JT8D-7B,1968,-,7247.0, N9031U, 19069/75,United Airlines,Domestic Scheduled Passenger,UA553,Washington-National Airport,DCA,KDCA,United States of America,Chicago-Midway Airport,MDW,KMDW,United States of America,6,55,3,40,-,2,Final
19721208-2,Friday,08-DEC-1972,-,A1, En route (ENR),near Jalkot,Pakistan,26,26, Damaged beyond repair,-,Fokker F-27 Friendship 600,-,-,1966,16720.0,11077.0, AP-AUS, 10314,PIA,Domestic Scheduled Passenger,PK631,Gilgit Airport,GIL,OPGT,Pakistan,-,-,-,-,4,22,4,22,-,-,-
19721209-0,Saturday,09-DEC-1972,-,A1, Landing (LDG),Guam-Agana NAS (NGM),Guam,8,5, Damaged beyond repair,-,Lockheed C-130E Hercules,-,-,1964,-,-, 64-0505, 3989,USAF,Military,-,-,-,-,-,-,-,-,-,5,3,4,1,-,-,-
19721212-0,Tuesday,12-DEC-1972,19:38,A1, Approach (APR),"Findlay, OH",United States of America,7,0, Damaged beyond repair,-,de Havilland DH-125-3A,-,-,1967,-,-, N521M, 25129,Marathon Oil,Executive,-,-,-,-,-,Findlay Airport,FDY,KFDY,United States of America,2,5,0,0,-,-,Final
19721212-1,Tuesday,12-DEC-1972,22:56,A2, Landing (LDG),"New York-John F. Kennedy International Airport, NY (JFK)",United States of America,3,0, Substantial, Repaired,Boeing 707-331C,4,Pratt & Whitney JT3D-3B,1964,-,29715.0, N788TW, 18713/378,TWA,Cargo,TW669,Baltimore/Washington International Airport,BWI,KBWI,United States of America,New York-John F. Kennedy International Airport,JFK,KJFK,United States of America,3,0,0,0,-,-,Final
19721214-0,Thursday,14-DEC-1972,-,H2, Unknown (UNK),Montreal,Canada,52,0, Unknown,-,BAC One-Eleven,-,-,-,-,-, registration unknown,-,Quebecair,Domestic Scheduled Passenger,-,Wabush Airport,YWK,CYWK,Canada,-,-,-,-,-,-,0,0,-,-,-
19721215-0,Friday,15-DEC-1972,11:46,A1, Takeoff (TOF),"Detroit-Metropolitan Wayne County Airport, MI (DTW)",United States of America,2,2, Damaged beyond repair,-,Learjet 23,-,-,-,-,-, N20M, 23-094,Zantop,Ferry/positioning,-,Detroit-Metropolitan Wayne County Airport,DTW,KDTW,United States of America,Lexington-Blue Grass Airport,LEX,KLEX,United States of America,2,0,2,0,-,1,Final
19721215-1,Friday,15-DEC-1972,17:14,A2, Landing (LDG),"Miami International Airport, FL (MIA)",United States of America,160,0, Substantial, Repaired,Boeing 747-151,4,Pratt & Whitney JT9D-3A,1970,-,6605.0, N602US, 19779/40,Northwest Airlines,Domestic Scheduled Passenger,NW723,Miami International Airport,MIA,KMIA,United States of America,-,-,-,-,11,149,0,0,-,-,Final
19721215-2,Friday,15-DEC-1972,-,A1, Unknown (UNK),Arica-Chacalluta Airport (ARI),Chile,5,0, Damaged beyond repair,-,Curtiss C-46A-50-CU,-,-,1944,-,-, CC-CLA, 30564,LASA,Cargo,-,Iquique-Cavancha Airport,IQQ,SCDA,Chile,Arica-Chacalluta Airport,ARI,SCAR,Chile,5,0,0,0,-,-,-
19721219-0,Tuesday,19-DEC-1972,-,U1, Unknown (UNK),at an unknown location,Unknown country,-,-, Damaged beyond repair,-,Shorts SC.7 Skyvan 3M-400,2,Garrett TPE331-2-201A,1970,-,-, T-703, SH.1882,Indonesian AF,Military,-,-,-,-,-,-,-,-,-,-,-,-,-,-,-,-
19721220-0,Wednesday,20-DEC-1972,18:00,A1, Taxi (TXI),"Chicago-O'Hare International Airport, IL (ORD)",United States of America,88,0, Damaged beyond repair,-,Convair CV-880-22-2,-,-,1960,-,-, N8807E, 22-00-29,Delta Air Lines,Domestic Scheduled Passenger,DL954,Tampa International Airport,TPA,KTPA,United States of America,Chicago-O'Hare International Airport,ORD,KORD,United States of America,7,81,0,0,-,-,-
19721220-1,Wednesday,20-DEC-1972,18:00,A1, Takeoff (TOF),"Chicago-O'Hare International Airport, IL (ORD)",United States of America,45,10, Damaged beyond repair,-,McDonnell Douglas DC-9-31,2,Pratt & Whitney JT8D-7,1968,-,11812.0, N954N, 47159/231,North Central Airlines,Domestic Scheduled Passenger, 575,Chicago-O'Hare International Airport,ORD,KORD,United States of America,Madison Regional Airport,MSN,KMSN,United States of America,4,41,0,10,-,-,Final
19721220-2,Wednesday,20-DEC-1972,-,U1, Unknown (UNK),"Lac Randall, QC",Canada,-,-, Damaged beyond repair,-,Curtiss C-46F-1-CU Commando,-,-,1945,-,-, CF-IHV, 22551,Nordair,Unknown,-,-,-,-,-,-,-,-,-,-,-,-,-,-,-,-
19721221-0,Thursday,21-DEC-1972,-,A1, Approach (APR),off Sint Maarten,Sint Maarten,13,13, Damaged beyond repair,-,de Havilland Canada DHC-6 Twin Otter 300,2,Pratt & Whitney Canada PT6A-27,1969,-,-, F-OGFE, 258,Air Guadeloupe,International Scheduled Passenger,-,Pointe-à-Pitre-Le Raizet Airport,PTP,TFFR,Guadeloupe,Sint Maarten-Juliana Airport,SXM,TNCM,Sint Maarten,2,11,2,11,-,-,-
19721221-1,Thursday,21-DEC-1972,-,C1, Maneuvering (MNV),40 km (25 mls) NE of Pakse,Laos,16,14, Destroyed, Written off (damaged beyond repair),Lockheed AC-130A Spectre,-,-,1957,-,-, 56-0490, 3098,USAF,Military,-,Ubon Ratchathani RTAFB,UBP,VTUU,Thailand,Ubon Ratchathani RTAFB,UBP,VTUU,Thailand,16,0,14,0,-,-,-
19721223-0,Saturday,23-DEC-1972,16:34,A1, Approach (APR),16 km (10 mls) W of Oslo-Fornebu Airport (FBU),Norway,45,40, Destroyed, Written off (damaged beyond repair),Fokker F-28 Fellowship 1000,2,Rolls-Royce Spey 555-15,1969,16710.0,8228.0, LN-SUY, 11011,Braathens,Domestic Scheduled Passenger,BU239,Ålesund-Vigra Airport,AES,ENAL,Norway,Oslo-Fornebu Airport,FBU,ENFB,Norway,3,42,3,37,-,-,Final
19721224-0,Sunday,24-DEC-1972,-,C1, Unknown (UNK),Tonquil Island,Philippines,7,-, Damaged beyond repair,-,Douglas C-47 (DC-3),-,-,-,-,-, registration unknown,-,Philippine AF,Military,-,-,-,-,-,-,-,-,-,-,-,-,-,-,-,-
19721227-0,Wednesday,27-DEC-1972,22:02,A1, Approach (APR),"Saranac Lake, NY",United States of America,3,3, Damaged beyond repair,-,Lockheed L-1329 JetStar I,-,-,1961,-,-, N400M, 5008,Fluor Corp,Executive,-,Grand Island Airport,GRI,KGRI,United States of America,Saranac Lake-Adirondack Airport,SLK,KSLK,United States of America,3,0,3,0,-,-,Final
19721228-2,Thursday,28-DEC-1972,-,A1, Landing (LDG),Bilbao Airport (BIO),Spain,4,0, Damaged beyond repair,-,Fokker F-28 Fellowship 1000,-,-,1970,6447.0,7634.0, EC-BVC, 11023,Iberia,Training,-,-,-,-,-,Bilbao Airport,BIO,LEBB,Spain,4,0,0,0,-,-,-
19721229-0,Friday,29-DEC-1972,23:42,A1, Approach (APR),"Everglades, FL",United States of America,176,101, Destroyed, Written off (damaged beyond repair),Lockheed L-1011-385-1 TriStar 1,3,Rolls-Royce RB211-22C,1972,502.0,986.0, N310EA, 1011,Eastern Air Lines,Domestic Scheduled Passenger,EA401,New York-John F. Kennedy International Airport,JFK,KJFK,United States of America,Miami International Airport,MIA,KMIA,United States of America,13,163,5,96,-,-,Final
19721231-1,Sunday,31-DEC-1972,19:23,A1, Initial climb (ICL),off San Juan-Isla Verde International Airport (SJU),Puerto Rico,5,5, Damaged beyond repair,-,Douglas DC-7CF,-,-,1957,-,-, N500AE, 45130/823,American Express Leasing,Cargo,-,San Juan-Isla Verde International Airport,SJU,TJSJ,Puerto Rico,Managua Airport,MGA,MNMG,Nicaragua,3,2,3,2,-,-,Final
19729999-0,-,xx-xxx-1972,-,U1, Unknown (UNK),at an unknown location,Unknown country,-,-, Damaged beyond repair,-,Scottish Aviation Twin Pioneer 3,2,Alvis Leonides 531,1957,-,-, PK-GTA, 510,Merpati Nusantara,Unknown,-,-,-,-,-,-,-,-,-,-,-,-,-,-,-,-
19729999-1,-,xx-xxx-1972,-,A1, En route (ENR),at an unknown location,Egypt,-,-, Damaged beyond repair,-,Antonov An-12,-,-,-,-,-, registration unknown,-,Soviet AF,Military,-,-,-,-,-,-,-,-,-,-,-,-,-,-,-,-
19729999-2,-,xx-xxx-1972,-,A1, Unknown (UNK),at an unknown location,Unknown country,-,0, Damaged beyond repair,-,Grumman HU-16B Albatross,-,-,-,-,-, 0533, G-64,Argentine Navy,Military,-,-,-,-,-,-,-,-,-,-,-,0,0,-,-,-
19729999-3,-,xx-xxx-1972,-,A1, Unknown (UNK),near Watsa,Democratic Republic of the Congo,-,-, Damaged beyond repair,-,Douglas DC-3A,-,-,1943,-,-, 9T-PKR, 6339,Congolese AF,Unknown,-,-,-,-,-,-,-,-,-,-,-,-,-,-,-,-
19720105-1,Wednesday,05-JAN-1972,-,U1, Unknown (UNK),"Norman Wells Airport, NT (YVQ)",Canada,-,-, Damaged beyond repair,-,Douglas C-47B-20-DK Dakota 4MFP,2,Pratt & Whitney R-1830-90C,1945,-,-, CF-KAH, 27184/15739,McKenzie Air,Unknown,-,-,-,-,-,-,-,-,-,-,-,-,-,-,-,-
19720106-0,Thursday,06-JAN-1972,15:35,A1, En route (ENR),40 km (25 mls) NW of Chetumal,Mexico,23,23, Damaged beyond repair,-,Hawker Siddeley HS-748-230 Srs. 2A,-,-,1966,-,-, XA-SEV, 1598,SAESA,Domestic Scheduled Passenger,-,Chetumal Airport,CTM,MMCM,Mexico,Mérida-Rejon Airport,MID,MMMD,Mexico,5,18,5,18,-,-,-
19720107-0,Friday,07-JAN-1972,-,A1, Landing (LDG),Jeddah International Airport,Saudi Arabia,15,0, Damaged beyond repair,-,Convair CV-340-68B,-,-,1954,-,-, HZ-AAU, 182,Saudi Arabian,Scheduled Passenger,-,-,-,-,-,-,-,-,-,3,12,0,0,-,-,-
19720107-1,Friday,07-JAN-1972,12:10,A1, Approach (APR),ca 15 km W of Ibiza Airport (IBZ),Spain,104,104, Destroyed, Written off (damaged beyond repair),Sud Aviation SE-210 Caravelle VI-R,2,Rolls-Royce Avon 533R,1963,-,-, EC-ATV, 163,Iberia,Domestic Scheduled Passenger,IB602,Valencia Airport,VLC,LEVC,Spain,Ibiza Airport,IBZ,LEIB,Spain,6,98,6,98,-,-,-
19720107-2,Friday,07-JAN-1972,-,H2, En route (ENR),Havana-José Martí International Airport (HAV),Cuba,151,0, None,-,Boeing 727-200,-,-,-,-,-, registration unknown,-,PSA,Domestic Scheduled Passenger, 902,San Francisco International Airport,SFO,KSFO,United States of America,Los Angeles International Airport,LAX,KLAX,United States of America,10,141,0,0,-,-,-
19720108-0,Saturday,08-JAN-1972,-,A1, Unknown (UNK),within Cambodia,Cambodia,-,-, Damaged beyond repair,-,de Havilland Canada U-1A Otter (DHC-3),-,-,1956,-,-, 0-53279, 127,Khmer Air Force,Military,-,-,-,-,-,-,-,-,-,-,-,-,-,-,-,-
19720109-0,Sunday,09-JAN-1972,-,A1, Unknown (UNK),Manila International Airport (MNL),Philippines,4,0, Damaged beyond repair,-,Lockheed L-188A Electra,-,-,1959,-,-, PI-C1060, 1021,Air Manila Int.,Training,-,Manila International Airport,MNL,RPLL,Philippines,Manila International Airport,MNL,RPLL,Philippines,4,0,0,0,-,-,-
19720112-0,Wednesday,12-JAN-1972,-,H2, En route (ENR),"Dallas-Love Field, TX (DAL)",United States of America,111,0, Unknown,-,Boeing 727,-,-,-,-,-, registration unknown,-,Braniff Airways,Domestic Scheduled Passenger,  38,Houston International Airport,HOU,KHOU,United States of America,Dallas-Love Field,DAL,KDAL,United States of America,-,-,0,0,-,-,-
19720115-0,Saturday,15-JAN-1972,-,O1, Standing (STD),"Lake City, FL",United States of America,-,-, Damaged beyond repair,-,Lockheed KC-130F Hercules,-,-,1962,-,-, 149810, 3710,USMC,Military,-,-,-,-,-,-,-,-,-,-,-,-,-,-,-,-
19720115-1,Saturday,15-JAN-1972,-,A1, En route (ENR),"near Patuxent River-NAS, MD (NHK)",United States of America,-,0, Damaged beyond repair,-,Lockheed EC-130G Hercules,-,-,1963,-,-, 151890, 3871,US Navy,Military,-,Patuxent River NAS,NHK,KNHK,United States of America,-,-,-,-,-,-,0,0,-,-,Final
19720118-0,Tuesday,18-JAN-1972,07:45,A1, Approach (APR),"3,1 km (1.9 mls) NW of Victoria County-Foster Airport, TX (VCT)",United States of America,9,9, Damaged beyond repair,-,Learjet 25,-,-,1969,-,-, N658TC, 25-044,Tandy Corp.,Executive,-,Fort Worth-Meacham Field,FTW,KFTW,United States of America,Victoria County-Foster Airport,VCT,KVCT,United States of America,2,7,2,7,-,-,Final
19720120-0,Thursday,20-JAN-1972,-,H2, Standing (STD),"Las Vegas-McCarran International Airport, NV (LAS)",United States of America,56,0, None,-,McDonnell Douglas DC-9-31,2,Pratt & Whitney JT8D-9A,1968,-,-, N9333, 47246/292,Hughes Airwest,Domestic Scheduled Passenger, 800,Las Vegas-McCarran International Airport,LAS,KLAS,United States of America,Reno/Tahoe International Airport,RNO,KRNO,United States of America,4,52,0,0,-,-,-
19720121-0,Friday,21-JAN-1972,-,A1, Approach (APR),near Adana Airport (ADA),Turkey,5,1, Damaged beyond repair,-,McDonnell Douglas DC-9-32,2,Pratt & Whitney JT8D-7,1968,-,-, TC-JAC, 47213/358,THY,International Scheduled Passenger,-,Damascus International Airport,DAM,OSDI,Syria,Ankara-Esenboga Airport,ESB,LTAC,Turkey,5,0,1,0,-,-,-
19720121-1,Friday,21-JAN-1972,10:30,A1, En route (ENR),near Betania,Colombia,39,39, Destroyed, Written off (damaged beyond repair),Douglas C-47 (DC-3),-,-,-,-,-, FAC-661,-,SATENA,Domestic Non Scheduled Passenger,-,Medellín-Enrique Olaya Herrera Airport,EOH,SKMD,Colombia,Quibdó-El Caraño Airport,UIB,SKUI,Colombia,3,36,3,36,-,-,-
19720121-2,Friday,21-JAN-1972,-,A1, Initial climb (ICL),ca 3 km NW of Bogotá-Eldorado Airport (BOG),Colombia,20,20, Destroyed, Written off (damaged beyond repair),Vickers 837 Viscount,-,-,1960,-,-, HK-1347, 442,La Urraca,Domestic Scheduled Passenger,-,Bogotá-Eldorado Airport,BOG,SKBO,Colombia,San Andrés Island Airport,ADZ,SKSP,Colombia,5,15,5,15,-,-,-
19720125-0,Tuesday,25-JAN-1972,-,A1, Approach (APR),Khost,Afghanistan,-,0, Damaged beyond repair,-,Yakovlev Yak-40,3,Ivchenko AI-25,1971,-,-, YA-KAD, 9120517,Bakhtar Afghan,Unknown,-,-,-,-,-,Khost Airport,KHT,OAKS,Afghanistan,-,-,0,0,-,-,-
19720126-0,Wednesday,26-JAN-1972,16:01,C1, En route (ENR),near Ceské Kamenice,Czech Republic,28,27, Damaged beyond repair,-,McDonnell Douglas DC-9-32,2,Pratt & Whitney JT8D-9A,1971,-,2091.0, YU-AHT, 47482/592,JAT,International Scheduled Passenger,JU367,København-Kastrup Airport,CPH,EKCH,Denmark,Zagreb-Pleso Airport,ZAG,LDZA,Croatia,5,23,4,23,-,-,Final
19720126-1,Wednesday,26-JAN-1972,-,H2, Unknown (UNK),"Poughkeepsie-Dutchess County Airport, NY (POU)",United States of America,47,1, Unknown,-,Fairchild FH-227B,-,-,-,-,-, N7817M, 539,Mohawk Airlines,Domestic Scheduled Passenger, 452,Albany Airport,ALB,KALB,United States of America,-,-,-,-,-,-,0,1,-,-,- (No safety board investigation)
19720126-2,Wednesday,26-JAN-1972,-,A1, Unknown (UNK),Maun Airport (MUB),Botswana,9,0, Damaged beyond repair,-,Britten-Norman BN-2 Islander,-,-,1969,-,-, A2-ZEV, 99,Air Botswana,Passenger,-,-,-,-,-,-,-,-,-,-,-,0,0,-,-,-
19720126-3,Wednesday,26-JAN-1972,-,A2, Unknown (UNK),Usisya,Malawi,7,0, Substantial, Repaired,IRMA/Britten-Norman BN-2A Islander,2,Lycoming O-540-E4B5,1969,-,-, 7Q-YKD, 604,Air Malawi,Passenger,-,-,-,-,-,-,-,-,-,-,-,0,0,-,-,-
19720126-6,Wednesday,26-JAN-1972,-,A1, Unknown (UNK),near Phnom Penh-Pochentong Airport (PNH),Cambodia,-,-, Damaged beyond repair,-,de Havilland Canada U-1A Otter (DHC-3),-,-,-,-,-, 0-81717, 335,Khmer Air Force,Military,-,-,-,-,-,-,-,-,-,-,-,-,-,-,-,-
19720128-0,Friday,28-JAN-1972,-,A1, Landing (LDG),London-Gatwick Airport (LGW),United Kingdom,4,0, Damaged beyond repair,-,Vickers VC10-1100,4,Rolls-Royce Conway 540,1962,-,-, G-ARTA, 803,British Caledonian Airways,Ferry/positioning,-,London-Heathrow Airport,LHR,EGLL,United Kingdom,London-Gatwick Airport,LGW,EGKK,United Kingdom,4,0,0,0,-,-,-
19720128-1,Friday,28-JAN-1972,-,A1, Landing (LDG),Bournemouth International Airport (BOH),United Kingdom,2,0, Damaged beyond repair,-,Vickers 814 Viscount,-,-,1959,-,-, D-ANEF, 343,Airwork,Ferry/positioning,-,-,-,-,-,Bournemouth International Airport,BOH,EGHH,United Kingdom,2,0,0,0,-,-,-
19720129-0,Saturday,29-JAN-1972,-,H2, Unknown (UNK),"New York-John F. Kennedy International Airport, NY (JFK)",United States of America,111,0, Unknown,-,Boeing 707,-,-,-,-,-, registration unknown,-,TWA,Domestic Scheduled Passenger,TW2,Los Angeles International Airport,LAX,KLAX,United States of America,New York-John F. Kennedy International Airport,JFK,KJFK,United States of America,-,-,0,0,-,-,-
19720129-1,Saturday,29-JAN-1972,-,A1, Approach (APR),Mediterranean Sea,Mediterranean Sea,10,2, Damaged beyond repair,-,Grumman C-2A Greyhound,-,-,-,-,-, 155122, 17,US Navy,Military,-,Napoli-Capodichino Airport,NAP,LIRN,Italy,-,-,-,-,-,-,2,0,-,-,-
19720130-0,Sunday,30-JAN-1972,-,O1, Standing (STD),"Fairbanks International Airport, AK (FAI)",United States of America,0,0, Damaged beyond repair,-,de Havilland Canada DHC-6 Twin Otter 200,2,Pratt & Whitney Canada PT6A-20,1969,-,-, N6767, 189,Interior Airways,-,-,-,-,-,-,-,-,-,-,0,0,0,0,-,-,-
19720201-0,Tuesday,01-FEB-1972,-,A1, En route (ENR),near Tegal,Indonesia,9,6, Damaged beyond repair,-,Douglas DC-6,-,-,1948,-,-, XW-PEH, 43126/132,Royal Air Lao,Int'l Non Scheduled Passenger,-,-,-,-,-,-,-,-,-,3,6,1,5,-,-,-
19720201-1,Tuesday,01-FEB-1972,14:58,A1, Maneuvering (MNV),near Bremen Airport (BRE),Germany,3,1, Damaged beyond repair,-,VFW/Fokker VFW.614,-,-,1971,-,30.0, D-BABA, G001,VFW-Fokker,Test,-,Bremen Airport,BRE,EDDW,Germany,Bremen Airport,BRE,EDDW,Germany,3,0,1,0,-,-,-
19720201-2,Tuesday,01-FEB-1972,-,A1, Landing (LDG),Karlovy Vary Airport (KLV),Czech Republic,-,0, Damaged beyond repair,-,Avia 14-40,-,-,1958,-,-, OK-MCG, 66805109,CSA,Unknown,-,-,-,-,-,Karlovy Vary Airport,KLV,LKKV,Czech Republic,-,-,0,0,-,-,-
19720202-0,Wednesday,02-FEB-1972,-,A1, Unknown (UNK),Pista la Salvación,Venezuela,-,-, Damaged beyond repair,-,Dornier Do 28D-1 Skyservant,-,-,1968,-,-, YV-C-FLF, 4010,Aeroven,Unknown,-,-,-,-,-,-,-,-,-,-,-,-,-,-,-,-
19720204-0,Friday,04-FEB-1972,-,A1, Unknown (UNK),Sana'a - Ta'izz,Yemen,-,0, Damaged beyond repair,-,Convair CV-340-68B,-,-,1954,-,-, HZ-AAT, 174,Saudi Arabian,Unknown,-,-,-,-,-,-,-,-,-,-,-,0,0,-,-,-
19720204-1,Friday,04-FEB-1972,-,A1, Takeoff (TOF),"Porto Alegre Airport, RS (POA)",Brazil,-,0, Damaged beyond repair,-,Hawker Siddeley HS-748-235 Srs. 2A,-,-,1968,-,-, PP-VDU, 1632,Varig,Training,-,Porto Alegre Airport,POA,SBPA,Brazil,Porto Alegre Airport,POA,SBPA,Brazil,-,0,0,0,-,-,-
19720204-2,Friday,04-FEB-1972,-,A1, Landing (LDG),Pha Khao,Laos,38,2, Damaged beyond repair,-,de Havilland Canada C-7A Caribou (DHC-4),-,-,-,-,-, 393, 51,Air America,Military,-,-,-,-,-,-,-,-,-,4,34,1,1,-,-,-
19720205-0,Saturday,05-FEB-1972,-,A1, Approach (APR),near Valledupar Airport (VUP),Colombia,19,19, Damaged beyond repair,-,Fairchild F-27,-,-,1960,-,-, HK-1139,  75,TAC Colombia,Domestic Scheduled Passenger, 772,Bogotá-Eldorado Airport,BOG,SKBO,Colombia,Valledupar Airport,VUP,SKVP,Colombia,4,15,4,15,-,-,-
19720209-0,Wednesday,09-FEB-1972,-,A1, Unknown (UNK),17 km (10.6 mls) WSW of Long Tieng,Laos,5,5, Damaged beyond repair,-,Curtiss C-46F-1-CU Commando,-,-,1945,-,-, N67961, 22512,Continental Air Services,Unknown,-,-,-,-,-,-,-,-,-,-,-,-,-,-,-,-
19720210-1,Thursday,10-FEB-1972,-,A1, Unknown (UNK),near Dhaka,Bangladesh,5,5, Damaged beyond repair,-,Douglas DC-3,-,-,-,-,-, registration unknown,-,Biman Bangladesh,Training,-,-,-,-,-,-,-,-,-,5,0,5,0,-,-,-
19720211-0,Friday,11-FEB-1972,-,C1, En route (ENR),between Savannakhet and Vientiane,Laos,23,23, Missing, Presumed damaged beyond repair,Douglas C-54A-DO (DC-4),-,-,1943,-,-, XW-TDE, 3098,Royal Air Lao,Domestic Scheduled Passenger,-,Savannakhet Airport,ZVK,VLSK,Laos,Vientiane-Wattay Airport,VTE,VLVT,Laos,6,17,6,17,-,-,-
19720218-0,Friday,18-FEB-1972,-,A1, Approach (APR),off Antibes,France,2,2, Damaged beyond repair,-,Learjet 25B,-,-,-,-,-, SX-ASO, 25-074,Olympic Airways,Executive,-,Athens-Ellinikon International Airport,ATH,LGAT,Greece,Nice-Côte d'Azur Airport,NCE,LFMN,France,2,0,2,0,-,-,-
19720219-0,Saturday,19-FEB-1972,-,A1, Approach (APR),"5 km (3.1 mls) E of Jacksonville-Little Rock AFB, AR (LRF)",United States of America,5,5, Damaged beyond repair,-,Lockheed C-130E Hercules,-,-,1963,-,-, 62-1813, 3775,USAF,Military,-,-,-,-,-,Jacksonville-Little Rock AFB,LRF,KLRF,United States of America,5,0,5,0,-,-,-
19720219-1,Saturday,19-FEB-1972,-,H2, En route (ENR),Amman-Marka International Airport (ADJ),Jordan,37,0, Unknown,-,Sud-Aviation SE-210 Caravelle,-,-,-,-,-, registration unknown,-,Alia,International Scheduled Passenger,-,Cairo International Airport,CAI,HECA,Egypt,Amman-Marka International Airport,ADJ,OJAM,Jordan,7,30,0,0,-,-,-
19720220-0,Sunday,20-FEB-1972,14:00,A1, Approach (APR),near St. Moritz-Samedan Airport (SMV),Switzerland,5,0, Damaged beyond repair,-,Dassault Falcon 20D,-,-,1970,-,-, HB-VCG, 231,Fred-Air,Executive,-,-,-,-,-,St. Moritz-Samedan Airport,SMV,LSZS,Switzerland,3,2,0,0,-,-,-
19720222-0,Tuesday,22-FEB-1972,-,A1, Approach (APR),near Lipetsk Airport (LPK),Russia,13,0, Damaged beyond repair,-,Antonov An-24,-,-,1963,-,-, CCCP-46732, 37300504,Aeroflot / Moscow,Domestic Scheduled Passenger,  25,Moskva-Bykovo Airport,BKA,UUBB,Russia,Lipetsk Airport,LPK,UUOL,Russia,4,9,0,0,-,-,-
19720222-1,Tuesday,22-FEB-1972,-,H2, Unknown (UNK),Aden,Yemen,187,0, Unknown,-,Boeing 747-230B,4,Pratt & Whitney JT9D-7A,1971,-,-, D-ABYD, 20372/132,Lufthansa,International Scheduled Passenger,-,Delhi-Palam Airport,DEL,VIDP,India,Athens-Ellinikon International Airport,ATH,LGAT,Greece,15,172,0,0,-,-,-
19720223-0,Wednesday,23-FEB-1972,-,A1, Unknown (UNK),within Bulgaria,Bulgaria,2,1, Damaged beyond repair,-,Antonov An-2,-,-,-,-,-, LZ-...,-,Unknown,Unknown,-,-,-,-,-,-,-,-,-,2,0,1,0,-,-,-
19720227-0,Sunday,27-FEB-1972,-,A1, Approach (APR),2 km (1.3 mls) NW of Mineralnye Vody Airport (MRV),Russia,47,0, Damaged beyond repair,-,Antonov An-24B,-,-,1968,-,-, CCCP-46418, 87304103,Aeroflot / North Kavkaz,Domestic Scheduled Passenger,-,Krasnodar Airport,KRR,URKK,Russia,Mineralnye Vody Airport,MRV,URMM,Russia,4,43,0,0,-,-,-
19720299-0,-,xx-FEB-1972,-,U1, Unknown (UNK),at an unknown location,Unknown country,-,-, Damaged beyond repair,-,Douglas C-47A-80-DL (DC-3),2,Pratt & Whitney R-1830-92,1944,-,-, T.3-13, 19624,Spanish AF,Military,-,-,-,-,-,-,-,-,-,-,-,-,-,-,-,-
19720299-1,-,xx-FEB-1972,-,O1, Standing (STD),Rostov Airport (ROV),Russia,-,-, Damaged beyond repair,-,Antonov An-10,-,-,1959,-,-, CCCP-11142, 8400503,Aeroflot / Ukraine,-,-,-,-,-,-,-,-,-,-,-,-,-,-,-,-,-
19720301-0,Wednesday,01-MAR-1972,-,A1, En route (ENR),"Montreal-Dorval International Airport, QC (YUL)",Canada,6,0, Damaged beyond repair,-,Dassault Falcon 20F,-,-,1970,-,-, OH-FFW, 243,Finnwings,Unknown,-,Montreal-Dorval International Airport,YUL,CYUL,Canada,-,-,-,-,2,4,0,0,-,-,-
19720303-0,Friday,03-MAR-1972,20:48,A1, Approach (APR),"6 km (3.8 mls) S of Albany Airport, NY (ALB)",United States of America,48,16, Damaged beyond repair,-,Fairchild FH-227B,2,Rolls-Royce Dart 532-7,1967,15714.0,10068.0, N7818M, 541,Mohawk Airlines,Domestic Scheduled Passenger, 405,New York-La Guardia Airport,LGA,KLGA,United States of America,Albany Airport,ALB,KALB,United States of America,3,45,2,14,-,1,Final
19720307-0,Tuesday,07-MAR-1972,-,H2, Unknown (UNK),at an unknown location,Unknown country,24,0, Unknown,-,Boeing 727,-,-,-,-,-, registration unknown,-,National Airlines,Domestic Scheduled Passenger,  67,Tampa International Airport,TPA,KTPA,United States of America,Melbourne International Airport,MLB,KMLB,United States of America,-,-,0,0,-,-,-
19720307-1,Tuesday,07-MAR-1972,-,H2, En route (ENR),Havana-José Martí International Airport (HAV),Cuba,8,0, Unknown,-,Grumman G-73 Mallard,-,-,-,-,-, N3010, J-43,Chalk's,International Scheduled Passenger,-,-,-,-,-,-,-,-,-,2,6,0,0,-,-,-
19720308-0,Wednesday,08-MAR-1972,-,C1, Standing (STD),"Las Vegas-McCarran International Airport, NV (LAS)",United States of America,0,0, Damaged beyond repair,-,Boeing 707-331,4,Pratt & Whitney JT4A-12,1959,-,-, N761TW, 17673/69,TWA,-,-,-,-,-,-,-,-,-,-,0,0,0,0,-,-,-
19720311-0,Saturday,11-MAR-1972,-,H2, En route (ENR),Munich,Germany,36,0, Unknown,-,Sud-Aviation SE-210 Caravelle,-,-,-,-,-, registration unknown,-,Alitalia,Domestic Scheduled Passenger,-,Roma-Fiumicino Airport,FCO,LIRF,Italy,-,-,-,-,5,31,0,0,-,-,-
19720313-0,Monday,13-MAR-1972,-,A1, Landing (LDG),"Fort Worth-Carswell AFB, TX (FWH)",United States of America,5,5, Damaged beyond repair,-,Boeing KC-135A Stratotanker,4,Pratt & Whitney J57-P,1959,-,-, 58-0048, 17793/263,USAF,Military,-,Fort Worth-Carswell AFB,FWH,KNFW,United States of America,Fort Worth-Carswell AFB,FWH,KNFW,United States of America,5,0,5,0,-,-,-
19720314-0,Tuesday,14-MAR-1972,-,A1, Landing (LDG),"Lake Charles AFB, LA (CWF)",United States of America,4,4, Damaged beyond repair,-,Douglas C-47D (DC-3),-,-,1945,-,-, 44-77228, 33560/16812,USAF,Military,-,-,-,-,-,-,-,-,-,4,0,4,0,-,-,-
19720314-1,Tuesday,14-MAR-1972,18:04,A1, En route (ENR),ca 20 km W of Kalba,United Arab Emirates,112,112, Destroyed, Written off (damaged beyond repair),Sud Aviation SE-210 Caravelle 10B3,2,Pratt & Whitney JT8D-9,1970,-,6674.0, OY-STL, 267,Sterling Airways,Int'l Non Scheduled Passenger,NB296,Bombay-Santacruz Airport,BOM,VABB,India,Dubai Airport,DXB,OMDB,United Arab Emirates,6,106,6,106,-,-,Final
19720314-2,Tuesday,14-MAR-1972,16:30,A1, En route (ENR),Sangay Volcano,Ecuador,7,6, Damaged beyond repair,-,Douglas C-47-DL (DC-3),2,Pratt & Whitney R-1830-92,1942,-,-, HC-SJE, 4425,ATESA,Cargo,-,Quito-Mariscal Sucre Airport,UIO,SEQU,Ecuador,Macas Airport,XMS,SEMC,Ecuador,-,-,-,-,-,-,-
19720314-3,Tuesday,14-MAR-1972,-,U1, Unknown (UNK),unknown,Unknown country,-,-, Damaged beyond repair,-,Fairchild C-119 Flying Boxcar,-,-,-,-,-, 3117,-,Republic of China AF,Military,-,-,-,-,-,-,-,-,-,-,-,-,-,-,-,-
19720315-0,Wednesday,15-MAR-1972,-,A1, Unknown (UNK),within Cambodia,Cambodia,-,-, Damaged beyond repair,-,de Havilland Canada U-1A Otter (DHC-3),-,-,1955,-,-, 0-52978, 51,Khmer Air Force,Military,-,-,-,-,-,-,-,-,-,-,-,-,-,-,-,-
19720319-0,Sunday,19-MAR-1972,00:07,A1, Landing (LDG),"Ogden-Hill AFB, UT (HIF)",United States of America,3,0, Damaged beyond repair,-,Lockheed L-188CF Electra,-,-,1959,-,-, N851U, 2001,Universal Airlines,Unknown,-,-,-,-,-,-,-,-,-,3,0,0,0,-,-,Final
19720319-2,Sunday,19-MAR-1972,-,A1, Approach (APR),Omsk,Russia,-,0, Damaged beyond repair,-,Tupolev Tu-104B,2,Mikulin AM-3M-500,1958,-,-, CCCP-42408, 820205,Aeroflot / East Siberia,Unknown,-,-,-,-,-,Omsk Airport,OMS,UNOO,Russia,-,-,0,0,-,-,-
19720319-3,Sunday,19-MAR-1972,-,A1, Approach (APR),7 km (4.4 mls) SW of Aden International Airport (ADE),Yemen,30,30, Damaged beyond repair,-,McDonnell Douglas DC-9-32,2,Pratt & Whitney JT8D-9,1970,-,-, YU-AHR, 47503/587,EgyptAir,Int'l Non Scheduled Passenger,MS763,Cairo International Airport,CAI,HECA,Egypt,Aden International Airport,ADE,ODAA,Yemen,9,21,9,21,-,-,-
19720321-0,Tuesday,21-MAR-1972,-,C1, Standing (STD),Phnom Penh-Pochentong Airport (PNH),Cambodia,0,0, Damaged beyond repair,-,de Havilland Canada U-1A Otter (DHC-3),-,-,-,-,-, 0-92209, 346,Khmer Air Force,Military,-,-,-,-,-,-,-,-,-,0,0,0,0,-,-,-
19720321-1,Tuesday,21-MAR-1972,-,C1, Standing (STD),Phnom Penh-Pochentong Airport (PNH),Cambodia,0,0, Damaged beyond repair,-,de Havilland Canada U-1A Otter (DHC-3),-,-,1956,-,-, 0-53277, 124,Khmer Air Force,Military,-,-,-,-,-,-,-,-,-,0,0,0,0,-,-,-
19720321-2,Tuesday,21-MAR-1972,-,C1, Standing (STD),Phnom Penh-Pochentong Airport (PNH),Cambodia,0,0, Damaged beyond repair,-,de Havilland Canada U-1A Otter (DHC-3),-,-,1956,-,-, 0-53311, 173,Khmer Air Force,Military,-,-,-,-,-,-,-,-,-,0,0,0,0,-,-,-
19720326-0,Sunday,26-MAR-1972,-,A1, Unknown (UNK),Sterlitamak,Russia,-,0, Damaged beyond repair,-,Antonov An-2R,-,-,-,-,-, CCCP-29380, 1G79-11,Aeroflot / Privolzhsk,Unknown,-,-,-,-,-,-,-,-,-,-,-,0,0,-,-,-
19720327-0,Monday,27-MAR-1972,-,A1, Maneuvering (MNV),Voroshilovgrad,Russia,1,1, Damaged beyond repair,-,Antonov An-2,-,-,1963,9242.0,9044.0, CCCP-42621, 1G40-22,Aeroflot / Ukraine,Illegal Flight,-,Voroshilovgrad Airport,VSG,UKCW,Ukraine,-,-,-,-,1,0,1,0,-,-,-
19720328-0,Tuesday,28-MAR-1972,-,C1, En route (ENR),16 km (10 mls) W of Tchepone,Laos,14,14, Destroyed, Written off (damaged beyond repair),Lockheed AC-130A Spectre,-,-,1957,-,-, 55-0044, 3071,USAF,Military,-,Ubon Ratchathani RTAFB,UBP,VTUU,Thailand,Ubon Ratchathani RTAFB,UBP,VTUU,Thailand,14,0,14,0,-,-,-
19720329-0,Wednesday,29-MAR-1972,21:44,A1, En route (ENR),"350 km (218.8 mls) off  Hawaii, USA",Pacific Ocean,2,0, Damaged beyond repair,-,de Havilland DH-114 Riley Heron 2D,-,-,1956,-,-, N19D, 14109,Air Pacific,Ferry/positioning,-,San Francisco International Airport,SFO,KSFO,United States of America,Hilo International Airport,ITO,PHTO,United States of America,2,0,0,0,-,-,Final
19720330-0,Thursday,30-MAR-1972,-,C1, En route (ENR),21 km (13.1 mls) S of Saravane,Laos,15,0, Damaged beyond repair,-,Lockheed AC-130E Spectre,-,-,1969,-,-, 69-6571, 4345,USAF,Military,-,Ubon Ratchathani RTAFB,UBP,VTUU,Thailand,Ubon Ratchathani RTAFB,UBP,VTUU,Thailand,15,0,0,0,-,-,-
19720405-0,Wednesday,05-APR-1972,-,H2, Unknown (UNK),Yogyakarta,Indonesia,-,1, Unknown,-,Vickers Viscount,-,-,-,-,-, registration unknown,-,Merpati Nusantara,Unknown,-,Surabaya Airport,SUB,WARR,Indonesia,-,-,-,-,-,-,-,-,-,-,-
19720406-1,Thursday,06-APR-1972,-,A1, Initial climb (ICL),near San Fernando,Venezuela,2,2, Damaged beyond repair,-,Curtiss C-46F-1-CU Commando,-,-,1945,-,-, YV-C-EVF, 22577,AVENSA,Cargo,-,San Fernando De Apure-Las Flecheras Airport,SFD,SVSR,Venezuela,-,-,-,-,2,0,2,0,-,-,-
19720407-0,Friday,07-APR-1972,-,H2, En route (ENR),"San Francisco International Airport, CA (SFO)",United States of America,91,0, None,-,Boeing 727,-,-,-,-,-, registration unknown,-,United Airlines,Domestic Scheduled Passenger,UA885,Denver-Stapleton International Airport,DEN,KDEN,United States of America,Los Angeles International Airport,LAX,KLAX,United States of America,6,85,0,0,-,-,-
19720408-0,Saturday,08-APR-1972,-,A1, Initial climb (ICL),Siena/Ampugnano Airport (SAY),Italy,18,4, Damaged beyond repair,-,Hawker Siddeley HS-748 Andover C.1,-,-,1966,-,-, XS609, Set 16,RAF,Military,-,Siena-Ampugnano Airport,SAY,LIQS,Italy,Pisa-San Giusto Airport,PSA,LIRP,Italy,6,12,-,-,-,-,-
19720408-1,Saturday,08-APR-1972,-,H2, Unknown (UNK),at an unknown location,Unknown country,-,0, Unknown,-,Boeing 727,-,-,-,-,-, registration unknown,-,Faucett,Unknown,-,Piura Airport,PIU,SPUR,Peru,Chiclayo-Capitan FAP Jose Abelardo Quiñones Airport,CIX,SPHI,Peru,-,-,0,0,-,-,-
19720409-0,Sunday,09-APR-1972,-,H2, En route (ENR),"San Diego International Airport, CA (SAN)",United States of America,92,0, None,-,Boeing 727,-,-,-,-,-, registration unknown,-,PSA,Domestic Scheduled Passenger, 942,Oakland International Airport,OAK,KOAK,United States of America,San Diego International Airport,SAN,KSAN,United States of America,7,85,0,0,-,-,-
19720410-0,Monday,10-APR-1972,-,A1, Approach (APR),"Manaus, AM",Brazil,3,0, Damaged beyond repair,-,Douglas DC-6B,4,Pratt & Whitney R-2800,1952,-,-, HP-539, 43526/241,Inair Panama,Cargo,-,-,-,-,-,Manaus/Ponta Pelada Airport,PLL,SBMN,Brazil,3,0,0,0,-,-,-
19720411-0,Tuesday,11-APR-1972,-,A1, Landing (LDG),Madang Airport (MAG),Papua New Guinea,3,0, Substantial, Written off (damaged beyond repair),Douglas C-47B-15-DK (DC-3),2,Pratt & Whitney R-1830-90C,1944,-,-, VH-PNB, 26789/15344,Ansett Airlines of PNG,Cargo,-,Madang Airport,MAG,AYMD,Papua New Guinea,Mendi Airport,MDU,AYMN,Papua New Guinea,2,1,0,0,-,-,-
19720411-1,Tuesday,11-APR-1972,12:20,A1, Initial climb (ICL),"Yukagir Village, Ust'-Yanskiy rayon",Russia,3,1, Damaged beyond repair,-,Antonov An-2T,-,-,1963,-,-, CCCP-44937, 1G25-09,Aeroflot / Yakutsk,Cargo,-,-,-,-,-,-,-,-,-,2,1,0,1,-,-,-
19720412-0,Wednesday,12-APR-1972,21:26,A1, En route (ENR),"50 km (31.3 mls) N of Rio de Janeiro, RJ",Brazil,25,25, Destroyed, Written off (damaged beyond repair),NAMC YS-11A-211,-,-,1968,-,-, PP-SMI, 2059,VASP,Domestic Scheduled Passenger,-,São Paulo-Congonhas Airport,CGH,SBSP,Brazil,Rio de Janeiro-Santos Dumont Airport,SDU,SBRJ,Brazil,4,21,4,21,-,-,-
19720412-2,Wednesday,12-APR-1972,-,C1, Standing (STD),Da Nang Air Base (DAD),Vietnam,-,-, Damaged beyond repair,-,Douglas EC-47Q,-,-,1945,-,-, 45-1131, 34401/17134,USAF,Military,-,-,-,-,-,-,-,-,-,-,-,-,-,-,-,-
19720413-0,Thursday,13-APR-1972,-,H2, En route (ENR),"Los Angeles International Airport, CA (LAX)",United States of America,31,0, None,-,Boeing 737-200,-,-,-,-,-, registration unknown,-,Frontier Airlines,Domestic Scheduled Passenger,  91,Albuquerque International Airport,ABQ,KABQ,United States of America,Phoenix-Sky Harbor International Airport,PHX,KPHX,United States of America,4,27,0,0,-,-,-
19720413-1,Thursday,13-APR-1972,-,O1, Standing (STD),Da Nang Air Base,Vietnam,-,-, Damaged beyond repair,-,Douglas EC-47P,2,Pratt & Whitney R-1830-90,1945,-,-, 45-1102, 34372/17105,USAF,Military,-,-,-,-,-,-,-,-,-,-,-,-,-,-,-,-
19720413-2,Thursday,13-APR-1972,17:30,A1, Unknown (UNK),"Humaitá, AM",Brazil,10,2, Damaged beyond repair,-,Consolidated C-10A Catalina (PBY-5A),-,-,-,-,-, 6514, 1917,Brazilian AF,Military,-,-,-,-,-,-,-,-,-,5,5,1,1,-,-,-
19720414-0,Friday,14-APR-1972,04:04,A1, Approach (APR),"near La Crosse Municipal Airport, WI (LSE)",United States of America,1,1, Damaged beyond repair,-,Shorts SC.7 Skyvan 3-300,2,Garrett TPE331-2-201A,1967,-,-, N725R, SH.1841,Viking Int. Air Freight,Cargo,-,-,-,-,-,La Crosse Municipal Airport,LSE,KLSE,United States of America,1,0,1,0,-,-,Final
19720414-1,Friday,14-APR-1972,-,A1, Maneuvering (MNV),"Vyyezdnoye, Arzamas District",Russia,2,2, Damaged beyond repair,-,Antonov An-2R,-,-,1967,-,3117.0, CCCP-01506, 1G79-47,Aeroflot / Privolzhsk,Agricultural,-,-,-,-,-,-,-,-,-,2,0,2,0,-,-,-
19720414-2,Friday,14-APR-1972,-,U1, Unknown (UNK),La Paz ?,Bolivia,-,-, Damaged beyond repair,-,Douglas DC-3A,-,-,1937,-,-, TAM-01, 1934,TAM,Military,-,-,-,-,-,-,-,-,-,-,-,-,-,-,-,-
19720416-0,Sunday,16-APR-1972,-,H2, Unknown (UNK),at an unknown location,Unknown country,2,0, Unknown,-,de Havilland DH-114 Heron,-,-,-,-,-, registration unknown,-,Prinair,Unknown, 179,Ponce-Mercedita Airport,PSE,TJPS,Puerto Rico,-,-,-,-,-,-,0,0,-,-,-
19720416-1,Sunday,16-APR-1972,22:10,A1, En route (ENR),near Ardinello di Amaseno,Italy,18,18, Damaged beyond repair,-,Fokker F-27 Friendship 200,-,-,1964,26490.0,20461.0, I-ATIP, 10251,ATI,Domestic Scheduled Passenger, 392,Roma-Fiumicino Airport,FCO,LIRF,Italy,Foggia Airport,FOG,LIBF,Italy,3,15,3,15,-,-,-
19720417-0,Monday,17-APR-1972,-,H2, En route (ENR),"Chicago-O'Hare International Airport, IL (ORD)",United States of America,92,0, None,-,Convair CV-880-22-2,-,-,1960,-,-, N8802E, 22-00-7,Delta Air Lines,Domestic Scheduled Passenger,DL952,Palm Beach-Palm Beach County Airport,LNA,KLNA,United States of America,Chicago-O'Hare International Airport,ORD,KORD,United States of America,7,85,0,0,-,-,-
19720417-1,Monday,17-APR-1972,-,H2, Unknown (UNK),at an unknown location,Unknown country,92,0, Unknown,-,Boeing 727,-,-,-,-,-, registration unknown,-,Alaska Airlines,Domestic Scheduled Passenger,1861,Seattle/Tacoma International Airport,SEA,KSEA,United States of America,Annette Island Airport,ANN,PANT,United States of America,-,-,0,0,-,-,-
19720417-2,Monday,17-APR-1972,-,H2, En route (ENR),Roma-Ciampino Airport (CIA),Italy,20,0, None,-,McDonnell Douglas DC-9-32,-,-,1968,-,-, HB-IFM, 45847/394,Swissair,International Scheduled Passenger,SR610,Genève-Cointrin Airport,GVA,LSGG,Switzerland,Roma-Fiumicino Airport,FCO,LIRF,Italy,5,15,0,0,-,-,-
19720418-0,Tuesday,18-APR-1972,-,C1, Maneuvering (MNV),near Lai Khe,Vietnam,7,0, Damaged beyond repair,-,Lockheed C-130E Hercules,-,-,1963,-,-, 63-7775, 3841,USAF,Military,-,Saigon-Tan Son Nhat International Airport,SGN,VVTS,Vietnam,Saigon-Tan Son Nhat International Airport,SGN,VVTS,Vietnam,7,0,0,0,-,-,-
19720418-1,Tuesday,18-APR-1972,09:39,A1, Takeoff (TOF),Addis Ababa-Bole Airport (ADD),Ethiopia,107,43, Damaged beyond repair,-,Vickers Super VC10-1154,4,Rolls-Royce Conway 550,1966,-,18586.0, 5X-UVA, 881,East African Airways,International Scheduled Passenger,EC720,Addis Ababa-Haile Selassie I International Airport,ADD,HAAB,Ethiopia,Roma-Fiumicino Airport,FCO,LIRF,Italy,11,96,8,35,-,-,Final
19720418-2,Tuesday,18-APR-1972,-,H2, En route (ENR),Nürnberg Airport (NUE),Germany,16,0, Unknown,-,Let L-410A,-,-,1971,-,-, OK-ADN, 710004,Slov-Air,Domestic Scheduled Passenger,-,Mariánské Lázne Airport,MKA,LKMR,Czech Republic,Praha-Ruzyne International Airport,PRG,LKPR,Czech Republic,2,14,0,0,-,-,-
19720420-0,Thursday,20-APR-1972,-,A1, En route (ENR),near Moyobamba,Peru,6,6, Damaged beyond repair,-,Douglas C-47D (DC-3),2,Pratt & Whitney R-1830-90,1945,-,-, OB-R-653, 34369/17102,SATCO,Cargo,-,Chiclayo-Capitan FAP Jose Abelardo Quiñones Airport,CIX,SPHI,Peru,Moyobamba Airport,MBP,SPBB,Peru,4,2,4,2,-,-,-
19720422-0,Saturday,22-APR-1972,-,A1, Unknown (UNK),El Desengano,Bolivia,-,-, Damaged beyond repair,-,Curtiss C-46 Super C,-,-,1944,-,-, CP-940, 30225,TABSA,Unknown,-,-,-,-,-,-,-,-,-,-,-,-,-,-,-,-
19720424-1,Monday,24-APR-1972,-,A2, En route (ENR),near Bogotá-Eldorado Airport (BOG),Colombia,3,0, Substantial,-,Douglas C-47 (DC-3),-,-,-,-,-, FAC-652,-,Colombian AF,Military,-,Bogotá-Eldorado Airport,BOG,SKBO,Colombia,Bogotá-Eldorado Airport,BOG,SKBO,Colombia,3,0,0,0,-,-,-
19720426-0,Wednesday,26-APR-1972,-,C1, Maneuvering (MNV),"1,5 km (0.9 mls) SW of An Loc",Vietnam,6,6, Damaged beyond repair,-,Lockheed C-130E Hercules,-,-,1964,-,-, 64-0508, 3992,USAF,Military,-,Saigon-Tan Son Nhat International Airport,SGN,VVTS,Vietnam,Saigon-Tan Son Nhat International Airport,SGN,VVTS,Vietnam,6,0,6,0,-,-,-
19720502-0,Tuesday,02-MAY-1972,-,C1, En route (ENR),8 km (5 mls) from  An Loc,Vietnam,11,3, Damaged beyond repair,-,Fairchild AC-119K Stinger,-,-,-,-,-, 53-7826, 11239,USAF,Military,-,-,-,-,-,-,-,-,-,11,0,3,0,-,-,-
19720799-0,-,xx-JUL-1972,-,A1, Unknown (UNK),Roosevelt Roads-Roosevelt NAS (NRR),Puerto Rico,-,-, Damaged beyond repair,-,Lockheed P-2H Neptune,-,-,-,-,-, 148354, 726-7242,US Navy,Military,-,-,-,-,-,-,-,-,-,-,-,-,-,-,-,-
19720803-0,Thursday,03-AUG-1972,09:23,A1, Landing (LDG),"Austin-Robert Mueller Municipal, TX (AUS)",United States of America,3,0, Damaged beyond repair,-,Howard Super Ventura,-,-,1943,-,-, N446DD, 5696,Beta Leasing,Executive,-,Laredo International Airport,LRD,KLRD,United States of America,-,-,-,-,1,2,0,0,-,-,Final
19720804-0,Friday,04-AUG-1972,15:45,A1, En route (ENR),"Point Mugu, CA",United States of America,3,0, Damaged beyond repair,-,Douglas DC-3-454,-,-,1942,-,-, N31538, 6317,Mercer Airlines,Cargo,-,Port Hueneme-Point Mugu NAS,NTD,KNTD,United States of America,Hollywood-Burbank Airport,BUR,KBUR,United States of America,3,0,0,0,-,-,Final
19720804-1,Friday,04-AUG-1972,-,A1, Unknown (UNK),near Swartkop AFB,South Africa,-,0, Damaged beyond repair,-,Douglas C-47B-15-DK (DC-3),2,Pratt & Whitney R-1830-90C,1944,-,-, 6850, 26746/15301,South African AF,Military,-,-,-,-,-,-,-,-,-,-,-,0,0,-,-,-
19720804-2,Friday,04-AUG-1972,-,A1, Initial climb (ICL),6 km (3.8 mls) from  Aldan,Russia,-,0, Damaged beyond repair,-,Ilyushin Il-14M,-,-,-,-,-, CCCP-91537, 147001202,Aeroflot / Yakutsk,Domestic Scheduled Passenger,-,Aldan Airport,ADH,UEEA,Russia,-,-,-,-,-,-,0,0,-,-,-
19720808-0,Tuesday,08-AUG-1972,14:42,A1, Takeoff (TOF),Cebu Airport (CEB),Philippines,12,0, Damaged beyond repair,-,Lockheed 18-56-24 Lodestar,-,-,1943,-,-, N666P, 18-2456,Am. Phil. Indo. Malaysian Ent.,Domestic Non Scheduled Passenger,-,Cebu Airport,CEB,RPVM,Philippines,Manila Airport,MNL,RPLL,Philippines,2,10,0,0,-,-,Final
19720811-0,Friday,11-AUG-1972,-,A1, Unknown (UNK),Bandar-e-Ganave,Iran,-,-, Damaged beyond repair,-,Britten-Norman BN-2A-6 Islander,-,-,1971,-,-, EP-PAE, 297,Pars Air,Unknown,-,-,-,-,-,-,-,-,-,-,-,-,-,-,-,-
19720812-0,Saturday,12-AUG-1972,22:42,A1, Approach (APR),"1,5 km (0.9 mls) S of Delhi-Palam Airport (DEL)",India,18,18, Destroyed, Written off (damaged beyond repair),Fokker F-27 Friendship 100,-,-,1961,20130.0,24087.0, VT-DME, 10175,Indian Airlines,Domestic Scheduled Passenger,-,Gwalior Airport,GWL,VIGR,India,Delhi-Palam Airport,DEL,VIDP,India,4,14,4,14,-,-,-
19720812-1,Saturday,12-AUG-1972,-,C1, Initial climb (ICL),near Soc Trang (SOA),Vietnam,44,30, Damaged beyond repair,-,Lockheed C-130E Hercules,-,-,1963,-,-, 62-1853, 3817,USAF,Military,-,-,-,-,-,-,-,-,-,8,36,7,23,-,-,-
19720813-0,Sunday,13-AUG-1972,-,A1, Unknown (UNK),near Yuzhno-Sakhalinsk,Russia,-,0, Damaged beyond repair,-,Antonov An-2T,-,-,-,-,-, CCCP-01147, 13747314,Aeroflot / Far East,Unknown,-,-,-,-,-,-,-,-,-,-,-,0,0,-,-,-
19720813-1,Sunday,13-AUG-1972,00:50,A2, Takeoff (TOF),"New York-John F. Kennedy International Airport, NY (JFK)",United States of America,186,0, Substantial, Repaired,Boeing 707-321,-,-,1959,-,44272.0, YU-AGA, 17601/76,JAT,Int'l Non Scheduled Passenger,JU3410,New York-John F. Kennedy International Airport,JFK,KJFK,United States of America,Rijeka Airport,RJK,LDRI,Croatia,11,175,0,0,-,-,Final
19720814-0,Monday,14-AUG-1972,17:01,A1, En route (ENR),Königs Wusterhausen,Germany,156,156, Destroyed, Written off (damaged beyond repair),Ilyushin Il-62,4,Kuznetsov NK-8-4,1970,-,3520.0, DM-SEA, 00702,Interflug,Int'l Non Scheduled Passenger,-,Berlin-Schönefeld Airport,SXF,EDDB,Germany,Bourgas Airport,BOJ,LBBG,Bulgaria,8,148,8,148,-,-,-
19720815-0,Tuesday,15-AUG-1972,-,H2, Standing (STD),Santiago,Chile,103,0, None,-,BAC One-Eleven 521FH,-,-,1969,-,-, LV-JNS, 194,Austral Lineas Aéreas,Domestic Scheduled Passenger,-,Trelew Airport,REL,SAVT,Argentina,-,-,-,-,-,-,0,0,-,-,-
19720815-1,Tuesday,15-AUG-1972,12:50,A1, Landing (LDG),"1,1 km (0.7 mls) E off  Monte Carlo",Monaco,5,0, Damaged beyond repair,-,Consolidated 28-5AC Catalina,-,-,-,-,-, N19Q, 1584,private,Private,-,Málaga Airport,AGP,LEMG,Spain,-,-,-,-,2,3,0,0,-,-,-
19720816-0,Wednesday,16-AUG-1972,-,C2, En route (ENR),over Roma,Italy,148,0, Minor, Repaired,Boeing 707-358C,-,-,1969,-,-, 4X-ATT, 20097/779,El Al,International Scheduled Passenger,-,Roma-Fiumicino Airport,FCO,LIRF,Italy,Tel Aviv-Lod International Airport,TLV,LLBG,Israel,8,140,0,0,-,-,-
19720816-1,Wednesday,16-AUG-1972,-,A1, Initial climb (ICL),S off Thandwe Airport (SNW),Myanmar,31,28, Damaged beyond repair,-,Douglas C-47B-20-DK (DC-3),2,Pratt & Whitney R-1830-90C,1944,-,-, XY-ACM, 26979/15534,Union of Burma Airways,Domestic Scheduled Passenger,-,Thandwe Airport,SNW,VYTD,Myanmar,Yangon-Mingaladon Airport,RGN,VYYY,Myanmar,4,27,4,24,-,-,-
19720816-2,Wednesday,16-AUG-1972,-,C2, En route (ENR),near Rabat,Morocco,-,0, Substantial, Repaired,Boeing 727-2B6,-,-,1970,-,-, CN-CCG, 20471/848,RAM,Official state flight,-,Paris-Le Bourget Airport,LBG,LFPB,France,Rabat-Sale Airport,RBA,GMME,Morocco,-,-,0,0,-,-,-
19720818-0,Friday,18-AUG-1972,-,H2, Unknown (UNK),"Seattle/Tacoma International Airport, WA (SEA)",United States of America,33,0, Unknown,-,Boeing 727,-,-,-,-,-, registration unknown,-,United Airlines,Domestic Scheduled Passenger,UA877,Reno/Tahoe International Airport,RNO,KRNO,United States of America,San Francisco International Airport,SFO,KSFO,United States of America,-,-,0,0,-,-,-
19720818-1,Friday,18-AUG-1972,09:15,A1, Landing (LDG),Istanbul-Yesilköy Airport (IST),Turkey,40,0, Damaged beyond repair,-,Fairchild F-27,-,-,1960,-,-, TC-KOC,  81,THY,Domestic Scheduled Passenger,TK012,Bursa Airport,BTZ,LTBE,Turkey,Istanbul-Yesilköy Airport,IST,LTBA,Turkey,3,37,0,0,-,-,-
19720820-0,Sunday,20-AUG-1972,-,A1, Unknown (UNK),Sumbawa Besar,Indonesia,-,-, Damaged beyond repair,-,Douglas DC-3A-269,2,Pratt & Whitney R-1830,1939,-,-, PK-ZDD, 2123,Zamrud Airlines,Unknown,-,-,-,-,-,-,-,-,-,-,-,-,-,-,-,-
19720821-0,Monday,21-AUG-1972,09:45,A2, Initial climb (ICL),"Port Clinton, OH",United States of America,16,0, Substantial, Repaired,Ford 4-AT-B Tri-Motor,3,Wright J-5 Whirlwind,1928,-,-, N7684, 4-AT-42,Island Airlines,Passenger,-,Port Clinton Airport,PCW,KPCW,United States of America,-,-,-,-,1,15,0,0,-,-,Final
19720822-0,Tuesday,22-AUG-1972,-,H2, En route (ENR),Benghazi-Benina International Airport (BEN),Libya,58,0, None,-,Douglas DC-6,-,-,-,-,-, registration unknown,-,Alyemda,International Scheduled Passenger,-,Beirut Airport,BEY,OLBA,Lebanon,-,-,-,-,6,52,0,0,-,-,-
19720824-0,Thursday,24-AUG-1972,-,A1, Landing (LDG),Sittwe-Civil Airport (AKY),Myanmar,43,0, Damaged beyond repair,-,Vickers 761D Viscount,-,-,1957,-,-, XY-ADF, 188,Union of Burma Airways,Scheduled Passenger,-,-,-,-,-,Sittwe-Civil Airport,AKY,VYSW,Myanmar,5,38,0,0,-,-,-
19720825-0,Friday,25-AUG-1972,-,H2, En route (ENR),Camagüey Airport (CMW),Cuba,31,0, None,-,Vickers 785D Viscount,4,Rolls-Royce Dart 510,1958,-,-, HK-1058, 380,Aerolíneas TAO,Domestic Scheduled Passenger,-,Neiva Airport,NVA,SKNV,Colombia,Bogotá-Eldorado Airport,BOG,SKBO,Colombia,5,26,0,0,-,-,-
19720826-0,Saturday,26-AUG-1972,-,A1, Landing (LDG),Arkhangelsk Airport (ARH),Russia,-,0, Damaged beyond repair,-,Ilyushin Il-18B,-,-,1958,-,-, CCCP-75663, 188000702,Aeroflot / Northern,Domestic Scheduled Passenger,-,Moskva-Vnukovo Airport,VKO,UUWW,Russia,Arkhangelsk-Talaghy Airport,ARH,ULAA,Russia,-,-,0,0,-,-,-
19720826-1,Saturday,26-AUG-1972,-,A1, En route (ENR),near PleikuPleiku Airport (PXU),Vietnam,8,8, Damaged beyond repair,-,Fairchild C-123K Provider,-,-,-,-,-, ST-2, 20124,Air America,Military,-,Saigon-Tan Son Nhat International Airport,SGN,VVTS,Vietnam,Pleiku Airport,PXU,VVPK,Vietnam,4,4,4,4,-,-,-
19720827-0,Sunday,27-AUG-1972,-,A1, Approach (APR),near Canaima Airport (CAJ),Venezuela,34,34, Damaged beyond repair,-,Douglas C-47-DL (DC-3),2,Pratt & Whitney R-1830-92,1942,-,-, YV-C-AKE, 4705,LAV,Domestic Scheduled Passenger,-,Canaima Airport,CAJ,SVCN,Venezuela,Ciudad Bolívar Airport,CBL,SVCB,Venezuela,3,31,3,31,-,-,-
19720827-1,Sunday,27-AUG-1972,-,A1, Unknown (UNK),near Vang Vieng,Laos,9,9, Damaged beyond repair,-,Fairchild C-123K Provider,-,-,-,-,-, 555, 20216,Air America,Military,-,-,-,-,-,-,-,-,-,4,5,4,5,-,-,-
19720828-0,Monday,28-AUG-1972,-,A1, En route (ENR),Kudjero Gap,Papua New Guinea,29,25, Damaged beyond repair,-,de Havilland Canada DHC-4A Caribou,-,-,1965,-,-, A4-233, 233,RAAF,Military,-,-,-,-,-,Port Moresby-Jackson Field,POM,AYPY,Papua New Guinea,-,-,4,21,-,-,-
19720828-1,Monday,28-AUG-1972,13:06,A1, Approach (APR),near Innsbruck-Kranebitten Airport (INN),Austria,2,2, Damaged beyond repair,-,Learjet 23,-,-,-,-,-, HB-VAM, 23-044,Vodavia,Unknown,-,London-Gatwick Airport,LGW,EGKK,United Kingdom,Innsbruck-Kranebitten Airport,INN,LOWI,Austria,2,0,2,0,-,-,-
19720829-0,Tuesday,29-AUG-1972,-,A1, Landing (LDG),Managua Airport (MGA),Nicaragua,-,0, Damaged beyond repair,-,Curtiss C-46A-55-CK Commando,2,Pratt & Whitney R-2800-51,1944,-,-, AN-AMR,   175,LANICA,Unknown,-,-,-,-,-,-,-,-,-,-,-,0,0,-,-,-
19720830-0,Wednesday,30-AUG-1972,-,A1, En route (ENR),near Perevitsy,Russia,2,2, Damaged beyond repair,-,Antonov An-2R,-,-,1969,15276.0,3150.0, CCCP-32520, 1G103-47,Aeroflot,Agricultural,-,-,-,-,-,-,-,-,-,2,0,2,0,-,-,-
19720830-1,Wednesday,30-AUG-1972,-,A1, En route (ENR),near Suntar,Russia,-,0, Damaged beyond repair,-,Antonov An-2R,-,-,-,-,-, CCCP-49369, 1G13-23,Aeroflot / Yakutsk,Cargo,-,-,-,-,-,-,-,-,-,-,-,0,0,-,-,-
19720831-0,Thursday,31-AUG-1972,10:19,A1, En route (ENR),23 km (14.4 mls) N of Magnitogorsk Airport (MQF),Russia,102,102, Destroyed, Written off (damaged beyond repair),Ilyushin Il-18V,4,Ivchenko AI-20K,1962,4249.0,10798.0, CCCP-74298, 182004505,Aeroflot / Kazakstan,Domestic Scheduled Passenger, 558,Karaganda Airport,KGF,UAKK,Kazakhstan,Moskva-Domodedovo Airport,DME,UUDD,Russia,9,93,9,93,-,-,-
19720901-0,Friday,01-SEP-1972,10:32,A1, En route (ENR),Mount Giluwe,Papua New Guinea,4,4, Destroyed, Written off (damaged beyond repair),Shorts SC.7 Skyvan 3-300,2,Garrett TPE331-2-201A,1968,-,4067.0, VH-PNI, SH.1840,Ansett Airlines of PNG,Domestic Non Scheduled Passenger,-,-,-,-,-,Mendi Airport,MDU,AYMN,Papua New Guinea,1,3,1,3,-,-,Final
19720906-0,Wednesday,06-SEP-1972,-,A1, Unknown (UNK),ca 32 km NE of Phnom Penh,Cambodia,4,4, Damaged beyond repair,-,de Havilland Canada U-1A Otter (DHC-3),-,-,1956,-,-, 0-53300, 156,Khmer Air Force,Military,-,-,-,-,-,-,-,-,-,-,-,-,-,-,-,-
19720907-0,Thursday,07-SEP-1972,17:57,A1, Initial climb (ICL),Trinidad Airport (TDD),Bolivia,8,1, Damaged beyond repair,-,Curtiss C-46A-40-CU Commando,2,Pratt & Whitney R-2800-51,1944,-,-, CP-959, 26903,SAVCO,Domestic Non Scheduled Passenger,-,Trinidad Airport,TDD,SLTR,Bolivia,-,-,-,-,2,6,1,0,-,-,-
19720908-0,Friday,08-SEP-1972,-,A1, Unknown (UNK),"Cape Newenham Airport, AK (EHM)",United States of America,-,0, Damaged beyond repair,-,Douglas C-124C Globemaster II,4,Pratt & Whitney R-4360-20WA,-,-,-, 51-0132, 43466,USAF,Military,-,-,-,-,-,-,-,-,-,-,-,0,0,-,-,-
19720910-0,Sunday,10-SEP-1972,10:20,A1, En route (ENR),near Gondar,Ethiopia,11,11, Damaged beyond repair,-,Douglas C-47-DL (DC-3),2,Pratt & Whitney R-1830-92,1942,-,28615.0, ET-ABQ, 4325,Ethiopian Airlines,Domestic Scheduled Passenger,-,Axum Airport,AXU,HAAX,Ethiopia,Gondar Airport,GDQ,HAGN,Ethiopia,3,8,3,8,-,-,-
19720910-1,Sunday,10-SEP-1972,-,A1, Takeoff (TOF),Velikaya Vulyga,Ukraine,2,2, Destroyed, Written off (damaged beyond repair),Antonov An-2M,-,-,1967,15040.0,3093.0, CCCP-02369, 701538,Aeroflot / Ukraine,Ferry/positioning,-,-,-,-,-,Vinnitsa Airport,VIN,UKWW,Ukraine,2,0,2,0,-,-,-
19720911-0,Monday,11-SEP-1972,01:30,A1, Initial climb (ICL),Clarendon,Jamaica,3,1, Damaged beyond repair,-,Lockheed 18 Learstar,-,-,1943,-,-, N1040E, 18-2543,Unknown,Illegal Flight,-,-,-,-,-,-,-,-,-,1,2,0,1,-,-,-
19720912-0,Tuesday,12-SEP-1972,-,A1, Landing (LDG),Tromsø/Langnes Airport (TOS),Norway,-,0, Damaged beyond repair,-,Lockheed Hercules C.1 (C-130K),-,-,1967,-,-, XV194, 4214,RAF,Military,-,-,-,-,-,Tromsø/Langnes Airport,TOS,ENTC,Norway,-,-,0,0,-,-,-
19720913-0,Wednesday,13-SEP-1972,-,A1, En route (ENR),Panchkhal,Nepal,31,31, Damaged beyond repair,-,Douglas C-47A-45-DL (DC-3),2,Pratt & Whitney R-1830-92,1943,-,-, 9N-RF10, 9950,Nepalese AF,Military,-,Kathmandu-Tribhuvan Airport,KTM,VNKT,Nepal,Kathmandu-Tribhuvan Airport,KTM,VNKT,Nepal,4,27,4,27,-,-,-
19720913-1,Wednesday,13-SEP-1972,22:43,A1, Takeoff (TOF),"San Francisco International Airport, CA (SFO)",United States of America,3,0, Damaged beyond repair,-,Boeing 707-331C,4,Pratt & Whitney JT3D-3B,1969,-,9424.0, N15712, 20068/814,TWA,Cargo,TW604,San Francisco International Airport,SFO,KSFO,United States of America,New York-John F. Kennedy International Airport,JFK,KJFK,United States of America,3,0,0,0,-,-,Final
19720913-2,Wednesday,13-SEP-1972,-,A1, Takeoff (TOF),Semipalatinsk Region,Kazakhstan,-,0, Damaged beyond repair,-,Antonov An-2R,-,-,1965,-,-, CCCP-33233, 1G57-36,Aeroflot / Kazakstan,Unknown,-,-,-,-,-,-,-,-,-,-,-,0,0,-,-,-
19720915-0,Friday,15-SEP-1972,-,H2, En route (ENR),Madrid,Spain,90,0, None,-,McDonnell Douglas DC-9-21,-,-,-,-,-, LN-RLO, 47307/463,SAS,Domestic Scheduled Passenger,-,Göteborg-Torslanda Airport,GOT,ESGB,Sweden,Stockholm-Arlanda Airport,ARN,ESSA,Sweden,4,86,0,0,-,-,-
19720916-0,Saturday,16-SEP-1972,-,O2, En route (ENR),near Roxas,Philippines,42,0, Substantial, Repaired,Fairchild F-27,-,-,-,-,-, PI-C892, 4,Air Manila Int.,Domestic Scheduled Passenger,-,Manila International Airport,MNL,RPLL,Philippines,Iligan-Maria Cristina Airport,IGN,RPWX,Philippines,4,38,0,0,-,-,-
19720917-0,Sunday,17-SEP-1972,-,A1, Initial climb (ICL),La Paz,Bolivia,4,0, Damaged beyond repair,-,Douglas C-47A-70-DL (DC-3),2,Pratt & Whitney R-1830-92,1943,-,-, CP-565, 19236,Aerolineas Abaroa,Non Scheduled Passenger,-,La Paz-El Alto Airport,LPB,SLLP,Bolivia,-,-,-,-,3,1,0,0,-,-,-
19720919-0,Tuesday,19-SEP-1972,-,A1, Landing (LDG),Port Harcourt Airport (PHC),Nigeria,-,0, Damaged beyond repair,-,Fokker F-28 Fellowship 1000,-,-,1970,1869.0,1529.0, PH-FPT, 11994,Nigeria Airways,Unknown,-,-,-,-,-,Port Harcourt Airport,PHC,DNPO,Nigeria,-,-,0,0,-,-,-
19720922-0,Friday,22-SEP-1972,-,A1, Unknown (UNK),ca 12 km N of Johannesburg Airport (JNB),South Africa,3,3, Damaged beyond repair,-,Volpar Turboliner II,-,-,-,-,-, ZS-PRA, 4645,United Air,Unknown,-,-,-,-,-,-,-,-,-,2,1,2,1,-,-,-
19720924-0,Sunday,24-SEP-1972,-,A1, En route (ENR),near Ben Cat,Vietnam,13,10, Damaged beyond repair,-,Douglas C-54D-1-DC (DC-4),-,-,1945,-,-, XV-NUH, 10588,Air Vietnam,International Scheduled Passenger,-,Vientiane-Wattay Airport,VTE,VLVT,Laos,Saigon-Tan Son Nhat International Airport,SGN,VVTS,Vietnam,5,8,4,6,-,-,-
19720924-1,Sunday,24-SEP-1972,06:46,A1, Landing (LDG),Bombay-Juhu Airport,India,122,0, Substantial, Written off (damaged beyond repair),Douglas DC-8-53,4,Pratt & Whitney JT3D-,1964,-,-, JA8013, 45681/214,JAL,International Scheduled Passenger,JL472,Tehran-Mehrabad Airport,THR,OIII,Iran,Bombay-Santacruz Airport,BOM,VABB,India,14,108,0,0,-,-,-
19720924-2,Sunday,24-SEP-1972,-,A1, Initial climb (ICL),"Great Whale River, QC",Canada,16,0, Damaged beyond repair,-,Consolidated PBY-5A Catalina,-,-,-,-,-, CF-AAD, 1658,Austin Airways,Domestic Non Scheduled Passenger,-,-,-,-,-,-,-,-,-,3,13,0,0,-,-,-
19720925-0,Monday,25-SEP-1972,-,A1, Unknown (UNK),Caranavi,Bolivia,2,0, Damaged beyond repair,-,Douglas C-47A-1-DL (DC-3),2,Pratt & Whitney R-1830-92,1943,-,-, TAM-24, 9207,TAM,Military,-,-,-,-,-,-,-,-,-,2,0,0,0,-,-,-
19720926-0,Tuesday,26-SEP-1972,-,A1, Takeoff (TOF),near Jakarta-Kemayoran Airport (JKT),Indonesia,3,3, Damaged beyond repair,-,Fokker F-27 Friendship 600,-,-,1971,1478.0,2095.0, PK-GFP, 10462,Garuda,Training,-,-,-,-,-,-,-,-,-,3,0,3,0,-,-,-
19720930-0,Saturday,30-SEP-1972,-,A1, Takeoff (TOF),Madrid-Barajas Airport (MAD),Spain,6,1, Damaged beyond repair,-,Douglas C-47B-1-DK (DC-3),2,Pratt & Whitney R-1830-90C,1944,-,-, EC-AQE, 25641/14196,Spantax,Training,-,Madrid-Barajas Airport,MAD,LEMD,Spain,-,-,-,-,6,0,1,0,-,-,-
19721001-0,Sunday,01-OCT-1972,19:25,A1, Initial climb (ICL),4 km (2.5 mls) W off  Adler/Sochi Airport (AER),Russia,109,109, Destroyed, Written off (damaged beyond repair),Ilyushin Il-18V,4,Ivchenko AI-20K,1963,7899.0,15718.0, CCCP-75507, 183006405,Aeroflot / Moscow,Domestic Scheduled Passenger,1036,Adler/Sochi Airport,AER,URSS,Russia,Moskva-Vnukovo Airport,VKO,UUWW,Russia,8,101,8,101,-,-,-
19721002-1,Monday,02-OCT-1972,-,C1, Approach (APR),Kampot Airport (KMT),Cambodia,-,9, Damaged beyond repair,-,Douglas C-47A-25-DK (DC-3),2,Pratt & Whitney R-1830-92,1944,-,-, XW-TDA, 13729,Cambodia Air Commercial,Domestic Scheduled Passenger,-,-,-,-,-,-,-,-,-,-,-,-,-,-,-,-
19721006-0,Friday,06-OCT-1972,-,H2, Unknown (UNK),Trieste-Ronchi dei Legionari Airport (TRS),Italy,-,1, Unknown,-,Fokker F-27 Friendship,-,-,-,-,-, registration unknown,-,ATI,Domestic Scheduled Passenger, 373,Trieste-Ronchi dei Legionari Airport,TRS,LIPQ,Italy,Bari Airport,BRI,LIBD,Italy,-,-,0,1,-,-,-
19721006-1,Friday,06-OCT-1972,-,A1, Unknown (UNK),Cherski,Russia,-,0, Damaged beyond repair,-,Antonov An-2P,-,-,-,-,-, CCCP-70738, 1G130-39,Aeroflot / Yakutsk,Unknown,-,-,-,-,-,-,-,-,-,-,-,0,0,-,-,-
19721011-0,Wednesday,11-OCT-1972,-,H2, Unknown (UNK),Frankfurt,Germany,-,0, Unknown,-,Boeing 727,-,-,-,-,-, registration unknown,-,Lufthansa,Unknown,-,Lisboa-Portela de Sacavém Airport,LIS,LPPT,Portugal,Frankfurt International Airport,FRA,EDDF,Germany,-,-,0,0,-,-,-
19721013-0,Friday,13-OCT-1972,15:30,A1, En route (ENR),near El Tiburcio,Argentina,45,29, Damaged beyond repair,-,Fairchild FH-227D,-,-,1968,-,792.0, T-571, 572,Uruguayan AF,Int'l Non Scheduled Passenger,-,Mendoza-El Plumerillo Airport,MDZ,SAME,Argentina,Santiago-Pudahuel Airport,SCL,SCEL,Chile,5,40,5,24,-,-,-
19721013-1,Friday,13-OCT-1972,21:49,A1, Approach (APR),11 km (6.9 mls) N of Moskva-Sheremetyevo Airport (SVO),Russia,174,174, Destroyed, Written off (damaged beyond repair),Ilyushin Il-62,4,Kuznetsov NK-8-4,1968,1674.0,4374.0, CCCP-86671, 70301,Aeroflot / International,Domestic Non Scheduled Passenger,SU217,Leningrad-Shosseynaya Airport,LED,ULLI,Russia,Moskva-Sheremetyevo Airport,SVO,UUEE,Russia,10,164,10,164,-,-,-
19721015-0,Sunday,15-OCT-1972,11:27,A1, Landing (LDG),"Philadelphia International Airport, PA (PHL)",United States of America,8,0, Damaged beyond repair,-,Howard 350,-,-,1943,-,-, N361MC, 5275,Mar Pon,Executive,-,Newark Airport,EWR,KEWR,United States of America,Philadelphia International Airport,PHL,KPHL,United States of America,2,6,0,0,-,-,Final
19721018-1,Wednesday,18-OCT-1972,-,A1, Landing (LDG),"São Paulo-Congonhas Airport, SP (CGH)",Brazil,-,0, Damaged beyond repair,-,NAMC YS-11A-202,-,-,1968,-,-, PP-CTG, 2063,Cruzeiro do Sul,Scheduled Passenger,-,-,-,-,-,São Paulo-Congonhas Airport,CGH,SBSP,Brazil,-,-,0,0,-,-,-
19721021-0,Saturday,21-OCT-1972,21:30,A1, Approach (APR),3 km (1.9 mls) off  Athens-Ellinikon International Airport (ATH),Greece,53,37, Damaged beyond repair,-,NAMC YS-11A-500,-,-,1971,-,-, SX-BBQ, 2155,Olympic Airways,Domestic Scheduled Passenger,OA506,Kerkyra-I. Kapodistrias Airport,CFU,LGKR,Greece,Athens-Ellinikon International Airport,ATH,LGAT,Greece,4,49,1,36,-,-,-
19721022-0,Sunday,22-OCT-1972,-,H2, Unknown (UNK),Sofia-Vrazhdebna Airport (SOF),Bulgaria,76,0, Unknown,-,Boeing 707-321,-,-,1960,-,-, TC-JAM, 17607/121,THY,Domestic Scheduled Passenger, 102,Istanbul-Yesilköy Airport,IST,LTBA,Turkey,-,-,-,-,9,67,0,0,-,-,-
19721023-0,Monday,23-OCT-1972,17:00,A1, Approach (APR),Tula Airport (TYA),Russia,20,20, Damaged beyond repair,-,Antonov An-12BP,-,-,-,-,-, registration unknown,-,Soviet AF,Military,-,-,-,-,-,Tula Airport,TYA,UUWV,Russia,6,14,6,14,7,-,-
19721023-1,Monday,23-OCT-1972,17:00,A1, Approach (APR),Tula Airport (TYA),Russia,7,7, Damaged beyond repair,-,Antonov An-12BP,-,-,-,-,-, registration unknown,-,Soviet AF,Military,-,Tula Airport,TYA,UUWV,Russia,Tula Airport,TYA,UUWV,Russia,7,0,7,0,20,-,-
19721023-2,Monday,23-OCT-1972,-,A1, Unknown (UNK),ca 20 km from Lenakel Airfield (TAH),Vanuatu,8,1, Damaged beyond repair,-,Britten-Norman BN-2A-6 Islander,-,-,1970,-,-, F-OCRH, 221,Air Melanesie,Domestic Scheduled Passenger,-,-,-,-,-,Port Vila-Bauerfield Airport,VLI,NVVV,Vanuatu,1,7,0,1,-,-,-
19721027-0,Friday,27-OCT-1972,19:20,A1, En route (ENR),4 km (2.5 mls) W of Noirétable,France,68,60, Damaged beyond repair,-,Vickers 724 Viscount,4,Rolls-Royce Dart 506,1955,26330.0,31413.0, F-BMCH,  50,Air Inter,Domestic Scheduled Passenger,IT696,Lyon-Bron Airport,LYN,LFLY,France,Clermont-Ferrand-Aulnat Airport,CFE,LFLC,France,5,63,5,55,-,-,-
19721027-1,Friday,27-OCT-1972,13:30,A1, En route (ENR),"Col du Devès, Roynac, Drôme",France,5,5, Damaged beyond repair,-,Fairchild C-119G Flying Boxcar,-,-,-,-,-, 52-5936, 11115,USAF,Military,-,Wiesbaden-Erbenheim (Y-80) Air Base,WIE,ETOU,Germany,Marseille-Marignane Airport,MRS,LFML,France,5,0,5,0,-,-,-
19721029-0,Sunday,29-OCT-1972,-,H2, Unknown (UNK),Tripoli,Libya,20,0, Unknown,-,Boeing 727-30,3,Pratt & Whitney JT8D-9,1964,-,-, D-ABIG, 18364/37,Lufthansa,Unknown,-,Beirut International Airport,BEY,OLBA,Lebanon,-,-,-,-,7,13,0,0,-,-,-
19721029-1,Sunday,29-OCT-1972,-,H2, Standing (STD),Havana-José Martí International Airport (HAV),Cuba,47,0, None,-,Boeing 727,-,-,-,-,-, registration unknown,-,Eastern Air Lines,Domestic Scheduled Passenger,EA496,Houston-Intercontinental Airport,IAH,KIAH,United States of America,Atlanta Hartsfield-Jackson International Airport,ATL,KATL,United States of America,-,-,0,0,-,1,-
19721030-0,Monday,30-OCT-1972,20:40,A1, En route (ENR),near Poggiorsini,Italy,27,27, Destroyed, Written off (damaged beyond repair),Fokker F-27 Friendship 200,-,-,1966,23337.0,17420.0, I-ATIR, 10301,ATI,Domestic Scheduled Passenger, 327,Napoli Airport,NAP,LIRN,Italy,Bari-Palese Airport,BRI,LIBD,Italy,3,24,3,24,-,-,-
19721030-1,Monday,30-OCT-1972,-,A1, Landing (LDG),Berlin-Schönefeld Airport (SXF),Germany,-,0, Substantial, Written off (damaged beyond repair),Tupolev Tu-134,-,-,1968,-,-, DM-SCA, 8350502,Interflug,Unknown,-,-,-,-,-,Berlin-Schönefeld Airport,SXF,EDDB,Germany,-,-,0,0,-,-,-
19721030-2,Monday,30-OCT-1972,-,A1, Landing (LDG),Madang Airport (MAG),Papua New Guinea,-,0, Damaged beyond repair,-,Douglas DC-3C,-,-,1945,-,-, VH-PNA, 33103/16355,Ansett Airlines of PNG,Unknown,-,-,-,-,-,Madang Airport,MAG,AYMD,Papua New Guinea,-,-,0,0,-,-,-
19721031-0,Tuesday,31-OCT-1972,-,A1, Maneuvering (MNV),Romorantin,France,2,2, Damaged beyond repair,-,Dassault Falcon 10,2,General Electric CJ610-6,1970,-,-, F-WFAL, 001,Dassault,Test,-,-,-,-,-,-,-,-,-,2,0,2,0,-,-,-
19721101-0,Wednesday,01-NOV-1972,-,A1, Landing (LDG),Beihan Airport (BHN),Yemen,-,-, Damaged beyond repair,-,Douglas DC-3,-,-,-,-,-, 4W-ABJ,-,Yemen Airlines,Unknown,-,-,-,-,-,Beihan Airport,BHN,ODAB,Yemen,-,-,-,-,-,-,-
19721104-0,Saturday,04-NOV-1972,-,A1, Approach (APR),near Kursk-Vostochny Airport (URS),Russia,3,0, Damaged beyond repair,-,Antonov An-24B,-,-,1966,-,-, CCCP-46202, 67302701,Aeroflot / Privolzhsk,Ferry/positioning,-,Kuybyshev Airport,KUF,UWWW,Russia,Kursk-Vostochny Airport,URS,UUOK,Russia,3,0,0,0,-,-,-
19721104-1,Saturday,04-NOV-1972,20:02,A1, Approach (APR),near Cruncha,Bulgaria,35,35, Destroyed, Written off (damaged beyond repair),Ilyushin Il-14P,-,-,1956,-,-, LZ-ILA, 146001046,Balkan Bulgarian,Domestic Scheduled Passenger,-,Bourgas Airport,BOJ,LBBG,Bulgaria,Sofia-Vrazhdebna Airport,SOF,LBSF,Bulgaria,4,31,4,31,-,-,-
19721106-0,Monday,06-NOV-1972,-,H2, Unknown (UNK),Tokyo,Japan,126,0, Unknown,-,Boeing 727,-,-,-,-,-, registration unknown,-,JAL,Domestic Scheduled Passenger,-,Tokyo-Haneda Airport,HND,RJTT,Japan,Fukuoka Airport,FUK,RJFF,Japan,6,120,0,0,-,-,-
19721106-2,Monday,06-NOV-1972,-,C1, Maneuvering (MNV),3 km (1.9 mls) S of Paksong,Laos,4,0, Damaged beyond repair,-,Fairchild C-123K Provider,-,-,-,-,-, 648, 20097,Air America,Military,-,Pakse Airport,PKZ,VLPS,Laos,-,-,-,-,4,0,0,0,-,-,-
19721108-0,Wednesday,08-NOV-1972,-,H2, En route (ENR),Havana,Cuba,111,0, Unknown,-,Boeing 727-200,-,-,-,-,-, registration unknown,-,Mexicana,Domestic Scheduled Passenger,-,-,-,-,-,Mexico City International Airport,MEX,MMMX,Mexico,7,104,0,0,-,-,-
19721110-0,Friday,10-NOV-1972,-,H2, Unknown (UNK),Havana,Cuba,33,0, Unknown,-,McDonnell Douglas DC-9,-,-,-,-,-, registration unknown,-,Southern Airways,Domestic Scheduled Passenger,  49,Birmingham Airport,BHM,KBHM,United States of America,Montgomery-Dannelly Field,MGM,KMGM,United States of America,-,-,0,0,-,-,-
19721113-0,Monday,13-NOV-1972,-,A1, En route (ENR),40 km (25 mls) NW of Yeniseisk,Russia,14,2, Damaged beyond repair,-,Antonov An-2TP,-,-,1966,-,5883.0, CCCP-09676, 1G76-10,Aeroflot / Krasnoyarsk,Passenger,-,-,-,-,-,Yeniseysk Airport,EIE,UNII,Russia,2,12,1,1,-,-,-
19721114-0,Tuesday,14-NOV-1972,-,A1, Unknown (UNK),near Lensk,Russia,-,0, Damaged beyond repair,-,Antonov An-2TP,-,-,-,-,-, CCCP-91726, 1G37-03,Aeroflot / Yakutsk,Training,-,-,-,-,-,-,-,-,-,-,-,0,0,-,-,-
19721115-0,Wednesday,15-NOV-1972,13:40,H2, En route (ENR),"Alice Springs Airport, NT (ASP)",Australia,32,1, Unknown,-,Fokker F-27 Friendship 200,-,-,1961,-,-, VH-FNI, 10181,Ansett,Domestic Scheduled Passenger, 232,Adelaide Airport,ADL,YPAD,Australia,Alice Springs Airport,ASP,YBAS,Australia,4,28,0,1,-,-,-
19721115-1,Wednesday,15-NOV-1972,-,A1, Unknown (UNK),Dinard-Pleurtuit Airport (DNR),France,-,0, Damaged beyond repair,-,IRMA/Britten-Norman BN-2A-9 Islander,-,-,1971,-,-, F-BTGH, 649,Rousseau Aviation,Unknown,-,-,-,-,-,-,-,-,-,-,-,0,0,-,-,-
19721117-0,Friday,17-NOV-1972,-,A1, Unknown (UNK),Segundo Corral Airport,Chile,3,3, Damaged beyond repair,-,de Havilland Canada DHC-6 Twin Otter 100,2,Pratt & Whitney Canada PT6A-20,1966,-,-, 938,  16,Chilean AF,Military,-,-,-,-,-,-,-,-,-,3,0,3,0,-,-,-
19721117-1,Friday,17-NOV-1972,-,A1, En route (ENR),"160 km (100 mls) E off  St. Johns, NL, Canada",Atlantic Ocean,3,3, Damaged beyond repair,-,Douglas C-47A-30-DK (DC-3C),-,-,1944,-,-, CF-FOL, 25483/14038,S & H Aviation Sales,Int'l Non Scheduled Passenger,-,Reykjavík-Keflavík International Airport,KEF,BIKF,Iceland,St. John's Airport,YYT,CYYT,Canada,1,2,1,2,-,-,-
19721120-0,Monday,20-NOV-1972,-,A1, Landing (LDG),Beograd Airport (BEG),Serbia,-,0, Damaged beyond repair,-,Sud Aviation SE-210 Caravelle III,-,-,1965,-,-, YU-AJG, 191,JAT,Unknown,-,-,-,-,-,Beograd Airport,BEG,LYBE,Serbia,-,-,0,0,-,-,-
19721121-0,Tuesday,21-NOV-1972,-,A1, Approach (APR),Vorkuta Airport (VKT),Russia,-,-, Damaged beyond repair,-,Antonov An-12TB,-,-,-,-,-, CCCP-11360, 402805,Aeroflot / Moscow,Unknown,-,-,-,-,-,Vorkuta Airport,VKT,UUYW,Russia,-,-,-,-,-,-,-
19721121-1,Tuesday,21-NOV-1972,17:40,A1, Approach (APR),2 km (1.3 mls) from  Nakhon Phanom Airport (KOP),Thailand,10,2, Damaged beyond repair,-,Douglas EC-47Q (DC-3),2,Pratt & Whitney R-2000-4,1945,-,-, 43-49771, 27032/15587,USAF,Military,-,Nakhon Phanom Airport,KOP,VTUW,Thailand,Nakhon Phanom Airport,KOP,VTUW,Thailand,10,0,2,0,-,-,-
19721122-0,Wednesday,22-NOV-1972,-,A1, Takeoff (TOF),Krasnoyarsk Airport (KJA),Russia,-,0, Damaged beyond repair,-,Yakovlev Yak-40,3,Ivchenko AI-25,1972,-,-, CCCP-87819, 9231024,Aeroflot / Krasnoyarsk,Domestic Scheduled Passenger,-,Krasnoyarsk Airport,KJA,UNKL,Russia,Tomsk-Bogashevo Airport,TOF,UNTT,Russia,3,-,0,0,-,-,-
19721123-0,Thursday,23-NOV-1972,-,C1, En route (ENR),near Saravane,Laos,4,4, Damaged beyond repair,-,de Havilland Canada C-7A Caribou (DHC-4),-,-,-,-,-, 401,  63,USAF,Military,-,Pakse Airport,PKZ,VLPS,Laos,Pakse Airport,PKZ,VLPS,Laos,4,0,4,0,-,-,-
19721124-0,Friday,24-NOV-1972,-,H2, Unknown (UNK),Frankfurt,Germany,-,1, Unknown,-,McDonnell Douglas DC-8,-,-,-,-,-, registration unknown,-,Air Canada,Unknown,-,Frankfurt International Airport,FRA,EDDF,Germany,-,-,-,-,-,-,-,-,-,-,-
19721128-0,Tuesday,28-NOV-1972,09:13,A1, Landing (LDG),Bislig Airport (BPH),Philippines,28,0, Damaged beyond repair,-,Hawker Siddeley HS-748-232 Srs. 2,-,-,1966,-,-, PI-C1027, 1609,Philippine Air Lines,Scheduled Passenger, 463,-,-,-,-,Bislig Airport,BPH,RPMF,Philippines,4,24,0,0,-,-,-
19721128-1,Tuesday,28-NOV-1972,19:51,A1, Initial climb (ICL),Moskva-Sheremetyevo Airport (SVO),Russia,76,61, Destroyed, Written off (damaged beyond repair),McDonnell Douglas DC-8-62,4,Pratt & Whitney JT3D-,1969,-,-, JA8040, 46057/474,JAL,International Scheduled Passenger,JL446,Moskva-Sheremetyevo Airport,SVO,UUEE,Russia,Tokyo-Haneda Airport,HND,RJTT,Japan,14,62,9,52,-,-,Final
19721201-0,Friday,01-DEC-1972,-,A1, En route (ENR),"116 km (72.5 mls) W of Norman Wells, NT",Canada,2,2, Damaged beyond repair,-,Douglas C-47A-15-DK (DC-3),2,Pratt & Whitney R-1830-92,1944,-,-, CF-TQW, 12598,Reindeer Air Service,Cargo,-,Norman Wells Airport,YVQ,CYVQ,Canada,-,-,-,-,2,0,2,0,-,-,-
