identifiant,week_day,date,time,type_event,phase,location,country,total_occupants,total_fatalities,aircraft_damage,aircraft_fate,type_aircraft,number_engines,type_engines,first_flight,cycles,total_airframe_hours,registration,c_n_msn,operator,nature,flight_number,departure_airport_name,departure_airport_IATA,departure_airport_ICAO,departure_airport_country,destination_airport_name,destination_airport_IATA,destination_airport_ICAO,destination_airport_country,crew_number,passengers_number,crew_fatalities,passengers_fatalities,collision_casualties,ground_casualties,status
19590104-0,Sunday,04-JAN-1959,-,A1, Landing (LDG),Moyobamba Airport (MBP),Peru,2,0, Damaged beyond repair,-,Curtiss C-46A-25-CU Commando,2,Pratt & Whitney R-2800-51,1943,-,-, OB-QAL-487, 26656,TAPSA,Unknown,-,-,-,-,-,Moyobamba Airport,MBP,SPBB,Peru,2,0,0,0,-,-,-
19590104-1,Sunday,04-JAN-1959,-,A1, Takeoff (TOF),Marble Point,Antarctica,5,2, Damaged beyond repair,-,de Havilland Canada UC-1 Otter (DHC-3),-,-,1956,-,-, 144673, 163,US Navy,Military,-,-,-,-,-,-,-,-,-,-,-,2,0,-,-,-
19590106-0,Tuesday,06-JAN-1959,-,A1, Landing (LDG),"Rio de Janeiro-Santos Dumont Airport, RJ (SDU)",Brazil,5,0, Damaged beyond repair,-,Curtiss C-46A-45-CU Commando,2,Pratt & Whitney R-2800-51,1944,-,-, PP-LDH, 30350,Paraense Transportes Aéreos,Ferry/positioning,-,Rio de Janeiro-Galeão International Airport,GIG,SBGL,Brazil,Rio de Janeiro-Santos Dumont Airport,SDU,SBRJ,Brazil,5,0,0,0,-,-,-
19590106-1,Tuesday,06-JAN-1959,11:20,A1, Unknown (UNK),Pena Blanca Mt.,Guatemala,5,5, Damaged beyond repair,-,Douglas C-47A-80-DL (DC-3),2,Pratt & Whitney R-1830-92,1944,-,15840.0, XH-SAA, 19667,SAHSA,Int'l Non Scheduled Passenger,-,Copán Airport,RUY,MHRU,Honduras,-,-,-,-,3,2,3,2,-,-,-
19590108-0,Thursday,08-JAN-1959,20:32,A1, Approach (APR),"Mt. Holston, TN",United States of America,10,10, Destroyed, Written off (damaged beyond repair),Douglas DC-3A-197B,2,Pratt & Whitney R-1830-92,1938,-,56755.0, N18941, 2007,Southeast Airlines,Domestic Scheduled Passenger, 308,Knoxville-McGhee Tyson Airport,TYS,KTYS,United States of America,Bristol,TRI,KTRI,United States of America,3,7,3,7,-,-,Final
19590111-0,Sunday,11-JAN-1959,11:20,A1, Approach (APR),"Rio de Janeiro-Galeão International Airport, RJ (GIG)",Brazil,39,36, Destroyed, Written off (damaged beyond repair),Lockheed L-1049G Super Constellation,-,-,1955,-,-, D-ALAK, 4602,Lufthansa,International Scheduled Passenger,LH502,Dakar-Yoff Airport,DKR,GOOY,Senegal,Rio de Janeiro-Galeão International Airport,GIG,SBGL,Brazil,10,29,7,29,-,-,Final
19590111-1,Sunday,11-JAN-1959,-,A1, En route (ENR),"ca 40 km SE of Homer, AK",United States of America,9,9, Destroyed, Written off (damaged beyond repair),Douglas C-124C Globemaster II,4,Pratt & Whitney R-4360-20WA,-,-,-, 50-0111, 43249,USAF,Military,-,Tacoma-McChord AFB,TCM,KTCM,United States of America,Kodiak Airport,ADQ,PADQ,United States of America,9,0,9,0,-,-,-
19590113-0,Tuesday,13-JAN-1959,-,A1, En route (ENR),"Panther Peak, CA",United States of America,2,2, Damaged beyond repair,-,Curtiss C-46F-1-CU Commando,-,-,1945,-,-, N1240N, 22404,California Air Freight,Cargo,-,Hollywood-Lockheed Air Terminal,BUR,KBUR,United States of America,Seattle/Tacoma International Airport,SEA,KSEA,United States of America,2,0,2,0,-,-,-
19590114-1,Wednesday,14-JAN-1959,-,A1, Landing (LDG),Firq,Oman,-,0, Damaged beyond repair,-,Vickers Valetta C.1,2,Bristol Hercules 230,1949,-,-, VW817, 378,RAF,Military,-,-,-,-,-,-,-,-,-,-,-,0,0,-,-,-
19590115-0,Thursday,15-JAN-1959,-,A1, Approach (APR),"near Windsor Locks-Bradley Field, CT (BDL)",United States of America,3,2, Damaged beyond repair,-,Douglas C-54 (DC-4),-,-,-,-,-, registration unknown,-,USAF,Military,-,Tucson-Davis Monthan AFB,DMA,KDMA,United States of America,Windsor Locks-Bradley Field,BDL,KBDL,United States of America,3,0,2,0,-,-,-
19590116-0,Friday,16-JAN-1959,21:40,A1, Approach (APR),"1,2 km (0.8 mls) off  Mar del Plata, BA",Argentina,52,51, Damaged beyond repair,-,Curtiss C-46A-50-CU Commando,2,Pratt & Whitney R-2800-75,1944,-,-, LV-GED, 30514,Austral Lineas Aéreas,Domestic Scheduled Passenger, 205,Buenos Aires-Jorge Newbery Airport,AEP,SABE,Argentina,Mar Del Plata Airport,MDQ,SAZM,Argentina,5,47,5,46,-,-,Final
19590117-0,Saturday,17-JAN-1959,16:23,A2, Landing (LDG),"Miami International Airport, FL (MIA)",United States of America,17,0, Substantial, Repaired,Lockheed L-1049G Super Constellation,4,Wright R-3350 (988TC18EA3),1956,-,7309.0, N6240G, 4665,Eastern Air Lines,Domestic Scheduled Passenger,EA704,Miami International Airport,MIA,KMIA,United States of America,Detroit-Wayne Major Airport,DTW,KDTW,United States of America,5,12,0,0,-,-,Final
19590118-0,Sunday,18-JAN-1959,03:33,A1, Approach (APR),5 km (3.1 mls) from  Stalingrad (VOG),Russia,25,25, Destroyed, Written off (damaged beyond repair),Ilyushin Il-14P,-,-,1956,-,3922.0, CCCP-41863, 146000701,Aeroflot / Azerbaijan,Domestic Scheduled Passenger, 205,Voronezh Airport,VOZ,UUOO,Russia,Stalingrad Airport,VOG,URWW,Russia,5,20,5,20,-,-,-
19590118-1,Sunday,18-JAN-1959,-,A1, Standing (STD),"Anchorage-Elmendorf AFB, AK (EDF)",United States of America,24,0, Damaged beyond repair,-,Boeing KC-97G Stratofreighter,-,-,-,-,-, 53-0308, 17090,USAF,Military,-,-,-,-,-,-,-,-,-,-,-,0,0,-,-,-
19590119-0,Monday,19-JAN-1959,-,A1, Takeoff (TOF),at an unknown location,Russia,-,-, Damaged beyond repair,-,Antonov An-2,-,-,-,-,-, CCCP-L1975,-,Aeroflot / Yakutsk,Unknown,-,-,-,-,-,-,-,-,-,-,-,-,-,-,-,-
19590121-0,Wednesday,21-JAN-1959,-,A1, En route (ENR),32 km (20 mls) NE of Mérida,Venezuela,4,4, Damaged beyond repair,-,Curtiss C-46D-15-CU Commando,-,-,1945,-,-, YV-C-LBI, 33411,LEBCA,Domestic Non Scheduled Passenger,-,Mérida-A Carnevalli Airport,MRD,SVMD,Venezuela,-,-,-,-,2,2,2,2,-,-,-
19590122-0,Thursday,22-JAN-1959,15:00,A1, Approach (APR),"4,5 km (2.8 mls) NW of Wadi-es-Sir",Jordan,15,10, Damaged beyond repair,-,Convair CV-240-2,-,-,1948,-,-, JY-ACB,  55,Air Jordan,International Scheduled Passenger, 601,Jerusalem Airport,JRS,OJJR,Israel,Amman-Marka International Airport,ADJ,OJAM,Jordan,4,11,4,6,-,-,-
19590126-0,Monday,26-JAN-1959,16:15,A1, Takeoff (TOF),Kuala Lumpur RAF Station,Malaysia,4,0, Damaged beyond repair,-,Douglas Dakota IV (DC-3),2,Pratt & Whitney R-1830-90C,1944,-,-, KJ810, 25594/14149,RAF,Military,-,-,-,-,-,Penang International Airport,PEN,WMKP,Malaysia,4,0,0,0,-,-,-
19590127-0,Tuesday,27-JAN-1959,-,A1, Approach (APR),"Willoughby Bay, VA",United States of America,10,4, Damaged beyond repair,-,Martin P5M-2 Marlin,-,-,-,-,-, 135529,-,US Navy,Military,-,Norfolk NAS Chambers,NGU,KNGU,United States of America,Norfolk NAS Chambers,NGU,KNGU,United States of America,-,-,-,-,-,-,-
19590127-1,Tuesday,27-JAN-1959,06:09,A1, Takeoff (TOF),Brindisi-Papola Casale Airport (BDS),Italy,6,2, Damaged beyond repair,-,Avro 688 Super Trader,-,-,-,-,-, G-AGRG, 1255,Air Charter,Cargo,-,Brindisi-Papola Casale Airport,BDS,LIBR,Italy,-,-,-,-,6,0,2,0,-,-,-
19590127-2,Tuesday,27-JAN-1959,-,A1, Approach (APR),Ust-Kara,Russia,-,0, Damaged beyond repair,-,Lisunov Li-2,-,-,-,-,-, CCCP-N492, 18429908,Polyarnaya Aviatsiya,Ambulance,-,-,-,-,-,-,-,-,-,-,-,0,0,-,-,-
19590128-0,Wednesday,28-JAN-1959,13:49,A1, En route (ENR),Volcán Osorno,Chile,7,7, Damaged beyond repair,-,Douglas C-47A-20-DK (DC-3),2,Pratt & Whitney R-1830-92,1944,-,-, 952, 12976,Chilean AF,Military,-,Santiago-Los Cerrillos Airport,ULC,SCTI,Chile,Punta Arenas-Carlos Ibañez Airport,PUQ,SCCI,Chile,4,3,4,3,-,-,-
19590129-0,Thursday,29-JAN-1959,-,A1, Initial climb (ICL),near Chakala,Pakistan,7,7, Damaged beyond repair,-,Bristol 170 Freighter 31M,2,Bristol Hercules 734,1954,-,-, S4426, 13174,Pakistan AF,Military,-,-,-,-,-,-,-,-,-,3,4,3,4,-,-,-
19590131-0,Saturday,31-JAN-1959,-,A1, Takeoff (TOF),Vitebsk Airport (VTB),Russia,7,6, Damaged beyond repair,-,Antonov An-12,-,-,1958,-,-, registration unknown, 8900202,Soviet AF,Military,-,Vitebsk Airport,VTB,UMII,Belarus,Vitebsk Airport,VTB,UMII,Belarus,7,0,6,0,-,-,-
19590199-0,-,xx-JAN-1959,-,A1, Landing (LDG),Mirny,Antarctica,-,0, Damaged beyond repair,-,Ilyushin Il-12L,-,-,-,-,-, CCCP-04249, 30099,GUSMP,Unknown,-,-,-,-,-,-,-,-,-,-,-,0,0,-,-,-
19590201-0,Sunday,01-FEB-1959,23:40,A1, En route (ENR),"11 km (6.9 mls) SE of Kerrville Airport, TX (ERV)",United States of America,28,3, Damaged beyond repair,-,Douglas DC-3B-202,2,Wright R-1820-92,1937,-,49051.0, N17314, 1924,General Airways,Domestic Non Scheduled Passenger,-,Pueblo Memorial Airport,PUB,KPUB,United States of America,San Antonio-Lackland AFB,SKF,KSKF,United States of America,3,25,2,1,-,-,Final
19590201-1,Sunday,01-FEB-1959,-,A1, Unknown (UNK),"off Ifafa, KwaZulu-Natal",South Africa,3,0, Damaged beyond repair,-,Lockheed 18-08-01 Lodestar,-,-,1940,-,-, ZS-ASV, 18-2036,Commercial Air Services,Unknown,-,-,-,-,-,-,-,-,-,3,0,0,0,-,-,-
19590203-0,Tuesday,03-FEB-1959,22:05,A2, En route (ENR),over Atlantic Ocean,Atlantic Ocean,129,0, Substantial, Repaired,Boeing 707-121,4,Pratt & Whitney JT3C-6,1958,-,705.0, N712PA, 17591/6,Pan Am,International Scheduled Passenger,PA115,London-Heathrow Airport,LHR,EGLL,United Kingdom,Gander Airport,YQX,CYQX,Canada,10,119,0,0,-,-,Final
19590203-1,Tuesday,03-FEB-1959,23:56,A1, Approach (APR),"1,5 km (0.9 mls) NE off  New York-La Guardia Airport, NY (LGA)",United States of America,73,65, Damaged beyond repair,-,Lockheed L-188A Electra,4,Allison 501-D13,1958,-,302.0, N6101A, 1015,American Airlines,Domestic Scheduled Passenger,AA320,Chicago-Midway Airport,MDW,KMDW,United States of America,New York-La Guardia Airport,LGA,KLGA,United States of America,5,68,2,63,-,-,Final
19590204-0,Wednesday,04-FEB-1959,-,A1, En route (ENR),"30 km (18.8 mls) W of North Even, Magadan Region",Russia,6,0, Damaged beyond repair,-,Lisunov Li-2,-,-,-,-,-, CCCP-16192,-,Aeroflot / Magadan,Passenger,-,-,-,-,-,-,-,-,-,5,1,0,0,-,-,-
19590204-1,Wednesday,04-FEB-1959,-,A1, Approach (APR),"Hawkesbury River, Cornwallis, NSW",Australia,8,8, Damaged beyond repair,-,Lockheed P2V-5 Neptune,-,-,-,-,-, A89-308, 426-5087,RAAF,Military,-,-,-,-,-,-,-,-,-,8,0,8,0,-,-,-
19590205-0,Thursday,05-FEB-1959,-,A1, Initial climb (ICL),"2,4 km (1.5 mls) S of Oakland International Airport, CA (OAK)",United States of America,3,3, Damaged beyond repair,-,Fairchild C-119 Flying Boxcar,-,-,-,-,-, registration unknown,-,USAF,Military,-,Oakland International Airport,OAK,KOAK,United States of America,Oakland International Airport,OAK,KOAK,United States of America,3,0,3,0,-,-,-
19590207-0,Saturday,07-FEB-1959,-,A1, Unknown (UNK),"near Kintamani, Bali",Indonesia,-,-, Damaged beyond repair,-,Douglas C-47A-35-DL (DC-3),-,-,1943,-,-, T-472, 9753,Indonesian AF,Military,-,-,-,-,-,-,-,-,-,-,-,-,-,-,-,-
19590217-0,Tuesday,17-FEB-1959,16:47,A1, Approach (APR),"5,2 km (3.3 mls) W of London-Gatwick Airport (LGW)",United Kingdom,24,14, Damaged beyond repair,-,Vickers 794D Viscount,4,Rolls-Royce Dart 510,1958,-,548.0, TC-SEV, 429,THY,Int'l Non Scheduled Passenger,-,Roma-Fiumicino Airport,FCO,LIRF,Italy,London Airport,LHR,EGLL,United Kingdom,8,16,5,9,-,-,Final
19590218-0,Wednesday,18-FEB-1959,-,A1, En route (ENR),Belen,Chile,5,0, Damaged beyond repair,-,Curtiss C-46A-40-CU Commando,2,Pratt & Whitney R-2800-51,1944,-,-, N68823, 26818,Southern Cross Airways,Cargo,-,Arica-Chacalluta Airport,ARI,SCAR,Chile,Puerto Suarez Airport,PSZ,SLPS,Bolivia,5,0,0,0,-,-,-
19590220-0,Friday,20-FEB-1959,-,A1, Landing (LDG),"San Francisco International Airport, CA (SFO)",United States of America,3,0, Damaged beyond repair,-,Douglas DC-7C,-,-,1956,-,-, N740PA, 44882/694,Pan Am,Training,-,San Francisco International Airport,SFO,KSFO,United States of America,San Francisco International Airport,SFO,KSFO,United States of America,3,0,0,0,-,-,-
19590224-0,Tuesday,24-FEB-1959,-,A1, Unknown (UNK),"Udoria, ON",Canada,-,-, Damaged beyond repair,-,de Havilland Canada YAC-1 Caribou,-,-,1959,-,-, CF-LKI-X,   3,de Havilland Canada,Test,-,-,-,-,-,-,-,-,-,-,-,-,-,-,-,-
19590225-0,Wednesday,25-FEB-1959,-,A2, En route (ENR),over Chartres,France,5,0, Substantial, Repaired,Boeing 707-121,4,Pratt & Whitney JT3C-6,1958,-,-, N709PA, 17588/3,Pan Am,Training,-,Paris-Le Bourget Airport,LBG,LFPB,France,Paris-Le Bourget Airport,LBG,LFPB,France,5,0,0,0,-,-,-
19590228-0,Saturday,28-FEB-1959,-,A1, Initial climb (ICL),"3 km (1.9 mls) S of Prescott Airport, AZ (PRC)",United States of America,5,5, Damaged beyond repair,-,Lockheed C-121G Super Constellation (L-1049),-,-,1954,-,-, 54-4069, 4149,USAF,Military,-,Goodyear-Litchfield Park NAS,GYR,KGYR,United States of America,Goodyear-Litchfield Park NAS,GYR,KGYR,United States of America,5,0,5,0,-,-,-
19590301-0,Sunday,01-MAR-1959,12:00,A1, En route (ENR),"30 km (18.8 mls) from  Caravelas, BA",Brazil,18,18, Damaged beyond repair,-,Douglas C-47A-DL (DC-3),2,Pratt & Whitney R-1830-92,1944,-,-, 2070, 13822,Brazilian AF,Military,-,-,-,-,-,Salvador-Dois de Julho International Airport,SSA,SBSV,Brazil,5,13,5,13,-,-,-
19590304-0,Wednesday,04-MAR-1959,-,A1, Unknown (UNK),Brahmaputra River,India,-,-, Damaged beyond repair,-,Douglas C-47 (DC-3),-,-,-,-,-, HJ243,-,Indian AF,Military,-,-,-,-,-,-,-,-,-,-,-,-,-,-,-,-
19590304-1,Wednesday,04-MAR-1959,13:55,A1, Approach (APR),8 km (5 mls) NE of Dresden-Klotzsche Airport (DRS),Germany,4,4, Destroyed, Written off (damaged beyond repair),Baade 152,4,Tumansky RD-9B,1958,1.0,1.5, DM-ZYA, V-1,VEB Flugzeugwerke Dresden,Test,-,Dresden Airport,DRS,EDDC,Germany,Dresden Airport,DRS,EDDC,Germany,4,0,4,0,-,-,-
19590305-0,Thursday,05-MAR-1959,19:35,A1, Initial climb (ICL),"2,4 km (1.5 mls) from  Managua Airport (MGA)",Nicaragua,19,15, Damaged beyond repair,-,Vickers 763D Viscount,-,-,1958,-,-, YS-09C,  82,TACA,International Scheduled Passenger, 779,Managua Airport,MGA,MNMG,Nicaragua,Tegucigalpa-Toncontin Airport,TGU,MHTG,Honduras,4,15,2,13,-,-,-
19590306-0,Friday,06-MAR-1959,-,A1, Approach (APR),"8 km (5 mls) from  Cherry Point MCAS, NC",United States of America,9,8, Damaged beyond repair,-,Fairchild R4Q Flying Boxcar (C-119),-,-,-,-,-, registration unknown,-,USMC,Military,-,Norfolk NAS Chambers,NGU,KNGU,United States of America,-,-,-,-,-,-,-,-,-,-,-
19590309-0,Monday,09-MAR-1959,-,A2, Takeoff (TOF),Addis Ababa-Lideta Airport,Ethiopia,-,0, Substantial, Repaired,Fokker F-27 Friendship 100,-,-,1957,-,-, PH-NVF, 10202,Fokker,Unknown,-,-,-,-,-,-,-,-,-,-,-,0,0,-,-,-
19590310-0,Tuesday,10-MAR-1959,20:30,A1, Unknown (UNK),"Curralinho, PA",Brazil,23,23, Damaged beyond repair,-,Consolidated C-10A Catalina (PBY-5A),-,-,-,-,-, 6513, 1888,Brazilian AF,Military,-,-,-,-,-,-,-,-,-,5,18,5,18,-,-,-
19590312-0,Thursday,12-MAR-1959,-,A1, Unknown (UNK),Charagua,Bolivia,-,-, Damaged beyond repair,-,Curtiss C-46A-5-CK Commando,2,Pratt & Whitney R-2800-51,1944,-,-, CP-552,    51,Transaéreos de la Corporación Boliviana de Fomento,Unknown,-,-,-,-,-,-,-,-,-,-,-,-,-,-,-,-
19590312-1,Thursday,12-MAR-1959,14:10,A1, Unknown (UNK),near Tobu,India,7,5, Damaged beyond repair,-,Douglas C-47A-10-DK (DC-3),2,Pratt & Whitney R-1830-92,1944,-,-, VT-CYH, 12493,Indian Airlines,Cargo,-,Jorhat-Rowriah Airport,JRH,VEJT,India,Jorhat-Rowriah Airport,JRH,VEJT,India,3,4,3,2,-,-,-
19590313-0,Friday,13-MAR-1959,08:02,A1, Approach (APR),Mahon,Spain,18,1, Damaged beyond repair,-,Bristol 170 Freighter 21E,-,-,-,-,-, EC-ADH, 12776,Aviaco,Domestic Scheduled Passenger,-,Palma de Mallorca Airport,PMI,LEPA,Spain,Menorca-Mahón Airport,MAH,LEMH,Spain,3,15,0,1,-,-,-
19590315-1,Sunday,15-MAR-1959,00:53,A1, Approach (APR),"1,5 km (0.9 mls) SE of Chicago-Midway Airport, IL (MDW)",United States of America,2,0, Damaged beyond repair,-,Convair CV-240-0,2,Pratt & Whitney R-2800-83AM4A,1949,-,22720.0, N94273, 150,American Airlines,Cargo,AA2815,New York-La Guardia Airport,LGA,KLGA,United States of America,Chicago-Midway Airport,MDW,KMDW,United States of America,2,0,0,0,-,-,Final
19590329-0,Sunday,29-MAR-1959,14:59,A1, Landing (LDG),"Argentia-NAS, NL (NWP)",Canada,21,0, Damaged beyond repair,-,Lockheed WV-2 Super Constellation,-,-,1956,-,-, 141332, 4456,US Navy,Military,-,-,-,-,-,-,-,-,-,21,0,0,0,-,-,-
19590329-1,Sunday,29-MAR-1959,10:45,A1, En route (ENR),56 km (35 mls) W of Silchar,India,24,24, Damaged beyond repair,-,Douglas C-47A-90-DL (DC-3),2,Pratt & Whitney R-1830-92,1944,-,-, VT-CGI, 20176,Indian Airlines,Domestic Scheduled Passenger,-,Agartala-Singerbhil Airport,IXA,VEAT,India,Silchar-Kumbhirgram Airport,IXS,VEKU,India,4,20,4,20,-,-,Final
19590329-2,Sunday,29-MAR-1959,-,A1, En route (ENR),near Boukpayanga,Central African Republic,9,9, Damaged beyond repair,-,Nord 2501 Noratlas,2,Bristol Hercules 739,-,-,-, F-BGZB, 2,UAT,Domestic Non Scheduled Passenger,-,Berbérati Airport,BBT,FEFT,Central African Republic,Bangui Airport,BGF,FEFF,Central African Republic,4,5,4,5,-,-,-
19590330-1,Monday,30-MAR-1959,-,A1, Unknown (UNK),"Alma, GA",United States of America,2,2, Damaged beyond repair,-,Curtiss C-46A-45-CU Commando,2,Pratt & Whitney R-2800-51,1944,-,-, N7840B, 30242,Riddle Airlines,Cargo, 402,Orlando International Airport,MCO,KMCO,United States of America,-,-,-,-,2,0,2,0,-,-,-
19590331-0,Tuesday,31-MAR-1959,11:45,A1, En route (ENR),"14,5 km (9.1 mls) E of Killeen, TX",United States of America,4,4, Damaged beyond repair,-,Boeing KC-135A Stratotanker,4,Pratt & Whitney J57-P,1959,-,50.0, 58-0002, 17747/217,USAF,Military,-,-,-,-,-,-,-,-,-,4,0,4,0,-,-,-
19590331-1,Tuesday,31-MAR-1959,-,A1, Initial climb (ICL),Adana-Incirlik Air Base (ADA),Turkey,9,4, Damaged beyond repair,-,Douglas C-124C Globemaster II,4,Pratt & Whitney R-4360-20WA,-,-,-, 51-5201, 43611,USAF,Military,-,Adana-Incirlik Air Base,ADA,LTAG,Turkey,-,-,-,-,9,0,4,0,-,-,-
19590331-2,Tuesday,31-MAR-1959,09:15,A1, Initial climb (ICL),near Port-au-Prince,Haiti,23,0, Damaged beyond repair,-,Douglas C-47B-45-DK (DC-3),2,Pratt & Whitney R-1830-90C,1945,-,-, 5878, 34137/16881,COHATA,Domestic Scheduled Passenger,-,Port-au-Prince Airport,PAP,MTPP,Haiti,Cap Haitien Airport,CAP,MTCH,Haiti,4,19,0,0,-,-,-
19590331-3,Tuesday,31-MAR-1959,16:20,A1, Takeoff (TOF),near Napoli-Capodichino Airport (NAP),Italy,20,3, Damaged beyond repair,-,Douglas R4D-8 (Super DC-3),-,-,1944,-,-, 17241, 43343,US Navy,Military,-,Napoli-Capodichino Airport,NAP,LIRN,Italy,Malta-Luqa Airport,MLA,LMML,Malta,6,14,-,-,-,1,-
19590401-0,Wednesday,01-APR-1959,-,A1, En route (ENR),"8 km (5 mls) from  Orting, WA",United States of America,4,4, Damaged beyond repair,-,Douglas C-118A (DC-6),-,-,1955,-,-, 53-3250, 44621/554,USAF,Military,-,Tacoma-McChord AFB,TCM,KTCM,United States of America,-,-,-,-,4,0,4,0,-,-,-
19590402-0,Thursday,02-APR-1959,23:35,A1, Landing (LDG),"Argentia-NAS, NL (NWP)",Canada,29,1, Damaged beyond repair,-,Lockheed WV-2 Super Constellation,-,-,1956,-,-, 141303, 4427,US Navy,Military,-,-,-,-,-,-,-,-,-,29,0,1,0,-,-,-
19590408-0,Wednesday,08-APR-1959,-,A1, En route (ENR),48 km (30 mls) W Aden-Khormaksar RAF Station,Yemen,-,0, Damaged beyond repair,-,Scottish Aviation Twin Pioneer CC.1,2,Alvis Leonides 514,1958,-,-, XM287, 541,RAF,Military,-,-,-,-,-,-,-,-,-,-,-,0,0,-,-,-
19590408-1,Wednesday,08-APR-1959,-,A1, En route (ENR),"0,8 km (0.5 mls) W off  Aden-Khormaksar RAF Station",Yemen,-,0, Damaged beyond repair,-,Scottish Aviation Twin Pioneer CC.1,2,Alvis Leonides 514,1958,-,-, XM288, 542,RAF,Military,-,-,-,-,-,-,-,-,-,-,-,0,0,-,-,-
19590409-0,Thursday,09-APR-1959,-,A2, En route (ENR),Beirut Airport (BEY),Lebanon,73,0, Substantial, Repaired,de Havilland  DH-106 Comet 4,4,Rolls-Royce Avon 524,1958,-,-, G-APDF, 6407,BOAC,International Scheduled Passenger,-,Beirut Airport,BEY,OLBA,Lebanon,-,-,-,-,9,64,0,0,-,-,-
19590410-0,Friday,10-APR-1959,-,A1, Landing (LDG),"Juneau International Airport, AK (JNU)",United States of America,10,0, Damaged beyond repair,-,Boeing 377 Stratocruiser 10-26,4,Pratt & Whitney R-4360-B6,1949,-,-, N1033V, 15933/31,Pan Am,Domestic Scheduled Passenger,-,Seattle/Tacoma International Airport,SEA,KSEA,United States of America,Juneau International Airport,JNU,PAJN,United States of America,5,5,0,0,-,-,-
19590410-1,Friday,10-APR-1959,-,H2, En route (ENR),Santiago Airport (SCU),Cuba,32,1, Unknown,-,Douglas DC-3,-,-,-,-,-, registration unknown,-,COHATA,Domestic Scheduled Passenger,-,Les Cayes Airport,CYA,MTCA,Haiti,Port-au-Prince-Mais Gate Airport,PAP,MTPP,Haiti,2,30,1,0,-,-,-
19590412-0,Sunday,12-APR-1959,-,A1, Initial climb (ICL),Rio Tejo (Tagus River),Portugal,11,11, Damaged beyond repair,-,Douglas C-47A-80-DL (DC-3),2,Pratt & Whitney R-1830-92,1943,-,-, 6150, 19773,Portuguese AF,Military,-,Lisboa-Portela de Sacavém Airport,LIS,LPPT,Portugal,-,-,-,-,-,-,-,-,-,-,-
19590413-0,Monday,13-APR-1959,-,A1, Unknown (UNK),Hyères,France,-,3, Damaged beyond repair,-,Morane Saulnier MS.760 Paris I,-,-,1959,-,-, 12, 12,French Navy,Military,-,-,-,-,-,Hyères Naval Air Station,TLN,LFTH,France,-,0,3,0,-,-,-
19590413-1,Monday,13-APR-1959,-,A1, Unknown (UNK),"near China Lake, CA",United States of America,-,0, Damaged beyond repair,-,Lockheed P2V-3 Neptune,-,-,-,-,-, 122984,-,US Navy,Military,-,-,-,-,-,-,-,-,-,-,-,0,0,-,-,-
19590415-0,Wednesday,15-APR-1959,-,A1, Takeoff (TOF),"Baltimore Harbor Field, MD",United States of America,6,6, Damaged beyond repair,-,Grumman SA-16 Albatross,-,-,-,-,-, registration unknown,-,USAF,Military,-,-,-,-,-,-,-,-,-,-,-,-,-,-,-,-
19590416-0,Thursday,16-APR-1959,-,H2, En route (ENR),"Miami International Airport, FL (MIA)",United States of America,22,0, None,-,Curtiss C-46,-,-,-,-,-, registration unknown,-,Aerovías Cubanas Internacionales,Domestic Scheduled Passenger,-,Havana-José Martí International Airport,HAV,MUHA,Cuba,Isla De La Juventud-Siguanea Airport,SZJ,MUSN,Cuba,3,19,0,0,-,-,-
19590416-2,Thursday,16-APR-1959,-,A1, Takeoff (TOF),Ankara-Etimesgut Airport (ANK),Turkey,-,2, Damaged beyond repair,-,Douglas C-47 (DC-3),-,-,-,-,-, registration unknown,-,Turkish AF,Military,-,Ankara-Etimesgut Airport,ANK,LTAD,Turkey,-,-,-,-,-,-,2,0,-,-,-
19590417-0,Friday,17-APR-1959,06:39,A1, En route (ENR),near Bahía Kino,Mexico,26,26, Damaged beyond repair,-,Curtiss C-46F-1-CU Commando,-,-,1945,-,-, XA-MIS, 22586,Tigres Voladores,Domestic Scheduled Passenger,-,Mexicali Airport,MXL,MMML,Mexico,Guaymas-Gen Jose M Yanez Airport,GYM,MMGM,Mexico,5,21,5,21,-,-,-
19590421-0,Tuesday,21-APR-1959,03:30,A1, Approach (APR),"Porto Alegre, RS",Brazil,6,2, Damaged beyond repair,-,Grumman A-16 Albatross (HU-16),-,-,-,-,-, 6536, G-39,Brazilian AF,Military,-,-,-,-,-,-,-,-,-,-,-,-,-,-,-,-
19590423-0,Thursday,23-APR-1959,-,A1, En route (ENR),Mount Süphan,Turkey,12,12, Damaged beyond repair,-,Avro 688 Super Trader,-,-,-,-,-, G-AGRH, 1256,Air Charter,Cargo,-,-,-,-,-,Bahrain International Airport,BAH,OBBI,Bahrain,12,0,12,0,-,-,-
19590424-0,Friday,24-APR-1959,13:06,A1, En route (ENR),Novosibirsk Region,Russia,8,5, Damaged beyond repair,-,Lisunov Li-2,-,-,-,-,-, CCCP-84595, 18427508,Aeroflot / West Siberia,Survey/research,-,-,-,-,-,-,-,-,-,8,0,5,0,-,-,-
19590425-0,Saturday,25-APR-1959,-,A1, Unknown (UNK),near Kerman,Iran,-,0, Damaged beyond repair,-,Douglas C-47A-20-DL (DC-3),2,Pratt & Whitney R-1830-92,1943,-,-, EP-ACL, 9308,Iranian Airways,Unknown,-,Sanandaj Airport,SDG,OICS,Iran,-,-,-,-,-,-,0,0,-,-,-
19590425-1,Saturday,25-APR-1959,-,H2, En route (ENR),"Key West International Airport, FL (EYW)",United States of America,-,0, None,-,Vickers Viscount,-,-,-,-,-, registration unknown,-,Cubana,Domestic Scheduled Passenger,-,Varadero-Juan Gualberto Gomez Airport,VRA,MUVR,Cuba,Havana-José Martí International Airport,HAV,MUHA,Cuba,-,12,0,0,-,-,-
19590429-0,Wednesday,29-APR-1959,16:00,A1, En route (ENR),Sierra de Valdemeca,Spain,28,28, Damaged beyond repair,-,Douglas C-47A-75-DL (DC-3),2,Pratt & Whitney R-1830-92,1943,-,-, EC-ABC, 19334,Iberia,Domestic Scheduled Passenger,-,Barcelona-El Prat Airport,BCN,LEBL,Spain,Madrid-Barajas Airport,MAD,LEMD,Spain,3,25,3,25,-,-,-
19590429-1,Wednesday,29-APR-1959,-,A1, Takeoff (TOF),N82°21' E177°00',Arctic Ocean,-,0, Damaged beyond repair,-,Lisunov Li-2,-,-,-,-,-, CCCP-04209, 18430808,Polyarnaya Aviatsiya,Unknown,-,-,-,-,-,-,-,-,-,6,-,0,0,-,-,-
19590430-0,Thursday,30-APR-1959,-,A1, Landing (LDG),Poitiers-Biard Airport (PIS),France,-,0, Damaged beyond repair,-,Douglas C-47B-1-DK (DC-3),2,Pratt & Whitney R-1830-90C,1944,-,-, F-BAII, 25550/14105,Air France,Cargo,-,-,-,-,-,Poitiers-Biard Airport,PIS,LFBI,France,-,-,0,0,-,-,-
19590499-0,-,xx-APR-1959,-,A1, Unknown (UNK),at an unknown location,Russia,-,-, Damaged beyond repair,-,Antonov An-2,-,-,-,-,-, CCCP-L5569,-,Aeroflot / Yakutsk,Unknown,-,-,-,-,-,-,-,-,-,-,-,-,-,-,-,-
19590502-0,Saturday,02-MAY-1959,21:12,A1, Unknown (UNK),"Mallorca, Alfabia Peak",Spain,5,5, Damaged beyond repair,-,Douglas C-47A-1-DK (DC-3),2,Pratt & Whitney R-1830-92,1943,-,-, OE-FDA, 13332,Austria-Flugdienst,Int'l Non Scheduled Passenger,-,Palma de Mallorca Airport,PMI,LEPA,Spain,Wien-Schwechat International Airport,VIE,LOWW,Austria,3,2,3,2,-,-,-
19590506-1,Wednesday,06-MAY-1959,-,A1, En route (ENR),"near Belém, PA",Brazil,3,3, Destroyed, Written off (damaged beyond repair),Curtiss C-46A-40-CU Commando,2,Pratt & Whitney R-2800-51,1944,-,-, PP-BTA, 26901,Paraense Transportes Aéreos,Cargo,-,Belém/Val-de-Cans International Airport,BEL,SBBE,Brazil,-,-,-,-,3,0,3,0,-,-,-
19590508-0,Friday,08-MAY-1959,-,A1, Takeoff (TOF),near Cuzco-Velazco Astete Airport (CUZ),Peru,5,0, Damaged beyond repair,-,Curtiss C-46 Super C,2,Pratt & Whitney R-2800-51,1943,-,-, OB-QAM, 26709,TAPSA,Unknown,-,Cuzco-Velazco Astete Airport,CUZ,SPZO,Peru,-,-,-,-,2,3,0,0,-,-,-
19590511-0,Monday,11-MAY-1959,-,A1, Initial climb (ICL),"near Whidbey Island-NAS, WA (NUW)",United States of America,10,9, Damaged beyond repair,-,Lockheed P2V-5 Neptune,-,-,-,-,-, registration unknown,-,US Navy,Military,-,-,-,-,-,-,-,-,-,10,0,9,0,-,-,-
19590512-0,Tuesday,12-MAY-1959,15:20,A1, Landing (LDG),"Charleston-Kanawha County Airport, WV (CRW)",United States of America,44,2, Damaged beyond repair,-,Lockheed L-049E-46 Constellation,4,Wright R-3350 (972TC18DA3),-,-,29589.0, N2735A, 1978,Capital Airlines,Domestic Scheduled Passenger, 983,Pittsburgh-Greater Pittsburgh Airport,PIT,KPIT,United States of America,Charleston-Kanawha County Airport,CRW,KCRW,United States of America,6,38,1,1,-,-,Final
19590512-1,Tuesday,12-MAY-1959,16:13,A1, En route (ENR),"Chase, MD",United States of America,31,31, Destroyed, Written off (damaged beyond repair),Vickers 745D Viscount,4,Rolls-Royce Dart 510,1957,-,4180.0, N7463, 287,Capital Airlines,Domestic Scheduled Passenger,  75,New York-La Guardia Airport,LGA,KLGA,United States of America,Atlanta Hartsfield-Jackson International Airport,ATL,KATL,United States of America,4,27,4,27,-,-,Final
19590513-0,Wednesday,13-MAY-1959,-,A1, Unknown (UNK),30 km (18.8 mls) S of Tournavista,Peru,12,12, Damaged beyond repair,-,Curtiss C-46A-40-CU Commando,2,Pratt & Whitney R-2800-51,1944,-,-, OB-WBP-507, 26829,TAPSA,Domestic Scheduled Passenger,-,-,-,-,-,Tarapoto Airport,TPP,SPST,Peru,4,8,4,8,-,-,-
19590515-0,Friday,15-MAY-1959,20:42,A1, En route (ENR),"3 km (1.9 mls) off  Mar del Plata, BA",Argentina,10,10, Damaged beyond repair,-,Douglas C-47A-80-DL (DC-3),2,Pratt & Whitney R-1830-92,1944,-,-, LV-AFW, 19790,Aerolineas Argentinas,Domestic Scheduled Passenger,AR672,Mar Del Plata Airport,MDQ,SAZM,Argentina,Bahía Blanca-Comandante Espora Airport,BHI,SAZB,Argentina,4,6,4,6,-,-,Final
19590518-0,Monday,18-MAY-1959,-,A1, Landing (LDG),Islamabad International Airport (ISB),Pakistan,43,0, Damaged beyond repair,-,Vickers 815 Viscount,4,Rolls-Royce Dart 525,1958,650.0,710.0, AP-AJC, 335,PIA,Unknown,-,-,-,-,-,Islamabad International Airport,ISB,OPRN,Pakistan,-,-,0,0,-,-,-
19590520-0,Wednesday,20-MAY-1959,17:29,A1, Landing (LDG),Ashiya Air Base,Japan,8,1, Damaged beyond repair,-,Lockheed C-130A Hercules,-,-,1958,-,-, 57-0468, 3175,USAF,Military,-,Iwo Jima Air Base,IWO,RJAW,Japan,-,-,-,-,-,-,-,-,-,9,-
19590521-0,Thursday,21-MAY-1959,-,A1, En route (ENR),Moro,Peru,8,8, Destroyed, Written off (damaged beyond repair),Curtiss C-46A-50-CU Commando,2,Pratt & Whitney R-2800-51,1944,-,-, CC-CIA-497, 30482,L.A. Interpolar,Cargo,-,Talara Airport,TYL,SPYL,Peru,Arica-Chacalluta Airport,ARI,SCAR,Chile,4,4,4,4,-,-,-
19590529-0,Friday,29-MAY-1959,-,A1, Approach (APR),"1,6 km (1 mls) S of Khartoum-Civil Airport (KRT)",Sudan,30,5, Damaged beyond repair,-,Handley Page Hastings C.1,-,-,-,-,-, TG522, HP67/26,RAF,Military,-,Khartoum-Civil Airport,KRT,HSSS,Sudan,-,-,-,-,5,25,5,0,-,-,-
19590601-0,Monday,01-JUN-1959,-,C1, En route (ENR),within Nicaragua,Nicaragua,2,2, Damaged beyond repair,-,Curtiss C-46,-,-,-,-,-, TI-1022,-,Aerolineas Nacionales,Cargo,-,-,-,-,-,-,-,-,-,2,0,2,0,-,-,-
19590603-0,Wednesday,03-JUN-1959,-,O1, Standing (STD),RAF Watton Airfield,United Kingdom,0,0, Damaged beyond repair,-,de Havilland DH-106 Comet 2R,-,-,1955,-,-, XK663, 06027,RAF,Military,-,-,-,-,-,-,-,-,-,0,0,0,0,-,-,-
19590607-0,Sunday,07-JUN-1959,-,A1, En route (ENR),100 km (62.5 mls) off  Libya,Mediterranean Sea,7,0, Damaged beyond repair,-,Douglas SC-47A,-,-,1944,-,-, 43-15689, 20155,USAF,Military,-,-,-,-,-,-,-,-,-,-,-,0,0,-,-,-
19590608-0,Monday,08-JUN-1959,-,A2, Approach (APR),Calcutta-Dum Dum Airport (CCU),India,53,0, Substantial, Repaired,de Havilland  DH-106 Comet 4,4,Rolls-Royce Avon 524,1958,-,-, G-APDA, 6401,BOAC,International Scheduled Passenger,931,Bangkok-Don Muang International Airport,BKK,VTBD,Thailand,Calcutta-Dum Dum Airport,CCU,VECC,India,9,44,0,0,-,-,-
19590610-0,Wednesday,10-JUN-1959,10:30,A1, Approach (APR),"Mormugao, Goa",India,8,8, Damaged beyond repair,-,Martin PBM-5A Mariner,-,-,-,-,-, P-306,-,Dutch Navy,Military,-,Negombo RAF Station,CMB,VCBI,Sri Lanka,-,-,-,-,8,0,8,0,-,-,-
19590614-0,Sunday,14-JUN-1959,-,A1, Unknown (UNK),unknown,Unknown country,-,-, Damaged beyond repair,-,Douglas C-47A-70-DL (DC-3),-,-,1943,-,-, ETI-82, 19114,Turkish AF,Military,-,-,-,-,-,-,-,-,-,-,-,-,-,-,-,-
19590620-0,Saturday,20-JUN-1959,-,A1, Unknown (UNK),"Prescott, AZ",United States of America,-,-, Damaged beyond repair,-,Consolidated P4Y-2 Privateer,-,-,-,-,-, N6884C,-,International Air Applicators,Unknown,-,-,-,-,-,-,-,-,-,-,-,-,-,-,-,-
19590621-0,Sunday,21-JUN-1959,-,A2, Landing (LDG),"New York-Idlewild International Airport, NY (IDL)",United States of America,43,0, Substantial, Repaired,de Havilland  DH-106 Comet 4,4,Rolls-Royce Avon 524,1958,-,-, G-APDB, 6403,BOAC,Passenger,-,-,-,-,-,New York-Idlewild International Airport,IDL,KIDL,United States of America,10,33,0,0,-,-,-
19590621-1,Sunday,21-JUN-1959,-,A1, Landing (LDG),Athens-Ellinikon International Airport (ATH),Greece,26,0, Damaged beyond repair,-,Canadair C-54GM North Star,4,Rolls-Royce Merlin 622,1946,-,-, 17525, 101,RCAF,Military,-,-,-,-,-,Athens-Ellinikon International Airport,ATH,LGAT,Greece,7,19,0,0,-,-,-
19590622-0,Monday,22-JUN-1959,-,A1, Takeoff (TOF),Shannon Airport (SNN),Ireland,8,0, Damaged beyond repair,-,Douglas DC-6A/B,-,-,1954,-,-, N5026K, 44426/477,Pan Am,Cargo,-,Shannon Airport,SNN,EINN,Ireland,-,-,-,-,6,2,0,0,-,-,-
19590622-1,Monday,22-JUN-1959,-,O1, Standing (STD),"Roswell-Walker AFB, NM",United States of America,0,0, Destroyed, Written off (damaged beyond repair),Boeing KC-135A Stratotanker,4,Pratt & Whitney J57-P,1958,-,-, 57-1446, 17517/126,USAF,Military,-,-,-,-,-,-,-,-,-,0,0,0,0,-,-,-
19590623-0,Tuesday,23-JUN-1959,-,U1, Unknown (UNK),at an unknown location,Unknown country,-,-, Damaged beyond repair,-,CASA 352 (Junkers Ju-52),-,-,-,-,-, T.2B-239, 130,Spanish AF,Military,-,-,-,-,-,-,-,-,-,-,-,-,-,-,-,-
19590623-1,Tuesday,23-JUN-1959,19:30,A1, En route (ENR),Cerro Baco,Peru,14,14, Destroyed, Written off (damaged beyond repair),Douglas DC-4,-,-,1944,-,-, HK-135, 10418,Avianca,International Scheduled Passenger, 667,Quito-Mariscal Sucre Airport,UIO,SEQU,Ecuador,Lima-Limatambo Airport,LIM,SPIM,Peru,4,10,4,10,-,-,-
19590623-3,Tuesday,23-JUN-1959,-,U1, Unknown (UNK),at an unknown location,Unknown country,-,-, Damaged beyond repair,-,CASA 352 (Junkers Ju-52),-,-,-,-,-, T.2-136, 27,Spanish AF,Military,-,-,-,-,-,-,-,-,-,-,-,-,-,-,-,-
19590625-0,Thursday,25-JUN-1959,-,A1, Takeoff (TOF),"Yurgarga River, Taimyr Peninsula",Russia,-,-, Damaged beyond repair,-,Antonov An-2,-,-,1951,-,-, CCCP-04266, 1 12 473 02,GUSMP,Unknown,-,-,-,-,-,-,-,-,-,-,-,-,-,-,-,Preliminary
19590626-0,Friday,26-JUN-1959,17:35,A1, En route (ENR),32 km (20 mls) NW of Milano,Italy,68,68, Destroyed, Written off (damaged beyond repair),Lockheed L-1649A Starliner,4,Wright R-3350 (988TC18),1957,-,6671.0, N7313C, 1015,TWA,International Scheduled Passenger,TW891,Milano-Malpensa Airport,MXP,LIMC,Italy,Paris-Orly Airport,ORY,LFPO,France,9,59,9,59,-,-,Final
19590630-0,Tuesday,30-JUN-1959,-,A1, Landing (LDG),"off Prince Rupert, BC",Canada,9,1, Damaged beyond repair,-,Canadian Vickers PBV-1A Canso A (PBY-5A),-,-,-,-,-, 11041, CV-331,RCAF,Military,-,-,-,-,-,Prince Rupert-Seal Cove Airport,ZSW,CZSW,Canada,-,-,1,0,-,-,-
19590701-1,Wednesday,01-JUL-1959,-,A1, Unknown (UNK),Istanbul-Yesilköy Airport (IST),Turkey,5,0, Substantial,-,Douglas C-47B (DC-3),-,-,-,-,-, GA+1..,-,German AF,Military,-,-,-,-,-,-,-,-,-,5,0,0,0,-,-,-
19590702-0,Thursday,02-JUL-1959,-,A1, Initial climb (ICL),"off Puvirnituq Airport, QC (YPX)",Canada,12,0, Damaged beyond repair,-,Canadian Vickers PBV-1A Canso (PBY-5A),-,-,1943,-,-, CF-IHB, CV-294,Austin Airways,Domestic Non Scheduled Passenger,-,Puvirnituq Airport,YPX,CYPX,Canada,-,-,-,-,3,9,0,0,-,-,-
19590703-0,Friday,03-JUL-1959,-,A1, Landing (LDG),Gan RAF Station (GAN),Maldives,-,0, Damaged beyond repair,-,Handley Page Hastings C.1,-,-,-,-,-, TG580, HP67/71,RAF,Military,-,Katunayake RAF Station,CMB,VCBI,Sri Lanka,Gan RAF Station,GAN,VRMG,Maldives,-,-,0,0,-,-,-
19590703-1,Friday,03-JUL-1959,-,A1, Unknown (UNK),"6 km (3.8 mls) NE Córdoba-Pajas Blancas Airport, CD (COR)",Argentina,-,0, Damaged beyond repair,-,Douglas C-47A-40-DL Skytrain,-,-,1943,-,-, T-21, 9936,Argentine AF,Military,-,-,-,-,-,-,-,-,-,-,-,0,0,-,-,-
19590706-0,Monday,06-JUL-1959,-,A1, Takeoff (TOF),"1,5 km (0.9 mls) from  Shreveport-Barksdale AFB, LA (BAD)",United States of America,7,0, Damaged beyond repair,-,Douglas C-124A Globemaster II,4,Pratt & Whitney R-4360-20WA,-,-,-, 49-0254, 43183,USAF,Military,-,Shreveport-Barksdale AFB,BAD,KBAD,United States of America,-,-,-,-,7,0,0,0,-,-,-
19590708-0,Wednesday,08-JUL-1959,-,H2, En route (ENR),Bari-Palese Airport (BRI),Italy,27,0, None,-,unknown,-,-,-,-,-, registration unknown,-,JAT,Domestic Scheduled Passenger,-,Tivat Airport,TIV,LYTV,Montenegro,-,-,-,-,-,-,0,0,-,-,-
19590709-0,Thursday,09-JUL-1959,-,A1, Landing (LDG),Tokyo-Haneda Airport (HND),Japan,59,0, Damaged beyond repair,-,Boeing 377 Stratocruiser 10-29,4,Pratt & Whitney R-4360-B6,1949,-,-, N90941, 15957/20,Pan Am,International Scheduled Passenger,-,-,-,-,-,Tokyo-Haneda Airport,HND,RJTT,Japan,6,53,0,0,-,-,-
19590710-0,Friday,10-JUL-1959,08:30,A1, Takeoff (TOF),San José-La Sabana Airport,Costa Rica,9,0, Damaged beyond repair,-,Curtiss C-46,-,-,-,-,-, TI-1020,-,Aerolineas Nacionales,Passenger,-,-,-,-,-,-,-,-,-,2,7,0,0,-,-,-
19590714-0,Tuesday,14-JUL-1959,-,A1, Landing (LDG),"Santiago del Estero Airport, SE (SDE)",Argentina,10,0, Damaged beyond repair,-,Douglas C-47A-30-DL (DC-3),2,Pratt & Whitney R-1830-92,1943,-,-, LV-ACM, 9490,Aerolineas Argentinas,Domestic Scheduled Passenger,-,Buenos Aires/Ezeiza-Ministro Pistarini Airport,EZE,SAEZ,Argentina,Córdoba-Pajas Blancas Airport,COR,SACO,Argentina,3,7,0,0,-,-,-
19590715-0,Wednesday,15-JUL-1959,-,A1, Unknown (UNK),"6,5 km (4.1 mls) S of Kuwait City",Kuwait,-,-, Damaged beyond repair,-,Avro 685 York C.1,4,Rolls-Royce Merlin,1946,-,-, EP-ADE,-,Persian Air Services,Unknown,-,-,-,-,-,-,-,-,-,-,-,-,-,-,-,-
19590715-1,Wednesday,15-JUL-1959,-,A1, En route (ENR),"near Babaçulândia, TO",Brazil,3,2, Damaged beyond repair,-,Curtiss C-46A-40-CU Commando,2,Pratt & Whitney R-2800-51,1944,-,-, PT-BEE, 27051,Paraense Transportes Aéreos,Cargo,-,-,-,-,-,Belém/Val-de-Cans International Airport,BEL,SBBE,Brazil,3,0,2,0,-,-,-
19590719-0,Sunday,19-JUL-1959,-,A1, Landing (LDG),Mumbai (Bombay),India,46,0, Damaged beyond repair,-,Lockheed L-1049G Super Constellation,-,-,1956,-,-, VT-DIN, 4667,Air-India,Scheduled Passenger,-,-,-,-,-,Bombay-Santacruz Airport,BOM,VABB,India,7,39,0,0,-,-,-
19590722-0,Wednesday,22-JUL-1959,02:00,A1, Unknown (UNK),"2 km (1.3 mls) S of Andover, NH",United States of America,7,7, Damaged beyond repair,-,Boeing KC-97G Stratofreighter,-,-,-,-,-, 52-2703, 16734,USAF,Military,-,Portsmouth-Pease AFB,PSM,KPSM,United States of America,Portsmouth-Pease AFB,PSM,KPSM,United States of America,7,0,7,0,-,-,Preliminary
19590724-0,Friday,24-JUL-1959,-,A1, En route (ENR),Kapidag Yarimadasi,Turkey,5,5, Damaged beyond repair,-,Nord 2501D Noratlas,2,Bristol Hercules 739,-,-,-, GA+243, D018,German AF,Military,-,Bandirma Airport,BDM,LTBG,Turkey,-,-,-,-,-,-,-,-,-,-,-
19590728-0,Tuesday,28-JUL-1959,-,A1, Landing (LDG),Southend Municipal Airport (SEN),United Kingdom,39,0, Damaged beyond repair,-,Vickers 614 Viking 1,-,-,1946,-,-, G-AHPH, 141,East Anglian Flying Services,Non Scheduled Passenger,-,-,-,-,-,Southend Municipal Airport,SEN,EGMC,United Kingdom,3,36,0,0,-,-,-
19590730-0,Thursday,30-JUL-1959,-,U1, Unknown (UNK),"Palmdale Air Force Base, CA (PMD)",United States of America,-,-, Damaged beyond repair,-,Lockheed R7V-2 Super Constellation,-,-,1953,-,-, 131631, 4132,US Navy,Military,-,-,-,-,-,-,-,-,-,-,-,-,-,-,-,-
19590802-0,Sunday,02-AUG-1959,-,O1, Standing (STD),"Pittsburgh International Airport, PA (PIT)",United States of America,0,0, Damaged beyond repair,-,Douglas DC-3-277C,-,-,1940,-,-, N28324, 2254,Capital Airlines,-,-,-,-,-,-,-,-,-,-,0,0,0,0,-,-,-
19590803-0,Monday,03-AUG-1959,10:30,A1, Unknown (UNK),Sagone,India,6,6, Damaged beyond repair,-,Douglas C-47A-30-DL (DC-3),2,Pratt & Whitney R-1830-92,1943,-,-, VT-DGP, 9549,Kalinga Airlines,Domestic Non Scheduled Passenger,-,Mohanbari Airport,MOH,VEMN,India,Along Airport,IXV,VEAN,India,3,3,3,3,-,-,-
19590804-0,Tuesday,04-AUG-1959,-,A2, Approach (APR),"Moose Creek, ID",United States of America,5,3, Substantial, Repaired,Ford 5-AT-C Tri-Motor,3,Pratt & Whitney R-1340 Wasp,1929,-,-, N8419, 5-AT-58,Johnson Flying Service,Fire fighting,-,-,-,-,-,-,-,-,-,2,3,1,2,-,-,-
19590807-0,Friday,07-AUG-1959,-,A1, Unknown (UNK),"El Palomar AB, BA",Argentina,-,-, Damaged beyond repair,-,Vickers 610 Viking 1B,-,-,1947,-,-, T-92, 239,Argentine AF,Military,-,-,-,-,-,-,-,-,-,-,-,-,-,-,-,-
19590810-0,Monday,10-AUG-1959,05:25,A1, En route (ENR),Khabarovsk region,Russia,9,9, Damaged beyond repair,-,Lisunov Li-2,-,-,1949,-,9608.0, CCCP-54795, 18433908,Aeroflot / Yakutsk,Survey/research,-,-,-,-,-,-,-,-,-,6,3,6,3,-,-,-
19590810-1,Monday,10-AUG-1959,-,A1, En route (ENR),Chukotka Cape Shelagsky,Russia,10,7, Damaged beyond repair,-,Lisunov Li-2,-,-,-,-,-, CCCP-04210,-,Polyarnaya Aviatsiya,Survey/research,-,-,-,-,-,-,-,-,-,5,5,2,5,-,-,-
19590810-2,Monday,10-AUG-1959,-,A1, Approach (APR),near Pevek Airport (PWE),Russia,10,7, Damaged beyond repair,-,Lisunov Li-2,-,-,-,-,-, CCCP-04242, 18439909,Polyarnaya Aviatsiya,Survey/research,-,Nizhniye Kresty Airport,CYX,UESS,Russia,Pevek Airport,PWE,UHMP,Russia,5,5,2,5,-,-,-
19590814-0,Friday,14-AUG-1959,17:14,A1, Approach (APR),Karachi International Airport (KHI),Pakistan,3,2, Damaged beyond repair,-,Vickers 815 Viscount,-,-,1959,-,-, AP-AJE, 337,PIA,Training,-,Karachi International Airport,KHI,OPKC,Pakistan,Karachi International Airport,KHI,OPKC,Pakistan,3,0,2,0,-,-,-
19590815-0,Saturday,15-AUG-1959,16:42,A1, Approach (APR),"5 km (3.1 mls) NE of Calverton-Peconic River Airport, NY (CTO)",United States of America,5,5, Damaged beyond repair,-,Boeing 707-123,4,Pratt & Whitney JT3C-6,1959,-,736.0, N7514A, 17641/36,American Airlines,Training,AA514,-,-,-,-,-,-,-,-,5,0,5,0,-,-,Final
19590815-1,Saturday,15-AUG-1959,06:45,A1, Landing (LDG),San Isidro de El General Airport,Costa Rica,-,0, Damaged beyond repair,-,Douglas DC-3A-414A,2,Pratt & Whitney R-1830,1942,-,-, TI-1005C, 4959,LACSA,Domestic Scheduled Passenger,  19,-,-,-,-,-,-,-,-,3,-,0,0,-,1,-
19590819-0,Wednesday,19-AUG-1959,-,A1, En route (ENR),near Barcelona,Spain,32,32, Damaged beyond repair,-,Douglas C-47B-30-DK Dakota 6,2,Pratt & Whitney R-1830-90C,1945,-,-, G-AMZD, 32860/16112,Transair,Int'l Non Scheduled Passenger,-,Barcelona-El Prat Airport,BCN,LEBL,Spain,London-Gatwick Airport,LGW,EGKK,United Kingdom,3,29,3,29,-,-,-
19590821-0,Friday,21-AUG-1959,-,O1, Standing (STD),"Burbank, CA",United States of America,0,0, Damaged beyond repair,-,Martin 2-0-2A,-,-,-,-,-, N93202, 14072,Pacific Air Lines,Unknown,-,-,-,-,-,-,-,-,-,0,0,0,0,-,-,-
19590823-0,Sunday,23-AUG-1959,-,A1, Landing (LDG),Saint Kitts-Golden Rock Airport (SKB),St. Kitts and Nevis,-,0, Damaged beyond repair,-,de Havilland DH-114 Heron 2B,-,-,-,-,-, VP-BAO, 14052,LIAT,Unknown,-,Antigua-Coolidge International Airport,ANU,TAPA,Antigua and Barbuda,Saint Kitts-Golden Rock Airport,SKB,TKPK,St. Kitts and Nevis,-,-,0,0,-,-,-
19590827-0,Thursday,27-AUG-1959,-,A1, Approach (APR),9 km (5.6 mls) from  Asunción-Silvio Pettirossi International Airport (ASU),Paraguay,50,2, Damaged beyond repair,-,de Havilland DH-106 Comet 4,4,Rolls-Royce Avon 524,1959,-,-, LV-AHP, 6411,Aerolineas Argentinas,International Scheduled Passenger,-,-,-,-,-,Asunción-Silvio Pettirossi International Airport,ASU,SGAS,Paraguay,6,44,1,1,-,-,-
19590827-1,Thursday,27-AUG-1959,-,U1, Unknown (UNK),"Maringa Airport, PR (MGF)",Brazil,-,-, Damaged beyond repair,-,Douglas C-47A-25-DK (DC-3),2,Pratt & Whitney R-1830-92,1944,-,-, PP-AVY, 13632,REAL,Unknown,-,-,-,-,-,-,-,-,-,-,-,-,-,-,-,-
19590902-0,Wednesday,02-SEP-1959,17:16,A1, En route (ENR),"Abiline-Dyess AFB, TX",United States of America,2,2, Damaged beyond repair,-,Curtiss C-46F Commando,2,Pratt & Whitney R-2800-51M1,1944,-,-, N5140B, 26809,Aaxico Airlines,Cargo,7002,Abilene-Dyess AFB,DYS,KDYS,United States of America,Fort Worth-Carswell AFB,FWH,KNFW,United States of America,2,0,2,0,-,-,Final
19590902-1,Wednesday,02-SEP-1959,-,A1, En route (ENR),Moskva-Vnukovo Airport (VKO),Russia,-,0, Damaged beyond repair,-,Ilyushin Il-18B,-,-,1959,180.0,405.0, CCCP-75676, 189000905,Aeroflot / Moscow,Domestic Scheduled Passenger,-,Moskva-Vnukovo Airport,VKO,UUWW,Russia,-,-,-,-,-,56,0,0,-,-,-
19590905-1,Saturday,05-SEP-1959,-,A1, Unknown (UNK),"off Traliceto, Corsica",France,2,0, Damaged beyond repair,-,Vickers 610 Viking 1B,-,-,1948,-,-, F-BFDN, 248,Airnautic,Cargo,-,Athens-Ellinikon International Airport,ATH,LGAT,Greece,Bastia Airport,BIA,LFKB,France,2,0,0,0,-,-,-
19590908-0,Tuesday,08-SEP-1959,-,C2, En route (ENR),Poza Rica,Mexico,16,1, Substantial, Repaired,Douglas DC-3A,-,-,1943,-,-, XA-FIL, 11748,Mexicana,Domestic Scheduled Passenger,MX621,Mexico City International Airport,MEX,MMMX,Mexico,Mérida-Rejon Airport,MID,MMMD,Mexico,3,13,0,1,-,-,-
19590912-0,Saturday,12-SEP-1959,-,A1, En route (ENR),near Mercedes,Honduras,3,3, Damaged beyond repair,-,Douglas DC-4,-,-,1944,-,-, N88900, 10504,Pan Am,Cargo,-,San Salvador/Ilopango International Airport,SAL,MSSS,El Salvador,Miami International Airport,MIA,KMIA,United States of America,3,0,3,0,-,-,-
19590915-0,Tuesday,15-SEP-1959,-,A1, Landing (LDG),Cape Hallett,Antarctica,-,0, Damaged beyond repair,-,Douglas R4D-5 (DC-3),2,Pratt & Whitney R-1830-92,1944,-,-, 17163, 12519,US Navy,Military,-,-,-,-,-,-,-,-,-,-,-,0,0,-,-,-
19590916-0,Wednesday,16-SEP-1959,14:22,A1, En route (ENR),Oederquart,Germany,4,4, Damaged beyond repair,-,Nord 2501D Noratlas,2,Bristol Hercules 739,-,-,-, GC+106, D062,German AF,Military,-,Finkenwerder Airport,XFW,EDHI,Germany,Finkenwerder Airport,XFW,EDHI,Germany,4,0,4,0,-,-,-
19590921-0,Monday,21-SEP-1959,19:47,A1, En route (ENR),"near Salvador Airport, BA (SSA)",Brazil,6,6, Damaged beyond repair,-,Lockheed P-15 Neptune (P2V-5),-,-,-,-,-, 7007, 426-5105,Brazilian AF,Military,-,Salvador-Deputado Luís Eduardo Magalhães International Airport,SSA,SBSV,Brazil,-,-,-,-,6,0,6,0,-,-,-
19590921-1,Monday,21-SEP-1959,-,A1, Unknown (UNK),Saigon,Vietnam,-,-, Damaged beyond repair,-,de Havilland Canada DHC-3 Otter,-,-,1958,-,-, F-BGJU, 227,Aigle Azur Extrême Orient,Unknown,-,-,-,-,-,-,-,-,-,-,-,-,-,-,-,-
19590923-1,Wednesday,23-SEP-1959,18:40,A1, En route (ENR),"4,5 km (2.8 mls) S of São Paulo-Congonhas Airport, SP (CGH)",Brazil,20,20, Damaged beyond repair,-,SAAB Scandia 90A-1,2,Pratt & Whitney R-2180-E1,1950,-,-, PP-SQV, 90.106,VASP,Domestic Scheduled Passenger,-,São Paulo-Congonhas Airport,CGH,SBSP,Brazil,Rio de Janeiro-Santos Dumont Airport,SDU,SBRJ,Brazil,4,16,4,16,-,-,-
19590924-0,Thursday,24-SEP-1959,22:24,A1, Initial climb (ICL),3 km (1.9 mls) SW of Bordeaux-Mérignac Airport (BOD),France,65,54, Damaged beyond repair,-,Douglas DC-7C,4,Wright R-3350 (988TC18),1957,-,5844.0, F-BIAP, 45366/892,TAI,International Scheduled Passenger, 307,Bordeaux-Mérignac Airport,BOD,LFBD,France,Bamako Airport,BKO,GABS,Mali,9,56,9,45,-,-,Final
19590924-1,Thursday,24-SEP-1959,17:20,A1, En route (ENR),"Great Sitkin Island, AK",United States of America,16,16, Damaged beyond repair,-,Douglas C-54B-1-DC (DC-4),-,-,1944,-,-, N63396, 10486,Reeve Aleutian Airways,Domestic Scheduled Passenger,   3,Cold Bay Airport,CDB,PACD,United States of America,Adak Naval Air Facility,ADK,PADK,United States of America,5,11,5,11,-,-,Final
19590925-0,Friday,25-SEP-1959,14:05,A1, Takeoff (TOF),Jeddah Airport,Saudi Arabia,72,0, Damaged beyond repair,-,Douglas C-54A-5-DO (DC-4),-,-,1944,-,-, HZ-AAF, 7474,Saudi Arabian,Domestic Non Scheduled Passenger,-,Jeddah International Airport,JED,OEJD,Saudi Arabia,Riyadh International Airport,RUH,OERY,Saudi Arabia,5,67,0,0,-,-,-
19590929-0,Tuesday,29-SEP-1959,23:09,A1, En route (ENR),"6 km (3.8 mls) ESE of Buffalo, TX",United States of America,34,34, Destroyed, Written off (damaged beyond repair),Lockheed L-188A Electra,4,Allison 501-D13,1959,-,132.0, N9705C, 1090,Braniff Airways,Domestic Scheduled Passenger, 542,Houston International Airport,HOU,KHOU,United States of America,Dallas-Love Field,DAL,KDAL,United States of America,6,28,6,28,-,-,Final
19590929-1,Tuesday,29-SEP-1959,-,U1, Unknown (UNK),at an unknown location,Unknown country,-,-, Damaged beyond repair,-,CASA 352 (Junkers Ju-52),-,-,-,-,-, T.2B-139, 30,Spanish AF,Military,-,-,-,-,-,-,-,-,-,-,-,-,-,-,-,-
19590929-2,Tuesday,29-SEP-1959,-,A2, Landing (LDG),"São Paulo-Congonhas Airport, SP (CGH)",Brazil,3,0, Substantial, Repaired,Curtiss C-46A-45-CU Commando,2,Pratt & Whitney R-2800-51,1944,-,-, PP-BTE, 30260,Paraense Transportes Aéreos,Cargo,-,São Paulo-Congonhas Airport,CGH,SBSP,Brazil,-,-,-,-,3,0,0,0,-,-,-
19590929-3,Tuesday,29-SEP-1959,-,A2, Standing (STD),"São Paulo-Congonhas Airport, SP (CGH)",Brazil,-,0, Substantial, Repaired,Douglas DC-3-178,-,-,1936,-,-, PP-ANU, 1545,Willys-Overland do Brasila,Unknown,-,-,-,-,-,-,-,-,-,-,-,0,0,-,-,-
19591002-0,Friday,02-OCT-1959,-,H2, En route (ENR),"Miami International Airport, FL (MIA)",United States of America,40,0, None,-,Vickers Viscount,-,-,-,-,-, registration unknown,-,Cubana,Domestic Scheduled Passenger,-,Havana-José Martí International Airport,HAV,MUHA,Cuba,Santiago-Antonio Maceo Airport,SCU,MUCU,Cuba,4,36,0,0,-,-,-
19591002-1,Friday,02-OCT-1959,11:45,A1, En route (ENR),42 km (26.3 mls) N of Petropavlovsk-Kamchatsky,Russia,4,4, Damaged beyond repair,-,Lisunov Li-2,-,-,-,-,-, CCCP-84448, 3502,Aeroflot / Far East,Cargo,-,-,-,-,-,-,-,-,-,4,0,4,0,-,-,-
19591003-0,Saturday,03-OCT-1959,-,A1, Approach (APR),"near Toronto, ON",Canada,38,0, Damaged beyond repair,-,Vickers 757 Viscount,-,-,1956,-,-, CF-TGY, 143,TCAL,Scheduled Passenger,-,-,-,-,-,Toronto-Malton Airport,YYZ,CYYZ,Canada,4,34,0,0,-,-,-
19591014-0,Wednesday,14-OCT-1959,-,A1, Approach (APR),near Tula Airport (TYA),Russia,-,0, Damaged beyond repair,-,Antonov An-8,-,-,1959,-,-, registration unknown, 8340205,Soviet AF,Military,-,-,-,-,-,Tula Airport,TYA,UUWV,Russia,-,-,0,0,-,-,-
19591015-1,Thursday,15-OCT-1959,19:45,A1, En route (ENR),"Leitchfield, KY",United States of America,4,4, Destroyed, Written off (damaged beyond repair),Boeing KC-135A Stratotanker,4,Pratt & Whitney J57-P,1958,-,-, 57-1513, 17584/193,USAF,Military,-,Columbus AFB,CBM,KCBM,United States of America,Columbus AFB,CBM,KCBM,United States of America,4,0,4,0,4,-,-
19591017-2,Saturday,17-OCT-1959,-,A1, Landing (LDG),Baiyer River Airfield,Papua New Guinea,-,0, Substantial, Written off (damaged beyond repair),Junkers Ju-52/3m,-,-,1941,-,-, VH-BUU, J7256,Gibbes Sepik Airways,Cargo,-,-,-,-,-,-,-,-,-,-,-,0,0,-,-,-
19591019-0,Monday,19-OCT-1959,16:20,A1, Maneuvering (MNV),"16 km (10 mls) NE of Arlington, WA",United States of America,8,4, Damaged beyond repair,-,Boeing 707-227,4,Pratt & Whitney JT4A-3,1959,-,173.0, N7071, 17691/45,Boeing,Training,-,Seattle-Boeing Field International Airport,BFI,KBFI,United States of America,Seattle-Boeing Field International Airport,BFI,KBFI,United States of America,8,0,4,0,-,-,Final
19591019-1,Monday,19-OCT-1959,-,A1, Maneuvering (MNV),"6,4 km (4 mls) N of Tangmere",United Kingdom,2,2, Damaged beyond repair,-,Vickers Varsity T.1,2,Bristol Hercules 264,1952,-,-, WF381, 540,RAF,Military,-,-,-,-,-,-,-,-,-,2,0,2,0,-,-,-
19591022-1,Thursday,22-OCT-1959,-,U1, Unknown (UNK),at an unknown location,Unknown country,-,-, Damaged beyond repair,-,Douglas C-47B-35-DK (DC-3),-,-,1945,-,-, 476977/FRASB, 33309/16561,French AF,Military,-,-,-,-,-,-,-,-,-,-,-,-,-,-,-,-
19591023-0,Friday,23-OCT-1959,22:10,A1, Approach (APR),"1,4 km (0.9 mls) from  Moskva-Vnukovo Airport (VKO)",Russia,29,28, Damaged beyond repair,-,Ilyushin Il-14P,-,-,1956,-,4945.0, CCCP-41806, 6341709,Aeroflot / Azerbaijan,Domestic Scheduled Passenger, 200,Stalingrad Airport,VOG,URWW,Russia,Moskva-Vnukovo Airport,VKO,UUWW,Russia,5,24,5,23,-,-,-
19591026-0,Monday,26-OCT-1959,20:30,A1, Initial climb (ICL),"2,4 km (1.5 mls) N of Santa Maria Airport, CA",United States of America,20,1, Damaged beyond repair,-,Douglas DC-3,2,Pratt & Whitney R-1830-92,1944,-,24865.0, N67589, 19656,Pacific Air Lines,Domestic Scheduled Passenger, 308,-,-,-,-,Paso Robles Airport,PRB,KPRB,United States of America,3,17,1,0,-,-,Final
19591027-0,Tuesday,27-OCT-1959,18:36,A1, Approach (APR),near Karaganda Airport (KGF),Kazakhstan,29,1, Damaged beyond repair,-,Lisunov Li-2,-,-,-,-,-, CCCP-84746,-,Aeroflot / Kazakstan,Domestic Scheduled Passenger,-,-,-,-,-,Karaganda Airport,KGF,UAKK,Kazakhstan,3,26,0,1,-,-,-
19591029-0,Thursday,29-OCT-1959,15:25,A1, En route (ENR),near Avlon Attiki,Greece,19,19, Damaged beyond repair,-,Douglas C-47A-30-DL (DC-3),2,Pratt & Whitney R-1830-92,1943,-,-, SX-BAD, 9491,Olympic Airways,Domestic Scheduled Passenger, 214,Athens-Ellinikon International Airport,ATH,LGAT,Greece,Thessaloniki International Airport,SKG,LGTS,Greece,3,16,3,16,-,-,-
19591030-0,Friday,30-OCT-1959,20:40,A1, Approach (APR),"Bucks Elbow Mountain, VA",United States of America,27,26, Damaged beyond repair,-,Douglas C-47A-90-DL (DC-3),2,Pratt & Whitney R-1830-92,1944,-,-, N55V, 20447,Piedmont Airlines,Domestic Scheduled Passenger, 349,Washington-National Airport,DCA,KDCA,United States of America,Charlottesville-Albemarle Airport,CHO,KCHO,United States of America,3,24,3,23,-,-,-
19591104-0,Wednesday,04-NOV-1959,-,A1, Taxi (TXI),"Te Whanga Lagoon, Chatham Island",New Zealand,-,0, Damaged beyond repair,-,Short Sunderland MR.5,-,-,-,-,-, NZ4111,-,New Zealand AF,Military,-,-,-,-,-,-,-,-,-,-,-,0,0,-,-,-
19591104-1,Wednesday,04-NOV-1959,23:07,A1, En route (ENR),"near Saint-Cléophas-de-Brandon, QC",Canada,5,5, Destroyed, Written off (damaged beyond repair),Douglas C-54A-15-DC (DC-4),-,-,1944,-,30357.0, CF-ILI, 10360,Wheeler Airlines,Cargo,1658,Montreal-Dorval International Airport,YUL,CYUL,Canada,Hall Beach Airport,YUX,CYUX,Canada,5,0,5,0,-,-,Final
19591105-0,Thursday,05-NOV-1959,-,A1, Initial climb (ICL),"near Cleveland-Burke Lakefront Airport, OH (BKL)",United States of America,5,0, Damaged beyond repair,-,Douglas R4D-1 (DC-3),-,-,1942,-,-, N38G, 4759,National Aero Sales Comp.,Demonstration,-,Cleveland-Burke Lakefront Airport,BKL,KBKL,United States of America,Dayton-James Cox Dayton International Airport,DAY,KDAY,United States of America,1,4,0,0,-,-,-
19591107-0,Saturday,07-NOV-1959,-,A1, Unknown (UNK),near Tainan,Taiwan,15,15, Damaged beyond repair,-,Douglas C-47A-20-DK (DC-3),-,-,1944,-,-, 42-93074, 12945,USAF,Military,-,Tainan Airport,TNN,RCNN,Taiwan,Angeles City-Clark Air Base,CRK,RPMK,Philippines,4,11,4,11,-,-,-
19591109-0,Monday,09-NOV-1959,07:40,A1, Unknown (UNK),"Ferreyra, CD",Argentina,1,1, Damaged beyond repair,-,Morane Saulnier MS.760 Paris I,-,-,1959,-,-, E-210, 18,Argentine AF,Military,-,-,-,-,-,-,-,-,-,1,0,1,0,-,-,-
19591116-0,Monday,16-NOV-1959,-,A1, Approach (APR),"2,1 km (1.3 mls) from  Lviv-Snilow Airport (LWO)",Ukraine,40,40, Damaged beyond repair,-,Antonov An-10,-,-,1959,-,-, CCCP-11167, 9401402,Aeroflot / Ukraine,Domestic Scheduled Passenger,-,Moskva-Vnukovo Airport,VKO,UUWW,Russia,Lviv-Snilow Airport,LWO,UKLL,Ukraine,8,32,8,32,-,-,-
19591116-1,Monday,16-NOV-1959,00:55,A1, En route (ENR),"57 km (35.6 mls) E off  Pilottown, LA [Gulf of Mexico]",Atlantic Ocean,42,42, Destroyed, Written off (damaged beyond repair),Douglas DC-7B,4,Wright R-3350,1958,-,6578.0, N4891C, 45355/922,Delta Air Lines,Domestic Scheduled Passenger, 967,Tampa International Airport,TPA,KTPA,United States of America,New Orleans International Airport,MSY,KMSY,United States of America,6,36,6,36,-,-,Final
19591121-0,Saturday,21-NOV-1959,-,A1, Initial climb (ICL),ca 30 km NE of Beirut International Airport (BEY),Lebanon,27,24, Damaged beyond repair,-,Douglas DC-4,-,-,1944,-,-, YA-BAG, 18367,Ariana Afghan Airlines,International Scheduled Passenger, 202,Beirut International Airport,BEY,OLBA,Lebanon,Tehran-Mehrabad Airport,THR,OIII,Iran,5,22,5,19,-,-,-
19591122-0,Sunday,22-NOV-1959,19:00,A1, En route (ENR),"ca 16 km off Ilha Rasa, RJ",Brazil,2,2, Damaged beyond repair,-,Douglas C-53-DO (DC-3),-,-,1942,-,-, PP-NAZ, 7387,NAB,Unknown,-,Rio de Janeiro-Santos Dumont Airport,SDU,SBRJ,Brazil,-,-,-,-,2,0,2,0,-,-,-
19591122-1,Sunday,22-NOV-1959,-,A1, Landing (LDG),"Sao Filipe Airport (SFL), Fogo Island",Cape Verde,-,-, Damaged beyond repair,-,Douglas C-53D-DO (DC-3),2,Pratt & Whitney R-1830-92,1943,-,-, 6152, 11668,Portuguese AF,Military,-,Sal-Amilcar Cabral International Airport,SID,GVAC,Cape Verde,São Filipe Airport,SFL,GVSF,Cape Verde,-,-,-,-,-,-,-
19591124-0,Tuesday,24-NOV-1959,05:35,A1, Approach (APR),"0,4 km (0.3 mls) SE of Chicago-Midway Airport, IL (MDW)",United States of America,3,3, Destroyed, Written off (damaged beyond repair),Lockheed L-1049H Super Constellation,4,Wright R-3350 (988TC18EA3),1957,-,-, N102R, 4824,TWA,Cargo,TW595,Chicago-Midway Airport,MDW,KMDW,United States of America,Los Angeles International Airport,LAX,KLAX,United States of America,3,0,3,0,-,8,Final
19591128-0,Saturday,28-NOV-1959,-,A1, En route (ENR),near Irkutsk,Russia,10,10, Damaged beyond repair,-,Antonov An-12,-,-,1958,-,107.0, registration unknown, 8900606,Soviet AF,Military,-,-,-,-,-,Vitebsk Airport,VTB,UMII,Belarus,6,4,6,4,-,-,-
19591129-0,Sunday,29-NOV-1959,18:52,A1, Approach (APR),Irkutsk Airport (IKT),Russia,4,4, Damaged beyond repair,-,Ilyushin Il-12,-,-,-,-,-, CCCP-01426, 30257,Aeroflot / East Siberia,Cargo,-,-,-,-,-,Irkutsk Airport,IKT,UIII,Russia,4,0,4,0,-,-,-
19591199-1,-,xx-NOV-1959,-,A1, Landing (LDG),at an unknown location,Unknown country,-,-, Damaged beyond repair,-,Bristol 170 Freighter 21P,-,-,1946,-,-, G778, 12744,Pakistan AF,Military,-,-,-,-,-,-,-,-,-,-,-,-,-,-,-,-
19591199-2,-,xx-NOV-1959,-,A1, Unknown (UNK),at an unknown location,Unknown country,-,-, Damaged beyond repair,-,Bristol 170 Freighter 31M,2,Bristol Hercules 734,-,-,-, S4419, 13168,Pakistan AF,Military,-,-,-,-,-,-,-,-,-,-,-,-,-,-,-,-
19591201-0,Tuesday,01-DEC-1959,09:47,A1, Approach (APR),"2,1 km (1.3 mls) S of Williamsport-Lycoming County Airport, PA (IPT)",United States of America,26,25, Destroyed, Written off (damaged beyond repair),Martin 2-0-2,2,Pratt & Whitney R-2800-77,1947,-,-, N174A, 9159,Allegheny Airlines,Domestic Scheduled Passenger, 371,Harrisburg-Capital Landing Field,HAR,KCXY,United States of America,Williamsport-Lycoming County Airport,IPT,KIPT,United States of America,4,22,4,21,-,-,Final
19591201-1,Tuesday,01-DEC-1959,11:11,A1, Approach (APR),near Caracas Airport (CCS),Venezuela,3,3, Damaged beyond repair,-,Douglas C-47-DL (DC-3),2,Pratt & Whitney R-1830-92,1942,-,-, YV-C-AKU, 4581,LAV,Test,-,Caracas Airport,CCS,SVMI,Venezuela,Caracas Airport,CCS,SVMI,Venezuela,3,0,3,0,-,-,-
19591202-0,Wednesday,02-DEC-1959,-,H2, En route (ENR),"Buenos Aires, BA",Argentina,44,0, None,-,Lockheed L-049 Constellation,-,-,1946,-,-, PP-PCR, 2060,Panair do Brasil,Domestic Scheduled Passenger,-,Rio de Janeiro-Santos Dumont Airport,SDU,SBRJ,Brazil,Belém/Val-de-Cans International Airport,BEL,SBBE,Brazil,6,38,0,0,-,-,-
19591202-1,Wednesday,02-DEC-1959,-,A1, En route (ENR),16 km (10 mls) N of Oslo,Norway,4,4, Damaged beyond repair,-,Douglas VC-47D (DC-3),2,Pratt & Whitney R-1830-90,1944,-,-, 43-49024, 26285/14840,USAF,Military,-,Oslo-Fornebu Airport,FBU,ENFB,Norway,-,-,-,-,4,0,4,0,-,-,-
19591204-0,Friday,04-DEC-1959,-,O1, Standing (STD),"Aragarças Airport, GO (ARS)",Brazil,-,0, Damaged beyond repair,-,Douglas C-47A-85-DL (DC-3),2,Pratt & Whitney R-1830-92,1944,-,-, 2060, 20074,Brazilian AF,Military,-,-,-,-,-,-,-,-,-,-,-,0,0,-,-,-
19591205-0,Saturday,05-DEC-1959,-,A1, Approach (APR),near Puebla Airport,Mexico,8,7, Damaged beyond repair,-,Douglas DC-3,-,-,-,-,-, registration unknown,-,Federal Electricity Commission,Cargo,-,Mexico City International Airport,MEX,MMMX,Mexico,Chetumal Airport,CTM,MMCM,Mexico,3,5,2,5,-,-,-
19591208-0,Tuesday,08-DEC-1959,-,A1, En route (ENR),off Moron Island,Colombia,45,45, Destroyed, Written off (damaged beyond repair),Curtiss C-46A-40-CU Commando,2,Pratt & Whitney R-2800-51,1944,-,-, HK-515, 26941,SAM,Domestic Non Scheduled Passenger,-,San Andrés Island Airport,ADZ,SKSP,Colombia,Cartagena Airport,CTG,SKCG,Colombia,3,42,3,42,-,-,-
19591212-0,Saturday,12-DEC-1959,-,A1, Approach (APR),"near Mendoza, MD",Argentina,32,0, Damaged beyond repair,-,Convair CV-240-6,-,-,1948,-,-, LV-ADM,  35,Aerolineas Argentinas,Scheduled Passenger,-,Mendoza-El Plumerillo Airport,MDZ,SAME,Argentina,-,-,-,-,6,26,0,0,-,-,-
19591212-1,Saturday,12-DEC-1959,-,A1, Unknown (UNK),Luabo,Mozambique,15,0, Damaged beyond repair,-,Scottish Aviation Twin Pioneer 3,2,Alvis Leonides 531,1956,-,-, G-AOEN, 502,Scottish Airlines,Demonstration,-,-,-,-,-,-,-,-,-,1,14,0,0,-,-,-
19591212-2,Saturday,12-DEC-1959,-,A1, Unknown (UNK),"Puerto de la Luz, Gran Canaria",Spain,-,0, Damaged beyond repair,-,Grumman SA-16B Albatross (HU-16),-,-,-,-,-, AD.1B-6, G-315,Spanish AF,Military,-,-,-,-,-,-,-,-,-,-,-,0,0,-,-,-
19591213-0,Sunday,13-DEC-1959,09:28,A1, En route (ENR),"27 km (16.9 mls) NE of Boysun, Surkhandarya Region",Uzbekistan,30,30, Damaged beyond repair,-,Ilyushin Il-14P,-,-,1957,-,3029.0, CCCP-91577, 147001416,Aeroflot / Uzbekistan,Domestic Scheduled Passenger, 120,Termez Airport,TMJ,UTST,Uzbekistan,Tashkent-Yuzhny Airport,TAS,UTTT,Uzbekistan,5,25,5,25,-,-,-
19591214-0,Monday,14-DEC-1959,-,A1, En route (ENR),"near Dow AFB, ME",United States of America,7,0, Damaged beyond repair,-,Boeing KC-97G Stratofreighter,-,-,-,-,-, 53-0231, 17013,USAF,Military,-,Springfield-Westover AFB,CEF,KCEF,United States of America,Springfield-Westover AFB,CEF,KCEF,United States of America,7,0,0,0,-,-,-
19591215-0,Tuesday,15-DEC-1959,-,A1, Unknown (UNK),at an unknown location,Unknown country,-,-, Damaged beyond repair,-,Douglas C-47D (DC-3),-,-,1944,-,-, 43-48271, 25532/14087,USAF,Military,-,-,-,-,-,-,-,-,-,-,-,-,-,-,-,-
19591217-0,Thursday,17-DEC-1959,02:20,A1, En route (ENR),"Gravina Island, AK",United States of America,3,3, Damaged beyond repair,-,Consolidated PBY-6A Catalina,-,-,-,-,-, N64T, 2102,California Aircraft,Unknown,-,-,-,-,-,Annette Island Airport,ANN,PANT,United States of America,3,0,3,0,-,-,-
19591217-1,Thursday,17-DEC-1959,-,A1, Landing (LDG),"Patipi Bay, off Fak Fak",Indonesia,8,5, Damaged beyond repair,-,Martin PBM-5A Mariner,-,-,-,-,-, P-302,-,Dutch Navy,Military,-,Sorong-Jefman Airport,SOQ,WASS,Indonesia,-,-,-,-,-,-,-,-,-,-,-
19591217-2,Thursday,17-DEC-1959,09:54,A1, Takeoff (TOF),near Vilnius,Lithuania,9,1, Damaged beyond repair,-,Lisunov Li-2,-,-,1948,-,13210.0, CCCP-84587, 18431507,Aeroflot / Lithuania,Domestic Scheduled Passenger,-,Vilnius Airport,VNO,EYVI,Lithuania,-,-,-,-,5,4,1,0,-,-,-
19591221-0,Monday,21-DEC-1959,07:16,A1, Approach (APR),Roma-Ciampino Airport (CIA),Italy,2,2, Damaged beyond repair,-,Vickers 785D Viscount,-,-,1958,-,-, I-LIZT, 378,Alitalia,Training,-,Roma-Ciampino Airport,CIA,LIRA,Italy,Roma-Ciampino Airport,CIA,LIRA,Italy,2,0,2,0,-,-,-
19591222-1,Tuesday,22-DEC-1959,-,A1, Landing (LDG),Agadir-Inezgane Airport (AGA),Morocco,36,0, Damaged beyond repair,-,Vickers 635 Viking 1B,-,-,1947,-,-, G-AMGG, 290,Eagle Aviation,Int'l Non Scheduled Passenger,-,-,-,-,-,Agadir-Inezgane Airport,AGA,GMAA,Morocco,4,32,0,0,-,-,-
19591222-2,Tuesday,22-DEC-1959,13:40,A1, Approach (APR),"4 km (2.5 mls) S of Rio de Janeiro-Galeão International Airport, RJ (GIG)",Brazil,32,32, Destroyed, Written off (damaged beyond repair),Vickers 827 Viscount,-,-,1959,-,-, PP-SRG, 401,VASP,Domestic Scheduled Passenger, 233,Brasília International Airport,BSB,SBBR,Brazil,Rio de Janeiro-Galeão International Airport,GIG,SBGL,Brazil,6,26,6,26,-,10,-
19591223-0,Wednesday,23-DEC-1959,-,A2, Landing (LDG),Roma-Ciampino Airport (CIA),Italy,46,0, Substantial, Repaired,de Havilland  DH-106 Comet 4,4,Rolls-Royce Avon 524,1959,-,-, G-APDL, 6413,BOAC,International Scheduled Passenger,-,London-Heathrow Airport,LHR,EGLL,United Kingdom,Roma-Ciampino Airport,CIA,LIRA,Italy,8,38,0,0,-,-,-
19591224-0,Thursday,24-DEC-1959,05:00,A1, Approach (APR),5 km (3.1 mls) from  Palembang,Indonesia,4,1, Damaged beyond repair,-,Douglas C-47A-25-DK (DC-3),2,Pratt & Whitney R-1830-92,1944,-,-, PK-GDV, 13535,Garuda,Domestic Scheduled Passenger, 330,Palembang-Talang Betoetoe Airport,PLM,WIPP,Indonesia,Pangkal Pinang Airport,PGK,WIKK,Indonesia,4,0,1,0,-,-,Final
19591229-0,Tuesday,29-DEC-1959,-,A1, Landing (LDG),"Brunswick NAS, ME (NHZ)",United States of America,-,-, Damaged beyond repair,-,Lockheed P2V-7 Neptune  ,-,-,-,-,-, 140157, 726-7060,US Navy,Military,-,-,-,-,-,Brunswick NAS,NHZ,KNHZ,United States of America,-,-,-,-,-,-,-
19591231-0,Thursday,31-DEC-1959,-,A1, Unknown (UNK),San Jose de Chiquitos,Bolivia,11,11, Damaged beyond repair,-,Douglas C-47A-70-DL (DC-3),2,Pratt & Whitney R-1830-92,1943,-,-, CP-584, 19226,LAB,Domestic Scheduled Passenger,-,San Jose de Chiquitos Airport,SJS,SLJE,Bolivia,-,-,-,-,-,-,-,-,-,-,-
