identifiant,week_day,date,time,type_event,phase,location,country,total_occupants,total_fatalities,aircraft_damage,aircraft_fate,type_aircraft,number_engines,type_engines,first_flight,cycles,total_airframe_hours,registration,c_n_msn,operator,nature,flight_number,departure_airport_name,departure_airport_IATA,departure_airport_ICAO,departure_airport_country,destination_airport_name,destination_airport_IATA,destination_airport_ICAO,destination_airport_country,crew_number,passengers_number,crew_fatalities,passengers_fatalities,collision_casualties,ground_casualties,status
20110101-0,Saturday,01-JAN-2011,15:00,A1, Standing (STD),Surgut Airport (SGC),Russia,134,3, Destroyed, Written off (damaged beyond repair),Tupolev Tu-154B-2,3,Kuznetsov NK-8-2U,1983,13147.0,32354.0, RA-85588, 83A588,Kolavia,Domestic Scheduled Passenger, 348,Surgut Airport,SGC,USRR,Russia,Moskva-Domodedovo Airport,DME,UUDD,Russia,8,126,0,3,-,-,Final
20110103-0,Monday,03-JAN-2011,12:58,A2, Landing (LDG),"Maple Creek Airport, SK",Canada,3,0, Substantial, Repaired,Beechcraft B200 King Air,2,Pratt & Whitney Canada PT6A-42,2007,-,-, C-GSAU, BB-1974,Saskatchewan Gvt.,Ambulance,   3M,Saskatoon Airport,YXE,CYXE,Canada,-,-,-,-,1,2,0,0,-,-,Preliminary - official
20110103-1,Monday,03-JAN-2011,10:17,A2, Takeoff (TOF),"Los Angeles International Airport, CA (LAX)",United States of America,165,0, Substantial, Repaired,Boeing 737-823 (WL),2,CFMI CFM56-7B24/3,2010,-,-, N831NN, 33211/3217,American Airlines,International Scheduled Passenger,AA1586,Los Angeles International Airport,LAX,KLAX,United States of America,Toronto-Pearson International Airport,YYZ,CYYZ,Canada,5,160,0,0,-,-,Final
20110105-0,Wednesday,05-JAN-2011,-,H2, En route (ENR),Istanbul Atatürk Airport (IST),Turkey,60,0, None,-,Boeing 737-8F2 (WL),2,CFMI CFM56-7B26,2008,-,-, TC-JGZ, 35739/2654,THY,International Scheduled Passenger,1754,Oslo-Gardermoen Airport,OSL,ENGM,Norway,Istanbul-Atatürk International Airport,IST,LTBA,Turkey,-,-,0,0,-,-,Preliminary
20110106-0,Thursday,06-JAN-2011,11:00,A1, Landing (LDG),"Springfield-Abraham Lincoln Capital Airport, IL (SPI)",United States of America,6,0, Damaged beyond repair,-,Learjet 35A,2,Garrett TFE731-3-2AP,1978,-,16506.0, N800GP, 35A-158,Priester Aviation,Executive, 800,Chicago-Midway Airport,MDW,KMDW,United States of America,Springfield-Abraham Lincoln Capital Airport,SPI,KSPI,United States of America,2,4,0,0,-,-,Final
20110106-1,Thursday,06-JAN-2011,13:26,A2, Landing (LDG),"Kipnuk Airport, AK (KPN)",United States of America,6,0, Substantial, Repaired,Cessna 208B Grand Caravan,1,Pratt & Whitney Canada PT6A-114A,1997,-,-, N715HE, 208B0603,Hageland Aviation Services,Domestic Scheduled Passenger, 161,Bethel Airport,BET,PABE,United States of America,Kipnuk Airport,KPN,PAKI,United States of America,2,4,0,0,-,-,Final
20110107-0,Friday,07-JAN-2011,08:13,A1, Landing (LDG),"Montpellier, Languedoc-Roussillon",France,4,0, Substantial, Repaired,Beechcraft B200 Super King Air,2,Pratt & Whitney Canada PT6A-41,1977,-,-, F-GMPO, BB-307,GCE Bail SA,Domestic Non Scheduled Passenger,-,Montpellier-Frejorgues Airport,MPL,LFMT,France,-,-,-,-,2,2,0,0,-,-,Final
20110109-0,Sunday,09-JAN-2011,19:45,A1, Approach (APR),8 km (5 mls) from  Urmia (Orumiyeh) Airport (OMH),Iran,105,78, Destroyed, Written off (damaged beyond repair),Boeing 727-286,3,Pratt & Whitney JT8D-15,1974,-,9019.0, EP-IRP, 20945/1048, Iran Air,Domestic Scheduled Passenger, 277,Tehran-Mehrabad Airport,THR,OIII,Iran,Urmia (Orumiyeh) Airport,OMH,OITR,Iran,9,96,8,70,-,-,Final
20110110-0,Monday,10-JAN-2011,22:02,A2, Landing (LDG),Kuching Airport (KCH),Malaysia,129,0, Substantial, Repaired,Airbus A320-216,2,CFMI CFM56-5B6/P,2008,-,-, 9M-AHH, 3427,AirAsia,Domestic Scheduled Passenger,5218,Kuala Lumpur Subang International Airport,KUL,WMKK,Malaysia,Kuching Airport,KCH,WBGG,Malaysia,6,123,0,0,-,-,Preliminary
20110110-1,Monday,10-JAN-2011,20:50,A1, Taxi (TXI),Hoedspruit AFB (HDS),South Africa,3,0, Substantial,-,Boeing 737-2T5,2,Pratt & Whitney JT8D-15 (HK3),1981,-,70094.0, ZS-SGX, 22396/730,Safair,Domestic Non Scheduled Passenger,-,Hoedspruit Airport,HDS,FAHS,South Africa,Johannesburg-O.R. Tambo International Airport,JNB,FAOR,South Africa,3,0,0,0,-,-,Final
20110114-0,Friday,14-JAN-2011,20:10,A1, Approach (APR),"near Senador Canedo, GO",Brazil,6,6, Destroyed, Written off (damaged beyond repair),Beechcraft B200 Super King Air,-,-,1981,-,-, PR-ART, BB-806,CMN Construtora Meio Norte,Executive,-,Brasília-Presidente Juscelino Kubitschek International Airport,BSB,SBBR,Brazil,Goiânia-Santa Genoveva Airport,GYN,SBGO,Brazil,1,5,1,5,-,-,Final
20110117-0,Monday,17-JAN-2011,22:30,O1, Standing (STD),"Muncho Lake/Mile 462 Seaplane Base, BC",Canada,0,0, Damaged beyond repair,-,de Havilland Canada DHC-3T Vazar Turbine Otter,1,Pratt & Whitney Canada PT6A-34,1967,-,-, C-GNNP, 465,Liard Air,-,-,-,-,-,-,-,-,-,-,0,0,0,0,-,-,- (No safety board investigation)
20110117-1,Monday,17-JAN-2011,07:56,A1, Initial climb (ICL),Saint Thomas-Cyril E. King Airport (STT),U.S. Virgin Islands,2,0, Substantial, Written off (damaged beyond repair),Convair CV-340-71,2,Pratt & Whitney R-2800,1955,-,17279.0, N8277Q, 282,Tiger Contract Cargo,Ferry/positioning,-,Saint Thomas-Cyril E. King Airport,STT,TIST,U.S. Virgin Islands,San Juan-Luis Muñoz Marín International Airport,SJU,TJSJ,Puerto Rico,2,0,0,0,-,-,Final
20110119-0,Wednesday,19-JAN-2011,-,A2, Takeoff (TOF),Tharjath Airstrip,South Sudan,-,0, Substantial, Repaired,Cessna 208B Grand Caravan,1,Pratt & Whitney Canada PT6A-114A,1991,-,-, 5Y-OER, 208B0296,Airworks,Unknown,-,-,-,-,-,-,-,-,-,-,-,0,0,-,-,Preliminary
20110120-0,Thursday,20-JAN-2011,15:45,A2, En route (ENR),El Capricho area,Ecuador,6,6, Substantial, Repaired,de Havilland Canada DHC-6 Twin Otter 300,-,-,1986,-,-, FAE449, 834,Ecuador Air Force,Military,-,Pastaza-Shell Mera Airport,PTZ,SESM,Ecuador,-,-,-,-,6,0,6,0,-,-,Preliminary
20110127-0,Thursday,27-JAN-2011,13:35,A1, Takeoff (TOF),Nairobi-Wilson Airport (WIL),Kenya,4,0, Substantial, Written off (damaged beyond repair),Fokker F-27 Friendship 500CRF,2,Rolls-Royce Dart 532-7,1976,-,-, 5X-FFD, 10530,Fly540,Test,-,Nairobi-Wilson Airport,WIL,HKNW,Kenya,Nairobi-Wilson Airport,WIL,HKNW,Kenya,4,0,0,0,-,-,Preliminary - official
20110130-0,Sunday,30-JAN-2011,-,A1, Taxi (TXI),Papeete-Faaa Airport (PPT),French Polynesia,-,0, Substantial, Written off (damaged beyond repair),Gulfstream G-IV,-,-,1990,-,-, N127DK, 1127,Prime Aviation,Executive,-,-,-,-,-,Papeete-Faaa Airport,PPT,NTAA,French Polynesia,-,-,0,0,-,-,-
20110204-0,Friday,04-FEB-2011,17:49,A1, Initial climb (ICL),Sulaymaniyah International Airport (ISU),Iraq,7,7, Destroyed, Written off (damaged beyond repair),Raytheon Hawker 850XP,2,Garrett TFE731-5BR-1C,2006,-,-, OD-SKY, 258804,Sky Lounge Services,Executive,-,Sulaymaniyah International Airport,ISU,ORSU,Iraq,Ankara-Esenboga Airport,ESB,LTAC,Turkey,3,4,3,4,-,-,Final
20110209-0,Wednesday,09-FEB-2011,15:15,A2, Landing (LDG),"Kasabonika Airport, ON (XKS)",Canada,15,0, Substantial, Repaired,Beechcraft 1900D,2,Pratt & Whitney Canada PT6A-67D,1997,-,-, C-FWAX, UE-297,Wasaya Airways,Domestic Scheduled Passenger, 937,-,-,-,-,Kasabonika Airport,XKS,CYAQ,Canada,2,13,0,0,-,-,Preliminary - official
20110210-0,Thursday,10-FEB-2011,09:50,A1, Landing (LDG),Cork Airport (ORK),Ireland,12,6, Destroyed, Written off (damaged beyond repair),Swearingen SA227-BC Metro III,2,Garrett TPE331-12UHR-701G,1992,34156.0,32653.0, EC-ITP, BC-789B,Flightline,International Scheduled Passenger,NM7100,Belfast City Airport,BHD,EGAC,United Kingdom,Cork Airport,ORK,EICK,Ireland,2,10,2,4,-,-,Final
20110212-0,Saturday,12-FEB-2011,13:42,A1, En route (ENR),"ca 15 km N of Tanjung Pinang-Kidjang Airport (TNJ), Bintan Island",Indonesia,5,5, Damaged beyond repair,-,CASA/Nurtanio NC-212-A4 Aviocar 100,2,Garrett TPE331-5-251C,1980,35128.0,29990.0, PK-ZAI, 120/18N,Sabang Merauke Raya Air Charter,Test,-,Batam-Hang Nadim Airport,BTH,WIDD,Indonesia,Tanjung Pinang-Kidjang Airport,TNJ,WIDN,Indonesia,2,3,2,3,-,-,Final
20110214-0,Monday,14-FEB-2011,08:02,A1, En route (ENR),El Espino,Honduras,14,14, Destroyed, Written off (damaged beyond repair),Let L-410UVP-E20,2,Walter M-601E,1991,-,5153.0, HR-AUQ, 912603,Central American Airways,Domestic Scheduled Passenger, 731,San Pedro Sula-Ramon Villeda Morales Airport,SAP,MHLM,Honduras,Tegucigalpa-Toncontin Airport,TGU,MHTG,Honduras,2,12,2,12,-,-,Final
20110214-1,Monday,14-FEB-2011,16:15,A1, En route (ENR),Mont Biega,Democratic Republic of the Congo,2,2, Damaged beyond repair,-,Let L-410UVP,-,-,1983,-,-, 9Q-CIF, 830922,African Air Services Commuter,Cargo,-,Bukavu-Kavumu Airport,BKY,FZMA,Democratic Republic of the Congo,-,-,-,-,2,0,2,0,-,-,Preliminary
20110214-2,Monday,14-FEB-2011,13:15,A2, Landing (LDG),"Appleton-Outagamie County Airport, WI (ATW)",United States of America,3,0, Substantial, Repaired,Gulfstream GV-SP (G550),2,Rolls-Royce BR700-710C4-11,2010,-,10.0, N535GA, 5305,Gulfstream Aerospace,Test,GLF16,Appleton-Outagamie County Airport,ATW,KATW,United States of America,Appleton-Outagamie County Airport,ATW,KATW,United States of America,2,1,0,0,-,-,Final
20110216-0,Wednesday,16-FEB-2011,08:53,A2, Takeoff (TOF),Grenchen Airport (ZHI),Switzerland,2,0, Substantial, Repaired,Cessna 525 CitationJet CJ1+,2,Williams International FJ44-1AP,2008,-,-, HB-VOV, 525-0665,Swiss Private Aviation,Ferry/positioning,-,Grenchen Airport,ZHI,LSZG,Switzerland,Newquay-Cornwall Airport,NQY,EGHQ,United Kingdom,2,0,0,0,-,-,Final
20110216-1,Wednesday,16-FEB-2011,-,A1, Landing (LDG),Madinah-Mohammad Bin Abdulaziz Airport (MED),Saudi Arabia,277,0, Substantial, Written off (damaged beyond repair),Boeing 747-368,4,Rolls-Royce RB211-524D4,1986,-,-, HZ-AIS, 23270/645,Saudi Arabian,Domestic Scheduled Passenger,-,Riyadh-King Khalid International Airport,RUH,OERK,Saudi Arabia,Madinah-Mohammad Bin Abdulaziz Airport,MED,OEMA,Saudi Arabia,17,260,0,0,-,-,Preliminary
20110218-0,Friday,18-FEB-2011,11:04,A1, Landing (LDG),Pachuca-Ingeniero Juan Guillermo Villasana Airport,Mexico,2,2, Damaged beyond repair,-,Learjet 24,2,General Electric CJ610-6,1967,-,-, XB-GHO, 24-141,Rutas Aereas Mayas,Unknown,-,-,-,-,-,-,-,-,-,2,0,2,0,-,-,Preliminary
20110221-0,Monday,21-FEB-2011,18:45,A1, Landing (LDG),"Altamira Airport, PA (ATM)",Brazil,51,0, Substantial, Written off (damaged beyond repair),ATR 72-212,2,Pratt & Whitney Canada PW124B,1995,-,32886.0, PR-TTI, 454,TRIP Linhas Aéreas,Domestic Scheduled Passenger,-,Belém/Val-de-Cans International Airport,BEL,SBBE,Brazil,Altamira Airport,ATM,SBHT,Brazil,4,47,0,0,-,-,Final
20110227-0,Sunday,27-FEB-2011,15:10,A2, Landing (LDG),La Paz-El Alto Airport (LPB),Bolivia,8,0, Substantial, Repaired,Swearingen SA227-DC Metro 23,2,Garrett TPE331-12U-701G,1993,-,-, CP-2473, DC-842B,Línea Aérea Amaszonas,Domestic Scheduled Passenger,-,San Borja Airport,SRJ,SLSB,Bolivia,Rurrenabaque Airport,RBQ,SLRQ,Bolivia,2,6,0,0,-,-,Preliminary
20110302-0,Wednesday,02-MAR-2011,09:05,A1, Landing (LDG),Oslo-Gardermoen Airport (OSL),Norway,11,0, Damaged beyond repair,-,Swearingen SA227-AC Metro III,2,Garrett TPE331-11U-612G,1981,29491.0,24833.0, OY-NPB, AC-420,North Flying,Domestic Scheduled Passenger, 990,Ørland Airport,OLA,ENOL,Norway,Oslo-Gardermoen Airport,OSL,ENGM,Norway,2,9,0,0,-,-,Final
20110302-1,Wednesday,02-MAR-2011,02:23,A2, Takeoff (TOF),Forli Airport (FRL),Italy,3,0, Substantial, Repaired,Cessna S550 Citation S/II,2,Pratt & Whitney Canada JT15D-4B,1984,-,-, S5-BAX, S550-0028,GIO Business Aviation,Ambulance,-,Forli Airport,FRL,LIPK,Italy,Torino-Caselle Airport,TRN,LIMF,Italy,2,1,0,0,-,-,Preliminary
20110304-0,Friday,04-MAR-2011,13:09,A1, Landing (LDG),Nuuk Airport (GOH),Greenland,34,0, Substantial, Written off (damaged beyond repair),de Havilland Canada DHC-8-106,2,Pratt & Whitney Canada PW121,1992,35300.0,32336.0, TF-JMB, 337,Flugfélag Íslands - Air Iceland,International Scheduled Passenger,-,Kulusuk Airport,KUS,BGKK,Greenland,Nuuk Airport,GOH,BGGH,Greenland,3,31,0,0,-,-,Final
20110305-0,Saturday,05-MAR-2011,10:40,A1, En route (ENR),"Garbuzovo, Belgorod Region",Russia,6,6, Destroyed, Written off (damaged beyond repair),Antonov An-148-100E,-,-,2011,32.0,-, 61708, 41-03,VASO,Test,-,-,-,-,-,-,-,-,-,6,0,6,0,-,-,Final
20110305-1,Saturday,05-MAR-2011,10:45,A1, Landing (LDG),Union Island Airport (UNI),Saint Vincent and the Grenadines,3,0, Substantial,-,Beechcraft 200 Super King Air,-,-,1979,-,-, YV196T, BB-540,Wyngs Aviation,Private,-,Porlamar Airport,PMV,SVMG,Venezuela,Canouan Island Airport,CIW,TVSC,Saint Vincent and the Grenadines,2,1,0,0,-,-,-
20110308-0,Tuesday,08-MAR-2011,11:40,A1, Approach (APR),"1,3 km (0.8 mls) SW of Clayton County Airport-Tara Field, GA",United States of America,2,2, Destroyed, Written off (damaged beyond repair),de Havilland Canada DHC-6 Twin Otter 100,2,Pratt & Whitney Canada PT6A-27,1967,20927.0,16541.0, N157KM, 57,Desert Sand Aircraft Leasing,Test,-,-,-,-,-,-,-,-,-,2,0,2,0,-,-,Final
20110310-0,Thursday,10-MAR-2011,18:41,A2, Landing (LDG),"Seattle-Boeing Field International Airport, WA (BFI)",United States of America,1,0, Substantial, Repaired,Swearingen SA227-AC Metro III,2,Garrett TPE331,1987,-,21847.0, N671AV, AC-671,Ameriflight,Cargo,-,Lewiston-Nez Perce County Regional Airport,LWS,KLWS,United States of America,Seattle-Boeing Field International Airport,BFI,KBFI,United States of America,1,0,0,0,-,-,Final
20110311-0,Friday,11-MAR-2011,-,O1, Standing (STD),Sendai Airport (SDJ),Japan,0,0, Substantial, Written off (damaged beyond repair),Beechcraft 300 Super King Air 350,-,-,2001,-,-, JA869A, FL-295,Japan Coast Guard,-,-,-,-,-,-,-,-,-,-,0,0,0,0,-,-,-
20110311-1,Friday,11-MAR-2011,-,O1, Standing (STD),Sendai Airport (SDJ),Japan,0,0, Substantial, Written off (damaged beyond repair),Cessna 208 Caravan I,-,-,1992,-,-, JA8897, 20800220,Kyoritsu Air Survey,-,-,-,-,-,-,-,-,-,-,0,0,0,0,-,-,-
20110311-2,Friday,11-MAR-2011,-,O1, Standing (STD),Sendai Airport (SDJ),Japan,0,0, Substantial, Written off (damaged beyond repair),Cessna 208 Caravan I,-,-,2000,-,-, JA889B, 20800331,Tokyo Century Lease,-,-,-,-,-,-,-,-,-,-,0,0,0,0,-,-,-
20110311-3,Friday,11-MAR-2011,10:25,A1, Landing (LDG),Mulia Airport (LII),Indonesia,10,0, Substantial,-,Cessna 208B Grand Caravan,-,-,2000,-,-, PK-MAD, 208B0852,MAF,Domestic Non Scheduled Passenger,-,Jayapura-Sentani Airport,DJJ,WAJJ,Indonesia,Mulia Airport,LII,WABQ,Indonesia,1,9,0,0,-,-,Preliminary
20110311-5,Friday,11-MAR-2011,-,O1, Standing (STD),Sendai Airport (SDJ),Japan,0,0, Damaged beyond repair,-,Beechcraft 300LW Super King Air,-,-,1991,-,-, JA8881, FA-219,Japan Digital Laboratory,-,-,-,-,-,-,-,-,-,-,0,0,0,0,-,-,-
20110312-0,Saturday,12-MAR-2011,21:00,A2, Landing (LDG),"Iqaluit Airport, NU (YFB)",Canada,3,0, Unknown, Repaired,Bombardier BD-100-1A10 Challenger 300,2,Honeywell AS907-1-1A,2004,-,-, N818RC, 20165,Tri Marine Management Co.,Private,-,Long Beach Municipal Airport,LGB,KLGB,United States of America,Iqaluit Airport,YFB,CYFB,Canada,2,1,0,0,-,-,Final
20110316-0,Wednesday,16-MAR-2011,10:30,A1, Initial climb (ICL),"Long Beach Municipal Airport, CA (LGB)",United States of America,6,5, Destroyed, Written off (damaged beyond repair),Beechcraft 200 Super King Air,2,Pratt & Whitney Canada PT6A-41,1981,-,-, N849BM, BB-849,Carde Equipment Sales,Executive,-,Long Beach Municipal Airport,LGB,KLGB,United States of America,Salt Lake City International Airport,SLC,KSLC,United States of America,1,5,1,4,-,-,Final
20110317-0,Thursday,17-MAR-2011,-,O1, Standing (STD),Benghazi-Benina International Airport (BEN),Libya,0,0, Damaged beyond repair,-,Yakovlev Yak-40,3,Ivchenko AI-25,1977,-,-, 5A-DKG, 9640152, Air Libya,-,-,-,-,-,-,-,-,-,-,0,0,0,0,-,-,-
20110317-1,Thursday,17-MAR-2011,-,O1, Standing (STD),Benghazi-Benina International Airport (BEN),Libya,0,0, Damaged beyond repair,-,Yakovlev Yak-40KD,3,Ivchenko AI-25,1979,-,-, 5A-DKM, 9841659, Air Libya,-,-,-,-,-,-,-,-,-,-,0,0,0,0,-,-,-
20110317-2,Thursday,17-MAR-2011,-,O1, Standing (STD),Benghazi-Benina International Airport (BEN),Libya,0,0, Damaged beyond repair,-,Boeing 737-2D6,2,Pratt & Whitney JT8D-15,1982,-,-, 5A-DKY, 22766/853, Air Libya,-,-,-,-,-,-,-,-,-,-,0,0,0,0,-,-,-
20110317-3,Thursday,17-MAR-2011,-,O1, Standing (STD),Tripoli Aiport (TIP),Libya,0,0, Damaged beyond repair,-,Ilyushin Il-76TD,-,-,1982,-,-, 5A-DNA, 0023439140, Buraq Air,-,-,-,-,-,-,-,-,-,-,0,0,0,0,-,-,-
20110320-0,Sunday,20-MAR-2011,09:00,A1, Taxi (TXI),"Seattle-Boeing Field International Airport, WA (BFI)",United States of America,2,0, Substantial, Written off (damaged beyond repair),Convair CV-580F,2,Allison 501-D13,1956,-,-, C-GNRL, 375,Nolinor Aviation,Cargo, 920,Seattle-Boeing Field International Airport,BFI,KBFI,United States of America,Calgary International Airport,YYC,CYYC,Canada,2,0,0,0,-,-,- (No safety board investigation)
20110321-0,Monday,21-MAR-2011,15:30,A1, Approach (APR),near Pointe Noire Airport (PNR),Congo,9,9, Damaged beyond repair,-,Antonov An-12BP,4,Ivchenko AI-20M,1963,-,-, TN-AGK, 402006, Trans Air Congo,Cargo,-,Brazzaville-Maya Maya Airport,BZV,FCBB,Congo,Pointe Noire Airport,PNR,FCPP,Congo,4,5,4,5,-,14,Preliminary
20110322-0,Tuesday,22-MAR-2011,20:38,A2, Landing (LDG),"Albuquerque International Airport, NM (ABQ)",United States of America,2,0, Substantial, Repaired,Airbus A300F4-622R,2,Pratt & Whitney PW4158,2006,-,6004.0, N173UP, 868,UPS,Cargo,UP797,El Paso International Airport,ELP,KELP,United States of America,Albuquerque International Airport,ABQ,KABQ,United States of America,2,0,0,0,-,-,Final
20110323-0,Wednesday,23-MAR-2011,22:50,A1, Landing (LDG),"Jeffersonville-Clark Regional Airport, IN (JVY)",United States of America,3,0, Substantial, Written off (damaged beyond repair),Dassault Falcon 100,-,-,1989,-,-, N303FZ, 218,Aviation Transport Solutions,Executive,-,Hamilton Airport,HAO,KHAO,United States of America,Jeffersonville-Clark Regional Airport,JVY,KJVY,United States of America,2,1,0,0,-,-,Final
20110328-0,Monday,28-MAR-2011,19:45,A1, En route (ENR),"Manas County, Hui Autonomous Prefecture of Changji",China,3,3, Missing, Presumed damaged beyond repair,Cessna 550 Citation II,2,Pratt & Whitney Canada JT15D-4,1981,-,-, B-7026, 550-0305,Zhong Fei General Aviation Co.,Survey/research,-,Korla Airport,KRL,ZWKL,China,Korla Airport,KRL,ZWKL,China,3,0,3,0,-,-,Preliminary
20110330-0,Wednesday,30-MAR-2011,14:18,A2, Landing (LDG),"near Dibrova, Zhytomyrs'ka Region",Ukraine,2,0, Substantial,-,Antonov An-2R,1,Shvetsov ASh-62IR,1979,-,-, UR-54873, 1G185-33,Mykolayiv-Aero,Agricultural,-,-,-,-,-,-,-,-,-,2,0,0,0,-,-,Preliminary
20110331-0,Thursday,31-MAR-2011,15:07,A1, En route (ENR),"70 km (43.8 mls) NE of Mayo, YT",Canada,1,1, Destroyed, Written off (damaged beyond repair),de Havilland Canada DHC-3T Texas Turbine Otter,1,Garrett TPE331-10R-511C,1956,-,16415.0, C-GMCW, 108,Black Sheep Aviation & Cattle Co.,Cargo,-,Mayo Airport,YMA,CYMA,Canada,-,-,-,-,1,0,1,0,-,-,Final
20110401-0,Friday,01-APR-2011,16:00,A2, En route (ENR),"Yuma International Airport, AZ (YUM)",United States of America,122,0, Minor, Repaired,Boeing 737-3H4 (WL),2,CFMI CFM56-3B1,1996,39786.0,48748.0, N632SW, 27707/2799,Southwest Airlines,Domestic Scheduled Passenger, 812,Phoenix-Sky Harbor International Airport,PHX,KPHX,United States of America,Sacramento International Airport,SMF,KSMF,United States of America,5,117,0,0,-,-,Final
20110401-1,Friday,01-APR-2011,18:30,A1, Approach (APR),"3 km (1.9 mls) E of Saskatoon Airport, SK (YXE)",Canada,3,1, Destroyed, Written off (damaged beyond repair),CASA C-212-CC40 Aviocar 200,2,Garrett TPE331-10R-511C,1981,-,21292.0, C-FDKM, 196,Fugro Aviation Canada,Survey/research,-,Saskatoon Airport,YXE,CYXE,Canada,Saskatoon Airport,YXE,CYXE,Canada,3,0,1,0,-,-,Final
20110402-0,Saturday,02-APR-2011,09:34,A1, Takeoff (TOF),"Roswell International Air Center Airport, NM (ROW)",United States of America,4,4, Destroyed, Written off (damaged beyond repair),Gulfstream G650,2,Rolls-Royce BR700-725A1,2010,-,-, N652GD, 6002,Gulfstream Aerospace,Test,-,Roswell International Air Center Airport,ROW,KROW,United States of America,Roswell International Air Center Airport,ROW,KROW,United States of America,4,0,4,0,-,-,Final
20110404-0,Monday,04-APR-2011,13:56,A1, Landing (LDG),Kinshasa-N'Djili Airport (FIH),Democratic Republic of the Congo,33,32, Destroyed, Written off (damaged beyond repair),Canadair CL-600-2B19 Regional Jet CRJ-100ER,2,General Electric CF34-3A1,1995,-,-, 4L-GAE, 7070,Georgian Airways,Domestic Non Scheduled Passenger, 834,Kisangani-Bangoka International Airport,FKI,FZIC,Democratic Republic of the Congo,Kinshasa-N'Djili Airport,FIH,FZAA,Democratic Republic of the Congo,4,29,4,28,-,-,Final
20110409-0,Saturday,09-APR-2011,13:57,A1, Landing (LDG),"Fort Lauderdale-Executive Airport, FL (FXE)",United States of America,-,0, Substantial, Written off (damaged beyond repair),Rockwell Sabreliner 60,-,-,1974,-,-, N71CC, 306-71,Sabre 60 Jet,Unknown,-,Fort Lauderdale-Executive Airport,FXE,KFXE,United States of America,West Palm Beach International Airport,PBI,KPBI,United States of America,-,-,0,0,-,-,- (No safety board investigation)
20110410-0,Sunday,10-APR-2011,11:44,A2, Pushback / towing (PBT),Paris-Charles de Gaulle Airport (CDG,France,-,0, Substantial, Repaired,Boeing 777-333ER,2,General Electric GE90-115B,2008,-,-, C-FIVM, 35251/717,Air Canada,International Scheduled Passenger,AC881,Paris-Charles de Gaulle Airport,CDG,LFPG,France,Toronto-Pearson International Airport,YYZ,CYYZ,Canada,-,-,0,0,-,-,Final
20110411-0,Monday,11-APR-2011,12:16,A1, En route (ENR),"near Loxley, AL",United States of America,3,0, Substantial, Written off (damaged beyond repair),Antonov An-2TP,1,Shvetsov ASh-62IR,1977,-,10371.0, N122AN, 1G176-31,Vertol Systems Company,Private,-,Destin-Fort Walton Beach Airport,DTS,KDTS,United States of America,De Ridder-Beauregard Parish Airport,DRI,KDRI,United States of America,1,2,0,0,-,-,Final
20110413-0,Wednesday,13-APR-2011,13:55,A2, Landing (LDG),Caracas-Simón Bolívar International Airport (CCS),Venezuela,215,0, Substantial, Repaired,Airbus A330-203,2,General Electric CF6-80E1A3,2001,-,-, F-GZCB, 443,Air France,International Scheduled Passenger,AF470,Paris-Charles de Gaulle Airport,CDG,LFPG,France,Caracas-Simón Bolívar International Airport,CCS,SVMI,Venezuela,13,202,0,0,-,-,Final
20110416-0,Saturday,16-APR-2011,-,A1, Takeoff (TOF),Ust-Kamchatsk Airport,Russia,26,0, Substantial, Written off (damaged beyond repair),Yakovlev Yak-40K,3,Ivchenko AI-25,1977,-,-, RA-88241, 9641351,Petropavlovsk-Kamchatsky Air Ent.,Domestic Scheduled Passenger, 123,-,-,-,-,Petropavlovsk-Kamchatsky Airport,PKC,UHPP,Russia,5,21,0,0,-,-,- (No safety board investigation)
20110416-1,Saturday,16-APR-2011,19:15,A2, Landing (LDG),Montserrat-John A. Osborne Airport (MNI),Montserrat,8,0, Substantial, Repaired,Britten-Norman BN-2A-27 Islander,-,-,1971,-,-, VP-MNI, 183,FlyMontserrat,International Scheduled Passenger,105,Antigua-V.C. Bird International Airport,ANU,TAPA,Antigua and Barbuda,Montserrat-John A. Osborne Airport,MNI,TRPG,Montserrat,1,7,0,0,-,-,Final
20110417-0,Sunday,17-APR-2011,15:00,A2, Landing (LDG),København-Kastrup Airport (CPH),Denmark,4,0, Substantial, Repaired,Boeing 777-F6N,2,General Electric GE90-110B1L,2010,-,-, B-2078, 37714/869,China Cargo Airlines,Cargo,-,Shanghai-Pudong International Airport,PVG,ZSPD,China,København-Kastrup Airport,CPH,EKCH,Denmark,4,0,0,0,-,-,Final
20110425-0,Monday,25-APR-2011,-,O1, Standing (STD),"Jacksonville-Little Rock AFB, AR (LRF)",United States of America,0,0, Damaged beyond repair,-,Lockheed C-130E Hercules,-,-,1963,-,-, 62-1806, 3760,USAF,Military,-,-,-,-,-,-,-,-,-,0,0,0,0,-,-,-
20110425-1,Monday,25-APR-2011,-,O1, Standing (STD),"Jacksonville-Little Rock AFB, AR (LRF)",United States of America,0,0, Damaged beyond repair,-,Lockheed C-130E Hercules,-,-,-,-,-, 62-1851, 3815,USAF,Military,-,-,-,-,-,-,-,-,-,0,0,0,0,-,-,-
20110426-0,Tuesday,26-APR-2011,18:56,A2, Standing (STD),"El Paso International Airport, TX (ELP)",United States of America,1,0, Substantial, Repaired,Cessna 208B Super Cargomaster,1,Pratt & Whitney Canada PT6A-114A,1997,-,-, N208TF, 208B0592,Martinaire,Cargo, 224,El Paso International Airport,ELP,KELP,United States of America,Lubbock International Airport,LBB,KLBB,United States of America,1,0,0,0,-,-,Final
20110428-0,Thursday,28-APR-2011,16:25,A1, Landing (LDG),Moskva-Sheremetyevo Airport (SVO),Russia,34,0, Substantial, Written off (damaged beyond repair),Embraer EMB-145EP (ERJ-145EP),2,Allison AE3007A,1997,-,-, UR-DNK, 145039,Dniproavia,International Scheduled Passenger, 505,Dnepropetrovsk Airport,DNK,UKDD,Ukraine,Moskva-Sheremetyevo Airport,SVO,UUEE,Russia,4,30,0,0,-,-,Preliminary
20110504-0,Wednesday,04-MAY-2011,10:45,A2, Landing (LDG),Lengpui Airport (AJL),India,10,0, Substantial, Repaired,Cessna 208B Grand Caravan,1,Pratt & Whitney Canada PT6A-114A,2008,1823.0,1079.0, VT-NES, 208B2025,Northeast Shuttles,Domestic Non Scheduled Passenger,-,Imphal Municipal Airport,IMF,VEIM,India,Lengpui Airport,AJL,VELP,India,1,9,0,0,-,-,Final
20110505-0,Thursday,05-MAY-2011,11:55,A1, Landing (LDG),Loreto Airport (LTO),Mexico,2,0, Damaged beyond repair,-,British Aerospace BAe-125-700A,-,-,1980,-,-, N829SE, 257095,	JODA,Private,-,Loreto Airport,LTO,MMLT,Mexico,-,-,-,-,2,0,0,0,-,-,Preliminary
20110507-0,Saturday,07-MAY-2011,14:05,A1, Approach (APR),"0,8 km (0.5 mls) SW off  Kaimana-Utarom Airport (KNG)",Indonesia,25,25, Destroyed, Written off (damaged beyond repair),Xian MA60,2,Pratt & Whitney Canada PW127J,2007,764.0,615.0, PK-MZK, 0603,Merpati Nusantara,Domestic Scheduled Passenger,MZ8968,Sorong-Dominique Edward Osok Airport,SOQ,WAXX,Indonesia,Kaimana-Utarom Airport,KNG,WASK,Indonesia,6,19,6,19,-,-,Final
20110510-0,Tuesday,10-MAY-2011,-,O1, Standing (STD),Rotterdam/The Hague Airport (RTM),Netherlands,-,0, Damaged beyond repair,-,Fokker 50,2,Pratt & Whitney Canada PW125B,1988,-,-, OO-VLE, 20132,CityJet,-,-,-,-,-,-,-,-,-,-,-,0,0,0,-,-,Preliminary
20110516-0,Monday,16-MAY-2011,02:18,A1, Approach (APR),"11 km (6.9 mls) SW of Atqasuk, AK",United States of America,3,0, Substantial, Written off (damaged beyond repair),Beechcraft B200 Super King Air,2,Pratt & Whitney Canada PT6A-42,1982,-,-, N786SR, BB-1016,North Slope Borough,Ambulance,-,Barrow-Wiley Post/Will Rogers Memorial Airport,BRW,PABR,United States of America,Atqasuk Airport,ATK,PATQ,United States of America,1,2,0,0,-,-,Final
20110517-0,Tuesday,17-MAY-2011,19:15,A1, Maneuvering (MNV),"Sofiyivka Ipatovsk district, Stavropol region",Russia,1,0, Damaged beyond repair,-,Antonov An-2R,1,Shvetsov ASh-62IR,1982,-,-, RA-68122, 1G195-27,private,Agricultural,-,-,-,-,-,-,-,-,-,1,0,0,0,-,-,Final
20110518-0,Wednesday,18-MAY-2011,20:48,A1, En route (ENR),"20 km (12.5 mls) N of Prahuaniyeu, RN",Argentina,22,22, Destroyed, Written off (damaged beyond repair),Saab 340A,2,General Electric CT7-5A2,1985,44477.0,41422.0, LV-CEJ, 340A-025,SOL Líneas Aéreas,Domestic Scheduled Passenger,5428,Neuquén Airport,NQN,SAZN,Argentina,Comodoro Rivadavia Airport,CRD,SAVC,Argentina,3,19,3,19,-,-,Final
20110518-1,Wednesday,18-MAY-2011,17:27,A1, Takeoff (TOF),"Port Hueneme-Point Mugu NAS, CA (NTD)",United States of America,3,0, Destroyed, Written off (damaged beyond repair),Boeing 707-321B,4,Pratt & Whitney JT3D-3B,1969,-,-, N707AR, 20029/790,Omega Air Refueling,Military,  70,Port Hueneme-Point Mugu NAS,NTD,KNTD,United States of America,Port Hueneme-Point Mugu NAS,NTD,KNTD,United States of America,3,0,0,0,-,-,Final
20110523-0,Monday,23-MAY-2011,06:05,A1, Takeoff (TOF),"Barra do Vento Airport, RR",Brazil,1,0, Destroyed, Written off (damaged beyond repair),Cessna 208B Grand Caravan,1,Pratt & Whitney Canada PT6A-114A,1992,-,-, PT-OSG, 208B0300,MEGA Linhas Aéreas,Ferry/positioning,-,-,-,-,-,Boa Vista Airport,BVB,SBBV,Brazil,1,0,0,0,-,-,Final
20110525-0,Wednesday,25-MAY-2011,15:52,A1, Landing (LDG),"Sedona Airport, AZ (SDX)",United States of America,5,0, Substantial, Written off (damaged beyond repair),Embraer EMB-500 Phenom 100,2,Pratt & Whitney Canada PW617F-E,2009,-,1052.0, N224MD, 50000057,JetSuite,Domestic Non Scheduled Passenger,-,San Jose-Norman Y. Mineta International Airport,SJC,KSJC,United States of America,Sedona Airport,SDX,KSEZ,United States of America,2,3,0,0,-,-,Final
20110528-0,Saturday,28-MAY-2011,14:00,A2, Landing (LDG),"128 km (80 mls) NW of Bettles Field, AK",United States of America,2,0, Substantial, Repaired,de Havilland Canada DHC-3T Vazar Turbine Otter,1,Pratt & Whitney Canada PT6A-34AG,1954,-,-, N87AW, 52,Alaska West Air,Domestic Non Scheduled Passenger,-,Coldfoot Airport,CXF,PACX,United States of America,-,-,-,-,1,1,0,0,-,-,Final
20110601-0,Wednesday,01-JUN-2011,21:40,A1, Landing (LDG),"Nome Airport, AK (OME)",United States of America,2,0, Substantial, Written off (damaged beyond repair),Eclipse 500,2,Pratt & Whitney Canada PW617F-A,2007,-,343.0, N168TT, 000042,Private,Private,-,Anadyr Airport,DYR,UHMA,Russia,Nome Airport,OME,PAOM,United States of America,1,1,0,0,-,-,Final
20110606-0,Monday,06-JUN-2011,10:25,A1, Approach (APR),"2,3 km (1.4 mls) S off  Libreville Airport (LBV)",Gabon,4,0, Substantial, Written off (damaged beyond repair),Antonov An-26,-,-,1978,-,-, TR-LII, 7504,DHL Aviation,Cargo, 122A,Port Gentil Airport,POG,FOOG,Gabon,Libreville Airport,LBV,FOOL,Gabon,3,1,0,0,-,-,Preliminary
20110608-0,Wednesday,08-JUN-2011,02:35,A2, Takeoff (TOF),Manta Airport (MEC),Ecuador,6,0, Substantial, Repaired,CASA CN-235M-200,2,General Electric CT7-9C,2005,-,-, AN-204, 147,Ecuador Navy,Military,-,Manta Airport,MEC,SEMT,Ecuador,-,-,-,-,6,0,0,0,-,-,Preliminary
20110608-1,Wednesday,08-JUN-2011,11:13,A2, Landing (LDG),Helgoland Airport (HGL),Germany,7,0, Substantial, Repaired,Britten-Norman BN-2B-26 Islander,2,Lycoming O-540-E4C5,2008,-,1793.0, D-IOLO, 2305,OLT,Domestic Scheduled Passenger,-,Bremerhaven Airport,BRV,EDWB,Germany,Helgoland Airport,HGL,EDXH,Germany,1,6,0,0,-,-,Final
20110609-0,Thursday,09-JUN-2011,16:15,A2, Landing (LDG),"Postville Airport, NF (YSO/CCD4)",Canada,1,0, Substantial, Repaired,Cessna 208 Caravan I,1,Pratt & Whitney Canada PT6A-114A,1985,-,-, C-GUYR, 20800031,Air Labrador,Cargo,503,Goose Bay Airport,YYR,CYYR,Canada,-,-,-,-,1,0,0,0,-,-,-
20110612-0,Sunday,12-JUN-2011,02:45,A1, Landing (LDG),"Cold Bay Airport, AK (CDB)",United States of America,4,0, Substantial, Written off (damaged beyond repair),Douglas DC-6BF,4,Pratt & Whitney R-2800,1956,-,37334.0, N600UA, 44894/651,Universal Airlines,Ferry/positioning,-,Togiak Village Airport,TOG,PATG,United States of America,Cold Bay Airport,CDB,PACD,United States of America,4,0,0,0,-,-,Final
20110615-0,Wednesday,15-JUN-2011,14:05,A1, En route (ENR),"near Gray, TN",United States of America,2,0, Substantial, Written off (damaged beyond repair),Beechcraft A100 King Air,2,Pratt & Whitney Canada PT6A-34,1974,-,16170.0, N15L, B-212,Dynamic Avlease,Ferry/positioning,-,-,-,-,-,Wichita-Mid-Continent Airport,ICT,KICT,United States of America,2,0,0,0,-,-,Final
20110615-1,Wednesday,15-JUN-2011,17:25,A2, Landing (LDG),"Nashville-John C. Tune Airport, TN",United States of America,5,0, Substantial, Repaired,Cessna 525A CitationJet CJ2,2,Williams International FJ44,2002,-,3224.0, N129SG, 525A0129,Deer Horn Aviation,Executive,-,Artesia Airport,ATS,KATS,United States of America,-,-,-,-,1,4,0,0,-,-,Final
20110617-0,Friday,17-JUN-2011,-,O1, Standing (STD),Vladikavkaz Airport (OGZ),Russia,0,0, Substantial, Written off (damaged beyond repair),Antonov An-2T,-,-,-,-,-, RF-00447, 1G235-55,DOSAAF,-,-,-,-,-,-,-,-,-,-,0,0,0,0,-,-,- (No safety board investigation)
20110617-1,Friday,17-JUN-2011,15:04,A1, Landing (LDG),"Toronto-Buttonville Airport, ON (YKZ)",Canada,2,0, Substantial, Written off (damaged beyond repair),Dassault Falcon 10,2,Garrett TFE731-2-2C,1973,-,12697.0, C-GRIS, 02,Skycharter,Ferry/positioning,-,Toronto-Pearson International Airport,YYZ,CYYZ,Canada,Toronto-Buttonville Airport,YKZ,CYKZ,Canada,2,0,0,0,-,-,Final
20110620-0,Monday,20-JUN-2011,23:40,A1, Approach (APR),1 km (0.6 mls) S of Petrozavodsk Airport (PES),Russia,52,47, Destroyed, Written off (damaged beyond repair),Tupolev Tu-134A-3,2,Soloviev D-30-III,1980,20977.0,35591.0, RA-65691, 63195,RusAir,Domestic Scheduled Passenger,9605,Moskva-Domodedovo Airport,DME,UUDD,Russia,Petrozavodsk Airport,PES,ULPB,Russia,9,43,8,39,-,-,Final
20110624-0,Friday,24-JUN-2011,-,A2, En route (ENR),"near Beregovoy, Amur region",Russia,13,0, Substantial,-,Antonov An-2R,1,Shvetsov ASh-62IR,1987,-,-, RA-40420, 1G223-46,Avialesookhrana,Domestic Scheduled Passenger,-,-,-,-,-,-,-,-,-,2,11,0,0,-,-,- (No safety board investigation)
20110704-0,Monday,04-JUL-2011,16:15,A1, Takeoff (TOF),"Pukatawagan Airport, MB (XPK)",Canada,9,1, Destroyed, Written off (damaged beyond repair),Cessna 208B Grand Caravan,1,Pratt & Whitney Canada PT6A-114A,2005,-,-, C-FMCB, 208B1114,Missinippi Airways,Domestic Scheduled Passenger,-,Pukatawagan Airport,XPK,ZCFG,Canada,The Pas/Grace Lake Airport,YQD,CYQD,Canada,1,8,0,1,-,-,Final
20110706-0,Wednesday,06-JUL-2011,00:10,A1, En route (ENR),ca 25 km from Bagram Air Base (BPM),Afghanistan,9,9, Damaged beyond repair,-,Ilyushin Il-76TD,4,Soloviev D-30KP-2,2005,-,-, 4K-AZ55, 2053420680,Silk Way,Cargo,-,Baku-Heydar Aliyev International Airport,GYD,UBBB,Azerbaijan,Bagram Air Base,BPM,OAIX,Afghanistan,9,0,9,0,-,-,Preliminary
20110708-0,Friday,08-JUL-2011,15:11,A1, Landing (LDG),Kisangani-Bangoka International Airport (FKI),Democratic Republic of the Congo,115,77, Destroyed, Written off (damaged beyond repair),Boeing 727-22 (WL),3,Pratt & Whitney JT8D-7 (HK3),1965,-,-, 9Q-COP, 18323/136,Hewa Bora Airways,Domestic Scheduled Passenger, 952,Kinshasa-N'Djili Airport,FIH,FZAA,Democratic Republic of the Congo,Kisangani-Bangoka International Airport,FKI,FZIC,Democratic Republic of the Congo,7,108,5,72,-,-,Preliminary
20110709-0,Saturday,09-JUL-2011,17:50,A2, Takeoff (TOF),Kielce-Maslów Airport,Poland,14,0, Substantial, Repaired,Antonov An-2TP,-,-,1985,-,-, SP-AOW, 1G211-01,Aeroklub Kielecki,Parachuting,-,-,-,-,-,-,-,-,-,2,12,0,0,-,-,Preliminary - official
20110710-0,Sunday,10-JUL-2011,10:45,A2, Landing (LDG),Benin City Airport (BNI),Nigeria,3,0, Substantial,-,British Aerospace BAe-125-700B,-,-,1984,-,-, 5N-BEX, 257197,Executive Jets Services,Ferry/positioning,-,-,-,-,-,Benin City Airport,BNI,DNBE,Nigeria,3,0,0,0,-,-,-
20110711-0,Monday,11-JUL-2011,11:56,A1, En route (ENR),14 km (8.8 mls) SW of Strezhevoy,Russia,37,7, Damaged beyond repair,-,Antonov An-24RV,2,Ivchenko AI-24VT,1975,32783.0,48489.0, RA-47302, 57310302,Angara Airlines,Domestic Scheduled Passenger,5007,Tomsk-Bogashevo Airport,TOF,UNTT,Russia,Surgut Airport,SGC,USRR,Russia,4,33,0,7,-,-,Final
20110711-1,Monday,11-JUL-2011,09:10,A1, Landing (LDG),Biyaadhoo Training Lagoon,Maldives,2,0, Substantial, Written off (damaged beyond repair),de Havilland Canada DHC-6 Twin Otter 310,2,Pratt & Whitney Canada PT6A-27,1977,62428.0,34746.0, 8Q-TMD, 530,Trans Maldivian Airways,Training, 201A,Malé International Airport,MLE,VRMM,Maldives,Malé International Airport,MLE,VRMM,Maldives,2,0,0,0,-,-,Final
20110712-0,Tuesday,12-JUL-2011,13:20,A2, Landing (LDG),"Opa-locka Executive Airport, FL (OPF)",United States of America,4,0, Substantial, Repaired,Learjet 35,-,-,1975,-,19128.0, N110UN, 35-007,Robinson Air Crane,Test,-,Opa-locka Executive Airport,OPF,KOPF,United States of America,Opa-locka Executive Airport,OPF,KOPF,United States of America,2,2,0,0,-,-,Final
20110713-0,Wednesday,13-JUL-2011,06:54,A1, Initial climb (ICL),"1,7 km (1.1 mls) SSE of Recife-Guararapes International Airport, PE (REC)",Brazil,16,16, Destroyed, Written off (damaged beyond repair),Let L-410UVP-E20,2,Walter M-601E,2010,3033.0,2126.0, PR-NOB, 2722,NOAR Linhas Aéreas,Domestic Scheduled Passenger,-,Recife-Guararapes International Airport,REC,SBRF,Brazil,Natal-Augusto Severo International Airport,NAT,SBNT,Brazil,2,14,2,14,-,-,Final
20110714-0,Thursday,14-JUL-2011,22:30,O1, Taxi (TXI),Warszawa-Frédéric Chopin Airport (WAW),Poland,37,0, Damaged beyond repair,-,ATR 72-202,2,Pratt & Whitney Canada PW124B,1995,-,-, SP-LFH, 478,Eurolot,Domestic Scheduled Passenger,3850,Wroclaw-Strachowice Airport,WRO,EPWR,Poland,Warszawa-Frédéric Chopin Airport,WAW,EPWA,Poland,4,33,0,0,-,-,Final
20110714-1,Thursday,14-JUL-2011,19:53,A1, Landing (LDG),Port Harcourt Airport (PHC),Nigeria,6,0, Damaged beyond repair,-,Cessna 560XL Citation XLS,2,Pratt & Whitney Canada PW545B,2008,-,982.0, 5N-BMM, 560-5830,Bristow Helicopters,Domestic Non Scheduled Passenger,-,Lagos-Murtala Muhammed International Airport,LOS,DNMM,Nigeria,Port Harcourt Airport,PHC,DNPO,Nigeria,2,4,0,0,-,-,Final
20110714-2,Thursday,14-JUL-2011,19:33,A2, Taxi (TXI),"Boston-Logan International Airport, MA (BOS)",United States of America,214,0, Minor, Repaired,Boeing 767-332ER (WL),2,Pratt & Whitney PW4060,1995,-,76810.0, N185DN, 27961/576,Delta Air Lines,International Scheduled Passenger,DL266,Boston-Logan International Airport,BOS,KBOS,United States of America,Amsterdam-Schiphol International Airport,AMS,EHAM,Netherlands,10,204,0,0,-,-,Final
20110714-3,Thursday,14-JUL-2011,19:33,A2, Taxi (TXI),"Boston-Logan International Airport, MA (BOS)",United States of America,77,0, Substantial, Repaired,Canadair CL-600-2D24 Regional Jet CRJ-900ER,2,General Electric CF34-8C5,2009,-,6150.0, N132EV, 15219,Delta Connection,Domestic Scheduled Passenger,4904,Boston-Logan International Airport,BOS,KBOS,United States of America,Raleigh/Durham International Airport,RDU,KRDU,United States of America,3,74,0,0,-,-,Final
20110717-0,Sunday,17-JUL-2011,10:21,A1, Landing (LDG),Shannon Airport (SNN),Ireland,25,0, Substantial, Written off (damaged beyond repair),ATR 72-212,2,Pratt & Whitney Canada PW127,1994,37149.0,32617.0, EI-SLM, 413,Air Contractors,International Scheduled Passenger,3601,Manchester Airport,MAN,EGCC,United Kingdom,Shannon Airport,SNN,EINN,Ireland,4,21,0,0,-,-,Final
20110723-0,Saturday,23-JUL-2011,-,A1, Landing (LDG),"Kei Mouth, Eastern Cape",South Africa,-,0, Damaged beyond repair,-,Cessna 208 Caravan I,1,Pratt & Whitney Canada PT6A-114,1989,-,-, 3009, 20800135,South African AF,Military,-,-,-,-,-,-,-,-,-,-,-,0,0,-,-,Preliminary
20110726-0,Tuesday,26-JUL-2011,09:00,A1, Approach (APR),10 km (6.3 mls) E of Goulimime Airport (GLN),Morocco,80,80, Destroyed, Written off (damaged beyond repair),Lockheed C-130H Hercules,4,Allison T56-A-15,1981,-,-, CNA-OQ, 4892,Moroccan AF,Military,-,Dakhla (Villa Cisneros),VIL,GMMH,Morocco,-,-,-,-,9,71,9,71,-,-,Preliminary
20110727-0,Wednesday,27-JUL-2011,-,O1, Standing (STD),Bichevaya,Russia,-,0, Damaged beyond repair,-,Antonov An-2R,-,-,-,-,-, RA-33046, 1G218-33,Vostok-Zapad,Unknown,-,-,-,-,-,-,-,-,-,-,-,0,0,-,-,Preliminary
20110728-0,Thursday,28-JUL-2011,04:10,A1, En route (ENR),"130 km (81.3 mls) W off  Jeju, South Korea [East China Sea]",Pacific Ocean,2,2, Destroyed, Written off (damaged beyond repair),Boeing 747-48EF,4,General Electric CF6-80C2B1F,2006,4799.0,28752.0, HL7604, 29907/1370,Asiana Airlines,Cargo,OZ991,Seoul-Incheon International Airport,ICN,RKSI,South Korea,Shanghai-Pudong International Airport,PVG,ZSPD,China,2,0,2,0,-,-,Final
20110729-0,Friday,29-JUL-2011,09:11,A1, Standing (STD),Cairo International Airport (CAI),Egypt,317,0, Damaged beyond repair,-,Boeing 777-266ER,2,Pratt & Whitney PW4090,1997,11448.0,48281.0, SU-GBP, 28423/71,EgyptAir,International Scheduled Passenger,MS667,Cairo International Airport,CAI,HECA,Egypt,Jeddah-King Abdulaziz International Airport,JED,OEJN,Saudi Arabia,10,307,0,0,-,-,Final
20110730-0,Saturday,30-JUL-2011,01:32,A1, Landing (LDG),Georgetown-Cheddi Jagan International Airport (GEO),Guyana,163,0, Destroyed, Written off (damaged beyond repair),Boeing 737-8BK (WL),2,CFMI CFM56-7B26/3,2007,-,14861.0, 9Y-PBM, 29635/2326,Caribbean Airlines,International Scheduled Passenger, 523,Port of Spain-Piarco Airport,POS,TTPP,Trinidad and Tobago,Georgetown-Cheddi Jagan International Airport,GEO,SYCJ,Guyana,6,157,0,0,-,-,Final
20110730-1,Saturday,30-JUL-2011,17:14,A1, Landing (LDG),Barcelona Airport (BCN),Spain,38,0, Substantial, Written off (damaged beyond repair),Canadair CL-600-2B19 Regional Jet CRJ-200ER,2,General Electric CF34-3B1,2003,17761.0,19594.0, EC-ITU, 7866,Air Nostrum,Domestic Scheduled Passenger,8313,Badajoz-Talaveral La Real Airport,BJZ,LEBZ,Spain,Barcelona-El Prat Airport,BCN,LEBL,Spain,3,35,0,0,-,-,Final
20110802-0,Tuesday,02-AUG-2011,13:27,A1, En route (ENR),"near Bom Jardim da Serra, SC",Brazil,8,8, Destroyed, Written off (damaged beyond repair),Cessna C-98A Grand Caravan (208B),1,Pratt & Whitney Canada PT6A-114A,2009,-,-, 2735, 208B2130,Brazilian AF,Military,-,-,-,-,-,Rio de Janeiro-Galeão International Airport,GIG,SBGL,Brazil,-,-,-,-,-,-,Preliminary
20110803-0,Wednesday,03-AUG-2011,16:00,A1, Landing (LDG),"Kasba Lake Airport, NT (YDU)",Canada,-,0, Substantial, Written off (damaged beyond repair),Convair CV-580,2,Allison 501-D13D,1956,-,-, C-GKFP, 446,Nolinor Aviation,Domestic Non Scheduled Passenger,-,Winnipeg International Airport,YWG,CYWG,Canada,-,-,-,-,-,-,0,0,-,-,-
20110808-0,Monday,08-AUG-2011,14:12,A1, Landing (LDG),Blagoveshchensk Airport (BQS),Russia,41,0, Substantial, Written off (damaged beyond repair),Antonov An-24RV,2,Ivchenko AI-24VT,1976,13767.0,12346.0, RA-46561, 67310609,IrAero,Domestic Scheduled Passenger, 103,Chita Airport,HTA,UIAA,Russia,Blagoveshchensk Airport,BQS,UHBB,Russia,5,36,0,0,-,-,Final
20110809-0,Tuesday,09-AUG-2011,15:32,A1, En route (ENR),86 km (53.8 mls) SW of Omsukchan,Russia,11,11, Destroyed, Written off (damaged beyond repair),Antonov An-12AP,4,Ivchenko AI-20M,1963,9172.0,18709.0, RA-11125, 3341006,KnAAPO,Cargo,9209,Magadan-Sokol Airport,GDX,UHMM,Russia,-,-,-,-,9,2,9,2,-,-,Final
20110815-0,Monday,15-AUG-2011,-,A2, En route (ENR),over Afghanistan,Afghanistan,-,0, Minor,-,Lockheed C-130 Hercules,-,-,-,-,-, registration unknown,-,USAF,Military,-,-,-,-,-,-,-,-,-,-,-,0,0,-,-,Preliminary
20110820-0,Saturday,20-AUG-2011,11:42,A1, Approach (APR),"1,8 km (1.1 mls) E of Resolute Airport, NU (YRB)",Canada,15,12, Destroyed, Written off (damaged beyond repair),Boeing 737-210C,2,Pratt & Whitney JT8D-17,1975,-,-, C-GNWN, 21067/414,First Air,Domestic Non Scheduled Passenger,6560,Yellowknife Airport,YZF,CYZF,Canada,Resolute Airport,YRB,CYRB,Canada,4,11,4,8,-,-,Final
20110820-1,Saturday,20-AUG-2011,12:00,A1, Landing (LDG),Port Kaituma Airport (PKM),Guyana,5,0, Substantial, Written off (damaged beyond repair),IRMA/Britten-Norman BN-2A-7 Islander,-,-,-,-,-, 8R-GHD, 622,Trans Guyana Airways,Domestic Scheduled Passenger,-,-,-,-,-,-,-,-,-,1,4,0,0,-,-,-
20110822-0,Monday,22-AUG-2011,-,A1, En route (ENR),"Todzhi District, Tuva",Russia,8,1, Damaged beyond repair,-,Antonov An-2,-,-,-,-,-, --,-,Sayanian Cedar,Domestic Non Scheduled Passenger,-,-,-,-,-,-,-,-,-,-,-,-,-,-,-,Preliminary
20110824-0,Wednesday,24-AUG-2011,15:30,A2, Landing (LDG),Lawas Airport (LWY),Malaysia,18,0, Substantial, Repaired,de Havilland Canada DHC-6 Twin Otter 310,2,Pratt & Whitney Canada PT6A-27,1988,-,-, 9M-MDM, 804,MASwings,Domestic Scheduled Passenger,-,Miri Airport,MYY,WBGR,Malaysia,Lawas Airport,LWY,WBGW,Malaysia,2,16,0,0,-,-,Preliminary
20110825-0,Thursday,25-AUG-2011,-,C1, Standing (STD),Tripoli International Airport (TIP),Libya,0,0, Destroyed, Written off (damaged beyond repair),Airbus A300B4-620,2,Pratt & Whitney JT9D-7R4H1,1984,-,-, 5A-IAY, 354, Afriqiyah Airways,-,-,-,-,-,-,-,-,-,-,0,0,0,0,-,-,- (No safety board investigation)
20110825-1,Thursday,25-AUG-2011,-,C1, Standing (STD),Tripoli International Airport (TIP),Libya,0,0, Destroyed, Written off (damaged beyond repair),Airbus A300B4-622R,2,Pratt & Whitney PW4158,1991,-,-, 5A-DLZ, 616,Libyan Arab Airlines,-,-,-,-,-,-,-,-,-,-,0,0,0,0,-,-,- (No safety board investigation)
20110825-2,Thursday,25-AUG-2011,-,C1, Standing (STD),Tripoli International Airport (TIP),Libya,0,0, Substantial, Written off (damaged beyond repair),Airbus A320-214,2,CFMI CFM56-5B4/3,2010,-,-, 5A-ONK, 4330, Afriqiyah Airways,-,-,-,-,-,-,-,-,-,-,0,0,0,0,-,-,- (No safety board investigation)
20110826-0,Friday,26-AUG-2011,-,C1, Standing (STD),Tripoli International Airport (TIP),Libya,0,0, Destroyed, Written off (damaged beyond repair),Ilyushin Il-76,-,-,-,-,-, registration unknown,-,Unknown,-,-,-,-,-,-,-,-,-,-,0,0,0,0,-,-,- (No safety board investigation)
20110828-0,Sunday,28-AUG-2011,08:54,A1, Maneuvering (MNV),"3,2 km (2 mls) WSW of Neschadinovskaya, Krasnodar region",Russia,2,1, Destroyed, Written off (damaged beyond repair),Antonov An-2R,1,Shvetsov ASh-62IR,1991,4247.0,1208.0, RA-01105, 1G239-50,Aviakompaniya Pilot,Agricultural,-,-,-,-,-,-,-,-,-,1,1,1,0,-,-,Final
20110829-0,Monday,29-AUG-2011,03:54,A2, Landing (LDG),Cochin International Airport (COK),India,143,0, Minor, Repaired,Airbus A320-214,2,CFMI CFM56-5B4/3,2010,2301.0,4758.0, A9C-AG, 4188,Gulf Air,International Scheduled Passenger,GF270,Bahrain International Airport,BAH,OBBI,Bahrain,Cochin International Airport,COK,VOCI,India,6,137,0,0,-,-,Preliminary
20110831-0,Wednesday,31-AUG-2011,-,A1, Landing (LDG),"200 km (125 mls) from  Magan, Yakutsk Region",Russia,3,0, Substantial,-,Antonov An-2T,-,-,1989,-,-, RF-00844, 1G236-05,DOSAAF,Training,-,-,-,-,-,-,-,-,-,-,-,0,0,-,-,Preliminary
20110902-0,Friday,02-SEP-2011,13:35,A1, En route (ENR),"14 km (8.8 mls) N of Nightmute, AK",United States of America,1,1, Destroyed, Written off (damaged beyond repair),Cessna 208B Grand Caravan,1,Pratt & Whitney Canada PT6A-114A,2000,-,8483.0, N207DR, 208B0859,Grant Aviation,Cargo,-,Toksook Bay Airport,OOK,PAOO,United States of America,Bethel Airport,BET,PABE,United States of America,1,0,1,0,-,-,Final
20110902-1,Friday,02-SEP-2011,17:48,A1, Approach (APR),off Isla Robinsón Crusoe Airport,Chile,21,21, Destroyed, Written off (damaged beyond repair),CASA C-212 Aviocar 300DF,-,-,1994,-,-, 966, 443,Chilean AF,Military,-,Santiago-Arturo Merino Benitez Airport,SCL,SCEL,Chile,-,-,-,-,4,17,4,17,-,-,Final
20110903-0,Saturday,03-SEP-2011,12:00,A1, Maneuvering (MNV),"near Kostyukivka, Vinnytsia Region",Ukraine,1,1, Destroyed, Written off (damaged beyond repair),Antonov An-2R,-,-,1983,-,-, UR-17739, 1G202-59,Unikom-Avia,Agricultural,-,-,-,-,-,-,-,-,-,1,0,1,0,-,-,Preliminary
20110904-0,Sunday,04-SEP-2011,15:29,A1, Landing (LDG),"Ottawa/Macdonald-Cartier International Airport, ON (YOW)",Canada,47,0, Substantial, Written off (damaged beyond repair),Embraer EMB-145LR (ERJ-145LR),2,Allison AE3007A1/2,2000,23335.0,25655.0, N840HK, 145341,United Express,International Scheduled Passenger,3363,Chicago-O'Hare International Airport,ORD,KORD,United States of America,Ottawa/Macdonald-Cartier International Airport,YOW,CYOW,Canada,3,44,0,0,-,-,Final
20110906-0,Tuesday,06-SEP-2011,18:50,A1, Approach (APR),8 km (5 mls) NW of Trinidad Airport (TDD),Bolivia,9,8, Destroyed, Written off (damaged beyond repair),Swearingen SA227-BC Metro III,2,Garrett TPE331-11U-611G,1992,-,-, CP-2548, BC-768B,Aerocon,Domestic Scheduled Passenger, 238,Santa Cruz-El Trompillo Airport,SRZ,SLET,Bolivia,Trinidad Airport,TDD,SLTR,Bolivia,2,7,2,6,-,-,Preliminary
20110907-0,Wednesday,07-SEP-2011,16:05,A1, Initial climb (ICL),1 km (0.6 mls) W of Yaroslavl-Tunoshna Airport (IAR),Russia,45,44, Destroyed, Written off (damaged beyond repair),Yakovlev Yak-42D,3,Lotarev D-36,1993,-,6482.0, RA-42434, 4520424305017,YAK Service,Int'l Non Scheduled Passenger,9633,Yaroslavl-Tunoshna Airport,IAR,UUDL,Russia,Minsk-1 International Airport,MHP,UMMM,Belarus,8,37,7,37,-,-,Final
20110909-0,Friday,09-SEP-2011,12:30,A1, En route (ENR),"near Notnare Village, Yahukimo district, Irian Jaya",Indonesia,2,2, Destroyed, Written off (damaged beyond repair),Cessna 208B Grand Caravan,1,Pratt & Whitney Canada PT6A-114A,2007,5267.0,3926.0, PK-VVE, 208B1287,Susi Air,Cargo,-,Wamena Airport,WMX,WAJW,Indonesia,-,-,-,-,2,0,2,0,-,-,Final
20110909-1,Friday,09-SEP-2011,03:00,O1, Standing (STD),Bruchsal Airfield,Germany,0,0, Destroyed, Written off (damaged beyond repair),Antonov An-2TD,1,Shvetsov ASh-62IR,1978,-,-, D-FONC, 1G180-42,Classic Wings,-,-,-,-,-,-,-,-,-,-,0,0,0,0,-,-,- (No safety board investigation)
20110912-0,Monday,12-SEP-2011,07:14,A2, Landing (LDG),Paris-Charles de Gaulle Airport (CDG),France,-,0, Substantial, Repaired,Airbus A321-211,2,CFMI CFM56-5B1/3,2008,-,-, F-GTAT, 3441,Air France,Domestic Scheduled Passenger,-,Marseille-Provence Airport,MRS,LFML,France,Paris-Charles de Gaulle Airport,CDG,LFPG,France,-,-,0,0,-,-,Final
20110914-0,Wednesday,14-SEP-2011,11:30,A1, Takeoff (TOF),Huambo Airport (NOV),Angola,23,17, Destroyed, Written off (damaged beyond repair),Embraer EMB-120ER Brasilia,2,Pratt & Whitney Canada PW118,2002,-,-, T-500, 120359,Angolan AF,Military,-,Huambo Airport,NOV,FNHU,Angola,Luanda Airport,LAD,FNLU,Angola,4,19,0,17,-,-,Preliminary
20110916-0,Friday,16-SEP-2011,19:11,A1, Landing (LDG),Quito-Mariscal Sucre Airport (UIO),Ecuador,103,0, Substantial, Written off (damaged beyond repair),Embraer ERJ 190-100 IGW (ERJ-190AR),2,General Electric CF34-10E5,2006,13285.0,8752.0, HC-CEZ, 19000027,TAME Ecuador,Domestic Scheduled Passenger, 148,Loja Airport,LOH,SELO,Ecuador,Quito-Mariscal Sucre Airport,UIO,SEQU,Ecuador,6,97,0,0,-,-,Final
20110917-0,Saturday,17-SEP-2011,17:00,A1, Landing (LDG),Valencia-Arturo Michelena International Airport (VLN),Venezuela,7,0, Damaged beyond repair,-,Learjet 35,-,-,1975,-,-, N535LC, 35-021,private,Private,-,Fort Lauderdale-Executive Airport,FXE,KFXE,United States of America,Valencia-Arturo Michelena International Airport,VLN,SVVA,Venezuela,2,5,0,0,-,-,-
20110920-0,Tuesday,20-SEP-2011,-,A1, En route (ENR),near Milot,Haiti,3,3, Destroyed, Written off (damaged beyond repair),Beechcraft 99A Airliner,2,Pratt & Whitney Canada PT6A-28,1969,-,-, HH-APA, U-123,SALSA d'Haiti,Domestic Scheduled Passenger, 112,Port-au-Prince Airport,PAP,MTPP,Haiti,Cap Haitien Airport,CAP,MTCH,Haiti,2,1,2,1,-,-,Preliminary
20110922-0,Thursday,22-SEP-2011,13:18,A1, Approach (APR),"Yellowknife, NT",Canada,9,2, Substantial, Written off (damaged beyond repair),de Havilland Canada DHC-6 Twin Otter 300,2,Pratt & Whitney Canada PT6A-27,1973,-,33355.0, C-GARW, 367,Arctic Sunwest Charters,Domestic Non Scheduled Passenger,-,-,-,-,-,-,-,-,-,2,7,2,0,-,-,Final
20110923-0,Friday,23-SEP-2011,19:30,A1, Approach (APR),"near Heitman Lake, AK",United States of America,3,1, Damaged beyond repair,-,de Havilland Canada DHC-3T Texas Turbine Otter,1,Garrett TPE331,1952,-,-, N361TT, 361,Servant Air,Domestic Non Scheduled Passenger,-,-,-,-,-,Kodiak Airport,ADQ,PADQ,United States of America,1,2,1,0,-,-,Final
20110925-0,Sunday,25-SEP-2011,07:31,A1, Approach (APR),8 km (5 mls) SSE of Kathmandu-Tribhuvan Airport (KTM),Nepal,19,19, Damaged beyond repair,-,Beechcraft 1900D,2,Pratt & Whitney Canada PT6A-67D,1997,-,-, 9N-AEK, UE-295, Buddha Air,Domestic Scheduled Passenger, 103,Kathmandu-Tribhuvan Airport,KTM,VNKT,Nepal,Kathmandu-Tribhuvan Airport,KTM,VNKT,Nepal,3,16,3,16,-,-,Preliminary
20110926-0,Monday,26-SEP-2011,08:52,A1, Landing (LDG),Puerto Ordaz Airport (PZO),Venezuela,132,0, Substantial,-,McDonnell Douglas DC-9-51,2,Pratt & Whitney JT8D-17A (HK3),1976,-,71817.0, YV136T, 47738/830,Aeropostal,Domestic Scheduled Passenger, 342,Caracas-Simón Bolívar International Airport,CCS,SVMI,Venezuela,Puerto Ordaz Airport,PZO,SVPR,Venezuela,7,125,0,0,-,-,Final
20110929-0,Thursday,29-SEP-2011,07:50,A1, En route (ENR),30 km (18.8 mls) E of Kutacane-Alas Leuser Airport,Indonesia,18,18, Destroyed, Written off (damaged beyond repair),CASA/Nurtanio NC-212 Aviocar 200,2,Garrett TPE331-10R-521C,1989,13646.0,11348.0, PK-TLF, 283/88N,Nusantara Buana Air,Domestic Non Scheduled Passenger, 823,Medan-Polonia Airport,MES,WIMM,Indonesia,-,-,-,-,2,16,2,16,-,-,Final
20110999-0,-,xx-SEP-2011,-,O2, Standing (STD),As Sidr Airport,Libya,0,0, Substantial,-,de Havilland Canada DHC-6 Twin Otter 300,-,-,-,-,-, 5A-DBJ, 444,Zueitina Oil,-,-,-,-,-,-,-,-,-,-,0,0,0,0,-,-,-
20111002-0,Sunday,02-OCT-2011,-,A1, Landing (LDG),Khartoum-Civil Airport (KRT),Sudan,45,0, Substantial, Written off (damaged beyond repair),Fokker 50,2,Pratt & Whitney Canada PW125B,1990,-,-, ST-ASD, 20201, Sudan Airways,Domestic Scheduled Passenger,312,Khartoum-Civil Airport,KRT,HSSS,Sudan,Malakal Airport,MAK,HSSM,South Sudan,-,-,0,0,-,-,Preliminary
20111003-0,Monday,03-OCT-2011,-,A1, Taxi (TXI),"Atlanta-Newnan Coweta County Airport, GA",United States of America,1,0, Substantial, Written off (damaged beyond repair),Dassault Falcon 20F,-,-,1972,-,-, XA-NCC, 264,Aerotaxis Dos Mil,Unknown,-,-,-,-,-,-,-,-,-,1,0,0,0,-,-,-
20111004-0,Tuesday,04-OCT-2011,11:47,A1, En route (ENR),"Utsingi Point, Great Slave Lake, NT",Canada,4,2, Damaged beyond repair,-,Cessna 208B Grand Caravan,1,Pratt & Whitney Canada PT6A-114A,1992,-,-, C-GATV, 208B0308,Air Tindi,Domestic Scheduled Passenger, 200,Yellowknife Airport,YZF,CYZF,Canada,Lutsel K'e Airport,YSG,CYLK,Canada,1,3,1,1,-,-,Final
20111009-0,Sunday,09-OCT-2011,11:28,A1, Maneuvering (MNV),"near Zasovkaya, Krasnodar Region",Russia,1,0, Destroyed, Written off (damaged beyond repair),Antonov An-2R,-,-,1984,30385.0,-, RA-81514, 1G208-14,private,Agricultural,-,-,-,-,-,-,-,-,-,1,0,0,0,-,-,Final
20111010-0,Monday,10-OCT-2011,13:15,A1, Landing (LDG),Antalya Airport (AYT),Turkey,162,0, Substantial, Written off (damaged beyond repair),Boeing 737-4Q8,2,CFMI CFM56-3C1,1993,-,-, TC-SKF, 26291/2513,Sky Airlines,International Scheduled Passenger,8756,Karlsruhe/Baden Baden-Söllingen Airport,FKB,EDSB,Germany,Antalya Airport,AYT,LTAI,Turkey,6,156,0,0,-,-,Preliminary
20111012-0,Wednesday,12-OCT-2011,08:00,A1, Landing (LDG),Port Gentil Airport (POG),Gabon,30,0, Damaged beyond repair,-,Embraer EMB-120ER Brasilia,2,Pratt & Whitney Canada PW118A,1991,-,-, ZS-PYO, 120245,Nationale et Regionale Transport,Domestic Scheduled Passenger,-,Libreville Airport,LBV,FOOL,Gabon,Port Gentil Airport,POG,FOOG,Gabon,3,27,0,0,-,-,Preliminary
20111013-0,Thursday,13-OCT-2011,17:17,A1, En route (ENR),20 km (12.5 mls) S of Madang Airport (MAG),Papua New Guinea,32,28, Destroyed, Written off (damaged beyond repair),de Havilland Canada DHC-8-102,2,Pratt & Whitney Canada PW121,1988,48093.0,38421.0, P2-MCJ, 125,Airlines PNG,Domestic Scheduled Passenger,1600,Lae-Nadzab Airport,LAE,AYNZ,Papua New Guinea,Madang Airport,MAG,AYMD,Papua New Guinea,3,29,0,28,-,-,Final
20111014-0,Friday,14-OCT-2011,13:55,A1, Initial climb (ICL),Xakanaka Airstrip,Botswana,12,8, Destroyed, Written off (damaged beyond repair),Cessna 208B Grand Caravan,1,Pratt & Whitney Canada PT6A-114A,1996,-,-, A2-AKD, 208B0582,Moremi Air,Domestic Non Scheduled Passenger,-,-,-,-,-,-,-,-,-,1,11,1,7,-,-,Preliminary
20111014-1,Friday,14-OCT-2011,18:00,A2, Landing (LDG),Surat Gujarat Airport (STV),India,4,0, Substantial,-,Cessna 550 Citation II,2,Pratt & Whitney Canada JT15D-4,1992,-,5342.0, VT-CLC, 550-0698,Club One Air,Training,-,Mumbai-Chhatrapati Shivaji International Airport,BOM,VABB,India,Surat Gujarat Airport,STV,VASU,India,2,2,0,0,-,-,Final
20111014-2,Friday,14-OCT-2011,11:58,A1, Takeoff (TOF),near Novy Urengoy Airport (NUX),Russia,74,0, Damaged beyond repair,-,Tupolev Tu-134A-3,-,-,1979,-,-, RA-65143, 60967,Yamal Airlines,Domestic Scheduled Passenger,YC16,Novy Urengoy Airport,NUX,USMU,Russia,Salekhard Airport,SLY,USDD,Russia,7,67,0,0,-,-,- (No safety board investigation)
20111018-0,Tuesday,18-OCT-2011,19:06,A1, En route (ENR),"Dhorpatan, Bowang ward 9, Baglung District",Nepal,6,6, Damaged beyond repair,-,Pilatus Britten-Norman BN-2T Turbine Islander,2,Allison 250-B17C,1988,-,-, RAN-49, 2191,Nepal Army,Military,-,Nepalganj Airport,KEP,VNNG,Nepal,Kathmandu-Tribhuvan Airport,KTM,VNKT,Nepal,2,4,2,4,-,-,Preliminary
20111025-0,Tuesday,25-OCT-2011,11:54,A1, Landing (LDG),Al-Anad Air Base,Yemen,15,4, Damaged beyond repair,-,Antonov An-26,-,-,-,-,-, registration unknown,-,Yemen AF,Military,-,Sana'a-Al Dalaimi Air Base,SAH,ODSN,Yemen,-,-,-,-,-,-,-,-,-,-,Preliminary
20111025-1,Tuesday,25-OCT-2011,-,O1, Standing (STD),Bangkok-Don Muang International Airport (BKK),Thailand,0,0, Substantial, Written off (damaged beyond repair),Beechcraft Beechjet 400A,-,-,-,-,-, HS-TPD, RK-294,Civil Aviation Training Center,-,-,-,-,-,-,-,-,-,-,0,0,0,0,-,-,-
20111025-2,Tuesday,25-OCT-2011,-,O1, Standing (STD),Bangkok-Don Muang International Airport (BKK),Thailand,0,0, Substantial,-,Beechcraft B300 Super King Air 350,-,-,1991,-,-, HS-SLA, FL-53,Siam Land Flying Company,-,-,-,-,-,-,-,-,-,-,0,0,0,0,-,-,-
20111027-0,Thursday,27-OCT-2011,16:12,A1, Approach (APR),"0,7 km (0.4 mls) E of Vancouver International Airport, BC (YVR)",Canada,9,2, Damaged beyond repair,-,Beechcraft 100 King Air,2,Pratt & Whitney Canada PT6A-28,1970,-,26993.0, C-GXRX, B-36,Northern Thunderbird Air,Domestic Scheduled Passenger, 204,Vancouver International Airport,YVR,CYVR,Canada,Kelowna Airport,YLW,CYLW,Canada,2,7,2,0,-,-,Final
20111030-0,Sunday,30-OCT-2011,-,A1, Standing (STD),Erzurum Airport (ERZ/LTCE),Turkey,0,0, Substantial, Written off (damaged beyond repair),Ilyushin Il-76TD,-,-,1984,-,-, 4L-SKN, 0043451523,Sky Georgia,Cargo,-,-,-,-,-,-,-,-,-,0,0,0,0,-,-,Preliminary
20111031-0,Monday,31-OCT-2011,19:42,A1, Landing (LDG),"Key West International Airport, FL (EYW)",United States of America,4,0, Substantial, Written off (damaged beyond repair),Gulfstream G150,2,Honeywell TFE731-40AR-2006,2007,-,1190.0, N480JJ, 241,Jimmie Johnson Racing II,Private,-,Stuart-Witham Field,SUA,KSUA,United States of America,Key West International Airport,EYW,KEYW,United States of America,2,2,0,0,-,-,Final
20111099-0,-,xx-OCT-2011,-,A1, Landing (LDG),Shabunda Airport,Democratic Republic of the Congo,19,0, Damaged beyond repair,-,Antonov An-28,2,Glushenkov TVD-10B,1987,-,-, 9Q-CSX, 1AJ003-12, Swala Aviation,Passenger,-,-,-,-,-,-,-,-,-,3,16,0,0,-,-,Preliminary
20111101-0,Tuesday,01-NOV-2011,14:35,A1, Landing (LDG),Warszawa-Frédéric Chopin Airport (WAW),Poland,231,0, Substantial, Written off (damaged beyond repair),Boeing 767-35DER,2,General Electric CF6-80C2B6,1997,8002.0,85429.0, SP-LPC, 28656/659,LOT,International Scheduled Passenger,LO16,Newark-Liberty International Airport,EWR,KEWR,United States of America,Warszawa-Frédéric Chopin Airport,WAW,EPWA,Poland,11,220,0,0,-,-,Final
20111110-0,Thursday,10-NOV-2011,-,A1, Landing (LDG),Guri'el Airstrip,Somalia,-,0, Damaged beyond repair,-,Fokker 50,2,Pratt & Whitney Canada PW125B,1991,-,-, 5Y-VVK, 20213,Blue Bird Aviation,Cargo,-,Nairobi-Wilson Airport,WIL,HKNW,Kenya,-,-,-,-,-,-,0,0,-,-,Preliminary
20111110-1,Thursday,10-NOV-2011,11:57,A2, Initial climb (ICL),"near Minneapolis-St. Paul International Airport, MN (MSP)",United States of America,150,0, Substantial, Repaired,Airbus A320-211,2,CFMI CFM56-5A1,1992,-,59784.0, N331NW, 318,Delta Air Lines,Domestic Scheduled Passenger,DL1691,Minneapolis-St. Paul International Airport,MSP,KMSP,United States of America,Reno/Tahoe International Airport,RNO,KRNO,United States of America,6,144,0,0,-,-,Final
20111111-0,Friday,11-NOV-2011,21:30,A1, Landing (LDG),"Warroad Airport, MN (RRT)",United States of America,-,0, Substantial, Written off (damaged beyond repair),Cessna S550 Citation S/II,2,Pratt & Whitney Canada JT15D-1,1984,-,5936.0, N600KM, S550-0008,Kreuter Engineering,Unknown,-,-,-,-,-,Warroad Airport,RRT,KRAD,United States of America,-,-,0,0,-,-,- (No safety board investigation)
20111121-0,Monday,21-NOV-2011,16:00,A1, Landing (LDG),Talcha Airport,Nepal,12,0, Substantial, Written off (damaged beyond repair),Cessna 208B Grand Caravan,1,Pratt & Whitney Canada PT6A-114A,1996,-,-, 9N-AJM, 208B0561, Makalu Air,Domestic Non Scheduled Passenger,-,Nepalganj Airport,KEP,VNNG,Nepal,-,-,-,-,3,9,0,0,-,-,-
20111123-0,Wednesday,23-NOV-2011,09:42,A1, Approach (APR),near Bilogai/Sugapa Airport (ZGP),Indonesia,2,1, Destroyed, Written off (damaged beyond repair),Cessna 208B Grand Caravan,1,Pratt & Whitney Canada PT6A-114A,2007,5375.0,4331.0, PK-VVG, 208B1308,Susi Air,Cargo,-,Nabire Airport,NBX,WABI,Indonesia,Bilogai/Sugapa Airport,ZGP,WAYB,Indonesia,2,0,1,0,-,-,Final
20111130-0,Wednesday,30-NOV-2011,15:27,A1, Approach (APR),6 km (3.8 mls) W of La Paz-El Alto Airport (LPB),Bolivia,7,0, Damaged beyond repair,-,Beechcraft 1900,-,-,1983,-,-, FAB-043, UA-3,Bolivian AF,Military,-,-,-,-,-,La Paz-El Alto Airport,LPB,SLLP,Bolivia,3,4,0,0,-,-,Preliminary
20111203-0,Saturday,03-DEC-2011,13:08,A2, Landing (LDG),Larat-Watidar Airport,Indonesia,22,0, Substantial,-,CASA/IPTN NC-212 Aviocar 200,2,Garrett TPE331-10-512C,1986,30064.0,26935.0, PK-NCZ, 274/79N,Merpati Nusantara,Domestic Scheduled Passenger,MZ9933,Langgur-Dumatubun Airport,LUV,WAPL,Indonesia,-,-,-,-,3,19,0,0,-,-,Preliminary - official
20111204-0,Sunday,04-DEC-2011,14:22,A1, Landing (LDG),Pointe Noire Airport (PNR),Congo,10,0, Substantial,-,Beechcraft A100 King Air,2,Pratt & Whitney Canada PT6A-34,1972,-,-, 9Q-CEM, B-105, Air Tropiques,Int'l Non Scheduled Passenger,-,Moanda Airport,MNB,FZAG,Democratic Republic of the Congo,Pointe Noire Airport,PNR,FCPP,Congo,2,8,0,0,-,-,Preliminary
20111208-0,Thursday,08-DEC-2011,19:15,A2, Taxi (TXI),"Atlanta Hartsfield-Jackson International Airport, GA (ATL)",United States of America,209,0, Substantial, Repaired,Boeing 757-351 (WL),2,Pratt & Whitney PW2040,2002,-,-, N583NW, 32983/1019,Delta Air Lines,Domestic Scheduled Passenger,DL787,Minneapolis-St. Paul International Airport,MSP,KMSP,United States of America,Atlanta Hartsfield-Jackson International Airport,ATL,KATL,United States of America,7,202,0,0,-,-,Final
20111208-1,Thursday,08-DEC-2011,19:15,A2, Taxi (TXI),"Atlanta Hartsfield-Jackson International Airport, GA (ATL)",United States of America,70,0, Substantial, Repaired,Boeing 737-732 (WL),2,CFMI CFM56-7B26,2008,-,-, N303DQ, 29688/2720,Delta Air Lines,Domestic Scheduled Passenger,DL2036,Key West International Airport,EYW,KEYW,United States of America,Atlanta Hartsfield-Jackson International Airport,ATL,KATL,United States of America,5,65,0,0,-,-,Final
20111212-0,Monday,12-DEC-2011,14:20,A1, Initial climb (ICL),Mingoro Village,Uganda,12,0, Destroyed, Written off (damaged beyond repair),Antonov An-2,-,-,-,-,-, registration unknown,-,Uganda Peoples Defence Force,Military,-,Arua Airport,RUA,HUAR,Uganda,-,-,-,-,3,9,0,0,-,-,Preliminary
20111213-0,Tuesday,13-DEC-2011,08:45,A2, Landing (LDG),Paris-Charles de Gaulle Airport (CDG),France,119,0, Substantial, Repaired,Airbus A319-111,2,CFMI CFM56-5B5/P,2001,-,-, F-GRHS, 1444,Air France,International Scheduled Passenger,AF2511,Hamburg-Fuhlsbüttel Airport,HAM,EDDH,Germany,Paris-Charles de Gaulle Airport,CDG,LFPG,France,5,114,0,0,-,-,Final
20111215-0,Thursday,15-DEC-2011,-,A1, Unknown (UNK),Jorhat-Rowriah Airport (JRH),India,-,0, Damaged beyond repair,-,Antonov An-32,-,-,1985,-,-, K2721, 0606,Indian AF,Military,-,-,-,-,-,-,-,-,-,-,-,0,0,-,-,-
20111217-0,Saturday,17-DEC-2011,12:30,A2, Landing (LDG),"Mesquite Airport, NV (MFH)",United States of America,2,0, Substantial, Repaired,Cessna 208 Caravan I,1,Pratt & Whitney Canada PT6A-114,1987,-,-, N275PM, 20800119,Spokane Turbine Skydiving,Parachuting,-,-,-,-,-,-,-,-,-,1,1,0,0,-,-,Final
20111218-0,Sunday,18-DEC-2011,10:32,A1, Landing (LDG),Walan Rabat Landing Zone,Afghanistan,7,0, Damaged beyond repair,-,PZL-Mielec C-145A (M28-05) Skytruck,2,Pratt & Whitney Canada PT6A-65B,2009,1273.0,1164.0, 08-0319, AJE 003-19,USAF,Military,-,-,-,-,-,-,-,-,-,3,4,0,0,-,-,Final
20111220-0,Tuesday,20-DEC-2011,17:13,A1, Landing (LDG),Yogyakarta-Adisutjipto Airport (JOG),Indonesia,137,0, Substantial, Written off (damaged beyond repair),Boeing 737-36M,2,CFMI CFM56-3C1,1996,21591.0,31281.0, PK-CKM, 28333/2810,Sriwijaya Air,Domestic Scheduled Passenger, 230,Jakarta-Soekarno-Hatta International Airport,CGK,WIII,Indonesia,Yogyakarta-Adisutjipto Airport,JOG,WARJ,Indonesia,6,131,0,0,-,-,Final
20111228-0,Wednesday,28-DEC-2011,12:46,A1, Landing (LDG),Osh Airport (OSS),Kyrgyzstan,88,0, Destroyed, Written off (damaged beyond repair),Tupolev Tu-134A-3,2,Soloviev D-30-III,1979,25326.0,41313.0, EX-020, 61042, Kyrgyzstan,Domestic Scheduled Passenger,   3,Bishkek-Manas International Airport,FRU,UAFM,Kyrgyzstan,Osh Airport,OSS,UAFO,Kyrgyzstan,6,82,0,0,-,-,Preliminary - official
20111228-1,Wednesday,28-DEC-2011,09:50,A1, Takeoff (TOF),"Fort Lauderdale Executive Airport, FL (FXE)",United States of America,8,0, Substantial, Written off (damaged beyond repair),Cessna 650 Citation VII,2,Garrett TFE731,1995,4490.0,5614.0, N877G, 650-7063,Citation 7063 Corp.,Private,-,Fort Lauderdale-Executive Airport,FXE,KFXE,United States of America,Teterboro Airport,TEB,KTEB,United States of America,2,6,0,0,-,-,Final
20119999-0,-,xx-xxx-2011,-,A1, Landing (LDG),Chita Airport (HTA),Russia,-,0, Substantial, Written off (damaged beyond repair),Antonov An-24RV,-,-,1974,-,-, RA-46683, 47309706,Katekavia,Unknown,-,-,-,-,-,Chita Airport,HTA,UIAA,Russia,-,-,0,0,-,-,- (No safety board investigation)
