identifiant,week_day,date,time,type_event,phase,location,country,total_occupants,total_fatalities,aircraft_damage,aircraft_fate,type_aircraft,number_engines,type_engines,first_flight,cycles,total_airframe_hours,registration,c_n_msn,operator,nature,flight_number,departure_airport_name,departure_airport_IATA,departure_airport_ICAO,departure_airport_country,destination_airport_name,destination_airport_IATA,destination_airport_ICAO,destination_airport_country,crew_number,passengers_number,crew_fatalities,passengers_fatalities,collision_casualties,ground_casualties,status
19661119-0,Saturday,19-NOV-1966,11:20,A1, Takeoff (TOF),Keflavík International Airport (KEF),Iceland,2,0, Substantial, Written off (damaged beyond repair),Curtiss C-46F-1-CU Commando,-,-,1945,-,-, N68966, 22492,Carolina Aircraft,Ferry/positioning,-,Keflavík International Airport,KEF,BIKF,Iceland,-,-,-,-,2,0,0,0,-,-,-
19661120-0,Sunday,20-NOV-1966,06:06,A1, Approach (APR),"5 km (3.1 mls) S of New Bern Airport, NC (EWN)",United States of America,3,3, Damaged beyond repair,-,Martin 4-0-4,-,-,-,-,-, N40406, 14170,Piedmont Airlines,Ferry/positioning,-,Wilmington-New Hanover County Airport,ILM,KILM,United States of America,New Bern-Simmons Nott Airport,EWN,KEWN,United States of America,3,0,3,0,-,-,-
19661120-1,Sunday,20-NOV-1966,-,A1, Unknown (UNK),19 km (11.9 mls) SW of Tuy Hoa,Vietnam,-,-, Damaged beyond repair,-,de Havilland Canada CV-2B Caribou (DHC-4),-,-,-,-,-, 62-4167, 105,US Army,Military,-,-,-,-,-,-,-,-,-,-,-,-,-,-,-,-
19661122-0,Tuesday,22-NOV-1966,-,C1, En route (ENR),Wadi Rabtah,Yemen,30,30, Damaged beyond repair,-,Douglas R4D-1 (DC-3),-,-,1942,-,-, VR-AAN, 4284,Aden Airways,Domestic Scheduled Passenger,-,-,-,-,-,Aden International Airport,ADE,ODAA,Yemen,3,27,3,27,-,-,-
19661122-1,Tuesday,22-NOV-1966,10:36,A1, Takeoff (TOF),"1,4 km (0.9 mls) NE of Alma-Ata Airport (ALA)",Kazakhstan,68,3, Damaged beyond repair,-,Ilyushin Il-18B,-,-,1958,4440.0,8407.0, CCCP-75665, 188000704,Aeroflot / Kazakstan,Domestic Scheduled Passenger, X-19,Alma-Ata Airport,ALA,UAAA,Kazakhstan,Semipalatinsk Airport,PLX,UASS,Kazakhstan,8,60,1,2,-,-,-
19661122-2,Tuesday,22-NOV-1966,20:14,A1, Approach (APR),"7,3 km (4.6 mls) W off  Pinder Point",Bahamas,2,1, Damaged beyond repair,-,de Havilland DH-125-1A/522,-,-,1966,-,-, N235KC, 25096,Kellogg,Illegal Flight,-,-,-,-,-,Freeport-Grand Bahama International Airport,FPO,MYGF,Bahamas,1,1,0,1,-,-,-
19661124-0,Thursday,24-NOV-1966,15:30,A1, En route (ENR),8 km (5 mls) NNW of Bratislava-Ivanka Airport (BTS),Slovakia,82,82, Destroyed, Written off (damaged beyond repair),Ilyushin Il-18V,4,Ivchenko AI-20K,1964,-,-, LZ-BEN, 184007101,TABSO,Domestic Scheduled Passenger,LZ101,Bratislava-Ivanka Airport,BTS,LZIB,Slovakia,Praha-Ruzyne International Airport,PRG,LKPR,Czech Republic,8,74,8,74,-,-,-
19661126-0,Saturday,26-NOV-1966,14:24,A1, Initial climb (ICL),"1,5 km (0.9 mls) from  La Pedrera Airport (LPD)",Colombia,13,12, Damaged beyond repair,-,Consolidated PBY-5A Catalina,-,-,-,-,-, FAC-621,-,SATENA,Domestic Non Scheduled Passenger,-,La Pedrera Airport,LPD,SKLP,Colombia,Leticia-Alfredo Vásquez Cobo Airport,LET,SKLT,Colombia,3,10,3,9,-,-,-
19661126-1,Saturday,26-NOV-1966,-,A1, Initial climb (ICL),Dau Tieng,Vietnam,37,0, Damaged beyond repair,-,Fairchild C-123B-17-FA Provider,-,-,-,-,-, 56-4367, 20251,USAF,Military,-,-,-,-,-,-,-,-,-,2,35,0,0,-,-,-
19661126-2,Saturday,26-NOV-1966,-,A1, Takeoff (TOF),"near Gulfport, MS",United States of America,2,2, Damaged beyond repair,-,Douglas DC-3,-,-,-,-,-, registration unknown,-,Unknown,Unknown,-,-,-,-,-,-,-,-,-,2,0,2,0,-,-,-
19661126-3,Saturday,26-NOV-1966,-,A1, Approach (APR),near Saigon-Tan Son Nhat International Airport (SGN),Vietnam,26,26, Damaged beyond repair,-,Douglas C-47D (DC-3),-,-,1945,-,-, 44-76574, 32906/16158,USAF,Military,-,Saigon-Tan Son Nhat International Airport,SGN,VVTS,Vietnam,-,-,-,-,-,-,-,-,-,-,-
19661129-0,Tuesday,29-NOV-1966,17:28,A1, Takeoff (TOF),"Harrisburg Airport, PA (HAR)",United States of America,16,0, Damaged beyond repair,-,Convair CV-440,-,-,1953,-,-, N3414,  45,Allegheny Airlines,Domestic Scheduled Passenger, 305,Harrisburg-York State Airport,HAR,KCXY,United States of America,Pittsburgh International Airport,PIT,KPIT,United States of America,4,12,0,0,-,-,Final
19661130-0,Wednesday,30-NOV-1966,-,A1, Unknown (UNK),Chachapoyas Airport (CHH),Peru,-,-, Damaged beyond repair,-,Douglas C-47B-15-DK (DC-3),2,Pratt & Whitney R-1830-90C,1944,-,-, OB-R-568, 26683/15238,SATCO,Unknown,-,-,-,-,-,-,-,-,-,-,-,-,-,-,-,-
19661206-0,Tuesday,06-DEC-1966,-,A1, Unknown (UNK),"near Olacaputos, SA",Argentina,3,0, Damaged beyond repair,-,Curtiss C-46A-25-CU Commando,2,Pratt & Whitney R-2800-51,1943,-,-, ZP-CAP, 26658,Germa Inc,Unknown,-,-,-,-,-,-,-,-,-,3,0,0,0,-,-,-
19661207-0,Wednesday,07-DEC-1966,-,A1, Unknown (UNK),Ariège,France,4,4, Damaged beyond repair,-,Nord 2501 Noratlas,2,Bristol Hercules 739,-,-,-, 59/F-RBHI, 59,French AF,Military,-,-,-,-,-,-,-,-,-,4,0,4,0,-,-,-
19661213-0,Tuesday,13-DEC-1966,-,A1, Unknown (UNK),at an unknown location,Unknown country,-,-, Damaged beyond repair,-,Douglas C-47D (DC-3),-,-,1944,-,-, 43-48949, 26210/14765,USAF,Military,-,-,-,-,-,-,-,-,-,-,-,-,-,-,-,-
19661218-0,Sunday,18-DEC-1966,02:55,A1, Approach (APR),Bogotá-Eldorado Airport (BOG),Colombia,59,17, Damaged beyond repair,-,Lockheed L-1649A Starliner,-,-,1957,-,-, N7301C, 1002,Aerocondor de Colombia,Int'l Non Scheduled Passenger,-,Miami International Airport,MIA,KMIA,United States of America,Bogotá-Eldorado Airport,BOG,SKBO,Colombia,7,52,4,13,-,-,-
19661218-1,Sunday,18-DEC-1966,11:40,A1, Maneuvering (MNV),near Zafarabad,Tajikistan,2,2, Damaged beyond repair,-,Antonov An-2R,-,-,1966,6722.0,2005.0, CCCP-46601, 1G46-10,Aeroflot / Tajikistan,Illegal Flight,-,-,-,-,-,-,-,-,-,2,0,2,0,-,-,-
19661220-0,Tuesday,20-DEC-1966,-,A1, En route (ENR),within Baja,Mexico,10,10, Missing, Presumed damaged beyond repair,Lockheed 18-56-23 Lodestar,-,-,1943,-,-, N2222B, 18-2558,Executive Aviation,Demonstration,-,San Diego International Airport,SAN,KSAN,United States of America,La Paz Airport,LAP,MMLP,Mexico,2,8,2,8,-,-,-
19661224-0,Saturday,24-DEC-1966,19:15,A1, Approach (APR),ca 1 km S of Da Nang Airport (DAD),Vietnam,4,4, Destroyed, Written off (damaged beyond repair),Canadair CL-44D4-1,4,Rolls-Royce Tyne 515,1962,-,-, N228SW, 31,Seaboard World,Cargo,-,-,-,-,-,Da Nang Airport,DAD,VVDN,Vietnam,4,0,4,0,-,107,-
19661224-1,Saturday,24-DEC-1966,04:30,A1, Approach (APR),Lake Texcoco,Mexico,109,0, Damaged beyond repair,-,Douglas DC-8-51,4,Pratt & Whitney JT3D-,1962,-,-, XA-NUS, 45633/162,Aeronaves de México,International Scheduled Passenger,-,New York-John F. Kennedy International Airport,JFK,KJFK,United States of America,Mexico City-Benito Juárez International Airport,MEX,MMMX,Mexico,10,99,0,0,-,-,-
19661224-2,Saturday,24-DEC-1966,10:00,A1, En route (ENR),Cerro Las Animas,Colombia,29,29, Damaged beyond repair,-,Douglas C-47A-80-DL (DC-3),2,Pratt & Whitney R-1830-92,1944,-,-, HK-161, 19630,Avianca,Domestic Scheduled Passenger,AV729,Bogotá-Eldorado Airport,BOG,SKBO,Colombia,Pasto-Antonio Nariño Airport,PSO,SKPS,Colombia,3,26,3,26,-,-,-
19661230-1,Friday,30-DEC-1966,17:19,A1, Takeoff (TOF),Saigon Airport (SGN),Vietnam,4,0, Damaged beyond repair,-,Douglas DC-7CF,-,-,1956,-,-, N4059K, 44926/695,Airlift Int.,Cargo,-,Saigon-Tan Son Nhat International Airport,SGN,VVTS,Vietnam,Manila International Airport,MNL,RPLL,Philippines,4,0,0,0,-,-,-
19669999-0,-,XX-XXX-1966,-,A1, Unknown (UNK),at an unknown location,Serbia,-,-, Damaged beyond repair,-,Antonov An-2R,-,-,-,-,-, YU-BBJ, 1G49-30,JAT Agricultural Aviation,Unknown,-,-,-,-,-,-,-,-,-,-,-,-,-,-,-,-
19669999-1,-,xx-xxx-1966,-,A1, Takeoff (TOF),Tyumen Airport (TJM),Russia,-,0, Damaged beyond repair,-,Antonov An-12,-,-,-,-,-, registration unknown, .901207,Soviet AF,Cargo,-,Tyumen Airport,TJM,USTR,Russia,-,-,-,-,-,-,0,0,-,-,-
19660101-0,Saturday,01-JAN-1966,-,A1, En route (ENR),near Palembang,Indonesia,17,17, Damaged beyond repair,-,Douglas C-47A-80-DL (DC-3),2,Pratt & Whitney R-1830-92,1944,-,-, PK-GDE, 19719,Garuda,Domestic Scheduled Passenger,-,-,-,-,-,Palembang Airport,PLM,WIPP,Indonesia,4,13,4,13,17,-,-
19660101-1,Saturday,01-JAN-1966,-,A1, En route (ENR),near Palembang,Indonesia,17,17, Damaged beyond repair,-,Douglas C-47A-25-DK (DC-3),2,Pratt & Whitney R-1830-92,1944,-,-, PK-GDU, 13463,Garuda,Domestic Scheduled Passenger,-,-,-,-,-,Palembang Airport,PLM,WIPP,Indonesia,4,13,4,13,17,-,-
19660101-2,Saturday,01-JAN-1966,05:30,A1, En route (ENR),60 km (37.5 mls) NW of Petropavlovsk-Kamchatsky,Russia,23,23, Destroyed, Written off (damaged beyond repair),Ilyushin Il-14P,-,-,1957,11356.0,12368.0, CCCP-61618, 602108,Aeroflot / Magadan,Domestic Scheduled Passenger,-,-,-,-,-,Petropavlovsk-Kamchatsky Airport,PKC,UHPP,Russia,5,18,5,18,-,-,-
19660104-0,Tuesday,04-JAN-1966,-,A1, Unknown (UNK),Tanh Linh Air Base,Vietnam,5,0, Damaged beyond repair,-,Fairchild C-123B-18-FA Provider,-,-,-,-,-, 56-4369, 20253,USAF,Military,-,-,-,-,-,-,-,-,-,5,0,0,0,-,-,-
19660104-1,Tuesday,04-JAN-1966,-,A1, Unknown (UNK),Hopsten Air Base,Germany,-,0, Damaged beyond repair,-,Douglas C-47B-25-DK (DC-3),-,-,1945,-,-, XA+118, 32728/15980,German AF,Military,-,-,-,-,-,-,-,-,-,-,-,0,0,-,-,-
19660106-0,Thursday,06-JAN-1966,-,C1, Approach (APR),ca 5 km E of Pleiku Airport (PXU),Vietnam,5,5, Destroyed, Written off (damaged beyond repair),Lockheed C-130B Hercules,4,Allison T56-A-7,1962,-,-, 61-0972, 3669,USAF,Military,-,Saigon-Tan Son Nhat International Airport,SGN,VVTS,Vietnam,Pleiku Airport,PXU,VVPK,Vietnam,5,0,5,0,-,-,-
19660106-1,Thursday,06-JAN-1966,-,A1, Unknown (UNK),at an unknown location,Unknown country,-,-, Damaged beyond repair,-,Antonov An-2T,-,-,1964,-,-, 5212, 1G52-12,Polish AF,Military,-,-,-,-,-,-,-,-,-,-,-,-,-,-,-,-
19660108-0,Saturday,08-JAN-1966,-,A1, En route (ENR),"near Scranton, PA",United States of America,3,2, Damaged beyond repair,-,Fairchild C-119C-25-FA Flying Boxcar,2,Pratt & Whitney R-4360-20WA,-,-,-, 51-2611, 10600,USAF,Military,-,Windsor Locks-Bradley International Airport,BDL,KBDL,United States of America,Binghamton Airport,BGM,KBGM,United States of America,3,0,2,0,-,1,-
19660109-0,Sunday,09-JAN-1966,-,A1, Landing (LDG),An Khe,Vietnam,5,0, Damaged beyond repair,-,Lockheed C-130B Hercules,4,Allison T56-A-7,1962,-,-, 61-0970, 3667,USAF,Military,-,Saigon-Tan Son Nhat International Airport,SGN,VVTS,Vietnam,-,-,-,-,5,0,0,0,-,-,-
19660109-1,Sunday,09-JAN-1966,-,A1, Unknown (UNK),near Saigon,Vietnam,2,0, Damaged beyond repair,-,Fairchild C-123B-9-FA Provider,-,-,-,-,-, 54-0676, 20125,USAF,Military,-,-,-,-,-,-,-,-,-,2,0,0,0,-,-,-
19660109-3,Sunday,09-JAN-1966,18:22,A1, En route (ENR),near Chipaque,Colombia,11,11, Damaged beyond repair,-,Douglas C-47 (DC-3),-,-,-,-,-, FAC-675,-,SATENA,Domestic Scheduled Passenger,-,Tame Airport,TME,SKTM,Colombia,Bogotá-Eldorado Airport,BOG,SKBO,Colombia,2,9,2,9,-,-,Preliminary
19660109-5,Sunday,09-JAN-1966,-,C1, En route (ENR),Taiwan Strait,Taiwan,3,0, Damaged beyond repair,-,Grumman HU-16A Albatross,-,-,-,-,-, 11021, G-24,Republic of China AF,Military,-,Matsu Airport,MFK,RCMT,Taiwan,-,-,-,-,3,0,0,0,-,-,-
19660113-0,Thursday,13-JAN-1966,-,A1, Maneuvering (MNV),An Khe,Vietnam,6,6, Damaged beyond repair,-,Fairchild C-123B-12-FA Provider,-,-,-,-,-, 55-4519, 20180,USAF,Military,-,-,-,-,-,-,-,-,-,6,0,6,0,1,-,-
19660113-1,Thursday,13-JAN-1966,-,A1, En route (ENR),Mount Helmos,Greece,10,6, Damaged beyond repair,-,Douglas C-47A-20-DK (DC-3),2,Pratt & Whitney R-1830-92,1944,-,-, 42-93090, 12963,USAF,Military,-,Izmir-Cigli Air Base,IGL,LTBL,Turkey,Napoli Airport,NAP,LIRN,Italy,-,-,-,-,-,-,-
19660114-0,Friday,14-JAN-1966,07:40,C1, Approach (APR),18 km (11.3 mls) N of Vi Thanh,Vietnam,3,0, Damaged beyond repair,-,Douglas C-47A-75-DL (DC-3),2,Pratt & Whitney R-1830-92,1944,-,-, B-929, 19496,Air America,Domestic Non Scheduled Passenger,-,Saigon-Tan Son Nhat International Airport,SGN,VVTS,Vietnam,-,-,-,-,2,1,0,0,-,-,-
19660114-1,Friday,14-JAN-1966,-,A1, En route (ENR),near Chkalovsky,Russia,8,8, Damaged beyond repair,-,Tupolev Tu-134,2,Soloviev D-20,1964,-,-, CCCP-45076, 0001,Tupolev,Test,-,-,-,-,-,-,-,-,-,-,-,-,-,-,-,-
19660114-2,Friday,14-JAN-1966,20:55,A1, Initial climb (ICL),"1,3 km (0.8 mls) off  Cartagena-Crespo Airport (CTG)",Colombia,64,56, Damaged beyond repair,-,Douglas C-54B-1-DO (DC-4),-,-,1944,-,-, HK-730, 18325,Avianca,Domestic Scheduled Passenger,AV4,Cartagena-Crespo Airport,CTG,SKCG,Colombia,Bogotá-Eldorado Airport,BOG,SKBO,Colombia,4,60,4,52,-,-,-
19660114-3,Friday,14-JAN-1966,15:07,A1, En route (ENR),"3,4 km (2.1 mls) from  Shamurat, Nurata district of the Samarkand region",Uzbekistan,11,11, Damaged beyond repair,-,Antonov An-2,-,-,1959,-,6885.0, CCCP-02185, 112247305,Aeroflot / Uzbekistan,Domestic Scheduled Passenger,330,-,-,-,-,Samarkand Airport,SKD,UTSS,Uzbekistan,2,9,2,9,-,-,-
19660117-0,Monday,17-JAN-1966,10:30,A1, En route (ENR),Palomares,Spain,4,4, Destroyed, Written off (damaged beyond repair),Boeing KC-135A Stratotanker,4,Pratt & Whitney J57-P,1961,-,1947.0, 61-0273, 18180/495,USAF,Military,-,Morón Air Base,OZP,LEMO,Spain,Morón Air Base,OZP,LEMO,Spain,4,0,4,0,3,-,-
19660120-0,Thursday,20-JAN-1966,-,A1, En route (ENR),between Douala and Yaoundé,Cameroon,3,3, Damaged beyond repair,-,Douglas R4D-1 (DC-3),-,-,1943,-,-, TL-KAA, 9124,Central African Republic AF,Military,-,Douala Airport,DLA,FKKD,Cameroon,Yaoundé-Ville Airport,YAO,FKKY,Cameroon,3,0,3,0,-,-,-
19660122-0,Saturday,22-JAN-1966,-,A1, Initial climb (ICL),near Duchity,Haiti,35,30, Damaged beyond repair,-,Douglas DC-3,-,-,-,-,-, N4662,-,COHATA,Domestic Scheduled Passenger,-,Les Cayes Airport,CYA,MTCA,Haiti,Jeremie Airport,JEE,MTJE,Haiti,7,28,7,23,-,-,-
19660124-0,Monday,24-JAN-1966,07:02,A1, En route (ENR),Mont Blanc,France,117,117, Destroyed, Written off (damaged beyond repair),Boeing 707-437,4,Rolls-Royce Conway 508,1961,-,16188.0, VT-DMN, 18055/200,Air-India,International Scheduled Passenger, 101,Beirut International Airport,BEY,OLBA,Lebanon,Genève-Cointrin Airport,GVA,LSGG,Switzerland,11,106,11,106,-,-,Final
19660125-0,Tuesday,25-JAN-1966,-,A1, En route (ENR),9 km (5.6 mls) E of An Khe,Vietnam,46,46, Damaged beyond repair,-,Fairchild C-123K Provider,-,-,-,-,-, 54-0702, 20151,USAF,Military,-,-,-,-,-,-,-,-,-,4,42,4,42,-,-,-
19660126-0,Wednesday,26-JAN-1966,20:00,A1, Taxi (TXI),"New York-John F. Kennedy International Airport, NY (JFK)",United States of America,-,0, Damaged beyond repair,-,Lockheed L-1049G Super Constellation,-,-,1955,-,-, N7115C, 4596,TWA,Unknown,-,-,-,-,-,-,-,-,-,-,-,0,0,-,-,-
19660127-0,Thursday,27-JAN-1966,-,A1, Landing (LDG),"5 km (3.1 mls) S of Río Cuarto, CD",Argentina,4,0, Damaged beyond repair,-,Curtiss C-46A-40-CU Commando,2,Pratt & Whitney R-2800-51,1944,-,-, LV-GFW, 26961,Aerovías Halcón,Cargo,-,Río Gallegos Internacional Airport,RGL,SAWG,Argentina,-,-,-,-,4,0,0,0,-,-,-
19660127-1,Thursday,27-JAN-1966,-,O1, Standing (STD),Atsugi NAS (NJA),Japan,0,0, Damaged beyond repair,-,Lockheed EC-121M Super Constellation,-,-,1954,-,6555.0, 135751, 4318,US Navy,Military,-,-,-,-,-,-,-,-,-,0,0,0,0,-,-,-
19660128-0,Friday,28-JAN-1966,17:50,A1, Approach (APR),"0,5 km (0.3 mls) SW of Bremen Airport (BRE)",Germany,46,46, Damaged beyond repair,-,Convair CV-440-0,-,-,1958,-,13871.0, D-ACAT, 464,Lufthansa,Domestic Scheduled Passenger,LH005,Frankfurt International Airport,FRA,EDDF,Germany,Bremen Airport,BRE,EDDW,Germany,4,42,4,42,-,-,Final
19660130-0,Sunday,30-JAN-1966,-,A1, En route (ENR),near Bolshaya Viska,Ukraine,6,1, Damaged beyond repair,-,Antonov An-2R,-,-,1965,1985.0,496.0, CCCP-02851, 1G55-36,Aeroflot,Training,-,-,-,-,-,-,-,-,-,6,0,1,0,-,-,-
19660201-0,Tuesday,01-FEB-1966,-,C1, En route (ENR),"64 km (40 mls) E off  Dong Hoi, Vietnam [Gulf of Tonkin]",Pacific Ocean,6,6, Destroyed, Written off (damaged beyond repair),Lockheed KC-130F Hercules,-,-,1962,-,-, 149809, 3709,USMC,Military,-,Da Nang Airport,DAD,VVDN,Vietnam,Da Nang Airport,DAD,VVDN,Vietnam,6,0,6,0,-,-,-
19660202-0,Wednesday,02-FEB-1966,-,A1, Landing (LDG),Ross Ice Shelf,Antarctica,6,6, Damaged beyond repair,-,Douglas LC-47J,-,-,1945,-,-, 50832, 26383/14938,US Navy,Military,-,-,-,-,-,-,-,-,-,6,0,6,0,-,-,-
19660202-2,Wednesday,02-FEB-1966,-,A1, Unknown (UNK),Luxor,Egypt,-,-, Damaged beyond repair,-,Antonov An-24V,-,-,1965,-,-, SU-AOB, 57302101,UAA,Test,-,Luxor Airport,LXR,HELX,Egypt,-,-,-,-,-,-,-,-,-,-,-
19660203-0,Thursday,03-FEB-1966,-,C1, En route (ENR),16 km (10 mls) from  Khe Sanh,Vietnam,4,4, Missing, Presumed damaged beyond repair,Fairchild C-123B-13-FA Provider,-,-,-,-,-, 55-4537, 20198,USAF,Military,-,-,-,-,-,-,-,-,-,4,0,4,0,-,-,-
19660204-0,Friday,04-FEB-1966,19:00,A1, Approach (APR),12 km (7.5 mls) ESE off  Tokyo-Haneda Airport (HND) [Tokyo Bay],Japan,133,133, Destroyed, Written off (damaged beyond repair),Boeing 727-81,3,Pratt & Whitney JT8D-7,1965,-,-, JA8302, 18822/126,All Nippon,Domestic Scheduled Passenger,  60,Sapporo-Chitose Airport,CTS,RJCC,Japan,Tokyo-Haneda Airport,HND,RJTT,Japan,7,126,7,126,-,-,-
19660207-0,Monday,07-FEB-1966,11:55,A1, En route (ENR),Banihall Pass,India,37,37, Destroyed, Written off (damaged beyond repair),Fokker F-27 Friendship 200,-,-,1965,1280.0,1930.0, PH-SAB, 10271,Schreiner Airways,Domestic Scheduled Passenger,-,Srinagar Airport,SXR,VISR,India,Jammu-Satwari Airport,IXJ,VIJU,India,4,33,4,33,-,-,Final
19660212-0,Saturday,12-FEB-1966,-,A1, En route (ENR),28 km (17.5 mls) SE of Granada,Spain,8,8, Destroyed, Written off (damaged beyond repair),Douglas C-124C Globemaster II,4,Pratt & Whitney R-4360-20WA,-,-,-, 52-0980, 43889,USAF,Military,-,Morón Air Base,OZP,LEMO,Spain,Murcia-San Javier Airport,MJV,LELC,Spain,8,0,8,0,-,-,-
19660215-0,Tuesday,15-FEB-1966,-,A1, Approach (APR),Delhi-Palam Airport (DEL),India,80,2, Damaged beyond repair,-,Sud Aviation SE-210 Caravelle VI-N,-,-,1963,-,5411.0, VT-DPP, 130,Indian Airlines,Domestic Scheduled Passenger,-,Calcutta Airport,CCU,VECC,India,Delhi-Palam Airport,DEL,VIDP,India,7,73,0,2,-,-,-
19660215-1,Tuesday,15-FEB-1966,-,A1, Unknown (UNK),Gansu Province,China,2,0, Damaged beyond repair,-,Shijiazhuang Y-5,-,-,-,-,-, 18152,-,CAAC,Unknown,-,-,-,-,-,-,-,-,-,2,0,0,0,-,-,Preliminary
19660216-0,Wednesday,16-FEB-1966,16:35,A1, En route (ENR),40 km (25 mls) N of Pechora,Russia,26,26, Damaged beyond repair,-,Ilyushin Il-14M,-,-,1957,-,17157.0, CCCP-52058, 7343609,Aeroflot / Komi,Domestic Scheduled Passenger, 302,Vorkuta Airport,VKT,UUYW,Russia,Syktyvkar Airport,SCW,UUYY,Russia,8,18,8,18,-,-,-
19660217-0,Thursday,17-FEB-1966,-,A1, Takeoff (TOF),Moskva-Sheremetyevo Airport (SVO),Russia,48,21, Damaged beyond repair,-,Tupolev Tu-114D,4,Kuznetsov NK-12MV,1958,-,-, CCCP-76491, 64M472,Aeroflot / International,International Scheduled Passenger,-,Moskva-Sheremetyevo Airport,SVO,UUEE,Russia,Conakry Airport,CKY,DGCY,Guinea,13,35,-,-,-,-,-
19660218-0,Friday,18-FEB-1966,02:04,A1, Approach (APR),near Milan-Malpensa,Italy,4,4, Damaged beyond repair,-,Douglas DC-6B,4,Pratt & Whitney R-2800,1953,-,-, OO-ABG, 43829/351,BIAS,Cargo,-,Brussel-Zaventem Airport,BRU,EBBR,Belgium,Milano-Malpensa Airport,MXP,LIMC,Italy,3,1,3,1,-,-,-
19660222-0,Tuesday,22-FEB-1966,-,A1, Landing (LDG),at an unknown location,Mexico,-,0, Damaged beyond repair,-,Curtiss C-46D-5-CU Commando,-,-,1944,-,-, XA-LOS, 32693,Aerocarga Especializada,Unknown,-,-,-,-,-,-,-,-,-,-,-,0,0,-,-,-
19660223-0,Wednesday,23-FEB-1966,-,A1, Unknown (UNK),near Rioja,Peru,3,3, Damaged beyond repair,-,Curtiss C-46D-15-CU Commando,-,-,1945,-,-, OB-R-606, 33477,Trans-Peruana,Cargo,-,Chiclayo-Capitan FAP Jose Abelardo Quiñones Airport,CIX,SPHI,Peru,Rioja Airport,RIJ,SBJA,Peru,3,0,3,0,-,-,-
19660223-1,Wednesday,23-FEB-1966,-,A1, Unknown (UNK),at an unknown location,Unknown country,-,-, Damaged beyond repair,-,Douglas C-47D (DC-3),-,-,1944,-,-, 43-48297, 25558/14113,USAF,Military,-,-,-,-,-,-,-,-,-,-,-,-,-,-,-,-
19660224-0,Thursday,24-FEB-1966,13:57,A1, Takeoff (TOF),"Des Moines Airport, IA (DSM)",United States of America,6,0, Damaged beyond repair,-,Hawker Siddeley DH-125-1A,-,-,1965,-,-, N1135K, 25019,Kewitt Construction Company,Executive,-,Des Moines Airport,DSM,KDSM,United States of America,Omaha-Eppley Airfield,OMA,KOMA,United States of America,2,4,0,0,-,-,Final
19660226-0,Saturday,26-FEB-1966,-,A1, En route (ENR),Mys Nalycheva,Russia,3,3, Damaged beyond repair,-,Antonov An-2,-,-,1961,-,2711.0, CCCP-79910, 116647302,Aeroflot / Far East,Survey/research,-,-,-,-,-,-,-,-,-,2,1,2,1,-,-,-
19660301-0,Tuesday,01-MAR-1966,-,A1, Taxi (TXI),"Miami, FL",United States of America,-,0, Damaged beyond repair,-,Douglas DC-7B,-,-,1957,-,-, HC-AIP, 45194/791,AREA Ecuador,Unknown,-,-,-,-,-,-,-,-,-,-,-,0,0,-,-,-
19660302-0,Wednesday,02-MAR-1966,-,A1, Unknown (UNK),"16 km (10 mls) W of Golubichnoye, Khabarovsk region",Russia,2,2, Damaged beyond repair,-,Antonov An-2,-,-,1961,-,4792.0, CCCP-79860, 116347302,Aeroflot / Far East,Training,-,-,-,-,-,-,-,-,-,2,0,2,0,-,-,-
19660304-0,Friday,04-MAR-1966,20:15,A1, Approach (APR),Tokyo-Haneda Airport (HND),Japan,72,64, Damaged beyond repair,-,Douglas DC-8-43,4,Rolls-Royce Conway 508-12,1965,-,1792.0, CF-CPK, 45761/237,Canadian Pacific,International Scheduled Passenger, 402,Hong Kong-Kai Tak International Airport,HKG,VHHH,Hong Kong,Tokyo-Haneda Airport,HND,RJTT,Japan,10,62,10,54,-,-,Final
19660305-1,Saturday,05-MAR-1966,14:15,A1, En route (ENR),Mount Fuji,Japan,124,124, Destroyed, Written off (damaged beyond repair),Boeing 707-436,4,Rolls-Royce Conway 508,1960,6744.0,19523.0, G-APFE, 17706/113,BOAC,International Scheduled Passenger, 911,Tokyo-Haneda Airport,HND,RJTT,Japan,Hong Kong-Kai Tak International Airport,HKG,VHHH,Hong Kong,11,113,11,113,-,-,Final
19660306-1,Sunday,06-MAR-1966,09:45,A1, Unknown (UNK),SW off Callao,Peru,5,0, Damaged beyond repair,-,Lockheed L-1049 Super Constellation,-,-,1952,-,-, N6901C, 4015,LAPA,Ferry/positioning,-,Lima-Callao International Airport,LIM,SPIM,Peru,Asunción-Silvio Pettirossi International Airport,ASU,SGAS,Paraguay,5,0,0,0,-,-,-
19660306-2,Sunday,06-MAR-1966,-,A1, Landing (LDG),Bunia Airport (BUX),Democratic Republic of the Congo,3,0, Damaged beyond repair,-,Curtiss C-46A-30-CU Commando,2,Pratt & Whitney R-2800-51,1943,-,-, SE-CFG, 26710,Transair Sweden,Cargo,-,-,-,-,-,-,-,-,-,3,0,0,0,-,-,-
19660309-0,Wednesday,09-MAR-1966,13:00,C1, Maneuvering (MNV),8 km (5 mls) from  A Shau Special Forces Camp,Vietnam,6,0, Damaged beyond repair,-,Douglas AC-47D Spooky,2,Pratt & Whitney R-1830-90,1945,-,-, 44-76290, 32622/15874,USAF,Military,-,Da Nang Airport,DAD,VVDN,Vietnam,Da Nang Airport,DAD,VVDN,Vietnam,6,0,0,0,-,-,-
19660310-1,Thursday,10-MAR-1966,-,A1, En route (ENR),Mt Parnon,Greece,5,5, Destroyed, Written off (damaged beyond repair),Douglas DC-6A,-,-,1958,-,-, OD-AEL, 45504/1009,TMA,Cargo,-,Beirut International Airport,BEY,OLBA,Lebanon,Frankfurt International Airport,FRA,EDDF,Germany,5,0,5,0,-,-,-
19660313-0,Sunday,13-MAR-1966,-,C1, En route (ENR),near A Roh,Vietnam,7,7, Missing, Presumed damaged beyond repair,Douglas AC-47D Spooky,2,Pratt & Whitney R-1830-90,1944,-,-, 43-49268, 26529/15084,USAF,Military,-,Da Nang Airport,DAD,VVDN,Vietnam,Da Nang Airport,DAD,VVDN,Vietnam,7,0,7,0,-,-,-
19660314-0,Monday,14-MAR-1966,-,C1, Standing (STD),off Haiphong,Vietnam,6,2, Destroyed, Written off (damaged beyond repair),Grumman HU-16B Albatross,-,-,-,-,-, 51-071, G-151,USAF,Military,-,-,-,-,-,-,-,-,-,6,0,2,0,-,-,Preliminary
19660318-0,Friday,18-MAR-1966,18:40,A1, Approach (APR),5 km (3.1 mls) NE of Cairo International Airport (CAI),Egypt,30,30, Damaged beyond repair,-,Antonov An-24V,-,-,1965,-,-, SU-AOA, 57302009,UAA,International Scheduled Passenger, 749,Nicosia Airport,NIC,LCNC,Cyprus,Cairo International Airport,CAI,HECA,Egypt,5,25,5,25,-,-,-
19660319-0,Saturday,19-MAR-1966,14:00,A1, Approach (APR),"Lake Michigan, MI",United States of America,2,0, Damaged beyond repair,-,Learjet 23,-,-,-,-,-, N316M, 23-061,Mutual Benefit Health & Accident,Executive,-,-,-,-,-,Chicago-Merrill C Meigs Field,CGX,KCGX,United States of America,2,0,0,0,-,-,Final
19660320-0,Sunday,20-MAR-1966,-,A1, Unknown (UNK),near Asunción,Paraguay,2,2, Damaged beyond repair,-,Curtiss C-46F-1-CU Commando,-,-,1945,-,-, N1245N, 22473,Servicios Americanos,Cargo,-,Asunción-Silvio Pettirossi Airport,ASU,SGAS,Paraguay,Montevideo-Carrasco Airport,MVD,SUMU,Uruguay,2,0,2,0,-,-,-
19660320-1,Sunday,20-MAR-1966,01:30,A1, En route (ENR),50 km (31.3 mls) NW of Bardufoss Airport (BDU),Norway,7,7, Destroyed, Written off (damaged beyond repair),Lockheed C-130B Hercules,4,Allison T56-A-7,1962,-,-, 61-2641, 3677,USAF,Military,-,Evreux Airport,EVX,LFOE,France,Bardufoss Airport,BDU,ENDU,Norway,7,0,7,0,-,-,-
19660321-0,Monday,21-MAR-1966,15:25,A1, Landing (LDG),"Norfolk-NAS Chambers, VA (NGU)",United States of America,6,0, Damaged beyond repair,-,Canadair CL-44D4-2,4,Rolls-Royce Tyne 515,1961,-,-, N453T, 22,Flying Tiger Line,Cargo,6303,Indianapolis-Weir Cook Municipal Airport,IND,KIND,United States of America,Norfolk NAS Chambers,NGU,KNGU,United States of America,6,0,0,0,-,-,Final
19660325-0,Friday,25-MAR-1966,-,A1, Unknown (UNK),at an unknown location,Unknown country,-,-, Damaged beyond repair,-,de Havilland Canada DHC-3 Otter,-,-,1954,-,-, 3678, 36,RCAF,Military,-,-,-,-,-,-,-,-,-,-,-,-,-,-,-,-
19660326-0,Saturday,26-MAR-1966,-,A1, Landing (LDG),Tuy Hoa (TBB),Vietnam,6,0, Damaged beyond repair,-,Lockheed C-130A Hercules,-,-,1957,-,-, 56-0506, 3114,USAF,Military,-,-,-,-,-,Tuy Hoa Airport,TBB,VVTH,Vietnam,6,0,0,0,-,-,-
19660326-1,Saturday,26-MAR-1966,-,A1, En route (ENR),northeastern Laos,Laos,7,-, Damaged beyond repair,-,Douglas C-47A-85-DL (DC-3),2,Pratt & Whitney R-1830-92,1944,-,-, L2-18/00, 20053,Thai AF,Military,-,Chiang Mai International Airport,CNX,VTCC,Thailand,Udorn Royal Thai Air Force Base,UTH,VTUD,Thailand,-,-,-,-,-,-,Preliminary
19660327-0,Sunday,27-MAR-1966,-,H2, En route (ENR),Havana-José Martí International Airport (HAV),Cuba,-,2, Unknown,-,Ilyushin Il-18B,-,-,-,-,-, CU-T831, 182005202,Cubana,Domestic Scheduled Passenger,-,Santiago-Antonio Maceo Airport,SCU,MUCU,Cuba,Havana-José Martí International Airport,HAV,MUHA,Cuba,-,-,2,0,-,-,-
19660328-0,Monday,28-MAR-1966,-,A1, Unknown (UNK),Playa de Bibijagua,Cuba,6,6, Damaged beyond repair,-,Antonov An-2,-,-,-,-,-, registration unknown,-,Unknown,Ambulance,-,Nueva Gerona Airport,GER,MUNG,Cuba,Havana-José Martí International Airport,HAV,MUHA,Cuba,-,-,-,-,-,-,-
19660329-0,Tuesday,29-MAR-1966,-,A1, Approach (APR),near Pleiku Airport (PXU),Vietnam,5,3, Damaged beyond repair,-,Lockheed C-130B Hercules,4,Allison T56-A-7,1961,-,-, 61-0953, 3630,USAF,Military,-,-,-,-,-,Pleiku Airport,PXU,VVPK,Vietnam,5,0,3,0,-,-,-
19660401-0,Friday,01-APR-1966,-,A2, Taxi (TXI),Guwahati-Borjhar Airport (GAU),India,11,0, Substantial, Repaired,Vickers 779D Viscount,4,Rolls-Royce Dart 510,1957,-,-, VT-DOD, 247,Indian Airlines,Domestic Scheduled Passenger,-,-,-,-,-,-,-,-,-,2,9,0,0,-,-,Final
19660401-1,Friday,01-APR-1966,14:45,A1, Landing (LDG),"Litchfield Park Airport, AZ",United States of America,2,0, Damaged beyond repair,-,Douglas TC-47K (DC-3),-,-,1945,-,-, N91375, 33180/16432,private,Ferry/positioning,-,Goodyear-Litchfield Park NAS,GYR,KGYR,United States of America,-,-,-,-,2,0,0,0,-,-,-
19660409-0,Saturday,09-APR-1966,19:25,A1, En route (ENR),"300 km (187.5 mls) S off  San Diego-North Island NAS, CA (NZY), USA",Pacific Ocean,11,11, Damaged beyond repair,-,Lockheed P-3A Orion,-,-,1965,-,-, 152171, 185-5141,US Navy,Military,-,Mountain View-Moffett Field,NUQ,KNUQ,United States of America,Mountain View-Moffett Field,NUQ,KNUQ,United States of America,11,0,11,0,-,-,-
19660413-0,Wednesday,13-APR-1966,-,C1, Standing (STD),Saigon-Tan Son Nhut Airport (SGN),Vietnam,0,0, Destroyed, Written off (damaged beyond repair),Fairchild C-123B-19-FA Provider,-,-,-,-,-, 56-4382, 20266,USAF,Military,-,-,-,-,-,-,-,-,-,0,0,0,0,-,-,-
19660414-1,Thursday,14-APR-1966,-,A1, Landing (LDG),Beauvais-Tillé Airport (BVA),France,59,0, Damaged beyond repair,-,Airspeed AS.57 Ambassador 2,2,Bristol Centaurus 661,1952,-,-, G-ALZX, 5220,Dan-Air Services,Int'l Non Scheduled Passenger,-,-,-,-,-,Beauvais-Tillé Airport,BVA,LFOB,France,4,55,0,0,-,-,-
19660415-0,Friday,15-APR-1966,-,A1, En route (ENR),"North Battleford, SK",Canada,-,0, Damaged beyond repair,-,Lockheed CC-130B Hercules,-,-,1960,-,-, 10304, 3590,RCAF,Military,-,-,-,-,-,-,-,-,-,-,-,0,0,-,-,-
19660416-0,Saturday,16-APR-1966,-,A1, Takeoff (TOF),Skopje Airport (SKP),North Macedonia,-,-, Damaged beyond repair,-,Douglas DC-3C,-,-,1944,-,-, YU-ABG, 25480/14035,JAT,Unknown,-,Skopje Airport,SKP,LWSK,North Macedonia,-,-,-,-,-,-,-,-,-,-,-
19660417-0,Sunday,17-APR-1966,-,A1, Maneuvering (MNV),Sam Neua,Laos,2,2, Damaged beyond repair,-,Douglas C-47A-90-DL (DC-3),2,Pratt & Whitney R-1830-92,1944,-,-, N8744R, 20156,Continental Air Services,Cargo,-,-,-,-,-,-,-,-,-,2,0,2,0,-,-,-
19660417-1,Sunday,17-APR-1966,-,A1, Takeoff (TOF),"Belleville-Scott AFB, IL (BLV)",United States of America,3,0, Damaged beyond repair,-,Fairchild C-119CF-FA Flying Boxcar,-,-,-,-,-, 51-8019, 10762,USAF,Military,-,Belleville-Scott AFB,BLV,KBLV,United States of America,Belleville-Scott AFB,BLV,KBLV,United States of America,3,0,0,0,-,-,-
19660420-0,Wednesday,20-APR-1966,-,A1, Unknown (UNK),"Porto Nacional Airport, TO (PNB)",Brazil,-,0, Damaged beyond repair,-,Douglas C-47B-45-DK (DC-3),-,-,1945,-,-, PP-VAY, 34276/17013,Varig,Unknown,-,-,-,-,-,Porto Nacional Airport,PNB,SBPN,Brazil,-,-,0,0,-,-,-
19660422-0,Friday,22-APR-1966,20:30,A1, Approach (APR),"2,4 km (1.5 mls) NE of Ardmore Municipal Airport, OK (ADM)",United States of America,98,83, Destroyed, Written off (damaged beyond repair),Lockheed L-188C Electra,4,Allison 501-D13A,1961,-,4019.0, N183H, 1136,American Flyers,Domestic Non Scheduled Passenger, 280/D,Monterey Peninsula Airport,MRY,KMRY,United States of America,Ardmore Municipal Airport,ADM,KADM,United States of America,5,93,5,78,-,-,Final
19660423-0,Saturday,23-APR-1966,12:38,A1, En route (ENR),"2,4 km (1.5 mls) SW of Clarendon, TX",United States of America,2,2, Damaged beyond repair,-,Learjet 23,-,-,-,-,-, N235R, 23-032,Rexall Drug & Chemical Company,Training,-,Amarillo International Airport,AMA,KAMA,United States of America,-,-,-,-,2,0,2,0,-,-,Final
19660423-1,Saturday,23-APR-1966,08:03,A1, En route (ENR),ca 18 km S off Boyuk Zira,Azerbaijan,33,33, Damaged beyond repair,-,Ilyushin Il-14,-,-,1956,-,16257.0, CCCP-61772, 146000310,Aeroflot / Azerbaijan,Domestic Scheduled Passenger,2723,Baku-Bina International Airport,BAK,UBBB,Azerbaijan,Makhachkala Airport,MCX,URML,Russia,5,28,5,28,-,-,-
19660423-2,Saturday,23-APR-1966,-,A1, En route (ENR),12 km (7.5 mls) E of Labinsk,Russia,3,3, Damaged beyond repair,-,Antonov An-2R,-,-,1965,-,1041.0, CCCP-02807, 1G54-12,Aeroflot / North Kavkaz,Agricultural,-,-,-,-,-,-,-,-,-,2,1,2,1,-,-,-
19660423-4,Saturday,23-APR-1966,-,A1, En route (ENR),"1,8 km (1.1 mls) E of Hope Slide, BC",Canada,6,5, Damaged beyond repair,-,Grumman CSR-110 Albatross (HU-16B),-,-,-,-,-, 9302, G-450,RCAF,Military,-,Comox Airport,YQQ,CYQQ,Canada,Williams Lake Airport,YWL,CYWL,Canada,-,-,-,-,-,-,-
19660425-0,Monday,25-APR-1966,-,A1, Landing (LDG),Nagpur Airport (NAG),India,3,0, Substantial, Written off (damaged beyond repair),Douglas C-47A-1-DK (DC-3),2,Pratt & Whitney R-1830-92,1943,-,-, VT-DDR, 12070,Indian Airlines,Domestic Scheduled Passenger,-,-,-,-,-,Nagpur-Sonegaon Airport,NAG,VANP,India,3,0,0,0,-,-,Final
19660427-0,Wednesday,27-APR-1966,08:05,A1, En route (ENR),Mount Talaula,Peru,49,49, Damaged beyond repair,-,Lockheed L-749A Constellation,-,-,1947,-,48799.0, OB-R-771, 2521,LANSA,Domestic Scheduled Passenger, 501,Lima-Jorge Chávez International Airport,LIM,SPIM,Peru,Cuzco-Velazco Astete Airport,CUZ,SPZO,Peru,6,43,6,43,-,-,Final
19660427-1,Wednesday,27-APR-1966,-,U1, Unknown (UNK),at an unknown location,Unknown country,-,-, Damaged beyond repair,-,Douglas C-47A-30-DK (DC-3),2,Pratt & Whitney R-1830-92,1944,-,-, 47985, 25245/13801,French AF,Military,-,-,-,-,-,-,-,-,-,-,-,-,-,-,-,-
19660428-0,Thursday,28-APR-1966,03:45,A1, Takeoff (TOF),Kon Tum Airfield,Vietnam,-,0, Damaged beyond repair,-,Curtiss C-46D-20-CU Commando,-,-,1945,-,-, CA-1, 22367,China Airlines,Unknown,-,-,-,-,-,-,-,-,-,-,-,0,0,-,2,-
19660504-0,Wednesday,04-MAY-1966,-,A1, Landing (LDG),El Adem RAF Station,Libya,-,0, Damaged beyond repair,-,Handley Page Hastings C.1,-,-,-,-,-, TG575, HP67/66,RAF,Military,-,-,-,-,-,-,-,-,-,-,-,0,0,-,-,-
19660506-0,Friday,06-MAY-1966,-,A1, Unknown (UNK),Gradnitsa,Bulgaria,2,2, Damaged beyond repair,-,Antonov An-2,-,-,-,-,-, LZ-...,-,Unknown,Unknown,-,-,-,-,-,-,-,-,-,2,0,2,0,-,-,-
19660510-0,Tuesday,10-MAY-1966,-,A1, Maneuvering (MNV),"Cai Cai Camp, Kien Tuong Province",Vietnam,4,2, Damaged beyond repair,-,de Havilland Canada CV-2B Caribou (DHC-4),-,-,-,-,-, 62-4165, 103,US Army,Military,-,-,-,-,-,-,-,-,-,4,0,2,0,-,-,-
19660511-1,Wednesday,11-MAY-1966,18:10,A1, En route (ENR),Apolima Strait,Samoa,3,3, Damaged beyond repair,-,Douglas R4D-5 (DC-3),-,-,1944,-,-, 5W-FAB, 25441/13996,Polynesian Airlines,Training,-,Apia-Faleolo Airport,APW,NSFA,Samoa,Apia-Faleolo Airport,APW,NSFA,Samoa,3,0,3,0,-,-,-
19660515-0,Sunday,15-MAY-1966,-,C1, En route (ENR),16 km (10 mls) SE of Ban Hai,Laos,10,10, Damaged beyond repair,-,Douglas AC-47D Spooky,2,Pratt & Whitney R-1830-90,1944,-,-, 43-49546, 26807/15362,USAF,Military,-,Ubon Ratchathani RTAFB,UBP,VTUU,Thailand,Ubon Ratchathani RTAFB,UBP,VTUU,Thailand,10,0,10,0,-,-,-
19660517-0,Tuesday,17-MAY-1966,21:45,A1, Landing (LDG),"Amarillo AFB, TX (AMA)",United States of America,5,5, Destroyed, Written off (damaged beyond repair),Boeing KC-135A Stratotanker,4,Pratt & Whitney J57-P,1958,-,3482.0, 57-1424, 17495/104,USAF,Military,-,Amarillo AFB,AMA,KAMA,United States of America,Amarillo AFB,AMA,KAMA,United States of America,4,1,4,1,-,-,-
19660517-1,Tuesday,17-MAY-1966,-,C1, En route (ENR),near Vinh Thanh,Vietnam,5,5, Damaged beyond repair,-,Fairchild C-123B-13-FA Provider,-,-,-,-,-, 55-4534, 20195,USAF,Military,-,Nha Trang Airport,NHA,VVNT,Vietnam,Nha Trang Airport,NHA,VVNT,Vietnam,5,0,5,0,-,-,-
19660518-0,Wednesday,18-MAY-1966,17:40,A1, Landing (LDG),"Denver-Stapleton International Airport, CO (DEN)",United States of America,4,0, Damaged beyond repair,-,Douglas DC-7,-,-,1957,-,-, N6339C, 45153/822,United Airlines,Training,-,-,-,-,-,Denver-Stapleton International Airport,DEN,KDEN,United States of America,4,0,0,0,-,-,Final
19660518-1,Wednesday,18-MAY-1966,-,U1, Unknown (UNK),at an unknown location,Unknown country,-,-, Damaged beyond repair,-,CASA 352 (Junkers Ju-52),-,-,-,-,-, T.2B-266, 157,Spanish AF,Military,-,-,-,-,-,-,-,-,-,-,-,-,-,-,-,-
19660518-2,Wednesday,18-MAY-1966,14:30,A1, Approach (APR),"6,4 km (4 mls) S of San Diego-North Island NAS, CA (NZY)",United States of America,7,0, Damaged beyond repair,-,Lockheed P-2H Neptune,-,-,-,-,-, 147953, 726-7203,US Navy,Military,-,-,-,-,-,San Diego-North Island NAS,NZY,KNZY,United States of America,7,0,0,0,-,-,-
19660519-0,Thursday,19-MAY-1966,12:00,A1, Takeoff (TOF),Okinawa-Kadena AFB (DNA),Japan,11,11, Destroyed, Written off (damaged beyond repair),Boeing KC-135A Stratotanker,4,Pratt & Whitney J57-P,1958,-,3387.0, 57-1444, 17515/124,USAF,Military,-,Okinawa-Kadena AFB,DNA,RODN,Japan,Tokyo-Yokota AFB,OKO,RJTY,Japan,5,6,5,6,-,1,-
19660531-0,Tuesday,31-MAY-1966,-,C1, En route (ENR),"ca 35 km from Thanh Hoa Bridge, Song Ma River",Vietnam,8,8, Damaged beyond repair,-,Lockheed C-130E Hercules,-,-,1964,-,-, 64-0511, 3995,USAF,Military,-,Da Nang Airport,DAD,VVDN,Vietnam,Da Nang Airport,DAD,VVDN,Vietnam,8,0,8,0,-,-,-
19660603-0,Friday,03-JUN-1966,-,A1, En route (ENR),near Ban Phakat,Laos,6,6, Damaged beyond repair,-,Douglas AC-47D Spooky,2,Pratt & Whitney R-1830-90,1944,-,-, 43-48925, 26186/14741,USAF,Military,-,Ubon Ratchathani RTAFB,UBP,VTUU,Thailand,Ubon Ratchathani RTAFB,UBP,VTUU,Thailand,6,0,6,0,-,-,-
19660603-1,Friday,03-JUN-1966,18:35,A1, Maneuvering (MNV),"1,6 km (1 mls) SSW of Felthorpe",United Kingdom,4,4, Destroyed, Written off (damaged beyond repair),Hawker Siddeley HS-121 Trident 1C,3,Rolls-Royce Spey 505-5,1966,0.0,1.0, G-ARPY, 2126,Hawker Siddeley,Test,-,Hatfield Airport,HTF,EGTH,United Kingdom,Hatfield Airport,HTF,EGTH,United Kingdom,4,0,4,0,-,-,Final
19660604-0,Saturday,04-JUN-1966,-,A1, Unknown (UNK),San Ramon,Peru,-,-, Damaged beyond repair,-,Douglas C-47A-80-DL (DC-3),2,Pratt & Whitney R-1830-92,1944,-,-, FAP-367, 19749,Peruvian AF,Military,-,-,-,-,-,-,-,-,-,-,-,-,-,-,-,-
19660605-0,Sunday,05-JUN-1966,15:12,A1, Maneuvering (MNV),"1,5 km (0.9 mls) SW off  Nice-Côte d'Azur Airport (NCE)",France,2,2, Damaged beyond repair,-,de Havilland DH-125-1,2,Bristol Siddeley Viper 520,1964,-,798.0, F-BKMF, 25007,Air Affaires,Demonstration,-,Cannes-Mandelieu Airport,CEQ,LFMD,France,Nice-Côte d'Azur Airport,NCE,LFMN,France,2,0,2,0,-,-,Final
19660606-0,Monday,06-JUN-1966,-,A1, Landing (LDG),"Kenai Airport, AK (ENA)",United States of America,-,0, Damaged beyond repair,-,Lockheed L-749A Constellation,-,-,1950,-,-, N86523, 2659,Pacific Northern Airlines,Cargo,-,-,-,-,-,-,-,-,-,-,-,0,0,-,-,-
19660613-0,Monday,13-JUN-1966,-,A1, Landing (LDG),Minsk-1 International Airport (MHP),Belarus,-,0, Damaged beyond repair,-,Tupolev Tu-124,-,-,-,-,-, CCCP-45017, 1350502,Aeroflot / Belarus,Unknown,-,-,-,-,-,Minsk-1 International Airport,MHP,UMMM,Belarus,-,-,0,0,-,-,-
19660614-0,Tuesday,14-JUN-1966,-,A1, Unknown (UNK),near Immingham,United Kingdom,7,1, Damaged beyond repair,-,Vickers Varsity T.1,2,Bristol Hercules 264,1951,-,-, WF334, 526,RAF,Military,-,-,-,-,-,-,-,-,-,-,-,-,-,1,-,-
19660616-0,Thursday,16-JUN-1966,08:48,A1, En route (ENR),"10 km (6.3 mls) NW of Columbia City, IN",United States of America,2,2, Damaged beyond repair,-,Curtiss C-46A-60-CK Commando,2,Pratt & Whitney R-2800-51,1945,-,-, N10415,   341,Zantop,Cargo,-,Detroit-Metropolitan Wayne County Airport,DTW,KDTW,United States of America,Kansas City Downtown Municipal Airport,MKC,KMKC,United States of America,2,0,2,0,1,-,-
19660617-0,Friday,17-JUN-1966,-,C1, En route (ENR),8 km (5 mls) off  Phu Hiep,Vietnam,8,8, Destroyed, Written off (damaged beyond repair),Lockheed C-130E Hercules,4,Allison T56-A-7,1963,-,-, 63-7785, 3852,USAF,Military,-,-,-,-,-,Okinawa-Kadena AFB,DNA,RODN,Japan,8,0,8,0,-,-,-
19660618-1,Saturday,18-JUN-1966,-,C1, Maneuvering (MNV),5 km (3.1 mls) N of Tam Ky,Vietnam,3,0, Damaged beyond repair,-,Fairchild UC-123B Provider,-,-,-,-,-, 56-4378, 20262,USAF,Military,-,-,-,-,-,-,-,-,-,3,0,0,0,-,-,-
19660620-0,Monday,20-JUN-1966,-,A1, En route (ENR),"Lac Péribonka, QC",Canada,2,2, Damaged beyond repair,-,Curtiss C-46E-1-CS Commando,-,-,1945,-,-, CF-FBJ,  2941,Nordair,Cargo,-,Montreal-Dorval International Airport,YUL,CYUL,Canada,Kuujjuaq-Fort Chimo Airport,YVP,CYVP,Canada,2,0,2,0,-,-,-
19660623-0,Thursday,23-JUN-1966,-,A1, Unknown (UNK),"Porto Nacional Airport, TO (PNB)",Brazil,-,-, Damaged beyond repair,-,Douglas C-47A-90-DL (DC-3),2,Pratt & Whitney R-1830-92,1944,-,-, PP-YPK, 20181,Varig,Unknown,-,-,-,-,-,-,-,-,-,-,-,-,-,-,-,-
19660624-0,Friday,24-JUN-1966,-,A1, En route (ENR),"Arteni, Talin district",Armenia,3,1, Damaged beyond repair,-,Antonov An-2,-,-,-,-,5359.0, CCCP-01127, 17547315 ?,Aeroflot / Armenia,Agricultural,-,-,-,-,-,-,-,-,-,2,1,0,1,-,-,-
19660625-0,Saturday,25-JUN-1966,-,A1, Landing (LDG),Maulmyine Airport (MNU),Myanmar,-,0, Damaged beyond repair,-,Fokker F-27 Friendship 200,-,-,1963,4732.0,4897.0, XY-ADL, 10236,Union of Burma Airways,Unknown,-,-,-,-,-,Maulmyine Airport,MNU,VYMM,Myanmar,-,-,0,0,-,-,-
19660627-0,Monday,27-JUN-1966,11:15,A1, En route (ENR),"Long Beach, MS",United States of America,12,2, Damaged beyond repair,-,Douglas DC-3-208,-,-,1937,-,-, N17337, 1962,Aeronaut Air Services,Domestic Non Scheduled Passenger,-,Gulfport-Biloxi Regional Airport,GPT,KGPT,United States of America,New Orleans-Moisant Field,MSY,KMSY,United States of America,2,10,1,1,-,-,-
19660628-1,Tuesday,28-JUN-1966,-,A2, Landing (LDG),Lorica Airport,Colombia,23,0, Substantial, Repaired,Douglas DC-3 Hiper,-,-,1943,-,-, HK-140, 6354,Avianca,Domestic Scheduled Passenger,-,-,-,-,-,-,-,-,-,-,-,0,0,-,-,-
19660629-1,Wednesday,29-JUN-1966,12:15,A1, En route (ENR),near Sablayan,Philippines,28,26, Destroyed, Written off (damaged beyond repair),Douglas C-47A-90-DL (DC-3),2,Pratt & Whitney R-1830-92,1944,-,-, PI-C17, 20573,Philippine Air Lines,Domestic Scheduled Passenger, 785,Mamburao Airport,MBO,RPUM,Philippines,-,-,-,-,4,24,4,22,-,-,-
19660630-0,Thursday,30-JUN-1966,-,A1, Landing (LDG),Tegucigalpa-Toncontin Airport (TGU),Honduras,3,0, Damaged beyond repair,-,Douglas DC-6,-,-,1947,-,-, HR-TNG, 42887/36,TAN,Cargo,-,Miami International Airport,MIA,KMIA,United States of America,Tegucigalpa-Toncontin Airport,TGU,MHTG,Honduras,3,0,0,0,-,-,-
19660630-1,Thursday,30-JUN-1966,-,A1, Approach (APR),near Kuwait International Airport (KWI),Kuwait,83,0, Damaged beyond repair,-,Hawker Siddeley HS-121 Trident 1E,-,-,1965,-,-, 9K-ACG, 2118,Kuwait Airways,International Scheduled Passenger,  32,Beirut International Airport,BEY,OLBA,Lebanon,Kuwait International Airport,KWI,OKBK,Kuwait,11,72,0,0,-,-,-
19660630-2,Thursday,30-JUN-1966,-,A1, Unknown (UNK),Qui Nhon Air Base (UIH),Vietnam,4,0, Damaged beyond repair,-,Fairchild C-123B-7-FA Provider,-,-,-,-,-, 54-0644, 20093,USAF,Military,-,-,-,-,-,-,-,-,-,4,0,0,0,-,-,-
19660699-0,-,xx-JUN-1966,-,A1, Unknown (UNK),at an unknown location,El Salvador,-,-, Damaged beyond repair,-,Lockheed Lodestar,-,-,-,-,-, registration unknown,-,Unknown,Illegal Flight,-,-,-,-,-,-,-,-,-,-,-,-,-,-,-,-
19660704-0,Monday,04-JUL-1966,15:59,A1, Takeoff (TOF),Auckland International Airport (AKL),New Zealand,5,2, Damaged beyond repair,-,Douglas DC-8-52,4,Pratt & Whitney JT3D-3B,1965,-,2275.0, ZK-NZB, 45751/231,Air New Zealand,Training,-,Auckland International Airport,AKL,NZAA,New Zealand,Auckland International Airport,AKL,NZAA,New Zealand,5,0,2,0,-,-,Final
19660704-1,Monday,04-JUL-1966,-,A1, En route (ENR),Rio Orton,Bolivia,13,13, Damaged beyond repair,-,Douglas C-47 (DC-3),-,-,-,-,-, TAM-07,-,TAM,Military,-,Riberalta-Gen Buech Airport,RIB,SLRI,Bolivia,Cobija-E. Beltram Airport,CIJ,SLCO,Bolivia,-,-,-,-,-,-,-
19660704-2,Monday,04-JUL-1966,-,A1, En route (ENR),"near Battle Creek, MI",United States of America,4,4, Damaged beyond repair,-,Lockheed P-3A Orion,-,-,1965,-,-, 152172, 185-5142,US Navy,Military,-,New York-Floyd Bennett Field,NOP,KNOP,United States of America,-,-,-,-,4,0,4,0,-,-,-
19660707-0,Thursday,07-JUL-1966,-,H2, Unknown (UNK),Jamaica,Jamaica,-,0, Unknown,-,Ilyushin Il-18,-,-,-,-,-, registration unknown,-,Cubana,Unknown,-,Santiago-Antonio Maceo Airport,SCU,MUCU,Cuba,Havana-José Martí International Airport,HAV,MUHA,Cuba,-,-,0,0,-,-,-
19660709-0,Saturday,09-JUL-1966,09:54,A1, Standing (STD),"Roanoke Municipal Airport, VA (ROA)",United States of America,42,0, Damaged beyond repair,-,Martin 4-0-4,-,-,-,-,-, N40446, 14238,Piedmont Airlines,Domestic Scheduled Passenger,-,Roanoke Municipal Airport,ROA,KROA,United States of America,-,-,-,-,4,38,0,0,-,-,Final
19660709-1,Saturday,09-JUL-1966,-,U1, Unknown (UNK),at an unknown location,Spain,-,-, Damaged beyond repair,-,Douglas C-47D (DC-3),-,-,1944,-,-, T.3-22, 26986/15541,Spanish AF,Military,-,-,-,-,-,-,-,-,-,-,-,-,-,-,-,-
19660710-0,Sunday,10-JUL-1966,-,A1, En route (ENR),near Cienfuegos,Cuba,93,2, Damaged beyond repair,-,Ilyushin Il-18V,4,Ivchenko AI-20K,1962,-,-, CU-T830, 182004905,Cubana,Domestic Scheduled Passenger,-,Havana-José Martí International Airport,HAV,MUHA,Cuba,Santiago-Antonio Maceo Airport,SCU,MUCU,Cuba,-,-,-,-,-,-,-
19660711-2,Monday,11-JUL-1966,-,A1, En route (ENR),Cerro el Planchòn,Chile,8,8, Damaged beyond repair,-,Curtiss C-46D-10-CU Commando,-,-,1945,-,-, HK-527, 33215,Aeropesca Colombia,Cargo,-,Santiago-Los Cerrillos Airport,ULC,SCTI,Chile,Buenos Aires-Jorge Newbery Airport,AEP,SABE,Argentina,3,5,3,5,-,-,-
19660713-0,Wednesday,13-JUL-1966,-,C1, Standing (STD),Vung Tau Airport (VTG),Vietnam,-,-, Damaged beyond repair,-,de Havilland Canada CV-2A Caribou (DHC-4),-,-,1962,-,-, 61-2386, 42,US Army,Military,-,-,-,-,-,-,-,-,-,-,-,-,-,-,-,-
19660715-0,Friday,15-JUL-1966,-,A1, Unknown (UNK),"Campo Largo, PR",Brazil,20,0, Damaged beyond repair,-,Douglas C-47A-25-DK (DC-3),2,Pratt & Whitney R-1830-92,1944,-,-, PP-YPT, 13488,Varig,Domestic Scheduled Passenger,-,Ponta Grossa-Sant'Ana Airport,PGZ,SSZW,Brazil,Curitiba-Afonso Pena International Airport,CWB,SBCT,Brazil,4,16,0,0,-,-,-
19660715-1,Friday,15-JUL-1966,-,A1, Unknown (UNK),at an unknown location,Pakistan,10,10, Damaged beyond repair,-,Lockheed C-130B Hercules,4,Allison T56-A-7,1963,-,-, 24142, 3768,Pakistan AF,Military,-,-,-,-,-,-,-,-,-,-,-,-,-,-,-,-
19660716-0,Saturday,16-JUL-1966,21:00,A1, En route (ENR),"near Jacksonville NAS, FL (NIP)",United States of America,34,0, Damaged beyond repair,-,Fairchild C-119 Flying Boxcar,-,-,-,-,-, registration unknown,-,Air National Guard,Military,-,Jacksonville NAS,NIP,KNIP,United States of America,-,-,-,-,4,30,0,0,-,-,-
19660716-1,Saturday,16-JUL-1966,-,A1, Approach (APR),"off Cape Lisburne Airport, AK (LUR)",United States of America,9,9, Damaged beyond repair,-,Fairchild C-123 Provider,-,-,-,-,-, registration unknown,-,USAF,Military,-,Nome Airport,OME,PAOM,United States of America,Cape Lisburne Airport,LUR,PALU,United States of America,5,4,5,4,-,-,-
19660723-0,Saturday,23-JUL-1966,-,A1, En route (ENR),"840 km (525 mls) W off  San Francisco, CA, USA",Pacific Ocean,3,3, Missing, Presumed damaged beyond repair,Douglas DC-3-362,-,-,1940,-,-, HS-OOO, 3266,Thai Government,Ferry/positioning,-,San Francisco International Airport,SFO,KSFO,United States of America,Honolulu International Airport,HNL,PHNL,United States of America,3,0,3,0,-,-,-
19660725-0,Monday,25-JUL-1966,-,A1, Initial climb (ICL),Da Nang Airport (DAD),Vietnam,31,7, Damaged beyond repair,-,Douglas C-117D Super DC-3,-,-,1944,-,-, 17211, 43391,USMC,Military,-,Da Nang Airport,DAD,VVDN,Vietnam,-,-,-,-,-,-,-,-,-,-,-
19660727-0,Wednesday,27-JUL-1966,14:53,A1, Takeoff (TOF),"Gallup Airport, NM (GUP)",United States of America,16,0, Damaged beyond repair,-,Douglas C-47A-10-DK (DC-3),2,Pratt & Whitney R-1830-92,1944,-,-, N4994E, 12442,Frontier Airlines,Domestic Scheduled Passenger, 188,Gallup-Senator Clark Airport,GUP,KGUP,United States of America,Albuquerque Sunport Airport,ABQ,KABQ,United States of America,3,13,0,0,-,-,-
19660727-1,Wednesday,27-JUL-1966,-,A2, En route (ENR),over Zaporizhia Oblast,Ukraine,90,1, Unknown, Repaired,Tupolev Tu-124V,2,Soloviev D-20P,1963,-,-, CCCP-45038, 3351003,Aeroflot / Privolzhsk,Domestic Scheduled Passenger,67,Kharkov Airport,HRK,UKHH,Ukraine,Simferopol Airport,SIP,UKFF,Ukraine,-,-,0,1,-,-,-
19660728-0,Thursday,28-JUL-1966,08:50,A1, Approach (APR),"Port Elizabeth, NJ",United States of America,2,0, Damaged beyond repair,-,Curtiss C-46A-45-CU Commando,2,Pratt & Whitney R-2800-51,1944,-,-, N9905F, 30316,Zantop,Cargo,7990,Newark International Airport,EWR,KEWR,United States of America,-,-,-,-,2,0,0,0,-,-,-
19660729-0,Friday,29-JUL-1966,-,C1, En route (ENR),32 km (20 mls) W of Hoa Binh,Vietnam,8,8, Damaged beyond repair,-,Douglas RC-47D,2,Pratt & Whitney R-1830-90,1944,-,-, 43-48388, 25649/14204,USAF,Military,-,Nakhon Phanom Airport,KOP,VTUW,Thailand,Nakhon Phanom Airport,KOP,VTUW,Thailand,8,0,8,0,-,-,-
19660803-1,Wednesday,03-AUG-1966,-,A1, En route (ENR),S of Benito,Bolivia,3,3, Damaged beyond repair,-,Curtiss C-46D-15-CU Commando,-,-,1945,-,-, CP-730, 33457,LAB,Cargo,-,Riberalta-Gen Buech Airport,RIB,SLRI,Bolivia,Cochabamba-J Wilsterman Airport,CBB,SLCB,Bolivia,3,0,3,0,-,-,-
19660806-0,Saturday,06-AUG-1966,23:12,A1, En route (ENR),"12 km (7.5 mls) NNE of Falls City, NE",United States of America,42,42, Destroyed, Written off (damaged beyond repair),BAC One-Eleven 203AE,2,Rolls-Royce Spey 506-14/15,1965,2922.0,2307.0, N1553, 070,Braniff Airways,Domestic Scheduled Passenger, 250,Kansas City Downtown Municipal Airport,MKC,KMKC,United States of America,Omaha-Eppley Airfield,OMA,KOMA,United States of America,4,38,4,38,-,-,Final
19660809-0,Tuesday,09-AUG-1966,-,U1, Unknown (UNK),Greenwood,Canada,-,-, Damaged beyond repair,-,Douglas Dakota IIIS&R (DC-3),-,-,1944,-,-, 971, 25370/13925,RCAF,Military,-,-,-,-,-,-,-,-,-,-,-,-,-,-,-,-
19660811-2,Thursday,11-AUG-1966,-,A1, Unknown (UNK),Lotrioara Valley,Romania,24,24, Damaged beyond repair,-,Lisunov Li-2,-,-,-,-,-, YR-TAN, 18428005,Tarom,Domestic Scheduled Passenger,-,-,-,-,-,-,-,-,-,4,20,4,20,-,-,-
19660813-0,Saturday,13-AUG-1966,02:15,A1, Approach (APR),33 km (20.6 mls) from  Acapulco,Mexico,6,6, Damaged beyond repair,-,Douglas DC-8-51,4,Pratt & Whitney JT3D-,1962,-,-, XA-PEI, 45652/176,Aeronaves de México,Training,-,Acapulco-Alvarez International Airport,ACA,MMAA,Mexico,Acapulco-Alvarez International Airport,ACA,MMAA,Mexico,6,0,6,0,-,-,-
19660815-0,Monday,15-AUG-1966,11:08,A1, Landing (LDG),Tachikawa AFB,Japan,5,0, Damaged beyond repair,-,Lockheed L-749A Constellation,-,-,1950,-,-, N65, 2648,FAA,"Aerial Work (Calibration, Photo)",-,-,-,-,-,-,-,-,-,5,0,0,0,-,-,Final
19660817-0,Wednesday,17-AUG-1966,18:30,A1, Landing (LDG),"Puerto Lobos, CB",Argentina,16,1, Damaged beyond repair,-,Curtiss C-46F-1-CU Commando,-,-,1945,-,24589.0, LV-GLE, 22534,Aerovías Halcón,Domestic Non Scheduled Passenger,-,Río Gallegos Internacional Airport,RGL,SAWG,Argentina,Buenos Aires/Ezeiza-Ministro Pistarini Airport,EZE,SAEZ,Argentina,4,12,1,0,-,-,-
19660817-1,Wednesday,17-AUG-1966,-,A1, Initial climb (ICL),near Azaiba Airfield,Oman,20,0, Damaged beyond repair,-,Douglas C-47-DL (DC-3),2,Pratt & Whitney R-1830-92,1943,-,-, G-AOFZ, 9131,Gulf Aviation,Scheduled Passenger,-,-,-,-,-,-,-,-,-,2,18,0,0,-,-,-
19660817-2,Wednesday,17-AUG-1966,17:10,A1, Unknown (UNK),65 km (40.6 mls) W of Merida,Mexico,2,0, Damaged beyond repair,-,Douglas DC-3-313A,-,-,1940,-,-, N28343, 2267,Lauderdale Leasing,Illegal Flight,-,-,-,-,-,-,-,-,-,2,0,0,0,-,-,-
19660823-0,Tuesday,23-AUG-1966,-,A1, Unknown (UNK),unknown,Unknown country,-,-, Damaged beyond repair,-,Douglas VC-47A (DC-3),-,-,1944,-,-, 42-93514, 13434,USAF,Military,-,-,-,-,-,-,-,-,-,-,-,-,-,-,-,-
19660826-0,Friday,26-AUG-1966,14:28,A1, Takeoff (TOF),Tokyo-Haneda Airport (HND),Japan,5,5, Destroyed, Written off (damaged beyond repair),Convair CV-880-22M-3,-,-,1961,-,5290.0, JA8030, 22-00-45,JAL,Training,-,Tokyo-Haneda Airport,HND,RJTT,Japan,Tokyo-Haneda Airport,HND,RJTT,Japan,5,0,5,0,-,-,-
19660827-0,Saturday,27-AUG-1966,14:07,A1, Takeoff (TOF),Arkhangelsk Airport (ARH),Russia,121,0, Damaged beyond repair,-,Ilyushin Il-18V,4,Ivchenko AI-20K,1964,2297.0,3042.0, CCCP-75552, 184007404,Aeroflot / Latvia,Domestic Scheduled Passenger,3772,Arkhangelsk-Talaghy Airport,ARH,ULAA,Russia,Leningrad-Shosseynaya Airport,LED,ULLI,Russia,7,114,0,0,-,-,-
19660827-1,Saturday,27-AUG-1966,-,A1, Unknown (UNK),"Altamira, PA",Brazil,-,6, Damaged beyond repair,-,Douglas C-47A-30-DK (DC-3),2,Pratt & Whitney R-1830-92,1944,-,-, 2037, 25426/13981,Brazilian AF,Military,-,-,-,-,-,-,-,-,-,-,-,-,-,-,-,-
19660827-2,Saturday,27-AUG-1966,09:35,A1, Landing (LDG),"off Highland Park, IL",United States of America,2,0, Damaged beyond repair,-,Consolidated PBY-6A Catalina,-,-,-,-,-, N331RS, 2072/130,Rolled Steel Corp.,Training,-,-,-,-,-,-,-,-,-,2,0,0,0,-,-,Final
19660829-0,Monday,29-AUG-1966,-,A1, Approach (APR),"1,5 km (0.9 mls) from  Camagüey Airport (CMW)",Cuba,-,-, Damaged beyond repair,-,Antonov An-24V,-,-,1966,-,-, CU-T875, 67302402,Cubana,Training,-,Camagüey-Ign Agramonte International Airport,CMW,MUCM,Cuba,Camagüey-Ign Agramonte International Airport,CMW,MUCM,Cuba,-,-,-,-,-,-,-
19660829-1,Monday,29-AUG-1966,12:20,A1, Unknown (UNK),"Tuzla, Istanbul",Turkey,9,5, Damaged beyond repair,-,Douglas C-47B-10-DK (DC-3),-,-,1944,-,-, 43-6014, 26295/14850,Turkish AF,Military,-,-,-,-,-,-,-,-,-,-,-,-,-,-,-,-
19660899-0,-,xx-AUG-1966,-,H2, Unknown (UNK),Batumi,Georgia,-,0, Unknown,-,unknown,-,-,-,-,-, registration unknown,-,Aeroflot,Unknown,-,-,-,-,-,-,-,-,-,-,-,0,0,-,-,-
19660899-1,-,xx-AUG-1966,-,A1, Landing (LDG),unknown,Unknown country,-,0, Damaged beyond repair,-,Lockheed P-2H Neptune,-,-,1957,-,-, 141246, 726-7118,US Navy,Military,-,-,-,-,-,-,-,-,-,-,-,0,0,-,-,-
19660901-0,Thursday,01-SEP-1966,00:47,A1, Approach (APR),3 km (1.9 mls) SE of Ljubljana-Brnik Airport (LJU),Slovenia,117,98, Destroyed, Written off (damaged beyond repair),Bristol 175 Britannia 102,-,-,1954,5380.0,18444.0, G-ANBB, 12903,Britannia Airways,Int'l Non Scheduled Passenger,BY105,London-Luton Airport,LTN,EGGW,United Kingdom,Ljubljana-Brnik Airport,LJU,LJLJ,Slovenia,7,110,6,92,-,-,-
19660903-0,Saturday,03-SEP-1966,-,A1, Unknown (UNK),near Rajouri,India,5,4, Damaged beyond repair,-,de Havilland Canada DHC-3 Otter,-,-,-,-,-, registration unknown,-,Indian AF,Military,-,-,-,-,-,-,-,-,-,-,-,-,-,-,-,-
19660904-0,Sunday,04-SEP-1966,-,A1, Approach (APR),Mumbai (Bombay),India,4,4, Damaged beyond repair,-,Sud Aviation SE-210 Caravelle VI-N,-,-,1964,-,-, VT-DSB, 134,Indian Airlines,Training,-,Bombay-Santacruz Airport,BOM,VABB,India,Bombay-Santacruz Airport,BOM,VABB,India,4,0,4,0,-,-,-
19660904-1,Sunday,04-SEP-1966,-,A1, Takeoff (TOF),Dong Tre,Vietnam,3,0, Damaged beyond repair,-,de Havilland Canada CV-2B Caribou (DHC-4),-,-,1965,-,-, 63-9759, 223,US Army,Military,-,-,-,-,-,-,-,-,-,3,0,0,0,-,4,-
19660906-0,Tuesday,06-SEP-1966,-,A1, En route (ENR),16 km (10 mls) SE of Chai-I,Taiwan,8,8, Damaged beyond repair,-,Lockheed C-130E Hercules,-,-,1964,-,-, 63-7878, 3949,USAF,Military,-,Saigon-Tan Son Nhat International Airport,SGN,VVTS,Vietnam,-,-,-,-,5,3,5,3,-,-,-
19660907-0,Wednesday,07-SEP-1966,-,O1, Standing (STD),"Tacoma-McChord AFB, WA (TCM)",United States of America,0,0, Damaged beyond repair,-,Lockheed C-141A-LM Starlifter,4,Pratt & Whitney TF33-P-7,-,-,53.0, 65-0281, 300-6133,USAF,Military,-,-,-,-,-,-,-,-,-,0,0,0,0,-,3,-
19660907-1,Wednesday,07-SEP-1966,-,A1, En route (ENR),60 km (37.5 mls) W of Murgab,Tajikistan,6,6, Damaged beyond repair,-,Antonov An-2,-,-,1961,7483.0,5087.0, CCCP-79816, 116047304,Aeroflot / Tajikistan,Survey/research,-,Dushanbe Airport,DYU,UTDD,Tajikistan,-,-,-,-,2,4,2,4,-,-,-
19660909-0,Friday,09-SEP-1966,-,A1, En route (ENR),"1,8 km (1.1 mls) W off  Tsikhisdziri Cape",Georgia,12,1, Damaged beyond repair,-,Antonov An-2TP,-,-,1966,-,327.0, CCCP-96224, 1G72-08,Aeroflot / Georgia,Domestic Scheduled Passenger,-,Batumi-Chorokh Airport,BUS,UGSB,Georgia,-,-,-,-,2,10,0,1,-,-,-
19660912-0,Monday,12-SEP-1966,22:01,A1, Takeoff (TOF),Tachikawa Air Base,Japan,4,0, Damaged beyond repair,-,Douglas DC-7CF,-,-,1957,-,16054.0, N2282, 45128/779,Airlift Int.,Cargo, 184/2,-,-,-,-,Wake Island Airport,AWK,PAWK,U.S. Minor Outlying Islands,4,0,0,0,-,-,Final
19660914-0,Wednesday,14-SEP-1966,-,A1, Approach (APR),4 km (2.5 mls) SW of Acapulco Airport (ACA),Mexico,8,8, Damaged beyond repair,-,Lockheed PV-2 Harpoon,-,-,1945,-,-, XA-NIM ?, 15-1254,Unknown,Private,-,-,-,-,-,Acapulco-Alvarez International Airport,ACA,MMAA,Mexico,2,6,2,6,-,-,-
19660915-1,Thursday,15-SEP-1966,-,A1, Unknown (UNK),near Santa Cruz,Bolivia,-,-, Damaged beyond repair,-,Curtiss C-46A-45-CU Commando,2,Pratt & Whitney R-2800-51,1944,-,-, CP-786, 30224,private,Unknown,-,-,-,-,-,-,-,-,-,-,-,-,-,-,-,-
19660916-0,Friday,16-SEP-1966,08:25,A1, En route (ENR),off El Sauzal,Spain,27,1, Damaged beyond repair,-,Douglas C-47A-75-DL (DC-3),2,Pratt & Whitney R-1830-92,1944,-,25134.0, EC-ACX, 19410,Spantax,Domestic Scheduled Passenger,IB261,Tenerife-Los Rodeos International Airport,TCI,GCXO,Spain,Santa Cruz-La Palma Airport,SPC,GCLA,Spain,3,24,0,1,-,-,-
19660917-1,Saturday,17-SEP-1966,14:56,A1, Initial climb (ICL),"Medford, NJ",United States of America,4,0, Damaged beyond repair,-,Lockheed 14-N3 Super Electra,-,-,1938,-,-, N18138, 1416,Thunderbird Airways,Test,-,-,-,-,-,-,-,-,-,4,0,0,0,-,-,-
19660918-0,Sunday,18-SEP-1966,-,A2, Landing (LDG),Kagoshima Airport (KOJ),Japan,2,0, Substantial, Repaired,Fokker F-27 Friendship 200,-,-,1963,-,-, JA8617, 10228,All Nippon,Training,-,-,-,-,-,Kagoshima Airport,KOJ,RJFK,Japan,2,0,0,0,-,-,-
19660922-0,Thursday,22-SEP-1966,03:15,A1, Initial climb (ICL),near Bogotá-Eldorado Airport (BOG),Colombia,2,2, Damaged beyond repair,-,Douglas DC-4-1009,-,-,1946,-,-, HK-174, 42929,Avianca,Cargo,AV870,Bogotá-Eldorado Airport,BOG,SKBO,Colombia,Barranquilla-Soledad Airport,BAQ,SKBQ,Colombia,2,0,2,0,-,-,-
19660922-1,Thursday,22-SEP-1966,13:03,A1, En route (ENR),"16 km (10 mls) WSW of Winton, QLD",Australia,24,24, Destroyed, Written off (damaged beyond repair),Vickers 832 Viscount,4,Rolls-Royce Dart 525,1959,6586.0,18634.0, VH-RMI, 416,Ansett-ANA,Domestic Scheduled Passenger, 149,Mount Isa Airport,ISA,YBMA,Australia,Longreach Airport,LRE,YLRE,Australia,4,20,4,20,-,-,Final
19660924-0,Saturday,24-SEP-1966,09:15,A1, Approach (APR),"3,2 km (2 mls) W of Tennant Creek Airport, NT (TCA)",Australia,6,6, Destroyed, Written off (damaged beyond repair),Lockheed 414-08 Hudson IVA,-,-,-,-,-, VH-AGE, 6039,Adastra Aerial Surveys,Survey/research,-,Tennant Creek Airport,TCA,YTNK,Australia,Tennant Creek Airport,TCA,YTNK,Australia,5,1,5,1,-,-,Final
19660926-0,Monday,26-SEP-1966,12:17,A1, Maneuvering (MNV),"N of Platte, SD",United States of America,5,5, Damaged beyond repair,-,Rockwell 1121 Jet Commander,-,-,-,-,-, N500JR, 65,Jim Robbins Airborne Div.,Executive,-,-,-,-,-,-,-,-,-,1,4,1,4,-,-,Final
19660928-0,Wednesday,28-SEP-1966,-,H2, En route (ENR),Port Stanley,Falkland Islands,38,0, Minor, Repaired,Douglas DC-4,-,-,1944,-,-, LV-AGG, 10333,Aerolineas Argentinas,Domestic Scheduled Passenger,-,-,-,-,-,Río Gallegos Internacional Airport,RGL,SAWG,Argentina,6,32,0,0,-,-,-
19660930-0,Friday,30-SEP-1966,14:02,A1, Landing (LDG),Cairo International Airport (CAI),Egypt,43,0, Damaged beyond repair,-,Antonov An-24V,-,-,1964,-,-, SU-AOM, 37300701,UAA,Domestic Scheduled Passenger, 322,Luxor Airport,LXR,HELX,Egypt,Cairo International Airport,CAI,HECA,Egypt,6,37,0,0,-,-,-
19660930-1,Friday,30-SEP-1966,21:15,A1, Unknown (UNK),"23 km (14.4 mls) W of Wrightwood, CA",United States of America,4,4, Damaged beyond repair,-,Fairchild C-119G Flying Boxcar,2,Wright R-3350,-,-,-, 53-3195, 11208,USAF,Military,-,Riverside-March AFB,RIV,KRIV,United States of America,Riverside-March AFB,RIV,KRIV,United States of America,4,0,4,0,-,-,-
19661001-1,Saturday,01-OCT-1966,20:10,A1, En route (ENR),"9 km (5.6 mls) S of Wemme, OR",United States of America,18,18, Destroyed, Written off (damaged beyond repair),Douglas DC-9-14,2,Pratt & Whitney JT8D-1,1966,-,164.0, N9101, 45794/52,West Coast Airlines,Domestic Scheduled Passenger, 956,Eugene Airport,EUG,KEUG,United States of America,Portland International Airport,PDX,KPDX,United States of America,5,13,5,13,-,-,Final
19661002-0,Sunday,02-OCT-1966,-,C1, En route (ENR),32 km (20 mls) S of Cam Ranh Bay,Vietnam,5,5, Damaged beyond repair,-,Lockheed C-130E Hercules,-,-,1963,-,-, 62-1840, 3803,USAF,Military,-,-,-,-,-,Nha Trang Airport,NHA,VVNT,Vietnam,5,0,5,0,-,-,-
19661004-0,Tuesday,04-OCT-1966,-,A1, Approach (APR),W of An Khe,Vietnam,32,14, Damaged beyond repair,-,de Havilland Canada CV-2B Caribou (DHC-4),-,-,1964,-,-, 63-9751, 209,US Army,Military,-,-,-,-,-,-,-,-,-,4,28,4,10,-,-,-
19661011-1,Tuesday,11-OCT-1966,-,A1, Landing (LDG),Garoua,Cameroon,4,0, Damaged beyond repair,-,Canadair DC-4M2 North Star,4,Rolls-Royce Merlin 622,-,-,-, I-ACOA, 137,private,Illegal Flight,-,Fort Lamy Airport,NDJ,FTTJ,Chad,Port Harcourt Airport,PHC,DNPO,Nigeria,4,0,0,0,-,-,-
19661012-0,Wednesday,12-OCT-1966,-,A1, En route (ENR),"30 km (18.8 mls) NNW of Aspermont, TX",United States of America,6,5, Damaged beyond repair,-,Lockheed C-130E Hercules,-,-,1964,-,-, 63-7886, 3957,USAF,Military,-,Abilene-Dyess AFB,DYS,KDYS,United States of America,-,-,-,-,6,0,5,0,-,-,-
19661013-0,Thursday,13-OCT-1966,17:08,A1, Initial climb (ICL),"Short Creek, WV",United States of America,5,2, Damaged beyond repair,-,Lockheed 18-56-23 Lodestar,-,-,1943,-,-, N131E, 18-2503,BBR Drilling,Private,-,Wheeling-Ohio County Airport,HLG,KHLG,United States of America,-,-,-,-,1,4,1,1,-,-,-
19661018-0,Tuesday,18-OCT-1966,-,A1, En route (ENR),"ca 64 km off Dong Hoi, Gulf of Tonkin",Pacific Ocean,7,7, Missing, Presumed damaged beyond repair,Grumman HU-16B Albatross,-,-,-,-,-, 51-7145, G-195,USAF,Military,-,Da Nang Airport,DAD,VVDN,Vietnam,Da Nang Airport,DAD,VVDN,Vietnam,7,0,7,0,-,-,Preliminary
19661018-1,Tuesday,18-OCT-1966,18:10,O1, Standing (STD),"Miami, FL",United States of America,0,0, Damaged beyond repair,-,Lockheed L-1049C Super Constellation,-,-,1953,-,-, N6219C, 4527,Eastern Air Lines,-,-,-,-,-,-,-,-,-,-,0,0,0,0,-,-,-
19661019-0,Wednesday,19-OCT-1966,19:00,A1, En route (ENR),"near Rio Moju, PA",Brazil,4,4, Damaged beyond repair,-,Consolidated PBY-5A Catalina,-,-,-,-,-, PP-PEC, 91,Cruzeiro do Sul,Training,-,Belém/Val-de-Cans International Airport,BEL,SBBE,Brazil,Belém/Val-de-Cans International Airport,BEL,SBBE,Brazil,4,0,4,0,-,-,-
19661025-0,Tuesday,25-OCT-1966,-,A1, Landing (LDG),"Hopkinsville-Fort Campbell AAF, KY (HOP)",United States of America,-,0, Damaged beyond repair,-,Lockheed C-130B Hercules,4,Allison T56-A-7,1961,-,-, 61-0955, 3634,USAF,Military,-,-,-,-,-,Hopkinsville-Fort Campbell AAF,HOP,KHOP,United States of America,-,-,0,0,-,-,-
19661026-0,Wednesday,26-OCT-1966,-,A1, Approach (APR),"Santa Maria AB, RS (RIA)",Brazil,7,0, Damaged beyond repair,-,Lockheed C-130E Hercules,-,-,1965,-,-, 2452, 4093,Brazilian AF,Military,-,-,-,-,-,Santa Maria AB,RIA,SBSM,Brazil,7,0,0,0,-,-,-
19661028-0,Friday,28-OCT-1966,-,A1, Unknown (UNK),near An Khe,Vietnam,3,1, Damaged beyond repair,-,de Havilland Canada C-7A Caribou (DHC-4),-,-,1962,-,-, 61-2405, 60,US Army,Military,-,-,-,-,-,-,-,-,-,3,0,1,0,-,-,-
19661031-0,Monday,31-OCT-1966,20:55,A1, Landing (LDG),"Rio de Janeiro-Santos Dumont Airport, RJ (SDU)",Brazil,30,0, Damaged beyond repair,-,Vickers 701 Viscount,-,-,1953,-,-, PP-SRM,  19,VASP,Domestic Scheduled Passenger,237,Belo Horizonte-Pampulha Airport,PLU,SBBH,Brazil,Rio de Janeiro-Santos Dumont Airport,SDU,SBRJ,Brazil,5,25,0,0,-,-,-
19661031-1,Monday,31-OCT-1966,-,C1, En route (ENR),13 km (8.1 mls) W of Lai Khe,Vietnam,3,0, Damaged beyond repair,-,Fairchild UC-123B Provider,-,-,-,-,-, 54-0597, 20046,USAF,Military,-,-,-,-,-,-,-,-,-,3,0,0,0,-,-,-
19661104-0,Friday,04-NOV-1966,07:30,A1, En route (ENR),Funza,Colombia,2,0, Damaged beyond repair,-,Curtiss C-46A-35-CU Commando,2,Pratt & Whitney R-2800-51,1944,-,-, HK-512, 26784,Aerocarga Colombia,Cargo,-,Bogotá-Eldorado Airport,BOG,SKBO,Colombia,Cali Airport,CLO,SKCL,Colombia,2,0,0,0,-,-,-
19661105-0,Saturday,05-NOV-1966,-,A1, En route (ENR),Cayolle Pass,France,7,7, Damaged beyond repair,-,Ilyushin Il-14M,-,-,1957,-,-, TZ-ABH, 7342501,Air Mali,Ferry/positioning,-,Zagreb-Pleso Airport,ZAG,LDZA,Croatia,Marseille-Marignane Airport,MRS,LFML,France,7,0,7,0,-,-,-
19661109-0,Wednesday,09-NOV-1966,-,U1, Unknown (UNK),Suva,Fiji,-,0, Damaged beyond repair,-,de Havilland DH-114 Heron 1B,-,-,1953,-,-, VQ-FAX, 14012,Fiji Airways,Unknown,-,-,-,-,-,-,-,-,-,-,-,0,0,-,-,-
19661109-1,Wednesday,09-NOV-1966,13:10,A1, En route (ENR),2 km (1.3 mls) SW of Oudega,Netherlands,2,2, Damaged beyond repair,-,Britten-Norman BN-2A Islander,-,-,1965,-,546.0, G-ATCT, 1,Britten-Norman,Ferry/positioning,-,Emden Airport,EME,EDWE,Germany,Southampton-Eastleigh Airport,SOU,EGHI,United Kingdom,1,1,1,1,-,-,Final
19661111-0,Friday,11-NOV-1966,01:27,A1, En route (ENR),"200 km (125 mls) E off  Nantucket, MA, USA",Atlantic Ocean,19,19, Damaged beyond repair,-,Lockheed EC-121H Super Constellation,-,-,1956,-,-, 55-5262, 4413,USAF,Military,-,Falmouth-Otis AFB,FMH,KFMH,United States of America,Falmouth-Otis AFB,FMH,KFMH,United States of America,19,0,19,0,-,-,-
19661111-1,Friday,11-NOV-1966,-,A1, En route (ENR),unknown location,Vietnam,4,0, Damaged beyond repair,-,Douglas C-47D,-,-,1944,-,-, 43-48961, 26222/14777,USAF,Military,-,-,-,-,-,-,-,-,-,4,0,0,0,-,-,-
19661113-0,Sunday,13-NOV-1966,20:30,A1, Approach (APR),Matsuyama Airport (MYJ),Japan,50,50, Damaged beyond repair,-,NAMC YS-11-111,-,-,1966,-,-, JA8658, 2023,All Nippon,Domestic Scheduled Passenger, 533,Osaka-Itami Airport,ITM,RJOO,Japan,Matsuyama Airport,MYJ,RJOM,Japan,5,45,5,45,-,-,-
19661115-0,Tuesday,15-NOV-1966,02:42,A1, Approach (APR),near Dallgow,Germany,3,3, Damaged beyond repair,-,Boeing 727-21,3,Pratt & Whitney JT8D-7,1966,-,1804.0, N317PA, 18995/221,Pan Am,Cargo,PA708,Frankfurt International Airport,FRA,EDDF,Germany,Berlin-Tegel Airport,TXL,EDDT,Germany,3,0,3,0,-,-,Final
19661117-0,Thursday,17-NOV-1966,-,C1, Unknown (UNK),near Tam Ky,Vietnam,-,0, Damaged beyond repair,-,Curtiss C-46D-20-CU Commando,-,-,1945,-,-, B-156, 22353,Air America,Military,-,-,-,-,-,-,-,-,-,-,34,0,0,-,-,-
19661117-1,Thursday,17-NOV-1966,16:52,A1, Takeoff (TOF),"Chicago-Merrill C Meigs Field, IL (CGX)",United States of America,8,0, Damaged beyond repair,-,Lockheed 18-56-23 Lodestar,-,-,1943,-,-, N339, 18-2588,National Steel Corp.,Executive,-,Chicago-Merrill C Meigs Field,CGX,KCGX,United States of America,-,-,-,-,2,6,0,0,-,-,Final
