identifiant,week_day,date,time,type_event,phase,location,country,total_occupants,total_fatalities,aircraft_damage,aircraft_fate,type_aircraft,number_engines,type_engines,first_flight,cycles,total_airframe_hours,registration,c_n_msn,operator,nature,flight_number,departure_airport_name,departure_airport_IATA,departure_airport_ICAO,departure_airport_country,destination_airport_name,destination_airport_IATA,destination_airport_ICAO,destination_airport_country,crew_number,passengers_number,crew_fatalities,passengers_fatalities,collision_casualties,ground_casualties,status
19970607-0,Saturday,07-JUN-1997,-,O1, Taxi (TXI),"Newark International Airport, NJ (EWR)",United States of America,-,0, Damaged beyond repair,-,Boeing 727-227,3,Pratt & Whitney JT8D-9A,1976,-,-, N571PE, 21264/1225,Continental Air Lines,-,-,-,-,-,-,-,-,-,-,-,-,0,0,-,-,-
19970607-1,Saturday,07-JUN-1997,13:50,A1, Landing (LDG),Stockholm-Arlanda Airport (ARN),Sweden,26,0, Damaged beyond repair,-,BAC One-Eleven 525FT,2,Rolls-Royce Spey 512-14DW,1977,17888.0,23901.0, YR-BCM, 256,Tarom,International Scheduled Passenger, 335,Bucharest-Otopeni International Airport,OTP,LROP,Romania,Stockholm-Arlanda Airport,ARN,ESSA,Sweden,6,20,0,0,-,-,Final
19970607-2,Saturday,07-JUN-1997,-,A2, Approach (APR),Ambon-Pattimura Airport (AMQ),Indonesia,19,0, Substantial, Repaired,CASA/Nurtanio NC-212-AB4 Aviocar 200,2,Garrett TPE331-10-511C,1981,-,-, PK-NCL, 185/34N,Merpati Nusantara,Domestic Scheduled Passenger,-,-,-,-,-,Ambon-Pattimura Airport,AMQ,WAPP,Indonesia,2,17,0,0,-,-,-
19970609-0,Monday,09-JUN-1997,-,H2, En route (ENR),Köln/Bonn Airport (CGN),Germany,80,0, None,-,Boeing 737-2Y5,2,Pratt & Whitney JT8D-15A,1987,-,-, 9H-ABF, 23848/1418,Air Malta,International Scheduled Passenger,KM830,Malta-Luqa Airport,MLA,LMML,Malta,Istanbul-Atatürk International Airport,IST,LTBA,Turkey,6,74,0,0,-,-,-
19970610-0,Tuesday,10-JUN-1997,-,A1, Approach (APR),Mandalgobi Airport (MXW),Mongolia,12,7, Damaged beyond repair,-,Harbin Yunshuji Y-12 II,2,Pratt & Whitney Canada PT6A-27,1991,-,-, JU-1020, 0067,MIAT,Domestic Scheduled Passenger,-,Ulan Bator-Buyant Uhaa Airport,ULN,ZMUB,Mongolia,-,-,-,-,2,10,0,7,-,-,-
19970611-0,Wednesday,11-JUN-1997,16:00,A2, Approach (APR),Chub Cay Airport (CCZ),Bahamas,8,0, Substantial, Repaired,Cessna 501 Citation I/SP,-,-,-,-,-, N1AT, 501-0159,American Trans Air,Unknown,-,Fort Lauderdale International Airport,FLL,KFLL,United States of America,Chub Cay Airport,CCZ,MYBC,Bahamas,1,7,0,0,-,-,-
19970613-0,Friday,13-JUN-1997,12:48,A1, Landing (LDG),"Ottawa/Macdonald-Cartier International Airport, ON (YOW)",Canada,2,0, Damaged beyond repair,-,Swearingen SA226-TC Metro II,2,Garrett TPE331-10UA-511G,1979,-,-, C-FEPW, TC-294,North American Airlines,Cargo,-,Hamilton Airport,YHM,CYHM,Canada,Ottawa/Macdonald-Cartier International Airport,YOW,CYOW,Canada,2,0,0,0,-,-,Final
19970615-0,Sunday,15-JUN-1997,-,A1, Unknown (UNK),Nairobi-Wilson Airport (WIL),Kenya,-,-, Damaged beyond repair,-,Reims Cessna F406 Caravan II,2,Pratt & Whitney Canada PT6A-112,1986,-,-, 5Y-TAL, F406-0009,Trackmark Cargo,Unknown,-,-,-,-,-,-,-,-,-,-,-,-,-,-,-,Preliminary
19970616-0,Monday,16-JUN-1997,-,A1, Unknown (UNK),near Yelizavetinskoye,Russia,-,-, Damaged beyond repair,-,Antonov An-2T,-,-,-,14126.0,5131.0, RA-02829, 1G73-07,Yessentuki Air Sport Club,Unknown,-,-,-,-,-,-,-,-,-,-,-,-,-,-,-,-
19970621-0,Saturday,21-JUN-1997,12:22,A2, Landing (LDG),"Honolulu International Airport, HI (HNL)",United States of America,308,0, Substantial, Repaired,McDonnell Douglas MD-11,3,General Electric CF6-80C2A3,1992,-,19103.0, EI-CDK, 48501/513,Garuda,International Scheduled Passenger,GA800,Jakarta-Soekarno-Hatta International Airport,CGK,WIII,Indonesia,Honolulu International Airport,HNL,PHNL,United States of America,19,289,0,0,-,-,Final
19970625-0,Wednesday,25-JUN-1997,01:22,A1, Takeoff (TOF),Bogotá-Eldorado Airport (BOG),Colombia,6,0, Damaged beyond repair,-,Boeing 727-21F,3,Pratt & Whitney JT8D-7B,1965,-,51014.0, HK-1717, 18993/215,Aerosucre Colombia,Cargo,-,Bogotá-Eldorado Airport,BOG,SKBO,Colombia,Barranquilla-Soledad Airport,BAQ,SKBQ,Colombia,3,3,0,0,-,-,Final
19970628-0,Saturday,28-JUN-1997,16:18,A1, En route (ENR),"near Venetie, AK",United States of America,3,0, Destroyed, Written off (damaged beyond repair),Aviation Traders ATL-98 Carvair,4,Pratt & Whitney R-2000-7M2,1943,-,7145.0, N103, 4/10273,Hondu Carib Cargo,Ferry/positioning,-,Venetie Airport,VEE,PAVE,United States of America,Fairbanks International Airport,FAI,PAFA,United States of America,3,0,0,0,-,-,Final
19970630-0,Monday,30-JUN-1997,07:45,A1, Initial climb (ICL),San Juan-Luis Munoz Marin International Airport (SJU),Puerto Rico,3,0, Damaged beyond repair,-,Convair CV-240-53,2,Pratt & Whitney R-2800,1954,-,-, N344MM, 53-26,Silver Express,Cargo,-,San Juan-Luis Muñoz Marín International Airport,SJU,TJSJ,Puerto Rico,Santo Domingo-Las Américas International Airport,SDQ,MDSD,Dominican Republic,2,1,0,0,-,-,Final
19970630-1,Monday,30-JUN-1997,-,A1, Landing (LDG),"White Plains-Westchester County Airport, NY (HPN)",United States of America,4,0, Damaged beyond repair,-,Dassault Falcon 10,-,-,1975,-,6784.0, N10YJ, 57,International Aviation,Executive,-,-,-,-,-,White Plains-Westchester County Airport,HPN,KHPN,United States of America,-,-,0,0,-,-,- (No safety board investigation)
19970703-0,Thursday,03-JUL-1997,03:49,A1, En route (ENR),near Madh Island,India,2,2, Damaged beyond repair,-,Fokker F-27 Friendship 200,2,Rolls-Royce Dart 552-7R,1984,-,-, VT-SSA, 10670,Elbee Airlines,Cargo,-,Mumbai-Chhatrapati Shivaji International Airport,BOM,VABB,India,Bangalore-Hindustan Airport,BLR,VOBG,India,2,0,2,0,-,-,Final
19970703-1,Thursday,03-JUL-1997,10:00,A1, Takeoff (TOF),"Rio de Janeiro-Santos Dumont Airport, RJ (SDU)",Brazil,5,0, Damaged beyond repair,-,Cessna 500 Citation I,-,-,-,-,-, PT-ILJ, 500-0057,Riana Táxi Aéreo,Domestic Non Scheduled Passenger,-,Rio de Janeiro-Santos Dumont Airport,SDU,SBRJ,Brazil,São José dos Campos Airport,SJK,SBSJ,Brazil,2,3,0,0,-,-,-
19970709-0,Wednesday,09-JUL-1997,11:57,A1, Approach (APR),Ambon-Pattimura Airport (AMQ),Indonesia,3,3, Damaged beyond repair,-,CASA/Nurtanio NC-212-AB4 Aviocar 200,2,Garrett TPE331-10-511C,1981,-,-, PK-NCS, 201/41N,Merpati Nusantara,Ferry/positioning,MZ7979,Langgur-Dumatubun Airport,LUV,WAPL,Indonesia,Ambon-Pattimura Airport,AMQ,WAPP,Indonesia,3,0,3,0,-,-,-
19970709-1,Wednesday,09-JUL-1997,08:48,C2, En route (ENR),"near Suzano, SP",Brazil,60,1, Substantial, Repaired,Fokker 100,2,Rolls-Royce Tay 650-15,1993,-,-, PT-WHK, 11452,TAM,Domestic Scheduled Passenger, 283,São José dos Campos Airport,SJK,SBSJ,Brazil,São Paulo-Congonhas Airport,CGH,SBSP,Brazil,5,55,0,1,-,-,-
19970711-0,Friday,11-JUL-1997,21:56,A1, En route (ENR),5 km (3.1 mls) off  Santiago-Antonio Maceo Airport (SCU),Cuba,44,44, Damaged beyond repair,-,Antonov An-24RV,2,Ivchenko AI-24VT,1972,-,-, CU-T1262, 27307610,Cubana,Domestic Scheduled Passenger,CU787,Santiago-Antonio Maceo Airport,SCU,MUCU,Cuba,Havana-José Martí International Airport,HAV,MUHA,Cuba,5,39,5,39,-,-,-
19970713-0,Sunday,13-JUL-1997,-,A1, Unknown (UNK),Beiersdorf,Germany,-,-, Damaged beyond repair,-,Antonov An-2R,-,-,-,-,-, OK-JII, 1G184-42,private,Unknown,-,-,-,-,-,-,-,-,-,-,-,-,-,-,-,-
19970715-0,Tuesday,15-JUL-1997,19:53,A1, Landing (LDG),"Avon Park Municipal Airport, FL (AVO)",United States of America,2,0, Destroyed, Written off (damaged beyond repair),Learjet 35A,2,Garrett TFE731-2-2B,1980,-,13726.0, N19LH, 35A-279,Orion Aircraft Sales,Ferry/positioning,-,Fort Lauderdale-Executive Airport,FXE,KFXE,United States of America,Avon Park Municipal Airport,AVO,KAVO,United States of America,2,0,0,0,-,-,Final
19970717-0,Thursday,17-JUL-1997,11:55,A1, Approach (APR),Bandung,Indonesia,50,28, Damaged beyond repair,-,Fokker F-27 Friendship 600,2,Rolls-Royce Dart 532-7,1969,-,-, PK-YPM, 10415,Trigana Air Service,Domestic Scheduled Passenger, 304,Bandung-Husein Sastranegara Airport,BDO,WICC,Indonesia,Jakarta-Soekarno-Hatta International Airport,CGK,WIII,Indonesia,5,45,5,23,-,-,-
19970717-1,Thursday,17-JUL-1997,10:56,A1, Initial climb (ICL),near Tula Airport (TYA),Russia,7,4, Damaged beyond repair,-,Antonov An-2R,-,-,1981,-,-, RA-84700, 1G192-18,Tula Air Enterprise,Ferry/positioning,-,Tula Airport,TYA,UUWV,Russia,-,-,-,-,2,5,1,3,-,-,-
19970718-0,Friday,18-JUL-1997,10:32,A1, Approach (APR),"8,3 km (5.2 mls) NE of Goroka Airport (GKA)",Papua New Guinea,4,2, Damaged beyond repair,-,de Havilland Canada DHC-6 Twin Otter 300,2,Pratt & Whitney Canada PT6A-27,1969,-,-, P2-MMU, 250,Goroka Air Services,Domestic Non Scheduled Passenger,-,Kundiawa-Chimbu Airport,CMU,AYCH,Papua New Guinea,Goroka Airport,GKA,AYGA,Papua New Guinea,1,3,1,1,-,-,-
19970721-0,Monday,21-JUL-1997,18:30,A2, Landing (LDG),"Naknek Airport, AK (NNK)",United States of America,3,0, Substantial, Repaired,Cessna 208 Caravan I,1,Pratt & Whitney Canada PT6A-114,1985,-,8670.0, N9481F, 20800070,PenAir,Domestic Scheduled Passenger, 354,King Salmon Airport,AKN,PAKN,United States of America,-,-,-,-,1,2,0,0,-,-,Final
19970721-1,Monday,21-JUL-1997,13:08,A1, En route (ENR),48 km (30 mls) S of Ranong,Thailand,2,2, Damaged beyond repair,-,Learjet 31,2,Garrett TFE731-2-3B,1993,-,-, 9V-ATD, 31-033B,Singapore Airlines,Training,-,Phuket International Airport,HKT,VTSP,Thailand,Ranong Airport,UNN,VTSR,Thailand,2,0,2,0,-,-,-
19970721-2,Monday,21-JUL-1997,13:49,A2, Landing (LDG),"Elko, NV",United States of America,2,0, Substantial, Repaired,de Havilland Canada DHC-6 Twin Otter 300,-,-,1980,-,12152.0, N776BF, 672,Continental Aviation Services,Private,-,Reno/Tahoe International Airport,RNO,KRNO,United States of America,Elko Airport,EKO,KEKO,United States of America,2,0,0,0,-,-,Final
19970723-0,Wednesday,23-JUL-1997,10:15,A1, En route (ENR),"Serra da Mantiqueira, PE",Brazil,4,4, Damaged beyond repair,-,Embraer C-95B Bandeirante (EMB-110),-,-,1980,-,-, 2310, 110317,Brazilian AF,Military,-,Resende Airport,REZ,SDRS,Brazil,Guaratinguetá Airport,GUJ,SBGW,Brazil,4,0,4,0,-,-,-
19970729-0,Tuesday,29-JUL-1997,-,A1, Landing (LDG),Calabar Airport (CBQ),Nigeria,55,1, Damaged beyond repair,-,BAC One-Eleven 203AE,2,Rolls-Royce Spey 506-14D,1965,-,-, 5N-BAA, 041,ADC Airlines,Domestic Scheduled Passenger,-,Lagos-Murtala Muhammed International Airport,LOS,DNMM,Nigeria,Calabar Airport,CBQ,DNCA,Nigeria,6,49,1,0,-,-,-
19970730-0,Wednesday,30-JUL-1997,11:10,A1, Landing (LDG),Florence-Peretola Airport (FLR),Italy,17,1, Damaged beyond repair,-,ATR 42-512,2,Pratt & Whitney Canada PW127E,1996,-,-, F-GPYE, 492,Air Littoral,International Scheduled Passenger, 701,Nice-Côte d'Azur Airport,NCE,LFMN,France,Florence-Peretola Airport,FLR,LIRQ,Italy,3,14,1,0,-,-,Preliminary
19970731-0,Thursday,31-JUL-1997,01:31,A1, Landing (LDG),"Newark International Airport, NJ (EWR)",United States of America,5,0, Destroyed, Written off (damaged beyond repair),McDonnell Douglas MD-11F,3,General Electric CF6-80C2D1F,1993,2950.0,13034.0, N611FE, 48604/553,FedEx,Cargo,  14,Anchorage International Airport,ANC,PANC,United States of America,Newark International Airport,EWR,KEWR,United States of America,3,2,0,0,-,-,Final
19970801-0,Friday,01-AUG-1997,15:00,A1, Maneuvering (MNV),"San Vincente Reservoir, CA",United States of America,2,0, Destroyed, Written off (damaged beyond repair),Canadian Vickers PBV-1A Canso A (PBY-5A),2,Pratt & Whitney R-1830-92,-,-,17427.0, N322FA, CV-560 ,Airborne Fire Attack,Fire fighting,-,Santa Ana-John Wayne International Airport,SNA,KSNA,United States of America,Santa Ana-John Wayne International Airport,SNA,KSNA,United States of America,2,0,0,0,-,-,Final
19970803-0,Sunday,03-AUG-1997,17:48,A1, Takeoff (TOF),Douala Airport (DLA),Cameroon,114,0, Damaged beyond repair,-,Boeing 737-242C,2,Pratt & Whitney JT8D-9A,1969,-,-, TU-TAV, 19848/157,Air Afrique,International Scheduled Passenger, 816,Douala Airport,DLA,FKKD,Cameroon,Bangui Airport,BGF,FEFF,Central African Republic,8,106,0,0,-,-,-
19970806-0,Wednesday,06-AUG-1997,01:42,A1, Approach (APR),"4,8 km (3 mls) SW of Guam-Agana International Airport (GUM)",Guam,254,228, Destroyed, Written off (damaged beyond repair),Boeing 747-3B5,4,Pratt & Whitney JT9D-7R4G2,1984,8552.0,50105.0, HL7468, 22487/605,Korean Air,International Scheduled Passenger,KE801,Seoul-Gimpo (Kimpo) International Airport,SEL,RKSS,South Korea,Guam-A.B. Won Pat International Airport,GUM,PGUM,Guam,23,231,22,206,-,-,Final
19970807-0,Thursday,07-AUG-1997,12:36,A1, Initial climb (ICL),"Miami International Airport, FL (MIA)",United States of America,4,4, Destroyed, Written off (damaged beyond repair),McDonnell Douglas DC-8-61F,4,Pratt & Whitney JT3D-3B,1968,41688.0,46825.0, N27UA, 45942/349,Fine Air,Cargo, 101A,Miami International Airport,MIA,KMIA,United States of America,Santo Domingo-Las Américas International Airport,SDQ,MDSD,Dominican Republic,3,1,3,1,-,1,Final
19970807-1,Thursday,07-AUG-1997,12:48,A1, Landing (LDG),Fajardo Airport (FAJ),Puerto Rico,4,0, Damaged beyond repair,-,Britten-Norman BN-2A Islander,2,Lycoming O-540-E4C5,1971,-,-, N1202S, 193,Aero Biekes,Private,-,Vieques Airport,VQS,TJCG,Puerto Rico,Fajardo Airport,FAJ,TJFA,Puerto Rico,1,3,0,0,-,-,Final
19970809-0,Saturday,09-AUG-1997,-,H2, En route (ENR),Franceville/Mvengue Airport (MVB),Gabon,100,0, None,-,Boeing 727,-,-,-,-,-, registration unknown,-,Air Gabon,Int'l Non Scheduled Passenger,-,Franceville/Mvengue Airport,MVB,FOON,Gabon,Kigali-Gregoire Kayibanda Airport,KGL,HRYR,Rwanda,-,-,0,0,-,-,-
19970810-0,Sunday,10-AUG-1997,08:14,A1, Approach (APR),1 km (0.6 mls) from  Matsu Airport (MFK),Taiwan,16,16, Damaged beyond repair,-,Dornier 228-212,2,Garrett TPE331-5A-252D,1993,-,-, B-12256, 8220,Formosa Airlines,Domestic Scheduled Passenger,7601,Taipei-Songshan Airport,TSA,RCSS,Taiwan,Matsu Airport,MFK,RCMT,Taiwan,2,14,2,14,-,-,-
19970812-0,Tuesday,12-AUG-1997,17:41,A1, Landing (LDG),Thessaloniki International Airport (SKG),Greece,35,0, Damaged beyond repair,-,Boeing 727-230,3,Pratt & Whitney JT8D-15,1974,-,-, SX-CBI, 20791/1022,Olympic Airways,Domestic Scheduled Passenger, 171,Athens-Ellinikon International Airport,ATH,LGAT,Greece,Thessaloniki International Airport,SKG,LGTS,Greece,9,26,0,0,-,-,-
19970813-0,Wednesday,13-AUG-1997,19:13,A1, Landing (LDG),"Seattle/Tacoma International Airport, WA (SEA)",United States of America,1,0, Destroyed, Written off (damaged beyond repair),Beechcraft 1900C,2,Pratt & Whitney Canada PT6A-65B,1985,-,23892.0, N3172A, UB-47,Ameriflight,Cargo, 262,Portland International Airport,PDX,KPDX,United States of America,Seattle/Tacoma International Airport,SEA,KSEA,United States of America,1,0,0,0,-,-,Final
19970814-0,Thursday,14-AUG-1997,06:11,A1, Approach (APR),"0,3 km (0.2 mls) NW of Dalton Municipal Airport, GA (DNN)",United States of America,1,1, Damaged beyond repair,-,Beechcraft 200 Super King Air,2,Pratt & Whitney Canada PT6A-41,1978,-,6328.0, N74EJ, BB-340,Colvin Aviation,Ferry/positioning, 740,Athens Airport,AHN,KAHN,United States of America,Dalton Municipal Airport,DNN,KDNN,United States of America,1,0,1,0,-,-,Final
19970815-1,Friday,15-AUG-1997,19:25,A1, En route (ENR),"near Cocal do Sul, SC",Brazil,2,2, Damaged beyond repair,-,Cessna 550 Citation II,2,Pratt & Whitney Canada JT15D-4,1978,-,-, PT-LML, 550-0013,Riana Táxi Aéreo,Unknown,-,Porto Alegre-Salgado Filho International Airport,POA,SBPA,Brazil,-,-,-,-,2,0,2,0,-,-,Final
19970819-0,Tuesday,19-AUG-1997,22:21,A1, Landing (LDG),"Des Moines Airport, IA (DSM)",United States of America,1,0, Substantial, Written off (damaged beyond repair),Swearingen SA226-TC Metro II,2,Garrett TPE331-10UA,1977,-,51119.0, N224AM, TC-227,Superior Aviation,Cargo,-,Wichita-Mid-Continent Airport,ICT,KICT,United States of America,Des Moines Airport,DSM,KDSM,United States of America,1,0,0,0,-,-,Final
19970819-1,Tuesday,19-AUG-1997,-,A1, Landing (LDG),Lukapa Airport (LBZ),Angola,-,0, Damaged beyond repair,-,Boeing 727-23F,3,Pratt & Whitney JT8D-7B,1966,-,-, D2-TJC, 19180/251,Angola Air Charter,Unknown,-,-,-,-,-,Lukapa Airport,LBZ,FNLK,Angola,-,-,0,0,-,-,-
19970821-0,Thursday,21-AUG-1997,-,A1, Landing (LDG),Bamyan Airport (BIN),Afghanistan,7,7, Damaged beyond repair,-,Antonov An-32,2,Ivchenko AI-20,-,-,-, registration unknown,-,United Front Air Force,Military,-,Mazar-I-Sharif Airport,MZR,OAMS,Afghanistan,Bamyan Airport,BIN,OABN,Afghanistan,-,-,-,-,-,-,-
19970821-1,Thursday,21-AUG-1997,15:00,A2, Landing (LDG),"Gan Gan Airport, NT",Australia,-,0, Substantial, Repaired,IRMA/Britten-Norman BN-2A-26 Islander,-,-,1977,-,-, VH-LHA, 856,Laynhapuy Homelands Association,Domestic Non Scheduled Passenger,-,Gove-Nhulunbuy Airport,GOV,YPGV,Australia,-,-,-,-,-,-,0,0,-,-,Final
19970822-0,Friday,22-AUG-1997,14:38,A1, Landing (LDG),"San Cristóbal Airport (SCY), Galapagos",Ecuador,56,0, Damaged beyond repair,-,Boeing 727-251,3,Pratt & Whitney JT8D-15/-15A,1977,-,-, HC-BVU, 21322/1265,SAETA,Domestic Scheduled Passenger,-,Guayaquil-Simon Bolivar Airport,GYE,SEGU,Ecuador,San Cristobal Airport,SCY,SEST,Ecuador,9,47,0,0,-,-,-
19970827-0,Wednesday,27-AUG-1997,-,U1, Unknown (UNK),Punta Pájaros,Mexico,-,-, Damaged beyond repair,-,Dornier Do 28D-2 Skyservant,-,-,-,-,-, XA-THZ, 4184,private,Unknown,-,-,-,-,-,-,-,-,-,-,-,-,-,-,-,-
19970901-1,Monday,01-SEP-1997,21:10,A2, Landing (LDG),"Seattle/Tacoma International Airport, WA (SEA)",United States of America,116,0, Substantial, Repaired,McDonnell Douglas MD-82,2,Pratt & Whitney JT8D-217,1982,-,45378.0, N951AS, 49111/1064,Alaska Airlines,Domestic Scheduled Passenger,AS255,Los Angeles International Airport,LAX,KLAX,United States of America,Seattle/Tacoma International Airport,SEA,KSEA,United States of America,5,111,0,0,-,-,Final
19970902-0,Tuesday,02-SEP-1997,10:20,A1, Landing (LDG),"Aberdeen, MS",United States of America,2,0, Damaged beyond repair,-,Learjet 31,2,Garrett TFE731-2-3B,-,-,-, N71JC, 31-008 ,North American Plastics,Unknown,-,-,-,-,-,-,-,-,-,2,0,0,0,-,-,-
19970902-1,Tuesday,02-SEP-1997,-,A1, Landing (LDG),"Fayetteville-Pope AFB, NC (POB)",United States of America,11,0, Damaged beyond repair,-,Boeing EC-135C,4,Pratt & Whitney TF33-P-9,1964,-,-, 63-8053, 18701/C113,USAF,Military,-,-,-,-,-,Fayetteville-Pope AFB,POB,KPOB,United States of America,11,0,0,0,-,-,-
19970903-0,Wednesday,03-SEP-1997,14:00,A1, Approach (APR),Phnom Penh-Pochentong Airport (PNH),Cambodia,66,65, Destroyed, Written off (damaged beyond repair),Tupolev Tu-134B-3,2,Soloviev D-30-III,1984,8209.0,11723.0, VN-A120, 66360,Vietnam Airlines,International Scheduled Passenger,VN815,Ho Chi Minh City-Tan Son Nhat International Airport,SGN,VVTS,Vietnam,Phnom Penh-Pochentong Airport,PNH,VDPP,Cambodia,6,60,6,59,-,-,-
19970905-0,Friday,05-SEP-1997,-,A1, Landing (LDG),Bondo Airport,Democratic Republic of the Congo,-,0, Damaged beyond repair,-,IRMA/Britten-Norman BN-2A-9 Islander,-,-,1977,-,-, F-OHFY, 829,ASF Belgique,Unknown,-,-,-,-,-,-,-,-,-,-,-,0,0,-,-,-
19970906-0,Saturday,06-SEP-1997,19:42,A1, Approach (APR),"13,7 km (8.6 mls) S of Miri Airport (MYY)",Malaysia,10,10, Destroyed, Written off (damaged beyond repair),Dornier 228-212,-,-,1993,-,-, 9M-MIA, 8217,Merpati Intan,International Scheduled Passenger,BI238,Bandar Seri Begawan-Brunei International Airport,BWN,WBSB,Brunei,Miri Airport,MYY,WBGR,Malaysia,2,8,2,8,-,-,-
19970906-1,Saturday,06-SEP-1997,06:20,A2, Takeoff (TOF),Beijing-Capital Airport (PEK),China,209,0, Substantial, Repaired,Boeing 767-375ER,2,General Electric CF6-80C2B6F,1989,-,35672.0, C-FTCA, 24307/259,Canadian Airlines,International Scheduled Passenger,  30,Beijing-Capital Airport,PEK,ZBAA,China,Vancouver International Airport,YVR,CYVR,Canada,10,199,0,0,-,-,Final
19970906-2,Saturday,06-SEP-1997,09:45,A1, Takeoff (TOF),Nejran Airport (EAM),Saudi Arabia,85,0, Damaged beyond repair,-,Boeing 737-268,2,Pratt & Whitney JT8D-15,1976,-,-, HZ-AGM, 21282/476,Saudi Arabian,Domestic Scheduled Passenger,1861,Nejran Airport,EAM,OENG,Saudi Arabia,Sharurah Airport,SHW,OESH,Saudi Arabia,6,79,0,0,-,-,-
19970908-0,Monday,08-SEP-1997,15:45,A2, Standing (STD),"Buckland Airport, AK (BKC)",United States of America,10,0, Substantial, Repaired,Cessna 208B Grand Caravan,1,Pratt & Whitney Canada PT6A-114A,1994,-,3563.0, N1123R, 208B0395,Bering Air,Domestic Non Scheduled Passenger,-,Buckland Airport,BKC,PABL,United States of America,Noorvik-Curtis Memorial Airport,ORV,PFNO,United States of America,1,9,0,0,-,-,Final
19970912-0,Friday,12-SEP-1997,-,A1, Takeoff (TOF),Nguru,Nigeria,10,0, Damaged beyond repair,-,Dornier 228-212,-,-,1994,-,-, NAF034-1229, 8230,Nigerian AF,Military,-,-,-,-,-,-,-,-,-,2,8,0,0,-,-,-
19970912-1,Friday,12-SEP-1997,-,A1, En route (ENR),Minembwe Mountains,Democratic Republic of the Congo,19,19, Damaged beyond repair,-,de Havilland Canada DHC-6 Twin Otter 300,2,Pratt & Whitney Canada PT6A-27,1979,-,-, 9Q-CRY, 612,TMK Air Commuter,Domestic Scheduled Passenger,-,Bukavu-Kamenbe Airport,BKY,FZMA,Democratic Republic of the Congo,-,-,-,-,-,-,-,-,-,-,-
19970913-0,Saturday,13-SEP-1997,17:10,A1, En route (ENR),120 km (75 mls) W off  Namibia,Atlantic Ocean,24,24, Destroyed, Written off (damaged beyond repair),Tupolev Tu-154M,3,Soloviev D-30KU-154-II,1989,-,-, 11+02, 89A813,German AF,Military, 074,Niamey Airport,NIM,DRRN,Niger,Windhoek-Hosea Kutako International Airport,WDH,FYWE,Namibia,10,14,10,14,9,-,Final
19970913-1,Saturday,13-SEP-1997,17:10,A1, En route (ENR),120 km (75 mls) W off  Namibia,Atlantic Ocean,9,9, Destroyed, Written off (damaged beyond repair),Lockheed C-141B Starlifter,4,Pratt & Whitney TF33-P-7,-,-,36430.0, 65-9405, 300-6142,USAF,Military,-,Windhoek-Hosea Kutako International Airport,WDH,FYWE,Namibia,Georgetown-Wideawake Field,ASI,FHAW,St. Helena,9,0,9,0,24,-,Final
19970914-0,Sunday,14-SEP-1997,20:00,A1, Landing (LDG),Pereira-Matecaña Airport (PEI),Colombia,44,0, Damaged beyond repair,-,de Havilland Canada DHC-8-301,2,Pratt & Whitney Canada PW123,1990,-,-, HK-4062X, 196,Intercontinental de Aviación,Domestic Scheduled Passenger,-,Bogotá-Eldorado Airport,BOG,SKBO,Colombia,Pereira-Matecaña Airport,PEI,SKPE,Colombia,5,39,0,0,-,-,-
19970923-0,Tuesday,23-SEP-1997,-,A1, Landing (LDG),Chania-Soúda Airport (CHQ),Greece,26,0, Damaged beyond repair,-,Lockheed EP-3E Orion,-,-,1968,-,-, 157320, 185-5535,US Navy,Military,-,-,-,-,-,Chania-Soúda Airport,CHQ,LGSA,Greece,-,-,0,0,-,-,-
19970923-1,Tuesday,23-SEP-1997,-,A1, Unknown (UNK),at an unknown location,Unknown country,-,-, Damaged beyond repair,-,Antonov An-2R,-,-,-,-,-, Z3-BGI, 1G148-33,Boniair,Unknown,-,-,-,-,-,-,-,-,-,-,-,-,-,-,-,-
19970926-0,Friday,26-SEP-1997,13:34,A1, Approach (APR),25 km (15.6 mls) SSW of Medan-Polonia Airport (MES),Indonesia,234,234, Destroyed, Written off (damaged beyond repair),Airbus A300B4-220,2,Pratt & Whitney JT9D-59A,1982,16593.0,27095.0, PK-GAI, 214,Garuda,Domestic Scheduled Passenger,GA152,Jakarta-Soekarno-Hatta International Airport,CGK,WIII,Indonesia,Medan-Polonia Airport,MES,WIMM,Indonesia,12,222,12,222,-,-,Final
19970926-1,Friday,26-SEP-1997,21:00,A1, Approach (APR),11 km (6.9 mls) from  Khabarovsk,Russia,7,0, Damaged beyond repair,-,Let L-410UVP,2,Walter M-601D,1984,-,-, RA-67474, 841239,Vostok Aviakompania,Domestic Scheduled Passenger,-,-,-,-,-,Khabarovsk-Novy Airport,KHV,UHHH,Russia,2,5,0,0,-,-,-
19971001-0,Wednesday,01-OCT-1997,04:36,A1, Taxi (TXI),"Denver-Stapleton International Airport, CO (DEN)",United States of America,3,0, Substantial, Written off (damaged beyond repair),Boeing 727-51C,3,Pratt & Whitney JT8D-7B,1966,45215.0,47098.0, N414EX, 18899/256,Ryan Int. Airlines,Cargo, 607,Denver-Stapleton International Airport,DEN,KDEN,United States of America,San Francisco International Airport,SFO,KSFO,United States of America,3,0,0,0,-,-,Final
19971006-0,Monday,06-OCT-1997,-,H2, En route (ENR),Bandar Abbas Airport (BND),Iran,-,0, Unknown,-,unknown,-,-,-,-,-, registration unknown,-,Iran Air,Domestic Scheduled Passenger, 257,Tehran-Mehrabad Airport,THR,OIII,Iran,Bandar Abbas Airport,BND,OIKB,Iran,-,-,0,0,-,-,-
19971007-0,Tuesday,07-OCT-1997,-,O1, Standing (STD),Brazzaville-Maya Maya Airport (BZV),Congo,0,0, Damaged beyond repair,-,Fokker F-28 Fellowship 1000,2,Rolls-Royce Spey 555-15,1973,-,-, TN-ACP, 11072,Lina Congo,-,-,-,-,-,-,-,-,-,-,0,0,0,0,-,-,-
19971008-0,Wednesday,08-OCT-1997,07:23,A1, En route (ENR),"33 km (20.6 mls) SW of Montrose, CO",United States of America,9,9, Destroyed, Written off (damaged beyond repair),Cessna 208B Grand Caravan,1,Pratt & Whitney Canada PT6A-114A,1995,3680.0,2599.0, N12022, 208B0432,Scenic Airlines,Domestic Non Scheduled Passenger,-,Montrose County Airport,MTJ,KMTJ,United States of America,Page Airport,PGA,KPGA,United States of America,1,8,1,8,-,-,Final
19971010-0,Friday,10-OCT-1997,22:10,A1, En route (ENR),21 km (13.1 mls) E of Nuevo Berlin,Uruguay,74,74, Destroyed, Written off (damaged beyond repair),McDonnell Douglas DC-9-32,2,Pratt & Whitney JT8D-7B,1969,54800.0,56854.0, LV-WEG, 47446/561,Austral Lineas Aéreas,Domestic Scheduled Passenger,AU2553,Posadas Airport,PSS,SARP,Argentina,Buenos Aires-Jorge Newbery Airport,AEP,SABE,Argentina,5,69,5,69,-,-,Final
19971010-1,Friday,10-OCT-1997,-,A1, Unknown (UNK),Taipei-Songshan Airport (TSA),Taiwan,5,5, Damaged beyond repair,-,Lockheed C-130H Hercules,-,-,1986,-,-, 1310, 5067,Republic of China AF,Military,-,-,-,-,-,Taipei-Songshan Airport,TSA,RCSS,Taiwan,5,0,5,0,-,-,-
19971010-2,Friday,10-OCT-1997,-,A1, Approach (APR),5 km (3.1 mls) from  Banjul,Gambia,9,8, Damaged beyond repair,-,Beechcraft 200 Super King Air,-,-,1977,-,-, EC-ERQ, BB-218,NAYSA Aerotaxis,Int'l Non Scheduled Passenger,-,Las Palmas-Airport de Gran Canaria,LPA,GCLP,Spain,Banjul-Yundum International Airport,BJL,GBYD,Gambia,2,7,2,6,-,-,-
19971013-0,Monday,13-OCT-1997,-,A1, Landing (LDG),Yogyakarta-Adisutjipto Airport (JOG),Indonesia,10,0, Damaged beyond repair,-,British Aerospace BAe-748-401 LFD Srs. 2B,-,-,1980,-,-, PK-IHO, 1774,Bouraq Indonesia,Domestic Scheduled Passenger,-,-,-,-,-,Yogyakarta-Adisutjipto Airport,JOG,WARJ,Indonesia,5,5,0,0,-,-,Preliminary - official
19971015-0,Wednesday,15-OCT-1997,20:30,A1, Landing (LDG),Mexico City-Juarez International Airport (MEX),Mexico,72,0, Damaged beyond repair,-,McDonnell Douglas DC-9-32,2,Pratt & Whitney JT8D-17,1974,-,-, XA-DEJ, 47594/717,Aeroméxico,Scheduled Passenger,-,-,-,-,-,Mexico City-Benito Juárez International Airport,MEX,MMMX,Mexico,5,67,0,0,-,-,-
19971018-0,Saturday,18-OCT-1997,-,A1, En route (ENR),"near São Paulo, SP",Brazil,2,0, Damaged beyond repair,-,Cessna 208A Caravan I,1,Pratt & Whitney Canada PT6A-114,1985,-,-, PT-OGC, 20800064,TAM,Cargo,-,Vitória-Goiabeiras Airport,VIX,SBVT,Brazil,-,-,-,-,2,0,0,0,-,-,-
19971021-0,Tuesday,21-OCT-1997,-,A1, Landing (LDG),near Jamba,Angola,-,0, Damaged beyond repair,-,Douglas DC-3A,-,-,1939,-,-, ZS-JMP, 2119,Unknown,Unknown,-,-,-,-,-,-,-,-,-,-,-,0,0,-,-,-
19971028-0,Tuesday,28-OCT-1997,16:17,A1, Landing (LDG),Ambato-Chachoan Airport (ATF),Ecuador,7,0, Damaged beyond repair,-,Fairchild FH-227D,2,Rolls-Royce Dart 532-7,1968,-,-, HC-BUF, 573,Aerogal,Ferry/positioning,-,Quito-Mariscal Sucre Airport,UIO,SEQU,Ecuador,Ambato-Chachoan Airport,ATF,SEAM,Ecuador,2,5,0,0,-,-,Final
19971028-1,Tuesday,28-OCT-1997,-,A2, Takeoff (TOF),Jakarta-Soekarno-Hatta International Airport (CGK),Indonesia,63,0, Substantial, Repaired,Fokker F-28 Fellowship 3000,-,-,1980,-,-, PK-YPT, 11163,Trigana Air Service,Domestic Scheduled Passenger,-,Jakarta-Soekarno-Hatta International Airport,CGK,WIII,Indonesia,-,-,-,-,5,58,0,0,-,-,Preliminary - official
19971029-0,Wednesday,29-OCT-1997,-,A1, Landing (LDG),Jalalabad Airport (JAA),Afghanistan,-,1, Damaged beyond repair,-,Yakovlev Yak-40,3,Ivchenko AI-25,1974,-,-, YA-KAE, 9441037,Ariana Afghan Airlines,Unknown,-,-,-,-,-,Jalalabad Airport,JAA,OAJL,Afghanistan,-,-,-,-,-,-,-
19971029-1,Wednesday,29-OCT-1997,12:00,A2, Takeoff (TOF),"Sheboygan Memorial Airport, WI (SBM)",United States of America,4,0, Substantial, Repaired,Learjet 35A,-,-,1979,-,5787.0, N62MB, 35A-282,West Bend Air,Domestic Non Scheduled Passenger,-,Sheboygan Memorial Airport,SBM,KSBM,United States of America,Milwaukee-General Mitchell Airport,MKE,KMKE,United States of America,2,2,0,0,-,-,Final
19971031-2,Friday,31-OCT-1997,16:50,A1, Landing (LDG),"Canela Airport, RS",Brazil,3,3, Damaged beyond repair,-,Cessna 500 Citation I,-,-,-,-,-, PT-LQG, 500-0271,Iguaçu Rent a Car,Private,-,Curitiba-Afonso Pena International Airport,CWB,SBCT,Brazil,-,-,-,-,2,1,2,1,-,-,-
19971101-0,Saturday,01-NOV-1997,-,A1, Landing (LDG),Kinshasa-N'Djili Airport (FIH),Democratic Republic of the Congo,-,0, Damaged beyond repair,-,Boeing 707-323C,4,Pratt & Whitney JT3D-7 (HK),1968,-,-, 9Q-CKK, 19577/722,Congo Airlines,Unknown,-,-,-,-,-,Kinshasa-N'Djili Airport,FIH,FZAA,Democratic Republic of the Congo,-,-,0,0,-,-,Preliminary
19971102-0,Sunday,02-NOV-1997,12:57,A1, Landing (LDG),"Island Lake/Garden Hill Airport, MB (YIV)",Canada,11,0, Damaged beyond repair,-,Swearingen SA226-TC Metro II,-,-,1979,-,-, C-FNKN, TC-296,Perimeter Aviation,Domestic Scheduled Passenger,-,Winnipeg International Airport,YWG,CYWG,Canada,Island Lake/Garden Hill Airport,YIV,CYIV,Canada,2,9,0,0,-,-,Preliminary - official
19971105-1,Wednesday,05-NOV-1997,16:20,A2, Landing (LDG),London-Heathrow Airport (LHR),United Kingdom,114,0, Substantial, Repaired,Airbus A340-311,4,CFMI CFM56-5C2,1993,2104.0,19323.0, G-VSKY, 16,Virgin Atlantic,International Scheduled Passenger,-,Los Angeles International Airport,LAX,KLAX,United States of America,London-Heathrow Airport,LHR,EGLL,United Kingdom,16,98,0,0,-,-,Final
19971106-0,Thursday,06-NOV-1997,-,A1, Landing (LDG),Pokhara Airport (PKR),Nepal,48,0, Damaged beyond repair,-,Avro 748-106 Srs. 1A,2,Rolls-Royce Dart 533-2,1963,-,-, 9N-ACM, 1549,Necon Air,Domestic Scheduled Passenger,-,Kathmandu-Tribhuvan Airport,KTM,VNKT,Nepal,Pokhara Airport,PKR,VNPK,Nepal,4,44,0,0,-,-,-
19971107-0,Friday,07-NOV-1997,19:56,A1, Approach (APR),"West Memphis, AR",United States of America,2,0, Substantial, Written off (damaged beyond repair),Douglas C-47A-65-DL (DC-3C),2,Pratt & Whitney R-1830-92,1943,-,24516.0, N59316, 18986,McNeely Charter Service,Ferry/positioning,-,Gulfport-Biloxi Regional Airport,GPT,KGPT,United States of America,West Memphis Municipal Airport,AWM,KAWM,United States of America,2,0,0,0,-,-,Final
19971108-0,Saturday,08-NOV-1997,08:08,A1, Initial climb (ICL),"1,6 km (1 mls) NW of Barrow-Point Barrow Airport, AK (PBA)",United States of America,8,8, Destroyed, Written off (damaged beyond repair),Cessna 208B Grand Caravan,1,Pratt & Whitney Canada PT6A-114A,1996,-,1466.0, N750GC, 208B0504,Hageland Aviation Services,Domestic Scheduled Passenger, 500,-,-,-,-,Wainwright Airport,AIN,PAWI,United States of America,1,7,1,7,-,-,Final
19971108-1,Saturday,08-NOV-1997,-,A1, Landing (LDG),Bryansk International Airport (BZK),Russia,8,0, Damaged beyond repair,-,Antonov An-12,-,-,1961,-,-, RA-11327, 1400104,Aviaobshchemash,Unknown,-,Istanbul-Atatürk International Airport,IST,LTBA,Turkey,Bryansk International Airport,BZK,UUBP,Russia,6,2,0,0,-,-,Preliminary
19971109-0,Sunday,09-NOV-1997,-,A1, En route (ENR),9 km (5.6 mls) SW of Simbai,Papua New Guinea,4,0, Damaged beyond repair,-,de Havilland Canada DHC-6 Twin Otter 300,2,Pratt & Whitney Canada PT6A-27,1980,-,18208.0, VH-HPY, 706,Australian Army,Military,-,-,-,-,-,-,-,-,-,4,0,0,0,-,-,Final
19971113-0,Thursday,13-NOV-1997,12:38,A1, Approach (APR),"Madison, MS",United States of America,1,1, Damaged beyond repair,-,Beechcraft B100 King Air,-,-,-,-,-, N500ML, BE-78,A & H Aircraft Sales,Executive,-,Muscle Shoals Airport,MSL,KMSL,United States of America,Jackson International Airport,JAN,KJAN,United States of America,1,0,1,0,-,-,Final
19971115-0,Saturday,15-NOV-1997,23:51,A2, Landing (LDG),"Río Grande Airport, TF (RGA)",Argentina,16,0, Minor, Repaired,Swearingen SA226-TC Metro II,-,-,1979,-,-, LV-WDU, TC-310,Kaikén Líneas Aéreas,Domestic Scheduled Passenger, 721,Río Gallegos Internacional Airport,RGL,SAWG,Argentina,Río Grande Airport,RGA,SAWE,Argentina,2,14,0,0,-,-,Final
19971116-0,Sunday,16-NOV-1997,11:30,A1, Landing (LDG),Lae-Nadzab Airport (LAE),Papua New Guinea,45,0, Damaged beyond repair,-,Fokker F-28 Fellowship 1000,-,-,1970,-,-, P2-ANH, 11022,Air Niugini,Domestic Scheduled Passenger,-,Wewak-Boram Airport,WWK,AYWK,Papua New Guinea,Madang Airport,MAG,AYMD,Papua New Guinea,4,41,0,0,-,-,-
19971117-0,Monday,17-NOV-1997,-,A1, Unknown (UNK),off Marseille,France,2,1, Damaged beyond repair,-,Canadair CL-215-6B11 (CL-415),2,Pratt & Whitney Canada PW123AF,-,-,-, F-ZBFQ, 2025 ,Securité Civile,Unknown,-,-,-,-,-,-,-,-,-,2,0,1,0,-,-,-
19971118-0,Tuesday,18-NOV-1997,21:09,A1, Landing (LDG),Mwanza Airport (MWZ),Tanzania,4,0, Damaged beyond repair,-,McDonnell Douglas DC-8-54F,4,Pratt & Whitney JT3D-3B (Q),1968,-,-, EL-WVD, 45885/342,Cougar Cargo,Ferry/positioning,-,Entebbe Airport,EBB,HUEN,Uganda,Mwanza Airport,MWZ,HTMW,Tanzania,4,0,0,0,-,-,Preliminary - official
19971119-1,Wednesday,19-NOV-1997,-,A1, Landing (LDG),La Ceiba-Goloson International Airport (LCE),Honduras,11,0, Damaged beyond repair,-,GAF Nomad N.24A,-,-,1981,-,-, N244E, 119,Rollins Air,Scheduled Passenger,-,La Ceiba-Goloson International Airport,LCE,MHLC,Honduras,-,-,-,-,2,9,0,0,-,-,-
19971124-0,Monday,24-NOV-1997,10:15,A1, Approach (APR),La Ceiba,Honduras,12,0, Damaged beyond repair,-,GAF Nomad N.24A,-,-,1977,-,-, HR-AQY,  38,Rollins Air,Domestic Scheduled Passenger,-,La Ceiba-Goloson International Airport,LCE,MHLC,Honduras,Roatán Airport,RTB,MHRO,Honduras,2,10,0,0,-,-,-
19971125-0,Tuesday,25-NOV-1997,10:03,A2, Landing (LDG),"North Bay Airport, ON (YYB)",Canada,2,0, Substantial, Repaired,Cessna 208B Super Cargomaster,1,Pratt & Whitney Canada PT6A-114A,1988,-,-, C-FESA, 208B0049,Air Georgian,Cargo,-,North Bay Airport,YYB,CYYB,Canada,Sudbury Airport,YSB,CYSB,Canada,2,0,0,0,-,-,Preliminary - official
19971125-1,Tuesday,25-NOV-1997,08:13,A1, Landing (LDG),"Billings-Logan International Airport, MT (BIL)",United States of America,2,0, Substantial, Written off (damaged beyond repair),Shorts 360-100,-,-,1983,-,-, N691A, SH.3618,Corporate Air,Cargo,-,Great Falls International Airport,GTF,KGTF,United States of America,Billings-Logan International Airport,BIL,KBIL,United States of America,2,0,0,0,-,-,Final
19971127-0,Thursday,27-NOV-1997,-,A1, Landing (LDG),Emae Airport (EAE),Vanuatu,3,0, Substantial, Written off (damaged beyond repair),Britten-Norman BN-2A-26 Islander,-,-,1971,-,-, YJ-RV2, 172,Vanair,Domestic Scheduled Passenger,-,-,-,-,-,Emae Airport,EAE,NVSE,Vanuatu,1,2,0,0,-,-,Preliminary
19970102-0,Thursday,02-JAN-1997,18:35,A1, Approach (APR),"0,8 km (0.5 mls) SW of Edenton Municipal Airport, NC (EDE)",United States of America,2,2, Destroyed, Written off (damaged beyond repair),Cessna 208B Grand Caravan,1,Pratt & Whitney Canada PT6A-114A,1989,-,3520.0, N802TH, 208B0179,Tar Heel Aviation,Ferry/positioning,-,Manteo-Dare County Regional Airport,MEO,KMQI,United States of America,Edenton Municipal Airport,EDE,KEDE,United States of America,1,1,1,1,-,-,Final
19970103-0,Friday,03-JAN-1997,00:42,A1, Landing (LDG),Liverpool International Airport (LPL),United Kingdom,3,0, Damaged beyond repair,-,Shorts 330-100,2,Pratt & Whitney Canada PT6A-45R,1978,-,-, G-ZAPC, SH.3023,Titan Airways,Cargo,-,Exeter Airport,EXT,EGTE,United Kingdom,East Midlands Airport,EMA,EGNX,United Kingdom,2,1,0,0,-,-,Final
19970103-1,Friday,03-JAN-1997,11:10,A2, Takeoff (TOF),"Nakina Airport, ON (YQN)",Canada,1,0, Substantial, Repaired,Cessna 208B Grand Caravan,1,Pratt & Whitney Canada PT6A-114A,1994,-,-, C-FTZF, 208B0389,Nakina Outpost,Cargo,-,Nakina Airport,YQN,CYQN,Canada,Fort Hope Airport,YFH,CYFH,Canada,1,0,0,0,-,-,Final
19970105-0,Sunday,05-JAN-1997,12:43,A1, Approach (APR),"Bullhead City, AZ",United States of America,21,0, Destroyed, Written off (damaged beyond repair),Swearingen SA227-AC Metro III,2,Garrett TPE331-11U-612,1982,-,25111.0, N165SW, AC-514,Skylink Charter,Domestic Non Scheduled Passenger,-,Long Beach Municipal Airport,LGB,KLGB,United States of America,Grand Canyon-National Park Airport,GCN,KGCN,United States of America,2,19,0,0,-,-,Final
19970107-0,Tuesday,07-JAN-1997,10:38,A1, En route (ENR),4 km (2.5 mls) SW of Apia-Fagali'i Airport (FGI),Samoa,5,3, Damaged beyond repair,-,de Havilland Canada DHC-6 Twin Otter 300,2,Pratt & Whitney Canada PT6A-27,1980,-,-, 5W-FAU, 678,Polynesian Airlines,Domestic Scheduled Passenger, 211,Pago Pago International Airport,PPG,NSTU,American Samoa,Apia-Fagali'i Airport,FGI,NSFI,Samoa,2,3,1,2,-,-,Final
19970107-1,Tuesday,07-JAN-1997,-,H2, En route (ENR),Berlin-Tegel Airport (TXL),Germany,33,0, None,-,McDonnell Douglas DC-9-87 (MD-87),-,-,-,-,-, registration unknown,-,Austrian Airlines,International Scheduled Passenger,OS104,Berlin-Tegel Airport,TXL,EDDT,Germany,Wien-Schwechat International Airport,VIE,LOWW,Austria,5,28,0,0,-,-,-
19970109-0,Thursday,09-JAN-1997,15:54,A1, Approach (APR),"near Monroe, MI",United States of America,29,29, Destroyed, Written off (damaged beyond repair),Embraer EMB-120RT Brasilia,2,Pratt & Whitney Canada PW118,1991,12734.0,12752.0, N265CA, 120257,Delta Connection,Domestic Scheduled Passenger,3272,Cincinnati/Northern Kentucky Airport,CVG,KCVG,United States of America,Detroit-Metropolitan Wayne County Airport,DTW,KDTW,United States of America,3,26,3,26,-,-,Final
19970111-0,Saturday,11-JAN-1997,19:00,A1, Landing (LDG),Djerba-Zarzis Airport (DJE),Tunisia,21,0, Damaged beyond repair,-,Swearingen SA227-AC Metro III,2,Garrett TPE331-11U-611G,1989,-,-, EC-GKK, AC-730,Ibertrans Aérea,International Scheduled Passenger,-,Alicante Airport,ALC,LEAL,Spain,Djerba-Zarzis Airport,DJE,DTTJ,Tunisia,2,19,0,0,-,-,-
19970116-0,Thursday,16-JAN-1997,-,A1, Landing (LDG),Kananga Airport (KGA),Democratic Republic of the Congo,5,0, Damaged beyond repair,-,Boeing 707-331C,4,Pratt & Whitney JT3D-3B (HK),1967,-,-, P4-OOO, 19435/629,First Int. Airways,Cargo,-,-,-,-,-,Kananga Airport,KGA,FZUA,Democratic Republic of the Congo,5,0,0,0,-,-,-
19970116-1,Thursday,16-JAN-1997,14:28,A1, Landing (LDG),"Muscatine Airport, IA (MUT)",United States of America,2,0, Substantial, Written off (damaged beyond repair),Learjet 24,2,General Electric CJ610,-,-,-, N991TD, 24-124 ,Air Cargo Express,Ferry/positioning,-,-,-,-,-,-,-,-,-,2,0,0,0,-,-,Final
19970117-0,Friday,17-JAN-1997,-,A1, Takeoff (TOF),"near Uberaba Airport, MG (UBA)",Brazil,2,0, Damaged beyond repair,-,Fokker F-27 Friendship 500,2,Rolls-Royce Dart 532-7,1976,-,-, PT-LAM, 10539,TAM,Ferry/positioning,-,Uberaba Airport,UBA,SBUR,Brazil,-,-,-,-,2,0,0,0,-,-,-
19970120-0,Monday,20-JAN-1997,05:15,A1, En route (ENR),off Jaffna-Palaly Air Base (JAF),Sri Lanka,4,4, Damaged beyond repair,-,Harbin Yunshuji Y-12 II,2,Pratt & Whitney Canada PT6A-27,1986,-,-, CR851, 0013,Sri Lanka AF,Military,-,Jaffna-Palaly Air Base,JAF,VCCJ,Sri Lanka,Jaffna-Palaly Air Base,JAF,VCCJ,Sri Lanka,4,0,4,0,-,-,-
19970120-1,Monday,20-JAN-1997,-,H2, En route (ENR),Fukuoka Airport (FUK),Japan,192,0, None,-,Boeing 777-281,2,Pratt & Whitney PW4074,-,-,-, registration unknown,-,All Nippon,Domestic Scheduled Passenger,-,-,-,-,-,Fukuoka Airport,FUK,RJFF,Japan,10,182,0,0,-,-,-
19970122-0,Wednesday,22-JAN-1997,-,H2, Standing (STD),Nelson Airport (NSN),New Zealand,3,0, None,-,Saab 340A,-,-,-,-,-, registration unknown,-,Air Nelson,Domestic Scheduled Passenger,-,Auckland International Airport,AKL,NZAA,New Zealand,Nelson Airport,NSN,NZNS,New Zealand,3,0,0,0,-,-,-
19970124-0,Friday,24-JAN-1997,-,A1, Landing (LDG),Nuevo Laredo International Airport (NLD),Mexico,-,0, Damaged beyond repair,-,Convair CV-240-53 (HC-131A),2,Pratt & Whitney R-2800-99W,1954,-,-, XA-SOZ, 53-12,L.A. Mexicana de Carga,Unknown,-,-,-,-,-,Nuevo Laredo-Quetzalcoatl International Airport,NLD,MMNL,Mexico,-,-,0,0,-,-,-
19970125-0,Saturday,25-JAN-1997,12:38,A1, Landing (LDG),Chokurdah Airport (CKH),Russia,30,0, Damaged beyond repair,-,Antonov An-26,2,Ivchenko AI-24VT,1975,-,-, RA-26541, 2106,Kolyma-Avia,Domestic Scheduled Passenger,-,Tiksi Airport,IKS,UEST,Russia,Chokurdah Airport,CKH,UESO,Russia,6,24,0,0,-,-,-
19970125-1,Saturday,25-JAN-1997,14:54,A1, Takeoff (TOF),Anadyr Airport (DYR),Russia,26,0, Damaged beyond repair,-,Ilyushin Il-76TD,4,Soloviev D-30KP,1992,1083.0,3309.0, RA-76834, 1023409319,VASO,Ferry/positioning,-,Anadyr Airport,DYR,UHMA,Russia,Moskva-Zhukovsky (Ramenskoye) Airport,ZIA,UUBW,Russia,7,19,0,0,-,-,-
19970128-0,Tuesday,28-JAN-1997,17:00,A1, Takeoff (TOF),"Sept-Îles Airport, QC (YZV)",Canada,12,0, Substantial, Written off (damaged beyond repair),Beechcraft 200 Super King Air,-,-,1976,-,-, C-GCEV, BB-153,Propair,Domestic Scheduled Passenger,-,Sept-Îles Airport,YZV,CYZV,Canada,Montreal-Dorval International Airport,YUL,CYUL,Canada,2,10,0,0,-,-,Final
19970129-0,Wednesday,29-JAN-1997,23:10,A1, Approach (APR),"3,5 km (2.2 mls) W of Sparrevohn Airport, AK (SVW)",United States of America,2,1, Destroyed, Written off (damaged beyond repair),de Havilland Canada DHC-4A Caribou,2,Pratt & Whitney R-2000,1963,-,13923.0, N702SC, 126,Southcentral Air,Cargo,-,-,-,-,-,Kenai Airport,ENA,PAEN,United States of America,2,0,1,0,-,-,Final
19970129-1,Wednesday,29-JAN-1997,13:20,A1, Approach (APR),18 km (11.3 mls) from  Shushenskoye,Russia,27,0, Damaged beyond repair,-,Yakovlev Yak-40,3,Ivchenko AI-25,1972,-,-, RA-87552, 9210321,Cheremshanka Airlines,Domestic Scheduled Passenger,-,Noril'sk Airport,NSK,UOOO,Russia,-,-,-,-,4,23,0,0,-,-,Preliminary
19970131-0,Friday,31-JAN-1997,-,A1, Approach (APR),"0,7 km (0.4 mls) N of Yola Airport (YOL)",Nigeria,16,5, Damaged beyond repair,-,Embraer EMB-110P1A Bandeirante,2,Pratt & Whitney Canada PT6A-34,1984,-,-, 5N-AXS, 110458,Skypower Express,Domestic Non Scheduled Passenger,-,Jos Airport,JOS,DNJO,Nigeria,Yola Airport,YOL,DNYO,Nigeria,3,13,3,2,-,-,-
19970201-1,Saturday,01-FEB-1997,14:38,A1, Initial climb (ICL),Tambacounda Airport (TUD),Senegal,52,23, Damaged beyond repair,-,British Aerospace BAe-748-353 Srs. 2A,2,Rolls-Royce Dart 535-2,1979,-,-, 6V-AEO, 1769,Air Senegal,Domestic Non Scheduled Passenger,-,Tambacounda Airport,TUD,GOTT,Senegal,Dakar-Yoff Airport,DKR,GOOY,Senegal,3,49,3,20,-,-,-
19970201-2,Saturday,01-FEB-1997,-,A1, En route (ENR),Mount Balatukan,Philippines,2,2, Damaged beyond repair,-,Cessna 500 Citation I,2,Pratt & Whitney Canada JT15D-1,1974,-,-, RP-C1500, 500-0225,Airspan Corp.,Unknown,-,Cagayan de Oro-Lumbia Airport,CGY,RPML,Philippines,Butuan Airport,BXU,RPWE,Philippines,2,0,2,0,-,-,-
19970202-0,Sunday,02-FEB-1997,17:30,A1, En route (ENR),near Quibaxe,Angola,37,37, Damaged beyond repair,-,CASA C-212 Aviocar 200,-,-,1985,-,-, T-400, 325,Angolan AF,Military,-,Luanda-4 de Fevereiro Airport,LAD,FNLU,Angola,Cafunfo Airport,CFF,FNCF,Angola,4,33,4,33,-,-,-
19970204-0,Tuesday,04-FEB-1997,-,A1, Landing (LDG),Uruapan Airport (UPN),Mexico,12,0, Damaged beyond repair,-,Swearingen SA226-TC Metro II,2,Garrett TPE331-10UA-511G,1980,-,-, XA-HAO, TC-356,Aero Cuahonte,Scheduled Passenger,-,-,-,-,-,Uruapan Airport,UPN,MMPN,Mexico,2,10,0,0,-,-,-
19970206-0,Thursday,06-FEB-1997,14:40,A2, Landing (LDG),Antigua-V.C. Bird International Airport (ANU),Antigua and Barbuda,170,0, Substantial, Repaired,Airbus A300B4-605R,-,-,-,-,22804.0, N41063, 506,American Airlines,International Scheduled Passenger,AA699,San Juan-Luis Muñoz Marín International Airport,SJU,TJSJ,Puerto Rico,Antigua-V.C. Bird International Airport,ANU,TAPA,Antigua and Barbuda,9,161,0,0,-,-,Final
19970207-0,Friday,07-FEB-1997,10:11,A1, En route (ENR),"36,4 km (22.8 mls) SW of Salta-Martín Miguel de Güemes International Airport, SA (SLA)",Argentina,4,4, Damaged beyond repair,-,Dassault Falcon 20C,2,General Electric CF700-2D2,1966,-,15118.0, LV-WLH, 34,Air Service ,Cargo,-,Tucumán-Teniente General Benjamín Matienzo Airport,TUC,SANT,Argentina,Salta-Martín Miguel de Güemes International Airport,SLA,SASA,Argentina,2,2,2,2,-,-,Final
19970208-0,Saturday,08-FEB-1997,11:10,A2, En route (ENR),Nürnberg,Germany,149,0, Substantial, Repaired,Boeing 737-3L9,2,CFMI CFM56-3B2,1988,-,-, PH-TSW, 24219/1600,Transavia Airlines,Int'l Non Scheduled Passenger, 484,Salzburg-W. A. Mozart Airport,SZG,LOWS,Austria,Amsterdam-Schiphol International Airport,AMS,EHAM,Netherlands,4,145,0,0,-,-,-
19970210-0,Monday,10-FEB-1997,-,H2, En route (ENR),Guangzhou Airport (CAN),China,173,0, None,-,unknown,-,-,-,-,-, registration unknown,-,China Northwest,Domestic Scheduled Passenger,-,Chongqing-Jiangbei International Airport,CKG,ZUCK,China,Zhuhai Airport,ZUH,ZGUH,China,15,158,0,0,-,-,-
19970214-0,Friday,14-FEB-1997,12:34,A1, Landing (LDG),"Carajás Airport, PA (CKS)",Brazil,52,1, Damaged beyond repair,-,Boeing 737-2C3,2,Pratt & Whitney JT8D-17A,1975,-,-, PP-CJO, 21013/393,Varig,Domestic Scheduled Passenger, 265,Marabá Airport,MAB,SBMA,Brazil,Carajás Airport,CKS,SBCJ,Brazil,6,46,1,0,-,-,-
19970219-0,Wednesday,19-FEB-1997,03:06,A1, Approach (APR),"14,4 km (9 mls) S of Guatemala City-La Aurora Airport (GUA)",Guatemala,5,5, Damaged beyond repair,-,IAI 1124 Westwind,2,Garrett TFE731-3-1G,1977,-,-, YV-160CP, 211,Transpolar,Executive,-,Lima-Jorge Chávez International Airport,LIM,SPIM,Peru,Guatemala City-La Aurora Airport,GUA,MGGT,Guatemala,1,4,1,4,-,-,-
19970219-1,Wednesday,19-FEB-1997,-,A1, Landing (LDG),Semipalatinsk Airport (PLX),Kazakhstan,18,0, Damaged beyond repair,-,Yakovlev Yak-40,3,Ivchenko AI-25,1975,-,-, UN-87233, 9531842,SemeyAvia,Domestic Scheduled Passenger,-,-,-,-,-,Semipalatinsk Airport,PLX,UASS,Kazakhstan,4,14,0,0,-,-,-
19970221-0,Friday,21-FEB-1997,10:45,A1, Takeoff (TOF),Colombo-Ratmalana Airport (RML),Sri Lanka,63,3, Damaged beyond repair,-,Antonov An-32B,2,Ivchenko AI-20,-,-,-, CR865, 3510,Sri Lanka AF,Military,-,Colombo-Ratmalana Airport,RML,VCCC,Sri Lanka,Jaffna-Palaly Air Base,JAF,VCCJ,Sri Lanka,4,59,0,3,-,-,-
19970224-0,Monday,24-FEB-1997,-,A2, Takeoff (TOF),Tarakan-Juwata Airport (TRK),Indonesia,33,0, Substantial,-,Hawker Siddeley HS-748-235 Srs. 2A,-,-,1968,-,-, PK-IHG, 1627,Bouraq Indonesia,Domestic Scheduled Passenger,-,Tarakan-Juwata Airport,TRK,WALR,Indonesia,-,-,-,-,4,29,0,0,-,-,Preliminary - official
19970224-1,Monday,24-FEB-1997,-,A1, Approach (APR),5 km (3.1 mls) from  Kaduna Airport (KAD),Nigeria,3,3, Damaged beyond repair,-,Dornier Do 128-6 Turbo Skyservant,2,Pratt & Whitney Canada PT6A-110,-,-,-, NAF-017, 6007,Nigerian AF,Military,-,-,-,-,-,Kaduna Airport,KAD,DNKA,Nigeria,-,-,-,-,-,-,-
19970227-0,Thursday,27-FEB-1997,10:15,A1, Landing (LDG),"Greenville Downtown Airport, SC (GMU)",United States of America,2,0, Destroyed, Written off (damaged beyond repair),Learjet 35A,2,Garrett TFE731-2-2B,1980,-,-, N440HM, 35A-294,Colvin Aviation,Ferry/positioning,-,Atlanta-William B. Hartsfield International Airport,ATL,KATL,United States of America,Greenville Downtown Airport,GMU,KGMU,United States of America,2,0,0,0,-,-,Final
19970299-0,-,xx-FEB-1997,-,U1, Unknown (UNK),Charallave-Óscar Machado Zuloaga Airport,Venezuela,-,0, Damaged beyond repair,-,IAI 1123 Westwind,-,-,1973,-,-, N163DL, 163,East Coast Jet Center,Unknown,-,-,-,-,-,-,-,-,-,-,-,0,0,-,-,-
19970302-0,Sunday,02-MAR-1997,19:13,A1, Approach (APR),"2,4 km (1.5 mls) S of Salt Lake City International Airport, UT (SLC)",United States of America,4,1, Substantial, Written off (damaged beyond repair),Beechcraft 200 Super King Air,2,Pratt & Whitney Canada PT6A-41,1980,-,4692.0, N117WM, BB-662,Coast Hotels & Casinos,Executive,-,Las Vegas-McCarran International Airport,LAS,KLAS,United States of America,Salt Lake City International Airport,SLC,KSLC,United States of America,1,3,0,1,-,-,Final
19970303-0,Monday,03-MAR-1997,00:44,A1, Landing (LDG),"Vilhena Airport, RO (BVH)",Brazil,16,0, Damaged beyond repair,-,Embraer EMB-120RT Brasilia,2,Pratt & Whitney Canada PW118,1990,-,-, PT-MFC, 120206,Pantanal,Domestic Scheduled Passenger, 126,Campo Grande Internacional Airport,CGR,SBCG,Brazil,Vilhena Airport,BVH,SBVH,Brazil,3,13,0,0,-,-,Final
19970303-1,Monday,03-MAR-1997,07:00,A1, Takeoff (TOF),La Ceiba-Goloson International Airport (LCE),Honduras,21,0, Damaged beyond repair,-,Let L-410UVP-E,2,Walter M-601E,1986,-,-, HR-IAS, 861608,Isleña Airlines,Domestic Scheduled Passenger,-,La Ceiba-Goloson International Airport,LCE,MHLC,Honduras,Puerto Lempira Airport,PEU,MHPL,Honduras,2,19,0,0,-,-,-
19970303-2,Monday,03-MAR-1997,-,A1, Unknown (UNK),Ardebil,Iran,4,4, Damaged beyond repair,-,Dassault Falcon 20E,-,-,1976,-,-, 5-3020, 348,Iran Army,Military,-,-,-,-,-,-,-,-,-,-,-,-,-,-,-,-
19970304-0,Tuesday,04-MAR-1997,13:10,A2, Landing (LDG),"Barrie-Orillia Lake Simcoe Airport, ON (YLK)",Canada,1,1, Substantial, Repaired,Cessna 208B Super Cargomaster,1,Pratt & Whitney Canada PT6A-114,1988,-,-, C-FESJ, 208B0089,Air Georgian,Cargo, 926,Hamilton Airport,YHM,CYHM,Canada,Barrie-Orillia Lake Simcoe Airport,YLK,CYLS,Canada,1,0,1,0,-,-,Preliminary - official
19970306-0,Thursday,06-MAR-1997,-,C1, Standing (STD),Vavunativu Army Base,Sri Lanka,-,0, Damaged beyond repair,-,Harbin Yunshuji Y-12 II,2,Pratt & Whitney Canada PT6A-27,1987,-,-, CR856, 0020,Sri Lanka AF,Military,-,-,-,-,-,-,-,-,-,-,-,0,0,-,-,-
19970307-0,Friday,07-MAR-1997,14:00,A1, En route (ENR),"near Hampton, GA",United States of America,2,0, Substantial, Written off (damaged beyond repair),Convair CV-240-27,2,Pratt & Whitney R-2800-CB3,1953,-,16331.0, N357T, 340,Dodita Air Cargo,Ferry/positioning,-,-,-,-,-,Augusta-Bush Field,AGS,KAGS,United States of America,2,0,0,0,-,-,Final
19970307-1,Friday,07-MAR-1997,09:34,A1, En route (ENR),near La Felisa,Colombia,2,2, Destroyed, Written off (damaged beyond repair),Cessna 500 Citation I,2,Pratt & Whitney Canada JT15D-1A,1973,-,6274.0, HK-3885, 500-0135,ATO,Unknown,-,Pereira-Matecaña Airport,PEI,SKPE,Colombia,Medellín-Enrique Olaya Herrera Airport,EOH,SKMD,Colombia,2,0,2,0,-,-,Final
19970307-2,Friday,07-MAR-1997,09:00,A1, En route (ENR),near Guapiles,Costa Rica,7,0, Damaged beyond repair,-,IRMA/Pilatus Britten-Norman BN-2A-26 Islander,2,Lycoming O-540-E4C5,1981,-,-, N851JA, 913,Travelair,Passenger,-,Tortuquero Airport,TTQ,MRAO,Costa Rica,San José-Juan Santamaria International Airport,SJO,MROC,Costa Rica,1,6,0,0,-,-,-
19970310-0,Monday,10-MAR-1997,10:56,A1, Takeoff (TOF),Abu Dhabi International Airport (AUH),United Arab Emirates,115,0, Damaged beyond repair,-,Airbus A320-212,2,CFMI CFM56-5A3,1995,4024.0,4640.0, A4O-EM, 536,Gulf Air,International Scheduled Passenger, 071,Abu Dhabi International Airport,AUH,OMAA,United Arab Emirates,Bahrain International Airport,BAH,OBBI,Bahrain,8,107,0,0,-,-,-
19970310-1,Monday,10-MAR-1997,-,H2, En route (ENR),Xiamen Airport (XMN),China,162,0, None,-,Boeing 757-2Q8,2,Pratt & Whitney PW2037,1991,-,-, B-27001, 25044/369,FEAT,Domestic Scheduled Passenger,EF128,Kaohsiung International Airport,KHH,RCKH,Taiwan,Taipei-Songshan Airport,TSA,RCSS,Taiwan,6,156,0,0,-,-,-
19970310-2,Monday,10-MAR-1997,23:15,A2, Initial climb (ICL),Shannon Airport (SNN),Ireland,53,0, Substantial, Repaired,Boeing 707-330B,4,Pratt & Whitney JT3D-7,1966,26912.0,85631.0, Z-WKU, 18930/464,Air Zimbabwe,Official state flight,-,Shannon Airport,SNN,EINN,Ireland,Harare Airport,HRE,FVHA,Zimbabwe,12,41,0,0,-,-,Final
19970312-0,Wednesday,12-MAR-1997,-,A1, Approach (APR),Lukapa Airport (LBZ),Angola,16,16, Damaged beyond repair,-,Antonov An-12BP,4,Ivchenko AI-20M,1966,2230.0,11200.0, RA-11531, 6344506,Alada,Cargo,-,Luanda-4 de Fevereiro Airport,LAD,FNLU,Angola,Lukapa Airport,LBZ,FNLK,Angola,4,12,4,12,-,-,-
19970312-1,Wednesday,12-MAR-1997,-,A1, Landing (LDG),"Houston-Sugar Land Municipal Airport, TX (SGR)",United States of America,2,0, Damaged beyond repair,-,Mitusbishi Mu-300-10 Diamond II,2,Pratt & Whitney Canada JT15D-1,1985,-,-, N411BW, A1008SA,Diamond Jet,Ferry/positioning,-,-,-,-,-,Houston-Sugar Land Municipal Airport,SGR,KSGR,United States of America,2,0,0,0,-,-,- (No safety board investigation)
19970313-0,Thursday,13-MAR-1997,18:00,A1, En route (ENR),24 km (15 mls) from  Mashhad,Iran,86,86, Destroyed, Written off (damaged beyond repair),Lockheed C-130 Hercules,-,-,-,-,-, registration unknown,-,Iran AF,Military,-,-,-,-,-,Mashhad Airport,MHD,OIMM,Iran,-,-,-,-,-,-,-
19970314-0,Friday,14-MAR-1997,06:47,A2, Takeoff (TOF),"Detroit-Metropolitan Wayne County Airport, MI (DTW)",United States of America,111,0, Substantial, Repaired,McDonnell Douglas MD-87,2,Pratt & Whitney JT8D-219,1988,-,-, N753RA, 49587/1541,Reno Air,Domestic Scheduled Passenger, 153,Detroit-Metropolitan Wayne County Airport,DTW,KDTW,United States of America,Reno/Tahoe International Airport,RNO,KRNO,United States of America,5,106,0,0,-,-,Final
19970315-0,Saturday,15-MAR-1997,15:28,A1, Maneuvering (MNV),"Newton, WI",United States of America,2,2, Destroyed, Written off (damaged beyond repair),Basler BT-67 Turbo 67 (DC-3T),2,Pratt & Whitney Canada PT6A-67R,1943,-,17616.0, TZ-389, 26002,Mali AF,"Aerial Work (Calibration, Photo)",-,Oshkosh-Wittman Field,OSH,KOSH,United States of America,Manitowoc/Newton Municipal Airport,MTW,KMTW,United States of America,2,0,2,0,2,-,Final
19970318-0,Tuesday,18-MAR-1997,10:03,A1, En route (ENR),1 km (0.6 mls) E of Cherkessk,Russia,50,50, Destroyed, Written off (damaged beyond repair),Antonov An-24RV,2,Ivchenko AI-24VT,1973,27628.0,41181.0, RA-46516, 37308502,Stavropolskaya Aktsionernaya Avia,Int'l Non Scheduled Passenger,1023,Stavropol Airport,STW,URMT,Russia,Trabzon Airport,TZX,LTCG,Turkey,6,44,6,44,-,-,Final
19970320-0,Thursday,20-MAR-1997,-,A1, Approach (APR),near Juba Airport (JUB),South Sudan,4,4, Damaged beyond repair,-,Antonov An-24TV,-,-,-,-,-, registration unknown,-,Sudan AF,Military,-,-,-,-,-,Juba Airport,JUB,HSSJ,South Sudan,4,0,4,0,-,-,-
19970320-1,Thursday,20-MAR-1997,-,A2, Landing (LDG),Taipei-Chiang Kai Shek International Airport (TPE),Taiwan,301,0, Minor, Repaired,Boeing 747-2U3B,4,Pratt & Whitney JT9D-7Q,1980,-,-, PK-GSA, 22246/452,Garuda,International Scheduled Passenger,GA980,Denpasar-Ngurah Rai Bali International Airport,DPS,WADD,Indonesia,Taipei-Chiang Kai Shek International Airport,TPE,RCTP,Taiwan,19,282,0,0,-,-,Preliminary - official
19970325-0,Tuesday,25-MAR-1997,11:23,A1, En route (ENR),"2,8 km (1.8 mls) ENE of Nunapitchuk Airport, AK (NUP)",United States of America,1,1, Destroyed, Written off (damaged beyond repair),Shorts SC.7 Skyvan 3-100,2,Garrett TPE331-2-201A,1980,-,10192.0, N451SA, SH.1972,Arctic Circle Air Service,Ferry/positioning,-,-,-,-,-,Bethel Airport,BET,PABE,United States of America,1,0,1,0,1,-,Final
19970325-1,Tuesday,25-MAR-1997,05:10,A1, Landing (LDG),"New York-La Guardia Airport, NY (LGA)",United States of America,4,0, Damaged beyond repair,-,Gulfstream American G-1159 Gulfstream II,2,Rolls-Royce Spey 511,1978,-,-, N117FJ, 229,PAB Aviation,Executive,-,Allentown-Lehigh Valley International Airport,ABE,KABE,United States of America,New York-La Guardia Airport,LGA,KLGA,United States of America,2,2,0,0,-,-,Final
19970401-0,Tuesday,01-APR-1997,-,A1, Takeoff (TOF),Tshikapa Airport (TSH),Democratic Republic of the Congo,14,0, Damaged beyond repair,-,Convair CV-580,-,-,1967,-,-, 9Q-CRU,  41,CAA,Domestic Scheduled Passenger,-,Tshikapa Airport,TSH,FZUK,Democratic Republic of the Congo,Mbuji-Mayi Airport,MJM,FZWA,Democratic Republic of the Congo,4,10,0,0,-,-,-
19970401-1,Tuesday,01-APR-1997,-,A1, Landing (LDG),Tegucigalpa-Toncontin Airport (TGU),Honduras,10,3, Damaged beyond repair,-,Lockheed C-130H Hercules,-,-,1989,-,-, 88-4408, 5161,USAF,Military,-,Balboa-Howard AFB,BLB,MPHO,Panama,Tegucigalpa-Toncontin Airport,TGU,MHTG,Honduras,-,-,-,-,-,-,-
19970401-2,Tuesday,01-APR-1997,-,A1, Landing (LDG),Pucallpa Airport (PCL),Peru,-,0, Damaged beyond repair,-,Boeing 737-293,-,-,1968,-,-, OB-1572, 19714/88,Americana de Aviación,Unknown,-,-,-,-,-,Pucallpa Airport,PCL,SPCL,Peru,-,-,0,0,-,-,-
19970403-0,Thursday,03-APR-1997,19:55,A2, Approach (APR),"Buffalo-Greater Buffalo International Airport, NY (BUF)",United States of America,3,0, Substantial, Repaired,Cessna 650 Citation III,-,-,-,-,2128.0, N553AC, 650-0198,Mercury Communications,Executive,-,Wellsville Municipal Airport,ELZ,KELZ,United States of America,Buffalo-Greater Buffalo International Airport,BUF,KBUF,United States of America,2,1,0,0,-,-,Final
19970404-0,Friday,04-APR-1997,00:16,A1, Takeoff (TOF),"Griffin-Spalding County  Airport, GA",United States of America,2,2, Destroyed, Written off (damaged beyond repair),Aviation Traders ATL-98 Carvair,4,Pratt & Whitney R-2000-7M2,1944,-,50558.0, N83FA, 5/10365,Custom Air Service,Ferry/positioning,-,-,-,-,-,-,-,-,-,2,0,2,0,-,-,Final
19970406-0,Sunday,06-APR-1997,13:40,A2, Takeoff (TOF),Goma Airport (GOM),Democratic Republic of the Congo,18,0, Substantial, Repaired,Grumman G-159 Gulfstream I,2,Rolls-Royce Dart 529-8H,1965,-,-, N2NC, 158,African Commuter Services,Executive,-,Goma Airport,GOM,FZNA,Democratic Republic of the Congo,Kisangani Airport,FKI,FZIA,Democratic Republic of the Congo,2,16,0,0,-,1,Preliminary - official
19970408-0,Tuesday,08-APR-1997,-,A1, Taxi (TXI),Bournemouth International Airport (BOH),United Kingdom,-,0, Damaged beyond repair,-,Handley Page HPR-7 Herald 214,2,Rolls-Royce Dart 532-9,1964,-,-, G-ASVO, 185,Channel Express,Unknown,-,-,-,-,-,-,-,-,-,-,-,0,0,-,-,Preliminary
19970410-0,Thursday,10-APR-1997,20:30,A1, En route (ENR),"8 km (5 mls) NW off  Wainwright, AK",United States of America,5,5, Destroyed, Written off (damaged beyond repair),Cessna 208B Grand Caravan,1,Pratt & Whitney Canada PT6A-114A,1995,-,1700.0, N408GV, 208B0455,Hageland Aviation Services,Domestic Scheduled Passenger,-,-,-,-,-,Wainwright Airport,AIN,PAWI,United States of America,1,4,1,4,-,-,Final
19970411-0,Friday,11-APR-1997,-,A2, Takeoff (TOF),Banjarmasin-Sjamsudin Noor Airport (BDJ),Indonesia,70,0, Substantial, Repaired,Boeing 737-230,-,-,1981,-,-, PK-JHI, 22132/769,Sempati Air,Domestic Scheduled Passenger, 123,Banjarmasin-Sjamsudin Noor Airport,BDJ,WAOO,Indonesia,Surabaya-Juanda Airport,SUB,WARR,Indonesia,8,62,0,0,-,-,Preliminary - official
19970412-0,Saturday,12-APR-1997,22:04,A1, En route (ENR),"117 km (73.1 mls) NE off  Hilo, HI, USA",Pacific Ocean,1,0, Damaged beyond repair,-,de Havilland Canada DHC-6 Twin Otter 300,2,Pratt & Whitney Canada PT6A-27,1972,-,-, N242CA, 342,Corporate Air,Ferry/positioning,-,Oakland International Airport,OAK,KOAK,United States of America,Honolulu International Airport,HNL,PHNL,United States of America,1,0,0,0,-,-,Final
19970412-1,Saturday,12-APR-1997,13:50,A1, Landing (LDG),Abidjan Airport (ABJ),Cote d'Ivoire,104,0, Damaged beyond repair,-,McDonnell Douglas DC-9-51,2,Pratt & Whitney JT8D-17,1978,-,-, 9G-ACM, 47755/878,Ghana Airways,International Scheduled Passenger, 560,Accra-Kotoka Airport,ACC,DGAA,Ghana,-,-,-,-,7,97,0,0,-,-,Preliminary
19970413-1,Sunday,13-APR-1997,11:32,A1, Landing (LDG),Verkhnevilyuisk Airport,Russia,12,0, Damaged beyond repair,-,Antonov An-12B,4,Ivchenko AI-20M,1972,-,-, RA-11122, 02348104,Avia,Cargo,-,Novosibirsk-Tolmachevo Airport,OVB,UNNN,Russia,-,-,-,-,5,7,0,0,-,-,Preliminary - official
19970414-0,Monday,14-APR-1997,-,A1, Takeoff (TOF),Brazzaville-Maya Maya Airport (BZV),Congo,7,3, Damaged beyond repair,-,Fokker F-27 Friendship 600,2,Rolls-Royce Dart 532-7,1969,-,-, D2-TFP, 10424,TAAG,Cargo,-,Brazzaville-Maya Maya Airport,BZV,FCBB,Congo,Luanda-4 de Fevereiro Airport,LAD,FNLU,Angola,-,-,3,0,-,-,-
19970415-0,Tuesday,15-APR-1997,-,H2, Unknown (UNK),Kinshasa-N'Djili Airport (FIH),Democratic Republic of the Congo,-,0, Unknown,-,Douglas DC-3,-,-,-,-,-, registration unknown,-,Unknown,Unknown,-,-,-,-,-,-,-,-,-,-,-,0,0,-,-,-
19970416-0,Wednesday,16-APR-1997,-,A1, Approach (APR),ca 10 km SE of Niamey Airport (NIM),Niger,-,14, Damaged beyond repair,-,Lockheed C-130H Hercules,-,-,1979,-,-, 5U-MBD, 4829,Niger Armed Forces,Military,-,Lome Airport,LFW,DXXX,Togo,Niamey Airport,NIM,DRRN,Niger,-,-,-,-,-,-,-
19970416-1,Wednesday,16-APR-1997,11:30,A1, En route (ENR),"Ossabaw Island, GA",United States of America,2,2, Destroyed, Written off (damaged beyond repair),Beechcraft RC-12N Huron (A200CT Super King Air),-,-,1990,-,-, 89-0272, FE-18,US Army,Military,-,Savannah-Hunter AFB,SVN,KSVN,United States of America,Savannah-Hunter AFB,SVN,KSVN,United States of America,2,0,2,0,-,-,-
19970419-0,Saturday,19-APR-1997,07:39,A1, Approach (APR),"1,5 km (0.9 mls) S of Tanjung Pandan-Bulutumbang Airport (TJQ)",Indonesia,53,15, Damaged beyond repair,-,British Aerospace ATP,2,Pratt & Whitney Canada PW126,1992,-,-, PK-MTX, 2048,Merpati Nusantara,Domestic Scheduled Passenger,MZ106,Jakarta-Soekarno-Hatta International Airport,CGK,WIII,Indonesia,Tanjung Pandan-Buluh Tumbang Airport,TJQ,WIOD,Indonesia,5,48,4,11,-,-,-
19970420-0,Sunday,20-APR-1997,14:37,A1, Maneuvering (MNV),"Blandburg, PA",United States of America,2,2, Damaged beyond repair,-,Lockheed PV-2 Harpoon,2,Pratt & Whitney R-2800-31,-,-,3497.0, N6856C, 15-1156,Hirth Air Tankers,Fire fighting,-,Philipsburg-Mid-State Airport,PSB,KPSB,United States of America,Philipsburg-Mid-State Airport,PSB,KPSB,United States of America,2,0,2,0,-,-,Final
19970424-0,Thursday,24-APR-1997,17:10,A1, Landing (LDG),"Bronson Creek Airport, BC (YBM)",Canada,3,0, Damaged beyond repair,-,Bristol 170 Freighter 31,2,Bristol Hercules 734,1953,-,-, C-FTPA, 13157,Hawkair Aviation Services,Cargo,-,Wrangell Airport,WRG,PAWG,United States of America,-,-,-,-,3,0,0,0,-,-,Preliminary - official
19970430-0,Wednesday,30-APR-1997,09:00,A1, En route (ENR),near Kâmpóng Chhnang,Cambodia,2,2, Damaged beyond repair,-,Cessna 208 Caravan I,1,Pratt & Whitney Canada PT6A-114,1993,-,-, N9825F, 20800228,TransNorthern Aviation,Survey/research,-,Phnom Penh-Pochentong Airport,PNH,VDPP,Cambodia,Kâmpóng Chhnang Airport,KZC,VDKH,Cambodia,1,1,1,1,-,-,Preliminary - official
19970502-0,Friday,02-MAY-1997,17:22,A1, Landing (LDG),Paros Airport (PAS),Greece,20,0, Damaged beyond repair,-,Dornier 228-201,2,Garrett TPE331-5-252D,1985,-,-, SX-BHG, 8061,Olympic Aviation,Domestic Scheduled Passenger,-,Athens-Ellinikon International Airport,ATH,LGAT,Greece,Paros Airport,PAS,LGPA,Greece,2,18,0,0,-,-,Final
19970502-1,Friday,02-MAY-1997,07:55,A2, Taxi (TXI),Zürich-Kloten Airport (ZRH),Switzerland,-,0, Minor, Repaired,Boeing 747-357,4,Pratt & Whitney JT9D-7R4G2,1983,-,-, HB-IGE, 22995/585,Swissair,International Scheduled Passenger,SR101,New York-John F. Kennedy International Airport,JFK,KJFK,United States of America,Zürich-Kloten Airport,ZRH,LSZH,Switzerland,-,-,0,0,-,-,Final
19970506-0,Tuesday,06-MAY-1997,07:11,A2, Landing (LDG),"Jersey-States Airport, Channel Islands (JER)",United Kingdom,2,0, Substantial, Repaired,Fokker F-27 Friendship 500,2,Rolls-Royce Dart 532-7,1974,-,-, G-CEXA, 10503,Channel Express,Cargo,-,Bournemouth International Airport,BOH,EGHH,United Kingdom,Jersey-States Airport,JER,EGJJ,United Kingdom,2,0,0,0,-,-,Final
19970508-0,Thursday,08-MAY-1997,21:28,A1, Landing (LDG),Shenzhen Airport (SZX),China,74,35, Destroyed, Written off (damaged beyond repair),Boeing 737-31B,2,CFMI CFM56-3B1,1994,-,-, B-2925, 27288/2577,China Southern,Domestic Scheduled Passenger,3456,Chongqing-Jiangbei International Airport,CKG,ZUCK,China,Shenzhen-Huangtian Airport,SZX,ZGSZ,China,9,65,2,33,-,-,Final
19970510-0,Saturday,10-MAY-1997,-,A1, Takeoff (TOF),Steynsburg,South Africa,7,0, Damaged beyond repair,-,Beechcraft 200C Super King Air,-,-,1983,-,-, ZS-LNV, BL-71,South African Police,Domestic Non Scheduled Passenger,-,-,-,-,-,-,-,-,-,2,5,0,0,-,-,Preliminary
19970512-0,Monday,12-MAY-1997,15:29,A2, Approach (APR),"near West Palm Beach, FL",United States of America,163,0, Minor, Repaired,Airbus A300B4-605R,2,General Electric CF6-80C2A5,1989,-,-, N90070, 513,American Airlines,Domestic Scheduled Passenger,AA903,Boston-Logan International Airport,BOS,KBOS,United States of America,Miami International Airport,MIA,KMIA,United States of America,8,155,0,0,-,-,Final
19970514-0,Wednesday,14-MAY-1997,16:28,A1, Landing (LDG),Porto-Francisco sá Carneiro Airport (OPO),Portugal,37,0, Damaged beyond repair,-,Saab 340B,2,General Electric CT7-9B,1992,7216.0,7226.0, EC-GFM, 340B-315,Regional Lineas Aéreas,International Scheduled Passenger,1335,Madrid-Barajas Airport,MAD,LEMD,Spain,Porto-Francisco Sá Carneiro Airport,OPO,LPPR,Portugal,3,34,0,0,-,-,Final
19970515-0,Thursday,15-MAY-1997,-,A1, Approach (APR),"5,2 km (3.3 mls) from  Gyandzha Airport (KVD)",Azerbaijan,6,6, Damaged beyond repair,-,Yakovlev Yak-40,3,Ivchenko AI-25,1975,-,-, 4K-87504, 9510640,Azerbaijan Airlines,Training,-,Gyandzha Airport,KVD,UBBG,Azerbaijan,Gyandzha Airport,KVD,UBBG,Azerbaijan,6,0,6,0,-,-,-
19970516-0,Friday,16-MAY-1997,13:14,A1, Takeoff (TOF),"Great Falls International Airport, MT (GTF)",United States of America,2,0, Substantial, Written off (damaged beyond repair),Learjet 35A,2,Garrett TFE731-2-2B,-,-,8019.0, N1AH, 35A-398,First Air Jet Charter,Ferry/positioning,-,Great Falls International Airport,GTF,KGTF,United States of America,Dallas-Love Field,DAL,KDAL,United States of America,2,0,0,0,-,-,Final
19970516-1,Friday,16-MAY-1997,16:00,A1, Approach (APR),22 km (13.8 mls) SW of Monterrey-Aeropuerto Del Norte (NTR),Mexico,3,3, Destroyed, Written off (damaged beyond repair),Rockwell Sabreliner 40,-,-,-,-,-, XA-TFC, 265-15,Jett Paqueteria,Ferry/positioning,-,San Luis Potosí Airport,SLP,MMSP,Mexico,Monterrey-Aeropuerto Del Norte,NTR,MMAN,Mexico,2,1,2,1,-,-,-
19970516-2,Friday,16-MAY-1997,-,A2, Takeoff (TOF),"Emerald Airport, QLD (EMD)",Australia,-,0, Substantial, Repaired,Swearingen SA226-TC Metro II,-,-,1979,-,-, VH-WGV, TC-287,Jetcraft,Cargo,-,Emerald Airport,EMD,YEML,Australia,Thangool Airport,THG,YTNG,Australia,-,-,0,0,-,-,Final
19970520-0,Tuesday,20-MAY-1997,18:35,A1, En route (ENR),near La Carbonera,Mexico,4,4, Destroyed, Written off (damaged beyond repair),Rockwell 1121B Jet Commander,-,-,-,-,-, N1121F, 150,private,Executive,-,El Paso International Airport,ELP,KELP,United States of America,Toluca Airport,TLC,MMTO,Mexico,2,2,2,2,-,-,-
19970521-0,Wednesday,21-MAY-1997,13:14,A2, Takeoff (TOF),"San Diego International Airport, CA (SAN)",United States of America,17,0, Substantial, Repaired,Embraer EMB-120RT Brasilia,2,Pratt & Whitney Canada PW118,1991,-,15646.0, N198SW, 120277,SkyWest Airlines,Domestic Scheduled Passenger,724,San Diego International Airport,SAN,KSAN,United States of America,Los Angeles International Airport,LAX,KLAX,United States of America,3,14,0,0,-,-,Final
19970522-0,Thursday,22-MAY-1997,15:30,A1, En route (ENR),off Luquillo,Puerto Rico,3,0, Destroyed, Written off (damaged beyond repair),Convair T-29B (CV-240),2,Pratt & Whitney R-2800,1952,-,14239.0, N355T, 281,Dodita Air Cargo,Ferry/positioning,-,Saint Thomas-Cyril E. King Airport,STT,TIST,U.S. Virgin Islands,San Juan-Luis Muñoz Marín International Airport,SJU,TJSJ,Puerto Rico,3,0,0,0,-,-,Final
19970522-1,Thursday,22-MAY-1997,-,A1, Maneuvering (MNV),near Gorda AFB,Indonesia,6,6, Damaged beyond repair,-,IPTN/CASA CN-235-10,-,-,1991,-,-, PK-XNT, N.018,IPTN,Test,-,-,-,-,-,-,-,-,-,6,0,6,0,-,-,-
19970522-2,Thursday,22-MAY-1997,14:38,A2, Landing (LDG),"Newark International Airport, NJ (EWR)",United States of America,168,0, Substantial, Repaired,Boeing 767-33AER,2,General Electric CF6-80C2B6F,1996,-,4917.0, I-DEIL, 28147/611,Alitalia,International Scheduled Passenger,AZ600,Milano-Malpensa Airport,MXP,LIMC,Italy,Newark International Airport,EWR,KEWR,United States of America,10,158,0,0,-,-,Final
19970528-0,Wednesday,28-MAY-1997,-,A1, Approach (APR),20 km (12.5 mls) N of Luanda Airport (LAD),Angola,6,0, Substantial, Written off (damaged beyond repair),Beechcraft 200 Super King Air,-,-,1975,-,-, D2-ECL, BB-44,SAL  Sociedade de Aviaçao Ligeira,Domestic Non Scheduled Passenger,-,Lukapa Airport,LBZ,FNLK,Angola,Luanda Airport,LAD,FNLU,Angola,2,4,0,0,-,-,-
19970531-0,Saturday,31-MAY-1997,07:35,A2, Landing (LDG),Phaplu Airport (PPL),Nepal,21,0, Substantial, Repaired,de Havilland Canada DHC-6 Twin Otter 300,-,-,1979,-,-, 9N-ABQ, 655,Royal Nepal Airlines,Domestic Scheduled Passenger,-,-,-,-,-,Phaplu Airport,PPL,VNPL,Nepal,3,18,0,0,-,-,-
19970599-0,-,XX-MAY-1997,-,U1, Unknown (UNK),at an unknown location,Mexico,-,-, Damaged beyond repair,-,Lockheed C-130A Hercules,-,-,1957,-,-, 55-0035, 3062,Mexican AF,Military,-,-,-,-,-,-,-,-,-,-,-,-,-,-,-,-
19970602-0,Monday,02-JUN-1997,-,H2, En route (ENR),Wuhan Airport (WUH),China,-,0, Unknown,-,Boeing 747 or 777,-,-,-,-,-, registration unknown,-,Air China,Domestic Scheduled Passenger,1301,Beijing-Capital Airport,PEK,ZBAA,China,Guangzhou-Baiyun Airport,CAN,ZGGG,China,-,-,0,0,-,-,-
19970606-0,Friday,06-JUN-1997,-,A1, En route (ENR),near Irumu,Democratic Republic of the Congo,23,23, Damaged beyond repair,-,Vickers 781D Viscount,4,Rolls-Royce Dart 510,1958,-,-, 9Q-CWL, 280,Bazair,Domestic Non Scheduled Passenger,-,Bunia Airport,BUX,FZKA,Democratic Republic of the Congo,Kisangani Airport,FKI,FZIA,Democratic Republic of the Congo,3,20,3,20,-,-,-
19971204-0,Thursday,04-DEC-1997,06:00,A1, Landing (LDG),"Webequie Airport, ON (YWP)",Canada,10,0, Damaged beyond repair,-,Beechcraft 99 Airliner,2,Pratt & Whitney Canada PT6A-28,1974,-,-, C-GXBE, U-160,Bearskin Airlines,Domestic Scheduled Passenger, 310,Fort Hope Airport,YFH,CYFH,Canada,Webequie Airport,YWP,CYWP,Canada,2,8,0,0,-,-,Preliminary - official
19971206-0,Saturday,06-DEC-1997,14:42,A1, Initial climb (ICL),"1,6 km (1 mls) SE of Irkutsk-2 Airport",Russia,23,23, Destroyed, Written off (damaged beyond repair),Antonov An-124-100,4,Lotarev D-18T,1986,576.0,1034.0, RA-82005, 4516003,Russian AF,Military,-,-,-,-,-,Vladivostok Airport,VVO,UHWW,Russia,8,15,8,15,-,45,-
19971207-0,Sunday,07-DEC-1997,18:18,A1, Landing (LDG),"Guernsey Airport, Channel Islands (GCI)",United Kingdom,54,0, Damaged beyond repair,-,Fokker F-27 Friendship 500F,2,Rolls-Royce Dart 532-7,1977,53639.0,44877.0, G-BNCY, 10558,Air UK,Domestic Scheduled Passenger,-,Southampton-Eastleigh Airport,SOU,EGHI,United Kingdom,Guernsey Airport,GCI,EGJB,United Kingdom,4,50,0,0,-,-,Final
19971207-1,Sunday,07-DEC-1997,15:05,A1, Landing (LDG),"Sioux Lookout Airport, ON (YXL)",Canada,4,0, Damaged beyond repair,-,Beechcraft A100 King Air,-,-,1972,-,-, C-GILM, B-124,Voyageur Airways,Ambulance,-,Winnipeg International Airport,YWG,CYWG,Canada,Sioux Lookout Airport,YXL,CYXL,Canada,2,2,0,0,-,-,Preliminary - official
19971209-0,Tuesday,09-DEC-1997,15:26,A1, Approach (APR),"Little Grand Rapids, MB",Canada,17,4, Damaged beyond repair,-,Embraer EMB-110P1 Bandeirante,2,Pratt & Whitney Canada PT6A-34,1980,-,13724.0, C-GVRO, 110285,Sowind Air,Domestic Scheduled Passenger, 301,Winnipeg International Airport,YWG,CYWG,Canada,Little Grand Rapids Airport,ZGR,CZGR,Canada,2,15,1,3,-,-,Final
19971209-1,Tuesday,09-DEC-1997,-,A2, Landing (LDG),Pontianak-Supadio Airport (PNK),Indonesia,4,0, Minor, Repaired,Fokker F-28 Fellowship 4000,-,-,1978,-,-, PK-MSV, 11140,Merpati Nusantara,Unknown,-,-,-,-,-,Pontianak-Supadio Airport,PNK,WIOO,Indonesia,4,0,0,0,-,-,Preliminary - official
19971210-0,Wednesday,10-DEC-1997,-,H2, Unknown (UNK),Moskva-Sheremetyevo Airport (SVO),Russia,155,0, None,-,Ilyushin Il-62,-,-,-,-,-, registration unknown,-,Rossiya,Passenger,-,Magadan Airport,GDX,UHMM,Russia,Moskva-Sheremetyevo Airport,SVO,UUEE,Russia,13,142,0,0,-,-,-
19971210-1,Wednesday,10-DEC-1997,23:21,A1, Approach (APR),"Charlotte-Douglas International Airport, NC (CLT)",United States of America,2,1, Destroyed, Written off (damaged beyond repair),Beechcraft A100 King Air,2,Pratt & Whitney Canada PT6A-28,-,-,6575.0, N30SA, B-246,Spitfire Sales And Leasing,Executive,-,Lewisburg-Greenbrier Valley Airport,LWB,KLWB,United States of America,-,-,-,-,1,1,1,0,-,-,Final
19971211-0,Thursday,11-DEC-1997,16:57,A1, Landing (LDG),Naryan-Mar Airport (NNM),Russia,9,0, Damaged beyond repair,-,Antonov An-12BP,4,Ivchenko AI-20M,1965,-,-, RA-12105, 5343404,Russian AF,Military,-,-,-,-,-,Naryan-Mar Airport,NNM,ULAM,Russia,7,2,0,0,8,-,-
19971213-0,Saturday,13-DEC-1997,17:05,A1, Initial climb (ICL),La Vertiente,Bolivia,19,10, Damaged beyond repair,-,Swearingen SA226-TC Metro II,-,-,1980,-,-, CP-1635, TC-359,SAVE,Domestic Non Scheduled Passenger,-,-,-,-,-,Santa Cruz-Viru Viru International Airport,VVI,SLVR,Bolivia,2,17,1,9,-,-,-
19971215-0,Monday,15-DEC-1997,18:35,A1, Approach (APR),13 km (8.1 mls) E of Sharjah Airport (SHJ),United Arab Emirates,86,85, Destroyed, Written off (damaged beyond repair),Tupolev Tu-154B-1,3,Kuznetsov NK-8-2U,1978,-,-, EY-85281, 78A281,Tajikistan Airlines,Int'l Non Scheduled Passenger,3183,Dushanbe Airport,DYU,UTDD,Tajikistan,Sharjah Airport,SHJ,OMSJ,United Arab Emirates,7,79,6,79,-,-,Final
19971216-0,Tuesday,16-DEC-1997,23:48,A1, Landing (LDG),"Fredericton Airport, NB (YFC)",Canada,42,0, Damaged beyond repair,-,Canadair CL-600-2B19 Regional Jet CRJ-100ER,2,General Electric CF34-3A1,1995,5184.0,6061.0, C-FSKI, 7068,Air Canada,Domestic Scheduled Passenger, 646,Toronto-Pearson International Airport,YYZ,CYYZ,Canada,Fredericton Airport,YFC,CYFC,Canada,3,39,0,0,-,-,Final
19971217-0,Wednesday,17-DEC-1997,21:12,A1, En route (ENR),72 km (45 mls) SW of Thessaloniki,Greece,70,70, Destroyed, Written off (damaged beyond repair),Yakovlev Yak-42,3,Lotarev D-36,1986,6836.0,12008.0, UR-42334, 4520422606164,Lvovskie avialinii,International Scheduled Passenger, 241,Odessa-Central Airport,ODS,UKOO,Ukraine,Thessaloniki International Airport,SKG,LGTS,Greece,8,62,8,62,-,-,Final
19971217-1,Wednesday,17-DEC-1997,06:20,A1, Takeoff (TOF),Johannesburg International Airport (JNB),South Africa,4,0, Damaged beyond repair,-,Ilyushin Il-18V,4,Ivchenko AI-20K,1965,7040.0,18766.0, RA-75554, 185008404,Ramaer Cargo,Cargo, 202,Johannesburg International Airport,JNB,FAJS,South Africa,Bujumbura International Airport,BJM,HBBA,Burundi,3,1,0,0,-,-,Final
19971218-0,Thursday,18-DEC-1997,-,O1, Standing (STD),Brize Norton (BZZ),United Kingdom,0,0, Damaged beyond repair,-,Vickers VC10 C.1K,4,Rolls-Royce Conway 301,1965,-,-, XR806, 826,RAF,Military,-,-,-,-,-,-,-,-,-,0,0,0,0,-,-,-
19971219-0,Friday,19-DEC-1997,16:13,C1, En route (ENR),56 km (35 mls) N of Palembang,Indonesia,104,104, Destroyed, Written off (damaged beyond repair),Boeing 737-36N,2,CFMI CFM56-3B2,1997,1306.0,2238.0, 9V-TRF, 28556/2851,Silkair,International Scheduled Passenger,MI185,Jakarta-Soekarno-Hatta International Airport,CGK,WIII,Indonesia,Singapore-Changi International Airport,SIN,WSSS,Singapore,7,97,7,97,-,-,Final
19971220-0,Saturday,20-DEC-1997,-,A1, Unknown (UNK),near Guerrero Negro,Mexico,-,-, Damaged beyond repair,-,Douglas C-47-DL (DC-3),2,Pratt & Whitney R-1830-92,1943,-,-, XA-CUC, 7377,ACAPSA,Unknown,-,Guerrero Negro Airport,GUB,MMGR,Mexico,-,-,-,-,-,-,-,-,-,-,-
19971220-1,Saturday,20-DEC-1997,-,A1, En route (ENR),Pastra Mountain,Greece,5,5, Damaged beyond repair,-,Lockheed C-130H Hercules,-,-,1977,-,-, 750, 4729,Hellenic AF,Military,-,Athens-Ellinikon International Airport,ATH,LGAT,Greece,-,-,-,-,5,0,5,0,-,-,-
19971220-2,Saturday,20-DEC-1997,17:55,A2, Pushback / towing (PBT),Genève-Cointrin Airport (GVA),Switzerland,26,0, Minor, Repaired,Boeing 737-3K9,-,-,1988,-,-, EC-ELY, 24211/1623,Viva Air,Domestic Scheduled Passenger,-,Genève-Cointrin Airport,GVA,LSGG,Switzerland,Zürich-Kloten Airport,ZRH,LSZH,Switzerland,5,21,0,0,-,-,Final
19971221-0,Sunday,21-DEC-1997,06:26,A1, Approach (APR),"Colorado Springs-Peterson Field, CO (COS)",United States of America,3,2, Destroyed, Written off (damaged beyond repair),Beechcraft A100 King Air,-,-,1978,-,8651.0, N100BE, B-221,Aviation Charter,Unknown,-,Minneapolis-St. Paul International Airport,MSP,KMSP,United States of America,Colorado Springs-Peterson Field,COS,KCOS,United States of America,1,2,1,1,-,-,Final
19971222-0,Monday,22-DEC-1997,22:36,A1, Approach (APR),"5,6 km (3.5 mls) from  Sylhet Civil Airport (ZYL)",Bangladesh,89,0, Damaged beyond repair,-,Fokker F-28 Fellowship 4000,2,Rolls-Royce Spey 555-15H,1981,-,-, S2-ACJ, 11180,Biman Bangladesh,Domestic Scheduled Passenger,BG609,Dhaka-Zia International Airport,DAC,VGZR,Bangladesh,Sylhet Civil Airport,ZYL,VGSY,Bangladesh,4,85,0,0,-,-,-
19971222-1,Monday,22-DEC-1997,-,A1, En route (ENR),between Abidjan and Rundu,Atlantic Ocean,5,5, Missing, Presumed damaged beyond repair,Antonov An-72,2,Lotarev D-36,1991,-,-, ER-ACF, 36572094888,Renan,Cargo,-,Abidjan-Felix Houphouet Boigny Airport,ABJ,DIAP,Cote d'Ivoire,Rundu Airport,NDU,FYRU,Namibia,5,0,5,0,-,-,-
19971222-2,Monday,22-DEC-1997,-,H2, En route (ENR),Xiamen Airport (XMN),China,-,1, None,-,Airbus A300?,-,-,-,-,-, registration unknown,-,China Eastern,Domestic Scheduled Passenger,5915,Shanghai-Hongqiao Airport,SHA,ZSSS,China,Xiamen Airport,XMN,ZSAM,China,-,-,0,1,-,-,-
19971224-0,Wednesday,24-DEC-1997,22:48,A2, Landing (LDG),Amsterdam-Schiphol Airport (AMS),Netherlands,213,0, Substantial, Repaired,Boeing 757-2K2,2,Rolls-Royce RB211-535E4,1994,4645.0,13629.0, PH-TKC, 26635/608,Transavia Airlines,Int'l Non Scheduled Passenger, 462,Las Palmas-Airport de Gran Canaria,LPA,GCLP,Spain,Amsterdam-Schiphol International Airport,AMS,EHAM,Netherlands,8,205,0,0,-,-,Final
19971228-0,Sunday,28-DEC-1997,23:10,A1, En route (ENR),1530 km (956.3 mls) ESE of Tokyo,Pacific Ocean,393,1, Damaged beyond repair,-,Boeing 747-122,4,Pratt & Whitney JT9D-7A,1971,-,-, N4723U, 19882/175,United Airlines,International Scheduled Passenger,UA826,Tokyo-Narita Airport,NRT,RJAA,Japan,Honolulu International Airport,HNL,PHNL,United States of America,19,374,0,1,-,-,Final
19971231-0,Wednesday,31-DEC-1997,-,A1, Takeoff (TOF),Trinidad Airport (TDD),Bolivia,20,0, Substantial, Written off (damaged beyond repair),Swearingen SA227-AC Metro III,2,Garrett TPE331-11U-611G,1986,-,-, CP-2321, AC-643,Aerosur,Domestic Scheduled Passenger,-,Trinidad Airport,TDD,SLTR,Bolivia,-,-,-,-,2,18,0,0,-,-,-
19971231-1,Wednesday,31-DEC-1997,07:45,A1, Approach (APR),"6,5 km (4.1 mls) from  Rio Sidra Airport (RSI)",Panama,10,10, Damaged beyond repair,-,Britten-Norman BN-2A Islander,2,Lycoming O-540-E4C5,1970,-,-, HP-986PS, 178,PARSA,Domestic Scheduled Passenger,-,-,-,-,-,-,-,-,-,1,9,1,9,-,-,-
19979999-0,-,xx-xxx-1997,-,A1, Unknown (UNK),at an unknown location,Philippines,-,-, Damaged beyond repair,-,Fokker F-27 Friendship 200,-,-,1962,-,-, 10210, 10210,Philippine AF,Military,-,-,-,-,-,-,-,-,-,-,-,-,-,-,-,-
19979999-1,-,xx-xxx-1997,-,A1, Unknown (UNK),Harare ?,Zimbabwe,-,-, Damaged beyond repair,-,CASA C-212 Aviocar 200,-,-,1983,-,-, 801, 293,Zimbabwe AF,Military,-,-,-,-,-,-,-,-,-,-,-,-,-,-,-,-
19979999-2,-,xx-xxx-1997,-,U1, Unknown (UNK),"São Paulo-Congonhas Airport, SP (CGH) ?",Brazil,-,-, Damaged beyond repair,-,Cessna 208B Grand Caravan,1,Pratt & Whitney Canada PT6A-114A,1994,-,-, PT-MEQ, 208B0414,Brasil Central,Unknown,-,-,-,-,-,-,-,-,-,-,-,-,-,-,-,-
19979999-3,-,xx-xxx-1997,-,O1, Pushback / towing (PBT),Monterrey-General Mariano Escobedo International Airport (MTY),Mexico,-,0, Damaged beyond repair,-,Hawker Siddeley HS-125-600A,-,-,1973,5936.0,6706.0, XA-NTE, 256020,Servicios Aéreos del Sol,Unknown,-,-,-,-,-,-,-,-,-,-,-,0,0,-,-,-
19979999-4,-,xx-xxx-1997,-,C1, En route (ENR),Gogrial,South Sudan,-,0, Damaged beyond repair,-,Antonov An-26,-,-,-,-,-, 7711, 8109,Sudan AF,Military,-,-,-,-,-,-,-,-,-,-,-,0,0,-,-,-
19979999-5,-,xx-xxx-1997,-,A1, Landing (LDG),eastern Bolivia,Bolivia,-,0, Damaged beyond repair,-,Curtiss C-46F-1-CU Commando,-,-,1945,-,-, CP-1280, 22569,TAVIC,Cargo,-,-,-,-,-,-,-,-,-,-,-,0,0,-,-,-
19979999-6,-,xx-xxx-1997,-,U1, Unknown (UNK),Haina ?,Dominican Republic,-,-, Damaged beyond repair,-,Britten-Norman BN-2A-21 Islander,-,-,1974,-,-, HI-551CA, 410,Air Taxi,Unknown,-,-,-,-,-,-,-,-,-,-,-,-,-,-,-,-
