identifiant,week_day,date,time,type_event,phase,location,country,total_occupants,total_fatalities,aircraft_damage,aircraft_fate,type_aircraft,number_engines,type_engines,first_flight,cycles,total_airframe_hours,registration,c_n_msn,operator,nature,flight_number,departure_airport_name,departure_airport_IATA,departure_airport_ICAO,departure_airport_country,destination_airport_name,destination_airport_IATA,destination_airport_ICAO,destination_airport_country,crew_number,passengers_number,crew_fatalities,passengers_fatalities,collision_casualties,ground_casualties,status
19860702-1,Wednesday,02-JUL-1986,10:27,A1, En route (ENR),Kopsa,Russia,94,54, Damaged beyond repair,-,Tupolev Tu-134AK,-,-,1978,7989.0,13988.0, CCCP-65120, 60482,Aeroflot / Komi,Domestic Scheduled Passenger,-,Syktyvkar Airport,SCW,UUYY,Russia,Moskva-Sheremetyevo Airport,SVO,UUEE,Russia,8,86,2,52,-,-,-
19860704-0,Friday,04-JUL-1986,-,A1, Landing (LDG),"Camden Airport, NSW (CDU)",Australia,-,0, Damaged beyond repair,-,de Havilland Canada DHC-4A Caribou,-,-,1968,-,-, A4-264, 264,RAAF,Military,-,-,-,-,-,Camden Airport,CDU,YSCN,Australia,-,-,0,0,-,-,-
19860705-0,Saturday,05-JUL-1986,-,H2, En route (ENR),Khartoum-Civil Airport (KRT),Sudan,-,0, None,-,Boeing 707-300,-,-,-,-,-, registration unknown,-,Sudan Airways,International Scheduled Passenger, 259,Baghdad-Saddam International Airport,SDA,ORBS,Iraq,Khartoum-Civil Airport,KRT,HSSS,Sudan,-,124,0,0,-,-,-
19860710-0,Thursday,10-JUL-1986,-,A1, Takeoff (TOF),Chimoio Airport (VPY),Mozambique,22,17, Damaged beyond repair,-,Douglas C-47A-30-DL (DC-3),2,Pratt & Whitney R-1830-92,1943,-,20036.0, 7312, 9492,Zimbabwe AF,Military,-,Chimoio Airport,VPY,FQCH,Mozambique,Harare Airport,HRE,FVHA,Zimbabwe,-,-,-,-,-,-,-
19860711-0,Friday,11-JUL-1986,-,A1, Unknown (UNK),at an unknown location,Russia,-,-, Damaged beyond repair,-,Antonov An-2R,-,-,1972,-,-, CCCP-70124, 1G136-50,Aeroflot / Yakutsk,Unknown,-,-,-,-,-,-,-,-,-,-,-,-,-,-,-,-
19860714-0,Monday,14-JUL-1986,20:25,A2, Landing (LDG),"Kelowna Airport, BC (YLW)",Canada,81,0, Substantial, Repaired,Boeing 737-275,2,Pratt & Whitney JT8D-9A,1978,-,19954.0, C-GGPW, 21639/539,Pacific Western,Domestic Scheduled Passenger, 117,Calgary International Airport,YYC,CYYC,Canada,Kelowna Airport,YLW,CYLW,Canada,5,76,0,0,-,-,Final
19860716-0,Wednesday,16-JUL-1986,-,A2, Landing (LDG),"Ushuaia-Comandante Berisso Airport, TF (EAU)",Argentina,65,0, Substantial, Repaired,Fokker F-28 Fellowship 1000,-,-,1974,-,-, LV-LOA, 11085,Aerolineas Argentinas,Domestic Scheduled Passenger,-,Buenos Aires-Jorge Newbery Airport,AEP,SABE,Argentina,Ushuaia-Comandante Berisso Airport,EAU,SAWO,Argentina,-,-,0,0,-,-,Preliminary
19860719-1,Saturday,19-JUL-1986,11:30,A1, Maneuvering (MNV),3 km (1.9 mls) NNW of Cantallops,Spain,4,4, Destroyed, Written off (damaged beyond repair),Douglas DC-6B,4,Pratt & Whitney R-2800,1957,-,-, F-ZBBU, 45219/815,Securité Civile,Fire fighting,-,-,-,-,-,-,-,-,-,2,2,2,2,-,-,Preliminary - official
19860720-0,Sunday,20-JUL-1986,14:48,A2, Takeoff (TOF),"Wabush Airport, NL (YWK)",Canada,64,0, Unknown, Repaired,Boeing 737-296,2,Pratt & Whitney JT8D-9A,1981,-,12210.0, C-GQBH, 22516/759,Quebecair,Domestic Scheduled Passenger, 461,Wabush Airport,YWK,CYWK,Canada,Sept-Îles Airport,YZV,CYZV,Canada,6,58,0,0,-,-,Final
19860722-0,Tuesday,22-JUL-1986,13:53,A1, Approach (APR),ca 2 km W of San Juan-Luis Muñoz Marín International Airport (SJU),Puerto Rico,2,1, Damaged beyond repair,-,Douglas DC-3A,2,Wright R-1820-202A,1943,-,-, N27PR, 11776,Borinquen Air,Cargo,-,San Juan-Luis Muñoz Marín International Airport,SJU,TJSJ,Puerto Rico,Saint Kitts-Golden Rock Airport,SKB,TKPK,St. Kitts and Nevis,2,0,1,0,-,-,-
19860723-0,Wednesday,23-JUL-1986,-,A1, En route (ENR),Mount Kinpoku,Japan,4,4, Damaged beyond repair,-,Mitusbishi Mu-300 Diamond IA,-,-,-,-,-, JA8246, A092SA,Yomiuri Shimbun,Training,-,Tokyo-Haneda Airport,HND,RJTT,Japan,Niigata Airport,KIJ,RJAN,Japan,4,0,4,0,-,-,-
19860724-0,Thursday,24-JUL-1986,-,A2, Taxi (TXI),Saint Kitts-Golden Rock Airport (SKB),St. Kitts and Nevis,32,0, Substantial, Repaired,de Havilland Canada DHC-8-110,2,Pratt & Whitney Canada PW120A,1986,-,-, V2-LCY, 035,LIAT,Scheduled Passenger,-,Saint Kitts-Golden Rock Airport,SKB,TKPK,St. Kitts and Nevis,-,-,-,-,2,30,0,0,-,-,-
19860725-0,Friday,25-JUL-1986,-,A1, Takeoff (TOF),Tabou Airport (TXU),Cote d'Ivoire,29,0, Damaged beyond repair,-,Fokker F-27 Friendship 600,2,Rolls-Royce Dart 535-7R,1978,9442.0,7399.0, TU-TIF, 10573,Air Ivoire,Scheduled Passenger,-,Tabou Airport,TXU,DITB,Cote d'Ivoire,-,-,-,-,3,26,0,0,-,-,-
19860729-0,Tuesday,29-JUL-1986,-,A1, Unknown (UNK),Krasiny,Poland,-,-, Damaged beyond repair,-,Antonov An-2R,-,-,-,-,-, SP-WZH, 1G184-42,ZUA,Unknown,-,-,-,-,-,-,-,-,-,-,-,-,-,-,-,-
19860731-0,Thursday,31-JUL-1986,-,A1, En route (ENR),Mount Canlandog,Philippines,4,4, Damaged beyond repair,-,Britten-Norman BN-2A-21 Islander,-,-,1975,-,-, RP-C850, 469,Atlas,Unknown,-,-,-,-,-,-,-,-,-,-,-,-,-,-,-,-
19860802-0,Saturday,02-AUG-1986,18:06,A1, Landing (LDG),"Bedford-Virgil I Grissom Municipal Airport, IN (BFR)",United States of America,2,2, Destroyed, Written off (damaged beyond repair),Hawker Siddeley HS-125-1A-522,2,Rolls-Royce Viper 522,1965,-,-, N50HH, 25022,American Agronomics Corp,Private,-,Toledo-Express Airport,TOL,KTOL,United States of America,Bedford-Virgil I Grissom Municipal Airport,BFR,KBFR,United States of America,2,0,2,0,-,-,Final
19860804-0,Monday,04-AUG-1986,00:23,A1, Approach (APR),SW off Saint Vincent-Arnos Vale Airport (SVD),Saint Vincent and the Grenadines,13,13, Missing, Presumed damaged beyond repair,de Havilland Canada DHC-6 Twin Otter 310,2,Pratt & Whitney Canada PT6A-27,1982,-,-, V2-LCJ, 785,LIAT,International Scheduled Passenger, 319,Saint Lucia-Hewanorra Airport,UVF,TLPL,Saint Lucia,Saint Vincent-Arnos Vale Airport,SVD,TVSV,Saint Vincent and the Grenadines,2,11,2,11,-,-,-
19860806-0,Wednesday,06-AUG-1986,-,A1, Landing (LDG),Calabar Airport (CBQ),Nigeria,-,0, Damaged beyond repair,-,Sud Aviation SE-210 Caravelle III,2,Rolls-Royce Avon 527B,1960,-,-, 5N-AWK,  50,Kabo Air,Unknown,-,-,-,-,-,Calabar Airport,CBQ,DNCA,Nigeria,-,-,0,0,-,-,-
19860806-1,Wednesday,06-AUG-1986,14:55,A1, Takeoff (TOF),"Rutland Airport, VT (RUT)",United States of America,3,0, Destroyed, Written off (damaged beyond repair),Learjet 55,2,Garrett TFE731-2-2B,-,-,901.0, N921FP, 55-103,Federal Paper Board,Executive,-,Rutland Airport,RUT,KRUT,United States of America,Teterboro Airport,TEB,KTEB,United States of America,2,1,0,0,-,-,Final
19860810-0,Sunday,10-AUG-1986,07:15,O1, Standing (STD),"Chicago-O'Hare International Airport, IL (ORD)",United States of America,0,0, Destroyed, Written off (damaged beyond repair),McDonnell Douglas DC-10-40,3,Pratt & Whitney JT9D-20,1973,-,29155.0, N184AT, 46751/36,American Trans Air,Domestic Non Scheduled Passenger, 131,Los Angeles International Airport,LAX,KLAX,United States of America,Chicago-O'Hare International Airport,ORD,KORD,United States of America,0,0,0,0,-,-,Final
19860811-0,Monday,11-AUG-1986,-,A1, Maneuvering (MNV),"Konder Mountain, Khabarovsk region",Russia,4,2, Damaged beyond repair,-,Antonov An-2R,-,-,1985,-,-, CCCP-40902, 1G215-39,Aeroflot / Far East,Cargo,-,-,-,-,-,-,-,-,-,3,1,2,0,-,-,Preliminary
19860814-0,Thursday,14-AUG-1986,-,A1, Approach (APR),NW of Mocorón-Durzona Airstrip,Honduras,52,52, Damaged beyond repair,-,Lockheed C-130D-6 Hercules,-,-,1958,-,-, FAH-556, 3194,Honduras AF,Military,-,Tegucigalpa-Toncontin Airport,TGU,MHTG,Honduras,-,-,-,-,6,46,6,46,-,-,-
19860814-1,Thursday,14-AUG-1986,-,A1, Unknown (UNK),near Garut,Indonesia,8,8, Damaged beyond repair,-,Fokker F-27 Friendship 400M,-,-,1976,4540.0,5107.0, T-2702, 10537,Indonesian AF,Military,-,-,-,-,-,-,-,-,-,-,-,-,-,-,-,-
19860816-0,Saturday,16-AUG-1986,-,C1, En route (ENR),near Malakal,South Sudan,60,60, Damaged beyond repair,-,Fokker F-27 Friendship 400M,2,Rolls-Royce Dart 532-7,1965,19290.0,25702.0, ST-ADY, 10277,Sudan Airways,Domestic Scheduled Passenger,-,Malakal Airport,MAK,HSSM,South Sudan,Khartoum-Civil Airport,KRT,HSSS,Sudan,3,57,3,57,-,-,-
19860828-0,Thursday,28-AUG-1986,06:53,A1, Approach (APR),"Texarkana Municipal Airport, AR (TXK)",United States of America,2,2, Destroyed, Written off (damaged beyond repair),Howard 250,2,Wright R-1820-56A,1943,-,9534.0, N252K, 18-2596,Southwest Airlift,Cargo,-,Little Rock National Airport,LIT,KLIT,United States of America,Texarkana Municipal Airport,TXK,KTXK,United States of America,2,0,2,0,-,-,Final
19860828-1,Thursday,28-AUG-1986,-,C1, Unknown (UNK),near Siuma,Nicaragua,2,2, Damaged beyond repair,-,Douglas C-47 (DC-3),-,-,-,-,-, registration unknown,-,Sandinist AF,Military,-,-,-,-,-,-,-,-,-,2,0,2,0,-,-,-
19860828-2,Thursday,28-AUG-1986,-,A1, Unknown (UNK),near Lille-Lesquin Airport (LIL),France,-,-, Damaged beyond repair,-,Beechcraft A100 King Air,-,-,-,-,-, F-GEFR, B-220,Flandre Air,Unknown,-,-,-,-,-,-,-,-,-,-,-,-,-,-,-,-
19860828-3,Thursday,28-AUG-1986,-,H2, En route (ENR),Warszawa-Okecie Airport (WAW),Poland,-,0, None,-,Tupolev Tu-134A,-,-,-,-,-, registration unknown,-,LOT,Domestic Scheduled Passenger,-,Wroclaw-Strachowice Airport,WRO,EPWR,Poland,Warszawa-Okecie Airport,WAW,EPWA,Poland,-,-,0,0,-,-,-
19860828-4,Thursday,28-AUG-1986,10:08,A2, Landing (LDG),Rajkot-Civil Airport (RAJ),India,95,0, Substantial, Repaired,Boeing 737-2A8,2,Pratt & Whitney JT8D-9A,1970,-,-, VT-EAJ, 20483/273,Indian Airlines,Domestic Scheduled Passenger,IC115,Bombay-Sahar International Airport,BOM,VABB,India,Rajkot-Civil Airport,RAJ,VARK,India,6,89,0,0,-,-,Final
19860831-0,Sunday,31-AUG-1986,11:52,A1, Approach (APR),"Cerritos, CA",United States of America,64,64, Destroyed, Written off (damaged beyond repair),McDonnell Douglas DC-9-32,2,Pratt & Whitney JT8D-7,1969,-,-, XA-JED, 47356/470,Aeroméxico,International Scheduled Passenger,AM498,Tijuana-Rodriguez Airport,TIJ,MMTJ,Mexico,Los Angeles International Airport,LAX,KLAX,United States of America,6,58,6,58,3,15,Final
19860902-0,Tuesday,02-SEP-1986,05:45,A2, En route (ENR),over North Sea,Atlantic Ocean,1,0, Minor, Repaired,Britten-Norman BN-2A Trislander Mk.III-1,3,Lycoming O-540-E4C5,1974,-,-, G-BCCU, 0366,Kondair,Cargo,-,Amsterdam-Schiphol International Airport,AMS,EHAM,Netherlands,London-Stansted Airport,STN,EGSS,United Kingdom,1,0,0,0,-,-,-
19860902-1,Tuesday,02-SEP-1986,-,A1, Unknown (UNK),"Pickle Lake, ON",Canada,-,-, Damaged beyond repair,-,de Havilland Canada DHC-3 Otter,-,-,1955,-,-, C-FBER,  86,Pickle Lake Air Services,Unknown,-,-,-,-,-,-,-,-,-,-,-,-,-,-,-,-
19860903-0,Wednesday,03-SEP-1986,06:53,A1, Approach (APR),"Detroit-Willow Run Airport, MI (YIP)",United States of America,3,0, Substantial, Written off (damaged beyond repair),Learjet 24,2,General Electric CJ610-4,1966,-,8468.0, N88JF, 24-110,Jet Way,Ferry/positioning,-,Kansas City Downtown Municipal Airport,MKC,KMKC,United States of America,Detroit-Willow Run Airport,YIP,KYIP,United States of America,2,1,0,0,-,-,Final
19860905-0,Friday,05-SEP-1986,06:00,H2, Standing (STD),Karachi-Quaid-E-Azam International Airport (KHI),Pakistan,379,20, Minor, Repaired,Boeing 747-121,-,-,1971,-,-, N656PA, 20351/127,Pan Am,International Scheduled Passenger,PA73,Karachi-Jinnah International Airport,KHI,OPKC,Pakistan,Frankfurt International Airport,FRA,EDDF,Germany,19,360,1,19,-,-,-
19860905-1,Friday,05-SEP-1986,-,A1, Landing (LDG),Cluj Airport (CLJ),Romania,55,3, Damaged beyond repair,-,Antonov An-24RV,2,Ivchenko AI-24,1972,-,-, YR-AMF, 27307902,Tarom,Domestic Scheduled Passenger,-,Bucharest-Baneasa Airport,BBU,LRBS,Romania,Cluj-Napoca Airport,CLJ,LRCL,Romania,5,50,3,0,-,-,-
19860909-0,Tuesday,09-SEP-1986,-,A1, Landing (LDG),"Hopkinsville-Fort Campbell AAF, KY (HOP)",United States of America,5,3, Damaged beyond repair,-,Lockheed C-130A Hercules,-,-,1957,-,-, 56-0468, 3076,USAF,Military,-,-,-,-,-,Hopkinsville-Fort Campbell AAF,HOP,KHOP,United States of America,5,0,3,0,-,-,-
19860911-1,Thursday,11-SEP-1986,11:45,A1, Takeoff (TOF),Vanuabalavu Airport (VBV),Fiji,3,1, Damaged beyond repair,-,de Havilland DH-114 Riley Heron 2,-,-,1955,-,-, DQ-FEC, 14078,Fiji Air,Domestic Scheduled Passenger,-,Vanuabalavu Airport,VBV,NFVB,Fiji,Suva-Nausori Airport,SUV,NFSU,Fiji,1,2,0,1,-,-,-
19860914-0,Sunday,14-SEP-1986,03:10,A1, Approach (APR),"4,6 km (2.9 mls) from  Amsterdam-Schiphol International Airport (AMS)",Netherlands,1,1, Damaged beyond repair,-,Britten-Norman BN-2A Trislander Mk.III-2,3,Lycoming O-540-E4C5,1976,-,7100.0, G-BDTP, 1028,Kondair,Cargo, 201,London-Stansted Airport,STN,EGSS,United Kingdom,Amsterdam-Schiphol International Airport,AMS,EHAM,Netherlands,1,0,1,0,-,-,Final
19860919-1,Friday,19-SEP-1986,14:58,A1, En route (ENR),"near Mantiqueira, SP",Brazil,5,5, Destroyed, Written off (damaged beyond repair),Embraer EMB-120RT Brasilia,2,Pratt & Whitney Canada PW115,1986,-,12.0, N219AS, 120019,Delta Connection,Ferry/positioning,-,São José dos Campos Airport,SJK,SBSJ,Brazil,Brasília International Airport,BSB,SBBR,Brazil,3,2,3,2,-,-,Final
19860920-0,Saturday,20-SEP-1986,-,H2, Standing (STD),Ufa Airport (UFA),Russia,78,4, Minor, Repaired,Tupolev Tu-134,-,-,-,-,-, registration unknown,-,Aeroflot,Domestic Scheduled Passenger,-,Ufa Airport,UFA,UWUU,Russia,Nizhnevartovsk Airport,NJC,USNN,Russia,-,-,0,4,-,-,-
19860929-0,Monday,29-SEP-1986,07:19,A1, Takeoff (TOF),Chennai (Madras) Airport (MAA),India,196,0, Damaged beyond repair,-,Airbus A300B2-1C,2,General Electric CF6-50C,1976,-,-, VT-ELV, 022,Indian Airlines,Domestic Scheduled Passenger, 571,Madras Airport,MAA,VOMM,India,Mumbai (Bombay) Airport,BOM,VABB,India,11,185,0,0,-,-,Final
19860929-1,Monday,29-SEP-1986,12:04,A1, Landing (LDG),"Liberal Municipal Airport, KS (LBL)",United States of America,4,0, Substantial, Written off (damaged beyond repair),Rockwell Sabreliner 75A,2,General Electric CF700-2D2,-,-,7327.0, N64, 380-35,FAA,Unknown,-,Oklahoma City-Will Rogers Airport,OKC,KOKC,United States of America,Liberal Municipal Airport,LBL,KLBL,United States of America,2,2,0,0,-,-,Final
19860999-0,-,xx-SEP-1986,-,A1, Unknown (UNK),off Port-de-Paix,Haiti,-,0, Damaged beyond repair,-,Britten-Norman BN-2A Trislander Mk.III-2,3,Lycoming O-540-E4C5,1975,-,-, VQ-TAJ, 1009,Turks & Caicos National Airline,Unknown,-,Kingston-Norman Manley International Airport,KIN,MKJP,Jamaica,Grand Turk Island Airport,GDT,MBJT,Turks and Caicos Islands,-,-,0,0,-,-,-
19860999-1,-,xx-SEP-1986,-,U1, Unknown (UNK),at an unknown location,Unknown country,-,-, Damaged beyond repair,-,IRMA/Pilatus Britten-Norman BN-2A-21 Islander,-,-,1983,-,-, N455JH, 2163,Gorda Aero Service,Unknown,-,-,-,-,-,-,-,-,-,-,-,-,-,-,-,-
19860999-2,-,xx-SEP-1986,-,O1, Standing (STD),Moskva-Bykovo Airport (BKA),Russia,-,0, Damaged beyond repair,-,Yakovlev Yak-42,3,Lotarev D-36,1981,-,371.0, CCCP-42536, 22204251823,Aeroflot / Central Region,-,-,-,-,-,-,-,-,-,-,-,-,0,0,-,-,-
19861002-0,Thursday,02-OCT-1986,-,A1, En route (ENR),Magoebaskloof,South Africa,4,4, Damaged beyond repair,-,Dassault Falcon 10,-,-,1975,-,3422.0, 3D-ART, 061,Rembrandt Tobacco,Executive,-,-,-,-,-,Tzaneen-Letaba Airport,LTA,FATZ,South Africa,2,2,2,2,-,-,-
19861003-0,Friday,03-OCT-1986,15:10,A1, Approach (APR),near Manado,Indonesia,13,13, Damaged beyond repair,-,Shorts SC.7 Skyvan 3-200,2,Garrett TPE331-2-201A,1973,-,-, PK-ESC, SH.1923,East Indonesia Air Taxi,Domestic Non Scheduled Passenger,-,Mangole Airport,MAL,WAPE,Indonesia,Manado-Sam Ratulangi Airport,MDC,WAMM,Indonesia,3,10,3,10,-,-,-
19861004-0,Saturday,04-OCT-1986,04:10,A1, Takeoff (TOF),"San Antonio-Kelly AFB, TX (SKF)",United States of America,3,3, Destroyed, Written off (damaged beyond repair),Lockheed L-100-30 Hercules,4,Allison 501-D22A,1971,20472.0,45622.0, N15ST, 4391,Southern Air Transport,Cargo,  15,San Antonio-Kelly AFB,SKF,KSKF,United States of America,Warner Robins-Robins AFB,WRB,KWRB,United States of America,3,0,3,0,-,-,Final
19861005-0,Sunday,05-OCT-1986,-,C1, Maneuvering (MNV),near San Carlos,Nicaragua,4,3, Damaged beyond repair,-,Fairchild C-123K Provider,-,-,-,-,-, HPF821, 20128,Corporate Air Services,Military,-,San Salvador/Ilopango International Airport,SAL,MSSS,El Salvador,-,-,-,-,4,0,3,0,-,-,-
19861009-0,Thursday,09-OCT-1986,-,A1, En route (ENR),near Tiksi,Russia,-,-, Damaged beyond repair,-,Antonov An-2R,-,-,1971,-,-, CCCP-02592, 1G122-03,Aeroflot / Yakutsk,Unknown,-,-,-,-,-,Tiksi Airport,IKS,UEST,Russia,-,-,-,-,-,-,-
19861009-1,Thursday,09-OCT-1986,-,A1, Initial climb (ICL),6 km (3.8 mls) off  Dakar-Yoff Airport (DKR),Senegal,4,3, Damaged beyond repair,-,Douglas DC-7C,-,-,1956,-,-, N5903, 45071/742,USAID,Agricultural,-,Dakar-Yoff Airport,DKR,GOOY,Senegal,-,-,-,-,3,1,3,0,-,-,-
19861013-0,Monday,13-OCT-1986,08:47,A2, Landing (LDG),Aalborg Airport (AAL),Denmark,94,0, Minor, Repaired,McDonnell Douglas DC-9-41,-,-,1974,-,-, SE-DBM, 47633/752,SAS,Domestic Scheduled Passenger,DX203,København-Kastrup Airport,CPH,EKCH,Denmark,Aalborg Airport,AAL,EKYT,Denmark,5,89,0,0,-,-,Final
19861014-0,Tuesday,14-OCT-1986,14:14,A1, Initial climb (ICL),"0,3 km (0.2 mls) off  Ust-Maya Airport",Russia,14,14, Damaged beyond repair,-,Let L-410M,2,Walter M-601A,1978,-,-, CCCP-67264, 780905,Aeroflot / Yakutsk,Domestic Scheduled Passenger,763,-,-,-,-,-,-,-,-,2,12,2,12,-,-,-
19861015-0,Wednesday,15-OCT-1986,-,O1, Standing (STD),Shiraz Airport (SYZ),Iran,-,-, Damaged beyond repair,-,Lockheed C-130 Hercules,-,-,-,-,-, registration unknown,-,Iran AF,Military,-,-,-,-,-,-,-,-,-,-,-,-,-,-,-,-
19861015-1,Wednesday,15-OCT-1986,-,A1, En route (ENR),19 km (11.9 mls) S of Cabildo,Chile,11,11, Damaged beyond repair,-,CASA C-212-M Aviocar 100,-,-,1978,-,-, 148, 141,Chilean Navy,Military,-,-,-,-,-,-,-,-,-,-,-,-,-,-,-,-
19861015-2,Wednesday,15-OCT-1986,-,C1, Standing (STD),Shiraz Airport (SYZ),Iran,-,3, Damaged beyond repair,-,Boeing 737-286,2,Pratt & Whitney JT8D-15,1971,-,-, EP-IRG, 20499/284,Iran Air,Scheduled Passenger,-,-,-,-,-,Shiraz Airport,SYZ,OISS,Iran,-,-,0,3,-,-,-
19861015-3,Wednesday,15-OCT-1986,-,A1, Taxi (TXI),"Fairfield-Travis AFB, CA (SUU)",United States of America,-,0, Damaged beyond repair,-,Lockheed C-141B Starlifter,4,Pratt & Whitney TF33-P-7,-,-,28675.0, 65-0246, 300-6097,USAF,Military,-,-,-,-,-,Fairfield-Travis AFB,SUU,KSUU,United States of America,-,-,0,0,-,-,-
19861017-0,Friday,17-OCT-1986,-,A1, Takeoff (TOF),"Edinburgh RAAF Station, SA",Australia,-,0, Damaged beyond repair,-,Douglas C-47B-35-DK (DC-3),-,-,1945,-,-, A65-114, 33460/16712,RAAF,Military,-,-,-,-,-,-,-,-,-,-,-,0,0,-,-,-
19861018-0,Saturday,18-OCT-1986,-,H2, Unknown (UNK),Stoelmanseiland,Suriname,4,0, Unknown,-,de Havilland Canada DHC-6 Twin Otter 300,2,Pratt & Whitney Canada PT6A-27,1979,-,-, PZ-TCD, 646,Surinam Airways,Unknown,-,Paramaribo-Zanderij International Airport,PBM,SMJP,Suriname,-,-,-,-,-,-,0,0,-,-,-
19861019-0,Sunday,19-OCT-1986,21:21,A1, Approach (APR),near Komatipoort,South Africa,44,34, Damaged beyond repair,-,Tupolev Tu-134A-3,2,Soloviev D-30-III,1980,-,1105.0, C9-CAA, 63457,Mozambique Government,Official state flight,-,Mbala Airport,MMQ,FLBA,Zambia,Maputo International Airport,MPM,FQMA,Mozambique,9,35,8,26,-,-,Final
19861019-1,Sunday,19-OCT-1986,10:48,A2, Landing (LDG),København-Kastrup Airport (CPH),Denmark,108,0, Substantial, Repaired,McDonnell Douglas DC-9-41,2,Pratt & Whitney JT8D-11,1973,27947.0,28501.0, OY-KGL, 47597/713,SAS,International Scheduled Passenger,SK551,København-Kastrup Airport,CPH,EKCH,Denmark,Amsterdam-Schiphol International Airport,AMS,EHAM,Netherlands,6,102,0,0,-,-,Final
19861020-1,Monday,20-OCT-1986,15:50,A1, Landing (LDG),Kuybyshev Airport (KUF),Russia,94,70, Destroyed, Written off (damaged beyond repair),Tupolev Tu-134A,-,-,1979,9689.0,16154.0, CCCP-65766, 62327,Aeroflot / North Kavkaz,Domestic Scheduled Passenger,6502,Sverdlovsk-Koltsovo Airport,SVX,USSS,Russia,Kuybyshev Airport,KUF,UWWW,Russia,7,87,4,66,-,-,-
19861021-0,Tuesday,21-OCT-1986,14:30,A2, Landing (LDG),"Nightmute Airport, AK (NME)",United States of America,2,0, Substantial, Repaired,Shorts SC.7 Skyvan 3-200,-,-,-,-,10107.0, N406TH, SH.1862,Arctic Circle Air Service,Cargo,-,Bethel Airport,BET,PABE,United States of America,Nightmute Airport,NME,PAGT,United States of America,1,1,0,0,-,-,Final
19861023-0,Thursday,23-OCT-1986,08:28,A2, Landing (LDG),Indore Airport (IDR),India,51,0, Substantial, Repaired,Hindustan Aeronautics Ltd. HAL-748-224 Srs. 2,-,-,1972,-,-, VT-EAT, 540,Indian Airlines,Domestic Scheduled Passenger,IC133,Bombay-Sahar International Airport,BOM,VABB,India,Indore Airport,IDR,VAID,India,4,47,0,0,-,-,Final
19861023-1,Thursday,23-OCT-1986,20:49,A1, Approach (APR),10 km (6.3 mls) S of Peshawar Airport (PEW),Pakistan,54,13, Damaged beyond repair,-,Fokker F-27 Friendship 600,2,Rolls-Royce Dart 532-7E,1967,45472.0,39732.0, AP-AUX, 10335,PIA,Domestic Scheduled Passenger,-,Lahore Airport,LHE,OPLA,Pakistan,Peshawar Airport,PEW,OPPS,Pakistan,5,49,4,9,-,-,-
19861024-0,Friday,24-OCT-1986,-,A1, En route (ENR),near Medina,Saudi Arabia,2,2, Damaged beyond repair,-,Learjet 25XR,-,-,-,-,-, N51DB, 25-246,private,Executive,-,-,-,-,-,-,-,-,-,2,0,2,0,-,-,-
19861025-0,Saturday,25-OCT-1986,20:08,A1, Landing (LDG),"Charlotte-Douglas Airport, NC (CLT)",United States of America,119,0, Destroyed, Written off (damaged beyond repair),Boeing 737-222,2,Pratt & Whitney JT8D-7B,1968,59033.0,41714.0, N752N, 19073/90,Piedmont Airlines,Domestic Scheduled Passenger, 467,Newark International Airport,EWR,KEWR,United States of America,Charlotte-Douglas Airport,CLT,KCLT,United States of America,5,114,0,0,-,-,Final
19861026-0,Sunday,26-OCT-1986,20:00,C2, En route (ENR),over Tosa Bay,Japan,239,0, Substantial, Repaired,Airbus A300B4-601,2,General Electric CF6-80C2A1,1986,45.0,135.0, HS-TAE, 395,Thai Airways International,International Scheduled Passenger, 620,Manila International Airport,MNL,RPLL,Philippines,Osaka-Itami Airport,ITM,RJOO,Japan,16,223,0,0,-,-,Final
19861028-0,Tuesday,28-OCT-1986,09:15,A1, En route (ENR),"off Christiansted, St Croix",U.S. Virgin Islands,15,1, Damaged beyond repair,-,Grumman G-73 Mallard,2,Pratt & Whitney R-1340,1946,-,-, N604SS, J-4,Virgin Islands Seaplane Shuttle,Domestic Scheduled Passenger,-,-,-,-,-,-,-,-,-,2,13,0,1,-,-,Final
19861029-0,Wednesday,29-OCT-1986,13:10,A1, Initial climb (ICL),near San Juan-Isla Grande Airport (SIG),Puerto Rico,2,1, Destroyed, Written off (damaged beyond repair),de Havilland Canada DHC-3 Otter,1,Pratt & Whitney R-1340,1955,-,6290.0, N778L,  83,private,Private,-,San Juan-Isla Grande Airport,SIG,TJIG,Puerto Rico,San Juan-Isla Grande Airport,SIG,TJIG,Puerto Rico,1,1,1,0,-,-,Final
19861099-0,-,xx-OCT-1986,-,O1, Unknown (UNK),"Mojave Air & Space Port, CA (MHV)",United States of America,0,0, Damaged beyond repair,-,Convair CV-880-22M-3,-,-,1963,-,-, N5863, 22-00-48M,FAA,-,-,-,-,-,-,-,-,-,-,0,0,0,0,-,-,-
19861102-0,Sunday,02-NOV-1986,19:25,A1, Approach (APR),11 km (6.9 mls) E of Zahedan,Iran,103,103, Destroyed, Written off (damaged beyond repair),Lockheed C-130 Hercules,-,-,-,-,-, registration unknown,-,Iran AF,Military,-,Kermanshah Airport,KSH,OICC,Iran,Zahedan Airport,ZAH,OIZH,Iran,7,96,7,96,-,-,-
19861103-0,Monday,03-NOV-1986,-,A1, Unknown (UNK),Casablanca-Nouasseur Airport (CMN),Morocco,4,4, Damaged beyond repair,-,Beechcraft 200 Super King Air,-,-,1979,-,-, CN-CDE, BB-567,RAM,Training,-,Casablanca-Nouasseur Airport,CMN,GMMN,Morocco,Casablanca-Nouasseur Airport,CMN,GMMN,Morocco,4,0,4,0,-,-,-
19861106-0,Thursday,06-NOV-1986,07:04,A2, Taxi (TXI),"Tampa International Airport, FL (TPA)",United States of America,23,0, Substantial, Repaired,Boeing 727-235,3,Pratt & Whitney JT8D-7B,1968,-,-, N4743, 19463/552,Pan Am,Domestic Scheduled Passenger,PA164,Tampa International Airport,TPA,KTPA,United States of America,Newark International Airport,EWR,KEWR,United States of America,6,17,0,0,1,-,Final
19861106-1,Thursday,06-NOV-1986,-,U1, Unknown (UNK),at an unknown location,Unknown country,-,-, Damaged beyond repair,-,Cessna 551 Citation II/SP,-,-,-,-,-, N711WM, 551-0388,Barbary Coast Hotel & Casino,Unknown,-,-,-,-,-,-,-,-,-,-,-,-,-,-,-,-
19861108-0,Saturday,08-NOV-1986,06:16,A1, Landing (LDG),"Brooksville-Hernando County Airport, FL",United States of America,1,0, Damaged beyond repair,-,Beechcraft A100 King Air,2,Pratt & Whitney Canada PT6A-28,-,-,5500.0, N78L, B-167,American Aviation,Executive,-,-,-,-,-,Kendall-Tamiami Airport,TMB,KTMB,United States of America,1,0,0,0,-,-,Final
19861110-0,Monday,10-NOV-1986,-,H2, En route (ENR),Tabriz Airport (TBZ),Iran,-,0, None,-,Airbus A300B2-203,-,-,-,-,-, registration unknown,-,Iran Air,Domestic Scheduled Passenger,-,Tehran-Mehrabad Airport,THR,OIII,Iran,Tabriz Airport,TBZ,OITT,Iran,-,-,0,0,-,-,-
19861113-0,Thursday,13-NOV-1986,12:25,A2, Landing (LDG),"Newark International Airport, NJ (EWR)",United States of America,137,0, Substantial, Repaired,Lockheed L-1011 TriStar 1,-,-,1974,-,-, N714DA, 1090,Delta Air Lines,Domestic Scheduled Passenger,DL194,Atlanta-William B. Hartsfield International Airport,ATL,KATL,United States of America,Newark International Airport,EWR,KEWR,United States of America,23,114,0,0,-,-,Final
19861125-0,Tuesday,25-NOV-1986,-,A1, Taxi (TXI),Paris-Orly Airport (ORY),France,-,0, Damaged beyond repair,-,Beechcraft 99 Airliner,2,Pratt & Whitney Canada PT6A-20,1969,-,-, D-IEXA, U- 69,Extra Executive Transport,Unknown,-,-,-,-,-,-,-,-,-,-,-,0,0,-,-,-
19861127-0,Thursday,27-NOV-1986,-,A1, Takeoff (TOF),Arauca Airport (AUC),Colombia,5,0, Damaged beyond repair,-,Sud Aviation SE-210 Caravelle 11R,2,Pratt & Whitney JT8D-7B,1969,-,-, HK-2850, 261,Aerosucre Colombia,Cargo,-,Arauca-Santiago Pérez Airport,AUC,SKUC,Colombia,-,-,-,-,3,2,0,0,-,-,-
19861127-1,Thursday,27-NOV-1986,-,A1, Unknown (UNK),"Rio de Janiero-Afonsos Air Force Base, RJ",Brazil,-,-, Damaged beyond repair,-,de Havilland Canada C-115 Buffalo (DHC-5),-,-,-,-,-, 2355, 24,Brazilian AF,Military,-,-,-,-,-,-,-,-,-,-,-,-,-,-,-,-
19861129-0,Saturday,29-NOV-1986,-,C1, En route (ENR),24 km (15 mls) from  Kabul Airport (KBL),Afghanistan,29,29, Destroyed, Written off (damaged beyond repair),Antonov An-12,-,-,-,-,-, registration unknown,-,Soviet AF,Military,-,Kabul Airport,KBL,OAKB,Afghanistan,Jalalabad Airport,JAA,OAJL,Afghanistan,8,21,8,21,-,-,-
19861129-1,Saturday,29-NOV-1986,09:50,A2, Takeoff (TOF),San Juan-Luis Muñoz Marín International Airport (SJU),Puerto Rico,2,0, Substantial, Repaired,de Havilland Canada DHC-6 Twin Otter 200,-,-,1968,-,33397.0, N930MA, 190,Eastern Metro,Domestic Scheduled Passenger,-,San Juan-Luis Muñoz Marín International Airport,SJU,TJSJ,Puerto Rico,Mayaguez-Eugenio M. de Hostos Airport,MAZ,TJMZ,Puerto Rico,2,0,0,0,-,-,Final
19861130-0,Sunday,30-NOV-1986,13:45,O1, Standing (STD),"Erie International Airport, PA (ERI)",United States of America,0,0, Damaged beyond repair,-,British Aerospace 3102 Jetstream 31,2,Garrett TPE331-10UF-511H,1986,-,-, N830JS, 714,Piedmont Commuter,-,-,-,-,-,-,-,-,-,-,0,0,0,0,-,-,-
19861199-0,-,xx-NOV-1986,-,A1, Landing (LDG),Congo Town Airport,Bahamas,-,0, Damaged beyond repair,-,Douglas DC-6A,-,-,1958,-,-, HI-251, 45520/1013,Carga Aérea Dominicana,Unknown,-,-,-,-,-,-,-,-,-,-,-,0,0,-,-,-
19861206-0,Saturday,06-DEC-1986,-,A1, Approach (APR),near Veszprém-Szentkirályszabadja Air Base,Hungary,5,4, Damaged beyond repair,-,Antonov An-26,-,-,1974,-,-, 210, 2210,Hungarian AF,Military,-,Budapest-Ferihegy Airport,BUD,LHBP,Hungary,-,-,-,-,5,0,4,0,-,-,-
19861207-0,Sunday,07-DEC-1986,-,A1, Approach (APR),Moskva-Bykovo Airport (BKA),Russia,-,0, Damaged beyond repair,-,Antonov An-26B,2,Ivchenko AI-24VT,1982,-,-, CCCP-88288, 11803,MAP Moscow,Ferry/positioning,-,Moskva-Sheremetyevo Airport,SVO,UUEE,Russia,Moskva-Bykovo Airport,BKA,UUBB,Russia,-,0,0,0,-,-,-
19861210-0,Wednesday,10-DEC-1986,09:45,A1, Approach (APR),"Windsor, MA",United States of America,6,6, Damaged beyond repair,-,Beechcraft 100 King Air,2,Pratt & Whitney Canada PT6A-28,1970,-,7710.0, N65TD, B-50,Teledyne Industries,Executive,-,-,-,-,-,Pittsfield Airport,PSF,KPSF,United States of America,2,4,2,4,-,-,Final
19861210-1,Wednesday,10-DEC-1986,-,A1, Approach (APR),"11 km (6.9 mls) SE of Fort McMurray Airport, AB (YMM)",Canada,4,0, Damaged beyond repair,-,Beechcraft B200 Super King Air,-,-,1981,-,-, C-GKRL, BB-878,Syncrude Canada,Executive,-,-,-,-,-,Fort McMurray Airport,YMM,CYMM,Canada,1,3,0,0,-,-,-
19861212-0,Friday,12-DEC-1986,17:03,A1, Approach (APR),3 km (1.9 mls) NE of Berlin-Schönefeld Airport (SXF),Germany,82,72, Destroyed, Written off (damaged beyond repair),Tupolev Tu-134A,-,-,1980,8482.0,12658.0, CCCP-65795, 63145,Aeroflot / Belarus,International Scheduled Passenger,SU892,Praha-Ruzyne International Airport,PRG,LKPR,Czech Republic,Berlin-Schönefeld Airport,SXF,EDDB,Germany,9,73,9,63,-,-,-
19861215-0,Monday,15-DEC-1986,-,A1, Approach (APR),Lanzhou-Zhongchuan Airport (LHW),China,44,6, Damaged beyond repair,-,Antonov An-24RV,2,Ivchenko AI-24VT,1973,-,-, B-3413, 37308907,CAAC,Domestic Scheduled Passenger,-,Lanzhou-Zhongchuan Airport,LHW,ZLLL,China,Xian-Xiguan Airport,SIA,ZLXG,China,7,37,0,6,-,-,-
19861215-1,Monday,15-DEC-1986,-,A1, Approach (APR),2 km (1.3 mls) from  Casablanca,Morocco,8,8, Damaged beyond repair,-,British Aerospace BAe-125-600B,-,-,1974,-,-, 5N-AWS, 256042,Radio Communications,Executive,-,-,-,-,-,-,-,-,-,2,6,2,6,-,2,-
19861215-2,Monday,15-DEC-1986,-,A1, Unknown (UNK),at an unknown location,Guyana,-,-, Damaged beyond repair,-,Britten-Norman BN-2 Islander,-,-,1975,-,-, 8R-GES, 482,Guyana AF,Military,-,-,-,-,-,-,-,-,-,-,-,-,-,-,-,-
19861217-0,Wednesday,17-DEC-1986,-,A1, En route (ENR),Caribbean Sea,Atlantic Ocean,3,0, Damaged beyond repair,-,CASA C-212 Aviocar 200,-,-,1982,-,-, N431CA, 269,Latin Air Service,Unknown,-,Key West International Airport,EYW,KEYW,United States of America,-,-,-,-,3,0,0,0,-,-,-
19861217-1,Wednesday,17-DEC-1986,17:49,A1, Approach (APR),"3 km (1.9 mls) S of Norman Wells Airport, NT (YVQ)",Canada,1,0, Damaged beyond repair,-,Britten-Norman BN-2A-27 Islander,-,-,1970,-,-, C-FCMY, 169,Nahanni Air Services,Ferry/positioning,-,-,-,-,-,Norman Wells Airport,YVQ,CYVQ,Canada,1,0,0,0,-,-,Final
19861223-0,Tuesday,23-DEC-1986,18:00,A1, En route (ENR),"off Arlington, WA",United States of America,2,0, Damaged beyond repair,-,Douglas C-54R (DC-4),-,-,1945,-,-, N96361, 27368,Central Air Services,Training,-,Arlington Municipal Airport,AWO,KAWO,United States of America,Arlington Municipal Airport,AWO,KAWO,United States of America,2,0,0,0,-,-,-
19861225-1,Thursday,25-DEC-1986,-,H1, En route (ENR),near Arar,Saudi Arabia,106,63, Damaged beyond repair,-,Boeing 737-270C,2,Pratt & Whitney JT8D-15,1976,-,-, YI-AGJ, 21183/446,Iraqi Airways,International Scheduled Passenger,IA163,Baghdad-Saddam International Airport,SDA,ORBS,Iraq,Amman-Queen Alia International Airport,AMM,OJAI,Jordan,15,91,3,60,-,-,-
19861227-0,Saturday,27-DEC-1986,13:48,A1, Approach (APR),NE of Nadi International Airport (NAN),Fiji,14,11, Damaged beyond repair,-,de Havilland DH-114 Riley Heron 2B,-,-,1955,-,-, DQ-FEF, 14056,Sunflower Airlines,Domestic Scheduled Passenger,-,Savusavu Airport,SVU,NFNS,Fiji,Nadi International Airport,NAN,NFFN,Fiji,2,12,2,9,-,-,-
19861227-2,Saturday,27-DEC-1986,-,C2, En route (ENR),68 km (42.5 mls) from  Kabul,Afghanistan,-,1, Substantial, Repaired,Antonov An-12,-,-,-,-,-, registration unknown,-,Soviet AF,Military,-,-,-,-,-,-,-,-,-,-,-,1,0,-,-,-
19861231-0,Wednesday,31-DEC-1986,-,C2, Approach (APR),"near Raleigh/Durham Airport, NC",United States of America,-,0, Minor, Repaired,Boeing 737,-,-,-,-,-, registration unknown,-,United Airlines,Scheduled Passenger,-,-,-,-,-,Raleigh/Durham Airport,RDU,KRDU,United States of America,-,-,0,0,-,-,-
19861231-1,Wednesday,31-DEC-1986,-,A1, Unknown (UNK),Chernenko,Russia,-,0, Damaged beyond repair,-,Let L-410UVP,-,-,1983,-,-, CCCP-67428, 831119,Aeroflot / Krasnoyarsk,Unknown,-,-,-,-,-,-,-,-,-,-,-,0,0,-,-,-
19869999-3,-,xx-xxx-1986,-,U1, Unknown (UNK),at an unknown location,Kenya,-,-, Damaged beyond repair,-,Britten-Norman BN-2A Trislander Mk.III,3,Lycoming O-540-E4C5,1972,-,-, 5Y-AOY, 0320,Cooper Skybird Aircharters,Unknown,-,-,-,-,-,-,-,-,-,-,-,-,-,-,-,-
19869999-4,-,xx-xxx-1986,-,A1, Unknown (UNK),at an unknown location,Ecuador,-,0, Damaged beyond repair,-,Dornier Do 128-2 Skyservant,-,-,-,-,-, HC-BMR, 4334,Servicio Aéreo Misional - SAM,Unknown,-,-,-,-,-,-,-,-,-,-,-,0,0,-,-,-
19860103-1,Friday,03-JAN-1986,-,A1, Unknown (UNK),near Shantobe,Kazakhstan,-,0, Damaged beyond repair,-,Antonov An-2T,-,-,1958,-,17311.0, CCCP-06101, 196(473)19,Tselinny gorno-khimicheski kombinat,Unknown,-,-,-,-,-,-,-,-,-,-,-,0,0,-,-,-
19860113-0,Monday,13-JAN-1986,09:15,A2, Takeoff (TOF),"Caribou Horn Lake, NT",Canada,1,0, Substantial, Repaired,Britten-Norman BN-2A-6 Islander,-,-,1970,-,-, C-GTPB, 223,Borealis Exploration,Executive,-,-,-,-,-,-,-,-,-,1,0,0,0,-,-,Final
19860115-0,Wednesday,15-JAN-1986,-,A1, Approach (APR),near Vatry/Châlons-en-Champagne International Airport (XCR),France,2,2, Damaged beyond repair,-,Dassault Falcon 10,-,-,1978,-,-, F-GBTC, 124,Air BG,Unknown,-,-,-,-,-,Vatry/Châlons-en-Champagne International Airport,XCR,LFOK,France,2,0,2,0,-,-,-
19860115-1,Wednesday,15-JAN-1986,10:26,A2, Approach (APR),Tiruchirappalli-Civil Airport (TRZ),India,128,0, Substantial, Repaired,Boeing 737-2A8 Advanced,2,Pratt & Whitney JT8D-17A,1980,-,-, VT-EGD, 22280/671,Indian Airlines,Domestic Scheduled Passenger,IC529,Madras Airport,MAA,VOMM,India,Tiruchirappalli-Civil Airport,TRZ,VOTR,India,6,122,0,0,-,-,Final
19860116-0,Thursday,16-JAN-1986,-,A1, Unknown (UNK),Un-Sara,Sudan,-,-, Damaged beyond repair,-,Antonov An-2R,-,-,-,-,-, SP-WON, 1G161-03,ZUA,Unknown,-,-,-,-,-,-,-,-,-,-,-,-,-,-,-,-
19860118-0,Saturday,18-JAN-1986,07:58,A1, Approach (APR),8 km (5 mls) from  Flores-Santa Elena Airport (FRS),Guatemala,94,94, Destroyed, Written off (damaged beyond repair),Sud Aviation SE-210 Caravelle VI-N,2,Rolls-Royce Avon 531B,1960,-,-, HC-BAE, 40,SAETA,Domestic Non Scheduled Passenger,-,Guatemala City-La Aurora Airport,GUA,MGGT,Guatemala,Flores-Santa Elena Airport,FRS,MGFL,Guatemala,6,88,6,88,-,-,-
19860119-1,Sunday,19-JAN-1986,-,A1, Approach (APR),"Sachigo Lake Airport, ON (ZPB)",Canada,4,0, Damaged beyond repair,-,Douglas C-47A-10-DK (DC-3),2,Pratt & Whitney R-1830,1944,-,-, C-GNNA, 12483,Austin Airways,Cargo,-,-,-,-,-,Sachigo Lake Airport,ZPB,CZPB,Canada,2,2,0,0,-,-,Final
19860122-0,Wednesday,22-JAN-1986,19:51,A2, En route (ENR),near Riyadh,Saudi Arabia,21,0, Minor, Repaired,Boeing 727-21,3,Pratt & Whitney JT8D-7B,1966,-,33000.0, HZ-TFA, 19006/262,private,Executive,7994,Riyadh-King Khalid International Airport,RUH,OERK,Saudi Arabia,Jeddah-King Abdulaziz International Airport,JED,OEJN,Saudi Arabia,6,15,0,0,-,-,Final
19860123-0,Thursday,23-JAN-1986,-,A1, Unknown (UNK),Ujung Pandang harbour,Indonesia,8,5, Damaged beyond repair,-,Grumman HU-16A Albatross,-,-,-,-,-, IR-0222, G-441,Indonesian AF,Military,-,-,-,-,-,-,-,-,-,-,-,-,-,-,-,-
19860127-0,Monday,27-JAN-1986,07:59,A1, Landing (LDG),"Buenos Aires/Ezeiza-Ministro Pistarini Airport, BA (EZE)",Argentina,5,0, Damaged beyond repair,-,Boeing 707-387C,4,Pratt & Whitney JT3D-3B,1968,-,-, LV-JGR, 19961/754,Aerolineas Argentinas,Cargo,-,-,-,-,-,Buenos Aires/Ezeiza-Ministro Pistarini Airport,EZE,SAEZ,Argentina,4,1,0,0,-,-,Final
19860127-1,Monday,27-JAN-1986,-,A2, Takeoff (TOF),"Lago Gutierrez, RN",Argentina,2,1, Substantial, Repaired,Consolidated PBY-6A Catalina,-,-,-,-,-, CC-CCS, 2043/101,Aeroservicios Parrague,Fire fighting,-,-,-,-,-,-,-,-,-,2,0,1,0,-,-,-
19860128-0,Tuesday,28-JAN-1986,07:32,A1, Takeoff (TOF),"São Paulo-Guarulhos International Airport, SP (GRU)",Brazil,72,1, Damaged beyond repair,-,Boeing 737-2A1,2,Pratt & Whitney JT8D-7,1969,-,-, PP-SME, 20096/190,VASP,Domestic Scheduled Passenger, 210,São Paulo-Guarulhos International Airport,GRU,SBGR,Brazil,Belo Horizonte-Tancredo Neves International Airport,CNF,SBCF,Brazil,5,67,0,1,-,-,-
19860129-0,Wednesday,29-JAN-1986,-,A1, Approach (APR),Las Lomitas,Mexico,21,21, Damaged beyond repair,-,Douglas DC-3A-178,2,Pratt & Whitney R-1830,1936,-,-, XA-IOR, 1547,Aero California,Domestic Scheduled Passenger,-,-,-,-,-,Los Mochis-Federal Airport,LMM,MMLM,Mexico,3,18,3,18,-,-,-
19860131-1,Friday,31-JAN-1986,18:51,A1, Approach (APR),"3,5 km (2.2 mls) W of East Midlands Airport (EMA)",United Kingdom,36,0, Damaged beyond repair,-,Shorts 360-100,2,Pratt & Whitney Canada PT6A-65R,1984,-,3226.0, EI-BEM, SH.3642,Aer Lingus,International Scheduled Passenger,-,Dublin Airport,DUB,EIDW,Ireland,East Midlands Airport,EMA,EGNX,United Kingdom,3,33,0,0,-,-,Final
19860199-0,-,xx-JAN-1986,-,U1, Unknown (UNK),at an unknown location,Unknown country,-,-, Damaged beyond repair,-,Douglas DC-6BF,-,-,1951,-,-, HR-AIV, 43266/182,Unknown,Unknown,-,-,-,-,-,-,-,-,-,-,-,-,-,-,-,-
19860202-0,Sunday,02-FEB-1986,13:40,A2, Approach (APR),"Sault Ste. Marie Airport, ON (YAM)",Canada,2,0, Substantial, Repaired,de Havilland Canada DHC-8-101,2,Pratt & Whitney Canada PW120,1985,-,149.0, C-GPYD, 12,Air Dale,Training,-,Sault Ste. Marie Airport,YAM,CYAM,Canada,Sault Ste. Marie Airport,YAM,CYAM,Canada,2,0,0,0,-,-,Final
19860204-0,Tuesday,04-FEB-1986,-,A2, Landing (LDG),Islamabad International Airport (ISB),Pakistan,264,0, Substantial, Repaired,Boeing 747-282B,4,Pratt & Whitney JT9D-7,1975,-,-, AP-AYW, 21035/256,PIA,Domestic Scheduled Passenger,PK300,Karachi International Airport,KHI,OPKC,Pakistan,Islamabad International Airport,ISB,OPRN,Pakistan,17,247,0,0,-,-,Preliminary
19860205-0,Wednesday,05-FEB-1986,-,H2, Taxi (TXI),"Dallas/Fort Worth International Airport, TX (DFW)",United States of America,222,0, None,-,Lockheed L-1011 TriStar,-,-,-,-,-, registration unknown,-,Delta Air Lines,Domestic Scheduled Passenger,DL139,Fort Lauderdale International Airport,FLL,KFLL,United States of America,Dallas/Fort Worth International Airport,DFW,KDFW,United States of America,11,211,0,0,-,-,-
19860205-1,Wednesday,05-FEB-1986,-,A1, En route (ENR),near Kasongo,Democratic Republic of the Congo,14,2, Damaged beyond repair,-,Lockheed L-188AF Electra,-,-,1959,-,-, 9Q-CWT, 1045,GLM Aviation,Domestic Scheduled Passenger,-,Kasongo Lunda Airport,KGN,FZOK,Democratic Republic of the Congo,-,-,-,-,4,10,0,2,-,-,-
19860206-1,Thursday,06-FEB-1986,-,A1, En route (ENR),near Saransk,Russia,6,0, Damaged beyond repair,-,Antonov An-26B,2,Ivchenko AI-24VT,-,1301.0,3088.0, CCCP-26095, 11810,Aeroflot / Belarus,Cargo,-,Saransk Airport,SKX,UWPS,Russia,-,-,-,-,-,-,0,0,-,-,-
19860208-0,Saturday,08-FEB-1986,12:00,A1, Approach (APR),near Bogotá-Eldorado Airport (BOG),Colombia,5,0, Damaged beyond repair,-,Douglas C-47A-60-DL (DC-3),-,-,1943,-,-, HK-3031, 10202,SAEP,Cargo,-,Bogotá-Eldorado Airport,BOG,SKBO,Colombia,-,-,-,-,2,3,0,0,-,-,-
19860216-0,Sunday,16-FEB-1986,-,A1, Approach (APR),19 km (11.9 mls) N off  Magong Airport (MZG),Taiwan,13,13, Damaged beyond repair,-,Boeing 737-281,2,Pratt & Whitney JT8D-9A,1969,-,-, B-1870, 20226/168,China Airlines,Domestic Scheduled Passenger,-,Taipei-Songshan Airport,TSA,RCSS,Taiwan,Magong Airport,MZG,RCQC,Taiwan,7,6,7,6,-,-,-
19860217-0,Monday,17-FEB-1986,07:10,A1, En route (ENR),Philippi Glacier,Antarctica,6,6, Damaged beyond repair,-,Ilyushin Il-14M,-,-,1957,18078.0,32094.0, CCCP-41816, 147001603,Aeroflot / Central Region,Ferry/positioning,-,-,-,-,-,-,-,-,-,6,0,6,0,-,-,-
19860218-0,Tuesday,18-FEB-1986,-,A1, Takeoff (TOF),Iruma Air Base,Japan,7,0, Damaged beyond repair,-,Kawasaki C-1,-,-,-,-,-, 58-1010, 8010,JASDF,Military,-,-,-,-,-,-,-,-,-,7,0,0,0,-,-,-
19860220-1,Thursday,20-FEB-1986,-,O1, Standing (STD),near Ahwaz Airport (AWZ),Iran,0,0, Damaged beyond repair,-,Fokker F-27 Friendship 600,-,-,1959,-,-, EP-IOK ?, 10140,NIOC,Unknown,-,-,-,-,-,-,-,-,-,0,0,0,0,-,-,-
19860221-0,Friday,21-FEB-1986,08:59,A1, Landing (LDG),"Erie International Airport, PA (ERI)",United States of America,23,0, Substantial, Written off (damaged beyond repair),McDonnell Douglas DC-9-31,2,Pratt & Whitney JT8D-7B,1970,-,42104.0, N961VJ, 47506/588,USAir,International Scheduled Passenger, 499,Toronto-Pearson International Airport,YYZ,CYYZ,Canada,Erie International Airport,ERI,KERI,United States of America,5,18,0,0,-,-,Final
19860223-0,Sunday,23-FEB-1986,-,C1, En route (ENR),at an unknown location,Iran,-,-, Damaged beyond repair,-,Lockheed EC-130E Hercules,-,-,-,-,-, registration unknown,-,Iran AF,Military,-,-,-,-,-,-,-,-,-,-,-,-,-,-,-,-
19860227-0,Thursday,27-FEB-1986,22:30,A1, Landing (LDG),"Coatesville-Chestercounty Carlson Airport, PA (CTH)",United States of America,6,0, Substantial, Written off (damaged beyond repair),Dassault Falcon 10,2,Garrett TFE731-2-1C,1980,-,1447.0, N821LG, 170,Seneca Sawmill,Executive,-,New York-John F. Kennedy International Airport,JFK,KJFK,United States of America,Lexington-Blue Grass Airport,LEX,KLEX,United States of America,2,4,0,0,-,-,Final
19860227-1,Thursday,27-FEB-1986,-,H2, En route (ENR),"New York-John F. Kennedy International Airport, NY (JFK)",United States of America,56,0, None,-,Boeing 727,-,-,-,-,-, registration unknown,-,TWA,Domestic Scheduled Passenger,TW348,Miami International Airport,MIA,KMIA,United States of America,New York-John F. Kennedy International Airport,JFK,KJFK,United States of America,6,50,0,0,-,-,-
19860299-0,-,xx-FEB-1986,-,U1, Unknown (UNK),Paris-Le Bourget Airport (LBG),France,-,-, Damaged beyond repair,-,Learjet 25D,-,-,-,-,-, I-COTO, 25-285,Spei Leasing,Unknown,-,-,-,-,-,-,-,-,-,-,-,-,-,-,-,-
19860302-0,Sunday,02-MAR-1986,03:03,A1, Approach (APR),8 km (5 mls) from  Bugulma Airport (UUA),Russia,38,38, Damaged beyond repair,-,Antonov An-24B,-,-,1968,-,-, CCCP-46423, 87304108,Aeroflot / Moscow,Domestic Scheduled Passenger,-,Cheboksary Airport,CSY,UWKS,Russia,Bugulma Airport,UUA,UWKB,Russia,4,34,4,34,-,-,-
19860304-0,Tuesday,04-MAR-1986,-,H2, En route (ENR),Thira Airport (JTR),Greece,-,0, None,-,Boeing 737-284,-,-,-,-,-, registration unknown,-,Olympic Airways,Domestic Scheduled Passenger,-,Athens-Ellinikon International Airport,ATH,LGAT,Greece,Thira Airport,JTR,LGSR,Greece,-,-,0,0,-,-,-
19860305-0,Wednesday,05-MAR-1986,-,A1, Maneuvering (MNV),"43,5 km (27.2 mls) SE of San Clemente Island, CA",United States of America,2,2, Damaged beyond repair,-,Learjet 24D,-,-,-,-,-, N97DM, 24-253,Flight International,Military,-,-,-,-,-,-,-,-,-,2,0,2,0,2,-,-
19860305-1,Wednesday,05-MAR-1986,-,A1, Maneuvering (MNV),"43,5 km (27.2 mls) SE of San Clemente Island, CA",United States of America,2,2, Damaged beyond repair,-,Learjet 35,2,Garrett TFE731-2-2B,1975,-,-, N39DM, 35-040,Flight International,Military,-,-,-,-,-,-,-,-,-,2,0,2,0,2,-,-
19860305-2,Wednesday,05-MAR-1986,-,A1, Unknown (UNK),"near Pachuca, Hidalgo",Mexico,-,-, Damaged beyond repair,-,Douglas C-47 (DC-3),-,-,-,-,-, registration unknown,-,Unknown,Illegal Flight,-,-,-,-,-,-,-,-,-,-,-,-,-,-,-,-
19860307-0,Friday,07-MAR-1986,-,A1, Unknown (UNK),at an unknown location,Chad,-,-, Damaged beyond repair,-,Lockheed C-130A Hercules,-,-,1957,-,-, TT-PAB, 3020,Chad AF,Military,-,-,-,-,-,-,-,-,-,-,-,-,-,-,-,-
19860313-0,Thursday,13-MAR-1986,22:00,A1, Approach (APR),"2,4 km (1.5 mls) S of Alpena County Regional Airport, MI (APN)",United States of America,9,3, Destroyed, Written off (damaged beyond repair),Embraer EMB-110P1 Bandeirante,2,Pratt & Whitney Canada PT6A-34,1981,16767.0,9698.0, N1356P, 110370,Simmons Airlines,Domestic Scheduled Passenger,1746,Detroit-Metropolitan Wayne County Airport,DTW,KDTW,United States of America,Alpena County Regional Airport,APN,KAPN,United States of America,2,7,1,2,-,-,Final
19860314-0,Friday,14-MAR-1986,15:30,H2, Standing (STD),"Daytona Beach International Airport, FL (DAB)",United States of America,-,0, Minor, Repaired,McDonnell Douglas DC-9,-,-,-,-,-, registration unknown,-,Delta Air Lines,Domestic Scheduled Passenger,DL655,Atlanta-William B. Hartsfield International Airport,ATL,KATL,United States of America,Daytona Beach International Airport,DAB,KDAB,United States of America,-,-,0,0,-,-,-
19860320-0,Thursday,20-MAR-1986,-,A1, Approach (APR),near Naha,Indonesia,16,2, Damaged beyond repair,-,CASA/Nurtanio NC-212 Aviocar 100,2,Garrett TPE331-5-251C,1979,-,-, PK-NCF, 108/15N,Merpati Nusantara,Domestic Scheduled Passenger,-,Manado-Sam Ratulangi Airport,MDC,WAMM,Indonesia,Naha Airport,NAH,WAMH,Indonesia,2,14,2,0,-,-,-
19860320-1,Thursday,20-MAR-1986,13:30,A1, Approach (APR),"Lime Village, AK",United States of America,2,2, Damaged beyond repair,-,de Havilland Canada DHC-4A Caribou,2,Pratt & Whitney R-2000-7M2,1964,-,-, N539Y, 197,Woods Air Service,Executive,-,Palmer Municipal Airport,PAQ,PAAQ,United States of America,-,-,-,-,2,0,2,0,-,-,Final
19860322-0,Saturday,22-MAR-1986,-,A1, En route (ENR),Jammu,India,3,3, Damaged beyond repair,-,Antonov An-32,2,Ivchenko AI-20,1985,-,-, K2702, 0407,Indian AF,Military,-,Pathankot Air Base,IXP,VIPK,India,-,-,-,-,3,0,3,0,-,-,-
19860323-0,Sunday,23-MAR-1986,-,A1, Unknown (UNK),"Mount Lloyd George, BC",Canada,1,1, Damaged beyond repair,-,Britten-Norman BN-2A-21 Islander,-,-,1976,-,-, C-GYTC, 554,Phaega Corporation,Unknown,-,-,-,-,-,-,-,-,-,1,0,1,0,-,-,-
19860323-1,Sunday,23-MAR-1986,13:10,A2, Landing (LDG),"Steins, NM",United States of America,4,0, Substantial, Repaired,Douglas DC-3C,-,-,1942,-,13201.0, N37AP, 4430,Atorie Air,Cargo,-,Phoenix-Sky Harbor International Airport,PHX,KPHX,United States of America,El Paso International Airport,ELP,KELP,United States of America,2,2,0,0,-,-,Final
19860324-0,Monday,24-MAR-1986,09:55,A1, En route (ENR),"76 km (47.5 mls) N of Goose Bay, NL",Canada,5,4, Damaged beyond repair,-,de Havilland Canada DHC-3 Otter,1,Pratt & Whitney R-1340,1961,-,13258.0, C-FAGM, 400,Goose Bay Air Services,Domestic Non Scheduled Passenger,-,-,-,-,-,Goose Bay Airport,YYR,CYYR,Canada,1,4,1,3,-,-,Final
19860325-0,Tuesday,25-MAR-1986,-,A1, Approach (APR),Omsk,Russia,9,9, Damaged beyond repair,-,Antonov An-12AP,4,Ivchenko AI-20K,1961,6026.0,11980.0, CCCP-11795, 1400103,MOM/Polyot,Cargo,-,-,-,-,-,Omsk Airport,OMS,UNOO,Russia,6,3,6,3,-,-,-
19860325-1,Tuesday,25-MAR-1986,14:45,A1, En route (ENR),"450 km (281.3 mls) off  Jamnagar, India",Indian Ocean,7,7, Missing, Presumed damaged beyond repair,Antonov An-32,2,Ivchenko AI-20,1986,-,-, K2729, 0705?,Indian AF,Ferry/positioning,-,Muscat-Seeb Airport,MCT,OOMS,Oman,-,-,-,-,3,4,3,4,-,-,-
19860326-0,Wednesday,26-MAR-1986,-,A1, Unknown (UNK),Mezõnyárád,Hungary,1,1, Damaged beyond repair,-,Antonov An-2R,-,-,-,-,-, HA-MBH, 1G166-26,Ministry for Agriculture and Nutrition,Unknown,-,-,-,-,-,-,-,-,-,1,0,1,0,-,-,-
19860330-0,Sunday,30-MAR-1986,10:15,A1, Approach (APR),near Pemba Airport (POL),Mozambique,49,44, Damaged beyond repair,-,Antonov An-26,-,-,-,-,-, 042,-,Mozambique AF,Military,-,Pemba Airport,POL,FQPB,Mozambique,Maputo International Airport,MPM,FQMA,Mozambique,3,46,3,41,-,-,-
19860331-1,Monday,31-MAR-1986,09:11,A1, En route (ENR),Las Mesas,Mexico,167,167, Destroyed, Written off (damaged beyond repair),Boeing 727-264,3,Pratt & Whitney JT8D-17R,1981,-,-, XA-MEM, 22414/1748,Mexicana,Domestic Scheduled Passenger,MX940,Mexico City-Benito Juárez International Airport,MEX,MMMX,Mexico,Puerto Vallarta-Gustavo D. Ordaz Airport,PVR,MMPR,Mexico,8,159,8,159,-,-,-
19860402-0,Wednesday,02-APR-1986,-,A1, En route (ENR),"Magdalena, NM",United States of America,11,11, Damaged beyond repair,-,Lockheed HC-130P Combat King,-,-,1966,-,-, 66-0211, 4161,USAF,Military,-,-,-,-,-,-,-,-,-,11,0,11,0,-,-,-
19860402-1,Wednesday,02-APR-1986,13:05,C2, En route (ENR),over Argos,Greece,121,4, Substantial, Repaired,Boeing 727-231,3,Pratt & Whitney JT8D-9A,1974,-,-, N54340, 20845/1066,TWA,International Scheduled Passenger,TW840,Roma-Fiumicino Airport,FCO,LIRF,Italy,Athens-Ellinikon International Airport,ATH,LGAT,Greece,7,114,0,4,-,-,-
19860404-0,Friday,04-APR-1986,-,A1, Unknown (UNK),near Bor,South Sudan,14,7, Damaged beyond repair,-,de Havilland Canada DHC-5D Buffalo,-,-,1978,-,-, 800, 83,Sudan AF,Military,-,-,-,-,-,-,-,-,-,-,-,-,-,-,-,-
19860404-1,Friday,04-APR-1986,19:22,A1, En route (ENR),"Redwater, TX",United States of America,7,7, Destroyed, Written off (damaged beyond repair),IAI 1124A Westwind II,2,Garrett TFE731-3-1G,1980,-,2745.0, N50SK, 309,Drayton Associates,Executive,-,Dallas-Redbird Airport,RBD,KRBD,United States of America,Teterboro Airport,TEB,KTEB,United States of America,2,5,2,5,-,-,Final
19860414-0,Monday,14-APR-1986,-,A1, Landing (LDG),"Maui, HI",United States of America,-,0, Damaged beyond repair,-,Boeing-Canada PB2B-1 Canso A (PBY-5A),-,-,1943,-,-, C-FSAT, 21986,Can-Air Services,Test,-,-,-,-,-,-,-,-,-,-,-,0,0,-,-,- (No safety board investigation)
19860415-0,Tuesday,15-APR-1986,02:10,C1, Standing (STD),Tripoli International Airport (TIP),Libya,0,0, Damaged beyond repair,-,Ilyushin Il-76TD,4,Soloviev D-30KP,-,-,-, 5A-DNF, 0033445302,Jamahiriya Air Transport,Military,-,-,-,-,-,-,-,-,-,0,0,0,0,-,-,- (No safety board investigation)
19860415-1,Tuesday,15-APR-1986,02:10,C1, Standing (STD),Tripoli International Airport (TIP),Libya,0,0, Damaged beyond repair,-,de Havilland Canada DHC-6 Twin Otter 300,2,Pratt & Whitney Canada PT6A-27,1979,-,-, 5A-DCS, 621,Libyan Ministry of Agriculture,-,-,-,-,-,-,-,-,-,-,0,0,0,0,-,-,- (No safety board investigation)
19860415-2,Tuesday,15-APR-1986,02:10,C1, Standing (STD),Tripoli International Airport (TIP),Libya,0,0, Damaged beyond repair,-,Ilyushin Il-76TD,4,Soloviev D-30KP,-,-,-, 5A-DNL, 0033447357,Jamahiriya Air Transport,Military,-,-,-,-,-,-,-,-,-,0,0,0,0,-,-,- (No safety board investigation)
19860415-4,Tuesday,15-APR-1986,02:10,C1, Standing (STD),Tripoli International Airport (TIP),Libya,0,0, Damaged beyond repair,-,Ilyushin Il-76M,4,Soloviev D-30KP,-,-,-, 5A-DLL, 093421612,Libyan Arab Rep. Air Force,Military,-,-,-,-,-,-,-,-,-,0,0,0,0,-,-,- (No safety board investigation)
19860415-5,Tuesday,15-APR-1986,02:05,C1, Standing (STD),Benghazi-Benina International Airport (BEN),Libya,0,0, Damaged beyond repair,-,Fokker F-27 Friendship 600,-,-,1983,-,-, 5A-DLP, 10645,Libyan Arab Airlines,-,-,-,-,-,-,-,-,-,-,0,0,0,0,-,-,- (No safety board investigation)
19860418-0,Friday,18-APR-1986,-,A1, Unknown (UNK),Kazan Airport (KZN),Russia,-,0, Damaged beyond repair,-,Yakovlev Yak-40,3,Ivchenko AI-25,1975,-,-, CCCP-87236, 9530243,Aeroflot / Privolzhsk,Unknown,-,-,-,-,-,-,-,-,-,-,-,0,0,-,-,-
19860418-1,Friday,18-APR-1986,-,A1, Landing (LDG),Chita Airport (HTA),Russia,32,0, Damaged beyond repair,-,Yakovlev Yak-40,3,Ivchenko AI-25,1973,-,-, CCCP-87301, 9321728,Aeroflot / Yakutsk,Domestic Scheduled Passenger,-,-,-,-,-,Chita Airport,HTA,UIAA,Russia,5,27,0,0,-,-,-
19860424-0,Thursday,24-APR-1986,12:57,A1, Approach (APR),18 km (11.3 mls) from  Mombasa,Kenya,2,0, Damaged beyond repair,-,Shorts SC.7 Skyvan 3M-100,2,Garrett TPE331-2-201A,1980,-,-, 7Q-YAY, SH.1973,Malawi Police Force,Ferry/positioning,-,-,-,-,-,Mombasa-Moi International Airport,MBA,HKMO,Kenya,1,1,0,0,-,-,-
19860427-0,Sunday,27-APR-1986,08:35,A1, Approach (APR),13 km (8.1 mls) from  Tame,Colombia,13,13, Damaged beyond repair,-,de Havilland Canada DHC-6 Twin Otter 300,2,Pratt & Whitney Canada PT6A-27,1982,-,-, HK-2761, 780,ACES,Domestic Scheduled Passenger,-,Bogotá-Eldorado Airport,BOG,SKBO,Colombia,Saravena-Los Colonizadores Airport,RVE,SKSA,Colombia,2,11,2,11,-,-,-
19860429-0,Tuesday,29-APR-1986,-,A2, Landing (LDG),Tangier Airport (TNG),Morocco,-,0, Substantial, Repaired,Boeing 727-2B6,-,-,1970,-,-, CN-CCG, 20471/848,RAM,International Scheduled Passenger,-,London-Heathrow Airport,LHR,EGLL,United Kingdom,Tangier Airport,TNG,GMTT,Morocco,-,-,0,0,-,-,-
19860429-1,Tuesday,29-APR-1986,-,A1, Unknown (UNK),off Los Salinas de Huacho,Peru,-,7, Damaged beyond repair,-,Fokker F-27 Friendship 400M,-,-,1977,3926.0,5624.0, AE-561, 10549,Peruvian Navy,Military,-,-,-,-,-,-,-,-,-,-,-,-,-,-,-,-
19860499-0,-,xx-APR-1986,-,A1, Takeoff (TOF),Qala i Naw Airport (LQN),Afghanistan,-,0, Substantial, Written off (damaged beyond repair),Yakovlev Yak-40,3,Ivchenko AI-25,1971,-,-, YA-KAF, 9120617,Bakhtar Afghan,Domestic Scheduled Passenger,-,Qala i Naw Airport,LQN,OAQN,Afghanistan,Herat Airport,HEA,OAHR,Afghanistan,-,-,0,0,-,-,-
19860501-0,Thursday,01-MAY-1986,04:32,A1, En route (ENR),"2,4 km (1.5 mls) N of San Salvador/Ilopango International Airport (SAL)",El Salvador,37,37, Damaged beyond repair,-,Douglas DC-6,-,-,1955,-,-, FAS302, 44654?,Salvadorian AF,Military,-,San Salvador/Ilopango International Airport,SAL,MSSS,El Salvador,Panama City-Tocumen International Airport,PTY,MPTO,Panama,4,33,4,33,-,-,Preliminary
19860501-1,Thursday,01-MAY-1986,-,C2, En route (ENR),over Angola,Angola,-,0, Substantial, Repaired,Douglas C-47B-30-DK (DC-3),-,-,1945,-,-, 6855, 32961/16213,South African AF,Military,-,-,-,-,-,Ondangwa Airport,OND,FYOA,Namibia,3,-,0,0,-,-,-
19860502-0,Friday,02-MAY-1986,-,H2, En route (ENR),"Portland-Hillsboro Airport, OR (HIO)",United States of America,15,0, None,-,Swearingen SA227-AC Metro III,-,-,-,-,-, registration unknown,-,Horizon Air,Domestic Scheduled Passenger,2318,Medford-Jackson County Airport,MFR,KMFR,United States of America,Portland International Airport,PDX,KPDX,United States of America,2,13,0,0,-,-,-
19860503-0,Saturday,03-MAY-1986,-,A1, Landing (LDG),Ledovaya Baza,Russia,-,0, Damaged beyond repair,-,Antonov An-12TB,-,-,1969,9696.0,26140.0, CCCP-12962, 9346406,Aeroflot / Krasnoyarsk,Cargo,-,-,-,-,-,-,-,-,-,-,-,0,0,-,-,-
19860503-1,Saturday,03-MAY-1986,-,C1, Standing (STD),Colombo-Katunayake International Airport (CMB),Sri Lanka,128,14, Damaged beyond repair,-,Lockheed L-1011 TriStar 100,3,Rolls-Royce RB211-22B,1974,16666.0,28915.0, 4R-ULD, 1061,Air Lanka,International Scheduled Passenger, 512,Colombo-Katunayake International Airport,CMB,VCBI,Sri Lanka,Malé International Airport,MLE,VRMM,Maldives,-,-,0,14,-,-,-
19860503-2,Saturday,03-MAY-1986,-,H2, En route (ENR),Guangzhou-Baiyun Airport (CAN),China,3,0, None,-,Boeing 747-2R7F,4,Pratt & Whitney JT9D-7R4G2,1980,-,-, B-198, 22390/482,China Airlines,Cargo,-,Bangkok-Don Muang International Airport,BKK,VTBD,Thailand,Hong Kong-Kai Tak International Airport,HKG,VHHH,Hong Kong,3,0,0,0,-,-,-
19860503-4,Saturday,03-MAY-1986,17:11,A2, Landing (LDG),Zürich-Kloten Airport (ZRH),Switzerland,157,0, Minor, Repaired,Boeing 727-256 (Adv),-,-,1979,-,-, EC-DDV, 21778/1490,Iberia,International Scheduled Passenger,IB588,Málaga Airport,AGP,LEMG,Spain,Zürich-Kloten Airport,ZRH,LSZH,Switzerland,8,149,0,0,-,-,Final
19860507-0,Wednesday,07-MAY-1986,23:45,A1, Approach (APR),"11 km (6.9 mls) NW of Billings-Logan International Airport, MT (BIL)",United States of America,1,1, Destroyed, Written off (damaged beyond repair),Swearingen SA226-AT Merlin IV,2,Garrett TPE331-3U-303G,1972,-,2950.0, N577KA, AT-008,Barckley Airlines,Unknown,-,Helena Airport,HLN,KHLN,United States of America,Billings-Logan International Airport,BIL,KBIL,United States of America,1,0,1,0,-,-,Final
19860507-1,Wednesday,07-MAY-1986,18:00,A1, Landing (LDG),"Hollywood-North Perry Airport, FL (HWO)",United States of America,4,0, Damaged beyond repair,-,Learjet 24,2,General Electric CJ610-4,1968,-,-, N55NJ, 24-162,My Wife Yacht Sales,Private,-,Hollywood-North Perry Airport,HWO,KHWO,United States of America,Hollywood-North Perry Airport,HWO,KHWO,United States of America,2,2,0,0,-,-,Final
19860516-0,Friday,16-MAY-1986,10:42,A1, Landing (LDG),"Laramie-General Brees Field, WY (LAR)",United States of America,9,0, Substantial, Written off (damaged beyond repair),Beechcraft C99 Commuter,-,-,1983,-,5008.0, N6728J, U-217,Centennial Airlines,Domestic Scheduled Passenger,-,Denver International Airport,DEN,KDEN,United States of America,Laramie-General Brees Field,LAR,KLAR,United States of America,2,7,0,0,-,-,Final
19860517-1,Saturday,17-MAY-1986,17:57,A1, En route (ENR),19 km (11.9 mls) NW of Khanty-Mansiysk Airport (HMA),Russia,5,5, Destroyed, Written off (damaged beyond repair),Yakovlev Yak-40,3,Ivchenko AI-25,1977,-,-, CCCP-87928, 9741955,Aeroflot / Tyumen,Test,-,Khanty-Mansiysk Airport,HMA,USHH,Russia,Khanty-Mansiysk Airport,HMA,USHH,Russia,3,2,3,2,-,-,-
19860518-0,Sunday,18-MAY-1986,08:30,A1, En route (ENR),40 km (25 mls) N of Djibouti,Djibouti,19,19, Damaged beyond repair,-,Breguet 1150 Atlantic,2,Rolls-Royce Tyne RTy.20 Mk 21,-,-,-, 19, 19,French Navy,Military,-,-,-,-,-,-,-,-,-,14,5,14,5,-,-,-
19860518-1,Sunday,18-MAY-1986,-,A1, Unknown (UNK),Punta Mitre,Argentina,7,7, Damaged beyond repair,-,Beechcraft 200C Super King Air,-,-,1979,-,-, 0750/4-G-46, BB-543,Argentine Navy,Military,-,-,-,-,-,-,-,-,-,-,-,-,-,-,-,-
19860520-0,Tuesday,20-MAY-1986,-,H2, Standing (STD),Oulu Airport (OUL),Finland,100,0, None,-,McDonnell Douglas DC-9,-,-,-,-,-, registration unknown,-,Finnair,Domestic Scheduled Passenger, 509,Oulu Airport,OUL,EFOU,Finland,Helsinki-Vantaa Airport,HEL,EFHK,Finland,5,95,0,0,-,-,-
19860521-2,Wednesday,21-MAY-1986,15:21,A1, En route (ENR),Moskva-Sheremetyevo Airport (SVO),Russia,-,0, Damaged beyond repair,-,Tupolev Tu-154B-2,3,Kuznetsov NK-8-2U,1979,4687.0,11922.0, CCCP-85327, 79A327,Aeroflot / Krasnoyarsk,Domestic Scheduled Passenger,-,Chelyabinsk Airport,CEK,USCC,Russia,Moskva-Domodedovo Airport,DME,UUDD,Russia,-,175,0,0,-,-,-
19860523-0,Friday,23-MAY-1986,-,H2, Standing (STD),"Chicago-O'Hare International Airport, IL (ORD)",United States of America,-,0, None,-,McDonnell Douglas DC-10-30,-,-,-,-,-, registration unknown,-,Swissair,International Scheduled Passenger, 125,Chicago-O'Hare International Airport,ORD,KORD,United States of America,Zürich-Kloten Airport,ZRH,LSZH,Switzerland,-,-,0,0,-,-,-
19860524-0,Saturday,24-MAY-1986,-,A1, Unknown (UNK),near Ampanoizankova,Madagascar,13,13, Damaged beyond repair,-,Douglas C-47 (DC-3),-,-,-,-,-, registration unknown,-,Madagascar AF,Military,-,Antananarivo-Ivato Airport,TNR,FMMI,Madagascar,Antsirabe Airport,ATJ,FMME,Madagascar,-,-,-,-,-,-,-
19860526-0,Monday,26-MAY-1986,-,U1, Initial climb (ICL),unknown,Mexico,-,0, Damaged beyond repair,-,Beechcraft B200 Super King Air,-,-,1982,-,-, N551TR, BB-1033,Unknown,Unknown,-,-,-,-,-,-,-,-,-,-,-,0,0,-,-,-
19860606-0,Friday,06-JUN-1986,-,A1, En route (ENR),35 km (21.9 mls) SW of Sangar,Russia,10,0, Damaged beyond repair,-,Antonov An-2TP,-,-,1966,20784.0,1394.0, CCCP-29348, 1G77-31,Aeroflot / Yakutsk,Domestic Scheduled Passenger,-,-,-,-,-,-,-,-,-,2,8,0,0,-,-,-
19860607-0,Saturday,07-JUN-1986,-,H2, Standing (STD),Managua-Augusto C. Sandino Airport (MGA),Nicaragua,-,0, None,-,Boeing 727-25,3,Pratt & Whitney JT8D-7B,1965,-,-, YN-BXW, 18284/161,Aeronica,Domestic Scheduled Passenger,-,Managua-Augusto C. Sandino Airport,MGA,MNMG,Nicaragua,San Salvador/Ilopango International Airport,SAL,MSSS,El Salvador,-,68,0,0,-,-,-
19860608-0,Sunday,08-JUN-1986,-,C1, Landing (LDG),Dundo Airport (DUE),Angola,5,0, Damaged beyond repair,-,Lockheed L-100-20 Hercules,4,Allison 501-D22A,1979,-,-, D2-THA, 4832,TAAG,Cargo,-,-,-,-,-,Dundo Airport,DUE,FNDU,Angola,5,0,0,0,-,-,-
19860610-0,Tuesday,10-JUN-1986,-,A1, Approach (APR),near Cairo International Airport (CAI),Egypt,26,23, Damaged beyond repair,-,Fokker F-27 Friendship 500,2,Rolls-Royce Dart 535-7,1983,2378.0,2063.0, SU-GAD, 10659,Air Sinai,Domestic Scheduled Passenger,-,Cairo International Airport,CAI,HECA,Egypt,Alexandria Airport,ALY,HEAX,Egypt,5,21,5,18,-,-,-
19860612-0,Thursday,12-JUN-1986,15:22,A1, Approach (APR),"1,9 km (1.2 mls) NW of Laphroaig, Isle of Islay",United Kingdom,16,1, Damaged beyond repair,-,de Havilland Canada DHC-6 Twin Otter 300,2,Pratt & Whitney Canada PT6A-27,1979,-,9206.0, G-BGPC, 635,Loganair,Domestic Scheduled Passenger, 423,Glasgow-Abbotsinch Airport,GLA,EGPF,United Kingdom,Islay-Glenegedale Airport,ILY,EGPI,United Kingdom,2,14,1,0,-,-,Final
19860614-0,Saturday,14-JUN-1986,-,A1, Unknown (UNK),"W of Calgary, AB",Canada,-,-, Damaged beyond repair,-,de Havilland Canada DHC-6 Twin Otter 200,2,Pratt & Whitney Canada PT6A-20,1968,-,-, C-FZZM, 156,La Ronge Aviation Services,Unknown,-,-,-,-,-,-,-,-,-,-,-,-,-,-,-,-
19860614-1,Saturday,14-JUN-1986,14:52,A1, En route (ENR),"74 km (46.3 mls) W of Calgary, AB",Canada,8,8, Damaged beyond repair,-,de Havilland Canada DHC-6 Twin Otter 300,2,Pratt & Whitney Canada PT6A-27,1971,-,-, 13807, 309,Canadian Armed Forces,Military,-,-,-,-,-,-,-,-,-,3,5,3,5,-,-,-
19860614-2,Saturday,14-JUN-1986,04:15,A1, Landing (LDG),Barrow-In-Furness-Walney Island Airport (BWF),United Kingdom,1,0, Damaged beyond repair,-,PADC/Pilatus Britten-Norman BN-2A-26 Islander,2,Lycoming O-540-E4C5,1985,-,-, G-BMDT, 3012,Air Furness,Ferry/positioning,-,Glasgow International Airport,GLA,EGPF,United Kingdom,Barrow-In-Furness-Walney Island Airport,BWF,EGNL,United Kingdom,1,0,0,0,-,-,Final
19860617-0,Tuesday,17-JUN-1986,-,A1, Unknown (UNK),Howard AFB (HOW),Panama,4,4, Damaged beyond repair,-,Boeing KC-135A Stratotanker,4,Pratt & Whitney J57-P,1963,-,8041.0, 63-7983, 18600/639,USAF,Military,-,-,-,-,-,Balboa-Howard AFB,BLB,MPHO,Panama,4,0,4,0,-,-,-
19860618-1,Wednesday,18-JUN-1986,09:33,A1, En route (ENR),"Grand Canyon National Park, AZ",United States of America,20,20, Destroyed, Written off (damaged beyond repair),de Havilland Canada DHC-6 Vista Liner 300,2,Pratt & Whitney Canada PT6A-27,1969,-,30569.0, N76GC, 248,Grand Canyon Airlines,Domestic Scheduled Passenger,   6,Grand Canyon-National Park Airport,GCN,KGCN,United States of America,Grand Canyon-National Park Airport,GCN,KGCN,United States of America,2,18,2,18,5,-,Final
19860619-0,Thursday,19-JUN-1986,-,A1, Approach (APR),3 km (1.9 mls) from  La Macarena Airport (LMC),Colombia,3,3, Damaged beyond repair,-,Douglas C-54D (DC-4),4,Pratt & Whitney R-2000,1945,-,-, HK-1808, 10669,L.A. Suramericanas,Cargo,-,-,-,-,-,Mitú-Fabio Alberto León Bentley Airport,MVP,SKMU,Colombia,3,0,3,0,-,-,-
19860622-0,Sunday,22-JUN-1986,04:08,A1, Approach (APR),near Dembidollo,Ethiopia,20,0, Damaged beyond repair,-,de Havilland Canada DHC-6 Twin Otter 300,2,Pratt & Whitney Canada PT6A-27,1985,-,-, ET-AIQ, 819,Ethiopian Airlines,Domestic Scheduled Passenger,-,Addis Ababa-Bole Airport,ADD,HAAB,Ethiopia,Dembidollo Airport,DEM,HADD,Ethiopia,3,17,0,0,-,-,-
19860622-1,Sunday,22-JUN-1986,21:37,A1, Takeoff (TOF),Penza Airport (PEZ),Russia,59,1, Damaged beyond repair,-,Tupolev Tu-134A,-,-,1979,10397.0,15938.0, CCCP-65142, 60955,Aeroflot / Privolzhsk,Domestic Scheduled Passenger,-,Penza Airport,PEZ,UWPP,Russia,Simferopol Airport,SIP,UKFF,Ukraine,6,53,0,1,-,-,-
19860627-0,Friday,27-JUN-1986,05:45,A1, Takeoff (TOF),"Buffalo Municipal Airport, WY (BYG)",United States of America,3,3, Destroyed, Written off (damaged beyond repair),Martin 4-0-4,2,Pratt & Whitney R-2800-CB,1952,-,-, N40443, 14228,Frontier Airways,Agricultural,-,Buffalo Municipal Airport,BYG,KBYG,United States of America,Buffalo Municipal Airport,BYG,KBYG,United States of America,2,1,2,1,-,-,Final
19860630-1,Monday,30-JUN-1986,17:30,A1, Unknown (UNK),near Kayseri-Erkilet Air Base (ASR),Turkey,4,0, Damaged beyond repair,-,Douglas C-47B-1-DL (DC-3),-,-,1944,-,-, 43-16395, 20861,Turkish AF,Military,-,Kayseri-Erkilet Air Base,ASR,LTAU,Turkey,Kayseri-Erkilet Air Base,ASR,LTAU,Turkey,4,0,0,0,-,-,-
19860701-0,Tuesday,01-JUL-1986,08:13,A2, Landing (LDG),"Lincoln Municipal Airport, NE (LNK)",United States of America,2,0, Substantial, Repaired,Swearingen SA227-AT Expediter,-,-,-,-,1215.0, N243DH, AT-609B,DHL Airways,Cargo,-,Omaha-Eppley Airfield,OMA,KOMA,United States of America,Lincoln Municipal Airport,LNK,KLNK,United States of America,2,0,0,0,-,-,Final
