identifiant,week_day,date,time,type_event,phase,location,country,total_occupants,total_fatalities,aircraft_damage,aircraft_fate,type_aircraft,number_engines,type_engines,first_flight,cycles,total_airframe_hours,registration,c_n_msn,operator,nature,flight_number,departure_airport_name,departure_airport_IATA,departure_airport_ICAO,departure_airport_country,destination_airport_name,destination_airport_IATA,destination_airport_ICAO,destination_airport_country,crew_number,passengers_number,crew_fatalities,passengers_fatalities,collision_casualties,ground_casualties,status
19781020-0,Friday,20-OCT-1978,10:33,A1, Maneuvering (MNV),"2,4 km (1.5 mls) SE of Vickery, OH",United States of America,3,3, Damaged beyond repair,-,Learjet 25,-,-,-,-,-, N100MK, 25-019,Kelco Aircraft,Training,-,-,-,-,-,-,-,-,-,3,0,3,0,-,-,Final
19781022-0,Sunday,22-OCT-1978,-,H2, En route (ENR),"Madrid, Lisbon",Unknown country,-,0, Unknown,-,Boeing 727-82C,-,-,1968,-,-, CS-TBO, 19968/660,TAP,Domestic Scheduled Passenger,-,Lisboa-Portela de Sacavém Airport,LIS,LPPT,Portugal,Faro Airport,FAO,LPFR,Portugal,7,-,0,0,-,-,-
19781022-1,Sunday,22-OCT-1978,-,A1, En route (ENR),off Bellona Island,Solomon Islands,11,11, Missing, Presumed damaged beyond repair,IRMA/Britten-Norman BN-2A Islander,-,-,1970,-,-, H4-AAC, 613,Solomon Islands Airlines,Domestic Scheduled Passenger,-,Bellona Airport,BNY,AGGB,Solomon Islands,Honiara-Henderson International Airport,HIR,AGGH,Solomon Islands,1,10,1,10,-,-,-
19781023-0,Monday,23-OCT-1978,19:41,A1, En route (ENR),24 km (15 mls) off  Emelyanovka [Gulf of Sivash],Ukraine,26,26, Damaged beyond repair,-,Antonov An-24B,-,-,1969,13457.0,15851.0, CCCP-46327, 97305504,Aeroflot / North Kavkaz,Domestic Scheduled Passenger,6515,Stavropol Airport,STW,URMT,Russia,Simferopol Airport,SIP,UKFF,Ukraine,5,21,5,21,-,-,-
19781024-0,Tuesday,24-OCT-1978,10:01,A1, Landing (LDG),"Las Vegas-McCarran International Airport, NV (LAS)",United States of America,2,0, Substantial, Written off (damaged beyond repair),Learjet 24D,-,-,1970,-,-, N37DH, 24-231,Qualitron Aero Services,Training,-,Las Vegas-McCarran International Airport,LAS,KLAS,United States of America,Las Vegas-McCarran International Airport,LAS,KLAS,United States of America,2,0,0,0,-,-,Final
19781025-0,Wednesday,25-OCT-1978,-,A1, Landing (LDG),Degahbur Airport (DGC),Ethiopia,13,0, Damaged beyond repair,-,Douglas C-47A-5-DK (DC-3),2,Pratt & Whitney R-1830-92,1944,-,-, ET-AGQ, 12278,Ethiopian Airlines,Cargo,-,-,-,-,-,Degahbur Airport,DGC,HADB,Ethiopia,4,9,0,0,-,-,-
19781026-0,Thursday,26-OCT-1978,15:30,A1, En route (ENR),"960 km (600 mls) E off  Petropavlovsk-Kamchatskiy, Russia",Pacific Ocean,15,5, Damaged beyond repair,-,Lockheed P-3C Orion,4,Allison T56-A14,1976,-,-, 159892, 285A-5643,US Navy,Military,-,Adak Naval Air Facility,ADK,PADK,United States of America,Adak Naval Air Facility,ADK,PADK,United States of America,15,0,5,0,-,-,-
19781104-0,Saturday,04-NOV-1978,-,U1, Unknown (UNK),"Bocaiúva, MG",Brazil,-,0, Damaged beyond repair,-,Embraer EMB-110C Bandeirante,-,-,1974,-,-, PT-TBF, 110018,Nordeste Linhas Aéreas,Unknown,-,-,-,-,-,-,-,-,-,-,-,0,0,-,-,-
19781105-0,Sunday,05-NOV-1978,-,A1, En route (ENR),"off Alexandria, Egypt",Mediterranean Sea,17,17, Damaged beyond repair,-,Douglas C-47B (DC-3),-,-,-,-,-, SU-AZM, 25851/14406,Nile Delta Air Services,Domestic Non Scheduled Passenger,-,Alexandria Airport,ALY,HEAX,Egypt,-,-,-,-,4,13,4,13,-,-,-
19781106-0,Monday,06-NOV-1978,19:30,A1, Takeoff (TOF),near Sakon Nakhon Airport (SNO),Thailand,-,5, Damaged beyond repair,-,Swearingen SA226-AT Merlin IVA,-,-,1977,-,-, L6-1/21, AT-062E,Thai AF,Military,-,Sakon Nakhon Airport,SNO,VTUI,Thailand,-,-,-,-,-,-,5,0,-,-,-
19781110-0,Friday,10-NOV-1978,-,H1, En route (ENR),Makhachkala Airport (MCX),Russia,-,1, Damaged beyond repair,-,Antonov An-24B,-,-,1965,-,-, CCCP-46789, 57301802,Aeroflot / North Kavkaz,Domestic Scheduled Passenger,-,-,-,-,-,Baku-Bina International Airport,BAK,UBBB,Azerbaijan,-,-,0,1,-,-,-
19781110-3,Friday,10-NOV-1978,-,A1, Unknown (UNK),Camarones,Colombia,-,-, Damaged beyond repair,-,Douglas DC-3-178,-,-,1936,-,-, N400D, 1556,Aaron Enterprises Corporation,Unknown,-,-,-,-,-,-,-,-,-,-,-,-,-,-,-,-
19781114-0,Tuesday,14-NOV-1978,-,A1, Landing (LDG),Mareb Airport (MYN),Yemen,-,0, Damaged beyond repair,-,Douglas C-47A-20-DK (DC-3),2,Pratt & Whitney R-1830-92,1944,-,-, 4W-ABY, 13174,Yemen Airlines,Unknown,-,-,-,-,-,Mareb Airport,MYN,OYMB,Yemen,-,-,0,0,-,-,-
19781114-1,Tuesday,14-NOV-1978,13:00,A2, Takeoff (TOF),Stockholm-Arlanda Airport (ARN),Sweden,74,0, Substantial, Repaired,Tupolev Tu-154B-1,3,Kuznetsov NK-8-2U,1978,-,584.0, CCCP-85286, 78A286,Aeroflot / International,International Scheduled Passenger,SU212,Stockholm-Arlanda Airport,ARN,ESSA,Sweden,Moskva-Sheremetyevo Airport,SVO,UUEE,Russia,9,65,0,0,-,-,Final
19781115-0,Wednesday,15-NOV-1978,23:30,A1, Approach (APR),"2,1 km (1.3 mls) NE of Colombo-Bandaranaike International Airport (CMB)",Sri Lanka,262,183, Destroyed, Written off (damaged beyond repair),McDonnell Douglas DC-8-63CF,4,Pratt & Whitney JT3D-,1968,-,-, TF-FLA, 46020/415,Loftleidir,Int'l Non Scheduled Passenger,LL001,Jeddah International Airport,JED,OEJD,Saudi Arabia,Colombo-Katunayake International Airport,CMB,VCBI,Sri Lanka,13,249,8,175,-,-,Final
19781117-0,Friday,17-NOV-1978,-,C2, Approach (APR),near Lusaka,Zambia,-,0, Substantial, Repaired,Hawker Siddeley HS-748-263 Srs. 2A,-,-,-,-,-, registration unknown,-,Zambia Airways,Unknown,-,-,-,-,-,Lusaka Airport,LUN,FLLS,Zambia,-,-,0,0,-,-,-
19781117-1,Friday,17-NOV-1978,-,A1, Approach (APR),near Arad Airport (ARW),Romania,5,5, Damaged beyond repair,-,Antonov An-24V,-,-,1967,-,-, YR-AMP, 77303505,Romanian AF,Military,-,Bucharest-Otopeni International Airport,OTP,LROP,Romania,Arad Airport,ARW,LRAR,Romania,5,0,5,0,-,-,-
19781118-0,Saturday,18-NOV-1978,12:15,A1, En route (ENR),off Punta Fija,Venezuela,3,0, Damaged beyond repair,-,Martin VC-3A (4-0-4),-,-,1952,-,-, N13415, 14290,private,Unknown,-,-,-,-,-,-,-,-,-,2,1,0,0,-,-,-
19781118-1,Saturday,18-NOV-1978,-,A1, En route (ENR),3 km (1.9 mls) off  Marie Galante-Les Bases Airport (GBJ),Guadeloupe,20,15, Damaged beyond repair,-,de Havilland Canada DHC-6 Twin Otter 300,2,Pratt & Whitney Canada PT6A-27,1975,-,-, F-OGHD, 469,Air Guadeloupe,Domestic Scheduled Passenger,-,Pointe-à-Pitre-Le Raizet Airport,PTP,TFFR,Guadeloupe,Marie Galante-Les Bases Airport,GBJ,TFFM,Guadeloupe,1,19,1,14,-,-,-
19781118-2,Saturday,18-NOV-1978,-,C2, Standing (STD),Port Kaituma Airport,Guyana,16,5, Substantial, Repaired,de Havilland Canada DHC-6 Twin Otter 300,-,-,1974,-,-, 8R-GEJ, 433,Guyana Airways,Domestic Non Scheduled Passenger,-,-,-,-,-,Georgetown-Timehri International Airport,GEO,SYCJ,Guyana,-,-,-,-,-,-,-
19781119-1,Sunday,19-NOV-1978,11:00,A1, Approach (APR),"0,5 km (0.3 mls) from  Leh Airport (IXL)",India,77,77, Damaged beyond repair,-,Antonov An-12B,-,-,-,-,-, L650, 6344210,Indian AF,Military,-,Chandigarh Airport,IXC,VICG,India,Leh Airport,IXL,VILH,India,7,70,7,70,-,1,-
19781121-0,Tuesday,21-NOV-1978,-,A1, En route (ENR),ca 30 km S of Rubio,Venezuela,28,28, Damaged beyond repair,-,Douglas C-47A-65-DL (DC-3),2,Pratt & Whitney R-1830-92,1943,-,-, HK-1393, 19053,El Venado,Domestic Scheduled Passenger,-,Cúcuta-Camilo Daza Airport,CUC,SKCC,Colombia,Arauca-Santiago Pérez Airport,AUC,SKUC,Colombia,3,25,3,25,-,-,-
19781123-0,Thursday,23-NOV-1978,-,H2, Unknown (UNK),"Madison-Dane County Regional Airport, WI (MSN)",United States of America,23,0, Unknown,-,McDonnell Douglas DC-9,-,-,-,-,-, registration unknown,-,North Central Airlines,Domestic Scheduled Passenger, 468,Madison-Dane County Regional Airport,MSN,KMSN,United States of America,Milwaukee-General Mitchell Airport,MKE,KMKE,United States of America,-,-,0,0,-,-,-
19781127-0,Monday,27-NOV-1978,11:50,A2, Takeoff (TOF),"Newark International Airport, NJ (EWR)",United States of America,83,0, Substantial, Repaired,McDonnell Douglas DC-9-15,-,-,1967,-,-, N1065T, 45779/92,TWA,Domestic Scheduled Passenger,TW505,Newark International Airport,EWR,KEWR,United States of America,Pittsburgh International Airport,PIT,KPIT,United States of America,4,79,0,0,-,-,Final
19781129-0,Wednesday,29-NOV-1978,11:22,A1, Takeoff (TOF),"Kendall-Tamiami Airport, FL (TMB)",United States of America,2,1, Damaged beyond repair,-,Convair VT-29A (CV-240),-,-,1951,-,-, LV-MMR, 214,private,Training,-,Kendall-Tamiami Airport,TMB,KTMB,United States of America,Kendall-Tamiami Airport,TMB,KTMB,United States of America,2,0,1,0,-,-,Final
19781130-0,Thursday,30-NOV-1978,-,A1, En route (ENR),"3 km (1.9 mls) from  Cottageville, SC",United States of America,6,6, Destroyed, Written off (damaged beyond repair),Lockheed C-130E Hercules,4,Allison T56-A-7,1969,-,-, 68-10936, 4316,USAF,Military,-,Fayetteville-Pope AFB,POB,KPOB,United States of America,Charleston AFB,CHS,KCHS,United States of America,6,0,6,0,-,-,-
19781130-1,Thursday,30-NOV-1978,-,H2, Unknown (UNK),at an unknown location,Unknown country,-,1, Unknown,-,unknown,-,-,-,-,-, registration unknown,-,Aeroflot,Unknown,-,Krasnodar Airport,KRR,URKK,Russia,Baku-Bina International Airport,BAK,UBBB,Azerbaijan,-,-,-,-,-,-,-
19781130-2,Thursday,30-NOV-1978,-,A1, Unknown (UNK),"Jocoli, MD",Argentina,1,1, Damaged beyond repair,-,Morane Saulnier (FMA) MS.760 Paris I,-,-,1962,-,-, E-238, A-26,Argentine AF,Military,-,-,-,-,-,-,-,-,-,1,0,1,0,-,-,-
19781202-0,Saturday,02-DEC-1978,13:13,A1, Approach (APR),"Des Moines, IA",United States of America,2,0, Damaged beyond repair,-,Douglas C-47A-20-DK (DC-3),2,Pratt & Whitney R-1830-92,1944,-,-, N41447, 12987,SMB Stage Line,Cargo,-,-,-,-,-,Des Moines Airport,DSM,KDSM,United States of America,2,0,0,0,-,-,Final
19781204-0,Monday,04-DEC-1978,14:50,A1, Landing (LDG),"Anchorage International Airport, AK (ANC)",United States of America,7,5, Destroyed, Written off (damaged beyond repair),Learjet 25C,2,General Electric CJ610-6,1972,-,1549.0, N77RS, 25-094,Inlet Marine,Executive,-,Juneau International Airport,JNU,PAJN,United States of America,Anchorage International Airport,ANC,PANC,United States of America,2,5,2,3,-,-,Final
19781204-1,Monday,04-DEC-1978,19:45,A1, En route (ENR),"15 km (9.4 mls) ENE of Steamboat Springs, CO",United States of America,22,2, Damaged beyond repair,-,de Havilland Canada DHC-6 Twin Otter 300,2,Pratt & Whitney Canada PT6A-27,1973,-,15145.0, N25RM, 387,Rocky Mountain Airways,Domestic Scheduled Passenger, 217,Steamboat Springs Airport,SBS,KSBS,United States of America,Denver-Stapleton International Airport,DEN,KDEN,United States of America,2,20,1,1,-,-,Final
19781205-0,Tuesday,05-DEC-1978,05:00,A1, Initial climb (ICL),"near Lorida, FL",United States of America,3,3, Damaged beyond repair,-,Douglas C-53 (DC-3),-,-,1941,-,-, N25656, 4845,Caribe Air Sales,Unknown,-,Sebring Air Terminal,SEF,KSEF,United States of America,-,-,-,-,1,2,1,2,-,-,Final
19781206-2,Wednesday,06-DEC-1978,17:25,A1, Takeoff (TOF),"0,8 km (0.5 mls) N of Omaha-Eppley Airfield, NE (OMA)",United States of America,7,7, Destroyed, Written off (damaged beyond repair),Douglas DC-6,-,-,1948,-,-, TP-0203, 43129/106,Mexican AF,Military,-,Omaha-Eppley Airfield,OMA,KOMA,United States of America,San Antonio International Airport,SAT,KSAT,United States of America,7,0,7,0,-,-,-
19781208-1,Friday,08-DEC-1978,18:25,A1, En route (ENR),Sierra Cucuy,Colombia,3,3, Missing, Presumed damaged beyond repair,Douglas DC-6A/B,-,-,1954,-,-, HK-1707, 44687/535,LAC Colombia,Cargo,-,Port of Spain-Piarco Airport,POS,TTPP,Trinidad and Tobago,Bogotá-Eldorado Airport,BOG,SKBO,Colombia,3,0,3,0,-,-,-
19781209-0,Saturday,09-DEC-1978,17:43,A1, Initial climb (ICL),Cherskiy Airport (CYX),Russia,7,7, Destroyed, Written off (damaged beyond repair),Antonov An-26,-,-,1975,-,-, CCCP-26547, 2810,Aeroflot / Yakutsk,Cargo,-,Cherskiy Airport,CYX,UESS,Russia,-,-,-,-,5,2,5,2,-,-,-
19781210-0,Sunday,10-DEC-1978,-,A1, Approach (APR),"near Hopkinsville-Fort Campbell AAF, KY (HOP)",United States of America,5,5, Damaged beyond repair,-,Lockheed C-130E Hercules,-,-,1969,-,-, 68-10951, 4331,USAF,Military,-,Jacksonville-Little Rock AFB,LRF,KLRF,United States of America,Hopkinsville-Fort Campbell AAF,HOP,KHOP,United States of America,5,0,5,0,-,-,-
19781211-1,Monday,11-DEC-1978,06:30,A1, Approach (APR),"near Port Mayaca, FL",United States of America,2,2, Damaged beyond repair,-,Douglas C-49J (DC-3),-,-,1942,-,-, N133AC, 6260,Unknown,Illegal Flight,-,-,-,-,-,-,-,-,-,2,0,2,0,-,-,Final
19781214-0,Thursday,14-DEC-1978,-,A1, Landing (LDG),"Battle Creek, FL",United States of America,1,0, Damaged beyond repair,-,Douglas C-47A-1-DK (DC-3),2,Pratt & Whitney R-1830-92,1943,-,-, N4996E, 12141,private,Illegal Flight,-,-,-,-,-,-,-,-,-,1,0,0,0,-,-,Final
19781214-1,Thursday,14-DEC-1978,-,H2, Unknown (UNK),"Charleston, SC",United States of America,54,0, Unknown,-,Boeing 727,-,-,-,-,-, registration unknown,-,National Airlines,Domestic Scheduled Passenger,  97,New York-John F. Kennedy International Airport,JFK,KJFK,United States of America,Miami International Airport,MIA,KMIA,United States of America,6,48,0,0,-,-,-
19781214-2,Thursday,14-DEC-1978,-,A1, Standing (STD),Bembridge Airport (BBP),United Kingdom,-,-, Damaged beyond repair,-,IRMA/Britten-Norman BN-2A-6 Islander,-,-,1977,-,-, G-BESK, 850,Britten-Norman,-,-,-,-,-,-,-,-,-,-,-,-,-,-,-,-,-
19781214-3,Thursday,14-DEC-1978,-,A1, Standing (STD),Bembridge Airport (BBP),United Kingdom,-,-, Damaged beyond repair,-,IRMA/Britten-Norman BN-2A-6 Islander,-,-,1978,-,-, G-BFNL, 871,Britten-Norman,-,-,-,-,-,-,-,-,-,-,-,-,-,-,-,-,-
19781214-4,Thursday,14-DEC-1978,-,A1, Standing (STD),Bembridge Airport (BBP),United Kingdom,-,-, Damaged beyond repair,-,IRMA/Britten-Norman BN-2A-6 Islander,-,-,1978,-,-, G-BESE, 844,Britten-Norman,-,-,-,-,-,-,-,-,-,-,-,-,-,-,-,-,-
19781216-0,Saturday,16-DEC-1978,-,A1, Approach (APR),Karachi,Pakistan,2,1, Damaged beyond repair,-,Fokker F-27 Friendship 200,-,-,1964,38666.0,30260.0, AP-ATO, 10250,PIA,Test,-,Karachi International Airport,KHI,OPKC,Pakistan,Karachi International Airport,KHI,OPKC,Pakistan,2,0,1,0,-,-,-
19781216-1,Saturday,16-DEC-1978,-,A1, Landing (LDG),Cesar Department,Colombia,-,1, Damaged beyond repair,-,Douglas C-54 (DC-4),-,-,-,-,-, registration unknown,-,Unknown,Illegal Flight,-,-,-,-,-,-,-,-,-,-,-,1,0,-,-,-
19781217-0,Sunday,17-DEC-1978,10:42,A1, Takeoff (TOF),Hyderabad-Begumpet Airport (HYD),India,132,1, Destroyed, Written off (damaged beyond repair),Boeing 737-2A8,2,Pratt & Whitney JT8D-9A,1971,-,-, VT-EAL, 20485/277,Indian Airlines,Domestic Scheduled Passenger,-,Hyderabad-Begumpet Airport,HYD,VOHY,India,-,-,-,-,6,126,0,1,-,3,-
19781218-0,Monday,18-DEC-1978,14:31,A1, Landing (LDG),"Cleveland-Hopkins International Airport, OH (CLE)",United States of America,17,0, Damaged beyond repair,-,de Havilland DH-114 Riley Heron 2,-,-,1957,-,-, N3FB, 14111,Fischer Brothers Aviation,Domestic Scheduled Passenger,-,Mansfield-Lahm Municipal Airport,MFD,KMFD,United States of America,Cleveland-Hopkins International Airport,CLE,KCLE,United States of America,2,15,0,0,-,-,Final
19781219-0,Tuesday,19-DEC-1978,09:04,A1, Initial climb (ICL),"1,1 km (0.7 mls) from  Samarkand Airport (SKD)",Uzbekistan,5,5, Damaged beyond repair,-,Antonov An-24B,-,-,1967,18323.0,19664.0, CCCP-46299, 77303901,Aeroflot / Uzbekistan,Training,-,Samarkand Airport,SKD,UTSS,Uzbekistan,Samarkand Airport,SKD,UTSS,Uzbekistan,5,0,5,0,-,-,-
19781220-0,Wednesday,20-DEC-1978,08:02,A1, Initial climb (ICL),"Minneapolis-St. Paul International Airport, MN (MSP)",United States of America,7,0, Damaged beyond repair,-,Learjet 25,-,-,-,-,-, N40SN, 25-021,Flight Training Center,Unknown,-,Minneapolis-St. Paul International Airport,MSP,KMSP,United States of America,Evansville-Dress Regional Airport,EVV,KEVV,United States of America,2,5,0,0,-,-,Final
19781220-1,Wednesday,20-DEC-1978,-,H2, En route (ENR),Varanasi,India,132,0, Unknown,-,Boeing 737-200,-,-,-,-,-, registration unknown,-,Indian Airlines,Domestic Scheduled Passenger,IC410,Calcutta Airport,CCU,VECC,India,Lucknow-Amausi Airport,LKO,VILK,India,6,126,0,0,-,-,-
19781221-0,Thursday,21-DEC-1978,-,H2, Unknown (UNK),"Marion, IL",United States of America,89,0, None,-,McDonnell Douglas DC-9,-,-,-,-,-, registration unknown,-,TWA,Domestic Scheduled Passenger,TW541,Saint Louis-Lambert International Airport,STL,KSTL,United States of America,-,-,-,-,-,-,0,0,-,-,-
19781223-0,Saturday,23-DEC-1978,00:39,A1, Approach (APR),3 km (1.9 mls) N off  Palermo-Punta Raisi Airport (PMO),Italy,129,108, Destroyed, Written off (damaged beyond repair),McDonnell Douglas DC-9-32,2,Pratt & Whitney JT8D-9,1968,-,-, I-DIKQ, 47227/334,Alitalia,Domestic Non Scheduled Passenger,AZ4128,Roma-Fiumicino Airport,FCO,LIRF,Italy,Palermo-Punta Raisi Airport,PMO,LICJ,Italy,5,124,5,103,-,-,-
19781226-0,Tuesday,26-DEC-1978,-,A1, Takeoff (TOF),"São Paulo-Congonhas Airport, SP (CGH)",Brazil,6,0, Damaged beyond repair,-,Learjet 25C,-,-,-,-,-, PT-JDX, 25-131,TAM,Executive,-,São Paulo-Congonhas Airport,CGH,SBSP,Brazil,Brasília International Airport,BSB,SBBR,Brazil,2,4,0,0,-,-,-
19781226-1,Tuesday,26-DEC-1978,-,A1, Unknown (UNK),off Turks & Caicos,Turks and Caicos Islands,10,10, Damaged beyond repair,-,Britten-Norman BN-2A-21 Islander,-,-,1975,-,-, HH-CNB, 442,Haiti Air Inter,Passenger,-,-,-,-,-,-,-,-,-,-,-,-,-,-,-,-
19781228-1,Thursday,28-DEC-1978,18:15,A1, Approach (APR),"11 km (6.9 mls) ESE of Portland International Airport, OR (PDX)",United States of America,189,10, Destroyed, Written off (damaged beyond repair),McDonnell Douglas DC-8-61,4,Pratt & Whitney JT3D-3B,1968,-,33114.0, N8082U, 45972/357,United Airlines,Domestic Scheduled Passenger,UA173,Denver-Stapleton International Airport,DEN,KDEN,United States of America,Portland International Airport,PDX,KPDX,United States of America,8,181,2,8,-,-,Final
19789999-0,-,xx-xxx-1978,-,A1, Unknown (UNK),unknown,Unknown country,-,-, Damaged beyond repair,-,Nord 2501D Noratlas,2,Bristol Hercules 739,-,-,-, 52-171, D080,Hellenic AF,Military,-,-,-,-,-,-,-,-,-,-,-,-,-,-,-,-
19789999-2,-,xx-xxx-1978,-,U1, Unknown (UNK),at an unknown location,Unknown country,-,-, Damaged beyond repair,-,IRMA/Britten-Norman BN-2A-21 Islander,-,-,1977,-,-, 5T-MAU, 793,Mauritanian AF,Military,-,-,-,-,-,-,-,-,-,-,-,-,-,-,-,-
19789999-3,-,xx-xxx-1978,-,O1, Standing (STD),at an unknown location,Russia,0,0, Damaged beyond repair,-,Antonov An-12BP,4,Ivchenko AI-20M,1972,-,-, CCCP-11125, 02348108,Aeroflot / Yakutsk,Cargo,-,-,-,-,-,-,-,-,-,0,0,0,0,-,-,-
19789999-5,-,xx-xxx-1978,-,A1, En route (ENR),"near Budyonnovsk, Rostov region",Russia,-,0, Damaged beyond repair,-,Antonov An-24B,-,-,1970,-,-, CCCP-46350, 97305709,Aeroflot / Ukraine,Unknown,-,Dnepropetrovsk Airport,DNK,UKDD,Ukraine,-,-,-,-,-,-,0,0,-,-,-
19780529-0,Monday,29-MAY-1978,-,H2, Unknown (UNK),Prague,Czech Republic,-,0, Unknown,-,Yakovlev Yak-40,3,Ivchenko AI-25,-,-,-, registration unknown,-,CSA,Unknown,-,Brno Turany Airport,BRQ,LKTB,Czech Republic,Karlovy Vary Airport,KLV,LKKV,Czech Republic,-,-,0,0,-,-,-
19780529-1,Monday,29-MAY-1978,-,A1, Unknown (UNK),Gryzy,Poland,-,-, Damaged beyond repair,-,Antonov An-2R,-,-,-,-,-, SP-WOY, 1G163-04,ZUA,Unknown,-,-,-,-,-,-,-,-,-,-,-,-,-,-,-,-
19780529-2,Monday,29-MAY-1978,-,A1, Approach (APR),near Pastavy,Belarus,5,0, Damaged beyond repair,-,Antonov An-2P,-,-,-,-,-, CCCP-35188, 1G114-12,Aeroflot / Belarus,Unknown,-,-,-,-,-,-,-,-,-,2,3,0,0,-,-,-
19780530-0,Tuesday,30-MAY-1978,-,A1, Unknown (UNK),near Santo Tomas,Guatemala,-,-, Damaged beyond repair,-,Douglas C-47B-5-DK (DC-3),2,Pratt & Whitney R-1830-90C,1944,-,-, TG-LAM, 26063/14618,Oneida,Unknown,-,-,-,-,-,-,-,-,-,-,-,-,-,-,-,-
19780602-0,Friday,02-JUN-1978,15:01,A2, Landing (LDG),Osaka-Itami Airport (ITM),Japan,394,0, Substantial, Repaired,Boeing 747SR-46,4,Pratt & Whitney JT9D-7A,1974,-,8832.0, JA8119, 20783/230,JAL,Domestic Scheduled Passenger,JL115,Tokyo-Haneda Airport,HND,RJTT,Japan,Osaka-Itami Airport,ITM,RJOO,Japan,15,379,0,0,-,-,Preliminary - official
19780604-0,Sunday,04-JUN-1978,-,A1, Landing (LDG),Roxas City Airport (RXS),Philippines,-,0, Damaged beyond repair,-,Convair VT-29C (CV-240),-,-,1954,-,-, RP-C12, 412,Commercial Air Transport,Unknown,-,-,-,-,-,Roxas City Airport,RXS,RPVR,Philippines,-,-,0,0,-,-,-
19780608-1,Thursday,08-JUN-1978,-,A1, Approach (APR),Guatemala City,Guatemala,3,3, Damaged beyond repair,-,Douglas DC-6B,4,Pratt & Whitney R-2800,1952,-,-, TG-ADA, 43531/262,Aviateca,Cargo,-,-,-,-,-,Guatemala City-La Aurora Airport,GUA,MGGT,Guatemala,3,0,3,0,-,-,-
19780610-0,Saturday,10-JUN-1978,-,A1, Landing (LDG),Monrovia-Sprigg Payne Airport (MLW),Liberia,4,0, Damaged beyond repair,-,Vickers 814 Viscount,-,-,1959,-,-, 9G-ACL, 342,West African Air Cargo,Cargo,-,-,-,-,-,Monrovia-Sprigg Payne Airport,MLW,GLMR,Liberia,4,0,0,0,-,-,-
19780610-1,Saturday,10-JUN-1978,17:00,A1, Initial climb (ICL),"8 km (5 mls) NE of Greybull, WY",United States of America,4,3, Damaged beyond repair,-,Fairchild C-119 Flying Boxcar,-,-,-,-,-, N3560, 10957,Hawkins & Powers,Test,-,Greybull-South Big Horn County Airport,GEY,KGEY,United States of America,Greybull-South Big Horn County Airport,GEY,KGEY,United States of America,3,1,3,0,-,-,Final
19780613-0,Tuesday,13-JUN-1978,-,A1, Approach (APR),"7 km (4.4 mls) E of Mendoza-El Plumerillo Airport, MD (MDZ)",Argentina,2,2, Damaged beyond repair,-,Morane Saulnier (FMA) MS.760 Paris I,-,-,1962,-,-, E-239, A-27,Argentine AF,Military,-,-,-,-,-,Mendoza-El Plumerillo Airport,MDZ,SAME,Argentina,2,0,2,0,-,-,-
19780618-0,Sunday,18-JUN-1978,-,A1, Unknown (UNK),at an unknown location,Russia,-,-, Damaged beyond repair,-,Antonov An-2R,-,-,1965,-,-, CCCP-02846, 1G55-31,Aeroflot / Yakutsk,Unknown,-,-,-,-,-,-,-,-,-,-,-,-,-,-,-,-
19780622-0,Thursday,22-JUN-1978,07:12,A1, Approach (APR),"near Muscle Shoals Airport, AL (MSL)",United States of America,6,0, Substantial, Written off (damaged beyond repair),Beechcraft A100 King Air,-,-,1972,-,-, N941K, B-111,Tennessee Valley Authority,Executive,-,Chattanooga Airport,CHA,KCHA,United States of America,Muscle Shoals Airport,MSL,KMSL,United States of America,2,4,0,0,-,-,Final
19780625-0,Sunday,25-JUN-1978,-,A1, Unknown (UNK),near Vladivostok,Russia,-,0, Damaged beyond repair,-,Antonov An-2R,-,-,1966,-,-, CCCP-09616, 1G74-37,Aeroflot / Far East,Agricultural,-,-,-,-,-,-,-,-,-,-,-,0,0,-,-,-
19780626-0,Monday,26-JUN-1978,08:08,A1, Takeoff (TOF),"Toronto-Pearson International Airport, ON (YYZ)",Canada,107,2, Damaged beyond repair,-,McDonnell Douglas DC-9-32,2,Pratt & Whitney JT8D-7A,1968,-,25476.0, CF-TLV, 47197/289,Air Canada,Domestic Scheduled Passenger, 189,Toronto International Airport,YYZ,CYYZ,Canada,Winnipeg International Airport,YWG,CYWG,Canada,5,102,0,2,-,-,Final
19780705-0,Wednesday,05-JUL-1978,-,A1, En route (ENR),"Serra de Santa Bárbara, Azores",Portugal,3,3, Damaged beyond repair,-,CASA C-212 Aviocar 100,-,-,1976,-,-, 6518, 50,Portuguese AF,Military,-,Terceira-Lajes AFB,TER,LPLA,Portugal,-,-,-,-,3,0,3,0,-,-,-
19780705-1,Wednesday,05-JUL-1978,-,A1, Unknown (UNK),Wielbark,Poland,-,-, Damaged beyond repair,-,Antonov An-2R,-,-,-,-,-, SP-WSS, 1G168-35,ZUA,Unknown,-,-,-,-,-,-,-,-,-,-,-,-,-,-,-,-
19780706-2,Thursday,06-JUL-1978,-,A1, Landing (LDG),Nairobi-Jomo Kenyatta International Airport (NBO),Kenya,4,0, Damaged beyond repair,-,Canadair CL-44D4-6,4,Rolls-Royce Tyne 515,1962,-,-, G-BCWJ, 28,Tradewinds Airways,Cargo,-,Mombasa-Moi International Airport,MBA,HKMO,Kenya,Kigali Airport,KGL,HRYR,Rwanda,4,0,0,0,-,-,-
19780709-0,Sunday,09-JUL-1978,17:30,A1, Landing (LDG),"Rochester-Monroe County Airport, NY (ROC)",United States of America,77,0, Damaged beyond repair,-,BAC One-Eleven 203AE,2,Rolls-Royce Spey 506-14D,1965,48215.0,33693.0, N1550, 044,Allegheny Airlines,Domestic Scheduled Passenger, 453,Boston-Logan International Airport,BOS,KBOS,United States of America,Rochester-Monroe County Airport,ROC,KROC,United States of America,4,73,0,0,-,-,Final
19780709-1,Sunday,09-JUL-1978,14:15,A1, Takeoff (TOF),"Richmond Municipal Airport, IN (RID)",United States of America,42,0, Damaged beyond repair,-,Douglas C-47A-10-DK (DC-3),2,Pratt & Whitney R-1830-92,1944,-,-, N45873, 12458,Unknown,Parachuting,-,Richmond Municipal Airport,RID,KRID,United States of America,Richmond Municipal Airport,RID,KRID,United States of America,2,40,0,0,-,-,Final
19780711-0,Tuesday,11-JUL-1978,-,A1, Unknown (UNK),near Makhachkala,Russia,-,0, Damaged beyond repair,-,Antonov An-2T,-,-,-,-,-, CCCP-79968, 117247316,Aeroflot / North Kavkaz,Unknown,-,-,-,-,-,-,-,-,-,-,-,0,0,-,-,-
19780712-0,Wednesday,12-JUL-1978,-,A1, Unknown (UNK),Pichincha Mountains,Ecuador,11,11, Damaged beyond repair,-,Lockheed C-130H Hercules,-,-,1977,-,-, FAE748, 4748,Ecuador Air Force,Military,-,-,-,-,-,-,-,-,-,-,-,-,-,-,-,-
19780713-1,Thursday,13-JUL-1978,21:45,A1, Approach (APR),"Candor, NC",United States of America,5,4, Damaged beyond repair,-,de Havilland Canada DHC-6 Twin Otter 300,2,Pratt & Whitney Canada PT6A-27,1969,-,-, N76214, 236,Coastair,Military,-,Fort Bragg-Simmons AAF,FBG,KFBG,United States of America,-,-,-,-,-,-,-,-,-,-,-
19780714-1,Friday,14-JUL-1978,-,A1, Unknown (UNK),off South Caicos,Turks and Caicos Islands,-,-, Damaged beyond repair,-,Convair CV-440,-,-,1953,-,-, N4809C,  95,09 Charlie,Unknown,-,-,-,-,-,-,-,-,-,-,-,-,-,-,-,-
19780716-0,Sunday,16-JUL-1978,-,A1, En route (ENR),Cerro Kennedy,Colombia,8,8, Damaged beyond repair,-,Douglas C-47 (DC-3),-,-,-,-,-, FAC-680,-,Colombian AF,Military,-,Riohacha-Almirante Padilla Airport,RCH,SKRH,Colombia,Santa Marta Airport,SMR,SKSM,Colombia,6,2,6,2,-,-,-
19780718-0,Tuesday,18-JUL-1978,-,A1, Unknown (UNK),Ioannina Airport (IOA),Greece,-,0, Damaged beyond repair,-,Canadair CL-215-1A10,2,Pratt & Whitney R-2800-83AM,1978,-,-, 1050, 1050,Hellenic AF,Military,-,-,-,-,-,-,-,-,-,-,-,0,0,-,-,-
19780719-0,Wednesday,19-JUL-1978,-,A1, Unknown (UNK),"near Hastings, FL",United States of America,-,0, Damaged beyond repair,-,Lockheed 18 Lodestar,-,-,-,-,-, registration unknown,-,Unknown,Illegal Flight,-,-,-,-,-,-,-,-,-,-,-,0,0,-,-,-
19780720-0,Thursday,20-JUL-1978,-,A1, Approach (APR),Lago Petén Itzá,Guatemala,-,-, Damaged beyond repair,-,Douglas C-47A-50-DL (DC-3),2,Pratt & Whitney R-1830-92,1943,-,-, TG-PAW, 10127,Aero Express,Unknown,-,-,-,-,-,Flores-Santa Elena Airport,FRS,MGFL,Guatemala,-,-,-,-,-,-,-
19780721-0,Friday,21-JUL-1978,-,C1, Unknown (UNK),unknown,Western Sahara,-,0, Damaged beyond repair,-,IRMA/Britten-Norman BN-2A-21 Islander,-,-,1975,-,-, 5T-MAT, 765,Mauritanian AF,Military,-,-,-,-,-,-,-,-,-,-,-,0,0,-,-,-
19780722-0,Saturday,22-JUL-1978,15:11,A1, Approach (APR),"off Opa-locka Airport, FL (OPF)",United States of America,3,0, Damaged beyond repair,-,Curtiss C-46A-60-CK Commando,2,Pratt & Whitney R-2800-51,1945,-,-, N157K,   436,DR & M Incorporated,Training,-,Opa-locka Airport,OPF,KOPF,United States of America,Opa-locka Airport,OPF,KOPF,United States of America,3,0,0,0,-,-,Final
19780722-1,Saturday,22-JUL-1978,08:00,A1, En route (ENR),"near Kotzebue, AK",United States of America,1,0, Damaged beyond repair,-,de Havilland Canada DHC-3 Otter,-,-,1955,-,-, N26641, 134,Maxson Aviation,Domestic Non Scheduled Passenger,-,Kotzebue Airport,OTZ,PAOT,United States of America,Red Dog Airport,RDB,PADG,United States of America,1,0,0,0,-,-,Final
19780724-0,Monday,24-JUL-1978,-,A1, En route (ENR),Nyeri Hills,Kenya,11,5, Damaged beyond repair,-,Britten-Norman BN-2A Trislander Mk.III-2,3,Lycoming O-540-E4C5,1976,-,-, 5Y-CMC, 1032,Amphibians,Domestic Non Scheduled Passenger,-,Samburu Airport,UAS,HKSB,Kenya,Nairobi-Wilson Airport,WIL,HKNW,Kenya,1,10,0,5,-,-,Final
19780725-1,Tuesday,25-JUL-1978,07:02,A1, Initial climb (ICL),"Kalamazoo, MI",United States of America,43,0, Damaged beyond repair,-,Convair CV-580,2,Allison 501-D13,1956,-,53343.0, N4825C, 380,North Central Airlines,Domestic Scheduled Passenger, 801,-,-,-,-,-,-,-,-,3,40,0,0,-,-,Final
19780726-0,Wednesday,26-JUL-1978,-,A1, Unknown (UNK),Flores,Guatemala,-,0, Damaged beyond repair,-,Douglas DC-3,-,-,-,-,-, TG-ATA,-,Aviateca,Unknown,-,Flores-Santa Elena Airport,FRS,MGFL,Guatemala,-,-,-,-,-,-,0,0,-,-,-
19780731-1,Monday,31-JUL-1978,-,A1, Takeoff (TOF),Chub Cay Airport (CCZ),Bahamas,-,0, Damaged beyond repair,-,Fairchild FH-227,-,-,1966,-,-, C6-BDQ, 518,Bahamasair,Scheduled Passenger,-,Chub Cay Airport,CCZ,MYBC,Bahamas,-,-,-,-,-,-,0,0,-,-,-
19780799-0,-,xx-JUL-1978,-,O1, Standing (STD),"Detroit-Willow Run Airport, MI (YIP)",United States of America,0,0, Damaged beyond repair,-,Douglas DC-6BF,-,-,1955,-,-, N111AQ, 44871/611,Rosenbalm Aviation,-,-,-,-,-,-,-,-,-,-,0,0,0,0,-,-,-
19780799-1,-,xx-JUL-1978,-,U1, Unknown (UNK),at an unknown location,Unknown country,-,-, Damaged beyond repair,-,IRMA/Britten-Norman BN-2A-9 Islander,-,-,1974,-,-, TN-ACO, 708,Department of Forest and Mines,Unknown,-,-,-,-,-,-,-,-,-,-,-,-,-,-,-,-
19780803-0,Thursday,03-AUG-1978,22:58,A1, Approach (APR),"2,5 km (1.6 mls) W of Buenos Aires/Ezeiza-Ministro Pistarini Airport, BA (EZE)",Argentina,63,0, Damaged beyond repair,-,Boeing 707-351B,4,Pratt & Whitney JT3D-3B,1963,-,47740.0, CC-CCX, 18584/342,LAN Chile,International Scheduled Passenger,-,Miami International Airport,MIA,KMIA,United States of America,Buenos Aires/Ezeiza-Ministro Pistarini Airport,EZE,SAEZ,Argentina,8,55,0,0,-,-,Final
19780806-0,Sunday,06-AUG-1978,-,H2, En route (ENR),Barcelona,Spain,63,0, None,-,McDonnell Douglas DC-9-32,-,-,-,-,-, PH-DNS, 47168/423,KLM,International Scheduled Passenger,-,Amsterdam-Schiphol International Airport,AMS,EHAM,Netherlands,Madrid-Barajas Airport,MAD,LEMD,Spain,-,-,0,0,-,-,-
19780810-0,Thursday,10-AUG-1978,-,A1, En route (ENR),"near São Paulo, SP",Brazil,3,2, Damaged beyond repair,-,IRMA/Britten-Norman BN-2A-21 Islander,-,-,1975,-,-, PT-KRP, 743,Encal Servicio Aéreo,Unknown,-,-,-,-,-,-,-,-,-,2,1,2,0,-,-,-
19780810-1,Thursday,10-AUG-1978,-,A2, Landing (LDG),Lydd International Airport (LYX),United Kingdom,49,0, Substantial, Repaired,Vickers 708 Viscount,4,Rolls-Royce Dart 505,1954,-,-, G-ARIR, 36,Alidair,International Scheduled Passenger,-,Beauvais-Tillé Airport,BVA,LFOB,France,Lydd International Airport,LYX,EGMD,United Kingdom,4,45,0,0,-,-,Final
19780811-0,Friday,11-AUG-1978,-,A1, Unknown (UNK),110 km (68.8 mls) SE of Lagos,Nigeria,-,0, Damaged beyond repair,-,Beechcraft A100 King Air,-,-,-,-,-, N81MD, B-203,J. Ray McDermott & Co.,Unknown,-,-,-,-,-,-,-,-,-,-,-,0,0,-,-,-
19780813-0,Sunday,13-AUG-1978,16:43,A1, Landing (LDG),"Austin-Robert Mueller Municipal, TX (AUS)",United States of America,18,0, Damaged beyond repair,-,Swearingen SA226-TC Metro II,-,-,1977,-,-, N300TL, TC-238E,Tejas Airlines,Domestic Scheduled Passenger,-,San Antonio International Airport,SAT,KSAT,United States of America,Austin-Robert Mueller Municipal,AUS,KAUS,United States of America,2,16,0,0,-,-,Final
19780814-0,Monday,14-AUG-1978,15:15,A1, En route (ENR),Tota Boyaca,Colombia,18,18, Damaged beyond repair,-,Curtiss C-46F-1-CU Commando,-,-,1945,-,-, HK-1350, 22557,Aeropesca Colombia,Cargo,-,Bogotá-Eldorado Airport,BOG,SKBO,Colombia,Tame Airport,TME,SKTM,Colombia,3,15,3,15,-,-,-
19780814-1,Monday,14-AUG-1978,-,A1, Unknown (UNK),Guam-Agana NAS (NGM),Guam,-,4, Damaged beyond repair,-,Douglas C-117D (DC-3),-,-,-,-,-, registration unknown,-,USMC,Military,-,-,-,-,-,-,-,-,-,-,-,-,-,-,-,-
19780816-0,Wednesday,16-AUG-1978,-,A1, Unknown (UNK),near Nukus,Uzbekistan,-,0, Damaged beyond repair,-,Antonov An-2TP,-,-,-,-,-, CCCP-40545, 1G83-48,Aeroflot / Uzbekistan,Unknown,-,-,-,-,-,-,-,-,-,-,-,0,0,-,-,-
19780817-0,Thursday,17-AUG-1978,-,A1, Takeoff (TOF),Lydd International Airport (LYX),United Kingdom,3,0, Damaged beyond repair,-,Douglas C-47B-20-DK (DC-3),2,Pratt & Whitney R-1830-90C,1945,-,-, G-AMSM, 27209/15764,Skyways Cargo Airline,Cargo,-,Lydd International Airport,LYX,EGMD,United Kingdom,-,-,-,-,2,1,0,0,-,-,-
19780817-1,Thursday,17-AUG-1978,-,C2, En route (ENR),over Simara Island,Philippines,84,1, Substantial, Repaired,BAC One-Eleven 524FF,-,-,1969,-,-, RP-C1184, 190,Philippine Air Lines,Domestic Scheduled Passenger,-,Cebu Airport,CEB,RPVM,Philippines,Manila Airport,MNL,RPLL,Philippines,6,78,0,1,-,-,-
19780823-0,Wednesday,23-AUG-1978,-,A1, Approach (APR),"Frobisher Bay Airport, NU (YFB)",Canada,6,1, Damaged beyond repair,-,de Havilland Canada DHC-6 Twin Otter 300,2,Pratt & Whitney Canada PT6A-27,1969,-,-, C-FQDG, 246,Bradley Air Services,Survey/research,-,-,-,-,-,Frobisher Bay Airport,YFB,CYFB,Canada,2,4,1,0,-,-,-
19780824-0,Thursday,24-AUG-1978,21:18,A2, Landing (LDG),"Buenos Aires-Jorge Newbery Airport, BA (AEP)",Argentina,105,0, Substantial, Repaired,Boeing 737-287C,2,Pratt & Whitney JT8D-9A,1970,-,19631.0, LV-JNE, 20408/265,Aerolineas Argentinas,Domestic Scheduled Passenger,AR665,Bahía Blanca-Comandante Espora Airport,BHI,SAZB,Argentina,Buenos Aires-Jorge Newbery Airport,AEP,SABE,Argentina,6,99,0,0,-,-,Final
19780825-0,Friday,25-AUG-1978,-,H2, En route (ENR),Genève-Cointrin Airport (GVA),Switzerland,89,0, None,-,Boeing 707-300,-,-,-,-,-, registration unknown,-,TWA,International Scheduled Passenger,TW830,New York-John F. Kennedy International Airport,JFK,KJFK,United States of America,Genève-Cointrin Airport,GVA,LSGG,Switzerland,5,84,0,0,-,-,- (No safety board investigation)
19780826-0,Saturday,26-AUG-1978,-,A1, Initial climb (ICL),near Papun Airport (PPU),Myanmar,14,14, Damaged beyond repair,-,de Havilland Canada DHC-6 Twin Otter 300,2,Pratt & Whitney Canada PT6A-27,1977,-,-, XY-AEI, 541,Burma Airways,Domestic Scheduled Passenger,-,Papun Airport,PPU,VYPP,Myanmar,Bagan Airport,BPE,VYBG,Myanmar,3,11,3,11,-,-,-
19780827-0,Sunday,27-AUG-1978,22:10,A1, En route (ENR),near Fanja,Oman,4,4, Damaged beyond repair,-,Douglas DC-6B,4,Pratt & Whitney R-2800,1957,-,-, N122A, 45327/819,New World Air Charter,Ferry/positioning,-,Muscat-Seeb Airport,MCT,OOMS,Oman,Larnaca Airport,LCA,LCLK,Cyprus,4,0,4,0,-,-,-
19780827-1,Sunday,27-AUG-1978,-,H2, Unknown (UNK),"Vancouver International Airport, BC (YVR)",Canada,159,0, Unknown,-,McDonnell Douglas DC-8,-,-,-,-,-, registration unknown,-,United Airlines,Domestic Scheduled Passenger,UA179,Denver-Stapleton International Airport,DEN,KDEN,United States of America,Seattle/Tacoma International Airport,SEA,KSEA,United States of America,-,-,0,0,-,-,-
19780828-0,Monday,28-AUG-1978,-,A1, Landing (LDG),Constanta-Kogalniceanu Airport (CND),Romania,6,0, Damaged beyond repair,-,Antonov An-24V,-,-,1968,-,-, YR-AMV, 77303507,Romanian Government,Military,-,Bucharest-Otopeni International Airport,OTP,LROP,Romania,Constanta-Kogalniceanu Airport,CND,LRCK,Romania,6,0,0,0,-,-,-
19780829-0,Tuesday,29-AUG-1978,06:42,A2, Takeoff (TOF),Delhi-Palam Airport (DEL),India,377,0, Substantial, Repaired,Boeing 747-237B,4,Pratt & Whitney JT9D-7J,1972,-,-, VT-EBO, 20558/188,Air-India,International Scheduled Passenger,AI123,Delhi-Palam Airport,DEL,VIDP,India,Frankfurt International Airport,FRA,EDDF,Germany,21,356,0,0,-,-,Final
19780830-0,Wednesday,30-AUG-1978,-,H2, Unknown (UNK),Berlin-Tempelhof Airport (THF),Germany,-,0, Unknown,-,Tupolev Tu-134,-,-,1969,-,-, SP-LGC, 9350804,LOT,International Scheduled Passenger,-,Gdansk-Rebiechowo Airport,GDN,EPGD,Poland,Berlin-Schönefeld Airport,SXF,EDDB,Germany,-,-,0,0,-,-,-
19780902-0,Saturday,02-SEP-1978,17:42,A1, Approach (APR),"Vancouver-Coal Harbour SPB, BC (CXH)",Canada,13,11, Destroyed, Written off (damaged beyond repair),de Havilland Canada DHC-6 Twin Otter 200,2,Pratt & Whitney Canada PT6A-20,1969,-,-, C-FAIV, 215,Airwest Airlines,Domestic Scheduled Passenger,-,-,-,-,-,Vancouver-Coal Harbour SPB,CXH,CYHC,Canada,2,11,2,9,-,-,Final
19780903-1,Sunday,03-SEP-1978,17:30,C1, En route (ENR),Whamira Hills,Zimbabwe,56,38, Damaged beyond repair,-,Vickers 782D Viscount,4,Rolls-Royce Dart 510,1958,-,-, VP-WAS, 297,Air Rhodesia,Domestic Scheduled Passenger,RH825,Kariba Airport,KAB,FVKB,Zimbabwe,Salisbury Airport,HRE,FVHA,Zimbabwe,4,52,4,34,-,-,Preliminary
19780903-2,Sunday,03-SEP-1978,-,A1, Approach (APR),near Conakry,Guinea,17,15, Damaged beyond repair,-,Ilyushin Il-18D,-,-,1967,-,-, 3X-GAX, 187009803,Air Guinée,International Scheduled Passenger,-,-,-,-,-,Conakry Airport,CKY,DGCY,Guinea,8,9,7,8,-,-,-
19780904-0,Monday,04-SEP-1978,11:30,A1, Initial climb (ICL),"Clewiston, FL",United States of America,2,2, Damaged beyond repair,-,Convair CV-240-8,-,-,1948,-,-, N7177B,  38,Mission Air Lift Inc,Ferry/positioning,-,-,-,-,-,St. Petersburg International Airport,PIE,KPIE,United States of America,2,0,2,0,-,-,Final
19780906-0,Wednesday,06-SEP-1978,03:10,A1, En route (ENR),"5 km (3.1 mls) S of Farmerville, LA",United States of America,6,1, Damaged beyond repair,-,Douglas DC-7CF,-,-,1956,-,-, N244B, 44876/673,Advance Aviation,Illegal Flight,-,Curaçao-Dr. Albert Plesman Airport,CUR,TNCC,Curaçao,-,-,-,-,2,4,0,1,-,-,Final
19780906-1,Wednesday,06-SEP-1978,-,A1, Unknown (UNK),El Desengano,Bolivia,-,-, Damaged beyond repair,-,Convair CV-440-86,-,-,1957,-,-, CP-924, 425,NEBA,Unknown,-,-,-,-,-,-,-,-,-,-,-,-,-,-,-,-
19780907-1,Thursday,07-SEP-1978,-,C1, Standing (STD),Colombo-Ratmalana Airport (RML),Sri Lanka,2,0, Damaged beyond repair,-,Hawker Siddeley HS-748-212 Srs. 2,-,-,1964,-,-, 4R-ACJ, 1571,Air Ceylon,Ferry/positioning,-,Colombo-Ratmalana Airport,RML,VCCC,Sri Lanka,Colombo-Katunayake International Airport,CMB,VCBI,Sri Lanka,2,0,0,0,-,-,-
19780908-0,Friday,08-SEP-1978,23:00,A1, En route (ENR),"Conway, AR",United States of America,8,8, Damaged beyond repair,-,Lockheed C-130E Hercules,-,-,1964,-,-, 64-0532, 4021,USAF,Military,-,Jacksonville-Little Rock AFB,LRF,KLRF,United States of America,Jacksonville-Little Rock AFB,LRF,KLRF,United States of America,8,0,8,0,-,-,-
19780908-1,Friday,08-SEP-1978,-,A1, Maneuvering (MNV),"5 km (3.1 mls) SE of Yablunivka, Priluki district, Chernigov region",Ukraine,2,2, Damaged beyond repair,-,Antonov An-2R,-,-,1969,39351.0,7437.0, CCCP-35112, 1G111-38,Aeroflot / Ukraine,Agricultural,-,-,-,-,-,-,-,-,-,2,0,2,0,-,-,-
19780909-0,Saturday,09-SEP-1978,-,A1, En route (ENR),65 km (40.6 mls) W of Mexico City,Mexico,21,18, Damaged beyond repair,-,de Havilland Canada DHC-6 Twin Otter 100,2,Pratt & Whitney Canada PT6A-20,1966,-,-, XA-BOP,  18,L.A. del Centro,Domestic Non Scheduled Passenger,-,Mexico City-Benito Juárez International Airport,MEX,MMMX,Mexico,Morelia Airport,MLM,MMMM,Mexico,2,19,1,17,-,-,-
19780914-0,Thursday,14-SEP-1978,-,A1, Approach (APR),"Barrio Santos, Santo Nino, Paranaque",Philippines,24,15, Damaged beyond repair,-,Fokker F-27 Friendship 200,-,-,1967,11307.0,11726.0, 10328, 10328,Philippine AF,Military,-,-,-,-,-,Manila-Nichols Air Base,MNL,RPLL,Philippines,-,-,-,-,-,17,-
19780914-1,Thursday,14-SEP-1978,-,A1, Unknown (UNK),Somie,Cameroon,-,-, Damaged beyond repair,-,Antonov An-2R,-,-,-,-,-, SP-WWT, 1G177-09,ZUA,Unknown,-,-,-,-,-,-,-,-,-,-,-,-,-,-,-,-
19780914-2,Thursday,14-SEP-1978,-,A1, Unknown (UNK),off Ireland [Irish Sea],Atlantic Ocean,-,0, Damaged beyond repair,-,Breguet SP-13A Atlantic,2,Rolls-Royce Tyne RTy.20 Mk 21,-,-,-, 253, 58,Dutch Navy,Military,-,-,-,-,-,-,-,-,-,-,-,0,0,-,-,-
19780918-0,Monday,18-SEP-1978,-,A1, Landing (LDG),"Komakuk, NU",Canada,2,0, Damaged beyond repair,-,Douglas C-47A-65-DL (DC-3),2,Pratt & Whitney R-1830-92,1943,-,-, CF-CRW, 18958,Kenn Borek Air,Cargo,-,-,-,-,-,-,-,-,-,2,0,0,0,-,-,-
19780919-0,Tuesday,19-SEP-1978,-,A1, Unknown (UNK),Tehran/Doshan Tappeh Air Base,Iran,13,9, Damaged beyond repair,-,Lockheed C-130H Hercules,-,-,1972,-,-, 5-8532, 4457,Iran AF,Military,-,-,-,-,-,-,-,-,-,-,-,-,-,-,-,-
19780921-0,Thursday,21-SEP-1978,12:43,A1, En route (ENR),"N off Havana, Cuba",Atlantic Ocean,4,4, Missing, Presumed damaged beyond repair,Douglas DC-3-277C,-,-,1940,-,-, N407D, 2244,Argosy Air Lines,Ferry/positioning, 902,Fort Lauderdale International Airport,FLL,KFLL,United States of America,Havana-José Martí International Airport,HAV,MUHA,Cuba,4,0,4,0,-,-,Final
19780922-0,Friday,22-SEP-1978,12:15,A1, En route (ENR),"near Poland, ME",United States of America,8,8, Damaged beyond repair,-,Lockheed P-3B Orion,-,-,1966,-,-, 152757, 185-5199,US Navy,Military,-,Brunswick NAS,NHZ,KNHZ,United States of America,Trenton Canadian Forces Base,YTR,CYTR,Canada,8,0,8,0,-,-,-
19780923-0,Saturday,23-SEP-1978,-,A1, En route (ENR),near Novoaleksandrovsk,Russia,3,3, Damaged beyond repair,-,Antonov An-2R,-,-,1968,42120.0,8326.0, CCCP-32079, 1G92-35,Aeroflot / North Kavkaz,Agricultural,-,-,-,-,-,-,-,-,-,2,1,2,1,-,-,-
19780924-0,Sunday,24-SEP-1978,14:47,A1, Landing (LDG),"Houston-Hobby Airport, TX (HOU)",United States of America,20,0, Damaged beyond repair,-,Grumman G-159 Gulfstream I,-,-,1960,-,-, N91G,  37,Continental Oil Corp.,Executive,-,Ponca City Airport,PNC,KPNC,United States of America,Houston-William P. Hobby Airport,HOU,KHOU,United States of America,2,18,0,0,-,-,Final
19780924-1,Sunday,24-SEP-1978,-,A1, En route (ENR),11 km (6.9 mls) NE of Karima,Sudan,2,0, Damaged beyond repair,-,Douglas C-47B-15-DK (DC-3),2,Pratt & Whitney R-1830-90C,1944,-,-, G-BFPU, 26692/15247,War Birds of Great Britain,Ferry/positioning,-,-,-,-,-,-,-,-,-,2,0,0,0,-,-,-
19780925-0,Monday,25-SEP-1978,09:01,A1, Approach (APR),"5,6 km (3.5 mls) NE of San Diego International Airport, CA (SAN)",United States of America,135,135, Destroyed, Written off (damaged beyond repair),Boeing 727-214,3,Pratt & Whitney JT8D-7B,1968,36557.0,24088.0, N533PS, 19688/589,PSA,Domestic Scheduled Passenger,PS182,Los Angeles International Airport,LAX,KLAX,United States of America,San Diego International Airport,SAN,KSAN,United States of America,7,128,7,128,2,7,Final
19780929-0,Friday,29-SEP-1978,-,A1, Unknown (UNK),near Ulan-Bator,Mongolia,-,0, Damaged beyond repair,-,Antonov An-2R,-,-,1973,-,-, CCCP-07278, 1G148-39,Aeroflot / Kazakstan,Unknown,-,-,-,-,-,-,-,-,-,-,-,0,0,-,-,-
19780930-0,Saturday,30-SEP-1978,-,H2, Unknown (UNK),Oulu Airport (OUL),Finland,-,0, Unknown,-,Sud Aviation SE-210 Caravelle 10B3,-,-,1964,-,-, OH-LSB, 182,Finnair,Domestic Scheduled Passenger, 405,Oulu Airport,OUL,EFOU,Finland,Helsinki-Vantaa Airport,HEL,EFHK,Finland,-,-,0,0,-,-,-
19781001-1,Sunday,01-OCT-1978,17:54,A1, En route (ENR),"200 km (125 mls) S off  Fort Walton Beach, FL, U.S.",Atlantic Ocean,4,1, Damaged beyond repair,-,Douglas R4D-6 (DC-3),-,-,1944,-,-, N74Z, 25954/14509,Evergreen Air,Unknown,-,Miami International Airport,MIA,KMIA,United States of America,-,-,-,-,1,3,1,0,-,-,Final
19781002-0,Monday,02-OCT-1978,-,A1, Landing (LDG),Tbilisi Airport (TBS),Georgia,30,0, Damaged beyond repair,-,Yakovlev Yak-40,3,Ivchenko AI-25,1975,-,-, CCCP-87544, 9530942,Aeroflot / Privolzhsk,Domestic Scheduled Passenger,-,Volgograd Airport,VOG,URWW,Russia,Tbilisi Airport,TBS,UGGG,Georgia,4,26,0,0,-,-,-
19781003-0,Tuesday,03-OCT-1978,-,A1, Initial climb (ICL),near Sagaing,Myanmar,44,2, Damaged beyond repair,-,Fokker F-27 Friendship 600,-,-,1978,796.0,854.0, XY-ADY, 10572,Burma Airways,Domestic Scheduled Passenger,-,Mandalay-Annisaton Airport,MDL,VYMD,Myanmar,-,-,-,-,4,40,1,1,-,-,-
19781003-1,Tuesday,03-OCT-1978,-,A1, En route (ENR),ca 1 km W off Kuopio Airport (KUO),Finland,15,15, Damaged beyond repair,-,Douglas C-47A-1-DK (DC-3),2,Pratt & Whitney R-1830-92,1943,-,-, DO-10, 12050,Finnish AF,Military,-,Kuopio Airport,KUO,EFKU,Finland,Helsinki-Vantaa Airport,HEL,EFHK,Finland,3,12,3,12,-,-,-
19781003-2,Tuesday,03-OCT-1978,-,A1, Unknown (UNK),unknown,Unknown country,-,2, Damaged beyond repair,-,Beechcraft 200 Super King Air,-,-,1977,-,-, YV-141CP, BB-265,Servicios Tecnicos Maracaibo,Unknown,-,-,-,-,-,-,-,-,-,-,-,-,-,-,-,-
19781004-0,Wednesday,04-OCT-1978,-,A1, Landing (LDG),"Santo Antonio do Icá, AM",Brazil,12,12, Damaged beyond repair,-,Consolidated C-10A Catalina (PBY-5A),-,-,-,-,-, 6550, 1681,Brazilian AF,Military,-,-,-,-,-,-,-,-,-,-,-,-,-,-,-,-
19781005-0,Thursday,05-OCT-1978,-,O1, Standing (STD),Denpasar Bali-Ngurah Rai Airport (DPS),Indonesia,-,0, Damaged beyond repair,-,Douglas C-47A-70-DL (DC-3),2,Pratt & Whitney R-1830-92,1943,-,-, PK-NDI, 19154,Merpati Nusantara,Unknown,-,-,-,-,-,-,-,-,-,-,-,0,0,-,-,-
19781006-0,Friday,06-OCT-1978,-,A1, En route (ENR),17 km (10.6 mls) S of Santiago de Chile,Chile,16,16, Damaged beyond repair,-,Douglas R6D-1 (DC-6),-,-,1953,-,-, 131618, 43721/375,US Navy,Military,-,Concepcion-Carriel Sur Airport,CCP,SCIE,Chile,-,-,-,-,8,8,8,8,-,-,-
19781007-0,Saturday,07-OCT-1978,-,A1, Landing (LDG),"Belo Horizonte-Carlos Prates Airport, MG",Brazil,19,0, Damaged beyond repair,-,Douglas C-47A-5-DK (DC-3),2,Pratt & Whitney R-1830-92,1944,-,-, PT-KVU, 12356,M.S. Consultoria Técnica Operacional de Aviação,Domestic Non Scheduled Passenger,-,-,-,-,-,-,-,-,-,3,16,0,0,-,-,-
19781007-1,Saturday,07-OCT-1978,-,A1, Initial climb (ICL),near Sverdlovsk-Koltsovo Airport (SVX),Russia,38,38, Damaged beyond repair,-,Yakovlev Yak-40,3,Ivchenko AI-25,1974,-,-, CCCP-87437, 9431335,Aeroflot / Kazakstan,Domestic Scheduled Passenger,-,Sverdlovsk-Koltsovo Airport,SVX,USSS,Russia,Kostanay-Narimanovka Airport,KSN,UAUU,Kazakhstan,4,34,4,34,-,-,-
19781007-2,Saturday,07-OCT-1978,-,A1, En route (ENR),near Luzon,Philippines,10,8, Damaged beyond repair,-,Pilatus Britten-Norman BN-2A-21 Islander,-,-,1976,-,-, RP-C2152, 487,Acme Plywood,Passenger,-,-,-,-,-,-,-,-,-,2,8,2,6,-,-,-
19781009-0,Monday,09-OCT-1978,-,A1, Approach (APR),at an unknown location,Ethiopia,-,-, Damaged beyond repair,-,Antonov An-12,-,-,-,-,-, registration unknown,-,Soviet AF,Military,-,-,-,-,-,-,-,-,-,-,-,-,-,-,-,-
19781013-0,Friday,13-OCT-1978,16:44,A1, Approach (APR),"Barrow, AK",United States of America,2,1, Damaged beyond repair,-,de Havilland Canada DHC-6 Twin Otter 200,2,Pratt & Whitney Canada PT6A-20,1968,-,-, N4048B, 125,Arctic Guide,Domestic Non Scheduled Passenger,-,Anaktuvuk Pass Airport,AKP,PAKP,United States of America,-,-,-,-,1,1,1,0,-,-,Final
19781013-1,Friday,13-OCT-1978,-,A1, Unknown (UNK),near Mary,Turkmenistan,-,0, Damaged beyond repair,-,Antonov An-2R,-,-,1969,-,-, CCCP-32515, 1G103-42,Aeroflot / Turkmenistan,Unknown,-,-,-,-,-,-,-,-,-,-,-,0,0,-,-,-
19781015-1,Sunday,15-OCT-1978,-,A1, Takeoff (TOF),Riohacha-Almirante Padilla Airport (RCH),Colombia,3,1, Damaged beyond repair,-,Lockheed L-1049H Super Constellation,-,-,1958,-,-, N6924C, 4852,Skyways Int.,Illegal Flight,-,Riohacha-Almirante Padilla Airport,RCH,SKRH,Colombia,-,-,-,-,3,0,1,0,-,-,-
19781015-2,Sunday,15-OCT-1978,-,A1, Landing (LDG),Soddu Airport (SXU),Ethiopia,32,0, Damaged beyond repair,-,Douglas C-47B-10-DK (DC-3),2,Pratt & Whitney R-1830-90C,1944,-,30160.0, ET-AGK, 26465/15020,Ethiopian Airlines,Scheduled Passenger,-,-,-,-,-,-,-,-,-,3,29,0,0,-,-,-
19781017-0,Tuesday,17-OCT-1978,09:13,A1, Takeoff (TOF),"Lancaster-William J Fox Airport, CA (WJF)",United States of America,2,1, Damaged beyond repair,-,Learjet 24,-,-,-,-,-, N123RE, 24-154,Martin Aviation,Training,-,Lancaster-William J Fox Airport,WJF,KWJF,United States of America,Lancaster-William J Fox Airport,WJF,KWJF,United States of America,2,0,1,0,-,-,Final
19781017-1,Tuesday,17-OCT-1978,-,U1, Unknown (UNK),at an unknown location,Unknown country,-,-, Damaged beyond repair,-,Britten-Norman BN-2A-27R Islander,-,-,1977,-,-, HC-BFI, 588,ATESA,Unknown,-,-,-,-,-,-,-,-,-,-,-,-,-,-,-,-
19781017-2,Tuesday,17-OCT-1978,-,A1, En route (ENR),"1,5 km (0.9 mls) SW of Lanovtsy",Ukraine,2,2, Damaged beyond repair,-,Antonov An-2R,-,-,1969,31855.0,8666.0, CCCP-32599, 1G105-13,Aeroflot / Ukraine,Agricultural,-,-,-,-,-,-,-,-,-,2,0,2,0,-,-,-
19781017-3,Tuesday,17-OCT-1978,-,A1, Unknown (UNK),Valledupar,Colombia,3,3, Damaged beyond repair,-,Douglas C-54 (DC-4),-,-,-,-,-, registration unknown,-,Unknown,Illegal Flight,-,-,-,-,-,-,-,-,-,-,-,-,-,-,-,-
19781018-0,Wednesday,18-OCT-1978,-,A1, Unknown (UNK),near Nizhnevartovsk,Russia,-,0, Damaged beyond repair,-,Antonov An-2P,-,-,1970,-,-, CCCP-02457, 1G117-68,Aeroflot / West Siberia,Unknown,-,Nizhnevartovsk Airport,NJC,USNN,Russia,Strezhevoy Airport,SWT,UNSS,Russia,-,-,0,0,-,-,-
19780101-1,Sunday,01-JAN-1978,20:15,A1, En route (ENR),3 km (1.9 mls) W off  Bombay-Santacruz Airport (BOM),India,213,213, Destroyed, Written off (damaged beyond repair),Boeing 747-237B,4,Pratt & Whitney JT9D-7J,1971,-,-, VT-EBD, 19959/124,Air-India,International Scheduled Passenger,AI855,Bombay-Santacruz Airport,BOM,VABB,India,Dubai Airport,DXB,OMDB,United Arab Emirates,23,190,23,190,-,-,-
19780102-0,Monday,02-JAN-1978,08:00,A1, En route (ENR),"0,3km N off Río Grande Municipality",Puerto Rico,5,0, Damaged beyond repair,-,Douglas DC-3-201D,-,-,1940,-,-, N15598, 2258,Aero Virgin Islands,Domestic Scheduled Passenger,-,Saint Thomas Airport,STT,TIST,U.S. Virgin Islands,-,-,-,-,3,2,0,0,-,-,Final
19780104-0,Wednesday,04-JAN-1978,14:40,A1, Landing (LDG),"Key Largo-Port Largo Airport, FL (KYL)",United States of America,7,0, Damaged beyond repair,-,Howard 500,-,-,1943,-,-, N127LR, 500-103,Lonnie Russell Leasing & Rental,Executive,-,-,-,-,-,-,-,-,-,2,5,0,0,-,-,Final
19780106-0,Friday,06-JAN-1978,-,A1, Initial climb (ICL),near Kisangani Airport (FKI),Democratic Republic of the Congo,3,3, Damaged beyond repair,-,Fokker F-27 Friendship 600,-,-,1969,10387.0,11733.0, 9Q-CLR, 10406,Air Zaire,Training,-,Kisangani Airport,FKI,FZIA,Democratic Republic of the Congo,-,-,-,-,3,0,3,0,-,-,-
19780109-0,Monday,09-JAN-1978,-,A1, En route (ENR),Ciénaga Grande de Santa Marta,Colombia,18,0, Damaged beyond repair,-,Britten-Norman BN-2A Trislander Mk.III-1,-,-,1974,-,-, HK-1711, 1002,TAVINA,Domestic Scheduled Passenger,-,Barranquilla-Ernesto Cortissoz Airport,BAQ,SKBQ,Colombia,Valledupar Airport,VUP,SKVP,Colombia,2,16,0,0,-,-,-
19780118-0,Wednesday,18-JAN-1978,-,H2, Unknown (UNK),Havana-José Martí International Airport (HAV),Cuba,-,0, Unknown,-,Sud-Aviation SE-210 Caravelle,-,-,-,-,-, registration unknown,-,SAETA,Domestic Scheduled Passenger,-,Quito-Mariscal Sucre Airport,UIO,SEQU,Ecuador,Guayaquil-Simon Bolivar Airport,GYE,SEGU,Ecuador,-,-,0,0,-,-,-
19780118-1,Wednesday,18-JAN-1978,15:03,A1, Takeoff (TOF),"Pueblo Memorial Airport, CO (PUB)",United States of America,3,3, Damaged beyond repair,-,de Havilland Canada DHC-6 Twin Otter 300,2,Pratt & Whitney Canada PT6A-27,1975,-,-, N982FL, 465,Frontier Airlines,Training,-,Pueblo Memorial Airport,PUB,KPUB,United States of America,Pueblo Memorial Airport,PUB,KPUB,United States of America,2,1,2,1,-,-,Final
19780120-0,Friday,20-JAN-1978,-,H2, Unknown (UNK),Karachi,Pakistan,29,0, Unknown,-,Fokker F-27 Friendship 400,-,-,1961,-,-, AP-ALW, 10187,PIA,Domestic Scheduled Passenger,-,Sukkur Airport,SKZ,OPSK,Pakistan,Karachi International Airport,KHI,OPKC,Pakistan,-,-,0,0,-,-,-
19780120-1,Friday,20-JAN-1978,09:20,A1, En route (ENR),"near Toksook Bay, AK",United States of America,1,1, Damaged beyond repair,-,Britten-Norman BN-2A Islander,-,-,1969,-,-, N869JA, 120,Bush Air,Cargo,-,Bethel Airport,BET,PABE,United States of America,-,-,-,-,1,0,1,0,-,-,Final
19780120-2,Friday,20-JAN-1978,-,A1, Unknown (UNK),at an unknown location,Japan,-,-, Damaged beyond repair,-,Shin Meiwa PS-1,-,-,-,-,-, 5811, 1011,Japanese Navy,Military,-,-,-,-,-,-,-,-,-,-,-,-,-,-,-,-
19780124-0,Tuesday,24-JAN-1978,-,A1, Landing (LDG),San Ramon Airport (SRD),Bolivia,-,0, Damaged beyond repair,-,Convair CV-440-86,-,-,1957,-,-, TAM-45, 406,TAM,Unknown,-,San Ramon Airport,SRD,SLRA,Bolivia,-,-,-,-,-,-,0,0,-,1,-
19780127-1,Friday,27-JAN-1978,-,O2, Standing (STD),"Buenos Aires-Jorge Newbery Airport, BA (AEP)",Argentina,-,0, Substantial, Repaired,BAC One-Eleven 420EL,-,-,1968,-,-, LV-JGX, 117,Austral Lineas Aéreas,-,-,-,-,-,-,-,-,-,-,-,-,0,0,-,-,-
19780128-0,Saturday,28-JAN-1978,13:55,A1, En route (ENR),24 km (15 mls) NW of San Vicente Airport (SVI),Colombia,12,12, Damaged beyond repair,-,Douglas DC-3D,-,-,1946,-,-, HK-1351, 42958,SADELCA Colombia,Domestic Scheduled Passenger,-,Neiva Airport,NVA,SKNV,Colombia,San Vicente Airport,SVI,SKSV,Colombia,4,8,4,8,-,-,-
19780128-1,Saturday,28-JAN-1978,-,C1, Unknown (UNK),Tibesti,Chad,-,-, Damaged beyond repair,-,Douglas C-47-DL (DC-3),2,Pratt & Whitney R-1830-92,1943,-,-, TT-EAB, 9157,Air Chad,Unknown,-,-,-,-,-,-,-,-,-,-,-,-,-,-,-,-
19780128-2,Saturday,28-JAN-1978,-,H2, Unknown (UNK),"Kinston, New Bern",United States of America,14,0, Unknown,-,NAMC YS-11,-,-,-,-,-, registration unknown,-,Piedmont Airlines,Domestic Scheduled Passenger, 964,Kinston-Stallings Field,ISO,KISO,United States of America,Wilmington-New Hanover County Airport,ILM,KILM,United States of America,-,-,0,0,-,-,-
19780130-0,Monday,30-JAN-1978,-,C1, En route (ENR),55 km (34.4 mls) W of Faya-Largeau,Chad,5,0, Damaged beyond repair,-,Douglas DC-4-1009,-,-,1946,-,-, TT-NAA, 42936,Chad AF,Military,-,N'Djamena Airport,NDJ,FTTJ,Chad,Faya Airport,FYT,FTTY,Chad,5,0,0,0,-,-,-
19780131-0,Tuesday,31-JAN-1978,-,A1, Takeoff (TOF),"Eirunepe Airport, AM (ERN)",Brazil,14,2, Damaged beyond repair,-,Embraer EMB-110P Bandeirante,-,-,1976,-,-, PT-GKW, 110128,TABA,Domestic Scheduled Passenger,-,Eirunepé Airport,ERN,SWEI,Brazil,-,-,-,-,2,12,2,0,-,-,-
19780201-0,Wednesday,01-FEB-1978,-,A1, Unknown (UNK),near Krasnoye,Russia,-,-, Damaged beyond repair,-,Antonov An-2TP,-,-,-,23747.0,10500.0, CCCP-40570, 1G84-23,Aeroflot / Central Region,Unknown,-,-,-,-,-,-,-,-,-,-,-,-,-,-,-,-
19780206-0,Monday,06-FEB-1978,-,H2, Unknown (UNK),Frankfurt,Germany,39,0, Unknown,-,Tupolev Tu-134,-,-,-,-,-, registration unknown,-,CSA,International Scheduled Passenger,-,Berlin-Schönefeld Airport,SXF,EDDB,Germany,Praha-Ruzyne International Airport,PRG,LKPR,Czech Republic,5,34,0,0,-,-,-
19780208-0,Wednesday,08-FEB-1978,13:40,A1, Landing (LDG),Tamanrasset-Aguemar Airport (TMR),Algeria,3,0, Damaged beyond repair,-,Douglas C-49J (DC-3),-,-,1942,-,43910.0, N189UM, 6262,Aero Services Corp.,Unknown,-,-,-,-,-,Tamanrasset-Aguemar Airport,TMR,DAAT,Algeria,-,-,0,0,-,-,-
19780210-0,Friday,10-FEB-1978,16:50,A1, En route (ENR),"0,5 km (0.3 mls) N of Richland Airport, WA (RLD)",United States of America,17,17, Destroyed, Written off (damaged beyond repair),Beechcraft 99 Airliner,2,Pratt & Whitney Canada PT6A-20,1968,-,13701.0, N199EA, U-37,Columbia Pacific Airlines,Domestic Scheduled Passenger,  23,-,-,-,-,Seattle/Tacoma International Airport,SEA,KSEA,United States of America,2,15,2,15,-,-,Final
19780210-1,Friday,10-FEB-1978,23:20,A1, Initial climb (ICL),2 km (1.3 mls) from  Artigas Airport (ATI),Uruguay,44,44, Damaged beyond repair,-,Douglas C-47A-75-DL (DC-3),2,Pratt & Whitney R-1830-92,1943,-,-, CX-BJH/T-511, 19301,TAMU,Domestic Non Scheduled Passenger,-,Artigas Airport,ATI,SUAG,Uruguay,Montevideo-Carrasco Airport,MVD,SUMU,Uruguay,6,38,6,38,-,-,-
19780211-0,Saturday,11-FEB-1978,12:55,A1, Landing (LDG),"Cranbrook Airport, BC (YXC)",Canada,49,42, Destroyed, Written off (damaged beyond repair),Boeing 737-275,2,Pratt & Whitney JT8D-9A,1970,-,-, C-FPWC, 20142/253,Pacific Western,Domestic Scheduled Passenger, 314,Calgary International Airport,YYC,CYYC,Canada,Cranbrook Airport,YXC,CYXC,Canada,5,44,4,38,-,-,Final
19780215-1,Wednesday,15-FEB-1978,13:13,A1, Landing (LDG),Tenerife-Norte Los Rodeos Airport (TFN),Spain,198,0, Destroyed, Written off (damaged beyond repair),Boeing 707-329,4,Pratt & Whitney JT4A,1960,-,56787.0, OO-SJE, 17627/133,Sobelair,Int'l Non Scheduled Passenger,-,Brussel-Zaventem Airport,BRU,EBBR,Belgium,Tenerife-Norte Los Rodeos Airport,TFN,GCXO,Spain,9,189,0,0,-,-,-
19780216-0,Thursday,16-FEB-1978,-,A1, Unknown (UNK),Clermont-Ferrand,France,-,-, Damaged beyond repair,-,Beechcraft 99 Airliner,2,Pratt & Whitney Canada PT6A-20,1969,-,-, F-BRUX, U-122,Air Alpes,Unknown,-,-,-,-,-,-,-,-,-,-,-,-,-,-,-,-
19780217-1,Friday,17-FEB-1978,-,A1, Unknown (UNK),Laguna de Brus,Honduras,-,0, Damaged beyond repair,-,Douglas DC-6B,4,Pratt & Whitney R-2800,1952,-,-, N6523C, 43523/230,Skyways Int.,Unknown,-,-,-,-,-,-,-,-,-,-,-,0,0,-,-,-
19780218-0,Saturday,18-FEB-1978,-,O1, Standing (STD),Novosibirsk-Tolmachevo Airport (OVB),Russia,0,0, Damaged beyond repair,-,Tupolev Tu-154A,-,-,1974,-,-, CCCP-85087, 74A087,Aeroflot / West Siberia,-,-,-,-,-,-,-,-,-,-,0,0,0,0,-,-,-
19780219-0,Sunday,19-FEB-1978,-,A1, Takeoff (TOF),Tarapoto Airport (TPP),Peru,7,7, Damaged beyond repair,-,Lockheed L-100-20 Hercules,4,Allison 501-D22A,1970,-,-, OB-R-1004, 4364,SATCO,Military,-,Tarapoto Airport,TPP,SPST,Peru,Trujillo Airport,TRU,SPRU,Peru,-,-,-,-,-,-,-
19780219-1,Sunday,19-FEB-1978,20:00,C1, Standing (STD),Larnaca Airport (LCA),Cyprus,-,3, Damaged beyond repair,-,Lockheed C-130H Hercules,-,-,1976,-,-, SU-BAA/1270, 4707,Egyptian AF,Military,-,-,-,-,-,-,-,-,-,-,-,3,0,-,-,-
19780221-0,Tuesday,21-FEB-1978,-,A1, En route (ENR),Serrania Los Cobardes,Colombia,5,5, Damaged beyond repair,-,Douglas C-47 (DC-3),-,-,-,-,-, FAC-668,-,Colombian AF,Military,-,Cimitarra Airport,CIM,SKCM,Colombia,Bucaramanga-Palo Negro Airport,BGA,SKBG,Colombia,-,-,-,-,-,-,-
19780222-0,Wednesday,22-FEB-1978,-,A1, Approach (APR),off Palermo-Punta Raisi Airport (PMO),Italy,3,3, Damaged beyond repair,-,Learjet 35A,2,Garrett TFE731-2-2B,1977,-,-, I-MCSA, 35A-099,Maniglia Construzioni,Unknown,-,Roma-Ciampino Airport,CIA,LIRA,Italy,Palermo-Punta Raisi Airport,PMO,LICJ,Italy,1,2,1,2,-,-,-
19780223-0,Thursday,23-FEB-1978,-,A1, Landing (LDG),"Jacksonville International Airport, FL (JAX)",United States of America,5,0, Damaged beyond repair,-,Lockheed P-3A Orion,-,-,1964,-,-, 151381, 185-5094,US Navy,Military,-,Jacksonville NAS,NIP,KNIP,United States of America,Jacksonville NAS,NIP,KNIP,United States of America,5,0,0,0,-,-,-
19780224-0,Friday,24-FEB-1978,08:26,A1, Landing (LDG),San Juan-Isla Verde International Airport (SJU),Puerto Rico,3,0, Damaged beyond repair,-,Douglas DC-6BF,-,-,1953,-,-, N6103C, 44103/392,West Indies Air Transport,Cargo,-,Miami International Airport,MIA,KMIA,United States of America,San Juan-Isla Verde International Airport,SJU,TJSJ,Puerto Rico,3,0,0,0,-,-,Final
19780225-0,Saturday,25-FEB-1978,-,A1, Landing (LDG),Abadan Airport (ABD),Iran,-,0, Damaged beyond repair,-,Fairchild FH-227D,-,-,1966,-,-, EP-AMJ, 523,Air Service Company,Unknown,-,-,-,-,-,Abadan Airport,ABD,OIAA,Iran,-,-,0,0,-,-,-
19780228-1,Tuesday,28-FEB-1978,10:40,A1, Landing (LDG),Garaina Airport (GAR),Papua New Guinea,1,1, Damaged beyond repair,-,de Havilland Canada DHC-6 Twin Otter 100,2,Pratt & Whitney Canada PT6A-20,1968,-,-, P2-RDE,  84,Talair,Cargo,-,Lae-Nadzab Airport,LAE,AYNZ,Papua New Guinea,-,-,-,-,1,0,1,0,-,-,-
19780301-0,Wednesday,01-MAR-1978,09:25,A1, Takeoff (TOF),"Los Angeles International Airport, CA (LAX)",United States of America,200,2, Damaged beyond repair,-,McDonnell Douglas DC-10-10,3,General Electric CF6-6D,1972,-,-, N68045, 46904/44,Continental Air Lines,Domestic Scheduled Passenger, 603,Los Angeles International Airport,LAX,KLAX,United States of America,Honolulu International Airport,HNL,PHNL,United States of America,14,186,0,2,-,-,Final
19780301-1,Wednesday,01-MAR-1978,12:43,A1, Approach (APR),2 km (1.3 mls) SW of Kano International Airport (KAN),Nigeria,16,16, Damaged beyond repair,-,Fokker F-28 Fellowship 1000,-,-,1970,13303.0,10625.0, 5N-ANA, 11993,Nigeria Airways,Domestic Scheduled Passenger,-,Sokoto Airport,SKO,DNSO,Nigeria,Kano International Airport,KAN,DNKN,Nigeria,5,11,5,11,2,-,-
19780302-0,Thursday,02-MAR-1978,-,H2, Unknown (UNK),Islamabad,Pakistan,-,0, Unknown,-,Boeing 747-282B,-,-,-,-,-, registration unknown,-,PIA,Domestic Scheduled Passenger,-,Islamabad International Airport,ISB,OPRN,Pakistan,Karachi International Airport,KHI,OPKC,Pakistan,-,-,0,0,-,-,-
19780302-1,Thursday,02-MAR-1978,-,A1, Unknown (UNK),Rebiechowo,Poland,-,-, Damaged beyond repair,-,Antonov An-2PF,-,-,-,-,-, SP-TBC, 1G159-03,Aeropol,Unknown,-,-,-,-,-,-,-,-,-,-,-,-,-,-,-,-
19780303-0,Friday,03-MAR-1978,17:25,A1, Landing (LDG),Santiago De Compostela Airport (SCQ),Spain,222,0, Damaged beyond repair,-,McDonnell Douglas DC-8-63,4,Pratt & Whitney JT3D-,1968,-,-, EC-BMX, 45930/378,Iberia,Domestic Scheduled Passenger,IB575,Madrid-Barajas Airport,MAD,LEMD,Spain,Santiago de Compostela Airport,SCQ,LEST,Spain,11,211,0,0,-,-,-
19780303-1,Friday,03-MAR-1978,-,O1, Standing (STD),Jeddah,Saudi Arabia,0,0, Damaged beyond repair,-,Fairchild F-27F,-,-,1959,-,-, N747L,  38,Saudi Arabian,-,-,-,-,-,-,-,-,-,-,0,0,0,0,-,-,-
19780303-2,Friday,03-MAR-1978,-,A1, Approach (APR),"5,2 km (3.3 mls) off  Punta Mulatos",Venezuela,47,47, Damaged beyond repair,-,Hawker Siddeley HS-748-283 Srs. 2A,-,-,1976,-,-, YV-45C, 1744,LAV,Domestic Scheduled Passenger,-,Caracas-Maiquetía Airport,CCS,SVMI,Venezuela,Cumaná Airport,CUM,SVCU,Venezuela,4,43,4,43,-,-,-
19780304-0,Saturday,04-MAR-1978,-,A1, Initial climb (ICL),3 km (1.9 mls) N of Petrozavodsk Airport (PES),Russia,7,7, Damaged beyond repair,-,Ilyushin Il-14,-,-,-,-,-, registration unknown,-,Soviet AF,Military,-,Petrozavodsk Airport,PES,ULPB,Russia,-,-,-,-,6,1,6,1,-,-,-
19780309-0,Thursday,09-MAR-1978,-,H2, Unknown (UNK),Hong Kong,Hong Kong,-,1, Unknown,-,Boeing 737-281,2,Pratt & Whitney JT8D-7,1969,-,-, B-1870, 20226/168,China Airlines,Unknown,-,Kaohsiung International Airport,KHH,RCKH,Taiwan,Hong Kong-Kai Tak International Airport,HKG,VHHH,Hong Kong,-,-,-,-,-,-,-
19780313-0,Monday,13-MAR-1978,-,H2, Unknown (UNK),"Memphis, Denver",United States of America,75,0, Unknown,-,Boeing 727,-,-,-,-,-, registration unknown,-,United Airlines,Domestic Scheduled Passenger,UA696,San Francisco International Airport,SFO,KSFO,United States of America,Seattle/Tacoma International Airport,SEA,KSEA,United States of America,-,-,0,0,-,-,-
19780315-0,Wednesday,15-MAR-1978,08:47,A1, Taxi (TXI),Reykjavík-Naval Air Station Keflavík (KEF),Iceland,17,0, Destroyed, Written off (damaged beyond repair),Lockheed EC-121T Super Constellation,-,-,1956,-,-, 55-0121, 4394,USAF,Military,-,Keflavík Naval Air Station,KEF,BIKF,Iceland,Keflavík Naval Air Station,KEF,BIKF,Iceland,16,1,0,0,-,-,-
19780315-1,Wednesday,15-MAR-1978,-,A1, Landing (LDG),Don Nok AFB,Thailand,-,0, Damaged beyond repair,-,Douglas C-47A-75-DL (DC-3),2,Pratt & Whitney R-1830-92,1944,-,-, L2-48/18, 19400,Thai AF,Military,-,-,-,-,-,-,-,-,-,-,-,0,0,-,-,Preliminary
19780316-0,Thursday,16-MAR-1978,13:52,A1, En route (ENR),near Gabare,Bulgaria,73,73, Damaged beyond repair,-,Tupolev Tu-134,-,-,1968,-,-, LZ-TUB, 8350501,Balkan Bulgarian,International Scheduled Passenger,-,Sofia-Vrazhdebna Airport,SOF,LBSF,Bulgaria,Warszawa-Okecie Airport,WAW,EPWA,Poland,7,66,7,66,-,-,-
19780316-1,Thursday,16-MAR-1978,-,A1, Takeoff (TOF),"Rio Branco, AC",Brazil,-,0, Damaged beyond repair,-,de Havilland Canada C-115 Buffalo (DHC-5),-,-,-,-,-, 2358, 28,Brazilian AF,Military,-,Rio Branco Airport,RBR,SBRB,Brazil,Cruzeiro do Sul-Campo Internacional Airport,CZS,SBCZ,Brazil,-,-,0,0,-,-,-
19780321-1,Tuesday,21-MAR-1978,01:45,A1, En route (ENR),"Elma, IA",United States of America,4,0, Damaged beyond repair,-,Convair CV-340-38,-,-,1953,-,-, N4807C,  84,Florida Aircraft Leasing,Domestic Non Scheduled Passenger,-,-,-,-,-,Minneapolis-St. Paul Metropolitan Airport/Wold-Chamberlain Field,MSP,KMSP,United States of America,2,2,0,0,-,-,Final
19780323-0,Thursday,23-MAR-1978,-,A1, Initial climb (ICL),off Grand Turk,Turks and Caicos Islands,3,1, Damaged beyond repair,-,Douglas DC-3R,-,-,1944,-,-, N1546A, 20191,Aircraft Modifications Inc,Unknown,-,Grand Turk Island Airport,GDT,MBJT,Turks and Caicos Islands,-,-,-,-,3,0,1,0,-,-,-
19780323-1,Thursday,23-MAR-1978,-,A1, Approach (APR),"22,5 km (14.1 mls) NE of Damascus",Syria,4,4, Damaged beyond repair,-,Tupolev Tu-154,-,-,1972,-,7800.0, LZ-BTB, 72A027,Balkan Bulgarian,Unknown,-,-,-,-,-,Damascus International Airport,DAM,OSDI,Syria,4,0,4,0,-,-,-
19780325-1,Saturday,25-MAR-1978,06:56,A1, Initial climb (ICL),ca 16 km N of Yangon-Mingaladon Airport (RGN),Myanmar,48,48, Damaged beyond repair,-,Fokker F-27 Friendship 200,-,-,1963,30355.0,28634.0, XY-ADK, 10235,Burma Airways,Domestic Scheduled Passenger,-,Yangon-Mingaladon Airport,RGN,VYYY,Myanmar,Myitkyina Airport,MYT,VYMK,Myanmar,4,44,4,44,-,-,-
19780330-0,Thursday,30-MAR-1978,-,A1, Unknown (UNK),at an unknown location,Unknown country,-,-, Damaged beyond repair,-,Antonov An-2R,-,-,-,-,-, SP-WNX, 1G155-30,ZUA,Unknown,-,-,-,-,-,-,-,-,-,-,-,-,-,-,-,-
19780330-1,Thursday,30-MAR-1978,22:50,A1, Landing (LDG),"Hollywood-Burbank Airport, CA (BUR)",United States of America,5,0, Damaged beyond repair,-,Learjet 23,-,-,1965,-,-, N133W, 23-021,National Jets,Domestic Non Scheduled Passenger,-,-,-,-,-,Hollywood-Burbank Airport,BUR,KBUR,United States of America,3,2,0,0,-,-,Final
19780331-0,Friday,31-MAR-1978,-,U1, Unknown (UNK),at an unknown location,Unknown country,-,-, Damaged beyond repair,-,Britten-Norman BN-2A Islander,-,-,1970,-,-, VH-EQK, 146,Unionair,Unknown,-,-,-,-,-,-,-,-,-,-,-,-,-,-,-,-
19780401-0,Saturday,01-APR-1978,14:30,A1, En route (ENR),Cienéga Unguía,Colombia,3,0, Damaged beyond repair,-,Convair CV-300,-,-,1949,-,-, N777DC, 141,Onyx Aviation,Cargo,-,-,-,-,-,-,-,-,-,3,0,0,0,-,-,-
19780401-1,Saturday,01-APR-1978,-,H2, Unknown (UNK),"Richmond, New York",United States of America,66,0, Unknown,-,Boeing 737-200,-,-,-,-,-, registration unknown,-,Piedmont Airlines,Domestic Scheduled Passenger,  66,Richmond International Airport (Byrd Field),RIC,KRIC,United States of America,Norfolk International Airport,ORF,KORF,United States of America,-,-,0,0,-,-,-
19780402-0,Sunday,02-APR-1978,-,A1, Landing (LDG),"São Paulo-Congonhas Airport, SP (CGH)",Brazil,44,0, Damaged beyond repair,-,Boeing 737-2A1,2,Pratt & Whitney JT8D-7,1974,-,-, PP-SMX, 20969/369,VASP,Scheduled Passenger,-,-,-,-,-,São Paulo-Congonhas Airport,CGH,SBSP,Brazil,7,37,0,0,-,-,-
19780402-1,Sunday,02-APR-1978,16:26,A1, Approach (APR),"Bethel, AK",United States of America,2,2, Damaged beyond repair,-,Dornier Do 28D-1 Skyservant,-,-,-,-,-, N21AS, 4004,Bush Air,Ferry/positioning,-,Bethel Airport,BET,PABE,United States of America,-,-,-,-,2,0,2,0,-,-,Final
19780404-0,Tuesday,04-APR-1978,-,A1, Takeoff (TOF),Muryuk,Russia,-,0, Damaged beyond repair,-,Antonov An-2T,-,-,1957,-,-, CCCP-13716, 19147320,Aeroflot / West Siberia,Unknown,-,-,-,-,-,-,-,-,-,-,-,0,0,-,-,-
19780404-1,Tuesday,04-APR-1978,18:07,A1, Takeoff (TOF),Charleroi-Gosselies Airport (CRL),Belgium,3,0, Destroyed, Written off (damaged beyond repair),Boeing 737-229C,2,Pratt & Whitney JT8D-15,1975,7424.0,6983.0, OO-SDH, 20914/396,Sabena,Training,-,Brussel-Zaventem Airport,BRU,EBBR,Belgium,Charleroi-Gosselies Airport,CRL,EBCI,Belgium,3,0,0,0,-,-,Final
19780404-2,Tuesday,04-APR-1978,-,A2, Landing (LDG),Köln/Bonn Airport (CGN),Germany,148,0, Substantial, Repaired,Convair CV-990-30A-6 Coronado,4,General Electric CJ805-23,1962,-,-, EC-CNG, 30-10-7,Spantax,Int'l Non Scheduled Passenger,-,Palma de Mallorca Airport,PMI,LEPA,Spain,Köln/Bonn Airport,CGN,EDDK,Germany,9,139,0,0,-,-,-
19780407-0,Friday,07-APR-1978,-,A1, Unknown (UNK),Rukuhot,Nepal,-,-, Damaged beyond repair,-,Shorts SC.7 Skyvan 3M-400,2,Garrett TPE331-2-201A,1971,-,-, RAN-15, SH.1898,Nepal Army,Military,-,-,-,-,-,-,-,-,-,-,-,-,-,-,-,-
19780408-0,Saturday,08-APR-1978,06:52,A1, Takeoff (TOF),Aldan Airport (ADH),Russia,17,0, Substantial, Written off (damaged beyond repair),Yakovlev Yak-40,3,Ivchenko AI-25,1977,301.0,422.0, CCCP-87911, 9731854,Aeroflot / Yakutsk,Domestic Scheduled Passenger,-,Aldan Airport,ADH,UEEA,Russia,Yakutsk Airport,YKS,UEEE,Russia,5,12,0,0,-,-,-
19780410-0,Monday,10-APR-1978,20:42,A1, Unknown (UNK),"San Jose, CA",United States of America,1,0, Damaged beyond repair,-,Britten-Norman BN-2A-21 Islander,-,-,1975,-,1226.0, N97JA, 447,DEC,Unknown,-,-,-,-,-,-,-,-,-,1,0,0,0,-,-,-
19780415-0,Saturday,15-APR-1978,-,A1, Unknown (UNK),"near Fort Irwin-Bicycle Lake AAF, CA (BYS)",United States of America,6,2, Damaged beyond repair,-,Lockheed C-130E Hercules,-,-,1963,-,-, 63-7787, 3854,USAF,Military,-,Fort Irwin-Bicycle Lake AAF,BYS,KBYS,United States of America,Fort Irwin-Bicycle Lake AAF,BYS,KBYS,United States of America,6,0,2,0,-,-,-
19780417-0,Monday,17-APR-1978,-,A1, Unknown (UNK),Uriman,Venezuela,2,2, Damaged beyond repair,-,de Havilland Canada DHC-6 Twin Otter 300,2,Pratt & Whitney Canada PT6A-27,1977,-,-, YV-30C, 526,LAV,Unknown,-,Uriman Airport,URM,SVUM,Venezuela,-,-,-,-,2,0,2,0,-,-,-
19780418-0,Tuesday,18-APR-1978,15:30,A1, Landing (LDG),North Caicos Airport (NCA),Turks and Caicos Islands,6,0, Damaged beyond repair,-,Douglas DC-4,-,-,1944,-,-, N88909, 10466,Panavia Cargo,Unknown,-,-,-,-,-,North Caicos Airport,NCA,MBNC,Turks and Caicos Islands,2,4,0,0,-,-,-
19780419-0,Wednesday,19-APR-1978,-,A1, Unknown (UNK),near Rzeszów,Poland,-,-, Damaged beyond repair,-,Antonov An-24V,-,-,1969,-,-, SP-LTN, 97305005,LOT,Training,-,-,-,-,-,-,-,-,-,-,-,-,-,-,-,-
19780420-1,Thursday,20-APR-1978,22:17,C1, En route (ENR),Korpijärvi Lake,Russia,109,2, Damaged beyond repair,-,Boeing 707-321B,4,Pratt & Whitney JT3D-3B,1967,-,-, HL7429, 19363/623,KAL,International Scheduled Passenger, 902,Paris-Charles de Gaulle Airport,CDG,LFPG,France,Anchorage International Airport,ANC,PANC,United States of America,12,97,0,2,-,-,-
19780425-0,Tuesday,25-APR-1978,-,A1, Unknown (UNK),Nordholz NAS,Germany,-,0, Damaged beyond repair,-,Breguet 1150 Atlantic,2,Rolls-Royce Tyne RTy.20 Mk 21,-,-,-, 61+07, 14,German Navy,Military,-,-,-,-,-,-,-,-,-,-,-,0,0,-,-,-
19780426-0,Wednesday,26-APR-1978,-,A1, Approach (APR),"32 km (20 mls) NE off  Terceira-Lajes AFB, Azores (LFB)",Portugal,7,7, Damaged beyond repair,-,Lockheed P-3B Orion,-,-,1966,-,-, 152724, 185-5164,US Navy,Military,-,Terceira-Lajes AFB,TER,LPLA,Portugal,Terceira-Lajes AFB,TER,LPLA,Portugal,7,0,7,0,-,-,-
19780428-0,Friday,28-APR-1978,14:50,A1, Approach (APR),"Sparrevohn Air Force Station, AK (SVW)",United States of America,7,7, Damaged beyond repair,-,Lockheed C-130E Hercules,-,-,1963,-,-, 63-7766, 3832,USAF,Military,-,Anchorage-Elmendorf AFB,EDF,PAED,United States of America,Sparrevohn Air Force Station,SVW,PASV,United States of America,5,2,5,2,-,-,-
19780429-0,Saturday,29-APR-1978,16:03,A1, Initial climb (ICL),ca 1 km NW of Bogotá-Eldorado Airport (BOG),Colombia,12,8, Destroyed, Written off (damaged beyond repair),Douglas C-118A (DC-6),-,-,1952,-,-, HK-1705, 43565/243,LAC Colombia,Domestic Non Scheduled Passenger,-,Bogotá-Eldorado Airport,BOG,SKBO,Colombia,Barranquilla-Soledad Airport,BAQ,SKBQ,Colombia,3,9,3,5,-,-,-
19780429-1,Saturday,29-APR-1978,15:48,A1, En route (ENR),"Flatwood, LA",United States of America,2,2, Damaged beyond repair,-,Rockwell 1121A Jet Commander,-,-,-,-,-, N250UA, 121,Universal Air Leasing,Executive,-,Lafayette Regional Airport,LFT,KLFT,United States of America,Tulsa International Airport,TUL,KTUL,United States of America,2,0,2,0,-,-,Final
19780430-0,Sunday,30-APR-1978,-,A1, Landing (LDG),"Miami International Airport, FL (MIA)",United States of America,-,0, Damaged beyond repair,-,Douglas DC-7CF,-,-,1957,-,-, N356AL, 45228/879,private,Unknown,-,-,-,-,-,Miami International Airport,MIA,KMIA,United States of America,-,-,0,0,-,-,-
19780501-0,Monday,01-MAY-1978,03:00,A1, En route (ENR),"near Durbin, FL",United States of America,3,3, Damaged beyond repair,-,Lockheed 18-56-23 Lodestar,-,-,1943,-,-, N9051, 18-2517,Private,Illegal Flight,-,Daytona Beach Regional Airport,DAB,KDAB,United States of America,-,-,-,-,2,1,2,1,-,-,Final
19780501-1,Monday,01-MAY-1978,-,A1, Unknown (UNK),near Ufa,Russia,-,0, Damaged beyond repair,-,Antonov An-2R,-,-,-,-,-, CCCP-01367, 1G45-16,Aeroflot / Privolzhsk,Unknown,-,-,-,-,-,-,-,-,-,-,-,0,0,-,-,-
19780505-1,Friday,05-MAY-1978,06:59,A1, Approach (APR),Paramaribo-Zanderij International Airport (PBM),Suriname,3,0, Damaged beyond repair,-,Douglas DC-6A,-,-,1955,-,-, N3493F, 44630/567,Surinam Airways,Cargo,-,Curaçao-Hato International Airport,CUR,TNCC,Curaçao,Paramaribo-Zanderij International Airport,PBM,SMJP,Suriname,3,0,0,0,-,-,-
19780506-0,Saturday,06-MAY-1978,-,H2, En route (ENR),Ashgabat,Turkmenistan,-,1, None,-,Ilyushin Il-18,-,-,-,-,-, registration unknown,-,Aeroflot,Domestic Scheduled Passenger,-,Ashgabat Airport,ASB,UTAA,Turkmenistan,Mineralnye Vody Airport,MRV,URMM,Russia,-,-,0,1,-,-,-
19780507-0,Sunday,07-MAY-1978,-,A1, En route (ENR),7 km (4.4 mls) N of Karnaukhovskiy,Russia,3,3, Damaged beyond repair,-,Antonov An-2R,-,-,1973,18033.0,4743.0, CCCP-70493, 1G144-04,Aeroflot / North Kavkaz,Illegal Flight,-,-,-,-,-,-,-,-,-,1,2,1,2,-,-,-
19780508-1,Monday,08-MAY-1978,21:20,A1, Approach (APR),"Escambia Bay, FL",United States of America,58,3, Damaged beyond repair,-,Boeing 727-235,3,Pratt & Whitney JT8D-7B,1968,-,26720.0, N4744, 19464/553,National Airlines,Domestic Scheduled Passenger, 193,Mobile Municipal Airport,MOB,KMOB,United States of America,Pensacola Regional Airport,PNS,KPNS,United States of America,6,52,0,3,-,-,Final
19780509-0,Tuesday,09-MAY-1978,-,O1, Standing (STD),at an unknown location,Nigeria,-,-, Damaged beyond repair,-,IRMA/Britten-Norman BN-2A-21 Defender,-,-,1976,-,-, OA-2, 795,Botswana AF,Military,-,-,-,-,-,-,-,-,-,-,-,-,-,-,-,-
19780510-0,Wednesday,10-MAY-1978,11:30,A1, Initial climb (ICL),"Del Rio, TX",United States of America,3,3, Damaged beyond repair,-,de Havilland Canada DHC-3 Otter,-,-,1959,-,-, N5370G, 343,Unknown,Unknown,-,Del Rio International Airport,DRT,KDRT,United States of America,Alamogordo Municipal Airport,ALM,KALM,United States of America,1,2,1,2,-,-,Final
19780510-1,Wednesday,10-MAY-1978,-,H2, Unknown (UNK),Frankfurt,Germany,-,0, Unknown,-,Ilyushin Il-18,-,-,-,-,-, registration unknown,-,CSA,Unknown,-,Praha-Ruzyne International Airport,PRG,LKPR,Czech Republic,Brno Turany Airport,BRQ,LKTB,Czech Republic,-,-,0,0,-,-,-
19780511-0,Thursday,11-MAY-1978,-,H2, En route (ENR),Curaçao-Dr. Albert Plesman Airport (CUR),Curaçao,119,0, None,-,Boeing 727-59,-,-,1966,-,-, HK-727, 19127/243,Avianca,Domestic Scheduled Passenger,AV163,Santa Marta-Simón Bolívar Airport,SMR,SKSM,Colombia,Bogotá-Eldorado Airport,BOG,SKBO,Colombia,6,113,0,0,-,-,-
19780512-0,Friday,12-MAY-1978,15:30,A1, En route (ENR),"Shippingport, PA",United States of America,3,0, Damaged beyond repair,-,Convair CV-440-86,-,-,1957,-,-, N9302, 416,Argosy Airlines,Ferry/positioning,-,-,-,-,-,Fort Lauderdale International Airport,FLL,KFLL,United States of America,3,0,0,0,-,-,Final
19780516-0,Tuesday,16-MAY-1978,-,H2, Unknown (UNK),Mexico City,Mexico,99,0, Unknown,-,McDonnell Douglas DC-9-32,-,-,-,-,-, registration unknown,-,Aeroméxico,Domestic Scheduled Passenger, 201,Torreón Airport,TRC,MMTC,Mexico,Mexico City International Airport,MEX,MMMX,Mexico,6,93,0,0,-,-,-
19780517-0,Wednesday,17-MAY-1978,07:40,A1, Approach (APR),Kingston-Up Park Camp Air Base,Jamaica,2,2, Damaged beyond repair,-,de Havilland Canada DHC-6 Twin Otter 300,2,Pratt & Whitney Canada PT6A-27,1977,-,-, JDFT-6, 531,Jamaica AF,Military,-,-,-,-,-,-,-,-,-,2,0,2,0,-,-,-
19780517-1,Wednesday,17-MAY-1978,-,H2, Unknown (UNK),Prague,Czech Republic,-,0, Unknown,-,Yakovlev Yak-40,3,Ivchenko AI-25,-,-,-, registration unknown,-,CSA,Unknown,-,Brno Turany Airport,BRQ,LKTB,Czech Republic,Praha-Ruzyne International Airport,PRG,LKPR,Czech Republic,-,-,0,0,-,-,-
19780517-2,Wednesday,17-MAY-1978,-,A1, Unknown (UNK),Takaoka,Japan,-,13, Damaged beyond repair,-,Shin Meiwa PS-1,-,-,-,-,-, 5812, 1012,Japanese Navy,Military,-,-,-,-,-,-,-,-,-,-,-,-,-,-,-,-
19780518-2,Thursday,18-MAY-1978,12:10,A1, Approach (APR),"6 km (3.8 mls) W of Memphis International Airport, TN (MEM)",United States of America,4,4, Damaged beyond repair,-,Dassault Falcon 20C,-,-,1965,-,-, N121GW, 4,Flight Safety International,Training,-,Memphis International Airport,MEM,KMEM,United States of America,Memphis International Airport,MEM,KMEM,United States of America,4,0,4,0,2,-,Final
19780519-1,Friday,19-MAY-1978,12:12,A1, En route (ENR),Badkhalsa,India,8,8, Damaged beyond repair,-,Douglas C-47A-45-DL (DC-3),2,Pratt & Whitney R-1830-92,1943,-,-, VT-DEU, 9952,India CAA,Test,-,Delhi-Palam Airport,DEL,VIDP,India,Delhi-Palam Airport,DEL,VIDP,India,3,5,3,5,-,-,Final
19780519-2,Friday,19-MAY-1978,13:43,A1, En route (ENR),"5 km (3.1 mls) SE of Maksatiha, Tver region",Russia,134,4, Damaged beyond repair,-,Tupolev Tu-154B,3,Kuznetsov NK-8-2U,1976,1567.0,3308.0, CCCP-85169, 76A169,Aeroflot / Azerbaijan,Domestic Scheduled Passenger,6709,Baku-Bina International Airport,BAK,UBBB,Azerbaijan,Leningrad-Pulkovo Airport,LED,ULLI,Russia,8,126,0,4,-,-,-
19780521-1,Sunday,21-MAY-1978,-,A1, Maneuvering (MNV),"Snow Lake, MB",Canada,2,2, Damaged beyond repair,-,Canadian Vickers PBV-1A Canso (PBY-5A),-,-,1944,-,-, CF-NTL, CV-383,Flying Firemen,Fire fighting,-,-,-,-,-,-,-,-,-,2,0,2,0,-,-,-
19780523-0,Tuesday,23-MAY-1978,-,A1, Takeoff (TOF),within Beni Department,Bolivia,5,3, Damaged beyond repair,-,Douglas C-118A (DC-6),-,-,1952,-,-, CP-1338, 43566/244,Transportes Aéreos Bolivar,Unknown,-,-,-,-,-,-,-,-,-,-,-,-,-,-,-,-
19780523-1,Tuesday,23-MAY-1978,18:55,A1, En route (ENR),"near Kladkovo, Yegoryevsk District",Russia,8,2, Damaged beyond repair,-,Tupolev Tu-144D,4,Kolesov RD-36-51A,1978,5.0,9.0, CCCP-77111, 10062,Tupolev,Test,-,Moskva-Zhukovsky (Ramenskoye) Airport,ZIA,UUBW,Russia,Moskva-Zhukovsky (Ramenskoye) Airport,ZIA,UUBW,Russia,8,0,2,0,-,-,-
19780525-0,Thursday,25-MAY-1978,07:55,A1, Takeoff (TOF),"Miami International Airport, FL (MIA)",United States of America,6,0, Damaged beyond repair,-,Convair CV-880-22-2,-,-,1962,-,-, N8815E, 22-00-63,Groth Air,Executive,-,Miami International Airport,MIA,KMIA,United States of America,Sint Maarten-Juliana Airport,SXM,TNCM,Sint Maarten,3,3,0,0,-,-,Final
19780526-0,Friday,26-MAY-1978,-,A1, Approach (APR),"near Winnipeg, MB",Canada,3,0, Damaged beyond repair,-,Rockwell 1121 Jet Commander,-,-,-,-,-, C-FEYG, 81,Comstock International,Unknown,-,-,-,-,-,Winnipeg International Airport,YWG,CYWG,Canada,2,1,0,0,-,-,-
