identifiant,week_day,date,time,type_event,phase,location,country,total_occupants,total_fatalities,aircraft_damage,aircraft_fate,type_aircraft,number_engines,type_engines,first_flight,cycles,total_airframe_hours,registration,c_n_msn,operator,nature,flight_number,departure_airport_name,departure_airport_IATA,departure_airport_ICAO,departure_airport_country,destination_airport_name,destination_airport_IATA,destination_airport_ICAO,destination_airport_country,crew_number,passengers_number,crew_fatalities,passengers_fatalities,collision_casualties,ground_casualties,status
20100102-0,Saturday,02-JAN-2010,-,A1, Landing (LDG),Kinshasa-N'Djili Airport (FIH),Democratic Republic of the Congo,3,0, Substantial, Written off (damaged beyond repair),Boeing 727-231F Super 27,3,Pratt & Whitney JT8D-219,1980,-,-, 9Q-CAA, 21986/1580, CAA,Cargo,-,Kinshasa-N'Djili Airport,FIH,FZAA,Democratic Republic of the Congo,-,-,-,-,3,0,0,0,-,-,Preliminary
20100102-1,Saturday,02-JAN-2010,15:21,A2, Landing (LDG),"Somerset-Lake Cumberland Regional Airport, KY (SME)",United States of America,3,0, Substantial, Repaired,Swearingen SA227-AC Metro III,2,Garrett TPE331-11U,1982,-,25998.0, N227ML, AC-472,Locair,Domestic Scheduled Passenger, 151,Baltimore/Washington International Thurgood Marshall Airport,BWI,KBWI,United States of America,Somerset-Lake Cumberland Regional Airport,SME,KSME,United States of America,2,1,0,0,-,-,Final
20100104-0,Monday,04-JAN-2010,09:10,A1, Landing (LDG),Heglig Airport,Sudan,6,0, Damaged beyond repair,-,Antonov An-12BK,4,Ivchenko AI-20M,1969,-,36190.0, ST-AQQ, 9346504,El Magal Aviation,Cargo, 100,Khartoum-Civil Airport,KRT,HSSS,Sudan,-,-,-,-,6,0,0,0,-,-,Final
20100105-0,Tuesday,05-JAN-2010,13:30,A1, Approach (APR),"ca 2,5 km S of Chicago-Executive Airport, IL (PWK)",United States of America,2,2, Destroyed, Written off (damaged beyond repair),Learjet 35A,2,Garrett TFE731-2-2B,1977,-,-, N720RA, 35A-156,Royal Air Freight,Ferry/positioning,-,Pontiac-Oakland County International Airport,PTK,KPTK,United States of America,Chicago-Executive Airport,PWK,KPWK,United States of America,2,0,2,0,-,-,Final
20100106-0,Wednesday,06-JAN-2010,-,A2, Takeoff (TOF),"Piajo Airstrip, Chief's Island, Okavango Delta",Botswana,6,0, Substantial, Repaired,Cessna 208B Grand Caravan,1,Pratt & Whitney Canada PT6A-114A,1997,-,-, A2-AKG, 208B0573,Mack Air,Domestic Non Scheduled Passenger,-,-,-,-,-,Maun Airport,MUB,FBMN,Botswana,1,5,0,0,-,-,Preliminary
20100106-1,Wednesday,06-JAN-2010,07:41,A2, Landing (LDG),"Kearney Regional Airport, NE (EAR)",United States of America,1,0, Substantial, Repaired,Beechcraft C99 Commuter,2,Pratt & Whitney Canada PT6A-60A,1983,-,-, N206AV, U-206,Ameriflight,Cargo,-,Omaha-Eppley Airfield,OMA,KOMA,United States of America,Kearney Regional Airport,EAR,KEAR,United States of America,1,0,0,0,-,-,Final
20100107-0,Thursday,07-JAN-2010,11:45,O1, Standing (STD),Nassau-Lynden Pindling International Airport (NAS),Bahamas,2,0, Substantial, Written off (damaged beyond repair),Saab 340A,2,General Electric CT7-5A2,1987,-,-, C6-SBE, 340A-099,SkyBahamas Airlines,Domestic Scheduled Passenger,-,Nassau-Lynden Pindling International Airport,NAS,MYNN,Bahamas,Marsh Harbour International Airport,MHH,MYAM,Bahamas,2,0,0,0,-,-,Preliminary
20100108-0,Friday,08-JAN-2010,12:25,A2, Takeoff (TOF),"Vail-Eagle County Airport, CO (EGE)",United States of America,7,0, Substantial,-,Dassault Falcon 20C,-,-,1968,-,-, XA-PCC, 159,Aerotaxis Dos Mil,Executive,-,Vail-Eagle County Airport,EGE,KEGE,United States of America,Chihuahua-Gen Fierro Villalobos Airport,CUU,MMCU,Mexico,2,5,0,0,-,-,Final
20100110-0,Sunday,10-JAN-2010,09:30,A2, Landing (LDG),"Newark-Liberty International Airport, NJ (EWR)",United States of America,53,0, Substantial, Repaired,Airbus A319-131,2,IAE V2522-A5,1998,-,39679.0, N816UA, 871,United Airlines,Domestic Scheduled Passenger,UA634,Chicago-O'Hare International Airport,ORD,KORD,United States of America,Newark-Liberty International Airport,EWR,KEWR,United States of America,5,48,0,0,-,-,Final
20100113-0,Wednesday,13-JAN-2010,-,A1, Landing (LDG),Moba Airport (BDV),Democratic Republic of the Congo,22,0, Substantial, Written off (damaged beyond repair),de Havilland Canada DHC-8-102,2,Pratt & Whitney Canada PW120A,1988,-,-, 5Y-EMD, 110,CMC Aviation,Int'l Non Scheduled Passenger,-,-,-,-,-,Moba Airport,BDV,FZRB,Democratic Republic of the Congo,4,18,0,0,-,-,Preliminary
20100114-0,Thursday,14-JAN-2010,06:45,A1, En route (ENR),"Beagle Bay Airport, WA (BEE)",Australia,1,0, Substantial, Written off (damaged beyond repair),Cessna 208B Grand Caravan,1,Pratt & Whitney Canada PT6A-114A,1997,-,-, VH-NTQ, 208B0635,Broome Aviation,Cargo,-,Broome Airport,BME,YBRM,Australia,-,-,-,-,1,0,0,0,-,-,Final
20100119-0,Tuesday,19-JAN-2010,07:15,A1, Landing (LDG),"Sioux Gateway Airport, IA (SUX)",United States of America,4,0, Substantial, Written off (damaged beyond repair),Beechcraft B200 Super King Air,2,Pratt & Whitney Canada PT6A-42,1985,-,10304.0, N586BC, BB-1223,Blue Cross and Blue Shield of Iowa,Executive,-,Des Moines Airport,DSM,KDSM,United States of America,Sioux Gateway Airport,SUX,KSUX,United States of America,2,2,0,0,-,-,Final
20100121-0,Thursday,21-JAN-2010,12:24,A2, Landing (LDG),Tijuana-Rodriguez Airport (TIJ),Mexico,39,0, Substantial, Repaired,Embraer EMB-145LU (ERJ-145LU),2,Allison AE3007A1/2,2000,-,-, XA-WAC, 145255,Aeroméxico Connect,Domestic Scheduled Passenger,2051,Hermosillo-Gen Pesqueira Garcia Airport,HMO,MMHO,Mexico,Tijuana-Rodriguez Airport,TIJ,MMTJ,Mexico,3,36,0,0,-,-,Preliminary
20100121-1,Thursday,21-JAN-2010,23:45,A1, Initial climb (ICL),"1,6 km (1 mls) N off  Sand Point Municipal Airport, AK (SDP)",United States of America,2,2, Destroyed, Written off (damaged beyond repair),Beechcraft 1900C-1,2,Pratt & Whitney Canada PT6A-65B,1988,45158.0,56184.0, N112AX, UC-45,ACE Air Cargo,Cargo,  22,Sand Point Municipal Airport,SDP,PASD,United States of America,Anchorage-Ted Stevens International Airport,ANC,PANC,United States of America,2,0,2,0,-,-,Final
20100121-2,Thursday,21-JAN-2010,12:53,A2, Landing (LDG),Luxembourg-Findel Airport (LUX),Luxembourg,3,0, Minor, Repaired,Boeing 747-4R7F,4,Rolls-Royce RB211-524H2,1999,10512.0,55967.0, LX-OCV, 29731/1222,Cargolux,Cargo, 793,Barcelona-El Prat Airport,BCN,LEBL,Spain,Luxembourg-Findel Airport,LUX,ELLX,Luxembourg,2,1,0,0,-,-,Final
20100124-0,Sunday,24-JAN-2010,07:20,A1, Landing (LDG),Mashhad Airport (MHD),Iran,170,0, Destroyed, Written off (damaged beyond repair),Tupolev Tu-154M,3,Soloviev D-30KU-154-II,1993,-,-, RA-85787, 93A971,Kolavia,Domestic Scheduled Passenger,6437,Isfahan-Shahid Beheshti Airport,IFN,OIFM,Iran,Mashhad Airport,MHD,OIMM,Iran,13,157,0,0,-,-,Preliminary
20100125-0,Monday,25-JAN-2010,02:41,A1, Initial climb (ICL),11 km (6.9 mls) SW off  Beirut International Airport (BEY),Lebanon,90,90, Destroyed, Written off (damaged beyond repair),Boeing 737-8AS (WL),2,CFMI CFM56-7B27,2002,17823.0,26459.0, ET-ANB, 29935/1061,Ethiopian Airlines,International Scheduled Passenger,ET409,Beirut International Airport,BEY,OLBA,Lebanon,Addis Ababa-Bole Airport,ADD,HAAB,Ethiopia,8,82,8,82,-,-,Final
20100125-1,Monday,25-JAN-2010,14:30,A1, Approach (APR),"4 km (2.5 mls) E of Senador José Porfírio-Wilma Rebelo Airfield, PA",Brazil,10,2, Substantial, Written off (damaged beyond repair),Embraer EMB-110C Bandeirante,2,Pratt & Whitney Canada PT6A-27,1976,-,-, PT-TAF, 110103,Piquiatuba Táxi Aéreo,Domestic Non Scheduled Passenger,-,Belém/Val-de-Cans International Airport,BEL,SBBE,Brazil,-,-,-,-,2,8,1,1,-,-,Final
20100125-2,Monday,25-JAN-2010,-,A1, Landing (LDG),Waterkloof Air Force Base (WKF),South Africa,-,0, Substantial,-,Lockheed C-130B Hercules,-,-,1963,-,-, 404, 3764,South African AF,Military,-,Waterkloof Air Force Base,WKF,FAWK,South Africa,Waterkloof Air Force Base,WKF,FAWK,South Africa,-,-,0,0,-,-,-
20100128-0,Thursday,28-JAN-2010,11:38,A1, Initial climb (ICL),near Cotabato-Awang Airport (CBO),Philippines,8,8, Destroyed, Written off (damaged beyond repair),GAF Nomad N.22B,-,-,1975,-,-, 18, N22B-18,Philippine AF,Military,-,Cotabato-Awang Airport,CBO,RPMC,Philippines,Zamboanga Airport,ZAM,RPMZ,Philippines,2,6,2,6,-,1,Preliminary
20100128-1,Thursday,28-JAN-2010,-,O1, Standing (STD),Coventry-Baginton Airport (CVT),United Kingdom,0,0, Damaged beyond repair,-,Lockheed L-188CF Electra,4,Allison 501-D13A,1960,-,-, G-LOFB, 1131,Atlantic Airlines,-,-,-,-,-,-,-,-,-,-,0,0,0,0,-,-,-
20100128-2,Thursday,28-JAN-2010,12:51,A2, Landing (LDG),Wamena Airport (WMX),Indonesia,3,0, Substantial, Repaired,Antonov An-26B,2,Ivchenko AI-24VT,1982,-,16795.0, 4L-IFE, 12703,Aquiline International,Cargo,-,Jayapura-Sentani Airport,DJJ,WAJJ,Indonesia,Wamena Airport,WMX,WAJW,Indonesia,3,0,0,0,-,-,Preliminary - official
20100131-0,Sunday,31-JAN-2010,15:13,A1, Landing (LDG),Luanda-Quatro de Fevereiro Airport (LAD),Angola,37,0, Substantial, Written off (damaged beyond repair),Yakovlev Yak-40,-,-,1973,-,-, D2-FES, 9341431,Guicango,Domestic Scheduled Passenger,-,Cabinda Airport,CAB,FNCA,Angola,Luanda-4 de Fevereiro Airport,LAD,FNLU,Angola,3,34,0,0,-,-,Preliminary
20100202-0,Tuesday,02-FEB-2010,-,A2, En route (ENR),Mazar-I-Sharif Airport (MZR),Afghanistan,4,0, Substantial,-,Lockheed C-130E Hercules,4,Allison T56-A-7,1974,-,-, 1506, 4527,Polish AF,Military,-,-,-,-,-,-,-,-,-,4,0,0,0,-,-,Preliminary
20100204-0,Thursday,04-FEB-2010,07:32,A2, Takeoff (TOF),Yakutsk Airport (YKS),Russia,38,0, Substantial, Repaired,Antonov An-24RV,2,Ivchenko AI-24VT,1977,9230.0,22261.0, RA-47360, 67310704,Yakutia Airlines,Domestic Scheduled Passenger, 425,Yakutsk Airport,YKS,UEEE,Russia,-,-,-,-,4,34,0,0,-,-,Final
20100206-0,Saturday,06-FEB-2010,08:00,O1, Standing (STD),"Washington-Dulles International Airport, DC (IAD)",United States of America,0,0, Damaged beyond repair,-,Bombardier BD-700-1A10 Global Express,-,-,1999,-,-, N400GX, 9037,Churchill Aviation,-,-,-,-,-,-,-,-,-,-,0,0,0,0,-,-,- (No safety board investigation)
20100206-1,Saturday,06-FEB-2010,08:00,O1, Standing (STD),"Washington-Dulles International Airport, DC (IAD)",United States of America,0,0, Damaged beyond repair,-,Dassault Falcon 2000EX,-,-,2007,-,-, N62YC, 119,Vesey Air,-,-,-,-,-,-,-,-,-,-,0,0,0,0,-,-,- (No safety board investigation)
20100206-2,Saturday,06-FEB-2010,08:00,O1, Standing (STD),"Washington-Dulles International Airport, DC (IAD)",United States of America,0,0, Damaged beyond repair,-,Dassault Falcon 900EX,-,-,2003,-,-, N106RW, 120,MMRB Services,-,-,-,-,-,-,-,-,-,-,0,0,0,0,-,-,- (No safety board investigation)
20100206-3,Saturday,06-FEB-2010,08:00,O1, Standing (STD),"Washington-Dulles International Airport, DC (IAD)",United States of America,0,0, Damaged beyond repair,-,Beechcraft Beechjet 400A,2,Pratt & Whitney Canada JT15D-5,1992,-,-, N109CP, RK-47,THV Seminars,-,-,-,-,-,-,-,-,-,-,0,0,0,0,-,-,- (No safety board investigation)
20100206-4,Saturday,06-FEB-2010,08:00,O1, Standing (STD),"Washington-Dulles International Airport, DC (IAD)",United States of America,0,0, Damaged beyond repair,-,Hawker 800XP,2,Honeywell TFE731-SER,2004,-,-, N800LA, 258679,BAE Survivability Systems,-,-,-,-,-,-,-,-,-,-,0,0,0,0,-,-,- (No safety board investigation)
20100206-5,Saturday,06-FEB-2010,08:00,O1, Standing (STD),"Washington-Dulles International Airport, DC (IAD)",United States of America,0,0, Damaged beyond repair,-,Cessna 208B Super Cargomaster,1,Pratt & Whitney Canada PT6A-114A,1995,-,-, N708FX, 208B0429,FedEx,-,-,-,-,-,-,-,-,-,-,0,0,0,0,-,-,- (No safety board investigation)
20100206-6,Saturday,06-FEB-2010,08:00,O1, Standing (STD),"Washington-Dulles International Airport, DC (IAD)",United States of America,0,0, Damaged beyond repair,-,Bombardier BD-700-1A10 Global Express,-,-,2000,-,-, N620K, 9052,Eastman Kodak,-,-,-,-,-,-,-,-,-,-,0,0,0,0,-,-,- (No safety board investigation)
20100206-7,Saturday,06-FEB-2010,08:00,O1, Standing (STD),"Washington-Dulles International Airport, DC (IAD)",United States of America,0,0, Damaged beyond repair,-,Bombardier BD-700-1A10 Global Express XRS,-,-,2005,-,-, N528JR, 9177,Joluk Air,-,-,-,-,-,-,-,-,-,-,0,0,0,0,-,-,- (No safety board investigation)
20100206-8,Saturday,06-FEB-2010,19:25,A2, Landing (LDG),Grenoble-Saint Geoirs Airport (GNB),France,133,0, Substantial, Repaired,McDonnell Douglas MD-81,2,Pratt & Whitney JT8D-217C,1991,-,-, OY-KHP, 53007/1882,SAS,Int'l Non Scheduled Passenger,-,København-Kastrup Airport,CPH,EKCH,Denmark,Grenoble-Saint Geoirs Airport,GNB,LFLS,France,6,127,0,0,-,-,Final
20100211-0,Thursday,11-FEB-2010,11:50,A1, Landing (LDG),33 km (20.6 mls) NE of Balikpapan-Sepingan Airport (BPN),Indonesia,52,0, Substantial, Written off (damaged beyond repair),ATR 42-300,2,Pratt & Whitney Canada PW121,1987,42107.0,34414.0, PK-YRP, 050,Trigana Air Service,Domestic Scheduled Passenger, 162,Tanjung Redep/Berau-Kalimaru Airport,BEJ,WALK,Indonesia,Samarinda Airport,SRI,WALS,Indonesia,6,46,0,0,-,-,Final
20100211-1,Thursday,11-FEB-2010,20:42,A1, Landing (LDG),Monterrey-Gen Mariano Escobedo Airport (MTY),Mexico,96,0, Substantial, Written off (damaged beyond repair),Fokker 100,2,Rolls-Royce Tay 650-15,1991,-,-, XA-SHJ, 11319,MexicanaClick,Domestic Scheduled Passenger,7222,Mexico City-Benito Juárez International Airport,MEX,MMMX,Mexico,Nuevo Laredo-Quetzalcoatl International Airport,NLD,MMNL,Mexico,4,92,0,0,-,-,Preliminary - official
20100214-0,Sunday,14-FEB-2010,20:20,A1, En route (ENR),"4,5 km (2.8 mls) SW of Reinhardtsdorf-Schöna",Germany,2,2, Destroyed, Written off (damaged beyond repair),Cessna 550B Citation Bravo,2,Pratt & Whitney Canada PW530A,2005,1686.0,1830.0, OK-ACH, 550-1111,Time Air,Ferry/positioning, 039C,Praha-Ruzyne International Airport,PRG,LKPR,Czech Republic,Karlstad Airport,KSD,ESOK,Sweden,2,0,2,0,-,-,Final
20100217-0,Wednesday,17-FEB-2010,16:57,A2, En route (ENR),"near Kwigillingok Airport, AK (KWK)",United States of America,8,0, Substantial, Repaired,Cessna 208B Grand Caravan,1,Pratt & Whitney Canada PT6A-114A,2000,-,-, N207DR, 208B0859,Grant Aviation,Domestic Scheduled Passenger,-,Kwigillingok Airport,KWK,PAGG,United States of America,Kipnuk Airport,KPN,PAKI,United States of America,1,7,0,0,-,-,Final
20100217-1,Wednesday,17-FEB-2010,18:07,A2, Landing (LDG),"São Paulo-Campo de Marte Airport, SP",Brazil,4,0, Minor, Repaired,Embraer EMB-500 Phenom 100,-,-,2009,-,-, PR-UUT, 50000093,Air Minas Linhas Aéreas,Private,-,Brasília-Presidente Juscelino Kubitschek International Airport,BSB,SBBR,Brazil,-,-,-,-,1,3,0,0,-,-,Final
20100218-0,Thursday,18-FEB-2010,18:41,A2, Approach (APR),"Sacramento International Airport, CA (SMF)",United States of America,1,0, Substantial, Repaired,Cessna 208B Super Cargomaster,1,Pratt & Whitney Canada PT6A-114A,1990,-,-, N892FE, 208B0222,FedEx,Cargo,-,Arcata Airport,ACV,KACV,United States of America,Sacramento International Airport,SMF,KSMF,United States of America,1,0,0,0,-,-,Final
20100224-0,Wednesday,24-FEB-2010,00:57,A2, En route (ENR),near London Gatwick Airport (LGW),United Kingdom,2,0, Substantial, Repaired,de Havilland Canada DHC-6 Twin Otter 300,2,Pratt & Whitney Canada PT6A-27,1969,-,-, C-FAKB, 273,Flightline Investments,Ferry/positioning,-,Birmingham International Airport,BHX,EGBB,United Kingdom,Dubrovnik Airport,DBV,LDDU,Croatia,2,0,0,0,-,-,Final
20100301-0,Monday,01-MAR-2010,-,A1, Landing (LDG),Bagram Air Base (BPM),Afghanistan,6,0, Substantial, Written off (damaged beyond repair),Airbus A300B4-203F,2,General Electric CF6-50C2,1980,-,-, TC-ACB, 121,ACT Airlines,Cargo,-,Bahrain International Airport,BAH,OBBI,Bahrain,Bagram Air Base,BPM,OAIX,Afghanistan,5,1,0,0,-,-,Preliminary
20100301-1,Monday,01-MAR-2010,07:45,A1, Landing (LDG),Mwanza Airport (MWZ),Tanzania,52,0, Damaged beyond repair,-,Boeing 737-247,2,Pratt & Whitney JT8D-15A (HK3),1987,-,-, 5H-MVZ, 23602/1347,Air Tanzania,Domestic Scheduled Passenger, 100,Dar es Salaam Julius Nyerere International Airport,DAR,HTDA,Tanzania,Mwanza Airport,MWZ,HTMW,Tanzania,7,45,0,0,-,-,Preliminary
20100304-0,Thursday,04-MAR-2010,-,A1, Landing (LDG),Bossaso Airport (BSA),Somalia,-,0, Damaged beyond repair,-,Fokker F-27 Friendship 300M,2,Rolls-Royce Dart 514-7,1960,-,-, 5Y-BRN, 10155,Safe Air Company,Cargo,-,-,-,-,-,Bosaso-Bender Qassim International Airport,BSA,HCMF,Somalia,-,-,0,0,-,-,Preliminary
20100307-0,Sunday,07-MAR-2010,15:35,A1, Takeoff (TOF),"Manaus-Eduardo Gomes International Airport, AM (MAO)",Brazil,6,0, Damaged beyond repair,-,Learjet 35A,-,-,1981,-,-, PT-LJK, 35-372,Líder Táxi Aéreo,Ambulance,-,Manaus-Eduardo Gomes International Airport,MAO,SBEG,Brazil,-,-,-,-,2,4,0,0,-,-,Final
20100312-0,Friday,12-MAR-2010,14:30,A2, Landing (LDG),Port Harcourt Airport (PHC),Nigeria,52,0, Damaged beyond repair,-,Alenia G-222,-,-,-,-,-, NAF 950, 4070,Nigerian AF,Military,-,Abuja International Airport,ABV,DNAA,Nigeria,Port Harcourt Airport,PHC,DNPO,Nigeria,5,47,0,0,-,-,Preliminary
20100315-0,Monday,15-MAR-2010,12:43,A1, Takeoff (TOF),"Kodiak Airport, AK (ADQ)",United States of America,3,0, Damaged beyond repair,-,Britten-Norman BN-2A-21 Islander,2,Lycoming IO-540-K1B5,1967,-,-, N663SA, 4,Servant Air,Domestic Scheduled Passenger, 501,Kodiak Airport,ADQ,PADQ,United States of America,-,-,-,-,1,2,0,0,-,-,Final
20100318-0,Thursday,18-MAR-2010,10:16,A1, Landing (LDG),"ca 0,3 km W of Tallinn-Ülemiste Airport (TLL)",Estonia,6,0, Substantial, Written off (damaged beyond repair),Antonov An-26B,2,Ivchenko AI-24VT,1980,-,25941.0, SP-FDO, 10503,EXIN,Cargo,EXN3589,Helsinki-Vantaa Airport,HEL,EFHK,Finland,Tallinn-Ülemiste Airport,TLL,EETN,Estonia,6,0,0,0,-,-,Final
20100321-0,Sunday,21-MAR-2010,-,A1, Landing (LDG),"Jeffersonville-Clark Regional Airport, IN (JVY)",United States of America,-,0, Substantial, Written off (damaged beyond repair),Learjet 35A,2,Garrett TFE731-2-2B,1982,-,-, N376HA, 35A-477,Bluegrass Aviation Partners,Unknown,-,Lexington-Blue Grass Airport,LEX,KLEX,United States of America,Jeffersonville-Clark Regional Airport,JVY,KJVY,United States of America,-,-,0,0,-,-,- (No safety board investigation)
20100322-0,Monday,22-MAR-2010,10:09,A1, Initial climb (ICL),"Darwin Airport, NT (DRW)",Australia,2,2, Destroyed, Written off (damaged beyond repair),Embraer EMB-120ER Brasilia,2,Pratt & Whitney Canada PW118A,1988,33700.0,32799.0, VH-ANB, 120116,Airnorth,Training,-,Darwin Airport,DRW,YPDN,Australia,Darwin Airport,DRW,YPDN,Australia,2,0,2,0,-,-,Final
20100322-1,Monday,22-MAR-2010,02:35,A1, Approach (APR),2 km (1.3 mls) N of Moskva-Domodedovo Airport (DME),Russia,8,0, Destroyed, Written off (damaged beyond repair),Tupolev Tu-204-100,2,Soloviev PS-90A,1993,4795.0,18335.0, RA-64011, 14507413640,Aviastar-TU,Ferry/positioning,1906,Hurghada Airport,HRG,HEGN,Egypt,Moskva-Domodedovo Airport,DME,UUDD,Russia,8,0,0,0,-,-,Final
20100324-0,Wednesday,24-MAR-2010,03:07,A2, Landing (LDG),"Moncton/Greater Moncton International Airport, NB (YQM)",Canada,3,0, Minor, Repaired,Boeing 727-225F,3,Pratt & Whitney JT8D-15 (HK3),1979,-,-, C-GCJZ, 21854/1532,Cargojet Airways,Cargo, 620,Hamilton-John Munro International Airport,YHM,CYHM,Canada,Moncton/Greater Moncton International Airport,YQM,CYQM,Canada,3,0,0,0,-,-,Final
20100328-0,Sunday,28-MAR-2010,14:40,A2, Landing (LDG),Wajir Airport (WJR),Kenya,2,0, Substantial, Repaired,Beechcraft 200C Super King Air,2,Pratt & Whitney Canada PT6A-41,1980,-,-, 5Y-BLA, BL-10,Aircraft Leasing Services,Ferry/positioning,-,Mogadishu International Airport,MGQ,HCMM,Somalia,Wajir Airport,WJR,HKWJ,Kenya,2,0,0,0,-,-,Final
20100330-0,Tuesday,30-MAR-2010,14:00,A1, Takeoff (TOF),Ivanovo-Severny Air Base,Russia,-,0, Substantial, Written off (damaged beyond repair),Antonov An-74,2,Lotarev D-36,2004,-,-, RA-74017, 47195015,Polartrans,Unknown,-,-,-,-,-,-,-,-,-,-,-,0,0,-,-,Preliminary
20100401-0,Thursday,01-APR-2010,13:00,A1, Landing (LDG),Huatulco-Bahías de Huatulco International Airport (HUX),Mexico,6,0, Damaged beyond repair,-,Learjet 25XR,-,-,1977,-,-, XA-UNC, 25-222,Aero Ermes,Executive,-,Oaxaca Airport,OAX,MMOX,Mexico,Huatulco-Bahías de Huatulco International Airport,HUX,MMBT,Mexico,2,4,0,0,-,-,-
20100410-0,Saturday,10-APR-2010,10:41,A1, Approach (APR),ca 1 km E of Smolensk Air Base,Russia,96,96, Destroyed, Written off (damaged beyond repair),Tupolev Tu-154M,3,Soloviev D-30KU-154-II,1990,3899.0,5143.0, 101, 90A837,Polish AF,Official state flight,-,Warszawa-Okecie Airport,WAW,EPWA,Poland,-,-,-,-,8,88,8,88,-,-,Final
20100412-0,Monday,12-APR-2010,15:25,A1, En route (ENR),"8 km (5 mls) NE of Morganton, Fannin County, GA",United States of America,4,4, Destroyed, Written off (damaged beyond repair),North American Rockwell T-39N Sabreliner,2,Pratt & Whitney JT12A-6A Turbo Wasp,-,-,-, 165513, 282-66,US Navy,Military,-,Pensacola NAS,NPA,KNPA,United States of America,-,-,-,-,4,0,4,0,-,-,Preliminary
20100412-1,Monday,12-APR-2010,14:15,A2, Takeoff (TOF),"Melville Island, NU",Canada,4,0, Substantial, Repaired,de Havilland Canada DHC-6 Twin Otter 300,2,Pratt & Whitney Canada PT6A-34,1979,-,-, C-GKBC, 650,Kenn Borek Air,Domestic Non Scheduled Passenger,-,-,-,-,-,-,-,-,-,2,2,0,0,-,-,Final
20100413-0,Tuesday,13-APR-2010,10:55,A1, Landing (LDG),Manokwari-Rendani Airport (MKW),Indonesia,110,0, Damaged beyond repair,-,Boeing 737-322,2,CFMI CFM56-3C1,1990,38485.0,54759.0, PK-MDE, 24660/1838,Merpati Nusantara,Domestic Scheduled Passenger,MZ836,Sorong-Dominique Edward Osok Airport,SOQ,WAXX,Indonesia,Manokwari-Rendani Airport,MKW,WASR,Indonesia,7,103,0,0,-,-,Preliminary - official
20100413-1,Tuesday,13-APR-2010,23:19,A1, Approach (APR),"0,7 km (0.4 mls) S of Monterrey-General Mariano Escobedo International Airport (MTY)",Mexico,5,5, Destroyed, Written off (damaged beyond repair),Airbus A300B4-203F,2,General Electric CF6-50C2,1979,-,55170.0, XA-TUE, 078,Aerounion,Cargo, 302,Mexico City-Benito Juárez International Airport,MEX,MMMX,Mexico,Monterrey-General Mariano Escobedo International Airport,MTY,MMMY,Mexico,5,0,5,0,-,1,Final
20100413-2,Tuesday,13-APR-2010,13:43,A2, Landing (LDG),Hong Kong-Chek Lap Kok International Airport (HKG),Hong Kong,322,0, Minor, Repaired,Airbus A330-342,2,Rolls-Royce Trent 772-60,1998,12590.0,33378.0, B-HLL, 244,Cathay Pacific,International Scheduled Passenger, 780,Surabaya-Juanda Airport,SUB,WARR,Indonesia,Hong Kong-Chek Lap Kok International Airport,HKG,VHHH,Hong Kong,13,309,0,0,-,-,Final
20100415-0,Thursday,15-APR-2010,20:00,A1, En route (ENR),20 km (12.5 mls) from  Saransk,Russia,-,0, Damaged beyond repair,-,Antonov An-2,-,-,-,-,-, RF-00259,-,private,Agricultural,-,-,-,-,-,-,-,-,-,-,-,0,0,-,-,-
20100419-0,Monday,19-APR-2010,11:00,A2, Landing (LDG),Kangel Danda Airfield,Nepal,18,0, Minor, Repaired,de Havilland Canada DHC-6 Twin Otter 300,2,Pratt & Whitney Canada PT6A-27,1985,-,-, 9N-ABX, 830, Nepal Airlines,Domestic Scheduled Passenger,-,Kathmandu-Tribhuvan Airport,KTM,VNKT,Nepal,Phaplu Airport,PPL,VNPL,Nepal,2,16,0,0,-,-,Preliminary
20100421-0,Wednesday,21-APR-2010,20:50,A1, En route (ENR),"Barangay Laput, Mexico, Pampanga",Philippines,6,3, Destroyed, Written off (damaged beyond repair),Antonov An-12BP,4,Ivchenko AI-20M,1963,-,-, UP-AN216, 402001,Almaty Aviation,Cargo,-,Cebu Airport,CEB,RPVM,Philippines,Angeles City-Diosdado Macapagal International Airport,CRK,RPLC,Philippines,6,0,3,0,-,-,Preliminary
20100426-0,Monday,26-APR-2010,02:01,A1, Landing (LDG),Nadi International Airport (NAN),Fiji,4,0, Substantial,-,Beechcraft B200 Super King Air,2,Pratt & Whitney Canada PT6A-42,2005,-,8498.0, F-OIAN, BB-1220,Air Alizé,Ferry/positioning,-,Nouméa-Magenta Airport,GEA,NWWM,New Caledonia,Nadi International Airport,NAN,NFFN,Fiji,2,2,0,0,-,-,Final
20100427-0,Tuesday,27-APR-2010,18:30,A1, Landing (LDG),Arlit Airport (RLT),Niger,10,0, Substantial, Written off (damaged beyond repair),Beechcraft 200 Super King Air,2,Pratt & Whitney Canada PT6A-41,1974,-,-, F-GLIF, BB-192,Trans Hélicoptère Service,Private,-,Niamey Airport,NIM,DRRN,Niger,Arlit Airport,RLT,DRZL,Niger,2,8,0,0,-,-,Preliminary
20100504-0,Tuesday,04-MAY-2010,08:20,A1, Initial climb (ICL),"3 km (1.9 mls) from  Marianivka, Frunze district, Odessa region",Ukraine,2,0, Destroyed, Written off (damaged beyond repair),Antonov An-2,-,-,-,-,-, registration unknown,-,Proskurov Avia,Agricultural,-,-,-,-,-,-,-,-,-,2,0,0,0,-,-,Preliminary
20100505-0,Wednesday,05-MAY-2010,10:49,A1, Landing (LDG),Mitú-Fabio Alberto León Bentley Airport (MVP),Colombia,42,0, Damaged beyond repair,-,Embraer EMB-145LR (ERJ-145LR),2,Allison AE3007A1P,2005,-,9095.0, HK-4536, 14500879,SATENA,Domestic Scheduled Passenger,9634,Villavicencio-La Vanguardia Airport,VVC,SKVV,Colombia,Mitú-Fabio Alberto León Bentley Airport,MVP,SKMU,Colombia,5,37,0,0,-,-,Final
20100506-0,Thursday,06-MAY-2010,10:26,A1, Takeoff (TOF),8 km (5 mls) S of Goryachy Klyuch,Russia,2,0, Damaged beyond repair,-,Antonov An-2R,1,PZL Kalisz (Shvetsov) ASz-62IR,1986,18409.0,4120.0, RA-40373, 1G222-52,IE Batak SG,Agricultural,-,-,-,-,-,-,-,-,-,2,0,0,0,-,-,Final
20100506-1,Thursday,06-MAY-2010,-,A1, Landing (LDG),Brize Norton RAF Station (BZZ),United Kingdom,-,0, Damaged beyond repair,-,Lockheed Hercules C.3A (C-130K),-,-,1967,-,-, XV304, 4272,RAF,Military,-,Brize Norton RAF Station,BZZ,EGVN,United Kingdom,Brize Norton RAF Station,BZZ,EGVN,United Kingdom,-,-,0,0,-,-,Preliminary
20100510-0,Monday,10-MAY-2010,17:19,A1, Taxi (TXI),"168 km (105 mls) N of Alert, Ellesmere Island, NU",Canada,5,0, Damaged beyond repair,-,de Havilland Canada DHC-6 Twin Otter 300,2,Pratt & Whitney Canada PT6A-34,1973,-,-, C-FSJB, 377,Kenn Borek Air,Survey/research,-,-,-,-,-,-,-,-,-,2,3,0,0,-,-,Preliminary
20100512-0,Wednesday,12-MAY-2010,06:01,A1, Approach (APR),"ca 0,9 km W of Tripoli International Airport (TIP)",Libya,104,103, Destroyed, Written off (damaged beyond repair),Airbus A330-202,2,General Electric CF6-80E1A4B,2009,572.0,2175.0, 5A-ONG, 1024, Afriqiyah Airways,International Scheduled Passenger,8U771,Johannesburg-O.R. Tambo International Airport,JNB,FAOR,South Africa,Tripoli International Airport,TIP,HLLT,Libya,11,93,11,92,-,-,Final
20100512-1,Wednesday,12-MAY-2010,-,A1, Initial climb (ICL),near Osypnoi Bugor village,Russia,12,0, Damaged beyond repair,-,Antonov An-2,-,-,-,-,-, registration unknown,-,ROSTO Astrakhan,Parachuting,-,Astrakhan Airport,ASF,URWA,Russia,-,-,-,-,2,10,0,0,-,-,Preliminary
20100515-0,Saturday,15-MAY-2010,15:10,A1, En route (ENR),5 km (3.1 mls) NE of Poeketi,Suriname,8,8, Damaged beyond repair,-,Antonov An-28,2,Glushenkov TVD-10B,1990,-,-, PZ-TSV, 1AJ007-10, Blue Wing Airlines,Domestic Scheduled Passenger,-,-,-,-,-,Paramaribo-Zorg en Hoop Airport,ORG,SMZO,Suriname,2,6,2,6,-,-,Preliminary
20100516-0,Sunday,16-MAY-2010,17:45,A2, Landing (LDG),Biscarrosse/Parentis Seaplane Base,France,9,0, Substantial, Repaired,de Havilland Canada DHC-3T Vazar Turbine Otter,-,-,1960,-,-, SX-ARO, 397,ArGo Airways,Domestic Non Scheduled Passenger,-,Arcachon/La Teste-de-Buch Airport,XAC,LFCH,France,-,-,-,-,1,8,0,0,-,-,Preliminary - official
20100517-0,Monday,17-MAY-2010,09:30,A1, En route (ENR),Salang Pass,Afghanistan,44,44, Destroyed, Written off (damaged beyond repair),Antonov An-24V,2,Ivchenko AI-24,1972,-,-, YA-PIS, 27307903,Pamir Airways,Domestic Scheduled Passenger,1102,Kunduz Airport,UND,OAUZ,Afghanistan,Kabul Airport,KBL,OAKB,Afghanistan,6,38,6,38,-,-,Preliminary
20100517-1,Monday,17-MAY-2010,-,C1, Landing (LDG),"San Pedro, Catacamas",Honduras,2,0, Substantial, Written off (damaged beyond repair),Beechcraft 200 Super King Air,-,-,1976,-,-, N308RH, BB-109,CSSRJ Aviation,Illegal Flight,-,Puerto Plata-Gregorio Luperón International Airport,POP,MDPP,Dominican Republic,Las Piedras-Josefa Camejo Airport,LSP,SVJC,Venezuela,2,0,0,0,-,-,-
20100519-0,Wednesday,19-MAY-2010,05:10,A1, Landing (LDG),"0,7 km (0.4 mls) from  Cascavel Airport, PR (CAC)",Brazil,2,0, Substantial, Written off (damaged beyond repair),Embraer EMB-110P Bandeirante,2,Pratt & Whitney Canada PT6A-27,1976,-,-, PT-GKQ, 110125,Táxi Aéreo Weiss,Cargo,-,Sorocaba Airport,SOD,SDCO,Brazil,Cascavel Airport,CAC,SBCA,Brazil,2,0,0,0,-,-,Final
20100521-0,Friday,21-MAY-2010,00:20,A1, En route (ENR),near Caxito,Angola,3,3, Missing, Presumed damaged beyond repair,Beechcraft 200 Super King Air,-,-,1980,-,-, D2-FFT, BB-607,Grupo Chicoil,Executive,-,Pointe Noire Airport,PNR,FCPP,Congo,Luanda Airport,LAD,FNLU,Angola,2,1,2,1,-,-,-
20100522-0,Saturday,22-MAY-2010,06:05,A1, Landing (LDG),Mangalore-Bajpe Airport (IXE),India,166,158, Destroyed, Written off (damaged beyond repair),Boeing 737-8HG (WL),2,CFMI CFM56-7B27/3,2007,2833.0,7199.0, VT-AXV, 36333/2481,Air India Express,International Scheduled Passenger,IX812,Dubai Airport,DXB,OMDB,United Arab Emirates,Mangalore-Bajpe Airport,IXE,VOML,India,6,160,6,152,-,-,Final
20100599-0,-,xx-MAY-2010,-,O1, Standing (STD),Kabul-Hamid Karzai International Airport (KBL),Afghanistan,-,0, Substantial,-,Antonov An-74-200,-,-,1992,-,-, EK-74027, 36547096920,Ayk Avia,-,-,-,-,-,-,-,-,-,-,-,-,0,0,-,-,-
20100604-0,Friday,04-JUN-2010,-,A1, Landing (LDG),Sharana Air Base,Afghanistan,-,0, Substantial, Written off (damaged beyond repair),Lockheed L-100-30 Hercules,4,Allison 501-D22A,1966,-,-, S9-BAT, 4134,National Airlines (National Air Cargo),Cargo,-,-,-,-,-,-,-,-,-,-,-,0,0,-,-,Preliminary
20100606-0,Sunday,06-JUN-2010,21:42,A2, Takeoff (TOF),Amsterdam-Schiphol International Airport (AMS),Netherlands,162,0, Substantial, Repaired,Boeing 737-4B6,2,CFMI CFM56-3C1,1990,-,-, CN-RMF, 24807/1880,RAM,International Scheduled Passenger, 685R,Amsterdam-Schiphol International Airport,AMS,EHAM,Netherlands,Nador-Taouima Airport,NDR,GMFN,Morocco,6,156,0,0,-,-,Final
20100610-0,Thursday,10-JUN-2010,-,H2, En route (ENR),within Peru,Peru,9,0, Missing, Presumed damaged beyond repair,Cessna 208B Grand Caravan,1,Pratt & Whitney Canada PT6A-114A,-,-,-, OB-1922-P, 208B2099,Aerodiana,Domestic Non Scheduled Passenger,-,-,-,-,-,-,-,-,-,2,7,0,0,-,-,Preliminary
20100612-0,Saturday,12-JUN-2010,07:25,A2, En route (ENR),"Puerta del Este, Guarenas area",Venezuela,3,3, Destroyed, Written off (damaged beyond repair),PZL-Mielec M28 Skytruck,2,Pratt & Whitney Canada PT6A-65B,2000,-,-, ENBV-0063, AJE 002-02,Venezuela Army,Military,-,Valle de la Pascua Airport,VDP,SVVP,Venezuela,-,-,-,-,3,0,3,0,-,-,Preliminary
20100613-0,Sunday,13-JUN-2010,11:00,A1, Landing (LDG),Lanseria Airport (HLA),South Africa,15,0, Substantial, Written off (damaged beyond repair),Swearingen SA226-TC Metro II,2,Garrett TPE331-10UA-511G,1979,27353.0,27532.0, ZS-ZOC, TC-293,West Cape Ferries,Domestic Non Scheduled Passenger,-,Lanseria Airport,HLA,FALA,South Africa,-,-,-,-,2,13,0,0,-,-,Final
20100614-0,Monday,14-JUN-2010,17:30,A1, Initial climb (ICL),"1,5 km (0.9 mls) NW of Felipe Carrillo Puerto Airfield",Mexico,9,9, Damaged beyond repair,-,Cessna 208B Grand Caravan,1,Pratt & Whitney Canada PT6A-114A,2002,-,-, XA-TWK, 208B0992,Grupo Aéreo Xiknal,Executive,-,-,-,-,-,Chetumal Airport,CTM,MMCM,Mexico,2,7,2,7,-,-,Preliminary
20100615-0,Tuesday,15-JUN-2010,16:45,A1, Landing (LDG),Brac Airport (BWK),Croatia,5,0, Damaged beyond repair,-,Cessna 550B Citation Bravo,2,Pratt & Whitney Canada PW530A,2002,2661.0,3427.0, YU-BSG, 550-1049,Prince Aviation,Executive,-,Tirana-Rinas Airport,TIA,LATI,Albania,Brac Airport,BWK,LDSB,Croatia,3,2,0,0,-,-,Final
20100615-1,Tuesday,15-JUN-2010,-,A2, Takeoff (TOF),Shabunda,Democratic Republic of the Congo,2,0, Substantial,-,Let L-410MU,-,-,1978,-,-, 9Q-COA, 781116,Safe Air Company,Cargo,-,-,-,-,-,Bukavu-Kamenbe Airport,BKY,FZMA,Democratic Republic of the Congo,2,0,0,0,-,-,Preliminary
20100616-0,Wednesday,16-JUN-2010,14:30,A2, Landing (LDG),"Ottawa/Macdonald-Cartier International Airport, ON (YOW)",Canada,36,0, Substantial, Repaired,Embraer EMB-145LR (ERJ-145LR),2,Rolls-Royce AE3007A1,2004,13829.0,14782.0, N847HK, 14500857,United Express,International Scheduled Passenger,8050,Washington-Dulles International Airport,IAD,KIAD,United States of America,Ottawa/Macdonald-Cartier International Airport,YOW,CYOW,Canada,3,33,0,0,-,-,Final
20100617-0,Thursday,17-JUN-2010,13:30,A2, Landing (LDG),"Little Peconic Bay, NY",United States of America,4,0, Substantial, Repaired,Cessna 208 Caravan I,1,Pratt & Whitney Canada PT6A-114,1999,-,-, N810GA, 20800300,V1 Jet Management,Domestic Non Scheduled Passenger,-,-,-,-,-,-,-,-,-,1,3,0,0,-,-,- (No safety board investigation)
20100618-0,Friday,18-JUN-2010,19:30,A1, Initial climb (ICL),"0,5 km (0.3 mls) from  Chiclayo-Capitan FAP Jose Abelardo Quiñones Airport (CIX)",Peru,9,0, Substantial,-,Dassault Falcon 20F,-,-,1981,-,-, FAP-300, 434,Peruvian AF,Military,-,Chiclayo-Capitan FAP Jose Abelardo Quiñones Airport,CIX,SPHI,Peru,Lima-Jorge Chávez International Airport,LIM,SPIM,Peru,4,5,0,0,-,-,Preliminary
20100618-1,Friday,18-JUN-2010,10:38,A2, Taxi (TXI),Praha-Ruzyne International Airport (PRG),Czech Republic,151,0, Substantial, Repaired,Airbus A321-131,2,IAE V2530-A5,1997,-,32967.0, D-AIRT, 652,Lufthansa,International Scheduled Passenger,LH3259,Praha-Ruzyne International Airport,PRG,LKPR,Czech Republic,Frankfurt International Airport,FRA,EDDF,Germany,6,145,0,0,-,-,Final
20100618-2,Friday,18-JUN-2010,10:38,A2, Taxi (TXI),Praha-Ruzyne International Airport (PRG),Czech Republic,185,0, Substantial, Repaired,Boeing 737-8BK (WL),2,CFMI CFM56-7B26,2005,-,32967.0, TC-SNM, 33023/1682,SunExpress,International Scheduled Passenger,XQ5663,Praha-Ruzyne International Airport,PRG,LKPR,Czech Republic,Antalya Airport,AYT,LTAI,Turkey,6,179,0,0,-,-,Final
20100619-0,Saturday,19-JUN-2010,14:47,A1, Initial climb (ICL),Berlin-Schönefeld Airport (SXF),Germany,28,0, Damaged beyond repair,-,Douglas DC-3C,2,Pratt & Whitney R-1830-92,1944,-,-, D-CXXX, 32872/16124,Air Service Berlin,Domestic Non Scheduled Passenger,-,Berlin-Schönefeld Airport,SXF,EDDB,Germany,Berlin-Schönefeld Airport,SXF,EDDB,Germany,3,25,0,0,-,-,Preliminary
20100619-1,Saturday,19-JUN-2010,10:00,A1, En route (ENR),near Mintom,Cameroon,11,11, Destroyed, Written off (damaged beyond repair),CASA C-212-CB Aviocar 100,2,Garrett TPE331-5-251C,1979,-,-, TN-AFA, 151, Aéro-Service,Domestic Non Scheduled Passenger,-,Yaoundé-Nsimalen International Airport,NSI,FKYS,Cameroon,-,-,-,-,2,9,2,9,-,-,Preliminary
20100619-2,Saturday,19-JUN-2010,18:11,A2, Standing (STD),"New York-John F. Kennedy International Airport, NY (JFK)",United States of America,5,0, Substantial, Repaired,Boeing 737-832 (WL),2,CFMI CFM56-7B26,2000,-,25854.0, N3730B, 30538/662,Delta Air Lines,Domestic Scheduled Passenger,DL1733,New York-John F. Kennedy International Airport,JFK,KJFK,United States of America,Salt Lake City International Airport,SLC,KSLC,United States of America,5,0,0,0,-,-,Final
20100621-0,Monday,21-JUN-2010,12:00,A1, Landing (LDG),Kinshasa-N'Djili Airport (FIH),Democratic Republic of the Congo,101,0, Substantial, Written off (damaged beyond repair),McDonnell Douglas DC-9-82 (MD-82),2,Pratt & Whitney JT8D-217C,1983,-,-, 9Q-COQ, 49178/1122,Hewa Bora Airways,Domestic Scheduled Passenger, 601,Kinshasa-N'Djili Airport,FIH,FZAA,Democratic Republic of the Congo,Lubumbashi-Luano Airport,FBM,FZQA,Democratic Republic of the Congo,-,-,0,0,-,-,Preliminary
20100623-0,Wednesday,23-JUN-2010,05:59,A1, Initial climb (ICL),"2,8 km (1.8 mls) W of Québec City Jean Lesage International Airport, QC (YQB)",Canada,7,7, Destroyed, Written off (damaged beyond repair),Beechcraft A100 King Air,2,Pratt & Whitney Canada PT6A-28,1974,16800.0,19665.0, C-FGIN, B-164,Aéropro,Domestic Scheduled Passenger, 201,Québec City Jean Lesage International Airport,YQB,CYQB,Canada,Sept-Îles Airport,YZV,CYZV,Canada,2,5,2,5,-,-,Final
20100624-0,Thursday,24-JUN-2010,17:30,A1, Takeoff (TOF),"Sarybulak, North Kazakhstan region",Kazakhstan,3,2, Damaged beyond repair,-,Antonov An-2R,-,-,1984,-,-, UP-A0161, 1G206-40,Flamingo,Ferry/positioning,-,-,-,-,-,-,-,-,-,3,0,2,0,-,-,Preliminary
20100626-0,Saturday,26-JUN-2010,13:00,A2, Taxi (TXI),"Broomfield-Rocky Mountain Metropolitan Airport, CO (BJC)",United States of America,2,0, Substantial, Repaired,Lockheed P-2E Neptune,2,Wright R-3350,-,-,6610.0, N1386C, 426-5268,Neptune Aviation Services,Fire fighting,-,Broomfield-Rocky Mountain Metropolitan Airport,BJC,KBJC,United States of America,Broomfield-Rocky Mountain Metropolitan Airport,BJC,KBJC,United States of America,2,0,0,0,-,-,Final
20100627-0,Sunday,27-JUN-2010,15:45,A1, En route (ENR),"near Voznesenskoye, Nizhny Novgorod region",Russia,3,0, Damaged beyond repair,-,Antonov An-2R,1,PZL Kalisz (Shvetsov) ASz-62IR,1978,-,3208.0, RA-62631, 1G178-23,Vladimir Aviation Forest Protection,Survey/research,-,-,-,-,-,-,-,-,-,2,1,0,0,-,-,Final
20100630-0,Wednesday,30-JUN-2010,15:40,A1, Initial climb (ICL),near Wiesbaden AFB (WIE/ETOU),Germany,2,0, Substantial,-,Beechcraft RC-12K Huron (A200CT Super King Air),-,-,1987,-,-, 85-0155, FE-9,US Army,Training,-,Wiesbaden AFB,WIE,ETOU,Germany,Wiesbaden AFB,WIE,ETOU,Germany,2,0,0,0,-,-,-
20100705-0,Monday,05-JUL-2010,17:40,A1, Takeoff (TOF),Tuzla Airfield,Romania,14,12, Destroyed, Written off (damaged beyond repair),Antonov An-2T,-,-,1982,-,-, 53, 1G194-53,Romanian AF,Military,-,-,-,-,-,-,-,-,-,4,10,4,8,-,-,Preliminary
20100717-0,Saturday,17-JUL-2010,07:30,A1, Takeoff (TOF),Cairo International Airport (CAI),Egypt,22,0, Damaged beyond repair,-,Boeing 747-306M,4,General Electric CF6-50E2,1983,-,-, HS-VAC, 23056/587,Saudi Arabian,Ferry/positioning,SV9302,Cairo International Airport,CAI,HECA,Egypt,Jeddah-King Abdulaziz International Airport,JED,OEJN,Saudi Arabia,22,0,0,0,-,-,Preliminary
20100720-0,Tuesday,20-JUL-2010,-,A1, Landing (LDG),Lubumbashi-Luano (FBM),Democratic Republic of the Congo,-,0, Damaged beyond repair,-,Fokker F-27 Friendship 600,-,-,-,-,-, 9Q-CJV, 10430, Air Kasai,Unknown,-,-,-,-,-,Lubumbashi-Luano Airport,FBM,FZQA,Democratic Republic of the Congo,-,-,0,0,-,-,Preliminary
20100721-0,Wednesday,21-JUL-2010,09:32,A1, Takeoff (TOF),Keperveyem Airport,Russia,8,0, Substantial, Written off (damaged beyond repair),Antonov An-12BK,4,Ivchenko AI-20,1972,3090.0,5136.0, RA-11376, 02348206,Khabarovsk Avia,Cargo,9236,-,-,-,-,Komsomol'sk-na-Amure Airport,KXK,UHKK,Russia,7,1,0,0,-,-,Final
20100727-0,Tuesday,27-JUL-2010,11:38,A1, Landing (LDG),Riyadh-King Khalid International Airport (RUH),Saudi Arabia,2,0, Destroyed, Written off (damaged beyond repair),McDonnell Douglas MD-11F,3,General Electric CF6-80C2D1F,1993,10073.0,73247.0, D-ALCQ, 48431/534,Lufthansa Cargo,Cargo,8460,Frankfurt International Airport,FRA,EDDF,Germany,Riyadh-King Khalid International Airport,RUH,OERK,Saudi Arabia,2,0,0,0,-,-,Final
20100727-1,Tuesday,27-JUL-2010,18:16,A1, Landing (LDG),"Oshkosh-Wittman Field, WI (OSH)",United States of America,2,0, Destroyed, Written off (damaged beyond repair),Raytheon 390 Premier IA,2,Williams International FJ44-2A,2006,930.0,1265.0, N6JR, RB-161,Roush Fenway Racing,Executive,-,Detroit-Willow Run Airport,YIP,KYIP,United States of America,Oshkosh-Wittman Field,OSH,KOSH,United States of America,1,1,0,0,-,-,Final
20100728-0,Wednesday,28-JUL-2010,09:41,A1, Approach (APR),15 km (9.4 mls) NNW of Islamabad-Benazir Bhutto International Airport (ISB),Pakistan,152,152, Destroyed, Written off (damaged beyond repair),Airbus A321-231,2,IAE V2533-A5,2000,13566.0,34018.0, AP-BJB, 1218,Airblue,Domestic Scheduled Passenger,ED202,Karachi International Airport,KHI,OPKC,Pakistan,Islamabad-Benazir Bhutto International Airport,ISB,OPRN,Pakistan,6,146,6,146,-,-,Final
20100728-1,Wednesday,28-JUL-2010,18:22,A1, Maneuvering (MNV),"ca 3 km NW of Anchorage-Elmendorf AFB, AK (EDF)",United States of America,4,4, Destroyed, Written off (damaged beyond repair),McDonnell Douglas C-17A Globemaster III,4,Pratt & Whitney F117-PW-100,2001,-,-, 00-0173, P-73,USAF,Military,-,Anchorage-Elmendorf AFB,EDF,PAED,United States of America,Anchorage-Elmendorf AFB,EDF,PAED,United States of America,4,0,4,0,-,-,Final
20100728-2,Wednesday,28-JUL-2010,01:30,A1, Landing (LDG),Conakry International Airport (CKY),Guinea,97,0, Substantial, Written off (damaged beyond repair),Boeing 737-7L9 (WL),2,CFMI CFM56-7B22,2001,-,-, TS-IEA, 28014/766,Mauritania Airways,International Scheduled Passenger,YD620,Dakar-Léopold Sédar Senghor International Airport,DKR,GOOY,Senegal,Conakry Internatinal Airport,CKY,DGCY,Guinea,6,91,0,0,-,-,Preliminary
20100728-3,Wednesday,28-JUL-2010,-,A1, Landing (LDG),"FOB Dwyer, Helmand Province",Afghanistan,6,0, Damaged beyond repair,-,Antonov An-12BP,-,-,1964,-,-, 3X-GEQ, 4342210,Unknown,Cargo,-,-,-,-,-,-,-,-,-,6,0,0,0,-,-,Preliminary
20100728-4,Wednesday,28-JUL-2010,15:15,A1, Landing (LDG),Manila-Ninoy Aquino International Airport (MNL),Philippines,-,0, Substantial, Written off (damaged beyond repair),ATR 72-212A (ATR-72-500),2,Pratt & Whitney Canada PW127M,2008,-,-, RP-C7254, 828,Cebu Pacific Air,Domestic Scheduled Passenger,5J509,Tuguegarao Airport,TUG,RPUT,Philippines,Manila-Ninoy Aquino International Airport,MNL,RPLL,Philippines,-,-,0,0,-,-,Final
20100731-0,Saturday,31-JUL-2010,20:24,A1, En route (ENR),"15 km (9.4 mls) SE of Lytton, BC",Canada,2,2, Destroyed, Written off (damaged beyond repair),Convair CV-580 Airtanker,2,Allison 501-D22G,1953,-,-, C-FKFY, 129,Conair Aviation,Fire fighting, 448,Kamloops Airport,YKA,CYKA,Canada,Kamloops Airport,YKA,CYKA,Canada,2,0,2,0,-,-,Final
20100801-0,Sunday,01-AUG-2010,15:00,A1, En route (ENR),"Mount Healy, near Denali National Park, AK",United States of America,3,3, Destroyed, Written off (damaged beyond repair),Fairchild C-123K Provider,2,Pratt & Whitney R-2800,1954,-,-, N709RR, 20158,All West Freight,Executive,-,-,-,-,-,Unalakleet Airport,UNK,PAUN,United States of America,2,1,2,1,-,-,Final
20100803-0,Tuesday,03-AUG-2010,01:19,A1, Approach (APR),"0,4 km (0.3 mls) W of Igarka Airport (IAA)",Russia,15,12, Destroyed, Written off (damaged beyond repair),Antonov An-24RV,2,Ivchenko AI-24VT,1974,38383.0,53760.0, RA-46524, 47310003,Katekavia,Domestic Scheduled Passenger,  57,-,-,-,-,Igarka Airport,IAA,UOII,Russia,4,11,1,11,-,-,Final
20100803-1,Tuesday,03-AUG-2010,19:00,A1, Unknown (UNK),near Kumushkino,Ukraine,2,0, Damaged beyond repair,-,Antonov An-2R,1,Shvetsov ASh-62IR,1983,-,-, UR-17915, 1G205-56,private,Unknown,-,-,-,-,-,-,-,-,-,2,0,0,0,-,-,Preliminary
20100808-0,Sunday,08-AUG-2010,-,O1, Standing (STD),Pori Airport (POR),Finland,0,0, Damaged beyond repair,-,ATR 42-300,2,Pratt & Whitney Canada PW120,1990,-,-, LY-DOT, 176,Danu Oro Transportas,-,-,-,-,-,-,-,-,-,-,0,0,0,0,-,-,-
20100809-0,Monday,09-AUG-2010,14:55,A1, En route (ENR),"16 km (10 mls) NW of Aleknagik, AK",United States of America,9,5, Destroyed, Written off (damaged beyond repair),de Havilland Canada DHC-3T Texas Turbine Otter,1,Honeywell TPE331-10R-511,1957,-,9372.0, N455A, 206,GCI Communication Corp.,Domestic Non Scheduled Passenger,-,-,-,-,-,-,-,-,-,1,8,1,4,-,-,Final
20100812-0,Thursday,12-AUG-2010,09:26,A1, Landing (LDG),"Rio de Janeiro-Santos Dumont Airport, RJ (SDU)",Brazil,3,0, Minor, Written off (damaged beyond repair),Learjet 55C,2,Garrett TFE731-3A-2B,1988,-,-, PT-LXO, 55C-135,OceanAir Táxi Aéreo,Executive,-,Rio de Janeiro-Santos Dumont Airport,SDU,SBRJ,Brazil,Rio de Janeiro/Galeão-Antonio Carlos Jobim International Airport,GIG,SBGL,Brazil,2,1,0,0,-,-,Final
20100812-1,Thursday,12-AUG-2010,10:40,A2, Landing (LDG),Istanbul-Atatürk International Airport (IST),Turkey,127,0, Substantial, Repaired,Airbus A319-111,2,CFMI CFM56-5B5/P,2005,-,-, 4K-AZ04, 2588,Azerbaijan Airlines,International Scheduled Passenger, 075,Baku-Heydar Aliyev International Airport,GYD,UBBB,Azerbaijan,Istanbul-Atatürk International Airport,IST,LTBA,Turkey,8,119,0,0,-,-,Preliminary
20100813-0,Friday,13-AUG-2010,20:36,A1, Landing (LDG),Paris-Le Bourget Airport (LBG),France,4,0, Substantial, Written off (damaged beyond repair),Dassault Falcon 50,-,-,1981,12365.0,13194.0, F-HAIR, 37,Natixis Lease,Test,-,Lyon-Bron Airport,LYN,LFLY,France,Paris-Le Bourget Airport,LBG,LFPB,France,4,0,0,0,-,-,Final
20100816-0,Monday,16-AUG-2010,01:47,A1, Landing (LDG),San Andres Island-Gustavo Rojas Pinilla Airport (ADZ),Colombia,131,2, Destroyed, Written off (damaged beyond repair),Boeing 737-73V (WL),2,CFMI CFM56-7B20,2003,-,23485.0, HK-4682, 32416/1270,AIRES Colombia,Domestic Scheduled Passenger,8250,Bogotá-Eldorado Airport,BOG,SKBO,Colombia,San Andres Island-Gustavo Rojas Pinilla Airport,ADZ,SKSP,Colombia,6,125,0,2,-,-,Final
20100824-0,Tuesday,24-AUG-2010,21:38,A1, Landing (LDG),"0,9 km (0.6 mls) E of Yichun Lindu Airport (LDS)",China,96,44, Destroyed, Written off (damaged beyond repair),Embraer ERJ 190-100 LR  (ERJ-190LR),2,General Electric CF34-10E5,2008,4712.0,5109.0, B-3130, 19000223,Henan Airlines,Domestic Scheduled Passenger,VD8387,Harbin-Taiping International Airport,HRB,ZYHB,China,Yichun Lindu Airport,LDS,ZYLD,China,5,91,-,-,-,-,Final
20100824-1,Tuesday,24-AUG-2010,07:25,A1, Approach (APR),"near Bastipur, Shikharpur VDC, Makwanpur District",Nepal,14,14, Destroyed, Written off (damaged beyond repair),Dornier 228-101,2,Garrett TPE331-5-252D,1984,-,-, 9N-AHE, 7032,Agni Air,Domestic Scheduled Passenger, 101,Kathmandu-Tribhuvan Airport,KTM,VNKT,Nepal,Lukla-Tenzing-Hillary Airport,LUA,VNLK,Nepal,3,11,3,11,-,-,Preliminary
20100825-0,Wednesday,25-AUG-2010,-,A1, Approach (APR),near Bandundu Airport (FDU),Democratic Republic of the Congo,21,20, Destroyed, Written off (damaged beyond repair),Let L-410UVP-E20C,2,Walter M-601E,1991,-,-, 9Q-CCN, 912608,Filair,Domestic Scheduled Passenger,-,-,-,-,-,Bandundu Airport,FDU,FZBO,Democratic Republic of the Congo,3,18,3,17,-,-,Preliminary
20100825-1,Wednesday,25-AUG-2010,14:40,A1, Landing (LDG),"Vitória da Conquista Airport, BA (VDC)",Brazil,38,0, Substantial, Written off (damaged beyond repair),Embraer EMB-145LU (ERJ-145LU),2,Allison AE3007A1,2000,-,-, PR-PSJ, 145351,Passaredo Linhas Aéreas,Domestic Scheduled Passenger,-,São Paulo-Guarulhos International Airport,GRU,SBGR,Brazil,Vitória da Conquista Airport,VDC,SBQV,Brazil,3,35,0,0,-,-,Final
20100825-2,Wednesday,25-AUG-2010,19:47,A1, Takeoff (TOF),Tallinn-Ülemiste Airport (TLL),Estonia,4,0, Substantial, Written off (damaged beyond repair),Antonov An-26B,2,Ivchenko AI-24VT,1982,-,21510.0, SP-FDP, 11903,EXIN,Cargo,EXN3788,Tallinn-Ülemiste Airport,TLL,EETN,Estonia,Helsinki-Vantaa Airport,HEL,EFHK,Finland,4,0,0,0,-,-,Final
20100825-3,Wednesday,25-AUG-2010,-,A1, Landing (LDG),"Guardatinajas, Francisco de Miranda, Guárico",Venezuela,-,0, Substantial, Written off (damaged beyond repair),Beechcraft 200 Super King Air,-,-,-,-,-, registration unknown,-,Unknown,Illegal Flight,-,-,-,-,-,-,-,-,-,-,-,0,0,-,-,-
20100826-0,Thursday,26-AUG-2010,21:15,A1, Landing (LDG),Tabriz Airport (TBZ),Iran,110,0, Substantial, Written off (damaged beyond repair),Fokker 100,2,Rolls-Royce Tay 650-15,1992,-,-, EP-ASL, 11432, Iran Aseman Airlines,Domestic Scheduled Passenger, 773,Tehran-Mehrabad Airport,THR,OIII,Iran,Tabriz Airport,TBZ,OITT,Iran,7,103,0,0,-,-,Preliminary
20100831-0,Tuesday,31-AUG-2010,16:15,A1, Landing (LDG),Misima Island Airport (MIS),Papua New Guinea,5,4, Destroyed, Written off (damaged beyond repair),Cessna 550 Citation II,2,Pratt & Whitney Canada JT15D-4,1980,-,-, P2-TAA, 550-0145,Trans Air,Domestic Non Scheduled Passenger,-,Port Moresby-Jackson Field,POM,AYPY,Papua New Guinea,Misima Island Airport,MIS,AYMS,Papua New Guinea,2,3,1,3,-,-,Final
20100903-0,Friday,03-SEP-2010,19:41,A1, Approach (APR),"16,7 km (10.4 mls) S of Dubai Airport (DXB)",United Arab Emirates,2,2, Destroyed, Written off (damaged beyond repair),Boeing 747-44AF (SCD),4,General Electric CF6-80C2B5FG01,2007,-,-, N571UP, 35668/1393,UPS,Cargo,   6,Dubai Airport,DXB,OMDB,United Arab Emirates,Köln/Bonn-Konrad Adenauer Airport,CGN,EDDK,Germany,2,0,2,0,-,-,Final
20100903-1,Friday,03-SEP-2010,-,A2, Maneuvering (MNV),near Sperlonga,Italy,2,0, Substantial, Repaired,Canadair CL-215-6B11 (CL-415),2,Pratt & Whitney Canada PW123AF,1996,-,-, I-DPCQ, 2021,Civil Protection Department,Fire fighting,-,-,-,-,-,-,-,-,-,2,0,0,0,-,-,Preliminary - official
20100905-0,Sunday,05-SEP-2010,15:26,A2, En route (ENR),Anse-Bertrand,Guadeloupe,7,0, Substantial, Repaired,Cessna 208B Grand Caravan,1,Pratt & Whitney Canada PT6A-114A,1998,12136.0,6891.0, F-OIXZ, 208B0685,Tropic Airlines,Domestic Scheduled Passenger, 706,Pointe-à-Pitre-Le Raizet Airport,PTP,TFFR,Guadeloupe,Saint-Barthélémy Airport,SBH,TFFJ,Guadeloupe,1,6,0,0,-,-,Final
20100907-0,Tuesday,07-SEP-2010,07:55,A2, En route (ENR),Izhma Airport,Russia,81,0, Substantial, Repaired,Tupolev Tu-154M,3,Soloviev D-30KU-154-II,1990,-,-, RA-85684, 90A851,Alrosa Mirny Air Enterprise,Domestic Scheduled Passenger, 514,Polyarnyj Airport,PYJ,UERP,Russia,Moskva-Domodedovo Airport,DME,UUDD,Russia,9,72,0,0,-,-,Preliminary
20100907-1,Tuesday,07-SEP-2010,23:06,A1, En route (ENR),"near Uribe, Meta",Colombia,6,6, Damaged beyond repair,-,Beechcraft 300 Super King Air 350,-,-,2005,-,-, FAC-5747, FL-454,Colombian AF,Military,-,-,-,-,-,-,-,-,-,6,0,6,0,-,-,-
20100913-0,Monday,13-SEP-2010,09:59,A1, Approach (APR),8 km (5 mls) SE of Puerto Ordaz Airport (PZO),Venezuela,51,17, Destroyed, Written off (damaged beyond repair),ATR 42-320,2,Pratt & Whitney Canada PW120,1994,-,-, YV1010, 371,Conviasa,Domestic Scheduled Passenger,2350,Porlamar-del Caribe Santiago Mariño International Airport,PMV,SVMG,Venezuela,Puerto Ordaz Airport,PZO,SVPR,Venezuela,4,47,-,-,-,-,Preliminary
20100915-0,Wednesday,15-SEP-2010,05:57,A2, Landing (LDG),Sandnessjøen-Stokka Airport (SSJ),Norway,7,0, Substantial, Repaired,de Havilland Canada DHC-8-103B,2,Pratt & Whitney Canada PW121,1993,68382.0,33417.0, LN-WIF, 372,Widerøes Flyveselskap,Domestic Scheduled Passenger,WF701,Bodø Airport,BOO,ENBO,Norway,Sandnessjøen-Stokka Airport,SSJ,ENST,Norway,4,3,0,0,-,-,Final
20100922-0,Wednesday,22-SEP-2010,-,A2, Landing (LDG),Kabul Airport (KBL),Afghanistan,-,0, Minor, Repaired,McDonnell Douglas MD-11F,-,-,-,-,-, registration unknown,-,World Airways,Cargo,-,-,-,-,-,Kabul Airport,KBL,OAKB,Afghanistan,-,-,0,0,-,-,Preliminary
20100922-1,Wednesday,22-SEP-2010,17:00,A1, Takeoff (TOF),"Montmagny Airport, QC",Canada,6,0, Damaged beyond repair,-,Beechcraft B100 King Air,2,Garrett TPE331-6-252B,1978,-,-, C-FSIK, BE-39,Max Aviation,Domestic Scheduled Passenger, 100,-,-,-,-,Montreal-St. Hubert Airport,YHU,CYHU,Canada,2,4,0,0,-,-,Final
20100924-0,Friday,24-SEP-2010,20:07,A1, Landing (LDG),Palermo-Punta Raisi Airport (PMO),Italy,129,0, Damaged beyond repair,-,Airbus A319-132,2,IAE V2524-A5,2005,8936.0,15763.0, EI-EDM, 2424,Windjet,Domestic Scheduled Passenger,IV243,Roma-Fiumicino Airport,FCO,LIRF,Italy,Palermo-Punta Raisi Airport,PMO,LICJ,Italy,5,124,0,0,-,-,Final
20101001-0,Friday,01-OCT-2010,08:30,A1, Landing (LDG),"Manteo-Dare County Regional Airport, NC (MEO)",United States of America,7,0, Substantial, Written off (damaged beyond repair),Cessna 550 Citation II,2,Pratt & Whitney Canada JT15D-4,1981,-,9643.0, N262Y, 550-0291,Colnan,Executive,-,Tampa International Airport,TPA,KTPA,United States of America,Manteo-Dare County Regional Airport,MEO,KMQI,United States of America,2,5,0,0,-,-,Final
20101002-0,Saturday,02-OCT-2010,10:24,A1, En route (ENR),"37 km (23.1 mls) W of Kirensk, Irkutsk region",Russia,9,0, Substantial, Written off (damaged beyond repair),Cessna 208B Grand Caravan,1,Pratt & Whitney Canada PT6A-114A,2002,1423.0,3203.0, RA-67701, 208B0932,Veltal-Avia,Domestic Non Scheduled Passenger,-,-,-,-,-,Bratsk Airport,BTK,UIBB,Russia,3,6,0,0,-,-,Final
20101003-0,Sunday,03-OCT-2010,06:36,A2, Landing (LDG),Bristol Airport (BRS),United Kingdom,270,0, Substantial, Repaired,Boeing 767-324ER (WL),2,General Electric CF6-80C2B7F,1995,-,-, G-OOBK, 27392/568,Thomson Airways,International Scheduled Passenger, 519,Cancún Airport,CUN,MMUN,Mexico,Bristol Airport,BRS,EGGD,United Kingdom,12,258,0,0,-,-,Final
20101006-0,Wednesday,06-OCT-2010,08:00,A1, En route (ENR),off Coatzacoalcos,Mexico,8,8, Damaged beyond repair,-,Cessna 501 Citation I/SP,-,-,1977,-,-, XA-TKY, 501-0029,Aviones Taxi AIFE,Executive,-,Minatitlán/Coatzacoalcos International Airport,MTT,MMMT,Mexico,Veracruz-General Heriberto Jara Corona International Airport,VER,MMVR,Mexico,2,6,2,6,-,-,Preliminary
20101012-0,Tuesday,12-OCT-2010,19:50,A1, En route (ENR),30 km (18.8 mls) E of Kabul Airport (KBL),Afghanistan,8,8, Destroyed, Written off (damaged beyond repair),Lockheed L-100-20 Hercules,4,Allison 501-D22A,1969,-,-, 5X-TUC, 4362,National Airlines (National Air Cargo),Cargo, 662,Bagram Air Base,BPM,OAIX,Afghanistan,Kabul Airport,KBL,OAKB,Afghanistan,8,0,8,0,-,-,Preliminary
20101016-0,Saturday,16-OCT-2010,-,A1, Landing (LDG),Mukinge Airport,Zambia,-,0, Damaged beyond repair,-,Harbin Yunshuji Y-12 II,-,-,1996,-,-, AF-215, 0088,Zambian Air Force,Military,-,-,-,-,-,-,-,-,-,-,-,0,0,-,-,Preliminary
20101021-0,Thursday,21-OCT-2010,-,A1, En route (ENR),near Bugulumisa,Democratic Republic of the Congo,2,2, Damaged beyond repair,-,Let L-410UVP,-,-,1977,-,-, 9Q-CUA, X0101,TRACEP-Congo Aviation,Cargo,-,Bukavu-Kamenbe Airport,BKY,FZMA,Democratic Republic of the Congo,-,-,-,-,2,0,2,0,-,-,Preliminary
20101024-0,Sunday,24-OCT-2010,11:45,A1, Takeoff (TOF),"1 km (0.6 mls) SW of Santa Isabel, PA",Argentina,10,0, Damaged beyond repair,-,Antonov An-2T,1,Shvetsov ASh-62IR,1973,-,4339.0, CX-CAP, 1G142-31,Paracaidismo Casares,Parachuting,-,-,-,-,-,-,-,-,-,1,9,0,0,-,-,Final
20101025-0,Monday,25-OCT-2010,11:20,A1, Approach (APR),"Kirby Lake Airport, AB",Canada,10,1, Damaged beyond repair,-,Beechcraft 100 King Air,2,Pratt & Whitney Canada PT6A-28,1970,-,-, C-FAFD, B-42,Kenn Borek Air,Domestic Non Scheduled Passenger, 103,Edmonton Municipal Airport,YXD,CYXD,Canada,-,-,-,-,2,8,1,0,-,-,Final
20101027-0,Wednesday,27-OCT-2010,16:30,A1, En route (ENR),near Wami,Indonesia,5,5, Damaged beyond repair,-,PZL-Mielec M28-05PI Skytruck,-,-,2004,-,-, P-4204, AJE 003-07 ?,Indonesian Police,Military,-,Nabire Airport,NBX,WABI,Indonesia,Ambon-Pattimura Airport,AMQ,WAPP,Indonesia,5,0,5,0,-,-,Preliminary
20101031-0,Sunday,31-OCT-2010,10:10,A1, Landing (LDG),Casablanca-Mohamed V Airport (CMN),Morocco,-,0, Substantial,-,Airbus A310-304F,2,General Electric CF6-80C2A2,1988,-,-, TC-JCV, 476,THY,Cargo,6417,Istanbul-Atatürk International Airport,IST,LTBA,Turkey,Casablanca-Mohamed V Airport,CMN,GMMN,Morocco,-,-,0,0,-,-,Preliminary
20101102-0,Tuesday,02-NOV-2010,11:18,A1, Landing (LDG),Pontianak-Supadio Airport (PNK),Indonesia,175,0, Substantial, Written off (damaged beyond repair),Boeing 737-4Y0,2,CFMI CFM56-3C1,1991,28889.0,49107.0, PK-LIQ, 24911/2033,Lion Air,Domestic Scheduled Passenger, 712,Jakarta-Soekarno-Hatta International Airport,CGK,WIII,Indonesia,Pontianak-Supadio Airport,PNK,WIOO,Indonesia,6,169,0,0,-,-,Final
20101104-0,Thursday,04-NOV-2010,17:51,A1, En route (ENR),"near Guasimal, Sancti Spiritus Province",Cuba,68,68, Destroyed, Written off (damaged beyond repair),ATR 72-212,2,Pratt & Whitney Canada PW127,1995,34500.0,25000.0, CU-T1549, 459,Aerocaribbean,Domestic Scheduled Passenger, 883,Santiago-Antonio Maceo Airport,SCU,MUCU,Cuba,Havana-José Martí International Airport,HAV,MUHA,Cuba,7,61,7,61,-,-,Preliminary
20101104-1,Thursday,04-NOV-2010,11:45,A2, En route (ENR),near Batam Island,Indonesia,469,0, Substantial, Repaired,Airbus A380-842,4,Rolls-Royce Trent 972-84,2008,1843.0,8533.0, VH-OQA, 014,Qantas,International Scheduled Passenger,QF32,Singapore-Changi International Airport,SIN,WSSS,Singapore,Sydney-Kingsford Smith International Airport,SYD,YSSY,Australia,29,440,0,0,-,-,Final
20101104-2,Thursday,04-NOV-2010,22:40,O1, Standing (STD),"Inuvik/Mike Zubko Airport, NT (YEV)",Canada,0,0, Destroyed, Written off (damaged beyond repair),de Havilland Canada DHC-6 Twin Otter 300,2,Pratt & Whitney Canada PT6A-27,1978,-,-, C-GZVH, 671,Kenn Borek Air,-,-,-,-,-,-,-,-,-,-,0,0,0,0,-,-,- (No safety board investigation)
20101104-3,Thursday,04-NOV-2010,22:40,O1, Standing (STD),"Inuvik/Mike Zubko Airport, NT (YEV)",Canada,0,0, Destroyed, Written off (damaged beyond repair),Beechcraft B99 Airliner,2,Pratt & Whitney Canada PT6A-27,1968,-,-, C-FKBK, U-18,Kenn Borek Air,-,-,-,-,-,-,-,-,-,-,0,0,0,0,-,-,- (No safety board investigation)
20101104-4,Thursday,04-NOV-2010,22:40,O1, Standing (STD),"Inuvik/Mike Zubko Airport, NT (YEV)",Canada,0,0, Damaged beyond repair,-,Beechcraft A100 King Air,2,Pratt & Whitney Canada PT6A-28,1974,-,-, C-GHOC, B-194,Kenn Borek Air,-,-,-,-,-,-,-,-,-,-,0,0,0,0,-,-,- (No safety board investigation)
20101105-0,Friday,05-NOV-2010,07:05,A1, Initial climb (ICL),ca 1 km W of Karachi-Jinnah International Airport (KHI),Pakistan,21,21, Destroyed, Written off (damaged beyond repair),Beechcraft 1900C-1,2,Pratt & Whitney Canada PT6A-65B,1991,24990.0,18545.0, AP-BJD, UC-157,JS Air,Domestic Non Scheduled Passenger, 201,Karachi-Jinnah International Airport,KHI,OPKC,Pakistan,-,-,-,-,4,17,4,17,-,-,Final
20101105-1,Friday,05-NOV-2010,14:23,A1, Landing (LDG),Huánuco-Alférez FAP David Figueroa Fernandini Airport (HUU),Peru,9,0, Substantial, Written off (damaged beyond repair),Swearingen SA227-AC Metro III,2,Garrett TPE331-11U-612G,1988,32730.0,24342.0, N115GS, AC-715,LC Busre,Domestic Scheduled Passenger,1331,Lima-Jorge Chávez International Airport,LIM,SPIM,Peru,Huánuco-Alférez FAP David Figueroa Fernandini Airport,HUU,SPHV,Peru,2,7,0,0,-,-,Final
20101106-0,Saturday,06-NOV-2010,12:50,A2, Landing (LDG),Guerima Airport,Colombia,3,0, Substantial, Repaired,Douglas DC-3C,2,Pratt & Whitney R-1830,1943,-,26143.0, HK-4700, 9700,LASER,Cargo,-,Villavicencio Airport,VVC,SKVV,Colombia,-,-,-,-,3,0,0,0,-,-,Final
20101107-0,Sunday,07-NOV-2010,08:50,O1, Standing (STD),"Indianapolis International Airport, IN (IND)",United States of America,0,0, Damaged beyond repair,-,Canadair CL-600-2B16 Challenger 604,-,-,1996,-,-, N604JW, 5325,Aviation Enterprises,-,-,-,-,-,-,-,-,-,-,0,0,0,0,-,-,- (No safety board investigation)
20101109-0,Tuesday,09-NOV-2010,-,A2, Landing (LDG),Georgetown-Cheddi Jagan International Airport (GEO),Guyana,-,0, Substantial,-,Shorts SC.7 Skyvan 3-100,2,Garrett TPE331-2-201A,1984,-,-, 8R-GGK, SH.1980,Guyana AF,Military,-,-,-,-,-,Georgetown-Cheddi Jagan International Airport,GEO,SYCJ,Guyana,-,-,0,0,-,-,Preliminary
20101111-0,Thursday,11-NOV-2010,16:18,A1, Landing (LDG),Zalingei Airport,Sudan,38,6, Damaged beyond repair,-,Antonov An-24B,2,Ivchenko AI-24,1970,-,-, ST-ARQ, 07305910, Tarco Airlines,Cargo,-,Khartoum-Civil Airport,KRT,HSSS,Sudan,-,-,-,-,-,-,-,-,-,-,Preliminary
20101113-0,Saturday,13-NOV-2010,16:02,A1, Landing (LDG),Andahuaylas Airport (ANS),Peru,19,0, Substantial, Written off (damaged beyond repair),Swearingen SA227-AC Metro III,2,Garrett TPE331-11U-611G,1982,37164.0,27889.0, N781C, AC-535,LC Busre,Domestic Scheduled Passenger,-,Huaraz/Anta-Comandante FAP Germán Arias Graziani Airport,ATA,SPHZ,Peru,Andahuaylas Airport,ANS,SPHY,Peru,2,17,0,0,-,-,Final
20101115-0,Monday,15-NOV-2010,-,A2, Landing (LDG),Bunger Hills,Antarctica,4,0, Substantial, Repaired,CASA C-212 Aviocar 400,2,Garrett TPE331-12JR-701C,2002,-,-, VH-VHB, 475,Skytraders,Ferry/positioning,-,-,-,-,-,-,-,-,-,4,0,0,0,-,-,Preliminary
20101117-0,Wednesday,17-NOV-2010,15:53,A1, Landing (LDG),"Portland-Hillsboro Airport, OR (HIO)",United States of America,2,0, Substantial, Written off (damaged beyond repair),Learjet 25B,2,General Electric CJ610-6,1973,-,8453.0, N25PJ, 25-111,Premier Jets,Ferry/positioning,-,Boise Air Terminal,BOI,KBOI,United States of America,Portland-Hillsboro Airport,HIO,KHIO,United States of America,2,0,0,0,-,-,Final
20101118-0,Thursday,18-NOV-2010,-,A2, Landing (LDG),Sana'a International Airport (SAH),Yemen,-,0, Substantial,-,Lockheed C-130H Hercules,4,Allison T56-A-15,1979,-,-, 7O-ADD/1160, 4827,Yemen AF,Military,-,-,-,-,-,Sana'a International Airport,SAH,ODSN,Yemen,-,-,0,0,-,-,Preliminary
20101119-0,Friday,19-NOV-2010,15:35,A1, Landing (LDG),Birmingham International Airport (BHX),United Kingdom,2,0, Damaged beyond repair,-,Cessna 501 Citation I/SP,2,Williams International FJ44-2A,1981,-,-, G-VUEM, 501-0178,Frandley Aviation Partnership,Ambulance,-,Belfast International Airport,BFS,EGAA,United Kingdom,Birmingham International Airport,BHX,EGBB,United Kingdom,2,0,0,0,-,-,Final
20101119-1,Friday,19-NOV-2010,09:00,A2, Landing (LDG),Paris-Le Bourget Airport (LBG),France,9,0, Substantial, Repaired,Lockheed C-130H-30 Hercules,-,-,1984,-,-, 7T-WHA, 4997,Algerian AF,Cargo,-,-,-,-,-,Paris-Le Bourget Airport,LBG,LFPB,France,-,-,0,0,-,-,Preliminary
20101124-0,Wednesday,24-NOV-2010,14:36,A1, Takeoff (TOF),Monterrey-General Mariano Escobedo International Airport (MTY),Mexico,5,5, Damaged beyond repair,-,Antonov An-32B,2,Ivchenko AI-20,1993,-,-, FAM-3101, 3306,Mexican AF,Military,-,Monterrey-General Mariano Escobedo International Airport,MTY,MMMY,Mexico,Santa Lucía Air Base,NLU,MMSM,Mexico,5,0,5,0,-,-,Preliminary
20101126-0,Friday,26-NOV-2010,23:10,A2, Taxi (TXI),Frankfurt International Airport (FRA),Germany,274,0, Substantial, Repaired,Boeing 747-430,4,General Electric CF6-80C2B1F,1998,-,-, D-ABVM, 29101/1143,Lufthansa,International Scheduled Passenger,-,Frankfurt International Airport,FRA,EDDF,Germany,Buenos Aires/Ezeiza-Ministro Pistarini Airport,EZE,SAEZ,Argentina,17,257,0,0,-,-,Final
20101128-0,Sunday,28-NOV-2010,01:45,A1, Initial climb (ICL),ca 5 km W of Karachi-Jinnah International Airport (KHI),Pakistan,8,8, Destroyed, Written off (damaged beyond repair),Ilyushin Il-76TD,4,Soloviev D-30KP,1984,3373.0,8357.0, 4L-GNI, 43452546,Sun Way,Cargo,4412,Karachi-Jinnah International Airport,KHI,OPKC,Pakistan,Khartoum-Civil Airport,KRT,HSSS,Sudan,6,2,6,2,-,3,Final
20101203-0,Friday,03-DEC-2010,23:40,A1, Approach (APR),near Maputo International Airport (MPM),Mozambique,17,0, Damaged beyond repair,-,Beechcraft 1900C-1,2,Pratt & Whitney Canada PT6A-65B,1991,-,-, C9-AUO, UC-148,Kaya Airlines,Domestic Scheduled Passenger,-,Nampula Airport,APL,FQNP,Mozambique,Maputo International Airport,MPM,FQMA,Mozambique,5,12,0,0,-,-,Preliminary
20101204-0,Saturday,04-DEC-2010,14:36,A1, Landing (LDG),Moskva-Domodedovo Airport (DME),Russia,171,2, Destroyed, Written off (damaged beyond repair),Tupolev Tu-154M,3,Soloviev D-30KU-154-II,1992,2985.0,9288.0, RA-85744, 92A927,Dagestan Airlines,Domestic Scheduled Passenger, 372,Moskva-Vnukovo Airport,VKO,UUWW,Russia,Makhachkala Airport,MCX,URML,Russia,8,163,0,2,-,-,Final
20101208-0,Wednesday,08-DEC-2010,-,A1, En route (ENR),near Demnate,Morocco,5,5, Damaged beyond repair,-,IRMA/Pilatus Britten-Norman BN-2T Islander,2,Allison 250-B17C,1990,-,-, CN-TWO, 2232,Ministry of Marine,Unknown,-,Tangier Airport,TNG,GMTT,Morocco,Ouarzazate Airport,OZZ,GMMZ,Morocco,2,3,2,3,-,-,-
20101209-0,Thursday,09-DEC-2010,-,O1, Standing (STD),Jakarta-Soekarno-Hatta International Airport (CGK),Indonesia,-,0, Damaged beyond repair,-,Boeing 737-4U3,2,CFMI CFM56-3C1,1993,-,-, PK-GWO, 25717/2546,Garuda,Unknown,-,-,-,-,-,-,-,-,-,-,-,0,0,-,-,-
20101214-0,Tuesday,14-DEC-2010,-,A1, Landing (LDG),Rogachevo Air Base,Russia,39,0, Substantial, Written off (damaged beyond repair),Antonov An-24RV,-,-,1975,-,-, RA-47305, 57310305,Nordavia,Domestic Scheduled Passenger,5N137,Arkhangelsk-Talaghy Airport,ARH,ULAA,Russia,-,-,-,-,7,32,0,0,-,-,-
20101215-0,Wednesday,15-DEC-2010,15:30,A1, En route (ENR),"near Sri Chaur Village, Okhaldhunga District",Nepal,22,22, Damaged beyond repair,-,de Havilland Canada DHC-6 Twin Otter 310,2,Pratt & Whitney Canada PT6A-27,1984,-,-, 9N-AFX, 806, Tara Air,Domestic Scheduled Passenger,-,Lamidanda Airport,LDN,VNLD,Nepal,Kathmandu-Tribhuvan Airport,KTM,VNKT,Nepal,3,19,3,19,-,-,Preliminary
20101217-0,Friday,17-DEC-2010,10:17,A2, Pushback / towing (PBT),Paris-Charles de Gaulle Airport (CDG,France,-,0, Substantial, Repaired,Airbus A330-243,2,Rolls-Royce Trent 772B-60,2009,-,-, OD-MEA, 984,MEA,International Scheduled Passenger,-,Paris-Charles de Gaulle Airport,CDG,LFPG,France,Beirut International Airport,BEY,OLBA,Lebanon,-,-,0,0,-,-,Final
20101218-0,Saturday,18-DEC-2010,13:04,A2, Landing (LDG),"Sanikiluaq Airport, NU (YSK)",Canada,3,0, Substantial, Repaired,Swearingen SA226-TC Metro II,2,Garrett TPE331-10UA-511G,1979,-,-, C-GQAJ, TC-295,Perimeter Airlines,Ambulance,-,Gods Lake Narrows Airport,YGO,CYGO,Canada,Sanikiluaq Airport,YSK,CYSK,Canada,2,1,0,0,-,-,Preliminary - official
20101219-0,Sunday,19-DEC-2010,15:02,A1, Landing (LDG),1 km (0.6 mls) N of St. Moritz-Samedan Airport (SMV),Switzerland,2,2, Destroyed, Written off (damaged beyond repair),Hawker Beechcraft 390 Premier IA,2,Williams International FJ44-2A,2008,820.0,1047.0, D-IAYL, RB-249,Windrose Air,Executive, 631V,Zagreb-Pleso Airport,ZAG,LDZA,Croatia,St. Moritz-Samedan Airport,SMV,LSZS,Switzerland,2,0,2,0,-,-,Final
20101220-0,Monday,20-DEC-2010,-,O1, Standing (STD),Uktus Airport,Russia,0,0, Damaged beyond repair,-,Antonov An-2P,1,Shvetsov ASh-62IR,1973,-,-, RA-07331, 1G149-35,2nd Sverdlovsk Aviation Enterprise,-,-,-,-,-,-,-,-,-,-,0,0,0,0,-,-,-
20101220-1,Monday,20-DEC-2010,-,O1, Standing (STD),Uktus Airport,Russia,0,0, Damaged beyond repair,-,Antonov An-2TP,1,Shvetsov ASh-62IR,1974,-,-, RA-07637, 1G157-22,2nd Sverdlovsk Aviation Enterprise,-,-,-,-,-,-,-,-,-,-,0,0,0,0,-,-,-
20101228-0,Tuesday,28-DEC-2010,21:30,A1, En route (ENR),"near Krasny Oktyabr, Tula region",Russia,12,12, Destroyed, Written off (damaged beyond repair),Antonov An-22A,4,Kuznetsov NK-12MA,1974,-,-, RA-09343, 043482272,Russian AF,Military,-,Voronezh Airport,VOZ,UUOO,Russia,Tver-Migalovo Airport,KLD,UUEM,Russia,12,0,12,0,-,-,Preliminary
20109999-0,-,xx-xxx-2010,-,A1, Landing (LDG),Nassau International Airport (NAS),Bahamas,-,0, Substantial,-,Rockwell Sabreliner 75A,2,General Electric CF700,1974,-,-, XA-TUD, 380-5,First Sabre S.A.,Unknown,-,-,-,-,-,Nassau International Airport,NAS,MYNN,Bahamas,-,-,0,0,-,-,-
