identifiant,week_day,date,time,type_event,phase,location,country,total_occupants,total_fatalities,aircraft_damage,aircraft_fate,type_aircraft,number_engines,type_engines,first_flight,cycles,total_airframe_hours,registration,c_n_msn,operator,nature,flight_number,departure_airport_name,departure_airport_IATA,departure_airport_ICAO,departure_airport_country,destination_airport_name,destination_airport_IATA,destination_airport_ICAO,destination_airport_country,crew_number,passengers_number,crew_fatalities,passengers_fatalities,collision_casualties,ground_casualties,status
19990101-0,Friday,01-JAN-1999,-,A1, Landing (LDG),Kilimanjaro Airport (JRO),Tanzania,-,0, Damaged beyond repair,-,Boeing 737-298C,2,Pratt & Whitney JT8D-15,1974,-,-, 9Q-CNK, 20795/348,Lignes Aeriennes Congolaises,Unknown,-,-,-,-,-,-,-,-,-,-,-,0,0,-,-,Preliminary
19990102-0,Saturday,02-JAN-1999,-,C1, En route (ENR),	80 km (50 mls) N of Huambo,Angola,9,9, Substantial, Repaired,Lockheed L-100-30 Hercules,4,Allison 501-D22A,1980,-,-, D2-EHD, 4839,Transafrik,Cargo,-,Huambo Airport,NOV,FNHU,Angola,Luanda-4 de Fevereiro Airport,LAD,FNLU,Angola,4,5,4,5,-,-,-
19990104-0,Monday,04-JAN-1999,08:59,A1, Approach (APR),"Saint-Augustin River, QC",Canada,12,0, Damaged beyond repair,-,Beechcraft 1900C-1,2,Pratt & Whitney Canada PT6A-65B,1989,-,-, C-FGOI, UC- 85,Regionnair,Domestic Scheduled Passenger,1707,Lourdes-de-Blanc-Sablon Airport,YBX,CYBX,Canada,Saint-Augustin Airport,YIF,CYIF,Canada,2,10,0,0,-,-,Final
19990111-0,Monday,11-JAN-1999,15:45,A1, Approach (APR),"2,5 km (1.6 mls) from  Arakkonam Naval Air Station",India,8,8, Damaged beyond repair,-,Hindustan Aeronautics Ltd. HAL-748-219 Srs. 2,-,-,1978,-,-, H-2175, 569,Defence Research,Military,-,-,-,-,-,-,-,-,-,4,4,4,4,-,-,-
19990111-1,Monday,11-JAN-1999,-,A1, Unknown (UNK),near Kinshasa,Democratic Republic of the Congo,5,5, Damaged beyond repair,-,CASA C-212 Aviocar 200,-,-,1983,-,-, 802, 295,Zimbabwe AF,Military,-,-,-,-,-,-,-,-,-,-,-,-,-,-,-,-
19990112-0,Tuesday,12-JAN-1999,17:06,A1, Approach (APR),"Guernsey Airport, Channel Islands (GCI)",United Kingdom,2,2, Damaged beyond repair,-,Fokker F-27 Friendship 600,2,Rolls-Royce Dart 532-7,1975,-,-, G-CHNL, 10508,Channel Express,Cargo,-,London-Luton Airport,LTN,EGGW,United Kingdom,Guernsey Airport,GCI,EGJB,United Kingdom,2,0,2,0,-,-,Final
19990113-0,Wednesday,13-JAN-1999,06:33,A1, En route (ENR),"Mayne Island, BC",Canada,2,2, Damaged beyond repair,-,Douglas DC-3C,2,Pratt & Whitney R-1830-92,1944,-,10123.0, C-GWUG, 32963/16215,Kelowna Flightcraft,Cargo, 300,Vancouver International Airport,YVR,CYVR,Canada,Victoria International Airport,YYJ,CYYJ,Canada,2,0,2,0,-,-,Final
19990113-1,Wednesday,13-JAN-1999,-,A1, Landing (LDG),Olbia-Costa Smeralda Airport (OLB),Italy,2,0, Damaged beyond repair,-,Swearingen SA226-AT Merlin IV,2,Garrett TPE331-3U,1975,-,-, I-NARC, AT-035,Besit Servizi Aerei,Unknown,-,-,-,-,-,Olbia-Costa Smeralda Airport,OLB,LIEO,Italy,2,0,0,0,-,-,-
19990113-2,Wednesday,13-JAN-1999,-,A1, Approach (APR),Geilenkirchen Airport (GKE),Germany,4,4, Destroyed, Written off (damaged beyond repair),Boeing KC-135E Stratotanker,4,Pratt & Whitney TF33-PW-102,1960,-,-, 59-1452, 17940/355,Air National Guard,Military,-,Geilenkirchen Airport,GKE,ETNG,Germany,Geilenkirchen Airport,GKE,ETNG,Germany,4,0,4,0,-,-,-
19990114-0,Thursday,14-JAN-1999,-,A1, Landing (LDG),Olbia-Costa Smeralda Airport (OLB),Italy,2,0, Damaged beyond repair,-,Swearingen SA226-AT Merlin IVC,2,Garrett TPE331-3U,1974,-,-, I-NARB, AT-020,Besit Servizi Aerei,Unknown,-,-,-,-,-,Olbia-Costa Smeralda Airport,OLB,LIEO,Italy,2,0,0,0,-,-,-
19990114-1,Thursday,14-JAN-1999,09:18,A1, Approach (APR),"Cullman, AL",United States of America,2,2, Damaged beyond repair,-,Beechcraft 300 Super King Air,2,Pratt & Whitney Canada PT6A-60A,1986,-,7687.0, N780BF, FA-70,USA Healthcare-Leasing,Ferry/positioning,-,Greenville Downtown Airport,GMU,KGMU,United States of America,-,-,-,-,1,1,1,1,-,-,Final
19990116-0,Saturday,16-JAN-1999,14:30,A1, Approach (APR),"near Coconut Island Airport, QLD (CNC)",Australia,4,3, Damaged beyond repair,-,IRMA/Britten-Norman BN-2A-26 Islander,2,Lycoming O-540-E4C5,1975,-,16775.0, VH-XFF, 763,Uzu Air,Domestic Non Scheduled Passenger,-,Horn Island Airport,HID,YHID,Australia,Coconut Island Airport,CNC,YCCT,Australia,1,3,1,2,-,-,Final
19990118-0,Monday,18-JAN-1999,16:30,A1, Takeoff (TOF),Jumla Airport (JUM),Nepal,12,5, Damaged beyond repair,-,Cessna 208A Caravan I,1,Pratt & Whitney Canada PT6A-114,1993,-,-, 9N-ADA, 20800235,Necon Air,Domestic Scheduled Passenger,-,Jumla Airport,JUM,VNJL,Nepal,Nepalganj Airport,KEP,VNNG,Nepal,2,10,1,4,-,-,-
19990120-0,Wednesday,20-JAN-1999,-,A1, Landing (LDG),Lukapa Airport (LBZ),Angola,7,0, Damaged beyond repair,-,Antonov An-12B,4,Ivchenko AI-20M,1966,-,-, S9-CAN, 6344002,Unknown,Cargo,-,Luanda-4 de Fevereiro Airport,LAD,FNLU,Angola,Lukapa Airport,LBZ,FNLK,Angola,7,0,0,0,-,-,-
19990121-0,Thursday,21-JAN-1999,08:10,A1, En route (ENR),"7,5 km (4.7 mls) from  Bluefields Airport (BEF)",Nicaragua,28,28, Damaged beyond repair,-,Antonov An-26,-,-,1985,-,-, 152, 14206,Nicaraguan AF,Military,-,Managua-Augusto C. Sandino Airport,MGA,MNMG,Nicaragua,Bluefields Airport,BEF,MNBL,Nicaragua,4,24,4,24,-,-,-
19990122-0,Friday,22-JAN-1999,15:20,A2, Landing (LDG),"Columbus-Port Columbus International Airport, OH (CMH)",United States of America,4,0, Substantial, Repaired,Cessna 650 Citation VII,-,-,-,-,-, N782QS, 650-7082,Executive Jet Aviation,Training,-,Cincinnati Municipal Airport,LUK,KLUK,United States of America,Columbus-Port Columbus International Airport,CMH,KCMH,United States of America,3,1,0,0,-,-,Final
19990122-1,Friday,22-JAN-1999,17:19,A2, Landing (LDG),"Hyannis-Barnstable Airport, MA (HYA)",United States of America,4,0, Substantial, Repaired,Beechcraft 1900D,-,-,-,-,5501.0, N215CJ, UE-215,Colgan Air,Ferry/positioning,1070,Boston-Logan International Airport,BOS,KBOS,United States of America,Hyannis-Barnstable Airport,HYA,KHYA,United States of America,2,2,0,0,-,-,Final
19990125-0,Monday,25-JAN-1999,-,A1, Unknown (UNK),San Blas Airport (NBL),Panama,-,-, Damaged beyond repair,-,Britten-Norman BN-2A Islander,2,Lycoming O-540-E4C5,1969,-,-, HP-987XI, 61,ANSA,Unknown,-,-,-,-,-,-,-,-,-,-,-,-,-,-,-,-
19990128-0,Thursday,28-JAN-1999,21:15,A1, Landing (LDG),Catania-Fontanarossa Airport (CTA),Italy,84,0, Damaged beyond repair,-,McDonnell Douglas DC-9-82 (MD-82),2,Pratt & Whitney JT8D-217C,1988,-,-, I-DAVN, 49435/1504,Alitalia,Domestic Scheduled Passenger,-,Napoli Airport,NAP,LIRN,Italy,Catania-Fontanarossa Airport,CTA,LICC,Italy,6,78,0,0,-,-,Preliminary
19990128-1,Thursday,28-JAN-1999,23:18,A2, Landing (LDG),"Chicago-Midway Airport, IL (MDW)",United States of America,2,0, Substantial, Repaired,Learjet 35,-,-,1975,-,8956.0, N130F, 35-044,US Check,Cargo,251,Columbus-Port Columbus International Airport,CMH,KCMH,United States of America,Chicago-Midway Airport,MDW,KMDW,United States of America,2,0,0,0,-,-,Final
19990131-0,Sunday,31-JAN-1999,-,A1, Landing (LDG),Constantine-Ain el Bey Airport (CZL),Algeria,99,0, Damaged beyond repair,-,Boeing 727-2D6,3,Pratt & Whitney JT8D-15,1974,-,-, 7T-VEH, 20955/1075,Air Algérie,International Scheduled Passenger,-,-,-,-,-,Constantine-Ain el Bey Airport,CZL,DABC,Algeria,7,92,0,0,-,-,Preliminary
19990202-0,Tuesday,02-FEB-1999,05:08,A1, Approach (APR),ca 6 km E of Luanda-4 de Fevereiro Airport (LAD),Angola,11,11, Damaged beyond repair,-,Antonov An-12,-,-,1963,-,-, EY-ASS, 3340909,Santa Cruz Imperial,Cargo,-,Luanda-4 de Fevereiro Airport,LAD,FNLU,Angola,Lukapa Airport,LBZ,FNLK,Angola,4,7,4,7,-,13,-
19990202-1,Tuesday,02-FEB-1999,-,A1, Unknown (UNK),"Porto Velho-Aeroclube de Rondõnia Airfield, RO",Brazil,4,0, Damaged beyond repair,-,IRMA/Britten-Norman BN-2A-9 Islander,-,-,1972,-,-, PT-KNM, 669,Nortema Táxi Aéreo,Unknown,-,-,-,-,-,-,-,-,-,1,3,0,0,-,-,-
19990203-0,Wednesday,03-FEB-1999,10:20,A1, En route (ENR),near Kimbe,Papua New Guinea,11,11, Damaged beyond repair,-,IRMA/Britten-Norman BN-2A-26 Islander,2,Lycoming O-540-E4C5,1975,-,-, P2-ALH, 761,Airlink,Domestic Scheduled Passenger,-,Hoskins Airport,HKN,AYHK,Papua New Guinea,-,-,-,-,1,10,1,10,-,-,-
19990204-0,Thursday,04-FEB-1999,-,A1, Takeoff (TOF),Luzamba Airport (LZM),Angola,24,0, Damaged beyond repair,-,Antonov An-26,2,Ivchenko AI-20D,1983,-,-, EL-ANZ, 13906,Santa Cruz Imperial,Domestic Non Scheduled Passenger,-,Luanda-4 de Fevereiro Airport,LAD,FNLU,Angola,Luzamba Airport,LZM,FNLZ,Angola,4,20,0,0,-,-,Preliminary
19990207-0,Sunday,07-FEB-1999,23:44,A1, Takeoff (TOF),Bratislava-Ivanka Airport (BTS),Slovakia,7,0, Damaged beyond repair,-,Boeing 707-328C,4,Pratt & Whitney JT3D-3B (HK),1967,-,-, 9G-ROX, 19521/584,Avistar,Cargo,-,Bratislava-Ivanka Airport,BTS,LZIB,Slovakia,N'Djamena Airport,NDJ,FTTJ,Chad,3,4,0,0,-,-,-
19990208-0,Monday,08-FEB-1999,-,A1, En route (ENR),Kinshasa,Democratic Republic of the Congo,7,7, Damaged beyond repair,-,Lockheed L-188A Electra,4,Allison 501-D13,1959,-,-, 9Q-CDI, 1037,Air Karibu,Cargo,-,Kinshasa-N'Djili Airport,FIH,FZAA,Democratic Republic of the Congo,Mbandaka Airport,MDK,FZEA,Democratic Republic of the Congo,7,0,7,0,-,-,Preliminary
19990208-1,Monday,08-FEB-1999,-,O1, Standing (STD),Moskva-Vnukovo Airport (VKO),Russia,-,0, Damaged beyond repair,-,McDonnell Douglas DC-9-32,2,Pratt & Whitney JT8D-9,1974,-,-, MM62013, 47600/710,Italian AF,Military,-,-,-,-,-,-,-,-,-,-,-,0,0,-,-,Preliminary
19990208-2,Monday,08-FEB-1999,-,H2, Approach (APR),Kinmen-Shang-Yi Airport (KNH),Taiwan,-,0, None,-,de Havilland Canada DHC-8-311Q Dash 8,2,Pratt & Whitney Canada PW123,1997,-,-, B-15237, 467,Uni Air,Int'l Non Scheduled Passenger,-,Hsinchu Airport,HSZ,RCPO,Taiwan,Kinmen-Shang-Yi Airport,KNH,RCBS,Taiwan,-,31,0,0,-,-,-
19990208-3,Monday,08-FEB-1999,11:35,A2, Approach (APR),"44 km (27.5 mls) from  Milwaukee, WI",United States of America,14,0, Substantial, Repaired,Beechcraft 1900D,-,-,-,-,8899.0, N148SK, UE-148,Skyway Airlines,Domestic Scheduled Passenger,-,Grand Rapids-Kent County International Airport,GRR,KGRR,United States of America,Milwaukee-General Mitchell Airport,MKE,KMKE,United States of America,2,12,0,0,-,-,Final
19990211-0,Thursday,11-FEB-1999,23:45,A1, Approach (APR),"7,6 km (4.8 mls) N of Saint Mary's, AK",United States of America,1,0, Substantial, Written off (damaged beyond repair),Beechcraft 1900C-1,2,Pratt & Whitney Canada PT6A-65B,1988,-,19588.0, N31240, UC- 28,ACE Air Cargo,Cargo,  91,Anchorage International Airport,ANC,PANC,United States of America,Saint Mary's Airport,KSM,PASM,United States of America,1,0,0,0,-,-,Final
19990212-0,Friday,12-FEB-1999,10:30,A1, En route (ENR),"29 km (18.1 mls) NE of Bishop Airport, CA (BIH)",United States of America,1,1, Destroyed, Written off (damaged beyond repair),Beechcraft C99 Commuter,2,Pratt & Whitney Canada PT6A-36,1983,-,20522.0, N205RA, U-205,Ameriflight,Cargo,-,Tonopah Airport,TPH,KTPH,United States of America,Bishop Airport,BIH,KBIH,United States of America,1,0,1,0,-,-,Final
19990212-1,Friday,12-FEB-1999,15:40,A2, En route (ENR),Grenouillet,France,169,0, Minor, Repaired,Airbus A320-211,2,CFMI CFM56-5A1,1991,-,14425.0, F-GJVG, 270,Air France,Domestic Scheduled Passenger,AF550,Paris-Orly Airport,ORY,LFPO,France,Montpellier-Frejorgues Airport,MPL,LFMT,France,6,163,0,0,-,-,Final
19990214-0,Sunday,14-FEB-1999,-,A1, Landing (LDG),Foxtrot Airstrip,South Sudan,2,0, Damaged beyond repair,-,Hawker Siddeley HS-748-206 Andover CC2,-,-,1965,-,-, 9L-LBG, 1566,748 Air Services,Cargo,-,Lokichoggio Airport,LKG,HKLK,Kenya,-,-,-,-,2,0,0,0,-,-,-
19990216-0,Tuesday,16-FEB-1999,13:06,A2, Landing (LDG),"Los Angeles-Van Nuys Airport, CA (VNY)",United States of America,4,0, Substantial, Repaired,Grumman G-1159 Gulfstream II SP,-,-,1971,-,14333.0, N711TE, 105,Trans-Exec Air Service,Domestic Non Scheduled Passenger,-,Montrose County Airport,MTJ,KMTJ,United States of America,Los Angeles-Van Nuys Airport,VNY,KVNY,United States of America,3,1,0,0,-,-,Final
19990218-0,Thursday,18-FEB-1999,11:42,A2, Landing (LDG),"Columbus Airport, NE (OLU)",United States of America,8,0, Substantial, Repaired,Mitusbishi Mu-300 Diamond IA,-,-,1982,-,4500.0, N110DS, A005SA,Delta Star,Executive,-,San Jose Municipal Airport,SJC,KSJC,United States of America,San Jose Municipal Airport,SJC,KSJC,United States of America,2,6,0,0,-,-,Final
19990219-0,Friday,19-FEB-1999,21:48,A2, Landing (LDG),Frankfurt International Airport (FRA),Germany,2,0, Substantial, Repaired,Beechcraft 1900D,2,Pratt & Whitney Canada PT6A-67D,1992,-,-, D-CBSF, UE-8,Avanti Air,Ferry/positioning,-,Düsseldorf Airport,DUS,EDDL,Germany,Frankfurt International Airport,FRA,EDDF,Germany,2,0,0,0,-,-,Final
19990222-0,Monday,22-FEB-1999,14:55,A2, Takeoff (TOF),"Cincinnati/Northern Kentucky Airport, KY (CVG)",United States of America,132,0, Substantial, Repaired,Boeing 757-232,-,-,1993,-,-, N682DA, 26958/518,Delta Air Lines,Domestic Scheduled Passenger,DL338,Cincinnati/Northern Kentucky Airport,CVG,KCVG,United States of America,Washington-Ronald Reagan National Airport,DCA,KDCA,United States of America,7,125,0,0,-,-,Final
19990224-0,Wednesday,24-FEB-1999,16:34,A1, Approach (APR),Ruian,China,61,61, Destroyed, Written off (damaged beyond repair),Tupolev Tu-154M,3,Soloviev D-30KU-154-II,1990,7748.0,14135.0, B-2622, 90A846,China Southwest,Domestic Scheduled Passenger,4509,Chengdu Airport,CTU,ZUUU,China,Wenzhou Yongqiang Airport,WNZ,ZSWZ,China,11,50,11,50,-,-,Final
19990224-1,Wednesday,24-FEB-1999,-,O1, Standing (STD),"Buenos Aires-Jorge Newbery Airport, BA (AEP)",Argentina,0,0, Damaged beyond repair,-,McDonnell Douglas MD-88,2,Pratt & Whitney JT8D-219,1992,-,-, LV-VBY, 53048/2030,Aerolineas Argentinas,-,-,-,-,-,-,-,-,-,-,0,0,0,0,-,-,-
19990225-0,Thursday,25-FEB-1999,12:36,A1, Landing (LDG),Genoa-Cristoforo Colombo Airport (GOA),Italy,31,4, Damaged beyond repair,-,Dornier 328-110,2,Pratt & Whitney Canada PW119B,1995,-,-, D-CPRR, 3054,Minerva Airlines,Domestic Scheduled Passenger,AZ1553,Cagliari-Elmas Airport,CAG,LIEE,Italy,Genoa-Cristoforo Colombo Airport,GOA,LIMJ,Italy,4,27,1,3,-,-,Preliminary
19990227-0,Saturday,27-FEB-1999,14:20,A1, Approach (APR),"Muskoka Airport, ON (YQA)",Canada,2,0, Damaged beyond repair,-,Beechcraft B100 King Air,-,-,-,-,-, C-GBTS, BE-73,Crown Charter Services,Cargo,-,Kitchener-Waterloo Regional Airport,YKF,CYKF,Canada,Muskoka Airport,YQA,CYQA,Canada,1,1,0,0,-,-,Preliminary - official
19990301-0,Monday,01-MAR-1999,08:46,A1, Landing (LDG),Shannon Airport (SNN),Ireland,6,0, Damaged beyond repair,-,Lockheed L-188AF Electra,4,Allison 501-D13,1959,-,65000.0, N285F, 1107,Renown Aviation,Cargo,6526,Dublin Airport,DUB,EIDW,Ireland,Shannon Airport,SNN,EINN,Ireland,6,0,0,0,-,-,Final
19990302-0,Tuesday,02-MAR-1999,-,H2, Unknown (UNK),Paris-Charles de Gaulle Airport (CDG),France,82,0, Unknown,-,Airbus A320,-,-,-,-,-, registration unknown,-,Air France,Domestic Scheduled Passenger,AF5029,Marseille-Provence Airport,MRS,LFML,France,Paris-Charles de Gaulle Airport,CDG,LFPG,France,-,-,0,0,-,-,-
19990304-0,Thursday,04-MAR-1999,20:10,A1, Landing (LDG),Biarritz Parme Airport (BIQ),France,97,0, Damaged beyond repair,-,Boeing 737-228,2,Pratt & Whitney JT8D-15A,1982,-,-, F-GBYA, 23000/930,Air France,Domestic Scheduled Passenger,AF7638,Paris-Charles de Gaulle Airport,CDG,LFPG,France,Biarritz Parme Airport,BIQ,LFBZ,France,6,91,0,0,-,-,Preliminary
19990304-1,Thursday,04-MAR-1999,22:00,A2, Approach (APR),"Kansas City International Airport, MO (MCI)",United States of America,2,0, Substantial, Repaired,Douglas DC-9-15F,2,Pratt & Whitney JT8D-7B (HK3),1967,-,2725.0, N195US, 47017/186,USA Jet Airlines,Cargo,-,Los Angeles International Airport,LAX,KLAX,United States of America,Kansas City International Airport,MCI,KMCI,United States of America,2,0,0,0,-,-,Final
19990305-0,Friday,05-MAR-1999,23:29,A1, Landing (LDG),Chennai Airport (MAA),India,5,0, Damaged beyond repair,-,Boeing 747-2B3F (SCD),4,General Electric CF6-50E2,1978,17608.0,72968.0, F-GPAN, 21515/337,Air France,Cargo,AF6745,Bangalore-Hindustan Airport,BLR,VOBG,India,Chennai Airport,MAA,VOMM,India,5,0,0,0,-,-,-
19990305-1,Friday,05-MAR-1999,06:03,A2, Taxi (TXI),"Denver International Airport, CO (DEN)",United States of America,2,0, Substantial, Repaired,Swearingen SA226-TC Metro II,-,-,-,-,29876.0, N151SA, TC-302,Superior Aviation,Cargo,1828,Denver International Airport,DEN,KDEN,United States of America,Cheyenne Airport,CYS,KCYS,United States of America,2,0,0,0,-,-,Final
19990305-2,Friday,05-MAR-1999,06:03,A2, Taxi (TXI),"Denver International Airport, CO (DEN)",United States of America,2,0, Minor, Repaired,Swearingen SA226-TC Metro II,-,-,-,-,26210.0, N328BA, TC-253,Superior Aviation,Cargo,1810,Denver International Airport,DEN,KDEN,United States of America,-,-,-,-,2,0,0,0,-,-,Final
19990307-0,Sunday,07-MAR-1999,08:22,A1, Approach (APR),2 km (1.3 mls) W of Delhi-Indira Gandhi International Airport (DEL),India,18,18, Damaged beyond repair,-,Antonov An-32,2,Ivchenko AI-20,1984,-,-, K2673, 0108 ?,Indian AF,Military,-,Gwalior Airport,GWL,VIGR,India,Delhi-Indira Gandhi International Airport,DEL,VIDP,India,4,14,4,14,-,3,-
19990312-0,Friday,12-MAR-1999,07:30,A2, Approach (APR),"Melbourne-Tullamarine Airport, VIC (MEL)",Australia,-,0, Substantial, Repaired,Boeing 737-377,2,CFMI CFM56-3B1,1986,-,-, VH-CZL, 23664/1326,Ansett Australia,Domestic Scheduled Passenger,-,Launceston Airport,LST,YMLT,Australia,Melbourne-Tullamarine Airport,MEL,YMML,Australia,-,-,0,0,-,-,Final
19990315-0,Monday,15-MAR-1999,11:58,A1, Landing (LDG),Pohang Airport (KPO),South Korea,156,0, Damaged beyond repair,-,McDonnell Douglas DC-9-83 (MD-83),2,Pratt & Whitney JT8D-219,1996,-,-, HL7570, 53485/2128,Korean Air,Domestic Scheduled Passenger,1533,Seoul-Gimpo (Kimpo) International Airport,SEL,RKSS,South Korea,Pohang Airport,KPO,RKTH,South Korea,6,150,0,0,-,-,Preliminary
19990316-0,Tuesday,16-MAR-1999,15:15,A1, Landing (LDG),"Mucuri Airport, BA (MVS)",Brazil,14,0, Damaged beyond repair,-,ATR 42-320,2,Pratt & Whitney Canada PW121,1992,-,-, PT-MFI, 302,Pantanal,Domestic Scheduled Passenger,-,-,-,-,-,Mucuri Airport,MVS,SNMU,Brazil,4,10,0,0,-,-,Preliminary
19990318-0,Thursday,18-MAR-1999,16:30,A1, En route (ENR),"44,8 km (28 mls) W of Tame",Colombia,8,8, Destroyed, Written off (damaged beyond repair),Douglas DC-3C,2,Pratt & Whitney R-1830-92,1943,-,29475.0, HK-337, 11831,ALIANSA Colombia,Domestic Non Scheduled Passenger,-,Cúcuta-Camilo Daza Airport,CUC,SKCC,Colombia,El Yopal Airport,EYP,SKYP,Colombia,3,5,3,5,-,-,Final
19990319-0,Friday,19-MAR-1999,09:45,A1, Approach (APR),"3,7 km (2.3 mls) from  Davis Inlet Airport, NL (YDI)",Canada,2,1, Damaged beyond repair,-,de Havilland Canada DHC-6 Twin Otter 300,2,Pratt & Whitney Canada PT6A-27,1980,-,30490.0, C-FWLQ, 724,Provincial Airlines,Cargo, 960,Goose Bay Airport,YYR,CYYR,Canada,-,-,-,-,2,0,1,0,-,-,Final
19990320-0,Saturday,20-MAR-1999,-,A2, Takeoff (TOF),Bata Airport (BSG),Equatorial Guinea,33,0, Substantial, Repaired,Yakovlev Yak-40,3,Ivchenko AI-25,1972,-,-, RA-87587, 9221922,Cheboksary Aviation Enterprise,Domestic Scheduled Passenger,-,Bata Airport,BSG,FGBT,Equatorial Guinea,Malabo-Santa Isabel Airport,SSG,FGSL,Equatorial Guinea,3,30,0,0,-,-,-
19990324-0,Wednesday,24-MAR-1999,12:10,A1, Landing (LDG),Rhodes-Diagoras Airport (RHO),Greece,271,0, Damaged beyond repair,-,Airbus A300C4-620,2,Pratt & Whitney JT9D-7R4H1,1985,-,-, A6-PFD, 374,UAE Government,Int'l Non Scheduled Passenger,-,Dubai Airport,DXB,OMDB,United Arab Emirates,Rhodes/Paradisi-Diagoras Airport,RHO,LGRP,Greece,19,252,0,0,-,-,Final
19990330-0,Tuesday,30-MAR-1999,11:47,A2, Approach (APR),"Rogers, AR",United States of America,10,0, Substantial, Repaired,Learjet 35A,2,Garrett TFE731-2-2B,1981,-,7686.0, N508GP, 35A-424,Piedmont Hawthorne,Domestic Non Scheduled Passenger,-,Winston-Salem-Smith-Reynolds Airport,INT,KINT,United States of America,Rogers Municipal Airport-Carter Field,ROG,KROG,United States of America,2,8,0,0,-,-,Final
19990330-1,Tuesday,30-MAR-1999,-,A2, Takeoff (TOF),"Tapauá Airport, AM",Brazil,12,0, Substantial, Repaired,Embraer EMB-110P1 Bandeirante,2,Pratt & Whitney Canada PT6A-34,1981,-,-, PT-LNW, 110346,META,Domestic Scheduled Passenger,-,-,-,-,-,-,-,-,-,2,10,0,0,-,-,Preliminary - official
19990330-2,Tuesday,30-MAR-1999,16:15,A2, Landing (LDG),Goroka Airport (GKA),Papua New Guinea,79,0, Substantial, Repaired,Fokker F-28 Fellowship 4000,-,-,1977,-,-, P2-AND, 11118,Air Niugini,Domestic Scheduled Passenger,PX162,Port Moresby-Jacksons International Airport,POM,AYPY,Papua New Guinea,Goroka Airport,GKA,AYGA,Papua New Guinea,5,74,0,0,-,-,-
19990405-0,Monday,05-APR-1999,09:45,A1, Approach (APR),"Palm Beach-Palm Beach County Airport, FL (LNA)",United States of America,10,0, Substantial, Written off (damaged beyond repair),de Havilland Canada DHC-6 Twin Otter 200,2,Pratt & Whitney Canada PT6A-20,1968,-,16659.0, N838MA, 188,Carib-Air Cargo,Domestic Non Scheduled Passenger,-,Palm Beach-Palm Beach County Airport,LNA,KLNA,United States of America,Kissimmee Municipal Airport,ISM,KISM,United States of America,1,9,0,0,-,-,Final
19990407-0,Wednesday,07-APR-1999,00:45,A1, En route (ENR),near Ceyhan,Turkey,6,6, Damaged beyond repair,-,Boeing 737-4Q8,2,CFMI CFM56-3C1,1995,6360.0,11600.0, TC-JEP, 25378/2732,THY,Ferry/positioning,5904,Adana Airport,ADA,LTAF,Turkey,Jeddah-King Abdulaziz International Airport,JED,OEJN,Saudi Arabia,6,0,6,0,-,-,Final
19990407-1,Wednesday,07-APR-1999,11:47,A1, Landing (LDG),"Ribeirão Preto-Leite Lopes Airport, SP (RAO)",Brazil,5,5, Damaged beyond repair,-,Learjet 24D,2,General Electric CJ610-6,1973,-,-, PT-LEM, 24-270,Manacá Táxi Aéreo,Training,-,-,-,-,-,Ribeirão Preto-Leite Lopes Airport,RAO,SBRP,Brazil,5,0,5,0,-,-,Preliminary - official
19990407-2,Wednesday,07-APR-1999,-,O1, Standing (STD),"Oklahoma City-Tinker AFB, OK (TIK)",United States of America,-,0, Damaged beyond repair,-,Boeing KC-135R Stratotanker,4,CFMI F108-CF-100,1958,-,-, 57-1418, 17489/98,USAF,Military,-,-,-,-,-,-,-,-,-,-,-,0,0,-,-,-
19990408-0,Thursday,08-APR-1999,11:40,A1, En route (ENR),11 km (6.9 mls) SW of Málaga Airport,Colombia,5,5, Destroyed, Written off (damaged beyond repair),de Havilland Canada DHC-6 Twin Otter 300,2,Pratt & Whitney Canada PT6A-27,1981,52799.0,34074.0, HK-2760, 777,Aerotaca,Domestic Scheduled Passenger,7655,Bucaramanga-Palo Negro Airport,BGA,SKBG,Colombia,-,-,-,-,2,3,2,3,-,-,Final
19990412-0,Monday,12-APR-1999,-,H2, En route (ENR),Simiti,Colombia,46,0, Minor, Repaired,Fokker 50,2,Pratt & Whitney Canada PW127B,1994,-,-, PH-MXT, 20300,Avianca,Domestic Scheduled Passenger,AV9463,Bucaramanga-Palo Negro Airport,BGA,SKBG,Colombia,Bogotá-Eldorado Airport,BOG,SKBO,Colombia,5,41,0,0,-,-,- (No safety board investigation)
19990412-1,Monday,12-APR-1999,19:26,A2, Standing (STD),"Boston-Logan International Airport, MA (BOS)",United States of America,9,0, Substantial, Repaired,Saab 340B,-,-,-,-,-, N347BE, 340B-187,Business Express,Domestic Scheduled Passenger,6240,Presque Isle Municipal Airport,PQI,KPQI,United States of America,Boston-Logan International Airport,BOS,KBOS,United States of America,3,6,0,0,-,-,Final
19990414-0,Wednesday,14-APR-1999,-,A1, Unknown (UNK),"near Irati, PR",Brazil,2,0, Damaged beyond repair,-,Beechcraft A100 King Air,-,-,-,-,-, PT-LZA, B-200,Jet Sul Táxi Aéreo,Unknown,-,Foz do Iguaçu/Cataratas Airport,IGU,SBFI,Brazil,Curitiba-Afonso Pena International Airport,CWB,SBCT,Brazil,-,-,0,0,-,-,-
19990415-0,Thursday,15-APR-1999,16:04,A1, En route (ENR),10 km (6.3 mls) SW of Shanghai-Hongqiao Airport (SHA),China,3,3, Destroyed, Written off (damaged beyond repair),McDonnell Douglas MD-11F,3,Pratt & Whitney PW4462,1992,4463.0,28347.0, HL7373, 48409/490,Korean Air,Cargo,KE6316,Shanghai-Hongqiao Airport,SHA,ZSSS,China,Seoul-Gimpo (Kimpo) International Airport,SEL,RKSS,South Korea,3,0,3,0,-,5,Final
19990417-0,Saturday,17-APR-1999,14:51,A1, Landing (LDG),"Beckley Airport, WV (BKW)",United States of America,8,0, Substantial, Written off (damaged beyond repair),Beechcraft Beechjet 400A,2,Pratt & Whitney Canada JT15D-5A,1996,-,1215.0, N400VG, RK-113,Pacific Aeromotive,Executive,-,West Palm Beach International Airport,PBI,KPBI,United States of America,Beckley Airport,BKW,KBKW,United States of America,2,6,0,0,-,-,Final
19990422-0,Thursday,22-APR-1999,15:30,A1, En route (ENR),near Clesy,France,3,0, Damaged beyond repair,-,Let L-410UVP,-,-,1985,-,-, YV-956C, 851515,Hélica,Ferry/positioning,-,Linköping-Saab Airport,LPI,ESSL,Sweden,Porto-Francisco Sá Carneiro Airport,OPO,LPPR,Portugal,2,1,0,0,-,-,Final
19990422-1,Thursday,22-APR-1999,15:45,A1, En route (ENR),Johannesburg,South Africa,66,0, Damaged beyond repair,-,Boeing 727-23,3,Pratt & Whitney JT8D-7B,1965,-,-, ZS-IJE, 18443/111,Million Air Charter,International Scheduled Passenger,-,Harare Airport,HRE,FVHA,Zimbabwe,Johannesburg International Airport,JNB,FAJS,South Africa,8,58,0,0,-,-,Final
19990423-0,Friday,23-APR-1999,06:45,A2, Landing (LDG),Fituita Airport (FTI),American Samoa,14,0, Substantial, Repaired,de Havilland Canada DHC-6 Twin Otter 200,-,-,-,-,33559.0, N719AS, 139,Samoa Aviation,Domestic Scheduled Passenger,906,Pago Pago International Airport,PPG,NSTU,American Samoa,Fituita Airport,FTI,NSFQ,American Samoa,2,12,0,0,-,-,Final
19990427-0,Tuesday,27-APR-1999,13:15,A2, Landing (LDG),"21 km (13.1 mls) NNE of Healy, AK",United States of America,2,0, Substantial, Repaired,de Havilland Canada DHC-3 Otter,1,Shvetsov ASh-62IR-M18,1960,-,-, N3125N, 394,40-Mile Air,Domestic Non Scheduled Passenger,-,Fairbanks International Airport,FAI,PAFA,United States of America,-,-,-,-,1,1,0,0,-,-,Final
19990501-0,Saturday,01-MAY-1999,-,A1, Takeoff (TOF),Mandera Airport (NDE),Kenya,-,0, Damaged beyond repair,-,de Havilland Canada DHC-5D Buffalo,-,-,1977,-,-, 207, 75,Kenyan AF,Military,-,Mandera Airport,NDE,HKMA,Kenya,-,-,-,-,-,-,0,0,-,1,-
19990501-1,Saturday,01-MAY-1999,-,A1, Takeoff (TOF),"Waterfound Lake, SK",Canada,6,0, Damaged beyond repair,-,de Havilland Canada DHC-3 Otter,1,Pratt & Whitney R-1340,1953,-,-, C-FASV,  23,Points North Air Services,Domestic Non Scheduled Passenger,-,-,-,-,-,Points North Landing Airport,YNL,CYNL,Canada,1,5,0,0,-,-,Final
19990508-0,Saturday,08-MAY-1999,19:21,A1, En route (ENR),11 km (6.9 mls) off  Port Vila,Vanuatu,12,7, Damaged beyond repair,-,de Havilland Canada DHC-6 Twin Otter 300,2,Pratt & Whitney Canada PT6A-27,1980,-,-, YJ-RV9, 694,Vanair,Domestic Scheduled Passenger,-,Espirítu Santo-Pekoa Airport,SON,NVSS,Vanuatu,Port Vila-Bauerfield Airport,VLI,NVVV,Vanuatu,1,11,1,6,-,-,-
19990508-1,Saturday,08-MAY-1999,07:01,A2, Landing (LDG),"New York-John F. Kennedy International Airport, NY (JFK)",United States of America,30,0, Substantial, Repaired,Saab 340B,2,General Electric CT7-9B,1991,-,17488.0, N232AE, 232,American Eagle,Domestic Scheduled Passenger,4925,Baltimore/Washington International Airport,BWI,KBWI,United States of America,New York-John F. Kennedy International Airport,JFK,KJFK,United States of America,3,27,0,0,-,-,Final
19990510-0,Monday,10-MAY-1999,-,A1, Landing (LDG),Loma Bonita Air Base,Mexico,6,0, Damaged beyond repair,-,Boeing 737-247,2,Pratt & Whitney JT8D-9,1969,-,-, B-12001, 20127/144,Mexican AF,Military,-,-,-,-,-,-,-,-,-,6,0,0,0,-,-,Preliminary
19990512-0,Wednesday,12-MAY-1999,-,C1, En route (ENR),30 km (18.8 mls) from  Luzamba,Angola,5,0, Damaged beyond repair,-,Antonov An-26,-,-,1980,-,-, D2-FBN,-,Volga Atlantic Airlines,Cargo,-,Luzamba Airport,LZM,FNLZ,Angola,Luanda-4 de Fevereiro Airport,LAD,FNLU,Angola,3,2,0,0,-,-,-
19990514-0,Friday,14-MAY-1999,00:03,A2, Landing (LDG),"Hickory Airport, NC (HKY)",United States of America,4,0, Substantial, Repaired,Beechcraft B100 King Air,-,-,1979,-,9872.0, N924RM, BE-063,Private,Executive,-,Richmond International Airport (Byrd Field),RIC,KRIC,United States of America,Hickory Airport,HKY,KHKY,United States of America,1,3,0,0,-,-,Final
19990516-0,Sunday,16-MAY-1999,-,A1, Unknown (UNK),Naser Abad,Iran,-,0, Damaged beyond repair,-,Antonov An-2R,-,-,-,-,-, SP-WLI, 1G144-49,ZUA,Unknown,-,-,-,-,-,-,-,-,-,-,-,0,0,-,-,-
19990517-0,Monday,17-MAY-1999,-,O1, Standing (STD),Santiago-Arturo Merino Benitez Airport (SCL),Chile,-,0, Damaged beyond repair,-,Boeing 737-2A6,2,Pratt & Whitney JT8D-9A,1969,-,-, CC-CYR, 20195/205,LADECO,Unknown,-,Santiago-Arturo Merino Benitez Airport,SCL,SCEL,Chile,-,-,-,-,-,-,0,0,-,-,-
19990517-1,Monday,17-MAY-1999,-,A2, Approach (APR),El Paraiso Ranch,Bolivia,-,0, Substantial, Repaired,Curtiss C-46F-1-CU Commando,2,Pratt & Whitney R-2800,1945,-,-, CP-1319, 22428,CAMBA,Unknown,-,San Borja Airport,SRJ,SLSB,Bolivia,-,-,-,-,-,-,0,0,-,-,Preliminary
19990517-2,Monday,17-MAY-1999,18:40,A2, Landing (LDG),"Bemidji Airport, MN (BJI)",United States of America,1,0, Substantial, Repaired,Beechcraft 99A Airliner,-,-,1970,-,8017.0, N133BA, U-142,Bemidji Airlines,Test,-,Bemidji Airport,BJI,KBJI,United States of America,Bemidji Airport,BJI,KBJI,United States of America,1,0,0,0,-,-,Final
19990519-0,Wednesday,19-MAY-1999,-,A1, Landing (LDG),Berbérati Airport (BBT),Central African Republic,33,0, Damaged beyond repair,-,Yakovlev Yak-40,3,Ivchenko AI-25,1975,-,-, TL-ACO, 9632049,Centrafrican Airlines,Domestic Scheduled Passenger,-,-,-,-,-,Berbérati Airport,BBT,FEFT,Central African Republic,3,30,0,0,-,-,-
19990522-0,Saturday,22-MAY-1999,-,C1, Standing (STD),Leskovac,Serbia,0,0, Damaged beyond repair,-,Antonov An-2T,-,-,-,-,-, 70301, 1G167-17,Serbian Air Force,Military,-,-,-,-,-,-,-,-,-,0,0,0,0,-,-,- (No safety board investigation)
19990522-1,Saturday,22-MAY-1999,-,C1, Standing (STD),Leskovac,Serbia,0,0, Damaged beyond repair,-,Antonov An-2T,-,-,-,-,-, 70374, 1G171-04,Serbian Air Force,Military,-,-,-,-,-,-,-,-,-,0,0,0,0,-,-,- (No safety board investigation)
19990522-2,Saturday,22-MAY-1999,-,C1, Standing (STD),Leskovac,Serbia,0,0, Damaged beyond repair,-,Antonov An-2T,-,-,-,-,-, 70375, 1G171-05,Serbian Air Force,Military,-,-,-,-,-,-,-,-,-,0,0,0,0,-,-,- (No safety board investigation)
19990524-0,Monday,24-MAY-1999,13:15,A1, Takeoff (TOF),Kuching Airport (KCH),Malaysia,5,5, Damaged beyond repair,-,de Havilland Canada DHC-4A Caribou,-,-,1969,-,-, M21-05, 270,Royal Malaysian AF,Military,-,Kuching Airport,KCH,WBGG,Malaysia,Kuching Airport,KCH,WBGG,Malaysia,5,0,5,0,-,-,-
19990529-0,Saturday,29-MAY-1999,14:00,A1, Initial climb (ICL),Ol Kiombo,Kenya,2,2, Damaged beyond repair,-,Let L-410UVP-E,2,Walter M-601E,1991,-,-, 5Y-LET, 912620,Malindi Air Services,Ferry/positioning,-,-,-,-,-,-,-,-,-,2,0,2,0,-,-,Preliminary
19990601-0,Tuesday,01-JUN-1999,23:51,A1, Landing (LDG),"Little Rock National Airport, AR (LIT)",United States of America,145,11, Destroyed, Written off (damaged beyond repair),McDonnell Douglas DC-9-82 (MD-82),2,Pratt & Whitney JT8D-217C,1983,27103.0,49136.0, N215AA, 49163/1111,American Airlines,Domestic Scheduled Passenger,AA1420,Dallas/Fort Worth International Airport,DFW,KDFW,United States of America,Little Rock National Airport,LIT,KLIT,United States of America,6,139,1,10,-,-,Final
19990603-0,Thursday,03-JUN-1999,-,A1, En route (ENR),80 km (50 mls) E of Khartoum,Sudan,50,50, Damaged beyond repair,-,Antonov An-32,2,Ivchenko AI-20,-,-,-, registration unknown,-,Sudan AF,Military,-,Kassala Airport,KSL,HSKA,Sudan,Khartoum-Civil Airport,KRT,HSSS,Sudan,-,-,-,-,-,-,-
19990609-0,Wednesday,09-JUN-1999,17:15,A1, Landing (LDG),Zhanjiang Airport (ZHA),China,90,0, Damaged beyond repair,-,Boeing 737-3Y0,2,CFMI CFM56-3B1,1991,-,-, B-2525, 24918/2087,China Southern,Domestic Scheduled Passenger,8877,Guangzhou-Baiyun Airport,CAN,ZGGG,China,Zhanjiang Airport,ZHA,ZGNU,China,9,81,0,0,-,-,-
19990609-5,Wednesday,09-JUN-1999,-,A1, En route (ENR),off Coron Airport (XCN),Philippines,1,1, Damaged beyond repair,-,Britten-Norman BN-2A-21 Islander,2,Lycoming IO-540-K1B5,1977,-,-, RP-C471, 473,Pacific Airways,Unknown,-,Caticlan-Malay Airport,MPH,RPVE,Philippines,-,-,-,-,1,0,1,0,-,-,-
19990611-0,Friday,11-JUN-1999,-,A1, Takeoff (TOF),Kukes,Albania,15,0, Damaged beyond repair,-,Lockheed Hercules C.1 (C-130K),-,-,1968,-,-, XV298, 4264,RAF,Military,-,-,-,-,-,-,-,-,-,6,9,0,0,-,-,-
19990612-0,Saturday,12-JUN-1999,-,H2, En route (ENR),at an unknown location,China,75,0, None,-,Boeing 737,-,-,-,-,-, registration unknown,-,Xiamen Airlines,Domestic Scheduled Passenger,8502,-,-,-,-,Xiamen Airport,XMN,ZSAM,China,7,68,0,0,-,-,-
19990614-0,Monday,14-JUN-1999,10:38,A1, Takeoff (TOF),"Thunder Bay Airport, ON (YQT)",Canada,5,0, Damaged beyond repair,-,Beechcraft A100 King Air,-,-,1972,-,-, C-GASW, B-108,Thunder Airlines,Domestic Non Scheduled Passenger, 103,Thunder Bay Airport,YQT,CYQT,Canada,Red Lake Airport,YRL,CYRL,Canada,2,3,0,0,-,-,Final
19990617-0,Thursday,17-JUN-1999,08:52,A1, En route (ENR),20 km (12.5 mls) ESE of Goroka,Papua New Guinea,17,17, Damaged beyond repair,-,Embraer EMB-110P2 Bandeirante,2,Pratt & Whitney Canada PT6A-34,1979,-,-, P2-ALX, 110210,Airlink,Domestic Scheduled Passenger,-,Lae-Nadzab Airport,LAE,AYNZ,Papua New Guinea,Goroka Airport,GKA,AYGA,Papua New Guinea,2,15,2,15,-,-,-
19990619-0,Saturday,19-JUN-1999,-,A1, Maneuvering (MNV),within Xinjiang Province,China,-,-, Damaged beyond repair,-,Harbin Yunshuji Y-11,2,Jia Housai 6itsi,1984,-,-, B-3886, 11-0302,Xinjiang General Aviation,Agricultural,-,-,-,-,-,-,-,-,-,-,-,-,-,-,-,-
19990622-0,Tuesday,22-JUN-1999,-,A1, Approach (APR),"0,5 km (0.3 mls) W of Agen-La Garenne Airport (AGF)",France,18,2, Damaged beyond repair,-,CASA C-212 Aviocar 100,-,-,1975,-,-, F-GOBP, 10,Boogie Performance,Parachuting,-,Agen-La Garenne Airport,AGF,LFBA,France,Agen-La Garenne Airport,AGF,LFBA,France,2,16,2,0,-,-,-
19990622-1,Tuesday,22-JUN-1999,18:30,A1, Landing (LDG),Porthcurno Airstrip,United Kingdom,1,0, Damaged beyond repair,-,Antonov An-2T,-,-,1972,-,-, LY-ASA, 1G139-49,private,Private,-,-,-,-,-,-,-,-,-,1,0,0,0,-,-,Final
19990625-0,Friday,25-JUN-1999,13:20,A2, Initial climb (ICL),"Long Haul Lake, MB",Canada,2,1, Substantial, Repaired,de Havilland Canada DHC-3 Otter,1,Shvetsov ASh-62IR-M18,1955,-,-, C-FIFP,  73,Blue Water Aviation Services,Test,-,-,-,-,-,-,-,-,-,2,0,1,0,-,-,Final
19990630-0,Wednesday,30-JUN-1999,04:41,A1, Approach (APR),Seraing,Belgium,2,2, Damaged beyond repair,-,Beechcraft 99 Airliner,2,Pratt & Whitney Canada PT6A-20,1968,-,-, D-IBEX, U- 45,Nightexpress,Cargo, 114,London-Luton Airport,LTN,EGGW,United Kingdom,Frankfurt International Airport,FRA,EDDF,Germany,2,0,2,0,-,-,Final
19990630-1,Wednesday,30-JUN-1999,-,A1, Unknown (UNK),Middle Wallop,United Kingdom,2,0, Damaged beyond repair,-,Pilatus Britten-Norman BN-2T Islander AL.1,2,Allison 250-B17C,1989,-,-, ZG994, 2206,British Army,Military,-,-,-,-,-,-,-,-,-,-,-,0,0,-,-,-
19990699-0,-,xx-JUN-1999,-,A2, Landing (LDG),Chengdu Airport (CTU),China,-,0, Substantial, Repaired,Tupolev Tu-154M,3,Soloviev D-30KU-154-II,1993,-,-, RA-85795, 93A979,Unknown,Unknown,-,-,-,-,-,Chengdu Airport,CTU,ZUUU,China,-,-,0,0,-,-,-
19990701-0,Thursday,01-JUL-1999,-,C1, En route (ENR),Luzamba,Angola,5,1, Damaged beyond repair,-,Antonov An-12B,4,Ivchenko AI-20M,1968,-,-, TN-AFR, 8345502,Savanair (Angola),Cargo,-,Saurimo Airport,VHC,FNSA,Angola,Luanda-4 de Fevereiro Airport,LAD,FNLU,Angola,5,0,1,0,-,-,-
19990701-1,Thursday,01-JUL-1999,22:24,A2, Landing (LDG),"Hyannis-Barnstable Airport, MA (HYA)",United States of America,4,0, Substantial, Repaired,Learjet 60,-,-,-,-,4294.0, N219FX, 60-007,Bombardier Business Jet Solutions,Executive,-,Washington-Dulles International Airport,IAD,KIAD,United States of America,Hyannis-Barnstable Airport,HYA,KHYA,United States of America,2,2,0,0,-,-,Final
19990702-0,Friday,02-JUL-1999,14:27,A1, Approach (APR),ca 14 km E of Sittwe-Civil Airport (AKY),Myanmar,8,8, Damaged beyond repair,-,Fokker F-27 Friendship 600,2,Rolls-Royce Dart 532-7,1979,-,-, XY-AEO, 10594,Myanma Airways,Cargo,-,Yangon-Mingaladon Airport,RGN,VYYY,Myanmar,Sittwe-Civil Airport,AKY,VYSW,Myanmar,4,4,4,4,-,-,-
19990704-0,Sunday,04-JUL-1999,12:12,A1, Landing (LDG),Villavicencio-La Vanguardia Airport (VVC),Colombia,15,4, Damaged beyond repair,-,Douglas DC-6A,4,Pratt & Whitney R-2800-CB16,1958,-,-, HK-1776, 45499/1011,LANC Colombia,Domestic Non Scheduled Passenger,-,Villavicencio-La Vanguardia Airport,VVC,SKVV,Colombia,Mitú Airport,MVP,SKMU,Colombia,3,12,0,4,-,-,Final
19990707-0,Wednesday,07-JUL-1999,19:34,A1, En route (ENR),11 km (6.9 mls) SW of Kathmandu-Tribhuvan Airport (KTM),Nepal,5,5, Destroyed, Written off (damaged beyond repair),Boeing 727-243F,3,Pratt & Whitney JT8D-15,1981,25000.0,43000.0, VT-LCI, 22168/1770,Hinduja,Cargo,8533,Kathmandu-Tribhuvan Airport,KTM,VNKT,Nepal,Delhi-Indira Gandhi International Airport,DEL,VIDP,India,5,0,5,0,-,-,Final
19990709-0,Friday,09-JUL-1999,04:30,A1, Approach (APR),Toluca Airport (TLC),Mexico,4,4, Damaged beyond repair,-,Hawker Siddeley HS-125-1A-522,-,-,1965,-,-, XA-TAL, 25064,Aero Jet Express,Cargo,-,Los Mochis-Federal Airport,LMM,MMLM,Mexico,Toluca Airport,TLC,MMTO,Mexico,2,2,2,2,-,-,Preliminary
19990715-4,Thursday,15-JUL-1999,17:20,A2, Landing (LDG),"New York-John F. Kennedy International Airport, NY (JFK)",United States of America,190,0, Substantial, Repaired,Airbus A300B4-605R,-,-,-,-,30610.0, N80057, 465,American Airlines,International Scheduled Passenger,AA670,Port-au-Prince-Mais Gate Airport,PAP,MTPP,Haiti,New York-John F. Kennedy International Airport,JFK,KJFK,United States of America,10,180,0,0,-,-,Final
19990720-0,Tuesday,20-JUL-1999,11:05,A1, En route (ENR),50 km (31.3 mls) W of Bluefields,Nicaragua,16,16, Damaged beyond repair,-,Cessna 208B Grand Caravan,1,Pratt & Whitney Canada PT6A-114A,1993,-,-, YN-CED, 208B0341,La Costena,Domestic Scheduled Passenger, 046,Managua-Augusto C. Sandino Airport,MGA,MNMG,Nicaragua,Bluefields Airport,BEF,MNBL,Nicaragua,2,14,2,14,-,-,Preliminary
19990723-0,Friday,23-JUL-1999,12:16,H2, En route (ENR),near Tokyo,Japan,517,1, None,-,Boeing 747-481D,4,General Electric CF6-80C2B1F,1995,-,-, JA8966, 27442/1066,All Nippon,Domestic Scheduled Passenger,NH61,Tokyo-Haneda Airport,HND,RJTT,Japan,Sapporo-Chitose Airport,CTS,RJCC,Japan,14,503,1,0,-,-,-
19990723-1,Friday,23-JUL-1999,03:30,A1, En route (ENR),near Orito,Colombia,7,7, Damaged beyond repair,-,de Havilland Canada DHC-7-102 (O-5A),4,Pratt & Whitney Canada PT6A-50,1982,-,-, N5382W, 95,US Army,Military,-,Apiay Airport,API,SKAP,Colombia,-,-,-,-,7,0,7,0,-,-,-
19990724-0,Saturday,24-JUL-1999,05:35,A1, En route (ENR),near Delailasakau,Fiji,17,17, Damaged beyond repair,-,Embraer EMB-110P1 Bandeirante,2,Pratt & Whitney Canada PT6A-34,1983,22411.0,13563.0, DQ-AFN, 110416,Air Fiji,Domestic Scheduled Passenger, 121,Suva-Nausori Airport,SUV,NFSU,Fiji,Nadi International Airport,NAN,NFFN,Fiji,2,15,2,15,-,-,Final
19990726-0,Monday,26-JUL-1999,13:46,A1, Takeoff (TOF),Irkutsk Airport (IKT),Russia,7,0, Damaged beyond repair,-,Ilyushin Il-76TD,4,Soloviev D-30KP,1991,1177.0,2882.0, RA-76819, 1013409274,Elf Air,Cargo,-,Irkutsk Airport,IKT,UIII,Russia,Perm Airport,PEE,USPP,Russia,7,0,0,0,-,-,-
19990726-1,Monday,26-JUL-1999,-,A1, Landing (LDG),Arusha Airport (ARK),Tanzania,5,0, Substantial, Written off (damaged beyond repair),Let L-410UVP-E9,2,Walter M-601E,1996,-,-, 5H-PAB, 962715,Precision Air,Training,-,Arusha Airport,ARK,HTAR,Tanzania,Arusha Airport,ARK,HTAR,Tanzania,2,3,0,0,-,-,Final
19990728-0,Wednesday,28-JUL-1999,-,A1, Approach (APR),1 km (0.6 mls) off  Rhodes/Paradisi-Diagoras Airport (RHO),Greece,2,0, Damaged beyond repair,-,Swearingen SA227-AC Metro III,-,-,1986,-,-, SX-BGG, AC-656,Kal Aviation,Cargo,-,Athens-Ellinikon International Airport,ATH,LGAT,Greece,Rhodes/Paradisi-Diagoras Airport,RHO,LGRP,Greece,2,0,0,0,-,-,-
19990728-1,Wednesday,28-JUL-1999,10:59,A2, En route (ENR),near Brazzaville,Congo,44,0, Substantial, Repaired,Hawker Siddeley HS-748-232 Srs. 2A,-,-,1967,-,-, TN-AGA, 1611,Air Espace,Domestic Scheduled Passenger,-,Brazzaville-Maya Maya Airport,BZV,FCBB,Congo,-,-,-,-,5,39,0,0,-,-,Preliminary
19990729-0,Thursday,29-JUL-1999,15:00,A2, En route (ENR),"near Anchorage International Airport, AK (ANC)",United States of America,5,0, Substantial, Repaired,Boeing 747-269B,4,Pratt & Whitney JT9D-7J,1978,-,59727.0, N707CK, 21541/332,Kitty Hawk International,Cargo,-,Anchorage International Airport,ANC,PANC,United States of America,Bangkok-Don Muang International Airport,BKK,VTBD,Thailand,5,0,0,0,-,-,Final
19990730-0,Friday,30-JUL-1999,-,H2, En route (ENR),Arauca-Santiago Pérez Airport (AUC),Colombia,15,0, None,-,Beechcraft 1900D,2,Pratt & Whitney Canada PT6A-67D,1999,-,-, YV-466C, UE-343,Avior,Domestic Scheduled Passenger,  83,Barinas Airport,BNS,SVBI,Venezuela,Guasdualito-Vare Maria Airport,GDO,SVGD,Venezuela,2,13,0,0,-,-,-
19990799-0,-,xx-JUL-1999,-,A1, Landing (LDG),at an unknown location,Bolivia,-,0, Damaged beyond repair,-,Curtiss C-46A-5-CU Commando,2,Pratt & Whitney R-2800,1943,-,-, CP-746, 26417,SAO,Cargo,-,-,-,-,-,-,-,-,-,-,-,0,0,-,-,Preliminary
19990806-0,Friday,06-AUG-1999,-,A1, Landing (LDG),Ilaga Airport (ILA),Indonesia,2,0, Damaged beyond repair,-,de Havilland Canada DHC-6 Twin Otter 300,2,Pratt & Whitney Canada PT6A-27,1975,-,-, PK-NUU, 478,Merpati Nusantara,Unknown,-,-,-,-,-,Ilaga Airport,ILA,WABL,Indonesia,2,0,0,0,-,-,Preliminary
19990807-0,Saturday,07-AUG-1999,12:02,A1, En route (ENR),Santo Antão Island,Cape Verde,18,18, Damaged beyond repair,-,Dornier 228-201,2,Garrett TPE331-5-252D,1986,-,-, D4-CBC, 8091,Cabo Verde Coast Guard,Domestic Scheduled Passenger,5002,São Vicente-San Pedro Airport,VXE,GVSV,Cape Verde,Santo Antão Airport,NTO,GVAN,Cape Verde,2,16,2,16,-,-,Preliminary - official
19990807-1,Saturday,07-AUG-1999,09:30,A2, Standing (STD),"Ketchikan-Waterfront SPB, AK (WFB)",United States of America,17,0, Substantial, Repaired,de Havilland Canada DHC-6 Twin Otter 300,-,-,-,-,33938.0, N288SA, 389,Seaborne Aviation,Domestic Non Scheduled Passenger,-,-,-,-,-,-,-,-,-,2,15,0,0,-,-,Final
19990807-2,Saturday,07-AUG-1999,09:30,A2, Taxi (TXI),"Ketchikan-Waterfront SPB, AK (WFB)",United States of America,17,0, Minor, Repaired,de Havilland Canada DHC-6 Twin Otter 300,-,-,-,-,34290.0, N224SA, 247,Seaborne Aviation,Domestic Non Scheduled Passenger,-,-,-,-,-,-,-,-,-,2,15,0,0,-,-,Final
19990807-3,Saturday,07-AUG-1999,13:45,A2, Approach (APR),"Memphis International Airport, TN (MEM",United States of America,5,0, Substantial, Repaired,McDonnell Douglas DC-10-10F,-,-,1972,-,40552.0, N68058, 46705/33,FedEx,Cargo,FX3206,Los Angeles International Airport,LAX,KLAX,United States of America,Memphis International Airport,MEM,KMEM,United States of America,3,2,0,0,-,-,Final
19990810-0,Tuesday,10-AUG-1999,-,C1, En route (ENR),near Ran of Kutch,Pakistan,16,16, Damaged beyond repair,-,Breguet 1150 Atlantic,2,Rolls-Royce Tyne RTy.20 Mk 21,-,-,-, 91, 33,Pakistan Navy,Military,-,-,-,-,-,-,-,-,-,-,-,-,-,-,-,-
19990812-0,Thursday,12-AUG-1999,23:57,A1, Approach (APR),"1,5 km (0.9 mls) NW of Sept-Îles Airport, QC (YZV)",Canada,4,1, Destroyed, Written off (damaged beyond repair),Beechcraft 1900D,2,Pratt & Whitney Canada PT6A-67D,1999,-,373.0, C-FLIH, UE-347,Regionnair,Domestic Scheduled Passenger, 347,Port Menier Airport,YPN,CYPN,Canada,Sept-Îles Airport,YZV,CYZV,Canada,2,2,1,0,-,-,Final
19990813-0,Friday,13-AUG-1999,13:11,A1, En route (ENR),"Hillsborough, NH",United States of America,1,0, Destroyed, Written off (damaged beyond repair),Cessna 208 Caravan I,1,Pratt & Whitney Canada PT6A-114A,1990,-,6132.0, N193GE, 20800193,Greystoke Engineering Inc,Ferry/positioning,-,Manchester Municipal Airport,MHT,KMHT,United States of America,Denver International Airport,DEN,KDEN,United States of America,1,0,0,0,-,-,Final
19990813-1,Friday,13-AUG-1999,-,A2, Landing (LDG),Yangon-Mingaladon Airport (RGN),Myanmar,67,0, Substantial, Repaired,Fokker F-28 Fellowship 1000,-,-,1970,-,-, XY-ADU, 11019,Myanma Airways,Passenger,-,-,-,-,-,Yangon-Mingaladon Airport,RGN,VYYY,Myanmar,4,63,0,0,-,-,Preliminary
19990814-1,Saturday,14-AUG-1999,-,A1, Landing (LDG),Juba Airport (JUB),South Sudan,-,0, Damaged beyond repair,-,Boeing 707-351C,4,Pratt & Whitney JT3D-3B (HK2),1967,-,-, ST-ANP, 19632/649,TAAT,Cargo,-,-,-,-,-,Juba Airport,JUB,HSSJ,South Sudan,-,-,0,0,-,-,Preliminary
19990816-0,Monday,16-AUG-1999,17:33,A1, Landing (LDG),"San Antonio International Airport, TX (SAT)",United States of America,2,0, Substantial, Written off (damaged beyond repair),Swearingen SA227-AC Metro III,2,Garrett TPE331-11U,1981,-,19317.0, N2671V, AC-437,Merlin Express,Training,-,San Antonio International Airport,SAT,KSAT,United States of America,San Antonio International Airport,SAT,KSAT,United States of America,2,0,0,0,-,-,Final
19990816-1,Monday,16-AUG-1999,23:47,A1, Landing (LDG),"Fort Lauderdale-Executive Airport, FL (FXE)",United States of America,3,0, Substantial, Written off (damaged beyond repair),Canadair CL-600-1A11 Challenger 600,2,Lycoming ALF502L-2,1981,-,9503.0, N63HJ, 1021,Hop-A-Jet Inc,Ferry/positioning,-,Pueblo Memorial Airport,PUB,KPUB,United States of America,Columbia Metropolitan Airport,CAE,KCAE,United States of America,3,0,0,0,-,-,Final
19990817-0,Tuesday,17-AUG-1999,-,A1, Landing (LDG),Lobutu,Democratic Republic of the Congo,2,0, Substantial, Repaired,de Havilland Canada DHC-6 Twin Otter 300,2,Pratt & Whitney Canada PT6A-27,1985,-,-, 9XR-KD, 827,Alliance Air Express,Cargo,-,Kigali-Gregoire Kayibanda Airport,KGL,HRYR,Rwanda,-,-,-,-,2,0,0,0,-,-,-
19990817-1,Tuesday,17-AUG-1999,18:17,A1, Landing (LDG),"Las Vegas-McCarran International Airport, NV (LAS)",United States of America,8,0, Damaged beyond repair,-,Beechcraft Hawker BH-125-600A,2,Rolls-Royce Viper 601,1974,-,5753.0, N454DP, 256044,DP Air,Executive,-,Salina Airport,SLN,KSLN,United States of America,Las Vegas-McCarran International Airport,LAS,KLAS,United States of America,2,6,0,0,-,-,Final
19990820-0,Friday,20-AUG-1999,13:50,A2, Takeoff (TOF),"48 km (30 mls) W of Port Alsworth, AK",United States of America,4,0, Substantial, Repaired,de Havilland Canada DHC-3T Vazar Turbine Otter,1,Pratt & Whitney Canada PT6A-135,1956,-,3712.0, N888KA, 106,Ketchum Air Service,Domestic Non Scheduled Passenger,-,-,-,-,-,-,-,-,-,1,3,0,0,-,-,Final
19990822-0,Sunday,22-AUG-1999,18:43,A1, Landing (LDG),Hong Kong-Chek Lap Kok International Airport (HKG),Hong Kong,315,3, Damaged beyond repair,-,McDonnell Douglas MD-11,3,Pratt & Whitney PW4460,1992,5824.0,30721.0, B-150, 48468/518,China Airlines,International Scheduled Passenger, 642,Bangkok-Don Muang International Airport,BKK,VTBD,Thailand,Hong Kong-Chek Lap Kok International Airport,HKG,VHHH,Hong Kong,15,300,0,3,-,-,Final
19990824-0,Tuesday,24-AUG-1999,12:36,A1, Landing (LDG),Hualien Airport (HUN),Taiwan,96,1, Damaged beyond repair,-,McDonnell Douglas MD-90-30,2,IAE V2525-D5,1996,7736.0,4929.0, B-17912, 53536/2160,Uni Air,Domestic Scheduled Passenger, 873,Taipei-Songshan Airport,TSA,RCSS,Taiwan,Hualien Airport,HUN,RCYU,Taiwan,6,90,0,1,-,-,Final
19990825-0,Wednesday,25-AUG-1999,-,H2, En route (ENR),Barcelona Airport (BCN),Spain,88,0, Unknown,-,Boeing 737-8B6,2,CFMI CFM56-7B26,1998,-,-, CN-RNJ, 28980/55,RAM,International Scheduled Passenger, 572,Casablanca-Mohamed V Airport,CMN,GMMN,Morocco,Tunis-Carthage Airport,TUN,DTTA,Tunisia,9,79,0,0,-,-,-
19990826-0,Thursday,26-AUG-1999,10:51,A1, Landing (LDG),2 km (1.3 mls) from  Turtkul Airport,Uzbekistan,33,2, Damaged beyond repair,-,Yakovlev Yak-40,3,Ivchenko AI-25,1973,-,-, UK-87848, 9331730,Uzbekistan Airways,Domestic Scheduled Passenger,-,Tashkent-Yuzhny Airport,TAS,UTTT,Uzbekistan,-,-,-,-,4,29,0,2,-,-,Preliminary
19990827-1,Friday,27-AUG-1999,10:04,A2, Landing (LDG),"Gulkana Airport, AK (GKN)",United States of America,4,0, Substantial, Repaired,Learjet 35,-,-,-,-,13361.0, N90WR, 35-022,FS Air Service,Ambulance,-,Anchorage-Ted Stevens International Airport,ANC,PANC,United States of America,Gulkana Airport,GKN,PAGK,United States of America,4,0,0,0,-,-,Final
19990828-0,Saturday,28-AUG-1999,-,H2, Standing (STD),"Kopiago, Fugwa",Papua New Guinea,19,0, Unknown,-,de Havilland Canada DHC-6 Twin Otter,-,-,-,-,-, registration unknown,-,MAF PNG,Domestic Non Scheduled Passenger,-,Kopiago Airport,KPA,AYKG,Papua New Guinea,-,-,-,-,3,16,0,0,-,-,-
19990829-1,Sunday,29-AUG-1999,13:31,C1, En route (ENR),25 km (15.6 mls) S of Adwa,Ethiopia,2,2, Destroyed, Written off (damaged beyond repair),Learjet 35A,2,Garrett TFE731-2-2B,1979,3657.0,5434.0, N350JF, 35A-219,Corporate Jets,Ferry/positioning,-,Luxor Airport,LXR,HELX,Egypt,Nairobi-Jomo Kenyatta International Airport,NBO,HKJK,Kenya,2,0,2,0,-,-,Final
19990830-0,Monday,30-AUG-1999,16:14,A1, En route (ENR),Santa Rosa,Philippines,9,0, Damaged beyond repair,-,Douglas C-117D Super DC-3,2,Wright R-1820,1943,-,-, RP-C473, 43327,Mabuhay Airways,Ferry/positioning,-,-,-,-,-,Manila Airport,MNL,RPLL,Philippines,-,-,0,0,-,-,-
19990831-0,Tuesday,31-AUG-1999,20:54,A1, Takeoff (TOF),"Buenos Aires-Jorge Newbery Airport, BA (AEP)",Argentina,100,63, Destroyed, Written off (damaged beyond repair),Boeing 737-204C,2,Pratt & Whitney JT8D-9A,1970,41851.0,67864.0, LV-WRZ, 20389/251,LAPA,Domestic Scheduled Passenger,3142,Buenos Aires-Jorge Newbery Airport,AEP,SABE,Argentina,Córdoba-Ingeniero Ambrosio L.V. Taravella International Airport,COR,SACO,Argentina,5,95,3,60,-,2,Final
19990899-0,-,xx-AUG-1999,-,A1, Landing (LDG),La Paz-El Alto Airport (LPB),Bolivia,-,0, Damaged beyond repair,-,Curtiss C-46D-10-CU Commando,2,Pratt & Whitney R-2800,1945,-,-, CP-1655, 33294,SAO,Cargo,-,-,-,-,-,-,-,-,-,-,-,0,0,-,-,Preliminary
19990905-0,Sunday,05-SEP-1999,10:30,A1, Approach (APR),ca 15 km W of Kathmandu-Tribhuvan Airport (KTM),Nepal,15,15, Damaged beyond repair,-,British Aerospace BAe-748-501 Srs. 2B,2,Rolls-Royce Dart 535-2,1988,-,-, 9N-AEG, 1806,Necon Air,Domestic Scheduled Passenger, 128,Pokhara Airport,PKR,VNPK,Nepal,Kathmandu-Tribhuvan Airport,KTM,VNKT,Nepal,5,10,5,10,-,-,-
19990907-0,Tuesday,07-SEP-1999,-,A1, Landing (LDG),Port Harcourt Airport (PHC),Nigeria,19,0, Damaged beyond repair,-,de Havilland Canada DHC-7-102,4,Pratt & Whitney Canada PT6A-50,1981,-,-, 5N-EMP, 49,Skyline,Domestic Scheduled Passenger,-,-,-,-,-,Port Harcourt Airport,PHC,DNPO,Nigeria,4,15,0,0,-,-,Preliminary
19990909-0,Thursday,09-SEP-1999,11:38,A1, Landing (LDG),"Nashville Metropolitan Airport, TN (BNA)",United States of America,46,0, Damaged beyond repair,-,McDonnell Douglas DC-9-31,2,Pratt & Whitney JT8D-9A,1967,-,77374.0, N993Z, 47082/181,TWA,Domestic Scheduled Passenger,TW600,Saint Louis-Lambert International Airport,STL,KSTL,United States of America,Nashville International Airport,BNA,KBNA,United States of America,5,41,0,0,-,-,Final
19990909-1,Thursday,09-SEP-1999,-,A1, Landing (LDG),Caen-Carpiquet Airport (CFR),France,3,0, Damaged beyond repair,-,Beechcraft 200 Super King Air,-,-,1981,-,-, F-GIAL, BB-844,Alsair,Unknown,-,-,-,-,-,Caen-Carpiquet Airport,CFR,LFRK,France,2,1,0,0,-,-,-
19990910-0,Friday,10-SEP-1999,19:02,A2, Taxi (TXI),"Newcastle-Williamtown Airport, NSW (NTL)",Australia,-,0, Substantial, Repaired,Beechcraft 1900D,-,-,1994,-,-, VH-NTL, UE-117,QantasLink/Impulse,Domestic Scheduled Passenger,-,Brisbane International Airport,BNE,YBBN,Australia,Newcastle-Williamtown Airport,NTL,YWLM,Australia,-,-,0,0,-,-,Final
19990912-0,Sunday,12-SEP-1999,07:11,A2, En route (ENR),"West Palm Beach International Airport, FL (PBI)",United States of America,89,0, Substantial, Repaired,Boeing 737-3T0,2,CFMI CFM56-3B1,1988,-,34602.0, N17356, 23942/1522,Continental Air Lines,Domestic Scheduled Passenger,CO1933,West Palm Beach International Airport,PBI,KPBI,United States of America,Houston-George Bush Intercontinental Airport,IAH,KIAH,United States of America,5,84,0,0,-,-,Final
19990914-0,Tuesday,14-SEP-1999,23:47,A1, Landing (LDG),Gerona-Costa Brava Airport (GRO),Spain,245,0, Damaged beyond repair,-,Boeing 757-204,2,Rolls-Royce RB211-535E4,1992,9816.0,26429.0, G-BYAG, 26965/517,Britannia Airways,Int'l Non Scheduled Passenger, 226A,Cardiff-Wales Airport,CWL,EGFF,United Kingdom,Gerona-Costa Brava Airport,GRO,LEGE,Spain,9,236,0,0,-,-,Final
19990914-1,Tuesday,14-SEP-1999,21:30,A1, Approach (APR),"near Monte Dourado Airport, PA (MEU)",Brazil,2,2, Damaged beyond repair,-,Embraer EMB-110 Bandeirante,-,-,1969,-,-, PT-ODK, 110002,Norte Jet Táxi Aéreo,Cargo,-,Belém/Val-de-Cans International Airport,BEL,SBBE,Brazil,Monte Dourado Airport,MEU,SBMD,Brazil,2,0,2,0,-,-,Preliminary - official
19990914-2,Tuesday,14-SEP-1999,-,A2, En route (ENR),FIR Bucharest,Romania,13,7, Substantial, Repaired,Dassault Falcon 900B,3,Garrett TFE731-5BR-1C,1987,3405.0,6427.0, SX-ECH, 026,Hellenic AF,Official state flight,3838,Athens-Ellinikon International Airport,ATH,LGAT,Greece,Bucharest-Otopeni International Airport,OTP,LROP,Romania,3,10,0,7,-,-,Final
19990917-0,Friday,17-SEP-1999,15:56,A1, En route (ENR),19 km (11.9 mls) E of Zempoala,Mexico,5,5, Damaged beyond repair,-,Lockheed C-130A Hercules,-,-,1959,-,-, 3610, 3217,Mexican AF,Military,-,Santa Lucía Air Base,NLU,MMSM,Mexico,Santa Lucía Air Base,NLU,MMSM,Mexico,5,0,5,0,-,-,-
19990918-0,Saturday,18-SEP-1999,09:04,O1, Standing (STD),London-Luton Airport (LTN),United Kingdom,0,0, Damaged beyond repair,-,Shorts 330-200,-,-,1981,-,-, G-SSWU, SH.3076,Streamline Aviation,-,-,-,-,-,-,-,-,-,-,0,0,0,0,-,-,Final
19990919-0,Sunday,19-SEP-1999,11:15,A1, En route (ENR),"14,5 km (9.1 mls) SW off  Bimini",Bahamas,2,2, Destroyed, Written off (damaged beyond repair),Beechcraft 200 Super King Air,2,Pratt & Whitney Canada PT6A-41,1980,-,1841.0, YV-385CP, BB-740,Compania Aerospace de Venezuela,Private,-,Fort Lauderdale International Airport,FLL,KFLL,United States of America,Caracas-Simón Bolívar International Airport,CCS,SVMI,Venezuela,1,1,1,1,-,-,Final
19990921-0,Tuesday,21-SEP-1999,-,U1, Unknown (UNK),Nairobi-Wilson Airport (WIL),Kenya,-,-, Damaged beyond repair,-,Beechcraft 200 Super King Air,2,Pratt & Whitney Canada PT6A-41,1981,-,-, 5Y-BIW, BB-782,Private,Unknown,-,-,-,-,-,-,-,-,-,-,-,-,-,-,-,-
19990923-0,Thursday,23-SEP-1999,-,O1, Standing (STD),Groznyy Airport (GRV),Russia,0,0, Damaged beyond repair,-,Tupolev Tu-134A,-,-,1969,-,-, RA-65626, 9350704,Vaynakhavia,-,-,-,-,-,-,-,-,-,-,0,0,0,0,-,-,-
19990923-1,Thursday,23-SEP-1999,22:47,A2, Landing (LDG),Bangkok International Airport (BKK),Thailand,410,0, Substantial, Repaired,Boeing 747-438,4,Rolls-Royce RB211-524G,1990,6002.0,41151.0, VH-OJH, 24806/807,Qantas,International Scheduled Passenger,   1,Sydney-Kingsford Smith International Airport,SYD,YSSY,Australia,Bangkok-Don Muang International Airport,BKK,VTBD,Thailand,19,391,0,0,-,-,Final
19990924-0,Friday,24-SEP-1999,09:57,A2, Landing (LDG),Tulln/Langenlebarn-Brumowski Air Base,Austria,4,0, Substantial, Repaired,Learjet 36A,2,Garrett TFE731-2-2B,1981,2497.0,4091.0, OE-GMD, 36-047,Ärzteflugambulanz,Ambulance,-,Wien-Schwechat International Airport,VIE,LOWW,Austria,-,-,-,-,2,2,0,0,-,-,Final
19990926-0,Sunday,26-SEP-1999,09:35,A1, Landing (LDG),"Gainesville-Lee Gilmer Memorial Airport, GA (GVL)",United States of America,5,0, Substantial, Written off (damaged beyond repair),Learjet 24A,2,General Electric CJ610-4,-,-,12869.0, N224SC, 24-100,Dolphin Aviation,Private,-,Sarasota-Bradenton Airport,SRQ,KSRQ,United States of America,Gainesville-Lee Gilmer Memorial Airport,GVL,KGVL,United States of America,2,3,0,0,-,-,Final
19990929-0,Wednesday,29-SEP-1999,20:30,A1, Approach (APR),Pekanbaru-Simpang Tiga Airport (PKU),Indonesia,7,0, Damaged beyond repair,-,Antonov An-12,4,Ivchenko AI-20M,1964,-,-, LZ-SFJ, 4342105,Air Sofia,Cargo,-,-,-,-,-,Pekanbaru-Simpang Tiga Airport,PKU,WIBB,Indonesia,7,0,0,0,-,-,Preliminary - official
19991005-0,Tuesday,05-OCT-1999,05:45,A1, Initial climb (ICL),"7,7 km (4.8 mls) W of North Adams-Harriman-and-West Airport, MA",United States of America,2,2, Damaged beyond repair,-,Beechcraft 200 Super King Air,2,Pratt & Whitney Canada PT6A-41,1978,-,6020.0, N208MS, BB-400,Shoreline Aviation,Ferry/positioning,-,-,-,-,-,Lewisburg-Greenbrier Valley Airport,LWB,KLWB,United States of America,2,0,2,0,-,-,Final
19991008-0,Friday,08-OCT-1999,-,O1, Pushback / towing (PBT),Stockholm-Arlanda Airport (ARN),Sweden,2,0, Damaged beyond repair,-,Saab 2000,2,Allison AE2100A,1997,-,-, SE-LSF, 053,SAS Commuter,-,-,-,-,-,-,-,-,-,-,2,0,0,0,-,-,-
19991009-0,Saturday,09-OCT-1999,-,A1, Landing (LDG),Brazzaville-Maya Maya Airport (BZV),Congo,-,-, Damaged beyond repair,-,Antonov An-12B,-,-,1963,-,-, TN-AFX, 401905,Unknown,Unknown,-,-,-,-,-,Brazzaville-Maya Maya Airport,BZV,FCBB,Congo,-,-,-,-,-,-,-
19991009-2,Saturday,09-OCT-1999,10:40,A2, Landing (LDG),Norfolk Island Airport (NLK),Norfolk Island,84,0, Substantial, Repaired,Fokker 100,2,Rolls-Royce Tay 650-15,1990,-,-, VH-FWI, 11318,Flight West Airlines,Domestic Scheduled Passenger,-,Brisbane International Airport,BNE,YBBN,Australia,Norfolk Island Airport,NLK,YSNF,Norfolk Island,-,-,0,0,-,-,Final
19991011-0,Monday,11-OCT-1999,07:43,C1, Landing (LDG),Gaborone-Sir Seretse Khama International Airport (GBE),Botswana,1,1, Damaged beyond repair,-,ATR 42-320,2,Pratt & Whitney Canada PW121,1988,-,-, A2-ABB, 101,Air Botswana,Illegal Flight,-,Gaborone-Sir Seretse Khama International Airport,GBE,FBSK,Botswana,Gaborone-Sir Seretse Khama International Airport,GBE,FBSK,Botswana,1,0,1,0,-,-,Preliminary - official
19991011-1,Monday,11-OCT-1999,07:43,O1, Standing (STD),Gaborone-Sir Seretse Khama International Airport (GBE),Botswana,0,0, Damaged beyond repair,-,ATR 42-320,2,Pratt & Whitney Canada PW121,1988,-,-, A2-AJD, 084,Air Botswana,-,-,-,-,-,-,-,-,-,-,0,0,0,0,1,-,-
19991011-2,Monday,11-OCT-1999,07:43,O1, Standing (STD),Gaborone-Sir Seretse Khama International Airport (GBE),Botswana,0,0, Damaged beyond repair,-,ATR 42-320,2,Pratt & Whitney Canada PW121,1988,-,-, A2-ABC, 111,Air Botswana,-,-,-,-,-,-,-,-,-,-,0,0,0,0,1,-,-
19991011-3,Monday,11-OCT-1999,20:24,A2, Landing (LDG),"Opa-locka Airport, FL (OPF)",United States of America,2,0, Substantial, Repaired,Swearingen SA227-AC Metro III,2,Garrett TPE331,1988,-,17968.0, N438MA, AC-721,Merlin Express,Ferry/positioning,5001,Miami International Airport,MIA,KMIA,United States of America,Opa-locka Airport,OPF,KOPF,United States of America,2,0,0,0,-,-,Final
19991012-0,Tuesday,12-OCT-1999,-,O1, Standing (STD),La Paz-El Alto Airport (LPB),Bolivia,2,0, Damaged beyond repair,-,Douglas DC-6B,4,Pratt & Whitney R-2800,1951,-,-, CP-2291, 43272/190,Air Beni,-,-,-,-,-,-,-,-,-,-,2,0,0,0,-,-,Preliminary
19991015-0,Friday,15-OCT-1999,12:25,A1, En route (ENR),"Ranger Lake, ON",Canada,1,0, Damaged beyond repair,-,Cessna 208B Super Cargomaster,1,Pratt & Whitney Canada PT6A-114,1988,-,-, C-FKSL, 208B0129,Wasaya Airways,Cargo, 126,Deer Lake Airport,YVZ,CYVZ,Canada,Red Lake Airport,YRL,CYRL,Canada,1,0,0,0,-,-,Preliminary - official
19991015-1,Friday,15-OCT-1999,10:58,A1, Approach (APR),3 km (1.9 mls) from  Milano-Parma Airport (PMF),Italy,8,0, Damaged beyond repair,-,Mitusbishi Mu-300 Diamond,2,Pratt & Whitney Canada JT15D-4,1982,-,-, I-VIGI, A013SA ,Aeroitalia,Unknown,-,-,-,-,-,Milano-Parma Airport,PMF,LIMP,Italy,3,5,0,0,-,-,-
19991015-2,Friday,15-OCT-1999,-,A1, Unknown (UNK),Mitton,United Kingdom,-,0, Damaged beyond repair,-,Antonov An-2R,-,-,-,-,-, RA-01641, 1G190-47,private,Unknown,-,-,-,-,-,-,-,-,-,-,-,0,0,-,-,-
19991015-3,Friday,15-OCT-1999,09:18,A2, Taxi (TXI),"Phoenix-Sky Harbor International Airport, AZ (PHX)",United States of America,94,0, Substantial, Repaired,Airbus A320-231,-,-,-,-,32206.0, N627AW, 066,America West,Domestic Scheduled Passenger,2433,Phoenix-Sky Harbor International Airport,PHX,KPHX,United States of America,Tucson International Airport,TUS,KTUS,United States of America,5,89,0,0,-,-,Final
19991016-0,Saturday,16-OCT-1999,11:46,A1, Landing (LDG),Kinshasa-N'Djili Airport (FIH),Democratic Republic of the Congo,8,0, Damaged beyond repair,-,McDonnell Douglas DC-8-62F,4,Pratt & Whitney JT3D-3B (HK),1967,-,-, 9G-REM, 45910/311,Continental Cargo Airlines,Cargo,-,Tunis-Carthage Airport,TUN,DTTA,Tunisia,Kinshasa-N'Djili Airport,FIH,FZAA,Democratic Republic of the Congo,6,2,0,0,-,-,Preliminary - official
19991017-0,Sunday,17-OCT-1999,23:15,A1, Landing (LDG),Subic Bay International Airport (SFS),Philippines,2,0, Damaged beyond repair,-,McDonnell Douglas MD-11F,3,General Electric CF6-80C2D1F,1990,-,-, N581FE, 48419/450,FedEx,Cargo,  87,Shanghai-Hongqiao Airport,SHA,ZSSS,China,Subic Bay International Airport,SFS,RPLB,Philippines,2,0,0,0,-,-,Final
19991019-0,Tuesday,19-OCT-1999,-,H2, En route (ENR),Hamburg-Fuhlsbüttel Airport (HAM),Germany,54,0, None,-,Boeing 737-566,2,CFMI CFM56-3C1,1991,-,-, SU-GBI, 25307/2135,EgyptAir,International Scheduled Passenger,MS838,Istanbul-Atatürk International Airport,IST,LTBA,Turkey,Cairo International Airport,CAI,HECA,Egypt,-,-,0,0,-,-,-
19991019-1,Tuesday,19-OCT-1999,01:01,A2, Landing (LDG),"Fayetteville Regional Airport, NC (FAY)",United States of America,3,0, Substantial, Repaired,British Aerospace BAe-125-700A,-,-,1978,-,7552.0, N34GG, 257034,N34GG,Executive,-,Las Vegas-McCarran International Airport,LAS,KLAS,United States of America,Fayetteville Regional Airport,FAY,KFAY,United States of America,2,1,0,0,-,-,Final
19991024-0,Sunday,24-OCT-1999,14:20,A1, En route (ENR),near San Carlos,Venezuela,6,6, Damaged beyond repair,-,IAI Arava 201,-,-,1979,-,-, EV8012, 062,Venezuela Army,Military,-,-,-,-,-,Acarigua Airport,AGV,SVAC,Venezuela,3,3,3,3,-,-,-
19991024-1,Sunday,24-OCT-1999,10:15,A1, Approach (APR),Golfo di Genova,Italy,3,3, Damaged beyond repair,-,Learjet 35A,2,Garrett TFE731-2-2B,1978,-,-, I-AVJG, 35A-189,Avioriprese Jet Executive,Domestic Non Scheduled Passenger,-,Napoli Airport,NAP,LIRN,Italy,Genoa-Cristoforo Colombo Airport,GOA,LIMJ,Italy,2,1,2,1,-,-,-
19991025-1,Monday,25-OCT-1999,12:13,A1, En route (ENR),"20 km (12.5 mls) W of Aberdeen, SD",United States of America,6,6, Destroyed, Written off (damaged beyond repair),Learjet 35A,2,Garrett TFE731-2-2B,1976,-,10506.0, N47BA, 35A-060,Sunjet Aviation,Executive,-,Orlando International Airport,MCO,KMCO,United States of America,Dallas-Love Field,DAL,KDAL,United States of America,2,4,2,4,-,-,Final
19991026-0,Tuesday,26-OCT-1999,-,H2, En route (ENR),Urmia (Orumiyeh) Airport (OMH),Iran,-,0, None,-,unknown,-,-,-,-,-, registration unknown,-,Iran Air,Domestic Scheduled Passenger,-,Tehran-Mehrabad Airport,THR,OIII,Iran,Urmia (Orumiyeh) Airport,OMH,OITR,Iran,-,-,0,0,-,-,-
19991026-1,Tuesday,26-OCT-1999,19:45,A2, Landing (LDG),Yangon-Mingaladon Airport (RGN),Myanmar,92,0, Substantial, Repaired,Airbus A320-231,2,IAE V2500-A1,1994,-,-, VT-ESL, 499,Indian Airlines,International Scheduled Passenger, 727,Calcutta-Netaji Subhas Chandra Airport,CCU,VECC,India,Yangon-Mingaladon Airport,RGN,VYYY,Myanmar,9,83,0,0,-,-,Preliminary
19991029-0,Friday,29-OCT-1999,12:00,A1, En route (ENR),S off Pasni,Pakistan,21,21, Damaged beyond repair,-,Lockheed P-3C-II.75 Orion,-,-,1988,-,-, 83, 185-5827,Pakistan Navy,Military,-,-,-,-,-,-,-,-,-,-,-,-,-,-,-,-
19991031-0,Sunday,31-OCT-1999,01:52,C1, En route (ENR),"100 km (62.5 mls) S off  Nantucket Island, MA, USA",Atlantic Ocean,217,217, Destroyed, Written off (damaged beyond repair),Boeing 767-366ER,2,Pratt & Whitney PW4060,1989,7556.0,33219.0, SU-GAP, 24542/282,EgyptAir,International Scheduled Passenger,MS990,New York-John F. Kennedy International Airport,JFK,KJFK,United States of America,Cairo International Airport,CAI,HECA,Egypt,15,202,15,202,-,-,Final
19991099-0,-,XX-OCT-1999,-,O1, Standing (STD),at an unknown location,Bosnia and Herzegovina,0,0, Damaged beyond repair,-,Antonov An-2R,-,-,-,-,-, 9A-DBZ, 1G158-14,Geofoto,-,-,-,-,-,-,-,-,-,-,0,0,0,0,-,-,-
19991107-0,Sunday,07-NOV-1999,14:55,A2, Landing (LDG),Barcelona Airport (BCN),Spain,44,0, Substantial, Repaired,Fokker 100,2,Rolls-Royce Tay 620-15,1988,22880.0,24429.0, I-ALPL, 11250,Alpi Eagles,International Scheduled Passenger,2708,Venice-Marco Polo Airport,VCE,LIPZ,Italy,Barcelona-El Prat Airport,BCN,LEBL,Spain,5,39,0,0,-,-,Final
19991109-0,Tuesday,09-NOV-1999,19:03,A1, En route (ENR),12 km (7.5 mls) from  Uruapan,Mexico,18,18, Destroyed, Written off (damaged beyond repair),McDonnell Douglas DC-9-31F,2,Pratt & Whitney JT8D-7B,1970,59000.0,58000.0, XA-TKN, 47418/570,TAESA,Domestic Scheduled Passenger, 725,Uruapan Airport,UPN,MMPN,Mexico,Mexico City-Benito Juárez International Airport,MEX,MMMX,Mexico,5,13,5,13,-,-,-
19991110-0,Wednesday,10-NOV-1999,-,C1, Standing (STD),Mbandaka Airport (MDK),Democratic Republic of the Congo,-,6, Damaged beyond repair,-,Antonov An-12,-,-,-,-,-, registration unknown,-,D.R. Congo AF,Military,-,-,-,-,-,-,-,-,-,-,-,-,-,-,-,-
19991110-1,Wednesday,10-NOV-1999,07:30,A1, En route (ENR),"near La Montañita, Caquetá",Colombia,5,5, Damaged beyond repair,-,Douglas DC-3C,2,Pratt & Whitney R-1830-92,1944,-,17897.0, HK-2581, 27006/15561,ALIANSA Colombia,Cargo,-,Putumayo Airport,PYO,SEPT,Ecuador,Villavicencio-La Vanguardia Airport,VVC,SKVV,Colombia,3,2,3,2,-,-,Final
19991111-0,Thursday,11-NOV-1999,20:20,A1, Takeoff (TOF),"Chicago-Merrill C Meigs Field, IL (CGX)",United States of America,3,3, Damaged beyond repair,-,Beechcraft 200 Super King Air,-,-,1976,-,8635.0, N869, BB-174,Jaymar Ruby,Executive,-,Chicago-Merrill C Meigs Field,CGX,KCGX,United States of America,South Bend Regional,SBN,KSBN,United States of America,2,1,2,1,-,-,Final
19991112-0,Friday,12-NOV-1999,11:14,A1, En route (ENR),18 km (11.3 mls) NE of Mitrovica,Kosovo,24,24, Destroyed, Written off (damaged beyond repair),ATR 42-312,2,Pratt & Whitney Canada PW121,1986,32810.0,24930.0, F-OHFV, 012,SiFly,Int'l Non Scheduled Passenger,3275,Roma-Ciampino Airport,CIA,LIRA,Italy,Pristina Airport,PRN,LYPR,Kosovo,3,21,3,21,-,-,Final
19991112-1,Friday,12-NOV-1999,-,A1, Landing (LDG),Lukapa Airport (LBZ),Angola,6,0, Damaged beyond repair,-,Antonov An-12B,-,-,1966,-,-, D2-FRK, 6344202,Unknown,Cargo,-,Luena Airport,LUO,FNUE,Angola,Lukapa Airport,LBZ,FNLK,Angola,-,-,0,0,-,-,-
19991118-0,Thursday,18-NOV-1999,-,A1, En route (ENR),near Tshikapa,Democratic Republic of the Congo,-,0, Damaged beyond repair,-,Convair CV-580,2,Allison 501-D13,1961,-,-, 9Q-CEJ,  79,CAA,Cargo,-,Tshikapa Airport,TSH,FZUK,Democratic Republic of the Congo,Kananga Airport,KGA,FZUA,Democratic Republic of the Congo,-,-,0,0,-,-,Preliminary
19991119-2,Friday,19-NOV-1999,-,O1, Standing (STD),Anguilla-Wallblake Airport (AXA),Anguilla,0,0, Damaged beyond repair,-,Pilatus Britten-Norman BN-2A-26 Islander,2,Lycoming O-540-E4C5,1986,-,-, N907VL, 2192,Vieques Air Link,-,-,-,-,-,-,-,-,-,-,0,0,0,0,-,-,-
19991120-0,Saturday,20-NOV-1999,17:00,A2, Landing (LDG),Benguela-Gen V Deslandes Airport (BUG),Angola,5,0, Unknown,-,Reims Cessna F406 Caravan II,2,Pratt & Whitney Canada PT6A-112,1987,-,-, D2-ECQ, F406-0019,SAL  Sociedade de Aviaçao Ligeira,Domestic Scheduled Passenger,-,Luanda Airport,LAD,FNLU,Angola,Benguela-Gen V Deslandes Airport,BUG,FNBG,Angola,2,3,0,0,-,-,-
19991123-0,Tuesday,23-NOV-1999,-,H2, En route (ENR),Xiamen Airport (XMN),China,20,0, None,-,de Havilland Canada DHC-8-301,-,-,-,-,-, registration unknown,-,Zhejiang Airlines,Domestic Scheduled Passenger,-,Yiwu Airport,YIW,ZSYW,China,Xiamen Airport,XMN,ZSAM,China,-,-,0,0,-,-,-
19991123-1,Tuesday,23-NOV-1999,-,A1, Takeoff (TOF),Kwando Airstrip,Botswana,-,3, Damaged beyond repair,-,IRMA/Britten-Norman BN-2A-21 Islander,-,-,1976,-,-, OA-4, 772,Botswana AF,Military,-,-,-,-,-,-,-,-,-,-,-,-,-,-,-,-
19991126-0,Friday,26-NOV-1999,05:26,A1, Takeoff (TOF),Nairobi-Jomo Kenyatta International Airport (NBO),Kenya,4,4, Damaged beyond repair,-,Cessna 208 Caravan I,1,Pratt & Whitney Canada PT6A-114,1985,-,-, 5Y-RAN, 20800037,DHL Aviation Africa,Cargo,-,Nairobi-Jomo Kenyatta International Airport,NBO,HKJK,Kenya,Dar es Salaam International Airport,DAR,HTDA,Tanzania,1,3,1,3,-,-,Preliminary
19991127-0,Saturday,27-NOV-1999,01:34,A1, Landing (LDG),"Boise Air Terminal (Gowen Field), ID (BOI)",United States of America,2,0, Damaged beyond repair,-,Dassault Falcon 20DC,2,General Electric CF700,1965,-,28855.0, N216SA, 16,RBS Aviation Group,Cargo,-,Omaha-Eppley Airfield,OMA,KOMA,United States of America,Boise Air Terminal,BOI,KBOI,United States of America,2,0,0,0,-,-,Final
19991129-0,Monday,29-NOV-1999,-,A1, En route (ENR),30 km (18.8 mls) from  Szczecin,Poland,3,0, Damaged beyond repair,-,Antonov An-28,2,Glushenkov TVD-10B,1988,-,-, ES-NOF, 1AJ005-02,Enimex,Cargo,-,Örebro-Bofors Airport,ORB,ESOE,Sweden,Szczecin-Goleniów Airport,SZZ,EPSC,Poland,2,1,0,0,-,-,Preliminary
19991201-0,Wednesday,01-DEC-1999,-,A2, Landing (LDG),Matak-Tarempa Airport (MWK),Indonesia,41,0, Substantial, Repaired,Fokker F-27 Friendship 600,-,-,1970,-,-, PK-TSK, 10441,Indonesia Air Transport - IAT,Domestic Non Scheduled Passenger,-,Matak-Tarempa Airport,MWK,WIOM,Indonesia,-,-,-,-,4,37,0,0,-,-,Preliminary - official
19991205-0,Sunday,05-DEC-1999,05:12,A1, Takeoff (TOF),Moskva-Domodedovo Airport (DME),Russia,7,5, Damaged beyond repair,-,Ilyushin Il-114T,-,-,1998,123.0,240.0, UK-91004, 1083800305,Tashkent Aircraft Production,Cargo,-,Moskva-Domodedovo Airport,DME,UUDD,Russia,Tashkent Airport,TAS,UTTT,Uzbekistan,7,0,5,0,-,-,-
19991206-0,Monday,06-DEC-1999,09:58,A2, Initial climb (ICL),"near Bethel Airport, AK (BET)",United States of America,2,0, Substantial, Repaired,Cessna 208B Grand Caravan,1,Pratt & Whitney Canada PT6A-114A,1991,-,6105.0, N5187B, 208B0270,Arctic Circle Air Service,Domestic Scheduled Passenger,  30,Bethel Airport,BET,PABE,United States of America,Marshall Airport,MLL,PADM,United States of America,1,1,0,0,-,-,Final
19991207-0,Tuesday,07-DEC-1999,09:30,A1, En route (ENR),Kasibu,Philippines,17,17, Damaged beyond repair,-,Let L-410UVP-E,2,Walter M-601E,1989,-,-, RP-C3883, 851429,Asian Spirit,Domestic Scheduled Passenger, 100,Manila International Airport,MNL,RPLL,Philippines,Cauayan Airport,CYZ,RPUY,Philippines,2,15,2,15,-,-,-
19991208-0,Wednesday,08-DEC-1999,-,A1, En route (ENR),"near João Pessoa, PB",Brazil,2,0, Damaged beyond repair,-,Cessna 208A Caravan I,1,Pratt & Whitney Canada PT6A-114,1986,-,-, PT-OHA, 20800097,TAF Linhas Aéreas,Cargo,-,João Pessoa-Castro Pinto Airport,JPA,SBJP,Brazil,Recife-Guararapes International Airport,REC,SBRF,Brazil,2,0,0,0,-,-,Preliminary - official
19991209-3,Thursday,09-DEC-1999,15:12,A1, Approach (APR),"5,6 km (3.5 mls) W of Branson/Point Lookout-M Graham Clark Airport, MO (PLK)",United States of America,6,6, Destroyed, Written off (damaged beyond repair),Cessna 525 CitationJet,2,Williams International FJ44-1A,-,-,783.0, N525KL, 525-0136,College of the Ozarks ,Executive,-,Saint Louis-Lambert International Airport,STL,KSTL,United States of America,Branson/Point Lookout-M Graham Clark Airport,PLK,KPLK,United States of America,2,4,2,4,-,-,Final
19991210-0,Friday,10-DEC-1999,02:50,A1, Landing (LDG),Kuwait International Airport (KWI),Kuwait,94,3, Damaged beyond repair,-,Lockheed C-130E Hercules,-,-,1964,-,-, 63-7854, 3924,USAF,Military,-,Kuwait International Airport,KWI,OKBK,Kuwait,-,-,-,-,8,86,0,3,-,-,Final
19991211-0,Saturday,11-DEC-1999,10:18,A1, En route (ENR),"São Jorge Island, Azores",Portugal,35,35, Destroyed, Written off (damaged beyond repair),British Aerospace ATP,2,Pratt & Whitney Canada PW126,1990,23584.0,11305.0, CS-TGM, 2030,SATA Air Açores,Domestic Scheduled Passenger, 530M,Ponta Delgada-Nordela Airport,PDL,LPPD,Portugal,Horta Airport,HOR,LPHR,Portugal,4,31,4,31,-,-,Final
19991212-0,Sunday,12-DEC-1999,03:00,A2, Takeoff (TOF),1450 km (906.3 mls) E of McMurdo Station,Antarctica,3,0, Substantial, Repaired,de Havilland Canada DHC-6 Twin Otter 300,2,Pratt & Whitney Canada PT6A-27,1981,-,-, C-GKBG, 733,Kenn Borek Air,Cargo,-,-,-,-,-,-,-,-,-,3,0,0,0,-,-,Preliminary - official
19991212-1,Sunday,12-DEC-1999,16:35,A1, En route (ENR),"Gouldsboro, PA",United States of America,3,3, Destroyed, Written off (damaged beyond repair),IAI 1124A Westwind II,2,Garrett TFE731-3-1G,1981,-,5035.0, N50PL, 338,Panda Leasing ,Private,-,Seattle-Boeing Field International Airport,BFI,KBFI,United States of America,Teterboro Airport,TEB,KTEB,United States of America,2,1,2,1,-,-,Final
19991212-2,Sunday,12-DEC-1999,-,O1, Standing (STD),"Wichita-Cessna Aircraft Field, KS (CEA)",United States of America,-,0, Damaged beyond repair,-,Cessna 650 Citation VII,-,-,-,-,-, N5269A, 650-7109,Cessna Aircraft,-,-,-,-,-,-,-,-,-,-,-,-,0,0,-,-,-
19991215-0,Wednesday,15-DEC-1999,23:15,A1, Landing (LDG),"Hamburg Aerodrome, AB",Canada,7,0, Damaged beyond repair,-,Beechcraft 200 Super King Air,-,-,1974,-,-, C-GKBN, BB-29,Kenn Borek Air,Domestic Non Scheduled Passenger,-,-,-,-,-,-,-,-,-,2,5,0,0,-,-,Preliminary
19991221-0,Tuesday,21-DEC-1999,09:40,A1, Landing (LDG),Guatemala City-La Aurora Airport (GUA),Guatemala,314,16, Damaged beyond repair,-,McDonnell Douglas DC-10-30,3,General Electric CF6-50C,1973,27331.0,85760.0, F-GTDI, 46890/77,AOM French Airlines,Int'l Non Scheduled Passenger,CU1216,Havana-José Martí International Airport,HAV,MUHA,Cuba,Guatemala City-La Aurora Airport,GUA,MGGT,Guatemala,18,296,8,8,-,2,Final
19991221-1,Tuesday,21-DEC-1999,21:30,A1, Approach (APR),"ca 4 km SE of Crisp County-Cordele Airport, GA (CKF)",United States of America,1,1, Destroyed, Written off (damaged beyond repair),Cessna 551 Citation II/SP,2,Pratt & Whitney Canada JT15D-4,1982,-,3741.0, N1218S, 551-0428,Valley Projects,Private,-,Dallas/Fort Worth International Airport,DFW,KDFW,United States of America,-,-,-,-,1,0,1,0,-,-,Final
19991222-0,Wednesday,22-DEC-1999,18:38,A1, Initial climb (ICL),near Great Hallingbury,United Kingdom,4,4, Damaged beyond repair,-,Boeing 747-2B5F (SCD),4,Pratt & Whitney JT9D-7Q,1980,15451.0,83011.0, HL7451, 22480/448,Korean Air,Cargo,KE8509,London-Stansted Airport,STN,EGSS,United Kingdom,Milano-Malpensa Airport,MXP,LIMC,Italy,4,0,4,0,-,-,Final
19991223-0,Thursday,23-DEC-1999,16:00,A1, En route (ENR),near Adjuntas,Puerto Rico,2,0, Destroyed, Written off (damaged beyond repair),Cessna 208B Grand Caravan,1,Pratt & Whitney Canada PT6A-114A,1998,-,1427.0, N1315A, 208B0655,M&N Aviation,Domestic Non Scheduled Passenger,-,Ponce-Mercedita Airport,PSE,TJPS,Puerto Rico,Aguadilla-Borinquen Airport,BQN,TJBQ,Puerto Rico,1,1,0,0,-,-,Final
19991224-1,Friday,24-DEC-1999,-,H2, En route (ENR),Kandahar Airport (KDH),Afghanistan,189,1, None,-,Airbus A300B2-101,2,General Electric CF6-50C,1976,-,-, VT-EDW, 036,Indian Airlines,International Scheduled Passenger, 814,Kathmandu-Tribhuvan Airport,KTM,VNKT,Nepal,Delhi-Indira Gandhi International Airport,DEL,VIDP,India,15,174,0,1,-,-,-
19991225-0,Saturday,25-DEC-1999,15:00,A1, En route (ENR),near Simra Airport (SIF),Nepal,10,10, Damaged beyond repair,-,de Havilland Canada DHC-6 Twin Otter 300,2,Pratt & Whitney Canada PT6A-27,1982,-,-, 9N-AFL, 796,Skyline Airways,Domestic Scheduled Passenger,-,Simra Airport,SIF,VNSI,Nepal,Kathmandu-Tribhuvan Airport,KTM,VNKT,Nepal,3,7,3,7,-,-,-
19991225-1,Saturday,25-DEC-1999,20:15,A1, Approach (APR),Bejuma,Venezuela,22,22, Damaged beyond repair,-,Yakovlev Yak-42D,3,Lotarev D-36,1991,-,-, CU-T1285, 4520424914068,Cubana,International Scheduled Passenger,CU310,Havana-José Martí International Airport,HAV,MUHA,Cuba,Valencia Airport,VLN,SVVA,Venezuela,12,10,12,10,-,-,Preliminary - official
19991225-2,Saturday,25-DEC-1999,-,O1, Standing (STD),Villacoublay/Velizy Airport,France,-,0, Damaged beyond repair,-,Nord 262D-51 Frégate,-,-,1971,-,-, 78/F-RBAF, 78,French AF,Military,-,-,-,-,-,-,-,-,-,-,-,0,0,-,-,-
19991226-0,Sunday,26-DEC-1999,-,O1, Standing (STD),Dinard,France,0,0, Damaged beyond repair,-,ATR 42-310,2,Pratt & Whitney Canada PW120,1988,-,-, F-WQJN, 083,Aérospatiale,-,-,-,-,-,-,-,-,-,-,0,0,0,0,-,-,-
19991226-1,Sunday,26-DEC-1999,07:15,A1, Taxi (TXI),"Milwaukee-General Mitchell Airport, WI (MKE)",United States of America,6,0, Substantial, Written off (damaged beyond repair),IAI 1124A Westwind II,2,Garrett TFE731-3-1G,1980,-,7975.0, N422BC, 302,Bradley Aviation,Ferry/positioning,-,Milwaukee-General Mitchell Airport,MKE,KMKE,United States of America,Waukesha Airport,UES,KUES,United States of America,2,4,0,0,-,-,Final
19991227-0,Monday,27-DEC-1999,05:50,A2, Pushback / towing (PBT),"Melbourne-Tullamarine Airport, VIC (MEL)",Australia,-,0, Substantial, Repaired,Boeing 737-377,2,CFMI CFM56-3B1,1988,-,-, VH-CZM, 24302/1618,Ansett Australia,Domestic Scheduled Passenger,-,Melbourne-Tullamarine Airport,MEL,YMML,Australia,Sydney-Kingsford Smith International Airport,SYD,YSSY,Australia,-,-,0,0,-,-,Final
19991227-1,Monday,27-DEC-1999,16:09,A2, Landing (LDG),Shannon Airport (SNN),Ireland,198,0, Minor, Repaired,Airbus A310-308,2,General Electric CF6-80C2A8,1991,10661.0,27114.0, JY-AGK, 573,Royal Jordanian,International Scheduled Passenger, 263,Amman-Queen Alia International Airport,AMM,OJAI,Jordan,Shannon Airport,SNN,EINN,Ireland,-,-,0,0,-,-,Final
19991227-2,Monday,27-DEC-1999,-,O1, Standing (STD),La Ferté-Alais,France,0,0, Damaged beyond repair,-,Antonov An-2T,-,-,-,-,-, F-AZHM, 173(473)11,private,-,-,-,-,-,-,-,-,-,-,0,0,0,0,-,-,-
19991228-0,Tuesday,28-DEC-1999,09:17,A1, Initial climb (ICL),"0,8 km (0.5 mls) S of Abbotsford Airport, BC (YXX)",Canada,6,0, Damaged beyond repair,-,Cessna 208A Caravan 675,1,Pratt & Whitney Canada PT6A-114A,1999,-,-, C-FGGG, 20800310,Seair,Domestic Non Scheduled Passenger,-,Abbotsford Airport,YXX,CYXX,Canada,Billings-Logan International Airport,BIL,KBIL,United States of America,1,5,0,0,-,-,Final
19991228-1,Tuesday,28-DEC-1999,-,H2, En route (ENR),Düsseldorf Airport (DUS),Germany,23,0, None,-,Canadair CL-600-2B19 Regional Jet CRJ-100LR,-,-,1996,-,-, D-ACJA, 7122,Lufthansa CityLine,International Scheduled Passenger,5293,Praha-Ruzyne International Airport,PRG,LKPR,Czech Republic,Düsseldorf Airport,DUS,EDDL,Germany,4,19,0,0,-,-,-
19991228-2,Tuesday,28-DEC-1999,05:45,A1, Landing (LDG),Luzamba Airport (LZM),Angola,4,0, Damaged beyond repair,-,Lockheed L-100-30 Hercules,4,Allison 501-D22A,1972,-,-, S9-BOP, 4477,Transafrik,Cargo,-,-,-,-,-,Luzamba Airport,LZM,FNLZ,Angola,4,0,0,0,-,-,-
19991229-0,Wednesday,29-DEC-1999,-,A1, En route (ENR),50 km (31.3 mls) off  Inebolu,Turkey,6,6, Damaged beyond repair,-,Antonov An-28,2,Glushenkov TVD-10B,1988,-,-, 3C-JJI, 1AJ004-14,Ecuato Guineana de Aviacion,Ferry/positioning,-,-,-,-,-,Tehran-Mehrabad Airport,THR,OIII,Iran,2,4,2,4,-,-,Preliminary
19991231-0,Friday,31-DEC-1999,10:55,A1, Landing (LDG),Saint-Barthélémy Airport (SBH),Guadeloupe,9,0, Damaged beyond repair,-,Beechcraft 99A Airliner,2,Pratt & Whitney Canada PT6A-27,1969,-,-, N491BB, U-97,Bohlke,Int'l Non Scheduled Passenger,-,Saint Croix-Henry E. Rohlsen Airport,STX,TISX,U.S. Virgin Islands,Saint-Barthélémy Airport,SBH,TFFJ,Guadeloupe,2,7,0,0,-,-,Preliminary - official
