identifiant,week_day,date,time,type_event,phase,location,country,total_occupants,total_fatalities,aircraft_damage,aircraft_fate,type_aircraft,number_engines,type_engines,first_flight,cycles,total_airframe_hours,registration,c_n_msn,operator,nature,flight_number,departure_airport_name,departure_airport_IATA,departure_airport_ICAO,departure_airport_country,destination_airport_name,destination_airport_IATA,destination_airport_ICAO,destination_airport_country,crew_number,passengers_number,crew_fatalities,passengers_fatalities,collision_casualties,ground_casualties,status
19460317-0,Sunday,17-MAR-1946,-,A1, Unknown (UNK),Nanjing,China,20,20, Damaged beyond repair,-,Douglas C-47 (DC-3),-,-,-,-,-, registration unknown,-,China Air Force,Military,-,-,-,-,-,-,-,-,-,-,-,-,-,-,-,-
19460319-0,Tuesday,19-MAR-1946,-,A1, Unknown (UNK),"near Hobard Mills, CA",United States of America,26,26, Damaged beyond repair,-,Douglas C-47B-50-DK (DC-3),2,Pratt & Whitney R-1830-90C,1945,-,-, 45-1085, 34355/17088,USAAF,Military,-,Stockton Airport,SCK,KSCK,United States of America,-,-,-,-,3,23,3,23,-,-,-
19460320-0,Wednesday,20-MAR-1946,-,A1, Unknown (UNK),Seoul-Gimpo (Kimpo) Air Base,South Korea,-,-, Damaged beyond repair,-,Douglas C-47B-40-DK (DC-3),2,Pratt & Whitney R-1830-90C,1945,-,-, 44-77256, 33588/16840,USAAF,Military,-,-,-,-,-,-,-,-,-,-,-,-,-,-,-,-
19460322-0,Friday,22-MAR-1946,-,A1, En route (ENR),85 km (53.1 mls) from  Anadyr,Russia,-,-, Damaged beyond repair,-,Lisunov Li-2,-,-,-,-,-, registration unknown,-,Aeroflot / Yakutsk,Unknown,-,Anadyr Airport,DYR,UHMA,Russia,-,-,-,-,-,-,-,-,-,-,-
19460322-1,Friday,22-MAR-1946,-,A1, Unknown (UNK),"0,8 km (0.5 mls) SE of Bakovka, Kuntsevo District, Moscow Region",Russia,5,5, Damaged beyond repair,-,Douglas C-47A-20-DK (DC-3),-,-,1944,-,1581.0, CCCP-L893, 13096,Aeroflot,Cargo,-,Moskva-Vnukovo Airport,VKO,UUWW,Russia,Minsk-1 International Airport,MHP,UMMM,Belarus,5,0,5,0,-,-,-
19460323-0,Saturday,23-MAR-1946,-,A1, En route (ENR),Indian Ocean,Indian Ocean,10,10, Missing, Presumed damaged beyond repair,Avro 691 Lancastrian C.1,4,Rolls-Royce Merlin,-,-,-, G-AGLX, 1178,BOAC,International Scheduled Passenger,-,Negombo RAF Station,CMB,VCBI,Sri Lanka,Cocos Islands Airport,CCK,YPCC,Cocos (Keeling) Islands,5,5,5,5,-,-,-
19460323-1,Saturday,23-MAR-1946,-,A1, Unknown (UNK),at an unknown location,Unknown country,-,-, Damaged beyond repair,-,Curtiss C-46D-5-CU Commando,-,-,1944,-,-, 44-77403, 32799,USAAF,Military,-,-,-,-,-,-,-,-,-,-,-,-,-,-,-,-
19460323-2,Saturday,23-MAR-1946,-,A1, En route (ENR),Banahao Mountain,Philippines,24,19, Damaged beyond repair,-,Douglas C-47B-1-DL (DC-3),2,Pratt & Whitney R-1830-90C,1944,-,-, 43-16211, 20677,USAAF,Military,-,-,-,-,-,-,-,-,-,-,-,-,-,-,-,-
19460326-0,Tuesday,26-MAR-1946,-,A1, Approach (APR),Lantau Island,Hong Kong,4,4, Damaged beyond repair,-,Douglas Dakota IV (DC-3),2,Pratt & Whitney R-1830-90C,1945,-,-, KN366, 32735/15987,RAF,Military,-,Hong Kong-Kai Tak International Airport,HKG,VHHH,Hong Kong,Hong Kong-Kai Tak International Airport,HKG,VHHH,Hong Kong,4,0,4,0,-,-,-
19460327-0,Wednesday,27-MAR-1946,-,A1, Takeoff (TOF),Singapore-Seletar Airport (XSP),Singapore,-,13, Damaged beyond repair,-,Short Sunderland GR.5,-,-,-,-,-, PP103,-,RAF,Military,-,Singapore-Seletar Airport,XSP,WSSL,Singapore,-,-,-,-,-,-,-,-,-,-,-
19460328-0,Thursday,28-MAR-1946,-,A1, Initial climb (ICL),Brampton,United Kingdom,-,0, Damaged beyond repair,-,Douglas Dakota III (DC-3),-,-,1944,-,-, KG660, 13477,RAF,Military,-,-,-,-,-,-,-,-,-,-,-,0,0,-,-,-
19460328-1,Thursday,28-MAR-1946,-,A1, Taxi (TXI),"Corpus Christi NAS, TX (NGP)",United States of America,-,-, Damaged beyond repair,-,Consolidated PBY-5 Catalina,-,-,-,-,-, 08437,-,US Navy,Military,-,-,-,-,-,-,-,-,-,-,-,-,-,-,-,-
19460328-2,Thursday,28-MAR-1946,06:40,A1, Takeoff (TOF),Zyryanka Airport,Russia,4,1, Damaged beyond repair,-,Kawasaki Ki-56,-,-,-,-,-, 514,-,Dalstroi Aviation,Cargo,-,-,-,-,-,-,-,-,-,4,0,1,0,-,-,-
19460328-4,Thursday,28-MAR-1946,-,U1, Unknown (UNK),unknown,Unknown country,-,-, Damaged beyond repair,-,Douglas Dakota (DC-3),-,-,1943,-,-, FD783, 6247,RAF,Military,-,-,-,-,-,-,-,-,-,-,-,-,-,-,-,-
19460329-0,Friday,29-MAR-1946,12:34,A1, Landing (LDG),"Washington-National Airport, DC (DCA)",United States of America,12,0, Damaged beyond repair,-,Lockheed L-049 Constellation,4,Wright R-3350 (739C18BA2),-,-,489.0, NC86510, 2034,TWA,Domestic Scheduled Passenger, 955,-,-,-,-,Washington-National Airport,DCA,KDCA,United States of America,3,9,0,0,-,-,Final
19460329-1,Friday,29-MAR-1946,-,A1, En route (ENR),near Sinhkung,Myanmar,6,5, Damaged beyond repair,-,Douglas Dakota IV (DC-3),2,Pratt & Whitney R-1830-90C,1945,-,-, KN644, 33334/16586,RAF,Military,-,-,-,-,-,-,-,-,-,-,-,-,-,-,-,-
19460329-2,Friday,29-MAR-1946,-,A1, Unknown (UNK),near Sinhkung,Myanmar,8,8, Damaged beyond repair,-,Douglas Dakota IV (DC-3),2,Pratt & Whitney R-1830-90C,1945,-,-, KN643, 33332/16584,RAF,Military,-,-,-,-,-,-,-,-,-,-,-,-,-,-,-,-
19460329-3,Friday,29-MAR-1946,-,A1, Maneuvering (MNV),Bina,Myanmar,7,7, Damaged beyond repair,-,Douglas Dakota IV (DC-3),2,Pratt & Whitney R-1830-90C,1945,-,-, KP270, 33572/16824,RAF,Military,-,-,-,-,-,-,-,-,-,-,-,-,-,-,-,-
19460329-4,Friday,29-MAR-1946,-,A1, Unknown (UNK),"Goose Bay, NL",Canada,-,-, Damaged beyond repair,-,Douglas C-47B Dakota IV (DC-3),-,-,1945,-,-, 986, 32681/15933,RCAF,Military,-,-,-,-,-,-,-,-,-,-,-,-,-,-,-,-
19460331-0,Sunday,31-MAR-1946,-,A1, Approach (APR),near Touho,New Caledonia,6,6, Damaged beyond repair,-,Douglas R4D-7 (DC-3),-,-,1945,-,-, 39100, 32796/16048,US Navy,Military,-,Nouméa-Magenta Airport,GEA,NWWM,New Caledonia,Touho Airport,TOU,NWWU,New Caledonia,2,4,2,4,-,-,-
19460331-1,Sunday,31-MAR-1946,-,A1, En route (ENR),Hunan,China,-,0, Damaged beyond repair,-,Douglas C-47A-25-DK (DC-3),2,Pratt & Whitney R-1830-92,1944,-,-, CA6, 13236,Central Air Transport,Unknown,-,-,-,-,-,Kunming-Wujiaba Airfield,KMG,ZPPP,China,-,-,0,0,-,-,-
19460401-0,Monday,01-APR-1946,-,A1, Landing (LDG),"Port Angeles CGAS, WA",United States of America,-,-, Damaged beyond repair,-,Consolidated PBY-5A Catalina,-,-,-,-,-, 46612,-,US Navy,Military,-,-,-,-,-,-,-,-,-,-,-,-,-,-,-,-
19460401-1,Monday,01-APR-1946,-,A1, Landing (LDG),"Laupahoehoe, HI",United States of America,-,-, Damaged beyond repair,-,Consolidated PBY-5A Catalina,-,-,-,-,-, 48270,-,US Navy,Military,-,-,-,-,-,-,-,-,-,-,-,-,-,-,-,-
19460402-0,Tuesday,02-APR-1946,-,A1, En route (ENR),"Mount Guram, Northern Osetiya",Russia,6,6, Damaged beyond repair,-,Douglas C-47A-25-DL (DC-3),-,-,1943,-,1864.0, CCCP-L924, 9429,Aeroflot,Passenger,-,Tbilisi Airport,TBS,UGGG,Georgia,Rostov Airport,ROV,URRR,Russia,4,2,4,2,-,-,-
19460403-0,Wednesday,03-APR-1946,-,A1, Landing (LDG),Stoney Cross RAF Station,United Kingdom,2,2, Damaged beyond repair,-,Douglas Dakota IV (DC-3),2,Pratt & Whitney R-1830-90C,1945,-,-, KP241, 33543/16795,RAF,Military,-,-,-,-,-,-,-,-,-,2,0,2,0,-,-,-
19460404-0,Thursday,04-APR-1946,-,A1, En route (ENR),"21 km (13.1 mls) SE of Albuquerque-Kirtland AAF, NM (ABQ)",United States of America,11,11, Destroyed, Written off (damaged beyond repair),Douglas R4D-6 (DC-3),-,-,1944,-,-, 50771, 26326/14881,US Navy,Military,-,-,-,-,-,Amarillo AAF,AMA,KAMA,United States of America,3,8,3,8,-,-,-
19460404-2,Thursday,04-APR-1946,-,A1, Unknown (UNK),unknown,Unknown country,-,-, Damaged beyond repair,-,Douglas Dakota III (DC-3),-,-,1944,-,-, KG361, 12370,RAF,Military,-,-,-,-,-,-,-,-,-,-,-,-,-,-,-,-
19460405-0,Friday,05-APR-1946,-,A1, Landing (LDG),Ayuy Airstrip,Ecuador,-,0, Damaged beyond repair,-,Ford 4-AT-D Tri-Motor,3,Wright J-4 Junior,1928,-,-, HC-SBC, 4-AT-24,Shell Ecuador,Unknown,-,-,-,-,-,-,-,-,-,-,-,0,0,-,-,-
19460405-2,Friday,05-APR-1946,-,A1, Unknown (UNK),Lee-On-Solent,United Kingdom,-,-, Damaged beyond repair,-,Douglas C-47A-70-DL (DC-3),-,-,1943,-,-, 42-100740, 19203,USAAF,Military,-,-,-,-,-,-,-,-,-,-,-,-,-,-,-,-
19460408-0,Monday,08-APR-1946,-,A1, En route (ENR),near Shensi,China,17,17, Damaged beyond repair,-,Douglas C-47B-1-DL (DC-3),2,Pratt & Whitney R-1830-90C,1944,-,-, 43-16360, 20826,USAAF,Passenger,-,Chongqing-Jiangbei International Airport,CKG,ZUCK,China,Yan'an Airport,ENY,ZLYA,China,4,13,4,13,-,-,-
19460408-1,Monday,08-APR-1946,-,A1, Takeoff (TOF),Shanghai-Jiangwan Airport,China,-,-, Damaged beyond repair,-,Douglas C-47B-30-DK (DC-3),2,Pratt & Whitney R-1830-90C,1945,-,-, 44-76640, 32972/16224,USAAF,Military,-,-,-,-,-,-,-,-,-,-,-,-,-,-,-,-
19460411-1,Thursday,11-APR-1946,-,A1, Landing (LDG),Lyneham RAF Station (LYE),United Kingdom,-,0, Damaged beyond repair,-,Avro 685 York C.1,4,Rolls-Royce Merlin,-,-,-, MW180,-,RAF,Military,-,-,-,-,-,Lyneham RAF Station,LYE,EGDL,United Kingdom,-,-,0,0,-,-,-
19460411-2,Thursday,11-APR-1946,-,A1, Landing (LDG),Woodbridge RAF Station (WOB),United Kingdom,6,1, Damaged beyond repair,-,Avro 685 York C.1,4,Rolls-Royce Merlin,-,-,-, MW252,-,RAF,Military,-,-,-,-,-,Woodbridge RAF Station,WOB,EGVG,United Kingdom,2,4,1,0,-,-,-
19460417-0,Wednesday,17-APR-1946,-,A1, Landing (LDG),Oviedo Airport (OVD),Spain,13,0, Damaged beyond repair,-,Douglas C-47A-25-DL (DC-3),2,Pratt & Whitney R-1830-92,1943,-,-, G-AGHK, 9406,BOAC,Scheduled Passenger,-,-,-,-,-,Oviedo/Aviles-Asturias Airport,OVD,LEAS,Spain,4,9,0,0,-,-,-
19460417-1,Wednesday,17-APR-1946,-,A1, Unknown (UNK),3 km (1.9 mls) SE of Wymeswold,United Kingdom,-,0, Damaged beyond repair,-,Douglas Dakota III (DC-3),-,-,1944,-,-, KG594, 13317,RAF,Military,-,-,-,-,-,-,-,-,-,-,-,0,0,-,-,-
19460418-0,Thursday,18-APR-1946,-,A1, Takeoff (TOF),Bovingdon RAF Station,United Kingdom,-,-, Damaged beyond repair,-,Douglas C-47A-DK (DC-3),2,Pratt & Whitney R-1830-92,1943,-,-, 42-92056, 11814,USAAF,Military,-,-,-,-,-,-,-,-,-,-,-,-,-,-,-,-
19460421-0,Sunday,21-APR-1946,-,U1, Unknown (UNK),"Corumbá, MS",Brazil,-,-, Damaged beyond repair,-,Douglas C-47B-23-DK (DC-3),2,Pratt & Whitney R-1830-90C,1945,-,-, PP-CCA, 27177/15732,Cruzeiro do Sul,Unknown,-,-,-,-,-,-,-,-,-,-,-,-,-,-,-,-
19460421-1,Sunday,21-APR-1946,-,A1, Landing (LDG),Hong Kong-Kai Tak International Airport (HKG),Hong Kong,-,0, Damaged beyond repair,-,Short Sunderland GR.5,-,-,-,-,-, PP132,-,RAF,Military,-,-,-,-,-,Hong Kong-Kai Tak International Airport,HKG,VHHH,Hong Kong,-,-,0,0,-,-,-
19460422-0,Monday,22-APR-1946,-,A1, Unknown (UNK),La Libertad Airstrip,Nicaragua,21,18, Damaged beyond repair,-,Lockheed B14-S Super Electra,-,-,1937,-,-, AN-ACC, 1401,TACA de Nicaragua,Domestic Scheduled Passenger,-,-,-,-,-,Managua Airport,MGA,MNMG,Nicaragua,3,18,1,17,-,-,-
19460423-0,Tuesday,23-APR-1946,-,A1, Maneuvering (MNV),Effingham,United Kingdom,4,0, Damaged beyond repair,-,Vickers 491 Viking 1A,-,-,1945,-,-, G-AGOK, 1/101,Vickers-Armstrongs,Test,-,-,-,-,-,-,-,-,-,4,0,0,0,-,-,-
19460424-0,Wednesday,24-APR-1946,01:57,A1, Approach (APR),"3 km (1.9 mls) NW of Hollywood, CA",United States of America,3,3, Damaged beyond repair,-,Douglas DC-3A-367,2,Pratt & Whitney R-1830,1941,-,13354.0, NC33621, 3286,Western Air Lines,Test,-,Hollywood-Lockheed Air Terminal,BUR,KBUR,United States of America,Hollywood-Lockheed Air Terminal,BUR,KBUR,United States of America,3,0,3,0,-,-,Final
19460424-1,Wednesday,24-APR-1946,-,A1, Unknown (UNK),Tarawa Atoll,Kiribati,-,-, Damaged beyond repair,-,Douglas C-47-DL (DC-3),2,Pratt & Whitney R-1830-92,1942,-,-, 41-18530, 4622,USAAF,Military,-,-,-,-,-,-,-,-,-,-,-,-,-,-,-,-
19460426-0,Friday,26-APR-1946,-,A1, Approach (APR),Bassingbourn RAF Station,United Kingdom,-,0, Damaged beyond repair,-,Douglas Dakota IV (DC-3),2,Pratt & Whitney R-1830-90C,1945,-,-, KN571, 33191/16443,RAF,Military,-,-,-,-,-,-,-,-,-,-,-,0,0,-,-,-
19460426-1,Friday,26-APR-1946,-,A1, Unknown (UNK),San José-La Sabana Airport,Costa Rica,-,-, Damaged beyond repair,-,Douglas C-47-DL (DC-3),2,Pratt & Whitney R-1830-92,1942,-,-, 41-7770, 4257,USAAF,Military,-,-,-,-,-,-,-,-,-,-,-,-,-,-,-,-
19460428-0,Sunday,28-APR-1946,-,A1, En route (ENR),"near Barcelos, AM",Brazil,-,0, Damaged beyond repair,-,Douglas C-47B-28-DK (DC-3),2,Pratt & Whitney R-1830-90C,1945,-,-, PP-CCD, 32559/15811,Cruzeiro do Sul,Domestic Scheduled Passenger,-,Manaus-Eduardo Gomes International Airport,MAO,SBEG,Brazil,Boa Vista Airport,BVB,SBBV,Brazil,-,21,0,0,-,-,-
19460428-1,Sunday,28-APR-1946,-,A1, Landing (LDG),Valley RAF Station,United Kingdom,-,0, Damaged beyond repair,-,Avro 685 York C.1,4,Rolls-Royce Merlin,-,-,-, MW256,-,RAF,Military,-,-,-,-,-,-,-,-,-,-,-,0,0,-,-,-
19460430-0,Tuesday,30-APR-1946,-,A1, Unknown (UNK),Pindi-Khut,India,12,12, Damaged beyond repair,-,Douglas Dakota III (DC-3),-,-,1943,-,-, FZ559, 12094,RAF,Military,-,-,-,-,-,-,-,-,-,-,-,-,-,-,-,-
19460499-1,-,xx-APR-1946,-,A1, En route (ENR),near Kazan,Russia,-,0, Damaged beyond repair,-,Junkers Ju-52/3m,-,-,1941,-,-, CCCP-L27, 7341,Aeroflot / Moscow,Domestic Scheduled Passenger,-,Kazan Airport,KZN,UWKD,Russia,-,-,-,-,-,-,0,0,-,-,-
19460502-0,Thursday,02-MAY-1946,-,A1, Landing (LDG),"Sydney, NSW",Australia,-,0, Damaged beyond repair,-,Avro 691 Lancastrian C.1,4,Rolls-Royce Merlin,-,-,-, G-AGMC, 1183,BOAC,Unknown,-,-,-,-,-,-,-,-,-,-,-,0,0,-,-,-
19460504-0,Saturday,04-MAY-1946,-,A1, Landing (LDG),Alwar,India,-,0, Damaged beyond repair,-,Douglas Dakota IV (DC-3),2,Pratt & Whitney R-1830-90C,1945,-,-, KP271, 33573/16825,RAF,Military,-,-,-,-,-,-,-,-,-,-,-,0,0,-,-,-
19460506-0,Monday,06-MAY-1946,-,A1, Unknown (UNK),"5,6 km (3.5 mls) NNE of Heidelberg",Germany,-,0, Damaged beyond repair,-,Douglas C-47A-90-DL (DC-3),2,Pratt & Whitney R-1830-92,1944,-,-, 43-15676, 20142,USAAF,Military,-,-,-,-,-,-,-,-,-,-,-,0,0,-,-,-
19460506-1,Monday,06-MAY-1946,-,A1, Takeoff (TOF),"Corpus Christi NAS, TX (NGP)",United States of America,-,-, Damaged beyond repair,-,Boeing-Canada PB2B-1 Catalina,-,-,-,-,-, 44223,-,US Navy,Military,-,Corpus Christi NAS,NGP,KNGP,United States of America,-,-,-,-,-,-,-,-,-,-,-
19460506-2,Monday,06-MAY-1946,-,A2, Unknown (UNK),near Heidelberg,Germany,-,-, Unknown, Repaired,Douglas C-47A-25-DK (DC-3),-,-,1944,-,-, 42-93717, 13660,USAAF,Military,-,-,-,-,-,-,-,-,-,-,-,-,-,-,-,-
19460507-0,Tuesday,07-MAY-1946,-,A1, Landing (LDG),Simra Airport (SIF),Nepal,-,0, Damaged beyond repair,-,Douglas Dakota III (DC-3),-,-,1944,-,-, KG521, 12925,RAF,Military,-,-,-,-,-,Simra Airport,SIF,VNSI,Nepal,-,-,0,0,-,-,-
19460507-1,Tuesday,07-MAY-1946,-,A1, Landing (LDG),Desborough RAF Station,United Kingdom,-,0, Damaged beyond repair,-,Douglas Dakota III (DC-3),-,-,1944,-,-, KG741, 25285/13840,RAF,Military,-,-,-,-,-,-,-,-,-,-,-,0,0,-,-,-
19460507-2,Tuesday,07-MAY-1946,-,A1, Takeoff (TOF),Manila-Nichols Air Base (MNL),Philippines,-,-, Damaged beyond repair,-,Douglas C-47B-35-DK (DC-3),2,Pratt & Whitney R-1830-90C,1945,-,-, 44-77157, 33489/16471,USAAF,Military,-,Manila-Nichols Air Base,MNL,RPLL,Philippines,-,-,-,-,-,-,-,-,-,-,-
19460515-0,Wednesday,15-MAY-1946,-,A1, Landing (LDG),Pastaza-Shell Mera Airport (PTZ),Ecuador,-,0, Damaged beyond repair,-,Budd RB-1 Conestoga,-,-,-,-,-, HC-SBE, 005,Shell Ecuador,Unknown,-,-,-,-,-,-,-,-,-,-,-,0,0,-,-,-
19460516-0,Thursday,16-MAY-1946,01:04,A1, Approach (APR),"10 km (6.3 mls) S of Richmond-Byrd Field, VA (RIC)",United States of America,27,27, Damaged beyond repair,-,Douglas C-47A-80-DL (DC-3),2,Pratt & Whitney R-1830-92,1944,-,1180.0, NC53218, 19626,Viking Air Transport,Domestic Non Scheduled Passenger,-,Richmond International Airport (Byrd Field),RIC,KRIC,United States of America,Atlanta Municipal Airport,ATL,KATL,United States of America,2,25,2,25,-,-,Final
19460517-0,Friday,17-MAY-1946,-,A1, Landing (LDG),Karachi-Mauripur RAF Station,Pakistan,-,0, Damaged beyond repair,-,Avro 691 Lancastrian C.1,4,Rolls-Royce Merlin,-,-,-, G-AGMH, 1188,BOAC,Unknown,-,-,-,-,-,-,-,-,-,-,-,0,0,-,-,-
19460517-1,Friday,17-MAY-1946,-,A1, En route (ENR),within India,India,11,11, Missing, Presumed damaged beyond repair,Douglas C-47B-1-DK (DC-3),2,Pratt & Whitney R-1830-90C,1944,-,-, 43-48308, 25569/14124,USAAF,Military,-,Yangon-Mingaladon Airport,RGN,VYYY,Myanmar,-,-,-,-,3,8,3,8,-,-,-
19460522-0,Wednesday,22-MAY-1946,12:55,A1, Initial climb (ICL),Oslo-Fornebu Airport (FBU),Norway,13,12, Damaged beyond repair,-,Junkers Ju-52/3mg4e,-,-,-,-,-, LN-LAB, 6048,DNL,International Scheduled Passenger,-,Oslo-Fornebu Airport,FBU,ENFB,Norway,Stockholm-Bromma Airport,BMA,ESSB,Sweden,-,-,-,-,-,-,-
19460523-0,Thursday,23-MAY-1946,-,A1, Landing (LDG),Karachi-Mauripur RAF Station,Pakistan,-,0, Damaged beyond repair,-,Avro 685 York C.1,4,Rolls-Royce Merlin,-,-,-, MW191,-,RAF,Military,-,-,-,-,-,-,-,-,-,-,-,0,0,-,-,-
19460526-0,Sunday,26-MAY-1946,-,A1, Unknown (UNK),"near Flagler Beach, FL",United States of America,8,4, Damaged beyond repair,-,Douglas R4D-5 (DC-3),-,-,1944,-,-, 17144, 12334,US Navy,Military,-,Jacksonville NAS,NIP,KNIP,United States of America,-,-,-,-,-,-,-,-,-,-,-
19460528-0,Tuesday,28-MAY-1946,-,A1, Landing (LDG),Kawdut,Myanmar,-,0, Damaged beyond repair,-,Douglas Dakota IV (DC-3),2,Pratt & Whitney R-1830-90C,1944,-,-, KK188, 26886/15441,RAF,Military,-,-,-,-,-,-,-,-,-,-,-,0,0,-,-,-
19460528-1,Tuesday,28-MAY-1946,-,A1, Landing (LDG),Stradishall RAF Station,United Kingdom,-,0, Damaged beyond repair,-,Avro 685 York C.1,4,Rolls-Royce Merlin,-,-,-, MW250,-,RAF,Military,-,-,-,-,-,-,-,-,-,-,-,0,0,-,-,-
19460529-0,Wednesday,29-MAY-1946,-,A1, Approach (APR),"Chicago Municipal Airport, IL (MDW)",United States of America,4,0, Damaged beyond repair,-,Douglas C-54A-15-DC (DC-4),-,-,1944,-,-, NC30065, 10388,United Airlines,Training,-,Chicago Municipal Airport,MDW,KMDW,United States of America,Chicago Municipal Airport,MDW,KMDW,United States of America,4,0,0,0,-,-,-
19460529-1,Wednesday,29-MAY-1946,-,A1, Landing (LDG),Jakarta-Kemayoran Airport (JKT),Indonesia,-,0, Damaged beyond repair,-,Douglas Dakota IV (DC-3),2,Pratt & Whitney R-1830-90C,1945,-,-, KN501, 33027/16279,RAF,Military,-,-,-,-,-,-,-,-,-,-,-,0,0,-,-,-
19460601-0,Saturday,01-JUN-1946,-,A1, En route (ENR),off Amalfi,Italy,38,30, Damaged beyond repair,-,Douglas C-54E-5-DO (DC-4),-,-,1945,-,-, 44-9078, 27304,USAAF,Military,-,-,-,-,-,Roma-Ciampino Airport,CIA,LIRA,Italy,-,-,-,-,-,-,-
19460602-0,Sunday,02-JUN-1946,-,A1, Unknown (UNK),unknown,Unknown country,-,-, Damaged beyond repair,-,Douglas Dakota IV (DC-3),2,Pratt & Whitney R-1830-90C,1944,-,-, KJ968, 26261/14816,RAF,Military,-,-,-,-,-,-,-,-,-,-,-,-,-,-,-,-
19460603-0,Monday,03-JUN-1946,-,A1, Landing (LDG),"Escambia Bay, FL",United States of America,-,2, Damaged beyond repair,-,Consolidated PBY-5 Catalina,-,-,-,-,-, 08307,-,US Navy,Military,-,-,-,-,-,-,-,-,-,-,-,-,-,-,-,-
19460604-0,Tuesday,04-JUN-1946,-,A1, Unknown (UNK),"2,4 km (1.5 mls) ESE of Aguadilla-Ramey AFB (BQN)",Puerto Rico,4,3, Damaged beyond repair,-,Douglas C-47B-40-DK (DC-3),2,Pratt & Whitney R-1830-90C,1945,-,-, 44-77251, 33583/16835,USAAF,Military,-,Aguadilla-Ramey AFB,BQN,TJBQ,Puerto Rico,Aguadilla-Ramey AFB,BQN,TJBQ,Puerto Rico,4,0,3,0,-,-,-
19460604-1,Tuesday,04-JUN-1946,-,A1, Unknown (UNK),"off Champagny Island, WA",Australia,-,-, Damaged beyond repair,-,Consolidated PBY-5A Catalina,-,-,-,-,-, A24-113, 1987,RAAF,Military,-,-,-,-,-,-,-,-,-,-,-,-,-,-,-,-
19460606-0,Thursday,06-JUN-1946,-,O1, Standing (STD),Delhi-Palam Airport (DEL),India,0,0, Damaged beyond repair,-,Douglas Dakota III (DC-3),-,-,1943,-,-, FL509, 10027,RAF,Military,-,-,-,-,-,-,-,-,-,0,0,0,0,-,-,-
19460606-1,Thursday,06-JUN-1946,-,O1, Standing (STD),Delhi-Palam Airport (DEL),India,0,0, Damaged beyond repair,-,Douglas Dakota IV (DC-3),2,Pratt & Whitney R-1830-90C,1945,-,-, KN537, 33137/16389,RAF,Military,-,-,-,-,-,-,-,-,-,0,0,0,0,-,-,-
19460606-2,Thursday,06-JUN-1946,-,O1, Standing (STD),Delhi-Palam Airport (DEL),India,0,0, Damaged beyond repair,-,Douglas Dakota IV (DC-3),2,Pratt & Whitney R-1830-90C,1945,-,-, KP261, 33563/16815,RAF,Military,-,-,-,-,-,-,-,-,-,0,0,0,0,-,-,-
19460607-0,Friday,07-JUN-1946,-,A1, Unknown (UNK),32 km (20 mls) N of Agadir,Morocco,-,-, Damaged beyond repair,-,Douglas C-47B-11-DK (DC-3),2,Pratt & Whitney R-1830-90C,1944,-,-, 43-49018, 26279/14834,USAAF,Military,-,-,-,-,-,-,-,-,-,-,-,-,-,-,-,-
19460608-0,Saturday,08-JUN-1946,-,A1, En route (ENR),"1,6 km (1 mls) NE of Oni",Nigeria,22,22, Damaged beyond repair,-,Douglas Dakota III (DC-3),-,-,1944,-,-, KG747, 25291/13846,RAF,Military,-,Kano International Airport,KAN,DNKN,Nigeria,Lagos/Ikeja International Airport,LOS,DNMM,Nigeria,-,-,-,-,-,-,-
19460609-0,Sunday,09-JUN-1946,-,A1, En route (ENR),Taboga Island,Panama,23,23, Destroyed, Written off (damaged beyond repair),Douglas C-54D-15-DC (DC-4),-,-,1945,-,-, 43-17231, 22181,USAAF,Military,-,West Palm Beach-Morrison Field,PBI,KPBI,United States of America,-,-,-,-,6,17,6,17,-,-,Final
19460611-0,Tuesday,11-JUN-1946,-,A1, Unknown (UNK),Asmara International Airport (ASM),Eritrea,-,-, Damaged beyond repair,-,Lockheed 18-56 Lodestar,-,-,1941,-,-, F-BAML, 18-2092,Ministère de l'Air,Unknown,-,-,-,-,-,-,-,-,-,-,-,-,-,-,-,-
19460612-0,Wednesday,12-JUN-1946,11:30,A1, Takeoff (TOF),near Madrid-Barajas Airport (MAD),Spain,26,0, Damaged beyond repair,-,Douglas C-53-DO (DC-3),-,-,1941,-,-, EC-CAZ, 4832,Iberia,Domestic Scheduled Passenger,-,Madrid-Barajas Airport,MAD,LEMD,Spain,Barcelona-El Prat Airport,BCN,LEBL,Spain,-,-,0,0,-,-,-
19460612-2,Wednesday,12-JUN-1946,-,A1, Unknown (UNK),N of Samar Field,Philippines,-,-, Damaged beyond repair,-,Douglas C-47B-1-DK (DC-3),-,-,1944,-,-, 43-48561, 25822/14377,USAAF,Military,-,-,-,-,-,-,-,-,-,-,-,-,-,-,-,-
19460613-0,Thursday,13-JUN-1946,-,A1, Unknown (UNK),at an unknown location,Unknown country,-,-, Damaged beyond repair,-,Curtiss C-46A-20-CU Commando,2,Pratt & Whitney R-2800-51,1943,-,-, 41-24684, 26605,USAAF,Military,-,-,-,-,-,-,-,-,-,-,-,-,-,-,-,-
19460613-1,Thursday,13-JUN-1946,-,A1, En route (ENR),El Arenal,Mexico,-,0, Damaged beyond repair,-,Ford 5-AT-B Tri-Motor,3,Pratt & Whitney R-1340 Wasp,1929,-,-, XA-FOH, 5-AT-31,Servicios Aéreos Nacionales,Passenger,-,-,-,-,-,-,-,-,-,-,-,0,0,-,-,-
19460614-0,Friday,14-JUN-1946,-,A1, Landing (LDG),Kwangju Airstrip,South Korea,-,-, Damaged beyond repair,-,Douglas C-47B-1-DL (DC-3),2,Pratt & Whitney R-1830-90C,1944,-,-, 43-16213, 20679,USAAF,Military,-,-,-,-,-,-,-,-,-,-,-,-,-,-,-,-
19460618-0,Tuesday,18-JUN-1946,17:00,A2, En route (ENR),"Willimantic, CT",United States of America,52,0, Substantial, Repaired,Lockheed L-049-51-26 Constellation,4,Wright R-3350 (739C18BA2),1946,-,387.0, NC88858, 2058,Pan Am,International Scheduled Passenger,PA100,New York-La Guardia Airport,LGA,KLGA,United States of America,Gander Airport,YQX,CYQX,Canada,10,42,0,0,-,-,Final
19460618-1,Tuesday,18-JUN-1946,21:30,A1, Initial climb (ICL),near Shannon,Ireland,19,0, Damaged beyond repair,-,Douglas DC-3-268B,-,-,1940,-,-, EI-ACA, 2178,Aer Lingus,Scheduled Passenger,-,Shannon Airport,SNN,EINN,Ireland,-,-,-,-,4,15,0,0,-,-,-
19460620-0,Thursday,20-JUN-1946,-,A1, Landing (LDG),Semarang Airport (SRG),Indonesia,-,0, Damaged beyond repair,-,Douglas Dakota IV (DC-3),2,Pratt & Whitney R-1830-90C,1945,-,-, KN226, 27094/15649,RAF,Military,-,-,-,-,-,Semarang Airport,SRG,WARS,Indonesia,-,-,0,0,-,-,-
19460625-0,Tuesday,25-JUN-1946,-,A1, En route (ENR),near Mexico City-Central,Mexico,47,0, Damaged beyond repair,-,Douglas DC-4,-,-,1944,-,-, XA-FOW, 10493,Mexicana,International Scheduled Passenger,-,Mexico City International Airport,MEX,MMMX,Mexico,Los Angeles Airport,LAX,KLAX,United States of America,5,42,0,0,-,-,-
19460625-1,Tuesday,25-JUN-1946,-,A1, Unknown (UNK),Swartkop Air Base,South Africa,-,-, Damaged beyond repair,-,Douglas C-47B-5-DK (DC-3),-,-,1944,-,-, 6883, 25940/14495,South African AF,Military,-,-,-,-,-,-,-,-,-,-,-,-,-,-,-,-
19460626-0,Wednesday,26-JUN-1946,-,A1, Maneuvering (MNV),near Kallar Syedan,India,-,0, Damaged beyond repair,-,Douglas Dakota IV (DC-3),2,Pratt & Whitney R-1830-90C,1945,-,-, KP264, 33566/16818,RAF,Military,-,-,-,-,-,-,-,-,-,-,-,0,0,-,-,-
19460629-0,Saturday,29-JUN-1946,-,A1, Initial climb (ICL),near Pau,France,3,2, Damaged beyond repair,-,Amiot AAC.1 (Junkers Ju-52),-,-,-,-,-, F-BAJS, AAC020,Air France,Cargo,-,Pau-Uzein Airport,PUF,LFBP,France,-,-,-,-,3,0,2,0,-,-,-
19460629-1,Saturday,29-JUN-1946,-,A1, En route (ENR),within Cameron Highlands,Malaysia,18,18, Missing, Presumed damaged beyond repair,Douglas Dakota IV (DC-3),2,Pratt & Whitney R-1830-90C,1944,-,-, KJ918, 26086/14641,RAF,Military,-,Butterworth Airport,BWH,WMKB,Malaysia,Yangon-Mingaladon Airport,RGN,VYYY,Myanmar,4,14,4,14,-,-,-
19460629-2,Saturday,29-JUN-1946,-,A1, En route (ENR),480 km (300 mls) S off  Hawaii,Pacific Ocean,-,-, Damaged beyond repair,-,Douglas R4D-5 (DC-3),-,-,1944,-,-, 17187, 12838,USMC,Military,-,-,-,-,-,-,-,-,-,-,-,-,-,-,-,-
19460702-0,Tuesday,02-JUL-1946,09:10,A1, Initial climb (ICL),"Chicago, IL",United States of America,21,0, Damaged beyond repair,-,Douglas DC-3-201F,2,Wright R-1820-G202A,1941,-,14043.0, NC28383, 4091,TWA,Domestic Scheduled Passenger, 456,Chicago Municipal Airport,MDW,KMDW,United States of America,South Bend Regional,SBN,KSBN,United States of America,3,18,0,0,-,-,Final
19460704-0,Thursday,04-JUL-1946,-,A1, En route (ENR),"198 km (123.8 mls) E off  Aracaju, Brazil",Atlantic Ocean,5,0, Damaged beyond repair,-,Bristol 170 Wayfarer IIA,-,-,1946,-,-, G-AHJB, 12734,Bristol,Ferry/positioning,-,-,-,-,-,Natal Airport,NAT,SBNT,Brazil,5,0,0,0,-,-,-
19460708-0,Monday,08-JUL-1946,-,A1, Landing (LDG),Char Chapli,Bangladesh,-,0, Damaged beyond repair,-,Douglas Dakota IV (DC-3),2,Pratt & Whitney R-1830-90C,1945,-,-, KP237, 33539/16791,RAF,Military,-,-,-,-,-,-,-,-,-,-,-,0,0,-,-,-
19460710-0,Wednesday,10-JUL-1946,-,A1, En route (ENR),"near Palmer, MA",United States of America,7,0, Damaged beyond repair,-,Curtiss R5C-1 Commando (C-46),-,-,1944,-,-, 39585, 80,USMC,Military,-,-,-,-,-,-,-,-,-,-,-,0,0,-,-,-
19460711-0,Thursday,11-JUL-1946,11:40,A1, Approach (APR),"4,5 km (2.8 mls) NW Reading Municipal Airport/Spaatz Field, PA (RDG)",United States of America,6,5, Damaged beyond repair,-,Lockheed L-049 Constellation,4,Wright R-3350-35,1946,-,959.0, NC86513, 2040,TWA,Training,-,Reading Municipal Airport/Spaatz Field,RDG,KRDG,United States of America,Reading Municipal Airport/Spaatz Field,RDG,KRDG,United States of America,6,0,5,0,-,-,Final
19460712-0,Friday,12-JUL-1946,-,A1, Takeoff (TOF),"Ewa MCAS, HI",United States of America,-,0, Damaged beyond repair,-,Douglas R4D-5Z (DC-3),-,-,1944,-,-, 17224, 13322,US Navy,Military,-,-,-,-,-,-,-,-,-,-,-,0,0,-,-,-
19460713-0,Saturday,13-JUL-1946,-,A1, Initial climb (ICL),"1,6 km (1 mls) from  Jinan Airport (TNA)",China,49,13, Damaged beyond repair,-,Curtiss C-46,-,-,-,-,-, registration unknown,-,Central Air Transport,Domestic Scheduled Passenger,-,Jinan Airport,TNA,ZSTN,China,-,-,-,-,-,-,2,11,-,-,-
19460716-0,Tuesday,16-JUL-1946,-,A1, Unknown (UNK),Saishu Island,South Korea,-,-, Damaged beyond repair,-,Douglas C-47B-35-DK (DC-3),2,Pratt & Whitney R-1830-90C,1945,-,-, 44-77139, 33471/16723,USAAF,Military,-,-,-,-,-,-,-,-,-,-,-,-,-,-,-,-
19460717-0,Wednesday,17-JUL-1946,-,A1, Approach (APR),"1,6 km (1 mls) from  Cuenca Airport (CUE)",Ecuador,30,30, Damaged beyond repair,-,Curtiss C-46D-10-CU Commando,-,-,1944,-,-, HC-SCA, 32982,ANDESA,Domestic Scheduled Passenger,-,Guayaquil-Simon Bolivar Airport,GYE,SEGU,Ecuador,Cuenca Airport,CUE,SECU,Ecuador,3,27,3,27,-,-,-
19460718-0,Thursday,18-JUL-1946,-,O1, Standing (STD),Hong Kong-Kai Tak International Airport (HKG),Hong Kong,-,0, Damaged beyond repair,-,Douglas Dakota IV (DC-3),2,Pratt & Whitney R-1830-90C,1945,-,-, KN221, 27088/15643,RAF,Military,-,-,-,-,-,-,-,-,-,-,-,0,0,-,-,-
19460718-1,Thursday,18-JUL-1946,-,O1, Standing (STD),Hong Kong-Kai Tak International Airport (HKG),Hong Kong,-,0, Damaged beyond repair,-,Douglas Dakota IV (DC-3),2,Pratt & Whitney R-1830-90C,1945,-,-, KN247, 27117/15672,RAF,Military,-,-,-,-,-,-,-,-,-,-,-,0,0,-,-,-
19460718-2,Thursday,18-JUL-1946,-,A1, Unknown (UNK),at an unknown location,Philippines,-,-, Missing, Presumed damaged beyond repair,Douglas C-47B-40-DK (DC-3),2,Pratt & Whitney R-1830-90C,1945,-,-, 44-77202, 33534/16786,USAAF,Military,-,-,-,-,-,-,-,-,-,-,-,-,-,-,-,-
19460718-3,Thursday,18-JUL-1946,-,O1, Standing (STD),"Sama Bay, Hainan",China,0,0, Damaged beyond repair,-,Short Sunderland GR.5,-,-,-,-,-, SZ559,-,RAF,Military,-,-,-,-,-,-,-,-,-,0,0,0,0,-,-,-
19460718-4,Thursday,18-JUL-1946,-,O1, Standing (STD),"Sama Bay, Hainan",China,0,0, Damaged beyond repair,-,Short Sunderland GR.5,-,-,-,-,-, RN264,-,RAF,Military,-,-,-,-,-,-,-,-,-,0,0,0,0,-,-,-
19460718-5,Thursday,18-JUL-1946,21:10,A1, En route (ENR),"6,5 km (4.1 mls) N of Goodland, KS",United States of America,13,13, Destroyed, Written off (damaged beyond repair),Douglas C-47B-45-DK (DC-3),2,Pratt & Whitney R-1830-90C,1945,-,-, 45-930, 34192/16933,USAAF,Military,-,Topeka-Forbes AFB,FOE,KFOE,United States of America,-,-,-,-,3,10,3,10,-,-,-
19460718-6,Thursday,18-JUL-1946,-,A1, Landing (LDG),"Bellevue-Offutt AFB, NE (OFF)",United States of America,-,-, Damaged beyond repair,-,Fairchild C-82A-1-FA Packet,-,-,-,-,-, 44-22964, 10008,USAAF,Military,-,-,-,-,-,Bellevue-Offutt AFB,OFF,KOFF,United States of America,-,-,-,-,-,-,-
19460718-7,Thursday,18-JUL-1946,-,O1, Standing (STD),Hong Kong-Kai Tak International Airport (HKG) ?,Hong Kong,0,0, Damaged beyond repair,-,Douglas Dakota IV (DC-3),2,Pratt & Whitney R-1830-90C,1945,-,-, KN687, 33399/16651,RAF,Military,-,-,-,-,-,-,-,-,-,0,0,0,0,-,-,-
19460722-0,Monday,22-JUL-1946,-,A1, En route (ENR),"Kinvara, Galway",Ireland,-,0, Damaged beyond repair,-,Douglas C-47A-50-DL (DC-3),-,-,1943,-,-, OO-CBH, 10070,Sabena,Ferry/positioning,-,-,-,-,-,-,-,-,-,-,-,0,0,-,-,-
19460725-0,Thursday,25-JUL-1946,-,A1, En route (ENR),40 km (25 mls) NE of Bassein,Myanmar,22,22, Damaged beyond repair,-,Douglas Dakota IV (DC-3),2,Pratt & Whitney R-1830-90C,1945,-,-, KN585, 33219/16471,RAF,Military,-,Bassein Airport,BSX,VYPN,Myanmar,-,-,-,-,4,18,4,18,-,-,-
19460726-0,Friday,26-JUL-1946,-,A1, Unknown (UNK),unknown,Unknown country,-,-, Damaged beyond repair,-,Douglas Dakota III (DC-3),-,-,1943,-,-, FD794, 9048,RAF,Military,-,-,-,-,-,-,-,-,-,-,-,-,-,-,-,-
19460726-1,Friday,26-JUL-1946,-,A2, Landing (LDG),Honda,Colombia,3,0, Substantial, Repaired,Douglas C-47-DL (DC-3),-,-,1942,-,-, C-101, 4688,Avianca,Test,-,-,-,-,-,-,-,-,-,3,0,0,0,-,-,-
19460727-0,Saturday,27-JUL-1946,-,A1, Unknown (UNK),"Melbourne-Essendon Airport, VIC (MEB)",Australia,-,0, Damaged beyond repair,-,Douglas DC-2-199,-,-,1936,-,-, VH-UXJ, 1561,ANA,Unknown,-,-,-,-,-,-,-,-,-,-,-,0,0,-,-,-
19460727-1,Saturday,27-JUL-1946,-,A1, Maneuvering (MNV),"General Pacheco, BA",Argentina,2,2, Damaged beyond repair,-,SNCASO S.O.93 Corse,2,Renault 12S,1945,-,-, F-BBAP, 001,SNCASO,Demonstration,-,-,-,-,-,-,-,-,-,2,0,2,0,-,-,-
19460728-0,Sunday,28-JUL-1946,-,A1, Unknown (UNK),near Mexico City,Mexico,-,-, Damaged beyond repair,-,Douglas DC-3A-228C,2,Pratt & Whitney R-1830,1940,-,-, XA-DEE, 2196,Mexicana,Unknown,-,-,-,-,-,-,-,-,-,-,-,-,-,-,-,-
19460801-0,Thursday,01-AUG-1946,-,A1, Takeoff (TOF),Hong Kong-Kai Tak International Airport (HKG),Hong Kong,-,0, Damaged beyond repair,-,Douglas Dakota IV (DC-3),2,Pratt & Whitney R-1830-90C,1945,-,-, KN430, 32859/16111,RAF,Military,-,Hong Kong-Kai Tak International Airport,HKG,VHHH,Hong Kong,-,-,-,-,-,-,0,0,-,-,-
19460805-0,Monday,05-AUG-1946,-,A1, Maneuvering (MNV),"Torrance, CA",United States of America,4,0, Damaged beyond repair,-,Douglas C-74 Globemaster I,-,-,-,-,-, 42-65403, 13914,USAAF,Military,-,Long Beach Army Airfield,LGB,KLGB,United States of America,Long Beach Army Airfield,LGB,KLGB,United States of America,4,0,0,0,-,-,-
19460805-2,Monday,05-AUG-1946,-,A1, Takeoff (TOF),"Willow Grove NAS, PA (NXX)",United States of America,-,-, Damaged beyond repair,-,Douglas R4D-6 (DC-3),-,-,1945,-,-, 99852, 33329/16581,US Navy,Military,-,Willow Grove NAS,NXX,KNXX,United States of America,-,-,-,-,-,-,-,-,-,-,-
19460807-0,Wednesday,07-AUG-1946,14:00,A1, Approach (APR),19 km (11.9 mls) N of Oslo,Norway,16,3, Damaged beyond repair,-,Douglas C-47A-5-DK (DC-3),2,Pratt & Whitney R-1830-92,1944,-,-, G-AHCS, 12348,BEA,International Scheduled Passenger,-,-,-,-,-,Oslo-Gardermoen Airport,GEN,ENGM,Norway,5,11,3,0,-,-,Final
19460807-1,Wednesday,07-AUG-1946,-,A1, Unknown (UNK),"N off Point Arena, CA",Pacific Ocean,6,6, Damaged beyond repair,-,Consolidated PBY-5A Catalina,-,-,-,-,-, 48284,-,US Navy,Military,-,-,-,-,-,-,-,-,-,-,-,-,-,-,-,-
19460808-0,Thursday,08-AUG-1946,-,A1, Landing (LDG),"Lumberton Airport, NC (LBT)",United States of America,23,0, Damaged beyond repair,-,Douglas C-47A-85-DL (DC-3),2,Pratt & Whitney R-1830-92,1944,-,-, NC50040, 19980,Trans Caribbean Air Cargo Line,Non Scheduled Passenger,-,-,-,-,-,Lumberton Airport,LBT,KLBT,United States of America,3,20,0,0,-,-,-
19460808-1,Thursday,08-AUG-1946,-,U1, Unknown (UNK),Paris-Le Bourget Airport (LBG),France,-,-, Damaged beyond repair,-,Amiot AAC.1 (Junkers Ju-52),-,-,-,-,-, F-BAJT, AAC044,Air France,Unknown,-,-,-,-,-,-,-,-,-,-,-,-,-,-,-,-
19460809-0,Friday,09-AUG-1946,-,A1, Landing (LDG),"Lakehurst, NJ",United States of America,6,4, Damaged beyond repair,-,Lockheed 18-56-23 Lodestar,-,-,1942,-,-, NC45337, 18-2223,Atlantic Central Airlines,Domestic Scheduled Passenger,-,Lakehurst-Naec Airport,NEL,KNEL,United States of America,Newark International Airport,EWR,KEWR,United States of America,2,4,2,2,-,-,-
19460809-1,Friday,09-AUG-1946,-,C1, Unknown (UNK),near Kranj,Slovenia,10,0, Damaged beyond repair,-,Douglas C-47A-80-DL (DC-3),-,-,1944,-,-, 43-15376, 19842,USAAF,Military,-,Wien Air Base,VIE,LOWW,Austria,Udine Airfield,UDN,LIPD,Italy,-,-,0,0,-,-,-
19460809-2,Friday,09-AUG-1946,-,A1, Unknown (UNK),Bovingdon RAF Station,United Kingdom,-,-, Damaged beyond repair,-,Douglas C-47A-75-DL (DC-3),2,Pratt & Whitney R-1830-92,1943,-,-, 42-100917, 19380,USAAF,Military,-,-,-,-,-,-,-,-,-,-,-,-,-,-,-,-
19460812-0,Monday,12-AUG-1946,13:30,A1, En route (ENR),near Enniskerry,Ireland,27,0, Damaged beyond repair,-,Junkers Ju-52/3m,-,-,-,-,-, B-46, 1429,French AF,Int'l Non Scheduled Passenger,-,Paris-Le Bourget Airport,LBG,LFPB,France,Dublin-Collinstown Airport,DUB,EIDW,Ireland,4,23,0,0,-,-,-
19460814-0,Wednesday,14-AUG-1946,-,A1, Initial climb (ICL),Malta-Luqa Airport (MLA),Malta,5,1, Damaged beyond repair,-,Douglas C-47A-50-DL (DC-3),2,Pratt & Whitney R-1830-92,1943,-,-, G-AGHT, 10103,BOAC,Cargo,-,Malta-Luqa Airport,MLA,LMML,Malta,-,-,-,-,5,0,1,0,-,-,-
19460815-0,Thursday,15-AUG-1946,-,A1, Takeoff (TOF),Bournemouth-Hurn Airport (BOH),United Kingdom,4,0, Damaged beyond repair,-,Avro 691 Lancastrian C.1,4,Rolls-Royce Merlin,-,-,-, G-AGLU, 1175,BOAC,Unknown,-,Bournemouth-Hurn Airport,BOH,EGHH,United Kingdom,-,-,-,-,4,0,0,0,-,-,-
19460816-0,Friday,16-AUG-1946,-,A1, Landing (LDG),Fukuoka-Itazuke AAB (FUK),Japan,-,-, Damaged beyond repair,-,Douglas C-47A-70-DL (DC-3),2,Pratt & Whitney R-1830-92,1943,-,-, 42-100792, 19255,USAAF,Military,-,-,-,-,-,Fukuoka-Itazuke AFB,FUK,RJFF,Japan,-,-,-,-,-,-,-
19460816-1,Friday,16-AUG-1946,-,A1, Landing (LDG),Kwajalein Airport (KWA),Marshall Islands,-,-, Damaged beyond repair,-,Consolidated PBY-6A Catalina,-,-,-,-,-, 64011,-,US Navy,Military,-,-,-,-,-,Kwajalein Airport,KWA,PKWA,Marshall Islands,-,-,-,-,-,-,-
19460816-2,Friday,16-AUG-1946,-,A1, Unknown (UNK),Ndolo,Zambia,-,-, Substantial, Written off (damaged beyond repair),Lockheed 14-H2 Super Electra,-,-,1939,-,-, OO-CAG, 1489,Sabena,Unknown,-,-,-,-,-,-,-,-,-,-,-,-,-,-,-,-
19460819-0,Monday,19-AUG-1946,-,C1, Unknown (UNK),near Bled,Slovenia,5,5, Damaged beyond repair,-,Douglas C-47 (DC-3),-,-,-,-,-, registration unknown,-,USAAF,Military,-,-,-,-,-,-,-,-,-,5,0,5,0,-,-,-
19460820-0,Tuesday,20-AUG-1946,-,A1, En route (ENR),Rouen,France,9,8, Damaged beyond repair,-,Avro 691 Lancastrian C.1,4,Rolls-Royce Merlin,-,-,-, G-AGMF, 1186,BOAC,Training,-,-,-,-,-,-,-,-,-,9,0,8,0,-,-,-
19460821-1,Wednesday,21-AUG-1946,04:19,A1, En route (ENR),"near Moline, IL",United States of America,25,2, Damaged beyond repair,-,Douglas C-47-DL (DC-3),2,Wright R-1820-92,1942,-,4121.0, NC51878, 4542,Trans-Luxury Airlines,Domestic Non Scheduled Passenger,-,-,-,-,-,Omaha-Eppley Airfield,OMA,KOMA,United States of America,3,22,2,0,-,-,Final
19460822-0,Thursday,22-AUG-1946,-,A1, Unknown (UNK),16 km (10 mls) W of Garmisch-Partenkirchen,Germany,5,5, Damaged beyond repair,-,Douglas C-47B-1-DL (DC-3),2,Pratt & Whitney R-1830-90C,1944,-,-, 43-16276, 20742,USAAF,Military,-,-,-,-,-,-,-,-,-,5,0,5,0,-,-,-
19460822-2,Thursday,22-AUG-1946,-,U1, Unknown (UNK),unknown,Unknown country,-,-, Damaged beyond repair,-,Douglas C-47A-25-DK (DC-3),2,Pratt & Whitney R-1830-92,1944,-,-, 42-93450, 13363,USAAF,Military,-,-,-,-,-,-,-,-,-,-,-,-,-,-,-,-
19460825-0,Sunday,25-AUG-1946,22:10,A1, Maneuvering (MNV),"8 km (5 mls) WSW of Ashland, MS",United States of America,2,2, Damaged beyond repair,-,Douglas C-47A-80-DL (DC-3),2,Pratt & Whitney R-1830-92,1944,-,3462.0, NC88826, 19776,American Airlines,Training,AA26,Memphis Municipal Airport,MEM,KMEM,United States of America,Memphis Municipal Airport,MEM,KMEM,United States of America,2,0,2,0,-,-,Final
19460830-0,Friday,30-AUG-1946,-,A1, Landing (LDG),Bathurst-Jeshwang Airport,Gambia,6,0, Damaged beyond repair,-,Avro 691 Lancastrian C.3,-,-,-,-,-, G-AGWJ, 1282,BSAA,International Scheduled Passenger,-,-,-,-,-,-,-,-,-,-,-,0,0,-,-,-
19460830-1,Friday,30-AUG-1946,-,A1, Landing (LDG),Fürth Advanced Landing Ground R-28,Germany,-,-, Damaged beyond repair,-,Douglas C-47A-80-DL (DC-3),-,-,1944,-,-, 43-15353, 19819,USAAF,Military,-,-,-,-,-,-,-,-,-,-,-,-,-,-,-,-
19460831-0,Saturday,31-AUG-1946,-,A1, Takeoff (TOF),Manchester-Ringway Airport (MAN),United Kingdom,-,0, Damaged beyond repair,-,Douglas Dakota III (DC-3),-,-,1944,-,-, KG665, 13482,RAF,Military,-,Manchester-Ringway Airport,MAN,EGCC,United Kingdom,-,-,-,-,-,-,0,0,-,-,-
19460902-0,Monday,02-SEP-1946,-,A1, Approach (APR),"near Moncton, NB (YQM)",Canada,2,2, Damaged beyond repair,-,Lockheed 14-08 Super Electra,-,-,-,-,-, CF-TCJ, 1473,TCAL,Training,-,-,-,-,-,-,-,-,-,2,0,2,0,-,-,-
19460902-1,Monday,02-SEP-1946,-,A1, Unknown (UNK),Barrackpore Air Base,India,18,0, Damaged beyond repair,-,Douglas C-47B-1-DK (DC-3),2,Pratt & Whitney R-1830-90C,1944,-,-, KJ819, 25603/14158,Royal Indian AF,Military,-,-,-,-,-,-,-,-,-,-,-,0,0,-,-,-
19460903-0,Tuesday,03-SEP-1946,-,A1, En route (ENR),near Køge,Denmark,22,22, Damaged beyond repair,-,Douglas DC-3A,-,-,1943,-,-, F-BAOB, 11714,Air France,International Scheduled Passenger,-,København-Kastrup Airport,CPH,EKCH,Denmark,Paris-Le Bourget Airport,LBG,LFPB,France,5,17,5,17,-,-,-
19460903-1,Tuesday,03-SEP-1946,-,A1, Landing (LDG),"64 km (40 mls) S of Big Delta, AK",United States of America,-,-, Damaged beyond repair,-,Douglas C-47B-45-DK (DC-3),2,Pratt & Whitney R-1830-90C,1945,-,-, 45-1048, 34317/17051,USAAF,Military,-,-,-,-,-,-,-,-,-,-,-,-,-,-,-,-
19460904-0,Wednesday,04-SEP-1946,09:15,A1, Initial climb (ICL),5 km (3.1 mls) S of Paris-Le Bourget Airport (LBG),France,26,19, Damaged beyond repair,-,Douglas DC-3D,-,-,1946,-,-, F-BAXD, 42975,Air France,International Scheduled Passenger,-,Paris-Le Bourget Airport,LBG,LFPB,France,-,-,-,-,5,21,4,15,-,1,-
19460904-1,Wednesday,04-SEP-1946,-,A1, Landing (LDG),London-Northolt Airport (NHT),United Kingdom,-,0, Damaged beyond repair,-,Focke-Wulf Fw 200A-05,-,-,-,-,-, OY-DEM, 2993,DDL,International Scheduled Passenger,-,København-Kastrup Airport,CPH,EKCH,Denmark,London-Northolt Airport,NHT,EGWU,United Kingdom,-,-,0,0,-,-,-
19460904-2,Wednesday,04-SEP-1946,-,A2, Landing (LDG),Constantine-Ain el Bey Airport (CZL),Algeria,-,0, Substantial, Repaired,Amiot AAC.1 (Junkers Ju-52),-,-,-,-,-, F-BBYS, AAC239,CGT,Unknown,-,-,-,-,-,Constantine-Ain el Bey Airport,CZL,DABC,Algeria,-,-,0,0,-,-,-
19460905-0,Thursday,05-SEP-1946,01:32,A1, Approach (APR),"4 km (2.5 mls) W of Elko, NV",United States of America,21,20, Damaged beyond repair,-,Douglas C-47A-5-DL (DC-3),2,Pratt & Whitney R-1830-92,1943,-,2137.0, NC57850, 9214,Trans-Luxury Airlines,Domestic Non Scheduled Passenger,-,Cheyenne Airport,CYS,KCYS,United States of America,Elko Airport,EKO,KEKO,United States of America,3,18,3,17,-,-,Final
19460905-1,Thursday,05-SEP-1946,-,A1, Unknown (UNK),"off Darwin, NT",Australia,5,0, Damaged beyond repair,-,Douglas C-47B-35-DK (DC-3),2,Pratt & Whitney R-1830-90C,1945,-,-, A65-115, 33464/16716,RAAF,Military,-,-,-,-,-,-,-,-,-,5,0,0,0,-,-,-
19460906-0,Friday,06-SEP-1946,-,A1, Initial climb (ICL),near Esperanza,Cuba,7,7, Damaged beyond repair,-,Lockheed 18-56-23 Lodestar,-,-,1943,-,-, CU-T16, 18-2592,Interamericano,Domestic Scheduled Passenger,-,Santa Clara Airport,SNU,MUSC,Cuba,Havana-Rancho Boyeros Airport,HAV,MUHA,Cuba,4,3,4,3,-,-,-
19460907-0,Saturday,07-SEP-1946,-,O1, Standing (STD),"Sydney-Mascot Airport, NSW (SYD)",Australia,0,0, Damaged beyond repair,-,Douglas C-47-DL (DC-3),2,Pratt & Whitney R-1830-92,1943,-,-, VH-ANM, 9071,ANA,-,-,-,-,-,-,-,-,-,-,0,0,0,0,-,1,-
19460907-1,Saturday,07-SEP-1946,04:10,A1, Initial climb (ICL),3 km (1.9 mls) S of Bathurst-Yundum Airport (BJL),Gambia,24,24, Damaged beyond repair,-,Avro 685 York I,4,Rolls-Royce Merlin,1946,-,-, G-AHEW, 1300,BSAA,International Scheduled Passenger,-,Bathurst-Yundum Airport,BJL,GBYD,Gambia,Natal-Augusto Severo International Airport,NAT,SBNT,Brazil,4,20,4,20,-,-,Final
19460907-2,Saturday,07-SEP-1946,-,A1, Approach (APR),"Nome, AK",United States of America,4,4, Damaged beyond repair,-,Douglas C-47A (DC-3),-,-,1944,-,-, NC91002, 20227,Mt. McKinley Airfreight,Passenger,-,-,-,-,-,Nome Airport,OME,PAOM,United States of America,2,2,2,2,-,-,-
19460909-0,Monday,09-SEP-1946,-,A1, Landing (LDG),Holmsley South RAF Station,United Kingdom,-,0, Damaged beyond repair,-,Avro 685 York C.1,4,Rolls-Royce Merlin,-,-,-, MW184,-,RAF,Military,-,-,-,-,-,-,-,-,-,-,-,0,0,-,-,-
19460910-0,Tuesday,10-SEP-1946,-,A1, Takeoff (TOF),Tiputini Airport (TPN),Ecuador,3,0, Damaged beyond repair,-,Ford 5-AT Tri-Motor,-,-,-,-,-, HC-SBI,-,Shell Ecuador,Unknown,-,Tiputini Airport,TPN,SETI,Ecuador,-,-,-,-,1,2,0,0,-,-,-
19460912-3,Thursday,12-SEP-1946,13:42,A1, Approach (APR),"Washington-National Airport, DC (DCA)",United States of America,4,0, Damaged beyond repair,-,Douglas C-54A-10-DC (DC-4),4,Pratt & Whitney R-2000-7,1944,-,3598.0, NX91068, 10342,Pennsylvania-Central Airlines,Training,-,Washington-National Airport,DCA,KDCA,United States of America,Washington-National Airport,DCA,KDCA,United States of America,4,0,0,0,-,-,Final
19460913-0,Friday,13-SEP-1946,-,O1, Standing (STD),Roma-Ciampino Airport (CIA),Italy,0,0, Damaged beyond repair,-,Douglas Dakota IV (DC-3),2,Pratt & Whitney R-1830-90C,1944,-,-, KJ862, 25801/14356,RAF,Military,-,-,-,-,-,-,-,-,-,0,0,0,0,-,-,-
19460913-2,Friday,13-SEP-1946,-,A1, Landing (LDG),Okinawa-Naha AFB (AHA),Japan,-,-, Damaged beyond repair,-,Douglas C-47B-1-DK (DC-3),-,-,1944,-,-, 43-48559, 25820/14375,USAAF,Military,-,-,-,-,-,-,-,-,-,-,-,-,-,-,-,-
19460915-0,Sunday,15-SEP-1946,10:20,A1, Approach (APR),"Estevan, SK",Canada,21,21, Damaged beyond repair,-,Douglas Dakota III (DC-3),-,-,1944,-,-, 962, 12544,RCAF,Military,-,Minot AFB,MIB,KMIB,United States of America,-,-,-,-,-,-,-,-,-,-,-
19460916-0,Monday,16-SEP-1946,-,A1, Unknown (UNK),"near Granite Falls, WA",United States of America,-,7, Damaged beyond repair,-,Consolidated PBY-6A Catalina,-,-,-,-,-, 63999,-,US Navy,Military,-,-,-,-,-,-,-,-,-,-,-,-,-,-,-,-
19460917-0,Tuesday,17-SEP-1946,01:17,A1, Initial climb (ICL),Brussel-Haren Airport (BRU),Belgium,7,1, Damaged beyond repair,-,Douglas C-47-DL (DC-3),2,Pratt & Whitney R-1830-92,1942,-,-, OO-AUR, 4549,Sabena,International Scheduled Passenger,-,-,-,-,-,-,-,-,-,3,4,1,0,-,-,-
19460918-0,Wednesday,18-SEP-1946,07:42,A1, Approach (APR),"35 km (21.9 mls) SW of Gander, NL",Canada,44,27, Damaged beyond repair,-,Douglas DC-4-1009,-,-,1946,-,-, OO-CBG, 42986,Sabena,International Scheduled Passenger,-,Shannon Airport,SNN,EINN,Ireland,Gander Airport,YQX,CYQX,Canada,7,37,6,21,-,-,-
19460919-0,Thursday,19-SEP-1946,-,A1, Landing (LDG),Yonago-Miho Air Base (YGJ),Japan,-,0, Damaged beyond repair,-,Douglas Dakota IV (DC-3),2,Pratt & Whitney R-1830-90C,1945,-,-, KN529, 33079/16331,RAF,Military,-,-,-,-,-,Yonago-Miho Air Base,YGJ,RJOH,Japan,-,-,0,0,-,-,-
19460920-0,Friday,20-SEP-1946,-,A1, En route (ENR),"near Xichang, Sichuan Province",China,31,31, Damaged beyond repair,-,unknown,-,-,-,-,-, registration unknown,-,CNAC,Passenger,-,Xichang Airport,XIC,ZUXC,China,-,-,-,-,3,28,3,28,-,-,-
19460924-0,Tuesday,24-SEP-1946,-,A1, Landing (LDG),Shannon Airport (SNN),Ireland,36,0, Damaged beyond repair,-,Lockheed L-049 Constellation,-,-,1946,-,-, NC88831, 2031,Pan Am,International Scheduled Passenger,-,New York-La Guardia Airport,LGA,KLGA,United States of America,Shannon Airport,SNN,EINN,Ireland,10,26,0,0,-,-,-
19460925-0,Wednesday,25-SEP-1946,09:31,A1, En route (ENR),3 km (1.9 mls) WNW of Hong Kong-Kai Tak International Airport (HKG),Hong Kong,19,19, Damaged beyond repair,-,Douglas Dakota IV (DC-3),2,Pratt & Whitney R-1830-90C,1945,-,-, KN414, 32839/16091,RAF,Military,-,Hong Kong-Kai Tak International Airport,HKG,VHHH,Hong Kong,-,-,-,-,5,14,5,14,-,-,-
19460926-0,Thursday,26-SEP-1946,-,O1, Taxi (TXI),Hong Kong-Kai Tak,Hong Kong,-,0, Damaged beyond repair,-,Short Sunderland GR.5,-,-,-,-,-, SZ564,-,RAF,Military,-,-,-,-,-,-,-,-,-,-,-,0,0,-,-,-
19460927-0,Friday,27-SEP-1946,-,A1, Approach (APR),"near Rio de Janeiro, RJ",Brazil,25,25, Damaged beyond repair,-,Douglas DC-3A-228D,2,Pratt & Whitney R-1830,1941,-,-, PP-PCH, 4087,Panair do Brasil,Domestic Scheduled Passenger,-,Belo Horizonte-Pampulha Airport,PLU,SBBH,Brazil,Rio de Janeiro-Santos Dumont Airport,SDU,SBRJ,Brazil,3,22,3,22,-,-,-
19460927-1,Friday,27-SEP-1946,-,A1, Unknown (UNK),"Gander-RCAF Station, NL (YQX)",Canada,-,-, Damaged beyond repair,-,Douglas Dakota III (DC-3),-,-,1944,-,-, 967, 13086,RCAF,Military,-,-,-,-,-,-,-,-,-,-,-,-,-,-,-,-
19461001-0,Tuesday,01-OCT-1946,-,A1, Unknown (UNK),Bulusan,Philippines,5,0, Damaged beyond repair,-,Douglas DC-3,-,-,-,-,-, PI-C59 ??,-,Philippine Air Lines,Unknown,-,Manila International Airport,MNL,RPLL,Philippines,Davao Airport,DVO,RPMD,Philippines,3,2,0,0,-,-,-
19461002-1,Wednesday,02-OCT-1946,-,A1, Takeoff (TOF),Hermosillo Airport (HMO),Mexico,-,0, Damaged beyond repair,-,Douglas C-47B-45-DK (DC-3),-,-,1945,-,-, 45-968, 34231/16971,USAAF,Military,-,Hermosillo-Gen Pesqueira Garcia Airport,HMO,MMHO,Mexico,-,-,-,-,-,-,0,0,-,-,-
19461003-0,Thursday,03-OCT-1946,05:03,A1, Initial climb (ICL),"11,4 km (7.1 mls) NE of Stephenville-Harmon AAB, NL (YJT)",Canada,39,39, Destroyed, Written off (damaged beyond repair),Douglas C-54E-5-DO (DC-4),4,Pratt & Whitney R-2000-9,1945,-,3731.0, NC90904, 27290,American Overseas Airlines,International Scheduled Passenger,-,Stephenville Air Base,YJT,CYJT,Canada,Shannon Airport,SNN,EINN,Ireland,8,31,8,31,-,-,Final
19461003-1,Thursday,03-OCT-1946,16:32,A1, Takeoff (TOF),Malta-Luqa Airport (MLA),Malta,16,0, Damaged beyond repair,-,Douglas DC-2-115L,-,-,1936,-,-, G-AGBH, 1584/F33,Southampton Air Services,International Scheduled Passenger,-,Malta-Luqa Airport,MLA,LMML,Malta,-,-,-,-,2,14,0,0,-,-,-
19461003-2,Thursday,03-OCT-1946,-,A1, Taxi (TXI),"Fort Benning-Lawson AAF, GA (LSF)",United States of America,-,-, Damaged beyond repair,-,Douglas C-47A-80-DL (DC-3),2,Pratt & Whitney R-1830-92,1944,-,-, 43-15286, 19752,USAAF,Military,-,-,-,-,-,-,-,-,-,-,-,-,-,-,-,-
19461004-0,Friday,04-OCT-1946,19:00,A1, En route (ENR),"1,6 km (1 mls) SW of Koge",Denmark,3,0, Damaged beyond repair,-,Douglas C-47A-75-DL (DC-3),2,Pratt & Whitney R-1830-92,1943,-,-, 42-100915, 19378,USAAF,Military,-,Bremen Airport,BRE,EDDW,Germany,Stockholm-Bromma Airport,BMA,ESSB,Sweden,3,0,0,0,-,-,-
19461006-0,Sunday,06-OCT-1946,-,A1, En route (ENR),"160 km (100 mls) W off  Penang, Malaysia [Bay of Bengal]",Indian Ocean,21,21, Damaged beyond repair,-,Avro 685 York C.1,4,Rolls-Royce Merlin,-,-,-, MW125,-,RAF,Military,-,Calcutta-Dum Dum Airport,CCU,VECC,India,Penang International Airport,PEN,WMKP,Malaysia,6,15,6,15,-,-,-
19461007-0,Monday,07-OCT-1946,-,A1, Landing (LDG),"Corpus Christi NAS, TX (NGP)",United States of America,-,-, Damaged beyond repair,-,Consolidated PBY-5 Catalina,-,-,-,-,-, 08530,-,US Navy,Military,-,-,-,-,-,-,-,-,-,-,-,-,-,-,-,-
19461008-0,Tuesday,08-OCT-1946,04:33,A1, Approach (APR),"2,4 km (1.5 mls) NW of Cheyenne Airport, WY (CYS)",United States of America,41,2, Damaged beyond repair,-,Douglas DC-4,4,Pratt & Whitney R-2000-11,1944,-,3077.0, NC30051, 10471,United Airlines,Domestic Scheduled Passenger,  28,San Francisco Municipal Airport,SFO,KSFO,United States of America,Cheyenne Airport,CYS,KCYS,United States of America,4,37,0,2,-,-,Final
19461008-1,Tuesday,08-OCT-1946,-,O1, Standing (STD),Amderma Airport (AMV),Russia,0,0, Damaged beyond repair,-,Lisunov Li-2,-,-,-,-,-, CCCP-N394,-,Polyarnaya Aviatsiya,-,-,-,-,-,-,-,-,-,-,0,0,0,0,-,-,-
19461009-0,Wednesday,09-OCT-1946,-,A1, Unknown (UNK),Unknown,Unknown country,-,-, Damaged beyond repair,-,Douglas C-47A-65-DL (DC-3),-,-,1943,-,-, 42-100456, 18919,USAAF,Military,-,-,-,-,-,-,-,-,-,-,-,-,-,-,-,-
19461010-0,Thursday,10-OCT-1946,-,A1, Unknown (UNK),10 km (6.3 mls) S of Sefrou,Morocco,16,16, Damaged beyond repair,-,Amiot AAC.1 (Junkers Ju-52),-,-,-,-,-, F-BCAA, AAC281,Air Ocean,International Scheduled Passenger,-,Paris-Le Bourget Airport,LBG,LFPB,France,-,-,-,-,5,11,5,11,-,-,-
19461011-0,Friday,11-OCT-1946,23:25,A1, Approach (APR),"near Alexandria, VA",United States of America,26,0, Damaged beyond repair,-,Douglas C-54B-15-DO (DC-4),4,Pratt & Whitney R-2000-13G,1944,-,2045.0, NC88729, 18396,Eastern Air Lines,Domestic Scheduled Passenger,EA564,-,-,-,-,Washington-National Airport,DCA,KDCA,United States of America,4,22,0,0,-,-,Final
19461012-0,Saturday,12-OCT-1946,18:15,A1, Landing (LDG),"Newcastle, DE",United States of America,8,0, Damaged beyond repair,-,Lockheed L-049-46-28 Constellation,4,Wright R-3350 (745C18BA3) Cyclone,1946,-,1195.0, NC86512, 2039,TWA,Ferry/positioning,-,New York-La Guardia Airport,LGA,KLGA,United States of America,Wilmington-New Castle County Airport,ILG,KILG,United States of America,8,0,0,0,-,-,Final
19461013-0,Sunday,13-OCT-1946,-,A1, Unknown (UNK),off Woendi,Indonesia,-,0, Damaged beyond repair,-,Consolidated PBY-5 Catalina,-,-,-,-,-, Y-87, 8397,Dutch Navy,Military,-,-,-,-,-,-,-,-,-,-,-,0,0,-,-,-
19461015-0,Tuesday,15-OCT-1946,-,A1, Takeoff (TOF),Frankfurt Rhein-Main Air Force Base (FRF),Germany,-,-, Damaged beyond repair,-,Douglas C-47A-90-DL (DC-3),-,-,1944,-,-, 43-15647, 20113,USAAF,Military,-,Frankfurt-Rhein-Main AFB,FRF,EDAF,Germany,-,-,-,-,-,-,-,-,-,-,-
19461016-0,Wednesday,16-OCT-1946,-,U1, Unknown (UNK),Manila,Philippines,-,-, Damaged beyond repair,-,Douglas DC-3,-,-,-,-,-, PI-C92,-,Far East Air Transport,Unknown,-,-,-,-,-,-,-,-,-,-,-,-,-,-,-,-
19461017-0,Thursday,17-OCT-1946,00:57,A1, Approach (APR),"Laramie, WY",United States of America,13,13, Damaged beyond repair,-,Douglas C-47A-20-DK (DC-3),2,Pratt & Whitney R-1830-92,1944,-,1861.0, NC38942, 12971,National Air Transport Service,Domestic Non Scheduled Passenger,-,Oakland Municipal Airport,OAK,KOAK,United States of America,Cheyenne Airport,CYS,KCYS,United States of America,3,10,3,10,-,-,Final
19461017-1,Thursday,17-OCT-1946,-,A1, En route (ENR),61 km (38.1 mls) N of Chitral,Pakistan,11,11, Damaged beyond repair,-,Douglas Dakota IV (DC-3),2,Pratt & Whitney R-1830-90C,1945,-,-, KN236, 27104/15659,RAF,Military,-,-,-,-,-,-,-,-,-,-,-,-,-,-,-,-
19461020-0,Sunday,20-OCT-1946,07:27,A1, Takeoff (TOF),Calcutta-Dum Dum Airport (CCU),India,15,3, Damaged beyond repair,-,Avro 685 York C.1,4,Rolls-Royce Merlin,-,-,-, MW208,-,RAF,Military,-,Calcutta-Dum Dum Airport,CCU,VECC,India,-,-,-,-,5,10,0,3,-,-,-
19461022-0,Tuesday,22-OCT-1946,-,A1, Takeoff (TOF),"Catanduva, SP",Brazil,-,0, Damaged beyond repair,-,Lockheed 18-14 Lodestar,-,-,1941,-,-, PP-PBQ, 18-2115,Panair do Brasil,Unknown,-,-,-,-,-,-,-,-,-,-,-,0,0,-,-,-
19461022-1,Tuesday,22-OCT-1946,-,A1, Takeoff (TOF),Membury RAF Station,United Kingdom,-,0, Damaged beyond repair,-,Douglas Dakota IV (DC-3),2,Pratt & Whitney R-1830-90C,1945,-,-, KN635, 33320/16572,RAF,Military,-,-,-,-,-,-,-,-,-,-,-,0,0,-,-,-
19461022-2,Tuesday,22-OCT-1946,-,A1, En route (ENR),29 km (18.1 mls) SE of Aachen,Germany,3,1, Damaged beyond repair,-,Douglas C-47A-65-DL (DC-3),-,-,1943,-,-, 42-100506, 18969,USAAF,Military,-,-,-,-,-,-,-,-,-,3,0,1,0,-,-,-
19461022-3,Tuesday,22-OCT-1946,-,A1, En route (ENR),S of Manila-Nichols Air Base (MNL),Philippines,7,7, Damaged beyond repair,-,Douglas C-47B-1-DL (DC-3),-,-,1944,-,-, 43-16199, 20665,USAAF,Military,-,Manila-Nichols Air Base,MNL,RPLL,Philippines,-,-,-,-,-,-,-,-,-,-,-
19461023-0,Wednesday,23-OCT-1946,-,A1, Unknown (UNK),Gebel Kalamoun,Egypt,24,1, Damaged beyond repair,-,Amiot AAC.1 (Junkers Ju-52),-,-,-,-,-, F-BCHD, AAC311,SOCOTRA,Int'l Non Scheduled Passenger,-,Paris-Le Bourget Airport,LBG,LFPB,France,-,-,-,-,2,22,0,1,-,-,-
19461025-0,Friday,25-OCT-1946,-,A1, Unknown (UNK),"El Paso-Biggs AAF, TX (BIF)",United States of America,-,-, Damaged beyond repair,-,Douglas C-47B-40-DK (DC-3),2,Pratt & Whitney R-1830-90C,1945,-,-, 44-77265, 33597/16849,USAAF,Military,-,-,-,-,-,-,-,-,-,-,-,-,-,-,-,-
19461026-0,Saturday,26-OCT-1946,-,U1, Unknown (UNK),Marseille-Marignane Airport (MRS),France,-,-, Damaged beyond repair,-,Amiot AAC.1 (Junkers Ju-52),-,-,-,-,-, F-BBYL, AAC232,TAI,Unknown,-,-,-,-,-,-,-,-,-,-,-,-,-,-,-,-
19461031-0,Thursday,31-OCT-1946,-,A1, Approach (APR),Tashauz,Turkmenistan,16,0, Destroyed, Written off (damaged beyond repair),Lisunov Li-2,-,-,1945,-,869.0, CCCP-L4278, 18422907,Aeroflot / Turkmenistan,Domestic Scheduled Passenger,-,Ashgabat Airport,ASB,UTAA,Turkmenistan,-,-,-,-,4,12,0,0,-,-,-
19461101-0,Friday,01-NOV-1946,-,A1, En route (ENR),Saint-Léger-la-Montagne,France,27,23, Destroyed, Written off (damaged beyond repair),Amiot AAC.1 (Junkers Ju-52),-,-,-,-,-, F-BCAD, AAC284,CTA Languedoc-Roussillon,Domestic Scheduled Passenger,-,Paris-Le Bourget Airport,LBG,LFPB,France,Toulouse-Blagnac Airport,TLS,LFBO,France,3,24,3,20,-,-,-
19461101-1,Friday,01-NOV-1946,-,A1, Unknown (UNK),Taiden,South Korea,-,-, Damaged beyond repair,-,Douglas C-47B-20-DK (DC-3),2,Pratt & Whitney R-1830-90C,1945,-,-, 43-49899, 27160/15715,USAAF,Military,-,-,-,-,-,-,-,-,-,-,-,-,-,-,-,-
19461102-0,Saturday,02-NOV-1946,-,A1, En route (ENR),Caribbean,Unknown country,8,8, Missing, Presumed damaged beyond repair,Douglas C-47B-10-DK (DC-3),2,Pratt & Whitney R-1830-90C,1944,-,-, 43-49141, 26402/14957,USAAF,Military,-,-,-,-,-,-,-,-,-,-,-,-,-,-,-,-
19461103-0,Sunday,03-NOV-1946,-,A1, Takeoff (TOF),Delhi-Palam Airport (DEL),India,-,0, Damaged beyond repair,-,Avro 685 York C.1,4,Rolls-Royce Merlin,-,-,-, MW225,-,RAF,Military,-,Delhi-Palam Airport,DEL,VIDP,India,-,-,-,-,-,-,0,0,-,-,-
19461104-0,Monday,04-NOV-1946,-,A1, Taxi (TXI),"Austin-Bergstrom AAF, TX",United States of America,-,0, Damaged beyond repair,-,Fairchild C-82A Packet,-,-,1946,-,-, 44-23020, 10064,USAAF,Military,-,-,-,-,-,-,-,-,-,-,-,0,0,-,-,-
19461105-0,Tuesday,05-NOV-1946,18:07,A1, Approach (APR),"near Yamshchina, Moskovskaya region",Russia,5,5, Damaged beyond repair,-,Lisunov Li-2,-,-,1945,-,1517.0, CCCP-L4181, 18420006,Aeroflot / Turkmenistan,Ferry/positioning,-,Voronezh Airport,VOZ,UUOO,Russia,Moskva-Vnukovo Airport,VKO,UUWW,Russia,5,0,5,0,-,-,-
19461105-1,Tuesday,05-NOV-1946,18:30,A1, Initial climb (ICL),Moskva-Vnukovo Airport (VKO),Russia,26,13, Damaged beyond repair,-,Douglas C-47B-5-DK (DC-3),-,-,1944,-,1675.0, CCCP-L946, 26017/14572,Aeroflot,Domestic Scheduled Passenger,-,-,-,-,-,Moskva-Vnukovo Airport,VKO,UUWW,Russia,4,22,3,10,-,-,-
19461105-2,Tuesday,05-NOV-1946,18:55,A1, Approach (APR),Moskva-Vnukovo Airport (VKO),Russia,26,1, Damaged beyond repair,-,Lisunov Li-2,-,-,1945,-,1920.0, CCCP-L4207, 18420908,Aeroflot / Lithuania,Domestic Scheduled Passenger,-,Vilnius Airport,VNO,EYVI,Lithuania,Moskva-Vnukovo Airport,VKO,UUWW,Russia,4,22,-,-,-,-,-
19461106-0,Wednesday,06-NOV-1946,08:45,A1, Approach (APR),near Shere,United Kingdom,20,0, Damaged beyond repair,-,Douglas C-47A-25-DK (DC-3),2,Pratt & Whitney R-1830-S1C3-G,1944,-,1792.0, PH-TBO, 13638,KLM,International Scheduled Passenger,-,Amsterdam-Schiphol International Airport,AMS,EHAM,Netherlands,-,-,-,-,5,15,0,0,-,-,Final
19461107-0,Thursday,07-NOV-1946,-,A1, Takeoff (TOF),"Rio de Janeiro-Manguinhos Airport, RJ",Brazil,3,0, Substantial, Repaired,Lockheed 18-10 Lodestar ,-,-,1942,-,-, PP-NAI, 18-2168,NAB,Training,-,-,-,-,-,-,-,-,-,3,0,0,0,-,-,-
19461107-1,Thursday,07-NOV-1946,-,A1, En route (ENR),"ca 11 km SW of San Rafael, NM",United States of America,3,2, Damaged beyond repair,-,Budd RB-1 Conestoga,-,-,-,-,-, NC45353, 011,National Skyway Freight,Cargo,-,Dayton Airport,DAY,KDAY,United States of America,Los Angeles Municipal Airport,LAX,KLAX,United States of America,3,0,2,0,-,-,-
19461109-0,Saturday,09-NOV-1946,-,A1, Takeoff (TOF),"Anchorage-Merrill Field, AK (MRI)",United States of America,18,0, Damaged beyond repair,-,Douglas DC-3,-,-,-,-,-, registration unknown,-,Arnold Air Service,Domestic Scheduled Passenger,-,Anchorage-Merrill Field,MRI,PAMR,United States of America,Seattle/Tacoma International Airport,SEA,KSEA,United States of America,2,16,0,0,-,-,-
19461109-1,Saturday,09-NOV-1946,17:36,A1, Approach (APR),near Dobrovíze,Czech Republic,18,0, Damaged beyond repair,-,Douglas C-47A-80-DL (DC-3),2,Pratt & Whitney R-1830-92,1944,-,-, OK-XDG, 19535,CSA,International Scheduled Passenger,-,Amsterdam-Schiphol International Airport,AMS,EHAM,Netherlands,Praha-Ruzyne International Airport,PRG,LKPR,Czech Republic,5,13,0,0,-,-,-
19461109-2,Saturday,09-NOV-1946,-,A1, Approach (APR),Ufa,Russia,7,6, Damaged beyond repair,-,Lisunov Li-2,-,-,1945,-,1470.0, CCCP-L4145, 18419003,Aeroflot / Privolzhsk,Domestic Scheduled Passenger,-,Kuybyshev Airport,KUF,UWWW,Russia,Sverdlovsk-Koltsovo Airport,SVX,USSS,Russia,4,3,3,3,-,-,-
19461110-0,Sunday,10-NOV-1946,17:17,A1, Landing (LDG),"Meridian-Key Field, MS (MEI)",United States of America,22,0, Damaged beyond repair,-,Douglas C-49J-DO (DC-3-454),2,Wright R-1820-G202A,1942,-,8819.0, NC20750, 4993,Delta Air Lines,Domestic Scheduled Passenger,DL10,Jackson-Hawkins Field,HKS,KHKS,United States of America,Meridian-Key Field,MEI,KMEI,United States of America,3,19,0,0,-,-,Final
19461110-2,Sunday,10-NOV-1946,-,A1, Unknown (UNK),Algiers-Maison Blanche Airport (ALG),Algeria,-,-, Damaged beyond repair,-,Douglas Dakota III (DC-3),-,-,1943,-,-, FZ570, 12105,RAF,Military,-,-,-,-,-,-,-,-,-,-,-,-,-,-,-,-
19461111-0,Monday,11-NOV-1946,03:30,A1, Approach (APR),"Cleveland, OH",United States of America,20,2, Damaged beyond repair,-,Douglas C-53D-DO (DC-3),2,Pratt & Whitney R-1830-92,1942,-,11684.0, NC19947, 4873,United Airlines,Domestic Scheduled Passenger,UA404,-,-,-,-,-,-,-,-,3,17,2,0,-,-,Final
19461113-0,Wednesday,13-NOV-1946,03:41,A1, En route (ENR),"22,5 km (14.1 mls) S of Lebec, CA",United States of America,11,11, Damaged beyond repair,-,Douglas DC-3A,2,Pratt & Whitney R-1830-92,1943,-,6229.0, NC18645, 11662,Western Air Lines,Domestic Scheduled Passenger,  23,Las Vegas McCarran Field,LSV,KLSV,United States of America,Hollywood-Lockheed Air Terminal,BUR,KBUR,United States of America,3,8,3,8,-,-,Final
19461113-1,Wednesday,13-NOV-1946,08:20,A1, En route (ENR),20 km (12.5 mls) E of Perote,Mexico,15,15, Damaged beyond repair,-,Douglas DC-3,-,-,-,-,-, XA-FOZ,-,Communicaciones Aéreas de Veracruz,Domestic Scheduled Passenger,-,Mexico City International Airport,MEX,MMMX,Mexico,Veracruz-Las Bajadas Airport,VER,MMVR,Mexico,3,12,3,12,-,-,-
19461114-0,Thursday,14-NOV-1946,-,A1, Approach (APR),Amsterdam-Schiphol Airport (AMS),Netherlands,26,26, Damaged beyond repair,-,Douglas C-47A-90-DL (DC-3),2,Pratt & Whitney R-1830-92,1944,-,-, PH-TBW, 20122,KLM,International Scheduled Passenger,-,-,-,-,-,Amsterdam-Schiphol International Airport,AMS,EHAM,Netherlands,5,21,5,21,-,-,-
19461115-0,Friday,15-NOV-1946,-,A1, Landing (LDG),Ayuy Airstrip,Ecuador,4,1, Damaged beyond repair,-,Ford 4-AT-B Tri-Motor,3,Wright J-5 Whirlwind,1928,-,-, HC-SBD, 4-AT-29,Shell Ecuador,Unknown,-,-,-,-,-,-,-,-,-,1,3,1,0,-,-,-
19461116-0,Saturday,16-NOV-1946,-,A1, En route (ENR),"24 km (15 mls) off  Iwo Jima Air Base (IWO), Japan",Pacific Ocean,23,23, Damaged beyond repair,-,Curtiss C-46F-1-CU Commando,-,-,1945,-,-, 44-78691, 22514,USAAF,Military,-,-,-,-,-,Iwo Jima Air Base,IWO,RJAW,Japan,5,18,5,18,-,-,-
19461118-0,Monday,18-NOV-1946,-,A1, Unknown (UNK),Lons-le-Saunier,France,4,0, Damaged beyond repair,-,Douglas DC-3-194D,-,-,1938,-,-, G-AGBE, 2022,Skyways,Int'l Non Scheduled Passenger,-,London-Northolt Airport,NHT,EGWU,United Kingdom,Genève-Cointrin Airport,GVA,LSGG,Switzerland,-,-,0,0,-,-,-
19461119-0,Tuesday,19-NOV-1946,-,A1, En route (ENR),19 km (11.9 mls) E of Interlaken,Switzerland,11,0, Damaged beyond repair,-,Douglas C-53D Skytrooper (DC-3),2,Pratt & Whitney R-1830-92,1943,-,-, 42-68846, 11773,USAAF,Military,-,München-Riem Airport,MUC,EDDM,Germany,-,-,-,-,4,7,0,0,-,-,-
19461120-0,Wednesday,20-NOV-1946,-,A1, En route (ENR),64 km (40 mls) S of Suez,Egypt,-,6, Damaged beyond repair,-,Avro 685 York C.1,4,Rolls-Royce Merlin,-,-,-, MW205,-,RAF,Military,-,-,-,-,-,-,-,-,-,-,-,-,-,-,-,-
19461122-0,Friday,22-NOV-1946,-,A1, Unknown (UNK),"Ohama Beach, 210 km N of Tokyo",Japan,-,-, Damaged beyond repair,-,Douglas C-47B-35-DK (DC-3),2,Pratt & Whitney R-1830-90C,1945,-,-, 44-77156, 33488/16740,USAAF,Military,-,-,-,-,-,-,-,-,-,-,-,-,-,-,-,-
19461122-1,Friday,22-NOV-1946,-,A1, Unknown (UNK),at an unknown location,Argentina,-,-, Damaged beyond repair,-,Junkers Ju-52/3mge,-,-,-,-,-, T-165,-,Argentine AF,Military,-,-,-,-,-,-,-,-,-,-,-,-,-,-,-,-
19461125-1,Monday,25-NOV-1946,11:00,A1, Unknown (UNK),5 km (3.1 mls) from  Valdenoche,Spain,10,8, Damaged beyond repair,-,Junkers Ju-52/3m,-,-,-,-,-, T.2-76,-,Spanish AF,Military,-,-,-,-,-,-,-,-,-,-,-,-,-,-,-,-
19461126-0,Tuesday,26-NOV-1946,-,A1, Unknown (UNK),"Darwin RAAF Station, NT ?",Australia,-,0, Damaged beyond repair,-,Consolidated PBY-5A Catalina,-,-,-,-,-, A24-106, 1970,RAAF,Military,-,-,-,-,-,-,-,-,-,-,-,0,0,-,-,-
19461127-0,Wednesday,27-NOV-1946,10:30,A1, Approach (APR),near San José,Costa Rica,23,23, Damaged beyond repair,-,Douglas C-47A-90-DL (DC-3),2,Pratt & Whitney R-1830-92,1944,-,-, RX-76, 20590,LACSA,Domestic Scheduled Passenger,-,-,-,-,-,-,-,-,-,3,20,3,20,-,-,-
19461128-0,Thursday,28-NOV-1946,-,A1, Takeoff (TOF),Brize Norton (BZZ),United Kingdom,-,0, Damaged beyond repair,-,Avro 685 York C.1,4,Rolls-Royce Merlin,-,-,-, MW168,-,RAF,Military,-,Brize Norton RAF Station,BZZ,EGVN,United Kingdom,-,-,-,-,-,-,0,0,-,-,-
19461129-0,Friday,29-NOV-1946,-,A1, Unknown (UNK),unknown,Unknown country,-,-, Damaged beyond repair,-,Douglas Dakota IV (DC-3),2,Pratt & Whitney R-1830-90C,1945,-,-, KN286, 32533/15785,RAF,Military,-,-,-,-,-,-,-,-,-,-,-,-,-,-,-,-
19461130-0,Saturday,30-NOV-1946,09:50,A1, Approach (APR),"El Palomar Air Base, BA",Argentina,18,5, Damaged beyond repair,-,Vickers 620 Viking 1,-,-,1946,-,-, T-1, 113,Argentine AF,Domestic Scheduled Passenger,-,El Palomar Airport,EPA,SADP,Argentina,-,-,-,-,3,15,3,2,-,-,-
19461202-0,Monday,02-DEC-1946,-,A1, Landing (LDG),San Juan-Isla Grande Airport (SIG),Puerto Rico,-,0, Damaged beyond repair,-,Douglas C-54B-5-DO (DC-4),-,-,1944,-,-, NC56743, 18343,Willis Air Service,Unknown,-,-,-,-,-,San Juan-Isla Grande Airport,SIG,TJIG,Puerto Rico,-,-,0,0,-,-,-
19461202-1,Monday,02-DEC-1946,-,A1, Landing (LDG),Malta-Luqa Airport (MLA),Malta,-,0, Damaged beyond repair,-,Avro 685 York C.1,4,Rolls-Royce Merlin,-,-,-, MW268,-,RAF,Military,-,-,-,-,-,Malta-Luqa Airport,MLA,LMML,Malta,-,-,0,0,-,-,-
19461204-0,Wednesday,04-DEC-1946,-,A1, Unknown (UNK),Mashhad,Iran,-,24, Damaged beyond repair,-,Lisunov Li-2,-,-,-,-,-, registration unknown,-,Aeroflot,Passenger,-,-,-,-,-,-,-,-,-,-,-,-,-,-,-,-
19461206-0,Friday,06-DEC-1946,-,U1, Unknown (UNK),at an unknown location,Mexico,-,-, Damaged beyond repair,-,Ford 5-AT-B Tri-Motor,3,Pratt & Whitney R-1340 Wasp,1929,-,-, XA-FUP, 5-AT-18,NAAM,Unknown,-,-,-,-,-,-,-,-,-,-,-,-,-,-,-,-
19461207-0,Saturday,07-DEC-1946,10:15,A1, Initial climb (ICL),near Berelyokh,Russia,7,7, Damaged beyond repair,-,Kawasaki Ki-56,-,-,-,-,-, 6,-,Dalstroi Aviation,Domestic Non Scheduled Passenger,-,-,-,-,-,-,-,-,-,4,3,4,3,-,-,-
19461208-0,Sunday,08-DEC-1946,-,O1, Standing (STD),Dunsfold Airport,United Kingdom,0,0, Damaged beyond repair,-,Avro 691 Lancastrian C.3,-,-,-,-,-, G-AHCA, 1295,Skyways,-,-,-,-,-,-,-,-,-,-,0,0,0,0,-,-,-
19461210-0,Tuesday,10-DEC-1946,-,A2, Landing (LDG),"Dallas, TX",United States of America,2,0, Substantial, Repaired,Curtiss C-46E Commando,-,-,-,-,-, registration unknown,-,Slick Airways,Cargo,-,-,-,-,-,-,-,-,-,2,0,0,0,-,-,-
19461210-1,Tuesday,10-DEC-1946,19:15,A1, En route (ENR),"Mount Rainier, WA",United States of America,32,32, Damaged beyond repair,-,Curtiss R5C-1 Commando (C-46A),-,-,1943,-,-, 39528, 26715,USMC,Military,-,Santa Ana-El Toro MCAS,NZJ,KNZJ,United States of America,-,-,-,-,3,29,3,29,-,-,-
19461210-2,Tuesday,10-DEC-1946,-,A1, En route (ENR),8 km (5 mls) SW of Osaka-Itami Air Base (ITM),Japan,23,22, Damaged beyond repair,-,Curtiss C-46F-1-CU Commando,-,-,-,-,-, 44-78604, 22427,USAAF,Military,-,Osaka-Itami Airport,ITM,RJOO,Japan,Fukuoka Airport,FUK,RJFF,Japan,-,-,-,-,-,-,-
19461211-0,Wednesday,11-DEC-1946,-,A1, Unknown (UNK),unknown,Unknown country,-,-, Damaged beyond repair,-,Douglas C-47B-1-DL (DC-3),-,-,1944,-,-, 43-16322, 20788,USAAF,Military,-,-,-,-,-,-,-,-,-,-,-,-,-,-,-,-
19461213-0,Friday,13-DEC-1946,-,A1, En route (ENR),ca 10 km SE off Ostrov Litne,Russia,21,0, Damaged beyond repair,-,Focke-Wulf Fw 200C,-,-,-,-,-, CCCP-N400,-,GUSMP,Passenger,-,Igarka Airport,IAA,UOII,Russia,Arkhangelsk-Talaghy Airport,ARH,ULAA,Russia,-,-,0,0,-,-,-
19461213-1,Friday,13-DEC-1946,-,A1, Takeoff (TOF),"Fayetteville-Pope AAF, NC (POB)",United States of America,-,0, Damaged beyond repair,-,Fairchild C-82A Packet,-,-,1946,-,-, 44-23022, 10066,USAAF,Military,-,Fayetteville-Pope AAF,POB,KPOB,United States of America,-,-,-,-,-,-,0,0,-,-,-
19461214-0,Saturday,14-DEC-1946,-,A1, Approach (APR),Mt. Banahaw,Philippines,14,12, Damaged beyond repair,-,Douglas C-47B-1-DK (DC-3),2,Pratt & Whitney R-1830-90C,1944,-,-, PI-C1, 25436/13991,Far East Air Transport,Domestic Scheduled Passenger,-,-,-,-,-,-,-,-,-,4,10,3,9,-,-,-
19461216-0,Monday,16-DEC-1946,-,A1, Unknown (UNK),Shanghai-Longhua Airport,China,5,5, Damaged beyond repair,-,Douglas DC-3,-,-,-,-,-, registration unknown,-,CNAC,Unknown,-,-,-,-,-,-,-,-,-,-,-,-,-,-,-,-
19461217-0,Tuesday,17-DEC-1946,-,A1, En route (ENR),near Tilaran,Costa Rica,7,7, Damaged beyond repair,-,Douglas C-47A-5-DL (DC-3),2,Pratt & Whitney R-1830-92,1943,-,-, NC88876, 9249,Winged Cargo,Int'l Non Scheduled Passenger,-,Kingston Airport,KIN,MKJP,Jamaica,-,-,-,-,2,5,2,5,-,-,-
19461217-1,Tuesday,17-DEC-1946,-,A1, En route (ENR),8 km (5 mls) W of Trigno,Italy,-,0, Damaged beyond repair,-,Douglas Dakota IV (DC-3),2,Pratt & Whitney R-1830-90C,1945,-,-, KN662, 33363/16615,RAF,Military,-,-,-,-,-,-,-,-,-,-,-,0,0,-,-,-
19461218-0,Wednesday,18-DEC-1946,-,A1, Unknown (UNK),"3,2 km (2 mls) N of Ferrara",Italy,-,-, Damaged beyond repair,-,Douglas C-47B-1-DL (DC-3),2,Pratt & Whitney R-1830-90C,1944,-,-, 43-16378, 20844,USAAF,Military,-,-,-,-,-,-,-,-,-,-,-,-,-,-,-,-
19461219-0,Thursday,19-DEC-1946,-,A1, Initial climb (ICL),1 km (0.6 mls) NE of London-Northolt Airport (NHT),United Kingdom,5,0, Damaged beyond repair,-,Douglas C-47A-10-DK (DC-3),2,Pratt & Whitney R-1830-92,1944,-,-, G-AGZA, 12455,Railway,Domestic Scheduled Passenger,-,London-Northolt Airport,NHT,EGWU,United Kingdom,-,-,-,-,4,1,0,0,-,-,-
19461219-1,Thursday,19-DEC-1946,18:07,A2, En route (ENR),"near Aberdeen, MD",United States of America,25,0, Substantial, Repaired,Douglas C-47-DL (DC-3),2,Pratt & Whitney R-1830-92,1942,-,8398.0, NC54374, 6177,Universal Air Lines,Domestic Non Scheduled Passenger,   7,Newark International Airport,EWR,KEWR,United States of America,Raleigh/Durham Airport,RDU,KRDU,United States of America,3,22,0,0,-,-,Final
19461219-2,Thursday,19-DEC-1946,18:07,A2, En route (ENR),"near Aberdeen, MD",United States of America,60,0, Substantial, Repaired,Douglas C-54B-5-DO (DC-4),-,-,1944,-,4174.0, NC88813, 18344,Eastern Air Lines,Domestic Scheduled Passenger,EA605,Newark International Airport,EWR,KEWR,United States of America,-,-,-,-,4,56,0,0,-,-,Final
19461219-3,Thursday,19-DEC-1946,-,A1, Standing (STD),Honington RAF Station,United Kingdom,-,0, Damaged beyond repair,-,Avro 685 York C.1,4,Rolls-Royce Merlin,-,-,-, MW241,-,RAF,Military,-,-,-,-,-,-,-,-,-,-,-,0,0,-,-,-
19461220-0,Friday,20-DEC-1946,-,A1, Landing (LDG),Buenaventura,Colombia,-,1, Damaged beyond repair,-,Consolidated PBY-5A Catalina,-,-,-,-,-, C-406,-,VIARCO,Unknown,-,Cali Airport,CLO,SKCL,Colombia,Buenaventura-Gerardo Tobar López Airport,BUN,SKBU,Colombia,-,-,-,-,-,-,-
19461223-0,Monday,23-DEC-1946,-,A1, Unknown (UNK),Malta-Luqa,Malta,-,-, Damaged beyond repair,-,Douglas C-47B-1-DK Dakota IV,2,Pratt & Whitney R-1830-90C,1944,-,-, G-AGKD, 25595/14150,BOAC,Unknown,-,-,-,-,-,-,-,-,-,-,-,-,-,-,-,-
19461223-1,Monday,23-DEC-1946,14:30,A1, Approach (APR),"15 km (9.4 mls) W of Rio de Janeiro, RJ",Brazil,21,21, Damaged beyond repair,-,Avro 685 York I,4,Rolls-Royce Merlin,1946,-,-, LV-XIG, 1365,FAMA,Domestic Scheduled Passenger,-,Natal Airport,NAT,SBNT,Brazil,Rio de Janeiro-Santos Dumont Airport,SDU,SBRJ,Brazil,6,15,6,15,-,-,-
19461224-0,Tuesday,24-DEC-1946,19:19,A1, En route (ENR),"80 km (50 mls) E of San Diego, CA",United States of America,12,12, Damaged beyond repair,-,Douglas DC-3A,2,Pratt & Whitney R-1830-S1C3-G,1943,-,3699.0, NC45395, 11642,Western Air Lines,Domestic Scheduled Passenger,  44,-,-,-,-,San Diego International Airport,SAN,KSAN,United States of America,3,9,3,9,-,-,Final
19461224-1,Tuesday,24-DEC-1946,-,A1, Landing (LDG),"Los Angeles Airport, CA (LAX)",United States of America,45,0, Damaged beyond repair,-,Douglas DC-4,-,-,1944,-,-, NC30050, 10450,United Airlines,Domestic Scheduled Passenger,-,-,-,-,-,Los Angeles Airport,LAX,KLAX,United States of America,4,41,0,0,-,-,-
19461224-2,Tuesday,24-DEC-1946,08:36,A1, Unknown (UNK),near Paris,France,15,0, Damaged beyond repair,-,Douglas C-47A-70-DL (DC-3),2,Pratt & Whitney R-1830-92,1943,-,-, OK-WDD, 19102,CSA,International Scheduled Passenger,-,Praha-Ruzyne International Airport,PRG,LKPR,Czech Republic,-,-,-,-,5,10,0,0,-,-,-
19461225-0,Wednesday,25-DEC-1946,20:00,A1, Approach (APR),Shanghai-Jiangwan Airport,China,30,19, Damaged beyond repair,-,Douglas C-47 (DC-3),-,-,-,-,-, 140,-,CNAC,Domestic Scheduled Passenger,-,Chongqing-Jiangbei International Airport,CKG,ZUCK,China,-,-,-,-,3,27,2,17,-,-,-
19461225-1,Wednesday,25-DEC-1946,22:00,A1, Approach (APR),Shanghai-Longhua Airport,China,36,31, Damaged beyond repair,-,Curtiss C-46 Commando,-,-,-,-,-, 115,-,CNAC,Domestic Scheduled Passenger,-,Chongqing-Jiangbei International Airport,CKG,ZUCK,China,-,-,-,-,3,33,1,30,-,-,-
19461225-3,Wednesday,25-DEC-1946,-,A1, Approach (APR),3 km (1.9 mls) N of Shanghai-Jiangwan Airport,China,11,11, Damaged beyond repair,-,Douglas C-47 (DC-3),-,-,-,-,-, 48,-,Central Air Transport,Domestic Scheduled Passenger,-,Chongqing-Jiangbei International Airport,CKG,ZUCK,China,-,-,-,-,4,7,4,7,-,1,-
19461228-0,Saturday,28-DEC-1946,-,A1, Unknown (UNK),"Walshville, IL",United States of America,2,2, Damaged beyond repair,-,Douglas C-47A-20-DL (DC-3),2,Pratt & Whitney R-1830-92,1943,-,-, NC58024, 9378,Kansas City Southern Skyways,Cargo,-,Flint-Bishop Airport,FNT,KFNT,United States of America,-,-,-,-,2,0,2,0,-,-,-
19461228-1,Saturday,28-DEC-1946,02:09,A1, Approach (APR),"1,5 km (0.9 mls) WNW of Shannon Airport (SNN)",Ireland,23,9, Damaged beyond repair,-,Lockheed L-049 Constellation,4,Wright R-3350 (745C18BA3) Cyclone,1945,-,1098.0, NC86505, 2026,TWA,International Scheduled Passenger,6963,Paris-Orly Airport,ORY,LFPO,France,Shannon Airport,SNN,EINN,Ireland,9,14,4,5,-,-,Final
19461228-2,Saturday,28-DEC-1946,09:19,A1, En route (ENR),"Michigan City, IN",United States of America,21,2, Damaged beyond repair,-,Douglas C-50A-DO (DC-3),2,Wright R-1820-G102,1941,-,11920.0, NC15577, 4805,American Airlines,Domestic Scheduled Passenger,AA2207,-,-,-,-,-,-,-,-,3,18,2,0,-,-,Final
19461230-0,Monday,30-DEC-1946,-,A1, Unknown (UNK),Thurston Island,Antarctica,9,3, Damaged beyond repair,-,Martin PBM-5 Mariner,-,-,-,-,-, 59098,-,US Navy,Military,-,-,-,-,-,-,-,-,-,5,4,3,0,-,-,-
19461231-1,Tuesday,31-DEC-1946,-,A1, Approach (APR),"5 km (3.1 mls) NW of Charleston, SC",United States of America,5,5, Damaged beyond repair,-,Douglas C-47A-25-DK (DC-3),2,Pratt & Whitney R-1830-92,1944,-,-, NC88873, 13640,Inter Continental Air Transport,Ferry/positioning,-,Newark International Airport,EWR,KEWR,United States of America,Charleston Municipal Airport,CHS,KCHS,United States of America,3,2,3,2,-,-,-
19469999-0,-,XX-XXX-1946,-,A1, Approach (APR),near Puerto Cabezas,Nicaragua,3,0, Damaged beyond repair,-,Ford 5-AT Tri-Motor,-,-,-,-,-, registration unknown,-,TACA de Nicaragua,Unknown,-,-,-,-,-,-,-,-,-,-,-,0,0,-,-,-
19469999-1,-,xx-xxx-1946,-,A1, En route (ENR),near Taldi-Kurgan,Kazakhstan,4,4, Damaged beyond repair,-,Junkers Ju-52/3m,-,-,-,-,-, CCCP-L26/28,-,Aeroflot / West Siberia,Ferry/positioning,-,Alma-Ata Airport,ALA,UAAA,Kazakhstan,Novosibirsk-Tolmachevo Airport,OVB,UNNN,Russia,4,0,4,0,-,-,-
19469999-18,-,xx-xxx-1946,-,U1, Unknown (UNK),at an unknown location,Unknown country,-,-, Damaged beyond repair,-,Lockheed C-69 Constellation,-,-,-,-,-, 43-10314, 1966,War Assets Administration,Military,-,-,-,-,-,-,-,-,-,-,-,-,-,-,-,-
19460101-0,Tuesday,01-JAN-1946,-,A1, Landing (LDG),"Bluefield, VA",United States of America,8,0, Damaged beyond repair,-,Budd RB-1 Conestoga,2,Pratt & Whitney R-1830-92,1944,-,-, NC45347, 003,National Skyway Freight,Cargo,-,-,-,-,-,-,-,-,-,2,6,0,0,-,-,-
19460102-0,Wednesday,02-JAN-1946,-,A1, Unknown (UNK),80 km (50 mls) N of Canton,China,-,-, Damaged beyond repair,-,Douglas C-47B-11-DK (DC-3),2,Pratt & Whitney R-1830-90C,1944,-,-, 43-49118, 26379/14934,USAAF,Military,-,-,-,-,-,-,-,-,-,-,-,-,-,-,-,-
19460104-0,Friday,04-JAN-1946,-,A1, Unknown (UNK),"off Hainan Island, South China Sea",Pacific Ocean,9,3, Damaged beyond repair,-,Douglas Dakota IV (DC-3),2,Pratt & Whitney R-1830-90C,1945,-,-, KN363, 32731/15983,RAF,Military,-,-,-,-,-,-,-,-,-,-,-,-,-,-,-,-
19460105-0,Saturday,05-JAN-1946,-,A1, Unknown (UNK),"2 km (1.3 mls) off  Gumab, Masbate Island",Philippines,-,-, Damaged beyond repair,-,Douglas C-47A-30-DK (DC-3),2,Pratt & Whitney R-1830-92,1944,-,-, 43-47994, 25255/13810,USAAF,Military,-,-,-,-,-,-,-,-,-,-,-,-,-,-,-,-
19460106-0,Sunday,06-JAN-1946,03:59,A1, Landing (LDG),"Birmingham Airport, AL (BHM)",United States of America,11,3, Damaged beyond repair,-,Douglas DC-3-392,2,Wright R-1820-G102A,1941,-,-, NC21786, 4131,Pennsylvania-Central Airlines,Domestic Scheduled Passenger, 105,Knoxville Airport,TYS,KTYS,United States of America,Birmingham Airport,BHM,KBHM,United States of America,4,7,3,0,-,-,Final
19460107-0,Monday,07-JAN-1946,-,A1, Landing (LDG),Tinian Island International Airport (TIQ),Northern Mariana Islands,-,-, Damaged beyond repair,-,Curtiss R5C-1 Commando (C-46),-,-,1944,-,-, 39579, 30540,USMC,Military,-,-,-,-,-,Tinian Island International Airport,TIQ,PGWT,Northern Mariana Islands,-,-,-,-,-,-,-
19460109-0,Wednesday,09-JAN-1946,-,A1, Unknown (UNK),Changchun,China,18,18, Damaged beyond repair,-,Douglas C-47 (DC-3),-,-,-,-,-, registration unknown,-,China Air Force,Military,-,-,-,-,-,-,-,-,-,-,-,-,-,-,-,-
19460109-1,Wednesday,09-JAN-1946,-,A1, Landing (LDG),Semarang Airport (SRG),Indonesia,-,0, Damaged beyond repair,-,Douglas Dakota III (DC-3),-,-,1943,-,-, FD919, 9686,RAF,Military,-,-,-,-,-,Semarang Airport,SRG,WARS,Indonesia,-,-,0,0,-,-,-
19460111-0,Friday,11-JAN-1946,-,A1, Takeoff (TOF),"4,8 km (3 mls) SW of San Jose",Philippines,-,-, Damaged beyond repair,-,Douglas C-47B-35-DK (DC-3),2,Pratt & Whitney R-1830-90C,1945,-,-, 44-77138, 33470/16722,USAAF,Military,-,-,-,-,-,-,-,-,-,-,-,-,-,-,-,-
19460112-0,Saturday,12-JAN-1946,-,A1, Takeoff (TOF),Manila-Nichols Air Base (MNL),Philippines,-,-, Damaged beyond repair,-,Douglas C-47A-25-DK (DC-3),2,Pratt & Whitney R-1830-92,1944,-,-, 42-93447, 13360,USAAF,Military,-,Manila-Nichols Air Base,MNL,RPLL,Philippines,-,-,-,-,-,-,-,-,-,-,-
19460112-1,Saturday,12-JAN-1946,-,A1, Initial climb (ICL),off Majuro,Marshall Islands,29,12, Damaged beyond repair,-,Curtiss C-46D-15-CU Commando,2,Pratt & Whitney R-2800-75,-,-,-, 44-78146, 33542,USAAF,Military,-,Majuro-Amata Kabua International Airport,MAJ,PKMJ,Marshall Islands,Johnston Island Airport,JON,PJON,U.S. Minor Outlying Islands,6,23,6,6,-,-,-
19460113-0,Sunday,13-JAN-1946,01:20,A1, Initial climb (ICL),"Le Bouscat, Bordeaux",France,2,2, Damaged beyond repair,-,Amiot AAC.1 (Junkers Ju-52),-,-,-,-,-, F-BANP, AAC150,Air France,Cargo,-,Pau-Uzein Airport,PUF,LFBP,France,Bordeaux-Mérignac Airport,BOD,LFBD,France,2,0,2,0,-,-,-
19460114-0,Monday,14-JAN-1946,-,A1, En route (ENR),Mount Bongkok,Indonesia,5,5, Missing, Presumed damaged beyond repair,Douglas Dakota IV (DC-3),2,Pratt & Whitney R-1830-90C,1944,-,-, KJ817, 25601/14156,RAF,Military,-,-,-,-,-,-,-,-,-,-,-,-,-,-,-,-
19460114-1,Monday,14-JAN-1946,-,A1, Initial climb (ICL),near Blakehill Farm,United Kingdom,-,0, Damaged beyond repair,-,Douglas Dakota IV (DC-3),2,Pratt & Whitney R-1830-90C,1944,-,-, KK154, 26738/15293,RAF,Military,-,-,-,-,-,-,-,-,-,-,-,0,0,-,-,-
19460114-2,Monday,14-JAN-1946,-,A1, En route (ENR),"Netrubezh, Kolpny district, Oryol region",Russia,22,22, Damaged beyond repair,-,Lisunov Li-2,-,-,1945,-,635.0, CCCP-L4150, 18420001,Aeroflot / Ukraine,Domestic Scheduled Passenger,-,Kharkov Airport,HRK,UKHH,Ukraine,Moskva-Vnukovo Airport,VKO,UUWW,Russia,5,17,5,17,-,-,-
19460115-0,Tuesday,15-JAN-1946,18:25,A1, Unknown (UNK),8 km (5 mls) S of Marseille,France,27,25, Damaged beyond repair,-,Douglas Dakota IV (DC-3),2,Pratt & Whitney R-1830-90C,1945,-,-, KN557, 33171/16423,RAF,Military,-,-,-,-,-,-,-,-,-,4,23,4,21,-,-,-
19460116-0,Wednesday,16-JAN-1946,-,A1, En route (ENR),"near Yelvertoft, QLD",Australia,-,0, Damaged beyond repair,-,Douglas Dakota IV (DC-3),2,Pratt & Whitney R-1830-90C,1944,-,-, KK199, 26976/15531,RAF,Military,-,-,-,-,-,-,-,-,-,-,-,0,0,-,-,-
19460116-1,Wednesday,16-JAN-1946,-,A1, En route (ENR),Katwijk,Netherlands,-,0, Damaged beyond repair,-,Douglas Dakota III (DC-3),2,Pratt & Whitney R-1830-92,1944,-,-, NL205, 20597,Netherlands AF,Military,-,Valkenburg NAS,LID,EHVB,Netherlands,-,-,-,-,-,-,0,0,-,-,Preliminary
19460117-0,Thursday,17-JAN-1946,-,A1, Landing (LDG),Butterworth Airport (BWH),Malaysia,-,0, Damaged beyond repair,-,Douglas Dakota III (DC-3),-,-,1943,-,-, FD882, 9534,RAF,Military,-,-,-,-,-,Butterworth Airport,BWH,WMKB,Malaysia,-,-,0,0,-,-,-
19460117-1,Thursday,17-JAN-1946,-,A1, Unknown (UNK),Unknown,Unknown country,-,-, Damaged beyond repair,-,Douglas C-47A-85-DL (DC-3),-,-,1944,-,-, 43-15469, 19935,USAAF,Military,-,-,-,-,-,-,-,-,-,-,-,-,-,-,-,-
19460118-0,Friday,18-JAN-1946,11:03,A1, En route (ENR),"Cheshire, CT",United States of America,17,17, Damaged beyond repair,-,Douglas DC-3-201E,2,Wright R-1820-G202A,1940,-,22028.0, NC19970, 3254,Eastern Air Lines,Domestic Scheduled Passenger,EA105,New York-La Guardia Airport,LGA,KLGA,United States of America,Boston Commonwealth Airport,BOS,KBOS,United States of America,3,14,3,14,-,-,Final
19460118-2,Friday,18-JAN-1946,-,A1, Unknown (UNK),off Wake Island,U.S. Minor Outlying Islands,-,0, Damaged beyond repair,-,Consolidated PBY-6A Catalina,-,-,-,-,-, 64029,-,US Navy,Military,-,-,-,-,-,-,-,-,-,-,-,0,0,-,-,-
19460119-0,Saturday,19-JAN-1946,-,A1, En route (ENR),"Mount Ptolemy, near Blairmore, AB",Canada,7,7, Destroyed, Written off (damaged beyond repair),Douglas Dakota III (DC-3),-,-,1943,-,-, FL636, 12063,RCAF,Military,-,Comox Airport,YQQ,CYQQ,Canada,Winnipeg International Airport,YWG,CYWG,Canada,-,-,-,-,-,-,-
19460119-1,Saturday,19-JAN-1946,-,A1, Taxi (TXI),Jesselton,Malaysia,-,0, Damaged beyond repair,-,Short Sunderland GR.5,-,-,-,-,-, PP157,-,RAF,Military,-,-,-,-,-,-,-,-,-,-,-,0,0,-,-,-
19460123-0,Wednesday,23-JAN-1946,-,A1, Unknown (UNK),El Adem,Libya,-,-, Damaged beyond repair,-,Douglas C-47A-1-DK (DC-3),2,Pratt & Whitney R-1830-92,1943,-,-, G-AGIY, 12102,BOAC,Unknown,-,-,-,-,-,-,-,-,-,-,-,-,-,-,-,-
19460123-1,Wednesday,23-JAN-1946,-,A1, Unknown (UNK),at an unknown location,Unknown country,-,-, Damaged beyond repair,-,Curtiss C-46D-5-CU Commando,-,-,1944,-,-, 42-101210, 30665,USAAF,Military,-,-,-,-,-,-,-,-,-,-,-,-,-,-,-,-
19460124-0,Thursday,24-JAN-1946,-,A1, En route (ENR),Vadodara,India,-,0, Damaged beyond repair,-,Douglas Dakota IV (DC-3),2,Pratt & Whitney R-1830-90C,1945,-,-, KN659, 33358/16610,RAF,Military,-,-,-,-,-,-,-,-,-,-,-,0,0,-,-,-
19460125-1,Friday,25-JAN-1946,-,A1, Landing (LDG),Hmawbi RAF Station,Myanmar,-,0, Damaged beyond repair,-,Douglas Dakota IV (DC-3),2,Pratt & Whitney R-1830-90C,1944,-,-, KK112, 26564/15119,RAF,Military,-,-,-,-,-,-,-,-,-,-,-,0,0,-,-,-
19460126-0,Saturday,26-JAN-1946,-,A1, Unknown (UNK),near Wuhan,China,-,-, Damaged beyond repair,-,Douglas C-47A-25-DK (DC-3),2,Pratt & Whitney R-1830-92,1944,-,-, CA5, 13410,Central Air Transport,Unknown,-,-,-,-,-,-,-,-,-,-,-,-,-,-,-,-
19460127-0,Sunday,27-JAN-1946,-,A1, En route (ENR),near Gerelde,Turkmenistan,-,0, Damaged beyond repair,-,Lisunov Li-2,-,-,-,-,-, CCCP-L4131,-,Aeroflot / Uzbekistan,Domestic Scheduled Passenger,-,Chardzhou Airport,CRZ,UTAV,Turkmenistan,Urgench Airport,UGC,UTNU,Uzbekistan,4,-,0,0,-,-,-
19460128-0,Monday,28-JAN-1946,-,A1, Standing (STD),Poona RAF Station (PNQ),India,-,0, Damaged beyond repair,-,Douglas Dakota IV (DC-3),2,Pratt & Whitney R-1830-90C,1945,-,-, KP236, 33521/16773,RAF,Military,-,-,-,-,-,-,-,-,-,-,-,0,0,-,-,-
19460128-1,Monday,28-JAN-1946,-,A1, Unknown (UNK),at an unknown location,Unknown country,-,-, Damaged beyond repair,-,Douglas C-47B-1-DL (DC-3),2,Pratt & Whitney R-1830-90C,1944,-,-, 43-16421, 20887,USAAF,Military,-,-,-,-,-,-,-,-,-,-,-,-,-,-,-,-
19460129-0,Tuesday,29-JAN-1946,-,A1, Approach (APR),Takoradi Airport (TKD),Ghana,-,0, Damaged beyond repair,-,Douglas Dakota IV (DC-3),2,Pratt & Whitney R-1830-90C,1945,-,-, KN496, 33019/16271,RAF,Military,-,-,-,-,-,Takoradi Airport,TKD,DGTK,Ghana,-,-,0,0,-,-,-
19460129-1,Tuesday,29-JAN-1946,-,A1, Unknown (UNK),5 km (3.1 mls) N of Lo-tien-Chen,China,-,-, Damaged beyond repair,-,Curtiss C-46D-15-CU Commando,-,-,1945,-,-, 44-78226, 33622,USAAF,Military,-,-,-,-,-,-,-,-,-,-,-,-,-,-,-,-
19460129-2,Tuesday,29-JAN-1946,-,A1, Initial climb (ICL),Barrackpore Air Base,India,3,2, Damaged beyond repair,-,Douglas C-47A-25-DK (DC-3),2,Pratt & Whitney R-1830-92,1944,-,-, 42-93339, 13240,USAAF,Military,-,-,-,-,-,-,-,-,-,-,-,-,-,-,-,-
19460129-3,Tuesday,29-JAN-1946,-,A1, Unknown (UNK),"1,6 km (1 mls) from  Pearl Harbor NAS, HI",United States of America,-,-, Damaged beyond repair,-,Douglas R4D-6 (DC-3),-,-,1944,-,-, 50805, 26673/15228,US Navy,Military,-,-,-,-,-,-,-,-,-,-,-,-,-,-,-,-
19460130-0,Wednesday,30-JAN-1946,18:15,A1, En route (ENR),11 km (6.9 mls) S of Le Mans,France,11,11, Damaged beyond repair,-,Douglas Dakota IV (DC-3),2,Pratt & Whitney R-1830-90C,1945,-,-, KN500, 33025/16277,RAF,Military,-,-,-,-,-,-,-,-,-,4,7,4,7,-,-,-
19460130-1,Wednesday,30-JAN-1946,-,A1, Standing (STD),København-Kastrup Airport (CPH),Denmark,-,0, Damaged beyond repair,-,Douglas Dakota III (DC-3),-,-,1944,-,-, KG427, 12462,RAF,Military,-,-,-,-,-,-,-,-,-,-,-,0,0,-,-,-
19460130-2,Wednesday,30-JAN-1946,-,A1, Landing (LDG),Semarang Airport (SRG),Indonesia,-,0, Damaged beyond repair,-,Douglas Dakota IV (DC-3),2,Pratt & Whitney R-1830-90C,1945,-,-, KN326, 32633/15885,RAF,Military,-,-,-,-,-,Semarang Airport,SRG,WARS,Indonesia,-,-,0,0,-,-,-
19460130-3,Wednesday,30-JAN-1946,-,A1, Landing (LDG),København-Kastrup Airport (CPH),Denmark,-,0, Damaged beyond repair,-,Boeing B-17G,-,-,1942,-,-, OY-DFE, 21982,DDL,Passenger,-,-,-,-,-,-,-,-,-,-,-,0,0,-,-,-
19460131-0,Thursday,31-JAN-1946,02:47,A1, En route (ENR),"Elk Mountain, WY",United States of America,21,21, Damaged beyond repair,-,Douglas DC-3-194H,2,Pratt & Whitney R-1830-92,1939,-,16333.0, NC25675, 2147,United Airlines,Domestic Scheduled Passenger,  14,Boise Air Terminal,BOI,KBOI,United States of America,-,-,-,-,3,18,3,18,-,-,Final
19460131-1,Thursday,31-JAN-1946,-,A1, Landing (LDG),Lipa-Fernando Air Base,Philippines,-,-, Damaged beyond repair,-,Douglas C-47A-25-DK (DC-3),2,Pratt & Whitney R-1830-92,1944,-,-, 42-93585, 13513,USAAF,Military,-,-,-,-,-,-,-,-,-,-,-,-,-,-,-,-
19460131-2,Thursday,31-JAN-1946,-,A1, Unknown (UNK),at an unknown location,Unknown country,-,-, Damaged beyond repair,-,Curtiss C-46D-15-CU Commando,-,-,1945,-,-, 44-78082, 33478,USAAF,Military,-,-,-,-,-,-,-,-,-,-,-,-,-,-,-,-
19460131-3,Thursday,31-JAN-1946,-,A1, Unknown (UNK),unknown,Unknown country,-,-, Damaged beyond repair,-,Douglas C-47B-1-DL (DC-3),-,-,1944,-,-, 43-16243, 20709,USAAF,Military,-,-,-,-,-,-,-,-,-,-,-,-,-,-,-,-
19460131-4,Thursday,31-JAN-1946,-,A1, Unknown (UNK),unknown,Unknown country,-,-, Damaged beyond repair,-,Douglas C-47B-25-DK (DC-3),-,-,1945,-,-, 44-76436, 32768/16020,USAAF,Military,-,-,-,-,-,-,-,-,-,-,-,-,-,-,-,-
19460131-8,Thursday,31-JAN-1946,-,A1, Initial climb (ICL),"Solntsevo District, Moscow",Russia,5,3, Damaged beyond repair,-,Douglas C-47A-5-DK (DC-3),-,-,1944,-,-, CCCP-L854, 12225,Aeroflot / Moscow,Ferry/positioning,-,Moskva-Bykovo Airport,BKA,UUBB,Russia,Moskva-Vnukovo Airport,VKO,UUWW,Russia,5,0,3,0,-,-,-
19460201-0,Friday,01-FEB-1946,-,A1, Landing (LDG),Fujisawa Air Base,Japan,19,0, Damaged beyond repair,-,Douglas C-54G-1-DO (DC-4),-,-,1945,-,-, 45-485, 35938,USAAF,Military,-,-,-,-,-,-,-,-,-,-,-,0,0,-,-,-
19460202-0,Saturday,02-FEB-1946,-,A1, Takeoff (TOF),Belo Airport (BMD),Madagascar,-,0, Damaged beyond repair,-,Amiot AAC.1 (Junkers Ju-52),-,-,-,-,-, F-BALK, AAC096,Air France,Unknown,-,Belo Airport,BMD,FMML,Madagascar,Toliara Airport,TLE,FMST,Madagascar,-,-,0,0,-,-,-
19460202-1,Saturday,02-FEB-1946,-,A1, En route (ENR),32 km (20 mls) SSE of Pegu,Myanmar,5,5, Damaged beyond repair,-,Douglas Dakota IV (DC-3),2,Pratt & Whitney R-1830-90C,1944,-,-, KJ996, 26435/14990,RAF,Military,-,-,-,-,-,-,-,-,-,4,1,4,1,-,-,-
19460202-2,Saturday,02-FEB-1946,-,A1, Unknown (UNK),"0,4 km (0.3 mls) S of Aurora-Lowry AFB, CO",United States of America,-,-, Damaged beyond repair,-,Douglas C-47A-90-DL (DC-3),2,Pratt & Whitney R-1830-92,1944,-,-, 43-15755, 20221,USAAF,Military,-,-,-,-,-,-,-,-,-,-,-,-,-,-,-,-
19460202-3,Saturday,02-FEB-1946,-,A1, En route (ENR),24 km (15 mls) E of Aix-en-Provence,France,5,5, Damaged beyond repair,-,Douglas C-47A-15-DK (DC-3),2,Pratt & Whitney R-1830-92,1944,-,-, 42-92879, 12729,USAAF,Military,-,-,-,-,-,München-Riem Airport,MUC,EDDM,Germany,5,0,5,0,-,-,-
19460203-0,Sunday,03-FEB-1946,-,A1, En route (ENR),near Carlisle,United Kingdom,6,6, Damaged beyond repair,-,Douglas Dakota III (DC-3),-,-,1944,-,-, KG502, 12824,RAF,Military,-,-,-,-,-,-,-,-,-,-,-,-,-,-,-,-
19460203-1,Sunday,03-FEB-1946,-,A1, Unknown (UNK),at an unknown location,China,-,-, Damaged beyond repair,-,Douglas R5D-2 (C-54B),-,-,1944,-,-, 90395, 27248,US Navy,Military,-,-,-,-,-,-,-,-,-,-,-,-,-,-,-,-
19460204-0,Monday,04-FEB-1946,-,A1, Unknown (UNK),Menorca-Mahón Airport (MAH),Spain,19,0, Damaged beyond repair,-,Amiot AAC.1 (Junkers Ju-52),-,-,-,-,-, F-BAKO, AAC057,Air France,International Scheduled Passenger,-,Marseille-Marignane Airport,MRS,LFML,France,Algiers-Dar el Beida Airport,ALG,DAAG,Algeria,3,16,0,0,-,-,-
19460205-0,Tuesday,05-FEB-1946,-,A1, Landing (LDG),"Ilhéus Airport, BA (IOS)",Brazil,2,0, Damaged beyond repair,-,Douglas DC-3A-414A,2,Pratt & Whitney R-1830,1942,-,-, PP-CBS, 4963,Cruzeiro do Sul,Unknown,-,-,-,-,-,Ilhéus-Eduardo Gomes Airport,IOS,SBIL,Brazil,2,0,0,0,-,-,-
19460205-1,Tuesday,05-FEB-1946,-,A1, En route (ENR),Negros Island,Philippines,24,24, Damaged beyond repair,-,Douglas C-47A-30-DL (DC-3),2,Pratt & Whitney R-1830-92,1943,-,-, 42-23619, 9481,USAAF,Military,-,Iloilo-Mandurriao Airport,ILO,RPVI,Philippines,-,-,-,-,4,20,4,20,-,-,-
19460206-0,Wednesday,06-FEB-1946,-,A1, Approach (APR),1 km (0.6 mls) S of Darvaza Airport,Turkmenistan,6,6, Damaged beyond repair,-,Junkers Ju-52/3m,-,-,1939,-,3536.0, CCCP-L35, 6445 ?,Aeroflot / Turkmenistan,Unknown,-,Ashgabat Airport,ASB,UTAA,Turkmenistan,-,-,-,-,4,2,4,2,-,-,-
19460207-0,Thursday,07-FEB-1946,-,A1, Landing (LDG),Dhorro Naro,India,-,0, Damaged beyond repair,-,Douglas Dakota IV (DC-3),2,Pratt & Whitney R-1830-90C,1945,-,-, KP219, 33434/16686,RAF,Military,-,-,-,-,-,-,-,-,-,-,-,0,0,-,-,-
19460207-1,Thursday,07-FEB-1946,-,A1, En route (ENR),near Huerta,Spain,10,10, Damaged beyond repair,-,Junkers Ju-52/3m,-,-,-,-,-, T.2-5,-,Spanish AF,Military,-,Sevilla Airport,SVQ,LEZL,Spain,Salamanca-Matacan Airport,SLM,LESA,Spain,-,-,-,-,-,-,-
19460209-0,Saturday,09-FEB-1946,-,A1, Unknown (UNK),"1,6 km (1 mls) W off  Dumog",Philippines,-,-, Damaged beyond repair,-,Douglas C-47A-25-DK (DC-3),2,Pratt & Whitney R-1830-92,1944,-,-, 42-93598, 13527,USAAF,Military,-,-,-,-,-,-,-,-,-,-,-,-,-,-,-,-
19460211-0,Monday,11-FEB-1946,-,A1, Landing (LDG),near Saigon,Vietnam,23,0, Damaged beyond repair,-,Douglas Dakota IV (DC-3),2,Pratt & Whitney R-1830-90C,1945,-,-, KN205, 27070/15625,RAF,Military,-,-,-,-,-,-,-,-,-,-,-,0,0,-,-,-
19460212-0,Tuesday,12-FEB-1946,-,A1, Unknown (UNK),near Barquisimeto,Venezuela,-,0, Destroyed, Written off (damaged beyond repair),Lockheed 18-10-01 Lodestar,-,-,1942,-,-, YV-AFI, 18-2166,LAV,Domestic Scheduled Passenger,-,Maracaibo-Grano de Oro Airport,ORO,SVMO,Venezuela,-,-,-,-,-,-,0,0,-,-,-
19460212-1,Tuesday,12-FEB-1946,-,A1, Landing (LDG),Victoria Point,Myanmar,5,5, Damaged beyond repair,-,Douglas Dakota IV (DC-3),2,Pratt & Whitney R-1830-90C,1945,-,-, KN229, 27097/15652,RAF,Military,-,-,-,-,-,-,-,-,-,-,-,-,-,-,-,-
19460212-2,Tuesday,12-FEB-1946,-,O1, Standing (STD),Victoria Point Airfield,Myanmar,-,-, Damaged beyond repair,-,Douglas Dakota IV (DC-3),2,Pratt & Whitney R-1830-90C,1945,-,-, KN206, 27071/15626,RAF,Military,-,-,-,-,-,-,-,-,-,-,-,-,-,-,-,-
19460213-0,Wednesday,13-FEB-1946,-,A1, Approach (APR),3 km (1.9 mls) SW of Warlingham,United Kingdom,18,8, Damaged beyond repair,-,Douglas Dakota III (DC-3),-,-,1944,-,-, KG397, 12432,RCAF,Military,-,-,-,-,-,-,-,-,-,-,-,-,-,-,-,-
19460213-1,Wednesday,13-FEB-1946,04:48,A1, En route (ENR),Lee-on-Solent,United Kingdom,10,10, Damaged beyond repair,-,Short Sunderland GR.5,-,-,-,-,-, VB885,-,RAF,Military,-,-,-,-,-,-,-,-,-,10,0,10,0,-,-,-
19460215-0,Friday,15-FEB-1946,-,A1, Unknown (UNK),at an unknown location,Unknown country,-,-, Damaged beyond repair,-,Curtiss C-46D-15-CU Commando,-,-,1945,-,-, 44-78240, 33636,USAAF,Military,-,-,-,-,-,-,-,-,-,-,-,-,-,-,-,-
19460215-1,Friday,15-FEB-1946,-,A1, Landing (LDG),Lae,Papua New Guinea,4,0, Damaged beyond repair,-,Douglas C-47A-30-DL (DC-3),2,Pratt & Whitney R-1830-92,1943,-,-, A65-11, 9591,RAAF,Military,-,-,-,-,-,-,-,-,-,4,0,0,0,-,-,-
19460215-2,Friday,15-FEB-1946,-,A1, Takeoff (TOF),"3,2 km (2 mls) E of Orlando, FL",United States of America,-,-, Damaged beyond repair,-,Douglas C-47B-10-DK (DC-3),2,Pratt & Whitney R-1830-90C,1944,-,-, 43-48915, 26176/14731,USAAF,Military,-,Orlando AAB,ORL,KORL,United States of America,-,-,-,-,-,-,-,-,-,-,-
19460215-3,Friday,15-FEB-1946,-,O1, Standing (STD),Calcutta,India,-,1, Damaged beyond repair,-,Short S.25 Sunderland 3,-,-,1943,-,-, G-AGET,-,BOAC,-,-,-,-,-,-,-,-,-,-,-,-,-,-,-,-,-
19460219-0,Tuesday,19-FEB-1946,-,A1, Unknown (UNK),"0,8 km (0.5 mls) WNW of Sanborn, NY",United States of America,-,-, Damaged beyond repair,-,Douglas C-47B-1-DK (DC-3),2,Pratt & Whitney R-1830-90C,1944,-,-, 43-48320, 25581/14136,USAAF,Military,-,-,-,-,-,-,-,-,-,-,-,-,-,-,-,-
19460219-1,Tuesday,19-FEB-1946,-,O1, Standing (STD),Wig Bay,United Kingdom,0,0, Damaged beyond repair,-,Short Sunderland GR.3,-,-,-,-,-, PP121,-,RAF,Military,-,-,-,-,-,-,-,-,-,0,0,0,0,-,-,-
19460220-0,Wednesday,20-FEB-1946,-,A1, Takeoff (TOF),Minsk-1 Airport (MHP),Belarus,5,0, Damaged beyond repair,-,Lisunov PS-84,-,-,1941,-,2513.0, CCCP-L4162, 1840910,Aeroflot,Cargo,-,Minsk-1 International Airport,MHP,UMMM,Belarus,Moskva-Vnukovo Airport,VKO,UUWW,Russia,5,0,0,0,-,-,-
19460221-0,Thursday,21-FEB-1946,-,A1, Landing (LDG),"Charlottetown, PE (YYG)",Canada,14,1, Damaged beyond repair,-,Consolidated 32-2 Liberator II,-,-,-,-,-, G-AGEM, 26,BOAC,Passenger,-,-,-,-,-,Charlottetown Airport,YYG,CYYG,Canada,-,-,-,-,-,-,-
19460222-0,Friday,22-FEB-1946,-,A1, Landing (LDG),Bandung Airport (BDO),Indonesia,-,0, Damaged beyond repair,-,Douglas Dakota IV (DC-3),2,Pratt & Whitney R-1830-90C,1944,-,-, KJ851, 25790/14345,RAF,Military,-,-,-,-,-,Bandung Airport,BDO,WICC,Indonesia,-,-,0,0,-,-,-
19460222-1,Friday,22-FEB-1946,-,A1, Initial climb (ICL),5 km (3.1 mls) W of Yangon-Mingaladon Airport (RGN),Myanmar,-,0, Damaged beyond repair,-,Douglas Dakota IV (DC-3),2,Pratt & Whitney R-1830-90C,1944,-,-, KK208, 26987/15542,RAF,Military,-,Yangon-Mingaladon Airport,RGN,VYYY,Myanmar,-,-,-,-,-,-,0,0,-,-,-
19460223-0,Saturday,23-FEB-1946,-,A1, Unknown (UNK),"6,5 km (4.1 mls) E of Mélisey",France,-,0, Damaged beyond repair,-,Douglas Dakota III (DC-3),-,-,1944,-,-, KG799, 25476/14031,RAF,Military,-,-,-,-,-,-,-,-,-,-,-,0,0,-,-,-
19460225-0,Monday,25-FEB-1946,-,A1, Unknown (UNK),"Newark, NJ",United States of America,-,-, Damaged beyond repair,-,Douglas C-47-DL (DC-3),2,Pratt & Whitney R-1830-92,1942,-,-, NC14941, 4468,Air Carrier Transport,Unknown,-,-,-,-,-,-,-,-,-,-,-,-,-,-,-,-
19460225-1,Monday,25-FEB-1946,-,A1, Unknown (UNK),Tacloban Airport (TAC),Philippines,-,-, Damaged beyond repair,-,Douglas C-47B-35-DK (DC-3),2,Pratt & Whitney R-1830-90C,1945,-,-, A65-110, 33292/16544,RAAF,Military,-,-,-,-,-,Tacloban Airport,TAC,RPVA,Philippines,-,-,-,-,-,-,-
19460227-0,Wednesday,27-FEB-1946,-,O1, Standing (STD),"Laverton Airport, WA (LVO)",Australia,0,0, Damaged beyond repair,-,Douglas C-47A-1-DK (DC-3),2,Pratt & Whitney R-1830-92,1943,-,-, A65-24, 11974,RAAF,Military,-,-,-,-,-,-,-,-,-,0,0,0,0,-,-,-
19460301-0,Friday,01-MAR-1946,-,A1, Unknown (UNK),Medellin,Colombia,-,-, Damaged beyond repair,-,Douglas DC-2-243,-,-,1939,-,-, C-157, 2086,TACA de Colombia,Unknown,-,-,-,-,-,-,-,-,-,-,-,-,-,-,-,-
19460301-1,Friday,01-MAR-1946,-,A1, Unknown (UNK),Anzio,Italy,-,0, Damaged beyond repair,-,Douglas Dakota III (DC-3),-,-,1944,-,-, KG425, 12460,RAF,Military,-,-,-,-,-,-,-,-,-,-,-,0,0,-,-,-
19460303-0,Sunday,03-MAR-1946,08:12,A1, En route (ENR),"Thing Mountain, CA",United States of America,25,25, Damaged beyond repair,-,Douglas DC-3-277B,2,Wright R-1820-G102,1940,-,16322.0, NC21799, 2203,American Airlines,Domestic Scheduled Passenger,6-103,Tucson International Airport,TUS,KTUS,United States of America,-,-,-,-,3,22,3,22,-,-,Final
19460303-2,Sunday,03-MAR-1946,-,A1, Unknown (UNK),"Jinan, Shandong",China,-,-, Damaged beyond repair,-,Douglas C-47-DL (DC-3),-,-,1942,-,-, CA2, 4781,Central Air Transport,Unknown,-,-,-,-,-,-,-,-,-,-,-,-,-,-,-,-
19460304-0,Monday,04-MAR-1946,-,A1, Landing (LDG),Poole Harbour,United Kingdom,20,0, Damaged beyond repair,-,Short S.25 Sunderland 3,-,-,1943,-,-, G-AGEV,-,BOAC,International Scheduled Passenger,-,-,-,-,-,-,-,-,-,5,15,0,0,-,-,-
19460305-0,Tuesday,05-MAR-1946,-,A1, Approach (APR),near Praha-Ruzyne International Airport (PRG),Czech Republic,15,10, Damaged beyond repair,-,Junkers Ju-52/3m,-,-,-,-,-, OK-ZDN,-,CSA,International Scheduled Passenger,-,Strasbourg-Entzheim Airport,SXB,LFST,France,Praha-Ruzyne International Airport,PRG,LKPR,Czech Republic,4,11,2,8,-,-,-
19460305-1,Tuesday,05-MAR-1946,-,A1, Unknown (UNK),Basra,Iraq,-,0, Damaged beyond repair,-,Short Sunderland GR.3,-,-,-,-,-, EK595,-,RAF,Military,-,-,-,-,-,-,-,-,-,-,-,0,0,-,-,-
19460306-0,Wednesday,06-MAR-1946,-,A1, Landing (LDG),Jakarta-Kemayoran Airport (JKT),Indonesia,-,0, Damaged beyond repair,-,Douglas Dakota IV (DC-3),2,Pratt & Whitney R-1830-90C,1944,-,-, KJ951, 26243/14798,RAF,Military,-,-,-,-,-,-,-,-,-,-,-,0,0,-,-,-
19460308-0,Friday,08-MAR-1946,-,O1, Standing (STD),"Newark International Airport, NJ (EWR)",United States of America,0,0, Damaged beyond repair,-,Douglas C-47A-80-DL (DC-3),2,Pratt & Whitney R-1830-92,1944,-,-, NC39188, 19636,Air Cargo Transport,-,-,-,-,-,-,-,-,-,-,0,0,0,0,-,-,-
19460308-1,Friday,08-MAR-1946,-,O1, Standing (STD),"Newark International Airport, NJ (EWR)",United States of America,0,0, Damaged beyond repair,-,Douglas C-47-DL (DC-3),2,Pratt & Whitney R-1830-92,1942,-,-, NC41798, 4208,Air Cargo Transport,-,-,-,-,-,-,-,-,-,-,0,0,0,0,-,-,-
19460308-2,Friday,08-MAR-1946,-,U1, Unknown (UNK),"Newark, NJ (EWR)",United States of America,-,-, Damaged beyond repair,-,Douglas DC-3,-,-,1942,-,-, NC13726, 6073,Air Cargo Transport,Unknown,-,-,-,-,-,-,-,-,-,-,-,-,-,-,-,-
19460310-0,Sunday,10-MAR-1946,20:55,A1, En route (ENR),"Derwent River estuary, TAS",Australia,25,25, Damaged beyond repair,-,Douglas C-47-DL (DC-3),2,Pratt & Whitney R-1830-92,1942,-,7477.0, VH-AET, 6013,ANA,Domestic Scheduled Passenger,-,Hobart Airport,HBA,YMHB,Australia,Melbourne-Essendon Airport,MEB,YMEN,Australia,4,21,4,21,-,-,-
19460310-1,Sunday,10-MAR-1946,-,O1, Standing (STD),Rod-el-Farag,Egypt,0,0, Damaged beyond repair,-,Short S.25 Sunderland 3,-,-,1943,-,-, G-AGHV,-,BOAC,-,-,-,-,-,-,-,-,-,-,0,0,0,0,-,-,-
19460311-0,Monday,11-MAR-1946,-,A1, Unknown (UNK),"5 km (3.1 mls) off  Newport Beach, DE",United States of America,-,-, Damaged beyond repair,-,Consolidated PBY-5A Catalina,-,-,-,-,-, 48389,-,US Navy,Military,-,-,-,-,-,-,-,-,-,-,-,-,-,-,-,-
19460312-0,Tuesday,12-MAR-1946,-,A1, Unknown (UNK),Radcliffe-on-Trent,United Kingdom,-,0, Damaged beyond repair,-,Douglas Dakota III (DC-3),-,-,1943,-,-, FD828, 9190,RAF,Military,-,-,-,-,-,-,-,-,-,-,-,0,0,-,-,-
19460312-2,Tuesday,12-MAR-1946,-,A1, Unknown (UNK),unknown,Unknown country,-,-, Damaged beyond repair,-,Douglas Dakota III (DC-3),-,-,1943,-,-, FD823, 9185,RAF,Military,-,-,-,-,-,-,-,-,-,-,-,-,-,-,-,-
19460314-0,Thursday,14-MAR-1946,-,A1, Unknown (UNK),unknown,Unknown country,-,-, Damaged beyond repair,-,Douglas Dakota III (DC-3),-,-,1945,-,-, KN317, 32620/15872,RAF,Military,-,-,-,-,-,-,-,-,-,-,-,-,-,-,-,-
19460315-0,Friday,15-MAR-1946,-,A1, Landing (LDG),Yangon-Mingaladon Airport (RGN),Myanmar,-,0, Damaged beyond repair,-,Douglas Dakota IV (DC-3),2,Pratt & Whitney R-1830-90C,1945,-,-, KN351, 32713/15965,RAF,Military,-,-,-,-,-,Yangon-Mingaladon Airport,RGN,VYYY,Myanmar,-,-,0,0,-,-,-
19460315-1,Friday,15-MAR-1946,-,A1, Takeoff (TOF),Singapore-Kallang RAF Station,Singapore,-,0, Damaged beyond repair,-,Douglas Dakota IV (DC-3),2,Pratt & Whitney R-1830-90C,1945,-,-, KN614, 33261/16513,RAF,Military,-,-,-,-,-,-,-,-,-,-,-,0,0,-,-,-
19460316-0,Saturday,16-MAR-1946,-,A1, Unknown (UNK),11 km (6.9 mls) WNW of Zirc,Hungary,4,3, Damaged beyond repair,-,Douglas C-47B-5-DK (DC-3),2,Pratt & Whitney R-1830-90C,1944,-,-, 43-48775, 26036/14591,USAAF,Military,-,-,-,-,-,-,-,-,-,4,0,3,0,-,-,-
