identifiant,week_day,date,time,type_event,phase,location,country,total_occupants,total_fatalities,aircraft_damage,aircraft_fate,type_aircraft,number_engines,type_engines,first_flight,cycles,total_airframe_hours,registration,c_n_msn,operator,nature,flight_number,departure_airport_name,departure_airport_IATA,departure_airport_ICAO,departure_airport_country,destination_airport_name,destination_airport_IATA,destination_airport_ICAO,destination_airport_country,crew_number,passengers_number,crew_fatalities,passengers_fatalities,collision_casualties,ground_casualties,status
20120109-0,Monday,09-JAN-2012,07:20,A2, Landing (LDG),Guayaramerin Airport (GYA),Bolivia,21,0, Substantial,-,Xian MA60,-,-,2007,-,-, FAB-96, 0503,TAM,Military,-,Riberalta-Gen Buech Airport,RIB,SLRI,Bolivia,Guayaramerín Airport,GYA,SLGY,Bolivia,5,16,0,0,-,-,Preliminary
20120112-0,Thursday,12-JAN-2012,19:55,A1, Takeoff (TOF),Kichwa Tembo Airstrip,Kenya,6,0, Substantial,-,Let L-410UVP-E9,2,Walter M-601E,1989,-,-, 5Y-BSA, 892323,Blue Sky Aviation,Domestic Scheduled Passenger,-,-,-,-,-,-,-,-,-,2,4,0,0,-,-,Preliminary - official
20120118-0,Wednesday,18-JAN-2012,17:11,A2, En route (ENR),near Kitakojima Island,Japan,9,0, Substantial, Repaired,de Havilland Canada DHC-8-315Q MPA,-,-,2007,-,2858.0, JA720A, 651,Japan Coast Guard,Survey/research,-,Okinawa-Naha Airport,OKA,ROAH,Japan,Ishigaki Airport,ISG,ROIG,Japan,9,0,0,0,-,-,Final
20120124-0,Tuesday,24-JAN-2012,08:28,A1, Landing (LDG),Kandahar Airport (KDH),Afghanistan,91,0, Substantial, Written off (damaged beyond repair),McDonnell Douglas DC-9-83 (MD-83),2,Pratt & Whitney JT8D-219,1989,-,-, EC-JJS, 49793/1656,Swiftair,International Scheduled Passenger, 094,Dubai Airport,DXB,OMDB,United Arab Emirates,Kandahar Airport,KDH,OAKN,Afghanistan,5,86,0,0,-,-,Final
20120124-1,Tuesday,24-JAN-2012,-,O1, Standing (STD),"Providence-Theodore Francis Greene State Airport, RI (PVD)",United States of America,-,0, Substantial, Written off (damaged beyond repair),Canadair CL-600-2B19 Regional Jet CRJ-200ER,2,General Electric CF34-3B1,2001,-,-, N8524A, 7524,Pinnacle Airlines,-,-,-,-,-,-,-,-,-,-,-,-,0,0,-,-,Preliminary
20120130-0,Monday,30-JAN-2012,08:45,A1, Approach (APR),10 km (6.3 mls) from  Namoya,Democratic Republic of the Congo,5,3, Damaged beyond repair,-,Antonov An-28,-,-,1989,-,-, 9Q-CUN, 1AJ006-11,TRACEP-Congo Aviation,Cargo,-,Bukavu-Kamenbe Airport,BKY,FZMA,Democratic Republic of the Congo,-,-,-,-,2,3,2,1,-,-,Preliminary
20120205-0,Sunday,05-FEB-2012,09:03,A1, Landing (LDG),Sendai Airport (SDJ),Japan,166,0, Substantial,-,Airbus A320-211,2,CFMI CFM56-5A1,1990,-,43423.0, JA8384, 151,All Nippon,Domestic Scheduled Passenger, 731,Osaka-Itami Airport,ITM,RJOO,Japan,Sendai Airport,SDJ,RJSS,Japan,6,160,0,0,-,-,Final
20120209-0,Thursday,09-FEB-2012,12:08,A2, Landing (LDG),Male International Airport (MLE),Maldives,12,0, Substantial, Repaired,de Havilland Canada DHC-6 Twin Otter 200,2,Pratt & Whitney Canada PT6A-20,1968,-,-, 8Q-MAT, 146,Maldivian Air Taxi,Domestic Scheduled Passenger,-,-,-,-,-,Malé International Airport,MLE,VRMM,Maldives,3,9,0,0,-,-,Preliminary - official
20120212-0,Sunday,12-FEB-2012,13:00,A1, Landing (LDG),Bukavu-Kavumu Airport (BKY),Democratic Republic of the Congo,12,4, Damaged beyond repair,-,Gulfstream G-IV,2,Rolls-Royce Tay 610-8,1989,-,-, N2SA, 1104,Trident Aviation Services,Executive,-,Goma Airport,GOM,FZNA,Democratic Republic of the Congo,Bukavu-Kavumu Airport,BKY,FZMA,Democratic Republic of the Congo,2,10,2,2,-,2,Preliminary
20120212-1,Sunday,12-FEB-2012,14:30,H2, En route (ENR),"Porto Alegre-Salgado Filho International Airport, RS (POA/SBPA)",Brazil,-,0, None, -,Airbus A320-232,2,IAE V2527-A5,2002,-,-, PR-MAR, 1888,TAM Brasil,International Scheduled Passenger,JJ8047,Montevideo-Carrasco Airport,MVD,SUMU,Uruguay,São Paulo-Guarulhos International Airport,GRU,SBGR,Brazil,-,-,0,0,-,-,Preliminary
20120213-0,Monday,13-FEB-2012,22:00,A1, Takeoff (TOF),"Brooksville-Hernando County Airport, FL",United States of America,3,0, Substantial, Written off (damaged beyond repair),Learjet 55,-,-,1982,-,-, N75LJ, 55-065,Jet ICU Air Ambulance Service,Ferry/positioning,-,-,-,-,-,Houston-William P. Hobby Airport,HOU,KHOU,United States of America,3,0,0,0,-,-,- (No safety board investigation)
20120213-1,Monday,13-FEB-2012,10:40,A2, Landing (LDG),Kalibo Airport (KLO),Philippines,142,0, Minor, Repaired,Airbus A320-214,2,CFMI CFM56-5B4/P,2004,-,-, RP-C3227, 2183,Airphil Express,Domestic Scheduled Passenger,969,Manila-Ninoy Aquino International Airport,MNL,RPLL,Philippines,Kalibo Airport,KLO,RPVK,Philippines,7,135,0,0,-,-,Final
20120213-2,Monday,13-FEB-2012,11:08,A1, Takeoff (TOF),Craiova Airport (CRA),Romania,55,0, Substantial, Written off (damaged beyond repair),Saab 2000,2,Allison AE2100A,1996,-,-, YR-SBK, 033,Carpatair,Domestic Scheduled Passenger,V32385,Craiova Airport,CRA,LRCV,Romania,Timisoara Airport,TSR,LRTR,Romania,4,51,0,0,-,-,Final
20120214-0,Tuesday,14-FEB-2012,13:59,A2, Landing (LDG),London-Luton Airport (LTN),United Kingdom,148,0, Minor, Repaired,Airbus A319-111,2,CFMI CFM56-5B5/3,2010,-,-, G-EZFV, 4327,easyJet,International Scheduled Passenger,-,Faro Airport,FAO,LPFR,Portugal,London-Luton Airport,LTN,EGGW,United Kingdom,6,142,0,0,-,-,Final
20120217-0,Friday,17-FEB-2012,-,A1, Landing (LDG),"Tanay Airfield, Kemerovo Oblast",Russia,-,0, Substantial, Written off (damaged beyond repair),Let L-410UVP,-,-,1984,-,-, RF-01152, 841213,DOSAAF,Training,-,-,-,-,-,-,-,-,-,-,-,0,0,-,-,Preliminary
20120217-1,Friday,17-FEB-2012,10:53,A1, Landing (LDG),Thandwe Airport (SNW),Myanmar,54,0, Substantial, Written off (damaged beyond repair),ATR 72-212A (ATR-72-500),2,Pratt & Whitney Canada PW127F,1998,-,-, XY-AIT, 543,Air KBZ,Domestic Scheduled Passenger, 243,Heho Airport,HEH,VYHH,Myanmar,Thandwe Airport,SNW,VYTD,Myanmar,4,50,0,0,-,-,Preliminary
20120221-0,Tuesday,21-FEB-2012,08:58,A1, Takeoff (TOF),"Key West NAS, FL (NQX)",United States of America,9,0, Substantial, Written off (damaged beyond repair),Lockheed CC-130H(T) Hercules,-,-,1991,-,12839.0, 130342, 5207,RCAF,Military,-,Key West NAS,NQX,KNQX,United States of America,Key West NAS,NQX,KNQX,United States of America,7,2,0,0,-,-,Final
20120228-0,Tuesday,28-FEB-2012,07:15,A1, Initial climb (ICL),"ca 0,2 km W of Manaus-Aeroclube de Flores Airport, AM",Brazil,1,1, Destroyed, Written off (damaged beyond repair),Cessna 208B Grand Caravan,1,Pratt & Whitney Canada PT6A-114A,1999,-,-, PT-PTB, 208B0766,CTA - Cleiton Taxi Aéreo,Ferry/positioning,-,-,-,-,-,Manaus-Eduardo Gomes International Airport,MAO,SBEG,Brazil,1,0,1,0,-,-,Final
20120301-0,Thursday,01-MAR-2012,18:58,A1, Approach (APR),ca 4 km E of Egelsbach Airport,Germany,5,5, Destroyed, Written off (damaged beyond repair),Cessna 750 Citation X,2,Rolls-Royce AE3007C1,2003,-,-, N288CX, 750-0219,Asia Today,Executive,-,Linz-Blue Danube Airport,LNZ,LOWL,Austria,-,-,-,-,2,3,2,3,-,-,Preliminary - official
20120302-0,Friday,02-MAR-2012,-,O1, Standing (STD),"Paulding Northwest Atlanta Airport, GA",United States of America,0,0, Damaged beyond repair,-,Cessna 650 Citation III,-,-,1984,-,-, N72EP, 650-0058,Jeffy Jet,-,-,-,-,-,-,-,-,-,-,0,0,0,0,-,-,-
20120304-0,Sunday,04-MAR-2012,-,O1, Standing (STD),Sana'a-Al Dalaimi Air Base (SAH),Yemen,0,0, Damaged beyond repair,-,Antonov An-26,-,-,-,-,-, 617, 12302,Yemen AF,Military,-,-,-,-,-,-,-,-,-,0,0,0,0,-,-,-
20120307-0,Wednesday,07-MAR-2012,-,H2, En route (ENR),El Obeid Airport (EBD),Sudan,-,0, None,-,Boeing 737-500 ?,-,-,-,-,-, registration unknown,-, Sudan Airways,Domestic Scheduled Passenger,-,Geneina Airport,EGN,HSCN,Sudan,Khartoum-Civil Airport,KRT,HSSS,Sudan,-,-,0,0,-,-,Preliminary
20120308-0,Thursday,08-MAR-2012,17:57,A2, Landing (LDG),Isle Of Man-Ronaldsway Airport (IOM),United Kingdom,14,0, Substantial, Repaired,British Aerospace 3102 Jetstream 31,2,Garrett TPE331-10UGR-516H,1987,-,-, G-CCPW, 785,Links Air,Domestic Scheduled Passenger, 309,Leeds/Bradford Airport,LBA,EGNM,United Kingdom,Isle Of Man-Ronaldsway Airport,IOM,EGNS,United Kingdom,2,12,0,0,-,-,Final
20120309-0,Friday,09-MAR-2012,11:30,A1, Landing (LDG),"Laguna Caballococha, Ramón Castilla, Loreto",Peru,11,0, Substantial, Written off (damaged beyond repair),de Havilland Canada DHC-6 Twin Otter 300,2,Pratt & Whitney Canada PT6A-27,1971,-,-, FAP-317, 324,Peruvian AF,Domestic Non Scheduled Passenger,-,Iquitos Airport,IQT,SPQT,Peru,-,-,-,-,3,8,0,0,-,-,Preliminary
20120309-1,Friday,09-MAR-2012,14:10,A1, Landing (LDG),Deadman's Cay Airport (LGI),Bahamas,-,0, Damaged beyond repair,-,Beechcraft 100 King Air,2,Pratt & Whitney Canada PT6A-28,1971,-,-, N70JL, B-87,Southern Air Charter,Passenger,-,Nassau-Lynden Pindling International Airport,NAS,MYNN,Bahamas,Deadman's Cay Airport,LGI,MYLD,Bahamas,-,-,0,0,-,-,Preliminary
20120313-0,Tuesday,13-MAR-2012,05:00,O2, Standing (STD),"Atlanta Hartsfield-Jackson International Airport, GA (ATL)",United States of America,2,0, Substantial, Repaired,Boeing 737-732 (WL),2,CFMI CFM56-7B24,2009,-,-, N309DE, 29634/3031,Delta Air Lines,-,-,-,-,-,-,-,-,-,-,2,0,0,0,-,-,- (No safety board investigation)
20120315-0,Thursday,15-MAR-2012,07:38,A1, Initial climb (ICL),"1,5 km (0.9 mls) E of San Juan-Luis Muñoz Marín International Airport (SJU)",Puerto Rico,2,2, Destroyed, Written off (damaged beyond repair),Convair CV-440-38,2,Pratt & Whitney R-2800,1953,-,-, N153JR, 117,Jet One Express,Cargo,-,San Juan-Luis Muñoz Marín International Airport,SJU,TJSJ,Puerto Rico,Sint Maarten-Juliana Airport,SXM,TNCM,Sint Maarten,2,0,2,0,-,-,Final
20120315-1,Thursday,15-MAR-2012,14:57,A1, En route (ENR),Mount Kebnekaise,Sweden,5,5, Destroyed, Written off (damaged beyond repair),Lockheed C-130J-30 Super Hercules,4,Rolls-Royce AE2100D3,2010,-,856.0, 5630, 5630,Norwegian AF,Military,-,Harstad-Narvik-Evenes Airport,EVE,ENEV,Norway,Kiruna Airport,KRN,ESNQ,Sweden,4,1,4,1,-,-,Final
20120315-2,Thursday,15-MAR-2012,13:50,A1, Landing (LDG),"Franklin-Macon County Airport, NC",United States of America,5,5, Destroyed, Written off (damaged beyond repair),Cessna 501 Citation I/SP,2,Pratt & Whitney Canada JT15D-1B,1982,-,4825.0, N7700T, 501-0248,private,Private,-,Venice Municipal Airport,VNC,KVNC,United States of America,-,-,-,-,1,4,1,4,-,-,Final
20120316-0,Friday,16-MAR-2012,17:52,A2, Takeoff (TOF),Quito-Mariscal Sucre Airport (UIO),Ecuador,35,0, Substantial,-,CASA CN-235M-100,2,General Electric CT7-9C,2004,-,-, AEE-503, 150,Ecuador Army,Military,-,Quito-Mariscal Sucre Airport,UIO,SEQU,Ecuador,Guayaquil-José Joaquín de Olmedo International Airport,GYE,SEGU,Ecuador,2,33,0,0,-,-,Preliminary
20120317-0,Saturday,17-MAR-2012,11:29,A2, Landing (LDG),"Blue River Airport, BC",Canada,3,0, Substantial,-,Beechcraft 1900C,-,-,1989,-,-, C-GCMZ, UC-61,Northern Thunderbird Air,Domestic Scheduled Passenger,-,Vancouver International Airport,YVR,CYVR,Canada,-,-,-,-,2,1,0,0,-,-,Final
20120322-0,Thursday,22-MAR-2012,-,A1, Landing (LDG),"50 km (31.3 mls) N of Byelaya Kalitva, Rostov region",Russia,-,0, Damaged beyond repair,-,Antonov An-2,-,-,-,-,-, FLA-1041K,-,private,Illegal Flight,-,-,-,-,-,-,-,-,-,-,-,0,0,-,-,-
20120322-1,Thursday,22-MAR-2012,00:56,A1, En route (ENR),10 km (6.3 mls) NNE of Puerto Aguirre,Chile,8,8, Destroyed, Written off (damaged beyond repair),Beechcraft B300 Super King Air 350,2,Pratt & Whitney Canada PT6A-60A,1995,-,6218.0, CC-AEB, FL-128,INAER Helicopter Chile,Ambulance,-,Punta Arenas-Carlos Ibañez Airport,PUQ,SCCI,Chile,Santiago-Arturo Merino Benitez Airport,SCL,SCEL,Chile,2,6,2,6,-,-,Final
20120322-2,Thursday,22-MAR-2012,19:15,A1, Taxi (TXI),San Juan-Luis Muñoz Marín International Airport (SJU),Puerto Rico,2,0, Minor, Written off (damaged beyond repair),Douglas C-54G Skymaster (DC-4),4,Wright R-2600,1945,-,-, N406WA, 35944,Jet One Express,Cargo,-,Saint Croix-Henry E. Rohlsen Airport,STX,TISX,U.S. Virgin Islands,San Juan-Luis Muñoz Marín International Airport,SJU,TJSJ,Puerto Rico,2,0,0,0,-,-,- (No safety board investigation)
20120324-0,Saturday,24-MAR-2012,15:30,A2, Landing (LDG),"off Abalone Caye, Port Honduras Marine Reserve",Belize,1,0, Substantial,-,Cessna 208 Caravan I,1,Pratt & Whitney Canada PT6A-114,2006,-,-, N208JS, 20800400,private,Ferry/positioning,-,-,-,-,-,-,-,-,-,1,0,0,0,-,-,Preliminary
20120329-0,Thursday,29-MAR-2012,09:45,A1, Landing (LDG),Wau Airport (WUU),South Sudan,55,0, Substantial,-,Fokker 50,2,Pratt & Whitney Canada PW125B,1992,-,-, ST-NEX, 20248,Feeder Airlines,Domestic Scheduled Passenger, 360,Juba Airport,JUB,HSSJ,South Sudan,Wau Airport,WUU,HSWW,South Sudan,5,50,0,0,-,-,Preliminary
20120331-0,Saturday,31-MAR-2012,16:08,A2, Approach (APR),Tokyo Haneda International Airport - HND/RJTT,Japan,308,0, Substantial, Repaired,Boeing 777-246ER,-,-,2002,-,30856.0, JA701J, 32889/410,JAL,International Scheduled Passenger, 82,Shanghai-Hongqiao Airport,SHA,ZSSS,China,Tokyo-Haneda Airport,HND,RJTT,Japan,12,296,0,0,-,-,Final
20120402-0,Monday,02-APR-2012,07:35,A1, Initial climb (ICL),"1,6 km (1 mls) SW of Tyumen Airport (TJM)",Russia,43,33, Destroyed, Written off (damaged beyond repair),ATR 72-201,2,Pratt & Whitney Canada PW124B,1992,49663.0,35523.0, VP-BYZ, 332,UTair Aviation,Domestic Scheduled Passenger, 120,Tyumen-Roschino International Airport,TJM,USTR,Russia,Surgut Airport,SGC,USRR,Russia,4,39,4,29,-,-,Final
20120402-1,Monday,02-APR-2012,-,A1, Landing (LDG),Doro Airstrip,South Sudan,-,0, Damaged beyond repair,-,Hawker Siddeley HS-748-287 Srs. 2B,-,-,1975,-,-, 5Y-BZR, 1736,Timbis Air Services,Cargo,-,-,-,-,-,-,-,-,-,-,-,0,0,-,-,Preliminary
20120409-0,Monday,09-APR-2012,10:14,A1, Takeoff (TOF),Kigoma Airport (TKQ),Tanzania,39,0, Damaged beyond repair,-,de Havilland Canada DHC-8-311Q,2,Pratt & Whitney Canada PW123,1997,-,-, 5H-MWG, 462,Air Tanzania,Domestic Scheduled Passenger, 119,Kigoma Airport,TKQ,HTKA,Tanzania,Tabora Airport,TBO,HTTB,Tanzania,4,35,0,0,-,-,Preliminary
20120414-0,Saturday,14-APR-2012,12:08,A2, Takeoff (TOF),Chambéry Airport (CMF),France,136,0, Substantial, Repaired,Boeing 737-33A (QC),2,CFMI CFM56-3C1,1991,-,-, G-ZAPZ, 25401/2067,Titan Airways,Int'l Non Scheduled Passenger,76B,Chambéry Airport,CMF,LFLB,France,London-Gatwick Airport,LGW,EGKK,United Kingdom,5,131,0,0,-,-,Final
20120415-0,Sunday,15-APR-2012,05:52,O1, Standing (STD),"Moline-Quad-City Airport, IL (MLI)",United States of America,0,0, Substantial, Written off (damaged beyond repair),Canadair CL-600-2B19 Regional Jet CRJ-200ER,2,General Electric CF34-3B1,2002,-,-, N684BR, 7708,Delta Connection,-,-,-,-,-,-,-,-,-,-,0,0,0,0,-,-,Preliminary
20120415-1,Sunday,15-APR-2012,13:21,A1, Landing (LDG),Yida Airstrip,South Sudan,3,0, Damaged beyond repair,-,Fokker F-27 Friendship 500,2,Rolls-Royce Dart 534-2,1968,-,-, 5Y-SRJ, 10372,Sky Relief Services,Cargo,-,Lokichoggio Airport,LKG,HKLK,Kenya,-,-,-,-,3,0,0,0,-,-,Preliminary - official
20120420-0,Friday,20-APR-2012,18:40,A1, Approach (APR),"4,2 km (2.6 mls) SE of Islamabad-Benazir Bhutto International Airport (ISB)",Pakistan,127,127, Destroyed, Written off (damaged beyond repair),Boeing 737-236A,2,Pratt & Whitney JT8D-15A,1984,37824.0,46933.0, AP-BKC, 23167/1074,Bhoja Airlines,Domestic Scheduled Passenger,B4213,Karachi-Jinnah International Airport,KHI,OPKC,Pakistan,Islamabad-Benazir Bhutto International Airport,ISB,OPRN,Pakistan,6,121,6,121,-,-,Final
20120421-0,Saturday,21-APR-2012,08:13,A1, Approach (APR),Santa Cruz-Viru Viru International Airport (VVI),Bolivia,4,3, Destroyed, Written off (damaged beyond repair),Curtiss C-46F-1-CU Commando,2,Pratt & Whitney R-2800,1945,-,29080.0, CP-1319, 22428,SkyTeam Cargo,Cargo,-,Santa Cruz-Viru Viru International Airport,VVI,SLVR,Bolivia,Cobija-E. Beltram Airport,CIJ,SLCO,Bolivia,3,1,3,0,-,-,Final
20120422-0,Sunday,22-APR-2012,-,A2, Landing (LDG),Karachi-Jinnah International Airport (KHI),Pakistan,178,0, Substantial, Repaired,Boeing 737-4H6,2,CFMI CFM56-3C1,1993,-,-, AP-BJN, 26460/2533,Shaheen Air,Domestic Scheduled Passenger, 122,Islamabad-Benazir Bhutto International Airport,ISB,OPRN,Pakistan,Karachi-Jinnah International Airport,KHI,OPKC,Pakistan,6,172,0,0,-,-,Preliminary
20120423-0,Monday,23-APR-2012,08:45,A1, Landing (LDG),Dârvari,Romania,2,0, Substantial, Written off (damaged beyond repair),Antonov An-2R,1,Shvetsov ASh-62IR,1981,-,5461.0, YR-BOR, 1G192-13,Aerogetic,Agricultural,-,-,-,-,-,-,-,-,-,2,0,0,0,-,-,Final
20120427-0,Friday,27-APR-2012,10:00,A1, Landing (LDG),Laguna Salada,Mexico,-,0, Damaged beyond repair,-,Boeing 727-212,3,Pratt & Whitney JT8D-17 (HK3),1977,-,-, XB-MNP, 21348/1287,Unknown,Test,-,Mexicali Airport,MXL,MMML,Mexico,-,-,-,-,-,0,0,0,-,-,Preliminary
20120428-0,Saturday,28-APR-2012,14:55,A1, Landing (LDG),Galkayo Airport (GLK),Somalia,36,0, Damaged beyond repair,-,Antonov An-24RV,2,Ivchenko AI-24VT,1973,-,-, 3X-GEB, 37308403,Jubba Airways,Domestic Scheduled Passenger,-,Hargeisa Airport,HGA,HCMH,Somalia,Galkayo Airport,GLK,HCMR,Somalia,4,32,0,0,-,-,Preliminary
20120430-0,Monday,30-APR-2012,08:51,A1, Landing (LDG),Dhaka-Shahjalal International Airport (DAC),Bangladesh,15,0, Substantial, Written off (damaged beyond repair),ATR 72-212A (ATR-72-500),2,Pratt & Whitney Canada PW127M,2009,-,-, L16-2/52, 881,Thai AF,Military, 304,Bangkok-Don Muang International Airport,DMK,VTBD,Thailand,Dhaka-Shahjalal International Airport,DAC,VGHS,Bangladesh,7,8,0,0,-,-,Preliminary
20120501-0,Tuesday,01-MAY-2012,14:49,A2, Landing (LDG),Jeddah-King Abdulaziz International Airport (JED),Saudi Arabia,10,0, Substantial,-,Airbus A300B4-605R,2,General Electric CF6-80C2A5,1994,18308.0,54832.0, TC-OAG, 747,Onur Air,Ferry/positioning,2865,Madinah-Mohammad Bin Abdulaziz Airport,MED,OEMA,Saudi Arabia,Jeddah-King Abdulaziz International Airport,JED,OEJN,Saudi Arabia,10,0,0,0,-,-,Final
20120502-0,Wednesday,02-MAY-2012,10:38,A1, Landing (LDG),Yambio Airport,South Sudan,11,0, Substantial,-,Cessna 208B Grand Caravan,1,Pratt & Whitney Canada PT6A-114A,1992,-,-, 5Y-NGO, 208B0322,Airworks,Domestic Non Scheduled Passenger,-,Juba Airport,JUB,HSSJ,South Sudan,-,-,-,-,2,9,0,0,-,-,Preliminary - official
20120509-0,Wednesday,09-MAY-2012,14:32,A1, En route (ENR),75 km (46.9 mls) S of Jakarta,Indonesia,45,45, Destroyed, Written off (damaged beyond repair),Sukhoi Superjet 100-95B,2,PowerJet SaM146,2009,502.0,843.0, 97004, 95004,Sukhoi Civil Aircraft,Demonstration,36801,Jakarta-Halim Perdana Kusuma Airport,HLP,WIHH,Indonesia,Jakarta-Halim Perdana Kusuma Airport,HLP,WIHH,Indonesia,4,41,4,41,-,-,Final
20120511-0,Friday,11-MAY-2012,12:05,A2, Landing (LDG),Guatemala City-La Aurora Airport (GUA),Guatemala,2,0, Substantial, Repaired,Convair CV-580F SCD,2,Allison 501-D13D,1956,29707.0,42341.0, N171FL, 318,Contract Air Cargo,Cargo,8138,Miami International Airport,MIA,KMIA,United States of America,Guatemala City-La Aurora Airport,GUA,MGGT,Guatemala,2,0,0,0,-,-,Final
20120514-0,Monday,14-MAY-2012,09:30,A1, Approach (APR),5 km (3.1 mls) SW of Jomsom Airport (JMO),Nepal,21,15, Destroyed, Written off (damaged beyond repair),Dornier 228-212,2,Garrett TPE331-5A-252D,1997,-,-, 9N-AIG, 8216,Agni Air,Domestic Scheduled Passenger,-,Pokhara Airport,PKR,VNPK,Nepal,Jomsom Airport,JMO,VNJS,Nepal,3,18,2,13,-,-,Preliminary
20120515-0,Tuesday,15-MAY-2012,02:40,A2, Landing (LDG),Sasereme Airstrip,Papua New Guinea,16,0, Substantial, Repaired,de Havilland Canada DHC-6 Twin Otter 300,2,Pratt & Whitney Canada PT6A-27,1971,-,50168.0, P2-MCZ, 330,Airlines PNG,Domestic Scheduled Passenger,-,Port Moresby-Jacksons International Airport,POM,AYPY,Papua New Guinea,-,-,-,-,2,14,0,0,-,-,Final
20120517-0,Thursday,17-MAY-2012,14:07,A2, Landing (LDG),München-Franz Josef Strauss Airport (MUC),Germany,62,0, Substantial, Repaired,ATR 72-212A (ATR-72-500),2,Pratt & Whitney Canada PW127F,2001,-,-, I-ADCD, 664,Air Dolomiti,International Scheduled Passenger,LH1912,München-Franz Josef Strauss Airport,MUC,EDDM,Germany,Venice-Marco Polo Airport,VCE,LIPZ,Italy,4,58,0,0,-,-,Preliminary
20120517-1,Thursday,17-MAY-2012,07:15,A1, Taxi (TXI),"Houston-George Bush Intercontinental Airport, TX (IAH)",United States of America,2,0, Substantial, Written off (damaged beyond repair),Shorts 360-100,2,Pratt & Whitney Canada PT6A-65AR,1983,-,27504.0, N617FB, SH.3617,Air Cargo Carriers,Cargo,-,Houston-George Bush Intercontinental Airport,IAH,KIAH,United States of America,Austin-Bergstrom International Airport,AUS,KAUS,United States of America,2,0,0,0,-,-,Final
20120518-0,Friday,18-MAY-2012,-,O2, Standing (STD),Gödöllõ Airfield,Hungary,-,0, Substantial, Repaired,Antonov An-2T,1,Shvetsov ASh-62IR,1980,-,-, HA-MEA, 1G186-07,Sky Escort Aero-Club Hungary,-,-,-,-,-,-,-,-,-,-,-,0,0,0,-,-,Preliminary
20120523-0,Wednesday,23-MAY-2012,11:50,A1, Landing (LDG),Cáslav Air Base,Czech Republic,23,0, Destroyed, Written off (damaged beyond repair),Antonov An-30B,-,-,-,-,-, 04 Black, 0704,Russian AF,Military,-,-,-,-,-,-,-,-,-,-,-,0,0,-,-,Preliminary
20120524-0,Thursday,24-MAY-2012,-,A2, Approach (APR),"near Tampa-Mac Dill AFB, FL (MCF)",United States of America,-,0, Substantial, Repaired,Canadair CC-144A Challenger 600,2,Lycoming ALF502L-2,1983,-,-, 144601, 1040,RCAF,Military,-,-,-,-,-,Tampa-MacDill AFB,MCF,KMCF,United States of America,-,-,0,0,-,-,Preliminary
20120525-0,Friday,25-MAY-2012,-,A2, Landing (LDG),Lézignan-Corbières Airport,France,1,0, Substantial, Repaired,Cessna 208B Super Cargomaster,1,Pratt & Whitney Canada PT6A-114A,2005,-,-, D-FAAF, 208B1125,Skydive Flyzone,Parachuting,-,-,-,-,-,-,-,-,-,1,0,0,0,-,-,Preliminary
20120528-0,Monday,28-MAY-2012,-,A2, Unknown (UNK),Mumbai (Bombay) Airport (BOM),India,-,0, Substantial, Repaired,Boeing 777-237LR,2,General Electric GE90-110B1L,2009,-,-, VT-ALH, 36307/805,Air India,Unknown,-,-,-,-,-,-,-,-,-,-,-,0,0,-,-,Preliminary
20120530-0,Wednesday,30-MAY-2012,13:00,A2, Standing (STD),"Chicago-O'Hare International Airport, IL (ORD)",United States of America,21,0, Substantial, Repaired,Embraer EMB-140 (ERJ-135KL),2,Allison AE3007A1/3,2002,-,24059.0, N834AE, 145631,American Eagle,Domestic Scheduled Passenger,4265,Springfield-Branson National Airport,SGF,KSGF,United States of America,Chicago-O'Hare International Airport,ORD,KORD,United States of America,3,18,0,0,-,-,Final
20120530-1,Wednesday,30-MAY-2012,13:00,A2, Taxi (TXI),"Chicago-O'Hare International Airport, IL (ORD)",United States of America,3,0, Minor, Repaired,Boeing 747-45EF,4,General Electric CF6-80C2B1F,2000,-,57114.0, B-16481, 30607/1251,Eva Air,Cargo,661,Chicago-O'Hare International Airport,ORD,KORD,United States of America,Anchorage-Ted Stevens International Airport,ANC,PANC,United States of America,3,0,0,0,-,-,Final
20120601-0,Friday,01-JUN-2012,12:35,A1, Landing (LDG),Pontianak-Supadio Airport (PNK),Indonesia,163,0, Substantial, Written off (damaged beyond repair),Boeing 737-4Y0,2,CFMI CFM56-3C1,1990,-,-, PK-CJV, 24689/1883,Sriwijaya Air,Domestic Scheduled Passenger, 188,Jakarta-Soekarno-Hatta International Airport,CGK,WIII,Indonesia,Pontianak-Supadio Airport,PNK,WIOO,Indonesia,8,155,0,0,-,-,Preliminary
20120602-0,Saturday,02-JUN-2012,19:10,A1, Landing (LDG),Accra-Kotoka Airport (ACC),Ghana,4,0, Damaged beyond repair,-,Boeing 727-221F,3,Pratt & Whitney JT8D-17A (HK3),1982,-,-, 5N-BJN, 22540/1796,Allied Air,Cargo, 111,Lagos-Murtala Muhammed International Airport,LOS,DNMM,Nigeria,Accra-Kotoka Airport,ACC,DGAA,Ghana,4,0,0,0,-,12,Preliminary
20120603-0,Sunday,03-JUN-2012,15:45,A1, Approach (APR),"9,3 km (5.8 mls) N of Lagos-Murtala Muhammed International Airport (LOS)",Nigeria,153,153, Destroyed, Written off (damaged beyond repair),McDonnell Douglas DC-9-83 (MD-83),2,Pratt & Whitney JT8D-219,1990,35219.0,60846.0, 5N-RAM, 53019/1783,Dana Air,Domestic Scheduled Passenger,9J992,Abuja International Airport,ABV,DNAA,Nigeria,Lagos-Murtala Muhammed International Airport,LOS,DNMM,Nigeria,6,147,6,147,-,6,Final
20120603-1,Sunday,03-JUN-2012,13:47,A1, Maneuvering (MNV),"ca 35km W of Modena, Iron County, UT",United States of America,2,2, Substantial, Written off (damaged beyond repair),Lockheed P-2H Neptune,2,Wright R-3350-32WA Cyclone,-,-,12313.0, N14447, 826-8010,Neptune Aviation Services,Fire fighting,-,Cedar City Airport,CDC,KCDC,United States of America,Cedar City Airport,CDC,KCDC,United States of America,2,0,2,0,-,-,Final
20120603-2,Sunday,03-JUN-2012,13:50,A1, Landing (LDG),"Minden-Tahoe Airport, NV (MEV)",United States of America,2,0, Minor, Written off (damaged beyond repair),Lockheed SP-2H Neptune,-,-,1957,-,-, N355MA, 	726-7229,Minden Air Corporation,Fire fighting,-,Porterville Airport,PTV,KPTV,United States of America,Porterville Airport,PTV,KPTV,United States of America,2,0,0,0,-,-,- (No safety board investigation)
20120606-0,Wednesday,06-JUN-2012,20:00,A1, En route (ENR),"1,5 km (0.9 mls) S off  Isla de Flores, Rio de la Plata",Uruguay,2,2, Destroyed, Written off (damaged beyond repair),Swearingen SA227-AC Metro III,2,Garrett TPE331-11U-611G,1982,-,26158.0, CX-LAS, AC-482,Air Class Líneas Aéreas,Cargo,-,Montevideo-Carrasco Airport,MVD,SUMU,Uruguay,Buenos Aires/Ezeiza-Ministro Pistarini Airport,EZE,SAEZ,Argentina,2,0,2,0,-,-,Final
20120607-0,Thursday,07-JUN-2012,12:24,A1, Landing (LDG),"Aspen-Pitkin County Airport, CO (ASE)",United States of America,8,0, Substantial, Written off (damaged beyond repair),Learjet 60,2,Pratt & Whitney Canada PW305,1993,-,6456.0, N500SW, 60-017,Performance Aircraft Leasing,Private,-,Opa-Locka Airport,OPF,KOPF,United States of America,Aspen-Pitkin County Airport,ASE,KASE,United States of America,2,6,0,0,-,-,Final
20120609-0,Saturday,09-JUN-2012,21:15,O1, Standing (STD),Praha-Ruzyne International Airport (PRG),Czech Republic,0,0, Destroyed, Written off (damaged beyond repair),ATR 42-500,2,Pratt & Whitney Canada PW127E,2005,-,-, OK-KFM, 635,CSA,-,-,-,-,-,-,-,-,-,-,0,0,0,0,-,-,Preliminary
20120610-0,Sunday,10-JUN-2012,10:40,A1, Approach (APR),Borodyanka,Ukraine,20,5, Damaged beyond repair,-,Let L-410UVP,2,Walter M-601D,1981,-,-, UR-SKD, 810721,Ukrainska Shkola Pilotov,Parachuting,-,-,-,-,-,-,-,-,-,2,18,1,4,-,-,Preliminary
20120610-1,Sunday,10-JUN-2012,22:30,O1, Standing (STD),Antigua-Coolidge International Airport (ANU),Antigua and Barbuda,0,0, Destroyed, Written off (damaged beyond repair),de Havilland Canada DHC-8-311,2,Pratt & Whitney Canada PW123,1990,-,-, V2-LGH, 242,LIAT,-,-,-,-,-,-,-,-,-,-,0,0,0,0,-,-,- (No safety board investigation)
20120611-0,Monday,11-JUN-2012,22:00,A1, En route (ENR),"10 km (6.3 mls) SW of Serov, Sverdlovsk region",Russia,13,13, Destroyed, Written off (damaged beyond repair),Antonov An-2R,1,Shvetsov ASh-62IR,1986,-,3966.0, RA-40312, 1G221-48,Avia Zov,Illegal Flight,-,-,-,-,-,-,-,-,-,1,12,1,12,-,-,Final
20120612-0,Tuesday,12-JUN-2012,13:43,O1, Standing (STD),"Sandy Lake Airport, ON (ZSJ)",Canada,2,0, Destroyed, Written off (damaged beyond repair),Hawker Siddeley HS-748-264 Srs.2A,2,Rolls-Royce Dart 534-2,1970,-,-, C-FTTW, 1681,Wasaya Airways,Cargo,-,Pickle Lake Airport,YPL,CYPL,Canada,Sandy Lake Airport,ZSJ,CZSJ,Canada,2,0,0,0,-,-,Preliminary - official
20120616-0,Saturday,16-JUN-2012,08:23,A1, Landing (LDG),"Jersey-States Airport, Channel Islands (JER)",United Kingdom,43,0, Substantial, Written off (damaged beyond repair),ATR 42-320,2,Pratt & Whitney Canada PW121,1986,-,-, G-DRFC, 007,Blue Islands,Domestic Scheduled Passenger, 308,Guernsey Airport,GCI,EGJB,United Kingdom,Jersey-States Airport,JER,EGJJ,United Kingdom,3,40,0,0,-,-,Final
20120618-0,Monday,18-JUN-2012,10:06,A1, Landing (LDG),"Atlanta-DeKalb Peachtree Airport, GA (PDK)",United States of America,4,0, Damaged beyond repair,-,Beechcraft Beechjet 400A,2,Pratt & Whitney Canada JT15D-5,1993,-,-, N826JH, RK-70,N79TE,Executive,-,Gadsden-Northeast Alabama Regional Airport,GAD,KGAD,United States of America,Atlanta-DeKalb Peachtree Airport,PDK,KPDK,United States of America,2,2,0,0,-,-,Final
20120620-0,Wednesday,20-JUN-2012,13:23,A2, Landing (LDG),Tokyo-Narita Airport (NRT),Japan,193,0, Substantial, Repaired,Boeing 767-381ER,2,General Electric CF6-80C2B6F,2002,-,28043.0, JA610A, 32979/895,All Nippon,International Scheduled Passenger, 956,Beijing-Capital Airport,PEK,ZBAA,China,Tokyo-Narita Airport,NRT,RJAA,Japan,10,183,0,0,-,-,Final
20120620-1,Wednesday,20-JUN-2012,-,A1, Landing (LDG),Pweto Airport (PWO),Democratic Republic of the Congo,-,0, Damaged beyond repair,-,Grumman G-159 Gulfstream I,-,-,1968,-,-, 9Q-CIT, 193,ITAB,Passenger,-,Lubumbashi-Luano Airport,FBM,FZQA,Democratic Republic of the Congo,Pweto Airport,PWO,FZQC,Democratic Republic of the Congo,-,-,0,0,-,-,Preliminary
20120621-0,Thursday,21-JUN-2012,14:50,A1, Approach (APR),ca 1 km N of Jakarta-Halim Perdana Kusuma Airport (HLP),Indonesia,7,7, Destroyed, Written off (damaged beyond repair),Fokker F-27 Friendship 400M,-,-,1976,-,-, A-2708, 10546,Indonesian AF,Military,-,Jakarta-Halim Perdana Kusuma Airport,HLP,WIHH,Indonesia,Jakarta-Halim Perdana Kusuma Airport,HLP,WIHH,Indonesia,7,0,7,0,-,4,Preliminary
20120623-0,Saturday,23-JUN-2012,11:00,A1, En route (ENR),"near La Leona,Tocaima, Cundinamarca department",Colombia,4,4, Damaged beyond repair,-,Cessna 208B Grand Caravan,1,Pratt & Whitney Canada PT6A-114A,2007,-,-, EJC-1131, 208B1199,Colombian Army,Military,-,-,-,-,-,Saravena-Los Colonizadores Airport,RVE,SKSA,Colombia,2,2,2,2,-,-,Preliminary - official
20120627-0,Wednesday,27-JUN-2012,00:29,A1, Landing (LDG),Tver-Migalovo Airport (KLD),Russia,-,0, Substantial, Written off (damaged beyond repair),Ilyushin Il-76MD,-,-,1987,-,-, RA-76761, 0073479401,Russian AF,Military,-,Tver-Migalovo Airport,KLD,UUEM,Russia,Tver-Migalovo Airport,KLD,UUEM,Russia,-,-,0,0,-,-,Preliminary
20120629-0,Friday,29-JUN-2012,12:35,H2, En route (ENR),Hotan Airport (HTN),China,101,2, None,-,Embraer ERJ 190-100 LR  (ERJ-190LR),2,General Electric CF34-10E5,2010,-,-, B-3171, 19000379,Tianjin Airlines,Domestic Scheduled Passenger,7554,Hotan Airport,HTN,ZWTN,China,Urumqi Airport,URC,ZWWW,China,9,92,0,2,-,-,-
20120701-0,Sunday,01-JUL-2012,18:30,A1, Maneuvering (MNV),"near Edgemont, SD",United States of America,6,4, Destroyed, Written off (damaged beyond repair),Lockheed C-130H Hercules,-,-,1994,-,-, 93-1458, 5363,USAF,Military,-,Colorado Springs-Peterson Field,COS,KCOS,United States of America,Colorado Springs-Peterson Field,COS,KCOS,United States of America,6,0,4,0,-,-,Preliminary
20120704-0,Wednesday,04-JUL-2012,19:00,A2, Landing (LDG),"El Palomar Airport, BA",Argentina,9,0, Substantial,-,Rockwell Sabreliner 75A,2,General Electric CF700-2D2,1974,-,-, AE-175, 380-13,Argentine Army,Military,-,-,-,-,-,El Palomar Airport,EPA,SADP,Argentina,3,6,0,0,-,-,Preliminary
20120704-1,Wednesday,04-JUL-2012,11:08,A2, Landing (LDG),"Houston-George Bush Intercontinental Airport, TX (IAH)",United States of America,35,0, Substantial, Repaired,de Havilland Canada DHC-8-402 Q400,2,Pratt & Whitney Canada PW150A,2008,-,7936.0, N213WQ, 4213,United Express,Domestic Scheduled Passenger,UE4915,Little Rock-Bill and Hillary Clinton National Airport,LIT,KLIT,United States of America,Houston-George Bush Intercontinental Airport,IAH,KIAH,United States of America,4,31,0,0,-,-,Final
20120709-0,Monday,09-JUL-2012,13:34,A2, Taxi (TXI),"Conrad Maldivian Resort, Rangali, Alifu Dhaalu Atoll",Maldives,17,0, Substantial, Repaired,de Havilland Canada DHC-6 Twin Otter 300,2,Pratt & Whitney Canada PT6A-27,1975,-,29948.0, 8Q-TMT, 454,Trans Maldivian Airways,Domestic Scheduled Passenger,-,Malé International Airport,MLE,VRMM,Maldives,-,-,-,-,3,14,0,0,-,-,Final
20120712-0,Thursday,12-JUL-2012,07:45,A1, Initial climb (ICL),near Nouakchott Airport (NKC),Mauritania,7,7, Damaged beyond repair,-,Harbin Yunshuji Y-12 II,-,-,-,-,-, 5T-MAE,-,Mauritanian AF,Military,-,Nouakchott Airport,NKC,GQNN,Mauritania,-,-,-,-,2,5,2,5,-,-,Preliminary
20120713-0,Friday,13-JUL-2012,15:18,A1, Landing (LDG),Le Castellet Airport (CTT),France,3,3, Destroyed, Written off (damaged beyond repair),Gulfstream G-IV,2,Rolls-Royce Tay 611-8,1987,5393.0,12210.0, N823GA, 1005,Universal Jet Aviation,Ferry/positioning,UJT823,Nice-Côte d'Azur Airport,NCE,LFMN,France,Le Castellet Airport,CTT,LFMQ,France,3,0,3,0,-,-,Final
20120715-0,Sunday,15-JUL-2012,-,O1, Standing (STD),"Dallas/Fort Worth International Airport, TX (DFW)",United States of America,0,0, Substantial, Written off (damaged beyond repair),McDonnell Douglas DC-9-83 (MD-83),2,Pratt & Whitney JT8D-219,1989,-,-, N110HM, 49787/1636,American Airlines,-,-,-,-,-,-,-,-,-,-,0,0,0,0,-,-,-
20120717-0,Tuesday,17-JUL-2012,01:00,C1, Taxi (TXI),"Saint George Municipal Airport, UT (SGU)",United States of America,1,1, Substantial, Written off (damaged beyond repair),Canadair CL-600-2B19 Regional Jet CRJ-200ER,2,General Electric CF34-3B1,2001,-,-, N865AS, 7507,SkyWest Airlines,Illegal Flight,-,Saint George Municipal Airport,SGU,KSGU,United States of America,-,-,-,-,1,0,1,0,-,-,- (No safety board investigation)
20120718-0,Wednesday,18-JUL-2012,17:08,A2, Landing (LDG),La Serena-La Florida Airport (LSC),Chile,121,0, Substantial, Repaired,Boeing 737-230 Adv.,2,Pratt & Whitney JT8D-15,1981,59143.0,61809.0, CC-CRQ, 22135/781,Sky Airline,Domestic Scheduled Passenger, 101,Antofagasta-Cerro Moreno Airport,ANF,SCFA,Chile,La Serena-La Florida Airport,LSC,SCSE,Chile,6,115,0,0,-,-,Final
20120719-0,Thursday,19-JUL-2012,-,A1, Landing (LDG),"Elban, Amur region",Russia,3,0, Damaged beyond repair,-,Antonov An-2R,1,Shvetsov ASh-62IR,1985,-,-, RA-40934, 1G216-14,Dalnevostochnaya,Survey/research,9201,-,-,-,-,-,-,-,-,3,0,0,0,-,-,Preliminary
20120722-0,Sunday,22-JUL-2012,-,A1, Landing (LDG),Bolshoe Gryzlovo Airport,Russia,2,1, Substantial, Written off (damaged beyond repair),Let L-410UVP-E3,2,Walter M-601E,1987,-,-, RF-00138, 871908,DOSAAF,Parachuting,-,-,-,-,-,-,-,-,-,2,0,1,0,-,-,Preliminary
20120728-0,Saturday,28-JUL-2012,16:40,A1, Landing (LDG),Cambridge Airport (CBG),United Kingdom,4,0, Substantial,-,Beechcraft B200 Super King Air,2,Pratt & Whitney Canada PT6A-42,1993,-,-, OO-LET, BB-1473,ASL - Air Service Liege,Survey/research,-,Cambridge Airport,CBG,EGSC,United Kingdom,Cambridge Airport,CBG,EGSC,United Kingdom,4,0,0,0,-,-,Final
20120728-1,Saturday,28-JUL-2012,07:45,A1, Approach (APR),"Juiz de Fora-Francisco de Assis Airport, MG (JDF)",Brazil,8,8, Destroyed, Written off (damaged beyond repair),Beechcraft B200 Super King Air,2,Pratt & Whitney Canada PT6A-52,2009,305.0,385.0, PR-DOC, BY-051,Vilma Alimentos,Executive,-,Belo Horizonte-Pampulha Airport,PLU,SBBH,Brazil,Juiz de Fora-Francisco de Assis Airport,JDF,SBJF,Brazil,2,6,2,6,-,-,Final
20120802-0,Thursday,02-AUG-2012,06:18,A1, Approach (APR),"1,6 km (1 mls) N of Santiago de Compostela Airport (SCQ)",Spain,2,2, Destroyed, Written off (damaged beyond repair),Cessna 500 Citation I,2,Pratt & Whitney Canada JT15D-1,1974,-,9460.0, EC-IBA, 500-0178,Airnor,Ferry/positioning,-,Oviedo/Aviles-Asturias Airport,OVD,LEAS,Spain,Santiago de Compostela Airport,SCQ,LEST,Spain,2,0,2,0,-,-,Final
20120806-0,Monday,06-AUG-2012,15:40,A1, Landing (LDG),St. Gallen-Altenrhein Airport (ACH),Switzerland,3,0, Substantial, Written off (damaged beyond repair),Embraer EMB-505 Phenom 300,2,Pratt & Whitney Canada PW535E,2011,-,510.0, CN-MBR, 50500025,Dalia Air,Executive, 211,Genève-Cointrin Airport,GVA,LSGG,Switzerland,St. Gallen-Altenrhein Airport,ACH,LSZR,Switzerland,2,1,0,0,-,-,Final
20120810-0,Friday,10-AUG-2012,15:15,A2, Taxi (TXI),"Washington-Dulles International Airport, DC (IAD)",United States of America,72,0, Substantial, Repaired,Bombardier DHC-8-402Q Dash 8,2,Pratt & Whitney Canada PW150A,2010,-,-, N341NG, 4341,United Express,Domestic Scheduled Passenger,3912,Pittsburgh-Greater Pittsburgh International Airport,PIT,KPIT,United States of America,Washington-Dulles International Airport,IAD,KIAD,United States of America,4,68,0,0,-,-,Final
20120810-1,Friday,10-AUG-2012,15:15,A2, Taxi (TXI),"Washington-Dulles International Airport, DC (IAD)",United States of America,-,0, Minor, Repaired,Airbus A330-343X,2,Rolls-Royce Trent 772B-60,2004,-,-, D-AIKE, 636,Lufthansa,International Scheduled Passenger,-,Washington-Dulles International Airport,IAD,KIAD,United States of America,Frankfurt International Airport,FRA,EDDF,Germany,-,-,0,0,-,-,Final
20120816-0,Thursday,16-AUG-2012,-,C1, Standing (STD),Kamra-Minhas PAF Base,Pakistan,0,0, Damaged beyond repair,-,Saab 2000 AEW&C,2,Allison AE2100A,1997,-,-, 10049, 049,Pakistan AF,-,-,-,-,-,-,-,-,-,-,0,0,0,0,-,-,-
20120817-0,Friday,17-AUG-2012,21:24,A2, Landing (LDG),Magong Airport (MZG),Taiwan,110,0, Substantial, Repaired,Embraer ERJ 190-100 IGW (ERJ-190AR),2,General Electric CF34-10E5,2008,9006.0,8865.0, B-16825, 19000167,Mandarin Airlines,Domestic Scheduled Passenger, 369,Taipei-Songshan Airport,TSA,RCSS,Taiwan,Magong Airport,MZG,RCQC,Taiwan,6,104,0,0,-,-,Final
20120819-0,Sunday,19-AUG-2012,08:00,A1, Approach (APR),near Talodi,Sudan,32,32, Damaged beyond repair,-,Antonov An-26-100,-,-,1974,-,-, ST-ARL, 2606, Alfa Airlines,Domestic Non Scheduled Passenger,-,Khartoum-Civil Airport,KRT,HSSS,Sudan,-,-,-,-,6,26,6,26,-,-,-
20120822-0,Wednesday,22-AUG-2012,12:17,A1, Takeoff (TOF),"Ngerende Airstrip, Masai Mara Game Reserve",Kenya,13,4, Destroyed, Written off (damaged beyond repair),Let L-410UVP-E9,2,Walter M-601E,1991,-,-, 5Y-UVP, 912627,Mombasa Air Safari,Domestic Scheduled Passenger,-,-,-,-,-,-,-,-,-,2,11,2,2,-,-,Final
20120830-0,Thursday,30-AUG-2012,09:15,A1, En route (ENR),"20 km (12.5 mls) SW of Jhuosi, Hualien County",Taiwan,3,3, Destroyed, Written off (damaged beyond repair),Britten-Norman BN-2B-26 Islander,2,Lycoming O-540-E4C5,1991,2426.0,4909.0, B-68801, 2255,Dapeng Airlines,Survey/research,-,Taipei-Songshan Airport,TSA,RCSS,Taiwan,Taitung Airport,TTT,RCFN,Taiwan,3,0,3,0,-,-,Final
20120831-0,Friday,31-AUG-2012,15:20,A1, Landing (LDG),Lahore Airport (LHE),Pakistan,46,0, Substantial, Written off (damaged beyond repair),ATR 42-500,2,Pratt & Whitney Canada PW127E,2006,-,-, AP-BHJ, 657,PIA,Domestic Scheduled Passenger,PK653,Islamabad-Benazir Bhutto International Airport,ISB,OPRN,Pakistan,Lahore Airport,LHE,OPLA,Pakistan,4,42,0,0,-,-,Preliminary
20120909-0,Sunday,09-SEP-2012,11:55,A2, Landing (LDG),Bydgoszcz Airport (BZG),Poland,2,0, Substantial,-,Antonov An-2P,1,Shvetsov ASh-62IR,1976,-,-, SP-FMA, 1G163-35,Aeroklub Bydgoski,Parachuting,-,Bydgoszcz Airport,BZG,EPBY,Poland,Bydgoszcz Airport,BZG,EPBY,Poland,2,0,0,0,-,-,Final
20120910-0,Monday,10-SEP-2012,14:12,A2, Landing (LDG),"Gaspé Airport, QC (YGP)",Canada,35,0, Substantial, Repaired,de Havilland Canada DHC-8-301,2,Pratt & Whitney Canada PW123,1989,58725.0,50880.0, C-GUON, 143,Air Canada Express,Domestic Scheduled Passenger,8721,Îles de la Madeleine Airport,YGR,CYGR,Canada,Gaspé Airport,YGP,CYGP,Canada,3,32,0,0,-,-,Final
20120912-0,Wednesday,12-SEP-2012,12:20,A1, Approach (APR),11 km (6.9 mls) SW of Palana Airport,Russia,14,10, Destroyed, Written off (damaged beyond repair),Antonov An-28,2,Glushenkov TVD-10B,1989,8891.0,11947.0, RA-28715, 1AJ006-25,Petropavlovsk-Kamchatsky Air Ent.,Domestic Scheduled Passenger, 251,Petropavlovsk-Kamchatsky Airport,PKC,UHPP,Russia,-,-,-,-,2,12,2,8,-,-,Final
20120915-0,Saturday,15-SEP-2012,13:39,A1, Approach (APR),1 km (0.6 mls) E of Bornholm-Rønne Airport (RNN),Denmark,2,0, Substantial, Written off (damaged beyond repair),Learjet 24D,2,General Electric CJ610-6,1976,-,-, D-CMMM, 24-328,BIO Aerospace,Private,-,-,-,-,-,Bornholm-Rønne Airport,RNN,EKRN,Denmark,1,1,0,0,-,-,Final
20120918-0,Tuesday,18-SEP-2012,10:03,A1, Landing (LDG),"Macon Downtown Airport, GA (MAC)",United States of America,3,0, Substantial, Written off (damaged beyond repair),Beechcraft Beechjet 400,2,Pratt & Whitney Canada JT15D-5A,1986,-,5416.0, N428JD, RJ-13,Dewberry Air,Executive,-,Charleston International Airport,CHS,KCHS,United States of America,Macon Downtown Airport,MAC,KMAC,United States of America,2,1,0,0,-,-,Final
20120920-0,Thursday,20-SEP-2012,-,A2, En route (ENR),over Duma,Syria,-,0, Substantial,-,Airbus A320-232,2,IAE V2527-A5,1999,-,-, YK-AKF, 1117,Syrian Arab Airlines,Domestic Scheduled Passenger,501,Damascus International Airport,DAM,OSDI,Syria,Latakia Airport,LTK,OSLK,Syria,-,-,0,0,-,-,Preliminary
20120921-0,Friday,21-SEP-2012,09:27,A2, Takeoff (TOF),Dolpa Airport (DOP/VNDP),Nepal,7,0, Substantial, Repaired,de Havilland Canada DHC-6 Twin Otter 300,-,-,1979,-,-, 9N-ABQ, 655, Tara Air,Domestic Scheduled Passenger,-,Dolpa Airport,DOP,VNDP,Nepal,Nepalganj Airport,KEP,VNNG,Nepal,4,3,0,0,-,-,-
20120922-0,Saturday,22-SEP-2012,05:30,O1, Standing (STD),"San Francisco International Airport, CA (SFO)",United States of America,0,0, Damaged beyond repair,-,Gulfstream G-V,2,Rolls-Royce BR700-710A1-10,2001,-,-, N511QS, 647,NetJets,-,-,-,-,-,-,-,-,-,-,0,0,0,0,-,1,- (No safety board investigation)
20120922-1,Saturday,22-SEP-2012,11:30,A1, Landing (LDG),Delhi-Indira Gandhi International Airport (DEL),India,6,0, Substantial,-,Hawker Beechcraft 390 Premier IA,2,Williams International FJ44-2A,2008,-,-, VT-UPN, RB-236,Govt of Uttar Pradesh,Official state flight,-,Lucknow-Amausi Airport,LKO,VILK,India,Delhi-Indira Gandhi International Airport,DEL,VIDP,India,2,4,0,0,-,-,-
20120928-0,Friday,28-SEP-2012,06:18,A1, Initial climb (ICL),"ca 0,4 km SE of Kathmandu-Tribhuvan Airport (KTM)",Nepal,19,19, Destroyed, Written off (damaged beyond repair),Dornier 228-202,2,Garrett TPE331-10T-511D,1987,-,15248.0, 9N-AHA, 8123, Sita Air,Domestic Scheduled Passenger, 601,Kathmandu-Tribhuvan Airport,KTM,VNKT,Nepal,Lukla Airport,LUA,VNLK,Nepal,3,16,3,16,-,-,Final
20120929-0,Saturday,29-SEP-2012,10:44,A2, Landing (LDG),"23 km (14.4 mls) N of Ivdel, Sverdlovsk region",Russia,5,0, Minor,-,Antonov An-2R,1,Shvetsov ASh-62IR,1988,12341.0,2352.0, RA-33601, 1G232-35,Plant ELKAP,Domestic Non Scheduled Passenger,-,-,-,-,-,-,-,-,-,1,4,0,0,-,-,Final
20120999-0,-,xx-SEP-2012,-,A1, En route (ENR),"Dmitrievskaya, Krasnodar region",Russia,1,0, Substantial, Written off (damaged beyond repair),Antonov An-2R,1,Shvetsov ASh-62IR,1986,-,-, RA-40220, 1G220-10,SHP Dmitrievsky,Agricultural,-,-,-,-,-,-,-,-,-,1,0,0,0,-,-,Final
20121004-0,Thursday,04-OCT-2012,20:10,A2, Standing (STD),"Milwaukee-General Mitchell Airport, WI (MKE)",United States of America,108,0, Substantial, Repaired,Boeing 717-2BD,2,BMW RR BR715,2004,-,-, N894AT, 55046/5137,Southwest Airlines,Domestic Scheduled Passenger, 725,Atlanta Hartsfield-Jackson International Airport,ATL,KATL,United States of America,Milwaukee-General Mitchell Airport,MKE,KMKE,United States of America,5,103,0,0,-,-,Final
20121007-0,Sunday,07-OCT-2012,-,A1, En route (ENR),"40 km (25 mls) SW of Omdurman, Khartoum",Sudan,22,15, Destroyed, Written off (damaged beyond repair),Antonov An-12BP,-,-,1963,-,-, ST-ARV, 7345310,AZZA Transport,Military,-,Khartoum-Civil Airport,KRT,HSSS,Sudan,El Fasher Airport,ELF,HSFS,Sudan,6,16,-,-,-,-,Preliminary
20121007-1,Sunday,07-OCT-2012,16:10,A1, Takeoff (TOF),Antigua-V.C. Bird International Airport (ANU),Antigua and Barbuda,4,3, Destroyed, Written off (damaged beyond repair),Britten-Norman BN-2A-26 Islander,2,Lycoming O-540-E4C5,1969,55851.0,22064.0, VP-MON, 82,FlyMontserrat,International Scheduled Passenger, 107,Antigua-V.C. Bird International Airport,ANU,TAPA,Antigua and Barbuda,Montserrat-John A. Osborne Airport,MNI,TRPG,Montserrat,1,3,1,2,-,-,Final
20121010-0,Wednesday,10-OCT-2012,16:15,A2, Landing (LDG),"Porto Alegre Airport, RS (POA)",Brazil,5,0, Substantial, Repaired,Embraer EMB-500 Phenom 100,-,-,2010,-,-, PR-PNM, 50000144,PNM Consultoria,Private,-,Rosario-Islas Malvinas International Airport,ROS,SAAR,Argentina,Porto Alegre Airport,POA,SBPA,Brazil,1,4,0,0,-,-,Final
20121013-0,Saturday,13-OCT-2012,18:52,A1, Landing (LDG),"São Paulo/Campinas-Viracopos International Airport, SP (VCP)",Brazil,3,0, Damaged beyond repair,-,McDonnell Douglas MD-11F,3,General Electric CF6-80C2D1F,1991,-,-, N988AR, 48434/476,Centurion Air Cargo,Cargo,WE425,Miami International Airport,MIA,KMIA,United States of America,São Paulo/Campinas-Viracopos International Airport,VCP,SBKP,Brazil,3,0,0,0,-,-,Final
20121014-0,Sunday,14-OCT-2012,04:00,A1, Pushback / towing (PBT),Antalya Airport (AYT),Turkey,196,0, Substantial, Written off (damaged beyond repair),Boeing 737-8KN (WL),2,CFMI CFM56-7B26,2009,-,-, TC-TJK, 35794/2794,Corendon Airlines,International Scheduled Passenger,-,Antalya Airport,AYT,LTAI,Turkey,Trondheim-Værnes Airport,TRD,ENVA,Norway,7,189,0,0,-,-,Preliminary
20121016-0,Tuesday,16-OCT-2012,21:22,A2, Landing (LDG),Lorient-Lann Bihoué Airport (LRT),France,57,0, Substantial, Repaired,Bombardier CL-600-2C10 Regional Jet CRJ-701ER,2,General Electric CF34-8C5B1,2001,19063.0,19841.0, F-GRZE, 10032,Brit Air,Domestic Scheduled Passenger,937QL,Paris-Orly Airport,ORY,LFPO,France,Lorient-Lann Bihoué Airport,LRT,LFRH,France,4,53,0,0,-,-,Final
20121017-0,Wednesday,17-OCT-2012,11:19,A2, Landing (LDG),Kabul Airport (KBL),Afghanistan,6,0, Substantial, Repaired,de Havilland Canada DHC-8-315Q Dash 8,2,Pratt & Whitney Canada PW123E,2001,-,-, N800AW, 573,U.S. Department of State,Domestic Non Scheduled Passenger,-,Tarin Kowt Airport,TII,OATN,Afghanistan,Kabul Airport,KBL,OAKB,Afghanistan,3,3,0,0,-,-,Final
20121019-0,Friday,19-OCT-2012,15:28,A2, Landing (LDG),"Nifty Airport, WA (NIF)",Australia,33,0, Substantial, Repaired,Fokker 100,2,Rolls-Royce Tay 650-15,1993,-,-, VH-NQE, 11457,Network Aviation Australia,Domestic Non Scheduled Passenger,-,Perth Airport,PER,YPPH,Australia,Nifty Airport,NIF,YCNF,Australia,7,26,0,0,-,-,Final
20121019-1,Friday,19-OCT-2012,18:00,A1, Landing (LDG),at an unknown location,Afghanistan,6,0, Damaged beyond repair,-,Antonov An-12B,-,-,1971,-,-, EK12112, 01347907,Air Mark Aviation,Cargo,-,-,-,-,-,-,-,-,-,6,0,0,0,-,-,Preliminary
20121025-0,Thursday,25-OCT-2012,19:45,A1, Approach (APR),near Yola Airport (YOL),Nigeria,6,0, Damaged beyond repair,-,Cessna 208B Grand Caravan,1,Pratt & Whitney Canada PT6A-114A,2009,-,-, 5N-BMJ, 208B2098,Taraba State Government,Executive,-,-,-,-,-,Yola Airport,YOL,DNYO,Nigeria,-,-,0,0,-,-,Preliminary
20121028-0,Sunday,28-OCT-2012,-,A2, Landing (LDG),Bir Kalait,Chad,-,0, Substantial,-,Beechcraft 1900D,2,Pratt & Whitney Canada PT6A-67D,2000,-,-, TT-ABB, UE-406,Chad Government,Official state flight,-,-,-,-,-,-,-,-,-,-,-,0,0,-,-,Preliminary
20121030-0,Tuesday,30-OCT-2012,15:00,A1, Landing (LDG),Butembo Airport,Democratic Republic of the Congo,18,0, Substantial,-,Let L-410UVP,2,Walter M-601D,1979,-,-, 9Q-CAZ, 790205,Cetraca Aviation Service,Passenger,-,Goma Airport,GOM,FZNA,Democratic Republic of the Congo,-,-,-,-,3,15,0,0,-,-,Preliminary
20121030-1,Tuesday,30-OCT-2012,06:33,A1, Landing (LDG),"Edmonton International Airport, AB (YEG)",Canada,2,0, Substantial, Written off (damaged beyond repair),Cessna 560 Citation V,2,Pratt & Whitney Canada JT15D-5D,1992,-,-, C-FBCW, 560-0191,Can-West Corporate Air Charter,Ferry/positioning,-,Edmonton City Centre Airport,YXD,CYXD,Canada,Edmonton International Airport,YEG,CYEG,Canada,2,0,0,0,-,-,Preliminary - official
20121106-0,Tuesday,06-NOV-2012,07:45,A1, Approach (APR),"3,3 km (2.1 mls) SW of Wichita-Mid-Continent Airport, KS (ICT)",United States of America,1,1, Damaged beyond repair,-,Cessna 208B Super Cargomaster,1,Pratt & Whitney Canada PT6A-114A,1991,-,10852.0, N793FE, 208B0291,FedEx,Cargo,8588,Wichita-Mid-Continent Airport,ICT,KICT,United States of America,Garden City Municipal Airport,GCK,KGCK,United States of America,1,0,1,0,-,-,Final
20121109-0,Friday,09-NOV-2012,15:45,A1, En route (ENR),"W of Saint-Germain-du-Teil, Lozère",France,6,6, Destroyed, Written off (damaged beyond repair),CASA C-295M,2,Pratt & Whitney Canada PW127G,2005,-,-, 7T-WGF, S-026,Algerian AF,Military,-,Paris-Le Bourget Airport,LBG,LFPB,France,-,-,-,-,6,0,6,0,-,-,Preliminary
20121109-1,Friday,09-NOV-2012,12:15,A2, Landing (LDG),"Yellowknife Airport, NT (YZF)",Canada,3,0, Substantial, Repaired,Curtiss C-46A-45-CU Commando,2,Pratt & Whitney R-2800-51M3,1944,-,-, C-GTXW, 30386,Buffalo Airways,Unknown, 509,Yellowknife Airport,YZF,CYZF,Canada,Yellowknife Airport,YZF,CYZF,Canada,3,0,0,0,-,-,Final
20121111-0,Sunday,11-NOV-2012,17:21,A1, Landing (LDG),"São Paulo-Congonhas Airport, SP (CGH)",Brazil,3,0, Damaged beyond repair,-,Cessna 525B CitationJet CJ3,-,-,2008,-,-, PR-MRG, 525B-0187,Tropic Air Táxi Aéreo,Unknown,-,Florianópolis-Hercilio Luz International Airport,FLN,SBFL,Brazil,São Paulo-Congonhas Airport,CGH,SBSP,Brazil,2,1,0,0,-,-,Final
20121113-0,Tuesday,13-NOV-2012,12:05,A2, Takeoff (TOF),Murcia-San Javier Airport (MJV),Spain,2,0, Substantial, Repaired,Swearingen SA226-TC Metro II,2,Garrett TPE331-10UA-511G,1979,-,-, EC-JYC, TC-303,Zorex Air Transport,Ferry/positioning,-,Murcia-San Javier Airport,MJV,LELC,Spain,Huesca-Pirineos Airport,HSK,LEHC,Spain,2,0,0,0,-,-,Final
20121115-0,Thursday,15-NOV-2012,17:00,A1, Landing (LDG),Aweil Airport,South Sudan,57,0, Substantial,-,Fokker 50,2,Pratt & Whitney Canada PW125B,1990,-,-, 5Y-CAN, 20175,Skyward International Aviation,Int'l Non Scheduled Passenger,-,Khartoum-Civil Airport,KRT,HSSS,Sudan,-,-,-,-,-,-,0,0,-,-,Preliminary
20121116-0,Friday,16-NOV-2012,05:25,A1, Landing (LDG),Bratislava-M. R. Stefánik Airport (BTS),Slovakia,3,0, Substantial, Written off (damaged beyond repair),Airbus A300B4-203F,2,General Electric CF6-50C2,1983,-,-, EI-EAC, 250,Air Contractors,Cargo,6321,Leipzig Airport,LEJ,EDDP,Germany,Bratislava-M. R. tefánik Airport,BTS,LZIB,Slovakia,3,0,0,0,-,-,Final
20121117-0,Saturday,17-NOV-2012,11:45,A1, Landing (LDG),"Greenwood County Airport, SC (GRD)",United States of America,2,0, Destroyed, Written off (damaged beyond repair),Cessna 550 Citation II,2,Pratt & Whitney Canada JT15D-4,1991,-,8611.0, N6763L, 550-0673,U.S. Customs,Test,-,Greenwood County Airport,GRD,KGRD,United States of America,Greenwood County Airport,GRD,KGRD,United States of America,2,0,0,0,-,-,Final
20121118-0,Sunday,18-NOV-2012,09:56,A1, Initial climb (ICL),"2 km (1.3 mls) E of Snow Lake Airport, MB",Canada,8,1, Destroyed, Written off (damaged beyond repair),Cessna 208B Grand Caravan,1,Pratt & Whitney Canada PT6A-114A,2006,-,1487.0, C-GAGP, 208B1213,Gogal Air Service,Domestic Non Scheduled Passenger,-,-,-,-,-,Winnipeg International Airport,YWG,CYWG,Canada,1,7,1,0,-,-,Final
20121119-0,Monday,19-NOV-2012,-,A1, Landing (LDG),Yida Airstrip,South Sudan,-,0, Substantial,-,Antonov An-26,-,-,-,-,-, 3X-GFN,-,Trast Aero,Cargo,-,Entebbe Airport,EBB,HUEN,Uganda,-,-,-,-,-,-,0,0,-,-,Preliminary
20121121-0,Wednesday,21-NOV-2012,-,A1, Unknown (UNK),9 km (5.6 mls) S of Sana'a International Airport (SAH),Yemen,10,10, Destroyed, Written off (damaged beyond repair),Antonov An-26,-,-,-,-,-, 420,-,Yemen AF,Military,-,Sana'a International Airport,SAH,ODSN,Yemen,-,-,-,-,10,0,10,0,-,-,Preliminary
20121121-1,Wednesday,21-NOV-2012,14:31,A1, Landing (LDG),Deputatskiy Airport,Russia,26,0, Substantial, Written off (damaged beyond repair),Antonov An-26B-100,2,Ivchenko AI-24VT,1981,11257.0,22698.0, RA-26061, 11108,Polyarnye Avialinii,Domestic Scheduled Passenger,-,Yakutsk Airport,YKS,UEEE,Russia,-,-,-,-,5,21,0,0,-,-,Preliminary - official
20121125-0,Sunday,25-NOV-2012,11:20,A1, Takeoff (TOF),Yugorsk-2 Airfield,Russia,10,1, Destroyed, Written off (damaged beyond repair),Antonov An-2R,1,Shvetsov ASh-62IR,1988,-,1250.0, RA-33589, 1G230-31,Aeroclub Maestro,Parachuting,-,-,-,-,-,-,-,-,-,1,9,0,1,-,-,Final
20121127-0,Tuesday,27-NOV-2012,13:29,A1, Initial climb (ICL),N off Moroni-Prince Said Ibrahim In Airport (HAH),Comoros,29,0, Substantial, Written off (damaged beyond repair),Embraer EMB-120ER Brasilia,2,Pratt & Whitney Canada PW118,1989,-,-, D6-HUA, 120149,Inter Iles Air,Domestic Scheduled Passenger,-,Moroni-Prince Said Ibrahim In Airport,HAH,FMCH,Comoros,Anjouan-Ouani Airport,AJN,FMCV,Comoros,4,25,0,0,-,-,Preliminary - official
20121129-0,Thursday,29-NOV-2012,18:58,A1, En route (ENR),"near Bryans Corner, OK",United States of America,1,0, Substantial, Written off (damaged beyond repair),Cessna 208B Grand Caravan,1,Pratt & Whitney Canada PT6A-114A,1999,-,7371.0, N1324G, 208B0777,Martinaire,Cargo,-,Guymon Municipal Airport,GUY,KGUY,United States of America,Woodward-West Woodward Airport,WWR,KWWR,United States of America,1,0,0,0,-,-,Final
20121130-0,Friday,30-NOV-2012,18:00,A1, Approach (APR),1 km (0.6 mls) SW of Brazzaville-Maya Maya Airport (BZV),Congo,7,7, Destroyed, Written off (damaged beyond repair),Ilyushin Il-76T,-,-,1978,-,-, EK-76300, 083410300, Air Highnesses,Cargo,-,Pointe Noire Airport,PNR,FCPP,Congo,Brazzaville-Maya Maya Airport,BZV,FCBB,Congo,6,1,6,1,-,25,Preliminary
20121203-0,Monday,03-DEC-2012,10:50,A2, En route (ENR),"5 km (3.1 mls) NE of Mekoryuk-Ellis Field, AK (MYU)",United States of America,9,0, Substantial, Repaired,Cessna 208B Grand Caravan,1,Pratt & Whitney Canada PT6A-114A,1997,-,11516.0, N169LJ, 208B0599,Era Alaska,Domestic Scheduled Passenger, 140,Mekoryuk-Ellis Field,MYU,PAMY,United States of America,Bethel Airport,BET,PABE,United States of America,2,7,0,0,-,-,Final
20121205-0,Wednesday,05-DEC-2012,09:45,A1, En route (ENR),"Giant's Castle, Drakensbergen range",South Africa,11,11, Destroyed, Written off (damaged beyond repair),Aero Modifications AMI C-47TP (DC-3T),-,-,1944,-,-, 6840, 13866/25311,South African AF,Military,-,Waterkloof Air Force Base,WKF,FAWK,South Africa,Mthatha Airport,UTT,FAUT,South Africa,6,5,6,5,-,-,Preliminary
20121205-1,Wednesday,05-DEC-2012,18:00,A2, En route (ENR),"48 km (30 mls) SW of New York-La Guardia Airport, NY (LGA)",United States of America,53,0, Substantial, Repaired,Canadair CL-600-2B19 Regional Jet CRJ-200LR,2,General Electric CF34-3B1,2001,-,26288.0, N411ZW, 7569,Air Wisconsin,Domestic Scheduled Passenger,3852,Philadelphia International Airport,PHL,KPHL,United States of America,New York-La Guardia Airport,LGA,KLGA,United States of America,3,50,0,0,-,-,Final
20121207-0,Friday,07-DEC-2012,-,A1, Takeoff (TOF),La Yesca Airstrip,Mexico,3,0, Damaged beyond repair,-,Britten-Norman BN-2A-7 Islander,-,-,1971,-,-, XC-UPJ, 307,Nayarit State Government,Ambulance,-,-,-,-,-,-,-,-,-,1,2,0,0,-,-,Preliminary
20121209-0,Sunday,09-DEC-2012,03:33,A1, En route (ENR),near Iturbide,Mexico,7,7, Destroyed, Written off (damaged beyond repair),Learjet 25,2,General Electric CJ610-6,1969,-,-, N345MC, 25-046,Starwood Management,Executive,-,Monterrey-General Mariano Escobedo International Airport,MTY,MMMY,Mexico,Toluca Airport,TLC,MMTO,Mexico,2,5,2,5,-,-,Final
20121211-0,Tuesday,11-DEC-2012,-,U1, Unknown (UNK),within Afghanistan,Afghanistan,-,-, Damaged beyond repair,-,Lockheed HC-130P Hercules,-,-,1966,-,-, 65-0981, 4133,USAF,Military,-,-,-,-,-,-,-,-,-,-,-,-,-,-,-,-
20121217-0,Monday,17-DEC-2012,10:42,A1, En route (ENR),"Tomas District, Yauyos province",Peru,4,4, Destroyed, Written off (damaged beyond repair),Antonov An-26-100,2,Ivchenko AI-24VT,1978,5719.0,7104.0, OB-1887-P, 6606,Amazon Sky,Cargo,-,Lima-Jorge Chávez International Airport,LIM,SPIM,Peru,-,-,-,-,4,0,4,0,-,-,Final
20121217-1,Monday,17-DEC-2012,23:35,O1, Standing (STD),Hyderabad-Begumpet Airport (HYD),India,0,0, Damaged beyond repair,-,Learjet 24,-,-,-,-,-, registration unknown,-,Unknown,-,-,-,-,-,-,-,-,-,-,0,0,0,0,-,-,-
20121219-0,Wednesday,19-DEC-2012,00:02,A1, Approach (APR),"9 km (5.6 mls) NNE of Libby Airport, MT",United States of America,2,2, Destroyed, Written off (damaged beyond repair),Beechcraft B100 King Air,2,Garrett TPE331-6-511B,1980,-,-, N499SW, BE-89,Stinger Welding,Executive,-,-,-,-,-,-,-,-,-,1,1,1,1,-,-,Final
20121220-0,Thursday,20-DEC-2012,13:00,A2, Takeoff (TOF),Holtanna Glacier,Antarctica,15,0, Substantial, Repaired,Basler BT-67 Turbo 67 (DC-3T),2,Pratt & Whitney Canada PT6A-67R,1944,-,-, C-GEAI, 16305/33053,Kenn Borek Air,Domestic Non Scheduled Passenger,-,-,-,-,-,-,-,-,-,-,-,0,0,-,-,Preliminary - official
20121221-0,Friday,21-DEC-2012,10:00,A1, Approach (APR),"Oklahoma City-Will Rogers Airport, OK (OKC)",United States of America,2,0, Substantial, Written off (damaged beyond repair),Cessna 550 Citation II,2,Pratt & Whitney Canada JT15D-4,1980,-,13506.0, N753CC, 550-0109,U.S. Customs,Executive,-,Oklahoma City-Will Rogers Airport,OKC,KOKC,United States of America,Oklahoma City-Will Rogers Airport,OKC,KOKC,United States of America,2,0,0,0,-,-,Final
20121222-0,Saturday,22-DEC-2012,18:06,A1, Initial climb (ICL),"Sanikiluaq Airport, NU (YSK)",Canada,9,1, Destroyed, Written off (damaged beyond repair),Swearingen SA227-AC Metro III,2,Garrett TPE331-11U-612G,1985,-,32982.0, C-GFWX, AC-650B,Perimeter Aviation,Domestic Scheduled Passenger,PAG993,Winnipeg International Airport,YWG,CYWG,Canada,Sanikiluaq Airport,YSK,CYSK,Canada,2,7,0,1,-,-,Final
20121225-0,Tuesday,25-DEC-2012,08:53,A1, Approach (APR),ca 1 km S of Heho Airport (HEH),Myanmar,71,1, Destroyed, Written off (damaged beyond repair),Fokker 100,2,Rolls-Royce Tay 650-15,1991,32584.0,27378.0, XY-AGC, 11327,Air Bagan,Domestic Scheduled Passenger,W9011,Mandalay-Annisaton Airport,MDL,VYMD,Myanmar,Heho Airport,HEH,VYHH,Myanmar,6,65,0,1,-,1,Final
20121225-1,Tuesday,25-DEC-2012,18:54,A1, En route (ENR),21 km (13.1 mls) from  Shymkent Airport (CIT),Kazakhstan,27,27, Destroyed, Written off (damaged beyond repair),Antonov An-72-100,2,Lotarev D-36-2A,1990,-,-, UP-72859, 36576092859,Kazakhstan Border Guards,Military,-,Astana International Airport,TSE,UACC,Kazakhstan,Shymkent Airport,CIT,UAII,Kazakhstan,7,20,7,20,-,-,Preliminary - official
20121229-0,Saturday,29-DEC-2012,16:33,A1, Landing (LDG),Moskva-Vnukovo Airport (VKO),Russia,8,5, Destroyed, Written off (damaged beyond repair),Tupolev Tu-204-100V,2,Soloviev PS-90A,2008,-,-, RA-64047, 1450744864047,Red Wings Airlines,Ferry/positioning,9268,Pardubice Airport,PED,LKPD,Czech Republic,Moskva-Vnukovo Airport,VKO,UUWW,Russia,8,0,5,0,-,-,Final
20121231-0,Monday,31-DEC-2012,10:14,A2, Landing (LDG),San Pedro Sula Airport (SAP),Honduras,19,0, Substantial,-,British Aerospace 3101 Jetstream 31,-,-,1987,-,-, HR-AWG, 764,EasySky,Domestic Scheduled Passenger, 734,Roatán Airport,RTB,MHRO,Honduras,San Pedro Sula-Ramon Villeda Morales Airport,SAP,MHLM,Honduras,-,-,0,0,-,-,Preliminary
20129999-0,-,xx-xxx-2012,-,U1, Unknown (UNK),Caia Airport (CMZ),Mozambique,-,-, Damaged beyond repair,-,Let L-410UVP,-,-,1985,-,-, 3D-SPL, 851513,ETA Air Charter,Unknown,-,-,-,-,-,-,-,-,-,-,-,-,-,-,-,-
