identifiant,week_day,date,time,type_event,phase,location,country,total_occupants,total_fatalities,aircraft_damage,aircraft_fate,type_aircraft,number_engines,type_engines,first_flight,cycles,total_airframe_hours,registration,c_n_msn,operator,nature,flight_number,departure_airport_name,departure_airport_IATA,departure_airport_ICAO,departure_airport_country,destination_airport_name,destination_airport_IATA,destination_airport_ICAO,destination_airport_country,crew_number,passengers_number,crew_fatalities,passengers_fatalities,collision_casualties,ground_casualties,status
19510101-0,Monday,01-JAN-1951,-,A1, Unknown (UNK),La Paz-El Alto Airport (LPB),Bolivia,-,-, Damaged beyond repair,-,Douglas C-47A-DL (DC-3),2,Pratt & Whitney R-1830-92,1943,-,-, CB-31, 13837,LAB,Unknown,-,-,-,-,-,-,-,-,-,-,-,-,-,-,-,-
19510102-0,Tuesday,02-JAN-1951,-,A1, Takeoff (TOF),"Great Slave Lake, NWT",Canada,-,-, Damaged beyond repair,-,Douglas C-47-DL (DC-3),2,Pratt & Whitney R-1830-92,1942,-,-, CF-ECN, 4702,McInnes Products,Unknown,-,-,-,-,-,-,-,-,-,-,-,-,-,-,-,-
19510104-0,Thursday,04-JAN-1951,02:28,A1, Takeoff (TOF),"Chicago-Midway Airport, IL (MDW)",United States of America,48,0, Damaged beyond repair,-,Curtiss C-46D-15-CU Commando,2,Pratt & Whitney R-2800-51,1945,-,1257.0, N79982, 33564,Monarch Air Service,Domestic Non Scheduled Passenger,1090,Chicago-Midway Airport,MDW,KMDW,United States of America,Newark International Airport,EWR,KEWR,United States of America,3,45,0,0,-,-,Final
19510104-1,Thursday,04-JAN-1951,-,A1, Initial climb (ICL),Madrid-Barajas Airport (MAD),Spain,2,2, Damaged beyond repair,-,Lockheed C-60 Lodestar,-,-,-,-,-, EC-ADZ,-,Spanish AF,Military,-,Madrid-Barajas Airport,MAD,LEMD,Spain,-,-,-,-,2,0,2,0,-,-,-
19510104-2,Thursday,04-JAN-1951,-,A1, Unknown (UNK),Hoengseong Air Base (K-46) (WJU),South Korea,-,0, Damaged beyond repair,-,Douglas C-47A (DC-3),-,-,-,-,-, 92617,-,Hellenic AF,Military,-,-,-,-,-,-,-,-,-,-,-,0,0,-,-,-
19510108-0,Monday,08-JAN-1951,-,A1, Landing (LDG),Chungju (K-41) Air Base,South Korea,3,2, Damaged beyond repair,-,Curtiss C-46D-20-CU Commando,-,-,1945,-,-, 44-78505, 22328,USAF,Military,-,-,-,-,-,-,-,-,-,3,0,2,0,-,-,-
19510108-1,Monday,08-JAN-1951,-,O1, Standing (STD),Chungju (K-41) Air Base,South Korea,0,0, Damaged beyond repair,-,Curtiss C-46D-15-CU Commando,-,-,1945,-,-, 44-78270, 33666,USAF,Military,-,-,-,-,-,-,-,-,-,0,0,0,0,-,-,-
19510108-2,Monday,08-JAN-1951,-,O1, Standing (STD),Chungju (K-41) Air Base,South Korea,0,0, Damaged beyond repair,-,Curtiss C-46D-20-CU Commando,-,-,1945,-,-, 44-78462, 22285,USAF,Military,-,-,-,-,-,-,-,-,-,0,0,0,0,-,-,-
19510109-0,Tuesday,09-JAN-1951,15:32,A1, En route (ENR),ca 2 km off Tuapse,Russia,8,8, Damaged beyond repair,-,Ilyushin Il-12P,-,-,1949,-,1346.0, CCCP-L1811, 93013310,Aeroflot / Moscow,Domestic Scheduled Passenger,-,Krasnodar Airport,KRR,URKK,Russia,Adler/Sochi Airport,AER,URSS,Russia,6,2,6,2,-,-,-
19510109-1,Tuesday,09-JAN-1951,22:50,A1, Approach (APR),near Kazan Airport (KZN),Russia,6,6, Damaged beyond repair,-,Lisunov Li-2,-,-,-,-,3640.0, CCCP-L4359, 18428406,Aeroflot / West Siberia,Cargo,-,-,-,-,-,Kazan Airport,KZN,UWKD,Russia,5,1,5,1,-,-,-
19510110-0,Wednesday,10-JAN-1951,-,A1, Unknown (UNK),"376 km (235 mls) W of Albuquerque, NM",United States of America,-,0, Damaged beyond repair,-,Douglas C-47B-15-DK (DC-3),2,Pratt & Whitney R-1830-90C,1944,-,-, 43-49384, 26645/15200,USAF,Military,-,-,-,-,-,-,-,-,-,-,-,0,0,-,-,-
19510113-0,Saturday,13-JAN-1951,-,A1, Unknown (UNK),"6,5 km (4.1 mls) W of Sungei Padi",Malaysia,10,10, Damaged beyond repair,-,Douglas VC-47D (DC-3),2,Pratt & Whitney R-1830-90,1945,-,-, VR-HEP, 32530/15782,Air Carriers,Domestic Non Scheduled Passenger,-,Butterworth Airport,BWH,WMKB,Malaysia,Kota Kinabalu Airport,BKI,WBKK,Malaysia,3,7,3,7,-,-,-
19510114-0,Sunday,14-JAN-1951,14:13,A1, Landing (LDG),"Philadelphia International Airport, PA (PHL)",United States of America,28,7, Damaged beyond repair,-,Douglas DC-4-1009,4,Pratt & Whitney R-2000-D3,1947,-,-, N74685, 43102,National Airlines,Domestic Scheduled Passenger,  83,Newark International Airport,EWR,KEWR,United States of America,Philadelphia International Airport,PHL,KPHL,United States of America,3,25,1,6,-,-,Final
19510116-0,Tuesday,16-JAN-1951,12:14,A1, En route (ENR),"19 km (11.9 mls) W of Reardan, WA",United States of America,10,10, Damaged beyond repair,-,Martin 2-0-2,2,Pratt & Whitney R-2800-CA18,1948,-,5874.0, N93054, 9144,Northwest Orient Airlines,Domestic Scheduled Passenger, 115,Spokane-Geiger Field,GEG,KGEG,United States of America,Wenatchee-Pangborn Field,EAT,KEAT,United States of America,3,7,3,7,-,-,Final
19510116-1,Tuesday,16-JAN-1951,-,A1, Unknown (UNK),"4,5 km (2.8 mls) NW of Taejon (K-5) Airfield",South Korea,4,4, Damaged beyond repair,-,Douglas C-54D-1-DC (DC-4),-,-,1945,-,-, 42-72495, 10600,USAF,Military,-,-,-,-,-,-,-,-,-,4,0,4,0,-,-,-
19510116-2,Tuesday,16-JAN-1951,-,A1, Takeoff (TOF),"Goose Bay Airport, NL (YYR)",Canada,-,-, Damaged beyond repair,-,Douglas C-47B-1-DL (DC-3),2,Pratt & Whitney R-1830-90C,1944,-,-, 43-16287, 20753,USAF,Military,-,Goose Bay Airport,YYR,CYYR,Canada,-,-,-,-,-,-,-,-,-,-,-
19510118-0,Thursday,18-JAN-1951,-,A1, En route (ENR),near Chala,Peru,19,19, Damaged beyond repair,-,Douglas DC-3,-,-,-,-,-, registration unknown,-,TAM Peru,Military,-,Lima-Limatambo Airport,LIM,SPIM,Peru,Arequipa-Rodríguez Ballón Airport,AQP,SPQU,Peru,3,16,3,16,-,-,-
19510120-0,Saturday,20-JAN-1951,-,A1, Landing (LDG),near Tsushima Airport (TSJ),Japan,-,-, Damaged beyond repair,-,Grumman SA-16A Albatross,-,-,-,-,-, 49-083, G-41,USAF,Military,-,-,-,-,-,Tsushima Airport,TSJ,RJDT,Japan,-,-,-,-,-,-,Preliminary
19510120-1,Saturday,20-JAN-1951,-,A1, Unknown (UNK),Damascus-Mezzeh Military Airport,Syria,-,-, Damaged beyond repair,-,Fairchild C-82A Packet,-,-,-,-,-, 45-57781, 10151,USAF,Military,-,-,-,-,-,-,-,-,-,-,-,-,-,-,-,-
19510121-1,Sunday,21-JAN-1951,-,A1, Initial climb (ICL),"1,8 km (1.1 mls) N off  Okinawa-Naha NAS (OKA)",Japan,13,1, Damaged beyond repair,-,Lockheed P2V-4 Neptune,-,-,-,-,-, 124227,-,US Navy,Military,-,Okinawa-Naha NAS,OKA,ROAH,Japan,-,-,-,-,13,0,1,0,-,-,-
19510123-0,Tuesday,23-JAN-1951,-,A1, Landing (LDG),Papendrecht,Netherlands,3,0, Substantial, Written off (damaged beyond repair),Consolidated PBY-5A Catalina,-,-,-,-,-, N1493V, 1885,Dutch Navy,Ferry/positioning,-,Amsterdam-Schiphol Municipal Airport,AMS,EHAM,Netherlands,-,-,-,-,3,0,0,0,-,-,-
19510125-0,Thursday,25-JAN-1951,13:26,A2, En route (ENR),"Coolawanyah Airport, WA (COY)",Australia,-,0, Substantial, Repaired,Douglas DC-3C,2,Pratt & Whitney R-1830-92,1944,-,7130.0, VH-MMK, 19950,MacRobertson Miller Airlines,Domestic Scheduled Passenger,744R,Coolawanyah Airport,COY,YCWY,Australia,Port Hedland Airport,PHE,YPPD,Australia,3,-,0,0,-,-,Final
19510127-0,Saturday,27-JAN-1951,14:40,A1, Approach (APR),8 km (5 mls) N of Civitavecchia,Italy,17,14, Damaged beyond repair,-,Savoia-Marchetti SM-95B,-,-,1948,-,-, I-DALO, 10,Alitalia,International Scheduled Passenger,-,Paris-Le Bourget Airport,LBG,LFPB,France,Roma-Ciampino Airport,CIA,LIRA,Italy,5,12,4,10,-,-,Final
19510127-1,Saturday,27-JAN-1951,-,O1, Standing (STD),Jakarta-Kemayoran Airport (JKT),Indonesia,0,0, Damaged beyond repair,-,Grumman G-73 Mallard,-,-,1948,-,-, PK-AKE, J-41,Bataafse Petroleum Mij.,-,-,-,-,-,-,-,-,-,-,0,0,0,0,-,-,-
19510128-0,Sunday,28-JAN-1951,-,A1, Takeoff (TOF),Marsaxlokk Bay,Malta,39,1, Damaged beyond repair,-,Shorts S.45 Solent 3,-,-,-,-,-, VH-TOA, S.1294,Trans Oceanic Airways,Ferry/positioning,-,-,-,-,-,-,-,-,-,-,-,0,1,-,-,-
19510128-1,Sunday,28-JAN-1951,-,A1, Landing (LDG),"Fort Knox-Godman AAF, KY (FTK)",United States of America,-,-, Damaged beyond repair,-,Douglas C-47A-90-DL (DC-3),2,Pratt & Whitney R-1830-92,1944,-,-, 43-16102, 20568,USAF,Military,-,-,-,-,-,Fort Knox-Godman AAF,FTK,KFTK,United States of America,-,-,-,-,-,-,-
19510128-2,Sunday,28-JAN-1951,08:40,A1, En route (ENR),Mt. Yuli,Taiwan,14,14, Damaged beyond repair,-,Short S.25 Sunderland GR.5,-,-,-,-,-, PP107,-,RAF,Military,-,Hong Kong-Kai Tak RAF Station,HKG,VHHH,Hong Kong,-,-,-,-,7,7,7,7,-,-,-
19510128-3,Sunday,28-JAN-1951,02:01,A1, Approach (APR),near Kostanay-Narimanovka Airport (KSN),Kazakhstan,2,0, Damaged beyond repair,-,Lisunov Li-2,-,-,-,-,-, CCCP-L4715,-,Aeroflot / Kazakstan,Unknown,-,-,-,-,-,Kostanay-Narimanovka Airport,KSN,UAUU,Kazakhstan,2,0,0,0,-,-,-
19510128-4,Sunday,28-JAN-1951,-,A2, Approach (APR),near San Luis Potosí (SPL),Mexico,24,0, Substantial, Repaired,Douglas DC-3A-197D,-,-,1940,-,-, XA-FUJ, 3262,LAMSA,Domestic Scheduled Passenger,-,-,-,-,-,San Luis Potosí Airport,SLP,MMSP,Mexico,3,21,0,0,-,-,-
19510131-0,Wednesday,31-JAN-1951,-,A1, Unknown (UNK),Madrid,Colombia,2,0, Damaged beyond repair,-,Douglas C-47A-90-DL (DC-3),2,Pratt & Whitney R-1830-92,1944,-,-, HK-311, 20183,LANSA,Cargo,-,Cali-Alfonso Bonilla Aragón Airport,CLO,SKCL,Colombia,-,-,-,-,2,0,0,0,-,-,-
19510131-1,Wednesday,31-JAN-1951,-,A1, Approach (APR),off Hafnarfjördur,Iceland,20,20, Damaged beyond repair,-,Douglas C-47A-10-DK (DC-3),2,Pratt & Whitney R-1830-92,1944,-,-, TF-ISG, 12482,Icelandair,Domestic Scheduled Passenger,-,Vestmannaeyjar Airport,VEY,BIVM,Iceland,Reykjavík Domestic Airport,RKV,BIRK,Iceland,3,17,3,17,-,-,-
19510131-2,Wednesday,31-JAN-1951,23:03,A1, Approach (APR),"near Terceira-Lajes AFB, Azores (TER)",Portugal,14,14, Damaged beyond repair,-,Douglas C-54D-1-DC (DC-4),-,-,1945,-,-, 282, 10597,Portuguese AF,Military,-,Lisboa-Portela de Sacavém Airport,LIS,LPPT,Portugal,Terceira-Lajes AFB,TER,LPLA,Portugal,2,12,2,12,-,-,-
19510201-0,Thursday,01-FEB-1951,-,A1, Initial climb (ICL),"Khabarovsk Krai, near Sovetskaya Gavan",Russia,6,2, Destroyed, Written off (damaged beyond repair),Lisunov Li-2,-,-,-,-,-, 4803,-,Soviet AF,Military,-,-,-,-,-,-,-,-,-,6,0,2,0,-,-,-
19510203-0,Saturday,03-FEB-1951,-,A1, En route (ENR),12 km (7.5 mls) N of Buéa,Cameroon,29,29, Destroyed, Written off (damaged beyond repair),Douglas DC-4-1009,-,-,1946,-,-, F-BBDO, 42992,Air France,International Scheduled Passenger,-,Douala Airport,DLA,FKKD,Cameroon,Niamey Airport,NIM,DRRN,Niger,6,23,6,23,-,-,Final
19510204-0,Sunday,04-FEB-1951,-,A1, Unknown (UNK),"Whidbey Island NAS, WA (NUW)",United States of America,-,0, Damaged beyond repair,-,Lockheed P2V-3W Neptune,-,-,-,-,-, 124277,-,US Navy,Military,-,-,-,-,-,-,-,-,-,-,-,0,0,-,-,-
19510206-1,Tuesday,06-FEB-1951,-,A1, En route (ENR),6 km (3.8 mls) from  San Pablo de los Montes,Spain,4,4, Damaged beyond repair,-,Junkers Ju-52/3m,-,-,-,-,-, T.2-47,-,Spanish AF,Military,-,-,-,-,-,-,-,-,-,-,-,-,-,-,-,-
19510207-0,Wednesday,07-FEB-1951,-,A1, Takeoff (TOF),Helsinki-Malmi Airport (HEM),Finland,-,-, Damaged beyond repair,-,Douglas DC-2-200,-,-,1936,-,-, DO-3, 1562/F37,Finnish AF,Military,-,Helsinki-Malmi Airport,HEM,EFHF,Finland,-,-,-,-,-,-,-,-,-,-,-
19510207-1,Wednesday,07-FEB-1951,-,A1, En route (ENR),"Eastville, VA",United States of America,9,9, Damaged beyond repair,-,Fairchild R4Q-1 Flying Boxcar (C-119C),-,-,-,-,-, 128725, 10554,USMC,Military,-,-,-,-,-,New York-Floyd Bennett Field,NOP,KNOP,United States of America,-,-,-,-,-,-,-
19510209-0,Friday,09-FEB-1951,-,A1, Landing (LDG),Ashiya Air Base,Japan,-,-, Damaged beyond repair,-,Douglas R4D-6 (DC-3),-,-,1944,-,-, 17267, 25770/14325,US Navy,Military,-,-,-,-,-,-,-,-,-,-,-,-,-,-,-,-
19510209-1,Friday,09-FEB-1951,-,A1, Takeoff (TOF),Tashkent Airport (TAS),Uzbekistan,4,0, Damaged beyond repair,-,Lisunov Li-2,-,-,-,-,-, CCCP-L4821,-,Aeroflot / Uzbekistan,Training,-,Tashkent Airport,TAS,UTTT,Uzbekistan,Tashkent Airport,TAS,UTTT,Uzbekistan,4,0,0,0,-,-,-
19510212-0,Monday,12-FEB-1951,-,A1, Landing (LDG),Luang Prabang Airport (LPQ),Laos,-,0, Damaged beyond repair,-,Douglas C-47A-80-DL (DC-3),2,Pratt & Whitney R-1830-92,1944,-,-, F-OABK, 19592,Aigle Azur,Unknown,-,-,-,-,-,Luang Prabang Airport,LPQ,VLLB,Laos,-,-,0,0,-,-,-
19510212-1,Monday,12-FEB-1951,-,A1, Unknown (UNK),at an unknown location,South Korea,-,-, Damaged beyond repair,-,Douglas C-47D (DC-3),-,-,1944,-,-, 43-48920, 26181/14736,USAF,Military,-,-,-,-,-,-,-,-,-,-,-,-,-,-,-,-
19510214-0,Wednesday,14-FEB-1951,-,A1, En route (ENR),"12 km (7.5 mls) from  Yalí, Antioquia",Colombia,2,2, Damaged beyond repair,-,Curtiss C-46A-5-CK Commando,2,Pratt & Whitney R-2800-51,1944,-,-, HK-333,    49,LANSA,Cargo,-,Medellín-Enrique Olaya Herrera Airport,EOH,SKMD,Colombia,Barranquilla-Soledad Airport,BAQ,SKBQ,Colombia,2,0,2,0,-,-,-
19510216-0,Friday,16-FEB-1951,-,A1, En route (ENR),near Béja,Tunisia,8,8, Damaged beyond repair,-,Short Sunderland GR.5,-,-,-,-,-, SZ598,-,RAF,Military,-,-,-,-,-,Gibraltar-North Front Airport,GIB,LXGB,Gibraltar,8,0,8,0,-,-,-
19510218-0,Sunday,18-FEB-1951,-,A1, Approach (APR),near Stockholm-Bromma Airport (BMA),Sweden,22,1, Damaged beyond repair,-,Vickers Valetta C.1,2,Bristol Hercules 230,1950,-,-, VX514, 454,RAF,Military,-,-,-,-,-,-,-,-,-,3,19,1,0,-,-,-
19510219-0,Monday,19-FEB-1951,-,A1, Landing (LDG),"Olathe NAS, KS (JCI)",United States of America,-,-, Damaged beyond repair,-,Douglas R4D-5 (DC-3),-,-,1944,-,-, 17143, 12313,US Navy,Military,-,-,-,-,-,Olathe NAS,JCI,KIXD,United States of America,-,-,-,-,-,-,-
19510221-0,Wednesday,21-FEB-1951,-,A1, Landing (LDG),"Rio de Janeiro-Galeão International Airport, RJ (GIG)",Brazil,4,0, Damaged beyond repair,-,Curtiss C-46A-60-CS Commando,2,Pratt & Whitney R-2800-51,1945,-,-, PP-ITF, 2925/382,Comp. Itaú de Transportes Aéreos,Cargo,-,-,-,-,-,Rio de Janeiro-Santos Dumont Airport,SDU,SBRJ,Brazil,4,0,0,0,-,-,-
19510223-0,Friday,23-FEB-1951,-,A1, En route (ENR),"Newhall, CA",United States of America,3,0, Damaged beyond repair,-,Curtiss C-46E-1-CS Commando,-,-,1945,-,-, N59490,  2942,Slick Airways,Cargo,-,Hollywood-Lockheed Air Terminal,BUR,KBUR,United States of America,San Francisco Municipal Airport,SFO,KSFO,United States of America,3,0,0,0,-,-,-
19510223-1,Friday,23-FEB-1951,-,A1, Landing (LDG),Oslo-Fornebu Airport (FBU),Norway,-,0, Damaged beyond repair,-,Douglas VC-47B (DC-3),-,-,1944,-,-, 43-48293, 25554/14109,USAF,Military,-,-,-,-,-,Oslo-Fornebu Airport,FBU,ENFB,Norway,-,-,0,0,-,-,-
19510224-0,Saturday,24-FEB-1951,-,A1, En route (ENR),Urbe,Italy,5,0, Damaged beyond repair,-,Fiat G.212,-,-,-,-,-, registration unknown,-,Italian AF,Military,-,-,-,-,-,-,-,-,-,-,-,0,0,-,-,-
19510225-0,Sunday,25-FEB-1951,-,A1, Approach (APR),"6,5 km (4.1 mls) SW of Iwakuni MCAS",Japan,3,3, Damaged beyond repair,-,Curtiss C-46D-15-CU Commando,-,-,1945,-,-, 44-78257, 33653,USAF,Military,-,-,-,-,-,-,-,-,-,3,0,3,0,-,-,-
19510227-0,Tuesday,27-FEB-1951,13:08,A1, Initial climb (ICL),"near Tulsa, OK",United States of America,34,0, Damaged beyond repair,-,Convair CV-240-2,2,Pratt & Whitney R-2800-CA18,1948,-,4115.0, N90664,  59,Mid-Continent Airlines,Domestic Scheduled Passenger,-,Tulsa International Airport,TUL,KTUL,United States of America,-,-,-,-,4,30,0,0,-,-,Final
19510302-0,Friday,02-MAR-1951,09:12,A1, Approach (APR),"Sioux City, IA",United States of America,25,16, Damaged beyond repair,-,Douglas DC-3A,2,Pratt & Whitney R-1830-S1C3-G,1942,-,28202.0, N19928, 7400,Mid-Continent Airlines,Domestic Scheduled Passenger,  16,Omaha-Eppley Airfield,OMA,KOMA,United States of America,Sioux City-Municipal Airport,SUX,KSUX,United States of America,4,21,3,13,-,-,Final
19510305-1,Monday,05-MAR-1951,-,A1, Approach (APR),Okinawa-Kadena AFB (DNA),Japan,3,1, Damaged beyond repair,-,Douglas C-47B-1-DK (DC-3),2,Pratt & Whitney R-1830-90C,1944,-,-, 43-48483, 25744/14299,USAF,Military,-,-,-,-,-,Okinawa-Kadena AFB,DNA,RODN,Japan,3,0,1,0,-,-,-
19510311-0,Sunday,11-MAR-1951,-,A1, En route (ENR),Hong Kong Island,Hong Kong,24,24, Damaged beyond repair,-,Douglas R5D-1 (DC-4),-,-,1944,-,-, HS-POS, 10396,Pacific Overseas Airlines,International Scheduled Passenger,-,Hong Kong-Kai Tak International Airport,HKG,VHHH,Hong Kong,Bangkok-Don Muang International Airport,BKK,VTBD,Thailand,4,20,4,20,-,-,-
19510313-0,Tuesday,13-MAR-1951,-,A1, Approach (APR),2 km (1.3 mls) from  Sverdlovsk-Koltsovo Airport (SVX),Russia,-,0, Damaged beyond repair,-,Ilyushin Il-12P,-,-,1947,-,-, CCCP-L1319, 30025,Aeroflot / West Siberia,Domestic Scheduled Passenger,-,Kazan Airport,KZN,UWKD,Russia,Sverdlovsk-Koltsovo Airport,SVX,USSS,Russia,-,18,0,0,-,-,-
19510315-0,Thursday,15-MAR-1951,-,A1, Takeoff (TOF),"Resolute Airport, NU (YRB)",Canada,-,0, Damaged beyond repair,-,Canadair C-54GM North Star,4,Rolls-Royce Merlin 622,1947,-,-, 17523, 107,RCAF,Military,-,Resolute Airport,YRB,CYRB,Canada,-,-,-,-,-,-,0,0,-,-,-
19510319-0,Monday,19-MAR-1951,00:14,A2, Landing (LDG),"Phoenix-Sky Harbor International Airport, AZ (PHX)",United States of America,34,0, Substantial, Repaired,Lockheed L-749 Constellation,-,-,1948,-,-, N91202, 2578,TWA,Domestic Scheduled Passenger,TW59,Albuquerque Municipal Airport,ABQ,KABQ,United States of America,Phoenix-Sky Harbor International Airport,PHX,KPHX,United States of America,5,29,0,0,-,-,Final
19510319-1,Monday,19-MAR-1951,-,A1, Initial climb (ICL),Strubby RAF Station,United Kingdom,8,3, Damaged beyond repair,-,Handley Page Hastings C.2,-,-,-,-,-, WD478, HP67/106,RAF,Military,-,-,-,-,-,-,-,-,-,5,3,3,0,-,-,-
19510321-0,Wednesday,21-MAR-1951,-,A1, En route (ENR),near Hato Nuevo,Colombia,29,29, Damaged beyond repair,-,Douglas R4D-1 (DC-3),-,-,1943,-,-, HK-315, 9073,LANSA,Domestic Scheduled Passenger,-,San Marcos Airport,SRS,SKSR,Colombia,Cartagena Airport,CTG,SKCG,Colombia,3,26,3,26,-,-,-
19510322-0,Thursday,22-MAR-1951,17:30,A1, Initial climb (ICL),"W off Florianopolis Airport, SC (FLN)",Brazil,14,3, Damaged beyond repair,-,Douglas C-53-DO (DC-3),-,-,1942,-,-, PP-CCX, 7341,Cruzeiro do Sul,Domestic Scheduled Passenger,-,Curitiba Airport,CWB,SBCT,Brazil,Florianopolis Airport,FLN,SBFL,Brazil,4,10,0,3,-,-,-
19510323-0,Friday,23-MAR-1951,-,A1, En route (ENR),"725 km (453.1 mls) W off  Shannon, Ireland",Atlantic Ocean,53,53, Damaged beyond repair,-,Douglas C-124A Globemaster II,4,Pratt & Whitney R-4360-20WA,-,-,-, 49-0244, 43173,USAF,Military,-,-,-,-,-,Lakenheath RAF Station,LKZ,EGUL,United Kingdom,9,44,9,44,-,-,-
19510323-1,Friday,23-MAR-1951,-,A1, Unknown (UNK),at an unknown location,South Korea,8,2, Damaged beyond repair,-,Fairchild C-119C-15-FA Flying Boxcar,2,Pratt & Whitney R-4360-20WA,-,-,-, 49-168, 10405,USAF,Military,-,-,-,-,-,-,-,-,-,-,-,-,-,-,-,-
19510325-0,Sunday,25-MAR-1951,04:42,A1, En route (ENR),4 km (2.5 mls) N of Iskra,Russia,13,12, Damaged beyond repair,-,Lisunov Li-2,-,-,-,-,1026.0, CCCP-L4790, 18434104,Aeroflot / East Siberia,Domestic Scheduled Passenger,-,Irkutsk Airport,IKT,UIII,Russia,Chita Airport,HTA,UIAA,Russia,4,9,4,8,-,-,-
19510325-1,Sunday,25-MAR-1951,-,A1, Landing (LDG),Pusan East (K-9) Air Base,South Korea,-,-, Damaged beyond repair,-,Douglas C-54D-10-DC (DC-4),-,-,1945,-,-, 42-72663, 10768,USAF,Military,-,-,-,-,-,-,-,-,-,-,-,-,-,-,-,-
19510326-0,Monday,26-MAR-1951,-,A1, Initial climb (ICL),"near Río Grande, TF",Argentina,20,11, Damaged beyond repair,-,Douglas C-47A-5-DK (DC-3),2,Pratt & Whitney R-1830-92,1944,-,-, LV-ACY, 12291,Aerolineas Argentinas,Domestic Scheduled Passenger,-,Río Grande Airport,RGA,SAWE,Argentina,-,-,-,-,4,16,3,8,-,-,-
19510327-0,Tuesday,27-MAR-1951,-,A1, Initial climb (ICL),Manchester-Ringway Airport (MAN),United Kingdom,3,2, Damaged beyond repair,-,Douglas C-47A-75-DL Dakota 3,-,-,1943,-,-, G-AJVZ, 19361,Air Transport Charter,Cargo,-,Manchester-Ringway Airport,MAN,EGCC,United Kingdom,-,-,-,-,3,0,2,0,-,-,-
19510327-1,Tuesday,27-MAR-1951,-,A1, Unknown (UNK),"Camden, NSW",Australia,-,0, Damaged beyond repair,-,Douglas C-47A-5-DK (DC-3),2,Pratt & Whitney R-1830-92,1944,-,-, VH-CAQ, 12285,Australian CAA,Unknown,-,-,-,-,-,Camden Airport,CDU,YSCN,Australia,-,-,0,0,-,-,-
19510327-2,Tuesday,27-MAR-1951,-,A1, Approach (APR),"2,8 km (1.8 mls) N off  Matagorda Island AFB, TX (MGI)",United States of America,17,0, Damaged beyond repair,-,Douglas C-47A-90-DL (DC-3),2,Pratt & Whitney R-1830-92,1944,-,-, 43-15691, 20157,USAF,Military,-,-,-,-,-,-,-,-,-,-,-,0,0,-,-,-
19510329-0,Thursday,29-MAR-1951,-,A1, En route (ENR),10 km (6.3 mls) S of Hongchon,South Korea,5,1, Damaged beyond repair,-,Fairchild C-119B Flying Boxcar,2,Pratt & Whitney R-4360-20,-,-,-, 48-345, 10327,USAF,Military,-,-,-,-,-,-,-,-,-,5,0,1,0,-,-,-
19510329-1,Thursday,29-MAR-1951,-,A1, Takeoff (TOF),Entebbe Airport (EBB),Uganda,-,0, Damaged beyond repair,-,Vickers Valetta C.1,2,Bristol Hercules 230,1949,-,-, VW187, 343,RAF,Military,-,-,-,-,-,Entebbe Airport,EBB,HUEN,Uganda,-,-,0,0,-,-,-
19510329-2,Thursday,29-MAR-1951,20:57,A1, Approach (APR),"1,3 km (0.8 mls) from  Moskva-Vnukovo Airport (VKO)",Russia,8,3, Damaged beyond repair,-,Ilyushin Il-12P,-,-,1947,-,-, CCCP-L1313, 30019,Aeroflot / Moscow,Test,-,Moskva-Vnukovo Airport,VKO,UUWW,Russia,Moskva-Vnukovo Airport,VKO,UUWW,Russia,4,4,3,0,-,-,-
19510330-0,Friday,30-MAR-1951,-,A1, Approach (APR),Keflavík International Airport (KEF),Iceland,6,0, Damaged beyond repair,-,Douglas C-54B-1-DC (DC-4),-,-,1945,-,-, N74644, 10540,Seaboard & Western,Cargo,-,-,-,-,-,Keflavík International Airport,KEF,BIKF,Iceland,6,0,0,0,-,-,-
19510401-0,Sunday,01-APR-1951,-,A1, Landing (LDG),Stockholm-Bromma Airport (BMA),Sweden,22,0, Damaged beyond repair,-,Douglas C-47A-90-DL (DC-3),2,Pratt & Whitney R-1830-92,1944,-,-, SE-BBM, 20128,SAS,International Scheduled Passenger,-,København-Kastrup Airport,CPH,EKCH,Denmark,Stockholm-Bromma Airport,BMA,ESSB,Sweden,4,18,0,0,-,-,-
19510402-0,Monday,02-APR-1951,-,A1, Unknown (UNK),Bogotá-Techo Airport,Colombia,3,0, Damaged beyond repair,-,Douglas C-48B (DC-3),2,Pratt & Whitney R-1830-51,1937,-,-, HK-142, 1957,Avianca,Training,-,-,-,-,-,-,-,-,-,3,0,0,0,-,-,-
19510406-0,Friday,06-APR-1951,20:30,A1, En route (ENR),"Refugio Pass, CA",United States of America,22,22, Damaged beyond repair,-,Douglas C-47A-90-DL (DC-3C),2,Pratt & Whitney R-1830-92,1944,-,8132.0, N63439, 20229,Southwest Airways,Domestic Scheduled Passenger,   7,-,-,-,-,Santa Barbara Municipal Airport,SBA,KSBA,United States of America,3,19,3,19,-,-,Final
19510406-2,Friday,06-APR-1951,-,A1, Unknown (UNK),"2,4 km (1.5 mls) E of Mount Clemens-Selfridge AFB, MI (MTC)",United States of America,-,0, Damaged beyond repair,-,Grumman SA-16A Albatross,-,-,-,-,-, 48-0602, G-18,USAF,Military,-,-,-,-,-,-,-,-,-,-,-,0,0,-,-,-
19510408-0,Sunday,08-APR-1951,11:56,A1, Approach (APR),"13 km (8.1 mls) NE of Charleston, WV",United States of America,21,21, Destroyed, Written off (damaged beyond repair),Douglas C-47B-1-DK (DC-3),2,Pratt & Whitney R-1830-90C,1944,-,-, 43-48298, 25559/14114,USAF,Military,-,-,-,-,-,Charleston-Kanawha County Airport,CRW,KCRW,United States of America,3,18,3,18,-,-,-
19510408-1,Sunday,08-APR-1951,08:40,A1, Approach (APR),18 km (11.3 mls) NW of Mama Airport,Russia,8,8, Damaged beyond repair,-,Lisunov Li-2T,-,-,1948,-,2667.0, CCCP-L4467, 4002,Aeroflot / East Siberia,Cargo,-,-,-,-,-,-,-,-,-,8,0,8,0,-,-,-
19510409-0,Monday,09-APR-1951,-,A1, Approach (APR),E off Cape d'Arguilar,Hong Kong,16,16, Damaged beyond repair,-,Douglas DC-3,-,-,-,-,-, HS-SAE,-,Siamese Airways,International Scheduled Passenger,-,Bangkok-Don Muang International Airport,BKK,VTBD,Thailand,Hong Kong-Kai Tak International Airport,HKG,VHHH,Hong Kong,5,11,5,11,-,-,-
19510410-0,Tuesday,10-APR-1951,-,A1, Landing (LDG),Chilbolton,United Kingdom,5,0, Damaged beyond repair,-,Handley Page HP.82 Hermes V,-,-,1949,-,-, G-ALEU, HP.82/1,UK Ministry of Supply,Test,-,-,-,-,-,-,-,-,-,5,0,0,0,-,-,-
19510410-1,Tuesday,10-APR-1951,-,A1, Landing (LDG),near Zalingei,Sudan,6,0, Damaged beyond repair,-,Vickers Valetta C.1,2,Bristol Hercules 230,1949,-,-, VW833, 395,RAF,Military,-,Kano International Airport,KAN,DNKN,Nigeria,El Fasher Airport,ELF,HSFS,Sudan,4,2,0,0,-,-,-
19510410-2,Tuesday,10-APR-1951,-,A1, Initial climb (ICL),"Fairbanks-Ladd Army Airfield, AK (FBK)",United States of America,8,8, Damaged beyond repair,-,Douglas C-54D (DC-4),-,-,1945,-,-, 42-72734, 10839,USAF,Military,-,Fairbanks-Ladd Army Airfield,FBK,PAFB,United States of America,Fairbanks-Ladd Army Airfield,FBK,PAFB,United States of America,8,0,8,0,-,-,-
19510412-0,Thursday,12-APR-1951,-,A1, Landing (LDG),Negombo RAF Station,Sri Lanka,4,0, Damaged beyond repair,-,Handley Page Hastings C.1,-,-,-,-,-, TG552, HP67/43,RAF,Military,-,-,-,-,-,Negombo RAF Station,CMB,VCBI,Sri Lanka,4,0,0,0,-,-,-
19510412-1,Thursday,12-APR-1951,-,A1, Unknown (UNK),Seoul-Kimpo Air Base (K-14),South Korea,-,-, Damaged beyond repair,-,Douglas C-47D (DC-3),2,Pratt & Whitney R-1830-90,1944,-,-, 43-49751, 27012/15567,USAF,Military,-,-,-,-,-,-,-,-,-,-,-,-,-,-,-,-
19510415-0,Sunday,15-APR-1951,-,A1, Landing (LDG),"Guanabara Bay, RJ",Brazil,38,0, Damaged beyond repair,-,Curtiss C-46A-45-CU Commando,2,Pratt & Whitney R-2800-51,1944,-,-, PP-LDC, 30443,Loide Aéreo Nacional,Passenger,-,-,-,-,-,Rio de Janeiro-Santos Dumont Airport,SDU,SBRJ,Brazil,-,-,0,0,-,-,-
19510415-1,Sunday,15-APR-1951,23:00,A1, Unknown (UNK),"10 km (6.3 mls) N of Solano, CA",United States of America,3,0, Damaged beyond repair,-,Douglas C-47D (DC-3),2,Pratt & Whitney R-1830-90,1944,-,-, 43-49527, 26788/15343,USAF,Military,-,Riverside-March AFB,RIV,KRIV,United States of America,-,-,-,-,3,0,0,0,-,-,-
19510418-0,Wednesday,18-APR-1951,-,U1, Unknown (UNK),at an unknown location,Unknown country,-,-, Damaged beyond repair,-,CASA 352 (Junkers Ju-52),-,-,-,-,-, T.2-141, 32,Spanish AF,Military,-,-,-,-,-,-,-,-,-,-,-,-,-,-,-,-
19510418-1,Wednesday,18-APR-1951,-,U1, Unknown (UNK),at an unknown location,Unknown country,-,-, Damaged beyond repair,-,CASA 352 (Junkers Ju-52),-,-,-,-,-, T.2-160, 51,Spanish AF,Military,-,-,-,-,-,-,-,-,-,-,-,-,-,-,-,-
19510421-0,Saturday,21-APR-1951,-,A1, En route (ENR),between Kyzyl and Abakan,Russia,4,4, Damaged beyond repair,-,Antonov An-2,-,-,1951,-,102.0, CCCP-A2597,-,Aeroflot / Krasnoyarsk,Cargo,-,Kyzyl Airport,KYZ,UNKY,Russia,Abakan Airport,ABA,UNAA,Russia,4,0,4,0,-,-,-
19510421-1,Saturday,21-APR-1951,-,A1, Unknown (UNK),Tres Esquinas Air Base (TQS),Colombia,3,3, Destroyed, Written off (damaged beyond repair),Douglas C-47 (DC-3),-,-,-,-,-, FAC-671,-,Colombian AF,Military,-,-,-,-,-,Tres Esquinas Air Base,TQS,SKTQ,Colombia,3,0,3,0,-,-,-
19510424-0,Tuesday,24-APR-1951,-,A1, Unknown (UNK),near Oran,Algeria,5,5, Damaged beyond repair,-,Amiot AAC.1 (Junkers Ju-52),-,-,-,-,-, registration unknown,-,French AF,Military,-,Colomb-Béchar Airport,CBH,DAOC,Algeria,Oran-es Senia Airport,ORN,DAOO,Algeria,-,-,-,-,-,-,-
19510425-0,Wednesday,25-APR-1951,11:49,A1, En route (ENR),"ca 1 km off Key West, FL",United States of America,39,39, Destroyed, Written off (damaged beyond repair),Douglas DC-4,-,-,1944,-,13218.0, CU-T188, 10368,Cubana,International Scheduled Passenger,CU493,Miami International Airport,MIA,KMIA,United States of America,Havana-Rancho Boyeros Airport,HAV,MUHA,Cuba,5,34,5,34,4,-,Final
19510426-0,Thursday,26-APR-1951,-,A1, Unknown (UNK),at an unknown location,Unknown country,-,-, Damaged beyond repair,-,Douglas C-47D (DC-3),-,-,1945,-,-, 43-49764, 27025/15580,USAF,Military,-,-,-,-,-,-,-,-,-,-,-,-,-,-,-,-
19510428-0,Saturday,28-APR-1951,-,A1, Unknown (UNK),"near Los Antiguos, SC",Argentina,11,0, Damaged beyond repair,-,Curtiss C-46A-5-CU Commando,2,Pratt & Whitney R-2800-51,1943,-,-, CC-CYA-141, 26445,Lyon Air,Passenger,-,-,-,-,-,Balmaceda-Teniente Vidal Airport,BBA,SCBA,Chile,4,7,0,0,-,-,-
19510428-1,Saturday,28-APR-1951,19:32,A1, Approach (APR),"near Fort Wayne, IN",United States of America,11,11, Damaged beyond repair,-,Douglas DC-3A-197,2,Pratt & Whitney R-1830-92,1937,-,43550.0, N16088, 1927,United Airlines,Domestic Scheduled Passenger,UA129,-,-,-,-,Fort Wayne Municipal Airport/Baer Field,FWA,KFWA,United States of America,3,8,3,8,-,-,Final
19510430-0,Monday,30-APR-1951,-,A1, Unknown (UNK),80 km (50 mls) S of Wonsan,North Korea,6,6, Damaged beyond repair,-,Douglas C-47D,2,Pratt & Whitney R-1830-90,1945,-,-, 44-77261, 33593/16845,USAF,Military,-,-,-,-,-,-,-,-,-,-,-,-,-,-,-,-
19510501-1,Tuesday,01-MAY-1951,-,A1, Unknown (UNK),Unknown,Unknown country,-,-, Damaged beyond repair,-,Douglas C-47A-75-DL (DC-3),-,-,1944,-,-, 42-101001, 19464,USAF,Military,-,-,-,-,-,-,-,-,-,-,-,-,-,-,-,-
19510502-0,Wednesday,02-MAY-1951,-,A1, Maneuvering (MNV),"3,2 km (2 mls) NNW of Fayid",Egypt,8,8, Damaged beyond repair,-,Vickers Valetta C.1,2,Bristol Hercules 230,1948,-,-, VW156, 326,RAF,Military,-,-,-,-,-,-,-,-,-,2,6,2,6,-,-,-
19510504-0,Friday,04-MAY-1951,-,A1, Landing (LDG),Dishforth RAF Station,United Kingdom,-,0, Damaged beyond repair,-,Vickers Valetta C.1,2,Bristol Hercules 230,1949,-,-, VW828, 389,RAF,Military,-,-,-,-,-,-,-,-,-,-,-,0,0,-,-,-
19510508-1,Tuesday,08-MAY-1951,-,A1, Initial climb (ICL),Bordeaux-Mérignac Airport (BOD),France,32,0, Damaged beyond repair,-,Vickers 639 Viking 1,-,-,1946,-,-, G-AHPD, 134,Hunting Air Travel,International Scheduled Passenger,-,Bordeaux-Mérignac Airport,BOD,LFBD,France,-,-,-,-,5,27,0,0,-,-,-
19510509-0,Wednesday,09-MAY-1951,-,A1, Unknown (UNK),"Patuxent River NAS, MD (NHK)",United States of America,7,2, Damaged beyond repair,-,Douglas R4D-5 (DC-3),2,Pratt & Whitney R-1830-92,1943,-,-, 17114, 12008,US Navy,Military,-,Patuxent River NAS,NHK,KNHK,United States of America,Patuxent River NAS,NHK,KNHK,United States of America,2,5,2,0,-,-,-
19510509-1,Wednesday,09-MAY-1951,-,A1, En route (ENR),near Monterroso (Lugo),Spain,4,4, Damaged beyond repair,-,Junkers Ju-52/3m,-,-,-,-,-, T.2-93,-,Spanish AF,Military,-,-,-,-,-,-,-,-,-,-,-,-,-,-,-,-
19510511-0,Friday,11-MAY-1951,-,A1, Unknown (UNK),"27 km (16.9 mls) NE of Spokane-Felts Field, WA (SFF)",United States of America,2,2, Damaged beyond repair,-,Douglas VC-47D (DC-3),-,-,1944,-,-, 43-49266, 26527/15082,USAF,Military,-,Tacoma-McChord AFB,TCM,KTCM,United States of America,Spokane-Felts Field,SFF,KSFF,United States of America,2,0,2,0,-,-,-
19510512-0,Saturday,12-MAY-1951,-,A1, Unknown (UNK),Rovigo,Algeria,3,3, Damaged beyond repair,-,Amiot AAC.1 (Junkers Ju-52),-,-,-,-,-, F-BDYE, AAC404,Air Fret Transimax,Cargo,-,-,-,-,-,-,-,-,-,3,0,3,0,-,-,-
19510514-0,Monday,14-MAY-1951,-,A1, En route (ENR),"210 km (131.3 mls) SW of Goose Bay Airport, NL (YYR)",Canada,4,4, Damaged beyond repair,-,Douglas C-47A-10-DK (DC-3),-,-,1944,-,-, KG430, 12465,RCAF,Military,-,Goose Bay Airport,YYR,CYYR,Canada,Summerside Airport,YSU,CYSU,Canada,4,0,4,0,-,-,-
19510515-0,Tuesday,15-MAY-1951,-,A1, Approach (APR),"ca 3 km W of Maceió Airport, AL (MCZ)",Brazil,16,0, Damaged beyond repair,-,Douglas C-47A-70-DL (DC-3),2,Pratt & Whitney R-1830-92,1943,-,-, PP-LPC, 19120,L.A. Paulistas,Domestic Scheduled Passenger,-,Rio de Janeiro-Santos Dumont Airport,SDU,SBRJ,Brazil,Maceió Airport,MCZ,SBMO,Brazil,4,12,0,0,-,-,-
19510515-1,Tuesday,15-MAY-1951,-,A1, Takeoff (TOF),Giebelstadt AAF (GHF),Germany,-,-, Damaged beyond repair,-,Douglas C-47A-25-DK (DC-3),2,Pratt & Whitney R-1830-92,1944,-,-, 42-93720, 13663,USAF,Military,-,Giebelstadt AAF,GHF,ETEU,Germany,-,-,-,-,-,-,-,-,-,-,-
19510518-0,Friday,18-MAY-1951,19:10,A1, En route (ENR),"8 km (5 mls) from  Rancharia, SP",Brazil,7,7, Damaged beyond repair,-,Douglas C-47B-45-DK (DC-3),2,Pratt & Whitney R-1830-90C,1945,-,-, PP-SPL, 34274/17011,VASP,Domestic Scheduled Passenger,-,-,-,-,-,Presidente Prudente Airport,PPB,SBDN,Brazil,4,3,4,3,-,-,-
19510519-0,Saturday,19-MAY-1951,-,A1, Landing (LDG),"Kodiak NAS, AK (ADQ)",United States of America,4,0, Damaged beyond repair,-,Lockheed P2V-2 Neptune,-,-,-,-,-, 39351,-,US Navy,Military,-,-,-,-,-,Kodiak NAS,ADQ,PADQ,United States of America,4,0,0,0,-,-,-
19510523-0,Wednesday,23-MAY-1951,-,A1, En route (ENR),"near New Lisbon, IN",United States of America,12,7, Damaged beyond repair,-,Douglas C-124A Globemaster II,4,Pratt & Whitney R-4360-20WA,-,-,-, 49-0232, 43161,USAF,Military,-,Dayton-Wright Patterson AFB,FFO,KFFO,United States of America,-,-,-,-,12,0,7,0,-,-,-
19510524-0,Thursday,24-MAY-1951,-,A1, Unknown (UNK),16 km (10 mls) S off  Atsugi,Japan,6,0, Damaged beyond repair,-,Fairchild C-119C Flying Boxcar,-,-,-,-,-, 49-153, 10390,USAF,Military,-,-,-,-,-,-,-,-,-,6,0,0,0,-,-,-
19510527-0,Sunday,27-MAY-1951,-,A1, En route (ENR),near Daegu Air Base,South Korea,5,5, Damaged beyond repair,-,Douglas C-47D,2,Pratt & Whitney R-1830-90,-,-,-, 49-2612,-,Hellenic AF,Military,-,Daegu (Taegu) International Airport,TAE,RKTN,South Korea,-,-,-,-,-,-,-,-,-,-,-
19510530-0,Wednesday,30-MAY-1951,-,A1, Unknown (UNK),near Busan (Pusan) West Air Base (PUS),South Korea,5,5, Destroyed, Written off (damaged beyond repair),Douglas R5D-3 (DC-4),-,-,1945,-,-, 56513, 10739,US Navy,Military,-,-,-,-,-,-,-,-,-,5,0,5,0,-,-,-
19510530-1,Wednesday,30-MAY-1951,-,A1, Landing (LDG),Aqaba Airport (AQJ),Jordan,-,0, Damaged beyond repair,-,Vickers Valetta C.1,2,Bristol Hercules 230,1950,-,-, VX544, 473,RAF,Military,-,-,-,-,-,Aqaba-King Hussein International Airport,AQJ,OJAQ,Jordan,-,-,0,0,-,-,-
19510531-0,Thursday,31-MAY-1951,-,A1, Takeoff (TOF),"Griffin, GA",United States of America,-,-, Damaged beyond repair,-,Douglas C-47B-10-DK (DC-3),2,Pratt & Whitney R-1830-90C,1944,-,-, 43-48954, 26215/14770,USAF,Military,-,-,-,-,-,-,-,-,-,-,-,-,-,-,-,-
19510599-0,-,xx-MAY-1951,-,A1, Standing (STD),Bahrain,Bahrain,-,-, Damaged beyond repair,-,de Havilland DH.86B Express,-,-,-,-,-, G-ADUH, 2336,Gulf Aviation,Unknown,-,-,-,-,-,-,-,-,-,-,-,-,-,-,-,-
19510602-0,Saturday,02-JUN-1951,-,A1, En route (ENR),"Palame, BA",Brazil,4,2, Damaged beyond repair,-,Canadian Vickers PBV-1A Canso A (PBY-5A),-,-,-,-,-, PP-AGC, CV-480,Aero Geral,Unknown,-,Recife International Airport,REC,SBRF,Brazil,-,-,-,-,-,-,2,0,-,-,-
19510603-0,Sunday,03-JUN-1951,-,A2, Landing (LDG),"Puerto Deseado Airport, SC (PUD)",Argentina,-,0, Substantial, Repaired,Douglas C-47A-85-DL (DC-3),2,Pratt & Whitney R-1830-92,1944,-,-, LV-AGE, 20083,Aerolineas Argentinas,Scheduled Passenger,-,-,-,-,-,Puerto Deseado Airport,PUD,SAWD,Argentina,-,-,0,0,-,-,-
19510603-1,Sunday,03-JUN-1951,-,C1, Maneuvering (MNV),"4,5 km (2.8 mls) NE of Inje",South Korea,6,6, Damaged beyond repair,-,Fairchild C-119C-12-FA Flying Boxcar,2,Pratt & Whitney R-4360-20WA,-,-,-, 49-123, 10360,USAF,Military,-,-,-,-,-,-,-,-,-,6,0,6,0,4,-,-
19510603-2,Sunday,03-JUN-1951,-,C1, Maneuvering (MNV),"4,5 km (2.8 mls) NE of Inje",South Korea,4,4, Damaged beyond repair,-,Fairchild C-119B Flying Boxcar,2,Pratt & Whitney R-4360-20,-,-,-, 48-350, 10332,USAF,Military,-,-,-,-,-,-,-,-,-,4,0,4,0,6,-,-
19510603-3,Sunday,03-JUN-1951,13:45,A1, En route (ENR),"4,5 km (2.8 mls) SSW of New Boston, TX",United States of America,10,8, Damaged beyond repair,-,Fairchild C-82A-FA Packet,-,-,-,-,-, 45-57761, 10131,USAF,Military,-,Hopkinsville-Fort Campbell AAF,HOP,KHOP,United States of America,Lawton Municipal Airport,LAW,KLAW,United States of America,-,-,-,-,-,-,-
19510604-0,Monday,04-JUN-1951,-,A1, En route (ENR),"24 km (15 mls) SW of Jackson, TN",United States of America,7,4, Damaged beyond repair,-,Fairchild C-119C-17-FA Flying Boxcar,2,Pratt & Whitney R-4360-20WA,-,-,-, 49-192, 10429,USAF,Military,-,Smyrna-Sewart AFB,MQY,KMQY,United States of America,Oklahoma City-Tinker AFB,TIK,KTIK,United States of America,7,0,4,0,-,-,-
19510606-0,Wednesday,06-JUN-1951,17:40,A1, Approach (APR),"Gramacho, Rio de Janeiro, RJ",Brazil,19,2, Damaged beyond repair,-,Douglas DC-3D,-,-,1946,-,-, PP-NAL, 42979,L.A. Transcontinental Brasileira,Domestic Scheduled Passenger,-,Vitória-Goiabeiras Airport,VIX,SBVT,Brazil,Rio de Janeiro-Santos Dumont Airport,SDU,SBRJ,Brazil,3,16,1,1,-,-,-
19510606-1,Wednesday,06-JUN-1951,10:16,A1, Initial climb (ICL),"1,5 km (0.9 mls) S of San Antonio-Kelly AFB, TX (SKF)",United States of America,9,9, Damaged beyond repair,-,Boeing C-97A Stratofreighter,-,-,-,-,-, 48-0398, 16010,USAF,Military,-,San Antonio-Kelly AFB,SKF,KSKF,United States of America,-,-,-,-,9,0,9,0,-,-,-
19510608-0,Friday,08-JUN-1951,-,A1, Approach (APR),Wittelsbach,Germany,19,0, Damaged beyond repair,-,Douglas C-47A-5-DK (DC-3),-,-,1944,-,-, YU-ABE, 12381,JAT,Domestic Scheduled Passenger,-,Frankfurt International Airport,FRA,EDDF,Germany,München-Riem Airport,MUC,EDDM,Germany,5,14,0,0,-,-,-
19510610-0,Sunday,10-JUN-1951,-,O1, Taxi (TXI),Port Vila,Vanuatu,-,0, Damaged beyond repair,-,Short S.25 Sandringham 4,-,-,1944,-,-, VH-EBW, SH.30C,Qantas,International Scheduled Passenger,-,-,-,-,-,-,-,-,-,-,-,0,0,-,-,-
19510613-0,Wednesday,13-JUN-1951,06:00,A1, Approach (APR),near Medellín-Enrique Olaya Herrera Airport (EOH),Colombia,2,2, Damaged beyond repair,-,Douglas C-47A-50-DL (DC-3),2,Pratt & Whitney R-1830-92,1943,-,-, HK-504, 10062,SAM,Cargo,-,Medellín-Enrique Olaya Herrera Airport,EOH,SKMD,Colombia,Cartagena Airport,CTG,SKCG,Colombia,2,0,2,0,-,1,-
19510614-0,Thursday,14-JUN-1951,-,A1, Landing (LDG),"0,6 km (0.4 mls) W of Flemings Island Field, FL",United States of America,9,7, Damaged beyond repair,-,Lockheed P2V-2 Neptune,-,-,-,-,-, 122453,-,US Navy,Military,-,-,-,-,-,-,-,-,-,9,0,7,0,-,-,-
19510614-1,Thursday,14-JUN-1951,-,A1, Unknown (UNK),Manila Bay,Philippines,18,3, Damaged beyond repair,-,Martin PBM-5 Mariner,-,-,-,-,-, 85148,-,US Navy,Military,-,-,-,-,-,-,-,-,-,-,-,-,-,-,-,-
19510615-0,Friday,15-JUN-1951,-,A1, Landing (LDG),"Kodiak NAS, AK (ADQ)",United States of America,-,1, Damaged beyond repair,-,Lockheed P2V-4 Neptune,-,-,-,-,-, 124253,-,US Navy,Military,-,-,-,-,-,Kodiak NAS,ADQ,PADQ,United States of America,-,-,-,-,-,-,-
19510616-0,Saturday,16-JUN-1951,12:25,A1, En route (ENR),45 km (28.1 mls) SW of Omsukchan,Russia,8,0, Damaged beyond repair,-,Antonov An-2,-,-,1950,-,332.0, CCCP-H986,-,Dalstroi Aviation,Domestic Non Scheduled Passenger,-,Magadan Airport,GDX,UHMM,Russia,-,-,-,-,2,6,0,0,-,-,-
19510617-0,Sunday,17-JUN-1951,-,A1, Landing (LDG),"Bellevue-Offutt AFB, NE (OFF)",United States of America,20,0, Damaged beyond repair,-,Douglas C-47A-85-DL (DC-3),2,Pratt & Whitney R-1830-92,1944,-,-, 43-15600, 20066,USAF,Military,-,-,-,-,-,Bellevue-Offutt AFB,OFF,KOFF,United States of America,-,-,0,0,-,-,-
19510621-0,Thursday,21-JUN-1951,-,A2, Landing (LDG),"Puerto Deseado Airport, SC (PUD)",Argentina,13,0, Minor, Repaired,Douglas C-47B-35-DL (DC-3),-,-,1945,-,-, LV-ADG, 33430/16682,Aerolineas Argentinas,Domestic Scheduled Passenger,AR621,Comodoro Rivadavia Airport,CRD,SAVC,Argentina,Puerto Deseado Airport,PUD,SAWD,Argentina,4,9,0,0,-,2,Final
19510622-0,Friday,22-JUN-1951,03:25,A1, En route (ENR),4 km (2.5 mls) W of Sanoyea,Liberia,40,40, Damaged beyond repair,-,Lockheed L-049 Constellation,4,Wright R-3350 (745C18BA3) Cyclone,-,-,13343.0, N88846, 2046,Pan Am,International Scheduled Passenger,-,Accra-Kotoka Airport,ACC,DGAA,Ghana,Monrovia-Roberts International Airport,ROB,GLRB,Liberia,9,31,9,31,-,-,Final
19510622-1,Friday,22-JUN-1951,-,A1, Takeoff (TOF),"Spokane-Fairchild AFB, WA (SKA)",United States of America,-,-, Damaged beyond repair,-,Douglas C-47D (DC-3),-,-,1944,-,-, 43-48416, 25677/14232,USAF,Military,-,Spokane-Fairchild AFB,SKA,KSKA,United States of America,-,-,-,-,-,-,-,-,-,-,-
19510624-0,Sunday,24-JUN-1951,-,A1, Landing (LDG),Choma Airport (FLCH),Zambia,-,0, Damaged beyond repair,-,Vickers Valetta C.1,2,Bristol Hercules 230,1950,-,-, VX498,-,RAF,Military,-,Livingstone Airport,LVI,FLLI,Zambia,Ndola Airport,NLA,FLND,Zambia,-,-,0,0,-,-,-
19510626-1,Tuesday,26-JUN-1951,-,A1, Unknown (UNK),4 km (2.5 mls) from  Morón de la Fontera,Spain,8,8, Damaged beyond repair,-,CASA 352 (Junkers Ju-52),-,-,-,-,-, T.2-114, 5,Spanish AF,Military,-,-,-,-,-,-,-,-,-,-,-,-,-,-,-,-
19510627-0,Wednesday,27-JUN-1951,-,A1, En route (ENR),near Trinidad,Bolivia,4,0, Damaged beyond repair,-,Douglas C-47-DL (DC-3),2,Pratt & Whitney R-1830-92,1942,-,-, PP-CCK, 4750,Cruzeiro do Sul,Cargo,-,Cáceres Airport,CCX,SWKC,Brazil,-,-,-,-,4,0,0,0,-,-,-
19510627-1,Wednesday,27-JUN-1951,-,A1, Landing (LDG),Kentira,Morocco,27,7, Damaged beyond repair,-,Breguet 730,-,-,1946,-,-, registration unknown, 02,French Navy,Military,-,-,-,-,-,-,-,-,-,-,-,6,1,-,-,-
19510629-0,Friday,29-JUN-1951,-,A1, Unknown (UNK),near Rijeka,Croatia,14,14, Damaged beyond repair,-,Amiot AAC.1 (Junkers Ju-52),-,-,-,-,-, YU-ACE, AAC316,JAT,Domestic Scheduled Passenger,-,Rijeka Airport,RJK,LDRI,Croatia,-,-,-,-,3,11,3,11,-,-,-
19510629-1,Friday,29-JUN-1951,-,A2, Landing (LDG),"Geneva-on-the-Lake, Lake Erie, OH",United States of America,3,1, Substantial, Repaired,Grumman G-73 Mallard,-,-,1947,-,-, N2949, J-12,General Tire & Rubber Co.,Unknown,-,-,-,-,-,-,-,-,-,-,-,-,-,-,-,-
19510630-0,Saturday,30-JUN-1951,02:00,A1, En route (ENR),"29 km (18.1 mls) WSW of Fort Collins, CO",United States of America,50,50, Destroyed, Written off (damaged beyond repair),Douglas DC-6,-,-,1950,-,3784.0, N37543, 43144/155,United Airlines,Domestic Scheduled Passenger,UA610,Salt Lake City International Airport,SLC,KSLC,United States of America,Denver-Stapleton International Airport,DEN,KDEN,United States of America,5,45,5,45,-,-,Final
19510701-0,Sunday,01-JUL-1951,-,A1, Approach (APR),"0,8 km (0.5 mls) S of Fort Dix-McGuire AFB, NJ (WRI)",United States of America,26,5, Damaged beyond repair,-,Douglas C-47A-80-DL (DC-3),2,Pratt & Whitney R-1830-92,1944,-,-, 43-15144, 19610,USAF,Military,-,Belleville-Scott AFB,BLV,KBLV,United States of America,Wrightstown-McGuire AFB,WRI,KWRI,United States of America,-,-,-,-,-,-,-
19510708-0,Sunday,08-JUL-1951,-,A1, Takeoff (TOF),Chinhae Air Base (K-10),South Korea,-,-, Damaged beyond repair,-,Douglas C-47D,2,Pratt & Whitney R-1830-90,1945,-,-, 44-77269, 33601/16853,USAF,Military,-,Chinhae Airport,CHF,RKPE,South Korea,-,-,-,-,-,-,-,-,-,-,-
19510709-0,Monday,09-JUL-1951,-,A1, Landing (LDG),Barranquilla-Soledad Airport (BAQ),Colombia,-,0, Damaged beyond repair,-,Douglas C-47-DL (DC-3),2,Pratt & Whitney R-1830-92,1942,-,-, HK-126, 4290,Avianca,Unknown,-,-,-,-,-,Barranquilla-Soledad Airport,BAQ,SKBQ,Colombia,-,-,0,0,-,-,-
19510709-2,Monday,09-JUL-1951,-,A1, Landing (LDG),Pohang (K-3) Air Base (KPO),South Korea,-,-, Damaged beyond repair,-,Douglas C-47D (DC-3),-,-,1945,-,-, 44-76651, 32983/16235,USAF,Military,-,-,-,-,-,Pohang Air Base,KPO,RKTH,South Korea,-,-,-,-,-,-,-
19510711-0,Wednesday,11-JUL-1951,-,A1, Landing (LDG),"Montreal-Dorval International Airport, QC (YUL)",Canada,2,0, Destroyed, Written off (damaged beyond repair),Lockheed 18-08A Lodestar,-,-,1942,-,-, CF-ETC, 18-2219,private,Ferry/positioning,-,Saint Jean Airport,YJN,CYJN,Canada,Montreal-Dorval International Airport,YUL,CYUL,Canada,2,0,0,0,-,-,Final
19510712-0,Thursday,12-JUL-1951,-,A1, Approach (APR),"near Aracaju Airport, SE (AJU)",Brazil,33,33, Damaged beyond repair,-,Douglas C-47B-13-DK (DC-3),2,Pratt & Whitney R-1830-90C,1944,-,-, PP-LPG, 26267/14822,L.A. Paulistas,Domestic Scheduled Passenger,-,Maceió Airport,MCZ,SBMO,Brazil,Aracaju Airport,AJU,SBAR,Brazil,5,28,5,28,-,-,-
19510712-1,Thursday,12-JUL-1951,-,A1, Unknown (UNK),48 km (30 mls) NW of Tezpur,India,3,3, Damaged beyond repair,-,Douglas C-47B-1-DL (DC-3),2,Pratt & Whitney R-1830-90C,1944,-,-, VT-CHT, 20662,Indamer,Cargo,-,Calcutta-Dum Dum Airport,CCU,VECC,India,-,-,-,-,3,0,3,0,-,-,-
19510712-2,Thursday,12-JUL-1951,-,A1, Approach (APR),"1,6 km (1 mls) ENE of Lyneham-RAF Station (LYE)",United Kingdom,10,10, Damaged beyond repair,-,Vickers Valetta C.1,2,Bristol Hercules 230,1949,-,-, VW194, 350,RAF,Military,-,Lyneham RAF Station,LYE,EGDL,United Kingdom,-,-,-,-,3,7,3,7,-,-,-
19510712-3,Thursday,12-JUL-1951,-,A1, Takeoff (TOF),Dakar-Ouakam Air Base (BA160) (DKR),Senegal,17,8, Damaged beyond repair,-,Douglas C-47B-35-DK (DC-3),-,-,1945,-,-, 980/F-RAMM, 33312/16564,French AF,Military,-,Dakar-Ouakam Air Base (BA160),DKR,GOOY,Senegal,-,-,-,-,-,-,-,-,-,-,-
19510713-0,Friday,13-JUL-1951,-,A1, Takeoff (TOF),Bangkok International Airport (BKK),Thailand,-,0, Damaged beyond repair,-,Douglas C-54B-10-DO (DC-4),-,-,1944,-,-, HS-POA, 18368,Siamese Airways,Unknown,-,Bangkok-Don Muang International Airport,BKK,VTBD,Thailand,Hong Kong-Kai Tak International Airport,HKG,VHHH,Hong Kong,-,-,0,0,-,-,-
19510714-0,Saturday,14-JUL-1951,04:17,A1, Initial climb (ICL),Stockholm-Bromma Airport (BMA),Sweden,6,4, Damaged beyond repair,-,Lockheed 14-H Super Electra,-,-,1938,-,-, SE-BTN, 1421,Airtaco,Cargo,-,Stockholm-Bromma Airport,BMA,ESSB,Sweden,-,-,-,-,-,-,-,-,-,-,-
19510715-0,Sunday,15-JUL-1951,-,A1, Unknown (UNK),"12,9 km (8.1 mls) W of El Paso, TX",United States of America,14,0, Damaged beyond repair,-,Fairchild C-119B Flying Boxcar,-,-,-,-,-, 48-342, 10324,USAF,Military,-,-,-,-,-,El Paso-Biggs AAF,BIF,KBIF,United States of America,-,-,0,0,-,-,-
19510717-0,Tuesday,17-JUL-1951,-,A1, Landing (LDG),Fayid RAF Station,Egypt,-,0, Damaged beyond repair,-,Vickers Valetta C.1,2,Bristol Hercules 230,1949,-,-, VW824, 385,RAF,Military,-,-,-,-,-,-,-,-,-,-,-,0,0,-,-,-
19510718-0,Wednesday,18-JUL-1951,-,A1, Initial climb (ICL),near Antananarivo-Arivonimamo Airport (TNR),Madagascar,-,0, Damaged beyond repair,-,Douglas C-54A-DO (DC-4),-,-,1943,-,-, F-BDRI, 3079,TAI,Cargo,-,Antananarivo-Arivonimamo Airport,TNR,FMMA,Madagascar,-,-,-,-,-,-,0,0,-,-,-
19510719-0,Thursday,19-JUL-1951,15:59,A2, En route (ENR),"Curles Neck Farm, VA",United States of America,53,0, Substantial, Repaired,Lockheed L-749A Constellation,-,-,1949,-,5716.0, N119A, 2616,Eastern Air Lines,Domestic Scheduled Passenger,EA601,Newark International Airport,EWR,KEWR,United States of America,Miami International Airport,MIA,KMIA,United States of America,5,48,0,0,-,-,Final
19510720-0,Friday,20-JUL-1951,-,A1, En route (ENR),ca 29 km NE of Saigon-Tan Son Nhat International Airport (SGN),Vietnam,5,5, Damaged beyond repair,-,Douglas C-47A-80-DL (DC-3),2,Pratt & Whitney R-1830-92,1944,-,-, F-OABX, 19634,CATI,Cargo,-,Pakse Airport,PKZ,VLPS,Laos,Saigon-Tan Son Nhat International Airport,SGN,VVTS,Vietnam,3,2,3,2,-,-,-
19510721-0,Saturday,21-JUL-1951,-,A1, En route (ENR),"near Sitka, AK",United States of America,37,37, Missing, Presumed damaged beyond repair,Douglas DC-4,-,-,1944,-,-, CF-CPC, 10327,Canadian Pacific,International Scheduled Passenger,-,Vancouver International Airport,YVR,CYVR,Canada,Anchorage-Elmendorf AFB,EDF,PAED,United States of America,6,31,6,31,-,-,-
19510724-0,Tuesday,24-JUL-1951,05:45,A1, Initial climb (ICL),near Gao Airport (GAQ),Mali,3,3, Destroyed, Written off (damaged beyond repair),Douglas DC-3-455,-,-,1942,-,-, OO-CBA, 6327,Sabena,Cargo,-,Gao Airport,GAQ,GAGO,Mali,-,-,-,-,3,0,3,0,-,-,Final
19510726-1,Thursday,26-JUL-1951,-,A1, Unknown (UNK),Lao Kay,Vietnam,-,-, Damaged beyond repair,-,Amiot AAC.1 (Junkers Ju-52),-,-,-,-,-, F-BBYF, AAC226,Autrex,Unknown,-,-,-,-,-,-,-,-,-,-,-,-,-,-,-,-
19510727-0,Friday,27-JUL-1951,-,A1, Unknown (UNK),ca 3 km S off Isola di Palmaria,Italy,6,0, Damaged beyond repair,-,CANT Z.506S,-,-,-,-,-, MM45497,-,Sottocentro Soccorso Cadimare,Unknown,-,-,-,-,-,-,-,-,-,-,-,0,0,-,-,-
19510727-1,Friday,27-JUL-1951,-,A1, Approach (APR),"3,3 km (2.1 mls) from  Kaduna Airport (KAD)",Nigeria,-,0, Damaged beyond repair,-,Bristol 170 Freighter 21E,-,-,-,-,-, VR-NAX, 12784,West African Airways,Domestic Non Scheduled Passenger,-,Kaduna Airport,KAD,DNKA,Nigeria,Ibadan Airport,IBA,DNIB,Nigeria,-,-,0,0,-,-,-
19510729-0,Sunday,29-JUL-1951,-,A1, Unknown (UNK),near Cochabamba-J Wilsterman Airport (CBB),Bolivia,7,7, Damaged beyond repair,-,Curtiss C-46A-10-CU Commando,2,Pratt & Whitney R-2800-51,1943,-,-, CB-39, 26488,Loide Aéreo Nacional,Ferry/positioning,-,Cochabamba-J Wilsterman Airport,CBB,SLCB,Bolivia,Rio de Janeiro-Santos Dumont Airport,SDU,SBRJ,Brazil,3,4,3,4,-,-,-
19510802-0,Thursday,02-AUG-1951,-,A1, Initial climb (ICL),near Saigon-Tan Son Nhat Airport (SGN),Vietnam,6,6, Damaged beyond repair,-,Douglas C-47B-20-DK (DC-3),2,Pratt & Whitney R-1830-90C,1944,-,-, 349667/FRBFL, 26928/15483,French AF,Military,-,Saigon-Tan Son Nhat International Airport,SGN,VVTS,Vietnam,-,-,-,-,6,0,6,0,-,-,-
19510807-0,Tuesday,07-AUG-1951,11:53,A1, Approach (APR),"Guaratiba, RJ",Brazil,4,4, Destroyed, Written off (damaged beyond repair),Douglas C-47A-DK (DC-3),2,Pratt & Whitney R-1830-92,1943,-,-, 2028, 11843,Brazilian AF,Military,-,-,-,-,-,Rio de Janeiro-Santa Cruz Air Force Base,SNZ,SBSC,Brazil,4,0,4,0,-,-,-
19510808-0,Wednesday,08-AUG-1951,21:00,A1, Initial climb (ICL),"Barilla Bay, TAS",Australia,2,2, Damaged beyond repair,-,Douglas C-47A-20-DK (DC-3),2,Pratt & Whitney R-1830-92,1944,-,-, VH-TAT, 13083,TAA,Cargo,-,Hobart Airport,HBA,YMHB,Australia,-,-,-,-,2,0,2,0,-,-,-
19510808-1,Wednesday,08-AUG-1951,-,A1, Landing (LDG),"São Paulo-Congonhas Airport, SP (CGH)",Brazil,3,0, Damaged beyond repair,-,Curtiss C-46F-1-CU Commando,-,-,1945,-,-, N74176, 22592,Pan Am,Unknown,-,-,-,-,-,São Paulo-Congonhas Airport,CGH,SBSP,Brazil,3,0,0,0,-,-,-
19510811-0,Saturday,11-AUG-1951,-,A1, Takeoff (TOF),"Newark International Airport, NJ (EWR)",United States of America,45,0, Damaged beyond repair,-,Curtiss C-46F-1-CU Commando,-,-,1945,-,-, N3908B, 22516,All American Airways,Domestic Non Scheduled Passenger,-,Newark International Airport,EWR,KEWR,United States of America,Philadelphia International Airport,PHL,KPHL,United States of America,4,41,0,0,-,-,-
19510811-1,Saturday,11-AUG-1951,09:25,A1, En route (ENR),Moisville,France,5,5, Destroyed, Written off (damaged beyond repair),Douglas DC-3D,2,Pratt & Whitney R-1830-92,1946,-,5750.0, F-BAXB, 42971,Air France,Training,-,Paris-Le Bourget Airport,LBG,LFPB,France,Paris-Le Bourget Airport,LBG,LFPB,France,5,0,5,0,-,-,Final
19510811-2,Saturday,11-AUG-1951,-,A1, Unknown (UNK),at an unknown location,Unknown country,-,-, Damaged beyond repair,-,Douglas C-47D (DC-3),-,-,1944,-,-, 43-49561, 26822/15377,USAF,Military,-,-,-,-,-,-,-,-,-,-,-,-,-,-,-,-
19510812-0,Sunday,12-AUG-1951,-,A1, Approach (APR),9 km (5.6 mls) off  Gibraltar-North Front Airport (GIB),Gibraltar,-,0, Damaged beyond repair,-,Avro Shackleton MR.1,4,Rolls-Royce Griffon 57,1951,-,-, VP283,-,RAF,Military,-,Gibraltar-North Front Airport,GIB,LXGB,Gibraltar,Gibraltar-North Front Airport,GIB,LXGB,Gibraltar,-,-,0,0,-,-,-
19510812-1,Sunday,12-AUG-1951,07:02,A1, Approach (APR),near Vilyuisk Airport,Russia,16,2, Damaged beyond repair,-,Lisunov Li-2,-,-,1947,-,1568.0, CCCP-L4314, 18427409,Aeroflot / Yakutsk,Domestic Non Scheduled Passenger,-,-,-,-,-,-,-,-,-,5,11,0,2,-,-,-
19510816-0,Thursday,16-AUG-1951,-,O1, Unknown (UNK),Frankfurt Rhein-Main Air Force Base (FRF),Germany,-,0, Damaged beyond repair,-,Fairchild C-82A Packet,-,-,-,-,-, 45-57796, 10166,USAF,Military,-,-,-,-,-,-,-,-,-,-,-,0,0,-,-,-
19510816-2,Thursday,16-AUG-1951,-,A1, Takeoff (TOF),Luzon Island-Cubi Point NAS (NCP),Philippines,-,0, Damaged beyond repair,-,Grumman SA-16A Albatross,-,-,-,-,-, 49-0094, G-52,USAF,Military,-,Luzon Island-Cubi Point NAS,NCP,RPMB,Philippines,-,-,-,-,-,-,0,0,-,-,-
19510820-0,Monday,20-AUG-1951,-,A1, Landing (LDG),Boh Fai Airport,Thailand,3,0, Damaged beyond repair,-,Douglas C-47A-1-DK (DC-3),2,Pratt & Whitney R-1830-92,1943,-,-, HS-SAF, 12150,Siamese Airways,Unknown,-,-,-,-,-,-,-,-,-,3,0,0,0,-,-,-
19510820-1,Monday,20-AUG-1951,-,A1, Takeoff (TOF),Lena River near Yakutsk,Russia,4,1, Damaged beyond repair,-,Antonov An-2,-,-,1951,-,-, CCCP-N568, 10947301,GUSMP,Cargo,-,-,-,-,-,-,-,-,-,4,0,1,0,-,-,Preliminary
19510821-1,Tuesday,21-AUG-1951,-,O1, Standing (STD),Kingston-Palisadoes International Airport (KIN),Jamaica,0,0, Damaged beyond repair,-,Boeing-Canada PB2B-1 Canso A (PBY-5A),-,-,1943,-,-, VP-JAT, 22005,Caribbean International,-,-,-,-,-,-,-,-,-,-,0,0,0,0,-,-,-
19510822-0,Wednesday,22-AUG-1951,-,A1, Unknown (UNK),"Summit, AK",United States of America,9,9, Damaged beyond repair,-,Douglas C-47A-70-DL (DC-3),-,-,1943,-,-, 42-100668, 19131,USAF,Military,-,-,-,-,-,-,-,-,-,-,-,-,-,-,-,-
19510823-0,Thursday,23-AUG-1951,-,A1, En route (ENR),near Kanash,Russia,-,0, Damaged beyond repair,-,Lisunov Li-2,-,-,-,-,-, CCCP-L1271,-,Aeroflot / Moscow,Unknown,-,-,-,-,-,Kazan Airport,KZN,UWKD,Russia,-,0,0,0,-,-,-
19510824-0,Friday,24-AUG-1951,04:28,A1, Approach (APR),"24 km (15 mls) SW of Oakland International Airport, CA (OAK)",United States of America,50,50, Damaged beyond repair,-,Douglas DC-6B,4,Pratt & Whitney R-2800-CB16,1951,-,361.0, N37550, 43260/180,United Airlines,Domestic Scheduled Passenger,UA615,-,-,-,-,Oakland International Airport,OAK,KOAK,United States of America,6,44,6,44,-,-,Final
19510827-0,Monday,27-AUG-1951,-,A1, Unknown (UNK),Wular Lake,India,2,0, Damaged beyond repair,-,Douglas C-47 (DC-3),-,-,-,-,-, HJ913,-,Indian AF,Military,-,-,-,-,-,-,-,-,-,2,0,0,0,-,-,-
19510831-0,Friday,31-AUG-1951,-,A2, Landing (LDG),Fayid RAF Station,Egypt,-,0, Substantial, Repaired,Avro 685 York C.1,4,Rolls-Royce Merlin,1946,-,-, G-AGSN, 1238,Lancashire Aircraft Corp,Unknown,-,Malta-Luqa Airport,MLA,LMML,Malta,-,-,-,-,-,-,0,0,-,-,-
19510831-1,Friday,31-AUG-1951,-,A1, En route (ENR),"72 km (45 mls) E of Platinum Airstrip, AK",United States of America,4,4, Damaged beyond repair,-,Douglas C-47A-90-DL (DC-3),-,-,1944,-,-, 43-15994, 20460,USAF,Military,-,Platinum Airport,PTU,PAPM,United States of America,-,-,-,-,-,-,-,-,-,-,-
19510901-0,Saturday,01-SEP-1951,-,A1, Approach (APR),Lake Texcoco,Mexico,42,0, Damaged beyond repair,-,Douglas DC-6,-,-,1950,-,-, XA-JOR, 43211/167,Mexicana,International Scheduled Passenger,-,Los Angeles International Airport,LAX,KLAX,United States of America,Mexico City International Airport,MEX,MMMX,Mexico,4,38,0,0,-,-,-
19510902-0,Sunday,02-SEP-1951,10:10,A1, Approach (APR),off Kingston,Jamaica,34,0, Damaged beyond repair,-,Convair CV-240-2,2,Pratt & Whitney R-2800-CA18,1948,-,4146.0, N90662,  49,Pan Am,International Scheduled Passenger,PA507,Camagüey-Ign Agramonte International Airport,CMW,MUCM,Cuba,Kingston Airport,KIN,MKJP,Jamaica,4,30,0,0,-,-,Final
19510904-0,Tuesday,04-SEP-1951,-,A1, Unknown (UNK),"off Quonset Point NAS, RI (NCO)",United States of America,-,-, Damaged beyond repair,-,Lockheed P2V-3 Neptune,-,-,-,-,-, 122976,-,US Navy,Military,-,Quonset Point NAS,NCO,KOQU,United States of America,-,-,-,-,-,-,-,-,-,-,-
19510904-1,Tuesday,04-SEP-1951,-,A1, En route (ENR),"48 km (30 mls) E off  Montauk Point, NY, USA",Atlantic Ocean,7,7, Damaged beyond repair,-,Lockheed P2V-3 Neptune,-,-,-,-,-, 122978,-,US Navy,Military,-,Quonset Point NAS,NCO,KOQU,United States of America,Quonset Point NAS,NCO,KOQU,United States of America,7,0,7,0,-,-,-
19510907-0,Friday,07-SEP-1951,-,A1, Unknown (UNK),unknown,Unknown country,-,-, Damaged beyond repair,-,Douglas C-47A-30-DK (DC-3),-,-,1944,-,-, 43-48134, 25395/13950,USAF,Military,-,-,-,-,-,-,-,-,-,-,-,-,-,-,-,-
19510907-1,Friday,07-SEP-1951,-,A1, Unknown (UNK),near Gorbovichi,Ukraine,5,5, Damaged beyond repair,-,Antonov An-2,-,-,1950,-,972.0, CCCP-A2583, 10047302,Aeroflot / Ukraine,Training,-,Kiev-Zhulhyany Airport,IEV,UKKK,Ukraine,Kiev-Zhulhyany Airport,IEV,UKKK,Ukraine,5,0,5,0,-,-,-
19510908-0,Saturday,08-SEP-1951,19:00,A1, Initial climb (ICL),"ca 0,5 km S of São Paulo-Congonhas Airport, SP (CGH)",Brazil,10,10, Damaged beyond repair,-,Douglas C-47B-20-DK (DC-3),2,Pratt & Whitney R-1830-90C,1945,-,-, PP-SPQ, 27036/15591,VASP,Domestic Scheduled Passenger,-,São Paulo-Congonhas Airport,CGH,SBSP,Brazil,Rio de Janeiro-Santos Dumont Airport,SDU,SBRJ,Brazil,4,6,4,6,-,3,-
19510908-1,Saturday,08-SEP-1951,-,A1, En route (ENR),34 km (21.3 mls) E off  Tsushima Island,Japan,-,-, Damaged beyond repair,-,Douglas C-47D (DC-3),-,-,1944,-,-, 43-49261, 26522/15077,USAF,Military,-,-,-,-,-,-,-,-,-,-,-,-,-,-,-,-
19510910-0,Monday,10-SEP-1951,-,A1, Unknown (UNK),9 km (5.6 mls) SE of Chunchon Air Base (K-47),South Korea,-,-, Damaged beyond repair,-,Douglas C-47D (DC-3),-,-,1945,-,-, 45-1089, 34359/17092,USAF,Military,-,-,-,-,-,-,-,-,-,-,-,-,-,-,-,-
19510912-0,Wednesday,12-SEP-1951,12:30,A1, En route (ENR),"132 km (82.5 mls) W off  Palma, Islas Baleares, Spain",Mediterranean Sea,39,39, Destroyed, Written off (damaged beyond repair),Douglas DC-3,2,Pratt & Whitney R-1830-90C,1945,-,-, F-BEIZ, 32733/15985,STAAP,International Scheduled Passenger,-,Perpignan Airport,PGF,LFMP,France,Oran-es Senia Airport,ORN,DAOO,Algeria,3,36,3,36,-,-,Final
19510912-1,Wednesday,12-SEP-1951,10:46,A1, Approach (APR),"off Redwood City, CA",United States of America,3,3, Damaged beyond repair,-,Boeing 377 Stratocruiser 10-34,4,Pratt & Whitney R-4360-B6,1949,-,1971.0, N31230, 15970/61,United Airlines,Training,7030,San Francisco International Airport,SFO,KSFO,United States of America,San Francisco International Airport,SFO,KSFO,United States of America,3,0,3,0,-,-,Final
19510913-0,Thursday,13-SEP-1951,-,A1, Unknown (UNK),unknown,Unknown country,-,-, Damaged beyond repair,-,Douglas C-47B-5-DK (DC-3),-,-,1944,-,-, K41/OT-CWT, 25931/14486,Belgian AF,Military,-,-,-,-,-,-,-,-,-,-,-,-,-,-,-,-
19510914-1,Friday,14-SEP-1951,-,A1, Unknown (UNK),at an unknown location,Unknown country,-,-, Damaged beyond repair,-,Bristol 170 Freighter 21E,-,-,-,-,-, G780, 12803,Pakistan AF,Military,-,-,-,-,-,-,-,-,-,-,-,-,-,-,-,-
19510915-0,Saturday,15-SEP-1951,-,A1, Initial climb (ICL),Bangalore-Hindustan Airport (BLR),India,27,1, Damaged beyond repair,-,Douglas C-47A-30-DK Dakota III,-,-,1944,-,-, VT-CCA, 25298/13853,Air-India,Domestic Scheduled Passenger,-,Bangalore-Hindustan Airport,BLR,VOBG,India,Trivandrum Airport,TRV,VOTV,India,4,23,1,0,-,-,-
19510916-0,Sunday,16-SEP-1951,10:47,A2, Initial climb (ICL),"Chicago-Midway Airport, IL (MDW)",United States of America,53,0, Substantial, Repaired,Curtiss C-46D-10-CU Commando,2,Pratt & Whitney R-2800-75,1944,-,5754.0, N74689, 32975,Peninsular Air Transport,Domestic Scheduled Passenger, 108,Chicago-Midway Airport,MDW,KMDW,United States of America,Covington-Greater Cincinnati Airport,CVG,KCVG,United States of America,4,49,0,0,-,-,Final
19510917-0,Monday,17-SEP-1951,-,A1, Unknown (UNK),near Loka,South Sudan,4,4, Damaged beyond repair,-,Vickers Valetta C.1,2,Bristol Hercules 230,1949,-,-, VW813, 374,RAF,Military,-,-,-,-,-,-,-,-,-,4,0,4,0,-,-,-
19510917-1,Monday,17-SEP-1951,18:30,A1, En route (ENR),"Ubatuba, SP",Brazil,10,10, Damaged beyond repair,-,Douglas C-47-DL (DC-3),2,Pratt & Whitney R-1830-92,1943,-,-, PP-YPX, 9154,REAL,Domestic Scheduled Passenger,-,Rio de Janeiro-Santos Dumont Airport,SDU,SBRJ,Brazil,São Paulo-Congonhas Airport,CGH,SBSP,Brazil,4,6,4,6,-,-,-
19510917-2,Monday,17-SEP-1951,-,A1, Landing (LDG),"Quonset Point NAS, RI (NCO)",United States of America,-,-, Damaged beyond repair,-,Lockheed P2V-4 Neptune,-,-,-,-,-, 124235,-,US Navy,Military,-,Quonset Point NAS,NCO,KOQU,United States of America,Quonset Point NAS,NCO,KOQU,United States of America,-,-,-,-,-,-,-
19510918-0,Tuesday,18-SEP-1951,-,A1, Takeoff (TOF),"Tukalan river, Evenkiysky district, Krasnoyarsk region",Russia,2,0, Damaged beyond repair,-,Antonov An-2,-,-,1951,-,6274.0, CCCP-N565, 10947306,GUSMP,Ferry/positioning,-,-,-,-,-,-,-,-,-,2,0,0,0,-,-,-
19510918-1,Tuesday,18-SEP-1951,-,A1, Unknown (UNK),"2 km (1.3 mls) from  Rafael Castillo, BA",Argentina,4,4, Damaged beyond repair,-,Bristol 170 Freighter IA,-,-,-,-,-, T-37, 12765,Argentine AF,Military,-,-,-,-,-,-,-,-,-,4,0,4,0,-,-,-
19510922-0,Saturday,22-SEP-1951,-,U1, Unknown (UNK),at an unknown location,Unknown country,-,-, Damaged beyond repair,-,Douglas C-47B-10-DK (DC-3),2,Pratt & Whitney R-1830-90C,1944,-,-, 349145/FRBFF, 26406/14961,French AF,Military,-,-,-,-,-,-,-,-,-,-,-,-,-,-,-,-
19510925-2,Tuesday,25-SEP-1951,-,A1, En route (ENR),near Babice,Czech Republic,6,6, Damaged beyond repair,-,Douglas C-47A-20-DK (DC-3),-,-,1944,-,-, D-03, 12948,Czechoslovak AF,Military,-,Brno Turany Airport,BRQ,LKTB,Czech Republic,-,-,-,-,6,0,6,0,-,-,-
19510927-0,Thursday,27-SEP-1951,-,A1, En route (ENR),near Tachikawa Air Base,Japan,14,14, Damaged beyond repair,-,Fairchild C-119C-15-FA Flying Boxcar,2,Pratt & Whitney R-4360-20WA,-,-,-, 49-169, 10406,USAF,Military,-,-,-,-,-,-,-,-,-,5,9,5,9,-,-,-
19510927-1,Thursday,27-SEP-1951,-,A1, En route (ENR),Mount Tanazawa,Japan,11,11, Damaged beyond repair,-,Curtiss C-46D-10-CU Commando,-,-,1945,-,-, 44-77713, 33109,USAF,Military,-,Atsugi NAS,NJA,RJTA,Japan,-,-,-,-,5,6,5,6,-,-,-
19510929-0,Saturday,29-SEP-1951,-,A1, Unknown (UNK),La Paz-El Alto,Bolivia,-,0, Damaged beyond repair,-,Curtiss C-46D-15-CU Commando,-,-,1945,-,-, CB-43, 33346,Frigorífico Cooperativo Los Andes,Unknown,-,-,-,-,-,-,-,-,-,-,-,0,0,-,-,-
19510929-1,Saturday,29-SEP-1951,-,A1, En route (ENR),near Maedong,South Korea,7,7, Damaged beyond repair,-,Douglas C-47A-90-DL (DC-3),2,Pratt & Whitney R-1830-92,1944,-,-, 43-15932, 20398,USAF,Military,-,-,-,-,-,-,-,-,-,-,-,-,-,-,-,-
19511001-0,Monday,01-OCT-1951,09:31,A1, En route (ENR),"25 km (15.6 mls) N of Serkova, Krasnoyarsk Territory",Russia,15,6, Damaged beyond repair,-,Lisunov Li-2,-,-,-,-,-, CCCP-L4775, 18434004,Aeroflot / Krasnoyarsk,Domestic Scheduled Passenger,-,-,-,-,-,-,-,-,-,4,11,4,2,-,-,-
19511006-0,Saturday,06-OCT-1951,-,A1, En route (ENR),Mersin,Turkey,7,5, Damaged beyond repair,-,Douglas C-47 (DC-3),-,-,-,-,-, registration unknown,-,Indian AF,Military,-,Malta-Luqa Airport,MLA,LMML,Malta,-,-,-,-,7,0,5,0,-,-,-
19511007-0,Sunday,07-OCT-1951,01:10,A1, En route (ENR),"13 km (8.1 mls) SW Lafayette, IN",United States of America,7,3, Damaged beyond repair,-,Lockheed 18-56-23 Lodestar,-,-,1943,-,-, N5545N, 18-2364,National Homes Corp.,Executive,-,-,-,-,-,-,-,-,-,1,6,1,2,-,-,-
19511008-0,Monday,08-OCT-1951,-,A1, En route (ENR),Cerro Blanco,Mexico,10,10, Damaged beyond repair,-,Douglas C-47A-30-DK (DC-3),2,Pratt & Whitney R-1830-92,1944,-,-, XA-GOR, 25452/14007,ATSA,Domestic Scheduled Passenger,-,Mexico City International Airport,MEX,MMMX,Mexico,Minatitlán/Coatzacoalcos International Airport,MTT,MMMT,Mexico,4,6,4,6,-,-,-
19511009-0,Tuesday,09-OCT-1951,-,A1, Takeoff (TOF),Puerto Leguizamo,Colombia,10,1, Damaged beyond repair,-,Consolidated PBY-5A Catalina,-,-,-,-,-, FAC-616,-,Colombian AF,Military,-,-,-,-,-,Leticia-Alfredo Vásquez Cobo Airport,LET,SKLT,Colombia,2,8,1,0,-,-,-
19511010-0,Wednesday,10-OCT-1951,-,A1, Takeoff (TOF),"Warner Robins-Robins AFB, GA (WRB)",United States of America,-,-, Damaged beyond repair,-,Douglas C-47D (DC-3),-,-,1944,-,-, 43-48085, 25346/13901,USAF,Military,-,Warner Robins-Robins AFB,WRB,KWRB,United States of America,-,-,-,-,-,-,-,-,-,-,-
19511011-0,Thursday,11-OCT-1951,08:00,A1, Unknown (UNK),"Conceição do Araguaia, PA",Brazil,7,4, Damaged beyond repair,-,Consolidated C-10A Catalina (PBY-5A),-,-,-,-,-, 6519, 1923,Brazilian AF,Military,-,-,-,-,-,-,-,-,-,-,-,-,-,-,-,-
19511011-1,Thursday,11-OCT-1951,03:40,A1, En route (ENR),"18 km (11.3 mls) S of Art. Bogdanovic, Sverdlovsk region",Russia,10,1, Damaged beyond repair,-,Lisunov Li-2,-,-,1948,-,4169.0, CCCP-L4416, 18428502,Aeroflot / Uralsk,Domestic Scheduled Passenger,-,Kazan Airport,KZN,UWKD,Russia,Sverdlovsk-Koltsovo Airport,SVX,USSS,Russia,4,6,1,0,-,-,-
19511014-0,Sunday,14-OCT-1951,-,O1, Standing (STD),Iwakuni NAS,Japan,0,0, Damaged beyond repair,-,Short Sunderland GR.5,-,-,-,-,-, RN277,-,RAF,Military,-,-,-,-,-,-,-,-,-,0,0,0,0,-,-,-
19511014-1,Sunday,14-OCT-1951,-,A1, Landing (LDG),Atsugi NAS (NJA),Japan,-,0, Damaged beyond repair,-,Lockheed P2V-3 Neptune,-,-,-,-,-, 122939,-,US Navy,Military,-,-,-,-,-,Atsugi NAS,NJA,RJTA,Japan,-,-,0,0,-,-,-
19511015-0,Monday,15-OCT-1951,-,A1, En route (ENR),Mount Ingeli,South Africa,17,17, Damaged beyond repair,-,Douglas C-47A-1-DK (DC-3),2,Pratt & Whitney R-1830-92,1943,-,-, ZS-AVJ, 12016,South African Airways,Domestic Scheduled Passenger,-,Port Elizabeth Airport,PLZ,FAPE,South Africa,-,-,-,-,4,13,4,13,-,-,-
19511015-1,Monday,15-OCT-1951,-,A1, En route (ENR),North Atlantic,Atlantic Ocean,12,12, Missing, Presumed damaged beyond repair,Boeing C-97A Stratofreighter,-,-,-,-,-, 49-2602, 16224,USAF,Military,-,Terceira-Lajes Airport,TER,LPLA,Portugal,Springfield-Westover AFB,CEF,KCEF,United States of America,-,-,-,-,-,-,-
19511017-0,Wednesday,17-OCT-1951,18:55,A1, En route (ENR),"Mt. Benson, BC",Canada,23,23, Damaged beyond repair,-,Consolidated Canso A,-,-,1941,-,-, CF-FOQ, 395,Queen Charlotte Airlines,Domestic Non Scheduled Passenger, 102-17,-,-,-,-,-,-,-,-,3,20,3,20,-,-,-
19511017-1,Wednesday,17-OCT-1951,-,H2, En route (ENR),Zürich-Kloten Airport (ZRH),Switzerland,27,0, None,-,Douglas DC-3,-,-,1944,-,-, YU-ABF, 25294/13849,JAT,Domestic Scheduled Passenger,-,Ljubljana-Brnik Airport,LJU,LJLJ,Slovenia,-,-,-,-,5,22,0,0,-,-,-
19511018-0,Thursday,18-OCT-1951,-,U1, Unknown (UNK),"Sept-Îles Airport, QC (YZV)",Canada,-,-, Damaged beyond repair,-,Douglas C-47A-25-DK (DC-3),2,Pratt & Whitney R-1830-92,1944,-,-, CF-DXR, 13376,Hollinger Ungava Transport,Unknown,-,-,-,-,-,-,-,-,-,-,-,-,-,-,-,-
19511018-2,Thursday,18-OCT-1951,-,A1, Unknown (UNK),off Nassau,Bahamas,9,5, Damaged beyond repair,-,Grumman SA-16A Albatross,-,-,-,-,-, 50-0178, G-97,USAF,Military,-,-,-,-,-,-,-,-,-,-,-,-,-,-,-,-
19511021-0,Sunday,21-OCT-1951,-,U1, Unknown (UNK),at an unknown location,Unknown country,-,-, Damaged beyond repair,-,CASA 352 (Junkers Ju-52),-,-,-,-,-, T.2-169, 60,Spanish AF,Military,-,-,-,-,-,-,-,-,-,-,-,-,-,-,-,-
19511022-0,Monday,22-OCT-1951,-,A1, Unknown (UNK),near Skopje,North Macedonia,-,12, Damaged beyond repair,-,Douglas C-47A-20-DK (DC-3),2,Pratt & Whitney R-1830-92,1944,-,-, YU-ACC, 13014,JAT,Domestic Scheduled Passenger,-,-,-,-,-,Skopje Airport,SKP,LWSK,North Macedonia,-,-,-,-,-,-,-
19511022-1,Monday,22-OCT-1951,-,A1, Takeoff (TOF),"San Antonio-Kelly AFB, TX (SKF)",United States of America,6,4, Destroyed, Written off (damaged beyond repair),Boeing C-97A Stratofreighter,-,-,-,-,-, 48-0413, 16025,USAF,Military,-,San Antonio-Kelly AFB,SKF,KSKF,United States of America,San Antonio-Kelly AFB,SKF,KSKF,United States of America,6,0,4,0,-,-,-
19511022-2,Monday,22-OCT-1951,-,A1, Unknown (UNK),"East Hendred, Oxfordshire",United Kingdom,-,-, Damaged beyond repair,-,Douglas Dakota IV (DC-3),-,-,1945,-,-, KN493, 33013/16265,RAF,Military,-,-,-,-,-,-,-,-,-,-,-,-,-,-,-,-
19511026-0,Friday,26-OCT-1951,-,A1, Landing (LDG),Bovingdon RAF Station,United Kingdom,7,0, Damaged beyond repair,-,Avro 689 Tudor 5,-,-,-,-,-, G-AKCC, 1421,private,Cargo,-,Tripoli-Castel Benito Airport,TIP,HLLT,Libya,-,-,-,-,7,0,0,0,-,-,-
19511027-0,Saturday,27-OCT-1951,19:00,A1, Initial climb (ICL),2 km (1.3 mls) from  Flores-Santa Elena Airport (FRS),Guatemala,28,26, Damaged beyond repair,-,Douglas C-47 (DC-3),-,-,-,-,-, 0961,-,Guatemala AF,Domestic Non Scheduled Passenger,-,Flores-Santa Elena Airport,FRS,MGFL,Guatemala,-,-,-,-,5,23,5,21,-,-,-
19511030-0,Tuesday,30-OCT-1951,-,A1, Takeoff (TOF),Paris-Orly Airport (ORY),France,34,0, Damaged beyond repair,-,SNCASO SO.30P Bretagne,2,Pratt & Whitney R-2800,-,-,-, F-OAIY, 12,Air Algérie,Scheduled Passenger,-,Paris-Orly Airport,ORY,LFPO,France,-,-,-,-,4,30,0,0,-,-,-
19511030-1,Tuesday,30-OCT-1951,-,A1, En route (ENR),"5 km (3.1 mls) NE of Riverside, CA",United States of America,6,6, Damaged beyond repair,-,Douglas C-47A-80-DL (DC-3),-,-,1944,-,-, 43-15109, 19575,USAF,Military,-,Amarillo AFB,AMA,KAMA,United States of America,San Bernardino-Norton AFB,SBD,KSBD,United States of America,2,4,2,4,-,-,-
19511030-2,Tuesday,30-OCT-1951,-,A1, Approach (APR),near Arkhangelsk-Talaghy Airport (ARH),Russia,-,0, Damaged beyond repair,-,Lisunov Li-2,-,-,-,-,-, registration unknown,-,Aeroflot / Northern,Unknown,-,-,-,-,-,Arkhangelsk-Talaghy Airport,ARH,ULAA,Russia,-,0,0,0,-,-,-
19511101-0,Thursday,01-NOV-1951,-,A1, Unknown (UNK),"San Bernardino-Norton AFB, CA (SBD)",United States of America,-,-, Damaged beyond repair,-,Douglas C-47B-15-DK (DC-3),-,-,1944,-,-, 349384/FRBFR, 26645/15200,French AF,Military,-,-,-,-,-,-,-,-,-,-,-,-,-,-,-,-
19511105-0,Monday,05-NOV-1951,09:29,A1, Approach (APR),"Tucumcari Airport, NM (TCC)",United States of America,29,1, Damaged beyond repair,-,Martin 2-0-2,2,Pratt & Whitney R-2800-CA18,-,-,6790.0, N93039, 9160,Transocean Air Lines,Domestic Non Scheduled Passenger,CAM5763,Oakland International Airport,OAK,KOAK,United States of America,Albuquerque International Airport,ABQ,KABQ,United States of America,3,26,0,1,-,-,Final
19511105-1,Monday,05-NOV-1951,-,A1, Takeoff (TOF),Hanoi,Vietnam,-,0, Damaged beyond repair,-,Douglas C-47-DL (DC-3),2,Pratt & Whitney R-1830-92,1942,-,-, F-BCYL, 6112,CATI,Unknown,-,-,-,-,-,-,-,-,-,-,-,0,0,-,-,-
19511106-0,Tuesday,06-NOV-1951,-,C1, En route (ENR),37 km (23.1 mls) off  Vladivostok,Russia,10,10, Damaged beyond repair,-,Lockheed P2V-3W Neptune,-,-,-,-,-, 124283,-,US Navy,Military,-,-,-,-,-,-,-,-,-,10,0,10,0,-,-,-
19511107-0,Wednesday,07-NOV-1951,-,A1, Takeoff (TOF),Fort Lamy Airport (NDJ),Chad,-,0, Damaged beyond repair,-,Douglas C-47A-80-DL (DC-3),2,Pratt & Whitney R-1830-92,1944,-,-, F-BEIV, 19870,STAC,Unknown,-,Fort Lamy Airport,NDJ,FTTJ,Chad,-,-,-,-,-,-,0,0,-,-,-
19511108-0,Thursday,08-NOV-1951,-,A1, Takeoff (TOF),Tokyo-Haneda Airport (HND),Japan,-,-, Damaged beyond repair,-,Douglas C-47D (DC-3),-,-,1944,-,-, 43-49039, 26300/14855,USAF,Military,-,Tokyo-Haneda Airport,HND,RJTT,Japan,-,-,-,-,-,-,-,-,-,-,-
19511109-0,Friday,09-NOV-1951,-,A2, Approach (APR),"Eugene, OR",United States of America,24,0, Minor, Repaired,Douglas DC-3C,-,-,-,-,-, registration unknown,-,West Coast Airlines,Domestic Scheduled Passenger,-,-,-,-,-,Eugene Airport,EUG,KEUG,United States of America,3,21,0,0,-,-,-
19511111-0,Sunday,11-NOV-1951,-,A1, Unknown (UNK),"Morón Air Base, BA",Argentina,-,-, Damaged beyond repair,-,Vickers 615 Viking 1B,-,-,1947,-,-, T-77, 191,Argentine AF,Military,-,-,-,-,-,-,-,-,-,-,-,-,-,-,-,-
19511112-0,Monday,12-NOV-1951,16:00,A1, Takeoff (TOF),Albacete-Los Llanos Air Base (ABC),Spain,4,2, Damaged beyond repair,-,CASA 352 (Junkers Ju-52),-,-,-,-,-, T.2-182, 73,Spanish AF,Military,-,Albacete-Los Llanos Air Base,ABC,LEAB,Spain,-,-,-,-,-,-,-,-,-,-,-
19511113-0,Tuesday,13-NOV-1951,13:00,A1, En route (ENR),32 km (20 mls) SW of Clermont-Ferrand,France,36,36, Destroyed, Written off (damaged beyond repair),Fairchild C-82A-FA Packet,-,-,-,-,-, 45-57801, 10171,USAF,Military,-,Frankfurt-Rhein-Main AFB,FRF,EDAF,Germany,Bordeaux-Mérignac Airport,BOD,LFBD,France,6,30,6,30,-,-,-
19511114-0,Wednesday,14-NOV-1951,-,A1, Initial climb (ICL),Nikolayevsk-na-Amure,Russia,19,0, Damaged beyond repair,-,Ilyushin Il-12P,-,-,1947,-,-, CCCP-L1360, 30076,Aeroflot / Yakutsk,Domestic Scheduled Passenger,-,-,-,-,-,-,-,-,-,4,15,0,0,-,-,-
19511114-1,Wednesday,14-NOV-1951,-,A1, Takeoff (TOF),Guwahati-Borjhar Airport (GAU),India,3,0, Damaged beyond repair,-,Douglas C-47A-30-DK (DC-3),2,Pratt & Whitney R-1830-92,1944,-,-, VT-CKU, 25302/13857,Airways (India),Cargo,-,Guwahati-Borjhar Airport,GAU,VEGT,India,-,-,-,-,3,0,0,0,-,-,-
19511115-0,Thursday,15-NOV-1951,09:00,A1, En route (ENR),ca 16 km SE of Lódz Airport (LCJ),Poland,16,16, Damaged beyond repair,-,Lisunov Li-2P,-,-,1943,-,-, SP-LKA, 18438505,LOT,Domestic Scheduled Passenger,-,Lódz-Lublinek Airport,LCJ,EPLL,Poland,-,-,-,-,4,12,4,12,-,-,-
19511116-0,Friday,16-NOV-1951,-,A1, Landing (LDG),Calshot RAF Station,United Kingdom,5,2, Damaged beyond repair,-,Short Sunderland GR.5,-,-,-,-,-, SZ565,-,RAF,Military,-,-,-,-,-,-,-,-,-,5,0,2,0,-,-,-
19511117-0,Saturday,17-NOV-1951,16:23,A1, Initial climb (ICL),"3,1 km (1.9 mls) from  Novosibirsk-Severny (North) Airport",Russia,23,23, Damaged beyond repair,-,Ilyushin Il-12P,-,-,1949,-,2007.0, CCCP-L1775, 93013112,Aeroflot / Moscow,Domestic Non Scheduled Passenger,-,-,-,-,-,Omsk Airport,OMS,UNOO,Russia,4,19,4,19,-,-,-
19511117-1,Saturday,17-NOV-1951,10:14,A1, Approach (APR),"Oakland Range, CA",United States of America,3,3, Damaged beyond repair,-,Douglas C-54D-10-DC (DC-4),-,-,1945,-,-, N79992, 10832,ONA,Training,-,Oakland International Airport,OAK,KOAK,United States of America,Oakland International Airport,OAK,KOAK,United States of America,3,0,3,0,-,-,Final
19511117-2,Saturday,17-NOV-1951,10:14,A2, Approach (APR),"Oakland Range, CA",United States of America,3,0, Substantial, Repaired,Douglas DC-4,-,-,1944,-,-, N4002B, 10474,California Eastern,Training,-,Oakland International Airport,OAK,KOAK,United States of America,Oakland International Airport,OAK,KOAK,United States of America,3,0,0,0,-,-,Final
19511119-0,Monday,19-NOV-1951,-,A1, Approach (APR),near Cairo,Egypt,-,5, Damaged beyond repair,-,Douglas C-53-DO (DC-3),-,-,1942,-,-, TC-ACA, 7352,DHY,International Scheduled Passenger,-,-,-,-,-,Cairo International Airport,CAI,HECA,Egypt,-,-,4,1,-,-,-
19511119-1,Monday,19-NOV-1951,-,C2, Unknown (UNK),near Papa,Hungary,4,0, None,-,Douglas C-47A-90-DL (DC-3),2,Pratt & Whitney R-1830-92,1944,-,-, 43-16026, 20492,USAF,Military,-,-,-,-,-,-,-,-,-,4,0,0,0,-,-,-
19511119-2,Monday,19-NOV-1951,-,A1, Unknown (UNK),Kus Gölü (Lake Manyas),Turkey,-,4, Damaged beyond repair,-,Douglas C-47B-5-DK (DC-3),-,-,1944,-,-, CBK-016, 25971/14526,Turkish AF,Military,-,-,-,-,-,-,-,-,-,-,-,-,-,-,-,-
19511121-0,Wednesday,21-NOV-1951,07:45,A1, Approach (APR),Calcutta-Dum Dum Airport (CCU),India,17,16, Damaged beyond repair,-,Douglas C-47A-25-DK (DC-3),2,Pratt & Whitney R-1830-92,1944,-,-, VT-AUO, 13265,Deccan Airways,Domestic Scheduled Passenger,-,Nagpur-Sonegaon Airport,NAG,VANP,India,Calcutta-Dum Dum Airport,CCU,VECC,India,4,13,4,12,-,-,-
19511124-0,Saturday,24-NOV-1951,07:25,A1, Approach (APR),3 km (1.9 mls) NE of Zürich-Kloten Airport (ZRH),Switzerland,7,6, Damaged beyond repair,-,Douglas DC-4,-,-,1945,-,-, 4X-ADN, 10512,El Al,Cargo,-,Roma-Ciampino Airport,CIA,LIRA,Italy,Zürich-Kloten Airport,ZRH,LSZH,Switzerland,7,0,6,0,-,-,-
19511127-0,Tuesday,27-NOV-1951,-,A1, Takeoff (TOF),San Luis Acatlán,Mexico,20,13, Damaged beyond repair,-,Douglas DC-2-243,-,-,1939,-,-, XA-DOQ, 2077,L.A. Unidas,Domestic Scheduled Passenger,-,-,-,-,-,Acapulco-Alvarez International Airport,ACA,MMAA,Mexico,2,18,2,11,-,-,-
19511127-1,Tuesday,27-NOV-1951,11:49,A2, Approach (APR),"near Ocala, FL",United States of America,20,0, Minor, Repaired,Douglas DC-3-201C,2,Wright R-1820-202A,1940,-,-, N25646, 2234,Eastern Air Lines,Domestic Scheduled Passenger,EA167,Gainesville-J R Alison Municipal Airport,GNV,KGNV,United States of America,Ocala-Taylor Field,OCF,KOCF,United States of America,3,17,0,0,1,-,Final
19511128-0,Wednesday,28-NOV-1951,-,A1, Takeoff (TOF),Milano-Malpensa Airport (MXP),Italy,-,0, Damaged beyond repair,-,Douglas C-47-DL (DC-3),2,Pratt & Whitney R-1830-92,1942,-,-, I-LETR, 4686,LAI,Unknown,-,Milano-Malpensa Airport,MXP,LIMC,Italy,-,-,-,-,-,-,0,0,-,-,-
19511130-0,Friday,30-NOV-1951,-,A1, En route (ENR),50 km (31.3 mls) E of Kiev,Ukraine,-,0, Substantial, Written off (damaged beyond repair),Lisunov Li-2,-,-,-,-,-, registration unknown,-,Aeroflot / Belarus,Unknown,-,Kharkov Airport,HRK,UKHH,Ukraine,-,-,-,-,-,0,0,0,-,-,-
19511199-0,-,xx-NOV-1951,-,U1, Unknown (UNK),at an unknown location,Poland,-,-, Damaged beyond repair,-,Lisunov Li-2T,-,-,-,-,-, SP-LBE, 18420203,LOT,Unknown,-,-,-,-,-,-,-,-,-,-,-,-,-,-,-,-
19511204-0,Tuesday,04-DEC-1951,07:25,A1, Maneuvering (MNV),"Denver-Stapleton International Airport, CO (DEN)",United States of America,3,3, Damaged beyond repair,-,Douglas DC-3A,2,Pratt & Whitney R-1830,1942,-,15041.0, N17109, 4999,United Airlines,Training,  16,Denver-Stapleton International Airport,DEN,KDEN,United States of America,Denver-Stapleton International Airport,DEN,KDEN,United States of America,3,0,3,0,-,-,Final
19511204-1,Tuesday,04-DEC-1951,-,A1, Takeoff (TOF),"Saint John Airport, NB (YSJ",Canada,2,0, Damaged beyond repair,-,Grumman G-73 Mallard,-,-,1946,-,-, CF-GPA, J-1,Canadian Veneers,Executive,-,Saint John Airport,YSJ,CYSJ,Canada,-,-,-,-,1,1,0,0,-,-,-
19511204-2,Tuesday,04-DEC-1951,19:45,A1, En route (ENR),"San Gabriel Mountains, CA",United States of America,5,5, Destroyed, Written off (damaged beyond repair),Douglas C-47D (DC-3),-,-,1945,-,-, 45-931, 34193/16934,USAF,Military,-,San Bernardino-Norton AFB,SBD,KSBD,United States of America,Long Beach Airport,LGB,KLGB,United States of America,2,3,2,3,-,-,-
19511206-0,Thursday,06-DEC-1951,-,A1, En route (ENR),32 km (20 mls) E of Marseille,France,10,10, Damaged beyond repair,-,Douglas C-47A-65-DL (DC-3),-,-,1943,-,-, 42-100488, 18951,USAF,Military,-,-,-,-,-,-,-,-,-,-,-,-,-,-,-,-
19511208-0,Saturday,08-DEC-1951,-,A1, Unknown (UNK),off Ashiya Air Base,Japan,5,4, Damaged beyond repair,-,Fairchild C-119B Flying Boxcar,-,-,-,-,-, 49-130, 10367,USAF,Military,-,-,-,-,-,-,-,-,-,5,0,4,0,-,-,-
19511213-0,Thursday,13-DEC-1951,-,A1, Takeoff (TOF),"Whidbey Island-NAS, WA (NUW)",United States of America,-,-, Damaged beyond repair,-,Lockheed P2V-5 Neptune,-,-,-,-,-, 124884,-,US Navy,Military,-,-,-,-,-,-,-,-,-,-,-,-,-,-,-,-
19511214-0,Friday,14-DEC-1951,17:57,A1, Approach (APR),Amsterdam-Schiphol Airport (AMS),Netherlands,20,0, Damaged beyond repair,-,Douglas DC-4-1009,-,-,1947,-,-, HB-ILO, 43098,Swissair,International Scheduled Passenger,-,Zürich-Kloten Airport,ZRH,LSZH,Switzerland,Amsterdam-Schiphol International Airport,AMS,EHAM,Netherlands,4,16,0,0,-,-,-
19511216-0,Sunday,16-DEC-1951,15:09,A1, En route (ENR),"4 km (2.5 mls) WSW of Newark International Airport, NJ (EWR)",United States of America,56,56, Damaged beyond repair,-,Curtiss C-46F-1-CU Commando,2,Pratt & Whitney R-2800-51,1945,-,4138.0, N1678M, 22572,Miami Airlines,Domestic Scheduled Passenger,-,Newark International Airport,EWR,KEWR,United States of America,Tampa International Airport,TPA,KTPA,United States of America,4,52,4,52,-,-,Final
19511220-0,Thursday,20-DEC-1951,07:40,A2, En route (ENR),"Cobourg, ON",Canada,48,0, Substantial, Repaired,Curtiss C-46E-1-CS Commando,2,Pratt & Whitney R-2800-75,1945,-,5754.0, N59487, 2934,Robin Airlines,Passenger,-,-,-,-,-,Newark International Airport,EWR,KEWR,United States of America,3,45,0,0,-,-,Final
19511220-1,Thursday,20-DEC-1951,-,O1, Standing (STD),Wig Bay,United Kingdom,0,0, Damaged beyond repair,-,Short Sunderland GR.5,-,-,-,-,-, RN294,-,RAF,Military,-,-,-,-,-,-,-,-,-,0,0,0,0,-,-,-
19511222-0,Saturday,22-DEC-1951,-,A1, Approach (APR),10 km (6.3 mls) W of Tehran,Iran,22,22, Damaged beyond repair,-,SNCASE SE.161 Languedoc,-,-,1946,-,-, SU-AHH, 41,Misrair,International Scheduled Passenger,-,Baghdad International Airport,BGW,ORBI,Iraq,Tehran-Mehrabad Airport,THR,OIII,Iran,5,17,5,17,-,-,-
19511222-1,Saturday,22-DEC-1951,-,A2, Landing (LDG),Masbate Airport (MBT),Philippines,26,0, Substantial, Repaired,Douglas C-47A-30-DK (DC-3),-,-,1944,-,-, PI-C2, 25428/13983,Philippine Air Lines,Passenger,-,-,-,-,-,Masbate Airport,MBT,RPVJ,Philippines,-,-,0,0,-,1,-
19511222-2,Saturday,22-DEC-1951,-,A1, Unknown (UNK),"1,6 km (1 mls) S of Nassau",Bahamas,-,-, Damaged beyond repair,-,Douglas C-47A-30-DK (DC-3),-,-,1944,-,-, 43-48144, 25405/13960,USAF,Military,-,-,-,-,-,-,-,-,-,-,-,-,-,-,-,-
19511223-0,Sunday,23-DEC-1951,-,A1, Landing (LDG),near Milano-Malpensa Airport (MXP),Italy,28,0, Damaged beyond repair,-,Douglas DC-6,-,-,1950,-,-, I-LUCK, 43215/164,LAI,Passenger,-,-,-,-,-,Milano-Malpensa Airport,MXP,LIMC,Italy,4,24,0,0,-,-,-
19511224-0,Monday,24-DEC-1951,-,A1, Unknown (UNK),Istanbul,Turkey,-,-, Damaged beyond repair,-,Douglas C-47A-40-DL (DC-3),-,-,1943,-,-, 42-6058, 9922,Turkish AF,Military,-,-,-,-,-,-,-,-,-,-,-,-,-,-,-,-
19511225-1,Tuesday,25-DEC-1951,-,A1, Unknown (UNK),"Çakirlar Çiftligi, Ankara",Turkey,6,6, Damaged beyond repair,-,Douglas C-47A-80-DL (DC-3),-,-,1944,-,-, CBK-20, 19608,Turkish AF,Military,-,-,-,-,-,Istanbul-Yesilköy Airport,IST,LTBA,Turkey,-,-,-,-,-,-,-
19511226-0,Wednesday,26-DEC-1951,-,A1, Unknown (UNK),"77 km (48.1 mls) E of Redding, CA",United States of America,8,8, Damaged beyond repair,-,Douglas VC-47A (DC-3),-,-,1944,-,-, 43-48142, 25403/13958,USAF,Military,-,Spokane-Fairchild AFB,SKA,KSKA,United States of America,-,-,-,-,-,-,-,-,-,-,-
19511226-1,Wednesday,26-DEC-1951,-,A1, En route (ENR),"160 km (100 mls) E off  Kosing, North Korea [Sea of Japan]",Pacific Ocean,8,2, Damaged beyond repair,-,Lockheed P2V-3 Neptune,-,-,-,-,-, 122972,-,US Navy,Military,-,Atsugi NAS,NJA,RJTA,Japan,Atsugi NAS,NJA,RJTA,Japan,8,0,2,0,-,-,-
19511227-0,Thursday,27-DEC-1951,04:30,A1, Landing (LDG),near Namtsev,Russia,20,20, Damaged beyond repair,-,Lisunov Li-2,-,-,1945,-,-, CCCP-L4228, 18421601,Aeroflot / Yakutsk,Domestic Scheduled Passenger,-,Yakutsk Airport,YKS,UEEE,Russia,-,-,-,-,6,14,6,14,-,-,-
19511227-1,Thursday,27-DEC-1951,-,A1, Takeoff (TOF),Fukuoka-Itazuke AFB (FUK),Japan,23,4, Damaged beyond repair,-,Douglas C-47B-15-DK (DC-3),-,-,1944,-,-, 43-49413, 26674/15229,USAF,Military,-,Fukuoka-Itazuke AFB,FUK,RJFF,Japan,-,-,-,-,-,-,-,-,-,-,-
19511229-0,Saturday,29-DEC-1951,22:25,A1, En route (ENR),"near Salamanca, NY",United States of America,40,26, Damaged beyond repair,-,Curtiss C-46A-50-CU Commando,2,Pratt & Whitney R-2800-51,1944,-,-, N3944C, 30466,Continental Charters,Domestic Non Scheduled Passenger,  44-2,-,-,-,-,-,-,-,-,4,36,3,23,-,-,Final
19511230-0,Sunday,30-DEC-1951,22:07,A1, Approach (APR),"near Fairbanks, AK",United States of America,4,4, Damaged beyond repair,-,Curtiss C-46F-1-CU Commando,2,Pratt & Whitney R-2800-75,1945,-,1937.0, N68963, 22485,Transocean Air Lines,Cargo, 501,Umiat Airport,UMT,PAUM,United States of America,Fairbanks International Airport,FAI,PAFA,United States of America,2,2,2,2,-,-,Final
19511230-1,Sunday,30-DEC-1951,15:38,A1, En route (ENR),"56 km (35 mls) N of Globe, AZ",United States of America,28,28, Damaged beyond repair,-,Douglas VC-47D (DC-3),2,Pratt & Whitney R-1830-90,1945,-,-, 44-76266, 32598/15850,USAF,Military,-,-,-,-,-,-,-,-,-,4,24,4,24,-,-,-
19511231-0,Monday,31-DEC-1951,-,A1, Initial climb (ICL),Calcutta-Dum Dum Airport (CCU),India,3,3, Damaged beyond repair,-,Douglas C-47A-30-DK Dakota III,-,-,1944,-,-, VT-COA, 25304/13859,Kalinga Airlines,Cargo,-,Calcutta-Dum Dum Airport,CCU,VECC,India,-,-,-,-,3,0,3,0,-,-,-
