identifiant,week_day,date,time,type_event,phase,location,country,total_occupants,total_fatalities,aircraft_damage,aircraft_fate,type_aircraft,number_engines,type_engines,first_flight,cycles,total_airframe_hours,registration,c_n_msn,operator,nature,flight_number,departure_airport_name,departure_airport_IATA,departure_airport_ICAO,departure_airport_country,destination_airport_name,destination_airport_IATA,destination_airport_ICAO,destination_airport_country,crew_number,passengers_number,crew_fatalities,passengers_fatalities,collision_casualties,ground_casualties,status
20150102-0,Friday,02-JAN-2015,08:33,A1, Takeoff (TOF),Stornoway Airport (SYY),United Kingdom,29,0, Substantial, Written off (damaged beyond repair),Saab 340B,2,General Electric CT7-9B,1991,-,-, G-LGNL, 340B-246,Loganair,Domestic Scheduled Passenger,BE6821,Stornoway Airport,SYY,EGPO,United Kingdom,Glasgow International Airport,GLA,EGPF,United Kingdom,3,26,0,0,-,-,Final
20150103-0,Saturday,03-JAN-2015,11:19,A1, Takeoff (TOF),Magadan-Sokol Airport (GDX),Russia,10,0, Substantial, Written off (damaged beyond repair),Antonov An-26B-100,2,Ivchenko AI-24VT,1981,6810.0,13698.0, RA-26082, 11705,KAPO Avia,Ferry/positioning,-,Magadan-Sokol Airport,GDX,UHMM,Russia,Mirny Airport,MJZ,UERR,Russia,4,6,0,0,-,-,Final
20150104-0,Sunday,04-JAN-2015,11:02,A1, Landing (LDG),Nairobi-Jomo Kenyatta International Airport (NBO),Kenya,10,0, Substantial,-,Fokker 50,2,Pratt & Whitney Canada PW125B,1989,-,-, 5Y-SIB, 20167,Skyward International Aviation,Cargo,-,Wajir Airport,WJR,HKWJ,Kenya,Nairobi-Wilson Airport,WIL,HKNW,Kenya,4,6,0,0,-,-,Final
20150109-0,Friday,09-JAN-2015,08:28,A2, Landing (LDG),Matthews Ridge Airport (MWJ),Guyana,15,0, Substantial, Repaired,Cessna 208B Grand Caravan,1,Pratt & Whitney Canada PT6A-114A,2004,-,13488.0, 8R-GAB, 208B1070,Trans Guyana Airways,Domestic Scheduled Passenger,TGA103A,Ogle Airport,OGL,SYGO,Guyana,Matthews Ridge Airport,MWJ,SYMR,Guyana,1,14,0,0,-,-,Final
20150110-0,Saturday,10-JAN-2015,11:05,A1, Landing (LDG),Accra-Kotoka Airport (ACC),Ghana,3,0, Substantial, Written off (damaged beyond repair),Boeing 737-43QSF,2,CFMI CFM56-3C1,1996,-,-, ET-AQV, 28493/2838,Ethiopian Airlines,Cargo,KP4016,Lome Airport,LFW,DXXX,Togo,Accra-Kotoka Airport,ACC,DGAA,Ghana,3,0,0,0,-,-,Preliminary
20150111-0,Sunday,11-JAN-2015,13:30,A2, Landing (LDG),Enarotali Airport (EWI),Indonesia,3,0, Substantial,-,de Havilland Canada DHC-6 Twin Otter 300,2,Pratt & Whitney Canada PT6A-27,1980,-,-, PK-YRU, 685,Trigana Air Service,Ferry/positioning,-,Timika-Moses Kilangin (Tembagapura) Airport,TIM,WABP,Indonesia,Enarotali Airport,EWI,WABT,Indonesia,3,0,0,0,-,-,Final
20150112-0,Monday,12-JAN-2015,-,O1, Standing (STD),Hamburg-Fuhlsbüttel Airport (HAM),Germany,-,0, Substantial, Written off (damaged beyond repair),Dornier 328-110,2,Pratt & Whitney Canada PW119B,1994,-,-, D-CIRD, 3011,Sun-Air,-,-,-,-,-,-,-,-,-,-,-,-,0,0,-,-,-
20150115-0,Thursday,15-JAN-2015,01:45,A2, Standing (STD),Coventry-Baginton Airport (CVT),United Kingdom,2,0, Minor, Repaired,British Aerospace ATP-F (LFD),2,Pratt & Whitney Canada PW126,1988,-,-, G-BTPC, 2010,Atlantic Airlines,Cargo,-,Coventry-Baginton Airport,CVT,EGBE,United Kingdom,Dublin Airport,DUB,EIDW,Ireland,2,0,0,0,-,-,Final
20150116-0,Friday,16-JAN-2015,-,A1, Landing (LDG),Los Roques Airport (LRV),Venezuela,10,0, Substantial,-,Britten-Norman BN-2A-8 Islander,-,-,1971,-,-, YV2238, 296,Chapi Air,Passenger,-,-,-,-,-,Los Roques Airport,LRV,SVRS,Venezuela,-,-,0,0,-,-,Preliminary
20150117-0,Saturday,17-JAN-2015,13:35,A1, Takeoff (TOF),Tacloban Airport (TAC),Philippines,16,0, Substantial,-,Bombardier BD-700-1A11 Global 5000,-,-,2009,-,-, RP-C9363, 9363,Challenger Aero Corporation Metro Manila,Executive,-,Tacloban Airport,TAC,RPVA,Philippines,Manila-Ninoy Aquino International Airport,MNL,RPLL,Philippines,2,14,0,0,-,-,Final
20150118-0,Sunday,18-JAN-2015,-,A1, Approach (APR),near Abu adh Dhuhur Air Base,Syria,30,30, Destroyed, Written off (damaged beyond repair),Antonov An-26,-,-,1975,-,-, YK-AND, 3008,Syrian Air Force,Military,-,-,-,-,-,-,-,-,-,6,24,6,24,-,-,Preliminary
20150120-0,Tuesday,20-JAN-2015,15:40,A1, En route (ENR),20 km (12.5 mls) from  Shatyrkul Mine,Kazakhstan,7,6, Damaged beyond repair,-,Antonov An-2P,-,-,1973,-,13080.0, UP-A0314, 1G149-70,Olimp Air,Domestic Non Scheduled Passenger,-,Balkhash Airport,BXH,UAAH,Kazakhstan,-,-,-,-,3,4,3,3,-,-,Preliminary
20150120-1,Tuesday,20-JAN-2015,-,A2, Unknown (UNK),"Dawlatabad District, Balkh Province",Afghanistan,2,0, Substantial,-,IRMA/Pilatus Britten-Norman BN-2T Islander,2,Allison 250-B17C,1986,-,-, ZS-NAT, 2158,Xcel Aviation,Unknown,-,-,-,-,-,-,-,-,-,2,0,0,0,-,-,Preliminary
20150120-2,Tuesday,20-JAN-2015,10:55,A2, Standing (STD),Nürnberg Airport (NUE),Germany,-,0, Substantial, Repaired,Fokker 100,2,Rolls-Royce Tay 650-15,1993,37191.0,51879.0, HB-JVE, 11459,Swiss,International Scheduled Passenger,LX1189,Nürnberg Airport,NUE,EDDN,Germany,Zürich-Kloten Airport,ZRH,LSZH,Switzerland,-,-,0,0,-,-,Final
20150126-0,Monday,26-JAN-2015,16:45,C2, Approach (APR),near Baghdad International Airport (BGW),Iraq,-,0, Minor, Repaired,Boeing 737-8KN (WL),2,CFMI CFM56-7B27E,2013,-,-, A6-FEK, 40282/4738,flydubai,International Scheduled Passenger,FZ215,Dubai Airport,DXB,OMDB,United Arab Emirates,Baghdad International Airport,BGW,ORBI,Iraq,-,-,0,0,-,-,Preliminary
20150129-0,Thursday,29-JAN-2015,-,C1, En route (ENR),off Boca Druif,Aruba,3,3, Damaged beyond repair,-,Canadair CL-600-2A12 Challenger 601,-,-,1983,-,-, N214FW, 3008,Dinama Aircorp,Illegal Flight,-,-,-,-,-,-,-,-,-,3,0,3,0,-,-,-
20150130-0,Friday,30-JAN-2015,-,C1, Standing (STD),Tripoli-Mitiga International Airport (MJI),Libya,0,0, Destroyed, Written off (damaged beyond repair),Ilyushin Il-76T,-,-,1981,-,-, 5A-DNK, 0013430882,Libyan Air Cargo,-,-,-,-,-,-,-,-,-,-,0,0,0,0,-,-,- (No safety board investigation)
20150202-0,Monday,02-FEB-2015,07:36,A1, Landing (LDG),Rhodes/Paradisi-Diagoras Airport (RHO),Greece,19,0, Substantial, Written off (damaged beyond repair),British Aerospace 4100 Jetstream 41,2,Garrett TPE331-14GR,1995,-,28327.0, SX-DIA, 41075,Sky Express,Domestic Scheduled Passenger,GQ100,Heraklion Airport,HER,LGIR,Greece,Rhodes/Paradisi-Diagoras Airport,RHO,LGRP,Greece,3,16,0,0,-,-,Final
20150204-0,Wednesday,04-FEB-2015,10:54,A1, Initial climb (ICL),"5,3 km (3.3 mls) E of Taipei-Songshan Airport (TSA)",Taiwan,58,43, Destroyed, Written off (damaged beyond repair),ATR 72-212A (ATR-72-600),2,Pratt & Whitney Canada PW127M,2014,2356.0,1627.0, B-22816, 1141,TransAsia Airways,Domestic Scheduled Passenger,GE235,Taipei-Songshan Airport,TSA,RCSS,Taiwan,Kinmen-Shang-Yi Airport,KNH,RCBS,Taiwan,5,53,4,39,-,-,Final
20150209-0,Monday,09-FEB-2015,06:15,A2, Taxi (TXI),"Sebastian Municipal Airport, FL",United States of America,1,0, Substantial, Repaired,de Havilland Canada DHC-6 Twin Otter 200,2,Pratt & Whitney Canada PT6A-27,1968,-,-, N30EA, 191,Eagle Air Transport,Ferry/positioning,-,-,-,-,-,George Town-Exuma International Airport,GGT,MYEG,Bahamas,1,0,0,0,-,-,Final
20150209-1,Monday,09-FEB-2015,06:15,A2, Standing (STD),"Sebastian Municipal Airport, FL",United States of America,1,0, Substantial, Repaired,de Havilland Canada DHC-6 Twin Otter 200,2,Pratt & Whitney Canada PT6A-27,1968,-,-, N70EA, 139,Eagle Air Transport,Ferry/positioning,-,-,-,-,-,George Town-Exuma International Airport,GGT,MYEG,Bahamas,1,0,0,0,-,-,Final
20150211-0,Wednesday,11-FEB-2015,14:39,A1, Initial climb (ICL),"4,5 km (2.8 mls) W of Miami Executive Airport, FL (TMB)",United States of America,4,4, Destroyed, Written off (damaged beyond repair),Beechcraft 1900C,2,Pratt & Whitney Canada PT6A-65B,1988,-,35373.0, YV1674, UC-47,Aeropanamericano,Ferry/positioning,-,Miami Executive Airport,TMB,KTMB,United States of America,Providenciales International Airport,PLS,MBPV,Turks and Caicos Islands,2,2,2,2,-,-,Final
20150214-0,Saturday,14-FEB-2015,20:58,A1, Landing (LDG),Malange Airport (MEG),Angola,47,0, Damaged beyond repair,-,Antonov An-32B,-,-,1989,-,-, T-256, 2108,Angolan AF,Military,-,Saurimo Airport,VHC,FNSA,Angola,Luanda Airport,LAD,FNLU,Angola,-,-,0,0,-,-,-
20150214-1,Saturday,14-FEB-2015,15:30,A1, Takeoff (TOF),near Quelimane Airport,Mozambique,6,0, Substantial, Written off (damaged beyond repair),Antonov An-26B-100,-,-,1981,-,-, FA312, 11603 ?,Mozambique AF,Military,-,Quelimane Airport,UEL,FQQL,Mozambique,-,-,-,-,6,0,0,0,-,-,Preliminary
20150218-0,Wednesday,18-FEB-2015,-,O2, Standing (STD),Kiev-Borispol Airport (KBP),Ukraine,-,0, Substantial,-,Antonov An-26B,-,-,1986,-,-, EW-246TG, 14403,Genex,-,-,-,-,-,-,-,-,-,-,-,-,0,0,-,-,-
20150218-1,Wednesday,18-FEB-2015,-,O1, Standing (STD),Kiev-Borispol Airport (KBP),Ukraine,0,0, Substantial,-,Yakovlev Yak-40,-,-,1976,-,-, UR-MIG, 9641250,BPV Group,-,-,-,-,-,-,-,-,-,-,0,0,0,0,-,-,-
20150218-2,Wednesday,18-FEB-2015,14:30,A2, Standing (STD),Sharjah Airport (SHJ),United Arab Emirates,-,0, Substantial,-,Airbus A300B4-605R(F),2,General Electric CF6-80C2A5,1992,-,-, A6-JIM, 643,Unique Air,-,-,-,-,-,-,-,-,-,-,-,0,0,0,-,-,Preliminary
20150218-3,Wednesday,18-FEB-2015,-,O1, Standing (STD),Samara Airport (KUF),Russia,0,0, Damaged beyond repair,-,Tupolev Tu-154B-2,-,-,1983,-,-, RA-85587, 83A587,Russian AF,-,-,-,-,-,-,-,-,-,-,0,0,0,0,-,-,- (No safety board investigation)
20150223-0,Monday,23-FEB-2015,19:54,A2, Landing (LDG),"Guernsey Airport, Channel Islands (GCI)",United Kingdom,51,0, Minor, Repaired,British Aerospace BAe-146-200,4,Lycoming ALF502R-5,1988,-,-, G-RAJJ, E2108,Cello Aviation,Domestic Scheduled Passenger,GR1607,London-Gatwick Airport,LGW,EGKK,United Kingdom,Guernsey Airport,GCI,EGJB,United Kingdom,4,47,0,0,-,-,Final
20150224-0,Tuesday,24-FEB-2015,18:25,A2, Landing (LDG),"Sault Ste. Marie Airport, ON (YAM)",Canada,18,0, Substantial, Repaired,de Havilland Canada DHC-8-102,2,Pratt & Whitney Canada PW120A,1987,-,-, C-GTAI, 078,Air Canada Express,Domestic Scheduled Passenger,AC7795,Toronto-Pearson International Airport,YYZ,CYYZ,Canada,Sault Ste. Marie Airport,YAM,CYAM,Canada,3,15,0,0,-,-,Final
20150224-1,Tuesday,24-FEB-2015,06:12,A2, Taxi (TXI),"Baltimore/Washington International Thurgood Marshall Airport, MD (BWI)",United States of America,1,0, Substantial, Repaired,Cessna 208B Super Cargomaster,1,Pratt & Whitney Canada PT6A-114A,2012,-,1103.0, N989FX, 208B2403,FedEx,Cargo,-,Newark-Liberty International Airport,EWR,KEWR,United States of America,Baltimore/Washington International Thurgood Marshall Airport,BWI,KBWI,United States of America,1,0,0,0,-,-,Final
20150226-0,Thursday,26-FEB-2015,07:45,A2, Standing (STD),"St. John's Airport, NF (YYT)",Canada,2,0, Substantial, Repaired,Boeing 757-28A (PCF),2,Rolls-Royce RB211-535E4,1987,-,-, C-GIAJ, 23767/127,Cargojet Airways,Cargo,W8620,Halifax-Stanfield International Airport,YHZ,CYHZ,Canada,St. John's Airport,YYT,CYYT,Canada,2,0,0,0,-,-,-
20150301-0,Sunday,01-MAR-2015,16:15,A1, Landing (LDG),"Marco Island Airport, FL (MRK)",United States of America,9,0, Substantial, Written off (damaged beyond repair),Canadair CL-600-2B16 Challenger 601-3A,2,General Electric CF34-3A,1983,-,15771.0, N600NP, 3002,Six Hundred NP,Executive,-,Marathon-Florida Keys Airport,MTH,KMTH,United States of America,Marco Island Airport,MRK,KMKY,United States of America,3,6,0,0,-,-,Final
20150304-0,Wednesday,04-MAR-2015,07:44,A1, Landing (LDG),Kathmandu-Tribhuvan Airport (KTM),Nepal,235,0, Substantial, Written off (damaged beyond repair),Airbus A330-303,2,General Electric CF6-80E1A3,2014,732.0,4139.0, TC-JOC, 1522,THY,International Scheduled Passenger,TK726,Istanbul-Atatürk International Airport,IST,LTBA,Turkey,Kathmandu-Tribhuvan Airport,KTM,VNKT,Nepal,11,224,0,0,-,-,Final
20150304-1,Wednesday,04-MAR-2015,15:15,A1, Landing (LDG),Wamena Airport (WMX),Indonesia,2,0, Substantial,-,British Aerospace ATP-F (LFD),2,Pratt & Whitney Canada PW126A,1990,-,-, PK-DGB, 2029,Deraya Air Taxi,Cargo,-,Jayapura-Sentani Airport,DJJ,WAJJ,Indonesia,Wamena Airport,WMX,WAJW,Indonesia,2,0,0,0,-,-,Preliminary
20150305-0,Thursday,05-MAR-2015,11:02,A1, Landing (LDG),"New York-La Guardia Airport, NY (LGA)",United States of America,132,0, Substantial, Written off (damaged beyond repair),McDonnell Douglas MD-88,2,Pratt & Whitney JT8D-219,1987,54865.0,71195.0, N909DL, 49540/1395,Delta Air Lines,Domestic Scheduled Passenger,DL1086,Atlanta Hartsfield-Jackson International Airport,ATL,KATL,United States of America,New York-La Guardia Airport,LGA,KLGA,United States of America,5,127,0,0,-,-,Final
20150305-1,Thursday,05-MAR-2015,19:30,A1, Landing (LDG),Ancona-Falconara Airport (AOI),Italy,3,0, Substantial, Written off (damaged beyond repair),Let L-410UVP-E20,2,Walter M-601E,1991,-,-, E7-WDT, 912615,Icar Air,Cargo,RAC9002,Sarajevo Airport,SJJ,LQSA,Bosnia and Herzegovina,Ancona-Falconara Airport,AOI,LIPY,Italy,3,0,0,0,-,-,Preliminary
20150308-0,Sunday,08-MAR-2015,19:30,A1, Landing (LDG),Hubli Airport (HBX),India,82,0, Substantial,-,de Havilland Canada DHC-8-402Q Dash 8,2,Pratt & Whitney Canada PW150A,2011,9440.0,10224.0, VT-SUA, 4373,SpiceJet,Domestic Scheduled Passenger,SG1085,Bengaluru (Bangalore) International Airport,BLR,VOBL,India,Hubli Airport,HBX,VAHB,India,4,78,0,0,-,-,Final
20150310-0,Tuesday,10-MAR-2015,07:40,A2, Approach (APR),"Muskegon Airport, MI (MKG)",United States of America,1,0, Substantial, Repaired,Cessna 208B Super Cargomaster,1,Pratt & Whitney Canada PT6A-114A,1996,-,-, N12155, 208B0562,Martinaire,Cargo,-,Lansing-Capital City Airport,LAN,KLAN,United States of America,Muskegon Airport,MKG,KMKG,United States of America,1,0,0,0,-,-,Final
20150312-0,Thursday,12-MAR-2015,11:48,A1, Landing (LDG),Blackpool Airport (BLK),United Kingdom,4,0, Substantial, Written off (damaged beyond repair),Raytheon 390 Premier I,2,Williams International FJ44-2A,2005,-,-, G-OOMC, RB-146,Pool Aviation,Int'l Non Scheduled Passenger,-,Avignon-Caum Airport,AVN,LFMV,France,Blackpool Airport,BLK,EGNH,United Kingdom,2,2,0,0,-,-,Final
20150313-0,Friday,13-MAR-2015,14:35,A2, En route (ENR),over Niigata Airport (KIJ),Japan,5,0, Minor, Repaired,Gulfstream G-IV,-,-,1992,-,9964.0, JA001G, 1190,Japan Civil Aviation Bureau,"Aerial Work (Calibration, Photo)",-,Obihiro Airport,OBO,RJCB,Japan,Tokyo-Haneda Airport,HND,RJTT,Japan,5,0,0,0,-,-,Final
20150314-0,Saturday,14-MAR-2015,07:52,A2, Landing (LDG),"Melbourne-Tullamarine Airport, VIC (MEL)",Australia,-,0, Substantial, Repaired,Airbus A330-343,2,Pratt & Whitney PW4170,2011,-,18527.0, 9M-MTA, 1209,Malaysia Airlines,International Scheduled Passenger,MH147,Kuala Lumpur International Airport,KUL,WMKK,Malaysia,Melbourne-Tullamarine Airport,MEL,YMML,Australia,-,-,0,0,-,-,Final
20150319-0,Thursday,19-MAR-2015,-,O1, Standing (STD),Aden International Airport (ADE),Yemen,0,0, Destroyed, Written off (damaged beyond repair),Boeing 747SP-27,-,-,1979,-,-, 7O-YMN, 21786/413,Yemen Government,-,-,-,-,-,-,-,-,-,-,0,0,0,0,-,-,-
20150324-0,Tuesday,24-MAR-2015,10:41,C1, En route (ENR),Prads-Haute-Bléone,France,150,150, Destroyed, Written off (damaged beyond repair),Airbus A320-211,2,CFMI CFM56-5A1,1990,46748.0,58313.0, D-AIPX, 147,Germanwings,International Scheduled Passenger,4U9525,Barcelona-El Prat Airport,BCN,LEBL,Spain,Düsseldorf International Airport,DUS,EDDL,Germany,6,144,6,144,-,-,Final
20150324-1,Tuesday,24-MAR-2015,22:08,A1, En route (ENR),"46 km (28.8 mls) SW off  Goa, India",Indian Ocean,3,2, Damaged beyond repair,-,Dornier 228-201,-,-,1996,-,-, IN240, HAL4079,Indian Navy,Military,-,-,-,-,-,-,-,-,-,3,0,2,0,-,-,Preliminary
20150324-2,Tuesday,24-MAR-2015,15:07,A1, En route (ENR),"Verdigris, OK",United States of America,2,0, Substantial, Written off (damaged beyond repair),Cessna 208B Supervan 900,1,Honeywell TPE331-12JR,1988,-,11443.0, N106BZ, 208B0106,Private,Test,-,Tulsa International Airport,TUL,KTUL,United States of America,Tulsa International Airport,TUL,KTUL,United States of America,1,1,0,0,-,-,Final
20150326-0,Thursday,26-MAR-2015,00:46,A1, En route (ENR),"Promin, Lutsk district, Volyn region",Ukraine,2,2, Destroyed, Written off (damaged beyond repair),Antonov An-2R,1,Shvetsov ASh-62IR,1978,-,-, UR-62681, 1G179-11,Agrotekhservice,Illegal Flight,-,-,-,-,-,-,-,-,-,2,0,2,0,-,-,Final
20150326-1,Thursday,26-MAR-2015,-,C1, Standing (STD),Sana'a-Al Dalaimi Air Base (SAH),Yemen,0,0, Damaged beyond repair,-,CASA CN-235M-300,-,-,2013,-,-, 2211, 188,Yemen AF,Military,-,-,-,-,-,-,-,-,-,0,0,0,0,-,-,-
20150326-2,Thursday,26-MAR-2015,-,C1, Standing (STD),Sana'a-Al Dalaimi Air Base (SAH),Yemen,0,0, Damaged beyond repair,-,Beechcraft 300 Super King Air 350ER,-,-,-,-,-, registration unknown,-,Yemen AF,Military,-,-,-,-,-,-,-,-,-,0,0,0,0,-,-,-
20150329-0,Sunday,29-MAR-2015,00:30,A1, Landing (LDG),"Halifax-Stanfield International Airport, NS (YHZ)",Canada,138,0, Substantial, Written off (damaged beyond repair),Airbus A320-211,2,CFMI CFM56-5A1,1991,-,75103.0, C-FTJP, 233,Air Canada,Domestic Scheduled Passenger,AC624,Toronto-Pearson International Airport,YYZ,CYYZ,Canada,Halifax-Stanfield International Airport,YHZ,CYHZ,Canada,5,133,0,0,-,-,Final
20150331-0,Tuesday,31-MAR-2015,-,O1, Standing (STD),Makhachkala Airport (MCX),Russia,0,0, Damaged beyond repair,-,Antonov An-2T,-,-,-,-,-, RF-00388, 1G160-32,DOSAAF,-,-,-,-,-,-,-,-,-,-,0,0,0,0,-,-,-
20150399-0,-,xx-MAR-2015,-,C1, Standing (STD),Sana'a International Airport (SAH),Yemen,0,0, Destroyed, Written off (damaged beyond repair),Ilyushin Il-76TD,-,-,1992,-,-, 7O-ADO, 1023412402,Barash Aviation,-,-,-,-,-,-,-,-,-,-,0,0,0,0,-,-,-
20150401-0,Wednesday,01-APR-2015,07:25,A2, Taxi (TXI),Dublin Airport (DUB),Ireland,176,0, Minor, Repaired,Boeing 737-8AS (WL),2,CFMI CFM56-7B27,2007,-,-, EI-DWE, 36074/2391,Ryanair,International Scheduled Passenger,FR7312,Dublin Airport,DUB,EIDW,Ireland,Zadar Airport,ZAD,LDZD,Croatia,6,170,0,0,-,-,Final
20150401-1,Wednesday,01-APR-2015,07:25,A2, Taxi (TXI),Dublin Airport (DUB),Ireland,94,0, Minor, Repaired,Boeing 737-8AS (WL),2,CFMI CFM56-7B27,2008,-,-, EI-DYA, 33631/2529,Ryanair,International Scheduled Passenger,FR812,Dublin Airport,DUB,EIDW,Ireland,Edinburgh-Turnhouse Airport,EDI,EGPH,United Kingdom,6,88,0,0,-,-,Final
20150403-0,Friday,03-APR-2015,-,O1, Standing (STD),"Wichita-Colonel James Jabara Airport, KS",United States of America,0,0, Damaged beyond repair,-,Beechcraft 300 Super King Air 350ER,-,-,2014,-,-, N5018S, FL-918,Beechcraft,-,-,-,-,-,-,-,-,-,-,0,0,0,0,-,-,- (No safety board investigation)
20150403-1,Friday,03-APR-2015,-,O1, Standing (STD),"Wichita-Colonel James Jabara Airport, KS",United States of America,0,0, Damaged beyond repair,-,Beechcraft 300 Super King Air 350ER,-,-,2014,-,-, N5019Q, FL-919,Beechcraft,-,-,-,-,-,-,-,-,-,-,0,0,0,0,-,-,- (No safety board investigation)
20150403-2,Friday,03-APR-2015,-,O1, Standing (STD),"Wichita-Colonel James Jabara Airport, KS",United States of America,0,0, Damaged beyond repair,-,Beechcraft 300 Super King Air 350ER,-,-,2014,-,-, N5027X, FL-927,Beechcraft,-,-,-,-,-,-,-,-,-,-,0,0,0,0,-,-,- (No safety board investigation)
20150403-3,Friday,03-APR-2015,-,O1, Standing (STD),"Wichita-Colonel James Jabara Airport, KS",United States of America,0,0, Damaged beyond repair,-,Beechcraft 300 Super King Air 350ER,-,-,2014,-,-, N957ER, FL-957,Beechcraft,-,-,-,-,-,-,-,-,-,-,0,0,0,0,-,-,- (No safety board investigation)
20150403-4,Friday,03-APR-2015,-,O1, Standing (STD),"Wichita-Colonel James Jabara Airport, KS",United States of America,0,0, Damaged beyond repair,-,Beechcraft 300 Super King Air 350ER,-,-,2014,-,-, N958ER, FL-958,Beechcraft,-,-,-,-,-,-,-,-,-,-,0,0,0,0,-,-,- (No safety board investigation)
20150403-5,Friday,03-APR-2015,-,O1, Standing (STD),"Wichita-Colonel James Jabara Airport, KS",United States of America,0,0, Damaged beyond repair,-,Beechcraft 300 Super King Air 350ER,-,-,2000,-,-, N275BT, FL-275,Executive AirShare,-,-,-,-,-,-,-,-,-,-,0,0,0,0,-,-,- (No safety board investigation)
20150403-8,Friday,03-APR-2015,-,A1, Landing (LDG),Barneo Camp Icestrip,Arctic Ocean,17,0, Minor, Written off (damaged beyond repair),Antonov An-74-200,-,-,1995,1690.0,4883.0, RA-74056, 47098951,ShAR,Int'l Non Scheduled Passenger,-,Svalbard-Longyearbyen Airport,LYR,ENSB,Norway,-,-,-,-,7,10,0,0,-,-,-
20150410-0,Friday,10-APR-2015,18:45,A2, En route (ENR),over Caribbean Sea,Atlantic Ocean,2,0, Substantial, Written off (damaged beyond repair),Gulfstream G-IV,2,Rolls-Royce Tay 611,1993,-,7473.0, N450KK, 1225,La Venezolana de Seguros y Vida,Ferry/positioning,-,Caracas-Simón Bolívar International Airport,CCS,SVMI,Venezuela,Fort Lauderdale-Executive Airport,FXE,KFXE,United States of America,2,0,0,0,-,-,Final
20150413-0,Monday,13-APR-2015,07:09,A1, En route (ENR),"11 km (6.9 mls) N of North Vancouver, BC",Canada,2,2, Destroyed, Written off (damaged beyond repair),Swearingen SA226-TC Metro II,2,Garrett TPE331-10UA-511G,1977,-,33244.0, C-GSKC, TC-235,Carson Air,Cargo,CA66,Vancouver International Airport,YVR,CYVR,Canada,Prince George Airport,YXS,CYXS,Canada,2,0,2,0,-,-,Final
20150413-1,Monday,13-APR-2015,13:21,A2, Landing (LDG),Khajuraho Airport (HJR),India,67,0, Substantial, Repaired,Boeing 737-85R,2,CFMI CFM56-7B24,2002,27791.0,37630.0, VT-JGA, 30410/1228,Jet Airways,Domestic Scheduled Passenger,9W2423,Varanasi Airport,VNS,VIBN,India,Khajuraho Airport,HJR,VAKJ,India,8,59,0,0,-,-,Final
20150413-2,Monday,13-APR-2015,12:32,A1, Standing (STD),"Port Hueneme-Point Mugu NAS, CA (NTD)",United States of America,-,0, Damaged beyond repair,-,Lockheed NC-130F Hercules,-,-,1961,-,-, 148897, 3627,USMC,Military,-,Port Hueneme-Point Mugu NAS,NTD,KNTD,United States of America,-,-,-,-,-,-,0,0,-,-,-
20150414-0,Tuesday,14-APR-2015,20:05,A1, Landing (LDG),Hiroshima International Airport (HIJ),Japan,82,0, Substantial, Written off (damaged beyond repair),Airbus A320-232,2,IAE V2527-A5,2007,-,23595.0, HL7762, 3244,Asiana Airlines,International Scheduled Passenger,OZ162,Seoul-Incheon International Airport,ICN,RKSI,South Korea,Hiroshima International Airport,HIJ,RJOA,Japan,8,74,0,0,-,-,Final
20150416-0,Thursday,16-APR-2015,22:45,A2, En route (ENR),"near Rifle-Garfield County Airport, CO (RIL)",United States of America,1,0, Substantial, Repaired,Swearingen SA227-AC Metro III,2,Garrett TPE331-11U-612G,1986,-,-, N2691W, AC-655B,Key Lime Air,Cargo,KG168,-,-,-,-,Denver International Airport,DEN,KDEN,United States of America,1,0,0,0,-,-,Preliminary - official
20150421-0,Tuesday,21-APR-2015,12:18,A1, Maneuvering (MNV),"76 km (47.5 mls) S of Valparaiso-Eglin AFB, FL (VPS)",United States of America,8,0, Substantial, Written off (damaged beyond repair),Lockheed AC-130J Ghostrider,-,-,2012,-,-, 09-5710, 5710,USAF,Military,-,Valparaiso-Eglin AFB,VPS,KVPS,United States of America,Valparaiso-Eglin AFB,VPS,KVPS,United States of America,8,0,0,0,-,-,Final
20150425-0,Saturday,25-APR-2015,10:41,A1, Landing (LDG),Istanbul-Atatürk International Airport (IST),Turkey,-,0, Substantial, Written off (damaged beyond repair),Airbus A320-232,2,IAE V2527-A5,2006,-,-, TC-JPE, 2941,THY,Domestic Scheduled Passenger,TK1878,Milano-Malpensa Airport,MXP,LIMC,Italy,Istanbul-Atatürk International Airport,IST,LTBA,Turkey,-,97,0,0,-,-,Preliminary
20150425-1,Saturday,25-APR-2015,17:10,A1, Landing (LDG),Maracaibo-La Chinita International Airport (MAR),Venezuela,5,0, Damaged beyond repair,-,Beechcraft 200 Super King Air,-,-,1980,-,-, YV2803, BB-506,SATA,Unknown,-,-,-,-,-,Maracaibo-La Chinita International Airport,MAR,SVMC,Venezuela,-,-,0,0,-,-,Preliminary
20150425-2,Saturday,25-APR-2015,17:50,A2, Maneuvering (MNV),37 km (23.1 mls) S of Portland Bill,United Kingdom,3,0, Substantial, Repaired,Dassault Falcon 20D,-,-,1969,-,-, G-FRAK, 213,Cobham Aviation Services,Military,-,Bournemouth International Airport,BOH,EGHH,United Kingdom,Bournemouth International Airport,BOH,EGHH,United Kingdom,3,0,0,0,-,-,Final
20150428-0,Tuesday,28-APR-2015,-,C1, Standing (STD),Sana'a International Airport (SAH),Yemen,0,0, Destroyed, Written off (damaged beyond repair),Canadair CL-600-2C10 Regional Jet CRJ-702ER,2,General Electric CF34-8C5B1,2008,-,-, 7O-FAA, 10267,Felix Airways,-,-,-,-,-,-,-,-,-,-,0,0,0,0,-,-,- (No safety board investigation)
20150428-1,Tuesday,28-APR-2015,14:55,A2, Maneuvering (MNV),"40 km (25 mls) NE off  Ashizuri Cape, Japan",Pacific Ocean,19,0, Substantial,-,ShinMaywa US-2,-,-,-,-,-, 9905, 4005,Japanese Navy,Military,-,-,-,-,-,-,-,-,-,-,-,0,0,-,-,Preliminary
20150430-0,Thursday,30-APR-2015,18:25,A2, Takeoff (TOF),"Bellevue-Offutt AFB, NE (OFF)",United States of America,27,0, Substantial,-,Boeing RC-135V Rivet Joint,-,-,1965,-,-, 64-14848, 18788,USAF,Military,SNOOP71,Bellevue-Offutt AFB,OFF,KOFF,United States of America,Bellevue-Offutt AFB,OFF,KOFF,United States of America,27,0,0,0,-,-,-
20150502-0,Saturday,02-MAY-2015,04:35,A2, Takeoff (TOF),Katowice-Pyrzowice Airport (KTW),Poland,-,0, Substantial, Repaired,Boeing 737-330,2,CFMI CFM56-3B1,1991,-,-, D-ABEK, 25414/2164,Lufthansa,International Scheduled Passenger,LH2403,Katowice-Pyrzowice Airport,KTW,EPKT,Poland,Frankfurt International Airport,FRA,EDDF,Germany,-,-,0,0,-,-,Preliminary - official
20150504-0,Monday,04-MAY-2015,-,C1, Standing (STD),Sana'a International Airport (SAH),Yemen,0,0, Destroyed, Written off (damaged beyond repair),Ilyushin Il-76TD,-,-,1993,-,-, 7O-ADG, 1033415497,Yemen AF,-,-,-,-,-,-,-,-,-,-,0,0,0,0,-,-,- (No safety board investigation)
20150509-0,Saturday,09-MAY-2015,12:57,A1, Approach (APR),ca 4 km NE of Sevilla Airport (SVQ),Spain,6,4, Destroyed, Written off (damaged beyond repair),Airbus A400M Atlas,4,Europrop TP400-D6,2015,0.0,0.0, EC-403, 023,Airbus Industrie,Test,-,Sevilla Airport,SVQ,LEZL,Spain,Sevilla Airport,SVQ,LEZL,Spain,6,0,4,0,-,-,Preliminary
20150509-1,Saturday,09-MAY-2015,-,O1, Standing (STD),Dahra Oilfield,Libya,0,0, Damaged beyond repair,-,British Aerospace BAe-146-300,-,-,1991,-,-, 5A-DKQ, E3191, Air Libya,-,-,-,-,-,-,-,-,-,-,0,0,0,0,-,-,-
20150510-0,Sunday,10-MAY-2015,11:57,A1, Landing (LDG),Fuzhou Airport (FOC),China,52,0, Damaged beyond repair,-,Xian MA60,2,Pratt & Whitney Canada PW127J,2011,-,-, B-3476, 0805,Joy Air,Domestic Scheduled Passenger,JR1529,Yiwu Airport,YIW,ZSYW,China,Fuzhou Airport,FOC,ZSFZ,China,7,45,0,0,-,-,Preliminary
20150510-1,Sunday,10-MAY-2015,14:33,A1, Initial climb (ICL),"Azov district, Rostov Oblast",Russia,13,0, Destroyed, Written off (damaged beyond repair),Antonov An-2,-,-,-,-,-, RF-01159, 1G108-24,DOSAAF,Parachuting,-,-,-,-,-,-,-,-,-,1,12,0,0,-,-,Preliminary
20150516-0,Saturday,16-MAY-2015,16:35,A1, En route (ENR),"116 km (72.5 mls) off  Klaipeda, Lithuania [Baltic Sea]",Atlantic Ocean,2,2, Damaged beyond repair,-,Antonov An-2R,1,Shvetsov ASh-62IR,1981,26031.0,6920.0, LY-AET, 1G192-07,Klaipedos avialinijos,Ferry/positioning,-,-,-,-,-,Klaipeda Airport,KLJ,EYKL,Lithuania,2,0,2,0,-,-,Preliminary
20150516-1,Saturday,16-MAY-2015,15:48,A2, Landing (LDG),"Carlsbad-McClellan-Palomar Airport, CA (CLD)",United States of America,1,0, Substantial, Repaired,Beechcraft B200 King Air,2,Pratt & Whitney Canada PT6A-52,1996,-,3962.0, N505SP, BB-1538,N505SP,Private,-,Palm Springs International Airport,PSP,KPSP,United States of America,Santa Ana-John Wayne International Airport,SNA,KSNA,United States of America,1,0,0,0,-,-,Final
20150518-0,Monday,18-MAY-2015,09:12,A1, En route (ENR),"Sanamer, Stavropol Territory",Russia,1,0, Substantial, Written off (damaged beyond repair),Antonov An-2R,1,Shvetsov ASh-62IR,1979,-,-, RA-56528, 1G183-28,private,Ferry/positioning,-,-,-,-,-,-,-,-,-,1,0,0,0,-,-,Final
20150519-0,Tuesday,19-MAY-2015,-,A1, Landing (LDG),Mandeng Airstrip,South Sudan,-,0, Substantial,-,Cessna 208B Caravan I,1,Pratt & Whitney Canada PT6A-114A,1994,-,-, 5Y-NKV, 208B0387,Airworks,Domestic Non Scheduled Passenger,-,Juba Airport,JUB,HSSJ,South Sudan,-,-,-,-,-,-,0,0,-,-,Preliminary
20150520-0,Wednesday,20-MAY-2015,-,C1, En route (ENR),off Puerto Colombia,Colombia,4,4, Damaged beyond repair,-,British Aerospace BAe-125-700A,-,-,1981,-,-, (N917TF), 257138,Unknown,Illegal Flight,-,-,-,-,-,-,-,-,-,-,-,-,-,-,-,Preliminary
20150530-0,Saturday,30-MAY-2015,15:58,A2, Landing (LDG),Sendai Airport (SDJ),Japan,8,0, Substantial, Repaired,de Havilland Canada DHC-8-315Q MPA,2,Pratt & Whitney Canada PW123E,2002,-,16204.0, JA727B, 586,Japan Coast Guard,Training,-,Hanamaki Airport,HNA,RJSI,Japan,Sendai Airport,SDJ,RJSS,Japan,8,0,0,0,-,-,Final
20150602-0,Tuesday,02-JUN-2015,14:25,A1, En route (ENR),near Querétaro Airport (QRO),Mexico,5,5, Destroyed, Written off (damaged beyond repair),Swearingen SA226-TC Metro II,2,Garrett TPE331-10UA-511G,1980,37207.0,26985.0, XA-UKP, TC-376,Aeronaves TSM,Test,-,Querétaro Intercontinental Airport,QRO,MMQT,Mexico,Querétaro Intercontinental Airport,QRO,MMQT,Mexico,2,3,2,3,-,-,Final
20150604-0,Thursday,04-JUN-2015,12:30,A2, En route (ENR),"near Skwentna, AK",United States of America,1,0, Substantial,-,de Havilland Canada DHC-3T Texas Turbine Otter,1,Garrett TPE331,1960,-,-, N3125N, 394,Alaska Air Taxi,Cargo,-,Anchorage-Ted Stevens International Airport,ANC,PANC,United States of America,-,-,-,-,1,0,0,0,-,-,Final
20150608-0,Monday,08-JUN-2015,21:30,A1, En route (ENR),30 km (18.8 mls) off  Pichavaram,Indian Ocean,3,3, Damaged beyond repair,-,Dornier 228,-,-,-,-,-, CG-791,-,Indian Coast Guard,Military,-,Chennai Airport,MAA,VOMM,India,Chennai Airport,MAA,VOMM,India,3,0,3,0,-,-,Preliminary
20150610-0,Wednesday,10-JUN-2015,15:46,A2, Landing (LDG),Konan Airport (OKS),Japan,1,0, Substantial,-,Cessna 525A CitationJet CJ2+,2,Williams International FJ44,2007,-,756.0, JA021R, 525A-0380,Auto Panther,Ferry/positioning,-,Tokyo-Haneda Airport,HND,RJTT,Japan,Konan Airport,OKS,RJBK,Japan,1,0,0,0,-,-,Final
20150611-0,Thursday,11-JUN-2015,16:53,A2, Taxi (TXI),Male International Airport (MLE) ?,Maldives,-,0, Minor,-,de Havilland Canada DHC-6 Twin Otter 300,2,Pratt & Whitney Canada PT6A-27,1978,-,-, 8Q-TMG, 597,Trans Maldivian Airways,Unknown,-,-,-,-,-,-,-,-,-,-,-,0,0,-,-,Preliminary
20150611-1,Thursday,11-JUN-2015,16:53,A2, Standing (STD),Male International Airport (MLE) ?,Maldives,-,0, Substantial, Repaired,de Havilland Canada DHC-6 Twin Otter 300,2,Pratt & Whitney Canada PT6A-27,1978,-,-, 8Q-MAP, 571,Trans Maldivian Airways,Unknown,-,-,-,-,-,-,-,-,-,-,-,0,0,-,-,Preliminary
20150611-2,Thursday,11-JUN-2015,17:30,A2, Taxi (TXI),"Sacramento-Executive Airport, CA (SAC)",United States of America,4,0, Substantial, Repaired,Eclipse 500,2,Pratt & Whitney Canada PW617F-A,2006,-,1275.0, N508JA, 000001,Memly Aviation,Executive,-,Sacramento-Executive Airport,SAC,KSAC,United States of America,San Francisco International Airport,SFO,KSFO,United States of America,2,2,0,0,-,-,Final
20150611-3,Thursday,11-JUN-2015,18:36,A1, Landing (LDG),Port Harcourt Airport (PHC),Nigeria,5,0, Substantial, Written off (damaged beyond repair),Hawker 800XP,-,-,1999,6817.0,8559.0, N497AG, 258439,Swat Technology,Executive,-,Abuja International Airport,ABV,DNAA,Nigeria,Port Harcourt Airport,PHC,DNPO,Nigeria,3,2,0,0,-,-,-
20150612-0,Friday,12-JUN-2015,20:03,I2, Approach (APR),"5,3 km (3.3 mls) SW of Kosrae Airport (KSA)",Micronesia,76,0, None,-,Boeing 737-33A,2,CFMI CFM56-3B1,1987,-,-, VH-NLK, 23635/1436,Nauru Airlines,International Scheduled Passenger,-,Majuro-Amata Kabua International Airport,MAJ,PKMJ,Marshall Islands,Kosrae Airport,KSA,PTSA,Micronesia,7,69,0,0,-,-,Final
20150615-0,Monday,15-JUN-2015,07:54,A1, Maneuvering (MNV),"Tatsinsky district, Rostov Oblast",Russia,2,0, Destroyed, Written off (damaged beyond repair),Antonov An-2R,1,Shvetsov ASh-62IR,1980,-,9645.0, RA-84553, 1G189-20,Vodoley,Agricultural,-,-,-,-,-,-,-,-,-,1,1,0,0,-,-,Final
20150616-0,Tuesday,16-JUN-2015,19:00,O1, Standing (STD),Aktau Airport (SCO),Kazakhstan,-,0, Damaged beyond repair,-,Boeing 737-322 (WL),2,CFMI CFM56-3C1,1990,-,-, LY-FLB, 24667/1893,SCAT,International Scheduled Passenger,DV831,Aktau Airport,SCO,UATE,Kazakhstan,Mineralnye Vody Airport,MRV,URMM,Russia,-,0,0,0,-,-,- (No safety board investigation)
20150617-0,Wednesday,17-JUN-2015,07:00,A1, En route (ENR),over China,China,388,0, Substantial, Written off (damaged beyond repair),Boeing 747-451,4,Pratt & Whitney PW4056,1989,-,-, N664US, 23819/721,Delta Air Lines,International Scheduled Passenger,DL159,Detroit-Metropolitan Wayne County Airport,DTW,KDTW,United States of America,Seoul-Incheon International Airport,ICN,RKSI,South Korea,-,-,0,0,-,-,Preliminary
20150619-0,Friday,19-JUN-2015,16:53,A1, En route (ENR),"near Kezhma, Kezhemsk district, Krasnoyarsk Territory",Russia,4,0, Substantial, Written off (damaged beyond repair),Antonov An-2R,1,Shvetsov ASh-62IR,1985,9346.0,5824.0, RA-40646, 1G213-53,Vostok Aviakompania,Survey/research,-,-,-,-,-,-,-,-,-,2,2,0,0,-,-,Final
20150622-0,Monday,22-JUN-2015,16:45,A2, Takeoff (TOF),"Grosse Ile Municipal Airport, MI",United States of America,4,0, Substantial, Repaired,Learjet 35A,2,Garrett TFE731-2-2B,1991,-,6000.0, N640BA, 35-664,Beta Aire,Executive,-,-,-,-,-,Chicago-Midway Airport,MDW,KMDW,United States of America,2,2,0,0,-,-,Final
20151204-1,Friday,04-DEC-2015,14:20,A1, Landing (LDG),"Palm Springs International Airport, CA (PSP)",United States of America,2,0, Minor, Written off (damaged beyond repair),British Aerospace BAe-125-800SP,-,-,1986,-,2500.0, N164WC, 258072,WC Leasing Corp.,Ferry/positioning,-,Palm Springs International Airport,PSP,KPSP,United States of America,Boise Airport,BOI,KBOI,United States of America,2,0,0,0,-,-,- (No safety board investigation)
20151207-0,Monday,07-DEC-2015,10:57,A1, En route (ENR),"33 km (20.6 mls) SW of Swellendam, Western Cape",South Africa,1,1, Destroyed, Written off (damaged beyond repair),Eclipse 500,2,Pratt & Whitney Canada PW617F-A,2008,-,714.0, ZS-DKS, 000142,Dixco Transport,Private,-,Lanseria Airport,HLA,FALA,South Africa,Cape Town International Airport,CPT,FACT,South Africa,1,0,1,0,-,-,Final
20151210-0,Thursday,10-DEC-2015,17:05,A2, Landing (LDG),"Chicago-Executive Airport, IL (PWK)",United States of America,7,0, Substantial, Repaired,Raytheon 390 Premier I,2,Williams International FJ44-2A,2008,-,2414.0, N50VM, RB-229,Sky Mast,Domestic Non Scheduled Passenger,-,Belmar/Farmingdale-Monmouth Executive Airport,BLM,KBLM,United States of America,Chicago-Executive Airport,PWK,KPWK,United States of America,2,5,0,0,-,-,Final
20151211-0,Friday,11-DEC-2015,09:10,A1, En route (ENR),"28 km (17.5 mls) NE of Pickle Lake Airport, ON",Canada,1,1, Destroyed, Written off (damaged beyond repair),Cessna 208B Grand Caravan,1,Pratt & Whitney Canada PT6A-114A,1990,58324.0,36073.0, C-FKDL, 208B0240,Wasaya Airways,Cargo,WSG127,Pickle Lake Airport,YPL,CYPL,Canada,-,-,-,-,1,0,1,0,-,-,Final
20151211-1,Friday,11-DEC-2015,11:06,A1, Landing (LDG),Oyonnax-Arbent Airport,France,6,0, Substantial, Written off (damaged beyond repair),Cessna 550 Citation II,-,-,1991,-,-, M-AGGY, 550-0690,MEVA,Private,-,Saint Brieuc-Tremuson Airport,SBK,LFRT,France,-,-,-,-,2,4,0,0,-,-,Final
20151215-0,Tuesday,15-DEC-2015,17:23,A1, Taxi (TXI),"Nashville International Airport, TN (BNA)",United States of America,138,0, Substantial,-,Boeing 737-3H4 (WL),2,CFMI CFM56-3B1,1997,-,58630.0, N649SW, 27719/2894,Southwest Airlines,Domestic Scheduled Passenger,WN31,Houston-William P. Hobby Airport,HOU,KHOU,United States of America,Nashville International Airport,BNA,KBNA,United States of America,5,133,0,0,-,-,Final
20151215-1,Tuesday,15-DEC-2015,20:19,A2, Landing (LDG),Newcastle Airport (NCL),United Kingdom,23,0, Minor, Repaired,Embraer EMB-145MP (ERJ-145MP),2,Allison AE3007A1/1,2000,-,-, G-CGWV, 145362,Eastern Airways,Domestic Scheduled Passenger,-,London-Stansted Airport,STN,EGSS,United Kingdom,Newcastle Airport,NCL,EGNT,United Kingdom,4,19,0,0,-,-,Final
20151221-0,Monday,21-DEC-2015,17:46,A1, Landing (LDG),Kupang-El Tari Airport (KOE),Indonesia,125,0, Substantial,-,Embraer ERJ 190-200 LR  (ERJ-195LR),2,General Electric CF34-10E7,2006,14765.0,16862.0, PK-KDC, 19000057,KalStar Aviation,Domestic Scheduled Passenger,KD676,Ende-H. Hasan Aroeboesman Airport,ENE,WATE,Indonesia,Kupang-El Tari Airport,KOE,WATT,Indonesia,5,120,0,0,-,-,Final
20151222-0,Tuesday,22-DEC-2015,09:40,A1, Initial climb (ICL),Delhi-Indira Gandhi International Airport (DEL),India,10,10, Destroyed, Written off (damaged beyond repair),Beechcraft B200 Super King Air,2,Pratt & Whitney Canada PT6A-42,1994,2745.0,4766.0, VT-BSA, BB-1485,Border Security Force,Military,-,Delhi-Indira Gandhi International Airport,DEL,VIDP,India,Ranchi Airport,IXR,VERC,India,3,7,3,7,-,-,Final
20151223-0,Wednesday,23-DEC-2015,14:15,A1, Landing (LDG),"Telluride Airport, CO (TEX)",United States of America,7,0, Damaged beyond repair,-,Raytheon Beechjet 400A,2,Pratt & Whitney Canada JT15D,2004,-,5744.0, XA-MEX, RK-396,Aerolíneas Ejecutivas,Domestic Non Scheduled Passenger,-,El Paso International Airport,ELP,KELP,United States of America,Telluride Airport,TEX,KTEX,United States of America,2,5,0,0,-,-,Final
20151223-1,Wednesday,23-DEC-2015,02:15,C2, Standing (STD),Istanbul-Sabiha Gökçen International Airport (SAW),Turkey,-,0, Substantial, Repaired,Boeing 737-86J (WL),2,CFMI CFM56-7B26E,2011,-,-, TC-CPV, 36884/3732,Pegasus Airlines,-,-,-,-,-,-,-,-,-,-,-,-,0,0,-,1,Preliminary
20151224-0,Thursday,24-DEC-2015,08:35,A2, Taxi (TXI),Istanbul-Atatürk International Airport (IST),Turkey,166,0, Substantial, Repaired,Airbus A310-308,2,General Electric CF6-80C2A8,1991,-,-, EP-MNP, 620,Mahan Air,International Scheduled Passenger,W5112,Tehran-Imam Khomeini International Airport,IKA,OIIE,Iran,Istanbul-Atatürk International Airport,IST,LTBA,Turkey,-,-,0,0,-,-,Preliminary
20151224-1,Thursday,24-DEC-2015,16:30,A2, Landing (LDG),Mbuji-Mayi Airport (MJM),Democratic Republic of the Congo,5,0, Substantial,-,Airbus A310-304F,2,General Electric CF6-80C2A2,1986,-,-, 9Q-CVH, 413, Serve Air,Cargo,-,Lubumbashi-Luano Airport,FBM,FZQA,Democratic Republic of the Congo,Mbuji-Mayi Airport,MJM,FZWA,Democratic Republic of the Congo,5,0,0,0,-,8,Preliminary
20151226-0,Saturday,26-DEC-2015,19:30,A2, Landing (LDG),Antananarivo-Ivato Airport (TNR),Madagascar,-,0, Substantial, Repaired,ATR 72-212A (ATR-72-500),2,Pratt & Whitney Canada PW127F,2005,-,-, 5R-MJE, 694,Air Madagascar,Domestic Scheduled Passenger,MD822,Mahajanga-Amborovy Airport,MJN,FMNM,Madagascar,Antananarivo-Ivato Airport,TNR,FMMI,Madagascar,-,-,0,0,-,-,Preliminary - official
20151230-0,Wednesday,30-DEC-2015,09:00,A1, Landing (LDG),"Gary Regional Airport, IN (GYY)",United States of America,9,0, Substantial, Written off (damaged beyond repair),Beechcraft 200 Super King Air,2,Pratt & Whitney Canada PT6A-42,1980,-,6589.0, N999VB, BB-645,Cobb Aviation Services,Domestic Non Scheduled Passenger,-,Springfield-Abraham Lincoln Capital Airport,SPI,KSPI,United States of America,Gary Regional Airport,GYY,KGYY,United States of America,1,8,0,0,-,-,Final
20150625-0,Thursday,25-JUN-2015,12:16,A1, En route (ENR),"near Ella Lake, Misty Fjords National Monument, AK",United States of America,9,9, Destroyed, Written off (damaged beyond repair),de Havilland Canada DHC-3T Vazar Turbine Otter,1,Pratt & Whitney Canada PT6A-135A,1958,-,-, N270PA, 270,Promech Air,Domestic Non Scheduled Passenger,-,-,-,-,-,-,-,-,-,1,8,1,8,-,-,Final
20150625-1,Thursday,25-JUN-2015,13:09,A2, Unknown (UNK),"Okcheon, North Chungcheong Province",South Korea,4,0, Substantial,-,Antonov An-2,-,-,-,-,-, HL1090,-,South Korea AF,Military,-,-,-,-,-,-,-,-,-,4,0,0,0,-,-,Preliminary
20150629-0,Monday,29-JUN-2015,19:54,A2, Landing (LDG),"Kapolei-Kalaeloa Airport, HI (JRF)",United States of America,2,0, Substantial, Repaired,Shorts 360-300,2,Pratt & Whitney Canada PT6A-67R,1987,-,-, N221LM, SH.3722,Transair (Cargo),Training,-,Honolulu International Airport,HNL,PHNL,United States of America,Kapolei-Kalaeloa Airport,JRF,PHJR,United States of America,2,0,0,0,-,-,Final
20150630-0,Tuesday,30-JUN-2015,11:50,A1, Initial climb (ICL),"4,7 km (2.9 mls) SW of Medan-Soewondo Air Force Base (MES)",Indonesia,122,122, Destroyed, Written off (damaged beyond repair),Lockheed C-130B Hercules,4,Allison T56-A-7,1961,-,-, A-1310, 3616,Indonesian AF,Military,-,Medan-Soewondo Air Force Base,MES,WIMK,Indonesia,Tanjung Pinang-Kidjang Airport,TNJ,WIDN,Indonesia,12,110,12,110,-,17,Preliminary
20150630-1,Tuesday,30-JUN-2015,08:00,A1, Takeoff (TOF),"Salt Lake City International Airport, UT (SLC)",United States of America,2,0, Substantial, Written off (damaged beyond repair),Beechcraft C99 Commuter,-,-,1981,-,31957.0, N6199D, U-169,Ameriflight,Cargo,-,Salt Lake City International Airport,SLC,KSLC,United States of America,Ely Airport,LYU,KELO,United States of America,2,0,0,0,-,-,Final
20150702-0,Thursday,02-JUL-2015,17:33,A2, Landing (LDG),"ca 3 km SE off Kuredu Island Resort, Lhaviyani Atoll",Maldives,14,0, Substantial, Repaired,de Havilland Canada DHC-6 Twin Otter 300,2,Pratt & Whitney Canada PT6A-27,1974,-,24123.0, 8Q-MAN, 435,Trans Maldivian Airways,Domestic Scheduled Passenger,-,-,-,-,-,-,-,-,-,3,11,0,0,-,-,Final
20150703-0,Friday,03-JUL-2015,-,O1, Standing (STD),"off Orange Beach, AL",United States of America,0,0, Damaged beyond repair,-,Consolidated PBY-6A Catalina,2,Wright R-2600-35,1945,-,-, N85U, 2111,Flying Firemen,-,-,-,-,-,-,-,-,-,-,0,0,0,0,-,-,- (No safety board investigation)
20150707-0,Tuesday,07-JUL-2015,08:00,A1, En route (ENR),near Dubai-Skydive Dubai Campus,United Arab Emirates,15,0, Destroyed, Written off (damaged beyond repair),Cessna 208B Grand Caravan,1,Pratt & Whitney Canada PT6A-114A,2005,-,-, DU-SD1, 208B1141,Skydive Dubai,Parachuting,-,-,-,-,-,-,-,-,-,1,14,0,0,-,-,Preliminary
20150707-1,Tuesday,07-JUL-2015,-,A1, Unknown (UNK),Baghdad International Airport (BGW),Iraq,-,0, Substantial, Written off (damaged beyond repair),Lockheed C-130H Hercules,-,-,1980,-,-, 79-0478, 4858,USAF,Military,-,-,-,-,-,-,-,-,-,-,-,0,0,-,-,-
20150714-0,Tuesday,14-JUL-2015,-,A2, Standing (STD),Goma Airport (GOM),Democratic Republic of the Congo,-,0, Substantial,-,Fokker 50,2,Pratt & Whitney Canada PW125B,1990,-,-, 9Q-CJB, 20205, CAA,Test,-,Goma Airport,GOM,FZNA,Democratic Republic of the Congo,Goma Airport,GOM,FZNA,Democratic Republic of the Congo,-,0,0,0,-,-,Preliminary
20150717-0,Friday,17-JUL-2015,14:56,A2, En route (ENR),Chelyabinsk Airport (CEK),Russia,14,0, Substantial,-,Antonov An-12BK,-,-,1968,-,-, RF-94291, 8345806,Russian AF,Military,-,Omsk Airport,OMS,UNOO,Russia,Chkalovsky Airport,CKL,UUMU,Russia,7,7,0,0,-,-,-
20150717-1,Friday,17-JUL-2015,13:05,A2, En route (ENR),"near Faraklo, Laconia",Greece,3,0, Substantial,-,Canadair CL-215-1A10,2,Pratt & Whitney R-2800-83AM,1980,-,-, 1070, 1070,Hellenic AF,Fire fighting,-,-,-,-,-,-,-,-,-,3,0,0,0,-,-,-
20150717-2,Friday,17-JUL-2015,13:51,A2, Landing (LDG),Ladowisko Chrcynno Airfield,Poland,1,0, Substantial, Repaired,Cessna 208B Grand Caravan,1,Pratt & Whitney Canada PT6A-114A,2000,-,-, SP-WAW, 208B0854,Aeroklub Warszawski,Parachuting,-,-,-,-,-,-,-,-,-,1,0,0,0,-,-,Preliminary - official
20150719-0,Sunday,19-JUL-2015,22:22,A2, Landing (LDG),Glasgow International Airport (GLA),United Kingdom,207,0, Substantial, Repaired,Airbus A321-231,2,IAE V2533-A5,2004,-,-, G-EUXF, 2324,British Airways,Domestic Scheduled Passenger,BA1498,London-Heathrow Airport,LHR,EGLL,United Kingdom,Glasgow International Airport,GLA,EGPF,United Kingdom,7,200,0,0,-,-,Final
20150719-1,Sunday,19-JUL-2015,-,A1, Landing (LDG),Panama City-Tocumen International Airport (PTY),Panama,-,0, Substantial, Written off (damaged beyond repair),Learjet 35A,-,-,1979,-,-, YV543T, 35-246,private,Unknown,-,-,-,-,-,Panama City-Tocumen International Airport,PTY,MPTO,Panama,-,-,0,0,-,-,Preliminary
20150722-0,Wednesday,22-JUL-2015,14:10,A2, Standing (STD),"West Palm Beach International Airport, FL (PBI)",United States of America,2,0, Substantial, Repaired,Canadair CL-600-2B16 Challenger 601-3A,2,General Electric CF34-3A1,1992,-,-, N613PJ, 5123,Paragon Jets,Ferry/positioning,-,West Palm Beach International Airport,PBI,KPBI,United States of America,Opa-Locka Airport,OPF,KOPF,United States of America,2,0,0,0,-,-,Final
20150723-0,Thursday,23-JUL-2015,20:45,A2, Initial climb (ICL),"Baltimore/Washington International Thurgood Marshall Airport, MD (BWI)",United States of America,7,0, Substantial, Repaired,IAI 1125 Astra,2,Garrett TFE731-3C-20,1986,-,8668.0, N765A, 011,Mountain Air Services,Executive,-,Baltimore/Washington International Thurgood Marshall Airport,BWI,KBWI,United States of America,Chicago-Executive Airport,PWK,KPWK,United States of America,2,5,0,0,-,-,Final
20150724-0,Friday,24-JUL-2015,19:00,A1, Landing (LDG),Yangon-Mingaladon Airport (RGN),Myanmar,54,0, Substantial, Written off (damaged beyond repair),ATR 72-212,2,Pratt & Whitney Canada PW127F,1995,43954.0,40827.0, XY-AIH, 469,Air Bagan,Domestic Scheduled Passenger,W9424,Mandalay-Annisaton Airport,MDL,VYMD,Myanmar,Yangon-Mingaladon Airport,RGN,VYYY,Myanmar,5,49,0,0,-,-,Final
20150727-0,Monday,27-JUL-2015,-,A2, Takeoff (TOF),"Lagoa Santa Air Base, MG",Brazil,3,0, Substantial,-,Embraer C-95BM Bandeirante (EMB-110),-,-,1984,-,-, 2326, 110443,Brazilian AF,Military,-,-,-,-,-,-,-,-,-,3,0,0,0,-,-,Preliminary
20150731-0,Friday,31-JUL-2015,15:08,A1, Landing (LDG),Blackbushe Airport (BBS/EGLK),United Kingdom,4,4, Destroyed, Written off (damaged beyond repair),Embraer EMB-505 Phenom 300,2,Pratt & Whitney Canada PW535E,2010,1377.0,2409.0, HZ-IBN, 50500040,Salem Aviation,Private,-,Milano-Malpensa Airport,MXP,LIMC,Italy,Blackbushe Airport,BBS,EGLK,United Kingdom,1,3,1,3,-,-,Final
20150731-1,Friday,31-JUL-2015,18:10,A1, Landing (LDG),Moskva-Domodedovo Airport (DME),Russia,31,0, Damaged beyond repair,-,Embraer EMB-120ER Brasilia,2,Pratt & Whitney Canada PW118,1990,-,-, VQ-BBX, 120205,RusLine,Domestic Scheduled Passenger,7R226,Ulyanovsk/Baratayevka Airport,ULV,UWLL,Russia,Moskva-Domodedovo Airport,DME,UUDD,Russia,3,28,0,0,-,-,Preliminary
20150731-2,Friday,31-JUL-2015,-,A1, En route (ENR),near Codazzi,Colombia,11,11, Destroyed, Written off (damaged beyond repair),CASA CN-235M-200,-,-,1997,-,-, FAC-1261, C-118,Colombian AF,Military,-,Palanquero-German Olano Air Base,PQE,SKPQ,Colombia,Valledupar Airport,VUP,SKVP,Colombia,11,0,11,0,-,-,Preliminary
20150801-0,Saturday,01-AUG-2015,-,A1, Takeoff (TOF),Stancuta,Romania,2,1, Damaged beyond repair,-,Antonov An-2R,-,-,1982,-,-, YR-PEG, 1G197-44,Aero West,Agricultural,-,-,-,-,-,-,-,-,-,2,0,1,0,-,-,Preliminary
20150802-0,Sunday,02-AUG-2015,14:37,A2, Taxi (TXI),"Chicago-O'Hare International Airport, IL (ORD)",United States of America,7,0, Substantial, Repaired,Cessna 208B Grand Caravan EX,1,Pratt & Whitney Canada PT6A-140,2015,-,357.0, N942AC, 208B5202,Air Choice One,Domestic Scheduled Passenger,3E2627,Chicago-O'Hare International Airport,ORD,KORD,United States of America,Burlington Airport,BRL,KBRL,United States of America,2,5,0,0,-,-,Final
20150805-0,Wednesday,05-AUG-2015,08:20,A2, Taxi (TXI),"Spanish Fork-Springville Airport, UT",United States of America,3,0, Substantial, Repaired,Cessna 560XL Citation XLS,2,Pratt & Whitney Canada PW545A,2001,-,-, N560JF, 560-5173,Snow Peak Ventures,Private,-,-,-,-,-,Saint George Municipal Airport,SGU,KSGU,United States of America,2,1,0,0,-,-,Final
20150811-0,Tuesday,11-AUG-2015,22:00,O2, Taxi (TXI),"Orlando International Airport, FL (MCO)",United States of America,2,0, Substantial, Repaired,Boeing 737-73V (WL),2,CFMI CFM56-7B20,2003,-,-, N561WN, 32417/1285,Southwest Airlines,-,-,-,-,-,-,-,-,-,-,2,0,0,0,-,-,- (No safety board investigation)
20150811-1,Tuesday,11-AUG-2015,21:30,O1, Standing (STD),"Chandler Municipal Airport, AZ",United States of America,0,0, Damaged beyond repair,-,Beechcraft B200 Super King Air,-,-,1999,-,-, N531SW, BB-1656,Southwest Aircraft Charter,-,-,-,-,-,-,-,-,-,-,0,0,0,0,-,-,- (No safety board investigation)
20150812-0,Wednesday,12-AUG-2015,12:05,A1, En route (ENR),"0,8 km (0.5 mls) SW off  Saba",Caribbean Netherlands,1,0, Substantial, Written off (damaged beyond repair),Cessna 208B Super Cargomaster,1,Pratt & Whitney Canada PT6A-114A,1987,-,-, N924FE, 208B0024,Mountain Air Cargo,Cargo,MTN8124,San Juan-Luis Muñoz Marín International Airport,SJU,TJSJ,Puerto Rico,Saint Kitts-Golden Rock Airport,SKB,TKPK,St. Kitts and Nevis,1,0,0,0,-,-,- (No safety board investigation)
20150815-0,Saturday,15-AUG-2015,18:34,A2, Landing (LDG),"Charlotte-Douglas International Airport, NC (CLT)",United States of America,159,0, Substantial, Repaired,Airbus A321-231,2,IAE V2533-A5,2012,-,-, N564UW, 5374,American Airlines,Domestic Scheduled Passenger,AA1851,Atlanta-William B. Hartsfield International Airport,ATL,KATL,United States of America,Charlotte-Douglas International Airport,CLT,KCLT,United States of America,6,153,0,0,-,-,Preliminary - official
20150816-0,Sunday,16-AUG-2015,14:55,A1, En route (ENR),"16,7 km (10.4 mls) NW of Oksibil Airport (OKL)",Indonesia,54,54, Destroyed, Written off (damaged beyond repair),ATR 42-300,2,Pratt & Whitney Canada PW120,1988,55663.0,50133.0, PK-YRN, 102,Trigana Air Service,Domestic Scheduled Passenger,IL267,Jayapura-Sentani Airport,DJJ,WAJJ,Indonesia,Oksibil Airport,OKL,WAJO,Indonesia,5,49,5,49,-,-,Final
20150816-1,Sunday,16-AUG-2015,11:03,A1, Approach (APR),"1,6 km (1 mls) NE of San Diego-Brown Field Municipal Airport, CA (SDM)",United States of America,4,4, Destroyed, Written off (damaged beyond repair),Rockwell Sabreliner 60SC,2,Pratt & Whitney JT12A-8 Turbo Wasp,1974,-,13418.0, N442RM, 306-073,BAE Systems,Military,Eagle 1,San Diego-Brown Field Municipal Airport,SDM,KSDM,United States of America,San Diego-Brown Field Municipal Airport,SDM,KSDM,United States of America,4,0,4,0,1,-,Final
20150816-2,Sunday,16-AUG-2015,16:16,A2, Landing (LDG),"Margaree Airport, NS",Canada,4,0, Substantial,-,Beechcraft A100 King Air,2,Pratt & Whitney Canada PT6A-28,1972,-,14345.0, C-FDOR, B-103,Maritime Air Charter,Domestic Non Scheduled Passenger,-,Halifax International Airport,YHZ,CYHZ,Canada,-,-,-,-,2,2,0,0,-,-,Final
20150817-0,Monday,17-AUG-2015,11:18,A2, Landing (LDG),"Codrington Airport, Barbuda (BBQ)",Antigua and Barbuda,6,0, Substantial,-,Beechcraft 99 Airliner,2,Pratt & Whitney Canada PT6A-27,1969,-,-, N128SF, U-87,Hummingbird Air,Domestic Non Scheduled Passenger,-,Antigua-V.C. Bird International Airport,ANU,TAPA,Antigua and Barbuda,Codrington Airport,BBQ,TAPH,Antigua and Barbuda,1,5,0,0,-,-,Preliminary - official
20150820-0,Thursday,20-AUG-2015,09:21,A1, En route (ENR),Cervený Kamen,Slovakia,19,3, Destroyed, Written off (damaged beyond repair),Let L-410MA,2,Walter M-601D,1975,-,5618.0, OM-SAB, 750405,Dubnica Air,Parachuting,-,-,-,-,-,-,-,-,-,2,17,2,1,4,-,Final
20150820-1,Thursday,20-AUG-2015,09:21,A1, En route (ENR),Cervený Kamen,Slovakia,19,4, Destroyed, Written off (damaged beyond repair),Let L-410UVP,2,Walter M-601D,1984,-,8021.0, OM-ODQ, 841320,Dubnica Air,Parachuting,-,-,-,-,-,-,-,-,-,2,17,2,2,3,-,Final
20150821-0,Friday,21-AUG-2015,14:20,A1, Landing (LDG),"Danbury Airport, CT (DXR)",United States of America,3,0, Substantial, Written off (damaged beyond repair),Eclipse 500,2,Pratt & Whitney Canada PW617F-A,2008,-,-, N120EA, 000199,UF Equipment,Private,-,Oshkosh-Wittman Field,OSH,KOSH,United States of America,Danbury Airport,DXR,KDXR,United States of America,1,2,0,0,-,-,Final
20150826-0,Wednesday,26-AUG-2015,22:30,A1, Landing (LDG),Charallave-Óscar Machado Zuloaga Airport,Venezuela,8,0, Substantial, Written off (damaged beyond repair),Cessna S550 Citation S/II,-,-,1986,-,-, YV3125, S550-0085,Unknown,Int'l Non Scheduled Passenger,-,Barcelona-Gen J A Anzoategui Airport,BLA,SVBC,Venezuela,-,-,-,-,2,6,0,0,-,-,Preliminary
20150827-0,Thursday,27-AUG-2015,00:15,A1, Unknown (UNK),Toluca Airport (TLC),Mexico,2,0, Substantial, Written off (damaged beyond repair),Cessna 750 Citation X,-,-,2002,-,-, XA-KYE, 750-0204,Unknown,Unknown,-,-,-,-,-,-,-,-,-,2,0,0,0,-,-,Preliminary
20150827-1,Thursday,27-AUG-2015,11:15,A2, Takeoff (TOF),"Greenwood Canadian Forces Base, NS (YZX)",Canada,17,0, Substantial,-,Lockheed CP-140 Aurora,4,Allison T56-A14,1980,-,-, 140103, 5693,RCAF,Military,-,Greenwood Airport,YZX,CYZX,Canada,Iqaluit Airport,YFB,CYFB,Canada,13,4,0,0,-,-,Final
20150828-0,Friday,28-AUG-2015,08:54,A2, Landing (LDG),Aguni Airport (AGJ),Japan,14,0, Substantial, Repaired,Viking Air DHC-6 Twin Otter 400,-,-,2015,-,218.0, JA201D, 915,First Flying,Domestic Scheduled Passenger,-,Okinawa-Naha Airport,OKA,ROAH,Japan,Aguni Airport,AGJ,RORA,Japan,2,12,0,0,-,-,Final
20150828-1,Friday,28-AUG-2015,15:50,A1, Landing (LDG),Wamena Airport (WMX),Indonesia,2,0, Substantial, Written off (damaged beyond repair),Boeing 737-3Q8BDSF,2,CFMI CFM56-3B2,1986,38422.0,54254.0, PK-BBY, 23535/1301,Cardig Air,Cargo,8F189,Jayapura-Sentani Airport,DJJ,WAJJ,Indonesia,Wamena Airport,WMX,WAJW,Indonesia,2,0,0,0,-,-,Final
20150828-2,Friday,28-AUG-2015,10:10,A2, Standing (STD),"Las Vegas-McCarran International Airport, NV (LAS)",United States of America,4,0, Minor, Repaired,Dassault Falcon 2000,3,CFE CFE738-1-1B,2001,-,6641.0, N187AA, 156,Anton Air,Executive,-,Las Vegas-McCarran International Airport,LAS,KLAS,United States of America,Wheeling-Palwaukee Airport,PWK,KPWK,United States of America,2,2,0,0,-,-,Final
20150829-0,Saturday,29-AUG-2015,06:45,A1, En route (ENR),Kaduna,Nigeria,7,7, Damaged beyond repair,-,Dornier 228-212,-,-,1993,-,-, NAF030, 8219,Nigerian AF,Military,-,Kaduna Airport,KAD,DNKA,Nigeria,Abuja International Airport,ABV,DNAA,Nigeria,4,3,4,3,-,-,-
20150831-0,Monday,31-AUG-2015,07:04,A2, Landing (LDG),Keperveyem Airport,Russia,7,0, Substantial,-,Antonov An-30D,-,-,-,-,-, registration unknown,-,Lukiaviatrans,Unknown,-,Pevek Airport,PWE,UHMP,Russia,-,-,-,-,5,2,0,0,-,-,Preliminary
20150901-0,Tuesday,01-SEP-2015,17:52,A1, Landing (LDG),Rotterdam/The Hague Airport (RTM),Netherlands,2,0, Substantial, Written off (damaged beyond repair),Beechcraft 300 Super King Air,2,Pratt & Whitney Canada PT6A-60A,1988,-,-, N300PP, FA-171,Handel- en Exploitatiemij. Ruygrok,Unknown,-,Le Touquet Airport,LTQ,LFAT,France,Rotterdam/The Hague Airport,RTM,EHRD,Netherlands,1,1,0,0,-,-,Preliminary - official
20150901-1,Tuesday,01-SEP-2015,05:45,A2, Landing (LDG),"Thangool Airport, QLD (THG)",Australia,1,0, Substantial, Repaired,Swearingen SA227-DC Metro 23,-,-,1993,-,-, VH-HPE, DC-823B,Toll Aviation,Cargo,-,Brisbane International Airport,BNE,YBBN,Australia,Thangool Airport,THG,YTNG,Australia,1,0,0,0,-,-,Final
20150902-0,Wednesday,02-SEP-2015,01:41,A2, Landing (LDG),"Barcaldine Airport, QLD (BCI)",Australia,3,0, Substantial, Repaired,Beechcraft B200 Super King Air,-,-,2007,-,-, VH-FDB, BB-1977,Royal Flying Doctor Service,Ambulance,-,Townsville Airport,TSV,YBTL,Australia,Barcaldine Airport,BCI,YBAR,Australia,2,1,0,0,-,-,Final
20150903-0,Thursday,03-SEP-2015,12:27,A1, Landing (LDG),Wien-Schwechat International Airport (VIE),Austria,5,0, Substantial, Written off (damaged beyond repair),Cessna 550B Citation Bravo,2,Pratt & Whitney Canada PW530A,2001,5807.0,7525.0, OE-GLG, 550-0977,Jet24,Int'l Non Scheduled Passenger,-,Salzburg-W. A. Mozart Airport,SZG,LOWS,Austria,Wien-Schwechat International Airport,VIE,LOWW,Austria,2,3,0,0,-,-,Final
20150905-0,Saturday,05-SEP-2015,19:12,A1, En route (ENR),"110 km (68.8 mls) W off  Dakar, Senegal",Atlantic Ocean,7,7, Missing, Presumed damaged beyond repair,British Aerospace BAe-125-700A,2,Garrett TFE731-3R-1H,1979,11877.0,13279.0, 6V-AIM, 257062,Senegalair,Ambulance,-,Ouagadougou Airport,OUA,DFFD,Burkina Faso,Dakar-Léopold Sédar Senghor International Airport,DKR,GOOY,Senegal,2,5,2,5,-,-,Final
20150905-1,Saturday,05-SEP-2015,18:12,A2, En route (ENR),ESE of Tambacounda,Senegal,112,0, Minor, Repaired,Boeing 737-8FB (WL),2,CFMI CFM56-7BE,2014,1761.0,1568.0, 3C-LLY, 41157/4782, Ceiba International,International Scheduled Passenger,CEL71,Dakar-Léopold Sédar Senghor International Airport,DKR,GOOY,Senegal,Cotonou Airport,COO,DBBB,Benin,8,104,0,0,-,-,Final
20150906-0,Sunday,06-SEP-2015,15:30,A1, Takeoff (TOF),"Louisburg-North Raleigh Airport, NC",United States of America,3,0, Substantial, Written off (damaged beyond repair),de Havilland Canada DHC-6 Twin Otter 200,2,Pratt & Whitney Canada PT6A-20,1968,-,26915.0, N181CS, 181,Rampart Aviation,Executive,-,-,-,-,-,-,-,-,-,1,2,0,0,-,-,Final
20150906-1,Sunday,06-SEP-2015,13:04,A2, Landing (LDG),Merseburg Airport,Germany,1,0, Substantial, Repaired,Antonov An-2TD,-,-,1974,-,-, D-FWJK, 1G142-34,FSC Halle-Oppin,Ferry/positioning,-,Köthen Airfield,KOQ,EDCK,Germany,-,-,-,-,1,0,0,0,-,-,Preliminary - official
20150908-0,Tuesday,08-SEP-2015,16:12,A2, Takeoff (TOF),"Las Vegas-McCarran International Airport, NV (LAS)",United States of America,170,0, Substantial, Repaired,Boeing 777-236ER,2,General Electric GE90-85B,1999,-,85442.0, G-VIIO, 29320/182,British Airways,International Scheduled Passenger,BA2276,Las Vegas-McCarran International Airport,LAS,KLAS,United States of America,London-Gatwick Airport,LGW,EGKK,United Kingdom,13,157,0,0,-,-,Final
20150915-0,Tuesday,15-SEP-2015,06:06,A1, Initial climb (ICL),"0,6 km (0.4 mls) N of Iliamna-East Wind Lake Seaplane Base, AK",United States of America,10,3, Substantial, Written off (damaged beyond repair),de Havilland Canada DHC-3T Texas Turbine Otter,1,Garrett TPE331-12JR-702,1954,-,15436.0, N928RK, 61,Rainbow King Lodge,Domestic Non Scheduled Passenger,-,-,-,-,-,-,-,-,-,1,9,0,3,-,-,Final
20150915-1,Tuesday,15-SEP-2015,20:32,A2, Takeoff (TOF),"Miami International Airport, FL (MIA)",United States of America,-,0, Substantial, Repaired,Boeing 777-3DZER,2,General Electric GE90-115B,2008,-,-, A7-BAC, 36010/731,Qatar Airways,International Scheduled Passenger,QR778,Miami International Airport,MIA,KMIA,United States of America,Doha-Hamad International Airport,DOH,OTHH,Qatar,-,-,0,0,-,-,Preliminary - official
20150916-0,Wednesday,16-SEP-2015,11:15,A1, En route (ENR),60 km (37.5 mls) NE of Bratsk,Russia,3,0, Substantial,-,Antonov An-2R,1,Shvetsov ASh-62IR,1970,19970.0,14512.0, RA-35141, 1G112-23,Yenisei Airline,Ferry/positioning,-,-,-,-,-,-,-,-,-,2,1,0,0,-,-,Final
20150919-0,Saturday,19-SEP-2015,12:12,A2, Takeoff (TOF),Düsseldorf International Airport (DUS),Germany,175,0, Substantial, Repaired,Airbus A321-211,2,CFMI CFM56-5B3/3,2012,4722.0,10720.0, D-ABCK, 5133,Air Berlin,International Scheduled Passenger,AB3156,Düsseldorf International Airport,DUS,EDDL,Germany,Kos Airport,KGS,LGKO,Greece,7,168,0,0,-,-,Preliminary - official
20150921-0,Monday,21-SEP-2015,-,O2, Standing (STD),Lhaviyani Kanifushi lagoon,Maldives,0,0, Unknown, Repaired,de Havilland Canada DHC-6 Twin Otter 300,-,-,1982,-,-, 8Q-TME, 798,Trans Maldivian Airways,-,-,-,-,-,-,-,-,-,-,0,0,0,0,-,-,-
20150925-0,Friday,25-SEP-2015,12:03,A1, Landing (LDG),"Déline Airport, NT (YWJ)",Canada,4,0, Substantial, Written off (damaged beyond repair),Curtiss C-46A-45-CU Commando,2,Pratt & Whitney R-2800-51M3,1944,-,-, C-GTXW, 30386,Buffalo Airways,Cargo,BFL525,Yellowknife Airport,YZF,CYZF,Canada,Norman Wells Airport,YVQ,CYVQ,Canada,4,0,0,0,-,-,Preliminary - official
20150925-1,Friday,25-SEP-2015,13:00,A1, Takeoff (TOF),"Lismore Airport, NSW (LSY)",Australia,2,0, Substantial, Written off (damaged beyond repair),Cessna 550 Citation Bravo,-,-,1998,-,2768.0, VH-FGK, 550-0852,Yulgilbar Pastoral Co,Ferry/positioning,-,Lismore Airport,LSY,YLIS,Australia,-,-,-,-,2,0,0,0,-,-,Final
20150927-0,Sunday,27-SEP-2015,19:06,A2, Landing (LDG),"Sarasota-Bradenton International Airport, FL (SRQ)",United States of America,2,0, Substantial, Repaired,Cessna 550 Citation II,2,Pratt & Whitney Canada JT15D-4,1978,-,-, N622PG, 550-0037,private,Private,-,Boca Raton Public Airport,BCT,KBCT,United States of America,Sarasota-Bradenton International Airport,SRQ,KSRQ,United States of America,1,1,0,0,-,-,Final
20150930-0,Wednesday,30-SEP-2015,10:16,A1, Takeoff (TOF),Saarbrücken-Ensheim Airport (SCN),Germany,20,0, Substantial, Written off (damaged beyond repair),de Havilland Canada DHC-8-402Q Dash 8,2,Pratt & Whitney Canada PW150A,2012,-,7131.0, LX-LGH, 4420,Luxair,International Scheduled Passenger,LG9562,Saarbrücken-Ensheim Airport,SCN,EDDR,Germany,Luxembourg-Findel Airport,LUX,ELLX,Luxembourg,4,16,0,0,-,-,Final
20151002-0,Friday,02-OCT-2015,-,A2, Landing (LDG),Dubai-Palm Drop Zone Airstrip,United Arab Emirates,1,0, Substantial,-,de Havilland Canada DHC-6 Twin Otter 200,-,-,1968,-,-, DU-SD4, 132,Skydive Dubai,Parachuting,-,-,-,-,-,-,-,-,-,1,0,0,0,-,-,Preliminary
20151002-1,Friday,02-OCT-2015,14:49,A1, En route (ENR),"Bajaja Mount, District of Luwu, South Sulawesi",Indonesia,10,10, Destroyed, Written off (damaged beyond repair),de Havilland Canada DHC-6 Twin Otter 300,2,Pratt & Whitney Canada PT6A-27,1981,75241.0,45242.0, PK-BRM, 741,Aviastar Mandiri,Domestic Scheduled Passenger,MV7503,Masamba/Andi Jemma Airport,MXB,WAWM,Indonesia,Makassar-Sultan Hasanuddin International Airport,UPG,WAAA,Indonesia,2,8,2,8,-,-,Final
20151002-2,Friday,02-OCT-2015,00:19,A1, Takeoff (TOF),Jalalabad Airport (JAA),Afghanistan,11,11, Damaged beyond repair,-,Lockheed C-130J-30 Super Hercules,4,Allison AE2100D3,2011,-,2551.0, 08-3174, 5648,USAF,Military,-,Jalalabad Airport,JAA,OAJL,Afghanistan,Bagram Air Base,BPM,OAIX,Afghanistan,4,7,4,7,-,3,Final
20151003-0,Saturday,03-OCT-2015,10:20,A1, Initial climb (ICL),"near Chigwell, Essex",United Kingdom,2,2, Destroyed, Written off (damaged beyond repair),Beechcraft B200 Super King Air,2,Pratt & Whitney Canada PT6A-42,1981,12222.0,14493.0, G-BYCP, BB-966,London Executive Aviation,Ferry/positioning,-,-,-,-,-,Brize Norton RAF Station,BZZ,EGVN,United Kingdom,1,1,1,1,-,-,Final
20151006-0,Tuesday,06-OCT-2015,08:31,A1, Landing (LDG),Tamale Airport (TML),Ghana,76,0, Substantial,-,British Aerospace BAe-146-300,4,Lycoming ALF502R-5,1989,-,-, 9G-SBB, E3123,Starbow,Domestic Scheduled Passenger,S9110,Accra-Kotoka Airport,ACC,DGAA,Ghana,Tamale Airport,TML,DGLE,Ghana,-,-,0,0,-,-,Preliminary
20151012-0,Monday,12-OCT-2015,19:30,A1, Landing (LDG),near Afgooye,Somalia,6,0, Destroyed, Written off (damaged beyond repair),Airbus A300B4-203F,-,-,1980,-,-, SU-BMZ, 129,Tristar Air,Cargo,TSY810,Cairo International Airport,CAI,HECA,Egypt,Mogadishu International Airport,MGQ,HCMM,Somalia,6,0,0,0,-,-,Preliminary
20151012-1,Monday,12-OCT-2015,14:00,A1, En route (ENR),Bamyan Province,Afghanistan,7,2, Damaged beyond repair,-,Cessna 208B Grand Caravan,-,-,2012,-,-, YA22382, 208B2382,Afghan Air Force,Military,-,Bamyan Airport,BIN,OABN,Afghanistan,-,-,-,-,-,-,-,-,-,-,Preliminary
20151014-0,Wednesday,14-OCT-2015,11:46,A1, En route (ENR),"3,6 km (2.3 mls) NW of Yumbillo",Colombia,3,3, Destroyed, Written off (damaged beyond repair),Cessna 208B Grand Caravan,1,Pratt & Whitney Canada PT6A-114A,2002,-,10519.0, PR-MIC, 208B0841,Microsurvey,Survey/research,-,Cali-Alfonso Bonilla Aragón Airport,CLO,SKCL,Colombia,Cali-Alfonso Bonilla Aragón Airport,CLO,SKCL,Colombia,3,0,3,0,-,-,Final
20151015-0,Thursday,15-OCT-2015,07:18,A1, Initial climb (ICL),near Tehran-Mehrabad Airport (THR),Iran,441,0, Substantial, Written off (damaged beyond repair),Boeing 747-3B3,4,General Electric CF6-50E2,1984,17679.0,92754.0, EP-MNE, 23480/641,Mahan Air,Domestic Scheduled Passenger,W51095,Tehran-Mehrabad Airport,THR,OIII,Iran,Bandar Abbas Airport,BND,OIKB,Iran,19,422,0,0,-,-,Final
20151019-0,Monday,19-OCT-2015,06:40,A1, Takeoff (TOF),"San Fernando Airport, BA",Argentina,2,0, Destroyed, Written off (damaged beyond repair),Learjet 35A,2,Honeywell TFE731-2C-2B,1979,9517.0,12190.0, LV-ZSZ, 35A-235,Top Air SA,Ferry/positioning,-,-,-,-,-,Río Gallegos Internacional Airport,RGL,SAWG,Argentina,2,0,0,0,-,-,Final
20151022-0,Thursday,22-OCT-2015,15:28,A1, En route (ENR),ca 4 km W of Apaseo el Alto,Mexico,4,4, Destroyed, Written off (damaged beyond repair),Learjet 31A,2,Garrett TFE731-2-2B,1998,-,-, XB-GYB, 31-166,Grupo Constructor Plata,Executive,-,Zacatecas-La Calera Airport,ZCL,MMZC,Mexico,Toluca Airport,TLC,MMTO,Mexico,2,2,2,2,-,-,Final
20151022-1,Thursday,22-OCT-2015,-,A1, Taxi (TXI),Eindhoven Airport (EIN),Netherlands,-,0, Unknown, Written off (damaged beyond repair),de Havilland Canada DHC-7-102,-,-,1981,-,-, C-GGUL, 70,Voyageur Airways,Unknown,-,-,-,-,-,-,-,-,-,-,-,0,0,-,-,-
20151023-0,Friday,23-OCT-2015,11:15,A1, Landing (LDG),Cuzco-Velazco Astete Airport (CUZ),Peru,139,0, Substantial, Written off (damaged beyond repair),Boeing 737-3K2,2,CFMI CFM56-3B2,1990,42389.0,74018.0, OB-2040-P, 24329/1858,Peruvian Airlines,Domestic Scheduled Passenger,P9216,Lima-Jorge Chávez International Airport,LIM,SPJC,Peru,Cuzco-Velazco Astete Airport,CUZ,SPZO,Peru,6,133,0,0,-,-,Final
20151025-0,Sunday,25-OCT-2015,14:25,O1, Pushback / towing (PBT),Mexico City-Benito Juárez International Airport (MEX),Mexico,1,0, Substantial, Written off (damaged beyond repair),Sukhoi Superjet 100-95B,2,PowerJet SaM146,2013,-,-, XA-PBA, 95040,Interjet,-,-,-,-,-,-,-,-,-,-,1,0,0,0,-,-,Final
20151026-0,Monday,26-OCT-2015,12:06,A1, Landing (LDG),Johannesburg-O.R. Tambo International Airport (JNB),South Africa,100,0, Substantial, Written off (damaged beyond repair),Boeing 737-4L7,2,CFMI CFM56-3C1,1993,-,57543.0, ZS-OAA, 26960/2483,British Airways,Domestic Scheduled Passenger,BA6234,Port Elizabeth Airport,PLZ,FAPE,South Africa,Johannesburg-O.R. Tambo International Airport,JNB,FAOR,South Africa,6,94,0,0,-,-,Final
20151028-0,Wednesday,28-OCT-2015,-,A2, Unknown (UNK),Afgoye District,Somalia,12,-, Unknown,-,Dornier 328 ?,-,-,-,-,-, registration unknown,-,Unknown,Cargo,-,-,-,-,-,-,-,-,-,-,-,-,-,-,-,Preliminary
20151029-0,Thursday,29-OCT-2015,12:32,A1, Taxi (TXI),"Fort Lauderdale International Airport, FL (FLL)",United States of America,101,0, Substantial, Written off (damaged beyond repair),Boeing 767-269ER,2,Pratt & Whitney JT9D-7R4E4,1986,-,-, N251MY, 23280/131,Dynamic International Airways,International Scheduled Passenger,DYA405,Fort Lauderdale International Airport,FLL,KFLL,United States of America,Caracas-Simón Bolívar International Airport,CCS,SVMI,Venezuela,11,90,0,0,-,-,Preliminary - official
20151029-1,Thursday,29-OCT-2015,07:14,A2, Takeoff (TOF),"La Crosse Municipal Airport, WI (LSE)",United States of America,2,0, Substantial, Repaired,Bombardier BD-100-1A10 Challenger 300,2,Honeywell AS907-1-1A,2012,-,-, N334AF, 20359,Arcadia Leasing,Unknown,-,La Crosse Municipal Airport,LSE,KLSE,United States of America,-,-,-,-,-,-,0,0,-,-,Preliminary - official
20151031-0,Saturday,31-OCT-2015,06:13,C1, En route (ENR),"ca 50 km SE of Hasna, North Sinai",Egypt,224,224, Destroyed, Written off (damaged beyond repair),Airbus A321-231,2,IAE V2533-A5,1997,21000.0,56000.0, EI-ETJ, 663,Metrojet,Int'l Non Scheduled Passenger,7K9268,Sharm el Sheikh International Airport,SSH,HESH,Egypt,Saint Petersburg-Pulkovo Airport,LED,ULLI,Russia,7,217,7,217,-,-,Preliminary - official
20151101-0,Sunday,01-NOV-2015,-,A2, Landing (LDG),Kinshasa-N'Djili Airport (FIH),Democratic Republic of the Congo,26,0, Substantial,-,Grumman G-159 Gulfstream I,-,-,1965,-,-, 9Q-CNP, 164, Malu Aviation,Passenger,-,Kinshasa-N'Dolo Airport,NLO,FZAB,Democratic Republic of the Congo,-,-,-,-,4,22,0,0,-,-,Preliminary
20151102-1,Monday,02-NOV-2015,-,A2, Landing (LDG),2 km (1.3 mls) from  Koussané,Mali,10,0, Substantial,-,Fokker F-27 Friendship 400M,-,-,1979,-,-, 6W-STF, 10591,Senegalese Air Force,Military,-,Nioro Airport,NIX,GANR,Mali,-,-,-,-,-,-,0,0,-,-,-
20151103-0,Tuesday,03-NOV-2015,09:26,A1, Landing (LDG),Lahore-Allama Iqbal International Airport (LHE),Pakistan,121,0, Substantial, Written off (damaged beyond repair),Boeing 737-4H6,2,CFMI CFM56-3C1,1992,46547.0,51585.0, AP-BJO, 27166/2410,Shaheen Air,Domestic Scheduled Passenger,NL142,Karachi-Jinnah International Airport,KHI,OPKC,Pakistan,Lahore-Allama Iqbal International Airport,LHE,OPLA,Pakistan,7,114,0,0,-,-,Final
20151104-0,Wednesday,04-NOV-2015,-,A1, Initial climb (ICL),"0,8 km (0.5 mls) E of Juba Airport (JUB)",South Sudan,43,41, Destroyed, Written off (damaged beyond repair),Antonov An-12BK,-,-,1971,-,-, EY-406, 01347704,Allied Services Limited,Cargo,-,Juba Airport,JUB,HSSJ,South Sudan,-,-,-,-,6,37,6,35,-,-,Preliminary
20151106-1,Friday,06-NOV-2015,15:45,A2, En route (ENR),"near Monroe County Airport, AL (MVC)",United States of America,3,0, Substantial, Repaired,Cessna 525 CitationJet,2,Williams International FJ44-1A,1999,-,3100.0, N525DY, 525-0306,Execuflight,Unknown,-,Monroe County Airport,MVC,KMVC,United States of America,Alexander City-Thomas C Russell Field,ALX,KALX,United States of America,2,1,0,0,-,-,Final
20151107-0,Saturday,07-NOV-2015,13:53,A1, Landing (LDG),Taichung-Ching Chuan Kang Airport (RMQ),Taiwan,4,0, Substantial,-,Beechcraft 300 Super King Air 350,2,Pratt & Whitney Canada PT6A-60A,1993,2235.0,5328.0, NA-302, FL-108,NASC,Survey/research,-,Taichung-Ching Chuan Kang Airport,RMQ,RCMQ,Taiwan,Taichung-Ching Chuan Kang Airport,RMQ,RCMQ,Taiwan,4,0,0,0,-,-,Final
20151108-0,Sunday,08-NOV-2015,08:46,A2, Landing (LDG),Saint Lucia-George F. L. Charles Airport (SLU),Saint Lucia,1,0, Unknown,-,Beechcraft 99 Airliner,2,Pratt & Whitney Canada PT6A-20,1969,-,-, N7994R, U-103,Hummingbird Air,Unknown,-,-,-,-,-,Saint Lucia-George F. L. Charles Airport,SLU,TLPC,Saint Lucia,1,0,0,0,-,-,Preliminary
20151110-0,Tuesday,10-NOV-2015,-,A1, Initial climb (ICL),near Malakal Airport (MAK),South Sudan,4,0, Destroyed, Written off (damaged beyond repair),Hawker Siddeley HS-780 Andover C.1,-,-,1966,-,-, TL-AEW, Set 13,Westwind Aviation,Unknown,-,Malakal Airport,MAK,HSSM,South Sudan,-,-,-,-,4,0,0,0,-,-,Preliminary
20151110-1,Tuesday,10-NOV-2015,14:53,A1, Approach (APR),"3,2 km (2 mls) NE of Akron-Fulton International Airport, OH (AKR)",United States of America,9,9, Destroyed, Written off (damaged beyond repair),British Aerospace BAe-125-700A,2,Garrett TFE731-3-1H,1979,-,-, N237WR, 257072/NA0252,Execuflight,Unknown,EFT1526,Dayton-Wright Brothers Airport,MGY,KMGY,United States of America,Akron/Canton-Fulton International Airport,AKC,KAKR,United States of America,2,7,2,7,-,-,Final
20151110-2,Tuesday,10-NOV-2015,19:04,A1, En route (ENR),"near Guarda-Mor, MG",Brazil,4,4, Destroyed, Written off (damaged beyond repair),Cessna 650 Citation VII,2,Garrett TFE731-4R-2S,1998,-,-, PT-WQH, 650-7083,Banco Bradesco,Executive,-,Brasília-Presidente Juscelino Kubitschek International Airport,BSB,SBBR,Brazil,São Paulo-Congonhas Airport,CGH,SBSP,Brazil,2,2,2,2,-,-,Final
20151111-0,Wednesday,11-NOV-2015,08:50,A2, Standing (STD),"Grand Forks Airport, ND (GFK)",United States of America,10,0, Substantial, Repaired,Cessna 208B Grand Caravan,1,Pratt & Whitney Canada PT6A-114A,2004,-,-, N617ST, 208B1044,SarTec Corp.,Executive,-,Minneapolis-Flying Cloud Airport,FCM,KFCM,United States of America,Grand Forks Airport,GFK,KGFK,United States of America,1,9,0,0,-,-,Final
20151113-0,Friday,13-NOV-2015,14:00,A2, Landing (LDG),Vientiane-Wattay Airport (VTE),Laos,-,0, Unknown, Repaired,Xian MA60,2,Pratt & Whitney Canada PW127J,-,-,-, RDPL-34226, 0801,Lao Skyway,Domestic Scheduled Passenger,LLL265,Luang Prabang Airport,LPQ,VLLB,Laos,Vientiane-Wattay Airport,VTE,VLVT,Laos,-,-,0,0,-,-,Preliminary
20151116-0,Monday,16-NOV-2015,16:22,A2, Landing (LDG),Ixtapa/Zihuatanejo Internacional Airport (ZIH),Mexico,2,0, Substantial,-,Learjet 60,-,-,2001,-,3676.0, XA-UQP, 60-202,Servicios Aéreos Estrella,Ferry/positioning,-,Toluca Airport,TLC,MMTO,Mexico,Ixtapa/Zihuatanejo Internacional Airport,ZIH,MMZH,Mexico,2,0,0,0,-,-,Final
20151122-0,Sunday,22-NOV-2015,07:58,A1, Landing (LDG),Osh Airport (OSS),Kyrgyzstan,153,0, Substantial, Written off (damaged beyond repair),Boeing 737-3Y0,2,CFMI CFM56-3B1,1990,-,-, EX-37005, 24681/1929, Avia Traffic Company,International Scheduled Passenger,YK768,Bishkek-Manas International Airport,FRU,UAFM,Kyrgyzstan,Osh Airport,OSS,UAFO,Kyrgyzstan,5,148,0,0,-,-,Preliminary
20151126-0,Thursday,26-NOV-2015,18:28,A1, Landing (LDG),Mexico City-Benito Juárez International Airport (MEX),Mexico,144,0, Substantial, Written off (damaged beyond repair),Boeing 737-322,2,CFMI CFM56-3C1,1988,39245.0,64171.0, XA-UNM, 24248/1636,Magnicharters,Domestic Scheduled Passenger,GMT779,Cancún Airport,CUN,MMUN,Mexico,Mexico City-Benito Juárez International Airport,MEX,MMMX,Mexico,5,139,0,0,-,-,Final
20151129-0,Sunday,29-NOV-2015,13:50,A2, Approach (APR),near Farnborough Airport (FAB),United Kingdom,11,0, Substantial, Repaired,Cessna 560XL Citation Excel,2,Pratt & Whitney Canada PW545A,2000,-,-, SE-RHJ, 560-5078,Jivair,Domestic Non Scheduled Passenger,-,Göteborg-City Airport,GSE,ESGP,Sweden,Farnborough Airport,FAB,EGLF,United Kingdom,2,9,0,0,-,-,Final
20151201-0,Tuesday,01-DEC-2015,-,O1, Standing (STD),Chennai Airport (MAA),India,0,0, Damaged beyond repair,-,Gulfstream G200,-,-,2006,-,-, VT-EHT, 149,Premier Jet Services,-,-,-,-,-,-,-,-,-,-,0,0,0,0,-,-,- (No safety board investigation)
20151202-0,Wednesday,02-DEC-2015,00:30,A2, Pushback / towing (PBT),Berlin-Schönefeld Airport (SXF),Germany,0,0, Substantial, Repaired,Airbus A321-211 (WL),2,CFMI CFM56-5B3/3,2015,-,-, D-AIAF, 6459,Condor Flugdienst,-,-,-,-,-,-,-,-,-,-,0,0,0,0,-,-,Preliminary
20151204-0,Friday,04-DEC-2015,19:15,A1, Landing (LDG),Jabalpur Airport (JLR),India,53,0, Substantial,-,de Havilland Canada DHC-8-402Q Dash 8,2,Pratt & Whitney Canada PW150A,2011,11214.0,11928.0, VT-SUC, 4377,SpiceJet,Domestic Scheduled Passenger,SG2458,Mumbai-Chhatrapati Shivaji International Airport,BOM,VABB,India,Jabalpur Airport,JLR,VAJB,India,4,49,0,0,-,-,Final
