identifiant,week_day,date,time,type_event,phase,location,country,total_occupants,total_fatalities,aircraft_damage,aircraft_fate,type_aircraft,number_engines,type_engines,first_flight,cycles,total_airframe_hours,registration,c_n_msn,operator,nature,flight_number,departure_airport_name,departure_airport_IATA,departure_airport_ICAO,departure_airport_country,destination_airport_name,destination_airport_IATA,destination_airport_ICAO,destination_airport_country,crew_number,passengers_number,crew_fatalities,passengers_fatalities,collision_casualties,ground_casualties,status
20030104-0,Saturday,04-JAN-2003,17:35,A2, Landing (LDG),"São Paulo-Congonhas Airport, SP (CGH)",Brazil,4,0, Substantial, Repaired,Cessna 525 CitationJet,2,Williams International FJ44-1A,1998,-,1321.0, PT-XJS, 525-0239,JS Táxi Aéreo,Executive,-,-,-,-,-,São Paulo-Congonhas Airport,CGH,SBSP,Brazil,2,2,0,0,-,-,Final
20030106-0,Monday,06-JAN-2003,12:48,A2, Landing (LDG),"Cleveland-Hopkins International Airport, OH (CLE)",United States of America,50,0, Substantial, Repaired,Embraer EMB-145LR (ERJ-145LR),-,-,2002,-,845.0, N16571, 145633,Continental Express,Domestic Scheduled Passenger,2051,Windsor Locks-Bradley International Airport,BDL,KBDL,United States of America,Cleveland-Hopkins International Airport,CLE,KCLE,United States of America,3,47,0,0,-,-,Final
20030107-0,Tuesday,07-JAN-2003,18:24,A1, Landing (LDG),Santo Domingo-Herrera Airport (HEX),Dominican Republic,4,0, Damaged beyond repair,-,Raytheon 390 Premier I,2,Williams International FJ44-2A,2001,-,-, N390RB, RB-26,Caribbean Aviation,Unknown,-,Santo Domingo-Las Américas José Francisco Peña Gómez Int'l Airport,SDQ,MDSD,Dominican Republic,Santo Domingo-Herrera International Airport,HEX,MDHE,Dominican Republic,2,2,0,0,-,-,Preliminary - official
20030108-0,Wednesday,08-JAN-2003,08:49,A1, Takeoff (TOF),"Charlotte-Douglas International Airport, NC (CLT)",United States of America,21,21, Destroyed, Written off (damaged beyond repair),Beechcraft 1900D,2,Pratt & Whitney Canada PT6A-67D,1996,21332.0,15003.0, N233YV, UE-233,US Airways Express,Domestic Scheduled Passenger,5481,Charlotte-Douglas International Airport,CLT,KCLT,United States of America,Greenville-Spartanburg Airport,GSP,KGSP,United States of America,2,19,2,19,-,-,Final
20030108-1,Wednesday,08-JAN-2003,20:19,A1, Approach (APR),Diyarbakir Airport (DIY),Turkey,80,75, Damaged beyond repair,-,Avro RJ100,4,Lycoming LF507-1F,1994,-,-, TC-THG, E3241,THY,Domestic Scheduled Passenger,634,Istanbul-Atatürk International Airport,IST,LTBA,Turkey,Diyarbakir Airport,DIY,LTCC,Turkey,5,75,5,70,-,-,Preliminary - official
20030108-2,Wednesday,08-JAN-2003,18:15,A2, Approach (APR),"near Medford, OR",United States of America,32,0, Substantial, Repaired,de Havilland Canada DHC-8-401 Q400,-,-,2001,-,2760.0, N409QX, 4051,Horizon Air,Domestic Scheduled Passenger,-,Seattle/Tacoma International Airport,SEA,KSEA,United States of America,Medford-Rogue Valley International,MFR,KMFR,United States of America,3,29,0,0,-,-,Final
20030109-0,Thursday,09-JAN-2003,08:45,A1, Approach (APR),near Chachapoyas,Peru,46,46, Damaged beyond repair,-,Fokker F-28 Fellowship 1000,2,Rolls-Royce Spey 555-15,1975,-,-, OB-1396, 11100,TANS,Domestic Scheduled Passenger, 222,Chiclayo-Capitan FAP Jose Abelardo Quiñones Airport,CIX,SPHI,Peru,Chachapoyas Airport,CHH,SPPY,Peru,5,41,5,41,-,-,Final
20030109-1,Thursday,09-JAN-2003,22:30,A2, Landing (LDG),"Eden Lake, BC",Canada,2,0, Substantial, Repaired,de Havilland Canada DHC-3T Vazar Turbine Otter,1,Pratt & Whitney Canada PT6A-34,1955,-,-, C-FITF,  89,Harbour Air,Unknown,-,-,-,-,-,-,-,-,-,1,1,0,0,-,-,Preliminary - official
20030109-2,Thursday,09-JAN-2003,-,A2, Taxi (TXI),Gorontalo-Jalaluddin Airport (GTO),Indonesia,55,0, Minor, Repaired,Fokker F-28 Fellowship 4000,-,-,1982,-,-, PK-PJK, 11192,Pelita Air Service,Domestic Scheduled Passenger,-,-,-,-,-,Gorontalo-Jalaluddin Airport,GTO,WAMG,Indonesia,6,49,0,0,-,-,Preliminary - official
20030114-1,Tuesday,14-JAN-2003,13:00,A1, En route (ENR),"1,5 km (0.9 mls) from  Pattaya Airport (PYX)",Thailand,7,0, Damaged beyond repair,-,Britten-Norman BN-2A-26 Islander,-,-,1970,-,-, HS-RON, 156,Siam Air Sports,Parachuting,-,Pattaya Airport,PYX,YTBF,Thailand,Pattaya Airport,PYX,YTBF,Thailand,1,6,0,0,-,-,-
20030117-0,Friday,17-JAN-2003,12:01,A1, Landing (LDG),Melilla Airport (MLN),Spain,19,0, Damaged beyond repair,-,Fokker 50,2,Pratt & Whitney Canada PW125B,1990,25803.0,22534.0, PH-FZE, 20182,Denim Air,Domestic Scheduled Passenger,8276,Málaga Airport,AGP,LEMG,Spain,Melilla Airport,MLN,GEML,Spain,5,14,0,0,-,-,Final
20030117-1,Friday,17-JAN-2003,09:40,A1, Takeoff (TOF),Quito-Mariscal Sucre Airport (UIO),Ecuador,77,0, Damaged beyond repair,-,Fokker F-28 Fellowship 4000,2,Rolls-Royce Spey 555-15P,1984,40084.0,21547.0, HC-BMD, 11220,TAME Ecuador,Domestic Scheduled Passenger, 120,Quito-Mariscal Sucre Airport,UIO,SEQU,Ecuador,Tulcán Airport,TUA,SETU,Ecuador,5,72,0,0,-,-,Final
20030117-2,Friday,17-JAN-2003,-,A1, En route (ENR),near Ndjolé,Gabon,7,7, Damaged beyond repair,-,Antonov An-24B,-,-,1968,-,-, ER-AFT, 89901508,Tiramavia,Ferry/positioning,-,Brazzaville-Maya Maya Airport,BZV,FCBB,Congo,Douala Airport,DLA,FKKD,Cameroon,5,2,5,2,-,-,Preliminary
20030117-3,Friday,17-JAN-2003,09:00,A1, Takeoff (TOF),Yacuiba Airport (BYC),Bolivia,21,0, Substantial, Written off (damaged beyond repair),British Aerospace 3101 Jetstream 31,2,Garrett TPE331-10UG-513H,1985,-,-, CP-2404, 680,SAVE,Domestic Non Scheduled Passenger,-,Yacuiba Airport,BYC,SLYA,Bolivia,Santa Cruz-El Trompillo Airport,SRZ,SLET,Bolivia,2,19,0,0,-,-,Final
20030118-0,Saturday,18-JAN-2003,-,O1, Standing (STD),"Columbus-Port Columbus International Airport, OH (CMH)",United States of America,3,0, Damaged beyond repair,-,Embraer EMB-135LR (ERJ-135LR),2,Allison AE3007A3,2000,-,-, N714BZ, 145260,American Eagle Airlines,-,-,-,-,-,-,-,-,-,-,3,0,0,0,-,-,- (No safety board investigation)
20030119-0,Sunday,19-JAN-2003,07:15,A1, Taxi (TXI),"New York-La Guardia Airport, NY (LGA)",United States of America,2,0, Damaged beyond repair,-,Airbus A319-114,2,CFMI CFM56-5A5,2000,-,-, N313NB, 1186,Northwest Airlines,-,-,-,-,-,-,-,-,-,-,2,0,0,0,-,-,Final
20030119-1,Sunday,19-JAN-2003,07:15,A2, Standing (STD),"New York-La Guardia Airport, NY (LGA)",United States of America,-,0, Substantial, Repaired,Boeing 757-251,2,Pratt & Whitney PW2037,2001,-,5188.0, N550NW, 26497/968,Northwest Airlines,Domestic Scheduled Passenger,-,New York-La Guardia Airport,LGA,KLGA,United States of America,Minneapolis-St. Paul International Airport,MSP,KMSP,United States of America,1,-,0,0,-,-,Final
20030119-2,Sunday,19-JAN-2003,-,H2, En route (ENR),Algiers-Houari Boumediene Airport (ALG),Algeria,31,0, None,-,Boeing 737-8D6,-,-,-,-,-, registration unknown,-,Air Algérie,Domestic Scheduled Passenger,6025,Constantine-Ain el Bey Airport,CZL,DABC,Algeria,Algiers-Houari Boumediene Airport,ALG,DAAG,Algeria,6,25,0,0,-,-,-
20030121-0,Tuesday,21-JAN-2003,10:00,A2, Landing (LDG),"Kipnuk Airport, AK (KPN)",United States of America,10,0, Substantial, Repaired,de Havilland Canada DHC-6 Twin Otter 200,2,Pratt & Whitney Canada PT6A-20,1969,-,46564.0, N206EH, 194,ERA Aviation,Domestic Scheduled Passenger, 863,Bethel Airport,BET,PABE,United States of America,Kipnuk Airport,KPN,PAKI,United States of America,2,8,0,0,-,-,Final
20030123-0,Thursday,23-JAN-2003,16:42,A2, Landing (LDG),Jakarta-Soekarno-Hatta International Airport (CGK),Indonesia,123,0, Substantial, Repaired,Boeing 737-2B7,2,Pratt & Whitney JT8D-15A (HK),1984,-,-, PK-ALV, 23135/1054,Star Air,Domestic Scheduled Passenger,-,Balikpapan-Sepingan Airport,BPN,WALL,Indonesia,Jakarta-Soekarno-Hatta International Airport,CGK,WIII,Indonesia,6,117,0,0,-,-,Preliminary
20030124-0,Friday,24-JAN-2003,16:45,A1, Takeoff (TOF),Busia,Kenya,12,3, Damaged beyond repair,-,Grumman G-159 Gulfstream I,2,Rolls-Royce Dart 529-8H,1965,-,-, 5Y-EMJ, 158,African Commuter Services,Executive,-,-,-,-,-,-,-,-,-,3,9,2,1,-,-,Preliminary
20030124-1,Friday,24-JAN-2003,13:30,H2, Unknown (UNK),near Chengdu,China,16,0, None,-,Embraer EMB-145LR (ERJ-145LR),2,Allison AE3007A1/2,2001,-,-, B-3043, 145377,Sichuan Airlines,Domestic Scheduled Passenger, 434,Chongqing-Jiangbei International Airport,CKG,ZUCK,China,Chengdu Airport,CTU,ZUUU,China,5,11,0,0,-,-,-
20030124-2,Friday,24-JAN-2003,10:15,A1, Approach (APR),"San Angelo-Ducote Airpark, TX",United States of America,2,0, Damaged beyond repair,-,Cessna 208B Super Cargomaster,1,Pratt & Whitney Canada PT6A-114,1987,-,7503.0, N944FE, 208B0044,FedEx,Training,-,San Angelo-Mathis Field,SJT,KSJT,United States of America,-,-,-,-,2,0,0,0,-,-,Final
20030126-0,Sunday,26-JAN-2003,14:15,A1, Landing (LDG),"Rio Branco-Plácido de Castro International Airport, AC (RBR)",Brazil,93,0, Damaged beyond repair,-,Boeing 737-2M9,2,Pratt & Whitney JT8D-17,1976,-,-, PP-SPJ, 21236/461,VASP,Domestic Scheduled Passenger,-,Manaus-Eduardo Gomes International Airport,MAO,SBEG,Brazil,Rio Branco-Plácido de Castro International Airport,RBR,SBRB,Brazil,6,87,0,0,-,-,Preliminary - official
20030129-0,Wednesday,29-JAN-2003,18:40,A2, En route (ENR),"3,5 km (2.2 mls) from  Pikangikum, ON",Canada,5,0, Substantial, Repaired,Beechcraft B99 Airliner,2,Pratt & Whitney Canada PT6A-28,1974,-,-, C-GHVI, U-153,Bearskin Airlines,Domestic Scheduled Passenger,-,Pikangikum Airport,YPM,CYPM,Canada,-,-,-,-,2,3,0,0,-,-,Final
20030131-0,Friday,31-JAN-2003,15:21,A1, Approach (APR),2 km (1.3 mls) NNW of Baucau-Cakung Airport (BCH),East Timor,6,6, Damaged beyond repair,-,Ilyushin Il-76TD,4,Soloviev D-30KP-2,1986,1400.0,2349.0, RDPL-34141, 0053465941,Euro Asia Aviation,Cargo,-,Macau Airport,MFM,VMMC,Macau,Baucau-English Madeira Airport,BCH,WPEC,East Timor,4,2,4,2,-,-,Final
20030201-0,Saturday,01-FEB-2003,10:00,A2, Landing (LDG),"Vancouver International Airport, BC (YVR)",Canada,-,0, Substantial, Repaired,Boeing 737-4Q8,2,CFMI CFM56-3C1,1992,-,-, N764AS, 25101/2348,Alaska Airlines,International Scheduled Passenger,-,Los Angeles International Airport,LAX,KLAX,United States of America,Vancouver International Airport,YVR,CYVR,Canada,-,-,0,0,-,-,Preliminary - official
20030202-0,Sunday,02-FEB-2003,-,H2, Landing (LDG),Fuzhou Airport (FOC),China,160,0, None,-,Boeing 757-2Z0,-,-,-,-,-, registration unknown,-,Air China,Domestic Scheduled Passenger,1505,Beijing-Capital Airport,PEK,ZBAA,China,Fuzhou Airport,FOC,ZSFZ,China,12,148,0,0,-,-,-
20030207-0,Friday,07-FEB-2003,-,H2, Standing (STD),Istanbul-Atatürk Airport (IST),Turkey,229,0, None,-,Airbus A310-304,2,General Electric CF6-80C2A2,1989,-,-, TC-JDA, 496,THY,Domestic Scheduled Passenger, 143,Ankara-Esenboga Airport,ESB,LTAC,Turkey,Istanbul-Atatürk International Airport,IST,LTBA,Turkey,7,222,0,0,-,-,-
20030210-0,Monday,10-FEB-2003,19:42,A1, Takeoff (TOF),Tallinn-Ulemiste Airport (TLL),Estonia,3,2, Damaged beyond repair,-,Antonov An-28,2,Glushenkov TVD-10B,1989,2141.0,1428.0, ES-NOY, 1AJ006-04,Enimex,Cargo,ENI827,Tallinn-Ülemiste Airport,TLL,EETN,Estonia,Helsinki-Vantaa Airport,HEL,EFHK,Finland,3,0,2,0,-,-,Final
20030213-0,Thursday,13-FEB-2003,08:43,A1, En route (ENR),near El Para,Colombia,5,0, Damaged beyond repair,-,Cessna 208B Grand Caravan,1,Pratt & Whitney Canada PT6A-114A,1994,-,-, N1116G, 208B0402,One Leasing,Ferry/positioning,-,Bogotá-Eldorado Airport,BOG,SKBO,Colombia,Florencia Airport,FLA,SKFL,Colombia,2,3,0,0,-,-,Preliminary
20030214-0,Friday,14-FEB-2003,-,A2, Landing (LDG),Brasschaat Air Base,Belgium,2,0, Substantial, Repaired,Britten-Norman BN-2A-21 Islander,-,-,1975,-,-, B-03, 476,Belgian AF,Military,-,-,-,-,-,-,-,-,-,2,0,0,0,-,-,-
20030219-0,Wednesday,19-FEB-2003,18:24,A1, En route (ENR),35 km (21.9 mls) SE from  Kerman,Iran,275,275, Destroyed, Written off (damaged beyond repair),Ilyushin Il-76MD,-,-,1987,-,-, 15-2280, 0073481442,Iranian Revolutionary Guard,Military,-,Zahedan Airport,ZAH,OIZH,Iran,Kerman Airport,KER,OIKK,Iran,8,267,8,267,-,-,Preliminary
20030219-1,Wednesday,19-FEB-2003,-,A1, Standing (STD),Karachi-Quaid-E-Azam International Airport (KHI),Pakistan,-,0, Substantial, Written off (damaged beyond repair),Dornier 228-201,-,-,1983,-,-, AP-BGF, 8016,STAR Aviation,Unknown,-,-,-,-,-,-,-,-,-,-,-,0,0,-,-,Preliminary
20030220-0,Thursday,20-FEB-2003,08:30,A1, En route (ENR),32 km (20 mls) E of Kohat,Pakistan,17,17, Damaged beyond repair,-,Fokker F-27 Friendship 200,2,Rolls-Royce Dart 532-7,1964,-,-, 10254, 10254,Pakistan AF,Military,-,Islamabad International Airport,ISB,OPRN,Pakistan,Kohat Airport,OHT,OPKT,Pakistan,8,9,8,9,-,-,Preliminary
20030227-0,Thursday,27-FEB-2003,-,A2, En route (ENR),over Atlantic Ocean,Atlantic Ocean,45,0, Minor, Repaired,Aérospatiale / BAC Concorde 101,-,-,1975,-,-, F-BVFA, 205,Air France,International Scheduled Passenger,-,Paris-Charles de Gaulle Airport,CDG,LFPG,France,New York-John F. Kennedy International Airport,JFK,KJFK,United States of America,6,39,0,0,-,-,Preliminary - official
20030227-1,Thursday,27-FEB-2003,19:50,O1, Standing (STD),Blenheim Woodbourne Air Station (BHE),New Zealand,2,0, Damaged beyond repair,-,Fokker F-27 Friendship 500,2,Rolls-Royce Dart 532-7R,1968,-,-, ZK-NAN, 10365,Airwork NZ,Training,-,-,-,-,-,Blenheim-Woodbourne Airport,BHE,NZWB,New Zealand,2,0,0,0,-,-,-
20030301-0,Saturday,01-MAR-2003,14:25,A1, Maneuvering (MNV),2 km (1.3 mls) from  Borki,Russia,25,11, Damaged beyond repair,-,Let L-410UVP,2,Walter M-601D,1983,-,-, FLARF-01032, 831109,Borki Air Club,Parachuting,-,-,-,-,-,-,-,-,-,2,23,2,9,-,-,Final
20030302-0,Sunday,02-MAR-2003,15:04,A2, Approach (APR),"1,6 km (1 mls) W of Kotzebue Airport, AK (OTZ)",United States of America,1,0, Substantial, Repaired,Cessna 208B Grand Caravan,1,Pratt & Whitney Canada PT6A-114A,2001,-,2082.0, N205BA, 208B0890,Bering Air,Ferry/positioning,-,Shungnak Airport,SHG,PAGH,United States of America,Kotzebue Airport,OTZ,PAOT,United States of America,1,0,0,0,-,-,Final
20030305-0,Wednesday,05-MAR-2003,11:50,A2, Initial climb (ICL),"1.8 km (1.1 mls) S of Creswell, OR",United States of America,4,0, Substantial, Repaired,Cessna 208B Grand Caravan,1,Pratt & Whitney Canada PT6A-114,1988,-,8274.0, N9793B, 208B0114,Wright Stuff,Private,-,-,-,-,-,-,-,-,-,1,3,0,0,-,-,Final
20030306-0,Thursday,06-MAR-2003,15:15,A1, Initial climb (ICL),Tamanrasset Airport (TMR),Algeria,103,102, Destroyed, Written off (damaged beyond repair),Boeing 737-2T4,2,Pratt & Whitney JT8D-17A (HK3),1982,27184.0,41472.0, 7T-VEZ, 22700/885,Air Algérie,Domestic Scheduled Passenger,6289,Tamanrasset-Aguemar Airport,TMR,DAAT,Algeria,Ghardaïa-Noumérat Airport,GHA,DAUG,Algeria,6,97,6,96,-,-,Final
20030306-1,Thursday,06-MAR-2003,20:50,A1, Takeoff (TOF),Roma-Fiumicino Airport (FCO),Italy,45,0, Substantial, Written off (damaged beyond repair),ATR 42-300,2,Pratt & Whitney Canada PW120,1986,28492.0,27472.0, I-ATRF, 034,Air Industria,Domestic Scheduled Passenger, 406,Roma-Fiumicino Airport,FCO,LIRF,Italy,Rimini-Miramare Airport,RMI,LIPR,Italy,3,42,0,0,-,-,Final
20030308-0,Saturday,08-MAR-2003,10:27,A1, Landing (LDG),"Kinston Regional Jetport, NC (ISO)",United States of America,2,0, Substantial, Written off (damaged beyond repair),Fokker F-27 Friendship 500RF,2,Rolls-Royce Dart 532-7R,1981,-,26665.0, N712FE, 10613,FedEx,Cargo,-,Greensboro/High Point-Piedmont Triad International Airport,GSO,KGSO,United States of America,New Bern-Craven County Regional Airport,EWN,KEWN,United States of America,2,0,0,0,-,-,Final
20030310-0,Monday,10-MAR-2003,11:00,A2, Landing (LDG),Rumbek Airport (RBX),South Sudan,21,0, Substantial, Repaired,Aero Modifications AMI DC-3-65TP,2,Pratt & Whitney Canada PT6A-65AR,1943,-,48069.0, ZS-MFY, 12073,Rossair,Non Scheduled Passenger,-,-,-,-,-,Rumbek Airport,RBX,HSMK,South Sudan,3,18,0,0,-,-,Preliminary - official
20030312-0,Wednesday,12-MAR-2003,15:28,A2, Takeoff (TOF),Auckland International Airport (AKL),New Zealand,389,0, Substantial, Repaired,Boeing 747-412,4,Pratt & Whitney PW4056,1993,6712.0,43627.0, 9V-SMT, 27137/990,Singapore Airlines,International Scheduled Passenger, 286,Auckland International Airport,AKL,NZAA,New Zealand,Singapore-Changi International Airport,SIN,WSSS,Singapore,20,369,0,0,-,-,Final
20030312-1,Wednesday,12-MAR-2003,-,O1, Standing (STD),Ningbo Airport (NGB),China,-,0, Damaged beyond repair,-,Boeing 737-2T4,2,Pratt & Whitney JT8D-17A,1985,-,-, B-2516, 23447/1167,Xiamen Airlines,Unknown,-,-,-,-,-,-,-,-,-,-,-,0,0,-,-,-
20030312-2,Wednesday,12-MAR-2003,-,A1, Unknown (UNK),"Cherry Point MCAS, NC (NKT)",United States of America,-,0, Damaged beyond repair,-,Grumman C-2A Greyhound,-,-,-,-,-, 162153, 33,US Navy,Military,-,-,-,-,-,-,-,-,-,-,-,0,0,-,-,-
20030315-0,Saturday,15-MAR-2003,14:25,A1, Approach (APR),"28 km (17.5 mls) ESE of Carey, ID",United States of America,3,3, Destroyed, Written off (damaged beyond repair),Cessna 501 Citation I/SP,2,Williams International FJ44-2A,1978,-,7120.0, N70FJ, 501-0073,Dancing Wind Aviation,Private,-,Salt Lake City International Airport,SLC,KSLC,United States of America,Hailey-Friedman Memorial Airport,SUN,KSUN,United States of America,1,2,1,2,-,-,Final
20030315-1,Saturday,15-MAR-2003,17:25,A1, Initial climb (ICL),St. Moritz-Samedan Airport (SMV),Switzerland,3,0, Substantial, Written off (damaged beyond repair),Antonov An-2R,1,Shvetsov ASh-62IR,1982,1408.0,4471.0, LY-KAG, 1G195-22,Kaunas Aviation,Private,-,St. Moritz-Samedan Airport,SMV,LSZS,Switzerland,St. Moritz-Samedan Airport,SMV,LSZS,Switzerland,1,2,0,0,-,-,Final
20030319-0,Wednesday,19-MAR-2003,18:45,H2, En route (ENR),"Key West International Airport, FL (EYW)",United States of America,29,0, None,-,Douglas DC-3C,2,Wright R-1820,1942,-,-, CU-T1192, 10028,Aerotaxi,Domestic Scheduled Passenger, 887,Nueva Gerona-Rafael Cabrera Airport,GER,MUNG,Cuba,Havana-José Martí International Airport,HAV,MUHA,Cuba,3,26,0,0,-,-,- (No safety board investigation)
20030319-1,Wednesday,19-MAR-2003,14:40,A2, Takeoff (TOF),Obuasi Airstrip,Ghana,6,0, Substantial,-,Beechcraft 1900D,2,Pratt & Whitney Canada PT6A-67D,-,-,-, 9G-AGF, UE-136,Ashanti Gold Fields,Executive,-,-,-,-,-,Accra-Kotoka Airport,ACC,DGAA,Ghana,2,4,0,0,-,-,Preliminary - official
20030320-0,Thursday,20-MAR-2003,-,A1, Landing (LDG),Badiraguato Airport,Mexico,5,0, Damaged beyond repair,-,Beechcraft 200 Super King Air,-,-,1976,-,-, XC-ADP, BB-156,Mexican Government,Military,-,Hermosillo-Gen Pesqueira Garcia Airport,HMO,MMHO,Mexico,-,-,-,-,2,3,0,0,-,-,-
20030321-0,Friday,21-MAR-2003,22:35,A1, Landing (LDG),Tainan Airport (TNN),Taiwan,175,0, Substantial, Written off (damaged beyond repair),Airbus A321-131,2,IAE V2530-A5,1996,18580.0,13516.0, B-22603, 602,TransAsia Airways,Domestic Scheduled Passenger,GE543,Taipei-Songshan Airport,TSA,RCSS,Taiwan,Tainan Airport,TNN,RCNN,Taiwan,6,169,0,0,-,-,Final
20030323-0,Sunday,23-MAR-2003,13:25,A1, Landing (LDG),"Santos Air Base, SP (SSZ)",Brazil,3,0, Damaged beyond repair,-,Mitusbishi Mu-300 Diamond IA,-,-,1982,-,-, PT-LNN, A048SA,Chubb do Brasil Companhia de Seguros,Executive,-,Rio de Janeiro-Santos Dumont Airport,SDU,SBRJ,Brazil,Santos Air Base,SSZ,SBST,Brazil,2,1,0,0,-,-,Final
20030323-1,Sunday,23-MAR-2003,14:00,A2, Standing (STD),"Calgary International Airport (CYYC), Alberta",Canada,-,0, Minor, Repaired,Boeing 737-217 Adv,2,Pratt & Whitney JT8D-17A (HK3),1982,-,-, C-GKCP, 22729/915,Zip,Domestic Scheduled Passenger,AC201,Calgary International Airport,YYC,CYYC,Canada,Vancouver International Airport,YVR,CYVR,Canada,-,-,0,0,-,-,-
20030325-0,Tuesday,25-MAR-2003,19:20,A1, Maneuvering (MNV),near El Paujil,Colombia,3,3, Damaged beyond repair,-,Cessna 208B Grand Caravan,1,Pratt & Whitney Canada PT6A-114A,1992,-,-, N5512B, 208B0299,One Leasing,Survey/research,-,-,-,-,-,-,-,-,-,2,1,2,1,-,-,Preliminary - official
20030325-1,Tuesday,25-MAR-2003,-,A1, En route (ENR),off Mallorca,Spain,4,2, Damaged beyond repair,-,Canadair CL-215-6B11 (CL-215T),-,-,1990,-,-, UD.13-29, 1124,Spanish AF,Military,-,-,-,-,-,-,-,-,-,4,0,2,0,-,-,Preliminary
20030326-1,Wednesday,26-MAR-2003,-,A1, Landing (LDG),Oujda-Les Angades Airport (OUD),Morocco,60,0, Damaged beyond repair,-,Boeing 737-4B6,2,CFMI CFM56-3C1,1995,-,-, CN-RNF, 27678/2733,RAM,Passenger,-,-,-,-,-,Oujda-Les Angades Airport,OUD,GMFO,Morocco,7,53,0,0,-,-,Preliminary
20030327-0,Thursday,27-MAR-2003,12:30,A1, En route (ENR),near Mulia,Indonesia,16,4, Damaged beyond repair,-,de Havilland Canada DHC-6 Twin Otter 300,2,Pratt & Whitney Canada PT6A-27,1969,-,-, PK-WAY, 261,Air Regional,Domestic Non Scheduled Passenger,-,Mulia Airport,LII,WABQ,Indonesia,Wamena Airport,WMX,WAJW,Indonesia,2,14,2,2,-,-,Preliminary
20030328-0,Friday,28-MAR-2003,-,H2, Unknown (UNK),Istanbul,Turkey,204,0, None,-,Airbus A310-304,2,General Electric CF6-80C2A2,1988,-,-, TC-JCZ, 480,THY,Domestic Scheduled Passenger, 160,Istanbul-Atatürk International Airport,IST,LTBA,Turkey,Ankara-Esenboga Airport,ESB,LTAC,Turkey,8,196,0,0,-,-,-
20030331-0,Monday,31-MAR-2003,-,H2, Unknown (UNK),"Key West International Airport, FL (EYW)",United States of America,46,0, None,-,Antonov An-24RV,2,Ivchenko AI-24VT,1972,-,-, CU-T1294, 27308105,Cubana,Domestic Scheduled Passenger,-,Nueva Gerona-Rafael Cabrera Airport,GER,MUNG,Cuba,Havana-José Martí International Airport,HAV,MUHA,Cuba,6,40,0,0,-,-,- (No safety board investigation)
20030399-0,-,xx-MAR-2003,-,A1, Landing (LDG),Rumbek,South Sudan,-,0, Damaged beyond repair,-,Hawker Siddeley HS-780 Andover C.1,2,Rolls-Royce Dart 201,1966,-,-, 3C-KKB, Set 9,748 Air Services,Cargo,-,-,-,-,-,-,-,-,-,-,-,0,0,-,-,Preliminary
20030404-0,Friday,04-APR-2003,09:35,A1, Approach (APR),"1,6 km (1 mls) SE of Fitchburg Municipal Airport, MA (FIT)",United States of America,7,6, Damaged beyond repair,-,Beechcraft B200 King Air,2,Pratt & Whitney Canada PT6A-42,2001,-,359.0, N257CG, BB-1739,FS Corsair Inc,Private,-,New York-La Guardia Airport,LGA,KLGA,United States of America,Fitchburg Municipal Airport,FIT,KFIT,United States of America,1,6,1,5,-,-,Final
20030404-2,Friday,04-APR-2003,-,O1, Standing (STD),Al Taqqadum,Iraq,0,0, Damaged beyond repair,-,Ilyushin Il-76,-,-,-,-,-, registration unknown,-,Iraqi AF,-,-,-,-,-,-,-,-,-,-,0,0,0,0,-,-,Preliminary
20030405-1,Saturday,05-APR-2003,-,O1, Standing (STD),"Dallas/Fort Worth International Airport, TX (DFW)",United States of America,0,0, Damaged beyond repair,-,Saab 340B,2,General Electric CT7-9B,1991,27003.0,23650.0, N243AE, 340B-243,American Eagle Airlines,-,-,-,-,-,-,-,-,-,-,0,0,0,0,-,-,- (No safety board investigation)
20030405-2,Saturday,05-APR-2003,20:00,O1, Standing (STD),"Dallas/Fort Worth International Airport, TX (DFW)",United States of America,0,0, Damaged beyond repair,-,Saab 340B,2,General Electric CT7-9B,1991,-,-, N268AE, 340B-268,American Eagle Airlines,-,-,-,-,-,-,-,-,-,-,0,0,0,0,-,-,- (No safety board investigation)
20030407-0,Monday,07-APR-2003,12:12,A1, Landing (LDG),Zürich-Kloten Airport (ZRH),Switzerland,3,0, Damaged beyond repair,-,Cessna 501 Citation I/SP,2,Pratt & Whitney Canada JT15D-1A,1974,14054.0,13309.0, EC-HFA, 500-0209,Ibiza Flights,Private,-,Barcelona-El Prat Airport,BCN,LEBL,Spain,Zürich-Kloten Airport,ZRH,LSZH,Switzerland,1,2,0,0,-,-,Final
20030408-0,Tuesday,08-APR-2003,18:50,A1, Unknown (UNK),"14 km (8.8 mls) WSW of Saint Louis-Lambert International Airport, MO (STL)",United States of America,2,0, Destroyed, Written off (damaged beyond repair),Dassault Falcon 20C,2,General Electric CF700-2D2,1967,-,15899.0, N179GA, 100,Grand Aire Express,Cargo, 179,Del Rio International Airport,DRT,KDRT,United States of America,Saint Louis-Lambert International Airport,STL,KSTL,United States of America,2,0,0,0,-,-,Final
20030408-1,Tuesday,08-APR-2003,13:49,A1, Approach (APR),"3 km (1.9 mls) W of Toledo, OH",United States of America,3,3, Destroyed, Written off (damaged beyond repair),Dassault Falcon 20C,2,General Electric CF700-2D2,1968,-,19093.0, N183GA, 147,Grand Aire Express,Training,-,Traverse City Airport,TVC,KTVC,United States of America,Toledo-Express Airport,TOL,KTOL,United States of America,2,1,2,1,-,-,Final
20030409-0,Wednesday,09-APR-2003,07:15,A1, Approach (APR),"Dubois-Jefferson County Airport, PA (DUJ)",United States of America,2,0, Substantial, Written off (damaged beyond repair),Shorts 330-200,2,Pratt & Whitney Canada PT6A-45R,1980,-,24401.0, N805SW, SH.3055,SkyWay Enterprises,Cargo,1170,Pittsburgh International Airport,PIT,KPIT,United States of America,Dubois-Jefferson County Airport,DUJ,KDUJ,United States of America,2,0,0,0,-,-,Final
20030409-1,Wednesday,09-APR-2003,-,A1, Takeoff (TOF),Urgench Airport (UGC),Uzbekistan,-,0, Substantial, Written off (damaged beyond repair),Yakovlev Yak-40,3,Ivchenko AI-25,1973,-,-, UK-87367, 9341731,Uzbekistan Airways,Unknown,-,Urgench Airport,UGC,UTNU,Uzbekistan,-,-,-,-,-,-,0,0,-,-,-
20030410-0,Thursday,10-APR-2003,-,A1, Maneuvering (MNV),Qum,Iran,2,0, Damaged beyond repair,-,Antonov An-2R,-,-,1976,-,-, SP-WPZ, 1G167-31,ZUA,Agricultural,-,-,-,-,-,-,-,-,-,2,0,0,0,-,-,-
20030411-0,Friday,11-APR-2003,21:52,A1, Landing (LDG),Sredny Island,Russia,14,0, Substantial, Written off (damaged beyond repair),Antonov An-12BP,4,Ivchenko AI-20M,1970,-,-, RA-12981, 00347104,Zapolyarye Airlines,Cargo,-,Salekhard Airport,SLY,USDD,Russia,-,-,-,-,7,7,0,0,-,-,-
20030414-0,Monday,14-APR-2003,18:30,A1, Approach (APR),"6,5 km (4.1 mls) W of Chetumal Airport (CTM)",Mexico,3,3, Destroyed, Written off (damaged beyond repair),Grumman HU-16C Albatross,-,-,1954,-,-, N7026Y, G-394,private,Private,-,-,-,-,-,Chetumal Airport,CTM,MMCM,Mexico,1,2,1,2,-,-,Preliminary - official
20030415-0,Tuesday,15-APR-2003,20:41,A1, Landing (LDG),"Denver International Airport, CO (DEN)",United States of America,2,0, Substantial, Written off (damaged beyond repair),Swearingen SA226-TC Metro II,2,Garrett TPE331-10UA,1979,-,31643.0, N229AM, TC-305,Superior Aviation,Cargo,1813,Gunnison-Crested Butte Regional Airport,GUC,KGUC,United States of America,Denver International Airport,DEN,KDEN,United States of America,2,0,0,0,-,-,Final
20030415-1,Tuesday,15-APR-2003,-,A1, Takeoff (TOF),at an unknown location,Democratic Republic of the Congo,3,0, Damaged beyond repair,-,Vickers 836 Viscount,-,-,-,-,-, 9Q-CGL, 435,Trans Intair,Unknown,-,-,-,-,-,-,-,-,-,3,0,0,0,-,-,-
20030417-0,Thursday,17-APR-2003,15:30,A1, Landing (LDG),"Seattle/Tacoma International Airport, WA (SEA)",United States of America,2,0, Substantial, Written off (damaged beyond repair),Fokker F-27 Friendship 600,2,Rolls-Royce Dart 532-7R,1968,-,50151.0, N730FE, 10386,FedEx,Cargo,8202,Ketchikan International Airport,KTN,PAKT,United States of America,Seattle/Tacoma International Airport,SEA,KSEA,United States of America,2,0,0,0,-,-,Final
20030418-0,Friday,18-APR-2003,10:33,A2, Landing (LDG),Brazzaville-Maya Maya Airport (BZV),Congo,45,0, Substantial, Repaired,McDonnell Douglas DC-9-32,2,Pratt & Whitney JT8D-9A,1971,-,-, 9Q-CWF, 47531/638,Wetrafa,Domestic Scheduled Passenger,-,Kinshasa-N'Djili Airport,FIH,FZAA,Democratic Republic of the Congo,Mbuji-Mayi Airport,MJM,FZWA,Democratic Republic of the Congo,8,37,0,0,-,-,-
20030418-1,Friday,18-APR-2003,22:20,A2, Standing (STD),"Saskatoon Airport, Saskatchewan",Canada,3,0, Substantial, Repaired,Swearingen SA227-AC Metro III,2,Garrett TPE331-11U,1981,-,-, C-GERW, AC-479,Northern Dene Airways,Domestic Scheduled Passenger,KA1050,Saskatoon Airport,YXE,CYXE,Canada,Prince Albert Airport,YPA,CYPA,Canada,-,-,0,0,-,-,-
20030422-0,Tuesday,22-APR-2003,-,O2, Standing (STD),Dhaka-Zia International Airport (DAC),Bangladesh,0,0, Substantial, Repaired,Fokker F-28 Fellowship 4000,2,Rolls-Royce Spey 555-15H,1977,-,-, S2-ACV, 11124,Biman Bangladesh,-,-,-,-,-,-,-,-,-,-,0,0,0,0,-,-,-
20030423-0,Wednesday,23-APR-2003,18:02,A1, Approach (APR),"11 km (6.9 mls) from  Prince Albert, SK",Canada,6,0, Damaged beyond repair,-,Beechcraft 99A Airliner,2,Pratt & Whitney Canada PT6A-27,1969,-,-, C-FDYF, U-110,Transwest Air,Domestic Scheduled Passenger, 602,Saskatoon Airport,YXE,CYXE,Canada,Prince Albert Airport,YPA,CYPA,Canada,2,4,0,0,-,-,Final
20030425-0,Friday,25-APR-2003,-,A2, Landing (LDG),Beni Airport (BNC),Democratic Republic of the Congo,10,0, Substantial,-,Antonov An-26,-,-,-,-,-, registration unknown,-,Unknown,Passenger,-,-,-,-,-,Beni Airport,BNC,FZNP,Democratic Republic of the Congo,4,6,0,0,-,-,Preliminary
20030425-1,Friday,25-APR-2003,-,O1, Standing (STD),El Fasher Airport (ELF),Sudan,0,0, Damaged beyond repair,-,Antonov An-24,-,-,-,-,-, 700,-,Sudan AF,Military,-,-,-,-,-,-,-,-,-,0,0,0,0,-,-,-
20030426-0,Saturday,26-APR-2003,10:05,A1, Maneuvering (MNV),"16 km (10 mls) N of Loma Alta, TX",United States of America,1,1, Destroyed, Written off (damaged beyond repair),Sino Swearingen SJ30-2,2,Williams International FJ44-2A,2000,-,284.0, N138BF, 002,Sino Swearingen,Test,-,San Antonio International Airport,SAT,KSAT,United States of America,San Antonio International Airport,SAT,KSAT,United States of America,1,0,1,0,-,-,Final
20030428-0,Monday,28-APR-2003,07:30,A1, Approach (APR),near Mulia,Indonesia,4,0, Substantial,-,de Havilland Canada DHC-6 Twin Otter 300,2,Pratt & Whitney Canada PT6A-27,1971,-,-, PK-WAR, 313,Air Regional,Unknown,-,Wamena Airport,WMX,WAJW,Indonesia,Mulia Airport,LII,WABQ,Indonesia,3,1,0,0,-,-,Preliminary
20030428-1,Monday,28-APR-2003,-,A1, Landing (LDG),Dnepropetrovsk Airport (DNK),Ukraine,17,0, Substantial, Written off (damaged beyond repair),Yakovlev Yak-40,3,Ivchenko AI-25,1977,-,-, UR-87918, 9730855,Dniproavia,Domestic Scheduled Passenger,-,-,-,-,-,Dnepropetrovsk Airport,DNK,UKDD,Ukraine,4,13,0,0,-,-,Preliminary - official
20030429-0,Tuesday,29-APR-2003,19:30,A1, Landing (LDG),Kinshasa-N'Djili Airport (FIH),Democratic Republic of the Congo,15,0, Substantial,-,Beechcraft 1900C-1,2,Pratt & Whitney Canada PT6A-65B,1989,-,-, TR-LFQ, UC-80,Avirex,Int'l Non Scheduled Passenger,-,Brazzaville-Maya Maya Airport,BZV,FCBB,Congo,Kinshasa-N'Djili Airport,FIH,FZAA,Democratic Republic of the Congo,2,13,0,0,-,-,Preliminary
20030430-0,Wednesday,30-APR-2003,-,A1, Landing (LDG),Ocaña-Aguas Claras Airport (OCV),Colombia,-,0, Damaged beyond repair,-,Basler BT-67 Turbo 67 (DC-3T),2,Pratt & Whitney Canada PT6A-67R,1944,-,-, PNC-0212, 13110,Colombian Police,Military,-,-,-,-,-,Ocaña-Aguas Claras Airport,OCV,SKOC,Colombia,-,-,0,0,-,-,-
20030508-0,Thursday,08-MAY-2003,-,A1, En route (ENR),near Kinshasa,Democratic Republic of the Congo,115,7, Substantial, Written off (damaged beyond repair),Ilyushin Il-76MD,4,Soloviev D-30KP-2,1986,-,-, UR-UCB, 0063467003,Ukrainian Cargo Airways,Military,-,-,-,-,-,Lubumbashi-Luano Airport,FBM,FZQA,Democratic Republic of the Congo,6,109,0,7,-,-,Preliminary
20030508-1,Thursday,08-MAY-2003,-,C1, Approach (APR),near Bunia Airport (BUX),Democratic Republic of the Congo,-,0, Damaged beyond repair,-,North American Rockwell Sabreliner 40A,-,-,1972,-,-, N250EC, 282-110,Professional Maintenance Services,Official state flight,-,-,-,-,-,Bunia Airport,BUX,FZKA,Democratic Republic of the Congo,-,-,0,0,-,-,-
20030510-0,Saturday,10-MAY-2003,-,A2, Unknown (UNK),at an unknown location,Unknown country,-,-, Substantial,-,Antonov An-2R,-,-,-,-,-, UK-68038, 1G193-10,Uzbekistan Airways,Agricultural,-,-,-,-,-,-,-,-,-,-,-,-,-,-,-,-
20030511-0,Sunday,11-MAY-2003,-,A1, Landing (LDG),Asmara International Airport (ASM),Eritrea,7,0, Damaged beyond repair,-,Antonov An-12B,4,Ivchenko AI-20M,1969,-,-, ER-AXD, 9346602,Pecotox Air,Cargo,-,Dubai Airport,DXB,OMDB,United Arab Emirates,Asmara International Airport,ASM,HAAY,Eritrea,5,2,0,0,-,-,-
20030514-0,Wednesday,14-MAY-2003,-,A2, Pushback / towing (PBT),Paris-Charles de Gaulle Airport (CDG),France,-,0, Substantial, Repaired,Fokker 100,2,Rolls-Royce Tay 620-15,1990,-,-, F-GNLH, 11311,Blue Line,Unknown,-,-,-,-,-,-,-,-,-,-,-,0,0,-,-,Preliminary
20030515-0,Thursday,15-MAY-2003,17:10,A1, En route (ENR),"7 km (4.4 mls) W of Lorain County Regional Airport, OH (LPR)",United States of America,1,0, Substantial, Written off (damaged beyond repair),Cessna 208B Super Cargomaster,1,Pratt & Whitney Canada PT6A-114A,1987,-,12059.0, N208AD, 208B0063,DK&L Comp.,Ferry/positioning,-,-,-,-,-,Anderson Municipal Airport,AID,KAID,United States of America,1,0,0,0,-,-,Final
20030515-1,Thursday,15-MAY-2003,08:33,A1, Landing (LDG),"6 km (3.8 mls) NE of Coffs Harbour Airport, NSW (CFS)",Australia,4,0, Damaged beyond repair,-,Beechcraft 200C Super King Air,-,-,1985,-,-, VH-AMR, BL-126,Royal Flying Doctor Service,Ambulance,-,Sydney-Kingsford Smith International Airport,SYD,YSSY,Australia,Coffs Harbour Airport,CFS,YSCH,Australia,3,1,0,0,-,-,Final
20030515-2,Thursday,15-MAY-2003,-,U1, Unknown (UNK),unknown,Democratic Republic of the Congo,-,-, Damaged beyond repair,-,North American Rockwell Sabreliner 60,-,-,1969,-,-, N856MA, 306-41,private,Unknown,-,-,-,-,-,-,-,-,-,-,-,-,-,-,-,-
20030516-0,Friday,16-MAY-2003,-,A1, En route (ENR),near Menongue,Angola,4,4, Damaged beyond repair,-,Antonov An-12BK,4,Ivchenko AI-20M,1969,-,-, T-307, 9346608,Angolan AF,Military,-,Menongue Airport,SPP,FNME,Angola,-,-,-,-,4,0,4,0,-,-,Preliminary
20030516-1,Friday,16-MAY-2003,13:21,A1, En route (ENR),45 km (28.1 mls) from  Sangara,Russia,13,0, Damaged beyond repair,-,Antonov An-3T,-,-,1983,-,-, RA-05881, 2218,Polyarnye Avialinii,Domestic Scheduled Passenger,-,-,-,-,-,-,-,-,-,2,11,0,0,-,-,Preliminary - official
20030518-0,Sunday,18-MAY-2003,09:35,A1, Takeoff (TOF),"Houston-West Houston Airport, TX (IWS)",United States of America,1,0, Damaged beyond repair,-,Beechcraft 300 Super King Air 350,2,Pratt & Whitney Canada PT6A-60A,1990,-,-, N2SM, FL-24,Oso-Rio,Private,-,Houston-William P. Hobby Airport,HOU,KHOU,United States of America,Houston-West Houston Airport,IWS,KIWS,United States of America,1,0,0,0,-,-,Final
20030521-0,Wednesday,21-MAY-2003,11:25,A1, Landing (LDG),Iwakuni MCAS,Japan,4,4, Damaged beyond repair,-,Learjet U-36A,-,-,-,-,-, 9202, 36-056,Japanese Navy,Military,-,-,-,-,-,-,-,-,-,4,0,4,0,-,-,Preliminary
20030522-0,Thursday,22-MAY-2003,11:00,A2, Initial climb (ICL),"4 km (2.5 mls) E of Lac du Bonnet, MB",Canada,4,0, Substantial, Repaired,de Havilland Canada DHC-3 Otter,-,-,1957,-,-, C-GGON, 225,Whiteshell Air Service,Domestic Non Scheduled Passenger,-,-,-,-,-,-,-,-,-,1,3,0,0,-,-,Final
20030524-0,Saturday,24-MAY-2003,21:36,A2, Landing (LDG),"Amarillo International Airport, TX (AMA)",United States of America,68,0, Substantial, Repaired,Boeing 737-3H4,2,CFMI CFM56-3B1,1989,45130.0,48001.0, N343SW, 24151/1686,Southwest Airlines,Domestic Scheduled Passenger,2066,Las Vegas-McCarran International Airport,LAS,KLAS,United States of America,Amarillo International Airport,AMA,KAMA,United States of America,5,63,0,0,-,-,Final
20030526-0,Monday,26-MAY-2003,04:12,A1, Approach (APR),"3,5 km (2.2 mls) E of Maçka",Turkey,75,75, Destroyed, Written off (damaged beyond repair),Yakovlev Yak-42D,3,Lotarev D-36,1988,9700.0,18739.0, UR-42352, 4520421811395,UM Air,Int'l Non Scheduled Passenger,4230,Bishkek-Manas International Airport,FRU,UAFM,Kyrgyzstan,Trabzon Airport,TZX,LTCG,Turkey,13,62,13,62,-,-,Final
20030527-0,Tuesday,27-MAY-2003,-,A1, Landing (LDG),Goma Airport (GOM),Democratic Republic of the Congo,4,0, Damaged beyond repair,-,Antonov An-12BP,4,Ivchenko AI-20M,1964,-,-, 9L-LCR, 4341801,Showa Air,Cargo,-,Kisangani-Bangoka International Airport,FKI,FZIC,Democratic Republic of the Congo,Goma Airport,GOM,FZNA,Democratic Republic of the Congo,4,0,0,0,-,-,-
20030528-0,Wednesday,28-MAY-2003,13:25,A2, Landing (LDG),Leeds/Bradford Airport (LBA),United Kingdom,10,0, Substantial, Repaired,Cessna 560 Citation Encore+,2,Pratt & Whitney Canada PW535A,2001,-,-, D-CAUW, 560-0578,AW Aerowest,Domestic Non Scheduled Passenger,-,Hannover Airport,HAJ,EDDV,Germany,Leeds/Bradford Airport,LBA,EGNM,United Kingdom,2,8,0,0,-,-,Final
20030529-0,Thursday,29-MAY-2003,15:10,H2, En route (ENR),"Melbourne-Tullamarine Airport, VIC (MEL)",Australia,53,0, None,-,Boeing 717-231,2,BMW RR BR715,2001,-,-, VH-VQI, 55095/5087,QantasLink/Impulse,Domestic Scheduled Passenger,1737,Melbourne-Tullamarine Airport,MEL,YMML,Australia,Launceston Airport,LST,YMLT,Australia,6,47,0,0,-,-,- (No safety board investigation)
20030601-0,Sunday,01-JUN-2003,15:26,A1, Initial climb (ICL),"0,3 km (0.2 mls) from  Milano-Linate Airport (LIN)",Italy,2,2, Damaged beyond repair,-,Learjet 45,2,Garrett TFE731-20AR-1B,2000,-,-, I-ERJC, 45-093,Eurojet Italia,Unknown,-,Milano-Linate Airport,LIN,LIML,Italy,Genoa-Cristoforo Colombo Airport,GOA,LIMJ,Italy,2,0,2,0,-,-,Preliminary
20030602-0,Monday,02-JUN-2003,-,O1, Standing (STD),"Laredo International Airport, TX (LRD)",United States of America,0,0, Damaged beyond repair,-,Rockwell T-39D Sabreliner,-,-,-,-,-, XA-AAG, 277-2,Jett Paqueteria,-,-,-,-,-,-,-,-,-,-,0,0,0,0,-,-,-
20030602-1,Monday,02-JUN-2003,-,O1, Standing (STD),"Laredo International Airport, TX (LRD)",United States of America,0,0, Damaged beyond repair,-,Rockwell T-39D Sabreliner,-,-,-,-,-, XA-AAI, 277-6,Jett Paqueteria,-,-,-,-,-,-,-,-,-,-,0,0,0,0,-,-,-
20030602-2,Monday,02-JUN-2003,-,O1, Standing (STD),"Laredo International Airport, TX (LRD)",United States of America,0,0, Damaged beyond repair,-,Rockwell T-39D Sabreliner,-,-,-,-,-, XA-AAF, 277-7,Jett Paqueteria,-,-,-,-,-,-,-,-,-,-,0,0,0,0,-,-,-
20030602-3,Monday,02-JUN-2003,-,O1, Standing (STD),"Laredo International Airport, TX (LRD)",United States of America,0,0, Damaged beyond repair,-,Rockwell T-39D Sabreliner,-,-,-,-,-, XA-AAJ, 285-1,Jett Paqueteria,-,-,-,-,-,-,-,-,-,-,0,0,0,0,-,-,-
20030602-4,Monday,02-JUN-2003,-,O1, Standing (STD),"Laredo International Airport, TX (LRD)",United States of America,0,0, Damaged beyond repair,-,Rockwell T-39D Sabreliner,-,-,-,-,-, XA-AAH, 285-25,Jett Paqueteria,-,-,-,-,-,-,-,-,-,-,0,0,0,0,-,-,-
20030602-5,Monday,02-JUN-2003,-,O1, Standing (STD),"Laredo International Airport, TX (LRD)",United States of America,0,0, Damaged beyond repair,-,North American Rockwell CT-39E Sabreliner,-,-,1967,-,-, XA-AAW, 282-85,Jett Paqueteria,-,-,-,-,-,-,-,-,-,-,0,0,0,0,-,-,-
20030605-0,Thursday,05-JUN-2003,18:00,A1, Maneuvering (MNV),"Lake Wicksteed, ON",Canada,1,0, Damaged beyond repair,-,de Havilland Canada DHC-6 Twin Otter 300,2,Pratt & Whitney Canada PT6A-27,1981,-,-, C-GOGC, 750,Ontario Ministry of Natural Res.,Fire fighting,-,Hornepayne Airport,YHN,CYHN,Canada,Hornepayne Airport,YHN,CYHN,Canada,1,0,0,0,-,-,Final
20030608-0,Sunday,08-JUN-2003,-,A2, Approach (APR),"near Porto Belo Farm, RJ",Brazil,9,0, Substantial, Repaired,Britten-Norman BN-2A-8 Islander,-,-,1975,-,-, PT-KQS, 434,private,Domestic Non Scheduled Passenger,-,-,-,-,-,-,-,-,-,1,8,0,0,-,-,-
20030614-0,Saturday,14-JUN-2003,16:05,A1, Initial climb (ICL),Nueva Gerona-Rafael Cabrera Airport (GER),Cuba,52,0, Damaged beyond repair,-,Antonov An-24RV,2,Ivchenko AI-24VT,1972,-,-, CU-T1295, 27307508,Cubana,International Scheduled Passenger,-,Nueva Gerona-Rafael Cabrera Airport,GER,MUNG,Cuba,-,-,-,-,4,48,0,0,-,-,Preliminary - official
20030614-1,Saturday,14-JUN-2003,-,A1, Landing (LDG),Jaffna-Palaly Air Base (JAF),Sri Lanka,-,0, Damaged beyond repair,-,Antonov An-32B,2,Ivchenko AI-20,1996,-,-, CR866, 3601,Sri Lanka AF,Military,-,Colombo-Ratmalana Airport,RML,VCCC,Sri Lanka,Jaffna-Palaly Air Base,JAF,VCCJ,Sri Lanka,-,50,0,0,-,-,-
20030616-0,Monday,16-JUN-2003,06:30,A1, Landing (LDG),Adar Yel,South Sudan,45,0, Damaged beyond repair,-,Fokker 50,2,Pratt & Whitney Canada PW125B,1989,-,-, ST-ARA, 20154,Mid Airlines,Domestic Scheduled Passenger,-,Khartoum-Civil Airport,KRT,HSSS,Sudan,-,-,-,-,3,42,0,0,-,-,Preliminary
20030616-1,Monday,16-JUN-2003,13:39,A2, Landing (LDG),Bristol Airport (BRS),United Kingdom,185,0, Substantial, Repaired,Airbus A320-231,2,IAE V2500-A1,1992,-,-, C-GTDK, 338,Skyservice Airlines,Int'l Non Scheduled Passenger,-,Kerkyra-I. Kapodistrias Airport,CFU,LGKR,Greece,Bristol Airport,BRS,EGGD,United Kingdom,7,178,0,0,-,-,Final
20030617-0,Tuesday,17-JUN-2003,09:22,A2, Takeoff (TOF),Groningen-Eelde Airport (GRQ),Netherlands,149,0, Substantial, Repaired,McDonnell Douglas MD-88,2,Pratt & Whitney JT8D-219,1997,-,-, TC-ONP, 53549/2185,Onur Air,Domestic Non Scheduled Passenger,2264,Groningen-Eelde Airport,GRQ,EHGG,Netherlands,Maastricht/Aachen Airport,MST,EHBK,Netherlands,7,142,0,0,-,-,Final
20030622-0,Sunday,22-JUN-2003,23:55,A1, Approach (APR),2 km (1.3 mls) from  Brest-Guipavas Airport (BES),France,24,1, Damaged beyond repair,-,Canadair CL-600-2B19 Regional Jet CRJ-100ER,2,General Electric CF34-3A1,2000,6552.0,6649.0, F-GRJS, 7377,Brit Air,Domestic Scheduled Passenger,5672,Nantes Atlantique Airport,NTE,LFRS,France,Brest-Guipavas Airport,BES,LFRB,France,3,21,1,0,-,-,Final
20030624-0,Tuesday,24-JUN-2003,-,A1, Takeoff (TOF),Nyagan Airport,Russia,11,0, Damaged beyond repair,-,Tupolev Tu-134SKh,-,-,1987,-,-, RA-65929, 66495,Voronezh Avia,"Aerial Work (Calibration, Photo)",-,-,-,-,-,Salekhard Airport,SLY,USDD,Russia,6,5,0,0,-,-,Final
20030625-0,Wednesday,25-JUN-2003,13:00,A1, En route (ENR),near Rudshour,Iran,7,7, Damaged beyond repair,-,Lockheed C-130 Hercules,-,-,-,-,-, registration unknown,-,Iran AF,Military,-,Tehran-Mehrabad Airport,THR,OIII,Iran,Tehran-Mehrabad Airport,THR,OIII,Iran,7,0,7,0,-,-,Preliminary
20030626-0,Thursday,26-JUN-2003,19:30,A1, En route (ENR),near Rooisand Desert Ranch,Namibia,4,4, Damaged beyond repair,-,Cessna 208B Grand Caravan,1,Pratt & Whitney Canada PT6A-114A,1996,-,-, V5-CAS, 208B0549,Comav Aviation,Ambulance,-,-,-,-,-,-,-,-,-,1,3,1,3,-,-,Final
20030630-0,Monday,30-JUN-2003,10:45,A1, Initial climb (ICL),Blida,Algeria,5,5, Destroyed, Written off (damaged beyond repair),Lockheed C-130H Hercules,-,-,1982,-,-, 7T-WHQ, 4926,Algerian AF,Military,-,-,-,-,-,-,-,-,-,5,0,5,0,-,10,Preliminary
20030699-0,-,xx-JUN-2003,-,A1, Unknown (UNK),near Myachkovo Airport,Russia,-,0, Damaged beyond repair,-,Let L-410UVP,-,-,1981,-,-, FLARF01192, 810718,Aeroklub KVS,Unknown,-,-,-,-,-,-,-,-,-,-,-,0,0,-,-,-
20030703-0,Thursday,03-JUL-2003,12:00,A2, En route (ENR),near Bahía Ballena,Costa Rica,13,0, Substantial, Repaired,Cessna 208B Grand Caravan,1,Pratt & Whitney Canada PT6A-114,1999,-,-, HP-1403APP, 208B0790,SANSA,Domestic Scheduled Passenger,1612,Bahía Drake (Drake Bay) Airport,DRK,MDRK,Costa Rica,San José-Juan Santamaria International Airport,SJO,MROC,Costa Rica,2,11,0,0,-,-,Final
20030706-0,Sunday,06-JUL-2003,22:55,A2, Landing (LDG),"Curitiba-Afonso Pena Airport, PR (CWB)",Brazil,4,0, Substantial, Repaired,McDonnell Douglas DC-10-30CF,3,General Electric CF6-50C2,1973,-,-, OB-1749, 46891/127,Cielos del Peru,Cargo,-,Sal-Amilcar Cabral International Airport,SID,GVAC,Cape Verde,Curitiba-Afonso Pena International Airport,CWB,SBCT,Brazil,4,0,0,0,-,-,Preliminary
20030708-0,Tuesday,08-JUL-2003,04:17,A1, Approach (APR),5 km (3.1 mls) E of Port Sudan,Sudan,117,116, Destroyed, Written off (damaged beyond repair),Boeing 737-2J8C,2,Pratt & Whitney JT8D-7,1975,-,-, ST-AFK, 21169/429,Sudan Airways,Domestic Scheduled Passenger, 139,Port Sudan Airport,PZU,HSSP,Sudan,Khartoum-Civil Airport,KRT,HSSS,Sudan,11,106,11,105,-,-,Preliminary
20030710-0,Thursday,10-JUL-2003,-,O1, Standing (STD),"Jacksonville NAS, FL (NIP)",United States of America,0,0, Damaged beyond repair,-,Lockheed P-3C Orion,4,Allison T56-A14,1988,-,-, 163005, 185-5812,US Navy,Military,-,-,-,-,-,-,-,-,-,0,0,0,0,-,-,-
20030711-0,Friday,11-JUL-2003,06:38,A1, Takeoff (TOF),Dhaka-Zia International Airport (DAC),Bangladesh,5,0, Damaged beyond repair,-,Boeing 707-3J6C,4,Pratt & Whitney JT3D-7 (HK2/COM),1974,-,-, 5X-AMW, 20723/879,Air Memphis,Cargo,-,Dhaka-Zia International Airport,DAC,VGZR,Bangladesh,Amman-Queen Alia International Airport,AMM,OJAI,Jordan,5,0,0,0,-,-,Preliminary
20030713-0,Sunday,13-JUL-2003,14:15,A1, En route (ENR),near San Cristobal,Venezuela,10,4, Damaged beyond repair,-,Let L-410UVP-E,2,Walter M-601E,1990,-,-, YV-1060CP, 902505,Ruiban and Duran,Domestic Non Scheduled Passenger,-,-,-,-,-,San Cristóbal Airport,SCI,SVPM,Venezuela,2,8,0,4,-,-,Preliminary
20030716-0,Wednesday,16-JUL-2003,12:21,A1, Maneuvering (MNV),"4,6 km (2.9 mls) S of Cranbrook, BC",Canada,2,2, Destroyed, Written off (damaged beyond repair),Lockheed L-188A Electra,4,Allison 501-D13,1959,-,38775.0, C-GFQA, 1040,Air Spray,Fire fighting,-,Cranbrook Airport,YXC,CYXC,Canada,Cranbrook Airport,YXC,CYXC,Canada,2,0,2,0,-,-,Final
20030719-0,Saturday,19-JUL-2003,18:00,A1, En route (ENR),Mount Kenya,Kenya,14,14, Destroyed, Written off (damaged beyond repair),Swearingen SA226-TC Metro II,2,Garrett TPE331-3UW-303G,1980,-,-, ZS-OYI, TC-349,Ryan Blake Air Charter,Domestic Non Scheduled Passenger,-,Nairobi-Wilson Airport,WIL,HKNW,Kenya,Samburu Airport,UAS,HKSB,Kenya,2,12,2,12,-,-,Final
20030722-0,Tuesday,22-JUL-2003,10:15,A2, En route (ENR),"Oak Harbor, WA",United States of America,2,0, Substantial,-,Cessna 525 CitationJet,2,Williams International FJ44-1A,1996,-,590.0, N996JR, 525-0147,Tango Corp.,Private,-,Victoria International Airport,YYJ,CYYJ,Canada,Boise Air Terminal,BOI,KBOI,United States of America,1,1,0,0,-,-,Final
20030723-0,Wednesday,23-JUL-2003,08:40,A1, Approach (APR),"Sorocaba, SP",Brazil,3,1, Damaged beyond repair,-,Cessna 551 Citation II/SP,-,-,-,-,-, PT-LME, 551-0023,Água Limpa Transportes,Unknown,-,Lins Airport,LIP,SBLN,Brazil,Sorocaba Airport,SOD,SDCO,Brazil,2,1,1,0,-,-,-
20030801-0,Friday,01-AUG-2003,-,A2, Takeoff (TOF),Faro Airport (FAO),Portugal,-,0, Minor, Repaired,Tupolev Tu-154M,3,Soloviev D-30KU-154-II,1988,-,-, RA-85847, 88A792,Avialinii 400,Int'l Non Scheduled Passenger,9664,Faro Airport,FAO,LPFR,Portugal,Moskva-Domodedovo Airport,DME,UUDD,Russia,-,151,0,0,-,-,Final
20030802-0,Saturday,02-AUG-2003,14:00,A1, Landing (LDG),"Ulu mine strip, NT",Canada,4,0, Damaged beyond repair,-,Douglas C-54G-10-DO (DC-4),4,Pratt & Whitney R-2000,1945,-,-, C-GBSK, 36049,Buffalo Airways,Cargo,-,-,-,-,-,-,-,-,-,4,0,0,0,-,-,Preliminary - official
20030802-1,Saturday,02-AUG-2003,12:30,A2, En route (ENR),Welzow,Germany,13,0, Substantial, Repaired,Antonov An-2TP,-,-,-,-,-, D-FONE, 181(473)18,Sachsische Luftfahrt Service,Domestic Non Scheduled Passenger,-,Essen-Mülheim Airport,ESS,EDLE,Germany,Essen-Mülheim Airport,ESS,EDLE,Germany,1,12,0,0,-,-,Final
20030804-0,Monday,04-AUG-2003,06:39,A1, Approach (APR),"Groton, CT",United States of America,2,2, Destroyed, Written off (damaged beyond repair),Learjet 35A,2,Garrett TFE731-2-2B,-,-,9287.0, N135PT, 35A-509,Air East Management,Ferry/positioning,-,Farmingdale-Republic Field,FRG,KFRG,United States of America,Groton-New London Airport,GON,KGON,United States of America,2,0,2,0,-,-,Final
20030808-0,Friday,08-AUG-2003,09:32,A1, Approach (APR),Tocomita,Venezuela,16,1, Damaged beyond repair,-,Cessna 208B Grand Caravan,1,Pratt & Whitney Canada PT6A-114A,1998,-,-, YV-1069C, 208B0713,SASCA,Domestic Non Scheduled Passenger,-,Porlamar-del Caribe Santiago Mariño International Airport,PMV,SVMG,Venezuela,Canaima Airport,CAJ,SVCN,Venezuela,3,13,1,0,-,-,Preliminary
20030811-0,Monday,11-AUG-2003,-,A1, Landing (LDG),Jakarta-Soekarno-Hatta International Airport (CGK),Indonesia,24,0, Substantial, Written off (damaged beyond repair),Fokker F-28 Fellowship 3000R,-,-,1978,-,-, PK-GFT, 11129,Garuda,Domestic Scheduled Passenger,GA073,Surabaya-Juanda Airport,SUB,WARR,Indonesia,Jakarta-Soekarno-Hatta International Airport,CGK,WIII,Indonesia,-,-,0,0,-,-,Preliminary
20030812-0,Tuesday,12-AUG-2003,-,A1, En route (ENR),"11,3 km (7.1 mls) SW of Pyongtaek-Desiderio AAF",South Korea,2,2, Damaged beyond repair,-,Beechcraft C-12F Huron  (A200CF Super King Air),-,-,1985,-,-, 84-0169, BL-99,US Army,Military,-,-,-,-,-,-,-,-,-,2,0,2,0,-,-,-
20030813-0,Wednesday,13-AUG-2003,-,A1, Landing (LDG),Rumbek,South Sudan,-,0, Damaged beyond repair,-,Let L-410UVP,-,-,1981,-,-, 9XR-JT, 810707,Lexus Aviation,Int'l Non Scheduled Passenger,-,Lokichoggio Airport,LKG,HKLK,Kenya,Rumbek Airport,RBX,HSMK,South Sudan,-,-,0,0,-,-,-
20030814-0,Thursday,14-AUG-2003,22:22,A1, Landing (LDG),Cancún Airport (CUN),Mexico,5,0, Substantial, Written off (damaged beyond repair),Learjet 35A,2,Garrett TFE731-2-2B,1981,-,7950.0, N403FW, 35A-403,Air America Flight Services,Ferry/positioning,-,Fort Lauderdale-Executive Airport,FXE,KFXE,United States of America,Cancún Airport,CUN,MMUN,Mexico,2,3,0,0,-,-,-
20030815-0,Friday,15-AUG-2003,-,A2, En route (ENR),over Oyonnax,France,131,0, Substantial, Repaired,Boeing 737-33V,2,CFMI CFM56-3C1,1999,11165.0,12814.0, HB-III, 29338/3114,easyJet Switzerland,International Scheduled Passenger, 903,Genève-Cointrin Airport,GVA,LSGG,Switzerland,London-Luton Airport,LTN,EGGW,United Kingdom,5,126,0,0,-,-,Final
20030816-0,Saturday,16-AUG-2003,22:21,A1, Landing (LDG),"Biloxi-Keesler AFB, MS (BIX)",United States of America,2,0, Substantial, Written off (damaged beyond repair),Beechcraft T-1A Jayhawk,-,-,-,-,-, 91-0093, TT-34,USAF,Military,-,Del Rio-Laughlin AFB,DLF,KDLF,United States of America,Biloxi-Keesler AFB,BIX,KBIX,United States of America,2,0,0,0,-,-,Final
20030816-1,Saturday,16-AUG-2003,15:48,A1, Maneuvering (MNV),3 km (1.9 mls) S of Esine,Italy,2,0, Destroyed, Written off (damaged beyond repair),Canadair CL-215-6B11 (CL-415),2,Pratt & Whitney Canada PW123AF,1995,-,1186.0, I-DPCN, 2008,Civil Protection Department,Fire fighting,-,Verona Airport,VRN,LIPX,Italy,Verona Airport,VRN,LIPX,Italy,2,0,0,0,-,-,Final
20030817-0,Sunday,17-AUG-2003,12:56,A1, En route (ENR),"50 km (31.3 mls) SW off  Barrow, AK",United States of America,2,2, Damaged beyond repair,-,Reims Cessna F406 Caravan II,2,Pratt & Whitney Canada PT6A-112,1990,-,7675.0, N6591L, F406-0053,Hageland Aviation Services,Cargo,-,Barrow-Wiley Post/Will Rogers Memorial Airport,BRW,PABR,United States of America,Wainwright Airport,AIN,PAWI,United States of America,1,1,1,1,-,-,Final
20030818-0,Monday,18-AUG-2003,07:08,A2, Takeoff (TOF),"St. Augustine Airport, FL (UST)",United States of America,2,0, Substantial, Repaired,Raytheon Beechjet 400A,-,-,1999,-,1087.0, N51NP, RK-224,Executive Beechcraft,Ferry/positioning,-,St. Augustine Airport,UST,KSGJ,United States of America,Hickory Airport,HKY,KHKY,United States of America,2,0,0,0,-,-,Final
20030819-0,Tuesday,19-AUG-2003,-,H2, En route (ENR),Oran-es Senia Airport (ORN),Algeria,-,0, None,-,Boeing 737,-,-,-,-,-, registration unknown,-,Air Algérie,Domestic Scheduled Passenger,-,Algiers-Houari Boumediene Airport,ALG,DAAG,Algeria,Oran-es Senia Airport,ORN,DAOO,Algeria,-,-,0,0,-,-,-
20030819-1,Tuesday,19-AUG-2003,-,A1, Initial climb (ICL),Old Fangak,South Sudan,6,0, Damaged beyond repair,-,Cessna 208B Grand Caravan,1,Pratt & Whitney Canada PT6A-114,1997,-,-, 5Y-TWI, 208B0606,Transworld Safaris,Unknown,-,-,-,-,-,-,-,-,-,-,-,0,0,-,-,Preliminary
20030821-0,Thursday,21-AUG-2003,-,A2, Takeoff (TOF),Accra-Kotoka Airport (ACC),Ghana,44,0, Substantial,-,Fokker F-27 Friendship 400M,-,-,1975,-,-, G525 F, 10520,Ghana AF,Military,-,Accra-Kotoka Airport,ACC,DGAA,Ghana,-,-,-,-,-,-,0,0,-,-,Preliminary
20030822-0,Friday,22-AUG-2003,08:10,A2, Takeoff (TOF),"Darwin Airport, NT (DRW)",Australia,-,0, Substantial, Repaired,Reims Cessna F406 Caravan II,-,-,1990,-,-, ZK-VAF, F406-0057,Vincent Aviation,Domestic Non Scheduled Passenger,-,Darwin Airport,DRW,YPDN,Australia,Katherine-Tindal Airport,KTR,YPTN,Australia,-,-,0,0,-,-,Final
20030824-0,Sunday,24-AUG-2003,04:57,A1, Approach (APR),2 km (1.3 mls) SW of Cap Haitien Airport (CAP),Haiti,21,21, Destroyed, Written off (damaged beyond repair),Let L-410UVP-E3,2,Walter M-601E,1987,4154.0,2982.0, HH-PRV, 872001,Tropical Airways,Domestic Scheduled Passenger,1301,Cap Haitien Airport,CAP,MTCH,Haiti,Port-de-Paix Airport,PAX,MTPX,Haiti,2,19,2,19,-,-,Final
20030826-0,Tuesday,26-AUG-2003,15:40,A1, En route (ENR),"5 km (3.1 mls) S of Hyannis, MA",United States of America,2,2, Destroyed, Written off (damaged beyond repair),Beechcraft 1900D,2,Pratt & Whitney Canada PT6A-67D,1993,24637.0,16503.0, N240CJ, UE-40,US Airways Express,Ferry/positioning,9446,Hyannis-Barnstable Airport,HYA,KHYA,United States of America,Albany Airport,ALB,KALB,United States of America,2,0,2,0,-,-,Final
20030827-0,Wednesday,27-AUG-2003,17:30,A2, Landing (LDG),near Målöga,Sweden,2,0, Substantial, Repaired,Antonov An-2R,-,-,-,-,-, LY-KAE, 1G196-54,private,Private,-,-,-,-,-,-,-,-,-,1,1,0,0,-,-,Final
20030830-0,Saturday,30-AUG-2003,11:30,A2, Approach (APR),near Culebra Airport (CPX),Puerto Rico,10,0, Substantial, Repaired,Cessna 208B Grand Caravan,1,Pratt & Whitney Canada PT6A-114A,2001,-,1200.0, N786DM, 208B0922,Isla Nena Air Services,Domestic Scheduled Passenger,-,Fajardo Airport,FAJ,TJFA,Puerto Rico,Culebra Airport,CPX,TJCP,Puerto Rico,1,9,0,0,-,-,Preliminary
20030904-0,Thursday,04-SEP-2003,17:08,A1, En route (ENR),near Cayey,Puerto Rico,6,0, Damaged beyond repair,-,IRMA/Britten-Norman BN-2A-27 Islander,-,-,1978,-,-, N630VC, 868,Venagas Construction,Executive,-,Culebra Airport,CPX,TJCP,Puerto Rico,Ponce-Mercedita Airport,PSE,TJPS,Puerto Rico,1,5,0,0,-,-,Final
20030911-0,Thursday,11-SEP-2003,21:30,A1, Approach (APR),"10 km (6.3 mls) NW of Summer Beaver, ON",Canada,8,8, Damaged beyond repair,-,Cessna 208B Grand Caravan,1,Pratt & Whitney Canada PT6A-114A,1992,-,16770.0, C-FKAB, 208B0305,Wasaya Airways,Domestic Scheduled Passenger, 125,Pickle Lake Airport,YPL,CYPL,Canada,-,-,-,-,1,7,1,7,-,-,Final
20030912-0,Friday,12-SEP-2003,21:54,A1, En route (ENR),"ca 1,5 km N off Caniçal, Madeira Island",Portugal,10,10, Damaged beyond repair,-,Beechcraft B200 Super King Air,2,Pratt & Whitney Canada PT6A-41A,1977,-,-, N600BV, BB-254,Willis Lease Finance Corp.,Private,-,Funchal Airport,FNC,LPFU,Portugal,Málaga Airport,AGP,LEMG,Spain,1,9,1,9,-,-,Final
20030914-0,Sunday,14-SEP-2003,-,A1, Takeoff (TOF),Lankein,South Sudan,-,0, Damaged beyond repair,-,Let L-410UVP,-,-,1981,-,-, 9XR-AL, 810623,ACS,Int'l Non Scheduled Passenger,-,-,-,-,-,Lokichoggio Airport,LKG,HKLK,Kenya,-,-,0,0,-,-,Preliminary
20030917-0,Wednesday,17-SEP-2003,18:28,A1, Landing (LDG),Luleå-Kallax Airport (LLA),Sweden,2,0, Damaged beyond repair,-,British Aerospace 3212 Jetstream 32EP,2,Garrett TPE331-12UAR-704M,1991,-,13494.0, SE-LNT, 948,European Executive Express,Domestic Scheduled Passenger, 403,Pajala Airport,PJA,ESUP,Sweden,Luleå-Kallax Airport,LLA,ESPA,Sweden,2,0,0,0,-,-,Final
20030917-1,Wednesday,17-SEP-2003,14:47,A1, Landing (LDG),Wick Airport (WIC),United Kingdom,7,0, Damaged beyond repair,-,British Aerospace 3102 Jetstream 31,2,Garrett TPE331-10UGR-516H,1987,20730.0,17845.0, G-EEST, 781,Eastern Airways,Domestic Scheduled Passenger,-,Aberdeen-Dyce Airport,ABZ,EGPD,United Kingdom,Wick Airport,WIC,EGPC,United Kingdom,3,4,0,0,-,-,Final
20030919-0,Friday,19-SEP-2003,20:00,A1, Unknown (UNK),near La Quemada,Mexico,6,6, Damaged beyond repair,-,Lockheed C-130A Hercules,-,-,1957,-,-, 3603, 3025,Mexican AF,Military,-,Mexicali Airport,MXL,MMML,Mexico,Santa Lucía Air Base,NLU,MMSM,Mexico,6,0,6,0,-,-,-
20030919-1,Friday,19-SEP-2003,17:10,A1, Landing (LDG),"Del Rio International Airport, TX (DRT)",United States of America,2,1, Destroyed, Written off (damaged beyond repair),Learjet 25B,2,General Electric CJ610-6,1973,12706.0,15363.0, N666TW, 25-116,Ameristar Jet Charter,Cargo, 982,El Paso International Airport,ELP,KELP,United States of America,Del Rio International Airport,DRT,KDRT,United States of America,2,0,1,0,-,-,Final
20030920-0,Saturday,20-SEP-2003,18:54,A1, Maneuvering (MNV),"24 km (15 mls) NW of Beaumont, TX",United States of America,3,3, Destroyed, Written off (damaged beyond repair),British Aerospace BAe-125-700A,2,Garrett TFE731-3-1RH,1978,7098.0,9781.0, N45BP, 257026/NA219,Star Flite Aviation,Training,-,Houston-William P. Hobby Airport,HOU,KHOU,United States of America,Beaumont Municipal Airport,BMT,KBMT,United States of America,3,0,3,0,-,-,Final
20030924-0,Wednesday,24-SEP-2003,-,A1, Landing (LDG),Wau Airport (WUU),South Sudan,-,0, Substantial, Written off (damaged beyond repair),Antonov An-12,4,Ivchenko AI-20M,1974,-,-, ST-SAR, 402102,Sarit Airlines,Cargo,-,-,-,-,-,Wau Airport,WUU,HSWW,South Sudan,-,-,0,0,-,-,Preliminary
20030925-0,Thursday,25-SEP-2003,11:26,A1, Initial climb (ICL),"5 km (3.1 mls) NW of Fort Pierce-Saint Lucie County Airport, FL (FPR)",United States of America,3,2, Damaged beyond repair,-,Grumman HU-16C Albatross,-,-,-,-,-, N70258, G-418,Corsair Aviation Holdings,Private,-,Fort Pierce-Saint Lucie County Airport,FPR,KFPR,United States of America,Fort Pierce-Saint Lucie County Airport,FPR,KFPR,United States of America,2,1,1,1,-,-,Final
20031001-0,Wednesday,01-OCT-2003,14:20,A2, Landing (LDG),Liège-Bierset Airport (LGG),Belgium,5,0, Substantial, Repaired,Boeing 747-271C (SCD),4,General Electric CF6-50E2,1980,17314.0,96168.0, 4X-ICM, 21965/438,Cargo Air Lines,Cargo,5C1905,Tel Aviv-Ben Gurion International Airport,TLV,LLBG,Israel,Liège-Bierset Airport,LGG,EBLG,Belgium,3,2,0,0,-,-,Final
20031002-0,Thursday,02-OCT-2003,16:00,O1, Unknown (UNK),Bocas del Rosario,Colombia,-,0, Damaged beyond repair,-,Douglas DC-3,-,-,-,-,-, registration unknown,-,Unknown,Illegal Flight,-,-,-,-,-,-,-,-,-,-,-,0,0,-,-,-
20031003-0,Friday,03-OCT-2003,21:25,A1, En route (ENR),10 km (6.3 mls) N off  Paraparaumu,New Zealand,2,2, Destroyed, Written off (damaged beyond repair),Convair CV-580F,2,Allison 501-D13D,1952,98774.0,66660.0, ZK-KFU, 17,Air Freight NZ,Cargo, 642,Christchurch International Airport,CHC,NZCH,New Zealand,Palmerston North Airport,PMR,NZPM,New Zealand,2,0,2,0,-,-,Final
20031003-1,Friday,03-OCT-2003,11:16,A1, Maneuvering (MNV),"East Highlands, CA",United States of America,2,2, Damaged beyond repair,-,Lockheed SP-2H Neptune,2,Wright R-3350-32WA Cyclone,-,-,-, N299MA, 726-7211,Minden Air Corporation,Ferry/positioning,-,Prescott Airport,PRC,KPRC,United States of America,San Bernardino International Airport,SBD,KSBD,United States of America,2,0,2,0,-,-,Final
20031009-0,Thursday,09-OCT-2003,-,A1, En route (ENR),49 km (30.6 mls) from  Amakinskaya,Russia,2,0, Substantial, Written off (damaged beyond repair),Antonov An-2TP,1,PZL Kalisz (Shvetsov) ASz-62IR,1988,-,-, RA-01440, 1G231-20,Mirny Air Enterprise,Cargo,-,-,-,-,-,-,-,-,-,2,0,0,0,-,-,Final
20031011-0,Saturday,11-OCT-2003,16:00,A1, Unknown (UNK),near Uriman,Venezuela,2,1, Damaged beyond repair,-,Antonov An-2TP,-,-,1990,-,-, YV-1128C, 1G238-12,Transmandu,Unknown,-,Uriman Airport,URM,SVUM,Venezuela,-,-,-,-,2,0,1,0,-,-,-
20031013-0,Monday,13-OCT-2003,-,A1, En route (ENR),near La Paragua,Venezuela,1,0, Damaged beyond repair,-,Antonov An-2T,-,-,1991,-,-, YV-901C, 1G238-27,Aéreo Transporte La Montaña,Unknown,-,-,-,-,-,Uriman Airport,URM,SVUM,Venezuela,1,0,0,0,-,-,-
20031014-0,Tuesday,14-OCT-2003,09:00,A2, Initial climb (ICL),Nairobi-Wilson Airport (WIL),Kenya,1,0, Substantial, Repaired,Cessna 208 Caravan I,1,Pratt & Whitney Canada PT6A-114,2001,-,-, 5Y-BOY, 208B0882,Air Kenya,Ferry/positioning,-,Nairobi-Wilson Airport,WIL,HKNW,Kenya,Lamu Airport,LAU,HKLU,Kenya,1,0,0,0,-,-,Preliminary
20031020-0,Monday,20-OCT-2003,-,A1, Landing (LDG),"Tarauacá Airport, AC (TRQ)",Brazil,23,0, Damaged beyond repair,-,Fokker F-27 Friendship 600,2,Rolls-Royce Dart 532-7,1967,-,-, PT-TVA, 10334,TAVAJ,Domestic Scheduled Passenger,-,Cruzeiro do Sul-Campo Internacional Airport,CZS,SBCZ,Brazil,Tarauacá Airport,TRQ,SBTK,Brazil,3,20,0,0,-,-,Preliminary - official
20031022-0,Wednesday,22-OCT-2003,21:57,A2, Takeoff (TOF),Tokyo-Narita Airport (NRT),Japan,4,0, Substantial, Repaired,Boeing 747-281F (SCD),4,General Electric CF6-50E2,1990,-,53848.0, JA8191, 24576/818,Nippon Cargo Airlines,Cargo,  62,Tokyo-Narita Airport,NRT,RJAA,Japan,Anchorage-Ted Stevens International Airport,ANC,PANC,United States of America,4,0,0,0,-,-,Final
20031026-0,Sunday,26-OCT-2003,04:30,A1, En route (ENR),"30 km (18.8 mls) SW of Buenos Aires, BA",Argentina,5,5, Destroyed, Written off (damaged beyond repair),Fairchild FH-227B,2,Rolls-Royce Dart 532-7,1967,21574.0,27650.0, LV-MGV, 567,CATA Linea Aérea,Cargo, 760,Buenos Aires/Ezeiza-Ministro Pistarini Airport,EZE,SAEZ,Argentina,Corrientes-Camba Punta Airport,CNQ,SARC,Argentina,5,0,5,0,-,-,Final
20031027-0,Monday,27-OCT-2003,08:08,A1, Approach (APR),"2,4 km (1.5 mls) from  Las Potrancas Ranch Airstrip",Mexico,3,3, Damaged beyond repair,-,British Aerospace BAe-125-800A,-,-,1985,-,-, XA-ISH, 258036,Aeroextra,Ferry/positioning,-,Tampico-Gen F Javier Mina Airport,TAM,MMTM,Mexico,-,-,-,-,3,0,3,0,-,-,Preliminary - official
20031029-0,Wednesday,29-OCT-2003,08:54,A1, Approach (APR),"0,5 km (0.3 mls) SW of Cody-Yellowstone Regional Airport, WY (COD)",United States of America,1,1, Substantial, Written off (damaged beyond repair),Cessna 208B Super Cargomaster,1,Pratt & Whitney Canada PT6A-114A,1991,6599.0,6885.0, N791FE, 208B0289,FedEx,Cargo,8773,Casper Airport,CPR,KCPR,United States of America,Cody-Yellowstone Regional Airport,COD,KCOD,United States of America,1,0,1,0,-,-,Final
20031030-0,Thursday,30-OCT-2003,-,A1, Approach (APR),"0,8 km (0.5 mls) from  Kamina Airport (KMN)",Democratic Republic of the Congo,-,-, Damaged beyond repair,-,Antonov An-28,2,Glushenkov TVD-10B,1987,-,-, ER-AJG, 1AJ003-09,Unknown,Cargo,-,-,-,-,-,Kamina Airport,KMN,FZSA,Democratic Republic of the Congo,-,-,-,-,-,-,-
20031103-0,Monday,03-NOV-2003,07:35,A1, Landing (LDG),Geneina Airport (EGN),Sudan,-,0, Damaged beyond repair,-,Antonov An-12BP,4,Ivchenko AI-20M,1966,-,-, EK11997, 6344407,Sarit Airlines,Cargo,-,Khartoum-Civil Airport,KRT,HSSS,Sudan,Geneina Airport,EGN,HSCN,Sudan,-,-,0,0,-,-,Preliminary
20031106-0,Thursday,06-NOV-2003,22:50,A2, Landing (LDG),"Florianópolis-Hercilio Luz International Airport, SC (FLN)",Brazil,128,0, Substantial, Repaired,Airbus A320-232,2,IAE V2527-A5,2000,-,-, PT-MZL, 1376,TAM Brasil,Domestic Scheduled Passenger,-,São Paulo-Congonhas Airport,CGH,SBSP,Brazil,Florianópolis-Hercilio Luz International Airport,FLN,SBFL,Brazil,6,122,0,0,-,-,Preliminary - official
20031107-0,Friday,07-NOV-2003,20:40,A2, Landing (LDG),Rothera Research Station,Antarctica,2,0, Substantial, Repaired,de Havilland Canada DHC-6 Twin Otter 310,2,Pratt & Whitney Canada PT6A-27,1982,-,-, VP-FBB, 783,British Antarctic Survey,Ferry/positioning,-,-,-,-,-,-,-,-,-,2,0,0,0,-,-,Final
20031108-0,Saturday,08-NOV-2003,11:00,A1, Initial climb (ICL),near Ogle Airport (OGL),Guyana,7,2, Damaged beyond repair,-,Shorts SC.7 Skyvan 3M-100,2,Garrett TPE331-2-201A,1978,-,-, 8R-GMC, SH.1959,Trans Guyana Airways,Domestic Non Scheduled Passenger,-,Ogle Airport,OGL,SYGO,Guyana,-,-,-,-,3,4,1,1,-,-,Preliminary
20031112-0,Wednesday,12-NOV-2003,06:45,A1, Initial climb (ICL),"Belleville, IL",United States of America,4,0, Destroyed, Written off (damaged beyond repair),Learjet 24D,2,General Electric CJ610-6,1974,6504.0,6653.0, N77JL, 24-286,Multi-Aero,Executive,-,Saint Louis-Bi-State Parks Airport,CPS,KCPS,United States of America,North Platte-Lee Bird Field,LBF,KLBF,United States of America,2,2,0,0,-,-,Final
20031114-0,Friday,14-NOV-2003,12:50,A2, Takeoff (TOF),"San Francisco International Airport, CA (SFO)",United States of America,356,0, Substantial, Repaired,Boeing 747-422,4,Pratt & Whitney PW4056,1990,-,57337.0, N178UA, 24385/820,United Airlines,International Scheduled Passenger,UA805,San Francisco International Airport,SFO,KSFO,United States of America,Hong Kong-Chek Lap Kok International Airport,HKG,VHHH,Hong Kong,21,335,0,0,-,-,Final
20031117-0,Monday,17-NOV-2003,16:25,A1, Approach (APR),6 km (3.8 mls) from  Wau,South Sudan,13,13, Damaged beyond repair,-,Antonov An-12BP,4,Ivchenko AI-20M,1965,-,-, ST-SAA, 5342905,Sarit Airlines,Cargo, 044,Khartoum-Civil Airport,KRT,HSSS,Sudan,Wau Airport,WUU,HSWW,South Sudan,6,7,6,7,-,-,Preliminary
20031118-0,Tuesday,18-NOV-2003,14:10,A1, Landing (LDG),"Mineral Wells Airport, TX (MWL)",United States of America,4,0, Destroyed, Written off (damaged beyond repair),Cessna 550 Citation II,2,Pratt & Whitney Canada JT15D-4,1980,-,-, N418MA, 550-0144,Haalo,Training,-,Fort Worth-Meacham Field,FTW,KFTW,United States of America,Mineral Wells Airport,MWL,KMWL,United States of America,2,2,0,0,-,-,Final
20031118-1,Tuesday,18-NOV-2003,07:21,A1, Landing (LDG),"Grand Junction-Walker Field, CO (GJT)",United States of America,1,0, Substantial, Written off (damaged beyond repair),Swearingen SA226-TC Metro II,2,Garrett TPE331-10UA-511G,1976,-,23972.0, N332BA, TC-222E,Key Lime Air,Cargo,-,-,-,-,-,Grand Junction-Walker Field,GJT,KGJT,United States of America,1,0,0,0,-,-,Final
20031121-0,Friday,21-NOV-2003,17:09,A2, En route (ENR),"3,7 km (2.3 mls) E of Lanseria Airport (HLA)",South Africa,3,0, Substantial, Repaired,Douglas C-47A-1-DK (DC-3),2,Pratt & Whitney R-1830-92,1943,-,25962.0, ZS-BXF, 12107,SAA Historic Flight,Ferry/positioning, 668,Lanseria Airport,HLA,FALA,South Africa,-,-,-,-,3,0,0,0,-,-,Final
20031121-1,Friday,21-NOV-2003,-,A2, Landing (LDG),Luanda-4 de Fevereiro Airport (LAD),Angola,-,0, Substantial,-,Hawker Siddeley HS-125-403B,-,-,1970,-,-, D2-EXR, 25215,Intertransit,Unknown,-,Luanda-4 de Fevereiro Airport,LAD,FNLU,Angola,Catumbela Airport,CBT,FNCT,Angola,-,-,0,0,-,-,-
20031122-0,Saturday,22-NOV-2003,09:00,C1, En route (ENR),near Baghdad International Airport (BGW),Iraq,3,0, Substantial, Written off (damaged beyond repair),Airbus A300B4-203F,2,General Electric CF6-50C2,1979,-,-, OO-DLL, 093,European Air Transport,Cargo,-,Baghdad International Airport,BGW,ORBI,Iraq,Bahrain International Airport,BAH,OBBI,Bahrain,3,0,0,0,-,-,Preliminary
20031129-0,Saturday,29-NOV-2003,15:16,A1, Takeoff (TOF),Boende Airport (BNB),Democratic Republic of the Congo,24,20, Damaged beyond repair,-,Antonov An-26,-,-,-,-,-, 9T-TAD,-,Congolese AF,Military,-,Boende Airport,BNB,FZGN,Democratic Republic of the Congo,-,-,-,-,6,18,6,14,-,13,Preliminary
20031129-1,Saturday,29-NOV-2003,08:01,A1, Approach (APR),"5,5 km (3.4 mls) E of Spokane-Felts Field, WA (SFF)",United States of America,1,1, Destroyed, Written off (damaged beyond repair),Swearingen SA227-AT Merlin IVC,2,Garrett TPE331-11U-611G,1981,-,15126.0, N439AF, AT-439B,Ameriflight,Cargo,1966,Seattle-Boeing Field International Airport,BFI,KBFI,United States of America,Spokane-Felts Field,SFF,KSFF,United States of America,1,0,1,0,-,-,Final
20031129-3,Saturday,29-NOV-2003,02:35,A1, Landing (LDG),Lagos-Murtala Muhammed Airport (LOS),Nigeria,9,0, Damaged beyond repair,-,Boeing 747-258C,4,Pratt & Whitney JT9D-7J,1975,-,-, ZS-OOS, 21190/272,Hydro Air Cargo,Cargo, 501,Brussel-Zaventem Airport,BRU,EBBR,Belgium,Lagos-Murtala Muhammed International Airport,LOS,DNMM,Nigeria,9,0,0,0,-,-,Preliminary
20031201-0,Monday,01-DEC-2003,-,O1, Standing (STD),Kano-Aminu Kano International Airport (KAN),Nigeria,0,0, Damaged beyond repair,-,Let L-410UVP-E,2,Walter M-601E,1990,-,-, 5N-BFL, 902406,Millenium Air,-,-,-,-,-,-,-,-,-,-,0,0,0,0,-,-,-
20031203-0,Wednesday,03-DEC-2003,05:55,A1, Taxi (TXI),"Denver International Airport, CO (DEN)",United States of America,1,0, Damaged beyond repair,-,Swearingen SA226-TC Metro II,2,Garrett TPE331-3UW-303G,1977,-,25932.0, N60U, TC-232,Key Lime Air,Cargo,-,Denver International Airport,DEN,KDEN,United States of America,Garden City Municipal Airport,GCK,KGCK,United States of America,1,0,0,0,-,-,Final
20031204-0,Thursday,04-DEC-2003,09:09,A1, Landing (LDG),Bodø Airport (BOO),Norway,4,0, Damaged beyond repair,-,Dornier 228-202,2,Garrett TPE331-5-252D,1987,-,-, LN-HTA, 8127,Kato Air,Domestic Scheduled Passenger, 603,Røst-Stolport Airport,RET,ENRS,Norway,Bodø Airport,BOO,ENBO,Norway,2,2,0,0,-,-,Final
20031204-1,Thursday,04-DEC-2003,19:40,A1, Approach (APR),"1,6 km (1 mls) S of Atlanta-Newnan Coweta County Airport, GA",United States of America,2,2, Damaged beyond repair,-,Beechcraft B200 Super King Air,2,Pratt & Whitney Canada PT6A-42,1981,-,9864.0, N85BK, BB-734,Southeastern Air Charter,Ferry/positioning,-,-,-,-,-,-,-,-,-,2,0,2,0,-,-,Final
20031207-0,Sunday,07-DEC-2003,13:37,A1, Landing (LDG),Lokichoggio Airport (LKG),Kenya,27,0, Damaged beyond repair,-,Fokker F-28 Fellowship 4000,2,Rolls-Royce Spey 555-15P,1986,-,-, 5Y-NNN, 11231,East African Safari,Domestic Scheduled Passenger, 812,Nairobi-Wilson Airport,WIL,HKNW,Kenya,Lokichoggio Airport,LKG,HKLK,Kenya,4,23,0,0,-,-,Preliminary
20031209-0,Tuesday,09-DEC-2003,04:00,C2, En route (ENR),near Baghdad International Airport (SDA),Iraq,16,0, Substantial, Repaired,McDonnell Douglas C-17A Globemaster III,-,-,-,-,-, 98-0057, P-57,USAF,Military,-,Baghdad International Airport,BGW,ORBI,Iraq,-,-,-,-,3,13,0,0,-,-,Preliminary
20031212-0,Friday,12-DEC-2003,15:00,A1, Approach (APR),"Barangay Dinapnat, Divilacan town, Isabela",Philippines,3,3, Damaged beyond repair,-,IRMA/Britten-Norman BN-2A-21 Islander,-,-,1974,-,-, RP-C868, 725,Chemtrad Aviation,Domestic Non Scheduled Passenger,-,-,-,-,-,Tuguegarao Airport,TUG,RPUT,Philippines,3,0,3,0,-,-,Preliminary
20031213-0,Saturday,13-DEC-2003,22:48,A1, Landing (LDG),Lima-J Chavez International Airport (LIM),Peru,100,0, Damaged beyond repair,-,Boeing 737-2A9,2,Pratt & Whitney JT8D-9A,1974,62162.0,62716.0, OB-1544-P, 20956/386,Aero Continente,International Scheduled Passenger, 341,Caracas-Simón Bolívar International Airport,CCS,SVMI,Venezuela,Lima-Jorge Chávez International Airport,LIM,SPIM,Peru,6,94,0,0,-,-,Final
20031216-0,Tuesday,16-DEC-2003,-,A1, Takeoff (TOF),"near Jellicoe, ON",Canada,3,2, Damaged beyond repair,-,de Havilland Canada DHC-3T/M601 Turbine Otter,1,Walter M-601E-11,1954,-,-, C-GOFF,  65,Huron Air,Domestic Non Scheduled Passenger,-,-,-,-,-,-,-,-,-,1,2,1,1,-,-,Final
20031216-1,Tuesday,16-DEC-2003,07:30,A1, Landing (LDG),"Wausau-Central Wisconsin Airport, WI (CWA)",United States of America,1,0, Damaged beyond repair,-,Beechcraft 99 Airliner,2,Pratt & Whitney Canada PT6A-27,1969,-,35914.0, N399CZ, U-52,Freight Runners Express,Cargo,1544,Milwaukee-General Mitchell Airport,MKE,KMKE,United States of America,Wausau-Central Wisconsin Airport,CWA,KCWA,United States of America,1,0,0,0,-,-,Final
20031217-0,Wednesday,17-DEC-2003,10:35,A1, En route (ENR),near Suc-et-Sentenac,France,7,7, Destroyed, Written off (damaged beyond repair),CASA CN-235M-200,2,General Electric CT7-9C,1990,-,4925.0, F-RAIA, 043,French AF,Military,-,-,-,-,-,-,-,-,-,4,3,4,3,-,-,Final
20031218-0,Thursday,18-DEC-2003,12:26,A1, Landing (LDG),"Memphis International Airport, TN (MEM)",United States of America,7,0, Destroyed, Written off (damaged beyond repair),McDonnell Douglas MD-10F,3,General Electric CF6-6D,1971,26163.0,65375.0, N364FE, 46600/4,FedEx,Cargo, 647,Oakland International Airport,OAK,KOAK,United States of America,Memphis International Airport,MEM,KMEM,United States of America,2,5,0,0,-,-,Final
20031218-1,Thursday,18-DEC-2003,17:10,A1, En route (ENR),135 km (84.4 mls) NE of Mitú,Colombia,3,3, Destroyed, Written off (damaged beyond repair),McDonnell Douglas DC-9-15F,2,Pratt & Whitney JT8D-7B (HK3),1968,-,56703.0, HK-4246X, 47062/223,L.A. Suramericanas,Cargo,-,El Yopal Airport,EYP,SKYP,Colombia,Mitú Airport,MVP,SKMU,Colombia,3,0,3,0,-,-,Final
20031219-0,Friday,19-DEC-2003,18:44,A1, Landing (LDG),Libreville Airport (LBV),Gabon,131,0, Damaged beyond repair,-,Boeing 737-3Y0,2,CFMI CFM56-3B1,1987,-,-, TR-LFZ, 23750/1431,Air Gabon,Domestic Scheduled Passenger, 471,Franceville/Mvengue Airport,MVB,FOON,Gabon,Libreville Airport,LBV,FOOL,Gabon,6,125,0,0,-,-,Preliminary
20031220-1,Saturday,20-DEC-2003,11:00,A2, Landing (LDG),"Navegantes Airport, SC (NVT)",Brazil,149,0, Substantial, Repaired,Boeing 737-76N,2,CFMI CFM56-7B22,2002,-,-, PR-GOO, 30135/1068,Gol,Domestic Scheduled Passenger,1756,São Paulo-Congonhas Airport,CGH,SBSP,Brazil,Navegantes-Itajaí Airport,NVT,SBNF,Brazil,6,143,0,0,-,-,Preliminary
20031220-2,Saturday,20-DEC-2003,06:18,A2, Takeoff (TOF),"Cincinnati/Northern Kentucky Airport, KY (CVG)",United States of America,1,0, Substantial, Repaired,Cessna 208B Super Cargomaster,1,Pratt & Whitney Canada PT6A-114,1988,-,10429.0, N9469B, 208B0079,Martinaire,Cargo,-,Cincinnati/Northern Kentucky Airport,CVG,KCVG,United States of America,Knoxville-McGhee Tyson Airport,TYS,KTYS,United States of America,1,0,0,0,-,-,Final
20031222-0,Monday,22-DEC-2003,21:59,A2, Taxi (TXI),Amsterdam-Schiphol Airport (AMS),Netherlands,103,0, Substantial, Repaired,Boeing 737-73V,2,CFMI CFM56-7B20,2002,4246.0,5816.0, G-EZJM, 30248/1118,easyJet,International Scheduled Passenger,5112,Amsterdam-Schiphol International Airport,AMS,EHAM,Netherlands,London-Gatwick Airport,LGW,EGKK,United Kingdom,5,98,0,0,-,-,Final
20031223-0,Tuesday,23-DEC-2003,09:13,A1, En route (ENR),"5 km (3.1 mls) SE of Helendale, CA",United States of America,2,2, Damaged beyond repair,-,Learjet 24B,2,General Electric CJ610,1969,-,-, N600XJ, 24-190,Pavair,Ferry/positioning,-,Chino Airport,CNO,KCNO,United States of America,Hailey-Sun Valley Airport,SUN,KSUN,United States of America,2,0,2,0,-,-,Final
20031225-0,Thursday,25-DEC-2003,14:59,A1, Takeoff (TOF),Cotonou Airport (COO),Benin,163,141, Destroyed, Written off (damaged beyond repair),Boeing 727-223,3,Pratt & Whitney JT8D-9A (HK3),1977,40452.0,67186.0, 3X-GDO, 21370/1276,UTA,International Scheduled Passenger, 141,Cotonou Airport,COO,DBBB,Benin,Kufrah Airport,AKF,HLKF,Libya,10,153,5,136,-,-,Final
20031227-0,Saturday,27-DEC-2003,07:10,A2, Takeoff (TOF),Mzuzu Airport (ZZU),Malawi,9,0, Substantial, Repaired,Cessna 208B Grand Caravan,1,Pratt & Whitney Canada PT6A-114A,1998,-,-, 7Q-YKU, 208B0679,Air Malawi,Domestic Non Scheduled Passenger,-,Mzuzu Airport,ZZU,FWUU,Malawi,Lilongwe International Airport,LLW,FWKI,Malawi,1,8,0,0,-,1,Preliminary
20031230-0,Tuesday,30-DEC-2003,15:17,A2, Landing (LDG),Saint Thomas-Cyril E. King Airport (STT),U.S. Virgin Islands,2,0, Substantial, Repaired,Douglas DC-3C,2,Pratt & Whitney R-1830,1943,-,-, N781T, 4306,Tol Air Services,Unknown,-,-,-,-,-,Saint Thomas-Cyril E. King Airport,STT,TIST,U.S. Virgin Islands,2,0,0,0,-,-,Preliminary - official
