identifiant,week_day,date,time,type_event,phase,location,country,total_occupants,total_fatalities,aircraft_damage,aircraft_fate,type_aircraft,number_engines,type_engines,first_flight,cycles,total_airframe_hours,registration,c_n_msn,operator,nature,flight_number,departure_airport_name,departure_airport_IATA,departure_airport_ICAO,departure_airport_country,destination_airport_name,destination_airport_IATA,destination_airport_ICAO,destination_airport_country,crew_number,passengers_number,crew_fatalities,passengers_fatalities,collision_casualties,ground_casualties,status
19710526-5,Wednesday,26-MAY-1971,-,A1, En route (ENR),Devil's Peak,South Africa,4,4, Destroyed, Written off (damaged beyond repair),Hawker Siddeley HS-125-400B,-,-,1970,-,-, 03, 25182,South African AF,Military,-,-,-,-,-,-,-,-,-,-,-,-,-,-,-,-
19710527-0,Thursday,27-MAY-1971,-,H2, Unknown (UNK),Wien-Schwechat Airport (VIE),Austria,30,0, Unknown,-,Ilyushin Il-14,-,-,-,-,-, registration unknown,-,Tarom,Domestic Scheduled Passenger,-,Oradea Airport,OMR,LROD,Romania,-,-,-,-,4,26,0,0,-,-,-
19710528-0,Friday,28-MAY-1971,-,H2, Unknown (UNK),Nassau,Bahamas,138,0, Unknown,-,Boeing 727,-,-,-,-,-, registration unknown,-,Eastern Air Lines,Domestic Scheduled Passenger,EA30,Miami International Airport,MIA,KMIA,United States of America,-,-,-,-,-,-,0,0,-,-,-
19710529-0,Saturday,29-MAY-1971,-,H2, Unknown (UNK),at an unknown location,Cuba,69,0, Unknown,-,Boeing 707,-,-,-,-,-, registration unknown,-,Pan Am,International Scheduled Passenger,PA442,Caracas Airport,CCS,SVMI,Venezuela,Miami International Airport,MIA,KMIA,United States of America,9,60,0,0,-,-,-
19710531-0,Monday,31-MAY-1971,-,A1, En route (ENR),3 km (1.9 mls) SE of Malakhovo,Russia,3,3, Damaged beyond repair,-,Antonov An-2R,-,-,1968,-,2628.0, CCCP-32076, 1G92-32,Aeroflot,Illegal Flight,-,-,-,-,-,-,-,-,-,2,1,2,1,-,-,-
19710599-0,-,xx-MAY-1971,-,A1, Landing (LDG),Titograd Airport (TGD),Montenegro,-,0, Damaged beyond repair,-,Convair CV-440-0,-,-,1958,-,-, YU-ADO, 470,JAT,Unknown,-,-,-,-,-,Titograd Airport,TGD,LYPG,Montenegro,-,-,0,0,-,-,-
19710601-1,Tuesday,01-JUN-1971,-,A1, Unknown (UNK),"Bogodorsk Island, near Ulan-Ude",Russia,-,0, Damaged beyond repair,-,Antonov An-24B,-,-,1966,-,-, CCCP-47729, 69900902,Aeroflot / East Siberia,Training,-,Ulan-Ude Airport,UUD,UIUU,Russia,Ulan-Ude Airport,UUD,UIUU,Russia,-,0,0,0,-,-,-
19710602-0,Wednesday,02-JUN-1971,-,C1, Maneuvering (MNV),near Bouam Long,Laos,2,2, Damaged beyond repair,-,Curtiss C-46D-20-CU Commando,-,-,1945,-,-, XW-PFL, 22228,Air America,Cargo,-,-,-,-,-,-,-,-,-,2,0,2,0,-,-,-
19710603-0,Thursday,03-JUN-1971,01:25,A1, Landing (LDG),Southend Municipal Airport (SEN),United Kingdom,36,0, Damaged beyond repair,-,Douglas C-47B-35-DK (DC-3),2,Pratt & Whitney R-1830-90D,1945,-,6372.0, PH-MOA, 33353/16605,Moormanair,Int'l Non Scheduled Passenger,-,Southend Municipal Airport,SEN,EGMC,United Kingdom,Amsterdam-Schiphol International Airport,AMS,EHAM,Netherlands,4,32,0,0,-,-,Final
19710603-1,Thursday,03-JUN-1971,-,A1, En route (ENR),Centenera,Spain,5,5, Damaged beyond repair,-,Boeing KC-135Q Stratotanker,4,Pratt & Whitney J57-P/F-59W,1959,-,5406.0, 58-0039, 17784/254,USAF,Military,-,Madrid-Torrejón AFB,TOJ,LETO,Spain,Madrid-Torrejón AFB,TOJ,LETO,Spain,5,0,5,0,-,-,-
19710604-0,Friday,04-JUN-1971,-,H2, Unknown (UNK),"Washington-Dulles International Airport, DC (IAD)",United States of America,72,0, Unknown,-,Boeing 737-200,-,-,-,-,-, registration unknown,-,United Airlines,Domestic Scheduled Passenger,UA796,Charleston-Yeager Airport,CRW,KCRW,United States of America,Newark International Airport,EWR,KEWR,United States of America,-,-,0,0,-,-,-
19710605-0,Saturday,05-JUN-1971,-,A1, Landing (LDG),Preveza-Aktion Airport (PVK),Greece,-,0, Damaged beyond repair,-,Douglas C-47 (DC-3),-,-,-,-,-, 49-2614,-,Hellenic AF,Military,-,Athens-Ellinikon International Airport,ATH,LGAT,Greece,Preveza-Aktion Airport,PVK,LGPZ,Greece,-,-,0,0,-,-,-
19710606-0,Sunday,06-JUN-1971,18:11,A1, En route (ENR),"7 km (4.4 mls) N of Duarte, CA",United States of America,49,49, Damaged beyond repair,-,McDonnell Douglas DC-9-31,2,Pratt & Whitney JT8D-7,1969,-,5542.0, N9345, 47441/503,Hughes Airwest,Domestic Scheduled Passenger, 706,Los Angeles International Airport,LAX,KLAX,United States of America,Salt Lake City International Airport,SLC,KSLC,United States of America,5,44,5,44,1,-,Final
19710606-1,Sunday,06-JUN-1971,-,A1, Unknown (UNK),"Riverside-March AFB, CA (RIV)",United States of America,-,-, Damaged beyond repair,-,Douglas C-124C Globemaster II,4,Pratt & Whitney R-4360-20WA,-,-,-, 51-0167, 43501,USAF,Military,-,-,-,-,-,-,-,-,-,-,-,-,-,-,-,-
19710607-0,Monday,07-JUN-1971,09:49,A1, Approach (APR),"1,5 km (0.9 mls) S of New Haven Airport, CT (HVN)",United States of America,31,28, Damaged beyond repair,-,Convair CV-580,2,Allison 501-D13,1956,-,33058.0, N5832, 384,Allegheny Airlines,Domestic Scheduled Passenger, 485,Groton-New London Airport,GON,KGON,United States of America,New Haven Airport,HVN,KHVN,United States of America,3,28,2,26,-,-,-
19710611-0,Friday,11-JUN-1971,-,H2, Standing (STD),"New York-John F. Kennedy International Airport, NY (JFK)",United States of America,26,1, Unknown,-,Boeing 727,-,-,-,-,-, registration unknown,-,TWA,Domestic Scheduled Passenger,TW358,Chicago-O'Hare International Airport,ORD,KORD,United States of America,New York-John F. Kennedy International Airport,JFK,KJFK,United States of America,-,-,0,1,-,-,-
19710611-1,Friday,11-JUN-1971,-,A1, Landing (LDG),"Belém, PA",Brazil,-,-, Damaged beyond repair,-,Fairchild C-82A Packet,-,-,-,-,-, PT-DLP, 10219,Amazônia,Unknown,-,-,-,-,-,-,-,-,-,-,-,-,-,-,-,-
19710613-0,Sunday,13-JUN-1971,-,U1, Unknown (UNK),Shiraz,Iran,-,-, Damaged beyond repair,-,Douglas C-47A-60-DL (DC-3),2,Pratt & Whitney R-1830-92,1943,-,-, EP-ADG, 10237,Air Taxi Co.,Unknown,-,-,-,-,-,-,-,-,-,-,-,-,-,-,-,-
19710613-1,Sunday,13-JUN-1971,13:30,A1, En route (ENR),"113 km (70.6 mls) off  Hawaii, USA",Pacific Ocean,24,24, Damaged beyond repair,-,Boeing C-135B Stratolifter,4,Pratt & Whitney TF33-P-5,1961,-,11062.0, 61-0331, 18238/C16,USAF,Military,-,Pago Pago International Airport,PPG,NSTU,American Samoa,-,-,-,-,24,0,24,0,-,-,-
19710617-0,Thursday,17-JUN-1971,14:30,A1, En route (ENR),ca 14 km NE of Putre,Chile,6,6, Damaged beyond repair,-,Douglas DC-6,-,-,1947,-,-, CP-926, 43043/83,SAVCO,Domestic Non Scheduled Passenger,-,Santa Cruz-Viru Viru International Airport,VVI,SLVR,Bolivia,Arica-Chacalluta Airport,ARI,SCAR,Chile,4,2,4,2,-,-,-
19710618-0,Friday,18-JUN-1971,-,H2, Unknown (UNK),"Winston-Salem Airport, NC (INT)",United States of America,-,0, Unknown,-,Boeing 737-200,-,-,-,-,-, registration unknown,-,Piedmont Airlines,Domestic Scheduled Passenger,  25,-,-,-,-,-,-,-,-,-,-,0,0,-,-,-
19710620-0,Sunday,20-JUN-1971,-,H2, En route (ENR),Medellín-Enrique Olaya Herrera Airport (EOH),Colombia,-,0, None,-,Douglas DC-4,-,-,1944,-,-, HK-115, 10500,Avianca,Domestic Scheduled Passenger,-,Montería-Los Garzones Airport,MTR,SKMR,Colombia,Medellín-Enrique Olaya Herrera Airport,EOH,SKMD,Colombia,-,-,0,0,-,-,-
19710620-1,Sunday,20-JUN-1971,14:12,A2, Takeoff (TOF),Madras Airport (MAA),India,39,0, Substantial, Repaired,Hindustan Aeronautics Ltd. HAL-748-224 Srs. 2,-,-,-,-,-, VT-DXM, 520,Indian Airlines,Domestic Scheduled Passenger,-,Madras Airport,MAA,VOMM,India,-,-,-,-,4,35,0,0,-,-,-
19710621-0,Monday,21-JUN-1971,-,A1, Landing (LDG),"McKenzie Lake, ON",Canada,1,0, Damaged beyond repair,-,de Havilland Canada CSR-123 Otter (DHC-3),-,-,1960,-,-, 9410, 380,RCAF,Military,-,Petawawa Airport,YWA,CYWA,Canada,-,-,-,-,1,0,0,0,-,-,-
19710628-0,Monday,28-JUN-1971,18:00,A1, Takeoff (TOF),"Shelter Cove, CA",United States of America,24,17, Damaged beyond repair,-,Douglas C-47-DL (DC-3),2,Pratt & Whitney R-1830-92,1942,-,-, N90627, 4642,Lake Riverside Estates,Domestic Non Scheduled Passenger,-,-,-,-,-,San Jose Municipal Airport,SJC,KSJC,United States of America,3,21,2,15,-,-,Final
19710629-0,Tuesday,29-JUN-1971,-,H2, Unknown (UNK),København-Kastrup Airport (CPH),Denmark,-,0, Unknown,-,McDonnell Douglas DC-9-14,-,-,-,-,-, registration unknown,-,Finnair,Unknown,-,Helsinki-Vantaa Airport,HEL,EFHK,Finland,København-Kastrup Airport,CPH,EKCH,Denmark,-,-,0,0,-,-,-
19710630-0,Wednesday,30-JUN-1971,-,O1, Standing (STD),"Hall Beach Airport, NU (YUX)",Canada,-,0, Damaged beyond repair,-,Curtiss C-46A-45-CU Commando,2,Pratt & Whitney R-2800-51,1944,-,-, CF-NAE, 27063,Nordair,-,-,-,-,-,-,-,-,-,-,-,-,0,0,-,-,-
19710630-1,Wednesday,30-JUN-1971,-,U1, Unknown (UNK),Ban Honeisai,Laos,-,-, Damaged beyond repair,-,Douglas C-47B-20-DK (DC-3),2,Pratt & Whitney R-1830-90C,1945,-,-, XW-TDI, 27145/15700,Lao Airlines,Unknown,-,-,-,-,-,-,-,-,-,-,-,-,-,-,-,-
19710630-2,Wednesday,30-JUN-1971,18:15,A1, Takeoff (TOF),off Las Palmas-Gando Air Base (LPA),Spain,5,3, Damaged beyond repair,-,Douglas C-47B-10-DK (DC-3),2,Pratt & Whitney R-1830-90C,1944,-,-, T.3-37, 26179/14734,Spanish AF,Military,-,Las Palmas-Gando Air Base,LPA,GCLP,Spain,El Aaiun Airport,EUN,GMML,Western Sahara,5,0,3,0,-,-,-
19710699-0,-,xx-JUN-1971,-,A1, Unknown (UNK),at an unknown location,Gabon,-,-, Damaged beyond repair,-,Dornier Do 28D-1 Skyservant,-,-,-,-,-, TR-LOS, 4029,Societe Air Service,Unknown,-,-,-,-,-,-,-,-,-,-,-,-,-,-,-,-
19710702-0,Friday,02-JUL-1971,-,H2, En route (ENR),"Buenos Aires/Ezeiza-Ministro Pistarini Airport, BA (EZE)",Argentina,110,0, None,-,Boeing 707,-,-,-,-,-, registration unknown,-,Braniff Airways,International Scheduled Passenger,  14,Acapulco-Alvarez International Airport,ACA,MMAA,Mexico,New York-John F. Kennedy International Airport,JFK,KJFK,United States of America,7,103,0,0,-,-,-
19710703-0,Saturday,03-JUL-1971,09:05,A1, En route (ENR),Yokotsu Mt,Japan,68,68, Destroyed, Written off (damaged beyond repair),NAMC YS-11A-217,-,-,1970,-,-, JA8764, 2134,TOA Domestic,Domestic Scheduled Passenger, 63,Sapporo-Chitose Airport,CTS,RJCC,Japan,Hakodate Airport,HKD,RJCH,Japan,4,64,4,64,-,-,-
19710705-0,Monday,05-JUL-1971,12:45,A1, Approach (APR),"Boca Raton, FL",United States of America,2,0, Damaged beyond repair,-,Dassault Falcon 20C,-,-,1966,-,-, N805F, 60,General Transportation,Executive,-,White Plains-Westchester County Airport,HPN,KHPN,United States of America,Boca Raton Public Airport,BCT,KBCT,United States of America,2,0,0,0,-,-,Final
19710711-0,Sunday,11-JUL-1971,-,H2, En route (ENR),at an unknown location,Cuba,-,1, Unknown,-,unknown,-,-,-,-,-, registration unknown,-,Cubana,Domestic Scheduled Passenger,-,Havana-José Martí International Airport,HAV,MUHA,Cuba,Cienfuegos Airport,CFG,MUCF,Cuba,-,-,0,1,-,-,-
19710713-0,Tuesday,13-JUL-1971,10:38,A2, Landing (LDG),Guwahati-Borjhar Airport (GAU),India,33,0, Substantial, Repaired,Fokker F-27 Friendship 100,-,-,1963,-,-, VT-DOL, 10219,Indian Airlines,Domestic Scheduled Passenger,-,-,-,-,-,Guwahati-Borjhar Airport,GAU,VEGT,India,4,29,0,0,-,-,-
19710715-0,Thursday,15-JUL-1971,-,A1, Maneuvering (MNV),near Pochop,Russia,2,2, Damaged beyond repair,-,Antonov An-2R,-,-,1966,-,5694.0, CCCP-06266, 1G67-22,Aeroflot,Agricultural,-,-,-,-,-,-,-,-,-,2,0,2,0,-,-,-
19710716-0,Friday,16-JUL-1971,15:21,A1, Approach (APR),"Windsor Locks, CT",United States of America,3,0, Damaged beyond repair,-,Douglas C-47B-10-DK (DC-3),2,Pratt & Whitney R-1830-90C,1944,-,-, N74844, 26458/15013,New England Propeller Service,Ferry/positioning,-,Windsor Locks-Bradley International Airport,BDL,KBDL,United States of America,Beverly Airport,BVY,KBVY,United States of America,3,0,0,0,-,-,Final
19710716-1,Friday,16-JUL-1971,-,A1, Maneuvering (MNV),"Kamennaya Sarma, Buzuluk district, Orenburg region",Russia,2,1, Damaged beyond repair,-,Antonov An-2SX,-,-,1956,27788.0,14009.0, CCCP-43828, 16547308,Aeroflot / Privolzhsk,Agricultural,-,-,-,-,-,-,-,-,-,2,0,1,0,-,-,-
19710716-2,Friday,16-JUL-1971,-,U1, Unknown (UNK),unknown,Unknown country,-,-, Damaged beyond repair,-,Lockheed P2V-7 Neptune,-,-,-,-,-, 4651, 2035,Japanese Navy,Military,-,-,-,-,-,-,-,-,-,-,-,-,-,-,-,-
19710723-0,Friday,23-JUL-1971,-,H2, En route (ENR),"New York-La Guardia Airport, NY (LGA)",United States of America,61,1, Unknown,-,Boeing 727,-,-,-,-,-, registration unknown,-,TWA,Domestic Scheduled Passenger,TW335,New York-La Guardia Airport,LGA,KLGA,United States of America,Chicago-O'Hare International Airport,ORD,KORD,United States of America,-,-,0,1,-,-,-
19710724-0,Saturday,24-JUL-1971,-,A1, Initial climb (ICL),near Bamako Airport (BKO),Mali,6,6, Damaged beyond repair,-,Douglas C-47A-90-DL (DC-3),2,Pratt & Whitney R-1830-92,1944,-,-, 6V-AAP, 20505,Air Ivoire,Scheduled Passenger,-,Bamako Airport,BKO,GABS,Mali,-,-,-,-,2,4,2,4,-,-,-
19710724-1,Saturday,24-JUL-1971,-,H2, En route (ENR),at an unknown location,Cuba,83,0, Unknown,-,McDonnell Douglas DC-8,-,-,-,-,-, registration unknown,-,National Airlines,Domestic Scheduled Passenger, 183,Miami International Airport,MIA,KMIA,United States of America,Jacksonville International Airport,JAX,KJAX,United States of America,7,76,0,0,-,-,-
19710725-0,Sunday,25-JUL-1971,13:21,A1, Approach (APR),32 km (20 mls) ENE of Manila International Airport (MNL),Philippines,4,4, Damaged beyond repair,-,Boeing 707-321C,4,Pratt & Whitney JT3D-3B,1967,-,-, N461PA, 19371/653,Pan Am,Cargo,PA6005,Guam International Airport,GUM,PGUM,Guam,Manila International Airport,MNL,RPLL,Philippines,4,0,4,0,-,-,-
19710725-1,Sunday,25-JUL-1971,-,A1, Approach (APR),Irkutsk Airport (IKT),Russia,126,97, Damaged beyond repair,-,Tupolev Tu-104B,2,Mikulin AM-3M-500,1958,-,-, CCCP-42405, 820202,Aeroflot / West Siberia,Domestic Scheduled Passenger,-,Novosibirsk-Tolmachevo Airport,OVB,UNNN,Russia,Irkutsk Airport,IKT,UIII,Russia,8,118,4,93,-,-,-
19710727-0,Tuesday,27-JUL-1971,-,U1, Unknown (UNK),at an unknown location,Unknown country,-,-, Damaged beyond repair,-,CASA 352 (Junkers Ju-52),-,-,-,-,-, T.2B-198, 89,Spanish AF,Military,-,-,-,-,-,-,-,-,-,-,-,-,-,-,-,-
19710728-0,Wednesday,28-JUL-1971,-,A1, Landing (LDG),Lipetsk Airport (LPK),Russia,-,0, Damaged beyond repair,-,Yakovlev Yak-40,3,Ivchenko AI-25,1969,-,-, CCCP-87719, 9940408,Aeroflot / Moscow,Domestic Scheduled Passenger,-,-,-,-,-,Lipetsk Airport,LPK,UUOL,Russia,-,-,0,0,-,-,-
19710729-1,Thursday,29-JUL-1971,14:58,A1, Approach (APR),Calcutta-Dum Dum Airport (CCU),India,7,0, Substantial, Written off (damaged beyond repair),Antonov An-12B,4,Ivchenko AI-20M,1970,-,-, CCCP-12993, 00347307,Aeroflot / International,Int'l Non Scheduled Passenger,-,Raipur Airport,RPR,VARP,India,Calcutta-Dum Dum Airport,CCU,VECC,India,7,0,0,0,-,-,-
19710730-0,Friday,30-JUL-1971,14:54,A1, En route (ENR),near Pau,France,39,37, Damaged beyond repair,-,Nord 2501 Noratlas,2,Bristol Hercules 739,-,-,-, 49/F-RABB, 49,French AF,Military,-,Pau-Uzein Airport,PUF,LFBP,France,Pau-Uzein Airport,PUF,LFBP,France,3,36,3,34,-,-,-
19710730-1,Friday,30-JUL-1971,14:00,A1, En route (ENR),near Shizukuishi,Japan,162,162, Destroyed, Written off (damaged beyond repair),Boeing 727-281,3,Pratt & Whitney JT8D-9A,1971,-,865.0, JA8329, 20436/788,All Nippon,Domestic Scheduled Passenger,NH58,Sapporo-Chitose Airport,CTS,RJCC,Japan,Tokyo-Haneda Airport,HND,RJTT,Japan,7,155,7,155,-,-,-
19710730-2,Friday,30-JUL-1971,15:29,A2, Takeoff (TOF),"San Francisco International Airport, CA (SFO)",United States of America,218,0, Substantial, Repaired,Boeing 747-121,4,Pratt & Whitney JT9D-3A,1969,-,2898.0, N747PA, 19639/2,Pan Am,International Scheduled Passenger,PA845,San Francisco International Airport,SFO,KSFO,United States of America,-,-,-,-,19,199,0,0,-,-,Final
19710799-0,-,XX-JUL-1971,-,A1, Landing (LDG),Lyon-Bron Airport (LYN),France,-,0, Damaged beyond repair,-,Morane Saulnier MS.760 Paris I,-,-,-,-,-, 31, 31,French Navy,Military,-,-,-,-,-,Lyon-Bron Airport,LYN,LFLY,France,-,-,0,0,-,-,-
19710799-2,-,xx-JUL-1971,-,A1, Unknown (UNK),Benghazi-Benina Airport (BEN),Libya,-,-, Damaged beyond repair,-,Douglas DC-3C,-,-,1944,-,-, OO-SBC, 13457,BIAS,Unknown,-,-,-,-,-,-,-,-,-,-,-,-,-,-,-,-
19710804-0,Wednesday,04-AUG-1971,21:23,A2, Approach (APR),"Compton, CA",United States of America,96,0, Substantial, Repaired,Boeing 707-324C,-,-,1967,-,-, N47330, 19353/587,Continental Air Lines,Domestic Scheduled Passenger,CO712,Hilo International Airport,ITO,PHTO,United States of America,Los Angeles International Airport,LAX,KLAX,United States of America,9,87,0,0,-,-,Final
19710807-0,Saturday,07-AUG-1971,-,A1, Takeoff (TOF),"Villa Reynolds Air Base, SL",Argentina,-,0, Damaged beyond repair,-,Douglas C-47A-80-DL Skytrain (DC-3),-,-,1944,-,-, TC-31, 19659,Argentine AF,Military,-,-,-,-,-,-,-,-,-,-,-,0,0,-,-,-
19710808-0,Sunday,08-AUG-1971,17:24,O1, Landing (LDG),"Honolulu International Airport, HI (HNL)",United States of America,22,0, Damaged beyond repair,-,Vickers 745D Viscount,-,-,1956,-,31354.0, N7415, 113,Aloha Airlines,Domestic Scheduled Passenger, 845,Hilo International Airport,ITO,PHTO,United States of America,Honolulu International Airport,HNL,PHNL,United States of America,3,19,0,0,-,-,Final
19710809-0,Monday,09-AUG-1971,19:20,A1, Landing (LDG),Jaipur-Sanganer Airport (JAI),India,27,0, Substantial, Written off (damaged beyond repair),Vickers 768D Viscount,4,Rolls-Royce Dart 510,1958,-,-, VT-DIX, 292,Indian Airlines,Domestic Scheduled Passenger,-,-,-,-,-,Jaipur-Sanganer Airport,JAI,VIJP,India,4,23,0,0,-,-,-
19710810-0,Tuesday,10-AUG-1971,-,U1, Unknown (UNK),unknown,Unknown country,-,-, Damaged beyond repair,-,Fairchild C-119 Flying Boxcar,-,-,-,-,-, 3149,-,Republic of China AF,Military,-,-,-,-,-,-,-,-,-,-,-,-,-,-,-,-
19710811-0,Wednesday,11-AUG-1971,19:00,A1, En route (ENR),Lago Bracciano (RM),Italy,3,1, Damaged beyond repair,-,Grumman HU-16A Albatross,-,-,-,-,-, MM50-175, G-63,Italian AF,Military,-,-,-,-,-,-,-,-,-,3,0,1,0,-,-,-
19710816-0,Monday,16-AUG-1971,20:30,A1, Maneuvering (MNV),near Ahmednagar,India,-,11, Damaged beyond repair,-,Antonov An-12A,4,Ivchenko AI-20K,-,-,-, BL918, 401603,Indian AF,Military,-,-,-,-,-,-,-,-,-,-,-,-,-,-,-,Preliminary
19710820-0,Friday,20-AUG-1971,20:40,A1, Landing (LDG),"Pittsburgh International Airport, PA (PIT)",United States of America,53,0, Damaged beyond repair,-,Convair CV-580,-,-,1952,-,-, N5844,  43,Allegheny Airlines,Domestic Scheduled Passenger,-,Parkersburg-Wood County Airport,PKB,KPKB,United States of America,Pittsburgh International Airport,PIT,KPIT,United States of America,3,50,0,0,-,-,Final
19710821-0,Saturday,21-AUG-1971,-,U1, Unknown (UNK),at an unknown location,India,-,-, Damaged beyond repair,-,Douglas C-47A-25-DK (DC-3),2,Pratt & Whitney R-1830-92,1944,-,-, BJ923, 13278,Indian AF,Military,-,-,-,-,-,-,-,-,-,-,-,-,-,-,-,-
19710822-0,Sunday,22-AUG-1971,-,U1, Unknown (UNK),Kampot Airport (KMT),Cambodia,-,0, Damaged beyond repair,-,Douglas DC-3A-375,2,Pratt & Whitney R-1830,1941,-,-, B-304, 4808,Air Vietnam,Unknown,-,-,-,-,-,-,-,-,-,-,-,0,0,-,-,-
19710822-1,Sunday,22-AUG-1971,-,H2, Unknown (UNK),at an unknown location,Unknown country,-,0, Unknown,-,Ilyushin Il-18,-,-,-,-,-, registration unknown,-,UAA,Unknown,-,Cairo International Airport,CAI,HECA,Egypt,Amman-Marka International Airport,ADJ,OJAM,Jordan,-,-,0,0,-,-,-
19710823-0,Monday,23-AUG-1971,-,U1, Unknown (UNK),at an unknown location,Unknown country,-,-, Damaged beyond repair,-,Grumman C-2A Greyhound,-,-,-,-,-, 152788, 5,US Navy,Military,-,-,-,-,-,-,-,-,-,-,-,-,-,-,-,-
19710824-1,Tuesday,24-AUG-1971,-,C2, Standing (STD),Madrid-Barajas Airport (MAD),Spain,0,0, Substantial, Repaired,Boeing 707,-,-,-,-,-, registration unknown,-,Alia,-,-,-,-,-,-,-,-,-,-,0,0,0,0,-,-,-
19710827-0,Friday,27-AUG-1971,03:44,A1, Initial climb (ICL),"Fairview Park, OH",United States of America,2,1, Destroyed, Written off (damaged beyond repair),Volpar Turboliner,-,-,-,-,-, N351V, AF-295,Chicago & Southern Airlines,Cargo,-,Cleveland-Hopkins International Airport,CLE,KCLE,United States of America,-,-,-,-,2,0,1,0,-,-,Final
19710828-0,Saturday,28-AUG-1971,18:52,A1, Approach (APR),10 km (6.3 mls) NE off  København-Kastrup Airport (CPH),Denmark,34,32, Destroyed, Written off (damaged beyond repair),Ilyushin Il-18V,4,Ivchenko AI-20K,1961,-,13150.0, HA-MOC, 181002903,Malev,International Scheduled Passenger, 731,Oslo-Fornebu Airport,FBU,ENFB,Norway,København-Kastrup Airport,CPH,EKCH,Denmark,9,25,9,23,-,-,Final
19710901-0,Wednesday,01-SEP-1971,-,A1, Maneuvering (MNV),"Pine Point, NWT",Canada,2,2, Damaged beyond repair,-,Consolidated PBY-5A Catalina,-,-,-,-,-, CF-HTN, 1637,Field Aviation,Fire fighting,-,-,-,-,-,-,-,-,-,2,0,2,0,2,-,-
19710901-1,Wednesday,01-SEP-1971,-,A1, Maneuvering (MNV),"Pine Point, NWT",Canada,2,2, Damaged beyond repair,-,Canadian Vickers PBV-1A Canso (PBY-5A),-,-,1943,-,-, CF-IDS, CV-311,Norcanair,Fire fighting,-,-,-,-,-,-,-,-,-,2,0,2,0,2,-,-
19710903-0,Friday,03-SEP-1971,-,A1, Maneuvering (MNV),"1,7 km (1.1 mls) W off  Esigna, Corsica",France,2,0, Damaged beyond repair,-,Canadair CL-215-1A10,2,Pratt & Whitney R-2800-83AM,1970,-,-, F-ZBBG, 1025,Securité Civile,Fire fighting,-,-,-,-,-,-,-,-,-,2,0,0,0,-,-,-
19710903-1,Friday,03-SEP-1971,-,H2, Unknown (UNK),at an unknown location,Unknown country,86,0, Unknown,-,McDonnell Douglas DC-9,-,-,-,-,-, registration unknown,-,Eastern Air Lines,Domestic Scheduled Passenger,EA993,Chicago-O'Hare International Airport,ORD,KORD,United States of America,Miami International Airport,MIA,KMIA,United States of America,6,80,0,0,-,-,-
19710904-0,Saturday,04-SEP-1971,12:15,A1, Approach (APR),"35 km (21.9 mls) W of Juneau, AK",United States of America,111,111, Destroyed, Written off (damaged beyond repair),Boeing 727-193,3,Pratt & Whitney JT8D-7B,1966,-,11344.0, N2969G, 19304/287,Alaska Airlines,Domestic Scheduled Passenger,1866,Yakutat Airport,YAK,PAYA,United States of America,Juneau International Airport,JNU,PAJN,United States of America,7,104,7,104,-,-,Final
19710906-0,Monday,06-SEP-1971,18:21,A1, Initial climb (ICL),"4,5 km (2.8 mls) NW of Hamburg-Fuhlsbüttel Airport (HAM)",Germany,121,22, Destroyed, Written off (damaged beyond repair),BAC One-Eleven 515FB,-,-,1970,-,-, D-ALAR, 207,Paninternational,Int'l Non Scheduled Passenger, 112,Hamburg-Fuhlsbüttel Airport,HAM,EDDH,Germany,Málaga Airport,AGP,LEMG,Spain,6,115,1,21,-,-,-
19710906-1,Monday,06-SEP-1971,-,A1, Landing (LDG),"Townsville RAAF Station, QLD (TSV)",Australia,-,0, Damaged beyond repair,-,Douglas C-47B-25-DK (DC-3),2,Pratt & Whitney R-1830-90C,1945,-,-, A65-73, 32671/15923,RAAF,Military,-,-,-,-,-,Townsville RAAF Station,TSV,YBTL,Australia,-,-,0,0,-,-,-
19710908-0,Wednesday,08-SEP-1971,-,H2, Unknown (UNK),Benghazi,Libya,56,0, Unknown,-,Sud-Aviation SE-210 Caravelle,-,-,-,-,-, registration unknown,-,Alia,International Scheduled Passenger,-,Beirut International Airport,BEY,OLBA,Lebanon,Amman-Marka International Airport,ADJ,OJAM,Jordan,-,-,0,0,-,-,-
19710909-0,Thursday,09-SEP-1971,-,A1, En route (ENR),ca 10 km NE of Basse-Terre,Guadeloupe,2,2, Destroyed, Written off (damaged beyond repair),Douglas R4D-6 (DC-3),-,-,1944,-,-, 8P-AAC, 26362/14918,Carib West,Cargo,-,Port of Spain-Piarco Airport,POS,TTPP,Trinidad and Tobago,Dominica-Melville Hall Airport,DOM,TDPD,Dominica,2,0,2,0,-,-,-
19710911-1,Saturday,11-SEP-1971,09:22,A1, Approach (APR),"near Philadelphia International Airport, PA (PHL)",United States of America,6,0, Destroyed, Written off (damaged beyond repair),Howard Eldorado 700,-,-,1943,-,-, N25YC, 5598,Youngstown Cartage Co.,Executive,-,Reading Municipal Airport/Spaatz Field,RDG,KRDG,United States of America,Philadelphia International Airport,PHL,KPHL,United States of America,2,4,0,0,-,-,Final
19710912-0,Sunday,12-SEP-1971,-,A1, Unknown (UNK),Cerro de Hojas,Ecuador,-,-, Damaged beyond repair,-,Douglas C-47A-90-DL (DC-3),2,Pratt & Whitney R-1830-92,1944,-,-, HC-AUX, 20179,TAME Ecuador,Unknown,-,-,-,-,-,-,-,-,-,-,-,-,-,-,-,-
19710913-0,Monday,13-SEP-1971,-,C1, En route (ENR),near Öndörkhaan,Mongolia,9,9, Damaged beyond repair,-,Hawker Siddeley HS-121 Trident 1E,-,-,1966,-,-, 256, 2131,China Air Force,Military,-,Qinhuangdao Shanhaiguan Airport,SHP,ZBSH,China,-,-,-,-,-,-,-,-,-,-,-
19710916-0,Thursday,16-SEP-1971,-,A1, Takeoff (TOF),"ca 0,8 km NW of Belleville-Scott AFB, IL (BLV)",United States of America,3,3, Damaged beyond repair,-,McDonnell Douglas C-9A Nightingale (DC-9-30),2,Pratt & Whitney JT8D-9,1968,-,-, 67-22586, 47296/362,USAF,Military,-,Belleville-Scott AFB,BLV,KBLV,United States of America,Belleville-Scott AFB,BLV,KBLV,United States of America,3,0,3,0,-,-,-
19710916-1,Thursday,16-SEP-1971,-,A1, En route (ENR),"Rajince, Presevo",Serbia,5,5, Damaged beyond repair,-,Douglas C-47A-20-DL (DC-3),2,Pratt & Whitney R-1830-92,1943,-,-, 4W-ABI, 9334,Yemen Airlines,Int'l Non Scheduled Passenger,-,Beograd Airport,BEG,LYBE,Serbia,-,-,-,-,2,3,2,3,-,-,-
19710916-2,Thursday,16-SEP-1971,11:43,A1, Approach (APR),near Kiev-Borispol Airport (KBP),Ukraine,49,49, Damaged beyond repair,-,Tupolev Tu-134,-,-,1969,-,-, HA-LBD, 9350801,Malev,International Scheduled Passenger, 110,Budapest-Ferihegy Airport,BUD,LHBP,Hungary,Kiev-Borispol Airport,KBP,UKBB,Ukraine,8,41,8,41,-,-,-
19710916-3,Thursday,16-SEP-1971,-,H2, En route (ENR),at an unknown location,Unknown country,-,0, Unknown,-,Sud-Aviation SE-210 Caravelle,-,-,-,-,-, registration unknown,-,Alia,International Scheduled Passenger,-,Beirut International Airport,BEY,OLBA,Lebanon,Amman-Marka International Airport,ADJ,OJAM,Jordan,-,-,0,0,-,-,-
19710916-4,Thursday,16-SEP-1971,-,A1, Unknown (UNK),unknown,Russia,-,0, Damaged beyond repair,-,Beriev Be-30,-,-,1971,-,-, CCCP-67207, OS0600103,Aeroflot / Central Region,Unknown,-,-,-,-,-,-,-,-,-,-,-,0,0,-,-,-
19710917-0,Friday,17-SEP-1971,13:20,A1, Landing (LDG),"Sarasota Airport, FL (SRQ)",United States of America,2,0, Substantial, Written off (damaged beyond repair),Canadair C-54GM North Star,4,Rolls-Royce Merlin 622,1948,-,21674.0, CF-UXB, 117,Cavalier Aircraft Corp.,Executive,-,Sarasota-Bradenton Airport,SRQ,KSRQ,United States of America,Miami International Airport,MIA,KMIA,United States of America,2,0,0,0,-,-,Final
19710917-1,Friday,17-SEP-1971,-,C1, En route (ENR),E of Suez Canal,Egypt,8,7, Damaged beyond repair,-,Boeing KC-97G Stratofreighter,-,-,-,-,-, 4X-FPR/033, 16714,Israeli AF,Military,-,-,-,-,-,-,-,-,-,-,-,-,-,-,-,-
19710919-0,Sunday,19-SEP-1971,-,A1, Unknown (UNK),within Bulgaria,Bulgaria,-,1, Damaged beyond repair,-,Antonov An-2,-,-,-,-,-, LZ-...,-,Unknown,Unknown,-,-,-,-,-,-,-,-,-,-,-,1,0,-,-,-
19710924-0,Friday,24-SEP-1971,-,H2, Standing (STD),"Detroit-Metropolitan Wayne County Airport, MI (DTW)",United States of America,76,0, None,-,Boeing 727,-,-,-,-,-, registration unknown,-,American Airlines,Domestic Scheduled Passenger,AA124,Detroit-Metropolitan Wayne County Airport,DTW,KDTW,United States of America,-,-,-,-,5,71,0,0,-,-,-
19710925-0,Saturday,25-SEP-1971,-,A1, Unknown (UNK),near Tokko,Russia,-,0, Damaged beyond repair,-,Antonov An-2,-,-,-,-,-, CCCP-98281, 110147307,Aeroflot / Yakutsk,Unknown,-,-,-,-,-,-,-,-,-,-,-,0,0,-,-,-
19710927-0,Monday,27-SEP-1971,-,A1, Unknown (UNK),"Deer Lake Airport, NL (YDF)",Canada,-,-, Damaged beyond repair,-,de Havilland Canada DHC-3 Otter,-,-,1960,-,-, CF-MPZ, 328,RCMP,Unknown,-,-,-,-,-,-,-,-,-,-,-,-,-,-,-,-
19710928-0,Tuesday,28-SEP-1971,12:00,A1, Approach (APR),"near Sena Madureira, AC",Brazil,32,32, Damaged beyond repair,-,Douglas DC-3A-414A,2,Pratt & Whitney R-1830,1943,-,-, PP-CBV, 4977,Cruzeiro do Sul,Domestic Scheduled Passenger, 332,-,-,-,-,Rio Branco Airport,RBR,SBRB,Brazil,4,28,4,28,-,-,-
19711002-0,Saturday,02-OCT-1971,13:10,A1, En route (ENR),"32 km (20 mls) W off  Sint Maarten, Netherlands Antilles",Atlantic Ocean,3,0, Damaged beyond repair,-,Douglas DC-3A-228C,2,Pratt & Whitney R-1830,1940,-,-, N1981W, 2232,Island Gem Enterprises,Ferry/positioning,-,Saint Croix-Alexander Hamilton Airport,STX,TISX,U.S. Virgin Islands,Sint Maarten-Juliana Airport,SXM,TNCM,Sint Maarten,2,1,0,0,-,-,Final
19711002-1,Saturday,02-OCT-1971,11:10,A1, En route (ENR),1 km (0.6 mls) E of Aarsele,Belgium,63,63, Damaged beyond repair,-,Vickers 951 Vanguard,4,Rolls-Royce Tyne 506,1959,17261.0,21683.0, G-APEC, 706,BEA,International Scheduled Passenger, 706,London-Heathrow Airport,LHR,EGLL,United Kingdom,Salzburg-W. A. Mozart Airport,SZG,LOWS,Austria,8,55,8,55,-,-,Final
19711004-0,Monday,04-OCT-1971,-,H2, Unknown (UNK),Amman-Marka International Airport (ADJ),Jordan,67,0, Unknown,-,Sud-Aviation SE-210 Caravelle,-,-,-,-,-, registration unknown,-,Alia,International Scheduled Passenger,-,Beirut International Airport,BEY,OLBA,Lebanon,Amman-Marka International Airport,ADJ,OJAM,Jordan,-,-,0,0,-,-,-
19711007-0,Thursday,07-OCT-1971,17:40,A1, En route (ENR),off South Caicos,Atlantic Ocean,1,0, Damaged beyond repair,-,Britten-Norman BN-2A Islander,-,-,1969,-,-, N857JA, 92,International Sky Cab Airlines,Ferry/positioning,-,San Juan-Isla Grande Airport,SIG,TJIG,Puerto Rico,South Caicos International Airport,XSC,MBSC,Turks and Caicos Islands,1,0,0,0,-,-,Final
19711009-0,Saturday,09-OCT-1971,-,H2, Unknown (UNK),at an unknown location,Cuba,46,0, Unknown,-,Boeing 727,-,-,-,-,-, registration unknown,-,Eastern Air Lines,Domestic Scheduled Passenger,EA953,Detroit-Metropolitan Wayne County Airport,DTW,KDTW,United States of America,Miami International Airport,MIA,KMIA,United States of America,-,-,0,0,-,-,-
19711010-0,Sunday,10-OCT-1971,20:17,C1, Takeoff (TOF),10 km (6.3 mls) SW of Moskva-Vnukovo Airport (VKO),Russia,25,25, Destroyed, Written off (damaged beyond repair),Tupolev Tu-104B,2,Mikulin AM-3M-500,1960,10452.0,13062.0, CCCP-42490, 021603,Aeroflot / Ukraine,Domestic Scheduled Passenger, 773,Moskva-Vnukovo Airport,VKO,UUWW,Russia,Simferopol Airport,SIP,UKFF,Ukraine,7,18,7,18,-,-,-
19711011-0,Monday,11-OCT-1971,-,A1, En route (ENR),19 km (11.9 mls) from  Tyubelyaha,Russia,7,6, Damaged beyond repair,-,Antonov An-2,-,-,1961,-,8979.0, CCCP-47678, 115947312 ?,Aeroflot / Yakutsk,Passenger,-,-,-,-,-,-,-,-,-,2,5,1,5,-,-,-
19711012-0,Tuesday,12-OCT-1971,-,H2, En route (ENR),Havana-José Martí International Airport (HAV),Cuba,-,0, Unknown,-,Convair CV-580,-,-,-,-,-, YV-C-AVA, 161,AVENSA,Domestic Scheduled Passenger,-,Barcelona-Gen J A Anzoategui Airport,BLA,SVBC,Venezuela,Caracas-Maiquetía Airport,CCS,SVMI,Venezuela,-,-,0,0,-,-,-
19711012-1,Tuesday,12-OCT-1971,-,A1, Landing (LDG),Kishinev Airport (KIV),Moldova,-,-, Damaged beyond repair,-,Antonov An-10A,4,Ivchenko AI-20K,1958,-,-, CCCP-11137, 8400401,Aeroflot / Moldova,Unknown,-,-,-,-,-,Kishinev Airport,KIV,LUKK,Moldova,-,-,-,-,-,-,-
19710102-0,Saturday,02-JAN-1971,-,A1, Approach (APR),7 km (4.4 mls) N of Tripoli International Airport (TIP),Libya,16,16, Damaged beyond repair,-,de Havilland DH-106 Comet 4C,-,-,1960,-,25592.0, SU-ALC, 6439,UAA,International Scheduled Passenger, 844,Algiers-Dar el Beida Airport,ALG,DAAG,Algeria,Tripoli International Airport,TIP,HLLT,Libya,8,8,8,8,-,-,-
19710103-0,Sunday,03-JAN-1971,-,H2, En route (ENR),Havana-José Martí International Airport (HAV),Cuba,97,0, None,-,McDonnell Douglas DC-8,-,-,-,-,-, registration unknown,-,National Airlines,Domestic Scheduled Passenger,  36,Los Angeles International Airport,LAX,KLAX,United States of America,Tampa International Airport,TPA,KTPA,United States of America,7,90,0,0,-,-,-
19710104-1,Monday,04-JAN-1971,18:32,A1, Approach (APR),"New York-La Guardia Airport, NY (LGA)",United States of America,2,0, Damaged beyond repair,-,Douglas C-47A-90-DL (DC-3),2,Pratt & Whitney R-1830-92,1944,-,-, N7, 20426,FAA,Unknown,-,Johnstown-Cambria County Airport,JST,KJST,United States of America,New York-La Guardia Airport,LGA,KLGA,United States of America,2,0,0,0,-,-,Final
19710104-2,Monday,04-JAN-1971,-,O1, Standing (STD),Paris-Orly Airport (ORY),France,0,0, Damaged beyond repair,-,Sud Aviation SE-210 Caravelle III,-,-,1966,-,-, F-BNKI, 214,Air Inter,Unknown,-,-,-,-,-,-,-,-,-,0,0,0,0,-,-,-
19710107-0,Thursday,07-JAN-1971,11:50,A1, Maneuvering (MNV),near Patna,India,2,0, Substantial, Written off (damaged beyond repair),Antonov An-2M,-,-,-,-,-, VT-DZB, 801823,Khemka Aviation,Agricultural,-,-,-,-,-,-,-,-,-,1,1,0,0,-,-,-
19710109-0,Saturday,09-JAN-1971,16:20,A2, Approach (APR),"Edison, NJ",United States of America,21,0, Substantial, Repaired,Boeing 707-323C,-,-,1967,-,-, N7595A, 19515/608,American Airlines,Domestic Scheduled Passenger,AA30,San Francisco International Airport,SFO,KSFO,United States of America,Newark International Airport,EWR,KEWR,United States of America,7,14,0,0,2,-,Final
19710110-0,Sunday,10-JAN-1971,-,U1, Unknown (UNK),near Basra,Iraq,-,-, Damaged beyond repair,-,Scottish Aviation Twin Pioneer 3,2,Alvis Leonides 531,1961,-,-, G-ARBA, 548,Iraq Petroleum Transport Comp.,Unknown,-,-,-,-,-,-,-,-,-,-,-,-,-,-,-,-
19710112-0,Tuesday,12-JAN-1971,18:20,A1, Approach (APR),"Killeen, TX",United States of America,15,0, Damaged beyond repair,-,Beechcraft 99A Airliner,2,Pratt & Whitney Canada PT6A-27,1969,-,-, N12RA, U-131,Rio Airways,Domestic Scheduled Passenger,-,Dallas-Love Field,DAL,KDAL,United States of America,Killeen Municipal Airport,ILE,KILE,United States of America,2,13,0,0,-,-,Final
19710113-0,Wednesday,13-JAN-1971,-,A1, Unknown (UNK),Dalat,Vietnam,4,0, Damaged beyond repair,-,de Havilland Canada C-7B Caribou (DHC-4),-,-,1963,-,-, 62-12584, 145,USAF,Military,-,-,-,-,-,-,-,-,-,4,0,0,0,-,-,-
19710115-0,Friday,15-JAN-1971,-,A1, Approach (APR),near Ploemeur,France,9,6, Damaged beyond repair,-,Lockheed P2V-7 Neptune,-,-,-,-,-, 147564, 726-7179,French Navy,Military,-,Lorient-Lann Bihoué Naval Aviation Base,LRT,LFRH,France,-,-,-,-,-,-,-,-,-,-,-
19710118-0,Monday,18-JAN-1971,16:50,A1, Approach (APR),"0,7 km (0.4 mls) N of Zürich-Kloten Airport (ZRH)",Switzerland,47,45, Destroyed, Written off (damaged beyond repair),Ilyushin Il-18D,-,-,1966,-,-, LZ-BED, 186009002,Balkan Bulgarian,International Scheduled Passenger,-,Paris-Le Bourget Airport,LBG,LFPB,France,Zürich-Kloten Airport,ZRH,LSZH,Switzerland,8,39,7,38,-,-,-
19710119-0,Tuesday,19-JAN-1971,13:55,A2, Landing (LDG),Bedford-Thurleigh Airport,United Kingdom,5,0, Substantial, Repaired,Hawker Siddeley HS-121 Trident 3B,3,Rolls-Royce Spey 512-5W,-,-,-, G-AWZA, 2302,BEA,Training,-,-,-,-,-,-,-,-,-,5,0,0,0,-,-,Final
19710119-1,Tuesday,19-JAN-1971,13:55,A2, Standing (STD),Bedford-Thurleigh Airport,United Kingdom,7,0, Substantial, Repaired,de Havilland DH-106 Comet 3B,4,Rolls-Royce Avon 524,1954,-,-, XP915, 6100,RAE,Training,-,-,-,-,-,-,-,-,-,7,0,0,0,-,-,Final
19710120-0,Wednesday,20-JAN-1971,-,A1, En route (ENR),near Palca,Peru,35,35, Damaged beyond repair,-,Curtiss C-46D Commando,-,-,-,-,-, FAP-331 ?, 32961 ?,Peruvian AF,Military,-,-,-,-,-,Lima-Jorge Chávez International Airport,LIM,SPIM,Peru,5,30,5,30,-,-,-
19710121-1,Thursday,21-JAN-1971,09:40,A1, En route (ENR),"2,5 km (1.6 mls) S of Mézilhac",France,21,21, Damaged beyond repair,-,Nord 262A-34,2,Turbomeca Bastan VI-C1,1968,-,-, 44/F-RBOA, 44,French AF,Military,-,-,-,-,-,-,-,-,-,4,17,4,17,-,-,-
19710121-2,Thursday,21-JAN-1971,19:55,A1, En route (ENR),"Lake Champlain, NY",United States of America,5,5, Missing, Presumed damaged beyond repair,Rockwell 1121 Jet Commander,-,-,-,-,-, N400CP, 30,Cousin Properties,Executive,-,Burlington International Airport,BTV,KBTV,United States of America,Providence Airport,PVD,KPVD,United States of America,2,3,2,3,-,-,Final
19710121-3,Thursday,21-JAN-1971,-,A1, Unknown (UNK),Rostov Airport (ROV),Russia,-,-, Damaged beyond repair,-,Ilyushin Il-18B,-,-,1960,-,-, CCCP-75727, 180002303,Gos. NII GVF,Unknown,-,-,-,-,-,-,-,-,-,-,-,-,-,-,-,-
19710121-4,Thursday,21-JAN-1971,-,A1, En route (ENR),8 km (5 mls) ENE of Floridablanca,Colombia,7,7, Destroyed, Written off (damaged beyond repair),Douglas C-47 (DC-3),-,-,-,-,-, FAC-653,-,Colombian AF,Military,-,Santa Marta Airport,SMR,SKSM,Colombia,-,-,-,-,4,3,4,3,-,-,-
19710122-0,Friday,22-JAN-1971,-,A1, Approach (APR),15 km (9.4 mls) from  Surgut Airport (SGC),Russia,13,13, Damaged beyond repair,-,Antonov An-12B,4,Ivchenko AI-20M,1966,-,-, CCCP-11000, 5343610,Aeroflot / Komi,Cargo,-,Omsk Airport,OMS,UNOO,Russia,Surgut Airport,SGC,USRR,Russia,12,1,12,1,-,-,-
19710122-1,Friday,22-JAN-1971,-,A1, Approach (APR),Accra-Kotoka Airport (ACC),Ghana,3,0, Damaged beyond repair,-,Hawker Siddeley HS-748-254 Srs. 2A,-,-,1970,-,-, 9G-ABW, 1685,Ghana Airways,Training,-,-,-,-,-,Accra-Kotoka Airport,ACC,DGAA,Ghana,3,0,0,0,-,-,-
19710122-2,Friday,22-JAN-1971,-,O1, Standing (STD),Phnom Penh-Pochentong Airport (PNH),Cambodia,0,0, Damaged beyond repair,-,Sud Aviation SE-210 Caravelle III,-,-,1963,-,-, XU-JTA, 145,Air Cambodge,-,-,-,-,-,-,-,-,-,-,0,0,0,0,-,-,-
19710122-3,Friday,22-JAN-1971,-,H2, En route (ENR),Havana-José Martí International Airport (HAV),Cuba,60,0, None,-,Boeing 727,-,-,-,-,-, registration unknown,-,Northwest Orient Airlines,Domestic Scheduled Passenger,NW433,Milwaukee-General Mitchell Airport,MKE,KMKE,United States of America,-,-,-,-,-,-,0,0,-,-,-
19710122-4,Friday,22-JAN-1971,-,H2, Unknown (UNK),Benghazi,Libya,-,0, Unknown,-,Douglas DC-3,-,-,-,-,-, registration unknown,-,Ethiopian Airlines,Unknown,-,Bahar Dar Airport,BJR,HABD,Ethiopia,Gondar Airport,GDQ,HAGN,Ethiopia,-,20,0,0,-,-,-
19710122-5,Friday,22-JAN-1971,-,A1, En route (ENR),20 km (12.5 mls) S off  Biak,Indonesia,8,8, Damaged beyond repair,-,Shorts SC.7 Skyvan 3M-400,2,Garrett TPE331-2-201A,1969,-,-, T-701, SH.1871,Indonesian AF,Military,-,-,-,-,-,-,-,-,-,-,-,-,-,-,-,-
19710123-0,Saturday,23-JAN-1971,11:57,A1, Takeoff (TOF),Bombay-Santacruz Airport (BOM),India,5,0, Destroyed, Written off (damaged beyond repair),Boeing 707-437,4,Rolls-Royce Conway 508,1960,-,-, VT-DJI, 17722/94,Air-India,Training,-,Bombay-Santacruz Airport,BOM,VABB,India,-,-,-,-,5,0,0,0,-,-,-
19710123-1,Saturday,23-JAN-1971,-,H1, Landing (LDG),near Sokcho,South Korea,60,2, Damaged beyond repair,-,Fokker F-27 Friendship 500,-,-,1969,3171.0,2302.0, HL5212, 10428,KAL,Domestic Scheduled Passenger,-,Kangnung Airport,KAG,RKNN,South Korea,Seoul-Gimpo (Kimpo) International Airport,SEL,RKSS,South Korea,5,55,1,1,-,-,-
19710125-0,Monday,25-JAN-1971,11:45,A1, En route (ENR),Paramo Los Conejos,Venezuela,47,13, Damaged beyond repair,-,Vickers 749 Viscount,-,-,1956,-,-, YV-C-AMV,  94,LAV,Domestic Scheduled Passenger, 359,Mérida-A Carnevalli Airport,MRD,SVMD,Venezuela,Caracas-Maiquetía Airport,CCS,SVMI,Venezuela,4,43,1,12,-,-,-
19710126-0,Tuesday,26-JAN-1971,-,H2, En route (ENR),Cabo Rojo Airport (CBJ),Dominican Republic,74,0, Unknown,-,Lockheed L-1049 Super Constellation,-,-,-,-,-, registration unknown,-,Aerovias Quisqueyana,Int'l Non Scheduled Passenger,-,Santo Domingo-Las Américas International Airport,SDQ,MDSD,Dominican Republic,-,-,-,-,6,68,0,0,-,-,-
19710126-2,Tuesday,26-JAN-1971,-,A1, Unknown (UNK),at an unknown location,Unknown country,-,-, Damaged beyond repair,-,Douglas C-47A-90-DL (DC-3),-,-,1944,-,-, 43-15975, 20441,USAF,Military,-,-,-,-,-,-,-,-,-,-,-,-,-,-,-,-
19710129-0,Friday,29-JAN-1971,21:37,A2, Taxi (TXI),"Sydney-Kingsford Smith International Airport, NSW (SYD)",Australia,148,0, Substantial, Repaired,McDonnell Douglas DC-8-63,-,-,1968,-,11340.0, CF-CPQ, 45928/334,Canadian Pacific,International Scheduled Passenger, 301,Vancouver International Airport,YVR,CYVR,Canada,Sydney-Kingsford Smith International Airport,SYD,YSSY,Australia,12,136,0,0,-,-,Final
19710129-1,Friday,29-JAN-1971,21:37,A2, Takeoff (TOF),"Sydney-Kingsford Smith International Airport, NSW (SYD)",Australia,92,0, Substantial, Repaired,Boeing 727-76,-,-,1964,-,-, VH-TJA, 18741/72,TAA,Domestic Scheduled Passenger, 592,Sydney-Kingsford Smith International Airport,SYD,YSSY,Australia,Perth Airport,PER,YPPH,Australia,8,84,0,0,-,-,Final
19710131-0,Sunday,31-JAN-1971,-,A1, Approach (APR),14 km (8.8 mls) from  Surgut,Russia,7,7, Damaged beyond repair,-,Antonov An-12B,4,Ivchenko AI-20M,1970,-,-, CCCP-12996, 00347403,Aeroflot / Tyumen,Cargo,-,-,-,-,-,Surgut Airport,SGC,USRR,Russia,7,0,7,0,-,-,Final
19710202-0,Tuesday,02-FEB-1971,-,H1, Standing (STD),Lahore Airport (LHE),Pakistan,0,0, Damaged beyond repair,-,Fokker F-27 Friendship 100,-,-,1961,17638.0,21091.0, VT-DMA, 10171,Indian Airlines,Domestic Scheduled Passenger,-,Srinagar Airport,SXR,VISR,India,Jammu-Satwari Airport,IXJ,VIJU,India,0,0,0,0,-,-,-
19710204-0,Thursday,04-FEB-1971,-,H2, En route (ENR),Havana-José Martí International Airport (HAV),Cuba,28,0, Unknown,-,McDonnell Douglas DC-9,-,-,-,-,-, registration unknown,-,Delta Air Lines,Domestic Scheduled Passenger,DL379,-,-,-,-,Nashville Metropolitan Airport,BNA,KBNA,United States of America,5,23,0,0,-,-,-
19710207-0,Sunday,07-FEB-1971,-,A1, Landing (LDG),Kirovsk Airport (KVK),Russia,-,-, Damaged beyond repair,-,Ilyushin Il-14M,-,-,-,-,-, CCCP-91535, 147001201,Aeroflot / Arkhangelsk,Unknown,-,-,-,-,-,Kirovsk Airport,KVK,ULMK,Russia,-,-,-,-,-,-,-
19710210-0,Wednesday,10-FEB-1971,13:05,A1, Landing (LDG),"Nondalton Airport, AK (NNL)",United States of America,2,0, Damaged beyond repair,-,Curtiss C-46D-10-CU Commando,-,-,1945,-,-, N10012, 33271,Reeve Aleutian Airways,Cargo, 012,Anchorage International Airport,ANC,PANC,United States of America,Nondalton Airport,NNL,PANO,United States of America,2,0,0,0,-,-,Final
19710210-1,Wednesday,10-FEB-1971,-,A1, Maneuvering (MNV),near Phan Rang (PHA),Vietnam,5,5, Damaged beyond repair,-,Fairchild UC-123K Provider,-,-,-,-,-, 56-4373, 20257,USAF,Military,-,Phan Rang Air Base,PHA,VVPR,Vietnam,Phan Rang Air Base,PHA,VVPR,Vietnam,5,0,5,0,-,-,-
19710214-0,Sunday,14-FEB-1971,14:55,A1, Initial climb (ICL),"near Shawnee, OK",United States of America,29,0, Damaged beyond repair,-,Douglas C-47-DL (DC-3),-,-,1943,-,-, N14273, 7366,Patterson McCarthy Leasing,Domestic Non Scheduled Passenger,-,Shawnee Municipal Airport,SNL,KSNL,United States of America,Shawnee Municipal Airport,SNL,KSNL,United States of America,2,27,0,0,-,-,Final
19710214-1,Sunday,14-FEB-1971,-,A1, Unknown (UNK),Phnom Penh,Cambodia,-,-, Damaged beyond repair,-,Douglas C-47B-15-DK (DC-3),-,-,1944,-,-, N55L, 26675/15230,Continental Air Services,Unknown,-,-,-,-,-,-,-,-,-,-,-,-,-,-,-,-
19710215-0,Monday,15-FEB-1971,-,A1, Takeoff (TOF),McMurdo-Williams Field,Antarctica,-,0, Damaged beyond repair,-,Lockheed LC-130F Hercules,-,-,1960,-,-, 148318, 3562,US Navy,Military,-,-,-,-,-,Christchurch International Airport,CHC,NZCH,New Zealand,-,-,0,0,-,-,-
19710216-1,Tuesday,16-FEB-1971,-,A1, Landing (LDG),Vorkuta Airport (VKT),Russia,5,0, Damaged beyond repair,-,Antonov An-12TB,-,-,1964,-,-, CCCP-11374, 402404,Aeroflot / Komi,Cargo,-,Noril'sk Airport,NSK,UOOO,Russia,Vorkuta Airport,VKT,UUYW,Russia,5,0,0,0,-,-,-
19710217-0,Wednesday,17-FEB-1971,08:09,A2, Approach (APR),"Gulfport Municipal Airport, MS (GPT)",United States of America,11,0, Substantial, Repaired,McDonnell Douglas DC-9-15,-,-,1967,-,-, N92S, 47064/120,Southern Airways,Domestic Scheduled Passenger,  41,New Orleans-Moisant Field,MSY,KMSY,United States of America,Gulfport Municipal Airport,GPT,KGPT,United States of America,4,7,0,0,-,-,Final
19710217-1,Wednesday,17-FEB-1971,-,A1, En route (ENR),Cunatincuta Mountain,Bolivia,12,12, Damaged beyond repair,-,Curtiss C-46A-30-CU Commando,2,Pratt & Whitney R-2800-51,1943,-,-, TAM-60, 26683,TAM,Domestic Non Scheduled Passenger,-,La Paz-El Alto Airport,LPB,SLLP,Bolivia,San Borja Airport,SRJ,SLSB,Bolivia,4,8,4,8,-,-,-
19710219-0,Friday,19-FEB-1971,16:23,A1, Landing (LDG),Barrancabermeja-Yariguíes Airport (EJA),Colombia,35,6, Damaged beyond repair,-,Douglas C-54B-DC (DC-4),-,-,1944,-,-, FAC-692, 10442,Colombian AF,Military,-,Valledupar Airport,VUP,SKVP,Colombia,Barrancabermeja-Yariguíes Airport,EJA,SKEJ,Colombia,6,29,1,5,-,-,-
19710219-1,Friday,19-FEB-1971,09:15,A1, Takeoff (TOF),"Houston, TX",United States of America,2,0, Damaged beyond repair,-,Douglas C-47B-25-DK (DC-3),2,Pratt & Whitney R-1830-90C,1945,-,-, N99H, 32588/15840,private,Test,-,-,-,-,-,-,-,-,-,2,0,0,0,-,-,Final
19710221-0,Sunday,21-FEB-1971,-,O1, Standing (STD),Da Nang Airport (DAD),Vietnam,0,0, Damaged beyond repair,-,Lockheed C-130B Hercules,4,Allison T56-A-7,1962,-,-, 61-2642, 3678,USAF,Military,-,-,-,-,-,-,-,-,-,0,0,0,0,-,-,-
19710222-0,Monday,22-FEB-1971,-,U1, Unknown (UNK),at an unknown location,Unknown country,-,-, Damaged beyond repair,-,CASA 352 (Junkers Ju-52),-,-,-,-,-, T.2B-157, 48,Spanish AF,Military,-,-,-,-,-,-,-,-,-,-,-,-,-,-,-,-
19710225-0,Thursday,25-FEB-1971,-,U1, Unknown (UNK),"Tucumán Airport, TU (TUC)",Argentina,-,-, Damaged beyond repair,-,Douglas DC-3-294,-,-,1939,-,-, LV-JTC, 2122,Automobil Club Argentino,Unknown,-,-,-,-,-,-,-,-,-,-,-,-,-,-,-,-
19710225-1,Thursday,25-FEB-1971,-,H2, Unknown (UNK),"Vancouver International Airport, BC (YVR)",Canada,98,0, Unknown,-,Boeing 737-200,-,-,-,-,-, registration unknown,-,Western Air Lines,Domestic Scheduled Passenger, 328,San Francisco International Airport,SFO,KSFO,United States of America,Seattle/Tacoma International Airport,SEA,KSEA,United States of America,-,-,0,0,-,-,-
19710227-0,Saturday,27-FEB-1971,-,A1, Landing (LDG),Luang Prabang Airport (LPQ),Laos,-,0, Damaged beyond repair,-,Boeing S.307B-1 Stratoliner,-,-,1940,-,-, XW-PGR, 2000,Royal Air Lao,Unknown,-,-,-,-,-,Luang Prabang Airport,LPQ,VLLB,Laos,-,-,0,0,-,-,-
19710228-0,Sunday,28-FEB-1971,-,A1, Approach (APR),4 km (2.5 mls) from  Fort-Archambault Airport (SRH),Chad,3,0, Damaged beyond repair,-,Douglas C-54A-DO (DC-4),-,-,1943,-,-, TT-DAA, 3096,Air Afrique,Cargo,-,-,-,-,-,Fort-Archambault Airport,SRH,FTTH,Chad,2,1,0,0,-,-,-
19710302-0,Tuesday,02-MAR-1971,-,U1, Unknown (UNK),Santiago,Bolivia,-,0, Damaged beyond repair,-,Curtiss C-46D-15-CU Commando,-,-,1945,-,-, CP-908, 33494,Aerovias Las Minas,Unknown,-,-,-,-,-,-,-,-,-,-,-,0,0,-,-,-
19710302-1,Tuesday,02-MAR-1971,-,A1, Unknown (UNK),at an unknown location,Ecuador,-,0, Damaged beyond repair,-,Douglas C-47A-80-DL (DC-3),2,Pratt & Whitney R-1830-92,1944,-,-, HC-ALC, 19871,TAO,Unknown,-,-,-,-,-,-,-,-,-,-,-,0,0,-,-,-
19710308-0,Monday,08-MAR-1971,-,H2, Unknown (UNK),"Miami, FL",United States of America,46,0, Unknown,-,Boeing 727,-,-,-,-,-, registration unknown,-,National Airlines,Domestic Scheduled Passenger, 745,-,-,-,-,New Orleans-Moisant Field,MSY,KMSY,United States of America,-,-,0,0,-,-,-
19710311-0,Thursday,11-MAR-1971,14:27,A1, Takeoff (TOF),"Lubbock Airport, TX (LBB)",United States of America,3,0, Damaged beyond repair,-,Douglas C-47A-60-DL (DC-3),-,-,1943,-,-, N25, 10243,FAA,Unknown,-,Lubbock International Airport,LBB,KLBB,United States of America,Lubbock International Airport,LBB,KLBB,United States of America,3,0,0,0,-,-,-
19710318-1,Thursday,18-MAR-1971,-,A1, Landing (LDG),Le Touquet Airport (LTQ),France,18,0, Damaged beyond repair,-,Aviation Traders ATL-98 Carvair,-,-,1944,-,-, G-APNH, 11/18333,BAF,International Scheduled Passenger,-,Southend Municipal Airport,SEN,EGMC,United Kingdom,Le Touquet Airport,LTQ,LFAT,France,7,11,0,0,-,-,-
19710319-0,Friday,19-MAR-1971,-,A1, Landing (LDG),Thein Ngon,Vietnam,4,0, Damaged beyond repair,-,Fairchild C-123K Provider,-,-,-,-,-, 54-0650, 20099,USAF,Military,-,-,-,-,-,-,-,-,-,4,0,0,0,-,-,-
19710319-1,Friday,19-MAR-1971,-,H2, Standing (STD),Paramaribo-Zanderij International Airport (PBM),Suriname,-,0, None,-,McDonnell Douglas DC-8-53,-,-,1961,-,-, PH-DCM, 45616/147,KLM,International Scheduled Passenger,-,Paramaribo-Zanderij International Airport,PBM,SMJP,Suriname,Amsterdam-Schiphol International Airport,AMS,EHAM,Netherlands,-,-,0,0,-,-,-
19710323-0,Tuesday,23-MAR-1971,-,A1, Maneuvering (MNV),Istres,France,3,3, Damaged beyond repair,-,Aérospatiale SN.600 Corvette,2,Pratt & Whitney Canada JT15D-1,1970,-,270.0, F-WRSN, 01,Aérospatiale,Test,-,-,-,-,-,-,-,-,-,3,0,3,0,-,-,-
19710326-0,Friday,26-MAR-1971,20:39,A1, En route (ENR),near Hashimara,India,15,15, Destroyed, Written off (damaged beyond repair),Douglas C-47A-90-DL (DC-3),2,Pratt & Whitney R-1830-92,1944,-,-, VT-ATT, 20363,Jamair,Domestic Non Scheduled Passenger,-,Guwahati-Borjhar Airport,GAU,VEGT,India,Bagdogra Airport,IXB,VEBD,India,4,11,4,11,-,-,-
19710326-1,Friday,26-MAR-1971,18:45,A1, Landing (LDG),"Red Devil Airport, AK (RDV)",United States of America,2,0, Damaged beyond repair,-,Douglas C-47B-15-DK (DC-3),2,Pratt & Whitney R-1830-90C,1944,-,-, N49319, 26676/15231,Vanderpool Flying Service,Executive,-,Bethel Airport,BET,PABE,United States of America,-,-,-,-,2,0,0,0,-,-,Final
19710326-2,Friday,26-MAR-1971,-,O1, Standing (STD),"Melbourne-Essendon Airport, VIC (MEB)",Australia,0,0, Damaged beyond repair,-,Fokker F-27 Friendship 200,-,-,1960,39944.0,27989.0, VH-FNE, 10145,Ansett,-,-,-,-,-,-,-,-,-,-,0,0,0,0,-,-,-
19710330-0,Tuesday,30-MAR-1971,-,H2, Unknown (UNK),Guangzhou,China,50,0, Unknown,-,BAC One-Eleven,-,-,-,-,-, registration unknown,-,Philippine Air Lines,Domestic Scheduled Passenger,-,Manila International Airport,MNL,RPLL,Philippines,Davao-Mati Airport,DVO,RPMD,Philippines,5,45,0,0,-,-,-
19710331-0,Wednesday,31-MAR-1971,-,A1, Unknown (UNK),near Moskva,Russia,-,-, Damaged beyond repair,-,Antonov An-24,-,-,1964,-,-, CCCP-46747, 47300904,Aeroflot / Moscow,Training,-,Moskva-Bykovo Airport,BKA,UUBB,Russia,Moskva-Bykovo Airport,BKA,UUBB,Russia,-,-,-,-,-,-,-
19710331-1,Wednesday,31-MAR-1971,06:33,A1, Approach (APR),"Ontario International Airport, CA (ONT)",United States of America,5,5, Damaged beyond repair,-,Boeing 720-047B,4,Pratt & Whitney JT3D-3B,1967,7011.0,11521.0, N3166, 19439/621,Western Air Lines,Training, 366,Los Angeles International Airport,LAX,KLAX,United States of America,Ontario International Airport,ONT,KONT,United States of America,5,0,5,0,-,-,Final
19710331-2,Wednesday,31-MAR-1971,-,H2, En route (ENR),Havana-José Martí International Airport (HAV),Cuba,22,0, None,-,McDonnell Douglas DC-8,-,-,-,-,-, registration unknown,-,Eastern Air Lines,Domestic Scheduled Passenger,EA939,New York-John F. Kennedy International Airport,JFK,KJFK,United States of America,San Juan-Isla Verde International Airport,SJU,TJSJ,Puerto Rico,-,-,0,0,-,-,-
19710331-3,Wednesday,31-MAR-1971,12:59,A1, Approach (APR),13 km (8.1 mls) SW of Voroshilovgrad Airport (VSG),Ukraine,65,65, Destroyed, Written off (damaged beyond repair),Antonov An-10,-,-,1958,9081.0,14337.0, CCCP-11145, 8400701,Aeroflot / Privolzhsk,Domestic Scheduled Passenger,1969,Kuybyshev Airport,KUF,UWWW,Russia,Voroshilovgrad Airport,VSG,UKCW,Ukraine,8,57,8,57,-,-,-
19710399-0,-,xx-MAR-1971,-,U1, Unknown (UNK),at an unknown location,Guatemala,-,-, Damaged beyond repair,-,Douglas DC-6,-,-,1947,-,-, TG-ABA, 42883/31,Aviateca,Unknown,-,-,-,-,-,-,-,-,-,-,-,-,-,-,-,-
19710401-0,Thursday,01-APR-1971,-,A1, Takeoff (TOF),Jakarta-Kemayoran Airport (JKT),Indonesia,3,0, Damaged beyond repair,-,NAMC YS-11-102,-,-,1965,-,-, PK-MYN, 2011,Merpati Nusantara,Training,-,-,-,-,-,-,-,-,-,3,0,0,0,-,-,-
19710404-0,Sunday,04-APR-1971,-,A1, Takeoff (TOF),Jos Airport (JOS),Nigeria,41,0, Damaged beyond repair,-,Fokker F-27 Friendship 200,-,-,1963,13133.0,12959.0, 5N-AAX, 10218,Nigeria Airways,Scheduled Passenger,-,Jos Airport,JOS,DNJO,Nigeria,-,-,-,-,3,38,0,0,-,-,-
19710405-0,Monday,05-APR-1971,09:51,A1, Landing (LDG),Beef Island Airport (EIS),British Virgin Islands,3,0, Damaged beyond repair,-,Douglas C-47A-50-DL (DC-3),2,Pratt & Whitney R-1830-92,1943,-,-, N57372, 10136,Vinair,Cargo,-,-,-,-,-,Tortola-Terrance B. Lettsome International Airport,EIS,TUPJ,British Virgin Islands,2,1,0,0,-,-,-
19710406-0,Tuesday,06-APR-1971,-,A1, Unknown (UNK),Nairobi International Airport (NBO),Kenya,-,-, Damaged beyond repair,-,Douglas R4D-6 (DC-3),-,-,1944,-,-, 5Y-DCA, 26733/15288,Kenya CAA,Unknown,-,-,-,-,-,-,-,-,-,-,-,-,-,-,-,-
19710408-0,Thursday,08-APR-1971,-,A1, Unknown (UNK),within Bulgaria,Bulgaria,-,1, Damaged beyond repair,-,Antonov An-2,-,-,-,-,-, LZ-...,-,Unknown,Unknown,-,-,-,-,-,-,-,-,-,-,-,1,0,-,-,-
19710411-0,Sunday,11-APR-1971,-,A1, Takeoff (TOF),near Tedzhen,Turkmenistan,-,0, Damaged beyond repair,-,Antonov An-2R,-,-,-,-,-, CCCP-25588, 1G61-14,Aeroflot / Turkmenistan,Unknown,-,-,-,-,-,-,-,-,-,-,-,0,0,-,-,-
19710415-1,Thursday,15-APR-1971,-,A1, Initial climb (ICL),near Floridablanca Air Base,Philippines,40,40, Damaged beyond repair,-,Douglas C-47A-20-DK (DC-3),2,Pratt & Whitney R-1830-92,1944,-,-, 293246, 13136,Philippine AF,Military,-,-,-,-,-,Manila Airport,MNL,RPLL,Philippines,-,-,-,-,-,-,-
19710417-0,Saturday,17-APR-1971,16:15,A1, Approach (APR),"near Butte, MT",United States of America,4,4, Damaged beyond repair,-,Learjet 24D,-,-,-,-,-, N123CB, 24-232,F & S Contracting,Private,-,-,-,-,-,Butte Airport,BTM,KBTM,United States of America,2,2,2,2,-,-,Final
19710421-0,Wednesday,21-APR-1971,-,H2, Unknown (UNK),at an unknown location,Unknown country,59,0, Unknown,-,McDonnell Douglas DC-8,-,-,-,-,-, registration unknown,-,Eastern Air Lines,Domestic Scheduled Passenger,EA403,Newark International Airport,EWR,KEWR,United States of America,Miami International Airport,MIA,KMIA,United States of America,7,52,0,0,-,-,-
19710424-0,Saturday,24-APR-1971,-,A1, Approach (APR),off Napier-Hawkes Bay Airport (NPE),New Zealand,1,0, Damaged beyond repair,-,Lockheed 18-50 Lodestar,-,-,1940,-,-, ZK-CGV, 18-2051,Airland (NZ),Unknown,-,-,-,-,-,Napier-Hawkes Bay Airport,NPE,NZNE,New Zealand,1,0,0,0,-,-,-
19710425-0,Sunday,25-APR-1971,-,H2, En route (ENR),Medellín-Enrique Olaya Herrera Airport (EOH),Colombia,52,0, None,-,Boeing 727-59,-,-,1967,-,-, HK-1337, 19303/357,Avianca,Domestic Scheduled Passenger,-,Barranquilla-Ernesto Cortissoz Airport,BAQ,SKBQ,Colombia,Medellín-Enrique Olaya Herrera Airport,EOH,SKMD,Colombia,-,-,0,0,-,-,-
19710425-2,Sunday,25-APR-1971,-,A1, Approach (APR),"Cheyenne Airport, WY (CYS)",United States of America,5,5, Damaged beyond repair,-,Douglas C-47A-85-DL (DC-3),-,-,1944,-,-, 43-15555, 20021,USAF,Military,-,-,-,-,-,Cheyenne Airport,CYS,KCYS,United States of America,-,-,-,-,-,-,-
19710428-0,Wednesday,28-APR-1971,-,A1, Taxi (TXI),"Manaus/Ponta Pelada Airport, AM (PLL)",Brazil,85,16, Damaged beyond repair,-,Douglas C-118 (DC-6B),4,Pratt & Whitney R-2800-CB16,1952,-,-, 2414, 43746/297,Brazilian AF,Military,-,Manaus/Ponta Pelada Airport,PLL,SBMN,Brazil,Rio de Janeiro-Galeão International Airport,GIG,SBGL,Brazil,7,78,-,-,-,-,-
19710429-0,Thursday,29-APR-1971,-,H2, En route (ENR),Panama City-Tocumen International Airport (PTY),Panama,-,0, None,-,Boeing 720,-,-,-,-,-, registration unknown,-,Avianca,International Scheduled Passenger,AV81,Los Angeles International Airport,LAX,KLAX,United States of America,Bogotá-Eldorado Airport,BOG,SKBO,Colombia,-,-,0,0,-,-,-
19710429-1,Thursday,29-APR-1971,-,A1, Unknown (UNK),near Chernivtsi,Ukraine,-,0, Damaged beyond repair,-,Antonov An-2R,-,-,1964,-,-, CCCP-42696, 1G43-05,Aeroflot / Ukraine,Unknown,-,-,-,-,-,-,-,-,-,-,-,0,0,-,-,-
19710502-0,Sunday,02-MAY-1971,-,A1, Takeoff (TOF),"near Gagetown CFB Station, NB (YCX)",Canada,6,1, Damaged beyond repair,-,de Havilland Canada DHC-3 Otter,-,-,1954,-,-, 3689, 56,Canadian Armed Forces,Military,-,-,-,-,-,-,-,-,-,-,-,-,-,-,-,-
19710504-0,Tuesday,04-MAY-1971,-,A1, Initial climb (ICL),"2,5 km (1.6 mls) N of La Paz-El Alto Airport (LPB)",Bolivia,3,0, Damaged beyond repair,-,Douglas C-47 (DC-3),-,-,-,-,-, TAM-22,-,TAM,Cargo,-,La Paz-El Alto Airport,LPB,SLLP,Bolivia,-,-,-,-,2,1,0,0,-,-,-
19710506-0,Thursday,06-MAY-1971,13:15,A1, En route (ENR),"8 km (5 mls) SW of Coolidge, AZ",United States of America,12,12, Destroyed, Written off (damaged beyond repair),Carstedt Jet Liner 600A,2,Garrett TPE331,-,-,-, N4922V, 04285,Apache Airlines,Domestic Scheduled Passenger, 33,Tucson International Airport,TUS,KTUS,United States of America,Phoenix-Sky Harbor International Airport,PHX,KPHX,United States of America,2,10,2,10,-,-,Final
19710507-0,Friday,07-MAY-1971,-,A1, Landing (LDG),Mae Hong Son Airport (HGN),Thailand,21,0, Damaged beyond repair,-,Douglas C-47A-DL (DC-3),-,-,1943,-,-, HS-TDE, 13794,Thai Airways,Domestic Scheduled Passenger,-,-,-,-,-,Mae Hong Son Airport,HGN,VTCH,Thailand,4,17,0,0,-,-,-
19710508-0,Saturday,08-MAY-1971,-,H2, En route (ENR),Maracaibo-La Chinita International Airport (MAR),Venezuela,25,0, None,-,Douglas DC-4-1009,-,-,-,-,-, HK-173, 42905,Avianca,Domestic Scheduled Passenger,AV706,Montería-Los Garzones Airport,MTR,SKMR,Colombia,Cartagena-Crespo Airport,CTG,SKCG,Colombia,-,-,0,0,-,-,-
19710511-0,Tuesday,11-MAY-1971,-,A1, En route (ENR),24 km (15 mls) S of Guatemala City-La Aurora Airport (GUA),Guatemala,32,5, Damaged beyond repair,-,Curtiss C-46A-55-CK Commando,2,Pratt & Whitney R-2800-51,1944,-,-, TG-ACA, 121,Aviateca,Domestic Scheduled Passenger,-,Guatemala City-La Aurora Airport,GUA,MGGT,Guatemala,Flores-Santa Elena Airport,FRS,MGFL,Guatemala,3,29,3,2,-,-,-
19710513-0,Thursday,13-MAY-1971,-,H2, Unknown (UNK),Tokyo,Japan,-,0, Unknown,-,NAMC YS-11,-,-,-,-,-, registration unknown,-,All Nippon,Unknown,-,Tokyo-Haneda Airport,HND,RJTT,Japan,Sendai Airport,SDJ,RJSS,Japan,-,-,0,0,-,-,-
19710513-1,Thursday,13-MAY-1971,-,A1, Landing (LDG),"Somerset Island, NU",Canada,2,0, Damaged beyond repair,-,Douglas C-47A-25-DK (DC-3),-,-,1944,-,-, CF-BZI, 13448,Northwest Territorial Airways,Unknown,-,-,-,-,-,-,-,-,-,2,0,0,0,-,-,-
19710514-0,Friday,14-MAY-1971,07:02,A1, Initial climb (ICL),"Buhl, ID",United States of America,3,0, Damaged beyond repair,-,Convair CV-240-14,-,-,1949,-,-, N1015G, 127,U.S. Dept of Interior,Unknown,-,Twin Falls City County Airport,TWF,KTWF,United States of America,Twin Falls City County Airport,TWF,KTWF,United States of America,3,0,0,0,-,-,Final
19710517-0,Monday,17-MAY-1971,-,H2, Unknown (UNK),Malmö,Sweden,-,0, None,-,McDonnell Douglas DC-9,-,-,-,-,-, registration unknown,-,SAS,Domestic Scheduled Passenger,-,-,-,-,-,-,-,-,-,-,-,0,0,-,-,-
19710523-0,Sunday,23-MAY-1971,20:00,A1, Landing (LDG),Rijeka Airport (RJK),Croatia,83,78, Damaged beyond repair,-,Tupolev Tu-134A,2,Soloviev D-30-II,1971,47.0,111.0, YU-AHZ, 1351205,Aviogenex,Int'l Non Scheduled Passenger, 130,London-Gatwick Airport,LGW,EGKK,United Kingdom,Rijeka Airport,RJK,LDRI,Croatia,7,76,3,75,-,-,Final
19710524-0,Monday,24-MAY-1971,-,A1, Unknown (UNK),near Kirov,Russia,-,0, Damaged beyond repair,-,Antonov An-2T,-,-,1959,-,-, CCCP-02171, 112147301,Aeroflot / Uralsk,Unknown,-,-,-,-,-,-,-,-,-,-,-,0,0,-,-,-
19710524-2,Monday,24-MAY-1971,15:30,A1, Unknown (UNK),6 km (3.8 mls) from  Braganza,Portugal,6,0, Damaged beyond repair,-,Grumman SA-16A Albatross (HU-16),-,-,-,-,-, AD.1-3, G-50,Spanish AF,Military,-,Palma de Mallorca-Son San Juan Air Base,PMI,LEPA,Spain,-,-,-,-,6,0,0,0,-,-,-
19710525-0,Tuesday,25-MAY-1971,-,A1, Landing (LDG),Batagay Airport,Russia,-,-, Damaged beyond repair,-,Antonov An-12B,4,Ivchenko AI-20M,1967,-,-, CCCP-11024, 7344809,Aeroflot / Yakutsk,Unknown,-,-,-,-,-,-,-,-,-,-,-,-,-,-,-,-
19710525-1,Tuesday,25-MAY-1971,04:26,A1, Initial climb (ICL),2 km (1.3 mls) SSE of Santiago-Los Cerrillos Airport (ULC),Chile,4,4, Destroyed, Written off (damaged beyond repair),Curtiss C-46F Commando,2,Pratt & Whitney R-2800-51M1,1944,-,-, CC-CAZ, 50,ALFA,Cargo,-,Santiago-Los Cerrillos Airport,ULC,SCTI,Chile,Arica-Chacalluta Airport,ARI,SCAR,Chile,3,1,3,1,-,-,-
19710526-0,Wednesday,26-MAY-1971,-,A1, En route (ENR),Devil's Peak,South Africa,3,3, Destroyed, Written off (damaged beyond repair),Hawker Siddeley HS-125-400B,-,-,1970,-,-, 01, 25177,South African AF,Military,-,-,-,-,-,-,-,-,-,3,0,3,0,-,-,-
19710526-1,Wednesday,26-MAY-1971,-,A1, En route (ENR),Devil's Peak,South Africa,4,4, Destroyed, Written off (damaged beyond repair),Hawker Siddeley HS-125-400B,-,-,1970,-,-, 02, 25181,South African AF,Military,-,-,-,-,-,-,-,-,-,-,-,-,-,-,-,-
19711016-0,Saturday,16-OCT-1971,-,H2, Unknown (UNK),Athens,Greece,64,0, Unknown,-,NAMC YS-11,-,-,-,-,-, registration unknown,-,Olympic Airways,Domestic Scheduled Passenger,-,Kalamata Airport,KLX,LGKL,Greece,Athens-Ellinikon International Airport,ATH,LGAT,Greece,-,-,0,0,-,-,-
19711017-0,Sunday,17-OCT-1971,-,A1, Initial climb (ICL),San Vicente del Caguán,Colombia,21,19, Damaged beyond repair,-,Douglas C-47A-75-DL (DC-3),2,Pratt & Whitney R-1830-92,1943,-,-, HK-595, 19238,Aerolíneas TAO,Domestic Scheduled Passenger,-,San Vicente del Caguán-Eduardo Falla Solano Airport,SVI,SKSV,Colombia,Neiva Airport,NVA,SKNV,Colombia,4,17,4,15,-,-,-
19711017-1,Sunday,17-OCT-1971,-,A1, Unknown (UNK),near Dnepropetrovsk,Ukraine,-,0, Damaged beyond repair,-,Antonov An-2,-,-,1958,-,-, CCCP-70908, 19347303,Aeroflot / Ukraine,Unknown,-,-,-,-,-,-,-,-,-,-,-,0,0,-,-,-
19711018-0,Monday,18-OCT-1971,-,H2, Unknown (UNK),"Vancouver International Airport, BC (YVR)",Canada,35,0, None,-,Boeing 737-200,-,-,-,-,-, registration unknown,-,Wien Consolidated,Domestic Scheduled Passenger,  15,Anchorage International Airport,ANC,PANC,United States of America,Bethel Airport,BET,PABE,United States of America,4,31,0,0,-,-,-
19711019-0,Tuesday,19-OCT-1971,-,A1, En route (ENR),Mt Santa Elena,Argentina,3,3, Damaged beyond repair,-,Douglas DC-6B,4,Pratt & Whitney R-2800,1951,-,-, HI-146, 43270/187,LADECO,Cargo,-,Mendoza-El Plumerillo Airport,MDZ,SAME,Argentina,Santiago-Los Cerrillos Airport,ULC,SCTI,Chile,3,0,3,0,-,-,-
19711019-1,Tuesday,19-OCT-1971,10:45,A1, En route (ENR),Epernay,France,6,6, Damaged beyond repair,-,Nord 2501 Noratlas,2,Bristol Hercules 739,1955,-,-, 69, 69,French AF,Military,-,Reims-Champagne Air Base (BA 112),RHE,LFSR,France,Reims-Champagne Air Base (BA 112),RHE,LFSR,France,6,0,6,0,-,-,-
19711020-0,Wednesday,20-OCT-1971,-,H2, En route (ENR),at an unknown location,Cuba,31,0, Unknown,-,Vickers Viscount,-,-,-,-,-, registration unknown,-,SAETA,Domestic Scheduled Passenger,-,Quito-Mariscal Sucre Airport,UIO,SEQU,Ecuador,Cuenca Airport,CUE,SECU,Ecuador,4,27,0,0,-,-,-
19711020-1,Wednesday,20-OCT-1971,23:05,A1, En route (ENR),S off Great Inagua,Bahamas,4,4, Damaged beyond repair,-,Lockheed L-1049H Super Constellation,-,-,-,-,-, N564E, 4834,Balair Inc,Cargo,-,Santo Domingo-Las Américas International Airport,SDQ,MDSD,Dominican Republic,Miami International Airport,MIA,KMIA,United States of America,4,0,4,0,-,-,-
19711021-0,Thursday,21-OCT-1971,12:20,A1, Approach (APR),"3,2 km (2 mls) W of Peoria-Greater Peoria Airport, IL (PIA)",United States of America,16,16, Destroyed, Written off (damaged beyond repair),ATECO Westwind II,2,Pratt & Whitney Canada PT6A-27,1956,-,7751.0, N51CS, BA-211,Chicago & Southern Airlines,Domestic Scheduled Passenger, 804,Chicago-Merrill C Meigs Field,CGX,KCGX,United States of America,Peoria-Greater Peoria Airport,PIA,KPIA,United States of America,2,14,2,14,-,-,Final
19711022-0,Friday,22-OCT-1971,-,A1, Landing (LDG),Nice-Côte d'Azur Airport (NCE),France,-,0, Damaged beyond repair,-,Douglas DC-6B,4,Pratt & Whitney R-2800,1957,-,-, F-BNUZ, 45173/794,EAS,Unknown,-,-,-,-,-,Nice-Côte d'Azur Airport,NCE,LFMN,France,-,-,0,0,-,-,-
19711024-0,Sunday,24-OCT-1971,23:07,A1, Approach (APR),"18 km (11.3 mls) N of Allentown Airport, PA (ABE)",United States of America,8,4, Damaged beyond repair,-,Beechcraft 99 Airliner,2,Pratt & Whitney Canada PT6A-20,1968,-,-, N986MA, U- 44,Monmouth Airlines,Domestic Scheduled Passenger,  98,Wilkes-Barre/Scranton International Airport,AVP,KAVP,United States of America,Allentown-Lehigh Valley International Airport,ABE,KABE,United States of America,2,6,2,2,-,-,Final
19711025-0,Monday,25-OCT-1971,-,H2, Unknown (UNK),Havana,Cuba,236,0, Unknown,-,Boeing 747,-,-,-,-,-, registration unknown,-,American Airlines,Domestic Scheduled Passenger,  98,-,-,-,-,-,-,-,-,-,-,0,0,-,-,-
19711026-0,Tuesday,26-OCT-1971,-,H2, En route (ENR),at an unknown location,Greece,64,0, Unknown,-,Douglas DC-6B,4,Pratt & Whitney R-2800,-,-,-, registration unknown,-,Olympic Airways,Domestic Scheduled Passenger,-,Athens-Ellinikon International Airport,ATH,LGAT,Greece,-,-,-,-,-,-,0,0,-,-,-
19711099-0,-,xx-OCT-1971,-,A1, Unknown (UNK),at an unknown location,Panama,-,0, Damaged beyond repair,-,Britten-Norman BN-2A-7 Islander,-,-,1971,-,-, HP-550, 282,Aviones de Panama,Unknown,-,-,-,-,-,-,-,-,-,-,-,0,0,-,-,-
19711099-1,-,xx-OCT-1971,-,O1, Standing (STD),"Ida, MI",United States of America,0,0, Damaged beyond repair,-,Grumman G-73 Mallard,-,-,1949,-,-, N2978, J-45,private,-,-,-,-,-,-,-,-,-,-,0,0,0,0,-,-,-
19711101-0,Monday,01-NOV-1971,-,A1, En route (ENR),near Maracaibo-La Chinita International Airport (MAR),Venezuela,4,4, Damaged beyond repair,-,Vickers 749 Viscount,-,-,1956,-,-, YV-C-AMZ,  96,LAV,Unknown,-,Maracaibo-La Chinita International Airport,MAR,SVMC,Venezuela,-,-,-,-,4,0,4,0,-,-,-
19711102-0,Tuesday,02-NOV-1971,-,A1, En route (ENR),"Cape Perry, NT",Canada,8,8, Damaged beyond repair,-,Douglas CC-129 Dakota (DC-3),-,-,1944,-,-, 12930, 13303,Canadian Armed Forces,Military,-,-,-,-,-,-,-,-,-,-,-,-,-,-,-,-
19711103-0,Wednesday,03-NOV-1971,-,A1, En route (ENR),Nevado de Santa Isabel,Colombia,3,3, Damaged beyond repair,-,Douglas C-47B-1-DL (DC-3),2,Pratt & Whitney R-1830-90C,1944,-,-, HC-ANJ, 20719,Aeroamazonas,Ferry/positioning,-,Cali Airport,CLO,SKCL,Colombia,Bogotá-Eldorado Airport,BOG,SKBO,Colombia,3,0,3,0,-,-,-
19711107-0,Sunday,07-NOV-1971,-,A1, Landing (LDG),"Aragarças Airport, GO (ARS)",Brazil,-,0, Damaged beyond repair,-,NAMC YS-11A-212,-,-,1968,-,-, PP-SML, 2076,VASP,Unknown,-,-,-,-,-,Aragarças Airport,ARS,SJVO,Brazil,-,-,0,0,-,-,-
19711109-0,Tuesday,09-NOV-1971,05:41,A1, En route (ENR),7 km (4.4 mls) W off  Pisa-San Giusto Airport (PSA),Italy,52,52, Damaged beyond repair,-,Lockheed Hercules C.1 (C-130K),-,-,1967,-,-, XV216, 4243,RAF,Military,-,Pisa-San Giusto Airport,PSA,LIRP,Italy,Pisa-San Giusto Airport,PSA,LIRP,Italy,6,46,6,46,-,-,-
19711110-0,Wednesday,10-NOV-1971,-,A1, En route (ENR),S off Padang,Indonesia,69,69, Destroyed, Written off (damaged beyond repair),Vickers 828 Viscount,-,-,1962,-,-, PK-MVS, 448,Merpati Nusantara,Domestic Scheduled Passenger,-,-,-,-,-,Padang-Tabing Airport,PDG,WIMG,Indonesia,7,62,7,62,-,-,-
19711110-1,Wednesday,10-NOV-1971,-,A2, Takeoff (TOF),Nakhon Pathom/Kamphaeng Saen Air Base,Thailand,-,0, Substantial, Repaired,Douglas EC-47Q,2,Pratt & Whitney R-2000-4,1944,-,-, 43-48009, 25270/13825,USAF,Military,-,-,-,-,-,-,-,-,-,-,-,0,0,-,-,-
19711112-0,Friday,12-NOV-1971,-,A1, Approach (APR),"0,8 km (0.5 mls) from  Vinnitsa Airport (VIN)",Ukraine,48,48, Damaged beyond repair,-,Antonov An-24B,-,-,1966,10658.0,11329.0, CCCP-46809, 67302306,Aeroflot / Ukraine,Domestic Scheduled Passenger,-,Kiev-Zhulhyany Airport,IEV,UKKK,Ukraine,Vinnitsa Airport,VIN,UKWW,Ukraine,5,43,5,43,-,-,-
19711112-1,Friday,12-NOV-1971,07:11,A1, Takeoff (TOF),"Jacksonville-Little Rock AFB, AR (LRF)",United States of America,11,10, Damaged beyond repair,-,Lockheed C-130E Hercules,-,-,1969,-,-, 69-6578, 4353,USAF,Military,-,Jacksonville-Little Rock AFB,LRF,KLRF,United States of America,Jacksonville-Little Rock AFB,LRF,KLRF,United States of America,11,0,10,0,-,-,-
19711112-2,Friday,12-NOV-1971,-,H2, Unknown (UNK),at an unknown location,Unknown country,-,0, Unknown,-,McDonnell Douglas DC-8,-,-,-,-,-, registration unknown,-,Air Canada,Unknown,-,Calgary-McCall Field,YYC,CYYC,Canada,Toronto International Airport,YYZ,CYYZ,Canada,-,-,0,0,-,-,-
19711113-0,Saturday,13-NOV-1971,08:19,A1, Approach (APR),"2,6 km (1.6 mls) from  Kerch Airport (KHC)",Ukraine,11,6, Damaged beyond repair,-,Antonov An-24B,-,-,1970,2388.0,3020.0, CCCP-46378, 07306101,Aeroflot / Ukraine,Domestic Scheduled Passenger, 639,Simferopol Airport,SIP,UKFF,Ukraine,Kerch Airport,KHC,UKFK,Ukraine,4,7,4,2,-,-,-
19711113-1,Saturday,13-NOV-1971,-,U1, Unknown (UNK),within Cambodia,Cambodia,-,-, Damaged beyond repair,-,de Havilland Canada U-1A Otter (DHC-3),-,-,1956,-,-, 0-53313, 175,Khmer Air Force,Military,-,-,-,-,-,-,-,-,-,-,-,-,-,-,-,-
19711115-0,Monday,15-NOV-1971,-,A1, Approach (APR),Bucharest-Otopeni International Airport (OTP),Romania,22,0, Damaged beyond repair,-,Antonov An-24RV,2,Ivchenko AI-24VT,1971,-,-, YR-AMA, 17306904,Tarom,Scheduled Passenger,-,-,-,-,-,Bucharest-Otopeni International Airport,OTP,LROP,Romania,4,18,0,0,-,-,-
19711117-0,Wednesday,17-NOV-1971,-,H2, Unknown (UNK),Trinidad,Trinidad and Tobago,-,0, Unknown,-,Beechcraft 99 Airliner,2,Pratt & Whitney Canada PT6A-20,-,-,-, registration unknown,-,Arawak Airlines,Unknown,-,Port of Spain-Piarco Airport,POS,TTPP,Trinidad and Tobago,Tobago Airport,TAB,TTCP,Trinidad and Tobago,-,-,0,0,-,-,-
19711120-0,Saturday,20-NOV-1971,-,U1, Unknown (UNK),unknown,Unknown country,-,-, Damaged beyond repair,-,Fairchild C-119 Flying Boxcar,-,-,-,-,-, 3124,-,Republic of China AF,Military,-,-,-,-,-,-,-,-,-,-,-,-,-,-,-,-
19711121-0,Sunday,21-NOV-1971,-,C1, En route (ENR),near Penghu Island,Taiwan,25,25, Damaged beyond repair,-,Sud Aviation SE-210 Caravelle III,-,-,1962,-,-, B-1852, 122,China Airlines,International Scheduled Passenger,-,Taipei-Songshan Airport,TSA,RCSS,Taiwan,Hong Kong-Kai Tak International Airport,HKG,VHHH,Hong Kong,8,17,8,17,-,-,-
19711122-0,Monday,22-NOV-1971,-,A1, Landing (LDG),near Yerevan,Armenia,-,0, Damaged beyond repair,-,Antonov An-2R,-,-,-,-,-, CCCP-62760, 1G34-29,Aeroflot / Armenia,Unknown,-,-,-,-,-,-,-,-,-,-,-,0,0,-,-,-
19711123-0,Tuesday,23-NOV-1971,-,A1, Takeoff (TOF),Kota Kinabalu Airport (BKI),Malaysia,2,0, Damaged beyond repair,-,Fokker F-27 Friendship 500,-,-,1971,879.0,669.0, 9V-BCU, 10463,MSA,Training,-,Kota Kinabalu Airport,BKI,WBKK,Malaysia,Kota Kinabalu Airport,BKI,WBKK,Malaysia,2,0,0,0,-,-,-
19711124-0,Wednesday,24-NOV-1971,-,H2, En route (ENR),"Seattle/Tacoma International Airport, WA (SEA)",United States of America,42,0, None,-,Boeing 727-51,-,-,1965,-,-, N467US, 18803/137,Northwest Orient Airlines,Domestic Scheduled Passenger, 305,Portland International Airport,PDX,KPDX,United States of America,Seattle/Tacoma International Airport,SEA,KSEA,United States of America,6,36,0,0,-,-,-
19711127-0,Saturday,27-NOV-1971,-,H2, Standing (STD),Havana-José Martí International Airport (HAV),Cuba,49,0, None,-,Boeing 727,-,-,-,-,-, registration unknown,-,TWA,Domestic Scheduled Passenger,TW106,Albuquerque International Airport,ABQ,KABQ,United States of America,Chicago-O'Hare International Airport,ORD,KORD,United States of America,6,43,0,0,-,-,-
19711129-0,Monday,29-NOV-1971,-,A1, Maneuvering (MNV),3 km (1.9 mls) N of Aloja Airstrip,Russia,3,1, Damaged beyond repair,-,Antonov An-2R,-,-,1968,5817.0,2363.0, CCCP-32207, 1G95-18,Aeroflot / Latvia,Agricultural,-,-,-,-,-,-,-,-,-,2,1,1,0,-,-,-
19711201-0,Wednesday,01-DEC-1971,21:48,A1, Approach (APR),13 km (8.1 mls) NW of Saratov Airport (RTW),Russia,57,57, Damaged beyond repair,-,Antonov An-24B,-,-,1965,8544.0,10913.0, CCCP-46788, 57301801,Aeroflot / Privolzhsk,Domestic Scheduled Passenger,2174,Ufa Airport,UFA,UWUU,Russia,Saratov Airport,RTW,UWSS,Russia,4,53,4,53,-,-,-
19711202-0,Thursday,02-DEC-1971,-,H2, Taxi (TXI),Paris-Orly Airport (ORY),France,-,0, Unknown,-,Boeing 720,-,-,-,-,-, registration unknown,-,PIA,International Scheduled Passenger,-,Paris-Orly Airport,ORY,LFPO,France,Karachi International Airport,KHI,OPKC,Pakistan,-,28,0,0,-,-,-
19711204-0,Saturday,04-DEC-1971,13:46,A2, Approach (APR),"Raleigh/Durham Airport, NC (RDU)",United States of America,27,0, Minor, Repaired,McDonnell Douglas DC-9-31,2,Pratt & Whitney JT8D-7B,1968,-,10304.0, N8943E, 47166/265,Eastern Air Lines,Domestic Scheduled Passenger,EA898,Miami International Airport,MIA,KMIA,United States of America,Raleigh/Durham Airport,RDU,KRDU,United States of America,4,23,0,0,2,-,Final
19711204-1,Saturday,04-DEC-1971,-,A2, Takeoff (TOF),D-59 Station,Antarctica,10,0, Substantial, Repaired,Lockheed LC-130F Hercules,-,-,-,-,-, 148321, 3567,US Navy,Military,-,-,-,-,-,-,-,-,-,8,2,0,0,-,-,-
19711205-0,Sunday,05-DEC-1971,-,O1, Standing (STD),Islamabad-Chaklala Air Base,Pakistan,0,0, Damaged beyond repair,-,de Havilland Canada DHC-6 Twin Otter 300,2,Pratt & Whitney Canada PT6A-27,1971,-,-, 13808, 310,Canadian Armed Forces,Military,-,-,-,-,-,-,-,-,-,0,0,0,0,-,-,-
19711205-1,Sunday,05-DEC-1971,-,O1, Standing (STD),Dhaka-Tejgaon Airport (DAC),Bangladesh,0,0, Damaged beyond repair,-,de Havilland Canada DHC-6 Twin Otter 300,2,Pratt & Whitney Canada PT6A-27,1970,-,-, AP-AWH, 293,PIA,-,-,-,-,-,-,-,-,-,-,0,0,0,0,-,-,-
19711205-2,Sunday,05-DEC-1971,-,A1, Approach (APR),ca 2 km W of Lannion-Servel Airport (LAI),France,3,2, Damaged beyond repair,-,Nord 262A-25,2,Turbomeca Bastan VI-C1,1966,-,-, F-BNMO, 27,Rousseau Aviation,Ferry/positioning,-,-,-,-,-,Lannion-Servel Airport,LAI,LFRO,France,3,0,2,0,-,-,-
19711205-3,Sunday,05-DEC-1971,-,A1, Initial climb (ICL),off Luzon Island-Cubi Point NAS (NCP),Philippines,16,1, Damaged beyond repair,-,Lockheed P-3A Orion,-,-,1965,-,-, 152151, 185-5121,US Navy,Military,-,-,-,-,-,-,-,-,-,16,0,1,0,-,-,-
19711206-0,Monday,06-DEC-1971,-,A1, En route (ENR),Kapoeta,South Sudan,42,10, Damaged beyond repair,-,Fokker F-27 Friendship 200,-,-,1963,9298.0,13364.0, ST-AAY, 10238,Sudan Airways,Domestic Scheduled Passenger,-,Khartoum-Civil Airport,KRT,HSSS,Sudan,Malakal Airport,MAK,HSSM,South Sudan,5,37,1,9,-,-,-
19711206-1,Monday,06-DEC-1971,-,A1, Unknown (UNK),near Melitopol,Ukraine,-,-, Damaged beyond repair,-,Antonov An-12,-,-,-,-,-, registration unknown,-,Soviet AF,Military,-,-,-,-,-,-,-,-,-,-,-,-,-,-,-,-
19711208-0,Wednesday,08-DEC-1971,-,A1, En route (ENR),SW of Damanka,Russia,2,1, Damaged beyond repair,-,Antonov An-2,-,-,1958,37200.0,9802.0, CCCP-98292, 110247303,Aeroflot / North Kavkaz,Ferry/positioning,-,-,-,-,-,-,-,-,-,2,0,1,0,-,-,-
19711209-0,Thursday,09-DEC-1971,12:25,A1, En route (ENR),near Cumbum,India,31,21, Destroyed, Written off (damaged beyond repair),Hindustan Aeronautics Ltd. HAL-748-224 Srs. 2,-,-,1968,-,-, VT-DXG, 512,Indian Airlines,Domestic Scheduled Passenger,-,Trivandrum Airport,TRV,VOTV,India,Madurai Airport,IXM,VOMD,India,4,27,4,17,-,-,-
19711209-1,Thursday,09-DEC-1971,-,A1, Landing (LDG),within Tashkent Region,Uzbekistan,-,0, Damaged beyond repair,-,Antonov An-2,-,-,-,-,-, CCCP-33164,-,Aeroflot / Uzbekistan,Unknown,-,-,-,-,-,-,-,-,-,-,-,0,0,-,-,-
19711210-0,Friday,10-DEC-1971,-,O1, Unknown (UNK),"Laverton Airport, WA (LVO)",Australia,-,-, Damaged beyond repair,-,Douglas C-47B-35-DK (DC-3),-,-,1945,-,-, A65-111, 33304/16556,RAAF,Military,-,-,-,-,-,-,-,-,-,-,-,-,-,-,-,-
19711212-0,Sunday,12-DEC-1971,-,H2, En route (ENR),San José,Costa Rica,-,1, Unknown,-,BAC One-Eleven 412EB,2,Rolls-Royce Spey 511-14,1967,-,-, AN-BBI, 111,LANICA,International Scheduled Passenger,-,San Salvador/Ilopango International Airport,SAL,MSSS,El Salvador,Managua Airport,MGA,MNMG,Nicaragua,-,-,0,1,-,-,-
19711212-1,Sunday,12-DEC-1971,-,A1, En route (ENR),near Iranian border,Pakistan,4,4, Damaged beyond repair,-,Fokker F-27 Friendship 200,-,-,1961,26177.0,22287.0, AP-ALX, 10188,PIA,Unknown,-,Karachi International Airport,KHI,OPKC,Pakistan,Zahedan Airport,ZAH,OIZH,Iran,4,0,4,0,-,-,-
19711212-2,Sunday,12-DEC-1971,-,A1, En route (ENR),"320 km (200 mls) SW of Cubi Point NAS, Philippines [South China Sea]",Pacific Ocean,10,10, Destroyed, Written off (damaged beyond repair),Grumman C-2A Greyhound,-,-,-,-,-, 152793, 10,US Navy,Military,-,-,-,-,-,Saigon-Tan Son Nhat International Airport,SGN,VVTS,Vietnam,4,6,4,6,-,-,-
19711212-3,Sunday,12-DEC-1971,-,A1, Takeoff (TOF),Farikha Airstrip,Russia,2,2, Damaged beyond repair,-,Antonov An-2,-,-,1954,15660.0,12407.0, CCCP-55567, 14847312,Aeroflot / Northern,Cargo,-,-,-,-,-,Naryan-Mar Airport,NNM,ULAM,Russia,2,0,2,0,-,-,-
19711215-0,Wednesday,15-DEC-1971,-,A1, Landing (LDG),Urumqi Airport (URC),China,5,0, Damaged beyond repair,-,Boeing 707-340C,4,Pratt & Whitney JT3D-3B,1971,-,-, AP-AVZ, 20487/847,PIA,Cargo,-,-,-,-,-,Urumqi Airport,URC,ZWWW,China,5,0,0,0,-,-,-
19711216-0,Thursday,16-DEC-1971,-,H2, En route (ENR),Cochabamba,Bolivia,-,2, Unknown,-,Fairchild F-27M,-,-,1968,-,-, CP-862, 127,LAB,Domestic Scheduled Passenger,-,Sucre Airport,SRE,SLSU,Bolivia,La Paz-El Alto Airport,LPB,SLLP,Bolivia,-,-,1,1,-,-,-
19711216-1,Thursday,16-DEC-1971,-,A1, Landing (LDG),Trieste-Ronchi dei Legionari Airport (TRS),Italy,22,0, Damaged beyond repair,-,Convair CV-440-11,-,-,1957,-,-, YU-ADV, 429,Pan Adria Airlines,Int'l Non Scheduled Passenger,-,Zagreb-Pleso Airport,ZAG,LDZA,Croatia,Trieste-Ronchi dei Legionari Airport,TRS,LIPQ,Italy,4,18,0,0,-,-,-
19711217-0,Friday,17-DEC-1971,-,A1, Unknown (UNK),Machuka,India,5,5, Damaged beyond repair,-,Douglas C-47B-5-DK (DC-3),2,Pratt & Whitney R-1830-90C,1944,-,-, BJ622, 25842/14397,Indian AF,Military,-,-,-,-,-,-,-,-,-,5,0,5,0,-,-,-
19711217-1,Friday,17-DEC-1971,-,U1, Unknown (UNK),Machuka,India,-,-, Damaged beyond repair,-,Douglas C-47 (DC-3),-,-,-,-,-, HJ244,-,Indian AF,Military,-,-,-,-,-,-,-,-,-,-,-,-,-,-,-,-
19711217-2,Friday,17-DEC-1971,18:58,A2, Landing (LDG),Trivandrum Airport (TRV),India,20,0, Substantial, Repaired,Hindustan Aeronautics Ltd. HAL-748-224 Srs. 2,-,-,-,-,-, VT-DXO, 522,Indian Airlines,Domestic Scheduled Passenger,-,-,-,-,-,Trivandrum Airport,TRV,VOTV,India,4,16,0,0,-,-,-
19711219-0,Sunday,19-DEC-1971,-,A1, Unknown (UNK),"48 km (30 mls) W off  San Francisco, CA, USA",Pacific Ocean,3,0, Damaged beyond repair,-,de Havilland Canada C-7A Caribou (DHC-4),-,-,1963,-,-, 62-4173, 112,USAF,Military,-,-,-,-,-,Sacramento-McClellan AFB,MCC,KMCC,United States of America,3,0,0,0,-,-,-
19711219-1,Sunday,19-DEC-1971,-,A1, Unknown (UNK),Cerro Huayca,Peru,6,6, Damaged beyond repair,-,Douglas C-54A-10-DC (DC-4),-,-,1944,-,-, LV-JPG, 10328,Aero Palas,Unknown,-,-,-,-,-,-,-,-,-,-,-,-,-,-,-,-
19711221-0,Tuesday,21-DEC-1971,13:45,A1, Approach (APR),near Culebra Airport (CPX),Puerto Rico,8,0, Damaged beyond repair,-,Britten-Norman BN-2 Islander,-,-,1968,-,-, N589JA, 25,Vieques Air Link,Domestic Scheduled Passenger,-,Vieques Airport,VQS,TJCG,Puerto Rico,Culebra Airport,CPX,TJCP,Puerto Rico,1,7,0,0,-,-,Final
19711221-1,Tuesday,21-DEC-1971,-,A1, Unknown (UNK),Ban Boum,Laos,3,2, Damaged beyond repair,-,Douglas DC-3,-,-,-,-,-, XW-TFC,-,Lao Airlines,Unknown,-,-,-,-,-,-,-,-,-,2,1,2,0,-,-,-
19711221-2,Tuesday,21-DEC-1971,-,A1, Initial climb (ICL),near Sofia-Vrazhdebna Airport (SOF),Bulgaria,73,28, Damaged beyond repair,-,Ilyushin Il-18V,4,Ivchenko AI-20K,1965,-,-, LZ-BES, 185008104,Balkan Bulgarian,Int'l Non Scheduled Passenger,-,Sofia-Vrazhdebna Airport,SOF,LBSF,Bulgaria,Algiers-Dar el Beida Airport,ALG,DAAG,Algeria,11,62,2,26,-,-,-
19711222-0,Wednesday,22-DEC-1971,12:00,H2, Landing (LDG),Dajabon,Dominican Republic,7,0, Minor, Repaired,Britten-Norman BN-2A-6 Islander,-,-,1970,-,-, N42JA, 228,North Cay Airways,Domestic Scheduled Passenger,-,Santiago de los Caballeros-Cibao International Airport,STI,MDST,Dominican Republic,Santo Domingo-Herrera International Airport,HEX,MDHE,Dominican Republic,1,6,0,0,-,-,Final
19711223-0,Thursday,23-DEC-1971,-,A2, Approach (APR),near Damascus International Airport (DAM),Syria,-,0, Unknown,-,Ilyushin Il-18D,-,-,-,-,-, HA-MOI, 187010002,Malev,International Scheduled Passenger,-,Nicosia Airport,NIC,LCNC,Cyprus,Damascus International Airport,DAM,OSDI,Syria,-,-,0,0,-,-,-
19711224-0,Friday,24-DEC-1971,12:36,A1, En route (ENR),Puerto Inca,Peru,92,91, Destroyed, Written off (damaged beyond repair),Lockheed L-188A Electra,-,-,1959,-,-, OB-R-941, 1086,LANSA,Domestic Scheduled Passenger, 508,Lima-Jorge Chávez International Airport,LIM,SPIM,Peru,Pucallpa Airport,PCL,SPCL,Peru,6,86,6,85,-,-,-
19711224-1,Friday,24-DEC-1971,-,H2, En route (ENR),"Chicago-O'Hare International Airport, IL (ORD)",United States of America,35,0, Unknown,-,Boeing 707,-,-,-,-,-, registration unknown,-,Northwest Orient Airlines,Domestic Scheduled Passenger,NW734,Minneapolis-St. Paul International Airport,MSP,KMSP,United States of America,Chicago-O'Hare International Airport,ORD,KORD,United States of America,-,-,0,0,-,-,-
19711224-2,Friday,24-DEC-1971,-,A1, Standing (STD),Long Tieng Airstrip,Laos,-,0, Damaged beyond repair,-,Fairchild C-123K Provider,-,-,-,-,-, 613, 20062,Air America,Military,-,-,-,-,-,-,-,-,-,-,-,0,0,-,-,-
19711226-0,Sunday,26-DEC-1971,-,H2, En route (ENR),Havana-José Martí International Airport (HAV),Cuba,89,0, None,-,McDonnell Douglas DC-9-32,-,-,-,-,-, registration unknown,-,Air Canada,Domestic Scheduled Passenger,AC932,Thunder Bay Airport,YQT,CYQT,Canada,Toronto International Airport,YYZ,CYYZ,Canada,6,83,0,0,-,-,-
19711226-1,Sunday,26-DEC-1971,-,H2, En route (ENR),"San Francisco International Airport, CA (SFO)",United States of America,97,0, None,-,Boeing 707,-,-,-,-,-, registration unknown,-,American Airlines,Domestic Scheduled Passenger,AA47,Chicago-O'Hare International Airport,ORD,KORD,United States of America,San Francisco International Airport,SFO,KSFO,United States of America,7,90,0,0,-,-,-
19711226-2,Sunday,26-DEC-1971,-,A2, Takeoff (TOF),Wien-Schwechat International Airport (VIE),Austria,74,0, Substantial, Repaired,McDonnell Douglas DC-9-32,-,-,1967,-,-, HB-IFR, 47112/199,Swissair,International Scheduled Passenger,-,Wien-Schwechat International Airport,VIE,LOWW,Austria,Zürich-Kloten Airport,ZRH,LSZH,Switzerland,5,69,0,0,1,-,-
19711227-0,Monday,27-DEC-1971,-,C1, En route (ENR),81 km (50.6 mls) W of Luang Prabang,Laos,4,4, Damaged beyond repair,-,Fairchild C-123K Provider,-,-,-,-,-, 293, 20303,Air America,Military,-,Udon Thani RTAFB,UTH,VTUD,Thailand,-,-,-,-,4,0,4,0,-,-,-
19711228-1,Tuesday,28-DEC-1971,-,A1, Takeoff (TOF),Clermont-Ferrand-Aulnat Airport (CFE),France,2,0, Damaged beyond repair,-,Vickers 708 Viscount,-,-,1953,-,-, F-BOEA,  12,Air Inter,Training,-,Clermont-Ferrand-Aulnat Airport,CFE,LFLC,France,Clermont-Ferrand-Aulnat Airport,CFE,LFLC,France,2,0,0,0,-,-,-
19711229-0,Wednesday,29-DEC-1971,-,A1, Unknown (UNK),Khanty-Mansisk,Russia,-,0, Damaged beyond repair,-,Antonov An-2V,-,-,-,-,-, CCCP-50573, 1G90-10,Aeroflot / Tyumen,Unknown,-,-,-,-,-,-,-,-,-,-,-,0,0,-,-,-
19711230-0,Thursday,30-DEC-1971,-,A1, Unknown (UNK),Baranikha,Russia,-,-, Damaged beyond repair,-,Ilyushin Il-14M,-,-,-,-,-, CCCP-91570, 7342704,Aeroflot / Magadan,Unknown,-,-,-,-,-,-,-,-,-,-,-,-,-,-,-,-
19711230-1,Thursday,30-DEC-1971,-,A1, Unknown (UNK),near Baikit,Russia,-,0, Damaged beyond repair,-,Antonov An-2,-,-,-,-,-, CCCP-98348,-,Aeroflot / Krasnoyarsk,Unknown,-,-,-,-,-,-,-,-,-,-,-,0,0,-,-,-
19711230-2,Thursday,30-DEC-1971,-,A1, En route (ENR),Central Dominican Republic,Dominican Republic,7,7, Damaged beyond repair,-,Douglas C-47 (DC-3),-,-,-,-,-, registration unknown,-,Dominican Air Force,Military,-,-,-,-,-,-,-,-,-,-,-,-,-,-,-,-
19719999-0,-,xx-xxx-1971,-,O1, Standing (STD),"Buenos Aires/Ezeiza-Ministro Pistarini Airport, BA (EZE)",Argentina,-,-, Damaged beyond repair,-,Curtiss C-46D-20-CU Commando,-,-,1945,-,-, LV-GXB, 22332,Aerovías Halcón,-,-,-,-,-,-,-,-,-,-,-,-,-,-,-,-,-
19719999-1,-,xx-xxx-1971,-,O1, Standing (STD),"Kingman Airport, AZ (IGM)",United States of America,-,0, Damaged beyond repair,-,Lockheed L-1049H Super Constellation,-,-,1958,-,-, N45515, 4843,Unum,Unknown,-,-,-,-,-,-,-,-,-,-,-,0,0,-,-,-
