identifiant,week_day,date,time,type_event,phase,location,country,total_occupants,total_fatalities,aircraft_damage,aircraft_fate,type_aircraft,number_engines,type_engines,first_flight,cycles,total_airframe_hours,registration,c_n_msn,operator,nature,flight_number,departure_airport_name,departure_airport_IATA,departure_airport_ICAO,departure_airport_country,destination_airport_name,destination_airport_IATA,destination_airport_ICAO,destination_airport_country,crew_number,passengers_number,crew_fatalities,passengers_fatalities,collision_casualties,ground_casualties,status
19400510-CJ,Friday,10-MAY-1940,-,A1, Unknown (UNK),Veenendaal,Netherlands,-,-, Damaged beyond repair,-,Junkers Ju-52/3m,-,-,-,-,-, registration unknown,-,German AF,Military,-,-,-,-,-,-,-,-,-,-,-,-,-,-,-,-
19400510-CK,Friday,10-MAY-1940,-,A1, Unknown (UNK),Valkenburg AB,Netherlands,-,-, Damaged beyond repair,-,Junkers Ju-52/3m,-,-,-,-,-, registration unknown,-,German AF,Military,-,-,-,-,-,-,-,-,-,-,-,-,-,-,-,-
19400510-CL,Friday,10-MAY-1940,-,A1, Unknown (UNK),Rotterdam,Netherlands,-,-, Damaged beyond repair,-,Junkers Ju-52/3m,-,-,-,-,-, registration unknown,-,German AF,Military,-,-,-,-,-,-,-,-,-,-,-,-,-,-,-,-
19400510-CM,Friday,10-MAY-1940,-,A1, Unknown (UNK),Moerdijk,Netherlands,-,-, Damaged beyond repair,-,Junkers Ju-52/3m,-,-,-,-,-, registration unknown,-,German AF,Military,-,-,-,-,-,-,-,-,-,-,-,-,-,-,-,-
19400510-CN,Friday,10-MAY-1940,-,A1, Unknown (UNK),Witry,Belgium,-,-, Damaged beyond repair,-,Junkers Ju-52/3m,-,-,-,-,-, registration unknown,-,German AF,Military,-,-,-,-,-,-,-,-,-,-,-,-,-,-,-,-
19400510-CO,Friday,10-MAY-1940,-,A1, Unknown (UNK),Ypenburg,Netherlands,-,-, Damaged beyond repair,-,Junkers Ju-52/3m,-,-,-,-,-, registration unknown,-,German AF,Military,-,-,-,-,-,-,-,-,-,-,-,-,-,-,-,-
19400510-CP,Friday,10-MAY-1940,-,A1, Unknown (UNK),Rijksweg 13,Netherlands,-,-, Damaged beyond repair,-,Junkers Ju-52/3m,-,-,-,-,-, registration unknown,-,German AF,Military,-,-,-,-,-,-,-,-,-,-,-,-,-,-,-,-
19400510-CQ,Friday,10-MAY-1940,-,A1, Unknown (UNK),Waalhaven,Netherlands,-,-, Damaged beyond repair,-,Junkers Ju-52/3m,-,-,-,-,-, registration unknown,-,German AF,Military,-,-,-,-,-,-,-,-,-,-,-,-,-,-,-,-
19400510-CR,Friday,10-MAY-1940,-,A1, Unknown (UNK),Waalhaven,Netherlands,-,-, Damaged beyond repair,-,Junkers Ju-52/3m,-,-,-,-,-, registration unknown,-,German AF,Military,-,-,-,-,-,-,-,-,-,-,-,-,-,-,-,-
19400510-CS,Friday,10-MAY-1940,-,A1, Unknown (UNK),Waalhaven,Netherlands,-,-, Damaged beyond repair,-,Junkers Ju-52/3m,-,-,-,-,-, registration unknown,-,German AF,Military,-,-,-,-,-,-,-,-,-,-,-,-,-,-,-,-
19400510-CT,Friday,10-MAY-1940,-,A1, Unknown (UNK),Waalhaven,Netherlands,-,-, Damaged beyond repair,-,Junkers Ju-52/3m,-,-,-,-,-, registration unknown,-,German AF,Military,-,-,-,-,-,-,-,-,-,-,-,-,-,-,-,-
19400510-CU,Friday,10-MAY-1940,-,A1, Unknown (UNK),Waalhaven,Netherlands,-,-, Damaged beyond repair,-,Junkers Ju-52/3m,-,-,-,-,-, registration unknown,-,German AF,Military,-,-,-,-,-,-,-,-,-,-,-,-,-,-,-,-
19400510-CV,Friday,10-MAY-1940,-,A1, Unknown (UNK),Waalhaven,Netherlands,-,-, Damaged beyond repair,-,Junkers Ju-52/3m,-,-,-,-,-, registration unknown,-,German AF,Military,-,-,-,-,-,-,-,-,-,-,-,-,-,-,-,-
19400510-CW,Friday,10-MAY-1940,-,A1, Unknown (UNK),Waalhaven,Netherlands,-,-, Damaged beyond repair,-,Junkers Ju-52/3m,-,-,-,-,-, registration unknown,-,German AF,Military,-,-,-,-,-,-,-,-,-,-,-,-,-,-,-,-
19400510-CX,Friday,10-MAY-1940,-,A1, Unknown (UNK),Druten,Netherlands,-,-, Damaged beyond repair,-,Junkers Ju-52/3m,-,-,-,-,-, registration unknown,-,German AF,Military,-,-,-,-,-,-,-,-,-,-,-,-,-,-,-,-
19400510-CY,Friday,10-MAY-1940,-,A1, Unknown (UNK),Rozenburg,Netherlands,-,-, Damaged beyond repair,-,Junkers Ju-52/3m,-,-,-,-,-, registration unknown,-,German AF,Military,-,-,-,-,-,-,-,-,-,-,-,-,-,-,-,-
19400511-1,Saturday,11-MAY-1940,-,C1,  (CMB),Alken,Belgium,-,-, Damaged beyond repair,-,Junkers Ju-52/3m,-,-,-,-,-, registration unknown,-,German AF,Military,-,-,-,-,-,-,-,-,-,-,-,-,-,-,-,-
19400511-2,Saturday,11-MAY-1940,-,A1, Unknown (UNK),Waardenburg,Netherlands,-,-, Damaged beyond repair,-,Junkers Ju-52/3m,-,-,-,-,-, registration unknown,-,German AF,Military,-,-,-,-,-,-,-,-,-,-,-,-,-,-,-,-
19400511-3,Saturday,11-MAY-1940,-,A1, Unknown (UNK),Moerdijk,Netherlands,-,-, Damaged beyond repair,-,Junkers Ju-52/3m,-,-,-,-,-, registration unknown, 6462,German AF,Military,-,-,-,-,-,-,-,-,-,-,-,-,-,-,-,-
19400511-4,Saturday,11-MAY-1940,-,A1, Unknown (UNK),Biesbosch,Netherlands,-,-, Damaged beyond repair,-,Junkers Ju-52/3m,-,-,-,-,-, registration unknown, 6068,German AF,Military,-,-,-,-,-,-,-,-,-,-,-,-,-,-,-,-
19400511-5,Saturday,11-MAY-1940,-,C1, En route (ENR),SW of Zaltbommel,Netherlands,4,1, Damaged beyond repair,-,Junkers Ju-52/3m,-,-,-,-,-, registration unknown,-,German AF,Military,-,-,-,-,-,-,-,-,-,-,-,-,-,-,-,-
19400511-6,Saturday,11-MAY-1940,-,A1, Unknown (UNK),Noordwijk aan Zee,Netherlands,-,-, Damaged beyond repair,-,Junkers Ju-52/3m,-,-,-,-,-, registration unknown,-,German AF,Military,-,-,-,-,-,-,-,-,-,-,-,-,-,-,-,-
19400512-1,Sunday,12-MAY-1940,-,A1, Unknown (UNK),Waalhaven,Netherlands,-,-, Damaged beyond repair,-,Junkers Ju-52/3m,-,-,-,-,-, registration unknown,-,German AF,Military,-,-,-,-,-,-,-,-,-,-,-,-,-,-,-,-
19400513-1,Monday,13-MAY-1940,-,A1, Unknown (UNK),Schipluiden,Netherlands,-,-, Damaged beyond repair,-,Junkers Ju-52/3m,-,-,-,-,-, registration unknown,-,German AF,Military,-,-,-,-,-,-,-,-,-,-,-,-,-,-,-,-
19400513-2,Monday,13-MAY-1940,-,A1, Unknown (UNK),Schipluiden,Netherlands,-,-, Damaged beyond repair,-,Junkers Ju-52/3m,-,-,-,-,-, registration unknown,-,German AF,Military,-,-,-,-,-,-,-,-,-,-,-,-,-,-,-,-
19400513-3,Monday,13-MAY-1940,-,A1, Unknown (UNK),Schipluiden,Netherlands,-,-, Damaged beyond repair,-,Junkers Ju-52/3m,-,-,-,-,-, registration unknown,-,German AF,Military,-,-,-,-,-,-,-,-,-,-,-,-,-,-,-,-
19400514-0,Tuesday,14-MAY-1940,-,O1, Standing (STD),Brussels-Haren Airport,Belgium,0,0, Damaged beyond repair,-,Savoia-Marchetti S.73P,-,-,-,-,-, OO-AGP, 30003,Sabena,-,-,-,-,-,-,-,-,-,-,0,0,0,0,-,-,-
19400514-2,Tuesday,14-MAY-1940,-,A1, En route (ENR),Bierset,Belgium,-,-, Damaged beyond repair,-,Junkers Ju-52/3m,-,-,-,-,-, 9P+KK ,-,German AF,Military,-,-,-,-,-,-,-,-,-,-,-,-,-,-,-,-
19400516-0,Thursday,16-MAY-1940,-,A1, Takeoff (TOF),Barcelona Airport (BCN),Spain,8,8, Damaged beyond repair,-,Savoia-Marchetti SM-75,-,-,-,-,-, I-LUPI, 32038,Ala Littoria,International Scheduled Passenger,-,Barcelona-El Prat Airport,BCN,LEBL,Spain,Madrid-Barajas Airport,MAD,LEMD,Spain,-,-,-,-,-,-,-
19400516-2,Thursday,16-MAY-1940,-,A1, En route (ENR),Ochamps,Belgium,-,1, Damaged beyond repair,-,Junkers Ju-52/3m,-,-,-,-,-, 1Z+, 5172,German AF,Military,-,-,-,-,-,-,-,-,-,-,-,-,-,-,-,-
19400517-0,Friday,17-MAY-1940,18:03,A2, En route (ENR),"35 km (21.9 mls) W of Pritchett, CO",United States of America,19,0, Substantial,-,Boeing S.307B Stratoliner,4,Wright GR-1820G-105A,1940,-,133.0, NC19905, 1996,TWA,Domestic Non Scheduled Passenger,-,Kansas City Municipal Airport,MKC,KMKC,United States of America,Albuquerque Municipal Airport,ABQ,KABQ,United States of America,8,11,0,0,-,-,Final
19400518-2,Saturday,18-MAY-1940,-,A1, Landing (LDG),Philippeville Airfield,Belgium,-,0, Damaged beyond repair,-,Junkers Ju-52/3m,-,-,-,-,-, 9P+EM,-,German AF,Military,-,-,-,-,-,-,-,-,-,-,-,-,-,-,-,-
19400520-0,Monday,20-MAY-1940,-,A1, En route (ENR),"Kjerringvatnet, Hattfjelldal, Nordland",Norway,-,-, Damaged beyond repair,-,Junkers Ju-52/3m,-,-,-,-,-, CN+HJ, ATG2805,German AF,Military,-,-,-,-,-,-,-,-,-,-,-,-,-,-,-,-
19400521-0,Tuesday,21-MAY-1940,-,A1, Takeoff (TOF),Glasgow-Prestwick Airport (PIK),United Kingdom,-,0, Damaged beyond repair,-,Fokker F.XXXVI,4,Wright SGR-1820F2 Cyclone,1934,-,-, G-AFZR, 5348,Scottish Aviation,Unknown,-,Glasgow-Prestwick Airport,PIK,EGPK,United Kingdom,-,-,-,-,-,-,0,0,-,-,-
19400523-0,Thursday,23-MAY-1940,-,C1, En route (ENR),Arques,France,-,1, Damaged beyond repair,-,Sabca Savoia-Marchetti S.73P,3,Gnome-Rhône 14K Mistral Major,-,-,-, OO-AGS, 3,Sabena,Military,-,-,-,-,-,-,-,-,-,-,0,1,0,-,-,-
19400523-1,Thursday,23-MAY-1940,-,A1, Approach (APR),Merville Airport (HZB),France,-,-, Damaged beyond repair,-,Armstrong Whitworth AW.27 Ensign I,-,-,1935,-,-, G-ADSZ, AW.1164,BOAC,International Scheduled Passenger,-,-,-,-,-,-,-,-,-,-,-,-,-,-,-,-
19400523-2,Thursday,23-MAY-1940,-,C1, Standing (STD),Merville,France,0,0, Damaged beyond repair,-,Sabca Savoia-Marchetti S.73P,3,Gnome-Rhône 14K Mistral Major,-,-,-, OO-AGZ, 7,Sabena,-,-,-,-,-,-,-,-,-,-,0,0,0,0,-,-,-
19400523-3,Thursday,23-MAY-1940,-,A1, Landing (LDG),Lympne,United Kingdom,-,0, Damaged beyond repair,-,Armstrong Whitworth AW.27 Ensign I,-,-,-,-,-, G-ADTA, AW.1165,Imperial Airways,Ferry/positioning,-,Merville Airport,HZB,LFQT,France,-,-,-,-,-,-,0,0,-,-,-
19400523-4,Thursday,23-MAY-1940,-,C1, En route (ENR),near Arques,France,-,1, Damaged beyond repair,-,Douglas DC-3-227B,-,-,1938,-,-, OO-AUI, 2094,Sabena,International Scheduled Passenger,-,Merville Airport,HZB,LFQT,France,-,-,-,-,-,-,1,0,-,-,-
19400523-7,Thursday,23-MAY-1940,-,A1, Unknown (UNK),Bazargio-Dobruja,Romania,-,-, Damaged beyond repair,-,Junkers Ju-52/3mba,-,-,-,-,-, YR-ABF, 4016,LARES,Military,-,-,-,-,-,-,-,-,-,-,-,-,-,-,-,-
19400526-0,Sunday,26-MAY-1940,16:18,A1, En route (ENR),"Storfjellet, Saltdal, Nordland",Norway,-,4, Damaged beyond repair,-,Junkers Ju-52/3m,-,-,-,-,-, registration unknown, J5636,German AF,Military,-,-,-,-,-,-,-,-,-,-,-,3,1,-,-,-
19400526-1,Sunday,26-MAY-1940,16:30,A1, En route (ENR),"Evenesdal, Saltdal, Nordland",Norway,-,9, Damaged beyond repair,-,Junkers Ju-52/3m,-,-,-,-,-, BA+HK,-,German AF,Military,-,-,-,-,-,-,-,-,-,-,-,3,6,-,-,-
19400526-2,Sunday,26-MAY-1940,-,A1, En route (ENR),"Jordbrufjellet, Russanes i Saltdal, Nordland",Norway,-,4, Damaged beyond repair,-,Junkers Ju-52/3m,-,-,-,-,-, CM+BU, J6713,German AF,Military,-,-,-,-,-,-,-,-,-,-,-,3,1,-,-,-
19400526-3,Sunday,26-MAY-1940,12:55,A1, En route (ENR),"Amot, Osterdalen, Hedmark",Norway,15,15, Damaged beyond repair,-,Junkers Ju-52/3m,-,-,-,-,-, registration unknown, J6108,German AF,Military,-,-,-,-,-,Narvik-Framnes Airport,NVK,ENNK,Norway,4,11,4,11,-,-,-
19400528-2,Tuesday,28-MAY-1940,-,A1, En route (ENR),Ulmet/Kusel,Germany,5,5, Damaged beyond repair,-,Junkers Ju-52/3m,-,-,-,-,-, registration unknown,-,German AF,Military,-,-,-,-,-,-,-,-,-,-,-,-,-,-,-,-
19400530-0,Thursday,30-MAY-1940,-,C1, En route (ENR),"Skotten seter, Ringebu, Oppland",Norway,8,8, Damaged beyond repair,-,Junkers Ju-52/3m,-,-,-,-,-, registration unknown,-,German AF,Military,-,Stavanger-Sola Airport,SVG,ENZV,Norway,Trondheim-Værnes Airport,TRD,ENVA,Norway,-,-,-,-,-,-,-
19400601-0,Saturday,01-JUN-1940,-,A1, Unknown (UNK),"El Segundo-Maines Field, CA",United States of America,4,4, Damaged beyond repair,-,Douglas R3D-1 (DC-5),-,-,1940,-,-, 1901, 606,Douglas,Test,-,-,-,-,-,-,-,-,-,4,0,4,0,-,-,Preliminary
19400602-0,Sunday,02-JUN-1940,-,C1, En route (ENR),"Riksgränsen, Kiruna",Sweden,15,8, Damaged beyond repair,-,Junkers Ju-52/3m,-,-,-,-,-, DC+SP, 6751,German AF,Military,-,Trondheim-Værnes Airport,TRD,ENVA,Norway,-,-,-,-,3,12,2,6,-,-,-
19400607-0,Friday,07-JUN-1940,-,A1, Unknown (UNK),near Koblenz,Germany,3,0, Damaged beyond repair,-,Junkers Ju-52/3m,-,-,-,-,-, registration unknown, 6266,German AF,Military,-,-,-,-,-,-,-,-,-,3,0,0,0,-,-,-
19400607-1,Friday,07-JUN-1940,-,A1, Unknown (UNK),near Charleville,France,4,4, Damaged beyond repair,-,Junkers Ju-52/3m,-,-,-,-,-, registration unknown, 5365,German AF,Military,-,-,-,-,-,-,-,-,-,4,0,4,0,-,-,-
19400607-2,Friday,07-JUN-1940,-,A1, Takeoff (TOF),Mannheim Airport (MHG),Germany,-,1, Damaged beyond repair,-,Junkers Ju-52/3m,-,-,-,-,-, registration unknown, 6461,German AF,Military,-,Mannheim Airport,MHG,EDFM,Germany,-,-,-,-,-,-,-,-,-,-,-
19400614-0,Friday,14-JUN-1940,14:00,C1, En route (ENR),off Keri Island [Gulf of Finland],Estonia,9,9, Damaged beyond repair,-,Junkers Ju-52/3mge,-,-,-,-,-, OH-ALL, 5494,Aero OY,International Scheduled Passenger,-,Tallinn-Ülemiste Airport,TLL,EETN,Estonia,Helsinki-Malmi Airport,HEM,EFHF,Finland,2,7,2,7,-,-,-
19400620-0,Thursday,20-JUN-1940,-,C1, Unknown (UNK),Near Ouistreham,France,1,1, Damaged beyond repair,-,Dewoitine D.338,-,-,-,-,-, F-ARTD, 22,Air France,Unknown,-,-,-,-,-,-,-,-,-,-,-,-,-,-,-,-
19400623-0,Sunday,23-JUN-1940,14:29,A1, Standing (STD),Amsterdam-Schiphol Air Base (AMS),Netherlands,0,0, Damaged beyond repair,-,Junkers Ju-52/3m,-,-,-,-,-, registration unknown, 5347,German AF,Military,-,-,-,-,-,-,-,-,-,0,0,0,0,-,-,-
19400623-2,Sunday,23-JUN-1940,-,A1, Unknown (UNK),near Abentheuer/Hochwald-Nahe,Germany,6,6, Damaged beyond repair,-,Junkers Ju-52/3m,-,-,-,-,-, registration unknown,-,German AF,Military,-,-,-,-,-,-,-,-,-,-,-,-,-,-,-,-
19400623-3,Sunday,23-JUN-1940,-,A1, Unknown (UNK),Schiphol,Netherlands,-,-, Damaged beyond repair,-,Junkers Ju-52/3m,-,-,-,-,-, registration unknown, 5347,German AF,Military,-,-,-,-,-,-,-,-,-,-,-,-,-,-,-,-
19400699-0,-,xx-JUN-1940,-,A1, Unknown (UNK),near Paris,France,-,-, Damaged beyond repair,-,Lockheed 14-H2 Super Electra,-,-,1939,-,-, SP-BPM, 1494,LOT,Military,-,-,-,-,-,-,-,-,-,-,-,-,-,-,-,-
19400699-1,-,xx-JUN-1940,-,A1, Standing (STD),Bordeaux,France,0,0, Damaged beyond repair,-,de Havilland DH.86B Express,-,-,1937,-,-, G-AEWR, 2354,Railway,-,-,-,-,-,-,-,-,-,-,0,0,0,0,-,-,-
19400699-2,-,xx-JUN-1940,-,A1, Standing (STD),Bordeaux,France,0,0, Damaged beyond repair,-,de Havilland DH.86A Express,-,-,-,-,-, G-AEFH, 2350,Railway,-,-,-,-,-,-,-,-,-,-,0,0,0,0,-,-,-
19400703-2,Wednesday,03-JUL-1940,-,A1, Unknown (UNK),Schiphol,Netherlands,-,-, Damaged beyond repair,-,Junkers Ju-52/3m,-,-,-,-,-, registration unknown,-,German AF,Military,-,-,-,-,-,-,-,-,-,-,-,-,-,-,-,-
19400704-0,Thursday,04-JUL-1940,14:08,A1, Standing (STD),Amsterdam-Schiphol Air Base (AMS),Netherlands,0,0, Damaged beyond repair,-,Junkers Ju-52/3m,-,-,-,-,-, registration unknown,-,German AF,Military,-,-,-,-,-,-,-,-,-,0,0,0,0,-,-,-
19400707-0,Sunday,07-JUL-1940,-,C1, En route (ENR),Gulf of Tonkin,Vietnam,4,4, Damaged beyond repair,-,Dewoitine D.338,-,-,-,-,-, F-AQBA, 01,Air France,Unknown,-,-,-,-,-,-,-,-,-,4,0,4,0,-,-,-
19400709-0,Tuesday,09-JUL-1940,14:47,C1, En route (ENR),"140 km (87.5 mls) SW off  Sumburgh Head, United Kingdom",Atlantic Ocean,-,-, Damaged beyond repair,-,Short Sunderland I,-,-,-,-,-, N6133,-,RAF,Military,-,-,-,-,-,-,-,-,-,-,-,-,-,-,-,-
19400716-0,Tuesday,16-JUL-1940,-,A1, Standing (STD),Lee-on-Solent,United Kingdom,0,0, Damaged beyond repair,-,de Havilland DH.86 Express,-,-,-,-,-, AX841, 2318,Royal Navy,Military,-,-,-,-,-,-,-,-,-,0,0,0,0,-,-,-
19400724-0,Wednesday,24-JUL-1940,-,A1, Unknown (UNK),Bucharest-Baneasa,Romania,-,-, Damaged beyond repair,-,Lockheed 14-H2 Super Electra,-,-,1939,-,-, SP-BPK, 1492,LOT,Illegal Flight,-,-,-,-,-,-,-,-,-,-,-,-,-,-,-,-
19400799-0,-,xx-JUL-1940,-,O1, Pushback / towing (PBT),"Whitehorse, BC",Canada,0,0, Damaged beyond repair,-,Ford 4-AT-E Tri-Motor,3,Wright J-4 Junior,1926,-,-, CF-AZB, 4-AT-03,White Pass Airways,-,-,-,-,-,-,-,-,-,-,0,0,0,0,-,-,-
19400801-0,Thursday,01-AUG-1940,-,A1, Landing (LDG),"Donibristle RAF Station, Scotland",United Kingdom,-,-, Substantial, Written off (damaged beyond repair),Handley Page HP.42E,-,-,-,-,-, AS983, HP.42/8,RAF,Military,-,-,-,-,-,-,-,-,-,-,-,-,-,-,-,-
19400802-0,Friday,02-AUG-1940,-,A1, Unknown (UNK),150 km (93.8 mls) NE of Dodoma,Tanzania,12,8, Damaged beyond repair,-,Vickers Valentia,-,-,-,-,-, 269,-,South African AF,Military,-,-,-,-,-,-,-,-,-,-,-,3,5,-,-,-
19400807-0,Wednesday,07-AUG-1940,-,A1, En route (ENR),"Moresby Park, Cumberland",United Kingdom,-,-, Damaged beyond repair,-,Handley Page HP.42E,-,-,-,-,-, AS981, HP.42/4,RAF,Military,-,-,-,-,-,-,-,-,-,-,-,-,-,-,-,-
19400807-1,Wednesday,07-AUG-1940,-,A1, En route (ENR),near Novosibirsk,Russia,21,18, Damaged beyond repair,-,Lisunov PS-84,-,-,1940,-,-, CCCP-L3409, 0246,Aeroflot,Domestic Scheduled Passenger,-,Omsk Airport,OMS,UNOO,Russia,-,-,-,-,4,17,4,14,-,-,-
19400809-0,Friday,09-AUG-1940,-,A1, En route (ENR),near Lämershagen,Germany,13,2, Damaged beyond repair,-,Douglas DC-2-115E,-,-,1935,-,-, D-AIAV, 1366/F26,Deutsche Lufthansa,Domestic Scheduled Passenger,-,-,-,-,-,Hannover Airport,HAJ,EDDV,Germany,3,10,0,2,-,-,-
19400811-0,Sunday,11-AUG-1940,-,A1, Landing (LDG),Reykjavík RAF Station (RKV),Iceland,5,0, Damaged beyond repair,-,de Havilland DH.91 Albatross,-,-,1938,-,-, AX903, 6800,RAF,Military,-,-,-,-,-,Reykjavík RAF Station,RKV,BIRK,Iceland,-,-,0,0,-,-,-
19400823-0,Friday,23-AUG-1940,-,A1, En route (ENR),near Risculita,Romania,20,11, Damaged beyond repair,-,Douglas DC-3-227,-,-,1937,-,-, YR-PIF, 1985,LARES,Domestic Scheduled Passenger,-,Bucharest-Baneasa Airport,BBU,LRBS,Romania,Arad Airport,ARW,LRAR,Romania,3,17,3,8,-,-,-
19400831-0,Saturday,31-AUG-1940,14:41,A1, En route (ENR),"near Lovettsville, VA",United States of America,25,25, Destroyed, Written off (damaged beyond repair),Douglas DC-3-313,2,Wright R-1820-G102A,1940,-,565.0, NC21789, 2188,Pennsylvania-Central Airlines,Domestic Scheduled Passenger,  19,-,-,-,-,-,-,-,-,4,21,4,21,-,-,Final
19400914-0,Saturday,14-SEP-1940,-,O1, Standing (STD),Drem,United Kingdom,0,0, Damaged beyond repair,-,Short L.17 Scylla,-,-,-,-,-, G-ACJJ, S.768,BOAC,-,-,-,-,-,-,-,-,-,-,0,0,0,0,-,-,-
19400919-0,Thursday,19-SEP-1940,-,A1, Takeoff (TOF),Limavady RAF Station,United Kingdom,-,0, Damaged beyond repair,-,Ford 5-AT-D Tri-Motor,3,Pratt & Whitney R-1340 Wasp,1931,-,-, X5000, 5-AT-107,RAF,Military,-,-,-,-,-,-,-,-,-,-,-,0,0,-,-,-
19400921-0,Saturday,21-SEP-1940,-,A1, Landing (LDG),Heston Airport,United Kingdom,-,-, Damaged beyond repair,-,Douglas DC-3-194B,-,-,1937,-,-, G-AGBC, 1939,BOAC,Domestic Scheduled Passenger,-,-,-,-,-,-,-,-,-,-,-,-,-,-,-,-
19400999-0,-,xx-SEP-1940,-,A1, Unknown (UNK),near Riga,Latvia,-,-, Damaged beyond repair,-,Lockheed 14-H2 Super Electra,-,-,1939,-,-, SP-BPN, 1495,Soviet AF,Military,-,-,-,-,-,-,-,-,-,-,-,-,-,-,-,-
19401004-0,Friday,04-OCT-1940,-,A1, Takeoff (TOF),Málaga Airport (AGP),Spain,-,0, Damaged beyond repair,-,Douglas DC-1-109,2,Wright SGR-1820F3 Cyclone,1933,-,-, EC-AAE, 1137,Iberia,International Scheduled Passenger,-,Málaga Airport,AGP,LEMG,Spain,Tétouan Airport,TTU,GMTN,Morocco,-,-,0,0,-,-,-
19401004-1,Friday,04-OCT-1940,-,A1, Unknown (UNK),unknown,Unknown country,-,-, Damaged beyond repair,-,de Havilland DH.95 Flamingo,-,-,1939,-,-, T5357, 95001,RAF,Military,-,-,-,-,-,-,-,-,-,-,-,-,-,-,-,-
19401006-0,Sunday,06-OCT-1940,-,A1, Landing (LDG),"near Pucklechurch, Gloucestershire",United Kingdom,3,0, Damaged beyond repair,-,de Havilland DH.91 Albatross,-,-,1939,-,-, G-AFDL, 6805,BOAC,Ferry/positioning,-,-,-,-,-,-,-,-,-,-,-,0,0,-,-,-
19401010-0,Thursday,10-OCT-1940,-,A1, En route (ENR),Carnotville,Benin,3,3, Damaged beyond repair,-,Dewoitine D.338,-,-,1938,-,-, F-AQBJ, 10,Air France,Unknown,-,Niamey Airport,NIM,DRRN,Niger,Cotonou Airport,COO,DBBB,Benin,3,0,3,0,-,-,-
19401012-2,Saturday,12-OCT-1940,-,A1, Unknown (UNK),Soesterberg,Netherlands,-,-, Damaged beyond repair,-,Junkers Ju-52/3m,-,-,-,-,-, registration unknown, 5052,German AF,Military,-,-,-,-,-,-,-,-,-,-,-,-,-,-,-,-
19401026-0,Saturday,26-OCT-1940,-,C1, Standing (STD),Rangoon ?,Myanmar,0,0, Damaged beyond repair,-,Curtiss AT-32A Condor II,-,-,-,-,-, XY-AAI, 42,CAMCO,-,-,-,-,-,-,-,-,-,-,0,0,0,0,-,-,-
19401026-1,Saturday,26-OCT-1940,-,C1, En route (ENR),near Kunming,China,-,-, Damaged beyond repair,-,Junkers Ju-52/3mte,-,-,-,-,-, XXV, 6014,Eurasia,Ferry/positioning,-,-,-,-,-,-,-,-,-,-,-,-,-,-,-,-
19401029-0,Tuesday,29-OCT-1940,-,C1, Taxi (TXI),near Changyi,China,14,9, Destroyed, Written off (damaged beyond repair),Douglas DC-2-221,-,-,1937,-,-, 39, 1568,CNAC,Domestic Scheduled Passenger,-,Chongqing-Jiangbei International Airport,CKG,ZUCK,China,Kunming-Wujiaba Airfield,KMG,ZPPP,China,4,10,2,7,-,-,-
19401029-1,Tuesday,29-OCT-1940,-,A1, Takeoff (TOF),Berlin-Tempelhof Airport (THF),Germany,15,2, Damaged beyond repair,-,Douglas DC-3-220,-,-,1937,-,-, D-AAIH, 1973,Deutsche Lufthansa,Scheduled Passenger,-,Berlin-Tempelhof Airport,THF,EDDI,Germany,-,-,-,-,3,12,2,0,-,-,-
19401029-3,Tuesday,29-OCT-1940,-,A1, En route (ENR),"45 km (28.1 mls) SW of Wick, Scotland",United Kingdom,11,4, Damaged beyond repair,-,Short Sunderland I,-,-,-,-,-, P9622,-,RAF,Military,-,-,-,-,-,-,-,-,-,-,-,-,-,-,-,-
19401030-0,Wednesday,30-OCT-1940,-,A1, En route (ENR),Watzmannkar,Germany,6,6, Damaged beyond repair,-,Junkers Ju-52/3m,-,-,-,-,-, registration unknown,-,German AF,Military,-,-,-,-,-,-,-,-,-,-,-,-,-,-,-,-
19401104-0,Monday,04-NOV-1940,04:42,A1, En route (ENR),"near Centerville, UT",United States of America,10,10, Damaged beyond repair,-,Douglas DC-3-197,2,Pratt & Whitney R-1830-S1C3-G,1937,-,8694.0, NC16086, 1925,United Airlines,Domestic Scheduled Passenger,-,Elko Airport,EKO,KEKO,United States of America,Salt Lake City Municipal Airport,SLC,KSLC,United States of America,3,7,3,7,-,-,Final
19401104-1,Monday,04-NOV-1940,19:10,A1, En route (ENR),"near Rincón del Tigre, Chiquitos",Bolivia,14,14, Damaged beyond repair,-,Junkers Ju-52/3mbe,-,-,-,-,-, CB-17, 4008,LAB,Domestic Scheduled Passenger,-,Robore Airport,RBO,SLRB,Bolivia,Puerto Suarez Airport,PSZ,SLPS,Bolivia,3,11,3,11,-,-,-
19401108-0,Friday,08-NOV-1940,15:02,A1, En route (ENR),Brauna/Schönteichen,Germany,29,29, Damaged beyond repair,-,Junkers Ju-90A,-,-,-,-,-, D-AVMF, 900010,Deutsche Lufthansa,International Scheduled Passenger,-,-,-,-,-,Budapest-Ferihegy Airport,BUD,LHBP,Hungary,6,23,6,23,-,-,-
19401108-1,Friday,08-NOV-1940,14:30,A1, En route (ENR),"Botafogo, Rio de Janeiro, RJ",Brazil,18,18, Damaged beyond repair,-,Junkers Ju-52/3mg3e,-,-,-,-,-, PP-SPF, 5689,VASP,Domestic Scheduled Passenger,4752,Rio de Janeiro-Santos Dumont Airport,SDU,SBRJ,Brazil,São Paulo-Congonhas Airport,CGH,SBSP,Brazil,4,14,4,14,1,-,-
19401110-0,Sunday,10-NOV-1940,-,A1, Initial climb (ICL),Nairobi,Kenya,-,-, Damaged beyond repair,-,Lockheed 14-N2 Super Electra,-,-,1938,-,-, AX688, 1419,RAF,Military,-,-,-,-,-,-,-,-,-,-,-,-,-,-,-,-
19401112-0,Tuesday,12-NOV-1940,-,O1, Standing (STD),Pembroke Dock,United Kingdom,0,0, Damaged beyond repair,-,Short Sunderland,-,-,-,-,-, T9044,-,RAF,Military,-,-,-,-,-,-,-,-,-,0,0,0,0,-,-,-
19401116-2,Saturday,16-NOV-1940,-,A1, En route (ENR),Brest,France,11,11, Damaged beyond repair,-,Junkers Ju-52/3m,-,-,-,-,-, registration unknown,-,German AF,Military,-,-,-,-,-,-,-,-,-,-,-,-,-,-,-,-
19401123-0,Saturday,23-NOV-1940,-,A1, En route (ENR),near Ordzhonikidze,Russia,-,4, Damaged beyond repair,-,Lisunov PS-84,-,-,1940,-,-, CCCP-L3405, 4,Aeroflot / Georgia,Domestic Scheduled Passenger,-,Rostov Airport,ROV,URRR,Russia,Mineralnye Vody Airport,MRV,URMM,Russia,-,-,2,2,-,-,-
19401124-0,Sunday,24-NOV-1940,-,C1, Standing (STD),Whitchurch Airfield,United Kingdom,0,0, Damaged beyond repair,-,Douglas DC-3-194D,-,-,1938,-,-, G-AGBI, 2019,BOAC,-,-,-,-,-,-,-,-,-,-,0,0,0,0,-,-,-
19401124-1,Sunday,24-NOV-1940,-,C1, Standing (STD),Bristol-Whitchurch Airport,United Kingdom,0,0, Damaged beyond repair,-,Armstrong Whitworth AW.27 Ensign I,-,-,1935,-,-, G-ADTC, AW.1167,BOAC,-,-,-,-,-,-,-,-,-,-,0,0,0,0,-,-,-
19401126-0,Tuesday,26-NOV-1940,-,A1, Landing (LDG),Milano-Linate Airport (LIN),Italy,-,0, Damaged beyond repair,-,Fiat G.18,-,-,1936,-,-, I-ELIO, 1,Nucleo Comunicazioni Avio Linee,Military,-,Tirana-Rinas Airport,TIA,LATI,Albania,Milano-Linate Airport,LIN,LIML,Italy,-,-,0,0,-,-,-
19401127-0,Wednesday,27-NOV-1940,-,C1, En route (ENR),"ca 50 S off Cape Spartivento, Sardinia, Italy",Mediterranean Sea,7,7, Missing, Presumed damaged beyond repair,SNCAC (Farman) NC.223.4,4,Hispano-Suiza 12Y-37,-,-,-, F-AROA, 2,Air France,Cargo,-,Marseille-Marignane Airport,MRS,LFML,France,-,-,-,-,5,2,5,2,-,-,-
19401129-0,Friday,29-NOV-1940,-,A1, En route (ENR),3 km (1.9 mls) N of Quito,Ecuador,5,0, Damaged beyond repair,-,Douglas DC-2-118A,-,-,1935,-,-, NC14292, 1352,Panagra,International Scheduled Passenger,-,-,-,-,-,Cali Airport,CLO,SKCL,Colombia,4,1,0,0,-,-,-
19401204-0,Wednesday,04-DEC-1940,17:48,A1, Approach (APR),"0,5 km (0.3 mls) SW of Chicago Municipal Airport, IL (MDW)",United States of America,16,10, Destroyed, Written off (damaged beyond repair),Douglas DC-3A-197C,-,-,1940,-,2456.0, NC25678, 2175,United Airlines,Domestic Scheduled Passenger,  21,New York-La Guardia Airport,LGA,KLGA,United States of America,Chicago Municipal Airport,MDW,KMDW,United States of America,3,13,3,7,-,-,Final
19401204-1,Wednesday,04-DEC-1940,-,A1, Unknown (UNK),Puntarenas,Costa Rica,-,-, Damaged beyond repair,-,Ford 5-AT-B Tri-Motor,3,Pratt & Whitney R-1340 Wasp,1929,-,-, TI-51, 5-AT-019,TACA,Unknown,-,-,-,-,-,-,-,-,-,-,-,-,-,-,-,-
19401206-0,Friday,06-DEC-1940,-,O1, Standing (STD),"Doncaster RAF Station, South Yorkshire",United Kingdom,0,0, Substantial, Written off (damaged beyond repair),Handley Page HP.42E,-,-,-,-,-, AS982, HP.42/2,RAF,Military,-,-,-,-,-,-,-,-,-,0,0,0,0,-,-,-
19401207-0,Saturday,07-DEC-1940,-,A1, Landing (LDG),Puntarenas,Costa Rica,-,-, Damaged beyond repair,-,Douglas C-33 (DC-2),-,-,1936,-,-, 36-78, 1511,USAAC,Military,-,-,-,-,-,-,-,-,-,-,-,-,-,-,-,-
19401211-0,Wednesday,11-DEC-1940,-,A1, Standing (STD),"Sullom Voe, Shetland",United Kingdom,0,0, Damaged beyond repair,-,Short Sunderland I,-,-,-,-,-, N9046,-,RAF,Military,-,-,-,-,-,-,-,-,-,0,0,0,0,-,-,-
19401214-0,Saturday,14-DEC-1940,-,A1, Unknown (UNK),"Puerto Nuevo, BA",Argentina,-,-, Damaged beyond repair,-,Consolidated 16 Commodore,2,Pratt & Whitney R-1860 Hornet B,1929,-,-, LV-RAB, 02,SANA,Unknown,-,-,-,-,-,-,-,-,-,-,-,-,-,-,-,-
19401220-0,Friday,20-DEC-1940,-,C1, Standing (STD),Bristol-Whitchurch Airport,United Kingdom,0,0, Damaged beyond repair,-,de Havilland DH.91 Albatross,-,-,1938,-,-, G-AFDI, 6802,BOAC,-,-,-,-,-,-,-,-,-,-,0,0,0,0,-,-,-
19401224-0,Tuesday,24-DEC-1940,-,O1, Standing (STD),Buenos Aires Harbour,Argentina,0,0, Damaged beyond repair,-,Junkers Ju-52/3m,-,-,-,-,-, CX-ABB, 5886,CAUSA,-,-,-,-,-,-,-,-,-,-,0,0,0,0,-,-,-
19401230-0,Monday,30-DEC-1940,-,C1, Standing (STD),Chengtu (Chengdu) Airfield,China,0,0, Damaged beyond repair,-,Junkers Ju-52/3m,-,-,-,-,-, XX, 5502,Eurasia,-,-,-,-,-,-,-,-,-,-,0,0,0,0,-,-,-
19401299-0,-,xx-DEC-1940,-,A1, Unknown (UNK),at an unknown location,Italy,-,0, Damaged beyond repair,-,Fiat G.18,-,-,1935,-,-, I-ETRA, 2,Nucleo Comunicazioni Avio Linee,Military,-,-,-,-,-,-,-,-,-,-,-,0,0,-,-,-
19409999-0,-,xx-xxx-1940,-,A1, Unknown (UNK),Indochina,Unknown country,-,-, Damaged beyond repair,-,Dewoitine D.338,-,-,1938,-,-, F-AQBH, 8,Air France,Unknown,-,-,-,-,-,-,-,-,-,-,-,-,-,-,-,-
19400510-59,Friday,10-MAY-1940,-,A1, Unknown (UNK),at an unknown location,Netherlands,-,-, Damaged beyond repair,-,Junkers Ju-52/3m,-,-,-,-,-, registration unknown, 6383,German AF,Military,-,-,-,-,-,-,-,-,-,-,-,-,-,-,-,-
19400510-6,Friday,10-MAY-1940,-,A1, Unknown (UNK),Culemborg or Arnhem,Netherlands,-,-, Damaged beyond repair,-,Junkers Ju-52/3m,-,-,-,-,-, registration unknown, 6093,German AF,Military,-,-,-,-,-,-,-,-,-,-,-,-,-,-,-,-
19400510-60,Friday,10-MAY-1940,-,A1, Unknown (UNK),Waalhaven,Netherlands,-,-, Damaged beyond repair,-,Junkers Ju-52/3m,-,-,-,-,-, registration unknown, 6009,German AF,Military,-,-,-,-,-,-,-,-,-,-,-,-,-,-,-,-
19400510-61,Friday,10-MAY-1940,-,A1, Unknown (UNK),at an unknown location,Netherlands,-,-, Damaged beyond repair,-,Junkers Ju-52/3m,-,-,-,-,-, registration unknown, 6393,German AF,Military,-,-,-,-,-,-,-,-,-,-,-,-,-,-,-,-
19400510-62,Friday,10-MAY-1940,-,A1, Unknown (UNK),near Rotterdam,Netherlands,-,-, Damaged beyond repair,-,Junkers Ju-52/3m,-,-,-,-,-, registration unknown, 5381,German AF,Military,-,-,-,-,-,-,-,-,-,-,-,-,-,-,-,-
19400510-63,Friday,10-MAY-1940,-,A1, Unknown (UNK),Waalhaven,Netherlands,-,-, Damaged beyond repair,-,Junkers Ju-52/3m,-,-,-,-,-, registration unknown, 5447,German AF,Military,-,-,-,-,-,-,-,-,-,-,-,-,-,-,-,-
19400510-64,Friday,10-MAY-1940,-,A1, Unknown (UNK),Rotterdam,Netherlands,-,-, Damaged beyond repair,-,Junkers Ju-52/3m,-,-,-,-,-, registration unknown, 5456,German AF,Military,-,-,-,-,-,-,-,-,-,-,-,-,-,-,-,-
19400510-65,Friday,10-MAY-1940,-,A1, Unknown (UNK),near Den Haag,Netherlands,-,-, Damaged beyond repair,-,Junkers Ju-52/3m,-,-,-,-,-, registration unknown, 5476,German AF,Military,-,-,-,-,-,-,-,-,-,-,-,-,-,-,-,-
19400510-66,Friday,10-MAY-1940,-,A1, Unknown (UNK),"Delft - Den Haag, on the road",Netherlands,-,-, Damaged beyond repair,-,Junkers Ju-52/3m,-,-,-,-,-, registration unknown,-,German AF,Military,-,-,-,-,-,-,-,-,-,-,-,-,-,-,-,-
19400510-67,Friday,10-MAY-1940,-,A1, Unknown (UNK),near Waalhaven,Netherlands,-,-, Damaged beyond repair,-,Junkers Ju-52/3m,-,-,-,-,-, registration unknown,-,German AF,Military,-,-,-,-,-,-,-,-,-,-,-,-,-,-,-,-
19400510-68,Friday,10-MAY-1940,-,A1, Unknown (UNK),near Den Haag,Netherlands,-,-, Damaged beyond repair,-,Junkers Ju-52/3m,-,-,-,-,-, registration unknown, 5841,German AF,Military,-,-,-,-,-,-,-,-,-,-,-,-,-,-,-,-
19400510-69,Friday,10-MAY-1940,-,A1, Unknown (UNK),near Waalhaven,Netherlands,-,-, Damaged beyond repair,-,Junkers Ju-52/3m,-,-,-,-,-, registration unknown,-,German AF,Military,-,-,-,-,-,-,-,-,-,-,-,-,-,-,-,-
19400510-7,Friday,10-MAY-1940,-,A1, Unknown (UNK),at an unknown location,Netherlands,-,-, Damaged beyond repair,-,Junkers Ju-52/3m,-,-,-,-,-, registration unknown, 6074,German AF,Military,-,-,-,-,-,-,-,-,-,-,-,-,-,-,-,-
19400510-70,Friday,10-MAY-1940,-,A1, Unknown (UNK),near Den Haag,Netherlands,-,-, Damaged beyond repair,-,Junkers Ju-52/3m,-,-,-,-,-, registration unknown, 5799,German AF,Military,-,-,-,-,-,-,-,-,-,-,-,-,-,-,-,-
19400510-71,Friday,10-MAY-1940,-,A1, Unknown (UNK),near Ypenburg,Netherlands,-,-, Damaged beyond repair,-,Junkers Ju-52/3m,-,-,-,-,-, registration unknown,-,German AF,Military,-,-,-,-,-,-,-,-,-,-,-,-,-,-,-,-
19400510-72,Friday,10-MAY-1940,-,A1, Unknown (UNK),Rotterdam,Netherlands,-,-, Damaged beyond repair,-,Junkers Ju-52/3m,-,-,-,-,-, registration unknown, 5492,German AF,Military,-,-,-,-,-,-,-,-,-,-,-,-,-,-,-,-
19400510-73,Friday,10-MAY-1940,-,A1, Unknown (UNK),Rotterdam,Netherlands,-,-, Damaged beyond repair,-,Junkers Ju-52/3m,-,-,-,-,-, registration unknown, 5701,German AF,Military,-,-,-,-,-,-,-,-,-,-,-,-,-,-,-,-
19400510-74,Friday,10-MAY-1940,-,A1, Unknown (UNK),Waalhaven,Netherlands,-,-, Damaged beyond repair,-,Junkers Ju-52/3m,-,-,-,-,-, registration unknown, 5706,German AF,Military,-,-,-,-,-,-,-,-,-,-,-,-,-,-,-,-
19400510-75,Friday,10-MAY-1940,-,A1, Unknown (UNK),Rotterdam,Netherlands,-,-, Damaged beyond repair,-,Junkers Ju-52/3m,-,-,-,-,-, registration unknown, 5753,German AF,Military,-,-,-,-,-,-,-,-,-,-,-,-,-,-,-,-
19400510-76,Friday,10-MAY-1940,-,A1, Unknown (UNK),near Den Haag,Netherlands,-,-, Damaged beyond repair,-,Junkers Ju-52/3m,-,-,-,-,-, registration unknown, 5759,German AF,Military,-,-,-,-,-,-,-,-,-,-,-,-,-,-,-,-
19400510-77,Friday,10-MAY-1940,-,A1, Unknown (UNK),Waalhaven,Netherlands,-,-, Damaged beyond repair,-,Junkers Ju-52/3m,-,-,-,-,-, registration unknown, 5381,German AF,Military,-,-,-,-,-,-,-,-,-,-,-,-,-,-,-,-
19400510-78,Friday,10-MAY-1940,-,A1, Unknown (UNK),near Rotterdam,Netherlands,-,-, Damaged beyond repair,-,Junkers Ju-52/3m,-,-,-,-,-, registration unknown, 6504,German AF,Military,-,-,-,-,-,-,-,-,-,-,-,-,-,-,-,-
19400510-79,Friday,10-MAY-1940,-,A1, Unknown (UNK),near Den Haag,Netherlands,-,-, Damaged beyond repair,-,Junkers Ju-52/3m,-,-,-,-,-, registration unknown, 6170,German AF,Military,-,-,-,-,-,-,-,-,-,-,-,-,-,-,-,-
19400510-8,Friday,10-MAY-1940,-,A1, Unknown (UNK),Voorburg,Netherlands,-,-, Damaged beyond repair,-,Junkers Ju-52/3m,-,-,-,-,-, registration unknown, 6059,German AF,Military,-,-,-,-,-,-,-,-,-,-,-,-,-,-,-,-
19400510-80,Friday,10-MAY-1940,-,A1, Unknown (UNK),Den Haag,Netherlands,-,-, Damaged beyond repair,-,Junkers Ju-52/3m,-,-,-,-,-, registration unknown, 6495,German AF,Military,-,-,-,-,-,-,-,-,-,-,-,-,-,-,-,-
19400510-81,Friday,10-MAY-1940,-,A1, Unknown (UNK),near Leiden,Netherlands,-,-, Damaged beyond repair,-,Junkers Ju-52/3m,-,-,-,-,-, registration unknown, 6841,German AF,Military,-,-,-,-,-,-,-,-,-,-,-,-,-,-,-,-
19400510-82,Friday,10-MAY-1940,-,A1, Unknown (UNK),near Den Haag,Netherlands,-,-, Damaged beyond repair,-,Junkers Ju-52/3m,-,-,-,-,-, registration unknown, 6883,German AF,Military,-,-,-,-,-,-,-,-,-,-,-,-,-,-,-,-
19400510-83,Friday,10-MAY-1940,-,A1, Unknown (UNK),Delft,Netherlands,-,-, Damaged beyond repair,-,Junkers Ju-52/3m,-,-,-,-,-, registration unknown,-,German AF,Military,-,-,-,-,-,-,-,-,-,-,-,-,-,-,-,-
19400510-84,Friday,10-MAY-1940,-,A1, Unknown (UNK),Delft,Netherlands,-,-, Damaged beyond repair,-,Junkers Ju-52/3m,-,-,-,-,-, registration unknown,-,German AF,Military,-,-,-,-,-,-,-,-,-,-,-,-,-,-,-,-
19400510-85,Friday,10-MAY-1940,-,A1, Unknown (UNK),at an unknown location,Netherlands,-,-, Damaged beyond repair,-,Junkers Ju-52/3m,-,-,-,-,-, registration unknown, 6133,German AF,Military,-,-,-,-,-,-,-,-,-,-,-,-,-,-,-,-
19400510-86,Friday,10-MAY-1940,-,A1, Unknown (UNK),Rotterdam,Netherlands,-,-, Damaged beyond repair,-,Junkers Ju-52/3m,-,-,-,-,-, registration unknown, 6753,German AF,Military,-,-,-,-,-,-,-,-,-,-,-,-,-,-,-,-
19400510-87,Friday,10-MAY-1940,-,A1, Unknown (UNK),Waalhaven,Netherlands,-,-, Damaged beyond repair,-,Junkers Ju-52/3m,-,-,-,-,-, registration unknown, 6146,German AF,Military,-,-,-,-,-,-,-,-,-,-,-,-,-,-,-,-
19400510-88,Friday,10-MAY-1940,-,A1, Unknown (UNK),Waalhaven,Netherlands,-,-, Damaged beyond repair,-,Junkers Ju-52/3m,-,-,-,-,-, registration unknown, 6609,German AF,Military,-,-,-,-,-,-,-,-,-,-,-,-,-,-,-,-
19400510-89,Friday,10-MAY-1940,-,A1, Unknown (UNK),at an unknown location,Netherlands,-,-, Damaged beyond repair,-,Junkers Ju-52/3m,-,-,-,-,-, registration unknown, 6220,German AF,Military,-,-,-,-,-,-,-,-,-,-,-,-,-,-,-,-
19400510-9,Friday,10-MAY-1940,-,A1, Unknown (UNK),near Den Haag,Netherlands,-,-, Damaged beyond repair,-,Junkers Ju-52/3m,-,-,-,-,-, registration unknown, ATG1349,German AF,Military,-,-,-,-,-,-,-,-,-,-,-,-,-,-,-,-
19400510-90,Friday,10-MAY-1940,-,A1, Unknown (UNK),at an unknown location,Netherlands,-,-, Damaged beyond repair,-,Junkers Ju-52/3m,-,-,-,-,-, registration unknown, 6243,German AF,Military,-,-,-,-,-,-,-,-,-,-,-,-,-,-,-,-
19400510-91,Friday,10-MAY-1940,-,A1, Unknown (UNK),at an unknown location,Netherlands,-,-, Damaged beyond repair,-,Junkers Ju-52/3m,-,-,-,-,-, registration unknown, 6268,German AF,Military,-,-,-,-,-,-,-,-,-,-,-,-,-,-,-,-
19400510-92,Friday,10-MAY-1940,-,A1, Unknown (UNK),near Den Haag,Netherlands,-,-, Damaged beyond repair,-,Junkers Ju-52/3m,-,-,-,-,-, registration unknown, 6281,German AF,Military,-,-,-,-,-,-,-,-,-,-,-,-,-,-,-,-
19400510-93,Friday,10-MAY-1940,-,A1, Unknown (UNK),Tongeren,Belgium,-,-, Damaged beyond repair,-,Junkers Ju-52/3m,-,-,-,-,-, registration unknown,-,German AF,Military,-,-,-,-,-,-,-,-,-,-,-,-,-,-,-,-
19400510-94,Friday,10-MAY-1940,-,C1, Unknown (UNK),Chaumont,Belgium,-,-, Damaged beyond repair,-,Junkers Ju-52/3m,-,-,-,-,-, registration unknown,-,German AF,Military,-,-,-,-,-,-,-,-,-,-,-,-,-,-,-,-
19400510-95,Friday,10-MAY-1940,-,A1, Unknown (UNK),Esneux,Belgium,-,-, Damaged beyond repair,-,Junkers Ju-52/3m,-,-,-,-,-, registration unknown,-,German AF,Military,-,-,-,-,-,-,-,-,-,-,-,-,-,-,-,-
19400510-96,Friday,10-MAY-1940,-,A1, Unknown (UNK),at an unknown location,Netherlands,-,-, Damaged beyond repair,-,Junkers Ju-52/3m,-,-,-,-,-, registration unknown, 6135,German AF,Military,-,-,-,-,-,-,-,-,-,-,-,-,-,-,-,-
19400510-97,Friday,10-MAY-1940,-,A1, Unknown (UNK),Den Haag,Netherlands,-,-, Damaged beyond repair,-,Junkers Ju-52/3m,-,-,-,-,-, registration unknown, 6502,German AF,Military,-,-,-,-,-,-,-,-,-,-,-,-,-,-,-,-
19400510-AC,Friday,10-MAY-1940,-,A1, Unknown (UNK),Rotterdam,Netherlands,-,-, Damaged beyond repair,-,Junkers Ju-52/3m,-,-,-,-,-, registration unknown, 6476,German AF,Military,-,-,-,-,-,-,-,-,-,-,-,-,-,-,-,-
19400510-AD,Friday,10-MAY-1940,-,A1, Unknown (UNK),Rotterdam,Netherlands,-,-, Damaged beyond repair,-,Junkers Ju-52/3m,-,-,-,-,-, registration unknown, 6484,German AF,Military,-,-,-,-,-,-,-,-,-,-,-,-,-,-,-,-
19400510-AE,Friday,10-MAY-1940,-,A1, Unknown (UNK),'t Woudt,Netherlands,-,-, Damaged beyond repair,-,Junkers Ju-52/3m,-,-,-,-,-, registration unknown, 6785,German AF,Military,-,-,-,-,-,-,-,-,-,-,-,-,-,-,-,-
19400510-AF,Friday,10-MAY-1940,-,A1, Unknown (UNK),near Waalhaven,Netherlands,-,-, Damaged beyond repair,-,Junkers Ju-52/3m,-,-,-,-,-, registration unknown,-,German AF,Military,-,-,-,-,-,-,-,-,-,-,-,-,-,-,-,-
19400510-AH,Friday,10-MAY-1940,12:30,A1, Unknown (UNK),Rosière-la-Grande,Belgium,3,3, Damaged beyond repair,-,Junkers Ju-52/3m,-,-,-,-,-, registration unknown,-,German AF,Military,-,-,-,-,-,-,-,-,-,-,-,-,-,-,-,-
19400510-AI,Friday,10-MAY-1940,-,A1, Unknown (UNK),at an unknown location,Netherlands,-,-, Damaged beyond repair,-,Junkers Ju-52/3m,-,-,-,-,-, registration unknown, 6519,German AF,Military,-,-,-,-,-,-,-,-,-,-,-,-,-,-,-,-
19400510-AJ,Friday,10-MAY-1940,-,A1, Unknown (UNK),Waalhaven,Netherlands,-,-, Damaged beyond repair,-,Junkers Ju-52/3m,-,-,-,-,-, registration unknown, 6526,German AF,Military,-,-,-,-,-,-,-,-,-,-,-,-,-,-,-,-
19400510-AK,Friday,10-MAY-1940,08:00,C1, Unknown (UNK),Ochten-IJzendoorn,Netherlands,5,4, Damaged beyond repair,-,Junkers Ju-52/3m,-,-,-,-,-, registration unknown, 6533,German AF,Military,-,-,-,-,-,-,-,-,-,-,-,-,-,-,-,-
19400510-AL,Friday,10-MAY-1940,-,A1, Unknown (UNK),at an unknown location,Netherlands,-,-, Damaged beyond repair,-,Junkers Ju-52/3m,-,-,-,-,-, registration unknown, 6560,German AF,Military,-,-,-,-,-,-,-,-,-,-,-,-,-,-,-,-
19400510-AM,Friday,10-MAY-1940,-,A1, Unknown (UNK),at an unknown location,Netherlands,-,-, Damaged beyond repair,-,Junkers Ju-52/3m,-,-,-,-,-, registration unknown, 6593,German AF,Military,-,-,-,-,-,-,-,-,-,-,-,-,-,-,-,-
19400510-AN,Friday,10-MAY-1940,-,A1, Unknown (UNK),Den Haag,Netherlands,-,-, Damaged beyond repair,-,Junkers Ju-52/3m,-,-,-,-,-, registration unknown, 6607,German AF,Military,-,-,-,-,-,-,-,-,-,-,-,-,-,-,-,-
19400510-AP,Friday,10-MAY-1940,-,A1, Unknown (UNK),Renswoude,Netherlands,-,-, Damaged beyond repair,-,Junkers Ju-52/3m,-,-,-,-,-, registration unknown,-,German AF,Military,-,-,-,-,-,-,-,-,-,-,-,-,-,-,-,-
19400510-AQ,Friday,10-MAY-1940,-,A1, Unknown (UNK),Druten,Netherlands,-,-, Damaged beyond repair,-,Junkers Ju-52/3m,-,-,-,-,-, registration unknown, 6493,German AF,Military,-,-,-,-,-,-,-,-,-,-,-,-,-,-,-,-
19400510-AR,Friday,10-MAY-1940,-,A1, Unknown (UNK),Den Haag,Netherlands,-,-, Damaged beyond repair,-,Junkers Ju-52/3m,-,-,-,-,-, registration unknown,-,German AF,Military,-,-,-,-,-,-,-,-,-,-,-,-,-,-,-,-
19400510-AS,Friday,10-MAY-1940,-,A1, Unknown (UNK),Waalhaven,Netherlands,-,-, Damaged beyond repair,-,Junkers Ju-52/3m,-,-,-,-,-, registration unknown,-,German AF,Military,-,-,-,-,-,-,-,-,-,-,-,-,-,-,-,-
19400510-AT,Friday,10-MAY-1940,-,A1, Unknown (UNK),W of Vlaardingen,Netherlands,-,-, Damaged beyond repair,-,Junkers Ju-52/3m,-,-,-,-,-, registration unknown,-,German AF,Military,-,-,-,-,-,-,-,-,-,-,-,-,-,-,-,-
19400510-AU,Friday,10-MAY-1940,-,A1, Unknown (UNK),S of Wassenaarse Slag,Netherlands,-,-, Damaged beyond repair,-,Junkers Ju-52/3m,-,-,-,-,-, registration unknown,-,German AF,Military,-,-,-,-,-,-,-,-,-,-,-,-,-,-,-,-
19400510-AV,Friday,10-MAY-1940,-,A1, Unknown (UNK),Ockenburg,Netherlands,-,-, Damaged beyond repair,-,Junkers Ju-52/3m,-,-,-,-,-, registration unknown,-,German AF,Military,-,-,-,-,-,-,-,-,-,-,-,-,-,-,-,-
19400510-AW,Friday,10-MAY-1940,-,A1, Unknown (UNK),Den Haag,Netherlands,-,-, Damaged beyond repair,-,Junkers Ju-52/3m,-,-,-,-,-, registration unknown,-,German AF,Military,-,-,-,-,-,-,-,-,-,-,-,-,-,-,-,-
19400510-AX,Friday,10-MAY-1940,-,A1, Unknown (UNK),Rijksweg 13,Netherlands,-,-, Damaged beyond repair,-,Junkers Ju-52/3m,-,-,-,-,-, registration unknown,-,German AF,Military,-,-,-,-,-,-,-,-,-,-,-,-,-,-,-,-
19400510-AY,Friday,10-MAY-1940,-,A1, Unknown (UNK),Rotterdam,Netherlands,-,-, Damaged beyond repair,-,Junkers Ju-52/3m,-,-,-,-,-, registration unknown,-,German AF,Military,-,-,-,-,-,-,-,-,-,-,-,-,-,-,-,-
19400510-AZ,Friday,10-MAY-1940,-,A1, Unknown (UNK),Rijksweg 13,Netherlands,-,-, Damaged beyond repair,-,Junkers Ju-52/3m,-,-,-,-,-, registration unknown,-,German AF,Military,-,-,-,-,-,-,-,-,-,-,-,-,-,-,-,-
19400510-BA,Friday,10-MAY-1940,-,A1, Unknown (UNK),Ockenburg.,Netherlands,-,-, Damaged beyond repair,-,Junkers Ju-52/3m,-,-,-,-,-, registration unknown,-,German AF,Military,-,-,-,-,-,-,-,-,-,-,-,-,-,-,-,-
19400510-BB,Friday,10-MAY-1940,-,A1, Unknown (UNK),Waalhaven,Netherlands,-,-, Damaged beyond repair,-,Junkers Ju-52/3m,-,-,-,-,-, registration unknown,-,German AF,Military,-,-,-,-,-,-,-,-,-,-,-,-,-,-,-,-
19400510-BC,Friday,10-MAY-1940,-,A1, Unknown (UNK),Benschop,Netherlands,-,-, Damaged beyond repair,-,Junkers Ju-52/3m,-,-,-,-,-, registration unknown,-,German AF,Military,-,-,-,-,-,-,-,-,-,-,-,-,-,-,-,-
19400510-BD,Friday,10-MAY-1940,-,A1, Unknown (UNK),Den Haag,Netherlands,-,-, Damaged beyond repair,-,Junkers Ju-52/3m,-,-,-,-,-, registration unknown,-,German AF,Military,-,-,-,-,-,-,-,-,-,-,-,-,-,-,-,-
19400510-BE,Friday,10-MAY-1940,-,A1, Unknown (UNK),Biesbosch,Netherlands,-,-, Damaged beyond repair,-,Junkers Ju-52/3m,-,-,-,-,-, registration unknown,-,German AF,Military,-,-,-,-,-,-,-,-,-,-,-,-,-,-,-,-
19400510-BF,Friday,10-MAY-1940,-,A1, Unknown (UNK),Rijksweg 13,Netherlands,-,-, Damaged beyond repair,-,Junkers Ju-52/3m,-,-,-,-,-, registration unknown,-,German AF,Military,-,-,-,-,-,-,-,-,-,-,-,-,-,-,-,-
19400510-BG,Friday,10-MAY-1940,-,A1, Unknown (UNK),Zevenbergsehoek,Netherlands,-,-, Damaged beyond repair,-,Junkers Ju-52/3m,-,-,-,-,-, registration unknown,-,German AF,Military,-,-,-,-,-,-,-,-,-,-,-,-,-,-,-,-
19400510-BH,Friday,10-MAY-1940,-,A1, Unknown (UNK),Katwijk,Netherlands,-,-, Damaged beyond repair,-,Junkers Ju-52/3m,-,-,-,-,-, registration unknown,-,German AF,Military,-,-,-,-,-,-,-,-,-,-,-,-,-,-,-,-
19400510-BI,Friday,10-MAY-1940,-,A1, Unknown (UNK),Waalhaven,Netherlands,-,-, Damaged beyond repair,-,Junkers Ju-52/3m,-,-,-,-,-, registration unknown,-,German AF,Military,-,-,-,-,-,-,-,-,-,-,-,-,-,-,-,-
19400510-BJ,Friday,10-MAY-1940,-,A1, Unknown (UNK),Blerick-Boekend,Netherlands,-,-, Damaged beyond repair,-,Junkers Ju-52/3m,-,-,-,-,-, registration unknown,-,German AF,Military,-,-,-,-,-,-,-,-,-,-,-,-,-,-,-,-
19400510-BK,Friday,10-MAY-1940,-,A1, Unknown (UNK),Ockenburg,Netherlands,-,-, Damaged beyond repair,-,Junkers Ju-52/3m,-,-,-,-,-, registration unknown,-,German AF,Military,-,-,-,-,-,-,-,-,-,-,-,-,-,-,-,-
19400510-BL,Friday,10-MAY-1940,-,A1, Unknown (UNK),Kanne,Belgium,-,1, Damaged beyond repair,-,Junkers Ju-52/3m,-,-,-,-,-, registration unknown,-,German AF,Military,-,-,-,-,-,-,-,-,-,-,-,-,-,-,-,-
19400510-BM,Friday,10-MAY-1940,-,A1, Unknown (UNK),Rijswijk,Netherlands,-,-, Damaged beyond repair,-,Junkers Ju-52/3m,-,-,-,-,-, registration unknown,-,German AF,Military,-,-,-,-,-,-,-,-,-,-,-,-,-,-,-,-
19400510-BN,Friday,10-MAY-1940,-,A1, Unknown (UNK),near Den Bosch,Netherlands,-,-, Damaged beyond repair,-,Junkers Ju-52/3m,-,-,-,-,-, registration unknown,-,German AF,Military,-,-,-,-,-,-,-,-,-,-,-,-,-,-,-,-
19400510-BO,Friday,10-MAY-1940,-,A1, Unknown (UNK),Waalhaven,Netherlands,-,-, Damaged beyond repair,-,Junkers Ju-52/3m,-,-,-,-,-, registration unknown,-,German AF,Military,-,-,-,-,-,-,-,-,-,-,-,-,-,-,-,-
19400510-BP,Friday,10-MAY-1940,-,A1, Unknown (UNK),IJmuiden,Netherlands,-,-, Damaged beyond repair,-,Junkers Ju-52/3m,-,-,-,-,-, registration unknown,-,German AF,Military,-,-,-,-,-,-,-,-,-,-,-,-,-,-,-,-
19400510-BQ,Friday,10-MAY-1940,-,A1, Unknown (UNK),Ockenburg,Netherlands,-,-, Damaged beyond repair,-,Junkers Ju-52/3m,-,-,-,-,-, registration unknown,-,German AF,Military,-,-,-,-,-,-,-,-,-,-,-,-,-,-,-,-
19400510-BR,Friday,10-MAY-1940,-,A1, Unknown (UNK),Horst,Netherlands,-,-, Damaged beyond repair,-,Junkers Ju-52/3m,-,-,-,-,-, registration unknown,-,German AF,Military,-,-,-,-,-,-,-,-,-,-,-,-,-,-,-,-
19400510-BS,Friday,10-MAY-1940,-,A1, Unknown (UNK),Maastricht,Netherlands,-,-, Damaged beyond repair,-,Junkers Ju-52/3m,-,-,-,-,-, registration unknown,-,German AF,Military,-,-,-,-,-,-,-,-,-,-,-,-,-,-,-,-
19400510-BT,Friday,10-MAY-1940,05:15,A1, En route (ENR),"Vrusschenhuisken, near Simpelveld",Netherlands,-,2, Damaged beyond repair,-,Junkers Ju-52/3m,-,-,-,-,-, registration unknown,-,German AF,Military,-,-,-,-,-,-,-,-,-,-,-,-,-,-,-,-
19400510-BU,Friday,10-MAY-1940,-,A1, Unknown (UNK),Stolwijk,Netherlands,-,-, Damaged beyond repair,-,Junkers Ju-52/3m,-,-,-,-,-, registration unknown,-,German AF,Military,-,-,-,-,-,-,-,-,-,-,-,-,-,-,-,-
19400510-BV,Friday,10-MAY-1940,-,A1, Unknown (UNK),Den Bosch,Netherlands,-,-, Damaged beyond repair,-,Junkers Ju-52/3m,-,-,-,-,-, registration unknown,-,German AF,Military,-,-,-,-,-,-,-,-,-,-,-,-,-,-,-,-
19400510-BW,Friday,10-MAY-1940,-,A1, Unknown (UNK),Monster,Netherlands,-,-, Damaged beyond repair,-,Junkers Ju-52/3m,-,-,-,-,-, registration unknown,-,German AF,Military,-,-,-,-,-,-,-,-,-,-,-,-,-,-,-,-
19400510-BX,Friday,10-MAY-1940,-,A1, Unknown (UNK),Delft,Netherlands,-,-, Damaged beyond repair,-,Junkers Ju-52/3m,-,-,-,-,-, registration unknown,-,German AF,Military,-,-,-,-,-,-,-,-,-,-,-,-,-,-,-,-
19400510-BY,Friday,10-MAY-1940,-,A1, Unknown (UNK),Wassenaarse Slag,Netherlands,-,-, Damaged beyond repair,-,Junkers Ju-52/3m,-,-,-,-,-, registration unknown,-,German AF,Military,-,-,-,-,-,-,-,-,-,-,-,-,-,-,-,-
19400510-BZ,Friday,10-MAY-1940,-,A1, Unknown (UNK),Berkel en Rodenrijs,Netherlands,-,-, Damaged beyond repair,-,Junkers Ju-52/3m,-,-,-,-,-, registration unknown,-,German AF,Military,-,-,-,-,-,-,-,-,-,-,-,-,-,-,-,-
19400510-CA,Friday,10-MAY-1940,-,A1, Unknown (UNK),Rijksweg 13,Netherlands,-,0, Damaged beyond repair,-,Junkers Ju-52/3m,-,-,-,-,-, registration unknown,-,German AF,Military,-,-,-,-,-,-,-,-,-,-,-,-,-,-,-,-
19400510-CB,Friday,10-MAY-1940,-,C1, Unknown (UNK),Kerk-Avezaath,Netherlands,17,17, Damaged beyond repair,-,Junkers Ju-52/3m,-,-,-,-,-, registration unknown,-,German AF,Military,-,-,-,-,-,-,-,-,-,-,-,-,-,-,-,-
19400510-CC,Friday,10-MAY-1940,-,A1, Unknown (UNK),Rotterdam,Netherlands,-,-, Damaged beyond repair,-,Junkers Ju-52/3m,-,-,-,-,-, registration unknown,-,German AF,Military,-,-,-,-,-,-,-,-,-,-,-,-,-,-,-,-
19400510-CD,Friday,10-MAY-1940,-,A1, Unknown (UNK),Wassenaar,Netherlands,-,-, Damaged beyond repair,-,Junkers Ju-52/3m,-,-,-,-,-, registration unknown,-,German AF,Military,-,-,-,-,-,-,-,-,-,-,-,-,-,-,-,-
19400510-CE,Friday,10-MAY-1940,-,A1, Unknown (UNK),Ockenburg,Netherlands,-,-, Damaged beyond repair,-,Junkers Ju-52/3m,-,-,-,-,-, registration unknown,-,German AF,Military,-,-,-,-,-,-,-,-,-,-,-,-,-,-,-,-
19400510-CF,Friday,10-MAY-1940,-,A1, Unknown (UNK),"Delft - Den Haag, on the road",Netherlands,-,-, Damaged beyond repair,-,Junkers Ju-52/3m,-,-,-,-,-, registration unknown,-,German AF,Military,-,-,-,-,-,-,-,-,-,-,-,-,-,-,-,-
19400510-CG,Friday,10-MAY-1940,-,A1, Unknown (UNK),"Delft - Den Haag, on the road",Netherlands,-,-, Damaged beyond repair,-,Junkers Ju-52/3m,-,-,-,-,-, registration unknown,-,German AF,Military,-,-,-,-,-,-,-,-,-,-,-,-,-,-,-,-
19400510-CH,Friday,10-MAY-1940,-,A1, Unknown (UNK),"1,5 km (0.9 mls) ESE of Ypenburg",Netherlands,-,-, Damaged beyond repair,-,Junkers Ju-52/3m,-,-,-,-,-, registration unknown,-,German AF,Military,-,-,-,-,-,-,-,-,-,-,-,-,-,-,-,-
19400510-CI,Friday,10-MAY-1940,-,A1, Unknown (UNK),Berkel,Netherlands,-,-, Damaged beyond repair,-,Junkers Ju-52/3m,-,-,-,-,-, registration unknown,-,German AF,Military,-,-,-,-,-,-,-,-,-,-,-,-,-,-,-,-
19400115-0,Monday,15-JAN-1940,-,A1, Landing (LDG),Heston Airport,United Kingdom,9,0, Damaged beyond repair,-,Lockheed 14-WF62 Super Electra,-,-,1939,-,-, G-AFMO, 1490,British Airways,Passenger,-,-,-,-,-,-,-,-,-,-,-,0,0,-,-,-
19400122-0,Monday,22-JAN-1940,-,A1, Takeoff (TOF),off Denpasar-Ngurah Rai Bali International Airport (DPS),Indonesia,9,8, Damaged beyond repair,-,Lockheed 14-WF62 Super Electra,-,-,1938,-,-, PK-AFO, 1415,KNILM,Passenger,-,Denpasar-Ngurah Rai Bali International Airport,DPS,WADD,Indonesia,Kupang-El Tari Airport,KOE,WATT,Indonesia,4,5,3,5,-,-,-
19400130-0,Tuesday,30-JAN-1940,-,A1, Landing (LDG),"Carcross, YT",Canada,1,0, Damaged beyond repair,-,Ford 4-AT-E Tri-Motor,3,Wright J-5 Whirlwind,1928,-,-, NC5092, 4-AT-19,White Pass Airways,Unknown,-,-,-,-,-,-,-,-,-,1,0,0,0,-,-,-
19400205-0,Monday,05-FEB-1940,-,A1, En route (ENR),"Diaoyu Dao, Senkaku Islands",Japan,13,0, Damaged beyond repair,-,Nakajima/Douglas DC-2,-,-,-,-,-, J-BBOT, 6,Imperial Japanese Airways,International Scheduled Passenger,-,Okinawa-Naha Airport,OKA,ROAH,Japan,-,-,-,-,4,9,0,0,-,-,-
19400210-0,Saturday,10-FEB-1940,-,A1, En route (ENR),Aiello Calabro,Italy,10,10, Damaged beyond repair,-,Savoia-Marchetti SM-75,-,-,-,-,-, I-LEAL, 32031,Ala Littoria,Domestic Scheduled Passenger,-,Brindisi-Papola Casale Airport,BDS,LIBR,Italy,-,-,-,-,6,4,6,4,-,-,-
19400220-0,Tuesday,20-FEB-1940,-,A1, Unknown (UNK),near Prinzapolka,Nicaragua,2,0, Damaged beyond repair,-,Ford 5-AT-.  Tri-Motor,-,-,-,-,-, AN-AA., 5-AT-...,TACA de Nicaragua,Cargo,-,-,-,-,-,-,-,-,-,2,0,0,0,-,-,-
19400225-0,Sunday,25-FEB-1940,-,A1, Unknown (UNK),San Isidro,Costa Rica,-,-, Damaged beyond repair,-,Ford 5-AT-C Tri-Motor,3,Pratt & Whitney R-1340 Wasp,1929,-,-, TI-33, 5-AT-070,TACA,Unknown,-,-,-,-,-,-,-,-,-,-,-,-,-,-,-,-
19400301-0,Friday,01-MAR-1940,-,A1, En route (ENR),"55 km (34.4 mls) off  Dibba, Oman [Gulf of Oman]",Indian Ocean,8,8, Destroyed, Written off (damaged beyond repair),Handley Page HP.42E,-,-,-,-,-, G-AAGX, HP.42/1,Imperial Airways,International Scheduled Passenger,-,Jiwani Airport,JIW,OPJI,Pakistan,Sharjah Airport,SHJ,OMSJ,United Arab Emirates,4,4,4,4,-,-,-
19400303-0,Sunday,03-MAR-1940,-,A1, En route (ENR),near Orange,France,3,3, Damaged beyond repair,-,Bloch 220,-,-,1935,-,-, F-AOHA, 01,Air France,Cargo,-,-,-,-,-,-,-,-,-,3,0,3,0,-,-,-
19400305-0,Tuesday,05-MAR-1940,-,A1, En route (ENR),"near San Martín Volcano, Veracruz",Mexico,12,0, Damaged beyond repair,-,Ford 5-AT-B Tri-Motor,3,Pratt & Whitney R-1340 Wasp,1929,-,-, XA-BCW, 5-AT-045,Mexicana,Domestic Scheduled Passenger,-,Mexico City-Central Airport,MEX,MMMX,Mexico,Chetumal Airport,CTM,MMCM,Mexico,5,7,0,0,-,-,-
19400315-0,Friday,15-MAR-1940,-,A1, Unknown (UNK),"off Kavieng, New Ireland",Papua New Guinea,-,-, Damaged beyond repair,-,de Havilland DH.86B Express,-,-,-,-,-, VH-UYW, 2361,private,Unknown,-,-,-,-,-,-,-,-,-,-,-,-,-,-,-,-
19400316-0,Saturday,16-MAR-1940,10:10,A1, En route (ENR),Stromboli Island,Italy,14,14, Damaged beyond repair,-,Savoia-Marchetti S.73,-,-,1937,-,-, I-SUTO, 30024,ALI,International Scheduled Passenger,-,Catania-Fontanarossa Airport,CTA,LICC,Italy,-,-,-,-,5,9,5,9,-,-,-
19400319-0,Tuesday,19-MAR-1940,-,O1, Standing (STD),Bristol-Whitchurch Airport,United Kingdom,0,0, Damaged beyond repair,-,Handley Page HP.42W,-,-,1931,-,-, G-AAXC, HP.42/5,Imperial Airways,-,-,-,-,-,-,-,-,-,-,0,0,0,0,-,-,-
19400319-1,Tuesday,19-MAR-1940,-,O1, Standing (STD),Bristol-Whitchurch Airport,United Kingdom,0,0, Damaged beyond repair,-,Handley Page HP.42W,-,-,-,-,-, G-AAUD, HP.42/3,Imperial Airways,-,-,-,-,-,-,-,-,-,-,0,0,0,0,-,-,-
19400403-0,Wednesday,03-APR-1940,-,A1, Landing (LDG),"Pittsburgh-Allegheny County Airport, PA (AGC)",United States of America,15,0, Damaged beyond repair,-,Douglas DC-2-112,-,-,1935,-,-, NC13786, 1296,TWA,Domestic Scheduled Passenger,-,-,-,-,-,Pittsburgh-Allegheny County Airport,AGC,KAGC,United States of America,3,12,0,0,-,-,-
19400407-0,Sunday,07-APR-1940,06:45,A1, En route (ENR),Meurcourt,France,9,9, Damaged beyond repair,-,Junkers Ju-52/3m,-,-,-,-,-, registration unknown,-,German AF,Military,-,-,-,-,-,-,-,-,-,4,5,4,5,-,-,-
19400409-0,Tuesday,09-APR-1940,-,C1, En route (ENR),near Sylling,Norway,10,9, Damaged beyond repair,-,Short Sunderland,-,-,-,-,-, L2167,-,RAF,Military,-,-,-,-,-,-,-,-,-,10,0,9,0,-,-,-
19400409-2,Tuesday,09-APR-1940,-,A1, En route (ENR),"S of Tarm, Vium church",Denmark,9,8, Damaged beyond repair,-,Junkers Ju-52/3m,-,-,-,-,-, registration unknown,-,German AF,Military,-,-,-,-,-,-,-,-,-,-,-,-,-,-,-,-
19400412-1,Friday,12-APR-1940,-,A1, Takeoff (TOF),Einfeld,Germany,-,2, Damaged beyond repair,-,Junkers Ju-52/3m,-,-,-,-,-, registration unknown,-,German AF,Military,-,-,-,-,-,-,-,-,-,-,-,-,-,-,-,-
19400412-2,Friday,12-APR-1940,-,A1, Takeoff (TOF),Neumünster,Germany,-,0, Damaged beyond repair,-,Junkers Ju-52/3m,-,-,-,-,-, registration unknown,-,German AF,Military,-,-,-,-,-,-,-,-,-,-,-,-,-,-,-,-
19400413-0,Saturday,13-APR-1940,-,A2, Landing (LDG),Aalborg West Air Base,Denmark,4,3, Damaged beyond repair,-,Junkers Ju-52/3m,-,-,-,-,-, 1Z+FM,-,German AF,Military,-,-,-,-,-,Aalborg Air Base,AAL,EKYT,Denmark,4,0,3,0,-,-,-
19400413-1,Saturday,13-APR-1940,-,A1, Landing (LDG),"Gullesfjordbotn, Troms",Norway,-,0, Damaged beyond repair,-,Junkers Ju-52/3mg4e,-,-,-,-,-, SE+JZ, 6582,German AF,Military,-,Oslo-Fornebu Airport,FBU,ENFB,Norway,-,-,-,-,-,-,0,0,-,-,-
19400413-2,Saturday,13-APR-1940,-,A1, Landing (LDG),"Gullesfjordbotn, Troms",Norway,-,0, Damaged beyond repair,-,Junkers Ju-52/3mg4e,-,-,-,-,-, CN+BS, 6402,German AF,Military,-,Oslo-Fornebu Airport,FBU,ENFB,Norway,-,-,-,-,-,-,0,0,-,-,-
19400413-3,Saturday,13-APR-1940,-,C1, En route (ENR),"Froysjoen, Berle, Sogn og Fjordane",Norway,-,-, Damaged beyond repair,-,Junkers Ju-52/3m,-,-,-,-,-, NG+BU, 5674,German AF,Military,-,Trondheim-Værnes Airport,TRD,ENVA,Norway,-,-,-,-,-,-,-,-,-,-,-
19400413-4,Saturday,13-APR-1940,-,A1, En route (ENR),"Gangsoya, Sogn og Fjordane",Norway,-,-, Damaged beyond repair,-,Junkers Ju-52/3m,-,-,-,-,-, registration unknown, 5615,German AF,Military,-,Trondheim-Værnes Airport,TRD,ENVA,Norway,-,-,-,-,-,-,-,-,-,-,-
19400413-5,Saturday,13-APR-1940,-,A1, En route (ENR),"Gangsoya, Sogn og Fjordane",Norway,-,-, Damaged beyond repair,-,Junkers Ju-52/3m,-,-,-,-,-, registration unknown, 5711,German AF,Military,-,Trondheim-Værnes Airport,TRD,ENVA,Norway,-,-,-,-,-,-,-,-,-,-,-
19400413-6,Saturday,13-APR-1940,-,A1, En route (ENR),"Hartvikvatnet, Narvik, Nordland",Norway,-,-, Damaged beyond repair,-,Junkers Ju-52/3mg4e,-,-,-,-,-, DB+JY, 6657,German AF,Military,-,Berlin-Tempelhof Airport,THF,EDDI,Germany,-,-,-,-,-,-,-,-,-,-,-
19400414-0,Sunday,14-APR-1940,-,C1, En route (ENR),"Lillehammer, Oppland",Norway,15,1, Damaged beyond repair,-,Junkers Ju-52/3m,-,-,-,-,-, 1Z+..,-,German AF,Military,-,Oslo-Fornebu Airport,FBU,ENFB,Norway,Oslo-Fornebu Airport,FBU,ENFB,Norway,-,-,-,-,-,-,-
19400414-1,Sunday,14-APR-1940,-,A1, En route (ENR),"Valebu, Ringebu, Oppland",Norway,-,-, Damaged beyond repair,-,Junkers Ju-52/3m,-,-,-,-,-, 1Z+AT, 6546,German AF,Military,-,Oslo-Fornebu Airport,FBU,ENFB,Norway,Oslo-Fornebu Airport,FBU,ENFB,Norway,-,-,-,-,-,-,-
19400414-2,Sunday,14-APR-1940,-,C1, En route (ENR),"Graberget, Dombas, Oppland",Norway,13,3, Damaged beyond repair,-,Junkers Ju-52/3m,-,-,-,-,-, 1Z+GS,-,German AF,Military,-,Oslo-Fornebu Airport,FBU,ENFB,Norway,Oslo-Fornebu Airport,FBU,ENFB,Norway,-,-,-,-,-,-,-
19400414-3,Sunday,14-APR-1940,-,A1, En route (ENR),"River Vorma, Minnesund, Akershus",Norway,-,-, Damaged beyond repair,-,Junkers Ju-52/3m,-,-,-,-,-, .. + ..,-,German AF,Military,-,Oslo-Fornebu Airport,FBU,ENFB,Norway,Oslo-Fornebu Airport,FBU,ENFB,Norway,-,-,-,-,-,-,-
19400414-4,Sunday,14-APR-1940,-,A1, En route (ENR),"Honefoss, Ringerike, Buskerud",Norway,6,0, Unknown, Written off (damaged beyond repair),Junkers Ju-52/3m,-,-,-,-,-, 1Z+MN, 5894,German AF,Military,-,Oslo-Fornebu Airport,FBU,ENFB,Norway,Oslo-Fornebu Airport,FBU,ENFB,Norway,6,0,0,0,-,-,-
19400414-5,Sunday,14-APR-1940,-,A1, En route (ENR),"Galderud, Kongsvinger, Hedmark",Norway,4,0, Damaged beyond repair,-,Junkers Ju-52/3m,-,-,-,-,-, 1Z+CC,-,German AF,Military,-,Oslo-Fornebu Airport,FBU,ENFB,Norway,Oslo-Fornebu Airport,FBU,ENFB,Norway,4,0,0,0,-,-,-
19400414-6,Sunday,14-APR-1940,10:45,A2, En route (ENR),"Sivebo, Grebbestad",Sweden,-,-, None, -,Junkers Ju-52/3mg4e,-,-,-,-,-, SE+HU, 6132,German AF,Military,-,Oslo-Fornebu Airport,FBU,ENFB,Norway,Oslo-Fornebu Airport,FBU,ENFB,Norway,-,-,-,-,-,-,-
19400414-9,Sunday,14-APR-1940,12:25,A1, En route (ENR),"Samneröd, Uddevalla",Sweden,3,3, Damaged beyond repair,-,Junkers Ju-52/3m,-,-,-,-,-, SE+H?, 7629,German AF,Military,-,-,-,-,-,-,-,-,-,-,-,-,-,-,-,-
19400416-0,Tuesday,16-APR-1940,-,A1, En route (ENR),"Kvamen, Sokndal, Rogaland",Norway,4,4, Damaged beyond repair,-,Junkers Ju-52/3mg4e,-,-,-,-,-, 1Z+IY, 6306,German AF,Military,-,Aalborg Airport,AAL,EKYT,Denmark,Stavanger-Sola Airport,SVG,ENZV,Norway,-,-,-,-,-,-,-
19400416-1,Tuesday,16-APR-1940,-,A2, Landing (LDG),Grums,Sweden,3,0, None, -,Junkers Ju-52/3mg3e,-,-,-,-,-, SE+HM, 5791,German AF,Military,-,-,-,-,-,-,-,-,-,-,-,0,0,-,-,-
19400416-2,Tuesday,16-APR-1940,23:00,A1, Landing (LDG),"Lake Vänern, Mariestad",Sweden,4,0, Minor, Written off (damaged beyond repair),Junkers Ju-52/3m,-,-,-,-,-, 1Z+BC,-,German AF,Military,-,Oslo-Fornebu Airport,FBU,ENFB,Norway,Oslo-Fornebu Airport,FBU,ENFB,Norway,-,-,0,0,-,-,-
19400416-4,Tuesday,16-APR-1940,-,A1, En route (ENR),off Tofte,Norway,17,17, Damaged beyond repair,-,Junkers Ju-52/3m,-,-,-,-,-, BA+KK,-,German AF,Military,-,-,-,-,-,Oslo-Fornebu Airport,FBU,ENFB,Norway,4,13,4,13,-,-,-
19400417-0,Wednesday,17-APR-1940,-,A1, En route (ENR),"Langevannet, Fosselandsheia, Vest-Agder",Norway,17,17, Damaged beyond repair,-,Junkers Ju-52/3m,-,-,-,-,-, IZ+FT, ATG2810,German AF,Military,-,Aalborg Airport,AAL,EKYT,Denmark,Kristiansand-Kjevik Airport,KRS,ENCN,Norway,-,-,-,-,-,-,-
19400417-1,Wednesday,17-APR-1940,17:10,A1, Landing (LDG),"Arbrå, Bollnäs",Sweden,-,-, None, Repaired,Junkers Ju-52/3m,-,-,-,-,-, SE+KC, 6664,German AF,Military,-,-,-,-,-,Oslo-Fornebu Airport,FBU,ENFB,Norway,-,-,-,-,-,-,-
19400422-0,Monday,22-APR-1940,14:00,A1, En route (ENR),"near Loch Lomond, Scotland",United Kingdom,3,3, Damaged beyond repair,-,Lockheed 14-WF62 Super Electra,-,-,1938,-,-, G-AFKD, 1484,BOAC,Ferry/positioning,-,Perth International Airport,PSL,EGPT,United Kingdom,-,-,-,-,3,0,3,0,-,-,-
19400429-2,Monday,29-APR-1940,-,A1, Landing (LDG),Oslo-Fornebu airfield,Norway,-,0, Damaged beyond repair,-,Junkers Ju-52/3m,-,-,-,-,-, registration unknown, 6771,German AF,Military,-,-,-,-,-,-,-,-,-,-,-,-,-,-,-,-
19400429-4,Monday,29-APR-1940,-,A1, Landing (LDG),Oslo-Fornebu airfield,Norway,-,0, Damaged beyond repair,-,Junkers Ju-52/3m,-,-,-,-,-, registration unknown, 6796,German AF,Military,-,-,-,-,-,-,-,-,-,-,-,-,-,-,-,-
19400502-0,Thursday,02-MAY-1940,-,A1, Takeoff (TOF),Helsinki-Malmi Airport (HEM),Finland,-,0, Damaged beyond repair,-,de Havilland DH.86B Express,-,-,1937,-,-, OH-IPA, 2353,Finnish AF,Military,-,Helsinki-Malmi Airport,HEM,EFHF,Finland,Jyväskylä Airport,JYV,EFJY,Finland,-,-,0,0,-,-,-
19400510-0,Friday,10-MAY-1940,-,A1, Unknown (UNK),Valkenburg,Netherlands,-,-, Damaged beyond repair,-,Junkers Ju-52/3m,-,-,-,-,-, registration unknown, 6320,German AF,Military,-,-,-,-,-,-,-,-,-,-,-,-,-,-,-,-
19400510-1,Friday,10-MAY-1940,-,A1, Unknown (UNK),'s Gravenzande,Netherlands,-,-, Damaged beyond repair,-,Junkers Ju-52/3m,-,-,-,-,-, registration unknown, 6319,German AF,Military,-,-,-,-,-,-,-,-,-,-,-,-,-,-,-,-
19400510-10,Friday,10-MAY-1940,-,A1, Unknown (UNK),at an unknown location,Netherlands,-,-, Damaged beyond repair,-,Junkers Ju-52/3m,-,-,-,-,-, GS+AJ, ATG1347,German AF,Military,-,-,-,-,-,-,-,-,-,-,-,-,-,-,-,-
19400510-11,Friday,10-MAY-1940,-,A1, Unknown (UNK),Maassluis,Netherlands,-,-, Damaged beyond repair,-,Junkers Ju-52/3m,-,-,-,-,-, registration unknown, ATG1327,German AF,Military,-,-,-,-,-,-,-,-,-,-,-,-,-,-,-,-
19400510-12,Friday,10-MAY-1940,-,A1, Unknown (UNK),near Den Haag,Netherlands,-,-, Damaged beyond repair,-,Junkers Ju-52/3m,-,-,-,-,-, AR+EB, ATG2840,German AF,Military,-,-,-,-,-,-,-,-,-,-,-,-,-,-,-,-
19400510-13,Friday,10-MAY-1940,-,A1, Unknown (UNK),Waalhaven,Netherlands,-,-, Damaged beyond repair,-,Junkers Ju-52/3m,-,-,-,-,-, registration unknown, 3607,German AF,Military,-,-,-,-,-,-,-,-,-,-,-,-,-,-,-,-
19400510-14,Friday,10-MAY-1940,-,A1, Unknown (UNK),Tiel,Netherlands,-,-, Damaged beyond repair,-,Junkers Ju-52/3m,-,-,-,-,-, H4+BJ,-,German AF,Military,-,-,-,-,-,-,-,-,-,-,-,-,-,-,-,-
19400510-15,Friday,10-MAY-1940,-,A1, Unknown (UNK),Ockenburg,Netherlands,-,-, Damaged beyond repair,-,Junkers Ju-52/3m,-,-,-,-,-, G6+VK,-,German AF,Military,-,-,-,-,-,-,-,-,-,-,-,-,-,-,-,-
19400510-16,Friday,10-MAY-1940,-,A1, Unknown (UNK),Rijksweg 13,Netherlands,-,-, Damaged beyond repair,-,Junkers Ju-52/3m,-,-,-,-,-, G6+MK,-,German AF,Military,-,-,-,-,-,-,-,-,-,-,-,-,-,-,-,-
19400510-17,Friday,10-MAY-1940,-,A1, Unknown (UNK),Ockenburg,Netherlands,-,-, Damaged beyond repair,-,Junkers Ju-52/3m,-,-,-,-,-, G6+HK,-,German AF,Military,-,-,-,-,-,-,-,-,-,-,-,-,-,-,-,-
19400510-18,Friday,10-MAY-1940,-,A1, Unknown (UNK),near Waalhaven,Netherlands,-,-, Damaged beyond repair,-,Junkers Ju-52/3m,-,-,-,-,-, 9P+BH,-,German AF,Military,-,-,-,-,-,-,-,-,-,-,-,-,-,-,-,-
19400510-19,Friday,10-MAY-1940,-,A1, Unknown (UNK),near Den Haag,Netherlands,-,-, Damaged beyond repair,-,Junkers Ju-52/3m,-,-,-,-,-, registration unknown, 5117,German AF,Military,-,-,-,-,-,-,-,-,-,-,-,-,-,-,-,-
19400510-2,Friday,10-MAY-1940,-,A1, Unknown (UNK),Rotterdam - Den Haag - Leiden area,Netherlands,-,-, Damaged beyond repair,-,Junkers Ju-52/3m,-,-,-,-,-, registration unknown, 6313,German AF,Military,-,-,-,-,-,-,-,-,-,-,-,-,-,-,-,-
19400510-20,Friday,10-MAY-1940,-,A1, Unknown (UNK),near Rotterdam,Netherlands,-,-, Damaged beyond repair,-,Junkers Ju-52/3m,-,-,-,-,-, registration unknown, 5906,German AF,Military,-,-,-,-,-,-,-,-,-,-,-,-,-,-,-,-
19400510-21,Friday,10-MAY-1940,-,A1, Unknown (UNK),near Den Haag,Netherlands,-,-, Damaged beyond repair,-,Junkers Ju-52/3m,-,-,-,-,-, registration unknown, 5090,German AF,Military,-,-,-,-,-,-,-,-,-,-,-,-,-,-,-,-
19400510-22,Friday,10-MAY-1940,-,A1, Unknown (UNK),Rotterdam,Netherlands,-,-, Damaged beyond repair,-,Junkers Ju-52/3m,-,-,-,-,-, U4+ZK, 5304,German AF,Military,-,-,-,-,-,-,-,-,-,-,-,-,-,-,-,-
19400510-23,Friday,10-MAY-1940,-,A1, Unknown (UNK),Waalhaven,Netherlands,-,-, Damaged beyond repair,-,Junkers Ju-52/3m,-,-,-,-,-, registration unknown, 5288,German AF,Military,-,-,-,-,-,-,-,-,-,-,-,-,-,-,-,-
19400510-24,Friday,10-MAY-1940,-,A1, Unknown (UNK),near Den Haag,Netherlands,-,-, Damaged beyond repair,-,Junkers Ju-52/3m,-,-,-,-,-, registration unknown, 5226,German AF,Military,-,-,-,-,-,-,-,-,-,-,-,-,-,-,-,-
19400510-25,Friday,10-MAY-1940,-,A1, Unknown (UNK),near Den Haag,Netherlands,-,-, Damaged beyond repair,-,Junkers Ju-52/3m,-,-,-,-,-, registration unknown, 5286,German AF,Military,-,-,-,-,-,-,-,-,-,-,-,-,-,-,-,-
19400510-26,Friday,10-MAY-1940,-,A1, Unknown (UNK),near Den Haag,Netherlands,-,-, Damaged beyond repair,-,Junkers Ju-52/3m,-,-,-,-,-, registration unknown, 5202,German AF,Military,-,-,-,-,-,-,-,-,-,-,-,-,-,-,-,-
19400510-27,Friday,10-MAY-1940,-,A1, Unknown (UNK),near Delft,Netherlands,-,-, Damaged beyond repair,-,Junkers Ju-52/3m,-,-,-,-,-, NG+VY, 5180,German AF,Military,-,-,-,-,-,-,-,-,-,-,-,-,-,-,-,-
19400510-28,Friday,10-MAY-1940,-,A1, Unknown (UNK),Waalhaven,Netherlands,-,-, Damaged beyond repair,-,Junkers Ju-52/3m,-,-,-,-,-, registration unknown, 5156,German AF,Military,-,-,-,-,-,-,-,-,-,-,-,-,-,-,-,-
19400510-29,Friday,10-MAY-1940,-,A1, Unknown (UNK),near Den Haag,Netherlands,-,-, Damaged beyond repair,-,Junkers Ju-52/3m,-,-,-,-,-, registration unknown, 5148,German AF,Military,-,-,-,-,-,-,-,-,-,-,-,-,-,-,-,-
19400510-3,Friday,10-MAY-1940,-,A1, Unknown (UNK),Den Haag,Netherlands,-,-, Damaged beyond repair,-,Junkers Ju-52/3m,-,-,-,-,-, registration unknown, 6308,German AF,Military,-,-,-,-,-,-,-,-,-,-,-,-,-,-,-,-
19400510-30,Friday,10-MAY-1940,-,A1, Unknown (UNK),near Den Haag,Netherlands,-,-, Damaged beyond repair,-,Junkers Ju-52/3m,-,-,-,-,-, registration unknown, 5147,German AF,Military,-,-,-,-,-,-,-,-,-,-,-,-,-,-,-,-
19400510-31,Friday,10-MAY-1940,-,A1, Unknown (UNK),near Den Haag,Netherlands,-,-, Damaged beyond repair,-,Junkers Ju-52/3m,-,-,-,-,-, registration unknown, 5140,German AF,Military,-,-,-,-,-,-,-,-,-,-,-,-,-,-,-,-
19400510-32,Friday,10-MAY-1940,-,A1, Unknown (UNK),Waalhaven,Netherlands,-,-, Damaged beyond repair,-,Junkers Ju-52/3m,-,-,-,-,-, registration unknown, 5208,German AF,Military,-,-,-,-,-,-,-,-,-,-,-,-,-,-,-,-
19400510-33,Friday,10-MAY-1940,-,A1, Unknown (UNK),Waalhaven,Netherlands,-,-, Damaged beyond repair,-,Junkers Ju-52/3m,-,-,-,-,-, registration unknown, 3656,German AF,Military,-,-,-,-,-,-,-,-,-,-,-,-,-,-,-,-
19400510-34,Friday,10-MAY-1940,-,C1, Standing (STD),Amsterdam-Schiphol Municipal Airport (AMS),Netherlands,0,0, Damaged beyond repair,-,Douglas DC-3-194F,-,-,1939,-,-, PH-AST, 2111,KLM,-,-,-,-,-,-,-,-,-,-,0,0,0,0,-,-,-
19400510-35,Friday,10-MAY-1940,-,C1, Standing (STD),Amsterdam-Schiphol Municipal Airport (AMS),Netherlands,0,0, Damaged beyond repair,-,Douglas DC-3-194F,-,-,1939,-,-, PH-ASP, 2109,KLM,-,-,-,-,-,-,-,-,-,-,0,0,0,0,-,-,-
19400510-36,Friday,10-MAY-1940,-,C1, Standing (STD),Amsterdam-Schiphol Municipal Airport (AMS),Netherlands,0,0, Damaged beyond repair,-,Douglas DC-3-194D,-,-,1938,-,-, PH-ARX, 2020,KLM,-,-,-,-,-,-,-,-,-,-,0,0,0,0,-,-,-
19400510-37,Friday,10-MAY-1940,-,C1, Standing (STD),Amsterdam-Schiphol Municipal Airport (AMS),Netherlands,0,0, Damaged beyond repair,-,Douglas DC-3-194B,-,-,1937,-,-, PH-ALU, 1942,KLM,-,-,-,-,-,-,-,-,-,-,0,0,0,0,-,-,-
19400510-38,Friday,10-MAY-1940,-,C1, Standing (STD),Amsterdam-Schiphol Municipal Airport (AMS),Netherlands,0,0, Damaged beyond repair,-,Douglas DC-2-115L,-,-,1936,-,-, PH-ALD, 1583/F32,KLM,-,-,-,-,-,-,-,-,-,-,0,0,0,0,-,-,-
19400510-39,Friday,10-MAY-1940,-,C1, Standing (STD),Amsterdam-Schiphol Municipal Airport (AMS),Netherlands,0,0, Damaged beyond repair,-,Douglas DC-2-115E,-,-,1935,-,-, PH-AKN, 1360/F20,KLM,-,-,-,-,-,-,-,-,-,-,0,0,0,0,-,-,-
19400510-4,Friday,10-MAY-1940,-,A1, Unknown (UNK),Loosduinen,Netherlands,-,-, Damaged beyond repair,-,Junkers Ju-52/3m,-,-,-,-,-, registration unknown, 6289,German AF,Military,-,-,-,-,-,-,-,-,-,-,-,-,-,-,-,-
19400510-40,Friday,10-MAY-1940,-,C1, Standing (STD),Amsterdam-Schiphol Municipal Airport (AMS),Netherlands,0,0, Damaged beyond repair,-,Douglas DC-2-115E,-,-,1935,-,-, PH-AKO, 1361/F21,KLM,-,-,-,-,-,-,-,-,-,-,0,0,0,0,-,-,-
19400510-41,Friday,10-MAY-1940,-,C1, Standing (STD),Amsterdam-Schiphol Municipal Airport (AMS),Netherlands,0,0, Damaged beyond repair,-,Douglas DC-2-115E,-,-,1935,-,-, PH-AKP, 1362/F22,KLM,-,-,-,-,-,-,-,-,-,-,0,0,0,0,-,-,-
19400510-42,Friday,10-MAY-1940,-,C1, Standing (STD),Amsterdam-Schiphol Municipal Airport (AMS),Netherlands,0,0, Damaged beyond repair,-,Douglas DC-2-115E,-,-,1935,-,-, PH-AKK, 1357/F17,KLM,-,-,-,-,-,-,-,-,-,-,0,0,0,0,-,-,-
19400510-43,Friday,10-MAY-1940,03:55,C1, Standing (STD),Rotterdam-Waalhaven Airport,Netherlands,0,0, Damaged beyond repair,-,Fokker F.VIIIa,-,-,1928,-,-, 951, 5045,Netherlands AF,Military,-,-,-,-,-,-,-,-,-,0,0,0,0,-,-,-
19400510-44,Friday,10-MAY-1940,-,A1, Landing (LDG),Waalhaven,Netherlands,4,0, Damaged beyond repair,-,Junkers Ju-52/3m,-,-,-,-,-, 1Z+LU, 6786,German AF,Military,-,-,-,-,-,-,-,-,-,-,-,-,-,-,-,-
19400510-45,Friday,10-MAY-1940,-,A1, Unknown (UNK),S of Afferden,Netherlands,3,3, Damaged beyond repair,-,Junkers Ju-52/3m,-,-,-,-,-, 1Z+AZ, 6248,German AF,Military,-,-,-,-,-,-,-,-,-,-,-,-,-,-,-,-
19400510-46,Friday,10-MAY-1940,10:30,A1, Unknown (UNK),Den Hout,Netherlands,11,0, Damaged beyond repair,-,Junkers Ju-52/3m,-,-,-,-,-, 1Z+KX , 6513,German AF,Military,-,-,-,-,-,-,-,-,-,-,-,-,-,-,-,-
19400510-47,Friday,10-MAY-1940,-,A1, Unknown (UNK),Waalhaven,Netherlands,-,-, Damaged beyond repair,-,Junkers Ju-52/3m,-,-,-,-,-, registration unknown, 5953,German AF,Military,-,-,-,-,-,-,-,-,-,-,-,-,-,-,-,-
19400510-48,Friday,10-MAY-1940,-,A1, Unknown (UNK),near Leiden,Netherlands,-,-, Damaged beyond repair,-,Junkers Ju-52/3m,-,-,-,-,-, registration unknown, 5993,German AF,Military,-,-,-,-,-,-,-,-,-,-,-,-,-,-,-,-
19400510-49,Friday,10-MAY-1940,-,A1, Unknown (UNK),near Den Haag,Netherlands,-,-, Damaged beyond repair,-,Junkers Ju-52/3m,-,-,-,-,-, registration unknown, 5995,German AF,Military,-,-,-,-,-,-,-,-,-,-,-,-,-,-,-,-
19400510-5,Friday,10-MAY-1940,-,A1, Unknown (UNK),near Rotterdam,Netherlands,-,-, Damaged beyond repair,-,Junkers Ju-52/3m,-,-,-,-,-, registration unknown, 6096,German AF,Military,-,-,-,-,-,-,-,-,-,-,-,-,-,-,-,-
19400510-50,Friday,10-MAY-1940,-,A1, Unknown (UNK),Waalhaven,Netherlands,-,-, Damaged beyond repair,-,Junkers Ju-52/3m,-,-,-,-,-, registration unknown, 6006,German AF,Military,-,-,-,-,-,-,-,-,-,-,-,-,-,-,-,-
19400510-51,Friday,10-MAY-1940,-,A1, Unknown (UNK),Rotterdam,Netherlands,-,-, Damaged beyond repair,-,Junkers Ju-52/3m,-,-,-,-,-, registration unknown, 5492,German AF,Military,-,-,-,-,-,-,-,-,-,-,-,-,-,-,-,-
19400510-52,Friday,10-MAY-1940,-,A1, Unknown (UNK),Waalhaven,Netherlands,-,-, Damaged beyond repair,-,Junkers Ju-52/3m,-,-,-,-,-, registration unknown, 6016,German AF,Military,-,-,-,-,-,-,-,-,-,-,-,-,-,-,-,-
19400510-53,Friday,10-MAY-1940,-,A1, Unknown (UNK),near Den Haag,Netherlands,-,-, Damaged beyond repair,-,Junkers Ju-52/3m,-,-,-,-,-, registration unknown, 5786,German AF,Military,-,-,-,-,-,-,-,-,-,-,-,-,-,-,-,-
19400510-54,Friday,10-MAY-1940,-,A1, Unknown (UNK),at an unknown location,Netherlands,-,-, Damaged beyond repair,-,Junkers Ju-52/3m,-,-,-,-,-, registration unknown, 6030,German AF,Military,-,-,-,-,-,-,-,-,-,-,-,-,-,-,-,-
19400510-55,Friday,10-MAY-1940,-,A1, Unknown (UNK),Waalhaven,Netherlands,-,-, Damaged beyond repair,-,Junkers Ju-52/3m,-,-,-,-,-, registration unknown, 6036,German AF,Military,-,-,-,-,-,-,-,-,-,-,-,-,-,-,-,-
19400510-56,Friday,10-MAY-1940,-,A1, Unknown (UNK),at an unknown location,Netherlands,-,-, Damaged beyond repair,-,Junkers Ju-52/3m,-,-,-,-,-, registration unknown, 6053,German AF,Military,-,-,-,-,-,-,-,-,-,-,-,-,-,-,-,-
19400510-58,Friday,10-MAY-1940,-,A1, Unknown (UNK),Berkel en Rodenrijs,Netherlands,-,-, Damaged beyond repair,-,Junkers Ju-52/3m,-,-,-,-,-, registration unknown, 6377,German AF,Military,-,-,-,-,-,-,-,-,-,-,-,-,-,-,-,-
