identifiant,week_day,date,time,type_event,phase,location,country,total_occupants,total_fatalities,aircraft_damage,aircraft_fate,type_aircraft,number_engines,type_engines,first_flight,cycles,total_airframe_hours,registration,c_n_msn,operator,nature,flight_number,departure_airport_name,departure_airport_IATA,departure_airport_ICAO,departure_airport_country,destination_airport_name,destination_airport_IATA,destination_airport_ICAO,destination_airport_country,crew_number,passengers_number,crew_fatalities,passengers_fatalities,collision_casualties,ground_casualties,status
19650603-0,Thursday,03-JUN-1965,23:00,A1, Takeoff (TOF),"Roswell-Walker AFB, NM",United States of America,5,5, Damaged beyond repair,-,Boeing KC-135A Stratotanker,4,Pratt & Whitney J57-P,1964,-,-, 63-8042, 18659/698,USAF,Military,-,-,-,-,-,-,-,-,-,5,0,5,0,-,-,-
19650604-0,Friday,04-JUN-1965,-,A1, Unknown (UNK),near Pedro Juan Caballero,Paraguay,31,1, Damaged beyond repair,-,Douglas C-47B-20-DK (DC-3),2,Pratt & Whitney R-1830-90C,1944,-,-, T-49, 26900/15455,Paraguay AF,Military,-,Asunción-Silvio Pettirossi International Airport,ASU,SGAS,Paraguay,Pedro Juan Caballero Airport,PJC,SGPJ,Paraguay,4,27,1,0,-,-,-
19650605-0,Saturday,05-JUN-1965,-,A1, En route (ENR),"off Crooked Island, Bahamas",Atlantic Ocean,10,10, Destroyed, Written off (damaged beyond repair),Fairchild C-119G Flying Boxcar,2,Wright R-3350,-,-,-, 51-2680, 10669,USAF,Military,-,Homestead AFB,HST,KHST,United States of America,Grand Turk Island Airport,GDT,MBJT,Turks and Caicos Islands,5,5,5,5,-,-,-
19650606-0,Sunday,06-JUN-1965,-,A1, Takeoff (TOF),Cebu Airport (CEB),Philippines,-,0, Damaged beyond repair,-,Douglas DC-6B,4,Pratt & Whitney R-2800,1952,-,-, PI-C950, 43820/311,Filipinas Orient Airways,Unknown,-,Cebu Airport,CEB,RPVM,Philippines,-,-,-,-,-,-,0,0,-,-,-
19650608-1,Tuesday,08-JUN-1965,-,A1, Maneuvering (MNV),near Murcia/Alcantarilla Air Base,Spain,3,3, Damaged beyond repair,-,CASA 352 (Junkers Ju-52),-,-,-,-,-, T.2B-230, 121,Spanish AF,Military,-,-,-,-,-,-,-,-,-,-,-,-,-,-,11,-
19650608-2,Tuesday,08-JUN-1965,-,A1, Maneuvering (MNV),near Murcia/Alcantarilla Air Base,Spain,11,11, Damaged beyond repair,-,CASA 352 (Junkers Ju-52),-,-,-,-,-, T.2B-229, 120,Spanish AF,Military,-,-,-,-,-,-,-,-,-,-,-,-,-,-,3,-
19650611-0,Friday,11-JUN-1965,-,A1, Maneuvering (MNV),13 km (8.1 mls) S of Holloway Field,Vietnam,7,7, Damaged beyond repair,-,Fairchild C-123B-18-FA Provider,-,-,-,-,-, 56-4379, 20263,USAF,Military,-,Nha Trang Airport,NHA,VVNT,Vietnam,Pleiku Airport,PXU,VVPK,Vietnam,7,0,7,0,-,-,-
19650611-2,Friday,11-JUN-1965,-,U1, Unknown (UNK),Algiers-Dar el Beida Airport (ALG),Algeria,-,-, Damaged beyond repair,-,Douglas C-54A-15-DC (DC-4),-,-,1944,-,-, 7T-VAC, 10421,Air Algérie,Unknown,-,-,-,-,-,-,-,-,-,-,-,-,-,-,-,-
19650614-0,Monday,14-JUN-1965,-,A1, Takeoff (TOF),"Manaus/Ponta Pelada Airport, AM (PLL)",Brazil,-,0, Damaged beyond repair,-,Lockheed 18-56-23 Lodestar,-,-,1943,-,4007.0, PT-BIS, 18-2405,Private,Cargo,-,Manaus/Ponta Pelada Airport,PLL,SBMN,Brazil,-,-,-,-,-,-,0,0,-,-,-
19650614-1,Monday,14-JUN-1965,22:40,A1, Takeoff (TOF),Ahlhorn Air Base,Germany,4,0, Damaged beyond repair,-,Nord 2501D Noratlas,2,Bristol Hercules 739,-,-,-, GB+235, D171,German AF,Military,-,-,-,-,-,-,-,-,-,4,0,0,0,-,-,-
19650615-0,Tuesday,15-JUN-1965,-,A1, Unknown (UNK),at an unknown location,France,-,0, Damaged beyond repair,-,Nord 2501 Noratlas,2,Bristol Hercules 739,-,-,-, 152, 152,French AF,Military,-,-,-,-,-,-,-,-,-,-,-,0,0,-,-,-
19650618-0,Friday,18-JUN-1965,-,A1, Unknown (UNK),200 km (125 mls) off  North Vietnamese coast,Pacific Ocean,-,0, Damaged beyond repair,-,Grumman HU-16B Albatross,-,-,-,-,-, 51-5287, G-168,USAF,Military,-,-,-,-,-,-,-,-,-,-,-,0,0,-,-,Preliminary
19650620-0,Sunday,20-JUN-1965,-,A2, En route (ENR),over Bristol Channel,United Kingdom,9,0, Substantial, Repaired,Vickers VC-10-1101,-,-,1964,-,-, G-ARVK, 813,BOAC,Test,-,London-Heathrow Airport,LHR,EGLL,United Kingdom,London-Heathrow Airport,LHR,EGLL,United Kingdom,3,6,0,0,-,-,-
19650623-0,Wednesday,23-JUN-1965,-,A1, Maneuvering (MNV),"Catalina Harbour, NL",Canada,2,1, Damaged beyond repair,-,Consolidated Canso A,-,-,1944,-,-, CF-OFJ, CV-315,Newfoundland & Labrador Forestry Svc,Fire fighting,-,-,-,-,-,-,-,-,-,2,0,1,0,-,-,Preliminary
19650625-0,Friday,25-JUN-1965,01:46,A1, En route (ENR),"5,1 km (3.2 mls) N of Santa Ana-El Toro MCAS, CA (NZJ)",United States of America,84,84, Destroyed, Written off (damaged beyond repair),Boeing C-135A Stratolifter,4,Pratt & Whitney J57-P/F-59W,1961,-,-, 60-0373, 18148/C05,USAF,Military,-,Santa Ana-El Toro MCAS,NZJ,KNZJ,United States of America,-,-,-,-,12,72,12,72,-,-,-
19650627-0,Sunday,27-JUN-1965,-,C1, Approach (APR),near Saigon,Vietnam,16,16, Damaged beyond repair,-,Fairchild C-123B Provider,-,-,-,-,-, 54-0641, 20090,USAF,Military,-,Nha Trang Airport,NHA,VVNT,Vietnam,Saigon-Tan Son Nhat International Airport,SGN,VVTS,Vietnam,2,14,2,14,-,-,-
19650628-0,Monday,28-JUN-1965,14:13,A2, En route (ENR),"near San Francisco, CA",United States of America,153,0, Substantial, Repaired,Boeing 707-321B,-,-,1962,-,12789.0, N761PA, 18336/270,Pan Am,Domestic Scheduled Passenger,PA843,San Francisco International Airport,SFO,KSFO,United States of America,Honolulu International Airport,HNL,PHNL,United States of America,10,143,0,0,-,-,Final
19650699-0,-,xx-JUN-1965,-,U1, Unknown (UNK),Cairo,Egypt,-,-, Damaged beyond repair,-,Douglas DC-3,-,-,-,-,-, SU-AJW,-,UAA,Unknown,-,-,-,-,-,-,-,-,-,-,-,-,-,-,-,-
19650701-0,Thursday,01-JUL-1965,05:29,A1, Landing (LDG),"Kansas City Downtown Municipal Airport, MO (MKC)",United States of America,66,0, Damaged beyond repair,-,Boeing 707-124,4,Pratt & Whitney JT3C-6,1959,-,25263.0, N70773, 17609/25,Continental Air Lines,Domestic Scheduled Passenger,  12,Los Angeles International Airport,LAX,KLAX,United States of America,Kansas City Downtown Municipal Airport,MKC,KMKC,United States of America,6,60,0,0,-,-,Final
19650701-1,Thursday,01-JUL-1965,-,C1, Standing (STD),Da Nang Airport (DAD),Vietnam,0,0, Damaged beyond repair,-,Lockheed C-130A Hercules,-,-,1957,-,-, 55-0042, 3069,USAF,Military,-,-,-,-,-,-,-,-,-,0,0,0,0,-,-,-
19650701-2,Thursday,01-JUL-1965,-,C1, Standing (STD),Da Nang Airport (DAD),Vietnam,0,0, Damaged beyond repair,-,Lockheed C-130A Hercules,-,-,1957,-,-, 55-0039, 3066,USAF,Military,-,-,-,-,-,-,-,-,-,0,0,0,0,-,-,-
19650703-0,Saturday,03-JUL-1965,-,A1, En route (ENR),Gulf of Tonkin,Pacific Ocean,-,-, Damaged beyond repair,-,Grumman HU-16B Albatross,-,-,-,-,-, 51-058, G-136,USAF,Military,-,-,-,-,-,-,-,-,-,-,-,-,-,-,-,Preliminary
19650704-0,Sunday,04-JUL-1965,-,A1, Approach (APR),near Piacenza,Italy,2,0, Destroyed, Written off (damaged beyond repair),Armstrong Whitworth AW-650 Argosy 222,4,Rolls-Royce Dart 532-1,1964,-,-, G-ASXL, 6800,BEA,Cargo,-,London Airport,LHR,EGLL,United Kingdom,Milano-Linate Airport,LIN,LIML,Italy,2,0,0,0,-,-,Final
19650706-0,Tuesday,06-JUL-1965,-,A1, Landing (LDG),Nouakchott Airport (NKC),Mauritania,-,0, Damaged beyond repair,-,Douglas C-47-DL (DC-3),2,Pratt & Whitney R-1830-92,1942,-,-, 6V-AAA, 4351,Air Mauritanie,Unknown,-,-,-,-,-,Nouakchott Airport,NKC,GQNN,Mauritania,-,-,0,0,-,-,-
19650706-1,Tuesday,06-JUL-1965,16:00,A1, Initial climb (ICL),Little Baldon,United Kingdom,41,41, Damaged beyond repair,-,Handley Page Hastings C.1A,-,-,-,-,-, TG577, HP67/68,RAF,Military,-,Abingdon RAF Station,ABB,EGUD,United Kingdom,Benson RAF Station,BEX,EGUB,United Kingdom,6,35,6,35,-,-,-
19650707-0,Wednesday,07-JUL-1965,01:30,A1, Initial climb (ICL),Cairo,Egypt,31,30, Destroyed, Written off (damaged beyond repair),Antonov An-12,-,-,-,-,-, registration unknown,-,Soviet AF,Military,-,-,-,-,-,Sana'a International Airport,SAH,ODSN,Yemen,9,22,8,22,-,-,-
19650708-0,Thursday,08-JUL-1965,15:41,C1, En route (ENR),"32 km (20 mls) W of 100 Mile House, BC",Canada,52,52, Damaged beyond repair,-,Douglas DC-6B,4,Pratt & Whitney R-2800,1953,-,29998.0, CF-CUQ, 43844/334,Canadian Pacific,Domestic Scheduled Passenger,  21,Vancouver International Airport,YVR,CYVR,Canada,Prince George Airport,YXS,CYXS,Canada,6,46,6,46,-,-,Final
19650709-0,Friday,09-JUL-1965,-,A1, Landing (LDG),Tijuana Airport (TIJ),Mexico,82,0, Damaged beyond repair,-,Bristol 175 Britannia 302,-,-,1957,-,-, XA-MEC, 12918,Aeronaves de México,Domestic Scheduled Passenger,-,Mexico City-Benito Juárez International Airport,MEX,MMMX,Mexico,Tijuana-Rodriguez Airport,TIJ,MMTJ,Mexico,9,73,0,0,-,-,-
19650711-0,Sunday,11-JUL-1965,22:22,A1, En route (ENR),"160 km (100 mls) off  Nantucket, MA, USA",Atlantic Ocean,19,16, Damaged beyond repair,-,Lockheed EC-121H Super Constellation,-,-,1956,-,-, 55-0136, 4409,USAF,Military,-,Falmouth-Otis AFB,FMH,KFMH,United States of America,Falmouth-Otis AFB,FMH,KFMH,United States of America,-,-,-,-,-,-,-
19650711-1,Sunday,11-JUL-1965,16:33,A1, Landing (LDG),Ashford-Lympne Airport (LYM),United Kingdom,52,0, Damaged beyond repair,-,Avro 748-101 Srs. 1,-,-,1961,-,3432.0, G-ARMV, 1536,Skyways Coach Air,International Scheduled Passenger,-,Beauvais-Tillé Airport,BVA,LFOB,France,Lympne Airport,LYM,EGMK,United Kingdom,4,48,0,0,-,-,Final
19650713-0,Tuesday,13-JUL-1965,-,A1, Unknown (UNK),at an unknown location,Unknown country,-,-, Damaged beyond repair,-,Douglas VC-47D (DC-3),-,-,1944,-,-, 43-49026, 26287/14842,USAF,Military,-,-,-,-,-,-,-,-,-,-,-,-,-,-,-,-
19650717-0,Saturday,17-JUL-1965,12:10,A1, Unknown (UNK),off Choushi,Japan,-,11, Damaged beyond repair,-,Lockheed P2V-7 Neptune,-,-,-,-,-, 4614, 726-7149,Japanese Navy,Military,-,-,-,-,-,-,-,-,-,-,-,-,-,-,-,-
19650720-0,Tuesday,20-JUL-1965,-,A1, Approach (APR),"0,5 km (0.3 mls) from  Liverpool International Airport (LPL)",United Kingdom,2,2, Damaged beyond repair,-,Vickers 701 Viscount,4,Rolls-Royce Dart 506,1953,-,20694.0, G-AMOL,  25,Cambrian Airways,Cargo,-,Isle Of Man-Ronaldsway Airport,IOM,EGNS,United Kingdom,Liverpool International Airport,LPL,EGGP,United Kingdom,2,0,2,0,-,2,Final
19650721-0,Wednesday,21-JUL-1965,-,A1, En route (ENR),near Gorny,Russia,12,1, Damaged beyond repair,-,Antonov An-2,-,-,-,-,7863.0, CCCP-01201, 16847313,Aeroflot / Far East,Domestic Scheduled Passenger,-,-,-,-,-,Komsomol'sk-na-Amure Airport,KXK,UHKK,Russia,2,10,1,0,-,-,-
19650723-0,Friday,23-JUL-1965,20:52,A1, Initial climb (ICL),"8 km (5 mls) ENE of Montoursville, PA",United States of America,40,0, Damaged beyond repair,-,Convair CV-440,-,-,1953,-,26266.0, N8415H, 125,Allegheny Airlines,Domestic Scheduled Passenger, 604,Williamsport-Lycoming County Airport,IPT,KIPT,United States of America,Wilkes-Barre/Scranton International Airport,AVP,KAVP,United States of America,4,36,0,0,-,-,-
19650725-0,Sunday,25-JUL-1965,-,A1, En route (ENR),within Philippines,Philippines,36,36, Missing, Presumed damaged beyond repair,Douglas C-47A (DC-3),-,-,-,-,-, registration unknown,-,Philippine AF,Military,-,Manila Airport,MNL,RPLL,Philippines,-,-,-,-,7,29,7,29,-,-,-
19650727-0,Tuesday,27-JUL-1965,-,A1, Landing (LDG),Bermuda-Kindley Field NAS (NWU),Bermuda,4,4, Damaged beyond repair,-,Lockheed P-3A Orion,-,-,1964,-,-, 151380, 185-5093,US Navy,Military,-,-,-,-,-,-,-,-,-,4,0,4,0,-,-,-
19650729-0,Thursday,29-JUL-1965,20:00,A1, En route (ENR),"off Lerma, Campeche",Mexico,3,0, Damaged beyond repair,-,Fairchild C-82A Packet,-,-,1947,-,-, N4834V, 10103,private,Unknown,-,-,-,-,-,-,-,-,-,3,0,0,0,-,-,Final
19650802-0,Monday,02-AUG-1965,-,A1, Takeoff (TOF),Manston Airport (MSE),United Kingdom,3,0, Damaged beyond repair,-,Vickers 610 Viking 1B,-,-,1947,-,-, G-AHPL, 149,Invicta Int. Airways,Training,-,Manston Airport,MSE,EGMH,United Kingdom,Manston Airport,MSE,EGMH,United Kingdom,3,0,0,0,-,-,-
19650804-2,Wednesday,04-AUG-1965,23:34,A1, Initial climb (ICL),4 km (2.5 mls) NE of Panama City-Tocumen International Airport (PTY),Panama,7,7, Damaged beyond repair,-,Douglas C-54D-10-DC (DC-4),-,-,1945,-,-, OB-R-769, 10826,Rutas Internacionales,Cargo,-,Panama City-Tocumen International Airport,PTY,MPTO,Panama,Miami International Airport,MIA,KMIA,United States of America,3,4,3,4,-,-,Final
19650812-0,Thursday,12-AUG-1965,07:00,A1, En route (ENR),"near Barra do Bugres, MT",Brazil,13,13, Destroyed, Written off (damaged beyond repair),Curtiss C-46A-50-CU Commando,2,Pratt & Whitney R-2800-51,1944,-,27761.0, PP-BTH, 30571,Paraense Transportes Aéreos,Domestic Scheduled Passenger,-,Cuiabá-Marechal Rondon International Airport,CGB,SBCY,Brazil,Porto Velho Airport,PVH,SBPV,Brazil,4,9,4,9,-,-,Final
19650816-0,Monday,16-AUG-1965,21:20,A1, En route (ENR),"Lake Michigan, MI",United States of America,30,30, Damaged beyond repair,-,Boeing 727-22,3,Pratt & Whitney JT8D-7,1965,-,611.0, N7036U, 18328/146,United Airlines,Domestic Scheduled Passenger,UA389,New York-La Guardia Airport,LGA,KLGA,United States of America,Chicago-O'Hare International Airport,ORD,KORD,United States of America,6,24,6,24,-,-,Final
19650816-1,Monday,16-AUG-1965,-,A1, Unknown (UNK),"El Pucu, FO",Argentina,-,1, Damaged beyond repair,-,Morane Saulnier (FMA) MS.760 Paris I,-,-,1962,-,-, E-228, A-16,Argentine AF,Military,-,-,-,-,-,-,-,-,-,-,-,1,0,-,-,-
19650818-0,Wednesday,18-AUG-1965,-,A1, Unknown (UNK),at an unknown location,Pakistan,-,-, Damaged beyond repair,-,Lockheed C-130B Hercules,4,Allison T56-A-7,1962,-,-, 12648, 3691,Pakistan AF,Military,-,-,-,-,-,-,-,-,-,-,-,-,-,-,-,-
19650819-0,Thursday,19-AUG-1965,-,A1, Unknown (UNK),near Poonch,India,-,-, Damaged beyond repair,-,de Havilland Canada DHC-3 Otter,-,-,-,-,-, 	BM-1002, 57,Indian AF,Military,-,-,-,-,-,-,-,-,-,-,-,-,-,-,-,-
19650820-0,Friday,20-AUG-1965,10:27,A1, Unknown (UNK),"Rio de Janeiro-Santos Dumont Airport, RJ (SDU)",Brazil,33,0, Damaged beyond repair,-,Convair CV-240-0,-,-,1949,-,-, PP-CFD, 142,Cruzeiro do Sul,Domestic Scheduled Passenger,152,Rio de Janeiro-Santos Dumont Airport,SDU,SBRJ,Brazil,Recife International Airport,REC,SBRF,Brazil,5,28,0,0,-,-,-
19650820-1,Friday,20-AUG-1965,-,A1, Landing (LDG),Atsugi NAS (NJA),Japan,23,0, Damaged beyond repair,-,Lockheed EC-121M Super Constellation,-,-,1954,-,5600.0, 135747, 4314,US Navy,Military,-,-,-,-,-,Atsugi NAS,NJA,RJTA,Japan,-,-,0,0,-,-,-
19650820-2,Friday,20-AUG-1965,13:08,A1, En route (ENR),Jeuk,Belgium,4,4, Damaged beyond repair,-,Vickers 804 Viscount,-,-,1957,-,-, SP-LVA, 249,LOT,Ferry/positioning,-,Lille-Lesquin Airport,LIL,LFQQ,France,Wroclaw-Strachowice Airport,WRO,EPWR,Poland,4,0,4,0,-,-,Final
19650824-0,Tuesday,24-AUG-1965,-,A1, Takeoff (TOF),Hong Kong-Kai Tak International Airport (HKG),Hong Kong,71,59, Damaged beyond repair,-,Lockheed KC-130F Hercules,-,-,1962,-,-, 149802, 3693,USMC,Military,-,Hong Kong-Kai Tak International Airport,HKG,VHHH,Hong Kong,Da Nang Airport,DAD,VVDN,Vietnam,6,65,-,-,-,-,-
19650825-0,Wednesday,25-AUG-1965,-,A1, En route (ENR),7 km (4.4 mls) from  ilale,Lithuania,1,1, Damaged beyond repair,-,Antonov An-2R,-,-,-,11905.0,3082.0, CCCP-05856, 1G16-17,Aeroflot / Lithuania,Illegal Flight,-,-,-,-,-,-,-,-,-,1,0,1,0,-,-,-
19650828-0,Saturday,28-AUG-1965,-,A1, Landing (LDG),"Carauari Airport, AM (CAF)",Brazil,-,0, Damaged beyond repair,-,Douglas DC-3A-367,2,Pratt & Whitney R-1830,1941,-,-, PP-AJE, 3288,T.A. Catarinense,Domestic Scheduled Passenger,-,Tefé Airport,TFF,SBTF,Brazil,Carauari Airport,CAF,SWCA,Brazil,-,-,0,0,-,-,-
19650828-1,Saturday,28-AUG-1965,-,A1, En route (ENR),near Cali,Colombia,14,14, Damaged beyond repair,-,Douglas C-47 (DC-3),-,-,-,-,-, registration unknown,-,USAF,Military,-,Balboa-Howard AFB,BLB,MPHO,Panama,Cali Airport,CLO,SKCL,Colombia,2,12,2,12,-,-,-
19650829-1,Sunday,29-AUG-1965,16:00,A2, Unknown (UNK),near Cali Airport (CLO),Colombia,33,0, Substantial,-,Douglas C-47 (DC-3),-,-,-,-,-, FAC-655,-,Colombian AF,Military,-,-,-,-,-,-,-,-,-,-,-,0,0,-,-,-
19650831-0,Tuesday,31-AUG-1965,-,H2, Unknown (UNK),at an unknown location,United States of America,-,0, Unknown,-,Douglas DC-3,-,-,-,-,-, registration unknown,-,Hawaiian Airlines,Unknown, 358,Honolulu International Airport,HNL,PHNL,United States of America,Kauai Island/Lihue Airport,LIH,PHLI,United States of America,-,-,0,0,-,-,-
19650904-0,Saturday,04-SEP-1965,-,O1, Standing (STD),"Hikuera, Papeete, Tahiti",French Polynesia,0,0, Damaged beyond repair,-,Consolidated PBY-5A Catalina,-,-,-,-,-, 34039, 1593,French Navy,-,-,-,-,-,-,-,-,-,-,0,0,0,0,-,-,-
19650905-0,Sunday,05-SEP-1965,-,A1, En route (ENR),20 km (12.5 mls) S of Loukhi,Russia,2,1, Damaged beyond repair,-,Antonov An-2V,-,-,1958,-,5657.0, CCCP-98320, 110347313,Aeroflot / Northern,Ferry/positioning,-,-,-,-,-,-,-,-,-,2,0,1,0,-,-,-
19650906-0,Monday,06-SEP-1965,-,C1, Standing (STD),Pathankot,India,-,0, Damaged beyond repair,-,Fairchild C-119G Flying Boxcar,2,Wright R-3350,-,-,-, registration unknown,-,Indian AF,Military,-,-,-,-,-,-,-,-,-,-,-,0,0,-,-,-
19650906-1,Monday,06-SEP-1965,-,A1, Taxi (TXI),Bien Hoa Air Base,Vietnam,-,-, Damaged beyond repair,-,Douglas HC-47A,-,-,1944,-,-, 42-92916, 12770,USAF,Military,-,-,-,-,-,-,-,-,-,-,-,-,-,-,-,-
19650907-0,Tuesday,07-SEP-1965,-,C1, Standing (STD),Srinagar Airport (SXR),India,0,0, Damaged beyond repair,-,Douglas DC-3,-,-,-,-,-, registration unknown,-,Indian Airlines,-,-,-,-,-,-,-,-,-,-,0,0,0,0,-,-,-
19650907-1,Tuesday,07-SEP-1965,-,C1, Standing (STD),Srinagar Airport (SXR),India,-,-, Damaged beyond repair,-,Douglas C-47 (DC-3),-,-,-,-,-, registration unknown,-,Indian AF,Military,-,-,-,-,-,-,-,-,-,-,-,-,-,-,-,-
19650907-3,Tuesday,07-SEP-1965,16:24,A1, Initial climb (ICL),"near Hayward Municipal Airport, CA (HWD)",United States of America,3,2, Destroyed, Written off (damaged beyond repair),Lockheed PV-2 Harpoon,-,-,-,-,-, N7671C, 15-1120,Micronesian Airlines,Ferry/positioning,-,Hayward Municipal Airport,HWD,KHWD,United States of America,-,-,-,-,1,2,1,1,-,-,Final
19650908-0,Wednesday,08-SEP-1965,-,C1, Standing (STD),Srinagar Airport (SXR),India,0,0, Damaged beyond repair,-,de Havilland Canada CC-108 Caribou (DHC-4),-,-,1963,-,-, 5324, 113,RCAF,Military,-,-,-,-,-,-,-,-,-,0,0,0,0,-,-,-
19650910-0,Friday,10-SEP-1965,12:08,A2, Unknown (UNK),"5 km (3.1 mls) E of Louisville-Bowman Field, KY (LOU)",United States of America,2,0, Substantial, Repaired,Douglas C-47A-25-DK (DC-3),2,Pratt & Whitney R-1830-92,1944,-,12401.0, N272R, 13678,Central American Airways,Cargo,-,Louisville-Bowman Field,LOU,KLOU,United States of America,-,-,-,-,2,0,0,0,1,-,Final
19650910-1,Friday,10-SEP-1965,-,C1, Standing (STD),Baghdogra,India,-,0, Damaged beyond repair,-,Fairchild C-119G Flying Boxcar,2,Wright R-3350,-,-,-, registration unknown,-,Indian AF,Military,-,-,-,-,-,-,-,-,-,-,-,0,0,-,-,-
19650911-1,Saturday,11-SEP-1965,16:25,A1, En route (ENR),Mt Kantakan,Philippines,10,10, Damaged beyond repair,-,Douglas DC-3A-197,2,Pratt & Whitney R-1830,1937,-,74853.0, PI-C942, 1926,Filipinas Orient Airways,Domestic Scheduled Passenger,  60,Cebu Airport,CEB,RPVM,Philippines,Bacolod Airport,BCD,RPVB,Philippines,3,7,3,7,-,-,Final
19650911-2,Saturday,11-SEP-1965,15:10,A1, Approach (APR),32 km (20 mls) NNW of Ulan-Ude Airport (UUD),Russia,8,8, Damaged beyond repair,-,Antonov An-12,-,-,1962,-,4030.0, CCCP-11337, 2400503,Aeroflot / Polar,Cargo,-,Krasnoyarsk Airport,KJA,UNKL,Russia,Irkutsk Airport,IKT,UIII,Russia,6,2,6,2,-,-,-
19650913-0,Monday,13-SEP-1965,09:00,A1, En route (ENR),"Dover AFB, DE (DOV)",United States of America,3,0, Damaged beyond repair,-,Curtiss C-46D-5-CU Commando,-,-,1944,-,17520.0, N5132B, 32700,Zantop,Cargo,-,Dover AFB,DOV,KDOV,United States of America,-,-,-,-,3,0,0,0,-,-,Final
19650913-1,Monday,13-SEP-1965,12:40,A1, Takeoff (TOF),"Kansas City Downtown Municipal Airport, MO (MKC)",United States of America,4,0, Damaged beyond repair,-,Convair CV-880-22-1,-,-,1961,-,12324.0, N820TW, 22-00-26,TWA,Training,-,Kansas City Downtown Municipal Airport,MKC,KMKC,United States of America,-,-,-,-,4,0,0,0,-,-,-
19650914-0,Tuesday,14-SEP-1965,-,A1, Landing (LDG),Gore Airport (GOR),Ethiopia,17,17, Damaged beyond repair,-,Douglas C-47A-1-DK (DC-3),2,Pratt & Whitney R-1830-92,1943,-,24409.0, ET-ABI, 12000,Ethiopian Airlines,Domestic Scheduled Passenger,-,-,-,-,-,Gore Airport,GOR,HAGR,Ethiopia,-,-,-,-,-,-,-
19650914-1,Tuesday,14-SEP-1965,-,C1, Standing (STD),Barrackpore Air Force Station,India,-,0, Damaged beyond repair,-,Fairchild C-119G Flying Boxcar,2,Wright R-3350,-,-,-, registration unknown,-,Indian AF,Military,-,-,-,-,-,-,-,-,-,-,-,0,0,-,-,-
19650914-2,Tuesday,14-SEP-1965,-,C1, Standing (STD),Pathankot,India,-,-, Damaged beyond repair,-,Douglas C-47 (DC-3),-,-,-,-,-, registration unknown,-,Indian AF,Military,-,-,-,-,-,-,-,-,-,-,-,-,-,-,-,-
19650914-3,Tuesday,14-SEP-1965,-,C1, Standing (STD),Jamnagar-Govardhanpur Airport (JGA),India,-,-, Damaged beyond repair,-,Douglas C-47 (DC-3),-,-,-,-,-, registration unknown,-,Indian AF,Military,-,-,-,-,-,-,-,-,-,-,-,-,-,-,-,-
19650914-4,Tuesday,14-SEP-1965,-,C1, Standing (STD),Jammu-Satwari Airport (IXJ),India,-,-, Damaged beyond repair,-,Douglas C-47 (DC-3),-,-,-,-,-, registration unknown,-,Indian AF,Military,-,-,-,-,-,-,-,-,-,-,-,-,-,-,-,-
19650914-5,Tuesday,14-SEP-1965,-,C1, Standing (STD),Barrackpore Air Force Station,India,-,-, Damaged beyond repair,-,Douglas C-47 (DC-3),-,-,-,-,-, registration unknown,-,Indian AF,Military,-,-,-,-,-,-,-,-,-,-,-,-,-,-,-,-
19650916-0,Thursday,16-SEP-1965,-,C1, Initial climb (ICL),11 km (6.9 mls) NE of Quang-Ngai,Vietnam,39,39, Damaged beyond repair,-,Douglas C-47A-90-DL (DC-3),2,Pratt & Whitney R-1830-92,1944,-,-, XV-NIC, 20301,Air Vietnam,Domestic Scheduled Passenger,-,-,-,-,-,Saigon-Tan Son Nhat International Airport,SGN,VVTS,Vietnam,3,36,3,36,-,-,-
19650916-1,Thursday,16-SEP-1965,11:02,A1, En route (ENR),6 km (3.8 mls) NE of Pastaza Airport (PTZ),Ecuador,11,9, Damaged beyond repair,-,Douglas C-47B-45-DK (DC-3),2,Pratt & Whitney R-1830-90C,1945,-,10982.0, HC-AFQ, 34272/17009,TAO,Domestic Scheduled Passenger,-,Coca Airport,OCC,SECO,Ecuador,Pastaza Airport,PTZ,SESM,Ecuador,3,8,3,6,-,-,Final
19650916-2,Thursday,16-SEP-1965,-,C1, En route (ENR),"near Long Bawan, East Kalimantan",Indonesia,-,0, Damaged beyond repair,-,Lockheed C-130B Hercules,4,Allison T56-A-7,1961,-,-, T-1306, 3598,Indonesian AF,Military,-,-,-,-,-,-,-,-,-,-,-,0,0,-,-,-
19650917-0,Friday,17-SEP-1965,07:24,A1, En route (ENR),Chances Peak,Montserrat,30,30, Destroyed, Written off (damaged beyond repair),Boeing 707-121B,4,Pratt & Whitney JT3D-3B,1957,-,19127.0, N708PA, 17586/1,Pan Am,International Scheduled Passenger,PA292,Fort de France-Lamentin Airport,FDF,TFFF,Martinique,Antigua-Coolidge International Airport,ANU,TAPA,Antigua and Barbuda,9,21,9,21,-,-,Final
19650918-0,Saturday,18-SEP-1965,-,A1, Approach (APR),off Qui Nhon Airport (UIH),Vietnam,11,4, Damaged beyond repair,-,Lockheed C-130A Hercules,-,-,1957,-,-, 55-0038, 3065,USAF,Military,-,Saigon-Tan Son Nhat International Airport,SGN,VVTS,Vietnam,Qui Nhon Airport,UIH,VVQN,Vietnam,-,-,2,2,-,-,-
19650920-0,Monday,20-SEP-1965,00:40,A1, Landing (LDG),"Ardmore, OK",United States of America,3,0, Damaged beyond repair,-,Lockheed L-1049E Super Constellation,-,-,1955,-,-, N9719C, 4574,American Flyers,Ferry/positioning,-,-,-,-,-,-,-,-,-,3,0,0,0,-,-,Final
19650925-0,Saturday,25-SEP-1965,-,U1, Unknown (UNK),at an unknown location,Unknown country,-,-, Damaged beyond repair,-,de Havilland Canada DHC-3 Otter,-,-,1960,-,-, PK-PHA, 306,Pelita Air Service,Unknown,-,-,-,-,-,-,-,-,-,-,-,-,-,-,-,-
19651003-0,Sunday,03-OCT-1965,-,A1, Approach (APR),Long Tieng,Laos,-,1, Damaged beyond repair,-,Fairchild C-123B-16-FA Provider,-,-,-,-,-, N5003X, 20234,Air America,Unknown,-,-,-,-,-,-,-,-,-,-,-,1,0,-,-,-
19651004-0,Monday,04-OCT-1965,11:05,A1, En route (ENR),5 km (3.1 mls) W of Cúcuta,Colombia,4,4, Damaged beyond repair,-,Curtiss C-46A-50-CU Commando,2,Pratt & Whitney R-2800-51,1944,-,-, HK-613, 30465,SEA Colombia,Cargo,-,Cúcuta-Camilo Daza Airport,CUC,SKCC,Colombia,Arauca-Santiago Pérez Airport,AUC,SKUC,Colombia,3,1,3,1,-,-,Final
19651004-2,Monday,04-OCT-1965,-,A1, Unknown (UNK),unknown,Unknown country,-,-, Damaged beyond repair,-,Douglas C-47A-25-DK (DC-3),-,-,1944,-,-, 42-108957, 13418,USAF,Military,-,-,-,-,-,-,-,-,-,-,-,-,-,-,-,-
19651006-0,Wednesday,06-OCT-1965,-,A1, Takeoff (TOF),5 km (3.1 mls) from  McMurdo Station-Williams Field (NZWD),Antarctica,-,0, Damaged beyond repair,-,Douglas LC-47H,-,-,1944,-,-, 17239, 25424/13979,US Navy,Military,-,-,-,-,-,-,-,-,-,-,-,0,0,-,-,-
19651008-0,Friday,08-OCT-1965,01:15,A1, En route (ENR),13 km (8.1 mls) NW of Patian,Pakistan,4,4, Damaged beyond repair,-,Fokker F-27 Friendship 200,-,-,1965,528.0,491.0, AP-ATT, 10279,PIA,Cargo,-,-,-,-,-,Skardu Airport,KDU,OPSD,Pakistan,4,0,4,0,-,-,Final
19651010-0,Sunday,10-OCT-1965,-,A2, Landing (LDG),Gan RAF Station (GAN),Maldives,120,0, Substantial, Repaired,Bristol 175 Britannia 312,-,-,1957,-,-, G-AOVB, 13230,British Eagle,Int'l Non Scheduled Passenger,-,Bahrain International Airport,BAH,OBBI,Bahrain,Gan RAF Station,GAN,VRMG,Maldives,8,112,0,0,-,-,Final
19651011-0,Monday,11-OCT-1965,-,O1, Standing (STD),"Dayton-Patterson AFB, OH (FFO)",United States of America,-,0, Damaged beyond repair,-,Douglas C-124C Globemaster II,4,Pratt & Whitney R-4360-20WA,-,-,-, 53-010, 44305,USAF,Military,-,-,-,-,-,-,-,-,-,-,-,0,0,-,-,-
19651011-1,Monday,11-OCT-1965,-,H2, Unknown (UNK),at an unknown location,United States of America,-,0, None,-,Fairchild F-27,-,-,-,-,-, registration unknown,-,Aloha Airlines,Domestic Scheduled Passenger, 755,Molokai/Kaunakakai Airport,MKK,PHMK,United States of America,Honolulu International Airport,HNL,PHNL,United States of America,-,12,0,0,-,-,-
19651014-0,Thursday,14-OCT-1965,17:43,A1, En route (ENR),"3 km (1.9 mls) S of Pique, OH",United States of America,3,0, Damaged beyond repair,-,Armstrong Whitworth AW-650 Argosy 101,4,Rolls-Royce Dart 526,1960,-,10768.0, N601Z, 6659,Zantop,Cargo,-,Madison-Truax Field,MSN,KMSN,United States of America,Dayton-Wright Patterson AFB,FFO,KFFO,United States of America,3,0,0,0,-,-,Final
19651016-0,Saturday,16-OCT-1965,16:47,A1, Landing (LDG),"Charlotte-Douglas Airport, NC (CLT)",United States of America,62,0, Damaged beyond repair,-,Douglas DC-7B,-,-,1957,-,20138.0, N824D, 45333/888,Eastern Air Lines,Scheduled Passenger,-,-,-,-,-,Charlotte-Douglas Airport,CLT,KCLT,United States of America,5,57,0,0,-,-,Final
19651017-1,Sunday,17-OCT-1965,-,A1, Approach (APR),N of Bucaramanga-Gomez Niño Airport,Colombia,15,15, Destroyed, Written off (damaged beyond repair),Douglas DC-3 Hiper,-,-,1942,-,-, HK-118, 6182,Avianca,Domestic Scheduled Passenger,AV508,Bogotá-Eldorado Airport,BOG,SKBO,Colombia,-,-,-,-,3,12,3,12,1,-,-
19651017-2,Sunday,17-OCT-1965,07:28,A1, Maneuvering (MNV),37 km (23.1 mls) N of Mohanbari,India,8,8, Damaged beyond repair,-,Douglas C-47A-75-DL (DC-3),2,Pratt & Whitney R-1830-92,1944,-,-, VT-AUQ, 19431,Kalinga Airlines,Cargo,-,Mohanbari Airport,MOH,VEMN,India,-,-,-,-,3,5,3,5,-,-,Final
19651017-3,Sunday,17-OCT-1965,16:05,A1, Takeoff (TOF),"Huntsville-Madison County Airport, AL (HSV)",United States of America,16,0, Damaged beyond repair,-,Douglas DC-6,-,-,1947,-,46423.0, N37519, 43008/46,United Airlines,Scheduled Passenger,UA624,Huntsville-Madison County Airport,HSV,KHSV,United States of America,-,-,-,-,5,11,0,0,-,-,Final
19651018-0,Monday,18-OCT-1965,-,C1, En route (ENR),near Hanoi,Vietnam,13,13, Missing, Presumed damaged beyond repair,Boeing S.307B-1 Stratoliner,-,-,1939,-,-, F-BELV, 1996,CITCA,Int'l Non Scheduled Passenger,-,Vientiane-Wattay Airport,VTE,VLVT,Laos,-,-,-,-,4,9,4,9,-,-,-
19651020-0,Wednesday,20-OCT-1965,10:33,A1, Initial climb (ICL),near Manila Airport (MNL),Philippines,37,1, Damaged beyond repair,-,Douglas C-47A-25-DK (DC-3),2,Pratt & Whitney R-1830-92,1944,-,28139.0, PI-C144, 13403,Philippine Air Lines,Domestic Scheduled Passenger, 741,Manila Airport,MNL,RPLL,Philippines,Tacloban-D. Z. Romualdez Airport,TAC,RPVA,Philippines,3,34,0,1,-,-,Final
19651021-0,Thursday,21-OCT-1965,19:35,A1, En route (ENR),"13 km (8.1 mls) ENE of Jackson, MI",United States of America,2,2, Destroyed, Written off (damaged beyond repair),Learjet 23,-,-,-,-,-, N804LJ, 23-015,Lear Jet,Executive,-,Detroit-Metropolitan Wayne County Airport,DTW,KDTW,United States of America,-,-,-,-,2,0,2,0,-,-,Final
19651022-0,Friday,22-OCT-1965,-,A1, En route (ENR),Veckerhagen,Germany,8,8, Damaged beyond repair,-,Fairchild C-119G Flying Boxcar,2,Wright R-3350,1952,-,3426.0, CP-19/OT-CAS, 11035,Belgian AF,Military,-,-,-,-,-,-,-,-,-,5,3,5,3,-,-,-
19651023-1,Saturday,23-OCT-1965,-,A1, Unknown (UNK),"40 km (25 mls) from  Vilhena, RO",Brazil,-,-, Damaged beyond repair,-,Curtiss C-46A-50-CU Commando,2,Pratt & Whitney R-2800-51,1944,-,-, PP-BTI, 30549,Paraense Transportes Aéreos,Unknown,-,-,-,-,-,-,-,-,-,-,-,-,-,-,-,-
19651023-2,Saturday,23-OCT-1965,-,A1, Unknown (UNK),La Paz,Bolivia,-,-, Damaged beyond repair,-,Curtiss C-46A-40-CU Commando,2,Pratt & Whitney R-2800-51,1944,-,-, CB-45, 26977,Frigorífico Cooperativo Los Andes,Unknown,-,-,-,-,-,-,-,-,-,-,-,-,-,-,-,-
19650102-0,Saturday,02-JAN-1965,09:57,A1, Initial climb (ICL),4 km (2.5 mls) from  Darvaza Airport,Turkmenistan,24,24, Destroyed, Written off (damaged beyond repair),Lisunov Li-2,-,-,1949,-,8758.0, CCCP-63842, 6401,Aeroflot / Turkmenistan,Domestic Scheduled Passenger,-,-,-,-,-,Ashgabat Airport,ASB,UTAA,Turkmenistan,2,22,2,22,-,-,-
19650104-0,Monday,04-JAN-1965,-,A1, Initial climb (ICL),"3 km (1.9 mls) from  Limestone-Loring AFB, ME (LIZ)",United States of America,4,4, Damaged beyond repair,-,Boeing KC-135A Stratotanker,4,Pratt & Whitney J57-P,1961,-,1353.0, 61-0265, 18172/487,USAF,Military,-,-,-,-,-,-,-,-,-,4,0,4,0,-,-,-
19650104-1,Monday,04-JAN-1965,00:03,A1, Approach (APR),Alma-Ata Airport (ALA),Kazakhstan,103,64, Destroyed, Written off (damaged beyond repair),Ilyushin Il-18B,-,-,1959,-,6802.0, CCCP-75685, 189001105,Aeroflot / Kazakstan,Domestic Scheduled Passenger,SU101,Semipalatinsk Airport,PLX,UASS,Kazakhstan,Alma-Ata Airport,ALA,UAAA,Kazakhstan,8,95,3,61,-,-,-
19650109-0,Saturday,09-JAN-1965,-,U1, Unknown (UNK),at an unknown location,Unknown country,-,-, Damaged beyond repair,-,de Havilland Canada DHC-3 Otter,-,-,1960,-,-, PK-PHB, 309,Pelita Air Service,Unknown,-,-,-,-,-,-,-,-,-,-,-,-,-,-,-,-
19650111-0,Monday,11-JAN-1965,-,A1, Standing (STD),"Topeka-Forbes AFB, KS (FOE)",United States of America,-,0, Damaged beyond repair,-,Lockheed C-130B Hercules,4,Allison T56-A-7,1959,-,-, 58-0719, 3514,USAF,Military,-,Topeka-Forbes AFB,FOE,KFOE,United States of America,-,-,-,-,-,-,0,0,-,-,-
19650111-1,Monday,11-JAN-1965,-,O1, Standing (STD),"Topeka-Forbes AFB, KS (FOE)",United States of America,-,0, Damaged beyond repair,-,Lockheed C-130B Hercules,4,Allison T56-A-7,1959,-,-, 58-0730, 3525,USAF,Military,-,-,-,-,-,-,-,-,-,-,-,0,0,-,-,-
19650111-2,Monday,11-JAN-1965,-,A1, Initial climb (ICL),"4,5 km (2.8 mls) off  Wake Island AFB (AWK)",U.S. Minor Outlying Islands,6,6, Damaged beyond repair,-,Douglas C-133A-5-DL Cargomaster,-,-,1957,-,-, 54-0140, 44710,USAF,Military,-,Wake Island Airport,AWK,PAWK,U.S. Minor Outlying Islands,Okinawa-Kadena AFB,DNA,RODN,Japan,6,0,6,0,-,-,-
19650111-3,Monday,11-JAN-1965,-,A1, Landing (LDG),Shackleton Glacier,Antarctica,6,0, Damaged beyond repair,-,Douglas LC-47J,-,-,1944,-,-, 50778, 26383/14938,US Navy,Military,-,-,-,-,-,-,-,-,-,-,-,0,0,-,-,-
19650114-0,Thursday,14-JAN-1965,12:08,A1, Approach (APR),"Detroit-Willow Run Airport, MI (YIP)",United States of America,2,2, Damaged beyond repair,-,Lockheed 18 Learstar I,-,-,1943,-,7877.0, N512V, 18-2580,Burroughs Corp.,Training,-,Detroit-Metropolitan Wayne County Airport,DTW,KDTW,United States of America,Detroit-Metropolitan Wayne County Airport,DTW,KDTW,United States of America,2,0,2,0,-,-,Final
19650114-1,Thursday,14-JAN-1965,19:06,U1, Takeoff (TOF),Istanbul-Yesilköy Airport (IST),Turkey,-,1, Damaged beyond repair,-,Douglas C-47B-5-DK (DC-3),-,-,1944,-,-, CBK-04, 26145/14700,Turkish AF,Military,-,Istanbul-Yesilköy Airport,IST,LTBA,Turkey,-,-,-,-,-,-,1,0,-,-,-
19650115-0,Friday,15-JAN-1965,-,A1, Unknown (UNK),"Santa Isabel do Morro Airport, TO (IDO)",Brazil,-,-, Damaged beyond repair,-,Douglas C-47B-1-DL (DC-3),2,Pratt & Whitney R-1830-90C,1944,-,-, PP-SPU, 20729,VASP,Unknown,-,-,-,-,-,-,-,-,-,-,-,-,-,-,-,-
19650116-0,Saturday,16-JAN-1965,10:30,A1, Initial climb (ICL),"11 km (6.9 mls) NNW Wichita-McConnell AFB, KS (IAB)",United States of America,7,7, Damaged beyond repair,-,Boeing KC-135A Stratotanker,4,Pratt & Whitney J57-P,1958,-,-, 57-1442, 17513/122,USAF,Military,-,Wichita-McConnell AFB,IAB,KIAB,United States of America,Wichita-McConnell AFB,IAB,KIAB,United States of America,7,0,7,0,-,22,-
19650116-1,Saturday,16-JAN-1965,17:05,A1, En route (ENR),"near Beaver, Yukon Flats, AK",United States of America,3,0, Damaged beyond repair,-,Fairchild C-82A Packet,-,-,-,-,-, N208M, 10163,Interior Airways,Ferry/positioning,-,-,-,-,-,Fairbanks International Airport,FAI,PAFA,United States of America,3,0,0,0,-,-,Final
19650121-0,Thursday,21-JAN-1965,-,A1, Unknown (UNK),unknown,Unknown country,-,-, Damaged beyond repair,-,Douglas C-47A-15-DK (DC-3),-,-,1944,-,-, 42-108889, 12738,USAF,Military,-,-,-,-,-,-,-,-,-,-,-,-,-,-,-,-
19650121-2,Thursday,21-JAN-1965,-,A1, Landing (LDG),San Jose Airport (SJI),Philippines,-,0, Damaged beyond repair,-,Douglas C-53 (DC-3),-,-,1941,-,-, PI-C945, 4822,Filipinas Orient Airways,Unknown,-,-,-,-,-,San Jose-McGuire Field,SJI,RPUH,Philippines,-,-,0,0,-,-,-
19650122-0,Friday,22-JAN-1965,-,A1, Unknown (UNK),"Porto Velho, RO",Brazil,-,-, Damaged beyond repair,-,Douglas C-53-DO (DC-3),-,-,1942,-,-, PP-PEE, 7396,Panair do Brasil,Unknown,-,-,-,-,-,-,-,-,-,-,-,-,-,-,-,-
19650122-1,Friday,22-JAN-1965,-,A1, En route (ENR),Mount Helmos,Greece,10,10, Damaged beyond repair,-,Douglas C-124C Globemaster II,4,Pratt & Whitney R-4360-20WA,-,-,-, 52-1058, 43967,USAF,Military,-,-,-,-,-,Athens-Ellinikon International Airport,ATH,LGAT,Greece,10,0,10,0,-,-,-
19650123-0,Saturday,23-JAN-1965,-,A1, Initial climb (ICL),off Katwijk,Netherlands,2,2, Destroyed, Written off (damaged beyond repair),Lockheed SP-2H Neptune,-,-,-,-,610.0, 212, 726-7267,Dutch Navy,Illegal Flight,-,Valkenburg NAS,LID,EHVB,Netherlands,-,-,-,-,2,0,2,0,-,-,-
19650202-0,Tuesday,02-FEB-1965,-,A1, Unknown (UNK),at an unknown location,Unknown country,-,-, Damaged beyond repair,-,Antonov An-2R,-,-,1964,-,-, CCCP-45218, 1G44-07,Aeroflot / Belarus,Unknown,-,-,-,-,-,-,-,-,-,-,-,-,-,-,-,Preliminary
19650202-1,Tuesday,02-FEB-1965,-,A1, Unknown (UNK),at an unknown location,Unknown country,-,-, Damaged beyond repair,-,Douglas C-47D (DC-3),-,-,1945,-,-, 45-938, 34200/16941,USAF,Military,-,-,-,-,-,-,-,-,-,-,-,-,-,-,-,-
19650203-0,Wednesday,03-FEB-1965,-,A1, Unknown (UNK),Garoua,Cameroon,4,4, Damaged beyond repair,-,Curtiss C-46A-35-CU Commando,2,Pratt & Whitney R-2800-51,1944,-,-, F-OAFI, 26810,Air Cameroun,Unknown,-,-,-,-,-,-,-,-,-,3,1,3,1,-,-,-
19650205-0,Friday,05-FEB-1965,13:17,A1, En route (ENR),"2,1 km (1.3 mls) from  Goretskoye Airstrip",Russia,8,8, Damaged beyond repair,-,Antonov An-2,-,-,1957,7617.0,3233.0, CCCP-07914, 17447319,Krasnokutske Flight School,Training,-,-,-,-,-,-,-,-,-,8,0,8,0,-,-,-
19650205-2,Friday,05-FEB-1965,-,A1, Unknown (UNK),Far East,Unknown country,-,-, Damaged beyond repair,-,Douglas TC-47D (DC-3),-,-,1945,-,-, 43-49903, 27164/15719,USAF,Military,-,-,-,-,-,-,-,-,-,-,-,-,-,-,-,-
19650206-0,Saturday,06-FEB-1965,08:36,A1, En route (ENR),near San José Volcano,Chile,87,87, Destroyed, Written off (damaged beyond repair),Douglas DC-6B,4,Pratt & Whitney R-2800,1958,-,17085.0, CC-CCG, 45513/1004,LAN Chile,International Scheduled Passenger, 107,Santiago-Los Cerrillos Airport,ULC,SCTI,Chile,Buenos Aires/Ezeiza-Ministro Pistarini Airport,EZE,SAEZ,Argentina,7,80,7,80,-,-,-
19650208-0,Monday,08-FEB-1965,18:26,A1, En route (ENR),"10,7 km (6.7 mls) SSW off  Jones Beach, NY",United States of America,84,84, Destroyed, Written off (damaged beyond repair),Douglas DC-7B,-,-,1958,-,18500.0, N849D, 45455/981,Eastern Air Lines,Domestic Scheduled Passenger,EA663,New York-John F. Kennedy International Airport,JFK,KJFK,United States of America,Richmond International Airport (Byrd Field),RIC,KRIC,United States of America,5,79,5,79,-,-,Final
19650208-1,Monday,08-FEB-1965,-,A1, Takeoff (TOF),Tenerife-Los Rodeos International Airport (TCI),Spain,91,0, Damaged beyond repair,-,Douglas DC-7C,-,-,1957,-,-, SE-CCC, 45325/826,SAS,Int'l Non Scheduled Passenger,-,Tenerife-Los Rodeos International Airport,TCI,GCXO,Spain,København-Kastrup Airport,CPH,EKCH,Denmark,7,84,0,0,-,-,-
19650208-2,Monday,08-FEB-1965,-,A1, Takeoff (TOF),Calvi Airport (CLY),France,10,0, Damaged beyond repair,-,Vickers 635 Viking 1B,-,-,1947,-,-, F-BJEQ, 298,Airnautic,Non Scheduled Passenger,-,Calvi-Sainte Catherine Airport,CLY,LFKC,France,-,-,-,-,-,-,0,0,-,-,-
19650212-0,Friday,12-FEB-1965,13:40,A2, Landing (LDG),"Lake Hefner, OK",United States of America,4,0, Substantial, Repaired,Grumman G-73 Mallard,-,-,1946,-,-, N2940, J-4,Jack Adams Aircraft Sales,Training,-,-,-,-,-,-,-,-,-,3,1,0,0,-,-,Final
19650213-0,Saturday,13-FEB-1965,04:20,A1, Initial climb (ICL),"Miami, FL",United States of America,2,2, Damaged beyond repair,-,Curtiss C-46A-55-CK Commando,2,Pratt & Whitney R-2800-51,1944,-,-, YS-012C,   127,AESA,Cargo,-,Miami International Airport,MIA,KMIA,United States of America,San Salvador/Ilopango International Airport,SAL,MSSS,El Salvador,2,0,2,0,-,-,Final
19650214-0,Sunday,14-FEB-1965,-,A1, En route (ENR),Mount Nakanoone,Japan,2,2, Destroyed, Written off (damaged beyond repair),Douglas DC-3 (R4D-1),-,-,1942,-,-, JA5080, 4436,All Nippon,Cargo,-,Osaka-Itami Airport,ITM,RJOO,Japan,Tokyo-Haneda Airport,HND,RJTT,Japan,2,0,2,0,-,-,-
19650215-1,Monday,15-FEB-1965,-,A1, Landing (LDG),Isfahan Airport (IFN),Iran,-,0, Damaged beyond repair,-,Vickers 782D Viscount,4,Rolls-Royce Dart 510,1958,-,-, EP-AHC, 299,Iran Air,Unknown,-,-,-,-,-,Isfahan-Shahid Beheshti Airport,IFN,OIFM,Iran,-,-,0,0,-,-,-
19650217-0,Wednesday,17-FEB-1965,-,A2, Landing (LDG),Leeds/Bradford Airport (LBA),United Kingdom,31,0, Substantial, Repaired,Douglas Dakota IV (DC-3),-,-,1944,-,-, G-ANTD, 26414,BMA,Domestic Scheduled Passenger,-,-,-,-,-,Leeds/Bradford Airport,LBA,EGNM,United Kingdom,3,28,0,0,-,-,-
19650220-1,Saturday,20-FEB-1965,-,A1, Unknown (UNK),near Belgrade,Serbia,5,5, Damaged beyond repair,-,Douglas C-47A-25-DK (DC-3),2,Pratt & Whitney R-1830-92,1944,-,-, YU-ACB, 13367,JAT,Training,-,-,-,-,-,-,-,-,-,5,0,5,0,-,-,-
19650225-0,Thursday,25-FEB-1965,-,A1, Takeoff (TOF),Moskva-Zhukovsky Airport,Russia,17,10, Damaged beyond repair,-,Ilyushin Il-62,4,Lyul'ka R-7PB,1963,-,-, CCCP-06156, 30001,Ilyushin,Test,-,-,-,-,-,Tashkent Airport,TAS,UTTT,Uzbekistan,17,0,10,0,-,-,-
19650226-0,Friday,26-FEB-1965,-,A1, En route (ENR),"322 km (201.3 mls) S off  Cape Race, NL, Canada",Atlantic Ocean,4,4, Destroyed, Written off (damaged beyond repair),Boeing KC-135A Stratotanker,4,Pratt & Whitney J57-P,1964,-,-, 63-8882, 18730/713,USAF,Military,-,-,-,-,-,-,-,-,-,4,0,4,0,4,-,-
19650227-0,Saturday,27-FEB-1965,-,A1, Landing (LDG),Iki Airport (IKI),Japan,6,0, Damaged beyond repair,-,Convair CV-880-22M-22,-,-,1961,-,-, JA8023, 22-7-7-59,JAL,Training,-,-,-,-,-,-,-,-,-,6,0,0,0,-,-,-
19650303-0,Wednesday,03-MAR-1965,-,A1, Landing (LDG),"Rio de Janeiro-Galeão International Airport, RJ (GIG)",Brazil,4,0, Damaged beyond repair,-,Vickers 701C Viscount,-,-,1955,-,-, PP-SRQ,  65,VASP,Training,-,-,-,-,-,Rio de Janeiro-Galeão International Airport,GIG,SBGL,Brazil,4,0,0,0,-,-,-
19650303-1,Wednesday,03-MAR-1965,-,A2, Landing (LDG),Zürich-Kloten Airport (ZRH),Switzerland,2,0, Substantial, Repaired,Douglas Dakota 4 (DC-3),-,-,1942,-,-, G-AMHJ, 13468,Morton Air Services,Cargo,-,-,-,-,-,Zürich-Kloten Airport,ZRH,LSZH,Switzerland,2,0,0,0,-,-,-
19650304-0,Thursday,04-MAR-1965,19:53,A1, Unknown (UNK),"2,2 km (1.4 mls) E of Louth",United Kingdom,-,0, Damaged beyond repair,-,Vickers Varsity T.1,2,Bristol Hercules 264,-,-,-, WL680,-,RAF,Military,-,-,-,-,-,-,-,-,-,-,-,0,0,-,-,-
19650305-0,Friday,05-MAR-1965,13:58,A1, Approach (APR),"Philipsburg-Mid-State Airport, PA (PSB)",United States of America,3,2, Damaged beyond repair,-,Lockheed 18-50 Lodestar,-,-,1943,-,4756.0, N600N, 18-2567,Pine Paper Products Co.,Executive,-,Belmar-Monmouth County Airport,BLM,KBLM,United States of America,-,-,-,-,1,2,1,1,-,-,-
19650305-1,Friday,05-MAR-1965,10:26,A1, En route (ENR),"Miami International Airport, FL (MIA)",United States of America,2,2, Damaged beyond repair,-,Lockheed 18 Learstar I,-,-,1941,-,3777.0, N300N, 18-2137,Fruehauf,Ferry/positioning,-,Miami International Airport,MIA,KMIA,United States of America,Pontiac Airport,PTK,KPTK,United States of America,2,0,2,0,-,-,-
19650305-2,Friday,05-MAR-1965,-,A1, Unknown (UNK),"Luang Sun Mountain, Taipei",Taiwan,11,11, Damaged beyond repair,-,Grumman HU-16B Albatross,-,-,-,-,-, 1264, G-263/21B,Thai Navy,Military,-,-,-,-,-,-,-,-,-,-,-,-,-,-,-,-
19650306-0,Saturday,06-MAR-1965,-,A1, Landing (LDG),Porgera Airport (RGE),Papua New Guinea,-,0, Damaged beyond repair,-,de Havilland Canada DHC-4A Caribou,-,-,1964,-,-, A4-202, 202,RAAF,Military,-,-,-,-,-,-,-,-,-,-,-,0,0,-,-,-
19650307-0,Sunday,07-MAR-1965,-,A2, Standing (STD),London-Heathrow Airport (LHR),United Kingdom,2,0, Substantial, Repaired,Vickers 802 Visoount,4,Rolls-Royce Dart 510,1957,-,-, G-AOHT, 168,BEA,Cargo,-,London-Heathrow Airport,LHR,EGLL,United Kingdom,Jersey-States Airport,JER,EGJJ,United Kingdom,2,0,0,0,-,-,-
19650308-0,Monday,08-MAR-1965,10:30,A1, En route (ENR),Mt Tangcong Vaca,Philippines,12,10, Damaged beyond repair,-,Douglas DC-3A,2,Pratt & Whitney R-1830,1942,-,31929.0, PI-C948, 4892,Filipinas Orient Airways,Domestic Non Scheduled Passenger,  43,Manila International Airport,MNL,RPLL,Philippines,Naga Airport,WNP,RPUN,Philippines,3,9,3,7,-,-,-
19650308-1,Monday,08-MAR-1965,11:35,A1, Initial climb (ICL),near Kuybyshev Airport (KUF),Russia,39,30, Damaged beyond repair,-,Tupolev Tu-124V,2,Soloviev D-20P,1962,1151.0,1612.0, CCCP-45028, 2350803,Aeroflot / Privolzhsk,Domestic Scheduled Passenger, 513,Kuybyshev Airport,KUF,UWWW,Russia,Rostov Airport,ROV,URRR,Russia,9,30,9,21,-,-,-
19650308-2,Monday,08-MAR-1965,-,A2, Landing (LDG),Frunze Airport (FRU),Kyrgyzstan,-,0, Substantial, Repaired,Ilyushin Il-18B,-,-,1958,-,-, CCCP-75690, 189001205,Aeroflot / Kyrgyzstan,Domestic Scheduled Passenger,-,Tashkent Airport,TAS,UTTT,Uzbekistan,Frunze Airport,FRU,UAFM,Kyrgyzstan,-,-,0,0,-,-,-
19650311-0,Thursday,11-MAR-1965,07:10,A1, Takeoff (TOF),Bucaramanga-Gomez Niño Airport,Colombia,34,0, Damaged beyond repair,-,Douglas C-47-DL (DC-3),2,Pratt & Whitney R-1830-92,1942,-,-, HK-153, 4711,Avianca,Domestic Scheduled Passenger,AV677,-,-,-,-,Bogotá-Eldorado Airport,BOG,SKBO,Colombia,3,31,0,0,-,-,-
19650313-0,Saturday,13-MAR-1965,-,A1, Unknown (UNK),unknown,Unknown country,-,-, Damaged beyond repair,-,Douglas C-47A-90-DL (DC-3),-,-,1944,-,-, 43-16072, 20538,USAF,Military,-,-,-,-,-,-,-,-,-,-,-,-,-,-,-,-
19650316-0,Tuesday,16-MAR-1965,17:30,A1, Takeoff (TOF),"Lourdes-de-Blanc-Sablon Airport, QC (YBX)",Canada,9,0, Damaged beyond repair,-,Douglas C-47A-1-DK (DC-3),2,Pratt & Whitney R-1830-92,1943,-,-, CF-PQG, 12055,Canadian DoT,Domestic Non Scheduled Passenger,-,Lourdes-de-Blanc-Sablon Airport,YBX,CYBX,Canada,-,-,-,-,3,6,0,0,-,-,Final
19650317-1,Wednesday,17-MAR-1965,-,A1, Approach (APR),"Launceston Airport, TAS (LST)",Australia,23,0, Damaged beyond repair,-,Fokker F-27 Friendship 200,-,-,1961,8011.0,7500.0, VH-FNH, 10180,Ansett-ANA,Domestic Scheduled Passenger,-,Flinders Island Airport,FLS,YFLI,Australia,Launceston Airport,LST,YMLT,Australia,4,19,0,0,-,-,-
19650317-2,Wednesday,17-MAR-1965,09:22,A1, En route (ENR),"Upper Musquodoboit, NS",Canada,8,8, Damaged beyond repair,-,Handley Page HPR-7 Herald 202,2,Rolls-Royce Dart 527,1962,-,4135.0, CF-NAF, 160,Eastern Provincial Airways,Domestic Scheduled Passenger, 102,Halifax International Airport,YHZ,CYHZ,Canada,Sydney Airport,YQY,CYQY,Canada,3,5,3,5,-,-,Final
19650318-0,Thursday,18-MAR-1965,18:00,A1, En route (ENR),Cerro Saguancancha,Peru,9,9, Damaged beyond repair,-,Curtiss C-46F Commando,-,-,1945,-,-, OB-R-577, 33724,SATCO,Cargo,-,Lima-Callao International Airport,LIM,SPIM,Peru,Tarapoto Airport,TPP,SPST,Peru,6,3,6,3,-,-,-
19650318-1,Thursday,18-MAR-1965,18:10,A1, En route (ENR),"10,5 km (6.6 mls) NE off  Waterville, NL",Canada,2,2, Damaged beyond repair,-,Douglas C-47A-1-DK (DC-3C),-,-,1943,-,-, N4997E, 12191,Miami Aviation,Ferry/positioning,-,Gander Airport,YQX,CYQX,Canada,Santa Maria-Vila do Porto Airport,SMA,LPAZ,Portugal,2,0,2,0,-,-,-
19650319-1,Friday,19-MAR-1965,-,A1, Taxi (TXI),Cairo International Airport (CAI),Egypt,-,0, Damaged beyond repair,-,Vickers 773 Viscount,-,-,1957,-,-, YI-ACU, 331,Iraqi Airways,Scheduled Passenger,-,-,-,-,-,Cairo International Airport,CAI,HECA,Egypt,-,-,0,0,-,-,-
19650320-0,Saturday,20-MAR-1965,13:13,A1, Approach (APR),Khanty-Mansiysk Airfield,Russia,47,43, Destroyed, Written off (damaged beyond repair),Antonov An-24,-,-,1964,573.0,580.0, CCCP-46764, 47301301,Aeroflot / Uralsk,Domestic Scheduled Passenger,-,Tyumen Airport,TJM,USTR,Russia,-,-,-,-,5,42,1,42,-,-,-
19650321-0,Sunday,21-MAR-1965,-,A2, Landing (LDG),Leeds/Bradford Airport (LBA),United Kingdom,44,0, Substantial, Repaired,Hawker Siddeley HS-748-214 Srs. 2,-,-,1965,-,-, G-ATAM, 1576,BKS Air Transport,Domestic Scheduled Passenger,-,London-Heathrow Airport,LHR,EGLL,United Kingdom,Leeds/Bradford Airport,LBA,EGNM,United Kingdom,4,40,0,0,-,-,-
19650322-1,Monday,22-MAR-1965,14:55,A1, En route (ENR),Pan de Azucar Peak,Colombia,29,29, Damaged beyond repair,-,Douglas C-47-DL (DC-3),2,Pratt & Whitney R-1830-92,1942,-,32455.0, HK-109, 4753,Avianca,Domestic Scheduled Passenger,AV676,Bogotá-Eldorado Airport,BOG,SKBO,Colombia,-,-,-,-,3,26,3,26,-,-,-
19650323-0,Tuesday,23-MAR-1965,-,A1, En route (ENR),96 km (60 mls) N off  Puerto Rico,Atlantic Ocean,16,16, Damaged beyond repair,-,Canadair CP-107 Argus Mk.2,4,Wright R-3350,1958,-,-, 20727, 18,RCAF,Military,-,Roosevelt Roads-Roosevelt NAS,NRR,TJNR,Puerto Rico,Roosevelt Roads-Roosevelt NAS,NRR,TJNR,Puerto Rico,15,1,15,1,-,-,-
19650324-0,Wednesday,24-MAR-1965,-,A1, Unknown (UNK),"Rio Branco Airport, AC (RBR)",Brazil,-,0, Damaged beyond repair,-,Curtiss C-46D-10-CU Commando,-,-,1944,-,-, PP-BTP, 33015,Paraense Transportes Aéreos,Unknown,-,-,-,-,-,Rio Branco Airport,RBR,SBRB,Brazil,-,-,0,0,-,-,-
19650324-1,Wednesday,24-MAR-1965,14:15,A1, En route (ENR),"near Cordova, MD",United States of America,6,6, Damaged beyond repair,-,Douglas C-124C Globemaster II,4,Pratt & Whitney R-4360-20WA,-,-,-, 52-1075, 43984,USAF,Military,-,Dover AFB,DOV,KDOV,United States of America,Dover AFB,DOV,KDOV,United States of America,6,0,6,0,-,-,-
19650325-0,Thursday,25-MAR-1965,-,A1, Unknown (UNK),"1,5 km (0.9 mls) E of Angeles City-Clark Air Base (CRK)",Philippines,2,2, Damaged beyond repair,-,North American T-39A Sabreliner,2,Pratt & Whitney JT12A-6A Turbo Wasp,-,-,-, 62-4458, 276-11,USAF,Military,-,Angeles City-Clark Air Base,CRK,RPMK,Philippines,Angeles City-Clark Air Base,CRK,RPMK,Philippines,-,-,-,-,5,-,-
19650325-1,Thursday,25-MAR-1965,-,A1, En route (ENR),Alençon,France,7,7, Damaged beyond repair,-,Lockheed C-130E Hercules,-,-,1963,-,-, 63-7797, 3863,USAF,Military,-,Evreux Airport,EVX,LFOE,France,Evreux Airport,EVX,LFOE,France,7,0,7,0,-,-,-
19650325-2,Thursday,25-MAR-1965,-,A1, Unknown (UNK),"1,5 km (0.9 mls) E of Angeles City-Clark Air Base (CRK)",Philippines,5,5, Damaged beyond repair,-,Douglas C-47 (DC-3),-,-,-,-,-, registration unknown,-,USAF,Military,-,-,-,-,-,-,-,-,-,-,-,-,-,2,-,-
19650325-3,Thursday,25-MAR-1965,-,A2, Landing (LDG),Leeds/Bradford Airport (LBA),United Kingdom,45,0, Substantial, Repaired,Hawker Siddeley HS-748-108 Srs. 1,2,Rolls-Royce Dart 533-2,1964,-,-, G-ASPL, 1560,BKS Air Transport,Domestic Scheduled Passenger,-,-,-,-,-,Leeds/Bradford Airport,LBA,EGNM,United Kingdom,4,41,0,0,-,-,Final
19650325-4,Thursday,25-MAR-1965,-,A2, Approach (APR),"2,4 km (1.5 mls) Leeds/Bradford Airport (LBA)",United Kingdom,3,0, Substantial, Repaired,Douglas Dakota 4 (DC-3),-,-,1945,-,-, G-AMSH, 33331/16583,BKS Air Transport,Ferry/positioning,-,Edinburgh-Turnhouse Airport,EDI,EGPH,United Kingdom,Leeds/Bradford Airport,LBA,EGNM,United Kingdom,3,0,0,0,-,-,Final
19650326-0,Friday,26-MAR-1965,08:15,A1, Landing (LDG),Hadibo,Yemen,17,0, Damaged beyond repair,-,Douglas C-47B-1-DK (DC-3),2,Pratt & Whitney R-1830-90C,1944,-,-, VR-AAA, 25586/14141,Aden Airways,Domestic Non Scheduled Passenger,-,Riyan Airport,RIY,ODAR,Yemen,-,-,-,-,3,14,0,0,-,-,Final
19650326-1,Friday,26-MAR-1965,-,A1, En route (ENR),near Lowery Pass,Pakistan,26,22, Damaged beyond repair,-,Douglas C-47A-1-DK (DC-3),2,Pratt & Whitney R-1830-92,1943,-,-, AP-AAH, 12089,PIA,Domestic Scheduled Passenger,-,Peshawar Airport,PEW,OPPS,Pakistan,Chitral Airport,CJL,OPCH,Pakistan,4,22,4,18,-,-,-
19650327-0,Saturday,27-MAR-1965,-,A1, Landing (LDG),Whenuapai Airport,New Zealand,6,0, Destroyed, Written off (damaged beyond repair),Lockheed L-188C Electra,-,-,1959,-,-, ZK-TEC, 2011,TEAL,Training,-,-,-,-,-,-,-,-,-,4,2,0,0,-,-,-
19650328-0,Sunday,28-MAR-1965,-,A1, Standing (STD),Da Nang Air Base (DAD),Vietnam,4,0, Damaged beyond repair,-,Fairchild C-123B-22-FA Provider,-,-,-,-,-, 57-6292, 20302,USAF,Military,-,-,-,-,-,-,-,-,-,4,0,0,0,-,-,-
19650331-0,Wednesday,31-MAR-1965,08:04,A1, Approach (APR),18 km (11.3 mls) W off  Tangier Airport (TNG),Morocco,53,50, Damaged beyond repair,-,Convair CV-440-62,-,-,1957,-,9015.0, EC-ATH, 388,Iberia,Int'l Non Scheduled Passenger,-,Málaga Airport,AGP,LEMG,Spain,Tangier Airport,TNG,GMTT,Morocco,5,48,5,45,-,-,-
19650401-0,Thursday,01-APR-1965,22:17,A2, Initial climb (ICL),"Warrnambool Airport, VIC (WMB)",Australia,23,0, Damaged beyond repair,-,Douglas C-47-DL (DC-3),2,Pratt & Whitney R-1830-92,1943,-,-, VH-ANJ, 9105,Victorian Air Coach Services,Domestic Scheduled Passenger,   1,Warrnambool Airport,WMB,YWBL,Australia,Melbourne-Essendon Airport,MEB,YMEN,Australia,3,20,0,0,-,-,-
19650403-0,Saturday,03-APR-1965,-,U1, Unknown (UNK),Saint Pierre Airport (FSP),St. Pierre and Miquelon,-,-, Damaged beyond repair,-,Douglas C-47A-1-DK (DC-3),2,Pratt & Whitney R-1830-92,1943,-,-, CF-FAJ, 12099,Eastern Provincial Airways,Unknown,-,-,-,-,-,-,-,-,-,-,-,-,-,-,-,-
19650405-0,Monday,05-APR-1965,-,A1, Unknown (UNK),near Tezpur,India,-,4, Damaged beyond repair,-,de Havilland Canada DHC-3 Otter,-,-,1950,-,-, IM-1727, 242,Indian AF,Military,-,-,-,-,-,-,-,-,-,-,-,-,-,-,-,-
19650406-0,Tuesday,06-APR-1965,19:34,A1, En route (ENR),off Andros Island,Bahamas,7,0, Damaged beyond repair,-,Douglas C-47-DL (DC-3),2,Pratt & Whitney R-1830-92,1942,-,-, N150A, 6178,private,Int'l Non Scheduled Passenger,-,-,-,-,-,-,-,-,-,3,4,0,0,-,-,-
19650410-0,Saturday,10-APR-1965,-,A1, En route (ENR),22km ENE of Damascus,Syria,54,54, Damaged beyond repair,-,Handley Page HPR-7 Herald 207,2,Rolls-Royce Dart (series unknown),1963,-,-, JY-ACQ, 170,Alia,Int'l Non Scheduled Passenger,-,Beirut International Airport,BEY,OLBA,Lebanon,Amman-Marka International Airport,ADJ,OJAM,Jordan,4,50,4,50,-,-,-
19650410-1,Saturday,10-APR-1965,13:53,A1, En route (ENR),"near Klamath Falls, OR",United States of America,2,2, Damaged beyond repair,-,Consolidated PBY-6A Catalina,-,-,-,-,1807.0, N6455C,-,Liston Aircraft,Fire fighting,-,-,-,-,-,-,-,-,-,2,0,2,0,-,-,Final
19650414-0,Wednesday,14-APR-1965,18:06,A1, Approach (APR),"1 km (0.6 mls) E of Jersey-States Airport, Channel Islands (JER)",United Kingdom,27,26, Damaged beyond repair,-,Douglas C-47B-20-DK (DC-3),2,Pratt & Whitney R-1830-90C,1945,-,18544.0, G-ANTB, 27207/15762,BUA,International Scheduled Passenger,1030X,Paris-Orly Airport,ORY,LFPO,France,Jersey-States Airport,JER,EGJJ,United Kingdom,4,23,3,23,-,-,Final
19650414-1,Wednesday,14-APR-1965,-,A1, Unknown (UNK),Nagaland,India,9,9, Damaged beyond repair,-,Douglas C-47 (DC-3),-,-,-,-,-, HJ218,-,Indian AF,Military,-,-,-,-,-,-,-,-,-,-,-,-,-,-,-,-
19650415-0,Thursday,15-APR-1965,-,A2, Taxi (TXI),Manston Airport (MSE),United Kingdom,3,0, Substantial, Repaired,Vickers 639 Viking 1,-,-,1946,-,-, G-AHOY, 128,Invicta Int. Airways,Ferry/positioning,-,Rotterdam Airport,RTM,EHRD,Netherlands,Manston Airport,MSE,EGMH,United Kingdom,3,0,0,0,-,-,-
19650416-1,Friday,16-APR-1965,04:45,A1, Takeoff (TOF),"Las Vegas-McCarran International Airport, NV (LAS)",United States of America,2,0, Damaged beyond repair,-,Fairchild F-27F,-,-,1959,-,8791.0, N757L,  54,Bonanza Air Lines,Training,-,Las Vegas-McCarran International Airport,LAS,KLAS,United States of America,Las Vegas-McCarran International Airport,LAS,KLAS,United States of America,2,0,0,0,-,-,-
19650423-2,Friday,23-APR-1965,14:23,A1, En route (ENR),"Mt Rainier, WA",United States of America,5,5, Damaged beyond repair,-,Douglas DC-6A,-,-,1958,-,18315.0, N6541C, 45369/984,Aaxico Airlines,Cargo,1422A,Seattle-Boeing Field International Airport,BFI,KBFI,United States of America,-,-,-,-,5,0,5,0,-,-,-
19650424-0,Saturday,24-APR-1965,-,A1, Initial climb (ICL),near Korat AFB,Thailand,6,6, Damaged beyond repair,-,Lockheed C-130A Hercules,-,-,1958,-,-, 57-0475, 3182,USAF,Military,-,-,-,-,-,-,-,-,-,6,0,6,0,-,-,-
19650428-0,Wednesday,28-APR-1965,15:30,O1, Standing (STD),Keflavík International Airport (KEF),Iceland,0,0, Damaged beyond repair,-,Lockheed EC-121K Super Constellation,-,-,1956,-,-, 141321, 4445,US Navy,Military,-,-,-,-,-,-,-,-,-,0,0,0,0,-,1,-
19650429-0,Thursday,29-APR-1965,-,A1, En route (ENR),"Long Island Sound, NY",United States of America,4,4, Damaged beyond repair,-,Grumman C-2A Greyhound,-,-,-,-,-, 148147, 01,US Navy,Military,-,-,-,-,-,-,-,-,-,4,0,4,0,-,-,-
19650503-0,Monday,03-MAY-1965,-,A1, Unknown (UNK),near Blond,France,5,5, Damaged beyond repair,-,Nord 2501 Noratlas,2,Bristol Hercules 739,-,-,-, 190/F-RABV, 190,French AF,Military,-,-,-,-,-,-,-,-,-,5,0,5,0,-,-,-
19650505-0,Wednesday,05-MAY-1965,21:17,A1, Approach (APR),Tenerife-Los Rodeos International Airport (TCI),Spain,49,30, Damaged beyond repair,-,Lockheed L-1049G Super Constellation,-,-,1954,-,-, EC-AIN, 4550,Iberia,Domestic Scheduled Passenger,IB401,Madrid-Barajas Airport,MAD,LEMD,Spain,Tenerife-Los Rodeos International Airport,TCI,GCXO,Spain,9,40,6,24,-,-,-
19650510-0,Monday,10-MAY-1965,06:01,A1, Approach (APR),"near Knobnoster-Whiteman AFB, MO",United States of America,3,0, Damaged beyond repair,-,Douglas DC-6A,-,-,1958,-,20557.0, N6579C, 45480/980,Aaxico Airlines,Cargo,1416B,Oklahoma City-Tinker AFB,TIK,KTIK,United States of America,Warrensburg-Whiteman AFB,SZL,KSZL,United States of America,3,0,0,0,-,-,-
19650512-0,Wednesday,12-MAY-1965,-,A1, Maneuvering (MNV),near Madrid-Torrejon AFB (TOJ),Spain,3,1, Damaged beyond repair,-,MBB HFB-320 Hansa Jet,-,-,1964,-,-, D-CHFB, 1001,HFB,Test,-,Madrid-Torrejón AFB,TOJ,LETO,Spain,Madrid-Torrejón AFB,TOJ,LETO,Spain,3,0,1,0,-,-,-
19650512-1,Wednesday,12-MAY-1965,-,A1, Unknown (UNK),Hon Quan,Vietnam,5,0, Damaged beyond repair,-,Fairchild C-123B-12-FA Provider,-,-,-,-,-, 55-4516, 20177,USAF,Military,-,-,-,-,-,-,-,-,-,5,0,0,0,-,-,-
19650512-2,Wednesday,12-MAY-1965,-,A1, Approach (APR),"near Mendoza-El Plumerillo Airport, MD (MDZ)",Argentina,20,0, Damaged beyond repair,-,Douglas C-47A-15-DK (DC-3),-,-,1944,-,-, 965, 12676,Chilean AF,Military,-,-,-,-,-,Mendoza-El Plumerillo Airport,MDZ,SAME,Argentina,-,-,0,0,-,-,-
19650513-0,Thursday,13-MAY-1965,-,A2, Approach (APR),near Hopsten AB,Germany,-,0, Minor, Repaired,Nord 2501D Noratlas,2,Bristol Hercules 739,-,-,-, GB+239, D175,German AF,Military,-,-,-,-,-,-,-,-,-,-,-,0,0,-,-,-
19650516-0,Sunday,16-MAY-1965,-,A1, Unknown (UNK),Tra My,Vietnam,-,0, Damaged beyond repair,-,de Havilland Canada CV-2B Caribou (DHC-4),-,-,-,-,-, 62-4164, 102,US Army,Military,-,-,-,-,-,-,-,-,-,-,-,0,0,-,-,-
19650516-1,Sunday,16-MAY-1965,-,A2, Landing (LDG),Tehran-Mehrabad Airport (THR),Iran,93,0, Substantial, Repaired,Boeing 707-436,-,-,1960,-,-, G-APFL, 17713/169,BOAC,International Scheduled Passenger,-,Beirut Airport,BEY,OLBA,Lebanon,Tehran-Mehrabad Airport,THR,OIII,Iran,9,84,0,0,-,-,-
19650519-0,Wednesday,19-MAY-1965,-,A1, Unknown (UNK),near Angel Falls,Venezuela,-,0, Damaged beyond repair,-,Douglas C-47-DL (DC-3),-,-,1943,-,-, YV-C-LBO, 9061,LEBCA,Unknown,-,-,-,-,-,-,-,-,-,-,-,0,0,-,-,Preliminary
19650520-0,Thursday,20-MAY-1965,01:48,A1, Approach (APR),ca 20 km S of Cairo International Airport (CAI),Egypt,127,121, Destroyed, Written off (damaged beyond repair),Boeing 720-040B,4,Pratt & Whitney JT3D-3B,1962,-,-, AP-AMH, 18379/321,PIA,International Scheduled Passenger,PK705,Dhahran International Airport,DHA,OEDR,Saudi Arabia,Cairo International Airport,CAI,HECA,Egypt,13,114,13,108,-,-,Final
19650529-0,Saturday,29-MAY-1965,09:25,A1, Takeoff (TOF),"Nikolski Air Force Station, AK (IKO)",United States of America,5,0, Damaged beyond repair,-,Douglas C-47A-DK (DC-3),2,Pratt & Whitney R-1830-92,1943,-,24137.0, N91016, 11853,Reeve Aleutian Airways,Domestic Scheduled Passenger,-,Nikolski Air Force Station,IKO,PAKO,United States of America,-,-,-,-,3,2,0,0,-,-,Final
19650529-1,Saturday,29-MAY-1965,-,A1, Landing (LDG),Obihiro Airport (OBO),Japan,-,0, Damaged beyond repair,-,Convair CV-240-1,-,-,1948,-,-, JA5088,  27,Japan Domestic Airlines,Unknown,-,-,-,-,-,Obihiro Airport,OBO,RJCB,Japan,-,-,0,0,-,-,-
19650529-2,Saturday,29-MAY-1965,-,C1, Standing (STD),Aden-Khormaksar RAF Station (ADE),Yemen,-,0, Damaged beyond repair,-,Douglas Dakota IV (DC-3),2,Pratt & Whitney R-1830-90C,1944,-,-, KJ955, 26247/14802,RAF,Military,-,-,-,-,-,-,-,-,-,-,-,0,0,-,-,-
19650601-0,Tuesday,01-JUN-1965,-,U1, Unknown (UNK),at an unknown location,Unknown country,-,-, Damaged beyond repair,-,Lockheed P2V-7 Neptune,-,-,-,-,-, 4657, 2041,Japanese Navy,Military,-,-,-,-,-,-,-,-,-,-,-,-,-,-,-,-
19651024-0,Sunday,24-OCT-1965,-,A2, Landing (LDG),Mohanbari Airport (MOH),India,10,0, Substantial,-,Douglas C-47A-90-DL (DC-3),-,-,1944,-,-, VT-CEI, 20355,Kalinga Airlines,Unknown,-,-,-,-,-,Mohanbari Airport,MOH,VEMN,India,3,7,0,0,-,-,Final
19651026-0,Tuesday,26-OCT-1965,-,H2, En route (ENR),"Key West International Airport, FL (EYW)",United States of America,33,0, None,-,Lockheed L-188A Electra,-,-,-,-,-, registration unknown,-,National Airlines,Domestic Scheduled Passenger, 209,Miami International Airport,MIA,KMIA,United States of America,Key West International Airport,EYW,KEYW,United States of America,5,28,0,0,-,-,-
19651027-0,Wednesday,27-OCT-1965,01:23,A1, Approach (APR),London Airport (LHR),United Kingdom,36,36, Damaged beyond repair,-,Vickers 951 Vanguard,4,Rolls-Royce Tyne 506,1960,-,-, G-APEE, 708,BEA,Domestic Scheduled Passenger,-,Edinburgh-Turnhouse Airport,EDI,EGPH,United Kingdom,London Airport,LHR,EGLL,United Kingdom,6,30,6,30,-,-,Final
19651028-0,Thursday,28-OCT-1965,-,A1, Landing (LDG),"Palmdale Air Force Base, CA (PMD)",United States of America,-,0, Damaged beyond repair,-,Boeing EC-97G Stratofreighter,-,-,-,-,-, 53-0358, 17140,Air National Guard,Military,-,-,-,-,-,Palmdale AFB,PMD,KPMD,United States of America,-,-,0,0,-,-,-
19651029-0,Friday,29-OCT-1965,-,U1, Unknown (UNK),San Ramon,Bolivia,-,-, Damaged beyond repair,-,Douglas C-47A-90-DL (DC-3),2,Pratt & Whitney R-1830-92,1944,-,-, CP-645, 20199,Transportes Aéreos Acre,Unknown,-,-,-,-,-,-,-,-,-,-,-,-,-,-,-,-
19651029-1,Friday,29-OCT-1965,18:50,A1, Approach (APR),"Pouso Alegre Airport, MG (PPY)",Brazil,2,0, Damaged beyond repair,-,Curtiss C-46D-5-CU Commando,-,-,1944,-,-, N75296, 32699,Webair,Unknown,-,-,-,-,-,Pouso Alegre Airport,PPY,SNZA,Brazil,2,0,0,0,-,-,-
19651030-0,Saturday,30-OCT-1965,-,A1, Takeoff (TOF),Tan Hiep Air Base,Vietnam,4,0, Damaged beyond repair,-,Fairchild C-123B-19-FA Provider,-,-,-,-,-, 56-4381, 20265,USAF,Military,-,-,-,-,-,-,-,-,-,4,0,0,0,-,-,-
19651102-0,Tuesday,02-NOV-1965,-,A1, Approach (APR),near Obock Airport (OBC),Djibouti,30,30, Damaged beyond repair,-,Douglas C-47B-1-DL (DC-3),2,Pratt & Whitney R-1830-90C,1944,-,-, 316410, 20876,French AF,Military,-,Djibouti-Ambouli Airport,JIB,HDAM,Djibouti,Obock Airport,OBC,HDOB,Djibouti,5,25,5,25,-,-,-
19651103-0,Wednesday,03-NOV-1965,07:52,A1, En route (ENR),off Puerto Limon,Costa Rica,68,68, Missing, Presumed damaged beyond repair,Douglas C-54G (DC-4),-,-,1945,-,-, TC-48, 35983,Argentine AF,Military,-,Balboa-Howard AFB,HOW,MPHO,Panama,San Salvador-Comalapa International Airport,SAL,MSLP,El Salvador,9,59,9,59,-,-,-
19651104-0,Thursday,04-NOV-1965,-,A1, En route (ENR),near El Encanto,Colombia,6,2, Damaged beyond repair,-,Consolidated PBY-5A Catalina,-,-,-,-,-, HK-811,-,Aeropesca Colombia,Passenger,-,Villavicencio-La Vanguardia Airport,VVC,SKVV,Colombia,Mitú Airport,MVP,SKMU,Colombia,2,4,2,0,-,-,-
19651107-0,Sunday,07-NOV-1965,-,A1, En route (ENR),"near Terra de Areia, RS",Brazil,11,11, Damaged beyond repair,-,Lockheed P2V-5 Neptune,-,-,-,-,-, 0414/2-P-107, 426-5158,Argentine Navy,Military,-,-,-,-,-,-,-,-,-,11,0,11,0,-,-,-
19651108-1,Monday,08-NOV-1965,12:25,A1, En route (ENR),Canón del Paraiso,Colombia,36,26, Damaged beyond repair,-,Douglas C-47-DL (DC-3),2,Pratt & Whitney R-1830-92,1942,-,-, HK-1202, 4402,Taxi Aéreo Opita - TAO,Domestic Scheduled Passenger,-,Neiva Airport,NVA,SKNV,Colombia,San Vicente del Caguán-Eduardo Falla Solano Airport,SVI,SKSV,Colombia,5,31,3,23,-,-,Final
19651108-2,Monday,08-NOV-1965,-,A1, En route (ENR),N off Hesselø [Kattegat],Atlantic Ocean,20,0, Damaged beyond repair,-,Douglas C-54D-5-DC (DC-4),-,-,1945,-,-, N-605, 10710,Danish AF,Military,-,-,-,-,-,-,-,-,-,-,-,0,0,-,-,-
19651108-3,Monday,08-NOV-1965,19:02,A1, Approach (APR),"3 km (1.9 mls) N of Cincinnati-Greater Cincinnati, OH",United States of America,62,58, Destroyed, Written off (damaged beyond repair),Boeing 727-23,3,Pratt & Whitney JT8D-7,1965,-,938.0, N1996, 18901/153,American Airlines,Domestic Scheduled Passenger,AA383,New York-La Guardia Airport,LGA,KLGA,United States of America,Cincinnati/Northern Kentucky Airport,CVG,KCVG,United States of America,6,56,5,53,-,-,Final
19651109-0,Tuesday,09-NOV-1965,19:34,A1, Approach (APR),"Coraopolis, PA",United States of America,3,0, Destroyed, Written off (damaged beyond repair),Douglas C-47A-90-DL (DC-3),-,-,1944,-,-, N52, 20419,FAA,Survey/research,-,Pittsburgh-Greater Pittsburgh Airport,PIT,KPIT,United States of America,Pittsburgh-Greater Pittsburgh Airport,PIT,KPIT,United States of America,3,0,0,0,-,-,Final
19651111-0,Thursday,11-NOV-1965,17:52,A1, Approach (APR),"Salt Lake City International Airport, UT (SLC)",United States of America,91,43, Damaged beyond repair,-,Boeing 727-22,3,Pratt & Whitney JT8D-1,1965,-,1781.0, N7030U, 18322/130,United Airlines,Domestic Scheduled Passenger,UA227,Denver-Stapleton International Airport,DEN,KDEN,United States of America,Salt Lake City International Airport,SLC,KSLC,United States of America,6,85,0,43,-,-,Final
19651111-1,Thursday,11-NOV-1965,15:57,A1, Approach (APR),"1,5 km (0.9 mls) from  Murmansk Airport (MMK)",Russia,64,32, Damaged beyond repair,-,Tupolev Tu-124V,2,Soloviev D-20P,1965,300.0,357.0, CCCP-45086, 5351801,Aeroflot / Northern,Domestic Scheduled Passenger,  99,Leningrad-Pulkovo Airport,LED,ULLI,Russia,-,-,-,-,7,57,2,30,-,-,-
19651112-1,Friday,12-NOV-1965,-,U1, Unknown (UNK),at an unknown location,Unknown country,-,-, Damaged beyond repair,-,Douglas C-47A-90-DL (DC-3),2,Pratt & Whitney R-1830-92,1944,-,-, T.3-39, 20525,Spanish AF,Military,-,-,-,-,-,-,-,-,-,-,-,-,-,-,-,-
19651114-0,Sunday,14-NOV-1965,17:21,A1, En route (ENR),"21 km (13.1 mls) E of Palm Springs Municipal Airport, CA (PSP)",United States of America,8,8, Damaged beyond repair,-,Learjet 23,2,General Electric CJ610-4,1965,-,43.0, N243F, 23-063,Flying Tiger Line,Domestic Non Scheduled Passenger,-,Palm Springs Municipal Airport,PSP,KPSP,United States of America,Hollywood-Lockheed Air Terminal,BUR,KBUR,United States of America,2,6,2,6,-,-,Final
19651116-0,Tuesday,16-NOV-1965,-,A1, Landing (LDG),Ust-Maya Airport ?,Russia,-,-, Damaged beyond repair,-,Antonov An-2,-,-,-,-,-, CCCP-01189,-,Aeroflot / Yakutsk,Unknown,-,-,-,-,-,-,-,-,-,-,-,-,-,-,-,-
19651116-1,Tuesday,16-NOV-1965,-,A1, Approach (APR),near Ankara-Etimesgut Airport (ANK),Turkey,9,9, Damaged beyond repair,-,Douglas C-47A-80-DL (DC-3),-,-,1944,-,-, H-060, 19724,Turkish AF,Military,-,Konya Airport,KYA,LTAN,Turkey,Ankara-Etimesgut Airport,ANK,LTAD,Turkey,-,-,-,-,-,-,-
19651116-2,Tuesday,16-NOV-1965,-,A2, Taxi (TXI),Malta-Luqa Airport (MLA),Malta,42,0, Substantial, Repaired,de Havilland DH-106 Comet 4B,-,-,1960,-,-, G-APMF, 6426,BEA,International Scheduled Passenger,-,Malta-Luqa Airport,MLA,LMML,Malta,-,-,-,-,7,35,0,0,-,-,-
19651117-0,Wednesday,17-NOV-1965,-,H2, En route (ENR),"New Orleans-Moisant Field, LA (MSY)",United States of America,91,0, None,-,McDonnell Douglas DC-8,-,-,-,-,-, registration unknown,-,National Airlines,Domestic Scheduled Passenger,  30,New Orleans-Moisant Field,MSY,KMSY,United States of America,Melbourne International Airport,MLB,KMLB,United States of America,7,84,0,0,-,-,-
19651118-0,Thursday,18-NOV-1965,-,A1, Takeoff (TOF),Sayaboury Airport (ZBY),Laos,61,0, Damaged beyond repair,-,Fairchild C-123B-13-FA Provider,-,-,-,-,-, 538, 20199,Air America,Military,-,Sayaboury Airport,ZBY,VLSB,Laos,-,-,-,-,5,56,0,0,-,-,-
19651121-0,Sunday,21-NOV-1965,-,A1, Approach (APR),"1,6 km (1 mls) from  Da Nang Airport (DAD)",Vietnam,7,0, Damaged beyond repair,-,Fairchild C-123B-13-FA Provider,-,-,-,-,-, 55-4530, 20191,USAF,Military,-,-,-,-,-,Da Nang Airport,DAD,VVDN,Vietnam,7,0,0,0,-,-,-
19651123-0,Tuesday,23-NOV-1965,05:15,A1, En route (ENR),N of Urrao,Colombia,5,5, Damaged beyond repair,-,Curtiss C-46R Commando,-,-,1945,-,-, N1210W, 33595,Associated Aviation Ind.,Cargo,-,-,-,-,-,-,-,-,-,2,3,2,3,-,-,-
19651125-0,Thursday,25-NOV-1965,-,O1, Standing (STD),"Miami International Airport, FL (MIA)",United States of America,0,0, Damaged beyond repair,-,Douglas DC-8-54F,4,Pratt & Whitney JT3D-,1964,-,-, N8784R, 45769/215,Trans Caribbean Airways,-,-,-,-,-,-,-,-,-,-,0,0,0,0,-,-,-
19651126-0,Friday,26-NOV-1965,-,A2, Landing (LDG),"Jersey-States Airport, Channel Islands (JER)",United Kingdom,79,0, Substantial, Repaired,Vickers 806 Viscount,4,Rolls-Royce Dart 520,1958,-,-, G-APEY, 382,BEA,Domestic Scheduled Passenger,-,London-Heathrow Airport,LHR,EGLL,United Kingdom,Jersey-States Airport,JER,EGJJ,United Kingdom,4,75,0,0,-,-,-
19651126-1,Friday,26-NOV-1965,21:53,A2, Landing (LDG),Belfast International Airport (BFS),United Kingdom,112,0, Substantial, Repaired,Vickers 953 Vanguard,-,-,1961,-,-, G-APEL, 715,BEA,Domestic Scheduled Passenger,-,London-Heathrow Airport,LHR,EGLL,United Kingdom,Belfast International Airport,BFS,EGAA,United Kingdom,7,105,0,0,-,-,-
19651127-0,Saturday,27-NOV-1965,-,A1, En route (ENR),"35 km (21.9 mls) S of Salt Lake City, UT",United States of America,13,13, Damaged beyond repair,-,Douglas DC-3A,2,Pratt & Whitney R-1830,1942,-,-, N485, 4848,Edde Airlines,Domestic Non Scheduled Passenger,65/75,Salt Lake City International Airport,SLC,KSLC,United States of America,Provo Airport,PVU,KPVU,United States of America,4,9,4,9,-,-,Final
19651129-0,Monday,29-NOV-1965,-,C1, Unknown (UNK),South Vietnam,Vietnam,2,0, Damaged beyond repair,-,Fairchild C-123K Provider,-,-,-,-,-, 54-0651, 20100,USAF,Military,-,-,-,-,-,-,-,-,-,2,0,0,0,-,-,-
19651204-0,Saturday,04-DEC-1965,16:19,A2, Approach (APR),"New York, NY",United States of America,58,0, Substantial, Repaired,Boeing 707-131B,-,-,1962,-,-, N748TW, 18387/286,TWA,Domestic Scheduled Passenger,TW042,San Francisco International Airport,SFO,KSFO,United States of America,New York-John F. Kennedy International Airport,JFK,KJFK,United States of America,7,51,0,0,4,-,Final
19651204-1,Saturday,04-DEC-1965,16:19,A1, En route (ENR),"North Salem, NY",United States of America,54,4, Damaged beyond repair,-,Lockheed L-1049C Super Constellation,4,Wright R-3350 (972TC18DA),1953,-,32884.0, N6218C, 4526,Eastern Air Lines,Domestic Scheduled Passenger,EA853,Boston-Logan International Airport,BOS,KBOS,United States of America,Newark International Airport,EWR,KEWR,United States of America,5,49,1,3,-,-,-
19651205-0,Sunday,05-DEC-1965,-,A1, Landing (LDG),Horlick Mountains,Antarctica,-,0, Damaged beyond repair,-,Douglas LC-47H,-,-,1943,-,-, 17107, 11938,US Navy,Military,-,-,-,-,-,-,-,-,-,-,-,0,0,-,-,-
19651207-1,Tuesday,07-DEC-1965,18:40,A1, En route (ENR),"El Ortigal de Arriba, Tenerife",Spain,32,32, Damaged beyond repair,-,Douglas C-47A-25-DK (DC-3),2,Pratt & Whitney R-1830-92,1944,-,19245.0, EC-ARZ, 13474,Spantax,Domestic Non Scheduled Passenger,-,Tenerife-Los Rodeos International Airport,TCI,GCXO,Spain,Las Palmas-Airport de Gran Canaria,LPA,GCLP,Spain,4,28,4,28,-,-,-
19651207-2,Tuesday,07-DEC-1965,-,A1, En route (ENR),40 km (25 mls) from  Panama City-Tocumen,Panama,7,7, Damaged beyond repair,-,Curtiss C-46A-40-CU Commando,-,-,1944,-,-, LV-JMC, 27038,Aerolineas Carreras,Cargo,-,Panama City-Tocumen International Airport,PTY,MPTO,Panama,Guayaquil-Simon Bolivar Airport,GYE,SEGU,Ecuador,3,4,3,4,-,-,-
19651208-0,Wednesday,08-DEC-1965,-,A1, Takeoff (TOF),Chu Lai Air Base (VCL),Vietnam,5,0, Damaged beyond repair,-,Lockheed C-130A Hercules,-,-,1957,-,-, 56-0502, 3110,USAF,Military,-,Chu Lai Air Base,VCL,VVCL,Vietnam,-,-,-,-,5,0,0,0,-,-,-
19651208-1,Wednesday,08-DEC-1965,-,A1, En route (ENR),13 km (8.1 mls) N of Forres-Kinloss RAF Station (FSS),United Kingdom,2,2, Damaged beyond repair,-,Avro Shackleton MR.3,4,Rolls-Royce Griffon 57,1958,-,-, XF704,-,RAF,Military,-,Forres-Kinloss RAF Station,FSS,EGQK,United Kingdom,Forres-Kinloss RAF Station,FSS,EGQK,United Kingdom,2,0,2,0,-,-,-
19651210-0,Friday,10-DEC-1965,-,A1, En route (ENR),"21 km (13.1 mls) NE of Anchorage, AK",United States of America,1,1, Damaged beyond repair,-,de Havilland Canada U-1A Otter (DHC-3),-,-,-,-,-, registration unknown,-,US Army,Military,-,Fort Richardson-Bryant AAF,FRN,PAFR,United States of America,Fort Richardson-Bryant AAF,FRN,PAFR,United States of America,1,0,1,0,-,-,-
19651210-2,Friday,10-DEC-1965,-,A1, Unknown (UNK),"40 km (25 mls) E off  Brunswick NAS, ME (NHZ)",Atlantic Ocean,6,1, Damaged beyond repair,-,Lockheed P-2H Neptune,-,-,-,-,-, 147960, 726-7210,US Navy,Military,-,-,-,-,-,-,-,-,-,6,0,1,0,-,-,-
19651211-0,Saturday,11-DEC-1965,-,A1, Landing (LDG),Ura Airstrip,Fiji,17,0, Damaged beyond repair,-,de Havilland DH-114 Heron 1B,-,-,1953,-,-, VQ-FAL, 14033,Fiji Airways,Non Scheduled Passenger,-,-,-,-,-,-,-,-,-,1,16,0,0,-,-,-
19651211-1,Saturday,11-DEC-1965,15:00,A1, En route (ENR),32 km (20 mls) W of Tuy Hoa,Vietnam,85,85, Destroyed, Written off (damaged beyond repair),Fairchild C-123B-18-FA Provider,-,-,-,-,-, 56-4376, 20260,USAF,Military,-,Pleiku Airport,PXU,VVPK,Vietnam,Tuy Hoa Airport,TBB,VVTH,Vietnam,4,81,4,81,-,-,-
19651212-0,Sunday,12-DEC-1965,19:40,A1, Takeoff (TOF),Zürich-Kloten Airport (ZRH),Switzerland,9,1, Damaged beyond repair,-,Learjet 23,-,-,-,-,-, D-IHAQ, 23-007,private,Unknown,-,Zürich-Kloten Airport,ZRH,LSZH,Switzerland,Nice Airport,NCE,LFMN,France,2,7,1,0,-,-,-
19651212-1,Sunday,12-DEC-1965,-,A1, Takeoff (TOF),Bitburg Air Base (BBJ),Germany,6,6, Damaged beyond repair,-,Lockheed C-130A Hercules,-,-,1957,-,-, 56-0515, 3123,USAF,Military,-,Bitburg Air Base,BBJ,EDRB,Germany,-,-,-,-,5,1,5,1,-,-,-
19651215-0,Wednesday,15-DEC-1965,-,A1, En route (ENR),"32 km (20 mls) NE of Alamosa, CO",United States of America,3,3, Damaged beyond repair,-,Lockheed L-1049H Super Constellation,-,-,1957,-,-, N6914C, 4811,Flying Tiger Line,Cargo, 914,Los Angeles International Airport,LAX,KLAX,United States of America,-,-,-,-,3,0,3,0,-,-,Final
19651215-1,Wednesday,15-DEC-1965,-,A1, Initial climb (ICL),"near Cape Romanzof Airport, AK (CZF)",United States of America,5,5, Damaged beyond repair,-,Fairchild C-123J Provider,-,-,-,-,-, 54-0647, 20096,Air National Guard,Military,-,Anchorage-Elmendorf AFB,EDF,PAED,United States of America,Cape Romanzof Airport,CZF,PACZ,United States of America,5,0,5,0,-,-,-
19651215-2,Wednesday,15-DEC-1965,-,U1, Unknown (UNK),at an unknown location,Spain,-,-, Damaged beyond repair,-,Douglas C-47B-15-DK (DC-3),-,-,1944,-,-, T.3-21, 26773/15328,Spanish AF,Military,-,-,-,-,-,-,-,-,-,-,-,-,-,-,-,-
19651216-0,Thursday,16-DEC-1965,17:22,A1, Initial climb (ICL),3 km (1.9 mls) SW of Legaspi Airport (LGP),Philippines,21,2, Damaged beyond repair,-,Douglas DC-3A,2,Pratt & Whitney R-1830,-,-,-, PI-C856,-,Air Manila Int.,Domestic Scheduled Passenger, 101,Manila International Airport,MNL,RPLL,Philippines,Legaspi Airport,LGP,RPLP,Philippines,3,18,2,0,-,-,Final
19651217-0,Friday,17-DEC-1965,22:40,A1, Landing (LDG),Le Tréport,France,32,0, Destroyed, Written off (damaged beyond repair),Douglas C-47B-25-DK (DC-3),2,Pratt & Whitney R-1830-90C,1945,-,12815.0, G-AMWX, 32594/15846,Skyways Coach Air,International Scheduled Passenger, 316,Beauvais-Tillé Airport,BVA,LFOB,France,London-Gatwick Airport,LGW,EGKK,United Kingdom,3,29,0,0,-,-,Final
19651217-1,Friday,17-DEC-1965,-,C1, En route (ENR),between Tan Son Nhut and Phan Rang,Vietnam,9,9, Damaged beyond repair,-,Douglas AC-47D Spooky,2,Pratt & Whitney R-1830-90,1944,-,-, 43-49492, 26753/15308,USAF,Military,-,Saigon-Tan Son Nhat International Airport,SGN,VVTS,Vietnam,Phan Rang Air Base,PHA,VVPR,Vietnam,4,5,4,5,-,-,-
19651219-0,Sunday,19-DEC-1965,-,A1, Landing (LDG),"Salvador, BA",Brazil,54,0, Damaged beyond repair,-,Curtiss C-46A-45-CU Commando,2,Pratt & Whitney R-2800-51,1944,-,-, PP-LDQ, 30343,VASP,Domestic Scheduled Passenger,-,Salvador-Dois de Julho International Airport,SSA,SBSV,Brazil,-,-,-,-,3,51,0,0,-,-,-
19651220-0,Monday,20-DEC-1965,-,A1, Approach (APR),16 km (10 mls) S of Tuy Hoa (TBB),Vietnam,5,5, Destroyed, Written off (damaged beyond repair),Lockheed C-130E Hercules,-,-,1963,-,-, 62-1843, 3806,USAF,Military,-,Nha Trang Airport,NHA,VVNT,Vietnam,Tuy Hoa Airport,TBB,VVTH,Vietnam,5,0,5,0,-,-,-
19651223-0,Thursday,23-DEC-1965,-,A1, En route (ENR),Magadan,Russia,-,0, Damaged beyond repair,-,Ilyushin Il-18B,-,-,1959,-,-, CCCP-75688, 189001203,Aeroflot / Moscow,Unknown,-,-,-,-,-,-,-,-,-,-,-,0,0,-,-,-
19651224-0,Friday,24-DEC-1965,10:50,A1, En route (ENR),ca 10 km WSW of Ban Solou,Laos,6,6, Damaged beyond repair,-,Douglas AC-47D Spooky,2,Pratt & Whitney R-1830-90,1945,-,-, 45-1120, 34390/17123,USAF,Military,-,Da Nang Airport,DAD,VVDN,Vietnam,Da Nang Airport,DAD,VVDN,Vietnam,6,0,6,0,-,-,-
19651224-1,Friday,24-DEC-1965,13:10,A1, En route (ENR),15 km (9.4 mls) from  Tuluá,Colombia,-,0, Damaged beyond repair,-,Curtiss C-46 Commando,-,-,-,-,-, registration unknown,-,Unknown,Illegal Flight,-,-,-,-,-,-,-,-,-,-,-,0,0,-,-,-
19651225-0,Saturday,25-DEC-1965,13:11,A2, En route (ENR),"near San Fransisco, CA",United States of America,41,0, Substantial, Repaired,Douglas DC-8-33,-,-,1961,-,13423.0, JA8006, 45626/143,JAL,International Scheduled Passenger,JL813,San Francisco International Airport,SFO,KSFO,United States of America,Honolulu International Airport,HNL,PHNL,United States of America,10,31,0,0,-,-,Final
19651231-1,Friday,31-DEC-1965,-,H2, Unknown (UNK),at an unknown location,Unknown country,-,1, Unknown,-,unknown,-,-,-,-,-, registration unknown,-,Aeroflot,Unknown,-,-,-,-,-,-,-,-,-,-,-,-,-,-,-,-
19659999-1,-,xx-xxx-1965,-,U1, Unknown (UNK),at an unknown location,Unknown country,-,-, Damaged beyond repair,-,de Havilland DH-114 Heron 2D,-,-,1959,-,-, CR802, 14136,Ceylon AF,Military,-,-,-,-,-,-,-,-,-,-,-,-,-,-,-,-
19659999-2,-,xx-xxx-1965,-,A1, Unknown (UNK),Shau Valley,Vietnam,-,-, Damaged beyond repair,-,de Havilland Canada CV-2B Caribou (DHC-4),-,-,-,-,-, 62-4148, 84,US Army,Military,-,-,-,-,-,-,-,-,-,-,-,-,-,-,-,-
19659999-4,-,xx-xxx-1965,-,C1, Unknown (UNK),at an unknown location,Unknown country,-,-, Damaged beyond repair,-,Ilyushin Il-14T,-,-,-,-,-, registration unknown, 14803005,Egyptian AF,Military,-,-,-,-,-,-,-,-,-,-,-,-,-,-,-,-
