identifiant,week_day,date,time,type_event,phase,location,country,total_occupants,total_fatalities,aircraft_damage,aircraft_fate,type_aircraft,number_engines,type_engines,first_flight,cycles,total_airframe_hours,registration,c_n_msn,operator,nature,flight_number,departure_airport_name,departure_airport_IATA,departure_airport_ICAO,departure_airport_country,destination_airport_name,destination_airport_IATA,destination_airport_ICAO,destination_airport_country,crew_number,passengers_number,crew_fatalities,passengers_fatalities,collision_casualties,ground_casualties,status
19641118-1,Wednesday,18-NOV-1964,-,A1, En route (ENR),20 km (12.5 mls) from  Murmansk Airport (MMK),Russia,2,1, Damaged beyond repair,-,Antonov An-2V,-,-,1962,-,1963.0, CCCP-09275, 1G23-24,Aeroflot / Northern,Cargo,-,Murmansk Airport,MMK,ULMM,Russia,-,-,-,-,2,0,1,0,-,-,-
19641120-0,Friday,20-NOV-1964,21:14,A1, Approach (APR),2 km (1.3 mls) NW of Helsingborg-Ängelholm Airport (AGH),Sweden,43,31, Destroyed, Written off (damaged beyond repair),Convair CV-440,-,-,1954,-,-, SE-CCK, 195,Linjeflyg,Domestic Scheduled Passenger, 267,Stockholm-Bromma Airport,BMA,ESSB,Sweden,Helsingborg-Ängelholm Airport,AGH,ESHH,Sweden,4,39,2,29,-,-,-
19641120-1,Friday,20-NOV-1964,06:08,A1, Takeoff (TOF),"Detroit-Metropolitan Wayne County Airport, MI (DTW)",United States of America,2,0, Damaged beyond repair,-,Curtiss C-46F-1-CU Commando,-,-,1945,-,25018.0, N3971B, 22594,Zantop,Cargo,11346,Detroit-Metropolitan Wayne County Airport,DTW,KDTW,United States of America,-,-,-,-,2,0,0,0,-,-,-
19641121-0,Saturday,21-NOV-1964,-,A1, Approach (APR),"Lourdes-de-Blanc-Sablon Airport, QC (YBX)",Canada,4,0, Damaged beyond repair,-,Douglas DC-3A,2,Pratt & Whitney R-1830,1942,-,-, CF-GOC, 7362,Eastern Provincial Airways,Unknown,-,-,-,-,-,Lourdes-de-Blanc-Sablon Airport,YBX,CYBX,Canada,2,2,0,0,-,-,-
19641123-0,Monday,23-NOV-1964,14:09,A1, Takeoff (TOF),Roma-Fiumicino Airport (FCO),Italy,73,50, Damaged beyond repair,-,Boeing 707-331,4,Pratt & Whitney JT4A-12,1960,-,-, N769TW, 17685/123,TWA,International Scheduled Passenger,TW800,Roma-Fiumicino Airport,FCO,LIRF,Italy,Athens-Ellinikon International Airport,ATH,LGAT,Greece,11,62,5,45,-,-,-
19641124-0,Tuesday,24-NOV-1964,-,A1, Landing (LDG),Santiago-Los Cerrillos Airport (ULC),Chile,-,0, Damaged beyond repair,-,Curtiss C-46A-10-CU Commando,2,Pratt & Whitney R-2800-51,1943,-,-, CC-CIB, 26468,ALFA,Unknown,-,-,-,-,-,Santiago-Los Cerrillos Airport,ULC,SCTI,Chile,-,-,0,0,-,-,-
19641124-1,Tuesday,24-NOV-1964,10:45,A1, Landing (LDG),"Baton Rouge, LA",United States of America,2,0, Damaged beyond repair,-,Curtiss C-46R Commando,-,-,1944,-,19842.0, N9885F, 32878,Delta Air Lines,Cargo,DL29,Atlanta Municipal Airport,ATL,KATL,United States of America,New Orleans International Airport,MSY,KMSY,United States of America,2,0,0,0,-,-,-
19641124-2,Tuesday,24-NOV-1964,17:31,A1, Approach (APR),near Ahlhorn Air Base,Germany,5,4, Damaged beyond repair,-,Nord 2501D Noratlas,2,Bristol Hercules 739,-,-,-, GB+104, D055,German AF,Military,-,Bourges Airport,BOU,LFLD,France,-,-,-,-,4,1,4,0,-,-,-
19641126-0,Thursday,26-NOV-1964,-,O1, Standing (STD),"São Paulo-Congonhas Airport, SP (CGH)",Brazil,0,0, Damaged beyond repair,-,Douglas C-48B (DC-3),2,Pratt & Whitney R-1830-51,1937,-,-, PP-SQP, 1952,VASP,-,-,-,-,-,-,-,-,-,-,0,0,0,0,-,-,-
19641127-0,Friday,27-NOV-1964,-,A1, En route (ENR),"SW of Cape Newenham, AK",United States of America,12,12, Damaged beyond repair,-,Lockheed P-2H Neptune,-,-,-,-,-, 135610, 726-7046,US Navy,Military,-,Kodiak NAS,ADQ,PADQ,United States of America,Kodiak NAS,ADQ,PADQ,United States of America,12,0,12,0,-,-,-
19641128-0,Saturday,28-NOV-1964,07:41,A1, En route (ENR),near Surami,Georgia,15,7, Damaged beyond repair,-,Ilyushin Il-14P,-,-,1956,-,14861.0, CCCP-41883, 146000708,Aeroflot / Georgia,Domestic Scheduled Passenger, F-51,Tbilisi Airport,TBS,UGGG,Georgia,Kutaisi Airport,KUT,UGKO,Georgia,4,11,3,4,-,-,-
19641129-1,Sunday,29-NOV-1964,19:20,A1, Takeoff (TOF),Léopoldville-N'Djili Airport (FIH),Democratic Republic of the Congo,14,6, Damaged beyond repair,-,Douglas DC-4,-,-,1944,-,48113.0, OO-DEP, 18384,Air Congo,Domestic Non Scheduled Passenger,-,Léopoldville-N'Djili Airport,FIH,FZAA,Democratic Republic of the Congo,Kamina Airport,KMN,FZSA,Democratic Republic of the Congo,3,11,3,3,-,-,-
19641130-0,Monday,30-NOV-1964,-,A1, Landing (LDG),Tokyo-Haneda Airport (HND),Japan,10,0, Damaged beyond repair,-,Curtiss C-46D-15-CU Commando,-,-,1945,-,-, 51-1107, 33503,JASDF,Military,-,-,-,-,-,Tokyo-Haneda Airport,HND,RJTT,Japan,-,-,0,0,-,-,-
19641204-0,Friday,04-DEC-1964,-,A1, En route (ENR),"40 km (25 mls) W off  Luzon Island-Cubi Point NAS (NCP), Philippines",Pacific Ocean,13,13, Damaged beyond repair,-,Lockheed P-3A Orion,-,-,1963,-,-, 150508, 185-5034,US Navy,Military,-,-,-,-,-,-,-,-,-,13,0,13,0,-,-,-
19641208-0,Tuesday,08-DEC-1964,-,C1, En route (ENR),near Milluni,Bolivia,17,17, Damaged beyond repair,-,Douglas C-47-DL (DC-3),2,Pratt & Whitney R-1830-92,1943,-,-, CP-639, 7375,Aerolineas Abaroa,Domestic Scheduled Passenger,-,-,-,-,-,La Paz-El Alto Airport,LPB,SLLP,Bolivia,4,13,4,13,-,-,-
19641209-0,Wednesday,09-DEC-1964,08:00,A1, En route (ENR),"Córdoba, CD",Argentina,2,2, Damaged beyond repair,-,Morane Saulnier (FMA) MS.760 Paris I,-,-,1962,-,-, E-231, A-19,Argentine AF,Military,-,-,-,-,-,-,-,-,-,2,0,2,0,-,-,-
19641211-0,Friday,11-DEC-1964,-,A2, Landing (LDG),Filton Airport (FZO),United Kingdom,2,0, Substantial, Repaired,de Havilland DH-125-1,-,-,1963,-,-, G-ARYC, 25003,Hawker Siddeley,Unknown,-,Chester/Hawarden Airport,CEG,EGNR,United Kingdom,Filton Airport,FZO,EGTG,United Kingdom,2,0,0,0,-,-,-
19641216-0,Wednesday,16-DEC-1964,-,A1, Unknown (UNK),at an unknown location,Unknown country,-,-, Damaged beyond repair,-,Vickers Valetta C.1,-,-,1949,-,-, VW182, 338,RAF,Military,-,-,-,-,-,-,-,-,-,-,-,-,-,-,-,-
19641219-0,Saturday,19-DEC-1964,-,C1, En route (ENR),40 km (25 mls) E of Alexandria,Egypt,2,2, Damaged beyond repair,-,Fairchild C-82A Packet,-,-,-,-,-, N128E, 10164,John W. Mecom Oil Co.,Executive,-,Amman Airport,ADJ,OJAM,Jordan,Benghazi-Benina International Airport,BEN,HLLB,Libya,2,0,2,0,-,-,Final
19641219-1,Saturday,19-DEC-1964,03:30,A1, Approach (APR),"off Stephenville-Ernest Harmon AFB, NL (YJT)",Canada,5,5, Damaged beyond repair,-,Boeing KC-97G-23-BO Stratofreighter,-,-,-,-,-, 52-907, 16601,USAF,Military,-,Stephenville-Ernest Harmon AFB,YJT,CYJT,Canada,Stephenville-Ernest Harmon AFB,YJT,CYJT,Canada,5,0,5,0,-,-,-
19641221-0,Monday,21-DEC-1964,18:40,A1, Landing (LDG),Numancia Aklan,Philippines,39,1, Damaged beyond repair,-,Douglas C-47A-90-DL (DC-3),2,Pratt & Whitney R-1830-92,1944,-,-, PI-C569, 20396,Fleming,Domestic Non Scheduled Passenger,-,Kalibo Airport,KLO,RPVK,Philippines,Manila International Airport,MNL,RPLL,Philippines,3,36,1,0,-,-,-
19641224-0,Thursday,24-DEC-1964,00:31,A1, En route (ENR),"7 km (4.4 mls) WSW of San Francisco International Airport, CA (SFO)",United States of America,3,3, Damaged beyond repair,-,Lockheed L-1049H Super Constellation,-,-,1957,-,-, N6915C, 4812,Flying Tiger Line,Cargo, 282,San Francisco International Airport,SFO,KSFO,United States of America,New York-John F. Kennedy International Airport,JFK,KJFK,United States of America,3,0,3,0,-,-,Final
19641224-1,Thursday,24-DEC-1964,-,A1, Takeoff (TOF),Yurimaguas Airport (YMS),Peru,23,1, Damaged beyond repair,-,Douglas C-47B-5-DK (DC-3),2,Pratt & Whitney R-1830-90C,1944,-,-, OB-R-654, 25986/14541,SATCO,Passenger,-,Yurimaguas Airport,YMS,SPMS,Peru,-,-,-,-,3,20,1,0,-,-,-
19641228-0,Monday,28-DEC-1964,-,A1, Landing (LDG),Adelaide Base,Antarctica,1,0, Damaged beyond repair,-,de Havilland Canada DHC-3 Otter,-,-,1960,-,-, VP-FAJ, 377,British Antarctic Survey,Unknown,-,-,-,-,-,-,-,-,-,1,0,0,0,-,-,-
19641228-1,Monday,28-DEC-1964,-,A1, En route (ENR),"65 km (40.6 mls) SW of Phoenix, AZ",United States of America,4,4, Damaged beyond repair,-,Fairchild C-123 Provider,-,-,-,-,-, registration unknown,-,USAF,Military,-,Phoenix-Luke AFB,LUF,KLUF,United States of America,-,-,-,-,-,-,-,-,-,-,-
19641229-0,Tuesday,29-DEC-1964,-,A1, En route (ENR),near Turrialba,Costa Rica,6,6, Damaged beyond repair,-,Curtiss C-46,-,-,-,-,-, CC-CAN,-,LASA,Cargo,-,Guatemala City-La Aurora Airport,GUA,MGGT,Guatemala,-,-,-,-,5,1,5,1,-,-,-
19641229-1,Tuesday,29-DEC-1964,-,A1, Unknown (UNK),River Pasighat,India,-,-, Damaged beyond repair,-,de Havilland Canada DHC-3 Otter,-,-,-,-,-, registration unknown,-,Indian AF,Military,-,-,-,-,-,-,-,-,-,-,-,-,-,-,-,-
19641230-1,Wednesday,30-DEC-1964,02:14,A1, Approach (APR),"3,5 km (2.2 mls) SW of Detroit-Metropolitan Airport, MI (DTW)",United States of America,4,4, Damaged beyond repair,-,Curtiss C-46A-45-CU Commando,2,Pratt & Whitney R-2800-51,1944,-,7385.0, N608Z, 30328,Zantop,Cargo,-,Cleveland-Hopkins International Airport,CLE,KCLE,United States of America,Detroit-Metropolitan Wayne County Airport,DTW,KDTW,United States of America,4,0,4,0,-,-,-
19649999-0,-,xx-xxx-1964,-,U1, Unknown (UNK),at an unknown location,Poland,-,-, Damaged beyond repair,-,Lisunov Li-2P,-,-,1952,-,-, SP-LKC, 23441010,LOT,Unknown,-,-,-,-,-,-,-,-,-,-,-,-,-,-,-,-
19649999-1,-,xx-xxx-1964,-,A1, Unknown (UNK),at an unknown location,Mexico,-,-, Damaged beyond repair,-,Vickers 626 Viking C Mk. 2,-,-,1946,-,-, XB-FIP, 179,private,Unknown,-,-,-,-,-,-,-,-,-,-,-,-,-,-,-,-
19649999-2,-,xx-xxx-1964,-,U1, Unknown (UNK),Encarnación-Teniente Prim Alarcon Airport (ENO),Paraguay,-,-, Damaged beyond repair,-,Douglas DC-3A-269B,-,-,1940,-,-, T-25, 2183,TAM Paraguay,Unknown,-,-,-,-,-,-,-,-,-,-,-,-,-,-,-,-
19649999-3,-,xx-xxx-1964,-,U1, Unknown (UNK),at an unknown location,Israel,-,-, Damaged beyond repair,-,Nord 2501D Noratlas,2,Bristol Hercules 739,-,-,-, 4X-FAB/042, D096,Israeli AF,Military,-,-,-,-,-,-,-,-,-,-,-,-,-,-,-,-
19649999-4,-,xx-xxx-1964,-,A1, Landing (LDG),"Kodiak NAS, AK (ADQ)",United States of America,-,0, Damaged beyond repair,-,Lockheed P-2H Neptune,-,-,-,-,-, 145913, 726-7176,US Navy,Military,-,-,-,-,-,Kodiak NAS,ADQ,PADQ,United States of America,-,-,0,0,-,-,-
19649999-5,-,xx-xxx-1964,-,U1, Unknown (UNK),Bentwaters RAF Station,United Kingdom,-,-, Damaged beyond repair,-,Douglas  Dakota III (DC-3),-,-,1944,-,-, KJ981, 26419/14974,RAF,Military,-,-,-,-,-,-,-,-,-,-,-,-,-,-,-,-
19640102-0,Thursday,02-JAN-1964,-,A1, En route (ENR),1200 km (750 mls) W off  Hawaii,Pacific Ocean,9,9, Missing, Presumed damaged beyond repair,Douglas C-124C Globemaster II,4,Pratt & Whitney R-4360-20WA,-,-,-, 52-0968, 43877,USAF,Military,-,Wake Island Airport,AWK,PAWK,U.S. Minor Outlying Islands,-,-,-,-,8,1,8,1,-,-,-
19640102-1,Thursday,02-JAN-1964,10:00,A2, Landing (LDG),"Anderson Municipal Airport, IN (AID)",United States of America,2,0, Substantial, Repaired,Lockheed 18-08A Lodestar,-,-,1943,-,-, N5114, 18-2464,General Motors,Executive,-,-,-,-,-,Anderson Municipal Airport,AID,KAID,United States of America,2,0,0,0,-,-,Final
19640103-0,Friday,03-JAN-1964,20:16,A1, Approach (APR),"2,2 km (1.4 mls) from  Batagay Airport",Russia,2,2, Damaged beyond repair,-,Antonov An-2,-,-,1954,-,7175.0, CCCP-23740,-,Aeroflot / Yakutsk,Training,-,-,-,-,-,-,-,-,-,2,0,2,0,-,-,-
19640103-1,Friday,03-JAN-1964,-,A1, Unknown (UNK),Asuncion-Alfredo Stroessner Airport (ASU),Paraguay,-,-, Damaged beyond repair,-,Curtiss C-46 Commando,-,-,-,-,-, ZP-CCE,-,International Products Corp.,Unknown,-,-,-,-,-,-,-,-,-,-,-,-,-,-,-,-
19640109-0,Thursday,09-JAN-1964,08:18,A1, En route (ENR),"near Rupert River, QC",Canada,2,0, Damaged beyond repair,-,Douglas C-47A-5-DK (DC-3),2,Pratt & Whitney R-1830-92,1944,-,-, CF-ILQ, 12377,Austin Airways,Cargo,-,Moosonee Airport,YMO,CYMO,Canada,-,-,-,-,2,0,0,0,-,-,Final
19640109-1,Thursday,09-JAN-1964,09:50,A1, En route (ENR),"8 km (5 mls) from  Zaráte, BA",Argentina,31,30, Damaged beyond repair,-,Douglas C-47B-5-DK (DC-3),2,Pratt & Whitney R-1830-90C,1944,-,31545.0, LV-FYJ, 26158/14713,ALA,Domestic Scheduled Passenger, 143,Rosario-Fisherton Airport,ROS,SAAR,Argentina,-,-,-,-,3,28,3,27,-,-,Final
19640110-0,Friday,10-JAN-1964,-,A1, En route (ENR),Culloden Moor,United Kingdom,10,0, Damaged beyond repair,-,Avro Shackleton MR.3,4,Rolls-Royce Griffon 57,1959,-,-, XF710,-,RAF,Military,-,Forres-Kinloss RAF Station,FSS,EGQK,United Kingdom,-,-,-,-,10,0,0,0,-,-,-
19640113-0,Monday,13-JAN-1964,-,A1, Takeoff (TOF),Thysville Airport,Democratic Republic of the Congo,-,0, Damaged beyond repair,-,Curtiss C-46 Super C,-,-,1944,-,-, SE-CFF,    53,Transair Congo,Unknown,-,-,-,-,-,-,-,-,-,-,-,0,0,-,-,-
19640123-0,Thursday,23-JAN-1964,-,A1, Unknown (UNK),unknown,Unknown country,-,-, Damaged beyond repair,-,Douglas HC-47A,-,-,1944,-,-, 42-93794, 13745,USAF,Military,-,-,-,-,-,-,-,-,-,-,-,-,-,-,-,-
19640125-0,Saturday,25-JAN-1964,-,A1, Approach (APR),18 km (11.3 mls) SW of Kenkiyak,Kazakhstan,9,3, Damaged beyond repair,-,Antonov An-2,-,-,1951,-,8320.0, CCCP-13651, 10647306,Aeroflot / Kazakstan,Domestic Scheduled Passenger,-,-,-,-,-,-,-,-,-,2,7,1,2,-,-,-
19640128-0,Tuesday,28-JAN-1964,15:00,C1, En route (ENR),"near Vogelsberg village, Thüringen",Germany,3,3, Damaged beyond repair,-,North American CT-39A Sabreliner,2,Pratt & Whitney JT12A-6A Turbo Wasp,1962,-,-, 62-4448, 276-1,USAF,Military,-,Wiesbaden-Erbenheim (Y-80) Air Base,WIE,ETOU,Germany,-,-,-,-,3,0,3,0,-,-,-
19640128-1,Tuesday,28-JAN-1964,-,U1, Unknown (UNK),at an unknown location,Colombia,-,-, Damaged beyond repair,-,Douglas C-47 (DC-3),-,-,-,-,-, FAC-658,-,Colombian AF,Military,-,-,-,-,-,-,-,-,-,-,-,-,-,-,-,-
19640129-0,Wednesday,29-JAN-1964,08:30,A1, Unknown (UNK),"Belém, PA",Brazil,6,1, Damaged beyond repair,-,Consolidated C-10A Catalina (PBY-5A),-,-,-,-,-, 6508, 1819,Brazilian AF,Military,-,-,-,-,-,-,-,-,-,6,0,1,0,-,-,-
19640203-0,Monday,03-FEB-1964,-,A1, Approach (APR),near Ankara-Esenboga,Turkey,3,3, Damaged beyond repair,-,Douglas C-47A-5-DK (DC-3),2,Pratt & Whitney R-1830-92,1944,-,-, TC-ETI, 12319,THY,Cargo,-,Istanbul-Yesilköy Airport,IST,LTBA,Turkey,Ankara-Esenboga Airport,ESB,LTAC,Turkey,3,0,3,0,-,-,-
19640204-0,Tuesday,04-FEB-1964,-,A1, Unknown (UNK),near Yacuiba Airport (BYC),Bolivia,29,2, Damaged beyond repair,-,Douglas C-47A-65-DL (DC-3),2,Pratt & Whitney R-1830-92,1943,-,-, CP-568, 19024,LAB,International Scheduled Passenger,-,Yacuiba Airport,BYC,SLYA,Bolivia,Salta Airport,SLA,SASA,Argentina,3,26,-,-,-,-,-
19640206-0,Thursday,06-FEB-1964,08:20,A1, En route (ENR),"near São Sebastião, SC",Brazil,3,2, Damaged beyond repair,-,Douglas DC-3A-228C,2,Pratt & Whitney R-1830,1940,-,-, PT-ATP, 2197,Perdigao SA Comercio y Industria,Cargo,-,São Paulo-Congonhas Airport,CGH,SBSP,Brazil,Videira Airport,VIA,SSVI,Brazil,3,0,2,0,-,-,-
19640206-1,Thursday,06-FEB-1964,07:50,A1, Approach (APR),"near Calverton, NY",United States of America,8,6, Damaged beyond repair,-,Douglas C-54Q (DC-4),-,-,-,-,-, 56522, 10833,US Navy,Military,-,Peru-Grissom AFB,GUS,KGUS,United States of America,-,-,-,-,-,-,-,-,-,-,-
19640207-0,Friday,07-FEB-1964,-,A1, Unknown (UNK),Unknown,Unknown country,-,-, Damaged beyond repair,-,Douglas C-47A-65-DL (DC-3),-,-,1943,-,-, 42-100631, 19094,USAF,Military,-,-,-,-,-,-,-,-,-,-,-,-,-,-,-,-
19640208-0,Saturday,08-FEB-1964,-,A1, Unknown (UNK),La Paz-El Alto Airport (LPB),Bolivia,-,-, Damaged beyond repair,-,Consolidated C-87 Liberator Express,-,-,-,-,-, CP-575,-,Compañia Boliviana de Aviacion,Unknown,-,-,-,-,-,-,-,-,-,-,-,-,-,-,-,-
19640209-0,Sunday,09-FEB-1964,-,A1, Initial climb (ICL),"3,5 km (2.2 mls) NW of Dhzigda Airport",Russia,3,3, Damaged beyond repair,-,Antonov An-2,-,-,1954,-,6738.0, CCCP-55541, 14647303,Aeroflot / Far East,Ferry/positioning,-,-,-,-,-,-,-,-,-,1,2,1,2,-,-,-
19640210-0,Monday,10-FEB-1964,-,A1, Unknown (UNK),"Mechuka, Uttar Pradesh",India,3,3, Damaged beyond repair,-,de Havilland Canada DHC-3 Otter,-,-,-,-,-, registration unknown,-,Indian AF,Military,-,-,-,-,-,-,-,-,-,1,2,1,2,-,-,-
19640215-0,Saturday,15-FEB-1964,15:30,A1, En route (ENR),"40 km (25 mls) from  Tabajara, RO",Brazil,34,0, Damaged beyond repair,-,Douglas C-47A-30-DK (DC-3),2,Pratt & Whitney R-1830-92,1944,-,-, PP-BTU, 25235/13790,Paraense Transportes Aéreos,Domestic Scheduled Passenger,-,Rio Branco Airport,RBR,SBRB,Brazil,Porto Velho Airport,PVH,SBPV,Brazil,9,25,0,0,-,-,-
19640216-0,Sunday,16-FEB-1964,-,C1, Unknown (UNK),at an unknown location,Unknown country,-,-, Damaged beyond repair,-,Fairchild C-123 Provider,-,-,-,-,-, registration unknown,-,USAF,Military,-,-,-,-,-,-,-,-,-,-,-,-,-,-,-,-
19640217-0,Monday,17-FEB-1964,-,O1, Standing (STD),Budapest-Ferihegy Airport (BUD),Hungary,0,0, Damaged beyond repair,-,VEB 14P,-,-,-,-,-, HA-MAH, 14803033,Malev,-,-,-,-,-,-,-,-,-,-,0,0,0,0,-,-,-
19640217-1,Monday,17-FEB-1964,15:40,A1, En route (ENR),Banihal Pass,India,13,13, Damaged beyond repair,-,Ilyushin Il-14,-,-,-,-,-, registration unknown,-,Indian AF,Military,-,Srinagar Airport,SXR,VISR,India,-,-,-,-,5,8,5,8,-,-,Preliminary
19640218-1,Tuesday,18-FEB-1964,-,A1, Initial climb (ICL),near Osaka-Itami Airport (ITM),Japan,10,2, Damaged beyond repair,-,Grumman G-73 Mallard,-,-,1948,-,-, JA5067, J-40,Nitto Aviation,Unknown,-,Osaka-Itami Airport,ITM,RJOO,Japan,-,-,-,-,-,-,-,-,-,-,-
19640221-0,Friday,21-FEB-1964,16:00,A1, En route (ENR),near Marawi,Philippines,32,31, Damaged beyond repair,-,Douglas C-47B-10-DK (DC-3),2,Pratt & Whitney R-1830-90C,1944,-,-, PI-C97, 26389/14944,Philippine Air Lines,Domestic Scheduled Passenger, 946,Malabang Airport,MLP,RPWM,Philippines,Iligan-Maria Cristina Airport,IGN,RPWX,Philippines,3,29,3,28,-,-,-
19640223-0,Sunday,23-FEB-1964,17:20,A1, Landing (LDG),Beirut International Airport (BEY),Lebanon,53,0, Damaged beyond repair,-,Vickers 732 Viscount,-,-,1955,-,-, SU-AKX,  76,UAA,International Scheduled Passenger,-,Cairo International Airport,CAI,HECA,Egypt,Beirut International Airport,BEY,OLBA,Lebanon,5,48,0,0,-,-,-
19640225-0,Tuesday,25-FEB-1964,02:05,A1, En route (ENR),"30,5 km (19.1 mls) NE off  New Orleans International Airport, LA (MSY)",United States of America,58,58, Damaged beyond repair,-,Douglas DC-8-21,4,Pratt & Whitney JT4A-9,1960,-,11340.0, N8607, 45428/61,Eastern Air Lines,Domestic Scheduled Passenger,EA304,New Orleans International Airport,MSY,KMSY,United States of America,Atlanta Municipal Airport,ATL,KATL,United States of America,7,51,7,51,-,-,Final
19640227-0,Thursday,27-FEB-1964,-,A1, Landing (LDG),Oita Airport (OIT),Japan,42,20, Damaged beyond repair,-,Convair CV-240-0,-,-,1948,-,-, JA5098,  53,Fuji Air Lines,Domestic Scheduled Passenger, 902,-,-,-,-,Oita Airport,OIT,RJFO,Japan,5,37,2,18,-,-,-
19640229-0,Saturday,29-FEB-1964,14:14,A1, En route (ENR),Mt. Glungezer,Austria,83,83, Destroyed, Written off (damaged beyond repair),Bristol 175 Britannia 312,-,-,1958,-,-, G-AOVO, 13423,British Eagle,International Scheduled Passenger, 802/6,London Airport,LHR,EGLL,United Kingdom,Innsbruck-Kranebitten Airport,INN,LOWI,Austria,8,75,8,75,-,-,Final
19640301-1,Sunday,01-MAR-1964,11:29,A1, En route (ENR),"17 km (10.6 mls) NE of Lake Tahoe Airport, CA (TVL)",United States of America,85,85, Damaged beyond repair,-,Lockheed L-049 Constellation,4,Wright R-3350,1945,-,45629.0, N86504, 2025,Paradise Airlines,Domestic Non Scheduled Passenger, 901A,San Jose Municipal Airport,SJC,KSJC,United States of America,Lake Tahoe Airport,TVL,KTVL,United States of America,4,81,4,81,-,-,Final
19640304-0,Wednesday,04-MAR-1964,-,A1, Initial climb (ICL),near Barrackpore Air Force Station,India,22,22, Damaged beyond repair,-,Fairchild C-119 Flying Boxcar,-,-,-,-,-, registration unknown,-,Indian AF,Military,-,-,-,-,-,Bagdogra Airport,IXB,VEBD,India,5,17,5,17,-,-,-
19640305-0,Thursday,05-MAR-1964,-,A1, Takeoff (TOF),Oslo-Fornebu Airport (FBU),Norway,18,0, Damaged beyond repair,-,Douglas C-47A-1-DK (DC-3),2,Pratt & Whitney R-1830-92,1943,-,-, LN-PAS, 12181,Widerøes Flyveselskap,Int'l Non Scheduled Passenger,-,Oslo-Fornebu Airport,FBU,ENFB,Norway,Rotterdam Airport,RTM,EHRD,Netherlands,3,15,0,0,-,-,-
19640308-0,Sunday,08-MAR-1964,-,A1, Landing (LDG),"Londrina Airport, PR (LDB)",Brazil,4,0, Damaged beyond repair,-,SAAB Scandia 90A-1,2,Pratt & Whitney R-2180-E1,1951,-,-, PP-SQY, 90.110,VASP,Training,-,-,-,-,-,Londrina Airport,LDB,SBLO,Brazil,4,0,0,0,-,-,-
19640308-1,Sunday,08-MAR-1964,18:45,A1, En route (ENR),near Facatavivá,Colombia,28,28, Damaged beyond repair,-,Douglas C-47A-5-DK (DC-3),2,Pratt & Whitney R-1830-92,1944,-,-, HK-862, 12374,Líneas Aéreas Taxader,Domestic Scheduled Passenger,-,Pereira-Matecaña Airport,PEI,SKPE,Colombia,Bogotá-Eldorado Airport,BOG,SKBO,Colombia,3,25,3,25,-,-,-
19640308-2,Sunday,08-MAR-1964,23:56,A1, Approach (APR),"12 km (7.5 mls) WNW of Chicago-O'Hare International Airport, IL (ORD)",United States of America,30,1, Damaged beyond repair,-,Douglas DC-3A,2,Pratt & Whitney R-1830,1942,-,37744.0, N410D, 4970,Hansen Air Activities,Domestic Non Scheduled Passenger,-,Pellston-Emmet County Airport,PLN,KPLN,United States of America,Chicago-O'Hare International Airport,ORD,KORD,United States of America,2,28,1,0,-,-,Final
19640309-0,Monday,09-MAR-1964,-,A2, Landing (LDG),Tehran-Mehrabad Airport (THR),Iran,57,0, Substantial, Repaired,de Havilland DH-106 Comet 4,4,Rolls-Royce Avon 524,1959,-,-, G-APDN, 6415,BOAC,International Scheduled Passenger,-,Tel Aviv-Lod International Airport,TLV,LLBG,Israel,Tehran-Mehrabad Airport,THR,OIII,Iran,7,50,0,0,-,-,-
19640310-1,Tuesday,10-MAR-1964,08:22,A1, Approach (APR),"2,1 km (1.3 mls) SW of Boston-Logan International Airport, MA (BOS)",United States of America,3,3, Damaged beyond repair,-,Douglas DC-4,4,Pratt & Whitney R-2000,1944,-,40233.0, N384, 18379,Slick Airways,Cargo,  12,Windsor Locks-Bradley International Airport,BDL,KBDL,United States of America,Boston-Logan International Airport,BOS,KBOS,United States of America,3,0,3,0,-,-,-
19640312-0,Thursday,12-MAR-1964,20:50,A1, Approach (APR),"SE of Miles City Municipal Airport, MT (MLS)",United States of America,5,5, Damaged beyond repair,-,Douglas C-47A-30-DL (DC-3C),-,-,1943,-,30442.0, N61442, 9642,Frontier Airlines,Domestic Scheduled Passenger,  32,Billings-Logan Field,BIL,KBIL,United States of America,Miles City Municipal Airport,MLS,KMLS,United States of America,3,2,3,2,-,-,-
19640314-0,Saturday,14-MAR-1964,-,A1, Unknown (UNK),Rioja,Peru,-,0, Damaged beyond repair,-,Douglas C-47B-5-DK (DC-3),2,Pratt & Whitney R-1830-90C,1944,-,-, OB-PAX-224, 25882/14437,Faucett,Unknown,-,-,-,-,-,-,-,-,-,-,-,0,0,-,-,-
19640317-0,Tuesday,17-MAR-1964,-,A1, Approach (APR),Tenerife-Los Rodeos International Airport (TCI),Spain,21,4, Damaged beyond repair,-,Douglas C-47A-1-DK (DC-3),2,Pratt & Whitney R-1830-92,1943,-,-, T.3-1, 12164,Spanish AF,Military,-,-,-,-,-,Tenerife-Los Rodeos International Airport,TCI,GCXO,Spain,5,16,4,0,-,-,-
19640318-0,Wednesday,18-MAR-1964,-,A1, Landing (LDG),Wisley Airfield,United Kingdom,5,0, Damaged beyond repair,-,BAC One-Eleven 201AC,-,-,1964,16.0,17.0, G-ASJB, 006,BAC,Training,-,-,-,-,-,-,-,-,-,5,0,0,0,-,-,-
19640322-0,Sunday,22-MAR-1964,09:19,A1, Landing (LDG),Singapore-Paya Lebar Airport (QPG),Singapore,68,0, Damaged beyond repair,-,de Havilland DH-106 Comet 4,4,Rolls-Royce Avon 524,1958,-,-, G-APDH, 6409,BOAC,International Scheduled Passenger, 511,Kuala Lumpur International Airport,KUL,WMKK,Malaysia,Singapore-Paya Lebar International Airport,SIN,WSAP,Singapore,8,60,0,0,-,-,Final
19640324-0,Tuesday,24-MAR-1964,-,O1, Standing (STD),Vientiane-Wattay Airport (VTE),Laos,0,0, Damaged beyond repair,-,Scottish Aviation Twin Pioneer 2,2,Pratt & Whitney R-1340,1959,-,-, XW-PBJ, 564,Continental Air Services,-,-,-,-,-,-,-,-,-,-,0,0,0,0,-,-,-
19640324-1,Tuesday,24-MAR-1964,-,O1, Standing (STD),Vientiane-Wattay Airport (VTE),Laos,0,0, Damaged beyond repair,-,Scottish Aviation Twin Pioneer 2,2,Pratt & Whitney R-1340,1959,-,-, XW-PBP, 567,Continental Air Services,-,-,-,-,-,-,-,-,-,-,0,0,0,0,-,-,-
19640326-0,Thursday,26-MAR-1964,11:30,A1, Initial climb (ICL),"Guanabara Bay, RJ",Brazil,3,3, Damaged beyond repair,-,Curtiss C-46D-15-CU Commando,-,-,1945,-,-, PP-LDL, 33467,VASP,Test,-,Rio de Janeiro-Santos Dumont Airport,SDU,SBRJ,Brazil,Rio de Janeiro-Galeão International Airport,GIG,SBGL,Brazil,3,0,3,0,-,-,-
19640328-0,Saturday,28-MAR-1964,06:00,A1, En route (ENR),"1120 km (700 mls) W off  San Fransisco, CA",Pacific Ocean,9,9, Missing, Presumed damaged beyond repair,Douglas C-54A-10-DC (DC-4),-,-,1944,-,-, N4726V, 10315,Facilities Management Corp.,Executive,-,Honolulu International Airport,HNL,PHNL,United States of America,Los Angeles International Airport,LAX,KLAX,United States of America,3,6,3,6,-,-,-
19640328-1,Saturday,28-MAR-1964,22:39,A1, Approach (APR),Mt Somma,Italy,45,45, Destroyed, Written off (damaged beyond repair),Vickers 785D Viscount,-,-,1957,-,-, I-LAKE, 328,Alitalia,Domestic Scheduled Passenger,AZ045,Roma-Fiumicino Airport,FCO,LIRF,Italy,Napoli Airport,NAP,LIRN,Italy,5,40,5,40,-,-,Final
19640402-0,Thursday,02-APR-1964,-,A1, Approach (APR),Calcutta-Dum Dum Airport (CCU),India,2,0, Substantial, Written off (damaged beyond repair),Douglas C-47A-25-DK (DC-3),2,Pratt & Whitney R-1830-92,1944,-,-, VT-COU, 13570,Kalinga Airlines,Cargo,-,-,-,-,-,Calcutta-Dum Dum Airport,CCU,VECC,India,2,0,0,0,-,-,Final
19640404-0,Saturday,04-APR-1964,-,A1, Takeoff (TOF),"Belém Airport, PA (BEL)",Brazil,-,0, Damaged beyond repair,-,Douglas DC-4,-,-,1944,-,-, PP-BTQ, 10506,Paraense Transportes Aéreos,Unknown,-,Belém/Val-de-Cans International Airport,BEL,SBBE,Brazil,-,-,-,-,-,-,0,0,-,-,-
19640406-0,Monday,06-APR-1964,-,A2, Landing (LDG),London-Stansted Airport (STN),United Kingdom,4,0, Substantial, Repaired,Vickers 639 Viking 1,-,-,1946,-,-, G-AHOY, 128,Invicta Int. Airways,Training,-,London-Stansted Airport,STN,EGSS,United Kingdom,London-Stansted Airport,STN,EGSS,United Kingdom,4,0,0,0,-,-,-
19640407-0,Tuesday,07-APR-1964,23:02,A1, Landing (LDG),"New York-John F. Kennedy International Airport, NY (JFK)",United States of America,145,0, Damaged beyond repair,-,Boeing 707-139,4,Pratt & Whitney JT3C-6,1960,-,11094.0, N779PA, 17904/119,Pan Am,Domestic Scheduled Passenger,PA212,San Juan-Isla Verde International Airport,SJU,TJSJ,Puerto Rico,New York-John F. Kennedy International Airport,JFK,KJFK,United States of America,9,136,0,0,-,-,-
19640407-1,Tuesday,07-APR-1964,-,A1, Approach (APR),Along Airport (IXV),India,7,0, Destroyed, Written off (damaged beyond repair),Douglas C-47A-10-DK (DC-3),2,Pratt & Whitney R-1830-92,1944,-,-, VT-CMD, 12491,Kalinga Airlines,Cargo,-,-,-,-,-,Along Airport,IXV,VEAN,India,3,4,0,0,-,-,-
19640407-2,Tuesday,07-APR-1964,-,A1, Landing (LDG),"La Fortuna, BA",Argentina,-,-, Damaged beyond repair,-,Curtiss C-46A-45-CU Commando,2,Pratt & Whitney R-2800-51,1944,-,-, PT-BVG, 30456,private,Unknown,-,-,-,-,-,-,-,-,-,-,-,-,-,-,-,-
19640407-3,Tuesday,07-APR-1964,-,A1, Unknown (UNK),Mekong River,Laos,1,0, Damaged beyond repair,-,Scottish Aviation Twin Pioneer 2,2,Pratt & Whitney R-1340,1959,-,-, XW-PBN, 565,Continental Air Services,Unknown,-,-,-,-,-,-,-,-,-,1,0,0,0,-,-,-
19640411-0,Saturday,11-APR-1964,-,A1, Landing (LDG),"Portel, PA",Brazil,-,-, Damaged beyond repair,-,Canadian Vickers PBV-1A Canso A (PBY-5A),-,-,-,-,-, PP-PCZ, CV-282,Panair do Brasil,Unknown,-,-,-,-,-,-,-,-,-,-,-,-,-,-,-,-
19640412-0,Sunday,12-APR-1964,-,A1, Unknown (UNK),Hargeisa,Somalia,-,-, Damaged beyond repair,-,Douglas C-47B-20-DK (DC-3),2,Pratt & Whitney R-1830-90C,1944,-,-, VR-AAM, 26975/15530,Aden Airways,Unknown,-,-,-,-,-,-,-,-,-,-,-,-,-,-,-,-
19640417-0,Friday,17-APR-1964,19:32,A1, Approach (APR),19 km (11.9 mls) SSE of Dhahran International Airport (DHA),Saudi Arabia,49,49, Damaged beyond repair,-,Sud Aviation SE-210 Caravelle III,-,-,1960,-,-, OD-AEM,  23,MEA,International Scheduled Passenger,ME444,Beirut International Airport,BEY,OLBA,Lebanon,Dhahran International Airport,DHA,OEDR,Saudi Arabia,7,42,7,42,-,-,Final
19640420-0,Monday,20-APR-1964,10:30,A1, Initial climb (ICL),off Pisa-Arturo dell'Oro Air Base (PSA),Italy,6,6, Damaged beyond repair,-,Fairchild C-119G Flying Boxcar,2,Wright R-3350,1952,-,-, MM52-6036, 11075,Italian AF,Military,-,Pisa-Arturo dell'Oro Air Base,PSA,LIRP,Italy,Grosseto Air Base,GRS,LIRS,Italy,-,-,-,-,-,-,-
19640420-1,Monday,20-APR-1964,-,A1, Initial climb (ICL),"Larandia, Chaquéta",Colombia,4,4, Damaged beyond repair,-,Douglas C-47 (DC-3),-,-,-,-,-, FAC-685,-,SATENA,Cargo,-,-,-,-,-,-,-,-,-,3,1,3,1,-,-,-
19640421-0,Tuesday,21-APR-1964,-,A1, Taxi (TXI),Al Arish Airport (AAC),Egypt,-,0, Damaged beyond repair,-,Vickers 754D Viscount,-,-,1957,7167.0,15246.0, OD-ACX, 245,MEA,Unknown,-,-,-,-,-,-,-,-,-,-,-,0,0,-,-,-
19640421-1,Tuesday,21-APR-1964,-,A1, Takeoff (TOF),Bouar Airport (BOP),Central African Republic,37,18, Damaged beyond repair,-,Nord 2501 Noratlas,2,Bristol Hercules 739,-,-,-, 178, 178,French AF,Military,-,Bouar Airport,BOP,FEFO,Central African Republic,Libreville Airport,LBV,FOOL,Gabon,-,-,-,-,-,-,-
19640425-0,Saturday,25-APR-1964,-,A1, Initial climb (ICL),"ca 1,5 km off Valdez Municipal Airport, AK (VDZ)",United States of America,4,4, Damaged beyond repair,-,Fairchild C-123B-19-FA Provider,-,-,-,-,-, 56-4388, 20272,Air National Guard,Military,-,Valdez Municipal Airport,VDZ,PAVD,United States of America,-,-,-,-,3,1,3,1,-,-,-
19640427-0,Monday,27-APR-1964,-,A2, Landing (LDG),Kilwa Masoko Airport (KIY),Tanzania,25,1, Substantial, Repaired,Douglas DC-3C,-,-,1945,-,-, VP-KJP, 32825/16077,East African Airways,Domestic Scheduled Passenger,-,Lindi-Kikwetu Airport,LDI,HTLI,Tanzania,Kilwa Masoko Airport,KIY,HTKI,Tanzania,3,22,1,0,-,-,-
19640429-0,Wednesday,29-APR-1964,-,A1, Unknown (UNK),near Ariège,France,5,5, Damaged beyond repair,-,Nord 2501 Noratlas,2,Bristol Hercules 739,1954,-,-, 35, 35,French AF,Military,-,-,-,-,-,-,-,-,-,5,0,5,0,-,-,-
19640429-1,Wednesday,29-APR-1964,-,A1, En route (ENR),Mitzpe Ramon,Israel,9,9, Damaged beyond repair,-,Nord 2501D Noratlas,2,Bristol Hercules 739,-,-,-, 4X-FAD/044, D150,Israeli AF,Military,-,-,-,-,-,-,-,-,-,2,7,2,7,-,-,-
19640430-0,Thursday,30-APR-1964,-,A1, Landing (LDG),"Laguna Brava, LR",Argentina,6,0, Damaged beyond repair,-,Curtiss C-46D-20-CU Commando,-,-,1945,-,-, LV-HIJ, 22346,Aerolineas Carreras,Cargo,-,Antofagasta-Cerro Moreno Airport,ANF,SCFA,Chile,Buenos Aires/Ezeiza-Ministro Pistarini Airport,EZE,SAEZ,Argentina,6,0,0,0,-,-,-
19640502-0,Saturday,02-MAY-1964,-,A1, Landing (LDG),Ie Shima Airfield,Japan,-,0, Damaged beyond repair,-,Lockheed C-130A Hercules,-,-,1957,-,-, 56-0492, 3100,USAF,Military,-,-,-,-,-,-,-,-,-,-,-,0,0,-,-,-
19640503-0,Sunday,03-MAY-1964,-,A1, En route (ENR),10 km (6.3 mls) SW of Upernavik,Greenland,14,0, Damaged beyond repair,-,Consolidated PBY-6A Catalina,-,-,-,-,-, L-867,-,Danish AF,Military,-,Thule Air Base,THU,BGTL,Greenland,Kangerlussuaq-Søndre Strømfjord Airport,SFJ,BGSF,Greenland,9,5,0,0,-,-,-
19640504-0,Monday,04-MAY-1964,-,A1, Unknown (UNK),Isfahan,Iran,-,-, Damaged beyond repair,-,Douglas R4D-4 (DC-3),-,-,1943,-,-, EP-ADI, 6350,Iran Air,Unknown,-,-,-,-,-,-,-,-,-,-,-,-,-,-,-,-
19640505-0,Tuesday,05-MAY-1964,-,A1, Initial climb (ICL),Tan Hiep,Vietnam,15,15, Damaged beyond repair,-,de Havilland Canada CV-2B Caribou (DHC-4),-,-,1962,-,-, 61-2593, 71,US Army,Military,-,-,-,-,-,Saigon-Tan Son Nhat International Airport,SGN,VVTS,Vietnam,4,11,4,11,-,-,-
19640507-0,Thursday,07-MAY-1964,06:49,C1, En route (ENR),"ca 5 km W of San Ramon, CA",United States of America,44,44, Damaged beyond repair,-,Fairchild F-27A,2,Rolls-Royce Dart 528-7,1959,-,10252.0, N2770R,  36,Pacific Air Lines,Domestic Scheduled Passenger, 773,Stockton Airport,SCK,KSCK,United States of America,San Francisco International Airport,SFO,KSFO,United States of America,3,41,3,41,-,-,Final
19640508-0,Friday,08-MAY-1964,-,A1, Approach (APR),ca 15 km N of Lima International Airport (LIM),Peru,49,46, Destroyed, Written off (damaged beyond repair),Douglas C-54A-DO (DC-4),-,-,1943,-,-, T-47, 3082,Argentine AF,Int'l Non Scheduled Passenger,-,Antofagasta-Cerro Moreno Airport,ANF,SCFA,Chile,Lima-Callao International Airport,LIM,SPIM,Peru,7,42,6,40,-,-,-
19640509-0,Saturday,09-MAY-1964,19:00,A1, En route (ENR),"SW of Cooperton, Kiowa, OK",United States of America,6,6, Destroyed, Written off (damaged beyond repair),Douglas C-124C Globemaster II,4,Pratt & Whitney R-4360-20WA,-,-,-, 52-1008, 43917,USAF,Military,-,Clovis AFB,CVS,KCVS,United States of America,Dover AFB,DOV,KDOV,United States of America,6,0,6,0,-,-,-
19640511-0,Monday,11-MAY-1964,19:20,A1, Approach (APR),Angeles City-Clark Air Base (CRK),Philippines,84,79, Destroyed, Written off (damaged beyond repair),Boeing C-135B Stratolifter,4,Pratt & Whitney TF33-P-5,1962,-,-, 61-0332, 18239/C17,USAF,Military,-,-,-,-,-,Angeles City-Clark Air Base,CRK,RPMK,Philippines,10,74,5,74,-,1,-
19640511-1,Monday,11-MAY-1964,-,A1, En route (ENR),40 km (25 mls) SE off  Cadiz,Spain,10,10, Damaged beyond repair,-,Lockheed P-2E Neptune,-,-,-,-,-, 131481, 426-5362,US Navy,Military,-,-,-,-,-,-,-,-,-,10,0,10,0,-,-,-
19640513-0,Wednesday,13-MAY-1964,-,A1, Landing (LDG),"Svetilnoye, Borispol district",Ukraine,3,1, Damaged beyond repair,-,Antonov An-2R,-,-,1962,-,1442.0, CCCP-09259, 1G23-07,Aeroflot / Ukraine,Agricultural,-,-,-,-,-,-,-,-,-,2,1,1,0,-,-,-
19640515-0,Friday,15-MAY-1964,08:30,A1, En route (ENR),Antisana Volcano,Ecuador,11,1, Damaged beyond repair,-,Douglas C-47H,-,-,1943,-,-, 17105, 11918,US Navy,Cargo,-,Guayaquil-Simon Bolivar Airport,GYE,SEGU,Ecuador,-,-,-,-,4,7,1,0,-,-,-
19640520-0,Wednesday,20-MAY-1964,-,O1, Standing (STD),Manila International Airport (MNL),Philippines,-,-, Damaged beyond repair,-,Douglas C-47A-30-DK (DC-3),2,Pratt & Whitney R-1830-92,1944,-,-, PI-C568, 25231/13786,Fleming,-,-,-,-,-,-,-,-,-,-,-,-,-,-,-,-,-
19640520-1,Wednesday,20-MAY-1964,10:00,A1, En route (ENR),Sibuco Point,Philippines,11,11, Damaged beyond repair,-,de Havilland Canada DHC-3 Otter,-,-,1955,-,7197.0, PI-C51,  68,Philippine Air Lines,Domestic Scheduled Passenger,26/25,Siocon Airport,XSO,PRNO,Philippines,Zamboanga Airport,ZAM,RPMZ,Philippines,1,10,1,10,-,-,Final
19640522-0,Friday,22-MAY-1964,-,C1, En route (ENR),ca 5 km S of Luvungi airstrip,Democratic Republic of the Congo,6,0, Damaged beyond repair,-,de Havilland Canada DHC-3 Otter,-,-,1954,-,4389.0, 303, 20,UN,Military,-,Bukavu-Kamenbe Airport,BKY,FZMA,Democratic Republic of the Congo,Bukavu-Kamenbe Airport,BKY,FZMA,Democratic Republic of the Congo,2,4,0,0,-,-,-
19640523-0,Saturday,23-MAY-1964,-,A2, En route (ENR),near Barcelona,Spain,63,0, Substantial, Repaired,Vickers 701 Viscount,4,Rolls-Royce Dart 506,1954,-,-, G-AMON, 27,Cambrian Airways,International Scheduled Passenger,-,Cardiff/Rhoose Airport,CWL,EGFF,United Kingdom,Palma de Mallorca Airport,PMI,LEPA,Spain,4,59,0,0,-,-,-
19640527-0,Wednesday,27-MAY-1964,15:00,A1, Unknown (UNK),"Morro do São Lourenço, SP",Brazil,3,3, Damaged beyond repair,-,Douglas C-47-DL (DC-3),2,Pratt & Whitney R-1830-92,1942,-,-, PP-SPZ, 4649,VASP,Training,-,São Paulo-Congonhas Airport,CGH,SBSP,Brazil,-,-,-,-,3,0,3,0,-,-,-
19640529-0,Friday,29-MAY-1964,-,A1, Landing (LDG),Long Akah,Malaysia,-,0, Damaged beyond repair,-,Scottish Aviation Twin Pioneer CC.1,2,Alvis Leonides 514,1958,-,-, XM942, 551,RAF,Military,-,-,-,-,-,-,-,-,-,-,-,0,0,-,-,-
19640529-1,Friday,29-MAY-1964,-,A1, Landing (LDG),160 km (100 mls) SE of Trinidad Airport (TDD),Bolivia,-,0, Damaged beyond repair,-,Douglas DC-4,-,-,1943,-,-, CP-717, 10274,TABSA,Unknown,-,-,-,-,-,-,-,-,-,-,-,0,0,-,-,-
19640529-2,Friday,29-MAY-1964,-,A2, Takeoff (TOF),Paris-Orly Airport (ORY),France,103,0, Substantial, Repaired,Boeing 707-331,4,Pratt & Whitney JT4A-12,1959,-,-, N761TW, 17673/69,TWA,International Scheduled Passenger,-,Paris-Orly Airport,ORY,LFPO,France,New York-John F. Kennedy International Airport,JFK,KJFK,United States of America,14,89,0,0,-,-,-
19640601-0,Monday,01-JUN-1964,-,O1, Standing (STD),"Twin Cities NARTU, MN",United States of America,-,-, Damaged beyond repair,-,Douglas R5D-2 (DC-4),-,-,1945,-,-, 50867, 10525,US Navy,Military,-,-,-,-,-,-,-,-,-,-,-,-,-,-,-,-
19640604-0,Thursday,04-JUN-1964,08:00,A1, Initial climb (ICL),"Wichita, KS",United States of America,2,0, Damaged beyond repair,-,Learjet 23,-,-,1963,167.0,194.0, N801L, 23-001,Lear Jet,Test,-,-,-,-,-,-,-,-,-,2,0,0,0,-,-,Final
19640606-0,Saturday,06-JUN-1964,-,A1, Takeoff (TOF),La Paz-El Alto Airport (LPB),Bolivia,-,0, Damaged beyond repair,-,Douglas SC-47D (DC-3),2,Pratt & Whitney R-1830-90,1945,-,-, CP-729, 32546/15798,Aerolineas Abaroa,Unknown,-,La Paz-El Alto Airport,LPB,SLLP,Bolivia,-,-,-,-,-,-,0,0,-,-,-
19640606-1,Saturday,06-JUN-1964,-,A1, Approach (APR),"Brasília International Airport, DF (BSB)",Brazil,-,0, Damaged beyond repair,-,Douglas C-47B-28-DK (DC-3),2,Pratt & Whitney R-1830-90C,1945,-,-, PP-SPK, 32706/15958,VASP,Training,-,Brasília International Airport,BSB,SBBR,Brazil,Brasília International Airport,BSB,SBBR,Brazil,-,0,0,0,-,-,-
19640608-0,Monday,08-JUN-1964,-,A1, Takeoff (TOF),Cheremshan,Russia,5,2, Damaged beyond repair,-,Antonov An-2SX,-,-,1954,-,7985.0, CCCP-25467, 14147320,Aeroflot / Privolzhsk,Ferry/positioning,-,-,-,-,-,-,-,-,-,4,1,1,1,-,-,-
19640609-0,Tuesday,09-JUN-1964,18:01,A1, Landing (LDG),Novosibirsk (OVB),Russia,-,0, Damaged beyond repair,-,Tupolev Tu-104B,2,Mikulin AM-3M-500,1960,-,-, CCCP-42476, 021304,Aeroflot / West Siberia,Domestic Scheduled Passenger,35,Chelyabinsk Airport,CEK,USCC,Russia,Novosibirsk-Tolmachevo Airport,OVB,UNNN,Russia,-,19,0,0,-,-,-
19640609-1,Tuesday,09-JUN-1964,-,A1, Unknown (UNK),near Çanakkale,Turkey,6,6, Damaged beyond repair,-,Douglas C-47A-DL (DC-3),-,-,1943,-,-, ETI-51, 13867,Turkish AF,Military,-,-,-,-,-,-,-,-,-,-,-,-,-,-,-,-
19640611-0,Thursday,11-JUN-1964,-,A1, Landing (LDG),Labuan Airport (LBU),Malaysia,-,0, Damaged beyond repair,-,Vickers Valetta C.1,2,Bristol Hercules 230,1949,-,-, VW863, 421,RAF,Military,-,-,-,-,-,Labuan Airport,LBU,WBKL,Malaysia,-,-,0,0,-,-,-
19640611-2,Thursday,11-JUN-1964,-,C1, En route (ENR),"near Yantai, Shantung Peninsula",China,13,13, Damaged beyond repair,-,Lockheed RB-69A Neptune,-,-,-,-,-, 54-4037, 726-7047,Republic of China AF,Military,-,-,-,-,-,-,-,-,-,13,0,13,0,-,-,-
19640613-0,Saturday,13-JUN-1964,-,A1, Approach (APR),10 km (6.3 mls) E of Bacau Airport (BCM),Romania,-,-, Damaged beyond repair,-,Lisunov Li-2P,-,-,-,-,-, YR-DAC, 23441507,Tarom,Domestic Scheduled Passenger,-,Iasi Airport,IAS,LRIA,Romania,Bacau Airport,BCM,LRBC,Romania,-,-,-,-,-,-,-
19640613-1,Saturday,13-JUN-1964,-,A1, Landing (LDG),"Toronto International Airport, ON (YYZ)",Canada,44,0, Damaged beyond repair,-,Vickers 757 Viscount,-,-,1958,-,-, CF-THT, 302,Air Canada,Domestic Scheduled Passenger,3277,Montreal-Dorval International Airport,YUL,CYUL,Canada,Toronto International Airport,YYZ,CYYZ,Canada,3,41,0,0,-,-,-
19640613-2,Saturday,13-JUN-1964,-,A1, En route (ENR),"100 km (62.5 mls) S off  Jeddah, Saudi Arabia [Red Sea]",Indian Ocean,2,2, Damaged beyond repair,-,Douglas C-47A-20-DK (DC-3),2,Pratt & Whitney R-1830-92,1944,-,-, HZ-AAN, 12899,Saudi Arabian,Training,-,-,-,-,-,-,-,-,-,2,0,2,0,-,-,-
19640620-0,Saturday,20-JUN-1964,17:40,A1, Initial climb (ICL),San-Chiao,Taiwan,57,57, Damaged beyond repair,-,Curtiss C-46D-10-CU Commando,-,-,1944,-,19488.0, B-908, 32950,Civil Air Transport,Domestic Scheduled Passenger, 106,Taichung Airport,TXG,RCLG,Taiwan,Taipei-Songshan Airport,TSA,RCSS,Taiwan,5,52,5,52,-,-,Final
19640621-1,Sunday,21-JUN-1964,04:00,A1, Approach (APR),"0,9 km (0.6 mls) off  Palma de Mallorca",Spain,28,1, Damaged beyond repair,-,Douglas C-47A-85-DL (DC-3),2,Pratt & Whitney R-1830-92,1944,-,-, EC-AQH, 20072,TASSA,Domestic Non Scheduled Passenger,-,Palma de Mallorca Airport,PMI,LEPA,Spain,Ibiza Airport,IBZ,LEIB,Spain,3,25,0,1,-,-,-
19640624-0,Wednesday,24-JUN-1964,-,A1, Takeoff (TOF),"8 km (5 mls) NE of Ridgeway, SC",United States of America,20,5, Damaged beyond repair,-,de Havilland Canada CV-2B Caribou (DHC-4),-,-,1963,-,-, 62-4196, 142,US Army,Military,-,-,-,-,-,-,-,-,-,-,-,-,-,-,2,-
19640625-0,Thursday,25-JUN-1964,-,A1, Landing (LDG),Dhaka-Tejgaon Airport (DAC),Bangladesh,26,0, Damaged beyond repair,-,Fokker F-27 Friendship 200,-,-,1961,8325.0,7016.0, AP-ALO, 10165,PIA,Scheduled Passenger,-,-,-,-,-,Dhaka-Tejgaon Airport,DAC,VGTJ,Bangladesh,4,22,0,0,-,-,-
19640625-1,Thursday,25-JUN-1964,-,A1, Landing (LDG),"Santiago del Estero Airport, SE (SDE)",Argentina,-,0, Damaged beyond repair,-,Douglas C-47B-5-DK (DC-3),-,-,1944,-,-, T-30, 25871/14426,Argentine AF,Military,-,-,-,-,-,Santiago del Estero Airport,SDE,SANE,Argentina,-,-,0,0,-,-,-
19640625-2,Thursday,25-JUN-1964,-,A2, Taxi (TXI),Bermuda-Kindley Field (BDA),Bermuda,122,0, Substantial, Repaired,Bristol 175 Britannia 312,-,-,-,-,-, G-AOVJ, 13418,BOAC,International Scheduled Passenger,-,-,-,-,-,Bermuda-Kindley Field,BDA,TXKF,Bermuda,9,113,0,0,-,-,-
19640626-0,Friday,26-JUN-1964,12:30,A1, Initial climb (ICL),"1,5 km (0.9 mls) from  Río Gallegos Internacional Airport, SC (RGL)",Argentina,64,0, Damaged beyond repair,-,Douglas C-54A-DO (DC-4),-,-,1943,-,-, 0189/5-T-2, 3087,Argentine Navy,Military,-,Río Gallegos Internacional Airport,RGL,SAWG,Argentina,Buenos Aires/Ezeiza-Ministro Pistarini Airport,EZE,SAEZ,Argentina,10,54,0,0,-,-,-
19640629-0,Monday,29-JUN-1964,-,A1, En route (ENR),"6,5 km (4.1 mls) S off  Bermuda",Bermuda,7,7, Destroyed, Written off (damaged beyond repair),Douglas HC-54D (DC-4),-,-,1945,-,-, 42-72590, 10695,USAF,Military,-,Bermuda-Kindley Field,BDA,TXKF,Bermuda,Bermuda-Kindley Field,BDA,TXKF,Bermuda,7,0,7,0,10,-,-
19640629-1,Monday,29-JUN-1964,-,A1, En route (ENR),"6,5 km (4.1 mls) S of Bermuda",Bermuda,10,10, Destroyed, Written off (damaged beyond repair),Boeing KC-97G-29-BO Stratofreighter,-,-,-,-,-, 52-2773, 16804,USAF,Military,-,Bermuda-Kindley Field,BDA,TXKF,Bermuda,Bermuda-Kindley Field,BDA,TXKF,Bermuda,10,0,10,0,7,-,-
19640630-0,Tuesday,30-JUN-1964,-,U1, Unknown (UNK),at an unknown location,Unknown country,-,-, Damaged beyond repair,-,Douglas C-54A-5-DC (DC-4),-,-,1944,-,-, N188S, 10297,Zantop,Unknown,-,-,-,-,-,-,-,-,-,-,-,-,-,-,-,-
19640701-0,Wednesday,01-JUL-1964,-,A1, Landing (LDG),"Nowra Airport, NSW (NOA)",Australia,-,0, Damaged beyond repair,-,de Havilland Canada DHC-4A Caribou,-,-,1964,-,-, A4-134, 134,RAAF,Military,-,-,-,-,-,Nowra Airport,NOA,YSNW,Australia,-,-,0,0,-,-,-
19640702-0,Thursday,02-JUL-1964,-,A1, Unknown (UNK),Krasnodar Airport (KRR),Russia,-,-, Damaged beyond repair,-,Ilyushin Il-18B,-,-,1958,-,-, CCCP-75661, 188000605,Aeroflot / Moscow,Unknown,-,-,-,-,-,-,-,-,-,-,-,-,-,-,-,-
19640703-0,Friday,03-JUL-1964,-,A1, Unknown (UNK),"26 km (16.3 mls) S of Ketchikan, AK",United States of America,5,5, Damaged beyond repair,-,Grumman HU-16E Albatross,-,-,1953,-,-, 7233, G-318,US Coast Guard,Military,-,-,-,-,-,-,-,-,-,5,0,5,0,-,-,Preliminary
19640703-1,Friday,03-JUL-1964,-,O1, Standing (STD),Johannesburg-Randgermiston Airport (QRA),South Africa,0,0, Damaged beyond repair,-,Douglas C-47A-1-DK (DC-3),-,-,1943,-,-, 6875, 12065,South African AF,Military,-,-,-,-,-,-,-,-,-,0,0,0,0,-,-,-
19640703-2,Friday,03-JUL-1964,-,A1, Maneuvering (MNV),1 km (0.6 mls) SW of Urtazym,Russia,2,1, Damaged beyond repair,-,Antonov An-2R,-,-,1962,-,-, CCCP-09242, 1G22-20,Aeroflot / Privolzhsk,Agricultural,-,-,-,-,-,-,-,-,-,2,0,1,0,-,-,-
19640704-0,Saturday,04-JUL-1964,-,A1, Maneuvering (MNV),near Donzère,France,-,0, Damaged beyond repair,-,Canadian Vickers PBV-1A Canso A (PBY-5A),-,-,1944,-,-, F-ZBAR, CV-449,Securité Civile,Fire fighting,-,-,-,-,-,-,-,-,-,-,-,0,0,-,-,-
19640708-0,Wednesday,08-JUL-1964,-,A1, En route (ENR),"Death Valley, CA",United States of America,4,4, Damaged beyond repair,-,Boeing KC-135A Stratotanker,4,Pratt & Whitney J57-P,1961,-,-, 60-0340, 18115/454,USAF,Military,-,-,-,-,-,-,-,-,-,4,0,4,0,1,-,-
19640709-0,Thursday,09-JUL-1964,18:15,A1, En route (ENR),"3,6 km (2.3 mls) NE of Parrottsville, TN",United States of America,39,39, Destroyed, Written off (damaged beyond repair),Vickers 745D Viscount,4,Rolls-Royce Dart 510,1955,-,23804.0, N7405, 103,United Airlines,Domestic Scheduled Passenger,UA823,Washington-National Airport,DCA,KDCA,United States of America,Knoxville-McGhee Tyson Airport,TYS,KTYS,United States of America,4,35,4,35,-,-,Final
19640715-0,Wednesday,15-JUL-1964,-,A1, Maneuvering (MNV),8 km (5 mls) NE of Ansbach,Germany,3,3, Destroyed, Written off (damaged beyond repair),Boeing 720-030B,4,Pratt & Whitney JT3D-1,1962,-,-, D-ABOP, 18249/262,Lufthansa,Training,-,Frankfurt International Airport,FRA,EDDF,Germany,Frankfurt International Airport,FRA,EDDF,Germany,3,0,3,0,-,-,-
19640716-0,Thursday,16-JUL-1964,18:33,A1, Landing (LDG),"Richmond Airport, VA (RIC)",United States of America,76,0, Damaged beyond repair,-,Douglas DC-7B,-,-,1955,-,25106.0, N809D, 44860/616,Eastern Air Lines,Domestic Scheduled Passenger,-,-,-,-,-,Richmond International Airport (Byrd Field),RIC,KRIC,United States of America,5,71,0,0,-,-,-
19640720-0,Monday,20-JUL-1964,18:58,A1, Landing (LDG),"Charlotte-Douglas Airport, NC (CLT)",United States of America,57,0, Damaged beyond repair,-,Douglas DC-7B,-,-,1957,-,19134.0, N831D, 45340/914,Eastern Air Lines,Scheduled Passenger,EA702,-,-,-,-,Charlotte-Douglas Airport,CLT,KCLT,United States of America,5,52,0,0,-,-,-
19640722-0,Wednesday,22-JUL-1964,-,A1, Initial climb (ICL),5 km (3.1 mls) from  Managua Airport (MGA),Nicaragua,2,0, Damaged beyond repair,-,Curtiss C-46 Commando,-,-,-,-,-, AN-AKY,-,LANICA,Cargo,-,Managua Airport,MGA,MNMG,Nicaragua,Miami International Airport,MIA,KMIA,United States of America,2,0,0,0,-,-,-
19640722-1,Wednesday,22-JUL-1964,-,A1, Unknown (UNK),"Norfolk NAS Chambers, VA (NGU)",United States of America,-,-, Damaged beyond repair,-,Lockheed P-2H Neptune,-,-,-,-,-, 145922, 726-7194,US Navy,Military,-,-,-,-,-,-,-,-,-,-,-,-,-,-,-,-
19640723-0,Thursday,23-JUL-1964,-,A1, Landing (LDG),Gia Vuc,Vietnam,4,0, Damaged beyond repair,-,Fairchild C-123B-19-FA Provider,-,-,-,-,-, 56-4383, 20267,USAF,Military,-,-,-,-,-,-,-,-,-,4,0,0,0,-,-,-
19640726-0,Sunday,26-JUL-1964,-,A1, Unknown (UNK),near Magdeburg,Germany,2,2, Damaged beyond repair,-,Antonov An-2,-,-,-,-,-, DM-SKS, 1170(473)15,Interflug,Unknown,-,-,-,-,-,-,-,-,-,-,-,-,-,-,-,-
19640727-0,Monday,27-JUL-1964,-,A1, Unknown (UNK),near Pingtung,Taiwan,6,6, Damaged beyond repair,-,Curtiss C-46 Commando,-,-,-,-,-, 6340,-,Republic of China AF,Military,-,-,-,-,-,-,-,-,-,-,-,-,-,-,-,-
19640727-2,Monday,27-JUL-1964,-,A1, Unknown (UNK),near Pingtung,Taiwan,6,6, Damaged beyond repair,-,Curtiss C-46 Commando,-,-,-,-,-, 6331,-,Republic of China AF,Military,-,-,-,-,-,-,-,-,-,-,-,-,-,-,-,-
19640727-3,Monday,27-JUL-1964,-,A1, Unknown (UNK),near Pingtung,Taiwan,6,6, Damaged beyond repair,-,Curtiss C-46 Commando,-,-,-,-,-, 6008,-,Republic of China AF,Military,-,-,-,-,-,-,-,-,-,-,-,-,-,-,-,-
19640729-0,Wednesday,29-JUL-1964,-,A1, Unknown (UNK),at an unknown location,Unknown country,-,-, Damaged beyond repair,-,Douglas C-47D (DC-3),-,-,1944,-,-, 43-49253, 26514/15069,USAF,Military,-,-,-,-,-,-,-,-,-,-,-,-,-,-,-,-
19640730-1,Thursday,30-JUL-1964,21:02,A2, Landing (LDG),"Washington-Dulles International Airport, DC (IAD)",United States of America,8,0, Substantial, Repaired,Douglas DC-7,-,-,1953,-,16829.0, N464, 44127/402,FAA,Test,-,-,-,-,-,Washington-Dulles International Airport,IAD,KIAD,United States of America,3,5,0,0,-,-,Final
19640803-0,Monday,03-AUG-1964,-,A1, Landing (LDG),Magadan Airport (GDX),Russia,-,-, Damaged beyond repair,-,Ilyushin Il-18V,4,Ivchenko AI-20K,1962,-,-, CCCP-75824, 182004903,Aeroflot / Moscow,Unknown,-,-,-,-,-,Magadan Airport,GDX,UHMM,Russia,-,-,-,-,-,-,-
19640803-1,Monday,03-AUG-1964,19:35,A1, Landing (LDG),"Granite Mountain Airport, AK (GMT)",United States of America,4,0, Damaged beyond repair,-,Fairchild C-82A-FA Packet,-,-,1946,-,2373.0, N4829V, 10073,M&F,Executive,-,-,-,-,-,-,-,-,-,2,2,0,0,-,-,Final
19640804-1,Tuesday,04-AUG-1964,-,O1, Standing (STD),Lundazi District,Zambia,-,-, Damaged beyond repair,-,Douglas C-47B Dakota (DC-3),-,-,1945,-,-, AF-101, 32715/15967,Zambian Air Force,Military,-,-,-,-,-,-,-,-,-,-,-,-,-,-,-,-
19640808-0,Saturday,08-AUG-1964,-,O1, Standing (STD),Lundazi District,Zambia,-,-, Damaged beyond repair,-,Douglas C-47B Dakota (DC-3),-,-,1945,-,-, AF-102, 33547/16799,Zambian Air Force,Military,-,-,-,-,-,-,-,-,-,-,-,-,-,-,-,-
19640814-0,Friday,14-AUG-1964,-,A1, Unknown (UNK),13 km (8.1 mls) off  Ceiba-Roosevelt Roads NAS,Puerto Rico,-,-, Damaged beyond repair,-,de Havilland Canada CV-2B Caribou (DHC-4),-,-,1963,-,-, 62-4151, 87,US Army,Military,-,-,-,-,-,-,-,-,-,-,-,-,-,-,-,-
19640816-0,Sunday,16-AUG-1964,-,A1, En route (ENR),"ca 200 km S of Belém, PA",Brazil,4,1, Damaged beyond repair,-,Curtiss C-46A-40-CU Commando,2,Pratt & Whitney R-2800-51,1944,-,-, PP-NMF, 26971,VASP,Cargo,-,Carolina Airport,CLN,SBCI,Brazil,Belém/Val-de-Cans International Airport,BEL,SBBE,Brazil,4,0,1,0,-,-,-
19640819-0,Wednesday,19-AUG-1964,20:05,A1, Landing (LDG),"near Tonopah, NV",United States of America,35,0, Damaged beyond repair,-,Douglas C-47-DL (DC-3),2,Pratt & Whitney R-1830-92,1942,-,8209.0, N61350, 4535,Hawthorne Nevada,Passenger,-,Hollywood-Lockheed Air Terminal,BUR,KBUR,United States of America,-,-,-,-,3,32,0,0,-,-,-
19640820-0,Thursday,20-AUG-1964,-,A1, En route (ENR),Rioja area,Peru,2,2, Damaged beyond repair,-,de Havilland Canada U-1A Otter (DHC-3),-,-,-,-,-, 57-6117, 243,US Army,Military,-,-,-,-,-,-,-,-,-,2,0,2,0,-,-,-
19640820-1,Thursday,20-AUG-1964,-,A2, Landing (LDG),near Tilshead,United Kingdom,4,0, Substantial, Repaired,BAC One-Eleven 201AC,-,-,1964,-,-, G-ASJD, 8,BAC,Training,-,-,-,-,-,-,-,-,-,4,0,0,0,-,-,Final
19640821-0,Friday,21-AUG-1964,-,A1, Landing (LDG),Okayama Airport (OKJ),Japan,-,-, Damaged beyond repair,-,Curtiss C-46D-15-CU Commando,-,-,1945,-,-, 51-1121, 33455,JASDF,Military,-,-,-,-,-,-,-,-,-,-,-,-,-,-,-,-
19640822-0,Saturday,22-AUG-1964,-,A1, En route (ENR),near Tipuani,Bolivia,4,4, Damaged beyond repair,-,Douglas C-47A-25-DK (DC-3),2,Pratt & Whitney R-1830-92,1944,-,-, CP-680, 13371,S.A.Cochabamba,Domestic Non Scheduled Passenger,-,La Paz-El Alto Airport,LPB,SLLP,Bolivia,-,-,-,-,2,2,2,2,-,-,-
19640822-1,Saturday,22-AUG-1964,-,A1, En route (ENR),Hurka,Czech Republic,10,10, Damaged beyond repair,-,Avia 14T,-,-,1959,-,-, 3148, 171913148,Czechoslovak AF,Military,-,-,-,-,-,Ostrava-Monov International Airport,OSR,LKMT,Czech Republic,10,0,10,0,-,-,-
19640823-0,Sunday,23-AUG-1964,-,A1, En route (ENR),off Puerto Rico,Puerto Rico,23,0, Damaged beyond repair,-,Lockheed WC-121N Super Constellation,-,-,1956,-,4353.0, 137891, 4378,US Navy,Military,-,-,-,-,-,-,-,-,-,-,-,0,0,-,-,-
19640825-0,Tuesday,25-AUG-1964,-,A1, Approach (APR),near Topcliffe RAF Station,United Kingdom,2,2, Damaged beyond repair,-,Vickers Varsity T.1,2,Bristol Hercules 264,1951,-,-, WF329, 521,RAF,Military,-,-,-,-,-,-,-,-,-,2,0,2,0,-,-,-
19640827-0,Thursday,27-AUG-1964,03:00,O1, Standing (STD),"Miami International Airport, FL (MIA)",United States of America,0,0, Damaged beyond repair,-,Canadair DC-4M2 North Star,4,Rolls-Royce Merlin 622,-,-,-, CF-TFJ, 134,LEBCA,-,-,-,-,-,-,-,-,-,-,0,0,0,0,-,-,-
19640827-1,Thursday,27-AUG-1964,03:00,O1, Standing (STD),"Miami International Airport, FL (MIA)",United States of America,0,0, Damaged beyond repair,-,Canadair DC-4M2 North Star,4,Rolls-Royce Merlin 622,-,-,-, CF-TFQ, 141,Keegan Aviation,-,-,-,-,-,-,-,-,-,-,0,0,0,0,-,-,-
19640827-2,Thursday,27-AUG-1964,03:00,O1, Standing (STD),"Miami International Airport, FL (MIA)",United States of America,0,0, Damaged beyond repair,-,Canadair DC-4M2 North Star,4,Rolls-Royce Merlin 622,-,-,-, YV-C-LBU, 129,LEBCA,-,-,-,-,-,-,-,-,-,-,0,0,0,0,-,-,-
19640827-3,Thursday,27-AUG-1964,03:00,O1, Standing (STD),"Miami International Airport, FL (MIA)",United States of America,0,0, Damaged beyond repair,-,Curtiss C-46F-1-CU Commando,-,-,1945,-,-, N4876V, 22435,Argonaut Airways,-,-,-,-,-,-,-,-,-,-,0,0,0,0,-,-,-
19640827-4,Thursday,27-AUG-1964,03:00,O1, Standing (STD),"Miami International Airport, FL (MIA)",United States of America,0,0, Damaged beyond repair,-,Curtiss C-46A-45-CU Commando,2,Pratt & Whitney R-2800-51,1944,-,-, N9903F, 30264,Airlift Int.,-,-,-,-,-,-,-,-,-,-,0,0,0,0,-,-,-
19640827-5,Thursday,27-AUG-1964,03:00,O1, Standing (STD),"Miami International Airport, FL (MIA)",United States of America,0,0, Damaged beyond repair,-,Curtiss C-46F-1-CU Commando,-,-,1945,-,-, N1823M, 22578,Airlift Int.,-,-,-,-,-,-,-,-,-,-,0,0,0,0,-,-,-
19640827-6,Thursday,27-AUG-1964,03:00,O1, Standing (STD),"Miami International Airport, FL (MIA)",United States of America,0,0, Damaged beyond repair,-,Douglas C-47B-45-DK (DC-3),2,Pratt & Whitney R-1830-90C,1945,-,-, N34963, 34148/16891,Boreas,-,-,-,-,-,-,-,-,-,-,0,0,0,0,-,-,-
19640827-7,Thursday,27-AUG-1964,-,U1, Unknown (UNK),"Homer Airport, AK (HOM)",United States of America,-,-, Damaged beyond repair,-,Douglas C-124C Globemaster II,4,Pratt & Whitney R-4360-20WA,-,-,-, 50-0114, 43252,USAF,Military,-,-,-,-,-,-,-,-,-,-,-,-,-,-,-,-
19640902-0,Wednesday,02-SEP-1964,21:11,A1, Approach (APR),26 km (16.3 mls) NW of Yuzhno-Sakhalinsk Airport (UUS),Russia,93,87, Destroyed, Written off (damaged beyond repair),Ilyushin Il-18V,4,Ivchenko AI-20K,1963,358.0,1269.0, CCCP-75531, 183006904,Aeroflot / Krasnoyarsk,Domestic Scheduled Passenger, 721,Khabarovsk-Novy Airport,KHV,UHHH,Russia,Yuzhno-Sakhalinsk Airport,UUS,UHSS,Russia,9,84,9,78,-,-,-
19640903-0,Thursday,03-SEP-1964,-,O1, Takeoff (TOF),"Phoenix-Deer Valley Airport, AZ (DVT)",United States of America,0,0, Damaged beyond repair,-,Lockheed L-1649A Starliner,-,-,1957,-,-, LV-GLI, 1008,FAA,Test,-,Phoenix-Deer Valley Airport,DVT,KDVT,United States of America,-,-,-,-,0,0,0,0,-,-,-
19640903-1,Thursday,03-SEP-1964,-,A1, Initial climb (ICL),Vaong Nong,Thailand,33,28, Damaged beyond repair,-,Douglas C-47D,2,Pratt & Whitney R-1830-90,1945,-,-, L2-29/02?, 27042/15597,Thai AF,Military,-,-,-,-,-,Ubon Ratchathani-Muang Ubon Airport,UBP,VTUU,Thailand,-,-,-,-,-,-,Preliminary
19640903-2,Thursday,03-SEP-1964,-,A1, En route (ENR),Karimata Strait,Malaysia,55,55, Missing, Presumed damaged beyond repair,Lockheed C-130B Hercules,4,Allison T56-A-7,1961,-,-, T-1307, 3599,Indonesian AF,Military,-,-,-,-,-,-,-,-,-,8,47,8,47,-,-,-
19640904-0,Friday,04-SEP-1964,19:34,A1, En route (ENR),"15 km (9.4 mls) SW of Nova Friburgo, RJ",Brazil,39,39, Destroyed, Written off (damaged beyond repair),Vickers 701C Viscount,-,-,1955,-,17165.0, PP-SRR,  66,VASP,Domestic Scheduled Passenger, 141,Vitória-Goiabeiras Airport,VIX,SBVT,Brazil,-,-,-,-,5,34,5,34,-,-,-
19640907-0,Monday,07-SEP-1964,-,U1, Unknown (UNK),at an unknown location,Unknown country,-,-, Damaged beyond repair,-,Douglas SC-47D (DC-3),2,Pratt & Whitney R-1830-90C,1945,-,-, T.3-38, 32779/16031,Spanish AF,Military,-,-,-,-,-,-,-,-,-,-,-,-,-,-,-,-
19640908-0,Tuesday,08-SEP-1964,02:43,A1, En route (ENR),120 km (75 mls) off  Vietnam coast [South China Sea],Pacific Ocean,13,5, Damaged beyond repair,-,Lockheed SP-2E Neptune,-,-,-,-,-, 131513, 426-5394,US Navy,Military,-,-,-,-,-,-,-,-,-,-,-,5,0,-,-,-
19640911-0,Friday,11-SEP-1964,-,A1, Landing (LDG),Bario Airport (BBN),Malaysia,-,0, Damaged beyond repair,-,Scottish Aviation Twin Pioneer CC.1,2,Alvis Leonides 514,1961,-,-, XP294, 573,RAF,Military,-,-,-,-,-,Bario Airport,BBN,WBGZ,Malaysia,-,-,0,0,-,-,-
19640913-0,Sunday,13-SEP-1964,22:45,A1, Landing (LDG),Málaga Airport (AGP),Spain,45,0, Damaged beyond repair,-,Fokker F-27 Friendship 200,-,-,1959,3916.0,4707.0, HB-AAI, 10141,Balair,Scheduled Passenger,-,-,-,-,-,Málaga Airport,AGP,LEMG,Spain,-,-,0,0,-,-,-
19640915-0,Tuesday,15-SEP-1964,17:51,A1, Approach (APR),near Condoto,Colombia,2,2, Damaged beyond repair,-,Douglas C-47A-80-DL (DC-3),2,Pratt & Whitney R-1830-92,1944,-,-, HK-319, 19680,Avianca,Cargo,-,Condoto-Mandinga Airport,COG,SKCD,Colombia,Medellín-Enrique Olaya Herrera Airport,EOH,SKMD,Colombia,2,0,2,0,-,-,-
19640915-1,Tuesday,15-SEP-1964,-,A1, Takeoff (TOF),Puerto Rico Airport (PCC),Colombia,25,0, Damaged beyond repair,-,Douglas C-47 (DC-3),-,-,-,-,-, FAC-667,-,SATENA,Military,-,-,-,-,-,-,-,-,-,-,-,0,0,-,-,-
19640916-0,Wednesday,16-SEP-1964,-,A1, Takeoff (TOF),Kiev-Gostomel Airport (GML),Ukraine,-,-, Damaged beyond repair,-,Antonov An-8RU,-,-,-,-,-, CCCP-55517?, 1Z-3470,Unknown,Test,-,Kiev-Gostomel Airport,GML,UKKM,Ukraine,-,-,-,-,-,-,-,-,-,-,-
19640916-1,Wednesday,16-SEP-1964,-,A1, Landing (LDG),Manawa,Yemen,-,0, Damaged beyond repair,-,Scottish Aviation Twin Pioneer CC.1,2,Alvis Leonides 514,1958,-,-, XM943, 552,RAF,Military,-,-,-,-,-,-,-,-,-,-,-,0,0,-,-,-
19640920-0,Sunday,20-SEP-1964,-,A1, Landing (LDG),Muang Hein (LS-48),Laos,-,-, Damaged beyond repair,-,Scottish Aviation Twin Pioneer 2,2,Pratt & Whitney R-1340,1959,-,-, XW-PBO, 566,Bird & Sons,Cargo,-,-,-,-,-,-,-,-,-,-,-,-,-,-,-,-
19640922-0,Tuesday,22-SEP-1964,10:08,A2, Initial climb (ICL),San Juan-Isla Verde International Airport (SJU),Puerto Rico,2,0, Substantial, Repaired,Douglas C-47A-25-DK (DC-3),2,Pratt & Whitney R-1830-92,1944,-,-, N1549V, 13480,Caribair,Cargo,-,San Juan-Isla Verde International Airport,SJU,TJSJ,Puerto Rico,-,-,-,-,2,0,0,0,-,-,Final
19640928-0,Monday,28-SEP-1964,04:50,A1, Approach (APR),Istanbul,Turkey,97,0, Damaged beyond repair,-,Douglas DC-7C,-,-,1957,-,20668.0, G-ASID, 45161/757,Caledonian Airways,Int'l Non Scheduled Passenger, 355,London-Gatwick Airport,LGW,EGKK,United Kingdom,Istanbul-Yesilköy Airport,IST,LTBA,Turkey,8,89,0,0,-,-,-
19640929-0,Tuesday,29-SEP-1964,-,A2, Landing (LDG),"Guernsey Airport, Channel Islands (GCI)",United Kingdom,16,0, Substantial, Repaired,Douglas C-47-DL (DC-3),2,Pratt & Whitney R-1830-92,1943,-,-, G-AOFZ, 9131,BMA,Domestic Scheduled Passenger,-,-,-,-,-,Guernsey Airport,GCI,EGJB,United Kingdom,3,13,0,0,-,-,-
19640930-1,Wednesday,30-SEP-1964,-,A1, Unknown (UNK),Shiraz Airport (SYZ),Iran,12,1, Substantial,-,Douglas C-47 (DC-3),-,-,-,-,-, registration unknown,-,Iran AF,Military,-,-,-,-,-,-,-,-,-,-,-,1,0,-,-,-
19641002-0,Friday,02-OCT-1964,04:45,A1, En route (ENR),Mt Alcazaba,Spain,80,80, Destroyed, Written off (damaged beyond repair),Douglas DC-6B,4,Pratt & Whitney R-2800,1953,-,29620.0, F-BHMS, 44062/384,UTA,International Scheduled Passenger,-,Palma de Mallorca Airport,PMI,LEPA,Spain,Port-Étienne Airport,NDB,GQPP,Mauritania,7,73,7,73,-,-,Final
19641002-1,Friday,02-OCT-1964,-,A1, Landing (LDG),Damascus International Airport (DAM),Syria,-,0, Damaged beyond repair,-,Douglas C-54A-DO (DC-4),-,-,1943,-,-, YK-ADA, 3101,Syrian Arab Airlines,Unknown,-,-,-,-,-,Damascus International Airport,DAM,OSDI,Syria,-,-,0,0,-,-,-
19641002-2,Friday,02-OCT-1964,-,A1, Landing (LDG),Addis Ababa-Bole Airport (ADD),Ethiopia,7,1, Damaged beyond repair,-,Lockheed L-749A-79 Constellation,-,-,1947,-,-, LX-IOK, 2562,Interocean,Cargo,-,Dublin Airport,DUB,EIDW,Ireland,Addis Ababa-Bole Airport,ADD,HAAB,Ethiopia,7,0,1,0,-,-,-
19641002-3,Friday,02-OCT-1964,16:30,A1, Landing (LDG),"Otter Lake, Chichagof Island, AK",United States of America,3,1, Damaged beyond repair,-,Steward-Davis Super Catalina (PBY-5A),2,Wright R-2600,-,-,-, N4936V, 1705,Alaska Coastal-Ellis Airlines,Cargo,-,Sitka Airport,SIT,PASI,United States of America,-,-,-,-,3,0,1,0,-,-,Final
19641006-0,Tuesday,06-OCT-1964,-,A2, Landing (LDG),Glasgow-Renfrew Airport,United Kingdom,95,0, Substantial, Repaired,Vickers 951 Vanguard,4,Rolls-Royce Tyne 506,1960,-,-, G-APEE, 708,BEA,Domestic Scheduled Passenger,-,London Airport,LHR,EGLL,United Kingdom,-,-,-,-,8,87,0,0,-,-,-
19641009-0,Friday,09-OCT-1964,20:26,A1, En route (ENR),2 km (1.3 mls) S of Cugir,Romania,31,31, Destroyed, Written off (damaged beyond repair),Ilyushin Il-14P,-,-,1960,-,-, YR-ILB, 146000902,Tarom,Domestic Scheduled Passenger,-,Timisoara Airport,TSR,LRTR,Romania,Bucharest-Baneasa Airport,BBU,LRBS,Romania,-,-,-,-,-,-,-
19641013-0,Tuesday,13-OCT-1964,-,A1, En route (ENR),near Cape Khorgoy,Russia,5,0, Damaged beyond repair,-,Lisunov Li-2,-,-,-,-,-, CCCP-04370, 5605,Aeroflot / Polar,Survey/research,-,Tiksi Airport,IKS,UEST,Russia,Tiksi Airport,IKS,UEST,Russia,5,0,0,0,-,-,-
19641014-0,Wednesday,14-OCT-1964,-,A2, Landing (LDG),Derby Airport,United Kingdom,39,0, Substantial, Repaired,Douglas C-47A (DC-3),-,-,1943,-,-, G-AGJV, 12195,BMA,Int'l Non Scheduled Passenger,-,Hamburg-Fuhlsbüttel Airport,HAM,EDDH,Germany,-,-,-,-,3,36,0,0,-,-,-
19641015-0,Thursday,15-OCT-1964,-,A2, Takeoff (TOF),Madras Airport (MAA),India,-,0, Substantial, Repaired,Fokker F-27 Friendship 100,-,-,1963,-,-, VT-DOL, 10219,Indian Airlines,Domestic Scheduled Passenger,-,Madras Airport,MAA,VOMM,India,-,-,-,-,-,-,0,0,-,-,Final
19641016-0,Friday,16-OCT-1964,-,A1, Unknown (UNK),near Palembang,Indonesia,60,13, Damaged beyond repair,-,Antonov An-12B,4,Ivchenko AI-20M,-,-,-, T-1202, 402202 ?,Indonesian AF,Military,-,-,-,-,-,-,-,-,-,-,-,-,-,-,-,-
19641019-0,Monday,19-OCT-1964,-,A1, Approach (APR),Mount Avala,Serbia,33,33, Damaged beyond repair,-,Ilyushin Il-18V,4,Ivchenko AI-20,1963,-,-, CCCP-75668, 183005704,Soviet AF,Military,-,Moskva-Sheremetyevo Airport,SVO,UUEE,Russia,Beograd-Batajnica Air Base,BJY,LYBT,Serbia,11,22,11,22,-,-,-
19641022-0,Thursday,22-OCT-1964,-,A2, Takeoff (TOF),Châteauroux Airport (CHR),France,-,0, Substantial, Repaired,Fairchild C-119G Flying Boxcar,2,Wright R-3350,1952,-,-, MM52-6041, 11080,Italian AF,Military,-,Châteauroux Airport,CHR,LFLX,France,-,-,-,-,-,-,0,0,-,-,-
19641022-1,Thursday,22-OCT-1964,-,A1, Unknown (UNK),Lillie Glacier,Antarctica,-,0, Damaged beyond repair,-,Douglas LC-47H,-,-,1943,-,-, 12407, 9179,US Navy,Military,-,-,-,-,-,-,-,-,-,-,-,0,0,-,-,-
19641024-0,Saturday,24-OCT-1964,-,C1, En route (ENR),near Phumi Dak Dam,Cambodia,8,8, Damaged beyond repair,-,Fairchild C-123B-14-FA Provider,-,-,-,-,-, 55-4549, 20210,USAF,Military,-,Nha Trang Airport,NHA,VVNT,Vietnam,Nha Trang Airport,NHA,VVNT,Vietnam,8,0,8,0,-,-,-
19641024-1,Saturday,24-OCT-1964,-,A1, Approach (APR),"4,1 km (2.6 mls) from  Nikolayevsk-na-Amure",Russia,2,2, Damaged beyond repair,-,Antonov An-2,-,-,1956,-,6349.0, CCCP-01231, 16947320,Aeroflot / Far East,Cargo,-,-,-,-,-,-,-,-,-,2,0,2,0,-,-,-
19641031-0,Saturday,31-OCT-1964,-,A1, En route (ENR),"29 km (18.1 mls) S of Augusta, GA",United States of America,3,3, Damaged beyond repair,-,de Havilland Canada CV-2B Caribou (DHC-4),-,-,1964,-,-, 63-9736, 180,US Army,Military,-,-,-,-,-,-,-,-,-,3,0,3,0,3,-,-
19641031-1,Saturday,31-OCT-1964,-,A1, En route (ENR),"29 km (18.1 mls) S of Augusta, GA",United States of America,3,3, Damaged beyond repair,-,de Havilland Canada CV-2B Caribou (DHC-4),-,-,1964,-,-, 63-9749, 205,US Army,Military,-,-,-,-,-,-,-,-,-,3,0,3,0,3,-,-
19641101-0,Sunday,01-NOV-1964,-,A1, En route (ENR),off Magong,Taiwan,-,0, Damaged beyond repair,-,Fairchild C-123B-17-FA Provider,-,-,-,-,-, 56-4355, 20239,USAF,Military,-,-,-,-,-,-,-,-,-,-,-,0,0,-,-,-
19641103-0,Tuesday,03-NOV-1964,-,A1, Landing (LDG),"Patuxent River-NAS, MD (NHK)",United States of America,-,-, Damaged beyond repair,-,Lockheed C-121J Super Constellation,-,-,1953,-,-, 131625, 4126,US Navy,Military,-,-,-,-,-,Patuxent River NAS,NHK,KNHK,United States of America,-,-,-,-,-,-,-
19641105-0,Thursday,05-NOV-1964,-,A1, Initial climb (ICL),"0,5 km (0.3 mls) S of Portsmouth-Pease Air Force Base, NH (PSM)",United States of America,5,5, Destroyed, Written off (damaged beyond repair),Boeing KC-97 Stratofreighter,-,-,-,-,-, registration unknown,-,USAF,Military,-,Portsmouth-Pease AFB,PSM,KPSM,United States of America,-,-,-,-,5,0,5,0,-,-,-
19641105-1,Thursday,05-NOV-1964,-,A2, Landing (LDG),Málaga Airport (AGP),Spain,74,0, Substantial,-,de Havilland DH-106 Comet 4B,-,-,1960,-,-, G-APMD, 6435,BEA,Scheduled Passenger,-,Madrid-Barajas Airport,MAD,LEMD,Spain,Málaga Airport,AGP,LEMG,Spain,7,67,0,0,-,-,-
19641107-0,Saturday,07-NOV-1964,15:48,A1, Initial climb (ICL),"1 km (0.6 mls) from  Goose Bay Airport, NL (YYR)",Canada,7,7, Damaged beyond repair,-,Douglas C-133A-30-DL Cargomaster,-,-,1959,-,-, 56-2014, 45251,USAF,Military,-,Goose Bay Airport,YYR,CYYR,Canada,Kangerlussuaq-Søndre Strømfjord Airport,SFJ,BGSF,Greenland,7,0,7,0,-,-,-
19641107-1,Saturday,07-NOV-1964,19:35,A1, En route (ENR),"near Perote, Vera Cruz",Mexico,2,2, Damaged beyond repair,-,Fairchild C-82A Packet,-,-,-,-,-, N74127, 10177,Steward-Davis,Executive,-,-,-,-,-,-,-,-,-,2,0,2,0,-,-,-
19641109-0,Monday,09-NOV-1964,-,A1, Takeoff (TOF),Barranquilla-Soledad Airport (BAQ),Colombia,-,0, Damaged beyond repair,-,Curtiss C-46D-5-CU Commando,-,-,1944,-,-, HK-400, 30622,Aerocondor de Colombia,Cargo,-,Barranquilla-Soledad Airport,BAQ,SKBQ,Colombia,-,-,-,-,-,-,0,0,-,-,-
19641109-1,Monday,09-NOV-1964,-,A1, Maneuvering (MNV),2 km (1.3 mls) NW of Gavanoasa,Moldova,4,4, Damaged beyond repair,-,Antonov An-2SX,-,-,1959,-,3834.0, CCCP-43915, 111347307,Aeroflot / Moldova,Ferry/positioning,-,-,-,-,-,-,-,-,-,4,0,4,0,-,-,-
19641111-0,Wednesday,11-NOV-1964,-,A1, Landing (LDG),Heraklion Airport (HER),Greece,14,10, Damaged beyond repair,-,Lockheed P2V-6M Neptune,-,-,-,-,-, 134663, 626-6060,French Navy,Military,-,-,-,-,-,Heraklion Airport,HER,LGIR,Greece,-,-,-,-,-,-,-
19641112-0,Thursday,12-NOV-1964,15:45,A1, Initial climb (ICL),Freeport-Grand Bahama International Airport (FPO),Bahamas,4,4, Damaged beyond repair,-,Lockheed 18-50 Lodestar,-,-,1943,-,-, N171Q, 18-2381,Private,Executive,-,Freeport-Grand Bahama International Airport,FPO,MYGF,Bahamas,-,-,-,-,1,3,1,3,-,-,-
19641115-0,Sunday,15-NOV-1964,20:25,A1, Approach (APR),"13 km (8.1 mls) S of Las Vegas, NV",United States of America,29,29, Damaged beyond repair,-,Fairchild F-27A,-,-,1958,-,14401.0, N745L,  29,Bonanza Air Lines,Domestic Scheduled Passenger, 114,Phoenix-Sky Harbor International Airport,PHX,KPHX,United States of America,Las Vegas-McCarran International Airport,LAS,KLAS,United States of America,3,26,3,26,-,-,Final
19641117-0,Tuesday,17-NOV-1964,18:55,A1, Approach (APR),"6,5 km (4.1 mls) off  Argentia-NAS, NL (NWP)",Canada,10,10, Damaged beyond repair,-,Lockheed P-3A Orion,-,-,1964,-,-, 151362, 185-5075,US Navy,Military,-,-,-,-,-,-,-,-,-,10,0,10,0,-,-,-
19641118-0,Wednesday,18-NOV-1964,-,A1, Landing (LDG),A Ro,Vietnam,-,0, Substantial, Written off (damaged beyond repair),de Havilland Canada DHC-4A Caribou,-,-,1964,-,-, A4-185, 185,RAAF,Military,-,-,-,-,-,-,-,-,-,-,-,0,0,-,-,-
