identifiant,week_day,date,time,type_event,phase,location,country,total_occupants,total_fatalities,aircraft_damage,aircraft_fate,type_aircraft,number_engines,type_engines,first_flight,cycles,total_airframe_hours,registration,c_n_msn,operator,nature,flight_number,departure_airport_name,departure_airport_IATA,departure_airport_ICAO,departure_airport_country,destination_airport_name,destination_airport_IATA,destination_airport_ICAO,destination_airport_country,crew_number,passengers_number,crew_fatalities,passengers_fatalities,collision_casualties,ground_casualties,status
19811207-1,Monday,07-DEC-1981,-,H2, Unknown (UNK),Havana-José Martí International Airport (HAV),Cuba,-,0, Unknown,-,McDonnell Douglas DC-9,-,-,-,-,-, registration unknown,-,AVENSA,Domestic Scheduled Passenger,-,Caracas Airport,CCS,SVMI,Venezuela,Barcelona-Gen J A Anzoategui Airport,BLA,SVBC,Venezuela,-,-,0,0,-,-,-
19811207-2,Monday,07-DEC-1981,-,H2, Unknown (UNK),Havana-José Martí International Airport (HAV),Cuba,-,0, Unknown,-,Boeing 727,-,-,-,-,-, registration unknown,-,AVENSA,Unknown,-,Caracas Airport,CCS,SVMI,Venezuela,San Antonio del Tachira Airport,SVZ,SVSA,Venezuela,-,-,0,0,-,-,-
19811207-3,Monday,07-DEC-1981,-,H2, Unknown (UNK),Beirut International Airport (BEY),Lebanon,-,0, Unknown,-,Boeing 727-200,-,-,-,-,-, registration unknown,-,Libyan Arab Airlines,Unknown,-,Zürich-Kloten Airport,ZRH,LSZH,Switzerland,Tripoli International Airport,TIP,HLLT,Libya,-,-,0,0,-,-,-
19811209-1,Wednesday,09-DEC-1981,-,A1, Unknown (UNK),near Anamur,Turkey,5,5, Damaged beyond repair,-,Douglas C-47A-15-DK (DC-3),-,-,1944,-,-, YSL-47, 12752,Turkish AF,Military,-,-,-,-,-,-,-,-,-,5,0,5,0,-,-,-
19811210-0,Thursday,10-DEC-1981,17:45,A1, Approach (APR),"Laredo International Airport, TX (LRD)",United States of America,10,0, Damaged beyond repair,-,Hawker Siddeley DH-125-1A,-,-,1965,-,-, XA-ESQ, 25028,SENSA,Domestic Non Scheduled Passenger,-,Monterrey-General Mariano Escobedo Airport,MTY,MMMY,Mexico,Laredo International Airport,LRD,KLRD,United States of America,2,8,0,0,-,-,Final
19811212-0,Saturday,12-DEC-1981,-,C2, Standing (STD),Mexico City-Benito Juárez International Airport (MEX),Mexico,3,0, Substantial, Repaired,Boeing 727-25,3,Pratt & Whitney JT8D-7B,1965,-,-, YN-BXW, 18284/161,Aeronica,International Scheduled Passenger,-,Mexico City-Benito Juárez International Airport,MEX,MMMX,Mexico,San Salvador-Comalapa International Airport,SAL,MSLP,El Salvador,3,0,0,0,-,-,-
19811216-0,Wednesday,16-DEC-1981,02:43,A2, Takeoff (TOF),"Gander Airport, NL (YQX)",Canada,180,0, Substantial, Repaired,Boeing 727-2J4,3,Pratt & Whitney JT8D-17A,1973,-,28035.0, OY-SAT, 20766/993,Sterling Airways,Int'l Non Scheduled Passenger, 746,Gander Airport,YQX,CYQX,Canada,Oslo-Fornebu Airport,FBU,ENFB,Norway,8,172,0,0,-,-,Final
19811216-1,Wednesday,16-DEC-1981,12:16,A1, Landing (LDG),"Miami International Airport, FL (MIA)",United States of America,5,0, Damaged beyond repair,-,Boeing 707-124,4,Pratt & Whitney JT3C-6,1959,-,-, HI-384HA, 17610/37,Hispaniola,Ferry/positioning,-,Puerto Plata-La Union International Airport,POP,MDPP,Dominican Republic,Miami International Airport,MIA,KMIA,United States of America,5,0,0,0,-,-,Final
19811218-0,Friday,18-DEC-1981,13:06,A1, Approach (APR),near San Antero,Colombia,13,13, Damaged beyond repair,-,de Havilland Canada DHC-6 Twin Otter 300,2,Pratt & Whitney Canada PT6A-27,1979,-,-, HK-2216, 609,ACES,Domestic Scheduled Passenger,-,Medellín-Enrique Olaya Herrera Airport,EOH,SKMD,Colombia,Coveñas Airport,CVE,SKCV,Colombia,2,11,2,11,-,-,-
19811218-1,Friday,18-DEC-1981,07:21,A1, En route (ENR),13 km (8.1 mls) from  Deputatskiy,Russia,-,0, Damaged beyond repair,-,Antonov An-2TP,-,-,1965,12829.0,10619.0, CCCP-92858, 1G53-10,Aeroflot / Magadan,Unknown,-,Chokurdah Airport,CKH,UESO,Russia,-,-,-,-,-,-,0,0,-,-,-
19811223-0,Wednesday,23-DEC-1981,-,A1, Approach (APR),Yeniseysk Airport (EIE),Russia,-,2, Damaged beyond repair,-,Antonov An-26,-,-,-,-,-, CCCP-26505, 6701,Aeroflot / Krasnoyarsk,Unknown,-,-,-,-,-,Yeniseysk Airport,EIE,UNII,Russia,-,-,-,-,-,-,-
19811229-0,Tuesday,29-DEC-1981,-,A1, Taxi (TXI),"Sydney Airport, NS (YQY)",Canada,18,0, Damaged beyond repair,-,Hawker Siddeley HS-748-239 Srs. 2A,-,-,1967,-,-, C-GEPH, 1635,Eastern Provincial Airways,Domestic Scheduled Passenger,-,-,-,-,-,Sydney Airport,YQY,CYQY,Canada,3,15,0,0,-,-,-
19819999-0,-,xx-xxx-1981,-,A1, Unknown (UNK),at an unknown location,Bahamas,-,-, Damaged beyond repair,-,Douglas C-118A (DC-6),-,-,1955,-,-, N2949F, 44629/565,GAF Int. Service,Unknown,-,-,-,-,-,-,-,-,-,-,-,-,-,-,-,-
19819999-1,-,xx-xxx-1981,-,U1, Unknown (UNK),at an unknown location,Colombia,-,-, Damaged beyond repair,-,Douglas DC-4,-,-,1945,-,-, N122AC, 10748,Southern Aero Trades Inc,Unknown,-,-,-,-,-,-,-,-,-,-,-,-,-,-,-,-
19819999-2,-,xx-xxx-1981,-,A1, Landing (LDG),Punta Arenas-Pres Ibanez Airport (PUQ),Chile,-,-, Damaged beyond repair,-,de Havilland Canada DHC-5D Buffalo,-,-,1980,-,-, 920, 96,Chilean AF,Military,-,-,-,-,-,Punta Arenas-Carlos Ibañez Airport,PUQ,SCCI,Chile,-,-,-,-,-,-,-
19819999-4,-,xx-xxx-1981,-,U1, Unknown (UNK),Lagos/Ikeja International Airport (LOS),Nigeria,-,-, Damaged beyond repair,-,Douglas C-47B-30-DK (DC-3),2,Pratt & Whitney R-1830-90C,1945,-,-, 5N-ARA, 33042/16294,Arax Airlines,Unknown,-,-,-,-,-,-,-,-,-,-,-,-,-,-,-,-
19810106-1,Tuesday,06-JAN-1981,-,A1, Landing (LDG),Adler/Sochi Airport (AER),Russia,-,0, Damaged beyond repair,-,Tupolev Tu-134A,-,-,1980,901.0,1416.0, CCCP-65698, 63325,Aeroflot / Latvia,Unknown,-,-,-,-,-,Adler/Sochi Airport,AER,URSS,Russia,-,-,0,0,-,-,-
19810108-1,Thursday,08-JAN-1981,-,A1, Landing (LDG),Karachi International Airport (KHI),Pakistan,79,0, Damaged beyond repair,-,Boeing 720-047B,4,Pratt & Whitney JT3D-3B,1963,-,-, AP-AXK, 18590/339,PIA,Domestic Scheduled Passenger,PK320,Karachi International Airport,KHI,OPKC,Pakistan,Quetta Airport,UET,OPQT,Pakistan,7,72,0,0,-,-,-
19810108-2,Thursday,08-JAN-1981,-,A1, Initial climb (ICL),"1,5 km (0.9 mls) W of Guatemala City-La Aurora Airport (GUA)",Guatemala,6,6, Damaged beyond repair,-,Lockheed L-188A Electra,-,-,1958,-,-, HR-SAW, 1018,SAHSA,Ferry/positioning,-,Guatemala City-La Aurora Airport,GUA,MGGT,Guatemala,Tegucigalpa-Toncontin Airport,TGU,MHTG,Honduras,6,0,6,0,-,-,-
19810108-3,Thursday,08-JAN-1981,-,A1, Unknown (UNK),Izmir-Cigli Air Base (IGL),Turkey,-,-, Damaged beyond repair,-,Douglas C-47B-1-DL (DC-3),-,-,1944,-,-, HEK-15, 20883,Turkish AF,Military,-,-,-,-,-,-,-,-,-,-,-,0,-,-,-,-
19810110-0,Saturday,10-JAN-1981,-,H2, Unknown (UNK),Warszawa-Okecie Airport (WAW),Poland,-,0, Unknown,-,Antonov An-24V,-,-,1966,-,-, SP-LTB, 67302205,LOT,Domestic Scheduled Passenger,-,Katowice-Pyrzowice Airport,KTW,EPKT,Poland,Warszawa-Okecie Airport,WAW,EPWA,Poland,-,-,0,0,-,-,-
19810110-1,Saturday,10-JAN-1981,10:28,A2, Landing (LDG),Karad Airport,India,19,0, Substantial, Repaired,Douglas DC-3,-,-,1944,-,-, VT-AUR, 13686,Maharashtra Government,Domestic Non Scheduled Passenger,-,Bombay-Santacruz Airport,BOM,VABB,India,-,-,-,-,3,16,0,0,-,-,Final
19810111-0,Sunday,11-JAN-1981,-,A1, Landing (LDG),Bahar Dar Airport (BJR),Ethiopia,-,0, Damaged beyond repair,-,Douglas C-47A-20-DK (DC-3),2,Pratt & Whitney R-1830-92,1944,-,43024.0, ET-AGW, 12981,Ethiopian Airlines,Cargo,-,-,-,-,-,Bahar Dar Airport,BJR,HABD,Ethiopia,-,-,0,0,-,-,-
19810112-0,Monday,12-JAN-1981,-,A1, Unknown (UNK),"Agua Negro Ranch, Tamaulipas",Mexico,-,-, Damaged beyond repair,-,Douglas DC-3D,-,-,1946,-,-, N137H, 42965,Sun Valley,Unknown,-,-,-,-,-,-,-,-,-,-,-,-,-,-,-,-
19810114-0,Wednesday,14-JAN-1981,-,A1, Landing (LDG),Blenheim-Woodbourne Airport (BHE),New Zealand,4,0, Damaged beyond repair,-,Bristol 170 Freighter 31E,2,Bristol Hercules 734,1953,-,-, ZK-CAM, 13155,SAFE Air,Cargo,-,-,-,-,-,Blenheim-Woodbourne Airport,BHE,NZWB,New Zealand,2,2,0,0,-,-,-
19810114-1,Wednesday,14-JAN-1981,09:20,A1, Initial climb (ICL),Ramstein AFB  (RMS),Germany,9,9, Damaged beyond repair,-,Lockheed C-130E Hercules,-,-,1969,-,-, 69-6581, 4357,USAF,Military,-,Ramstein Airport,RMS,ETAR,Germany,Oslo-Fornebu Airport,FBU,ENFB,Norway,8,1,8,1,-,-,-
19810115-0,Thursday,15-JAN-1981,02:00,O1, Standing (STD),Luxembourg-Findel Airport (LUX),Luxembourg,2,0, Destroyed, Written off (damaged beyond repair),McDonnell Douglas DC-8-61,4,Pratt & Whitney JT3D-,1970,-,-, N913R, 46128/514,Saudi Arabian,-,-,-,-,-,-,-,-,-,-,2,0,0,0,-,-,-
19810115-1,Thursday,15-JAN-1981,10:30,A1, En route (ENR),185 km (115.6 mls) W off  Inner Hebrides,Atlantic Ocean,12,3, Damaged beyond repair,-,Breguet SP-13A Atlantic,2,Rolls-Royce Tyne RTy.20 Mk 21,-,-,-, 255, 62,Dutch Navy,Military,-,Valkenburg NAS,LID,EHVB,Netherlands,-,-,-,-,12,0,3,0,-,-,-
19810118-0,Sunday,18-JAN-1981,-,A1, Landing (LDG),"Whidbey Island-NAS, WA (NUW)",United States of America,7,0, Damaged beyond repair,-,Lockheed P-3A Orion,-,-,1965,-,-, 152161, 185-5131,US Navy,Military,-,-,-,-,-,-,-,-,-,7,0,0,0,-,-,Final
19810118-1,Sunday,18-JAN-1981,-,A1, En route (ENR),within Kamoa Mountains,Guyana,4,4, Damaged beyond repair,-,Shorts SC.7 Skyvan 3-100,2,Garrett TPE331-2-201A,1979,-,-, 8R-GFF, SH.1966,Guyana CAA,Unknown,-,-,-,-,-,-,-,-,-,2,2,2,2,-,-,-
19810120-1,Tuesday,20-JAN-1981,11:27,A1, Approach (APR),"7,8 km (4.9 mls) SW of Spokane International Airport, WA (GEG)",United States of America,9,7, Destroyed, Written off (damaged beyond repair),Beechcraft 99A Airliner,2,Pratt & Whitney Canada PT6A-27,1969,-,23322.0, N390CA, U-101,Cascade Airways,Domestic Scheduled Passenger, 201,Moses Lake-Grant County Airport,MWH,KMWH,United States of America,Spokane International Airport,GEG,KGEG,United States of America,2,7,2,5,-,-,Final
19810121-0,Wednesday,21-JAN-1981,08:44,A1, Landing (LDG),"Bluefield-Mercer County Airport, WV (BLF)",United States of America,5,5, Destroyed, Written off (damaged beyond repair),Cessna 500 Citation I,2,Pratt & Whitney Canada JT15D-1,1972,-,4439.0, N501GP, 500-0026,Georgia Pacific Corp.,Executive,-,Augusta-Bush Field,AGS,KAGS,United States of America,Bluefield-Mercer County Airport,BLF,KBLF,United States of America,2,3,2,3,-,-,Final
19810128-0,Wednesday,28-JAN-1981,-,A1, Unknown (UNK),"Petrolina, PE",Brazil,-,0, Damaged beyond repair,-,Douglas DC-3,2,Pratt & Whitney R-1830-92,1944,-,-, PP-ZNU,-,Sudene,Unknown,-,-,-,-,-,-,-,-,-,-,-,0,0,-,-,-
19810203-0,Tuesday,03-FEB-1981,-,O1, Standing (STD),Karachi International Airport (KHI),Pakistan,0,0, Damaged beyond repair,-,McDonnell Douglas DC-10-30,3,General Electric CF6-50C,1974,6839.0,17970.0, AP-AXE, 46935/172,PIA,-,-,-,-,-,-,-,-,-,-,0,0,0,0,-,-,-
19810205-0,Thursday,05-FEB-1981,23:00,H2, En route (ENR),San Juan-Isla Verde International Airport (SJU),Puerto Rico,242,0, None,-,Lockheed L-1011 TriStar,-,-,-,-,-, registration unknown,-,Eastern Air Lines,Domestic Scheduled Passenger,EA929,New York-John F. Kennedy International Airport,JFK,KJFK,United States of America,San Juan-Isla Verde International Airport,SJU,TJSJ,Puerto Rico,-,-,0,0,-,-,-
19810206-0,Friday,06-FEB-1981,-,H2, Unknown (UNK),Cúcuta,Colombia,-,0, Unknown,-,Boeing 727,-,-,-,-,-, registration unknown,-,Avianca,Unknown,-,Bucaramanga-Palo Negro Airport,BGA,SKBG,Colombia,Cúcuta-Camilo Daza Airport,CUC,SKCC,Colombia,-,-,0,0,-,-,-
19810207-0,Saturday,07-FEB-1981,18:00,A1, En route (ENR),ca 20 km S of Leningrad,Russia,50,50, Damaged beyond repair,-,Tupolev Tu-104A,2,Mikulin AM-3M,1957,-,-, CCCP-42332, 76600402,Soviet Navy,Military,-,-,-,-,-,Khabarovsk-Novy Airport,KHV,UHHH,Russia,6,44,6,44,-,-,-
19810210-0,Tuesday,10-FEB-1981,-,U1, Unknown (UNK),Caravani,Bolivia,-,0, Damaged beyond repair,-,Curtiss C-46D-5-CU Commando,-,-,1944,-,-, CP-1588, 32831,T.A. Universal,Unknown,-,-,-,-,-,-,-,-,-,-,-,0,0,-,-,-
19810211-0,Wednesday,11-FEB-1981,18:40,A1, Approach (APR),"Westchester County Airport, NY (HPN)",United States of America,8,8, Damaged beyond repair,-,Lockheed L-1329 JetStar 731,4,Garrett TFE731,-,5308.0,7413.0, N520S, 5084,Texasgulf Aviation,Executive,-,Toronto International Airport,YYZ,CYYZ,Canada,White Plains-Westchester County Airport,HPN,KHPN,United States of America,2,6,2,6,-,-,Final
19810211-1,Wednesday,11-FEB-1981,-,A1, En route (ENR),"ca 62 km NW of Mendoza, MD",Argentina,2,2, Damaged beyond repair,-,Morane Saulnier (FMA) MS.760A Paris IA,-,-,1961,-,-, E-218, A-6,Argentine AF,Military,-,-,-,-,-,-,-,-,-,2,0,2,0,-,-,-
19810212-0,Thursday,12-FEB-1981,-,A1, Landing (LDG),"Krenkel Station, Heiss Island, Franz Josef Land",Russia,13,2, Damaged beyond repair,-,Ilyushin Il-14T,-,-,1956,11225.0,27926.0, CCCP-04188, 6341301,Aeroflot / Central Region,Domestic Non Scheduled Passenger,-,-,-,-,-,-,-,-,-,6,7,0,2,-,-,-
19810213-0,Friday,13-FEB-1981,23:24,A2, Landing (LDG),Madras Airport (MAA),India,121,0, Substantial, Repaired,Boeing 737-2A8,2,Pratt & Whitney JT8D-9A,1970,-,-, VT-EAI, 20482/272,Indian Airlines,Domestic Scheduled Passenger,IC266,Madras Airport,MAA,VOMM,India,-,-,-,-,6,115,0,0,-,-,Final
19810217-2,Tuesday,17-FEB-1981,16:44,A1, Landing (LDG),"Santa Ana-John Wayne International Airport, CA (SNA)",United States of America,110,0, Damaged beyond repair,-,Boeing 737-293,2,Pratt & Whitney JT8D-7A,1970,-,27566.0, N468AC, 20334/232,Air California,Domestic Scheduled Passenger, 336,San Jose Municipal Airport,SJC,KSJC,United States of America,Santa Ana-John Wayne International Airport,SNA,KSNA,United States of America,5,105,0,0,-,-,Final
19810218-0,Wednesday,18-FEB-1981,-,O1, Standing (STD),at an unknown location,Russia,-,-, Damaged beyond repair,-,Let L-410M,-,-,1978,-,-, CCCP-67273, 781004,Aeroflot / Yakutsk,-,-,-,-,-,-,-,-,-,-,-,-,-,-,-,-,-
19810224-0,Tuesday,24-FEB-1981,-,A1, Approach (APR),"Belém Airport, PA (BEL)",Brazil,14,11, Damaged beyond repair,-,Embraer EMB-110P Bandeirante,-,-,1977,-,-, PT-GLB, 110144,VOTEC,Domestic Scheduled Passenger,-,Tucurui Airport,TUR,SBTU,Brazil,Belém/Val-de-Cans International Airport,BEL,SBBE,Brazil,2,12,2,9,-,-,-
19810226-0,Thursday,26-FEB-1981,-,A1, En route (ENR),off Tabones Island,Philippines,24,23, Destroyed, Written off (damaged beyond repair),Lockheed MC-130E Combat Talon I,-,-,1965,-,-, 64-0564, 4074,USAF,Military,-,-,-,-,-,-,-,-,-,9,15,8,15,-,-,-
19810227-0,Friday,27-FEB-1981,-,A1, Maneuvering (MNV),"Galt, ON",Canada,3,2, Damaged beyond repair,-,de Havilland Canada DHC-6 Twin Otter 300,2,Pratt & Whitney Canada PT6A-27,1973,-,-, C-FCSV, 354,Canadian DoT,Training,-,-,-,-,-,-,-,-,-,3,0,2,0,-,-,-
19810302-0,Monday,02-MAR-1981,-,A2, Landing (LDG),near Anapoima,Colombia,3,0, Substantial, Repaired,Douglas C-47B-20-DK (DC-3),2,Pratt & Whitney R-1830-90C,1945,-,-, HK-2497, 27079/15634,LANSA,Unknown,-,-,-,-,-,-,-,-,-,3,0,0,0,-,-,-
19810302-1,Monday,02-MAR-1981,-,H2, En route (ENR),"Kabul, Damascus",Syria,144,1, Unknown,-,Boeing 720-030B,4,Pratt & Whitney JT3D-3B,1962,-,-, AP-AZP, 18250/263,PIA,Domestic Scheduled Passenger,PK326,Karachi International Airport,KHI,OPKC,Pakistan,Peshawar Airport,PEW,OPPS,Pakistan,9,135,0,1,-,-,-
19810302-2,Monday,02-MAR-1981,11:20,A1, En route (ENR),Pantano de Buendía,Spain,4,4, Damaged beyond repair,-,Canadair CL-215-1A10,2,Pratt & Whitney R-2800-83AM,1969,-,-, UD.13-02, 1013,Spanish AF,Fire fighting,-,Madrid-Torrejón AFB,TOJ,LETO,Spain,Madrid-Torrejón AFB,TOJ,LETO,Spain,4,0,4,0,-,-,-
19810305-0,Thursday,05-MAR-1981,-,H2, Unknown (UNK),"Los Angeles International Airport, CA (LAX)",United States of America,92,0, Unknown,-,Boeing 727,-,-,-,-,-, registration unknown,-,Continental Air Lines,Domestic Scheduled Passenger,  72,Los Angeles International Airport,LAX,KLAX,United States of America,Phoenix-Sky Harbor International Airport,PHX,KPHX,United States of America,-,-,0,0,-,-,-
19810308-0,Sunday,08-MAR-1981,-,A1, Approach (APR),Kursk,Russia,-,-, Damaged beyond repair,-,Antonov An-24T,-,-,1967,7695.0,10035.0, CCCP-46280, 7910104,Antonov Design Bureau,Unknown,-,-,-,-,-,Kursk-Vostochny Airport,URS,UUOK,Russia,-,-,-,-,-,-,-
19810310-0,Tuesday,10-MAR-1981,-,A1, En route (ENR),15 km (9.4 mls) from  Moroni-Prince Said Ibrahim In Airport (HAH),Comoros,18,18, Damaged beyond repair,-,Breguet 1150 Atlantic,2,Rolls-Royce Tyne RTy.20 Mk 21,-,-,-, 29, 29,French Navy,Military,-,Moroni-Prince Said Ibrahim In Airport,HAH,FMCH,Comoros,Moroni-Prince Said Ibrahim In Airport,HAH,FMCH,Comoros,-,-,-,-,-,-,-
19810310-1,Tuesday,10-MAR-1981,-,A1, Unknown (UNK),"Rio de Janeiro, RJ",Brazil,-,-, Damaged beyond repair,-,Embraer C-95 Bandeirante (EMB-110),-,-,1975,-,-, 2168, 110073,Brazilian AF,Military,-,-,-,-,-,-,-,-,-,-,-,-,-,-,-,-
19810311-0,Wednesday,11-MAR-1981,-,A1, Landing (LDG),Accra-Kotoka Airport (ACC),Ghana,2,0, Damaged beyond repair,-,Fokker F-28 Fellowship 2000,-,-,1973,12677.0,7067.0, 9G-ACA, 11077,Ghana Airways,Training,-,Accra-Kotoka Airport,ACC,DGAA,Ghana,Accra-Kotoka Airport,ACC,DGAA,Ghana,2,0,0,0,-,-,-
19810315-0,Sunday,15-MAR-1981,-,U1, Unknown (UNK),Station Nord,Greenland,-,0, Damaged beyond repair,-,de Havilland Canada DHC-6 Twin Otter 300,2,Pratt & Whitney Canada PT6A-27,1968,-,-, C-FDHT, 130,Bradley Air Services,Unknown,-,-,-,-,-,-,-,-,-,-,-,0,0,-,-,-
19810315-1,Sunday,15-MAR-1981,22:45,A1, Approach (APR),"Shemya AFB, AK (SYA)",United States of America,24,6, Damaged beyond repair,-,Boeing RC-135S Cobra Ball II,4,Pratt & Whitney TF33-P-5,1962,-,18638.0, 61-2664, 18340/C20,USAF,Military,-,Fairbanks-Eielson AFB,EIL,PAEI,United States of America,Shemya AFB,SYA,PASY,United States of America,-,-,-,-,-,-,-
19810315-2,Sunday,15-MAR-1981,-,U1, Unknown (UNK),unknown location,Unknown country,-,-, Damaged beyond repair,-,Beechcraft 200 Super King Air,-,-,1979,-,-, YV-257CP, BB-517,Inversiones Rizo C. A.,Unknown,-,-,-,-,-,-,-,-,-,-,-,-,-,-,-,-
19810316-0,Monday,16-MAR-1981,-,A1, Taxi (TXI),"Lac Bienville, QC",Canada,2,0, Damaged beyond repair,-,Douglas C-47A-40-DL (DC-3),2,Pratt & Whitney R-1830-92,1943,-,-, C-FIRW, 9834,Air Inuit,Cargo,-,-,-,-,-,-,-,-,-,2,0,0,0,-,-,-
19810318-0,Wednesday,18-MAR-1981,15:40,A1, Initial climb (ICL),"Houston, TX",United States of America,2,0, Damaged beyond repair,-,Beechcraft A100 King Air,-,-,1969,-,-, N999CR, B-12,Crutcher Resources Corp.,Executive,-,-,-,-,-,-,-,-,-,2,0,0,0,-,-,Final
19810325-0,Wednesday,25-MAR-1981,-,A1, Unknown (UNK),near San Luis Potosí,Mexico,-,-, Damaged beyond repair,-,Douglas DC-3-322,-,-,1940,-,-, N3VB, 2220,Sun Valley,Unknown,-,Laredo International Airport,LRD,KLRD,United States of America,-,-,-,-,-,-,-,-,-,-,-
19810326-0,Thursday,26-MAR-1981,20:40,A1, Approach (APR),2 km (1.3 mls) from  Slupsk-Redzikowo Airport (OSP),Poland,52,1, Destroyed, Written off (damaged beyond repair),Antonov An-24V,-,-,1970,-,-, SP-LTU, 07306007,LOT,Domestic Scheduled Passenger,LO691,Warszawa-Okecie Airport,WAW,EPWA,Poland,Slupsk-Redzikowo Airport,OSP,EPSK,Poland,5,47,0,1,-,-,-
19810326-1,Thursday,26-MAR-1981,-,A1, Unknown (UNK),at an unknown location,Chad,-,-, Damaged beyond repair,-,Fokker F-27 Friendship 400,-,-,1975,6978.0,10734.0, 5A-DBR, 10517,Libyan Arab Airlines,Unknown,-,-,-,-,-,-,-,-,-,-,-,-,-,-,-,-
19810326-2,Thursday,26-MAR-1981,-,A1, Unknown (UNK),Hoa Binh,Vietnam,-,-, Damaged beyond repair,-,Ilyushin Il-18D,-,-,1968,-,-, VN-B190?, 188010703,Hâng Không Viêtnam,Unknown,-,-,-,-,-,-,-,-,-,-,-,-,-,-,-,-
19810327-0,Friday,27-MAR-1981,-,H2, En route (ENR),"Managua, Panama City",Panama,-,0, None,-,Boeing 737-2K6,-,-,1974,-,-, HR-SHA, 20957/377,SAHSA,Domestic Scheduled Passenger, 414,Tegucigalpa-Toncontin Airport,TGU,MHTG,Honduras,San Pedro Sula-Ramon Villeda Morales Airport,SAP,MHLM,Honduras,-,-,0,0,-,-,-
19810328-0,Saturday,28-MAR-1981,-,H2, En route (ENR),Bangkok-Don Muang International Airport (BKK),Thailand,50,4, Unknown,-,McDonnell Douglas DC-9-32,-,-,1975,-,-, PK-GNJ, 47672/778,Garuda,Domestic Scheduled Passenger,-,Palembang Airport,PLM,WIPP,Indonesia,Medan-Polonia Airport,MES,WIMM,Indonesia,4,46,0,4,-,-,-
19810328-1,Saturday,28-MAR-1981,15:55,A1, En route (ENR),off St. Croix,U.S. Virgin Islands,2,1, Damaged beyond repair,-,Douglas C-54B-1-DC (DC-4),-,-,1944,-,-, N98AS, 10431,Caribbean Air Cargo,Cargo,-,Bridgetown-Grantley Adams International Airport,BGI,TBPB,Barbados,-,-,-,-,2,0,1,0,-,-,Final
19810329-0,Sunday,29-MAR-1981,09:40,A1, Landing (LDG),Brussel-Zaventem Airport (BRU),Belgium,117,0, Substantial, Written off (damaged beyond repair),Boeing 707-329,4,Pratt & Whitney JT4A-11,1959,-,64462.0, OO-SJA, 17623/78,Sobelair,Int'l Non Scheduled Passenger,1915,Brussel-Zaventem Airport,BRU,EBBR,Belgium,Tenerife-Sur Reina Sofia Airport,TFS,GCTS,Spain,7,110,0,0,-,-,Final
19810329-1,Sunday,29-MAR-1981,19:53,A1, Landing (LDG),London-Luton Airport (LTN),United Kingdom,9,0, Destroyed, Written off (damaged beyond repair),Lockheed L-1329 JetStar I,4,Pratt & Whitney JT12A-6A Turbo Wasp,1965,-,4777.0, N267L, 5067,Alco Aviation,Executive,-,Hassi Messaoud-Oued Irara Airport,HME,DAUH,Algeria,London-Luton Airport,LTN,EGGW,United Kingdom,2,7,0,0,-,-,Final
19810329-2,Sunday,29-MAR-1981,14:00,A1, Landing (LDG),"Sumburgh Airport, Shetland Islands (LSI)",United Kingdom,7,0, Minor, Written off (damaged beyond repair),Potez 840,4,Turbomeca Astazou XII,1962,-,-, F-BMCY, 02,Club Aéronautique de Paris,Private,-,-,-,-,-,-,-,-,-,2,5,0,0,-,-,-
19810402-0,Thursday,02-APR-1981,-,A1, Takeoff (TOF),"Emerald Airport, QLD (EMD)",Australia,1,0, Damaged beyond repair,-,Swearingen SA226-TC Metro II,-,-,1978,-,-, VH-BPL, TC-272,Bush Pilots Airways,Cargo,-,Emerald Airport,EMD,YEML,Australia,-,-,-,-,1,0,0,0,-,-,-
19810402-1,Thursday,02-APR-1981,-,A1, Approach (APR),4 km (2.5 mls) from  Palaú de Abajo,Mexico,3,3, Damaged beyond repair,-,Douglas C-47A-30-DL (DC-3),2,Pratt & Whitney R-1830-92,1943,-,-, N258M, 9555,Skytrain Air,Illegal Flight,-,-,-,-,-,-,-,-,-,3,0,3,0,-,-,-
19810406-0,Monday,06-APR-1981,-,A1, En route (ENR),Laguna Soliz,Bolivia,7,7, Damaged beyond repair,-,Douglas C-47A-75-DL (DC-3),2,Pratt & Whitney R-1830-92,1944,-,-, CP-1470, 19395,Urcupina,Cargo,-,-,-,-,-,-,-,-,-,3,4,3,4,-,-,-
19810407-0,Tuesday,07-APR-1981,11:36,A2, En route (ENR),"near Cincinnati Municipal Airport, OH (LUK)",United States of America,2,1, Minor, Repaired,Learjet 23,-,-,-,-,-, N400PG, 23-068,Freedom International,Cargo,-,Cincinnati Municipal Airport,LUK,KLUK,United States of America,-,-,-,-,2,0,1,0,-,-,Final
19810410-0,Friday,10-APR-1981,-,H2, Unknown (UNK),"Miami International Airport, FL (MIA)",United States of America,148,1, Unknown,-,Airbus A300,-,-,-,-,-, registration unknown,-,Eastern Air Lines,Domestic Scheduled Passenger,EA17,New York-La Guardia Airport,LGA,KLGA,United States of America,Miami International Airport,MIA,KMIA,United States of America,-,-,-,-,-,-,-
19810417-0,Friday,17-APR-1981,16:01,A1, En route (ENR),"3 km (1.9 mls) ESE of Fort Collins/Loveland Municipal Airport, CO (FNL)",United States of America,13,13, Damaged beyond repair,-,Handley Page HP-137 Jetstream III,2,Garrett TPE331-U-303V,1969,3791.0,3795.0, N11360, 238,Air US,Domestic Scheduled Passenger, 716,Denver-Stapleton International Airport,DEN,KDEN,United States of America,Gillette-Campbell County Airport,GCC,KGCC,United States of America,2,11,2,11,2,-,Final
19810421-0,Tuesday,21-APR-1981,-,A1, En route (ENR),"24 km (15 mls) off  Puerto de Andraitx, Mallorca, Spain",Mediterranean Sea,4,4, Missing, Presumed damaged beyond repair,Douglas C-53-DO (DC-3),-,-,1942,-,-, F-BJBY, 7390,Hémet Exploration,Int'l Non Scheduled Passenger,-,Oran-es Senia Airport,ORN,DAOO,Algeria,Toulouse-Blagnac Airport,TLS,LFBO,France,2,2,2,2,-,-,-
19810424-0,Friday,24-APR-1981,-,A1, Unknown (UNK),near San Juan,Peru,-,0, Damaged beyond repair,-,Lockheed L-100-20 Hercules,4,Allison 501-D22A,1972,-,-, FAP-396, 4450,Peruvian AF,Military,-,-,-,-,-,-,-,-,-,-,-,0,0,-,-,-
19810428-0,Tuesday,28-APR-1981,-,A1, Approach (APR),2 km (1.3 mls) from  Pekanbaru,Indonesia,17,9, Damaged beyond repair,-,Douglas C-47A-1-DK (DC-3),2,Pratt & Whitney R-1830-92,1943,-,-, PK-OBK, 12209,Airfast Indonesia,Domestic Non Scheduled Passenger,-,-,-,-,-,Pekanbaru-Simpang Tiga Airport,PKU,WIBB,Indonesia,4,13,4,5,-,-,-
19810428-1,Tuesday,28-APR-1981,12:31,A1, En route (ENR),near Lazo,Russia,12,12, Destroyed, Written off (damaged beyond repair),Antonov An-2TP,-,-,1965,-,-, CCCP-92864, 1G53-16,Aeroflot / Yakutsk,Domestic Scheduled Passenger,-,-,-,-,-,-,-,-,-,2,10,2,10,-,-,-
19810501-0,Friday,01-MAY-1981,-,A1, Landing (LDG),Semarang-Achmad Yani Airport (SRG),Indonesia,44,0, Damaged beyond repair,-,Vickers 832 Viscount,-,-,1959,-,-, PK-RVN, 415,Mandala Airlines,Domestic Scheduled Passenger,-,-,-,-,-,Semarang-Achmad Yani Airport,SRG,WARS,Indonesia,4,40,0,0,-,-,-
19810502-0,Saturday,02-MAY-1981,-,A1, Approach (APR),"6,5 km (4.1 mls) SE of Monterrey",Mexico,6,4, Damaged beyond repair,-,British Aerospace BAe-125-700A,-,-,1980,-,-, XA-KEW, 257096,SARSA,Int'l Non Scheduled Passenger,-,Reynosa Airport,REX,MMRX,Mexico,-,-,-,-,2,4,2,2,-,-,-
19810502-1,Saturday,02-MAY-1981,-,H2, En route (ENR),Le Touquet Airport (LTQ),France,113,0, None,-,Boeing 737-248C,-,-,1969,-,-, EI-ASD, 20219/208,Aer Lingus,International Scheduled Passenger,EI164,Dublin Airport,DUB,EIDW,Ireland,London-Heathrow Airport,LHR,EGLL,United Kingdom,-,-,0,0,-,-,-
19810503-0,Sunday,03-MAY-1981,16:03,A1, Maneuvering (MNV),"near Voskhod, Krasnodar region",Russia,3,2, Damaged beyond repair,-,Antonov An-2R,-,-,1971,33744.0,5424.0, CCCP-70836, 1G133-39,Aeroflot / Azerbaijan,Agricultural,-,-,-,-,-,-,-,-,-,1,2,0,2,-,-,-
19810504-0,Monday,04-MAY-1981,-,A1, En route (ENR),ca 50 km S of Vanimo,Papua New Guinea,2,2, Damaged beyond repair,-,GAF Nomad N.22B,-,-,1977,-,-, P2-011,  52,PNG Defence Force,Military,-,Imonda Airport,IMD,AYIO,Papua New Guinea,Vanimo Airport,VAI,AYVN,Papua New Guinea,2,0,2,0,-,-,-
19810506-0,Wednesday,06-MAY-1981,10:50,A1, En route (ENR),"3 km (1.9 mls) NNE of Walkersville, MD",United States of America,21,21, Destroyed, Written off (damaged beyond repair),Boeing EC-135N,4,Pratt & Whitney TF33-PW-102,1961,-,13471.0, 61-0328, 18235/C13,USAF,Military,AGAR23,Dayton-Wright Patterson AFB,FFO,KFFO,United States of America,Dayton-Wright Patterson AFB,FFO,KFFO,United States of America,17,4,17,4,-,-,Final
19810507-0,Thursday,07-MAY-1981,10:54,A1, En route (ENR),"15 km (9.4 mls) ESE off  Buenos Aires-Jorge Newbery Airport, BA (AEP)",Argentina,31,31, Damaged beyond repair,-,BAC One-Eleven 529FR,2,Rolls-Royce Spey 512-14DW,1970,-,21729.0, LV-LOX, 212,Austral Lineas Aéreas,Domestic Scheduled Passenger,AU901,-,-,-,-,Buenos Aires-Jorge Newbery Airport,AEP,SABE,Argentina,5,26,5,26,-,-,Final
19810509-0,Saturday,09-MAY-1981,-,A1, Unknown (UNK),"Mount Joli, QC",Canada,-,-, Damaged beyond repair,-,de Havilland Canada DHC-4A Caribou,-,-,1962,-,-, C-GVGU,  40,Propair,Unknown,-,-,-,-,-,-,-,-,-,-,-,-,-,-,-,-
19810509-1,Saturday,09-MAY-1981,-,A1, Unknown (UNK),Vicente Guerro,Mexico,-,-, Damaged beyond repair,-,Douglas C-47-DL (DC-3),2,Pratt & Whitney R-1830-92,1942,-,-, N60705, 4638,Sky Train Air,Unknown,-,-,-,-,-,-,-,-,-,-,-,-,-,-,-,-
19810515-0,Friday,15-MAY-1981,12:15,A1, Landing (LDG),"Slate Creek, AK",United States of America,2,0, Damaged beyond repair,-,Shorts SC.7 Skyvan 3-200,2,Garrett TPE331-2-201A,1968,-,-, N70DA, SH.1848,Gifford Aviation,Cargo,-,-,-,-,-,-,-,-,-,2,0,0,0,-,-,Final
19810516-1,Saturday,16-MAY-1981,-,C1, Approach (APR),near Menongue Airport (SPP),Angola,4,4, Damaged beyond repair,-,Lockheed L-100-20 Hercules,4,Allison 501-D22A,1979,-,-, D2-EAS, 4830,TAAG,Cargo,-,-,-,-,-,Menongue Airport,SPP,FNME,Angola,4,0,4,0,-,-,-
19810520-1,Wednesday,20-MAY-1981,16:00,A1, En route (ENR),Pinarete Mountain,Mexico,24,24, Damaged beyond repair,-,Convair CV-440-11,-,-,1956,-,-, XA-HEK, 327,Aero Léon,Domestic Non Scheduled Passenger,-,Puerto Escondido Airport,PXM,MMPS,Mexico,Oaxaca Airport,OAX,MMOX,Mexico,3,21,3,21,-,-,-
19810521-0,Thursday,21-MAY-1981,-,A1, Unknown (UNK),at an unknown location,Russia,-,-, Damaged beyond repair,-,Antonov An-2P,-,-,1970,-,-, CCCP-35198, 1G114-22,Aeroflot / Yakutsk,Unknown,-,-,-,-,-,-,-,-,-,-,-,-,-,-,-,-
19810522-0,Friday,22-MAY-1981,-,A1, En route (ENR),near Zumba,Ecuador,18,18, Destroyed, Written off (damaged beyond repair),de Havilland Canada DHC-6 Twin Otter 300,2,Pratt & Whitney Canada PT6A-27,1975,-,-, HC-BAX, 457,TAME Ecuador,Military,-,Quito-Mariscal Sucre Airport,UIO,SEQU,Ecuador,Macara Airport,MRR,SEMA,Ecuador,3,15,3,15,-,-,-
19810524-0,Sunday,24-MAY-1981,-,H2, Unknown (UNK),Bourgas Airport (BOJ),Bulgaria,118,0, Unknown,-,McDonnell Douglas DC-9-32,-,-,1971,-,-, TC-JAL, 47534/644,THY,Domestic Scheduled Passenger,-,Istanbul-Yesilköy Airport,IST,LTBA,Turkey,-,-,-,-,5,113,0,0,-,-,-
19810524-1,Sunday,24-MAY-1981,-,A1, En route (ENR),"Huairapungo Mountain, Loja Province",Ecuador,9,9, Damaged beyond repair,-,Beechcraft 200 Super King Air,-,-,1980,-,-, FAE-723, BB-723,Ecuador Air Force,Official state flight,-,Quito-Mariscal Sucre Airport,UIO,SEQU,Ecuador,Macara Airport,MRR,SEMA,Ecuador,2,7,2,7,-,-,-
19810524-2,Sunday,24-MAY-1981,-,O1, Standing (STD),Johannesburg-Randgermiston Airport (QRA),South Africa,-,0, Damaged beyond repair,-,Douglas C-47B-30-DK (DC-3),-,-,1945,-,-, 6878, 32951/16203,South African AF,Military,-,-,-,-,-,-,-,-,-,-,-,0,0,-,-,-
19810529-0,Friday,29-MAY-1981,-,A1, Unknown (UNK),near Cairo West Air Base,Egypt,17,17, Damaged beyond repair,-,Lockheed C-130H Hercules,-,-,1978,-,-, SU-BAH/1276, 4792,Egyptian AF,Military,-,-,-,-,-,-,-,-,-,-,-,-,-,-,-,-
19810531-0,Sunday,31-MAY-1981,-,A1, Approach (APR),8 km (5 mls) from  Bamako Airport (BKO),Mali,6,3, Damaged beyond repair,-,Dassault Falcon 20C,-,-,1968,-,-, 7T-VRE, 156,Algerian Government,Official state flight,-,-,-,-,-,Bamako Airport,BKO,GABS,Mali,4,2,3,0,-,-,-
19810602-0,Tuesday,02-JUN-1981,15:19,A1, En route (ENR),"off Nassau, Bahamas",Atlantic Ocean,1,0, Damaged beyond repair,-,Britten-Norman BN-2A-7 Islander,-,-,1969,-,-, N28377, 141,Pinders,Passenger,-,Cape Eleuthera Airport,CEL,MYEC,Bahamas,Nassau International Airport,NAS,MYNN,Bahamas,1,0,0,0,-,-,Final
19810604-0,Thursday,04-JUN-1981,16:17,A1, Approach (APR),"Dillingham Municipal Airport, AK (DLG)",United States of America,3,0, Damaged beyond repair,-,Convair C-131E (CV-440),-,-,1956,-,-, N121CA, 342,Command Aviation,Domestic Non Scheduled Passenger,-,Dillingham Municipal Airport,DLG,PADL,United States of America,Anchorage International Airport,ANC,PANC,United States of America,2,1,0,0,-,-,Final
19810605-0,Friday,05-JUN-1981,-,U1, Unknown (UNK),unknown,Unknown country,-,-, Damaged beyond repair,-,Learjet 23,-,-,1965,-,-, F-GAMA, 23-023,Transair France,Unknown,-,-,-,-,-,-,-,-,-,-,-,-,-,-,-,-
19810605-1,Friday,05-JUN-1981,-,A1, Takeoff (TOF),Gilgit Airport (GIL),Pakistan,3,0, Damaged beyond repair,-,Fokker F-27 Friendship 600,-,-,1968,33931.0,25451.0, AP-AXF, 10354,PIA,Training,-,Gilgit Airport,GIL,OPGT,Pakistan,-,-,-,-,3,0,0,0,-,-,-
19810607-0,Sunday,07-JUN-1981,-,A1, Unknown (UNK),Voroshilovgrad Region,Russia,-,0, Damaged beyond repair,-,Antonov An-2M,-,-,1967,-,-, CCCP-02357, 701445,Aeroflot / Ukraine,Illegal Flight,-,-,-,-,-,-,-,-,-,-,-,0,0,-,-,-
19810607-1,Sunday,07-JUN-1981,-,A1, Landing (LDG),Thandwe Airport (SNW),Myanmar,4,0, Damaged beyond repair,-,Fokker F-27 Friendship 400,-,-,1966,28058.0,28306.0, XY-ADN, 10312,Burma Airways,Unknown,-,-,-,-,-,Thandwe Airport,SNW,VYTD,Myanmar,4,0,0,0,-,-,-
19810611-0,Thursday,11-JUN-1981,-,A1, Landing (LDG),"Manaus-Eduardo Gomes International Airport, AM (MAO)",Brazil,3,0, Damaged beyond repair,-,Boeing 707-341C,4,Pratt & Whitney JT3D-3B,1967,-,-, PP-VJT, 19322/561,Varig,Cargo,-,-,-,-,-,Manaus-Eduardo Gomes International Airport,MAO,SBEG,Brazil,3,0,0,0,-,-,-
19810612-0,Friday,12-JUN-1981,-,A2, En route (ENR),"near Smithers, BC",Canada,-,0, Substantial, Repaired,de Havilland Canada DHC-3 Otter,-,-,1964,-,-, C-FRHW, 445,Trans-Provincial Airlines,Unknown,-,Smithers Airport,YYD,CYYD,Canada,-,-,-,-,-,-,0,0,-,-,-
19810613-0,Saturday,13-JUN-1981,-,A1, Landing (LDG),Bratsk Airport (BTK),Russia,-,0, Damaged beyond repair,-,Tupolev Tu-154,-,-,1972,-,-, CCCP-85029, 72A029,Aeroflot / Moscow,Unknown,-,Omsk Airport,OMS,UNOO,Russia,Bratsk Airport,BTK,UIBB,Russia,-,111,0,0,-,-,-
19810613-2,Saturday,13-JUN-1981,-,A1, Unknown (UNK),12 km (7.5 mls) NW of Hualien Airport (HUN),Taiwan,2,2, Damaged beyond repair,-,IRMA/Britten-Norman BN-2A-8 Islander,-,-,1973,-,-, B-11108, 701,Taiwan Airlines,Unknown,-,Hualien Airport,HUN,RCYU,Taiwan,-,-,-,-,-,-,-,-,-,-,-
19810613-3,Saturday,13-JUN-1981,-,A1, Initial climb (ICL),near Saldus,Latvia,2,2, Damaged beyond repair,-,Antonov An-2R,-,-,1974,15340.0,3801.0, CCCP-07712, 1G158-32,Aeroflot / Latvia,Agricultural,-,-,-,-,-,-,-,-,-,2,0,2,0,-,-,-
19810614-0,Sunday,14-JUN-1981,16:22,A1, En route (ENR),30 km (18.8 mls) NW of Ust'-Barguzin,Russia,48,48, Destroyed, Written off (damaged beyond repair),Ilyushin Il-14M,-,-,1957,18427.0,16185.0, CCCP-41838, 147001141,Aeroflot / East Siberia,Domestic Scheduled Passenger, 498,-,-,-,-,-,-,-,-,4,44,4,44,-,-,-
19810615-0,Monday,15-JUN-1981,-,A2, Landing (LDG),Rabaul-Lakunai Airfield (RAB),Papua New Guinea,-,0, Substantial, Repaired,IRMA/Britten-Norman BN-2A-20 Islander,-,-,1974,-,-, P2-ISA, 703,Talair,Domestic Scheduled Passenger,-,Hoskins Airport,HKN,AYHK,Papua New Guinea,Rabaul-Lakunai Airfield,RAB,AYRB,Papua New Guinea,-,-,0,0,-,-,-
19810616-0,Tuesday,16-JUN-1981,16:27,A1, Initial climb (ICL),near Tirupati Airport (TIR),India,28,0, Destroyed, Written off (damaged beyond repair),Hindustan Aeronautics Ltd. HAL-748-224 Srs. 2,-,-,1968,-,-, VT-DXI, 514,Indian Airlines,Domestic Scheduled Passenger,IC519,Tirupati Airport,TIR,VOTP,India,Hyderabad-Begumpet Airport,HYD,VOHY,India,4,24,0,0,-,-,Final
19810617-0,Wednesday,17-JUN-1981,-,A1, Approach (APR),off Miraflores Airport (MFS),Colombia,12,2, Damaged beyond repair,-,Douglas C-47A-40-DL (DC-3),2,Pratt & Whitney R-1830-92,1943,-,-, HK-1078, 9884,El Venado,Domestic Scheduled Passenger,-,-,-,-,-,Miraflores Airport,MFS,SKMF,Colombia,4,8,1,1,-,-,-
19810619-0,Friday,19-JUN-1981,20:15,A2, En route (ENR),80 km (50 mls) NW of Narsarsuaq,Greenland,6,0, Substantial, Repaired,Hawker Siddeley HS-125-1A,2,Rolls-Royce Viper 522,-,-,4594.0, N6SS, 25100,Flight Management,Unknown,-,Reykjavík Domestic Airport,RKV,BIRK,Iceland,Narsarsuaq Airport,UAK,BGBW,Greenland,2,4,0,0,-,-,Final
19810624-0,Wednesday,24-JUN-1981,08:50,A1, Initial climb (ICL),"West Deering, NH",United States of America,2,0, Damaged beyond repair,-,Douglas DC-3-209A,-,-,1937,-,-, N18949, 2013,Nathaniel Hawthorne College,Ferry/positioning,-,-,-,-,-,Melbourne International Airport,MLB,KMLB,United States of America,2,0,0,0,-,-,Final
19810625-0,Thursday,25-JUN-1981,-,A1, Unknown (UNK),Villavicencio Airport (VVC) ?,Colombia,-,-, Damaged beyond repair,-,Douglas C-47 (DC-3),-,-,-,-,-, FAC-1129,-,SATENA,Military,-,-,-,-,-,-,-,-,-,-,-,-,-,-,-,-
19810626-0,Friday,26-JUN-1981,18:11,A1, En route (ENR),Nailstone,United Kingdom,3,3, Destroyed, Written off (damaged beyond repair),Hawker Siddeley HS-748-108 Srs. 2A,2,Rolls-Royce Dart 533-2,1964,-,34592.0, G-ASPL, 1560,Dan-Air Services,Cargo,240,London-Gatwick Airport,LGW,EGKK,United Kingdom,East Midlands Airport,EMA,EGNX,United Kingdom,3,0,3,0,-,-,Final
19810627-0,Saturday,27-JUN-1981,22:15,A1, Maneuvering (MNV),"near Bettles, AK",United States of America,6,0, Damaged beyond repair,-,Fairchild C-119G Flying Boxcar,2,Wright R-3350,-,-,-, N8682, 10859,Hawkins & Powers,Fire fighting,-,Bettles Airport,BTT,PABT,United States of America,Fort Yukon Airport,FYU,PFYU,United States of America,6,0,0,0,-,-,Final
19810628-0,Sunday,28-JUN-1981,-,A1, Landing (LDG),Simferopol Airport (SIP),Ukraine,-,0, Damaged beyond repair,-,Tupolev Tu-134A,-,-,1975,8206.0,11492.0, CCCP-65871, 28311,Aeroflot / Ukraine,Domestic Scheduled Passenger,-,Kiev-Borispol Airport,KBP,UKBB,Ukraine,Simferopol Airport,SIP,UKFF,Ukraine,-,59,0,0,-,-,-
19810699-0,-,xx-JUN-1981,-,U1, Unknown (UNK),at an unknown location,Unknown country,-,-, Damaged beyond repair,-,Britten-Norman BN-2A-8 Islander,-,-,1969,-,-, TN-ADS, 127,Aéro-Service,Unknown,-,-,-,-,-,-,-,-,-,-,-,-,-,-,-,-
19810701-1,Wednesday,01-JUL-1981,14:30,A1, Initial climb (ICL),"Pilot Point Airport, AK (PIP)",United States of America,3,3, Damaged beyond repair,-,Douglas R4D-1 (DC-3),-,-,1942,-,-, N111ST, 4661,United Aircraft Services,Survey/research,-,Pilot Point Airport,PIP,PAPN,United States of America,Anchorage International Airport,ANC,PANC,United States of America,3,0,3,0,-,-,Final
19810705-0,Sunday,05-JUL-1981,-,O1, Standing (STD),Beirut International Airport (BEY),Lebanon,0,0, Damaged beyond repair,-,Boeing 707-327C,4,Pratt & Whitney JT3D-3B,1967,-,-, OD-AGW, 19440/554,TMA,-,-,-,-,-,-,-,-,-,-,0,0,0,0,-,-,-
19810708-0,Wednesday,08-JUL-1981,09:27,A1, En route (ENR),"nr Frazier Park, CA",United States of America,2,2, Damaged beyond repair,-,Fairchild C-119C-17-FA Flying Boxcar,2,Pratt & Whitney R-4360-20WA,-,-,5014.0, N13742, 10431,Hemet Valley Flying Service,Fire fighting,-,Santa Barbara Municipal Airport,SBA,KSBA,United States of America,Santa Barbara Municipal Airport,SBA,KSBA,United States of America,2,0,2,0,-,-,-
19810709-0,Thursday,09-JUL-1981,-,A1, Takeoff (TOF),"Toronto International Airport, ON (YYZ)",Canada,3,3, Damaged beyond repair,-,Howard 500,-,-,1943,-,-, C-GKFN, 500-107,Kelowna Flightcraft,Cargo,-,Toronto International Airport,YYZ,CYYZ,Canada,-,-,-,-,3,0,3,0,-,-,-
19810710-0,Friday,10-JUL-1981,-,H2, Unknown (UNK),Havana,Cuba,192,0, Unknown,-,Lockheed L-1011 TriStar,-,-,-,-,-, registration unknown,-,Eastern Air Lines,Domestic Scheduled Passenger,EA71,Chicago-O'Hare International Airport,ORD,KORD,United States of America,Miami International Airport,MIA,KMIA,United States of America,-,-,0,0,-,-,-
19810712-0,Sunday,12-JUL-1981,-,A1, Landing (LDG),"Jackson Lake, ON",Canada,2,0, Damaged beyond repair,-,Consolidated PBY-6A Super Catalina,-,-,-,-,-, C-GFFJ, 2067,Flying Firemen,Fire fighting,-,-,-,-,-,-,-,-,-,2,0,0,0,-,-,-
19810714-0,Tuesday,14-JUL-1981,17:39,A1, En route (ENR),"near Kenai, AK",United States of America,3,3, Damaged beyond repair,-,Douglas SC-54G (DC-4),-,-,1945,-,-, N3373F, 36061,Aero Union,Cargo,-,Kenai Airport,ENA,PAEN,United States of America,King Salmon Airport,AKN,PAKN,United States of America,2,1,2,1,-,-,Final
19810715-0,Wednesday,15-JUL-1981,-,U1, Unknown (UNK),Beni,Bolivia,-,0, Damaged beyond repair,-,Martin 4-0-4,-,-,1952,-,-, CP-1318, 14134,CAMBA,Unknown,-,-,-,-,-,-,-,-,-,-,-,0,0,-,-,-
19810715-1,Wednesday,15-JUL-1981,10:40,A1, Approach (APR),"near King Cove Airport, AK (KVC)",United States of America,6,6, Damaged beyond repair,-,Beechcraft 200 Super King Air,-,-,1977,-,-, N631SR, BB-244,Puget Sound Tug & Barge Co.,Executive,-,Kodiak Airport,ADQ,PADQ,United States of America,King Cove Airport,KVC,PAVC,United States of America,2,4,2,4,-,-,Final
19810715-2,Wednesday,15-JUL-1981,-,A1, Landing (LDG),"Kedrovy, Bodaybinskiy rayon",Russia,2,0, Damaged beyond repair,-,Antonov An-2T,-,-,1961,-,-, CCCP-01883, 115447304,Aeroflot / East Siberia,Ferry/positioning,-,-,-,-,-,-,-,-,-,2,0,0,0,-,-,-
19810718-0,Saturday,18-JUL-1981,15:44,A1, En route (ENR),50 km (31.3 mls) from  Yerevan,Armenia,4,4, Destroyed, Written off (damaged beyond repair),Canadair CL-44D4-6,4,Rolls-Royce Tyne 515,1962,-,-, LV-JTN, 34,TAR,Cargo,-,Tehran-Mehrabad Airport,THR,OIII,Iran,Larnaca Airport,LCA,LCLK,Cyprus,3,1,3,1,-,-,-
19810720-0,Monday,20-JUL-1981,-,A1, En route (ENR),near Balad,Somalia,50,50, Destroyed, Written off (damaged beyond repair),Fokker F-27 Friendship 600RF,-,-,1977,2777.0,6087.0, 6O-SAY, 10557,Somali Airlines,Domestic Scheduled Passenger,  40,Mogadishu International Airport,MGQ,HCMM,Somalia,Hargeisa Airport,HGA,HCMH,Somalia,6,44,6,44,-,-,-
19810720-1,Monday,20-JUL-1981,22:07,A1, Takeoff (TOF),San Juan-Isla Verde International Airport (SJU),Puerto Rico,5,0, Damaged beyond repair,-,Britten-Norman BN-2A-6 Islander,-,-,1971,-,-, N116DW, 202,Dorado Wings,Executive,-,San Juan-Isla Verde International Airport,SJU,TJSJ,Puerto Rico,-,-,-,-,1,4,0,0,-,-,Final
19810721-0,Tuesday,21-JUL-1981,-,H2, Unknown (UNK),Berlin-Tegel Airport (TXL),Germany,-,0, None,-,Antonov An-24V,-,-,1966,-,-, SP-LTI, 67302506,LOT,Domestic Scheduled Passenger,-,Katowice-Pyrzowice Airport,KTW,EPKT,Poland,Gdansk-Rebiechowo Airport,GDN,EPGD,Poland,-,-,0,0,-,-,-
19810721-1,Tuesday,21-JUL-1981,-,A1, Unknown (UNK),near Stupina,Romania,-,0, Damaged beyond repair,-,Antonov An-2R,-,-,-,-,-, YR-PVJ, 1G175-09,Aviatia Utilitara,Unknown,-,-,-,-,-,-,-,-,-,-,-,0,0,-,-,-
19810724-0,Friday,24-JUL-1981,-,A1, En route (ENR),NE of Maroantsetra Airport (WMN),Madagascar,19,19, Damaged beyond repair,-,de Havilland Canada DHC-6 Twin Otter 300,2,Pratt & Whitney Canada PT6A-27,1971,-,-, 5R-MGB, 327,Air Madagascar,Domestic Scheduled Passenger, 112,Maroantsetra Airport,WMN,FMNR,Madagascar,Antalaha-Antsirabato,ANM,FMNH,Madagascar,2,17,2,17,-,-,-
19810725-0,Saturday,25-JUL-1981,-,A1, Approach (APR),"0,5 km (0.3 mls) from  Carurú Airport (CUO)",Colombia,9,3, Damaged beyond repair,-,Douglas DC-3A,-,-,1943,-,-, HK-772, 11743,Transamazonica Colombia,Domestic Scheduled Passenger,-,-,-,-,-,Carurú Airport,CUO,SKCR,Colombia,5,4,2,1,-,-,-
19810727-0,Monday,27-JUL-1981,16:28,A1, Landing (LDG),Chihuahua-Gen Fierro Villalobos Airport (CUU),Mexico,66,30, Damaged beyond repair,-,McDonnell Douglas DC-9-32,2,Pratt & Whitney JT8D-17,1974,-,-, XA-DEN, 47621/729,Aeroméxico,Domestic Scheduled Passenger, 230,Monterrey-General Mariano Escobedo Airport,MTY,MMMY,Mexico,Chihuahua-Gen Fierro Villalobos Airport,CUU,MMCU,Mexico,6,60,2,28,-,-,-
19810730-0,Thursday,30-JUL-1981,-,A1, Takeoff (TOF),Chimkent region,Kazakhstan,-,0, Damaged beyond repair,-,Antonov An-2R,-,-,1973,-,-, CCCP-07422, 1G150-57,Aeroflot / Kazakstan,Unknown,-,-,-,-,-,-,-,-,-,-,-,0,0,-,-,-
19810731-0,Friday,31-JUL-1981,10:39,A1, Initial climb (ICL),3 km (1.9 mls) from  Cochrane Airport (LGR),Chile,5,5, Damaged beyond repair,-,Curtiss C-46D-10-CU Commando,-,-,1945,-,-, CC-CAT, 33236,LATISA,Cargo,-,Cochrane Airport,LGR,SHCR,Chile,-,-,-,-,4,1,4,1,-,-,-
19810731-1,Friday,31-JUL-1981,12:00,A1, En route (ENR),near Coclecito,Panama,7,7, Damaged beyond repair,-,de Havilland Canada DHC-6 Twin Otter 300,2,Pratt & Whitney Canada PT6A-27,1970,-,-, FAP-205, 284,Panamese AF,Official state flight,-,-,-,-,-,-,-,-,-,2,5,2,5,-,-,-
19810801-0,Saturday,01-AUG-1981,15:12,A1, En route (ENR),near Utichiy Island,Russia,11,11, Damaged beyond repair,-,Ilyushin Il-14M,-,-,1957,27710.0,32047.0, CCCP-91517, 147001135,Aeroflot / Magadan,Survey/research,-,Magadan Airport,GDX,UHMM,Russia,Komsomol'sk-na-Amure Airport,KXK,UHKK,Russia,7,4,7,4,-,-,-
19810801-1,Saturday,01-AUG-1981,-,C1, En route (ENR),off Beira,Mozambique,6,6, Damaged beyond repair,-,Douglas C-47B-1-DK (DC-3),2,Pratt & Whitney R-1830-90C,1944,-,-, F-BJHC, 25756/14311,Hémet Exploration,Survey/research,-,-,-,-,-,-,-,-,-,6,0,6,0,-,-,-
19810803-0,Monday,03-AUG-1981,-,A1, Initial climb (ICL),near Cali-Palmaseca Airport (CLO),Colombia,4,0, Damaged beyond repair,-,Douglas C-53 (DC-3),-,-,1941,-,-, FAC-1128, 4824,SATENA,Military,-,Cali-Palmaseca Airport,CLO,SKCL,Colombia,-,-,-,-,4,0,0,0,-,-,-
19810805-0,Wednesday,05-AUG-1981,-,H2, Unknown (UNK),Gdansk Airport (GDN),Poland,-,0, Unknown,-,Antonov An-24V,-,-,1966,-,-, SP-LTI, 67302506,LOT,Domestic Scheduled Passenger,-,Katowice-Pyrzowice Airport,KTW,EPKT,Poland,Gdansk-Rebiechowo Airport,GDN,EPGD,Poland,-,-,0,0,-,-,-
19810807-0,Friday,07-AUG-1981,-,A2, Unknown (UNK),near Coyhaique Airport (GXQ),Chile,-,0, Substantial, Repaired,Douglas C-47B-15-DK (DC-3),2,Pratt & Whitney R-1830-90C,1944,-,-, CC-CBW, 26704/15259,Aerocor - Aerolineas Cordillera,Unknown,-,-,-,-,-,-,-,-,-,-,-,0,0,-,-,-
19810809-1,Sunday,09-AUG-1981,-,A1, Unknown (UNK),off Palana,Russia,-,-, Damaged beyond repair,-,Antonov An-2TP,-,-,-,-,9283.0, CCCP-29354, 1G77-37,Kamchatka Civil Aviation Prod. Ass.,Unknown,-,-,-,-,-,-,-,-,-,-,-,-,-,-,-,-
19810810-0,Monday,10-AUG-1981,-,O1, Standing (STD),"Las Vegas-McCarran International Airport, NV (LAS)",United States of America,0,0, Damaged beyond repair,-,Ford 5-AT-B Tri-Motor,3,Pratt & Whitney R-1340 Wasp,1928,-,-, N76GC, 5-AT-11,Grand Canyon Airlines,-,-,-,-,-,-,-,-,-,-,0,0,0,0,-,-,-
19810811-0,Tuesday,11-AUG-1981,-,A1, En route (ENR),at an unknown location,Colombia,-,0, Damaged beyond repair,-,Douglas DC-4,-,-,1944,-,-, HK-136, 10407,SADELCA Colombia,Unknown,-,Florencia-Gustavo Artunduaga Paredes Airport,FLA,SKFL,Colombia,Neiva Airport,NVA,SKNV,Colombia,-,-,0,0,-,-,-
19810811-1,Tuesday,11-AUG-1981,-,H2, Unknown (UNK),Katowice-Pyrzowice Airport (KTW),Poland,-,0, Unknown,-,Antonov An-24V,-,-,1969,-,-, SP-LTT, 97305701,LOT,Domestic Scheduled Passenger,-,Katowice-Pyrzowice Airport,KTW,EPKT,Poland,Gdansk-Rebiechowo Airport,GDN,EPGD,Poland,-,-,0,0,-,-,-
19810818-1,Tuesday,18-AUG-1981,-,O1, Standing (STD),within Florida?,United States of America,-,0, Damaged beyond repair,-,Vickers 745D Viscount,-,-,1955,-,-, N7407, 105,Airgo,-,-,-,-,-,-,-,-,-,-,-,-,0,0,-,-,-
19810819-0,Wednesday,19-AUG-1981,15:02,A1, Landing (LDG),Mangalore-Bajpe Airport (IXE),India,26,0, Substantial, Written off (damaged beyond repair),Hindustan Aeronautics Ltd. HAL-748-224 Srs. 2,-,-,1967,-,-, VT-DXF, 511,Indian Airlines,Domestic Scheduled Passenger,IC557,Bangalore-Hindustan Airport,BLR,VOBG,India,Mangalore-Bajpe Airport,IXE,VOML,India,4,22,0,0,-,-,Final
19810822-0,Saturday,22-AUG-1981,10:00,A1, En route (ENR),near Miao-Li,Taiwan,110,110, Destroyed, Written off (damaged beyond repair),Boeing 737-222,2,Pratt & Whitney JT8D-7A,1969,33313.0,-, B-2603, 19939/151,FEAT,Domestic Scheduled Passenger, 103,Taipei-Songshan Airport,TSA,RCSS,Taiwan,Kaohsiung International Airport,KHH,RCKH,Taiwan,6,104,6,104,-,-,-
19810822-1,Saturday,22-AUG-1981,-,H2, Unknown (UNK),Berlin-Tegel Airport (TXL),Germany,-,0, Unknown,-,Antonov An-24V,-,-,1966,-,-, SP-LTC, 67302208,LOT,Domestic Scheduled Passenger,-,Wroclaw-Strachowice Airport,WRO,EPWR,Poland,Warszawa-Okecie Airport,WAW,EPWA,Poland,-,-,0,0,-,-,-
19810824-0,Monday,24-AUG-1981,09:21,A1, En route (ENR),70 km (43.8 mls) E of Zavitinsk,Russia,32,31, Damaged beyond repair,-,Antonov An-24RV,2,Ivchenko AI-24VT,1974,-,-, CCCP-46653, 47309204,Aeroflot / Far East,Domestic Scheduled Passenger,-,Komsomol'sk-na-Amure Airport,KXK,UHKK,Russia,Blagoveshchensk Airport,BQS,UHBB,Russia,5,27,5,26,6,-,-
19810825-0,Tuesday,25-AUG-1981,-,A1, Takeoff (TOF),Sekakes Airport (SKQ),Lesotho,6,0, Damaged beyond repair,-,Britten-Norman BN-2A-21 Islander,-,-,1976,-,-, 7P-LAE, 556,Lesotho Airways,Passenger,-,Sekakes Airport,SKQ,FXSK,Lesotho,-,-,-,-,-,-,0,0,-,-,-
19810826-0,Wednesday,26-AUG-1981,15:45,A1, En route (ENR),ca 48 km N of Florencia,Colombia,50,50, Destroyed, Written off (damaged beyond repair),Vickers 745D Viscount,-,-,1956,-,-, HK-1320, 112,Aeropesca Colombia,Domestic Scheduled Passenger, 221,Florencia-Gustavo Artunduaga Paredes Airport,FLA,SKFL,Colombia,Neiva Airport,NVA,SKNV,Colombia,6,44,6,44,-,-,-
19810827-0,Thursday,27-AUG-1981,-,A1, Landing (LDG),Dire Dawa Airport (DIR),Ethiopia,-,0, Damaged beyond repair,-,Douglas C-47B-5-DK (DC-3),2,Pratt & Whitney R-1830-90C,1944,-,-, ET-AGX, 26089/14644,RRC Air Services,Unknown,-,-,-,-,-,Dire Dawa-Aba Tenna D Yilma Airport,DIR,HADR,Ethiopia,-,-,0,0,-,-,-
19810829-1,Saturday,29-AUG-1981,20:31,A1, Approach (APR),Zeya,Russia,34,3, Damaged beyond repair,-,Yakovlev Yak-40,3,Ivchenko AI-25,1975,-,-, CCCP-87346, 9511539,Aeroflot / Far East,Domestic Scheduled Passenger,-,Chita Airport,HTA,UIAA,Russia,-,-,-,-,5,29,2,1,-,-,-
19810831-0,Monday,31-AUG-1981,03:00,C1, Standing (STD),Beirut International Airport (BEY),Lebanon,0,0, Damaged beyond repair,-,Boeing 720-023B,4,Pratt & Whitney JT3D-1-MC7,1960,-,-, OD-AFR, 18018/157,MEA,International Scheduled Passenger,-,Benghazi-Benina International Airport,BEN,HLLB,Libya,Beirut International Airport,BEY,OLBA,Lebanon,0,0,0,0,-,-,-
19810902-0,Wednesday,02-SEP-1981,09:55,A1, Initial climb (ICL),3 km (1.9 mls) S of Paipa-Juan Jose Rondon Airport,Colombia,21,20, Destroyed, Written off (damaged beyond repair),Embraer EMB-110P1 Bandeirante,2,Pratt & Whitney Canada PT6A-34,1979,-,-, HK-2651, 110206,El Venado,Domestic Non Scheduled Passenger,-,-,-,-,-,Cartagena Airport,CTG,SKCG,Colombia,3,18,3,17,-,-,-
19810907-0,Monday,07-SEP-1981,11:00,A1, Landing (LDG),"Dahl Creek Airport, AK (DCK)",United States of America,2,0, Damaged beyond repair,-,Kaiser-Frazer C-119L Flying Boxcar,-,-,-,-,-, N8504W, 256,private,Unknown,-,Anchorage International Airport,ANC,PANC,United States of America,-,-,-,-,2,0,0,0,-,-,Final
19810907-1,Monday,07-SEP-1981,-,U1, Unknown (UNK),at an unknown location,Canada,-,-, Damaged beyond repair,-,Britten-Norman BN-2A Trislander Mk.III,-,-,1974,-,-, C-GSZI, 0360,Questor Surveys,Unknown,-,-,-,-,-,-,-,-,-,-,-,-,-,-,-,-
19810908-0,Tuesday,08-SEP-1981,-,O1, Standing (STD),Tashkent Airport (TAS),Uzbekistan,-,0, Damaged beyond repair,-,Tupolev Tu-154B-2,-,-,1980,-,-, CCCP-85448, 80A448,Aeroflot / Uralsk,-,-,-,-,-,-,-,-,-,-,-,-,0,0,-,-,-
19810909-0,Wednesday,09-SEP-1981,-,A1, Unknown (UNK),Zagrodno,Poland,-,-, Damaged beyond repair,-,Antonov An-2R,-,-,-,-,-, SP-WMN, 1G156-28,ZUA,Unknown,-,-,-,-,-,-,-,-,-,-,-,-,-,-,-,-
19810909-1,Wednesday,09-SEP-1981,-,A1, Unknown (UNK),Namangan region,Uzbekistan,-,0, Damaged beyond repair,-,Antonov An-2R,-,-,1974,-,-, CCCP-07601, 1G155-56,Aeroflot / Privolzhsk,Agricultural,-,-,-,-,-,-,-,-,-,-,-,0,0,-,-,-
19810913-0,Sunday,13-SEP-1981,-,A1, Landing (LDG),near Saratov,Russia,-,0, Damaged beyond repair,-,Antonov An-2R,-,-,1969,-,-, CCCP-32475, 1G103-02,Aeroflot / Privolzhsk,Unknown,-,-,-,-,-,-,-,-,-,-,-,0,0,-,-,-
19810916-0,Wednesday,16-SEP-1981,-,A1, Landing (LDG),at an unknown location,Russia,-,-, Damaged beyond repair,-,Antonov An-2TP,-,-,1967,-,-, CCCP-40523, 1G83-26,Aeroflot / Yakutsk,Unknown,-,-,-,-,-,-,-,-,-,-,-,-,-,-,-,-
19810918-0,Friday,18-SEP-1981,12:13,A1, Approach (APR),11 km (6.9 mls) E of Zheleznogorsk-Ilimskiy,Russia,33,33, Damaged beyond repair,-,Yakovlev Yak-40,3,Ivchenko AI-25,1974,-,-, CCCP-87455, 9431236,Aeroflot / East Siberia,Domestic Scheduled Passenger,652,Irkutsk Airport,IKT,UIII,Russia,-,-,-,-,4,29,4,29,7,-,-
19810918-1,Friday,18-SEP-1981,-,H2, Unknown (UNK),Berlin-Tegel Airport (TXL),Germany,-,0, Unknown,-,Antonov An-24V,-,-,1966,-,-, SP-LTG, 67302504,LOT,Domestic Scheduled Passenger,-,Katowice-Pyrzowice Airport,KTW,EPKT,Poland,Warszawa-Okecie Airport,WAW,EPWA,Poland,-,-,0,0,-,-,-
19810918-2,Friday,18-SEP-1981,17:42,A1, Approach (APR),"St. Andrew, Guernsey",United Kingdom,9,0, Damaged beyond repair,-,Britten-Norman BN-2A-27 Islander,-,-,1975,-,2174.0, G-BDNP, 496,JEA,Domestic Scheduled Passenger, 245,Jersey-States Airport,JER,EGJJ,United Kingdom,Guernsey Airport,GCI,EGJB,United Kingdom,1,8,0,0,-,-,Final
19810921-0,Monday,21-SEP-1981,-,A1, Approach (APR),"1,5 km (0.9 mls) from  Indian Springs-AF AUX Airport, NV (INS)",United States of America,68,7, Damaged beyond repair,-,Lockheed C-130H Hercules,-,-,1975,-,-, 74-1672, 4623,USAF,Military,-,-,-,-,-,Indian Springs-AF Aux Airport,INS,KINS,United States of America,9,59,0,7,-,-,-
19810922-0,Tuesday,22-SEP-1981,11:40,A2, En route (ENR),"near Newark International Airport, NJ (EWR)",United States of America,201,0, Substantial,-,Lockheed L-1011 TriStar 1,3,Rolls-Royce RB211-22B,1972,12149.0,23902.0, N309EA, 1010,Eastern Air Lines,Domestic Scheduled Passenger,-,Newark International Airport,EWR,KEWR,United States of America,San Juan-Isla Verde International Airport,SJU,TJSJ,Puerto Rico,11,190,0,0,-,-,Final
19810922-1,Tuesday,22-SEP-1981,-,H2, Unknown (UNK),Warszawa-Okecie Airport (WAW),Poland,-,0, Unknown,-,Antonov An-24V,-,-,1966,-,-, SP-LTK, 67302507,LOT,Domestic Scheduled Passenger,-,Warszawa-Okecie Airport,WAW,EPWA,Poland,Koszalin Airport,OSZ,EPKO,Poland,-,-,0,0,-,-,-
19810922-2,Tuesday,22-SEP-1981,16:48,A2, Takeoff (TOF),"Miami International Airport, FL (MIA)",United States of America,71,0, Substantial, Repaired,McDonnell-Douglas DC-10-30CF,3,General Electric CF6-50C2,1973,6214.0,25824.0, N101TV, 46800/96,Air Florida,Domestic Scheduled Passenger,2198,Miami International Airport,MIA,KMIA,United States of America,Fort Lauderdale International Airport,FLL,KFLL,United States of America,15,56,0,0,-,-,Final
19810926-0,Saturday,26-SEP-1981,-,H2, En route (ENR),Larnaca Airport (LCA),Cyprus,107,0, None,-,Boeing 727-2H9,-,-,1975,-,-, YU-AKF, 21038/1118,JAT,Domestic Scheduled Passenger,-,Titograd Airport,TGD,LYPG,Montenegro,Beograd Airport,BEG,LYBE,Serbia,9,98,0,0,-,-,-
19810929-0,Tuesday,29-SEP-1981,-,A1, En route (ENR),Kahrisak,Iran,-,80, Damaged beyond repair,-,Lockheed C-130H Hercules,-,-,1975,-,-, 5-8552, 4594,Iran AF,Military,-,Ahwaz Airport,AWZ,OIAW,Iran,Tehran-Mehrabad Airport,THR,OIII,Iran,-,-,-,-,-,-,-
19810929-1,Tuesday,29-SEP-1981,-,H2, Unknown (UNK),Warszawa-Okecie Airport (WAW),Poland,-,0, Unknown,-,Antonov An-24V,-,-,1966,-,-, SP-LTP, 67302802,LOT,Domestic Scheduled Passenger,-,Warszawa-Okecie Airport,WAW,EPWA,Poland,Szczecin-Goleniów Airport,SZZ,EPSC,Poland,-,-,0,0,-,-,-
19810929-2,Tuesday,29-SEP-1981,-,H2, En route (ENR),Lahore Airport (LHE),Pakistan,117,0, None,-,Boeing 737-200,-,-,-,-,-, registration unknown,-,Indian Airlines,Domestic Scheduled Passenger,-,Delhi-Palam Airport,DEL,VIDP,India,Amritsar-Raja Sansi Airport,ATQ,VIAR,India,6,111,0,0,-,-,-
19810999-1,-,xx-SEP-1981,-,A1, Takeoff (TOF),northeast Colombia,Colombia,-,-, Damaged beyond repair,-,Douglas DC-6,-,-,1946,-,-, N62242, 42857/7,Unknown,Illegal Flight,-,-,-,-,-,-,-,-,-,-,-,-,-,-,-,-
19811001-0,Thursday,01-OCT-1981,15:02,A1, En route (ENR),"4 km (2.5 mls) SW of Felt, OK",United States of America,3,3, Damaged beyond repair,-,Learjet 24,2,General Electric CJ610-4,1967,-,7412.0, N44CJ, 24-146,Sky Train Air,Unknown,-,Casper Airport,CPR,KCPR,United States of America,McAllen-Miller International Airport,MFE,KMFE,United States of America,2,1,2,1,-,-,Final
19811002-0,Friday,02-OCT-1981,16:00,A1, En route (ENR),"ca 10 km E Lac-Saint-François-Xavier, QC",Canada,3,3, Destroyed, Written off (damaged beyond repair),de Havilland Canada CC-123 Otter (DHC-3),-,-,-,-,-, 9417, 396,Canadian Armed Forces,Military,-,Montreal-St. Hubert Airport,YHU,CYHU,Canada,-,-,-,-,-,-,-,-,-,-,-
19811005-0,Monday,05-OCT-1981,-,H2, Unknown (UNK),"Buffalo-Greater Buffalo International Airport, NY (BUF)",United States of America,66,0, Unknown,-,BAC One-Eleven,-,-,-,-,-, registration unknown,-,USAir,Domestic Scheduled Passenger, 455,Albany Airport,ALB,KALB,United States of America,Buffalo-Greater Buffalo International Airport,BUF,KBUF,United States of America,-,-,0,0,-,-,-
19811006-0,Tuesday,06-OCT-1981,17:12,A1, En route (ENR),2 km (1.3 mls) SSW of Moerdijk,Netherlands,17,17, Destroyed, Written off (damaged beyond repair),Fokker F-28 Fellowship 4000,2,Rolls-Royce Spey 555-15P,1979,5997.0,4485.0, PH-CHI, 11141,NLM Cityhopper,Domestic Scheduled Passenger,HN431,Rotterdam Airport,RTM,EHRD,Netherlands,Eindhoven Airport,EIN,EHEH,Netherlands,4,13,4,13,-,-,Final
19811007-0,Wednesday,07-OCT-1981,-,A1, Landing (LDG),Dessie-Combolcha Airport (DSE),Ethiopia,-,0, Damaged beyond repair,-,Douglas C-47A-25-DK (DC-3),2,Pratt & Whitney R-1830-92,1944,-,26381.0, ET-AHR, 13311,Ethiopian Airlines,Unknown,-,-,-,-,-,Dessie-Combolcha Airport,DSE,HADC,Ethiopia,-,-,0,0,-,-,-
19811008-0,Thursday,08-OCT-1981,-,O1, Standing (STD),"Fairbanks International Airport, AK (FAI)",United States of America,0,0, Damaged beyond repair,-,Fairchild F-27M,-,-,1958,-,-, N777DG, 13,Pacific Alaska,-,-,-,-,-,-,-,-,-,-,0,0,0,0,-,-,-
19811012-0,Monday,12-OCT-1981,-,C1, Unknown (UNK),Guelta Zammour,Western Sahara,5,5, Damaged beyond repair,-,Lockheed C-130H Hercules,-,-,1977,-,-, CNA-OH, 4717,Moroccan AF,Military,-,-,-,-,-,-,-,-,-,-,-,-,-,-,-,-
19811013-0,Tuesday,13-OCT-1981,-,C2, Standing (STD),Cairo International Airport (CAI),Egypt,0,0, Substantial, Repaired,Boeing 737-2K2C,2,Pratt & Whitney JT8D-15A,1974,-,-, PH-TVC, 20836/354,Air Malta,International Scheduled Passenger,-,Malta-Luqa Airport,MLA,LMML,Malta,Cairo International Airport,CAI,HECA,Egypt,0,0,0,0,-,-,-
19811017-0,Saturday,17-OCT-1981,-,O1, Standing (STD),Rotorua Airport (ROT),New Zealand,0,0, Destroyed, Written off (damaged beyond repair),de Havilland DH-114 Heron 1B,-,-,1955,-,-, ZK-EKO, 14044,Nationwide Air,-,-,-,-,-,-,-,-,-,-,0,0,0,0,-,-,- (No safety board investigation)
19811021-0,Wednesday,21-OCT-1981,-,H1, Landing (LDG),ca 7 km E of Florencia,Colombia,9,0, Damaged beyond repair,-,Curtiss C-46A-35-CU Commando,2,Pratt & Whitney R-2800-51,1944,-,-, HK-388, 26796,Aeropesca Colombia,Domestic Scheduled Passenger,-,Medellín-Enrique Olaya Herrera Airport,EOH,SKMD,Colombia,Barranquilla-Soledad Airport,BAQ,SKBQ,Colombia,3,6,0,0,-,-,-
19811021-1,Wednesday,21-OCT-1981,-,A1, Landing (LDG),Praha-Ruzyne Airport (PRG),Czech Republic,81,0, Damaged beyond repair,-,Tupolev Tu-154B,3,Kuznetsov NK-8-2U,1975,5642.0,8983.0, HA-LCF, 75A126,Malev,International Scheduled Passenger, 641,Amsterdam-Schiphol International Airport,AMS,EHAM,Netherlands,Praha-Ruzyne International Airport,PRG,LKPR,Czech Republic,-,-,0,0,-,-,-
19811023-0,Friday,23-OCT-1981,-,H2, Unknown (UNK),"New York-John F. Kennedy International Airport, NY (JFK)",United States of America,109,0, Unknown,-,McDonnell Douglas DC-10,-,-,-,-,-, registration unknown,-,American Airlines,Domestic Scheduled Passenger,AA676,San Juan-Isla Verde International Airport,SJU,TJSJ,Puerto Rico,New York-John F. Kennedy International Airport,JFK,KJFK,United States of America,-,-,0,0,-,-,-
19811023-2,Friday,23-OCT-1981,00:19,A1, Landing (LDG),Tokyo-Narita Airport (NRT),Japan,3,0, Damaged beyond repair,-,Boeing 707-331C,4,Pratt & Whitney JT3D-3B,1967,-,37873.0, OD-AGT, 19213/613,TMA,Cargo, 332,Tokyo-Narita Airport,NRT,RJAA,Japan,Bangkok-Don Muang International Airport,BKK,VTBD,Thailand,3,0,0,0,-,-,-
19811026-0,Monday,26-OCT-1981,18:24,A1, Approach (APR),W off Saint Thomas Airport (STT),U.S. Virgin Islands,5,3, Damaged beyond repair,-,Lockheed L-749A Constellation (VC-121B),-,-,1949,-,-, HI-328, 2607,Aerolineas Argo,Cargo,-,Saint Croix-Alexander Hamilton Airport,STX,TISX,U.S. Virgin Islands,Saint Thomas Airport,STT,TIST,U.S. Virgin Islands,3,2,3,0,-,-,Final
19811028-0,Wednesday,28-OCT-1981,-,U1, Unknown (UNK),Foya Kamala,Liberia,-,0, Damaged beyond repair,-,Britten-Norman BN-2A Trislander Mk.III-2,3,Lycoming O-540-E4C5,1975,-,-, EL-AIC, 1014,Air Liberia,Unknown,-,-,-,-,-,-,-,-,-,-,-,0,0,-,-,-
19811029-0,Thursday,29-OCT-1981,-,H2, En route (ENR),San Miguel Airport,El Salvador,-,0, None,-,CASA C-212 Aviocar 200,-,-,1980,-,-, registration unknown,-,SANSA,Domestic Scheduled Passenger,  71,Quepos Airport,XQP,MRQP,Costa Rica,San José-Juan Santamaria International Airport,SJO,MROC,Costa Rica,-,-,0,0,-,-,-
19811031-0,Saturday,31-OCT-1981,-,A1, Initial climb (ICL),Bafoussam Airport (BFX),Cameroon,24,1, Damaged beyond repair,-,de Havilland Canada DHC-6 Twin Otter 300,2,Pratt & Whitney Canada PT6A-27,1974,-,-, TJ-CBC, 416,Cameroon Airlines,Domestic Scheduled Passenger,-,Bafoussam Airport,BFX,FKKU,Cameroon,-,-,-,-,2,22,0,1,-,-,-
19811031-1,Saturday,31-OCT-1981,-,A1, En route (ENR),Sukhbaatar Province,Mongolia,-,-, Damaged beyond repair,-,Antonov An-2R,-,-,-,-,-, MT-613, 1G186-13,MIAT,Unknown,-,-,-,-,-,-,-,-,-,-,-,-,-,-,-,-
19811108-1,Sunday,08-NOV-1981,-,A1, En route (ENR),65 km (40.6 mls) E of Zihuatanejo,Mexico,18,18, Damaged beyond repair,-,McDonnell Douglas DC-9-32,2,Pratt & Whitney JT8D-17,1974,-,-, XA-DEO, 47622/753,Aeroméxico,Domestic Scheduled Passenger, 110,Acapulco-Alvarez International Airport,ACA,MMAA,Mexico,Guadalajara-Don Miguel Hidalgo y Costilla International Airport,GDL,MMGL,Mexico,6,12,6,12,-,-,-
19811109-0,Monday,09-NOV-1981,-,A1, Unknown (UNK),Sennar,Sudan,-,-, Damaged beyond repair,-,Antonov An-2R,-,-,-,-,-, SP-WPT, 1G167-18,ZUA,Unknown,-,-,-,-,-,-,-,-,-,-,-,-,-,-,-,-
19811113-0,Friday,13-NOV-1981,-,A1, Initial climb (ICL),Waterkloof,South Africa,2,2, Damaged beyond repair,-,Learjet 55,-,-,-,-,-, N57TA, 55-010,Gates Learjet,Demonstration,-,Waterkloof Air Force Base,WKF,FAWK,South Africa,-,-,-,-,2,0,2,0,-,-,-
19811116-0,Monday,16-NOV-1981,19:30,A1, Approach (APR),Noril'sk Airport (NSK),Russia,167,99, Damaged beyond repair,-,Tupolev Tu-154B-2,3,Kuznetsov NK-8-2U,1981,-,-, CCCP-85480, 81A480,Aeroflot / Krasnoyarsk,Domestic Scheduled Passenger,-,Krasnoyarsk Airport,KJA,UNKL,Russia,Noril'sk Airport,NSK,UOOO,Russia,7,160,4,95,-,-,-
19811116-1,Monday,16-NOV-1981,-,A1, Approach (APR),near Lagos-Murtala Muhammed International Airport (LOS),Nigeria,4,4, Damaged beyond repair,-,Aérospatiale SN.601 Corvette,2,Pratt & Whitney Canada JT15D-4,-,-,-, TY-BBK, 29,Benin Government,Official state flight,-,-,-,-,-,Lagos-Murtala Muhammed International Airport,LOS,DNMM,Nigeria,2,2,2,2,-,-,-
19811118-0,Wednesday,18-NOV-1981,-,O1, Standing (STD),Rothera Station,Antarctica,0,0, Damaged beyond repair,-,de Havilland Canada DHC-6 Twin Otter 300,2,Pratt & Whitney Canada PT6A-27,1977,-,-, VP-FAW, 546,British Antarctic Survey,-,-,-,-,-,-,-,-,-,-,0,0,0,0,-,-,-
19811121-1,Saturday,21-NOV-1981,-,A1, Approach (APR),Huehuetenango,Guatemala,11,4, Damaged beyond repair,-,Douglas C-47 (DC-3),-,-,-,-,-, registration unknown,-,Guatemala AF,Military,-,-,-,-,-,Huehuetenango Airport,HUG,MGHT,Guatemala,-,-,-,-,-,-,-
19811126-0,Thursday,26-NOV-1981,-,H2, Standing (STD),Durban,South Africa,10,0, Unknown,-,Boeing 707-337C,-,-,1967,-,-, VT-DVB, 19248/549,Air-India,International Scheduled Passenger, 232,Mahe Island-Seychelles International Airport,SEZ,FSIA,Seychelles,Bombay-Santacruz Airport,BOM,VABB,India,10,0,0,0,-,-,-
19811126-1,Thursday,26-NOV-1981,-,A1, En route (ENR),12 km (7.5 mls) from  Ust-Kulom,Russia,15,15, Damaged beyond repair,-,Antonov An-2P,-,-,-,-,-, CCCP-01808, 1G107-55,Aeroflot / Komi,Domestic Scheduled Passenger,-,-,-,-,-,Syktyvkar Airport,SCW,UUYY,Russia,3,12,3,12,-,-,-
19811126-2,Thursday,26-NOV-1981,-,A2, En route (ENR),12 km (7.5 mls) from  Ust-Kulom,Russia,-,0, Substantial, Repaired,Antonov An-2TP,-,-,-,-,-, CCCP-40564, 1G84-17,Aeroflot / Komi,Domestic Scheduled Passenger,-,Syktyvkar Airport,SCW,UUYY,Russia,-,-,-,-,-,-,0,0,-,-,-
19811128-0,Saturday,28-NOV-1981,-,A1, Unknown (UNK),56 km (35 mls) from  Kufra,Libya,-,0, Damaged beyond repair,-,Fokker F-27 Friendship 400,-,-,1965,13716.0,20196.0, 5A-DBE, 10275,Libyan Arab Airlines,Unknown,-,-,-,-,-,-,-,-,-,-,-,0,0,-,-,-
19811130-0,Monday,30-NOV-1981,-,A1, Initial climb (ICL),Saint Lucia-Vigie Field (SLU),Saint Lucia,3,3, Damaged beyond repair,-,Douglas DC-6A,-,-,1953,-,-, N3486F, 43683/305,Guyana Airways,Cargo,-,Saint Lucia-Vigie Field,SLU,TLPC,Saint Lucia,-,-,-,-,3,0,3,0,-,-,-
19811201-1,Tuesday,01-DEC-1981,08:53,A1, En route (ENR),24 km (15 mls) SE of Ajaccio-Campo dell'Oro Airport (AJA),France,180,180, Destroyed, Written off (damaged beyond repair),McDonnell Douglas DC-9-81 (MD-81),2,Pratt & Whitney JT8D-217,1981,-,683.0, YU-ANA, 48047/998,Inex-Adria Aviopromet,Int'l Non Scheduled Passenger,JP1308,Ljubljana-Brnik Airport,LJU,LJLJ,Slovenia,Ajaccio-Campo dell'Oro Airport,AJA,LFKJ,France,7,173,7,173,-,-,Final
19811202-0,Wednesday,02-DEC-1981,-,A1, Landing (LDG),"Spence Bay Airport, NU (YYH)",Canada,3,0, Damaged beyond repair,-,Douglas DC-4-1009,-,-,1946,-,-, C-FJRW, 42983,Aero Trades (Western),Cargo,-,Winnipeg International Airport,YWG,CYWG,Canada,Spence Bay Airport,YYH,CYYH,Canada,3,0,0,0,-,-,-
19811205-0,Saturday,05-DEC-1981,-,H2, Unknown (UNK),"Cleveland, OH",United States of America,87,0, Unknown,-,Boeing 707,-,-,-,-,-, registration unknown,-,TWA,Domestic Scheduled Passenger,TW534,Cleveland-Hopkins International Airport,CLE,KCLE,United States of America,New York-John F. Kennedy International Airport,JFK,KJFK,United States of America,-,-,0,0,-,-,-
19811206-0,Sunday,06-DEC-1981,-,O1, Standing (STD),Moskva-Sheremetyevo Airport (SVO),Russia,-,0, Damaged beyond repair,-,Ilyushin Il-62M,-,-,1980,-,-, CCCP-86508, 2036718,Aeroflot / International,-,-,-,-,-,-,Moskva-Sheremetyevo Airport,SVO,UUEE,Russia,-,-,0,0,-,-,-
19811207-0,Monday,07-DEC-1981,-,H2, Unknown (UNK),Havana-José Martí International Airport (HAV),Cuba,-,0, Unknown,-,McDonnell Douglas DC-9,-,-,-,-,-, registration unknown,-,AVENSA,Unknown,-,Caracas Airport,CCS,SVMI,Venezuela,Puerto Ordaz Airport,PZO,SVPR,Venezuela,-,-,0,0,-,-,-
