identifiant,week_day,date,time,type_event,phase,location,country,total_occupants,total_fatalities,aircraft_damage,aircraft_fate,type_aircraft,number_engines,type_engines,first_flight,cycles,total_airframe_hours,registration,c_n_msn,operator,nature,flight_number,departure_airport_name,departure_airport_IATA,departure_airport_ICAO,departure_airport_country,destination_airport_name,destination_airport_IATA,destination_airport_ICAO,destination_airport_country,crew_number,passengers_number,crew_fatalities,passengers_fatalities,collision_casualties,ground_casualties,status
19580599-0,-,xx-MAY-1958,-,O1, Standing (STD),at an unknown location,Unknown country,-,-, Damaged beyond repair,-,Antonov An-2,-,-,-,-,-, CCCP-H542, 16447310,Aeroflot,-,-,-,-,-,-,-,-,-,-,-,-,-,-,-,-,-
19580602-0,Monday,02-JUN-1958,05:23,A1, Landing (LDG),Manila International Airport (MNL),Philippines,57,1, Damaged beyond repair,-,Boeing 377 Stratocruiser 10-26,4,Pratt & Whitney R-4360-B6,1948,-,-, N1023V, 15923/13,Pan Am,International Scheduled Passenger,-,Guam International Airport,GUM,PGUM,Guam,Manila International Airport,MNL,RPLL,Philippines,8,49,0,1,-,-,-
19580602-1,Monday,02-JUN-1958,22:06,A1, En route (ENR),16 km (10 mls) W of Guadalajara Airport (GDL),Mexico,45,45, Destroyed, Written off (damaged beyond repair),Lockheed L-749A Constellation,-,-,1951,-,-, XA-MEV, 2665,Aeronaves de México,Domestic Scheduled Passenger, 111,Guadalajara Airport,GDL,MMGL,Mexico,Mexico City International Airport,MEX,MMMX,Mexico,7,38,7,38,-,-,-
19580603-0,Tuesday,03-JUN-1958,-,A1, Initial climb (ICL),"0,8 km (0.5 mls) SW of Fairfield-Travis AFB, CA (SUU)",United States of America,8,6, Damaged beyond repair,-,Douglas C-124A-DL Globemaster II,4,Pratt & Whitney R-4360-20WA,-,-,-, 51-0114, 43448,USAF,Military,-,Fairfield-Travis AFB,SUU,KSUU,United States of America,Honolulu International Airport,HNL,PHNL,United States of America,-,-,-,-,-,-,-
19580604-0,Wednesday,04-JUN-1958,13:58,A1, Unknown (UNK),"Martinsburg Airport, WV (MRB)",United States of America,3,1, Damaged beyond repair,-,Douglas C-53B (DC-3),-,-,1941,-,-, N49553, 4820,Capital Airlines,Training,   3,Washington-National Airport,DCA,KDCA,United States of America,Martinsburg-Eastern West Virginia Regional Airport/Shepherd Field,MRB,KMRB,United States of America,3,0,1,0,-,-,-
19580608-0,Sunday,08-JUN-1958,08:16,A1, Approach (APR),"0,3 km (0.2 mls) SE of Lae Airfield",Papua New Guinea,3,3, Destroyed, Written off (damaged beyond repair),Lockheed 414-56 Hudson IIIA,2,Wright R-1820-G205A,-,-,-, VH-AGG, 6486,Adastra Airways,Survey/research,-,-,-,-,-,-,-,-,-,3,0,3,0,-,-,Final
19580609-0,Monday,09-JUN-1958,11:50,A1, En route (ENR),"16,5 km (10.3 mls) S of Magadan-13 Airport",Russia,24,24, Damaged beyond repair,-,Ilyushin Il-12,-,-,1947,-,-, CCCP-L1364, 30082,Aeroflot / Far East,Domestic Scheduled Passenger,-,Okhotsk Airport,OHO,UHOO,Russia,-,-,-,-,4,20,4,20,-,-,-
19580610-0,Tuesday,10-JUN-1958,11:45,A1, En route (ENR),"off Ilha Grande Beach, RJ",Brazil,22,0, Damaged beyond repair,-,Douglas DC-6,-,-,1948,-,-, LV-ADV, 43034/136,Aerolineas Argentinas,International Scheduled Passenger,-,-,-,-,-,-,-,-,-,6,16,0,0,-,-,-
19580616-0,Monday,16-JUN-1958,17:45,A1, Approach (APR),"near Curitiba Airport, PR (CWB)",Brazil,26,21, Damaged beyond repair,-,Convair CV-440-59,-,-,1958,-,-, PP-CEP, 493,Cruzeiro do Sul,Domestic Scheduled Passenger,-,Florianópolis-Hercilio Luz International Airport,FLN,SBFL,Brazil,Curitiba Airport,CWB,SBCT,Brazil,5,21,5,16,-,-,-
19580617-0,Tuesday,17-JUN-1958,10:00,A1, En route (ENR),near Santo Domingo,Venezuela,3,3, Damaged beyond repair,-,Fairchild C-82A Packet,-,-,-,-,-, HK-930, 10099,LIDCA,Cargo,-,Arauca-Santiago Pérez Airport,AUC,SKUC,Colombia,Cúcuta-Camilo Daza Airport,CUC,SKCC,Colombia,3,0,3,0,-,-,-
19580618-0,Wednesday,18-JUN-1958,-,A1, Unknown (UNK),Blida,Algeria,-,-, Damaged beyond repair,-,Nord 2501 Noratlas,2,Bristol Hercules 739,1955,-,-, 73, 73,French AF,Military,-,-,-,-,-,-,-,-,-,-,-,-,-,-,-,-
19580619-0,Thursday,19-JUN-1958,-,A1, Landing (LDG),Stuttgart-Echterdingen Airport (STR),Germany,2,0, Damaged beyond repair,-,Curtiss C-46F-1-CU Commando,-,-,1945,-,-, LX-LAA, 22422,Luxembourg Airlines,Training,-,-,-,-,-,Stuttgart-Echterdingen Airport,STR,EDDS,Germany,2,0,0,0,-,-,-
19580625-0,Wednesday,25-JUN-1958,11:00,A1, Maneuvering (MNV),near Damroh,India,7,5, Damaged beyond repair,-,Douglas DC-3C,2,Pratt & Whitney R-1830-92,1943,-,-, VT-COJ, 10051,Indian Airlines,Cargo,-,Mohanbari Airport,MOH,VEMN,India,Mohanbari Airport,MOH,VEMN,India,3,4,3,2,-,-,-
19580626-0,Thursday,26-JUN-1958,-,A1, En route (ENR),Puerto Columbia,Colombia,23,0, Damaged beyond repair,-,Curtiss C-46A-45-CU Commando,2,Pratt & Whitney R-2800-51,1944,-,-, HK-391, 30196,Lloyd Aéreo Colombiano,Passenger,-,Barranquilla-Ernesto Cortissoz Airport,BAQ,SKBQ,Colombia,Miami International Airport,MIA,KMIA,United States of America,3,20,0,0,-,-,-
19580626-1,Thursday,26-JUN-1958,-,A1, Landing (LDG),Moskva-Khodynka (Frunze) Central Aerodrome,Russia,-,0, Damaged beyond repair,-,Antonov An-12,-,-,1957,-,-, registration unknown, 7900101,NII VVS,Demonstration,-,-,-,-,-,-,-,-,-,-,-,0,0,-,-,-
19580627-0,Friday,27-JUN-1958,00:30,A1, Initial climb (ICL),"Springfield-Westover AFB, MA (CEF)",United States of America,15,15, Destroyed, Written off (damaged beyond repair),Boeing KC-135A Stratotanker,4,Pratt & Whitney J57-P,1957,-,-, 56-3599, 17348/38,USAF,Military,-,Springfield-Westover AFB,CEF,KCEF,United States of America,Brize Norton RAF Station,BZZ,EGVN,United Kingdom,7,8,7,8,-,-,-
19580627-1,Friday,27-JUN-1958,-,C1, Unknown (UNK),at an unknown location,Azerbaijan,9,0, Damaged beyond repair,-,Douglas C-118A (DC-6),-,-,1952,-,-, 51-3822, 43569/253,USAF,Military,-,-,-,-,-,Tehran-Mehrabad Airport,THR,OIII,Iran,9,0,0,0,-,-,-
19580627-2,Friday,27-JUN-1958,-,A1, En route (ENR),near Byelaya Noch,Russia,6,2, Damaged beyond repair,-,Antonov An-2,-,-,-,-,-, CCCP-L5643,-,Aeroflot / Magadan,Survey/research,-,-,-,-,-,-,-,-,-,4,2,2,0,-,-,-
19580702-0,Wednesday,02-JUL-1958,-,A1, En route (ENR),S of Inta,Russia,4,4, Damaged beyond repair,-,Antonov An-2,-,-,-,-,-, CCCP-L3803,-,Aeroflot / Komi,Unknown,-,-,-,-,-,-,-,-,-,4,0,4,0,-,-,-
19580704-0,Friday,04-JUL-1958,01:33,A1, En route (ENR),320 km (200 mls) NE off  Johnston Island,Pacific Ocean,9,6, Damaged beyond repair,-,Douglas C-124C Globemaster II,4,Pratt & Whitney R-4360-20WA,-,-,-, 50-0107, 43245,USAF,Military,-,-,-,-,-,Wake Island Airport,AWK,PAWK,U.S. Minor Outlying Islands,7,2,4,2,-,-,-
19580708-0,Tuesday,08-JUL-1958,-,A1, Initial climb (ICL),near Tachikawa Air Base,Japan,3,2, Damaged beyond repair,-,Douglas C-47A-85-DL (DC-3),-,-,1944,-,-, 43-15467, 19933,USAF,Military,-,-,-,-,-,-,-,-,-,3,0,2,0,-,-,-
19580709-0,Wednesday,09-JUL-1958,-,A1, Unknown (UNK),near Dhaka,Bangladesh,3,3, Damaged beyond repair,-,Douglas C-47A-75-DL (DC-3),2,Pratt & Whitney R-1830-92,1943,-,-, VT-CYM, 19317,Indian Airlines,Cargo,-,Agartala-Singerbhil Airport,IXA,VEAT,India,Dhaka-Tejgaon Airport,DAC,VGTJ,Bangladesh,3,0,3,0,-,-,-
19580713-0,Sunday,13-JUL-1958,-,O1, Standing (STD),"Rimouski Airport, QC (YXK)",Canada,0,0, Damaged beyond repair,-,Douglas C-47A-25-DK (DC-3),2,Pratt & Whitney R-1830-92,1944,-,-, CF-QBG, 13337,Quebecair,-,-,-,-,-,-,-,-,-,-,0,0,0,0,-,-,-
19580713-1,Sunday,13-JUL-1958,-,O1, Standing (STD),"Rimouski Airport, QC (YXK)",Canada,0,0, Damaged beyond repair,-,Douglas C-47A-1-DK (DC-3),2,Pratt & Whitney R-1830-92,1943,-,-, CF-QBF, 12092,Quebecair,-,-,-,-,-,-,-,-,-,-,0,0,0,0,-,-,-
19580713-2,Sunday,13-JUL-1958,-,O1, Standing (STD),"Rimouski Airport, QC (YXK)",Canada,0,0, Damaged beyond repair,-,Douglas C-47A-30-DL (DC-3),2,Pratt & Whitney R-1830-92,1943,-,-, CF-QBE, 9649,Quebecair,-,-,-,-,-,-,-,-,-,-,0,0,0,0,-,-,-
19580713-3,Sunday,13-JUL-1958,-,O1, Standing (STD),"Rimouski Airport, QC (YXK)",Canada,0,0, Damaged beyond repair,-,Douglas C-48 (DC-3),2,Pratt & Whitney R-1830-82,1940,-,-, CF-QBD, 3256,Quebecair,-,-,-,-,-,-,-,-,-,-,0,0,0,0,-,-,-
19580713-4,Sunday,13-JUL-1958,-,O1, Standing (STD),"Rimouski Airport, QC (YXK)",Canada,0,0, Damaged beyond repair,-,Douglas C-47A-90-DL (DC-3),2,Pratt & Whitney R-1830-92,1944,-,-, CF-QBH, 20219,Quebecair,-,-,-,-,-,-,-,-,-,-,0,0,0,0,-,-,-
19580715-0,Tuesday,15-JUL-1958,-,A1, En route (ENR),Böcklweiher,Germany,6,6, Damaged beyond repair,-,Nord 2501D Noratlas,2,Bristol Hercules 739,-,-,-, AS+575, D005,German AF,Military,-,-,-,-,-,-,-,-,-,-,-,-,-,-,-,-
19580717-0,Thursday,17-JUL-1958,10:16,A1, Takeoff (TOF),Ciudad Trujillo-General Andrews International Airport (SDQ),Dominican Republic,2,2, Damaged beyond repair,-,Curtiss C-46A-60-CK Commando,2,Pratt & Whitney R-2800-51,1945,-,-, HI-16,   442,Dominicana,Cargo, 402,Ciudad Trujillo-General Andrews International Airport,SDQ,MDSD,Dominican Republic,Miami International Airport,MIA,KMIA,United States of America,2,0,2,0,-,-,-
19580717-1,Thursday,17-JUL-1958,-,A1, Takeoff (TOF),"Río Cuarto Airport, CD (RCU)",Argentina,-,-, Damaged beyond repair,-,Douglas C-47A-75-DL Skytrain,-,-,1944,-,-, T-22, 19479,Argentine AF,Military,-,Río Cuarto Airport,RCU,SAOC,Argentina,-,-,-,-,-,-,-,-,-,-,-
19580806-0,Wednesday,06-AUG-1958,-,A1, Approach (APR),"4,8 km (3 mls) NW of Leeming RAF Station",United Kingdom,-,0, Damaged beyond repair,-,Vickers Valetta T.4,-,-,1952,-,-, WJ467, 592,RAF,Military,-,-,-,-,-,-,-,-,-,-,-,0,0,-,-,-
19580806-1,Wednesday,06-AUG-1958,-,A1, Unknown (UNK),Taipeh,Taiwan,4,0, Damaged beyond repair,-,Douglas C-47 (DC-3),-,-,-,-,-, registration unknown,-,Republic of China AF,Military,-,-,-,-,-,-,-,-,-,4,0,0,0,-,2,-
19580809-0,Saturday,09-AUG-1958,01:14,A1, Approach (APR),9 km (5.6 mls) SE of Benghazi-Benina International Airport (BEN),Libya,54,36, Destroyed, Written off (damaged beyond repair),Vickers 748D Viscount,4,Rolls-Royce Dart 510,1956,-,-, VP-YNE, 102,Central African Airways,International Scheduled Passenger,-,Wadi Halfa Airport,WHF,HSSW,Sudan,Benghazi-Benina International Airport,BEN,HLLB,Libya,7,47,4,32,-,-,-
19580809-1,Saturday,09-AUG-1958,-,A1, En route (ENR),"near Fort Yukon, AK",United States of America,2,1, Damaged beyond repair,-,Lockheed PV-2T Harpoon,-,-,-,-,-, N7457C, 15-1594,Aklavik Import & Export Co.,Cargo,-,Aklavik Airport,LAK,CYKD,Canada,Fairbanks International Airport,FAI,PAFA,United States of America,2,0,1,0,-,-,-
19580811-0,Monday,11-AUG-1958,19:00,A1, Approach (APR),"Ilha Carnapijo, PA",Brazil,11,10, Damaged beyond repair,-,Douglas DC-4,-,-,1945,-,-, PP-LEQ, 10544,Loide Aéreo Nacional,Domestic Scheduled Passenger,-,Manaus-Eduardo Gomes International Airport,MAO,SBEG,Brazil,Belém/Val-de-Cans International Airport,BEL,SBBE,Brazil,6,5,6,4,-,-,-
19580811-2,Monday,11-AUG-1958,-,A1, Unknown (UNK),"near Ontario International Airport, CA (ONT)",United States of America,-,0, Damaged beyond repair,-,Lockheed P2V-7LP Neptune,-,-,-,-,-, 140434, 726-7093,US Navy,Military,-,Ontario International Airport,ONT,KONT,United States of America,-,-,-,-,-,-,0,0,-,-,-
19580812-0,Tuesday,12-AUG-1958,-,A1, Initial climb (ICL),"Trelew Airport, CB (REL)",Argentina,12,12, Damaged beyond repair,-,Douglas C-47B-40-DK (DC-3),-,-,1945,-,-, T-19, 33538/16790,Argentine AF,Military,-,Trelew Airport,REL,SAVT,Argentina,Comodoro Rivadavia Airport,CRD,SAVC,Argentina,-,-,-,-,-,-,-
19580812-1,Tuesday,12-AUG-1958,20:55,A1, En route (ENR),17 km (10.6 mls) NNW off  Toshima,Japan,33,33, Damaged beyond repair,-,Douglas C-53-DO (DC-3),-,-,1942,-,-, JA5045, 7336,All Nippon,Domestic Scheduled Passenger, 025,Tokyo-Haneda Airport,HND,RJTT,Japan,Nagoya-Komaki International Airport,NGO,RJNN,Japan,3,30,3,30,-,-,-
19580814-0,Thursday,14-AUG-1958,03:50,A1, En route (ENR),"180 km (112.5 mls) W off  Shannon, Ireland",Atlantic Ocean,99,99, Destroyed, Written off (damaged beyond repair),Lockheed L-1049H-01-06-162 Super Constellation,4,Wright R-3350 (988TC18EA6),1958,-,886.0, PH-LKM, 4841,KLM,International Scheduled Passenger,KL607E,Shannon Airport,SNN,EINN,Ireland,Gander Airport,YQX,CYQX,Canada,8,91,8,91,-,-,Final
19580815-1,Friday,15-AUG-1958,23:34,A1, Approach (APR),"0,4 km (0.3 mls) NE of Nantucket Memorial Airport, MA (ACK)",United States of America,34,25, Damaged beyond repair,-,Convair CV-240-2,2,Pratt & Whitney R-2800-CB3,1948,-,26792.0, N90670,  90,Northeast Airlines,Domestic Scheduled Passenger, 258,New York-La Guardia Airport,LGA,KLGA,United States of America,Nantucket Memorial Airport,ACK,KACK,United States of America,3,31,3,22,-,-,Final
19580815-2,Friday,15-AUG-1958,-,A1, Approach (APR),"Guernsey Airport, Channel Islands (GCI)",United Kingdom,1,0, Damaged beyond repair,-,de Havilland DH-114 Heron 1B,-,-,1953,-,-, G-AMYU, 14017,Jersey Airlines,Cargo,-,-,-,-,-,Guernsey Airport,GCI,EGJB,United Kingdom,1,0,0,0,-,-,-
19580815-3,Friday,15-AUG-1958,22:20,A1, En route (ENR),"31 km (19.4 mls) NW of Talakan, Khabarovsk region",Russia,64,64, Destroyed, Written off (damaged beyond repair),Tupolev Tu-104A,2,Mikulin AM-3M,1957,401.0,1041.0, CCCP-L5442, 7350303,Aeroflot / Moscow,Domestic Scheduled Passenger,04,Khabarovsk-Novy Airport,KHV,UHHH,Russia,Irkutsk Airport,IKT,UIII,Russia,10,54,10,54,-,-,-
19580819-0,Tuesday,19-AUG-1958,10:30,A1, Approach (APR),"Itajaí Airport, SC (ITJ)",Brazil,12,0, Damaged beyond repair,-,Douglas C-47-DL (DC-3),2,Pratt & Whitney R-1830-92,1942,-,-, PP-CDI, 4684,Cruzeiro do Sul,Domestic Scheduled Passenger,-,-,-,-,-,-,-,-,-,4,8,0,0,-,-,-
19580828-0,Thursday,28-AUG-1958,03:29,A1, Initial climb (ICL),"Minneapolis-St Paul International Airport, MN",United States of America,62,0, Damaged beyond repair,-,Douglas DC-6B,4,Pratt & Whitney R-2800,1957,-,-, N575, 45200/780,Northwest Orient Airlines,Domestic Scheduled Passenger, 537,Minneapolis-St. Paul International Airport,MSP,KMSP,United States of America,Portland International Airport,PDX,KPDX,United States of America,4,58,0,0,-,-,-
19580830-0,Saturday,30-AUG-1958,-,A1, Unknown (UNK),Milford,United Kingdom,9,0, Damaged beyond repair,-,Handley Page HPR-7 Herald 100,2,Rolls-Royce Dart (series unknown),1955,-,-, G-AODE, 147,Handley Page,Demonstration,-,-,-,-,-,Farnborough Airport,FAB,EGLF,United Kingdom,2,7,0,0,-,-,-
19580902-0,Tuesday,02-SEP-1958,06:32,A1, Initial climb (ICL),5 km (3.1 mls) NE of London Airport (LHR),United Kingdom,3,3, Damaged beyond repair,-,Vickers 621 Viking 1,-,-,1946,-,-, G-AIJE, 127,Independent Air Travel,Cargo,-,London Airport,LHR,EGLL,United Kingdom,Nice-Côte d'Azur Airport,NCE,LFMN,France,3,0,3,0,-,4,Final
19580902-1,Tuesday,02-SEP-1958,-,A1, En route (ENR),56 km (35 mls) W off  Guam-Agana NAS (NGM),Pacific Ocean,19,19, Damaged beyond repair,-,Douglas C-124C Globemaster II,4,Pratt & Whitney R-4360-20WA,-,-,-, 52-1081, 43990,USAF,Military,-,-,-,-,-,Angeles City-Clark Air Base,CRK,RPMK,Philippines,7,12,7,12,-,-,-
19580902-2,Tuesday,02-SEP-1958,-,C1, En route (ENR),near Sasnashen,Armenia,17,17, Damaged beyond repair,-,Lockheed C-130A-II Hercules,-,-,1957,-,-, 56-0528, 3136,USAF,Military,-,Adana-Incirlik Air Base,ADA,LTAG,Turkey,Adana-Incirlik Air Base,ADA,LTAG,Turkey,17,0,17,0,-,-,-
19580905-0,Friday,05-SEP-1958,17:30,A1, Approach (APR),"near Campina Grande Airport, PB (CPV)",Brazil,18,13, Damaged beyond repair,-,Curtiss C-46A-45-CU Commando,2,Pratt & Whitney R-2800-51,1944,-,-, PP-LDX, 30288,Loide Aéreo Nacional,Domestic Scheduled Passenger, 652,Recife International Airport,REC,SBRF,Brazil,Campina Grande Airport,CPV,SBKG,Brazil,4,14,2,11,-,-,-
19580905-1,Friday,05-SEP-1958,12:52,H1, En route (ENR),Jõhvi,Estonia,17,1, Damaged beyond repair,-,Ilyushin Il-14P,-,-,1957,-,1195.0, CCCP-L2048, 705101,Aeroflot / Estonia,Domestic Scheduled Passenger,SU365,Leningrad-Shosseynaya Airport,LED,ULLI,Russia,Tallinn-Ülemiste Airport,TLL,EETN,Estonia,6,11,0,1,-,-,-
19580907-0,Sunday,07-SEP-1958,03:18,A1, En route (ENR),"4 km (2.5 mls) SSE of Konstantinovski , Martuk District",Kazakhstan,27,27, Destroyed, Written off (damaged beyond repair),Ilyushin Il-14P,-,-,1957,-,2564.0, CCCP-L1692, 7342304,Aeroflot / Kyrgyzstan,Domestic Scheduled Passenger,-,Aktyubinsk Airport,AKX,UATT,Kazakhstan,-,-,-,-,5,22,5,22,-,-,-
19580908-1,Monday,08-SEP-1958,-,A1, Landing (LDG),Madras Airport (MAA),India,31,0, Damaged beyond repair,-,Douglas C-54A-DO (DC-4),-,-,1943,-,-, VT-DIA, 3094,Indian Airlines,Scheduled Passenger,-,-,-,-,-,Madras Airport,MAA,VOMM,India,4,27,0,0,-,-,-
19580909-0,Tuesday,09-SEP-1958,-,A1, En route (ENR),24 km (15 mls) SW of Tokyo,Japan,8,8, Damaged beyond repair,-,Lockheed L-1049H Super Constellation,-,-,1957,-,-, N6920C, 4822,Flying Tiger Line,Cargo,-,Wake Island Airport,AWK,PAWK,U.S. Minor Outlying Islands,-,-,-,-,6,2,6,2,-,-,-
19580909-1,Tuesday,09-SEP-1958,-,A1, Takeoff (TOF),"Anchorage-Elmendorf AFB, AK (EDF)",United States of America,20,13, Damaged beyond repair,-,Douglas SC-47,-,-,1944,-,-, 43-15345, 19811,USAF,Military,-,Anchorage-Elmendorf AFB,EDF,PAED,United States of America,Fairbanks-Eielson AFB,EIL,PAEI,United States of America,-,-,-,-,-,-,-
19580910-0,Wednesday,10-SEP-1958,-,A1, Approach (APR),Abadan Airport (ABD),Iran,10,10, Damaged beyond repair,-,Martin PBM-5A Mariner,-,-,-,-,-, P-303,-,Dutch Navy,Military,-,Abadan Airport,ABD,OIAA,Iran,-,-,-,-,10,0,10,0,-,-,-
19580916-1,Tuesday,16-SEP-1958,08:00,A1, Initial climb (ICL),NE of Medellín-Enrique Olaya Herrera Airport (EOH),Colombia,2,0, Damaged beyond repair,-,Curtiss C-46A-45-CU Commando,2,Pratt & Whitney R-2800-51,1944,-,-, HK-514, 30363,SAM,Cargo,-,Medellín-Enrique Olaya Herrera Airport,EOH,SKMD,Colombia,-,-,-,-,2,0,0,0,-,-,-
19580917-0,Wednesday,17-SEP-1958,-,A1, Approach (APR),"Oklahoma City-Tinker AFB, OK (TIK)",United States of America,8,1, Damaged beyond repair,-,Douglas C-124A-DL Globemaster II,4,Pratt & Whitney R-4360-20WA,-,-,-, 51-0165, 43499,USAF,Military,-,Greenville-Donaldson AFB,GDC,KGYH,United States of America,Oklahoma City-Tinker AFB,TIK,KTIK,United States of America,8,0,1,0,-,-,-
19580918-0,Thursday,18-SEP-1958,-,A1, Unknown (UNK),near Giresun,Turkey,9,9, Damaged beyond repair,-,Douglas C-47B-15-DK (DC-3),-,-,1944,-,-, CBK-081, 26731/15286,Turkish AF,Military,-,-,-,-,-,-,-,-,-,-,-,-,-,-,-,-
19580919-0,Friday,19-SEP-1958,-,A1, En route (ENR),near Triel,France,6,6, Damaged beyond repair,-,Lockheed C-130A Hercules,-,-,1957,-,-, 56-0526, 3134,USAF,Military,-,Evreux Airport,EVX,LFOE,France,Spangdahlem Air Base,SPM,ETAD,Germany,-,-,-,-,1,-,-
19580919-1,Friday,19-SEP-1958,16:15,A1, En route (ENR),"near Lazo, Khabarovsk region",Russia,28,28, Damaged beyond repair,-,Ilyushin Il-12P,-,-,1947,-,7834.0, CCCP-L3904, 30073,Aeroflot / Far East,Domestic Scheduled Passenger,-,Okhotsk Airport,OHO,UHOO,Russia,Khabarovsk-Novy Airport,KHV,UHHH,Russia,4,24,4,24,-,-,-
19580919-2,Friday,19-SEP-1958,-,A1, Landing (LDG),Gaza Air Base,Israel,-,0, Damaged beyond repair,-,de Havilland Canada CSR-123 Otter (DHC-3),-,-,1956,-,-, 3744, 185,RCAF,Military,-,El Arish Airport,AAC,HEAR,Egypt,-,-,-,-,-,-,0,0,-,-,-
19580921-0,Sunday,21-SEP-1958,-,A1, Landing (LDG),Madrid-Barajas Airport (MAD),Spain,-,0, Damaged beyond repair,-,de Havilland DH.86B Express,-,-,1934,-,-, G-ACZP, 2321,private,Unknown,-,-,-,-,-,Madrid-Barajas Airport,MAD,LEMD,Spain,-,-,0,0,-,-,-
19580922-0,Monday,22-SEP-1958,13:00,A1, Initial climb (ICL),"Rio de Janeiro-Galeão International Airport, RJ (GIG)",Brazil,3,0, Damaged beyond repair,-,Convair CV-240-2,-,-,1948,-,-, PP-VCK,  39,Varig,Training,-,Rio de Janeiro-Galeão International Airport,GIG,SBGL,Brazil,Rio de Janeiro-Galeão International Airport,GIG,SBGL,Brazil,3,0,0,0,-,-,-
19580922-1,Monday,22-SEP-1958,-,A1, En route (ENR),"near Barreiras, BA",Brazil,3,3, Damaged beyond repair,-,Douglas VC-47D (DC-3),-,-,1944,-,-, PP-NAR, 26019/14574,NAB,Test,-,Barreiras Airport,BRA,SNBR,Brazil,Barreiras Airport,BRA,SNBR,Brazil,3,0,3,0,-,-,-
19580925-0,Thursday,25-SEP-1958,-,A1, Unknown (UNK),"Coral Harbour Airport, NU (YZS)",Canada,-,0, Damaged beyond repair,-,Douglas C-47A-25-DK (DC-3),2,Pratt & Whitney R-1830-92,1944,-,-, CF-TET, 13393,TransAir,Unknown,-,-,-,-,-,-,-,-,-,-,-,0,0,-,-,-
19580929-0,Monday,29-SEP-1958,-,A1, En route (ENR),Mediterranean Sea,Mediterranean Sea,5,5, Missing, Presumed damaged beyond repair,Avro 685 York I,4,Rolls-Royce Merlin,1946,-,-, OD-ADB, 1307,MEA,Cargo,-,Beirut International Airport,BEY,OLBA,Lebanon,Roma-Ciampino Airport,CIA,LIRA,Italy,5,0,5,0,-,-,-
19580929-1,Monday,29-SEP-1958,-,C1, Unknown (UNK),off Kinmen,Taiwan,3,1, Damaged beyond repair,-,Curtiss C-46 Commando,-,-,-,-,-, 223,-,Republic of China AF,Military,-,-,-,-,-,-,-,-,-,-,-,-,-,-,-,-
19580929-2,Monday,29-SEP-1958,15:30,A1, Unknown (UNK),"35 km (21.9 mls) N off  Key West, FL",United States of America,10,10, Damaged beyond repair,-,Lockheed P2V-5 Neptune,-,-,-,-,-, 131461, 426-5342,US Navy,Military,-,-,-,-,-,-,-,-,-,10,0,10,0,-,-,-
19581002-0,Thursday,02-OCT-1958,-,U1, Unknown (UNK),unknown,Unknown country,-,-, Damaged beyond repair,-,Curtiss C-46 Commando,-,-,-,-,-, 199,-,Republic of China AF,Military,-,-,-,-,-,-,-,-,-,-,-,-,-,-,-,-
19581005-2,Sunday,05-OCT-1958,-,A1, Unknown (UNK),near Buendía,Spain,6,6, Damaged beyond repair,-,CASA 352 (Junkers Ju-52),-,-,-,-,-, registration unknown,-,Spanish AF,Military,-,-,-,-,-,-,-,-,-,5,1,5,1,-,-,-
19581009-0,Thursday,09-OCT-1958,-,A1, En route (ENR),"near Payette, ID",United States of America,19,19, Damaged beyond repair,-,Fairchild C-123B-12-FA Provider,-,-,-,-,-, 55-4521, 20182,USAF,Military,-,-,-,-,-,Tacoma-McChord AFB,TCM,KTCM,United States of America,-,-,-,-,-,-,-
19581010-0,Friday,10-OCT-1958,00:14,A1, Approach (APR),"Smyshlyaevka, Kuibyshev Region",Russia,5,4, Damaged beyond repair,-,Lisunov Li-2,-,-,-,-,-, CCCP-84733, 18432309,Aeroflot / Privolzhsk,Training,-,-,-,-,-,-,-,-,-,5,0,4,0,-,-,-
19581014-0,Tuesday,14-OCT-1958,-,A1, En route (ENR),89 km (55.6 mls) NW of Maracaibo,Venezuela,23,23, Damaged beyond repair,-,Lockheed L-1049G-82 Super Constellation,-,-,1955,-,-, YV-C-ANC, 4575,LAV,International Scheduled Passenger,-,-,-,-,-,Maracaibo-Grano de Oro Airport,ORO,SVMO,Venezuela,6,17,6,17,-,-,-
19581015-0,Wednesday,15-OCT-1958,-,A1, En route (ENR),near Villa Montes,Bolivia,20,20, Damaged beyond repair,-,Douglas C-47A-DL (DC-3),2,Pratt & Whitney R-1830-92,1943,-,-, TAM-03, 13839,TAM,Domestic Non Scheduled Passenger,-,-,-,-,-,Tarija Airport,TJA,SLTJ,Bolivia,3,17,3,17,-,-,-
19581015-1,Wednesday,15-OCT-1958,-,A1, Unknown (UNK),near Okarben,Germany,-,-, Damaged beyond repair,-,Douglas C-47A-80-DL (DC-3),2,Pratt & Whitney R-1830-92,1944,-,-, 43-15295, 19761,USAF,Military,-,-,-,-,-,-,-,-,-,-,-,-,-,-,-,-
19581016-0,Thursday,16-OCT-1958,-,A1, Unknown (UNK),82 km (51.3 mls) SE of Sukpai,Russia,-,-, Damaged beyond repair,-,Lisunov Li-2,-,-,-,-,-, CCCP-65708, 18428602,Aeroflot,Unknown,-,-,-,-,-,-,-,-,-,-,-,-,-,-,-,-
19581016-1,Thursday,16-OCT-1958,-,A1, Maneuvering (MNV),near Cape Hallett Bay,Antarctica,13,7, Damaged beyond repair,-,Douglas C-124C Globemaster II,4,Pratt & Whitney R-4360-20WA,-,-,-, 52-1017, 43926,USAF,Military,-,Christchurch International Airport,CHC,NZCH,New Zealand,-,-,-,-,13,0,7,0,-,-,-
19581017-0,Friday,17-OCT-1958,21:30,A1, En route (ENR),27 km (16.9 mls) W of Kanash,Russia,80,80, Destroyed, Written off (damaged beyond repair),Tupolev Tu-104A,2,Mikulin AM-3M,1958,-,465.0, CCCP-42362, 86601002,Aeroflot / Moscow,Domestic Non Scheduled Passenger,-,Omsk Airport,OMS,UNOO,Russia,Moskva-Vnukovo Airport,VKO,UUWW,Russia,9,71,9,71,-,-,-
19581017-1,Friday,17-OCT-1958,12:10,A1, En route (ENR),Zele,Belgium,3,0, Destroyed, Written off (damaged beyond repair),Vickers 610 Viking 1B,2,Bristol Hercules 634,1947,-,-, D-BELA, 250,Deutsche Flugdienst,Cargo,-,London Airport,LHR,EGLL,United Kingdom,Düsseldorf Airport,DUS,EDDL,Germany,3,0,0,0,-,-,Final
19581018-0,Saturday,18-OCT-1958,-,A1, Approach (APR),"0,3 km (0.2 mls) W off  Argentia NAS, NL (NWP)",Canada,29,11, Damaged beyond repair,-,Lockheed WV-2 Super Constellation,-,-,1956,-,-, 141294, 4418,US Navy,Military,-,Patuxent River NAS,NHK,KNHK,United States of America,-,-,-,-,-,-,-,-,-,-,-
19581019-0,Sunday,19-OCT-1958,08:30,A1, En route (ENR),21 km (13.1 mls) E of Blantyre-Chileka Airport (BLZ),Malawi,6,6, Damaged beyond repair,-,Douglas C-47B-30-DK (DC-3),2,Pratt & Whitney R-1830-90C,1945,-,-, 476560/FRAST, 32892/16144,French AF,Military,-,Blantyre-Chileka Airport,BLZ,FWCL,Malawi,Antananarivo-Arivonimamo Airport,TNR,FMMA,Madagascar,5,1,5,1,-,-,-
19581022-0,Wednesday,22-OCT-1958,11:50,A1, En route (ENR),near Anzio,Italy,31,31, Destroyed, Written off (damaged beyond repair),Vickers 701C Viscount,4,Rolls-Royce Dart 506,1954,-,-, G-ANHC,  63,BEA,International Scheduled Passenger,BE142,London Airport,LHR,EGLL,United Kingdom,Napoli Airport,NAP,LIRN,Italy,5,26,5,26,-,-,Final
19581022-1,Wednesday,22-OCT-1958,-,U1, Unknown (UNK),Masjid-i-Sulaiman,Iran,-,-, Damaged beyond repair,-,Douglas C-47B-5-DK (DC-3),2,Pratt & Whitney R-1830-90C,1944,-,-, G-AMVB, 26082/14637,Hunting Aerosurveys,Unknown,-,-,-,-,-,-,-,-,-,-,-,-,-,-,-,-
19581022-2,Wednesday,22-OCT-1958,-,H1, En route (ENR),Mayarí Arriba,Cuba,14,0, Destroyed, Written off (damaged beyond repair),Douglas DC-3A,-,-,1943,-,-, CU-T266, 11684,Cubana,Domestic Scheduled Passenger, 266,-,-,-,-,Moa-Orestes Acosta Airport,MOA,MUMO,Cuba,3,11,0,0,-,-,-
19581022-3,Wednesday,22-OCT-1958,-,A2, Landing (LDG),Porlamar Airport (PMV),Venezuela,-,0, Substantial, Repaired,Fairchild F-27,-,-,1958,-,-, YV-C-EVH,  12,AVENSA,Domestic Scheduled Passenger,-,-,-,-,-,Porlamar Airport,PMV,SVMG,Venezuela,-,-,0,0,-,-,-
19581022-4,Wednesday,22-OCT-1958,-,A1, Taxi (TXI),Ross Ice Shelf,Antarctica,-,0, Damaged beyond repair,-,de Havilland Canada UC-1 Otter (DHC-3),-,-,1956,-,-, 142427, 79,US Navy,Military,-,-,-,-,-,-,-,-,-,-,-,0,0,-,-,-
19581022-5,Wednesday,22-OCT-1958,-,A1, Approach (APR),"near Harrisburg-Olmsted AFB, PA (MDT)",United States of America,6,6, Damaged beyond repair,-,Douglas C-47D (DC-3),-,-,1944,-,-, 43-48300, 25561/14116,USAF,Military,-,Youngstown Airport,YNG,KYNG,United States of America,Harrisburg-Olmsted AFB,MDT,KMDT,United States of America,4,2,4,2,-,-,-
19581025-0,Saturday,25-OCT-1958,-,H2, Standing (STD),Nizhniye Kresty Airport (CYX),Russia,-,0, None,-,Antonov An-2,-,-,-,-,-, registration unknown,-,Aeroflot,Domestic Scheduled Passenger,-,Nizhniye Kresty Airport,CYX,UESS,Russia,-,-,-,-,-,-,0,0,-,-,-
19581101-0,Saturday,01-NOV-1958,-,H1, Approach (APR),3 km (1.9 mls) off  Preston Airport (PST),Cuba,20,17, Damaged beyond repair,-,Vickers 755D Viscount,-,-,1956,-,-, CU-T603,  91,Cubana,International Scheduled Passenger,CU495,Miami International Airport,MIA,KMIA,United States of America,Varadero Airport,VRA,MUVR,Cuba,4,16,4,13,-,-,-
19581102-0,Sunday,02-NOV-1958,16:20,A1, En route (ENR),"1,5 km (0.9 mls) NW of Grahovo",Russia,4,4, Damaged beyond repair,-,Lisunov Li-2,-,-,-,-,-, CCCP-84624, 18428001,Aeroflot / Ukraine,Cargo,-,-,-,-,-,-,-,-,-,4,0,4,0,-,-,-
19581103-0,Monday,03-NOV-1958,18:00,A1, En route (ENR),near Roccatamburo di Poggiodomo,Italy,8,8, Damaged beyond repair,-,Douglas C-47-DL (DC-3),2,Pratt & Whitney R-1830-92,1942,-,-, YE-AAB, 4345,Yemen Airlines,Int'l Non Scheduled Passenger,-,Roma-Ciampino Airport,CIA,LIRA,Italy,-,-,-,-,4,4,4,4,-,-,-
19581104-0,Tuesday,04-NOV-1958,-,A1, Unknown (UNK),Le Touquet,France,-,0, Damaged beyond repair,-,Bristol 170 Freighter 21,-,-,1946,-,-, F-BHVB, 12731,CAT,Unknown,-,-,-,-,-,Le Touquet Airport,LTQ,LFAT,France,-,-,0,0,-,-,-
19581106-0,Thursday,06-NOV-1958,-,H1, En route (ENR),Mayarí Arriba,Cuba,29,0, Destroyed, Written off (damaged beyond repair),Douglas DC-3A,-,-,1943,-,-, CU-T8, 11744,Cubana,Domestic Scheduled Passenger,-,Manzanillo-Sierra Maestra Airport,MZO,MUMZ,Cuba,Holguín-Frank Pais Airport,HOG,MUHG,Cuba,4,25,0,0,-,-,-
19581106-1,Thursday,06-NOV-1958,-,A2, Landing (LDG),Lorient-Lann Bihoué Naval Aviation Base (LRT),France,-,0, Substantial, Repaired,Lockheed P2V-7 Neptune,-,-,-,-,-, 146435, 726-7154,French Navy,Military,-,Lorient-Lann Bihoué Naval Aviation Base,LRT,LFRH,France,Lorient-Lann Bihoué Naval Aviation Base,LRT,LFRH,France,-,-,0,0,-,-,-
19581107-0,Friday,07-NOV-1958,16:47,A1, En route (ENR),Privetnoye,Ukraine,12,12, Damaged beyond repair,-,Ilyushin Il-14,-,-,-,-,-, CCCP-52024, 704115,Aeroflot / Azerbaijan,Domestic Scheduled Passenger,-,-,-,-,-,-,-,-,-,5,7,5,7,-,-,-
19581108-0,Saturday,08-NOV-1958,-,A1, Unknown (UNK),San Borja - La Paz,Bolivia,3,3, Missing, Presumed damaged beyond repair,Douglas DC-3,-,-,-,-,-, TAM-05,-,TAM,Cargo,-,San Borja-Capitan G.Q. Guardia Airport,SRJ,SLSB,Bolivia,La Paz-El Alto Airport,LPB,SLLP,Bolivia,3,0,3,0,-,-,-
19581109-0,Sunday,09-NOV-1958,-,A1, En route (ENR),"c 250 km SW off Lisbon, Portugal",Atlantic Ocean,36,36, Missing, Presumed damaged beyond repair,Martin PBM-5 Mariner,4,Pratt & Whitney R-2800-34,1944,-,2240.0, CS-THB, 45409,ARTOP,Domestic Scheduled Passenger,-,-,-,-,-,Funchal Airport,FNC,LPFU,Portugal,6,30,6,30,-,-,Final
19581110-0,Monday,10-NOV-1958,11:00,A1, Takeoff (TOF),"New York-Idlewild International Airport, NY (IDL)",United States of America,5,0, Damaged beyond repair,-,Lockheed L-1049D Super Constellation,-,-,1954,-,-, N6503C, 4165,Seaboard & Western,Training,-,New York-Idlewild International Airport,IDL,KIDL,United States of America,New York-Idlewild International Airport,IDL,KIDL,United States of America,5,0,0,0,-,-,-
19581110-1,Monday,10-NOV-1958,11:00,O1, Standing (STD),"New York-Idlewild International Airport, NY (IDL)",United States of America,2,0, Damaged beyond repair,-,Vickers 724 Viscount,-,-,1954,-,-, CF-TGL,  43,TCAL,International Scheduled Passenger,-,New York-Idlewild International Airport,IDL,KIDL,United States of America,Montreal-Dorval International Airport,YUL,CYUL,Canada,2,0,0,0,-,-,-
19581111-0,Tuesday,11-NOV-1958,11:15,A1, Unknown (UNK),"E of Buenos Aires/Ezeiza-Ministro Pistarini Airport, BA (EZE)",Argentina,4,0, Damaged beyond repair,-,Curtiss C-46A-45-CU Commando,2,Pratt & Whitney R-2800-51,1944,-,-, LV-FTP, 30356,TSA,Training,-,Buenos Aires/Ezeiza-Ministro Pistarini Airport,EZE,SAEZ,Argentina,Buenos Aires/Ezeiza-Ministro Pistarini Airport,EZE,SAEZ,Argentina,4,0,0,0,-,-,-
19581111-1,Tuesday,11-NOV-1958,-,A1, Landing (LDG),"San Francisco La Montaña, Huehuetenango",Guatemala,-,-, Damaged beyond repair,-,Fairchild C-82A Packet,-,-,1948,-,-, TG-AVA, 10202,Aviateca,Unknown,-,-,-,-,-,-,-,-,-,-,-,-,-,-,-,-
19581114-0,Friday,14-NOV-1958,-,A1, Landing (LDG),Tangier Airport (TNG),Morocco,-,0, Damaged beyond repair,-,Douglas C-47A-30-DK (DC-3),2,Pratt & Whitney R-1830-92,1944,-,-, CN-CCJ, 25250/13805,RAM,Unknown,-,-,-,-,-,Tangier Airport,TNG,GMTT,Morocco,-,-,0,0,-,-,-
19581114-1,Friday,14-NOV-1958,-,A1, En route (ENR),"near Swan Valley, ID",United States of America,8,4, Damaged beyond repair,-,Fairchild C-119 Flying Boxcar,-,-,-,-,-, registration unknown,-,USAF,Military,-,Fort Bridger Airport,FBR,KFBR,United States of America,Ogden-Hill AAF,HIF,KHIF,United States of America,-,-,-,-,-,-,-
19581116-0,Sunday,16-NOV-1958,-,A1, En route (ENR),"37 km (23.1 mls) W of Fort Collins, CO",United States of America,2,2, Damaged beyond repair,-,Curtiss C-46F-1-CU Commando,-,-,1945,-,-, N1301N, 22480,Capitol Airways,Cargo,-,Denver-Stapleton International Airport,DEN,KDEN,United States of America,Ogden-Hill AFB,HIF,KHIF,United States of America,2,0,2,0,-,-,-
19581117-0,Monday,17-NOV-1958,-,A1, Landing (LDG),"Augusta-Bush Field, GA (AGS)",United States of America,34,0, Damaged beyond repair,-,Douglas C-124A-DL Globemaster II,4,Pratt & Whitney R-4360-20WA,-,-,-, 51-0162, 43496,USAF,Military,-,-,-,-,-,Augusta-Bush Field,AGS,KAGS,United States of America,-,-,0,0,-,-,-
19581121-1,Friday,21-NOV-1958,-,A1, Takeoff (TOF),"Rio de Janeiro-Galeão International Airport, RJ (GIG)",Brazil,-,0, Damaged beyond repair,-,Douglas C-47A-5-DL (DC-3),-,-,1943,-,-, 2029, 9246,Brazilian AF,Military,-,Rio de Janeiro-Galeão International Airport,GIG,SBGL,Brazil,-,-,-,-,-,-,0,0,-,-,-
19581122-0,Saturday,22-NOV-1958,-,A1, Standing (STD),Azores,Portugal,-,0, Damaged beyond repair,-,Grumman SA-16A Albatross,-,-,-,-,-, 7103, G-241,Portuguese AF,Military,-,Terceira-Lajes AFB,TER,LPLA,Portugal,-,-,-,-,-,-,0,0,-,-,-
19581124-0,Monday,24-NOV-1958,-,A1, Initial climb (ICL),Anadyr,Russia,4,0, Damaged beyond repair,-,Antonov An-2,-,-,-,-,-, CCCP-L5676,-,Aeroflot / Magadan,Cargo,-,-,-,-,-,Anadyr Airport,DYR,UHMA,Russia,2,2,0,0,-,-,Preliminary
19581125-0,Tuesday,25-NOV-1958,07:27,A1, Takeoff (TOF),"Limestone-Loring AFB, ME (LIZ)",United States of America,7,5, Damaged beyond repair,-,Boeing KC-135A Stratotanker,4,Pratt & Whitney J57-P,1957,-,-, 56-3598, 17347/37,USAF,Military,-,-,-,-,-,-,-,-,-,7,0,5,0,-,-,-
19581129-0,Saturday,29-NOV-1958,-,C1, Unknown (UNK),"East Sale, VIC",Australia,1,1, Damaged beyond repair,-,Douglas C-47B-30-DK (DC-3),2,Pratt & Whitney R-1830-90C,1945,-,-, A65-89, 32881/16133,RAAF,Illegal Flight,-,-,-,-,-,-,-,-,-,1,0,1,0,-,-,-
19581201-0,Monday,01-DEC-1958,-,A1, Landing (LDG),Paulis Airport (IRP),Democratic Republic of the Congo,-,0, Damaged beyond repair,-,Douglas C-47B-5-DK (DC-3),2,Pratt & Whitney R-1830-90C,1944,-,-, K-18/OT-CWH, 26048/14603,Belgian AF,Military,-,-,-,-,-,Paulis Airport,IRP,FZJH,Democratic Republic of the Congo,-,-,0,0,-,-,-
19581202-0,Tuesday,02-DEC-1958,-,A1, En route (ENR),Frimley,United Kingdom,6,6, Damaged beyond repair,-,Vickers 732 Viscount,-,-,1955,-,-, G-ANRR,  74,Hunting-Clan,Test,-,London Airport,LHR,EGLL,United Kingdom,London Airport,LHR,EGLL,United Kingdom,6,0,6,0,-,-,-
19581204-0,Thursday,04-DEC-1958,17:15,A1, En route (ENR),Guadarrama Mountains,Spain,21,21, Damaged beyond repair,-,SNCASE SE.161 Languedoc,-,-,1946,-,-, EC-ANR, 28,Aviaco,Domestic Scheduled Passenger,-,Vigo Airport,VGO,LEVX,Spain,Madrid-Barajas Airport,MAD,LEMD,Spain,5,16,5,16,-,-,Final
19581207-0,Sunday,07-DEC-1958,22:42,A1, Approach (APR),near Stalingrad Airport (VOG),Russia,24,1, Damaged beyond repair,-,Ilyushin Il-14,-,-,-,-,-, CCCP-L2096, 7342907,Aeroflot / North Kavkaz,Domestic Scheduled Passenger,-,-,-,-,-,Stalingrad Airport,VOG,URWW,Russia,5,19,1,0,-,-,-
19581209-0,Tuesday,09-DEC-1958,-,A1, En route (ENR),"448 km (280 mls) N of Labuan, Malaysia [South China Sea]",Pacific Ocean,10,10, Damaged beyond repair,-,Avro Shackleton MR.1,4,Rolls-Royce Griffon 57,1950,-,-, VP254,-,RAF,Military,-,Labuan Airport,LBU,WBKL,Malaysia,Labuan Airport,LBU,WBKL,Malaysia,10,0,10,0,-,-,-
19581210-0,Wednesday,10-DEC-1958,-,U1, Unknown (UNK),Jakarta,Indonesia,-,0, Damaged beyond repair,-,de Havilland DH-114 Heron 1B,-,-,1954,-,-, PK-GHP, 14032,Garuda,Unknown,-,-,-,-,-,-,-,-,-,-,-,0,0,-,-,-
19581213-0,Saturday,13-DEC-1958,-,A1, En route (ENR),64 km (40 mls) SW of Modena,Italy,-,0, Damaged beyond repair,-,Fairchild CC-119 Flying Boxcar,-,-,-,-,-, 22128, 10945,RCAF,Military,-,Athens-Ellinikon International Airport,ATH,LGAT,Greece,Pisa International Airport,PSA,LIRP,Italy,-,-,0,0,-,-,-
19581215-0,Monday,15-DEC-1958,09:30,A1, En route (ENR),"8 km (5 mls) SW of Whoonsocket, RI",United States of America,7,7, Damaged beyond repair,-,Lockheed Learstar 1,2,Wright R-1820-76B,1942,-,-, N37500, 18-2251,private,Executive,-,Linden Airport,LDJ,KLDJ,United States of America,Boston-Logan International Airport,BOS,KBOS,United States of America,2,5,2,5,-,-,Final
19581215-1,Monday,15-DEC-1958,20:05,A1, Approach (APR),near Ulyanovsk/Baratayevka Airport (ULV),Russia,7,4, Damaged beyond repair,-,Ilyushin Il-14,-,-,-,-,-, CCCP-41843, 146000512,Aeroflot,Training,-,-,-,-,-,Ulyanovsk/Baratayevka Airport,ULV,UWLL,Russia,7,0,4,0,-,-,-
19581215-2,Monday,15-DEC-1958,-,A1, Landing (LDG),Cherepovets Airport (CEE),Russia,-,0, Damaged beyond repair,-,Ilyushin Il-12,-,-,1958,-,-, CCCP-L1467, 8302504,Aeroflot / Uralsk,Unknown,-,Leningrad-Pulkovo Airport,LED,ULLI,Russia,Cherepovets Airport,CEE,ULBC,Russia,-,-,0,0,-,-,-
19581221-1,Sunday,21-DEC-1958,-,A1, En route (ENR),"48 km (30 mls) NE of Cutigliano, Pistoia",Italy,5,5, Damaged beyond repair,-,Douglas Dakota III (DC-3),-,-,1944,-,-, 975, 26003/14558,RCAF,Military,-,-,-,-,-,Pisa-Arturo dell'Oro Air Base,PSA,LIRP,Italy,-,-,-,-,-,-,-
19581223-0,Tuesday,23-DEC-1958,03:10,A1, Approach (APR),"2,6 km (1.6 mls) from  Tashkent-Yuzhny Airport (TAS)",Uzbekistan,21,21, Damaged beyond repair,-,Ilyushin Il-14,-,-,1956,-,3295.0, CCCP-61663, 6342007,Aeroflot / Uzbekistan,Domestic Scheduled Passenger, 466,Ashgabat Airport,ASB,UTAA,Turkmenistan,Tashkent-Yuzhny Airport,TAS,UTTT,Uzbekistan,6,15,6,15,-,-,-
19581224-0,Wednesday,24-DEC-1958,-,A1, Takeoff (TOF),Uralsk Airport (URA),Kazakhstan,5,0, Damaged beyond repair,-,Ilyushin Il-12T,-,-,1948,-,-, CCCP-L1458, 8302525,Aeroflot / Kazakstan,Unknown,-,Uralsk Airport,URA,UARR,Kazakhstan,-,-,-,-,5,0,0,0,-,-,-
19581224-1,Wednesday,24-DEC-1958,11:58,A1, En route (ENR),Sopley Park,United Kingdom,12,9, Damaged beyond repair,-,Bristol 175 Britannia 312,-,-,1957,-,-, G-AOVD, 13235,BOAC,Test,-,London Airport,LHR,EGLL,United Kingdom,London Airport,LHR,EGLL,United Kingdom,5,7,2,7,-,-,-
19581224-2,Wednesday,24-DEC-1958,20:59,A1, Approach (APR),"2,2 km (1.4 mls) SSE of Wien-Schwechat International Airport (VIE)",Austria,34,0, Damaged beyond repair,-,Lockheed L-749A Constellation,-,-,1947,-,-, F-BAZX, 2527,Air France,International Scheduled Passenger,-,München-Riem Airport,MUC,EDDM,Germany,Wien-Schwechat International Airport,VIE,LOWW,Austria,6,28,0,0,-,-,Final
19581226-0,Friday,26-DEC-1958,12:52,A1, Takeoff (TOF),Salisbury Airport (HRE),Zimbabwe,70,3, Damaged beyond repair,-,Douglas DC-6B,4,Pratt & Whitney R-2800,1953,-,-, F-BGTZ, 43827/337,UAT,International Scheduled Passenger, 736,Salisbury Airport,HRE,FVHA,Zimbabwe,Brazzaville-Maya Maya Airport,BZV,FCBB,Congo,7,63,0,3,-,-,-
19581229-0,Monday,29-DEC-1958,-,A1, Unknown (UNK),near Uncía,Bolivia,-,-, Damaged beyond repair,-,Boeing B-17F,-,-,-,-,-, CP-579, 3119,LAB,Cargo,-,-,-,-,-,-,-,-,-,-,-,-,-,-,-,-
19581230-0,Tuesday,30-DEC-1958,12:09,A1, En route (ENR),"Guanabara Bay, RJ",Brazil,37,21, Damaged beyond repair,-,SAAB Scandia 90A-2,2,Pratt & Whitney R-2180-E1,1950,-,-, PP-SQE, 90.103,VASP,Domestic Scheduled Passenger,-,Rio de Janeiro-Santos Dumont Airport,SDU,SBRJ,Brazil,São Paulo-Congonhas Airport,CGH,SBSP,Brazil,4,33,4,17,-,-,-
19581230-1,Tuesday,30-DEC-1958,21:53,A1, En route (ENR),"65 km (40.6 mls) from  Hatanga, Krasnoyarsk region",Russia,17,16, Damaged beyond repair,-,Ilyushin Il-14M,-,-,1957,-,-, CCCP-04196, 147001316,Polyarnaya Aviatsiya,Domestic Non Scheduled Passenger,-,-,-,-,-,-,-,-,-,5,12,5,11,-,-,-
19589999-0,-,xx-xxx-1958,-,U1, Unknown (UNK),at an unknown location,Unknown country,-,-, Damaged beyond repair,-,Grumman G-73 Mallard,-,-,1947,-,-, N10400, J-29,Unknown,Unknown,-,-,-,-,-,-,-,-,-,-,-,-,-,-,-,-
19589999-1,-,xx-xxx-1958,-,O1, Standing (STD),Seighford,United Kingdom,-,0, Damaged beyond repair,-,Vickers 663 Viscount,4,Rolls-Royce RB.44 Tay,1950,-,110.0, VX217,   2,UK Ministry of Supply,Unknown,-,-,-,-,-,-,-,-,-,-,-,0,0,-,-,-
19589999-2,-,xx-xxx-1958,-,A1, Landing (LDG),Athens Airport (ATH),Greece,3,0, Damaged beyond repair,-,Fairchild C-119G Flying Boxcar,-,-,-,-,-, 53-3221, 11237,USAF,Military,-,Athens-Ellinikon International Airport,ATH,LGAT,Greece,-,-,-,-,3,0,0,0,-,-,-
19589999-5,-,xx-xxx-1958,-,U1, Unknown (UNK),at an unknown location,Unknown country,-,-, Damaged beyond repair,-,Curtiss C-46F-1-CU Commando,-,-,1945,-,-, FAP-652, 22559,Peruvian AF,Military,-,-,-,-,-,-,-,-,-,-,-,-,-,-,-,-
19580103-0,Friday,03-JAN-1958,-,A1, Unknown (UNK),"Porto Alegre, RS",Brazil,2,0, Damaged beyond repair,-,Douglas DC-3-277D,-,-,1941,-,-, PP-VDL, 4115,Varig,Training,-,-,-,-,-,-,-,-,-,2,0,0,0,-,-,-
19580108-0,Wednesday,08-JAN-1958,13:15,A1, Approach (APR),Poitiers-Biard Airport (PIS),France,8,0, Damaged beyond repair,-,Douglas DC-3A,-,-,1943,-,-, F-BAOA, 11708,Air France,Training,-,Poitiers-Biard Airport,PIS,LFBI,France,Poitiers-Biard Airport,PIS,LFBI,France,6,2,0,0,-,-,-
19580108-1,Wednesday,08-JAN-1958,-,A1, En route (ENR),near Rioja,Peru,11,11, Damaged beyond repair,-,Douglas C-47 (DC-3),-,-,-,-,-, 484,-,TAM Peru,Military,-,Rioja Airport,RIJ,SBJA,Peru,Cajamarca Airport,CJA,SPJB,Peru,4,7,4,7,-,-,-
19580110-0,Friday,10-JAN-1958,22:00,A1, En route (ENR),8 km (5 mls) E of Forres-Kinloss RAF Station (FSS),United Kingdom,-,2, Damaged beyond repair,-,Avro Shackleton T.4,4,Rolls-Royce Griffon 57,1950,-,-, VP259,-,RAF,Military,-,Forres-Kinloss RAF Station,FSS,EGQK,United Kingdom,Forres-Kinloss RAF Station,FSS,EGQK,United Kingdom,-,-,2,0,-,-,-
19580111-0,Saturday,11-JAN-1958,11:00,A1, Initial climb (ICL),"Rio de Janeiro-Santos Dumont Airport, RJ (SDU)",Brazil,3,0, Damaged beyond repair,-,Fairchild C-82A-FA Packet,-,-,-,-,-, PP-CEH, 10115,Cruzeiro do Sul,Training,-,Rio de Janeiro-Santos Dumont Airport,SDU,SBRJ,Brazil,-,-,-,-,3,0,0,0,-,-,-
19580114-0,Tuesday,14-JAN-1958,08:30,A1, Approach (APR),"Patuxent River NAS, MD (NHK)",United States of America,9,9, Damaged beyond repair,-,Lockheed R7V-1 Super Constellation,-,-,1953,-,-, 128437, 4104,US Navy,Military,-,Patuxent River NAS,NHK,KNHK,United States of America,Patuxent River NAS,NHK,KNHK,United States of America,9,0,9,0,-,-,-
19580114-1,Tuesday,14-JAN-1958,-,A1, Initial climb (ICL),"0,3 km (0.2 mls) from  Esquel Airport, CB (EQS)",Argentina,7,7, Damaged beyond repair,-,Junkers Ju-52/3m,-,-,-,-,-, LQ-ZBM, 5120,Argentine Ministry of Agriculture,Survey/research,-,Esquel Airport,EQS,SAVE,Argentina,San Carlos de Bariloche International Airport,BRC,SAZS,Argentina,3,4,3,4,-,-,-
19580116-0,Thursday,16-JAN-1958,-,A1, Unknown (UNK),"Aklavik, NT",Canada,3,0, Damaged beyond repair,-,Douglas C-47D (DC-3),2,Pratt & Whitney R-1830-90,1944,-,-, N75391, 26366/14921,Interior Enterprise,Cargo,-,-,-,-,-,-,-,-,-,3,0,0,0,-,-,-
19580116-1,Thursday,16-JAN-1958,-,A1, Takeoff (TOF),"near Belém/Val-de-Cans International Airport, PA (BEL)",Brazil,3,3, Damaged beyond repair,-,Fairchild C-82A-FA Packet,-,-,-,-,-, PP-CEF, 10200,Cruzeiro do Sul,Cargo,-,Belém/Val-de-Cans International Airport,BEL,SBBE,Brazil,-,-,-,-,3,0,3,0,-,-,-
19580118-0,Saturday,18-JAN-1958,-,A1, Takeoff (TOF),"1,6 km (1 mls) from  Okinawa-Kadena AFB (DNA)",Japan,31,0, Damaged beyond repair,-,Douglas R5D Skymaster (DC-4),-,-,-,-,-, registration unknown,-,US Navy,Military,-,Okinawa-Kadena AFB,DNA,RODN,Japan,Wake Island Airfield,AWK,PWAK,U.S. Minor Outlying Islands,-,-,0,0,-,-,-
19580119-0,Sunday,19-JAN-1958,-,A1, En route (ENR),"445 km (278.1 mls) SW off  Honolulu, Hawaii",Pacific Ocean,7,7, Destroyed, Written off (damaged beyond repair),Boeing C-97A Stratofreighter,-,-,-,-,-, 49-2597, 16219,USAF,Military,-,-,-,-,-,Wake Island Airport,AWK,PAWK,U.S. Minor Outlying Islands,7,0,7,0,-,-,-
19580121-0,Tuesday,21-JAN-1958,-,A1, En route (ENR),between Tipuani and La Paz,Bolivia,11,11, Damaged beyond repair,-,Douglas DC-3,-,-,-,-,-, TAM-04,-,TAM,Domestic Non Scheduled Passenger,-,-,-,-,-,La Paz-El Alto Airport,LPB,SLLP,Bolivia,4,7,4,7,-,-,-
19580123-0,Thursday,23-JAN-1958,-,A1, Landing (LDG),Manston RAF Station (MSE),United Kingdom,5,3, Damaged beyond repair,-,Vickers Varsity T.1,2,Bristol Hercules 264,1953,-,-, WL633,-,RAF,Military,-,-,-,-,-,-,-,-,-,-,-,-,-,-,-,-
19580128-0,Tuesday,28-JAN-1958,-,A1, Unknown (UNK),Bilbao,Spain,-,-, Damaged beyond repair,-,Douglas C-47D,2,Pratt & Whitney R-1830-90,1944,-,-, 43-49181, 26442/14997,USAF,Military,-,-,-,-,-,-,-,-,-,-,-,-,-,-,-,-
19580201-0,Saturday,01-FEB-1958,19:11,A1, Initial climb (ICL),"Santa Fe Springs, CA",United States of America,8,6, Damaged beyond repair,-,Lockheed P2V-5F Neptune,-,-,-,-,-, 127723, 426-5054,US Navy,Military,-,-,-,-,-,-,-,-,-,8,0,6,0,41,-,-
19580201-1,Saturday,01-FEB-1958,19:13,A1, En route (ENR),"Norwalk, CA",United States of America,41,41, Damaged beyond repair,-,Douglas C-118A (DC-6),-,-,1955,-,-, 53-3277, 44648/602,USAF,Military,-,Long Beach Municipal Airport,LGB,KLGB,United States of America,Wrightstown-McGuire AFB,WRI,KWRI,United States of America,6,35,6,35,6,1,-
19580201-2,Saturday,01-FEB-1958,-,A1, Takeoff (TOF),"Rio de Janeiro-Santos Dumont Airport, RJ (SDU)",Brazil,67,5, Damaged beyond repair,-,Douglas DC-4,-,-,1944,-,-, PP-LEM, 18336,Loide Aéreo Nacional,Domestic Scheduled Passenger,-,Rio de Janeiro-Santos Dumont Airport,SDU,SBRJ,Brazil,Fortaleza-Pinto Martins Airport,FOR,SBFZ,Brazil,5,62,2,3,-,-,-
19580201-3,Saturday,01-FEB-1958,-,A2, Landing (LDG),Amsterdam-Schiphol International Airport (AMS),Netherlands,16,0, Damaged beyond repair,-,Douglas DC-7C,-,-,1956,-,-, N733PA, 44875/668,Pan Am,International Scheduled Passenger,PA70,London Airport,LHR,EGLL,United Kingdom,Amsterdam-Schiphol International Airport,AMS,EHAM,Netherlands,5,11,0,0,-,-,-
19580204-0,Tuesday,04-FEB-1958,-,A1, Unknown (UNK),Beihan,Yemen,10,1, Damaged beyond repair,-,Blackburn Beverley C.1,4,Bristol Centaurus 173,1956,-,-, XH118, 1024,RAF,Military,-,-,-,-,-,-,-,-,-,-,-,1,0,-,-,-
19580206-0,Thursday,06-FEB-1958,16:03,A1, Takeoff (TOF),München-Riem Airport (MUC),Germany,44,23, Damaged beyond repair,-,Airspeed AS.57 Ambassador 2,2,Bristol Centaurus 661,1952,-,-, G-ALZU, 5217,BEA,Int'l Non Scheduled Passenger, 609,München-Riem Airport,MUC,EDDM,Germany,Manchester International Airport,MAN,EGCC,United Kingdom,6,38,2,21,-,-,Final
19580206-1,Thursday,06-FEB-1958,-,A1, Initial climb (ICL),Guatemala City-La Aurora Airport (GUA),Guatemala,-,0, Damaged beyond repair,-,Fairchild C-82A Packet,-,-,1945,-,-, TG-ATA, 10006,Aviateca,Unknown,-,Guatemala City-La Aurora Airport,GUA,MGGT,Guatemala,-,-,-,-,-,-,0,0,-,-,-
19580211-0,Tuesday,11-FEB-1958,-,A1, Landing (LDG),Topcliffe RAF Station,United Kingdom,-,0, Damaged beyond repair,-,Handley Page Marathon T.2,-,-,1950,-,-, XA268, 121,RAF,Military,-,-,-,-,-,-,-,-,-,-,-,0,0,-,-,-
19580211-3,Tuesday,11-FEB-1958,-,A1, Unknown (UNK),"Hato, Apure",Venezuela,2,2, Damaged beyond repair,-,Douglas DC-3,-,-,1942,-,-, YV-C-AVS, 4372,AVENSA,Cargo,-,-,-,-,-,Caracas-Maiquetía Airport,CCS,SVMI,Venezuela,2,0,2,0,-,-,-
19580213-0,Thursday,13-FEB-1958,13:45,A1, Initial climb (ICL),"6,5 km (4.1 mls) NNW of Palm Springs Municipal Airport, CA (PSP)",United States of America,21,0, Damaged beyond repair,-,Convair CV-240-1,2,Pratt & Whitney R-2800-CB16,1948,-,22516.0, N8405H,  22,Western Air Lines,Domestic Scheduled Passenger,  19,Palm Springs Municipal Airport,PSP,KPSP,United States of America,-,-,-,-,3,18,0,0,-,-,Final
19580215-0,Saturday,15-FEB-1958,-,A1, En route (ENR),Monte Vesuvio,Italy,16,16, Damaged beyond repair,-,Douglas VC-47A (DC-3),-,-,1944,-,-, 42-93817, 13771,USAF,Military,-,Napoli-Capodichino Airport,NAP,LIRN,Italy,-,-,-,-,6,10,6,10,-,-,-
19580216-0,Sunday,16-FEB-1958,-,H2, En route (ENR),Pyongyang-Sunan Aiport (FNJ),North Korea,34,0, Unknown,-,Douglas DC-3,-,-,-,-,-, registration unknown,-,Korean National Airlines,Domestic Scheduled Passenger,-,Busan-Gimhae (Pusan) International Airport,PUS,RKPK,South Korea,Seoul-Gimpo (Kimpo) International Airport,SEL,RKSS,South Korea,-,-,0,0,-,-,-
19580216-1,Sunday,16-FEB-1958,-,A1, Taxi (TXI),Mirny Ice Station,Antarctica,-,-, Damaged beyond repair,-,Lisunov Li-2V,-,-,-,-,-, CCCP-N502,-,Polyarnaya Aviatsiya,Unknown,-,-,-,-,-,-,-,-,-,-,-,-,-,-,-,-
19580219-0,Wednesday,19-FEB-1958,-,A1, Approach (APR),"1,5 km (0.9 mls) from  Savasleika Air Base",Russia,3,0, Damaged beyond repair,-,Tupolev Tu-104,2,Mikulin AM-3,1956,-,-, CCCP-L5414, 6350101,Aeroflot,Ferry/positioning,-,Sverdlovsk-Koltsovo Airport,SVX,USSS,Russia,Moskva-Vnukovo Airport,VKO,UUWW,Russia,3,0,0,0,-,-,-
19580219-1,Wednesday,19-FEB-1958,08:50,A1, Approach (APR),off Raiatea Airport (RFP),French Polynesia,26,15, Damaged beyond repair,-,Consolidated Catalina IIA (PBY-5A),2,Pratt & Whitney R-1830-92,-,-,2277.0, F-OAVV, 296,Réseau Aérien Interinsulaire,Domestic Scheduled Passenger,-,Papeete-Faaa Airport,PPT,NTAA,French Polynesia,Raiatea Airport,RFP,NTTR,French Polynesia,3,23,3,12,-,-,Final
19580219-2,Wednesday,19-FEB-1958,01:14,A2, Landing (LDG),Cairo-Almaza Airport,Egypt,18,1, Substantial, Repaired,Douglas DC-6B,-,-,1952,-,-, PH-DFK, 43552/240,KLM,International Scheduled Passenger,KL543,Beirut Airport,BEY,OLBA,Lebanon,-,-,-,-,5,13,1,0,-,-,Final
19580219-3,Wednesday,19-FEB-1958,-,A1, En route (ENR),Mount Scifarello,Italy,3,3, Damaged beyond repair,-,de Havilland DH-114 Heron 1B,-,-,1952,-,-, G-APJS, 14001,Gulf Aviation,Ferry/positioning,-,Athens-Ellinikon International Airport,ATH,LGAT,Greece,Roma-Ciampino Airport,CIA,LIRA,Italy,3,0,3,0,-,-,-
19580220-0,Thursday,20-FEB-1958,-,A1, En route (ENR),"176 km (110 mls) W off  Ilha do Corvo, Azores",Atlantic Ocean,22,22, Missing, Presumed damaged beyond repair,Lockheed WV-2 Super Constellation,-,-,1956,-,-, 141310, 4434,US Navy,Military,-,-,-,-,-,Terceira-Lajes Airport,TER,LPLA,Portugal,22,0,22,0,-,-,-
19580224-0,Monday,24-FEB-1958,-,A1, Initial climb (ICL),"off Chicago-Merrill C Meigs Field, IL (CGX)",United States of America,7,0, Damaged beyond repair,-,Lockheed 18-56-23 Lodestar,-,-,1943,-,-, N9050, 18-2563,Cluett Peabody & Company,Executive,-,Chicago-Merrill C Meigs Field,CGX,KCGX,United States of America,White Plains-Westchester County Airport,HPN,KHPN,United States of America,2,5,0,0,-,-,-
19580226-0,Wednesday,26-FEB-1958,-,O1, Standing (STD),El Adem RAF Station,Libya,-,-, Damaged beyond repair,-,Vickers 657 Viking 1,-,-,1946,-,-, G-AGRT, 111,Eagle Aviation,Unknown,-,-,-,-,-,-,-,-,-,-,-,-,-,-,-,-
19580227-0,Thursday,27-FEB-1958,09:45,A1, En route (ENR),Winter Hill,United Kingdom,42,35, Destroyed, Written off (damaged beyond repair),Bristol 170 Freighter 21E,-,-,-,-,-, G-AICS, 12762,Manx Airlines,Domestic Non Scheduled Passenger,-,Isle Of Man-Ronaldsway Airport,IOM,EGNS,United Kingdom,Manchester International Airport,MAN,EGCC,United Kingdom,3,39,0,35,-,-,Final
19580299-0,-,xx-FEB-1958,-,A1, Takeoff (TOF),Mirny,Antarctica,-,0, Damaged beyond repair,-,Lisunov Li-2V,-,-,-,-,-, CCCP-N496, 18430801,GUSMP,Unknown,-,-,-,-,-,-,-,-,-,-,-,0,0,-,-,-
19580299-1,-,xx-FEB-1958,-,A1, En route (ENR),near Mirny Ice Station,Antarctica,-,0, Damaged beyond repair,-,Lisunov Li-2V,-,-,-,-,-, CCCP-N501, 18430705,Polyarnaya Aviatsiya,Unknown,-,Komsomol'sk-na-Amure Airport,KXK,UHKK,Russia,-,-,-,-,-,-,0,0,-,-,-
19580299-2,-,xx-FEB-1958,-,U1, Unknown (UNK),unknown,Unknown country,-,-, Damaged beyond repair,-,Douglas DC-4,-,-,1944,-,-, N37474, 27238,California Eastern,Unknown,-,-,-,-,-,-,-,-,-,-,-,-,-,-,-,-
19580301-1,Saturday,01-MAR-1958,-,A1, Takeoff (TOF),"New Haven Airport, CT (HVN)",United States of America,8,0, Damaged beyond repair,-,Convair CV-240-0,-,-,1948,-,-, N94213,  23,American Airlines,Domestic Scheduled Passenger,AA535,New Haven Airport,HVN,KHVN,United States of America,Bridgeport Airport,BDR,KBDR,United States of America,3,5,0,0,-,-,-
19580307-0,Friday,07-MAR-1958,-,A1, Approach (APR),Manzala Lake,Egypt,26,8, Damaged beyond repair,-,Vickers 628 Viking 1B,-,-,1947,-,-, SU-AGN, 196,Misrair,International Scheduled Passenger,-,Athens-Ellinikon International Airport,ATH,LGAT,Greece,Cairo International Airport,CAI,HECA,Egypt,4,22,4,4,-,-,-
19580307-1,Friday,07-MAR-1958,-,A1, Approach (APR),ca 5 km off Okinawa-Naha AFB (AHA),Japan,26,26, Damaged beyond repair,-,Fairchild R4Q-1 Flying Boxcar (C-119C),-,-,1952,-,3117.0, 128741, 10570,USMC,Military,-,Subic Bay International Airport,SFS,RPLB,Philippines,-,-,-,-,7,19,7,19,1,-,-
19580310-0,Monday,10-MAR-1958,-,A1, Unknown (UNK),"Long Beach, CA",United States of America,-,-, Damaged beyond repair,-,Douglas DC-7B,-,-,1958,-,-, N846D, 45452/967,Douglas,Test,-,-,-,-,-,-,-,-,-,-,-,-,-,-,-,-
19580312-0,Wednesday,12-MAR-1958,-,A1, Unknown (UNK),"Belém, PA",Brazil,4,1, Damaged beyond repair,-,Consolidated C-10A Catalina (PBY-5A),-,-,-,-,-, 6517, 1920,Brazilian AF,Military,-,-,-,-,-,-,-,-,-,-,-,-,-,-,-,-
19580317-0,Monday,17-MAR-1958,-,A1, Landing (LDG),"Melbourne, FL (MLB)",United States of America,10,0, Damaged beyond repair,-,Martin 4-0-4,-,-,-,-,-, N496A, 14244,Eastern Air Lines,Domestic Scheduled Passenger,-,-,-,-,-,Melbourne International Airport,MLB,KMLB,United States of America,3,7,0,0,-,-,-
19580322-0,Saturday,22-MAR-1958,12:10,A1, Initial climb (ICL),Bacolod Airport (BCD),Philippines,40,0, Damaged beyond repair,-,Douglas DC-3,-,-,-,-,-, PI-C626,-,Fleming,Domestic Non Scheduled Passenger,-,Bacolod Airport,BCD,RPVB,Philippines,Manila Airport,MNL,RPLL,Philippines,3,37,0,0,-,-,-
19580322-1,Saturday,22-MAR-1958,02:40,A1, En route (ENR),"20 km (12.5 mls) SW of Grants, NM",United States of America,4,4, Damaged beyond repair,-,Lockheed 18-56 Lodestar,2,Wright R-1820-56A,1942,-,3910.0, N300E, 18-2312,Ayer Lease Plan,Executive,-,Hollywood-Lockheed Air Terminal,BUR,KBUR,United States of America,-,-,-,-,2,2,2,2,-,-,Final
19580322-2,Saturday,22-MAR-1958,-,A1, Initial climb (ICL),"near Sacramento-McClellan AFB, CA (MCC)",United States of America,18,0, Damaged beyond repair,-,Lockheed RC-121D Constellation,-,-,-,-,-, 54-2308, 4390,USAF,Military,-,Sacramento-McClellan AFB,MCC,KMCC,United States of America,Sacramento-McClellan AFB,MCC,KMCC,United States of America,18,0,0,0,-,-,-
19580324-0,Monday,24-MAR-1958,-,A1, En route (ENR),25 km (15.6 mls) from  Kathmandu,Nepal,20,20, Damaged beyond repair,-,Douglas C-47A-85-DL (DC-3),2,Pratt & Whitney R-1830-92,1944,-,-, VT-CYN, 19988,Indian Airlines,Domestic Non Scheduled Passenger,-,Simra Airport,SIF,VNSI,Nepal,Kathmandu-Tribhuvan Airport,KTM,VNKT,Nepal,4,16,4,16,-,-,-
19580325-0,Tuesday,25-MAR-1958,-,A1, Landing (LDG),Guriat Airstrip,Saudi Arabia,-,0, Damaged beyond repair,-,Bristol 170 Freighter 21E,-,-,-,-,-, HZ-AAB, 12783,Saudi Arabian,Unknown,-,-,-,-,-,-,-,-,-,-,-,0,0,-,-,-
19580325-1,Tuesday,25-MAR-1958,00:06,A1, Approach (APR),"5 km (3.1 mls) WNW of Miami International Airport, FL (MIA)",United States of America,24,9, Damaged beyond repair,-,Douglas DC-7C,4,Wright R-3350 (988TC18EA1),1956,-,3306.0, N5904, 45072/793,Braniff Airways,International Scheduled Passenger, 971,Miami International Airport,MIA,KMIA,United States of America,Panama City-Tocumen International Airport,PTY,MPTO,Panama,5,19,0,9,-,-,Final
19580327-0,Thursday,27-MAR-1958,-,A1, En route (ENR),"3 km (1.9 mls) NNW of Bridgeport, TX",United States of America,15,15, Damaged beyond repair,-,Douglas C-124C Globemaster II,4,Pratt & Whitney R-4360-20WA,-,-,-, 52-0981, 43890,USAF,Military,-,San Antonio-Kelly AFB,SKF,KSKF,United States of America,Oklahoma City-Tinker AFB,TIK,KTIK,United States of America,10,5,10,5,3,-,-
19580327-1,Thursday,27-MAR-1958,-,A1, En route (ENR),"Bridgeport, TX",United States of America,3,3, Damaged beyond repair,-,Fairchild C-119C-17-FA Flying Boxcar,2,Pratt & Whitney R-4360-20WA,-,-,-, 49-195, 10432,USAF,Military,-,Wichita Falls-Sheppard AFB,SPS,KSPS,United States of America,Fort Worth-Carswell AFB,FWH,KNFW,United States of America,3,0,3,0,15,-,-
19580327-2,Thursday,27-MAR-1958,-,A1, En route (ENR),near Myitkyina,Myanmar,-,0, Damaged beyond repair,-,Douglas C-47 (DC-3),-,-,-,-,-, HJ252,-,Indian AF,Military,-,-,-,-,-,-,-,-,-,-,-,0,0,-,-,-
19580328-0,Friday,28-MAR-1958,-,A1, Approach (APR),near Riga-Spilve Airport,Latvia,-,0, Damaged beyond repair,-,Lisunov Li-2,-,-,-,-,-, CCCP-L4198,-,Aeroflot / Latvia,Training,-,-,-,-,-,-,-,-,-,-,-,0,0,-,-,-
19580330-0,Sunday,30-MAR-1958,-,C1, Unknown (UNK),56 km (35 mls) from  Havana,Cuba,-,-, Damaged beyond repair,-,Curtiss C-46D-10-CU Commando,-,-,1945,-,-, TI-1019, 33087,Aerolineas Nacionales,Unknown,-,-,-,-,-,-,-,-,-,-,-,-,-,-,-,-
19580401-1,Tuesday,01-APR-1958,-,A1, Maneuvering (MNV),Meesden Green,United Kingdom,3,3, Damaged beyond repair,-,Handley Page HP.81 Hermes IVA,-,-,1950,-,-, G-ALDV, HP.81/22,Skyways,Test,-,London-Stansted Airport,STN,EGSS,United Kingdom,-,-,-,-,3,0,3,0,-,-,-
19580402-0,Wednesday,02-APR-1958,-,A1, En route (ENR),Quito,Ecuador,14,3, Damaged beyond repair,-,Junkers Ju-52/3m,-,-,-,-,-, HC-SND, J5109,TAO,Passenger,-,Quito-Mariscal Sucre Airport,UIO,SEQU,Ecuador,Esmeraldas Airport,ESM,SEES,Ecuador,2,12,0,3,-,-,-
19580405-0,Saturday,05-APR-1958,-,A1, En route (ENR),70 km (43.8 mls) from  Xi'an,China,14,14, Damaged beyond repair,-,Ilyushin Il-14,-,-,-,-,-, 632,-,CAAC,Domestic Scheduled Passenger,-,Chengdu Airport,CTU,ZUUU,China,Beijing-Capital International Airport,PEK,ZBAA,China,5,9,5,9,-,-,-
19580406-0,Sunday,06-APR-1958,23:19,A1, Approach (APR),"0,7 km (0.4 mls) SW from  Freeland-Tri City Airport, MI (MBS)",United States of America,47,47, Destroyed, Written off (damaged beyond repair),Vickers 745D Viscount,4,Rolls-Royce Dart 510,1956,-,-, N7437, 135,Capital Airlines,Domestic Scheduled Passenger,  67,Flint-Bishop Airport,FNT,KFNT,United States of America,Freeland-Tri City Airport,MBS,KMBS,United States of America,3,44,3,44,-,-,Final
19580406-1,Sunday,06-APR-1958,-,A1, Takeoff (TOF),off Iwakuni MCAS,Japan,11,8, Damaged beyond repair,-,Martin P5M-1 Marlin,-,-,-,-,-, 130269,-,US Navy,Military,-,-,-,-,-,-,-,-,-,-,-,-,-,-,-,-
19580407-0,Monday,07-APR-1958,-,A1, En route (ENR),Cerro Illiniza,Ecuador,32,32, Damaged beyond repair,-,Douglas C-47A-80-DL (DC-3),2,Pratt & Whitney R-1830-92,1944,-,-, HC-ACL, 19779,AREA Ecuador,Domestic Scheduled Passenger, 222,Guayaquil-Simon Bolivar Airport,GYE,SEGU,Ecuador,Quito-Mariscal Sucre Airport,UIO,SEQU,Ecuador,3,29,3,29,-,-,-
19580409-0,Wednesday,09-APR-1958,-,H2, En route (ENR),Mérida-Rejon Airport (MID),Mexico,13,0, None,-,Vickers Viscount,-,-,-,-,-, registration unknown,-,Cubana,Domestic Scheduled Passenger,-,Havana-José Martí International Airport,HAV,MUHA,Cuba,Santa Clara Airport,SNU,MUSC,Cuba,-,-,0,0,-,-,-
19580410-0,Thursday,10-APR-1958,-,A1, Unknown (UNK),"near Son Bonet Airport, Mallorca",Spain,-,0, Damaged beyond repair,-,Douglas C-53-DO (DC-3),-,-,1942,-,-, EC-ABN, 7346,Iberia,Unknown,-,-,-,-,-,Barcelona-El Prat Airport,BCN,LEBL,Spain,-,-,0,0,-,-,-
19580410-1,Thursday,10-APR-1958,09:00,H2, En route (ENR),Pyongtaek,South Korea,7,1, None,-,Curtiss C-46,-,-,-,-,-, registration unknown,-,South Korea AF,Ferry/positioning,-,Daegu (Taegu) International Airport,TAE,RKTN,South Korea,Seoul-Gimpo (Kimpo) International Airport,SEL,RKSS,South Korea,4,3,1,0,-,-,-
19580411-0,Friday,11-APR-1958,-,A1, Landing (LDG),Warszawa-Okecie Airport (WAW),Poland,4,0, Damaged beyond repair,-,Convair CV-240-12,-,-,1949,-,-, SP-LPB, 155,LOT,Training,-,Warszawa-Okecie Airport,WAW,EPWA,Poland,Warszawa-Okecie Airport,WAW,EPWA,Poland,4,0,0,0,-,-,-
19580413-0,Sunday,13-APR-1958,08:43,A1, En route (ENR),"ca 10 km N of Georgetown, DE",United States of America,4,4, Damaged beyond repair,-,Douglas C-133A Cargomaster,-,-,1957,-,-, 54-0146, 44716,USAF,Military,-,Dover AFB,DOV,KDOV,United States of America,Dover AFB,DOV,KDOV,United States of America,4,0,4,0,-,-,-
19580413-1,Sunday,13-APR-1958,-,H2, En route (ENR),"Miami International Airport, FL (MIA)",United States of America,15,0, None,-,Douglas DC-3,-,-,-,-,-, registration unknown,-,Cubana,Domestic Scheduled Passenger,-,Havana-José Martí International Airport,HAV,MUHA,Cuba,Santa Clara Airport,SNU,MUSC,Cuba,3,12,0,0,-,-,-
19580413-2,Sunday,13-APR-1958,-,A1, Unknown (UNK),"Tacoma-McChord AFB, WA (TCM)",United States of America,3,3, Damaged beyond repair,-,Douglas SC-47A (DC-3),-,-,1944,-,-, 42-93183, 13066,USAF,Military,-,-,-,-,-,Tacoma-McChord AFB,TCM,KTCM,United States of America,-,-,-,-,-,-,-
19580414-0,Monday,14-APR-1958,20:07,A1, Approach (APR),S off Barcelona Airport (BCN),Spain,16,16, Damaged beyond repair,-,de Havilland DH-114 Heron 2D,-,-,1957,-,-, EC-ANJ, 14113,Aviaco,Domestic Scheduled Passenger,-,Zaragoza Airport,ZAZ,LEZG,Spain,Barcelona-El Prat Airport,BCN,LEBL,Spain,2,14,2,14,-,-,-
19580420-0,Sunday,20-APR-1958,-,A1, Landing (LDG),near In Salah Airport (INZ),Algeria,-,0, Damaged beyond repair,-,Douglas C-54A-1-DO (DC-4),-,-,1943,-,-, F-BELK, 7451,Air France,Domestic Scheduled Passenger,-,Algiers-Maison Blanche Airport,ALG,DAAG,Algeria,In Salah Airport,INZ,DAUI,Algeria,-,-,0,0,-,-,-
19580420-1,Sunday,20-APR-1958,-,A1, Landing (LDG),Sam Neua Airport (NEU),Laos,1,1, Destroyed, Written off (damaged beyond repair),de Havilland Canada DHC-3 Otter,-,-,1956,-,-, F-BHEL, 120,Aigle Azur Extrême Orient,Cargo,-,Vientiane-Wattay Airport,VTE,VLVT,Laos,Sam Neua Airport,NEU,VLSN,Laos,1,0,1,0,-,-,-
19580421-0,Monday,21-APR-1958,08:30,A1, En route (ENR),"near Arden, NV",United States of America,47,47, Destroyed, Written off (damaged beyond repair),Douglas DC-7,-,-,1956,-,-, N6328C, 45142/745,United Airlines,Domestic Scheduled Passenger,UA736,Los Angeles International Airport,LAX,KLAX,United States of America,New York-Idlewild International Airport,IDL,KIDL,United States of America,5,42,5,42,2,-,Final
19580424-0,Thursday,24-APR-1958,-,O1, Standing (STD),Mirny Ice Station,Antarctica,0,0, Damaged beyond repair,-,Antonov An-2T,-,-,-,-,-, CCCP-N640, 1 68 473 20,GUSMP,-,-,-,-,-,-,-,-,-,-,0,0,0,0,-,-,-
19580428-0,Monday,28-APR-1958,-,A1, Unknown (UNK),Craigie,United Kingdom,5,0, Destroyed, Written off (damaged beyond repair),Vickers 802 Viscount,-,-,1957,-,-, G-AORC, 254,BEA,Ferry/positioning,-,London Airport,LHR,EGLL,United Kingdom,Glasgow-Prestwick Airport,PIK,EGPK,United Kingdom,5,0,0,0,-,-,-
19580429-0,Tuesday,29-APR-1958,-,A1, En route (ENR),near Voronezh,Russia,5,1, Damaged beyond repair,-,Antonov An-10,-,-,-,-,-, CCCP-L7256, 8400102,MAP Voronezh AZ,Test,-,-,-,-,-,-,-,-,-,5,0,1,0,-,-,-
19580502-0,Friday,02-MAY-1958,-,A1, Unknown (UNK),60 km (37.5 mls) from  Igarka,Russia,3,3, Damaged beyond repair,-,Antonov An-2,-,-,1951,-,-, CCCP-N588, 1 22 473 10,GUSMP,Unknown,-,-,-,-,-,-,-,-,-,3,0,3,0,-,-,-
19580504-0,Sunday,04-MAY-1958,-,A1, Landing (LDG),Qrendi,Malta,-,0, Damaged beyond repair,-,Douglas C-47B-25-DK (DC-3),2,Pratt & Whitney R-1830-90C,1945,-,-, 44-76412, 32744/15996,USAF,Military,-,Tripoli-Wheelus Air Base,MJI,HLLM,Libya,Alconbury RAF Station,AYH,EGWZ,United Kingdom,-,-,0,0,-,-,-
19580505-0,Monday,05-MAY-1958,-,A1, Taxi (TXI),Topcliffe RAF Station,United Kingdom,-,0, Damaged beyond repair,-,Handley Page Marathon T.2,-,-,1950,-,-, XA253, 105,RAF,Military,-,-,-,-,-,-,-,-,-,-,-,0,0,-,-,-
19580507-0,Wednesday,07-MAY-1958,-,A1, Approach (APR),4 km (2.5 mls) E of Moskva-Sheremetyevo Airport (SVO),Russia,10,10, Damaged beyond repair,-,Ilyushin Il-18A,4,Kuznetsov NK-4,-,120.0,67.0, CCCP-L5821, 188000104,Soviet AF,Test,-,Moskva-Sheremetyevo Airport,SVO,UUEE,Russia,Moskva-Sheremetyevo Airport,SVO,UUEE,Russia,7,3,7,3,-,-,-
19580509-0,Friday,09-MAY-1958,-,O1, Standing (STD),"Hagerstown Regional Airport, MD (HGR)",United States of America,0,0, Damaged beyond repair,-,Fairchild F-27,-,-,1958,30.0,-, N1027,  01,Fairchild,-,-,-,-,-,-,-,-,-,-,0,0,0,0,-,-,-
19580509-1,Friday,09-MAY-1958,-,A1, Unknown (UNK),"33 km (20.6 mls) NW of New Braunfels, TX",United States of America,-,-, Damaged beyond repair,-,Lockheed Ventura,-,-,1943,-,-, N101G, 5373,Gulf Research & Development Co.,Unknown,-,-,-,-,-,-,-,-,-,-,-,-,-,-,-,-
19580510-0,Saturday,10-MAY-1958,-,A1, En route (ENR),"24 km (15 mls) from  Madras, OR",United States of America,2,0, Damaged beyond repair,-,Boeing S.307 Stratoliner,-,-,1940,-,-, N75385, 2002,Quaker City Airways,Test,-,Troutdale Airport,TTD,KTTD,United States of America,-,-,-,-,2,0,0,0,-,-,-
19580512-0,Monday,12-MAY-1958,-,A1, Approach (APR),near Singapore-Changi Airport (SIN),Singapore,-,0, Damaged beyond repair,-,Vickers Valetta C.1,2,Bristol Hercules 230,1951,-,-, WD170, 499,RAF,Military,-,-,-,-,-,Singapore-Changi International Airport,SIN,WSSS,Singapore,-,-,0,0,-,-,-
19580513-0,Tuesday,13-MAY-1958,-,O1, Standing (STD),Manada-Mapanget Airport,Indonesia,-,-, Damaged beyond repair,-,Consolidated PBY-5A Catalina,-,-,-,-,-, B-819, 851,Air America,-,-,-,-,-,-,-,-,-,-,-,-,-,-,-,-,Final
19580514-0,Wednesday,14-MAY-1958,-,A1, En route (ENR),"11 km (6.9 mls) E of Taft, CA",United States of America,5,5, Damaged beyond repair,-,Lockheed R7V-1 Super Constellation,-,-,1954,-,-, 131652, 4153,US Navy,Military,-,Ontario International Airport,ONT,KONT,United States of America,Mountain View-Moffett Field,NUQ,KNUQ,United States of America,5,0,5,0,-,-,-
19580514-1,Wednesday,14-MAY-1958,-,A2, Unknown (UNK),"near Arctic Bay, NU",Canada,4,0, Substantial, Repaired,Douglas C-47A-20-DK (DC-3),2,Pratt & Whitney R-1830-92,1944,-,-, CF-DME, 13177,Wheeler Airlines,Cargo,-,-,-,-,-,Arctic Bay Airport,YAB,CYAB,Canada,2,2,0,0,-,-,-
19580515-0,Thursday,15-MAY-1958,20:18,A1, Initial climb (ICL),Delhi-Palam Airport (DEL),India,38,21, Damaged beyond repair,-,Convair CV-240-7,-,-,1948,-,12668.0, AP-AEH,  52,PIA,International Scheduled Passenger,PK205,Delhi-Palam Airport,DEL,VIDP,India,Karachi International Airport,KHI,OPKC,Pakistan,6,32,4,17,-,2,Final
19580516-0,Friday,16-MAY-1958,-,A1, En route (ENR),"Châtenoy, Loiret",France,3,3, Damaged beyond repair,-,Douglas C-47A-25-DL Dakota C.3,-,-,1943,-,-, G-AGHP, 9408,BEA,Cargo,-,-,-,-,-,Nice Airport,NCE,LFMN,France,3,0,3,0,-,-,-
19580518-0,Sunday,18-MAY-1958,04:25,A1, Approach (APR),near Casablanca-Cazes Airport (CAS),Morocco,65,61, Damaged beyond repair,-,Douglas DC-7C,-,-,1956,-,-, OO-SFA, 45157/737,Sabena,International Scheduled Passenger,-,Lisboa-Portela de Sacavém Airport,LIS,LPPT,Portugal,Léopoldville-N'Djili Airport,FIH,FZAA,Democratic Republic of the Congo,9,56,9,52,-,-,Final
19580518-1,Sunday,18-MAY-1958,-,C1, Standing (STD),"Laha, Ambon",Indonesia,0,0, Damaged beyond repair,-,Douglas C-47B-35-DK (DC-3),-,-,1945,-,-, T-450, 33477/16729,Indonesian AF,Military,-,-,-,-,-,-,-,-,-,0,0,0,0,-,-,-
19580520-0,Tuesday,20-MAY-1958,-,A1, Landing (LDG),Malta-Luqa Airport (MLA),Malta,3,0, Damaged beyond repair,-,Avro 685 York C.1,4,Rolls-Royce Merlin,1945,-,-, G-AMUT,-,Dan-Air Services,Cargo,-,-,-,-,-,Malta-Luqa Airport,MLA,LMML,Malta,3,0,0,0,-,-,-
19580520-1,Tuesday,20-MAY-1958,11:29,A1, En route (ENR),"6,4 km (4 mls) NE of Brunswick, MD",United States of America,11,11, Damaged beyond repair,-,Vickers 745D Viscount,4,Rolls-Royce Dart 510,1956,-,-, N7410, 108,Capital Airlines,Domestic Scheduled Passenger, 300,Pittsburgh International Airport,PIT,KPIT,United States of America,Baltimore-Glenn L. Martin Airport,MTN,KMTN,United States of America,4,7,4,7,1,-,Final
19580525-0,Sunday,25-MAY-1958,-,A1, Unknown (UNK),Gurgaon,India,5,4, Damaged beyond repair,-,Avro 685 York C.1,4,Rolls-Royce Merlin,1946,-,-, G-AMUV,-,Dan-Air Services,Cargo,-,Karachi International Airport,KHI,OPKC,Pakistan,-,-,-,-,5,0,4,0,-,-,-
19580525-1,Sunday,25-MAY-1958,16:33,A1, Standing (STD),"Falmouth-Otis AFB, MA",United States of America,15,0, Damaged beyond repair,-,Lockheed RC-121D Super Constellation,-,-,1956,-,-, 55-0123, 4396,USAF,Military,-,Falmouth-Otis AFB,FMH,KFMH,United States of America,-,-,-,-,15,0,0,0,-,-,-
19580525-2,Sunday,25-MAY-1958,-,A1, Landing (LDG),Lisboa Airport (LIS),Portugal,2,0, Damaged beyond repair,-,Morane Saulnier MS.760 Paris I,2,Turbomeca Marboré II,-,-,-, F-BGVO, 01,French Navy,Training,-,Lisboa-Portela de Sacavém Airport,LIS,LPPT,Portugal,Lisboa-Portela de Sacavém Airport,LIS,LPPT,Portugal,2,0,0,0,-,-,-
19580528-0,Wednesday,28-MAY-1958,-,O1, Standing (STD),Lake Figurnoye,Antarctica,0,0, Damaged beyond repair,-,Antonov An-2T,-,-,-,-,-, CCCP-N542, 1 54 473 18,GUSMP,-,-,-,-,-,-,-,-,-,-,0,0,0,0,-,-,-
19580530-0,Friday,30-MAY-1958,-,A1, En route (ENR),32 km (20 mls) NW of Andapa,Madagascar,4,4, Damaged beyond repair,-,Douglas C-47A-25-DK (DC-3),-,-,1944,-,-, 13487/F-SCID, 13487,French AF,Military,-,-,-,-,-,-,-,-,-,4,0,4,0,-,-,-
19580531-0,Saturday,31-MAY-1958,-,A1, Initial climb (ICL),"near Rio de Janeiro-Santos Dumont Airport, RJ (SDU)",Brazil,4,4, Damaged beyond repair,-,Curtiss C-46D-15-CU Commando,-,-,1945,-,-, PP-BTB, 33304,Paraense Transportes Aéreos,Cargo,-,Rio de Janeiro-Santos Dumont Airport,SDU,SBRJ,Brazil,Belém/Val-de-Cans International Airport,BEL,SBBE,Brazil,4,0,4,0,-,-,-
19580531-1,Saturday,31-MAY-1958,-,A1, Initial climb (ICL),"Driftwood Bay, AK",United States of America,-,-, Damaged beyond repair,-,Curtiss C-46F-1-CU Commando,-,-,1945,-,-, N1302N, 22479,Reeve Aleutian Airways,Cargo,-,-,-,-,-,-,-,-,-,-,-,-,-,-,-,-
19580531-2,Saturday,31-MAY-1958,-,A1, En route (ENR),S of Molière,Algeria,15,15, Damaged beyond repair,-,Douglas C-47A-85-DL (DC-3),2,Pratt & Whitney R-1830-92,1944,-,-, F-BHKV, 20001,Air France,Domestic Non Scheduled Passenger,-,Algiers-Maison Blanche Airport,ALG,DAAG,Algeria,Colomb-Béchar Airport,CBH,DAOC,Algeria,3,12,3,12,-,-,-
