identifiant,week_day,date,time,type_event,phase,location,country,total_occupants,total_fatalities,aircraft_damage,aircraft_fate,type_aircraft,number_engines,type_engines,first_flight,cycles,total_airframe_hours,registration,c_n_msn,operator,nature,flight_number,departure_airport_name,departure_airport_IATA,departure_airport_ICAO,departure_airport_country,destination_airport_name,destination_airport_IATA,destination_airport_ICAO,destination_airport_country,crew_number,passengers_number,crew_fatalities,passengers_fatalities,collision_casualties,ground_casualties,status
19571128-0,Thursday,28-NOV-1957,-,A1, Landing (LDG),Norrköping Airport (NRK),Sweden,5,0, Damaged beyond repair,-,Douglas DC-6B,4,Pratt & Whitney R-2800,1953,-,-, SE-BDP, 43747/313,SAS,Training,-,Norrköping-Kungsängen Airport,NRK,ESSP,Sweden,Norrköping-Kungsängen Airport,NRK,ESSP,Sweden,5,0,0,0,-,-,-
19571128-1,Thursday,28-NOV-1957,-,A1, Approach (APR),10 km (6.3 mls) from  Ankara-Esenboga Airport (ESB),Turkey,8,3, Destroyed, Written off (damaged beyond repair),Douglas C-124C Globemaster II,4,Pratt & Whitney R-4360-20WA,-,-,-, 52-0995, 43904,USAF,Military,-,Tripoli-Wheelus Air Base,MJI,HLLM,Libya,Ankara-Esenboga Airport,ESB,LTAC,Turkey,8,0,3,0,-,-,-
19571129-0,Friday,29-NOV-1957,-,A1, En route (ENR),65 km (40.6 mls) SE of Tindouf,Algeria,9,9, Damaged beyond repair,-,Nord 2501 Noratlas,2,Bristol Hercules 739,-,-,-, 26, 26,French AF,Military,-,-,-,-,-,Tindouf Airport,TIN,DAOF,Algeria,5,4,5,4,-,-,-
19571130-0,Saturday,30-NOV-1957,-,A1, Landing (LDG),Thorney Island RAF Station,United Kingdom,-,0, Damaged beyond repair,-,Handley Page Marathon T.2,-,-,-,-,-, XA273, 126,RAF,Military,-,-,-,-,-,-,-,-,-,-,-,0,0,-,-,-
19571202-0,Monday,02-DEC-1957,-,A1, Landing (LDG),Helsinki-Vantaa Airport (HEL),Finland,21,0, Damaged beyond repair,-,Ilyushin Il-14M,-,-,-,-,-, CCCP-L1657, 146001027,Aeroflot / Moscow,International Scheduled Passenger,-,-,-,-,-,Helsinki-Vantaa Airport,HEL,EFHK,Finland,5,16,0,0,-,-,-
19571206-0,Friday,06-DEC-1957,18:00,A1, Landing (LDG),Paris-Orly Airport (ORY),France,6,0, Damaged beyond repair,-,Lockheed L-1049G Super Constellation,-,-,-,-,3075.0, F-BHMK, 4670,Air France,Training,-,Paris-Orly Airport,ORY,LFPO,France,Paris-Orly Airport,ORY,LFPO,France,6,0,0,0,-,-,-
19571207-0,Saturday,07-DEC-1957,-,A1, Unknown (UNK),Fezzan,Libya,6,6, Damaged beyond repair,-,Scottish Aviation Twin Pioneer 1,2,Alvis Leonides 514,1956,-,564.0, G-AOEO, 503,Scottish Airlines,Demonstration,-,-,-,-,-,Tripoli-Idris Airport,TIP,HLLT,Libya,2,4,2,4,-,-,-
19571208-0,Sunday,08-DEC-1957,16:45,A1, En route (ENR),"25 km (15.6 mls) SE of Bolivar, BA",Argentina,61,61, Damaged beyond repair,-,Douglas DC-4,4,Pratt & Whitney R-2000-13,1944,-,-, LV-AHZ, 27227,Aerolineas Argentinas,Domestic Scheduled Passenger,AR670,Buenos Aires/Ezeiza-Ministro Pistarini Airport,EZE,SAEZ,Argentina,San Carlos de Bariloche International Airport,BRC,SAZS,Argentina,6,55,6,55,-,-,Final
19571210-0,Tuesday,10-DEC-1957,-,A1, Unknown (UNK),"Jeannine Lake, QC",Canada,3,3, Damaged beyond repair,-,Douglas C-47A-30-DK (DC-3C),-,-,1944,-,-, CF-GKV, 25282/13837,Northern Wings,Cargo,-,Sept-Îles Airport,YZV,CYZV,Canada,-,-,-,-,2,1,2,1,-,-,-
19571210-1,Tuesday,10-DEC-1957,-,A1, Landing (LDG),Topcliffe RAF Station,United Kingdom,-,0, Damaged beyond repair,-,Handley Page Marathon T.2,-,-,1949,-,-, XA250, 102,RAF,Military,-,-,-,-,-,-,-,-,-,-,-,0,0,-,-,-
19571211-0,Wednesday,11-DEC-1957,13:12,A1, Initial climb (ICL),Ozamiz City,Philippines,12,2, Damaged beyond repair,-,de Havilland Canada DHC-3 Otter,-,-,1956,-,-, PI-C55, 168,Philippine Air Lines,Domestic Scheduled Passenger,-,Ozamiz City-Labo Airport,OZC,RPMO,Philippines,Pagadian Airport,PAG,RPMP,Philippines,1,11,1,1,-,-,Final
19571212-0,Thursday,12-DEC-1957,-,A1, Unknown (UNK),near Tokyo-Yokota AFB (OKO),Japan,5,5, Damaged beyond repair,-,Douglas C-47D (DC-3),-,-,1944,-,-, 43-48603, 25864/14419,USAF,Military,-,Tokyo-Yokota AFB,OKO,RJTY,Japan,Tokyo-Yokota AFB,OKO,RJTY,Japan,-,-,-,-,-,-,-
19571217-0,Tuesday,17-DEC-1957,-,A1, Approach (APR),4 km (2.5 mls) from  Wiesbaden,Germany,6,5, Damaged beyond repair,-,Douglas C-47A-5-DL (DC-3),2,Pratt & Whitney R-1830-92,1943,-,-, 42-23356, 9218,USAF,Military,-,-,-,-,-,Wiesbaden-Erbenheim (Y-80) Air Base,WIE,ETOU,Germany,6,0,5,0,-,-,-
19571218-0,Wednesday,18-DEC-1957,12:35,A1, En route (ENR),30 km (18.8 mls) W of Birobidzhan,Russia,27,27, Destroyed, Written off (damaged beyond repair),Ilyushin Il-12,-,-,1947,-,10436.0, CCCP-L1309, 30015,Aeroflot / East Siberia,Domestic Scheduled Passenger,10,Khabarovsk-Novy Airport,KHV,UHHH,Russia,Magdagachi Airport,GDG,UHBI,Russia,5,22,5,22,-,-,-
19571219-0,Thursday,19-DEC-1957,18:15,C2, En route (ENR),over Clermont-Ferrant,France,95,0, Substantial, Repaired,SNCASE SE.2010 Armagnac,4,Pratt & Whitney R-4360-B13 Wasp Major,-,-,-, F-BAVH, 07,SAGETA,International Scheduled Passenger,-,Oran-es Senia Airport,ORN,DAOO,Algeria,Paris-Orly Airport,ORY,LFPO,France,6,89,0,0,-,-,-
19571222-0,Sunday,22-DEC-1957,-,A1, En route (ENR),"off Aracruz, ES",Brazil,5,5, Damaged beyond repair,-,Curtiss C-46A-50-CU Commando,2,Pratt & Whitney R-2800-51,1944,-,-, ZP-CBM, 30554,Paraguay Air Services,Cargo,-,Rio de Janeiro-Santos Dumont Airport,SDU,SBRJ,Brazil,Belém/Val-de-Cans International Airport,BEL,SBBE,Brazil,2,3,2,3,-,-,-
19571223-0,Monday,23-DEC-1957,-,A1, Approach (APR),near London-Stansted Airport (STN),United Kingdom,4,4, Damaged beyond repair,-,Avro 685 York C.1,4,Rolls-Royce Merlin,1946,-,-, G-AMUN, Set 55,Scottish Airlines,Cargo,-,Malta-Luqa Airport,MLA,LMML,Malta,London-Stansted Airport,STN,EGSS,United Kingdom,4,0,4,0,-,-,-
19571223-1,Monday,23-DEC-1957,15:45,A1, En route (ENR),"40 km (25 mls) NW off  Kahuku Point, Oahu, HI",Pacific Ocean,23,19, Damaged beyond repair,-,Lockheed WV-2 Super Constellation,-,-,1957,-,-, 143197, 4471,US Navy,Military,-,-,-,-,-,-,-,-,-,23,0,19,0,-,-,-
19571224-0,Tuesday,24-DEC-1957,-,A1, Initial climb (ICL),near Mexico City International Airport (MEX),Mexico,2,2, Destroyed, Written off (damaged beyond repair),Lascurain No.4 Aura,-,-,1957,-,16.0, XB-ZEU,-,Ángel Lascuráin y Osio,Test,-,Mexico City International Airport,MEX,MMMX,Mexico,Mexico City International Airport,MEX,MMMX,Mexico,2,0,2,0,-,-,-
19571230-0,Monday,30-DEC-1957,-,A1, Unknown (UNK),Bishoftu,Ethiopia,-,-, Damaged beyond repair,-,Douglas C-47B-15-DK (DC-3),-,-,1944,-,-, 702, 26586/15141,Ethiopian AF,Military,-,-,-,-,-,-,-,-,-,-,-,-,-,-,-,-
19571231-2,Tuesday,31-DEC-1957,12:57,A1, Approach (APR),"Buenos Aires Seaplane Base, BA",Argentina,50,9, Damaged beyond repair,-,Short S.25 Sandringham 2,4,Pratt & Whitney R-1830-92,1946,-,7905.0, LV-AAR, SH.54C,Aerolineas Argentinas,International Scheduled Passenger,AR706,-,-,-,-,-,-,-,-,6,44,1,8,-,-,-
19579999-2,-,xx-xxx-1957,-,U1, Unknown (UNK),at an unknown location,United States of America,-,-, Damaged beyond repair,-,Kaiser-Frazer C-119G Flying Boxcar,-,-,-,-,-, 51-8127, 130,USAF,Military,-,-,-,-,-,-,-,-,-,-,-,-,-,-,-,-
19579999-3,-,xx-xxx-1957,-,U1, Unknown (UNK),at an unknown location,Unknown country,-,-, Damaged beyond repair,-,Kaiser-Frazer C-119G Flying Boxcar,-,-,-,-,-, 51-8122, 125,USAF,Military,-,-,-,-,-,-,-,-,-,-,-,-,-,-,-,-
19570102-0,Wednesday,02-JAN-1957,13:05,A1, Landing (LDG),Reggio Calabria Airport (REG),Italy,7,0, Damaged beyond repair,-,Douglas C-47-DL (DC-3),2,Pratt & Whitney R-1830-92,1942,-,-, I-LEDA, 4411,LAI,Domestic Scheduled Passenger,-,-,-,-,-,Reggio Calabria Airport,REG,LICR,Italy,3,4,0,0,-,-,-
19570103-0,Thursday,03-JAN-1957,-,A1, Unknown (UNK),Tak Province,Thailand,16,3, Damaged beyond repair,-,Douglas C-47,-,-,-,-,-, registration unknown,-,Thai AF,Military,-,-,-,-,-,-,-,-,-,-,-,3,0,-,-,-
19570106-0,Sunday,06-JAN-1957,00:01,A1, Approach (APR),"near Tulsa Municipal Airport, OK (TUL)",United States of America,10,1, Damaged beyond repair,-,Convair CV-240-0,2,Pratt & Whitney R-2800-83AM4A,1948,-,18062.0, N94247, 104,American Airlines,Domestic Scheduled Passenger,AA327,Joplin Airport,JLN,KJLN,United States of America,Tulsa Municipal Airport,TUL,KTUL,United States of America,3,7,0,1,-,-,-
19570108-0,Tuesday,08-JAN-1957,-,A1, Unknown (UNK),"33 km (20.6 mls) S of Rankin Inlet, NU",Canada,3,0, Damaged beyond repair,-,Avro 685 York C.1,4,Rolls-Royce Merlin,-,-,-, CF-HIQ,-,TransAir,Cargo,-,-,-,-,-,-,-,-,-,3,0,0,0,-,-,-
19570111-0,Friday,11-JAN-1957,-,A1, Initial climb (ICL),"Buenos Aires-Jorge Newbery Airport, BA (AEP)",Argentina,32,17, Damaged beyond repair,-,Vickers 615 Viking 1B,-,-,1947,-,-, T-11, 188,LADE,Military,-,Buenos Aires-Jorge Newbery Airport,AEP,SABE,Argentina,Mar Del Plata Airport,MDQ,SAZM,Argentina,4,28,3,14,-,1,-
19570115-0,Tuesday,15-JAN-1957,-,O1, Standing (STD),"Tacoma-McChord AFB, WA (TCM)",United States of America,0,0, Damaged beyond repair,-,Douglas C-118A (DC-6),-,-,1955,-,-, 53-3263, 44634/572,USAF,Military,-,-,-,-,-,-,-,-,-,0,0,0,0,-,-,-
19570115-1,Tuesday,15-JAN-1957,-,O1, Standing (STD),"Tacoma-McChord AFB, WA (TCM)",United States of America,0,0, Damaged beyond repair,-,Douglas C-124C Globemaster II,4,Pratt & Whitney R-4360-20WA,-,-,-, 52-1027, 43936,USAF,Military,-,-,-,-,-,-,-,-,-,0,0,0,0,-,-,-
19570122-0,Tuesday,22-JAN-1957,21:33,A1, Approach (APR),"Grosse Ile NAS, MI",United States of America,7,1, Damaged beyond repair,-,Douglas R5D-3 (DC-4),-,-,1945,-,-, 50869, 10546,US Navy,Military,-,Albuquerque Municipal Airport,ABQ,KABQ,United States of America,Detroit-Willow Run Airport,YIP,KYIP,United States of America,-,-,1,0,-,-,-
19570122-1,Tuesday,22-JAN-1957,-,A1, En route (ENR),"Vall de Núria, Pyrénées Mountains",Spain,8,8, Damaged beyond repair,-,Douglas C-47B-5-DK (DC-3),-,-,1944,-,-, 14655/F-RAVM, 26100/14655,French AF,Military,-,Algiers-Maison Blanche Airport,ALG,DAAG,Algeria,-,-,-,-,4,4,4,4,-,-,-
19570122-2,Tuesday,22-JAN-1957,-,A1, En route (ENR),"45 km (28.1 mls) NE of Rome-Griffiss AFB, NY (RME)",United States of America,7,7, Damaged beyond repair,-,Boeing KC-97G Stratofreighter,-,-,-,-,-, 53-0222, 17004,USAF,Military,-,Springfield-Westover AFB,CEF,KCEF,United States of America,Rome-Griffiss AFB,RME,KRME,United States of America,7,0,7,0,-,-,-
19570122-3,Tuesday,22-JAN-1957,-,A1, Takeoff (TOF),Forres-Kinloss RAF Station (FSS),United Kingdom,8,0, Damaged beyond repair,-,Lockheed Neptune MR.1,-,-,-,-,-, WX511, 426-5106,RAF,Military,-,Forres-Kinloss RAF Station,FSS,EGQK,United Kingdom,Forres-Kinloss RAF Station,FSS,EGQK,United Kingdom,8,0,0,0,-,-,-
19570123-0,Wednesday,23-JAN-1957,17:18,A1, Unknown (UNK),Ometepe Island,Nicaragua,16,16, Damaged beyond repair,-,Douglas R4D-5 (DC-3),-,-,1944,-,-, AN-AEC, 12312,LANICA,Domestic Scheduled Passenger,-,San Carlos Airport,NCR,MNSC,Nicaragua,Managua Airport,MGA,MNMG,Nicaragua,3,13,3,13,-,-,-
19570127-0,Sunday,27-JAN-1957,20:15,A1, Unknown (UNK),"off Anchorage-Elmendorf AFB, AK (EDF)",United States of America,12,0, Damaged beyond repair,-,Douglas C-124C Globemaster II,4,Pratt & Whitney R-4360-20WA,-,-,-, 50-0088, 43226,USAF,Military,-,Anchorage-Elmendorf AFB,EDF,PAED,United States of America,Tacoma-McChord AFB,TCM,KTCM,United States of America,12,0,0,0,-,-,-
19570129-0,Tuesday,29-JAN-1957,19:24,A1, Landing (LDG),Paris-Orly Airport (ORY),France,70,2, Damaged beyond repair,-,SNCASE SE.2010 Armagnac,4,Pratt & Whitney R-4360-B13 Wasp Major,-,-,-, F-BAVG, 06,SAGETA,Int'l Non Scheduled Passenger,-,Tunis-Carthage Airport,TUN,DTTA,Tunisia,Paris-Orly Airport,ORY,LFPO,France,10,60,1,1,-,-,Final
19570131-0,Thursday,31-JAN-1957,-,A1, En route (ENR),"6,5 km (4.1 mls) NW of Sunland, Los Angeles, CA",United States of America,4,4, Destroyed, Written off (damaged beyond repair),Douglas DC-7B,4,Wright R-3350 (972TC18DA4),1957,-,1.0, N8210H, 45192/764,Douglas,Test,-,Santa Monica Airport,SMO,KSMO,United States of America,Santa Monica Airport,SMO,KSMO,United States of America,4,0,4,0,1,3,Final
19570201-0,Friday,01-FEB-1957,18:02,A1, Initial climb (ICL),"Rikers Island, NY",United States of America,101,20, Damaged beyond repair,-,Douglas DC-6A,4,Pratt & Whitney R-2800-CB17,1955,-,8317.0, N34954, 44678/543,Northeast Airlines,Domestic Scheduled Passenger, 823,New York-La Guardia Airport,LGA,KLGA,United States of America,Miami International Airport,MIA,KMIA,United States of America,6,95,0,20,-,-,Final
19570208-0,Friday,08-FEB-1957,-,A1, En route (ENR),"near Kohima, Nagaland",India,8,8, Damaged beyond repair,-,Douglas C-47 (DC-3),-,-,-,-,-, IJ821,-,Indian AF,Military,-,-,-,-,-,-,-,-,-,-,-,-,-,-,-,-
19570214-0,Thursday,14-FEB-1957,16:45,A1, Landing (LDG),"near Son Bonet, Mallorca",Spain,10,0, Damaged beyond repair,-,Lockheed P2V Neptune,-,-,-,-,-, registration unknown,-,US Navy,Military,-,-,-,-,-,-,-,-,-,-,-,0,0,-,-,-
19570219-0,Tuesday,19-FEB-1957,21:57,A2, Landing (LDG),"Rio de Janeiro-Santos Dumont Airport, RJ (SDU)",Brazil,13,0, Substantial, Repaired,Douglas C-47B-45-DK (DC-3),-,-,1945,-,-, PP-YQF, 34292/17027,REAL,Domestic Scheduled Passenger,-,-,-,-,-,Rio de Janeiro-Santos Dumont Airport,SDU,SBRJ,Brazil,6,7,0,0,-,-,-
19570222-0,Friday,22-FEB-1957,-,A1, En route (ENR),near Seoul-Gimpo (Kimpo) International Airport (SEL),South Korea,159,21, Damaged beyond repair,-,Douglas C-124A-DL Globemaster II,4,Pratt & Whitney R-4360-20WA,-,-,-, 51-0141, 43475,USAF,Military, 504,Seoul-Gimpo (Kimpo) International Airport,SEL,RKSS,South Korea,-,-,-,-,10,149,1,20,-,-,-
19570223-0,Saturday,23-FEB-1957,09:50,A1, En route (ENR),"ca 10 W of Salesópolis, SP",Brazil,6,6, Damaged beyond repair,-,Junkers Ju-52/3m,-,-,-,-,-, PT-AUX, J6684,VASP,Cargo,-,São Paulo-Congonhas Airport,CGH,SBSP,Brazil,-,-,-,-,2,4,2,4,-,-,-
19570226-0,Tuesday,26-FEB-1957,10:45,A1, Unknown (UNK),Fukuoka,Japan,3,3, Damaged beyond repair,-,Douglas C-47D (DC-3),-,-,1945,-,-, 43-49792, 27053/15608,USAF,Military,-,-,-,-,-,-,-,-,-,3,0,3,0,-,-,-
19570227-0,Wednesday,27-FEB-1957,-,A1, Unknown (UNK),at an unknown location,Unknown country,-,-, Damaged beyond repair,-,Vickers Valetta C.1,-,-,-,-,-, VL279,-,RAF,Military,-,-,-,-,-,-,-,-,-,-,-,-,-,-,-,-
19570299-0,-,xx-FEB-1957,-,A1, Unknown (UNK),at an unknown location,Unknown country,-,-, Damaged beyond repair,-,Grumman UF-1 Albatross,-,-,-,-,-, 131903, G-273,US Navy,Military,-,-,-,-,-,-,-,-,-,-,-,-,-,-,-,-
19570302-0,Saturday,02-MAR-1957,-,A1, En route (ENR),"6 km (3.8 mls) W of Blyn, WA",United States of America,5,5, Damaged beyond repair,-,Douglas C-54B-20-DO (DC-4),-,-,1944,-,-, N90449, 27239,Alaska Airlines,Domestic Scheduled Passenger, 100,Fairbanks International Airport,FAI,PAFA,United States of America,Seattle/Tacoma International Airport,SEA,KSEA,United States of America,3,2,3,2,-,-,-
19570304-0,Monday,04-MAR-1957,-,A1, Approach (APR),W off Yonago-Miho Air Base (YGJ),Japan,17,17, Damaged beyond repair,-,Curtiss C-46D-15-CU Commando,-,-,1945,-,-, 51-1110, 33737,JASDF,Military,-,-,-,-,-,Yonago-Miho Air Base,YGJ,RJOH,Japan,-,-,-,-,-,-,-
19570305-0,Tuesday,05-MAR-1957,11:00,A1, En route (ENR),Sutton Wick,United Kingdom,22,18, Damaged beyond repair,-,Blackburn Beverley C.1,4,Bristol Centaurus 173,1956,-,-, XH117, 1023,RAF,Military,-,Abingdon RAF Station,ABB,EGUD,United Kingdom,-,-,-,-,5,17,3,15,-,2,-
19570305-1,Tuesday,05-MAR-1957,-,A1, Unknown (UNK),"Columbia, SC",United States of America,12,0, Damaged beyond repair,-,Fairchild C-119 Flying Boxcar,-,-,-,-,-, registration unknown,-,USAF,Military,-,-,-,-,-,-,-,-,-,-,-,0,0,-,-,-
19570305-2,Tuesday,05-MAR-1957,11:13,A2, En route (ENR),"near Memphis, TN",United States of America,46,0, Substantial, Repaired,Douglas DC-7,4,Wright R-3350 (972TC18DA),1954,-,8803.0, N316AA, 44137/436,American Airlines,Domestic Scheduled Passenger,AA87,New York-Idlewild International Airport,IDL,KIDL,United States of America,Dallas-Love Field,DAL,KDAL,United States of America,5,41,0,0,-,-,Final
19570309-0,Saturday,09-MAR-1957,-,A1, En route (ENR),32 km (20 mls) W of Túluá,Colombia,15,15, Damaged beyond repair,-,Douglas C-47-DL (DC-3),2,Pratt & Whitney R-1830-92,1942,-,-, HK-155, 4338,Avianca,Domestic Scheduled Passenger,-,Condoto-Mandinga Airport,COG,SKCD,Colombia,Cali-Alfonso Bonilla Aragón Airport,CLO,SKCL,Colombia,3,12,3,12,-,-,-
19570310-0,Sunday,10-MAR-1957,-,A1, Landing (LDG),"Louisville-Standiford Field, KY (SDF)",United States of America,34,0, Damaged beyond repair,-,Martin 4-0-4,-,-,-,-,-, N453A, 14144,Eastern Air Lines,Domestic Scheduled Passenger,-,Indianapolis-Weir Cook Municipal Airport,IND,KIND,United States of America,Louisville-Standiford Field,SDF,KSDF,United States of America,3,31,0,0,-,-,-
19570312-0,Tuesday,12-MAR-1957,12:00,A1, Unknown (UNK),near Hakuba,Japan,-,4, Damaged beyond repair,-,Douglas VC-47A (DC-3),-,-,1944,-,-, 43-47979, 25240/13795,USAF,Military,-,Tokyo-Haneda Airport,HND,RJTT,Japan,-,-,-,-,-,-,-,-,-,-,-
19570313-0,Wednesday,13-MAR-1957,09:15,A1, Unknown (UNK),Kingsway Camp,India,2,2, Damaged beyond repair,-,Douglas C-47A-25-DK (DC-3),2,Pratt & Whitney R-1830-92,1944,-,-, VT-CFB, 13626,Indian Airlines,Training,-,-,-,-,-,-,-,-,-,2,0,2,0,-,3,-
19570313-2,Wednesday,13-MAR-1957,-,A1, En route (ENR),near Natagaima,Colombia,12,12, Damaged beyond repair,-,Consolidated PBY-5A Catalina,-,-,-,-,-, FAC-620,-,Colombian AF,Military,-,Bogotá-Eldorado Airport,BOG,SKBO,Colombia,Tres Esquinas Air Base,TQS,SKTQ,Colombia,4,8,4,8,-,-,-
19570314-0,Thursday,14-MAR-1957,13:46,A1, Approach (APR),Wythenshawe,United Kingdom,20,20, Damaged beyond repair,-,Vickers 701 Viscount,-,-,1952,4553.0,6902.0, G-ALWE,   4,BEA,International Scheduled Passenger, 411,Amsterdam-Schiphol International Airport,AMS,EHAM,Netherlands,Manchester-Ringway Airport,MAN,EGCC,United Kingdom,5,15,5,15,-,2,Final
19570317-0,Sunday,17-MAR-1957,01:40,A1, En route (ENR),35 km (21.9 mls) NW of Cebu,Philippines,27,26, Destroyed, Written off (damaged beyond repair),Douglas C-47A-75-DL (DC-3),2,Pratt & Whitney R-1830-92,1944,-,-, 2100925, 19388,Philippine AF,Official state flight,-,-,-,-,-,Manila-Nichols Air Base,MNL,RPLL,Philippines,5,22,5,21,-,-,-
19570318-0,Monday,18-MAR-1957,-,A1, Unknown (UNK),near Sayari,Bolivia,19,19, Damaged beyond repair,-,Douglas C-53 (DC-3),-,-,1942,-,-, CP-535, 4867,LAB,Domestic Scheduled Passenger,-,Cochabamba-J Wilsterman Airport,CBB,SLCB,Bolivia,Oruro Airport,ORU,SLOR,Bolivia,3,16,3,16,-,-,-
19570319-0,Tuesday,19-MAR-1957,-,A1, Landing (LDG),"Sept-Îles Airport, QC (YZV)",Canada,-,0, Damaged beyond repair,-,Douglas C-47-DL (DC-3),2,Pratt & Whitney R-1830-92,1942,-,-, CF-ILY, 4410,Northern Wings,Unknown,-,-,-,-,-,Sept-Îles Airport,YZV,CYZV,Canada,-,-,0,0,-,-,-
19570319-1,Tuesday,19-MAR-1957,-,A1, Takeoff (TOF),Loikaw Airport (LIW),Myanmar,23,0, Damaged beyond repair,-,Douglas C-47B-40-DK (DC-3),2,Pratt & Whitney R-1830-90C,1945,-,-, XY-ADB, 33517/16769,Union of Burma Airways,Scheduled Passenger,-,Loikaw Airport,LIW,VYLK,Myanmar,-,-,-,-,4,19,0,0,-,-,-
19570319-2,Tuesday,19-MAR-1957,20:23,A1, Initial climb (ICL),"Duntroon, ACT",Australia,4,4, Damaged beyond repair,-,Douglas C-47B-35-DK (DC-3),2,Pratt & Whitney R-1830-90C,1945,-,-, A65-112, 33303/16555,RAAF,Military,-,Canberra Airport,CBR,YSCB,Australia,Canberra Airport,CBR,YSCB,Australia,4,0,4,0,-,-,-
19570322-0,Friday,22-MAR-1957,-,A1, En route (ENR),"320 km (200 mls) SE off  Tokyo, Japan",Pacific Ocean,67,67, Missing, Presumed damaged beyond repair,Boeing C-97C-35-BO Stratofreighter,-,-,-,-,-, 50-0702, 16246,USAF,Military,-,Wake Island Airport,AWK,PAWK,U.S. Minor Outlying Islands,Tokyo-Yokota AFB,OKO,RJTY,Japan,10,57,10,57,-,-,-
19570327-0,Wednesday,27-MAR-1957,-,A1, Landing (LDG),Topcliffe RAF Station,United Kingdom,-,0, Damaged beyond repair,-,Handley Page Marathon T.2,-,-,1950,-,-, XA255, 107,RAF,Military,-,-,-,-,-,-,-,-,-,-,-,0,0,-,-,-
19570327-1,Wednesday,27-MAR-1957,-,A1, Unknown (UNK),"off Sept-Îles, QC",Canada,-,0, Damaged beyond repair,-,Canadian Vickers PBV-1A Canso (PBY-5A),-,-,-,-,-, CF-HGE, CV-422,Eastern Provincial Airways,Unknown,-,-,-,-,-,-,-,-,-,-,-,0,0,-,-,-
19570329-0,Friday,29-MAR-1957,14:33,A1, En route (ENR),15 km (9.4 mls) NE of Ulyanovsk,Russia,4,4, Damaged beyond repair,-,Lisunov Li-2,-,-,-,-,-, CCCP-L4967, 23442802,Aeroflot / Privolzhsk,Survey/research,-,-,-,-,-,-,-,-,-,4,0,4,0,-,-,-
19570402-0,Tuesday,02-APR-1957,-,A1, Approach (APR),"Cambridge Bay Airport, NU (YCB)",Canada,-,0, Damaged beyond repair,-,Douglas C-124A Globemaster II,4,Pratt & Whitney R-4360-20WA,-,-,-, 51-5176, 43586,USAF,Military,-,-,-,-,-,Cambridge Bay Airport,YCB,CYCB,Canada,-,-,0,0,-,-,-
19570402-2,Tuesday,02-APR-1957,-,A1, Unknown (UNK),"near Chincoteague NAAS, VA (WAL)",United States of America,11,11, Damaged beyond repair,-,Lockheed P2V-6 Neptune,-,-,-,-,-, 126518,-,US Navy,Military,-,Chincoteague NAAS,WAL,KWAL,United States of America,-,-,-,-,-,-,-,-,-,-,-
19570405-0,Friday,05-APR-1957,22:05,A2, Approach (APR),"Hall Beach Airport, NU (YUX)",Canada,2,0, Substantial, Repaired,Douglas C-47A-85-DL (DC-3),-,-,1944,-,-, CF-JNN, 20058,World Wide Airways,Cargo,-,-,-,-,-,Hall Beach Airport,YUX,CYUX,Canada,2,0,0,0,-,-,-
19570407-0,Sunday,07-APR-1957,-,A1, Approach (APR),"Bagé Airport, RS (BGX)",Brazil,40,40, Destroyed, Written off (damaged beyond repair),Curtiss C-46A-45-CU Commando,2,Pratt & Whitney R-2800-51,1944,-,-, PP-VCF, 30283,Varig,Domestic Scheduled Passenger,-,Bagé-Comandante Gustavo Kraemer Airport,BGX,SBBG,Brazil,Porto Alegre-Salgado Filho International Airport,POA,SBPA,Brazil,5,35,5,35,-,-,-
19570408-0,Monday,08-APR-1957,-,A1, Initial climb (ICL),"0,8 km (0.5 mls) from  Biskra Airport (BSK)",Algeria,32,32, Damaged beyond repair,-,Douglas C-47B-5-DK (DC-3),2,Pratt & Whitney R-1830-90C,1944,-,-, F-BEIK, 25856/14411,Air France,Domestic Scheduled Passenger,-,Biskra Airport,BSK,DAUB,Algeria,Algiers-Dar el Beida Airport,ALG,DAAG,Algeria,5,27,5,27,-,-,-
19570410-2,Wednesday,10-APR-1957,15:20,A1, En route (ENR),"Ilha Anchieta, SP",Brazil,30,26, Damaged beyond repair,-,Douglas C-47A-20-DK (DC-3),2,Pratt & Whitney R-1830-92,1944,-,-, PP-ANX, 13048,REAL,Domestic Scheduled Passenger,-,-,-,-,-,São Paulo-Congonhas Airport,CGH,SBSP,Brazil,4,26,3,23,-,-,-
19570411-0,Thursday,11-APR-1957,-,A1, Approach (APR),"near Manicouagon, QC",Canada,3,2, Damaged beyond repair,-,Canadian Vickers PBV-1A Canso (PBY-5A),-,-,1943,-,-, CF-FZJ, CV-310,Northern Wings,Cargo,-,Sept-Îles Airport,YZV,CYZV,Canada,-,-,-,-,3,0,2,0,-,-,-
19570411-1,Thursday,11-APR-1957,-,A1, Unknown (UNK),Arica,Chile,-,0, Damaged beyond repair,-,Curtiss C-46A Commando,2,Pratt & Whitney R-2800-51,-,-,-, CC-CNC-466,-,Transa Chile,Unknown,-,-,-,-,-,-,-,-,-,-,-,0,0,-,-,-
19570412-0,Friday,12-APR-1957,09:35,A1, En route (ENR),near Calabozo,Venezuela,3,3, Damaged beyond repair,-,Douglas C-47-DL (DC-3),2,Pratt & Whitney R-1830-92,1942,-,-, YV-C-AFA, 4525,LAV,Unknown,-,Calabozo Airport,CLZ,SVCL,Venezuela,-,-,-,-,3,0,3,0,-,-,-
19570412-1,Friday,12-APR-1957,-,A1, Takeoff (TOF),"Brunswick NAS, ME (NHZ)",United States of America,6,6, Destroyed, Written off (damaged beyond repair),Lockheed P2V-5 Neptune,-,-,-,-,-, 131452, 426-5333,US Navy,Military,-,Brunswick NAS,NHZ,KNHZ,United States of America,Brunswick NAS,NHZ,KNHZ,United States of America,6,0,6,0,-,-,-
19570415-0,Monday,15-APR-1957,07:53,A1, Takeoff (TOF),E of Mérida-Rejon Airport (MID),Mexico,3,3, Damaged beyond repair,-,Consolidated C-87 Liberator Express,-,-,-,-,-, XA-KUN,-,TAMSA,Cargo,-,Mérida-Rejon Airport,MID,MMMD,Mexico,Mexico City International Airport,MEX,MMMX,Mexico,3,0,3,0,-,1,Final
19570415-1,Monday,15-APR-1957,-,A1, Unknown (UNK),at an unknown location,Egypt,-,-, Damaged beyond repair,-,de Havilland Canada DHC-3 Otter,-,-,-,-,-, 3675, 33,RCAF,Military,-,-,-,-,-,-,-,-,-,-,-,-,-,-,-,-
19570416-0,Tuesday,16-APR-1957,-,A1, En route (ENR),"near Beaufort, SC",United States of America,4,4, Damaged beyond repair,-,Grumman UF-1 Albatross,-,-,-,-,-, registration unknown,-,US Navy,Military,-,Atlantic City Naval Air Station,ACY,KACY,United States of America,-,-,-,-,-,-,-,-,-,-,-
19570417-0,Wednesday,17-APR-1957,09:33,A1, Landing (LDG),"Argentia Naval Air Station, NL (NWP)",Canada,24,0, Damaged beyond repair,-,Lockheed WV-2 Super Constellation,-,-,1956,-,558.0, 141314, 4438,US Navy,Military,-,-,-,-,-,-,-,-,-,24,0,0,0,-,-,-
19570417-1,Wednesday,17-APR-1957,-,A1, En route (ENR),Queria,Jordan,26,26, Destroyed, Written off (damaged beyond repair),Vickers Valetta C.1,2,Bristol Hercules 230,1949,-,-, VW832, 393,RAF,Military,-,Aqaba-King Hussein International Airport,AQJ,OJAQ,Jordan,-,-,-,-,3,23,3,23,-,-,-
19570417-2,Wednesday,17-APR-1957,-,A1, Unknown (UNK),at an unknown location,Turkey,-,0, Damaged beyond repair,-,Douglas C-47A-70-DL (DC-3),-,-,1943,-,-, 42-6071, 19228,Turkish AF,Military,-,-,-,-,-,-,-,-,-,-,-,0,0,-,-,-
19570418-0,Thursday,18-APR-1957,-,A1, Approach (APR),"Pittsburgh International Airport, PA (PIT)",United States of America,55,0, Damaged beyond repair,-,Douglas DC-4,-,-,1942,-,-, NC88839, 3060,Capital Airlines,Domestic Scheduled Passenger,-,Buffalo Municipal Airport,BUF,KBUF,United States of America,Pittsburgh International Airport,PIT,KPIT,United States of America,4,51,0,0,-,-,-
19570421-0,Sunday,21-APR-1957,13:44,A2, En route (ENR),"64 km (40 mls) N of Phoenix, AZ",United States of America,26,0, Substantial, Repaired,Douglas DC-3C,2,Pratt & Whitney R-1830-S1C3-G,1943,-,26844.0, N65276, 19202,Frontier Airlines,Domestic Scheduled Passenger,   7,Prescott Airport,PRC,KPRC,United States of America,Phoenix-Sky Harbor International Airport,PHX,KPHX,United States of America,4,22,0,0,-,-,Final
19570422-0,Monday,22-APR-1957,-,A1, Unknown (UNK),4 km (2.5 mls) S of Yawata,Japan,4,4, Damaged beyond repair,-,Fairchild C-119 Flying Boxcar,-,-,-,-,-, registration unknown,-,USAF,Military,-,-,-,-,-,-,-,-,-,4,0,4,0,-,-,-
19570426-0,Friday,26-APR-1957,-,A1, Landing (LDG),Melun/Villaroche Airport,France,5,5, Damaged beyond repair,-,Nord 2501 Noratlas,2,Bristol Hercules 739,-,-,-, 40, 40,French AF,Military,-,-,-,-,-,-,-,-,-,5,0,5,0,-,-,-
19570426-1,Friday,26-APR-1957,-,A1, Approach (APR),near Varna Airport (VAR),Bulgaria,6,6, Damaged beyond repair,-,Ilyushin Il-14,-,-,-,-,-, registration unknown,-,Bulgarian AF,Military,-,-,-,-,-,Varna Airport,VAR,LBWN,Bulgaria,6,0,6,0,-,-,-
19570501-0,Wednesday,01-MAY-1957,21:20,A1, Approach (APR),Star Hill,United Kingdom,35,34, Damaged beyond repair,-,Vickers 610 Viking 1B,-,-,1947,-,488.0, G-AJBO, 241,Eagle Aviation,Int'l Non Scheduled Passenger,-,Blackbushe Airport,BBS,EGLK,United Kingdom,Tripoli-Idris Airport,TIP,HLLT,Libya,5,30,5,29,-,-,Final
19570505-0,Sunday,05-MAY-1957,-,A1, En route (ENR),Santoshpur village,India,3,1, Damaged beyond repair,-,Douglas C-47A-90-DL (DC-3),2,Pratt & Whitney R-1830-92,1944,-,-, VT-AUV, 20318,Indian Airlines,Cargo,-,Silchar-Kumbhirgram Airport,IXS,VEKU,India,Calcutta Airport,CCU,VECC,India,3,0,1,0,-,-,-
19570505-1,Sunday,05-MAY-1957,-,A1, Unknown (UNK),off Villa Herradura,El Salvador,-,-, Damaged beyond repair,-,Douglas C-47A-20-DK (DC-3),2,Pratt & Whitney R-1830-92,1944,-,-, FAH-300, 12786,Honduras AF,Military,-,-,-,-,-,-,-,-,-,-,-,-,-,-,-,-
19570505-2,Sunday,05-MAY-1957,-,A1, Takeoff (TOF),Tanyurer,Russia,8,0, Damaged beyond repair,-,Antonov An-2,-,-,-,-,-, CCCP-L3807,-,Aeroflot / Magadan,Survey/research,-,-,-,-,-,-,-,-,-,3,5,0,0,-,-,-
19570507-0,Tuesday,07-MAY-1957,-,A1, Unknown (UNK),"4,8 km (3 mls) E of Shihr",Yemen,-,0, Damaged beyond repair,-,Vickers Valetta C.1,2,Bristol Hercules 230,1949,-,-, VW184, 340,RAF,Military,-,-,-,-,-,-,-,-,-,-,-,0,0,-,-,-
19570508-0,Wednesday,08-MAY-1957,-,A1, Unknown (UNK),Pir Panjal,India,3,1, Damaged beyond repair,-,Douglas C-47 (DC-3),-,-,-,-,-, HJ918,-,Indian AF,Military,-,-,-,-,-,-,-,-,-,-,-,-,-,-,-,-
19570508-2,Wednesday,08-MAY-1957,-,A1, Unknown (UNK),near Sidi Ifni Airport (SII),Morocco,14,12, Damaged beyond repair,-,CASA 352 (Junkers Ju-52),-,-,-,-,-, T.2B-251, 142,Spanish AF,Military,-,-,-,-,-,-,-,-,-,-,-,-,-,-,-,-
19570509-0,Thursday,09-MAY-1957,19:04,A1, Approach (APR),near Madrid-Barajas,Spain,37,37, Damaged beyond repair,-,Bristol 170 Freighter 21,-,-,-,-,-, EC-ADI, 12757,Aviaco,Domestic Scheduled Passenger, 111,Santiago de Compostela Airport,SCQ,LEST,Spain,Madrid-Barajas Airport,MAD,LEMD,Spain,5,32,5,32,-,-,-
19570509-1,Thursday,09-MAY-1957,06:16,A1, En route (ENR),550 km (343.8 mls) SE off  Azores Islands,Atlantic Ocean,7,0, Damaged beyond repair,-,Boeing KC-97F-55-BO Stratofreighter,-,-,-,-,-, 51-0258, 16325,USAF,Military,-,-,-,-,-,Terceira-Lajes AFB,TER,LPLA,Portugal,7,0,0,0,-,-,-
19570510-0,Friday,10-MAY-1957,-,A1, Takeoff (TOF),"Terceira-Lajes AFB, Azores (LFB)",Portugal,7,0, Damaged beyond repair,-,Boeing KC-97F-50-BO Stratofreighter,-,-,-,-,-, 51-0254, 16321,USAF,Military,-,Terceira-Lajes Airport,TER,LPLA,Portugal,-,-,-,-,7,0,0,0,-,-,-
19570513-0,Monday,13-MAY-1957,03:35,A1, En route (ENR),111 km (69.4 mls) NW of Narsarsuaq,Greenland,3,2, Damaged beyond repair,-,Douglas C-54A-1-DO (DC-4),-,-,1943,-,-, N68736, 7449,US Overseas Airlines,Cargo, 736,Broughton Island Airport,YVM,CYVM,Canada,Narsarsuaq Airport,UAK,BGBW,Greenland,3,0,2,0,-,-,-
19570513-1,Monday,13-MAY-1957,-,A1, En route (ENR),"30 km (18.8 mls) SW of San Carlos de Bariloche, RN",Argentina,15,15, Damaged beyond repair,-,Vickers 615 Viking 1B,-,-,1946,-,-, T-3, 151,LADE,Military,-,Buenos Aires-Jorge Newbery Airport,AEP,SABE,Argentina,San Carlos de Bariloche International Airport,BRC,SAZS,Argentina,5,10,5,10,-,-,-
19570518-0,Saturday,18-MAY-1957,-,A1, Takeoff (TOF),"Salem Harbor, MA",United States of America,6,2, Damaged beyond repair,-,Grumman UF-1G Albatross,-,-,1953,-,-, 1278, G-287,US Coast Guard,Military,-,-,-,-,-,-,-,-,-,6,0,2,0,-,-,Preliminary
19570529-0,Wednesday,29-MAY-1957,-,A1, Takeoff (TOF),"0,15 km (0.1 mls) N off  Quonset Point NAS, RI (NCO)",United States of America,6,6, Destroyed, Written off (damaged beyond repair),Lockheed P2V-5 Neptune,-,-,-,-,-, 124905, 426-50,US Navy,Military,-,Quonset Point NAS,NCO,KOQU,United States of America,Quonset Point NAS,NCO,KOQU,United States of America,6,0,6,0,-,-,-
19570529-1,Wednesday,29-MAY-1957,-,A1, En route (ENR),near Aras de Alpuente,Spain,8,8, Damaged beyond repair,-,CASA 352 (Junkers Ju-52),-,-,-,-,-, T.2B-271, 162,Spanish AF,Military,-,Valencia-Manises Air Base,VLC,LEVC,Spain,-,-,-,-,-,-,-,-,-,-,-
19570603-0,Monday,03-JUN-1957,17:30,A1, Unknown (UNK),"near McGrath, AK",United States of America,9,2, Damaged beyond repair,-,Douglas C-47A-90-DL (DC-3),-,-,1944,-,-, 43-15995, 20461,USAF,Military,-,-,-,-,-,-,-,-,-,-,-,-,-,-,-,-
19570609-0,Sunday,09-JUN-1957,-,A1, Landing (LDG),Budapest-Ferihegy Airport (BUD),Hungary,-,0, Damaged beyond repair,-,Lisunov Li-2P,-,-,-,-,-, HA-LIM, 23441007,Malev,Unknown,-,Budapest-Ferihegy Airport,BUD,LHBP,Hungary,-,-,-,-,-,-,0,0,-,-,-
19570609-1,Sunday,09-JUN-1957,-,A1, Takeoff (TOF),Albertville Airport (FMI),Democratic Republic of the Congo,6,1, Damaged beyond repair,-,Douglas C-47B-1-DL (DC-3),2,Pratt & Whitney R-1830-90C,1944,-,-, KP-6/OT-CNW, 20884,Belgian AF,Military,-,Albertville Airport,FMI,FZRF,Democratic Republic of the Congo,-,-,-,-,6,0,1,0,-,-,-
19570611-1,Tuesday,11-JUN-1957,-,A1, Unknown (UNK),Adana,Turkey,5,5, Damaged beyond repair,-,Douglas C-47B-28-DK (DC-3),-,-,1945,-,-, 6043, 32711/15963,Turkish AF,Military,-,-,-,-,-,-,-,-,-,-,-,-,-,-,-,-
19570612-0,Wednesday,12-JUN-1957,-,A1, Approach (APR),Beihan Airport (BHN),Yemen,-,0, Damaged beyond repair,-,Vickers Valetta C.1,2,Bristol Hercules 230,1948,-,-, VW165, 335,RAF,Military,-,-,-,-,-,Beihan Airport,BHN,ODAB,Yemen,-,-,0,0,-,-,-
19570614-0,Friday,14-JUN-1957,23:10,A1, Approach (APR),near Moskva-Vnukovo Airport (VKO),Russia,13,9, Damaged beyond repair,-,Ilyushin Il-14P,-,-,1956,-,-, SP-LNF, 6341407,LOT,International Scheduled Passenger, 232,Warszawa-Okecie Airport,WAW,EPWA,Poland,Moskva-Vnukovo Airport,VKO,UUWW,Russia,5,8,4,5,-,-,-
19570616-0,Sunday,16-JUN-1957,-,A1, Landing (LDG),Kikori River,Papua New Guinea,2,0, Damaged beyond repair,-,Consolidated PBY-5A Catalina,-,-,-,-,-, VH-WWB, 1830,World Wide Air Services,Unknown,-,-,-,-,-,-,-,-,-,2,0,0,0,-,-,-
19570618-0,Tuesday,18-JUN-1957,10:20,A1, Maneuvering (MNV),off Romanshorn [Bodensee],Switzerland,9,9, Damaged beyond repair,-,Douglas C-47B-1-DL (DC-3),2,Pratt & Whitney R-1830-90C,1944,-,-, HB-IRK, 20737,Swissair,Training,-,Zürich-Kloten Airport,ZRH,LSZH,Switzerland,Zürich-Kloten Airport,ZRH,LSZH,Switzerland,9,0,9,0,-,-,-
19570619-0,Wednesday,19-JUN-1957,-,O1, Standing (STD),Panagarh,India,-,0, Damaged beyond repair,-,Curtiss C-46A-45-CU Commando,2,Pratt & Whitney R-2800-51,1944,-,-, 42-96685, 30347,Western Hemisphere Import Export Co.,-,-,-,-,-,-,-,-,-,-,-,-,0,0,-,-,-
19570619-1,Wednesday,19-JUN-1957,-,O1, Standing (STD),Panagarh Airport,India,0,0, Damaged beyond repair,-,Curtiss C-46A-55-CK Commando,2,Pratt & Whitney R-2800-51,1945,-,-, N8013E,   192,Western Hemisphere Import Export Co.,-,-,-,-,-,-,-,-,-,-,0,0,0,0,-,-,-
19570619-2,Wednesday,19-JUN-1957,-,A1, Approach (APR),Bouinane,Algeria,6,6, Damaged beyond repair,-,Nord 2501 Noratlas,2,Bristol Hercules 739,-,-,-, 68, 68,French AF,Military,-,-,-,-,-,-,-,-,-,6,0,6,0,-,-,-
19570621-0,Friday,21-JUN-1957,-,U1, Unknown (UNK),at an unknown location,Unknown country,-,-, Damaged beyond repair,-,de Havilland Canada DHC-3 Otter,-,-,1955,-,-, PI-C52,  70,Philippine Air Lines,Unknown,-,-,-,-,-,-,-,-,-,-,-,-,-,-,-,-
19570622-0,Saturday,22-JUN-1957,07:50,A1, En route (ENR),"near Clarksburg, MD",United States of America,3,3, Damaged beyond repair,-,Douglas C-47A-75-DL (DC-3),2,Pratt & Whitney R-1830-92,1944,-,-, N88835, 19448,Capital Airlines,Training,H-3,Washington-National Airport,DCA,KDCA,United States of America,Washington-National Airport,DCA,KDCA,United States of America,3,0,3,0,-,-,-
19570623-0,Sunday,23-JUN-1957,-,A1, Landing (LDG),"Port Hardy Airport, BC (YZT)",Canada,18,14, Damaged beyond repair,-,Douglas R4D-3 (DC-3),-,-,1942,-,-, CF-EPI, 7408,Queen Charlotte Airlines,Domestic Scheduled Passenger,-,Port Hardy Airport,YZT,CYZT,Canada,Vancouver International Airport,YVR,CYVR,Canada,3,15,2,12,-,-,-
19570624-0,Monday,24-JUN-1957,15:35,A1, Approach (APR),"2 km (1.3 mls) NW of Horn Island Airport, QLD (HID)",Australia,6,6, Destroyed, Written off (damaged beyond repair),Lockheed 414-56 Hudson IIIA,2,Wright R-1820-G205A,1941,-,-, VH-AGO, 6429,Adastra Airways,Domestic Non Scheduled Passenger,-,Horn Island Airport,HID,YHID,Australia,Horn Island Airport,HID,YHID,Australia,3,3,3,3,-,-,Final
19570624-1,Monday,24-JUN-1957,-,A1, Landing (LDG),"Cape Parry, NWT",Canada,2,0, Damaged beyond repair,-,Avro 685 York C.1,4,Rolls-Royce Merlin,1946,-,-, CF-HFP,-,Pacific Western,Cargo,-,-,-,-,-,-,-,-,-,2,0,0,0,-,-,-
19570625-1,Tuesday,25-JUN-1957,16:30,A1, Approach (APR),near Guarne,Colombia,2,2, Damaged beyond repair,-,Curtiss C-46D-10-CU Commando,-,-,1945,-,-, HK-513, 33210,SAM,Cargo,-,-,-,-,-,Medellín-Enrique Olaya Herrera Airport,EOH,SKMD,Colombia,2,0,2,0,-,-,-
19570627-0,Thursday,27-JUN-1957,-,A1, Unknown (UNK),at an unknown location,Unknown country,-,-, Damaged beyond repair,-,Douglas C-47D (DC-3),-,-,1944,-,-, 43-49494, 26755/15310,USAF,Military,-,-,-,-,-,-,-,-,-,-,-,-,-,-,-,-
19570628-0,Friday,28-JUN-1957,-,O1, Standing (STD),"Miami International Airport, FL (MIA)",United States of America,0,0, Damaged beyond repair,-,Lockheed L-1049 Super Constellation,-,-,1952,-,-, N6212C, 4012,Eastern Air Lines,-,-,-,-,-,-,-,-,-,-,0,0,0,0,-,-,-
19570628-1,Friday,28-JUN-1957,-,O1, Taxi (TXI),"Miami International Airport, FL (MIA)",United States of America,-,0, Damaged beyond repair,-,Douglas DC-7B,-,-,1955,-,-, N808D, 44859/614,Eastern Air Lines,Training,-,Miami International Airport,MIA,KMIA,United States of America,Miami International Airport,MIA,KMIA,United States of America,-,0,0,0,-,-,-
19570701-0,Monday,01-JUL-1957,-,A1, En route (ENR),off Charlakhi Island,Bangladesh,24,24, Damaged beyond repair,-,Douglas C-47A-10-DK (DC-3),2,Pratt & Whitney R-1830-92,1944,-,-, AP-AJS, 12501,PIA,Domestic Scheduled Passenger,-,Chittagong-Patenga Airport,CGP,VGEG,Bangladesh,Dhaka-Tejgaon Airport,DAC,VGTJ,Bangladesh,4,20,4,20,-,-,-
19570703-0,Wednesday,03-JUL-1957,-,A1, En route (ENR),"58 km (36.3 mls) from  Rupert House, QC",Canada,4,4, Destroyed, Written off (damaged beyond repair),Lockheed 414-56-11 Hudson,-,-,1943,-,-, CF-CRL, 7546,The Photographic Survey Co.,Domestic Non Scheduled Passenger,-,-,-,-,-,Val-dOr Airport,YVO,CYVO,Canada,2,2,2,2,-,-,Final
19570703-1,Wednesday,03-JUL-1957,06:22,A1, En route (ENR),30 km (18.8 mls) S of Stavropol,Russia,15,8, Damaged beyond repair,-,Lisunov Li-2,-,-,1950,-,8766.0, CCCP-L4825, 18434510,Aeroflot / Turkmenistan,Domestic Scheduled Passenger, 461,Mineralnye Vody Airport,MRV,URMM,Russia,Krasnodar Airport,KRR,URKK,Russia,3,12,0,8,-,-,-
19570703-2,Wednesday,03-JUL-1957,-,A1, En route (ENR),6 km (3.8 mls) from  Rio Martil,Spain,4,1, Damaged beyond repair,-,CASA 352 (Junkers Ju-52),-,-,-,-,-, T.2B-208, 99,Spanish AF,Military,-,-,-,-,-,-,-,-,-,4,0,1,0,-,-,-
19570708-1,Monday,08-JUL-1957,-,A1, Initial climb (ICL),"0,2 km (0.1 mls) from  Meco",Spain,-,0, Damaged beyond repair,-,Junkers Ju-52/3m,-,-,-,-,-, T.2B-...,-,Spanish AF,Military,-,-,-,-,-,-,-,-,-,-,-,0,0,-,-,-
19570710-0,Wednesday,10-JUL-1957,06:20,A1, En route (ENR),49 km (30.6 mls) from  Khartoum,Sudan,20,0, Damaged beyond repair,-,Lockheed L-749 Constellation (C-121A),-,-,1949,-,-, ET-T-35, 2608,Ethiopian Air Lines,International Scheduled Passenger,ET3,Khartoum-Civil Airport,KRT,HSSS,Sudan,-,-,-,-,6,14,0,0,-,-,-
19570710-1,Wednesday,10-JUL-1957,06:42,A1, Initial climb (ICL),"King Salmon Airport, AK (AKN)",United States of America,6,6, Damaged beyond repair,-,Lockheed 18-56-23 Lodestar,2,Wright R-1820-72,1943,-,4181.0, N45378, 18-2506,private,Executive,-,King Salmon Airport,AKN,PAKN,United States of America,-,-,-,-,2,4,2,4,-,-,Final
19570715-0,Monday,15-JUL-1957,-,A2, Landing (LDG),Barranquilla-Soledad Airport (BAQ),Colombia,2,0, Substantial, Repaired,Curtiss C-46D-5-CU Commando,-,-,1944,-,-, HK-400, 30622,Aerocondor de Colombia,Cargo,-,-,-,-,-,Barranquilla-Soledad Airport,BAQ,SKBQ,Colombia,2,0,0,0,-,-,-
19570716-0,Tuesday,16-JUL-1957,03:36,A1, En route (ENR),"1,2 km (0.8 mls) off  Biak-Mokmer Airport (BIK)",Indonesia,68,58, Destroyed, Written off (damaged beyond repair),Lockheed L-1049C-55-81 Super Constellation,4,Wright R-3350 (972TC18DA3),1953,-,11867.0, PH-LKT, 4504,KLM,International Scheduled Passenger,KL844,Biak-Mokmer Airport,BIK,WABB,Indonesia,Manila International Airport,MNL,RPLL,Philippines,9,59,9,49,-,-,Final
19570716-1,Tuesday,16-JUL-1957,-,A1, Unknown (UNK),near Hsinchu,Taiwan,16,16, Damaged beyond repair,-,Douglas C-47A-90-DL (DC-3),-,-,1944,-,-, 43-15867, 20333,USAF,Military,-,Angeles City-Clark Air Base,CRK,RPMK,Philippines,-,-,-,-,7,9,7,9,-,-,-
19570718-0,Thursday,18-JUL-1957,-,A1, Initial climb (ICL),"2,5 km (1.6 mls) off  Port Kent, NY",United States of America,8,5, Damaged beyond repair,-,Boeing KC-97G-28-BO Stratofreighter,-,-,-,-,-, 52-2737, 16768,USAF,Military,-,Plattsburgh AFB,PBG,KPBG,United States of America,-,-,-,-,8,0,5,0,-,-,-
19570718-1,Thursday,18-JUL-1957,-,A1, Landing (LDG),Sam Neua Airport (NEU),Laos,1,0, Damaged beyond repair,-,de Havilland Canada DHC-3 Otter,-,-,1956,-,1528.0, F-BHEK, 96,Aigle Azur Extrême Orient,Cargo,-,Vientiane-Wattay Airport,VTE,VLVT,Laos,Sam Neua Airport,NEU,VLSN,Laos,1,0,0,0,-,-,-
19570719-0,Friday,19-JUL-1957,14:43,A1, En route (ENR),Fiera di Primiero,Italy,11,11, Damaged beyond repair,-,Lockheed P2V-6 Neptune,-,-,-,-,-, 126535,-,US Navy,Military,-,Port Lyautey NAS,NNA,GMMY,Morocco,-,-,-,-,11,0,11,0,-,-,-
19570721-0,Sunday,21-JUL-1957,12:30,A1, En route (ENR),near Pinerolo,Italy,10,9, Damaged beyond repair,-,Lockheed P2V-7 Neptune,-,-,-,-,-, 140156, 726-7059,US Navy,Military,-,-,-,-,-,-,-,-,-,10,0,9,0,-,-,-
19570723-0,Tuesday,23-JUL-1957,-,A1, Approach (APR),"1,8 km (1.1 mls) off  Barbers Point NAS, HI (NAX)",United States of America,10,10, Damaged beyond repair,-,Lockheed P2V-5 Neptune,-,-,-,-,-, 128418, 426-5264,US Navy,Military,-,-,-,-,-,-,-,-,-,10,0,10,0,-,-,-
19570725-0,Thursday,25-JUL-1957,-,C2, En route (ENR),"over Daggett, CA",United States of America,16,1, Substantial, Repaired,Convair CV-240-1,-,-,1948,-,-, N8406H,  27,Western Air Lines,Domestic Scheduled Passenger,-,Las Vegas-McCarran International Airport,LAS,KLAS,United States of America,Los Angeles International Airport,LAX,KLAX,United States of America,3,13,0,1,-,-,-
19570725-1,Thursday,25-JUL-1957,15:45,A1, Takeoff (TOF),San Giorgio di Brunico,Italy,7,0, Damaged beyond repair,-,de Havilland Canada U-1A Otter (DHC-3),-,-,1957,-,-, 55-3326, 198,US Army,Military,-,-,-,-,-,-,-,-,-,-,-,0,0,-,-,-
19570807-0,Wednesday,07-AUG-1957,-,A1, Approach (APR),Magdagachi Airport (GDG),Russia,17,1, Damaged beyond repair,-,Ilyushin Il-12P,-,-,-,-,-, CCCP-L1828, 93013415,Aeroflot / Far East,Domestic Scheduled Passenger,-,-,-,-,-,Magdagachi Airport,GDG,UHBI,Russia,5,12,1,0,-,-,-
19570807-1,Wednesday,07-AUG-1957,-,A1, En route (ENR),"near Hickerson, KS",United States of America,4,0, Substantial,-,Lockheed P2V Neptune,-,-,-,-,-, registration unknown,-,US Navy,Military,-,-,-,-,-,-,-,-,-,4,0,0,0,-,-,-
19570808-0,Thursday,08-AUG-1957,-,A2, En route (ENR),"Hilo-General Lynham Field, HI (ITO)",United States of America,67,0, Substantial, Repaired,Boeing C-97 Stratofreighter,-,-,-,-,-, registration unknown,-,USAF,Military,-,Fairfield-Travis AFB,SUU,KSUU,United States of America,-,-,-,-,10,57,0,0,-,-,-
19570811-0,Sunday,11-AUG-1957,18:15,A1, En route (ENR),"7,2 km (4.5 mls) W of Issoudun, QC",Canada,79,79, Destroyed, Written off (damaged beyond repair),Douglas DC-4,-,-,1944,-,-, CF-MCF, 18374,Maritime Central Airways,Int'l Non Scheduled Passenger, 315,Keflavík International Airport,KEF,BIKF,Iceland,Goose Bay Airport,YYR,CYYR,Canada,6,73,6,73,-,-,Final
19570812-0,Monday,12-AUG-1957,-,A1, Unknown (UNK),Bizerte,Tunisia,11,11, Damaged beyond repair,-,Nord 2501 Noratlas,2,Bristol Hercules 739,-,-,-, 82/F-SDDX, 82,French AF,Military,-,-,-,-,-,-,-,-,-,-,-,-,-,-,-,-
19570812-1,Monday,12-AUG-1957,-,A1, Takeoff (TOF),Merauke-Mopah Airport (MKQ),Papua New Guinea,10,9, Damaged beyond repair,-,Martin PBM-5A Mariner,-,-,-,-,-, P-312,-,Dutch Navy,Military,-,Merauke-Mopah Airport,MKQ,WAKK,Indonesia,-,-,-,-,-,-,-,-,-,-,Preliminary
19570815-0,Thursday,15-AUG-1957,06:30,A1, Approach (APR),6 km (3.8 mls) NW of København-Kastrup Airport (CPH),Denmark,23,23, Destroyed, Written off (damaged beyond repair),Ilyushin Il-14P,-,-,1956,-,-, CCCP-L1874, 146000607,Aeroflot / Moscow,International Scheduled Passenger, 103,-,-,-,-,København-Kastrup Airport,CPH,EKCH,Denmark,5,18,5,18,-,-,-
19570816-0,Friday,16-AUG-1957,-,A1, En route (ENR),"0,5 km (0.3 mls) off  Cabarete",Dominican Republic,11,1, Damaged beyond repair,-,Lockheed L-1049G Super Constellation,-,-,1955,-,-, PP-VDA, 4610,Varig,Ferry/positioning,-,Ciudad Trujillo-General Andrews International Airport,SDQ,MDSD,Dominican Republic,Miami International Airport,MIA,KMIA,United States of America,11,0,1,0,-,-,-
19570817-0,Saturday,17-AUG-1957,20:02,A1, Approach (APR),Kiev,Ukraine,5,5, Damaged beyond repair,-,Ilyushin Il-14M,-,-,-,-,-, CCCP-L2071, 7342408,Aeroflot / Ukraine,Cargo,-,-,-,-,-,-,-,-,-,5,0,5,0,4,-,-
19570817-1,Saturday,17-AUG-1957,20:02,A1, Approach (APR),Kiev,Ukraine,4,4, Damaged beyond repair,-,Ilyushin Il-14D,-,-,-,-,-, CCCP-L1360, 147001432,Aeroflot / Ukraine,Training,-,-,-,-,-,-,-,-,-,4,0,4,0,5,6,-
19570820-0,Tuesday,20-AUG-1957,-,A1, Maneuvering (MNV),within Assam,India,8,8, Damaged beyond repair,-,Douglas C-53 (DC-3),-,-,1942,-,-, VT-ARH, 4851,Indamer,Cargo,-,-,-,-,-,-,-,-,-,8,0,8,0,-,-,-
19570821-0,Wednesday,21-AUG-1957,-,A1, Unknown (UNK),near Asunción,Paraguay,5,2, Damaged beyond repair,-,Consolidated PBY-5A Catalina,-,-,-,-,-, ZP-CBB, 1608,TAM Paraguay,Test,-,-,-,-,-,-,-,-,-,-,-,-,-,-,-,-
19570822-0,Thursday,22-AUG-1957,-,A1, Unknown (UNK),Perak,Malaysia,7,3, Damaged beyond repair,-,Vickers Valetta C.1,2,Bristol Hercules 230,1950,-,-, VX491,-,RAF,Military,-,-,-,-,-,-,-,-,-,-,-,-,-,-,-,-
19570822-1,Thursday,22-AUG-1957,-,A1, Initial climb (ICL),"near Brooklyn CGAS, NY",United States of America,6,4, Damaged beyond repair,-,Grumman HU-16E Albatross,-,-,-,-,-, 1259, G-106,US Coast Guard,Military,-,New York-Floyd Bennett Field,NOP,KNOP,United States of America,-,-,-,-,-,-,-,-,-,-,Preliminary
19570824-0,Saturday,24-AUG-1957,18:58,A1, En route (ENR),"1,5 km (0.9 mls) NW of Krumpendorf",Austria,3,3, Destroyed, Written off (damaged beyond repair),Lockheed 18 Learstar I,-,-,1943,-,8188.0, D-COCA, 18-2606,private,Cargo,-,Stuttgart-Echterdingen Airport,STR,EDDS,Germany,Klagenfurt Airport,KLU,LOWK,Austria,3,0,3,0,-,-,Final
19570827-0,Tuesday,27-AUG-1957,-,A1, En route (ENR),9 km (5.6 mls) S of Dishforth RAF Station,United Kingdom,4,3, Damaged beyond repair,-,Douglas Dakota IV (DC-3),2,Pratt & Whitney R-1830-90C,1945,-,-, KN649, 33341/16593,RAF,Military,-,-,-,-,-,-,-,-,-,4,0,3,0,-,-,-
19570828-2,Wednesday,28-AUG-1957,-,A1, Taxi (TXI),at an unknown location,South Africa,17,0, Substantial, Written off (damaged beyond repair),Short Sunderland GR.5,-,-,-,-,-, 1703,-,South African AF,Military,-,-,-,-,-,-,-,-,-,-,-,0,0,-,-,-
19570829-0,Thursday,29-AUG-1957,-,A1, Initial climb (ICL),near Juticalpa Airport (JUT),Honduras,12,12, Damaged beyond repair,-,Douglas C-47B-50-DK (DC-3),2,Pratt & Whitney R-1830-90C,1945,-,-, XH-SAF, 34406/17139,SAHSA,Domestic Scheduled Passenger,-,Juticalpa Airport,JUT,MHJU,Honduras,Catacamas Airport,CAA,MHCA,Honduras,3,9,3,9,-,-,-
19570830-0,Friday,30-AUG-1957,10:08,A1, Maneuvering (MNV),13 km (8.1 mls) off  Japen Island,Papua New Guinea,2,2, Damaged beyond repair,-,Scottish Aviation Twin Pioneer 1,2,Alvis Leonides 514,1957,-,-, JZ-PPX, 509,Kroonduif,Training,-,Biak-Mokmer Airport,BIK,WABB,Indonesia,Biak-Mokmer Airport,BIK,WABB,Indonesia,2,0,2,0,-,-,-
19570830-1,Friday,30-AUG-1957,07:59,A1, En route (ENR),"near Slovita, Lvov Region",Ukraine,7,7, Damaged beyond repair,-,Ilyushin Il-14D,-,-,-,-,-, CCCP-L1440, 147001520,Aeroflot / Ukraine,Cargo,-,-,-,-,-,-,-,-,-,5,2,5,2,-,-,-
19570831-0,Saturday,31-AUG-1957,01:45,A1, Approach (APR),"4 km (2.5 mls) NE of El Paso International Airport, TX (ELP)",United States of America,15,5, Damaged beyond repair,-,Douglas C-124C Globemaster II,4,Pratt & Whitney R-4360-20WA,-,-,-, 52-1021, 43930,USAF,Military,-,Savannah-Hunter AFB,SVN,KSVN,United States of America,El Paso International Airport,ELP,KELP,United States of America,-,-,-,-,-,-,-
19570831-1,Saturday,31-AUG-1957,-,O1, Standing (STD),Little America V,Antarctica,0,0, Damaged beyond repair,-,de Havilland Canada UC-1 Otter (DHC-3),-,-,1956,-,-, 142426, 78,US Navy,Military,-,-,-,-,-,-,-,-,-,0,0,0,0,-,-,-
19570901-0,Sunday,01-SEP-1957,05:30,A1, Landing (LDG),Calcutta-Dum Dum Airport (CCU),India,64,0, Damaged beyond repair,-,Handley Page HP.81 Hermes IVA,-,-,1948,-,-, G-AKFP, HP.81/1,Airwork,Domestic Non Scheduled Passenger,-,-,-,-,-,Calcutta-Dum Dum Airport,CCU,VECC,India,6,58,0,0,4,-,-
19570901-1,Sunday,01-SEP-1957,05:30,A1, Taxi (TXI),Calcutta-Dum Dum Airport (CCU),India,4,4, Destroyed, Written off (damaged beyond repair),Douglas C-47A-25-DK (DC-3),2,Pratt & Whitney R-1830-92,1944,-,-, VT-AUA, 13245,Indian Airlines,Cargo,-,Calcutta-Dum Dum Airport,CCU,VECC,India,Pasighat Airport,IXT,VEPG,India,4,0,4,0,-,-,-
19570903-0,Tuesday,03-SEP-1957,-,A1, En route (ENR),Niquitao,Venezuela,8,8, Damaged beyond repair,-,Douglas R4D-1 (DC-3),-,-,1942,-,-, YV-C-AVG, 4764,AVENSA,Domestic Non Scheduled Passenger,-,Caracas-Maiquetía Airport,CCS,SVMI,Venezuela,Barinas Airport,BNS,SVBI,Venezuela,3,5,3,5,-,-,-
19570904-0,Wednesday,04-SEP-1957,-,A1, Landing (LDG),"Binghamton Airport, NY (BGM)",United States of America,9,0, Damaged beyond repair,-,Douglas C-124A Globemaster II,4,Pratt & Whitney R-4360-20WA,-,-,-, 51-5173, 43583,USAF,Military,-,-,-,-,-,Binghamton Airport,BGM,KBGM,United States of America,9,0,0,0,-,-,-
19570905-0,Thursday,05-SEP-1957,-,A1, Landing (LDG),Ballykelly-RAF Station,United Kingdom,-,0, Damaged beyond repair,-,Avro Shackleton MR.1A,4,Rolls-Royce Griffon 57,1952,-,-, WB861,-,RAF,Military,-,-,-,-,-,-,-,-,-,-,-,0,0,-,-,-
19570911-0,Wednesday,11-SEP-1957,-,A1, Landing (LDG),Tetuan Airport (TTU),Morocco,-,0, Damaged beyond repair,-,Bristol 170 Freighter 21E,-,-,-,-,-, EC-AEH, 12786,Aviaco,Unknown,-,-,-,-,-,Tétouan Airport,TTU,GMTN,Morocco,-,-,0,0,-,-,-
19570913-0,Friday,13-SEP-1957,-,A1, Takeoff (TOF),McMurdo Station-Williams Field,Antarctica,-,0, Damaged beyond repair,-,Douglas R4D-6L (DC-3),-,-,1944,-,-, 17274, 25777/14332,US Navy,Military,-,-,-,-,-,-,-,-,-,-,-,0,0,-,-,-
19570914-0,Saturday,14-SEP-1957,-,A1, Landing (LDG),Gibraltar-North Front Airport (GIB),Gibraltar,-,0, Damaged beyond repair,-,Avro Shackleton MR.2,4,Rolls-Royce Griffon 57,1953,-,-, WL792,-,RAF,Military,-,-,-,-,-,Gibraltar-North Front Airport,GIB,LXGB,Gibraltar,-,-,0,0,-,-,-
19570915-0,Sunday,15-SEP-1957,20:46,A1, Approach (APR),"New Bedford, MA",United States of America,24,12, Damaged beyond repair,-,Douglas C-53-DO (DC-3),-,-,1942,-,-, N34417, 7337,Northeast Airlines,Domestic Scheduled Passenger, 285,Martha's Vineyard Airport,MVY,KMVY,United States of America,New Bedford Airport,EWB,KEWB,United States of America,3,21,2,10,-,-,-
19570918-0,Wednesday,18-SEP-1957,21:20,A1, Approach (APR),1 km (0.6 mls) N of Montevideo-Carrasco Airport (MVD),Uruguay,35,1, Damaged beyond repair,-,Convair CV-440-62,-,-,1957,-,-, PP-AQE, 456,REAL,International Scheduled Passenger,-,Porto Alegre Airport,POA,SBPA,Brazil,Montevideo-Carrasco Airport,MVD,SUMU,Uruguay,5,30,1,0,-,-,-
19570920-0,Friday,20-SEP-1957,-,A1, Unknown (UNK),5 km (3.1 mls) from  Panagarh,India,2,0, Damaged beyond repair,-,Curtiss C-46A-45-CU Commando,2,Pratt & Whitney R-2800-51,1944,-,-, PP-LEI, 27080,Western Hemisphere Import Export Co.,Ferry/positioning,-,-,-,-,-,-,-,-,-,2,0,0,0,-,-,-
19570920-1,Friday,20-SEP-1957,-,A1, En route (ENR),"Falstone, Northumberland",United Kingdom,5,5, Damaged beyond repair,-,Vickers Varsity T.1,2,Bristol Hercules 264,1953,-,-, WL640,-,RAF,Military,-,-,-,-,-,-,-,-,-,-,-,-,-,-,-,-
19570923-0,Monday,23-SEP-1957,-,A1, Unknown (UNK),"Alameda NAS, CA (NGZ)",United States of America,-,-, Damaged beyond repair,-,Lockheed P2V-7 Neptune  ,-,-,-,-,-, 135619, 726-7051,US Navy,Military,-,-,-,-,-,-,-,-,-,-,-,-,-,-,-,-
19570926-1,Thursday,26-SEP-1957,-,A1, Landing (LDG),Palma de Mallorca Airport (PMI),Spain,-,0, Damaged beyond repair,-,Vickers 610 Viking 1B,-,-,1947,-,-, D-ADEL, 226,Karl Herfurtner,Domestic Non Scheduled Passenger,-,Stuttgart-Echterdingen Airport,STR,EDDS,Germany,-,-,-,-,-,-,0,0,-,-,-
19570928-0,Saturday,28-SEP-1957,-,A1, Landing (LDG),Islay-Glenegedale Airport (ILY),United Kingdom,3,3, Damaged beyond repair,-,de Havilland DH-114 Heron 1B,-,-,1956,-,-, G-AOFY, 14099,BEA,Ambulance,-,Glasgow International Airport,GLA,EGPF,United Kingdom,Islay-Glenegedale Airport,ILY,EGPI,United Kingdom,3,0,3,0,-,-,-
19570930-0,Monday,30-SEP-1957,-,A1, Initial climb (ICL),Osaka-Itami Airport (ITM),Japan,57,0, Damaged beyond repair,-,Douglas DC-4-1009,-,-,1946,-,-, JA6011, 42982,JAL,Domestic Scheduled Passenger,-,Osaka-Itami Airport,ITM,RJOO,Japan,-,-,-,-,5,52,0,0,-,-,-
19571001-0,Tuesday,01-OCT-1957,-,A1, En route (ENR),"80 km (50 mls) from  Goose Bay, NL",Canada,3,0, Damaged beyond repair,-,Consolidated PBY-5A Catalina,-,-,1942,-,-, CF-HFL, 520,Eastern Provincial Airways,Cargo,-,-,-,-,-,Goose Bay Airport,YYR,CYYR,Canada,3,0,0,0,-,-,-
19571001-1,Tuesday,01-OCT-1957,18:55,A1, Approach (APR),3 km (1.9 mls) SE of Akshi,Russia,28,27, Destroyed, Written off (damaged beyond repair),Ilyushin Il-12P,-,-,1947,-,9996.0, CCCP-L1389, 30123,Aeroflot / East Siberia,Domestic Scheduled Passenger, 11,Irkutsk Airport,IKT,UIII,Russia,Chita Airport,HTA,UIAA,Russia,5,23,5,22,-,-,-
19571002-0,Wednesday,02-OCT-1957,-,A1, Initial climb (ICL),5 km (3.1 mls) N off  Iwo Jima Air Base (IWO),Japan,13,0, Damaged beyond repair,-,Douglas C-47A-80-DL (DC-3),-,-,1944,-,-, 43-15209, 19675,USAF,Military,-,Iwo Jima Air Base,IWO,RJAW,Japan,-,-,-,-,-,-,0,0,-,-,-
19571003-0,Thursday,03-OCT-1957,01:55,A1, En route (ENR),ca 18 km off Beirut International Airport (BEY),Lebanon,27,27, Damaged beyond repair,-,Curtiss C-46A-45-CU Commando,2,Pratt & Whitney R-2800-51,1944,-,-, OD-ACK, 30249,Lebanese International,International Scheduled Passenger,-,Beirut International Airport,BEY,OLBA,Lebanon,Kuwait International Airport,KWI,OKBK,Kuwait,4,23,4,23,-,-,-
19571003-1,Thursday,03-OCT-1957,-,A1, En route (ENR),Chukotka,Russia,-,0, Damaged beyond repair,-,Antonov An-2,-,-,-,-,-, CCCP-N567, 10947304,Polyarnaya Aviatsiya,Survey/research,-,-,-,-,-,-,-,-,-,-,-,0,0,-,-,-
19571004-0,Friday,04-OCT-1957,13:52,A1, Unknown (UNK),"100 km (62.5 mls) NNW of Fort McMurray, AB",Canada,2,0, Damaged beyond repair,-,Douglas C-47A-30-DK (DC-3C),-,-,1944,-,-, CF-DGJ, 25454/14009,Eldorado Aviation,Unknown,-,Edmonton Municipal Airport,YXD,CYXD,Canada,Fort Smith Airport,YSM,CYSM,Canada,2,0,0,0,-,-,-
19571004-1,Friday,04-OCT-1957,-,A1, Unknown (UNK),at an unknown location,Unknown country,-,-, Damaged beyond repair,-,Douglas C-47D (DC-3),-,-,1944,-,-, 43-48520, 25781/14336,USAF,Military,-,-,-,-,-,-,-,-,-,-,-,-,-,-,-,-
19571006-0,Sunday,06-OCT-1957,16:55,A1, En route (ENR),"11 km (6.9 mls) E of Uniontown, PA",United States of America,6,6, Damaged beyond repair,-,Lockheed 18-56-23 Lodestar,2,Wright R-1820-72WA,1943,-,4608.0, N80G, 18-2351,Standard Oil Company,Executive,-,Hot Springs-Ingalls Field,HSP,KHSP,United States of America,Johnstown Airport,JST,KJST,United States of America,2,4,2,4,-,-,Final
19571008-0,Tuesday,08-OCT-1957,-,A1, Landing (LDG),Taraif,Saudi Arabia,-,0, Damaged beyond repair,-,Bristol 170 Freighter 21E,-,-,-,-,-, HZ-AAC, 12772,Saudi Arabian,Unknown,-,-,-,-,-,-,-,-,-,-,-,0,0,-,-,-
19571010-0,Thursday,10-OCT-1957,-,A1, Unknown (UNK),unknown,Unknown country,-,-, Damaged beyond repair,-,Douglas C-47A-30-DK (DC-3),-,-,1944,-,-, 43-48006, 25267/13822,USAF,Military,-,-,-,-,-,-,-,-,-,-,-,-,-,-,-,-
19571010-1,Thursday,10-OCT-1957,-,A1, Unknown (UNK),"near Kodiak NAS, AK (ADQ) ?",United States of America,-,-, Damaged beyond repair,-,Lockheed P2V-7 Neptune  ,-,-,-,-,-, 135566, 726-7022,US Navy,Military,-,-,-,-,-,-,-,-,-,-,-,-,-,-,-,-
19571011-0,Friday,11-OCT-1957,-,A1, Initial climb (ICL),Sunahawa,Japan,4,0, Damaged beyond repair,-,Douglas C-47A-20-DK (DC-3),2,Pratt & Whitney R-1830-92,1944,-,-, L2-2/90, 12913,Thai AF,Military,-,-,-,-,-,-,-,-,-,4,0,0,0,-,-,Preliminary
19571011-1,Friday,11-OCT-1957,-,A1, Landing (LDG),Valkenburg Air Base (LID),Netherlands,5,0, Damaged beyond repair,-,Martin PBM-5A Mariner,-,-,-,-,-, P-307,-,Dutch Navy,Military,-,Valkenburg Air Base,LID,EHVB,Netherlands,Valkenburg Air Base,LID,EHVB,Netherlands,5,0,0,0,-,-,-
19571011-2,Friday,11-OCT-1957,-,A1, Unknown (UNK),"near Butler, MO",United States of America,9,0, Damaged beyond repair,-,Douglas C-47A-20-DK (DC-3),-,-,1944,-,-, 42-92939, 12795,USAF,Military,-,Topeka-Forbes AFB,FOE,KFOE,United States of America,-,-,-,-,-,-,0,0,-,-,-
19571012-2,Saturday,12-OCT-1957,-,A1, Unknown (UNK),"Cafayate, SA",Argentina,-,0, Damaged beyond repair,-,Junkers Ju-52/3msai,-,-,1935,-,-, T-153, 4078,Argentine AF,Military,-,-,-,-,-,-,-,-,-,-,-,0,0,-,-,-
19571018-0,Friday,18-OCT-1957,-,A1, Takeoff (TOF),"Porto Alegre-Salgado Filho International Airport, RS (POA)",Brazil,3,3, Damaged beyond repair,-,Douglas C-47A-80-DL (DC-3),2,Pratt & Whitney R-1830-92,1944,-,-, PP-VCS, 19757,Varig,Cargo,-,Porto Alegre-Salgado Filho International Airport,POA,SBPA,Brazil,São Paulo-Congonhas Airport,CGH,SBSP,Brazil,3,0,3,0,-,-,-
19571020-0,Sunday,20-OCT-1957,-,A1, Landing (LDG),Johannesburg International Airport (JNB),South Africa,10,0, Damaged beyond repair,-,Vickers 806 Viscount,-,-,1957,-,-, G-AOYF, 255,Vickers-Armstrongs,Test,-,Johannesburg International Airport,JNB,FAJS,South Africa,Johannesburg International Airport,JNB,FAJS,South Africa,10,0,0,0,-,-,-
19571020-1,Sunday,20-OCT-1957,07:00,A1, En route (ENR),Bideford,New Zealand,2,2, Damaged beyond repair,-,Lockheed 18-56-23 Lodestar,2,Wright R-1820-G202A,1943,-,2898.0, ZK-BMC, 18-2553,Fieldair,Agricultural,-,Masterton Airport,MRO,NZMS,New Zealand,Masterton Airport,MRO,NZMS,New Zealand,1,1,1,1,-,-,Final
19571021-0,Monday,21-OCT-1957,-,A1, Landing (LDG),2 km (1.3 mls) SSW of Colerne RAF Station,United Kingdom,5,0, Damaged beyond repair,-,Handley Page Hastings C.1,-,-,-,-,-, TG615, HP67/93,RAF,Military,-,-,-,-,-,-,-,-,-,-,-,0,0,-,-,-
19571022-0,Tuesday,22-OCT-1957,-,A1, Unknown (UNK),near Oran,Algeria,8,8, Damaged beyond repair,-,Lockheed P2V-6 Neptune,-,-,-,-,-, 126539, 6026,French Navy,Military,-,-,-,-,-,-,-,-,-,8,0,8,0,-,-,-
19571023-0,Wednesday,23-OCT-1957,16:51,A1, Approach (APR),Belfast-Nutts Corner,United Kingdom,7,7, Damaged beyond repair,-,Vickers 802 Viscount,-,-,1956,-,-, G-AOJA, 150,BEA,Domestic Non Scheduled Passenger,-,London Airport,LHR,EGLL,United Kingdom,-,-,-,-,5,2,5,2,-,-,-
19571026-0,Saturday,26-OCT-1957,-,A1, Landing (LDG),San Sebastián-Fuenterrabia Airport (EAS),Spain,22,0, Damaged beyond repair,-,de Havilland DH-114 Heron 2D,-,-,1957,-,-, EC-AOA, 14120,Aviaco,Domestic Scheduled Passenger,-,Madrid-Barajas Airport,MAD,LEMD,Spain,San Sebastián-Fuenterrabia Airport,EAS,LESO,Spain,5,17,0,0,-,-,-
19571027-0,Sunday,27-OCT-1957,-,A1, Approach (APR),North Pole drifting ice station SP-7,Arctic Ocean,6,1, Damaged beyond repair,-,Ilyushin Il-12P,-,-,-,-,-, CCCP-N442, 30060,Aeroflot / Polar,Cargo,-,-,-,-,-,-,-,-,-,6,0,1,0,-,-,-
19571028-0,Monday,28-OCT-1957,18:05,A1, En route (ENR),near Getafe,Spain,21,21, Damaged beyond repair,-,Douglas C-47A-75-DL (DC-3),2,Pratt & Whitney R-1830-92,1943,-,-, EC-ACH, 19332,Iberia,International Scheduled Passenger,-,Tangier Airport,TNG,GMTT,Morocco,Madrid-Barajas Airport,MAD,LEMD,Spain,4,17,4,17,-,-,-
19571028-1,Monday,28-OCT-1957,-,A1, En route (ENR),5 km (3.1 mls) from  Mérida Airport (MID),Mexico,3,3, Damaged beyond repair,-,Fairchild C-82A-FA Packet,-,-,1947,-,-, XA-LIW, 10093,TAMSA,Test,-,Mérida-Rejon Airport,MID,MMMD,Mexico,Mérida-Rejon Airport,MID,MMMD,Mexico,3,0,3,0,-,-,-
19571029-0,Tuesday,29-OCT-1957,08:30,A1, En route (ENR),"56 km (35 mls) N of Flagstaff, AZ",United States of America,16,16, Damaged beyond repair,-,Boeing KC-97G-27-BO Stratofreighter,4,Pratt & Whitney R-4360-59,-,-,-, 52-2711, 16742,USAF,Military,-,-,-,-,-,-,-,-,-,-,-,-,-,-,-,-
19571030-0,Wednesday,30-OCT-1957,-,U1, Unknown (UNK),at an unknown location,United Kingdom,-,-, Damaged beyond repair,-,Handley Page Marathon T.2,-,-,-,-,-, XA256, 108,RAF,Military,-,-,-,-,-,-,-,-,-,-,-,-,-,-,-,-
19571102-0,Saturday,02-NOV-1957,-,O1, Unknown (UNK),Toulouse,France,0,0, Damaged beyond repair,-,Douglas C-54-DO (DC-4),-,-,1943,-,-, F-BHKY, 3055,Air France,Unknown,-,-,-,-,-,-,-,-,-,0,0,0,0,-,-,-
19571102-1,Saturday,02-NOV-1957,-,A1, Landing (LDG),Karachi International Airport (KHI),Pakistan,27,0, Damaged beyond repair,-,Vickers 610 Viking 1B,-,-,1947,-,-, CR-IAD, 215,TAIP,International Scheduled Passenger,-,Goa-Dabolim Airport,GOI,VAGO,India,Karachi International Airport,KHI,OPKC,Pakistan,3,24,0,0,-,-,-
19571102-2,Saturday,02-NOV-1957,-,A1, Landing (LDG),"Guernsey Airport, Channel Islands (GCI)",United Kingdom,-,0, Damaged beyond repair,-,Vickers Valetta T.3,-,-,1952,-,-, WJ470, 595,RAF,Military,-,-,-,-,-,Guernsey Airport,GCI,EGJB,United Kingdom,-,-,0,0,-,-,-
19571103-0,Sunday,03-NOV-1957,07:03,A1, Initial climb (ICL),"4,5 km (2.8 mls) S of Düsseldorf Airport (DUS)",Germany,10,6, Damaged beyond repair,-,Douglas C-54A-1-DO (DC-4),-,-,1944,-,-, D-ALAF, 7459,Karl Herfurtner,Int'l Non Scheduled Passenger,-,Düsseldorf Airport,DUS,EDDL,Germany,Reykjavík Domestic Airport,RKV,BIRK,Iceland,7,3,-,-,-,1,-
19571104-0,Monday,04-NOV-1957,-,A1, Approach (APR),Moskva-Vnukovo Airport (VKO),Russia,16,4, Damaged beyond repair,-,Ilyushin Il-14P,-,-,1956,-,-, YR-PCC, 146001010,Romanian Government,Official state flight,-,-,-,-,-,Moskva-Vnukovo Airport,VKO,UUWW,Russia,6,10,3,1,-,-,-
19571104-1,Monday,04-NOV-1957,15:50,A1, En route (ENR),"off Praia da Baleia, São Sebastião, SP",Brazil,34,0, Damaged beyond repair,-,Douglas C-54A-5-DO (DC-4),-,-,1944,-,-, PP-AXS, 7467,REAL,Domestic Scheduled Passenger,A800,São Paulo-Congonhas Airport,CGH,SBSP,Brazil,Rio de Janeiro-Galeão International Airport,GIG,SBGL,Brazil,4,30,0,0,-,-,-
19571104-2,Monday,04-NOV-1957,19:16,A2, Initial climb (ICL),"3 km (1.9 mls) E off  Sydney-Kingsford Smith International Airport, NSW (SYD)",Australia,27,0, Substantial, Repaired,Douglas C-47-DL (DC-3),-,-,1942,-,-, VH-EWF, 6007,East West Airlines,Domestic Scheduled Passenger,-,Sydney-Kingsford Smith International Airport,SYD,YSSY,Australia,Tamworth Airport,TMW,YSTW,Australia,3,24,0,0,-,-,Final
19571106-0,Wednesday,06-NOV-1957,-,A1, Approach (APR),Downend,United Kingdom,15,15, Destroyed, Written off (damaged beyond repair),Bristol 175 Britannia 301,-,-,1956,268.0,721.0, G-ANCA, 12917,UK Ministry of Supply,Training,-,Filton Airport,FZO,EGTG,United Kingdom,Filton Airport,FZO,EGTG,United Kingdom,4,11,4,11,-,-,-
19571106-1,Wednesday,06-NOV-1957,11:35,A1, Unknown (UNK),Guatemala City,Guatemala,2,0, Damaged beyond repair,-,Curtiss C-46A-50-CU Commando,2,Pratt & Whitney R-2800-51,1944,-,-, N10425, 30525,Aerovias Sud Americana,Cargo,-,Guatemala City-La Aurora Airport,GUA,MGGT,Guatemala,-,-,-,-,2,0,0,0,-,2,-
19571108-0,Friday,08-NOV-1957,01:27,A1, En route (ENR),"1500 km (937.5 mls) E of Honolulu, HI",Pacific Ocean,44,44, Destroyed, Written off (damaged beyond repair),Boeing 377 Stratocruiser 10-29,4,Pratt & Whitney R-4360-B6,1949,-,-, N90944, 15960/40,Pan Am,Domestic Scheduled Passenger,PA7,San Francisco International Airport,SFO,KSFO,United States of America,Honolulu International Airport,HNL,PHNL,United States of America,8,36,8,36,-,-,Final
19571114-0,Thursday,14-NOV-1957,15:30,A1, Landing (LDG),"Massena-Richards Field, NY (MSS)",United States of America,5,0, Damaged beyond repair,-,Martin 4-0-4,-,-,-,-,-, N492A, 14240,Eastern Air Lines,Domestic Scheduled Passenger,  18,-,-,-,-,Massena-Richards Field,MSS,KMSS,United States of America,3,2,0,0,-,-,-
19571115-0,Friday,15-NOV-1957,20:08,A1, En route (ENR),"14,5 km (9.1 mls) WNW of Son Bonet Airport Airport",Spain,4,4, Damaged beyond repair,-,de Havilland DH-114 Heron 2D,-,-,1957,-,465.0, EC-ANZ, 14117,Aviaco,Domestic Scheduled Passenger,-,Barcelona-El Prat Airport,BCN,LEBL,Spain,-,-,-,-,2,2,2,2,-,-,-
19571115-1,Friday,15-NOV-1957,22:55,A1, Approach (APR),Chessel Down,United Kingdom,58,45, Damaged beyond repair,-,Shorts S.45 Solent 3,-,-,-,-,-, G-AKNU, S.1299,Aquila Airways,International Scheduled Passenger,-,-,-,-,-,Lisboa-Portela de Sacavém Airport,LIS,LPPT,Portugal,8,50,8,37,-,-,Final
19571116-0,Saturday,16-NOV-1957,-,U1, Unknown (UNK),at an unknown location,Unknown country,-,-, Damaged beyond repair,-,Handley Page Marathon T.2,-,-,-,-,-, XA251, 103,RAF,Military,-,-,-,-,-,-,-,-,-,-,-,-,-,-,-,-
19571117-0,Sunday,17-NOV-1957,04:03,A1, En route (ENR),near Ballerup,Denmark,2,0, Damaged beyond repair,-,Vickers 802 Viscount,-,-,1957,-,-, G-AOHP, 165,BEA,Cargo,-,London Airport,LHR,EGLL,United Kingdom,København-Kastrup Airport,CPH,EKCH,Denmark,2,0,0,0,-,-,-
19571121-0,Thursday,21-NOV-1957,11:33,A1, En route (ENR),Christchurch,New Zealand,4,4, Damaged beyond repair,-,Bristol 170 Freighter 31,-,-,-,12964.0,7898.0, ZK-AYH, 12828,Straits Air Freight Express,Cargo,-,Paraparaumu Airport,PPQ,NZPP,New Zealand,Timaru Airport,TIU,NZTU,New Zealand,2,2,2,2,-,-,Final
19571122-0,Friday,22-NOV-1957,11:10,A1, Landing (LDG),off Middelharnis [Haringvliet],Netherlands,7,0, Damaged beyond repair,-,Martin PBM-5A Mariner,-,-,-,-,-, P-305,-,Dutch Navy,Military,-,-,-,-,-,-,-,-,-,7,0,0,0,-,-,-
19571123-0,Saturday,23-NOV-1957,20:00,A1, Approach (APR),"NW of Gustavus Airport, AK (GST)",United States of America,11,4, Damaged beyond repair,-,Douglas C-47D (DC-3),2,Pratt & Whitney R-1830-90C,1944,-,-, 43-49403, 26664/15219,Air National Guard,Military,-,Tacoma-McChord AFB,TCM,KTCM,United States of America,Annette Island Airport,ANN,PANT,United States of America,4,7,4,0,-,-,-
