identifiant,week_day,date,time,type_event,phase,location,country,total_occupants,total_fatalities,aircraft_damage,aircraft_fate,type_aircraft,number_engines,type_engines,first_flight,cycles,total_airframe_hours,registration,c_n_msn,operator,nature,flight_number,departure_airport_name,departure_airport_IATA,departure_airport_ICAO,departure_airport_country,destination_airport_name,destination_airport_IATA,destination_airport_ICAO,destination_airport_country,crew_number,passengers_number,crew_fatalities,passengers_fatalities,collision_casualties,ground_casualties,status
20070101-0,Monday,01-JAN-2007,14:59,A1, En route (ENR),85 km (53.1 mls) W off  Pambauang,Indonesia,102,102, Destroyed, Written off (damaged beyond repair),Boeing 737-4Q8,2,CFMI CFM56-3C1,1989,26725.0,45371.0, PK-KKW, 24070/1665,AdamAir,Domestic Scheduled Passenger, 574,Surabaya-Juanda Airport,SUB,WARR,Indonesia,Manado-Sam Ratulangi Airport,MDC,WAMM,Indonesia,6,96,6,96,-,-,Final
20070107-0,Sunday,07-JAN-2007,20:02,A1, Approach (APR),"Sandy Bay Airport, SK",Canada,4,1, Destroyed, Written off (damaged beyond repair),Beechcraft A100 King Air,2,Pratt & Whitney Canada PT6A-28,1974,-,17066.0, C-GFFN, B-190,Transwest Air,Ambulance, 350,La Ronge Airport,YVC,CYVC,Canada,-,-,-,-,2,2,1,0,-,-,Final
20070109-0,Tuesday,09-JAN-2007,-,A1, Approach (APR),near Balad Air Base,Iraq,35,34, Destroyed, Written off (damaged beyond repair),Antonov An-26B-100,2,Ivchenko AI-24VT,1981,-,-, ER-26068, 11308,Aeriantur-M Airlines,Int'l Non Scheduled Passenger,-,Adana Airport,ADA,LTAF,Turkey,-,-,-,-,5,30,5,29,-,-,Preliminary
20070109-1,Tuesday,09-JAN-2007,23:23,A1, Approach (APR),30 km (18.8 mls) E of Guadalajara-Miguel Hidal Airport (GDL),Mexico,2,2, Destroyed, Written off (damaged beyond repair),Learjet 24F,2,General Electric CJ610-6,1977,-,-, N444TW, 24-348,Ameristar Jet Charter,Cargo, 878,Laredo International Airport,LRD,KLRD,United States of America,Guadalajara-Don Miguel Hidalgo y Costilla International Airport,GDL,MMGL,Mexico,2,0,2,0,-,-,Preliminary - official
20070109-2,Tuesday,09-JAN-2007,11:33,A1, Landing (LDG),"Fort St. John Airport, BC (YXJ)",Canada,12,0, Damaged beyond repair,-,British Aerospace 3112 Jetstream 31,2,Garrett TPE331-10UG-513H,1988,-,-, C-FBIP, 820,Peace Air,Domestic Scheduled Passenger, 905,Grande Prairie Airport,YQU,CYQU,Canada,Fort St. John Airport,YXJ,CYXJ,Canada,2,10,0,0,-,-,Final
20070110-0,Wednesday,10-JAN-2007,03:30,A1, En route (ENR),"near Columbus, OH",United States of America,2,0, Damaged beyond repair,-,Learjet 35A,2,Garrett TFE731-2-2B,1979,-,-, N40AN, 35A-271,AirNet Systems,Cargo,-,Jacksonville International Airport,JAX,KJAX,United States of America,-,-,-,-,2,0,0,0,-,-,Final
20070111-0,Thursday,11-JAN-2007,23:50,A2, Landing (LDG),Sangata-Tanjung Bara Airport,Indonesia,13,0, Substantial, Repaired,CASA/IPTN NC-212 Aviocar 200,2,Garrett TPE331,1992,11969.0,9383.0, PK-BRM, 412/92N,Aviastar Mandiri,Domestic Non Scheduled Passenger,-,Balikpapan-Sepingan Airport,BPN,WALL,Indonesia,-,-,-,-,3,10,0,0,-,-,Final
20070112-0,Friday,12-JAN-2007,11:07,A1, Initial climb (ICL),"Los Angeles-Van Nuys Airport, CA (VNY)",United States of America,2,2, Destroyed, Written off (damaged beyond repair),Cessna 525 CitationJet,2,Williams International FJ44-1A,1996,-,3001.0, N77215, 525-0149,SunQuest,Ferry/positioning,-,Los Angeles-Van Nuys Airport,VNY,KVNY,United States of America,Long Beach Municipal Airport,LGB,KLGB,United States of America,2,0,2,0,-,-,Final
20070113-0,Saturday,13-JAN-2007,05:52,A1, Landing (LDG),Kuching Airport (KCH),Malaysia,4,0, Damaged beyond repair,-,Boeing 737-230C,2,Pratt & Whitney JT8D-9A (HK3),1970,-,-, PK-RPX, 20256/238,RPX Airlines,Cargo,-,Kuala Lumpur International Airport,KUL,WMKK,Malaysia,Kuching Airport,KCH,WBGG,Malaysia,4,0,0,0,-,-,Preliminary
20070117-0,Wednesday,17-JAN-2007,15:50,A1, En route (ENR),"8 km (5 mls) W of Nenana, AK",United States of America,2,0, Damaged beyond repair,-,Douglas C-54G,4,Pratt & Whitney R-2000-7M2,1945,-,28933.0, N82FA, 35960/354,Brooks Air Fuel,Cargo,-,Fairbanks International Airport,FAI,PAFA,United States of America,-,-,-,-,2,0,0,0,-,-,Final
20070118-0,Thursday,18-JAN-2007,-,O1, Standing (STD),Jelenia Góra Airport,Poland,0,0, Substantial, Written off (damaged beyond repair),Antonov An-2T,-,-,-,-,-, SP-FIN, 1G89-57,private,-,-,-,-,-,-,-,-,-,-,0,0,0,0,-,-,-
20070118-1,Thursday,18-JAN-2007,-,O2, Standing (STD),Jelenia Góra Airport,Poland,0,0, Substantial, Repaired,Antonov An-2TP,1,Shvetsov ASh-62IR,1988,-,-, SP-AOA, 1G233-21,Aeroklub Jeleniogórski,-,-,-,-,-,-,-,-,-,-,0,0,0,0,-,-,-
20070118-2,Thursday,18-JAN-2007,-,O1, Standing (STD),Coventry-Baginton Airport (CVT),United Kingdom,0,0, Damaged beyond repair,-,Fokker F-27 Friendship 500RF,2,Rolls-Royce Dart 532-7,1982,-,-, TC-MBE, 10639,MNG Airlines,-,-,-,-,-,-,-,-,-,-,0,0,0,0,-,-,-
20070122-0,Monday,22-JAN-2007,-,H2, En route (ENR),Johannesburg-O.R. Tambo International Airport (JNB),South Africa,27,0, None,-,ATR 42-500 ?,-,-,-,-,-, registration unknown,-,Air Botswana,International Scheduled Passenger, 201,Gaborone-Sir Seretse Khama International Airport,GBE,FBSK,Botswana,Johannesburg-O.R. Tambo International Airport,JNB,FAOR,South Africa,4,23,0,0,-,-,-
20070124-0,Wednesday,24-JAN-2007,-,H2, En route (ENR),N'Djamena Airport (NDJ),Chad,103,0, None,-,Boeing 737-200,-,-,-,-,-, ST-SDA ?,-,Air West,Domestic Scheduled Passenger, 612,Khartoum-Civil Airport,KRT,HSSS,Sudan,El Fasher Airport,ELF,HSFS,Sudan,8,95,0,0,-,-,-
20070124-1,Wednesday,24-JAN-2007,09:05,A1, Landing (LDG),"Butler County/K. W. Scholter Field Airport, PA (BTP)",United States of America,4,0, Damaged beyond repair,-,Cessna 550 Citation II,2,Pratt & Whitney Canada JT15D-4,1983,-,10730.0, N492AT, 550-0472,Air Trek,Ambulance,-,Winchester Municipal Airport,WGO,KOKV,United States of America,Butler County/K. W. Scholter Field Airport,BTP,KBTP,United States of America,2,2,0,0,-,-,Final
20070124-2,Wednesday,24-JAN-2007,20:00,A1, Taxi (TXI),"Milwaukee-General Mitchell Airport, WI (MKE)",United States of America,1,0, Substantial, Written off (damaged beyond repair),Beechcraft 99A Airliner,2,Pratt & Whitney Canada PT6A-28,1969,-,-, N699CZ, U-133,Freight Runners Express,Cargo,1509,Stevens Point Airport,STE,KSTE,United States of America,Milwaukee-General Mitchell Airport,MKE,KMKE,United States of America,1,0,0,0,-,-,Final
20070124-3,Wednesday,24-JAN-2007,15:06,A2, Landing (LDG),Barcelona Airport (BCN),Spain,44,0, Substantial, Repaired,Canadair CL-600-2B19 Regional Jet CRJ-200ER,2,General Electric CF34-3B1,2001,11776.0,14643.0, EC-IBM, 7591,Air Nostrum,Domestic Scheduled Passenger,8665,Valladolid Airport,VLL,LEVD,Spain,Barcelona-El Prat Airport,BCN,LEBL,Spain,4,40,0,0,-,-,Final
20070125-0,Thursday,25-JAN-2007,11:24,A1, Takeoff (TOF),Pau-Uzein Airport (PUF),France,54,0, Substantial, Written off (damaged beyond repair),Fokker 100,2,Rolls-Royce Tay 620-15,1991,34886.0,28586.0, F-GMPG, 11362,Régional,Domestic Scheduled Passenger,7775,Pau-Uzein Airport,PUF,LFBP,France,Paris-Charles de Gaulle Airport,CDG,LFPG,France,4,50,0,0,-,1,Final
20070125-1,Thursday,25-JAN-2007,16:50,A2, En route (ENR),"near Woodland Park, CO",United States of America,54,0, Minor, Repaired,Canadair CL-600-2B19 Regional Jet CRJ-200LR,2,General Electric CF34-3B1,1999,15438.0,19629.0, N17337, 7337,America West Express,Domestic Scheduled Passenger,2985,Denver International Airport,DEN,KDEN,United States of America,Phoenix-Sky Harbor International Airport,PHX,KPHX,United States of America,4,50,0,0,-,-,Final
20070125-2,Thursday,25-JAN-2007,16:01,A2, Landing (LDG),St. Moritz-Samedan Airport (SMV),Switzerland,15,0, Substantial, Repaired,Beechcraft 1900D,2,Pratt & Whitney Canada PT6A-67D,1999,-,3338.0, F-HALS, UE-379,Alsair,International Scheduled Passenger, 011,Paris-Le Bourget Airport,LBG,LFPB,France,St. Moritz-Samedan Airport,SMV,LSZS,Switzerland,2,13,0,0,-,-,Final
20070202-0,Friday,02-FEB-2007,09:30,A1, En route (ENR),"near Cape Girardeau Airport, MO (CGI)",United States of America,2,0, Damaged beyond repair,-,Beechcraft B200 King Air,2,Pratt & Whitney Canada PT6A-42,1998,-,1834.0, N777AJ, BB-1638,Horizon Timber Services,Ferry/positioning,-,Rogers Municipal Airport-Carter Field,ROG,KROG,United States of America,Staunton-Shenandoah Valley Airport,SHD,KSHD,United States of America,2,0,0,0,-,-,Final
20070203-0,Saturday,03-FEB-2007,-,A1, Unknown (UNK),Yahurabila,Nicaragua,-,0, Damaged beyond repair,-,Beechcraft 300 Super King Air,-,-,-,-,-, registration unknown,-,Unknown,Illegal Flight,-,-,-,-,-,-,-,-,-,-,-,0,0,-,-,-
20070204-0,Sunday,04-FEB-2007,22:55,A1, Landing (LDG),"Miami International Airport, FL (MIA)",United States of America,3,0, Minor, Written off (damaged beyond repair),McDonnell Douglas DC-8-71F,4,CFMI CFM56-2C1,1968,-,-, HK-4277, 45976/372,TAMPA Colombia,Cargo, 724,Rionegro/Medellín-José María Córdova Airport,MDE,SKRG,Colombia,Miami International Airport,MIA,KMIA,United States of America,3,0,0,0,-,-,Final
20070204-1,Sunday,04-FEB-2007,-,O1, Standing (STD),Narsarsuaq Airport (UAK),Greenland,0,0, Damaged beyond repair,-,Antonov An-2R,-,-,1977,-,-, LY-AJG, 1G178-48,private,-,-,-,-,-,-,-,-,-,-,0,0,0,0,-,-,Preliminary
20070205-0,Monday,05-FEB-2007,-,O1, Pushback / towing (PBT),"Minneapolis-St. Paul International Airport, MN (MSP)",United States of America,0,0, Substantial, Written off (damaged beyond repair),McDonnell Douglas DC-9-31,2,Pratt & Whitney JT8D-9A (HK3),1968,-,-, N1308T, 47315/433,Northwest Airlines,-,-,-,-,-,-,-,-,-,-,0,0,0,0,-,-,-
20070206-0,Tuesday,06-FEB-2007,21:04,A1, En route (ENR),"24 km (15 mls) NNW of Belgrade , MT",United States of America,3,3, Substantial, Written off (damaged beyond repair),Beechcraft 200 Super King Air,2,Pratt & Whitney Canada PT6A-41,1977,-,5992.0, N45MF, BB-234,Metro Aviation,Ambulance,-,Great Falls International Airport,GTF,KGTF,United States of America,Bozeman-Gallatin Field,BZN,KBZN,United States of America,1,2,1,2,-,-,Final
20070206-1,Tuesday,06-FEB-2007,18:42,A1, Initial climb (ICL),"1,8 km (1.1 mls) SE of North Caicos Airport (NCA)",Turks and Caicos Islands,6,1, Damaged beyond repair,-,Beechcraft 200C Super King Air,2,Pratt & Whitney Canada PT6A-42,1989,31684.0,24578.0, VQ-TIU, BL-131,Air Turks & Caicos,Domestic Scheduled Passenger,-,North Caicos Airport,NCA,MBNC,Turks and Caicos Islands,Grand Turk Island Airport,GDT,MBJT,Turks and Caicos Islands,1,5,1,0,-,-,Final
20070207-0,Wednesday,07-FEB-2007,09:30,A1, Approach (APR),off Suba-Basbas,Philippines,6,0, Substantial, unk,IRMA/Britten-Norman BN-2A-21 Islander,-,-,1971,-,-, RP-C1047, 654,private,Domestic Non Scheduled Passenger,-,Davao City-Francisco Bangoy International Airport,DVO,RPMD,Philippines,Cebu Airport,CEB,RPVM,Philippines,1,5,0,0,-,-,Preliminary
20070208-0,Thursday,08-FEB-2007,02:25,A1, Approach (APR),"8 km (5 mls) NW of Alliance Airport, NE (AIA)",United States of America,1,0, Damaged beyond repair,-,Cessna 208B Grand Caravan,1,Pratt & Whitney Canada PT6A-114A,1993,-,7248.0, N1116Y, 208B0368,Suburban Air Freight,Cargo,  22,Omaha-Eppley Airfield,OMA,KOMA,United States of America,Scottsbluff-Western Nebraska Regional Airport/William B. Heilig Field,BFF,KBFF,United States of America,1,0,0,0,-,-,Final
20070211-0,Sunday,11-FEB-2007,11:59,A2, Landing (LDG),"Berbegamau Airstrip, QC",Canada,7,0, Minor, Repaired,de Havilland Canada DHC-6 Twin Otter 300,2,Pratt & Whitney Canada PT6A-27,1980,-,-, C-GKCJ, 698,Air Inuit,Passenger,-,-,-,-,-,-,-,-,-,2,5,0,0,-,-,Preliminary - official
20070212-0,Monday,12-FEB-2007,20:10,C1, Landing (LDG),20 km (12.5 mls) N of Al-Amarah,Iraq,64,0, Damaged beyond repair,-,Lockheed Hercules C.4 (C-130J-30),4,Rolls-Royce AE2100D3,1999,-,-, ZH876, 5460,RAF,Military,-,-,-,-,-,-,-,-,-,6,58,0,0,-,-,Final
20070213-0,Tuesday,13-FEB-2007,16:37,A1, Takeoff (TOF),Moskva-Vnukovo Airport (VKO),Russia,3,0, Destroyed, Written off (damaged beyond repair),Canadair CL-600-2B19 Regional Jet CRJ-100SE,2,General Electric CF34-3B1,1996,1765.0,3814.0, N168CK, 7099,FortAero,Ferry/positioning,-,Moskva-Vnukovo Airport,VKO,UUWW,Russia,Berlin-Schönefeld Airport,SXF,EDDB,Germany,3,0,0,0,-,-,Final
20070215-0,Thursday,15-FEB-2007,-,H2, En route (ENR),Las Palmas-Gando Air Base (LPA),Spain,79,0, None,-,Boeing 737-7Q8,-,-,-,-,-, registration unknown,-,Air Mauritanie,Domestic Scheduled Passenger,-,Nouakchott Airport,NKC,GQNN,Mauritania,Nouadhibou Airport,NDB,GQPP,Mauritania,8,71,0,0,-,-,Preliminary
20070215-1,Thursday,15-FEB-2007,-,A1, En route (ENR),near Walikale,Democratic Republic of the Congo,1,1, Missing, Presumed damaged beyond repair,Cessna 208B Grand Caravan,1,Pratt & Whitney Canada PT6A-114A,1998,-,-, 5Y-BNN, 208B0683,Stellavia,Cargo,-,Goma Airport,GOM,FZNA,Democratic Republic of the Congo,-,-,-,-,1,0,1,0,-,-,-
20070218-0,Sunday,18-FEB-2007,15:06,A2, Landing (LDG),"Cleveland-Hopkins International Airport, OH (CLE)",United States of America,75,0, Substantial, Repaired,Embraer ERJ 170-100 SE (ERJ-170SE),2,General Electric CF34-8E,2005,-,-, N862RW, 17000098,Shuttle America,Domestic Scheduled Passenger,6448,Atlanta Hartsfield-Jackson International Airport,ATL,KATL,United States of America,Cleveland-Hopkins International Airport,CLE,KCLE,United States of America,4,71,0,0,-,-,Final
20070221-0,Wednesday,21-FEB-2007,15:25,A1, Landing (LDG),Surabaya-Juanda Airport (SUB),Indonesia,155,0, Substantial, Written off (damaged beyond repair),Boeing 737-33A,2,CFMI CFM56-3C1,1994,23824.0,37936.0, PK-KKV, 27284/2606,AdamAir,Domestic Scheduled Passenger, 172,Jakarta-Soekarno-Hatta International Airport,CGK,WIII,Indonesia,Surabaya-Juanda Airport,SUB,WARR,Indonesia,7,148,0,0,-,-,Final
20070224-0,Saturday,24-FEB-2007,09:00,A1, Landing (LDG),Geneina Airport (EGN),Sudan,-,0, Damaged beyond repair,-,Antonov An-12BP,4,Ivchenko AI-20M,1961,-,-, ST-AQE, 01400106,United Arabian Airlines,Cargo,-,Khartoum-Civil Airport,KRT,HSSS,Sudan,Geneina Airport,EGN,HSCN,Sudan,-,-,0,0,-,-,-
20070226-0,Monday,26-FEB-2007,10:00,A2, Standing (STD),London-Heathrow Airport (LHR),United Kingdom,205,0, Minor, Repaired,Boeing 777-222ER,2,Pratt & Whitney PW4090,1997,6622.0,43519.0, N786UA, 26938/52,United Airlines,International Scheduled Passenger,-,London-Heathrow Airport,LHR,EGLL,United Kingdom,-,-,-,-,20,185,0,0,-,-,Final
20070228-0,Wednesday,28-FEB-2007,09:47,A1, Landing (LDG),Valencia Airport (VLN),Venezuela,3,0, Substantial, Written off (damaged beyond repair),Rockwell Sabreliner 75A,2,General Electric CF700,1973,-,-, YV265T, 380-2,Unknown,Unknown,-,Barcelona-Gen J A Anzoategui Airport,BLA,SVBC,Venezuela,Valencia Airport,VLN,SVVA,Venezuela,2,1,0,0,-,-,-
20070303-0,Saturday,03-MAR-2007,16:36,A1, Approach (APR),"0,4 km (0.3 mls) NE of Ruhnu Airport",Estonia,3,0, Damaged beyond repair,-,Britten-Norman BN-2B-26 Islander,2,Lycoming O-540-E4C5,1994,27857.0,2811.0, D-ILFB, 2271,LFH Luftverkehr,Domestic Scheduled Passenger,-,-,-,-,-,-,-,-,-,1,2,0,0,-,-,Final
20070307-0,Wednesday,07-MAR-2007,07:58,A1, Landing (LDG),Yogyakarta-Adisutjipto Airport (JOG),Indonesia,140,21, Destroyed, Written off (damaged beyond repair),Boeing 737-497,2,CFMI CFM56-3C1,1992,37360.0,35207.0, PK-GZC, 25664/2393,Garuda,Domestic Scheduled Passenger,GA200,Jakarta-Soekarno-Hatta International Airport,CGK,WIII,Indonesia,Yogyakarta-Adisutjipto Airport,JOG,WARJ,Indonesia,7,133,1,20,-,-,Final
20070309-0,Friday,09-MAR-2007,08:35,C1, Landing (LDG),Mogadishu International Airport (MGQ),Somalia,15,0, Damaged beyond repair,-,Ilyushin Il-76TD,4,Soloviev D-30KP-2,1990,-,-, EW-78826, 1003499991,Transaviaexport,Cargo,-,Entebbe Airport,EBB,HUEN,Uganda,Mogadishu International Airport,MGQ,HCMM,Somalia,9,6,0,0,-,-,Preliminary
20070312-0,Monday,12-MAR-2007,06:30,A1, Takeoff (TOF),Dubai Airport (DXB),United Arab Emirates,250,0, Damaged beyond repair,-,Airbus A310-325,2,Pratt & Whitney PW4158A,1996,-,-, S2-ADE, 698,Biman Bangladesh,International Scheduled Passenger,BG006,Dubai Airport,DXB,OMDB,United Arab Emirates,Dhaka-Zia International Airport,DAC,VGZR,Bangladesh,14,236,0,0,-,-,Preliminary
20070312-1,Monday,12-MAR-2007,-,A1, Taxi (TXI),Kuwait International Airport (KWI),Kuwait,-,0, Damaged beyond repair,-,Saab 340A,2,General Electric CT7-5A2,1984,-,-, OD-IST, 340A-013,First Kuwaiti Trading & Contracting,Unknown,-,-,-,-,-,-,-,-,-,-,-,0,0,-,-,Preliminary
20070313-0,Tuesday,13-MAR-2007,10:54,A2, Landing (LDG),Kochi Airport (KCZ),Japan,60,0, Substantial, Repaired,de Havilland Canada DHC-8-402Q Dash 8,2,Pratt & Whitney Canada PW150A,2005,4197.0,2996.0, JA849A, 4106,Air Central Co.,Domestic Scheduled Passenger,1603,Osaka-Itami Airport,ITM,RJOO,Japan,Kochi Airport,KCZ,RJOK,Japan,4,56,0,0,-,-,Final
20070314-0,Wednesday,14-MAR-2007,-,A2, En route (ENR),"Ostromechevo, Brest district",Belarus,-,0, Substantial, Repaired,Antonov An-2R,1,Shvetsov ASh-62IR,1985,-,-, EW-32744, 1G212-49,Aviakompania Grodno,Agricultural,-,-,-,-,-,-,-,-,-,-,-,0,0,-,-,Preliminary
20070316-0,Friday,16-MAR-2007,-,A1, Landing (LDG),Kish Island Airport (KIH),Iran,158,0, Damaged beyond repair,-,McDonnell Douglas DC-9-82 (MD-82),2,Pratt & Whitney JT8D-217C,1986,-,-, LZ-LDD, 49218/1274,Bulgarian Air Charter,Unknown,-,Dubai Airport,DXB,OMDB,United Arab Emirates,Kish Island Airport,KIH,OIBK,Iran,4,154,0,0,-,-,Preliminary
20070317-0,Saturday,17-MAR-2007,11:42,A1, Landing (LDG),Samara Airport (KUF),Russia,57,6, Destroyed, Written off (damaged beyond repair),Tupolev Tu-134A-3,2,Soloviev D-30-III,1976,-,-, RA-65021, 48390,UTair Aviation,Domestic Scheduled Passenger, 471,Surgut Airport,SGC,USRR,Russia,Samara Airport,KUF,UWWW,Russia,7,50,0,6,-,-,Final
20070317-1,Saturday,17-MAR-2007,14:30,A2, Landing (LDG),"Beverly Airport, MA (BVY)",United States of America,6,0, Substantial, unk,Cessna 500 Citation I,2,Pratt & Whitney Canada JT15D-1,1974,-,22015.0, N511AT, 500-0166,Air Trek,Ambulance,-,Punta Gorda-Charlotte County Airport,PGD,KPGD,United States of America,Beverly Airport,BVY,KBVY,United States of America,4,2,0,0,-,-,Final
20070323-0,Friday,23-MAR-2007,14:00,C1, Initial climb (ICL),near Mogadishu International Airport (MGQ),Somalia,11,11, Destroyed, Written off (damaged beyond repair),Ilyushin Il-76TD,4,Soloviev D-30KP-2,1991,-,-, EW-78849, 1013405192,Transaviaexport,Cargo,-,Mogadishu International Airport,MGQ,HCMM,Somalia,Djibouti-Ambouli Airport,JIB,HDAM,Djibouti,4,7,4,7,-,-,Preliminary
20070323-1,Friday,23-MAR-2007,13:49,A1, Landing (LDG),Istanbul-Atatürk International Airport (IST),Turkey,50,0, Substantial, Written off (damaged beyond repair),Airbus A300B4-203,2,General Electric CF6-50C2,1982,-,-, YA-BAD, 177, Ariana Afghan Airlines,International Scheduled Passenger,FG719,Ankara-Esenboga Airport,ESB,LTAC,Turkey,Istanbul-Atatürk International Airport,IST,LTBA,Turkey,20,30,0,0,-,-,Preliminary
20070323-2,Friday,23-MAR-2007,21:05,A2, Landing (LDG),"Rifle-Garfield County Airport, CO (RIL)",United States of America,3,0, Substantial, Repaired,Dassault Falcon 900C,3,Honeywell TFE731-5BR,2000,-,3130.0, N129KJ, 184,XOJet,Ferry/positioning,-,-,-,-,-,-,-,-,-,3,0,0,0,-,-,Final
20070326-0,Monday,26-MAR-2007,07:30,A2, Takeoff (TOF),"Hampton-Newport News/Williamsburg Airport, VA (PHF)",United States of America,2,0, Substantial, Repaired,Learjet 36A,2,Garrett TFE731-2-2B,1976,-,15152.0, N527PA, 36A-019,Phoenix Air,Unknown,-,Hampton-Newport News/Williamsburg Airport,PHF,KPHF,United States of America,Hampton-Newport News/Williamsburg Airport,PHF,KPHF,United States of America,2,0,0,0,-,-,Final
20070329-0,Thursday,29-MAR-2007,06:30,A2, Takeoff (TOF),La Paragua Airport,Venezuela,1,0, Substantial, unk,Antonov An-2T,-,-,1991,-,-, YV-1953C, 1G238-26,Mayor y Detal de Víveres,Cargo,-,-,-,-,-,-,-,-,-,1,0,0,0,-,-,-
20070329-1,Thursday,29-MAR-2007,-,A1, Standing (STD),Panama City-Tocumen International Airport (PTY),Panama,3,0, Damaged beyond repair,-,Lockheed L-188C Electra,4,Allison 501-D13A,1960,-,-, XA-AEG, 1147,Mex-Jet Cargo,Cargo,-,Panama City-Tocumen International Airport,PTY,MPTO,Panama,Guatemala City-La Aurora Airport,GUA,MGGT,Guatemala,3,0,0,0,-,-,Preliminary
20070329-2,Thursday,29-MAR-2007,16:16,A2, Landing (LDG),"Sanford, FL",United States of America,157,0, Substantial, Repaired,McDonnell Douglas DC-9-83 (MD-83),2,Pratt & Whitney JT8D-217C,1994,-,22139.0, N877GA, 53467/2102,Allegiant Air,Domestic Scheduled Passenger,758,Portsmouth Regional Airport,PMH,KPMH,United States of America,Orlando-Central Florida Regional Airport,SFB,KSFB,United States of America,5,152,0,0,-,-,Final
20070330-0,Friday,30-MAR-2007,-,H2, En route (ENR),Khartoum-Civil Airport (KRT),Sudan,284,0, None,-,Airbus A300B4-622R,-,-,-,-,-, registration unknown,-, Sudan Airways,International Scheduled Passenger, 111,Tripoli International Airport,TIP,HLLT,Libya,Khartoum-Civil Airport,KRT,HSSS,Sudan,11,273,0,0,-,-,-
20070330-1,Friday,30-MAR-2007,05:23,A1, En route (ENR),27 km (16.9 mls) E of Kandrian,Papua New Guinea,2,2, Destroyed, Written off (damaged beyond repair),Embraer EMB-110P1 Bandeirante,2,Pratt & Whitney Canada PT6A-34,1979,43756.0,39962.0, P2-ALU, 110232,Airlink,Cargo, 304,Port Moresby-Jackson Field,POM,AYPY,Papua New Guinea,Hoskins Airport,HKN,AYHK,Papua New Guinea,2,0,2,0,-,-,Final
20070403-0,Tuesday,03-APR-2007,-,A2, Unknown (UNK),Belize coast,Belize,-,0, Substantial,-,Pilatus Britten-Norman BN-2A-21 Islander,-,-,1971,-,-, BDF-05, 277,Belize AF,Military,-,-,-,-,-,-,-,-,-,-,-,0,0,-,-,Preliminary
20070407-0,Saturday,07-APR-2007,21:23,A2, En route (ENR),"Lake Michigan, MI",United States of America,4,0, Substantial, Repaired,Canadair CL-600-2B19 Regional Jet CRJ-200LR,2,General Electric CF34-3B1,1997,-,24805.0, N77181, 7181,Mesa Airlines,Domestic Scheduled Passenger,7264,Lansing-Capital City Airport,LAN,KLAN,United States of America,Chicago-O'Hare International Airport,ORD,KORD,United States of America,3,1,0,0,-,-,Final
20070409-0,Monday,09-APR-2007,11:30,A1, Takeoff (TOF),Anjouan-Ouani Airport (AJN),Comoros,15,0, Substantial, Written off (damaged beyond repair),Let L-410UVP,2,Walter M-601D,1984,-,-, D6-CAK, 841219,Comores Aviation,Domestic Scheduled Passenger, 611,Anjouan-Ouani Airport,AJN,FMCV,Comoros,Mohéli-Bandar es Eslam Airport,NWA,FMCI,Comoros,2,13,0,0,-,-,Preliminary
20070409-1,Monday,09-APR-2007,17:03,A1, Landing (LDG),"Perth Airport, WA (PER)",Australia,10,0, Substantial, Written off (damaged beyond repair),Beechcraft B200 Super King Air,2,Pratt & Whitney Canada PT6A-41,1975,-,-, VH-SGT, BB-73,Network Aviation Australia,Domestic Non Scheduled Passenger,-,Perth Airport,PER,YPPH,Australia,-,-,-,-,1,9,0,0,-,-,Final
20070410-0,Tuesday,10-APR-2007,-,H2, En route (ENR),Ankara-Esenboga Airport (ESB),Turkey,184,0, None,-,Boeing 737-82R,2,CFMI CFM56-7B26,2001,-,-, TC-APU, 29344/849,Pegasus Airlines,Domestic Scheduled Passenger, 157,Diyarbakir Airport,DIY,LTCC,Turkey,Istanbul-Sabiha Gökçen International Airport,SAW,LTFJ,Turkey,6,178,0,0,-,-,-
20070412-0,Thursday,12-APR-2007,00:43,A2, Landing (LDG),"Traverse City-Cherry Capital Airport, MI (TVC)",United States of America,52,0, Substantial, Repaired,Canadair CL-600-2B19 Regional Jet CRJ-200LR,2,General Electric CF34-3B1,2004,-,-, N8905F, 7905,Northwest Airlink,Domestic Scheduled Passenger,4712,Minneapolis-St. Paul International Airport,MSP,KMSP,United States of America,Traverse City-Cherry Capital Airport,TVC,KTVC,United States of America,3,49,0,0,-,-,Final
20070419-0,Thursday,19-APR-2007,04:45,O1, Standing (STD),Abu Dhabi International Airport (AUH),United Arab Emirates,0,0, Destroyed, Written off (damaged beyond repair),Airbus A300B4-622R,2,Pratt & Whitney PW4158,1993,-,-, A7-ABV, 690,Qatar Airways,-,-,-,-,-,-,-,-,-,-,0,0,0,0,-,-,-
20070420-0,Friday,20-APR-2007,17:08,A1, Landing (LDG),Governor's Harbour Airport (GHB),Bahamas,51,0, Substantial, Written off (damaged beyond repair),de Havilland Canada DHC-8-301,2,Pratt & Whitney Canada PW123,1989,52653.0,29570.0, C6-BFN, 159,Bahamasair,Domestic Scheduled Passenger, 353,Nassau-Lynden Pindling International Airport,NAS,MYNN,Bahamas,Governor's Harbour Airport,GHB,MYEM,Bahamas,3,48,0,0,-,-,Final
20070425-0,Wednesday,25-APR-2007,-,A1, En route (ENR),near Kopinang,Guyana,5,3, Damaged beyond repair,-,Britten-Norman BN-2A-27 Islander,2,Lycoming O-540-E4C5,1976,-,-, 8R-GET, 484,ASL,Domestic Scheduled Passenger,-,Kato Airport,KTO,SYKT,Guyana,-,-,-,-,1,4,1,2,-,-,Preliminary
20070428-0,Saturday,28-APR-2007,11:05,A1, Initial climb (ICL),"S of Hamilton-Ravalli County Airport, MT",United States of America,1,0, Damaged beyond repair,-,Britten-Norman BN-2A-20 Islander,2,Lycoming IO-540-K1B5,1975,-,16257.0, N634MA, 464,McCall Aviation,Domestic Non Scheduled Passenger,-,-,-,-,-,-,-,-,-,1,0,0,0,-,-,Final
20070503-0,Thursday,03-MAY-2007,10:37,A1, Approach (APR),"Dillon Airport, MT (DLN)",United States of America,2,2, Damaged beyond repair,-,Cessna S550 Citation S/II,2,Pratt & Whitney Canada JT15D-4B,1986,-,10526.0, N22HP, S550-0103,Hamilton Ranches,Executive,-,Rockford-Greater Rockford Airport,RFD,KRFD,United States of America,Dillon Airport,DLN,KDLN,United States of America,1,1,1,1,-,-,Final
20070505-0,Saturday,05-MAY-2007,00:08,A1, En route (ENR),"5,5 km (3.4 mls) SE of Douala Airport (DLA)",Cameroon,114,114, Destroyed, Written off (damaged beyond repair),Boeing 737-8AL,2,CFMI CFM56-7B26,2006,734.0,2100.0, 5Y-KYA, 35069/2079,Kenya Airways,International Scheduled Passenger, 507,Douala Airport,DLA,FKKD,Cameroon,Nairobi-Jomo Kenyatta International Airport,NBO,HKJK,Kenya,6,108,6,108,-,-,Final
20070505-1,Saturday,05-MAY-2007,08:45,A2, Taxi (TXI),"Rio de Janeiro-Galeão International Airport, RJ (GIG)",Brazil,2,0, Minor,-,Embraer EMB-110 Bandeirante,-,-,1976,-,-, PT-WAW, 110122,NHR Táxi-Aéreo,Cargo,-,Rio de Janeiro-Galeão International Airport,GIG,SBGL,Brazil,-,-,-,-,2,0,0,0,-,-,Final
20070506-0,Sunday,06-MAY-2007,08:30,A1, En route (ENR),near El-Thamad,Egypt,9,9, Destroyed, Written off (damaged beyond repair),de Havilland Canada DHC-6 Twin Otter 300,2,Pratt & Whitney Canada PT6A-27,1981,15168.0,10939.0, 742/F-RACB, 742,French AF,Military, 690,-,-,-,-,Santa Katarina-Mount Sinai Airport,SKV,HESC,Egypt,2,7,2,7,-,-,Preliminary
20070510-0,Thursday,10-MAY-2007,-,O1, Standing (STD),Pointe Noire Airport (PNR),Congo,-,0, Destroyed, Written off (damaged beyond repair),Ilyushin Il-76TD,-,-,1991,-,-, EX-093, 10134 07212,Tenir Airlines,Cargo,-,Pointe Noire Airport,PNR,FCPP,Congo,Brazzaville-Maya Maya Airport,BZV,FCBB,Congo,-,-,0,0,-,-,Preliminary
20070510-1,Thursday,10-MAY-2007,-,A2, Landing (LDG),"Trenton Canadian Forces Base, ON (YTR)",Canada,-,0, Substantial, Repaired,Ilyushin Il-76TD,4,Soloviev D-30KP-2,1999,-,-, 4K-AZ41, 1093420673,Silk Way,Cargo,4992,Reykjavík-Keflavík International Airport,KEF,BIKF,Iceland,Trenton Canadian Forces Base,YTR,CYTR,Canada,-,-,0,0,-,-,Preliminary - official
20070517-0,Thursday,17-MAY-2007,11:00,A1, Initial climb (ICL),near Walikale,Democratic Republic of the Congo,3,3, Damaged beyond repair,-,Let L-410UVP,2,Walter M-601D,1985,-,-, TN-AHE, 851335,Safe Air Company,Cargo,-,-,-,-,-,Goma Airport,GOM,FZNA,Democratic Republic of the Congo,2,1,2,1,-,-,Preliminary
20070519-0,Saturday,19-MAY-2007,04:00,A2, Landing (LDG),"Billings-Logan Field, MT (BIL)",United States of America,1,0, Substantial, Repaired,Beechcraft B99,-,-,1974,-,34613.0, N950AA, U-159,Alpine Aviation,Cargo,-,Billings-Logan Field,BIL,KBIL,United States of America,Kalispell-Glacier Park International Airport,FCA,KGPI,United States of America,1,0,0,0,-,-,Final
20070520-0,Sunday,20-MAY-2007,12:35,A1, Landing (LDG),"Toronto-Pearson International Airport, ON (YYZ)",Canada,40,0, Damaged beyond repair,-,Canadair CL-600-2B19 Regional Jet CRJ-100ER,2,General Electric CF34-3A1,1994,-,-, C-FRIL, 7051,Air Canada Jazz,Domestic Scheduled Passenger,8911,Moncton-Metropolitan Area Airport,YQM,CYQM,Canada,Toronto-Pearson International Airport,YYZ,CYYZ,Canada,3,37,0,0,-,-,Final
20070522-0,Tuesday,22-MAY-2007,08:02,A2, Taxi (TXI),Acarigua Airport (AGV),Venezuela,4,0, Substantial, Repaired,Beechcraft A100 King Air,2,Pratt & Whitney Canada PT6A-28,1972,-,-, YV1257, B-161,Aeroguaparo,Domestic Non Scheduled Passenger,-,Valencia-Arturo Michelena International Airport,VLN,SVVA,Venezuela,Acarigua Airport,AGV,SVAC,Venezuela,1,3,0,0,-,-,Final
20070524-0,Thursday,24-MAY-2007,17:45,A1, En route (ENR),near Pampa Hermosa,Peru,20,13, Damaged beyond repair,-,de Havilland Canada DHC-6 Twin Otter 300,2,Pratt & Whitney Canada PT6A-27,1976,-,-, FAP-303, 483,Peruvian AF,Domestic Non Scheduled Passenger,-,-,-,-,-,-,-,-,-,3,17,3,10,-,-,Preliminary - official
20070525-0,Friday,25-MAY-2007,11:15,A2, Landing (LDG),Acaricuara Airport (ARF),Colombia,7,0, Substantial, Repaired,Douglas DC-3C,2,Pratt & Whitney R-1830-92,1944,-,27744.0, HK-3199, 26044/14599,Aerovanguardia,Domestic Non Scheduled Passenger,-,San José del Guaviare Airport,SJE,SKSJ,Colombia,-,-,-,-,3,4,0,0,-,-,Final
20070530-0,Wednesday,30-MAY-2007,12:00,A1, Landing (LDG),"Nixon Fork Mine, AK",United States of America,2,0, Destroyed, Written off (damaged beyond repair),Aviation Traders ATL-98 Carvair,4,Pratt & Whitney R-2000,1946,-,55753.0, N898AT, 20/42994,Brooks Air Fuel,Cargo,-,Fairbanks International Airport,FAI,PAFA,United States of America,-,-,-,-,2,0,0,0,-,-,Final
20070601-0,Friday,01-JUN-2007,13:20,A1, Approach (APR),Kizota,Tanzania,13,0, Substantial, Written off (damaged beyond repair),Shorts 330UTT,-,-,-,-,-, JW9036, SH.3121,Tanzanian AF,Military,-,Sumbawanga Airport,SUT,HTSU,Tanzania,Dodoma Airport,DOD,HTDO,Tanzania,4,9,0,0,-,-,Preliminary
20070601-1,Friday,01-JUN-2007,-,A2, Takeoff (TOF),Mulia Airport (LII),Indonesia,3,0, Substantial, Repaired,de Havilland Canada DHC-6 Twin Otter 300,2,Pratt & Whitney Canada PT6A-27,1980,-,-, PK-YRU, 685,Trigana Air Service,Domestic Scheduled Passenger,-,Mulia Airport,LII,WABQ,Indonesia,Wamena Airport,WMX,WAJW,Indonesia,2,1,0,0,-,-,Final
20070601-2,Friday,01-JUN-2007,22:53,A2, Landing (LDG),Zürich-Kloten Airport (ZRH),Switzerland,9,0, Substantial, Repaired,Gulfstream G-V,2,Rolls-Royce BR700-710A1-10,1997,-,-, HB-IMJ, 517,G5 Executive,Int'l Non Scheduled Passenger,EXH152,Rotterdam Airport,RTM,EHRD,Netherlands,Zürich-Kloten Airport,ZRH,LSZH,Switzerland,4,5,0,0,-,-,Final
20070602-0,Saturday,02-JUN-2007,17:55,A1, Takeoff (TOF),"Mayo Airport, YT (YMA)",Canada,1,1, Damaged beyond repair,-,de Havilland Canada DHC-3T Texas Turbine Otter,1,Garrett TPE331-10R-511C,1965,-,-, C-GZCW, 447,Black Sheep Aviation & Cattle Co.,Cargo,-,Mayo Airport,YMA,CYMA,Canada,-,-,-,-,1,0,1,0,-,-,Final
20070604-0,Monday,04-JUN-2007,16:00,A1, En route (ENR),"10 km (6.3 mls) NE off  Milwaukee-General Mitchell Airport, WI (MKE)",United States of America,6,6, Destroyed, Written off (damaged beyond repair),Cessna 550 Citation II,2,Pratt & Whitney Canada JT15D-4,1981,-,4402.0, N550BP, 550-0246,Marlin Air,Ambulance,-,Milwaukee-General Mitchell Airport,MKE,KMKE,United States of America,Detroit-Willow Run Airport,YIP,KYIP,United States of America,2,4,2,4,-,-,Final
20070610-0,Sunday,10-JUN-2007,14:15,A2, Takeoff (TOF),"Santa Barbara Municipal Airport, CA (SBA)",United States of America,15,0, Substantial, Repaired,Dassault Falcon 900,3,Garrett TFE731-5BR,1990,-,-, N914DD, 80,Kerry Acquisitions,Executive,-,Santa Barbara Municipal Airport,SBA,KSBA,United States of America,Tampa International Airport,TPA,KTPA,United States of America,2,13,0,0,-,-,Final
20070615-0,Friday,15-JUN-2007,-,A1, Landing (LDG),Chennai Airport (MAA),India,-,0, Damaged beyond repair,-,British Aerospace ATP-F,2,Pratt & Whitney Canada PW126,1991,-,-, VT-FFB, 2039,First Flight Couriers,Cargo,-,-,-,-,-,Chennai Airport,MAA,VOMM,India,-,-,0,0,-,-,Preliminary
20070617-0,Sunday,17-JUN-2007,17:30,A2, Landing (LDG),"Egegik Airport, AK (EGX)",United States of America,7,0, Substantial, Repaired,IRMA/Britten-Norman BN-2A-26 Islander,-,-,1980,-,-, N27MR, 884,Island Air Service,Domestic Non Scheduled Passenger,-,Kodiak Airport,ADQ,PADQ,United States of America,Egegik Airport,EGX,PAII,United States of America,1,6,0,0,-,-,Final
20070618-0,Monday,18-JUN-2007,09:07,A2, Landing (LDG),Blenheim-Woodbourne Airport (BHE),New Zealand,17,0, Substantial, Repaired,Beechcraft 1900D,2,Pratt & Whitney Canada PT6A-67D,2002,17149.0,10315.0, ZK-EAK, UE-434,Air New Zealand Link,Domestic Scheduled Passenger, 300,Timaru Airport,TIU,NZTU,New Zealand,Wellington International Airport,WLG,NZWN,New Zealand,2,15,0,0,-,-,Final
20070620-0,Wednesday,20-JUN-2007,08:20,A2, Landing (LDG),"Boston-Logan International Airport, MA (BOS)",United States of America,40,0, Minor, Repaired,Embraer EMB-135LR (ERJ-135LR),2,Allison AE3007A3,2000,-,-, N731BE, 145356,American Eagle Airlines,International Scheduled Passenger,4539,Toronto-Pearson International Airport,YYZ,CYYZ,Canada,Boston-Logan International Airport,BOS,KBOS,United States of America,3,37,0,0,-,-,Preliminary - official
20070620-1,Wednesday,20-JUN-2007,16:20,A2, Takeoff (TOF),"Laramie Regional Airport, WY (LAR)",United States of America,11,0, Substantial, Repaired,Beechcraft 1900D,2,Pratt & Whitney Canada PT6A-67D,1996,-,22520.0, N253GL, UE-253,Great Lakes Airlines,Domestic Scheduled Passenger,GLA174,Worland Airport,WRL,KWRL,United States of America,Laramie-General Brees Field,LAR,KLAR,United States of America,2,9,0,0,-,-,Final
20070621-0,Thursday,21-JUN-2007,-,A1, En route (ENR),near Kamina,Democratic Republic of the Congo,22,1, Destroyed, Written off (damaged beyond repair),Let L-410UVP,2,Walter M-601D,1984,-,-, 9Q-CEU, 841217,Karibu Airways,Passenger,-,Kamina Airport,KMN,FZSA,Democratic Republic of the Congo,Lubumbashi-Luano Airport,FBM,FZQA,Democratic Republic of the Congo,-,-,0,1,-,-,Preliminary
20070623-0,Saturday,23-JUN-2007,11:14,A1, Landing (LDG),Karakuzhur,Kyrgyzstan,13,0, Damaged beyond repair,-,Yakovlev Yak-40,3,Ivchenko AI-25,1974,-,-, EX-901, 9411030A,Kyrgyzstan Government,"Aerial Work (Calibration, Photo)",4452,-,-,-,-,Bishkek-Manas International Airport,FRU,UAFM,Kyrgyzstan,4,9,0,0,-,-,Preliminary - official
20070623-1,Saturday,23-JUN-2007,-,C1, Taxi (TXI),An Naeem Airstrip,Yemen,-,1, Substantial,-,de Havilland Canada DHC-6 Twin Otter 300,-,-,1984,-,-, 7O-ADK, 813,Yemenia Airways,Domestic Non Scheduled Passenger,-,-,-,-,-,-,-,-,-,-,-,0,1,-,-,-
20070625-0,Monday,25-JUN-2007,10:40,A1, En route (ENR),Phnom Damrey,Cambodia,22,22, Destroyed, Written off (damaged beyond repair),Antonov An-24B,2,Ivchenko AI-24,1969,-,-, XU-U4A, 999 01908,PMT Air,Domestic Scheduled Passenger, 241,Siem Reap-Angkor Airport,REP,VDSR,Cambodia,Sihanoukville (Kompong Som) Airport,KOS,VDSV,Cambodia,6,16,6,16,-,-,Preliminary
20070625-1,Monday,25-JUN-2007,17:20,A2, Maneuvering (MNV),"19 km (11.9 mls) SW of Tehachapi, CA",United States of America,3,0, Substantial, Repaired,McDonnell Douglas DC 10-10,3,General Electric CF6-6K,1974,-,-, N450AX, 46942/162,California Forestry and Fire Protection,Fire fighting,-,Victorville-Southern California Logistics Airport,VCV,KVCV,United States of America,Victorville-Southern California Logistics Airport,VCV,KVCV,United States of America,3,0,0,0,-,-,Final
20070625-2,Monday,25-JUN-2007,17:46,A2, Landing (LDG),Venice-Treviso Airport (TSF),Italy,180,0, Minor, Repaired,Boeing 737-8AS (WL),2,CFMI CFM56-7B26,2000,-,15309.0, EI-CSN, 29927/727,Ryanair,International Scheduled Passenger,FR9513,Gerona-Costa Brava Airport,GRO,LEGE,Spain,Venice-Treviso Airport,TSF,LIPH,Italy,6,174,0,0,-,-,Final
20070626-0,Tuesday,26-JUN-2007,-,A1, En route (ENR),100 km (62.5 mls) from  Brazzaville,Congo,-,0, Damaged beyond repair,-,Let L-410UVP-E3,2,Walter M-601E,1988,-,-, 9Q-CTM, 882031,Business Aviation,Unknown,-,-,-,-,-,-,-,-,-,-,-,0,0,-,-,Preliminary
20070627-0,Wednesday,27-JUN-2007,17:21,A1, Approach (APR),"0,8 km (0.5 mls) NW of Nassau International Airport (NAS)",Bahamas,1,0, Substantial, Written off (damaged beyond repair),IRMA/Britten-Norman BN-2A Islander,2,Lycoming O-540-E4C5,1970,-,9010.0, N133RS, 606,Golden Wings Charter,Unknown,-,-,-,-,-,Nassau International Airport,NAS,MYNN,Bahamas,1,0,0,0,-,-,Final
20070628-0,Thursday,28-JUN-2007,13:32,A1, Landing (LDG),M'Banza Congo Airport (SSY),Angola,78,5, Destroyed, Written off (damaged beyond repair),Boeing 737-2M2,2,Pratt & Whitney JT8D-17A,1985,-,-, D2-TBP, 23220/1084,TAAG,Domestic Scheduled Passenger,-,Luanda-4 de Fevereiro Airport,LAD,FNLU,Angola,M'Banza Congo Airport,SSY,FNBC,Angola,7,71,1,4,-,1,Preliminary
20070629-0,Friday,29-JUN-2007,10:33,C1, Taxi (TXI),Bouaké Airport (BYK),Cote d'Ivoire,-,4, Substantial, Written off (damaged beyond repair),Fokker 100,2,Rolls-Royce Tay 620-15,1988,-,-, TU-VAA, 11245,Ivory Coast Government,Official state flight,-,Abidjan-Felix Houphouet Boigny Airport,ABJ,DIAP,Cote d'Ivoire,Bouaké Airport,BYK,DIBK,Cote d'Ivoire,-,-,0,4,-,-,Preliminary
20070630-0,Saturday,30-JUN-2007,14:50,A1, Landing (LDG),"Conway-Dennis F. Cantrell Field, AR",United States of America,2,1, Destroyed, Written off (damaged beyond repair),Cessna 500 Citation I,2,Pratt & Whitney Canada JT15D-1A,1974,-,4752.0, N771HR, 500-0206,IHR Administrative Services,Private,-,-,-,-,-,-,-,-,-,1,1,1,0,-,1,Final
20070630-1,Saturday,30-JUN-2007,13:30,A2, Landing (LDG),Saltillo Airport (SLW),Mexico,4,0, Substantial, unk,North American Sabreliner 40,2,Pratt & Whitney JT12A-8 Turbo Wasp,1966,-,-, XA-SMR, 282-71,Aerodan,Unknown,-,Monterrey-General Mariano Escobedo Airport,MTY,MMMY,Mexico,Saltillo Airport,SLW,MMIO,Mexico,2,2,0,0,-,-,Preliminary
20070701-0,Sunday,01-JUL-2007,19:46,A1, Landing (LDG),Indore Airport (IDR),India,53,0, Substantial, Written off (damaged beyond repair),ATR 72-212A (ATR-72-500),2,Pratt & Whitney Canada PW127F,2000,-,-, VT-JCE, 640,Jet Airways,Domestic Scheduled Passenger,3307,Bhopal Airport,BHO,VABP,India,Indore Airport,IDR,VAID,India,4,49,0,0,-,-,Final
20070705-0,Thursday,05-JUL-2007,09:40,A1, Takeoff (TOF),Culiacán-Fedl de Bachigualato Airport (CUL),Mexico,3,3, Destroyed, Written off (damaged beyond repair),North American CT-39A Sabreliner,2,Pratt & Whitney J60P-3,1962,-,-, XA-TFL, 265-48,Jett Paqueteria,Cargo,-,Culiacán-Fedl de Bachigualato Airport,CUL,MMCL,Mexico,La Paz-Manuel Márquez de León International Airport,LAP,MMLP,Mexico,3,0,3,0,-,7,Preliminary
20070705-1,Thursday,05-JUL-2007,14:49,A1, Approach (APR),near Connemara Airport,Ireland,9,2, Destroyed, Written off (damaged beyond repair),Cessna 208B Grand Caravan,1,Pratt & Whitney Canada PT6A-114A,2005,275.0,320.0, N208EC, 208B1153,Lancton Taverns,Domestic Non Scheduled Passenger,-,Inishmaan Airport,IIA,EIMN,Ireland,-,-,-,-,1,8,1,1,-,-,Final
20070706-0,Friday,06-JUL-2007,06:30,A1, Landing (LDG),Nairobi-Wilson Airport (WIL),Kenya,21,0, Substantial, Written off (damaged beyond repair),Beechcraft 1900C,2,Pratt & Whitney Canada PT6A-65B,1990,-,-, 5Y-BTT, UC-125,Aero Kenya,Domestic Non Scheduled Passenger,-,-,-,-,-,Nairobi-Wilson Airport,WIL,HKNW,Kenya,2,19,0,0,-,-,Final
20070708-0,Sunday,08-JUL-2007,12:35,A1, Initial climb (ICL),"Muncho Lake-Mile 462 Water Aerodrome, BC",Canada,5,1, Destroyed, Written off (damaged beyond repair),de Havilland Canada DHC-6 Twin Otter 100,2,Pratt & Whitney Canada PT6A-20,1968,-,-, C-FAWC, 108,Liard Air,Domestic Non Scheduled Passenger,-,-,-,-,-,Prince George Airport,YXS,CYXS,Canada,2,3,0,1,-,-,Final
20070708-1,Sunday,08-JUL-2007,06:58,A2, Landing (LDG),Nairobi-Jomo Kenyatta International Airport (NBO),Kenya,66,0, Substantial, Repaired,ATR 72-212,2,Pratt & Whitney Canada PW127,1995,-,-, 5H-PAR, 460,Precision Air,International Scheduled Passenger,-,Zanzibar-Kisauni Airport,ZNZ,HTZA,Tanzania,Nairobi-Jomo Kenyatta International Airport,NBO,HKJK,Kenya,4,62,0,0,-,-,Final
20070715-0,Sunday,15-JUL-2007,17:00,A1, Approach (APR),"Stanley, ID",United States of America,1,0, Substantial, Written off (damaged beyond repair),Britten-Norman BN-2A-20 Islander,2,Lycoming IO-540-K1B5,1976,-,-, N6561B, 520,Salmon Air Taxi,Ferry/positioning,-,-,-,-,-,Salmon Airport,SMN,KSMN,United States of America,1,0,0,0,-,-,Final
20070716-0,Monday,16-JUL-2007,12:42,A1, Landing (LDG),"São Paulo-Congonhas Airport, SP (CGH)",Brazil,25,0, Substantial, Written off (damaged beyond repair),ATR 42-300,2,Pratt & Whitney Canada PW120,1991,-,-, PT-MFK, 225,Pantanal,Domestic Scheduled Passenger,4763,Bauru Airport,BAU,SBBU,Brazil,São Paulo-Congonhas Airport,CGH,SBSP,Brazil,4,21,0,0,-,-,Final
20070717-0,Tuesday,17-JUL-2007,18:54,A1, Landing (LDG),"São Paulo-Congonhas Airport, SP (CGH)",Brazil,187,187, Destroyed, Written off (damaged beyond repair),Airbus A320-233,2,IAE V2527-A5,1998,9300.0,20000.0, PR-MBK, 789,TAM Brasil,Domestic Scheduled Passenger,JJ3054,Porto Alegre-Salgado Filho International Airport,POA,SBPA,Brazil,São Paulo-Congonhas Airport,CGH,SBSP,Brazil,6,181,6,181,-,12,Final
20070717-1,Tuesday,17-JUL-2007,15:19,A1, Landing (LDG),Santa Marta-Simón Bolívar Airport (SMR),Colombia,60,0, Substantial, Written off (damaged beyond repair),Embraer ERJ 190-100 IGW (ERJ-190AR),2,General Electric CF34-10E6,2007,-,998.0, HK-4455, 19000076,Aero República,Domestic Scheduled Passenger,7330,Cali-Alfonso Bonilla Aragón Airport,CLO,SKCL,Colombia,Santa Marta-Simón Bolívar Airport,SMR,SKSM,Colombia,6,54,0,0,-,-,Final
20070718-0,Wednesday,18-JUL-2007,-,A2, Initial climb (ICL),ca 8 km from Bandundu Airport (FDU),Democratic Republic of the Congo,10,0, Substantial, unk,Antonov An-24 ?,-,-,-,-,-, registration unknown,-,Malift Air,Passenger,-,Bandundu Airport,FDU,FZBO,Democratic Republic of the Congo,Nioki Airport,NIO,FZBI,Democratic Republic of the Congo,2,8,0,0,-,-,Preliminary
20070718-1,Wednesday,18-JUL-2007,-,A1, Unknown (UNK),near Bandundu,Democratic Republic of the Congo,-,0, Damaged beyond repair,-,Let L-410UVP,-,-,1983,-,-, 9Q-CIM, 830935,Cargo Bull Aviation,Unknown,-,Bandundu Airport,FDU,FZBO,Democratic Republic of the Congo,-,-,-,-,-,-,0,0,-,-,Preliminary
20070718-2,Wednesday,18-JUL-2007,21:02,A2, Takeoff (TOF),"39 km (24.4 mls) WNW of McGrath, AK",United States of America,4,0, Substantial, Repaired,Lockheed L-100-30 Hercules,4,Allison 501-D22A,1975,-,43658.0, N401LC, 4606,Lynden Air Cargo,Ferry/positioning,-,-,-,-,-,Anchorage-Ted Stevens International Airport,ANC,PANC,United States of America,4,0,0,0,-,-,Final
20070721-0,Saturday,21-JUL-2007,16:55,A1, Initial climb (ICL),Antabare Airstrip,Venezuela,2,0, Damaged beyond repair,-,Cessna 208B Grand Caravan,1,Pratt & Whitney Canada PT6A-114A,2002,-,-, YV1182, 208B0955,Línea Turística Aereotuy - LTA,Unknown,-,-,-,-,-,-,-,-,-,2,0,0,0,-,-,Preliminary - official
20070721-1,Saturday,21-JUL-2007,14:10,A1, Landing (LDG),"St. Augustine Airport, FL (UST)",United States of America,2,0, Damaged beyond repair,-,Learjet 25,2,General Electric CJ610-6,1970,-,15812.0, N70SK, 25-049,SK Logistics,Ferry/positioning,-,Gainesville-J R Alison Municipal Airport,GNV,KGNV,United States of America,St. Augustine Airport,UST,KSGJ,United States of America,2,0,0,0,-,-,Final
20070723-0,Monday,23-JUL-2007,15:46,A1, En route (ENR),near Dilesos,Greece,2,2, Damaged beyond repair,-,Canadair CL-215-6B11 (CL-415),2,Pratt & Whitney Canada PW123AF,2001,-,-, 2055, 2055,Hellenic AF,Military,-,-,-,-,-,-,-,-,-,2,0,2,0,-,-,Preliminary
20070723-1,Monday,23-JUL-2007,-,A1, En route (ENR),near Sant'Erasmo,Italy,2,1, Damaged beyond repair,-,Canadair CL-215-6B11 (CL-415),2,Pratt & Whitney Canada PW123AF,2000,-,-, I-DPCX, 2045,Civil Protection Department,Fire fighting,-,Pescara-Liberi Airport,PSR,LIBP,Italy,-,-,-,-,2,0,1,0,-,-,Preliminary - official
20070723-2,Monday,23-JUL-2007,13:00,A1, En route (ENR),near Shinile,Ethiopia,9,1, Damaged beyond repair,-,Antonov An-24B,-,-,1970,-,-, EX-030, 07306103,Aquiline,Cargo,-,Dire Dawa-Aba Tenna D Yilma Airport,DIR,HADR,Ethiopia,Djibouti-Ambouli Airport,JIB,HDAM,Djibouti,6,3,0,1,-,-,Preliminary
20070727-0,Friday,27-JUL-2007,19:00,A2, Pushback / towing (PBT),London-Heathrow Airport (LHR),United Kingdom,227,0, Minor, Repaired,Boeing 777-236,-,-,1998,-,-, G-VIIK,-,British Airways,International Scheduled Passenger,-,London-Heathrow Airport,LHR,EGLL,United Kingdom,Washington-Dulles International Airport,IAD,KIAD,United States of America,14,213,0,0,-,-,Final
20070727-1,Friday,27-JUL-2007,19:00,A2, Standing (STD),London-Heathrow Airport (LHR),United Kingdom,111,0, Minor, Repaired,Airbus A321-231,-,-,2004,-,-, G-EUXH, 2363,British Airways,International Scheduled Passenger,-,Zürich-Kloten Airport,ZRH,LSZH,Switzerland,London-Heathrow Airport,LHR,EGLL,United Kingdom,9,102,0,0,-,-,Final
20070729-0,Sunday,29-JUL-2007,04:17,A1, En route (ENR),4 km (2.5 mls) from  Moskva-Domodedovo Airport (DME),Russia,7,7, Destroyed, Written off (damaged beyond repair),Antonov An-12BP,4,Ivchenko AI-20M-6,1964,-,-, RA-93912, 4341709,ATRAN,Cargo,9655,Moskva-Domodedovo Airport,DME,UUDD,Russia,Omsk Airport,OMS,UNOO,Russia,7,0,7,0,-,-,Final
20070729-1,Sunday,29-JUL-2007,-,A1, Landing (LDG),Paloich Airport,Sudan,8,0, Damaged beyond repair,-,Antonov An-32B,-,-,1993,-,-, ST-ATF, 3205,Alok Air,Unknown,-,Juba Airport,JUB,HSSJ,South Sudan,-,-,-,-,3,5,0,0,-,-,-
20070731-0,Tuesday,31-JUL-2007,11:20,A2, En route (ENR),near Puerto Concordia,Colombia,10,0, Substantial, Repaired,Douglas DC-3C,2,Pratt & Whitney R-1830-94,1944,-,-, HK-1149, 26593/15148,Aerovanguardia,Passenger,-,San José del Guaviare Airport,SJE,SKSJ,Colombia,Villavicencio Airport,VVC,SKVV,Colombia,2,8,0,0,-,-,Preliminary
20070806-0,Monday,06-AUG-2007,-,A1, Landing (LDG),Garissa Airport (GAS),Kenya,2,0, Damaged beyond repair,-,Beechcraft B200 Super King Air,-,-,1983,-,-, 5Y-HHM, BB-1152,Blue Bird Aviation,Ferry/positioning,-,Nairobi-Wilson Airport,WIL,HKNW,Kenya,Garissa Airport,GAS,HKGA,Kenya,2,0,0,0,-,-,-
20070809-0,Thursday,09-AUG-2007,12:01,A1, Initial climb (ICL),"1,5 km (0.9 mls) off  Moorea-Temae Airport (MOZ)",French Polynesia,20,20, Destroyed, Written off (damaged beyond repair),de Havilland Canada DHC-6 Twin Otter 300,2,Pratt & Whitney Canada PT6A-27,1979,55044.0,30833.0, F-OIQI, 608,Air Moorea,Domestic Scheduled Passenger,1121,Moorea-Temae Airport,MOZ,NTTM,French Polynesia,Papeete-Faaa Airport,PPT,NTAA,French Polynesia,1,19,1,19,-,-,Final
20070810-0,Friday,10-AUG-2007,-,A2, Landing (LDG),Moskva-Vnukovo Airport (VKO),Russia,25,0, Substantial, Repaired,Tupolev Tu-134AK,-,-,1981,-,-, RA-65573, 1363761,Russian AF,Domestic Non Scheduled Passenger,-,Tyumen Airport,TJM,USTR,Russia,Moskva-Vnukovo Airport,VKO,UUWW,Russia,11,14,0,0,-,-,Preliminary
20070811-0,Saturday,11-AUG-2007,16:35,A1, Landing (LDG),Dominica-Melville Hall Airport (DOM),Dominica,6,0, Substantial, Written off (damaged beyond repair),Learjet 35A,2,Garrett TFE731-2-2B,1980,-,-, N500ND, 35A-351,World Jet II,Int'l Non Scheduled Passenger,-,-,-,-,-,Dominica-Melville Hall Airport,DOM,TDPD,Dominica,2,4,0,0,-,-,Preliminary
20070812-0,Sunday,12-AUG-2007,09:38,A1, Landing (LDG),Busan-Gimhae (Pusan) International Airport (PUS),South Korea,79,0, Substantial, Written off (damaged beyond repair),de Havilland Canada DHC-8-402 Q400,2,Pratt & Whitney Canada PW150A,2006,1876.0,1645.0, HL5256, 4141,Jeju Air,Domestic Scheduled Passenger, 502,Jeju (Cheju) International Airport,CJU,RKPC,South Korea,Busan-Gimhae (Pusan) International Airport,PUS,RKPK,South Korea,5,74,0,0,-,-,Final
20070812-1,Sunday,12-AUG-2007,15:00,A1, Unknown (UNK),"near Farmingdale-Republic Field, NY (FRG)",United States of America,-,0, Damaged beyond repair,-,Learjet 25D,2,General Electric CJ610-8,1978,-,-, N125PT, 25D-244,Jet East,Unknown,-,Reading Municipal Airport/Spaatz Field,RDG,KRDG,United States of America,Farmingdale-Republic Field,FRG,KFRG,United States of America,-,-,0,0,-,-,- (No safety board investigation)
20070818-0,Saturday,18-AUG-2007,-,H2, En route (ENR),Antalya Airport (AYT),Turkey,145,0, None,-,McDonnell Douglas DC-9-83 (MD-83),2,Pratt & Whitney JT8D-219,1994,-,-, TC-AKN, 53186/2092,Atlasjet,Domestic Scheduled Passenger,1011,Ercan Airport,ECN,LCEN,Turkey,Istanbul-Atatürk International Airport,IST,LTBA,Turkey,5,140,0,0,-,-,Preliminary
20070818-1,Saturday,18-AUG-2007,09:40,A2, Landing (LDG),London City Airport (LCY),United Kingdom,93,0, Substantial, Repaired,Avro RJ100,4,Lycoming LF507-1F,2000,-,-, HB-IYU, E3379,Swiss European Air Lines,International Scheduled Passenger, 444,Zürich-Kloten Airport,ZRH,LSZH,Switzerland,London City Airport,LCY,EGLC,United Kingdom,5,88,0,0,-,-,Final
20070820-0,Monday,20-AUG-2007,10:33,A1, Landing (LDG),Okinawa-Naha Airport (OKA),Japan,165,0, Destroyed, Written off (damaged beyond repair),Boeing 737-809,2,CFMI CFM56-7B26,2002,-,13664.0, B-18616, 30175/1182,China Airlines,International Scheduled Passenger, 120,Taipei-Taiwan Taoyuan International Airport,TPE,RCTP,Taiwan,Okinawa-Naha Airport,OKA,ROAH,Japan,8,157,0,0,-,-,Final
20070820-1,Monday,20-AUG-2007,-,A1, Standing (STD),Barcelona Airport (BCN),Spain,-,0, Damaged beyond repair,-,McDonnell Douglas MD-88,2,Pratt & Whitney JT8D-217C,1991,-,-, EC-FIH, 53196/1930,Iberia,Scheduled Passenger,-,-,-,-,-,-,-,-,-,-,-,0,0,-,-,Preliminary
20070822-0,Wednesday,22-AUG-2007,15:10,A1, Landing (LDG),Pasto-Antonio Nariño Airport (PSO),Colombia,53,0, Destroyed, Written off (damaged beyond repair),Antonov An-26B-100,2,Ivchenko AI-24VT,1981,-,17124.0, HK-4389, 10803,SELVA Colombia,Domestic Non Scheduled Passenger,-,Cali-Alfonso Bonilla Aragón Airport,CLO,SKCL,Colombia,Villagarzón Airport,VGZ,SKVG,Colombia,3,50,0,0,-,-,Final
20070822-1,Wednesday,22-AUG-2007,00:38,A1, En route (ENR),"near Curitiba, PR",Brazil,2,2, Damaged beyond repair,-,Embraer EMB-110P1 Bandeirante,2,Pratt & Whitney Canada PT6A-34,1980,-,-, PT-SDB, 110323,Two Táxi Aéreo,Unknown,-,Curitiba-Afonso Pena International Airport,CWB,SBCT,Brazil,Jundiaí Airport,QDV,SDJD,Brazil,2,0,2,0,-,-,Preliminary
20070823-0,Thursday,23-AUG-2007,20:43,A2, Landing (LDG),"Westhampton-Francis S. Gabreski Airport, NY (FOK)",United States of America,8,0, Substantial, Repaired,Learjet 60,2,Pratt & Whitney Canada PW305A,1996,-,4028.0, N9CU, 60-075,Jet Shares,Executive,-,Tampa International Airport,TPA,KTPA,United States of America,Westhampton-Suffolk County Airport,FOK,KFOK,United States of America,2,6,0,0,-,-,Final
20070826-0,Sunday,26-AUG-2007,16:00,A1, Approach (APR),3 km (1.9 mls) from  Kongolo Airport (KOO),Democratic Republic of the Congo,15,14, Destroyed, Written off (damaged beyond repair),Antonov An-32B,2,Ivchenko AI-20,1987,-,-, 9Q-CAC, 1407,GLBC,Cargo,-,Kongolo Airport,KOO,FZRQ,Democratic Republic of the Congo,Goma Airport,GOM,FZNA,Democratic Republic of the Congo,3,12,3,11,-,-,Preliminary
20070826-1,Sunday,26-AUG-2007,11:00,A1, En route (ENR),near Dostuk,Kyrgyzstan,4,0, Destroyed, Written off (damaged beyond repair),Antonov An-2,-,-,1973,-,-, EX-70292, 1G139-51,Unknown,Agricultural,-,-,-,-,-,-,-,-,-,2,2,0,0,-,-,Preliminary
20070826-2,Sunday,26-AUG-2007,-,A1, En route (ENR),La Ceiba-Goloson International Airport (LCE),Honduras,10,0, Damaged beyond repair,-,Britten-Norman BN-2A Islander,-,-,-,-,-, registration unknown,-,Honduras Air,Domestic Scheduled Passenger,-,La Ceiba-Goloson International Airport,LCE,MHLC,Honduras,Puerto Lempira Airport,PEU,MHPL,Honduras,-,-,0,0,-,-,Preliminary
20070827-0,Monday,27-AUG-2007,09:50,A1, Standing (STD),Mitú Airport (MVP),Colombia,4,0, Destroyed, Written off (damaged beyond repair),Antonov An-32B,2,Ivchenko AI-20D-5,1992,-,8284.0, HK-4117, 2909,SELVA Colombia,Cargo,-,Mitú Airport,MVP,SKMU,Colombia,Mitú Airport,MVP,SKMU,Colombia,4,0,0,0,-,-,Final
20070829-0,Wednesday,29-AUG-2007,-,A1, Landing (LDG),within Helmand Province,Afghanistan,-,0, Destroyed, Written off (damaged beyond repair),Lockheed Hercules C.1P (C-130K),-,-,1967,-,-, XV205, 4230,RAF,Military,-,-,-,-,-,-,-,-,-,-,-,0,0,-,-,Preliminary
20070829-1,Wednesday,29-AUG-2007,10:45,A2, Landing (LDG),Dawei Airport (TVY),Myanmar,60,0, Substantial, Repaired,Fokker F-28 Fellowship 4000,2,Rolls-Royce Spey 555-15H,1985,-,-, XY-AGA, 11232,Myanma Airways,Domestic Scheduled Passenger,-,Kawthaung Airport,KAW,VYKT,Myanmar,Dawei Airport,TVY,VYDW,Myanmar,5,55,0,0,-,-,Preliminary
20070831-0,Friday,31-AUG-2007,13:00,A1, En route (ENR),30 km (18.8 mls) E of Punia Airport (PUN),Democratic Republic of the Congo,2,0, Substantial, Written off (damaged beyond repair),de Havilland Canada DHC-6 Twin Otter 310,2,Pratt & Whitney Canada PT6A-27,1978,-,-, ZS-NJK, 598,Solenta Aviation,Ferry/positioning,-,Punia Airport,PUN,FZOP,Democratic Republic of the Congo,Goma Airport,GOM,FZNA,Democratic Republic of the Congo,2,0,0,0,-,-,Preliminary
20070831-1,Friday,31-AUG-2007,16:45,A1, Initial climb (ICL),5 km (3.1 mls) E of Port-au-Prince Airport (PAP),Haiti,6,0, Substantial, Written off (damaged beyond repair),Cessna 208B Grand Caravan,1,Pratt & Whitney Canada PT6A-114A,1998,-,-, HH-CAR, 208B0699,Caribintair,Domestic Scheduled Passenger,-,Port-au-Prince Airport,PAP,MTPP,Haiti,Cap Haitien Airport,CAP,MTCH,Haiti,1,5,0,0,-,-,Preliminary
20070899-0,-,xx-AUG-2007,-,A1, Landing (LDG),Berbera Airport (BBO),Somalia,-,0, Damaged beyond repair,-,Antonov An-12BK,-,-,1971,-,-, S9-DBQ, 00347102,Styron Trading,Cargo,-,-,-,-,-,Bosaso-Bender Qassim International Airport,BSA,HCMF,Somalia,-,-,0,0,-,-,-
20070903-0,Monday,03-SEP-2007,-,A1, Takeoff (TOF),San José-Juan Santamaria International Airport (SJO),Costa Rica,6,0, Substantial, Written off (damaged beyond repair),North American Rockwell Sabreliner 70,2,Pratt & Whitney JT12A-8 Turbo Wasp,1971,-,-, N726JR, 370-4,Jet Lease Corp.,Executive,-,San José-Juan Santamaria International Airport,SJO,MROC,Costa Rica,Cartagena Airport,CTG,SKCG,Colombia,-,-,0,0,-,-,Preliminary
20070905-0,Wednesday,05-SEP-2007,05:33,A1, En route (ENR),"13 km (8.1 mls) E of Cross City Airport, FL (CTY)",United States of America,1,0, Damaged beyond repair,-,Cessna 208B Grand Caravan,1,Pratt & Whitney Canada PT6A-114A,1998,-,7844.0, N702PA, 208B0702,Paragon Air Express,Ferry/positioning,-,Mobile Downtown Airport,BFM,KBFM,United States of America,Tampa International Airport,TPA,KTPA,United States of America,1,0,0,0,-,-,Final
20070907-0,Friday,07-SEP-2007,12:00,A1, Landing (LDG),Goma Airport (GOM),Democratic Republic of the Congo,8,8, Destroyed, Written off (damaged beyond repair),Antonov An-12BP,4,Ivchenko AI-20M,1963,-,-, 4L-SAS, 3341108,Galaxy Incorporation,Cargo,-,Kisangani-Bangoka International Airport,FKI,FZIC,Democratic Republic of the Congo,Goma Airport,GOM,FZNA,Democratic Republic of the Congo,5,3,5,3,-,-,Preliminary
20070909-0,Sunday,09-SEP-2007,15:57,A1, Landing (LDG),Aalborg Airport (AAL),Denmark,73,0, Damaged beyond repair,-,de Havilland Canada DHC-8-402 Q400,2,Pratt & Whitney Canada PW150A,2000,14795.0,12141.0, LN-RDK, 4025,SAS,Domestic Scheduled Passenger,1209,København-Kastrup Airport,CPH,EKCH,Denmark,Aalborg Airport,AAL,EKYT,Denmark,4,69,0,0,-,-,Final
20070911-0,Tuesday,11-SEP-2007,07:10,A1, En route (ENR),10 km (6.3 mls) N of Port-au-Prince Airport (PAP),Haiti,9,0, Substantial, Written off (damaged beyond repair),Cessna 208B Grand Caravan,1,Pratt & Whitney Canada PT6A-114A,1999,-,-, HH-CAW, 208B0748,Caribintair,Domestic Scheduled Passenger,-,Port-au-Prince Airport,PAP,MTPP,Haiti,Cap Haitien Airport,CAP,MTCH,Haiti,1,8,0,0,-,-,Preliminary
20070912-0,Wednesday,12-SEP-2007,01:36,A1, Landing (LDG),Vilnius Airport (VNO),Lithuania,52,0, Damaged beyond repair,-,de Havilland Canada DHC-8-402 Q400,2,Pratt & Whitney Canada PW150A,2001,-,-, LN-RDS, 4035,SAS,International Scheduled Passenger,2748,København-Kastrup Airport,CPH,EKCH,Denmark,Palanga Airport,PLQ,EYPA,Lithuania,4,48,0,0,-,-,Preliminary
20070912-1,Wednesday,12-SEP-2007,22:00,O1, Standing (STD),"Danbury Airport, CT (DXR)",United States of America,0,0, Destroyed, Written off (damaged beyond repair),Cessna 525A CitationJet CJ2,2,Williams International FJ44-2C,-,-,-, N971TB, 525A-0111,TBAC,-,-,-,-,-,-,-,-,-,-,0,0,0,0,-,-,- (No safety board investigation)
20070912-2,Wednesday,12-SEP-2007,22:00,O1, Standing (STD),"Danbury Airport, CT (DXR)",United States of America,0,0, Destroyed, Written off (damaged beyond repair),Cessna 525B CitationJet CJ3,2,Williams International FJ44-3A,2006,-,-, N525EZ, 525B-0089,Eli's Bread,-,-,-,-,-,-,-,-,-,-,0,0,0,0,-,-,- (No safety board investigation)
20070914-0,Friday,14-SEP-2007,19:29,A1, Landing (LDG),Guadalajara-Miguel Hidal Airport (GDL),Mexico,109,0, Damaged beyond repair,-,Boeing 737-2C3,2,Pratt & Whitney JT8D-17A,1975,-,-, XA-MAC, 21014/397,Magnicharters,Domestic Non Scheduled Passenger, 582,Cancún Airport,CUN,MMUN,Mexico,Guadalajara-Don Miguel Hidalgo y Costilla International Airport,GDL,MMGL,Mexico,6,103,0,0,-,-,Preliminary
20070914-1,Friday,14-SEP-2007,17:19,A1, Landing (LDG),"Atlanta-DeKalb Peachtree Airport, GA (PDK)",United States of America,4,0, Substantial, Written off (damaged beyond repair),IAI 1125 Astra SPX,2,AlliedSignal TFE731-2-2B,1998,-,4194.0, N100G, 092,Hawk Flight,Executive,-,Coatesville-Chestercounty Carlson Airport,CTH,KMQS,United States of America,Atlanta-DeKalb Peachtree Airport,PDK,KPDK,United States of America,2,2,0,0,-,-,Final
20070915-0,Saturday,15-SEP-2007,-,A1, Standing (STD),Pointe Noire Airport (PNR),Congo,-,0, Damaged beyond repair,-,Antonov An-12B,4,Ivchenko AI-20M,1972,-,-, UR-CEN, 02348203,Veteran Airline,Unknown,-,Pointe Noire Airport,PNR,FCPP,Congo,-,-,-,-,-,-,0,0,-,-,Preliminary
20070916-0,Sunday,16-SEP-2007,15:40,A1, Landing (LDG),Phuket International Airport (HKT),Thailand,130,90, Destroyed, Written off (damaged beyond repair),McDonnell Douglas DC-9-82 (MD-82),2,Pratt & Whitney JT8D-217A,1983,35498.0,65965.0, HS-OMG, 49183/1129,Orient Thai Airlines,Domestic Scheduled Passenger,OG269,Bangkok-Don Muang International Airport,DMK,VTBD,Thailand,Phuket International Airport,HKT,VTSP,Thailand,7,123,5,85,-,-,Final
20070920-0,Thursday,20-SEP-2007,15:15,A1, Takeoff (TOF),"Mystic Lake Lodge Airstrip, AK",United States of America,1,1, Substantial, Written off (damaged beyond repair),Shorts SC.7 Skyvan 3-100,2,Garrett TPE331-2-201A,1978,-,10730.0, N2088Z, SH.1963,Arctic Circle Air Service,Ferry/positioning,-,-,-,-,-,Anchorage-Ted Stevens International Airport,ANC,PANC,United States of America,1,0,1,0,-,-,Final
20070921-0,Friday,21-SEP-2007,19:52,A2, Landing (LDG),München-Franz Josef Strauss Airport (MUC),Germany,72,0, Substantial, Repaired,de Havilland Canada DHC-8-402Q Dash 8,2,Pratt & Whitney Canada PW150A,2000,-,13382.0, D-ADHA, 4028,Lufthansa Regional,International Scheduled Passenger,LH4074,München-Franz Josef Strauss Airport,MUC,EDDM,Germany,Florence-Peretola Airport,FLR,LIRQ,Italy,4,68,0,0,-,-,Final
20070922-0,Saturday,22-SEP-2007,11:45,A2, Landing (LDG),Kamburu Airstrip,Kenya,1,0, Substantial, Repaired,Beechcraft 200 Super King Air,2,Pratt & Whitney Canada PT6A-41,1980,-,-, 5Y-HHK, BB-696,Blue Bird Aviation,Unknown,-,-,-,-,-,-,-,-,-,1,0,0,0,-,-,Preliminary - official
20070924-0,Monday,24-SEP-2007,-,A1, Landing (LDG),2 km (1.3 mls) from  Tixkokob,Mexico,4,0, Destroyed, Written off (damaged beyond repair),Grumman American G-1159 Gulfstream II,2,Rolls-Royce Spey 511,1975,-,-, N987SA, 172,Donna Blue Aircraft,Illegal Flight,-,-,-,-,-,Cancún Airport,CUN,MMUN,Mexico,4,0,0,0,-,-,Preliminary
20070924-1,Monday,24-SEP-2007,-,A1, Landing (LDG),Malemba Nkulu,Democratic Republic of the Congo,7,1, Damaged beyond repair,-,Let L-410UVP,-,-,1981,-,-, 9Q-CVL, 810617,Free Airlines,Passenger,-,Lubumbashi-Luano Airport,FBM,FZQA,Democratic Republic of the Congo,-,-,-,-,3,4,1,0,-,-,Preliminary
20070926-0,Wednesday,26-SEP-2007,04:37,A1, Initial climb (ICL),Entebbe Airport (EBB),Uganda,2,2, Damaged beyond repair,-,Reims Cessna F406 Caravan II,2,Pratt & Whitney Canada PT6A-112,1988,-,-, ZS-SSD, F406-0027,Fugro Airborne Surveys,Survey/research,-,Entebbe Airport,EBB,HUEN,Uganda,Masindi Airport,KCU,HUMI,Uganda,2,0,2,0,-,-,-
20070928-0,Friday,28-SEP-2007,13:13,A2, En route (ENR),"Saint Louis-Lambert International Airport, MO (STL)",United States of America,143,0, Substantial, Repaired,McDonnell Douglas DC-9-82 (MD-82),2,Pratt & Whitney JT8D-219,1988,-,-, N454AA, 49559/1460,American Airlines,Domestic Scheduled Passenger,AA1400,Saint Louis-Lambert International Airport,STL,KSTL,United States of America,Chicago-O'Hare International Airport,ORD,KORD,United States of America,5,138,0,0,-,-,Final
20070929-0,Saturday,29-SEP-2007,-,A1, En route (ENR),210 km (131.3 mls) S of Kisangani,Democratic Republic of the Congo,7,7, Damaged beyond repair,-,Antonov An-12BK,-,-,1970,-,-, 9Q-CZB, 00347003,KNG Transavia Cargo,Cargo,-,Kisangani-Bangoka International Airport,FKI,FZIC,Democratic Republic of the Congo,Goma Airport,GOM,FZNA,Democratic Republic of the Congo,7,0,7,0,-,-,-
20071004-0,Thursday,04-OCT-2007,10:40,A1, Initial climb (ICL),2 km (1.3 mls) SW of Kinshasa-N'Djili Airport (FIH),Democratic Republic of the Congo,22,21, Destroyed, Written off (damaged beyond repair),Antonov An-26,-,-,1979,-,-, 9Q-COS, 8807,El Sam Airlift,Cargo,-,Kinshasa-N'Djili Airport,FIH,FZAA,Democratic Republic of the Congo,Tshikapa Airport,TSH,FZUK,Democratic Republic of the Congo,5,17,4,17,-,28,Preliminary
20071004-1,Thursday,04-OCT-2007,18:44,A1, Maneuvering (MNV),Lake Durusu,Turkey,3,0, Destroyed, Written off (damaged beyond repair),Canadair CL-215-1A10,2,Pratt & Whitney R-2800-CA3,1974,-,-, I-SRME, 1049,SOREM,Fire fighting,-,Istanbul-Atatürk International Airport,IST,LTBA,Turkey,Istanbul-Atatürk International Airport,IST,LTBA,Turkey,3,0,0,0,-,-,Preliminary - official
20071004-2,Thursday,04-OCT-2007,10:50,A2, En route (ENR),over Düsseldorf-Dormagen,Germany,125,0, Substantial, Repaired,Airbus A330-322,2,Pratt & Whitney PW4168,1996,-,-, D-AERK, 120,LTU,International Scheduled Passenger,-,Düsseldorf International Airport,DUS,EDDL,Germany,Thessaloniki International Airport,SKG,LGTS,Greece,11,114,0,0,-,-,Final
20071007-0,Sunday,07-OCT-2007,19:59,A1, En route (ENR),"ca 55 km WSW of Naches, WA",United States of America,10,10, Destroyed, Written off (damaged beyond repair),Cessna 208B Grand Caravan,1,Pratt & Whitney Canada PT6A-114A,1994,-,9604.0, N430A, 208B0415,Kapowsin Air Sports,Parachuting,-,-,-,-,-,Shelton-Sanderson Field,SHN,KSHN,United States of America,1,9,1,9,-,-,Final
20071007-2,Sunday,07-OCT-2007,21:35,A1, Approach (APR),ca 9 km from Santo Domingo Airport (STD),Venezuela,2,2, Destroyed, Written off (damaged beyond repair),Grumman American G-1159 Gulfstream II B,-,-,1972,-,-, XB-KKU, 119,private,Unknown,-,Bonaire-Flamingo International Airport,BON,TNCB,Caribbean Netherlands,Santo Domingo-Mayor Buenaventura Vivas Airport,STD,SVSO,Venezuela,2,0,2,0,-,-,-
20071008-0,Monday,08-OCT-2007,15:50,A1, En route (ENR),ca 33 km NE of Cubarral,Colombia,17,17, Destroyed, Written off (damaged beyond repair),Let L-410UVP-E10A,2,Walter M-601E,1991,-,2435.0, HK-4055, 912521,Nacional de Aviación,Domestic Scheduled Passenger,-,Villavicencio-La Vanguardia Airport,VVC,SKVV,Colombia,-,-,-,-,2,15,2,15,-,-,Final
20071011-0,Thursday,11-OCT-2007,-,A1, Landing (LDG),Istanbul-Atatürk International Airport (IST),Turkey,163,0, Substantial, Written off (damaged beyond repair),McDonnell Douglas DC-9-83 (MD-83),2,Pratt & Whitney JT8D-219,1996,-,-, SU-BOY, 53191/2151,AMC Aviation,Int'l Non Scheduled Passenger,4270,Hurghada Airport,HRG,HEGN,Egypt,Warszawa-Okecie Airport,WAW,EPWA,Poland,7,156,0,0,-,-,Preliminary
20071011-1,Thursday,11-OCT-2007,20:22,A1, Initial climb (ICL),Bogotá-Eldorado Airport (BOG),Colombia,5,5, Damaged beyond repair,-,Beechcraft B200 Super King Air,2,Pratt & Whitney Canada PT6A-41,1978,-,10934.0, HK-4422, BB-377,Rio Sur,Ambulance,-,Bogotá-Eldorado Airport,BOG,SKBO,Colombia,Leticia-Alfredo Vásquez Cobo Airport,LET,SKLT,Colombia,2,3,2,3,-,2,Final
20071013-0,Saturday,13-OCT-2007,19:30,A2, Takeoff (TOF),"Sydney-Kingsford Smith International Airport, NSW (SYD)",Australia,2,0, Substantial, Repaired,Embraer EMB-120ER Brasilia,-,-,1988,-,-, VH-EEB, 120117,Pel-Air,Cargo,-,Sydney-Kingsford Smith International Airport,SYD,YSSY,Australia,Melbourne-Tullamarine Airport,MEL,YMML,Australia,2,0,0,0,-,-,Final
20071014-0,Sunday,14-OCT-2007,23:50,A2, Landing (LDG),"Olathe-New Century AirCenter, KS (JCI)",United States of America,2,0, Substantial, Repaired,Rockwell Sabreliner 65,2,Garrett TFE731-3R-1D,1979,-,-, N65BT, 465-3,Sabre 65,Ferry/positioning,-,Kansas City Downtown Municipal Airport,MKC,KMKC,United States of America,Olathe-New Century AirCenter,JCI,KIXD,United States of America,2,0,0,0,-,-,Final
20071017-0,Wednesday,17-OCT-2007,21:00,A1, En route (ENR),25 km (15.6 mls) W of Phnom Penh-Pochentong Airport (PNH),Cambodia,5,0, Substantial, Written off (damaged beyond repair),Antonov An-12BP,4,Ivchenko AI-20M,1964,-,-, XU-365, 402601,Imtrec Aviation,Cargo,-,Phnom Penh-Pochentong Airport,PNH,VDPP,Cambodia,Singapore-Changi International Airport,SIN,WSSS,Singapore,5,0,0,0,-,-,Preliminary
20071017-1,Wednesday,17-OCT-2007,19:30,A1, En route (ENR),Guadalcanal-Los Tomillares Airstrip,Spain,2,1, Destroyed, Written off (damaged beyond repair),Britten-Norman BN-2A-21 Islander,2,Lycoming IO-540-K1B5,1977,8900.0,8500.0, G-CHES, 2011,Auxiliar de Actividades Aérea,Ferry/positioning,-,-,-,-,-,-,-,-,-,2,0,1,0,-,-,Final
20071017-2,Wednesday,17-OCT-2007,10:10,A1, Landing (LDG),"Goodland-Renner Field, KS (GLD)",United States of America,2,0, Substantial, Written off (damaged beyond repair),Learjet 35A,2,Garrett TFE731-2-2B,1979,-,5565.0, N31MC, 35A-270,JaGee Ventures,Executive,-,Fort Worth-Meacham Field,FTW,KFTW,United States of America,Goodland-Renner Field,GLD,KGLD,United States of America,2,0,0,0,-,-,Final
20071025-0,Thursday,25-OCT-2007,08:59,A1, Landing (LDG),"Chibougamau Airport, QC (YMT)",Canada,2,2, Damaged beyond repair,-,Beechcraft A100 King Air,-,-,1973,-,-, C-FNIF, B-178,Air Creebec,Domestic Scheduled Passenger, 501,Val-dOr Airport,YVO,CYVO,Canada,Chibougamau/Chapais Airport,YMT,CYMT,Canada,2,0,2,0,-,-,Final
20071026-0,Friday,26-OCT-2007,06:45,A1, Landing (LDG),Butuan Airport (BXU),Philippines,154,0, Substantial, Written off (damaged beyond repair),Airbus A320-214,2,CFMI CFM56-5B4,1997,-,-, RP-C3224, 753,Philippine Air Lines,Domestic Scheduled Passenger, 475,Manila-Ninoy Aquino International Airport,MNL,RPLL,Philippines,Butuan Airport,BXU,RPWE,Philippines,6,148,0,0,-,-,Preliminary
20071027-0,Saturday,27-OCT-2007,16:53,A2, Landing (LDG),København-Kastrup Airport (CPH),Denmark,44,0, Substantial, Repaired,de Havilland Canada DHC-8-402 Q400,2,Pratt & Whitney Canada PW150A,2000,14967.0,12071.0, LN-RDI, 4024,SAS,International Scheduled Passenger,2867,Bergen-Flesland Airport,BGO,ENBR,Norway,København-Kastrup Airport,CPH,EKCH,Denmark,4,40,0,0,-,-,Final
20071027-1,Saturday,27-OCT-2007,11:10,A1, Landing (LDG),"Atlantic City International Airport, NJ (ACY)",United States of America,4,0, Substantial, Written off (damaged beyond repair),Cessna 650 Citation III,-,-,1985,-,7052.0, N697MC, 650-0097,Northeast Air & Sea Services,Private,-,Farmingdale-Republic Field,FRG,KFRG,United States of America,Atlantic City International Airport,ACY,KACY,United States of America,2,2,0,0,-,-,Final
20071028-0,Sunday,28-OCT-2007,02:07,A2, Approach (APR),Katowice-Pyrzowice Airport (KTW),Poland,122,0, Substantial, Repaired,Boeing 737-85P,2,CFMI CFM56-7B26,1999,-,-, EC-HBM, 28382/256,Air Europa,Int'l Non Scheduled Passenger,UX911,Beirut Airport,BEY,OLBA,Lebanon,Katowice-Pyrzowice Airport,KTW,EPKT,Poland,8,114,0,0,-,-,Final
20071029-0,Monday,29-OCT-2007,13:58,A2, Takeoff (TOF),"Santa Ana-John Wayne International Airport, CA (SNA)",United States of America,8,0, Substantial, Repaired,Hawker 800XP,2,Garrett TFE731-5BR-1,1995,-,4417.0, N800CC, 258266,CIT Leasing Corp.,Executive,-,Santa Ana-John Wayne International Airport,SNA,KSNA,United States of America,Denver International Airport,DEN,KDEN,United States of America,2,6,0,0,-,-,Final
20071031-0,Wednesday,31-OCT-2007,20:40,A1, Takeoff (TOF),Panama-Albrook Marcos A. Gelabert International Airport (BLB),Panama,13,0, Damaged beyond repair,-,Fokker F-27 Friendship 200,2,Rolls-Royce Dart 532-7R,1966,-,-, HP-1541PST, 10297,Air Panamá,Domestic Scheduled Passenger,-,Panama City Albrook-Marcos A. Gelabert International Airport,BLB,MPLB,Panama,Bocas Del Toro Airport,BOC,MPBO,Panama,4,9,0,0,-,-,Preliminary - official
20071031-1,Wednesday,31-OCT-2007,-,A1, Landing (LDG),near Tripoli,Libya,-,0, Damaged beyond repair,-,Antonov An-26,-,-,-,-,-, 5A-DOZ, 12504,Libyan Air Cargo,Unknown,-,-,-,-,-,-,-,-,-,-,-,0,0,-,-,-
20071099-0,-,xx-OCT-2007,-,A1, Landing (LDG),Bamako Airport (BKO),Mali,-,0, Damaged beyond repair,-,Ilyushin Il-76TD,4,Soloviev D-30KP-2,1984,-,-, 5A-DNQ, 0043454641,Jamahiriya Air Transport,Unknown,-,-,-,-,-,Bamako Airport,BKO,GABS,Mali,-,-,0,0,-,-,Preliminary
20071101-0,Thursday,01-NOV-2007,13:24,A1, Landing (LDG),Malang-Abdul Rachman Saleh Airport (MLG),Indonesia,94,0, Substantial, Written off (damaged beyond repair),Boeing 737-230 Adv.,2,Pratt & Whitney JT8D-15,1981,-,57823.0, PK-RIL, 22137/788,Mandala Airlines,Domestic Scheduled Passenger,RI260,Jakarta-Soekarno-Hatta International Airport,CGK,WIII,Indonesia,Malang-Abdul Rachman Saleh Airport,MLG,WARA,Indonesia,5,89,0,0,-,-,Final
20071104-0,Sunday,04-NOV-2007,14:09,A1, Initial climb (ICL),"0,8 km (0.5 mls) N of São Paulo-Campo de Marte Airport, SP",Brazil,2,2, Destroyed, Written off (damaged beyond repair),Learjet 35A,2,Garrett TFE731-2-2B,1981,-,10583.0, PT-OVC, 35A-399,Reali Táxi Aéreo,Ferry/positioning,-,-,-,-,-,Rio de Janeiro-Santos Dumont Airport,SDU,SBRJ,Brazil,2,0,2,0,-,6,Final
20071104-1,Sunday,04-NOV-2007,-,A1, Approach (APR),30 km (18.8 mls) from  Santa Elena,Guatemala,2,2, Destroyed, Written off (damaged beyond repair),Beechcraft A100 King Air,-,-,1973,-,-, XB-JVV, B-170,private,Illegal Flight,-,-,-,-,-,Flores-Santa Elena Airport,FRS,MGFL,Guatemala,2,0,2,0,-,-,-
20071105-0,Monday,05-NOV-2007,08:50,A1, Initial climb (ICL),1 km (0.6 mls) W of Culiacán-Fedl de Bachigualato Airport (CUL),Mexico,15,0, Damaged beyond repair,-,Cessna 208B Grand Caravan,1,Pratt & Whitney Canada PT6A-114A,2004,-,-, XA-UBC, 208B1046,Aéreo Calafia,Domestic Scheduled Passenger, 126,Culiacán-Fedl de Bachigualato Airport,CUL,MMCL,Mexico,-,-,-,-,1,14,0,0,-,-,Preliminary - official
20071106-0,Tuesday,06-NOV-2007,09:18,A1, Takeoff (TOF),"1,2 km (0.8 mls) W of Chino Airport, CA (CNO)",United States of America,2,2, Damaged beyond repair,-,Beechcraft A100 King Air,2,Pratt & Whitney Canada PT6A-28,1973,-,11849.0, N30GC, B-177,RHB-JMJ,Executive,-,Chino Airport,CNO,KCNO,United States of America,Visalia Airport,VIS,KVIS,United States of America,1,1,1,1,-,-,Final
20071107-0,Wednesday,07-NOV-2007,15:50,A1, Takeoff (TOF),Cape Town International Airport (CPT),South Africa,112,0, Minor, Written off (damaged beyond repair),Boeing 737-230,2,Pratt & Whitney JT8D-15A,1981,-,57075.0, ZS-OEZ, 22118/704,Nationwide Airlines,Domestic Scheduled Passenger, 723,Cape Town International Airport,CPT,FACT,South Africa,Johannesburg-O.R. Tambo International Airport,JNB,FAOR,South Africa,6,106,0,0,-,-,Final
20071108-0,Thursday,08-NOV-2007,08:07,A1, Landing (LDG),Khartoum-Civil Airport (KRT),Sudan,4,0, Destroyed, Written off (damaged beyond repair),Antonov An-12TB,4,Ivchenko AI-20M,1963,7220.0,11787.0, ST-JUA, 3341110,Juba Air Cargo,Cargo, 700,Khartoum-Civil Airport,KRT,HSSS,Sudan,Juba Airport,JUB,HSSJ,South Sudan,4,0,0,0,-,2,Final
20071109-0,Friday,09-NOV-2007,17:06,A1, Landing (LDG),Quito-Mariscal Sucre Airport (UIO),Ecuador,359,0, Substantial, Written off (damaged beyond repair),Airbus A340-642,4,Rolls-Royce Trent 556A2-61,2006,965.0,8704.0, EC-JOH, 731,Iberia,International Scheduled Passenger,IB6463,Madrid-Barajas Airport,MAD,LEMD,Spain,Quito-Mariscal Sucre Airport,UIO,SEQU,Ecuador,14,345,0,0,-,-,Final
20071111-0,Sunday,11-NOV-2007,14:34,A1, Landing (LDG),"Fox Harbour Airport, NS",Canada,10,0, Substantial, Written off (damaged beyond repair),Bombardier BD-700-1A11 Global 5000,2,Rolls-Royce BR700-710A2-20,2006,26.0,92.0, C-GXPR, 9211,Jetport,Executive,-,Hamilton Airport,YHM,CYHM,Canada,-,-,-,-,2,8,0,0,-,-,Final
20071115-0,Thursday,15-NOV-2007,17:10,O1, Standing (STD),Toulouse-Blagnac Airport (TLS),France,9,0, Destroyed, Written off (damaged beyond repair),Airbus A340-642X,4,Rolls-Royce Trent 556A2-61,2007,-,-, F-WWCJ, 856,Airbus Industrie,-,-,-,-,-,-,-,-,-,-,9,0,0,0,-,-,Final
20071129-0,Thursday,29-NOV-2007,01:00,A1, Landing (LDG),"Santa Inés, Isletas, Colón",Honduras,-,0, Damaged beyond repair,-,Beechcraft 200 Super King Air,-,-,1980,-,-, YV1387, BB-602,Unknown,Illegal Flight,-,-,-,-,-,-,-,-,-,-,-,0,0,-,-,-
20071130-0,Friday,30-NOV-2007,01:36,A1, Approach (APR),12 km (7.5 mls) WNW of Isparta Airport (ISE),Turkey,57,57, Destroyed, Written off (damaged beyond repair),McDonnell Douglas DC-9-83 (MD-83),2,Pratt & Whitney JT8D-219,1994,-,-, TC-AKM, 53185/2090,Atlasjet,Domestic Scheduled Passenger,4203,Istanbul-Atatürk International Airport,IST,LTBA,Turkey,Isparta-Süleyman Demirel Airport,ISE,LTFC,Turkey,7,50,7,50,-,-,Preliminary
20071204-0,Tuesday,04-DEC-2007,-,A1, Takeoff (TOF),Corozal Airport (CZH),Belize,12,0, Substantial, Written off (damaged beyond repair),Cessna 208B Grand Caravan,1,Pratt & Whitney Canada PT6A-114A,1996,-,-, V3-HFS, 208B0579,Maya Island Air,Domestic Scheduled Passenger,-,-,-,-,-,San Pedro Airport,SPR,MZSP,Belize,1,11,0,0,-,-,Preliminary
20071205-0,Wednesday,05-DEC-2007,06:51,A1, En route (ENR),"1,6 km (1 mls) ESE of Columbus-Rickenbacker International Airport, OH (LCK)",United States of America,2,2, Damaged beyond repair,-,Cessna 208B Super Cargomaster,1,Pratt & Whitney Canada PT6A-114A,1999,9033.0,9936.0, N28MG, 208B0732,Castle Aviation,Cargo,-,Columbus-Rickenbacker International Airport,LCK,KLCK,United States of America,Buffalo Municipal Airport,BUF,KBUF,United States of America,1,1,1,1,-,-,Final
20071210-0,Monday,10-DEC-2007,-,O1, Standing (STD),Corentyne,Guyana,-,0, Damaged beyond repair,-,Let L-410,-,-,-,-,-, registration unknown,-,Unknown,Illegal Flight,-,-,-,-,-,-,-,-,-,-,-,0,0,-,-,-
20071210-1,Monday,10-DEC-2007,07:55,A1, Approach (APR),"Salmon-Lemhi County Airport, ID (SMN)",United States of America,4,2, Damaged beyond repair,-,Beechcraft 200 Super King Air,2,Pratt & Whitney Canada PT6A-41,1980,-,-, N925TT, BB-746,QB Corporation,Executive,-,Salmon-Lemhi County Airport,SMN,KSMN,United States of America,Boise Air Terminal,BOI,KBOI,United States of America,1,3,1,1,-,-,Final
20071212-0,Wednesday,12-DEC-2007,12:45,A2, Taxi (TXI),Nairobi-Wilson Airport (WIL),Kenya,-,0, Substantial, Repaired,Cessna 208B Grand Caravan,1,Pratt & Whitney Canada PT6A-114A,-,-,-, 5Y-SLA, 208B0574,SafariLink,Domestic Scheduled Passenger,-,Mara Lodges Airport,MRE,HKMS,Kenya,Nairobi-Wilson Airport,WIL,HKNW,Kenya,-,-,0,0,-,-,Preliminary
20071212-1,Wednesday,12-DEC-2007,12:45,A2, Taxi (TXI),Nairobi-Wilson Airport (WIL),Kenya,-,0, Minor, unk,de Havilland Canada DHC-5D Buffalo,2,General Electric CT64-820-4,1975,-,-, 5Y-MEG, 62,Trident Aviation,Cargo,-,Lokichoggio Airport,LKG,HKLK,Kenya,Nairobi-Wilson Airport,WIL,HKNW,Kenya,-,-,0,0,-,-,Preliminary
20071216-0,Sunday,16-DEC-2007,16:48,A2, Landing (LDG),"Providence-Theodore Francis Greene State Airport, RI (PVD)",United States of America,34,0, Substantial, Repaired,Canadair CL-600-2B19 Regional Jet CRJ-200LR,2,General Electric CF34-3B1,2004,-,8929.0, N470ZW, 7927,US Airways Express,Domestic Scheduled Passenger, 758A,Philadelphia International Airport,PHL,KPHL,United States of America,Providence-Theodore Francis Greene State Airport,PVD,KPVD,United States of America,3,31,0,0,-,-,Final
20071216-1,Sunday,16-DEC-2007,11:26,A1, Takeoff (TOF),La Ceiba Airport (LCE),Honduras,-,0, Damaged beyond repair,-,Fairchild F-27F,2,Rolls-Royce Dart 529-7E,1962,-,-, HR-ATI, 95,Atlantic Airlines,Domestic Scheduled Passenger,ZF804,La Ceiba Airport,LCE,MHLC,Honduras,Roatán Airport,RTB,MHRO,Honduras,-,-,0,0,-,-,-
20071217-0,Monday,17-DEC-2007,08:00,A2, Landing (LDG),"Vernal Airport, UT (VEL)",United States of America,1,0, Substantial, Repaired,Beechcraft C99 Commuter,2,Pratt & Whitney Canada PT6A-36,1983,-,-, N206AV, U-206,Ameriflight,Cargo,4844,-,-,-,-,Vernal Airport,VEL,KVEL,United States of America,1,0,0,0,-,-,- (No safety board investigation)
20071218-0,Tuesday,18-DEC-2007,08:56,A1, Initial climb (ICL),"3 km (1.9 mls) WNW of Bethel Airport, AK (BET)",United States of America,2,0, Damaged beyond repair,-,Cessna 208B Grand Caravan,1,Pratt & Whitney Canada PT6A-114A,1991,-,-, N5187B, 208B0270,Arctic Circle Air Service,Cargo, 218,Bethel Airport,BET,PABE,United States of America,Hooper Bay Airport,HPB,PAHP,United States of America,1,1,0,0,-,-,Final
20071219-0,Wednesday,19-DEC-2007,18:00,A2, En route (ENR),"near Pittsburgh-Allegheny County Airport, PA (AGC)",United States of America,2,0, Substantial,-,Cessna 510 Citation Mustang,-,-,2007,-,-, N13616, 510-0049,Spectator Grupa,Ferry/positioning,-,Independence Airport,IDP,KIDP,United States of America,Pittsburgh-Allegheny County Airport,AGC,KAGC,United States of America,2,0,0,0,-,-,Final
20071220-0,Thursday,20-DEC-2007,17:00,A1, En route (ENR),"42 km (26.3 mls) WNW off  Chub Cay, Bahamas",Pacific Ocean,2,0, Damaged beyond repair,-,Cessna 208B Grand Caravan,1,Pratt & Whitney Canada PT6A-114A,1996,-,7390.0, N954PA, 208B0556,Agape Flights,Ferry/positioning,-,-,-,-,-,West Palm Beach International Airport,PBI,KPBI,United States of America,2,0,0,0,-,-,Final
20071220-1,Thursday,20-DEC-2007,01:23,A2, Takeoff (TOF),Mt. Patterson,Antarctica,10,0, Substantial, Repaired,Basler BT-67 Turbo 67 (DC-3T),2,Pratt & Whitney Canada PT6A-67R,1942,-,-, C-FMKB, 19560,Kenn Borek Air,Survey/research,-,-,-,-,-,-,-,-,-,2,8,0,0,-,-,Final
20071226-0,Wednesday,26-DEC-2007,03:02,A1, Takeoff (TOF),Almaty Airport (ALA),Kazakhstan,4,1, Destroyed, Written off (damaged beyond repair),Canadair CL-600-2B16 Challenger 604,-,-,2000,4556.0,7882.0, D-ARWE, 5454,Jet Connection Business Flight,Executive, 826,Almaty Airport,ALA,UAAA,Kazakhstan,Bangkok-Suvarnabhumi International Airport,BKK,VTBS,Thailand,3,1,1,0,-,-,Final
20071227-0,Thursday,27-DEC-2007,-,C1, En route (ENR),5 km (3.1 mls) SE of Nyala,Sudan,-,-, Damaged beyond repair,-,Antonov,-,-,-,-,-, registration unknown,-,Sudan AF,Military,-,-,-,-,-,-,-,-,-,-,-,-,-,-,-,Preliminary
20071230-0,Sunday,30-DEC-2007,11:30,A1, Approach (APR),off Sabang,Indonesia,7,5, Damaged beyond repair,-,GAF Nomad N.22B,-,-,1992,-,-, P-833, 168,Indonesian Navy,Military,-,Sabang-Maimun Saleh Airport,SBG,WITB,Indonesia,Medan-Polonia Airport,MES,WIMM,Indonesia,7,0,5,0,-,-,Preliminary
20071230-1,Sunday,30-DEC-2007,11:27,A1, Takeoff (TOF),Bucharest-Otopeni International Airport (OTP),Romania,123,0, Substantial, Written off (damaged beyond repair),Boeing 737-38J,2,CFMI CFM56-3C1,1994,-,-, YR-BGC, 27181/2662,Tarom,Int'l Non Scheduled Passenger,3107,Bucharest-Otopeni International Airport,OTP,LROP,Romania,Sharm el Sheikh-Ophira Airport,SSH,HESH,Egypt,6,117,0,0,-,-,Final
20071231-0,Monday,31-DEC-2007,-,A2, Landing (LDG),Freetown-Lungi International Airport (FNA),Sierra Leone,-,0, Substantial, Repaired,Antonov An-12BP,4,Ivchenko AI-20M,1966,-,-, UR-TSI, 6344701,Africa West Airlines,Cargo,-,-,-,-,-,Freetown-Lungi International Airport,FNA,GFLL,Sierra Leone,-,-,0,0,-,-,Preliminary
20079999-0,-,xx-xxx-2007,-,A1, Landing (LDG),Bunia Airport (BUX),Democratic Republic of the Congo,-,0, Damaged beyond repair,-,Antonov An-12BP,4,Ivchenko AI-20M,1969,-,-, S9-DBP, 8346201,Unknown,Cargo,-,-,-,-,-,Bunia Airport,BUX,FZKA,Democratic Republic of the Congo,-,-,0,0,-,-,Preliminary
20079999-1,-,xx-xxx-2007,-,O1, Standing (STD),"Mojave Air & Space Port, CA (MHV)",United States of America,0,0, Damaged beyond repair,-,Rockwell Sabreliner 60,-,-,1975,-,-, N211BR, 306-85,Flight Research,-,-,-,-,-,-,-,-,-,-,0,0,0,0,-,-,-
