identifiant,week_day,date,time,type_event,phase,location,country,total_occupants,total_fatalities,aircraft_damage,aircraft_fate,type_aircraft,number_engines,type_engines,first_flight,cycles,total_airframe_hours,registration,c_n_msn,operator,nature,flight_number,departure_airport_name,departure_airport_IATA,departure_airport_ICAO,departure_airport_country,destination_airport_name,destination_airport_IATA,destination_airport_ICAO,destination_airport_country,crew_number,passengers_number,crew_fatalities,passengers_fatalities,collision_casualties,ground_casualties,status
19601212-0,Monday,12-DEC-1960,14:45,A1, En route (ENR),"21 km (13.1 mls) E off  South Head, Sydney, NSW",Australia,3,3, Destroyed, Written off (damaged beyond repair),Douglas DC-3C,2,Wright R-1820-G202A,1943,-,33027.0, VH-INI, 12252,Airlines of NSW,Training,-,Sydney-Kingsford Smith International Airport,SYD,YSSY,Australia,Sydney-Kingsford Smith International Airport,SYD,YSSY,Australia,3,0,3,0,-,-,Final
19601214-0,Wednesday,14-DEC-1960,-,O1, Standing (STD),Mawson Station,Antarctica,0,0, Damaged beyond repair,-,Douglas C-47B-25-DK (DC-3),2,Pratt & Whitney R-1830-90C,1945,-,-, A65-81, 32673/15925,RAAF,Military,-,-,-,-,-,-,-,-,-,0,0,0,0,-,-,-
19601215-1,Thursday,15-DEC-1960,-,C1, Standing (STD),Vientiane-Wattay (VTE),Laos,-,-, Damaged beyond repair,-,Douglas C-47D,2,Pratt & Whitney R-1830-90,1944,-,-, XW-PAD, 26696/15251,Air Laos,Unknown,-,-,-,-,-,-,-,-,-,-,-,-,-,-,-,-
19601216-0,Friday,16-DEC-1960,10:33,A1, Approach (APR),"New York, NY",United States of America,84,84, Destroyed, Written off (damaged beyond repair),Douglas DC-8-11,4,Pratt & Whitney JT3C-6,1959,-,2434.0, N8013U, 45290/22,United Airlines,Domestic Scheduled Passenger,UA826,Chicago-O'Hare International Airport,ORD,KORD,United States of America,New York-Idlewild International Airport,IDL,KIDL,United States of America,7,77,7,77,44,6,Final
19601216-1,Friday,16-DEC-1960,10:33,A1, Approach (APR),"Miller Army Air Station, NY",United States of America,44,44, Damaged beyond repair,-,Lockheed L-1049 Super Constellation,4,Wright R-3350 (975C18CB1),1952,-,21555.0, N6907C, 4021,TWA,Domestic Scheduled Passenger,TW266,Columbus-Port Columbus International Airport,CMH,KCMH,United States of America,New York-La Guardia Airport,LGA,KLGA,United States of America,5,39,5,39,84,-,Final
19601217-0,Saturday,17-DEC-1960,14:10,A1, En route (ENR),10 km (6.3 mls) W of München-Riem Airport (MUC),Germany,20,20, Destroyed, Written off (damaged beyond repair),Convair C-131D (CV-340),-,-,1955,-,-, 55-0291, 212,USAF,Military,-,München-Riem Airport,MUC,EDDM,Germany,London-Northolt Airport,NHT,EGWU,United Kingdom,7,13,7,13,-,32,-
19601217-1,Saturday,17-DEC-1960,-,A1, Unknown (UNK),Puerto Montt,Chile,4,4, Damaged beyond repair,-,de Havilland Canada DHC-3 Otter,-,-,1957,-,-, 933, 193,Chilean AF,Military,-,-,-,-,-,Chaiten Airport,WCH,SCTN,Chile,-,-,-,-,-,-,-
19601218-0,Sunday,18-DEC-1960,-,A2, Landing (LDG),Düsseldorf Airport (DUS),Germany,5,0, Substantial, Repaired,Vickers 804 Viscount,4,Rolls-Royce Dart 510,1957,-,-, G-AOXU, 248,BUA,Cargo,-,-,-,-,-,Düsseldorf Airport,DUS,EDDL,Germany,2,3,0,0,-,-,-
19601218-1,Sunday,18-DEC-1960,-,A1, Landing (LDG),"São Paulo-Congonhas Airport, SP (CGH)",Brazil,3,0, Damaged beyond repair,-,Curtiss C-46 Super C,-,-,1945,-,-, PP-VCT,   260,Varig,Cargo,-,-,-,-,-,São Paulo-Congonhas Airport,CGH,SBSP,Brazil,3,0,0,0,-,-,-
19601219-0,Monday,19-DEC-1960,-,A1, Approach (APR),near Vakarel,Bulgaria,5,5, Damaged beyond repair,-,Ilyushin Il-14,-,-,-,-,-, registration unknown,-,Bulgarian AF,Military,-,-,-,-,-,Sofia-Vrazhdebna Airport,SOF,LBSF,Bulgaria,5,0,5,0,-,-,-
19601221-0,Wednesday,21-DEC-1960,-,U1, Unknown (UNK),Mogadishu,Somalia,-,-, Damaged beyond repair,-,Douglas C-47-DL (DC-3),2,Pratt & Whitney R-1830-92,1942,-,-, N10785, 6084,Sinclair Somali Corp.,Unknown,-,-,-,-,-,-,-,-,-,-,-,-,-,-,-,-
19601221-1,Wednesday,21-DEC-1960,-,A1, En route (ENR),"off Newfoundland, Canada",Atlantic Ocean,9,9, Damaged beyond repair,-,Lockheed P2V Neptune,-,-,-,-,-, registration unknown,-,US Navy,Military,-,-,-,-,-,-,-,-,-,9,0,9,0,-,-,-
19601222-0,Thursday,22-DEC-1960,03:31,A1, Initial climb (ICL),4 km (2.5 mls) NNE of Cebu-Lahug Airport,Philippines,37,28, Damaged beyond repair,-,Douglas C-47A-90-DL (DC-3C),-,-,1944,-,18611.0, PI-C126, 20593,Philippine Air Lines,Domestic Scheduled Passenger, S85,-,-,-,-,Davao Airport,DVO,RPMD,Philippines,3,34,2,26,-,-,-
19601223-0,Friday,23-DEC-1960,-,O1, Standing (STD),"Yampi Sound, Koolan Island, WA",Australia,0,0, Damaged beyond repair,-,Scottish Aviation Twin Pioneer 1,2,Alvis Leonides 514,1956,-,-, VH-BHJ, 504,Australian Iron & Steel,-,-,-,-,-,-,-,-,-,-,0,0,0,0,-,-,-
19601224-1,Saturday,24-DEC-1960,11:38,A2, Landing (LDG),London Airport (LHR),United Kingdom,106,0, Substantial, Repaired,Boeing 707-436,4,Rolls-Royce Conway 508,1960,-,204.0, G-APFN, 17715/171,BOAC,Domestic Scheduled Passenger,-,Glasgow-Prestwick Airport,PIK,EGPK,United Kingdom,London Airport,LHR,EGLL,United Kingdom,11,95,0,0,-,-,Final
19601226-0,Monday,26-DEC-1960,19:42,A1, Approach (APR),"1,2 km (0.8 mls) NE of Ulyanovsk Airport (ULY)",Russia,17,17, Destroyed, Written off (damaged beyond repair),Ilyushin Il-18A,-,-,1958,178.0,144.0, CCCP-75651, 188000405,Aeroflot,Training,-,Kuybyshev Airport,KUF,UWWW,Russia,Ulyanovsk-Vostochny  Airport,ULY,UWLW,Russia,13,4,13,4,-,-,-
19609999-0,-,xx-xxx-1960,-,U1, Unknown (UNK),unknown,Unknown country,-,-, Damaged beyond repair,-,Douglas C-47A-30-DK (DC-3),-,-,1944,-,-, 348014, 25275/13830,Vietnam Air Force - VNAF,Military,-,-,-,-,-,-,-,-,-,-,-,-,-,-,-,-
19600103-0,Sunday,03-JAN-1960,10:40,A1, Maneuvering (MNV),"6,5 km (4.1 mls) NW of Taksing",India,9,9, Damaged beyond repair,-,Douglas C-47A-20-DK (DC-3),2,Pratt & Whitney R-1830-92,1944,-,17868.0, VT-CGG, 12821,Indian Airlines,Cargo,-,Jorhat-Rowriah Airport,JRH,VEJT,India,Jorhat-Rowriah Airport,JRH,VEJT,India,8,1,8,1,-,-,-
19600103-1,Sunday,03-JAN-1960,-,A1, Landing (LDG),"Philadelphia International Airport, PA (PHL)",United States of America,45,0, Damaged beyond repair,-,Lockheed L-749A Constellation,-,-,1947,-,-, N110A, 2531,Eastern Air Lines,Domestic Scheduled Passenger,-,-,-,-,-,Philadelphia International Airport,PHL,KPHL,United States of America,-,-,0,0,-,-,-
19600104-0,Monday,04-JAN-1960,-,A1, Takeoff (TOF),"Dianopolis Airport, TO (DNO)",Brazil,-,0, Damaged beyond repair,-,Curtiss C-46A-15-CU Commando,2,Pratt & Whitney R-2800-51,1943,-,-, PP-SLJ, 26535,T.A. Salvador,Unknown,-,-,-,-,-,-,-,-,-,-,-,0,0,-,-,-
19600104-1,Monday,04-JAN-1960,15:38,A1, En route (ENR),Gulf of Sirte,Libya,10,10, Missing, Presumed damaged beyond repair,de Havilland Canada U-1A Otter (DHC-3),-,-,1955,-,-, 55-2974, 47,US Army,Military,-,-,-,-,-,Benghazi-Benina International Airport,BEN,HLLB,Libya,1,9,1,9,-,-,-
19600105-0,Tuesday,05-JAN-1960,-,A1, Taxi (TXI),Malta-Luqa Airport (MLA),Malta,51,0, Damaged beyond repair,-,Vickers 701 Viscount,-,-,1953,-,-, G-AMNY,   6,BEA,International Scheduled Passenger,-,London Airport,LHR,EGLL,United Kingdom,Malta-Luqa Airport,MLA,LMML,Malta,5,46,0,0,-,-,-
19600106-0,Wednesday,06-JAN-1960,02:38,C1, En route (ENR),"2,4 km (1.5 mls) NW of Bolivia, NC",United States of America,34,34, Destroyed, Written off (damaged beyond repair),Douglas DC-6B,4,Pratt & Whitney R-2800-CB16,1952,-,24836.0, N8225H, 43742/300,National Airlines,Domestic Scheduled Passenger,2511,New York-Idlewild International Airport,IDL,KIDL,United States of America,Miami International Airport,MIA,KMIA,United States of America,5,29,5,29,-,-,Final
19600106-1,Wednesday,06-JAN-1960,-,A1, Approach (APR),Byrd Station,Antarctica,-,0, Damaged beyond repair,-,Douglas R4D-8 (Super DC-3),2,Wright R-1820-80,1944,-,-, 17154, 43373,US Navy,Military,-,-,-,-,-,-,-,-,-,-,-,0,0,-,-,-
19600107-0,Thursday,07-JAN-1960,-,A1, Landing (LDG),London Airport (LHR),United Kingdom,59,0, Destroyed, Written off (damaged beyond repair),Vickers 802 Viscount,-,-,1957,-,-, G-AOHU, 169,BEA,International Scheduled Passenger,-,Dublin Airport,DUB,EIDW,Ireland,London Airport,LHR,EGLL,United Kingdom,5,54,0,0,-,-,-
19600112-0,Tuesday,12-JAN-1960,-,A1, Landing (LDG),Plaridel Airport,Philippines,3,0, Damaged beyond repair,-,Scottish Aviation Twin Pioneer 2,2,Pratt & Whitney R-1340,1959,-,-, PI-C430, 562,Philippine Air Lines,Training,-,-,-,-,-,-,-,-,-,3,0,0,0,-,-,-
19600113-0,Wednesday,13-JAN-1960,-,A1, En route (ENR),"near Minersville, UT",United States of America,6,2, Damaged beyond repair,-,Lockheed 18 Learstar,-,-,1941,-,-, N672, 18-2069,Utah Construction & Mining Co.,Executive,-,San Francisco International Airport,SFO,KSFO,United States of America,Cedar City Airport,CDC,KCDC,United States of America,2,4,0,2,-,-,-
19600115-0,Friday,15-JAN-1960,-,A1, Unknown (UNK),12 km (7.5 mls) S of Ghardaïa,Algeria,-,5, Damaged beyond repair,-,Nord 2501 Noratlas,2,Bristol Hercules 739,1956,-,-, 102, 102,French AF,Military,-,-,-,-,-,-,-,-,-,-,-,-,-,-,-,-
19600115-1,Friday,15-JAN-1960,11:18,A1, En route (ENR),Sverdlovsk Region,Russia,4,1, Damaged beyond repair,-,Lisunov Li-2,-,-,-,-,-, CCCP-19405, 18419405,Aeroflot / Uralsk,Ferry/positioning,-,-,-,-,-,-,-,-,-,4,0,1,0,-,-,-
19600118-0,Monday,18-JAN-1960,22:19,A1, En route (ENR),"11 km (6.9 mls) ENE of Charles City, VA",United States of America,50,50, Destroyed, Written off (damaged beyond repair),Vickers 745D Viscount,4,Rolls-Royce Dart 510,1957,-,9247.0, N7462, 217,Capital Airlines,Domestic Scheduled Passenger,  20,Washington-National Airport,DCA,KDCA,United States of America,Norfolk Municipal Airport,ORF,KORF,United States of America,4,46,4,46,-,-,Final
19600119-0,Tuesday,19-JAN-1960,18:47,A1, Approach (APR),ca 10 km SW of Ankara-Esenboga Airport (ESB),Turkey,42,42, Destroyed, Written off (damaged beyond repair),Sud Aviation SE-210 Caravelle I,2,Rolls-Royce Avon 522,1959,-,-, OY-KRB,  14,SAS,Domestic Scheduled Passenger, 871,Istanbul-Yesilköy Airport,IST,LTBA,Turkey,Ankara-Esenboga Airport,ESB,LTAC,Turkey,7,35,7,35,-,-,Final
19600120-0,Wednesday,20-JAN-1960,-,A1, En route (ENR),off Brindisi,Italy,5,5, Damaged beyond repair,-,Douglas C-47 (DC-3),-,-,-,-,-, MM61770,-,Italian AF,Military,-,-,-,-,-,-,-,-,-,-,-,-,-,-,-,-
19600121-0,Thursday,21-JAN-1960,-,A1, Landing (LDG),Montego Bay Airport (MBJ),Jamaica,46,37, Damaged beyond repair,-,Lockheed L-1049E-55 Super Constellation,-,-,1954,-,-, HK-177, 4556,Avianca,International Scheduled Passenger,AV671,Miami International Airport,MIA,KMIA,United States of America,Montego Bay-Sangster International Airport,MBJ,MKJS,Jamaica,7,39,2,35,-,-,-
19600122-0,Friday,22-JAN-1960,-,A2, Landing (LDG),"Mackay Airport, QLD (MKY)",Australia,8,0, Substantial, Repaired,Fokker F-27 Friendship 200,-,-,1959,-,-, VH-TFK, 10138,Associated Airlines of Australia,Private,-,-,-,-,-,Mackay Airport,MKY,YBMK,Australia,2,6,0,0,-,-,-
19600126-0,Tuesday,26-JAN-1960,12:30,A1, En route (ENR),"NW off Bathurst Island, NT",Australia,9,9, Damaged beyond repair,-,de Havilland DH-114 Heron 2D,-,-,1959,-,-, CR-TAI, 14132,T.A. de Timor,Int'l Non Scheduled Passenger,-,Darwin Airport,DRW,YPDN,Australia,Baucau-English Madeira Airport,BCH,WPEC,East Timor,2,7,2,7,-,-,-
19600126-1,Tuesday,26-JAN-1960,-,A1, Taxi (TXI),"Rio de Janeiro-Galeão International Airport, RJ (GIG)",Brazil,-,0, Damaged beyond repair,-,Fairchild C-82A-FA Packet,-,-,-,-,-, PP-CEM, 10180,Cruzeiro do Sul,Unknown,-,-,-,-,-,-,-,-,-,-,-,0,0,-,-,-
19600126-2,Tuesday,26-JAN-1960,-,O1, Standing (STD),"Rio de Janeiro-Galeão International Airport, RJ (GIG)",Brazil,0,0, Damaged beyond repair,-,Consolidated P4Y-2 Privateer,-,-,-,-,-, ZP-CAD,-,ALAS Guaranies,-,-,-,-,-,-,-,-,-,-,0,0,0,0,-,-,-
19600129-0,Friday,29-JAN-1960,17:58,A1, Landing (LDG),"Port Hardy Airport, BC (YZT)",Canada,51,0, Damaged beyond repair,-,Curtiss C-46 Super C,-,-,1945,-,-, CF-PWD,  2940,Pacific Western,Domestic Scheduled Passenger, 104,Port Hardy Airport,YZT,CYZT,Canada,Comox Airport,YQQ,CYQQ,Canada,3,48,0,0,-,-,-
19600129-1,Friday,29-JAN-1960,-,A2, Approach (APR),Nagpur,India,3,0, Minor, Repaired,Douglas R4D-1 (DC-3),-,-,1942,-,-, AP-ABC, 6069,PIA,Ferry/positioning,-,Dhaka-Tejgaon Airport,DAC,VGTJ,Bangladesh,Nagpur-Sonegaon Airport,NAG,VANP,India,3,0,0,0,1,-,Final
19600203-0,Wednesday,03-FEB-1960,-,A1, Takeoff (TOF),"Roswell-Walker AFB, NM",United States of America,6,6, Destroyed, Written off (damaged beyond repair),Boeing KC-135A Stratotanker,4,Pratt & Whitney J57-P,1958,-,-, 56-3628, 17377/67,USAF,Military,-,-,-,-,-,-,-,-,-,6,0,6,0,-,2,-
19600203-1,Wednesday,03-FEB-1960,-,O1, Standing (STD),"Roswell-Walker AFB, NM",United States of America,0,0, Damaged beyond repair,-,Boeing KC-135A Stratotanker,4,Pratt & Whitney J57-P,1958,-,-, 57-1449, 17520/129,USAF,Military,-,-,-,-,-,-,-,-,-,0,0,0,0,-,-,-
19600203-2,Wednesday,03-FEB-1960,-,O1, Standing (STD),"Roswell-Walker AFB, NM",United States of America,0,0, Damaged beyond repair,-,Boeing KC-135A Stratotanker,4,Pratt & Whitney J57-P,1958,-,-, 57-1457, 17528/137,USAF,Military,-,-,-,-,-,-,-,-,-,0,0,0,0,-,-,-
19600205-0,Friday,05-FEB-1960,07:20,A1, En route (ENR),15 km (9.4 mls) S of Cochabamba-J Wilsterman Airport (CBB),Bolivia,59,59, Destroyed, Written off (damaged beyond repair),Douglas DC-4,-,-,1945,-,-, CP-609, 10510,LAB,Domestic Scheduled Passenger,-,Cochabamba-J Wilsterman Airport,CBB,SLCB,Bolivia,La Paz-El Alto Airport,LPB,SLLP,Bolivia,4,55,4,55,-,-,-
19600207-1,Sunday,07-FEB-1960,-,A1, En route (ENR),Straits of Florida,Atlantic Ocean,3,3, Missing, Presumed damaged beyond repair,Douglas C-53D-DO (DC-3),-,-,1943,-,-, 209, 11643,Cuban AF,Military,-,Havana-José Martí International Airport,HAV,MUHA,Cuba,Miami International Airport,MIA,KMIA,United States of America,3,0,3,0,-,-,-
19600213-1,Saturday,13-FEB-1960,-,A1, Approach (APR),"Wrightstown-McGuire AFB, NJ (WRI)",United States of America,57,0, Damaged beyond repair,-,Curtiss C-46A-30-CU Commando,2,Pratt & Whitney R-2800-51,1943,-,-, N46Q, 26684,Associated Air Transport,Domestic Non Scheduled Passenger,-,Louisville-Standiford Field,SDF,KSDF,United States of America,Wrightstown-McGuire AFB,WRI,KWRI,United States of America,3,54,0,0,-,-,-
19600217-0,Wednesday,17-FEB-1960,-,A1, En route (ENR),Hon Chay Mountain,Vietnam,3,3, Damaged beyond repair,-,Douglas R4D-5 (DC-3),-,-,1944,-,-, 17244, 25442/13997,US Navy,Military,-,Saigon-Tan Son Nhat International Airport,SGN,VVTS,Vietnam,Hue-Phu Bai Airport,HUI,VVPB,Vietnam,3,0,3,0,-,-,-
19600217-2,Wednesday,17-FEB-1960,-,A2, Taxi (TXI),Amsterdam-Schiphol International Airport (AMS),United Kingdom,3,0, Substantial, Repaired,Vickers 639 Viking 1,-,-,1946,-,-, G-AGRW, 115,Overseas Aviation,Unknown,-,-,-,-,-,Amsterdam-Schiphol International Airport,AMS,EHAM,Netherlands,3,0,0,0,-,-,-
19600219-0,Friday,19-FEB-1960,-,A1, Unknown (UNK),at an unknown location,Russia,-,-, Damaged beyond repair,-,Antonov An-2,-,-,-,-,-, CCCP-98332,-,Aeroflot / Yakutsk,Unknown,-,-,-,-,-,-,-,-,-,-,-,-,-,-,-,-
19600219-1,Friday,19-FEB-1960,-,U1, Unknown (UNK),at an unknown location,Unknown country,-,-, Damaged beyond repair,-,CASA 352 (Junkers Ju-52),-,-,-,-,-, T.2B-204, 95,Spanish AF,Military,-,-,-,-,-,-,-,-,-,-,-,-,-,-,-,-
19600219-2,Friday,19-FEB-1960,-,A1, Unknown (UNK),"Madeira, OH",United States of America,3,3, Damaged beyond repair,-,Lockheed PV-1 Ventura,-,-,-,-,-, N31CP, 5165,Champion Paper & Fibre Co.,Unknown,-,-,-,-,-,-,-,-,-,3,0,3,0,-,-,-
19600220-0,Saturday,20-FEB-1960,11:45,A1, Landing (LDG),"Buenos Aires/Ezeiza-Ministro Pistarini Airport, BA (EZE)",Argentina,6,0, Damaged beyond repair,-,de Havilland DH-106 Comet 4,4,Rolls-Royce Avon 524,1959,-,-, LV-AHO, 6410,Aerolineas Argentinas,Training,-,Buenos Aires/Ezeiza-Ministro Pistarini Airport,EZE,SAEZ,Argentina,Buenos Aires/Ezeiza-Ministro Pistarini Airport,EZE,SAEZ,Argentina,6,0,0,0,-,-,Final
19600220-1,Saturday,20-FEB-1960,-,A1, Landing (LDG),Reykjavík-Naval Air Station Keflavík (KEF/BIKF) [TF],Iceland,-,-, Damaged beyond repair,-,Lockheed P2V-7 Neptune  ,-,-,-,-,-, 135563, 726-7020,US Navy,Military,-,-,-,-,-,Keflavík Naval Air Station,KEF,BIKF,Iceland,-,-,-,-,-,-,-
19600222-0,Monday,22-FEB-1960,-,A1, Approach (APR),"Anchorage-Elmendorf AFB, AK",United States of America,4,0, Damaged beyond repair,-,Douglas C-118A (DC-6),-,-,1955,-,-, N11817, 44653/613,Alaska Airlines,Ferry/positioning,-,Anchorage International Airport,ANC,PANC,United States of America,Anchorage-Elmendorf AFB,EDF,PAED,United States of America,4,0,0,0,-,-,-
19600225-0,Thursday,25-FEB-1960,-,A1, Takeoff (TOF),Havana-Ciudad Libertad Airport,Cuba,3,3, Damaged beyond repair,-,Douglas DC-3,-,-,-,-,-, 211,-,Cuban AF,Military,-,-,-,-,-,Nueva Gerona Airport,GER,MUNG,Cuba,-,-,-,-,-,1,-
19600225-2,Thursday,25-FEB-1960,13:07,A1, Approach (APR),"Rio de Janeiro, RJ",Brazil,26,26, Damaged beyond repair,-,Douglas C-47A-25-DK (DC-3),2,Pratt & Whitney R-1830-92,1944,-,-, PP-AXD, 13326,REAL,Domestic Scheduled Passenger, 751,Campos dos Goitacazes-Bartolomeu Lisandro Airport,CAW,SBCP,Brazil,Rio de Janeiro-Santos Dumont Airport,SDU,SBRJ,Brazil,4,22,4,22,35,-,-
19600225-3,Thursday,25-FEB-1960,13:07,A1, Approach (APR),"Rio de Janeiro, RJ",Brazil,38,35, Damaged beyond repair,-,Douglas R6D-1 (DC-6),-,-,1953,-,-, 131582, 43685/307,US Navy,Int'l Non Scheduled Passenger,-,Buenos Aires/Ezeiza-Ministro Pistarini Airport,EZE,SAEZ,Argentina,Rio de Janeiro-Galeão International Airport,GIG,SBGL,Brazil,7,31,7,28,26,-,Final
19600226-1,Friday,26-FEB-1960,16:57,A1, Approach (APR),"1,4 km (0.9 mls) from  Lviv-Snilow Airport (LWO)",Ukraine,33,32, Destroyed, Written off (damaged beyond repair),Antonov An-10A,-,-,1959,-,109.0, CCCP-11180, 9401801,Aeroflot / Ukraine,Domestic Scheduled Passenger, 315,Moskva-Vnukovo Airport,VKO,UUWW,Russia,Lviv-Snilow Airport,LWO,UKLL,Ukraine,8,25,8,24,-,-,-
19600226-2,Friday,26-FEB-1960,-,A1, Initial climb (ICL),Shannon Airport (SNN),Ireland,52,34, Destroyed, Written off (damaged beyond repair),Douglas DC-7C,4,Wright R-3350 (988TC18),1958,-,-, I-DUVO, 45231/945,Alitalia,International Scheduled Passenger,AZ618,Shannon Airport,SNN,EINN,Ireland,New York-Idlewild International Airport,IDL,KIDL,United States of America,12,40,11,23,-,-,Final
19600227-1,Saturday,27-FEB-1960,-,A1, En route (ENR),"Liberty, SC",United States of America,4,0, Damaged beyond repair,-,Fairchild C-119 Flying Boxcar,-,-,-,-,-, registration unknown,-,USAF,Military,-,Greenville-Donaldson AFB,GDC,KGYH,United States of America,Greenville-Donaldson AFB,GDC,KGYH,United States of America,4,0,0,0,-,-,-
19600229-1,Monday,29-FEB-1960,-,A1, Takeoff (TOF),"Chicago-Midway Airport, IL (MDW)",United States of America,60,0, Damaged beyond repair,-,Lockheed L-1049G Super Constellation,-,-,1955,-,-, N7101C, 4582,TWA,Domestic Scheduled Passenger,-,Chicago-Midway Airport,MDW,KMDW,United States of America,Phoenix-Sky Harbor International Airport,PHX,KPHX,United States of America,6,54,0,0,-,-,-
19600299-0,-,xx-FEB-1960,-,U1, Unknown (UNK),at an unknown location,Unknown country,-,-, Damaged beyond repair,-,Douglas C-47A-5-DL (DC-3),2,Pratt & Whitney R-1830-92,1943,-,-, AN-ADQ, 9212,LANICA,Unknown,-,-,-,-,-,-,-,-,-,-,-,-,-,-,-,-
19600301-0,Tuesday,01-MAR-1960,-,A1, Approach (APR),3 km (1.9 mls) off  Gan RAF Station (GAN),Maldives,20,0, Damaged beyond repair,-,Handley Page Hastings C.1,-,-,1949,-,-, TG579, HP67/70,RAF,Military,-,Katunayake RAF Station,CMB,VCBI,Sri Lanka,Gan RAF Station,GAN,VRMG,Maldives,6,14,0,0,-,-,-
19600302-0,Wednesday,02-MAR-1960,-,A2, Landing (LDG),London Airport (LHR),United Kingdom,7,0, Substantial, Repaired,Vickers 639 Viking 1,-,-,1946,-,-, G-AGRV, 114,Hunting-Clan,Non Scheduled Passenger,-,-,-,-,-,London Airport,LHR,EGLL,United Kingdom,5,2,0,0,-,-,-
19600303-0,Thursday,03-MAR-1960,-,A2, Landing (LDG),Woolsington Airport (NCL),United Kingdom,19,0, Substantial, Repaired,Airspeed AS.57 Ambassador 2,2,Bristol Centaurus 661,1952,-,-, G-ALZW, 5219,BKS Air Transport,Scheduled Passenger,-,-,-,-,-,Woolsington Airport,NCL,EGNT,United Kingdom,4,15,0,0,-,-,-
19600303-1,Thursday,03-MAR-1960,-,U1, Unknown (UNK),at an unknown location,Unknown country,-,-, Damaged beyond repair,-,CASA 352 (Junkers Ju-52),-,-,-,-,-, T.2B-183, 74,Spanish AF,Military,-,-,-,-,-,-,-,-,-,-,-,-,-,-,-,-
19600305-0,Saturday,05-MAR-1960,18:30,A1, En route (ENR),"2,2 km (1.4 mls) SE off  Botricello",Italy,18,0, Damaged beyond repair,-,Kaiser-Frazer C-119G Flying Boxcar,-,-,-,-,-, 53-8152, 255,USAF,Military,-,Athens-Ellinikon International Airport,ATH,LGAT,Greece,Napoli-Capodichino Airport,NAP,LIRN,Italy,4,14,0,0,-,-,-
19600305-1,Saturday,05-MAR-1960,-,A1, Initial climb (ICL),Birmingham Airport (BHX),United Kingdom,31,0, Damaged beyond repair,-,Douglas C-47B-5-DK (DC-3),2,Pratt & Whitney R-1830-90D,1944,-,-, G-AMSF, 25825/14380,Don Everall Aviation,Non Scheduled Passenger,-,Birmingham International Airport,BHX,EGBB,United Kingdom,-,-,-,-,3,28,0,0,-,-,-
19600308-0,Tuesday,08-MAR-1960,23:23,A1, Approach (APR),"Fort Worth-Carswell AFB, TX (FWH)",United States of America,7,0, Damaged beyond repair,-,Boeing KC-135A Stratotanker,4,Pratt & Whitney J57-P,1958,-,-, 57-1466, 17537/146,USAF,Military,-,Fort Worth-Carswell AFB,FWH,KNFW,United States of America,Fort Worth-Carswell AFB,FWH,KNFW,United States of America,7,0,0,0,-,-,-
19600308-1,Tuesday,08-MAR-1960,-,A1, Landing (LDG),London Airport (LHR),United Kingdom,6,0, Damaged beyond repair,-,Handley Page HP.81 Hermes IVA,-,-,1950,-,-, G-ALDH, HP.81/9,Skyways,Unknown,-,-,-,-,-,London Airport,LHR,EGLL,United Kingdom,6,0,0,0,-,-,-
19600308-2,Tuesday,08-MAR-1960,-,A1, En route (ENR),ca 12 km from Jérez del Marquesad,Spain,24,0, Damaged beyond repair,-,Douglas R5D-3 (DC-4),-,-,-,-,-, 56521, 10835,US Navy,Military,-,Napoli Airport,NAP,LIRN,Italy,-,-,-,-,-,-,0,0,-,-,Preliminary
19600309-0,Wednesday,09-MAR-1960,-,A1, Unknown (UNK),"6,4 km (4 mls) W of Paloh",Malaysia,-,0, Damaged beyond repair,-,Scottish Aviation Twin Pioneer CC.1,2,Alvis Leonides 514,1958,-,-, XM941, 550,RAF,Military,-,-,-,-,-,-,-,-,-,-,-,0,0,-,-,-
19600309-1,Wednesday,09-MAR-1960,-,U1, Unknown (UNK),at an unknown location,Unknown country,-,-, Damaged beyond repair,-,CASA 352 (Junkers Ju-52),-,-,-,-,-, T.2B-150, 41,Spanish AF,Military,-,-,-,-,-,-,-,-,-,-,-,-,-,-,-,-
19600310-0,Thursday,10-MAR-1960,-,A1, Initial climb (ICL),Jorhat-Rowriah Airport (JRH),India,3,2, Damaged beyond repair,-,Scottish Aviation Twin Pioneer 3,2,Alvis Leonides 531,1955,-,-, G-ANTP, 501,Scottish Airlines,Demonstration,-,Jorhat-Rowriah Airport,JRH,VEJT,India,Jorhat-Rowriah Airport,JRH,VEJT,India,3,0,2,0,-,-,-
19600314-0,Monday,14-MAR-1960,-,A2, Approach (APR),Madrid-Barajas Airport (MAD),Spain,32,0, Substantial, Repaired,de Havilland DH-106 Comet 4,4,Rolls-Royce Avon 524,1959,-,-, G-APDS, 6419,BOAC,International Scheduled Passenger,-,London-Heathrow Airport,LHR,EGLL,United Kingdom,Madrid-Barajas Airport,MAD,LEMD,Spain,9,23,0,0,-,-,Final
19600315-0,Tuesday,15-MAR-1960,-,A1, Unknown (UNK),El Refugio,Colombia,13,6, Damaged beyond repair,-,Consolidated PBY-5A Catalina,-,-,-,-,-, HK-1001E,-,Agencia Interamericana,Passenger,-,Araracuara Airport,ACR,SKAC,Colombia,Villavicencio Airport,VVC,SKVV,Colombia,3,10,2,4,-,-,-
19600315-1,Tuesday,15-MAR-1960,-,A1, En route (ENR),Monte Argentera,Italy,6,6, Damaged beyond repair,-,Nord 2501D Noratlas,2,Bristol Hercules 739,-,-,-, GA+249, D060,German AF,Military,-,-,-,-,-,-,-,-,-,6,0,6,0,-,-,-
19600316-0,Wednesday,16-MAR-1960,19:40,A1, Taxi (TXI),Nagoya-Komaki International Airport (NGO),Japan,33,3, Damaged beyond repair,-,Douglas C-47-DL (DC-3),2,Pratt & Whitney R-1830-92,1942,-,-, JA5018, 6006,All Nippon,Domestic Scheduled Passenger,-,Tokyo-Haneda Airport,HND,RJTT,Japan,Nagoya-Komaki International Airport,NGO,RJNN,Japan,3,30,1,2,-,-,-
19600316-1,Wednesday,16-MAR-1960,-,A1, Unknown (UNK),"6,5 km (4.1 mls) SE of Amatice",Italy,6,6, Damaged beyond repair,-,Douglas C-47D (DC-3),2,Pratt & Whitney R-1830-90,1944,-,-, 43-48899, 26160/14715,USAF,Military,-,-,-,-,-,-,-,-,-,-,-,-,-,-,-,-
19600317-0,Thursday,17-MAR-1960,15:25,A1, En route (ENR),"9 km (5.6 mls) NE of Cannelton, IN",United States of America,63,63, Destroyed, Written off (damaged beyond repair),Lockheed L-188C Electra,4,Allison 501-D13,1959,-,1786.0, N121US, 1057,Northwest Orient Airlines,Domestic Scheduled Passenger, 710,Chicago-Midway Airport,MDW,KMDW,United States of America,Miami International Airport,MIA,KMIA,United States of America,6,57,6,57,-,-,Final
19600318-0,Friday,18-MAR-1960,-,A2, En route (ENR),over France,France,65,0, Substantial, Repaired,Vickers 804 Viscount,4,Rolls-Royce Dart 510,1957,-,-, G-AOXU, 248,Transair,Int'l Non Scheduled Passenger,-,London-Gatwick Airport,LGW,EGKK,United Kingdom,Nice-Côte d'Azur Airport,NCE,LFMN,France,6,59,0,0,-,-,-
19600319-0,Saturday,19-MAR-1960,21:10,A1, Approach (APR),11 km (6.9 mls) NW of Planeta Rica,Colombia,46,25, Damaged beyond repair,-,Curtiss C-46A-60-CS Commando,2,Pratt & Whitney R-2800-51,1945,-,15876.0, HK-516, 2927/384,SAM,Domestic Scheduled Passenger, 901,San Andres Island-Sesquicentenario Airport,ADZ,SKSP,Colombia,Medellín-Enrique Olaya Herrera Airport,EOH,SKMD,Colombia,4,42,3,22,-,-,-
19600320-0,Sunday,20-MAR-1960,-,A1, En route (ENR),near Chimbote,Peru,4,4, Damaged beyond repair,-,Douglas C-47B-45-DK (DC-3),2,Pratt & Whitney R-1830-90C,1945,-,-, OB-PAM-146, 34206/16947,Faucett,Cargo,-,-,-,-,-,Trujillo Airport,TRU,SPRU,Peru,4,0,4,0,-,-,-
19600323-0,Wednesday,23-MAR-1960,-,C1, Standing (STD),Ras Alsheikh Hamid,Saudi Arabia,9,0, Damaged beyond repair,-,Consolidated PBY-5A Catalina,-,-,-,-,-, N5593V, 1759,Private,Private,-,-,-,-,-,-,-,-,-,-,-,0,0,-,-,-
19600325-0,Friday,25-MAR-1960,-,A1, Approach (APR),"DEW Site 28, NU",Canada,2,0, Damaged beyond repair,-,Curtiss C-46A-60-CK Commando,2,Pratt & Whitney R-2800-51,1945,-,-, CF-IHQ,   448,Wheeler Airlines,Cargo,-,-,-,-,-,-,-,-,-,2,0,0,0,-,-,-
19600325-1,Friday,25-MAR-1960,-,A1, Unknown (UNK),near Kunsan,South Korea,14,14, Damaged beyond repair,-,Lockheed RB-69A Neptune,-,-,-,-,-, 54-4040, 726-7101,Republic of China AF,Military,-,Hsinchu Airport,HSZ,RCPO,Taiwan,Gunsan (Kunsan) Airport,KUV,RKJK,South Korea,14,0,14,0,-,-,-
19600325-2,Friday,25-MAR-1960,-,A1, Initial climb (ICL),"3,3 km (2.1 mls) SE of Wiesbaden AFB (WIE)",Germany,17,0, Damaged beyond repair,-,Douglas C-47A-30-DK (DC-3),-,-,1944,-,-, 43-48100, 25361/13916,USAF,Military,-,Wiesbaden AFB,WIE,ETOU,Germany,-,-,-,-,-,-,0,0,-,-,-
19600330-0,Wednesday,30-MAR-1960,20:15,A1, En route (ENR),"70  km E off Cape Canaveral, FL, USA",Atlantic Ocean,14,2, Damaged beyond repair,-,Boeing KC-97F Stratofreighter,-,-,-,-,-, 51-0363, 16430,USAF,Military,-,Stephenville-Ernest Harmon AFB,YJT,CYJT,Canada,Tampa-MacDill AFB,MCF,KMCF,United States of America,-,-,-,-,-,-,-
19600330-1,Wednesday,30-MAR-1960,08:33,A1, En route (ENR),13 km (8.1 mls) SW of Kromeriz,Czech Republic,7,7, Destroyed, Written off (damaged beyond repair),Avia 14T,-,-,1959,-,-, 3149, 172913149,Czechoslovak AF,Military,-,Uherské Hradite-Kunovice Airport,UHE,LKKU,Czech Republic,Pietany Airport,PZY,LZPP,Slovakia,7,0,7,0,-,-,-
19600402-0,Saturday,02-APR-1960,-,A1, Initial climb (ICL),"6,5 km (4.1 mls) from  Memphis NAS, TN",United States of America,7,3, Damaged beyond repair,-,Lockheed P2V-2 Neptune,-,-,-,-,-, registration unknown,-,US Navy,Military,-,Memphis NAS,NQA,KNQA,United States of America,-,-,-,-,7,0,3,0,-,-,-
19600405-0,Tuesday,05-APR-1960,14:39,A1, En route (ENR),"2,4 km (1.5 mls) from  Siuna Airport (SIU)",Nicaragua,18,2, Damaged beyond repair,-,Curtiss C-46A-40-CU Commando,2,Pratt & Whitney R-2800-51,1944,-,5650.0, AN-AIN, 26945,LANICA,Domestic Scheduled Passenger,-,Siuna Airport,SIU,MNSI,Nicaragua,Bonanza-San Pedro Airport,BZA,MNBZ,Nicaragua,4,14,1,1,-,-,-
19600412-0,Tuesday,12-APR-1960,14:20,A1, Takeoff (TOF),"Pelotas-Federal Airport, RS (PET)",Brazil,22,10, Damaged beyond repair,-,Douglas C-53 (DC-3),-,-,1941,-,-, PP-CDS, 4823,Cruzeiro do Sul,Domestic Scheduled Passenger,-,Pelotas-Federal Airport,PET,SBPK,Brazil,Porto Alegre-Salgado Filho International Airport,POA,SBPA,Brazil,3,19,2,8,-,-,-
19600412-1,Tuesday,12-APR-1960,-,H2, En route (ENR),"Miami International Airport, FL (MIA)",United States of America,19,0, None,-,Vickers Viscount,-,-,-,-,-, registration unknown,-,Cubana,International Scheduled Passenger,-,Havana-José Martí International Airport,HAV,MUHA,Cuba,Miami International Airport,MIA,KMIA,United States of America,3,16,0,0,-,-,-
19600414-0,Thursday,14-APR-1960,-,A1, Takeoff (TOF),"Miami, FL",United States of America,4,0, Damaged beyond repair,-,Curtiss C-46A Commando,2,Pratt & Whitney R-2800-51,-,-,-, CU-C644,-,Interamericano,Unknown,-,Miami International Airport,MIA,KMIA,United States of America,-,-,-,-,2,2,0,0,-,-,-
19600414-1,Thursday,14-APR-1960,-,A1, En route (ENR),10 km (6.3 mls) NE of Taipei-Songshan Airport (TSA),Taiwan,18,18, Destroyed, Written off (damaged beyond repair),Douglas DC-4-1009,-,-,1946,-,-, 42919, 42919,Thai AF,Military,-,Taipei-Songshan Airport,TSA,RCSS,Taiwan,Bangkok-Don Muang International Airport,BKK,VTBD,Thailand,8,10,8,10,-,-,Preliminary
19600415-0,Friday,15-APR-1960,09:51,A1, Takeoff (TOF),"Lincoln AFB, NE (LNK)",United States of America,24,0, Damaged beyond repair,-,Boeing KC-97G-23-BO Stratofreighter,-,-,-,-,-, 52-0919, 16613,USAF,Military,-,Lincoln AFB,LNK,KLNK,United States of America,Riverside-March AFB,RIV,KRIV,United States of America,10,14,0,0,-,-,-
19600415-1,Friday,15-APR-1960,-,A1, En route (ENR),11 km (6.9 mls) SE of Marburg,Germany,4,0, Destroyed, Written off (damaged beyond repair),Douglas VC-47D (DC-3),2,Pratt & Whitney R-1830-90,1944,-,-, 43-49271, 26532/15087,USAF,Military,-,-,-,-,-,Wiesbaden-Erbenheim (Y-80) Air Base,WIE,ETOU,Germany,2,2,0,0,-,-,-
19600418-0,Monday,18-APR-1960,-,A1, Initial climb (ICL),"10 km (6.3 mls) from  Stephenville-Harmon AFB, NL (YJT)",Canada,9,9, Damaged beyond repair,-,Douglas C-124C Globemaster II,4,Pratt & Whitney R-4360-63A,-,-,-, 52-1062, 43971,USAF,Military,-,Stephenville-Ernest Harmon AFB,YJT,CYJT,Canada,Terceira-Lajes AFB,TER,LPLA,Portugal,9,0,9,0,-,-,-
19600419-0,Tuesday,19-APR-1960,00:08,A1, Approach (APR),Bogotá-Eldorado Airport (BOG),Colombia,51,37, Damaged beyond repair,-,Curtiss C-46D-10-CU Commando,-,-,1944,-,8289.0, HK-390, 32954,Lloyd Aéreo Colombiano,Domestic Scheduled Passenger, 503,Medellín-Enrique Olaya Herrera Airport,EOH,SKMD,Colombia,Bogotá-Eldorado Airport,BOG,SKBO,Colombia,7,44,6,31,-,-,-
19600419-1,Tuesday,19-APR-1960,-,A1, Unknown (UNK),Kota Tinggi,Malaysia,-,0, Damaged beyond repair,-,Scottish Aviation Twin Pioneer CC.1,2,Alvis Leonides 514,1958,-,-, XL967, 518,RAF,Military,-,-,-,-,-,-,-,-,-,-,-,0,0,-,-,-
19600420-0,Wednesday,20-APR-1960,13:06,A2, Approach (APR),"near Hickory Airport, NC (HKY)",United States of America,40,0, Substantial, Repaired,Fairchild F-27,-,-,-,-,-, N2704R, 17,Piedmont Airlines,Domestic Scheduled Passenger,-,Cincinnati/Northern Kentucky Airport,CVG,KCVG,United States of America,Hickory Airport,HKY,KHKY,United States of America,4,36,0,0,4,-,Final
19600422-0,Friday,22-APR-1960,-,A2, Taxi (TXI),Southend Municipal Airport (SEN),United Kingdom,47,0, Substantial, Repaired,Bristol 170 Wayfarer II,-,-,-,-,-, G-AGPV, 12730,Air Condor,Domestic Non Scheduled Passenger,-,Southend Municipal Airport,SEN,EGMC,United Kingdom,-,-,-,-,3,44,0,0,-,-,-
19600422-1,Friday,22-APR-1960,05:55,A1, Approach (APR),8 km (5 mls) SE of Bunia Airport (BUX),Democratic Republic of the Congo,35,35, Destroyed, Written off (damaged beyond repair),Douglas C-54A-DO (DC-4),4,Pratt & Whitney R-2000-D5,1943,-,30594.0, OO-SBL, 3099,Sobelair,Int'l Non Scheduled Passenger,-,Cairo International Airport,CAI,HECA,Egypt,Bunia Airport,BUX,FZKA,Democratic Republic of the Congo,7,28,7,28,-,-,Final
19600427-0,Wednesday,27-APR-1960,21:39,A1, Approach (APR),Sverdlovsk-Koltsovo Airport (SVX),Russia,5,1, Destroyed, Written off (damaged beyond repair),Ilyushin Il-18A,-,-,1958,-,390.0, CCCP-75648, 188000402,Aeroflot / Uralsk,Training,-,Sverdlovsk-Koltsovo Airport,SVX,USSS,Russia,Sverdlovsk-Koltsovo Airport,SVX,USSS,Russia,5,0,1,0,-,-,-
19600428-0,Thursday,28-APR-1960,08:22,C1, Approach (APR),15 km (9.4 mls) from  Calabozo,Venezuela,13,13, Damaged beyond repair,-,Douglas C-47B-15-DK (DC-3),2,Pratt & Whitney R-1830-90C,1944,-,-, YV-C-AFE, 26798/15353,LAV,Domestic Scheduled Passenger,-,Caracas Airport,CCS,SVMI,Venezuela,Calabozo Airport,CLZ,SVCL,Venezuela,3,10,3,10,-,-,-
19600428-1,Thursday,28-APR-1960,-,O1, Standing (STD),"Belém, PA",Brazil,0,0, Damaged beyond repair,-,Consolidated C-10A Catalina (PBY-5A),-,-,-,-,-, 6515, 1918,Brazilian AF,Military,-,-,-,-,-,-,-,-,-,0,0,0,0,-,-,-
19600503-0,Tuesday,03-MAY-1960,15:10,A1, Approach (APR),Aguadilla-Ramey AFB (BQN),Puerto Rico,5,5, Damaged beyond repair,-,Curtiss C-46A-55-CK Commando,2,Pratt & Whitney R-2800-51,1945,-,-, PP-NMD,   242,NAB,Ferry/positioning,-,Miami International Airport,MIA,KMIA,United States of America,Aguadilla-Ramey AFB,BQN,TJBQ,Puerto Rico,5,0,5,0,-,-,-
19600505-0,Thursday,05-MAY-1960,16:14,A1, En route (ENR),"Enken, Ayano-Maisky District",Russia,5,5, Damaged beyond repair,-,Lisunov Li-2,-,-,-,-,-, CCCP-84609, 6002,Aeroflot / Far East,Ferry/positioning,-,-,-,-,-,-,-,-,-,5,0,5,0,-,-,-
19600510-0,Tuesday,10-MAY-1960,04:00,A1, Landing (LDG),Villemoleix,France,-,0, Damaged beyond repair,-,Hurel-Dubois HD.321,-,-,1953,-,-, 01,-,French AF,Military,-,-,-,-,-,-,-,-,-,-,-,0,0,-,-,-
19600515-0,Sunday,15-MAY-1960,19:57,A1, En route (ENR),near Tora-Tonga,Sudan,12,12, Damaged beyond repair,-,Douglas DC-4-1009,-,-,1946,-,-, HB-ILA, 43072,Balair,Ferry/positioning,-,Khartoum-Civil Airport,KRT,HSSS,Sudan,Niamey Airport,NIM,DRRN,Niger,12,0,12,0,-,-,-
19600517-0,Tuesday,17-MAY-1960,-,A1, En route (ENR),near El Sosneado,Argentina,8,8, Damaged beyond repair,-,Curtiss C-46F-1-CU Commando,-,-,1945,-,-, LV-GGJ, 22554,Transamerican Air Transport,Cargo,-,Buenos Aires/Ezeiza-Ministro Pistarini Airport,EZE,SAEZ,Argentina,Santiago-Los Cerrillos Airport,ULC,SCTI,Chile,3,5,3,5,-,-,-
19600519-0,Thursday,19-MAY-1960,09:46,A2, Approach (APR),13 km (8.1 mls) SE of Paris-Orly Airport (ORY),France,39,1, Substantial, Repaired,Sud Aviation SE-210 Caravelle IA,2,Rolls-Royce Avon 522A,1960,-,315.0, F-OBNI,  28,Air Algérie,International Scheduled Passenger,-,Algiers-Maison Blanche Airport,ALG,DAAG,Algeria,Paris-Orly Airport,ORY,LFPO,France,7,32,0,1,1,-,Final
19600519-1,Thursday,19-MAY-1960,-,A1, Landing (LDG),David Airport (DAV),Panama,-,0, Damaged beyond repair,-,Curtiss C-46A-55-CK Commando,2,Pratt & Whitney R-2800-51,1945,-,-, YV-C-LBG,   262,LEBCA,Unknown,-,-,-,-,-,David-Enrique Malek Airport,DAV,MPDA,Panama,-,-,0,0,-,-,-
19600521-0,Saturday,21-MAY-1960,-,A1, Unknown (UNK),La Paz-El Alto Airport (LPB),Bolivia,-,-, Damaged beyond repair,-,Consolidated C-87 Liberator Express,-,-,-,-,-, CP-618,-,Compañia Boliviana de Aviacion,Unknown,-,-,-,-,-,-,-,-,-,-,-,-,-,-,-,-
19600523-0,Monday,23-MAY-1960,11:52,A1, Initial climb (ICL),"Atlanta Airport, GA (ATL)",United States of America,4,4, Damaged beyond repair,-,Convair CV-880-22-1,-,-,1960,-,-, N8804E, 22-00-16,Delta Air Lines,Training,DL1903,Atlanta Municipal Airport,ATL,KATL,United States of America,Atlanta Municipal Airport,ATL,KATL,United States of America,4,0,4,0,-,-,-
19600525-0,Wednesday,25-MAY-1960,-,A1, Taxi (TXI),El Coco,Costa Rica,2,0, Substantial,-,Lockheed Lodestar,-,-,-,-,-, TG-COV-68,-,private,Private,-,-,-,-,-,-,-,-,-,2,0,0,0,-,-,-
19600527-0,Friday,27-MAY-1960,-,A1, Takeoff (TOF),Tehran-Mehrabad Airport (THR),Iran,-,0, Damaged beyond repair,-,Avro 685 York C.1,4,Rolls-Royce Merlin,1944,-,-, OD-ACD,-,Air Liban,Unknown,-,Tehran-Mehrabad Airport,THR,OIII,Iran,-,-,-,-,-,-,0,0,-,-,-
19600529-0,Sunday,29-MAY-1960,-,A1, Landing (LDG),Lourdes-Tarbes Ossun Lourdes Airport (LDE),France,30,0, Damaged beyond repair,-,Vickers 498 Viking 1A,-,-,1946,-,-, G-AHOR, 118,Air Safaris,Int'l Non Scheduled Passenger,-,-,-,-,-,Lourdes-Tarbes Ossun Lourdes Airport,LDE,LFBT,France,3,27,0,0,-,-,-
19600531-0,Tuesday,31-MAY-1960,-,A1, Landing (LDG),Dessau Airport,Germany,-,0, Damaged beyond repair,-,Antonov An-2T,-,-,-,-,-, 856, 178(473)03,East German AF,Military,-,-,-,-,-,-,-,-,-,-,-,0,0,-,-,-
19600599-0,-,xx-MAY-1960,-,A1, Unknown (UNK),"Terceira-Lajes AFB, Azores (TER)",Portugal,-,0, Damaged beyond repair,-,Grumman SA-16A Albatross,-,-,-,-,-, 7101, G-95,Portuguese AF,Military,-,-,-,-,-,-,-,-,-,-,-,0,0,-,-,-
19600610-0,Friday,10-JUN-1960,10:55,A1, En route (ENR),near Tkvarcheli,Georgia,31,31, Damaged beyond repair,-,Ilyushin Il-14P,-,-,1957,-,5423.0, CCCP-91571, 7343107,Aeroflot / North Kavkaz,Domestic Scheduled Passenger, 207,Adler/Sochi Airport,AER,URSS,Russia,Kutaisi Airport,KUT,UGKO,Georgia,6,25,6,25,-,-,-
19600610-1,Friday,10-JUN-1960,22:05,A1, Approach (APR),"12 km (7.5 mls) off  Mackay, QLD",Australia,29,29, Damaged beyond repair,-,Fokker F-27 Friendship 100,-,-,1959,3396.0,2420.0, VH-TFB, 10112,TAA,Domestic Scheduled Passenger, 538,Rockhampton Airport,ROK,YBRK,Australia,Mackay Airport,MKY,YBMK,Australia,4,25,4,25,-,-,Final
19600614-1,Tuesday,14-JUN-1960,04:47,A1, En route (ENR),"Mount Gilbert, AK",United States of America,14,14, Damaged beyond repair,-,Lockheed L-749A Constellation,4,Wright R-3350,1947,-,30560.0, N1554V, 2555,Pacific Northern Airlines,Domestic Scheduled Passenger, 201,Cordova-Mudhole Smith Airport,CDV,PACV,United States of America,Anchorage International Airport,ANC,PANC,United States of America,5,9,5,9,-,-,Final
19600617-0,Friday,17-JUN-1960,-,A1, Landing (LDG),Mukeiras Airport (UKR),Yemen,-,0, Damaged beyond repair,-,Vickers Valetta C.1,2,Bristol Hercules 230,1949,-,-, VW803, 364,RAF,Military,-,-,-,-,-,Mukeiras Airport,UKR,ODAM,Yemen,-,-,0,0,-,-,-
19600619-0,Sunday,19-JUN-1960,-,A1, Approach (APR),"4,5 km (2.8 mls) W of Paramaribo-Zanderij International Airport (PBM)",Suriname,7,3, Damaged beyond repair,-,Douglas C-124C Globemaster II,4,Pratt & Whitney R-4360-20WA,-,-,-, 52-0993, 43902,USAF,Military,-,Charleston AFB,CHS,KCHS,United States of America,Paramaribo-Zanderij International Airport,PBM,SMJP,Suriname,7,0,3,0,-,-,-
19600620-0,Monday,20-JUN-1960,-,U1, Unknown (UNK),at an unknown location,Unknown country,-,-, Damaged beyond repair,-,CASA 352 (Junkers Ju-52),-,-,-,-,-, T.2B-252, 143,Spanish AF,Military,-,-,-,-,-,-,-,-,-,-,-,-,-,-,-,-
19600624-0,Friday,24-JUN-1960,18:30,A1, Approach (APR),"Guanabara Bay, RJ",Brazil,54,54, Damaged beyond repair,-,Convair CV-340-62,-,-,1954,-,-, PP-YRB, 191,REAL,Domestic Scheduled Passenger,-,Belo Horizonte-Pampulha Airport,PLU,SBBH,Brazil,Rio de Janeiro-Galeão International Airport,GIG,SBGL,Brazil,5,49,5,49,-,-,-
19600625-0,Saturday,25-JUN-1960,14:40,A1, Approach (APR),SW of San José-La Sabana Airport,Costa Rica,15,1, Damaged beyond repair,-,Douglas C-47 (DC-3),-,-,-,-,-, TI-1023,-,LACSA,Domestic Scheduled Passenger,-,-,-,-,-,-,-,-,-,3,12,0,1,-,-,-
19600627-0,Monday,27-JUN-1960,-,A1, En route (ENR),"near Newry, ME",United States of America,5,5, Damaged beyond repair,-,Boeing KC-97G-28-BO Stratotanker,4,Pratt & Whitney R-4360-59,-,-,-, 52-2738, 16769,USAF,Military,-,Plattsburgh AFB,PBG,KPBG,United States of America,Plattsburgh AFB,PBG,KPBG,United States of America,5,0,5,0,-,-,-
19600705-0,Tuesday,05-JUL-1960,-,H2, En route (ENR),"Miami International Airport, FL (MIA)",United States of America,40,0, None,-,Bristol 175 Britannia 318,-,-,-,-,-, registration unknown,-,Cubana,International Scheduled Passenger,-,Madrid-Barajas Airport,MAD,LEMD,Spain,Havana-José Martí International Airport,HAV,MUHA,Cuba,9,31,0,0,-,-,-
19600705-1,Tuesday,05-JUL-1960,04:45,A1, En route (ENR),145 km (90.6 mls) W of Aldan,Russia,4,3, Damaged beyond repair,-,Antonov An-2,-,-,-,-,-, CCCP-98282,-,Aeroflot / Yakutsk,Survey/research,-,-,-,-,-,-,-,-,-,4,0,3,0,-,-,-
19600706-0,Wednesday,06-JUL-1960,-,A2, Taxi (TXI),Blackpool Airport,United Kingdom,47,0, Substantial, Repaired,Bristol 170 Freighter 21,-,-,-,-,-, G-AIFM, 12773,Silver City Airways,Scheduled Passenger,-,-,-,-,-,-,-,-,-,3,44,0,0,-,-,-
19600707-0,Thursday,07-JUL-1960,-,A1, Unknown (UNK),"6,4 km (4 mls) SSW of Oakington RAF Station",United Kingdom,6,6, Damaged beyond repair,-,Vickers Varsity T.1,2,Bristol Hercules 264,1952,-,-, WJ914,-,RAF,Military,-,-,-,-,-,-,-,-,-,5,1,5,1,2,-,-
19600710-0,Sunday,10-JUL-1960,-,A1, En route (ENR),off Sharjah,United Arab Emirates,16,16, Missing, Presumed damaged beyond repair,Douglas C-47-DL (DC-3),2,Pratt & Whitney R-1830-92,1942,-,-, VT-DGS, 4273,Gulf Aviation,International Scheduled Passenger,-,Doha International Airport,DOH,OTBD,Qatar,Sharjah Airport,SHJ,OMSJ,United Arab Emirates,3,13,3,13,-,-,-
19600711-0,Monday,11-JUL-1960,-,A1, En route (ENR),12 km (7.5 mls) W of Quito-Mariscal Sucre Airport (UIO),Ecuador,18,18, Damaged beyond repair,-,Douglas C-47E (DC-3),2,Pratt & Whitney R-1830-90C,1945,-,-, 45-1109, 34379/17112,US Mission,Int'l Non Scheduled Passenger,-,Bogotá-Eldorado Airport,BOG,SKBO,Colombia,Quito-Mariscal Sucre Airport,UIO,SEQU,Ecuador,-,-,-,-,-,-,-
19600714-0,Thursday,14-JUL-1960,04:30,A1, En route (ENR),8 km (5 mls) NE off  Polillo Island,Philippines,58,1, Damaged beyond repair,-,Douglas DC-7C,-,-,1958,-,9233.0, N292, 45462/925,Northwest Orient Airlines,International Scheduled Passenger,   1-11,Okinawa-Naha Airport,OKA,ROAH,Japan,Manila International Airport,MNL,RPLL,Philippines,7,51,0,1,-,-,Final
19600714-1,Thursday,14-JUL-1960,-,A1, En route (ENR),off Mindanao,Philippines,31,0, Damaged beyond repair,-,Douglas C-47A-DL (DC-3),2,Pratt & Whitney R-1830-92,1943,-,-, PI-C16, 13908,Philippine Air Lines,Domestic Scheduled Passenger,-,Dipolog Airport,DPL,RPMG,Philippines,Zamboanga Airport,ZAM,RPMZ,Philippines,3,28,0,0,-,-,-
19600715-0,Friday,15-JUL-1960,09:40,A1, En route (ENR),"27,5 km (17.2 mls) S of Jimma",Ethiopia,11,1, Damaged beyond repair,-,Douglas C-47A-20-DK (DC-3),2,Pratt & Whitney R-1830-92,1944,-,13674.0, ET-T-18, 12926,Ethiopian Air Lines,Domestic Scheduled Passenger, 372,Bulchi Airport,BCY,HABU,Ethiopia,Jimma Airport,JIM,HAJM,Ethiopia,3,8,1,0,-,-,-
19600717-0,Sunday,17-JUL-1960,-,H2, En route (ENR),Kingston-Palisadoes International Airport (KIN),Jamaica,56,0, None,-,Vickers Viscount,-,-,-,-,-, registration unknown,-,Cubana,International Scheduled Passenger,-,Havana-José Martí International Airport,HAV,MUHA,Cuba,Miami International Airport,MIA,KMIA,United States of America,4,52,0,0,-,-,-
19600718-0,Monday,18-JUL-1960,-,A1, Unknown (UNK),unknown,Unknown country,-,-, Damaged beyond repair,-,Douglas C-47A-90-DL (DC-3),-,-,1944,-,-, 43-15765, 20231,USAF,Military,-,-,-,-,-,-,-,-,-,-,-,-,-,-,-,-
19600719-0,Tuesday,19-JUL-1960,-,H2, En route (ENR),"Brisbane-Eagle Farm Airport, QLD (BNE)",Australia,-,0, Minor, Repaired,Lockheed L-188 Electra,-,-,-,-,-, registration unknown,-,TAA,Domestic Scheduled Passenger,-,-,-,-,-,-,-,-,-,-,43,0,0,-,-,-
19600719-1,Tuesday,19-JUL-1960,-,A1, En route (ENR),Rushengo,Democratic Republic of the Congo,43,39, Damaged beyond repair,-,Fairchild C-119G Flying Boxcar,2,Wright R-3350,1952,-,-, CP-36/OT-CBP, 11083,Belgian AF,Military,-,-,-,-,-,-,-,-,-,3,40,3,36,-,-,-
19600720-0,Wednesday,20-JUL-1960,12:30,A1, En route (ENR),100 km (62.5 mls) from  Syktyvkar,Russia,23,23, Destroyed, Written off (damaged beyond repair),Ilyushin Il-14M,-,-,1957,-,5505.0, CCCP-61696, 147001035,Aeroflot / Komi,Domestic Scheduled Passenger, 613,Leningrad-Smolnoye Airport,RVH,ULSS,Russia,Syktyvkar Airport,SCW,UUYY,Russia,4,19,4,19,-,-,-
19600721-0,Thursday,21-JUL-1960,00:32,A1, Takeoff (TOF),Minsk,Belarus,28,7, Damaged beyond repair,-,Ilyushin Il-12,-,-,-,-,-, CCCP-01405, 83012902,Aeroflot / Ukraine,Domestic Scheduled Passenger,-,-,-,-,-,-,-,-,-,4,24,4,3,-,1,-
19600722-0,Friday,22-JUL-1960,07:40,A1, Unknown (UNK),Vockerode,Germany,6,6, Damaged beyond repair,-,VEB 14P,-,-,1957,-,-, 400, 14803004,German Army,Military,-,-,-,-,-,-,-,-,-,6,0,6,0,-,1,-
19600728-0,Thursday,28-JUL-1960,-,H2, Unknown (UNK),"Miami, FL (MIA)",United States of America,14,0, None,-,Douglas DC-3,-,-,-,-,-, registration unknown,-,Cubana,Domestic Scheduled Passenger,-,-,-,-,-,Camagüey-Ign Agramonte International Airport,CMW,MUCM,Cuba,3,11,0,0,-,-,-
19600731-0,Sunday,31-JUL-1960,10:56,A1, Approach (APR),1 km (0.6 mls) NW of Rimini Airport (RMI),Italy,34,1, Damaged beyond repair,-,Convair CV-240-4,-,-,1948,-,-, D-BELU,  78,Deutsche Flugdienst,Int'l Non Scheduled Passenger,-,Frankfurt International Airport,FRA,EDDF,Germany,Rimini Airport,RMI,LIPR,Italy,4,30,0,1,-,-,-
19600801-0,Monday,01-AUG-1960,-,A1, Unknown (UNK),near Tipuani,Bolivia,6,6, Damaged beyond repair,-,Douglas C-47-DL (DC-3),2,Pratt & Whitney R-1830-92,1943,-,-, TAM-09, 9030,TAM,Domestic Non Scheduled Passenger,-,La Paz-El Alto Airport,LPB,SLLP,Bolivia,-,-,-,-,2,4,2,4,-,-,-
19600815-0,Monday,15-AUG-1960,-,A1, Landing (LDG),"São Paulo-Viracopos Airport, SP (VCP)",Brazil,-,0, Damaged beyond repair,-,SAAB Scandia 90A-2,2,Pratt & Whitney R-2180-E1,1954,-,-, PP-SQS, 90.113,VASP,Unknown,-,São Paulo/Campinas-Viracopos International Airport,VCP,SBKP,Brazil,Uberlândia Airport,UDI,SBUL,Brazil,-,-,0,0,-,-,-
19600817-0,Wednesday,17-AUG-1960,15:58,A1, En route (ENR),near Tarasovich,Ukraine,34,34, Destroyed, Written off (damaged beyond repair),Ilyushin Il-18B,-,-,1959,117.0,407.0, CCCP-75705, 189001702,Aeroflot / Moscow,International Scheduled Passenger,SU036,Cairo International Airport,CAI,HECA,Egypt,Moskva-Bykovo Airport,BKA,UUBB,Russia,7,27,7,27,-,-,-
19600820-0,Saturday,20-AUG-1960,-,A1, En route (ENR),"near Weeks Lake, QC",Canada,3,0, Damaged beyond repair,-,Lockheed 18-56A Lodestar,-,-,-,-,-, CF-CPA, 18-2177,Aerial Photography Co.,Unknown,-,-,-,-,-,-,-,-,-,-,-,0,0,-,-,-
19600821-0,Sunday,21-AUG-1960,-,H2, Unknown (UNK),at an unknown location,Russia,-,1, Unknown,-,unknown,-,-,-,-,-, registration unknown,-,Aeroflot,Unknown,-,-,-,-,-,-,-,-,-,-,-,1,0,-,-,-
19600822-0,Monday,22-AUG-1960,-,A2, Takeoff (TOF),Cairo International Airport (CAI),Egypt,60,0, Substantial, Repaired,de Havilland DH-106 Comet 4,4,Rolls-Royce Avon 524,1958,-,-, G-APDB, 6403,BOAC,International Scheduled Passenger,-,Cairo International Airport,CAI,HECA,Egypt,-,-,-,-,8,52,0,0,-,-,Final
19600823-0,Tuesday,23-AUG-1960,-,A1, Unknown (UNK),Port Lyautey,Morocco,-,-, Damaged beyond repair,-,Douglas R5D-3 (DC-4),-,-,1945,-,-, 56518, 10744,US Navy,Military,-,-,-,-,-,-,-,-,-,-,-,-,-,-,-,-
19600824-0,Wednesday,24-AUG-1960,-,A1, Unknown (UNK),"Rio Jaru, RO",Brazil,3,0, Damaged beyond repair,-,Curtiss C-46A-40-CU Commando,2,Pratt & Whitney R-2800-51,1944,-,-, PP-BTJ, 27021,Paraense Transportes Aéreos,Unknown,-,Porto Velho Airport,PVH,SBPV,Brazil,-,-,-,-,3,0,0,0,-,-,-
19600824-1,Wednesday,24-AUG-1960,-,A1, Takeoff (TOF),Mauritius-Plaisance International Airport (MRU),Mauritius,50,0, Damaged beyond repair,-,Lockheed L-1049G Super Constellation,-,-,1955,-,-, VH-EAC, 4606,Qantas,International Scheduled Passenger,-,Mauritius-Plaisance International Airport,MRU,FIMP,Mauritius,Cocos Islands Airport,CCK,YPCC,Cocos (Keeling) Islands,12,38,0,0,-,-,-
19600824-2,Wednesday,24-AUG-1960,-,A1, Initial climb (ICL),"ca 0,7 km off Heraklion-N. Kazantzakis Airport (HER)",Greece,3,3, Damaged beyond repair,-,Vickers 634 Viking 1B,-,-,1947,-,-, G-AMNK, 210,Don Everall Aviation,Cargo,-,Heraklion-N. Kazantzakis Airport,HER,LGIR,Greece,Cairo International Airport,CAI,HECA,Egypt,3,0,3,0,-,-,-
19600824-3,Wednesday,24-AUG-1960,-,A1, En route (ENR),El Palmar,Bolivia,-,-, Damaged beyond repair,-,Fairchild C-82 Packet,-,-,-,-,-, CP-665, 10198,Dirección de Aeronáutica Civil,Ferry/positioning,-,-,-,-,-,-,-,-,-,-,-,-,-,-,-,-
19600825-0,Thursday,25-AUG-1960,-,A2, En route (ENR),over Beirut,Lebanon,4,0, Substantial, Repaired,Vickers 702 Viscount,4,Rolls-Royce Dart 505,1955,-,-, G-APOW, 72,Kuwait Airways,Test,-,-,-,-,-,-,-,-,-,4,0,0,0,-,-,-
19600825-1,Thursday,25-AUG-1960,-,A1, En route (ENR),near Tczew,Poland,-,6, Damaged beyond repair,-,Lisunov Li-2P,-,-,-,-,-, SP-LAL, 18424008,LOT,Survey/research,-,-,-,-,-,-,-,-,-,-,-,1,5,-,-,-
19600826-0,Friday,26-AUG-1960,-,C1, Unknown (UNK),Puri Post,India,9,0, Damaged beyond repair,-,Douglas C-47 (DC-3),-,-,-,-,-, registration unknown,-,Indian AF,Military,-,-,-,-,-,-,-,-,-,9,0,0,0,-,-,-
19600829-0,Monday,29-AUG-1960,06:47,A1, Approach (APR),"1,6 km (1 mls) off  Dakar-Yoff Airport (DKR)",Senegal,63,63, Damaged beyond repair,-,Lockheed L-1049G Super Constellation,4,Wright R-3350 (972TC18DA13),1955,-,16417.0, F-BHBC, 4622,Air France,International Scheduled Passenger,AF343,Paris-Orly Airport,ORY,LFPO,France,Dakar-Yoff Airport,DKR,GOOY,Senegal,8,55,8,55,-,-,Final
19600901-0,Thursday,01-SEP-1960,-,A1, En route (ENR),near Mpouya,Democratic Republic of the Congo,14,0, Damaged beyond repair,-,Douglas DC-4-1009,-,-,1947,-,-, YK-AAR, 43097,Syrian Airways,Cargo,-,Accra-Kotoka Airport,ACC,DGAA,Ghana,Léopoldville-N'Djili Airport,FIH,FZAA,Democratic Republic of the Congo,5,9,0,0,-,-,-
19600902-0,Friday,02-SEP-1960,-,A1, En route (ENR),8 km (5 mls) from  Zikhnovo,Russia,18,18, Damaged beyond repair,-,Ilyushin Il-14,-,-,-,-,-, CCCP-04200, 147001418,Aeroflot / Polar,Domestic Non Scheduled Passenger,-,Arkhangelsk-Talaghy Airport,ARH,ULAA,Russia,Cherepovets Airport,CEE,ULBC,Russia,5,13,5,13,-,-,-
19600903-1,Saturday,03-SEP-1960,05:54,A1, En route (ENR),near El Badary,Egypt,67,0, Damaged beyond repair,-,Douglas DC-4-1009,-,-,1946,-,-, ZS-CIG, 42913,Trek Airways,Int'l Non Scheduled Passenger,-,Cairo International Airport,CAI,HECA,Egypt,Entebbe Airport,EBB,HUEN,Uganda,6,61,0,0,-,-,-
19600907-0,Wednesday,07-SEP-1960,09:40,A1, En route (ENR),12 km (7.5 mls) ENE of Salto,Uruguay,31,31, Damaged beyond repair,-,Douglas DC-6,4,Pratt & Whitney R-2800-CB16,1948,5314.0,19229.0, LV-ADS, 43031/127,Aerolineas Argentinas,International Scheduled Passenger,AR205,Asunción-Silvio Pettirossi International Airport,ASU,SGAS,Paraguay,Buenos Aires/Ezeiza-Ministro Pistarini Airport,EZE,SAEZ,Argentina,6,25,6,25,-,-,Final
19600911-0,Sunday,11-SEP-1960,08:30,A1, En route (ENR),"W of Empire, CO",United States of America,9,9, Destroyed, Written off (damaged beyond repair),Fairchild C-123B-13-FA Provider,-,-,-,-,-, 55-4539, 20200,USAF,Military,-,-,-,-,-,Ogden-Hill AFB,HIF,KHIF,United States of America,6,3,6,3,-,-,Final
19600912-0,Monday,12-SEP-1960,-,A2, Landing (LDG),Agartala-Singerbhil Airport (IXA),India,-,0, Substantial, Repaired,Douglas DC-3C,-,-,1944,-,-, VT-DFM, 20269,Indian Airlines,Cargo,-,-,-,-,-,Agartala-Singerbhil Airport,IXA,VEAT,India,-,0,0,0,-,-,Final
19600914-1,Wednesday,14-SEP-1960,08:00,A1, Approach (APR),"New York-La Guardia Airport, NY (LGA)",United States of America,76,0, Damaged beyond repair,-,Lockheed L-188A Electra,-,-,1960,-,1573.0, N6127A, 1117,American Airlines,Domestic Scheduled Passenger,AA361,Boston Airport,BOS,KBOS,United States of America,New York-La Guardia Airport,LGA,KLGA,United States of America,6,70,0,0,-,-,-
19600916-0,Friday,16-SEP-1960,-,A1, En route (ENR),NW of Batna,Algeria,11,11, Damaged beyond repair,-,Nord 2501 Noratlas,2,Bristol Hercules 739,1954,-,-, 22, 22,French AF,Military,-,-,-,-,-,-,-,-,-,11,0,11,0,-,-,-
19600917-0,Saturday,17-SEP-1960,-,A2, Landing (LDG),"Jersey-States Airport, Channel Islands (JER)",United Kingdom,74,0, Substantial, Repaired,Vickers 802 Viscount,4,Rolls-Royce Dart 510,1957,-,-, G-AOJE, 154,BEA,Domestic Scheduled Passenger,-,-,-,-,-,Jersey-States Airport,JER,EGJJ,United Kingdom,3,71,0,0,-,-,Final
19600919-0,Monday,19-SEP-1960,06:02,A1, En route (ENR),"3,7 km (2.3 mls) NE of Guam-Agana NAS (NGM)",Guam,94,80, Destroyed, Written off (damaged beyond repair),Douglas DC-6A/B,4,Pratt & Whitney R-2800-CB17,1956,-,12746.0, N90779, 44914/646,World Airways,Domestic Non Scheduled Passenger, 830,-,-,-,-,Wake Island Airport,AWK,PAWK,U.S. Minor Outlying Islands,8,86,7,73,-,-,Final
19600919-2,Monday,19-SEP-1960,-,A1, Unknown (UNK),near Chushul,India,9,5, Damaged beyond repair,-,Fairchild C-119G Flying Boxcar,2,Wright R-3350,-,-,-, IK459, 11300,Indian AF,Military,-,-,-,-,-,-,-,-,-,-,-,-,-,-,-,-
19600922-0,Thursday,22-SEP-1960,-,A1, Initial climb (ICL),"near Belém Airport, PA (BEL(",Brazil,6,6, Damaged beyond repair,-,Curtiss C-46A-40-CU Commando,2,Pratt & Whitney R-2800-51,1944,-,-, PP-BTF, 26944,Paraense Transportes Aéreos,Cargo,-,Belém/Val-de-Cans International Airport,BEL,SBBE,Brazil,São Luís-Tirirical Airport,SLZ,SBSL,Brazil,4,2,4,2,-,-,-
19600922-1,Thursday,22-SEP-1960,-,A1, En route (ENR),"290 km (181.3 mls) SE off  Okinawa, Japan",Pacific Ocean,29,29, Damaged beyond repair,-,Douglas R5D-3 (DC-4),-,-,1945,-,-, 56541, 22191,USMC,Military,-,Atsugi NAS,NJA,RJTA,Japan,-,-,-,-,3,26,3,26,-,-,-
19600926-0,Monday,26-SEP-1960,21:40,A1, Approach (APR),11 km (6.9 mls) W of Moskva-Sheremetyevo Airport (SVO),Russia,37,31, Damaged beyond repair,-,Vickers 837 Viscount,4,Rolls-Royce Dart 525/01,1960,872.0,1273.0, OE-LAF, 437,Austrian Airlines,International Scheduled Passenger, 901,Warszawa-Okecie Airport,WAW,EPWA,Poland,Moskva-Sheremetyevo Airport,SVO,UUEE,Russia,6,31,5,26,-,-,Final
19600926-1,Monday,26-SEP-1960,-,A1, Landing (LDG),Brest Airport,Belarus,27,1, Damaged beyond repair,-,Ilyushin Il-14M,-,-,1956,-,6363.0, CCCP-41866, 146000704,Aeroflot / Belarus,Domestic Scheduled Passenger,607,Minsk-1 International Airport,MHP,UMMM,Belarus,Brest Airport,BQT,UMBB,Belarus,6,21,1,0,-,-,-
19600928-0,Wednesday,28-SEP-1960,-,A1, Unknown (UNK),near Juchitepec,Mexico,18,8, Damaged beyond repair,-,Douglas C-53-DO (DC-3),-,-,1942,-,-, XA-HUS, 7388,Mexicana,Domestic Scheduled Passenger,-,Tapachula International Airport,TAP,MMTP,Mexico,Mexico City-Benito Juárez International Airport,MEX,MMMX,Mexico,3,15,3,5,-,-,-
19600929-0,Thursday,29-SEP-1960,11:15,A1, En route (ENR),"27,5 km (17.2 mls) N off  Elba, Italy [Tyrrhenian Sea]",Mediterranean Sea,21,21, Destroyed, Written off (damaged beyond repair),Vickers 739B Viscount,-,-,1960,-,-, SU-AKW, 427,UAA,International Scheduled Passenger, 738,Genève-Cointrin Airport,GVA,LSGG,Switzerland,Roma-Fiumicino Airport,FCO,LIRF,Italy,4,17,4,17,-,-,-
19600929-1,Thursday,29-SEP-1960,-,A1, Unknown (UNK),"San Antonio-Randolph AFB, TX (RND)",United States of America,-,0, Damaged beyond repair,-,Douglas AC-47D (DC-3),-,-,1945,-,-, 43-49705, 26966/15521,USAF,Military,-,-,-,-,-,-,-,-,-,-,-,0,0,-,-,-
19600930-0,Friday,30-SEP-1960,-,A1, En route (ENR),"Orinda, CA",United States of America,6,6, Damaged beyond repair,-,de Havilland Canada U-1A Otter (DHC-3),-,-,-,-,-, 58-1693, 304,US Army,Military,-,-,-,-,-,-,-,-,-,2,4,2,4,-,-,-
19601001-0,Saturday,01-OCT-1960,-,A2, Approach (APR),"Orlando-Municipal Airport, FL (ORL)",United States of America,27,0, Substantial, Repaired,Martin 4-0-4,-,-,-,-,-, N466A, 14157,Eastern Air Lines,Domestic Scheduled Passenger,-,-,-,-,-,Orlando-Municipal Airport,ORL,KORL,United States of America,3,24,0,0,1,-,Final
19601004-0,Tuesday,04-OCT-1960,17:40,A1, Initial climb (ICL),"ca 1 km E off Boston-Logan International Airport, MA (BOS)",United States of America,72,62, Damaged beyond repair,-,Lockheed L-188A Electra,4,Allison 501-D13,1959,-,-, N5533, 1062,Eastern Air Lines,Domestic Scheduled Passenger,EA375,Boston-Logan International Airport,BOS,KBOS,United States of America,Philadelphia International Airport,PHL,KPHL,United States of America,5,67,3,59,-,-,Final
19601004-1,Tuesday,04-OCT-1960,-,A2, Approach (APR),"Sacramento, CA",United States of America,2,0, Minor, Repaired,Curtiss C-46F-1-CU Commando,-,-,1945,-,-, N4719N, 22560,Capitol Airways,Cargo,-,-,-,-,-,Sacramento-McClellan AFB,MCC,KMCC,United States of America,2,0,0,0,2,-,-
19601008-0,Saturday,08-OCT-1960,-,A1, Unknown (UNK),Mironeasa-Iassy,Romania,-,-, Damaged beyond repair,-,Lisunov Li-2,-,-,-,-,-, YR-TAX, 18423803,Tarom,Unknown,-,-,-,-,-,-,-,-,-,-,-,-,-,-,-,-
19601009-0,Sunday,09-OCT-1960,12:47,A1, Landing (LDG),Southend Municipal Airport (SEN),United Kingdom,76,0, Damaged beyond repair,-,Handley Page HP.81 Hermes IV,-,-,1949,-,17183.0, G-ALDC, HP.81/4,Falcon Airways,Int'l Non Scheduled Passenger,-,Barcelona-El Prat Airport,BCN,LEBL,Spain,Southend Municipal Airport,SEN,EGMC,United Kingdom,5,71,0,0,-,-,-
19601011-0,Tuesday,11-OCT-1960,-,A1, Unknown (UNK),near Aden,Yemen,7,7, Damaged beyond repair,-,Blackburn Beverley C.1,4,Bristol Centaurus 173,1957,-,-, XL151, 1037,RAF,Military,-,-,-,-,-,-,-,-,-,7,0,7,0,-,-,-
19601014-0,Friday,14-OCT-1960,-,A1, En route (ENR),Mt Capanne,Italy,11,11, Damaged beyond repair,-,de Havilland DH-114 Heron 2,-,-,1955,-,-, I-AOMU, 14090,Itavia,Domestic Scheduled Passenger,-,Roma-Ciampino Airport,CIA,LIRA,Italy,Genoa-Cristoforo Colombo Airport,GOA,LIMJ,Italy,4,7,4,7,-,-,-
19601015-0,Saturday,15-OCT-1960,-,A1, Approach (APR),"Plain City, UT",United States of America,2,2, Damaged beyond repair,-,Curtiss C-46F-1-CU Commando,-,-,1945,-,-, N1300N, 22481,Capitol Airways,Cargo,-,Rapid City Regional Airport,RAP,KRAP,United States of America,Ogden-Hill AFB,HIF,KHIF,United States of America,2,0,2,0,-,-,-
19601020-0,Thursday,20-OCT-1960,21:14,A1, Approach (APR),near Ust-Orda,Russia,68,3, Destroyed, Written off (damaged beyond repair),Tupolev Tu-104A,2,Mikulin AM-3M,1959,-,-, CCCP-42452, 96601701,Aeroflot / Far East,Domestic Scheduled Passenger,  05,Omsk Airport,OMS,UNOO,Russia,Irkutsk Airport,IKT,UIII,Russia,7,61,3,0,-,-,-
19601022-0,Saturday,22-OCT-1960,-,A1, Landing (LDG),Wau Airport (WUG),Papua New Guinea,8,0, Damaged beyond repair,-,Douglas C-47B-30-DK (DC-3),2,Pratt & Whitney R-1830-90C,1945,-,-, A65-92, 32887/16139,RAAF,Military,-,-,-,-,-,Wau Airport,WUG,AYWU,Papua New Guinea,8,0,0,0,-,-,-
19601028-0,Friday,28-OCT-1960,11:39,A1, En route (ENR),"32 km (20 mls) W of Missoula, MT",United States of America,12,12, Damaged beyond repair,-,Douglas C-54A-10-DC (DC-4),-,-,1944,-,-, N48762, 10320,Northwest Orient Airlines,Domestic Scheduled Passenger, 104,Spokane International Airport,GEG,KGEG,United States of America,Missoula Airport,MSO,KMSO,United States of America,4,8,4,8,-,-,-
19601029-0,Saturday,29-OCT-1960,-,H2, En route (ENR),"Key West International Airport, FL (EYW)",United States of America,37,1, Minor,-,Douglas DC-3,-,-,-,-,-, registration unknown,-,Cubana,Domestic Scheduled Passenger,CU905,Havana-José Martí International Airport,HAV,MUHA,Cuba,Nueva Gerona Airport,GER,MUNG,Cuba,3,34,0,1,-,-,-
19601029-1,Saturday,29-OCT-1960,22:02,A1, Initial climb (ICL),"Toledo-Express Airport, OH (TOL)",United States of America,48,22, Damaged beyond repair,-,Curtiss C-46F-1-CU Commando,-,-,1945,-,-, N1244N, 22458,Arctic Pacific,Domestic Non Scheduled Passenger,-,Toledo-Express Airport,TOL,KTOL,United States of America,Kansas City Downtown Municipal Airport,MKC,KMKC,United States of America,3,45,2,20,-,-,-
19601029-2,Saturday,29-OCT-1960,-,A2, Approach (APR),Nairobi-Embakasi Airport (NBO),Kenya,91,0, Substantial, Repaired,Boeing 707-344,-,-,1960,-,-, ZS-CKC, 17928/134,South African Airways,International Scheduled Passenger,SA218,Johannesburg-Jan Smuts Airport,JNB,FAJS,South Africa,Nairobi-Embakasi Airport,NBO,HKNA,Kenya,13,78,0,0,-,-,-
19601030-0,Sunday,30-OCT-1960,21:58,A1, Initial climb (ICL),2 km (1.3 mls) SE of Penza Airport (PEZ),Russia,5,5, Damaged beyond repair,-,Ilyushin Il-14P,-,-,1957,-,4382.0, CCCP-52025, 704114,Aeroflot / Privolzhsk,Cargo, 534,Penza Airport,PEZ,UWPP,Russia,Saratov Airport,RTW,UWSS,Russia,5,0,5,0,-,-,-
19601031-0,Monday,31-OCT-1960,-,A1, Landing (LDG),McMurdo Sound,Antarctica,23,0, Damaged beyond repair,-,Lockheed WV-2 Super Constellation,-,-,1955,-,-, 126513, 4302,US Navy,Military,-,-,-,-,-,-,-,-,-,-,-,0,0,-,-,-
19601099-0,-,xx-OCT-1960,-,A1, Landing (LDG),"Uturoa Harbour, Raiatea",French Polynesia,-,0, Damaged beyond repair,-,Consolidated PBY-5A Catalina,-,-,-,-,-, F-OAYD, 1689,Réseau Aérien Interinsulaire,Unknown,-,-,-,-,-,-,-,-,-,-,-,0,0,-,-,-
19601105-0,Saturday,05-NOV-1960,-,A1, Takeoff (TOF),Bhairawa Airport (BWA),Nepal,4,4, Damaged beyond repair,-,Douglas C-47A-80-DL (DC-3),2,Pratt & Whitney R-1830-92,1944,-,-, 9N-AAD, 19792,Royal Nepal Airlines,Unknown,-,Bhairawa Airport,BWA,VNBW,Nepal,-,-,-,-,4,0,4,0,-,-,-
19601107-0,Monday,07-NOV-1960,-,A1, Approach (APR),16 km (10 mls) S of Quito,Ecuador,37,37, Damaged beyond repair,-,Fairchild F-27A,-,-,1958,-,-, HC-ADV,   1,AREA Ecuador,Domestic Scheduled Passenger,-,Guayaquil-Simon Bolivar Airport,GYE,SEGU,Ecuador,Quito-Mariscal Sucre Airport,UIO,SEQU,Ecuador,3,34,3,34,-,-,-
19601108-0,Tuesday,08-NOV-1960,-,A1, Landing (LDG),Palmar Sur Airport (PMZ),Costa Rica,-,0, Damaged beyond repair,-,Curtiss C-46A-55-CK Commando,2,Pratt & Whitney R-2800-51,1945,-,-, TI-1024C,   268,LACSA,Unknown,-,-,-,-,-,Palmar Sur Airport,PMZ,MRPM,Costa Rica,-,-,0,0,-,-,-
19601108-1,Tuesday,08-NOV-1960,-,A1, Landing (LDG),Barcelona Airport (BCN),Spain,71,0, Damaged beyond repair,-,Lockheed L-1049G Super Constellation,-,-,1956,-,14413.0, N7125C, 4652,Iberia,Domestic Scheduled Passenger,-,Madrid-Barajas Airport,MAD,LEMD,Spain,Barcelona-El Prat Airport,BCN,LEBL,Spain,8,63,0,0,-,-,-
19601111-0,Friday,11-NOV-1960,-,A1, Landing (LDG),Khartoum-Civil Airport (KRT),Sudan,27,0, Damaged beyond repair,-,Bristol 175 Britannia 102,-,-,1955,-,-, G-ANBC, 12904,BOAC,International Scheduled Passenger,-,-,-,-,-,Khartoum-Civil Airport,KRT,HSSS,Sudan,9,18,0,0,-,-,-
19601111-1,Friday,11-NOV-1960,23:30,A1, Takeoff (TOF),Zyryanka Airport,Russia,6,5, Damaged beyond repair,-,Lisunov Li-2,-,-,1948,-,-, CCCP-84748, 18430109,Aeroflot / Magadan,Cargo,213,-,-,-,-,Nizhniye Kresty Airport,CYX,UESS,Russia,5,1,5,0,-,-,-
19601115-0,Tuesday,15-NOV-1960,-,A1, Approach (APR),36 km (22.5 mls) SE of Luzon Island-Cubi Point NAS (NCP),Philippines,6,6, Damaged beyond repair,-,Grumman UF-1 Albatross,-,-,-,-,-, registration unknown,-,US Navy,Military,-,Manila-Nichols Air Base,MNL,RPLL,Philippines,Luzon Island-Cubi Point NAS,NCP,RPMB,Philippines,3,3,3,3,-,-,-
19601117-1,Thursday,17-NOV-1960,-,A2, Approach (APR),"Denver-Stapleton International Airport, CO (DEN)",United States of America,19,0, Substantial, Repaired,Douglas DC-6,-,-,1947,-,-, N37523, 43012,United Airlines,Domestic Scheduled Passenger,-,Salt Lake City Municipal Airport,SLC,KSLC,United States of America,Denver-Stapleton International Airport,DEN,KDEN,United States of America,4,15,0,0,-,-,Final
19601118-0,Friday,18-NOV-1960,-,A1, Landing (LDG),"Limestone-Loring AFB, ME (LIZ)",United States of America,17,1, Damaged beyond repair,-,Boeing KC-135A Stratotanker,4,Pratt & Whitney J57-P,1958,-,-, 56-3605, 17354/44,USAF,Military,-,-,-,-,-,-,-,-,-,-,-,-,-,-,-,-
19601121-0,Monday,21-NOV-1960,-,A1, Landing (LDG),Nassau-Oakes Field,Bahamas,-,0, Damaged beyond repair,-,Douglas C-47B-30-DK (DC-3),2,Pratt & Whitney R-1830-90C,1945,-,-, VP-BBN, 33159/16411,Bahamas Airways,Unknown,-,-,-,-,-,-,-,-,-,-,-,0,0,-,-,-
19601123-0,Wednesday,23-NOV-1960,18:45,A1, En route (ENR),Mount Baco,Philippines,33,33, Destroyed, Written off (damaged beyond repair),Douglas DC-3C,-,-,1944,-,17996.0, PI-C133, 13397,Philippine Air Lines,Domestic Scheduled Passenger, S26,Iloilo-Mandurriao Airport,ILO,RPVI,Philippines,Manila International Airport,MNL,RPLL,Philippines,4,29,4,29,-,-,-
19601125-0,Friday,25-NOV-1960,14:35,A1, En route (ENR),near Leningrad-Shosseynaya Airport (LED),Russia,9,9, Destroyed, Written off (damaged beyond repair),Ilyushin Il-14FK,-,-,1958,-,1709.0, CCCP-91610, 148001943,Aeroflot / Northern,Training,-,Leningrad-Shosseynaya Airport,LED,ULLI,Russia,Leningrad-Shosseynaya Airport,LED,ULLI,Russia,7,2,7,2,-,-,-
19601126-0,Saturday,26-NOV-1960,-,A1, Takeoff (TOF),Santa Cruz-El Trompillo Airport (SRZ),Bolivia,-,7, Damaged beyond repair,-,Fairchild C-82A-FA Packet,-,-,-,-,-, CP-678, 10128,Aerovias Condor,Unknown,-,Santa Cruz-El Trompillo Airport,SRZ,SLET,Bolivia,-,-,-,-,-,-,-,-,-,-,-
19601126-1,Saturday,26-NOV-1960,-,A1, Unknown (UNK),near Plain of Jars,Laos,3,2, Damaged beyond repair,-,Curtiss C-46F-1-CU Commando,-,-,1945,-,-, B-130, 22379,Air America,Unknown,-,-,-,-,-,-,-,-,-,3,0,2,0,-,-,-
19601204-0,Sunday,04-DEC-1960,-,A1, En route (ENR),near Chernovo,Russia,14,14, Damaged beyond repair,-,Ilyushin Il-14M,-,-,-,-,-, CCCP-52091, 7342905,Aeroflot / Komi,Domestic Scheduled Passenger,-,Syktyvkar Airport,SCW,UUYY,Russia,-,-,-,-,5,9,5,9,-,-,-
19601207-0,Wednesday,07-DEC-1960,-,A1, En route (ENR),"Cachimbo, PA",Brazil,15,15, Damaged beyond repair,-,Curtiss C-46A-60-CK Commando,2,Pratt & Whitney R-2800-51,1945,-,-, PP-AKF,   295,REAL,Domestic Non Scheduled Passenger,-,Cuiabá-Marechal Rondon International Airport,CGB,SBCY,Brazil,Manaus/Ponta Pelada Airport,PLL,SBMN,Brazil,2,13,2,13,-,-,-
19601208-0,Thursday,08-DEC-1960,-,H2, En route (ENR),near Cienfuegos,Cuba,17,1, Unknown,-,unknown,-,-,-,-,-, registration unknown,-,Cubana,Domestic Scheduled Passenger,-,Cienfuegos Airport,CFG,MUCF,Cuba,Havana-José Martí International Airport,HAV,MUHA,Cuba,-,-,-,-,-,-,-
19601210-0,Saturday,10-DEC-1960,09:36,A1, En route (ENR),15 km (9.4 mls) SE of Repinka,Kazakhstan,12,12, Damaged beyond repair,-,Antonov An-2T,-,-,1960,-,149.0, CCCP-33181, 114547317,Aeroflot / Kazakstan,Domestic Scheduled Passenger,-,Semipalatinsk Airport,PLX,UASS,Kazakhstan,-,-,-,-,2,10,2,10,-,-,-
19601211-1,Sunday,11-DEC-1960,14:10,A1, Landing (LDG),Lisboa Airport (LIS),Portugal,9,0, Damaged beyond repair,-,Douglas C-54G-5-DO (DC-4),-,-,1945,-,-, 2401, 36025,Brazilian AF,Military,-,Roma-Ciampino Airport,CIA,LIRA,Italy,Lisboa-Portela de Sacavém Airport,LIS,LPPT,Portugal,9,0,0,0,-,-,-
19601211-2,Sunday,11-DEC-1960,19:50,A1, Approach (APR),"8 km (5 mls) from  San Andrés de Giles, BA",Argentina,31,31, Damaged beyond repair,-,Avro 691 Lancastrian C.4,-,-,-,-,-, T-102, 1464,Argentine AF,Military,-,Antofagasta-Cerro Moreno Airport,ANF,SCFA,Chile,El Palomar Airport,EPA,SADP,Argentina,8,23,8,23,-,-,-
