identifiant,week_day,date,time,type_event,phase,location,country,total_occupants,total_fatalities,aircraft_damage,aircraft_fate,type_aircraft,number_engines,type_engines,first_flight,cycles,total_airframe_hours,registration,c_n_msn,operator,nature,flight_number,departure_airport_name,departure_airport_IATA,departure_airport_ICAO,departure_airport_country,destination_airport_name,destination_airport_IATA,destination_airport_ICAO,destination_airport_country,crew_number,passengers_number,crew_fatalities,passengers_fatalities,collision_casualties,ground_casualties,status
19550110-0,Monday,10-JAN-1955,09:38,A1, Takeoff (TOF),"St. Petersburg Airport, FL (PIE)",United States of America,13,0, Damaged beyond repair,-,Lockheed 18-50 Lodestar,2,Wright R-1820-G202A,1943,-,20627.0, N33369, 18-2414,National Airlines,Domestic Scheduled Passenger,   1,St. Petersburg-Pinellas International Airport,PIE,KPIE,United States of America,Sarasota-Bradenton Airport,SRQ,KSRQ,United States of America,3,10,0,0,-,-,Final
19550111-0,Tuesday,11-JAN-1955,21:00,A1, En route (ENR),"S off Fastnet Rock, Ireland",Atlantic Ocean,9,9, Missing, Presumed damaged beyond repair,Avro Shackleton MR.2,4,Rolls-Royce Griffon 57,1952,-,-, WG531,-,RAF,Military,-,-,-,-,-,-,-,-,-,9,0,9,0,9,-,-
19550111-1,Tuesday,11-JAN-1955,21:00,A1, En route (ENR),"S off Fastnet Rock, Ireland",Atlantic Ocean,9,9, Destroyed, Written off (damaged beyond repair),Avro Shackleton MR.2,4,Rolls-Royce Griffon 57,1953,-,-, WL743,-,RAF,Military,-,-,-,-,-,-,-,-,-,9,0,9,0,9,-,-
19550111-2,Tuesday,11-JAN-1955,-,A1, En route (ENR),"8 km (5 mls) NE of Smyrna-Sewart AFB, TN (MQY)",United States of America,42,2, Damaged beyond repair,-,Fairchild C-119G Flying Boxcar,-,-,-,-,-, 52-5949, 11136,USAF,Military,-,Smyrna-Sewart AFB,MQY,KMQY,United States of America,-,-,-,-,5,37,2,0,-,-,-
19550112-0,Wednesday,12-JAN-1955,09:04,A1, En route (ENR),"4 km (2.5 mls) W of Cincinnati/Northern Kentucky Airport, KY (CVG)",United States of America,13,13, Damaged beyond repair,-,Martin 2-0-2A,2,Pratt & Whitney R-2800-CB16,1950,-,7958.0, N93211, 14081,TWA,Domestic Scheduled Passenger,TW694,Cincinnati/Northern Kentucky Airport,CVG,KCVG,United States of America,Cleveland-Hopkins International Airport,CLE,KCLE,United States of America,3,10,3,10,2,-,Final
19550112-1,Wednesday,12-JAN-1955,09:04,A1, En route (ENR),"4 km (2.5 mls) W of Cincinnati/Northern Kentucky Airport, KY (CVG)",United States of America,2,2, Damaged beyond repair,-,Douglas C-47-DL (DC-3),2,Pratt & Whitney R-1830-65-92,1942,-,5677.0, N999B, 4255,Castleton Inc,Executive,-,Battle Creek-WK Kellogg Regional Airport,BTL,KBTL,United States of America,Lexington-Blue Grass Airport,LEX,KLEX,United States of America,2,0,2,0,13,-,Final
19550113-1,Thursday,13-JAN-1955,11:30,A1, Takeoff (TOF),Moscow Region,Russia,5,5, Damaged beyond repair,-,Lisunov Li-2,-,-,-,-,-, CCCP-L5000, 33444902,Aeroflot / Moscow,Cargo,-,-,-,-,-,-,-,-,-,5,0,5,0,-,-,-
19550115-0,Saturday,15-JAN-1955,-,A2, Takeoff (TOF),London Airport (LHR),United Kingdom,30,0, Substantial, Repaired,Vickers 701 Viscount,4,Rolls-Royce Dart 505,1953,-,-, G-AMOK, 24,BEA,International Scheduled Passenger,-,London Airport,LHR,EGLL,United Kingdom,Nice-le Var Airport,NCE,LFMN,France,5,25,0,0,-,-,Preliminary
19550115-1,Saturday,15-JAN-1955,01:00,A1, Approach (APR),"1,8 km (1.1 mls) N of London Airport, ON (YXU)",Canada,5,0, Damaged beyond repair,-,Grumman G-73 Mallard,-,-,1947,-,-, CF-GEU, J-33,Hydro-Electric Power Comm. of Ontario,Unknown,-,Toronto-Malton Airport,YYZ,CYYZ,Canada,-,-,-,-,2,3,0,0,-,-,-
19550117-0,Monday,17-JAN-1955,05:15,A1, En route (ENR),"112 km (70 mls) SW off  Stephenville, NL, Canada",Atlantic Ocean,13,13, Damaged beyond repair,-,Lockheed C-121J Super Constellation,-,-,1953,-,-, 131639, 4140,US Navy,Military,-,Stephenville-Ernest Harmon AFB,YJT,CYJT,Canada,Patuxent River NAS,NHK,KNHK,United States of America,6,7,6,7,-,-,-
19550118-0,Tuesday,18-JAN-1955,-,A1, En route (ENR),"4,8 km (3 mls) E of Jardín, Antioquia",Colombia,6,3, Damaged beyond repair,-,Grumman SA-16A Albatross,-,-,-,-,-, 51-7197, G-262,USAF,Military,-,-,-,-,-,-,-,-,-,-,-,-,-,-,-,-
19550119-0,Wednesday,19-JAN-1955,16:25,A2, En route (ENR),"10 km (6.3 mls) SE of Dexter, IA",United States of America,39,0, Substantial, Repaired,Convair CV-340-13,2,Pratt & Whitney R-2800-CB16,1954,-,1502.0, N73154, 180,United Airlines,Domestic Scheduled Passenger,UA329,Des Moines Airport,DSM,KDSM,United States of America,Omaha-Eppley Airfield,OMA,KOMA,United States of America,3,36,0,0,-,-,Final
19550121-0,Friday,21-JAN-1955,07:29,A1, Approach (APR),Guwahati,India,3,3, Damaged beyond repair,-,Douglas C-47A-25-DK (DC-3),2,Pratt & Whitney R-1830-92,1944,-,-, VT-COZ, 13569,Indian Airlines,Cargo,-,Calcutta-Dum Dum Airport,CCU,VECC,India,Guwahati-Borjhar Airport,GAU,VEGT,India,3,0,3,0,-,-,-
19550122-0,Saturday,22-JAN-1955,-,A1, Approach (APR),"0,8 km (0.5 mls) from  Chattanooga-Lovell Field, TN (CHA)",United States of America,2,0, Damaged beyond repair,-,Curtiss C-46F-1-CU Commando,-,-,1945,-,-, N1242N, 22406,Resort Airlines,Cargo,-,Norfolk NAS Chambers,NGU,KNGU,United States of America,Knoxville Airport,TYS,KTYS,United States of America,2,0,0,0,-,-,-
19550123-0,Sunday,23-JAN-1955,07:57,A1, En route (ENR),"near Lipovec, Kagarlyksky District",Ukraine,13,3, Damaged beyond repair,-,Lisunov Li-2,-,-,-,-,-, CCCP-L4510, 18429709,Aeroflot / Ukraine,Domestic Scheduled Passenger,-,-,-,-,-,-,-,-,-,5,8,2,1,-,-,-
19550126-0,Wednesday,26-JAN-1955,16:58,A1, En route (ENR),off Ocean Weather Station Echo [35°N 48°W],Atlantic Ocean,8,0, Damaged beyond repair,-,Douglas C-54G-5-DO (DC-4),-,-,1945,-,-, 45-569, 36022,USAF,Military,-,Terceira-Lajes Airport,TER,LPLA,Portugal,-,-,-,-,-,-,0,0,-,-,-
19550127-0,Thursday,27-JAN-1955,-,A1, Landing (LDG),Niigata Air Base (KIJ),Japan,-,-, Damaged beyond repair,-,Douglas C-47A-30-DK (DC-3),-,-,1944,-,-, 43-48091, 25352/13907,USAF,Military,-,-,-,-,-,Niigata Airport,KIJ,RJAN,Japan,-,-,-,-,-,-,-
19550201-0,Tuesday,01-FEB-1955,-,A1, Landing (LDG),La Pedrera Airport (LPD),Colombia,8,5, Damaged beyond repair,-,Consolidated PBY-5 Catalina,-,-,-,-,-, HK-1000E,-,Agencia Interamericana,Cargo,-,Mitú Airport,MVP,SKMU,Colombia,La Pedrera Airport,LPD,SKLP,Colombia,4,4,1,4,-,-,-
19550202-0,Wednesday,02-FEB-1955,03:50,A1, En route (ENR),Nagpur,India,10,10, Damaged beyond repair,-,Douglas C-47A-20-DK (DC-3),2,Pratt & Whitney R-1830-92,1944,-,-, VT-CVB, 13037,Indian Airlines,Domestic Scheduled Passenger,-,Nagpur-Sonegaon Airport,NAG,VANP,India,-,-,-,-,4,6,4,6,-,-,-
19550205-0,Saturday,05-FEB-1955,10:04,A1, En route (ENR),84 km (52.5 mls) NW of Calabar,Nigeria,13,13, Damaged beyond repair,-,Bristol 170 Freighter 21E,-,-,-,-,-, VR-NAD, 12779,West African Airways,Domestic Scheduled Passenger,-,Enugu Airport,ENU,DNEN,Nigeria,Calabar Airport,CBQ,DNCA,Nigeria,4,9,4,9,-,-,-
19550213-0,Sunday,13-FEB-1955,19:53,A1, En route (ENR),Monte Terminillo,Italy,29,29, Destroyed, Written off (damaged beyond repair),Douglas DC-6,-,-,1947,-,-, OO-SDB, 43063/60,Sabena,International Scheduled Passenger, 503,-,-,-,-,Roma-Ciampino Airport,CIA,LIRA,Italy,8,21,8,21,-,-,Final
19550214-0,Monday,14-FEB-1955,-,A1, Unknown (UNK),at an unknown location,Unknown country,-,-, Damaged beyond repair,-,Vickers Valetta C.1,-,-,-,-,-, VL271,-,RAF,Military,-,-,-,-,-,-,-,-,-,-,-,-,-,-,-,-
19550217-0,Thursday,17-FEB-1955,-,A1, En route (ENR),"55,6 km (34.8 mls) NW of Anchorage-Elmendorf AFB, AK (EDF)",United States of America,9,9, Damaged beyond repair,-,Lockheed P2V-5 Neptune,-,-,-,-,-, 128399, 426-5245,US Navy,Military,-,Kodiak NAS,ADQ,PADQ,United States of America,Anchorage-Elmendorf AFB,EDF,PAED,United States of America,2,7,2,7,-,-,-
19550219-0,Saturday,19-FEB-1955,07:13,A1, En route (ENR),"21 km (13.1 mls) NE of Albuquerque Municipal Airport, NM (ABQ)",United States of America,16,16, Damaged beyond repair,-,Martin 4-0-4,-,-,-,-,-, N40416, 14120,TWA,Domestic Scheduled Passenger,TW260,Albuquerque Municipal Airport,ABQ,KABQ,United States of America,Santa Fe Airport,SAF,KSAF,United States of America,3,13,3,13,-,-,Final
19550221-0,Monday,21-FEB-1955,13:45,A1, Landing (LDG),Santiago-Los Cerrillos Airport (ULC),Chile,19,0, Damaged beyond repair,-,Consolidated Liberator C Mk VI,-,-,-,-,2371.0, CC-CAN, 1174,ALA,Domestic Scheduled Passenger,-,Iquique-Cavancha Airport,IQQ,SCDA,Chile,Santiago-Los Cerrillos Airport,ULC,SCTI,Chile,4,15,0,0,-,-,-
19550223-0,Wednesday,23-FEB-1955,09:20,A1, Initial climb (ICL),Salisbury Airport (HRE),Zimbabwe,26,1, Damaged beyond repair,-,Douglas C-47B-15-DK (DC-3),2,Pratt & Whitney R-1830-90C,1944,-,-, VP-YKO, 26554/15109,Central African Airways,Domestic Scheduled Passenger, 626,Salisbury Airport,HRE,FVHA,Zimbabwe,Lusaka Airport,LUN,FLLS,Zambia,5,21,1,0,-,-,-
19550225-0,Friday,25-FEB-1955,-,U1, Unknown (UNK),unknown,Unknown country,-,-, Damaged beyond repair,-,Curtiss C-46 Commando,-,-,-,-,-, 117,-,Republic of China AF,Military,-,-,-,-,-,-,-,-,-,-,-,-,-,-,-,-
19550301-0,Tuesday,01-MAR-1955,-,A1, En route (ENR),33 km (20.6 mls) N of Ashiya Air Base,Japan,7,3, Damaged beyond repair,-,Fairchild C-119G Flying Boxcar,-,-,-,-,-, 52-5886, 11053,USAF,Military,-,-,-,-,-,-,-,-,-,7,0,3,0,-,-,-
19550302-0,Wednesday,02-MAR-1955,-,A1, Takeoff (TOF),Boscombe Down RAF Station,United Kingdom,6,2, Damaged beyond repair,-,Handley Page Hastings C.2,-,-,1951,-,-, WD484, HP67/112,RAF,Military,-,-,-,-,-,-,-,-,-,6,0,2,0,-,-,-
19550303-0,Thursday,03-MAR-1955,-,A1, Landing (LDG),"Hagerstown-Wash. County Regional Airport, MD (HGR)",United States of America,13,0, Destroyed, Written off (damaged beyond repair),Fairchild C-119G Flying Boxcar,2,Wright R-3350,-,-,-, 51-7995, 10734,USAF,Military,-,Ardmore AFB,ADM,KADM,United States of America,Hagerstown-Wash. County Regional Airport,HGR,KHGR,United States of America,-,-,0,0,-,-,Preliminary
19550303-1,Thursday,03-MAR-1955,-,A1, Landing (LDG),Keflavík International Airport (KEF),Iceland,58,0, Damaged beyond repair,-,Douglas C-118A (DC-6),-,-,1954,-,-, 53-3230, 44601/508,USAF,Military,-,-,-,-,-,Keflavík International Airport,KEF,BIKF,Iceland,9,49,0,0,-,-,-
19550304-0,Friday,04-MAR-1955,-,A1, En route (ENR),"near Kepino, Arkhangelsk region",Russia,25,4, Damaged beyond repair,-,Ilyushin Il-12,-,-,-,-,-, CCCP-N479, 30236,GUSMP,Domestic Scheduled Passenger,-,Amderma Airport,AMV,UOAA,Russia,Arkhangelsk-Talaghy Airport,ARH,ULAA,Russia,5,20,4,0,-,-,-
19550306-0,Sunday,06-MAR-1955,-,A1, Landing (LDG),"Vitoria da Conquista Airport, BA (VDC)",Brazil,21,5, Damaged beyond repair,-,Douglas DC-3A,-,-,1943,-,-, PP-YPZ, 11699,REAL,Domestic Scheduled Passenger,-,-,-,-,-,Vitória da Conquista Airport,VDC,SBQV,Brazil,3,18,1,4,-,-,-
19550306-1,Sunday,06-MAR-1955,-,A1, En route (ENR),32 km (20 mls) NW of Taitung,Taiwan,14,14, Damaged beyond repair,-,Douglas C-54D-15-DC (DC-4),-,-,1945,-,-, 43-17208, 22158,USAF,Military,-,-,-,-,-,Hong Kong-Kai Tak International Airport,HKG,VHHH,Hong Kong,5,9,5,9,-,-,-
19550306-2,Sunday,06-MAR-1955,-,A1, Unknown (UNK),"Clinton, IA",United States of America,-,-, Damaged beyond repair,-,Douglas C-47D (DC-3),-,-,1944,-,-, 43-49549, 26810/15365,USAF,Military,-,-,-,-,-,-,-,-,-,-,-,-,-,-,-,-
19550307-0,Monday,07-MAR-1955,-,A1, En route (ENR),near Ciudad de Valles,Mexico,6,6, Damaged beyond repair,-,Lockheed 18 Lodestar,-,-,-,-,-, XB-ZEH,-,private,Executive,-,-,-,-,-,Mexico City International Airport,MEX,MMMX,Mexico,4,2,4,2,-,-,-
19550308-0,Tuesday,08-MAR-1955,13:40,A1, En route (ENR),20 km (12.5 mls) WNW of Talpa de Allende Airport,Mexico,26,26, Damaged beyond repair,-,Douglas DC-3A-228D,2,Pratt & Whitney R-1830,1941,-,-, XA-DIK, 3292,Mexicana,Domestic Scheduled Passenger,MX591,Puerto Vallarta-Gustavo D. Ordaz Airport,PVR,MMPR,Mexico,-,-,-,-,3,23,3,23,-,-,-
19550308-1,Tuesday,08-MAR-1955,-,A1, Landing (LDG),"Pittsburgh-Greater Pittsburgh Airport, PA (PIT)",United States of America,-,0, Damaged beyond repair,-,Fairchild C-119B Flying Boxcar,-,-,-,-,-, 49-114, 10351,USAF,Military,-,-,-,-,-,Pittsburgh-Greater Pittsburgh Airport,PIT,KPIT,United States of America,-,-,0,0,-,-,-
19550309-0,Wednesday,09-MAR-1955,15:15,A1, En route (ENR),Cerro Trujillo,Colombia,8,8, Damaged beyond repair,-,Douglas C-47A-90-DL (DC-3),2,Pratt & Whitney R-1830-92,1944,-,-, HK-328, 20224,Avianca,Domestic Scheduled Passenger,-,Condoto-Mandinga Airport,COG,SKCD,Colombia,Cali Airport,CLO,SKCL,Colombia,3,5,3,5,-,-,-
19550310-0,Thursday,10-MAR-1955,-,A1, Unknown (UNK),"near Cullman, AL",United States of America,11,0, Damaged beyond repair,-,Fairchild C-119G Flying Boxcar,-,-,-,-,-, 51-8095, 10989,USAF,Military,-,-,-,-,-,-,-,-,-,-,-,0,0,-,-,-
19550310-1,Thursday,10-MAR-1955,11:00,A1, Unknown (UNK),Jerez De La Frontera Air Base (XRY),Spain,8,1, Damaged beyond repair,-,CASA 352 (Junkers Ju-52),-,-,-,-,-, T.2B-226, 117,Spanish AF,Military,-,-,-,-,-,-,-,-,-,-,-,1,0,-,-,-
19550314-0,Monday,14-MAR-1955,-,A1, En route (ENR),near Phonesavanh Airport,Laos,-,0, Damaged beyond repair,-,Douglas C-47A-35-DL (DC-3),2,Pratt & Whitney R-1830-92,1943,-,-, F-BFGN, 9785,Air Laos,Unknown,-,-,-,-,-,-,-,-,-,-,-,0,0,-,-,-
19550315-1,Tuesday,15-MAR-1955,-,A1, Approach (APR),3 km (1.9 mls) from  Nairobi,Kenya,19,0, Damaged beyond repair,-,Douglas C-53D-DO (DC-3),-,-,-,-,-, MM61769,-,Italian AF,Military,-,-,-,-,-,-,-,-,-,-,-,0,0,-,-,-
19550317-0,Thursday,17-MAR-1955,14:27,A1, Approach (APR),Salisbury-Belvedere,Zimbabwe,28,0, Damaged beyond repair,-,Vickers 616 Viking 1B,-,-,1946,-,-, VP-YEX, 159,Central African Airways,International Scheduled Passenger, 120,Johannesburg International Airport,JNB,FAJS,South Africa,Salisbury Airport,HRE,FVHA,Zimbabwe,5,23,0,0,-,-,-
19550317-1,Thursday,17-MAR-1955,-,A1, Initial climb (ICL),Gonesse,France,-,-, Damaged beyond repair,-,Amiot AAC.1 (Junkers Ju-52),-,-,-,-,-, F-BBOF, AAC007,French Police,Unknown,-,Paris-Le Bourget Airport,LBG,LFPB,France,-,-,-,-,-,-,-,-,-,-,-
19550318-0,Friday,18-MAR-1955,-,A1, Takeoff (TOF),Beauvais-Tillé Airport (BVA),France,-,9, Damaged beyond repair,-,Douglas C-47A-85-DL (DC-3),2,Pratt & Whitney R-1830-92,1944,-,-, F-BAXL, 20047,Air France,Unknown,-,Beauvais-Tillé Airport,BVA,LFOB,France,-,-,-,-,-,-,-,-,-,-,-
19550320-1,Sunday,20-MAR-1955,22:36,A1, Approach (APR),"near Springfield Municipal Airport, MO (SGF)",United States of America,35,13, Damaged beyond repair,-,Convair CV-240-0,2,Pratt & Whitney R-2800-83,1948,-,13383.0, N94234,  66,American Airlines,Domestic Scheduled Passenger,AA711,-,-,-,-,Springfield Municipal Airport,SGF,KSGF,United States of America,3,32,2,11,-,-,-
19550322-0,Tuesday,22-MAR-1955,02:03,A1, Approach (APR),"24 km (15 mls) NW of Honolulu, HI",United States of America,66,66, Destroyed, Written off (damaged beyond repair),Douglas R6D-1 (DC-6),-,-,1953,-,-, 131612, 43715/362,US Navy,Military,-,-,-,-,-,Fairfield-Travis AFB,SUU,KSUU,United States of America,9,57,9,57,-,-,-
19550326-0,Saturday,26-MAR-1955,11:12,A1, En route (ENR),"56 km (35 mls) W off  Oregon, USA",Pacific Ocean,23,4, Damaged beyond repair,-,Boeing 377 Stratocruiser 10-26,4,Pratt & Whitney R-4360-B6,1949,-,13655.0, N1032V, 15932/27,Pan Am,Domestic Scheduled Passenger,-,Portland International Airport,PDX,KPDX,United States of America,Honolulu International Airport,HNL,PHNL,United States of America,8,15,2,2,-,-,Final
19550328-0,Monday,28-MAR-1955,-,A1, Unknown (UNK),"2,4 km (1.5 mls) W of Colyton",United Kingdom,-,0, Damaged beyond repair,-,Vickers Varsity T.1,2,Bristol Hercules 264,1952,-,-, WJ888, 615,RAF,Military,-,-,-,-,-,-,-,-,-,-,-,0,0,-,-,-
19550329-0,Tuesday,29-MAR-1955,-,A1, Landing (LDG),Khowai Airport (IXN),India,8,0, Damaged beyond repair,-,Douglas C-47A-20-DK (DC-3),2,Pratt & Whitney R-1830-92,1944,-,-, VT-CUZ, 13029,Airways (India),Non Scheduled Passenger,-,-,-,-,-,Khowai Airport,IXN,VEKW,India,4,4,0,0,-,-,-
19550329-1,Tuesday,29-MAR-1955,-,A1, Landing (LDG),Hucknall Airport,United Kingdom,-,4, Damaged beyond repair,-,Avro 691 Lancastrian C.2,-,-,-,-,-, VL970,-,RAF,Military,-,-,-,-,-,-,-,-,-,-,-,-,-,-,-,-
19550401-0,Friday,01-APR-1955,-,A1, En route (ENR),"3 km (1.9 mls) E of Lapine, AL",United States of America,6,0, Damaged beyond repair,-,Fairchild C-119C Flying Boxcar,-,-,-,-,-, 51-2665, 10654,USAF,Military,-,-,-,-,-,-,-,-,-,6,0,0,0,-,-,-
19550402-0,Saturday,02-APR-1955,-,A1, Landing (LDG),Lahad Datu Airport (LDU),Malaysia,-,0, Damaged beyond repair,-,Vickers Valetta C.1,2,Bristol Hercules 230,1950,-,-, WD163, 492,RAF,Military,-,-,-,-,-,Lahad Datu Airport,LDU,WBKD,Malaysia,-,-,0,0,-,-,-
19550402-1,Saturday,02-APR-1955,-,A1, En route (ENR),"off Pensacola, FL",United States of America,2,2, Damaged beyond repair,-,Curtiss C-46A-45-CU Commando,2,Pratt & Whitney R-2800-51,1944,-,-, N51424, 30430,Aaxico Airlines,Cargo,-,Mobile-Brookley AFB,BFM,KBFM,United States of America,Warner Robins-Robins AFB,WRB,KWRB,United States of America,2,0,2,0,-,-,-
19550402-2,Saturday,02-APR-1955,-,A1, Landing (LDG),near Mys Zhelaniya,Russia,10,0, Substantial, Written off (damaged beyond repair),Lisunov Li-2,-,-,-,-,-, CCCP-N497, 18430708,GUSMP,Domestic Non Scheduled Passenger,-,-,-,-,-,Dikson Airport,DKS,UODD,Russia,3,7,0,0,-,-,-
19550403-0,Sunday,03-APR-1955,-,A1, Approach (APR),"ca 3 km from Vitória-Goiabeiras Airport, ES (VIX)",Brazil,3,3, Damaged beyond repair,-,Curtiss C-46A-60-CK Commando,2,Pratt & Whitney R-2800-51,1945,-,-, PP-ITG,   437,Comp. Itaú de Transportes Aéreos,Ferry/positioning,-,-,-,-,-,Vitória-Goiabeiras Airport,VIX,SBVT,Brazil,3,0,3,0,-,-,-
19550404-0,Monday,04-APR-1955,15:55,A1, Takeoff (TOF),"Islip-MacArthur Field, NY (ISP)",United States of America,3,3, Damaged beyond repair,-,Douglas DC-6,-,-,1947,-,-, N37512, 43001/32,United Airlines,Training,-,Islip-Long Island MacArthur Airport,ISP,KISP,United States of America,New York-La Guardia Airport,LGA,KLGA,United States of America,3,0,3,0,-,-,-
19550408-0,Friday,08-APR-1955,-,A1, En route (ENR),9 km (5.6 mls) SW of Düsseldorf Airport (DUS),Germany,53,0, Damaged beyond repair,-,Airspeed AS.57 Ambassador 2,2,Bristol Centaurus 661,1952,-,-, G-AMAB, 5224,BEA,International Scheduled Passenger,-,Düsseldorf Airport,DUS,EDDL,Germany,-,-,-,-,6,47,0,0,-,-,-
19550409-0,Saturday,09-APR-1955,-,A1, Takeoff (TOF),"Norfolk NAS Chambers, VA (NGU)",United States of America,11,4, Damaged beyond repair,-,Martin P5M-1 Marlin,-,-,-,-,-, 130265,-,US Navy,Military,-,Norfolk NAS Chambers,NGU,KNGU,United States of America,-,-,-,-,-,-,-,-,-,-,-
19550411-0,Monday,11-APR-1955,-,A1, Takeoff (TOF),"Yellowknife Airport, NT (YZF)",Canada,2,0, Damaged beyond repair,-,Avro 685 York C.1,4,Rolls-Royce Merlin,1945,-,-, CF-HMZ,-,Associated Airways,Unknown,-,Yellowknife Airport,YZF,CYZF,Canada,-,-,-,-,2,0,0,0,-,-,-
19550411-1,Monday,11-APR-1955,09:25,C1, En route (ENR),off Great Natuna Islands,Indonesia,19,16, Damaged beyond repair,-,Lockheed L-749A Constellation,-,-,1951,-,-, VT-DEP, 2666,Air-India,Int'l Non Scheduled Passenger,-,Hong Kong-Kai Tak International Airport,HKG,VHHH,Hong Kong,-,-,-,-,8,11,5,11,-,-,-
19550412-0,Tuesday,12-APR-1955,-,A1, Unknown (UNK),"Hall Lake, NU",Canada,-,-, Damaged beyond repair,-,Avro 685 York C.1,4,Rolls-Royce Merlin,1945,-,-, CF-HMX,-,Arctic Wings,Unknown,-,-,-,-,-,-,-,-,-,-,-,-,-,-,-,-
19550414-0,Thursday,14-APR-1955,-,A1, Unknown (UNK),Katowice,Poland,15,0, Damaged beyond repair,-,Lisunov Li-2P,-,-,-,-,-, SP-LAE, 18424001,LOT,Passenger,-,-,-,-,-,-,-,-,-,-,-,0,0,-,-,-
19550414-1,Thursday,14-APR-1955,-,A1, Taxi (TXI),56 km (35 mls) SE of Narsarsuaq Airport (UAK),Greenland,-,0, Damaged beyond repair,-,Douglas SC-47D (DC-3),-,-,1944,-,-, 43-48765, 26026/14581,USAF,Military,-,-,-,-,-,-,-,-,-,-,-,0,0,-,-,-
19550416-0,Saturday,16-APR-1955,-,A1, Takeoff (TOF),Matsushima Air Base,Japan,17,0, Damaged beyond repair,-,Fairchild C-119G Flying Boxcar,-,-,-,-,-, 51-8085, 10979,USAF,Military,-,-,-,-,-,-,-,-,-,5,12,0,0,-,-,-
19550418-0,Monday,18-APR-1955,-,A1, En route (ENR),Mount Kupe,Cameroon,14,12, Damaged beyond repair,-,de Havilland DH-114 Heron 1B,-,-,1953,-,-, F-BGOI, 14010,UAT,Domestic Scheduled Passenger,-,Yaoundé-Ville Airport,YAO,FKKY,Cameroon,Douala Airport,DLA,FKKD,Cameroon,4,10,3,9,-,-,-
19550418-1,Monday,18-APR-1955,-,A1, Landing (LDG),"Ghisonaccia Field, Corsica",France,4,0, Damaged beyond repair,-,Fairchild C-119C Flying Boxcar,-,-,-,-,-, 51-2648, 10637,USAF,Military,-,-,-,-,-,-,-,-,-,4,0,0,0,-,-,-
19550418-2,Monday,18-APR-1955,-,A1, En route (ENR),15 km (9.4 mls) SE of Moulins,France,-,0, Damaged beyond repair,-,Fairchild C-119C Flying Boxcar,-,-,-,-,-, 51-2645, 10634,USAF,Military,-,-,-,-,-,-,-,-,-,-,-,0,0,-,-,-
19550426-0,Tuesday,26-APR-1955,-,A1, En route (ENR),off Tanaguarena,Venezuela,3,3, Damaged beyond repair,-,Curtiss C-46D-10-CU Commando,-,-,1944,-,-, YV-C-ARD, 33005,RANSA,Test,-,Caracas-Maiquetía Airport,CCS,SVMI,Venezuela,Caracas-Maiquetía Airport,CCS,SVMI,Venezuela,3,0,3,0,-,-,-
19550426-1,Tuesday,26-APR-1955,00:15,A1, En route (ENR),Onnaing,France,1,1, Damaged beyond repair,-,Vickers Varsity T.1,2,Bristol Hercules 264,1952,-,-, WF426, 569,RAF,Illegal Flight,-,-,-,-,-,-,-,-,-,1,0,1,0,-,4,-
19550427-0,Wednesday,27-APR-1955,-,A1, Approach (APR),"Iqaluit-Frobisher Bay Airport, NU (YFB)",Canada,8,0, Damaged beyond repair,-,Douglas C-124C Globemaster II,4,Pratt & Whitney R-4360-20WA,-,-,-, 52-0991, 43900,USAF,Military,-,Churchill Airport,YYQ,CYYQ,Canada,Iqaluit-Frobisher Bay Airport,YFB,CYFB,Canada,8,0,0,0,-,-,-
19550504-0,Wednesday,04-MAY-1955,-,A1, En route (ENR),145 km (90.6 mls) SW off  Reykjavík-Keflavík International Airport (KEF),Atlantic Ocean,9,9, Damaged beyond repair,-,Boeing KC-97G Stratofreighter,-,-,-,-,-, 53-0110, 16892,USAF,Military,-,Reykjavík-Keflavík International Airport,KEF,BIKF,Iceland,-,-,-,-,9,0,9,0,-,-,-
19550508-0,Sunday,08-MAY-1955,-,A1, Unknown (UNK),"24 km (15 mls) ESE of Barnesville, OH",United States of America,14,1, Damaged beyond repair,-,Douglas C-47A-10-DK (DC-3),-,-,1944,-,-, 42-108869, 12538,USAF,Military,-,-,-,-,-,Columbus-Port Columbus International Airport,CMH,KCMH,United States of America,4,10,0,1,-,-,-
19550508-1,Sunday,08-MAY-1955,12:16,A1, En route (ENR),9 km (5.6 mls) W of Dnepropetrovsk Airport (DNK),Ukraine,4,4, Damaged beyond repair,-,Lisunov Li-2,-,-,-,-,-, CCCP-L4098, 18414305,Aeroflot / Ukraine,Cargo,-,-,-,-,-,-,-,-,-,4,0,4,0,-,-,-
19550513-0,Friday,13-MAY-1955,-,A1, En route (ENR),25 km (15.6 mls) NW of Amphur Fang,Thailand,7,7, Damaged beyond repair,-,Douglas C-47 (DC-3),-,-,-,-,-, registration unknown,-,Burmese AF,Military,-,-,-,-,-,-,-,-,-,-,-,-,-,-,-,Preliminary
19550515-0,Sunday,15-MAY-1955,-,A1, Initial climb (ICL),near Thule Air Base (THU),Greenland,7,0, Damaged beyond repair,-,Douglas C-124C Globemaster II,4,Pratt & Whitney R-4360-20WA,-,-,-, 52-1088, 43997,USAF,Military,-,Thule Air Base,THU,BGTL,Greenland,Springfield-Westover AFB,CEF,KCEF,United States of America,7,0,0,0,-,-,-
19550518-0,Wednesday,18-MAY-1955,12:25,A1, En route (ENR),Mount Kilimanjaro,Tanzania,20,20, Destroyed, Written off (damaged beyond repair),Douglas C-47B-40-DK (DC-3),2,Pratt & Whitney R-1830-90D,1945,-,7199.0, VP-KKH, 33568/16820,East African Airways,International Scheduled Passenger, 104,Dar es Salaam International Airport,DAR,HTDA,Tanzania,Nairobi-West Airport,WIL,HKNW,Kenya,4,16,4,16,-,-,Final
19550520-0,Friday,20-MAY-1955,-,A1, Takeoff (TOF),"Río Gallegos-Rio Chico Airport, SC (RGL)",Argentina,5,0, Damaged beyond repair,-,Douglas C-47A-20-DK (DC-3),2,Pratt & Whitney R-1830-92,1944,-,-, LV-ACQ, 13159,Aerolineas Argentinas,Cargo,-,Río Gallegos-Rio Chico Airport,RGL,SAWG,Argentina,-,-,-,-,4,1,0,0,-,-,-
19550520-1,Friday,20-MAY-1955,-,A1, Landing (LDG),Suquez/Lérida,Spain,6,0, Damaged beyond repair,-,CASA 352 (Junkers Ju-52),-,-,-,-,-, T.2B-270, 161,Spanish AF,Military,-,-,-,-,-,-,-,-,-,-,-,0,0,-,-,-
19550521-0,Saturday,21-MAY-1955,-,A1, Unknown (UNK),off Barcelona,Venezuela,13,4, Damaged beyond repair,-,Douglas C-47-DL (DC-3),2,Pratt & Whitney R-1830-92,1942,-,-, YV-C-ALU, 4791,LAV,Passenger,-,Caracas-Simón Bolívar International Airport,CCS,SVMI,Venezuela,-,-,-,-,3,10,0,4,-,-,-
19550523-0,Monday,23-MAY-1955,-,A1, Landing (LDG),Fayid RAF Station,Egypt,-,0, Damaged beyond repair,-,Vickers Valetta C.1,2,Bristol Hercules 230,1949,-,-, VW834, 395,RAF,Military,-,-,-,-,-,-,-,-,-,-,-,0,0,-,-,-
19550526-0,Thursday,26-MAY-1955,14:27,A1, Takeoff (TOF),"near Edmonton Municipal Airport, AB (YXD)",Canada,2,2, Damaged beyond repair,-,Avro 685 York C.1,4,Rolls-Royce Merlin,1946,-,-, CF-HMY,-,Associated Airways,Cargo,-,Edmonton Municipal Airport,YXD,CYXD,Canada,-,-,-,-,2,0,2,0,-,-,-
19550526-1,Thursday,26-MAY-1955,-,A1, Landing (LDG),central Arctic Basin,Arctic Ocean,10,0, Damaged beyond repair,-,Lisunov Li-2,-,-,-,-,-, CCCP-N535, 18434602,GUSMP,Domestic Non Scheduled Passenger,-,-,-,-,-,-,-,-,-,6,4,0,0,-,-,-
19550526-2,Thursday,26-MAY-1955,-,A1, Landing (LDG),at an unknown location,Antarctica,10,0, Damaged beyond repair,-,Lisunov Li-2,-,-,-,-,-, CCCP-N535, 18434602,Polyarnaya Aviatsiya,Domestic Non Scheduled Passenger,-,-,-,-,-,-,-,-,-,6,4,0,0,-,-,-
19550528-0,Saturday,28-MAY-1955,13:15,A1, En route (ENR),near Deftinge,Belgium,5,0, Damaged beyond repair,-,Douglas C-47D (DC-3),2,Pratt & Whitney R-1830-90,1944,-,-, 43-48479, 25740/14295,USAF,Military,-,Paris-Orly Airport,ORY,LFPO,France,København-Kastrup Airport,CPH,EKCH,Denmark,5,0,0,0,-,-,-
19550603-0,Friday,03-JUN-1955,-,A1, Landing (LDG),Fort Lamy Airport (NDJ),Chad,3,3, Damaged beyond repair,-,Douglas C-54A-5-DC (DC-4),-,-,1944,-,-, F-BFVT, 10292,UAT,Cargo,-,Douala Airport,DLA,FKKD,Cameroon,Fort Lamy Airport,NDJ,FTTJ,Chad,3,0,3,0,-,-,-
19550604-0,Saturday,04-JUN-1955,-,A1, Landing (LDG),"off Eastbourne, Sussex",United Kingdom,14,4, Damaged beyond repair,-,Short Sunderland MR.5,-,-,-,-,-, RN288,-,RAF,Military,-,-,-,-,-,-,-,-,-,-,-,-,-,-,-,-
19550607-0,Tuesday,07-JUN-1955,-,A1, En route (ENR),"Winterburn, AB",Canada,6,6, Damaged beyond repair,-,Lockheed 14-08 Super Electra,-,-,1938,-,-, CF-TCI, 1472,Associated Airways,Test,-,Edmonton Municipal Airport,YXD,CYXD,Canada,Edmonton Municipal Airport,YXD,CYXD,Canada,-,-,-,-,-,-,-
19550616-0,Thursday,16-JUN-1955,-,A1, Takeoff (TOF),Tarapoto Airport (TPP),Peru,3,3, Damaged beyond repair,-,Lockheed 14-H2 Super Electra,-,-,1938,-,-, OB-QAG-338, 1451,TAPSA,Cargo,-,Tarapoto Airport,TPP,SPST,Peru,-,-,-,-,-,-,-,-,-,-,-
19550616-1,Thursday,16-JUN-1955,01:15,A1, Approach (APR),"12,9 km (8.1 mls) SW of Asunción-Silvio Pettirossi International Airport (ASU)",Paraguay,24,16, Damaged beyond repair,-,Lockheed L-149 Constellation,-,-,1946,-,-, PP-PDJ, 2032,Panair do Brasil,International Scheduled Passenger,-,São Paulo-Congonhas Airport,CGH,SBSP,Brazil,Asunción-Silvio Pettirossi International Airport,ASU,SGAS,Paraguay,10,14,7,9,-,-,Final
19550618-0,Saturday,18-JUN-1955,-,A1, Takeoff (TOF),Leon Airport (BJX),Mexico,42,2, Damaged beyond repair,-,Curtiss C-46,-,-,-,-,-, XA-LID,-,Tigres Voladores,Passenger,-,Léon/Guanajuato-Del Bajio Airport,BJX,MMLO,Mexico,-,-,-,-,-,-,0,2,-,-,-
19550618-1,Saturday,18-JUN-1955,-,A1, Unknown (UNK),"320 km (200 mls) N of Coral Harbour, NU",Canada,2,2, Damaged beyond repair,-,Curtiss C-46A-45-CU Commando,2,Pratt & Whitney R-2800-51,1944,-,-, CF-HVJ, 30222,World Wide Airways,Unknown,-,-,-,-,-,-,-,-,-,2,0,2,0,-,-,-
19550622-0,Wednesday,22-JUN-1955,-,A1, En route (ENR),"St Lawrence Island, AK",United States of America,11,0, Damaged beyond repair,-,Lockheed P2V-5 Neptune,-,-,-,-,-, 131515, 426-5396,US Navy,Military,-,Kodiak NAS,ADQ,PADQ,United States of America,Kodiak NAS,ADQ,PADQ,United States of America,11,0,0,0,-,-,-
19550625-0,Saturday,25-JUN-1955,-,A1, Unknown (UNK),Agra,India,11,11, Damaged beyond repair,-,Douglas C-47 (DC-3),-,-,-,-,-, registration unknown,-,Indian AF,Military,-,-,-,-,-,-,-,-,-,-,-,-,-,8,-,-
19550625-1,Saturday,25-JUN-1955,-,A1, Unknown (UNK),Agra,India,8,8, Damaged beyond repair,-,Douglas C-47 (DC-3),-,-,-,-,-, registration unknown,-,Indian AF,Military,-,-,-,-,-,-,-,-,-,-,-,-,-,11,-,-
19550627-0,Monday,27-JUN-1955,-,A1, Unknown (UNK),off Tétouan,Morocco,4,2, Damaged beyond repair,-,CASA 352 (Junkers Ju-52),-,-,-,-,-, T.2B-268, 159,Spanish AF,Military,-,-,-,-,-,-,-,-,-,-,-,-,-,-,-,-
19550629-0,Wednesday,29-JUN-1955,-,A1, En route (ENR),"Sitkinak Island, AK",United States of America,10,10, Damaged beyond repair,-,Douglas C-47A-85-DL (DC-3),-,-,1944,-,-, 43-15594, 20060,USAF,Military,-,Kodiak Airport,ADQ,PADQ,United States of America,Anchorage-Elmendorf AFB,EDF,PAED,United States of America,4,6,4,6,-,-,-
19550630-0,Thursday,30-JUN-1955,-,A1, Unknown (UNK),near Saigon,Vietnam,4,4, Damaged beyond repair,-,Douglas C-47 (DC-3),-,-,-,-,-, registration unknown,-,French AF,Military,-,Saigon-Tan Son Nhat International Airport,SGN,VVTS,Vietnam,-,-,-,-,-,-,-,-,-,-,-
19550701-0,Friday,01-JUL-1955,-,A1, En route (ENR),50 km (31.3 mls) SW of Ukhta,Russia,10,0, Damaged beyond repair,-,Antonov An-2,-,-,-,-,-, CCCP-L2642,-,Aeroflot / Northern,Domestic Scheduled Passenger,-,Ukhta Airport,UCT,UUYH,Russia,Syktyvkar Airport,SCW,UUYY,Russia,2,8,0,0,-,-,-
19550702-0,Saturday,02-JUL-1955,-,A1, Landing (LDG),Nagurskoye Air Base,Russia,-,0, Damaged beyond repair,-,Ilyushin Il-12,-,-,-,-,-, CCCP-N480, 30237,Polyarnaya Aviatsiya,Survey/research,-,Dikson Airport,DKS,UODD,Russia,-,-,-,-,-,-,0,0,-,-,-
19550703-0,Sunday,03-JUL-1955,09:05,A1, En route (ENR),near San Andrés Tuxtla,Mexico,4,0, Damaged beyond repair,-,Ford 5-AT-D Tri-Motor,3,Pratt & Whitney R-1340 Wasp,1931,-,-, XA-FON, 5-AT-103,Servicios Aéreos de Chiapas,Unknown,-,Veracruz-Las Bajadas Airport,VER,MMVR,Mexico,Minatitlán/Coatzacoalcos International Airport,MTT,MMMT,Mexico,-,-,0,0,-,-,-
19550711-0,Monday,11-JUL-1955,-,A1, Unknown (UNK),"7,2 km (4.5 mls) N of Thorney Island RAF Station",United Kingdom,-,0, Damaged beyond repair,-,Vickers Varsity T.1,2,Bristol Hercules 264,1952,-,-, WJ904, 625,RAF,Military,-,-,-,-,-,-,-,-,-,-,-,0,0,-,-,-
19550712-0,Tuesday,12-JUL-1955,10:14,A2, En route (ENR),"Kansas City, MO",United States of America,2,0, Substantial, Repaired,Douglas C-47-DL (DC-3),2,Pratt & Whitney R-1830-92,1943,-,-, N51167, 7384,TWA,Training,-,Kansas City Downtown Municipal Airport,MKC,KMKC,United States of America,Kansas City Downtown Municipal Airport,MKC,KMKC,United States of America,2,0,0,0,2,-,Final
19550713-1,Wednesday,13-JUL-1955,-,A1, En route (ENR),Capacho,Venezuela,4,3, Damaged beyond repair,-,Curtiss C-46 Commando,-,-,-,-,-, HK-607,-,Lineas Interamericana Aérea,Cargo,-,Cúcuta-Camilo Daza Airport,CUC,SKCC,Colombia,Cravo Norte Airport,RAV,SKCN,Colombia,3,1,3,0,-,-,-
19550714-0,Thursday,14-JUL-1955,15:45,A1, En route (ENR),39 km (24.4 mls) from  Oaxaca,Mexico,22,22, Damaged beyond repair,-,Douglas DC-2-243,-,-,1939,-,-, XA-DOB, 2088,L.A. Unidas,Domestic Scheduled Passenger,-,Acapulco-Alvarez International Airport,ACA,MMAA,Mexico,Oaxaca-Xoxocotlan Airport,OAX,MMOX,Mexico,3,19,3,19,-,-,-
19550717-0,Sunday,17-JUL-1955,06:24,A1, Approach (APR),"Chicago-Midway Airport, IL (MDW)",United States of America,43,22, Damaged beyond repair,-,Convair CV-340-32,2,Pratt & Whitney R-2800-CB16,1953,-,4956.0, N3422,  71,Braniff Airways,Domestic Scheduled Passenger, 560,Kansas City Downtown Municipal Airport,MKC,KMKC,United States of America,Chicago-Midway Airport,MDW,KMDW,United States of America,3,40,2,20,-,-,Final
19550719-0,Tuesday,19-JUL-1955,-,A1, Takeoff (TOF),"Fraser River, Vancouver, BC",Canada,6,2, Damaged beyond repair,-,Canadian Vickers PBV-1A Canso A (PBY-5A),-,-,-,-,-, 11095, CV-439,RCAF,Military,-,Vancouver RCAF Station,YVR,CYVR,Canada,-,-,-,-,6,0,2,0,-,-,-
19550726-0,Tuesday,26-JUL-1955,-,A1, Approach (APR),Abingdon RAF Station (ABB),United Kingdom,3,0, Damaged beyond repair,-,Handley Page Hastings C.2,-,-,1952,-,-, WJ341, HP67/142,RAF,Military,-,-,-,-,-,Abingdon RAF Station,ABB,EGUD,United Kingdom,3,0,0,0,-,-,-
19550727-0,Wednesday,27-JUL-1955,05:38,C1, En route (ENR),N of Petrich,Bulgaria,58,58, Damaged beyond repair,-,Lockheed L-149 Constellation,-,-,1945,-,-, 4X-AKC, 1968,El Al,International Scheduled Passenger,LY402,Wien-Schwechat International Airport,VIE,LOWW,Austria,Tel Aviv-Lod International Airport,TLV,LLBG,Israel,7,51,7,51,-,-,Final
19550729-0,Friday,29-JUL-1955,-,A1, En route (ENR),145 km (90.6 mls) N off  Libya,Mediterranean Sea,18,0, Damaged beyond repair,-,Douglas C-47A-30-DK (DC-3),2,Pratt & Whitney R-1830-92,1944,-,-, 43-48213, 25474/14029,USAF,Military,-,Tripoli-Wheelus Air Base,MJI,HLLM,Libya,Athens-Hassani Airport,ATH,LGAT,Greece,-,-,0,0,-,-,-
19550801-0,Monday,01-AUG-1955,-,A1, Approach (APR),Sanau,Yemen,-,0, Damaged beyond repair,-,Vickers Valetta C.1,2,Bristol Hercules 230,1948,-,-, VW143, 313,RAF,Military,-,-,-,-,-,-,-,-,-,-,-,0,0,-,-,-
19550803-0,Wednesday,03-AUG-1955,-,A1, En route (ENR),"near Kemano, BC",Canada,5,5, Damaged beyond repair,-,Grumman G-73 Mallard,-,-,1948,-,-, CF-IOA, J-39,Pacific Western,Domestic Scheduled Passenger,-,-,-,-,-,-,-,-,-,2,3,2,3,-,-,-
19550804-0,Thursday,04-AUG-1955,12:23,A1, Approach (APR),"1 km (0.6 mls) NW of Fort Leonard Wood-Forney AAF, MO (TBN)",United States of America,30,30, Damaged beyond repair,-,Convair CV-240-0,2,Pratt & Whitney R-2800-83AM4A,1948,-,14865.0, N94221,  40,American Airlines,Domestic Scheduled Passenger,AA476,Springfield Municipal Airport,SGF,KSGF,United States of America,-,-,-,-,3,27,3,27,-,-,Final
19550805-0,Friday,05-AUG-1955,-,A1, Approach (APR),"3,2 km (2 mls) N of Fayid RAF Station",Egypt,-,0, Damaged beyond repair,-,Vickers Valetta C.1,2,Bristol Hercules 230,1948,-,-, VW140, 310,RAF,Military,-,-,-,-,-,-,-,-,-,-,-,0,0,-,-,-
19550805-1,Friday,05-AUG-1955,13:01,A2, Landing (LDG),"Chicago-Midway Airport, IL (MDW)",United States of America,68,0, Substantial, Repaired,Boeing 377 Stratocruiser 10-30,4,Pratt & Whitney R-4360-B6,1949,-,16861.0, N74601, 15947/16,Northwest Orient Airlines,Domestic Scheduled Passenger,NW410,Minneapolis-St. Paul International Airport/Wold-Chamberlain Field,MSP,KMSP,United States of America,Chicago-Midway Airport,MDW,KMDW,United States of America,8,60,0,0,-,-,Final
19550805-2,Friday,05-AUG-1955,-,U1, Unknown (UNK),at an unknown location,Unknown country,-,-, Damaged beyond repair,-,Bristol 170 Freighter 21P,-,-,-,-,-, G804, 12931,Pakistan AF,Military,-,-,-,-,-,-,-,-,-,-,-,-,-,-,-,-
19550806-0,Saturday,06-AUG-1955,15:18,A1, Approach (APR),4 km (2.5 mls) E of Voronezh Airport (VOZ),Russia,25,25, Destroyed, Written off (damaged beyond repair),Ilyushin Il-14,-,-,1954,-,824.0, CCCP-L5057, 4340408,Aeroflot / Magadan,Domestic Scheduled Passenger, 214,Stalingrad Airport,VOG,URWW,Russia,Moskva-Vnukovo Airport,VKO,UUWW,Russia,5,20,5,20,-,-,-
19550810-0,Wednesday,10-AUG-1955,-,A1, En route (ENR),Edelweiler,Germany,19,19, Damaged beyond repair,-,Fairchild C-119G Flying Boxcar,2,Wright R-3350,-,-,-, 53-3222, 11238,USAF,Military,-,Stuttgart-Echterdingen Airport,STR,EDDS,Germany,-,-,-,-,5,14,5,14,47,-,-
19550810-1,Wednesday,10-AUG-1955,-,A1, En route (ENR),Edelweiler,Germany,47,47, Damaged beyond repair,-,Fairchild C-119G Flying Boxcar,2,Wright R-3350,-,-,-, 53-7841, 11258,USAF,Military,-,Stuttgart-Echterdingen Airport,STR,EDDS,Germany,-,-,-,-,6,41,6,41,19,-,-
19550819-0,Friday,19-AUG-1955,-,A1, En route (ENR),"19 km (11.9 mls) NE of Hawthorne, NV",United States of America,7,7, Damaged beyond repair,-,Douglas SC-47A,-,-,1944,-,-, 42-108944, 13288,USAF,Military,-,-,-,-,-,-,-,-,-,-,-,-,-,-,-,-
19550823-0,Tuesday,23-AUG-1955,02:00,A1, Initial climb (ICL),"2,7 km (1.7 mls) SE of Charleston AFB, SC (CHS)",United States of America,11,5, Damaged beyond repair,-,Kaiser-Frazer C-119F Flying Boxcar,-,-,-,-,-, 51-8165, 168,USAF,Military,-,Charleston AFB,CHS,KCHS,United States of America,-,-,-,-,11,0,5,0,-,4,-
19550825-0,Thursday,25-AUG-1955,-,A1, Approach (APR),"20 km (12.5 mls) W of Terceira-Lajes AFB, Azores (TER)",Portugal,5,5, Damaged beyond repair,-,Grumman SA-16B Albatross,-,-,-,-,-, 51-7159, G-209,USAF,Military,-,-,-,-,-,Terceira-Lajes AFB,TER,LPLA,Portugal,-,-,-,-,-,-,-
19550826-0,Friday,26-AUG-1955,-,A1, En route (ENR),"near Castelo, ES",Brazil,13,13, Damaged beyond repair,-,Douglas DC-3A,-,-,1943,-,-, PP-CBY, 11692,Cruzeiro do Sul,Domestic Scheduled Passenger,-,Campos dos Goitacazes-Bartolomeu Lisandro Airport,CAW,SBCP,Brazil,Caravelas Airport,CRQ,SBCV,Brazil,4,9,4,9,-,-,-
19550829-0,Monday,29-AUG-1955,12:45,A2, Approach (APR),"Hobbs, NM",United States of America,14,0, Substantial, Repaired,Douglas DC-3-191A,-,-,1938,-,50837.0, N18945, 2018,Continental Air Lines,Domestic Scheduled Passenger, 114,Carlsbad Airport,CNM,KCNM,United States of America,Hobbs-Lea County Airport,HOB,KHOB,United States of America,3,11,0,0,-,-,Final
19550830-0,Tuesday,30-AUG-1955,-,A1, Initial climb (ICL),Simra Airport (SIF),Nepal,3,2, Damaged beyond repair,-,Douglas C-47A-25-DK (DC-3),2,Pratt & Whitney R-1830-92,1944,-,-, VT-AZX, 13285,Kalinga Airlines,Cargo,-,Simra Airport,SIF,VNSI,Nepal,-,-,-,-,3,0,2,0,-,-,-
19550901-0,Thursday,01-SEP-1955,-,A1, Approach (APR),"1,6 km (1 mls) W of Skwentna, AK",United States of America,12,12, Damaged beyond repair,-,Douglas VC-47D (DC-3),-,-,1945,-,-, 45-893, 34153/16896,USAF,Military,-,Anchorage-Elmendorf AFB,EDF,PAED,United States of America,Nome Airport,OME,PAOM,United States of America,5,7,5,7,-,-,-
19550902-0,Friday,02-SEP-1955,-,A1, En route (ENR),45 km (28.1 mls) E of Lanywa,Myanmar,9,9, Damaged beyond repair,-,Douglas C-47A-15-DK (DC-3),2,Pratt & Whitney R-1830-92,1944,-,-, XY-ACQ, 12579,Union of Burma Airways,Domestic Scheduled Passenger,-,-,-,-,-,-,-,-,-,3,6,3,6,-,-,-
19550905-0,Monday,05-SEP-1955,-,A1, En route (ENR),near Cochabamba,Bolivia,3,3, Damaged beyond repair,-,Boeing B-17G,-,-,1943,-,-, CP-597, 8286,LAB,Cargo,-,-,-,-,-,-,-,-,-,3,0,3,0,-,-,-
19550905-2,Monday,05-SEP-1955,-,A2, En route (ENR),Cochabamba,Bolivia,-,0, Substantial, Repaired,Douglas C-49E (DC-3),-,-,1936,-,-, CP-572, 1549,LAB,Scheduled Passenger,-,-,-,-,-,-,-,-,-,-,-,0,0,3,-,-
19550906-0,Tuesday,06-SEP-1955,-,A1, Takeoff (TOF),"Albuquerque-Kirtland AFB, NM (ABQ)",United States of America,69,1, Damaged beyond repair,-,Douglas C-124C Globemaster II,4,Pratt & Whitney R-4360-20WA,-,-,-, 50-0097, 43235,USAF,Military,-,-,-,-,-,Riverside-March AFB,RIV,KRIV,United States of America,13,56,-,-,-,-,-
19550906-1,Tuesday,06-SEP-1955,-,A1, Initial climb (ICL),"5 km (3.1 mls) N of Alexandria-England AFB, LA (AEX)",United States of America,6,4, Damaged beyond repair,-,Kaiser-Frazer C-119J Flying Boxcar,-,-,-,-,-, 51-8142, 145,USAF,Military,-,Alexandria-England AFB,AEX,KAEX,United States of America,Albuquerque-Kirtland AFB,ABQ,KABQ,United States of America,6,0,4,0,-,-,-
19550908-0,Thursday,08-SEP-1955,-,A1, Approach (APR),"Hollywood-Lockheed Air Terminal, CA (BUR)",United States of America,33,3, Damaged beyond repair,-,Douglas R4D-1 (DC-3),-,-,1943,-,-, N74663, 6257,Currey Air Transport,Domestic Non Scheduled Passenger,-,Hollywood-Lockheed Air Terminal,BUR,KBUR,United States of America,Oakland Municipal Airport,OAK,KOAK,United States of America,3,30,2,1,-,-,-
19550909-0,Friday,09-SEP-1955,-,A1, Initial climb (ICL),"Darwin RAAF Station, NT (DRW)",Australia,25,0, Damaged beyond repair,-,Handley Page Hastings,-,-,-,-,-, NZ5804, HP95/4,New Zealand AF,Military,-,Darwin RAAF Station,DRW,YPDN,Australia,-,-,-,-,-,-,0,0,-,-,-
19550910-0,Saturday,10-SEP-1955,-,A1, En route (ENR),60 km (37.5 mls) N of Banyo,Cameroon,16,16, Destroyed, Written off (damaged beyond repair),Latécoère 631,6,Wright R-2600-A5B Cyclone,1948,-,-, F-BDRE, 8,France-Hydro,Ferry/positioning,-,-,-,-,-,Douala Airport,DLA,FKKD,Cameroon,8,8,8,8,-,-,-
19550913-0,Tuesday,13-SEP-1955,-,A1, Approach (APR),Dishforth RAF Station,United Kingdom,-,5, Damaged beyond repair,-,Handley Page Hastings C.1,-,-,-,-,-, TG584, HP67/75,RAF,Military,-,-,-,-,-,-,-,-,-,-,-,-,-,-,-,-
19550914-0,Wednesday,14-SEP-1955,-,A1, En route (ENR),64 km (40 mls) SE of Basra,Iran,13,0, Damaged beyond repair,-,Avro 685 York C.1,4,Rolls-Royce Merlin,1945,-,-, EP-ADA,-,Persian Air Services,International Scheduled Passenger,-,Abadan Airport,ABD,OIAA,Iran,Kuwait International Airport,KWI,OKBK,Kuwait,4,9,0,0,-,-,-
19550914-1,Wednesday,14-SEP-1955,-,A1, En route (ENR),Gulf of Venezuela,Atlantic Ocean,4,4, Missing, Presumed damaged beyond repair,Curtiss C-46,-,-,-,-,-, YV-C-EVL,-,AVENSA,Cargo,-,Caracas-Maiquetía Airport,CCS,SVMI,Venezuela,-,-,-,-,4,0,4,0,-,-,-
19550915-0,Thursday,15-SEP-1955,12:45,A1, En route (ENR),"near Komarovo, Kansk district",Russia,7,7, Damaged beyond repair,-,Ilyushin Il-12,-,-,-,-,-, CCCP-L1359, 30074,Aeroflot / West Siberia,Domestic Scheduled Passenger,-,-,-,-,-,-,-,-,-,4,3,4,3,-,-,-
19550917-0,Saturday,17-SEP-1955,-,A1, Unknown (UNK),"22 km (13.8 mls) N of Thorhild, AB",Canada,6,2, Damaged beyond repair,-,Bristol 170 Freighter 31,-,-,-,-,-, CF-GBT, 12831,Pacific Western,Domestic Non Scheduled Passenger,-,Edmonton Municipal Airport,YXD,CYXD,Canada,Yellowknife Airport,YZF,CYZF,Canada,2,4,1,1,-,-,-
19550920-0,Tuesday,20-SEP-1955,-,A1, Unknown (UNK),near La Paz,Bolivia,-,0, Damaged beyond repair,-,Curtiss C-46A-5-CK Commando,2,Pratt & Whitney R-2800-51,1944,-,-, CP-549,    47,Transaéreos de la Corporación Boliviana de Fomento,Unknown,-,-,-,-,-,-,-,-,-,-,-,0,0,-,-,-
19550920-1,Tuesday,20-SEP-1955,-,A1, Approach (APR),"0,8 km (0.5 mls) W of Dishforth RAF Station",United Kingdom,-,0, Damaged beyond repair,-,Vickers Valetta C.1,2,Bristol Hercules 230,1949,-,-, VW204, 360,RAF,Military,-,-,-,-,-,-,-,-,-,-,-,0,0,-,-,-
19550920-2,Tuesday,20-SEP-1955,-,A1, Landing (LDG),"Bangor-Dow AFB, ME",United States of America,12,0, Damaged beyond repair,-,Boeing KC-97F Stratofreighter,-,-,-,-,-, 51-0373, 16440,USAF,Military,-,-,-,-,-,-,-,-,-,12,0,0,0,-,-,-
19550921-0,Wednesday,21-SEP-1955,22:23,A1, Approach (APR),Tripoli-Idris Airport (TIP),Libya,47,15, Damaged beyond repair,-,Canadair C-4 Argonaut,4,Rolls-Royce Merlin 622,-,-,-, G-ALHL, 158,BOAC,International Scheduled Passenger,-,Roma-Ciampino Airport,CIA,LIRA,Italy,Tripoli-Idris Airport,TIP,HLLT,Libya,7,40,2,13,-,-,Final
19550921-1,Wednesday,21-SEP-1955,-,A1, Landing (LDG),Bordeaux-Mérignac Airport (BOD),France,3,0, Damaged beyond repair,-,Douglas C-47A-50-DL (DC-3),2,Pratt & Whitney R-1830-92,1943,-,-, F-BCYU, 10151,Air France,Unknown,-,Pau-Uzein Airport,PUF,LFBP,France,Bordeaux-Mérignac Airport,BOD,LFBD,France,3,0,0,0,-,-,-
19550921-2,Wednesday,21-SEP-1955,-,A1, Unknown (UNK),La Paz-El Alto Airport (LPB),Bolivia,-,-, Damaged beyond repair,-,Boeing B-17F,-,-,-,-,-, CP-570, 8296,LAB,Cargo,-,-,-,-,-,-,-,-,-,-,-,-,-,-,-,-
19550924-0,Saturday,24-SEP-1955,06:41,A1, En route (ENR),"1600 km (1000 mls) W off  Honolulu, HI, USA",Pacific Ocean,5,3, Damaged beyond repair,-,Douglas C-54A-15-DC (DC-4),-,-,1944,-,25590.0, N90433, 10410,Flying Tiger Line,Cargo,7413-23,Honolulu International Airport,HNL,PHNL,United States of America,Wake Island Airport,AWK,PAWK,U.S. Minor Outlying Islands,5,0,3,0,-,-,Final
19550924-1,Saturday,24-SEP-1955,-,A1, En route (ENR),"near Burns, WY",United States of America,7,7, Destroyed, Written off (damaged beyond repair),Douglas SC-47D,2,Pratt & Whitney R-1830-90,1944,-,-, 43-16145, 20611,USAF,Military,-,Mount Clemens-Selfridge AFB,MTC,KMTC,United States of America,-,-,-,-,7,0,7,0,-,-,-
19550926-0,Monday,26-SEP-1955,-,A1, En route (ENR),480 km (300 mls) SW off  Jamaica [Caribbean],Atlantic Ocean,11,11, Missing, Presumed damaged beyond repair,Lockheed P2V-3W Neptune,-,-,-,-,-, 131442, 426-5323,US Navy,Military,-,Guantánamo NAS,NBW,MUGM,Cuba,Guantánamo NAS,NBW,MUGM,Cuba,9,2,9,2,-,-,-
19550928-0,Wednesday,28-SEP-1955,00:03,A1, En route (ENR),"near Ozerevo, Borovichi District",Russia,19,7, Damaged beyond repair,-,Lisunov Li-2,-,-,-,-,-, CCCP-L4712, 18431801,Aeroflot / Northern,Domestic Scheduled Passenger,-,-,-,-,-,-,-,-,-,6,13,5,2,-,-,-
19550929-0,Thursday,29-SEP-1955,13:10,A1, En route (ENR),"ca 180 km N of Beaverlodge, SK",Canada,2,1, Damaged beyond repair,-,Avro 685 York C.1,4,Rolls-Royce Merlin,1944,-,-, CF-HMV,-,Associated Airways,Cargo,-,-,-,-,-,Yellowknife Airport,YZF,CYZF,Canada,2,0,1,0,-,-,-
19550930-0,Friday,30-SEP-1955,-,A1, Approach (APR),Mukeiras Airport (UKR),Yemen,-,0, Damaged beyond repair,-,Vickers Valetta C.1,2,Bristol Hercules 230,1949,-,-, VW845, 406,RAF,Military,-,-,-,-,-,Mukeiras Airport,UKR,ODAM,Yemen,-,-,0,0,-,-,-
19551002-0,Sunday,02-OCT-1955,-,A1, En route (ENR),near Viñac,Peru,35,21, Damaged beyond repair,-,Douglas C-54A-1-DC (DC-4),-,-,1943,-,-, OB-PAZ-228, 10277,Faucett,Domestic Scheduled Passenger,-,Lima-Limatambo Airport,LIM,SPIM,Peru,Cuzco-Velazco Astete Airport,CUZ,SPZO,Peru,4,31,4,17,-,-,-
19551003-0,Monday,03-OCT-1955,-,A1, Approach (APR),Nicosia Airport (NIC),Cyprus,-,0, Damaged beyond repair,-,Vickers Valetta C.2,-,-,1950,-,-, VX571,-,RAF,Military,-,-,-,-,-,Nicosia Airport,NIC,LCNC,Cyprus,-,-,0,0,-,-,-
19551004-0,Tuesday,04-OCT-1955,-,A1, Unknown (UNK),at an unknown location,Unknown country,-,-, Damaged beyond repair,-,Douglas C-47D (DC-3),-,-,1945,-,-, 44-76445, 32777/16029,USAF,Military,-,-,-,-,-,-,-,-,-,-,-,-,-,-,-,-
19551006-0,Thursday,06-OCT-1955,07:26,A1, En route (ENR),"Medicine Bow Peak, WY",United States of America,66,66, Destroyed, Written off (damaged beyond repair),Douglas DC-4,4,Pratt & Whitney R-2000-11,1944,-,28755.0, N30062, 18389,United Airlines,Domestic Scheduled Passenger,UA409,Denver-Stapleton International Airport,DEN,KDEN,United States of America,Salt Lake City International Airport,SLC,KSLC,United States of America,3,63,3,63,-,-,Final
19551010-0,Monday,10-OCT-1955,14:40,A1, Approach (APR),25 km (15.6 mls) NW of Wien-Schwechat International Airport (VIE),Austria,29,7, Damaged beyond repair,-,Convair CV-340-58,-,-,1955,-,-, YU-ADC, 178,JAT,International Scheduled Passenger,-,-,-,-,-,Wien-Schwechat International Airport,VIE,LOWW,Austria,4,25,1,6,-,-,-
19551010-1,Monday,10-OCT-1955,-,A1, Takeoff (TOF),Baghdad International Airport (BGW),Iraq,19,0, Damaged beyond repair,-,Vickers 644 Viking 1B,-,-,1947,-,-, YI-ABQ, 231,Iraqi Airways,Non Scheduled Passenger,-,Baghdad International Airport,BGW,ORBI,Iraq,-,-,-,-,3,16,0,0,-,-,-
19551013-0,Thursday,13-OCT-1955,-,A1, En route (ENR),"210 km (131.3 mls) W off  Barra, Outer Hebrides, Scotland",Atlantic Ocean,9,9, Destroyed, Written off (damaged beyond repair),Lockheed Neptune MR.1,-,-,-,-,-, WX510, 426-5109,RAF,Military,-,-,-,-,-,-,-,-,-,9,0,9,0,-,-,-
19551022-0,Saturday,22-OCT-1955,-,U1, Unknown (UNK),at an unknown location,Unknown country,-,-, Damaged beyond repair,-,Short S.25 Sandringham 7,-,-,-,-,-, CX-ANA, SH.59C,CAUSA,Unknown,-,-,-,-,-,-,-,-,-,-,-,-,-,-,-,-
19551025-0,Tuesday,25-OCT-1955,-,U1, Unknown (UNK),"Hall Beach (DEW Line Site 30), NU",Canada,-,0, Damaged beyond repair,-,Douglas C-47A-70-DL (DC-3),2,Pratt & Whitney R-1830-92,1943,-,-, CF-HTP, 19140,Maritime Central Airways,Unknown,-,-,-,-,-,-,-,-,-,-,-,0,0,-,-,-
19551026-1,Wednesday,26-OCT-1955,14:00,A1, En route (ENR),6 km (3.8 mls) from  Texcoco,Mexico,23,0, Substantial,-,Douglas C-47 (DC-3),-,-,-,-,-, XA-HUH,-,Mexicana,Domestic Scheduled Passenger,-,Poza Rica-Tajin Airport,PAZ,MMPA,Mexico,Tampico Airport,TAM,MMTM,Mexico,3,20,0,0,-,-,-
19551031-0,Monday,31-OCT-1955,-,A1, Takeoff (TOF),Colón-Coco Solo NAS,Panama,8,8, Damaged beyond repair,-,Martin PBM-5 Mariner,-,-,-,-,-, 59232,-,US Navy,Military,-,-,-,-,-,-,-,-,-,-,-,-,-,-,-,-
19551101-0,Tuesday,01-NOV-1955,19:03,C1, En route (ENR),"Longmont, CO",United States of America,44,44, Damaged beyond repair,-,Douglas DC-6B,4,Pratt & Whitney R-2800,1952,-,-, N37559, 43538/224,United Airlines,Domestic Scheduled Passenger,UA629,Denver-Stapleton International Airport,DEN,KDEN,United States of America,Portland International Airport,PDX,KPDX,United States of America,5,39,5,39,-,-,-
19551102-0,Wednesday,02-NOV-1955,-,O1, Standing (STD),Wig Bay,United Kingdom,0,0, Damaged beyond repair,-,Short Sunderland MR.5,-,-,-,-,-, SZ581,-,RAF,Military,-,-,-,-,-,-,-,-,-,0,0,0,0,-,-,-
19551104-0,Friday,04-NOV-1955,23:46,A1, En route (ENR),"off Holyoke, MA",United States of America,8,4, Damaged beyond repair,-,Douglas VC-47D (DC-3),-,-,1944,-,-, 43-48276, 25537/14092,USAF,Military,-,Washington-Bolling AFB,BOF,KBOF,United States of America,Springfield-Westover AFB,CEF,KCEF,United States of America,-,-,-,-,-,-,-
19551105-0,Saturday,05-NOV-1955,-,A2, En route (ENR),Lake Texcoco,Mexico,17,4, Substantial, Repaired,Douglas C-47A-70-DL (DC-3),2,Pratt & Whitney R-1830-92,1943,-,-, XC-ABW, 19217,Mexican Government,Official state flight,-,Mexico City International Airport,MEX,MMMX,Mexico,Acapulco-Alvarez International Airport,ACA,MMAA,Mexico,3,14,1,3,-,-,-
19551109-0,Wednesday,09-NOV-1955,-,A1, En route (ENR),"1046 km (653.8 mls) NE off  Hickam AFB, Hawaii",Pacific Ocean,5,1, Damaged beyond repair,-,Fairchild C-119G Flying Boxcar,-,-,-,-,-, 52-5891, 11058,USAF,Military,-,Sacramento-McClellan AFB,MCC,KMCC,United States of America,-,-,-,-,5,0,1,0,-,-,-
19551114-0,Monday,14-NOV-1955,-,A1, Landing (LDG),"Wilmington-Newcastle County Airport, DE (ILG)",United States of America,3,0, Damaged beyond repair,-,Martin 2-0-2,-,-,1948,-,-, N172A, 9142,Allegheny Airlines,Training,-,Wilmington-New Castle County Airport,ILG,KILG,United States of America,Wilmington-New Castle County Airport,ILG,KILG,United States of America,3,0,0,0,-,-,-
19551115-0,Tuesday,15-NOV-1955,-,U1, Unknown (UNK),at an unknown location,Unknown country,-,-, Damaged beyond repair,-,CASA 352 (Junkers Ju-52),-,-,-,-,-, T.2-223, 114,Spanish AF,Military,-,-,-,-,-,-,-,-,-,-,-,-,-,-,-,-
19551117-0,Thursday,17-NOV-1955,23:59,A1, Initial climb (ICL),"4 km (2.5 mls) S of Seattle-Boeing Field, WA (BFI)",United States of America,74,28, Destroyed, Written off (damaged beyond repair),Douglas C-54-DO (DC-4),4,Pratt & Whitney R-2000-11,1942,-,-, N88852, 3123,Peninsular Air Transport,Domestic Non Scheduled Passenger,  17K,Seattle-Boeing Field International Airport,BFI,KBFI,United States of America,Newark International Airport,EWR,KEWR,United States of America,4,70,1,27,-,-,Final
19551117-1,Thursday,17-NOV-1955,-,A1, En route (ENR),"48 km (30 mls) WNW Las Vegas, NV",United States of America,14,14, Damaged beyond repair,-,Douglas MC-54M (DC-4),-,-,1945,-,-, 44-9068, 27294,USAF,Military,-,Hollywood-Lockheed Air Terminal,BUR,KBUR,United States of America,-,-,-,-,4,10,4,10,-,-,-
19551120-0,Sunday,20-NOV-1955,18:59,A1, Initial climb (ICL),Iwo Jima Air Base (IWO),Japan,11,11, Destroyed, Written off (damaged beyond repair),Douglas C-124A Globemaster II,4,Pratt & Whitney R-4360-20WA,-,-,-, 51-149, 43483,USAF,Military,-,Iwo Jima Air Base,IWO,RJAW,Japan,-,-,-,-,9,2,9,2,-,-,-
19551121-0,Monday,21-NOV-1955,-,A1, Unknown (UNK),near Akranes,Iceland,4,4, Damaged beyond repair,-,Douglas C-47D,2,Pratt & Whitney R-1830-90,1945,-,-, 45-879, 34138/16882,USAF,Military,-,-,-,-,-,-,-,-,-,-,-,-,-,-,-,-
19551124-1,Thursday,24-NOV-1955,-,A1, Landing (LDG),"Johnstone Strait, BC",Canada,-,3, Damaged beyond repair,-,Canadian Vickers PBV-1A Canso (PBY-5A),-,-,1944,-,-, 11073, CV-395,RCAF,Military,-,-,-,-,-,-,-,-,-,-,-,3,0,-,-,-
19551126-0,Saturday,26-NOV-1955,-,A1, Maneuvering (MNV),near Agra-Kheria Air Force Station (AGR),India,2,0, Damaged beyond repair,-,Douglas C-47 (DC-3),-,-,-,-,-, HJ250,-,Indian AF,Military,-,Agra-Kheria Air Force Station,AGR,VIAG,India,Agra-Kheria Air Force Station,AGR,VIAG,India,2,0,0,0,-,-,-
19551130-0,Wednesday,30-NOV-1955,-,A1, En route (ENR),near Kagoshima,Japan,5,0, Damaged beyond repair,-,Fairchild C-119G Flying Boxcar,-,-,-,-,-, 52-5881, 11048,USAF,Military,-,-,-,-,-,-,-,-,-,5,0,0,0,-,-,-
19551201-0,Thursday,01-DEC-1955,10:00,A1, Initial climb (ICL),"near Belém, PA",Brazil,6,6, Damaged beyond repair,-,Douglas C-47B-28-DK (DC-3),2,Pratt & Whitney R-1830-90C,1945,-,-, PP-CCC, 32593/15845,Cruzeiro do Sul,Domestic Scheduled Passenger,-,Belém/Val-de-Cans International Airport,BEL,SBBE,Brazil,Barreiras Airport,BRA,SNBR,Brazil,4,2,4,2,-,-,-
19551202-0,Friday,02-DEC-1955,-,A1, En route (ENR),Montserrat,Spain,8,0, Damaged beyond repair,-,CASA 352 (Junkers Ju-52),-,-,-,-,-, T.2B-234, 125,Spanish AF,Military,-,-,-,-,-,-,-,-,-,-,-,0,0,-,-,-
19551203-0,Saturday,03-DEC-1955,-,A1, Approach (APR),ca 8 km from Marville RCAF Station,France,14,7, Destroyed, Written off (damaged beyond repair),Bristol 170 Freighter 31M,2,Bristol Hercules 734,-,-,-, 9696, 12829,RCAF,Military,-,-,-,-,-,-,-,-,-,4,10,0,7,-,-,-
19551206-0,Tuesday,06-DEC-1955,-,A1, Landing (LDG),"Spartanburg Downtown Memorial Airport, SC (SPA)",United States of America,-,0, Damaged beyond repair,-,Fairchild C-119G Flying Boxcar,-,-,-,-,-, 53-3214, 11230,USAF,Military,-,-,-,-,-,Spartanburg Downtown Memorial Airport,SPA,KSPA,United States of America,-,-,0,0,-,-,-
19551207-0,Wednesday,07-DEC-1955,-,U1, Unknown (UNK),at an unknown location,Unknown country,-,-, Damaged beyond repair,-,CASA 352 (Junkers Ju-52),-,-,-,-,-, T.2B-221, 112,Spanish AF,Military,-,-,-,-,-,-,-,-,-,-,-,-,-,-,-,-
19551207-1,Wednesday,07-DEC-1955,-,A1, Maneuvering (MNV),"W off Kauai, HI",United States of America,10,7, Damaged beyond repair,-,Lockheed P2V-5 Neptune,-,-,-,-,-, 124899,-,US Navy,Military,-,-,-,-,-,-,-,-,-,10,0,7,0,-,-,-
19551209-0,Friday,09-DEC-1955,19:07,A1, En route (ENR),Tordoki Yani,Russia,21,21, Destroyed, Written off (damaged beyond repair),Lisunov Li-2,-,-,1952,-,4021.0, CCCP-L4993, 23443306,Aeroflot / Far East,Domestic Scheduled Passenger,976,Yuzhno-Sakhalinsk Airport,UUS,UHSS,Russia,-,-,-,-,5,16,5,16,-,-,-
19551209-1,Friday,09-DEC-1955,07:45,A1, En route (ENR),Tyumen Region,Russia,9,7, Damaged beyond repair,-,Lisunov Li-2,-,-,-,-,-, CCCP-L4339, 18428101,Aeroflot / Kazakstan,Domestic Scheduled Passenger,-,-,-,-,-,-,-,-,-,5,4,5,2,-,-,-
19551211-0,Sunday,11-DEC-1955,-,A1, Unknown (UNK),at an unknown location,Unknown country,-,-, Damaged beyond repair,-,Vickers Valetta C.1,-,-,1948,-,-, VW151, 321,RAF,Military,-,-,-,-,-,-,-,-,-,-,-,-,-,-,-,-
19551212-0,Monday,12-DEC-1955,-,A1, Unknown (UNK),unknown,Unknown country,-,-, Damaged beyond repair,-,Douglas TC-47A (DC-3),-,-,1944,-,-, 43-16119, 20585,USAF,Military,-,-,-,-,-,-,-,-,-,-,-,-,-,-,-,-
19551215-0,Thursday,15-DEC-1955,13:40,A1, Initial climb (ICL),"2,5 km (1.6 mls) NE of Bourke Airport, NSW (BRK)",Australia,13,0, Damaged beyond repair,-,Douglas C-47A-50-DL (DC-3),2,Pratt & Whitney R-1830-92,1943,-,-, VH-AOG, 10083,Butler Air Transport,Domestic Scheduled Passenger,-,Bourke Airport,BRK,YBKE,Australia,Nyngan Airport,NYN,YNYN,Australia,3,10,0,0,-,-,Final
19551217-0,Saturday,17-DEC-1955,20:40,A1, En route (ENR),"near Hollywood, SC",United States of America,2,2, Destroyed, Written off (damaged beyond repair),Curtiss C-46F Commando,2,Pratt & Whitney R-2800-75,1944,-,-, N9904F, 30262,Riddle Airlines,Cargo,-,Wilmington-New Hanover County Airport,ILM,KILM,United States of America,-,-,-,-,2,0,2,0,-,-,Final
19551217-1,Saturday,17-DEC-1955,-,A1, Takeoff (TOF),Algiers-Maison Blanche Airport (ALG),Algeria,-,0, Damaged beyond repair,-,Lockheed L-749A Constellation,-,-,1950,-,-, F-BAZG, 2626,Air Algérie,Unknown,-,Algiers-Maison Blanche Airport,ALG,DAAG,Algeria,-,-,-,-,-,-,0,0,-,-,-
19551217-2,Saturday,17-DEC-1955,-,U1, Unknown (UNK),Nueva Ocotepeque,Honduras,-,-, Damaged beyond repair,-,Douglas C-47A-30-DK (DC-3),2,Pratt & Whitney R-1830-92,1944,-,-, XH-SAG, 25245/13800,SAHSA,Unknown,-,-,-,-,-,-,-,-,-,-,-,-,-,-,-,-
19551219-0,Monday,19-DEC-1955,-,A1, Unknown (UNK),at an unknown location,Unknown country,-,-, Damaged beyond repair,-,Grumman UF-1G Albatross,-,-,-,-,-, 2122, G-349,US Coast Guard,Military,-,-,-,-,-,-,-,-,-,-,-,-,-,-,-,Preliminary
19551220-0,Tuesday,20-DEC-1955,-,A1, Unknown (UNK),"near La Granja, Segovia",Spain,5,4, Damaged beyond repair,-,CASA 352 (Junkers Ju-52),-,-,-,-,-, T.2B-147, 38,Spanish AF,Military,-,Valladolid Airport,VLL,LEVD,Spain,-,-,-,-,-,-,-,-,-,-,-
19551221-0,Wednesday,21-DEC-1955,03:43,A1, Approach (APR),"1 km (0.6 mls) SW of Jacksonville-Thomas Cole Imeson Municipal Airport, FL",United States of America,17,17, Damaged beyond repair,-,Lockheed L-749A Constellation,4,Wright R-3350 (749C18BD1) Cyclone,1947,-,29941.0, N112A, 2533,Eastern Air Lines,Domestic Scheduled Passenger,EA642,Miami International Airport,MIA,KMIA,United States of America,-,-,-,-,5,12,5,12,-,-,Final
19551221-1,Wednesday,21-DEC-1955,06:45,A1, En route (ENR),near Balkhash Lake,Kazakhstan,6,6, Damaged beyond repair,-,Lisunov Li-2,-,-,-,-,-, CCCP-L4981, 23443307,Aeroflot / Kazakstan,Cargo,-,-,-,-,-,-,-,-,-,5,1,5,1,-,-,-
19551222-0,Thursday,22-DEC-1955,-,A1, Approach (APR),5 km (3.1 mls) NE of Düsseldorf Airport (DUS),Germany,3,3, Damaged beyond repair,-,Douglas C-47B-35-DK (DC-3),2,Pratt & Whitney R-1830-90C,1945,-,-, G-AMZC, 33270/16522,Manx Airlines,Ferry/positioning,-,Isle Of Man-Ronaldsway Airport,IOM,EGNS,United Kingdom,Düsseldorf Airport,DUS,EDDL,Germany,3,0,3,0,-,-,-
19551222-1,Thursday,22-DEC-1955,-,A1, En route (ENR),"off Kyleakin, Scotland",United Kingdom,6,1, Damaged beyond repair,-,Consolidated PBY-5A Catalina,-,-,-,-,-, CF-EPX,-,Spartan Air Services,Ferry/positioning,-,Goose Bay Airport,YYR,CYYR,Canada,Glasgow-Prestwick Airport,PIK,EGPK,United Kingdom,6,0,1,0,-,-,-
19551222-2,Thursday,22-DEC-1955,-,A1, Initial climb (ICL),"near Cape Bird, Ross Island",Antarctica,-,0, Damaged beyond repair,-,de Havilland Canada UC-1 Otter (DHC-3),-,-,1955,-,-, 142424, 76,US Navy,Military,-,-,-,-,-,-,-,-,-,-,-,0,0,-,-,-
19551222-3,Thursday,22-DEC-1955,-,O1, Standing (STD),Langar,United Kingdom,0,0, Damaged beyond repair,-,Avro Shackleton MR.2,4,Rolls-Royce Griffon 57,1953,-,-, WL799,-,RAF,Military,-,-,-,-,-,-,-,-,-,0,0,0,0,-,-,-
19551227-0,Tuesday,27-DEC-1955,-,A1, Takeoff (TOF),"Sparrevohn Air Force Station, AK (SVW)",United States of America,8,0, Damaged beyond repair,-,Fairchild C-119C Flying Boxcar,-,-,-,-,-, 49-128, 10365,USAF,Military,-,Sparrevohn Air Force Station,SVW,PASV,United States of America,-,-,-,-,8,0,0,0,-,-,-
19551229-0,Thursday,29-DEC-1955,12:40,A1, En route (ENR),"7,5 km (4.7 mls) NW of Londonderry, OH",United States of America,2,2, Damaged beyond repair,-,Lockheed 18-56-23 Lodestar,2,Wright R-1820-72,1943,-,-, N33366, 18-2387,Gulf Oil Corporation,Executive,-,Tulsa International Airport,TUL,KTUL,United States of America,Pittsburgh International Airport,PIT,KPIT,United States of America,2,0,2,0,-,-,Final
19551230-0,Friday,30-DEC-1955,-,O1, Standing (STD),"San Francisco International Airport, CA (SFO)",United States of America,0,0, Damaged beyond repair,-,Martin 2-0-2,-,-,-,-,-, N93061, 9150,Southwest Airlines,-,-,-,-,-,-,-,-,-,-,0,0,0,0,-,-,-
