identifiant,week_day,date,time,type_event,phase,location,country,total_occupants,total_fatalities,aircraft_damage,aircraft_fate,type_aircraft,number_engines,type_engines,first_flight,cycles,total_airframe_hours,registration,c_n_msn,operator,nature,flight_number,departure_airport_name,departure_airport_IATA,departure_airport_ICAO,departure_airport_country,destination_airport_name,destination_airport_IATA,destination_airport_ICAO,destination_airport_country,crew_number,passengers_number,crew_fatalities,passengers_fatalities,collision_casualties,ground_casualties,status
19840102-0,Monday,02-JAN-1984,-,A1, En route (ENR),near Al Qatrana,Jordan,13,13, Damaged beyond repair,-,CASA C-212-A3 Aviocar 100,-,-,1976,-,-, 325, 55,Jordanian AF,Military,-,-,-,-,-,-,-,-,-,2,11,2,11,-,-,-
19840109-0,Monday,09-JAN-1984,22:32,A1, Initial climb (ICL),"Saint Louis-Lambert International Airport, MO (STL)",United States of America,2,1, Substantial, Written off (damaged beyond repair),Douglas C-47B-20-DK (DC-3),2,Pratt & Whitney R-1830,1945,-,17933.0, C-GSCA, 27190/15745,Skycraft Air Transport,Cargo,-,Saint Louis-Lambert International Airport,STL,KSTL,United States of America,Toronto-Pearson International Airport,YYZ,CYYZ,Canada,2,0,1,0,-,-,Final
19840110-0,Tuesday,10-JAN-1984,19:38,A1, Approach (APR),4 km (2.5 mls) from  Sofia-Vrazhdebna Airport (SOF),Bulgaria,50,50, Damaged beyond repair,-,Tupolev Tu-134A,-,-,1974,-,-, LZ-TUR, 4352308,Balkan Bulgarian,International Scheduled Passenger,-,Berlin-Schönefeld Airport,SXF,EDDB,Germany,Sofia-Vrazhdebna Airport,SOF,LBSF,Bulgaria,5,45,5,45,-,-,-
19840113-0,Friday,13-JAN-1984,-,A1, Landing (LDG),Cochabamba-J Wilsterman Airport (CBB),Bolivia,3,1, Damaged beyond repair,-,Douglas EC-54U (DC-4),-,-,1945,-,-, CP-1090, 36036,NEBA,Cargo,-,Cochabamba-J Wilsterman Airport,CBB,SLCB,Bolivia,-,-,-,-,3,0,1,0,-,-,-
19840113-1,Friday,13-JAN-1984,14:42,A1, Takeoff (TOF),"New York-John F. Kennedy International Airport, NY (JFK)",United States of America,24,0, Substantial, Written off (damaged beyond repair),Fokker F-27 Friendship 100,2,Rolls-Royce Dart 514-7,1958,39945.0,42040.0, N148PM, 10108,Pilgrim Airlines,International Scheduled Passenger,  35,New York-John F. Kennedy International Airport,JFK,KJFK,United States of America,Ottawa International Airport,YOW,CYOW,Canada,3,21,0,0,-,-,Final
19840114-0,Saturday,14-JAN-1984,11:00,A1, Unknown (UNK),near Karimui,Papua New Guinea,10,10, Damaged beyond repair,-,IRMA/Britten-Norman BN-2A-20 Islander,-,-,1975,-,-, P2-ISH, 757,Talair,Domestic Non Scheduled Passenger,-,Kundiawa-Chimbu Airport,CMU,AYCH,Papua New Guinea,Karimui Airport,KMR,AYRI,Papua New Guinea,1,9,1,9,-,-,-
19840115-1,Sunday,15-JAN-1984,-,C1, Unknown (UNK),near Tessenei Airport (TES),Eritrea,-,26, Damaged beyond repair,-,Antonov An-12,-,-,1963,-,-, 1506, 4342002,Ethiopian AF,Military,-,-,-,-,-,-,-,-,-,-,-,-,-,-,-,-
19840116-0,Monday,16-JAN-1984,10:30,A1, Landing (LDG),Kissidougou Airport (KSI),Guinea,17,0, Damaged beyond repair,-,Douglas C-47-DL (DC-3),2,Pratt & Whitney R-1830-92,1943,-,-, 9Q-CYD, 9010,Transports Aériens Zairois - TAZ,Int'l Non Scheduled Passenger,-,Kissidougou Airport,KSI,GUKU,Guinea,-,-,-,-,4,13,0,0,-,-,-
19840118-0,Wednesday,18-JAN-1984,-,U1, Unknown (UNK),Kwajalein Airport (KWA),Marshall Islands,-,-, Damaged beyond repair,-,de Havilland Canada DHC-4A Caribou,-,-,1967,-,-, 66-255, 255,US Army,Military,-,-,-,-,-,-,-,-,-,-,-,-,-,-,-,-
19840118-1,Wednesday,18-JAN-1984,-,O2, En route (ENR),113 km (70.6 mls) W of Karachi,Pakistan,261,0, Substantial, Repaired,Boeing 747,-,-,-,-,-, registration unknown,-,Air France,International Scheduled Passenger,AF171,Karachi International Airport,KHI,OPKC,Pakistan,Dhahran International Airport,DHA,OEDR,Saudi Arabia,15,246,0,0,-,-,-
19840118-2,Wednesday,18-JAN-1984,-,C1, En route (ENR),40 km (25 mls) S of Mazar-I-Sharif Airport (MZR),Afghanistan,8,8, Damaged beyond repair,-,Antonov An-12,-,-,-,-,-, CCCP-11429,-,Soviet AF,Military,-,Kandahar Airport,KDH,OAKN,Afghanistan,Mazar-I-Sharif Airport,MZR,OAMS,Afghanistan,8,0,8,0,-,-,-
19840121-0,Saturday,21-JAN-1984,11:40,A1, En route (ENR),near Chuarrancho,Guatemala,11,11, Damaged beyond repair,-,IAI Arava 201,-,-,-,-,-, 856, 038,Guatemala AF,Military,-,Guatemala City-La Aurora Airport,GUA,MGGT,Guatemala,-,-,-,-,3,8,3,8,-,-,-
19840124-0,Tuesday,24-JAN-1984,-,A1, En route (ENR),near Manado,Indonesia,9,6, Damaged beyond repair,-,CASA/Nurtanio NC-212-AB4 Aviocar 200,-,-,1983,-,-, PK-PCL, 218/58N,Pelita Air Service,Domestic Non Scheduled Passenger,-,-,-,-,-,-,-,-,-,2,7,2,4,-,-,-
19840127-0,Friday,27-JAN-1984,-,O1, Standing (STD),"Edinburgh RAAF Station, SA",Australia,0,0, Damaged beyond repair,-,Lockheed P-3B Orion,4,Allison T56-A14,1968,-,-, A9-300, 185-5410,RAAF,Military,-,-,-,-,-,-,-,-,-,0,0,0,0,-,-,-
19840128-1,Saturday,28-JAN-1984,18:50,A1, Approach (APR),Izhevsk Airport (IJK),Russia,53,4, Damaged beyond repair,-,Antonov An-24RV,2,Ivchenko AI-24VT,1975,11166.0,17032.0, CCCP-47310, 57310401,Aeroflot / Uralsk,Domestic Scheduled Passenger, 923,Kuybyshev Airport,KUF,UWWW,Russia,Izhevsk Airport,IJK,USII,Russia,4,49,1,3,-,-,-
19840130-0,Monday,30-JAN-1984,06:30,A1, Initial climb (ICL),"3 km (1.9 mls) SSW of Terre Haute-Hulman Field, IN (HUF)",United States of America,3,3, Destroyed, Written off (damaged beyond repair),Swearingen SA226-TC Metro II,2,Garrett TPE331,1977,-,10607.0, N63Z, TC-240,Britt Airways,Ferry/positioning,-,Terre Haute-Hulman Field,HUF,KHUF,United States of America,Evansville-Dress Regional Airport,EVV,KEVV,United States of America,2,1,2,1,-,-,Final
19840130-1,Monday,30-JAN-1984,13:30,A1, Landing (LDG),"Avalon, CA",United States of America,6,6, Destroyed, Written off (damaged beyond repair),Learjet 24,2,General Electric CJ610-4,-,-,3306.0, N44GA, 24-129,Gee Bee Aero,Demonstration,-,Santa Rosa-Sonoma County Airport,STS,KSTS,United States of America,Catalina Island-Avalon Bay Airport,CIB,KAVX,United States of America,2,4,2,4,-,-,Final
19840203-0,Friday,03-FEB-1984,-,H2, En route (ENR),Camagüey International Airport (CMW),Cuba,176,0, None,-,Airbus A300B4-203,2,General Electric CF6-50C2,-,-,-, registration unknown,-,Cruzeiro do Sul,Domestic Scheduled Passenger, 302,São Luís-Tirirical Airport,SLZ,SBSL,Brazil,Belém/Val-de-Cans International Airport,BEL,SBBE,Brazil,14,162,0,0,-,-,-
19840209-0,Thursday,09-FEB-1984,-,C1, Landing (LDG),Huambo Airport (NOV),Angola,142,0, Damaged beyond repair,-,Boeing 737-2M2,2,Pratt & Whitney JT8D-17,1981,-,-, D2-TBV, 22626/802,TAAG,Domestic Scheduled Passenger,-,Huambo Airport,NOV,FNHU,Angola,Luanda Airport,LAD,FNLU,Angola,6,136,0,0,-,-,-
19840211-0,Saturday,11-FEB-1984,-,H2, Standing (STD),"New York-John F. Kennedy International Airport, NY (JFK)",United States of America,152,0, None,-,Boeing 727,-,-,-,-,-, registration unknown,-,American Airlines,International Scheduled Passenger,AA658,Port-au-Prince-Mais Gate Airport,PAP,MTPP,Haiti,New York-John F. Kennedy International Airport,JFK,KJFK,United States of America,-,-,0,0,-,-,-
19840216-1,Thursday,16-FEB-1984,-,H1, Approach (APR),near Debre Zeit/Harar Meda Air Base,Ethiopia,38,26, Damaged beyond repair,-,Antonov An-12,-,-,-,-,-, 1509,-,Ethiopian AF,Military,-,-,-,-,-,-,-,-,-,-,-,-,-,-,-,-
19840220-0,Monday,20-FEB-1984,20:20,A1, Approach (APR),"4 km (2.5 mls) NW of Prosperine Airport, QLD (PPP)",Australia,2,2, Destroyed, Written off (damaged beyond repair),Cessna 500 Citation I,-,-,-,-,-, VH-FSA, 500-0237,Flight Safety Australia,Cargo,-,Townsville Airport,TSV,YBTL,Australia,Prosperine Airport,PPP,YBPN,Australia,2,0,2,0,-,-,Final
19840223-0,Thursday,23-FEB-1984,-,O1, Standing (STD),Tiksi Airport (IKS),Russia,0,0, Damaged beyond repair,-,Antonov An-2T,-,-,1962,-,-, CCCP-44910, 1G24-10,Aeroflot / Yakutsk,-,-,-,-,-,-,-,-,-,-,0,0,0,0,-,-,-
19840227-0,Monday,27-FEB-1984,-,A1, Unknown (UNK),Sea of Japan,Pacific Ocean,12,12, Damaged beyond repair,-,Shin Meiwa PS-1,-,-,-,-,-, 5803, 1003,Japanese Navy,Military,-,-,-,-,-,-,-,-,-,-,-,-,-,-,-,-
19840228-0,Tuesday,28-FEB-1984,16:16,A2, Landing (LDG),"New York-John F. Kennedy International Airport, NY (JFK)",United States of America,177,0, Substantial, Repaired,McDonnell Douglas DC-10-30,3,General Electric CF6-50C,1976,-,-, LN-RKB, 46871/219,SAS,International Scheduled Passenger, 901,Oslo-Gardermoen Airport,GEN,ENGM,Norway,New York-John F. Kennedy International Airport,JFK,KJFK,United States of America,14,163,0,0,-,-,Final
19840228-1,Tuesday,28-FEB-1984,20:22,A1, En route (ENR),4 km (2.5 mls) NW of Borja,Spain,18,18, Damaged beyond repair,-,Lockheed C-130E Hercules,-,-,1969,-,-, 68-10944, 4324,USAF,Military,-,Zaragoza Airport,ZAZ,LEZG,Spain,Zaragoza Airport,ZAZ,LEZG,Spain,7,11,7,11,-,-,-
19840228-2,Tuesday,28-FEB-1984,-,A1, Unknown (UNK),Sakon Nakhon Airport (SNO),Thailand,-,-, Damaged beyond repair,-,Douglas C-47D (DC-3),-,-,1944,-,-, L2-21/00/149, 25410/13965,Thai AF,Military,-,-,-,-,-,-,-,-,-,-,-,-,-,-,-,-
19840305-2,Monday,05-MAR-1984,20:46,A1, Takeoff (TOF),Hyderabad-Begumpet Airport (HYD),India,3,0, Damaged beyond repair,-,Hindustan Aeronautics Ltd. HAL-748-224 Srs. 2,-,-,1966,-,-, VT-DUO, 506,Indian Airlines,Training,-,Hyderabad-Begumpet Airport,HYD,VOHY,India,Hyderabad-Begumpet Airport,HYD,VOHY,India,3,0,0,0,-,-,Final
19840307-0,Wednesday,07-MAR-1984,-,H2, En route (ENR),Genève-Cointrin Airport (GVA),Switzerland,67,0, None,-,Boeing 737-228,2,Pratt & Whitney JT8D-15A,-,-,-, registration unknown,-,Air France,International Scheduled Passenger,-,Frankfurt International Airport,FRA,EDDF,Germany,Paris-Charles de Gaulle Airport,CDG,LFPG,France,6,61,0,0,-,-,- (No safety board investigation)
19840308-1,Thursday,08-MAR-1984,-,A1, Unknown (UNK),Elefsis,Greece,3,3, Damaged beyond repair,-,Canadair CL-215-1A10,2,Pratt & Whitney R-2800-83AM,1973,-,-, 1015, 1015,Hellenic AF,Military,-,-,-,-,-,-,-,-,-,3,0,3,0,-,-,-
19840310-0,Saturday,10-MAR-1984,-,C1, Standing (STD),N'Djamena Airport (NDJ),Chad,23,0, Damaged beyond repair,-,McDonnell Douglas DC-8-63PF,4,Pratt & Whitney JT3D-,1969,-,-, F-BOLL, 46096/499,UTA,International Scheduled Passenger,-,Brazzaville-Maya Maya Airport,BZV,FCBB,Congo,N'Djamena Airport,NDJ,FTTJ,Chad,5,18,0,0,-,-,-
19840313-1,Tuesday,13-MAR-1984,07:47,A1, Landing (LDG),Barranquilla-Ernesto Cortissoz International Airport (BAQ),Colombia,6,4, Damaged beyond repair,-,Curtiss C-46A-60-CK Commando,2,Pratt & Whitney R-2800-51,1945,-,-, HK-1322P, 444,private,Illegal Flight,-,Barranquilla-Ernesto Cortissoz International Airport,BAQ,SKBQ,Colombia,Bogotá-Eldorado Airport,BOG,SKBO,Colombia,4,2,3,1,-,-,-
19840314-0,Wednesday,14-MAR-1984,-,U1, Unknown (UNK),Santa Cruz,Bolivia,-,-, Damaged beyond repair,-,Beechcraft 200C Super King Air,-,-,1982,-,-, CP-1849, BL-52,Unknown,Unknown,-,-,-,-,-,-,-,-,-,-,-,-,-,-,-,-
19840315-0,Thursday,15-MAR-1984,-,A1, Initial climb (ICL),Cancún Airport (CUN),Mexico,-,0, Damaged beyond repair,-,Convair VT-29B (CV-240),-,-,1952,-,-, XA-JOV, 261,Aero Cozumel,Domestic Scheduled Passenger,-,Cancún Airport,CUN,MMUN,Mexico,Cozumel Airport,CZM,MMCZ,Mexico,-,-,0,0,-,-,-
19840316-0,Friday,16-MAR-1984,-,A1, En route (ENR),Cerro Pilón,Bolivia,23,23, Damaged beyond repair,-,Fairchild F-27M,-,-,1968,-,-, CP-862, 127,LAB,Domestic Scheduled Passenger,-,Trinidad Airport,TDD,SLTR,Bolivia,San Borja Airport,SRJ,SLSB,Bolivia,3,20,3,20,-,-,-
19840316-1,Friday,16-MAR-1984,23:30,A1, Approach (APR),"ca 1,6 km NE of Oneonta Municipal Airport, NY (ONH)",United States of America,2,2, Destroyed, Written off (damaged beyond repair),Lockheed 18 Learstar II,2,Wright R-1820,1943,-,-, N77777, 18-2373,Holiday Tours,Illegal Flight,-,-,-,-,-,-,-,-,-,2,0,2,0,-,-,Final
19840319-0,Monday,19-MAR-1984,16:02,A2, Landing (LDG),Las Palmas-Airport de Gran Canaria (LPA),Spain,58,0, Substantial, Repaired,Convair CV-990-30A-5 Coronado,4,General Electric CJ805-23,1962,-,-, EC-BZP, 30-10-18,Spantax,Domestic Scheduled Passenger,BX815,Las Palmas-Airport de Gran Canaria,LPA,GCLP,Spain,Tenerife-Sur Reina Sofia Airport,TFS,GCTS,Spain,7,51,0,0,-,-,-
19840321-0,Wednesday,21-MAR-1984,-,C1, Landing (LDG),San Miguel Airstrip,El Salvador,2,0, Damaged beyond repair,-,Fairchild C-123K Provider,-,-,-,-,-, FAES120, 20152,Salvadorian AF,Military,-,-,-,-,-,-,-,-,-,-,-,0,0,-,-,-
19840322-0,Thursday,22-MAR-1984,07:42,A1, Takeoff (TOF),"Calgary International Airport, AB (YYC)",Canada,119,0, Damaged beyond repair,-,Boeing 737-275,2,Pratt & Whitney JT8D-9A,1981,-,7447.0, C-GQPW, 22265/755,Pacific Western,Domestic Scheduled Passenger, 501,Calgary International Airport,YYC,CYYC,Canada,Edmonton Municipal Airport,YXD,CYXD,Canada,5,114,0,0,-,-,Final
19840322-1,Thursday,22-MAR-1984,-,H2, En route (ENR),Taipei-Chiang Kai Shek International Airport (TPE),Taiwan,355,0, None,-,Boeing 747,-,-,-,-,-, registration unknown,-,British Airways,International Scheduled Passenger,BA003,Hong Kong-Kai Tak International Airport,HKG,VHHH,Hong Kong,Beijing-Capital Airport,PEK,ZBAA,China,-,-,0,0,-,-,-
19840324-0,Saturday,24-MAR-1984,-,A1, Initial climb (ICL),near Rurrenabaque Airport (RBQ),Bolivia,5,5, Damaged beyond repair,-,Douglas C-54S (DC-4),-,-,1945,-,-, CP-1206, 10559,Frigorifico Reyes,Cargo,-,Rurrenabaque Airport,RBQ,SLRQ,Bolivia,-,-,-,-,3,2,3,2,-,-,-
19840324-1,Saturday,24-MAR-1984,-,A1, Unknown (UNK),near Ciudad Quesada,Costa Rica,7,7, Damaged beyond repair,-,Douglas DC-3C,2,Pratt & Whitney R-1830-92,1943,-,-, N62WS, 12005,Unknown,Illegal Flight,-,-,-,-,-,-,-,-,-,-,-,-,-,-,-,-
19840326-0,Monday,26-MAR-1984,08:30,A1, Approach (APR),near Bergamo-Orio Al Serio Airport (BGY),Italy,4,0, Damaged beyond repair,-,Beechcraft 200 Super King Air,-,-,1979,-,-, F-GCCC, BB-504,Sinair,Executive,-,Grenoble-Saint Geoirs Airport,GNB,LFLS,France,Bergamo-Orio Al Serio Airport,BGY,LIME,Italy,2,2,0,0,-,-,-
19840327-0,Tuesday,27-MAR-1984,-,H2, En route (ENR),Havana-José Martí International Airport (HAV),Cuba,59,0, None,-,Boeing 737-200,-,-,-,-,-, registration unknown,-,Piedmont Airlines,Domestic Scheduled Passenger, 451,Charleston International Airport,CHS,KCHS,United States of America,Miami International Airport,MIA,KMIA,United States of America,-,-,0,0,-,-,-
19840328-0,Wednesday,28-MAR-1984,-,H2, En route (ENR),Havana-José Martí International Airport (HAV),Cuba,26,0, None,-,Boeing 727,-,-,-,-,-, registration unknown,-,Delta Air Lines,Domestic Scheduled Passenger,DL357,New Orleans International Airport,MSY,KMSY,United States of America,Dallas/Fort Worth International Airport,DFW,KDFW,United States of America,-,-,0,0,-,-,-
19840328-1,Wednesday,28-MAR-1984,08:45,A1, En route (ENR),"23 km (14.4 mls) from  Florianopolis, SC",Brazil,4,4, Damaged beyond repair,-,Learjet 24D,-,-,-,-,-, PT-LCN, 24-287,Líder Táxi Aéreo,Executive,-,Porto Alegre-Salgado Filho International Airport,POA,SBPA,Brazil,Florianópolis-Hercilio Luz International Airport,FLN,SBFL,Brazil,2,2,2,2,-,-,-
19840331-0,Saturday,31-MAR-1984,-,U1, Unknown (UNK),at an unknown location,Angola,-,-, Damaged beyond repair,-,Britten-Norman BN-2 Islander,-,-,1976,-,-, 2451, 526,Angolan AF,Military,-,-,-,-,-,-,-,-,-,-,-,-,-,-,-,-
19840405-0,Thursday,05-APR-1984,17:15,A1, Approach (APR),"Scottsdale, AZ",United States of America,1,0, Substantial, Written off (damaged beyond repair),de Havilland DH-114 Heron 2B,4,Lycoming IO-540-G1A5,1954,-,20652.0, N81962, 14053,Scenic Air Tours,Ferry/positioning,-,Albuquerque International Airport,ABQ,KABQ,United States of America,-,-,-,-,1,0,0,0,-,-,Final
19840405-1,Thursday,05-APR-1984,-,H2, Approach (APR),Istanbul-Atatürk International Airport (IST),Turkey,-,0, None,-,Lockheed L-1011 TriStar,-,-,-,-,-, registration unknown,-,Saudi Arabian,International Scheduled Passenger,-,Jeddah-King Abdulaziz International Airport,JED,OEJN,Saudi Arabia,Damascus International Airport,DAM,OSDI,Syria,-,-,0,0,-,-,-
19840417-0,Tuesday,17-APR-1984,14:33,A2, Landing (LDG),"Oklahoma City-Will Rogers Airport, OK (OKC)",United States of America,2,0, Substantial, Repaired,Cessna 500 Citation I,2,Pratt & Whitney Canada JT15D-1A,-,-,4300.0, N92FA, 500-0068,International Jet Center,Training,-,Oklahoma City-Will Rogers Airport,OKC,KOKC,United States of America,Oklahoma City-Will Rogers Airport,OKC,KOKC,United States of America,2,0,0,0,-,-,Final
19840418-0,Wednesday,18-APR-1984,10:15,A1, Approach (APR),"near Imperatriz Airport, MA (IMP)",Brazil,18,18, Damaged beyond repair,-,Embraer EMB-110EJ Bandeirante,-,-,1976,-,-, PT-GJZ, 110088,VOTEC,Domestic Scheduled Passenger,-,São Luís-Marechal Cunha Machado Airport,SLZ,SBSL,Brazil,Imperatriz Airport,IMP,SBIZ,Brazil,2,16,2,16,1,-,-
19840418-1,Wednesday,18-APR-1984,10:15,A1, Approach (APR),"near Imperatriz Airport, MA (IMP)",Brazil,17,1, Damaged beyond repair,-,Embraer EMB-110P Bandeirante,-,-,1976,-,-, PT-GKL, 110107,VOTEC,Domestic Scheduled Passenger,-,Belém/Val-de-Cans International Airport,BEL,SBBE,Brazil,Imperatriz Airport,IMP,SBIZ,Brazil,2,15,0,1,18,-,-
19840419-0,Thursday,19-APR-1984,14:00,A1, En route (ENR),Cerro Alto Santa Rosa,Costa Rica,4,4, Destroyed, Written off (damaged beyond repair),Douglas C-47-DL (DC-3),2,Pratt & Whitney R-1830-92,1942,-,-, TI-SAA, 4231,SANSA,Cargo,-,San Andrés Island Airport,ADZ,SKSP,Colombia,San José-Juan Santamaria International Airport,SJO,MROC,Costa Rica,4,0,4,0,-,-,Preliminary
19840421-0,Saturday,21-APR-1984,17:30,A1, Takeoff (TOF),"Tobin Creek Airstrip, AK",United States of America,4,0, Destroyed, Written off (damaged beyond repair),Fairchild C-119 Flying Boxcar,2,Wright R-3350-89B,-,-,8643.0, N15509, 10775,Hawkins & Powers,Cargo,-,-,-,-,-,Fairbanks International Airport,FAI,PAFA,United States of America,2,2,0,0,-,-,Final
19840428-0,Saturday,28-APR-1984,16:30,A1, Landing (LDG),"San Manuel Ray Blair Airport, AZ",United States of America,4,0, Destroyed, Written off (damaged beyond repair),Douglas C-118A (DC-6),4,Pratt & Whitney R-2800,1955,-,-, N92860, 44619/549,Intercontinental Aircraft Lease,Ferry/positioning,-,St. Petersburg International Airport,PIE,KPIE,United States of America,-,-,-,-,3,1,0,0,-,-,Final
19840505-0,Saturday,05-MAY-1984,-,A1, Approach (APR),"8,8 km (5.5 mls) from  Poza Rica-Tajin Airport (PAZ)",Mexico,7,7, Damaged beyond repair,-,Beechcraft 200 Super King Air,-,-,1981,-,-, XA-LIG, BB-802,Unknown,Unknown,-,-,-,-,-,Poza Rica-Tajin Airport,PAZ,MMPA,Mexico,2,5,2,5,-,-,-
19840506-0,Sunday,06-MAY-1984,-,A1, Landing (LDG),San Borja-Capitan G.Q. Guardia Airport (SRJ),Bolivia,3,0, Damaged beyond repair,-,Curtiss C-46R Commando,-,-,1945,-,-, CP-974, 22363,TASMA,Unknown,-,San Borja-Capitan G.Q. Guardia Airport,SRJ,SLSB,Bolivia,-,-,-,-,3,0,0,0,-,-,-
19840506-1,Sunday,06-MAY-1984,-,A1, Unknown (UNK),NW of Staroye Zhookovo,Russia,-,-, Damaged beyond repair,-,Antonov An-2M,-,-,1966,12899.0,3843.0, CCCP-05918, 600601,Aeroflot / Central Region,Agricultural,-,-,-,-,-,-,-,-,-,-,-,-,-,-,-,-
19840514-0,Monday,14-MAY-1984,-,A1, Takeoff (TOF),"near Thunder Bay Airport, ON (YQT)",Canada,2,0, Damaged beyond repair,-,Canadian Vickers PBV-1A Canso A (PBY-5A),-,-,1944,-,-, C-GFFD, CV-441,Flying Firemen,Fire fighting,-,Thunder Bay Airport,YQT,CYQT,Canada,-,-,-,-,2,0,0,0,-,-,Preliminary
19840515-0,Tuesday,15-MAY-1984,-,A1, Approach (APR),"9 km (5.6 mls) E off  Ushuaia Airport, TF (USH)",Argentina,12,12, Damaged beyond repair,-,Learjet 35A,2,Garrett TFE731-2-2B,-,-,-, LV-TDF, 35A-478,Tierra del Fuego Province,Executive,-,-,-,-,-,Ushuaia Airport,USH,SAWO,Argentina,2,10,2,10,-,-,-
19840520-0,Sunday,20-MAY-1984,-,A2, Unknown (UNK),Hannover,Germany,-,0, Unknown, Repaired,Beechcraft 1900C,2,Pratt & Whitney Canada PT6A-65B,1984,-,-, N305BH, UB-9,Beechcraft,Demonstration,-,Hannover Airport,HAJ,EDDV,Germany,Hannover Airport,HAJ,EDDV,Germany,-,-,0,0,3,-,-
19840521-0,Monday,21-MAY-1984,-,A1, Maneuvering (MNV),Voroshilovgrad Region,Ukraine,-,0, Damaged beyond repair,-,Antonov An-2R,-,-,1973,-,-, CCCP-07293, 1G148-54,Aeroflot / Ukraine,Agricultural,-,-,-,-,-,-,-,-,-,-,-,0,0,-,-,-
19840525-0,Friday,25-MAY-1984,-,A1, Approach (APR),"near Córdoba-Pajas Blancas Airport, CD (COR)",Argentina,15,0, Damaged beyond repair,-,de Havilland Canada DHC-6 Twin Otter 200,-,-,-,-,-, T-83, 170 ?,LADE,Unknown,-,Comodoro Rivadavia Airport,CRD,SAVC,Argentina,Córdoba-Pajas Blancas Airport,COR,SACO,Argentina,-,-,0,0,-,-,Preliminary
19840525-1,Friday,25-MAY-1984,18:34,A1, En route (ENR),near Donetsk,Ukraine,7,7, Damaged beyond repair,-,Tupolev Tu-134Sh2,-,-,1972,2370.0,3173.0, 02, 2350202,Soviet AF,Military,-,Zhdanov Airport,MPW,UKCM,Ukraine,Voroshilovgrad Airport,VSG,UKCW,Ukraine,6,1,6,1,-,-,-
19840528-0,Monday,28-MAY-1984,16:15,A1, Landing (LDG),"St. John's Airport, NL (YYT)",Canada,8,0, Substantial, Written off (damaged beyond repair),Saunders ST-27,-,-,1972,-,-, C-FCNT, 007,Labrador Airways,Domestic Scheduled Passenger,-,St. Anthony Airport,YAY,CYAY,Canada,St. John's Airport,YYT,CYYT,Canada,3,5,0,0,-,-,-
19840530-0,Wednesday,30-MAY-1984,01:44,A1, En route (ENR),"Chalkhill, PA",United States of America,4,4, Destroyed, Written off (damaged beyond repair),Lockheed L-188AF Electra,4,Allison 501-D13,1959,38353.0,35668.0, N5523, 1034,Zantop,Cargo, 931,Baltimore/Washington International Airport,BWI,KBWI,United States of America,Detroit-Willow Run Airport,YIP,KYIP,United States of America,3,1,3,1,-,-,Final
19840530-1,Wednesday,30-MAY-1984,-,U1, Unknown (UNK),Panama,Panama,-,0, Damaged beyond repair,-,Britten-Norman BN-2A Trislander Mk.III,-,-,1971,-,-, HP-946, 0305,Aviones de Panama,Unknown,-,-,-,-,-,-,-,-,-,-,-,0,0,-,-,-
19840530-2,Wednesday,30-MAY-1984,-,A1, Takeoff (TOF),Szarvas-Káka,Hungary,1,1, Damaged beyond repair,-,Antonov An-2R,-,-,1976,-,-, HA-MBM, 1G166-31,Ministry for Agriculture and Nutrition,Agricultural,-,-,-,-,-,-,-,-,-,1,0,1,0,-,-,-
19840531-0,Thursday,31-MAY-1984,13:34,A2, Takeoff (TOF),"Denver-Stapleton International Airport, CO (DEN)",United States of America,105,0, Substantial, Repaired,Boeing 727-222,3,Pratt & Whitney JT8D-7B,1968,-,-, N7640U, 19913/672,United Airlines,Domestic Scheduled Passenger,UA663,Denver-Stapleton International Airport,DEN,KDEN,United States of America,Las Vegas-McCarran International Airport,LAS,KLAS,United States of America,7,98,0,0,-,-,Final
19840599-1,-,xx-MAY-1984,-,U1, Unknown (UNK),at an unknown location,Mexico,-,-, Damaged beyond repair,-,Britten-Norman BN-2A Trislander Mk.III-2,3,Lycoming O-540-E4C5,1977,-,-, XA-KOQ, 1045,Aero Cozumel,Unknown,-,-,-,-,-,-,-,-,-,-,-,-,-,-,-,-
19840601-0,Friday,01-JUN-1984,08:24,A1, Approach (APR),"Sanday Airport (NDY), Orkneys",United Kingdom,8,0, Damaged beyond repair,-,Britten-Norman BN-2A-26 Islander,2,Lycoming O-540-E4C5,1976,13451.0,5015.0, G-BDVW, 522,Loganair,Domestic Scheduled Passenger, 621,Stronsay Airport,SOY,EGER,United Kingdom,Sanday Airport,NDY,EGES,United Kingdom,1,7,0,0,-,-,Final
19840602-0,Saturday,02-JUN-1984,21:19,A2, En route (ENR),Bangkok-Don Muang International Airport (BKK),India,314,0, Substantial, Repaired,Boeing 747-237B,4,Pratt & Whitney JT9D-7J,1975,-,-, VT-EDU, 21182/277,Air-India,International Scheduled Passenger,AI315,Bangkok-Don Muang International Airport,BKK,VTBD,Thailand,Delhi-Palam Airport,DEL,VIDP,India,21,293,0,0,-,-,Final
19840603-0,Sunday,03-JUN-1984,-,A1, En route (ENR),near Land's End,United Kingdom,13,0, Damaged beyond repair,-,British Aerospace Nimrod MR.2,4,Rolls-Royce Spey 250,-,-,-, XV257, 8032,RAF,Military,-,Newquay-St Mawgan RAF Station,NQY,EGDG,United Kingdom,Newquay-St Mawgan RAF Station,NQY,EGDG,United Kingdom,13,0,0,0,-,-,Final
19840604-0,Monday,04-JUN-1984,23:41,A1, Approach (APR),"ca 2 km SSE of Windsor Locks-Bradley International Airport, CT (BDL)",United States of America,3,3, Destroyed, Written off (damaged beyond repair),Learjet 23,2,General Electric CJ610-4,-,-,8489.0, N101PP, 23-085,Air Continental,Cargo,-,Syracuse-Hancock International Airport,SYR,KSYR,United States of America,Windsor Locks-Bradley International Airport,BDL,KBDL,United States of America,2,1,2,1,-,-,Final
19840606-0,Wednesday,06-JUN-1984,01:02,A2, Landing (LDG),Calcutta Airport (CCU),India,129,0, Substantial, Repaired,Boeing 737-2A8 Advanced,2,Pratt & Whitney JT8D-17A,1981,-,-, VT-EGI, 22285/798,Indian Airlines,Domestic Scheduled Passenger,IC266,Madras Airport,MAA,VOMM,India,Calcutta Airport,CCU,VECC,India,6,123,0,0,-,-,Final
19840609-0,Saturday,09-JUN-1984,-,O1, Standing (STD),Moskva-Sheremetyevo Airport (SVO),Russia,0,0, Damaged beyond repair,-,Ilyushin Il-62M,-,-,1979,-,-, CCCP-86500, 2932859,Aeroflot / International,-,-,-,-,-,-,-,-,-,-,0,0,0,0,-,-,-
19840611-0,Monday,11-JUN-1984,-,A1, Landing (LDG),Jakarta-Kemayoran Airport (JKT),Indonesia,5,0, Damaged beyond repair,-,McDonnell Douglas DC-9-32,2,Pratt & Whitney JT8D-9,1972,-,-, PK-GNE, 47561/674,Garuda,Ferry/positioning,-,-,-,-,-,-,-,-,-,2,3,0,0,-,-,-
19840611-1,Monday,11-JUN-1984,-,O1, Standing (STD),Bournemouth International Airport (BOH),United Kingdom,-,0, Damaged beyond repair,-,Handley Page HPR-7 Herald 203,2,Rolls-Royce Dart (series unknown),1964,-,-, G-BBXI, 184,Air UK,Unknown,-,-,-,-,-,-,-,-,-,-,-,0,0,-,-,-
19840611-2,Monday,11-JUN-1984,04:00,O1, Standing (STD),"San Diego International Airport, CA (SAN)",United States of America,0,0, Damaged beyond repair,-,MBB HFB-320 Hansa Jet,-,-,1970,-,-, XC-TIJ, 1049,Baja California State Government,-,-,-,-,-,-,-,-,-,-,0,0,0,0,-,-,-
19840613-0,Wednesday,13-JUN-1984,16:56,A2, Landing (LDG),"Detroit-Metropolitan Wayne County Airport, MI (DTW)",United States of America,56,0, Substantial, Repaired,McDonnell Douglas DC-9-31,2,Pratt & Whitney JT8D-7B,1969,-,-, N964VJ, 47373/522,USAir,Domestic Scheduled Passenger,-,Hartford-Brainard Airport,HFD,KHFD,United States of America,Detroit-Metropolitan Wayne County Airport,DTW,KDTW,United States of America,5,51,0,0,-,-,Final
19840616-0,Saturday,16-JUN-1984,-,A1, Landing (LDG),Sana'a International Airport (SAH),Yemen,18,0, Damaged beyond repair,-,Ilyushin Il-18V,4,Ivchenko AI-20K,1965,-,-, LZ-BEP, 185008105,Balkan Bulgarian,Cargo,-,-,-,-,-,Sana'a International Airport,SAH,ODSN,Yemen,6,12,0,0,-,-,-
19840616-1,Saturday,16-JUN-1984,-,A1, Takeoff (TOF),Odessa Region,Ukraine,-,0, Damaged beyond repair,-,Antonov An-2R,-,-,1970,-,-, CCCP-02528, 1G121-12,Aeroflot / Ukraine,Unknown,-,-,-,-,-,-,-,-,-,-,-,0,0,-,-,-
19840617-0,Sunday,17-JUN-1984,-,A2, Landing (LDG),"Toronto-Pearson International Airport, ON (YYZ)",Canada,127,0, Substantial, Repaired,Boeing 727-2J0 Adv.,3,Pratt & Whitney JT8D-15,1975,-,-, 6Y-JMA, 21105/1158,Air Jamaica,International Scheduled Passenger,-,Kingston-Norman Manley International Airport,KIN,MKJP,Jamaica,Toronto-Pearson International Airport,YYZ,CYYZ,Canada,9,118,0,0,-,-,-
19840621-0,Thursday,21-JUN-1984,-,A1, En route (ENR),"near Sivakovka, Khorol District",Russia,-,0, Substantial, Written off (damaged beyond repair),Antonov An-2R,-,-,1966,-,-, CCCP-09612, 1G74-33,Aeroflot / Far East,Unknown,-,-,-,-,-,-,-,-,-,-,-,0,0,-,-,-
19840623-0,Saturday,23-JUN-1984,-,A1, Unknown (UNK),Ajaccio,France,2,0, Damaged beyond repair,-,IRMA/Britten-Norman BN-2A-8 Islander,-,-,1974,-,-, F-BVTD, 710,Delmotte Aviation,Unknown,-,-,-,-,-,-,-,-,-,-,-,0,0,-,-,-
19840625-0,Monday,25-JUN-1984,-,H2, En route (ENR),Fuzhou Yixu Airport (FOC),China,-,0, None,-,unknown,-,-,-,-,-, registration unknown,-,CAAC,Domestic Scheduled Passenger,-,-,-,-,-,Fuzhou Yixu Airport,FOC,ZSFZ,China,-,-,0,0,-,-,-
19840626-0,Tuesday,26-JUN-1984,-,H2, En route (ENR),Baghdad-Saddam International Airport (SDA),Iraq,136,0, None,-,Boeing 727,-,-,-,-,-, registration unknown,-,Iran Air,Domestic Scheduled Passenger,-,Tehran-Mehrabad Airport,THR,OIII,Iran,Bushehr Airport,BUZ,OIBB,Iran,11,125,0,0,-,-,-
19840628-1,Thursday,28-JUN-1984,09:00,A1, En route (ENR),"4 km (2.5 mls) W of Rio das Ostras, RJ",Brazil,18,18, Destroyed, Written off (damaged beyond repair),Embraer EMB-110C Bandeirante,-,-,1973,-,-, PP-SBC, 110013,TAM,Domestic Non Scheduled Passenger,-,-,-,-,-,Macaé Airport,MEA,SBME,Brazil,2,16,2,16,-,-,-
19840699-0,-,xx-JUN-1984,-,A1, Unknown (UNK),off Playa Baracoa Airport (UPB),Cuba,-,-, Damaged beyond repair,-,Antonov An-26,-,-,-,-,-, 14-27, 6906,Cuban AF,Military,-,-,-,-,-,-,-,-,-,-,-,-,-,-,-,Preliminary
19840703-0,Tuesday,03-JUL-1984,-,A1, Unknown (UNK),near Casapalca,Peru,5,5, Damaged beyond repair,-,Antonov An-26,-,-,1977,-,-, FAP-377, 5601,Peruvian AF,Military,-,-,-,-,-,-,-,-,-,-,-,-,-,-,-,-
19840704-0,Wednesday,04-JUL-1984,-,A1, Landing (LDG),Chulman Airport (CNN),Russia,-,0, Damaged beyond repair,-,Let L-410M,2,Walter M-601A,1978,-,-, CCCP-67276, 781007,Aeroflot / Yakutsk,Unknown,-,-,-,-,-,-,-,-,-,-,-,0,0,-,-,-
19840705-0,Thursday,05-JUL-1984,-,H2, En route (ENR),Lahore Airport (LHE),Pakistan,264,0, None,-,Airbus A300,-,-,-,-,-, registration unknown,-,Indian Airlines,Domestic Scheduled Passenger,IC405,Srinagar Airport,SXR,VISR,India,Delhi-Palam Airport,DEL,VIDP,India,10,254,0,0,-,-,-
19840705-1,Thursday,05-JUL-1984,-,A1, Maneuvering (MNV),Kustanai Region,Kazakhstan,3,3, Damaged beyond repair,-,Antonov An-2R,-,-,1965,-,-, CCCP-02878, 1G56-13,Aeroflot / Uralsk,Illegal Flight,-,-,-,-,-,-,-,-,-,2,1,2,1,-,-,-
19840711-1,Wednesday,11-JUL-1984,-,U1, Unknown (UNK),"Recife, PE",Brazil,-,-, Damaged beyond repair,-,Embraer P-95 Bandeirulha (EMB-111A),-,-,1978,-,-, 7054, 110163,Brazilian AF,Military,-,-,-,-,-,-,-,-,-,-,-,-,-,-,-,-
19840711-2,Wednesday,11-JUL-1984,-,A1, Landing (LDG),off Zadar,Croatia,3,1, Damaged beyond repair,-,Canadair CL-215-1A10,2,Pratt & Whitney R-2800-83AM,1981,-,-, 72201, 1066,Yugoslav AF,Military,-,-,-,-,-,-,-,-,-,3,0,1,0,-,-,-
19840712-0,Thursday,12-JUL-1984,-,A1, En route (ENR),near Sigonella Naval Air Field (NSY),Italy,9,9, Damaged beyond repair,-,Lockheed C-141B Starlifter,4,Pratt & Whitney TF33-P-7,-,-,27379.0, 64-0624, 300-6037,USAF,Military,-,Sigonella Naval Air Field,NSY,LICZ,Italy,Nairobi-Jomo Kenyatta International Airport,NBO,HKJK,Kenya,8,1,8,1,-,-,-
19840713-0,Friday,13-JUL-1984,-,A1, Takeoff (TOF),Mokhotlong Airport (MKH),Lesotho,-,0, Damaged beyond repair,-,de Havilland Canada DHC-6 Twin Otter 300,2,Pratt & Whitney Canada PT6A-27,1979,-,-, 7P-LAA, 622,Lesotho Airways,Domestic Non Scheduled Passenger, 501,Mokhotlong Airport,MKH,FXMK,Lesotho,Maseru-Moshoeshoe International Airport,MSU,FXMM,Lesotho,-,-,0,0,-,-,-
19840714-0,Saturday,14-JUL-1984,-,A1, Unknown (UNK),Krasnodar Region,Russia,3,2, Damaged beyond repair,-,Antonov An-2R,-,-,1977,-,-, CCCP-40827, 1G174-05,Aeroflot / North Kavkaz,Agricultural,-,-,-,-,-,-,-,-,-,2,1,1,1,-,-,-
19840721-0,Saturday,21-JUL-1984,13:40,A1, Landing (LDG),Tau Airport (TAV),American Samoa,14,1, Damaged beyond repair,-,de Havilland Canada DHC-6 Twin Otter 300,2,Pratt & Whitney Canada PT6A-27,1980,-,-, N43SP, 669,SPIA,Domestic Scheduled Passenger, 513,Pago Pago International Airport,PPG,NSTU,American Samoa,-,-,-,-,3,11,0,1,-,-,Final
19840721-1,Saturday,21-JUL-1984,-,H2, En route (ENR),Beirut International Airport (BEY),Lebanon,147,0, None,-,Boeing 707-300,-,-,-,-,-, registration unknown,-,MEA,International Scheduled Passenger,ME419,Abu Dhabi-Bateen Airport,AZI,OMAD,United Arab Emirates,Beirut International Airport,BEY,OLBA,Lebanon,9,138,0,0,-,-,-
19840723-0,Monday,23-JUL-1984,-,A1, Initial climb (ICL),"Punya, Boguchany District, Krasnoyarsk Region",Russia,-,0, Damaged beyond repair,-,Antonov An-2R,-,-,1969,-,-, CCCP-01712, 1G105-45,Aeroflot / Krasnoyarsk,Unknown,-,-,-,-,-,-,-,-,-,-,-,0,0,-,-,-
19840724-0,Tuesday,24-JUL-1984,-,A1, Landing (LDG),Krasnoselkup Airport (KKQ),Russia,-,0, Damaged beyond repair,-,Antonov An-26B,2,Ivchenko AI-24VT,1980,-,-, CCCP-26009, 9904,Aeroflot / Tyumen,Cargo,-,-,-,-,-,Krasnoselkup Airport,KKQ,USDP,Russia,-,-,0,0,-,-,-
19840724-1,Tuesday,24-JUL-1984,-,A1, Landing (LDG),Lazurnoye,Ukraine,-,0, Damaged beyond repair,-,Antonov An-2T,-,-,-,-,-, CCCP-82909, 1G167-15,Aeroflot / Ukraine,Passenger,-,Krivoy Rog Airport,KWG,UKDR,Ukraine,-,-,-,-,-,-,0,0,-,-,-
19840727-0,Friday,27-JUL-1984,-,A2, Approach (APR),near Providencia Airport (PVA),Colombia,-,0, Substantial, Repaired,IRMA/Pilatus Britten-Norman BN-2B-27 Islander,-,-,-,-,-, HK-2822X, 2109,TAVINA,Unknown,-,-,-,-,-,Providencia Airport,PVA,SKPV,Colombia,-,-,0,0,-,-,-
19840727-1,Friday,27-JUL-1984,-,A1, Unknown (UNK),"near Andryushino, Sverdlovsk Region",Russia,-,0, Damaged beyond repair,-,Antonov An-2TP,-,-,1974,-,-, CCCP-07634, 1G157-19,Aeroflot / Uralsk,Unknown,-,-,-,-,-,-,-,-,-,-,-,0,0,-,-,-
19840728-0,Saturday,28-JUL-1984,15:45,A1, Takeoff (TOF),"Waterville-Robert Lafleur Airport, ME (WVL)",United States of America,5,0, Substantial, Written off (damaged beyond repair),Learjet 25B,-,-,-,-,3168.0, N1JR, 25-188,Panorama Flight Service,Domestic Non Scheduled Passenger,-,Waterville-Robert Lafleur Airport,WVL,KWVL,United States of America,White Plains-Westchester County Airport,HPN,KHPN,United States of America,2,3,0,0,-,-,Final
19840729-0,Sunday,29-JUL-1984,-,H2, En route (ENR),Curaçao-Dr. Albert Plesman Airport (CUR),Curaçao,87,2, Unknown,-,McDonnell Douglas DC-9,-,-,-,-,-, registration unknown,-,LAV,International Scheduled Passenger,252,Caracas-Simón Bolívar International Airport,CCS,SVMI,Venezuela,Curaçao-Dr. Albert Plesman Airport,CUR,TNCC,Curaçao,5,82,0,2,-,-,-
19840731-0,Tuesday,31-JUL-1984,-,H2, En route (ENR),Tehran-Mehrabad Airport (THR),Iran,64,0, Substantial, Repaired,Boeing 737-228,2,Pratt & Whitney JT8D-15A,1983,-,-, F-GBYH, 23007/948,Air France,International Scheduled Passenger,-,Frankfurt International Airport,FRA,EDDF,Germany,Paris-Charles de Gaulle Airport,CDG,LFPG,France,6,58,0,0,-,-,-
19840799-0,-,xx-JUL-1984,-,A1, Landing (LDG),Isiro-Matari (IRP),Democratic Republic of the Congo,-,0, Damaged beyond repair,-,Boeing 707-458,4,Rolls-Royce Conway 508,1962,-,-, 9Q-CWR, 18357/272,Wolf Aviation,Unknown,-,-,-,-,-,Isiro-Matari Airport,IRP,FZJH,Democratic Republic of the Congo,-,-,0,0,-,-,-
19840799-1,-,xx-JUL-1984,-,O1, Standing (STD),Harare ?,Zimbabwe,-,0, Damaged beyond repair,-,Vickers 756D Viscount,-,-,1958,-,-, Z-YNI, 374,Air Zimbabwe,Unknown,-,-,-,-,-,-,-,-,-,-,-,0,0,-,-,-
19840802-0,Thursday,02-AUG-1984,08:05,A1, Initial climb (ICL),"0,8 km (0.5 mls) off  Vieques Airport (VQS)",Puerto Rico,9,9, Damaged beyond repair,-,Britten-Norman BN-2A Islander,2,Lycoming O-540-E4C5,1968,-,-, N589SA, 38,Vieques Air Link,International Scheduled Passenger,901A,Vieques Airport,VQS,TJCG,Puerto Rico,Saint Croix-Alexander Hamilton Airport,STX,TISX,U.S. Virgin Islands,1,8,1,8,-,-,Final
19840803-1,Friday,03-AUG-1984,-,A1, Landing (LDG),"Rio de Janeiro-Santos Dumont Airport, RJ (SDU)",Brazil,7,0, Damaged beyond repair,-,Fokker F-27 Friendship 200,-,-,1965,38942.0,39366.0, PT-LCZ, 10291,Rio Sul,Training,-,Rio de Janeiro-Santos Dumont Airport,SDU,SBRJ,Brazil,Rio de Janeiro-Santos Dumont Airport,SDU,SBRJ,Brazil,7,0,0,0,-,-,-
19840804-0,Saturday,04-AUG-1984,-,A1, Landing (LDG),Tacloban Airport (TAC),Philippines,75,0, Damaged beyond repair,-,BAC One-Eleven 527FK,-,-,1974,-,-, RP-C1182, 246,Philippine Air Lines,Scheduled Passenger,-,-,-,-,-,Tacloban Airport,TAC,RPVA,Philippines,5,70,0,0,-,-,-
19840805-0,Sunday,05-AUG-1984,-,A1, En route (ENR),Nawabshah,Pakistan,24,24, Damaged beyond repair,-,Antonov An-12B,4,Ivchenko AI-20M,1963,-,-, CCCP-10232, 3341107,Soviet Navy,Cargo,-,Karachi International Airport,KHI,OPKC,Pakistan,Tashkent-Yuzhny Airport,TAS,UTTT,Uzbekistan,9,15,9,15,-,-,-
19840805-1,Sunday,05-AUG-1984,-,A1, Approach (APR),"0,5 km (0.3 mls) NW of Dhaka-Zia International Airport (DAC)",Bangladesh,49,49, Damaged beyond repair,-,Fokker F-27 Friendship 600,-,-,1971,24085.0,15595.0, S2-ABJ, 10453,Biman Bangladesh,Domestic Scheduled Passenger,-,Chittagong-Patenga Airport,CGP,VGEG,Bangladesh,Dhaka-Zia International Airport,DAC,VGZR,Bangladesh,4,45,4,45,-,-,-
19840806-0,Monday,06-AUG-1984,-,H2, Unknown (UNK),Marseille,France,7,0, Unknown,-,Douglas DC-8-55F,-,-,1966,-,-, F-BUOR, 45862/259,SFAIR,Unknown,-,Marseille-Marignane Airport,MRS,LFML,France,Djanet-Inedbirenne Airport,DJG,DAAJ,Algeria,-,-,0,0,-,-,-
19840807-0,Tuesday,07-AUG-1984,-,H2, En route (ENR),Rome,Italy,315,0, None,-,Airbus A300B2-202,-,-,-,-,-, registration unknown,-,Iran Air,Domestic Scheduled Passenger,-,Tehran-Mehrabad Airport,THR,OIII,Iran,Shiraz Airport,SYZ,OISS,Iran,11,304,0,0,-,-,-
19840810-0,Friday,10-AUG-1984,-,H2, En route (ENR),Bangalore-Hindustan Airport (BLR),India,-,0, None,-,Hindustan Aeronautics Ltd. HAL-748-224 Srs. 2,-,-,-,-,-, registration unknown,-,Indian Airlines,Domestic Scheduled Passenger, 557,Mangalore-Bajpe Airport,IXE,VOML,India,Bangalore-Hindustan Airport,BLR,VOBG,India,-,-,0,0,-,-,-
19840810-1,Friday,10-AUG-1984,-,A1, En route (ENR),within Aceh,Indonesia,4,4, Missing, Presumed damaged beyond repair,IRMA/Britten-Norman BN-2A-21 Islander,-,-,1976,-,-, PK-ZAL, 780,Sabang Merauke Raya Air Charter,Domestic Non Scheduled Passenger,-,Banda Aceh-Blang Bintang Airport,BTJ,WITT,Indonesia,-,-,-,-,1,3,1,3,-,-,-
19840811-0,Saturday,11-AUG-1984,01:01,A1, Initial climb (ICL),"near Memphis, TN",United States of America,3,3, Destroyed, Written off (damaged beyond repair),Douglas C-47A-20-DK (DC-3C),2,Pratt & Whitney R-1830-94,1944,-,11247.0, N70003, 12938,Aviation Enterprises,Domestic Non Scheduled Passenger,-,Memphis International Airport,MEM,KMEM,United States of America,Chicago-O'Hare International Airport,ORD,KORD,United States of America,2,1,2,1,-,-,Final
19840812-0,Sunday,12-AUG-1984,-,A1, Landing (LDG),"Nanisivik Airport, NU (YSR)",Canada,-,0, Damaged beyond repair,-,Lockheed 18 Learstar II,-,-,1942,-,-, C-FOZO, 18-2209,Geoterrex,Unknown,-,-,-,-,-,Nanisivik Airport,YSR,CYSR,Canada,-,-,0,0,-,-,-
19840815-0,Wednesday,15-AUG-1984,-,A1, En route (ENR),near Wamena,Indonesia,3,2, Damaged beyond repair,-,Douglas C-47A-10-DK (DC-3),2,Pratt & Whitney R-1830-92,1944,-,-, PK-OBC, 12485,Airfast Indonesia,Unknown,-,-,-,-,-,-,-,-,-,2,1,1,1,-,-,-
19840819-0,Sunday,19-AUG-1984,10:08,A1, En route (ENR),Marchington,United Kingdom,14,11, Destroyed, Written off (damaged beyond repair),Vickers 668 Varsity T.1,2,Bristol Hercules 264,1952,-,6682.0, G-BDFT, 620,Leicester Aircraft Preservation,Demonstration,-,East Midlands Airport,EMA,EGNX,United Kingdom,Liverpool International Airport,LPL,EGGP,United Kingdom,2,12,2,9,-,-,Final
19840819-1,Sunday,19-AUG-1984,07:53,A2, En route (ENR),Aktyubinsk Airport (AKX),Kazakhstan,-,0, Substantial, Repaired,Ilyushin Il-86,-,-,1979,-,-, CCCP-86007, 51483200005,Aeroflot / Moscow,Domestic Scheduled Passenger,-,Tashkent Airport,TAS,UTTT,Uzbekistan,Moskva-Vnukovo Airport,VKO,UUWW,Russia,-,279,0,0,-,-,-
19840824-0,Friday,24-AUG-1984,11:18,A1, En route (ENR),"11 km (6.9 mls) W of San Luis Obispo, CA",United States of America,15,15, Destroyed, Written off (damaged beyond repair),Beechcraft C99 Commuter,2,Pratt & Whitney Canada PT6A-36,1982,-,-, N6399U, U-187,Wings West Airlines,Domestic Scheduled Passenger, 628,San Luis Obispo-County Airport,SBP,KSBP,United States of America,San Francisco International Airport,SFO,KSFO,United States of America,2,13,2,13,2,-,Final
19840824-1,Friday,24-AUG-1984,-,A1, Landing (LDG),Addis Ababa-Bole Airport (ADD),Ethiopia,9,0, Damaged beyond repair,-,Antonov An-12B,4,Ivchenko AI-20M,1966,-,-, LZ-BAD, 6344001,Balkan Bulgarian,Cargo,-,-,-,-,-,Addis Ababa-Bole Airport,ADD,HAAB,Ethiopia,7,2,0,0,-,-,-
19840824-2,Friday,24-AUG-1984,-,H2, En route (ENR),Dubai Airport (DXB),United Arab Emirates,74,0, None,-,Boeing 737-2A8 Advanced,2,Pratt & Whitney JT8D-17,1977,-,-, VT-EFK, 21496/503,Indian Airlines,Domestic Scheduled Passenger,IC421,Delhi-Palam Airport,DEL,VIDP,India,Srinagar Airport,SXR,VISR,India,-,-,0,0,-,-,-
19840827-0,Monday,27-AUG-1984,10:00,C1, En route (ENR),near Jinotega,Nicaragua,8,8, Damaged beyond repair,-,Douglas C-47 (DC-3),-,-,-,-,-, registration unknown,-,Unknown,Military,-,-,-,-,-,-,-,-,-,-,-,-,-,-,-,-
19840828-0,Tuesday,28-AUG-1984,-,A1, Initial climb (ICL),Kinshasa,Democratic Republic of the Congo,-,0, Damaged beyond repair,-,Vickers 757 Viscount,-,-,1958,-,-, 9Q-CPD, 303,Zaire Aero Service,Unknown,-,Kinshasa-N'Djili Airport,FIH,FZAA,Democratic Republic of the Congo,-,-,-,-,-,-,0,0,-,-,-
19840828-1,Tuesday,28-AUG-1984,-,H2, En route (ENR),Baghdad-Saddam International Airport (SDA),Iraq,206,0, None,-,Airbus A300B2-203,2,General Electric CF6-50C2,1980,-,-, EP-IBS, 080,Iran Air,Domestic Scheduled Passenger,-,Shiraz Airport,SYZ,OISS,Iran,Tehran-Mehrabad Airport,THR,OIII,Iran,11,195,0,0,-,-,-
19840830-0,Thursday,30-AUG-1984,-,A1, Taxi (TXI),Douala Airport (DLA),Cameroon,116,2, Damaged beyond repair,-,Boeing 737-2H7C,2,Pratt & Whitney JT8D-15,1977,-,-, TJ-CBD, 21295/484,Cameroon Airlines,Domestic Scheduled Passenger, 786,Douala Airport,DLA,FKKD,Cameroon,Yaoundé-Ville Airport,YAO,FKKY,Cameroon,7,109,0,2,-,-,-
19840830-1,Thursday,30-AUG-1984,-,U1, Unknown (UNK),at an unknown location,Unknown country,-,-, Damaged beyond repair,-,IRMA/Britten-Norman BN-2A-26 Islander,-,-,1969,-,-, S7-AAE, 603,Air Seychelles,Unknown,-,-,-,-,-,-,-,-,-,-,-,-,-,-,-,-
19840904-0,Tuesday,04-SEP-1984,16:18,A1, Landing (LDG),Farnborough Airport (FAB),United Kingdom,3,0, Damaged beyond repair,-,de Havilland Canada DHC-5D Buffalo,2,General Electric CT64-820-4,1980,-,902.0, C-GCTC, 103,de Havilland Canada,Demonstration,-,Farnborough Airport,FAB,EGLF,United Kingdom,Farnborough Airport,FAB,EGLF,United Kingdom,2,1,0,0,-,-,Final
19840906-0,Thursday,06-SEP-1984,-,A1, En route (ENR),Mount Musaka,Papua New Guinea,11,9, Damaged beyond repair,-,IRMA/Britten-Norman BN-2A-20 Islander,-,-,1975,-,-, P2-ISG, 756,Talair,Domestic Scheduled Passenger,-,Tabubil Airport,TBG,AYTB,Papua New Guinea,-,-,-,-,2,9,2,7,-,-,-
19840907-0,Friday,07-SEP-1984,-,A1, Taxi (TXI),Omega Air Force Base (OMG),Namibia,2,0, Damaged beyond repair,-,Fairchild F-27,-,-,1959,-,-, ZS-LPI,  58,Wonderair,Test,-,-,-,-,-,-,-,-,-,2,0,0,0,-,-,-
19840909-0,Sunday,09-SEP-1984,-,H2, En route (ENR),Basra International Airport (BSR),Iraq,123,0, None,-,Boeing 727,-,-,-,-,-, registration unknown,-,Iran Air,Domestic Scheduled Passenger,-,Bandar Abbas Airport,BND,OIKB,Iran,Tehran-Mehrabad Airport,THR,OIII,Iran,9,114,0,0,-,-,-
19840911-0,Tuesday,11-SEP-1984,-,A1, Unknown (UNK),near Bandundu Airport (FDU),Democratic Republic of the Congo,36,30, Damaged beyond repair,-,Handley Page HPR-7 Herald 202,2,Rolls-Royce Dart (series unknown),1962,-,-, 9Q-CAH, 159,MMM Aero Services,Domestic Scheduled Passenger,-,-,-,-,-,Tshikapa Airport,TSH,FZUK,Democratic Republic of the Congo,-,-,-,-,-,-,-
19840912-0,Wednesday,12-SEP-1984,-,H2, En route (ENR),Isfahan-Shahid Beheshti Airport (IFN),Iran,-,0, None,-,Airbus A300B2-203,2,General Electric CF6-50C2,-,-,-, registration unknown,-,Iran Air,Domestic Scheduled Passenger,-,Tehran-Mehrabad Airport,THR,OIII,Iran,Shiraz Airport,SYZ,OISS,Iran,-,-,0,0,-,-,-
19840916-0,Sunday,16-SEP-1984,-,H2, En route (ENR),Baghdad-Saddam International Airport (SDA),Iraq,110,3, None,-,Boeing 737-270,2,Pratt & Whitney JT8D-15,-,-,-, registration unknown,-,Iraqi Airways,International Scheduled Passenger,-,Larnaca Airport,LCA,LCLK,Cyprus,Baghdad-Saddam International Airport,SDA,ORBS,Iraq,-,-,0,3,-,-,-
19840916-1,Sunday,16-SEP-1984,-,A1, Takeoff (TOF),Opole,Poland,26,11, Damaged beyond repair,-,Antonov An-2T,-,-,-,-,-, SP-AMK, 1G168-04,APRL,Domestic Non Scheduled Passenger,-,-,-,-,-,-,-,-,-,-,-,-,-,-,-,-
19840916-2,Sunday,16-SEP-1984,-,A1, En route (ENR),S off Saaremaa Island,Estonia,10,0, Damaged beyond repair,-,Ilyushin Il-14FK,-,-,1958,5904.0,19341.0, CCCP-91611, 148001944,Aeroflot / Leningrad,Survey/research,-,Saint Petersburg-Rzhevka Airport,RVH,ULSS,Russia,Saint Petersburg-Rzhevka Airport,RVH,ULSS,Russia,6,4,0,0,-,-,-
19840917-0,Monday,17-SEP-1984,-,A1, Landing (LDG),Wien-Schwechat International Airport (VIE),Austria,10,0, Damaged beyond repair,-,Swearingen SA226-TC Metro II,-,-,1979,-,-, OE-LSA, TC-315,Austrian Air Services,Scheduled Passenger,-,-,-,-,-,Wien-Schwechat International Airport,VIE,LOWW,Austria,2,8,0,0,-,-,-
19840918-0,Tuesday,18-SEP-1984,-,A1, Landing (LDG),Barranquilla-E Cortissoz Airport (BAQ),Colombia,5,0, Damaged beyond repair,-,Douglas DC-8-54F,4,Pratt & Whitney JT3D-,1966,-,-, HK-2380, 45879/268,LAC Colombia,Cargo,-,-,-,-,-,Barranquilla-Ernesto Cortissoz Airport,BAQ,SKBQ,Colombia,3,2,0,0,-,-,-
19840918-1,Tuesday,18-SEP-1984,11:04,A1, Takeoff (TOF),Quito-Mariscal Sucre Airport (UIO),Ecuador,4,4, Damaged beyond repair,-,Douglas DC-8-55F,4,Pratt & Whitney JT3D-,1965,17003.0,60070.0, HC-BKN, 45754/224,AECA,Cargo,767-103,Quito-Mariscal Sucre Airport,UIO,SEQU,Ecuador,Guayaquil-Simon Bolivar Airport,GYE,SEGU,Ecuador,4,0,4,0,-,49,Final
19840919-1,Wednesday,19-SEP-1984,-,U1, Unknown (UNK),at an unknown location,Angola,-,-, Damaged beyond repair,-,Antonov An-12,-,-,-,-,-, D2-EAD,-,Angolan Government,Unknown,-,-,-,-,-,-,-,-,-,-,-,-,-,-,-,-
19840921-0,Friday,21-SEP-1984,-,C2, Unknown (UNK),Kabul,Afghanistan,-,0, Substantial, Repaired,McDonnell Douglas DC-10-30,-,-,-,-,-, YA-LAS, 47888/291,Ariana Afghan Airlines,Scheduled Passenger,-,-,-,-,-,Kabul Airport,KBL,OAKB,Afghanistan,-,-,0,0,-,-,-
19840922-0,Saturday,22-SEP-1984,-,A1, Landing (LDG),Surin,Thailand,-,-, Damaged beyond repair,-,Douglas C-47A-30-DL (DC-3),2,Pratt & Whitney R-1830-92,1943,-,-, L2-4/90, 9542,Thai AF,Military,-,-,-,-,-,-,-,-,-,-,-,-,-,-,-,Preliminary
19840924-0,Monday,24-SEP-1984,-,C2, En route (ENR),near Zaranj,Afghanistan,-,1, Substantial, Repaired,Antonov An-12,-,-,-,-,-, registration unknown,-,Soviet AF,Military,-,-,-,-,-,-,-,-,-,-,-,1,0,-,-,-
19840926-0,Wednesday,26-SEP-1984,11:55,A1, En route (ENR),"near Orillia Airport, ON",Canada,2,2, Damaged beyond repair,-,Cessna 500 Citation I,2,Pratt & Whitney Canada JT15D-1,1972,-,10996.0, C-GXFZ, 500-0032,Air Niagara,Training, 511,Toronto-Pearson International Airport,YYZ,CYYZ,Canada,Muskoka Airport,YQA,CYQA,Canada,2,0,2,0,-,-,Final
19840930-0,Sunday,30-SEP-1984,-,A1, Unknown (UNK),at an unknown location,Unknown country,-,-, Damaged beyond repair,-,Antonov An-26,-,-,-,-,-, T-212,-,Angolan Government,Military,-,-,-,-,-,-,-,-,-,-,-,-,-,-,-,-
19841001-0,Monday,01-OCT-1984,-,A1, Landing (LDG),West Freugh Airport,United Kingdom,-,0, Damaged beyond repair,-,Armstrong Whitworth AW-660 Argosy C.1,-,-,1961,-,-, XN817, 6746,A & AEE,Military,-,-,-,-,-,-,-,-,-,-,-,0,0,-,-,-
19841004-0,Thursday,04-OCT-1984,23:37,A1, Takeoff (TOF),"Aberdeen Municipal Airport, SD (ABR)",United States of America,3,3, Destroyed, Written off (damaged beyond repair),MBB HFB-320 Hansa Jet,2,General Electric CJ610-1,1967,-,3200.0, N127MW, 1027,McCollum Aviation,Executive,-,Aberdeen Municipal Airport,ABR,KABR,United States of America,Detroit-Willow Run Airport,YIP,KYIP,United States of America,2,1,2,1,-,-,Final
19841004-1,Thursday,04-OCT-1984,-,A1, En route (ENR),near Pavlodar,Kazakhstan,6,0, Substantial, Written off (damaged beyond repair),Antonov An-2T,-,-,-,-,-, CCCP-35434, 113547302,Aeroflot / Kazakstan,Survey/research,-,-,-,-,-,-,-,-,-,3,3,0,0,-,-,-
19841004-2,Thursday,04-OCT-1984,-,A1, Unknown (UNK),"near Sredni Kalar, Chita Region",Russia,-,0, Damaged beyond repair,-,Antonov An-2R,-,-,1964,-,-, CCCP-55763, 1G50-16,Aeroflot / East Siberia,Unknown,-,-,-,-,-,-,-,-,-,-,-,0,0,-,-,-
19841006-0,Saturday,06-OCT-1984,-,A1, Initial climb (ICL),off Skiathos Airport (JSI),Greece,10,0, Damaged beyond repair,-,Cessna 500 Citation I,-,-,-,-,-, OE-FAP, 500-0300,Grondmet Handels,Executive,-,Skiathos Airport,JSI,LGSK,Greece,-,-,-,-,2,8,0,0,-,-,-
19841008-0,Monday,08-OCT-1984,19:49,A1, Initial climb (ICL),"San Francisco International Airport, CA (SFO)",United States of America,3,3, Destroyed, Written off (damaged beyond repair),Learjet 24B,2,General Electric CJ610-6,-,-,25515.0, N864CL, 24-229,Clay Lacy Aviation,Ferry/positioning,-,San Francisco International Airport,SFO,KSFO,United States of America,Los Angeles-Van Nuys Airport,VNY,KVNY,United States of America,2,1,2,1,-,-,Final
19841009-0,Tuesday,09-OCT-1984,17:30,A1, Approach (APR),"Fort Franklin, NT",Canada,7,7, Damaged beyond repair,-,de Havilland Canada DHC-6 Twin Otter 100,2,Pratt & Whitney Canada PT6A-20,1968,-,23645.0, C-FPPL, 115,Nahanni Air Services,Domestic Scheduled Passenger,  97,Tulita Airport,ZFN,CZFN,Canada,Fort Franklin Airport,YWJ,CYWJ,Canada,1,6,1,6,-,-,Final
19841011-0,Thursday,11-OCT-1984,05:39,A1, Landing (LDG),Omsk Airport (OMS),Russia,179,174, Destroyed, Written off (damaged beyond repair),Tupolev Tu-154B-1,3,Kuznetsov NK-8-2U,1977,-,-, CCCP-85243, 77A243,Aeroflot / East Siberia,Domestic Scheduled Passenger,SU3352,Krasnodar Airport,KRR,URKK,Russia,Omsk Airport,OMS,UNOO,Russia,9,170,5,169,-,4,-
19841011-1,Thursday,11-OCT-1984,17:37,A1, Approach (APR),"ca 46 km SE of Goose Bay Airport, NL (YYR)",Canada,4,4, Destroyed, Written off (damaged beyond repair),de Havilland Canada DHC-6 Twin Otter 100,2,Pratt & Whitney Canada PT6A-20,1967,-,17585.0, C-FAUS,  34,Labrador Airways,Ambulance,-,St. Anthony Airport,YAY,CYAY,Canada,Goose Bay Airport,YYR,CYYR,Canada,2,2,2,2,-,-,Final
19841011-2,Thursday,11-OCT-1984,11:30,A1, Unknown (UNK),Horcajo de los Montes,Spain,9,0, Damaged beyond repair,-,de Havilland Canada C-7A Caribou (DHC-4),-,-,-,-,-, T.9-15,  19,Spanish AF,Military,-,-,-,-,-,-,-,-,-,-,-,0,0,-,-,-
19841013-0,Saturday,13-OCT-1984,08:03,A1, Maneuvering (MNV),"Port Isabel, TX",United States of America,9,7, Destroyed, Written off (damaged beyond repair),Consolidated PBY-6A Catalina,2,Pratt & Whitney R-1830-92,-,-,6457.0, N16KL, 63998,Confederate Air Force,"Aerial Work (Calibration, Photo)",-,Harlingen-Valley International Airport,HRL,KHRL,United States of America,Harlingen-Valley International Airport,HRL,KHRL,United States of America,2,7,1,6,-,-,Final
19841015-0,Monday,15-OCT-1984,-,C1, Standing (STD),Khost Airport (KHT),Afghanistan,8,1, Damaged beyond repair,-,Antonov An-12BP,4,Ivchenko AI-20M,-,-,-, CCCP-11405,-,Soviet AF,Military,-,Kabul Airport,KBL,OAKB,Afghanistan,Khost Airport,KHT,OAKS,Afghanistan,8,0,1,0,-,-,-
19841022-0,Monday,22-OCT-1984,-,A1, Approach (APR),near La Paz-El Alto Airport (LPB),Bolivia,-,0, Damaged beyond repair,-,Convair CV-440-12,-,-,1956,-,-, TAM-46, 373,TAM,Cargo,-,-,-,-,-,La Paz-El Alto Airport,LPB,SLLP,Bolivia,-,0,0,0,-,-,-
19841023-1,Tuesday,23-OCT-1984,03:07,A1, En route (ENR),"360 km (225 mls) ESE off  Sable Island, NL, Canada",Atlantic Ocean,2,1, Damaged beyond repair,-,de Havilland Canada DHC-4A Caribou,2,Pratt & Whitney R-2000-7M2,1964,-,-, N5488R, 216,NewCal Aviation,Ferry/positioning,-,Santa Maria-Vila do Porto Airport,SMA,LPAZ,Portugal,St. John's Airport,YYT,CYYT,Canada,2,0,1,0,-,-,Final
19841026-0,Friday,26-OCT-1984,18:36,A2, Landing (LDG),"El Paso International Airport, TX (ELP)",United States of America,2,0, Substantial, Repaired,Douglas DC-3C,2,Pratt & Whitney R-1830-90C,1946,-,-, N3433U, 43087,Atorie Air,Training,-,El Paso International Airport,ELP,KELP,United States of America,El Paso International Airport,ELP,KELP,United States of America,2,0,0,0,-,-,Final
19841027-0,Saturday,27-OCT-1984,-,C1, Approach (APR),20 km (12.5 mls) SE of Kabul,Afghanistan,11,11, Damaged beyond repair,-,Ilyushin Il-76M,-,-,1978,-,-, CCCP-86739, 083412354 ?,Soviet AF,Military,-,Tashkent Airport,TAS,UTTT,Uzbekistan,Kabul Airport,KBL,OAKB,Afghanistan,7,4,7,4,-,-,Preliminary
19841031-0,Wednesday,31-OCT-1984,-,A1, En route (ENR),off Davao,Philippines,4,4, Missing, Presumed damaged beyond repair,Douglas C-47B-1-DL (DC-3),2,Pratt & Whitney R-1830-90C,1944,-,-, RP-C138, 20811,Village Airways,Cargo,-,Davao-Mati Airport,DVO,RPMD,Philippines,Manila International Airport,MNL,RPLL,Philippines,4,0,4,0,-,-,-
19841102-0,Friday,02-NOV-1984,-,A1, Landing (LDG),Giebelstadt AAF (GHF),Germany,-,0, Damaged beyond repair,-,Lockheed C-130E Hercules,4,Allison T56-A-7,1969,-,-, 68-10946, 4326,USAF,Military,-,-,-,-,-,Giebelstadt AAF,GHF,ETEU,Germany,-,-,0,0,-,-,-
19841103-0,Saturday,03-NOV-1984,-,A1, Approach (APR),Tete-Matundo Airport (TET),Mozambique,8,0, Damaged beyond repair,-,IRMA/Pilatus Britten-Norman BN-2T Islander,2,Allison 250-B17C,1984,-,-, C9-TAI, 2122,TTA,Passenger,-,-,-,-,-,Tete-Matundo Airport,TET,FQTT,Mozambique,1,7,0,0,-,-,-
19841105-0,Monday,05-NOV-1984,-,H2, En route (ENR),Tehran-Mehrabad Airport (THR),Iran,131,0, None,-,Lockheed L-1011 TriStar,-,-,-,-,-, registration unknown,-,Saudi Arabian,Domestic Scheduled Passenger,-,Jeddah-King Abdulaziz International Airport,JED,OEJN,Saudi Arabia,Riyadh-King Khalid International Airport,RUH,OERK,Saudi Arabia,14,117,0,0,-,-,-
19841110-1,Saturday,10-NOV-1984,19:06,A1, Approach (APR),3 km (1.9 mls) W off  Saint Thomas-Cyril E. King Airport (STT),U.S. Virgin Islands,4,2, Destroyed, Written off (damaged beyond repair),Learjet 24F,2,General Electric CJ610-6,-,-,2643.0, N81MC, 24-344,Macton Corp.,Executive,-,Fort Lauderdale International Airport,FLL,KFLL,United States of America,Saint Thomas-Cyril E. King Airport,STT,TIST,U.S. Virgin Islands,2,2,1,1,-,-,Final
19841111-0,Sunday,11-NOV-1984,-,A1, Unknown (UNK),near Tanger,Morocco,-,-, Damaged beyond repair,-,Douglas C-47A-15-DK (DC-3),2,Pratt & Whitney R-1830-92,1944,-,-, F-BYCU, 12720,Stellair,Unknown,-,-,-,-,-,-,-,-,-,-,-,-,-,-,-,-
19841119-0,Monday,19-NOV-1984,20:59,A1, En route (ENR),ca 9 km S of Inverness Airport (INV),United Kingdom,1,1, Damaged beyond repair,-,Embraer EMB-110P1 Bandeirante,2,Pratt & Whitney Canada PT6A-34,1980,-,-, G-HGGS, 110294,Euroair,Cargo,-,Inverness Airport,INV,EGPE,United Kingdom,Edinburgh-Turnhouse Airport,EDI,EGPH,United Kingdom,1,0,1,0,-,-,Final
19841120-1,Tuesday,20-NOV-1984,-,A1, En route (ENR),between Loja and Zumba,Ecuador,14,14, Damaged beyond repair,-,de Havilland Canada DHC-6 Twin Otter 300,2,Pratt & Whitney Canada PT6A-27,1975,-,-, HC-BCG, 446,TAME Ecuador,Passenger,-,Loja Airport,LOH,SELO,Ecuador,-,-,-,-,2,12,2,12,-,-,-
19841122-0,Thursday,22-NOV-1984,-,A1, Unknown (UNK),Salinas,Mexico,-,0, Damaged beyond repair,-,Douglas C-47A-20-DK (DC-3),2,Pratt & Whitney R-1830-92,1944,-,-, N2204S, 12798,Factury Buying Corp.,Unknown,-,-,-,-,-,-,-,-,-,-,-,0,0,-,-,-
19841123-0,Friday,23-NOV-1984,-,A1, En route (ENR),Castres,France,6,6, Damaged beyond repair,-,Transall C-160F,-,-,1972,-,-, F-156/61-ZV, F-156,French AF,Military,-,-,-,-,-,-,-,-,-,6,0,6,0,7,-,-
19841123-1,Friday,23-NOV-1984,-,A1, En route (ENR),Castres,France,7,7, Damaged beyond repair,-,Transall C-160NG,-,-,-,-,-, F-209/64-GI, F-209,French AF,Military,-,-,-,-,-,-,-,-,-,7,0,7,0,6,-,-
19841124-0,Saturday,24-NOV-1984,-,H2, En route (ENR),Addis Ababa-Bole Airport (ADD),Ethiopia,108,0, None,-,Boeing 707-338C,-,-,-,-,-, registration unknown,-,Somali Airlines,International Scheduled Passenger, 415,Mogadishu International Airport,MGQ,HCMM,Somalia,Jeddah-King Abdulaziz International Airport,JED,OEJN,Saudi Arabia,-,-,0,0,-,-,-
19841124-1,Saturday,24-NOV-1984,-,A1, Unknown (UNK),"Calgary, AB",Canada,-,-, Damaged beyond repair,-,Beechcraft A100 King Air,-,-,1972,-,-, C-GVCE, B-135,Business Flights,Unknown,-,-,-,-,-,-,-,-,-,-,-,-,-,-,-,-
19841125-0,Sunday,25-NOV-1984,12:48,A1, Takeoff (TOF),"1 km (0.6 mls) from  Wilton Airport, NSW",Australia,13,0, Damaged beyond repair,-,Britten-Norman BN-2A-21 Islander,-,-,1973,-,-, VH-ISI, 329,Snowy Mountains Hydro,Parachuting,-,-,-,-,-,-,-,-,-,1,12,0,0,-,-,Final
19841129-4,Thursday,29-NOV-1984,-,H2, En route (ENR),"Atlanta-William B. Hartsfield International Airport, GA (ATL)",United States of America,13,0, None,-,British Aerospace 3101 Jetstream 31,-,-,-,-,-, registration unknown,-,Eastern Metro,Domestic Scheduled Passenger,1962,Augusta-Bush Field,AGS,KAGS,United States of America,Atlanta-William B. Hartsfield International Airport,ATL,KATL,United States of America,3,10,0,0,-,-,-
19841201-0,Saturday,01-DEC-1984,-,O1, Landing (LDG),"Edwards AFB, CA (EDW)",United States of America,0,0, Damaged beyond repair,-,Boeing 720-027,-,-,1961,-,-, N833NA, 18066/208,NASA,Test,-,Edwards AFB,EDW,KEDW,United States of America,Edwards AFB,EDW,KEDW,United States of America,0,0,0,0,-,-,-
19841204-0,Tuesday,04-DEC-1984,-,A1, En route (ENR),30 km (18.8 mls) SE of Kostroma Airport (KMW),Russia,17,17, Destroyed, Written off (damaged beyond repair),Let L-410MA,2,Walter M-601A,1977,-,-, CCCP-67225, 770706,Aeroflot / Central Region,Domestic Scheduled Passenger,-,Kostroma Airport,KMW,UUBA,Russia,Ivanovo Airport,IWA,UUBI,Russia,2,15,2,15,-,-,-
19841204-1,Tuesday,04-DEC-1984,-,H2, En route (ENR),Tehran-Mehrabad Airport (THR),Iran,161,2, None,-,Airbus A300C4-620,2,Pratt & Whitney JT9D-7R4H1,1984,-,-, 9K-AHG, 332,Kuwait Airways,International Scheduled Passenger,-,Dubai Airport,DXB,OMDB,United Arab Emirates,Karachi International Airport,KHI,OPKC,Pakistan,8,153,0,2,-,-,-
19841206-0,Thursday,06-DEC-1984,18:14,A1, Initial climb (ICL),"2,4 km (1.5 mls) NW of Jacksonville International Airport, FL (JAX)",United States of America,13,13, Destroyed, Written off (damaged beyond repair),Embraer EMB-110P1 Bandeirante,2,Pratt & Whitney Canada PT6A-34,1981,7858.0,5662.0, N96PB, 110365,PBA,Domestic Scheduled Passenger,1039,Jacksonville International Airport,JAX,KJAX,United States of America,Tampa International Airport,TPA,KTPA,United States of America,2,11,2,11,-,-,Final
19841209-0,Sunday,09-DEC-1984,-,O1, Standing (STD),Ati Airport (ATV),Chad,-,0, Damaged beyond repair,-,IRMA/Britten-Norman BN-2A-9 Islander,-,-,1975,-,-, F-ODSF, 740,Aviation Sans Frontières,-,-,-,-,-,-,-,-,-,-,-,-,0,0,-,-,-
19841212-0,Wednesday,12-DEC-1984,-,O1, Standing (STD),Zomba Air Base,Malawi,0,0, Damaged beyond repair,-,Dornier Do 128-2 Skyservant,-,-,-,-,-, MAAW-01, 4339,Malawi Army Air Wing,Military,-,-,-,-,-,-,-,-,-,0,0,0,0,-,-,-
19841216-0,Sunday,16-DEC-1984,12:30,A1, Landing (LDG),"Jasper-Walker County Airport, AL (JFX)",United States of America,39,0, Destroyed, Written off (damaged beyond repair),Convair CV-440-62,2,Pratt & Whitney R-2800-CB16,1958,-,-, N44828, 468,Air Resorts Airlines,Domestic Non Scheduled Passenger, 953,Birmingham Airport,BHM,KBHM,United States of America,Oxford-University Airport,UOX,KUOX,United States of America,5,34,0,0,-,-,Final
19841218-0,Tuesday,18-DEC-1984,-,A1, Takeoff (TOF),Songkhla Airport (SGZ),Thailand,-,0, Damaged beyond repair,-,Douglas C-47 (DC-3),-,-,-,-,-, registration unknown,-,Thai Navy,Military,-,Songkhla Airport,SGZ,VTSH,Thailand,-,-,-,-,-,-,0,0,-,-,Preliminary
19841218-1,Tuesday,18-DEC-1984,-,A1, Takeoff (TOF),Verkhne Imbatskoye Airport,Russia,-,0, Damaged beyond repair,-,Antonov An-2,-,-,1976,-,-, CCCP-07861, 1G170-20,Aeroflot / Krasnoyarsk,Unknown,-,-,-,-,-,-,-,-,-,-,-,0,0,-,-,-
19841219-0,Wednesday,19-DEC-1984,11:08,A1, En route (ENR),"West Seattle, WA",United States of America,3,0, Substantial, Written off (damaged beyond repair),de Havilland Canada DHC-3T Cox Turbine Otter,1,Pratt & Whitney Canada PT6A-135,1964,-,7445.0, N4247A, 421,Cox Aircraft Corp.,Test,-,Seattle-Boeing Field International Airport,BFI,KBFI,United States of America,Seattle-Boeing Field International Airport,BFI,KBFI,United States of America,1,2,0,0,-,-,Final
19841219-1,Wednesday,19-DEC-1984,13:57,A1, En route (ENR),near Jaen,Peru,21,21, Damaged beyond repair,-,de Havilland Canada DHC-6 Twin Otter 300,2,Pratt & Whitney Canada PT6A-27,1971,-,-, FAP-307, 317,Peruvian AF,Domestic Non Scheduled Passenger,-,-,-,-,-,-,-,-,-,3,18,3,18,-,-,-
19841220-0,Thursday,20-DEC-1984,17:20,A1, En route (ENR),near Kerege,Tanzania,3,3, Damaged beyond repair,-,de Havilland Canada DHC-6 Twin Otter 300,2,Pratt & Whitney Canada PT6A-27,1978,-,-, 5H-MRD, 581,Air Tanzania,Training,-,Dar es Salaam International Airport,DAR,HTDA,Tanzania,Dar es Salaam International Airport,DAR,HTDA,Tanzania,3,0,3,0,-,-,-
19841220-1,Thursday,20-DEC-1984,16:38,A1, Takeoff (TOF),"Waco Municipal Airport, TX (ACT)",United States of America,3,1, Destroyed, Written off (damaged beyond repair),Learjet 35,2,Garrett TFE731-2-2B,1975,-,5276.0, N95TC, 35-020,Jet East,Training,-,Waco Municipal Airport,ACT,KACT,United States of America,Dallas-Love Field,DAL,KDAL,United States of America,1,2,1,0,-,-,Final
19841222-0,Saturday,22-DEC-1984,-,A1, En route (ENR),near Bhojpur,Nepal,23,15, Damaged beyond repair,-,de Havilland Canada DHC-6 Twin Otter 300,2,Pratt & Whitney Canada PT6A-27,1973,-,-, 9N-ABH, 376,Royal Nepal Airlines,Domestic Scheduled Passenger,-,Tumling Tar Airport,TMI,VNTR,Nepal,Kathmandu-Tribhuvan Airport,KTM,VNKT,Nepal,3,20,3,12,-,-,-
19841223-1,Sunday,23-DEC-1984,14:15,A1, En route (ENR),Krasnoyarsk Airport (KJA),Russia,111,110, Destroyed, Written off (damaged beyond repair),Tupolev Tu-154B-2,3,Kuznetsov NK-8-2U,1979,-,-, CCCP-85338, 79A338,Aeroflot / Krasnoyarsk,Domestic Scheduled Passenger,-,Krasnoyarsk Airport,KJA,UNKL,Russia,Irkutsk Airport,IKT,UIII,Russia,7,104,7,103,-,-,-
19841229-0,Saturday,29-DEC-1984,-,A1, Standing (STD),Cafunfo Airport (CFF),Angola,20,0, Damaged beyond repair,-,Lockheed L-100-30 Hercules,4,Allison 501-D22A,1965,-,-, N24ST, 4101,Transamerica Airlines,Unknown,-,-,-,-,-,-,-,-,-,-,-,0,0,-,-,-
19841229-1,Saturday,29-DEC-1984,-,A1, En route (ENR),76 km (47.5 mls) from  Astrakhan,Russia,-,0, Damaged beyond repair,-,Let L-410UVP,-,-,1980,-,-, CCCP-67140, 800406,Aeroflot / North Kavkaz,Unknown,-,-,-,-,-,-,-,-,-,-,-,0,0,-,-,-
19841230-0,Sunday,30-DEC-1984,-,A1, Landing (LDG),Denpasar Bali-Ngurah Rai Airport (DPS),Indonesia,75,0, Damaged beyond repair,-,McDonnell Douglas DC-9-32,2,Pratt & Whitney JT8D-9,1974,-,-, PK-GNI, 47636/758,Garuda,Domestic Scheduled Passenger,-,Yogyakarta-Adisutjipto Airport,JOG,WARJ,Indonesia,Denpasar-Ngurah Rai Bali International Airport,DPS,WADD,Indonesia,6,69,0,0,-,-,-
19841231-0,Monday,31-DEC-1984,-,H2, En route (ENR),Havana-José Martí International Airport (HAV),Cuba,198,0, None,-,McDonnell Douglas DC-10,-,-,-,-,-, registration unknown,-,American Airlines,Domestic Scheduled Passenger,AA626,Saint Croix-Alexander Hamilton Airport,STX,TISX,U.S. Virgin Islands,New York-John F. Kennedy International Airport,JFK,KJFK,United States of America,13,185,0,0,-,-,-
19849999-0,-,xx-xxx-1984,-,A1, Unknown (UNK),at an unknown location,Unknown country,-,-, Damaged beyond repair,-,Douglas C-47D (DC-3),-,-,1944,-,-, CP-1417, 26804/15359,Aerolineas La Paz,Unknown,-,-,-,-,-,-,-,-,-,-,-,-,-,-,-,-
19849999-1,-,xx-xxx-1984,-,U1, Unknown (UNK),at an unknown location,Bahamas,-,-, Damaged beyond repair,-,Douglas DC-6A/B,-,-,1957,-,-, HP-1018, 45131/797,Unknown,Unknown,-,-,-,-,-,-,-,-,-,-,-,-,-,-,-,-
19849999-2,-,xx-xxx-1984,-,O1, Standing (STD),Minsk-1 International Airport (MHP),Belarus,0,0, Damaged beyond repair,-,Tupolev Tu-134A,-,-,1978,-,-, CCCP-65095, 60256,Aeroflot / Belarus,-,-,-,-,-,-,-,-,-,-,0,0,0,0,-,-,-
19849999-3,-,xx-xxx-1984,-,A1, Unknown (UNK),at an unknown location,Mali,-,-, Damaged beyond repair,-,Dornier Do 28D-1 Skyservant,-,-,1968,-,-, F-GCGT, 4014,Hémet Exploration,Survey/research,-,-,-,-,-,-,-,-,-,-,-,-,-,-,-,-
19849999-6,-,xx-xxx-1984,-,U1, Unknown (UNK),Concepción Airport (CIO),Paraguay,-,-, Damaged beyond repair,-,Douglas C-47D (DC-3),-,-,1944,-,-, 2019, 26610/15165,Paraguay AF,Military,-,-,-,-,-,-,-,-,-,-,-,-,-,-,-,-
