identifiant,week_day,date,time,type_event,phase,location,country,total_occupants,total_fatalities,aircraft_damage,aircraft_fate,type_aircraft,number_engines,type_engines,first_flight,cycles,total_airframe_hours,registration,c_n_msn,operator,nature,flight_number,departure_airport_name,departure_airport_IATA,departure_airport_ICAO,departure_airport_country,destination_airport_name,destination_airport_IATA,destination_airport_ICAO,destination_airport_country,crew_number,passengers_number,crew_fatalities,passengers_fatalities,collision_casualties,ground_casualties,status
20021209-0,Monday,09-DEC-2002,11:40,A1, En route (ENR),"14,5 km (9.1 mls) N of Mena, AR",United States of America,3,3, Destroyed, Written off (damaged beyond repair),Beechcraft 1900C,2,Pratt & Whitney Canada PT6A-65B,1990,-,12473.0, N127YV, UC-127,Raytheon,Ferry/positioning,-,Wichita-Mid-Continent Airport,ICT,KICT,United States of America,-,-,-,-,1,2,1,2,-,-,Final
20021212-0,Thursday,12-DEC-2002,13:09,A2, En route (ENR),near Birmingham,United Kingdom,41,0, None,-,British Aerospace BAe-146-200,4,Lycoming ALF502R-5,1989,-,-, G-JEAX, E2136,Flybe,Domestic Scheduled Passenger, 046,Birmingham International Airport,BHX,EGBB,United Kingdom,Belfast City Airport,BHD,EGAC,United Kingdom,5,36,0,0,-,-,Final
20021213-0,Friday,13-DEC-2002,17:43,A1, Landing (LDG),Singapore-Changi Airport (SIN),Singapore,4,0, Damaged beyond repair,-,McDonnell Douglas DC-8-62F,4,Pratt & Whitney JT3D-7 (HK3),1967,29900.0,73500.0, N1804, 45896/303,Fine Air,Cargo,-,Tokyo-Yokota AFB,OKO,RJTY,Japan,Singapore-Changi International Airport,SIN,WSSS,Singapore,3,1,0,0,-,-,Final
20021213-1,Friday,13-DEC-2002,-,A1, En route (ENR),near TepTep,Papua New Guinea,8,8, Damaged beyond repair,-,Britten-Norman BN-2A-26 Islander,2,Lycoming O-540-E4C5,1969,-,-, P2-CBB, 140,Island Airways,Domestic Scheduled Passenger,-,-,-,-,-,Madang Airport,MAG,AYMD,Papua New Guinea,-,-,-,-,-,-,-
20021216-0,Monday,16-DEC-2002,19:07,A1, Landing (LDG),"Seattle-Boeing Field International Airport, WA (BFI)",United States of America,3,0, Damaged beyond repair,-,Hawker Siddeley HS-125-1A-731,-,-,1964,-,-, N55RF, 25020,National Aircraft Leasing,Executive,-,Sacramento-Mather Airport,MHR,KMHR,United States of America,Seattle-Boeing Field International Airport,BFI,KBFI,United States of America,2,1,0,0,-,-,Final
20021217-0,Tuesday,17-DEC-2002,-,A1, Approach (APR),near Zamboanga,Philippines,13,0, Damaged beyond repair,-,GAF Nomad N.22B,-,-,1977,-,-, N22B-53, 53,Philippine AF,Military,-,-,-,-,-,Zamboanga-Andrews AFB,ZAM,RPMZ,Philippines,-,-,0,0,-,-,Preliminary
20021217-1,Tuesday,17-DEC-2002,22:51,A1, Approach (APR),"3,4 km (2.1 mls) SW of Rockford-Greater Rockford Airport, IL (RFD)",United States of America,1,1, Destroyed, Written off (damaged beyond repair),Cessna 208B Super Cargomaster,1,Pratt & Whitney Canada PT6A-114,1988,-,10120.0, N277PM, 208B0143,Planemasters,Cargo,1627,Decatur Airport,DEC,KDEC,United States of America,Rockford-Greater Rockford Airport,RFD,KRFD,United States of America,1,0,1,0,-,-,Final
20021221-0,Saturday,21-DEC-2002,01:52,A1, En route (ENR),"17 km (10.6 mls) SW off  Makung City, Penghu Islands",Taiwan,2,2, Destroyed, Written off (damaged beyond repair),ATR 72-202,2,Pratt & Whitney Canada PW124B,1992,25529.0,19254.0, B-22708, 322,TransAsia Airways,Cargo,GE791,Taipei-Chiang Kai Shek International Airport,TPE,RCTP,Taiwan,Macau Airport,MFM,VMMC,Macau,2,0,2,0,-,-,Final
20021223-0,Monday,23-DEC-2002,19:29,A1, En route (ENR),near Baghrabad,Iran,44,44, Damaged beyond repair,-,Antonov An-140,2,Klimov TV3-117VMA-SBM1,2002,-,70.0, UR-14003, 36525302011,Aeromist Kharkiv,Int'l Non Scheduled Passenger,2137,Trabzon Airport,TZX,LTCG,Turkey,Isfahan-Shahid Beheshti Airport,IFN,OIFM,Iran,6,38,6,38,-,-,Preliminary
20021224-0,Tuesday,24-DEC-2002,07:45,A1, Initial climb (ICL),Aberdeen-Dyce Airport (ABZ),United Kingdom,2,0, Damaged beyond repair,-,Swearingen SA227-AC Metro III,2,Garrett TPE331-11U-611G,1984,-,-, OY-BPH, AC-580B,North Flying,Ferry/positioning, 924,Aberdeen-Dyce Airport,ABZ,EGPD,United Kingdom,Aalborg Airport,AAL,EKYT,Denmark,2,0,0,0,-,-,Final
20021225-0,Wednesday,25-DEC-2002,01:00,A1, Approach (APR),"2,4 km (1.5 mls) W off  Manteo-Dare County Regional Airport, NC (MEO)",United States of America,1,1, Substantial, Written off (damaged beyond repair),Cessna 208B Super Cargomaster,1,Pratt & Whitney Canada PT6A-114A,1994,-,5229.0, N1122Y, 208B0392,Telford Aviation,Ferry/positioning,-,Elizabeth City Airport,ECG,KECG,United States of America,Manteo-Dare County Regional Airport,MEO,KMQI,United States of America,1,0,1,0,-,-,Final
20021225-1,Wednesday,25-DEC-2002,-,O2, Standing (STD),"Lexington-Blue Grass Airport, KY (LEX)",United States of America,0,0, Substantial, Repaired,Boeing 727-173C,3,Pratt & Whitney JT8D-7B (HK3),1967,-,-, N704A, 19504/427,Express.net,-,-,-,-,-,-,-,-,-,-,0,0,0,0,-,-,- (No safety board investigation)
20021226-0,Thursday,26-DEC-2002,11:20,A1, Approach (APR),"3,6 km (2.3 mls) from  Curitiba-Afonso Pena Airport, PR (CWB)",Brazil,16,3, Damaged beyond repair,-,Embraer C-95A Bandeirante (EMB-110K1),-,-,1978,-,-, 2292, 110174,Brazilian AF,Military,-,-,-,-,-,Florianópolis Air Force Base,FLN,SBFL,Brazil,3,13,1,2,-,-,-
20021226-1,Thursday,26-DEC-2002,11:45,A2, En route (ENR),24 km (15 mls) NW of Windhoek,Namibia,46,0, Minor, Repaired,Boeing 737-2M2,2,Pratt & Whitney JT8D-17,1979,-,-, D2-TBD, 21723/567,TAAG,International Scheduled Passenger,-,Windhoek-Hosea Kutako International Airport,WDH,FYWE,Namibia,Lubango Airport,SDD,FNUB,Angola,-,-,0,0,-,-,Preliminary
20021227-0,Friday,27-DEC-2002,12:15,A1, Approach (APR),near Anjouan,Comoros,16,1, Damaged beyond repair,-,Let L-410UVP,2,Walter M-601D,1981,-,-, 9XR-RB, 810636,Ocean Airlines,Domestic Scheduled Passenger,-,-,-,-,-,Anjouan-Ouani Airport,AJN,FMCV,Comoros,3,13,0,1,-,-,Final
20021227-1,Friday,27-DEC-2002,18:00,A2, Approach (APR),off San Pedro Airport (SPR),Belize,14,0, Substantial, Repaired,Cessna 208B Grand Caravan,1,Pratt & Whitney Canada PT6A-114A,2002,-,-, V3-HGH, 208B0930,Tropic Air,Domestic Scheduled Passenger,-,Belize City-Philip S.W. Goldson International Airport,BZE,MZBZ,Belize,San Pedro Airport,SPR,MZSP,Belize,1,13,0,0,-,-,Preliminary - official
20021227-2,Friday,27-DEC-2002,-,A1, Landing (LDG),Ust-Kuiga,Russia,6,0, Damaged beyond repair,-,Antonov An-26B,-,-,1981,9649.0,17609.0, RA-26053, 10909,IrAero,Cargo,-,Yakutsk Airport,YKS,UEEE,Russia,-,-,-,-,5,1,0,0,-,-,Preliminary
20021228-0,Saturday,28-DEC-2002,12:30,A2, En route (ENR),"56 km (35 mls) E of Nikolai, AK",United States of America,2,0, Substantial, Repaired,de Havilland Canada DHC-3 Otter,1,Pratt & Whitney R-1340-59,1954,-,16437.0, N3904,  54,Grasshopper,Ferry/positioning,-,Nikolai Airport,NIB,PAFS,United States of America,Wasilla Airport,WWA,PAWS,United States of America,1,1,0,0,-,-,Final
20021229-0,Sunday,29-DEC-2002,16:06,A1, En route (ENR),at an unknown location,Panama,1,1, Missing, Presumed damaged beyond repair,IRMA/Britten-Norman BN-2A-7 Islander,2,Lycoming O-540-E4C5,1970,-,-, HP-1016PS, 628,PARSA,Ferry/positioning,-,Bocas Del Toro Airport,BOC,MPBO,Panama,Panama City Albrook-Marcos A. Gelabert International Airport,BLB,MPLB,Panama,1,0,1,0,-,-,-
20029999-0,-,xx-xxx-2002,-,A1, Landing (LDG),Freetown-Hastings Airport (HGS),Sierra Leone,16,0, Damaged beyond repair,-,Embraer EMB-110P1 Bandeirante,2,Pratt & Whitney Canada PT6A-34,1982,-,-, 9L-LBR, 110411,Inter Tropic Airlines,Domestic Scheduled Passenger,-,Freetown-Lungi International Airport,FNA,GFLL,Sierra Leone,Freetown-Hastings Airport,HGS,GFHA,Sierra Leone,-,-,0,0,-,-,-
20029999-2,-,xx-xxx-2002,-,U1, Unknown (UNK),Tezpur Air Base (TEZ),India,-,-, Damaged beyond repair,-,Antonov An-32,-,-,-,-,-, K2746, 0903,Indian AF,Military,-,-,-,-,-,-,-,-,-,-,-,-,-,-,-,-
20029999-4,-,xx-xxx-2002,-,A1, Unknown (UNK),Nzagi Airport (NZA),Angola,-,-, Damaged beyond repair,-,Antonov An-12A,-,-,-,-,-, D2-FBV, 2340604,Unknown,Unknown,-,-,-,-,-,-,-,-,-,-,-,-,-,-,-,-
20020104-0,Friday,04-JAN-2002,12:07,A1, Takeoff (TOF),Birmingham International Airport (BHX),United Kingdom,5,5, Damaged beyond repair,-,Canadair CL-600-2B16 Challenger 604,2,General Electric CF34-3B,1999,797.0,1594.0, N90AG, 5414,Epps Air Service,Executive,-,Birmingham International Airport,BHX,EGBB,United Kingdom,Bangor International Airport,BGR,KBGR,United States of America,2,3,2,3,-,-,Final
20020108-0,Tuesday,08-JAN-2002,-,A1, Unknown (UNK),Saint Petersburg-Pulkovo Airport (LED),Russia,-,0, Damaged beyond repair,-,Tupolev Tu-134A-3,-,-,1976,-,-, RA-65004, 44060,Pulkovo,Unknown,-,-,-,-,-,-,-,-,-,-,-,0,0,-,-,-
20020109-0,Wednesday,09-JAN-2002,-,A1, Approach (APR),near Shamsi,Pakistan,7,7, Destroyed, Written off (damaged beyond repair),Lockheed KC-130R Hercules,-,-,1976,-,-, 160021, 4702,USMC,Military,-,Jacobabad Airport,JAG,OPJA,Pakistan,-,-,-,-,7,0,7,0,-,-,-
20020112-0,Saturday,12-JAN-2002,20:40,A2, En route (ENR),near Cartagena,Colombia,51,0, Substantial, Repaired,ATR 42-512,2,Pratt & Whitney Canada PW127E,1995,-,11225.0, VP-BVE, 510,ACES,Domestic Scheduled Passenger,-,Cartagena-Rafael Núñez Airport,CTG,SKCG,Colombia,Bucaramanga-Palo Negro Airport,BGA,SKBG,Colombia,4,47,0,0,-,-,Final
20020114-0,Monday,14-JAN-2002,07:28,A1, En route (ENR),2 km (1.3 mls) SE of Zaldívar,Spain,3,3, Damaged beyond repair,-,Embraer EMB-120RT Brasilia,2,Pratt & Whitney Canada PW118,1986,29468.0,23578.0, EC-GTJ, 120024,Ibertrans Aérea,Cargo,1278,Madrid-Barajas Airport,MAD,LEMD,Spain,Bilbao Airport,BIO,LEBB,Spain,2,1,2,1,-,-,Final
20020114-1,Monday,14-JAN-2002,10:15,A1, Takeoff (TOF),Pekanbaru-Sultan Syarif Kasim II Airport (PKU),Indonesia,103,0, Damaged beyond repair,-,Boeing 737-291,2,Pratt & Whitney JT8D-9A (HK3),1969,66998.0,68133.0, PK-LID, 20363/218,Lion Air,Domestic Scheduled Passenger, 386,Pekanbaru-Sultan Syarif Kasim II Airport,PKU,WIBB,Indonesia,Batam-Hang Nadim Airport,BTH,WIDD,Indonesia,7,96,0,0,-,-,Final
20020114-2,Monday,14-JAN-2002,-,A2, Landing (LDG),Omsk Airport (OMS),Russia,145,0, Substantial, Repaired,Tupolev Tu-204-100,-,-,1994,-,-, RA-64011, 450741364011,Sibir Airlines,International Scheduled Passenger, 852,Frankfurt International Airport,FRA,EDDF,Germany,Novosibirsk-Tolmachevo Airport,OVB,UNNN,Russia,-,-,0,0,-,-,Preliminary
20020115-0,Tuesday,15-JAN-2002,08:45,A1, Landing (LDG),Chilpancingo Airport,Mexico,18,4, Damaged beyond repair,-,de Havilland Canada DHC-6 Twin Otter 300,2,Pratt & Whitney Canada PT6A-27,1981,-,-, XC-FIT, 752,Mexican Government,Executive,-,Mexico City-Benito Juárez International Airport,MEX,MMMX,Mexico,-,-,-,-,3,15,0,4,-,-,Preliminary
20020116-0,Wednesday,16-JAN-2002,16:29,A1, Approach (APR),"22,5 km (14.1 mls) W of Yokyakarta",Indonesia,60,1, Damaged beyond repair,-,Boeing 737-3Q8,2,CFMI CFM56-3B1,1989,24139.0,27701.0, PK-GWA, 24403/1706,Garuda,Domestic Scheduled Passenger,GA421,Mataram-Selaparang Airport,AMI,WADA,Indonesia,Yogyakarta-Adisutjipto Airport,JOG,WARJ,Indonesia,6,54,1,0,-,-,Preliminary
20020117-0,Thursday,17-JAN-2002,11:01,A1, En route (ENR),Cerro El Tigre,Colombia,26,26, Damaged beyond repair,-,Fairchild FH-227E,2,Rolls-Royce Dart 532-7L,1966,45178.0,29154.0, HC-AYM, 511,Petroproduccion,Domestic Non Scheduled Passenger,-,Quito-Mariscal Sucre Airport,UIO,SEQU,Ecuador,Lago Agrio Airport,LGQ,SELA,Ecuador,5,21,5,21,-,-,Final
20020118-0,Friday,18-JAN-2002,14:40,A1, En route (ENR),off Beef Island,British Virgin Islands,4,0, Damaged beyond repair,-,Britten-Norman BN-2A-27 Islander,-,-,1970,-,-, N616GL, 616,Fly BVI,Domestic Non Scheduled Passenger,-,-,-,-,-,-,-,-,-,1,3,0,0,-,-,-
20020120-0,Sunday,20-JAN-2002,07:15,A2, Pushback / towing (PBT),"Washington-Dulles International Airport, DC (IAD)",United States of America,66,0, Substantial, Repaired,McDonnell Douglas DC-9-32,-,-,1968,-,67712.0, N837AT, 45774/336,AirTran Airways,Domestic Scheduled Passenger,67,Washington-Dulles International Airport,IAD,KIAD,United States of America,Atlanta-William B. Hartsfield International Airport,ATL,KATL,United States of America,5,61,0,0,-,-,Final
20020121-0,Monday,21-JAN-2002,13:03,A2, Approach (APR),Hakodate Airport (HKD),Japan,93,0, Substantial, Repaired,Airbus A321-131,2,IAE V2530-A5,1999,-,6140.0, JA104A, 1008,All Nippon,Domestic Scheduled Passenger, 391,Nagoya-Komaki International Airport,NGO,RJNN,Japan,Hakodate Airport,HKD,RJCH,Japan,6,87,0,0,-,-,Final
20020122-0,Tuesday,22-JAN-2002,-,A1, Landing (LDG),Guayaramerín Airport (GYA),Bolivia,44,0, Damaged beyond repair,-,Fokker F-27 Friendship 400M,2,Rolls-Royce Dart 535-7P,1980,-,-, FAB-94, 10600,TAM,Military,-,-,-,-,-,Guayaramerín Airport,GYA,SLGY,Bolivia,4,40,0,0,-,-,Preliminary
20020124-0,Thursday,24-JAN-2002,19:30,A2, Takeoff (TOF),"Waterville-Robert Lafleur Airport, ME (WVL)",United States of America,1,0, Substantial, Repaired,Cessna 208B Super Cargomaster,1,Pratt & Whitney Canada PT6A-114A,1993,-,3151.0, N8RQ, 208B0363,Telford Aviation,Cargo,-,Waterville-Robert Lafleur Airport,WVL,KWVL,United States of America,Manchester Municipal Airport,MHT,KMHT,United States of America,1,0,0,0,-,-,Final
20020127-0,Sunday,27-JAN-2002,-,A1, Approach (APR),near Luena,Angola,40,5, Damaged beyond repair,-,Antonov An-12,-,-,-,-,-, T-304,-,Angolan AF,Military,-,Luanda-4 de Fevereiro Airport,LAD,FNLU,Angola,Luena Airport,LUO,FNUE,Angola,6,34,2,3,-,-,Preliminary
20020128-0,Monday,28-JAN-2002,10:24,A1, Approach (APR),27 km (16.9 mls) NW of Ipiales,Colombia,94,94, Destroyed, Written off (damaged beyond repair),Boeing 727-134,3,Pratt & Whitney JT8D-9A,1967,49819.0,64001.0, HC-BLF, 19692/498,TAME Ecuador,Domestic Scheduled Passenger, 120,Quito-Mariscal Sucre Airport,UIO,SEQU,Ecuador,Tulcán Airport,TUA,SETU,Ecuador,7,87,7,87,-,-,Final
20020129-0,Tuesday,29-JAN-2002,11:30,A1, Landing (LDG),Kavak Airstrip,Venezuela,17,0, Damaged beyond repair,-,Antonov An-28,2,Glushenkov TVD-10B,1990,-,-, YV-1043CP, 1AJ009-11,private,Domestic Non Scheduled Passenger,-,Santa Elena Airport,SNV,SVSE,Venezuela,-,-,-,-,2,15,0,0,-,-,Preliminary
20020202-0,Saturday,02-FEB-2002,14:30,A1, Initial climb (ICL),"Rapid City-Ellsworth AFB, SD (RCA)",United States of America,2,2, Damaged beyond repair,-,Learjet C-21A (Learjet 35A),2,Garrett TFE731-2-2B,1985,-,-, 84-0097, 35-543,USAF,Military,-,Rapid City-Ellsworth AFB,RCA,KRCA,United States of America,Rapid City-Ellsworth AFB,RCA,KRCA,United States of America,2,0,2,0,-,-,Final
20020202-1,Saturday,02-FEB-2002,-,A1, En route (ENR),"off Isla Larga, Los Roques",Venezuela,13,0, Damaged beyond repair,-,Dornier Do 28D-2 Skyservant,-,-,-,-,-, YV-679C, 4135,Transaven,Domestic Scheduled Passenger,-,Caracas-Simón Bolívar International Airport,CCS,SVMI,Venezuela,Los Roques Airport,LRV,SVRS,Venezuela,1,12,0,0,-,-,Preliminary
20020206-0,Wednesday,06-FEB-2002,08:15,A2, Landing (LDG),"Camden-Harrell Field, AR (CDH)",United States of America,8,0, Substantial, Repaired,Beechcraft 200 Super King Air,-,-,1976,-,9603.0, N93LV, BB-157,Lockheed Martin Vought Systems,Executive,-,-,-,-,-,Camden-Harrell Field,CDH,KCDH,United States of America,2,6,0,0,-,-,Final
20020207-0,Thursday,07-FEB-2002,-,A1, En route (ENR),80 km (50 mls) from  Agadir,Morocco,8,8, Damaged beyond repair,-,Antonov An-12BP,4,Ivchenko AI-20M,1969,-,-, UR-LIP, 9346405,Volare,Cargo,-,Agadir-Al Massira International Airport,AGA,GMAA,Morocco,Algiers-Houari Boumediene Airport,ALG,DAAG,Algeria,8,0,8,0,-,-,Preliminary
20020207-1,Thursday,07-FEB-2002,18:25,A2, Landing (LDG),"Novato Airport, CA (NOT)",United States of America,1,0, Substantial, Repaired,Cessna 525A CitationJet CJ2,2,Williams International FJ44-2C,2001,-,70.0, N288G, 525A-0035,Airdine,Unknown,-,Sacramento International Airport,SMF,KSMF,United States of America,Novato Airport,NOT,KDVO,United States of America,1,0,0,0,-,-,Final
20020208-0,Friday,08-FEB-2002,-,A1, Unknown (UNK),"Fort Bliss, TX",United States of America,-,-, Damaged beyond repair,-,Let L-410UVP-E3,2,Walter M-601E,1989,-,-, 00-0292, 892307,USAF,Military,-,-,-,-,-,-,-,-,-,-,-,-,-,-,-,-
20020210-0,Sunday,10-FEB-2002,23:02,A1, Landing (LDG),"Cleveland-Cuyahoga County Airport, OH (CGF)",United States of America,2,0, Damaged beyond repair,-,Mitusbishi Mu-300 Diamond IA,2,Pratt & Whitney Canada JT15D-4D,1983,-,7457.0, N541CW, A004SA,Flight Options,Ferry/positioning,-,Chicago-Palwaukee Municipal Airport,PWK,KPWK,United States of America,Cleveland-Cuyahoga County Airport,CGF,KCGF,United States of America,2,0,0,0,-,-,Final
20020211-0,Monday,11-FEB-2002,-,A1, Initial climb (ICL),"4,5 km (2.8 mls) E of Twentynine Palms Airport, CA (TNP)",United States of America,-,0, Damaged beyond repair,-,Lockheed KC-130F Hercules,-,-,1961,-,20960.0, 148895, 3619,USMC,Military,-,Twentynine Palms Airport,TNP,KTNP,United States of America,-,-,-,-,-,-,0,0,-,-,-
20020212-0,Tuesday,12-FEB-2002,07:30,A1, Approach (APR),near Sarab-e Do Rah,Iran,119,119, Destroyed, Written off (damaged beyond repair),Tupolev Tu-154M,3,Soloviev D-30KU-154-II,1991,5516.0,12701.0, EP-MBS, 91A871,Iran Airtour,Domestic Scheduled Passenger, 956,Tehran-Mehrabad Airport,THR,OIII,Iran,Khorramabad Airport,KHD,OICK,Iran,12,107,12,107,-,-,Preliminary
20020212-1,Tuesday,12-FEB-2002,06:00,A1, Standing (STD),Lanseria Airport (HLA),South Africa,4,0, Damaged beyond repair,-,Hawker Siddeley HS-125-400B,-,-,1971,-,-, ZS-JBA, 25259,J & D Aviation CC,Int'l Non Scheduled Passenger,-,Lanseria Airport,HLA,FALA,South Africa,Blantyre-Chileka Airport,BLZ,FWCL,Malawi,2,2,0,0,-,-,Final
20020213-0,Wednesday,13-FEB-2002,-,A1, En route (ENR),Hindu Kush mountain range,Afghanistan,8,0, Damaged beyond repair,-,Lockheed MC-130P Combat Shadow,-,-,1966,-,-, 66-0213, 4163,USAF,Military,-,-,-,-,-,-,-,-,-,-,-,0,0,-,-,-
20020214-0,Thursday,14-FEB-2002,-,A1, Takeoff (TOF),Sam Neua Airport (NEU),Laos,15,0, Damaged beyond repair,-,Harbin Yunshuji Y-12 II,2,Pratt & Whitney Canada PT6A-27,1990,-,-, RDPL-34118, 0043,Lao Aviation,Domestic Scheduled Passenger,-,Sam Neua Airport,NEU,VLSN,Laos,Vientiane-Wattay Airport,VTE,VLVT,Laos,2,13,0,0,-,-,Preliminary
20020214-1,Thursday,14-FEB-2002,06:49,A1, Landing (LDG),"West Palm Beach International Airport, FL (PBI)",United States of America,2,0, Damaged beyond repair,-,Gulfstream G-V,-,-,1996,-,-, N777TY, 508,BB Five,Ferry/positioning,-,West Palm Beach International Airport,PBI,KPBI,United States of America,Teterboro Airport,TEB,KTEB,United States of America,2,0,0,0,-,-,Final
20020214-2,Thursday,14-FEB-2002,17:20,A1, Approach (APR),"Sarsura Glacier, near Zernez",Switzerland,2,2, Destroyed, Written off (damaged beyond repair),Beechcraft 300LW Super King Air,2,Pratt & Whitney Canada PT6A-60A,1993,-,4141.0, D-ICBC, FA-227,Kronospan GmbH,Ferry/positioning,-,Poznan-Lawica Airport,POZ,EPPO,Poland,St. Moritz-Samedan Airport,SMV,LSZS,Switzerland,2,0,2,0,-,-,Final
20020214-3,Thursday,14-FEB-2002,14:00,A2, Approach (APR),"Kotzebue Airport, AK (OTZ)",United States of America,4,0, Substantial, Repaired,Boeing 727-46F,-,-,1966,-,74093.0, N190AJ, 18878/236,Northern Air Cargo,Cargo,20,Fairbanks International Airport,FAI,PAFA,United States of America,Kotzebue Airport,OTZ,PAOT,United States of America,4,0,0,0,-,-,Final
20020215-0,Friday,15-FEB-2002,06:08,A1, Approach (APR),11 km (6.9 mls) NE of Monrovia-Roberts International Airport (ROB),Liberia,10,1, Damaged beyond repair,-,Antonov An-12BP,4,Ivchenko AI-20M,1964,-,-, ER-ADL, 4342610,Tiramavia,Cargo,-,-,-,-,-,Monrovia-Roberts International Airport,ROB,GLRB,Liberia,7,3,1,0,-,-,Preliminary
20020217-0,Sunday,17-FEB-2002,18:00,A1, En route (ENR),near Mbuji-Mayi,Democratic Republic of the Congo,23,0, Damaged beyond repair,-,Canadair CL-44D4,4,Rolls-Royce Tyne 515-10,1961,-,-, 9Q-CTS, 25,Skymaster,Unknown,-,Mbuji-Mayi Airport,MJM,FZWA,Democratic Republic of the Congo,Kinshasa-N'Djili Airport,FIH,FZAA,Democratic Republic of the Congo,3,20,0,0,-,-,Preliminary
20020217-1,Sunday,17-FEB-2002,08:30,A2, En route (ENR),"San Juan, SJ",Argentina,-,0, Substantial, Repaired,Boeing 737-236,2,Pratt & Whitney JT8D-15A,1985,-,-, LV-ZRE, 23168/1077,Aerolineas Argentinas,International Scheduled Passenger,AR1289,Santiago-Arturo Merino Benitez Airport,SCL,SCEL,Chile,Buenos Aires/Ezeiza-Ministro Pistarini Airport,EZE,SAEZ,Argentina,-,-,0,0,-,-,Final
20020220-0,Wednesday,20-FEB-2002,-,H2, Unknown (UNK),Hobo,Colombia,34,0, Unknown,-,de Havilland Canada DHC-8-301,-,-,1989,-,-, HK-3951X, 184,AIRES Colombia,Domestic Scheduled Passenger,8091,Neiva-La Marguita Airport,NVA,SKNV,Colombia,Bogotá-Eldorado Airport,BOG,SKBO,Colombia,4,30,0,0,-,-,-
20020220-1,Wednesday,20-FEB-2002,-,A1, Landing (LDG),Mashhad Airport (MHD),Iran,-,0, Damaged beyond repair,-,Tupolev Tu-154M,3,Soloviev D-30KU-154-II,1987,-,-, EP-LBX, 87A763,Kish Air,Domestic Scheduled Passenger,-,-,-,-,-,Mashhad Airport,MHD,OIMM,Iran,-,-,0,0,-,-,-
20020221-0,Thursday,21-FEB-2002,20:44,A1, Approach (APR),"1,7 km (1.1 mls) from  Lakhta Air Base",Russia,20,17, Damaged beyond repair,-,Antonov An-26,-,-,-,-,-, 07 red,-,Russian Navy,Military,-,-,-,-,-,-,-,-,-,8,12,6,11,-,-,Preliminary
20020224-0,Sunday,24-FEB-2002,-,A1, En route (ENR),near Mashhad,Iran,230,0, Damaged beyond repair,-,Ilyushin Il-76MD,-,-,1987,-,-, 15-2281, 0073475236,Iranian Revolutionary Guard,Military,-,Mashhad Airport,MHD,OIMM,Iran,Tehran-Mehrabad Airport,THR,OIII,Iran,-,-,0,0,-,-,Preliminary
20020227-0,Wednesday,27-FEB-2002,09:15,A1, Landing (LDG),Heglig,Sudan,16,0, Damaged beyond repair,-,Antonov An-26,2,Ivchenko AI-24VT,1980,-,-, ST-MGL, 9709,El Magal Aviation,Cargo,-,Khartoum-Civil Airport,KRT,HSSS,Sudan,-,-,-,-,4,12,0,0,-,-,Preliminary
20020301-0,Friday,01-MAR-2002,18:35,A2, En route (ENR),159 km (99.4 mls) NW of Parkes VOR,Australia,290,0, Minor, Repaired,Boeing 747-436,4,Rolls-Royce RB211-524H,1989,-,-, G-BNLD, 23911/744,British Airways,International Scheduled Passenger,-,Sydney-Kingsford Smith International Airport,SYD,YSSY,Australia,Bangkok-Don Muang International Airport,BKK,VTBD,Thailand,18,272,0,0,-,-,Final
20020302-0,Saturday,02-MAR-2002,06:20,A2, Standing (STD),"Seattle/Tacoma International Airport, WA (SEA)",United States of America,89,0, Substantial, Repaired,Boeing 757-222,-,-,-,-,17618.0, N589UA, 28707/773,United Airlines,Domestic Scheduled Passenger,-,Seattle/Tacoma International Airport,SEA,KSEA,United States of America,Chicago-O'Hare International Airport,ORD,KORD,United States of America,6,83,0,0,-,-,Final
20020304-0,Monday,04-MAR-2002,-,A1, Landing (LDG),Mozdok,Russia,-,0, Damaged beyond repair,-,Tupolev Tu-134,-,-,-,-,-, registration unknown,-,Russian AF,Military,-,-,-,-,-,-,-,-,-,-,-,0,0,-,-,-
20020304-1,Monday,04-MAR-2002,05:03,A1, Landing (LDG),"Goose Bay Airport, NL (YYR)",Canada,2,0, Damaged beyond repair,-,Swearingen SA227-AC Metro III,2,Garrett TPE331-11U-611G,1986,-,-, C-FITW, AC-638,Provincial Airlines,Domestic Scheduled Passenger, 905,St. John's Airport,YYT,CYYT,Canada,Goose Bay Airport,YYR,CYYR,Canada,2,0,0,0,-,-,Preliminary - official
20020306-0,Wednesday,06-MAR-2002,20:46,A2, Takeoff (TOF),Edinburgh-Turnhouse Airport (EDI),United Kingdom,20,0, Minor, Repaired,Dornier 328-110,2,Pratt & Whitney Canada PW119B,1995,-,-, G-BWIR, 3023,Scot Airways,Domestic Scheduled Passenger,-,Edinburgh-Turnhouse Airport,EDI,EGPH,United Kingdom,London City Airport,LCY,EGLC,United Kingdom,4,16,0,0,-,-,Final
20020306-1,Wednesday,06-MAR-2002,07:15,A2, Standing (STD),"Dallas/Fort Worth International Airport, TX (DFW)",United States of America,34,0, Substantial, Repaired,Fokker 100,-,-,-,-,22818.0, N1425A, 11408,American Airlines,Domestic Scheduled Passenger,AA334,Dallas/Fort Worth International Airport,DFW,KDFW,United States of America,Nashville Metropolitan Airport,BNA,KBNA,United States of America,4,30,0,0,-,-,Final
20020308-0,Friday,08-MAR-2002,03:15,A1, Taxi (TXI),Delhi-Indira Gandhi International Airport (DEL),India,5,0, Damaged beyond repair,-,Airbus A300B2-101,2,General Electric CF6-50C,1980,-,-, VT-EFW, 111,Indian Airlines,-,-,-,-,-,-,-,-,-,-,5,0,0,0,-,-,Preliminary
20020309-0,Saturday,09-MAR-2002,13:39,A1, En route (ENR),"2,5 km (1.6 mls) W of Rocca di Mezzo",Italy,3,3, Damaged beyond repair,-,Antonov An-2TP,-,-,1972,-,-, LY-AVD, 1G137-53,Svedijos Prekés,Unknown,2801,Budapest-Ferihegy Airport,BUD,LHBP,Hungary,Tunis-Carthage Airport,TUN,DTTA,Tunisia,2,1,2,1,-,-,Final
20020309-1,Saturday,09-MAR-2002,10:15,A2, Takeoff (TOF),"Washington-Dulles International Airport, DC (IAD)",United States of America,53,0, Substantial, Repaired,Canadair CL-600-2B19 Regional Jet CRJ-200ER,-,-,-,-,12059.0, N622BR, 7187,United Express,Domestic Scheduled Passenger,7682,Washington-Dulles International Airport,IAD,KIAD,United States of America,New York-La Guardia Airport,LGA,KLGA,United States of America,3,50,0,0,-,-,Final
20020314-0,Thursday,14-MAR-2002,16:23,A1, En route (ENR),near Placetas,Cuba,16,16, Damaged beyond repair,-,Antonov An-2R,-,-,-,-,-, CU-T1020,-,Aerotaxi,Domestic Non Scheduled Passenger,-,Cienfuegos Airport,CFG,MUCF,Cuba,Cayo Coco/Jardines del Rey Airport,CCC,MUCC,Cuba,3,13,3,13,-,-,Preliminary - official
20020315-0,Friday,15-MAR-2002,02:00,A1, Approach (APR),"8 km (5 mls) S of Alma, WI",United States of America,1,1, Substantial, Written off (damaged beyond repair),Cessna 208B Super Cargomaster,1,Pratt & Whitney Canada PT6A-114A,1988,-,9942.0, N228PA, 208B0049,Priority Air Charter,Cargo,-,Minneapolis-St. Paul International Airport,MSP,KMSP,United States of America,Detroit-Willow Run Airport,YIP,KYIP,United States of America,1,0,1,0,-,-,Final
20020315-2,Friday,15-MAR-2002,15:00,A1, Standing (STD),"Elk Island, MB",Canada,1,0, Destroyed, Written off (damaged beyond repair),Britten-Norman BN-2A-7 Islander,2,Lycoming O-540-E4C5,1970,-,-, C-GMOW, 179,Bolton Lake Air Services,-,-,-,-,-,-,-,-,-,-,1,0,0,0,-,-,Preliminary - official
20020317-0,Sunday,17-MAR-2002,18:02,A1, Approach (APR),off Djibouti-Ambouli Airport (JIB),Djibouti,4,4, Damaged beyond repair,-,Let L-410UVP-E,2,Walter M-601E,1991,-,-, J2-KBC, 912537,Djibouti Airlines,Ferry/positioning,-,Mogadishu International Airport,MGQ,HCMM,Somalia,Djibouti-Ambouli Airport,JIB,HDAM,Djibouti,2,2,2,2,-,-,Preliminary - official
20020318-0,Monday,18-MAR-2002,22:18,A1, Landing (LDG),"Belo Horizonte-Tancredo Neves International Airport, MG (CNF)",Brazil,3,0, Damaged beyond repair,-,Boeing 727-30C,3,Pratt & Whitney JT8D-7B,1967,-,-, PP-VLV, 19009/374,Varig,Unknown,9051,Salvador-Deputado Luís Eduardo Magalhães International Airport,SSA,SBSV,Brazil,Belo Horizonte-Tancredo Neves International Airport,CNF,SBCF,Brazil,3,0,0,0,-,-,Preliminary
20020325-0,Monday,25-MAR-2002,09:01,A1, Landing (LDG),"Anderson Municipal Airport, IN (AID)",United States of America,6,0, Damaged beyond repair,-,Mitusbishi Mu-300 Diamond,-,-,-,-,4078.0, N617BG, A067SA,Corporate Flight Management,Domestic Non Scheduled Passenger,-,Memphis International Airport,MEM,KMEM,United States of America,Anderson Municipal Airport,AID,KAID,United States of America,2,4,0,0,-,-,Final
20020327-0,Wednesday,27-MAR-2002,-,O1, Standing (STD),Abuja International Airport (ABV),Nigeria,0,0, Damaged beyond repair,-,BAC One-Eleven 401AK,-,-,1966,-,-, 5N-MBM, 068,Albarka Air,-,-,-,-,-,-,-,-,-,-,0,0,0,0,-,-,Preliminary
20020327-1,Wednesday,27-MAR-2002,-,O1, Standing (STD),Abuja International Airport (ABV),Nigeria,0,0, Damaged beyond repair,-,BAC One-Eleven 523FJ,2,Rolls-Royce Spey 512-14DW,1969,-,-, 5N-BDU, 193,Savanah Airlines,-,-,-,-,-,-,-,-,-,-,0,0,0,0,-,-,-
20020328-0,Thursday,28-MAR-2002,13:10,A2, Approach (APR),"Elliott Bay, WA",United States of America,4,0, Substantial, Repaired,Boeing S.307 Stratoliner,4,Wright R-1820-97,1940,-,20577.0, N19903, 2003,National Air & Space Museum,Test,-,Seattle-Boeing Field International Airport,BFI,KBFI,United States of America,Seattle-Boeing Field International Airport,BFI,KBFI,United States of America,2,2,0,0,-,-,Final
20020330-0,Saturday,30-MAR-2002,05:43,A2, Landing (LDG),"Thunder Bay Airport, ON (YQT)",Canada,2,0, Substantial, Repaired,Beechcraft B200C Super King Air,-,-,1981,-,-, C-GIND, BL-42,Voyageur Airways,Domestic Scheduled Passenger, 795,-,-,-,-,Thunder Bay Airport,YQT,CYQT,Canada,2,0,0,0,-,-,Preliminary - official
20020402-0,Tuesday,02-APR-2002,-,A1, Landing (LDG),Cafunfo Airport (CFF),Angola,-,0, Damaged beyond repair,-,Antonov An-32,2,Ivchenko AI-20D-5,1988,1213.0,2855.0, ER-AEQ, 1603,Renan,Cargo,-,Luanda-4 de Fevereiro Airport,LAD,FNLU,Angola,Cafunfo Airport,CFF,FNCF,Angola,-,-,0,0,-,-,Final
20020403-0,Wednesday,03-APR-2002,15:00,A1, Maneuvering (MNV),Tervel,Bulgaria,3,0, Destroyed, Written off (damaged beyond repair),Antonov An-2R,-,-,-,-,-, LZ-1113, 1G145-52,Bulair,Agricultural,-,-,-,-,-,-,-,-,-,1,2,0,0,-,-,Final
20020405-0,Friday,05-APR-2002,08:45,A2, Taxi (TXI),"Casper/Natrona County International Airport, WY (CPR)",United States of America,3,0, Substantial, Repaired,Basler BT-67 Turbo 67 (DC-3T),-,-,1945,-,16433.0, N115Z, 33567/16819,U.S. Forest Service,Unknown,-,Casper/Natrona County International Airport,CPR,KCPR,United States of America,Missoula-Johnson-Bell Field,MSO,KMSO,United States of America,2,1,0,0,-,-,Final
20020411-0,Thursday,11-APR-2002,-,O2, Standing (STD),Isle of Man-Ronaldsway Airport (IOM),United Kingdom,-,0, Substantial, Repaired,Hawker Siddeley HS-748-225 Srs. 2A,2,Rolls-Royce Dart 534-2,1966,-,-, G-ATMJ, 1593,Emerald Airways,-,-,-,-,-,-,-,-,-,-,-,-,0,0,-,-,- (No safety board investigation)
20020411-1,Thursday,11-APR-2002,-,A2, Taxi (TXI),Sabang-Maimun Saleh Airport (SBG),Indonesia,16,0, Minor, Repaired,CASA/Nurtanio NC-212 Aviocar 100,-,-,1980,-,-, PK-ZAI, 120/18N,Sabang Merauke Raya Air Charter,Domestic Scheduled Passenger,-,Sabang-Maimun Saleh Airport,SBG,WITB,Indonesia,-,-,-,-,2,14,0,0,-,1,Preliminary - official
20020412-0,Friday,12-APR-2002,04:07,A1, Landing (LDG),Palma de Mallorca Airport (PMI),Spain,2,2, Damaged beyond repair,-,Swearingen SA227-AC Metro III,2,Garrett TPE331-11U-611G,1985,-,29726.0, EC-GKR, AC-620,Tadair,Cargo, 306,Madrid-Barajas Airport,MAD,LEMD,Spain,Palma de Mallorca Airport,PMI,LEPA,Spain,2,0,2,0,-,-,Final
20020413-0,Saturday,13-APR-2002,08:30,A1, Takeoff (TOF),Weston-on-the-Green RAF Station,United Kingdom,15,0, Damaged beyond repair,-,GAF Nomad N.24A,2,Allison 250-B17B,1981,-,-, OY-JRW, 117,Nomad Fleet,Parachuting,-,-,-,-,-,-,-,-,-,2,13,0,0,-,-,Final
20020415-0,Monday,15-APR-2002,11:21,A1, Approach (APR),"4,6 km (2.9 mls) N of Pusan-Kimhae Airport (PUS)",South Korea,166,129, Destroyed, Written off (damaged beyond repair),Boeing 767-2J6ER,2,Pratt & Whitney JT9D-7R4E4,1985,14308.0,39541.0, B-2552, 23308/127,Air China,International Scheduled Passenger, 129,Beijing-Capital Airport,PEK,ZBAA,China,Busan-Gimhae (Pusan) International Airport,PUS,RKPK,South Korea,11,155,8,121,-,-,Final
20020416-0,Tuesday,16-APR-2002,11:34,A1, Landing (LDG),Sun City-Pilansberg Airport (NTY),South Africa,47,0, Damaged beyond repair,-,British Aerospace BAe-748-400 Srs. 2B,2,Rolls-Royce Dart 535-2,1980,-,-, ZS-OLE, 1796,Airquarius,Domestic Non Scheduled Passenger,-,Skukuza Airport,SZK,FASZ,South Africa,Sun City-Pilanesberg Airport,NTY,FAPN,South Africa,5,42,0,0,-,-,Final
20020417-0,Wednesday,17-APR-2002,-,A1, Takeoff (TOF),Mara Ngerende Airstrip,Kenya,19,0, Damaged beyond repair,-,Let L-410UVP-E9,2,Walter M-601E,1984,-,-, 5Y-UAS, 841324,United Airlines,Domestic Non Scheduled Passenger,-,-,-,-,-,-,-,-,-,2,17,0,0,-,-,Preliminary
20020417-1,Wednesday,17-APR-2002,17:20,H2, En route (ENR),Shenyang Airport (SHE),China,71,0, None,-,McDonnell Douglas DC-9-82 (MD-82),-,-,-,-,-, registration unknown,-,China Northern,Domestic Scheduled Passenger,6621,Dalian Airport,DLC,ZYTL,China,Shenyang Airport,SHE,ZYTK,China,10,61,0,0,-,-,-
20020418-0,Thursday,18-APR-2002,-,A2, Unknown (UNK),Wetar Island,Indonesia,20,0, Unknown,-,CASA/Nurtanio NC-212-CC4 Aviocar 200,2,Garrett TPE331-10R-511C,1985,-,-, PK-NCU, 254/74N,Merpati Nusantara,Domestic Scheduled Passenger,-,-,-,-,-,-,-,-,-,2,18,0,0,-,-,Preliminary - official
20020418-2,Thursday,18-APR-2002,12:05,A1, Maneuvering (MNV),Kostandenetz,Bulgaria,2,0, Destroyed, Written off (damaged beyond repair),Antonov An-2R,-,-,-,-,-, LZ-1147, 1G160-06,Bulair,Agricultural,-,-,-,-,-,-,-,-,-,2,0,0,0,-,-,Final
20020419-0,Friday,19-APR-2002,08:53,A1, Takeoff (TOF),Popayán-Guillermo Leon Valencia Airport (PPN),Colombia,8,3, Damaged beyond repair,-,Antonov An-32A,2,Ivchenko AI-20D-5,1991,-,3153.0, HK-4171X, 2508,SELVA Colombia,Ferry/positioning,-,Popayán-Guillermo León Valencia Airport,PPN,SKPP,Colombia,Medellín-Enrique Olaya Herrera Airport,EOH,SKMD,Colombia,3,5,0,3,-,-,Final
20020421-0,Sunday,21-APR-2002,09:13,A1, Landing (LDG),Wamena Airport (WMX),Indonesia,4,0, Damaged beyond repair,-,Antonov An-72-100,2,Lotarev D-36-2A,1985,1376.0,1897.0, ES-NOP, 36572010905,Enimex,Cargo,-,Jayapura-Sentani Airport,DJJ,WAJJ,Indonesia,Wamena Airport,WMX,WAJW,Indonesia,4,0,0,0,-,-,Final
20020426-0,Friday,26-APR-2002,-,A1, Landing (LDG),Kinshasa-N'Djili Airport (FIH),Democratic Republic of the Congo,3,0, Damaged beyond repair,-,Boeing 707-366C,4,Pratt & Whitney JT3D-7,1973,-,-, 9Q-CKB, 19844/744,Hewa Bora Airways,Cargo,-,Johannesburg International Airport,JNB,FAJS,South Africa,Kinshasa-N'Djili Airport,FIH,FZAA,Democratic Republic of the Congo,3,0,0,0,-,-,-
20020427-0,Saturday,27-APR-2002,03:00,A2, Takeoff (TOF),San Salvador-Comalapa International Airport (SAL),El Salvador,5,0, Substantial, Repaired,McDonnell Douglas DC-10-40F,-,-,1976,-,-, N141WE, 46661/224,Centurion Air Cargo,Cargo,-,San Salvador-Comalapa International Airport,SAL,MSLP,El Salvador,Guatemala City-La Aurora Airport,GUA,MGGT,Guatemala,5,0,0,0,-,-,Preliminary - official
20020430-0,Tuesday,30-APR-2002,-,A1, Approach (APR),Heglig,Sudan,4,0, Damaged beyond repair,-,Antonov An-12,-,-,1964,-,-, ST-AQP, 4342305,Aerovista Airlines,Cargo,-,Khartoum-Civil Airport,KRT,HSSS,Sudan,-,-,-,-,4,0,0,0,-,-,Preliminary
20020502-0,Thursday,02-MAY-2002,14:30,A1, Landing (LDG),"Leakey, TX",United States of America,6,0, Damaged beyond repair,-,Cessna 560 Citation Ultra,-,-,-,-,-, N397QS, 560-0531,NetJets,Executive,-,Houston-William P. Hobby Airport,HOU,KHOU,United States of America,-,-,-,-,2,4,0,0,-,-,Final
20020504-1,Saturday,04-MAY-2002,13:35,A1, En route (ENR),Kano,Nigeria,77,71, Damaged beyond repair,-,BAC One-Eleven 525FT,2,Rolls-Royce Spey 512-14DW,1980,-,-, 5N-ESF, 266,EAS Airlines,Domestic Scheduled Passenger,4226,Kano-Aminu Kano International Airport,KAN,DNKN,Nigeria,Lagos-Murtala Muhammed International Airport,LOS,DNMM,Nigeria,8,69,7,64,-,78,Preliminary
20020507-0,Tuesday,07-MAY-2002,15:18,A1, Approach (APR),6 km (3.8 mls) NW of Tunis-Carthage Airport (TUN),Tunisia,62,14, Destroyed, Written off (damaged beyond repair),Boeing 737-566,2,CFMI CFM56-3C1,1991,15686.0,26082.0, SU-GBI, 25307/2135,EgyptAir,International Scheduled Passenger,MS843,Cairo International Airport,CAI,HECA,Egypt,Tunis-Carthage Airport,TUN,DTTA,Tunisia,6,56,3,11,-,-,Preliminary
20020507-1,Tuesday,07-MAY-2002,21:32,C1, Approach (APR),20 km (12.5 mls) E off  Dalian,China,112,112, Destroyed, Written off (damaged beyond repair),McDonnell Douglas DC-9-82 (MD-82),2,Pratt & Whitney JT8D-217A,1990,16000.0,26000.0, B-2138, 49522/1702,China Northern,Domestic Scheduled Passenger,6163,Beijing-Capital Airport,PEK,ZBAA,China,Dalian Airport,DLC,ZYTL,China,9,103,9,103,-,-,Preliminary
20020508-0,Wednesday,08-MAY-2002,16:30,A1, En route (ENR),"64 km (40 mls) S off  Pensacola, FL [Gulf of Mexico]",Atlantic Ocean,3,3, Damaged beyond repair,-,North American T-39N Sabreliner,2,Pratt & Whitney JT12A-6A Turbo Wasp,-,-,-, 165522, 282-28,US Navy,Military,-,Pensacola NAS,NPA,KNPA,United States of America,Pensacola NAS,NPA,KNPA,United States of America,3,0,3,0,4,-,-
20020508-1,Wednesday,08-MAY-2002,16:30,A1, En route (ENR),"64 km (40 mls) S off  Pensacola, FL [Gulf of Mexico]",Atlantic Ocean,4,4, Damaged beyond repair,-,North-American Rockwell T-39N Sabreliner,2,Pratt & Whitney JT12A-6A Turbo Wasp,-,-,-, 165525, 282-100,US Navy,Military,-,Pensacola NAS,NPA,KNPA,United States of America,-,-,-,-,4,0,4,0,3,-,-
20020508-2,Wednesday,08-MAY-2002,15:22,A2, Takeoff (TOF),"Cleveland-Burke Lakefront Airport, OH (BKL)",United States of America,2,0, Substantial, Repaired,Beechcraft Beechjet 400,-,-,1988,-,6365.0, N400GJ, RJ-23,Georgia Jet,Ferry/positioning,-,Cleveland-Burke Lakefront Airport,BKL,KBKL,United States of America,Washington-Dulles International Airport,IAD,KIAD,United States of America,2,0,0,0,-,-,Final
20020510-0,Friday,10-MAY-2002,-,H2, En route (ENR),Xiamen Airport (XMN),China,-,0, None,-,Boeing 737,-,-,-,-,-, registration unknown,-,Xiamen Airlines,Domestic Scheduled Passenger,8336,Shenzhen-Huangtian Airport,SZX,ZGSZ,China,Xiamen Airport,XMN,ZSAM,China,-,-,0,0,-,-,-
20020513-0,Monday,13-MAY-2002,17:37,A2, Approach (APR),"Toronto-Pearson International Airport, ON (YYZ)",Canada,185,0, Substantial, Repaired,Boeing 767-3Y0ER,2,Pratt & Whitney PW4060,1991,-,46830.0, C-GHML, 24948/380,Air Canada,Domestic Scheduled Passenger, 116,Vancouver International Airport,YVR,CYVR,Canada,Toronto-Pearson International Airport,YYZ,CYYZ,Canada,8,177,0,0,-,-,Final
20020514-0,Tuesday,14-MAY-2002,-,O1, Standing (STD),"Grand Island Airport, NE (GRI)",United States of America,0,0, Damaged beyond repair,-,Beechcraft 1900D,2,Pratt & Whitney Canada PT6A-67D,1995,-,-, N151GL, UE-151,Great Lakes Airlines,-,-,-,-,-,-,-,-,-,-,0,0,0,0,-,-,- (No safety board investigation)
20020514-1,Tuesday,14-MAY-2002,-,O1, Standing (STD),"Grand Island Airport, NE (GRI)",United States of America,0,0, Damaged beyond repair,-,Beechcraft 1900D,2,Pratt & Whitney Canada PT6A-67D,1996,-,-, N262GL, UE-262,Great Lakes Airlines,-,-,-,-,-,-,-,-,-,-,0,0,0,0,-,-,- (No safety board investigation)
20020518-0,Saturday,18-MAY-2002,16:06,A2, Landing (LDG),"North Bay Airport, ON (YYB)",Canada,-,0, Substantial, Repaired,Beechcraft A100 King Air,2,Pratt & Whitney Canada PT6A-28,1973,-,-, C-GISH, B-152,Voyageur Airways,Ferry/positioning,-,Oshawa Municipal Airport,YOO,CYOO,Canada,North Bay Airport,YYB,CYYB,Canada,-,-,0,0,-,-,-
20020520-0,Monday,20-MAY-2002,08:01,A1, Takeoff (TOF),"Oklahoma City-Wiley Post Airport, OK (PWA)",United States of America,6,0, Substantial, Written off (damaged beyond repair),Cessna 550 Citation II,2,Pratt & Whitney Canada JT15D-4,1978,-,2956.0, N13VP, 550-0263,Avalon Correctional Services,Executive,-,Oklahoma City-Wiley Post Airport,PWA,KPWA,United States of America,Greeley-Weld County Airport,GXY,KGXY,United States of America,1,5,0,0,-,-,Final
20020521-0,Tuesday,21-MAY-2002,19:42,A1, Approach (APR),22 km (13.8 mls) SSE of Calabar Airport (CBQ),Nigeria,5,5, Destroyed, Written off (damaged beyond repair),Let L-410UVP,2,Walter M-601D,1985,-,8086.0, 9Q-CGX, 851402,Sky Executive,Ferry/positioning, 401,Port Harcourt Airport,PHC,DNPO,Nigeria,Calabar Airport,CBQ,DNCA,Nigeria,5,0,5,0,-,-,Final
20020521-1,Tuesday,21-MAY-2002,-,A1, Initial climb (ICL),"Lake Casa Blanca, TX",United States of America,3,0, Damaged beyond repair,-,Douglas DC-3A-197D,2,Pratt & Whitney R-1830,1940,-,-, XB-JBR, 3261,Aero JBR,Training,-,Laredo International Airport,LRD,KLRD,United States of America,Laredo International Airport,LRD,KLRD,United States of America,3,0,0,0,-,-,- (No safety board investigation)
20020525-0,Saturday,25-MAY-2002,15:30,A1, En route (ENR),"45 km (28.1 mls) NE off  Penghu islands, Taiwan [Taiwan Strait]",Pacific Ocean,225,225, Destroyed, Written off (damaged beyond repair),Boeing 747-209B,4,Pratt & Whitney JT9D-7AW,1979,21180.0,64394.0, B-18255, 21843/386,China Airlines,International Scheduled Passenger,CI611,Taipei-Chiang Kai Shek International Airport,TPE,RCTP,Taiwan,Hong Kong-Chek Lap Kok International Airport,HKG,VHHH,Hong Kong,19,206,19,206,-,-,Final
20020525-1,Saturday,25-MAY-2002,-,A1, En route (ENR),50 km (31.3 mls) from  Nabire,Indonesia,6,6, Damaged beyond repair,-,de Havilland Canada DHC-6 Twin Otter 300,2,Pratt & Whitney Canada PT6A-27,1975,-,-, PK-YPZ, 458,Trigana Air Service,Domestic Non Scheduled Passenger,-,Nabire Airport,NBX,WABI,Indonesia,Enarotali Airport,EWI,WABT,Indonesia,4,2,4,2,-,-,Preliminary
20020601-0,Saturday,01-JUN-2002,07:20,A1, Approach (APR),"12,4 km (7.8 mls) NE of George",South Africa,3,3, Damaged beyond repair,-,British Aerospace BAe-748-372 Srs. 2B,2,Rolls-Royce Dart 535-2,1980,19789.0,14226.0, ZS-OJU, 1782,Airquarius,Cargo,-,Bloemfontein International Airport,BFN,FABL,South Africa,George Airport,GRJ,FAGG,South Africa,2,1,2,1,-,-,Final
20020604-0,Tuesday,04-JUN-2002,12:38,A2, En route (ENR),"37 km (23.1 mls) W of Wichita, KS",United States of America,111,0, Substantial, Repaired,McDonnell Douglas DC-9-82 (MD-82),2,Pratt & Whitney JT8D-219,-,-,53116.0, N823NK, 48020/1045,Spirit Airlines,Domestic Scheduled Passenger, 970,Denver International Airport,DEN,KDEN,United States of America,Fort Lauderdale International Airport,FLL,KFLL,United States of America,6,105,0,0,-,-,Final
20020604-1,Tuesday,04-JUN-2002,13:40,A1, Takeoff (TOF),Lovozero Airfield,Russia,12,0, Damaged beyond repair,-,Antonov An-2P,-,-,1975,-,-, RA-07748, 1G159-23,Sibaviatrans,Domestic Scheduled Passenger,-,-,-,-,-,-,-,-,-,3,9,0,0,-,-,Final
20020609-0,Sunday,09-JUN-2002,-,H2, En route (ENR),Addis Ababa-Bole Airport (ADD),Ethiopia,46,2, Unknown,-,Fokker 50,-,-,-,-,-, registration unknown,-,Ethiopian Airlines,Domestic Scheduled Passenger, 113,Bahar Dar Airport,BJR,HABD,Ethiopia,Addis Ababa-Bole Airport,ADD,HAAB,Ethiopia,4,42,0,2,-,-,-
20020609-1,Sunday,09-JUN-2002,-,A1, Landing (LDG),Jaipur-Sanganer Airport (JAI),India,-,0, Damaged beyond repair,-,HAL/Dornier 228-201,-,-,1986,-,-, VT-EJN, 8060/HAL1003,Indian Airlines,Training,-,Jaipur-Sanganer Airport,JAI,VIJP,India,Jaipur-Sanganer Airport,JAI,VIJP,India,-,0,0,0,-,-,-
20020610-0,Monday,10-JUN-2002,21:30,A2, Takeoff (TOF),"El Paso International Airport, TX (ELP)",United States of America,2,0, Substantial, Repaired,Airbus A300F4-605R,-,-,1999,2427.0,4627.0, N681FE, 799,FedEx,Cargo,FX1255,El Paso International Airport,ELP,KELP,United States of America,Memphis International Airport,MEM,KMEM,United States of America,2,0,0,0,-,-,Final
20020611-0,Tuesday,11-JUN-2002,18:30,A1, Takeoff (TOF),Khartoum-Civil Airport (KRT),Sudan,2,0, Substantial, Written off (damaged beyond repair),Fokker F-27 Friendship 600,2,Rolls-Royce Dart 535-7R,1977,19349.0,19822.0, ST-SSD, 10563,Sudan Airways,Training,-,Khartoum-Civil Airport,KRT,HSSS,Sudan,Khartoum-Civil Airport,KRT,HSSS,Sudan,2,0,0,0,-,-,Preliminary
20020612-0,Wednesday,12-JUN-2002,21:24,A1, En route (ENR),56 km (35 mls) SW of Gardez,Afghanistan,10,3, Damaged beyond repair,-,Lockheed MC-130H Combat Talon II,-,-,1985,-,-, 84-0475, 5041,USAF,Military,-,Sardeh Band Airport,SBF,OADS,Afghanistan,-,-,-,-,7,3,2,1,-,-,Final
20020614-0,Friday,14-JUN-2002,17:45,A1, Takeoff (TOF),Anholt,Denmark,8,0, Damaged beyond repair,-,Pilatus Britten-Norman BN-2B-26 Islander,2,Lycoming O-540-E4C5,1984,-,-, OY-CFV, 2174,Copenhagen Air Taxi,Domestic Scheduled Passenger,-,-,-,-,-,Roskilde Airport,RKE,EKRK,Denmark,1,7,0,0,-,-,Final
20020614-1,Friday,14-JUN-2002,18:15,A1, Landing (LDG),Neiva-Benito Salas Airport (NVA),Colombia,71,0, Damaged beyond repair,-,Douglas DC-9-14,2,Pratt & Whitney JT8D-7B,1966,-,73906.0, HK-3859X, 45843/28,Intercontinental de Aviación,Domestic Scheduled Passenger,8883,Florencia-Gustavo Artunduaga Paredes Airport,FLA,SKFL,Colombia,Neiva Airport,NVA,SKNV,Colombia,6,65,0,0,-,-,Final
20020615-0,Saturday,15-JUN-2002,-,A2, Landing (LDG),Maastricht/Aachen Airport (MST),Netherlands,5,0, Substantial, Repaired,de Havilland Canada DHC-8-311,-,-,1990,-,-, PH-SDU, 232,Schreiner Airways,Test,-,Maastricht/Aachen Airport,MST,EHBK,Netherlands,Maastricht/Aachen Airport,MST,EHBK,Netherlands,3,2,0,0,-,-,Final
20020617-0,Monday,17-JUN-2002,14:45,A1, Maneuvering (MNV),"Walker, CA",United States of America,3,3, Destroyed, Written off (damaged beyond repair),Lockheed C-130A Hercules,4,Allison T56-A-9D,1957,-,21863.0, N130HP, 3146,Hawkins & Powers,Fire fighting,-,Minden-Tahoe Airport,MEV,KMEV,United States of America,Minden-Tahoe Airport,MEV,KMEV,United States of America,3,0,3,0,-,-,Final
20020620-0,Thursday,20-JUN-2002,16:20,A2, Approach (APR),Vieques Airport (VQS),Puerto Rico,10,0, Substantial, Repaired,Cessna 208B Grand Caravan,1,Pratt & Whitney Canada PT6A-114A,2001,-,550.0, N786DM, 208B0922,Isla Nena Air Services,Domestic Non Scheduled Passenger,-,Culebra Airport,CPX,TJCP,Puerto Rico,Vieques Airport,VQS,TJCG,Puerto Rico,1,9,0,0,-,-,Final
20020623-0,Sunday,23-JUN-2002,18:55,A2, Landing (LDG),"George Lake, MB",Canada,1,0, Substantial, Repaired,de Havilland Canada DHC-3 Otter,-,-,1957,-,-, C-GGON, 225,Whiteshell Air Service,Ferry/positioning,-,-,-,-,-,-,-,-,-,1,0,0,0,-,-,-
20020624-0,Monday,24-JUN-2002,16:11,A2, Takeoff (TOF),Stuttgart-Echterdingen Airport (STR),Germany,87,0, Substantial, Repaired,Boeing 717-2K9,2,BMW RR BR715,1999,-,6643.0, SX-BOA, 55056/5015,Olympic Aviation,International Scheduled Passenger, 192,Stuttgart-Echterdingen Airport,STR,EDDS,Germany,Thessaloniki International Airport,SKG,LGTS,Greece,6,81,0,0,-,-,Final
20020626-0,Wednesday,26-JUN-2002,12:54,A1, Landing (LDG),Shimojishima Airport (SHI),Japan,3,0, Damaged beyond repair,-,Boeing 767-281,2,General Electric CF6-80A,1987,-,35347.0, JA8254, 23433/167,All Nippon,Training,8254,Shimojishima Airport,SHI,RORS,Japan,Shimojishima Airport,SHI,RORS,Japan,3,0,0,0,-,-,Final
20020627-0,Thursday,27-JUN-2002,08:06,A1, Maneuvering (MNV),"near Dubovoye, Lipetsk Oblast",Russia,2,0, Damaged beyond repair,-,Antonov An-2R,-,-,1981,-,-, RA-84639, 1G191-17,Kostromskoye Avia Enterprise,Agricultural,-,-,-,-,-,-,-,-,-,2,0,0,0,-,-,Preliminary - official
20020630-0,Sunday,30-JUN-2002,09:00,A1, En route (ENR),"Lac Cojibo, QC",Canada,3,0, Damaged beyond repair,-,de Havilland Canada DHC-3 Otter,1,Pratt & Whitney R-1340-S3H1-G,1960,-,-, C-GUTQ, 402,Air Saguenay,Unknown,-,-,-,-,-,-,-,-,-,1,2,0,0,-,-,- (No safety board investigation)
20020701-0,Monday,01-JUL-2002,23:35,A1, En route (ENR),Überlingen,Germany,69,69, Destroyed, Written off (damaged beyond repair),Tupolev Tu-154M,3,Soloviev D-30KU-154-II,1995,-,10788.0, RA-85816, 95A1006,Bashkirskie Avialinii,Int'l Non Scheduled Passenger,2937,Moskva-Domodedovo Airport,DME,UUDD,Russia,Barcelona-El Prat Airport,BCN,LEBL,Spain,9,60,9,60,2,-,Final
20020701-1,Monday,01-JUL-2002,23:35,A1, En route (ENR),Überlingen,Germany,2,2, Damaged beyond repair,-,Boeing 757-23APF,2,Rolls-Royce RB211-535E4-37,1990,-,39022.0, A9C-DHL, 24635/258,DHL Aviation,Cargo, 611,Bergamo-Orio Al Serio Airport,BGY,LIME,Italy,Brussel-Zaventem Airport,BRU,EBBR,Belgium,2,0,2,0,69,-,Final
20020701-2,Monday,01-JUL-2002,23:50,A2, Taxi (TXI),"Pickle Lake Airport, ON (YPL)",Canada,2,0, Minor, Repaired,Canadair CL-215-6B11 (CL-415),2,Pratt & Whitney Canada PW123AF,1999,-,-, C-GOGZ, 2043,Province of Ontario,Fire fighting,-,Pickle Lake Airport,YPL,CYPL,Canada,Pickle Lake Airport,YPL,CYPL,Canada,2,0,0,0,-,-,-
20020704-0,Thursday,04-JUL-2002,11:15,A1, Approach (APR),Bangui,Central African Republic,30,28, Damaged beyond repair,-,Boeing 707-123B,4,Pratt & Whitney JT3D-1-MC6 ?,1967,-,-, 9XR-IS, 19335/593,New Gomair,Cargo,-,N'Djamena Airport,NDJ,FTTJ,Chad,Brazzaville-Maya Maya Airport,BZV,FCBB,Congo,9,21,8,20,-,-,Preliminary
20020708-0,Monday,08-JUL-2002,-,O1, Standing (STD),"Pittsburgh International Airport, PA (PIT)",United States of America,-,0, Damaged beyond repair,-,British Aerospace 4101 Jetstream 41,2,Garrett TPE331-12UHR,1994,-,-, N310UE, 41028,United Express,-,-,-,-,-,-,-,-,-,-,-,-,0,0,-,-,-
20020710-0,Wednesday,10-JUL-2002,20:42,A1, Landing (LDG),Werneuchen,Germany,20,0, Damaged beyond repair,-,Saab 2000,2,Allison AE2100A,1997,12069.0,12303.0, HB-IZY, 047,Swiss,International Scheduled Passenger, 850,Basel/Mulhouse-EuroAirport,BSL,LFSB,France,Hamburg-Fuhlsbüttel Airport,HAM,EDDH,Germany,4,16,0,0,-,-,Final
20020713-0,Saturday,13-JUL-2002,14:18,A1, Landing (LDG),Yakutsk Airport (YKS),Russia,4,0, Damaged beyond repair,-,Antonov An-24RV,2,Ivchenko AI-24VT,1974,-,-, RA-46670, 47309601,Sakha Avia,Training,-,Yakutsk Airport,YKS,UEEE,Russia,Yakutsk Airport,YKS,UEEE,Russia,4,0,0,0,-,-,Final
20020714-0,Sunday,14-JUL-2002,-,O2, Standing (STD),"Phoenix-Deer Valley Airport, AZ (DVT)",United States of America,0,0, Substantial, Repaired,Cessna 208B Grand Caravan,1,Pratt & Whitney Canada PT6A-114A,1993,-,-, N1032G, 208B0329,Sunrise Airlines,-,-,-,-,-,-,-,-,-,-,0,0,0,0,-,-,- (No safety board investigation)
20020716-0,Tuesday,16-JUL-2002,09:50,O1, Standing (STD),"Darwin Airport, NT (DRW)",Australia,0,0, Damaged beyond repair,-,Swearingen SA226-TC Metro II,2,Garrett TPE331-3UW-304G,1978,-,-, VH-MMY, TC-256,Hardy Aviation,-,-,-,-,-,-,-,-,-,-,0,0,0,0,-,-,Final
20020716-1,Tuesday,16-JUL-2002,-,A2, Landing (LDG),Irkutsk Airport (IKT),Russia,73,0, Substantial, Repaired,Tupolev Tu-134A,-,-,1974,-,-, RA-65605, 09070,Kras Air,Domestic Scheduled Passenger,-,Krasnoyarsk Airport,KJA,UNKL,Russia,Irkutsk Airport,IKT,UIII,Russia,7,66,0,0,-,-,Preliminary
20020716-2,Tuesday,16-JUL-2002,-,A1, En route (ENR),8 km (5 mls) from  Long Bawan Airport (LBW),Indonesia,10,9, Damaged beyond repair,-,IRMA/Britten-Norman BN-2A-6 Islander,-,-,1977,-,-, PK-TAR, 860,Borneo Air Transport,Domestic Scheduled Passenger,-,Tarakan-Juwata Airport,TRK,WALR,Indonesia,Long Bawan Airport,LBW,WRLB,Indonesia,2,8,2,7,-,-,-
20020717-0,Wednesday,17-JUL-2002,14:22,A1, En route (ENR),10 km (6.3 mls) N of Surkhet Airport (SKH),Nepal,4,4, Damaged beyond repair,-,de Havilland Canada DHC-6 Twin Otter 300,2,Pratt & Whitney Canada PT6A-27,1985,-,-, 9N-AGF, 828,Skyline Airways,Domestic Scheduled Passenger,-,Jumla Airport,JUM,VNJL,Nepal,Surkhet Airport,SKH,VNSK,Nepal,2,2,2,2,-,-,Preliminary
20020718-0,Thursday,18-JUL-2002,18:40,A1, Maneuvering (MNV),"10 km (6.3 mls) SW of Estes Park, CO",United States of America,2,2, Destroyed, Written off (damaged beyond repair),Consolidated PB4Y-2 Super Privateer,4,Wright R-2600-35,1945,-,8346.0, N7620C, 66260,Hawkins & Powers,Fire fighting,-,Broomfield-Jeffco Airport,BJC,KBJC,United States of America,Broomfield-Jeffco Airport,BJC,KBJC,United States of America,2,0,2,0,-,-,Final
20020725-0,Thursday,25-JUL-2002,-,A1, Unknown (UNK),Mugumo Coffee Farm,Kenya,7,0, Damaged beyond repair,-,de Havilland Canada DHC-5D Buffalo,-,-,-,-,-, registration unknown,-,Kenyan AF,Military,-,-,-,-,-,-,-,-,-,-,-,0,0,-,-,Preliminary
20020726-0,Friday,26-JUL-2002,05:37,A1, Landing (LDG),"Tallahassee Municipal Airport, FL (TLH)",United States of America,3,0, Destroyed, Written off (damaged beyond repair),Boeing 727-232F,3,Pratt & Whitney JT8D-15 (HK3),1974,23195.0,37980.0, N497FE, 20866/1067,FedEx,Cargo,1478,Memphis International Airport,MEM,KMEM,United States of America,Tallahassee Municipal Airport,TLH,KTLH,United States of America,3,0,0,0,-,-,Final
20020726-1,Friday,26-JUL-2002,-,A1, Takeoff (TOF),Kinshasa-N'Djili Airport (FIH),Democratic Republic of the Congo,21,0, Damaged beyond repair,-,Antonov An-26,-,-,-,-,-, 9Q-CMC,-,Africa One,Passenger,-,Kinshasa-N'Djili Airport,FIH,FZAA,Democratic Republic of the Congo,-,-,-,-,6,15,0,0,-,-,-
20020727-0,Saturday,27-JUL-2002,-,O1, Standing (STD),Lviv-Snilow Airport (LWO),Ukraine,0,0, Substantial, Written off (damaged beyond repair),Ilyushin Il-76MD,-,-,1987,-,-, UR-76717, 0073474216,Lvovskie avialinii,-,-,-,-,-,-,-,-,-,-,0,0,0,0,-,-,-
20020728-0,Sunday,28-JUL-2002,15:25,A1, Takeoff (TOF),"1,1 km (0.7 mls) N of Moskva-Sheremetyevo Airport (SVO)",Russia,16,14, Destroyed, Written off (damaged beyond repair),Ilyushin Il-86,4,Kuznetsov NK-86,1983,-,18363.0, RA-86060, 51483203027,Pulkovo,Ferry/positioning,-,Moskva-Sheremetyevo Airport,SVO,UUEE,Russia,Saint Petersburg-Pulkovo Airport,LED,ULLI,Russia,16,0,14,0,-,-,Preliminary
20020802-0,Friday,02-AUG-2002,-,A1, Landing (LDG),Pimu Airstrip,Democratic Republic of the Congo,7,0, Damaged beyond repair,-,Cessna 208 Caravan I,1,Pratt & Whitney Canada PT6A-114,1985,-,-, F-OHLG, 20800061,Aviation Sans Frontières,Non Scheduled Passenger,-,-,-,-,-,-,-,-,-,2,5,0,0,-,-,-
20020807-0,Wednesday,07-AUG-2002,20:50,A1, En route (ENR),near Caguas,Puerto Rico,10,10, Damaged beyond repair,-,Lockheed MC-130H Combat Talon II,-,-,1991,-,-, 90-0161, 5265,USAF,Military,-,Aguadilla-Borinquen Airport,BQN,TJBQ,Puerto Rico,-,-,-,-,-,-,-,-,-,-,Final
20020808-0,Thursday,08-AUG-2002,-,A1, Landing (LDG),Kinshasa-N'Djili Airport (FIH),Democratic Republic of the Congo,200,0, Damaged beyond repair,-,Lockheed L-1011 TriStar 250,3,Rolls-Royce RB211-524B41,1982,21669.0,71317.0, 9Q-CHA, 1227,Hewa Bora Airways,International Scheduled Passenger,-,Kinshasa-N'Djili Airport,FIH,FZAA,Democratic Republic of the Congo,Brussel-Zaventem Airport,BRU,EBBR,Belgium,-,-,0,0,-,-,Preliminary
20020808-1,Thursday,08-AUG-2002,-,A1, Takeoff (TOF),"near Sladkiy Liman, Kanev district, Krasnodar region",Russia,2,2, Destroyed, Written off (damaged beyond repair),Antonov An-2R,-,-,1987,-,-, RA-33322, 1G225-41,Eisk-avia,Illegal Flight,-,-,-,-,-,-,-,-,-,2,0,2,0,-,-,-
20020813-0,Tuesday,13-AUG-2002,11:20,A1, Landing (LDG),"Big Bear City Airport, CA (RBF)",United States of America,7,0, Destroyed, Written off (damaged beyond repair),Cessna S550 Citation S/II,2,Pratt & Whitney Canada JT15D-4B,-,-,5776.0, N50BK, S550-0031,Corporate Flight Int.,Executive, 850,Las Vegas-McCarran International Airport,LAS,KLAS,United States of America,-,-,-,-,2,5,0,0,-,-,Final
20020813-1,Tuesday,13-AUG-2002,-,A1, Unknown (UNK),Vagai,Russia,15,0, Damaged beyond repair,-,Antonov An-2,-,-,-,-,-, registration unknown,-,Unknown,Passenger,-,-,-,-,-,-,-,-,-,-,-,0,0,-,-,-
20020813-2,Tuesday,13-AUG-2002,12:25,A1, Taxi (TXI),"Manaus-Eduardo Gomes International Airport, AM (MAO)",Brazil,25,0, Substantial, Written off (damaged beyond repair),Embraer EMB-120RT Brasilia,2,Pratt & Whitney Canada PW118,1986,-,26756.0, PT-WGE, 120004,Rico Linhas Aéreas,Domestic Scheduled Passenger,4847,-,-,-,-,Manaus-Eduardo Gomes International Airport,MAO,SBEG,Brazil,3,22,0,0,-,-,Final
20020813-3,Tuesday,13-AUG-2002,08:15,A2, Landing (LDG),Muyowasi-Murungu Airstrip,Tanzania,10,0, Substantial, Repaired,Reims Cessna F406 Caravan II,2,Pratt & Whitney Canada PT6A-112,1988,-,-, 5H-TZC, F406-0028,Tanzanair,Domestic Non Scheduled Passenger,-,Dar es Salaam International Airport,DAR,HTDA,Tanzania,-,-,-,-,1,9,0,0,-,-,Preliminary - official
20020815-0,Thursday,15-AUG-2002,12:35,A1, En route (ENR),Kadjuduwa Watta,Sri Lanka,5,5, Damaged beyond repair,-,Shaanxi Yunshuji Y-8B,4,Zhuzhou WJ6,-,-,-, CR873, 070802,Sri Lanka AF,Military,-,Colombo-Ratmalana Airport,RML,VCCC,Sri Lanka,Colombo-Ratmalana Airport,RML,VCCC,Sri Lanka,5,0,5,0,-,-,Preliminary
20020815-1,Thursday,15-AUG-2002,19:36,A2, Landing (LDG),Karachi-Quaid-E-Azam International Airport (KHI),Pakistan,7,0, Substantial, Repaired,Antonov An-12BK,4,Ivchenko AI-20M,1970,-,-, 4R-AIA, 00347107,Intercity Airways,Cargo,-,-,-,-,-,Karachi-Quaid-E-Azam International Airport,KHI,OPKC,Pakistan,7,0,0,0,-,-,Preliminary
20020818-0,Sunday,18-AUG-2002,13:28,A1, Landing (LDG),Olbia-Costa Smeralda Airport (OLB),Italy,2,0, Damaged beyond repair,-,Learjet 35A,2,Garrett TFE731-2-2B,1979,-,-, EC-GXX, 35A-263,Sky Service Aviation,Ferry/positioning,-,Biarritz Parme Airport,BIQ,LFBZ,France,Olbia-Costa Smeralda Airport,OLB,LIEO,Italy,2,0,0,0,-,-,Final
20020819-0,Monday,19-AUG-2002,-,A2, Landing (LDG),Nepalganj Airport (KEP),Nepal,-,0, Minor, Repaired,de Havilland Canada DHC-6 Twin Otter 300,-,-,1979,-,-, 9N-ABQ, 655,Royal Nepal Airlines,Domestic Scheduled Passenger,-,-,-,-,-,Nepalganj Airport,KEP,VNNG,Nepal,-,-,0,0,-,-,-
20020822-0,Thursday,22-AUG-2002,-,A1, Approach (APR),5 km (3.1 mls) SE of Pokhara,Nepal,18,18, Damaged beyond repair,-,de Havilland Canada DHC-6 Twin Otter 300,2,Pratt & Whitney Canada PT6A-27,1981,-,-, 9N-AFR, 762,Shangri-La Air,Domestic Scheduled Passenger,-,Jomsom Airport,JMO,VNJS,Nepal,Pokhara Airport,PKR,VNPK,Nepal,3,15,3,15,-,-,Preliminary
20020828-0,Wednesday,28-AUG-2002,16:50,A1, Landing (LDG),"Diavik Airport, NT (DVK)",Canada,2,0, Damaged beyond repair,-,Douglas C-54E (DC-4),4,Pratt & Whitney R-2000-6,1944,-,-, C-GQIC, 27343,Buffalo Airways,Cargo, 928,Yellowknife Airport,YZF,CYZF,Canada,-,-,-,-,2,0,0,0,-,-,Preliminary - official
20020828-1,Wednesday,28-AUG-2002,18:44,A1, Landing (LDG),"Phoenix-Sky Harbor International Airport, AZ (PHX)",United States of America,159,0, Substantial, Written off (damaged beyond repair),Airbus A320-231,2,IAE V2500-A1,1990,18530.0,40084.0, N635AW, 092,America West,Domestic Scheduled Passenger, 794,Houston-George Bush Intercontinental Airport,IAH,KIAH,United States of America,Phoenix-Sky Harbor International Airport,PHX,KPHX,United States of America,5,154,0,0,-,-,Final
20020829-0,Thursday,29-AUG-2002,18:56,A1, Approach (APR),"4,8 km (3 mls) SW of Ayan",Russia,16,16, Damaged beyond repair,-,Antonov An-28,2,Glushenkov TVD-10B,1990,-,-, RA-28932, 1AJ008-19,Vostok Aviakompania,Domestic Scheduled Passenger, 359,-,-,-,-,-,-,-,-,2,14,2,14,-,-,Final
20020830-0,Friday,30-AUG-2002,17:52,A1, Approach (APR),"1,5 km (0.9 mls) from  Rio Branco-Plácido de Castro International Airport, AC (RBR)",Brazil,31,23, Damaged beyond repair,-,Embraer EMB-120ER Brasilia,2,Pratt & Whitney Canada PW118,1987,-,-, PT-WRQ, 120043,Rico Linhas Aéreas,Domestic Scheduled Passenger,4823,Tarauacá Airport,TRQ,SBTK,Brazil,Rio Branco-Plácido de Castro International Airport,RBR,SBRB,Brazil,3,28,3,20,-,-,Preliminary
20020830-1,Friday,30-AUG-2002,10:45,A1, En route (ENR),"Birigui, SP",Brazil,29,0, Damaged beyond repair,-,Fokker 100,2,Rolls-Royce Tay 650-15,1994,-,-, PT-MQH, 11512,TAM Brasil,Domestic Scheduled Passenger,3804,São Paulo-Guarulhos International Airport,GRU,SBGR,Brazil,Campo Grande Internacional Airport,CGR,SBCG,Brazil,5,24,0,0,-,-,Preliminary - official
20020830-2,Friday,30-AUG-2002,12:05,A1, Landing (LDG),"São Paulo-Viracopos Airport, SP (VCP)",Brazil,38,0, Damaged beyond repair,-,Fokker 100,2,Rolls-Royce Tay 650-15,1993,-,-, PT-MRL, 11441,TAM Brasil,Domestic Scheduled Passenger,3499,Salvador-Deputado Luís Eduardo Magalhães International Airport,SSA,SBSV,Brazil,São Paulo-Guarulhos International Airport,GRU,SBGR,Brazil,5,33,0,0,-,-,Preliminary - official
20020830-3,Friday,30-AUG-2002,13:07,A1, Landing (LDG),"Lexington-Blue Grass Airport, KY (LEX)",United States of America,5,1, Destroyed, Written off (damaged beyond repair),Learjet 25C,-,-,-,-,7514.0, N45CP, 25-073,Care Flight Int.,Ambulance,-,Marco Island Airport,MRK,KMKY,United States of America,Lexington-Blue Grass Airport,LEX,KLEX,United States of America,3,2,0,1,-,-,Final
20020902-0,Monday,02-SEP-2002,-,A1, En route (ENR),15 km (9.4 mls) from  Xichang,China,3,3, Damaged beyond repair,-,Cessna 650 Citation VI,2,Garrett TFE731-3B-100S,1992,-,-, B-7023, 650-0221,CAAC,Survey/research,-,Xichang Airport,XIC,ZUXC,China,Xichang Airport,XIC,ZUXC,China,3,0,3,0,-,-,-
20020903-0,Tuesday,03-SEP-2002,-,A1, Landing (LDG),Silimo,Indonesia,3,0, Damaged beyond repair,-,de Havilland Canada DHC-6 Twin Otter 300,2,Pratt & Whitney Canada PT6A-27,1976,-,-, PK-YPQ, 498,Trigana Air Service,Cargo,-,-,-,-,-,-,-,-,-,3,0,0,0,-,-,Preliminary
20020904-0,Wednesday,04-SEP-2002,18:51,A1, Landing (LDG),Manila-Ninoy Aquino International Airport (MNL),Philippines,49,0, Damaged beyond repair,-,de Havilland Canada DHC-7-102,4,Pratt & Whitney Canada PT6A-50,1982,-,-, RP-C2788, 89,Asian Spirit,Domestic Scheduled Passenger, 897,Manila-Ninoy Aquino International Airport,MNL,RPLL,Philippines,Caticlan-Malay Airport,MPH,RPVE,Philippines,4,45,0,0,-,-,Preliminary
20020907-0,Saturday,07-SEP-2002,-,O1, Standing (STD),Andros Town Airport (ASD),Bahamas,-,0, Damaged beyond repair,-,Swearingen SA227-AC Metro III,-,-,1984,-,-, C6-SAW, AC-599,Western Air,Unknown,-,-,-,-,-,Andros Town Airport,ASD,MYAF,Bahamas,-,-,0,0,-,-,-
20020909-0,Monday,09-SEP-2002,-,H2, En route (ENR),Mahe Island-Seychelles International Airport (SEZ),Seychelles,72,0, None,-,Boeing 737-7Q8,2,CFMI CFM56-7B22,2001,-,-, S7-SEZ, 30727/1005,Air Seychelles,International Scheduled Passenger, 017,Mumbai-Chhatrapati Shivaji International Airport,BOM,VABB,India,Mahe Island-Seychelles International Airport,SEZ,FSIA,Seychelles,8,64,0,0,-,-,-
20020909-1,Monday,09-SEP-2002,-,A1, Takeoff (TOF),Inongo Airport (INO),Democratic Republic of the Congo,-,0, Damaged beyond repair,-,Antonov An-32B,-,-,1991,-,-, 9Q-CMD, 2210,Malift Air,Unknown,-,Inongo Airport,INO,FZBA,Democratic Republic of the Congo,-,-,-,-,-,-,0,0,-,-,-
20020914-0,Saturday,14-SEP-2002,05:40,A1, En route (ENR),"38 km (23.8 mls) S of Paranapanema, SP",Brazil,2,2, Destroyed, Written off (damaged beyond repair),ATR 42-312,2,Pratt & Whitney Canada PW120,1986,22922.0,33371.0, PT-MTS, 026,TOTAL Linhas Aéreas,Cargo,5561,São Paulo-Guarulhos International Airport,GRU,SBGR,Brazil,Londrina Airport,LDB,SBLO,Brazil,2,0,2,0,-,-,Final
20020914-1,Saturday,14-SEP-2002,-,A1, Initial climb (ICL),"2,5 km (1.6 mls) from  Shalinskoye",Russia,14,13, Damaged beyond repair,-,Antonov An-2,-,-,1972,-,-, RA-56888,-,ROSTO Krasnoyarsk,Parachuting,-,-,-,-,-,-,-,-,-,1,13,1,12,-,-,-
20020915-0,Sunday,15-SEP-2002,-,A1, Landing (LDG),Nzagi Airport (NZA),Angola,-,0, Damaged beyond repair,-,Ilyushin Il-18V,4,Ivchenko AI-20K,1962,-,-, EX-904, 182004904,Phoenix Aviation,Unknown,-,-,-,-,-,Nzagi Airport,NZA,FNZG,Angola,-,-,0,0,-,-,-
20020915-1,Sunday,15-SEP-2002,-,A2, Unknown (UNK),Moskva-Bykovo Airport (BKA),Russia,-,0, Substantial, Repaired,Ilyushin Il-18V,4,Ivchenko AI-20M,1962,3176.0,10058.0, RA-75423, 182005601,IRS Aero,Unknown,-,-,-,-,-,-,-,-,-,-,-,0,0,-,-,Preliminary
20020928-0,Saturday,28-SEP-2002,11:35,A1, Approach (APR),"105 km (65.6 mls) N of Natashquan, QC",Canada,4,3, Damaged beyond repair,-,de Havilland Canada DHC-3 Otter,1,Pratt & Whitney Canada PT6A-135,1959,-,-, C-FLGA, 279,Deraps Aviation,Domestic Non Scheduled Passenger,-,-,-,-,-,-,-,-,-,1,3,0,3,-,-,Final
20020929-0,Sunday,29-SEP-2002,09:13,A1, Takeoff (TOF),"Hawthorne Airport, CA (HHR)",United States of America,21,0, Substantial, Written off (damaged beyond repair),Swearingen SA227-AC Metro III,2,Garrett TPE331-11U-611G,1983,44949.0,30660.0, N343AE, AC-554,Skylink Charter,Domestic Non Scheduled Passenger,-,Hawthorne Airport,HHR,KHHR,United States of America,Grand Canyon-National Park Airport,GCN,KGCN,United States of America,2,19,0,0,-,-,Final
20020929-1,Sunday,29-SEP-2002,09:34,A1, Landing (LDG),"Basel, Switzerland/Mulhouse-EuroAirport Swiss (BSL)",France,2,0, Substantial, Written off (damaged beyond repair),Cessna 551 Citation II/SP,-,-,1979,-,-, D-IEAR, 551-0018,Rieker Air Service,Ferry/positioning,-,-,-,-,-,Basel/Mulhouse-EuroAirport,BSL,LFSB,France,2,0,0,0,-,-,Final
20020930-0,Monday,30-SEP-2002,-,A1, En route (ENR),68 km (42.5 mls) from  Bodaybo,Russia,5,0, Damaged beyond repair,-,Antonov An-2,-,-,1977,-,-, RA-62587, 1G176-56,Bodaibo Air Enterprise,Cargo,-,-,-,-,-,-,-,-,-,3,2,0,0,-,-,Final
20021001-0,Tuesday,01-OCT-2002,-,A1, Unknown (UNK),near Goa-Dabolim Airport (GOI),India,6,6, Damaged beyond repair,-,Ilyushin Il-38,-,-,-,-,-, IN-302, 081011009,Indian Navy,Military,-,-,-,-,-,-,-,-,-,-,-,-,-,6,3,-
20021001-1,Tuesday,01-OCT-2002,-,A1, Unknown (UNK),near Goa-Dabolim Airport (GOI),India,6,6, Damaged beyond repair,-,Ilyushin Il-38,-,-,-,-,-, IN-304, 080010610,Indian Navy,Military,-,-,-,-,-,-,-,-,-,-,-,-,-,6,-,-
20021007-0,Monday,07-OCT-2002,10:17,A1, Landing (LDG),"Dexter Regional Airport, ME",United States of America,4,0, Substantial, Written off (damaged beyond repair),Cessna 525A CitationJet CJ2,2,Williams International FJ44-2C,-,-,113.0, N57EJ, 525A-0057,Exec-Jet,Executive,-,-,-,-,-,-,-,-,-,1,3,0,0,-,-,Final
20021007-1,Monday,07-OCT-2002,09:10,A1, Landing (LDG),"Santa Cruz do Sul Airport, RS (CSU)",Brazil,5,1, Damaged beyond repair,-,Learjet 60,2,Pratt & Whitney Canada PW305A,-,-,-, N5027Q, 60-242,American Virginia,Unknown,-,Marília-Dr Gastão Vidigal Airport,MII,SBML,Brazil,Santa Cruz do Sul Airport,CSU,SSSC,Brazil,3,2,1,0,-,-,Preliminary
20021015-0,Tuesday,15-OCT-2002,-,H2, En route (ENR),Khartoum,Sudan,204,0, None,-,Airbus A300B4-620,2,Pratt & Whitney JT9D-7R4H1,1984,-,-, HZ-AJ.,-,Saudi Arabian,International Scheduled Passenger, 450,Khartoum-Civil Airport,KRT,HSSS,Sudan,Jeddah-King Abdulaziz International Airport,JED,OEJN,Saudi Arabia,19,185,0,0,-,-,-
20021015-1,Tuesday,15-OCT-2002,12:24,O1, Taxi (TXI),"Memphis International Airport, TN (MEM)",United States of America,2,0, Damaged beyond repair,-,Avro RJ85,4,Lycoming LF507-1F,1999,-,-, N528XJ, E2353,Northwest Airlink,-,-,-,-,-,-,-,-,-,-,2,0,0,0,-,-,- (No safety board investigation)
20021016-0,Wednesday,16-OCT-2002,06:32,A2, Landing (LDG),Teesside International Airport (MME),United Kingdom,446,0, Minor, Repaired,Boeing 747-267B,4,Rolls-Royce RB211-524C2,1980,-,-, TF-ATD, 21966/446,Air Atlanta Icelandic,Int'l Non Scheduled Passenger,-,Calgary International Airport,YYC,CYYC,Canada,Teesside International Airport,MME,EGNV,United Kingdom,16,430,0,0,-,-,Final
20021016-1,Wednesday,16-OCT-2002,18:15,A2, En route (ENR),near Paderborn-Lippstadt,Germany,20,0, Substantial, Repaired,Dornier 228-200,2,Garrett TPE331-5-252D,1986,-,12240.0, D-IKBA, 8066,LGW,Domestic Scheduled Passenger, 615,Leipzig Airport,LEJ,EDDP,Germany,Dortmund Airport,DTM,EDLW,Germany,2,18,0,0,-,-,Final
20021023-0,Wednesday,23-OCT-2002,04:57,A1, Landing (LDG),Bishkek Airport (FRU),Kyrgyzstan,9,0, Destroyed, Written off (damaged beyond repair),Ilyushin Il-62M,4,Soloviev D-30KU,1976,6060.0,34662.0, RA-86452, 1622212,Tretyakovo,Ferry/positioning,-,Moskva-Domodedovo Airport,DME,UUDD,Russia,Bishkek-Manas International Airport,FRU,UAFM,Kyrgyzstan,9,0,0,0,-,-,Final
20021023-1,Wednesday,23-OCT-2002,19:45,A1, En route (ENR),"8 km (5 mls) NW of Spanish Fort, AL",United States of America,1,1, Destroyed, Written off (damaged beyond repair),Cessna 208B Super Cargomaster,1,Pratt & Whitney Canada PT6A-114A,1999,-,4001.0, N76U, 208B0775,Mid-Atlantic Freight,Cargo, 282,Mobile Aerospace Field,BFM,KBFM,United States of America,Montgomery-Dannelly Field,MGM,KMGM,United States of America,1,0,1,0,-,-,Final
20021025-0,Friday,25-OCT-2002,10:22,A1, Approach (APR),"3,3 km (2.1 mls) SE of Eveleth-Virginia Municipal Airport, MN (EVM)",United States of America,8,8, Destroyed, Written off (damaged beyond repair),Beechcraft A100 King Air,2,Pratt & Whitney Canada PT6A-28,1979,-,-, N41BE, B-245,Aviation Charter,Domestic Non Scheduled Passenger,-,St. Paul Downtown Airport,STP,KSTP,United States of America,Eveleth-Virginia Municipal Airport,EVM,KEVM,United States of America,2,6,2,6,-,-,Final
20021028-0,Monday,28-OCT-2002,-,H2, En route (ENR),Fuzhou Airport (FOC),China,-,0, Unknown, Written off (damaged beyond repair),Boeing 737 or 757,-,-,-,-,-, registration unknown,-,Shanghai Airlines,Domestic Scheduled Passenger,-,Shanghai-Hongqiao Airport,SHA,ZSSS,China,Fuzhou Airport,FOC,ZSFZ,China,-,-,0,0,-,-,-
20021031-0,Thursday,31-OCT-2002,22:15,A1, Landing (LDG),Monterrey-Gen Mariano Escobedo Airport (MTY),Mexico,90,0, Damaged beyond repair,-,McDonnell Douglas DC-9-32,2,Pratt & Whitney JT8D-17,1980,-,-, XA-AMF, 48130/976,Aeroméxico,Domestic Scheduled Passenger, 254,Guadalajara-Don Miguel Hidalgo y Costilla International Airport,GDL,MMGL,Mexico,Monterrey-General Mariano Escobedo Airport,MTY,MMMY,Mexico,4,86,0,0,-,-,Preliminary - official
20021102-0,Saturday,02-NOV-2002,17:02,A1, Landing (LDG),Sligo-Collooney Airport (SXL),Ireland,40,0, Damaged beyond repair,-,Fokker F-27 Friendship 500RF,2,Rolls-Royce Dart 532-7,1984,-,27452.0, G-ECAT, 10672,Euroceltic Airways,International Scheduled Passenger, 406,Dublin Airport,DUB,EIDW,Ireland,Sligo-Collooney Airport,SXL,EISG,Ireland,4,36,0,0,-,-,Final
20021106-0,Wednesday,06-NOV-2002,10:06,A1, Approach (APR),1 km (0.6 mls) NE of Niederanven,Luxembourg,22,20, Damaged beyond repair,-,Fokker 50,2,Pratt & Whitney Canada PW125B,1991,24068.0,21836.0, LX-LGB, 20221,Luxair,International Scheduled Passenger,LG9642,Berlin-Tempelhof Airport,THF,EDDI,Germany,Luxembourg-Findel Airport,LUX,ELLX,Luxembourg,3,19,2,18,-,-,Final
20021107-0,Thursday,07-NOV-2002,11:30,A1, Landing (LDG),Kome,Chad,6,0, Damaged beyond repair,-,Antonov An-12BK,4,Ivchenko AI-20M,1968,-,-, 4K-AZ21, 8345609,Silk Way,Cargo,4132,N'Djamena Airport,NDJ,FTTJ,Chad,-,-,-,-,6,0,0,0,-,-,Preliminary
20021107-1,Thursday,07-NOV-2002,10:27,A1, En route (ENR),"1,5 km (0.9 mls) from  Juwata",Indonesia,10,7, Damaged beyond repair,-,IRMA/Britten-Norman BN-2A-21 Islander,2,Lycoming IO-540-K1B5,1973,-,-, PK-VIZ, 697,Dirgantara Air Services,Domestic Scheduled Passenger,-,Tarakan-Juwata Airport,TRK,WALR,Indonesia,Long Bawan Airport,LBW,WRLB,Indonesia,1,9,1,6,-,-,-
20021108-0,Friday,08-NOV-2002,10:20,A1, En route (ENR),"4,8 km (3 mls) S of Parks, AZ",United States of America,4,4, Destroyed, Written off (damaged beyond repair),Cessna 208B Grand Caravan,1,Pratt & Whitney Canada PT6A-114A,2002,-,-, N514DB, 208B0971,Brown County Financial Svc,Private,-,Las Vegas-McCarran International Airport,LAS,KLAS,United States of America,Midland International Airport,MAF,KMAF,United States of America,2,2,2,2,-,-,Final
20021108-1,Friday,08-NOV-2002,14:57,A1, Approach (APR),"near Taos, NM",United States of America,2,2, Destroyed, Written off (damaged beyond repair),IAI 1124A Westwind II,2,Garrett TFE731-3-1G,1983,-,3428.0, N61RS, 384,Richmor Aviation,Ferry/positioning,-,Las Vegas-McCarran International Airport,LAS,KLAS,United States of America,Taos Airport,TSM,KSKX,United States of America,2,0,2,0,-,-,Final
20021109-0,Saturday,09-NOV-2002,19:00,A1, Approach (APR),"1,3 km (0.8 mls) from  Antalya Airport (AYT)",Turkey,27,0, Damaged beyond repair,-,Antonov An-26B,2,Ivchenko AI-24VT,1980,-,-, RA-26012, 10007,Tyumenaviatrans,Int'l Non Scheduled Passenger,TMN9012,Hurghada Airport,HRG,HEGN,Egypt,Antalya Airport,AYT,LTAI,Turkey,8,19,0,0,-,-,Preliminary
20021111-0,Monday,11-NOV-2002,06:07,A1, En route (ENR),off Manila-Ninoy Aquino International Airport (MNL) [Manila Bay],Philippines,34,19, Damaged beyond repair,-,Fokker F-27 Friendship 600,2,Rolls-Royce Dart 535-7,1978,-,-, RP-C6888, 10571,Laoag,Domestic Scheduled Passenger, 585,Manila-Ninoy Aquino International Airport,MNL,RPLL,Philippines,Laoag Airport,LAO,RPLI,Philippines,5,29,1,18,-,-,Preliminary
20021112-0,Tuesday,12-NOV-2002,20:52,A1, Landing (LDG),"Sandspit Airport, BC (YZP)",Canada,4,0, Damaged beyond repair,-,Cessna 550 Citation II,2,Pratt & Whitney Canada JT15D-4,1987,-,8143.0, C-GYCJ, 550-0561,Canada Jet Charters,Ambulance,-,Vancouver International Airport,YVR,CYVR,Canada,Sandspit Airport,YZP,CYZP,Canada,2,2,0,0,-,-,Final
20021112-1,Tuesday,12-NOV-2002,-,H2, En route (ENR),"Brasília-Kubitschek International Airport, DF (BSB)",Brazil,73,0, None,-,Boeing 737,-,-,-,-,-, registration unknown,-,Gol,Domestic Scheduled Passenger,1701,Cuiabá-Marechal Rondon International Airport,CGB,SBCY,Brazil,Brasília-Presidente Juscelino Kubitschek International Airport,BSB,SBBR,Brazil,6,67,0,0,-,-,-
20021117-0,Sunday,17-NOV-2002,-,H2, En route (ENR),Istanbul-Atatürk International Airport (IST),Turkey,170,0, None,-,Boeing 757-258ER,-,-,1990,-,-, 4X-EBS, 24884/325,El Al,International Scheduled Passenger, 581,Tel Aviv-Ben Gurion International Airport,TLV,LLBG,Israel,Istanbul-Atatürk International Airport,IST,LTBA,Turkey,-,-,0,0,-,-,-
20021127-0,Wednesday,27-NOV-2002,-,H2, En route (ENR),Lyon Satolas Airport (LYS),France,74,0, None,-,McDonnell Douglas DC-9-80 (MD-80),-,-,-,-,-, registration unknown,-,Alitalia,International Scheduled Passenger,AZ363,Bologna-Guglielmo Marconi Airport,BLQ,LIPE,Italy,Paris-Charles de Gaulle Airport,CDG,LFPG,France,7,67,0,0,-,-,- (No safety board investigation)
20021128-0,Thursday,28-NOV-2002,13:30,A1, Approach (APR),1 km (0.6 mls) from  Ol Kiombo Airstrip,Kenya,20,1, Damaged beyond repair,-,Let L-410UVP-E20,2,Walter M-601E,1987,-,-, 5Y-ONT, 871812,Eagle Aviation,Domestic Non Scheduled Passenger,-,-,-,-,-,Mombasa-Moi International Airport,MBA,HKMO,Kenya,2,18,1,0,-,-,Final
20021128-1,Thursday,28-NOV-2002,07:15,C2, En route (ENR),near Mombasa-Moi International Airport (MBA),Kenya,271,0, None,-,Boeing 757-3E7,2,Rolls-Royce RB211-535E4B,2000,-,-, 4X-BAW, 30179/912,Arkia,Int'l Non Scheduled Passenger, 582,Mombasa-Moi International Airport,MBA,HKMO,Kenya,Tel Aviv-Ben Gurion International Airport,TLV,LLBG,Israel,10,261,0,0,-,-,Preliminary
20021201-0,Sunday,01-DEC-2002,23:10,A1, Landing (LDG),"Marília, SP",Brazil,7,0, Damaged beyond repair,-,Cessna 500 Citation I,-,-,1975,-,-, PT-LIY, 500-0219,American Virginia,Executive,-,Goiânia-Santa Genoveva Airport,GYN,SBGO,Brazil,Marília-Dr Gastão Vidigal Airport,MII,SBML,Brazil,2,5,0,0,-,-,Final
20021203-0,Tuesday,03-DEC-2002,06:12,A1, Takeoff (TOF),"Astoria Airport, OR (AST)",United States of America,4,0, Destroyed, Written off (damaged beyond repair),Learjet 36A,2,Garrett TFE731-2-2B,1980,-,12335.0, N546PA, 36-045,CFF Air,Military,-,Astoria Airport,AST,KAST,United States of America,Astoria Airport,AST,KAST,United States of America,2,2,0,0,-,-,Final
20021206-0,Friday,06-DEC-2002,-,A1, Approach (APR),near Murgas,Cuba,10,0, Damaged beyond repair,-,Embraer EMB-110P Bandeirante,-,-,1976,-,-, CU-T1110, 110098,Aerotaxi,Domestic Scheduled Passenger,-,Holguín-Frank Pais Airport,HOG,MUHG,Cuba,Havana-José Martí International Airport,HAV,MUHA,Cuba,-,-,0,0,-,-,Preliminary
20021207-0,Saturday,07-DEC-2002,-,A1, Standing (STD),Xian-Xianyang Airport (XIY),China,-,0, Damaged beyond repair,-,de Havilland Canada DHC-8-402 Q400,2,Pratt & Whitney Canada PW150A,2000,-,-, B-3567, 4005,Changan Airlines,Unknown,-,-,-,-,-,-,-,-,-,-,-,0,0,-,-,Preliminary
20021208-0,Sunday,08-DEC-2002,-,O1, Standing (STD),Guam-A.B. Won Pat International Airport (GUM),Guam,0,0, Damaged beyond repair,-,Ilyushin Il-76TD,4,Soloviev D-30KP-2,1986,-,-, RA-76758, 0073474203,Volga-Dnepr,-,-,-,-,-,-,-,-,-,-,0,0,0,0,-,-,Preliminary
20021208-1,Sunday,08-DEC-2002,10:12,A2, En route (ENR),"30 km (18.8 mls) ESE of Brisbane, QLD",Australia,200,0, Substantial, Repaired,Boeing 767-219ER,2,General Electric CF6-80A,1986,20390.0,68007.0, ZK-NBC, 23328/149,Air New Zealand,International Scheduled Passenger,-,Brisbane International Airport,BNE,YBBN,Australia,Auckland International Airport,AKL,NZAA,New Zealand,10,190,0,0,-,-,Final
20021208-2,Sunday,08-DEC-2002,-,O1, Standing (STD),Guam-A.B. Won Pat International Airport (GUM),Guam,0,0, Damaged beyond repair,-,Shorts 330-200,-,-,1979,-,-, N51AN, SH.3039,Freedom Air,-,-,-,-,-,-,-,-,-,-,0,0,0,0,-,-,Preliminary
20021208-3,Sunday,08-DEC-2002,-,O1, Standing (STD),Guam-A.B. Won Pat International Airport (GUM),Guam,-,0, Damaged beyond repair,-,Shorts 330-200,-,-,1978,-,-, N76NF, SH.3044,Freedom Air,-,-,-,-,-,-,-,-,-,-,-,-,0,0,-,-,Preliminary
