identifiant,week_day,date,time,type_event,phase,location,country,total_occupants,total_fatalities,aircraft_damage,aircraft_fate,type_aircraft,number_engines,type_engines,first_flight,cycles,total_airframe_hours,registration,c_n_msn,operator,nature,flight_number,departure_airport_name,departure_airport_IATA,departure_airport_ICAO,departure_airport_country,destination_airport_name,destination_airport_IATA,destination_airport_ICAO,destination_airport_country,crew_number,passengers_number,crew_fatalities,passengers_fatalities,collision_casualties,ground_casualties,status
19501104-1,Saturday,04-NOV-1950,-,A1, Takeoff (TOF),Misawa Air Base (MSJ),Japan,-,-, Damaged beyond repair,-,Douglas SC-47D,2,Pratt & Whitney R-1830-90,1944,-,-, 43-49681, 26942/15497,USAF,Military,-,Misawa Airport,MSJ,RJSM,Japan,-,-,-,-,-,-,-,-,-,-,-
19501105-0,Sunday,05-NOV-1950,-,A1, Unknown (UNK),"Schofields, NSW",Australia,-,-, Damaged beyond repair,-,Douglas C-47B-35-DK (DC-3),2,Pratt & Whitney R-1830-90C,1945,-,-, A65-116, 33453/16705,RAAF,Military,-,-,-,-,-,-,-,-,-,-,-,-,-,-,-,-
19501107-0,Tuesday,07-NOV-1950,08:15,A1, Approach (APR),"5 km (3.1 mls) E of Butte Airport, MT (BTM)",United States of America,21,21, Damaged beyond repair,-,Martin 2-0-2,2,Pratt & Whitney R-2800-CA18,1947,-,6166.0, N93040, 9161,Northwest Orient Airlines,Domestic Scheduled Passenger, 115,Helena Airport,HLN,KHLN,United States of America,Butte Airport,BTM,KBTM,United States of America,4,17,4,17,-,-,Final
19501107-1,Tuesday,07-NOV-1950,-,A1, Takeoff (TOF),Arctic Ice Station SP-2,Arctic Ocean,-,-, Damaged beyond repair,-,Lisunov PS-84,-,-,-,-,-, CCCP-N359, 23441901,GUSMP,Unknown,-,-,-,-,-,-,-,-,-,-,-,-,-,-,-,-
19501108-0,Wednesday,08-NOV-1950,-,A1, Unknown (UNK),La Paz-El Alto Airport (LPB),Bolivia,2,0, Damaged beyond repair,-,Curtiss C-46D-10-CU Commando,-,-,1945,-,-, CB-47, 33245,Frigorífico Cooperativo Los Andes,Cargo,-,-,-,-,-,-,-,-,-,2,0,0,0,-,-,-
19501109-0,Thursday,09-NOV-1950,-,A1, Landing (LDG),"Kenai Airport, AK (ENA)",United States of America,-,-, Damaged beyond repair,-,Douglas C-47D,2,Pratt & Whitney R-1830-90,1944,-,-, 43-49529, 26790/15345,USAF,Military,-,-,-,-,-,Kenai Airport,ENA,PAEN,United States of America,-,-,-,-,-,-,-
19501109-1,Thursday,09-NOV-1950,-,A1, Unknown (UNK),"4,5 km (2.8 mls) N of Pyongyang",North Korea,3,3, Damaged beyond repair,-,Douglas C-54D-10-DC (DC-4),-,-,1945,-,-, 42-72742, 10847,USAF,Military,-,-,-,-,-,-,-,-,-,3,0,3,0,-,-,-
19501109-2,Thursday,09-NOV-1950,-,A1, Unknown (UNK),Pusan East (K-9) Air Base,South Korea,-,-, Damaged beyond repair,-,Fairchild C-119C Flying Boxcar,-,-,-,-,-, 49-166, 10403,USAF,Military,-,-,-,-,-,-,-,-,-,-,-,-,-,-,-,-
19501109-3,Thursday,09-NOV-1950,16:23,A1, Approach (APR),2 km (1.3 mls) NE of Turukhansk Airport (THX),Russia,12,2, Damaged beyond repair,-,Douglas TS-62 (DC-3),-,-,1945,-,3858.0, CCCP-L1098, 34235/16974,Aeroflot / Krasnoyarsk,Domestic Scheduled Passenger,-,Turukhansk Airport,THX,UOTT,Russia,-,-,-,-,4,8,0,2,-,-,-
19501110-1,Friday,10-NOV-1950,-,A1, Unknown (UNK),at an unknown location,Mexico,-,0, Damaged beyond repair,-,Douglas C-47 (DC-3),-,-,-,-,-, XB-KWZ,-,Federal Electricity Commission,Unknown,-,-,-,-,-,-,-,-,-,-,-,0,0,-,-,-
19501111-0,Saturday,11-NOV-1950,-,A1, Approach (APR),"19 km (11.9 mls) NW of Pickens, SC",United States of America,4,4, Damaged beyond repair,-,Fairchild C-82A Packet,-,-,1947,-,-, 45-57739, 10109,USAF,Military,-,Montgomery-Maxwell AFB,MXF,KMXF,United States of America,Greenville-Donaldson AFB,GDC,KGYH,United States of America,4,0,4,0,-,-,-
19501111-1,Saturday,11-NOV-1950,-,A1, Unknown (UNK),Emirdag,Turkey,4,4, Damaged beyond repair,-,Douglas C-47B-5-DK (DC-3),-,-,1944,-,-, 43-6017, 26047/14602,Turkish AF,Military,-,Afyon Airport,AFY,LTAH,Turkey,-,-,-,-,4,0,4,0,-,-,-
19501113-1,Monday,13-NOV-1950,18:00,A1, En route (ENR),48 km (30 mls) S of Grenoble,France,58,58, Destroyed, Written off (damaged beyond repair),Douglas C-54B-1-DC (DC-4),-,-,1945,-,-, CF-EDN, 10518,Curtiss Reid Flying Services,Int'l Non Scheduled Passenger,-,Roma-Ciampino Airport,CIA,LIRA,Italy,Paris-Orly Airport,ORY,LFPO,France,7,51,7,51,-,-,-
19501115-0,Wednesday,15-NOV-1950,-,A1, Unknown (UNK),La Paz,Bolivia,2,0, Damaged beyond repair,-,Curtiss C-46,-,-,-,-,-, CB-48,-,Frigorífico Cooperativo Los Andes,Unknown,-,-,-,-,-,-,-,-,-,2,0,0,0,-,-,-
19501115-1,Wednesday,15-NOV-1950,-,A1, Unknown (UNK),Fagaras Mountains,Romania,-,-, Damaged beyond repair,-,Lisunov Li-2P,-,-,-,-,-, YR-TAA, 18423501,TARS,Unknown,-,-,-,-,-,-,-,-,-,-,-,-,-,-,-,-
19501116-0,Thursday,16-NOV-1950,-,A1, Approach (APR),off Hobsonville Air Base (NZHB),New Zealand,2,0, Damaged beyond repair,-,Douglas C-47B-35-DK (DC-3),2,Pratt & Whitney R-1830-90C,1945,-,-, NZ3549, 33482/16734,New Zealand AF,Military,-,-,-,-,-,-,-,-,-,2,0,0,0,-,-,-
19501117-0,Friday,17-NOV-1950,-,A1, Landing (LDG),Surabaya-Juanda Airport (SUB),Indonesia,23,2, Damaged beyond repair,-,Douglas C-47A-65-DL (DC-3),2,Pratt & Whitney R-1830-92,1943,-,-, PK-DPB, 19005,Garuda,Domestic Scheduled Passenger,-,-,-,-,-,Surabaya-Juanda Airport,SUB,WARR,Indonesia,3,20,2,0,-,-,-
19501117-2,Friday,17-NOV-1950,-,A1, Taxi (TXI),"Greenville-Donaldson AFB, SC (GDC)",United States of America,-,0, Damaged beyond repair,-,Fairchild C-82A-20-FA Packet,-,-,1946,-,-, 44-23024, 10068,USAF,Military,-,-,-,-,-,-,-,-,-,-,-,0,0,-,-,-
19501118-0,Saturday,18-NOV-1950,-,A2, Landing (LDG),"Long Beach Airport, CA (LGB)",United States of America,60,0, Substantial, Written off (damaged beyond repair),Lockheed L-049 Constellation,-,-,1945,-,-, NC86511, 2035,TWA,Domestic Scheduled Passenger,-,Los Angeles International Airport,LAX,KLAX,United States of America,-,-,-,-,5,55,0,0,-,-,Preliminary
19501119-0,Sunday,19-NOV-1950,-,A1, Initial climb (ICL),near Pyongyang Air Base,North Korea,-,0, Damaged beyond repair,-,Douglas C-54D-10-DC (DC-4),-,-,1945,-,-, 42-72662, 10767,USAF,Military,-,Pyongyang-Sunan Aiport,FNJ,ZKPY,North Korea,-,-,-,-,-,-,0,0,-,-,-
19501121-0,Tuesday,21-NOV-1950,-,A1, Unknown (UNK),13 km (8.1 mls) SW of Hyesanjin,North Korea,3,3, Damaged beyond repair,-,Douglas C-47D (DC-3),2,Pratt & Whitney R-1830-90,1944,-,-, 43-49704, 26965/15520,USAF,Military,-,-,-,-,-,-,-,-,-,3,0,3,0,-,-,-
19501122-0,Wednesday,22-NOV-1950,-,A1, Landing (LDG),Neubiberg Air Base,Germany,-,0, Damaged beyond repair,-,Fairchild C-82A Packet,-,-,1947,-,-, 45-57743, 10113,USAF,Military,-,-,-,-,-,-,-,-,-,-,-,0,0,-,-,-
19501122-2,Wednesday,22-NOV-1950,-,A1, En route (ENR),"Mount Moran, WY",United States of America,21,21, Damaged beyond repair,-,Douglas DC-3C,-,-,1944,-,-, N74586, 19711,New Tribes Mission,Domestic Non Scheduled Passenger,-,Chico Airport,CIC,KCIC,United States of America,Billings Municipal Airport,BIL,KBIL,United States of America,3,18,3,18,-,-,-
19501123-0,Thursday,23-NOV-1950,-,A1, Unknown (UNK),Cuzco,Peru,9,9, Damaged beyond repair,-,Douglas C-47B-25-DK (DC-3),2,Pratt & Whitney R-1830-90C,1945,-,-, OB-PAU-201, 32740/15992,Faucett,Domestic Scheduled Passenger,-,Puerto Maldonado Airport,PEM,SPTU,Peru,Quincemil Airport,UMI,SPIL,Peru,4,5,4,5,-,-,-
19501124-0,Friday,24-NOV-1950,-,A1, Unknown (UNK),near Medellín,Colombia,2,0, Damaged beyond repair,-,Curtiss C-46D-15-CU Commando,-,-,1945,-,-, HK-330, 33470,LIDCA,Cargo,-,-,-,-,-,Barranquilla-Soledad Airport,BAQ,SKBQ,Colombia,2,0,0,0,-,-,-
19501125-0,Saturday,25-NOV-1950,-,A1, Unknown (UNK),near Khitokha,Bhutan,3,3, Damaged beyond repair,-,Douglas C-47A-20-DK (DC-3),-,-,1944,-,-, VT-COI, 13137,Indamer,Cargo,-,-,-,-,-,-,-,-,-,3,0,3,0,-,-,-
19501125-1,Saturday,25-NOV-1950,-,A1, Approach (APR),near Holguín Airport (HOG),Cuba,25,0, Damaged beyond repair,-,Douglas DC-3A,-,-,1943,-,-, CU-T7, 11646,Cubana,Unknown,-,Havana-Rancho Boyeros Airport,HAV,MUHA,Cuba,Holguín-Frank Pais Airport,HOG,MUHG,Cuba,-,-,0,0,-,-,-
19501127-1,Monday,27-NOV-1950,-,A1, En route (ENR),"3,7 km (2.3 mls) off  Yokohama Bay, near Kaena Point, HI",United States of America,5,5, Damaged beyond repair,-,Lockheed P2V-2 Neptune,-,-,-,-,-, 39340, 126-1039,US Navy,Military,-,-,-,-,-,-,-,-,-,5,0,5,0,-,-,-
19501128-0,Tuesday,28-NOV-1950,-,A1, En route (ENR),S of Bandung,Indonesia,27,15, Damaged beyond repair,-,Douglas C-47B-25-DK (DC-3),-,-,1945,-,-, T-446, 32692/15944,Indonesian AF,Military,-,Bandung Airport,BDO,WICC,Indonesia,Tasikmalaya/Cibeureum Airport,TSY,WICM,Indonesia,3,24,3,12,-,-,-
19501201-0,Friday,01-DEC-1950,-,A1, En route (ENR),NNW of Chamaran,Iran,8,8, Damaged beyond repair,-,Douglas C-47A-25-DK (DC-3),2,Pratt & Whitney R-1830-92,1944,-,-, EP-AAJ, 13572,Iranian Airways,Domestic Scheduled Passenger,-,Tabriz Airport,TBZ,OITT,Iran,Tehran-Mehrabad Airport,THR,OIII,Iran,7,1,7,1,-,-,-
19501201-1,Friday,01-DEC-1950,-,A1, Landing (LDG),Hagaru-ri Airstrip,North Korea,3,0, Damaged beyond repair,-,Douglas R4D-6 (DC-3),-,-,1944,-,-, 50767, 26303/14858,USMC,Military,-,-,-,-,-,-,-,-,-,3,0,0,0,-,-,-
19501202-0,Saturday,02-DEC-1950,-,A1, Takeoff (TOF),3 km (1.9 mls) ESE of Hagaru-ri Airstrip,North Korea,38,0, Damaged beyond repair,-,Douglas C-47D,2,Pratt & Whitney R-1830-90,1945,-,-, 45-949, 34211/16952,USAF,Military,-,-,-,-,-,-,-,-,-,3,35,0,0,-,-,-
19501204-0,Monday,04-DEC-1950,-,A1, Landing (LDG),Kabrit RAF Station,Egypt,3,0, Damaged beyond repair,-,Vickers Valetta C.1,2,Bristol Hercules 230,1949,-,-, VW805, 366,RAF,Military,-,-,-,-,-,-,-,-,-,3,0,0,0,-,-,-
19501206-0,Wednesday,06-DEC-1950,-,A1, Taxi (TXI),Su Won (K-13) Air Base (SWU),South Korea,-,0, Damaged beyond repair,-,Douglas C-47B-25-DK (DC-3),2,Pratt & Whitney R-1830-90C,1945,-,-, A65-74, 32680/15932,RAAF,Military,-,-,-,-,-,Su Won (K-13) Air Base,SWU,RKSW,South Korea,-,-,0,0,-,-,-
19501208-0,Friday,08-DEC-1950,19:37,A1, Initial climb (ICL),16 km (10 mls) S of Bangui Airport (BGF),Central African Republic,56,46, Damaged beyond repair,-,Douglas C-54A-DO (DC-4),-,-,1943,-,-, F-BELB, 3084,TAI,International Scheduled Passenger,-,Bangui Airport,BGF,FEFF,Central African Republic,Dar Es Salaam International Airport,DAR,HTDA,Tanzania,6,50,3,43,-,-,-
19501208-1,Friday,08-DEC-1950,-,A1, En route (ENR),near Col de l'Ouillat,France,7,5, Damaged beyond repair,-,Douglas C-47B-25-DK (DC-3),2,Pratt & Whitney R-1830-90C,1945,-,-, F-BAXY, 32848/16100,Air Atlas,Passenger,-,-,-,-,-,Perpignan Airport,PGF,LFMP,France,3,4,3,2,-,-,-
19501208-2,Friday,08-DEC-1950,-,A1, Landing (LDG),Yonpo Airfield,North Korea,10,1, Damaged beyond repair,-,Curtiss C-46F-1-CU Commando,-,-,1945,-,-, XT-44, 22502,Civil Air Transport,Military,-,-,-,-,-,-,-,-,-,4,6,0,1,-,-,-
19501209-0,Saturday,09-DEC-1950,-,A1, En route (ENR),Mount Fuji,Japan,3,3, Damaged beyond repair,-,Curtiss C-46F-1-CU Commando,-,-,1945,-,-, XT-852, 22449,Civil Air Transport,Military,-,-,-,-,-,-,-,-,-,3,0,3,0,-,-,-
19501210-0,Sunday,10-DEC-1950,-,A2, Takeoff (TOF),Daegu (Taegu) K-2 Air Base (TAE),South Korea,-,0, Substantial, Repaired,Curtiss C-46D-20-CU Commando,-,-,1945,-,-, XT-846, 22215,Civil Air Transport,Military,-,Daegu (Taegu) K-2 Air Base,TAE,RKTN,South Korea,-,-,-,-,-,-,0,0,-,-,-
19501212-0,Tuesday,12-DEC-1950,-,A1, Takeoff (TOF),"near Satapuala, Upolu",Samoa,8,7, Damaged beyond repair,-,Boeing-Canada PB2B-1 Catalina,-,-,-,-,-, NZ4048, 60959,New Zealand AF,Military,-,Apia-Faleolo Airport,APW,NSFA,Samoa,-,-,-,-,-,-,-,-,-,-,-
19501212-1,Tuesday,12-DEC-1950,-,A1, En route (ENR),near Niamey,Niger,6,4, Destroyed, Written off (damaged beyond repair),Boeing B-17G,-,-,1945,-,-, F-BDAT, 10282,IGN,Survey/research,-,-,-,-,-,-,-,-,-,-,-,-,-,-,-,-
19501213-0,Wednesday,13-DEC-1950,10:00,A1, Approach (APR),"Sydney Airport, NS (YQY)",Canada,31,0, Damaged beyond repair,-,Douglas DC-4-1009,-,-,1947,-,-, HB-ILE, 43093,Swissair,International Scheduled Passenger,-,Shannon Airport,SNN,EINN,Ireland,Gander Airport,YQX,CYQX,Canada,11,20,0,0,-,-,Final
19501213-1,Wednesday,13-DEC-1950,-,A1, En route (ENR),near Kotagiri,India,21,21, Damaged beyond repair,-,Douglas C-47B-5-DK (DC-3),2,Pratt & Whitney R-1830-90C,1944,-,-, VT-CFK, 26049/14604,Air-India,Domestic Scheduled Passenger,-,Bombay-Santacruz Airport,BOM,VABB,India,Coimbatore-Peelamedu Airport,CJB,VOCB,India,4,17,4,17,-,-,-
19501213-2,Wednesday,13-DEC-1950,-,A1, Initial climb (ICL),"Londrina, PR",Brazil,-,0, Damaged beyond repair,-,Douglas C-47A-90-DL (DC-3),2,Pratt & Whitney R-1830-92,1944,-,-, PP-SPT, 20543,VASP,Domestic Scheduled Passenger,-,Londrina Airport,LDB,SBLO,Brazil,-,-,-,-,-,-,0,0,-,3,-
19501214-0,Thursday,14-DEC-1950,09:10,A1, Initial climb (ICL),"Ribeirão Preto, SP",Brazil,20,1, Damaged beyond repair,-,Douglas C-47B-50-DK (DC-3),2,Pratt & Whitney R-1830-90C,1945,-,-, PP-SPW, 34364/17097,VASP,Domestic Scheduled Passenger,-,Ribeirão Preto-Leite Lopes Airport,RAO,SBRP,Brazil,São Paulo-Congonhas Airport,CGH,SBSP,Brazil,4,16,0,1,-,-,-
19501215-0,Friday,15-DEC-1950,-,A1, En route (ENR),near Páramo Las Siete Lagunas,Venezuela,31,31, Damaged beyond repair,-,Douglas C-47-DL (DC-3),2,Pratt & Whitney R-1830-92,1942,-,-, YV-C-AVU, 4432,AVENSA,Domestic Non Scheduled Passenger,-,Mérida-A Carnevalli Airport,MRD,SVMD,Venezuela,Caracas-Maiquetía Airport,CCS,SVMI,Venezuela,3,28,3,28,-,-,-
19501217-0,Sunday,17-DEC-1950,-,A1, Landing (LDG),"Campina Grande Airport, PB (CPV)",Brazil,49,0, Damaged beyond repair,-,Curtiss C-46A-45-CU Commando,2,Pratt & Whitney R-2800-51,1944,-,-, PP-LDD, 30346,Loide Aéreo Nacional,Unknown,-,Campina Grande Airport,CPV,SBKG,Brazil,-,-,-,-,5,44,0,0,-,-,-
19501218-0,Monday,18-DEC-1950,-,A1, Unknown (UNK),Tourane,Vietnam,15,15, Damaged beyond repair,-,Junkers Ju-52,-,-,-,-,-, 328/F-RBEH,-,French AF,Military,-,-,-,-,-,-,-,-,-,-,-,-,-,15,-,-
19501218-1,Monday,18-DEC-1950,-,A1, Unknown (UNK),Tourane,Vietnam,15,15, Damaged beyond repair,-,Junkers Ju-52,-,-,-,-,-, 384/F-RBDK,-,French AF,Military,-,-,-,-,-,-,-,-,-,-,-,-,-,15,-,-
19501219-0,Tuesday,19-DEC-1950,07:30,A1, En route (ENR),Mt. Tabayoc,Philippines,37,37, Damaged beyond repair,-,Douglas C-54E-5-DO (DC-4),-,-,1945,-,-, 44-9096, 27322,USAF,Military,-,-,-,-,-,Angeles City-Clark Air Base,CRK,RPMK,Philippines,7,30,7,30,-,-,-
19501220-0,Wednesday,20-DEC-1950,-,A1, Approach (APR),Benghazi-Benina International Airport (BEN),Libya,34,5, Damaged beyond repair,-,Handley Page Hastings C.1,-,-,-,-,-, TG574, HP67/65,RAF,Military,-,-,-,-,-,Tripoli International Airport,TIP,HLLT,Libya,7,27,5,0,-,-,-
19501220-1,Wednesday,20-DEC-1950,11:20,A1, Approach (APR),Kampong Aur,Malaysia,8,0, Damaged beyond repair,-,Douglas C-47A-15-DK (DC-3),2,Pratt & Whitney R-1830-92,1944,-,-, A65-66, 26639/15194,RAAF,Military,-,-,-,-,-,-,-,-,-,4,4,0,0,-,-,-
19501222-0,Friday,22-DEC-1950,13:53,A1, Approach (APR),"26 km (16.3 mls) N of Penticton, BC",Canada,18,2, Damaged beyond repair,-,Douglas C-47A-20-DK (DC-3),2,Pratt & Whitney R-1830-92,1944,-,-, CF-CUF, 12855,Canadian Pacific,Domestic Scheduled Passenger,   4,Vancouver International Airport,YVR,CYVR,Canada,Penticton Airport,YYF,CYYF,Canada,3,15,2,0,-,-,Final
19501223-0,Saturday,23-DEC-1950,-,A1, Unknown (UNK),"McCreight Mountain, BC",Canada,11,11, Damaged beyond repair,-,Lockheed P2V-3W Neptune,-,-,-,-,-, 124357,-,US Navy,Military,-,-,-,-,-,-,-,-,-,11,0,11,0,-,-,-
19501224-0,Sunday,24-DEC-1950,-,A1, Unknown (UNK),8 km (5 mls) NW of Montaltodi di Castro,Italy,-,-, Damaged beyond repair,-,Douglas C-47A-80-DL (DC-3),2,Pratt & Whitney R-1830-92,1944,-,-, 43-15110, 19576,USAF,Military,-,-,-,-,-,-,-,-,-,-,-,-,-,-,-,-
19501227-0,Wednesday,27-DEC-1950,-,A1, Unknown (UNK),at an unknown location,South Korea,-,-, Damaged beyond repair,-,Douglas C-47B-30-DK (DC-3),-,-,1945,-,-, 44-76666, 32998/16250,USAF,Military,-,-,-,-,-,-,-,-,-,-,-,-,-,-,-,-
19501227-1,Wednesday,27-DEC-1950,-,A1, En route (ENR),Mynzhilki,Kazakhstan,8,8, Damaged beyond repair,-,Lisunov Li-2,-,-,-,-,7072.0, CCCP-L4003, 1843406,Aeroflot / Uzbekistan,Training,-,-,-,-,-,-,-,-,-,8,0,8,0,-,-,-
19501228-0,Thursday,28-DEC-1950,-,A1, Takeoff (TOF),Serui,Indonesia,7,3, Damaged beyond repair,-,Consolidated PBY-5A Catalina,-,-,-,-,-, P-82, 845,Dutch Navy,Military,-,-,-,-,-,-,-,-,-,-,-,-,-,-,-,-
19501230-0,Saturday,30-DEC-1950,-,A1, En route (ENR),"near Cobo, BA",Argentina,15,14, Destroyed, Written off (damaged beyond repair),Douglas C-47A-20-DK (DC-3),2,Pratt & Whitney R-1830-92,1944,-,-, LV-ACH, 13027,Aerolineas Argentinas,Domestic Scheduled Passenger,-,Mar Del Plata Airport,MDQ,SAZM,Argentina,Buenos Aires-Jorge Newbery Airport,AEP,SABE,Argentina,3,12,3,11,-,-,-
19500101-0,Sunday,01-JAN-1950,00:57,A1, Initial climb (ICL),"near Camden Airport, NSW (CDU)",Australia,2,2, Destroyed, Written off (damaged beyond repair),Lockheed 414-08 Hudson IVA,2,Pratt & Whitney R-1830-SC3-G,-,-,2566.0, VH-SMK, 6043,John Fairfax & Sons,Cargo,-,Camden Airport,CDU,YSCN,Australia,Dubbo Airport,DBO,YSDU,Australia,2,0,2,0,-,-,Final
19500105-0,Thursday,05-JAN-1950,09:20,A1, En route (ENR),"Itaquaquecetuba, SP",Brazil,3,0, Damaged beyond repair,-,Curtiss C-46A-60-CK Commando,2,Pratt & Whitney R-2800-51,1945,-,-, PP-XBW,   440,Comp. Itaú de Transportes Aéreos,Cargo,-,São Paulo-Congonhas Airport,CGH,SBSP,Brazil,-,-,-,-,3,0,0,0,-,-,-
19500105-1,Thursday,05-JAN-1950,-,A1, Approach (APR),Sverdlovsk-Koltsovo Airport (SVX),Russia,19,19, Damaged beyond repair,-,Lisunov Li-2,-,-,-,-,-, 42 red,-,Soviet AF,Domestic Non Scheduled Passenger,-,Kazan Airport,KZN,UWKD,Russia,Chelyabinsk Airport,CEK,USCC,Russia,6,13,6,13,-,-,-
19500106-1,Friday,06-JAN-1950,-,A1, Takeoff (TOF),Ankara,Turkey,-,-, Damaged beyond repair,-,Douglas VC-47A (DC-3),2,Pratt & Whitney R-1830-92,1944,-,-, 42-93509, 13429,USAF,Military,-,-,-,-,-,-,-,-,-,-,-,-,-,-,-,-
19500110-0,Tuesday,10-JAN-1950,-,A1, Unknown (UNK),near Zinder,Niger,-,-, Damaged beyond repair,-,Douglas C-47B-1-DK (DC-3),2,Pratt & Whitney R-1830-90C,1944,-,-, F-BEFQ, 25807/14362,Air Nolis,Unknown,-,-,-,-,-,-,-,-,-,-,-,-,-,-,-,-
19500118-0,Wednesday,18-JAN-1950,-,A1, Takeoff (TOF),Yangon-Mingaladon Airport (RGN),Myanmar,-,0, Damaged beyond repair,-,Douglas DC-3,-,-,-,-,-, PI-C184,-,Trans Asiatic Airlines,Unknown,-,Yangon-Mingaladon Airport,RGN,VYYY,Myanmar,-,-,-,-,-,-,0,0,-,-,-
19500118-1,Wednesday,18-JAN-1950,-,A1, En route (ENR),6 km (3.8 mls) NE of Tobarra,Spain,16,16, Damaged beyond repair,-,CASA 352 (Junkers Ju-52),-,-,-,-,-, T.2-143, 34,Spanish AF,Military,-,Murcia-San Javier Airport,MJV,LELC,Spain,Albacete Airport,ABC,LEAB,Spain,3,13,3,13,-,-,-
19500121-0,Saturday,21-JAN-1950,-,A1, En route (ENR),near Vacas,Bolivia,32,32, Damaged beyond repair,-,Douglas C-47 (DC-3),-,-,-,-,-, TAM-10,-,TAM,Military,-,Vallegrande Airport,VAH,SLVG,Bolivia,Cochabamba-J Wilsterman Airport,CBB,SLCB,Bolivia,4,28,4,28,-,1,-
19500122-0,Sunday,22-JAN-1950,-,O1, Standing (STD),Paris-Orly Airport (ORY),France,0,0, Damaged beyond repair,-,Douglas DC-4-1009,-,-,1946,-,-, F-BBDB, 42912,Air France,-,-,-,-,-,-,-,-,-,-,0,0,0,0,-,-,-
19500124-0,Tuesday,24-JAN-1950,-,A1, En route (ENR),between Iloilo and Manila,Philippines,4,4, Missing, Presumed damaged beyond repair,Douglas C-47A-15-DK (DC-3),-,-,1944,-,-, PI-C22, 12628,Philippine Air Lines,Cargo,-,Iloilo-Mandurriao Airport,ILO,RPVI,Philippines,Manila International Airport,MNL,RPLL,Philippines,3,1,3,1,-,-,-
19500124-1,Tuesday,24-JAN-1950,-,A1, En route (ENR),48 km (30 mls) W of Tamatave,Madagascar,14,14, Damaged beyond repair,-,Douglas C-47A-50-DL (DC-3),2,Pratt & Whitney R-1830-92,1943,-,-, F-BFGD, 10046,STA,Domestic Scheduled Passenger,-,Antananarivo-Arivonimamo Airport,TNR,FMMA,Madagascar,Tamatave Airport,TMM,FMMT,Madagascar,3,11,3,11,-,-,-
19500125-0,Wednesday,25-JAN-1950,09:00,A1, Takeoff (TOF),Shella Airstrip,India,3,2, Damaged beyond repair,-,Douglas C-47A-25-DK (DC-3),2,Pratt & Whitney R-1830-92,1944,-,-, VT-CPQ, 13558,Air Services of India,Cargo,-,-,-,-,-,Calcutta Airport,CCU,VECC,India,3,0,2,0,-,-,-
19500126-0,Thursday,26-JAN-1950,-,A1, En route (ENR),"near Snag, YT",Canada,44,44, Missing, Presumed damaged beyond repair,Douglas C-54D-1-DC (DC-4),-,-,1945,-,-, 42-72469, 10574,USMC,Military,-,Anchorage-Elmendorf AFB,EDF,PAED,United States of America,Great Falls-Malmstrom AFB,GFA,KGFA,United States of America,8,36,8,36,-,-,-
19500130-0,Monday,30-JAN-1950,-,U1, Unknown (UNK),Le Treport,France,-,-, Damaged beyond repair,-,Douglas C-47B-15-DK (DC-3),2,Pratt & Whitney R-1830-90C,1944,-,-, F-BEIH, 26857/15412,Air Nolis,Unknown,-,-,-,-,-,-,-,-,-,-,-,-,-,-,-,-
19500130-1,Monday,30-JAN-1950,-,A1, Unknown (UNK),"32 km (20 mls) SSW of Whitehorse Airport, YT (YXY)",Canada,6,0, Damaged beyond repair,-,Douglas C-47B-45-DK (DC-3),2,Pratt & Whitney R-1830-90C,1945,-,-, 45-1015, 34282/17018,USAF,Military,-,-,-,-,-,-,-,-,-,-,-,0,0,-,-,-
19500131-0,Tuesday,31-JAN-1950,-,A1, Unknown (UNK),8 km (5 mls) N of La Tinta,Guatemala,-,-, Damaged beyond repair,-,Douglas C-47B-50-DK (DC-3),2,Pratt & Whitney R-1830-90C,1945,-,-, 45-1113, 34383/17116,USAF,Military,-,-,-,-,-,-,-,-,-,-,-,-,-,-,-,-
19500201-0,Wednesday,01-FEB-1950,-,A1, Landing (LDG),Southampton,United Kingdom,11,0, Damaged beyond repair,-,Shorts S.45 Solent 3,-,-,1948,-,-, G-AHIX, S.1310,BOAC,Test,-,-,-,-,-,-,-,-,-,6,5,0,0,-,-,-
19500201-1,Wednesday,01-FEB-1950,-,A1, Landing (LDG),"Mount Clemens-Selfridge AFB, MI (MTC)",United States of America,5,0, Damaged beyond repair,-,Fairchild C-82A-5-FA Packet,-,-,-,-,-, 44-22986, 10030,USAF,Military,-,-,-,-,-,Mount Clemens-Selfridge AFB,MTC,KMTC,United States of America,5,0,0,0,-,-,-
19500202-0,Thursday,02-FEB-1950,04:55,A1, En route (ENR),66 km (41.3 mls) off  Dutch coast [North Sea],Atlantic Ocean,7,7, Destroyed, Written off (damaged beyond repair),Douglas C-47A-25-DK (DC-3),2,Pratt & Whitney R-1830-92,1944,-,-, PH-TEU, 13396,KLM,International Scheduled Passenger,-,Amsterdam-Schiphol International Airport,AMS,EHAM,Netherlands,London Airport,LHR,EGLL,United Kingdom,7,0,7,0,-,-,-
19500203-0,Friday,03-FEB-1950,-,O1, Standing (STD),Calshot RAF Station,United Kingdom,0,0, Damaged beyond repair,-,Short Sunderland GR.5,-,-,-,-,-, PP118,-,RAF,Military,-,-,-,-,-,-,-,-,-,0,0,0,0,-,-,-
19500204-0,Saturday,04-FEB-1950,-,A1, Unknown (UNK),"7,2 km (4.5 mls) WNW off  Roosevelt Roads-Roosevelt NAS (NRR)",Puerto Rico,3,3, Damaged beyond repair,-,Douglas C-47D,2,Pratt & Whitney R-1830-90,1944,-,-, 43-49143, 26404/14959,USAF,Military,-,-,-,-,-,-,-,-,-,3,0,3,0,-,-,-
19500205-0,Sunday,05-FEB-1950,-,A2, Approach (APR),Maracaibo,Venezuela,-,0, Substantial, Repaired,Curtiss C-46D-10-CU Commando,-,-,1945,-,-, YV-C-AQE?, 33210,T.A. Transandino,Unknown,-,-,-,-,-,Maracaibo-Grano de Oro Airport,ORO,SVMO,Venezuela,-,-,0,0,-,-,-
19500205-1,Sunday,05-FEB-1950,-,A1, Takeoff (TOF),Lydda Airport (TLV),Israel,50,0, Damaged beyond repair,-,Douglas C-54A-10-DC (DC-4),-,-,1944,-,-, 4X-ACD, 10339,El Al,Scheduled Passenger,-,Lydda Airport,TLV,LLBG,Israel,-,-,-,-,4,46,0,0,-,-,-
19500206-0,Monday,06-FEB-1950,15:30,A1, En route (ENR),near Cali,Colombia,4,4, Missing, Presumed damaged beyond repair,Douglas C-47 (DC-3),-,-,-,-,-, FAC-665,-,Colombian AF,Military,-,-,-,-,-,Cali Airport,CLO,SKCL,Colombia,3,1,3,1,-,-,-
19500207-0,Tuesday,07-FEB-1950,19:45,A1, En route (ENR),"24 km (15 mls) NW of Pon Lake, YT",Canada,10,0, Damaged beyond repair,-,Douglas C-47D,2,Pratt & Whitney R-1830-90,1945,-,3558.0, 45-1037, 34306/17040,USAF,Military,-,Whitehorse Airport,YXY,CYXY,Canada,Whitehorse Airport,YXY,CYXY,Canada,5,5,0,0,-,-,-
19500207-1,Tuesday,07-FEB-1950,-,A1, Takeoff (TOF),"Evans Bay, Wellington",New Zealand,-,0, Damaged beyond repair,-,Boeing-Canada PB2B-1 Catalina,-,-,-,-,-, NZ4051, 60958,New Zealand AF,Military,-,-,-,-,-,-,-,-,-,-,-,0,0,-,-,-
19500209-0,Thursday,09-FEB-1950,-,A1, Landing (LDG),Tokyo-Haneda Airport (HND),Japan,15,0, Damaged beyond repair,-,Canadair C-4-1 North Star,4,Rolls-Royce Merlin 622,1949,-,-, CF-CPR, 148,Canadian Pacific,International Scheduled Passenger,-,-,-,-,-,Tokyo-Haneda Airport,HND,RJTT,Japan,5,10,0,0,-,-,-
19500210-0,Friday,10-FEB-1950,-,A1, Unknown (UNK),"Los Angeles International Airport, CA (LAX)",United States of America,7,0, Damaged beyond repair,-,Douglas C-47D,2,Pratt & Whitney R-1830-90,1944,-,-, 43-48457, 25718/14273,USAF,Military,-,-,-,-,-,-,-,-,-,-,-,0,0,-,-,-
19500212-0,Sunday,12-FEB-1950,-,A1, Unknown (UNK),"Lagoa Páti, Manhica",Mozambique,15,0, Damaged beyond repair,-,Junkers Ju-52/3m,-,-,-,-,-, CR-AAJ, 5962,DETA,Passenger,-,Beira Airport,BEW,FQBR,Mozambique,Lourenço Marques Airport,MPM,FQMA,Mozambique,-,-,0,0,-,-,-
19500216-0,Thursday,16-FEB-1950,-,A1, Landing (LDG),Cotonou Airport (COO),Benin,-,0, Damaged beyond repair,-,Douglas DC-3A,-,-,1943,-,-, F-BAOD, 11720,Air France,Scheduled Passenger,-,-,-,-,-,Cotonou Airport,COO,DBBB,Benin,3,-,0,0,-,-,-
19500221-1,Tuesday,21-FEB-1950,-,A1, En route (ENR),"near Campoalegre, Huila",Colombia,4,0, Substantial,-,Douglas C-47 (DC-3),-,-,-,-,-, FAC-664,-,Colombian AF,Military,-,-,-,-,-,-,-,-,-,-,-,0,0,-,-,-
19500227-0,Monday,27-FEB-1950,07:31,A1, En route (ENR),Praded Mountain,Czech Republic,25,6, Damaged beyond repair,-,Douglas C-47A-15-DK (DC-3),2,Pratt & Whitney R-1830-92,1944,-,-, OK-WDY, 12725,CSA,Domestic Scheduled Passenger,-,-,-,-,-,Praha-Ruzyne International Airport,PRG,LKPR,Czech Republic,4,21,3,3,-,-,-
19500301-2,Wednesday,01-MAR-1950,-,A1, Takeoff (TOF),"13 km (8.1 mls) from  Snag, YT",Canada,-,0, Damaged beyond repair,-,Douglas Dakota IV (DC-3),-,-,1944,-,-, KJ936, 26109/14664,RCAF,Military,-,-,-,-,-,-,-,-,-,-,-,0,0,-,-,-
19500301-0,Wednesday,01-MAR-1950,15:25,A1, Landing (LDG),Medellín-Enrique Olaya Herrera Airport (EOH),Colombia,4,2, Damaged beyond repair,-,Douglas C-47-DL (DC-3),2,Pratt & Whitney R-1830-92,1942,-,-, HK-507, 4725,SAM,Test,-,Medellín-Enrique Olaya Herrera Airport,EOH,SKMD,Colombia,Medellín-Enrique Olaya Herrera Airport,EOH,SKMD,Colombia,4,0,2,0,-,-,-
19500301-1,Wednesday,01-MAR-1950,-,A1, Landing (LDG),"Harrisburg-Olmsted AFB, PA (MDT)",United States of America,-,0, Damaged beyond repair,-,Curtiss C-46A-40-CU Commando,-,-,1944,-,-, 42-107320, 27007,USAF,Military,-,-,-,-,-,Harrisburg-Olmsted AFB,MDT,KMDT,United States of America,-,-,0,0,-,-,-
19500307-0,Tuesday,07-MAR-1950,20:59,A1, Approach (APR),"5 km (3.1 mls) NW of Minneapolis-St. Paul International Airport, MN (MSP)",United States of America,13,13, Damaged beyond repair,-,Martin 2-0-2,-,-,1948,-,-, NC93050, 9134,Northwest Orient Airlines,Domestic Scheduled Passenger, 307,Madison Regional Airport,MSN,KMSN,United States of America,Minneapolis-St. Paul International Airport/Wold-Chamberlain Field,MSP,KMSP,United States of America,3,10,3,10,-,2,Final
19500310-0,Friday,10-MAR-1950,-,A1, Unknown (UNK),near Saigon,Vietnam,4,4, Damaged beyond repair,-,Bristol 170 Freighter 21,-,-,-,-,-, F-BECR, 12782,SITA,Cargo,-,Hue-Phu Bai Airport,HUI,VVPB,Vietnam,Da Nang Airport,DAD,VVDN,Vietnam,3,1,3,1,-,-,-
19500311-0,Saturday,11-MAR-1950,-,A1, Unknown (UNK),"Hope, AR",United States of America,4,1, Damaged beyond repair,-,Douglas C-47B-1-DK (DC-3),2,Pratt & Whitney R-1830-90C,1944,-,-, 43-48464, 25725/14280,USAF,Military,-,-,-,-,-,-,-,-,-,4,0,1,0,-,-,-
19500311-1,Saturday,11-MAR-1950,-,A1, Takeoff (TOF),Ipiales Airport (IPI),Colombia,-,0, Damaged beyond repair,-,Douglas C-47-DL (DC-3),2,Pratt & Whitney R-1830-92,1942,-,-, HK-123, 6160,Avianca,Unknown,-,Ipiales-San Luis Airport,IPI,SKIP,Colombia,-,-,-,-,-,-,0,0,-,-,-
19500312-0,Sunday,12-MAR-1950,14:50,A1, Approach (APR),near Llandow,United Kingdom,83,80, Destroyed, Written off (damaged beyond repair),Avro 689 Tudor 5,4,Rolls-Royce Merlin 621,1947,-,-, G-AKBY, 1417,Fairflight,Int'l Non Scheduled Passenger,-,Dublin Airport,DUB,EIDW,Ireland,-,-,-,-,5,78,5,75,-,-,Final
19500316-0,Thursday,16-MAR-1950,-,A1, Landing (LDG),Iringa-Nduli Airport (IRI),Tanzania,-,0, Damaged beyond repair,-,Douglas Dakota IV (DC-3),2,Pratt & Whitney R-1830-90C,1945,-,-, KN300, 32552/15804,RAF,Military,-,-,-,-,-,Iringa-Nduli Airport,IRI,HTIR,Tanzania,-,-,0,0,-,-,-
19500321-0,Tuesday,21-MAR-1950,-,A1, Maneuvering (MNV),near Cowbridge,United Kingdom,4,4, Damaged beyond repair,-,Bristol 170 Freighter 21,-,-,1946,-,-, G-AHJJ, 12742,Bristol,Test,-,Filton Airport,FZO,EGTG,United Kingdom,Filton Airport,FZO,EGTG,United Kingdom,1,3,1,3,-,-,-
19500321-1,Tuesday,21-MAR-1950,-,O1, Standing (STD),"Smyrna-Sewart AFB, TN (MQY)",United States of America,0,0, Damaged beyond repair,-,Fairchild C-82A Packet,-,-,-,-,-, 45-57752, 10122,USAF,Military,-,-,-,-,-,-,-,-,-,0,0,0,0,-,-,-
19500323-0,Thursday,23-MAR-1950,-,A1, Takeoff (TOF),"Rome-Griffiss AFB, NY (RME)",United States of America,5,1, Damaged beyond repair,-,Douglas C-47D,2,Pratt & Whitney R-1830-90,1944,-,-, 43-48940, 26201/14756,USAF,Military,-,Rome-Griffiss AFB,RME,KRME,United States of America,-,-,-,-,5,-,1,0,-,-,-
19500324-0,Friday,24-MAR-1950,-,H2, En route (ENR),Erding Air Base,Germany,-,0, None,-,Douglas DC-3,-,-,-,-,-, registration unknown,-,CSA,Domestic Scheduled Passenger,-,Brno Turany Airport,BRQ,LKTB,Czech Republic,Praha-Ruzyne International Airport,PRG,LKPR,Czech Republic,-,-,0,0,-,-,-
19500324-1,Friday,24-MAR-1950,-,H2, En route (ENR),Erding Air Base,Germany,-,0, None,-,Douglas DC-3,-,-,-,-,-, registration unknown,-,CSA,Domestic Scheduled Passenger,-,Ostrava-Monov International Airport,OSR,LKMT,Czech Republic,Praha-Ruzyne International Airport,PRG,LKPR,Czech Republic,-,-,0,0,-,-,-
19500324-2,Friday,24-MAR-1950,-,H2, En route (ENR),Erding Air Base,Germany,-,0, None,-,Douglas DC-3,-,-,-,-,-, registration unknown,-,CSA,Domestic Scheduled Passenger,-,Bratislava-Ivanka Airport,BTS,LZIB,Slovakia,Praha-Ruzyne International Airport,PRG,LKPR,Czech Republic,-,-,0,0,-,-,-
19500325-0,Saturday,25-MAR-1950,-,A1, Landing (LDG),near Ankara-Etimesgut Airport (ANK),Turkey,15,15, Damaged beyond repair,-,Douglas C-47A-75-DL (DC-3),2,Pratt & Whitney R-1830-92,1944,-,-, TC-BAL, 19423,DHY,Domestic Scheduled Passenger,-,Istanbul-Yesilköy Airport,IST,LTBA,Turkey,Ankara-Etimesgut Airport,ANK,LTAD,Turkey,4,11,4,11,-,-,-
19500325-1,Saturday,25-MAR-1950,-,A1, Approach (APR),Lae Airfield,Papua New Guinea,3,1, Damaged beyond repair,-,Lockheed 414-08 Hudson IVA,-,-,1941,-,-, VH-BDN, 6044,Fawcett Aviation Service,Test,-,-,-,-,-,-,-,-,-,3,0,1,0,-,2,-
19500326-0,Sunday,26-MAR-1950,-,O1, Standing (STD),Singapore-Seletar SPB,Singapore,11,2, Damaged beyond repair,-,Short S.25 Sunderland GR.5,-,-,-,-,-, SZ573,-,RAF,Military,-,Singapore-Seletar Airport,XSP,WSSL,Singapore,-,-,-,-,9,2,1,1,-,-,-
19500328-0,Tuesday,28-MAR-1950,-,U1, Unknown (UNK),at an unknown location,Poland,-,-, Damaged beyond repair,-,Douglas C-47A-40-DL (DC-3),2,Pratt & Whitney R-1830-92,1943,-,-, SP-LCC, 9903,LOT,Unknown,-,-,-,-,-,-,-,-,-,-,-,-,-,-,-,-
19500328-1,Tuesday,28-MAR-1950,21:00,A1, En route (ENR),42 km (26.3 mls) SE of Komaki Air Base (NGO),Japan,4,3, Damaged beyond repair,-,Douglas C-47B-20-DK (DC-3),2,Pratt & Whitney R-1830-90C,1945,-,-, 43-49915, 27176/15731,USAF,Military,-,-,-,-,-,Nagoya-Komaki International Airport,NGO,RJNN,Japan,4,0,3,0,-,-,-
19500328-2,Tuesday,28-MAR-1950,-,A1, Landing (LDG),"Stephenville-Ernest Harmon AFB, NL (YJT)",Canada,7,0, Damaged beyond repair,-,Douglas C-47D,2,Pratt & Whitney R-1830-90,1945,-,-, 44-77292, 33624/16876,USAF,Military,-,-,-,-,-,Stephenville-Ernest Harmon AFB,YJT,CYJT,Canada,-,-,0,0,-,-,-
19500328-3,Tuesday,28-MAR-1950,-,A1, En route (ENR),"15 km (9.4 mls) SE of Rockcliffe RCAF Station, ON",Canada,5,4, Destroyed, Written off (damaged beyond repair),Douglas C-47D (DC-3),2,Pratt & Whitney R-1830-90C,1945,-,-, 45-1065, 34335/17068,USAF,Military,-,Rockcliffe RCAF Station,YRO,CYRO,Canada,-,-,-,-,-,-,-,-,-,-,-
19500328-4,Tuesday,28-MAR-1950,-,A1, Unknown (UNK),"9,5 km (5.9 mls) SW of Roswell AAF, NM",United States of America,-,-, Damaged beyond repair,-,Douglas C-47A-85-DL (DC-3),2,Pratt & Whitney R-1830-92,1944,-,-, 43-15557, 20023,USAF,Military,-,-,-,-,-,-,-,-,-,-,-,-,-,-,-,-
19500328-5,Tuesday,28-MAR-1950,-,A1, En route (ENR),5 km (3.1 mls) W off  Cap Ferret,France,12,12, Destroyed, Written off (damaged beyond repair),Latécoère 631,6,Wright R-2600-A5B Cyclone,1946,-,20.0, F-WANU, 3,SEMAF,Test,-,-,-,-,-,-,-,-,-,12,0,12,0,-,-,Final
19500329-0,Wednesday,29-MAR-1950,-,A1, Unknown (UNK),at an unknown location,Poland,-,-, Damaged beyond repair,-,Lisunov Li-2T,-,-,-,-,-, SP-LBA, 18422009,LOT,Unknown,-,-,-,-,-,-,-,-,-,-,-,-,-,-,-,-
19500404-0,Tuesday,04-APR-1950,-,U1, Unknown (UNK),unknown,Unknown country,-,-, Damaged beyond repair,-,Curtiss C-46 Commando,-,-,-,-,-, registration unknown,-,Republic of China AF,Military,-,-,-,-,-,-,-,-,-,-,-,-,-,-,-,-
19500405-0,Wednesday,05-APR-1950,04:00,A1, En route (ENR),"3,5 km (2.2 mls) S of Calcutta-Dum Dum Airport (CCU)",India,3,3, Damaged beyond repair,-,Douglas C-47A-20-DK (DC-3),2,Pratt & Whitney R-1830-92,1944,-,-, VT-CJD, 12826,Deccan Airways,Cargo,-,Calcutta-Dum Dum Airport,CCU,VECC,India,-,-,-,-,3,0,3,0,-,-,-
19500405-1,Wednesday,05-APR-1950,-,A1, En route (ENR),"Ke'ehi Lagoon, Oahu, HI",United States of America,-,0, Damaged beyond repair,-,Martin JRM-3 Mars,4,Pratt & Whitney R-4360 Wasp Major,1946,-,-, 76822, 9266,US Navy,Military,-,-,-,-,-,-,-,-,-,-,-,0,0,-,-,-
19500407-0,Friday,07-APR-1950,-,A1, Approach (APR),near Kiev,Ukraine,5,0, Damaged beyond repair,-,Lisunov Li-2,-,-,-,-,-, CCCP-L4411,-,Aeroflot / Ukraine,Domestic Scheduled Passenger,-,Kharkov Airport,HRK,UKHH,Ukraine,Kiev-Zhulhyany Airport,IEV,UKKK,Ukraine,3,2,0,0,-,-,-
19500408-0,Saturday,08-APR-1950,-,A1, En route (ENR),"Suberi, Rajastan",Pakistan,16,16, Damaged beyond repair,-,Bristol 170 Freighter 21,-,-,-,-,-, registration unknown,-,Pakistan AF,Military,-,Gilgit Airport,GIL,OPGT,Pakistan,Peshawar Airport,PEW,OPPS,Pakistan,3,13,3,13,-,-,-
19500409-0,Sunday,09-APR-1950,-,A1, En route (ENR),"S off Kingston, Jamaica",Atlantic Ocean,4,0, Damaged beyond repair,-,Consolidated PBY-5 Catalina,-,-,-,-,-, VP-BAO, 118,Caribbean International,Ferry/positioning,-,Nassau International Airport,NAS,MYNN,Bahamas,Kingston Airport,KIN,MKJP,Jamaica,2,2,0,0,-,-,-
19500410-0,Monday,10-APR-1950,-,A1, Unknown (UNK),"Kansas City-Fairfax Field, KS (KCK)",United States of America,-,-, Damaged beyond repair,-,Douglas C-47A-30-DK (DC-3),2,Pratt & Whitney R-1830-92,1944,-,-, 43-48102, 25363/13918,USAF,Military,-,-,-,-,-,-,-,-,-,-,-,-,-,-,-,-
19500411-0,Tuesday,11-APR-1950,-,A1, Takeoff (TOF),"Cornwallis Island, NT",Canada,-,0, Damaged beyond repair,-,Fairchild C-82A Packet,-,-,-,-,-, 45-57798, 10168,USAF,Military,-,-,-,-,-,-,-,-,-,-,-,0,0,-,-,-
19500413-0,Thursday,13-APR-1950,-,C2, En route (ENR),48 km (30 mls) S of Hastings,United Kingdom,32,0, Substantial, Repaired,Vickers 610 Viking 1B,-,-,1947,-,-, G-AIVL, 225,BEA,International Scheduled Passenger,-,London-Northolt Airport,NHT,EGWU,United Kingdom,-,-,-,-,4,28,0,0,-,-,Final
19500413-2,Thursday,13-APR-1950,-,A1, Takeoff (TOF),at an unknown location,South Africa,-,-, Damaged beyond repair,-,Short Sunderland GR.5,-,-,-,-,-, 1706,-,South African AF,Military,-,-,-,-,-,-,-,-,-,-,-,-,-,-,-,-
19500415-0,Saturday,15-APR-1950,17:00,A1, En route (ENR),20 km (12.5 mls) NE of Pinto,Colombia,2,2, Destroyed, Written off (damaged beyond repair),Douglas C-47 (DC-3),-,-,-,-,-, HK-309,-,LANSA,Cargo,-,Medellín-Enrique Olaya Herrera Airport,EOH,SKMD,Colombia,Barranquilla-Soledad Airport,BAQ,SKBQ,Colombia,2,0,2,0,-,-,-
19500417-0,Monday,17-APR-1950,08:12,A1, En route (ENR),29 km (18.1 mls) SW of Vitim,Russia,20,10, Damaged beyond repair,-,Douglas TS-62 (DC-3),-,-,1943,-,3686.0, CCCP-L862, 12136,Aeroflot / East Siberia,Domestic Scheduled Passenger,543,-,-,-,-,-,-,-,-,4,16,0,10,-,-,-
19500418-0,Tuesday,18-APR-1950,-,U1, Unknown (UNK),Calcutta-Dum Dum Airport (CCU),India,-,-, Damaged beyond repair,-,Douglas C-47A-20-DL (DC-3),2,Pratt & Whitney R-1830-92,1943,-,-, VT-CGM, 9320,Bharat Airways,Unknown,-,-,-,-,-,-,-,-,-,-,-,-,-,-,-,-
19500421-0,Friday,21-APR-1950,23:25,A1, En route (ENR),34 km (21.3 mls) SW of Tachikawa Air Base,Japan,35,35, Damaged beyond repair,-,Douglas C-54D-10-DC (DC-4),-,-,1945,-,-, 42-72704, 10809,USAF,Military,-,Okinawa-Kadena AFB,DNA,RODN,Japan,-,-,-,-,8,27,8,27,-,-,-
19500423-0,Sunday,23-APR-1950,-,A1, Landing (LDG),Yakutsk Airport (YKS),Russia,9,0, Damaged beyond repair,-,Focke-Wulf Fw 200C-4,-,-,-,-,318.0, CCCP-N500, 0199,GUSMP,Unknown,-,-,-,-,-,Yakutsk Airport,YKS,UEEE,Russia,8,1,0,0,-,-,-
19500424-0,Monday,24-APR-1950,-,A1, Unknown (UNK),Cochabamba,Bolivia,2,0, Damaged beyond repair,-,Curtiss C-46 Commando,-,-,1942,-,-, CB-51, 26369,LAB,Unknown,-,-,-,-,-,-,-,-,-,2,0,0,0,-,-,-
19500425-0,Tuesday,25-APR-1950,-,A1, Initial climb (ICL),"5 km (3.1 mls) from  Summerside Airport, PE (YSU)",Canada,3,0, Damaged beyond repair,-,Douglas Dakota III (DC-3),-,-,1944,-,-, KG317, 12314,RCAF,Military,-,Summerside Airport,YSU,CYSU,Canada,-,-,-,-,3,0,0,0,-,-,-
19500426-0,Wednesday,26-APR-1950,11:55,A1, En route (ENR),"6,5 km (4.1 mls) E of Hartsville, SC",United States of America,4,0, Damaged beyond repair,-,Douglas C-54D-5-DC (DC-4),-,-,1945,-,-, 42-72597, 10702,USAF,Military,-,Greenville-Donaldson AFB,GDC,KGYH,United States of America,-,-,-,-,4,0,0,0,-,-,-
19500426-1,Wednesday,26-APR-1950,-,A1, En route (ENR),"4 km (2.5 mls) E of Leon Springs, TX",United States of America,2,2, Damaged beyond repair,-,Douglas C-47B-45-DK (DC-3),2,Pratt & Whitney R-1830-90C,1945,-,-, 45-954, 34217/16957,USAF,Military,-,San Antonio-Kelly AFB,SKF,KSKF,United States of America,San Antonio-Kelly AFB,SKF,KSKF,United States of America,2,0,2,0,-,-,-
19500501-0,Monday,01-MAY-1950,-,A1, En route (ENR),near Tenkodogo,Burkina Faso,-,0, Damaged beyond repair,-,Douglas C-47A-85-DL (DC-3),2,Pratt & Whitney R-1830-92,1944,-,-, F-OAFP, 20000,French High Commissioner,Domestic Non Scheduled Passenger,-,Kano International Airport,KAN,DNKN,Nigeria,Gao Airport,GAQ,GAGO,Mali,-,-,0,0,-,-,-
19500502-0,Tuesday,02-MAY-1950,14:30,A1, En route (ENR),"3,3 km (2.1 mls) from  Simiatug",Ecuador,15,15, Destroyed, Written off (damaged beyond repair),Douglas C-47-DL (DC-3),2,Pratt & Whitney R-1830-92,1942,-,-, HK-120, 4314,Avianca,International Scheduled Passenger,-,Quito-Mariscal Sucre Airport,UIO,SEQU,Ecuador,Guayaquil-Simon Bolivar Airport,GYE,SEGU,Ecuador,3,12,3,12,-,-,-
19500503-0,Wednesday,03-MAY-1950,-,A1, Landing (LDG),Habbaniya RAF Station,Iraq,-,0, Damaged beyond repair,-,Douglas Dakota IV (DC-3),2,Pratt & Whitney R-1830-90C,1945,-,-, KN543, 33147/16399,RAF,Military,-,-,-,-,-,-,-,-,-,-,-,0,0,-,-,-
19500503-1,Wednesday,03-MAY-1950,-,A1, Unknown (UNK),"3,2 km (2 mls) N of Fairbanks-Ladd AFB, AK",United States of America,-,-, Damaged beyond repair,-,Douglas C-47B-50-DK (DC-3),2,Pratt & Whitney R-1830-90C,1945,-,-, 45-1112, 34382/17115,USAF,Military,-,-,-,-,-,-,-,-,-,-,-,-,-,-,-,-
19500507-0,Sunday,07-MAY-1950,10:30,A1, Approach (APR),"5 km (3.1 mls) NNE of Georgetown Airport, QLD (GTT)",Australia,6,5, Damaged beyond repair,-,Consolidated PBY-5A Catalina,-,-,-,-,-, A24-105, 1944,RAAF,Military,-,Townsville Airport,TSV,YBTL,Australia,Darwin Airport,DRW,YPDN,Australia,6,0,5,0,-,-,-
19500511-1,Thursday,11-MAY-1950,-,A1, En route (ENR),"Oyster, Northampton County, VA",United States of America,5,0, Damaged beyond repair,-,Lockheed XP2V-1 Neptune,-,-,-,-,-, 48238, 26-1002,US Navy,Military,-,Patuxent River NAS,NHK,KNHK,United States of America,Patuxent River NAS,NHK,KNHK,United States of America,5,0,0,0,-,-,-
19500515-0,Monday,15-MAY-1950,-,A1, Initial climb (ICL),near Harstad,Norway,33,0, Damaged beyond repair,-,Short S.25 Sandringham 6,-,-,-,-,-, LN-IAU, SH.882,DNL,Domestic Scheduled Passenger,-,Harstad-Narvik-Evenes Airport,EVE,ENEV,Norway,Tromsø/Langnes Airport,TOS,ENTC,Norway,7,26,0,0,-,-,-
19500517-0,Wednesday,17-MAY-1950,-,A1, Landing (LDG),Balurghat Airport (RGH),India,-,0, Damaged beyond repair,-,Douglas C-47A-20-DK (DC-3),2,Pratt & Whitney R-1830-92,1944,-,-, VT-CHB, 13023,Airways (India),Cargo,-,Jorhat-Rowriah Airport,JRH,VEJT,India,Balurghat Airport,RGH,VEBG,India,-,0,0,0,-,-,-
19500517-1,Wednesday,17-MAY-1950,-,A1, Landing (LDG),"Aurora-Lowry AFB, CO",United States of America,-,1, Damaged beyond repair,-,Douglas C-47D,2,Pratt & Whitney R-1830-90,1944,-,-, 43-49496, 26757/15312,USAF,Military,-,-,-,-,-,-,-,-,-,-,-,1,0,-,-,-
19500517-2,Wednesday,17-MAY-1950,-,A1, Unknown (UNK),"1,6 km (1 mls) NW of Burley, ID",United States of America,4,0, Damaged beyond repair,-,Douglas C-47D,2,Pratt & Whitney R-1830-90,1944,-,-, 43-49267, 26528/15083,USAF,Military,-,-,-,-,-,-,-,-,-,4,0,0,0,-,-,-
19500522-0,Monday,22-MAY-1950,-,A1, En route (ENR),Mount Paskal,Bulgaria,7,6, Damaged beyond repair,-,Junkers Ju-52/3m,-,-,-,-,-, registration unknown,-,Bulgarian AF,Military,-,-,-,-,-,-,-,-,-,7,0,6,0,-,-,-
19500524-0,Wednesday,24-MAY-1950,-,A1, En route (ENR),6 km (3.8 mls) W of Pasto,Colombia,27,26, Damaged beyond repair,-,Douglas C-47A-55-DL (DC-3),2,Pratt & Whitney R-1830-92,1943,-,-, HK-307, 10194,LANSA,Domestic Scheduled Passenger,-,Popayán Airport,PPN,SKPP,Colombia,Ipiales-San Luis Airport,IPI,SKIP,Colombia,3,24,3,23,-,-,-
19500524-1,Wednesday,24-MAY-1950,-,A1, Takeoff (TOF),"Charlotte-Douglas Airport, NC (CLT)",United States of America,6,1, Damaged beyond repair,-,Grumman G-73 Mallard,-,-,1946,-,-, N2941, J-3,Ford Motor Co.,Unknown,-,Charlotte-Douglas Airport,CLT,KCLT,United States of America,-,-,-,-,-,-,-,-,-,-,-
19500524-2,Wednesday,24-MAY-1950,-,C1, En route (ENR),"185 km (115.6 mls) SW off  Cape Flattery, WA",United States of America,-,0, Damaged beyond repair,-,Lockheed P2V-2 Neptune,-,-,-,-,-, 39334, 126-1034,US Navy,Military,-,-,-,-,-,-,-,-,-,-,-,0,0,-,-,-
19500526-0,Friday,26-MAY-1950,16:00,A1, Takeoff (TOF),"São Paulo-Congonhas Airport, SP (CGH)",Brazil,-,0, Damaged beyond repair,-,Douglas C-47B-5-DK (DC-3),2,Pratt & Whitney R-1830-90C,1944,-,-, PP-SRV, 25985/14540,VASP,Unknown,-,São Paulo-Congonhas Airport,CGH,SBSP,Brazil,Ribeirão Preto-Leite Lopes Airport,RAO,SBRP,Brazil,-,24,0,0,-,-,-
19500526-1,Friday,26-MAY-1950,-,A1, Takeoff (TOF),Malta-Luqa Airport (MLA),Malta,-,0, Damaged beyond repair,-,Vickers Valetta C.1,2,Bristol Hercules 230,1950,-,-, VX497, 443,RAF,Military,-,Malta-Luqa Airport,MLA,LMML,Malta,-,-,-,-,-,-,0,0,-,-,-
19500527-0,Saturday,27-MAY-1950,17:29,A1, Takeoff (TOF),"0,8 km (0.5 mls) from  Teterboro Airport, NJ (TEB)",United States of America,2,1, Damaged beyond repair,-,Curtiss C-46F-1-CU Commando,2,Pratt & Whitney R-2800-75,1945,-,-, N9406H, 22582,Regina Cargo Airlines,Cargo,-,Teterboro Airport,TEB,KTEB,United States of America,-,-,-,-,2,0,1,0,-,-,Final
19500530-0,Tuesday,30-MAY-1950,-,A1, En route (ENR),"near Ilhéus, BA",Brazil,15,13, Damaged beyond repair,-,Douglas C-47-DL (DC-3),2,Pratt & Whitney R-1830-92,1943,-,-, PP-AVZ, 9156,Aerovias Brasil,Domestic Scheduled Passenger,-,Vitória da Conquista Airport,VDC,SBQV,Brazil,Salvador-Santo Amaro do Ipitanga Airport,SSA,SBSV,Brazil,4,11,4,9,-,-,-
19500601-0,Thursday,01-JUN-1950,-,A1, Unknown (UNK),at an unknown location,Unknown country,-,-, Damaged beyond repair,-,Douglas Dakota IV (DC-3),-,-,1945,-,-, KN679, 33388/16640,RAF,Military,-,-,-,-,-,-,-,-,-,-,-,-,-,-,-,-
19500601-1,Thursday,01-JUN-1950,-,A1, Landing (LDG),"Quonset Point NAS, RI (NCO)",United States of America,12,9, Damaged beyond repair,-,Lockheed P2V-2 Neptune,-,-,-,-,-, 122454,-,US Navy,Military,-,-,-,-,-,Quonset Point NAS,NCO,KOQU,United States of America,-,-,-,-,-,-,-
19500602-0,Friday,02-JUN-1950,-,A1, Standing (STD),Bassingbourn RAF Station,United Kingdom,-,0, Damaged beyond repair,-,Avro 685 York C.1,4,Rolls-Royce Merlin,-,-,-, MW164,-,RAF,Military,-,-,-,-,-,-,-,-,-,-,-,0,0,-,-,-
19500605-0,Monday,05-JUN-1950,22:03,A1, En route (ENR),"480 km (300 mls) E off  Melbourne, FL, USA",Atlantic Ocean,65,28, Damaged beyond repair,-,Curtiss C-46F-1-CU Commando,2,Pratt & Whitney R-2800-75,1945,-,2890.0, N1248N, 22496,Westair Transport,Domestic Non Scheduled Passenger,-,San Juan-Isla Grande Airport,SIG,TJIG,Puerto Rico,Wilmington-New Hanover County Airport,ILM,KILM,United States of America,3,62,0,28,-,-,Final
19500609-0,Friday,09-JUN-1950,19:00,A1, En route (ENR),31 km (19.4 mls) ENE of Fonseca,Colombia,15,15, Damaged beyond repair,-,Douglas DC-3-178,-,-,1936,-,36534.0, N16030, 1546,New Tribes Mission,Int'l Non Scheduled Passenger,-,Kingston Airport,KIN,MKJP,Jamaica,Maracaibo-Grano de Oro Airport,ORO,SVMO,Venezuela,3,12,3,12,-,-,Final
19500610-0,Saturday,10-JUN-1950,-,A1, Takeoff (TOF),"Tulsa Municipal Airport, OK (TUL)",United States of America,18,0, Damaged beyond repair,-,Douglas C-47D,2,Pratt & Whitney R-1830-90,1944,-,-, 43-48477, 25738/14293,USAF,Military,-,Tulsa Municipal Airport,TUL,KTUL,United States of America,-,-,-,-,-,-,0,0,-,1,-
19500612-0,Monday,12-JUN-1950,21:45,A1, Landing (LDG),"Buenos Aires/Ezeiza-Ministro Pistarini Airport, BA (EZE)",Argentina,-,0, Damaged beyond repair,-,Douglas C-47A-1-DK (DC-3),2,Pratt & Whitney R-1830-92,1943,-,-, LV-ACL, 12020,Aerolineas Argentinas,Unknown,-,-,-,-,-,Buenos Aires/Ezeiza-Ministro Pistarini Airport,EZE,SAEZ,Argentina,-,-,0,0,-,-,-
19500612-1,Monday,12-JUN-1950,21:15,A1, Approach (APR),"5,5 km (3.4 mls) SE off  Bahrain Airport (BAH)",Bahrain,52,46, Damaged beyond repair,-,Douglas DC-4-1009,-,-,1946,-,-, F-BBDE, 42937,Air France,International Scheduled Passenger,-,Karachi International Airport,KHI,OPKC,Pakistan,Bahrain International Airport,BAH,OBBI,Bahrain,8,44,6,40,-,-,Final
19500612-2,Monday,12-JUN-1950,09:00,A1, En route (ENR),within Madagascar,Madagascar,16,7, Damaged beyond repair,-,Junkers Ju-52/3m,-,-,-,-,-, registration unknown,-,French AF,Military,-,Antananarivo-Arivonimamo Air Base,TNR,FMMA,Madagascar,Tamatave Airport,TMM,FMMT,Madagascar,-,-,-,-,-,-,-
19500614-0,Wednesday,14-JUN-1950,21:55,A1, Approach (APR),SE off Bahrain Airport (BAH),Bahrain,53,40, Damaged beyond repair,-,Douglas DC-4-1009,-,-,1946,-,-, F-BBDM, 42990,Air France,International Scheduled Passenger,-,Karachi International Airport,KHI,OPKC,Pakistan,Bahrain International Airport,BAH,OBBI,Bahrain,8,45,3,37,-,-,-
19500615-0,Thursday,15-JUN-1950,-,A1, Landing (LDG),near Merida,Mexico,2,0, Damaged beyond repair,-,Curtiss C-46F-1-CU Commando,-,-,1945,-,-, N74170, 22477,Pan Am,Unknown,-,-,-,-,-,-,-,-,-,2,0,0,0,-,-,-
19500619-0,Monday,19-JUN-1950,-,A1, Takeoff (TOF),"Oklahoma City-Tinker AFB, OK (TIK)",United States of America,2,1, Damaged beyond repair,-,Douglas C-47B-5-DK (DC-3),2,Pratt & Whitney R-1830-90C,1944,-,-, 43-48885, 26146/14701,USAF,Military,-,Oklahoma City-Tinker AFB,TIK,KTIK,United States of America,-,-,-,-,2,0,1,0,-,-,-
19500623-0,Friday,23-JUN-1950,23:25,A1, En route (ENR),"29 km (18.1 mls) NNW off  Benton Harbour, MI [Lake Michigan]",United States of America,58,58, Damaged beyond repair,-,Douglas DC-4,4,Pratt & Whitney R-2000-2SD13G Twin Wasp,1943,-,15902.0, N95425, 10270,Northwest Orient Airlines,Domestic Scheduled Passenger,2501,New York-La Guardia Airport,LGA,KLGA,United States of America,Minneapolis-St. Paul International Airport,MSP,KMSP,United States of America,3,55,3,55,-,-,Final
19500625-0,Sunday,25-JUN-1950,-,A1, Standing (STD),Seoul (K-14) Air Base,South Korea,-,0, Damaged beyond repair,-,Douglas C-54D-10-DC (DC-4),-,-,1945,-,-, 42-72648, 10753,USAF,Military,-,-,-,-,-,-,-,-,-,-,-,0,0,-,-,-
19500626-0,Monday,26-JUN-1950,22:12,A1, En route (ENR),"56 km (35 mls) E of Guildford, WA",Australia,29,29, Damaged beyond repair,-,Douglas DC-4-1009,-,-,1946,-,-, VH-ANA, 42910,ANA,Domestic Scheduled Passenger,-,Guildford Airport,PER,YPPH,Australia,Adelaide Airport,ADL,YPAD,Australia,5,24,5,24,-,-,-
19500626-1,Monday,26-JUN-1950,18:30,A1, Landing (LDG),Khimki Reservoir,Russia,6,2, Damaged beyond repair,-,Consolidated KM-2 (PBN-1 Nomad),-,-,-,-,1102.0, CCCP-N488,-,Polyarnaya Aviatsiya,Test,-,-,-,-,-,-,-,-,-,5,1,2,0,-,-,-
19500628-0,Wednesday,28-JUN-1950,-,A1, En route (ENR),"2,4 km (1.5 mls) SE of Hendersonville, TN",United States of America,30,4, Damaged beyond repair,-,Fairchild C-119C Flying Boxcar,-,-,-,-,-, 49-134, 10371,USAF,Military,-,Hopkinsville-Fort Campbell AAF,HOP,KHOP,United States of America,Hopkinsville-Fort Campbell AAF,HOP,KHOP,United States of America,4,26,4,0,-,-,-
19500629-0,Thursday,29-JUN-1950,-,A1, Unknown (UNK),"near Decatur, AL",United States of America,5,0, Damaged beyond repair,-,Fairchild C-119B Flying Boxcar,-,-,-,-,-, 48-338, 10320,USAF,Military,-,-,-,-,-,-,-,-,-,5,0,0,0,-,-,-
19500630-0,Friday,30-JUN-1950,-,A1, Unknown (UNK),El Lorza,Venezuela,-,0, Damaged beyond repair,-,Douglas C-47-DL (DC-3),2,Pratt & Whitney R-1830-92,1942,-,-, YV-C-ARG, 4522,RANSA,Unknown,-,-,-,-,-,-,-,-,-,-,-,0,0,-,-,-
19500630-1,Friday,30-JUN-1950,-,A1, Initial climb (ICL),near Toulouse,France,11,2, Damaged beyond repair,-,SNCASE SE.2010 Armagnac,4,Pratt & Whitney R-4360-B13 Wasp Major,1949,-,-, F-WAVA, 01,SNCASE,Test,-,Toulouse-Blagnac Airport,TLS,LFBO,France,-,-,-,-,-,-,-,-,-,1,-
19500630-3,Friday,30-JUN-1950,-,A1, Unknown (UNK),8 km (5 mls) NW of Busan,South Korea,23,23, Destroyed, Written off (damaged beyond repair),Douglas C-54G-1-DO (DC-4),-,-,1945,-,-, 45-518, 35971,USAF,Military,-,-,-,-,-,-,-,-,-,5,18,5,18,-,-,-
19500703-0,Monday,03-JUL-1950,-,A1, Unknown (UNK),"Guajará, PA",Brazil,11,2, Damaged beyond repair,-,Consolidated C-10A Catalina (PBY-5A),-,-,-,-,-, 6518, 1922,Brazilian AF,Military,-,-,-,-,-,-,-,-,-,-,-,-,-,-,-,-
19500709-0,Sunday,09-JUL-1950,-,A1, Initial climb (ICL),near Casablanca-Cazes Airport (CAS),Morocco,29,22, Destroyed, Written off (damaged beyond repair),Douglas C-47A-DL (DC-3),2,Pratt & Whitney R-1830-92,1943,-,-, F-BFGL, 13824,Aigle Azur,Int'l Non Scheduled Passenger,-,Casablanca-Cazes Airport,CAS,GMMC,Morocco,Dakar-Yoff Airport,DKR,GOOY,Senegal,4,25,4,18,-,-,-
19500710-0,Monday,10-JUL-1950,-,C1, Unknown (UNK),at an unknown location,South Korea,-,0, Damaged beyond repair,-,Douglas C-47 (DC-3),-,-,-,-,-, registration unknown,-,USAF,Military,-,-,-,-,-,-,-,-,-,-,-,0,0,-,-,-
19500713-0,Thursday,13-JUL-1950,-,A1, Taxi (TXI),Taejon Air Base,South Korea,-,-, Damaged beyond repair,-,Douglas C-47B-45-DK (DC-3),2,Pratt & Whitney R-1830-90C,1945,-,-, 45-890, 34150/16893,USAF,Military,-,-,-,-,-,-,-,-,-,-,-,-,-,-,-,-
19500717-0,Monday,17-JUL-1950,-,A1, En route (ENR),10 km (6.3 mls) SE of Pathankot,India,22,22, Damaged beyond repair,-,Douglas C-47A-90-DL (DC-3),2,Pratt & Whitney R-1830-92,1944,-,-, VT-ATS, 20359,Indian National Airways,Domestic Scheduled Passenger,-,-,-,-,-,Srinagar Airport,SXR,VISR,India,4,18,4,18,-,-,-
19500718-0,Tuesday,18-JUL-1950,-,A1, Approach (APR),19 km (11.9 mls) S of Bocoio,Angola,12,12, Damaged beyond repair,-,Douglas C-47A-25-DK (DC-3),2,Pratt & Whitney R-1830-92,1944,-,-, CR-LBK, 13769,DTA,Domestic Scheduled Passenger,-,Nova Lisboa Airport,NOV,FNHU,Angola,-,-,-,-,3,9,3,9,-,-,-
19500719-0,Wednesday,19-JUL-1950,-,O1, Standing (STD),Iwakuni NAS,Japan,-,0, Damaged beyond repair,-,Short Sunderland GR.5,-,-,-,-,-, PP164,-,RAF,Military,-,-,-,-,-,-,-,-,-,-,-,0,0,-,-,-
19500719-1,Wednesday,19-JUL-1950,22:08,A1, Approach (APR),"4,5 km (2.8 mls) NW of Tbilisi Airport (TBS)",Georgia,11,4, Damaged beyond repair,-,Ilyushin Il-12P,-,-,1947,-,485.0, CCCP-L1340, 30046,Aeroflot / Georgia,Training,-,Tbilisi Airport,TBS,UGGG,Georgia,Tbilisi Airport,TBS,UGGG,Georgia,5,6,3,1,-,-,-
19500721-0,Friday,21-JUL-1950,-,A1, Landing (LDG),"Kenai Airport, AK (ENA)",United States of America,-,-, Damaged beyond repair,-,Fairchild C-82A Packet,-,-,-,-,-, 45-57831, 10201,USAF,Military,-,-,-,-,-,Kenai Airport,ENA,PAEN,United States of America,-,-,-,-,-,-,-
19500723-0,Sunday,23-JUL-1950,10:22,A1, Initial climb (ICL),"3 km (1.9 mls) W of Myrtle Beach, SC",United States of America,39,39, Damaged beyond repair,-,Curtiss C-46D-10-CU Commando,-,-,1944,-,-, 44-77577, 32973,USAF,Military,-,Myrtle Beach AFB,MYR,KMYR,United States of America,Nashville Metropolitan Airport,BNA,KBNA,United States of America,4,35,4,35,-,-,-
19500723-1,Sunday,23-JUL-1950,-,U1, Unknown (UNK),at an unknown location,Unknown country,-,-, Damaged beyond repair,-,CASA 352 (Junkers Ju-52),-,-,-,-,-, T.2-167, 58,Spanish AF,Military,-,-,-,-,-,-,-,-,-,-,-,-,-,-,-,-
19500724-0,Monday,24-JUL-1950,-,C2, En route (ENR),northern Isreali / Lebanese border area,Israel,28,3, Substantial, Repaired,Douglas C-47A-40-DL (DC-3),2,Pratt & Whitney R-1830-92,1943,-,-, LR-AAN, 9894,Air Liban,Int'l Non Scheduled Passenger,-,Jerusalem Airport,JRS,OJJR,Israel,Beirut International Airport,BEY,OLBA,Lebanon,3,25,0,3,-,-,-
19500727-0,Thursday,27-JUL-1950,04:30,A1, En route (ENR),15 km (9.4 mls) S off  O-Shima,Japan,26,25, Destroyed, Written off (damaged beyond repair),Douglas C-47D,2,Pratt & Whitney R-1830-90,1945,-,-, 44-76439, 32771/16023,USAF,Military,-,Tokyo-Haneda Airport,HND,RJTT,Japan,-,-,-,-,3,23,3,22,-,-,-
19500728-0,Friday,28-JUL-1950,19:25,A1, En route (ENR),"15 km (9.4 mls) NNE of Porto Alegre-Gravatai Air Base, RS",Brazil,51,51, Destroyed, Written off (damaged beyond repair),Lockheed L-049 Constellation,-,-,1946,-,-, PP-PCG, 2062,Panair do Brasil,Domestic Scheduled Passenger,-,Rio de Janeiro-Galeão International Airport,GIG,SBGL,Brazil,-,-,-,-,7,44,7,44,-,-,-
19500729-0,Saturday,29-JUL-1950,-,A1, En route (ENR),Tanezrouft,Algeria,26,26, Damaged beyond repair,-,Bristol 170 Freighter 21,-,-,1946,-,-, F-BENF, 12738,CAT,International Scheduled Passenger,-,Algiers-Maison Blanche Airport,ALG,DAAG,Algeria,Gao Airport,GAQ,GAGO,Mali,4,22,4,22,-,-,-
19500729-1,Saturday,29-JUL-1950,-,A1, En route (ENR),"156 km (97.5 mls) W of Juneau, AK",United States of America,6,6, Damaged beyond repair,-,Douglas C-54D-10-DC (DC-4),-,-,1945,-,-, 42-72700, 10805,USAF,Military,-,Tacoma-McChord AFB,TCM,KTCM,United States of America,Anchorage-Elmendorf AFB,EDF,PAED,United States of America,5,1,5,1,-,-,-
19500729-2,Saturday,29-JUL-1950,06:50,A1, En route (ENR),near Koice,Slovakia,2,1, Damaged beyond repair,-,Douglas DC-3C,-,-,1943,-,-, OK-WAB, 9367,CSA,Unknown,-,Koice-Barca Airport,KSC,LZKZ,Slovakia,-,-,-,-,2,0,1,0,-,-,-
19500730-0,Sunday,30-JUL-1950,03:30,A1, Takeoff (TOF),"Denver, CO",United States of America,4,0, Damaged beyond repair,-,Curtiss C-46F-1-CU Commando,2,Pratt & Whitney R-2800-75,1945,-,2180.0, N67960, 22511,Flying Tiger Line,Cargo,-,Denver-Stapleton International Airport,DEN,KDEN,United States of America,Los Angeles International Airport,LAX,KLAX,United States of America,2,2,0,0,-,-,Final
19500730-1,Sunday,30-JUL-1950,-,A1, Landing (LDG),Marseille-Marignane Airport (MRS),France,31,0, Damaged beyond repair,-,SNCASE SE.161/P7 Languedoc,4,Pratt & Whitney R-1830,1946,-,-, F-BCUI, 30,Air France,Scheduled Passenger,-,-,-,-,-,Marseille-Marignane Airport,MRS,LFML,France,7,24,0,0,-,-,-
19500730-2,Sunday,30-JUL-1950,05:44,A1, Initial climb (ICL),near Karaganda Airport (KGF),Kazakhstan,25,25, Damaged beyond repair,-,Ilyushin Il-12,-,-,1949,-,953.0, CCCP-L1803, 9 301 33 02,Aeroflot / Kazakstan,Domestic Scheduled Passenger,-,Karaganda Airport,KGF,UAKK,Kazakhstan,-,-,-,-,6,19,6,19,-,-,-
19500730-3,Sunday,30-JUL-1950,-,A1, En route (ENR),"near São Francisco de Assis, RS",Brazil,12,12, Damaged beyond repair,-,Lockheed 18-10 Lodestar,-,-,1941,-,-, PP-SAA, 18-2133,SAVAG - Viação Aérea Gaucha,Domestic Scheduled Passenger,-,Porto Alegre Airport,POA,SBPA,Brazil,-,-,-,-,4,8,4,8,-,-,-
19500731-0,Monday,31-JUL-1950,-,A1, Approach (APR),Dishforth RAF Station,United Kingdom,4,0, Damaged beyond repair,-,Handley Page Hastings C.1,-,-,-,-,-, TG583, HP67/74,RAF,Military,-,-,-,-,-,-,-,-,-,4,0,0,0,-,-,-
19500731-1,Monday,31-JUL-1950,-,A1, En route (ENR),"3 km (1.9 mls) W of Tallahassee, FL",United States of America,8,0, Damaged beyond repair,-,Fairchild C-82A-20-FA Packet,-,-,1946,-,-, 44-23021, 10065,USAF,Military,-,Tampa-MacDill AFB,MCF,KMCF,United States of America,Montgomery-Maxwell AFB,MXF,KMXF,United States of America,-,-,0,0,-,-,-
19500803-0,Thursday,03-AUG-1950,-,A1, Takeoff (TOF),"3 km (1.9 mls) E of Decatur, IL (DEC)",United States of America,5,0, Damaged beyond repair,-,Douglas C-47D,2,Pratt & Whitney R-1830-90,1944,-,-, 43-49278, 26539/15094,USAF,Military,-,Decatur Airport,DEC,KDEC,United States of America,-,-,-,-,3,2,0,0,-,-,-
19500804-0,Friday,04-AUG-1950,-,A1, Approach (APR),"near Oklahoma City-Tinker AFB, OK (TIK)",United States of America,6,0, Damaged beyond repair,-,Curtiss R5C-1 Commando (C-46),-,-,1944,-,-, 39566, 30539,USMC,Military,-,-,-,-,-,Oklahoma City-Tinker AFB,TIK,KTIK,United States of America,6,0,0,0,-,-,-
19500805-0,Saturday,05-AUG-1950,19:30,A1, Approach (APR),Koice Airport (KSC),Slovakia,23,0, Damaged beyond repair,-,Douglas C-47A-45-DL (DC-3),-,-,1943,-,-, OK-WDV, 9962,CSA,Domestic Scheduled Passenger,-,Bratislava-Ivanka Airport,BTS,LZIB,Slovakia,Koice-Barca Airport,KSC,LZKZ,Slovakia,3,20,0,0,-,-,-
19500811-0,Friday,11-AUG-1950,-,H2, En route (ENR),near Aichach,Germany,5,0, None,-,unknown,-,-,-,-,-, registration unknown,-,CSA,Unknown,-,-,-,-,-,-,-,-,-,-,-,0,0,-,-,-
19500811-1,Friday,11-AUG-1950,02:10,A1, Approach (APR),"3,1 km (1.9 mls) from  Sverdlovsk-Koltsovo Airport (SVX)",Russia,27,2, Damaged beyond repair,-,Ilyushin Il-12P,-,-,1948,-,906.0, CCCP-L1706, 83012803,Aeroflot / Moscow,Domestic Scheduled Passenger,-,Omsk Airport,OMS,UNOO,Russia,Sverdlovsk-Koltsovo Airport,SVX,USSS,Russia,5,22,2,0,-,-,-
19500813-0,Sunday,13-AUG-1950,10:50,A1, En route (ENR),72 km (45 mls) NW of Seimchan,Russia,5,5, Damaged beyond repair,-,Lisunov Li-2,2,Shvetsov ASh-62IR,1949,-,706.0, CCCP-H955, 5908,Dalstroi Aviation,Cargo,-,Pevek Airport,PWE,UHMP,Russia,-,-,-,-,5,0,5,0,-,-,-
19500816-1,Wednesday,16-AUG-1950,-,C1, En route (ENR),"9,7 km (6.1 mls) W off  Paeng Nylong-do",North Korea,9,0, Damaged beyond repair,-,Lockheed P2V-3 Neptune,-,-,-,-,-, 122940,-,US Navy,Military,-,-,-,-,-,-,-,-,-,9,0,0,0,-,-,-
19500822-0,Tuesday,22-AUG-1950,02:37,A2, En route (ENR),"near Eagle, CO",United States of America,59,1, Unknown,-,Douglas DC-6,4,Pratt & Whitney R-2800-34,-,-,-, N90705, 42858/9,American Airlines,Domestic Scheduled Passenger,AA14,Los Angeles International Airport,LAX,KLAX,United States of America,-,-,-,-,5,54,0,1,-,-,Final
19500823-1,Wednesday,23-AUG-1950,-,A1, En route (ENR),"30 km (18.8 mls) from  Cravo Norte, Arauca",Colombia,3,0, Unknown,-,Douglas C-47 (DC-3),-,-,-,-,-, FAC-670,-,Colombian AF,Military,-,-,-,-,-,-,-,-,-,2,1,0,0,-,-,-
19500824-0,Thursday,24-AUG-1950,-,A1, Landing (LDG),Chinhae Air Base (K-10),South Korea,-,-, Damaged beyond repair,-,Douglas C-47B-50-DK (DC-3),2,Pratt & Whitney R-1830-90C,1945,-,-, 45-1126, 34396/17129,USAF,Military,-,-,-,-,-,Chinhae Airport,CHF,RKPE,South Korea,-,-,-,-,-,-,-
19500825-0,Friday,25-AUG-1950,-,A1, Maneuvering (MNV),"1,6 km (1 mls) WNW of Kampong Jenera",Malaysia,12,12, Damaged beyond repair,-,Douglas Dakota IV (DC-3),2,Pratt & Whitney R-1830-90C,1945,-,-, KN630, 33286/16538,RAF,Military,-,Kota Bharu-Pengkalan Chepa Airport,KBR,WMKC,Malaysia,-,-,-,-,3,9,3,9,-,-,-
19500826-0,Saturday,26-AUG-1950,-,A1, Taxi (TXI),"Quonset Point NAS, RI (NCO)",United States of America,-,-, Damaged beyond repair,-,Consolidated PBY-5A Catalina,-,-,-,-,-, 48411,-,US Navy,Military,-,-,-,-,-,-,-,-,-,-,-,-,-,-,-,-
19500829-1,Tuesday,29-AUG-1950,-,A1, Unknown (UNK),Barranquilla,Colombia,2,0, Damaged beyond repair,-,Douglas C-47-DL (DC-3),2,Pratt & Whitney R-1830-92,1942,-,-, HK-116, 4786,Avianca,Cargo,-,-,-,-,-,-,-,-,-,2,0,0,0,-,-,-
19500830-0,Wednesday,30-AUG-1950,-,A1, En route (ENR),"off Jemaja Island, Indonesia",Pacific Ocean,10,9, Damaged beyond repair,-,Douglas Dakota IV (DC-3),2,Pratt & Whitney R-1830-90C,1945,-,-, KN240, 27109/15664,RAF,Military,-,-,-,-,-,Hong Kong-Kai Tak International Airport,HKG,VHHH,Hong Kong,-,-,-,-,-,-,-
19500831-0,Thursday,31-AUG-1950,02:03,A1, En route (ENR),near Wadi Natrun,Egypt,55,55, Destroyed, Written off (damaged beyond repair),Lockheed L-749A Constellation,-,-,1950,-,1100.0, N6004C, 2636,TWA,International Scheduled Passenger,TW903,Cairo-Farouk Airport,CAI,HECA,Egypt,Roma-Ciampino Airport,CIA,LIRA,Italy,7,48,7,48,-,-,Final
19500901-0,Friday,01-SEP-1950,-,A1, En route (ENR),"11,3 km (7.1 mls) NW of Parsons, TN",United States of America,9,7, Damaged beyond repair,-,Fairchild C-119C Flying Boxcar,-,-,-,-,-, 49-163, 10400,USAF,Military,-,Smyrna-Sewart AFB,MQY,KMQY,United States of America,Smyrna-Sewart AFB,MQY,KMQY,United States of America,9,0,7,0,-,-,-
19500904-0,Monday,04-SEP-1950,14:10,A1, En route (ENR),"2,4 km (1.5 mls) SE of Utica, NY",United States of America,23,16, Damaged beyond repair,-,Douglas DC-3-229,2,Wright R-1820-G102A,1937,-,19023.0, N18936, 2011,Robinson Airlines,Domestic Scheduled Passenger,  32,Utica-Oneida County Airport,UCA,KUCA,United States of America,Newark International Airport,EWR,KEWR,United States of America,3,20,3,13,-,-,Final
19500904-1,Monday,04-SEP-1950,14:02,A2, Takeoff (TOF),"Billings Municipal Airport, MT (BIL)",United States of America,18,0, Substantial, Repaired,Martin 2-0-2,-,-,1948,-,-, N93051, 9136,Northwest Orient Airlines,Domestic Scheduled Passenger,-,Billings Municipal Airport,BIL,KBIL,United States of America,Bozeman,BZN,KBZN,United States of America,3,15,0,0,-,-,Final
19500906-0,Wednesday,06-SEP-1950,-,A1, En route (ENR),7 km (4.4 mls) NW of Osaka-Itami Air Base (ITM),Japan,11,11, Damaged beyond repair,-,Douglas C-54D-5-DC (DC-4),-,-,1945,-,-, 42-72583, 10688,USAF,Military,-,Osaka-Itami Airport,ITM,RJOO,Japan,-,-,-,-,-,-,-,-,-,-,-
19500908-0,Friday,08-SEP-1950,-,A1, Landing (LDG),"Guanabara Bay, RJ",Brazil,3,0, Damaged beyond repair,-,Curtiss C-46A-45-CU Commando,2,Pratt & Whitney R-2800-51,1944,-,-, PP-LDB, 30204,T.A. Bandeirantes,Unknown,-,Vitória-Goiabeiras Airport,VIX,SBVT,Brazil,Rio de Janeiro-Santos Dumont Airport,SDU,SBRJ,Brazil,3,0,0,0,-,-,-
19500910-0,Sunday,10-SEP-1950,-,A1, Unknown (UNK),off Midway Island,U.S. Minor Outlying Islands,7,0, Damaged beyond repair,-,Douglas R5D-3 (DC-4),-,-,-,-,-, 87755,-,US Navy,Military,-,Tokyo-Haneda Airport,HND,RJTT,Japan,-,-,-,-,7,0,0,0,-,-,-
19500911-0,Monday,11-SEP-1950,-,A1, En route (ENR),"Rocky Peak, CA",United States of America,3,3, Destroyed, Written off (damaged beyond repair),Lockheed 18-50 Lodestar,-,-,1942,-,-, N13Y, 18-2180,Private,Executive,-,Los Angeles Airport,LAX,KLAX,United States of America,Hollywood-Lockheed Air Terminal,BUR,KBUR,United States of America,2,1,2,1,-,-,-
19500912-0,Tuesday,12-SEP-1950,-,A1, Unknown (UNK),Son-La-Na-San Airport (SQH),Vietnam,-,-, Damaged beyond repair,-,Douglas C-47-DL (DC-3),2,Pratt & Whitney R-1830-92,1943,-,-, F-OACA, 6241,CATI,Unknown,-,-,-,-,-,-,-,-,-,-,-,-,-,-,-,-
19500912-1,Tuesday,12-SEP-1950,-,A1, En route (ENR),"64 km (40 mls) WNW of Anchorage-Elmendorf AFB, AK (EDF)",United States of America,5,5, Damaged beyond repair,-,Douglas C-47A-80-DL (DC-3),2,Pratt & Whitney R-1830-92,1944,-,-, 43-15299, 19765,USAF,Military,-,Fairbanks-Eielson AFB,EIL,PAEI,United States of America,Anchorage-Elmendorf AFB,EDF,PAED,United States of America,5,0,5,0,-,-,-
19500913-0,Wednesday,13-SEP-1950,-,A1, Unknown (UNK),Ashiya Air Base,Japan,-,-, Damaged beyond repair,-,Fairchild C-119B Flying Boxcar,-,-,-,-,-, 48-353, 10335,USAF,Military,-,-,-,-,-,-,-,-,-,-,-,-,-,-,-,-
19500914-0,Thursday,14-SEP-1950,-,A1, En route (ENR),Vatnajökull Glacier,Iceland,6,0, Damaged beyond repair,-,Douglas C-54B-20-DO (DC-4),-,-,1944,-,-, TF-RVC, 27240,Loftleidir,Cargo,-,Luxembourg-Findel Airport,LUX,ELLX,Luxembourg,Reykjavík Domestic Airport,RKV,BIRK,Iceland,6,0,0,0,-,-,-
19500914-1,Thursday,14-SEP-1950,-,A1, Unknown (UNK),near Tehran-Mehrabad Airport (THR),Iran,9,9, Damaged beyond repair,-,Douglas C-47A-30-DL (DC-3),2,Pratt & Whitney R-1830-92,1943,-,-, EP-AAG, 9453,Iranian Airways,Ferry/positioning,-,Tehran-Mehrabad Airport,THR,OIII,Iran,-,-,-,-,2,7,2,7,-,-,-
19500914-2,Thursday,14-SEP-1950,-,A1, Unknown (UNK),Ashiya Air Base,Japan,-,-, Damaged beyond repair,-,Fairchild C-119C Flying Boxcar,-,-,-,-,-, 49-145, 10382,USAF,Military,-,-,-,-,-,-,-,-,-,-,-,-,-,-,-,-
19500917-0,Sunday,17-SEP-1950,-,O1, Standing (STD),Wig Bay,United Kingdom,0,0, Damaged beyond repair,-,Short Sunderland GR.5,-,-,-,-,-, NJ268,-,RAF,Military,-,-,-,-,-,-,-,-,-,0,0,0,0,-,-,-
19500919-0,Tuesday,19-SEP-1950,05:20,A1, En route (ENR),"2,5 km (1.6 mls) E off  Kwajalein NAS (KWA)",Marshall Islands,26,26, Damaged beyond repair,-,Douglas R5D-3 (DC-4),-,-,1945,-,-, 56496, 10624,US Navy,Military,-,-,-,-,-,-,-,-,-,7,19,7,19,-,-,-
19500921-0,Thursday,21-SEP-1950,-,A1, Landing (LDG),Zagreb/Lucko Airport,Croatia,11,10, Damaged beyond repair,-,Douglas C-47A-25-DK (DC-3),-,-,1944,-,-, YU-ABC, 13254,JAT,Domestic Scheduled Passenger,-,-,-,-,-,-,-,-,-,4,7,4,6,-,-,-
19500921-1,Thursday,21-SEP-1950,-,A1, Unknown (UNK),13 km (8.1 mls) off  Aden-Khormaksar RAF Station,Yemen,4,0, Damaged beyond repair,-,Vickers Valetta C.1,2,Bristol Hercules 230,1950,-,-, VX499, 445,RAF,Military,-,-,-,-,-,Aden-Khormaksar RAF Station,ADE,ODAA,Yemen,4,0,0,0,-,-,-
19500925-0,Monday,25-SEP-1950,-,O1, Standing (STD),Nagoya-Komaki AFB,Japan,-,0, Damaged beyond repair,-,Fairchild C-119B Flying Boxcar,-,-,-,-,-, 48-324, 10306,USAF,Military,-,-,-,-,-,-,-,-,-,-,-,0,0,-,-,-
19500926-0,Tuesday,26-SEP-1950,-,A1, Unknown (UNK),Barrackpore Air Force Station,India,-,-, Damaged beyond repair,-,Douglas C-47A-20-DK (DC-3),2,Pratt & Whitney R-1830-92,1944,-,-, VT-DAT, 13168,Air-India,Unknown,-,-,-,-,-,-,-,-,-,-,-,-,-,-,-,-
19500926-1,Tuesday,26-SEP-1950,04:25,A1, Initial climb (ICL),"1,5 km (0.9 mls) off  Ashiya Air Base",Japan,51,23, Damaged beyond repair,-,Douglas C-54D-1-DC (DC-4),-,-,1945,-,-, 42-72457, 10562,USAF,Military,-,-,-,-,-,Seoul-Gimpo (Kimpo) International Airport,SEL,RKSS,South Korea,8,43,5,18,-,-,-
19500926-3,Tuesday,26-SEP-1950,-,A1, En route (ENR),"0,8 km (0.5 mls) off  North Korea",North Korea,9,0, Damaged beyond repair,-,Lockheed P2V Neptune,-,-,-,-,-, registration unknown,-,US Navy,Military,-,-,-,-,-,-,-,-,-,-,-,0,0,-,-,-
19500927-0,Wednesday,27-SEP-1950,-,O1, Standing (STD),"El Palomar Air Base, BA (EPA)",Argentina,-,0, Damaged beyond repair,-,Vickers 615 Viking 1B,-,-,1947,-,-, T-8, 183,Argentine AF,Military,-,-,-,-,-,-,-,-,-,-,-,0,0,-,-,-
19500927-1,Wednesday,27-SEP-1950,-,A1, Landing (LDG),Iwakuni MCAS,Japan,-,0, Damaged beyond repair,-,Curtiss C-46D-20-CU Commando,-,-,1945,-,-, XT-862, 22351,Civil Air Transport,Military,-,-,-,-,-,-,-,-,-,-,-,0,0,-,-,-
19500929-0,Friday,29-SEP-1950,-,A1, Unknown (UNK),Galápagos,Spain,17,5, Damaged beyond repair,-,CASA 352 (Junkers Ju-52),-,-,-,-,-, T.2-124, 15,Spanish AF,Military,-,-,-,-,-,-,-,-,-,5,12,4,1,-,-,-
19500930-0,Saturday,30-SEP-1950,-,A1, Takeoff (TOF),"Columbus Southwest Airport, OH",United States of America,4,1, Damaged beyond repair,-,Grumman G-73 Mallard,-,-,1950,-,-, N74044, J-46,Private,Executive,-,-,-,-,-,-,-,-,-,1,3,1,0,-,-,-
19501002-0,Monday,02-OCT-1950,-,U1, Unknown (UNK),Laguna Anteojos o Azar,Bolivia,-,-, Damaged beyond repair,-,Curtiss C-46,-,-,-,-,-, CB-38,-,LAB,Unknown,-,-,-,-,-,-,-,-,-,-,-,-,-,-,-,-
19501002-1,Monday,02-OCT-1950,23:53,A2, Landing (LDG),"Washington-National Airport, DC (DCA)",United States of America,2,0, Substantial, Repaired,Curtiss C-46F-1-CU Commando,-,-,1945,-,-, N1661M, 22544,National Airlines,Cargo,-,Newark International Airport,EWR,KEWR,United States of America,Washington-National Airport,DCA,KDCA,United States of America,2,0,0,0,-,-,Final
19501003-0,Tuesday,03-OCT-1950,-,A1, Taxi (TXI),"Malay Cove, Trincomalee",Sri Lanka,-,0, Damaged beyond repair,-,Short Sunderland GR.5,-,-,-,-,-, SZ569,-,RAF,Military,-,-,-,-,-,-,-,-,-,-,-,0,0,-,-,-
19501005-0,Thursday,05-OCT-1950,-,A2, Takeoff (TOF),Filton Airport (FZO),United Kingdom,-,0, Substantial, Repaired,Bristol 170 Freighter 21,-,-,1947,-,-, WH575, 12826,Bristol,Test,-,Filton Airport,FZO,EGTG,United Kingdom,-,-,-,-,-,-,0,0,-,-,Preliminary
19501012-0,Thursday,12-OCT-1950,-,A1, Approach (APR),"Bungulla, NSW",Australia,2,2, Damaged beyond repair,-,Douglas C-47A-20-DK (DC-3),2,Pratt & Whitney R-1830-92,1944,-,-, VH-SMH, 13157,John Fairfax & Sons,Cargo,-,Camden Airport,CDU,YSCN,Australia,-,-,-,-,2,0,2,0,-,-,-
19501012-1,Thursday,12-OCT-1950,-,A1, Landing (LDG),Ashiya Air Base,Japan,8,3, Damaged beyond repair,-,Fairchild C-119B-10-FA Flying Boxcar,2,Pratt & Whitney R-4360-20,-,-,-, 49-105, 10342,USAF,Military,-,-,-,-,-,-,-,-,-,4,4,3,0,-,-,-
19501012-2,Thursday,12-OCT-1950,-,A1, Landing (LDG),Maracaibo-Grano de Oro Airport (ORO),Venezuela,20,0, Damaged beyond repair,-,Douglas C-47A-20-DK (DC-3),-,-,1944,-,-, YV-C-ARF, 12957,RANSA,Passenger,-,-,-,-,-,Maracaibo-Grano de Oro Airport,ORO,SVMO,Venezuela,4,16,0,0,-,-,-
19501013-0,Friday,13-OCT-1950,10:49,A1, En route (ENR),"Almelund, MN",United States of America,6,6, Damaged beyond repair,-,Martin 2-0-2,2,Pratt & Whitney R-2800-CA18,1947,-,5289.0, NC93037, 9158,Northwest Orient Airlines,Training,-,Minneapolis-St. Paul International Airport,MSP,KMSP,United States of America,Minneapolis-St. Paul International Airport,MSP,KMSP,United States of America,3,3,3,3,-,-,Final
19501013-1,Friday,13-OCT-1950,-,A1, En route (ENR),Casablanca,Morocco,7,4, Damaged beyond repair,-,Douglas C-47A-90-DL (DC-3),2,Pratt & Whitney R-1830-92,1944,-,-, F-BAXM, 20245,Air Atlas,Passenger,-,-,-,-,-,Algiers-Maison Blanche Airport,ALG,DAAG,Algeria,3,4,3,1,-,-,-
19501013-2,Friday,13-OCT-1950,-,A1, Unknown (UNK),"4,8 km (3 mls) W of St Claire, AL",United States of America,4,4, Damaged beyond repair,-,Douglas VC-47D (DC-3),2,Pratt & Whitney R-1830-90,1944,-,-, 43-49041, 26302/14857,USAF,Military,-,-,-,-,-,-,-,-,-,4,0,4,0,-,-,-
19501015-0,Sunday,15-OCT-1950,-,A1, En route (ENR),Sea of Japan,Pacific Ocean,4,4, Missing, Presumed damaged beyond repair,Douglas C-47A-75-DL (DC-3),2,Pratt & Whitney R-1830-92,1943,-,-, 42-100855, 19318,USAF,Military,-,Seoul-Gimpo (Kimpo) International Airport,SEL,RKSS,South Korea,-,-,-,-,4,0,4,0,-,-,-
19501017-0,Tuesday,17-OCT-1950,-,A1, En route (ENR),Mill Hill,United Kingdom,29,28, Damaged beyond repair,-,Douglas C-47A-1-DK Dakota C.3,-,-,1943,-,-, G-AGIW, 12186,BEA,Domestic Scheduled Passenger,-,London-Northolt Airport,NHT,EGWU,United Kingdom,-,-,-,-,5,24,4,24,-,-,Final
19501019-0,Thursday,19-OCT-1950,-,A1, Takeoff (TOF),Dhahran Airport (DHA),Saudi Arabia,-,-, Damaged beyond repair,-,Douglas C-47B-15-DK (DC-3),2,Pratt & Whitney R-1830-90C,1944,-,-, 43-49440, 26701/15256,USAF,Military,-,Dhahran International Airport,DHA,OEDR,Saudi Arabia,-,-,-,-,-,-,-,-,-,-,-
19501020-0,Friday,20-OCT-1950,-,A1, Unknown (UNK),"5 km (3.1 mls) NW of Limestone, ME",United States of America,-,-, Damaged beyond repair,-,Douglas C-47A-DK (DC-3),2,Pratt & Whitney R-1830-92,1943,-,-, 42-92041, 11797,USAF,Military,-,-,-,-,-,-,-,-,-,-,-,-,-,-,-,-
19501025-0,Wednesday,25-OCT-1950,-,A1, Landing (LDG),Singapore-Changi RAF Station,Singapore,-,0, Damaged beyond repair,-,Avro 685 York C.1,4,Rolls-Royce Merlin,1943,-,-, MW102,-,RAF,Military,-,-,-,-,-,-,-,-,-,-,-,0,0,-,-,-
19501026-0,Thursday,26-OCT-1950,-,A1, En route (ENR),"16 km (10 mls) NNW of Truckee, CA",United States of America,4,4, Damaged beyond repair,-,Douglas C-47B-10-DK (DC-3),2,Pratt & Whitney R-1830-90C,1944,-,-, 43-49030, 26291/14846,USAF,Military,-,Ogden-Hill AFB,HIF,KHIF,United States of America,Sacramento-McClellan AFB,MCC,KMCC,United States of America,3,1,3,1,-,-,-
19501026-1,Thursday,26-OCT-1950,-,A1, Takeoff (TOF),Arctic Ice Station SP-2,Arctic Ocean,7,0, Damaged beyond repair,-,Douglas C-47B-25-DK (DC-3),-,-,1945,-,-, CCCP-N369, 32708/15960,Polyarnaya Aviatsiya,Cargo,-,-,-,-,-,-,-,-,-,6,1,0,0,-,-,-
19501027-0,Friday,27-OCT-1950,-,A1, Standing (STD),Tachikawa Air Base,Japan,-,0, Damaged beyond repair,-,Lockheed P2V-3W Neptune,-,-,-,-,-, 124290,-,US Navy,Military,-,-,-,-,-,-,-,-,-,-,-,0,0,-,-,-
19501031-0,Tuesday,31-OCT-1950,19:54,A1, Approach (APR),London Airport (LHR),United Kingdom,30,28, Damaged beyond repair,-,Vickers 610 Viking 1B,-,-,1947,-,-, G-AHPN, 155,BEA,International Scheduled Passenger,-,Paris-Le Bourget Airport,LBG,LFPB,France,London-Northolt Airport,NHT,EGWU,United Kingdom,4,26,3,25,-,-,Final
19501102-0,Thursday,02-NOV-1950,-,A1, En route (ENR),"near Bridgeport, AL",United States of America,-,0, Damaged beyond repair,-,Fairchild C-119C Flying Boxcar,-,-,-,-,-, 49-189, 10426,USAF,Military,-,-,-,-,-,-,-,-,-,-,-,0,0,-,-,-
19501103-0,Friday,03-NOV-1950,09:43,A1, En route (ENR),Mont Blanc,France,48,48, Destroyed, Written off (damaged beyond repair),Lockheed L-749 Constellation,-,-,1948,-,-, VT-CQP, 2506,Air-India,International Scheduled Passenger, 245,-,-,-,-,Genève-Cointrin Airport,GVA,LSGG,Switzerland,8,40,8,40,-,-,-
19501104-0,Saturday,04-NOV-1950,-,A1, Takeoff (TOF),"Vitoria Da Conquista Airport, BA (VDC)",Brazil,-,0, Damaged beyond repair,-,Douglas DC-3 (R4D-1),-,-,1942,-,-, PP-IBC, 4360,Central Aérea,Unknown,-,Vitória da Conquista Airport,VDC,SBQV,Brazil,-,-,-,-,-,-,0,0,-,-,-
