identifiant,week_day,date,time,type_event,phase,location,country,total_occupants,total_fatalities,aircraft_damage,aircraft_fate,type_aircraft,number_engines,type_engines,first_flight,cycles,total_airframe_hours,registration,c_n_msn,operator,nature,flight_number,departure_airport_name,departure_airport_IATA,departure_airport_ICAO,departure_airport_country,destination_airport_name,destination_airport_IATA,destination_airport_ICAO,destination_airport_country,crew_number,passengers_number,crew_fatalities,passengers_fatalities,collision_casualties,ground_casualties,status
19410101-2,Wednesday,01-JAN-1941,-,A1, En route (ENR),Bodø,Norway,-,0, Damaged beyond repair,-,Junkers Ju-52 See,-,-,-,-,-, registration unknown, 6929,German AF,Military,-,-,-,-,-,-,-,-,-,-,-,-,-,-,-,-
19410102-2,Thursday,02-JAN-1941,-,A1, Standing (STD),Hommelvik Seaplane Base,Norway,0,0, Damaged beyond repair,-,Junkers Ju-52 See,-,-,-,-,-, registration unknown, 6932,German AF,Military,-,-,-,-,-,-,-,-,-,-,-,-,-,-,-,-
19410104-0,Saturday,04-JAN-1941,-,A1, En route (ENR),"Umbalkees Glacier, Hohe Tauern",Austria,11,1, Damaged beyond repair,-,Junkers Ju-52/3mg6e,-,-,-,-,-, .. + .., 6888,German AF,Military,-,-,-,-,-,-,-,-,-,-,-,-,-,-,-,-
19410104-1,Saturday,04-JAN-1941,18:30,A1, En route (ENR),"43 km (26.9 mls) E of San Diego-North Island NAS, CA (NZY)",United States of America,11,11, Damaged beyond repair,-,Douglas R2D-1 (DC-2),-,-,-,-,-, 9622, 1327,US Navy,Military,-,Big Spring-Webb AFB,BGS,KBPG,United States of America,San Diego-North Island NAS,NZY,KNZY,United States of America,4,7,4,7,-,-,-
19410108-0,Wednesday,08-JAN-1941,-,A1, Unknown (UNK),13 km (8.1 mls) NE of Mbeya,Tanzania,15,15, Damaged beyond repair,-,Junkers Ju-52/3msai,-,-,-,-,-, 668, 5905,South African AF,Military,-,-,-,-,-,-,-,-,-,4,11,4,11,-,-,-
19410112-0,Sunday,12-JAN-1941,-,O1, Standing (STD),"Salt Lake City Municipal Airport, UT (SLC)",United States of America,0,0, Damaged beyond repair,-,Douglas DC-3A-197,-,-,1936,-,-, NC16072, 1912,United Airlines,-,-,-,-,-,-,-,-,-,-,0,0,0,0,-,-,-
19410115-0,Wednesday,15-JAN-1941,12:05,A1, En route (ENR),"off Fernando de Noronha, PE",Brazil,10,10, Damaged beyond repair,-,Savoia-Marchetti SM-75C,-,-,-,-,-, I-BAYR, 32013,LATI,International Scheduled Passenger,-,Natal Airport,NAT,SBNT,Brazil,Sal-Amilcar Cabral International Airport,SID,GVAC,Cape Verde,8,2,8,2,-,-,-
19410117-0,Friday,17-JAN-1941,03:30,A1, Landing (LDG),Catania-Fontanarossa Airport (CTA),Italy,17,0, Damaged beyond repair,-,Savoia-Marchetti SM-75,-,-,-,-,-, I-LUME, 32032,Ala Littoria,Military,-,Catania-Fontanarossa Airport,CTA,LICC,Italy,-,-,-,-,-,-,0,0,-,-,-
19410117-1,Friday,17-JAN-1941,-,A1, En route (ENR),near Nagyvárad (Oradea),Romania,16,12, Damaged beyond repair,-,Junkers Ju-52/3mg3e,-,-,-,-,-, HA-JUA, 5523,Malert,International Scheduled Passenger,-,-,-,-,-,Târgu Mures Airport,TGM,LRTM,Romania,3,13,3,9,-,-,-
19410119-0,Sunday,19-JAN-1941,-,A1, Unknown (UNK),El Fasher,Sudan,-,-, Damaged beyond repair,-,Lockheed 14-WF62 Super Electra,-,-,1938,-,-, G-AFGR, 1470,BOAC,Passenger,-,-,-,-,-,-,-,-,-,-,-,-,-,-,-,-
19410120-0,Monday,20-JAN-1941,-,A1, En route (ENR),within Jiangxi Province,China,6,5, Damaged beyond repair,-,Ford 5-AT-D Tri-Motor,3,Pratt & Whitney R-1340 Wasp,1931,-,-, 23, 5-AT-101,CNAC,Domestic Non Scheduled Passenger,-,-,-,-,-,-,-,-,-,4,2,3,2,-,-,-
19410123-0,Thursday,23-JAN-1941,04:13,A1, Approach (APR),"0,7 km (0.4 mls) W of Saint Louis Airport, MO",United States of America,14,2, Destroyed, Written off (damaged beyond repair),Douglas DC-3B-202,2,Wright R-1820-G102,1937,-,-, NC17315, 1930,TWA,Domestic Scheduled Passenger,Trip 6,Kansas City Municipal Airport,MKC,KMKC,United States of America,Saint Louis-Lambert Municipal Airport,STL,KSTL,United States of America,3,11,1,1,-,-,Final
19410128-2,Tuesday,28-JAN-1941,-,A1,  (CMB),Rhodos,Greece,13,7, Damaged beyond repair,-,Junkers Ju-52/3mg3e,-,-,-,-,-, 6880, 6880,German AF,Military,-,-,-,-,-,-,-,-,-,-,-,-,-,-,-,-
19410202-2,Sunday,02-FEB-1941,-,O1, Standing (STD),BA1 Sintra,Portugal,0,0, Damaged beyond repair,-,Junkers Ju-52/3mge,-,-,-,-,-, 201, 5653,Portuguese AF,Military,-,-,-,-,-,-,-,-,-,-,-,-,-,-,-,-
19410206-0,Thursday,06-FEB-1941,05:50,A1, Approach (APR),"near Armstrong Airport, ON (YYW)",Canada,12,12, Damaged beyond repair,-,Lockheed 14-H2 Super Electra,-,-,1939,-,-, CF-TCP, 1501,TCAL,Domestic Scheduled Passenger,-,North Bay Airport,YYB,CYYB,Canada,Winnipeg International Airport,YWG,CYWG,Canada,3,9,3,9,-,-,-
19410206-1,Thursday,06-FEB-1941,-,A1, En route (ENR),Marble Creek,Papua New Guinea,1,1, Damaged beyond repair,-,de Havilland DH.66 Hercules,3,Bristol Jupiter VI,-,-,-, VH-UJO, 344,Stephens Aviation,Unknown,-,-,-,-,-,Wau Airport,WUG,AYWU,Papua New Guinea,1,0,1,0,-,-,-
19410209-0,Sunday,09-FEB-1941,-,A1, Landing (LDG),"San Diego-North Island NAS, CA (NZY)",United States of America,-,1, Damaged beyond repair,-,Consolidated PBY-4 Catalina,-,-,-,-,-, 1244,-,US Navy,Military,-,-,-,-,-,San Diego-North Island NAS,NZY,KNZY,United States of America,-,-,-,-,-,-,-
19410212-0,Wednesday,12-FEB-1941,-,A1, En route (ENR),"Taohsien, Hunan",China,3,3, Damaged beyond repair,-,Douglas DC-2-192,-,-,1936,-,-, 40, 1560 or 1598,CNAC,Cargo,-,Hong Kong-Kai Tak International Airport,HKG,VHHH,Hong Kong,Chongqing-Jiangbei International Airport,CKG,ZUCK,China,3,0,3,0,-,-,-
19410213-0,Thursday,13-FEB-1941,-,A1, Takeoff (TOF),near Perugia,Italy,5,3, Damaged beyond repair,-,Junkers Ju-52/3m,-,-,-,-,-, registration unknown, 6528,German AF,Military,-,-,-,-,-,-,-,-,-,-,-,-,-,-,-,-
19410215-0,Saturday,15-FEB-1941,-,O1, Standing (STD),"River Tagus, Lisbon",Portugal,0,0, Damaged beyond repair,-,Short S.30 Empire Flying Boat,4,Bristol Perseus XIIc,1939,-,-, G-AFCX, S.883,BOAC,-,-,-,-,-,-,-,-,-,-,0,0,0,0,-,-,-
19410217-0,Monday,17-FEB-1941,-,A1, En route (ENR),Strait of Messina,Italy,4,4, Damaged beyond repair,-,Junkers Ju-52/3mg5e,-,-,-,-,-, 4V+EH, 7055,German AF,Military,-,-,-,-,-,-,-,-,-,4,0,4,0,-,-,-
19410219-2,Wednesday,19-FEB-1941,-,U1, Unknown (UNK),at an unknown location,Spain,-,-, Damaged beyond repair,-,Junkers Ju-52/3m,-,-,-,-,-, 22-89,-,Spanish AF,Military,-,-,-,-,-,-,-,-,-,-,-,-,-,-,-,-
19410225-0,Tuesday,25-FEB-1941,-,O1, Standing (STD),Scaramanga,Greece,0,0, Damaged beyond repair,-,Short Sunderland I,-,-,-,-,-, L5804,-,RAF,Military,-,-,-,-,-,-,-,-,-,0,0,0,0,-,-,-
19410226-0,Wednesday,26-FEB-1941,23:50,A1, Approach (APR),"N of Jonesboro, GA",United States of America,16,8, Damaged beyond repair,-,Douglas DST-318A (DC-3),2,Wright R-1820-G202A,1940,-,-, NC28394, 3250,Eastern Air Lines,Domestic Scheduled Passenger,Trip 21,-,-,-,-,Atlanta-Candler Field,ATL,KATL,United States of America,3,13,3,5,-,-,Final
19410301-0,Saturday,01-MAR-1941,-,A1, Unknown (UNK),Palma de Mallorca,Spain,9,0, Damaged beyond repair,-,Junkers Ju-52/3mge,-,-,-,-,-, EC-AAJ, 4073,Iberia,Passenger,-,-,-,-,-,-,-,-,-,-,-,0,0,-,-,-
19410301-1,Saturday,01-MAR-1941,15:50,A1, Landing (LDG),Hommelvik Bay,Norway,9,3, Damaged beyond repair,-,Junkers Ju-52/3mte,-,-,-,-,-, D-AQUB, 5751,Deutsche Lufthansa,Passenger,-,Narvik-Framnes Airport,NVK,ENNK,Norway,-,-,-,-,3,6,0,3,-,-,-
19410305-0,Wednesday,05-MAR-1941,-,A1, Unknown (UNK),at an unknown location,Unknown country,-,-, Damaged beyond repair,-,Consolidated PBY-2 Catalina,-,-,-,-,-, 0467,-,US Navy,Military,-,-,-,-,-,-,-,-,-,-,-,-,-,-,-,-
19410310-0,Monday,10-MAR-1941,12:55,C1, Standing (STD),St. Paul's Bay,Malta,0,0, Damaged beyond repair,-,Short Sunderland I,-,-,-,-,-, L2164,-,RAF,Military,-,-,-,-,-,-,-,-,-,0,0,0,0,-,-,-
19410310-1,Monday,10-MAR-1941,20:35,A2, Landing (LDG),"Cincinnati Municipal Airport, OH (LUK)",United States of America,12,0, Substantial, Repaired,Douglas DC-3-277C,2,Wright R-1820-G102,1940,-,-, NC15592, 2248,American Airlines,Domestic Scheduled Passenger,AA20,Chicago Municipal Airport,MDW,KMDW,United States of America,Cincinnati Municipal Airport,LUK,KLUK,United States of America,3,9,0,0,-,-,Final
19410314-0,Friday,14-MAR-1941,-,A1, En route (ENR),6 km (3.8 mls) N of Begovat,Uzbekistan,6,6, Damaged beyond repair,-,Tupolev G-2,-,-,-,-,3407.0, CCCP-L1496, 22114,Aeroflot / Uzbekistan,Cargo,-,Tashkent Airport,TAS,UTTT,Uzbekistan,Fergana Airport,FEG,UTKF,Uzbekistan,6,0,6,0,-,-,-
19410326-1,Wednesday,26-MAR-1941,-,A1, Takeoff (TOF),Borinquen AAF (BQN),Puerto Rico,-,-, Damaged beyond repair,-,Sikorsky Y1OA-8 (S-43),-,-,-,-,-, 37-374, 4336,USAAC,Military,-,Borinquen AAF,BQN,TJBQ,Puerto Rico,-,-,-,-,-,-,-,-,-,-,-
19410328-0,Friday,28-MAR-1941,-,A1, En route (ENR),"Elands Bay, Western Cape",South Africa,10,10, Damaged beyond repair,-,Lockheed 18-08-01 Lodestar,-,-,1940,-,-, ZS-AST, 18-2034,South African Airways,Domestic Scheduled Passenger,-,-,-,-,-,-,-,-,-,4,6,4,6,-,-,-
19410329-0,Saturday,29-MAR-1941,-,O1, Standing (STD),Jijiga Air Base,Ethiopia,-,0, Damaged beyond repair,-,Vickers Valentia,-,-,-,-,-, 264,-,South African AF,Military,-,-,-,-,-,-,-,-,-,-,-,0,0,-,-,-
19410329-1,Saturday,29-MAR-1941,-,O1, Standing (STD),Jijiga Air Base,Ethiopia,0,0, Damaged beyond repair,-,Junkers Ju-52/3mge,-,-,-,-,-, 660, 5236,South African AF,Military,-,-,-,-,-,-,-,-,-,0,0,0,0,-,-,-
19410403-0,Thursday,03-APR-1941,09:07,A1, En route (ENR),"18 km (11.3 mls) WSW of Vero Beach, FL",United States of America,16,0, Damaged beyond repair,-,Douglas DC-3-201B,-,-,1939,-,-, NC21727, 2143,Eastern Air Lines,Domestic Scheduled Passenger,Trip 14,West Palm Beach-Morrison Field,PBI,KPBI,United States of America,-,-,-,-,3,13,0,0,-,-,Final
19410404-0,Friday,04-APR-1941,-,A1, En route (ENR),near Alamicamba,Nicaragua,2,2, Damaged beyond repair,-,Ford 5-AT-.  Tri-Motor,-,-,-,-,-, AN-AA., 5-AT-...,TACA de Nicaragua,Cargo,-,-,-,-,-,-,-,-,-,2,0,2,0,-,-,-
19410407-2,Monday,07-APR-1941,-,A1, En route (ENR),"Mannersdorf, Leithagebirge",Austria,15,15, Damaged beyond repair,-,Junkers Ju-52/3m,-,-,-,-,-, 1Z+CL, 6245,German AF,Military,-,-,-,-,-,-,-,-,-,-,-,-,-,-,-,-
19410407-3,Monday,07-APR-1941,-,A1, En route (ENR),Leithagebirge,Austria,3,0, Damaged beyond repair,-,Junkers Ju-52/3m,-,-,-,-,-, 1Z+KK, 5015,German AF,Military,-,-,-,-,-,-,-,-,-,-,-,-,-,-,-,-
19410407-4,Monday,07-APR-1941,-,A1, En route (ENR),Leithagebirge,Austria,16,5, Damaged beyond repair,-,Junkers Ju-52/3m,-,-,-,-,-, 1Z+LL, 6540,German AF,Military,-,-,-,-,-,-,-,-,-,-,-,-,-,-,-,-
19410407-5,Monday,07-APR-1941,-,A1, En route (ENR),Leithagebirge,Austria,14,2, Damaged beyond repair,-,Junkers Ju-52/3m,-,-,-,-,-, 1Z+JK, 6270,German AF,Military,-,-,-,-,-,-,-,-,-,-,-,-,-,-,-,-
19410408-0,Tuesday,08-APR-1941,-,A1, Landing (LDG),16 km (10 mls) from  Sallum,Egypt,-,0, Damaged beyond repair,-,Lockheed 14-N3 Super Electra,-,-,1939,-,-, AX682, 1496,RAF,Military,-,-,-,-,-,Tobruk Airport,TOB,HLGN,Libya,-,-,0,0,-,-,-
19410412-0,Saturday,12-APR-1941,-,A1, Initial climb (ICL),Veszprém,Hungary,23,23, Damaged beyond repair,-,Savoia-Marchetti SM-75,-,-,-,-,-, E-101, 320..,Hungarian AF,Military,-,-,-,-,-,-,-,-,-,-,-,-,-,-,-,-
19410422-0,Tuesday,22-APR-1941,-,A1, En route (ENR),near Río Putumayo,Brazil,14,1, Damaged beyond repair,-,Ford 5-AT-C Tri-Motor,-,-,1929,-,-, 643, 5-AT-47,Colombian AF,Military,-,-,-,-,-,-,-,-,-,5,9,1,0,-,-,-
19410422-2,Tuesday,22-APR-1941,-,A1, En route (ENR),W of Kumanovo,North Macedonia,5,4, Damaged beyond repair,-,Junkers Ju-52/3m,-,-,-,-,-, registration unknown, 2976,German AF,Military,-,-,-,-,-,-,-,-,-,-,-,-,-,-,-,-
19410423-0,Wednesday,23-APR-1941,-,C1, Standing (STD),Scaramanga,Greece,0,0, Damaged beyond repair,-,Short Sunderland I,-,-,-,-,-, L2161,-,RAF,Military,-,-,-,-,-,-,-,-,-,0,0,0,0,-,-,-
19410424-0,Thursday,24-APR-1941,05:45,A1, En route (ENR),"Langhóll, Fagradalsfjall",Iceland,13,3, Damaged beyond repair,-,Short Sunderland I,-,-,-,-,-, N9023,-,RAF,Military,-,-,-,-,-,-,-,-,-,13,0,3,0,-,-,-
19410425-0,Friday,25-APR-1941,-,A1, Takeoff (TOF),Moscow,Russia,3,0, Damaged beyond repair,-,Douglas DC-3-196A,-,-,1938,-,-, URSS-C, 2047,Aeroflot,Unknown,-,-,-,-,-,-,-,-,-,-,-,0,0,-,-,-
19410426-0,Saturday,26-APR-1941,-,A1, Unknown (UNK),Cape Town-Wingfield Aerodrome,South Africa,-,-, Damaged beyond repair,-,Lockheed 18-08-01 Lodestar,-,-,1941,-,-, ZS-ATH, 18-2054,South African Airways,Ferry/positioning,-,-,-,-,-,-,-,-,-,-,-,-,-,-,-,-
19410427-0,Sunday,27-APR-1941,10:07,C1, Standing (STD),Kalafrana Bay,Malta,0,0, Damaged beyond repair,-,Short Sunderland I,-,-,-,-,-, L5807,-,RAF,Military,-,-,-,-,-,-,-,-,-,0,0,0,0,-,-,-
19410428-0,Monday,28-APR-1941,-,A1, En route (ENR),Iris Sea,Atlantic Ocean,11,6, Damaged beyond repair,-,Short Sunderland III,-,-,-,-,-, T9075,-,RAAF,Military,-,-,-,-,-,-,-,-,-,11,0,6,0,-,-,-
19410510-0,Saturday,10-MAY-1941,-,A1, Standing (STD),Marsaxlokk,Malta,-,-, Damaged beyond repair,-,Short Sunderland I,-,-,-,-,-, N9049,-,RAF,Military,-,-,-,-,-,-,-,-,-,-,-,-,-,-,-,-
19410517-0,Saturday,17-MAY-1941,-,C1, Standing (STD),Athens-Tatoi Air Base,Greece,0,0, Damaged beyond repair,-,Junkers G.38gi/fi,-,-,-,-,-, GF+GG, 3302,German AF,Military,-,-,-,-,-,-,-,-,-,0,0,0,0,-,-,-
19410520-0,Tuesday,20-MAY-1941,-,A1, Unknown (UNK),"near Alikarnassos, Iraklion, Crete",Greece,4,2, Damaged beyond repair,-,Junkers Ju-52/3m,-,-,-,-,-, G6+EK, 6240,German AF,Military,-,-,-,-,-,-,-,-,-,4,0,2,0,-,-,-
19410520-2,Tuesday,20-MAY-1941,-,A1,  (CMB),Chania-Alikianu,Greece,4,4, Damaged beyond repair,-,Junkers Ju-52/3mg5e,-,-,-,-,-, 9P+MU, 6908,German AF,Military,-,-,-,-,-,-,-,-,-,-,-,-,-,-,-,-
19410524-2,Saturday,24-MAY-1941,-,A1, En route (ENR),"Kalamos, Tanagra",Greece,4,2, Damaged beyond repair,-,Junkers Ju-52/3m,-,-,-,-,-, registration unknown, 2801,German AF,Military,-,-,-,-,-,-,-,-,-,-,-,-,-,-,-,-
19410601-0,Sunday,01-JUN-1941,-,A1, Unknown (UNK),Tatoi,Greece,5,0, Damaged beyond repair,-,Junkers Ju-52/3m,-,-,-,-,-, registration unknown, 5296,German AF,Military,-,-,-,-,-,-,-,-,-,5,0,0,0,-,-,-
19410603-2,Tuesday,03-JUN-1941,-,A1, Unknown (UNK),at an unknown location,Malta,-,-, Damaged beyond repair,-,Junkers Ju-52/3m,-,-,-,-,-, registration unknown,-,German AF,Military,-,-,-,-,-,-,-,-,-,-,-,-,-,-,-,-
19410610-0,Tuesday,10-JUN-1941,-,A1, Unknown (UNK),"Belém, PA",Brazil,8,8, Damaged beyond repair,-,Consolidated C-12 Commodore (16-2),-,-,1930,-,-, BELEM, 10,Brazilian AF,Military,-,-,-,-,-,-,-,-,-,1,7,1,7,-,-,-
19410614-0,Saturday,14-JUN-1941,08:10,A1, Unknown (UNK),Dodo River,Nigeria,-,-, Damaged beyond repair,-,Lockheed 18-08-01 Lodestar,-,-,1940,-,-, 241, 18-2045,South African AF,Military,-,-,-,-,-,-,-,-,-,-,-,-,-,-,-,-
19410614-1,Saturday,14-JUN-1941,-,A1, Landing (LDG),"Yoakum, TX",United States of America,-,0, Damaged beyond repair,-,Ford 4-AT-B Tri-Motor,3,Wright J-5 Whirlwind,1928,-,-, NC5809, 4-AT-25,Hangar Six,Unknown,-,-,-,-,-,-,-,-,-,-,-,0,0,-,-,-
19410617-0,Tuesday,17-JUN-1941,-,A1, Unknown (UNK),Minaa,Nigeria,-,-, Damaged beyond repair,-,de Havilland DH.86 Express,-,-,-,-,-, G-ACWC, 2304,BOAC,Unknown,-,-,-,-,-,-,-,-,-,-,-,-,-,-,-,-
19410619-0,Thursday,19-JUN-1941,-,A1, Takeoff (TOF),Bucharest,Romania,18,0, Substantial, Written off (damaged beyond repair),Douglas DC-3-227,-,-,1937,-,-, YR-PAF, 1986,LARES,International Scheduled Passenger,-,-,-,-,-,Sofia-Vrazhdebna Airport,SOF,LBSF,Bulgaria,-,-,0,0,-,-,-
19410624-0,Tuesday,24-JUN-1941,-,A1, Landing (LDG),"off Popton Point, Milford Haven",United Kingdom,12,2, Damaged beyond repair,-,Short Sunderland I,-,-,-,-,-, P9603,-,RAF,Military,-,-,-,-,-,-,-,-,-,12,0,2,0,-,-,-
19410625-0,Wednesday,25-JUN-1941,-,A1, Unknown (UNK),near Pasenow,Germany,4,2, Damaged beyond repair,-,Junkers Ju-52/3m,-,-,-,-,-, registration unknown, 6140,German AF,Military,-,-,-,-,-,-,-,-,-,4,0,2,0,-,-,-
19410626-0,Thursday,26-JUN-1941,15:15,A1, Landing (LDG),"Rio de Janeiro-Santos Dumont Airport, RJ (SDU)",Brazil,4,0, Damaged beyond repair,-,Sikorsky S-43,-,-,1936,-,-, NC16928, 4317,Panagra,Training,-,Rio de Janeiro-Santos Dumont Airport,SDU,SBRJ,Brazil,Rio de Janeiro-Santos Dumont Airport,SDU,SBRJ,Brazil,4,0,0,0,-,-,Final
19410627-0,Friday,27-JUN-1941,-,A1, En route (ENR),"Tonnolfjellet, Oksvoll, Sor-Trondelag",Norway,14,13, Damaged beyond repair,-,Junkers Ju-52/3m,-,-,-,-,-, P4+ .., 6462,German AF,Military,-,Bardufoss Airport,BDU,ENDU,Norway,Trondheim-Værnes Airport,TRD,ENVA,Norway,-,-,-,-,-,-,-
19410627-1,Friday,27-JUN-1941,-,A1, En route (ENR),"Fiskviksaetra, Savalen, Hedmark",Norway,12,12, Damaged beyond repair,-,Junkers Ju-52/3m,-,-,-,-,-, registration unknown, 6755,German AF,Military,-,-,-,-,-,-,-,-,-,-,-,-,-,-,-,-
19410629-0,Sunday,29-JUN-1941,-,C1, Landing (LDG),Pskov-Kresty,Russia,-,0, Damaged beyond repair,-,	Lisunov PS-84,-,-,-,-,-, registration unknown,-,Soviet AF,Military,-,Chkalovsky Airport,CKL,UUMU,Russia,Pskov Airport,PKV,ULOO,Russia,-,-,0,0,-,-,-
19410699-0,-,xx-JUN-1941,-,C1, Standing (STD),Budaörs Airport,Hungary,0,0, Damaged beyond repair,-,Savoia-Marchetti SM-75,-,-,-,-,-, E-10., 320..,Hungarian AF,Military,-,-,-,-,-,-,-,-,-,0,0,0,0,-,-,-
19410701-0,Tuesday,01-JUL-1941,-,A1, Landing (LDG),Skerjafjördur,Iceland,-,0, Damaged beyond repair,-,Consolidated Catalina I (PBY-5),-,-,-,-,-, AH557,-,RAF,Military,-,-,-,-,-,-,-,-,-,-,-,0,0,-,-,-
19410703-0,Thursday,03-JUL-1941,-,A1, En route (ENR),North Atlantic,Atlantic Ocean,-,-, Damaged beyond repair,-,Consolidated PBY-5 Catalina,-,-,-,-,-, 2347,-,US Navy,Military,-,-,-,-,-,-,-,-,-,-,-,-,-,-,-,-
19410715-0,Tuesday,15-JUL-1941,-,A1, Unknown (UNK),"NE Cruach na Seilcheig, Jura",United Kingdom,8,7, Destroyed, Written off (damaged beyond repair),Consolidated Catalina I,-,-,-,-,-, AH533,-,RAF,Military,-,-,-,-,-,Oban-Connel Airport,OBN,EGEO,United Kingdom,8,0,7,0,-,-,-
19410724-0,Thursday,24-JUL-1941,-,A1, Landing (LDG),"Dayton-Wright Patterson AAF, OH (FFO)",United States of America,-,0, Damaged beyond repair,-,Douglas C-50B (DC-3-397),-,-,1941,-,-, 41-7705, 4111,USAAF,Military,-,-,-,-,-,Dayton-Wright Patterson AAF,FFO,KFFO,United States of America,-,-,0,0,-,-,-
19410726-0,Saturday,26-JUL-1941,-,A1, En route (ENR),"Lake Sig, Tver region",Russia,17,7, Damaged beyond repair,-,Douglas DC-3,-,-,-,-,-, registration unknown,-,Soviet AF,Military,-,-,-,-,-,-,-,-,-,-,-,-,-,-,-,-
19410726-1,Saturday,26-JUL-1941,-,A1, Landing (LDG),5 km (3.1 mls) W off  Punta Chame,Panama,-,-, Damaged beyond repair,-,Sikorsky Y1OA-8 (S-43),-,-,-,-,-, 37-372, 4334,USAAF,Military,-,-,-,-,-,-,-,-,-,-,-,-,-,-,-,-
19410730-0,Wednesday,30-JUL-1941,09:15,A1, Landing (LDG),Roma-Lido di Ostia Seaplane Base,Italy,25,5, Damaged beyond repair,-,Macchi C.100,-,-,1940,-,-, I-PACE, 4158,Ala Littoria,Domestic Scheduled Passenger,-,-,-,-,-,Cagliari-Elmas Airport,CAG,LIEE,Italy,-,-,-,-,-,-,-
19410731-0,Thursday,31-JUL-1941,23:23,C1, En route (ENR),22 km (13.8 mls) N off  Libyan coast [Mediterranean Sea],Libya,12,8, Damaged beyond repair,-,Short Sunderland I,-,-,-,-,-, L2166,-,RAF,Military,-,-,-,-,-,-,-,-,-,12,0,8,0,-,-,-
19410799-0,-,xx-JUL-1941,-,C1, Standing (STD),Riga-Spilve Airport,Latvia,0,0, Damaged beyond repair,-,Douglas DC-2-115F,-,-,1935,-,-, n/a, 1377/F27,Soviet AF,-,-,-,-,-,-,-,-,-,-,0,0,0,0,-,-,-
19410802-0,Saturday,02-AUG-1941,-,A1, Unknown (UNK),Bathurst-Jeswang Airport,Gambia,3,3, Damaged beyond repair,-,Douglas DC-2-120,-,-,1934,-,-, NC14279, 1312,U.S. Treasury,Ferry/positioning,-,-,-,-,-,-,-,-,-,3,0,3,0,-,-,-
19410804-0,Monday,04-AUG-1941,-,A1, Unknown (UNK),Khartoum,Sudan,-,-, Damaged beyond repair,-,Lockheed 14-WF62 Super Electra,-,-,1938,-,-, G-AFGP, 1469,BOAC,Passenger,-,-,-,-,-,-,-,-,-,-,-,-,-,-,-,-
19410806-0,Wednesday,06-AUG-1941,-,A1, Unknown (UNK),"Pensacola Bay, FL",United States of America,-,-, Damaged beyond repair,-,Consolidated PBY-2 Catalina,-,-,-,-,-, 0496,-,US Navy,Military,-,-,-,-,-,-,-,-,-,-,-,-,-,-,-,-
19410806-2,Wednesday,06-AUG-1941,-,C1, Landing (LDG),within Russia,Russia,-,2, Damaged beyond repair,-,	Lisunov PS-84,-,-,1940,-,-, 	CCCP-L3411, 0416,Soviet AF,Military,-,Murmansk Airport,MMK,ULMM,Russia,-,-,-,-,-,-,-,-,-,-,-
19410815-0,Friday,15-AUG-1941,-,A1, Takeoff (TOF),Palanquero AFB (PAL),Colombia,15,1, Damaged beyond repair,-,Ford 5-AT-B Tri-Motor,3,Pratt & Whitney R-1340 Wasp,1929,-,-, 642, 5-AT-044,Colombian AF,Military,-,Palanquero-German Olano Air Base,PQE,SKPQ,Colombia,-,-,-,-,2,13,1,0,-,-,-
19410815-2,Friday,15-AUG-1941,-,A1, Unknown (UNK),"IJsselmeer, off Hindelopen",Netherlands,-,-, Damaged beyond repair,-,Junkers Ju-52/3m,-,-,-,-,-, registration unknown,-,German AF,Military,-,-,-,-,-,-,-,-,-,-,-,-,-,-,-,-
19410818-0,Monday,18-AUG-1941,13:00,A1, Approach (APR),"24 km (15 mls) S of São Paulo, SP",Brazil,13,8, Damaged beyond repair,-,Lockheed 18-10 Lodestar,-,-,1941,-,-, PP-PBD, 18-2083,Panair do Brasil,Domestic Scheduled Passenger,-,Curitiba-Bacacheri Airport,BFH,SBBI,Brazil,São Paulo-Congonhas Airport,CGH,SBSP,Brazil,4,9,3,5,-,-,-
19410822-0,Friday,22-AUG-1941,-,A1, Landing (LDG),Langendiebach Airfield,Germany,3,0, Damaged beyond repair,-,Junkers Ju-52/3m,-,-,-,-,-, BJ+YQ, 3016,German AF,Military,-,-,-,-,-,-,-,-,-,3,0,0,0,-,-,-
19410827-0,Wednesday,27-AUG-1941,15:20,A1, En route (ENR),near Tarapaca,Colombia,16,16, Damaged beyond repair,-,Ford 5-AT-C Tri-Motor,3,Pratt & Whitney R-1340 Wasp,1930,-,-, 644, 5-AT-089,Colombian AF,Military,-,-,-,-,-,Tres Esquinas Air Base,TQS,SKTQ,Colombia,3,13,3,13,-,-,-
19410827-1,Wednesday,27-AUG-1941,-,A1, Approach (APR),3 km (1.9 mls) S of Kizyl-Arvat,Turkmenistan,9,6, Damaged beyond repair,-,Tupolev G-2,-,-,-,-,3118.0, CCCP-L1996, 22327,Aeroflot / Uzbekistan,Cargo,-,Tashkent Airport,TAS,UTTT,Uzbekistan,Ashgabat Airport,ASB,UTAA,Turkmenistan,6,3,4,2,-,-,-
19410828-0,Thursday,28-AUG-1941,-,A1, Landing (LDG),Seydisfjördur,Iceland,11,0, Damaged beyond repair,-,Consolidated PBY-5 Catalina,-,-,-,-,-, 2338,-,US Navy,Military,-,-,-,-,-,-,-,-,-,7,4,0,0,-,-,-
19410901-0,Monday,01-SEP-1941,13:35,A1, Initial climb (ICL),near Marseille-Marignane Airport (MRS),France,17,15, Damaged beyond repair,-,Bloch 220,-,-,1938,-,-, F-AQNL, 12,Air France,Domestic Scheduled Passenger,-,Marseille-Marignane Airport,MRS,LFML,France,-,-,-,-,3,14,3,12,-,-,-
19410907-0,Sunday,07-SEP-1941,-,A1, Landing (LDG),Freetown-Hastings Airport (HGS),Sierra Leone,-,-, Damaged beyond repair,-,Douglas DC-2-120,-,-,1934,-,-, HK867, 1311,RAF,Military,-,-,-,-,-,Freetown-Hastings Airport,HGS,GFHA,Sierra Leone,-,-,-,-,-,-,-
19410922-0,Monday,22-SEP-1941,-,O1, Taxi (TXI),"off Akranes, Teigavör",Iceland,10,0, Destroyed, Written off (damaged beyond repair),Consolidated Catalina I (PBY-5),-,-,-,-,-, AH565,-,RAF,Military,-,-,-,-,-,-,-,-,-,10,0,0,0,-,-,-
19410925-0,Thursday,25-SEP-1941,-,A1, En route (ENR),between St. Eustatius and Trinidad,Atlantic Ocean,14,4, Damaged beyond repair,-,Consolidated PBY-5 Catalina,-,-,-,-,-, 2402,-,US Navy,Military,-,-,-,-,-,-,-,-,-,-,-,-,-,-,-,-
19410926-0,Friday,26-SEP-1941,-,A1, En route (ENR),"Challhuani Range, Andes",Bolivia,8,8, Damaged beyond repair,-,Ford 5-AT-C Tri-Motor,3,Pratt & Whitney R-1340 Wasp,1929,-,-, CB-CAM-2, 5-AT-080,CAMB,Cargo,-,-,-,-,-,-,-,-,-,2,6,2,6,-,-,-
19410927-0,Saturday,27-SEP-1941,-,A1, En route (ENR),near Latva,Finland,-,-, Damaged beyond repair,-,Fokker F.VIII,-,-,-,-,-, FE-1, 5046,Finnish AF,Military,-,-,-,-,-,-,-,-,-,-,-,-,-,-,-,-
19411003-0,Friday,03-OCT-1941,17:48,A1, Landing (LDG),San Juan harbor,Puerto Rico,27,2, Damaged beyond repair,-,Sikorsky S-42B,4,Pratt & Whitney R-1690-S1EG Hornet,1936,-,7832.0, NC15376, 4206,Pan Am,International Scheduled Passenger, 203,-,-,-,-,-,-,-,-,6,21,0,2,-,-,Final
19411003-1,Friday,03-OCT-1941,-,A1, Takeoff (TOF),Vyazma-Dvoyevka,Russia,-,1, Damaged beyond repair,-,Lisunov PS-84,-,-,-,-,-, CCCP-L3926, 1841305,Aeroflot,Unknown,-,-,-,-,-,Moskva-Vnukovo Airport,VKO,UUWW,Russia,6,-,0,1,-,-,-
19411008-0,Wednesday,08-OCT-1941,-,A1, Initial climb (ICL),"Homlafossen, Dolan, Sor-Trondelag",Norway,4,0, Damaged beyond repair,-,Junkers Ju-52/3m,-,-,-,-,-, HE+DK, 6968,German AF,Military,-,-,-,-,-,-,-,-,-,-,-,0,0,-,-,-
19411013-1,Monday,13-OCT-1941,15:05,A1, En route (ENR),Batavia,Indonesia,5,5, Damaged beyond repair,-,Lockheed 18-40 Lodestar,-,-,1941,-,-, LT-910, 18-2105,Netherlands East Indies AF,Military,-,-,-,-,-,Bandung Airport,BDO,WICC,Indonesia,3,2,3,2,-,7,-
19411020-0,Monday,20-OCT-1941,-,A1, En route (ENR),"Gabrene, Petrich",Bulgaria,13,13, Damaged beyond repair,-,Junkers Ju-52/3m,-,-,-,-,-, D-AUXZ, 7172,Deutsche Lufthansa,Passenger,-,Athens-Hassani Airport,ATH,LGAT,Greece,Sofia-Vrazhdebna Airport,SOF,LBSF,Bulgaria,3,10,3,10,-,-,-
19411021-0,Tuesday,21-OCT-1941,-,A1, Unknown (UNK),"Pensacola NAS, FL (NPA)",United States of America,-,-, Damaged beyond repair,-,Douglas R2D-1 (DC-2),-,-,-,-,-, 9620, 1325,US Navy,Military,-,-,-,-,-,-,-,-,-,-,-,-,-,-,-,-
19411023-0,Thursday,23-OCT-1941,-,A1, Takeoff (TOF),Karachi-Drigh Road RAF Station,Pakistan,-,0, Damaged beyond repair,-,Douglas DC-2-112,-,-,1934,-,-, DG471, 1244,RAF,Military,-,-,-,-,-,-,-,-,-,-,-,0,0,-,-,-
19411023-1,Thursday,23-OCT-1941,-,A1, Standing (STD),"Argentia NAS, NL (NWP)",Canada,-,-, Damaged beyond repair,-,Consolidated PBY-5 Catalina,-,-,-,-,-, 2346,-,US Navy,Military,-,-,-,-,-,-,-,-,-,-,-,-,-,-,-,-
19411023-2,Thursday,23-OCT-1941,-,A1, Takeoff (TOF),Little Wau Creek,Papua New Guinea,1,0, Damaged beyond repair,-,Ford 5-AT-C Tri-Motor,3,Pratt & Whitney R-1340 Wasp,1929,-,-, VH-UTB, 5-AT-068,Guinea Airways,Cargo,-,-,-,-,-,-,-,-,-,1,0,0,0,-,-,-
19411029-0,Wednesday,29-OCT-1941,16:20,A1, En route (ENR),SW of Golodyayevka,Russia,24,24, Damaged beyond repair,-,Lisunov PS-84,-,-,1941,-,-, registration unknown, 1841608,Soviet AF,Military,-,-,-,-,-,-,-,-,-,4,20,4,20,-,-,-
19411030-0,Thursday,30-OCT-1941,02:04,A1, Approach (APR),"Moorhead, MN",United States of America,15,14, Destroyed, Written off (damaged beyond repair),Douglas DC-3A-269,2,Pratt & Whitney R-1830-SC3-G,1939,-,-, NC21712, 2124,Northwest Airlines,Domestic Scheduled Passenger,Trip 5,Minneapolis-Wold-Chamberlain Field,MSP,KMSP,United States of America,Fargo-Hector Field,FAR,KFAR,United States of America,3,12,2,12,-,-,Final
19411030-1,Thursday,30-OCT-1941,22:10,A1, En route (ENR),"W of St. Thomas, ON",Canada,20,20, Destroyed, Written off (damaged beyond repair),Douglas DC-3-277B,2,Wright R-1820-G102,1940,-,3868.0, NC25663, 2207,American Airlines,Domestic Scheduled Passenger, 1,-,-,-,-,-,-,-,-,3,17,3,17,-,-,Final
19411102-0,Sunday,02-NOV-1941,-,A1, En route (ENR),"Risvik, Salsbruket, Nord-Trondelag",Norway,17,1, Damaged beyond repair,-,Junkers Ju-52/3m,-,-,-,-,-, DR+WH, 6940,German AF,Military,-,-,-,-,-,Bodø Airport,BOO,ENBO,Norway,4,13,0,1,-,-,-
19411107-0,Friday,07-NOV-1941,-,A1, En route (ENR),off Turku [Gulf of Finland],Finland,16,2, None, Repaired,Junkers Ju-52/3mce,-,-,-,-,-, OH-LAK, 4014,Aero OY,Passenger,-,Helsinki-Malmi Airport,HEM,EFHF,Finland,Stockholm-Bromma Airport,BMA,ESSB,Sweden,-,-,-,-,-,-,-
19411108-0,Saturday,08-NOV-1941,-,A1, Landing (LDG),"Halifax harbor, NS",Canada,-,8, Damaged beyond repair,-,Consolidated PBY-5 Catalina,-,-,-,-,-, 2325,-,US Navy,Military,-,-,-,-,-,-,-,-,-,-,-,-,-,-,-,-
19411110-0,Monday,10-NOV-1941,-,O1, Standing (STD),Invergordon RAF Station,United Kingdom,0,0, Destroyed, Written off (damaged beyond repair),Consolidated Catalina,-,-,-,-,-, Z2141,-,RAF,Military,-,-,-,-,-,-,-,-,-,0,0,0,0,-,-,-
19411114-0,Friday,14-NOV-1941,-,A1, Landing (LDG),Inhambane Airport (INH),Mozambique,-,0, Damaged beyond repair,-,Lockheed 14-H2 Super Electra,-,-,1940,-,-, CR-AAX, 1508,DETA,Passenger,-,-,-,-,-,Inhambane Airport,INH,FQIN,Mozambique,-,-,0,0,-,-,-
19411114-1,Friday,14-NOV-1941,-,A1, Unknown (UNK),2 km (1.3 mls) S of Akchernya,Russia,14,14, Damaged beyond repair,-,Lisunov PS-84,-,-,1941,-,455.0, CCCP-L3488, 1841105,Aeroflot,Ferry/positioning,-,Voronezh Airport,VOZ,UUOO,Russia,-,-,-,-,6,8,6,8,-,-,-
19411115-0,Saturday,15-NOV-1941,-,A1, Initial climb (ICL),"5 km (3.1 mls) E of Wichita Falls, TX",United States of America,-,0, Damaged beyond repair,-,Ford 4-AT-B Tri-Motor,3,Wright J-5 Whirlwind,1928,-,-, NC6894, 4-AT-30,Private,Unknown,-,-,-,-,-,-,-,-,-,-,-,0,0,-,-,-
19411126-0,Wednesday,26-NOV-1941,-,A1, Unknown (UNK),Lydda,Israel,-,0, Damaged beyond repair,-,de Havilland DH.86A Express,-,-,-,-,-, AX760, 2328,RAF,Military,-,-,-,-,-,Lydda Airport,TLV,LLBG,Israel,-,-,0,0,-,-,-
19411128-2,Friday,28-NOV-1941,-,A1, Unknown (UNK),"Kjevik Airfield, near Kristiansand",Norway,-,0, Damaged beyond repair,-,Junkers Ju-52/3m,-,-,-,-,-, registration unknown, 5337,German AF,Military,-,-,-,-,-,-,-,-,-,-,-,-,-,-,-,-
19411129-0,Saturday,29-NOV-1941,-,A1, Takeoff (TOF),Saratov Airport (RTW),Russia,4,1, Damaged beyond repair,-,Lisunov PS-84,-,-,1941,-,-, CCCP-L3989, 1842108,Aeroflot,Test,-,Saratov Airport,RTW,UWSS,Russia,Saratov Airport,RTW,UWSS,Russia,4,0,1,0,-,-,-
19411199-0,-,xx-NOV-1941,-,C1, En route (ENR),near Tendrovskaya (Ochakov),Russia,-,-, Damaged beyond repair,-,Junkers Ju-52/3m,-,-,-,-,-, 1Z+OK, 5764,German AF,Military,-,-,-,-,-,-,-,-,-,-,-,-,-,-,-,-
19411199-2,-,xx-NOV-1941,-,A1, En route (ENR),Arzberg near Ellenbach,Germany,3,0, Damaged beyond repair,-,Junkers Ju-52/3m,-,-,-,-,-, registration unknown,-,German AF,Military,-,-,-,-,-,-,-,-,-,-,-,-,-,-,-,-
19411203-0,Wednesday,03-DEC-1941,18:30,A1, En route (ENR),"off Carrowmore near Doonbeg, County Clare",Ireland,11,9, Damaged beyond repair,-,Short Sunderland,-,-,-,-,-, W3988,-,RAF,Military,-,-,-,-,-,-,-,-,-,11,0,9,0,-,-,-
19411206-0,Saturday,06-DEC-1941,-,A1, Landing (LDG),Tandjong Pandan,Indonesia,-,5, Damaged beyond repair,-,Consolidated PBY-5 Catalina,-,-,-,-,-, Y-44,-,Dutch Navy,Military,-,-,-,-,-,-,-,-,-,-,-,5,0,-,-,-
19411207-0,Sunday,07-DEC-1941,-,C1, Standing (STD),"Ford Island NAS, Pearl Harbor, HI",United States of America,-,-, Damaged beyond repair,-,Consolidated PBY-5 Catalina,-,-,-,-,-, 2357,-,US Navy,Military,-,-,-,-,-,-,-,-,-,-,-,-,-,-,-,-
19411207-1,Sunday,07-DEC-1941,-,C1, Standing (STD),"Ford Island NAS, Pearl Harbor, HI",United States of America,-,-, Damaged beyond repair,-,Consolidated PBY-5 Catalina,-,-,-,-,-, 2421,-,US Navy,Military,-,-,-,-,-,-,-,-,-,-,-,-,-,-,-,-
19411207-10,Sunday,07-DEC-1941,-,C1, Standing (STD),"Ford Island NAS, Pearl Harbor, HI",United States of America,-,-, Damaged beyond repair,-,Consolidated PBY-5 Catalina,-,-,-,-,-, 2369,-,US Navy,Military,-,-,-,-,-,-,-,-,-,-,-,-,-,-,-,-
19411207-11,Sunday,07-DEC-1941,-,C1, Standing (STD),"Ford Island NAS, Pearl Harbor, HI",United States of America,-,-, Damaged beyond repair,-,Consolidated PBY-5 Catalina,-,-,-,-,-, 2364,-,US Navy,Military,-,-,-,-,-,-,-,-,-,-,-,-,-,-,-,-
19411207-12,Sunday,07-DEC-1941,-,C1, Standing (STD),"Ford Island NAS, Pearl Harbor, HI",United States of America,-,-, Damaged beyond repair,-,Consolidated PBY-5 Catalina,-,-,-,-,-, 2423,-,US Navy,Military,-,-,-,-,-,-,-,-,-,-,-,-,-,-,-,-
19411207-13,Sunday,07-DEC-1941,-,C1, Standing (STD),"Ford Island NAS, Pearl Harbor, HI",United States of America,-,-, Damaged beyond repair,-,Consolidated PBY-5 Catalina,-,-,-,-,-, 2431,-,US Navy,Military,-,-,-,-,-,-,-,-,-,-,-,-,-,-,-,-
19411207-14,Sunday,07-DEC-1941,-,C1, Standing (STD),"Ford Island NAS, Pearl Harbor, HI",United States of America,-,-, Damaged beyond repair,-,Consolidated PBY-5 Catalina,-,-,-,-,-, 2435,-,US Navy,Military,-,-,-,-,-,-,-,-,-,-,-,-,-,-,-,-
19411207-15,Sunday,07-DEC-1941,-,C1, Standing (STD),"Ford Island NAS, Pearl Harbor, HI",United States of America,-,-, Damaged beyond repair,-,Consolidated PBY-5 Catalina,-,-,-,-,-, 2436,-,US Navy,Military,-,-,-,-,-,-,-,-,-,-,-,-,-,-,-,-
19411207-16,Sunday,07-DEC-1941,-,C1, Standing (STD),"Ford Island NAS, Pearl Harbor, HI",United States of America,-,-, Damaged beyond repair,-,Consolidated PBY-5 Catalina,-,-,-,-,-, 2444,-,US Navy,Military,-,-,-,-,-,-,-,-,-,-,-,-,-,-,-,-
19411207-17,Sunday,07-DEC-1941,-,C1, Standing (STD),"Ford Island NAS, Pearl Harbor, HI",United States of America,-,-, Damaged beyond repair,-,Consolidated PBY-5 Catalina,-,-,-,-,-, 2437,-,US Navy,Military,-,-,-,-,-,-,-,-,-,-,-,-,-,-,-,-
19411207-18,Sunday,07-DEC-1941,-,C1, Standing (STD),"Ford Island NAS, Pearl Harbor, HI",United States of America,-,-, Damaged beyond repair,-,Consolidated PBY-5 Catalina,-,-,-,-,-, 2434,-,US Navy,Military,-,-,-,-,-,-,-,-,-,-,-,-,-,-,-,-
19411207-19,Sunday,07-DEC-1941,-,C1, Standing (STD),"Ford Island NAS, Pearl Harbor, HI",United States of America,-,-, Damaged beyond repair,-,Consolidated PBY-5 Catalina,-,-,-,-,-, 2429,-,US Navy,Military,-,-,-,-,-,-,-,-,-,-,-,-,-,-,-,-
19411207-2,Sunday,07-DEC-1941,-,C1, Standing (STD),"Ford Island NAS, Pearl Harbor, HI",United States of America,-,-, Damaged beyond repair,-,Consolidated PBY-5 Catalina,-,-,-,-,-, 2420,-,US Navy,Military,-,-,-,-,-,-,-,-,-,-,-,-,-,-,-,-
19411207-20,Sunday,07-DEC-1941,-,C1, Standing (STD),"Ford Island NAS, Pearl Harbor, HI",United States of America,-,-, Damaged beyond repair,-,Consolidated PBY-5 Catalina,-,-,-,-,-, 2362,-,US Navy,Military,-,-,-,-,-,-,-,-,-,-,-,-,-,-,-,-
19411207-21,Sunday,07-DEC-1941,-,C1, Standing (STD),"Ford Island NAS, Pearl Harbor, HI",United States of America,-,-, Damaged beyond repair,-,Consolidated PBY-5 Catalina,-,-,-,-,-, 2430,-,US Navy,Military,-,-,-,-,-,-,-,-,-,-,-,-,-,-,-,-
19411207-22,Sunday,07-DEC-1941,-,C1, Standing (STD),"Ford Island NAS, Pearl Harbor, HI",United States of America,-,-, Damaged beyond repair,-,Consolidated PBY-5 Catalina,-,-,-,-,-, 2425,-,US Navy,Military,-,-,-,-,-,-,-,-,-,-,-,-,-,-,-,-
19411207-3,Sunday,07-DEC-1941,-,C1, Standing (STD),"Ford Island NAS, Pearl Harbor, HI",United States of America,-,-, Damaged beyond repair,-,Consolidated PBY-5 Catalina,-,-,-,-,-, 2359,-,US Navy,Military,-,-,-,-,-,-,-,-,-,-,-,-,-,-,-,-
19411207-4,Sunday,07-DEC-1941,-,C1, Standing (STD),"Ford Island NAS, Pearl Harbor, HI",United States of America,-,-, Damaged beyond repair,-,Consolidated PBY-5 Catalina,-,-,-,-,-, 2361,-,US Navy,Military,-,-,-,-,-,-,-,-,-,-,-,-,-,-,-,-
19411207-5,Sunday,07-DEC-1941,-,C1, Standing (STD),"Ford Island NAS, Pearl Harbor, HI",United States of America,-,-, Damaged beyond repair,-,Consolidated PBY-5 Catalina,-,-,-,-,-, 2365,-,US Navy,Military,-,-,-,-,-,-,-,-,-,-,-,-,-,-,-,-
19411207-6,Sunday,07-DEC-1941,-,C1, Standing (STD),"Ford Island NAS, Pearl Harbor, HI",United States of America,-,-, Damaged beyond repair,-,Consolidated PBY-5 Catalina,-,-,-,-,-, 2422,-,US Navy,Military,-,-,-,-,-,-,-,-,-,-,-,-,-,-,-,-
19411207-7,Sunday,07-DEC-1941,-,C1, Standing (STD),"Ford Island NAS, Pearl Harbor, HI",United States of America,-,-, Damaged beyond repair,-,Consolidated PBY-5 Catalina,-,-,-,-,-, 2441,-,US Navy,Military,-,-,-,-,-,-,-,-,-,-,-,-,-,-,-,-
19411207-8,Sunday,07-DEC-1941,-,C1, Standing (STD),"Ford Island NAS, Pearl Harbor, HI",United States of America,-,-, Damaged beyond repair,-,Consolidated PBY-5 Catalina,-,-,-,-,-, 2439,-,US Navy,Military,-,-,-,-,-,-,-,-,-,-,-,-,-,-,-,-
19411207-9,Sunday,07-DEC-1941,-,C1, Standing (STD),"Ford Island NAS, Pearl Harbor, HI",United States of America,-,-, Damaged beyond repair,-,Consolidated PBY-5 Catalina,-,-,-,-,-, 2440,-,US Navy,Military,-,-,-,-,-,-,-,-,-,-,-,-,-,-,-,-
19411208-0,Monday,08-DEC-1941,08:00,C1, Standing (STD),Hong Kong-Kai Tak International Airport (HKG),Hong Kong,0,0, Damaged beyond repair,-,Curtiss AT-32A Condor II,-,-,-,-,-, registration unknown, 43,CNAC,-,-,-,-,-,-,-,-,-,-,0,0,0,0,-,-,-
19411208-1,Monday,08-DEC-1941,-,C1, Standing (STD),Hong Kong-Kai Tak International Airport (HKG/VHHH) [VR-H]),Hong Kong,0,0, Damaged beyond repair,-,Douglas DC-2-118B,-,-,1935,-,-, 24, 1369,CNAC,-,-,-,-,-,-,-,-,-,-,0,0,0,0,-,-,-
19411208-10,Monday,08-DEC-1941,-,C1, Unknown (UNK),Western desert,Egypt,3,0, Destroyed, Written off (damaged beyond repair),de Havilland DH.86B Express,-,-,-,-,-, A31-8, 2359,RAAF,Military,-,-,-,-,-,-,-,-,-,3,0,0,0,-,-,-
19411208-11,Monday,08-DEC-1941,08:10,C1, Standing (STD),Hong Kong-Kai Tak International Airport (HKG),Hong Kong,-,0, Damaged beyond repair,-,Sikorsky S-42B,-,-,1936,-,-, NC16735, 4208,Pan Am,-,-,-,-,-,-,-,-,-,-,-,-,0,0,-,-,-
19411208-2,Monday,08-DEC-1941,-,C1, Unknown (UNK),16 km (10 mls) NE of LG-138,Egypt,-,1, Damaged beyond repair,-,Douglas DC-2-120,-,-,1935,-,-, DG475, 1410,RAF,Military,-,-,-,-,-,-,-,-,-,2,-,0,1,-,-,-
19411208-3,Monday,08-DEC-1941,08:00,C1, Standing (STD),Hong Kong-Kai Tak International Airport (HKG),Hong Kong,0,0, Damaged beyond repair,-,Curtiss AT-32A Condor II,-,-,-,-,-, registration unknown, 51,CNAC,-,-,-,-,-,-,-,-,-,-,0,0,0,0,-,-,-
19411208-4,Monday,08-DEC-1941,08:00,A1, Standing (STD),Hong Kong-Kai Tak International Airport (HKG),Hong Kong,0,0, Damaged beyond repair,-,Junkers Ju-52/3m,-,-,-,-,-, XXII, 4068,Eurasia,-,-,-,-,-,-,-,-,-,-,0,0,0,0,-,-,-
19411208-5,Monday,08-DEC-1941,-,C1, Standing (STD),Hong Kong-Kai Tak International Airport (HKG/VHHH) [VR-H]),Hong Kong,0,0, Damaged beyond repair,-,Douglas DC-2-118B,-,-,1934,-,-, 26, 1302,CNAC,-,-,-,-,-,-,-,-,-,-,-,-,0,0,-,-,-
19411208-6,Monday,08-DEC-1941,-,A1, Unknown (UNK),near Port Moresby,Papua New Guinea,8,8, Damaged beyond repair,-,Consolidated PBY-5 Catalina,-,-,-,-,-, A24-15, 322,RAAF,Military,-,-,-,-,-,-,-,-,-,-,-,-,-,-,-,-
19411208-7,Monday,08-DEC-1941,08:00,C1, Standing (STD),Hong Kong-Kai Tak International Airport (HKG),Hong Kong,0,0, Damaged beyond repair,-,Curtiss AT-32D Condor II,-,-,-,-,-, registration unknown, 48,CNAC,-,-,-,-,-,-,-,-,-,-,0,0,0,0,-,-,-
19411208-8,Monday,08-DEC-1941,08:00,C1, Standing (STD),Hong Kong-Kai Tak International Airport (HKG),Hong Kong,0,0, Damaged beyond repair,-,Curtiss AT-32D Condor II,-,-,-,-,-, registration unknown, 50,CNAC,-,-,-,-,-,-,-,-,-,-,0,0,0,0,-,-,-
19411208-9,Monday,08-DEC-1941,08:00,C1, Standing (STD),Hong Kong-Kai Tak International Airport (HKG),Hong Kong,0,0, Damaged beyond repair,-,Junkers Ju-52/3m,-,-,-,-,-, XT-AGE, 4072,Eurasia,-,-,-,-,-,-,-,-,-,-,0,0,0,0,-,-,-
19411209-0,Tuesday,09-DEC-1941,-,A1, Initial climb (ICL),7 km (4.4 mls) N of Khvoinaya Airport,Russia,6,5, Damaged beyond repair,-,Lisunov PS-84,-,-,-,-,-, CCCP-L3922, 1841406,Aeroflot,Cargo,-,-,-,-,-,-,-,-,-,5,1,5,0,-,-,-
19411211-0,Thursday,11-DEC-1941,-,C1, Standing (STD),Kweilin (Guilin),China,0,0, Damaged beyond repair,-,Junkers Ju-52/3m,-,-,-,-,-, XT-ABE, 5329,Eurasia,-,-,-,-,-,-,-,-,-,-,0,0,0,0,-,-,-
19411218-0,Thursday,18-DEC-1941,-,A1, Unknown (UNK),near Moskva-Khodynka (Frunze) Central Aerodrome,Russia,3,2, Damaged beyond repair,-,Lockheed 14-H Super Electra,-,-,1939,-,-, CCCP-L3453, 1495,Aeroflot / Moscow,Test,-,-,-,-,-,-,-,-,-,1,2,0,2,-,-,-
19411221-0,Sunday,21-DEC-1941,-,A1, Takeoff (TOF),Mount Batten RAF Seaplane Station,United Kingdom,15,11, Damaged beyond repair,-,Short Sunderland II,-,-,-,-,-, W3998,-,RAF,Military,-,-,-,-,-,-,-,-,-,15,0,11,0,-,-,-
19411222-0,Monday,22-DEC-1941,-,A1, Unknown (UNK),near Tobruk (Tubruq),Libya,-,-, Damaged beyond repair,-,Lockheed 18-08 Lodestar,-,-,1940,-,-, G-AGCZ, 18-2023,BOAC,Unknown,-,-,-,-,-,-,-,-,-,-,-,-,-,-,-,-
19411223-0,Tuesday,23-DEC-1941,-,A1, En route (ENR),"50 km (31.3 mls) W of Winterset, IA",United States of America,-,0, Damaged beyond repair,-,Douglas C-33 (DC-2),-,-,1936,-,-, 36-79, 1512,USAAF,Military,-,-,-,-,-,-,-,-,-,-,-,0,0,-,-,-
19411226-0,Friday,26-DEC-1941,-,A1, En route (ENR),6 km (3.8 mls) NW of Dmitriyevka,Kazakhstan,34,26, Damaged beyond repair,-,Tupolev G-2,-,-,-,-,2150.0, CCCP-L3043, 22182,Aeroflot / Kazakstan,Passenger,-,Alma-Ata Airport,ALA,UAAA,Kazakhstan,Karaganda Airport,KGF,UAKK,Kazakhstan,6,28,5,21,-,-,-
19411226-2,Friday,26-DEC-1941,-,A1, En route (ENR),"Tympakiou, Crete",Greece,4,3, Damaged beyond repair,-,Junkers Ju-52/3m,-,-,-,-,-, 1Z+IT,-,German AF,Military,-,-,-,-,-,-,-,-,-,-,-,-,-,-,-,-
19411229-0,Monday,29-DEC-1941,-,C1, Standing (STD),Medan-Polonia Airport (MES),Indonesia,0,0, Damaged beyond repair,-,Douglas DC-3-194B,-,-,1937,-,-, PK-ALN, 1936,KNILM,-,-,-,-,-,-,-,-,-,-,0,0,0,0,-,-,-
19411229-1,Monday,29-DEC-1941,-,A1, Takeoff (TOF),off Sabang,Indonesia,-,4, Damaged beyond repair,-,Short S.23 Empire Flying Boat Mk I,4,Bristol Pegasus Xc,1937,-,-, G-ADUX, S.815,BOAC,Unknown,-,-,-,-,-,-,-,-,-,-,-,-,-,-,-,-
19411229-2,Monday,29-DEC-1941,-,A1, En route (ENR),ca 10 km SE of Chardzhou Airport (CRZ),Turkmenistan,36,7, Damaged beyond repair,-,Tupolev G-2,-,-,-,-,1043.0, CCCP-L2010, 61,Aeroflot / Uzbekistan,Passenger,-,Chardzhou Airport,CRZ,UTAV,Turkmenistan,Urgench Airport,UGC,UTNU,Uzbekistan,5,31,2,5,-,-,-
19411299-0,-,xx-DEC-1941,-,A1, Unknown (UNK),"Darmo, Surabaya",Indonesia,-,0, Damaged beyond repair,-,Douglas DC-2-115G,-,-,1935,-,-, PK-AFJ, 1374,KNILM,Unknown,-,-,-,-,-,-,-,-,-,-,-,0,0,-,-,-
19419999-10,-,xx-xxx-1941,-,A1, Unknown (UNK),Creta,Greece,-,-, Damaged beyond repair,-,Junkers Ju-52/3mge,-,-,-,-,-, registration unknown, 5484,German AF,Military,-,-,-,-,-,-,-,-,-,-,-,-,-,-,-,-
19419999-11,-,xx-xxx-1941,-,A1, Unknown (UNK),Creta,Greece,-,-, Damaged beyond repair,-,Junkers Ju-52/3mfe,-,-,-,-,-, registration unknown, 4020,German AF,Military,-,-,-,-,-,-,-,-,-,-,-,-,-,-,-,-
19419999-12,-,xx-xxx-1941,-,A1, Unknown (UNK),at an unknown location,Germany,-,-, Damaged beyond repair,-,Junkers Ju-52/3m,-,-,-,-,-, D-AEAO, 6670,German AF,Military,-,-,-,-,-,-,-,-,-,-,-,-,-,-,-,-
19419999-13,-,xx-xxx-1941,-,A1, Unknown (UNK),at an unknown location,Germany,-,-, Damaged beyond repair,-,Junkers Ju-52/3m,-,-,-,-,-, D-AHMS, 6042,German AF,Military,-,-,-,-,-,-,-,-,-,-,-,-,-,-,-,-
19419999-14,-,xx-xxx-1941,-,A1, Unknown (UNK),at an unknown location,Germany,-,-, Damaged beyond repair,-,Junkers Ju-52/3mfe,-,-,-,-,-, D-AHUT, 4021,Reichsluftfahrtministerium,Military,-,-,-,-,-,-,-,-,-,-,-,-,-,-,-,-
19419999-15,-,xx-xxx-1941,-,A1, Unknown (UNK),at an unknown location,Germany,-,-, Damaged beyond repair,-,Junkers Ju-52/3m,-,-,-,-,-, D-ARIW, 6180,German AF,Military,-,-,-,-,-,-,-,-,-,-,-,-,-,-,-,-
19419999-16,-,xx-xxx-1941,-,A1, Unknown (UNK),at an unknown location,Germany,-,-, Damaged beyond repair,-,Junkers Ju-52/3m,-,-,-,-,-, D-ANXG, 5979,German AF,Military,-,-,-,-,-,-,-,-,-,-,-,-,-,-,-,-
19419999-17,-,xx-xxx-1941,-,A1, Unknown (UNK),at an unknown location,Germany,-,-, Damaged beyond repair,-,Junkers Ju-52/3m,-,-,-,-,-, D-AFCD, 5938,German AF,Military,-,-,-,-,-,-,-,-,-,-,-,-,-,-,-,-
19419999-18,-,xx-xxx-1941,-,A1, Unknown (UNK),at an unknown location,Germany,-,-, Damaged beyond repair,-,Junkers Ju-52/3m,-,-,-,-,-, registration unknown, 6370,German AF,Military,-,-,-,-,-,-,-,-,-,-,-,-,-,-,-,-
19419999-2,-,xx-xxx-1941,-,A1, Unknown (UNK),Creta,Greece,-,-, Damaged beyond repair,-,Junkers Ju-52/3mfe,-,-,-,-,-, registration unknown, 4025,German AF,Military,-,-,-,-,-,-,-,-,-,-,-,-,-,-,-,-
19419999-3,-,xx-xxx-1941,-,A1, Unknown (UNK),Creta,Greece,-,-, Damaged beyond repair,-,Junkers Ju-52/3mfe,-,-,-,-,-, registration unknown, 4026,German AF,Military,-,-,-,-,-,-,-,-,-,-,-,-,-,-,-,-
19419999-4,-,xx-xxx-1941,-,A1, Unknown (UNK),Creta,Greece,-,-, Damaged beyond repair,-,Junkers Ju-52/3mge,-,-,-,-,-, registration unknown, 4036,German AF,Military,-,-,-,-,-,-,-,-,-,-,-,-,-,-,-,-
19419999-5,-,xx-xxx-1941,-,A1, Unknown (UNK),Creta,Greece,-,-, Damaged beyond repair,-,Junkers Ju-52/3mge,-,-,-,-,-, registration unknown, 4039,German AF,Military,-,-,-,-,-,-,-,-,-,-,-,-,-,-,-,-
19419999-6,-,xx-xxx-1941,-,A1, Unknown (UNK),Creta,Greece,-,-, Damaged beyond repair,-,Junkers Ju-52/3mge,-,-,-,-,-, registration unknown, 4048,German AF,Military,-,-,-,-,-,-,-,-,-,-,-,-,-,-,-,-
19419999-7,-,xx-xxx-1941,-,A1, Unknown (UNK),Creta,Greece,-,-, Damaged beyond repair,-,Junkers Ju-52/3mge,-,-,-,-,-, registration unknown, 4052,German AF,Military,-,-,-,-,-,-,-,-,-,-,-,-,-,-,-,-
19419999-8,-,xx-xxx-1941,-,A1, Unknown (UNK),Creta,Greece,-,-, Damaged beyond repair,-,Junkers Ju-52/3m,-,-,-,-,-, registration unknown, 4071,German AF,Military,-,-,-,-,-,-,-,-,-,-,-,-,-,-,-,-
19419999-9,-,xx-xxx-1941,-,A1, Unknown (UNK),Creta,Greece,-,-, Damaged beyond repair,-,Junkers Ju-52/3mfe,-,-,-,-,-, registration unknown, 5014,German AF,Military,-,-,-,-,-,-,-,-,-,-,-,-,-,-,-,-
