identifiant,week_day,date,time,type_event,phase,location,country,total_occupants,total_fatalities,aircraft_damage,aircraft_fate,type_aircraft,number_engines,type_engines,first_flight,cycles,total_airframe_hours,registration,c_n_msn,operator,nature,flight_number,departure_airport_name,departure_airport_IATA,departure_airport_ICAO,departure_airport_country,destination_airport_name,destination_airport_IATA,destination_airport_ICAO,destination_airport_country,crew_number,passengers_number,crew_fatalities,passengers_fatalities,collision_casualties,ground_casualties,status
19610622-1,Thursday,22-JUN-1961,-,A1, En route (ENR),"Kings Ranch, TX",United States of America,4,0, Damaged beyond repair,-,Kaiser-Frazer C-119G Flying Boxcar,-,-,-,-,-, 53-8140, 243,USAF,Military,-,-,-,-,-,San Antonio-Kelly AFB,SKF,KSKF,United States of America,4,0,0,0,-,-,-
19610623-0,Friday,23-JUN-1961,-,A1, En route (ENR),"near Nanaimo, BC",Canada,4,4, Damaged beyond repair,-,Martin JRM-3 Mars,4,Pratt & Whitney R-4360 Wasp Major,1946,-,-, CF-LYJ, 9265,Forest Industries Flying Tankers,Fire fighting,-,-,-,-,-,-,-,-,-,4,0,4,0,-,-,-
19610625-0,Sunday,25-JUN-1961,-,A1, Unknown (UNK),"Winslow, AZ",United States of America,-,-, Damaged beyond repair,-,Consolidated PBY-6A Catalina,-,-,-,-,-, N6986C, 2116,Routh Aircraft,Fire fighting,-,-,-,-,-,-,-,-,-,-,-,-,-,-,-,-
19610630-0,Friday,30-JUN-1961,20:57,A1, Approach (APR),"Buenos Aires-Jorge Newbery Airport, BA (AEP)",Argentina,35,24, Damaged beyond repair,-,Curtiss C-46A-55-CK Commando,2,Pratt & Whitney R-2800-51,1945,-,8926.0, LV-FTO,   193,TSA,Domestic Scheduled Passenger,-,Córdoba-Pajas Blancas Airport,COR,SACO,Argentina,Buenos Aires-Jorge Newbery Airport,AEP,SABE,Argentina,5,30,2,22,-,-,-
19610703-0,Monday,03-JUL-1961,-,H2, Unknown (UNK),"Miami, FL",United States of America,-,0, Unknown,-,Douglas DC-3,-,-,-,-,-, registration unknown,-,Cubana,Unknown,-,Havana-José Martí International Airport,HAV,MUHA,Cuba,Varadero-Juan Gualberto Gomez Airport,VRA,MUVR,Cuba,-,-,0,0,-,-,-
19610708-0,Saturday,08-JUL-1961,05:15,A1, Landing (LDG),"250 km (156.3 mls) W of Knob Lake, QC",Canada,3,3, Damaged beyond repair,-,Consolidated PBY-5A Catalina,-,-,-,-,-, CF-EMW, 1742,Nordair,Cargo,-,-,-,-,-,-,-,-,-,3,0,3,0,-,-,-
19610708-1,Saturday,08-JUL-1961,19:00,A1, En route (ENR),"Sosnovy Bor, Nizhneserginski district, Sverdlovsk region",Russia,26,9, Damaged beyond repair,-,Ilyushin Il-14P,-,-,1956,-,9100.0, CCCP-41848, 6341706,Aeroflot / Ukraine,Domestic Scheduled Passenger, 411,Kazan Airport,KZN,UWKD,Russia,Sverdlovsk-Koltsovo Airport,SVX,USSS,Russia,5,21,5,4,-,-,-
19610710-1,Monday,10-JUL-1961,-,A1, Takeoff (TOF),Biggin Hill,United Kingdom,2,2, Damaged beyond repair,-,de Havilland DH-114 Heron 2D,-,-,1952,-,-, G-AMTS, 14007,Metropolitan Air Movements,Training,-,-,-,-,-,-,-,-,-,2,0,2,0,-,-,-
19610710-2,Monday,10-JUL-1961,10:43,A1, Approach (APR),Odessa-Central Airport (ODS),Ukraine,94,1, Damaged beyond repair,-,Tupolev Tu-104B,2,Mikulin AM-3M-500,1959,1080.0,1475.0, CCCP-42447, 921004,Aeroflot / Northern,Domestic Scheduled Passenger, 381,Leningrad-Shosseynaya Airport,LED,ULLI,Russia,Odessa-Central Airport,ODS,UKOO,Ukraine,9,85,1,0,-,-,-
19610711-1,Tuesday,11-JUL-1961,11:36,A1, Landing (LDG),"Denver-Stapleton International Airport, CO (DEN)",United States of America,122,17, Damaged beyond repair,-,Douglas DC-8-12,4,Pratt & Whitney JT3C-6,1961,-,124.0, N8040U, 45307/146,United Airlines,Domestic Scheduled Passenger,UA859,Omaha-Eppley Airfield,OMA,KOMA,United States of America,Denver-Stapleton International Airport,DEN,KDEN,United States of America,7,115,0,17,-,1,-
19610712-0,Wednesday,12-JUL-1961,01:25,A1, En route (ENR),13 km (8.1 mls) SSW of Casablanca-Anfa Airport (CAS),Morocco,72,72, Destroyed, Written off (damaged beyond repair),Ilyushin Il-18V,4,Ivchenko AI-20,1961,-,268.0, OK-PAF, 181002904,CSA,International Scheduled Passenger, 511,Zürich-Kloten Airport,ZRH,LSZH,Switzerland,Rabat-Sale Airport,RBA,GMME,Morocco,8,64,8,64,-,-,Final
19610719-2,Wednesday,19-JUL-1961,08:00,A1, En route (ENR),"12 km (7.5 mls) W of Pardo, BA",Argentina,67,67, Damaged beyond repair,-,Douglas DC-6,4,Pratt & Whitney R-2800-CB16,1948,-,20211.0, LV-ADW, 43136/137,Aerolineas Argentinas,Domestic Scheduled Passenger,AR644,Buenos Aires/Ezeiza-Ministro Pistarini Airport,EZE,SAEZ,Argentina,Comodoro Rivadavia Airport,CRD,SAVC,Argentina,7,60,7,60,-,-,Final
19610720-0,Thursday,20-JUL-1961,-,A1, En route (ENR),"NW of Rio Grande, Juquila District",Mexico,3,3, Damaged beyond repair,-,Douglas DC-2-243,-,-,1939,-,-, XA-KIC, 2069,Aerolineas Vega,Unknown,-,Oaxaca Airport,OAX,MMOX,Mexico,Acapulco-Alvarez International Airport,ACA,MMAA,Mexico,2,1,2,1,-,-,-
19610721-0,Friday,21-JUL-1961,02:11,A1, Approach (APR),"Shemya AFB, AK (SYA)",United States of America,6,6, Destroyed, Written off (damaged beyond repair),Douglas DC-6A,4,Pratt & Whitney R-2800-CB17,1958,-,10600.0, N6118C, 45243/919,Alaska Airlines,Cargo, 779,Anchorage International Airport,ANC,PANC,United States of America,Shemya AFB,SYA,PASY,United States of America,6,0,6,0,-,-,Final
19610724-0,Monday,24-JUL-1961,-,H2, En route (ENR),Havana-José Martí International Airport (HAV),Cuba,38,0, None,-,Lockheed L-188 Electra,-,-,-,-,-, registration unknown,-,Eastern Air Lines,Domestic Scheduled Passenger,EA202,Miami International Airport,MIA,KMIA,United States of America,Tampa International Airport,TPA,KTPA,United States of America,5,33,0,0,-,-,-
19610727-0,Thursday,27-JUL-1961,14:20,A1, Takeoff (TOF),Hamburg-Fuhlsbüttel Airport (HAM),Germany,41,0, Damaged beyond repair,-,Boeing 707-328,4,Pratt & Whitney JT4A,1959,1080.0,3978.0, F-BHSA, 17613/65,Air France,International Scheduled Passenger,AF272,Hamburg-Fuhlsbüttel Airport,HAM,EDDH,Germany,Anchorage International Airport,ANC,PANC,United States of America,15,26,0,0,-,-,Final
19610728-0,Friday,28-JUL-1961,-,A1, Landing (LDG),Lukhovitsy-Tretyakovo Airport,Russia,-,0, Damaged beyond repair,-,Ilyushin Il-18V,4,Ivchenko AI-20,-,8.0,15.0, CCCP-75766, 181003405,Aeroflot,Test,-,-,-,-,-,-,-,-,-,-,-,0,0,-,-,-
19610731-0,Monday,31-JUL-1961,-,H2, Standing (STD),"Chico Airport, CA (CIC)",United States of America,-,0, Minor, Repaired,Douglas DC-3,-,-,-,-,-, registration unknown,-,Pacific Air Lines,Domestic Scheduled Passenger, 327,Chico Airport,CIC,KCIC,United States of America,San Francisco International Airport,SFO,KSFO,United States of America,-,-,0,0,-,-,-
19610731-1,Monday,31-JUL-1961,19:05,A1, En route (ENR),"near Pearce, WA",Australia,7,4, Damaged beyond repair,-,Douglas C-47B-35-DK (DC-3),2,Pratt & Whitney R-1830-90C,1945,-,-, A65-106, 33290/16542,RAAF,Military,-,-,-,-,-,-,-,-,-,4,3,4,0,-,-,-
19610803-0,Thursday,03-AUG-1961,-,A1, Taxi (TXI),"New York-Idlewild International Airport, NY (IDL)",United States of America,3,0, Damaged beyond repair,-,Lockheed L-1049C Super Constellation,-,-,1953,-,-, N6220C, 4528,Eastern Air Lines,Cargo,-,New York-Idlewild International Airport,IDL,KIDL,United States of America,-,-,-,-,3,0,0,0,-,-,-
19610803-1,Thursday,03-AUG-1961,-,H2, En route (ENR),"El Paso International Airport, TX (ELP)",United States of America,73,0, Minor, Repaired,Boeing 707-124,4,Pratt & Whitney JT3C-6,1959,-,-, N70775, 17611/49,Continental Air Lines,Domestic Scheduled Passenger,CO54,-,-,-,-,El Paso International Airport,ELP,KELP,United States of America,6,67,0,0,-,-,-
19610804-0,Friday,04-AUG-1961,01:46,C1, En route (ENR),6 km (3.8 mls) from  Rudsar,Iran,3,0, Damaged beyond repair,-,Douglas DC-4,-,-,1944,-,-, EP-ADK, 10384,Iranian Airways,Cargo,-,Beirut International Airport,BEY,OLBA,Lebanon,Tehran-Mehrabad Airport,THR,OIII,Iran,3,0,0,0,-,-,-
19610805-0,Saturday,05-AUG-1961,-,A1, Landing (LDG),Chandigarh Airport (IXC),India,-,-, Damaged beyond repair,-,Antonov An-12,-,-,-,-,-, BL536, 024005,Indian AF,Military,-,-,-,-,-,Chandigarh Airport,IXC,VICG,India,-,-,-,-,-,-,-
19610806-0,Sunday,06-AUG-1961,-,A1, En route (ENR),Budapest,Hungary,27,27, Damaged beyond repair,-,Douglas C-47A-90-DL (DC-3),2,Pratt & Whitney R-1830-92,1944,-,-, HA-TSA, 20492,Malev,Domestic Non Scheduled Passenger,-,Budapest-Ferihegy Airport,BUD,LHBP,Hungary,Budapest-Ferihegy Airport,BUD,LHBP,Hungary,4,23,4,23,-,3,-
19610809-0,Wednesday,09-AUG-1961,14:02,A1, Approach (APR),"Sarcpa Lake Airstrip, NU",Canada,9,0, Damaged beyond repair,-,Curtiss C-46 Super C,-,-,1945,-,-, CF-HEI, 22419,Nordair,Domestic Non Scheduled Passenger,-,-,-,-,-,-,-,-,-,2,7,0,0,-,-,-
19610809-1,Wednesday,09-AUG-1961,16:30,A1, En route (ENR),33 km (20.6 mls) NE of Stavanger-Sola Airport (SVG),Norway,39,39, Destroyed, Written off (damaged beyond repair),Vickers 610 Viking 3B,-,-,1947,-,20885.0, G-AHPM, 152,Cunard Eagle Airways,Int'l Non Scheduled Passenger,-,London Airport,LHR,EGLL,United Kingdom,Stavanger-Sola Airport,SVG,ENZV,Norway,3,36,3,36,-,-,Final
19610809-2,Wednesday,09-AUG-1961,-,H2, En route (ENR),Havana-José Martí International Airport (HAV),Cuba,81,0, None,-,McDonnell Douglas DC-8,-,-,-,-,-, registration unknown,-,Pan Am,International Scheduled Passenger,PA501,Mexico City-Benito Juárez International Airport,MEX,MMMX,Mexico,Guatemala City-La Aurora Airport,GUA,MGGT,Guatemala,9,72,0,0,-,-,-
19610809-3,Wednesday,09-AUG-1961,-,H2, En route (ENR),near Havana,Cuba,53,3, Substantial,-,Curtiss C-46,-,-,-,-,-, registration unknown,-,Cubana,Domestic Scheduled Passenger,-,Havana-José Martí International Airport,HAV,MUHA,Cuba,Nueva Gerona Airport,GER,MUNG,Cuba,3,50,1,2,-,-,-
19610813-0,Sunday,13-AUG-1961,-,A1, Maneuvering (MNV),near Pha Khao,Laos,6,6, Damaged beyond repair,-,Curtiss C-46F-1-CU Commando,-,-,1945,-,-, B-136, 22465,Air America,Cargo,-,-,-,-,-,-,-,-,-,5,1,5,1,-,-,-
19610813-1,Sunday,13-AUG-1961,-,A1, Landing (LDG),Riga Central Airport,Latvia,-,0, Damaged beyond repair,-,Ilyushin Il-18B,-,-,1958,-,-, CCCP-75653, 188000502,Aeroflot / Moscow,Domestic Scheduled Passenger,-,Moskva-Vnukovo Airport,VKO,UUWW,Russia,-,-,-,-,-,-,0,0,-,-,-
19610814-0,Monday,14-AUG-1961,16:45,A1, Takeoff (TOF),Lyon-Bron Airport (LYN),France,40,0, Damaged beyond repair,-,Vickers 610 Viking 1B,-,-,1948,-,-, G-AJCE, 256,Overseas Aviation,Int'l Non Scheduled Passenger,-,Lyon-Bron Airport,LYN,LFLY,France,London-Gatwick Airport,LGW,EGKK,United Kingdom,3,37,0,0,-,-,-
19610814-1,Monday,14-AUG-1961,-,A1, En route (ENR),"near Walterboro Municipal Airport, SC (RBW)",United States of America,3,0, Damaged beyond repair,-,Consolidated PBY-5A Catalina,-,-,-,-,-, N10019, 1697,Unknown,Ferry/positioning,-,Walterboro Municipal Airport,RBW,KRBW,United States of America,Charleston Municipal Airport,CHS,KCHS,United States of America,3,0,0,0,-,-,Final
19610814-2,Monday,14-AUG-1961,-,A1, En route (ENR),W off Samarai Island,Papua New Guinea,9,0, Damaged beyond repair,-,de Havilland Canada DHC-3 Otter,1,Pratt & Whitney R-1340,1958,-,-, VH-SBQ, 241,TAA,Domestic Scheduled Passenger,-,-,-,-,-,-,-,-,-,2,7,0,0,-,-,-
19610822-0,Tuesday,22-AUG-1961,-,A1, Unknown (UNK),at an unknown location,Unknown country,-,-, Damaged beyond repair,-,Canadian Vickers PBV-1A Canso A (PBY-5A),-,-,-,-,-, VT-DID, CV-519,Airways (India),Unknown,-,-,-,-,-,-,-,-,-,-,-,-,-,-,-,-
19610826-0,Saturday,26-AUG-1961,-,A1, Takeoff (TOF),Calcutta-Dum Dum Airport (CCU),India,3,0, Damaged beyond repair,-,Douglas C-47A-80-DL (DC-3),2,Pratt & Whitney R-1830-92,1944,-,-, VT-AXA, 19874,Indian Airlines,Cargo,-,Calcutta-Dum Dum Airport,CCU,VECC,India,Guwahati-Borjhar Airport,GAU,VEGT,India,3,0,0,0,-,-,-
19610828-0,Monday,28-AUG-1961,-,A1, Unknown (UNK),"Norfolk NAS Chambers, VA (NGU)",United States of America,-,-, Damaged beyond repair,-,Lockheed P2V-7 Neptune ,-,-,-,-,-, 140965, 726-7067,US Navy,Military,-,-,-,-,-,-,-,-,-,-,-,-,-,-,-,-
19610829-0,Tuesday,29-AUG-1961,18:23,A1, En route (ENR),"12,5 km (7.8 mls) NW of Kangerlussuaq-Søndre Strømfjord Airport (SFJ)",Greenland,6,1, Damaged beyond repair,-,de Havilland Canada DHC-3 Otter,-,-,1960,-,750.0, CF-MEX, 332,Eastern Provincial Airways,Domestic Non Scheduled Passenger,-,Kangerlussuaq-Søndre Strømfjord Airport,SFJ,BGSF,Greenland,Aasiaat Airport,JEG,BGEM,Greenland,2,4,1,0,-,-,Final
19610829-1,Tuesday,29-AUG-1961,-,A1, Unknown (UNK),near Thaton,Myanmar,6,6, Damaged beyond repair,-,de Havilland Canada DHC-3 Otter,-,-,1960,-,-, UB654, 374,Burmese AF,Military,-,-,-,-,-,-,-,-,-,-,-,-,-,-,-,-
19610901-0,Friday,01-SEP-1961,02:05,A1, En route (ENR),"14,5 km (9.1 mls) W of Chicago-Midway Airport, IL (MDW)",United States of America,78,78, Destroyed, Written off (damaged beyond repair),Lockheed L-049 Constellation,-,-,1945,-,43112.0, N86511, 2035,TWA,Domestic Scheduled Passenger,TW529,Chicago-Midway Airport,MDW,KMDW,United States of America,Las Vegas-McCarran International Airport,LAS,KLAS,United States of America,5,73,5,73,-,-,Final
19610905-0,Tuesday,05-SEP-1961,-,A1, Unknown (UNK),S of Sendafar,Ethiopia,19,5, Damaged beyond repair,-,Douglas C-47A-25-DK (DC-3),2,Pratt & Whitney R-1830-92,1944,-,16278.0, ET-T-16, 13305,Ethiopian Air Lines,Domestic Non Scheduled Passenger,-,-,-,-,-,Asmara International Airport,ASM,HAAY,Eritrea,3,16,1,4,-,-,-
19610906-0,Wednesday,06-SEP-1961,-,A1, Approach (APR),"Concórdia, SC",Brazil,4,4, Damaged beyond repair,-,Douglas C-47A-40-DL (DC-3),2,Pratt & Whitney R-1830-92,1943,-,-, PP-AVL, 9886,REAL,Cargo,-,São Paulo-Congonhas Airport,CGH,SBSP,Brazil,Concórdia Airport,CCI,SSCK,Brazil,4,0,4,0,-,-,-
19610910-0,Sunday,10-SEP-1961,-,A1, Initial climb (ICL),"1,5 km (0.9 mls) S off  Shannon Airport (SNN)",Ireland,83,83, Destroyed, Written off (damaged beyond repair),Douglas DC-6B,4,Pratt & Whitney R-2800,1953,-,-, N90773, 44058/365,President Airlines,Int'l Non Scheduled Passenger,-,Shannon Airport,SNN,EINN,Ireland,Gander Airport,YQX,CYQX,Canada,6,77,6,77,-,-,-
19610912-0,Tuesday,12-SEP-1961,-,A1, En route (ENR),ca 25 km S of San Borja Airport (SRJ),Bolivia,3,1, Damaged beyond repair,-,Curtiss C-46A-20-CU Commando,2,Pratt & Whitney R-2800-51,1943,-,-, CP-687, 26585,CAMBA,Cargo,-,Trinidad Airport,TDD,SLTR,Bolivia,San Borja-Capitan G.Q. Guardia Airport,SRJ,SLSB,Bolivia,3,0,1,0,-,-,-
19610912-1,Tuesday,12-SEP-1961,21:09,A1, Approach (APR),9 km (5.6 mls) SSW of Rabat-Sale Airport (RBA),Morocco,77,77, Destroyed, Written off (damaged beyond repair),Sud Aviation SE-210 Caravelle III,-,-,1961,-,688.0, F-BJTB,  68,Air France,International Scheduled Passenger,AF2005,Paris-Orly Airport,ORY,LFPO,France,Rabat-Sale Airport,RBA,GMME,Morocco,6,71,6,71,-,-,Final
19610913-0,Wednesday,13-SEP-1961,-,C1, Standing (STD),Elizabethville Airport (FBM),Democratic Republic of the Congo,-,-, Damaged beyond repair,-,Douglas C-47B-5-DK (DC-3),-,-,1944,-,-, UN-209, 25927/14482,UN,-,-,-,-,-,-,-,-,-,-,-,-,-,-,-,-,-
19610915-0,Friday,15-SEP-1961,-,C1, Standing (STD),Elizabethville Airport (FBM),Democratic Republic of the Congo,0,0, Damaged beyond repair,-,Douglas DC-4-1009,-,-,1947,-,-, OO-ADN, 43099,Air Katanga,-,-,-,-,-,-,-,-,-,-,0,0,0,0,-,-,-
19610916-2,Saturday,16-SEP-1961,-,C1, Standing (STD),Kamina Airport (KMF),Democratic Republic of the Congo,-,-, Damaged beyond repair,-,Douglas C-54D-5-DC (DC-4),-,-,1945,-,-, G-APIN, 10736,Starways,-,-,-,-,-,-,-,-,-,-,-,-,-,-,-,-,-
19610917-0,Sunday,17-SEP-1961,-,A1, Landing (LDG),Tashkent Airport (TAS),Uzbekistan,-,0, Damaged beyond repair,-,Tupolev Tu-104A,2,Mikulin AM-3M,1958,-,-, CCCP-42388, 8350703,Aeroflot / Uzbekistan,Unknown,-,-,-,-,-,Tashkent Airport,TAS,UTTT,Uzbekistan,-,-,0,0,-,-,-
19610917-2,Sunday,17-SEP-1961,-,A1, Unknown (UNK),Santa Rosa de Yacuma,Bolivia,-,-, Damaged beyond repair,-,Consolidated C-87 Liberator Express,-,-,-,-,-, CP-589, 4325,Compañia Boliviana de Aviacion,Unknown,-,-,-,-,-,-,-,-,-,-,-,-,-,-,-,-
19610917-3,Sunday,17-SEP-1961,08:57,A1, Initial climb (ICL),"ca 1,5 km S of Chicago-O'Hare International Airport, IL (ORD)",United States of America,37,37, Damaged beyond repair,-,Lockheed L-188C Electra,4,Allison 501-D13,1961,-,614.0, N137US, 1142,Northwest Orient Airlines,Domestic Scheduled Passenger, 706,Chicago-O'Hare International Airport,ORD,KORD,United States of America,Tampa International Airport,TPA,KTPA,United States of America,5,32,5,32,-,-,Final
19610918-0,Monday,18-SEP-1961,00:13,A1, Approach (APR),15 km (9.4 mls) W of Ndola Airport (NLA),Zambia,16,16, Destroyed, Written off (damaged beyond repair),Douglas DC-6B,4,Pratt & Whitney R-2800,1952,-,-, SE-BDY, 43559/251,Transair Sweden,Int'l Non Scheduled Passenger,-,Léopoldville-N'Djili Airport,FIH,FZAA,Democratic Republic of the Congo,Ndola Airport,NLA,FLND,Zambia,5,11,5,11,-,-,Final
19610919-0,Tuesday,19-SEP-1961,-,A1, Landing (LDG),Dublin Airport (DUB),Ireland,73,0, Damaged beyond repair,-,Douglas DC-4,-,-,1944,-,-, G-ARJY, 10288,Starways,Int'l Non Scheduled Passenger,-,Lourdes-Tarbes Ossun Lourdes Airport,LDE,LFBT,France,Dublin Airport,DUB,EIDW,Ireland,4,69,0,0,-,-,-
19610920-0,Wednesday,20-SEP-1961,21:26,A1, En route (ENR),"Oat Mountain, CA",United States of America,6,3, Damaged beyond repair,-,Douglas C-47A-90-DL (DC-3),-,-,1944,-,-, 43-16002, 20468,USAF,Military,-,Palmdale AFB,PMD,KPMD,United States of America,Oxnard Airport,OXR,KOXR,United States of America,6,0,3,0,-,-,-
19610922-1,Friday,22-SEP-1961,11:12,A1, En route (ENR),95 km (59.4 mls) W of Oymyakon,Russia,6,6, Destroyed, Written off (damaged beyond repair),Lisunov Li-2,-,-,1947,-,-, CCCP-16154, 3605,Aeroflot / Yakutsk,Cargo,-,Yakutsk Airport,YKS,UEEE,Russia,-,-,-,-,4,2,4,2,-,-,-
19610923-1,Saturday,23-SEP-1961,20:02,A1, Approach (APR),ca 18 km from Ankara-Esenboga Airport (ESB),Turkey,29,28, Damaged beyond repair,-,Fokker F-27 Friendship 100,-,-,1961,140.0,111.0, TC-TAY, 10182,THY,Domestic Scheduled Passenger, 835,Adana Airport,ADA,LTAF,Turkey,Ankara-Esenboga Airport,ESB,LTAC,Turkey,4,25,4,24,-,-,-
19610924-0,Sunday,24-SEP-1961,-,A1, Takeoff (TOF),"Wilmington-New Hanover County Airport, NC (ILM)",United States of America,15,3, Damaged beyond repair,-,Fairchild C-123B-9-FA Provider,-,-,-,-,-, 54-0672, 20121,USAF,Military,-,Wilmington-New Hanover County Airport,ILM,KILM,United States of America,Wilmington-New Hanover County Airport,ILM,KILM,United States of America,-,-,-,-,-,-,-
19610924-1,Sunday,24-SEP-1961,11:05,A2, Landing (LDG),"Boston-Logan International Airport, MA (BOS)",United States of America,71,0, Substantial, Repaired,Boeing 720-023B,4,Pratt & Whitney JT3D,1961,-,1223.0, N7545A, 18031/198,American Airlines,Domestic Scheduled Passenger,AA44,Chicago-O'Hare International Airport,ORD,KORD,United States of America,Boston-Logan International Airport,BOS,KBOS,United States of America,8,63,0,0,-,-,Final
19610924-2,Sunday,24-SEP-1961,-,A1, Unknown (UNK),Kamina ?,Democratic Republic of the Congo,-,-, Damaged beyond repair,-,Douglas DC-3-214,-,-,1937,-,-, UN-216, 1947,UN,Unknown,-,-,-,-,-,-,-,-,-,-,-,-,-,-,-,-
19610926-0,Tuesday,26-SEP-1961,-,A1, En route (ENR),"Qinglongshan, Henan Province",China,15,15, Damaged beyond repair,-,Shijiazhuang Y-5,-,-,-,-,-, 18188,-,CAAC,Passenger,-,-,-,-,-,-,-,-,-,5,10,5,10,-,-,Preliminary
19610926-1,Tuesday,26-SEP-1961,-,A1, Landing (LDG),"Norfolk-NAS Chambers, VA (NGU)",United States of America,5,0, Damaged beyond repair,-,Douglas DC-7,-,-,1954,-,-, N317A, 44138/440,ONA,Ferry/positioning,-,-,-,-,-,Norfolk NAS Chambers,NGU,KNGU,United States of America,5,0,0,0,-,-,-
19610927-0,Wednesday,27-SEP-1961,18:22,A1, Landing (LDG),"Brasilia International Airport, DF (BSB)",Brazil,71,0, Damaged beyond repair,-,Sud Aviation SE-210 Caravelle III,-,-,1959,-,-, PP-VJD,  15,Varig,Domestic Scheduled Passenger,-,-,-,-,-,Brasília International Airport,BSB,SBBR,Brazil,9,62,0,0,-,-,-
19610930-0,Saturday,30-SEP-1961,-,A1, Unknown (UNK),at an unknown location,Unknown country,-,-, Damaged beyond repair,-,Grumman UF-1G Albatross,-,-,1953,-,-, 7230, G-313,US Coast Guard,Military,-,-,-,-,-,-,-,-,-,-,-,-,-,-,-,Preliminary
19610999-0,-,xx-SEP-1961,-,C1, Unknown (UNK),Kolwezi,Democratic Republic of the Congo,-,-, Damaged beyond repair,-,Douglas C-47B-10-DK (DC-3),2,Pratt & Whitney R-1830-90C,1944,-,-, KAT-04, 26259/14814,UN,Unknown,-,-,-,-,-,-,-,-,-,-,-,-,-,-,-,-
19611001-0,Sunday,01-OCT-1961,-,A1, Landing (LDG),Ibiza Airport (IBZ),Spain,-,0, Damaged beyond repair,-,Bristol 170 Freighter 31E,2,Bristol Hercules 734,-,-,-, EC-AHK, 13130,Aviaco,Scheduled Passenger,-,-,-,-,-,Ibiza Airport,IBZ,LEIB,Spain,-,-,0,0,-,-,-
19611006-0,Friday,06-OCT-1961,-,C1, Standing (STD),Bahrain International Airport (BAH),Bahrain,0,0, Damaged beyond repair,-,Blackburn Beverley C.1,4,Bristol Centaurus 173,1958,-,-, XM110, 1046,RAF,Military,-,-,-,-,-,-,-,-,-,0,0,0,0,-,-,-
19611007-0,Saturday,07-OCT-1961,01:00,A1, En route (ENR),Mont Canigou,France,34,34, Damaged beyond repair,-,Douglas C-47B-30-DK Dakota 4,2,Pratt & Whitney R-1830-90C,1945,-,13658.0, G-AMSW, 32919/16171,Derby Airways,Int'l Non Scheduled Passenger,-,London-Gatwick Airport,LGW,EGKK,United Kingdom,Perpignan Airport,PGF,LFMP,France,3,31,3,31,-,-,Final
19611008-0,Sunday,08-OCT-1961,-,O1, Standing (STD),Málaga Airport (AGP),Spain,-,0, Damaged beyond repair,-,Douglas C-54A-1-DC (DC-4),-,-,1943,-,-, G-ARLF, 10278,Lloyd Int. Airways,Unknown,-,-,-,-,-,-,-,-,-,-,-,0,0,-,-,-
19611010-0,Tuesday,10-OCT-1961,-,A1, Takeoff (TOF),El Adem RAF Station,Libya,37,17, Damaged beyond repair,-,Handley Page Hastings C.2,-,-,1951,-,-, WD498, HP67/126,RAF,Military,-,-,-,-,-,-,-,-,-,-,-,-,-,-,-,-
19611012-0,Thursday,12-OCT-1961,-,A1, Unknown (UNK),Mahesh,India,3,3, Damaged beyond repair,-,Douglas C-47 (DC-3),-,-,-,-,-, registration unknown,-,Indian AF,Military,-,-,-,-,-,-,-,-,-,3,0,3,0,-,2,-
19611012-1,Thursday,12-OCT-1961,-,A1, Initial climb (ICL),"Saint-Hyacinthe, QC",Canada,-,0, Damaged beyond repair,-,de Havilland Canada CSR-123 Otter (DHC-3),-,-,1960,-,-, 9414, 391,RCAF,Military,-,-,-,-,-,-,-,-,-,-,-,0,0,-,-,-
19611013-1,Friday,13-OCT-1961,-,A1, Unknown (UNK),near Osan,South Korea,15,5, Damaged beyond repair,-,Curtiss C-46 Commando,-,-,-,-,-, registration unknown,-,South Korea AF,Military,-,-,-,-,-,-,-,-,-,-,-,-,-,-,-,-
19611014-0,Saturday,14-OCT-1961,-,A1, Landing (LDG),"Belém Airport, PA (BEL)",Brazil,-,0, Damaged beyond repair,-,Douglas DC-7C,-,-,1957,-,-, PP-PDL, 45122/790,Panair do Brasil,Unknown,-,Manaus/Ponta Pelada Airport,PLL,SBMN,Brazil,Belém/Val-de-Cans International Airport,BEL,SBBE,Brazil,-,-,0,0,-,-,-
19611017-0,Tuesday,17-OCT-1961,-,A1, Approach (APR),Groglin Fell,United Kingdom,4,4, Damaged beyond repair,-,Douglas C-47B-35-DK (DC-3),2,Pratt & Whitney R-1830-90C,1945,-,-, G-AMVC, 33390/16642,BKS Air Transport,Ferry/positioning,-,Leeds/Bradford Airport,LBA,EGNM,United Kingdom,Carlisle Airport,CAX,EGNC,United Kingdom,4,0,4,0,-,-,-
19611020-0,Friday,20-OCT-1961,-,A1, Landing (LDG),Ballykelly RAF Station,United Kingdom,-,0, Damaged beyond repair,-,Avro Shackleton MR.2,4,Rolls-Royce Griffon 57,1954,-,-, WR968,-,RAF,Military,-,-,-,-,-,-,-,-,-,-,-,0,0,-,-,-
19611024-0,Tuesday,24-OCT-1961,-,A1, En route (ENR),"off Parintins, AM",Brazil,5,0, Damaged beyond repair,-,Canadian Vickers PBV-1A Canso A (PBY-5A),-,-,1943,-,-, PP-PCY, CV-242,Panair do Brasil,Cargo,-,-,-,-,-,-,-,-,-,-,-,0,0,-,-,-
19611030-0,Monday,30-OCT-1961,17:48,A1, Approach (APR),Frankfurt International Airport (FRA),Germany,16,0, Damaged beyond repair,-,Vickers 736 Viscount,-,-,1955,-,-, G-AODH,  78,BUA,International Scheduled Passenger,-,-,-,-,-,Frankfurt International Airport,FRA,EDDF,Germany,4,12,0,0,-,-,-
19611031-0,Tuesday,31-OCT-1961,12:52,A1, Approach (APR),near Smorodinny,Russia,5,5, Damaged beyond repair,-,Ilyushin Il-14M,-,-,-,-,-, CCCP-61712, 4340503,Aeroflot / Yakutsk,Cargo,-,Yakutsk Airport,YKS,UEEE,Russia,-,-,-,-,5,0,5,0,-,-,Preliminary
19611099-0,-,xx-OCT-1961,-,O1, Standing (STD),Evreux Airport (EVX),France,0,0, Damaged beyond repair,-,Lockheed C-130B Hercules,4,Allison T56-A-7,1960,-,-, 58-0745, 3543,USAF,Military,-,-,-,-,-,-,-,-,-,0,0,0,0,-,-,-
19611099-1,-,xx-OCT-1961,-,A1, Unknown (UNK),Phou Fa,Laos,-,-, Damaged beyond repair,-,Lockheed PV-2D Harpoon,-,-,-,-,-, N7456C, 15-1595,Bird & Sons,Unknown,-,-,-,-,-,-,-,-,-,-,-,-,-,-,-,-
19611101-0,Wednesday,01-NOV-1961,14:26,A1, Approach (APR),"Les Prevosts, Guernsey",United Kingdom,10,2, Damaged beyond repair,-,Bristol 170 Superfreighter 32,2,Bristol Hercules 734,1956,-,-, G-ANWL, 13260,Silver City Airways,International Scheduled Passenger,-,Cherbourg-Maupertus Airport,CER,LFRC,France,Guernsey Airport,GCI,EGJB,United Kingdom,3,7,2,0,-,-,-
19611101-1,Wednesday,01-NOV-1961,05:15,A1, Approach (APR),"2,7 km (1.7 mls) NW of Recife-Guararapes International Airport, PE (REC)",Brazil,88,45, Damaged beyond repair,-,Douglas DC-7C,-,-,1955,-,-, PP-PDO, 44872/643,Panair do Brasil,International Scheduled Passenger,-,Sal-Amilcar Cabral International Airport,SID,GVAC,Cape Verde,Recife-Guararapes International Airport,REC,SBRF,Brazil,9,79,7,38,-,-,Final
19611102-0,Thursday,02-NOV-1961,-,A1, Approach (APR),near Vladivostok Airport (VVO),Russia,-,0, Damaged beyond repair,-,Tupolev Tu-104B,2,Mikulin AM-3M-500,1960,-,-, CCCP-42504, 021902,Aeroflot / Far East,Unknown,-,-,-,-,-,Vladivostok Airport,VVO,UHWW,Russia,-,-,0,0,-,-,-
19611106-0,Monday,06-NOV-1961,-,C1, En route (ENR),Shantung Province,China,14,14, Damaged beyond repair,-,Lockheed RB-69A Neptune,-,-,-,-,-, 54-4039, 726-7099,Republic of China AF,Military,-,-,-,-,-,-,-,-,-,14,0,14,0,-,-,-
19611108-0,Wednesday,08-NOV-1961,21:24,A1, Approach (APR),"1,5 km (0.9 mls) S of Richmond International Airport (Byrd Field), VA (RIC)",United States of America,79,77, Damaged beyond repair,-,Lockheed L-049E Constellation,4,Wright R-3350 (745C18BA3) Cyclone,1946,-,32589.0, N2737A, 1976,Imperial Airlines,Domestic Non Scheduled Passenger,201/8,Baltimore/Washington Friendship International Airport,BWI,KBWI,United States of America,Columbia Metropolitan Airport,CAE,KCAE,United States of America,5,74,3,74,-,-,Final
19611109-0,Thursday,09-NOV-1961,-,A1, Takeoff (TOF),Wilkins Station,Antarctica,9,5, Damaged beyond repair,-,Lockheed P2V-7LP Neptune,-,-,-,-,-, 140439, 726-7098,US Navy,Military,-,-,-,-,-,-,-,-,-,-,-,4,1,-,-,-
19611109-1,Thursday,09-NOV-1961,-,A1, En route (ENR),off Virginia,United States of America,11,11, Damaged beyond repair,-,Lockheed P2V-5 Neptune,-,-,-,-,-, 131505, 426-5386,US Navy,Military,-,-,-,-,-,Brunswick NAS,NHZ,KNHZ,United States of America,-,-,-,-,-,-,-
19611110-0,Friday,10-NOV-1961,-,H2, En route (ENR),Tangier Airport (TNG),Morocco,39,0, None,-,Lockheed L-1049G Super Constellation,-,-,1961,-,-, CS-TLF, 4672,TAP,Passenger,-,-,-,-,-,Lisboa-Portela de Sacavém Airport,LIS,LPPT,Portugal,7,32,0,0,-,-,-
19611110-1,Friday,10-NOV-1961,-,A1, En route (ENR),Chitado,Angola,18,18, Damaged beyond repair,-,Douglas C-47A-50-DL (DC-3),-,-,1942,-,-, 6154, 10049,Portuguese AF,Military,-,Luanda Airport,LAD,FNLU,Angola,Nova Lisboa Airport,NOV,FNHU,Angola,7,11,7,11,-,-,-
19611111-0,Saturday,11-NOV-1961,-,A1, En route (ENR),E off Puerto Rico [Caribbean Sea],Atlantic Ocean,3,3, Missing, Presumed damaged beyond repair,Lockheed L-749A Constellation,-,-,1949,-,-, HH-ABA, 2615,Air Haiti Int.,Cargo,-,San Juan-Luis Muñoz Marín International Airport,SJU,TJSJ,Puerto Rico,Managua Airport,MGA,MNMG,Nicaragua,3,0,3,0,-,-,-
19611112-0,Sunday,12-NOV-1961,-,A1, Landing (LDG),Sentinel Ridge,Antarctica,-,0, Damaged beyond repair,-,Douglas R4D-8L (Super DC-3),-,-,1944,-,-, 17219, 43323,US Navy,Military,-,-,-,-,-,-,-,-,-,-,-,0,0,-,-,-
19611114-0,Tuesday,14-NOV-1961,-,A1, Landing (LDG),"Cincinnati/Northern Kentucky Airport, KY (CVG)",United States of America,3,0, Damaged beyond repair,-,Douglas DC-4,-,-,1944,-,-, N30061, 10331,Zantop,Cargo,-,-,-,-,-,Cincinnati/Northern Kentucky Airport,CVG,KCVG,United States of America,3,0,0,0,-,-,-
19611114-1,Tuesday,14-NOV-1961,-,O1, Standing (STD),"Dallas-Love Field, TX (DAL)",United States of America,0,0, Damaged beyond repair,-,Douglas DC-7C,-,-,1956,-,-, N5905, 45073/804,Braniff Airways,-,-,-,-,-,-,-,-,-,-,0,0,0,0,-,-,-
19611115-0,Wednesday,15-NOV-1961,17:10,A1, Takeoff (TOF),"Boston-Logan International Airport, MA (BOS)",United States of America,30,0, Damaged beyond repair,-,Douglas DC-6B,4,Pratt & Whitney R-2800-CB16,1953,-,26849.0, N8228H, 43821/316,National Airlines,Domestic Scheduled Passenger, 429,Boston-Logan International Airport,BOS,KBOS,United States of America,New York-Idlewild International Airport,IDL,KIDL,United States of America,5,25,0,0,-,-,Final
19611115-1,Wednesday,15-NOV-1961,17:10,A1, Landing (LDG),"Boston-Logan International Airport, MA (BOS)",United States of America,45,0, Damaged beyond repair,-,Vickers 798D Viscount,4,Rolls-Royce Dart 510,1957,-,8328.0, N6592C, 234,Northeast Airlines,Domestic Scheduled Passenger, 120,New York-La Guardia Airport,LGA,KLGA,United States of America,Boston-Logan International Airport,BOS,KBOS,United States of America,8,37,0,0,-,-,Final
19611115-2,Wednesday,15-NOV-1961,08:51,A1, Landing (LDG),Colombo-Ratmalana Airport (RML),Sri Lanka,42,0, Damaged beyond repair,-,Vickers 768D Viscount,-,-,1957,-,-, VT-DIH, 195,Indian Airlines,International Scheduled Passenger,-,Madras Airport,MAA,VOMM,India,Colombo-Ratmalana Airport,RML,VCCC,Sri Lanka,6,36,0,0,-,-,-
19611117-0,Friday,17-NOV-1961,-,A1, Landing (LDG),near Kalungwi village,Tanzania,10,4, Damaged beyond repair,-,Fairchild C-119G Flying Boxcar,2,Wright R-3350,-,-,-, MM52-6014, 10911,Italian AF,Military,-,Entebbe Airport,EBB,HUEN,Uganda,Léopoldville-N'Djili Airport,FIH,FZAA,Democratic Republic of the Congo,7,3,4,0,-,-,-
19611117-1,Friday,17-NOV-1961,-,U1, Unknown (UNK),at an unknown location,Unknown country,-,-, Damaged beyond repair,-,CASA 352 (Junkers Ju-52),-,-,-,-,-, T.2B-129, 20,Spanish AF,Military,-,-,-,-,-,-,-,-,-,-,-,-,-,-,-,-
19611122-0,Wednesday,22-NOV-1961,-,A1, Approach (APR),Salisbury Airport (HRE),Zimbabwe,3,2, Damaged beyond repair,-,Douglas C-47A-75-DL (DC-3),2,Pratt & Whitney R-1830-92,1943,-,18716.0, VP-YRX, 19351,Rhodesian Air Services,Ferry/positioning,-,Salisbury Airport,HRE,FVHA,Zimbabwe,Livingstone Airport,LVI,FLLI,Zambia,3,0,2,0,-,-,-
19611123-0,Thursday,23-NOV-1961,05:40,A1, Initial climb (ICL),"2 km (1.3 mls) from  São Paulo/Campinas-Viracopos International Airport, SP (VCP)",Brazil,52,52, Damaged beyond repair,-,de Havilland DH-106 Comet 4,4,Rolls-Royce Avon 524,1960,-,5242.0, LV-AHR, 6430,Aerolineas Argentinas,International Scheduled Passenger,AR322,São Paulo/Campinas-Viracopos International Airport,VCP,SBKP,Brazil,Port of Spain-Piarco Airport,POS,TTPP,Trinidad and Tobago,12,40,12,40,-,-,-
19611127-0,Monday,27-NOV-1961,-,H2, En route (ENR),Curaçao-Dr. Albert Plesman Airport (CUR),Curaçao,43,0, None,-,Douglas DC-6B,4,Pratt & Whitney R-2800,-,-,-, registration unknown,-,AVENSA,Domestic Scheduled Passenger,-,Caracas Airport,CCS,SVMI,Venezuela,Maracaibo-Grano de Oro Airport,ORO,SVMO,Venezuela,-,-,0,0,-,-,-
19611130-1,Thursday,30-NOV-1961,19:25,A1, En route (ENR),"ca 5 km S of Sydney-Kingsford Smith International Airport, NSW (SYD)",Australia,15,15, Damaged beyond repair,-,Vickers 720 Viscount,-,-,1954,-,16946.0, VH-TVC,  46,Ansett-ANA,Domestic Scheduled Passenger,-,Sydney-Kingsford Smith International Airport,SYD,YSSY,Australia,Canberra Airport,CBR,YSCB,Australia,4,11,4,11,-,-,-
19611202-0,Saturday,02-DEC-1961,10:35,A1, En route (ENR),65 km (40.6 mls) from  Mount Hagen,Papua New Guinea,2,2, Damaged beyond repair,-,de Havilland Canada DHC-3 Otter,1,Pratt & Whitney R-1340 Wasp,1958,-,-, VH-SBS, 253,TAA,Unknown,-,Mount Hagen-Kagamuga Airport,HGU,AYMH,Papua New Guinea,-,-,-,-,2,0,2,0,-,-,-
19611203-0,Sunday,03-DEC-1961,-,A1, En route (ENR),30 km (18.8 mls) NE of Aviano,Italy,4,4, Damaged beyond repair,-,Douglas AC-47A,-,-,1944,-,-, 43-48139, 25400/13955,USAF,Military,-,-,-,-,-,-,-,-,-,4,0,4,0,-,-,-
19611204-0,Monday,04-DEC-1961,-,A1, Maneuvering (MNV),near Ebersheim,Germany,3,3, Damaged beyond repair,-,Boeing 720-030B,4,Pratt & Whitney JT3D-1,1961,-,-, D-ABOK, 18058/202,Lufthansa,Training,-,Frankfurt International Airport,FRA,EDDF,Germany,Köln/Bonn Airport,CGN,EDDK,Germany,3,0,3,0,-,-,-
19611206-0,Wednesday,06-DEC-1961,-,C1, Standing (STD),Kolwezi Airport (KWZ),Democratic Republic of the Congo,0,0, Damaged beyond repair,-,Douglas C-47A-1-DK (DC-3),2,Pratt & Whitney R-1830-92,1943,-,-, KA-DFN, 12161,Katanga Government,-,-,-,-,-,-,-,-,-,-,0,0,0,0,-,-,Preliminary
19611207-0,Thursday,07-DEC-1961,-,A1, Initial climb (ICL),Amritsar,India,2,0, Damaged beyond repair,-,Douglas C-47A-25-DK (DC-3),2,Pratt & Whitney R-1830-92,1944,-,-, VT-AZV, 13253,Jamair,Cargo,-,Amritsar-Raja Sansi Airport,ATQ,VIAR,India,-,-,-,-,2,0,0,0,-,-,-
19611212-0,Tuesday,12-DEC-1961,16:00,A1, Unknown (UNK),"50 m off Praia de Itaipu, Niterói, RJ",Brazil,2,0, Damaged beyond repair,-,Curtiss C-46A-55-CK Commando,2,Pratt & Whitney R-2800-51,1944,-,-, PP-VBM,   134,Varig,Training,-,Rio de Janeiro-Santos Dumont Airport,SDU,SBRJ,Brazil,Rio de Janeiro-Santos Dumont Airport,SDU,SBRJ,Brazil,2,0,0,0,-,-,-
19611212-1,Tuesday,12-DEC-1961,-,A1, Unknown (UNK),Montignies-lez-Lens,Belgium,5,5, Damaged beyond repair,-,Fairchild C-119G Flying Boxcar,2,Wright R-3350,1952,-,2478.0, CP-23/OT-CBC, 10951,Belgian AF,Military,-,-,-,-,-,-,-,-,-,5,0,5,0,8,-,-
19611212-2,Tuesday,12-DEC-1961,-,A1, Unknown (UNK),Montignies-lez-Lens,Belgium,8,8, Damaged beyond repair,-,Fairchild C-119G Flying Boxcar,2,Wright R-3350,1952,-,2794.0, CP-25/OT-CBE, 11082,Belgian AF,Military,-,-,-,-,-,-,-,-,-,8,0,8,0,5,-,-
19611214-0,Thursday,14-DEC-1961,-,A1, Unknown (UNK),Unknown,Unknown country,-,-, Damaged beyond repair,-,Douglas VC-47A (DC-3),-,-,1943,-,-, 42-100670, 19133,USAF,Military,-,-,-,-,-,-,-,-,-,-,-,-,-,-,-,-
19611215-0,Friday,15-DEC-1961,-,A1, Approach (APR),Managua Airport (MGA),Nicaragua,2,2, Damaged beyond repair,-,Curtiss C-46,-,-,-,-,-, AN-AOE,-,LANICA,Cargo,-,Managua Airport,MGA,MNMG,Nicaragua,Miami International Airport,MIA,KMIA,United States of America,2,0,2,0,-,-,-
19611216-0,Saturday,16-DEC-1961,-,A1, Landing (LDG),"Chicago-O'Hare International Airport, IL (ORD)",United States of America,-,0, Damaged beyond repair,-,Douglas DC-7,-,-,1954,-,-, N4871C, 44261/447,Delta Air Lines,Unknown,-,-,-,-,-,Chicago-O'Hare International Airport,ORD,KORD,United States of America,-,-,0,0,-,-,-
19611217-0,Sunday,17-DEC-1961,16:00,A1, En route (ENR),"10 km (6.3 mls) E of Chebotovka village, Tarasovka district, Rostov region",Russia,59,59, Destroyed, Written off (damaged beyond repair),Ilyushin Il-18B,-,-,1958,-,2722.0, CCCP-75654, 188000503,Aeroflot,Domestic Scheduled Passenger, 245,Moskva-Vnukovo Airport,VKO,UUWW,Russia,Adler/Sochi Airport,AER,URSS,Russia,9,50,9,50,-,-,-
19611218-0,Monday,18-DEC-1961,-,A1, En route (ENR),"3,6 km (2.3 mls) from  Wollongong Airport, NSW (WOL)",Australia,4,0, Damaged beyond repair,-,Bristol 170 Freighter 21,-,-,-,-,-, VH-AAH, 12774,Pacific Aviation,Cargo,-,-,-,-,-,Launceston Airport,LST,YMLT,Australia,3,1,0,0,-,-,-
19611218-1,Monday,18-DEC-1961,-,A1, Unknown (UNK),near Olyokminsk,Russia,-,4, Damaged beyond repair,-,Lisunov Li-2,-,-,-,-,-, CCCP-84603,-,Aeroflot / Yakutsk,Unknown,-,-,-,-,-,-,-,-,-,-,-,-,-,-,-,-
19611219-0,Tuesday,19-DEC-1961,-,A1, Approach (APR),"Belton, MO",United States of America,7,7, Damaged beyond repair,-,Douglas C-124A Globemaster II,4,Pratt & Whitney R-4360-20WA,-,-,-, 49-0239, 43168,USAF,Military,-,-,-,-,-,Charleston International Airport,CHS,KCHS,United States of America,7,0,7,0,-,-,-
19611221-0,Thursday,21-DEC-1961,23:42,A1, Initial climb (ICL),Ankara-Esenboga Airport (ESB),Turkey,34,27, Damaged beyond repair,-,de Havilland DH-106 Comet 4B,-,-,1961,-,-, G-ARJM, 6456,BEA,International Scheduled Passenger, 226,Ankara-Esenboga Airport,ESB,LTAC,Turkey,Nicosia Airport,NIC,LCNC,Cyprus,7,27,7,20,-,-,-
19611226-0,Tuesday,26-DEC-1961,-,A1, En route (ENR),"Kinnaur, Himachal Pradesh",India,4,1, Damaged beyond repair,-,de Havilland Canada DHC-3 Otter,-,-,-,-,-, registration unknown,-,Indian AF,Military,-,-,-,-,-,-,-,-,-,-,-,-,-,-,-,-
19611227-0,Wednesday,27-DEC-1961,-,A1, Takeoff (TOF),Belfast-Aldergrove RAF Station (BFS),United Kingdom,-,0, Damaged beyond repair,-,Handley Page Hastings C.1,-,-,-,-,-, TG624, HP67/102,RAF,Military,-,Belfast-Aldergrove RAF Station,BFS,EGAA,United Kingdom,-,-,-,-,-,-,0,0,-,-,-
19611229-0,Friday,29-DEC-1961,-,U1, Unknown (UNK),near Surabaya,Indonesia,-,-, Damaged beyond repair,-,Douglas C-47A-10-DK (DC-3),2,Pratt & Whitney R-1830-92,1944,-,-, PK-GDZ, 12514,Garuda,Unknown,-,-,-,-,-,-,-,-,-,-,-,-,-,-,-,-
19611231-0,Sunday,31-DEC-1961,17:58,A1, Initial climb (ICL),3 km (1.9 mls) SW Mineralnye Vody Airport (MRV),Russia,119,32, Damaged beyond repair,-,Ilyushin Il-18V,4,Ivchenko AI-20,1961,-,593.0, CCCP-75757, 181003202,Aeroflot / Armenia,Domestic Non Scheduled Passenger,-,Tbilisi Airport,TBS,UGGG,Georgia,Mineralnye Vody Airport,MRV,URMM,Russia,9,110,2,30,-,-,-
19619999-0,-,xx-xxx-1961,-,A1, Unknown (UNK),at an unknown location,Unknown country,-,-, Damaged beyond repair,-,Bristol 170 Freighter 31M,2,Bristol Hercules 734,1954,-,-, S4415, 13166,Pakistan AF,Military,-,-,-,-,-,-,-,-,-,-,-,-,-,-,-,-
19610101-1,Sunday,01-JAN-1961,-,H2, Unknown (UNK),"New York, NY",United States of America,-,0, Unknown,-,Bristol 175 Britannia 318,-,-,-,-,-, registration unknown,-,Cubana,Unknown,-,Havana-José Martí International Airport,HAV,MUHA,Cuba,-,-,-,-,-,-,0,0,-,-,-
19610102-0,Monday,02-JAN-1961,-,A1, Initial climb (ICL),ca 1 km SW of Praha-Ruzyne International Airport (PRG),Czech Republic,10,10, Damaged beyond repair,-,Avia 14-32A,-,-,1958,-,-, OK-MCZ, 105807110,CSA,Training,-,Praha-Ruzyne International Airport,PRG,LKPR,Czech Republic,Praha-Ruzyne International Airport,PRG,LKPR,Czech Republic,5,5,5,5,-,-,-
19610102-1,Monday,02-JAN-1961,20:17,A1, Maneuvering (MNV),3 km (1.9 mls) S off  Biak,Indonesia,5,5, Damaged beyond repair,-,Douglas R4D-1 (DC-3),2,Pratt & Whitney R-1830-90C,1945,-,-, 079, 33285/16537,Dutch Navy,Military,-,-,-,-,-,-,-,-,-,5,0,5,0,-,-,Preliminary
19610103-0,Tuesday,03-JAN-1961,07:40,A1, Approach (APR),Koivulahti,Finland,25,25, Damaged beyond repair,-,Douglas C-47A-30-DK (DC-3C),-,-,1944,-,-, OH-LCC, 25511/14066,Aero OY,Domestic Scheduled Passenger, 311,Kokkola/Pietarsaari-Kruunupyy Airport,KOK,EFKK,Finland,Vaasa Airport,VAA,EFVA,Finland,3,22,3,22,-,-,-
19610109-0,Monday,09-JAN-1961,-,A1, Approach (APR),Spangdahlem Air Base (SPM),Germany,15,0, Damaged beyond repair,-,Douglas C-124C Globemaster II,4,Pratt & Whitney R-4360-20WA,-,-,-, 52-0969, 43878,USAF,Military,-,-,-,-,-,Spangdahlem Air Base,SPM,ETAD,Germany,-,-,0,0,-,-,-
19610110-0,Tuesday,10-JAN-1961,-,A1, Unknown (UNK),Taif Air Base (TIF),Saudi Arabia,-,-, Damaged beyond repair,-,Douglas C-47D (DC-3),2,Pratt & Whitney R-1830-90,1944,-,-, 43-49367, 26628/15183,USAF,Military,-,-,-,-,-,-,-,-,-,-,-,-,-,-,-,-
19610115-0,Sunday,15-JAN-1961,19:25,A1, Unknown (UNK),"6,3 km (3.9 mls) NE of Hopkinsville-Fort Campbell AAF, KY (HOP)",United States of America,5,5, Damaged beyond repair,-,Fairchild C-119G Flying Boxcar,2,Wright R-3350,-,-,-, 51-2639, 10628,USAF,Military,-,San Antonio-Kelly AFB,SKF,KSKF,United States of America,Hopkinsville-Fort Campbell AAF,HOP,KHOP,United States of America,5,0,5,0,-,-,-
19610119-0,Thursday,19-JAN-1961,20:17,A1, Takeoff (TOF),"New York-Idlewild International Airport, NY (IDL)",United States of America,106,4, Damaged beyond repair,-,Douglas DC-8-21,4,Pratt & Whitney JT4A-,1960,-,529.0, XA-XAX, 45432/105,Aeronaves de México,International Scheduled Passenger, 401,New York-Idlewild International Airport,IDL,KIDL,United States of America,Mexico City-Benito Juárez International Airport,MEX,MMMX,Mexico,9,97,4,0,-,-,-
19610122-1,Sunday,22-JAN-1961,-,A1, En route (ENR),"near Katy, TX",United States of America,2,2, Damaged beyond repair,-,Curtiss C-46F-1-CU Commando,-,-,1945,-,-, N1308V, 22583,Capitol Airways,Cargo,-,-,-,-,-,Mobile-Bates Field,MOB,KMOB,United States of America,2,0,2,0,-,-,-
19610122-2,Sunday,22-JAN-1961,03:04,A1, Landing (LDG),Midway Island-Sand Island Field (MDY),U.S. Minor Outlying Islands,22,6, Destroyed, Written off (damaged beyond repair),Lockheed WV-2 Super Constellation,-,-,1957,-,-, 143193, 4467,US Navy,Military,-,Midway Island-Sand Island Field,MDY,PMDY,U.S. Minor Outlying Islands,Midway Island-Sand Island Field,MDY,PMDY,U.S. Minor Outlying Islands,22,0,6,0,-,3,-
19610123-0,Monday,23-JAN-1961,-,A1, Unknown (UNK),Bilbao Airport (BIO),Spain,-,0, Damaged beyond repair,-,Douglas SC-54D (DC-4),-,-,1945,-,-, 42-72566, 10671,USAF,Military,-,-,-,-,-,Bilbao Airport,BIO,LEBB,Spain,-,-,0,0,-,-,-
19610123-1,Monday,23-JAN-1961,-,A1, Takeoff (TOF),Nairobi-Eastleigh Airport,Kenya,-,0, Damaged beyond repair,-,Handley Page Hastings C.2,-,-,1952,-,-, WJ342, HP67/143,RAF,Military,-,-,-,-,-,-,-,-,-,-,-,0,0,-,-,-
19610123-2,Monday,23-JAN-1961,07:55,A1, En route (ENR),Vilkerath,Germany,4,4, Damaged beyond repair,-,Nord 2501D Noratlas,2,Bristol Hercules 739,-,-,-, GB+119, D103,German AF,Military,-,Köln-Wahnheide Air Base,CGN,EDDK,Germany,Köln-Wahnheide Air Base,CGN,EDDK,Germany,4,0,4,0,-,-,-
19610124-1,Tuesday,24-JAN-1961,02:48,A1, En route (ENR),Mount Burangrang,Indonesia,21,21, Damaged beyond repair,-,Douglas C-47A-80-DL (DC-3C),-,-,1944,-,-, PK-GDI, 19672,Garuda,Domestic Scheduled Passenger, 424,-,-,-,-,Bandung-Husein Sastranegara Airport,BDO,WICC,Indonesia,5,16,5,16,-,-,-
19610125-0,Wednesday,25-JAN-1961,-,A2, Landing (LDG),67 km (41.9 mls) N of Roma-Fiumicino Airport (FCO),Italy,52,0, Substantial, Repaired,de Havilland  DH-106 Comet 4,4,Rolls-Royce Avon 524,1959,-,5633.0, G-APDM, 6414,BOAC,International Scheduled Passenger,BA115,London-Heathrow Airport,LHR,EGLL,United Kingdom,Roma-Fiumicino Airport,FCO,LIRF,Italy,8,44,0,0,-,-,Final
19610126-1,Thursday,26-JAN-1961,-,A1, En route (ENR),Atlantic Ocean,Atlantic Ocean,23,23, Missing, Presumed damaged beyond repair,Douglas C-118A (DC-6),-,-,1952,-,-, 51-17626, 43670/258,USAF,Military,-,Terceira-Lajes Airport,TER,LPLA,Portugal,-,-,-,-,10,13,10,13,-,-,-
19610126-2,Thursday,26-JAN-1961,-,A1, Landing (LDG),"Belo Horizonte Airport, MG (PLU)",Brazil,59,0, Damaged beyond repair,-,Lockheed L-049 Constellation,-,-,-,-,-, PP-PDC, 2056,Panair do Brasil,Scheduled Passenger,-,-,-,-,-,Belo Horizonte-Pampulha Airport,PLU,SBBH,Brazil,6,53,0,0,-,-,-
19610127-0,Friday,27-JAN-1961,-,A1, Unknown (UNK),"near Mendoza, MD",Argentina,2,2, Damaged beyond repair,-,Morane Saulnier MS.760A Paris IA,-,-,1959,-,-, E-203, 07,Argentine AF,Military,-,-,-,-,-,-,-,-,-,-,-,-,-,-,-,-
19610127-1,Friday,27-JAN-1961,-,H2, En route (ENR),Praha-Ruzyne International Airport (PRG),Czech Republic,-,0, None,-,Avia 14-32A,-,-,1958,-,-, OK-MCV, 101807106,CSA,Domestic Scheduled Passenger,-,Praha-Ruzyne International Airport,PRG,LKPR,Czech Republic,Brno Turany Airport,BRQ,LKTB,Czech Republic,-,-,0,0,-,-,-
19610128-1,Saturday,28-JAN-1961,12:20,A1, Maneuvering (MNV),"8 km (5 mls) W off  Montauk Point, NY",United States of America,6,6, Damaged beyond repair,-,Boeing 707-123,4,Pratt & Whitney JT3C-6,1958,-,-, N7502A, 17629/8,American Airlines,Training,AA1502,New York-Idlewild International Airport,IDL,KIDL,United States of America,New York-Idlewild International Airport,IDL,KIDL,United States of America,6,0,6,0,-,-,Final
19610201-0,Wednesday,01-FEB-1961,-,A1, Landing (LDG),Vladivostok Airport (VVO),Russia,-,0, Damaged beyond repair,-,Tupolev Tu-104A,2,Mikulin AM-3M,1958,-,-, CCCP-42357, 86600803,Aeroflot / Moscow,Unknown,-,-,-,-,-,Vladivostok Airport,VVO,UHWW,Russia,-,-,0,0,-,-,-
19610202-0,Thursday,02-FEB-1961,-,A1, Unknown (UNK),Kwamouth,Democratic Republic of the Congo,-,0, Damaged beyond repair,-,Fairchild C-119G Flying Boxcar,2,Wright R-3350,1952,-,-, MM52-6037, 11076,Italian AF,Military,-,Léopoldville-N'Djili Airport,FIH,FZAA,Democratic Republic of the Congo,Coquilhatville Airport,MDK,FZEA,Democratic Republic of the Congo,-,-,0,0,-,-,-
19610203-1,Friday,03-FEB-1961,23:50,A1, En route (ENR),off Madura Island,Indonesia,26,26, Missing, Presumed damaged beyond repair,Douglas C-47A-20-DK (DC-3),2,Pratt & Whitney R-1830-92,1944,-,18829.0, PK-GDY, 13052,Garuda,Domestic Scheduled Passenger, 542,Surabaya-Juanda Airport,SUB,WARR,Indonesia,Balikpapan-Sepingan Airport,BPN,WALL,Indonesia,5,21,5,21,-,-,-
19610204-0,Saturday,04-FEB-1961,-,A1, Takeoff (TOF),Düsseldorf Airport (DUS),Germany,3,0, Damaged beyond repair,-,Vickers 610 Viking 1B,-,-,1947,-,-, D-BALI, 222,private,Cargo,-,Düsseldorf Airport,DUS,EDDL,Germany,-,-,-,-,3,0,0,0,-,-,-
19610210-0,Friday,10-FEB-1961,-,A1, Unknown (UNK),near Bizana,South Africa,5,5, Damaged beyond repair,-,Douglas C-47B-35-DK (DC-3),-,-,1945,-,-, 6856, 33373/16625,South African AF,Military,-,-,-,-,-,-,-,-,-,5,0,5,0,-,-,-
19610215-0,Wednesday,15-FEB-1961,-,A1, Takeoff (TOF),Luluabourg,Democratic Republic of the Congo,9,3, Damaged beyond repair,-,Fairchild C-119G Flying Boxcar,2,Wright R-3350,-,-,-, MM52-6011, 10869,Italian AF,Military,-,Luluabourg Airport,KGA,FZUA,Democratic Republic of the Congo,-,-,-,-,-,-,-,-,-,-,-
19610215-3,Wednesday,15-FEB-1961,10:05,A1, Approach (APR),3 km (1.9 mls) NE of Brussel-Zaventem Airport (BRU),Belgium,72,72, Destroyed, Written off (damaged beyond repair),Boeing 707-329,4,Pratt & Whitney JT4A,1959,-,3038.0, OO-SJB, 17624/92,Sabena,International Scheduled Passenger,SN548,New York-Idlewild International Airport,IDL,KIDL,United States of America,Brussel-Zaventem Airport,BRU,EBBR,Belgium,11,61,11,61,-,1,Final
19610218-0,Saturday,18-FEB-1961,-,A1, Approach (APR),Stuttgart-Echterdingen Airport (STR),Germany,3,0, Damaged beyond repair,-,Douglas DC-7CF,-,-,1956,-,-, N745PA, 44887/710,Pan Am,Cargo,-,Frankfurt International Airport,FRA,EDDF,Germany,Stuttgart-Echterdingen Airport,STR,EDDS,Germany,3,0,0,0,-,-,-
19610219-0,Sunday,19-FEB-1961,-,A1, En route (ENR),"LBJ Ranch, TX",United States of America,2,2, Damaged beyond repair,-,Convair CV-240-0,-,-,1948,-,-, N94256, 117,Lyndon B Johnson,Unknown,-,Austin-Bergstrom International Airport,AUS,KAUS,United States of America,-,-,-,-,2,0,2,0,-,-,-
19610223-0,Thursday,23-FEB-1961,-,A1, Landing (LDG),"Atlantic City-Bader Field, NJ (AIY)",United States of America,8,0, Damaged beyond repair,-,Convair R4Y-1Z (CV-340),-,-,1954,-,-, 140378, 140,US Navy,Military,-,-,-,-,-,Camp Springs-Andrews AFB,ADW,KADW,United States of America,4,4,0,0,-,-,-
19610223-1,Thursday,23-FEB-1961,-,O1, Standing (STD),"São Paulo-Congonhas Airport, SP (CGH)",Brazil,-,0, Damaged beyond repair,-,Douglas C-47B-45-DK (DC-3),-,-,1945,-,-, PP-ANI, 34293/17028,REAL,-,-,-,-,-,-,-,-,-,-,-,-,0,0,-,-,-
19610228-0,Tuesday,28-FEB-1961,-,A1, Takeoff (TOF),"Mount Clemens-Selfridge Air National Guard Base, MI (MTC)",United States of America,5,5, Damaged beyond repair,-,Boeing KC-97 Stratotanker,-,-,-,-,-, registration unknown,-,USAF,Military,-,Mount Clemens-Selfridge Air National Guard Base,MTC,KMTC,United States of America,-,-,-,-,5,0,5,0,-,-,-
19610302-0,Thursday,02-MAR-1961,-,A1, Unknown (UNK),Mount Meru,Tanzania,-,1, Damaged beyond repair,-,Scottish Aviation Twin Pioneer CC.1,2,Alvis Leonides 514,1957,-,-, XL966, 514,RAF,Military,-,-,-,-,-,-,-,-,-,-,-,1,0,-,-,-
19610304-0,Saturday,04-MAR-1961,-,A1, Unknown (UNK),"near Belém, PA",Brazil,2,2, Damaged beyond repair,-,Douglas C-47A-70-DL (DC-3),2,Pratt & Whitney R-1830-92,1943,-,-, PT-BJC, 19214,private,Unknown,-,-,-,-,-,-,-,-,-,2,0,2,0,-,-,-
19610306-2,Monday,06-MAR-1961,13:37,A1, Approach (APR),"São Paulo-Congonhas Airport, SP (CGH)",Brazil,46,0, Destroyed, Written off (damaged beyond repair),Lockheed L-1049G Super Constellation,-,-,1954,-,-, EC-AIP, 4552,Iberia,International Scheduled Passenger,IB991,Madrid-Barajas Airport,MAD,LEMD,Spain,São Paulo-Congonhas Airport,CGH,SBSP,Brazil,10,36,0,0,-,-,-
19610309-0,Thursday,09-MAR-1961,-,A1, Maneuvering (MNV),"Lake George, FL",United States of America,8,8, Damaged beyond repair,-,Lockheed P2V-7S Neptune,-,-,-,-,-, 147970, 726-7220,US Navy,Military,-,-,-,-,-,-,-,-,-,8,0,8,0,-,-,-
19610309-1,Thursday,09-MAR-1961,-,A1, En route (ENR),Páramo Turmal,Venezuela,12,12, Damaged beyond repair,-,Douglas C-47A-85-DL (DC-3),2,Pratt & Whitney R-1830-92,1944,-,23352.0, YV-C-AZQ, 19986,LAV,Domestic Scheduled Passenger,-,San Antonio del Tachira Airport,SVZ,SVSA,Venezuela,Caracas-Maiquetía Airport,CCS,SVMI,Venezuela,4,8,4,8,-,-,-
19610310-0,Friday,10-MAR-1961,-,A1, En route (ENR),Assam,India,-,-, Damaged beyond repair,-,Douglas C-47 (DC-3),-,-,-,-,-, registration unknown,-,Indian AF,Military,-,-,-,-,-,-,-,-,-,-,-,-,-,-,-,-
19610314-0,Tuesday,14-MAR-1961,21:39,A1, Unknown (UNK),"Brasilia, DF",Brazil,5,0, Damaged beyond repair,-,Douglas C-47A-25-DK (DC-3),2,Pratt & Whitney R-1830-92,1944,-,-, 2066, 13636,Brazilian AF,Military,-,-,-,-,-,-,-,-,-,5,0,0,0,-,-,-
19610315-0,Wednesday,15-MAR-1961,-,A1, Approach (APR),"near Ponta Grossa-Sant'Ana Airport, PR (PGZ)",Brazil,3,3, Damaged beyond repair,-,Douglas C-53 (DC-3),-,-,1942,-,-, PP-YQS, 4914,Aeronorte,Unknown,-,-,-,-,-,Ponta Grossa-Sant'Ana Airport,PGZ,SSZW,Brazil,3,0,3,0,-,-,-
19610315-1,Wednesday,15-MAR-1961,-,A2, Landing (LDG),Montería-Los Garzones Airport (MTR),Colombia,16,0, Unknown,-,Douglas C-47 (DC-3),-,-,-,-,-, HK-159,-,Avianca,Domestic Scheduled Passenger,-,-,-,-,-,Montería-Los Garzones Airport,MTR,SKMR,Colombia,2,14,0,0,-,-,-
19610316-0,Thursday,16-MAR-1961,13:10,A1, En route (ENR),9 km (5.6 mls) W of Sverdlovsk-Koltsovo Airport (SVX),Russia,51,5, Damaged beyond repair,-,Tupolev Tu-104B,2,Mikulin AM-3M-500,1959,789.0,1600.0, CCCP-42438, 920805,Aeroflot / West Siberia,Domestic Scheduled Passenger, 068,Sverdlovsk-Koltsovo Airport,SVX,USSS,Russia,Leningrad-Pulkovo Airport,LED,ULLI,Russia,10,41,2,3,-,2,-
19610322-0,Wednesday,22-MAR-1961,-,A1, En route (ENR),12 km (7.5 mls) from  Nagpur,India,3,0, Damaged beyond repair,-,Douglas C-54A-15-DC (DC-4),-,-,1944,-,-, N5519V, 10347,Seven Seas Airlines,Cargo,-,Bombay-Santacruz Airport,BOM,VABB,India,Bangkok-Don Muang International Airport,BKK,VTBD,Thailand,3,0,0,0,-,-,-
19610322-1,Wednesday,22-MAR-1961,-,A1, En route (ENR),"16 km (10 mls) N of Marysville, CA",United States of America,6,6, Damaged beyond repair,-,Lockheed TC-121C Super Constellation,-,-,1953,-,-, 51-3842, 4118,USAF,Military,-,Sacramento-McClellan AFB,MCC,KMCC,United States of America,Sacramento-McClellan AFB,MCC,KMCC,United States of America,6,0,6,0,-,-,-
19610322-2,Wednesday,22-MAR-1961,-,U1, Unknown (UNK),Paksi,Bangladesh,-,-, Damaged beyond repair,-,Douglas C-47A-30-DL (DC-3),2,Pratt & Whitney R-1830-92,1943,-,-, AP-AAC, 9543,PIA,Unknown,-,-,-,-,-,-,-,-,-,-,-,-,-,-,-,-
19610323-0,Thursday,23-MAR-1961,-,C1, En route (ENR),"6,4 km (4 mls) NW Phon Savan",Laos,8,7, Damaged beyond repair,-,Douglas SC-47D (DC-3),-,-,1945,-,-, 44-76330, 32662/15914,USAF,Military,-,Vientiane-Wattay Airport,VTE,VLVT,Laos,Saigon-Tan Son Nhat International Airport,SGN,VVTS,Vietnam,8,0,7,0,-,-,-
19610325-0,Saturday,25-MAR-1961,-,A1, Approach (APR),"1,5 km (0.9 mls) from  Natal, RN",Brazil,28,23, Damaged beyond repair,-,Douglas C-47-DL (DC-3),2,Pratt & Whitney R-1830-92,1942,-,-, 2055, 4473,Brazilian AF,Military,-,-,-,-,-,Natal Airport,NAT,SBNT,Brazil,6,22,-,-,-,-,-
19610325-1,Saturday,25-MAR-1961,-,A1, Unknown (UNK),at an unknown location,Poland,-,-, Damaged beyond repair,-,Antonov An-2,-,-,-,-,-, 3, 111(473)08,Polish AF,Military,-,-,-,-,-,-,-,-,-,-,-,-,-,-,-,-
19610326-1,Sunday,26-MAR-1961,-,A1, Takeoff (TOF),Shannon Airport (SNN),Ireland,6,0, Damaged beyond repair,-,Douglas DC-6A,-,-,1958,-,-, G-APOM, 45519/1003,Cunard Eagle Airways,Training,-,Shannon Airport,SNN,EINN,Ireland,Shannon Airport,SNN,EINN,Ireland,6,0,0,0,-,-,-
19610328-0,Tuesday,28-MAR-1961,20:09,A1, En route (ENR),22 km (13.8 mls) NE of Nürnberg,Germany,52,52, Destroyed, Written off (damaged beyond repair),Ilyushin Il-18V,4,Ivchenko AI-20,1960,-,-, OK-OAD, 180002102,CSA,International Scheduled Passenger, 511,Praha-Ruzyne International Airport,PRG,LKPR,Czech Republic,Zürich-Kloten Airport,ZRH,LSZH,Switzerland,8,44,8,44,-,-,-
19610403-0,Monday,03-APR-1961,19:45,A1, En route (ENR),44 km (27.5 mls) ESE of Linares,Chile,24,24, Destroyed, Written off (damaged beyond repair),Douglas DC-3C,2,Pratt & Whitney R-1830-92,1943,-,18299.0, CC-CLDP, 9716,LAN Chile,Domestic Scheduled Passenger, 621,Temuco Airport,ZCO,SCTC,Chile,Santiago-Los Cerrillos Airport,ULC,SCTI,Chile,4,20,4,20,-,-,Final
19610404-0,Tuesday,04-APR-1961,-,A1, Takeoff (TOF),Saint Pierre Airport (FSP),St. Pierre and Miquelon,27,0, Damaged beyond repair,-,Douglas C-47-DL (DC-3),2,Pratt & Whitney R-1830-92,1942,-,-, CF-JNR, 4595,Eastern Provincial Airways,Non Scheduled Passenger,-,Saint Pierre Airport,FSP,LFVP,St. Pierre and Miquelon,-,-,-,-,2,25,0,0,-,-,-
19610405-0,Wednesday,05-APR-1961,-,A1, Landing (LDG),Blida Airport,Algeria,6,0, Damaged beyond repair,-,Douglas C-47A-85-DL (DC-3),2,Pratt & Whitney R-1830-92,1944,-,-, 315545/FSDZB, 20011,French AF,Military,-,-,-,-,-,-,-,-,-,-,-,0,0,-,-,-
19610406-0,Thursday,06-APR-1961,-,U1, Unknown (UNK),at an unknown location,Unknown country,-,-, Damaged beyond repair,-,CASA 352 (Junkers Ju-52),-,-,-,-,-, T.2B-155, 46,Spanish AF,Military,-,-,-,-,-,-,-,-,-,-,-,-,-,-,-,-
19610407-0,Friday,07-APR-1961,-,A1, Landing (LDG),Reggan Airport,Algeria,-,0, Damaged beyond repair,-,Breguet 761S,4,Pratt & Whitney R-2800-B31,-,-,-, 1/F-RAPA, 1,French AF,Military,-,Algiers-Maison Blanche Airport,ALG,DAAG,Algeria,-,-,-,-,-,-,0,0,-,-,-
19610408-0,Saturday,08-APR-1961,-,A1, Landing (LDG),Puerto Calderón,Colombia,29,0, Damaged beyond repair,-,Curtiss C-46A-35-CU Commando,2,Pratt & Whitney R-2800-51,1944,-,-, HK-489E, 26778,Texaco,Domestic Non Scheduled Passenger,-,-,-,-,-,-,-,-,-,2,27,0,0,-,-,-
19610408-1,Saturday,08-APR-1961,-,A1, Landing (LDG),Bereina Airport (BEA),Papua New Guinea,3,0, Damaged beyond repair,-,Douglas C-47B-35-DK (DC-3),2,Pratt & Whitney R-1830-90C,1945,-,-, VH-PAT, 33242/16494,Papuan Airlines,Cargo,-,Port Moresby-Jackson Field,POM,AYPY,Papua New Guinea,Kundiawa-Chimbu Airport,CMU,AYCH,Papua New Guinea,3,0,0,0,-,-,-
19610412-0,Wednesday,12-APR-1961,-,A1, Landing (LDG),"Bluefield-Mercer County Airport, WV (BLF)",United States of America,4,0, Damaged beyond repair,-,Douglas DC-3S,-,-,1936,-,-, N541S, 43192,US Steel,Executive,-,-,-,-,-,Bluefield-Mercer County Airport,BLF,KBLF,United States of America,3,1,0,0,-,-,-
19610412-1,Wednesday,12-APR-1961,-,A1, Initial climb (ICL),"near Saint Jean Airport, QC (YJN)",Canada,3,0, Damaged beyond repair,-,Douglas C-47A-1-DK (DC-3),2,Pratt & Whitney R-1830-92,1943,-,-, CF-GXE, 12159,Canadian DoT,"Aerial Work (Calibration, Photo)",-,Saint Jean Airport,YJN,CYJN,Canada,-,-,-,-,2,1,0,0,-,-,-
19610414-0,Friday,14-APR-1961,17:35,A1, Landing (LDG),"Moncton Airport, NB (YQM)",Canada,2,0, Damaged beyond repair,-,Douglas R4D-1 (DC-3),-,-,1942,-,-, CF-FKQ, 4301,Maritime Central Airways,Unknown,-,-,-,-,-,Moncton-Metropolitan Area Airport,YQM,CYQM,Canada,2,0,0,0,-,-,-
19610414-1,Friday,14-APR-1961,-,A1, Unknown (UNK),Avord Air Base,France,-,-, Damaged beyond repair,-,Douglas C-47B-5-DK (DC-3),-,-,1944,-,-, 348823/FRASE, 26084/14639,French AF,Military,-,-,-,-,-,-,-,-,-,-,-,-,-,-,-,-
19610415-0,Saturday,15-APR-1961,-,C1, Standing (STD),Santiago Airport (SCU),Cuba,0,0, Damaged beyond repair,-,Douglas DC-3A,-,-,1943,-,-, CU-T172, 11671,Cubana,-,-,-,-,-,-,-,-,-,-,0,0,0,0,-,-,-
19610415-1,Saturday,15-APR-1961,-,C1, Standing (STD),at an unknown location,Cuba,0,0, Damaged beyond repair,-,Douglas DC-3A-228C,2,Pratt & Whitney R-1830,1940,-,-, CU-T138, 2229,Cubana,-,-,-,-,-,-,-,-,-,-,0,0,0,0,-,-,-
19610418-0,Tuesday,18-APR-1961,-,A1, Takeoff (TOF),"Fallon NAS, NV (NFL)",United States of America,18,6, Damaged beyond repair,-,Douglas R4D-5 (DC-3),-,-,-,-,-, registration unknown,-,US Navy,Military,-,Fallon NAS,NFL,KNFL,United States of America,Alameda NAS,NGZ,KNGZ,United States of America,4,14,0,6,-,-,-
19610418-2,Tuesday,18-APR-1961,18:10,A1, En route (ENR),Mount Parker,Hong Kong,15,14, Destroyed, Written off (damaged beyond repair),Douglas C-47D (DC-3),-,-,1944,-,-, 43-49014, 26275/14830,USAF,Military,-,Hong Kong-Kai Tak International Airport,HKG,VHHH,Hong Kong,-,-,-,-,-,-,-,-,-,-,-
19610421-0,Friday,21-APR-1961,-,A1, Maneuvering (MNV),"near Mustang, OK",United States of America,4,4, Damaged beyond repair,-,Douglas C-47A-90-DL (DC-3),2,Pratt & Whitney R-1830-92,1944,-,-, N200, 20400,FAA,Training,-,-,-,-,-,-,-,-,-,4,0,4,0,-,-,-
19610424-0,Monday,24-APR-1961,-,A1, Unknown (UNK),unknown,Unknown country,-,-, Damaged beyond repair,-,Douglas C-47A-75-DL (DC-3),-,-,1944,-,-, 42-101000, 19463,USAF,Military,-,-,-,-,-,-,-,-,-,-,-,-,-,-,-,-
19610425-0,Tuesday,25-APR-1961,-,A2, Landing (LDG),Tokyo-Haneda Airport (HND),Japan,120,0, Substantial, Repaired,Douglas DC-8-32,-,-,1960,-,-, JA8003, 45420/93,JAL,International Scheduled Passenger,-,San Francisco International Airport,SFO,KSFO,United States of America,Tokyo-Haneda Airport,HND,RJTT,Japan,11,109,0,0,-,-,-
19610427-0,Thursday,27-APR-1961,-,A1, Initial climb (ICL),near Bangui Airport (BGF),Central African Republic,4,0, Damaged beyond repair,-,Curtiss C-46F-1-CU Commando,-,-,1945,-,-, F-BESN, 22377,Air Cameroun,Cargo,-,Bangui Airport,BGF,FEFF,Central African Republic,-,-,-,-,3,1,0,0,-,-,-
19610501-0,Monday,01-MAY-1961,-,A1, En route (ENR),Rhimkhim,India,-,-, Damaged beyond repair,-,Douglas C-47 (DC-3),-,-,-,-,-, registration unknown,-,Indian AF,Military,-,-,-,-,-,-,-,-,-,-,-,-,-,-,-,-
19610501-1,Monday,01-MAY-1961,-,H2, En route (ENR),San Antonio Airport,Cuba,11,0, None,-,Convair CV-440,-,-,-,-,-, registration unknown,-,National Airlines,Domestic Scheduled Passenger, 337,Marathon-Florida Keys Airport,MTH,KMTH,United States of America,Key West International Airport,EYW,KEYW,United States of America,3,8,0,0,-,-,-
19610506-0,Saturday,06-MAY-1961,-,A1, Approach (APR),near Al Qamishli Airport (KAC),Syria,7,0, Damaged beyond repair,-,Douglas C-47B-5-DK (DC-3),2,Pratt & Whitney R-1830-90C,1944,-,-, SU-ALP, 26107/14662,UAA,Domestic Scheduled Passenger,-,Aleppo-Nejrab Airport,ALP,OSAP,Syria,Al Qamishli Airport,KAC,OSKL,Syria,5,2,0,0,-,-,-
19610507-0,Sunday,07-MAY-1961,-,A1, En route (ENR),at an unknown location,India,4,4, Damaged beyond repair,-,Douglas C-47 (DC-3),-,-,-,-,-, registration unknown,-,Indian AF,Military,-,Hyderabad Airport,HDD,OPKD,Pakistan,Bombay-Santacruz Airport,BOM,VABB,India,4,0,4,0,-,-,-
19610510-0,Wednesday,10-MAY-1961,02:30,C1, En route (ENR),100 km (62.5 mls) N of Edjele,Algeria,78,78, Destroyed, Written off (damaged beyond repair),Lockheed L-1649A Starliner,-,-,1957,-,-, F-BHBM, 1027,Air France,International Scheduled Passenger,AF406,Fort Lamy Airport,NDJ,FTTJ,Chad,Marseille-Marignane Airport,MRS,LFML,France,9,69,9,69,-,-,-
19610512-0,Friday,12-MAY-1961,-,A1, Unknown (UNK),Upper Heyford RAF Station,United Kingdom,-,-, Damaged beyond repair,-,Douglas C-54E-5-DO (DC-4),-,-,1945,-,-, 44-9054, 27280,USAF,Military,-,-,-,-,-,-,-,-,-,-,-,-,-,-,-,-
19610512-1,Friday,12-MAY-1961,12:25,A1, En route (ENR),Cerro Arenal,Costa Rica,2,2, Destroyed, Written off (damaged beyond repair),Douglas R4D-4 (DC-3),-,-,1942,-,30385.0, TI-1006C, 4960,LACSA,Cargo,-,-,-,-,-,Upala Airport,UPL,MRPP,Costa Rica,2,0,2,0,-,-,-
19610519-0,Friday,19-MAY-1961,-,A1, Initial climb (ICL),near Wiesbaden Air Base (WIE),Germany,2,2, Damaged beyond repair,-,Douglas SC-47A,-,-,1944,-,-, 43-15277, 19743,USAF,Military,-,Wiesbaden-Erbenheim (Y-80) Air Base,WIE,ETOU,Germany,-,-,-,-,2,0,2,0,-,-,-
19610520-0,Saturday,20-MAY-1961,-,A1, Taxi (TXI),Gan/Seenu Airport (GAN),Maldives,-,0, Damaged beyond repair,-,Avro Shackleton MR.1A,4,Rolls-Royce Griffon 57,1951,-,-, WB818,-,RAF,Military,-,-,-,-,-,-,-,-,-,-,-,0,0,-,-,-
19610520-1,Saturday,20-MAY-1961,-,A1, Unknown (UNK),"off St. Augustine Beach, FL",United States of America,-,1, Damaged beyond repair,-,Lockheed P2V Neptune,-,-,-,-,-, registration unknown,-,US Navy,Military,-,-,-,-,-,-,-,-,-,-,-,-,-,-,-,-
19610522-0,Monday,22-MAY-1961,04:48,A1, En route (ENR),Saigon-Tan-Son-Nhat Airport (SGN),Vietnam,28,0, Damaged beyond repair,-,Boeing S.307 Stratoliner,-,-,1939,-,-, F-BHHR, 1995,Aigle Azur Extrême Orient,Domestic Non Scheduled Passenger,-,Saigon-Tan Son Nhat International Airport,SGN,VVTS,Vietnam,Vientiane-Wattay Airport,VTE,VLVT,Laos,4,24,0,0,-,-,-
19610524-0,Wednesday,24-MAY-1961,-,A1, Takeoff (TOF),Azaiba Airfield,Oman,-,0, Damaged beyond repair,-,Avro 685 York C.1,4,Rolls-Royce Merlin,1945,-,-, OD-ACO, 1222,TMA,Unknown,-,-,-,-,-,-,-,-,-,-,-,0,0,-,-,-
19610524-1,Wednesday,24-MAY-1961,04:35,A1, Approach (APR),"Bulwer Island, QLD",Australia,2,2, Damaged beyond repair,-,Douglas DC-4-1009,4,Pratt & Whitney R-2000-D5,1946,-,46006.0, VH-TAA, 43065,TAA,Cargo,1902,Sydney-Kingsford Smith International Airport,SYD,YSSY,Australia,-,-,-,-,2,0,2,0,-,-,-
19610524-2,Wednesday,24-MAY-1961,02:33,A1, Initial climb (ICL),"S of Tacoma-McChord AFB, WA (TCM)",United States of America,22,18, Damaged beyond repair,-,Douglas C-124A-DL Globemaster II,4,Pratt & Whitney R-4360-20WA,-,-,-, 51-0174, 43508,USAF,Military,-,Tacoma-McChord AFB,TCM,KTCM,United States of America,Lawton Municipal Airport,LAW,KLAW,United States of America,6,16,6,12,-,-,-
19610527-0,Saturday,27-MAY-1961,-,A1, Landing (LDG),Ramstein Air Force Base (RMS,Germany,-,0, Damaged beyond repair,-,Lockheed C-130B Hercules,4,Allison T56-A-7,1960,-,-, 59-1534, 3570,USAF,Military,-,-,-,-,-,Ramstein AFB,RMS,ETAR,Germany,-,-,0,0,-,-,-
19610529-0,Monday,29-MAY-1961,14:30,A1, Unknown (UNK),"2,4 km (1.5 mls) S of Singapore-Seletar RAF Station",Singapore,13,13, Damaged beyond repair,-,Handley Page Hastings C.2,-,-,1951,-,-, WD497, HP67/125,RAF,Military,-,-,-,-,-,-,-,-,-,5,8,5,8,-,-,-
19610530-0,Tuesday,30-MAY-1961,01:20,A1, En route (ENR),3 km (1.9 mls) WNW off  Fonte da Telha,Portugal,61,61, Destroyed, Written off (damaged beyond repair),Douglas DC-8-53,4,Pratt & Whitney JT3D-1,1961,82.0,209.0, PH-DCL, 45615/131,KLM,International Scheduled Passenger, 897,Lisboa-Portela de Sacavém Airport,LIS,LPPT,Portugal,Santa Maria-Vila do Porto Airport,SMA,LPAZ,Portugal,14,47,14,47,-,-,Final
19610530-1,Tuesday,30-MAY-1961,-,A1, Takeoff (TOF),"Guelph, ON",Canada,-,0, Damaged beyond repair,-,de Havilland Canada DHC-3 Otter,-,-,1960,-,-, 9401, 356,RCAF,Military,-,-,-,-,-,-,-,-,-,-,-,0,0,-,-,-
19610610-0,Saturday,10-JUN-1961,-,A1, En route (ENR),"off Tachikawa AB, Japan",Pacific Ocean,8,8, Damaged beyond repair,-,Douglas C-133A-35-DL Cargomaster,-,-,1959,-,-, 57-1614, 45511,USAF,Military,-,-,-,-,-,-,-,-,-,8,0,8,0,-,-,-
19610611-0,Sunday,11-JUN-1961,-,A2, En route (ENR),over Atlantic Ocean,Atlantic Ocean,81,0, Substantial, Repaired,Douglas DC-7C,-,-,1958,-,9318.0, PH-DSN, 45546/1031,KLM,Int'l Non Scheduled Passenger,-,Windsor Locks-Bradley International Airport,BDL,KBDL,United States of America,Glasgow-Prestwick Airport,PIK,EGPK,United Kingdom,8,73,0,0,-,-,Final
19610612-1,Monday,12-JUN-1961,04:11,A1, Approach (APR),4 km (2.5 mls) SE of Cairo International Airport (CAI),Egypt,36,20, Destroyed, Written off (damaged beyond repair),Lockheed L-188C Electra,-,-,1960,-,-, PH-LLM, 2019,KLM,International Scheduled Passenger,KL823,Roma-Fiumicino Airport,FCO,LIRF,Italy,Cairo International Airport,CAI,HECA,Egypt,7,29,3,17,-,-,Final
19610612-2,Monday,12-JUN-1961,-,A1, Landing (LDG),Osaka-Itami Airport (ITM),Japan,49,0, Damaged beyond repair,-,Vickers 744 Viscount,-,-,1955,-,-, G-APKJ,  88,All Nippon,Scheduled Passenger,-,-,-,-,-,Osaka-Itami Airport,ITM,RJOO,Japan,5,44,0,0,-,-,-
19610613-0,Tuesday,13-JUN-1961,18:33,A1, Initial climb (ICL),"1,5 km (0.9 mls) W of Douala Airport (DLA)",Cameroon,5,5, Damaged beyond repair,-,Douglas DC-4,-,-,1944,-,-, TJ-ABC, 7473,Air Cameroun,Training,-,Douala Airport,DLA,FKKD,Cameroon,Douala Airport,DLA,FKKD,Cameroon,4,1,4,1,-,-,Final
19610615-0,Thursday,15-JUN-1961,-,A1, Unknown (UNK),Lago Penuelas,Chile,6,6, Damaged beyond repair,-,Consolidated PBY-5A Catalina,-,-,-,-,-, 560,-,Chilean AF,Military,-,Quintero Air Base,QTR,SCUO,Chile,-,-,-,-,6,0,6,0,-,-,-
19610617-1,Saturday,17-JUN-1961,22:23,A1, Approach (APR),4 km (2.5 mls) WSW of Kano International Airport (KAN),Nigeria,7,1, Damaged beyond repair,-,Douglas C-54B-1-DC (DC-4),-,-,1945,-,32850.0, D-ABEB, 10530,Continentale Deutsche Luftreederei,Int'l Non Scheduled Passenger,-,Tripoli International Airport,TIP,HLLT,Libya,Kano International Airport,KAN,DNKN,Nigeria,5,2,0,1,-,-,-
19610619-0,Monday,19-JUN-1961,-,A1, Landing (LDG),"Rio de Janeiro, RJ",Brazil,-,0, Damaged beyond repair,-,Lockheed L-1649A Starliner,-,-,1957,-,-, LV-GLH, 1006,Trans Atlantica Argentina,Scheduled Passenger,-,-,-,-,-,-,-,-,-,-,-,0,0,-,-,-
19610619-1,Monday,19-JUN-1961,-,C1, Standing (STD),Bizerte,Tunisia,-,-, Damaged beyond repair,-,Nord 2501 Noratlas,2,Bristol Hercules 739,-,-,-, 67, 67,French AF,Military,-,-,-,-,-,-,-,-,-,-,-,-,-,-,-,-
19610620-0,Tuesday,20-JUN-1961,-,A1, Unknown (UNK),near Teheran,Iran,9,9, Damaged beyond repair,-,Douglas C-47 (DC-3),-,-,-,-,-, registration unknown,-,Iran AF,Military,-,-,-,-,-,-,-,-,-,-,-,-,-,-,-,-
19610620-1,Tuesday,20-JUN-1961,-,O1, Standing (STD),"Oakland International Airport, CA (OAK)",United States of America,-,-, Damaged beyond repair,-,Lockheed L-749A Constellation,-,-,1950,-,-, N5595A, 2620,IAS,Unknown,-,-,-,-,-,-,-,-,-,-,-,-,-,-,-,-
19610620-2,Tuesday,20-JUN-1961,-,U1, Standing (STD),"Oakland International Airport, CA (OAK)",United States of America,-,-, Damaged beyond repair,-,Douglas DC-7,-,-,1954,-,-, N312A, 44133/423,ONA,Unknown,-,-,-,-,-,-,-,-,-,-,-,-,-,-,-,-
19610622-0,Thursday,22-JUN-1961,-,A1, En route (ENR),"near Bogoroditsk, Tula region",Russia,97,0, Damaged beyond repair,-,Ilyushin Il-18B,-,-,1959,-,-, CCCP-75672, 189000901,Aeroflot / Moscow,Domestic Scheduled Passenger,-,Moskva-Vnukovo Airport,VKO,UUWW,Russia,Adler/Sochi Airport,AER,URSS,Russia,8,89,0,0,-,-,-
