identifiant,week_day,date,time,type_event,phase,location,country,total_occupants,total_fatalities,aircraft_damage,aircraft_fate,type_aircraft,number_engines,type_engines,first_flight,cycles,total_airframe_hours,registration,c_n_msn,operator,nature,flight_number,departure_airport_name,departure_airport_IATA,departure_airport_ICAO,departure_airport_country,destination_airport_name,destination_airport_IATA,destination_airport_ICAO,destination_airport_country,crew_number,passengers_number,crew_fatalities,passengers_fatalities,collision_casualties,ground_casualties,status
20000621-0,Wednesday,21-JUN-2000,18:10,A1, Landing (LDG),Astrakhan-Privolzhskiy Air Base,Russia,232,0, Destroyed, Written off (damaged beyond repair),Ilyushin Il-76MD,4,Soloviev D-30KP,1986,-,-, RA-76723, 0073475245,Russian AF,Military,-,-,-,-,-,-,-,-,-,11,221,0,0,-,-,-
20000622-0,Thursday,22-JUN-2000,14:51,A1, Approach (APR),ca 25 km from Wuhan,China,42,42, Damaged beyond repair,-,Xian Yunshuji Y-7-100C,2,Harbin WJ-5A-1,1988,11800.0,13900.0, B-3479, 06708,Wuhan Airlines,Domestic Scheduled Passenger, 343,Enshi Airport,ENH,ZHES,China,Wuhan Tianhe International Airport,WUH,ZHHH,China,4,38,4,38,-,7,Preliminary - official
20000623-1,Friday,23-JUN-2000,11:41,A1, En route (ENR),"4,5 km (2.8 mls) SW of Boca Raton, FL",United States of America,3,3, Destroyed, Written off (damaged beyond repair),Learjet 55,2,Garrett TFE731-3AR-2B,1982,-,8557.0, N220JC, 55-050,Universal Jet Aviation,Ferry/positioning,-,Boca Raton Public Airport,BCT,KBCT,United States of America,Fort Pierce-Saint Lucie County Airport,FPR,KFPR,United States of America,2,1,2,1,1,-,Final
20000626-0,Monday,26-JUN-2000,-,A1, Landing (LDG),Khartoum-Civil Airport (KRT),Sudan,-,0, Substantial, Written off (damaged beyond repair),Boeing 737-2R4C,2,Pratt & Whitney JT8D-17A,1984,-,-, 7O-ACQ, 23129/1034,Yemenia Airways,Cargo,-,-,-,-,-,Khartoum-Civil Airport,KRT,HSSS,Sudan,-,-,0,0,-,-,Preliminary
20000627-0,Tuesday,27-JUN-2000,-,A1, En route (ENR),off Shimano,Japan,5,5, Damaged beyond repair,-,Kawasaki C-1A,-,-,-,-,-, 88-1027, 8027,JASDF,Military,-,Yonago-Miho Air Base,YGJ,RJOH,Japan,Yonago-Miho Air Base,YGJ,RJOH,Japan,-,-,-,-,-,-,-
20000630-0,Friday,30-JUN-2000,14:15,A2, Landing (LDG),"near Yellowknife Water Aerodrome, NT",Canada,4,0, Substantial, Repaired,de Havilland Canada DHC-6 Twin Otter 300,2,Pratt & Whitney Canada PT6A-27,1969,-,-, C-FWAH, 240,private,Domestic Non Scheduled Passenger,-,-,-,-,-,-,-,-,-,1,3,0,0,-,-,Preliminary - official
20000701-0,Saturday,01-JUL-2000,06:08,A2, Landing (LDG),Coventry-Baginton Airport (CVT),United Kingdom,2,0, Substantial, Repaired,Fokker F-27 Friendship 500,2,Rolls-Royce Dart 532-7,1971,-,-, G-JEAP, 10459,Channel Express,Cargo,-,Jersey-States Airport,JER,EGJJ,United Kingdom,Coventry-Baginton Airport,CVT,EGBE,United Kingdom,2,0,0,0,-,-,Final
20000702-0,Sunday,02-JUL-2000,-,A1, En route (ENR),off Cagayancillo,Philippines,12,11, Damaged beyond repair,-,GAF Nomad N.22C,-,-,1979,-,-, N286,  86,Philippine AF,Military,-,-,-,-,-,Puerto Princesa Airport,PPS,RPVP,Philippines,-,-,-,-,-,-,Preliminary
20000702-1,Sunday,02-JUL-2000,11:42,A2, Taxi (TXI),"Orlando International Airport, FL (MCO)",United States of America,128,0, Substantial, Repaired,Boeing 737-49R,2,CFMI CFM56-3C1,1996,-,8427.0, N460PR, 28881/2833,Pro Air,Domestic Scheduled Passenger,212,Atlanta-William B. Hartsfield International Airport,ATL,KATL,United States of America,Orlando International Airport,MCO,KMCO,United States of America,6,122,0,0,-,-,Final
20000704-0,Tuesday,04-JUL-2000,15:57,A1, Landing (LDG),Thessaloniki International Airport (SKG),Greece,94,0, Substantial, Written off (damaged beyond repair),Tupolev Tu-154B-2,3,Kuznetsov NK-8-2U,1982,13583.0,22409.0, HA-LCR, 82A543,Malev,International Scheduled Passenger, 262,Budapest-Ferihegy Airport,BUD,LHBP,Hungary,Thessaloniki International Airport,SKG,LGTS,Greece,8,86,0,0,-,-,Final
20000705-0,Wednesday,05-JUL-2000,-,H2, En route (ENR),Amman-Queen Alia International Airport (AMM),Jordan,96,1, Minor, Repaired,Airbus A320,-,-,-,-,-, registration unknown,-,Royal Jordanian,International Scheduled Passenger, 435,Amman-Queen Alia International Airport,AMM,OJAI,Jordan,Damascus International Airport,DAM,OSDI,Syria,12,84,-,-,-,-,-
20000708-0,Saturday,08-JUL-2000,19:50,A1, En route (ENR),near Chulum Juarez,Mexico,19,19, Destroyed, Written off (damaged beyond repair),British Aerospace 3201 Jetstream 32EP,2,Garrett TPE331-12UAR-704H,1990,10300.0,8700.0, N912FJ, 912,Aerocaribe,Domestic Scheduled Passenger,7831,Tuxtla Gutiérrez Airport,TGZ,MMTG,Mexico,Villahermosa-Capitan Carlos Perez Airport,VSA,MMVA,Mexico,2,17,2,17,-,-,Preliminary
20000709-0,Sunday,09-JUL-2000,08:25,A1, Initial climb (ICL),3 km (1.9 mls) E of Villavicencio-La Vanguardia Airport (VVC),Colombia,19,10, Destroyed, Written off (damaged beyond repair),Curtiss C-46A-60-CS Commando,2,Pratt & Whitney R-2800-51,1945,-,38837.0, HK-851P, 2926/383,private,Domestic Non Scheduled Passenger,-,Villavicencio-La Vanguardia Airport,VVC,SKVV,Colombia,Mitú Airport,MVP,SKMU,Colombia,2,17,2,8,-,-,Final
20000712-0,Wednesday,12-JUL-2000,13:34,A1, Landing (LDG),Wien-Schwechat International Airport (VIE),Austria,151,0, Damaged beyond repair,-,Airbus A310-304,2,General Electric CF6-80C2A2,1989,13789.0,41307.0, D-AHLB, 528,Hapag-Lloyd,Int'l Non Scheduled Passenger,3378,Chania-Soúda Airport,CHQ,LGSA,Greece,Hannover Airport,HAJ,EDDV,Germany,8,143,0,0,-,-,Final
20000712-1,Wednesday,12-JUL-2000,-,A1, Takeoff (TOF),Nairobi-Wilson Airport (WIL),Kenya,-,-, Damaged beyond repair,-,Cessna 208 Caravan I,1,Pratt & Whitney Canada PT6A-114,1991,-,-, 5Y-JAO, 20800202,Skylink Kenya,Unknown,-,Nairobi-Wilson Airport,WIL,HKNW,Kenya,-,-,-,-,-,-,-,-,-,-,Preliminary
20000715-0,Saturday,15-JUL-2000,-,A1, Maneuvering (MNV),"near Pelion Mountain, Magnisias",Greece,2,2, Destroyed, Written off (damaged beyond repair),Canadair CL-215-1A10,2,Pratt & Whitney R-2800-83AM,1977,-,-, 1048, 1048,Hellenic AF,Military,-,Volos-Néa Anchialos Airport,VOL,LGBL,Greece,Volos-Néa Anchialos Airport,VOL,LGBL,Greece,2,0,2,0,-,-,-
20000717-0,Monday,17-JUL-2000,07:34,A1, Approach (APR),2 km (1.3 mls) SW of Patna Airport (PAT),India,58,55, Damaged beyond repair,-,Boeing 737-2A8 Advanced,2,Pratt & Whitney JT8D-17A,1980,51278.0,44087.0, VT-EGD, 22280/671,Alliance Air,Domestic Scheduled Passenger,7412,Calcutta-Netaji Subhas Chandra Airport,CCU,VECC,India,Patna Airport,PAT,VEPT,India,6,52,6,49,-,5,Final
20000717-1,Monday,17-JUL-2000,-,H2, Unknown (UNK),London-Gatwick Airport (LGW),United Kingdom,101,0, None,-,British Aerospace BAe-146,-,-,-,-,-, registration unknown,-,CityFlyer Express,International Scheduled Passenger,8106,Zürich-Kloten Airport,ZRH,LSZH,Switzerland,London-Gatwick Airport,LGW,EGKK,United Kingdom,6,95,0,0,-,-,-
20000718-0,Tuesday,18-JUL-2000,22:42,A1, Landing (LDG),Ahwaz Airport (AWZ),Iran,88,0, Damaged beyond repair,-,Fokker F-28 Fellowship 4000,2,Rolls-Royce Spey 555-15H,1981,-,-, EP-PAU, 11166,Iran Aseman Airlines,Domestic Scheduled Passenger, 775,Tehran-Mehrabad Airport,THR,OIII,Iran,Ahwaz Airport,AWZ,OIAW,Iran,4,84,0,0,-,-,Preliminary - official
20000718-1,Tuesday,18-JUL-2000,-,A1, En route (ENR),200 km (125 mls) N of Chisinau,Moldova,2,0, Damaged beyond repair,-,Antonov An-2,-,-,-,-,-, registration unknown,-,Unknown,Illegal Flight,-,-,-,-,-,-,-,-,-,2,0,0,0,-,-,-
20000719-0,Wednesday,19-JUL-2000,00:31,A1, En route (ENR),"22 km (13.8 mls) N of Linneus, ME",United States of America,2,2, Destroyed, Written off (damaged beyond repair),Grumman G-159 Gulfstream I,2,Rolls-Royce Dart 529-8X,1965,15452.0,22050.0, C-GNAK, 154,Airwave,Cargo,9807,Moncton-Metropolitan Area Airport,YQM,CYQM,Canada,Montreal-Dorval International Airport,YUL,CYUL,Canada,2,0,2,0,-,-,Final
20000720-0,Thursday,20-JUL-2000,13:12,A1, Initial climb (ICL),"3,5 km (2.2 mls) E of Nassau International Airport (NAS)",Bahamas,2,2, Damaged beyond repair,-,Douglas C-47A-10-DK (DC-3),2,Pratt & Whitney R-1830,1944,-,-, N54AA, 12475,Allied Air Freight,Cargo,-,Nassau International Airport,NAS,MYNN,Bahamas,Freeport-Grand Bahama International Airport,FPO,MYGF,Bahamas,2,0,2,0,-,-,Preliminary
20000725-0,Tuesday,25-JUL-2000,16:44,A1, En route (ENR),Gonesse,France,109,109, Destroyed, Written off (damaged beyond repair),Aérospatiale / BAC Concorde 101,4,Rolls-Royce Olympus 593/610,1975,4873.0,11989.0, F-BTSC, 203,Air France,Int'l Non Scheduled Passenger,AF4590,Paris-Charles de Gaulle Airport,CDG,LFPG,France,New York-John F. Kennedy International Airport,JFK,KJFK,United States of America,9,100,9,100,-,4,Final
20000726-0,Wednesday,26-JUL-2000,06:00,A1, Unknown (UNK),near Mafraq-King Hussein Airport (OMF),Jordan,13,13, Damaged beyond repair,-,Lockheed C-130H Hercules,-,-,1965,-,-, 348, 4073,Jordanian AF,Military,-,Mafraq-King Hussein Airport,OMF,OJMF,Jordan,-,-,-,-,-,-,-,-,-,-,-
20000727-0,Thursday,27-JUL-2000,10:35,A1, En route (ENR),Jarayakhali Hill,Nepal,25,25, Damaged beyond repair,-,de Havilland Canada DHC-6 Twin Otter 300,2,Pratt & Whitney Canada PT6A-27,1979,-,-, 9N-ABP, 654,Royal Nepal Airlines,Domestic Scheduled Passenger,-,Bajhang Airport,BJH,VNBG,Nepal,Dhangadhi Airport,DHI,VNDH,Nepal,3,22,3,22,-,-,Preliminary
20000727-1,Thursday,27-JUL-2000,-,H2, Standing (STD),"New York-John F. Kennedy International Airport, NY (JFK)",United States of America,150,0, None,-,Boeing 757-200,-,-,-,-,-, registration unknown,-,National Airlines,Domestic Scheduled Passenger, 019,New York-John F. Kennedy International Airport,JFK,KJFK,United States of America,Las Vegas-McCarran International Airport,LAS,KLAS,United States of America,7,143,0,0,-,-,-
20000728-0,Friday,28-JUL-2000,00:58,A1, Landing (LDG),"Montreal-Dorval International Airport, QC (YUL)",Canada,2,0, Damaged beyond repair,-,Grumman G-159 Gulfstream I,2,Rolls-Royce Dart 529-8X,1968,-,-, C-GPTG, 189,Airwave,Cargo,9806,Toronto-Pearson International Airport,YYZ,CYYZ,Canada,Montreal-Dorval International Airport,YUL,CYUL,Canada,2,0,0,0,-,-,Preliminary - official
20000729-0,Saturday,29-JUL-2000,13:32,A1, En route (ENR),20 km (12.5 mls) from  Kulu-Bhuntar Airport (KUU),India,5,5, Damaged beyond repair,-,Beechcraft B200C Super King Air,-,-,1983,-,-, VT-EIE, BL-63,Aerial Services,Ambulance,-,Delhi-Indira Gandhi International Airport,DEL,VIDP,India,Kulu-Bhuntar Airport,KUU,VIBR,India,2,3,2,3,-,-,Final
20000731-0,Monday,31-JUL-2000,00:34,A1, Approach (APR),"3 km (1.9 mls) SSW of Raleigh/Durham Airport, NC (RDU)",United States of America,3,1, Destroyed, Written off (damaged beyond repair),de Havilland Canada DHC-6 Twin Otter 200,2,Pratt & Whitney Canada PT6A-27,1968,-,28711.0, N201RH, 163,Win Win Aviation,Ferry/positioning,-,-,-,-,-,Louisburg-Franklin County Airport,LFN,KLHZ,United States of America,1,2,1,0,-,-,Final
20000731-1,Monday,31-JUL-2000,-,H2, Standing (STD),Hong Kong-Chek Lap Kok International Airport (HKG),Hong Kong,2,0, None,-,Airbus,-,-,-,-,-, registration unknown,-,Cathay Pacific,International Scheduled Passenger,-,Hong Kong-Chek Lap Kok International Airport,HKG,VHHH,Hong Kong,Paris-Charles de Gaulle Airport,CDG,LFPG,France,-,-,0,0,-,-,-
20000802-0,Wednesday,02-AUG-2000,17:00,A1, Initial climb (ICL),"Stevens/Nicklin Lakes, MB",Canada,3,0, Destroyed, Written off (damaged beyond repair),de Havilland Canada DHC-3 Otter,1,Pratt & Whitney R-1340,1960,-,-, C-FMAJ, 383,Jackson Air Service,Cargo,-,-,-,-,-,-,-,-,-,1,2,0,0,-,-,Preliminary - official
20000802-3,Wednesday,02-AUG-2000,-,A1, En route (ENR),within North-Yenisey,Russia,5,0, Damaged beyond repair,-,Antonov An-2R,-,-,1985,-,-, RA-32718, 1G212-23,Yeniseisky Meridian,Survey/research,-,-,-,-,-,-,-,-,-,3,2,0,0,-,-,-
20000806-0,Sunday,06-AUG-2000,-,A1, En route (ENR),Michimahuida Volcano,Chile,14,14, Damaged beyond repair,-,CASA C-212-AB10 Aviocar 300,2,Honeywell TPE331-10R-513C,1996,-,-, 230, 454,Chilean Army,Military,-,-,-,-,-,-,-,-,-,4,10,4,10,-,-,Preliminary
20000808-0,Tuesday,08-AUG-2000,15:44,A1, En route (ENR),"Greensboro, NC",United States of America,63,0, Substantial, Written off (damaged beyond repair),McDonnell Douglas DC-9-32,2,Pratt & Whitney JT8D-9A (HK3),1970,-,-, N838AT, 47442/524,AirTran Airways,Domestic Scheduled Passenger, 913,Greensboro/High Point-Piedmont Triad International Airport,GSO,KGSO,United States of America,Atlanta-William B. Hartsfield International Airport,ATL,KATL,United States of America,5,58,0,0,-,-,Final
20000812-0,Saturday,12-AUG-2000,-,A1, En route (ENR),64 km (40 mls) NW of Tshikapa,Democratic Republic of the Congo,27,27, Damaged beyond repair,-,Antonov An-26B,2,Ivchenko AI-24VT,-,-,-, 9Q-CJI, 6004,STAER Airlines,Passenger,-,-,-,-,-,Tshikapa Airport,TSH,FZUK,Democratic Republic of the Congo,6,21,6,21,-,-,Preliminary
20000812-1,Saturday,12-AUG-2000,11:15,A1, Landing (LDG),Spanish Cay Airport,Bahamas,3,0, Damaged beyond repair,-,Beechcraft 200 Super King Air,-,-,1995,-,-, N3199A, BB-1499,Great Texas Foods,Private,-,Fort Lauderdale-Executive Airport,FXE,KFXE,United States of America,-,-,-,-,1,2,0,0,-,-,Preliminary - official
20000814-0,Monday,14-AUG-2000,23:57,A1, Initial climb (ICL),"Teslin Lake, BC",Canada,2,2, Damaged beyond repair,-,Cessna 208 Caravan I,1,Pratt & Whitney Canada PT6A-114A,1986,-,-, C-GMPB, 20800082,RCMP,Ferry/positioning,-,Teslin Airport,YZW,CYZW,Canada,Dease Lake Airport,YDL,CYDL,Canada,1,1,1,1,-,-,Final
20000814-1,Monday,14-AUG-2000,18:22,A1, En route (ENR),"5,6 km (3.5 mls) NE of Ironwood-Gogebic County Airport, MI (IWD)",United States of America,4,2, Destroyed, Written off (damaged beyond repair),Rockwell Sabreliner 75A,2,General Electric CF700,1975,-,7185.0, N85DW, 380-27,Colonels,Executive,-,Brainerd-Crow Wing County Airport,BRD,KBRD,United States of America,Flint-Bishop Airport,FNT,KFNT,United States of America,2,2,2,0,-,-,Final
20000814-2,Monday,14-AUG-2000,-,A1, Landing (LDG),Beograd Airport (BEG),Serbia,-,0, Damaged beyond repair,-,Antonov An-26,-,-,1976,-,-, 71385, 3807,Air Force of Serbia and Montenegro,Military,-,-,-,-,-,Beograd Airport,BEG,LYBE,Serbia,-,-,0,0,-,-,-
20000815-1,Tuesday,15-AUG-2000,-,A1, Landing (LDG),Kisangani Airport (FKI),Democratic Republic of the Congo,7,0, Damaged beyond repair,-,Antonov An-12BP,4,Ivchenko AI-20M,1970,-,-, LZ-ITC, 00346909,Inter Trans Air,Cargo,-,-,-,-,-,Kisangani-Bangoka International Airport,FKI,FZIC,Democratic Republic of the Congo,7,0,0,0,-,-,Preliminary
20000818-0,Friday,18-AUG-2000,-,H2, En route (ENR),Baku-Bina International Airport (BAK),Azerbaijan,164,0, None,-,Tupolev Tu-154,-,-,-,-,-, registration unknown,-,Azerbaijan Airlines,Domestic Scheduled Passenger, 254,Nakhichevan Airport,NAJ,UBBN,Azerbaijan,Baku-Bina International Airport,BAK,UBBB,Azerbaijan,-,-,0,0,-,-,-
20000818-1,Friday,18-AUG-2000,-,H2, En route (ENR),"near Porecatu, PR",Brazil,72,0, None,-,Boeing 737-2A1,2,Pratt & Whitney JT8D-17,1973,-,-, PP-SMG, 20777/324,VASP,Domestic Scheduled Passenger,280,Foz do Iguaçu/Cataratas Airport,IGU,SBFI,Brazil,Curitiba-Afonso Pena International Airport,CWB,SBCT,Brazil,6,66,0,0,-,-,-
20000823-0,Wednesday,23-AUG-2000,19:30,A1, Approach (APR),2 km (1.3 mls) N off  Bahrain International Airport (BAH),Bahrain,143,143, Destroyed, Written off (damaged beyond repair),Airbus A320-212,2,CFMI CFM56-5A3,1994,13990.0,17370.0, A4O-EK, 481,Gulf Air,International Scheduled Passenger,GF072,Cairo International Airport,CAI,HECA,Egypt,Bahrain International Airport,BAH,OBBI,Bahrain,8,135,8,135,-,-,Final
20000824-0,Thursday,24-AUG-2000,-,A1, En route (ENR),near Freetown-Lungi International Airport (FNA),Sierra Leone,2,0, Substantial, Written off (damaged beyond repair),Let L-410UVP,-,-,1985,-,-, 9L-LBN, 851334,West Coast Airways,Ferry/positioning,-,Freetown-Lungi International Airport,FNA,GFLL,Sierra Leone,Freetown-Hastings Airport,HGS,GFHA,Sierra Leone,2,0,0,0,-,-,-
20000826-0,Saturday,26-AUG-2000,12:10,A1, En route (ENR),Arenal Volcano,Costa Rica,10,10, Destroyed, Written off (damaged beyond repair),Cessna 208B Grand Caravan,1,Pratt & Whitney Canada PT6A-114A,1998,-,792.0, HP-1357APP, 208B0709,AeroPerlas,Domestic Scheduled Passenger,1644,Fortuna Airport,FON,MRAN,Costa Rica,Tamarindo Airport,TNO,MRTM,Costa Rica,2,8,2,8,-,-,Final
20000826-1,Saturday,26-AUG-2000,-,A1, Approach (APR),16 km (10 mls) NNW of Ensenada Airport (ESE),Mexico,3,3, Damaged beyond repair,-,Beechcraft 300 Super King Air,-,-,1986,-,-, XC-AA72, FA-87 ?,Mexican Government,Executive,-,-,-,-,-,Ensenada Airport,ESE,MMES,Mexico,3,0,3,0,-,-,-
20000902-0,Saturday,02-SEP-2000,-,A1, En route (ENR),"near Pueblo Rico, Risaralda",Colombia,7,7, Damaged beyond repair,-,Douglas AC-47/Basler 67,-,-,1945,-,-, FAC-1659, 32984/16236,Colombian AF,Military,-,Apiay Airport,API,SKAP,Colombia,Pereira-Matecaña Airport,PEI,SKPE,Colombia,7,0,7,0,-,-,Preliminary
20000904-0,Monday,04-SEP-2000,15:10,A1, En route (ENR),"65 km (40.6 mls) ESE of Burketown, QLD",Australia,8,8, Destroyed, Written off (damaged beyond repair),Beechcraft 200 Super King Air,2,Pratt & Whitney Canada PT6A-41,1975,-,18771.0, VH-SKC, BB-47,Central Air,Domestic Non Scheduled Passenger,-,Perth Airport,PER,YPPH,Australia,Leonora Airport,LNO,YLEO,Australia,1,7,1,7,-,-,Final
20000906-0,Wednesday,06-SEP-2000,-,A2, Landing (LDG),Rio Sidra Airport (RSI),Panama,21,0, Substantial, Repaired,de Havilland Canada DHC-6 Twin Otter 300,2,Pratt & Whitney Canada PT6A-27,1975,-,-, HP-1276APP, 445,AeroPerlas,Domestic Scheduled Passenger,-,Panama City Albrook-Marcos A. Gelabert International Airport,BLB,MPLB,Panama,-,-,-,-,2,19,0,0,-,-,Preliminary
20000906-1,Wednesday,06-SEP-2000,08:03,A1, Maneuvering (MNV),15 km (9.4 mls) NW Aubenas,France,4,2, Damaged beyond repair,-,Lockheed C-130A Hercules,4,Allison T56-A-9D,1957,-,-, N116TG, 3086,T & G Aviation,Fire fighting,-,Marseille-Provence Airport,MRS,LFML,France,Marseille-Provence Airport,MRS,LFML,France,4,0,2,0,-,-,Preliminary
20000908-4,Friday,08-SEP-2000,-,H2, En route (ENR),San Vicente del Caguan-Eduardo Falla Solano Airport (SVI),Colombia,25,0, None,-,de Havilland Canada DHC-8-301,2,Pratt & Whitney Canada PW123,-,-,-, registration unknown,-,AIRES Colombia,Domestic Scheduled Passenger,8092,Neiva-Benito Salas Airport,NVA,SKNV,Colombia,Florencia-Gustavo Artunduaga Paredes Airport,FLA,SKFL,Colombia,3,22,0,0,-,-,-
20000909-0,Saturday,09-SEP-2000,17:51,A1, Landing (LDG),San Pablo-Coaselsa Airstrip,Ecuador,3,1, Damaged beyond repair,-,Dornier Do 128-2 Skyservant,2,Lycoming IGSO-540-A1E,-,-,6234.0, HC-BRT, 4342,Renta Corporación,Private,-,Manta Airport,MEC,SEMT,Ecuador,-,-,-,-,2,1,1,0,-,-,Final
20000913-0,Wednesday,13-SEP-2000,16:13,A2, Takeoff (TOF),"Toronto-Pearson International Airport, ON (YYZ)",Canada,-,0, Minor, Repaired,Airbus A320-232,2,IAE V2527-A5,1994,-,21157.0, C-GTDC, 496,Skyservice Airlines,Domestic Non Scheduled Passenger,5G960,Toronto-Pearson International Airport,YYZ,CYYZ,Canada,Edmonton International Airport,YEG,CYEG,Canada,-,-,0,0,-,-,Final
20000914-0,Thursday,14-SEP-2000,-,H2, En route (ENR),Hail Airport (HAS),Saudi Arabia,142,0, None,-,Airbus A300B4-622R,2,Pratt & Whitney PW4158,-,-,-, registration unknown,-,Qatar Airways,International Scheduled Passenger, 404,Doha International Airport,DOH,OTBD,Qatar,Amman-Queen Alia International Airport,AMM,OJAI,Jordan,11,131,0,0,-,-,-
20000916-0,Saturday,16-SEP-2000,-,H1, Standing (STD),Mbambanakira Airport (MBU),Solomon Islands,1,0, Damaged beyond repair,-,Britten-Norman BN-2A-8 Islander,2,Lycoming O-540-E4C5,1969,-,-, H4-AAH, 75,Solomon Airlines,Unknown,-,-,-,-,-,Mbambanakira Airport,MBU,AGGI,Solomon Islands,1,0,0,0,-,-,-
20000919-0,Tuesday,19-SEP-2000,-,A2, Landing (LDG),Ho Chi Minh City Airport (SGN),Vietnam,-,0, Substantial, Repaired,Boeing 767-324ER,2,General Electric CF6-80C2B7F,1995,-,-, S7-RGV, 27392/568,Vietnam Airlines,International Scheduled Passenger,-,-,-,-,-,Ho Chi Minh City-Tan Son Nhat International Airport,SGN,VVTS,Vietnam,-,-,0,0,-,-,Preliminary
20000919-1,Tuesday,19-SEP-2000,-,A1, En route (ENR),96 km (60 mls) W off  Cuba,Atlantic Ocean,10,1, Damaged beyond repair,-,Antonov An-2,-,-,-,-,-, registration unknown,-,Unknown,Illegal Flight,-,-,-,-,-,-,-,-,-,1,9,0,1,-,-,-
20000921-0,Thursday,21-SEP-2000,20:50,A1, Landing (LDG),Niamey Airport (NIM),Niger,10,0, Damaged beyond repair,-,Boeing 707-312B,4,Pratt & Whitney JT3D-3B (HK2),1968,-,-, 5V-TAG, 19739/765,Togo Government,Official state flight,-,Valencia Airport,VLC,LEVC,Spain,Lome Airport,LFW,DXXX,Togo,8,2,0,0,-,-,Preliminary
20000922-0,Friday,22-SEP-2000,-,A1, Standing (STD),"Philadelphia, PA",United States of America,3,0, Damaged beyond repair,-,Boeing 767-2B7ER,2,General Electric CF6-80C2B2,1991,-,-, N654US, 25225/375,US Airways,-,-,-,-,-,-,-,-,-,-,3,0,0,0,-,-,Final
20000922-1,Friday,22-SEP-2000,02:20,A2, Landing (LDG),"Missoula-Johnson-Bell Field, MT (MSO)",United States of America,2,0, Substantial, Repaired,Beechcraft B99 Airliner,-,-,-,-,36485.0, N99TH, U-155,Alpine Aviation,Cargo,-,Billings-Logan Field,BIL,KBIL,United States of America,Missoula-Johnson-Bell Field,MSO,KMSO,United States of America,1,1,0,0,-,-,Final
20000923-0,Saturday,23-SEP-2000,19:50,A2, Approach (APR),"3,2 km (2 mls) NW of Greenville, ME",United States of America,1,0, Substantial, Repaired,Cessna 208B Super Cargomaster,1,Pratt & Whitney Canada PT6A-114A,1997,-,2671.0, N590TA, 208B0590,Telford Aviation,Cargo,-,Bangor International Airport,BGR,KBGR,United States of America,-,-,-,-,1,0,0,0,-,-,Final
20000924-0,Sunday,24-SEP-2000,-,H2, En route (ENR),Isfahan Airport (IFN),Iran,-,0, Unknown,-,Fokker 100,2,Rolls-Royce Tay 620-15,-,-,-, registration unknown,-,Iran Air,Domestic Scheduled Passenger,-,Shiraz Airport,SYZ,OISS,Iran,Tehran-Mehrabad Airport,THR,OIII,Iran,-,-,0,0,-,-,-
20000926-0,Tuesday,26-SEP-2000,06:35,A1, Landing (LDG),"Charlotte-Douglas International Airport, NC (CLT)",United States of America,2,0, Substantial, Written off (damaged beyond repair),Douglas C-47B (DC-3),2,Pratt & Whitney R-1830-92,1945,-,17425.0, N12907, 27187/15742,Saber Cargo Airlines,Ferry/positioning,-,Anderson Airport,AND,KAND,United States of America,Charlotte-Douglas International Airport,CLT,KCLT,United States of America,2,0,0,0,-,-,Final
20000927-0,Wednesday,27-SEP-2000,15:38,A1, Landing (LDG),"La Grande-LG-4 airstrip, QC",Canada,22,0, Damaged beyond repair,-,Convair CV-580,2,Allison 501-D13,1953,-,78438.0, C-GFHH, 109,Hydro-Quebec,Domestic Non Scheduled Passenger, 180,-,-,-,-,-,-,-,-,4,18,0,0,-,-,Final
20000927-1,Wednesday,27-SEP-2000,-,H2, En route (ENR),Jinan Airport (TNA),China,143,1, Unknown,-,Boeing 737,-,-,-,-,-, registration unknown,-,China Xinhua Airlines,Domestic Scheduled Passenger, 126,Baotou Airport,BAV,ZBOW,China,Beijing-Capital Airport,PEK,ZBAA,China,-,-,0,1,-,-,-
20000928-0,Thursday,28-SEP-2000,-,H2, En route (ENR),Amman-Queen Alia International Airport (AMM),Jordan,199,0, None,-,Airbus A310,-,-,-,-,-, registration unknown,-,Royal Jordanian,International Scheduled Passenger,-,San'a International Airport,SAH,ODSN,Yemen,Amman-Queen Alia International Airport,AMM,OJAI,Jordan,-,-,0,0,-,-,-
20001003-0,Tuesday,03-OCT-2000,-,A1, Landing (LDG),Petrel-Burevestnik Airport (BVV),Russia,-,-, Damaged beyond repair,-,Antonov An-12BK,-,-,-,-,-, registration unknown, 8346005,Russian AF,Military,-,-,-,-,-,Petrel-Burevestnik Airport,BVV,UHSB,Russia,-,-,-,-,-,-,-
20001006-0,Friday,06-OCT-2000,16:55,A1, Landing (LDG),Reynosa-Gen Lucio Blanco Airport (REX),Mexico,88,0, Damaged beyond repair,-,McDonnell Douglas DC-9-31,2,Pratt & Whitney JT8D-17,1970,-,74277.0, N936ML, 47501/571,Aeroméxico,Domestic Scheduled Passenger, 250,Mexico City-Benito Juárez International Airport,MEX,MMMX,Mexico,Reynosa-Gen. Lucio Blanco Airport,REX,MMRX,Mexico,5,83,0,0,-,4,Preliminary
20001006-1,Friday,06-OCT-2000,-,A1, Landing (LDG),Luzamba Airport (LZM),Angola,10,0, Damaged beyond repair,-,Antonov An-72,2,Lotarev D-36,1990,-,-, TL-ACW, 36572090796,Centrafrican Airlines,Cargo,-,-,-,-,-,Luzamba Airport,LZM,FNLZ,Angola,6,4,0,0,-,-,Preliminary
20001008-0,Sunday,08-OCT-2000,15:20,A1, Approach (APR),"5,5 km (3.4 mls) NE of Port Radium, NT",Canada,3,3, Damaged beyond repair,-,Shorts SC.7 Skyvan 3-100,2,Garrett TPE331-2-201A,1977,-,-, C-FSDZ, SH.1953,Summit Air Charters,Cargo,-,Kugluktuk Airport,YCO,CYCO,Canada,Yellowknife Airport,YZF,CYZF,Canada,2,1,2,1,-,-,Final
20001009-0,Monday,09-OCT-2000,09:51,A1, En route (ENR),"Lummi Island, WA",United States of America,1,1, Substantial, Written off (damaged beyond repair),Cessna 208B Super Cargomaster,1,Pratt & Whitney Canada PT6A-114,1989,-,3526.0, N941FE, 208B0192,FedEx,Cargo, 665,Bellingham Airport,BLI,KBLI,United States of America,Eastsound-Orcas Island Airport,ESD,KORS,United States of America,1,0,1,0,-,-,Final
20001010-0,Tuesday,10-OCT-2000,14:52,A1, Takeoff (TOF),"Wichita-Mid-Continent Airport, KS (ICT)",United States of America,3,2, Destroyed, Written off (damaged beyond repair),Canadair CL-600-2B16 Challenger 604,2,General Electric CF34-3B,1994,-,1226.0, C-FTBZ, 5991 ,Bombardier,Test,-,Wichita-Mid-Continent Airport,ICT,KICT,United States of America,Wichita-Mid-Continent Airport,ICT,KICT,United States of America,3,0,2,0,-,-,Final
20001011-0,Wednesday,11-OCT-2000,-,O1, Standing (STD),Bogotá-Eldorado Airport (BOG),Colombia,-,0, Damaged beyond repair,-,ATR 42-512,2,Pratt & Whitney Canada PW127E,1996,-,-, VP-BOF, 505,ACES,Unknown,-,-,-,-,-,-,-,-,-,-,-,0,0,-,-,Preliminary
20001013-0,Friday,13-OCT-2000,-,H2, En route (ENR),Malaga,Spain,158,0, None,-,Airbus A330-223,-,-,-,-,-, registration unknown,-,Sabena,International Scheduled Passenger,SN689,Brussel-Zaventem Airport,BRU,EBBR,Belgium,Abidjan-Felix Houphouet Boigny Airport,ABJ,DIAP,Cote d'Ivoire,11,147,0,0,-,-,-
20001014-0,Saturday,14-OCT-2000,-,H2, En route (ENR),Baghdad,Iraq,107,0, None,-,Boeing 777-268,2,General Electric GE90-92B,1998,-,-, HZ-AKH, 28351/124,Saudi Arabian,International Scheduled Passenger, 115,Jeddah-King Abdulaziz International Airport,JED,OEJN,Saudi Arabia,London-Heathrow Airport,LHR,EGLL,United Kingdom,16,91,0,0,-,-,-
20001016-0,Monday,16-OCT-2000,20:36,O1, Standing (STD),"Red Deer Airport, AB (YQF)",Canada,0,0, Damaged beyond repair,-,Lockheed L-188A Electra,4,Allison 501-D13,1959,-,-, C-FQYB, 1063,Air Spray,-,-,-,-,-,-,-,-,-,-,0,0,0,0,-,-,Preliminary - official
20001016-1,Monday,16-OCT-2000,07:00,A1, Takeoff (TOF),Toulouse-Blagnac Airport (TLS),France,8,0, Damaged beyond repair,-,Aérospatiale SN.601 Corvette,2,Pratt & Whitney Canada JT15D-4,1974,-,-, F-BUQN, 3,EADS,Executive,-,Toulouse-Blagnac Airport,TLS,LFBO,France,-,-,-,-,2,6,0,0,-,-,Preliminary - official
20001019-0,Thursday,19-OCT-2000,12:12,A1, Approach (APR),12 km (7.5 mls) from  Sam Neua,Laos,17,8, Damaged beyond repair,-,Harbin Yunshuji Y-12 II,2,Pratt & Whitney Canada PT6A-27,1994,-,-, RDPL-34130, 0086,Lao Aviation,Domestic Scheduled Passenger, 703,Vientiane-Wattay Airport,VTE,VLVT,Laos,Sam Neua Airport,NEU,VLSN,Laos,2,15,0,8,-,-,Preliminary
20001019-1,Thursday,19-OCT-2000,15:38,A1, Takeoff (TOF),"Concord-Buchanan Field, CA (CCR)",United States of America,1,0, Damaged beyond repair,-,Beechcraft 300 Super King Air,2,Pratt & Whitney Canada PT6A-60A,1986,-,3801.0, N398DE, FA-109,AeroSmith Aviation,Ferry/positioning,-,Concord-Buchanan Field,CCR,KCCR,United States of America,San Jose Municipal Airport,SJC,KSJC,United States of America,1,0,0,0,-,-,Final
20001019-2,Thursday,19-OCT-2000,16:25,A2, Landing (LDG),Singapore-Seletar Airport (XSP),Singapore,5,0, Substantial,-,Beechcraft 300 Super King Air 350,-,-,1990,-,2218.0, RP-C1587, FL-20,PHILAM,Test,-,Singapore-Seletar Airport,XSP,WSSL,Singapore,Singapore-Seletar Airport,XSP,WSSL,Singapore,2,3,0,0,-,-,Final
20001024-0,Tuesday,24-OCT-2000,17:16,A1, Approach (APR),near Blumberg,Germany,4,4, Destroyed, Written off (damaged beyond repair),Beechcraft 300 Super King Air,2,Pratt & Whitney Canada PT6A-60A,1986,-,-, D-CFMC, FA-104,German Flight Inspection Int.,Survey/research,-,Donaueschingen-Villingen Airport,ZQL,EDTD,Germany,Donaueschingen-Villingen Airport,ZQL,EDTD,Germany,2,2,2,2,-,-,Final
20001025-0,Wednesday,25-OCT-2000,18:15,A1, Approach (APR),18 km (11.3 mls) E of Batumi-Chorokh Airport (BUS),Georgia,84,84, Destroyed, Written off (damaged beyond repair),Ilyushin Il-18D,4,Ivchenko AI-20M,1968,7694.0,15256.0, RA-74295, 187010602,Russian AF,Military,-,Chkalovsky Airport,CKL,UUMU,Russia,Batumi-Chorokh Airport,BUS,UGSB,Georgia,11,73,11,73,-,-,Preliminary
20001026-0,Thursday,26-OCT-2000,-,A1, En route (ENR),"Jedo Village, near Warri",Nigeria,6,0, Damaged beyond repair,-,Dornier Do 128-6 Turbo Skyservant,2,Pratt & Whitney Canada PT6A-110,1981,-,-, NAF-018, 6001,Nigerian AF,Military,-,-,-,-,-,-,-,-,-,-,-,0,0,-,-,-
20001031-0,Tuesday,31-OCT-2000,23:18,A1, Takeoff (TOF),Taipei-Chiang Kai Shek Airport (TPE),Taiwan,179,83, Destroyed, Written off (damaged beyond repair),Boeing 747-412,4,Pratt & Whitney PW4056,1997,2274.0,18459.0, 9V-SPK, 28023/1099,Singapore Airlines,International Scheduled Passenger,SQ006,Taipei-Chiang Kai Shek International Airport,TPE,RCTP,Taiwan,Los Angeles International Airport,LAX,KLAX,United States of America,20,159,4,79,-,-,Final
20001031-1,Tuesday,31-OCT-2000,-,A1, En route (ENR),near Mona Quimbundo,Angola,49,49, Damaged beyond repair,-,Antonov An-26,-,-,1982,-,-, D2-FDI, 12009?,ACA-Ancargo Air,Domestic Non Scheduled Passenger,-,Saurimo Airport,VHC,FNSA,Angola,Luanda-4 de Fevereiro Airport,LAD,FNLU,Angola,5,44,5,44,-,-,Preliminary
20001101-0,Wednesday,01-NOV-2000,15:10,A1, Initial climb (ICL),"Vancouver-Coal Harbour, BC",Canada,17,0, Damaged beyond repair,-,de Havilland Canada DHC-6 Twin Otter 100,2,Pratt & Whitney Canada PT6A-20,1967,-,-, C-GGAW,  86,West Coast Air,Domestic Scheduled Passenger, 151,Vancouver-Coal Harbour SPB,CXH,CYHC,Canada,-,-,-,-,2,15,0,0,-,-,Final
20001103-0,Friday,03-NOV-2000,-,O1, Standing (STD),Roma-Ciampino Airport (CIA),Italy,0,0, Damaged beyond repair,-,Cessna 650 Citation III,-,-,-,-,-, I-CIST, 650-0085,Locazione Finanziare,-,-,-,-,-,-,-,-,-,-,0,0,0,0,-,-,-
20001105-0,Sunday,05-NOV-2000,20:57,A1, Landing (LDG),Paris-Charles de Gaulle Airport (CDG),France,203,0, Damaged beyond repair,-,Boeing 747-2H7B (SCD),4,Pratt & Whitney JT9D-7Q,1981,12872.0,48770.0, TJ-CAB, 22378/508,Cameroon Airlines,International Scheduled Passenger, 070,Douala Airport,DLA,FKKD,Cameroon,Paris-Charles de Gaulle Airport,CDG,LFPG,France,16,187,0,0,-,-,Final
20001105-1,Sunday,05-NOV-2000,-,A1, Takeoff (TOF),Cheboksary Airport (CSY),Russia,-,0, Damaged beyond repair,-,Antonov An-24RV,-,-,1972,-,-, RA-46499, 27308302,Cheboksary Aviation Enterprise,Unknown,-,Cheboksary Airport,CSY,UWKS,Russia,-,-,-,-,-,-,0,0,-,-,-
20001107-0,Tuesday,07-NOV-2000,-,A1, Takeoff (TOF),Luabo Airport,Democratic Republic of the Congo,11,2, Damaged beyond repair,-,Antonov An-32B,2,Ivchenko AI-20,1993,-,-, ER-AFA, 3406,Renan,Domestic Non Scheduled Passenger,-,-,-,-,-,-,-,-,-,6,5,1,1,-,-,Preliminary - official
20001109-0,Thursday,09-NOV-2000,01:23,A1, En route (ENR),"Fort Wayne Municipal Airport/Baer Field, IN (FWA)",United States of America,1,1, Destroyed, Written off (damaged beyond repair),Swearingen SA226-TC Metro II,2,Garrett TPE331-10UE-511G,1978,-,20885.0, N731AC, TC-255,Superior Aviation,Cargo,-,Fort Wayne Municipal Airport/Baer Field,FWA,KFWA,United States of America,Milwaukee-General Mitchell Airport,MKE,KMKE,United States of America,1,0,1,0,-,-,Final
20001109-1,Thursday,09-NOV-2000,-,A1, Landing (LDG),Chilanga,El Salvador,-,0, Damaged beyond repair,-,Basler BT-67 Turbo 67 (DC-3T),2,Pratt & Whitney Canada PT6A-67R,1943,-,-, FAES119, 6204,Salvadorian AF,Military,-,-,-,-,-,-,-,-,-,-,-,0,0,-,-,-
20001111-0,Saturday,11-NOV-2000,-,H2, En route (ENR),Uvda Air Force Base,Israel,59,0, Unknown,-,Tupolev Tu-154,-,-,-,-,-, registration unknown,-,Vnukovo Airlines,Domestic Scheduled Passenger,V5838,Makhachkala Airport,MCX,URML,Russia,-,-,-,-,10,49,0,0,-,-,-
20001113-0,Monday,13-NOV-2000,18:13,A1, Landing (LDG),Conakry Airport (CKY),Guinea,50,0, Damaged beyond repair,-,McDonnell Douglas DC-9-51,2,Pratt & Whitney JT8D-17,1975,64300.0,45600.0, 9G-ADY, 47679/797,Ghana Airways,International Scheduled Passenger, 510,Abidjan-Felix Houphouet Boigny Airport,ABJ,DIAP,Cote d'Ivoire,Conakry Airport,CKY,DGCY,Guinea,8,42,0,0,-,-,Preliminary
20001113-1,Monday,13-NOV-2000,-,H2, En route (ENR),Bandar Abbas,Iran,46,0, None,-,Yakovlev Yak-40K,3,Ivchenko AI-25,1977,-,-, EP-EAM, 9731355,Aria Air Tour,Domestic Scheduled Passenger,1492,Ahwaz Airport,AWZ,OIAW,Iran,Bandar Abbas Airport,BND,OIKB,Iran,7,39,0,0,-,-,-
20001115-0,Wednesday,15-NOV-2000,13:03,A1, En route (ENR),5 km (3.1 mls) E of Luanda-4 de Fevereiro Airport (LAD),Angola,57,57, Destroyed, Written off (damaged beyond repair),Antonov An-24RV,-,-,1972,-,-, D2-FCG, 27308104,ASA Pesada,Domestic Non Scheduled Passenger,-,Luanda-4 de Fevereiro Airport,LAD,FNLU,Angola,Namibe Airport,MSZ,FNMO,Angola,5,52,5,52,-,-,Preliminary
20001118-0,Saturday,18-NOV-2000,10:53,A1, Initial climb (ICL),2 km (1.3 mls) N of Datah Dawai Airport (DTD),Indonesia,18,0, Damaged beyond repair,-,Pilatus Britten-Norman BN-2B Islander,2,Lycoming O-540-K1B5,1981,20374.0,21336.0, PK-VIY, 2133,Dirgantara Air Services,Domestic Scheduled Passenger,3130,Datadawai Airport,DTD,WALJ,Indonesia,Samarinda Airport,SRI,WALS,Indonesia,1,17,0,0,-,-,Final
20001125-0,Saturday,25-NOV-2000,06:04,A1, Approach (APR),"1,5 km (0.9 mls) NE of Córdoba",Spain,2,1, Damaged beyond repair,-,Aérospatiale SN.601 Corvette,2,Pratt & Whitney Canada JT15D-4,1976,-,5743.0, EC-DQG, 27,Mayoral Executive Jet,Ferry/positioning, 611,Málaga Airport,AGP,LEMG,Spain,Cordoba Airport,ODB,LEBA,Spain,2,0,1,0,-,-,Final
20001128-0,Tuesday,28-NOV-2000,06:25,A1, Landing (LDG),Trujillo Airport (TRU),Peru,2,0, Damaged beyond repair,-,Swearingen SA227-AC Metro III,2,Garrett TPE331-11U-611G,1981,-,-, N3107P, AC-496,Aero Condor,Cargo,-,Lima-Callao International Airport,LIM,SPIM,Peru,Trujillo Airport,TRU,SPRU,Peru,2,0,0,0,-,-,Preliminary - official
20001129-0,Wednesday,29-NOV-2000,15:50,A1, En route (ENR),"Atlanta-William B. Hartsfield International Airport, GA (ATL)",United States of America,97,0, Substantial, Written off (damaged beyond repair),McDonnell Douglas DC-9-32,2,Pratt & Whitney JT8D-7B (HK3),1969,88367.0,78255.0, N826AT, 47359/495,AirTran Airways,Domestic Scheduled Passenger, 956,Atlanta-William B. Hartsfield International Airport,ATL,KATL,United States of America,Akron/Canton Regional Airport,CAK,KCAK,United States of America,5,92,0,0,-,-,Final
20001130-0,Thursday,30-NOV-2000,12:36,A2, Landing (LDG),Shannon Airport (SNN),Ireland,208,0, Substantial, Repaired,Boeing 737-86N,2,CFMI CFM56-7B27,2000,-,-, EC-HMK, 28624/585,Futura,International Scheduled Passenger,1331,Lanzarote Airport,ACE,GCRR,Spain,Shannon Airport,SNN,EINN,Ireland,6,202,0,0,-,-,Final
20001201-0,Friday,01-DEC-2000,-,H2, En route (ENR),at an unknown location,Democratic Republic of the Congo,17,1, Minor,-,Antonov An-24,-,-,-,-,-, registration unknown,-,Unknown,Unknown,-,Goma Airport,GOM,FZNA,Democratic Republic of the Congo,Kindu Airport,KND,FZOA,Democratic Republic of the Congo,-,-,0,1,-,-,-
20001204-0,Monday,04-DEC-2000,-,C2, Approach (APR),near Bujumbura International Airport (BJM),Burundi,170,0, Minor, Repaired,Airbus A330-223,-,-,-,-,-, registration unknown,-,Sabena,International Scheduled Passenger,-,Brussel-Zaventem Airport,BRU,EBBR,Belgium,Bujumbura International Airport,BJM,HBBA,Burundi,12,158,0,0,-,-,-
20001205-0,Tuesday,05-DEC-2000,-,A1, Approach (APR),3 km (1.9 mls) from  Tres Esquinas Air Base (TQS),Colombia,12,0, Damaged beyond repair,-,CASA C-212 Aviocar 300,2,Honeywell TPE331-10R-513C,1991,-,-, FAC-1251, 450,SATENA,Military,-,-,-,-,-,Tres Esquinas Air Base,TQS,SKTQ,Colombia,3,9,0,0,-,-,-
20001206-0,Wednesday,06-DEC-2000,20:38,A2, Landing (LDG),"Charleston-Yeager Airport, WV (CRW)",United States of America,19,0, Substantial, Repaired,Embraer EMB-120RT Brasilia,-,-,1992,-,-, N504AS, 120278,ASA,Domestic Scheduled Passenger,EV71,Atlanta-William B. Hartsfield International Airport,ATL,KATL,United States of America,Charleston-Yeager Airport,CRW,KCRW,United States of America,3,16,0,0,-,-,Final
20001211-0,Monday,11-DEC-2000,-,A1, Unknown (UNK),within Gabon,Gabon,3,3, Missing, Presumed damaged beyond repair,Embraer EMB-110P1K Bandeirante,2,Pratt & Whitney Canada PT6A-34,1980,-,-, TR-KN., 110,Gabonese AF,Military,-,Libreville Airport,LBV,FOOL,Gabon,Tchibanga Airport,TCH,FOOT,Gabon,2,1,2,1,-,-,Preliminary
20001216-0,Saturday,16-DEC-2000,06:20,A1, Landing (LDG),Mokhotlong Airport (MKH),Lesotho,13,0, Damaged beyond repair,-,CASA C-212-M Aviocar 300,2,Honeywell TPE331-10R-513C,1989,-,-, LDF-48, 390,Lesotho AF,Military,-,Maseru-Moshoeshoe International Airport,MSU,FXMM,Lesotho,Mokhotlong Airport,MKH,FXMK,Lesotho,3,10,0,0,-,-,Preliminary
20001217-0,Sunday,17-DEC-2000,-,H2, Standing (STD),Dubai Airport (DXB),United Arab Emirates,-,0, None,-,Boeing 747,-,-,-,-,-, registration unknown,-,PIA,International Scheduled Passenger,PK787,Dubai Airport,DXB,OMDB,United Arab Emirates,London-Heathrow Airport,LHR,EGLL,United Kingdom,-,-,0,0,-,-,-
20001220-0,Wednesday,20-DEC-2000,16:20,A1, En route (ENR),"69 km (43.1 mls) SW of Kenai, AK",United States of America,2,2, Destroyed, Written off (damaged beyond repair),Curtiss C-46A-45-CU Commando,2,Pratt & Whitney R-2800,1944,-,10907.0, N1419Z, 30228,Everts Air Fuel,Cargo,-,Nondalton Airport,NNL,PANO,United States of America,Kenai Airport,ENA,PAEN,United States of America,2,0,2,0,-,-,Final
20001220-1,Wednesday,20-DEC-2000,01:26,A1, Landing (LDG),"Jackson Hole Airport, WY (JAC)",United States of America,4,0, Damaged beyond repair,-,British Aerospace BAe-125-700A,2,Garrett TFE731-3R-1H,1979,-,8348.0, N236BN, 257051/NA0236,Million Air Dallas,Domestic Non Scheduled Passenger,-,Austin-Bergstrom International Airport,AUS,KAUS,United States of America,Jackson Hole Airport,JAC,KJAC,United States of America,2,2,0,0,-,-,Final
20001222-0,Friday,22-DEC-2000,17:16,A1, Approach (APR),"13 km (8.1 mls) S of Rangeley Municipal Airport, ME",United States of America,2,2, Damaged beyond repair,-,Beechcraft B200 Super King Air,2,Pratt & Whitney Canada PT6A-42,1982,-,8845.0, N30EM, BB-958,Mountain Air Service,Private,-,Portland Airport,PWM,KPWM,United States of America,-,-,-,-,1,1,1,1,-,-,Final
20001223-0,Saturday,23-DEC-2000,23:55,A2, Landing (LDG),Papeete-Faaa Airport (PPT),French Polynesia,154,0, Substantial, Repaired,McDonnell Douglas DC-10-10,3,General Electric CF6-6K,1979,-,64841.0, N132AA, 47827/294,American Airlines,International Scheduled Passenger, 481,Honolulu International Airport,HNL,PHNL,United States of America,Papeete-Faaa Airport,PPT,NTAA,French Polynesia,15,139,0,0,-,-,Final
20001223-1,Saturday,23-DEC-2000,13:51,A1, Takeoff (TOF),"1,8 km (1.1 mls) NE of Blackbushe Airport (BBS)",United Kingdom,5,5, Damaged beyond repair,-,Beechcraft 200 Super King Air,2,Pratt & Whitney Canada PT6A-42,1995,-,-, VP-BBK, BB-1519,Videovision Broadcast,Domestic Non Scheduled Passenger,-,Blackbushe Airport,BBS,EGLK,United Kingdom,Palma de Mallorca Airport,PMI,LEPA,Spain,1,4,1,4,-,-,Final
20001229-0,Friday,29-DEC-2000,22:34,A1, Landing (LDG),"Charlottesville-Albemarle Airport, VA (CHO)",United States of America,18,0, Substantial, Written off (damaged beyond repair),British Aerospace 4101 Jetstream 41,2,Garrett TPE331-14HR-801H,1995,-,14456.0, N323UE, 41059,United Express,Domestic Scheduled Passenger, 331,Washington-Dulles International Airport,IAD,KIAD,United States of America,Charlottesville-Albemarle Airport,CHO,KCHO,United States of America,3,15,0,0,-,-,Final
20001229-1,Friday,29-DEC-2000,-,H2, En route (ENR),Nairobi-Jomo Kenyatta International Airport (NBO),Kenya,398,0, None,-,Boeing 747-436,4,Rolls-Royce RB211-524G,1990,-,-, G-BNLM, 24055/795,British Airways,International Scheduled Passenger,BA2069,London-Heathrow Airport,LHR,EGLL,United Kingdom,Nairobi-Jomo Kenyatta International Airport,NBO,HKJK,Kenya,19,379,0,0,-,-,-
20009999-0,-,xx-xxx-2000,-,O1, Standing (STD),Malabo-Santa Isabel Airport (SSG),Equatorial Guinea,-,0, Damaged beyond repair,-,Yakovlev Yak-40,3,Ivchenko AI-25,1973,-,-, RA-87847, 9331630,NovgorodAvia,Unknown,-,-,-,-,-,-,-,-,-,-,-,0,0,-,-,Preliminary
20000103-0,Monday,03-JAN-2000,-,U1, Unknown (UNK),unknown location,Unknown country,-,-, Damaged beyond repair,-,Beechcraft 200 Super King Air,-,-,1978,-,-, A2-AEZ, BB-421,Kalahari Air Services & Charter,Unknown,-,-,-,-,-,-,-,-,-,-,-,-,-,-,-,-
20000105-0,Wednesday,05-JAN-2000,13:25,A1, Approach (APR),Abuja International Airport (ABV),Nigeria,13,1, Damaged beyond repair,-,Embraer EMB-110P1A Bandeirante,2,Pratt & Whitney Canada PT6A-34,1984,-,-, 5N-AXL, 110455,Skypower Express,Domestic Scheduled Passenger,-,Lagos-Murtala Muhammed International Airport,LOS,DNMM,Nigeria,Abuja International Airport,ABV,DNAA,Nigeria,2,11,0,1,-,1,-
20000107-0,Friday,07-JAN-2000,-,A1, Unknown (UNK),at an unknown location,Angola,-,-, Missing, Presumed damaged beyond repair,Antonov An-26,-,-,1978,-,-, D2-FBR, 7206,Unknown,Unknown,-,Luanda-4 de Fevereiro Airport,LAD,FNLU,Angola,Cafunfo Airport,CFF,FNCF,Angola,-,-,-,-,-,-,-
20000109-0,Sunday,09-JAN-2000,18:00,A2, Approach (APR),near Penang International Airport (PEN),Malaysia,3,0, Substantial, Repaired,Boeing 747-230F,4,Pratt & Whitney JT9D-7A,1971,-,-, HL7441, 20373/168,Korean Air,Cargo,KE367,Seoul-Gimpo (Kimpo) International Airport,SEL,RKSS,South Korea,Penang International Airport,PEN,WMKP,Malaysia,3,0,0,0,-,-,-
20000110-0,Monday,10-JAN-2000,17:56,A1, En route (ENR),near Nassenwil,Switzerland,10,10, Destroyed, Written off (damaged beyond repair),Saab 340B,2,General Electric CT7-9B,1990,20587.0,21674.0, HB-AKK, 340B-213,Crossair,International Scheduled Passenger,LX498,Zürich-Kloten Airport,ZRH,LSZH,Switzerland,Dresden Airport,DRS,EDDC,Germany,3,7,3,7,-,-,Final
20000113-0,Thursday,13-JAN-2000,14:38,A1, Approach (APR),5 km (3.1 mls) off  Marsa el-Brega,Libya,41,22, Damaged beyond repair,-,Shorts 360-300,2,Pratt & Whitney Canada PT6A-67R,1990,-,7138.0, HB-AAM, SH.3763,Avisto,Domestic Non Scheduled Passenger,-,Tripoli International Airport,TIP,HLLT,Libya,Marsa el-Brega Airport,LMQ,HLMB,Libya,3,38,1,21,-,-,Final
20000114-0,Friday,14-JAN-2000,12:16,A1, Takeoff (TOF),Chimore Airport,Bolivia,31,5, Damaged beyond repair,-,Lockheed C-130B Hercules,4,Allison T56-A-7,1960,-,-, TAM60, 3559,Bolivian AF,Military,-,-,-,-,-,Trinidad Airport,TDD,SLTR,Bolivia,7,24,0,5,-,-,Preliminary - official
20000114-1,Friday,14-JAN-2000,19:30,A2, Taxi (TXI),Guayaquil-Simon Bolivar Airport (GYE),Ecuador,-,0, Substantial, Repaired,Hawker Siddeley HS-748-285 Srs. 2A,2,Rolls-Royce Dart 534-2,1976,-,867.0, HC-BEY, 1739,TAME Ecuador,Military,-,Guayaquil-Simon Bolivar Airport,GYE,SEGU,Ecuador,-,-,-,-,-,-,0,0,-,-,Final
20000115-0,Saturday,15-JAN-2000,13:04,A1, En route (ENR),San José,Costa Rica,18,5, Damaged beyond repair,-,Let L-410UVP-E,2,Walter M-601E,1986,-,-, YS-09-C, 861620,TACSA,Domestic Non Scheduled Passenger,-,San José-Tobias Bolanos International Airport,SYQ,MRPV,Costa Rica,Tortuquero Airport,TTQ,MRAO,Costa Rica,3,15,1,4,-,-,Final
20000120-0,Thursday,20-JAN-2000,06:55,A2, Takeoff (TOF),London-Gatwick Airport (LGW),United Kingdom,152,0, Substantial, Repaired,Airbus A320-231,2,IAE V2500-A1,1991,-,-, G-VCED, 193,Airtours Int.,Int'l Non Scheduled Passenger,-,London-Gatwick Airport,LGW,EGKK,United Kingdom,Almeria Airport,LEI,LEAM,Spain,6,146,0,0,-,-,Final
20000127-0,Thursday,27-JAN-2000,10:15,A1, Landing (LDG),"Dallas-Love Field, TX (DAL)",United States of America,6,0, Damaged beyond repair,-,Mitusbishi Mu-300 Diamond IA,-,-,1982,-,-, N900WJ, A028SA,Matrix Aviation,Executive,-,Austin-Bergstrom International Airport,AUS,KAUS,United States of America,Dallas-Love Field,DAL,KDAL,United States of America,2,4,0,0,-,-,Final
20000130-1,Sunday,30-JAN-2000,21:09,A1, En route (ENR),"2,8 km (1.8 mls) S off  Abidjan-Felix Houphouet Boigny Airport (ABJ)",Cote d'Ivoire,179,169, Destroyed, Written off (damaged beyond repair),Airbus A310-304,2,General Electric CF6-80C2A2,1986,15026.0,58115.0, 5Y-BEN, 426,Kenya Airways,International Scheduled Passenger,KQ431,Abidjan-Felix Houphouet Boigny Airport,ABJ,DIAP,Cote d'Ivoire,Lagos-Murtala Muhammed International Airport,LOS,DNMM,Nigeria,10,169,10,159,-,-,Final
20000131-0,Monday,31-JAN-2000,16:20,A1, En route (ENR),"4,5 km (2.8 mls) N off  Anacapa Island, CA",United States of America,88,88, Destroyed, Written off (damaged beyond repair),McDonnell Douglas DC-9-83 (MD-83),2,Pratt & Whitney JT8D-219,1992,14315.0,26584.0, N963AS, 53077/1995,Alaska Airlines,International Scheduled Passenger,AS261,Puerto Vallarta-Gustavo D. Ordaz Airport,PVR,MMPR,Mexico,San Francisco International Airport,SFO,KSFO,United States of America,5,83,5,83,-,-,Final
20000131-1,Monday,31-JAN-2000,-,A1, Landing (LDG),"Envira, AM",Brazil,19,0, Damaged beyond repair,-,Embraer EMB-110P1 Bandeirante,2,Pratt & Whitney Canada PT6A-34,1990,-,-, PP-EAM, 110498,Amazonas State Gov.,Domestic Non Scheduled Passenger,-,Tefé Airport,TFF,SBTF,Brazil,Eirunepé Airport,ERN,SWEI,Brazil,2,17,0,0,-,-,Preliminary
20000202-0,Wednesday,02-FEB-2000,-,O1, Pushback / towing (PBT),Tehran-Mehrabad Airport (THR),Iran,0,0, Damaged beyond repair,-,Airbus A300B2-203,2,General Electric CF6-50C2,1979,28100.0,33700.0, EP-IBR, 061,Iran Air,-,-,-,-,-,-,-,-,-,-,0,0,0,0,-,8,Preliminary
20000202-2,Wednesday,02-FEB-2000,10:30,A1, Takeoff (TOF),Tehran-Mehrabad Airport (THR),Iran,8,8, Damaged beyond repair,-,Lockheed C-130 Hercules,-,-,-,-,-, registration unknown,-,Iran AF,Military,-,Tehran-Mehrabad Airport,THR,OIII,Iran,-,-,-,-,-,-,-,-,-,-,-
20000203-0,Thursday,03-FEB-2000,17:36,A1, Landing (LDG),off Mwanza Airport (MWZ),Tanzania,5,0, Damaged beyond repair,-,Boeing 707-351C,4,Pratt & Whitney JT3D-3B (HK2),1967,21600.0,51200.0, ST-APY, 19412/563,TAAT,Cargo, 310,Khartoum-Civil Airport,KRT,HSSS,Sudan,Mwanza Airport,MWZ,HTMW,Tanzania,5,0,0,0,-,-,Preliminary - official
20000203-1,Thursday,03-FEB-2000,14:35,A2, Landing (LDG),Filitheyo Seaplane Base,Maldives,9,0, Substantial, Repaired,Cessna 208 Caravan I,1,Pratt & Whitney Canada PT6A-114A,1998,7810.0,1507.0, 8Q-HIF, 20800289,Hummingbird Island Airways,Domestic Non Scheduled Passenger,-,Malé International Airport,MLE,VRMM,Maldives,-,-,-,-,2,7,0,0,-,-,Final
20000206-0,Sunday,06-FEB-2000,-,H2, En route (ENR),London-Stansted Airport (STN),United Kingdom,187,0, None,-,Boeing 727-228,3,Pratt & Whitney JT8D-15,1981,-,-, YA-FAY, 22289/1719,Ariana Afghan Airlines,Domestic Scheduled Passenger, 805,Kabul-Khwaja Rawash Airport,KBL,OAKB,Afghanistan,Mazar-I-Sharif Airport,MZR,OAMS,Afghanistan,-,-,0,0,-,-,-
20000208-0,Tuesday,08-FEB-2000,10:07,A1, Initial climb (ICL),W of Maputo International Airport (MPM),Mozambique,18,0, Damaged beyond repair,-,Embraer EMB-110P2 Bandeirante,2,Pratt & Whitney Canada PT6A-34,1978,-,-, C9-AUH, 110186,Sabin Air,Int'l Non Scheduled Passenger,-,Maputo International Airport,MPM,FQMA,Mozambique,Manzini-Matsapha International Airport,MTS,FDMS,Eswatini,2,16,0,0,-,1,Preliminary
20000212-0,Saturday,12-FEB-2000,14:20,A1, Landing (LDG),Luanda-4 de Fevereiro Airport (LAD),Angola,7,0, Damaged beyond repair,-,Boeing 727-82,3,Pratt & Whitney JT8D-7B,1967,-,-, S9-NAZ, 19404/384,Transafrik,Cargo,-,Salima Airport,LMB,FWSM,Malawi,Luanda-4 de Fevereiro Airport,LAD,FNLU,Angola,7,0,0,0,-,-,Preliminary
20000212-1,Saturday,12-FEB-2000,00:56,A1, Taxi (TXI),Dakar-Yoff Airport (DKR),Senegal,182,0, Damaged beyond repair,-,Airbus A300B4-203,2,General Electric CF6-50C2,1983,19600.0,38400.0, TU-TAT, 282,Air Afrique,International Scheduled Passenger,-,Dakar-Yoff Airport,DKR,GOOY,Senegal,Paris-Charles de Gaulle Airport,CDG,LFPG,France,11,171,0,0,-,-,Preliminary - official
20000216-0,Wednesday,16-FEB-2000,19:51,A1, Initial climb (ICL),"2,4 km (1.5 mls) E of Sacramento-Mather Airport, CA (MHR)",United States of America,3,3, Destroyed, Written off (damaged beyond repair),McDonnell Douglas DC-8-71F,4,CFMI CFM56-2C1,1968,33395.0,84447.0, N8079U, 45947/341,Emery Worldwide,Cargo,  17,Sacramento-Mather Airport,MHR,KMHR,United States of America,Dayton-James Cox Dayton International Airport,DAY,KDAY,United States of America,3,0,3,0,-,-,Final
20000216-1,Wednesday,16-FEB-2000,12:43,A1, Landing (LDG),Sapporo-Okadama Airport (OKD),Japan,41,0, Damaged beyond repair,-,NAMC YS-11A-213,2,Rolls-Royce Dart 543-10J/K,1969,-,-, JA8727, 2095,ANK- Air Nippon,Domestic Scheduled Passenger, 354,Hakodate Airport,HKD,RJCH,Japan,Sapporo-Okadama Airport,OKD,RJCO,Japan,4,37,0,0,-,-,Final
20000219-0,Saturday,19-FEB-2000,21:37,A2, Takeoff (TOF),"Seattle/Tacoma International Airport, WA (SEA)",United States of America,3,0, Substantial, Repaired,McDonnell Douglas DC-8-63F,-,-,-,-,46087.0, N811CK, 46147/549,Kitty Hawk International,Cargo,8102,Seattle/Tacoma International Airport,SEA,KSEA,United States of America,Anchorage-Ted Stevens International Airport,ANC,PANC,United States of America,3,0,0,0,-,-,Final
20000219-1,Saturday,19-FEB-2000,-,H2, En route (ENR),an airstrip near El Tornillo,Colombia,19,1, None,-,Beechcraft 1900C-1,2,Pratt & Whitney Canada PT6A-65B,1990,-,-, HK-4200, UC-102,Aerotaca,Domestic Scheduled Passenger,-,Bucaramanga-Palo Negro Airport,BGA,SKBG,Colombia,Cúcuta-Camilo Daza Airport,CUC,SKCC,Colombia,2,17,0,1,-,-,-
20000221-0,Monday,21-FEB-2000,17:30,A2, Standing (STD),"Chicago-O'Hare International Airport, IL (ORD)",United States of America,52,0, Substantial, Repaired,Fokker 100,-,-,1991,-,-, N1403M, 11352,American Airlines,Domestic Scheduled Passenger,AA1801,Rochester Municipal Airport,RST,KRST,United States of America,Chicago-O'Hare International Airport,ORD,KORD,United States of America,5,47,0,0,-,-,Final
20000222-0,Tuesday,22-FEB-2000,22:45,A2, Landing (LDG),Harare Airport (HRE),Zimbabwe,93,0, Substantial, Repaired,Boeing 767-366ER,2,Pratt & Whitney PW4060,1989,-,-, SU-GAO, 24541/275,EgyptAir,International Scheduled Passenger,MS880,Johannesburg International Airport,JNB,FAJS,South Africa,Harare Airport,HRE,FVHA,Zimbabwe,17,76,0,0,-,-,-
20000223-0,Wednesday,23-FEB-2000,-,A1, Unknown (UNK),Vijaynagar,India,-,-, Damaged beyond repair,-,Antonov An-32,2,Ivchenko AI-20,1984,-,-, K2690, 0305,Indian AF,Military,-,-,-,-,-,-,-,-,-,-,-,-,-,-,-,-
20000227-0,Sunday,27-FEB-2000,20:19,A2, Landing (LDG),"Porto Alegre-Salgado Filho Airport, RS (POA)",Brazil,111,0, Substantial, Repaired,Boeing 737-4Y0,2,CFMI CFM56-3C1,1990,-,-, PT-TEO, 24692/1963,Transbrasil,Domestic Scheduled Passenger, 202,São Paulo-Guarulhos International Airport,GRU,SBGR,Brazil,Porto Alegre-Salgado Filho International Airport,POA,SBPA,Brazil,7,104,0,0,-,-,-
20000229-0,Tuesday,29-FEB-2000,-,H2, En route (ENR),Fuzhou Airport (FOC),China,-,0, None,-,Boeing 737,-,-,-,-,-, registration unknown,-,China Southwest,Domestic Scheduled Passenger,-,Nanchang Airport,KHN,ZSCN,China,Fuzhou Airport,FOC,ZSFZ,China,-,-,0,0,-,-,-
20000299-0,-,xx-FEB-2000,-,U1, Unknown (UNK),at an unknown location,Unknown country,-,0, Damaged beyond repair,-,CASA C-212 Aviocar 200,-,-,1980,-,-, N461CA, 164,Sandair,Unknown,-,-,-,-,-,-,-,-,-,-,-,0,0,-,-,Preliminary
20000301-0,Wednesday,01-MAR-2000,03:47,A2, Pushback / towing (PBT),"Newark International Airport, NJ (EWR)",United States of America,5,0, Substantial, Repaired,McDonnell Douglas DC-10-30F,3,General Electric CF6-50C2,1973,-,64258.0, N302FE, 46801/103,FedEx,Cargo,-,Newark International Airport,EWR,KEWR,United States of America,Memphis International Airport,MEM,KMEM,United States of America,3,2,0,0,-,-,Final
20000305-0,Sunday,05-MAR-2000,18:11,A1, Landing (LDG),"Burbank/Glendale/Pasadena Airport, CA (BUR)",United States of America,142,0, Destroyed, Written off (damaged beyond repair),Boeing 737-3T5,2,CFMI CFM56-3B1,1984,-,-, N668SW, 23060/1069,Southwest Airlines,Domestic Scheduled Passenger,1455,Las Vegas-McCarran International Airport,LAS,KLAS,United States of America,Burbank/Glendale/Pasadena Airport,BUR,KBUR,United States of America,5,137,0,0,-,-,Final
20000309-0,Thursday,09-MAR-2000,08:45,A1, Initial climb (ICL),Moskva-Sheremetyevo Airport (SVO),Russia,9,9, Damaged beyond repair,-,Yakovlev Yak-40D,3,Ivchenko AI-25,1976,20497.0,21428.0, RA-88170, 9620847,Vologoda Air,Int'l Non Scheduled Passenger,-,Moskva-Sheremetyevo Airport,SVO,UUEE,Russia,Kiev-Borispol Airport,KBP,UKBB,Ukraine,5,4,5,4,-,-,Final
20000315-0,Wednesday,15-MAR-2000,23:40,A1, Standing (STD),Kuala Lumpur International Airport (KUL),Malaysia,266,0, Damaged beyond repair,-,Airbus A330-322,2,Pratt & Whitney PW4168,1995,-,-, 9M-MKB, 068,Malaysia Airlines,International Scheduled Passenger,MH085,Beijing-Capital Airport,PEK,ZBAA,China,Kuala Lumpur International Airport,KUL,WMKK,Malaysia,14,252,0,0,-,-,Preliminary
20000316-0,Thursday,16-MAR-2000,-,H2, En route (ENR),"San Francisco International Airport, CA (SFO)",United States of America,-,0, None,-,McDonnell Douglas DC-9-83 (MD-83),-,-,-,-,-, registration unknown,-,Alaska Airlines,International Scheduled Passenger,-,Puerto Vallarta-Gustavo D. Ordaz Airport,PVR,MMPR,Mexico,San Francisco International Airport,SFO,KSFO,United States of America,-,-,0,0,-,-,-
20000317-0,Friday,17-MAR-2000,09:30,A1, En route (ENR),near Carreto,Panama,10,10, Damaged beyond repair,-,de Havilland Canada DHC-6 Twin Otter 300,2,Pratt & Whitney Canada PT6A-27,1979,-,-, HP-1267APP, 624,AeroPerlas,Domestic Scheduled Passenger,-,Panama City Albrook-Marcos A. Gelabert International Airport,BLB,MPLB,Panama,Puerto Obaldia Airport,PUE,MPOA,Panama,2,8,2,8,-,-,Preliminary
20000317-1,Friday,17-MAR-2000,12:30,A1, Landing (LDG),"Ennadai Lake Airport, NU (YEI)",Canada,2,2, Damaged beyond repair,-,Douglas C-47A-5-DK Dakota 3 (DC-3C),2,Pratt & Whitney R-1830,1944,-,-, C-FNTF, 12344,Points North Air Services,Cargo,-,Points North Landing Airport,YNL,CYNL,Canada,-,-,-,-,2,0,2,0,-,-,Final
20000317-2,Friday,17-MAR-2000,10:47,A1, Approach (APR),"1,2 km (0.8 mls) from  Kaduna Airport (KAD)",Nigeria,6,0, Damaged beyond repair,-,Embraer EMB-110P1A Bandeirante,2,Pratt & Whitney Canada PT6A-34,1984,-,10926.0, 5N-AXM, 110446,Skypower Express,Domestic Non Scheduled Passenger,-,Abuja International Airport,ABV,DNAA,Nigeria,Jos Airport,JOS,DNJO,Nigeria,3,3,0,0,-,-,Final
20000317-3,Friday,17-MAR-2000,18:02,A2, Landing (LDG),"Hyannis-Barnstable Airport, MA (HYA)",United States of America,4,0, Substantial, Repaired,Dassault Falcon 900,-,-,1995,-,2293.0, N814M, 155 ,BP,Executive,-,New York-La Guardia Airport,LGA,KLGA,United States of America,Hyannis-Barnstable Airport,HYA,KHYA,United States of America,2,2,0,0,-,-,Final
20000317-7,Friday,17-MAR-2000,12:46,A2, Takeoff (TOF),"Vancouver International Airport, BC (YVR)",Canada,-,0, Minor, Repaired,Airbus A330-202,2,General Electric CF6-80E1A4,1998,-,-, C-GGWA, 205,Canada 3000,Domestic Scheduled Passenger,2T775,Vancouver International Airport,YVR,CYVR,Canada,Calgary International Airport,YYC,CYYC,Canada,-,-,0,0,-,-,-
20000319-0,Sunday,19-MAR-2000,-,A1, Approach (APR),Goma Airport (GOM),Democratic Republic of the Congo,10,0, Damaged beyond repair,-,Antonov An-26B,2,Ivchenko AI-24VT,1984,-,-, UR-26586, 13805,Air Urga,Cargo,-,-,-,-,-,Goma Airport,GOM,FZNA,Democratic Republic of the Congo,5,5,0,0,-,-,Preliminary
20000321-0,Tuesday,21-MAR-2000,19:14,A1, Landing (LDG),"Killeen Municipal Airport, TX (ILE)",United States of America,36,0, Substantial, Written off (damaged beyond repair),Saab 340B,2,General Electric CT7-9B,1993,-,11976.0, N353SB, 340B-353,American Eagle Airlines,Domestic Scheduled Passenger,3789,Dallas/Fort Worth International Airport,DFW,KDFW,United States of America,Killeen Municipal Airport,ILE,KILE,United States of America,3,33,0,0,-,-,Final
20000322-0,Wednesday,22-MAR-2000,17:45,A1, En route (ENR),"near Cubillejo, Province of Guadalajara",Spain,7,7, Damaged beyond repair,-,CASA C-212-DE Aviocar 200,-,-,1983,-,-, TM.12D-73, 314,Spanish AF,Military,-,Morón Air Base,OZP,LEMO,Spain,Zaragoza Airport,ZAZ,LEZG,Spain,7,0,7,0,-,-,Preliminary
20000322-1,Wednesday,22-MAR-2000,-,A2, Approach (APR),"Fox Harbour Airport, NS",Canada,-,0, Substantial, Repaired,IAI 1125 Astra SPX,2,Garrett TFE731-40AR-200G,1997,-,-, C-FRJZ, 087,Jetport,Unknown,-,-,-,-,-,-,-,-,-,-,-,0,0,-,-,Final
20000324-0,Friday,24-MAR-2000,18:04,A1, Approach (APR),"2,2 km (1.4 mls) NNW of Colombo-Bandaranaike International Airport (CMB)",Sri Lanka,8,6, Destroyed, Written off (damaged beyond repair),Antonov An-12BK,4,Ivchenko AI-20M,1968,4651.0,7241.0, RA-11302, 8346004,Antey,Cargo, 702,Bangkok-Don Muang International Airport,BKK,VTBD,Thailand,Colombo-Bandaranaike International Airport,CMB,VCBI,Sri Lanka,8,0,6,0,-,3,Final
20000325-0,Saturday,25-MAR-2000,-,A1, Takeoff (TOF),Huambo Airport (NOV),Angola,30,3, Damaged beyond repair,-,Antonov An-32B,2,Ivchenko AI-20,1991,-,-, D2-MAJ, 2902,Angolan Government,Domestic Non Scheduled Passenger,-,Huambo Airport,NOV,FNHU,Angola,Luanda-4 de Fevereiro Airport,LAD,FNLU,Angola,6,24,0,3,-,-,Preliminary
20000326-0,Sunday,26-MAR-2000,08:40,A1, Approach (APR),"near Buda, TX",United States of America,1,1, Destroyed, Written off (damaged beyond repair),Cessna 525 CitationJet,2,Williams International FJ44-1A,1995,-,720.0, N130MR, 525-0097,private,Ferry/positioning,-,Houston-Sugar Land Municipal Airport,SGR,KSGR,United States of America,-,-,-,-,1,0,1,0,-,-,Final
20000327-0,Monday,27-MAR-2000,18:54,H2, En route (ENR),Berlin-Schönefeld Airport (SXF),Germany,148,0, None,-,Boeing 737-75B,2,CFMI CFM56-7B22,1998,-,-, D-AGES, 28108/28,Germania,Int'l Non Scheduled Passenger,-,Tenerife-Norte Los Rodeos Airport,TFN,GCXO,Spain,Berlin-Schönefeld Airport,SXF,EDDB,Germany,5,143,0,0,-,-,Final
20000330-0,Thursday,30-MAR-2000,-,C1, En route (ENR),"14,5 km (9.1 mls) S of Anuradhapura Airport (ADP)",Sri Lanka,40,40, Destroyed, Written off (damaged beyond repair),Antonov An-26,-,-,1983,-,-, UR-79170, 13410,Avialinii AAR,Military,-,Jaffna-Palaly Air Base,JAF,VCCJ,Sri Lanka,Anuradhapura Airport,ADP,VCCA,Sri Lanka,4,36,4,36,-,-,Preliminary
20000399-0,-,xx-MAR-2000,-,A1, Landing (LDG),Lagos-Murtala Muhammed International Airport (LOS),Nigeria,-,0, Damaged beyond repair,-,Lockheed C-130H Hercules,-,-,1976,-,-, NAF914, 4649,Nigerian AF,Military,-,-,-,-,-,Lagos-Murtala Muhammed International Airport,LOS,DNMM,Nigeria,-,-,0,0,-,-,-
20000401-0,Saturday,01-APR-2000,08:00,A1, En route (ENR),"near Gualeguaychú, ER",Argentina,1,1, Damaged beyond repair,-,Cessna 208A Caravan 675,-,-,-,-,-, LV-ZSR, 20800311,Taxval,Unknown,-,-,-,-,-,-,-,-,-,1,0,1,0,-,-,Final
20000402-0,Sunday,02-APR-2000,-,A2, Unknown (UNK),Guayaquil,Ecuador,3,0, Substantial, Repaired,Boeing 747-2F6B,4,General Electric CF6-50E2,1979,-,-, N534MC, 21832/421,Atlas Air,Cargo,7150,Guayaquil-Simon Bolivar Airport,GYE,SEGU,Ecuador,Miami International Airport,MIA,KMIA,United States of America,3,0,0,0,-,-,Preliminary - official
20000405-2,Wednesday,05-APR-2000,09:30,A1, Approach (APR),"Marianna Municipal Airport, FL",United States of America,3,3, Destroyed, Written off (damaged beyond repair),Learjet 35A,2,Garrett TFE731-2-2B,1978,-,13262.0, N86BE, 35A-194,Bankair,Training,-,Opa-locka Airport,OPF,KOPF,United States of America,-,-,-,-,3,0,3,0,-,-,Final
20000406-0,Thursday,06-APR-2000,-,A1, Unknown (UNK),at an unknown location,Russia,-,0, Damaged beyond repair,-,Antonov An-2R,1,Shvetsov ASh-62IR,1982,-,-, RA-31486, 1G198-51,Saransk Flight Unit,Unknown,-,-,-,-,-,-,-,-,-,-,-,0,0,-,-,-
20000411-0,Tuesday,11-APR-2000,-,O1, Standing (STD),Minatitlan Airport (MTT),Mexico,0,0, Damaged beyond repair,-,Airbus A320-231,2,IAE V2500-A1,1994,-,-, F-OHMD, 433,Mexicana,Unknown,-,-,-,-,-,-,-,-,-,0,0,0,0,-,-,-
20000414-0,Friday,14-APR-2000,11:30,O1, Standing (STD),Kinshasa-N'Djili Airport (FIH),Democratic Republic of the Congo,-,0, Damaged beyond repair,-,Sud Aviation SE-210 Caravelle III,2,Rolls-Royce Avon 527B,1962,-,-, 9Q-CZZ, 105,D.R. Congo AF,Military,-,-,-,-,-,-,-,-,-,-,-,0,0,-,-,Preliminary
20000414-1,Friday,14-APR-2000,11:30,O1, Standing (STD),Kinshasa-N'Djili Airport (FIH),Democratic Republic of the Congo,-,0, Damaged beyond repair,-,Boeing 707-327C,4,Pratt & Whitney JT3D-3B,1967,-,-, 9Q-CGC, 19531/646,Government of Congo,-,-,-,-,-,-,-,-,-,-,-,-,0,0,-,-,Preliminary
20000414-2,Friday,14-APR-2000,11:30,O1, Standing (STD),Kinshasa-N'Djili Airport (FIH),Democratic Republic of the Congo,-,0, Damaged beyond repair,-,Canadair CL-44D4-2,4,Rolls-Royce Tyne 515-10,1961,-,-, 3C-ZPO, 24,Africargo Airlines,-,-,-,-,-,-,-,-,-,-,-,-,0,0,-,-,Preliminary
20000414-3,Friday,14-APR-2000,11:30,O1, Standing (STD),Kinshasa-N'Djili Airport (FIH),Democratic Republic of the Congo,-,0, Damaged beyond repair,-,Canadair CL-44D4-2,4,Rolls-Royce Tyne 515,1964,-,-, TN-235, 37,Africargo Airlines,-,-,-,-,-,-,-,-,-,-,-,-,0,0,-,-,Preliminary
20000414-4,Friday,14-APR-2000,11:30,A1, Standing (STD),Kinshasa-N'Djili Airport (FIH),Democratic Republic of the Congo,-,0, Damaged beyond repair,-,Antonov An-28,2,Glushenkov TVD-10B,1989,-,-, 9Q-CZL, 1AJ006-01,Blue Lines,-,-,-,-,-,-,-,-,-,-,-,-,0,0,-,-,Preliminary
20000416-1,Sunday,16-APR-2000,-,A1, Takeoff (TOF),"Tomuzlovskoe, Budyonnovsk district",Russia,3,3, Damaged beyond repair,-,Antonov An-2P,-,-,1988,-,-, RA-33443, 1G227-53,ShARZ ROSTO,Ferry/positioning,-,-,-,-,-,-,-,-,-,2,1,2,1,-,-,-
20000419-0,Wednesday,19-APR-2000,07:00,A1, Approach (APR),"6,5 km (4.1 mls) from  Davao",Philippines,131,131, Destroyed, Written off (damaged beyond repair),Boeing 737-2H4,2,Pratt & Whitney JT8D-9A,1978,79522.0,68475.0, RP-C3010, 21447/508,Air Philippines,Domestic Scheduled Passenger, 541,Manila-Ninoy Aquino International Airport,MNL,RPLL,Philippines,Davao City-Francisco Bangoy International Airport,DVO,RPMD,Philippines,7,124,7,124,-,-,Preliminary
20000419-1,Wednesday,19-APR-2000,-,A1, Initial climb (ICL),Pepa,Democratic Republic of the Congo,24,24, Damaged beyond repair,-,Antonov An-8,2,Ivchenko AI-20D,1959,-,-, TL-ACM, 9340706,Rwanda AF,Military,-,-,-,-,-,Kigali International Airport,KGL,HRYR,Rwanda,4,20,4,20,-,-,Preliminary
20000419-2,Wednesday,19-APR-2000,-,A1, Unknown (UNK),near Bukavu,Democratic Republic of the Congo,2,2, Damaged beyond repair,-,Cessna 208B Grand Caravan,1,Pratt & Whitney Canada PT6A-114A,1990,-,-, ZS-ONT, 208B0220,Gallovents Ten,Executive,-,-,-,-,-,-,-,-,-,1,1,1,1,-,-,Preliminary
20000422-0,Saturday,22-APR-2000,14:15,A1, Landing (LDG),Siirt Airport (SXZ),Turkey,46,0, Damaged beyond repair,-,Avro RJ70,4,Lycoming LF507-1F,1996,6200.0,7200.0, TC-THL, E1249,THY,Domestic Scheduled Passenger, 774,-,-,-,-,Siirt Airport,SXZ,LTCL,Turkey,4,42,0,0,-,-,Preliminary
20000425-1,Tuesday,25-APR-2000,07:50,A2, Takeoff (TOF),"Hancock-Houghton County Airport, MI (CMX)",United States of America,21,0, Substantial, Repaired,Saab 340B,-,-,1996,-,8863.0, N404XJ, 340B-404,Northwest Airlink,Domestic Scheduled Passenger,3233,Hancock-Houghton County Airport,CMX,KCMX,United States of America,Minneapolis-St. Paul International Airport,MSP,KMSP,United States of America,3,18,0,0,-,-,Final
20000425-2,Tuesday,25-APR-2000,19:42,A2, Takeoff (TOF),"Newark International Airport, NJ (EWR)",United States of America,234,0, Substantial, Repaired,McDonnell Douglas DC-10-30,3,General Electric CF6-50C2,1973,-,13346.0, N39081, 47861/75,Continental Air Lines,International Scheduled Passenger,CO60,Newark International Airport,EWR,KEWR,United States of America,Brussel-Zaventem Airport,BRU,EBBR,Belgium,14,220,0,0,-,-,Final
20000427-1,Thursday,27-APR-2000,21:30,A2, En route (ENR),"Denver, CO",United States of America,5,0, Substantial, Repaired,McDonnell Douglas DC-8-62F,-,-,1969,-,51844.0, N990CF, 46068/463,Emery Worldwide,Cargo,-,Seattle/Tacoma International Airport,SEA,KSEA,United States of America,Dayton-James Cox Dayton International Airport,DAY,KDAY,United States of America,3,2,0,0,-,-,Final
20000429-0,Saturday,29-APR-2000,-,A1, Takeoff (TOF),Bapi Airport (BPD),Papua New Guinea,4,4, Damaged beyond repair,-,IRMA/Britten-Norman BN-2A-20 Islander,2,Lycoming IO-540-K1B5,1974,-,-, P2-ISA, 703,North Coast Aviation,Passenger,-,-,-,-,-,-,-,-,-,1,3,1,3,-,-,Preliminary
20000430-0,Sunday,30-APR-2000,05:48,A1, Landing (LDG),Entebbe Airport (EBB),Uganda,7,0, Damaged beyond repair,-,McDonnell Douglas DC-10-30F,3,General Electric CF6-50C2,1976,20900.0,69000.0, N800WR, 46955/228,DAS Air Cargo,Cargo, 405,London-Gatwick Airport,LGW,EGKK,United Kingdom,Entebbe Airport,EBB,HUEN,Uganda,7,0,0,0,-,-,Preliminary
20000430-1,Sunday,30-APR-2000,15:35,A1, Takeoff (TOF),Ciudad Bolívar Airport (CBL),Venezuela,4,0, Damaged beyond repair,-,Antonov An-2T,1,Shvetsov ASh-62IR,1991,-,-, YV-1125C, 1G240-32,Aerobol,Unknown,-,Ciudad Bolívar Airport,CBL,SVCB,Venezuela,-,-,-,-,2,2,0,0,-,-,-
20000502-0,Tuesday,02-MAY-2000,14:39,A1, Landing (LDG),Lyon Satolas Airport (LYS),France,5,2, Damaged beyond repair,-,Learjet 35A,2,Garrett TFE731-2-2B,1988,3637.0,4291.0, G-MURI, 35A-646,Northern Executive,Int'l Non Scheduled Passenger,   4B,Farnborough Airport,FAB,EGLF,United Kingdom,Nice-Côte d'Azur Airport,NCE,LFMN,France,2,3,2,0,-,-,Final
20000503-0,Wednesday,03-MAY-2000,-,A1, En route (ENR),near Kurupung Airport (KPG),Guyana,1,1, Damaged beyond repair,-,IRMA/Britten-Norman BN-2A-9 Islander,2,Lycoming O-540-E4C5,1973,-,-, 8R-GAC, 694,Trans Guyana Airways,Cargo,-,-,-,-,-,-,-,-,-,1,0,1,0,-,-,-
20000505-1,Friday,05-MAY-2000,13:47,A2, Takeoff (TOF),"Monument Valley Airport, UT (GMV)",United States of America,17,0, Substantial, Repaired,de Havilland Canada DHC-6 Twin Otter 300,-,-,1977,-,39514.0, N241SA, 556,Scenic Airlines,Domestic Scheduled Passenger, 304,-,-,-,-,Grand Canyon-National Park Airport,GCN,KGCN,United States of America,2,15,0,0,-,-,Final
20000510-0,Wednesday,10-MAY-2000,20:31,A1, Approach (APR),"5,3 km (3.3 mls) SW of Kaunakakai, HI",United States of America,6,6, Destroyed, Written off (damaged beyond repair),Rockwell Sabreliner 65,2,Garrett TFE731-3R-1D,-,-,8053.0, N241H, 465-5,Price Aircraft Company,Executive,-,Kahului Airport,OGG,PHOG,United States of America,Molokai/Kaunakakai Airport,MKK,PHMK,United States of America,2,4,2,4,-,-,Final
20000510-1,Wednesday,10-MAY-2000,10:09,A1, Landing (LDG),Bocas Del Toro Airport (BOC),Panama,8,0, Damaged beyond repair,-,Swearingen SA226-TC Metro II,-,-,1980,-,-, HP-1364MAM, TC-324,Mapiex Aero,Passenger,-,-,-,-,-,Bocas Del Toro Airport,BOC,MPBO,Panama,2,6,0,0,-,-,Preliminary
20000511-0,Thursday,11-MAY-2000,-,H2, En route (ENR),Aswan Airport (ASW),Egypt,19,0, None,-,Airbus A321-231,2,IAE V2533-A5,-,-,-, registration unknown,-,EgyptAir,Domestic Scheduled Passenger,MS233,Cairo International Airport,CAI,HECA,Egypt,Aswan Airport,ASW,HESN,Egypt,-,-,0,0,-,-,-
20000515-0,Monday,15-MAY-2000,21:46,A2, En route (ENR),"near Goderich, ON",Canada,100,0, Minor, Repaired,Airbus A319-114,2,CFMI CFM56-5A5,1997,-,-, C-FYJE, 656,Air Canada,International Scheduled Passenger,AC691,Toronto-Pearson International Airport,YYZ,CYYZ,Canada,San Francisco International Airport,SFO,KSFO,United States of America,6,94,0,0,-,-,-
20000515-1,Monday,15-MAY-2000,-,A1, Landing (LDG),at an unknown location,Arctic Ocean,5,0, Damaged beyond repair,-,Antonov An-2T,-,-,-,-,-, N72KS, 1G237-32,Greatland Resource,Private,-,-,-,-,-,-,-,-,-,2,3,0,0,-,-,-
20000517-0,Wednesday,17-MAY-2000,09:47,A1, Approach (APR),2 km (1.3 mls) NE of Moanda Airport (MFF),Gabon,10,3, Damaged beyond repair,-,Beechcraft 1900C-1,2,Pratt & Whitney Canada PT6A-65B,1990,-,-, TR-LFK, UC-133,Avirex,Domestic Non Scheduled Passenger,-,Libreville Airport,LBV,FOOL,Gabon,Moanda Airport,MFF,FOOD,Gabon,2,8,1,2,-,-,Preliminary - official
20000519-0,Friday,19-MAY-2000,06:39,A2, Takeoff (TOF),"Denver International Airport, CO (DEN)",United States of America,1,0, Substantial, Repaired,Swearingen SA226-TC Metro II,-,-,-,-,26778.0, N235BA, TC-235,Superior Aviation,Cargo,-,Denver International Airport,DEN,KDEN,United States of America,Montrose Regional Airport,MTJ,KMTJ,United States of America,1,0,0,0,-,-,Final
20000521-0,Sunday,21-MAY-2000,11:28,A1, Approach (APR),"18 km (11.3 mls) S of Wilkes-Barre, PA",United States of America,19,19, Destroyed, Written off (damaged beyond repair),British Aerospace 3102 Jetstream 31,2,Garrett TPE331-10UGR-514H,1988,18503.0,13972.0, N16EJ, 834,East Coast Aviation Services,Int'l Non Scheduled Passenger,-,Atlantic City International Airport,ACY,KACY,United States of America,Wilkes-Barre/Scranton International Airport,AVP,KAVP,United States of America,2,17,2,17,-,-,Final
20000522-0,Monday,22-MAY-2000,-,H2, En route (ENR),Erave Airport (ERE),Papua New Guinea,-,0, None,-,Pilatus Britten-Norman BN-2A Islander,-,-,-,-,-, registration unknown,-,MAF PNG,Domestic Scheduled Passenger,-,-,-,-,-,-,-,-,-,-,-,0,0,-,-,-
20000522-1,Monday,22-MAY-2000,-,A2, Landing (LDG),Taipei-Chiang Kai Shek International Airport (TPE),Taiwan,-,0, Minor, Repaired,McDonnell Douglas MD-11,-,-,-,-,-, registration unknown,-,Eva Air,Unknown,-,-,-,-,-,Taipei-Chiang Kai Shek International Airport,TPE,RCTP,Taiwan,-,-,0,0,-,-,Preliminary
20000523-0,Tuesday,23-MAY-2000,19:45,A1, En route (ENR),"260 km (162.5 mls) SE off  San Diego, CA, USA",Pacific Ocean,1,0, Damaged beyond repair,-,Beechcraft B200 King Air,2,Pratt & Whitney Canada PT6A-42,1996,-,-, N24CV, BB-1524,Calico Ventures,Private,-,-,-,-,-,Carlsbad-McClellan-Palomar Airport,CLD,KCRQ,United States of America,1,0,0,0,-,-,Final
20000525-0,Thursday,25-MAY-2000,02:52,A1, Takeoff (TOF),Paris-Charles de Gaulle Airport (CDG),France,2,1, Damaged beyond repair,-,Shorts 330-200,2,Pratt & Whitney Canada PT6A-45R,1981,19504.0,15215.0, G-SSWN, SH.3064,Streamline Aviation,Cargo, 200,Paris-Charles de Gaulle Airport,CDG,LFPG,France,London-Luton Airport,LTN,EGGW,United Kingdom,2,0,1,0,-,-,Final
20000525-1,Thursday,25-MAY-2000,02:52,A2, Takeoff (TOF),Paris-Charles de Gaulle Airport (CDG),France,157,0, Substantial, Repaired,McDonnell Douglas DC-9-83 (MD-83),2,Pratt & Whitney JT8D-219,1987,-,-, F-GHED, 49576/1422,Air Liberté,Int'l Non Scheduled Passenger,8807,Paris-Charles de Gaulle Airport,CDG,LFPG,France,Madrid-Barajas Airport,MAD,LEMD,Spain,6,151,0,0,1,-,Final
20000525-2,Thursday,25-MAY-2000,-,H2, En route (ENR),near Manila,Philippines,298,1, None,-,Airbus A330-301,2,General Electric CF6-80E1A2,-,-,-, F-OHZ.,-,Philippine Air Lines,Domestic Scheduled Passenger, 812,Davao City-Francisco Bangoy International Airport,DVO,RPMD,Philippines,Manila-Ninoy Aquino International Airport,MNL,RPLL,Philippines,14,284,0,1,-,-,-
20000602-0,Friday,02-JUN-2000,19:00,A2, En route (ENR),"0,35 km (0.2 mls) S of Leopoldsburg Airport",Belgium,11,0, Substantial, Repaired,GAF Nomad N.22B,2,Allison 250-B17B,1976,-,1759.0, N5190Y, N22B-26,Paraclub Moorsele,Parachuting,-,-,-,-,-,-,-,-,-,1,10,0,0,-,-,Final
20000605-0,Monday,05-JUN-2000,11:35,A1, Landing (LDG),Accra-Kotoka Airport (ACC),Ghana,52,7, Damaged beyond repair,-,Fokker F-27 Friendship 600,2,Rolls-Royce Dart 532-7,1976,-,-, G 524, 10535,Ghana Airlink,Domestic Scheduled Passenger, 200,Tamale Airport,TML,DGLE,Ghana,Accra-Kotoka Airport,ACC,DGAA,Ghana,-,-,0,7,-,-,Preliminary
20000607-0,Wednesday,07-JUN-2000,-,A1, Landing (LDG),Lima-25 airstrip,South Sudan,8,0, Damaged beyond repair,-,Antonov An-32B,2,Ivchenko AI-20,1992,1985.0,2799.0, UR-48054, 2804,Aviatrans-K Airlines,Cargo,-,-,-,-,-,-,-,-,-,4,4,0,0,-,-,-
20000607-1,Wednesday,07-JUN-2000,19:38,A2, Takeoff (TOF),"São Paulo-Guarulhos International Airport, SP (GRU)",Brazil,191,0, Substantial, Repaired,Boeing 767-241ER,2,General Electric CF6-80C2B2,1987,20212.0,49134.0, PP-VNN, 23803/161,Varig,International Scheduled Passenger, 886,São Paulo-Guarulhos International Airport,GRU,SBGR,Brazil,Lima-Jorge Chávez International Airport,LIM,SPIM,Peru,13,178,0,0,-,-,Final
20000612-0,Monday,12-JUN-2000,13:14,A2, Takeoff (TOF),"Las Vegas-McCarran International Airport, NV (LAS)",United States of America,152,0, Substantial, Repaired,Airbus A320-232,-,-,-,-,3012.0, N655AW, 1075,America West,Domestic Scheduled Passenger,2747,Las Vegas-McCarran International Airport,LAS,KLAS,United States of America,Columbus-Port Columbus International Airport,CMH,KCMH,United States of America,5,147,0,0,-,-,Final
20000612-1,Monday,12-JUN-2000,14:12,A2, Landing (LDG),Zürich-Kloten Airport (ZRH),Switzerland,4,0, Minor, Repaired,Cessna 560 Citation Ultra,-,-,-,-,-, HB-VLZ, 560-0446,SkyWork Airlines,Executive,-,Farnborough Airport,FAB,EGLF,United Kingdom,Zürich-Kloten Airport,ZRH,LSZH,Switzerland,3,1,0,0,-,-,Final
20000613-1,Tuesday,13-JUN-2000,22:50,A1, Approach (APR),"1 km (0.6 mls) W of Peterborough Airport, ON (YPQ)",Canada,2,0, Damaged beyond repair,-,Dassault Falcon 20F,2,General Electric CF700-2D2,1972,-,15798.0, N184GA, 266,Grand Aire Express,Cargo,-,Detroit-Willow Run Airport,YIP,KYIP,United States of America,Peterborough Airport,YPQ,CYPQ,Canada,2,0,0,0,-,-,Final
20000614-0,Wednesday,14-JUN-2000,17:00,O1, Standing (STD),"Newark International Airport, NJ (EWR)",United States of America,-,0, Damaged beyond repair,-,McDonnell Douglas DC-9-81 (MD-81),2,Pratt & Whitney JT8D-217,1981,36189.0,45834.0, N16884, 48074/1026,Continental Air Lines,Domestic Scheduled Passenger, 481,Newark International Airport,EWR,KEWR,United States of America,Detroit-Metropolitan Wayne County Airport,DTW,KDTW,United States of America,-,0,0,0,-,-,- (No safety board investigation)
20000614-1,Wednesday,14-JUN-2000,17:10,A2, Landing (LDG),"Kauai Island/Lihue Airport, HI (LIH)",United States of America,139,0, Substantial, Repaired,McDonnell Douglas DC-9-51,2,Pratt & Whitney JT8D-17,1976,64951.0,43780.0, N649HA, 47715/825,Hawaiian Airlines,Domestic Scheduled Passenger,HA193,Honolulu International Airport,HNL,PHNL,United States of America,Kauai Island/Lihue Airport,LIH,PHLI,United States of America,5,134,0,0,-,-,Final
20000615-0,Thursday,15-JUN-2000,14:00,A2, Landing (LDG),Gisborne Airport (GIS),New Zealand,2,0, Substantial, Repaired,Swearingen SA227-AC Metro III,2,Garrett TPE331-11U-611G,1986,36925.0,24797.0, ZK-RCA, AC-637,Air New Zealand Link,Training,-,Gisborne Airport,GIS,NZGS,New Zealand,Gisborne Airport,GIS,NZGS,New Zealand,2,0,0,0,-,-,Final
