identifiant,week_day,date,time,type_event,phase,location,country,total_occupants,total_fatalities,aircraft_damage,aircraft_fate,type_aircraft,number_engines,type_engines,first_flight,cycles,total_airframe_hours,registration,c_n_msn,operator,nature,flight_number,departure_airport_name,departure_airport_IATA,departure_airport_ICAO,departure_airport_country,destination_airport_name,destination_airport_IATA,destination_airport_ICAO,destination_airport_country,crew_number,passengers_number,crew_fatalities,passengers_fatalities,collision_casualties,ground_casualties,status
20130706-0,Saturday,06-JUL-2013,11:28,A1, Landing (LDG),"San Francisco International Airport, CA (SFO)",United States of America,307,3, Destroyed, Written off (damaged beyond repair),Boeing 777-28EER,2,Pratt & Whitney PW4090,2006,5388.0,37120.0, HL7742, 29171/553,Asiana Airlines,International Scheduled Passenger,OZ214,Seoul-Incheon International Airport,ICN,RKSI,South Korea,San Francisco International Airport,SFO,KSFO,United States of America,16,291,0,3,-,-,Final
20130707-0,Sunday,07-JUL-2013,11:20,A1, Takeoff (TOF),"Soldotna Airport, AK (SXQ)",United States of America,10,10, Destroyed, Written off (damaged beyond repair),de Havilland Canada DHC-3T Texas Turbine Otter,1,Garrett TPE331-10R-511C,1958,-,-, N93PC, 280,Rediske Air,Domestic Non Scheduled Passenger,-,Soldotna Airport,SXQ,PASX,United States of America,-,-,-,-,1,9,1,9,-,-,Final
20130712-0,Friday,12-JUL-2013,16:34,O2, Standing (STD),London-Heathrow Airport (LHR),United Kingdom,0,0, Substantial, Repaired,Boeing 787-8 Dreamliner,2,General Electric GEnx-1B,2012,357.0,1865.0, ET-AOP, 34744/44,Ethiopian Airlines,-,-,-,-,-,-,-,-,-,-,0,0,0,0,-,-,Final
20130715-0,Monday,15-JUL-2013,08:00,A2, Approach (APR),near Matthews Ridge Airport (MWJ),Guyana,13,0, Substantial,-,Cessna 208B Grand Caravan,1,Pratt & Whitney Canada PT6A-114A,-,-,-, 8R-AMS,-,ASL,Domestic Scheduled Passenger,-,Georgetown-Cheddi Jagan International Airport,GEO,SYCJ,Guyana,Matthews Ridge Airport,MWJ,SYMR,Guyana,1,12,0,0,-,-,Preliminary
20130715-1,Monday,15-JUL-2013,08:00,A2, Maneuvering (MNV),"Shieli district, Kyzylorda region",Kazakhstan,2,0, Substantial, Repaired,Antonov An-2R,-,-,1974,-,-, UP-A0126, 1G155-58,Astana Flown Spur,Agricultural,-,-,-,-,-,-,-,-,-,2,0,0,0,-,-,Preliminary
20130717-0,Wednesday,17-JUL-2013,08:00,A2, Standing (STD),"Chicago-O'Hare International Airport, IL (ORD)",United States of America,11,0, Substantial, Repaired,Cessna 208B Grand Caravan,1,Pratt & Whitney Canada PT6A-114A,2004,-,10473.0, N732MD, 208B1083,Air Choice One,Domestic Non Scheduled Passenger,-,Chicago-O'Hare International Airport,ORD,KORD,United States of America,Burlington Airport,BRL,KBRL,United States of America,2,9,0,0,-,-,Final
20130719-0,Friday,19-JUL-2013,12:34,A1, En route (ENR),"Isla Perico, Panama City",Panama,8,0, Substantial,-,IRMA/Britten-Norman BN-2A-21 Islander,-,-,1977,-,-, HP-1338MF, 818,My Flight Corp,Domestic Non Scheduled Passenger,-,-,-,-,-,Panama City Albrook-Marcos A. Gelabert International Airport,BLB,MPLB,Panama,1,7,0,0,-,-,Preliminary
20130721-0,Sunday,21-JUL-2013,05:23,A2, Landing (LDG),Keflavík International Airport (KEF),Iceland,5,0, Substantial, Repaired,Sukhoi Superjet 100-95,2,PowerJet SaM146,2010,978.0,1150.0, 97005, 95005,Sukhoi Civil Aircraft,Test,-,Keflavík International Airport,KEF,BIKF,Iceland,Keflavík International Airport,KEF,BIKF,Iceland,5,0,0,0,-,-,Final
20130721-1,Sunday,21-JUL-2013,06:35,A2, Maneuvering (MNV),"Pyatikhatki, Krasnoperekopsky region",Ukraine,2,0, Substantial,-,Antonov An-2R,-,-,1989,-,-, UR-ART, 1G234-55,Albatross Avia,Agricultural,-,-,-,-,-,-,-,-,-,2,0,0,0,-,-,Final
20130722-0,Monday,22-JUL-2013,17:45,A1, Landing (LDG),"New York-La Guardia Airport, NY (LGA)",United States of America,150,0, Substantial, Written off (damaged beyond repair),Boeing 737-7H4 (WL),2,CFMI CFM56-7B22,1999,-,49536.0, N753SW, 29848/400,Southwest Airlines,Domestic Scheduled Passenger,WN345,Nashville International Airport,BNA,KBNA,United States of America,New York-La Guardia Airport,LGA,KLGA,United States of America,5,145,0,0,-,-,Final
20130725-0,Thursday,25-JUL-2013,-,A1, Unknown (UNK),unknown,United States of America,-,0, Substantial, Written off (damaged beyond repair),Canadair CL-600-2A12 Challenger 601,-,-,1986,-,-, N163WG, 3057,Blue Water Aviation,Unknown,-,-,-,-,-,-,-,-,-,-,-,0,0,-,-,-
20130728-0,Sunday,28-JUL-2013,-,A1, Initial climb (ICL),"0,5 km (0.3 mls) from  Shakhty Airport",Russia,1,0, Damaged beyond repair,-,Antonov An-2,-,-,-,-,-, FLA-3618K,-,private,Illegal Flight,-,-,-,-,-,-,-,-,-,1,0,0,0,-,-,Preliminary
20130729-0,Monday,29-JUL-2013,08:05,A1, Takeoff (TOF),Lubumbashi International Airport (FBM),Democratic Republic of the Congo,21,0, Substantial,-,Saab 340B,-,-,1991,-,-, UR-ARO, 340B-276,Air Urga,Domestic Non Scheduled Passenger,UNO805,Lubumbashi International Airport,FBM,FZQA,Democratic Republic of the Congo,Kalemie Airport,FMI,FZRF,Democratic Republic of the Congo,-,-,0,0,-,-,-
20130805-0,Monday,05-AUG-2013,13:29,A1, Approach (APR),"4,4 km (2.8 mls) NW of Akureyri Airport (AEY)",Iceland,3,2, Destroyed, Written off (damaged beyond repair),Beechcraft B200 Super King Air,2,Pratt & Whitney Canada PT6A-42,1983,18574.0,15247.0, TF-MYX, BB-1136,Mýflug Air,Ferry/positioning,-,Reykjavík Domestic Airport,RKV,BIRK,Iceland,Akureyri Airport,AEY,BIAR,Iceland,2,1,1,1,-,-,Final
20130805-1,Monday,05-AUG-2013,08:48,A2, Landing (LDG),"Minneapolis-Flying Cloud Airport, MN (FCM)",United States of America,2,0, Substantial, Repaired,Embraer EMB-505 Phenom 300,2,Pratt & Whitney Canada PW535E,2012,-,-, N327FL, 50500094,Flight Options,Ferry/positioning,-,Grand Junction-Walker Field,GJT,KGJT,United States of America,Minneapolis-Flying Cloud Airport,FCM,KFCM,United States of America,2,0,0,0,-,-,Final
20130806-0,Tuesday,06-AUG-2013,-,A1, Unknown (UNK),Danfeng County,China,3,1, Damaged beyond repair,-,Shijiazhuang Y-5B,-,-,1989,-,-, B-8473, 0101,Jingmen General Aviation,Agricultural,-,-,-,-,-,-,-,-,-,3,0,1,0,-,-,Preliminary
20130806-1,Tuesday,06-AUG-2013,-,A2, Taxi (TXI),Khartoum-Civil Airport (KRT),Sudan,55,0, Substantial, Repaired,Fokker 50,2,Pratt & Whitney Canada PW125B,1988,-,-, ST-ARG, 20130,Mid Airlines,Domestic Scheduled Passenger, 405,Khartoum-Civil Airport,KRT,HSSS,Sudan,El Obeid Airport,EBD,HSOB,Sudan,5,50,0,0,-,-,Preliminary
20130809-0,Friday,09-AUG-2013,02:06,A1, Standing (STD),Leipzig Airport (LEJ),Germany,7,0, Destroyed, Written off (damaged beyond repair),Antonov An-12BK,4,Ivchenko AI-20M,1969,5410.0,11219.0, UR-CAG, 9346904,Ukraine Air Alliance,Cargo,-,Leipzig Airport,LEJ,EDDP,Germany,Mineralnye Vody Airport,MRV,URMM,Russia,7,0,0,0,-,-,Final
20130809-1,Friday,09-AUG-2013,08:00,A1, Landing (LDG),Mogadishu International Airport (MGQ),Somalia,6,4, Damaged beyond repair,-,Antonov An-12B,-,-,1964,-,-, 1513, 4342009,Ethiopian AF,Military,-,Dire Dawa-Aba Tenna D Yilma Airport,DIR,HADR,Ethiopia,Mogadishu International Airport,MGQ,HCMM,Somalia,6,0,4,0,-,-,-
20130810-0,Saturday,10-AUG-2013,18:10,A1, Takeoff (TOF),Bienenfarm Airport,Germany,12,0, Substantial, Written off (damaged beyond repair),Antonov An-2T,1,Shvetsov ASh-62IR,1968,-,-, D-FWJC, 1G86-50,Air Tempelhof,Domestic Non Scheduled Passenger,-,-,-,-,-,Heringsdorf Airport,HDF,EDAH,Germany,1,11,0,0,-,-,Preliminary - official
20130810-1,Saturday,10-AUG-2013,09:33,A2, Standing (STD),"Melbourne-Tullamarine Airport, VIC (MEL)",Australia,-,0, Substantial, Repaired,Airbus A320-232,2,IAE V2527-A5,2010,-,-, VH-VGR, 4257,Jetstar Airways,Domestic Scheduled Passenger,-,Sydney-Kingsford Smith International Airport,SYD,YSSY,Australia,Melbourne-Tullamarine Airport,MEL,YMML,Australia,-,-,0,0,-,-,Final
20130810-2,Saturday,10-AUG-2013,09:33,A2, Pushback / towing (PBT),"Melbourne-Tullamarine Airport, VIC (MEL)",Australia,174,0, Substantial, Repaired,Boeing 737-8FE (WL),2,CFMI CFM56-7B26E,2011,-,-, VH-YID, 38709/3851,Virgin Australia Airlines,Domestic Scheduled Passenger,-,Melbourne-Tullamarine Airport,MEL,YMML,Australia,Sunshine Coast Airport,MCY,YBSU,Australia,6,168,0,0,-,-,Final
20130814-0,Wednesday,14-AUG-2013,04:47,A1, Approach (APR),"1 km (0.6 mls) N of Birmingham-Shuttlesworth International Airport, AL (BHM)",United States of America,2,2, Destroyed, Written off (damaged beyond repair),Airbus A300F4-622R,2,Pratt & Whitney PW4158,2003,-,-, N155UP, 841,UPS,Cargo,1354,Louisville International Airport,SDF,KSDF,United States of America,Birmingham-Shuttlesworth International Airport,BHM,KBHM,United States of America,2,0,2,0,-,-,Final
20130816-0,Friday,16-AUG-2013,12:48,A1, En route (ENR),26 km (16.3 mls) NW of Vilyuisk,Russia,11,0, Destroyed, Written off (damaged beyond repair),Antonov An-2TP,1,Shvetsov ASh-62IR,1988,10148.0,7587.0, RA-01419, 1G230-59,Polyarnye Avialinii,Domestic Scheduled Passenger,9977,-,-,-,-,-,-,-,-,2,9,0,0,-,-,Final
20130819-0,Monday,19-AUG-2013,17:12,A2, Landing (LDG),"Yellowknife Airport, NT (YZF)",Canada,24,0, Substantial,-,Douglas DC-3C,2,Pratt & Whitney R-1830-92,1943,-,-, C-GWIR, 9371,Buffalo Airways,Domestic Scheduled Passenger, 168,Yellowknife Airport,YZF,CYZF,Canada,Hay River Airport,YHY,CYHY,Canada,3,21,0,0,-,-,Final
20130820-0,Tuesday,20-AUG-2013,08:47,A1, Landing (LDG),Sucre-Juana Azurduy de Padilla International Airport (SRE),Bolivia,10,0, Substantial, Written off (damaged beyond repair),Swearingen SA227-DC Metro 23,2,Garrett TPE331-12UHR-701,1993,-,34960.0, CP-2655, DC-819B,Aerocon,Domestic Scheduled Passenger, 228,Potosí-Capitán Nicolas Rojas Airport,POI,SLPO,Bolivia,Sucre-Juana Azurduy de Padilla International Airport,SRE,SLSU,Bolivia,2,8,0,0,-,-,Final
20130822-0,Thursday,22-AUG-2013,-,A1, En route (ENR),Lake Manyara,Tanzania,7,0, Substantial, Written off (damaged beyond repair),Beechcraft B200C Super King Air,2,Pratt & Whitney Canada PT6A-41,1980,-,-, 5H-TZW, BL-17,Tanzanair,Domestic Non Scheduled Passenger,-,Bukoba Airport,BKZ,HTBU,Tanzania,Zanzibar-Kisauni Airport,ZNZ,HTZA,Tanzania,1,6,0,0,-,-,Preliminary
20130822-1,Thursday,22-AUG-2013,19:08,A1, En route (ENR),"13 km (8.1 mls) SE of Ivanhoe Lake, NT",Canada,1,1, Damaged beyond repair,-,de Havilland Canada DHC-3T Vazar Turbine Otter,1,Pratt & Whitney Canada PT6A-135A,1959,-,-, C-FSGD, 316,Transwest Air,Ferry/positioning,-,-,-,-,-,-,-,-,-,1,0,1,0,-,-,Final
20130822-2,Thursday,22-AUG-2013,15:25,A1, En route (ENR),"near Purisima del Maguey, Zacatecas",Mexico,5,0, Damaged beyond repair,-,Britten-Norman BN-2B-27 Islander,-,-,1980,-,-, XC-FEE, 2022,Chihuahua State Government,Official state flight,-,Chihuahua-Gen Fierro Villalobos Airport,CUU,MMCU,Mexico,Zacatecas-La Calera Airport,ZCL,MMZC,Mexico,1,4,0,0,-,-,Final
20130825-0,Sunday,25-AUG-2013,16:04,A1, Landing (LDG),Guri'el Airstrip,Somalia,50,0, Substantial, Written off (damaged beyond repair),Antonov An-26B-100,-,-,1990,-,-, EK-26818, 14101,South Airlines,Domestic Non Scheduled Passenger,-,Mogadishu International Airport,MGQ,HCMM,Somalia,-,-,-,-,5,45,0,0,-,-,Preliminary
20130901-0,Sunday,01-SEP-2013,13:09,A2, Landing (LDG),"Telluride Airport, CO (TEX)",United States of America,12,0, Substantial, Repaired,Beechcraft 1900D,2,Pratt & Whitney Canada PT6A-67D,1995,-,35184.0, N169GL, UE-169,Great Lakes Airlines,Domestic Scheduled Passenger,7125,Denver International Airport,DEN,KDEN,United States of America,Telluride Airport,TEX,KTEX,United States of America,2,10,0,0,-,-,Final
20130907-0,Saturday,07-SEP-2013,21:15,A1, Landing (LDG),Moskva-Vnukovo Airport (VKO),Russia,11,0, Substantial,-,Canadair CL-600-2B19 Regional Jet CRJ-200ER,2,General Electric CF34-3B1,2003,-,-, TC-EJA, 7763,MNG Jet,Executive,-,Napoli Airport,NAP,LIRN,Italy,Moskva-Vnukovo Airport,VKO,UUWW,Russia,4,7,0,0,-,-,Preliminary
20130908-0,Sunday,08-SEP-2013,23:26,A1, Landing (LDG),Bangkok-Suvarnabhumi International Airport (BKK),Thailand,302,0, Substantial, Written off (damaged beyond repair),Airbus A330-321,2,Pratt & Whitney PW4164,1995,-,-, HS-TEF, 066,Thai Airways International,International Scheduled Passenger, 679,Guangzhou Baiyun International Airport,CAN,ZGGG,China,Bangkok-Suvarnabhumi International Airport,BKK,VTBS,Thailand,14,288,0,0,-,-,Preliminary
20130908-1,Sunday,08-SEP-2013,20:45,A2, Landing (LDG),Hermosillo-Gen Pesqueira Garcia Airport (HMO),Mexico,7,0, Substantial,-,Learjet 35A,2,Garrett TFE731-2-2B,1980,-,-, XA-DAZ, 35A-340,Rajet Aeroservicios,Unknown,-,San Francisco International Airport,SFO,KSFO,United States of America,Hermosillo-Gen Pesqueira Garcia Airport,HMO,MMHO,Mexico,2,5,0,0,-,-,Preliminary
20130909-0,Monday,09-SEP-2013,09:50,A1, Approach (APR),"1,9 km (1.2 mls) SE of Viña del Mar Airport (KNA)",Chile,2,2, Damaged beyond repair,-,Dornier 228-202K,2,Garrett TPE331-5-252D,1986,-,25012.0, CC-CNW, 8063,CorpFlite,Ferry/positioning,-,-,-,-,-,Viña del Mar Airport,KNA,SCVM,Chile,2,0,2,0,-,-,Final
20130917-0,Tuesday,17-SEP-2013,20:00,O1, Standing (STD),Ouagadougou Airport (OUA),Burkina Faso,0,0, Substantial, Written off (damaged beyond repair),ATR 72-202,2,Pratt & Whitney Canada PW124B,1992,-,-, EC-LNP, 285,Helitt Líneas Aéreas,-,-,-,-,-,-,-,-,-,-,0,0,0,0,-,-,-
20130918-0,Wednesday,18-SEP-2013,07:34,A1, Landing (LDG),48 km (30 mls) W of Nyagan,Russia,7,0, Substantial, Written off (damaged beyond repair),Antonov An-2R,1,Shvetsov ASh-62IR,1986,24822.0,5277.0, RA-33017, 1G218-04,Sosvapromgeologiya,Domestic Non Scheduled Passenger,-,-,-,-,-,Nefteyugansk Airport,NFG,USRN,Russia,2,5,0,0,-,-,Final
20130923-0,Monday,23-SEP-2013,15:10,A2, Takeoff (TOF),Kerman International Airport (KER),Iran,443,0, Minor, Repaired,Boeing 747-3B3,4,General Electric CF6-50E2,1984,-,-, EP-MNE, 23480/641,Mahan Air,International Scheduled Passenger,IRM5070,Kerman International Airport,KER,OIKK,Iran,Madinah-Mohammad Bin Abdulaziz Airport,MED,OEMA,Saudi Arabia,24,419,0,0,-,-,Final
20130925-0,Wednesday,25-SEP-2013,14:00,A1, En route (ENR),"Hudson Bay, ON",Canada,1,1, Destroyed, Written off (damaged beyond repair),Cessna 208B Grand Caravan,1,Pratt & Whitney Canada PT6A-114A,1995,-,-, C-FEXV, 208B0482,Morningstar Air Express,Training,8988,Sault Ste. Marie Airport,YAM,CYAM,Canada,Sault Ste. Marie Airport,YAM,CYAM,Canada,1,0,1,0,-,-,Preliminary - official
20130926-0,Thursday,26-SEP-2013,10:18,I2, Approach (APR),"5,6 km (3.5 mls) WNW of Deauville-Saint Gatien Airport (DOL)",France,227,0, None,-,Airbus A321-231,2,IAE V2533-A5,1998,25500.0,38700.0, TC-OBZ, 811,Onur Air,Int'l Non Scheduled Passenger,8Q1985,Izmir-Adnan Menderes Airport,ADB,LTBJ,Turkey,Deauville-Saint Gatien Airport,DOL,LFRG,France,7,220,0,0,-,-,Final
20130927-0,Friday,27-SEP-2013,20:18,A2, Landing (LDG),Zürich-Kloten Airport (ZRH),Switzerland,64,0, Substantial, Repaired,de Havilland Canada DHC-8-402Q Dash 8,2,Pratt & Whitney Canada PW150A,2009,-,-, 9A-CQC, 4258,Croatia Airlines,International Scheduled Passenger,OU464,Zagreb-Pleso Airport,ZAG,LDZA,Croatia,Zürich-Kloten Airport,ZRH,LSZH,Switzerland,4,60,0,0,-,-,Final
20130929-0,Sunday,29-SEP-2013,21:01,A2, Landing (LDG),Roma-Fiumicino Airport (FCO),Italy,157,0, Substantial, Repaired,Airbus A320-216,2,CFMI CFM56-5B6/3,2010,6010.0,7974.0, EI-EIB, 4249,Alitalia,International Scheduled Passenger,AZ063,Madrid-Barajas Airport,MAD,LEMD,Spain,Roma-Fiumicino Airport,FCO,LIRF,Italy,6,151,0,0,-,-,Final
20130929-1,Sunday,29-SEP-2013,18:20,A1, Landing (LDG),"Santa Monica Airport, CA (SMO)",United States of America,4,4, Destroyed, Written off (damaged beyond repair),Cessna 525A CitationJet CJ2,2,Williams International FJ44-2C,2003,-,1933.0, N194SJ, 525A-0194,CREX-MML,Private,-,Hailey-Friedman Memorial Airport,SUN,KSUN,United States of America,Santa Monica Airport,SMO,KSMO,United States of America,1,3,1,3,-,-,Final
20131003-0,Thursday,03-OCT-2013,09:32,A1, Takeoff (TOF),Lagos-Murtala Muhammed International Airport (LOS),Nigeria,20,16, Destroyed, Written off (damaged beyond repair),Embraer EMB-120RT Brasilia,2,Pratt & Whitney Canada PW118A,1990,34609.0,27362.0, 5N-BJY, 120174,Associated Aviation,Domestic Non Scheduled Passenger, 361,Lagos-Murtala Muhammed International Airport,LOS,DNMM,Nigeria,Akure Airport,AKR,DNAK,Nigeria,7,13,5,11,-,-,Final
20131005-0,Saturday,05-OCT-2013,01:00,A1, En route (ENR),"Acandí, Chocó Province",Colombia,6,4, Damaged beyond repair,-,de Havilland Canada DHC-8-202,2,Pratt & Whitney Canada PW123D,1997,-,-, N356PH, 502,USAF,Military,-,-,-,-,-,-,-,-,-,2,4,0,4,-,-,Preliminary
20131006-0,Sunday,06-OCT-2013,08:45,A1, Landing (LDG),Udon Thani Airport (UTH),Thailand,28,0, Substantial, Written off (damaged beyond repair),Saab 340B,2,General Electric CT7-9B,1998,-,-, HS-GBG, 340B-453,Nok Mini Airlines,Domestic Scheduled Passenger,DD8610,Chiang Mai International Airport,CNX,VTCC,Thailand,Udon Thani Airport,UTH,VTUD,Thailand,3,25,0,0,-,-,Preliminary
20131006-1,Sunday,06-OCT-2013,06:05,A1, En route (ENR),"6,5 km (4.1 mls) W off  Cayo Luis Peña",Puerto Rico,1,1, Damaged beyond repair,-,Pilatus Britten-Norman BN-2A-8 Islander,2,Lycoming O-540-E4C5,1971,-,22575.0, N909GD, 239,Air Flamenco,Cargo,-,Vieques Airport,VQS,TJCG,Puerto Rico,Culebra Airport,CPX,TJCP,Puerto Rico,1,0,1,0,-,-,Final
20131006-2,Sunday,06-OCT-2013,14:25,A1, En route (ENR),"Sevryukova, Belgorod region",Russia,2,0, Damaged beyond repair,-,Antonov An-2,-,-,1982,-,-, RA-31505,-,Sputnik,Illegal Flight,-,-,-,-,-,-,-,-,-,1,1,0,0,-,-,- (No safety board investigation)
20131007-0,Monday,07-OCT-2013,23:00,A1, Standing (STD),Manila-Ninoy Aquino International Airport (MNL),Philippines,-,0, Substantial, Written off (damaged beyond repair),Airbus A330-301,2,General Electric CF6-80E1A2,1997,-,-, RP-C3336, 198,Philippine Air Lines,International Scheduled Passenger,PR512,Singapore-Changi International Airport,SIN,WSSS,Singapore,Manila-Ninoy Aquino International Airport,MNL,RPLL,Philippines,-,0,0,0,-,-,Final
20131010-0,Thursday,10-OCT-2013,14:50,A1, Landing (LDG),Kudat Airport (KUD),Malaysia,16,2, Substantial, Written off (damaged beyond repair),de Havilland Canada DHC-6 Twin Otter 310,2,Pratt & Whitney Canada PT6A-27,1983,108882.0,56828.0, 9M-MDM, 804,MASwings,Domestic Scheduled Passenger,MH3002,Kota Kinabalu Airport,BKI,WBKK,Malaysia,Kudat Airport,KUD,WBKT,Malaysia,2,14,1,1,-,-,Final
20131010-1,Thursday,10-OCT-2013,04:40,A1, Landing (LDG),"near Skulyn, Volyns'ka region",Ukraine,2,2, Destroyed, Written off (damaged beyond repair),Antonov An-2T,-,-,1969,-,-, UR-54853, 1G108-64,private,Illegal Flight,-,-,-,-,-,-,-,-,-,1,1,1,1,-,-,Preliminary
20131011-0,Friday,11-OCT-2013,-,A1, Takeoff (TOF),Likawage Airstrip,Tanzania,3,0, Destroyed, Written off (damaged beyond repair),Cessna 208B Grand Caravan,1,Pratt & Whitney Canada PT6A-114A,1994,-,-, 5H-KEN, 208B0384,Shine Aviation,Domestic Non Scheduled Passenger,-,-,-,-,-,Dar es Salaam Julius Nyerere International Airport,DAR,HTDA,Tanzania,2,1,0,0,-,-,Preliminary
20131012-1,Saturday,12-OCT-2013,16:40,A2, En route (ENR),"near Lincoln Municipal Airport, NE (LNK)",United States of America,2,0, Substantial, Repaired,Cessna 525A CitationJet CJ2+,2,Williams International FJ44-3A,2010,-,-, N368PK, 525A-0448,Executive AirShare,Ferry/positioning,-,Lincoln Municipal Airport,LNK,KLNK,United States of America,Kansas City Downtown Municipal Airport,MKC,KMKC,United States of America,2,0,0,0,-,-,Final
20131014-0,Monday,14-OCT-2013,-,A1, En route (ENR),26 km (16.3 mls) W of Loreto Airport (LTO),Mexico,14,14, Destroyed, Written off (damaged beyond repair),Cessna 208B Grand Caravan,1,Pratt & Whitney Canada PT6A-114A,2002,-,-, XA-TXM, 208B0947,AereoServicio Guerrero,Domestic Scheduled Passenger,-,Loreto Airport,LTO,MMLT,Mexico,Ciudad Constitución Airport,CUA,MMDA,Mexico,1,13,1,13,-,-,Preliminary
20131015-0,Tuesday,15-OCT-2013,19:04,A2, Landing (LDG),"Wichita-Colonel James Jabara Airport, KS",United States of America,2,0, Substantial, Repaired,Embraer EMB-500 Phenom 100,2,Pratt & Whitney Canada PW617F-E,2009,-,2294.0, N610AS, 50000044,Executive AirShare,Ferry/positioning,-,Kansas City-Charles B. Wheeler Downtown Airport,MKC,KMKC,United States of America,-,-,-,-,2,0,0,0,-,-,Final
20131016-0,Wednesday,16-OCT-2013,15:55,A1, Approach (APR),8 km (5 mls) NW of Pakse Airport (PKZ),Laos,49,49, Destroyed, Written off (damaged beyond repair),ATR 72-212A (ATR-72-600),2,Pratt & Whitney Canada PW127M,2013,-,758.0, RDPL-34233, 1071,Lao Airlines,Domestic Scheduled Passenger, 301,Vientiane-Wattay Airport,VTE,VLVT,Laos,Pakse Airport,PKZ,VLPS,Laos,5,44,5,44,-,-,Final
20131016-1,Wednesday,16-OCT-2013,09:15,A2, Taxi (TXI),"Kenora Airport, ON (YQK)",Canada,3,0, Substantial, Repaired,Hawker Siddeley HS-748-209 Srs.2A,2,Rolls-Royce Dart 534-2,1969,-,-, C-FFFS, 1663,Wasaya Airways,Cargo, 806,Sandy Lake Airport,ZSJ,CZSJ,Canada,Kenora Airport,YQK,CYQK,Canada,3,0,0,0,-,-,Preliminary - official
20131018-0,Friday,18-OCT-2013,10:17,A1, En route (ENR),"ca 3 km SE of Derby, KS",United States of America,2,2, Destroyed, Written off (damaged beyond repair),Cessna 500 Citation I,2,Pratt & Whitney Canada JT15D-1A,1975,-,7560.0, N610ED, 500-0241,Dufresne,Executive,-,Wichita-Mid-Continent Airport,ICT,KICT,United States of America,-,-,-,-,1,1,1,1,-,-,Final
20131019-0,Saturday,19-OCT-2013,11:49,A1, Landing (LDG),Balesin Airstrip,Philippines,75,0, Substantial, Written off (damaged beyond repair),British Aerospace BAe-146-200,4,Lycoming ALF502R-5,1985,-,-, RP-C5525, E2031,SkyJet Airlines,Domestic Non Scheduled Passenger,-,Manila-Ninoy Aquino International Airport,MNL,RPLL,Philippines,-,-,-,-,7,68,0,0,-,-,Preliminary
20131019-1,Saturday,19-OCT-2013,09:15,A1, Takeoff (TOF),Madang Airport (MAG),Papua New Guinea,3,0, Substantial, Written off (damaged beyond repair),ATR 42-320F,2,Pratt & Whitney Canada PW121,1988,-,24375.0, P2-PXY, 087,Farnair Switzerland,Cargo,PX2900,Madang Airport,MAG,AYMD,Papua New Guinea,Tabubil Airport,TBG,AYTB,Papua New Guinea,3,0,0,0,-,-,Final
20131021-0,Monday,21-OCT-2013,18:45,A2, Takeoff (TOF),"Piilani Highway, Kihei, Maui",United States of America,10,0, Substantial, Repaired,Cessna 208B Grand Caravan,1,Pratt & Whitney Canada PT6A-114A,2000,-,11828.0, N861MA, 208B0825,Mokulele Airlines,Domestic Scheduled Passenger,1770,Kahului Airport,OGG,PHOG,United States of America,Waimea-Kohala Airport,MUE,PHMU,United States of America,2,8,0,0,-,-,Final
20131023-0,Wednesday,23-OCT-2013,15:30,A2, Landing (LDG),"Homer Airport, AK (HOM)",United States of America,15,0, Substantial, Repaired,Beechcraft 1900C,2,Pratt & Whitney Canada PT6A-65B,1990,-,29841.0, N575U, UC-93,ERA Aviation,Domestic Scheduled Passenger, 878,Anchorage-Ted Stevens International Airport,ANC,PANC,United States of America,Homer Airport,HOM,PAHO,United States of America,2,13,0,0,-,-,Final
20131025-0,Friday,25-OCT-2013,01:25,A1, Initial climb (ICL),Paris-Charles de Gaulle Airport (CDG),France,2,0, Substantial, Written off (damaged beyond repair),Fokker F-27 Friendship 500F,2,Rolls-Royce Dart 532-7,1968,-,-, I-MLVT, 10373,Europe Airpost,Cargo,5921,Paris-Charles de Gaulle Airport,CDG,LFPG,France,Dole-Jura Airport,DLE,LFGJ,France,2,0,0,0,-,-,Final
20131026-0,Saturday,26-OCT-2013,-,A1, Unknown (UNK),"Tayozhny, Krasnoyarsk region, East Siberia",Russia,4,2, Damaged beyond repair,-,Antonov An-2,-,-,-,-,-, unreg.,-,private,Private,-,-,-,-,-,-,-,-,-,2,2,2,0,-,-,-
20131029-0,Tuesday,29-OCT-2013,-,A2, Landing (LDG),Pogapa Airstrip,Indonesia,-,0, Substantial, Repaired,Cessna 208B Grand Caravan,-,-,2012,-,-, PK-ICY, 208B2354,Pegasus Air Services,Unknown,-,-,-,-,-,-,-,-,-,-,-,0,0,-,-,Preliminary
20131103-0,Sunday,03-NOV-2013,15:58,A1, Landing (LDG),Riberalta Airport (RIB),Bolivia,18,8, Destroyed, Written off (damaged beyond repair),Swearingen SA227-AC Metro III,-,-,1989,-,-, CP-2754, AC-721B,Aerocon,Domestic Scheduled Passenger,  25,Trinidad Airport,TDD,SLTR,Bolivia,Riberalta-Gen Buech Airport,RIB,SLRI,Bolivia,2,16,0,8,-,-,Preliminary
20131103-1,Sunday,03-NOV-2013,19:08,A1, En route (ENR),"Devil's Hole, Saint Mary, Jersey",United Kingdom,5,0, Substantial, Written off (damaged beyond repair),Pilatus Britten-Norman BN-2B-21 Islander,2,Lycoming IO-540-K1B5,1982,-,-, G-CIAS, 2162,Channel Islands Air Search,Survey/research,-,Guernsey Airport,GCI,EGJB,United Kingdom,Guernsey Airport,GCI,EGJB,United Kingdom,1,4,0,0,-,-,Preliminary - official
20131104-0,Monday,04-NOV-2013,22:36,C1, Standing (STD),"13 km (8.1 mls) N of Buena Vista, Apure",Venezuela,3,0, Destroyed, Written off (damaged beyond repair),Hawker Siddeley DH-125-400A,2,Garrett TFE731-3-1RH,1969,-,-, XB-MGM, 25175/NA713,Unknown,Illegal Flight,-,Bonaire-Flamingo International Airport,BON,TNCB,Caribbean Netherlands,La Ceiba Airport,LCE,MHLC,Honduras,2,1,0,0,-,-,Preliminary
20131107-0,Thursday,07-NOV-2013,16:30,A2, Taxi (TXI),"Buenos Aires-Jorge Newbery Airport, BA (AEP)",Argentina,88,0, Minor, Repaired,Boeing 737-7Q8 (WL),2,CFMI CFM56-7B24,2002,23010.0,32780.0, LV-CYO, 30633/1220,Aerolineas Argentinas,Domestic Scheduled Passenger,AR1478,Buenos Aires-Jorge Newbery Airport,AEP,SABE,Argentina,Tucumán-Benj Matienzo Airport,TUC,SANT,Argentina,5,83,0,0,-,-,Final
20131107-1,Thursday,07-NOV-2013,16:30,A2, Standing (STD),"Buenos Aires-Jorge Newbery Airport, BA (AEP)",Argentina,92,0, Minor, Repaired,Embraer ERJ 190-100 IGW (ERJ-190AR),2,General Electric CF34-10E5,2011,4799.0,6918.0, LV-CIE, 19000414,Austral Lineas Aéreas,International Scheduled Passenger,AU2255,São Paulo-Guarulhos International Airport,GRU,SBGR,Brazil,Buenos Aires-Jorge Newbery Airport,AEP,SABE,Argentina,5,87,0,0,-,-,Final
20131110-0,Sunday,10-NOV-2013,18:29,A1, Approach (APR),"ca 0,8 km S of Red Lake Airport, ON (YRL)",Canada,7,5, Destroyed, Written off (damaged beyond repair),Swearingen SA227-AC Metro III,2,Garrett TPE331-11U-612G,1991,-,35474.0, C-FFZN, AC-785B,Bearskin Airlines,Domestic Scheduled Passenger,JV311,Sioux Lookout Airport,YXL,CYXL,Canada,Red Lake Airport,YRL,CYRL,Canada,2,5,2,3,-,-,Final
20131115-0,Friday,15-NOV-2013,05:45,A2, Landing (LDG),"Buenos Aires/Ezeiza-Ministro Pistarini Airport, BA (EZE)",Argentina,101,0, Substantial, Repaired,Embraer ERJ 190-100 IGW (ERJ-190AR),2,General Electric CF34-10E5A1,2011,4469.0,6342.0, LV-CKZ, 19000439,Austral Lineas Aéreas,International Scheduled Passenger,AU2255,Rio de Janeiro-Galeão International Airport,GIG,SBGL,Brazil,Buenos Aires/Ezeiza-Ministro Pistarini Airport,EZE,SAEZ,Argentina,5,96,0,0,-,-,Final
20131117-0,Sunday,17-NOV-2013,19:23,A1, Approach (APR),Kazan Airport (KZN),Russia,50,50, Destroyed, Written off (damaged beyond repair),Boeing 737-53A,2,CFMI CFM56-3C1,1990,36596.0,51547.0, VQ-BBN, 24785/1882,Tatarstan,Domestic Scheduled Passenger,U9363,Moskva-Domodedovo Airport,DME,UUDD,Russia,Kazan Airport,KZN,UWKD,Russia,6,44,6,44,-,-,Final
20131117-1,Sunday,17-NOV-2013,-,A2, Landing (LDG),"Kamako, West-Kasaï",Democratic Republic of the Congo,-,0, Substantial,-,Antonov An-2R,-,-,-,-,-, 9Q-CFT, 1G223-14, Air Kasai,Unknown,-,Tshikapa Airport,TSH,FZUK,Democratic Republic of the Congo,-,-,-,-,-,-,0,0,-,-,-
20131119-0,Tuesday,19-NOV-2013,19:56,A1, Initial climb (ICL),"5 km (3.1 mls) NE off  Fort Lauderdale International Airport, FL (FLL)",United States of America,4,4, Destroyed, Written off (damaged beyond repair),Learjet 35A,2,Garrett TFE731-2-2B,1979,-,6842.0, XA-USD, 35A-255,Aero J.L.,Ferry/positioning,-,Fort Lauderdale International Airport,FLL,KFLL,United States of America,Cozumel Airport,CZM,MMCZ,Mexico,2,2,2,2,-,-,Final
20131122-0,Friday,22-NOV-2013,13:30,A2, Landing (LDG),"Badami Airport, AK",United States of America,3,0, Substantial, Repaired,Beechcraft 1900C-1,2,Pratt & Whitney Canada PT6A-65B,1991,-,35402.0, N575X, UC-149,Era Alaska,Domestic Non Scheduled Passenger,ERR75X,Prudhoe Bay/Deadhorse Airport,SCC,PASC,United States of America,-,-,-,-,2,1,0,0,-,-,Final
20131124-0,Sunday,24-NOV-2013,08:08,A2, Landing (LDG),"São Paulo/Campinas-Viracopos International Airport, SP (VCP)",Brazil,3,0, Substantial, Repaired,McDonnell Douglas MD-11F,3,General Electric CF6-80C2D1F,1998,12388.0,66274.0, D-ALCE, 48785/629,Lufthansa Cargo,Cargo,LH8258,Dakar-Léopold Sédar Senghor International Airport,DKR,GOOY,Senegal,São Paulo/Campinas-Viracopos International Airport,VCP,SBKP,Brazil,3,0,0,0,-,-,Preliminary - official
20131124-1,Sunday,24-NOV-2013,20:40,A2, En route (ENR),"28 km (17.5 mls) N of Philadelphia International Airport, PA (PHL)",United States of America,40,0, Substantial, Repaired,de Havilland Canada DHC-8-102,2,Pratt & Whitney Canada PW120A,1991,-,53120.0, N808EX, 299,US Airways Express,Domestic Scheduled Passenger,4314,Binghamton Airport,BGM,KBGM,United States of America,Philadelphia International Airport,PHL,KPHL,United States of America,3,37,0,0,-,-,Final
20131125-0,Monday,25-NOV-2013,13:30,A1, En route (ENR),Kibeni,Papua New Guinea,10,3, Substantial, Written off (damaged beyond repair),Cessna 208B Grand Caravan,1,Pratt & Whitney Canada PT6A-114A,2007,-,-, P2-SAH, 208B1263,Tropicair,Domestic Non Scheduled Passenger,-,-,-,-,-,-,-,-,-,1,9,0,3,-,-,Final
20131125-1,Monday,25-NOV-2013,16:20,A2, Landing (LDG),Buon Me Thuot (Ban Me Thuot)-Phung-Duc Airport (BMV),Vietnam,9,0, Substantial,-,Beechcraft B200 Super King Air,2,Pratt & Whitney Canada PT6A-42,1989,-,-, VN-B594, BB-1329,VASCO,"Aerial Work (Calibration, Photo)",-,Dalat-Lienkhang Airport,DLI,VVDL,Vietnam,Buon Me Thuot (Ban Me Thuot)-Phung-Duc Airport,BMV,VVBM,Vietnam,3,6,0,0,-,-,Preliminary
20131125-2,Monday,25-NOV-2013,10:21,A2, En route (ENR),"Nuiqsut, AK",United States of America,3,0, Substantial, Repaired,Douglas C-118A Liftmaster (DC-6A),4,Pratt & Whitney R-2800,1955,-,-, N100CE, 44662/629,Everts Air Cargo,Cargo,-,Deadhorse-Alpine Airstrip,DQH,PALP,United States of America,Nuiqsut Airport,NUI,PAQT,United States of America,3,0,0,0,-,-,Final
20131129-0,Friday,29-NOV-2013,13:16,C1, En route (ENR),Bwabwata National Park,Namibia,33,33, Destroyed, Written off (damaged beyond repair),Embraer ERJ 190-100 IGW (ERJ-190AR),2,General Electric CF34-10E5,2012,1877.0,2905.0, C9-EMC, 19000581,LAM,International Scheduled Passenger, 470,Maputo International Airport,MPM,FQMA,Mozambique,Luanda Airport,LAD,FNLU,Angola,6,27,6,27,-,-,Final
20131129-1,Friday,29-NOV-2013,18:24,A1, Approach (APR),"1,6 km (1 mls) SE of Saint Mary's Airport, AK (KSM)",United States of America,10,4, Destroyed, Written off (damaged beyond repair),Cessna 208B Grand Caravan,1,Pratt & Whitney Canada PT6A-114A,1998,-,12653.0, N12373, 208B0697,Era Alaska,Domestic Scheduled Passenger,1453,Bethel Airport,BET,PABE,United States of America,Saint Mary's Airport,KSM,PASM,United States of America,1,9,1,3,-,-,Final
20131129-2,Friday,29-NOV-2013,09:30,A2, Approach (APR),20 km (12.5 mls) E of Fukue Airport (FUJ),Japan,41,0, Substantial, Repaired,Bombardier DHC-8-402Q Dash 8,2,Pratt & Whitney Canada PW150A,2013,-,811.0, JA462A, 4445,ANA Wings,Domestic Scheduled Passenger,NH4915,Fukuoka Airport,FUK,RJFF,Japan,Fukue Airport,FUJ,RJFE,Japan,5,36,0,0,-,-,Final
20131130-0,Saturday,30-NOV-2013,-,A1, Landing (LDG),Omega Airport (OMG),Namibia,6,0, Substantial, Written off (damaged beyond repair),Antonov An-26B,-,-,1985,-,-, NAF-3-642, 14401,Namibian Air Force,Military,-,-,-,-,-,Omega Airport,OMG,FYOE,Namibia,-,-,0,0,-,-,Preliminary
20131130-1,Saturday,30-NOV-2013,-,C1, Standing (STD),SW of San Fernando de Apure,Venezuela,0,0, Damaged beyond repair,-,Learjet 35A,-,-,1980,-,-, (N175BA), 35A-299,Unknown,Illegal Flight,-,-,-,-,-,-,-,-,-,0,0,0,0,-,-,-
20131202-0,Monday,02-DEC-2013,20:10,A1, En route (ENR),"2 km (1.3 mls) SSW of La Alianza, Arecibo",Puerto Rico,2,2, Destroyed, Written off (damaged beyond repair),Swearingen SA227-AC Metro III,2,Garrett TPE331-11U-612G,1986,35698.0,33888.0, N831BC, AC-654B,IBC Airways,Cargo, 405,Santo Domingo-Las Américas José Francisco Peña Gómez Int'l Airport,SDQ,MDSD,Dominican Republic,San Juan-Luis Muñoz Marín International Airport,SJU,TJSJ,Puerto Rico,2,0,2,0,-,-,Final
20131202-1,Monday,02-DEC-2013,16:10,A2, En route (ENR),"over Walton, IN",United States of America,3,0, Substantial,-,Cessna 560 Citation Encore,2,Pratt & Whitney Canada PW535A,2002,-,7752.0, N810QS, 560-0625,NetJets,Domestic Non Scheduled Passenger,-,Fort Myers-Southwest Florida Regional Airport,RSW,KRSW,United States of America,Chicago-Midway Airport,MDW,KMDW,United States of America,2,1,0,0,-,-,Final
20131203-0,Tuesday,03-DEC-2013,12:28,A2, Landing (LDG),London-Heathrow Airport (LHR),United Kingdom,64,0, Substantial, Repaired,Airbus A320-214,2,CFMI CFM56-5B4,1995,-,-, HB-IJB, 545,Swiss,International Scheduled Passenger,-,Zürich-Kloten Airport,ZRH,LSZH,Switzerland,London-Heathrow Airport,LHR,EGLL,United Kingdom,7,57,0,0,-,-,Final
20131204-0,Wednesday,04-DEC-2013,21:19,A1, Landing (LDG),Abuja International Airport (ABV),Nigeria,6,0, Damaged beyond repair,-,Boeing 747-281BSF,4,General Electric CF6-50E2,1986,-,-, EK74798, 23698/667,Veteran Airline,Cargo,-,-,-,-,-,Abuja International Airport,ABV,DNAA,Nigeria,6,0,0,0,-,-,Preliminary
20131204-2,Wednesday,04-DEC-2013,11:25,A1, Initial climb (ICL),"0,5 km (0.3 mls) W of Pikany Indian Airstrip, PA",Brazil,5,5, Destroyed, Written off (damaged beyond repair),Britten-Norman BN-2A-3 Islander,2,Lycoming IO-540-K1B5,1974,-,-, PT-WMY, 314,Heringer Táxi Aéreo,Ambulance,-,-,-,-,-,-,-,-,-,1,4,1,4,-,-,Final
20131205-0,Thursday,05-DEC-2013,12:05,A2, Landing (LDG),Madrid-Barajas Airport (MAD),Spain,203,0, Minor, Repaired,Boeing 767-332ER (WL),2,Pratt & Whitney PW4060,1992,-,95491.0, N182DN, 25987/461,Delta Air Lines,International Scheduled Passenger,DL415,Madrid-Barajas Airport,MAD,LEMD,Spain,New York-John F. Kennedy International Airport,JFK,KJFK,United States of America,11,192,0,0,-,-,Final
20131210-0,Tuesday,10-DEC-2013,03:25,A2, Landing (LDG),London-Stansted Airport (STN),United Kingdom,5,0, Unknown,-,Gulfstream G550,-,-,2004,-,-, HZ-A6, 5038,Alpha Star Aviation Services,Int'l Non Scheduled Passenger,-,Riyadh-King Khalid International Airport,RUH,OERK,Saudi Arabia,London-Stansted Airport,STN,EGSS,United Kingdom,2,3,0,0,-,-,Final
20131210-1,Tuesday,10-DEC-2013,10:20,A2, Initial climb (ICL),Guayaramerín Airport (GYA),Bolivia,25,0, Substantial,-,Fokker F-27 Friendship 400M,2,Rolls-Royce Dart 536-7P,1978,-,-, FAB-90, 10578,TAM,Domestic Scheduled Passenger, 620,Guayaramerín Airport,GYA,SLGY,Bolivia,Trinidad Airport,TDD,SLTR,Bolivia,-,-,0,0,-,-,Preliminary
20131211-0,Wednesday,11-DEC-2013,15:45,A1, Initial climb (ICL),"ca 800 m N off Kalaupapa Airport, HI (LUP)",United States of America,9,1, Substantial, Written off (damaged beyond repair),Cessna 208B Grand Caravan,1,Pratt & Whitney Canada PT6A-114A,2002,-,4881.0, N687MA, 208B1002,Makani Kai Air,Domestic Scheduled Passenger,-,Kalaupapa Airport,LUP,PHLU,United States of America,Honolulu International Airport,HNL,PHNL,United States of America,1,8,0,1,-,-,Final
20131213-0,Friday,13-DEC-2013,10:00,A2, Taxi (TXI),Amsterdam-Schiphol International Airport (AMS),Netherlands,-,0, Minor, Repaired,Boeing 757-2B7 (WL),2,Rolls-Royce RB211-535E4,1995,-,-, N202UW, 27811/681,US Airways,International Scheduled Passenger,US798,Philadelphia International Airport,PHL,KPHL,United States of America,Amsterdam-Schiphol International Airport,AMS,EHAM,Netherlands,-,-,0,0,-,-,Final
20131213-1,Friday,13-DEC-2013,10:00,A2, Standing (STD),Amsterdam-Schiphol International Airport (AMS),Netherlands,-,0, Substantial, Repaired,Boeing 737-8K2 (WL),2,CFMI CFM56-7B24,2008,-,-, PH-BXZ, 30368/2533,KLM,International Scheduled Passenger,-,Amsterdam-Schiphol International Airport,AMS,EHAM,Netherlands,Roma-Fiumicino Airport,FCO,LIRF,Italy,-,-,0,0,-,-,Final
20131217-0,Tuesday,17-DEC-2013,19:24,A1, Approach (APR),"6 km (3.8 mls) NW of Atlanta-Fulton County Airport, GA (FTY)",United States of America,2,2, Destroyed, Written off (damaged beyond repair),Raytheon 390 Premier I,2,Williams International FJ44-2A,2003,-,713.0, N50PM, RB-80,Mallen Industries,Private,-,Atlanta-Fulton County Airport,FTY,KFTY,United States of America,New Orleans-Lakefront Airport,NEW,KNEW,United States of America,1,1,1,1,-,-,Final
20131219-0,Thursday,19-DEC-2013,-,A2, Landing (LDG),Juba Airport (JUB),South Sudan,-,0, Substantial, Repaired,Boeing 737-58E,2,CFMI CFM56-3C1,1998,-,-, ST-NVG, 29122/2991, Nova Airways,Unknown,-,Khartoum-Civil Airport,KRT,HSSS,Sudan,Juba Airport,JUB,HSSJ,South Sudan,-,-,0,0,-,-,Preliminary
20131222-0,Sunday,22-DEC-2013,22:43,A1, Taxi (TXI),Johannesburg-O.R. Tambo International Airport (JNB),South Africa,202,0, Substantial, Written off (damaged beyond repair),Boeing 747-436,4,Rolls-Royce RB211-524G,1990,12832.0,110578.0, G-BNLL, 24054/794,British Airways,International Scheduled Passenger,BA034,Johannesburg-O.R. Tambo International Airport,JNB,FAOR,South Africa,London-Heathrow Airport,LHR,EGLL,United Kingdom,17,185,0,0,-,-,Final
20130102-0,Wednesday,02-JAN-2013,10:11,A1, Taxi (TXI),"Mendoza-El Plumerillo Airport, MD (MDZ)",Argentina,33,0, Substantial, Written off (damaged beyond repair),Saab 340A,2,General Electric CT7-5A2,1988,-,47798.0, LV-BMD, 340A-123,SOL Líneas Aéreas,Domestic Scheduled Passenger,8R5420,Mendoza-El Plumerillo Airport,MDZ,SAME,Argentina,Comodoro Rivadavia Airport,CRD,SAVC,Argentina,3,30,0,0,-,-,Final
20130104-0,Friday,04-JAN-2013,11:45,A1, En route (ENR),between Los Roques and Caracas,Venezuela,6,6, Damaged beyond repair,-,Britten-Norman BN-2A-27 Islander,-,-,1968,-,-, YV2615, 20,Transaereo 5074,Domestic Non Scheduled Passenger,-,Los Roques Airport,LRV,SVRS,Venezuela,Caracas-Simón Bolívar International Airport,CCS,SVMI,Venezuela,2,4,2,4,-,-,Preliminary
20130108-0,Tuesday,08-JAN-2013,15:00,A2, Landing (LDG),Santa Cruz-El Trompillo Airport (SRZ),Bolivia,12,0, Substantial, Repaired,Let L-410UVP-E9,2,Walter M-601E,1986,-,-, CP-2382, 861727,Aeroeste,Domestic Scheduled Passenger,-,-,-,-,-,Santa Cruz-El Trompillo Airport,SRZ,SLET,Bolivia,2,10,0,0,-,-,Preliminary - official
20130115-0,Tuesday,15-JAN-2013,19:58,A1, En route (ENR),"2,5 km (1.6 mls) W of Pellston Regional Airport, MI (PLN)",United States of America,1,1, Destroyed, Written off (damaged beyond repair),Cessna 208B Super Cargomaster,1,Pratt & Whitney Canada PT6A-114A,1994,-,10132.0, N1120N, 208B0386,Martinaire,Cargo, 605,Pellston Regional Airport,PLN,KPLN,United States of America,Lansing-Capital City Airport,LAN,KLAN,United States of America,1,0,1,0,-,-,Final
20130117-0,Thursday,17-JAN-2013,10:30,A1, Landing (LDG),Bloemspruit Air Force Base (BFN),South Africa,5,0, Damaged beyond repair,-,CASA C-212 Aviocar 300,-,-,1988,-,-, 8020, 371,South African AF,Military,-,-,-,-,-,Bloemspruit Air Force Base,BFN,FABL,South Africa,5,0,0,0,-,-,-
20130123-0,Wednesday,23-JAN-2013,22:01,A1, En route (ENR),Mount Elizabeth,Antarctica,3,3, Destroyed, Written off (damaged beyond repair),de Havilland Canada DHC-6 Twin Otter 300,2,Pratt & Whitney Canada PT6A-34,1979,-,28200.0, C-GKBC, 650,Kenn Borek Air,Ferry/positioning,-,-,-,-,-,-,-,-,-,3,0,3,0,-,-,Final
20130125-0,Friday,25-JAN-2013,04:57,A2, Landing (LDG),"Denver International Airport, CO (DEN)",United States of America,2,0, Substantial, Repaired,McDonnell Douglas MD-11F,3,General Electric CF6-80C2D1F,1996,-,-, N618FE, 48754/604,FedEx,Cargo,1420,-,-,-,-,Denver International Airport,DEN,KDEN,United States of America,2,0,0,0,-,-,Preliminary - official
20130125-1,Friday,25-JAN-2013,08:27,A1, Landing (LDG),Okiwi Station Airport,New Zealand,9,0, Substantial, Written off (damaged beyond repair),Britten-Norman BN-2B-26 Islander,-,-,1984,-,-, ZK-DLA, 2131,Fly My Sky,Domestic Scheduled Passenger,-,-,-,-,-,-,-,-,-,1,8,0,0,-,-,Final
20130129-0,Tuesday,29-JAN-2013,13:10,A1, Approach (APR),"1,6 km (1 mls) NE of Almaty Airport (ALA)",Kazakhstan,21,21, Destroyed, Written off (damaged beyond repair),Canadair CL-600-2B19 Regional Jet CRJ-200ER,2,General Electric CF34-3B1,2000,22975.0,25707.0, UP-CJ006, 7413,SCAT,Domestic Scheduled Passenger,DV760,Kokshetau Airport,KOV,UACK,Kazakhstan,Almaty Airport,ALA,UAAA,Kazakhstan,5,16,5,16,-,-,Final
20130202-0,Saturday,02-FEB-2013,20:32,A1, Landing (LDG),Roma-Fiumicino Airport (FCO),Italy,50,0, Substantial, Written off (damaged beyond repair),ATR 72-212A (ATR-72-500),2,Pratt & Whitney Canada PW127F,1997,-,24088.0, YR-ATS, 533,Alitalia,Domestic Scheduled Passenger,AZ1670,Pisa-Galileo Galilei Airport,PSA,LIRP,Italy,Roma-Fiumicino Airport,FCO,LIRF,Italy,4,46,0,0,-,-,Final
20130206-0,Wednesday,06-FEB-2013,14:23,A1, Landing (LDG),Tunis-Carthage Airport (TUN),Tunisia,83,0, Substantial, Written off (damaged beyond repair),Airbus A320-211,2,CFMI CFM56-5A1,1990,-,-, TS-IMB, 119,Tunis Air,International Scheduled Passenger, 712,Casablanca-Mohamed V Airport,CMN,GMMN,Morocco,Tunis-Carthage Airport,TUN,DTTA,Tunisia,8,75,0,0,-,-,Preliminary - official
20130207-0,Thursday,07-FEB-2013,12:10,A1, En route (ENR),"Knyazhin, Zhytomyr region",Ukraine,1,0, Substantial,-,Antonov An-2R,1,Shvetsov ASh-62IR,1979,-,7843.0, UR-54853, 1G184-60,Poltava-Aero,Unknown,-,Rivne International Airport,RWN,UKLR,Ukraine,Poltava Airport,PLV,UKHP,Ukraine,1,0,0,0,-,-,Preliminary - official
20130209-0,Saturday,09-FEB-2013,11:42,A2, Landing (LDG),"Blue River Airport, BC",Canada,-,0, Substantial, Repaired,Beechcraft 1900C,2,Pratt & Whitney Canada PT6A-65B,1986,-,-, C-FPCO, UB-52,Pacific Coastal,Domestic Scheduled Passenger, 199,Vancouver International Airport,YVR,CYVR,Canada,-,-,-,-,-,-,0,0,-,-,Preliminary - official
20130211-0,Monday,11-FEB-2013,07:10,A1, Approach (APR),ca 4 km S of Monrovia-Roberts International Airport (ROB),Liberia,11,11, Destroyed, Written off (damaged beyond repair),IPTN/CASA CN-235-220,2,General Electric CT7-9C,1992,-,-, 3X-GGG, N.020,Republique de Guinée,Military,-,Conakry Airport,CKY,DGCY,Guinea,Monrovia-Roberts International Airport,ROB,GLRB,Liberia,5,6,5,6,-,-,Preliminary
20130211-1,Monday,11-FEB-2013,13:30,A1, Landing (LDG),Muscat-Seeb Airport (MCT),Oman,108,0, Substantial, Written off (damaged beyond repair),Boeing 737-33A,2,CFMI CFM56-3B2,1992,-,-, AP-BEH, 25504/2341,PIA,International Scheduled Passenger,PK259,Sialkot Airport,SKT,OPST,Pakistan,Muscat-Seeb Airport,MCT,OOMS,Oman,-,-,0,0,-,-,Preliminary
20130211-2,Monday,11-FEB-2013,19:45,A2, Taxi (TXI),"Salta-Martín Miguel de Güemes International Airport, SA (SLA)",Argentina,71,0, Unknown, Repaired,McDonnell Douglas MD-83,2,Pratt & Whitney JT8D-219,1991,27312.0,60663.0, LV-AYD, 53015/1818,Andes Líneas Aéreas,Domestic Scheduled Passenger,-,Buenos Aires-Jorge Newbery Airport,AEP,SABE,Argentina,Salta-Martín Miguel de Güemes International Airport,SLA,SASA,Argentina,6,65,0,0,-,-,Final
20130213-0,Wednesday,13-FEB-2013,18:09,A1, Landing (LDG),Donetsk Airport (DOK),Ukraine,52,5, Destroyed, Written off (damaged beyond repair),Antonov An-24RV,2,Ivchenko AI-24VT,1973,32645.0,51136.0, UR-WRA, 37308709,South Airlines,Domestic Non Scheduled Passenger,8971,Odessa-Central Airport,ODS,UKOO,Ukraine,Donetsk Airport,DOK,UKCC,Ukraine,8,44,0,5,-,-,Final
20130215-0,Friday,15-FEB-2013,09:00,A1, Landing (LDG),Berlin-Schönefeld Airport (SXF),Germany,3,0, Substantial, Written off (damaged beyond repair),Embraer EMB-500 Phenom 100,2,Pratt & Whitney Canada PW617F-E,2010,534.0,562.0, OO-MAS, 50000196,Abelag Aviation,Int'l Non Scheduled Passenger,-,Kortrijk-Wevelgem International Airport,KJK,EBKT,Belgium,Berlin-Schönefeld Airport,SXF,EDDB,Germany,2,1,0,0,-,-,Final
20130220-0,Wednesday,20-FEB-2013,20:06,A1, Initial climb (ICL),"Thomson-McDuffie County Airport, GA",United States of America,7,5, Destroyed, Written off (damaged beyond repair),Hawker Beechcraft 390 Premier IA,2,Williams International FJ44-2A,2007,-,503.0, N777VG, RB-208,The Vein Guys,Executive,-,-,-,-,-,-,-,-,-,2,5,0,5,-,-,Final
20130228-0,Thursday,28-FEB-2013,-,A1, Landing (LDG),Wau Airport (WUU),South Sudan,2,0, Damaged beyond repair,-,Let L-410UVP-E9,2,Walter M-601E,1991,-,-, LZ-CCJ, 022634,Heli Air Services,Unknown,-,-,-,-,-,Wau Airport,WUU,HSWW,South Sudan,2,0,0,0,-,-,Preliminary
20130302-0,Saturday,02-MAR-2013,13:45,A1, En route (ENR),2 km (1.3 mls) from  Rybinsk Airport (RYB),Russia,14,0, Substantial, Written off (damaged beyond repair),Antonov An-2T,-,-,1981,-,-, RF-01024, 1G194-39,DOSAAF,Parachuting,-,Rybinsk Airport,RYB,UUBK,Russia,Rybinsk Airport,RYB,UUBK,Russia,2,12,0,0,-,-,Preliminary
20130302-1,Saturday,02-MAR-2013,20:10,A2, Landing (LDG),"Ponta Delgada-João Paulo II Airport, Azores (PDL)",Portugal,125,0, Substantial, Repaired,Airbus A310-304,2,General Electric CF6-80C2A2,1991,20239.0,60612.0, CS-TGU, 571,SATA Internacional,Domestic Scheduled Passenger,S4129,Lisboa-Portela de Sacavém Airport,LIS,LPPT,Portugal,Ponta Delgada-João Paulo II Airport,PDL,LPPD,Portugal,8,117,0,0,-,-,Final
20130304-0,Monday,04-MAR-2013,08:39,A1, Takeoff (TOF),"0,5 km (0.3 mls) SE of Annemasse Airport (QNJ)",France,3,2, Destroyed, Written off (damaged beyond repair),Hawker Beechcraft 390 Premier IA,2,Williams International FJ44-2A,2007,1404.0,1388.0, VP-CAZ, RB-202,Global Jet Luxembourg,Private,-,Annemasse Airport,QNJ,LFLI,France,Genève-Cointrin Airport,GVA,LSGG,Switzerland,1,2,1,1,-,-,Final
20130304-1,Monday,04-MAR-2013,17:55,A1, Approach (APR),Goma Airport (GOM),Democratic Republic of the Congo,10,7, Damaged beyond repair,-,Fokker 50,2,Pratt & Whitney Canada PW125B,1992,-,-, 9Q-CBD, 20270, CAA,Cargo,-,Lodja Airport,LJA,FZVA,Democratic Republic of the Congo,Goma Airport,GOM,FZNA,Democratic Republic of the Congo,7,3,7,0,-,-,Preliminary
20130306-0,Wednesday,06-MAR-2013,07:41,A1, En route (ENR),"1,4 km (0.9 mls) S of Pias Airport",Peru,9,9, Destroyed, Written off (damaged beyond repair),Beechcraft B200 King Air,2,Pratt & Whitney Canada PT6A-42,2000,4318.0,3859.0, OB-1992-P, BB-1682,ATSA,Domestic Non Scheduled Passenger,-,Lima-Jorge Chávez International Airport,LIM,SPIM,Peru,-,-,-,-,2,7,2,7,-,-,Final
20130307-0,Thursday,07-MAR-2013,08:33,A2, Landing (LDG),Dublin Airport (DUB),Ireland,2,0, Substantial, Repaired,Swearingen SA227-AC Metro III,2,Garrett TPE331-11U-612G,1990,-,-, D-CAVA, AC-758B,Bin Air,Cargo,-,Manston-Kent International Airport,MSE,EGMH,United Kingdom,Dublin Airport,DUB,EIDW,Ireland,2,0,0,0,-,-,Final
20130307-1,Thursday,07-MAR-2013,19:21,A2, Landing (LDG),"Atlanta-William B. Hartsfield International Airport, GA (ATL)",United States of America,148,0, Substantial, Repaired,Boeing 757-232,2,Pratt & Whitney PW2037,1999,-,46669.0, N698DL, 29911/885,Delta Air Lines,Domestic Scheduled Passenger,DL1693,Santa Ana-John Wayne International Airport,SNA,KSNA,United States of America,Atlanta-William B. Hartsfield International Airport,ATL,KATL,United States of America,6,142,0,0,-,-,Final
20130308-0,Friday,08-MAR-2013,08:14,A1, Approach (APR),"32 km (20 mls) NE of Dillingham Municipal Airport, AK (DLG)",United States of America,2,2, Destroyed, Written off (damaged beyond repair),Beechcraft 1900C-1,2,Pratt & Whitney Canada PT6A-65B,1988,-,29824.0, N116AX, UC-17,ACE Air Cargo,Cargo,  51,King Salmon Airport,AKN,PAKN,United States of America,Dillingham Municipal Airport,DLG,PADL,United States of America,2,0,2,0,-,-,Final
20130316-0,Saturday,16-MAR-2013,-,O1, Standing (STD),Jakarta-Soekarno-Hatta International Airport (CGK),Indonesia,0,0, Damaged beyond repair,-,Airbus A320-214,2,CFMI CFM56-5B4/3,1996,-,-, N620SC, 594,GECAS,-,-,-,-,-,-,-,-,-,-,0,0,0,0,-,-,- (No safety board investigation)
20130316-1,Saturday,16-MAR-2013,-,O1, Standing (STD),Jakarta-Soekarno-Hatta International Airport (CGK),Indonesia,0,0, Damaged beyond repair,-,Boeing 737-5U3,2,CFMI CFM56-3C1,1997,-,-, PK-GGA, 28726/2920,Garuda,-,-,-,-,-,-,-,-,-,-,0,0,0,0,-,-,- (No safety board investigation)
20130317-0,Sunday,17-MAR-2013,16:23,A1, Initial climb (ICL),"1 km (0.6 mls) S of South Bend Regional, IN (SBN)",United States of America,4,2, Destroyed, Written off (damaged beyond repair),Hawker Beechcraft 390 Premier IA,2,Williams International FJ44-2A,2008,-,457.0, N26DK, RB-226,Digicut Systems,Executive,-,Tulsa-Richard Lloyd Jones Jr. Airport,RVS,KRVS,United States of America,South Bend Regional,SBN,KSBN,United States of America,2,2,2,0,-,-,Final
20130322-0,Friday,22-MAR-2013,12:30,A1, Takeoff (TOF),Djolu Airport,Democratic Republic of the Congo,6,0, Destroyed, Written off (damaged beyond repair),Grumman G-159 Gulfstream I,2,Rolls-Royce Dart 529-8X,1958,14728.0,17247.0, 9Q-CTC, 1, Malu Aviation,Ferry/positioning,-,-,-,-,-,Kinshasa-N'Dolo Airport,NLO,FZAB,Democratic Republic of the Congo,2,4,0,0,-,-,Final
20130323-0,Saturday,23-MAR-2013,15:03,A1, En route (ENR),"3 km (1.9 mls) N of Vostochnaya, Ust'-Labinsk region, Krasnodarskiy kray",Russia,2,1, Damaged beyond repair,-,Antonov An-2R,1,Shvetsov ASh-62IR,1989,16267.0,3612.0, RA-02203, 1G234-34,Yug Line,Agricultural,-,-,-,-,-,-,-,-,-,2,0,1,0,-,-,Final
20130327-0,Wednesday,27-MAR-2013,12:53,A2, Landing (LDG),"St. Anthony Airport, NL (YAY)",Canada,10,0, Substantial, Repaired,de Havilland Canada DHC-6 Twin Otter 300,-,-,1970,-,-, C-FOPN, 291,Air Labrador,Domestic Scheduled Passenger,-,Mary's Harbour Airport,YMH,CYMH,Canada,St. Anthony Airport,YAY,CYAY,Canada,2,8,0,0,-,-,Final
20130329-0,Friday,29-MAR-2013,20:45,A2, Landing (LDG),Lyon Saint-Exupéry Airport (LYS),France,181,0, Minor, Repaired,Airbus A321-111,2,CFMI CFM56-5B1,1997,22420.0,37757.0, SX-BHS, 642,Hermes Airlines,Int'l Non Scheduled Passenger,ML7817,Agadir-Al Massira International Airport,AGA,GMAA,Morocco,Lyon Saint-Exupéry Airport,LYS,LFLL,France,7,174,0,0,-,-,Final
20130401-0,Monday,01-APR-2013,14:00,A2, Taxi (TXI),Walaha Airport (WLH),Vanuatu,-,0, Substantial,-,Britten-Norman BN-2A-27 Islander,-,-,1969,-,-, YJ-RV16, 104,Air Vanuatu,Domestic Scheduled Passenger,-,-,-,-,-,Walaha Airport,WLH,NVSW,Vanuatu,1,-,0,0,-,-,Preliminary
20130407-0,Sunday,07-APR-2013,16:13,A1, Approach (APR),"14,5 km (9.1 mls) off  São Tomé Island Airport (TMS)",São Tomé and Príncipe,1,1, Missing, Presumed damaged beyond repair,Beechcraft 1900C-1,2,Pratt & Whitney Canada PT6A-65B,1989,-,-, ZS-PHL, UC-74,Sahel Air Service,Ferry/positioning,-,Ondangwa Airport,OND,FYOA,Namibia,São Tomé Island Airport,TMS,FPST,São Tomé and Príncipe,1,0,1,0,-,-,Preliminary
20130410-0,Wednesday,10-APR-2013,-,A1, Unknown (UNK),Doro Airstrip,South Sudan,-,0, Damaged beyond repair,-,Antonov An-26,-,-,-,-,-, registration unknown,-,Unknown,Unknown,-,-,-,-,-,-,-,-,-,-,-,0,0,-,-,Preliminary
20130413-0,Saturday,13-APR-2013,15:10,A1, Approach (APR),Denpasar-Ngurah Rai Bali International Airport (DPS),Indonesia,108,0, Substantial, Written off (damaged beyond repair),Boeing 737-8GP (WL),2,CFMI CFM56-7B24E,2013,104.0,142.0, PK-LKS, 38728/4350,Lion Air,Domestic Scheduled Passenger, 904,Bandung Airport,BDO,WICC,Indonesia,Denpasar-Ngurah Rai Bali International Airport,DPS,WADD,Indonesia,7,101,0,0,-,-,Final
20130416-0,Tuesday,16-APR-2013,14:58,A1, Takeoff (TOF),Madrid-Barajas Airport (MAD),Spain,163,0, Substantial, Written off (damaged beyond repair),Boeing 767-283ER,2,Pratt & Whitney PW4056,1990,-,99771.0, XA-TOJ, 24727/301,Aeroméxico,International Scheduled Passenger,AM002,Madrid-Barajas Airport,MAD,LEMD,Spain,Mexico City-Benito Juárez International Airport,MEX,MMMX,Mexico,9,154,0,0,-,-,Final
20130416-1,Tuesday,16-APR-2013,17:37,A2, Landing (LDG),Seoul-Incheon International Airport (ICN),South Korea,139,0, Substantial, Repaired,Airbus A321-231,2,IAE V2533-A5,2004,13619.0,30268.0, HL7730, 2226,Asiana Airlines,International Scheduled Passenger,OZ340,Harbin-Taiping International Airport,HRB,ZYHB,China,Seoul-Incheon International Airport,ICN,RKSI,South Korea,11,128,0,0,-,-,Final
20130417-0,Wednesday,17-APR-2013,-,C2, Approach (APR),13 km (8.1 mls) W of Tripoli International Airport (TIP),Libya,155,0, Minor, Repaired,Boeing 737-8GK (WL),2,CFMI CFM56-7B27,2006,-,-, 5A-DMG, 34948/2074, Buraq Air,Domestic Scheduled Passenger,-,Benghazi-Benina International Airport,BEN,HLLB,Libya,Tripoli International Airport,TIP,HLLT,Libya,-,-,0,0,-,-,Preliminary
20130417-1,Wednesday,17-APR-2013,14:35,A2, Takeoff (TOF),Sam Neua Airport (NEU),Laos,18,0, Substantial, Repaired,de Havilland Canada DHC-6 Twin Otter 300,-,-,1969,-,-, RDPL-34180, 231,Lao Air,Domestic Scheduled Passenger, 201,Sam Neua Airport,NEU,VLSN,Laos,Vientiane-Wattay Airport,VTE,VLVT,Laos,2,16,0,0,-,-,Preliminary
20130423-0,Tuesday,23-APR-2013,-,O1, Standing (STD),Kandahar Airport (KDH),Afghanistan,0,0, Substantial, Written off (damaged beyond repair),British Aerospace BAe-125 CC3 (HS-125-700),2,Garrett TFE731-3R-1H,1982,-,-, ZD704, 257194,RAF,Military,-,-,-,-,-,-,-,-,-,0,0,0,0,-,-,Preliminary
20130427-0,Saturday,27-APR-2013,12:43,A1, En route (ENR),204 km (127.5 mls) NE of Kandahar Airport (KDH),Afghanistan,4,4, Destroyed, Written off (damaged beyond repair),Beechcraft MC-12W Liberty (King Air 350),-,-,2009,-,-, 09-0676, FL-676,USAF,Military,-,Kandahar Airport,KDH,OAKN,Afghanistan,Kandahar Airport,KDH,OAKN,Afghanistan,4,0,4,0,-,-,Final
20130429-0,Monday,29-APR-2013,15:27,A1, Takeoff (TOF),Bagram Air Base (BPM),Afghanistan,7,7, Destroyed, Written off (damaged beyond repair),Boeing 747-428BCF,4,General Electric CF6-80C2B1F,1993,-,-, N949CA, 25630/960,National Airlines (National Air Cargo),Cargo,NCR102,Bagram Air Base,BPM,OAIX,Afghanistan,Dubai World Central-Al Maktoum International Airport,DWC,OMDW,United Arab Emirates,7,0,7,0,-,-,Final
20130430-0,Tuesday,30-APR-2013,12:30,A1, En route (ENR),15 km (9.4 mls) from  Zacatecas,Mexico,6,6, Destroyed, Written off (damaged beyond repair),Beechcraft 300 Super King Air,-,-,1986,-,-, XC-LMV, FA-83,Mexican Government,Executive,-,Zacatecas-La Calera Airport,ZCL,MMZC,Mexico,Mexico City-Benito Juárez International Airport,MEX,MMMX,Mexico,3,3,3,3,-,-,Preliminary
20130501-0,Wednesday,01-MAY-2013,-,O1, Standing (STD),"Dallas/Fort Worth International Airport, TX (DFW)",United States of America,-,0, Minor, Written off (damaged beyond repair),McDonnell Douglas DC-9-82 (MD-82),2,Pratt & Whitney JT8D-217C,1990,34918.0,66761.0, N7518A, 49895/1698,American Airlines,Domestic Scheduled Passenger,-,Newark-Liberty International Airport,EWR,KEWR,United States of America,Dallas/Fort Worth International Airport,DFW,KDFW,United States of America,-,-,0,0,-,-,- (No safety board investigation)
20130501-1,Wednesday,01-MAY-2013,19:24,A2, Taxi (TXI),"Newark-Liberty International Airport, NJ (EWR)",United States of America,242,0, Substantial, Repaired,Airbus A330-343X,2,Rolls-Royce Trent 772B-60,2003,-,-, LN-RKO, 515,SAS,International Scheduled Passenger, 908,Newark-Liberty International Airport,EWR,KEWR,United States of America,Oslo-Gardermoen Airport,OSL,ENGM,Norway,-,-,0,0,-,-,Preliminary - official
20130501-2,Wednesday,01-MAY-2013,19:24,A2, Taxi (TXI),"Newark-Liberty International Airport, NJ (EWR)",United States of America,31,0, Substantial, Repaired,Embraer EMB-145LR (ERJ-145LR),2,Allison AE3007A1/2,2002,-,-, N17560, 145605,United Express,Domestic Scheduled Passenger,4426,Newark-Liberty International Airport,EWR,KEWR,United States of America,Nashville International Airport,BNA,KBNA,United States of America,-,-,0,0,-,-,Preliminary - official
20130503-0,Friday,03-MAY-2013,14:55,A1, En route (ENR),S of Chaldovar,Kyrgyzstan,3,3, Destroyed, Written off (damaged beyond repair),Boeing KC-135R Stratotanker,4,CFMI F108-CF-100,1964,-,-, 63-8877, 18725/708,USAF,Military,-,Bishkek-Manas International Airport,FRU,UCFM,Kyrgyzstan,Bishkek-Manas International Airport,FRU,UCFM,Kyrgyzstan,3,0,3,0,-,-,Final
20130505-0,Sunday,05-MAY-2013,10:00,A1, Approach (APR),ca 3 km W of Valencia-Arturo Michelena International Airport (VLN),Venezuela,2,2, Destroyed, Written off (damaged beyond repair),Learjet 60,2,Pratt & Whitney Canada PW305,1994,-,-, N119FD, 60-029,private,Unknown,-,-,-,-,-,Valencia-Arturo Michelena International Airport,VLN,SVVA,Venezuela,2,0,2,0,-,-,Preliminary
20130505-1,Sunday,05-MAY-2013,21:25,A2, Taxi (TXI),northeast coast of Greenland,Greenland,2,0, Substantial, Repaired,de Havilland Canada DHC-6 Twin Otter 300,2,Pratt & Whitney Canada PT6A-27,1977,-,-, C-GKBO, 725,Kenn Borek Air,Unknown,-,-,-,-,-,Grise Fiord Airport,YGZ,CYGZ,Canada,2,0,0,0,-,-,Preliminary - official
20130508-0,Wednesday,08-MAY-2013,11:40,O1, Standing (STD),Wamena Airport (WMX),Indonesia,-,0, Damaged beyond repair,-,British Aerospace BAe-146-200QT,4,Lycoming ALF502R-5,1988,-,-, PK-JKC, E2113,Nusantara Air Charter,Cargo,-,Jayapura-Sentani Airport,DJJ,WAJJ,Indonesia,Wamena Airport,WMX,WAJW,Indonesia,-,-,0,0,-,-,Preliminary
20130510-0,Friday,10-MAY-2013,10:20,A1, En route (ENR),Strehaia,Romania,3,0, Substantial, Written off (damaged beyond repair),Antonov An-2R,1,Shvetsov ASh-62IR,1982,-,6598.0, YR-LRA, 1G195-09,Aero Scoroget,Agricultural,-,-,-,-,-,-,-,-,-,2,1,0,0,-,-,Final
20130510-1,Friday,10-MAY-2013,14:00,A2, En route (ENR),near Ternate,Indonesia,20,0, Minor, Repaired,CASA/Nurtanio NC-212 Aviocar 200,2,Garrett TPE331-10R-512C,1993,-,12910.0, PK-TLG, 413/93N,Nusantara Buana Air,Domestic Scheduled Passenger,868,Ternate-Babullah Airport,TTE,WAMT,Indonesia,Gebe Airport,GEB,WAMJ,Indonesia,2,18,0,0,-,-,Final
20130513-0,Monday,13-MAY-2013,12:45,A1, Landing (LDG),"McMinnville Municipal Airport, OR",United States of America,3,0, Substantial, Written off (damaged beyond repair),Learjet 35A,2,Garrett TFE731-2-2B,1978,9491.0,15047.0, N22MS, 35A-209,Evergreen International Aviation,Ferry/positioning,-,Grand Junction-Walker Field,GJT,KGJT,United States of America,-,-,-,-,2,1,0,0,-,-,Final
20130515-0,Wednesday,15-MAY-2013,10:34,A1, Maneuvering (MNV),"11 km (6.9 mls) N of Chernolesskoye, Novoselitskiy rayon, Stavropol",Russia,1,1, Destroyed, Written off (damaged beyond repair),Antonov An-2R,1,Shvetsov ASh-62IR,1982,34391.0,8522.0, RA-31403, 1G197-26,Aviakompanija Annushka,Agricultural,-,-,-,-,-,-,-,-,-,1,0,1,0,-,-,Final
20130516-0,Thursday,16-MAY-2013,10:45,A1, Initial climb (ICL),1 km (0.6 mls) NE of Shenyang-Taoxian International Airport (SHE),China,3,0, Destroyed, Written off (damaged beyond repair),Harbin Yunshuji Y-12 II,2,Pratt & Whitney Canada PT6A-27,1986,-,-, B-3801, 0006,China Flying Dragon,Agricultural,-,Shenyang-Taoxian International Airport,SHE,ZYTX,China,Shenyang-Taoxian International Airport,SHE,ZYTX,China,3,0,0,0,-,-,Preliminary
20130516-1,Thursday,16-MAY-2013,08:33,A1, Landing (LDG),Jomsom Airport (JMO),Nepal,21,0, Substantial, Written off (damaged beyond repair),de Havilland Canada DHC-6 Twin Otter 300,2,Pratt & Whitney Canada PT6A-27,1979,54267.0,32291.0, 9N-ABO, 638, Nepal Airlines,Domestic Scheduled Passenger,-,Pokhara Airport,PKR,VNPK,Nepal,Jomsom Airport,JMO,VNJS,Nepal,3,18,0,0,-,-,Final
20130516-2,Thursday,16-MAY-2013,11:48,A2, Landing (LDG),Mong Hsat Airport (MOG),Myanmar,55,0, Substantial,-,Xian MA60,2,Pratt & Whitney Canada PW127J,2010,2973.0,3457.0, XY-AIQ, 0808,Myanma Airways,Domestic Scheduled Passenger, 646,Heho Airport,HEH,VYHH,Myanmar,Mong Hsat Airport,MOG,VYMS,Myanmar,4,51,0,0,-,-,Final
20130518-0,Saturday,18-MAY-2013,01:04,A2, Landing (LDG),"Newark-Liberty International Airport, NJ (EWR)",United States of America,34,0, Substantial, Repaired,de Havilland Canada DHC-8-102 Dash 8,2,Pratt & Whitney Canada PW120A,1989,-,-, N934HA, 139,US Airways Express,Domestic Scheduled Passenger,4560,Philadelphia International Airport,PHL,KPHL,United States of America,Newark-Liberty International Airport,EWR,KEWR,United States of America,3,31,0,0,-,-,Preliminary - official
20130518-1,Saturday,18-MAY-2013,16:39,A1, Landing (LDG),"São Paulo-Campo de Marte Airport, SP",Brazil,4,0, Substantial, Written off (damaged beyond repair),Cessna 500 Citation I,-,-,1972,-,-, PT-LPZ, 500-0015,BFB Leasing,Executive,-,Sorocaba Airport,SOD,SDCO,Brazil,-,-,-,-,2,2,0,0,-,-,Final
20130519-0,Sunday,19-MAY-2013,14:20,A1, Landing (LDG),Forward Operating Base Shank (OAA),Afghanistan,13,0, Substantial, Written off (damaged beyond repair),Lockheed C-130J-30 Super Hercules,-,-,2004,-,-, 04-3144, 5560,USAF,Military,-,Kandahar Airport,KDH,OAKN,Afghanistan,-,-,-,-,11,2,0,0,-,-,Final
20130524-0,Friday,24-MAY-2013,-,H2, En route (ENR),London-Stansted Airport (STN),United Kingdom,322,0, None,-,Boeing 777-340ER,2,General Electric GE90-115BL2,2008,-,-, AP-BID, 33780/705,PIA,International Scheduled Passenger,PK709,Lahore Airport,LHE,OPLA,Pakistan,Manchester Airport,MAN,EGCC,United Kingdom,14,308,0,0,-,-,Preliminary
20130524-1,Friday,24-MAY-2013,10:02,A1, Maneuvering (MNV),"2,5 km (1.6 mls) NW of Jyl-Kol, Jalal-Abad region",Kyrgyzstan,3,3, Destroyed, Written off (damaged beyond repair),Antonov An-2SX,1,Shvetsov ASh-62IR,1974,34201.0,10995.0, EX-02015, 1G153-56, Valor Air,Agricultural,-,-,-,-,-,-,-,-,-,2,1,2,1,-,-,Final
20130524-2,Friday,24-MAY-2013,08:16,A2, Takeoff (TOF),London-Heathrow Airport (LHR),United Kingdom,80,0, Substantial, Repaired,Airbus A319-131,2,IAE V2522-A5,2001,-,28362.0, G-EUOE, 1574,British Airways,International Scheduled Passenger,BA762,London-Heathrow Airport,LHR,EGLL,United Kingdom,Oslo-Gardermoen Airport,OSL,ENGM,Norway,5,75,0,0,-,-,Final
20130524-3,Friday,24-MAY-2013,10:18,A2, Landing (LDG),Varna Airpot (VAR),Bulgaria,178,0, Substantial, Repaired,Airbus A320-232,2,IAE V2527-A5,2012,1330.0,3164.0, LZ-MDR, 5158,Air VIA,International Scheduled Passenger,VIM502,Leipzig Airport,LEJ,EDDP,Germany,Varna Airport,VAR,LBWN,Bulgaria,6,172,0,0,-,-,Final
20130526-0,Sunday,26-MAY-2013,15:30,A2, Takeoff (TOF),Port-au-Prince-Mais Gate Airport (PAP),Haiti,143,0, Substantial,-,Boeing KC-137E (707-324C),4,Pratt & Whitney JT3D-3B,1968,-,-, 2404, 19870/702,Brazilian AF,Military,-,Port-au-Prince-Mais Gate Airport,PAP,MTPP,Haiti,Manaus-Eduardo Gomes International Airport,MAO,SBEG,Brazil,12,131,0,0,-,-,Preliminary
20130526-1,Sunday,26-MAY-2013,22:16,A2, Landing (LDG),"Sault Ste. Marie Airport, ON (YAM)",Canada,63,0, Substantial, Repaired,Bombardier DHC-8-402Q Dash 8,2,Pratt & Whitney Canada PW150A,2009,-,-, C-GLQO, 4270,Porter Airlines,Domestic Scheduled Passenger,PD689,Toronto City-Billy Bishop Airport,YTZ,CYTZ,Canada,Sault Ste. Marie Airport,YAM,CYAM,Canada,4,59,0,0,-,-,Final
20130527-0,Monday,27-MAY-2013,10:35,A2, Landing (LDG),Simikot Airport (IMK),Nepal,11,0, Substantial, Repaired,Cessna 208B Grand Caravan,1,Pratt & Whitney Canada PT6A-114A,1999,-,-, 9N-AJU, 208B0770, Goma Air,Domestic Scheduled Passenger,-,Nepalganj Airport,KEP,VNNG,Nepal,Simikot Airport,IMK,VNST,Nepal,2,9,0,0,-,-,Preliminary
20130531-0,Friday,31-MAY-2013,07:09,A1, Landing (LDG),Wamena Airport (WMX),Indonesia,2,0, Substantial, Written off (damaged beyond repair),British Aerospace ATP-F,2,Pratt & Whitney Canada PW126,1990,25431.0,15755.0, PK-DGI, 2027,Deraya Air Taxi,Cargo,-,Jayapura-Sentani Airport,DJJ,WAJJ,Indonesia,Wamena Airport,WMX,WAJW,Indonesia,2,0,0,0,-,-,Final
20130599-0,-,xx-MAY-2013,-,U1, Unknown (UNK),unknown,Spain,-,0, Damaged beyond repair,-,Lockheed C-130H Hercules,-,-,-,-,-, T.10-02, 4526,Spanish AF,Military,-,-,-,-,-,-,-,-,-,-,-,0,0,-,-,-
20130601-0,Saturday,01-JUN-2013,07:14,A2, Landing (LDG),Simikot Airport (IMK),Nepal,7,0, Substantial, Repaired,Dornier 228-202K,2,Garrett TPE331-5-252D,1989,-,-, 9N-AHB, 8169, Sita Air,Domestic Scheduled Passenger,-,Nepalganj Airport,KEP,VNNG,Nepal,Simikot Airport,IMK,VNST,Nepal,2,5,0,0,-,-,Preliminary
20130602-0,Sunday,02-JUN-2013,19:07,A2, Landing (LDG),Davao City-Francisco Bangoy International Airport (DVO),Philippines,171,0, Substantial, Repaired,Airbus A320-214,2,CFMI CFM56-5B4/3,2011,-,-, RP-C3266, 4870,Cebu Pacific Air,Domestic Scheduled Passenger, 971,Manila-Ninoy Aquino International Airport,MNL,RPLL,Philippines,Davao City-Francisco Bangoy International Airport,DVO,RPMD,Philippines,6,165,0,0,-,-,Final
20130603-0,Monday,03-JUN-2013,06:50,A2, Landing (LDG),Lanseria Airport (HLA),South Africa,1,0, Substantial,-,Beechcraft B200 Super King Air,2,Pratt & Whitney Canada PT6A-42,1984,-,9782.0, ZS-GJV, BB-1167,RV Consulting Partnership,Ferry/positioning,-,Johannesburg-O.R. Tambo International Airport,JNB,FAOR,South Africa,Lanseria Airport,HLA,FALA,South Africa,1,0,0,0,-,-,Final
20130607-0,Friday,07-JUN-2013,17:25,A2, Landing (LDG),Shanghai-Hongqiao Airport (SHA),China,49,0, Substantial,-,Embraer EMB-145LI (ERJ-145LI),2,Allison AE3007A1/1,2006,-,-, B-3052, 14500905,China Eastern,Domestic Scheduled Passenger,MU2947,Huai'an-Lianshui Airport,HIA,ZSSH,China,Shanghai-Hongqiao Airport,SHA,ZSSS,China,5,44,0,0,-,-,Preliminary - official
20130607-1,Friday,07-JUN-2013,13:12,A1, Initial climb (ICL),"4,7 km (2.9 mls) N of Baton Rouge Metropolitan Airport, LA (BTR)",United States of America,1,1, Destroyed, Written off (damaged beyond repair),Beechcraft B200GT King Air,2,Pratt & Whitney Canada PT6A-52,2007,-,974.0, N510LD, BY-24,Osage Air,Private,-,Baton Rouge Metropolitan Airport,BTR,KBTR,United States of America,McComb-Pike County Airport,MCB,KMCB,United States of America,1,0,1,0,-,-,Final
20130608-0,Saturday,08-JUN-2013,08:06,A2, Landing (LDG),Roma-Fiumicino Airport (FCO),Italy,171,0, Substantial, Repaired,Airbus A320-232,2,IAE V2527-A5,2012,-,-, HA-LWM, 5021,Wizz Air,International Scheduled Passenger,3141,Bucharest-Henri Coanda International Airport,OTP,LROP,Romania,Roma-Ciampino Airport,CIA,LIRA,Italy,6,165,0,0,-,-,Preliminary - official
20130608-1,Saturday,08-JUN-2013,14:34,A2, Approach (APR),"0,3 km (0.2 mls) S of Cookstown Airport, ON",Canada,1,0, Substantial,-,Cessna 208B Super Cargomaster,1,Pratt & Whitney Canada PT6A-114A,1989,-,-, C-FZDN, 208B0171,Skydive Toronto,Parachuting,-,-,-,-,-,-,-,-,-,1,0,0,0,-,-,Preliminary - official
20130610-0,Monday,10-JUN-2013,09:54,A1, Landing (LDG),Kupang-El Tari Airport (KOE),Indonesia,50,0, Substantial, Written off (damaged beyond repair),Xian MA60,2,Pratt & Whitney Canada PW127J,2010,4133.0,4486.0, PK-MZO, 0608,Merpati Nusantara,Domestic Scheduled Passenger,MZ6517,Bajawa Airport,BJW,WATB,Indonesia,Kupang-El Tari Airport,KOE,WATT,Indonesia,4,46,0,0,-,-,Final
20130610-1,Monday,10-JUN-2013,12:55,A2, Landing (LDG),Kawthaung Airport (KAW),Myanmar,64,0, Substantial,-,Xian MA60,2,Pratt & Whitney Canada PW127J,2010,3711.0,4395.0, XY-AIP, 0807,Myanma Airways,Domestic Scheduled Passenger, 609,Mawlamyine Airport,MNU,VYMM,Myanmar,Kawthaung Airport,KAW,VYKT,Myanmar,4,60,0,0,-,-,Final
20130610-2,Monday,10-JUN-2013,10:00,A1, Approach (APR),ca 1 km from N'Gaoundéré Airport (NGE),Cameroon,5,1, Damaged beyond repair,-,Cessna 208 Caravan I,1,Pratt & Whitney Canada PT6A-114,1985,-,-, TT-BAU, 20800045,CotonTchad,Executive,-,Moundou Airport,MQQ,FTTD,Chad,Douala Airport,DLA,FKKD,Cameroon,2,3,1,0,-,-,Preliminary
20130610-3,Monday,10-JUN-2013,17:26,A1, Approach (APR),"0,9 km (0.6 mls) W of Saint-Mathieu-de-Beloeil Airport, QC",Canada,4,0, Substantial, Written off (damaged beyond repair),Beechcraft 100 King Air,2,Pratt & Whitney Canada PT6A-28,1971,10999.0,13616.0, C-GJSU, B-88,Aviation Flycie,Test,-,Montreal-St. Hubert Airport,YHU,CYHU,Canada,Montreal-St. Hubert Airport,YHU,CYHU,Canada,1,3,0,0,-,-,Final
20130611-0,Tuesday,11-JUN-2013,18:50,A1, Landing (LDG),"Kapuskasing Airport, ON (YYU)",Canada,2,0, Substantial, Written off (damaged beyond repair),Beechcraft A100 King Air,2,Pratt & Whitney Canada PT6A-28,1972,-,-, C-FDOY, B-120,Wabusk Air,Unknown,WU101,Moosonee Airport,YMO,CYMO,Canada,Kapuskasing Airport,YYU,CYYU,Canada,2,0,0,0,-,-,Preliminary - official
20130613-0,Thursday,13-JUN-2013,18:17,O1, Standing (STD),"Chino Airport, CA (CNO)",United States of America,-,0, Substantial, Written off (damaged beyond repair),Canadair CL-600-2B16 Challenger 601-3A,2,General Electric CF34-3A2,1991,-,-, N613SB, 5088,Grady International,Unknown,-,-,-,-,-,-,-,-,-,-,-,0,0,-,-,Preliminary
20130613-1,Thursday,13-JUN-2013,13:50,A1, Landing (LDG),Marsh Harbour International Airport (MHH),Bahamas,24,0, Substantial, Written off (damaged beyond repair),Saab 340B,2,General Electric CT7-9B,1992,-,49097.0, C6-SBJ, 340B-316,SkyBahamas Airlines,International Scheduled Passenger,Q79561,Fort Lauderdale International Airport,FLL,KFLL,United States of America,Marsh Harbour International Airport,MHH,MYAM,Bahamas,3,21,0,0,-,-,Final
20130613-2,Thursday,13-JUN-2013,10:40,A2, Taxi (TXI),"Nashville International Airport, TN (BNA)",United States of America,156,0, Substantial, Repaired,McDonnell Douglas MD-88,2,Pratt & Whitney JT8D-219,1992,-,56640.0, N995DL, 53362/1955,Delta Air Lines,Domestic Scheduled Passenger,-,Nashville International Airport,BNA,KBNA,United States of America,Atlanta-William B. Hartsfield International Airport,ATL,KATL,United States of America,7,149,0,0,-,-,Final
20130613-3,Thursday,13-JUN-2013,16:14,A2, Landing (LDG),Manila-Ninoy Aquino International Airport (MNL),Philippines,101,0, Minor, Repaired,Airbus A319-111,2,CFMI CFM56-5B5/P,2006,-,-, RP-C3197, 2852,Cebu Pacific Air,Domestic Scheduled Passenger,5J448,Iloilo International Airport,ILO,RPVI,Philippines,Manila-Ninoy Aquino International Airport,MNL,RPLL,Philippines,6,95,0,0,-,-,Final
20130616-0,Sunday,16-JUN-2013,22:22,A2, Landing (LDG),Singapore-Seletar Airport (XSP),Singapore,5,0, Substantial, Repaired,Bombardier BD-700-1A11 Global 5000,2,Rolls-Royce BR700-710A2-20,2005,-,-, M-YSAI, 9166,Capital Investment Worldwide,Private,-,Delhi-Indira Gandhi International Airport,DEL,VIDP,India,Singapore-Seletar Airport,XSP,WSSL,Singapore,2,3,0,0,-,-,Final
20130618-0,Tuesday,18-JUN-2013,11:25,A1, Landing (LDG),"Cincinnati Municipal Airport, OH (LUK)",United States of America,3,0, Substantial, Written off (damaged beyond repair),IAI 1124 Westwind,2,Garrett TFE731,1981,-,7522.0, N112EM, 336,E. Micah Aviation,Training,-,Cincinnati Municipal Airport,LUK,KLUK,United States of America,Cincinnati Municipal Airport,LUK,KLUK,United States of America,2,1,0,0,-,-,Final
20130619-0,Wednesday,19-JUN-2013,17:45,A1, Takeoff (TOF),"ca 0,5 km NE of Fertöszentmiklós Airport",Hungary,2,0, Substantial, Written off (damaged beyond repair),Antonov An-2R,1,Shvetsov ASh-62IR,1979,18172.0,4327.0, HA-MDP, 1G185-44,Gergely Air,Agricultural,-,-,-,-,-,-,-,-,-,2,0,0,0,-,-,Final
20130625-0,Tuesday,25-JUN-2013,20:30,A1, Approach (APR),"ca 0,3 km N of Chicago-Executive Airport, IL (PWK)",United States of America,1,0, Substantial, Written off (damaged beyond repair),Beechcraft 200 Super King Air,2,Pratt & Whitney Canada PT6A-41,1981,-,-, N92JR, BB-751,Tennair,Executive,-,-,-,-,-,Chicago-Executive Airport,PWK,KPWK,United States of America,1,0,0,0,-,-,Final
20130628-0,Friday,28-JUN-2013,11:00,A1, En route (ENR),near Nekrasovka,Russia,9,0, Damaged beyond repair,-,Antonov An-2,-,-,-,-,-, RF-00408, 1G98-04,DOSAAF,Domestic Non Scheduled Passenger,-,Khabarovsk-Novy Airport,KHV,UHHH,Russia,-,-,-,-,2,7,0,0,-,-,- (No safety board investigation)
20130628-1,Friday,28-JUN-2013,19:40,A1, Maneuvering (MNV),"near Terenozek, Kyzylorda Province",Kazakhstan,2,1, Damaged beyond repair,-,Antonov An-2R,-,-,1986,-,-, UP-A0190, 1G220-21,Asia Continental Avialines,Agricultural,-,-,-,-,-,-,-,-,-,2,0,1,0,-,-,Preliminary
20130628-2,Friday,28-JUN-2013,08:15,A2, Landing (LDG),Seronera Airport (SEU),Tanzania,-,0, Unknown,-,Reims Cessna F406 Caravan II,2,Pratt & Whitney Canada PT6A-112,1988,-,-, 5H-TZC, F406-0028,Tanzanair,Domestic Scheduled Passenger,-,-,-,-,-,Seronera Airport,SEU,HTSN,Tanzania,-,-,0,0,-,-,Preliminary - official
20130629-0,Saturday,29-JUN-2013,07:00,A1, Approach (APR),"4,6 km (2.9 mls) NW of Francistown Airport (FRW)",Botswana,2,2, Substantial, Written off (damaged beyond repair),Embraer EMB-110P1 Bandeirante,2,Pratt & Whitney Canada PT6A-34,1988,-,-, ZS-NVB, 110479,Batair Cargo,Cargo,-,Lanseria Airport,HLA,FALA,South Africa,Francistown Airport,FRW,FBFT,Botswana,2,0,2,0,-,-,Preliminary
20130703-0,Wednesday,03-JUL-2013,14:15,A1, Takeoff (TOF),"Moosehead Lake, NL",Canada,2,0, Substantial, Written off (damaged beyond repair),Canadair CL-215-6B11 (CL-415),2,Pratt & Whitney Canada PW123AF,2010,-,-, 	C-FIZU, 2076,Gov. of Newfoundland and Labrador,Fire fighting,-,Wabush Airport,YWK,CYWK,Canada,Wabush Airport,YWK,CYWK,Canada,2,0,0,0,-,-,Final
20130703-1,Wednesday,03-JUL-2013,-,O1, Standing (STD),Tripoli International Airport (TIP),Libya,1,0, Substantial, Written off (damaged beyond repair),Airbus A320-212,2,CFMI CFM56-5A3,1994,-,-, JY-PTA, 459,Petra Airlines,-,-,-,-,-,-,-,-,-,-,1,0,0,0,-,-,-
20130705-0,Friday,05-JUL-2013,18:45,A2, Taxi (TXI),"Las Vegas-McCarran International Airport, NV (LAS)",United States of America,6,0, Substantial,-,Rockwell Sabreliner 65,-,-,1981,-,-, XB-RSC, 465-55,Eseasa Contrucciones,Private,-,Brownsville-South Padre Island International Airport,BRO,KBRO,United States of America,Las Vegas-McCarran International Airport,LAS,KLAS,United States of America,2,4,0,0,-,-,Final
20131223-0,Monday,23-DEC-2013,-,A1, Standing (STD),"Bangor International Airport, ME (BGR)",United States of America,-,0, Substantial, Written off (damaged beyond repair),Learjet 45,-,-,2000,-,-, N845SC, 45-084,Southern Cross Aviation,Ferry/positioning,-,Bangor International Airport,BGR,KBGR,United States of America,-,-,-,-,-,-,0,0,-,-,- (No safety board investigation)
20131224-0,Tuesday,24-DEC-2013,20:14,A2, Landing (LDG),"Saint Lucia-Hewanorra Int'l Airport (TLPL), Vieux Port Quarter",Saint Lucia,32,0, Substantial, Repaired,Airbus A330-343X,2,Rolls-Royce Trent 772B-60,2012,-,-, G-VNYC, 1315,Virgin Atlantic,International Scheduled Passenger,VS98,Tobago-A.N.R Robinson International Airport (TAB/TTCP),TAB,TTCP,Trinidad and Tobago,Saint Lucia-Hewanorra Airport,UVF,TLPL,Saint Lucia,14,18,0,0,-,-,Final
20131226-0,Thursday,26-DEC-2013,21:30,A1, Approach (APR),ca 1 km NW of Irkutsk-2 Airport,Russia,9,9, Substantial, Written off (damaged beyond repair),Antonov An-12,4,Ivchenko AI-20M,1963,-,-, 12162, 3341509,Irkut,Cargo,-,-,-,-,-,-,-,-,-,6,3,6,3,-,-,Preliminary
20131231-0,Tuesday,31-DEC-2013,11:00,A2, En route (ENR),"10,5 km (6.6 mls) NW of Coventry, Warwickshire",United Kingdom,2,0, Substantial, Repaired,Cessna 525A CitationJet CJ2+,2,Williams International FJ44-3A,2010,-,-, N380CR, 525A-0465,private,Private,-,Leeds/Bradford Airport,LBA,EGNM,United Kingdom,Palma de Mallorca Airport,PMI,LEPA,Spain,1,1,0,0,-,-,Final
20139999-0,-,xx-xxx-2013,-,A1, Standing (STD),Thisted Airport (TED),Denmark,-,0, Damaged beyond repair,-,Raytheon Hawker 800XP,-,-,2000,-,-, OY-JJA, 258496,Sun-Air,Unknown,-,-,-,-,-,-,-,-,-,-,-,0,0,-,-,-
