identifiant,week_day,date,time,type_event,phase,location,country,total_occupants,total_fatalities,aircraft_damage,aircraft_fate,type_aircraft,number_engines,type_engines,first_flight,cycles,total_airframe_hours,registration,c_n_msn,operator,nature,flight_number,departure_airport_name,departure_airport_IATA,departure_airport_ICAO,departure_airport_country,destination_airport_name,destination_airport_IATA,destination_airport_ICAO,destination_airport_country,crew_number,passengers_number,crew_fatalities,passengers_fatalities,collision_casualties,ground_casualties,status
20050101-0,Saturday,01-JAN-2005,11:20,A1, Landing (LDG),"Ainsworth Airport, NE (ANW)",United States of America,5,0, Damaged beyond repair,-,Cessna 551 Citation II/SP,2,Pratt & Whitney Canada JT15D-4,1980,-,5870.0, N35403, 551-0029,Jet Services,Private,-,Reading Municipal Airport/Spaatz Field,RDG,KRDG,United States of America,Ainsworth Airport,ANW,KANW,United States of America,1,4,0,0,-,-,Final
20050104-0,Tuesday,04-JAN-2005,02:00,A1, Landing (LDG),Banda Aceh-Blang Bintang Airport (BTJ),Indonesia,2,0, Damaged beyond repair,-,Boeing 737-2A9C,2,Pratt & Whitney JT8D-9A,1970,-,-, PK-YGM, 20206/249,Tri-MG Airlines,Cargo,-,-,-,-,-,Banda Aceh-Blang Bintang Airport,BTJ,WITT,Indonesia,2,0,0,0,-,-,-
20050106-0,Thursday,06-JAN-2005,14:20,A2, Landing (LDG),Andahuaylas Airport (ANS),Peru,-,0, Substantial, Repaired,Antonov An-32,2,Ivchenko AI-20,1991,-,-, PNP-234, 2502,Peruvian Police,Military,-,Lima-Jorge Chávez International Airport,LIM,SPIM,Peru,Andahuaylas Airport,ANS,SPHY,Peru,-,-,0,0,-,-,-
20050106-1,Thursday,06-JAN-2005,22:30,A2, Landing (LDG),Goa-Dabolim Airport (GOI),India,4,0, Substantial, Repaired,Canadair CL-600-2B19 Regional Jet CRJ-200ER,2,General Electric CF34-3B1,1998,-,-, VT-SAL, 7224,Sahara India,Ferry/positioning,2200,-,-,-,-,Goa-Dabolim Airport,GOI,VAGO,India,4,0,0,0,-,-,Preliminary
20050108-0,Saturday,08-JAN-2005,13:00,A1, Approach (APR),Bukalaza,Uganda,6,6, Damaged beyond repair,-,Antonov An-12,4,Ivchenko AI-20M,1964,-,-, 9Q-CIH, 4341803,Services Air,Cargo,-,Entebbe Airport,EBB,HUEN,Uganda,-,-,-,-,6,0,6,0,-,-,Preliminary
20050108-1,Saturday,08-JAN-2005,15:48,A1, Landing (LDG),Cali-Alfonso B. Aragon Airport (CLO),Colombia,170,0, Damaged beyond repair,-,McDonnell Douglas DC-9-83 (MD-83),2,Pratt & Whitney JT8D-219,1990,18037.0,41329.0, VP-BGI, 49940/1788,Aero República,Domestic Scheduled Passenger,7463,Cartagena-Rafael Núñez Airport,CTG,SKCG,Colombia,Cali-Alfonso Bonilla Aragón Airport,CLO,SKCL,Colombia,6,164,0,0,-,-,Final
20050109-0,Sunday,09-JAN-2005,20:30,A1, Landing (LDG),"Logan-Cache Airport, UT (LGU)",United States of America,9,0, Damaged beyond repair,-,Grumman American G-1159 Gulfstream II,2,Rolls-Royce Spey 511-8,1972,-,5320.0, N74RQ, 113,CFS Air,Executive,-,Kansas City-Charles B. Wheeler Downtown Airport,MKC,KMKC,United States of America,Logan-Cache Airport,LGU,KLGU,United States of America,2,7,0,0,-,-,Final
20050113-0,Thursday,13-JAN-2005,22:15,A1, Landing (LDG),"Keene-Dillant-Hopkins Airport, NH (EEN)",United States of America,1,1, Damaged beyond repair,-,Embraer EMB-110P1 Bandeirante,2,Pratt & Whitney Canada PT6A-34,1980,-,39466.0, N49BA, 110301,AirNow,Cargo,-,Bangor International Airport,BGR,KBGR,United States of America,Manchester Municipal Airport,MHT,KMHT,United States of America,1,0,1,0,-,-,Final
20050113-1,Thursday,13-JAN-2005,16:10,A1, Approach (APR),near Tura,Russia,9,9, Damaged beyond repair,-,Antonov An-2,1,Shvetsov ASh-62IR,1978,-,-, RA-62597, 1G177-44,Tura Air Enterprise,Domestic Scheduled Passenger,-,-,-,-,-,-,-,-,-,2,7,2,7,-,-,Preliminary - official
20050118-0,Tuesday,18-JAN-2005,15:12,A2, Landing (LDG),"Perth Airport, WA (PER)",Australia,8,0, Substantial, Repaired,Beechcraft B200 Super King Air,2,Pratt & Whitney Canada PT6A-41,1975,-,-, VH-SGT, BB-73,Network Aviation Australia,Domestic Non Scheduled Passenger,-,Perth Airport,PER,YPPH,Australia,-,-,-,-,1,7,0,0,-,-,Final
20050121-0,Friday,21-JAN-2005,10:00,A1, En route (ENR),near Colquiri,Bolivia,12,0, Damaged beyond repair,-,Cessna 208B Grand Caravan,1,Pratt & Whitney Canada PT6A-114A,2001,-,-, CP-2412, 208B0897,Línea Aérea Amaszonas,Domestic Non Scheduled Passenger,-,La Paz-El Alto Airport,LPB,SLLP,Bolivia,Sucre Airport,SRE,SLSU,Bolivia,2,10,0,0,-,-,Preliminary
20050122-0,Saturday,22-JAN-2005,13:00,A1, Approach (APR),Kongolo,Democratic Republic of the Congo,10,0, Damaged beyond repair,-,Antonov An-8,-,-,1960,-,-, EL-WVA, OG-3440,GLBC,Cargo,-,Kindu Airport,KND,FZOA,Democratic Republic of the Congo,Kongolo Airport,KOO,FZRQ,Democratic Republic of the Congo,7,3,0,0,-,-,Preliminary
20050123-0,Sunday,23-JAN-2005,19:05,A2, Landing (LDG),Oviedo/Aviles-Asturias Airport (OVD),Spain,43,0, Substantial, Repaired,McDonnell Douglas MD-83,2,Pratt & Whitney JT8D-219,1988,-,-, EC-GQG, 49577/1454,Spanair,Domestic Scheduled Passenger,JK5811,Palma de Mallorca Airport,PMI,LEPA,Spain,Oviedo/Aviles-Asturias Airport,OVD,LEAS,Spain,6,37,0,0,-,-,Final
20050124-0,Monday,24-JAN-2005,06:01,A1, Landing (LDG),Düsseldorf Airport (DUS),Germany,3,0, Substantial, Written off (damaged beyond repair),Boeing 747-212BSF,4,General Electric CF6-50E2,1975,22782.0,92024.0, N808MC, 21048/253,Atlas Air,Cargo,8995,Dubai Airport,DXB,OMDB,United Arab Emirates,Düsseldorf Airport,DUS,EDDL,Germany,3,0,0,0,-,-,Final
20050125-0,Tuesday,25-JAN-2005,14:33,A1, Landing (LDG),Rothera Station,Antarctica,-,0, Damaged beyond repair,-,Dornier 228-101,-,-,1985,-,-, D-CICE, 7073,Alfred Wegener Inst.,Survey/research,-,-,-,-,-,-,-,-,-,-,-,0,0,-,-,Final
20050127-0,Thursday,27-JAN-2005,08:10,A1, Approach (APR),2 km (1.3 mls) from  Iasi Airport (IAS),Romania,2,2, Damaged beyond repair,-,Let L-410UVP-E4,2,Walter M-601E,1987,-,-, HA-LAR, 871923,Farnair Hungary,Cargo,-,Bucharest-Baneasa Airport,BBU,LRBS,Romania,Iasi Airport,IAS,LRIA,Romania,2,0,2,0,-,-,Preliminary
20050128-0,Friday,28-JAN-2005,22:17,A1, Landing (LDG),"Kansas City-Charles B. Wheeler Downtown Airport, MO (MKC)",United States of America,2,0, Substantial, Written off (damaged beyond repair),Learjet 35A,2,Garrett TFE731-2-2B,1977,-,-, N911AE, 35A-109,Million Air,Ferry/positioning,-,Salt Lake City International Airport,SLC,KSLC,United States of America,Kansas City International Airport,MCI,KMCI,United States of America,2,0,0,0,-,-,Final
20050130-0,Sunday,30-JAN-2005,16:30,C1, En route (ENR),near Al Taji,Iraq,10,10, Damaged beyond repair,-,Lockheed Hercules C.1 (C-130K),-,-,1967,-,24200.0, XV179, 4195,RAF,Military,-,Baghdad International Airport,BGW,ORBI,Iraq,-,-,-,-,8,2,8,2,-,-,Final
20050131-0,Monday,31-JAN-2005,18:56,A1, Initial climb (ICL),Helsinki-Vantaa Airport (HEL),Finland,1,0, Damaged beyond repair,-,Cessna 208B Super Cargomaster,1,Pratt & Whitney Canada PT6A-114A,2000,-,6126.0, SE-KYH, 208B0817,NTD Air Cargo,Cargo,-,Helsinki-Vantaa Airport,HEL,EFHK,Finland,Örebro-Bofors Airport,ORB,ESOE,Sweden,1,0,0,0,-,-,Final
20050131-1,Monday,31-JAN-2005,11:28,A2, Takeoff (TOF),Bergen-Flesland Airport (BGO),Norway,25,0, Minor, Repaired,ATR 42-320,2,Pratt & Whitney Canada PW121,1986,23695.0,27526.0, OY-JRJ, 036,Danish Air Transport,Domestic Scheduled Passenger,  54,Bergen-Flesland Airport,BGO,ENBR,Norway,Florø Airport,FRO,ENFL,Norway,3,22,0,0,-,-,Final
20050202-0,Wednesday,02-FEB-2005,07:18,A1, Takeoff (TOF),"Teterboro Airport, NJ (TEB)",United States of America,11,0, Damaged beyond repair,-,Canadair CL-600-1A11 Challenger 600,-,-,1980,4300.0,6800.0, N370V, 1014,DDH Aviation,Executive,-,Teterboro Airport,TEB,KTEB,United States of America,Chicago-Midway Airport,MDW,KMDW,United States of America,3,8,0,0,-,-,Final
20050203-0,Thursday,03-FEB-2005,08:07,A1, En route (ENR),15 km (9.4 mls) from  Khartoum,Sudan,7,7, Damaged beyond repair,-,Ilyushin Il-76TD,-,-,1982,-,-, ST-EWB, 23438122,Air West,Cargo,-,Sharjah Airport,SHJ,OMSJ,United Arab Emirates,Khartoum-Civil Airport,KRT,HSSS,Sudan,7,0,7,0,-,-,Preliminary
20050203-1,Thursday,03-FEB-2005,15:15,A1, En route (ENR),32 km (20 mls) ESE of Kabul,Afghanistan,105,105, Destroyed, Written off (damaged beyond repair),Boeing 737-242 Adv.,2,Pratt & Whitney JT8D-17A (HK3),1980,42055.0,51363.0, EX-037, 22075/630,Phoenix Aviation,Domestic Scheduled Passenger, 904,Herat Airport,HEA,OAHR,Afghanistan,Kabul-Khwaja Rawash Airport,KBL,OAKB,Afghanistan,8,97,8,97,-,-,Final
20050206-0,Sunday,06-FEB-2005,00:39,A2, Landing (LDG),Tambacounda Airport (TUD),Senegal,43,0, Substantial, Repaired,de Havilland Canada DHC-8-315 Q300,2,Pratt & Whitney Canada PW123E,2001,9626.0,8171.0, 6V-AHL, 556,Air Sénégal International,Domestic Scheduled Passenger,V7214,Dakar-Yoff Airport,DKR,GOOY,Senegal,Tambacounda Airport,TUD,GOTT,Senegal,4,39,0,0,-,-,Final
20050213-0,Sunday,13-FEB-2005,-,A1, Landing (LDG),Aruba-Reina Beatrix Airport (AUA),Aruba,-,0, Damaged beyond repair,-,Dassault Falcon 20C,2,General Electric CF700-2D2,1968,-,-, PR-SUL, 129,Táxi Aéreo Pinhal,Unknown,-,Porlamar-del Caribe Santiago Mariño International Airport,PMV,SVMG,Venezuela,Aruba-Reina Beatrix Airport,AUA,TNCA,Aruba,-,-,0,0,-,-,Preliminary
20050216-0,Wednesday,16-FEB-2005,09:13,A1, Approach (APR),"6,5 km (4.1 mls) from  Pueblo Memorial Airport, CO (PUB)",United States of America,8,8, Destroyed, Written off (damaged beyond repair),Cessna 560 Citation V,2,Pratt & Whitney Canada JT15D-5A,1991,-,3657.0, N500AT, 560-0146,Circuit City Stores,Executive,-,Columbia Regional Airport,COU,KCOU,United States of America,Pueblo Memorial Airport,PUB,KPUB,United States of America,2,6,2,6,-,-,Final
20050221-0,Monday,21-FEB-2005,18:25,A1, Landing (LDG),"Bromont Airport, QC (ZBM)",Canada,6,0, Substantial, Written off (damaged beyond repair),Hawker Siddeley HS-125-600A,2,Garrett TFE731-3-1H,1973,-,-, N21SA, 256006,Scott Aviation,Executive,-,Montreal-Pierre Elliott Trudeau International Airport,YUL,CYUL,Canada,Bromont Airport,ZBM,CZBM,Canada,2,4,0,0,-,-,Final
20050222-0,Tuesday,22-FEB-2005,13:43,A1, Approach (APR),near Wobegon,Papua New Guinea,13,2, Damaged beyond repair,-,de Havilland Canada DHC-6 Twin Otter 300,2,Pratt & Whitney Canada PT6A-34,1968,-,-, P2-MFQ, 174,MAF PNG,Domestic Non Scheduled Passenger,-,Tabubil Airport,TBG,AYTB,Papua New Guinea,-,-,-,-,3,10,2,0,-,-,Preliminary
20050222-1,Tuesday,22-FEB-2005,07:15,A1, Approach (APR),"0,4 km (0.3 mls) from  Sarmi Airport (ZRM)",Indonesia,18,15, Damaged beyond repair,-,CASA/Nurtanio NC-212 Aviocar 100,-,-,1976,-,-, P-2032, 60/5N ?,Indonesian Police,Military,-,Jayapura-Sentani Airport,DJJ,WAJJ,Indonesia,Sarmi Airport,ZRM,WAJI,Indonesia,4,14,4,11,-,-,Preliminary
20050222-2,Tuesday,22-FEB-2005,20:26,A1, Takeoff (TOF),Trinidad Airport (TDD),Bolivia,49,0, Damaged beyond repair,-,Convair CV-580,2,Allison 501-D13,1954,-,-, FAB-73, 170,TAM,Domestic Non Scheduled Passenger,-,Trinidad Airport,TDD,SLTR,Bolivia,Cochabamba-J Wilsterman Airport,CBB,SLCB,Bolivia,4,45,0,0,-,-,Preliminary
20050223-0,Wednesday,23-FEB-2005,09:35,A2, Landing (LDG),Enarotali Airport (EWI),Indonesia,17,0, Substantial, Repaired,de Havilland Canada DHC-6 Twin Otter 300,2,Pratt & Whitney Canada PT6A-27,1986,-,-, PK-LTY, 831,GT Air,Passenger,-,Timika-Moses Kilangin (Tembagapura) Airport,TIM,WABP,Indonesia,Enarotali Airport,EWI,WABT,Indonesia,-,-,0,0,-,-,Preliminary
20050224-0,Thursday,24-FEB-2005,15:40,A1, En route (ENR),near Sapotito,Mexico,7,7, Destroyed, Written off (damaged beyond repair),IAI 1124 Westwind,2,Garrett TFE731-3-1G,1979,-,-, XC-COL, 279,Colima State Government,Executive,-,Toluca Airport,TLC,MMTO,Mexico,Colima Airport,CLQ,MMIA,Mexico,2,5,2,5,-,-,Preliminary - official
20050224-1,Thursday,24-FEB-2005,-,A1, Initial climb (ICL),Harare Airport (HRE),Zimbabwe,2,2, Damaged beyond repair,-,CASA C-212 Aviocar 200,-,-,-,-,-, registration unknown,-,Zimbabwe AF,Military,-,Harare Airport,HRE,FVHA,Zimbabwe,-,-,-,-,2,0,2,0,-,-,-
20050227-0,Sunday,27-FEB-2005,-,A1, Unknown (UNK),near Aguachina,Colombia,-,0, Damaged beyond repair,-,Beechcraft 200 Super King Air,-,-,1978,-,-, N988SC, BB-310,Trust Aviation,Illegal Flight,-,-,-,-,-,-,-,-,-,-,-,0,0,-,-,Preliminary
20050299-0,-,xx-FEB-2005,-,A1, Landing (LDG),Old Fangak,South Sudan,-,-, Damaged beyond repair,-,Hawker Siddeley HS-780 Andover CC.2,-,-,-,-,-, 9XR-AB, 1564,African Commuter Services,Cargo,-,Lokichoggio Airport,LKG,HKLK,Kenya,-,-,-,-,-,-,-,-,-,-,-
20050304-0,Friday,04-MAR-2005,-,A1, Unknown (UNK),Impfondo Airport (ION),Congo,-,0, Damaged beyond repair,-,Antonov An-24B,2,Ivchenko AI-24,1970,-,-, EY-46399, 07306303,Trans Air Congo,Unknown,-,Impfondo Airport,ION,FCOI,Congo,Brazzaville-Maya Maya Airport,BZV,FCBB,Congo,-,-,0,0,-,-,-
20050307-0,Monday,07-MAR-2005,02:20,A2, Landing (LDG),Tehran-Mehrabad Airport (THR),Iran,91,0, Substantial, Repaired,Airbus A310-304ET,2,General Electric CF6-80C2A2,1991,-,-, F-OJHH, 586,Mahan Air,International Scheduled Passenger,-,Bangkok-Don Muang International Airport,BKK,VTBD,Thailand,Tehran-Mehrabad Airport,THR,OIII,Iran,14,77,0,0,-,-,Preliminary - official
20050308-0,Tuesday,08-MAR-2005,09:33,A1, Approach (APR),Charallave-Óscar Machado Zuloaga Airport,Venezuela,2,2, Damaged beyond repair,-,Cessna 500 Citation I,-,-,1973,-,-, YV-21CP, 500-0115,Air Global,Executive,-,Maturín-Quiriquire Airport,MUN,SVMT,Venezuela,-,-,-,-,2,0,2,0,-,-,Preliminary
20050308-1,Tuesday,08-MAR-2005,12:00,A1, En route (ENR),27 km (16.9 mls) from  La Paragua,Venezuela,2,2, Damaged beyond repair,-,Antonov An-2TP,1,PZL Kalisz (Shvetsov) ASz-62IR,1991,-,-, YV-280C, 1G-214-09,Transmandu,Unknown,-,-,-,-,-,Canaima Airport,CAJ,SVCN,Venezuela,2,0,2,0,-,-,Preliminary
20050308-2,Tuesday,08-MAR-2005,21:50,A1, Landing (LDG),"Teterboro Airport, NJ (TEB)",United States of America,4,0, Minor, Written off (damaged beyond repair),British Aerospace BAe-125-700A,-,-,1978,-,-, N703TS, 257031,Hawker 700 Holding Co.,Private,-,Columbus-Port Columbus International Airport,CMH,KCMH,United States of America,Teterboro Airport,TEB,KTEB,United States of America,2,2,0,0,-,-,Final
20050309-0,Wednesday,09-MAR-2005,17:20,A1, Initial climb (ICL),near Belize City Municipal Airport (TZA),Belize,14,0, Damaged beyond repair,-,Cessna 208B Grand Caravan,1,Pratt & Whitney Canada PT6A-114A,1999,-,-, V3-HFW, 208B0791,Tropic Air,Domestic Scheduled Passenger,2110,-,-,-,-,San Pedro Airport,SPR,MZSP,Belize,1,13,0,0,-,-,Preliminary - official
20050309-1,Wednesday,09-MAR-2005,13:12,A2, Takeoff (TOF),"Tupelo-Regional Airport, MS (TUP)",United States of America,7,0, Substantial, Repaired,Canadair CL-600-1A11 Challenger 600,-,-,1983,-,8054.0, N660RM, 1054,Romeo Mike Aviation Comp.,Executive,-,Tupelo-Regional Airport,TUP,KTUP,United States of America,Teterboro Airport,TEB,KTEB,United States of America,2,5,0,0,-,-,Final
20050311-0,Friday,11-MAR-2005,23:02,A2, Landing (LDG),"Milwaukee-General Mitchell International Airport, WI (MKE)",United States of America,12,0, Substantial, Repaired,Canadair CL-600-2B19 Regional Jet CRJ-440LR,2,General Electric CF34-3B1,2004,-,-, N8932C, 7932,Pinnacle Airlines,Domestic Scheduled Passenger,2823,New York-La Guardia Airport,LGA,KLGA,United States of America,Milwaukee-General Mitchell Airport,MKE,KMKE,United States of America,3,9,0,0,-,-,Final
20050315-0,Tuesday,15-MAR-2005,00:18,A1, Approach (APR),14 km (8.8 mls) WNW Campbeltown-Machrihanish Airport (CAL),United Kingdom,2,2, Damaged beyond repair,-,Pilatus Britten-Norman BN-2B-26 Islander,2,Lycoming O-540-E4C5,1989,40018.0,6221.0, G-BOMG, 2205,Loganair,Ambulance,-,Glasgow International Airport,GLA,EGPF,United Kingdom,Campbeltown-Machrihanish Airport,CAL,EGEC,United Kingdom,1,1,1,1,-,-,Final
20050315-1,Tuesday,15-MAR-2005,07:21,A2, Landing (LDG),Lima-J Chavez International Airport (LIM),Peru,4,0, Substantial, Repaired,Antonov An-26B-100,2,Ivchenko AI-24VT,1985,2451.0,5798.0, OB-1778-P, 14205,ATSA,Cargo,-,Lima-Jorge Chávez International Airport,LIM,SPIM,Peru,-,-,-,-,4,0,0,0,-,-,Final
20050316-0,Wednesday,16-MAR-2005,13:53,A1, Approach (APR),5 km (3.1 mls) from  Varandey,Russia,52,28, Destroyed, Written off (damaged beyond repair),Antonov An-24RV,2,Ivchenko AI-24VT,1972,-,-, RA-46489, 27308107,Kuzbassaviafrakht,Domestic Non Scheduled Passenger,9288,Usinsk Airport,USK,UUYS,Russia,-,-,-,-,7,45,2,26,-,-,Final
20050318-0,Friday,18-MAR-2005,18:06,A1, Maneuvering (MNV),Forte dei Marmi,Italy,2,2, Destroyed, Written off (damaged beyond repair),Canadair CL-215-6B11 (CL-415),2,Pratt & Whitney Canada PW123AF,2001,-,1733.0, I-DPCK, 2051,Civil Protection Department,Fire fighting,-,Roma-Ciampino Airport,CIA,LIRA,Italy,Roma-Ciampino Airport,CIA,LIRA,Italy,2,0,2,0,-,-,Final
20050319-0,Saturday,19-MAR-2005,10:53,A1, Approach (APR),Entebbe Airport (EBB),Uganda,5,0, Damaged beyond repair,-,Boeing 707-3K1C,4,Pratt & Whitney JT3D-3B (HK2),1974,-,-, 9G-IRL, 20805/884,Cargo Plus Aviation,Cargo,-,Addis Ababa-Bole Airport,ADD,HAAB,Ethiopia,Entebbe Airport,EBB,HUEN,Uganda,5,0,0,0,-,-,Preliminary
20050319-1,Saturday,19-MAR-2005,14:46,A2, Standing (STD),"Winnipeg-James Armstrong Richardson International Airport, MB (YWG)",Canada,2,0, Minor, Repaired,Beechcraft C99,2,Pratt & Whitney Canada PT6A-36,1982,-,-, C-FJMF, U-180,Courtesy Air,Unknown,MC505,Winnipeg-James Armstrong Richardson International Airport,YWG,CYWG,Canada,Portage La Prarie Airport,YPG,CYPG,Canada,2,0,0,0,-,-,-
20050323-0,Wednesday,23-MAR-2005,23:05,A1, Initial climb (ICL),"1,1 km (0.7 mls) W off  Mwanza Airport (MWZ)",Tanzania,8,8, Destroyed, Written off (damaged beyond repair),Ilyushin Il-76TD,4,Soloviev D-30KP-2,1984,1548.0,2615.0, ER-IBR, 0043454623,Airline Transport,Cargo, 982,Mwanza Airport,MWZ,HTMW,Tanzania,Khartoum-Civil Airport,KRT,HSSS,Sudan,8,0,8,0,-,-,Final
20050324-0,Thursday,24-MAR-2005,-,O1, Standing (STD),Madrid-Barajas Airport (MAD),Spain,-,0, Damaged beyond repair,-,McDonnell Douglas MD-88,2,Pratt & Whitney JT8D-217C,1992,-,-, EC-FLK, 53304/1975,Iberia,Scheduled Passenger,-,Madrid-Barajas Airport,MAD,LEMD,Spain,-,-,-,-,-,-,0,0,-,-,- (No safety board investigation)
20050325-0,Friday,25-MAR-2005,-,A1, Unknown (UNK),near Sakhanka,Russia,2,0, Damaged beyond repair,-,Antonov An-2R,-,-,1984,-,-, UR-17998, 1G210-22,Mariupol'sky Metallurgical Combine,Agricultural,-,-,-,-,-,-,-,-,-,2,0,0,0,-,-,Preliminary - official
20050326-0,Saturday,26-MAR-2005,09:51,A1, Initial climb (ICL),Providencia-El Embrujo Airport (PVA),Colombia,14,9, Damaged beyond repair,-,Let L-410UVP-E,2,Walter M-601E,1990,-,6901.0, HK-4146, 902426,West Caribbean Airways,Domestic Scheduled Passenger,9955,Providencia Airport,PVA,SKPV,Colombia,San Andres Island-Gustavo Rojas Pinilla Airport,ADZ,SKSP,Colombia,2,12,2,7,-,-,Final
20050328-0,Monday,28-MAR-2005,16:15,A1, Takeoff (TOF),Caracas-Simon Bolivar Airport (CCS),Venezuela,97,0, Damaged beyond repair,-,Ilyushin Il-18D-40,4,Ivchenko AI-20M,1983,-,-, CU-T1539, 2964017102,Aerocaribbean,Int'l Non Scheduled Passenger,4311,Caracas-Simón Bolívar International Airport,CCS,SVMI,Venezuela,Havana-José Martí International Airport,HAV,MUHA,Cuba,10,87,0,0,-,-,Preliminary
20050329-0,Tuesday,29-MAR-2005,07:24,A1, Landing (LDG),"Itaituba-Fazenda Vera Paz Airport, PA",Brazil,1,0, Damaged beyond repair,-,Cessna 208B Grand Caravan,1,Pratt & Whitney Canada PT6A-114A,1997,-,-, PT-MPA, 208B0627,Penta,Cargo,-,-,-,-,-,-,-,-,-,1,0,0,0,-,-,Final
20050329-1,Tuesday,29-MAR-2005,16:45,A2, Landing (LDG),Papelón,Venezuela,2,0, Substantial, Repaired,Antonov An-2R,1,PZL Kalisz (Shvetsov) ASz-62IR,1988,-,-, YV-2447P, 1G206-60,Unknown,Unknown,-,-,-,-,-,-,-,-,-,1,1,0,0,-,-,Preliminary
20050330-0,Wednesday,30-MAR-2005,08:00,A1, Landing (LDG),"Miami-Dade Collier Airport, FL (TNT)",United States of America,2,0, Substantial, Written off (damaged beyond repair),Swearingen SA227-AC Metro III,2,Garrett TPE331-11U-611G,1981,-,32203.0, N811BC, AC-463,IBC Airways,Training,-,Miami International Airport,MIA,KMIA,United States of America,Miami-Dade Collier Airport,TNT,KTNT,United States of America,2,0,0,0,-,-,Final
20050331-0,Thursday,31-MAR-2005,20:00,A1, En route (ENR),near Rovie,Albania,9,9, Damaged beyond repair,-,Lockheed MC-130H Combat Talon II,-,-,1987,-,-, 87-0127, 5118,USAF,Military,-,Tirana-Rinas Airport,TIA,LATI,Albania,Tirana-Rinas Airport,TIA,LATI,Albania,9,0,9,0,-,-,-
20050331-2,Thursday,31-MAR-2005,19:02,A1, Takeoff (TOF),Mukalla-Al-Rayyan International Airport (MKX),Yemen,8,0, Damaged beyond repair,-,Antonov An-12B,4,Ivchenko AI-20M,1969,13125.0,35115.0, UN-11007, 9346509,Irbis,Cargo,BIS6311,-,-,-,-,Sharjah Airport,SHJ,OMSJ,United Arab Emirates,8,0,0,0,-,-,Final
20050331-3,Thursday,31-MAR-2005,-,A1, Initial climb (ICL),near Kampene,Democratic Republic of the Congo,4,3, Damaged beyond repair,-,Antonov An-28,2,Glushenkov TVD-10B,1989,-,-, 3C-ZZY, 1AJ005-23,Gran Propeller,Cargo,-,-,-,-,-,-,-,-,-,-,-,-,-,-,-,-
20050407-0,Thursday,07-APR-2005,09:55,A1, Landing (LDG),Coca Airport (OCC),Ecuador,65,0, Damaged beyond repair,-,Fokker F-28 Fellowship 4000,2,Rolls-Royce Spey 555-15P,1986,46662.0,36087.0, HC-CDA, 11230,ICARO,Domestic Scheduled Passenger, 504,Quito-Mariscal Sucre Airport,UIO,SEQU,Ecuador,Coca Airport,OCC,SECO,Ecuador,5,60,0,0,-,-,Final
20050412-0,Tuesday,12-APR-2005,12:10,A1, En route (ENR),6 km (3.8 mls) from  Enarotali,Indonesia,17,17, Damaged beyond repair,-,de Havilland Canada DHC-6 Twin Otter 100,2,Pratt & Whitney Canada PT6A-20,1966,-,-, PK-LTZ, 23,GT Air,Domestic Scheduled Passenger,-,Timika-Moses Kilangin (Tembagapura) Airport,TIM,WABP,Indonesia,Enarotali Airport,EWI,WABT,Indonesia,3,14,3,14,-,-,Preliminary
20050418-0,Monday,18-APR-2005,17:15,A1, Approach (APR),"3,5 km (2.2 mls) NNW of Lima-Jorge Chavez International Airport (LIM)",Peru,12,0, Damaged beyond repair,-,Beechcraft B200 Catpass 250,2,Pratt & Whitney Canada PT6A-41,1977,-,23723.0, OB-1700, BB-214,Aero Condor,Domestic Scheduled Passenger,-,-,-,-,-,Lima-Jorge Chávez International Airport,LIM,SPIM,Peru,2,10,0,0,-,-,Final
20050420-0,Wednesday,20-APR-2005,22:05,A1, Landing (LDG),Tehran-Mehrabad Airport (THR),Iran,169,3, Damaged beyond repair,-,Boeing 707-3J9C,4,Pratt & Whitney JT3D-3B,1976,-,-, EP-SHE, 21127/915,Saha Air,Domestic Scheduled Passenger, 171,Kish Island Airport,KIH,OIBK,Iran,Tehran-Mehrabad Airport,THR,OIII,Iran,12,157,0,3,-,-,Preliminary
20050420-1,Wednesday,20-APR-2005,18:50,A1, En route (ENR),"22 km (13.8 mls) of Chico, CA",United States of America,3,3, Damaged beyond repair,-,Lockheed P-3B Orion,4,Allison T56-A10W,1966,-,15614.0, N926AU, 185-5171,Aero Union,Training,-,Chico Airport,CIC,KCIC,United States of America,Chico Airport,CIC,KCIC,United States of America,3,0,3,0,-,-,Final
20050421-0,Thursday,21-APR-2005,09:05,A2, Landing (LDG),Savusavu Airport (SVU),Fiji,-,0, Substantial, Repaired,de Havilland Canada DHC-6 Twin Otter 300,-,-,1979,-,-, DQ-FIE, 660,Sun Air Pacific,Domestic Scheduled Passenger,-,-,-,-,-,Savusavu Airport,SVU,NFNS,Fiji,-,-,0,0,-,-,-
20050421-1,Thursday,21-APR-2005,09:05,A1, Standing (STD),Savusavu Airport (SVU),Fiji,-,0, Damaged beyond repair,-,Embraer EMB-110P2 Bandeirante,-,-,-,-,-, DQ-AFP, 110190,Air Fiji,Domestic Scheduled Passenger,-,Savusavu Airport,SVU,NFNS,Fiji,-,-,-,-,-,-,0,0,-,-,-
20050424-0,Sunday,24-APR-2005,17:40,A1, Takeoff (TOF),Bagay-Baranovka Airport,Russia,2,0, Damaged beyond repair,-,Antonov An-2,-,-,-,-,-, registration unknown,-,Ulyanovsk ROSTO,Agricultural,-,-,-,-,-,-,-,-,-,2,0,0,0,-,-,Preliminary
20050425-0,Monday,25-APR-2005,-,A1, Landing (LDG),Kabul Airport (KBL),Afghanistan,6,0, Damaged beyond repair,-,Antonov An-12BP,4,Ivchenko AI-20M,1965,-,-, UN-11003, 5343004,ATMA Airlines,Cargo,-,Dubai Airport,DXB,OMDB,United Arab Emirates,Kabul-Khwaja Rawash Airport,KBL,OAKB,Afghanistan,6,0,0,0,-,-,Preliminary
20050425-1,Monday,25-APR-2005,12:35,A1, Takeoff (TOF),4 km (2.5 mls) N of Verkhnyaya Khava,Russia,2,0, Damaged beyond repair,-,Antonov An-2R,-,-,1987,-,-, RA-40490, 1G225-07,Aviakhim,Agricultural,-,-,-,-,-,-,-,-,-,2,0,0,0,-,-,Final
20050428-0,Thursday,28-APR-2005,11:28,A1, En route (ENR),near Pisco,Peru,13,13, Damaged beyond repair,-,Let L-410UVP,2,Walter M-601D,1979,-,-, EP-830, 790204,Peruvian Army,Military,-,Pisco Airport,PIO,SPSO,Peru,-,-,-,-,-,-,-,-,-,-,-
20050501-0,Sunday,01-MAY-2005,14:36,A1, Landing (LDG),Hammerfest Airport (HFT),Norway,30,0, Damaged beyond repair,-,de Havilland Canada DHC-8-103,2,Pratt & Whitney Canada PW121,1995,42997.0,20462.0, LN-WIK, 394,Widerøes Flyveselskap,Domestic Scheduled Passenger, 921,Tromsø/Langnes Airport,TOS,ENTC,Norway,Hammerfest Airport,HFT,ENHF,Norway,3,27,0,0,-,-,Final
20050502-0,Monday,02-MAY-2005,22:14,A1, En route (ENR),6 km (3.8 mls) E of Stratford,New Zealand,2,2, Destroyed, Written off (damaged beyond repair),Swearingen SA227-AC Metro III,2,Garrett TPE331-11U-611G,1983,29443.0,29010.0, ZK-POA, AC-551B,Airwork NZ,Cargo,  23,Auckland International Airport,AKL,NZAA,New Zealand,Blenheim-Woodbourne Airport,BHE,NZWB,New Zealand,2,0,2,0,-,-,Final
20050505-0,Thursday,05-MAY-2005,13:30,A1, Approach (APR),28 km (17.5 mls) N of Kisangani,Democratic Republic of the Congo,11,10, Damaged beyond repair,-,Antonov An-26B,-,-,1981,-,-, EK-26060, 17311107,Aeroworld,Passenger,-,Kisangani-Bangoka International Airport,FKI,FZIC,Democratic Republic of the Congo,Isiro-Matari Airport,IRP,FZJH,Democratic Republic of the Congo,4,7,4,6,-,-,Preliminary
20050505-1,Thursday,05-MAY-2005,-,O1, Standing (STD),"Minneapolis-St Paul International Airport, MN (MSP)",United States of America,0,0, Substantial, Written off (damaged beyond repair),McDonnell Douglas DC-9-31,2,Pratt & Whitney JT8D-7B (HK3),1968,-,-, N960N, 47256/326,Northwest Airlines,-,-,-,-,-,-,-,-,-,-,0,0,0,0,-,-,- (No safety board investigation)
20050506-0,Friday,06-MAY-2005,19:47,A2, Landing (LDG),Nassau International Airport (NAS),Bahamas,21,0, Substantial, Repaired,Swearingen SA227-AC Metro III,2,Garrett TPE331-11U-612G,1986,-,31217.0, C6-REX, AC-649,Western Air,Domestic Scheduled Passenger, 503,Nassau International Airport,NAS,MYNN,Bahamas,San Andros Airport,SAQ,MYAN,Bahamas,2,19,0,0,-,-,Final
20050507-0,Saturday,07-MAY-2005,11:43,A1, Approach (APR),"12 km (7.5 mls) NW of Lockhart River Airport, QLD (IRG)",Australia,15,15, Damaged beyond repair,-,Swearingen SA227-DC Metro 23,2,Garrett TPE331-12UHR-701G,1992,28529.0,26877.0, VH-TFU, DC-818B,Transair Australia,Domestic Scheduled Passenger, 675,Bamaga Airport,ABM,YBAM,Australia,Lockhart River Airport,IRG,YLHR,Australia,2,13,2,13,-,-,Final
20050509-0,Monday,09-MAY-2005,09:55,A2, Takeoff (TOF),"Brownwood Airport, TX (BWD)",United States of America,5,0, Substantial,-,Rockwell Sabreliner 80,2,General Electric CF700-2A2,1978,-,7160.0, N972NR, 380-65,Compass Acquisitions,Executive,-,Brownwood Airport,BWD,KBWD,United States of America,-,-,-,-,2,3,0,0,-,-,Final
20050510-0,Tuesday,10-MAY-2005,19:36,A1, Taxi (TXI),"Minneapolis-St Paul International Airport, MN (MSP)",United States of America,99,0, Damaged beyond repair,-,McDonnell Douglas DC-9-51,2,Pratt & Whitney JT8D-17,1976,66998.0,67268.0, N763NC, 47716/832,Northwest Airlines,Domestic Scheduled Passenger,1495,Columbus-Port Columbus International Airport,CMH,KCMH,United States of America,Minneapolis-St. Paul International Airport,MSP,KMSP,United States of America,5,94,0,0,-,-,Final
20050510-1,Tuesday,10-MAY-2005,19:36,A2, Taxi (TXI),"Minneapolis-St Paul International Airport, MN (MSP)",United States of America,43,0, Substantial, Repaired,Airbus A319-114,2,CFMI CFM56-5A5,2003,-,-, N368NB, 2039,Northwest Airlines,Domestic Scheduled Passenger,1849,Minneapolis-St. Paul International Airport,MSP,KMSP,United States of America,San Antonio International Airport,SAT,KSAT,United States of America,5,38,0,0,-,-,Final
20050510-2,Tuesday,10-MAY-2005,15:30,A1, Approach (APR),"Thompson Airport, MB (YTH)",Canada,17,0, Substantial, Written off (damaged beyond repair),Swearingen SA226-TC Metro II,2,Garrett TPE331-10UA,1980,-,-, C-FKEX, TC-332,Perimeter Aviation,Domestic Scheduled Passenger,914,York Landing Airport,ZAC,CZAC,Canada,Thompson Airport,YTH,CYTH,Canada,-,-,0,0,-,-,Preliminary - official
20050511-0,Wednesday,11-MAY-2005,09:30,A1, Unknown (UNK),Kolyadinets,Ukraine,2,2, Damaged beyond repair,-,Antonov An-2,1,Shvetsov ASh-62IR,1980,-,-, UR-84559, 1G189-26,Bosfor,Agricultural,-,-,-,-,-,-,-,-,-,2,0,2,0,-,-,Preliminary
20050515-0,Sunday,15-MAY-2005,15:48,A2, Landing (LDG),"Atlantic City-Bader Field, NJ (AIY)",United States of America,4,0, Substantial, Repaired,Cessna 525A CitationJet CJ2,2,Williams International FJ44-2C,-,-,360.0, OY-JET, 525A-0089,Weibel Scientific,Executive,-,Burlington International Airport,BTV,KBTV,United States of America,Atlantic City-Bader Field,AIY,KAIY,United States of America,1,3,0,0,-,-,Final
20050516-0,Monday,16-MAY-2005,12:30,A1, Approach (APR),"5,5 km (3.4 mls) NE from  Exuma International Airport (GGT)",Bahamas,3,0, Substantial, Written off (damaged beyond repair),Britten-Norman BN-2A-26 Islander,2,Lycoming O-540-E4C5,1977,-,16711.0, C6-ASA, 599,Flamingo Air Charter,Domestic Non Scheduled Passenger,-,Bimini International Airport,BIM,MYBS,Bahamas,George Town-Exuma International Airport,GGT,MYEG,Bahamas,1,2,0,0,-,-,Final
20050518-0,Wednesday,18-MAY-2005,13:28,A1, Initial climb (ICL),near Mongu Airport (MNR),Zambia,13,13, Damaged beyond repair,-,Harbin Yunshuji Y-12 II,-,-,-,-,-, AF-216, 0089,Zambian Air Force,Military,-,Mongu Airport,MNR,FLMG,Zambia,Lusaka Airport,LUN,FLLS,Zambia,5,8,5,8,-,-,Preliminary
20050518-1,Wednesday,18-MAY-2005,11:43,A2, Landing (LDG),Leeds/Bradford Airport (LBA),United Kingdom,178,0, Minor, Repaired,Airbus A320-211,2,CFMI CFM56-5A3,1991,16321.0,28957.0, JY-JAR, 234,Jordan Aviation,Int'l Non Scheduled Passenger,-,Puerto del Rosario Airport,FUE,GCFV,Spain,Leeds/Bradford Airport,LBA,EGNM,United Kingdom,7,171,0,0,-,-,Final
20050520-0,Friday,20-MAY-2005,-,A1, Landing (LDG),Moskva-Sheremetyevo Airport (SVO),Russia,-,0, Damaged beyond repair,-,Dassault Falcon 20C,2,General Electric CF700-2D2,1968,-,-, RA-09007, 136,Jet 2000,Unknown,-,-,-,-,-,-,-,-,-,-,-,0,0,-,-,-
20050522-0,Sunday,22-MAY-2005,-,A2, Landing (LDG),Punta Cana Airport (PUJ),Dominican Republic,318,0, Substantial, Repaired,Boeing 767-31KER,2,General Electric CF6-80C2B7F,1994,-,-, C-GLMC, 27205/528,Skyservice Airlines,International Scheduled Passenger, 560,Toronto-Pearson International Airport,YYZ,CYYZ,Canada,Punta Cana International Airport,PUJ,MDPC,Dominican Republic,-,-,0,0,-,-,Preliminary
20050524-0,Tuesday,24-MAY-2005,16:00,A1, En route (ENR),Caracas,Venezuela,2,2, Damaged beyond repair,-,Beechcraft 300 Super King Air 350,-,-,2001,-,-, YV-783CP, FL-313,Polar Agroservicios/Transpolar Company,Private,-,Caracas-Simón Bolívar International Airport,CCS,SVMI,Venezuela,-,-,-,-,1,1,1,1,-,-,-
20050525-0,Wednesday,25-MAY-2005,-,A1, En route (ENR),10 km (6.3 mls) from  Biega,Democratic Republic of the Congo,27,27, Damaged beyond repair,-,Antonov An-12BP,4,Ivchenko AI-20M,1964,-,-, 9Q-CVG, 4342404,Victoria Air,Domestic Non Scheduled Passenger,-,Goma Airport,GOM,FZNA,Democratic Republic of the Congo,Kindu Airport,KND,FZOA,Democratic Republic of the Congo,5,22,5,22,-,-,Preliminary
20050602-0,Thursday,02-JUN-2005,11:28,A1, Takeoff (TOF),Khartoum-Civil Airport (KRT),Sudan,42,7, Damaged beyond repair,-,Antonov An-24B,2,Ivchenko AI-24,1967,-,-, ST-WAL, 69901004,al-Majal Company,Domestic Scheduled Passenger, 430,Khartoum-Civil Airport,KRT,HSSS,Sudan,El Fasher Airport,ELF,HSFS,Sudan,6,36,1,6,-,-,Preliminary
20050602-1,Thursday,02-JUN-2005,16:00,A1, Initial climb (ICL),near Zacapa Airport,Guatemala,17,0, Damaged beyond repair,-,Let L-410UVP-E3,2,Walter M-601E,1988,-,-, TG-TAG, 882028,TAG,Domestic Non Scheduled Passenger,-,-,-,-,-,-,-,-,-,2,15,0,0,-,-,Preliminary
20050604-0,Saturday,04-JUN-2005,18:30,A1, Approach (APR),"near Rittman, OH",United States of America,2,0, Substantial, Written off (damaged beyond repair),de Havilland Canada DHC-6 Twin Otter 200,2,Pratt & Whitney Canada PT6A-60A,1968,-,33058.0, N3434, 193,AerOhio,Parachuting,-,-,-,-,-,-,-,-,-,2,0,0,0,-,-,Final
20050606-0,Monday,06-JUN-2005,07:40,A1, En route (ENR),2 km (1.3 mls) W of Miraflores Airport (MFS),Colombia,28,0, Damaged beyond repair,-,Douglas DC-3A,2,Pratt & Whitney R-1830-S1C3-G,1943,-,4898.0, HK-3462, 11759,TARI,Domestic Non Scheduled Passenger,-,Miraflores Airport,MFS,SKMF,Colombia,San Jose del Guaviare-Jorge E. González T. Airport,SJE,SKSJ,Colombia,3,25,0,0,-,-,Final
20050607-0,Tuesday,07-JUN-2005,01:25,A2, Landing (LDG),"Louisville-Standiford Field, KY (SDF)",United States of America,4,0, Substantial, Repaired,McDonnell Douglas MD-11F,3,General Electric CF6-80C2D1F,1995,-,28231.0, N250UP, 48745/596,UPS,Cargo,6971,Anchorage-Ted Stevens International Airport,ANC,PANC,United States of America,Louisville-Standiford Field,SDF,KSDF,United States of America,2,2,0,0,-,-,Final
20050608-0,Wednesday,08-JUN-2005,21:37,A1, Landing (LDG),"Washington-Dulles International Airport, DC (IAD)",United States of America,30,0, Damaged beyond repair,-,Saab 340A,2,General Electric CT7-5A2,1985,-,-, N40SZ, 340A-040,United Express,Domestic Scheduled Passenger,7564,White Plains-Westchester County Airport,HPN,KHPN,United States of America,Washington-Dulles International Airport,IAD,KIAD,United States of America,3,27,0,0,-,-,Final
20050610-0,Friday,10-JUN-2005,13:07,A1, Landing (LDG),Lokichoggio Airport (LKG),Kenya,3,0, Damaged beyond repair,-,Hawker Siddeley HS-780 Andover C.1,2,Rolls-Royce Dart 201,1966,-,14439.0, 5Y-SFE, 599/6,748 Air Services,Cargo,-,-,-,-,-,Lokichoggio Airport,LKG,HKLK,Kenya,3,0,0,0,-,-,Final
20050610-1,Friday,10-JUN-2005,14:59,A1, Landing (LDG),Lokichoggio Airport (LKG),Kenya,5,0, Substantial, Written off (damaged beyond repair),Lockheed L-100-30 Hercules,4,Allison 501-D22A,1972,-,51888.0, S9-BAS, 4472,UN,Cargo,-,El Obeid Airport,EBD,HSOB,Sudan,Lokichoggio Airport,LKG,HKLK,Kenya,5,0,0,0,-,-,Final
20050612-0,Sunday,12-JUN-2005,09:15,A2, Landing (LDG),Lagos-Murtala Muhammed Airport (LOS),Nigeria,155,0, Substantial, Repaired,Boeing 727-2M7,3,Pratt & Whitney JT8D-17R,1979,-,-, 5N-BCF, 21655/1452,Chanchangi Airlines,Domestic Scheduled Passenger,-,Kaduna Airport,KAD,DNKA,Nigeria,Lagos-Murtala Muhammed International Airport,LOS,DNMM,Nigeria,13,142,0,0,-,-,Preliminary
20050613-0,Monday,13-JUN-2005,15:50,A1, Initial climb (ICL),"5 km (3.1 mls) E of Fort Lauderdale-Executive Airport, FL (FXE)",United States of America,3,0, Damaged beyond repair,-,Douglas Super R4D-8 (DC-3S),2,Wright R-1820-80A,1943,-,19623.0, N3906J, 43344,Air Pony Express,Cargo,-,Fort Lauderdale-Executive Airport,FXE,KFXE,United States of America,Marsh Harbour International Airport,MHH,MYAM,Bahamas,2,1,0,0,-,-,Final
20050613-1,Monday,13-JUN-2005,20:21,A2, Takeoff (TOF),Caracas-Simón Bolívar International Airport (CCS),Venezuela,7,0, Substantial,-,Beechcraft 200 Super King Air,-,-,1978,-,-, YV-2834P, BB-346,Private,Unknown,-,Caracas-Simón Bolívar International Airport,CCS,SVMI,Venezuela,-,-,-,-,1,6,0,0,-,-,-
20050615-0,Wednesday,15-JUN-2005,09:40,A1, En route (ENR),near El Callao,Venezuela,3,0, Damaged beyond repair,-,Dornier Do 28D-2 Skyservant,-,-,1971,-,-, YV-664CP, 4084,Revemin-Bonanza Mining,Domestic Non Scheduled Passenger,-,Puerto Ordaz Airport,PZO,SVPR,Venezuela,-,-,-,-,1,2,0,0,-,-,-
20050619-0,Sunday,19-JUN-2005,-,A1, Landing (LDG),Kalima Airport (KLY),Democratic Republic of the Congo,-,0, Damaged beyond repair,-,Douglas C-47B-35-DK (DC-3),2,Pratt & Whitney R-1830-90C,1945,-,-, 9Q-CWI, 33257/16509,Wimbi Dira Airways,Unknown,-,-,-,-,-,Kalima-Kakungwa Airport,KLY,FZOD,Democratic Republic of the Congo,-,-,0,0,-,-,Preliminary
20050619-1,Sunday,19-JUN-2005,03:42,A1, Landing (LDG),Addis Ababa-Bole Airport (ADD),Ethiopia,5,0, Damaged beyond repair,-,Boeing 707-347C,4,Pratt & Whitney JT3D-3B (HK2),1968,-,-, C5-MBM, 19966/743,Mahfooz Aviation,Ferry/positioning,-,Douala Airport,DLA,FKKD,Cameroon,Addis Ababa-Bole Airport,ADD,HAAB,Ethiopia,5,0,0,0,-,-,Preliminary
20050624-0,Friday,24-JUN-2005,18:10,A1, Takeoff (TOF),"Yellowknife Waterdrome, NT",Canada,9,0, Substantial, Written off (damaged beyond repair),de Havilland Canada DHC-3T Vazar Turbine Otter,1,Pratt & Whitney Canada PT6A-34,1956,-,-, C-FXUY, 142,Air Tindi,Passenger,AT301,-,-,-,-,-,-,-,-,2,7,0,0,-,-,-
20050627-0,Monday,27-JUN-2005,10:00,A2, Pushback / towing (PBT),Nassau International Airport (NAS),Bahamas,-,0, Substantial, Repaired,Boeing 737-2K5,2,Pratt & Whitney JT8D-17,1981,-,37729.0, C6-BFM, 22596/763,Bahamasair,-,-,-,-,-,-,-,-,-,-,-,0,0,0,-,-,Final
20050628-0,Tuesday,28-JUN-2005,17:45,A1, Landing (LDG),Matemo Airport,Mozambique,11,0, Damaged beyond repair,-,Cessna 208 Caravan I,1,Pratt & Whitney Canada PT6A-114,1985,-,-, N9324F, 20800013,Air Serv International,Domestic Non Scheduled Passenger,-,Pemba Airport,POL,FQPB,Mozambique,-,-,-,-,1,10,0,0,-,-,Preliminary
20050629-0,Wednesday,29-JUN-2005,-,A2, Landing (LDG),Lagos-Murtala Muhammed Airport (LOS),Nigeria,91,0, Minor, Repaired,Fokker 100,2,Rolls-Royce Tay 650-15,1990,-,-, 5N-COO, 11297,IRS Airlines,Domestic Scheduled Passenger,3300,Lagos-Murtala Muhammed International Airport,LOS,DNMM,Nigeria,Abuja International Airport,ABV,DNAA,Nigeria,6,85,0,0,-,-,Preliminary
20050629-1,Wednesday,29-JUN-2005,-,A1, Landing (LDG),Goma Airport (GOM),Democratic Republic of the Congo,9,0, Substantial, Written off (damaged beyond repair),Antonov An-26,-,-,1974,-,-, 9Q-CAW, 47302206,Volga Atlantic Airlines,Cargo,-,Kongolo Airport,KOO,FZRQ,Democratic Republic of the Congo,Goma Airport,GOM,FZNA,Democratic Republic of the Congo,4,5,0,0,-,-,-
20050630-0,Thursday,30-JUN-2005,07:35,A1, Landing (LDG),Lukla Airport (LUA),Nepal,13,0, Damaged beyond repair,-,Dornier 228-201,2,Garrett TPE331-5-252D,1983,-,-, 9N-AEO, 8010,Gorkha Airlines,Domestic Scheduled Passenger,-,Kathmandu-Tribhuvan Airport,KTM,VNKT,Nepal,Lukla Airport,LUA,VNLK,Nepal,3,10,0,0,-,-,Preliminary
20050699-0,-,XX-JUN-2005,-,A1, Approach (APR),near Kapoeta Airport,South Sudan,-,-, Damaged beyond repair,-,Hawker Siddeley HS-780 Andover C.1,2,Rolls-Royce Dart 201,1966,-,-, 9Q-CVK, Set 17,Aero Service Corp.,Unknown,-,-,-,-,-,-,-,-,-,-,-,-,-,-,-,Preliminary
20050701-0,Friday,01-JUL-2005,08:53,A1, Landing (LDG),Chittagong-Shah Amanat International Airport (CGP),Bangladesh,216,0, Substantial, Written off (damaged beyond repair),McDonnell Douglas DC-10-30ER,3,General Electric CF6-50C2B,1979,-,-, S2-ADN, 46542/295,Biman Bangladesh,International Scheduled Passenger, 048,Dubai Airport,DXB,OMDB,United Arab Emirates,Chittagong-Shah Amanat International Airport,CGP,VGEG,Bangladesh,15,201,0,0,-,-,Preliminary
20050715-0,Friday,15-JUL-2005,08:45,A1, Landing (LDG),"Vail-Eagle County Airport, CO (EGE)",United States of America,4,0, Substantial, Written off (damaged beyond repair),Learjet 35A,2,Garrett TFE731-2-2B,1978,-,-, N620JM, 35A-207,Aspen Aviation,Ambulance,-,Aspen Airport,ASE,KASE,United States of America,Vail-Eagle County Airport,EGE,KEGE,United States of America,2,2,0,0,-,-,Final
20050716-0,Saturday,16-JUL-2005,10:00,A1, En route (ENR),near Baney,Equatorial Guinea,60,60, Damaged beyond repair,-,Antonov An-24B,2,Ivchenko AI-24,1967,-,-, 3C-VQR, 79901104,Equatorial Express Airlines,Domestic Scheduled Passenger,-,Malabo-Santa Isabel Airport,SSG,FGSL,Equatorial Guinea,Bata Airport,BSG,FGBT,Equatorial Guinea,6,54,6,54,-,-,- (No safety board investigation)
20050717-0,Sunday,17-JUL-2005,16:18,A1, Landing (LDG),"Old Bridge Airport, NJ",United States of America,3,0, Substantial, Written off (damaged beyond repair),Cessna 525 CitationJet,2,Williams International FJ44-1A,1997,-,-, N13FH, 525-0185,Hertrich Aviation,Private,-,Georgetown-Sussex County Airport,GED,KGED,United States of America,-,-,-,-,1,2,0,0,-,-,Final
20050719-0,Tuesday,19-JUL-2005,09:58,A1, Landing (LDG),Caticlan-Malay Airport (MPH),Philippines,23,0, Substantial, Written off (damaged beyond repair),Yakovlev Yak-40,3,Ivchenko AI-25,1975,-,-, RP-C2803, 9430537,Interisland Airlines,Domestic Scheduled Passenger, 210,Manila-Ninoy Aquino International Airport,MNL,RPLL,Philippines,Caticlan-Malay Airport,MPH,RPVE,Philippines,3,20,0,0,-,-,Preliminary
20050721-0,Thursday,21-JUL-2005,11:38,A1, Approach (APR),Lhokseumawe-Malikussaleh Airport (LSW),Indonesia,23,3, Damaged beyond repair,-,IPTN/CASA CN-235M-10,-,-,1991,-,-, A-2301, N.016,Indonesian AF,Military,-,Banda Aceh-Blang Bintang Airport,BTJ,WITT,Indonesia,Lhokseumawe-Malikussaleh Airport,LSW,WITM,Indonesia,-,-,0,3,-,-,-
20050722-0,Friday,22-JUL-2005,08:30,A1, Initial climb (ICL),"near Globe-San Carlos Apache Airport, AZ",United States of America,1,0, Damaged beyond repair,-,Cessna 208B Grand Caravan,1,Pratt & Whitney Canada PT6A-114A,2000,-,4461.0, N717BT, 208B0863,CorpJet/Baltimore Air Transport,Cargo,-,-,-,-,-,Safford Airport,SAD,KSAD,United States of America,1,0,0,0,-,-,Final
20050726-0,Tuesday,26-JUL-2005,09:40,A1, Maneuvering (MNV),near Hierba Buena,Guatemala,2,2, Damaged beyond repair,-,Cessna 208B Grand Caravan,1,Pratt & Whitney Canada PT6A-114A,2004,-,-, TG-APG, 208B1087,Aéreo Ruta Maya,Agricultural,-,Retalhuleu-Base Aerea Del Sur Airport,RER,MGRT,Guatemala,-,-,-,-,1,1,1,1,-,-,Preliminary
20050728-0,Thursday,28-JUL-2005,08:40,A1, En route (ENR),"near Shovelnose Creek, BC",Canada,2,2, Destroyed, Written off (damaged beyond repair),Beechcraft 200 Super King Air,2,Pratt & Whitney Canada PT6A-41,1974,-,-, C-FCGL, BB-190,Northern Thunderbird Air,Ferry/positioning, 202,Vancouver International Airport,YVR,CYVR,Canada,Smithers Airport,YYD,CYYD,Canada,2,0,2,0,-,-,Final
20050801-0,Monday,01-AUG-2005,10:00,A1, Unknown (UNK),"1,5 km (0.9 mls) from  Calvi",France,2,2, Damaged beyond repair,-,Canadair CL-215-6B11 (CL-415),2,Pratt & Whitney Canada PW123AF,1995,-,-, F-ZBEO, 2011,Securité Civile,Fire fighting,-,-,-,-,-,-,-,-,-,2,0,2,0,-,-,-
20050802-0,Tuesday,02-AUG-2005,16:02,A1, Landing (LDG),"Toronto-Pearson International Airport, ON (YYZ)",Canada,309,0, Destroyed, Written off (damaged beyond repair),Airbus A340-313X,4,CFMI CFM56-5C4,1999,3711.0,28418.0, F-GLZQ, 289,Air France,International Scheduled Passenger,AF358,Paris-Charles de Gaulle Airport,CDG,LFPG,France,Toronto-Pearson International Airport,YYZ,CYYZ,Canada,12,297,0,0,-,-,Final
20050804-0,Thursday,04-AUG-2005,23:00,A2, Landing (LDG),"Louie Lagoon, Nootka Island, BC",Canada,9,0, Substantial, Repaired,de Havilland Canada DHC-3 Otter,1,Pratt & Whitney R-1340-59,1960,-,-, C-FQEI, 397,Air Nootka,Domestic Non Scheduled Passenger,-,-,-,-,-,-,-,-,-,1,8,0,0,-,-,-
20050804-2,Thursday,04-AUG-2005,-,A2, Landing (LDG),"Louis Lagoon, BC",Canada,9,0, Substantial, Repaired,de Havilland Canada DHC-3 Otter,1,Pratt & Whitney R-1340-59,1960,-,-, C-FQEI, 397,Air Nootka,Domestic Non Scheduled Passenger,-,-,-,-,-,-,-,-,-,1,8,0,0,-,-,-
20050806-0,Saturday,06-AUG-2005,15:40,A1, En route (ENR),26 km (16.3 mls) NE off  Palermo-Punta Raisi Airport (PMO),Italy,39,16, Destroyed, Written off (damaged beyond repair),ATR 72-202,2,Pratt & Whitney Canada PW124B,1991,35259.0,29893.0, TS-LBB, 258,Tuninter,Int'l Non Scheduled Passenger,1153,Bari-Palese Airport,BRI,LIBD,Italy,Djerba-Melita Airport,DJE,DTTJ,Tunisia,4,35,2,14,-,-,Final
20050808-0,Monday,08-AUG-2005,06:50,A1, Landing (LDG),Luena Airport (LUO),Angola,-,0, Damaged beyond repair,-,Antonov An-12BP,-,-,-,-,-, T-300, 4342108 ?,Angolan AF,Military,-,-,-,-,-,Luena Airport,LUO,FNUE,Angola,-,-,0,0,-,-,Preliminary
20050809-0,Tuesday,09-AUG-2005,17:00,A1, En route (ENR),30 km (18.8 mls) E of Mukalla,Yemen,49,1, Damaged beyond repair,-,Antonov An-26,-,-,-,-,-, registration unknown,-,Yemen AF,Military,-,-,-,-,-,-,-,-,-,-,-,1,0,-,-,-
20050812-0,Friday,12-AUG-2005,15:10,A1, Landing (LDG),Arak Airport (AJK),Iran,27,0, Substantial, Written off (damaged beyond repair),HESA IrAn-140,2,Klimov TV3-117VMA-SBM1,2003,-,-, EP-SFD, 9001,Safiran Airlines,Domestic Scheduled Passenger,-,Tehran-Mehrabad Airport,THR,OIII,Iran,Khorramabad Airport,KHD,OICK,Iran,8,19,0,0,-,-,Preliminary
20050814-0,Sunday,14-AUG-2005,12:03,A1, En route (ENR),2 km (1.3 mls) from  Grammatikos,Greece,121,121, Destroyed, Written off (damaged beyond repair),Boeing 737-31S,2,CFMI CFM56-3C1,1997,16085.0,17900.0, 5B-DBY, 29099/2982,Helios Airways,International Scheduled Passenger, 522,Larnaca Airport,LCA,LCLK,Cyprus,Athens-Elefthérios Venizélos International Airport,ATH,LGAV,Greece,6,115,6,115,-,-,Final
20050814-1,Sunday,14-AUG-2005,12:30,A1, Takeoff (TOF),off Puerto Ayacucho Airport (PYH),Venezuela,13,1, Damaged beyond repair,-,Dornier Do 28D-2 Skyservant,-,-,1971,-,-, YV-740C, 4113,Linea Aéreo-Taxi Wayumi,Passenger,-,Puerto Ayacucho Airport,PYH,SVPA,Venezuela,-,-,-,-,1,12,0,1,-,-,-
20050815-0,Monday,15-AUG-2005,-,A1, Landing (LDG),"Norfolk NAS Chambers, VA (NGU)",United States of America,29,0, Damaged beyond repair,-,Grumman C-2A Greyhound,-,-,-,-,-, 162178, 58,US Navy,Military,-,-,-,-,-,Norfolk NAS Chambers,NGU,KNGU,United States of America,4,25,0,0,-,-,-
20050816-0,Tuesday,16-AUG-2005,03:00,A1, En route (ENR),near Machiques,Venezuela,160,160, Destroyed, Written off (damaged beyond repair),McDonnell Douglas DC-9-82 (MD-82),2,Pratt & Whitney JT8D-217A,1986,24312.0,49494.0, HK-4374X, 49484/1315,West Caribbean Airways,Int'l Non Scheduled Passenger,YH708,Panama City-Tocumen International Airport,PTY,MPTO,Panama,Fort de France-Lamentin Airport,FDF,TFFF,Martinique,8,152,8,152,-,-,Final
20050819-0,Friday,19-AUG-2005,14:19,A1, Landing (LDG),Guam-A.B. Won Pat International Airport (GUM),Guam,334,0, Substantial, Written off (damaged beyond repair),Boeing 747-251B,4,Pratt & Whitney JT9D-7Q,1979,-,-, N627US, 21709/412,Northwest Airlines,International Scheduled Passenger,  74,Tokyo-Narita Airport,NRT,RJAA,Japan,Guam-A.B. Won Pat International Airport,GUM,PGUM,Guam,16,318,0,0,-,-,Final
20050819-1,Friday,19-AUG-2005,16:35,A2, Landing (LDG),"Rapid Lake, QC",Canada,2,0, Substantial, Repaired,Cessna 208 Caravan I,1,Pratt & Whitney Canada PT6A-114,1996,-,-, C-GUAY, 20800255,Guay,Private,-,Kangiqsualujjuaq Airport,XGR,CYLU,Canada,-,-,-,-,1,1,0,0,-,-,Preliminary - official
20050821-0,Sunday,21-AUG-2005,11:00,A1, Initial climb (ICL),near Durban-Virginia Airport (VIR),South Africa,6,0, Damaged beyond repair,-,IRMA/Britten-Norman BN-2B-27 Islander,-,-,1978,-,7670.0, ZS-PCJ, 869,private,Domestic Non Scheduled Passenger,-,-,-,-,-,Durban-Virginia Airport,VIR,FAVG,South Africa,1,5,0,0,-,-,Final
20050823-0,Tuesday,23-AUG-2005,15:09,A1, Approach (APR),"5,5 km (3.4 mls) S of Pucallpa-Cap. FAP David A. Abensur Rengifo Airport (PCL)",Peru,98,40, Destroyed, Written off (damaged beyond repair),Boeing 737-244,2,Pratt & Whitney JT8D-17A,1981,45262.0,49865.0, OB-1809-P, 22580/787,TANS,Domestic Scheduled Passenger, 204,Lima-Jorge Chávez International Airport,LIM,SPIM,Peru,Pucallpa-Cap. FAP David A. Abensur Rengifo Airport,PCL,SPCL,Peru,7,91,5,35,-,-,Final
20050825-0,Thursday,25-AUG-2005,-,O1, Standing (STD),"Deerfield Beach, FL",United States of America,0,0, Substantial, Written off (damaged beyond repair),Cessna 208 Caravan I,1,Pratt & Whitney Canada PT6A-114,1987,-,2891.0, N208CP, 20800127,Country Flyin,-,-,-,-,-,-,-,-,-,-,0,0,0,0,-,-,- (No safety board investigation)
20050829-0,Monday,29-AUG-2005,14:09,A2, Taxi (TXI),"Portland International Airport, OR (PDX)",United States of America,23,0, Substantial, Repaired,de Havilland Canada DHC-8-202Q,2,Pratt & Whitney Canada PW123D,1998,-,-, N363PH, 520,Horizon Air,Domestic Scheduled Passenger,2066,Medford-Rogue Valley International,MFR,KMFR,United States of America,Portland International Airport,PDX,KPDX,United States of America,3,20,0,0,-,-,Final
20050829-1,Monday,29-AUG-2005,14:09,A2, Taxi (TXI),"Portland International Airport, OR (PDX)",United States of America,247,0, Minor, Repaired,Airbus A330-223,2,Pratt & Whitney PW4168A,2004,-,-, N855NW, 621,Northwest Airlines,International Scheduled Passenger,NW5,Portland International Airport,PDX,KPDX,United States of America,Tokyo-Narita Airport,NRT,RJAA,Japan,12,235,0,0,-,-,Final
20050901-0,Thursday,01-SEP-2005,19:50,A1, Takeoff (TOF),"Lorain County Regional Airport, OH (LPR)",United States of America,2,0, Damaged beyond repair,-,Dassault Falcon 20D,2,General Electric CF700-2D2,1969,-,16970.0, N821AA, 203,USA Jet Airlines,Ferry/positioning, 821,-,-,-,-,Saint Louis-Lambert International Airport,STL,KSTL,United States of America,2,0,0,0,-,-,Final
20050902-0,Friday,02-SEP-2005,-,A1, Initial climb (ICL),near Zielona Góra,Poland,3,0, Damaged beyond repair,-,Antonov An-2TP,-,-,1963,-,-, SP-ANA, 1G29-21,Aeroklub Ziemi Lubuskiej,Fire fighting,-,-,-,-,-,-,-,-,-,3,0,0,0,-,-,-
20050904-0,Sunday,04-SEP-2005,-,A1, En route (ENR),19 km (11.9 mls) NE of Ekimchan,Russia,3,3, Damaged beyond repair,-,Antonov An-2R,-,-,1976,-,-, RA-00901, 1G171-22,ROSTO Polyot,Cargo,-,-,-,-,-,-,-,-,-,2,1,2,1,-,-,Preliminary
20050905-0,Monday,05-SEP-2005,10:15,A1, Initial climb (ICL),Medan-Polonia Airport (MES),Indonesia,117,100, Destroyed, Written off (damaged beyond repair),Boeing 737-230,2,Pratt & Whitney JT8D-15,1981,51335.0,51599.0, PK-RIM, 22136/783,Mandala Airlines,Domestic Scheduled Passenger, 091,Medan-Polonia Airport,MES,WIMM,Indonesia,Jakarta-Soekarno-Hatta International Airport,CGK,WIII,Indonesia,5,112,5,95,-,49,Final
20050905-1,Monday,05-SEP-2005,07:30,A1, Approach (APR),"1,5 km (0.9 mls) from  Isiro-Matari (IRP)",Democratic Republic of the Congo,11,11, Damaged beyond repair,-,Antonov An-26B,2,Ivchenko AI-24VT,1979,-,-, ER-AZT, 9005,Aerocom,Domestic Non Scheduled Passenger,-,Beni Airport,BNC,FZNP,Democratic Republic of the Congo,Isiro-Matari Airport,IRP,FZJH,Democratic Republic of the Congo,4,7,4,7,-,-,Preliminary
20050908-0,Thursday,08-SEP-2005,08:15,A1, Initial climb (ICL),Murambi,Democratic Republic of the Congo,20,0, Damaged beyond repair,-,de Havilland Canada DHC-6 Twin Otter 300,2,Pratt & Whitney Canada PT6A-27,1980,-,-, 9Q-CBO, 735,TMK Air Commuter,Domestic Scheduled Passenger,-,Goma Airport,GOM,FZNA,Democratic Republic of the Congo,-,-,-,-,2,18,0,0,-,-,Preliminary
20050909-0,Friday,09-SEP-2005,11:15,A1, Unknown (UNK),Samarinda,Indonesia,2,0, Damaged beyond repair,-,Pilatus Britten-Norman BN-2B-20 Islander,2,Lycoming IO-540-K1B5,1991,-,-, PK-VIA, 2250,Dirgantara Air Services,Training,-,Samarinda Airport,SRI,WALS,Indonesia,Samarinda Airport,SRI,WALS,Indonesia,2,0,0,0,-,-,Preliminary
20050909-1,Friday,09-SEP-2005,15:45,A1, En route (ENR),50 km (31.3 mls) N of Brazzaville,Congo,13,13, Damaged beyond repair,-,Antonov An-26B,2,Ivchenko AI-24VT,1983,-,-, 9Q-CFD, 12901,Air Kasai,Domestic Non Scheduled Passenger,-,Boende Airport,BNB,FZGN,Democratic Republic of the Congo,-,-,-,-,4,9,4,9,-,-,Preliminary
20050909-2,Friday,09-SEP-2005,18:30,A1, Landing (LDG),Roma-Ciampino Airport (CIA),Italy,5,0, Damaged beyond repair,-,Cessna 501 Citation I/SP,2,Pratt & Whitney Canada JT15D-1A,1978,-,-, I-AROM, 501-0042,Unifly,Unknown,-,Lugano Airport,LUG,LSZA,Switzerland,Roma-Ciampino Airport,CIA,LIRA,Italy,2,3,0,0,-,-,Preliminary - official
20050911-0,Sunday,11-SEP-2005,09:00,A1, Landing (LDG),Mae Sot Airport (MAQ),Thailand,28,0, Damaged beyond repair,-,NAMC YS-11-500R,2,Rolls-Royce Dart 543-10K,1969,-,-, HS-KVO, 2116,Phuket Airlines,Domestic Scheduled Passenger, 326,Bangkok-Don Muang International Airport,BKK,VTBD,Thailand,Mae Sot Airport,MAQ,VTPM,Thailand,4,24,0,0,-,-,Preliminary
20050912-0,Monday,12-SEP-2005,12:00,H2, En route (ENR),Bogotá-Eldorado Airport (BOG),Colombia,24,0, None,-,de Havilland Canada DHC-8-301,2,Pratt & Whitney Canada PW123,1988,-,-, HK-4030X, 100,AIRES Colombia,Domestic Scheduled Passenger,-,Neiva-Benito Salas Airport,NVA,SKNV,Colombia,Bogotá-Eldorado Airport,BOG,SKBO,Colombia,4,20,0,0,-,-,- (No safety board investigation)
20050913-0,Tuesday,13-SEP-2005,13:30,A1, Landing (LDG),"Cedar Rapids Airport, IA (CID)",United States of America,4,0, Substantial, Written off (damaged beyond repair),Learjet 25B,2,General Electric CJ610-6,1973,-,11970.0, N252BK, 25-107,Barkin International Aviation,Ferry/positioning,-,Cedar Rapids Airport,CID,KCID,United States of America,McAllen-Miller International Airport,MFE,KMFE,United States of America,4,0,0,0,-,-,Final
20050916-0,Friday,16-SEP-2005,14:05,A1, Initial climb (ICL),"Alto da Boa Vista, RJ",Brazil,2,2, Damaged beyond repair,-,Cessna 525 CitationJet,2,Williams International FJ44-1A,1997,-,2231.0, PT-WLX, 525-0176,Viação Cometa,Ferry/positioning,-,Rio de Janeiro-Santos Dumont Airport,SDU,SBRJ,Brazil,-,-,-,-,2,0,2,0,-,-,Final
20050918-0,Sunday,18-SEP-2005,18:12,A2, Landing (LDG),"Fort Lauderdale International Airport, FL (FLL)",United States of America,197,0, Substantial, Repaired,Airbus A321-231,-,-,-,-,16473.0, N583NK, 1195,Spirit Airlines,Domestic Scheduled Passenger,171,New York-La Guardia Airport,LGA,KLGA,United States of America,Fort Lauderdale International Airport,FLL,KFLL,United States of America,6,191,0,0,-,-,Final
20050919-0,Monday,19-SEP-2005,07:30,A1, Takeoff (TOF),Rotterdam Airport (RTM),Netherlands,19,0, Substantial, Written off (damaged beyond repair),Swearingen SA227-AC Metro III,2,Garrett TPE331-11U-611G,1982,-,-, PH-DYM, AC-523,Dynamic Air,Int'l Non Scheduled Passenger,-,Rotterdam Airport,RTM,EHRD,Netherlands,Birmingham International Airport,BHX,EGBB,United Kingdom,2,17,0,0,-,-,Final
20050921-1,Wednesday,21-SEP-2005,15:15,A1, En route (ENR),40 km (25 mls) W of Bukavu,Democratic Republic of the Congo,3,2, Damaged beyond repair,-,Antonov An-2,-,-,-,-,-, registration unknown,-,Panafrican Airways,Cargo,-,Kasese Airport,KSE,HUKS,Uganda,Bukavu-Kamenbe Airport,BKY,FZMA,Democratic Republic of the Congo,2,1,2,0,-,-,Preliminary
20050924-0,Saturday,24-SEP-2005,-,O2, Standing (STD),"Lake Charles Municipal Airport, LA (LCH)",United States of America,0,0, Substantial, Repaired,Boeing E-8C (707),-,-,1970,-,-, 96-0042, 20319/833,USAF,-,-,-,-,-,-,-,-,-,-,0,0,0,0,-,-,-
20050926-0,Monday,26-SEP-2005,18:30,O1, Standing (STD),near San Andrés,Colombia,0,0, Damaged beyond repair,-,Grumman G-159 Gulfstream I,2,Rolls-Royce Dart 529-8X,1963,-,-, YV1020, 106,Unknown,Illegal Flight,-,-,-,-,-,-,-,-,-,0,0,0,0,-,-,Preliminary
20050926-1,Monday,26-SEP-2005,-,O1, Standing (STD),"Beaumont Municipal Airport, TX (BMT)",United States of America,0,0, Damaged beyond repair,-,Grumman American G-1159 Gulfstream II SP,-,-,1973,-,-, N435GM, 137,Reaud,-,-,-,-,-,-,-,-,-,-,0,0,0,0,-,-,- (No safety board investigation)
20050926-2,Monday,26-SEP-2005,16:00,A2, Landing (LDG),"May Creek, YT",Canada,2,0, Substantial, Repaired,de Havilland Canada DHC-3T/M601 Turbine Otter,1,Walter M-601E-11,1958,-,-, C-GKYG, 261,Alkan Air,Unknown,-,Whitehorse Airport,YXY,CYXY,Canada,-,-,-,-,1,1,0,0,-,-,-
20050930-0,Friday,30-SEP-2005,12:10,A1, En route (ENR),"96 km (60 mls) W of Fort Yukon, AK",United States of America,4,0, Substantial, Written off (damaged beyond repair),Cessna 550 Citation II,2,Pratt & Whitney Canada JT15D-4,1978,-,4262.0, N77ND, 550-0005,University of North Dakota,Survey/research,-,Fairbanks International Airport,FAI,PAFA,United States of America,Fairbanks International Airport,FAI,PAFA,United States of America,2,2,0,0,-,-,Final
20051004-0,Tuesday,04-OCT-2005,-,A1, Landing (LDG),Aru Airport,Democratic Republic of the Congo,100,2, Damaged beyond repair,-,Antonov An-12,4,Ivchenko AI-20M,1962,-,-, 9Q-CWC, 2400901,Wimbi Dira Airways,Domestic Non Scheduled Passenger,-,Kisangani-Bangoka International Airport,FKI,FZIC,Democratic Republic of the Congo,Bunia Airport,BUX,FZKA,Democratic Republic of the Congo,-,-,0,2,-,-,Preliminary
20051006-0,Thursday,06-OCT-2005,05:43,A1, Approach (APR),"6,6 km (4.1 mls) SE of Winnipeg Airport, MB (YWG)",Canada,1,1, Destroyed, Written off (damaged beyond repair),Cessna 208B Super Cargomaster,1,Pratt & Whitney Canada PT6A-114A,1996,-,6724.0, C-FEXS, 208B0542,FedEx,Cargo,8060,Winnipeg International Airport,YWG,CYWG,Canada,Thunder Bay Airport,YQT,CYQT,Canada,1,0,1,0,-,-,Final
20051007-0,Friday,07-OCT-2005,18:22,A2, Standing (STD),Aberdeen-Dyce Airport (ABZ),United Kingdom,54,0, Substantial, Repaired,de Havilland Canada DHC-8-311Q Dash 8,2,Pratt & Whitney Canada PW123,1997,-,-, G-BRYW, 474,British Airways Citiexpress,Domestic Scheduled Passenger,-,Aberdeen-Dyce Airport,ABZ,EGPD,United Kingdom,-,-,-,-,4,50,0,0,-,-,Final
20051009-0,Sunday,09-OCT-2005,-,A1, Landing (LDG),Gerona-Costa Brava Airport (GRO),Spain,-,0, Damaged beyond repair,-,CASA C-212 Aviocar 100,-,-,1976,-,-, T.12B-29, 51,Spanish AF,Military,-,-,-,-,-,-,-,-,-,-,-,0,0,-,-,-
20051009-1,Sunday,09-OCT-2005,-,A1, Landing (LDG),"Rio Negro, AM",Brazil,2,0, Damaged beyond repair,-,Cessna 208 Caravan I,1,Pratt & Whitney Canada PT6A-114,2004,-,-, PR-RTA, 20800380,RICO,Unknown,-,-,-,-,-,-,-,-,-,2,0,0,0,-,-,Preliminary - official
20051009-2,Sunday,09-OCT-2005,19:20,A1, Landing (LDG),Mumbai-Chhatrapati Shivaji International Airport (BOM),India,117,0, Damaged beyond repair,-,Boeing 737-4Q8,2,CFMI CFM56-3C1,1990,-,-, VT-SID, 24705/1971,Sahara Airlines,Domestic Scheduled Passenger, 117,Calcutta-Netaji Subhas Chandra Airport,CCU,VECC,India,Mumbai-Chhatrapati Shivaji International Airport,BOM,VABB,India,-,-,0,0,-,-,Preliminary
20051012-0,Wednesday,12-OCT-2005,18:08,A2, Takeoff (TOF),"Lac La Biche Airport, AB (YLB)",Canada,3,0, Substantial, Repaired,Beechcraft 99A,2,Pratt & Whitney Canada PT6A-27,1969,-,-, C-GZAM, U-116,Air Mikisew,Training,-,Lac La Biche Airport,YLB,CYLB,Canada,Lac La Biche Airport,YLB,CYLB,Canada,3,0,0,0,-,-,-
20051016-0,Sunday,16-OCT-2005,23:20,A2, Takeoff (TOF),"Ogdensburg Airport, NY (OGS)",United States of America,3,0, Substantial, Repaired,Beechcraft 1900D,-,-,1995,-,-, N144ZV, UE-144,Air Midwest,Domestic Scheduled Passenger,4655,Ogdensburg Airport,OGS,KOGS,United States of America,Massena-Richards Field,MSS,KMSS,United States of America,2,1,0,0,-,-,Final
20051018-0,Tuesday,18-OCT-2005,23:15,A1, En route (ENR),"6 km (3.8 mls) NE of Round Rock, TX",United States of America,1,0, Damaged beyond repair,-,Cessna 208B Super Cargomaster,1,Pratt & Whitney Canada PT6A-114,1988,-,10623.0, N978FE, 208B0105,FedEx,Cargo,-,Austin-Bergstrom International Airport,AUS,KAUS,United States of America,Fort Worth Alliance Airport,AFW,KAFW,United States of America,1,0,0,0,-,-,Final
20051019-0,Wednesday,19-OCT-2005,10:57,A1, En route (ENR),near Labozhskoe,Russia,15,0, Damaged beyond repair,-,Antonov An-2R,1,Shvetsov ASh-62IR,1985,-,-, RA-40943, 1G216-43,Naryan-Mar Air Enterprise,Domestic Scheduled Passenger,-,-,-,-,-,-,-,-,-,2,13,0,0,-,-,Preliminary
20051022-0,Saturday,22-OCT-2005,20:40,A1, En route (ENR),"Lisa Village, Ogun State",Nigeria,117,117, Destroyed, Written off (damaged beyond repair),Boeing 737-2L9,2,Pratt & Whitney JT8D-17 (HK3),1981,36266.0,55772.0, 5N-BFN, 22734/818,Bellview Airlines,Domestic Scheduled Passenger, 210,Lagos-Murtala Muhammed International Airport,LOS,DNMM,Nigeria,Abuja International Airport,ABV,DNAA,Nigeria,6,111,6,111,-,-,Final
20051022-1,Saturday,22-OCT-2005,-,O2, Standing (STD),Playa del Carmen Airport (PCM),Mexico,0,0, Substantial, Repaired,Britten-Norman BN-2A Trislander Mk.III-3,-,-,-,-,-, XA-TYU, 1040,Aerolamsa,-,-,-,-,-,-,-,-,-,-,0,0,0,0,-,-,-
20051022-2,Saturday,22-OCT-2005,-,O1, Standing (STD),Playa del Carmen Airport (PCM),Mexico,0,0, Damaged beyond repair,-,Let L-410UVP,2,Walter M-601D,1985,-,-, XA-TAU, 851529,Aero Ferinco,-,-,-,-,-,-,-,-,-,-,0,0,0,0,-,-,Preliminary
20051023-0,Sunday,23-OCT-2005,-,O1, Standing (STD),"Miami Seaplane Base, FL (MPB)",United States of America,0,0, Substantial, Written off (damaged beyond repair),Grumman G-73 Mallard,-,-,1946,-,-, N611SS, J-11,US Distributors,-,-,-,-,-,-,-,-,-,-,0,0,0,0,-,-,- (No safety board investigation)
20051024-0,Monday,24-OCT-2005,14:00,A2, En route (ENR),"27 km (16.9 mls) S of Unalakleet, AK",United States of America,2,0, Substantial, Repaired,Cessna 208B Grand Caravan,1,Pratt & Whitney Canada PT6A-114A,1999,-,-, N1263Y, 208B0731,Bering Air,Ferry/positioning,6440,-,-,-,-,Unalakleet Airport,UNK,PAUN,United States of America,1,1,0,0,-,-,Final
20051024-1,Monday,24-OCT-2005,-,O1, Standing (STD),"Fort Lauderdale-Executive Airport, FL (FXE)",United States of America,0,0, Substantial, Written off (damaged beyond repair),Let L-410UVP,2,Walter M-601D,1980,-,-, XA-SXX, 800512,Mayair,-,-,-,-,-,-,-,-,-,-,0,0,0,0,-,-,- (No safety board investigation)
20051024-10,Monday,24-OCT-2005,-,O1, Standing (STD),"Miami International Airport, FL (MIA/KMIA)",United States of America,0,0, Damaged beyond repair,-,Boeing 727-277F,3,Pratt & Whitney JT8D-15 (HK3),1974,-,-, C-GACC, 20550/1030,All Canada Express,-,-,-,-,-,-,-,-,-,-,0,0,0,0,-,-,- (No safety board investigation)
20051024-11,Monday,24-OCT-2005,-,O1, Standing (STD),"Opa-locka Airport, FL (OPF)",United States of America,0,0, Substantial, Written off (damaged beyond repair),Douglas DC-3A,-,-,1943,-,-, N7500A, 11693,private,-,-,-,-,-,-,-,-,-,-,0,0,0,0,-,-,- (No safety board investigation)
20051024-2,Monday,24-OCT-2005,-,O1, Standing (STD),"Fort Lauderdale-Executive Airport, FL (FXE)",United States of America,0,0, Substantial, Written off (damaged beyond repair),Antonov An-2R,1,Shvetsov ASh-62IR,1980,-,-, YV1108, 1G190-46,Unknown,-,-,-,-,-,-,-,-,-,-,0,0,0,0,-,-,- (No safety board investigation)
20051024-3,Monday,24-OCT-2005,-,A2, Landing (LDG),Dakar-Yoff Airport (DKR),Senegal,-,0, Substantial, Repaired,ATR 42-320,2,Pratt & Whitney Canada PW120,1997,-,-, D4-CBH, 415,TACV,International Scheduled Passenger,-,Praia-Francisco Mendes Airport,RAI,GVFM,Cape Verde,Dakar-Yoff Airport,DKR,GOOY,Senegal,-,-,0,0,-,-,Preliminary
20051024-4,Monday,24-OCT-2005,-,O1, Standing (STD),"Miami International Airport, FL (MIA)",United States of America,0,0, Damaged beyond repair,-,Boeing 727-231,3,Pratt & Whitney JT8D-217C/15 (BFG),1979,-,-, N54344, 21631/1460,ART 21631,-,-,-,-,-,-,-,-,-,-,0,0,0,0,-,-,- (No safety board investigation)
20051024-5,Monday,24-OCT-2005,-,O1, Standing (STD),"Boca Raton Public Airport, FL (BCT)",United States of America,0,0, Substantial, Written off (damaged beyond repair),Beechcraft Beechjet 400A,-,-,1994,-,-, N611PA, RK-78,Suncoast Aviation,-,-,-,-,-,-,-,-,-,-,0,0,0,0,-,-,- (No safety board investigation)
20051024-6,Monday,24-OCT-2005,-,O2, Standing (STD),"Boca Raton Public Airport, FL (BCT)",United States of America,0,0, Substantial, Repaired,Cessna S550 Citation S/II,2,Pratt & Whitney Canada JT15D-4B,-,-,-, N224KC, S550-0104,Tri-state Executive Air,-,-,-,-,-,-,-,-,-,-,0,0,0,0,-,-,- (No safety board investigation)
20051024-7,Monday,24-OCT-2005,-,O1, Standing (STD),"Boca Raton Public Airport, FL (BCT)",United States of America,0,0, Damaged beyond repair,-,Learjet 35,-,-,1975,-,-, N435UJ, 35-025,EHR Aviation,-,-,-,-,-,-,-,-,-,-,0,0,0,0,-,-,- (No safety board investigation)
20051024-8,Monday,24-OCT-2005,-,O1, Standing (STD),"Boca Raton Public Airport, FL (BCT)",United States of America,0,0, Substantial, Written off (damaged beyond repair),Learjet 55,-,-,1982,-,-, N110ET, 55-023,Pontiac Aviation,-,-,-,-,-,-,-,-,-,-,0,0,0,0,-,-,- (No safety board investigation)
20051024-9,Monday,24-OCT-2005,-,O1, Standing (STD),"Fort Lauderdale-Executive Airport, FL (FXE)",United States of America,0,0, Damaged beyond repair,-,Lockheed L-1329-25 JetStar II,-,-,1977,-,-, N375MD, 5209,GLE Aircraft,-,-,-,-,-,-,-,-,-,-,0,0,0,0,-,-,- (No safety board investigation)
20051026-0,Wednesday,26-OCT-2005,18:25,A1, Landing (LDG),"Sacramento-McClellan Airfield, CA (MCC)",United States of America,2,0, Damaged beyond repair,-,Learjet 25D,2,General Electric CJ610-8,1984,-,-, N888DV, 25-370,Best AeroNet Aviation,Ferry/positioning,-,Sacramento-Mather Airport,MHR,KMHR,United States of America,Sacramento-McClellan Airfield,MCC,KMCC,United States of America,2,0,0,0,-,-,Final
20051030-0,Sunday,30-OCT-2005,22:05,A1, Initial climb (ICL),near Bergamo-Orio Al Serio Airport (BGY),Italy,3,3, Damaged beyond repair,-,Let L-410UVP-E19A,2,Walter M-601E,1991,-,7185.0, 9A-BTA, 912538,Trade Air,Cargo, 729,Bergamo-Orio Al Serio Airport,BGY,LIME,Italy,Zagreb-Pleso Airport,ZAG,LDZA,Croatia,2,1,2,1,-,-,Preliminary - official
20051031-0,Monday,31-OCT-2005,13:00,A1, Landing (LDG),Kindu Airport (KND),Democratic Republic of the Congo,-,0, Damaged beyond repair,-,Boeing 727-22F,3,Pratt & Whitney JT8D-7A,1967,-,-, 9Q-CPJ, 19088/365,MIBA Aviation,Cargo,-,-,-,-,-,Kindu Airport,KND,FZOA,Democratic Republic of the Congo,-,7,0,0,-,-,Preliminary
20051102-0,Wednesday,02-NOV-2005,-,A1, Landing (LDG),Yuzhno-Sakhalinsk Airport (UUS),Russia,-,0, Damaged beyond repair,-,Antonov An-24RV,2,Ivchenko AI-24VT,1973,-,-, RA-46618, 37308705,SAT Airlines,Unknown,-,-,-,-,-,Yuzhno-Sakhalinsk Airport,UUS,UHSS,Russia,-,-,0,0,-,-,Preliminary
20051104-0,Friday,04-NOV-2005,08:45,A1, Unknown (UNK),Dong Xuyen,Vietnam,3,3, Damaged beyond repair,-,PZL-Mielec M28-05 Skytruck,-,-,2004,-,-, 312, AJE 003-09,Vietnam People's Air Force,Military,-,-,-,-,-,-,-,-,-,3,0,3,0,-,-,-
20051105-0,Saturday,05-NOV-2005,09:58,A1, Takeoff (TOF),"Houston-Hobby Airport, TX (HOU)",United States of America,2,2, Destroyed, Written off (damaged beyond repair),Cessna 500 Citation I,2,Pratt & Whitney Canada JT15D-1A,1972,6195.0,6230.0, N505K, 500-0004,HCEA,Unknown,-,Houston-William P. Hobby Airport,HOU,KHOU,United States of America,Corpus Christi International Airport,CRP,KCRP,United States of America,1,1,1,1,-,-,Final
20051107-0,Monday,07-NOV-2005,09:30,A2, Landing (LDG),Korla Airport (KRL),China,-,0, Substantial, Repaired,Dornier 328JET-310,2,Pratt & Whitney Canada PW306B,2000,-,-, B-3971, 3172,Hainan Airlines,Domestic Scheduled Passenger,-,Urumqi Airport,URC,ZWWW,China,Korla Airport,KRL,ZWKL,China,-,-,0,0,-,-,-
20051108-0,Tuesday,08-NOV-2005,07:20,A1, Initial climb (ICL),"1,4 km (0.9 mls) from  Manchester Municipal Airport, NH (MHT)",United States of America,1,0, Damaged beyond repair,-,Embraer EMB-110P1 Bandeirante,2,Pratt & Whitney Canada PT6A-34,1979,-,-, N7801Q, 110228,AirNow,Cargo,3352,Manchester Municipal Airport,MHT,KMHT,United States of America,Bangor International Airport,BGR,KBGR,United States of America,1,0,0,0,-,-,Final
20051111-0,Friday,11-NOV-2005,09:53,A1, En route (ENR),Khak-e Shahidan,Afghanistan,8,8, Destroyed, Written off (damaged beyond repair),Ilyushin Il-76TD,-,-,1985,-,-, 4L-ZIL, 0053464926,Global Georgian Airways,Cargo,1102,Kabul-Khwaja Rawash Airport,KBL,OAKB,Afghanistan,Bagram Air Base,BPM,OAIX,Afghanistan,8,0,8,0,-,-,Final
20051114-0,Monday,14-NOV-2005,-,A1, Landing (LDG),Catarman-National Airport (CRM),Philippines,38,0, Substantial, Written off (damaged beyond repair),British Aerospace BAe-146-200,4,Lycoming ALF502R-5,1985,-,-, RP-C2995, E2034,Asian Spirit,Domestic Scheduled Passenger, 587,Manila-Ninoy Aquino International Airport,MNL,RPLL,Philippines,Catarman-National Airport,CRM,RPVF,Philippines,6,32,0,0,-,-,-
20051115-0,Tuesday,15-NOV-2005,10:05,A2, Approach (APR),"off South Hampton, NY",United States of America,3,0, Substantial, Repaired,Cessna 208 Caravan I,1,Pratt & Whitney Canada PT6A-114A,1987,-,-, N117SA, 20800117,Shoreline Aviation,Training,-,-,-,-,-,-,-,-,-,2,1,0,0,-,-,Final
20051118-0,Friday,18-NOV-2005,14:07,A1, En route (ENR),31 km (19.4 mls) from  Sangar,Russia,12,0, Damaged beyond repair,-,Antonov An-2TP,1,PZL Kalisz (Shvetsov) ASz-62IR,1989,-,-, RA-02252, 1G234-06,Polyarnye Avialinii,Ambulance,-,-,-,-,-,-,-,-,-,2,10,0,0,-,-,Final
20051118-1,Friday,18-NOV-2005,10:30,A1, En route (ENR),5 km (3.1 mls) NE of Privacion Airstrip,Belize,3,3, Damaged beyond repair,-,Britten-Norman BN-2A-21 Islander,-,-,1975,-,-, V3-HFO, 465,Blancaneaux Lodge,Domestic Non Scheduled Passenger,-,Belize City-Philip S.W. Goldson International Airport,BZE,MZBZ,Belize,-,-,-,-,1,2,1,2,-,-,Preliminary
20051119-0,Saturday,19-NOV-2005,22:27,A1, En route (ENR),10 km (6.3 mls) from  Stupino,Russia,8,8, Damaged beyond repair,-,Cessna 208B Grand Caravan,1,Pratt & Whitney Canada PT6A-114A,2004,-,-, P4-OIN, 208B1052,Ivolga-Avia,Private,-,Voronezh Airport,VOZ,UUOO,Russia,Moskva-Domodedovo Airport,DME,UUDD,Russia,2,6,2,6,-,-,Preliminary - official
20051121-0,Monday,21-NOV-2005,11:00,A1, Landing (LDG),Ratanakiri-Ban Lung Airport (RBE),Cambodia,65,0, Damaged beyond repair,-,Xian Yunshuji Y-7-100C,2,Dongan WJ 5A-1,1989,-,-, XU-072, 08705,PMT Air,Domestic Scheduled Passenger,-,Phnom Penh-Pochentong Airport,PNH,VDPP,Cambodia,Ban Lung-Ratanakiri Airport,RBE,VDRK,Cambodia,6,59,0,0,-,-,Preliminary
20051123-0,Wednesday,23-NOV-2005,-,O2, Standing (STD),Grobnik Airport,Croatia,0,0, Substantial, Repaired,Antonov An-2R,1,Shvetsov ASh-62IR,1976,-,-, 9A-BAD, 1G170-42,Krila Kvarnera,-,-,-,-,-,-,-,-,-,-,0,0,0,0,-,-,-
20051128-0,Monday,28-NOV-2005,10:38,A1, Initial climb (ICL),Kaduna Airport (KAD),Nigeria,2,2, Damaged beyond repair,-,Beechcraft 200 Super King Air,-,-,1974,-,-, N73MW, BB-22,private,Private,-,Kaduna Airport,KAD,DNKA,Nigeria,Abuja International Airport,ABV,DNAA,Nigeria,2,0,2,0,-,-,-
20051130-0,Wednesday,30-NOV-2005,08:15,A2, Landing (LDG),Sinabang-Lasikin Airport,Indonesia,15,0, Minor, Repaired,CASA/Nurtanio NC-212-A4 Aviocar 100,2,Garrett TPE331-5-251C,1980,-,-, PK-ZAI, 120/18N,Sabang Merauke Raya Air Charter,Domestic Scheduled Passenger,-,Medan-Polonia Airport,MES,WIMM,Indonesia,-,-,-,-,3,12,0,0,-,-,Preliminary
20051206-0,Tuesday,06-DEC-2005,14:10,A1, Approach (APR),Tehran,Iran,94,94, Destroyed, Written off (damaged beyond repair),Lockheed C-130E Hercules,4,Allison T56-A-7,1970,-,-, 5-8519, 4399,Iran AF,Military,-,Tehran-Mehrabad Airport,THR,OIII,Iran,Bandar Abbas Airport,BND,OIKB,Iran,10,84,10,84,-,12,-
20051207-0,Wednesday,07-DEC-2005,-,A2, Landing (LDG),Kinshasa-N'Djili Airport (FIH),Democratic Republic of the Congo,43,0, Substantial,-,McDonnell Douglas DC-9-32,2,Pratt & Whitney JT8D-9A,1971,-,-, 9Q-CWF ?, 47531/638,Wetrafa,Domestic Scheduled Passenger, 422,Mbandaka Airport,MDK,FZEA,Democratic Republic of the Congo,Kinshasa-N'Djili Airport,FIH,FZAA,Democratic Republic of the Congo,-,-,0,0,-,-,Preliminary
20051208-0,Thursday,08-DEC-2005,19:14,A2, Landing (LDG),"Chicago-Midway Airport, IL (MDW)",United States of America,103,0, Substantial, Repaired,Boeing 737-7H4 (WL),2,CFMI CFM56-7B22,2004,-,-, N471WN, 32471/1535,Southwest Airlines,Domestic Scheduled Passenger,1248,Baltimore/Washington International Airport,BWI,KBWI,United States of America,Chicago-Midway Airport,MDW,KMDW,United States of America,5,98,0,0,-,1,Final
20051209-0,Friday,09-DEC-2005,22:40,A1, Approach (APR),"0,4 km (0.3 mls) from  Orangeburg Municipal Airport, SC (OGB)",United States of America,1,0, Damaged beyond repair,-,Embraer EMB-110P1 Bandeirante,2,Pratt & Whitney Canada PT6A-34,1980,-,14890.0, N790RA, 110278,AirNow,Ferry/positioning,-,Savannah International Airport,SAV,KSAV,United States of America,Columbia Metropolitan Airport,CAE,KCAE,United States of America,1,0,0,0,-,-,Final
20051210-0,Saturday,10-DEC-2005,14:08,A1, Landing (LDG),Port Harcourt Airport (PHC),Nigeria,110,108, Destroyed, Written off (damaged beyond repair),McDonnell Douglas DC-9-32,2,Pratt & Whitney JT8D-9A,1972,60238.0,51051.0, 5N-BFD, 47562/685,Sosoliso Airlines,Domestic Scheduled Passenger,1145,Abuja International Airport,ABV,DNAA,Nigeria,Port Harcourt Airport,PHC,DNPO,Nigeria,7,103,7,101,-,-,Final
20051216-0,Friday,16-DEC-2005,11:50,A1, Approach (APR),2 km (1.3 mls) from  Tamarindo Airport (TNO),Costa Rica,8,0, Substantial, Written off (damaged beyond repair),de Havilland Canada DHC-6 Twin Otter 300,2,Pratt & Whitney Canada PT6A-27,1984,80525.0,37107.0, TI-AZQ, 805,Nature Air,Domestic Scheduled Passenger, 330,San José-Tobias Bolanos International Airport,SYQ,MRPV,Costa Rica,Tamarindo Airport,TNO,MRTM,Costa Rica,2,6,0,0,-,-,Final
20051219-0,Monday,19-DEC-2005,14:39,A1, Initial climb (ICL),"Miami, FL",United States of America,20,20, Damaged beyond repair,-,Grumman G-73T Turbo Mallard,2,Pratt & Whitney Canada PT6A-34,1947,39743.0,31226.0, N2969, J-27,Chalk's,International Scheduled Passenger, 101,-,-,-,-,-,-,-,-,2,18,2,18,-,-,Final
20051222-0,Thursday,22-DEC-2005,15:05,A2, Takeoff (TOF),"Valleyview Airport, AB",Canada,5,0, Substantial, Repaired,Beechcraft B200 Super King Air,-,-,1996,-,-, C-FSAT, BB-1526,Slave Air,Ambulance,-,-,-,-,-,-,-,-,-,2,3,0,0,-,-,-
20051223-0,Friday,23-DEC-2005,22:40,A1, En route (ENR),near Nardaran,Azerbaijan,23,23, Destroyed, Written off (damaged beyond repair),Antonov An-140-100,2,Klimov TV3-117VMA-SBM1,2004,-,-, 4K-AZ48, 36525307036,Azerbaijan Airlines,International Scheduled Passenger, 217,Baku-Heydar Aliyev International Airport,GYD,UBBB,Azerbaijan,Aktau Airport,SCO,UATE,Kazakhstan,5,18,5,18,-,-,Preliminary
20051223-1,Friday,23-DEC-2005,01:15,O1, Standing (STD),Istanbul-Sabiha Gökçen Airport (SAW),Turkey,-,0, Damaged beyond repair,-,Boeing 707-373C,4,Pratt & Whitney JT3D-3B,1966,-,-, 9L-LDU, 19179/500,Koda Air,Cargo,-,-,-,-,-,-,-,-,-,-,-,0,0,-,-,Preliminary
20051223-2,Friday,23-DEC-2005,-,A2, Landing (LDG),Pokola,Congo,-,0, Substantial, Repaired,Antonov An-24RV,2,Ivchenko AI-24VT,1974,-,-, ER-AZX, 47309804,Pecotox Air,Unknown,-,-,-,-,-,-,-,-,-,-,-,0,0,-,-,-
20051224-0,Saturday,24-DEC-2005,-,A1, Unknown (UNK),Zalingei,Sudan,2,2, Damaged beyond repair,-,Antonov An-28,2,Glushenkov TVD-10B,1989,-,-, ER-AJE, 1AJ006-12,Tepavia Trans,Unknown,-,-,-,-,-,El Fasher Airport,ELF,HSFS,Sudan,2,0,2,0,-,-,Preliminary
20051224-1,Saturday,24-DEC-2005,07:43,A1, Takeoff (TOF),"Portland International Airport, OR (PDX)",United States of America,1,0, Damaged beyond repair,-,Cessna 208B Super Cargomaster,1,Pratt & Whitney Canada PT6A-114A,1991,-,7375.0, N753FE, 208B0248,FedEx,Cargo,-,Portland International Airport,PDX,KPDX,United States of America,Roseburg Municipal Airport,RBG,KRBG,United States of America,1,0,0,0,-,-,Final
20051226-0,Monday,26-DEC-2005,17:00,A1, En route (ENR),near Paparo,Venezuela,3,0, Damaged beyond repair,-,Beechcraft A100 King Air,-,-,1973,-,-, YV1507, B-155,Unknown,Unknown,-,Barcelona-Gen J A Anzoategui Airport,BLA,SVBC,Venezuela,-,-,-,-,2,1,0,0,-,-,Preliminary
20051228-0,Wednesday,28-DEC-2005,14:06,A1, Approach (APR),"0,5 km (0.3 mls) E of Truckee Airport, CA (TKF)",United States of America,2,2, Damaged beyond repair,-,Learjet 35A,2,Garrett TFE731-2-2B,1978,-,9244.0, N781RS, 35A-218,Skyward Aviation,Ferry/positioning,-,Twin Falls City County Airport,TWF,KTWF,United States of America,Truckee Airport,TKF,KTRK,United States of America,2,0,2,0,-,-,Final
20051230-0,Friday,30-DEC-2005,21:00,A1, Landing (LDG),"La Ronge Airport, SK (YVC)",Canada,-,0, Damaged beyond repair,-,Beechcraft A100 King Air,2,Pratt & Whitney Canada PT6A-28,1974,-,-, C-GAPK, B-198,Transwest Air,Ambulance,-,Pinehouse Lake Airport,ZPO,CZPO,Canada,La Ronge Airport,YVC,CYVC,Canada,-,-,0,0,-,-,Preliminary - official
