identifiant,week_day,date,time,type_event,phase,location,country,total_occupants,total_fatalities,aircraft_damage,aircraft_fate,type_aircraft,number_engines,type_engines,first_flight,cycles,total_airframe_hours,registration,c_n_msn,operator,nature,flight_number,departure_airport_name,departure_airport_IATA,departure_airport_ICAO,departure_airport_country,destination_airport_name,destination_airport_IATA,destination_airport_ICAO,destination_airport_country,crew_number,passengers_number,crew_fatalities,passengers_fatalities,collision_casualties,ground_casualties,status
19340115-0,Monday,15-JAN-1934,19:30,A1, En route (ENR),Corbigny,France,10,10, Destroyed, Written off (damaged beyond repair),Dewoitine D.332,-,-,-,-,-, F-AMMY, 01,Air France,Domestic Scheduled Passenger,-,Lyon-Bron Airport,LYN,LFLY,France,Paris-Le Bourget Airport,LBG,LFPB,France,3,7,3,7,-,-,-
19340305-0,Monday,05-MAR-1934,-,A1, Initial climb (ICL),Toncontín,Honduras,12,1, Damaged beyond repair,-,Ford 4-AT-B Tri-Motor,3,Wright J-5 Whirlwind,1928,-,-, NC7120, 4-AT-34,Morgan Air Lines,Passenger,-,-,-,-,-,-,-,-,-,2,10,0,1,-,-,-
19340310-0,Saturday,10-MAR-1934,-,A1, Unknown (UNK),Gliwice,Poland,-,-, Damaged beyond repair,-,Junkers F.24k2ay (G.24),1,Junkers Jumo 4,1925,-,-, D-1019, 843,Deutsche Lufthansa,Cargo,-,-,-,-,-,-,-,-,-,-,-,-,-,-,-,-
19340322-0,Thursday,22-MAR-1934,-,A1, Takeoff (TOF),Lima-Limatambo Airport (LIM),Peru,15,4, Damaged beyond repair,-,Ford 5-AT-C Tri-Motor,3,Pratt & Whitney R-1340 Wasp,1929,-,-, NC407H, 5-AT-066,Panagra,International Scheduled Passenger,-,Lima-Limatambo Airport,LIM,SPIM,Peru,-,-,-,-,3,12,2,2,-,-,-
19340531-0,Thursday,31-MAY-1934,-,A1, Approach (APR),Croydon,United Kingdom,2,2, Damaged beyond repair,-,Lioré et Olivier 213,-,-,1928,-,-, F-AIVG, 3,Air France,Cargo,-,-,-,-,-,Paris-Le Bourget Airport,LBG,LFPB,France,2,0,2,0,-,-,-
19340609-0,Saturday,09-JUN-1934,17:00,A1, En route (ENR),"18 km (11.3 mls) N of Livingston Manor, NY",United States of America,7,7, Damaged beyond repair,-,Curtiss T-32 Condor II,-,-,-,-,-, NC12354, 22,American Airways,Domestic Scheduled Passenger,-,Newark Airport,EWR,KEWR,United States of America,-,-,-,-,3,4,3,4,-,-,-
19340611-0,Monday,11-JUN-1934,-,A1, Takeoff (TOF),"Camp Skeel, Oscoda, MI",United States of America,-,0, Damaged beyond repair,-,Ford C-4A (5-AT-D) Tri-Motor,3,Pratt & Whitney R-1340 Wasp,1931,-,-, 31-403, 5-AT-093,USAAC,Military,-,-,-,-,-,-,-,-,-,-,-,0,0,-,-,-
19340611-1,Monday,11-JUN-1934,-,A1, En route (ENR),Junin,Argentina,10,5, Damaged beyond repair,-,Ford 5-AT-C Tri-Motor,3,Pratt & Whitney R-1340 Wasp,1929,-,-, NC8417, 5-AT-055,Panagra,International Scheduled Passenger,-,-,-,-,-,-,-,-,-,4,6,3,2,-,-,-
19340623-0,Saturday,23-JUN-1934,-,O1, Standing (STD),"Columbus, OH",United States of America,0,0, Damaged beyond repair,-,Ford 4-AT-B Tri-Motor,3,Wright J-5 Whirlwind,1928,-,-, NC7685, 4-AT-43,Mulzer Flying Service,-,-,-,-,-,-,-,-,-,-,0,0,0,0,-,-,-
19340701-0,Sunday,01-JUL-1934,-,A1, Unknown (UNK),"Lima, OH",United States of America,-,0, Damaged beyond repair,-,Ford 4-AT-D Tri-Motor,-,-,1928,-,-, NC7586, 4-AT-40,Private,Unknown,-,-,-,-,-,-,-,-,-,-,-,0,0,-,-,-
19340727-0,Friday,27-JUL-1934,16:00,A1, En route (ENR),Wurmlingen/Tuttlingen,Germany,12,12, Destroyed, Written off (damaged beyond repair),Curtiss AT-32C Condor II,-,-,1934,-,-, CH-170, 53,Swissair,Passenger,-,-,-,-,-,-,-,-,-,3,9,3,9,-,-,-
19340823-0,Thursday,23-AUG-1934,-,A1, Unknown (UNK),at an unknown location,Russia,-,-, Damaged beyond repair,-,Junkers PS-5 (G.24),-,-,1926,-,-, CCCP-L742, 935,Dobrolet,Unknown,-,-,-,-,-,-,-,-,-,-,-,-,-,-,-,-
19340902-0,Sunday,02-SEP-1934,-,A1, Unknown (UNK),"Cochrane, WI",United States of America,-,0, Damaged beyond repair,-,Ford 5-AT-D Tri-Motor,3,Pratt & Whitney R-1340 Wasp,1931,-,-, NC9655, 5-AT-110,Hanford's Tri-State Airlines,Unknown,-,-,-,-,-,-,-,-,-,-,-,0,0,-,-,-
19340922-0,Saturday,22-SEP-1934,-,A1, En route (ENR),"Aston Clinton, Buckinghamshire",United Kingdom,4,4, Damaged beyond repair,-,Handley Page W.10,-,-,-,-,-, G-EBMM, W.10/1,National Aviation Displays,Unknown,-,-,-,-,-,-,-,-,-,-,-,-,-,-,-,-
19340927-0,Thursday,27-SEP-1934,-,A1, Unknown (UNK),Irapuato,Mexico,-,-, Damaged beyond repair,-,Fokker F.10A,-,-,-,-,-, X-ABCS, 1053,Mexicana,Unknown,-,-,-,-,-,-,-,-,-,-,-,-,-,-,-,-
19341019-0,Friday,19-OCT-1934,-,A1, En route (ENR),"off Wilsons Promontory, VIC [Bass Strait]",Australia,11,11, Damaged beyond repair,-,de Havilland DH.86 Express,-,-,1934,-,-, VH-URN, 2301,Holyman's Airways,Domestic Scheduled Passenger,-,Launceston Airport,LST,YMLT,Australia,-,-,-,-,2,9,2,9,-,-,-
19341026-0,Friday,26-OCT-1934,-,A1, Landing (LDG),"Flat Airport, AK (FLT)",United States of America,-,0, Damaged beyond repair,-,Ford 4-AT-E Tri-Motor,3,Wright J-6-9 Whirlwind,1929,-,-, NC8403, 4-AT-65,Ptarmigan Airlines,Cargo,-,-,-,-,-,-,-,-,-,-,-,0,0,-,-,-
19341029-0,Monday,29-OCT-1934,-,O1, Standing (STD),La Ceiba Airport (LCE),Honduras,0,0, Damaged beyond repair,-,Ford 4-AT-.  Tri-Motor,-,-,-,-,-, registration unknown, 4-AT-..,TACA de Honduras,-,-,-,-,-,-,-,-,-,-,0,0,0,0,-,-,-
19341106-0,Tuesday,06-NOV-1934,23:30,A1, En route (ENR),"Gross-Rackitt, Pommern",Poland,5,5, Damaged beyond repair,-,Junkers Ju-52/3mge,-,-,-,-,-, D-AVAN,-,Deutsche Reichsbahn-Gesellschaft,Cargo,-,Königsberg Airport,KGD,UMKK,Russia,Berlin-Tempelhof Airport,THF,EDDI,Germany,5,0,5,0,-,-,-
19341115-0,Thursday,15-NOV-1934,05:47,A1, En route (ENR),"near Ilfracombe, QLD",Australia,4,4, Damaged beyond repair,-,de Havilland DH.86 Express,-,-,1934,-,-, VH-USG, 2311,Qantas,Ferry/positioning,-,Longreach Airport,LRE,YLRE,Australia,-,-,-,-,3,1,3,1,-,-,-
19341210-0,Monday,10-DEC-1934,07:30,A1, En route (ENR),near Palma Soriano,Cuba,8,4, Damaged beyond repair,-,Ford 4-AT-E Tri-Motor,3,Wright J-6-9 Whirlwind,1929,-,-, NM-7, 4-AT-63,Cubana,Domestic Scheduled Passenger,-,Havana-Rancho Boyeros Airport,HAV,MUHA,Cuba,Santiago-Antonio Maceo Airport,SCU,MUCU,Cuba,3,5,2,2,-,-,-
19341219-0,Wednesday,19-DEC-1934,-,A1, Landing (LDG),"Buffalo, NY",United States of America,-,-, Damaged beyond repair,-,Curtiss AT-32B Condor II,-,-,-,-,-, NC12395, 47,American Airways,Unknown,-,-,-,-,-,-,-,-,-,-,-,-,-,-,-,-
19341220-0,Thursday,20-DEC-1934,00:33,A1, En route (ENR),16 km (10 mls) S of Rutbah Wells,Iraq,7,7, Destroyed, Written off (damaged beyond repair),Douglas DC-2-115A,2,Wright R-1820-F2 Cyclone,1934,-,284.0, PH-AJU, 1317/F1,KLM,Int'l Non Scheduled Passenger,-,-,-,-,-,Baghdad International Airport,BGW,ORBI,Iraq,4,3,4,3,-,-,Final
19341228-0,Friday,28-DEC-1934,20:35,A1, En route (ENR),"near Wilmurt, NY",United States of America,4,0, Damaged beyond repair,-,Curtiss T-32C Condor II,-,-,-,-,-, NC12363, 23,American Airways,Domestic Scheduled Passenger,-,Syracuse-Hancock Airport,SYR,KSYR,United States of America,Albany Airport,ALB,KALB,United States of America,2,2,0,0,-,-,-
19349999-0,-,xx-xxx-1934,-,O1, Standing (STD),"Boca Chica, Tamaulipas",Mexico,0,0, Damaged beyond repair,-,Ford 4-AT-B Tri-Motor,3,Wright J-5 Whirlwind,1928,-,-, NC9609, 4-AT-52,Private,-,-,-,-,-,-,-,-,-,-,0,0,0,0,-,-,-
