identifiant,week_day,date,time,type_event,phase,location,country,total_occupants,total_fatalities,aircraft_damage,aircraft_fate,type_aircraft,number_engines,type_engines,first_flight,cycles,total_airframe_hours,registration,c_n_msn,operator,nature,flight_number,departure_airport_name,departure_airport_IATA,departure_airport_ICAO,departure_airport_country,destination_airport_name,destination_airport_IATA,destination_airport_ICAO,destination_airport_country,crew_number,passengers_number,crew_fatalities,passengers_fatalities,collision_casualties,ground_casualties,status
19870102-0,Friday,02-JAN-1987,16:30,A1, Initial climb (ICL),200 m off Bata Airport (BSG),Equatorial Guinea,22,22, Damaged beyond repair,-,CASA C-212 Aviocar 100,-,-,1976,-,-, T.12B-32, 65,Spanish AF,Military,-,Bata Airport,BSG,FGBT,Equatorial Guinea,Malabo-Santa Isabel Airport,SSG,FGSL,Equatorial Guinea,3,19,3,19,-,-,-
19870103-0,Saturday,03-JAN-1987,01:45,A1, Approach (APR),18 km (11.3 mls) NE of Abidjan-Felix Houphouet Boigny Airport (ABJ),Cote d'Ivoire,51,50, Destroyed, Written off (damaged beyond repair),Boeing 707-379C,4,Pratt & Whitney JT3D-3B,1968,-,-, PP-VJK, 19822/726,Varig,International Scheduled Passenger,RG797,Abidjan-Felix Houphouet Boigny Airport,ABJ,DIAP,Cote d'Ivoire,Rio de Janeiro-Galeão International Airport,GIG,SBGL,Brazil,12,39,12,38,-,-,-
19870106-1,Tuesday,06-JAN-1987,09:12,A1, Takeoff (TOF),Stockholm-Arlanda Airport (ARN),Sweden,27,0, Damaged beyond repair,-,Sud Aviation SE-210 Caravelle 10B1R,2,Pratt & Whitney JT8D-7,1970,-,36044.0, SE-DEC, 263,Transwede,Int'l Non Scheduled Passenger,-,Stockholm-Arlanda Airport,ARN,ESSA,Sweden,Alicante Airport,ALC,LEAL,Spain,6,21,0,0,-,-,Final
19870107-0,Wednesday,07-JAN-1987,-,A1, Unknown (UNK),at an unknown location,Democratic Republic of the Congo,-,-, Damaged beyond repair,-,Douglas C-54D-1-DC (DC-4),-,-,1945,-,-, 9Q-CAG, 10640,Kinair Cargo,Unknown,-,-,-,-,-,-,-,-,-,-,-,-,-,-,-,-
19870108-0,Thursday,08-JAN-1987,-,C1, Standing (STD),Beirut International Airport (BEY),Lebanon,126,0, Damaged beyond repair,-,Boeing 707-323C,4,Pratt & Whitney JT3D-3B,1968,-,-, OD-AHB, 19588/692,MEA,International Scheduled Passenger,-,-,-,-,-,-,-,-,-,-,-,0,0,-,-,-
19870110-0,Saturday,10-JAN-1987,13:50,A1, Landing (LDG),Ilorin Airport (ILR),Nigeria,9,0, Destroyed, Written off (damaged beyond repair),McDonnell Douglas DC-10-30,3,General Electric CF6-50C,1977,8748.0,29487.0, 5N-ANR, 46968/243,Nigeria Airways,Training,-,Lagos-Murtala Muhammed International Airport,LOS,DNMM,Nigeria,Ilorin Airport,ILR,DNIL,Nigeria,9,0,0,0,-,-,Final
19870110-1,Saturday,10-JAN-1987,-,U1, Unknown (UNK),at an unknown location,Unknown country,-,-, Damaged beyond repair,-,Antonov An-2,-,-,-,-,-, R109,-,Angolan AF,Military,-,-,-,-,-,-,-,-,-,-,-,-,-,-,-,-
19870110-2,Saturday,10-JAN-1987,-,A1, En route (ENR),"off Pilas Island, Sulu Sea",Philippines,12,9, Damaged beyond repair,-,Britten-Norman BN-2A Islander,-,-,-,-,-, registration unknown,-,Philippine AF,Military,-,Cagayan de Sulu Airport,CDY,RPMU,Philippines,Zamboanga Airport,ZAM,RPMZ,Philippines,-,-,-,-,-,-,-
19870110-3,Saturday,10-JAN-1987,-,H2, En route (ENR),"Washington-Dulles International Airport, DC (IAD)",United States of America,55,0, None,-,McDonnell Douglas DC-9,-,-,-,-,-, registration unknown,-,New York Air,Domestic Scheduled Passenger, 681,Newark International Airport,EWR,KEWR,United States of America,Washington-Dulles International Airport,IAD,KIAD,United States of America,5,50,0,0,-,-,-
19870112-0,Monday,12-JAN-1987,11:10,A1, Approach (APR),"5,6 km (3.5 mls) SSE off  Toronto Island Airport, ON (YTZ)",Canada,2,1, Damaged beyond repair,-,Britten-Norman BN-2A-20 Islander,2,Lycoming O-540-E4C5,1974,-,-, C-GIRH, 404,Trillium Air,Unknown,-,St. Catharines Airport,YCM,CYSN,Canada,Toronto Island Airport,YTZ,CYTZ,Canada,1,1,1,0,-,-,-
19870113-0,Tuesday,13-JAN-1987,13:54,A1, Landing (LDG),"Remington, IN",United States of America,3,0, Damaged beyond repair,-,NAMC YS-11A-213,2,Rolls-Royce Dart 542-105,1970,-,-, N906TC, 2154,Mid Pacific Airlines,Test,-,Indianapolis International Airport,IND,KIND,United States of America,Lafayette-Purdue University Airport,LAF,KLAF,United States of America,3,0,0,0,-,-,Final
19870113-1,Tuesday,13-JAN-1987,13:30,A1, Approach (APR),near Asmara International Airport (ASM),Eritrea,54,54, Damaged beyond repair,-,Antonov An-12,-,-,-,-,-, registration unknown,-,Ethiopian AF,Military,-,Asmara International Airport,ASM,HAAY,Eritrea,Addis Ababa-Bole Airport,ADD,HAAB,Ethiopia,-,-,-,-,-,-,-
19870114-0,Wednesday,14-JAN-1987,-,U1, Unknown (UNK),at an unknown location,Unknown country,-,-, Damaged beyond repair,-,Antonov An-32,2,Ivchenko AI-20,-,-,-, D2-FA.,-,Angolan AF,Military,-,-,-,-,-,-,-,-,-,-,-,-,-,-,-,-
19870114-1,Wednesday,14-JAN-1987,-,A1, Takeoff (TOF),"Montgomery-Maxwell AFB, AL (MXF)",United States of America,3,2, Damaged beyond repair,-,Learjet C-21A (Learjet 35A),2,Garrett TFE731-2-2B,-,-,-, 84-0121, 35-567,USAF,Military,-,Montgomery-Maxwell AFB,MXF,KMXF,United States of America,-,-,-,-,3,0,2,0,-,-,-
19870114-2,Wednesday,14-JAN-1987,13:31,A2, Landing (LDG),Lugano Airport (LUG),Switzerland,2,0, Substantial, Repaired,Learjet 35A,2,Garrett TFE731-2-2B,1979,-,-, HB-VGC, 35A-259,Fidinam Fiduciara,Private,-,Nice-Côte d'Azur Airport,NCE,LFMN,France,Lugano Airport,LUG,LSZA,Switzerland,2,0,0,0,-,-,Final
19870115-0,Thursday,15-JAN-1987,12:52,A1, Approach (APR),"Kearns, UT",United States of America,8,8, Damaged beyond repair,-,Swearingen SA226-TC Metro II,2,Garrett TPE331-3UW-303G,1980,-,-, N163SW, TC-327,SkyWest Airlines,Domestic Scheduled Passenger,1834,Pocatello Airport,PIH,KPIH,United States of America,Salt Lake City International Airport,SLC,KSLC,United States of America,2,6,2,6,2,-,Final
19870115-1,Thursday,15-JAN-1987,-,U1, Unknown (UNK),at an unknown location,Unknown country,-,-, Damaged beyond repair,-,Antonov An-2,-,-,-,-,-, R108,-,Angolan AF,Military,-,-,-,-,-,-,-,-,-,-,-,-,-,-,-,-
19870115-2,Thursday,15-JAN-1987,17:00,A2, En route (ENR),"over Jaboatão, PE",Brazil,163,0, Substantial, Repaired,Boeing 707-365C,4,Pratt & Whitney JT3D-3B,1967,-,-, PT-TCP, 19416/556,Transbrasil,Domestic Scheduled Passenger,-,Recife-Guararapes International Airport,REC,SBRF,Brazil,Fortaleza-Pinto Martins Airport,FOR,SBFZ,Brazil,9,154,0,0,-,-,Preliminary
19870116-0,Friday,16-JAN-1987,08:11,A1, Takeoff (TOF),Tashkent-Yuzhny Airport (TAS),Uzbekistan,9,9, Damaged beyond repair,-,Yakovlev Yak-40,3,Ivchenko AI-25,1971,20927.0,17132.0, CCCP-87618, 9131918,Aeroflot / Uzbekistan,Domestic Scheduled Passenger, 505,Tashkent-Yuzhny Airport,TAS,UTTT,Uzbekistan,-,-,-,-,4,5,4,5,-,-,-
19870116-1,Friday,16-JAN-1987,06:40,A1, En route (ENR),"Cima, CA",United States of America,1,1, Destroyed, Written off (damaged beyond repair),Cessna 208 Caravan I,1,Pratt & Whitney Canada PT6A-114,1986,-,126.0, N9613F, 20800106,California Air Charter,Cargo,-,Ontario International Airport,ONT,KONT,United States of America,Las Vegas-North Air Terminal,VGT,KVGT,United States of America,1,0,1,0,-,-,Final
19870118-0,Sunday,18-JAN-1987,14:15,A1, Approach (APR),4 km (2.5 mls) W of East Midlands Airport (EMA),United Kingdom,3,0, Damaged beyond repair,-,Fokker F-27 Friendship 200,2,Rolls-Royce Dart 528D-7E,1963,44761.0,38487.0, G-BMAU, 10241,BMA,Training,-,East Midlands Airport,EMA,EGNX,United Kingdom,East Midlands Airport,EMA,EGNX,United Kingdom,3,0,0,0,-,-,Final
19870119-0,Monday,19-JAN-1987,-,U1, Unknown (UNK),at an unknown location,Unknown country,-,-, Damaged beyond repair,-,Antonov An-2,-,-,-,-,-, R102,-,Angolan AF,Military,-,-,-,-,-,-,-,-,-,-,-,-,-,-,-,-
19870123-0,Friday,23-JAN-1987,-,A1, Landing (LDG),Ulan Bator-Buyant Uhaa Airport (ULN),Mongolia,-,-, Damaged beyond repair,-,Antonov An-24RV,2,Ivchenko AI-24VT,1972,-,-, BNMAU-7710, 27307710,MIAT,Unknown,-,-,-,-,-,Ulan Bator-Buyant Uhaa Airport,ULN,ZMUB,Mongolia,-,-,-,-,-,-,-
19870125-0,Sunday,25-JAN-1987,-,A1, Takeoff (TOF),Tarnogsky Gorodok Airport,Russia,26,0, Damaged beyond repair,-,Yakovlev Yak-40,3,Ivchenko AI-25,1969,-,-, CCCP-87696, 9910105,Aeroflot / Northern,Domestic Scheduled Passenger,-,-,-,-,-,-,-,-,-,4,22,0,0,-,-,-
19870127-0,Tuesday,27-JAN-1987,-,A1, Landing (LDG),"Varginha Airport, MG (VAG)",Brazil,2,0, Damaged beyond repair,-,Fokker F-27 Friendship 200,-,-,1962,-,-, PT-LCF, 10204,Brasil Central,Cargo,-,-,-,-,-,Varginha-Major Brigadeiro Trompowsky Airport,VAG,SBVG,Brazil,2,0,0,0,-,-,-
19870130-0,Friday,30-JAN-1987,-,A1, En route (ENR),64 km (40 mls) SE off  Monrovia,Liberia,18,16, Damaged beyond repair,-,Cessna U-27A Caravan I,1,Pratt & Whitney Canada PT6A-114,1985,-,-, ARU-021, 20800055,Liberian Army,Military,-,Monrovia-Roberts International Airport,ROB,GLRB,Liberia,Cape Palmas-A. Tubman Airport,CPA,GLCP,Liberia,-,-,-,-,-,-,-
19870202-0,Monday,02-FEB-1987,-,A1, Unknown (UNK),56 km (35 mls) NE of San Ignacio de Moxos,Bolivia,5,0, Damaged beyond repair,-,Curtiss C-46F-1-CU Commando,-,-,1945,-,-, CP-909, 22467,TASMI,Passenger,-,-,-,-,-,-,-,-,-,3,2,0,0,-,-,-
19870203-0,Tuesday,03-FEB-1987,-,A1, Unknown (UNK),off San Juan,Spain,-,2, Damaged beyond repair,-,Canadair CL-215-1A10,2,Pratt & Whitney R-2800-83AM,1985,-,-, UD.13-18, 1079,Spanish AF,Military,-,-,-,-,-,-,-,-,-,-,-,2,0,-,-,-
19870205-0,Thursday,05-FEB-1987,08:24,A1, Approach (APR),München-Riem Airport (MUC),Germany,14,0, Damaged beyond repair,-,Swearingen SA226-AT Merlin IV,2,Garrett TPE331-3U-303G,1975,-,6282.0, D-IEWK, AT-042,RFG,Domestic Scheduled Passenger,-,Dortmund Airport,DTM,EDLW,Germany,München-Riem Airport,MUC,EDDM,Germany,2,12,0,0,-,-,Final
19870205-1,Thursday,05-FEB-1987,-,A1, En route (ENR),near Jakiri,Cameroon,11,11, Damaged beyond repair,-,Learjet 55,2,Garrett TFE731-3A-2B,1982,-,-, F-GDHR, 55-070,Aero France,Executive,-,Brazzaville-Maya Maya Airport,BZV,FCBB,Congo,Tamanrasset Airport,TMR,DAAT,Algeria,2,9,2,9,-,-,-
19870206-0,Friday,06-FEB-1987,-,A1, En route (ENR),off eastern coast,Papua New Guinea,17,14, Damaged beyond repair,-,Embraer EMB-110P2 Bandeirante,2,Pratt & Whitney Canada PT6A-34,1980,-,-, P2-RDM, 110262,Talair,Domestic Scheduled Passenger,-,Rabaul-Lakunai Airfield,RAB,AYRB,Papua New Guinea,Hoskins Airport,HKN,AYHK,Papua New Guinea,2,15,2,12,-,-,-
19870207-0,Saturday,07-FEB-1987,-,A1, Landing (LDG),Felvoru,Maldives,16,0, Damaged beyond repair,-,de Havilland Canada DHC-6 Twin Otter 300,2,Pratt & Whitney Canada PT6A-27,1972,-,-, 8Q-GIA, 341,Inter Atoll Air,Domestic Scheduled Passenger,-,-,-,-,-,-,-,-,-,2,14,0,0,-,-,-
19870207-1,Saturday,07-FEB-1987,-,A1, Unknown (UNK),Sverdlovsk Airport (SVX),Russia,-,-, Damaged beyond repair,-,Antonov An-12TB,-,-,1964,-,-, CCCP-11378, 402608,Aeroflot / Magadan,Unknown,-,-,-,-,-,-,-,-,-,-,-,-,-,-,-,-
19870209-0,Monday,09-FEB-1987,-,C1, Initial climb (ICL),near Khost Airport (KHT),Afghanistan,36,36, Damaged beyond repair,-,Antonov An-26,-,-,-,-,-, registration unknown,-,Afghan AF,Military,-,Khost Airport,KHT,OAKS,Afghanistan,Kabul Airport,KBL,OAKB,Afghanistan,6,30,6,30,-,-,-
19870209-1,Monday,09-FEB-1987,09:06,A1, Landing (LDG),"3,3 km (2.1 mls) E of Liverpool International Airport (LPL)",United Kingdom,1,0, Damaged beyond repair,-,Britten-Norman BN-2A Trislander Mk.III-1,3,Lycoming O-540-E4C5,1971,-,-, G-OCME, 0262,Air West,Cargo,-,Liverpool International Airport,LPL,EGGP,United Kingdom,Isle Of Man-Ronaldsway Airport,IOM,EGNS,United Kingdom,1,0,0,0,-,-,Final
19870211-0,Wednesday,11-FEB-1987,-,A1, En route (ENR),at an unknown location,Mozambique,3,3, Destroyed, Written off (damaged beyond repair),CASA C-212 Aviocar 200,-,-,1986,-,-, 808, 365,Zimbabwe AF,Military,-,Chimoio Airport,VPY,FQCH,Mozambique,-,-,-,-,-,-,-,-,-,-,-
19870211-1,Wednesday,11-FEB-1987,15:00,A2, Landing (LDG),"Oneonta Municipal Airport, NY",United States of America,9,0, Substantial, Repaired,Beechcraft 99 Airliner,-,-,-,-,35195.0, N699CA, U-114,Catskill Airways,Domestic Scheduled Passenger,-,New York-La Guardia Airport,LGA,KLGA,United States of America,-,-,-,-,2,7,0,0,-,-,Final
19870213-0,Friday,13-FEB-1987,-,A1, Landing (LDG),"Altus AFB, OK (LTS)",United States of America,4,0, Damaged beyond repair,-,Boeing KC-135A Stratotanker,4,Pratt & Whitney J57-P,1961,-,10305.0, 60-0330, 18105/444,USAF,Military,-,Altus AFB,LTS,KLTS,United States of America,Altus AFB,LTS,KLTS,United States of America,4,0,0,0,-,-,-
19870216-0,Monday,16-FEB-1987,-,O1, Standing (STD),Tel Aviv-Ben Gurion International Airport (TLV),Israel,-,0, Damaged beyond repair,-,Convair CV-240-24,-,-,1950,-,-, N93218, 167,IAI,-,-,-,-,-,-,-,-,-,-,-,-,0,0,-,-,-
19870217-0,Tuesday,17-FEB-1987,18:07,A1, Approach (APR),near Fukuoka Airport (FUK),Japan,5,5, Damaged beyond repair,-,Beechcraft 200T Super King Air,2,Pratt & Whitney Canada PT6A-41,1981,-,-, JA8825, BT-19,Japan Maritime Safety Agency,Military,-,-,-,-,-,Fukuoka Airport,FUK,RJFF,Japan,5,0,5,0,-,-,-
19870219-0,Thursday,19-FEB-1987,-,A1, Approach (APR),near Stadnitsa,Ukraine,9,9, Damaged beyond repair,-,Antonov An-26,-,-,-,-,-, registration unknown,-,Soviet AF,Military,-,-,-,-,-,Vinnitsa Airport,VIN,UKWW,Ukraine,4,5,4,5,-,-,-
19870223-0,Monday,23-FEB-1987,-,A1, Landing (LDG),Trondheim-Værnes Airport (TRD),Norway,107,0, Damaged beyond repair,-,McDonnell Douglas DC-9-41,2,Pratt & Whitney JT8D-11,1974,-,-, SE-DAT, 47625/737,SAS,Domestic Scheduled Passenger, 355,Bodø Airport,BOO,ENBO,Norway,Trondheim-Værnes Airport,TRD,ENVA,Norway,4,103,0,0,-,-,-
19870224-0,Tuesday,24-FEB-1987,-,A1, Unknown (UNK),within Kalimantan,Indonesia,9,4, Damaged beyond repair,-,Britten-Norman BN-2A-21 Islander,2,Lycoming O-540-K1B5,1974,-,-, PK-VIR, 392,Dirgantara Air Services,Unknown,-,-,-,-,-,-,-,-,-,-,-,-,-,-,-,-
19870227-0,Friday,27-FEB-1987,20:00,A2, En route (ENR),"Fresno Air Terminal, CA (FAT)",United States of America,87,0, Substantial, Repaired,British Aerospace BAe-146-200A,-,-,-,-,4662.0, N356PS, E2039,PSA,Domestic Scheduled Passenger,-,Los Angeles International Airport,LAX,KLAX,United States of America,Reno/Tahoe International Airport,RNO,KRNO,United States of America,4,83,0,0,-,-,Final
19870299-1,-,xx-FEB-1987,-,U1, Unknown (UNK),at an unknown location,Taiwan,-,-, Damaged beyond repair,-,IRMA/Britten-Norman BN-2A-26 Islander,2,Lycoming O-540-E4C5,1977,-,-, B-12207, 831,Yung Shing Airlines,Unknown,-,-,-,-,-,-,-,-,-,-,-,-,-,-,-,-
19870304-0,Wednesday,04-MAR-1987,14:34,A1, Approach (APR),"Detroit-Metropolitan Wayne County Airport, MI (DTW)",United States of America,19,9, Destroyed, Written off (damaged beyond repair),CASA C-212 Aviocar 200,2,Garrett TPE331-10R-511C,1980,24218.0,12918.0, N160FB, 160,Northwest Airlink,Domestic Scheduled Passenger,2268,Cleveland-Hopkins International Airport,CLE,KCLE,United States of America,Detroit-Metropolitan Wayne County Airport,DTW,KDTW,United States of America,3,16,2,7,-,-,Final
19870305-0,Thursday,05-MAR-1987,19:58,A2, En route (ENR),"Norfolk-Stefan Field, NE (OFK)",United States of America,5,0, Substantial, Repaired,Embraer EMB-110P2 Bandeirante,-,-,-,-,12753.0, N890AC, 110156,Mid-Continent Airlines,Domestic Scheduled Passenger,-,Columbus Airport,OLU,KOLU,United States of America,Norfolk-Stefan Field,OFK,KOFK,United States of America,2,3,0,0,-,-,Final
19870306-0,Friday,06-MAR-1987,19:09,A1, En route (ENR),56 km (35 mls) E of Alma-Ata,Kazakhstan,9,9, Damaged beyond repair,-,Antonov An-26,-,-,1980,-,-, CCCP-26007, 9901,Aeroflot / Tajikistan,Cargo,-,-,-,-,-,Alma-Ata Airport,ALA,UAAA,Kazakhstan,5,4,5,4,-,-,-
19870307-0,Saturday,07-MAR-1987,-,H2, En route (ENR),"Anchorage International Airport, AK (ANC)",United States of America,109,0, None,-,Boeing 727,-,-,-,-,-, registration unknown,-,Alaska Airlines,Domestic Scheduled Passenger,  93,Seattle/Tacoma International Airport,SEA,KSEA,United States of America,Anchorage International Airport,ANC,PANC,United States of America,7,102,0,0,-,-,-
19870309-0,Monday,09-MAR-1987,-,A1, Unknown (UNK),Provincia Independencia,Dominican Republic,3,3, Damaged beyond repair,-,Douglas DC-3-201G,-,-,1941,-,-, N78B, 4140,International Flight Center,Illegal Flight,-,-,-,-,-,-,-,-,-,3,0,3,0,-,-,-
19870309-1,Monday,09-MAR-1987,23:30,C1, En route (ENR),near Guarita,Honduras,3,3, Damaged beyond repair,-,Douglas C-47A-50-DL (DC-3),2,Pratt & Whitney R-1830-92,1943,-,-, N49454, 10177,Aero Express,Illegal Flight,-,-,-,-,-,-,-,-,-,3,0,3,0,-,-,-
19870310-1,Tuesday,10-MAR-1987,01:02,A2, Landing (LDG),"Boston-Logan International Airport, MA (BOS)",United States of America,2,0, Substantial, Repaired,Swearingen SA226-AT Merlin IV,-,-,-,-,10266.0, C-GJWW, AT-013,Soundair,Cargo,-,Toronto-Pearson International Airport,YYZ,CYYZ,Canada,New York-John F. Kennedy International Airport,JFK,KJFK,United States of America,2,0,0,0,-,-,Final
19870311-0,Wednesday,11-MAR-1987,-,H2, Standing (STD),Havana-José Martí International Airport (HAV),Cuba,48,1, Unknown,-,Antonov An-24RV,2,Ivchenko AI-24VT,1972,-,-, CU-T1262, 307610,Cubana,Domestic Scheduled Passenger,CU706,Havana-José Martí International Airport,HAV,MUHA,Cuba,Nueva Gerona-Rafael Cabrera Airport,GER,MUNG,Cuba,-,-,0,1,-,-,-
19870313-0,Friday,13-MAR-1987,-,A1, Landing (LDG),Addis Ababa-Bole Airport (ADD),Ethiopia,-,0, Damaged beyond repair,-,Antonov An-22,4,Kuznetsov NK-12MA,1970,-,-, CCCP-09334, 00340209,Soviet AF,Unknown,-,-,-,-,-,Addis Ababa-Bole Airport,ADD,HAAB,Ethiopia,-,-,0,0,-,-,-
19870313-1,Friday,13-MAR-1987,13:20,A1, Maneuvering (MNV),"Spokane-Fairchild AFB, WA (SKA)",United States of America,6,6, Damaged beyond repair,-,Boeing KC-135A Stratotanker,4,Pratt & Whitney J57-P,1961,-,10956.0, 60-0361, 18136/475,USAF,Military,-,Spokane-Fairchild AFB,SKA,KSKA,United States of America,Spokane-Fairchild AFB,SKA,KSKA,United States of America,6,0,6,0,-,1,-
19870321-1,Saturday,21-MAR-1987,-,C1, Standing (STD),Wadi Doum,Chad,-,-, Damaged beyond repair,-,Antonov An-26,-,-,-,-,-, registration unknown,-,Libyan Arab Rep. Air Force,Military,-,-,-,-,-,-,-,-,-,-,-,-,-,-,-,-
19870321-2,Saturday,21-MAR-1987,-,C1, Standing (STD),Wadi Doum,Chad,-,-, Damaged beyond repair,-,Antonov An-26,-,-,-,-,-, 8213, 12407,Libyan Arab Rep. Air Force,Military,-,-,-,-,-,-,-,-,-,-,-,-,-,-,-,-
19870324-0,Tuesday,24-MAR-1987,20:45,A2, Takeoff (TOF),"Dallas/Fort Worth International Airport, TX (DFW)",United States of America,11,0, Substantial, Repaired,Convair CV-580,-,-,1952,-,-, N73107,   8,Metroflight,Domestic Scheduled Passenger,-,Dallas/Fort Worth International Airport,DFW,KDFW,United States of America,Longview-Gregg County Airport,GGG,KGGG,United States of America,3,8,0,0,-,-,Final
19870325-1,Wednesday,25-MAR-1987,-,A1, En route (ENR),off Higuerote,Venezuela,3,3, Damaged beyond repair,-,CASA C-212-MR Aviocar 200,-,-,1985,-,-, ARV-0402, 352,Venezuelan Navy,Military,-,-,-,-,-,-,-,-,-,3,0,3,0,-,-,-
19870326-0,Thursday,26-MAR-1987,10:48,A1, En route (ENR),"near Rio de Janeiro, RJ",Brazil,3,3, Destroyed, Written off (damaged beyond repair),Embraer C-95B Bandeirante (EMB-110),-,-,1983,-,-, 2324, 110437,Brazilian AF,Military,-,-,-,-,-,-,-,-,-,3,0,3,0,-,-,-
19870327-0,Friday,27-MAR-1987,20:45,A1, Approach (APR),"7,5 km (4.7 mls) NW of Eagle, CO",United States of America,3,3, Destroyed, Written off (damaged beyond repair),Learjet 24A,2,General Electric CJ610-6,1966,-,8432.0, N31SK, 24-118,Connie Kalitta,Ambulance,-,Denver-Stapleton International Airport,DEN,KDEN,United States of America,Vail-Eagle County Airport,EGE,KEGE,United States of America,2,1,2,1,-,-,Final
19870330-0,Monday,30-MAR-1987,-,C1, En route (ENR),Miranshah area,Pakistan,-,-, Damaged beyond repair,-,Antonov An-26,-,-,-,-,-, registration unknown,-,Afghan AF,Military,-,-,-,-,-,-,-,-,-,-,-,-,-,-,-,-
19870331-0,Tuesday,31-MAR-1987,-,A1, En route (ENR),near Pilisszentlélek,Hungary,2,2, Damaged beyond repair,-,Antonov An-2P,-,-,-,-,-, SP-DNM, 1G107-60,ZUA,Ferry/positioning,-,Budapest-Ferihegy Airport,BUD,LHBP,Hungary,-,-,-,-,2,0,2,0,-,-,-
19870402-0,Thursday,02-APR-1987,-,A1, En route (ENR),Lake Sivash,Russia,8,8, Damaged beyond repair,-,Ilyushin Il-76MD,4,Soloviev D-30KP,-,-,-, CCCP-76679, 0063467014?,Soviet AF,Military,-,-,-,-,-,-,-,-,-,8,0,8,0,-,-,Preliminary
19870402-1,Thursday,02-APR-1987,-,A1, En route (ENR),Lake Sivash,Russia,8,8, Damaged beyond repair,-,Ilyushin Il-76MD,4,Soloviev D-30KP,-,-,-, CCCP-76685, 0063468037?,Soviet AF,Military,-,-,-,-,-,-,-,-,-,8,0,8,0,-,-,Preliminary
19870404-1,Saturday,04-APR-1987,14:40,A1, Approach (APR),Medan-Polonia Airport (MES),Indonesia,45,23, Damaged beyond repair,-,McDonnell Douglas DC-9-32,2,Pratt & Whitney JT8D-9,1976,-,-, PK-GNQ, 47741/836,Garuda,Domestic Scheduled Passenger,GA035,Banda Aceh-Blang Bintang Airport,BTJ,WITT,Indonesia,Medan-Polonia Airport,MES,WIMM,Indonesia,8,37,4,19,-,-,-
19870406-0,Monday,06-APR-1987,22:10,A2, Taxi (TXI),"Boston-Logan International Airport, MA (BOS)",United States of America,10,0, Substantial, Repaired,Beechcraft 1900,-,-,-,-,-, N811BE, UB-49,Business Express,Domestic Scheduled Passenger,-,Boston-Logan International Airport,BOS,KBOS,United States of America,Albany Airport,ALB,KALB,United States of America,2,8,0,0,-,-,Final
19870408-0,Wednesday,08-APR-1987,17:32,A1, Landing (LDG),"Fairfield-Travis AFB, CA (SUU)",United States of America,5,5, Destroyed, Written off (damaged beyond repair),Lockheed L-100-30 Hercules,4,Allison 501-D22A,1974,-,17027.0, N517SJ, 4558,Southern Air Transport,Training, 517,Fairfield-Travis AFB,SUU,KSUU,United States of America,Fairfield-Travis AFB,SUU,KSUU,United States of America,5,0,5,0,-,-,Final
19870411-0,Saturday,11-APR-1987,-,A1, Landing (LDG),"Manaus-Eduardo Gomes International Airport, AM (MAO)",Brazil,7,0, Damaged beyond repair,-,Boeing 707-330C,4,Pratt & Whitney JT3D-3B,1966,-,-, PT-TCO, 18932/477,Transbrasil,Cargo,-,-,-,-,-,Manaus-Eduardo Gomes International Airport,MAO,SBEG,Brazil,7,0,0,0,-,-,-
19870413-0,Monday,13-APR-1987,21:55,A1, Approach (APR),"5,5 km (3.4 mls) S of Kansas City International Airport, MO (MCI)",United States of America,4,4, Destroyed, Written off (damaged beyond repair),Boeing 707-351C,4,Pratt & Whitney JT3D-3B,1966,-,-, N144SP, 19209/510,Burlington Air Express,Cargo, 721,Wichita-Mid-Continent Airport,ICT,KICT,United States of America,Kansas City International Airport,MCI,KMCI,United States of America,3,1,3,1,-,-,Final
19870413-1,Monday,13-APR-1987,-,A1, Initial climb (ICL),near Johannesburg/Germiston-Rand Airport (QRA),South Africa,5,3, Damaged beyond repair,-,Beechcraft 200 Super King Air,-,-,1980,-,-, ZS-KMT, BB-767,Barlow Rand,Training,-,Johannesburg/Germiston-Rand Airport,QRA,FAGM,South Africa,Johannesburg/Germiston-Rand Airport,QRA,FAGM,South Africa,5,0,3,0,-,-,-
19870413-2,Monday,13-APR-1987,08:50,A1, Takeoff (TOF),Jaisalmer Airport (JSA),India,33,0, Destroyed, Written off (damaged beyond repair),Douglas DC-3C,-,-,1944,-,-, VT-DFM, 20269,Air Works India,Domestic Non Scheduled Passenger,-,Jaisalmer Airport,JSA,VIJR,India,Vadodara Airport,BDQ,VABO,India,5,28,0,0,-,-,Final
19870419-0,Sunday,19-APR-1987,18:48,A2, Taxi (TXI),"Denver-Stapleton International Airport, CO (DEN)",United States of America,2,0, Substantial, Repaired,Shorts SC.7 Skyvan 3-200,-,-,-,-,13712.0, N20DA, SH.1843,Air Cargo Carriers,Cargo,-,Milwaukee-General Mitchell Airport,MKE,KMKE,United States of America,Denver-Stapleton International Airport,DEN,KDEN,United States of America,2,0,0,0,-,-,-
19870420-0,Monday,20-APR-1987,-,A1, Unknown (UNK),"Lac Placier, QC",Canada,-,-, Damaged beyond repair,-,de Havilland Canada DHC-3 Otter,-,-,1965,-,-, C-FRWK, 450,Propair,Unknown,-,-,-,-,-,-,-,-,-,-,-,-,-,-,-,-
19870423-0,Thursday,23-APR-1987,-,U1, Unknown (UNK),at an unknown location,Unknown country,-,-, Damaged beyond repair,-,Antonov An-2,-,-,-,-,-, R34,-,Angolan AF,Military,-,-,-,-,-,-,-,-,-,-,-,-,-,-,-,-
19870423-1,Thursday,23-APR-1987,19:35,A1, Takeoff (TOF),"Wilmington-New Hanover County Airport, NC (ILM)",United States of America,2,2, Destroyed, Written off (damaged beyond repair),Swearingen SA226-TC Metro II,2,Garrett TPE331-3UW,1972,-,7667.0, N505LB, TC-202,Air-Lift Commuter,Cargo,-,Wilmington-New Hanover County Airport,ILM,KILM,United States of America,Lumberton Airport,LBT,KLBT,United States of America,2,0,2,0,-,-,Final
19870424-0,Friday,24-APR-1987,-,O1, Standing (STD),Soviet Arctic ocean,Russia,-,0, Damaged beyond repair,-,Antonov An-2,-,-,1977,-,-, CCCP-62566, 1G176-35,Aeroflot / Yakutsk,Survey/research,-,-,-,-,-,-,-,-,-,-,-,0,0,-,-,-
19870426-0,Sunday,26-APR-1987,-,A1, En route (ENR),22 km (13.8 mls) off  Panay,Philippines,-,2, Damaged beyond repair,-,Curtiss C-46D-15-CU Commando,-,-,1945,-,-, RP-C189, 33421,Unknown,Cargo,-,Roxas City Airport,RXS,RPVR,Philippines,Manila Airport,MNL,RPLL,Philippines,-,-,2,0,-,-,-
19870427-0,Monday,27-APR-1987,-,A1, Unknown (UNK),Al Jaylah,Oman,7,0, Damaged beyond repair,-,Dornier 228-100,-,-,1983,-,-, A4O-CP, 7020,Oman Police,Demonstration,-,-,-,-,-,-,-,-,-,2,5,0,0,-,-,-
19870428-0,Tuesday,28-APR-1987,10:05,A1, Landing (LDG),Chiang Rai Airport (CEI),Thailand,43,0, Damaged beyond repair,-,Hawker Siddeley HS-748-243 Srs. 2,2,Rolls-Royce Dart 533-2,1971,-,-, HS-THI, 1708,Thai Airways,Domestic Scheduled Passenger,-,Chiang Mai International Airport,CNX,VTCC,Thailand,Chiang Rai Airport,CEI,VTCT,Thailand,4,39,0,0,-,-,-
19870499-0,-,xx-APR-1987,-,U1, Unknown (UNK),at an unknown location,Taiwan,-,-, Damaged beyond repair,-,Britten-Norman BN-2A-26 Islander,2,Lycoming O-540-E4C5,1977,-,-, B-11111, 2001,Taiwan Airlines,Unknown,-,-,-,-,-,-,-,-,-,-,-,-,-,-,-,-
19870499-1,-,XX-APR-1987,-,A1, Unknown (UNK),at an unknown location,Russia,-,-, Damaged beyond repair,-,Antonov An-2R,-,-,-,-,-, CCCP-56436, 1G181-20,Aeroflot / North Kavkaz,Unknown,-,-,-,-,-,-,-,-,-,-,-,-,-,-,-,-
19870504-0,Monday,04-MAY-1987,-,A1, En route (ENR),off Pulau Mapur,Indonesia,14,3, Damaged beyond repair,-,GAF Nomad N.22SL,-,-,1982,-,-, P-817, 125,Indonesian Navy,Military,-,Natuna Ranai Airport,NTX,WION,Indonesia,Tanjung Pinang-Kidjang Airport,TNJ,WIDN,Indonesia,2,12,1,2,-,-,-
19870505-0,Tuesday,05-MAY-1987,-,H2, En route (ENR),Tehran-Mehrabad Airport (THR),Iran,-,0, Unknown,-,unknown,-,-,-,-,-, registration unknown,-,Iran Air,Domestic Scheduled Passenger,-,Shiraz Airport,SYZ,OISS,Iran,Tehran-Mehrabad Airport,THR,OIII,Iran,-,-,0,0,-,-,-
19870507-0,Thursday,07-MAY-1987,-,U1, Unknown (UNK),Bahia Negra,Paraguay,-,-, Damaged beyond repair,-,Douglas C-47B-50-DK (DC-3),2,Pratt & Whitney R-1830-90C,1945,-,-, 2008, 34380/17113,TAM Paraguay,Military,-,-,-,-,-,-,-,-,-,-,-,-,-,-,-,-
19870508-0,Friday,08-MAY-1987,06:50,A1, Approach (APR),"0,2 km (0.1 mls) from  Mayagüez Airport (MAZ)",Puerto Rico,6,2, Destroyed, Written off (damaged beyond repair),CASA C-212 Aviocar 200,2,Garrett TPE331-10R-511C,1982,11774.0,6264.0, N432CA, 271,American Eagle,Domestic Scheduled Passenger,5452,San Juan-Isla Grande Airport,SIG,TJIG,Puerto Rico,Mayaguez-Eugenio M. de Hostos Airport,MAZ,TJMZ,Puerto Rico,2,4,2,0,-,-,Final
19870508-1,Friday,08-MAY-1987,-,A1, Landing (LDG),La Paz-El Alto Airport (LPB),Bolivia,3,0, Damaged beyond repair,-,Douglas DC-6BF,4,Pratt & Whitney R-2800,1958,-,-, CP-1650, 45505/997,Frigorifico Reyes,Cargo,-,-,-,-,-,La Paz-El Alto Airport,LPB,SLLP,Bolivia,3,0,0,0,-,-,-
19870509-0,Saturday,09-MAY-1987,11:12,A1, En route (ENR),6 km (3.8 mls) SE of Warszawa-Okecie Airport (WAW),Poland,183,183, Destroyed, Written off (damaged beyond repair),Ilyushin Il-62M,4,Soloviev D-30KU,1983,1752.0,6972.0, SP-LBG, 3344942,LOT,International Scheduled Passenger,LO5055,Warszawa-Okecie Airport,WAW,EPWA,Poland,New York-John F. Kennedy International Airport,JFK,KJFK,United States of America,11,172,11,172,-,-,Final
19870511-1,Monday,11-MAY-1987,18:00,A1, Approach (APR),"3 km (1.9 mls) W of Pickle Lake, ON",Canada,2,2, Damaged beyond repair,-,Douglas C-47J (DC-3),2,Pratt & Whitney R-1830-92,1944,-,20284.0, C-FADD, 26324/14879,Northland Air Manitoba,Cargo,-,Big Trout Airport,YTL,CYTL,Canada,Pickle Lake Airport,YPL,CYPL,Canada,2,0,2,0,-,-,Final
19870511-2,Monday,11-MAY-1987,-,A1, Unknown (UNK),Wau,South Sudan,5,5, Damaged beyond repair,-,Lockheed C-130 Hercules,-,-,-,-,-, registration unknown,  ,Sudan AF,Military,-,-,-,-,-,-,-,-,-,-,-,-,-,-,-,-
19870512-0,Tuesday,12-MAY-1987,10:57,A1, Initial climb (ICL),"West Mifflin, PA",United States of America,2,2, Destroyed, Written off (damaged beyond repair),Learjet 35A,2,Garrett TFE731-2-2B,1978,-,4203.0, N100EP, 35A-150,Corporate Jets,Training,-,Pittsburgh-Allegheny County Airport,AGC,KAGC,United States of America,Teterboro Airport,TEB,KTEB,United States of America,2,0,2,0,-,-,Final
19870513-0,Wednesday,13-MAY-1987,19:00,A1, Landing (LDG),"Shageluk, AK",United States of America,5,0, Substantial, Written off (damaged beyond repair),Kaiser-Frazer C-119L Flying Boxcar,2,Wright R-3350-89B,-,-,7982.0, N8504X, 245,Northern Pacific Transport,Cargo,-,Anchorage International Airport,ANC,PANC,United States of America,Shageluk Airport,SHX,PAHX,United States of America,2,3,0,0,-,-,Final
19870519-0,Tuesday,19-MAY-1987,-,A1, Approach (APR),Savannas hill range,Bolivia,16,14, Damaged beyond repair,-,de Havilland Canada DHC-6 Twin Otter 300,2,Pratt & Whitney Canada PT6A-27,1973,-,-, CP-1018, 363,YPFB,Domestic Non Scheduled Passenger,-,Camiri Airport,CAM,SLCA,Bolivia,Santa Cruz-El Trompillo Airport,SRZ,SLET,Bolivia,3,13,3,11,-,-,-
19870519-1,Tuesday,19-MAY-1987,-,H2, Standing (STD),Nadi International Airport (NAN),Fiji,129,0, None,-,Boeing 747-219B,-,-,-,-,-, registration unknown,-,Air New Zealand,International Scheduled Passenger,  24,Nadi International Airport,NAN,NFFN,Fiji,Auckland International Airport,AKL,NZAA,New Zealand,24,105,0,0,-,-,-
19870523-0,Saturday,23-MAY-1987,-,A1, Approach (APR),6 km (3.8 mls) from  Khandyga,Russia,-,-, Damaged beyond repair,-,Antonov An-26,-,-,1976,-,-, CCCP-26567, 3801,Aeroflot / Yakutsk,Unknown,-,-,-,-,-,-,-,-,-,-,-,-,-,-,-,-
19870523-1,Saturday,23-MAY-1987,-,A1, Approach (APR),near Ruteng,Indonesia,8,8, Damaged beyond repair,-,de Havilland Canada DHC-6 Twin Otter 300,2,Pratt & Whitney Canada PT6A-27,1975,-,-, PK-NUW, 474,Merpati Nusantara,Domestic Scheduled Passenger,-,-,-,-,-,Ruteng Airport,RTG,WATG,Indonesia,2,6,2,6,-,-,-
19870525-0,Monday,25-MAY-1987,-,A1, Approach (APR),near Ilaga (ILA),Indonesia,30,7, Damaged beyond repair,-,de Havilland Canada DHC-6 Twin Otter 100,2,Pratt & Whitney Canada PT6A-20,1967,-,-, PK-MAM,  76,MAF,Domestic Non Scheduled Passenger,-,-,-,-,-,Ilaga Airport,ILA,WABL,Indonesia,1,29,1,6,-,-,-
19870526-1,Tuesday,26-MAY-1987,16:45,A1, Takeoff (TOF),"New Orleans International Airport, LA (MSY)",United States of America,11,0, Destroyed, Written off (damaged beyond repair),British Aerospace 3101 Jetstream 31,2,Garrett TPE331-10,1987,-,147.0, N331CY, 742,Continental Express,Domestic Scheduled Passenger, 962,New Orleans International Airport,MSY,KMSY,United States of America,Valparaiso-Eglin AFB,VPS,KVPS,United States of America,2,9,0,0,-,-,Final
19870527-0,Wednesday,27-MAY-1987,-,A1, En route (ENR),off Visby,Sweden,1,0, Damaged beyond repair,-,Antonov An-2R,-,-,1973,-,-, CCCP-70501, 1G144-12,Aeroflot / Latvia,Illegal Flight,-,-,-,-,-,-,-,-,-,1,0,0,0,-,-,-
19870528-0,Thursday,28-MAY-1987,-,A1, Initial climb (ICL),near Flores-Santa Elena Airport (FRS),Guatemala,12,12, Damaged beyond repair,-,Douglas C-47 (DC-3),-,-,-,-,-, registration unknown,-,Guatemala AF,Military,-,Flores-Santa Elena Airport,FRS,MGFL,Guatemala,-,-,-,-,5,7,5,7,-,-,-
19870529-0,Friday,29-MAY-1987,-,A2, Approach (APR),near Koblenz-Winningen Airport,Germany,20,0, Substantial, Repaired,Junkers Ju-52/3m,3,BMW 132A3,1939,-,-, HB-HOS, 6580,Ju-Air,Int'l Non Scheduled Passenger,-,-,-,-,-,-,-,-,-,3,17,0,0,-,-,Preliminary
19870531-0,Sunday,31-MAY-1987,-,A1, Approach (APR),near Lübeck-Blankensee Airport (LBC),Germany,4,2, Damaged beyond repair,-,Cessna 501 Citation I/SP,-,-,-,-,-, D-IAEC, 501-0203,Travel Air,Executive,-,Köln/Bonn Airport,CGN,EDDK,Germany,Lübeck-Blankensee Airport,LBC,EDHL,Germany,2,2,2,0,-,-,-
19870599-0,-,xx-MAY-1987,-,A1, Landing (LDG),Lake Manyara (LKY),Tanzania,-,0, Damaged beyond repair,-,British Aerospace BAe-748-314 Srs. 2A LFD,-,-,1977,-,-, JW9008, 1751,Tanzanian AF,Military,-,-,-,-,-,-,-,-,-,-,-,0,0,-,-,-
19870605-0,Friday,05-JUN-1987,-,H2, En route (ENR),San Juan,Puerto Rico,18,0, None,-,Grumman G-73T Turbo Mallard,-,-,-,-,-, registration unknown,-,Virgin Islands Seaplane Shuttle,Domestic Scheduled Passenger, 329,Saint Croix-Alexander Hamilton Airport,STX,TISX,U.S. Virgin Islands,-,-,-,-,2,16,0,0,-,-,-
19870605-1,Friday,05-JUN-1987,-,A1, En route (ENR),within Bolivar State,Venezuela,10,10, Damaged beyond repair,-,Britten-Norman BN-2A Islander,-,-,1968,-,-, YV-230C, 19,Rutaca,Passenger,-,-,-,-,-,-,-,-,-,1,9,1,9,-,-,-
19870609-0,Tuesday,09-JUN-1987,08:55,O1, Pushback / towing (PBT),"Anchorage International Airport, AK (ANC)",United States of America,2,0, Destroyed, Written off (damaged beyond repair),Boeing 727-90C,3,Pratt & Whitney JT8D-7A,1968,-,49937.0, N766AS, 19728/536,Alaska Airlines,-,-,-,-,-,-,-,-,-,-,2,0,0,0,-,-,Final
19870610-0,Wednesday,10-JUN-1987,-,U1, Unknown (UNK),at an unknown location,Oman,-,-, Damaged beyond repair,-,Britten-Norman BN-2A-21 Defender,-,-,1974,-,-, 308, 418,Oman AF,Military,-,-,-,-,-,-,-,-,-,-,-,-,-,-,-,-
19870611-0,Thursday,11-JUN-1987,-,C1, En route (ENR),near Khost,Afghanistan,55,53, Damaged beyond repair,-,Antonov An-26,-,-,1985,-,-, YA-BAL, 14105,Bakhtar Afghan,Domestic Scheduled Passenger,-,Kandahar Airport,KDH,OAKN,Afghanistan,Kabul-Khwaja Rawash Airport,KBL,OAKB,Afghanistan,-,-,-,-,-,-,-
19870613-0,Saturday,13-JUN-1987,-,A1, Approach (APR),"near Maudsley Lake, SK",Canada,9,0, Damaged beyond repair,-,de Havilland Canada DHC-6 Twin Otter 100,2,Pratt & Whitney Canada PT6A-20,1967,-,-, C-FWGE,  58,Athabaska Airways,Passenger,-,-,-,-,-,-,-,-,-,2,7,0,0,-,-,-
19870613-1,Saturday,13-JUN-1987,-,O1, Unknown (UNK),at an unknown location,Russia,-,-, Damaged beyond repair,-,Let L-410M,-,-,1977,-,-, CCCP-67239, 770805,Aeroflot / Yakutsk,Unknown,-,-,-,-,-,-,-,-,-,-,-,-,-,-,-,-
19870613-2,Saturday,13-JUN-1987,-,O1, Standing (STD),at an unknown location,Russia,-,-, Damaged beyond repair,-,Antonov An-2R,-,-,1972,-,-, CCCP-70129, 1G136-55,Aeroflot / Yakutsk,Unknown,-,-,-,-,-,-,-,-,-,-,-,-,-,-,-,-
19870615-0,Monday,15-JUN-1987,-,A1, Unknown (UNK),near Kandahar,Afghanistan,5,5, Damaged beyond repair,-,Antonov An-32,2,Ivchenko AI-20,-,-,-, registration unknown,-,Afghan AF,Military,-,-,-,-,-,-,-,-,-,-,-,-,-,-,-,-
19870616-0,Tuesday,16-JUN-1987,07:45,A1, En route (ENR),"Manaus, AM",Brazil,9,0, Damaged beyond repair,-,Embraer C-95 Bandeirante (EMB-110),-,-,1976,-,-, 2185, 110114,Brazilian AF,Military,-,Manaus Air Base,PLL,SBMN,Brazil,Boa Vista Airport,BVB,SBBV,Brazil,2,7,0,0,-,1,-
19870616-1,Tuesday,16-JUN-1987,-,A2, Approach (APR),Fuzhou Yixu Airport (FOC),China,-,0, Substantial, Repaired,Boeing 737-2T4,2,Pratt & Whitney JT8D-9A,1985,-,-, B-2514, 23445/1155,CAAC,Int'l Non Scheduled Passenger,-,Hong Kong-Kai Tak International Airport,HKG,VHHH,Hong Kong,Fuzhou Yixu Airport,FOC,ZSFZ,China,-,-,0,0,1,-,-
19870616-2,Tuesday,16-JUN-1987,14:50,A1, Landing (LDG),"Hidden Bay Airstrip, SK",Canada,4,0, Damaged beyond repair,-,Douglas DC-4-1009,4,Pratt & Whitney R-2000,1946,-,-, C-GPFG, 42917,Calm Air International,Executive,-,-,-,-,-,-,-,-,-,4,0,0,0,-,-,-
19870616-3,Tuesday,16-JUN-1987,-,A1, Landing (LDG),Paraparau,Bolivia,3,0, Damaged beyond repair,-,Martin 4-0-4,2,Pratt & Whitney R-2800,1952,-,-, CP-1570, 14167,CAMBA,Test,-,-,-,-,-,-,-,-,-,3,0,0,0,-,-,-
19870618-0,Thursday,18-JUN-1987,-,A1, En route (ENR),40 km (25 mls) SE of Saposoa Airport (SQU),Peru,46,46, Destroyed, Written off (damaged beyond repair),Antonov An-26,-,-,1978,-,-, FAP-392, 5805,Peruvian AF,Military,-,Lima-Jorge Chávez International Airport,LIM,SPIM,Peru,Saposoa Airport,SQU,SPOA,Peru,6,40,6,40,-,-,-
19870619-1,Friday,19-JUN-1987,-,A1, Landing (LDG),Berdyansk Airport (ERD),Ukraine,29,8, Damaged beyond repair,-,Yakovlev Yak-40,3,Ivchenko AI-25,1972,-,-, CCCP-87826, 9241824,Aeroflot / Ukraine,Domestic Scheduled Passenger,-,Odessa-Central Airport,ODS,UKOO,Ukraine,Berdyansk Airport,ERD,UKDB,Ukraine,5,24,2,6,-,-,-
19870620-0,Saturday,20-JUN-1987,-,A1, En route (ENR),32 km (20 mls) from  Lae,Papua New Guinea,2,2, Damaged beyond repair,-,IRMA/Britten-Norman BN-2A-20 Islander,-,-,1976,-,-, P2-KAD, 800,Kiunga Aviation,Cargo,-,-,-,-,-,Lae-Nadzab Airport,LAE,AYNZ,Papua New Guinea,2,0,2,0,-,-,-
19870621-0,Sunday,21-JUN-1987,-,C1, Unknown (UNK),near Kandahar,Afghanistan,3,3, Damaged beyond repair,-,Antonov An-32,2,Ivchenko AI-20,-,-,-, registration unknown,-,Afghan AF,Military,-,-,-,-,-,-,-,-,-,3,0,3,0,-,-,-
19870621-1,Sunday,21-JUN-1987,-,A1, En route (ENR),24 km (15 mls) SE of Hopong,Myanmar,45,45, Damaged beyond repair,-,Fokker F-27 Friendship 200,2,Rolls-Royce Dart 532-7,1968,35592.0,37133.0, XY-ADP, 10357,Burma Airways,Domestic Scheduled Passenger,-,Heho Airport,HEH,VYHH,Myanmar,Mong Hsat Airport,MOG,VYMS,Myanmar,4,41,4,41,-,-,-
19870622-0,Monday,22-JUN-1987,12:56,A2, Landing (LDG),"Dayton Airport, OH (DAY)",United States of America,3,0, Substantial, Repaired,Lockheed L-100-30 Hercules,-,-,1974,-,43388.0, N20ST, 4561,Southern Air Transport,Cargo,-,Wrightstown-McGuire AFB,WRI,KWRI,United States of America,Dayton Airport,DAY,KDAY,United States of America,3,0,0,0,-,-,Final
19870623-0,Tuesday,23-JUN-1987,06:19,A1, Approach (APR),"Jasper-Walker County Airport-Bevill Field, AL (JFX)",United States of America,1,0, Damaged beyond repair,-,Beechcraft B200 Super King Air,2,Pratt & Whitney Canada PT6A-42,1981,-,2966.0, N859DD, BB-859,Private,Executive,-,Birmingham Airport,BHM,KBHM,United States of America,Jasper-Walker County Airport-Bevill Field,JFX,KJFX,United States of America,1,0,0,0,-,-,Final
19870623-1,Tuesday,23-JUN-1987,12:27,A1, Landing (LDG),Lago Agrio Airport (LGQ),Ecuador,-,0, Damaged beyond repair,-,Hawker Siddeley HS-748-285 Srs. 2A LFD,-,-,1975,-,-, HC-BAZ, 1738,TAME Ecuador,Scheduled Passenger,-,-,-,-,-,Quito-Mariscal Sucre Airport,UIO,SEQU,Ecuador,-,38,0,0,-,-,-
19870624-0,Wednesday,24-JUN-1987,-,A1, Takeoff (TOF),Brookfield Farm,Falkland Islands,6,0, Damaged beyond repair,-,IRMA/Pilatus Britten-Norman BN-2A-26 Islander,2,Lycoming O-540-E4C5,1982,-,-, VP-FBG, 2126,FIGAS,Passenger,-,-,-,-,-,-,-,-,-,1,5,0,0,-,-,-
19870624-1,Wednesday,24-JUN-1987,12:15,A1, Taxi (TXI),"Madisonville Municipal Airport, KY",United States of America,2,0, Destroyed, Written off (damaged beyond repair),Beechcraft 200C Super King Air,2,Pratt & Whitney Canada PT6A-41,1981,-,2940.0, N617MS, BL-35,Midwest Energy Development,Executive,-,-,-,-,-,Marion-Williamson County Airport,MWA,KMWA,United States of America,1,1,0,0,-,-,Final
19870626-0,Friday,26-JUN-1987,11:03,A1, Approach (APR),19 km (11.9 mls) ESE of Baguio-Loakan Airport (BAG),Philippines,50,50, Destroyed, Written off (damaged beyond repair),Hawker Siddeley HS-748-209 Srs. 2,2,Rolls-Royce Dart 534-2,1967,-,-, RP-C1015, 1637,Philippine Air Lines,Domestic Scheduled Passenger, 206,Manila International Airport,MNL,RPLL,Philippines,Baguio-Loakan Airport,BAG,RPUB,Philippines,4,46,4,46,-,-,-
19870701-0,Wednesday,01-JUL-1987,-,A1, Maneuvering (MNV),"Fort Bragg, NC",United States of America,6,4, Damaged beyond repair,-,Lockheed C-130E Hercules,-,-,1969,-,-, 68-10945, 4325,USAF,Military,-,Fayetteville-Pope AFB,POB,KPOB,United States of America,Fayetteville-Pope AFB,POB,KPOB,United States of America,6,0,4,0,-,1,-
19870706-0,Monday,06-JUL-1987,07:43,A2, Landing (LDG),Cooch Behar Airport (COH),India,24,0, Substantial, Repaired,Fokker F-27 Friendship 100,2,Rolls-Royce Dart 514,1961,-,-, VT-DMB, 10172,Vayudoot,Domestic Scheduled Passenger,PF707,Calcutta Airport,CCU,VECC,India,Cooch Behar Airport,COH,VECO,India,3,21,0,0,-,-,-
19870710-0,Friday,10-JUL-1987,-,O1, Standing (STD),at an unknown location,Hungary,0,0, Damaged beyond repair,-,Antonov An-2R,-,-,1977,-,-, HA-MBS, 1G172-52,Ministry for Agriculture and Nutrition,Agricultural,-,-,-,-,-,-,-,-,-,0,0,0,0,-,-,-
19870710-1,Friday,10-JUL-1987,-,A1, Unknown (UNK),at an unknown location,Unknown country,-,-, Damaged beyond repair,-,Antonov An-2,-,-,-,-,-, YR-PBE, 1G177-28,Aviatia Utilitara,Unknown,-,-,-,-,-,-,-,-,-,-,-,-,-,-,-,-
19870712-0,Sunday,12-JUL-1987,-,C1, Landing (LDG),Kandahar Airport (KDH),Afghanistan,-,-, Damaged beyond repair,-,Antonov An-12,-,-,-,-,-, registration unknown,-,Soviet AF,Military,-,-,-,-,-,Kandahar Airport,KDH,OAKN,Afghanistan,-,-,-,-,-,-,-
19870713-0,Monday,13-JUL-1987,-,A1, Landing (LDG),Ciudad Camargo,Mexico,-,1, Damaged beyond repair,-,Douglas DC-3-314B,-,-,1941,-,-, N28364, 4108,KDD Aviation,Unknown,-,-,-,-,-,-,-,-,-,-,-,-,-,-,-,-
19870717-0,Friday,17-JUL-1987,19:30,A1, En route (ENR),"Crystal Bay, NV",United States of America,4,4, Damaged beyond repair,-,Beechcraft B200 Super King Air,2,Pratt & Whitney Canada PT6A-42,1983,-,478.0, N1870S, BB-1106,private,Private,-,Hayward Air Terminal,HWD,KHWD,United States of America,Lake Tahoe Airport,TVL,KTVL,United States of America,1,3,1,3,-,-,Final
19870717-1,Friday,17-JUL-1987,14:30,A2, Taxi (TXI),Sabadell Airport,Spain,1,0, Minor, Repaired,IRMA/Britten-Norman BN-2A-27 Islander,-,-,1974,-,-, EC-CKL, 715,Aerovisión,Survey/research,-,-,-,-,-,-,-,-,-,1,0,0,0,-,-,Preliminary - official
19870718-0,Saturday,18-JUL-1987,-,A1, Landing (LDG),"Lac Cache, ON",Canada,2,1, Damaged beyond repair,-,Canadian Vickers PBV-1A Canso (PBY-5A),-,-,1944,-,-, C-FPQP, CV-407,Gouvernement du Québec,Training,-,-,-,-,-,-,-,-,-,2,0,1,0,-,-,-
19870720-0,Monday,20-JUL-1987,19:00,A1, Initial climb (ICL),Tekapo Aerodrome,New Zealand,1,0, Damaged beyond repair,-,GAF Nomad N.24A,2,Allison 250-B17B,1977,-,-, ZK-NMD,  36,Air Safaris & Services,Ferry/positioning,-,-,-,-,-,Hamilton Airport,HLZ,NZHN,New Zealand,1,0,0,0,-,-,-
19870720-1,Monday,20-JUL-1987,-,A1, Landing (LDG),at an unknown location,Russia,-,-, Damaged beyond repair,-,Antonov An-2TP,-,-,1967,-,-, CCCP-40556, 1G84-09,Aeroflot / Yakutsk,Unknown,-,-,-,-,-,-,-,-,-,-,-,-,-,-,-,-
19870721-0,Tuesday,21-JUL-1987,-,A1, Landing (LDG),at an unknown location,Russia,-,-, Damaged beyond repair,-,Antonov An-2TP,-,-,1971,-,-, CCCP-02763, 1G125-41,Aeroflot / Yakutsk,Unknown,-,-,-,-,-,-,-,-,-,-,-,-,-,-,-,-
19870723-0,Thursday,23-JUL-1987,-,A1, Unknown (UNK),Ivanovo Airport (IWA),Russia,-,-, Damaged beyond repair,-,Tupolev Tu-134A-3,-,-,1975,-,-, CCCP-65874, 29315,Aeroflot / Ukraine,Unknown,-,-,-,-,-,-,-,-,-,-,-,-,-,-,-,-
19870723-1,Thursday,23-JUL-1987,-,A1, Unknown (UNK),near El Petén,Guatemala,3,3, Damaged beyond repair,-,IAI Arava 201,-,-,-,-,-, registration unknown,-,Guatemala AF,Military,-,-,-,-,-,-,-,-,-,3,0,3,0,-,-,-
19870724-0,Friday,24-JUL-1987,-,H2, En route (ENR),Genève-Cointrin Airport (GVA),Switzerland,158,1, Unknown,-,McDonnell Douglas DC-10-30,-,-,1972,-,-, TU-TAL, 46890/77,Air Afrique,International Scheduled Passenger,RK056,Roma-Fiumicino Airport,FCO,LIRF,Italy,Paris-Charles de Gaulle Airport,CDG,LFPG,France,15,143,0,1,-,-,- (No safety board investigation)
19870725-0,Saturday,25-JUL-1987,-,A1, Landing (LDG),"Santo Angelo Airport, RS (GEL)",Brazil,13,0, Damaged beyond repair,-,Embraer EMB-110P Bandeirante,2,Pratt & Whitney Canada PT6A-27,1976,-,-, PT-GKT, 110130,Rio Sul,Domestic Scheduled Passenger,-,-,-,-,-,Santo Ângelo Airport,GEL,SBNM,Brazil,3,10,0,0,-,-,-
19870728-0,Tuesday,28-JUL-1987,21:02,A1, Initial climb (ICL),"Laredo International Airport, TX (LRD)",United States of America,2,0, Substantial, Written off (damaged beyond repair),Douglas C-53-DO (DC-3),2,Pratt & Whitney R-1830,1942,-,-, N39DT, 4871,La Mesa Leasing,Cargo,-,Laredo International Airport,LRD,KLRD,United States of America,-,-,-,-,2,0,0,0,-,-,Final
19870730-0,Thursday,30-JUL-1987,17:05,A1, Initial climb (ICL),Mexico City,Mexico,12,5, Damaged beyond repair,-,Boeing C-97G Stratofreighter,-,-,-,-,-, HI-481, 16687,Belize Air Int.,Cargo,-,Mexico City-Benito Juárez International Airport,MEX,MMMX,Mexico,Miami International Airport,MIA,KMIA,United States of America,4,8,1,4,-,44,-
19870731-0,Friday,31-JUL-1987,-,A2, Landing (LDG),Amsterdam-Schiphol Airport (AMS),Netherlands,12,0, Substantial, Repaired,Fokker 100,2,Rolls-Royce Tay 620-15,1986,-,-, PH-MKH, 11242,Fokker,Test,-,Amsterdam-Schiphol International Airport,AMS,EHAM,Netherlands,Amsterdam-Schiphol International Airport,AMS,EHAM,Netherlands,12,0,0,0,-,-,-
19870731-1,Friday,31-JUL-1987,-,A1, Approach (APR),near Guatemala City-La Aurora Airport (GUA),Guatemala,3,2, Destroyed, Written off (damaged beyond repair),Learjet 23,-,-,-,-,-, N28ST, 23-013,DHL Airways,Cargo,-,-,-,-,-,Guatemala City-La Aurora Airport,GUA,MGGT,Guatemala,3,0,2,0,-,-,-
19870804-0,Tuesday,04-AUG-1987,-,A1, Unknown (UNK),within Khövsgöl Province,Mongolia,-,-, Damaged beyond repair,-,Antonov An-2,-,-,-,-,-, registration unknown,-,Unknown,Passenger,-,-,-,-,-,-,-,-,-,-,-,-,-,-,-,-
19870804-2,Tuesday,04-AUG-1987,-,A1, Landing (LDG),Calama-El Loa Airport (CJC),Chile,33,1, Damaged beyond repair,-,Boeing 737-2A1,2,Pratt & Whitney JT8D-17,1980,-,-, CC-CHJ, 22602/711,LAN Chile,Domestic Scheduled Passenger,-,Antofagasta-Cerro Moreno Airport,ANF,SCFA,Chile,Calama-El Loa Airport,CJC,SCCF,Chile,3,30,0,1,-,-,-
19870808-0,Saturday,08-AUG-1987,-,A1, Approach (APR),Sebha Airport (SEB),Libya,-,-, Damaged beyond repair,-,Ilyushin Il-76M,-,-,1980,-,-, 5A-DKK, 0003423675,Libyan Arab Rep. Air Force,Military,-,-,-,-,-,Sebha Airport,SEB,HLLS,Libya,-,-,-,-,-,-,Preliminary
19870813-0,Thursday,13-AUG-1987,-,C1, Unknown (UNK),at an unknown location,Afghanistan,12,12, Damaged beyond repair,-,Antonov An-26,-,-,-,-,-, registration unknown,-,Afghan AF,Military,-,-,-,-,-,-,-,-,-,-,-,-,-,-,-,-
19870813-1,Thursday,13-AUG-1987,-,C2, En route (ENR),over Gardez,Afghanistan,-,0, Substantial,-,Antonov An-12BP,4,Ivchenko AI-20M,-,-,-, registration unknown,-,Soviet AF,Military,-,-,-,-,-,-,-,-,-,-,-,0,0,-,-,-
19870814-0,Friday,14-AUG-1987,-,A1, Landing (LDG),Ust-Nem,Russia,-,0, Damaged beyond repair,-,Antonov An-28,2,Glushenkov TVD-10B,1987,-,-, CCCP-28741, 1AJ003-05,Aeroflot / Komi,Unknown,-,-,-,-,-,-,-,-,-,-,-,0,0,-,-,Preliminary
19870815-1,Saturday,15-AUG-1987,-,A1, Approach (APR),Kilaguni,Kenya,28,0, Damaged beyond repair,-,Douglas C-47B-30-DK (DC-3),-,-,1945,-,-, 5Y-DAK, 32954/16206,Sunbird Aviation,Passenger,-,-,-,-,-,Kilaguni Airport,ILU,HKKL,Kenya,2,26,0,0,-,-,-
19870816-2,Sunday,16-AUG-1987,20:45,A1, Takeoff (TOF),"Detroit-Metropolitan Wayne County Airport, MI (DTW)",United States of America,155,154, Destroyed, Written off (damaged beyond repair),McDonnell Douglas DC-9-82 (MD-82),2,Pratt & Whitney JT8D-217,1981,-,14928.0, N312RC, 48090/1040,Northwest Airlines,Domestic Scheduled Passenger,NW255,Detroit-Metropolitan Wayne County Airport,DTW,KDTW,United States of America,Phoenix-Sky Harbor International Airport,PHX,KPHX,United States of America,6,149,6,148,-,2,Final
19870820-0,Thursday,20-AUG-1987,06:00,A2, Taxi (TXI),"Newburgh-Stewart Airport, NY (SWF)",United States of America,2,0, Substantial, Repaired,McDonnell Douglas DC-9-31,-,-,1967,-,-, N908AX, 47008/98,Airborne Express,Cargo, 124,Wilmington-Clinton Field,ILN,KILN,United States of America,Newburgh-Stewart Airport,SWF,KSWF,United States of America,2,0,0,0,-,-,Final
19870820-1,Thursday,20-AUG-1987,06:00,A2, Landing (LDG),"Newburgh-Stewart Airport, NY (SWF)",United States of America,4,0, Substantial, Repaired,McDonnell Douglas DC-8-63F,-,-,1969,-,-, N951R, 46092/505,Rosenbalm Aviation,Cargo, 074,Dayton-James Cox Dayton International Airport,DAY,KDAY,United States of America,Newburgh-Stewart Airport,SWF,KSWF,United States of America,4,0,0,0,-,-,Final
19870821-0,Friday,21-AUG-1987,05:30,A1, En route (ENR),"Ainsdale Sands, Merseyside",United Kingdom,1,0, Damaged beyond repair,-,IRMA/Pilatus Britten-Norman BN-2B-27 Islander,2,Lycoming O-540-E4C5,1985,-,-, G-BLDX, 2181,Air Furness,Cargo,-,Manchester Airport,MAN,EGCC,United Kingdom,Isle Of Man-Ronaldsway Airport,IOM,EGNS,United Kingdom,1,0,0,0,-,-,Final
19870822-0,Saturday,22-AUG-1987,13:12,A2, Landing (LDG),"Belleville-Scott AFB, IL (BLV)",United States of America,181,0, Substantial, Repaired,Boeing 767-231ER,2,Pratt & Whitney JT9D-7R4D,1983,-,12336.0, N609TW, 22572/65,TWA,Domestic Scheduled Passenger,TW756,San Francisco International Airport,SFO,KSFO,United States of America,Saint Louis-Lambert International Airport,STL,KSTL,United States of America,9,172,0,0,-,-,Final
19870822-1,Saturday,22-AUG-1987,-,A1, Unknown (UNK),near Novosibirsk,Russia,14,0, Damaged beyond repair,-,Antonov An-2R,-,-,1967,-,-, CCCP-01641, 1G82-35,Aeroflot / West Siberia,Unknown,-,-,-,-,-,-,-,-,-,2,12,0,0,-,-,-
19870823-0,Sunday,23-AUG-1987,-,A2, Landing (LDG),"Beaver Falls, PA",United States of America,12,0, Substantial, Repaired,Boeing B-17G Flying Fortress,-,-,1943,-,-, N93012, 7023,The Collings Foundation,Domestic Non Scheduled Passenger,-,Beaver Falls Airport,BFP,KBVI,United States of America,Beaver Falls Airport,BFP,KBVI,United States of America,-,-,0,0,-,-,-
19870828-0,Friday,28-AUG-1987,-,A1, En route (ENR),near Alisovo (Bliznezi),Ukraine,2,0, Substantial, Written off (damaged beyond repair),Antonov An-2,-,-,-,-,-, registration unknown,-,Aeroflot / Ukraine,Agricultural,-,-,-,-,-,-,-,-,-,2,0,0,0,-,-,Preliminary
19870831-0,Monday,31-AUG-1987,15:36,A1, Approach (APR),15 km (9.4 mls) E off  Phuket International Airport (HKT),Thailand,83,83, Destroyed, Written off (damaged beyond repair),Boeing 737-2P5,2,Pratt & Whitney JT8D-15,1980,20864.0,16963.0, HS-TBC, 22267/685,Thai Airways,Domestic Scheduled Passenger, 365,Hat Yai Airport,HDY,VTSS,Thailand,Phuket International Airport,HKT,VTSP,Thailand,9,74,9,74,-,-,Final
19870901-0,Tuesday,01-SEP-1987,-,C1, Approach (APR),near Khost,Afghanistan,8,6, Damaged beyond repair,-,Antonov An-26,-,-,-,-,-, registration unknown,-,Afghan AF,Military,-,-,-,-,-,Khost Airport,KHT,OAKS,Afghanistan,-,-,-,-,-,-,-
19870904-0,Friday,04-SEP-1987,22:45,A1, En route (ENR),"Bulverde, TX",United States of America,1,0, Damaged beyond repair,-,Cessna 208 Caravan I,1,Pratt & Whitney Canada PT6A-114,1985,-,222.0, N807LA, 20800026,Martinaire,Cargo,-,San Antonio International Airport,SAT,KSAT,United States of America,Dallas-Love Field,DAL,KDAL,United States of America,1,0,0,0,-,-,Final
19870907-0,Monday,07-SEP-1987,-,A1, Unknown (UNK),Omsk,Russia,-,-, Damaged beyond repair,-,Antonov An-12TB,-,-,1969,-,-, CCCP-12971, 9346503,Aeroflot / Magadan,Unknown,-,-,-,-,-,-,-,-,-,-,-,-,-,-,-,-
19870908-0,Tuesday,08-SEP-1987,19:08,A1, Unknown (UNK),"near Carajás Airport, PA (CKS)",Brazil,9,9, Damaged beyond repair,-,Hawker Siddeley VU-93 (HS-125-403B),-,-,1974,-,-, 2129, 25290,Brazilian AF,Military,-,Carajás Airport,CKS,SBCJ,Brazil,Brasília International Airport,BSB,SBBR,Brazil,3,6,3,6,-,-,-
19870908-1,Tuesday,08-SEP-1987,-,H2, En route (ENR),at an unknown location,Poland,-,0, None,-,unknown,-,-,-,-,-, registration unknown,-,LOT,International Scheduled Passenger, 323,Warszawa-Okecie Airport,WAW,EPWA,Poland,Athens-Ellinikon International Airport,ATH,LGAT,Greece,-,-,0,0,-,-,-
19870908-2,Tuesday,08-SEP-1987,17:56,A2, Landing (LDG),Port Harcourt Airport (PHC),Nigeria,109,0, Substantial, Repaired,Airbus A310-222,2,Pratt & Whitney JT9D-7R4E1,1984,-,5408.0, 5N-AUG, 329,Nigeria Airways,Domestic Scheduled Passenger, 104,Lagos-Murtala Muhammed International Airport,LOS,DNMM,Nigeria,Port Harcourt Airport,PHC,DNPO,Nigeria,10,99,0,0,-,-,Final
19870909-0,Wednesday,09-SEP-1987,-,A1, Unknown (UNK),Melka Shedi,Ethiopia,-,-, Damaged beyond repair,-,Antonov An-2R,-,-,-,-,-, SP-WMS, 1G156-32,ZUA,Unknown,-,-,-,-,-,-,-,-,-,-,-,-,-,-,-,-
19870910-0,Thursday,10-SEP-1987,-,A1, Unknown (UNK),"White Sands Missile Base, NM",United States of America,2,2, Damaged beyond repair,-,Lockheed SP-2E Neptune,2,Wright R-3350,-,-,-, N96271, 426-5315,Black Hills Aviation,Fire fighting,-,-,-,-,-,-,-,-,-,2,0,2,0,-,-,-
19870912-0,Saturday,12-SEP-1987,04:35,A1, Initial climb (ICL),"Rayleigh, Essex",United Kingdom,1,1, Destroyed, Written off (damaged beyond repair),Beechcraft 200 Super King Air,2,Pratt & Whitney Canada PT6A-41,1979,-,-, G-WSJE, BB-484,National Airways,Cargo,-,Southend Municipal Airport,SEN,EGMC,United Kingdom,Bergamo-Orio Al Serio Airport,BGY,LIME,Italy,1,0,1,0,-,-,Preliminary - official
19870913-0,Sunday,13-SEP-1987,-,C1, Unknown (UNK),Kunduz,Afghanistan,15,15, Damaged beyond repair,-,Antonov An-26,-,-,-,-,-, registration unknown,-,Soviet AF,Military,-,-,-,-,-,Kunduz Airport,UND,OAUZ,Afghanistan,-,-,-,-,-,-,-
19870916-0,Wednesday,16-SEP-1987,17:30,A1, Maneuvering (MNV),"Castle Crags State Park, CA",United States of America,3,3, Destroyed, Written off (damaged beyond repair),Fairchild C-119G Flying Boxcar,2,Wright R-3350,-,-,-, N48076, 11005,Hawkins & Powers,Fire fighting,-,-,-,-,-,Redding Airport,RDD,KRDD,United States of America,3,0,3,0,-,-,-
19870917-1,Thursday,17-SEP-1987,-,O1, Standing (STD),"Shreveport-Barksdale AFB, LA (BAD)",United States of America,3,1, Damaged beyond repair,-,McDonnell Douglas KC-10A Extender,3,General Electric CF6-50C2,1982,-,-, 82-0190, 48212/382,USAF,Military,-,-,-,-,-,Shreveport-Barksdale AFB,BAD,KBAD,United States of America,3,0,1,0,-,-,-
19870918-0,Friday,18-SEP-1987,-,A1, Unknown (UNK),"Caribou Horn Lake, NT",Canada,-,-, Damaged beyond repair,-,Britten-Norman BN-2A-6 Islander,-,-,1970,-,-, C-GTPB, 223,Borealis Exploration,Unknown,-,-,-,-,-,-,-,-,-,-,-,-,-,-,-,-
19870920-0,Sunday,20-SEP-1987,-,A1, Unknown (UNK),near Bloemfontein,South Africa,3,0, Damaged beyond repair,-,Douglas C-47 Dakota IV,-,-,1944,-,-, 6843, 25609/14164,South African AF,Military,-,-,-,-,-,-,-,-,-,3,0,0,0,-,-,-
19870921-0,Monday,21-SEP-1987,09:03,A1, Landing (LDG),Luxor Airport (LXR),Egypt,5,5, Damaged beyond repair,-,Airbus A300B4-203,2,General Electric CF6-50C2,1980,9200.0,20600.0, SU-BCA, 115,EgyptAir,Training,-,Cairo International Airport,CAI,HECA,Egypt,Luxor Airport,LXR,HELX,Egypt,5,0,5,0,-,-,-
19870924-0,Thursday,24-SEP-1987,-,A1, Takeoff (TOF),Yakutsk Airport (YKS),Russia,-,0, Damaged beyond repair,-,Let L-410MU,2,Walter M-601A,1977,-,-, CCCP-67249, 770815,Aeroflot / Yakutsk,Unknown,-,Yakutsk Airport,YKS,UEEE,Russia,-,-,-,-,-,-,0,0,-,-,-
19870924-1,Thursday,24-SEP-1987,23:25,A1, Takeoff (TOF),"Twin Falls City County Airport, ID (TWF)",United States of America,3,0, Destroyed, Written off (damaged beyond repair),Swearingen SA227-AC Metro III,2,Garrett TPE331-11U,1986,-,774.0, N2689E, AC-653,Horizon Air,Training,-,Twin Falls City County Airport,TWF,KTWF,United States of America,Twin Falls City County Airport,TWF,KTWF,United States of America,3,0,0,0,-,-,Final
19870925-1,Friday,25-SEP-1987,-,A1, Unknown (UNK),Ankara-Etimesgut Airport (ANK),Turkey,-,-, Damaged beyond repair,-,Douglas C-47A-75-DL (DC-3),-,-,1943,-,-, 12-036, 19330,Turkish AF,Military,-,-,-,-,-,-,-,-,-,-,-,-,-,-,-,-
19870930-0,Wednesday,30-SEP-1987,07:21,A1, Landing (LDG),Las Palmas-Airport De Gran Canaria (LPA),Spain,2,0, Damaged beyond repair,-,Dassault Falcon 20DC,-,-,1969,-,-, EC-ECB, 210,Air Truck / DHL,Cargo,-,Madrid-Barajas Airport,MAD,LEMD,Spain,Las Palmas-Airport de Gran Canaria,LPA,GCLP,Spain,2,0,0,0,-,-,Preliminary - official
19870930-1,Wednesday,30-SEP-1987,14:35,A1, Landing (LDG),"Gold Beach Municipal Airport, OR",United States of America,1,0, Destroyed, Written off (damaged beyond repair),Beechcraft A100 King Air,2,Garrett TPE331-6,-,-,2786.0, N32RL, BE-117,Avantair,Ferry/positioning,-,Santa Ana-John Wayne International Airport,SNA,KSNA,United States of America,-,-,-,-,1,0,0,0,-,-,Final
19871008-0,Thursday,08-OCT-1987,22:15,A1, Takeoff (TOF),"Memphis International Airport, TN (MEM)",United States of America,1,1, Damaged beyond repair,-,Volpar Turboliner II,2,Garrett TPE331-1-101,-,-,18702.0, N9231, 3829,Connie Kalitta,Cargo,-,Memphis International Airport,MEM,KMEM,United States of America,Cincinnati/Northern Kentucky Airport,CVG,KCVG,United States of America,1,0,1,0,-,-,Final
19871011-0,Sunday,11-OCT-1987,18:52,A1, En route (ENR),"70 km (43.8 mls) SW off  Keflavik, Iceland",Atlantic Ocean,6,0, Damaged beyond repair,-,Dassault Falcon 20D,-,-,1968,-,-, EC-EFI, 189,Drenair,Ferry/positioning,-,Goose Bay Airport,YYR,CYYR,Canada,Reykjavík-Keflavík International Airport,KEF,BIKF,Iceland,2,4,0,0,-,-,-
19871011-1,Sunday,11-OCT-1987,-,A1, Unknown (UNK),El Poleo,Colombia,9,2, Damaged beyond repair,-,de Havilland Canada DHC-6 Twin Otter 310,2,Pratt & Whitney Canada PT6A-27,1974,-,-, HK-2920, 419,Aeroejecutivos Colombia,Passenger,-,-,-,-,-,-,-,-,-,2,7,2,0,-,-,-
19871011-2,Sunday,11-OCT-1987,-,A1, Approach (APR),25 km (15.6 mls) S of Pa-An,Myanmar,49,49, Damaged beyond repair,-,Fokker F-27 Friendship 500,2,Rolls-Royce Dart 532-7R,1985,3799.0,3958.0, XY-AEL, 10689,Burma Airways,Domestic Scheduled Passenger,-,Yangon-Mingaladon Airport,RGN,VYYY,Myanmar,Nyaung-u Airport,NYU,VYBG,Myanmar,4,45,4,45,-,-,-
19871014-0,Wednesday,14-OCT-1987,07:05,C1, En route (ENR),40 km (25 mls) W of Kuito,Angola,6,6, Damaged beyond repair,-,Lockheed L-100-30 Hercules,4,Allison 501-D22A,1976,5708.0,8772.0, HB-ILF, 4701,Zimex Aviation,Cargo,-,Kuito Airport,SVP,FNKU,Angola,Benguela-Gen V Deslandes Airport,BUG,FNBG,Angola,4,2,4,2,-,2,Final
19871015-0,Thursday,15-OCT-1987,19:28,A1, En route (ENR),Conca di Crezzo,Italy,37,37, Destroyed, Written off (damaged beyond repair),ATR 42-312,2,Pratt & Whitney Canada PW120,1987,-,-, I-ATRH, 046,ATI,International Scheduled Passenger, 460,Milano-Linate Airport,LIN,LIML,Italy,Köln/Bonn Airport,CGN,EDDK,Germany,3,34,3,34,-,-,-
19871015-1,Thursday,15-OCT-1987,15:28,A1, Maneuvering (MNV),"Rancho Murieta, CA",United States of America,3,3, Destroyed, Written off (damaged beyond repair),Dassault Falcon 10,2,Garrett TFE731-2-2A,-,-,475.0, N121FJ, 192,Falcon Jet,Demonstration,-,-,-,-,-,San Jose Municipal Airport,SJC,KSJC,United States of America,2,1,2,1,-,-,Final
19871018-2,Sunday,18-OCT-1987,-,A1, Landing (LDG),Saratov Airport (RTW),Russia,-,0, Damaged beyond repair,-,Let L-410UVP,-,-,1982,-,-, CCCP-67334, 820834,Aeroflot / Privolzhsk,Unknown,-,-,-,-,-,Saratov Airport,RTW,UWSS,Russia,-,-,0,0,-,-,-
19871019-0,Monday,19-OCT-1987,-,A1, Takeoff (TOF),Komsomol'sk-na-Amure Airport (KXK),Russia,9,9, Damaged beyond repair,-,Antonov An-12BK,4,Ivchenko AI-20M,1969,3162.0,7411.0, CCCP-12162, 9346702,MAP Kom na Amu APO,Cargo,-,Komsomol'sk-na-Amure Airport,KXK,UHKK,Russia,-,-,-,-,5,4,5,4,-,-,-
19871019-1,Monday,19-OCT-1987,06:16,A1, Approach (APR),"3,4 km (2.1 mls) NNW of Leeds/Bradford Airport (LBA)",United Kingdom,1,1, Damaged beyond repair,-,Beechcraft B200 Super King Air,2,Pratt & Whitney Canada PT6A-42,1983,-,-, G-MDJI, BB-1162,Artix,Ferry/positioning,-,Teesside International Airport,MME,EGNV,United Kingdom,Leeds/Bradford Airport,LBA,EGNM,United Kingdom,1,0,1,0,-,-,Preliminary - official
19871021-0,Wednesday,21-OCT-1987,-,A1, Takeoff (TOF),Kabul Airport (KBL),Afghanistan,19,18, Damaged beyond repair,-,Antonov An-12BK,4,Ivchenko AI-20M,-,-,-, registration unknown,-,Soviet AF,Military,-,Kabul Airport,KBL,OAKB,Afghanistan,Tashkent Airport,TAS,UTTT,Uzbekistan,-,-,-,-,-,-,-
19871022-0,Thursday,22-OCT-1987,-,C1, Approach (APR),near Jalalabad Airport (JAA),Afghanistan,8,8, Damaged beyond repair,-,Antonov An-26,-,-,-,-,-, registration unknown,-,Soviet AF,Military,-,Kabul Airport,KBL,OAKB,Afghanistan,Jalalabad Airport,JAA,OAJL,Afghanistan,6,2,6,2,-,-,-
19871023-0,Friday,23-OCT-1987,04:23,A1, En route (ENR),"near Fairfield, CA",United States of America,1,1, Destroyed, Written off (damaged beyond repair),Cessna 208A Cargomaster,1,Pratt & Whitney Canada PT6A-114,1985,-,1721.0, N828FE, 20800073,Federal Express,Cargo,-,Oakland International Airport,OAK,KOAK,United States of America,Reno/Tahoe International Airport,RNO,KRNO,United States of America,1,0,1,0,-,-,Final
19871026-0,Monday,26-OCT-1987,-,H2, Unknown (UNK),Ciudad Mante,Mexico,4,0, None,-,Beechcraft 300 Super King Air,-,-,-,-,-, registration unknown,-,Unknown,Unknown,-,McAllen-Miller International Airport,MFE,KMFE,United States of America,-,-,-,-,1,3,0,0,-,-,-
19871028-0,Wednesday,28-OCT-1987,07:34,A1, Landing (LDG),"near Bartlesville, OK",United States of America,2,0, Destroyed, Written off (damaged beyond repair),Convair CV-640,2,Rolls-Royce Dart 542,1952,-,44764.0, N3411, 31,SMB Stage Line,Cargo,-,Chicago-O'Hare International Airport,ORD,KORD,United States of America,Oklahoma City-Will Rogers Airport,OKC,KOKC,United States of America,2,0,0,0,-,-,Final
19871031-0,Saturday,31-OCT-1987,13:30,A1, En route (ENR),"Desert Center, CA",United States of America,2,2, Destroyed, Written off (damaged beyond repair),IRMA/Pilatus Britten-Norman BN-2A-26 Islander,2,Lycoming O-540-E4C5,1979,-,1119.0, N25MR, 881,Onyx Aviation,Ferry/positioning,-,El Paso International Airport,ELP,KELP,United States of America,-,-,-,-,1,1,1,1,-,-,Final
19871099-0,-,xx-OCT-1987,-,U1, Unknown (UNK),at an unknown location,Unknown country,-,-, Damaged beyond repair,-,IRMA/Pilatus Britten-Norman BN-2A-26 Islander,-,-,-,-,-, TZ-ADN, 2161,Live Air,Unknown,-,-,-,-,-,-,-,-,-,-,-,-,-,-,-,-
19871101-0,Sunday,01-NOV-1987,06:41,A2, Landing (LDG),Bangalore-Hindustan Airport (BLR),India,61,0, Substantial, Repaired,Boeing 737-2A8,2,Pratt & Whitney JT8D-9A,1975,-,-, VT-EDS, 21164/435,Indian Airlines,Domestic Scheduled Passenger,IC513,Madras Airport,MAA,VOMM,India,Bangalore-Hindustan Airport,BLR,VOBG,India,7,54,0,0,-,-,Final
19871106-0,Friday,06-NOV-1987,-,H2, Standing (STD),"San Francisco International Airport, CA (SFO)",United States of America,3,0, None,-,Boeing 767,-,-,-,-,-, registration unknown,-,Air Canada,International Scheduled Passenger, 756,San Francisco International Airport,SFO,KSFO,United States of America,Toronto-Pearson International Airport,YYZ,CYYZ,Canada,2,1,0,0,-,-,-
19871106-1,Friday,06-NOV-1987,08:30,C1, En route (ENR),near Ulongwe,Mozambique,10,10, Damaged beyond repair,-,Shorts SC.7 Skyvan 3-100,2,Garrett TPE331-2-201A,1980,-,-, 7Q-YMB, SH.1971,Air Malawi,Domestic Non Scheduled Passenger,-,Blantyre-Chileka Airport,BLZ,FWCL,Malawi,Lilongwe International Airport,LLW,FWKI,Malawi,2,8,2,8,-,-,-
19871110-0,Tuesday,10-NOV-1987,17:13,A1, Approach (APR),"near Ross River Airport,YT (XRR)",Canada,4,2, Damaged beyond repair,-,de Havilland Canada DHC-4A Caribou,2,Pratt & Whitney R-2000-7M2,1969,-,11185.0, C-GVYX, 292,Kenn Borek Air,Ferry/positioning,-,Fort Nelson Airport,YYE,CYYE,Canada,Ross River Airport,XRR,CYDM,Canada,2,2,2,0,-,-,Final
19871115-0,Sunday,15-NOV-1987,14:15,A1, Takeoff (TOF),"Denver-Stapleton International Airport, CO (DEN)",United States of America,82,28, Destroyed, Written off (damaged beyond repair),Douglas DC-9-14,2,Pratt & Whitney JT8D-7B,1966,54759.0,52424.0, N626TX, 45726/36,Continental Air Lines,Domestic Scheduled Passenger,1713,Denver-Stapleton International Airport,DEN,KDEN,United States of America,Boise Air Terminal,BOI,KBOI,United States of America,5,77,3,25,-,-,Final
19871116-0,Monday,16-NOV-1987,-,A1, Unknown (UNK),at an unknown location,Chad,-,-, Damaged beyond repair,-,Lockheed C-130A Hercules,-,-,1958,-,-, TT-PAC, 3159,Chad AF,Military,-,-,-,-,-,-,-,-,-,-,-,-,-,-,-,-
19871116-1,Monday,16-NOV-1987,08:19,A1, En route (ENR),"Jefferson, WI",United States of America,8,8, Destroyed, Written off (damaged beyond repair),Beechcraft 200 Super King Air,2,Pratt & Whitney Canada PT6A-42,1984,-,1050.0, N334DP, BB-1188,Danpar Aviation,Executive,-,Chicago-Merrill C Meigs Field,CGX,KCGX,United States of America,-,-,-,-,2,6,2,6,-,-,Final
19871118-0,Wednesday,18-NOV-1987,-,A1, Initial climb (ICL),Lae-Nadzab Airport (LAE),Papua New Guinea,-,0, Damaged beyond repair,-,Douglas C-47B-15-DK (DC-3),2,Pratt & Whitney R-1830-90C,1944,-,-, P2-006, 26637/15192,PNG Defence Force,Military,-,Lae-Nadzab Airport,LAE,AYNZ,Papua New Guinea,-,-,-,-,-,-,0,0,-,-,-
19871119-0,Thursday,19-NOV-1987,-,A1, Approach (APR),Tuusula,Finland,6,0, Damaged beyond repair,-,Cessna 500 Citation I,-,-,-,-,-, OH-CAR, 500-0144,Air Carelia,Non Scheduled Passenger,-,-,-,-,-,Helsinki-Vantaa Airport,HEL,EFHK,Finland,2,4,0,0,-,-,-
19871119-1,Thursday,19-NOV-1987,17:25,A1, En route (ENR),"Saint Clair Shores, MI",United States of America,1,0, Damaged beyond repair,-,Volpar Turboliner,2,Garrett TPE331-1-101,-,-,15800.0, N10AS, 3596,Connie Kalitta,Ferry/positioning,-,Newark Airport,EWR,KEWR,United States of America,Detroit City Airport,DET,KDET,United States of America,1,0,0,0,-,-,Final
19871121-0,Saturday,21-NOV-1987,-,A1, Unknown (UNK),Mayor Pablo Lagerenza,Paraguay,-,0, Damaged beyond repair,-,Douglas C-47B-20-DK (DC-3),2,Pratt & Whitney R-1830-90C,1944,-,-, 2034, 26922/15477,TAM Paraguay,Military,-,-,-,-,-,-,-,-,-,-,-,0,0,-,-,-
19871122-0,Sunday,22-NOV-1987,20:20,A1, Approach (APR),Le Puy,France,2,0, Damaged beyond repair,-,Swearingen SA226-TC Metro II,-,-,1980,-,-, F-GCTE, TC-365,Compagnie Aérienne du Languedoc,Ferry/positioning,-,Lyon Satolas Airport,LYS,LFLL,France,Le Puy-Loudes Airport,LPY,LFHP,France,2,0,0,0,-,-,Preliminary - official
19871123-0,Monday,23-NOV-1987,18:25,A1, Approach (APR),"Homer Airport, AK (HOM)",United States of America,21,18, Destroyed, Written off (damaged beyond repair),Beechcraft 1900C,2,Pratt & Whitney Canada PT6A-65B,1986,-,-, N401RA, UB-58,Ryan Air Service,Domestic Non Scheduled Passenger, 103,Kodiak Airport,ADQ,PADQ,United States of America,Homer Airport,HOM,PAHO,United States of America,2,19,2,16,-,-,Final
19871127-0,Friday,27-NOV-1987,-,A1, En route (ENR),off Haumuri Bluffs,New Zealand,2,2, Damaged beyond repair,-,Cessna 208 Caravan I,1,Pratt & Whitney Canada PT6A-114,1985,-,-, ZK-SFB, 20800059,Outdoor Aviation,Cargo,-,Wellington International Airport,WLG,NZWN,New Zealand,Christchurch International Airport,CHC,NZCH,New Zealand,1,1,1,1,-,-,-
19871128-0,Saturday,28-NOV-1987,04:07,A1, En route (ENR),250 km (156.3 mls) NE off  Mauritius,Indian Ocean,159,159, Destroyed, Written off (damaged beyond repair),Boeing 747-244B,4,Pratt & Whitney JT9D-7Q,1980,4877.0,26743.0, ZS-SAS, 22171/488,South African Airways,International Scheduled Passenger,SA295,Taipei-Chiang Kai Shek International Airport,TPE,RCTP,Taiwan,Mauritius-Plaisance International Airport,MRU,FIMP,Mauritius,19,140,19,140,-,-,Final
19871129-0,Sunday,29-NOV-1987,05:22,C1, En route (ENR),"100 km (62.5 mls) NW off  Tavoy, Myanmar [Andaman Sea]",Indian Ocean,115,115, Destroyed, Written off (damaged beyond repair),Boeing 707-3B5C,4,Pratt & Whitney JT3D-3B,1971,19941.0,36047.0, HL7406, 20522/855,Korean Air,International Scheduled Passenger,KE858,Abu Dhabi International Airport,AUH,OMAA,United Arab Emirates,Bangkok-Don Muang International Airport,BKK,VTBD,Thailand,11,104,11,104,-,-,Final
19871199-0,-,XX-NOV-1987,-,U1, Unknown (UNK),near Djakovo,Croatia,-,-, Damaged beyond repair,-,Antonov An-2R,-,-,-,-,-, YU-BOD, 1G218-30,Privredna Avijacija Osijek,Unknown,-,-,-,-,-,-,-,-,-,-,-,-,-,-,-,-
19871201-0,Tuesday,01-DEC-1987,-,A1, Landing (LDG),Hayoun,Israel,-,0, Damaged beyond repair,-,Lockheed C-130H Hercules,-,-,1976,-,-, 4X-FBU/448, 4680,Israeli AF,Military,-,-,-,-,-,-,-,-,-,-,-,0,0,-,-,-
19871204-0,Friday,04-DEC-1987,-,A1, En route (ENR),"near Mount Waddington, BC",Canada,4,4, Missing, Presumed damaged beyond repair,Britten-Norman BN-2A-6 Islander,2,Lycoming O-540-E4C5,1967,-,-, C-GOMC, 10,Wilderness Airline,Domestic Scheduled Passenger,-,Bella Coola Airport,QBC,CYBD,Canada,Campbell River Airport,YBL,CYBL,Canada,1,3,1,3,-,-,-
19871205-0,Saturday,05-DEC-1987,14:50,A1, Approach (APR),"Lexington-Blue Grass Airport, KY (LEX)",United States of America,4,2, Destroyed, Written off (damaged beyond repair),Hawker Siddeley HS-125-400A,2,Rolls-Royce Viper 522,1969,-,5710.0, N400PH, 25180,Scott Cable Communications,Executive,-,Dallas-Love Field,DAL,KDAL,United States of America,New York-John F. Kennedy International Airport,JFK,KJFK,United States of America,2,2,2,0,-,-,Final
19871205-1,Saturday,05-DEC-1987,09:55,A2, En route (ENR),"Deptford, NJ",United States of America,67,0, Substantial, Repaired,Boeing 737-2B7,2,Pratt & Whitney JT8D-15A,1983,-,12845.0, N319AU, 22887/976,USAir,Domestic Scheduled Passenger, 224,Philadelphia International Airport,PHL,KPHL,United States of America,Boston-Logan International Airport,BOS,KBOS,United States of America,5,62,0,0,-,-,Final
19871207-0,Monday,07-DEC-1987,16:16,C1, En route (ENR),"ca 19 km SW of Paso Robles, CA",United States of America,43,43, Destroyed, Written off (damaged beyond repair),British Aerospace BAe-146-200,4,Lycoming ALF502R-3,1984,-,8571.0, N350PS, E2027,PSA,Domestic Scheduled Passenger,1771,Los Angeles International Airport,LAX,KLAX,United States of America,San Francisco International Airport,SFO,KSFO,United States of America,5,38,5,38,-,-,Final
19871207-1,Monday,07-DEC-1987,-,A1, Landing (LDG),Udon Thani Airport (UTH),Thailand,-,0, Damaged beyond repair,-,Hawker Siddeley HS-748-243 Srs. 2A,-,-,1971,-,-, HS-THH, 1707,Bangkok Airways,Unknown,-,-,-,-,-,Udon Thani Airport,UTH,VTUD,Thailand,-,-,0,0,-,-,-
19871207-2,Monday,07-DEC-1987,17:29,A1, Approach (APR),"Dallas-Redbird Airport, TX (RBD)",United States of America,2,0, Damaged beyond repair,-,Howard 250 Tri-Gear,2,Wright R-1820-56A,1943,-,8735.0, N400NY, 18-2379,Nicole Corp.,Ferry/positioning,-,San Antonio International Airport,SAT,KSAT,United States of America,Dallas-Redbird Airport,RBD,KRBD,United States of America,2,0,0,0,-,-,Final
19871208-0,Tuesday,08-DEC-1987,-,A1, Takeoff (TOF),San Ignacio de Moxos Airport (SNM),Bolivia,-,0, Damaged beyond repair,-,Douglas DC-3-313,2,Pratt & Whitney R-1830,1939,-,-, CP-1059, 2173,TASMI,Unknown,-,San Ignacio De Moxos Airport,SNM,SLSM,Bolivia,-,-,-,-,-,-,0,0,-,-,-
19871208-1,Tuesday,08-DEC-1987,20:15,A1, Approach (APR),11 km (6.9 mls) NW off  Lima-Jorge Chavez International Airport (LIM),Peru,43,42, Damaged beyond repair,-,Fokker F-27 Friendship 400M,-,-,1977,4411.0,5908.0, AE-560, 10548,Peruvian Navy,Domestic Non Scheduled Passenger,-,Pucallpa Airport,PCL,SPCL,Peru,Lima-Jorge Chávez International Airport,LIM,SPIM,Peru,6,37,5,37,-,-,-
19871208-2,Tuesday,08-DEC-1987,-,A1, Unknown (UNK),near Kanabea,Papua New Guinea,4,1, Damaged beyond repair,-,Britten-Norman BN-2A-2 Islander,2,Lycoming IO-540-K1B5,1970,-,-, P2-MIB, 217,Talair,Passenger,-,-,-,-,-,-,-,-,-,-,-,-,-,-,-,-
19871209-0,Wednesday,09-DEC-1987,-,A1, Approach (APR),D-59 Station,Antarctica,11,2, Destroyed, Written off (damaged beyond repair),Lockheed LC-130R Hercules,-,-,1974,-,-, 159131, 4522,US Navy,Military,-,-,-,-,-,-,-,-,-,-,-,-,-,-,-,-
19871209-1,Wednesday,09-DEC-1987,-,A1, En route (ENR),off Cochin NAS (COK),India,3,0, Damaged beyond repair,-,IRMA/Pilatus Britten-Norman BN-2A-21 Islander,-,-,1980,-,-, IN-132, 875,Indian AF,Military,-,-,-,-,-,-,-,-,-,3,0,0,0,-,-,-
19871213-1,Sunday,13-DEC-1987,07:20,A1, Approach (APR),16 km (10 mls) SW of Iligan Airport (IGN),Philippines,15,15, Damaged beyond repair,-,Shorts 360-300,-,-,1987,-,-, EI-BTJ, SH.3719,Philippine Air Lines,Domestic Scheduled Passenger, 443,Cebu Airport,CEB,RPVM,Philippines,Iligan-Maria Cristina Airport,IGN,RPWX,Philippines,4,11,4,11,-,-,-
19871214-0,Monday,14-DEC-1987,-,U1, Unknown (UNK),at an unknown location,Unknown country,-,-, Damaged beyond repair,-,Antonov An-32,2,Ivchenko AI-20,-,-,-, D2-FA.,-,Angolan AF,Military,-,-,-,-,-,-,-,-,-,-,-,-,-,-,-,-
19871214-1,Monday,14-DEC-1987,13:58,A1, Landing (LDG),"Joplin Airport, MO (JLN)",United States of America,8,0, Destroyed, Written off (damaged beyond repair),British Aerospace 3101 Jetstream 31,2,Garrett TPE331-10UG-513H,1986,-,3470.0, N331PX, 700,Northwest Airlink,Domestic Scheduled Passenger,-,Memphis International Airport,MEM,KMEM,United States of America,Joplin Airport,JLN,KJLN,United States of America,2,6,0,0,-,-,Final
19871214-2,Monday,14-DEC-1987,21:30,A1, Approach (APR),"ca 16 km off Fernando de Noronha, FN",Brazil,29,29, Damaged beyond repair,-,Lockheed C-130H Hercules,-,-,1987,-,-, 2468, 4998,Brazilian AF,Military,-,Recife-Guararapes International Airport,REC,SBRF,Brazil,Fernando de Noronha Airport,FEN,SBFN,Brazil,6,23,6,23,-,-,-
19871215-0,Tuesday,15-DEC-1987,-,A1, Unknown (UNK),Pyatigorsk,Russia,-,-, Damaged beyond repair,-,Antonov An-2R,-,-,-,-,-, CCCP-06324, 1G68-39,Aeroflot / North Kavkaz,Unknown,-,-,-,-,-,-,-,-,-,-,-,-,-,-,-,-
19871217-0,Thursday,17-DEC-1987,19:36,A1, Approach (APR),"Washington-Dulles International Airport, DC (IAD)",United States of America,8,0, Substantial, Written off (damaged beyond repair),Swearingen SA226-TC Metro II,2,Garrett TPE331-10UA-5,1978,-,12820.0, N23AZ, TC-260,AVAir,Domestic Scheduled Passenger,-,Newark International Airport,EWR,KEWR,United States of America,Washington-Dulles International Airport,IAD,KIAD,United States of America,2,6,0,0,-,-,Final
19871221-0,Monday,21-DEC-1987,15:10,A1, Approach (APR),"5,1 km (3.2 mls) NE of Bordeaux-Mérignac Airport (BOD)",France,16,16, Destroyed, Written off (damaged beyond repair),Embraer EMB-120RT Brasilia,2,Pratt & Whitney Canada PW118,1986,-,2505.0, F-GEGH, 120033,Air Littoral,International Scheduled Passenger,AF1919,Brussel-Zaventem Airport,BRU,EBBR,Belgium,Bordeaux-Mérignac Airport,BOD,LFBD,France,3,13,3,13,-,-,Final
19871221-1,Monday,21-DEC-1987,08:30,A1, En route (ENR),Boca San Carlos,Costa Rica,6,0, Damaged beyond repair,-,Douglas DC-6BF,4,Pratt & Whitney R-2800,1958,-,-, YN-BFO, 45324/963,Aeronica,Cargo,-,Managua-Augusto C. Sandino Airport,MGA,MNMG,Nicaragua,Panama City-Tocumen International Airport,PTY,MPTO,Panama,6,0,0,0,-,-,-
19871221-2,Monday,21-DEC-1987,16:45,C1, En route (ENR),near Kabul Airport (KBL),Afghanistan,6,1, Damaged beyond repair,-,Antonov An-26,-,-,-,-,-, registration unknown,-,Soviet AF,Military,-,Kabul Airport,KBL,OAKB,Afghanistan,Bagram Air Base,BPM,OAIX,Afghanistan,6,0,1,0,-,-,-
19871223-0,Wednesday,23-DEC-1987,-,H2, En route (ENR),Roma-Fiumicino Airport (FCO),Italy,97,0, None,-,Boeing 737-306,2,CFMI CFM56-3B1,1986,-,-, PH-BDE, 23541/1309,KLM,International Scheduled Passenger,KL343,Amsterdam-Schiphol International Airport,AMS,EHAM,Netherlands,Milano-Linate Airport,LIN,LIML,Italy,6,91,0,0,-,-,-
19871225-0,Friday,25-DEC-1987,-,H2, En route (ENR),Mashhad Airport (MHD),Iran,-,0, None,-,unknown,-,-,-,-,-, registration unknown,-,Iran Air,Domestic Scheduled Passenger,-,Tehran-Mehrabad Airport,THR,OIII,Iran,Mashhad Airport,MHD,OIMM,Iran,-,-,0,0,-,-,-
19871227-1,Sunday,27-DEC-1987,23:39,A1, Landing (LDG),"Pensacola Regional Airport, FL (PNS)",United States of America,107,0, Substantial, Written off (damaged beyond repair),McDonnell Douglas DC-9-31,2,Pratt & Whitney JT8D-7B,1968,-,55645.0, N8948E, 47184/274,Eastern Air Lines,Domestic Scheduled Passenger,EA573,Atlanta-William B. Hartsfield International Airport,ATL,KATL,United States of America,Pensacola Regional Airport,PNS,KPNS,United States of America,4,103,0,0,-,-,Final
19871228-0,Monday,28-DEC-1987,-,A2, Takeoff (TOF),2 km (1.3 mls) N of Goba Airport (GOB),Ethiopia,7,0, Substantial, Written off (damaged beyond repair),Douglas C-47B-15-DK (DC-3),-,-,1944,-,-, ET-AGO, 26732/15287,Ethiopian Airlines,Domestic Non Scheduled Passenger,-,Goba Airport,GOB,HAGB,Ethiopia,-,-,-,-,4,3,0,0,-,-,Preliminary - official
19871230-0,Wednesday,30-DEC-1987,-,A1, En route (ENR),near Samarinda,Indonesia,17,17, Damaged beyond repair,-,de Havilland Canada DHC-6 Twin Otter 300,2,Pratt & Whitney Canada PT6A-27,1975,-,-, PK-NUY, 459,Merpati Nusantara,Domestic Scheduled Passenger,-,Samarinda Airport,SRI,WALS,Indonesia,Tanjung Redep/Berau-Kalimaru Airport,BEJ,WALK,Indonesia,3,14,3,14,-,-,-
19871299-0,-,xx-DEC-1987,-,U1, Unknown (UNK),at an unknown location,Papua New Guinea,-,-, Damaged beyond repair,-,IRMA/Britten-Norman BN-2A-20 Islander,2,Lycoming IO-540-K1B5,1977,-,-, P2-COG, 843,Co-Air,Unknown,-,-,-,-,-,-,-,-,-,-,-,-,-,-,-,-
19879999-0,-,xx-xxx-1987,-,U1, Unknown (UNK),at an unknown location,Mexico,-,-, Damaged beyond repair,-,IRMA/Pilatus Britten-Norman BN-2B-26 Islander,2,Lycoming O-540-E4C5,1981,-,-, XA-MAO, 2104,Aero Taxco,Unknown,-,-,-,-,-,-,-,-,-,-,-,-,-,-,-,-
19879999-1,-,xx-xxx-1987,-,U1, Unknown (UNK),at an unknown location,Brazil,-,-, Damaged beyond repair,-,Britten-Norman BN-2A-8 Islander,-,-,1974,-,-, PT-JYC, 385,VOTEC,Unknown,-,-,-,-,-,-,-,-,-,-,-,-,-,-,-,-
19879999-4,-,xx-xxx-1987,-,A1, Unknown (UNK),Dahra-Warehouse 32 Airport,Libya,-,-, Damaged beyond repair,-,Douglas DC-3C,-,-,1944,-,-, N62109, 19468,Private,Unknown,-,-,-,-,-,-,-,-,-,-,-,-,-,-,-,-
