identifiant,week_day,date,time,type_event,phase,location,country,total_occupants,total_fatalities,aircraft_damage,aircraft_fate,type_aircraft,number_engines,type_engines,first_flight,cycles,total_airframe_hours,registration,c_n_msn,operator,nature,flight_number,departure_airport_name,departure_airport_IATA,departure_airport_ICAO,departure_airport_country,destination_airport_name,destination_airport_IATA,destination_airport_ICAO,destination_airport_country,crew_number,passengers_number,crew_fatalities,passengers_fatalities,collision_casualties,ground_casualties,status
19830608-0,Wednesday,08-JUN-1983,-,A1, Unknown (UNK),"Siddipet, Bussapur Medak",India,-,3, Damaged beyond repair,-,de Havilland Canada DHC-4A Caribou,-,-,-,-,-, M-933, 266,Indian AF,Military,-,-,-,-,-,-,-,-,-,-,-,3,0,-,-,-
19830608-1,Wednesday,08-JUN-1983,-,A1, Landing (LDG),Trinidad Airport (TDD),Bolivia,-,5, Damaged beyond repair,-,Douglas VC-54Q (DC-4),-,-,1945,-,-, CP-1404, 10576,Frigorifico Reyes,Domestic Non Scheduled Passenger,-,La Paz-El Alto Airport,LPB,SLLP,Bolivia,-,-,-,-,-,-,3,2,-,-,-
19830608-2,Wednesday,08-JUN-1983,13:55,A2, En route (ENR),"near Cold Bay Airport, AK (CDB)",United States of America,15,0, Substantial, Repaired,Lockheed L-188C Electra,4,Allison 501-D13,1959,-,32994.0, N1968R, 2007,Reeve Aleutian Airways,Domestic Scheduled Passenger,8,Cold Bay Airport,CDB,PACD,United States of America,Seattle/Tacoma International Airport,SEA,KSEA,United States of America,5,10,0,0,-,-,Final
19830609-0,Thursday,09-JUN-1983,08:15,A1, Approach (APR),near Puerto Maldonado,Peru,-,8, Damaged beyond repair,-,Lockheed L-100-20 Hercules,4,Allison 501-D22A,1976,-,-, FAP-383, 4708,Peruvian AF,Military,-,Lima-Callao International Airport,LIM,SPIM,Peru,Puerto Maldonado Airport,PEM,SPTU,Peru,-,-,-,-,-,1,-
19830611-0,Saturday,11-JUN-1983,17:33,A2, Landing (LDG),"Chicago-O'Hare International Airport, IL (ORD)",United States of America,142,0, Substantial, Repaired,Boeing 727-222A,-,-,1978,-,14777.0, N7273U, 21420/1377,United Airlines,Domestic Scheduled Passenger,-,Chicago-O'Hare International Airport,ORD,KORD,United States of America,Tampa International Airport,TPA,KTPA,United States of America,7,135,0,0,-,-,Final
19830614-0,Tuesday,14-JUN-1983,-,H2, En route (ENR),Havana-José Martí International Airport (HAV),Cuba,95,0, None,-,Airbus A300B4,-,-,-,-,-, registration unknown,-,Eastern Air Lines,Domestic Scheduled Passenger,EA414,Miami International Airport,MIA,KMIA,United States of America,New York-La Guardia Airport,LGA,KLGA,United States of America,-,-,0,0,-,-,-
19830615-0,Wednesday,15-JUN-1983,-,A1, Unknown (UNK),near Kharkov,Ukraine,-,-, Damaged beyond repair,-,Antonov An-8,-,-,1959,4971.0,6803.0, CCCP-69336, 9340310,MOM/Kirov,Unknown,-,-,-,-,-,-,-,-,-,-,-,-,-,-,-,-
19830616-0,Thursday,16-JUN-1983,04:00,A1, En route (ENR),"Kauai, HI",United States of America,14,14, Damaged beyond repair,-,Lockheed P-3B Orion,-,-,1965,-,-, 152720, 185-5160,US Navy,Military,-,-,-,-,-,-,-,-,-,14,0,14,0,-,-,-
19830617-0,Friday,17-JUN-1983,-,A1, En route (ENR),"near Gali, Abkhazia",Georgia,-,0, Damaged beyond repair,-,Tupolev Tu-134A,-,-,1970,11029.0,17870.0, CCCP-65657, 0351103,Aeroflot / Armenia,Unknown,-,Lviv-Snilow Airport,LWO,UKLL,Ukraine,Yerevan Airport,EVN,UDYZ,Armenia,-,-,0,0,-,-,-
19830621-1,Tuesday,21-JUN-1983,-,A1, Unknown (UNK),5 km (3.1 mls) from  Bamako,Mali,7,7, Damaged beyond repair,-,de Havilland Canada DHC-6 Twin Otter 300,2,Pratt & Whitney Canada PT6A-27,1973,-,-, TZ-ACH, 394,Air Mali,Domestic Scheduled Passenger,-,-,-,-,-,-,-,-,-,2,5,2,5,-,-,-
19830622-0,Wednesday,22-JUN-1983,08:58,A1, Approach (APR),"Toronto International Airport, ON (YYZ)",Canada,2,2, Damaged beyond repair,-,Douglas C-47A-10-DK Dakota 3,2,Wright R-1820-92,1944,-,-, C-GUBT, 12424,Skycraft Air Transport,Cargo, 505,Cleveland-Hopkins International Airport,CLE,KCLE,United States of America,Toronto International Airport,YYZ,CYYZ,Canada,2,0,2,0,-,-,Final
19830622-1,Wednesday,22-JUN-1983,-,H2, En route (ENR),Larnaca Airport (LCA),Cyprus,-,0, None,-,Boeing 707-300,-,-,-,-,-, registration unknown,-,Libyan Arab Airlines,International Scheduled Passenger,-,Athens-Ellinikon International Airport,ATH,LGAT,Greece,Tripoli International Airport,TIP,HLLT,Libya,-,-,0,0,-,-,-
19830623-0,Thursday,23-JUN-1983,01:57,A1, Approach (APR),"Millhaven, GA",United States of America,2,2, Destroyed, Written off (damaged beyond repair),Lockheed 18 Learstar I,2,Wright R-1820-76D,1943,-,-, N333FB, 18-2467,Falcon Leasing Corp.,Illegal Flight,-,-,-,-,-,-,-,-,-,1,1,1,1,-,-,Final
19830624-0,Friday,24-JUN-1983,-,H2, En route (ENR),Mérida-Rejon Airport (MID),Mexico,-,0, None,-,McDonnell Douglas DC-9-32,-,-,-,-,-, XA-JEB, 47394/458,Aeroméxico,Domestic Scheduled Passenger,-,Mexico City-Benito Juárez International Airport,MEX,MMMX,Mexico,Mérida-Rejon Airport,MID,MMMD,Mexico,-,-,0,0,-,-,-
19830624-1,Friday,24-JUN-1983,19:20,A1, En route (ENR),"near Fairbanks-Metro Field, AK (MTX)",United States of America,18,0, Substantial, Written off (damaged beyond repair),Douglas C-47A-90-DL (DC-3),-,-,1944,-,-, N95460, 20190,Air North,Domestic Scheduled Passenger,-,Fort Yukon Airport,FYU,PFYU,United States of America,-,-,-,-,3,15,0,0,-,-,Final
19830625-0,Saturday,25-JUN-1983,-,A1, Landing (LDG),Ulan Bator-Buyant Uhaa Airport (ULN),Mongolia,-,-, Damaged beyond repair,-,Antonov An-24RV,2,Ivchenko AI-24VT,1973,-,-, BNMAU-8401, 37308401,MIAT,Unknown,-,-,-,-,-,Ulan Bator-Buyant Uhaa Airport,ULN,ZMUB,Mongolia,-,-,-,-,-,-,-
19830628-0,Tuesday,28-JUN-1983,12:10,A1, Maneuvering (MNV),"160 km (100 mls) NW of Las Vegas-Nellis AFB, NV (LSV)",United States of America,6,6, Damaged beyond repair,-,Lockheed C-130H Hercules,-,-,1976,-,-, 74-2068, 4694,USAF,Military,-,Las Vegas-Nellis AFB,LSV,KLSV,United States of America,-,-,-,-,5,1,5,1,-,-,-
19830629-0,Wednesday,29-JUN-1983,-,A1, Landing (LDG),Managua-Augusto C. Sandino Airport (MGA),Nicaragua,-,0, Damaged beyond repair,-,CASA C-212 Aviocar 200,-,-,1983,-,-, YN-BYZ, 298,Aeronica,Unknown,-,-,-,-,-,Managua-Augusto C. Sandino Airport,MGA,MNMG,Nicaragua,-,-,0,0,-,-,-
19830629-1,Wednesday,29-JUN-1983,02:10,A1, Approach (APR),"6 km (3.8 mls) from  Kahului, HI",United States of America,3,0, Substantial, Written off (damaged beyond repair),Douglas C-54G-10-DO (DC-4),4,Pratt & Whitney R-2800,1945,-,55517.0, N300JT, 36072,Pacific Air Express,Cargo,-,Hilo International Airport,ITO,PHTO,United States of America,Kahului Airport,OGG,PHOG,United States of America,3,0,0,0,-,-,Final
19830629-2,Wednesday,29-JUN-1983,-,A1, Unknown (UNK),Kazarman,Kyrgyzstan,-,0, Damaged beyond repair,-,Yakovlev Yak-40,3,Ivchenko AI-25,1972,-,-, CCCP-87808, 9231823,Aeroflot / Kyrgyzstan,Unknown,-,-,-,-,-,-,-,-,-,-,-,0,0,-,-,-
19830629-3,Wednesday,29-JUN-1983,14:47,A1, Takeoff (TOF),"Houston-Hobby Airport, TX (HOU)",United States of America,2,0, Destroyed, Written off (damaged beyond repair),Hawker Siddeley HS-125-1A-522,2,Rolls-Royce Viper 522,1966,-,5283.0, N125E, 25110,Erasmus Inc,Training,-,Houston-William P. Hobby Airport,HOU,KHOU,United States of America,Beaumont-Jefferson County Airport,BPT,KBPT,United States of America,2,0,0,0,2,-,Final
19830701-0,Friday,01-JUL-1983,-,A1, En route (ENR),near Labé,Guinea,23,23, Damaged beyond repair,-,Ilyushin Il-62M,4,Soloviev D-30KU,1981,-,-, 889, 2139.1.,Chosonminhang,Int'l Non Scheduled Passenger,-,Cairo International Airport,CAI,HECA,Egypt,Conakry Airport,CKY,DGCY,Guinea,6,17,6,17,-,-,-
19830701-1,Friday,01-JUL-1983,-,A1, Unknown (UNK),Berry Island,Bahamas,2,2, Damaged beyond repair,-,Douglas C-47 (DC-3),-,-,-,-,-, registration unknown,-,Unknown,Illegal Flight,-,-,-,-,-,-,-,-,-,-,-,-,-,-,-,-
19830702-0,Saturday,02-JUL-1983,-,A1, Takeoff (TOF),Milano-Malpensa Airport (MXP),Italy,89,0, Damaged beyond repair,-,Sud Aviation SE-210 Caravelle III,-,-,1960,-,-, F-BHRS,  54,Altair,Int'l Non Scheduled Passenger,-,Milano-Malpensa Airport,MXP,LIMC,Italy,London-Gatwick Airport,LGW,EGKK,United Kingdom,7,82,0,0,-,-,-
19830702-1,Saturday,02-JUL-1983,-,H2, En route (ENR),Havana-José Martí International Airport (HAV),Cuba,61,0, None,-,Boeing 727,-,-,-,-,-, registration unknown,-,Pan Am,Domestic Scheduled Passenger,PA378,Miami International Airport,MIA,KMIA,United States of America,Orlando International Airport,MCO,KMCO,United States of America,-,-,0,0,-,-,-
19830702-2,Saturday,02-JUL-1983,-,C1, Initial climb (ICL),near Jalalabad Airport (JAA),Afghanistan,5,5, Damaged beyond repair,-,Antonov An-12,-,-,-,-,-, registration unknown,-,Soviet AF,Military,-,Jalalabad Airport,JAA,OAJL,Afghanistan,Kabul Airport,KBL,OAKB,Afghanistan,5,0,5,0,-,-,-
19830704-0,Monday,04-JUL-1983,-,A1, Takeoff (TOF),Kasaba Bay Airport (ZKB),Zambia,46,0, Damaged beyond repair,-,Hawker Siddeley HS-748-263 Srs. 2A,-,-,1971,-,-, 9J-ADM, 1706,Zambia Airways,Scheduled Passenger,-,Kasaba Bay Airport,ZKB,FLKY,Zambia,-,-,-,-,4,42,0,0,-,-,-
19830704-1,Monday,04-JUL-1983,-,A1, En route (ENR),near Mestia,Georgia,-,0, Damaged beyond repair,-,Antonov An-2T,-,-,1958,-,-, CCCP-05667, 15647306,Aeroflot / Georgia,Unknown,-,-,-,-,-,-,-,-,-,-,-,0,0,-,-,-
19830705-0,Tuesday,05-JUL-1983,-,H2, En route (ENR),Leningrad-Pulkovo Airport (LED),Russia,-,1, Unknown,-,Tupolev Tu-134 ?,-,-,-,-,-, registration unknown,-,Aeroflot,Domestic Scheduled Passenger,-,Moskva-Sheremetyevo Airport,SVO,UUEE,Russia,Tallinn-Ülemiste Airport,TLL,EETN,Estonia,-,-,0,1,-,-,-
19830706-0,Wednesday,06-JUL-1983,-,H2, En route (ENR),Paris,France,390,0, None,-,Boeing 747,-,-,-,-,-, registration unknown,-,Iran Air,Domestic Scheduled Passenger,-,Shiraz Airport,SYZ,OISS,Iran,Tehran-Mehrabad Airport,THR,OIII,Iran,-,-,0,0,-,-,-
19830707-0,Thursday,07-JUL-1983,-,H2, En route (ENR),Havana-José Martí International Airport (HAV),Cuba,47,0, None,-,Boeing 737,-,-,-,-,-, registration unknown,-,Air Florida,Domestic Scheduled Passenger,   8,Fort Lauderdale International Airport,FLL,KFLL,United States of America,Tampa International Airport,TPA,KTPA,United States of America,-,-,0,0,-,-,-
19830710-0,Sunday,10-JUL-1983,13:40,A1, Landing (LDG),"Tobin Creek Airstrip, AK",United States of America,2,0, Damaged beyond repair,-,Curtiss C-46A-50-CU Commando,2,Pratt & Whitney R-2800,-,-,14925.0, N92853, 30565,Nenana Fuel Company,Cargo,-,Fairbanks International Airport,FAI,PAFA,United States of America,-,-,-,-,2,0,0,0,-,-,Final
19830711-0,Monday,11-JUL-1983,07:40,A1, Approach (APR),"1,5 km (0.9 mls) from  Cuenca",Ecuador,119,119, Destroyed, Written off (damaged beyond repair),Boeing 737-2V2,2,Pratt & Whitney JT8D-17,1981,-,-, HC-BIG, 22607/775,TAME Ecuador,Domestic Scheduled Passenger,-,Quito-Mariscal Sucre Airport,UIO,SEQU,Ecuador,Cuenca Airport,CUE,SECU,Ecuador,8,111,8,111,-,-,-
19830712-0,Tuesday,12-JUL-1983,-,A1, Unknown (UNK),near Mount Hagen,Papua New Guinea,-,-, Damaged beyond repair,-,Britten-Norman BN-2A Islander,-,-,1970,-,-, P2-FHP, 168,Cloudlands Aviation Dev.,Unknown,-,-,-,-,-,-,-,-,-,-,-,-,-,-,-,-
19830715-0,Friday,15-JUL-1983,21:08,A1, Landing (LDG),"Bristol, VA/Johnson City/Kingsport-Tri-Cities Regional, TN (TRI)",United States of America,2,0, Destroyed, Written off (damaged beyond repair),Grumman G-159 Gulfstream I,2,Rolls-Royce Dart 529-8E,1961,-,14759.0, N68TG,  68,Orion Air,Cargo,-,Knoxville-McGhee Tyson Airport,TYS,KTYS,United States of America,Bristol,TRI,KTRI,United States of America,2,0,0,0,-,-,Final
19830717-0,Sunday,17-JUL-1983,-,H2, En route (ENR),Havana-José Martí International Airport (HAV),Cuba,107,0, None,-,Boeing 727,-,-,-,-,-, registration unknown,-,Delta Air Lines,Domestic Scheduled Passenger,DL722,Miami International Airport,MIA,KMIA,United States of America,Tampa International Airport,TPA,KTPA,United States of America,-,-,0,0,-,-,-
19830719-0,Tuesday,19-JUL-1983,-,A1, Landing (LDG),Khartoum,Sudan,27,0, Damaged beyond repair,-,Douglas C-47A-35-DL (DC-3),2,Pratt & Whitney R-1830-92,1943,-,-, N480F, 9719,Chevron Oil,Non Scheduled Passenger,-,Khartoum-Civil Airport,KRT,HSSS,Sudan,-,-,-,-,3,24,0,0,-,-,-
19830719-1,Tuesday,19-JUL-1983,-,H2, En route (ENR),Havana-José Martí International Airport (HAV),Cuba,232,0, None,-,Lockheed L-1011 TriStar,-,-,-,-,-, registration unknown,-,Eastern Air Lines,Domestic Scheduled Passenger,EA1,New York-John F. Kennedy International Airport,JFK,KJFK,United States of America,Miami International Airport,MIA,KMIA,United States of America,-,-,0,0,-,-,-
19830720-0,Wednesday,20-JUL-1983,-,A1, Unknown (UNK),Kharkov Region,Ukraine,-,0, Damaged beyond repair,-,Antonov An-2R,-,-,1973,-,-, CCCP-70520, 1G144-56,Aeroflot / Ukraine,Unknown,-,-,-,-,-,-,-,-,-,-,-,0,0,-,-,-
19830721-0,Thursday,21-JUL-1983,-,O1, Standing (STD),"Brownwood Airport, TX (BWD)",United States of America,0,0, Damaged beyond repair,-,Britten-Norman BN-2A Trislander Mk.III-2,3,Lycoming O-540-E4C5,1975,-,-, N29929, 1013,Cen-Tex Airlines,-,-,-,-,-,-,-,-,-,-,0,0,0,0,-,-,-
19830721-1,Thursday,21-JUL-1983,-,H2, En route (ENR),"Miami International Airport, FL (MIA)",United States of America,97,0, None,-,Boeing 727,-,-,-,-,-, registration unknown,-,Northwest Orient Airlines,Domestic Scheduled Passenger, 714,Tampa International Airport,TPA,KTPA,United States of America,Miami International Airport,MIA,KMIA,United States of America,-,-,0,0,-,-,-
19830721-2,Thursday,21-JUL-1983,-,O1, Standing (STD),"Brownwood Airport, TX (BWD)",United States of America,0,0, Damaged beyond repair,-,Britten-Norman BN-2A-9R Islander,-,-,1973,-,-, N2718W, 331,Eagle Airlines,-,-,-,-,-,-,-,-,-,-,0,0,0,0,-,-,-
19830722-0,Friday,22-JUL-1983,-,A1, Landing (LDG),Lagos-Murtala Muhammed International Airport (LOS),Nigeria,3,0, Damaged beyond repair,-,Learjet 25D,-,-,-,-,-, 5N-ASQ, 25-344,Imani & Sons,Unknown,-,-,-,-,-,Lagos-Murtala Muhammed International Airport,LOS,DNMM,Nigeria,2,1,0,0,-,-,-
19830723-0,Saturday,23-JUL-1983,08:40,A2, En route (ENR),"Gimli Airport, MB (YGM)",Canada,69,0, Substantial, Repaired,Boeing 767-233,2,Pratt & Whitney JT9D-7R4D,1983,-,-, C-GAUN, 22520/47,Air Canada,Domestic Scheduled Passenger, 143,Ottawa International Airport,YOW,CYOW,Canada,Edmonton International Airport,YEG,CYEG,Canada,8,61,0,0,-,-,Final
19830731-0,Sunday,31-JUL-1983,-,A2, Landing (LDG),"Shemya AFB, AK (SYA)",United States of America,-,0, Substantial, Repaired,Lockheed C-5A Galaxy,-,-,-,-,-, 70-0446, 500-0060,USAF,Military,-,-,-,-,-,Shemya AFB,SYA,PASY,United States of America,-,-,0,0,-,-,-
19830799-0,-,xx-JUL-1983,-,O1, Unknown (UNK),"Missoula Airport, MT (MSO)",United States of America,-,-, Damaged beyond repair,-,Douglas DC-3C,-,-,1944,-,-, N91378, 12296,Confederate Air Force,Unknown,-,-,-,-,-,-,-,-,-,-,-,-,-,-,-,-
19830802-0,Tuesday,02-AUG-1983,-,H2, En route (ENR),"Houston-Intercontinental Airport, TX (IAH)",United States of America,130,0, None,-,Boeing 727,-,-,-,-,-, registration unknown,-,Pan Am,Domestic Scheduled Passenger,PA925,Miami International Airport,MIA,KMIA,United States of America,Houston-Intercontinental Airport,IAH,KIAH,United States of America,-,-,0,0,-,-,-
19830804-0,Thursday,04-AUG-1983,04:38,A1, Landing (LDG),Karachi International Airport (KHI),Pakistan,243,0, Substantial, Written off (damaged beyond repair),Boeing 747-121,4,Pratt & Whitney JT9D-7A,1970,-,53324.0, N738PA, 19645/14,Pan Am,International Scheduled Passenger,-,Delhi-Indira Gandhi International Airport,DEL,VIDP,India,Karachi International Airport,KHI,OPKC,Pakistan,16,227,0,0,-,-,Final
19830804-1,Thursday,04-AUG-1983,-,A1, Approach (APR),"Launceston Airport, TAS (LST)",Australia,7,0, Damaged beyond repair,-,de Havilland DH-114 Riley Heron 2D,-,-,1957,-,-, VH-CLY, 14122,Airlines of Tasmania,Domestic Scheduled Passenger,-,-,-,-,-,Launceston Airport,LST,YMLT,Australia,2,5,0,0,-,-,-
19830804-2,Thursday,04-AUG-1983,-,A1, Unknown (UNK),Marseille,France,2,2, Damaged beyond repair,-,Canadair CL-215-1A10,2,Pratt & Whitney R-2800-83AM,1967,-,-, F-ZBBR, 1001,Securité Civile,Unknown,-,-,-,-,-,-,-,-,-,2,0,2,0,-,-,-
19830804-3,Thursday,04-AUG-1983,-,H2, En route (ENR),Havana-José Martí International Airport (HAV),Cuba,264,0, None,-,McDonnell Douglas DC-8-63CF,-,-,-,-,-, registration unknown,-,Capitol Airways,Domestic Scheduled Passenger, 236,San Juan-Isla Verde International Airport,SJU,TJSJ,Puerto Rico,Miami International Airport,MIA,KMIA,United States of America,-,-,0,0,-,-,-
19830805-0,Friday,05-AUG-1983,-,A1, En route (ENR),between Ambon and Bula,Indonesia,2,2, Damaged beyond repair,-,IRMA/Britten-Norman BN-2A-21 Islander,-,-,1975,-,-, PK-KNF, 745,Bali Int. Air Service,Cargo,-,Ambon-Pattimura Airport,AMQ,WAPP,Indonesia,-,-,-,-,2,0,2,0,-,-,-
19830805-1,Friday,05-AUG-1983,-,A1, Unknown (UNK),near Koslan,Russia,-,-, Damaged beyond repair,-,Antonov An-2TP,-,-,1963,-,-, CCCP-91768, 1G38-15,Aeroflot / Komi,Unknown,-,-,-,-,-,-,-,-,-,-,-,-,-,-,-,-
19830807-1,Sunday,07-AUG-1983,-,A1, Landing (LDG),Pasto-Cano Airport (PSO),Colombia,21,0, Damaged beyond repair,-,Hawker Siddeley HS-748-260 Srs. 2A,-,-,1971,-,-, FAC-1104, 1705,SATENA,Scheduled Passenger,-,-,-,-,-,Pasto-Cano Airport,PSO,SKPS,Colombia,5,16,0,0,-,-,-
19830809-0,Tuesday,09-AUG-1983,-,A1, Takeoff (TOF),SW of Ubon Ratchathani-Muang Ubon Airport (UBP),Thailand,-,5, Damaged beyond repair,-,Douglas AC-47,-,-,1944,-,-, L2-30/07, 26902/15457,Thai AF,Military,-,Ubon Ratchathani-Muang Ubon Airport,UBP,VTUU,Thailand,-,-,-,-,-,-,-,-,-,4,Preliminary
19830812-0,Friday,12-AUG-1983,-,A1, Unknown (UNK),Odessa Region,Ukraine,-,0, Damaged beyond repair,-,Antonov An-2R,-,-,1974,-,-, CCCP-07697, 1G158-17,Aeroflot / Ukraine,Unknown,-,-,-,-,-,-,-,-,-,-,-,0,0,-,-,-
19830817-0,Wednesday,17-AUG-1983,07:24,A2, Initial climb (ICL),"1,6 km (1 mls) S of Wilmington-Greater Wilmington Airport, DE (ILG)",United States of America,2,0, Substantial, Repaired,Learjet 25B,-,-,1975,-,4758.0, N108PA, 25-195,Northeast Jet,Unknown,-,Wilmington-Greater Wilmington Airport,ILG,KILG,United States of America,Danville Municipal Airport,DAN,KDAN,United States of America,2,0,0,0,-,-,Final
19830817-1,Wednesday,17-AUG-1983,16:40,A1, Initial climb (ICL),Vieques Airport (VQS),Puerto Rico,11,0, Damaged beyond repair,-,Beechcraft A100 King Air,2,Pratt & Whitney Canada PT6A-28,1972,-,9420.0, N129D, B-134,Padosa Productions,Private,-,Saint Croix-Alexander Hamilton Airport,STX,TISX,U.S. Virgin Islands,San Juan-Isla Verde International Airport,SJU,TJSJ,Puerto Rico,2,9,0,0,-,-,Final
19830818-0,Thursday,18-AUG-1983,-,H2, En route (ENR),Havana-José Martí International Airport (HAV),Cuba,79,0, None,-,Boeing 727,-,-,-,-,-, registration unknown,-,Delta Air Lines,Domestic Scheduled Passenger,DL784,Miami International Airport,MIA,KMIA,United States of America,Tampa International Airport,TPA,KTPA,United States of America,-,-,0,0,-,-,-
19830819-0,Friday,19-AUG-1983,-,O2, Standing (STD),Roma,Italy,12,0, Substantial, Repaired,Boeing 727-294,3,Pratt & Whitney JT8D-17,1976,-,-, YK-AGA, 21203/1188,Syrian Arab Airlines,International Scheduled Passenger,-,-,-,-,-,Damascus International Airport,DAM,OSDI,Syria,6,6,0,0,-,-,-
19830821-0,Sunday,21-AUG-1983,18:32,A1, Maneuvering (MNV),"near Stanwood, WA",United States of America,26,11, Destroyed, Written off (damaged beyond repair),Lockheed 18 Learstar II,2,Wright R-1820-76B,1943,-,-, N116CA, 18-2472,Landry Aviation,Parachuting,-,Arlington Municipal Airport,AWO,KAWO,United States of America,Arlington Municipal Airport,AWO,KAWO,United States of America,2,24,2,9,-,-,Final
19830824-0,Wednesday,24-AUG-1983,18:28,A2, Landing (LDG),Calcutta Airport (CCU),India,30,0, Substantial, Repaired,Fokker F-27 Friendship 100,-,-,1963,-,-, VT-DOK, 10215,Indian Airlines,Domestic Scheduled Passenger,IC212,-,-,-,-,Calcutta Airport,CCU,VECC,India,4,26,0,0,-,-,Final
19830825-0,Thursday,25-AUG-1983,-,A1, Takeoff (TOF),Omsukchan Airport,Russia,-,0, Damaged beyond repair,-,Yakovlev Yak-40K,3,Ivchenko AI-25,1977,-,-, CCCP-87201, 9741256,MAP Arsenyev,Unknown,-,-,-,-,-,-,-,-,-,-,-,0,0,-,-,-
19830826-0,Friday,26-AUG-1983,-,H2, Unknown (UNK),Tel Aviv,Israel,-,0, Unknown,-,Boeing 707-300,-,-,-,-,-, registration unknown,-,MEA,Unknown,-,Benghazi-Benina International Airport,BEN,HLLB,Libya,Beirut International Airport,BEY,OLBA,Lebanon,-,-,0,0,-,-,-
19830827-0,Saturday,27-AUG-1983,-,A1, Approach (APR),50 km (31.3 mls) S of Dundo Airport (DUE),Angola,7,7, Damaged beyond repair,-,Lockheed L-100-30 Hercules,4,Allison 501-D22A,1969,-,-, N17ST, 4333,Transamerica Airlines,Cargo,-,-,-,-,-,-,-,-,-,4,3,4,3,-,-,-
19830827-1,Saturday,27-AUG-1983,20:03,A1, Taxi (TXI),"Hot Springs-Memorial Field, AR (HOT)",United States of America,4,0, Substantial, Written off (damaged beyond repair),Swearingen SA226-TC Metro II,2,Garrett TPE331,1977,-,-, N503SS, TC-229E,Scheduled Skyways,Domestic Scheduled Passenger,-,Hot Springs-Memorial Field,HOT,KHOT,United States of America,Little Rock National Airport,LIT,KLIT,United States of America,2,2,0,0,-,-,Final
19830827-2,Saturday,27-AUG-1983,-,H2, En route (ENR),Tehran-Mehrabad Airport (THR),Iran,111,0, None,-,Boeing 727-228,-,-,-,-,-, registration unknown,-,Air France,International Scheduled Passenger,-,Wien-Schwechat International Airport,VIE,LOWW,Austria,Paris-Charles de Gaulle Airport,CDG,LFPG,France,-,-,0,0,-,-,-
19830828-0,Sunday,28-AUG-1983,21:45,A1, En route (ENR),"3,5 km (2.2 mls) S of Adavale, QLD",Australia,12,12, Destroyed, Written off (damaged beyond repair),Beechcraft 200 Super King Air,2,Pratt & Whitney Canada PT6A-41,1978,-,-, VH-KTE, BB-320,Moore's Air Charter,Domestic Non Scheduled Passenger,-,Windorah Airport,WNR,YWDH,Australia,Toowoomba Airport,TWB,YTWB,Australia,1,11,1,11,-,-,Final
19830830-0,Tuesday,30-AUG-1983,20:17,A1, Approach (APR),36 km (22.5 mls) from  Alma-Ata,Kazakhstan,90,90, Destroyed, Written off (damaged beyond repair),Tupolev Tu-134A,-,-,1978,6515.0,9976.0, CCCP-65129, 60630,Aeroflot / Privolzhsk,Domestic Scheduled Passenger,5463,Chelyabinsk Airport,CEK,USCC,Russia,Alma-Ata Airport,ALA,UAAA,Kazakhstan,7,83,7,83,-,-,-
19830899-1,-,xx-AUG-1983,-,A1, Unknown (UNK),within Mexico,Mexico,-,-, Damaged beyond repair,-,Douglas DC-3A,-,-,1939,-,-, N18143, 2139,Reo Leasing,Illegal Flight,-,-,-,-,-,-,-,-,-,-,-,-,-,-,-,-
19830901-0,Thursday,01-SEP-1983,03:26,C1, En route (ENR),37 km (23.1 mls) W off  Sakhalinsk [Okhotsk Sea],Pacific Ocean,269,269, Destroyed, Written off (damaged beyond repair),Boeing 747-230B,4,Pratt & Whitney JT9D-7A,1972,-,-, HL7442, 20559/186,KAL,International Scheduled Passenger,KE007,Anchorage International Airport,ANC,PANC,United States of America,Seoul-Gimpo (Kimpo) International Airport,SEL,RKSS,South Korea,23,246,23,246,-,-,Final
19830901-1,Thursday,01-SEP-1983,-,H2, En route (ENR),Mérida Airport (MID),Mexico,136,0, None,-,Boeing 727-264,-,-,1973,-,-, XA-DAT, 20787/999,Mexicana,Domestic Scheduled Passenger,-,Cozumel Airport,CZM,MMCZ,Mexico,Mérida-Rejon Airport,MID,MMMD,Mexico,-,-,0,0,-,-,-
19830902-0,Friday,02-SEP-1983,-,A1, En route (ENR),"near Smithers, BC",Canada,7,7, Missing, Presumed damaged beyond repair,Britten-Norman BN-2A-21 Islander,-,-,1971,-,-, C-GIPF, 274,Central Mountain Air Services,Domestic Scheduled Passenger,-,Campbell River Airport,YBL,CYBL,Canada,Smithers Airport,YYD,CYYD,Canada,1,6,1,6,-,-,-
19830904-0,Sunday,04-SEP-1983,-,A1, Landing (LDG),Tours-St Symphorien Airport (TUF),France,-,0, Damaged beyond repair,-,Beechcraft 99 Airliner,2,Pratt & Whitney Canada PT6A-20,1969,-,-, F-BUYG, U- 63,TAT,Domestic Scheduled Passenger,-,-,-,-,-,Tours-St Symphorien Airport,TUF,LFOT,France,-,-,0,0,-,-,-
19830914-0,Wednesday,14-SEP-1983,09:34,A1, Taxi (TXI),Guilin Airport (KWL),China,106,11, Damaged beyond repair,-,Hawker Siddeley HS-121 Trident 2E,3,Rolls-Royce Spey 512,1975,-,-, B-264, 2169,CAAC,Domestic Scheduled Passenger,-,Guilin-Qifengling Airport,KWL,ZGKL,China,Beijing-Capital International Airport,PEK,ZBAA,China,6,100,0,11,-,-,-
19830916-0,Friday,16-SEP-1983,-,C1, Landing (LDG),Bagram Air Base (BPM),Afghanistan,-,-, Damaged beyond repair,-,Antonov An-12,-,-,-,-,-, registration unknown,-,Soviet AF,Military,-,-,-,-,-,Bagram Air Base,BPM,OAIX,Afghanistan,-,-,-,-,-,-,-
19830922-0,Thursday,22-SEP-1983,-,H2, En route (ENR),Havana-José Martí International Airport (HAV),Cuba,112,0, None,-,Boeing 727,-,-,-,-,-, registration unknown,-,American Airlines,International Scheduled Passenger,AA625,New York-John F. Kennedy International Airport,JFK,KJFK,United States of America,Saint Thomas Airport,STT,TIST,U.S. Virgin Islands,7,105,0,0,-,-,-
19830923-0,Friday,23-SEP-1983,15:30,C1, Approach (APR),Mino Jebel Ali,United Arab Emirates,112,112, Destroyed, Written off (damaged beyond repair),Boeing 737-2P6,2,Pratt & Whitney JT8D-15,1979,-,-, A4O-BK, 21734/566,Gulf Air,International Scheduled Passenger, 771,Karachi International Airport,KHI,OPKC,Pakistan,Abu Dhabi International Airport,AUH,OMAA,United Arab Emirates,5,107,5,107,-,-,-
19830923-1,Friday,23-SEP-1983,-,A1, Landing (LDG),"Las Bolsas, SA",Argentina,7,0, Substantial, Written off (damaged beyond repair),FMA IA 50 Guaraní II,-,-,1972,-,-, LV-LAD, 25,Dirección Provincial de Aeronáutica de Salta,Unknown,-,-,-,-,-,-,-,-,-,3,4,0,0,-,-,-
19830925-0,Sunday,25-SEP-1983,-,C1, Standing (STD),Accra-Kotoka Airport (ACC),Ghana,4,0, Destroyed, Written off (damaged beyond repair),Boeing 707-336C,4,Pratt & Whitney JT3D-3B,1965,-,-, 5N-ARO, 18924/448,RN Cargo,Cargo,-,Lagos-Murtala Muhammed International Airport,LOS,DNMM,Nigeria,Accra-Kotoka Airport,ACC,DGAA,Ghana,4,0,0,0,-,-,-
19830928-0,Wednesday,28-SEP-1983,-,A1, Approach (APR),off Lanyu Island,Taiwan,10,10, Damaged beyond repair,-,Britten-Norman BN-2A-26 Islander,-,-,1976,-,-, B-11109, 518,Taiwan Airlines,Domestic Scheduled Passenger,-,Taitung Airport,TTT,RCFN,Taiwan,Orchid Island Airport,KYD,RCLY,Taiwan,1,9,1,9,-,-,-
19830929-0,Thursday,29-SEP-1983,-,A1, Maneuvering (MNV),"Montreal-Dorval International Airport, QC (YUL)",Canada,2,0, Damaged beyond repair,-,Canadair CL-215-1A10,2,Pratt & Whitney R-2800-83AM,1983,-,-, C-GKEE, 1078,Canadair,Demonstration,-,Montreal-Dorval International Airport,YUL,CYUL,Canada,Montreal-Dorval International Airport,YUL,CYUL,Canada,2,0,0,0,-,-,-
19831001-1,Saturday,01-OCT-1983,05:30,O1, Standing (STD),Keflavík International Airport (KEF),Iceland,0,0, Damaged beyond repair,-,Douglas C-118A (DC-6),-,-,1955,-,-, 533257, 44628/564,US Navy,Military,-,-,-,-,-,-,-,-,-,0,0,0,0,-,-,-
19831003-0,Monday,03-OCT-1983,09:00,C1, Maneuvering (MNV),"near Rio Blanco, Matagalpa",Nicaragua,3,1, Damaged beyond repair,-,Douglas C-47 (DC-3),-,-,-,-,-, registration unknown,-,Unknown,Military,-,-,-,-,-,-,-,-,-,3,0,1,0,-,-,-
19831005-0,Wednesday,05-OCT-1983,-,A1, Landing (LDG),San Andrés Island Airport (ADZ),Colombia,-,0, Damaged beyond repair,-,Boeing 727-21,3,Pratt & Whitney JT8D-7,1966,-,-, HK-1804, 19037/284,SAM Colombia,Unknown,-,-,-,-,-,San Andrés Island Airport,ADZ,SKSP,Colombia,-,-,0,0,-,-,-
19831005-1,Wednesday,05-OCT-1983,-,A1, Unknown (UNK),Karolewo,Poland,-,-, Damaged beyond repair,-,Antonov An-2R,-,-,-,-,-, SP-WWK, 1G177-01,ZUA,Unknown,-,-,-,-,-,-,-,-,-,-,-,-,-,-,-,-
19831007-0,Friday,07-OCT-1983,-,A1, Approach (APR),"Araçatuba Airport, SP (ARU)",Brazil,15,7, Damaged beyond repair,-,Embraer EMB-110C Bandeirante,-,-,1974,-,-, PP-SBH, 110026,TAM,Domestic Scheduled Passenger,-,Campo Grande Internacional Airport,CGR,SBCG,Brazil,Araçatuba Airport,ARU,SBAU,Brazil,2,13,2,5,-,-,-
19831008-0,Saturday,08-OCT-1983,-,A1, Initial climb (ICL),near Lonkin,Myanmar,14,9, Damaged beyond repair,-,de Havilland Canada DHC-6 Twin Otter 300,2,Pratt & Whitney Canada PT6A-27,1976,-,-, XY-AEE, 512,Burma Airways,Domestic Scheduled Passenger,-,-,-,-,-,Myitkyina Airport,MYT,VYMK,Myanmar,3,11,3,6,-,-,-
19831008-1,Saturday,08-OCT-1983,-,A1, Takeoff (TOF),"Monterrubio village, Santa Marta",Colombia,7,7, Damaged beyond repair,-,Douglas DC-6,-,-,-,-,-, registration unknown,-,private,Illegal Flight,-,-,-,-,-,-,-,-,-,7,0,7,0,-,-,-
19831009-0,Sunday,09-OCT-1983,-,A1, Landing (LDG),Orchid Island Airport (KYD),Taiwan,12,0, Damaged beyond repair,-,Pilatus Britten-Norman BN-2A-8 Islander,-,-,1974,-,-, B-12202, 380,Yung Shing Airlines,Passenger,-,Taitung Airport,TTT,RCFN,Taiwan,Orchid Island Airport,KYD,RCLY,Taiwan,-,-,0,0,-,-,-
19831011-0,Tuesday,11-OCT-1983,08:05,A2, Takeoff (TOF),Frankfurt International Airport (FRA),Germany,6,0, Substantial, Repaired,Boeing 747-249F,-,-,1979,-,-, N806FT, 21827/406,Flying Tiger Line,Cargo,9014,Frankfurt International Airport,FRA,EDDF,Germany,Amsterdam-Schiphol International Airport,AMS,EHAM,Netherlands,3,3,0,0,-,-,Final
19831011-1,Tuesday,11-OCT-1983,20:53,A1, Approach (APR),"11 km (6.9 mls) NE of Pinckneyville, IL",United States of America,10,10, Destroyed, Written off (damaged beyond repair),Hawker Siddeley HS-748-FAA Srs. 2A,2,Rolls-Royce Dart 535-2,1972,32350.0,21182.0, N748LL, 1716,Air Illinois,Domestic Scheduled Passenger, 710,Springfield-Capital Airport,SPI,KSPI,United States of America,Carbondale-Southern Illinois Airport,MDH,KMDH,United States of America,3,7,3,7,-,-,Final
19831011-2,Tuesday,11-OCT-1983,-,A1, Initial climb (ICL),"near Santa Isabel-Córdoba-Escuela De Aviacion Militar Airport, CD",Argentina,12,12, Damaged beyond repair,-,FMA IA 50 Guaraní II,-,-,-,-,-, T-125, 16,Argentine AF,Military,-,-,-,-,-,-,-,-,-,-,-,-,-,-,-,-
19831013-0,Thursday,13-OCT-1983,-,O1, Standing (STD),Perpignan Airport (PGF),France,0,0, Damaged beyond repair,-,Boeing 707-436,4,Rolls-Royce Conway 508,1962,-,-, N4465D, 18411/266,Coastal Airways,-,-,-,-,-,-,-,-,-,-,0,0,0,0,-,-,-
19831015-0,Saturday,15-OCT-1983,-,H2, En route (ENR),"Atlantic City International Airport, NJ (ACY)",United States of America,107,0, None,-,Boeing 737,-,-,-,-,-, registration unknown,-,People Express,Domestic Scheduled Passenger, 104,Buffalo Airport,BUF,KBUF,United States of America,Newark International Airport,EWR,KEWR,United States of America,-,-,0,0,-,-,-
19831018-0,Tuesday,18-OCT-1983,21:07,A2, Takeoff (TOF),Hong Kong-Kai Tak International Airport (HKG),Hong Kong,3,0, Substantial, Repaired,Boeing 747-230F,4,General Electric CF6-50E2,1981,1659.0,10223.0, D-ABYU, 22668/538,Lufthansa,Cargo,-,Hong Kong-Kai Tak International Airport,HKG,VHHH,Hong Kong,Dubai Airport,DXB,OMDB,United Arab Emirates,3,0,0,0,-,-,Final
19831019-2,Wednesday,19-OCT-1983,-,A1, Landing (LDG),Kansk Air Base,Russia,-,0, Damaged beyond repair,-,Let L-410UVP,-,-,1982,-,-, CCCP-67315, 820815,Aeroflot / Krasnoyarsk,Unknown,-,-,-,-,-,-,-,-,-,-,-,0,0,-,-,-
19831025-0,Tuesday,25-OCT-1983,09:09,A2, Landing (LDG),"Norfolk NAS Chambers, VA (NGU)",United States of America,5,0, Substantial, Repaired,McDonnell Douglas DC-8-63CF,4,Pratt & Whitney JT3D-7,1970,-,46317.0, N797FT, 46140/528,Flying Tiger Line,Ferry/positioning,2468,New York-John F. Kennedy International Airport,JFK,KJFK,United States of America,Norfolk NAS Chambers,NGU,KNGU,United States of America,3,2,0,0,-,-,Final
19831025-1,Tuesday,25-OCT-1983,-,O1, Standing (STD),Pearls Airport,Grenada,0,0, Damaged beyond repair,-,Antonov An-26,-,-,-,-,-, CU-T1254, 17311304,Cuban AF,Military,-,-,-,-,-,-,-,-,-,0,0,0,0,-,-,-
19831026-0,Wednesday,26-OCT-1983,-,U1, Unknown (UNK),at an unknown location,Cameroon,-,-, Damaged beyond repair,-,de Havilland Canada DHC-5D Buffalo,-,-,1982,-,-, TJX-BS, 121,Cameroon AF,Military,-,-,-,-,-,-,-,-,-,-,-,-,-,-,-,-
19831028-1,Friday,28-OCT-1983,13:35,O2, En route (ENR),"Middletown, PA",United States of America,30,1, None,-,Shorts 330-200,-,-,-,-,3005.0, N26288, SH.3074,Pennsylvania Airlines,Domestic Scheduled Passenger,-,Harrisburg International Airport,MDT,KMDT,United States of America,-,-,-,-,3,27,0,1,-,-,Final
19831028-2,Friday,28-OCT-1983,-,A1, Landing (LDG),9 km (5.6 mls) E of La Paz-El Alto Airport (LPB),Bolivia,5,0, Damaged beyond repair,-,Curtiss C-46R Commando,-,-,1942,-,-, CP-916, 30394,Transportes Aéreos Bolivar,Cargo,-,-,-,-,-,La Paz-El Alto Airport,LPB,SLLP,Bolivia,3,2,0,0,-,-,-
19831031-0,Monday,31-OCT-1983,20:30,A1, Takeoff (TOF),"Laredo International Airport, TX (LRD)",United States of America,2,0, Destroyed, Written off (damaged beyond repair),Douglas DC-3C,2,Pratt & Whitney R-1830-92,1943,-,40694.0, N44896, 9665,FBN Flying Service,Cargo,-,Laredo International Airport,LRD,KLRD,United States of America,McAllen-Miller International Airport,MFE,KMFE,United States of America,2,0,0,0,-,-,Final
19831104-0,Friday,04-NOV-1983,-,A1, Unknown (UNK),"Alto Pencoso, San Luis, SL",Argentina,-,2, Damaged beyond repair,-,Morane Saulnier (FMA) MS.760A Paris IA,-,-,1962,-,-, E-237, A-25,Argentine AF,Military,-,-,-,-,-,-,-,-,-,-,-,-,-,-,-,-
19831108-0,Tuesday,08-NOV-1983,15:20,C1, Initial climb (ICL),1 km (0.6 mls) from  Lubango Airport (SDD),Angola,130,130, Destroyed, Written off (damaged beyond repair),Boeing 737-2M2,2,Pratt & Whitney JT8D-17,1982,-,-, D2-TBN, 22775/869,TAAG,Domestic Scheduled Passenger,-,Lubango Airport,SDD,FNUB,Angola,Luanda-4 de Fevereiro Airport,LAD,FNLU,Angola,4,126,4,126,-,-,-
19831110-0,Thursday,10-NOV-1983,-,A1, Unknown (UNK),near San Borja,Bolivia,3,0, Damaged beyond repair,-,Curtiss C-46D-10-CU Commando,-,-,1944,-,-, CP-1077, 32968,Trans Aereos Skorpio,Unknown,-,-,-,-,-,-,-,-,-,3,0,0,0,-,-,-
19831111-0,Friday,11-NOV-1983,19:26,A2, En route (ENR),"near Miami International Airport, FL (MIA)",United States of America,159,0, Substantial, Repaired,Boeing 727-225,3,Pratt & Whitney JT8D-15,1981,-,-, N812EA, 22549/1737,Eastern Air Lines,Domestic Scheduled Passenger,EA836,Miami International Airport,MIA,KMIA,United States of America,Denver-Stapleton International Airport,DEN,KDEN,United States of America,7,152,0,0,-,-,Final
19831111-1,Friday,11-NOV-1983,-,A1, En route (ENR),near Burevestnik,Russia,30,30, Damaged beyond repair,-,Antonov An-12,-,-,-,-,-, registration unknown,-,Soviet AF,Military,-,Petrel-Burevestnik Airport,BVV,UHSB,Russia,-,-,-,-,-,-,-,-,-,-,-
19831117-0,Thursday,17-NOV-1983,-,A1, Landing (LDG),Barranquilla,Colombia,4,0, Damaged beyond repair,-,Douglas C-47 (DC-3),-,-,-,-,-, N....,-,Unknown,Illegal Flight,-,-,-,-,-,-,-,-,-,-,-,0,0,-,-,-
19831118-0,Friday,18-NOV-1983,-,H1, En route (ENR),Tbilisi Airport (TBS),Georgia,-,8, Damaged beyond repair,-,Tupolev Tu-134A,-,-,1973,10506.0,13273.0, CCCP-65807, 3352108,Aeroflot / Georgia,Domestic Scheduled Passenger,-,Tbilisi-Novo Alexeyevka Airport,TBS,UGGG,Georgia,Leningrad-Pulkovo Airport,LED,ULLI,Russia,-,-,3,5,-,-,-
19831121-0,Monday,21-NOV-1983,-,H2, En route (ENR),"Chicago, IL",United States of America,41,0, None,-,McDonnell Douglas DC-9,-,-,-,-,-, registration unknown,-,Republic Airlines,Domestic Scheduled Passenger, 275,Detroit-Metropolitan Wayne County Airport,DTW,KDTW,United States of America,-,-,-,-,5,36,0,0,-,-,-
19831121-1,Monday,21-NOV-1983,-,A1, Approach (APR),"0,5 km (0.3 mls) S of Senkovo",Russia,9,9, Damaged beyond repair,-,Antonov An-12,-,-,-,-,-, 39,-,Soviet AF,Military,-,-,-,-,-,-,-,-,-,9,0,9,0,-,-,-
19831123-0,Wednesday,23-NOV-1983,-,A1, Approach (APR),"0,4 km (0.3 mls) from  Lansdowne House Airport, ON (YLH)",Canada,7,4, Damaged beyond repair,-,de Havilland Canada DHC-6 Twin Otter 300,2,Pratt & Whitney Canada PT6A-27,1979,-,-, C-GTLA, 632,Austin Airways,Domestic Scheduled Passenger,-,Sandy Lake Airport,ZSJ,CZSJ,Canada,Lansdowne House Airport,YLH,CYLH,Canada,2,5,0,4,-,-,Final
19831126-0,Saturday,26-NOV-1983,01:53,A1, Approach (APR),"Midland/Odessa Regional Airport, TX (MAF)",United States of America,8,8, Damaged beyond repair,-,Beechcraft B100 King Air,2,Garrett TPE331-6,-,-,2214.0, N1910L, BE-10,Texas Western Aviation,Domestic Non Scheduled Passenger,-,Wichita Falls-Kickapoo Airport,KIP,KCWC,United States of America,Midland/Odessa Regional Airport,MAF,KMAF,United States of America,1,7,1,7,-,-,Final
19831127-0,Sunday,27-NOV-1983,00:06,A1, Approach (APR),12 km (7.5 mls) SE of Madrid-Barajas Airport (MAD),Spain,192,181, Destroyed, Written off (damaged beyond repair),Boeing 747-283B,4,Pratt & Whitney JT9D-70A,1977,5800.0,20811.0, HK-2910, 21381/311,Avianca,International Scheduled Passenger,AV011,Paris-Charles de Gaulle Airport,CDG,LFPG,France,Madrid-Barajas Airport,MAD,LEMD,Spain,19,173,19,162,-,-,Final
19831127-1,Sunday,27-NOV-1983,-,A2, Landing (LDG),"Denver-Buckley Air National Guard Base, CO (BFK)",United States of America,-,0, Substantial, Repaired,North American Rockwell CT-39E Sabreliner,-,-,1967,-,-, 157354, 282-85,US Navy,Military,-,-,-,-,-,Denver-Buckley Air National Guard Base,BFK,KBKF,United States of America,-,-,0,0,-,-,-
19831128-0,Monday,28-NOV-1983,-,A1, Unknown (UNK),at an unknown location,Peru,-,-, Damaged beyond repair,-,de Havilland Canada DHC-6 Twin Otter 300,2,Pratt & Whitney Canada PT6A-27,1973,-,-, FAP-309, 384,Peruvian AF,Military,-,-,-,-,-,-,-,-,-,-,-,-,-,-,-,-
19831128-1,Monday,28-NOV-1983,11:13,A1, Approach (APR),"3,3 km (2.1 mls) from  Enugu Airport (ENU)",Nigeria,72,53, Damaged beyond repair,-,Fokker F-28 Fellowship 2000,-,-,1975,14149.0,10618.0, 5N-ANF, 11090,Nigeria Airways,Domestic Scheduled Passenger,-,Lagos/Ikeja International Airport,LOS,DNMM,Nigeria,Enugu Airport,ENU,DNEN,Nigeria,6,66,2,51,-,-,-
19831128-2,Monday,28-NOV-1983,14:20,A2, Landing (LDG),Linköping-Saab Airport (LPI),Sweden,5,0, Substantial, Repaired,Swearingen SA226-TC Metro II,-,-,1980,-,3210.0, SE-IMD, TC-371,AMA Flyg,Domestic Scheduled Passenger,-,Stockholm-Bromma Airport,BMA,ESSB,Sweden,Linköping-Saab Airport,LPI,ESSL,Sweden,2,3,0,0,-,-,Final
19831205-0,Monday,05-DEC-1983,06:42,A2, En route (ENR),"10 Km NE of Kalgoorlie, WA",Australia,6,0, Substantial, Repaired,Cessna 501 Citation I/SP,-,-,1981,-,-, VH-BNK, 501-0171,North Broken Hill,Executive,-,Adelaide Airport,ADL,YPAD,Australia,Kalgoorlie Airport,KGI,YPKG,Australia,1,5,0,0,-,-,Final
19831207-0,Wednesday,07-DEC-1983,09:39,A1, Takeoff (TOF),Madrid-Barajas Airport (MAD),Spain,93,51, Damaged beyond repair,-,Boeing 727-256,3,Pratt & Whitney JT8D-9,1974,19936.0,21525.0, EC-CFJ, 20820/1019,Iberia,International Scheduled Passenger,IB350,Madrid-Barajas Airport,MAD,LEMD,Spain,Roma-Fiumicino Airport,FCO,LIRF,Italy,9,84,1,50,42,-,Final
19831207-1,Wednesday,07-DEC-1983,09:39,A1, Taxi (TXI),Madrid-Barajas Airport (MAD),Spain,42,42, Damaged beyond repair,-,McDonnell Douglas DC-9-32,2,Pratt & Whitney JT8D-9A,1975,17909.0,20078.0, EC-CGS, 47645/770,Aviaco,Domestic Scheduled Passenger, 134,Madrid-Barajas Airport,MAD,LEMD,Spain,Santander Airport,SDR,LEXJ,Spain,5,37,5,37,51,-,Final
19831208-0,Thursday,08-DEC-1983,17:46,A1, Approach (APR),19 km (11.9 mls) SE off  Stornoway Airport (SYY),United Kingdom,10,10, Destroyed, Written off (damaged beyond repair),Cessna 500 Citation I,2,Pratt & Whitney Canada JT15D-1,1976,-,1871.0, G-UESS, 500-0326,Brencham,Private,-,Liverpool International Airport,LPL,EGGP,United Kingdom,Stornoway Airport,SYY,EGPO,United Kingdom,2,8,2,8,-,-,Final
19831211-0,Sunday,11-DEC-1983,14:15,A1, Landing (LDG),"El Paso-West Texas Airport, TX",United States of America,2,0, Substantial, Written off (damaged beyond repair),Vickers 668 Varsity,2,Bristol Hercules 264,1953,-,7371.0, N65338,-,West Texas Air Museum,Ferry/positioning,-,El Paso International Airport,ELP,KELP,United States of America,-,-,-,-,2,0,0,0,-,-,Final
19831211-1,Sunday,11-DEC-1983,-,A1, Landing (LDG),Poptun Airport (PON),Guatemala,-,0, Damaged beyond repair,-,IAI Arava 201,-,-,1976,-,-, 824, 027,Guatemala AF,Military,-,-,-,-,-,Poptun Airport,PON,MGPP,Guatemala,-,-,0,0,-,-,-
19831213-0,Tuesday,13-DEC-1983,-,A1, Initial climb (ICL),Zapote,Philippines,10,0, Damaged beyond repair,-,Douglas C-47B-5-DK (DC-3),2,Pratt & Whitney R-1830-90C,1944,-,-, RP-C287, 26118/14673,Philair,Domestic Non Scheduled Passenger,-,Manila Airport,MNL,RPLL,Philippines,-,-,-,-,4,6,0,0,-,-,-
19831214-0,Wednesday,14-DEC-1983,15:30,A1, Initial climb (ICL),near Medellín-Enrique Olaya Herrera Airport (EOH),Colombia,3,3, Damaged beyond repair,-,Boeing 707-373C,4,Pratt & Whitney JT3D-3B,1963,-,-, HK-2401X, 18707/349,TAMPA Colombia,Ferry/positioning,-,Medellín-Enrique Olaya Herrera Airport,EOH,SKMD,Colombia,Miami International Airport,MIA,KMIA,United States of America,3,0,3,0,-,22,-
19831217-2,Saturday,17-DEC-1983,13:10,A1, Landing (LDG),"Paulatuk Airport, NT (YPC)",Canada,12,2, Damaged beyond repair,-,de Havilland Canada DHC-6 Twin Otter 200,2,Pratt & Whitney Canada PT6A-20,1969,-,-, C-FGJK, 213,Inuvik Coastal Airways,Domestic Non Scheduled Passenger,-,Inuvik/Mike Zubko Airport,YEV,CYEV,Canada,Paulatuk Airport,YPC,CYPC,Canada,1,11,1,1,-,-,Final
19831218-0,Sunday,18-DEC-1983,19:38,A1, Approach (APR),"1,2 km (0.8 mls) NNW of Kuala Lumpur Subang International Airport (KUL)",Malaysia,247,0, Damaged beyond repair,-,Airbus A300B4-120,2,Pratt & Whitney JT9D-59A,1980,-,3907.0, OY-KAA, 122,MAS,International Scheduled Passenger,MH684,Singapore-Changi International Airport,SIN,WSSS,Singapore,Kuala Lumpur Subang International Airport,KUL,WMKK,Malaysia,14,233,0,0,-,-,Final
19831219-0,Monday,19-DEC-1983,00:05,A2, Landing (LDG),"Anchorage International Airport, AK (ANC)",United States of America,3,0, Substantial, Repaired,Boeing 747-246F (SCD),4,Pratt & Whitney JT9D-7R4G2,1980,-,-, JA8151, 22477/494,JAL,Cargo,-,Tokyo-Narita Airport,NRT,RJAA,Japan,Anchorage International Airport,ANC,PANC,United States of America,3,0,0,0,-,-,Final
19831220-0,Tuesday,20-DEC-1983,13:17,A2, Landing (LDG),"Sioux Falls Regional Airport, SD (FSD)",United States of America,86,0, Substantial, Repaired,McDonnell Douglas DC-9-31,2,Pratt & Whitney JT8D-7B,1967,-,-, N994Z, 47097/193,Ozark Air Lines,Domestic Scheduled Passenger, 650,Sioux City-Municipal Airport,SUX,KSUX,United States of America,Sioux Falls Regional Airport (Jo Foss Field),FSD,KFSD,United States of America,5,81,0,0,-,1,Final
19831222-0,Thursday,22-DEC-1983,15:40,A1, Landing (LDG),"Vail-Eagle County Airport, CO (EGE)",United States of America,6,0, Damaged beyond repair,-,Learjet 25D,2,General Electric CJ610-8A,1978,-,2887.0, N300PL, 25-247,AMF Corp.,Executive,-,Saint Louis-Lambert International Airport,STL,KSTL,United States of America,Aspen Airport,ASE,KASE,United States of America,2,4,0,0,-,-,Final
19831223-0,Friday,23-DEC-1983,14:06,A1, Takeoff (TOF),"Anchorage International Airport, AK (ANC)",United States of America,3,0, Damaged beyond repair,-,McDonnell Douglas DC-10-30,3,General Electric CF6-50C,1977,-,-, HL7339, 46960/237,KAL,Cargo, 084,Anchorage International Airport,ANC,PANC,United States of America,Los Angeles International Airport,LAX,KLAX,United States of America,3,0,0,0,-,-,Final
19831224-0,Saturday,24-DEC-1983,08:53,A1, Initial climb (ICL),Leshukonskoye Airport (LDG),Russia,49,44, Destroyed, Written off (damaged beyond repair),Antonov An-24RV,2,Ivchenko AI-24VT,1973,14302.0,20761.0, CCCP-46617, 37308704,Aeroflot / Arkhangelsk,Domestic Scheduled Passenger, 601,Arkhangelsk-Talaghy Airport,ARH,ULAA,Russia,Leshukonskoye Airport,LDG,ULAL,Russia,5,44,4,40,-,-,-
19839999-0,-,xx-xxx-1983,-,A1, Unknown (UNK),at an unknown location,Unknown country,-,-, Damaged beyond repair,-,Antonov An-26,-,-,-,-,-, T-202,-,Angolan AF,Military,-,-,-,-,-,-,-,-,-,-,-,-,-,-,-,-
19839999-1,-,xx-xxx-1983,-,O1, Standing (STD),"Honolulu, HI",United States of America,0,0, Damaged beyond repair,-,Douglas DC-3-382,-,-,1941,-,-, N401JB, 3299,Swift Delivery Air Freight,-,-,-,-,-,-,-,-,-,-,0,0,0,0,-,-,- (No safety board investigation)
19839999-2,-,xx-xxx-1983,-,U1, Unknown (UNK),unknown,Unknown country,-,-, Damaged beyond repair,-,Ilyushin Il-18Gr,-,-,1963,15839.0,38059.0, CCCP-75887, 183006302,Aeroflot,Unknown,-,-,-,-,-,-,-,-,-,-,-,-,-,-,-,-
19830103-0,Monday,03-JAN-1983,09:05,A1, Approach (APR),"4 km (2.5 mls) N of Hailey-Sun Valley Airport, ID (SUN)",United States of America,2,2, Destroyed, Written off (damaged beyond repair),Canadair CL-600-1A11 Challenger 600,2,Lycoming ALF502L-2,1982,86.0,203.0, N805C, 1037,A.E. Stanley Manufacturing Co.,Executive,-,Decatur Airport,DEC,KDEC,United States of America,Hailey-Sun Valley Airport,SUN,KSUN,United States of America,2,0,2,0,-,-,Final
19830107-0,Friday,07-JAN-1983,-,H2, En route (ENR),"Boston-Logan International Airport, MA (BOS)",United States of America,30,0, None,-,Boeing 727,-,-,-,-,-, registration unknown,-,Delta Air Lines,Domestic Scheduled Passenger,DL177,Portland International Airport,PDX,KPDX,United States of America,Boston-Logan International Airport,BOS,KBOS,United States of America,-,-,0,0,-,-,-
19830107-1,Friday,07-JAN-1983,-,A1, Taxi (TXI),Tehran-Mehrabad Airport (THR),Iran,2,0, Damaged beyond repair,-,Boeing 727-86,3,Pratt & Whitney JT8D-7B,1966,-,-, EP-IRA, 19171/276,Iran Air,-,-,-,-,-,-,-,-,-,-,2,0,0,0,-,-,-
19830109-0,Sunday,09-JAN-1983,19:41,A2, Landing (LDG),"Brainerd-Crow Wing County Airport, MN (BRD)",United States of America,33,1, Substantial, Repaired,Convair CV-580-11-A,2,Allison 501-D13,1956,64033.0,39511.0, N8444H, 327A,Republic Airlines,Domestic Scheduled Passenger, 927,Minneapolis-St. Paul International Airport,MSP,KMSP,United States of America,Brainerd-Crow Wing County Airport,BRD,KBRD,United States of America,3,30,0,1,-,-,Final
19830111-0,Tuesday,11-JAN-1983,14:50,A1, Takeoff (TOF),"Madison, GA",United States of America,4,0, Substantial, Written off (damaged beyond repair),Lockheed 18-56 Lodestar,2,Wright R-1820-56,1942,-,10823.0, N520R, 18-2183,private,Executive,-,-,-,-,-,Miami International Airport,MIA,KMIA,United States of America,2,2,0,0,-,-,Final
19830111-1,Tuesday,11-JAN-1983,02:52,A1, Initial climb (ICL),"Detroit-Metropolitan Wayne County Airport, MI (DTW)",United States of America,3,3, Destroyed, Written off (damaged beyond repair),McDonnell Douglas DC-8-54F,4,Pratt & Whitney JT3D-3B,1968,13474.0,31902.0, N8053U, 46010/406,United Airlines,Cargo,UA2885,Detroit-Metropolitan Wayne County Airport,DTW,KDTW,United States of America,Los Angeles International Airport,LAX,KLAX,United States of America,3,0,3,0,-,-,Final
19830111-2,Tuesday,11-JAN-1983,-,A1, Approach (APR),"13 km (8.1 mls) NE of Toronto International Airport, ON (YYZ)",Canada,5,5, Destroyed, Written off (damaged beyond repair),Rockwell Sabreliner 65,2,Garrett TFE731-3R-1D,1981,407.0,668.0, N99S, 465-64,Sun Oil Co,Executive,-,Philadelphia International Airport,PHL,KPHL,United States of America,Toronto International Airport,YYZ,CYYZ,Canada,2,3,2,3,-,-,Final
19830112-0,Wednesday,12-JAN-1983,-,A1, Taxi (TXI),Mumbai (Bombay),India,-,0, Damaged beyond repair,-,Lockheed L-1049G Super Constellation,-,-,1956,-,-, IN-316, 4666,Indian Navy,Military,-,-,-,-,-,-,-,-,-,-,-,0,0,-,-,-
19830112-1,Wednesday,12-JAN-1983,-,A1, Unknown (UNK),off Alleypey,India,-,0, Damaged beyond repair,-,Pilatus Britten-Norman BN-2A-21 Islander,-,-,-,-,-, registration unknown,-,Indian AF,Unknown,-,-,-,-,-,-,-,-,-,-,-,0,0,-,-,-
19830116-0,Sunday,16-JAN-1983,03:00,A1, Maneuvering (MNV),"near Bay City, TX",United States of America,2,0, Substantial, Written off (damaged beyond repair),Douglas DC-3C,-,-,1943,-,-, TG-SAB, 18978,Unknown,Illegal Flight,-,-,-,-,-,-,-,-,-,2,0,0,0,-,-,Final
19830116-1,Sunday,16-JAN-1983,22:30,A1, Approach (APR),Ankara-Esenboga Airport (ESB),Turkey,67,47, Damaged beyond repair,-,Boeing 727-2F2,3,Pratt & Whitney JT8D-15,1978,-,-, TC-JBR, 21603/1389,THY,Domestic Scheduled Passenger, 158,Istanbul-Yesilköy Airport,IST,LTBA,Turkey,Ankara-Esenboga Airport,ESB,LTAC,Turkey,7,60,0,47,-,-,-
19830116-2,Sunday,16-JAN-1983,-,A1, En route (ENR),near Tripoli,Libya,2,2, Missing, Presumed damaged beyond repair,Lockheed L-1329-25 JetStar II,-,-,-,-,-, 5A-DAR, 5221,Libyan Government,Official state flight,-,Tripoli-Okba Ben Nafi Air Base,MJI,HLLM,Libya,Algiers-Houari Boumediene Airport,ALG,DAAG,Algeria,2,0,2,0,-,-,-
19830118-0,Tuesday,18-JAN-1983,-,H2, En route (ENR),Chiang Mai International Airport (CNX),Thailand,-,0, None,-,Shorts 330-200,-,-,-,-,-, HS-TS.,-,Thai Airways,Domestic Scheduled Passenger,-,Phitsanulok Airport,PHS,VTPP,Thailand,Chiang Mai International Airport,CNX,VTCC,Thailand,-,-,0,0,-,-,-
19830120-0,Thursday,20-JAN-1983,-,H2, En route (ENR),"Portland International Airport, OR (PDX)",United States of America,41,1, None,-,Boeing 727,-,-,-,-,-, registration unknown,-,Northwest Orient Airlines,Domestic Scheduled Passenger, 608,Seattle/Tacoma International Airport,SEA,KSEA,United States of America,Portland International Airport,PDX,KPDX,United States of America,-,-,0,1,-,-,-
19830120-1,Thursday,20-JAN-1983,-,H2, En route (ENR),Djibouti Airport (JIB),Djibouti,-,0, None,-,Boeing 707-300,-,-,-,-,-, registration unknown,-,Alyemda,International Scheduled Passenger,-,Aden International Airport,ADE,ODAA,Yemen,Kuwait International Airport,KWI,OKBK,Kuwait,-,-,0,0,-,-,-
19830127-0,Thursday,27-JAN-1983,-,U1, Unknown (UNK),Douala Air Base,Cameroon,-,-, Damaged beyond repair,-,Dornier Do 128-6MPA Turbo Skyservant,2,Pratt & Whitney Canada PT6A-110,-,-,-, TJX-BO, 6002,Cameroon AF,Military,-,-,-,-,-,-,-,-,-,-,-,-,-,-,-,-
19830128-0,Friday,28-JAN-1983,-,A2, Landing (LDG),"Río Gallegos Internacional Airport, SC (RGL)",Argentina,-,0, Substantial, Repaired,de Havilland Canada DHC-6 Twin Otter 200,2,Pratt & Whitney Canada PT6A-20,1968,-,-, T-83, 170,LADE,Military,-,-,-,-,-,Río Gallegos Internacional Airport,RGL,SAWG,Argentina,-,-,0,0,-,-,-
19830128-1,Friday,28-JAN-1983,20:20,A2, Taxi (TXI),Delhi-Palam Airport (DEL),India,284,0, Substantial, Repaired,Boeing 747-237B,4,Pratt & Whitney JT9D-7J,1978,-,-, VT-EFO, 21473/330,Air-India,International Scheduled Passenger,AI306,-,-,-,-,Delhi-Palam Airport,DEL,VIDP,India,11,273,0,0,-,-,Final
19830128-2,Friday,28-JAN-1983,20:20,A2, Standing (STD),Delhi-Palam Airport (DEL),India,-,0, Substantial, Repaired,Airbus A300B2-101,2,General Electric CF6-50C,1979,-,-, VT-EFV, 088,Indian Airlines,Unknown,-,-,-,-,-,-,-,-,-,-,-,0,0,-,-,Final
19830203-0,Thursday,03-FEB-1983,-,A1, Landing (LDG),Playa Baracoa Airport,Cuba,-,-, Damaged beyond repair,-,Antonov An-26,-,-,-,-,-, 14-28, 7007,Cuban AF,Military,-,-,-,-,-,Playa Baracoa Airport,UPB,MUPB,Cuba,-,-,-,-,-,-,-
19830206-0,Sunday,06-FEB-1983,18:17,A1, Takeoff (TOF),"Houston-William P. Hobby Airport, TX (HOU)",United States of America,3,0, Damaged beyond repair,-,Cessna 550 Citation II,2,Pratt & Whitney Canada JT15D-4,-,-,-, N222WL, 550-0208,Weatherford Services.,Unknown,-,Houston-William P. Hobby Airport,HOU,KHOU,United States of America,Lafayette Regional Airport,LFT,KLFT,United States of America,2,1,0,0,-,-,Final
19830207-0,Monday,07-FEB-1983,-,A1, Unknown (UNK),"Preobrazhenskaya District, Volgograd Region",Russia,-,0, Damaged beyond repair,-,Antonov An-2TP,-,-,1968,-,-, CCCP-32320, 1G97-32,Aeroflot / North Kavkaz,Unknown,-,-,-,-,-,-,-,-,-,-,-,0,0,-,-,-
19830213-0,Sunday,13-FEB-1983,21:00,A1, En route (ENR),"ca 20 km W off Kuala Selangor, Straits of Malacca",Malaysia,6,6, Missing, Presumed damaged beyond repair,Learjet 35A,2,Garrett TFE731-2-2B,-,-,-, N482U, 35A-482,Upali Air,Executive,-,Kuala Lumpur Subang International Airport,KUL,WMKK,Malaysia,Colombo-Katunayake International Airport,CMB,VCBI,Sri Lanka,3,3,3,3,-,-,-
19830213-1,Sunday,13-FEB-1983,-,A1, Unknown (UNK),"Fayetteville-Pope AFB, NC (POB)",United States of America,-,6, Damaged beyond repair,-,Lockheed C-130H Hercules,-,-,1976,-,-, 74-1693, 4693,USAF,Military,-,-,-,-,-,-,-,-,-,-,-,-,-,-,-,-
19830213-2,Sunday,13-FEB-1983,-,H2, En route (ENR),"Melbourne, VIC",Australia,-,0, None,-,Airbus A300B4-203,2,General Electric CF6-50C2,-,-,-, registration unknown,-,TAA,Domestic Scheduled Passenger,-,Perth Airport,PER,YPPH,Australia,Melbourne-Tullamarine Airport,MEL,YMML,Australia,-,-,0,0,-,-,-
19830215-0,Tuesday,15-FEB-1983,-,H2, En route (ENR),Nuevo Laredo (NLD),Mexico,20,0, None,-,de Havilland Canada DHC-7-102,4,Pratt & Whitney Canada PT6A-50,-,-,-, registration unknown,-,Rio Airways,Domestic Scheduled Passenger, 252,Killeen Municipal Airport,ILE,KILE,United States of America,Dallas/Fort Worth International Airport,DFW,KDFW,United States of America,-,-,0,0,-,-,-
19830215-1,Tuesday,15-FEB-1983,-,A1, En route (ENR),"Shamathawa, MB",Canada,4,0, Damaged beyond repair,-,Douglas DC-3,-,-,1945,-,-, C-FBKX, 32813/16065,Ontario Central Airlines,Domestic Non Scheduled Passenger,-,-,-,-,-,-,-,-,-,3,1,0,0,-,-,-
19830215-2,Tuesday,15-FEB-1983,11:02,A1, Approach (APR),"1,7 km (1.1 mls) S of Hailey-Sun Valley Airport, ID (SUN)",United States of America,8,0, Destroyed, Written off (damaged beyond repair),de Havilland Canada DHC-6 Twin Otter 300,2,Pratt & Whitney Canada PT6A-27,1973,-,4767.0, N361V, 361,Sierra Pacific Airlines,Domestic Scheduled Passenger, 868,Boise Air Terminal,BOI,KBOI,United States of America,Hailey-Sun Valley Airport,SUN,KSUN,United States of America,2,6,0,0,-,-,Final
19830215-3,Tuesday,15-FEB-1983,-,C1, Approach (APR),Jalalabad Airport (JAA),Afghanistan,5,5, Damaged beyond repair,-,Antonov An-12,-,-,-,-,-, registration unknown,-,Soviet AF,Military,-,-,-,-,-,Jalalabad Airport,JAA,OAJL,Afghanistan,5,0,5,0,-,-,-
19830217-1,Thursday,17-FEB-1983,-,U1, Unknown (UNK),Båtsfjord Airport (BJF),Norway,-,-, Damaged beyond repair,-,Britten-Norman BN-2A-21 Islander,-,-,1975,-,-, LN-MAF, 441,Norving,Unknown,-,-,-,-,-,-,-,-,-,-,-,-,-,-,-,-
19830218-0,Friday,18-FEB-1983,-,H2, En route (ENR),Praha-Ruzyne International Airport (PRG),Czech Republic,-,1, None,-,Tupolev Tu-134A,-,-,-,-,-, registration unknown,-,CSA,International Scheduled Passenger,-,Poprad/Tatry Airport,TAT,LZTT,Slovakia,Praha-Ruzyne International Airport,PRG,LKPR,Czech Republic,-,-,0,1,-,-,-
19830220-0,Sunday,20-FEB-1983,-,H2, En route (ENR),Malta-Luqa Airport (MLA),Malta,160,0, None,-,Boeing 727-2L5,-,-,1978,-,-, 5A-DII, 21540/1386,Libyan Arab Airlines,Domestic Scheduled Passenger, 484,Sebha Airport,SEB,HLLS,Libya,Benghazi-Benina International Airport,BEN,HLLB,Libya,-,-,0,0,-,-,-
19830221-0,Monday,21-FEB-1983,-,A1, En route (ENR),near Salento,Colombia,4,4, Damaged beyond repair,-,Douglas C-47 (DC-3),-,-,-,-,-, FAC-651,-,Colombian AF,Military,-,Puerto Leguizamo-Caucayá Airport,LQM,SKLG,Colombia,Cali Airport,CLO,SKCL,Colombia,4,0,4,0,-,-,-
19830222-0,Tuesday,22-FEB-1983,-,A1, Takeoff (TOF),"Manaus-Eduardo Gomes International Airport, AM (MAO)",Brazil,2,2, Damaged beyond repair,-,Boeing 737-2A1C,2,Pratt & Whitney JT8D-17,1975,-,-, PP-SNC, 21187/443,VASP,Training,-,Manaus-Eduardo Gomes International Airport,MAO,SBEG,Brazil,Manaus-Eduardo Gomes International Airport,MAO,SBEG,Brazil,2,0,2,0,-,-,-
19830223-0,Wednesday,23-FEB-1983,-,A1, Unknown (UNK),Cherkasy region,Ukraine,-,0, Damaged beyond repair,-,Antonov An-2R,-,-,1980,-,-, CCCP-84571, 1G189-38,Aeroflot / Ukraine,Unknown,-,-,-,-,-,-,-,-,-,-,-,0,0,-,-,-
19830224-1,Thursday,24-FEB-1983,-,A1, Unknown (UNK),Koko,Benin,-,0, Damaged beyond repair,-,de Havilland Canada DHC-6 Twin Otter 300,2,Pratt & Whitney Canada PT6A-27,1981,-,-, TY-BBL, 737,Air Benin,Unknown,-,-,-,-,-,-,-,-,-,-,-,0,0,-,-,-
19830227-0,Sunday,27-FEB-1983,-,A2, Taxi (TXI),"Adelaide Airport, SA (ADL)",Australia,129,0, Substantial, Repaired,Boeing 727-276 Adv.,-,-,1974,-,-, 	VH-TBI, 	20554/1027,TAA,Domestic Scheduled Passenger,-,Adelaide Airport,ADL,YPAD,Australia,Melbourne-Tullamarine Airport,MEL,YMML,Australia,6,123,0,0,-,-,Final
19830227-1,Sunday,27-FEB-1983,-,A1, Landing (LDG),Fuzhou Yixu Airport (FOC),China,96,0, Damaged beyond repair,-,Hawker Siddeley HS-121 Trident 2E,3,Rolls-Royce Spey 512,1975,-,-, B-260, 2167,CAAC,Domestic Scheduled Passenger,-,-,-,-,-,Fuzhou Yixu Airport,FOC,ZSFZ,China,-,-,0,0,-,-,-
19830307-0,Monday,07-MAR-1983,-,H2, En route (ENR),Varna Airport (VAR),Bulgaria,-,1, None,-,Antonov An-24V,-,-,1967,-,-, LZ-AND, 77303301,Balkan Bulgarian,Domestic Scheduled Passenger,-,Sofia-Vrazhdebna Airport,SOF,LBSF,Bulgaria,Varna Airport,VAR,LBWN,Bulgaria,-,-,0,1,-,-,-
19830310-0,Thursday,10-MAR-1983,-,A1, En route (ENR),near Shashgow Ghazni,Afghanistan,19,19, Damaged beyond repair,-,de Havilland Canada DHC-6 Twin Otter 300,2,Pratt & Whitney Canada PT6A-27,1974,-,-, YA-GAZ, 395,Bakhtar Afghan,Domestic Scheduled Passenger,-,Uruzgan Airport,URZ,OARG,Afghanistan,Kabul Airport,KBL,OAKB,Afghanistan,2,17,2,17,-,-,-
19830311-0,Friday,11-MAR-1983,16:14,A1, Approach (APR),Nakashibetsu Airport (SHB),Japan,53,0, Damaged beyond repair,-,NAMC YS-11A-208,2,Rolls-Royce Dart 543-10K,1968,-,31305.0, JA8693, 2060,Nihon Kinkyori Airways,Domestic Scheduled Passenger, 497,Sapporo-Chitose Airport,CTS,RJCC,Japan,Nakashibetsu Airport,SHB,RJCN,Japan,5,48,0,0,-,-,-
19830311-1,Friday,11-MAR-1983,-,A1, Landing (LDG),Barquisimeto Airport (BRM),Venezuela,50,23, Damaged beyond repair,-,McDonnell Douglas DC-9-32,2,Pratt & Whitney JT8D-7,1967,-,-, YV-67C, 47025/106,AVENSA,Domestic Scheduled Passenger,-,Caracas Airport,CCS,SVMI,Venezuela,Barquisimeto Airport,BRM,SVBM,Venezuela,5,45,1,22,-,-,-
19830314-0,Monday,14-MAR-1983,-,A1, En route (ENR),30 km (18.8 mls) N of Sebha,Libya,5,5, Damaged beyond repair,-,Boeing 707-338C,4,Pratt & Whitney JT3D-3B,1966,-,-, 5A-DJO, 18955/467,Jamahiriya Air Transport,Ferry/positioning,-,-,-,-,-,-,-,-,-,5,0,5,0,-,-,-
19830317-0,Thursday,17-MAR-1983,-,A1, Unknown (UNK),at an unknown location,Unknown country,-,-, Damaged beyond repair,-,Britten-Norman BN-2A-3 Islander,-,-,1971,-,-, EP-PAC, 273,Pars Air,Unknown,-,-,-,-,-,-,-,-,-,-,-,-,-,-,-,-
19830318-0,Friday,18-MAR-1983,-,A1, Unknown (UNK),Arequipa Airport (AQP),Peru,-,5, Damaged beyond repair,-,Douglas C-47E,-,-,1944,-,-, FAP-356, 20009,Peruvian AF,Military,-,-,-,-,-,-,-,-,-,-,-,-,-,-,-,-
19830318-1,Friday,18-MAR-1983,-,A1, Unknown (UNK),Chikala Hills,Malawi,-,-, Damaged beyond repair,-,IRMA/Britten-Norman BN-2A-21 Defender,-,-,1976,-,-, 7Q-YAX, 792,Malawi Police Force,Military,-,-,-,-,-,-,-,-,-,-,-,-,-,-,-,-
19830324-0,Thursday,24-MAR-1983,-,A1, Unknown (UNK),"near Vanavara, Krasnoyarsk Region",Russia,-,0, Damaged beyond repair,-,Antonov An-2V,-,-,-,-,-, CCCP-29367, 1G78-09,Aeroflot / Krasnoyarsk,Unknown,-,-,-,-,-,-,-,-,-,-,-,0,0,-,-,-
19830327-0,Sunday,27-MAR-1983,-,A1, Approach (APR),"0,5 km (0.3 mls) from  Quelimane Airport (UEL)",Mozambique,110,0, Damaged beyond repair,-,Boeing 737-2B1,2,Pratt & Whitney JT8D-9,1969,-,-, C9-BAB, 20281/228,LAM,Scheduled Passenger,-,-,-,-,-,Quelimane Airport,UEL,FQQL,Mozambique,6,104,0,0,-,-,-
19830329-0,Tuesday,29-MAR-1983,-,A1, Initial climb (ICL),Poti Airport,Georgia,-,6, Damaged beyond repair,-,Let L-410M,2,Walter M-601A,1978,-,-, CCCP-67190, 781119,Aeroflot / Georgia,Domestic Scheduled Passenger,-,-,-,-,-,Sukhumi Airport,SUI,UGSS,Georgia,2,-,2,4,-,-,-
19830330-0,Wednesday,30-MAR-1983,-,A1, Taxi (TXI),Benghazi-Benina International Airport (BEN),Libya,-,0, Damaged beyond repair,-,de Havilland Canada DHC-6 Twin Otter 300,2,Pratt & Whitney Canada PT6A-27,1978,-,-, 5A-DCP, 605,Libyan Ministry of Agriculture,Unknown,-,-,-,-,-,-,-,-,-,-,-,0,0,-,-,-
19830330-1,Wednesday,30-MAR-1983,05:14,A1, Landing (LDG),"Newark International Airport, NJ (EWR)",United States of America,2,2, Destroyed, Written off (damaged beyond repair),Learjet 25,2,General Electric CJ610-6,1969,-,5750.0, N51CA, 25-030,Chatham Corp.,Cargo,  27,Chicago-Midway Airport,MDW,KMDW,United States of America,Newark International Airport,EWR,KEWR,United States of America,2,0,2,0,-,-,Final
19830401-0,Friday,01-APR-1983,-,O1, Standing (STD),"Lawton Municipal Airport, OK (LAW)",United States of America,0,0, Damaged beyond repair,-,de Havilland Canada DHC-6 Twin Otter 200,2,Pratt & Whitney Canada PT6A-20,1968,-,-, N922MA, 161,Metroflight,-,-,-,-,-,-,-,-,-,-,0,0,0,0,-,-,-
19830401-1,Friday,01-APR-1983,20:00,A1, Approach (APR),"5 km (3.1 mls) from  Eagle Pass-Winn Airfield, TX",United States of America,4,4, Destroyed, Written off (damaged beyond repair),Cessna 500 Citation I,2,Pratt & Whitney Canada JT15D-1,-,-,3440.0, N700CW, 500-0205,Winn Exploration,Executive,-,Corpus Christi International Airport,CRP,KCRP,United States of America,-,-,-,-,2,2,2,2,-,-,Final
19830404-0,Monday,04-APR-1983,-,A1, Initial climb (ICL),near Guangzhou Baiyun International Airport (CAN),China,8,8, Damaged beyond repair,-,Beechcraft 200 Super King Air,2,Pratt & Whitney Canada PT6A-41,1975,-,-, F-BVRP, BB-38,Total,Executive,-,Guangzhou Baiyun International Airport,CAN,ZGGG,China,Hong Kong-Kai Tak International Airport,HKG,VHHH,Hong Kong,3,5,3,5,-,-,-
19830406-0,Wednesday,06-APR-1983,-,U1, Unknown (UNK),at an unknown location,Panama,-,-, Damaged beyond repair,-,IRMA/Pilatus Britten-Norman BN-2A-26 Islander,-,-,1982,-,-, HP-945, 914,Aviones de Panama,Unknown,-,-,-,-,-,-,-,-,-,-,-,-,-,-,-,-
19830407-0,Thursday,07-APR-1983,14:56,A1, En route (ENR),"Selawik, AK",United States of America,3,2, Substantial, Written off (damaged beyond repair),Britten-Norman BN-2A-8 Islander,2,Lycoming O-540-E4C5,1976,-,6674.0, N37MN, 558,Munz Northern Airlines,Ferry/positioning, 601,Nome Airport,OME,PAOM,United States of America,Ambler Airport,ABL,PAFM,United States of America,1,2,1,1,-,-,Final
19830412-0,Tuesday,12-APR-1983,-,A1, Landing (LDG),Minsk-1 International Airport (MHP),Belarus,5,0, Damaged beyond repair,-,Antonov An-26,-,-,1979,-,-, CCCP-26686, 8806,Aeroflot / Belarus,Cargo,-,Riga International Airport,RIX,EVRA,Latvia,Minsk-1 International Airport,MHP,UMMM,Belarus,5,0,0,0,-,-,-
19830414-1,Thursday,14-APR-1983,-,A1, Landing (LDG),Puerto Vallarta,Mexico,4,0, Damaged beyond repair,-,Learjet 24D,-,-,-,-,-, N302EJ, 24-302,Executive Jet Aviation,Unknown,-,-,-,-,-,Puerto Vallarta-Gustavo D. Ordaz Airport,PVR,MMPR,Mexico,2,2,0,0,-,-,-
19830415-0,Friday,15-APR-1983,-,H2, En route (ENR),Athens-Ellinikon International Airport (ATH),Greece,113,0, None,-,Boeing 727-2F2,3,Pratt & Whitney JT8D-15,1974,-,-, TC-JBG, 20981/1086,THY,Domestic Scheduled Passenger,-,Istanbul-Yesilköy Airport,IST,LTBA,Turkey,Izmir-Cigli Airport,IGL,LTBL,Turkey,6,107,0,0,-,-,-
19830416-0,Saturday,16-APR-1983,-,A1, Approach (APR),4 km (2.5 mls) SE of Khartoum-Civil Airport (KRT),Sudan,9,8, Damaged beyond repair,-,British Aerospace BAe-748-329 Srs. 2A LFD,-,-,1978,-,-, EL-AIH, 1755,Air Liberia,Int'l Non Scheduled Passenger,-,Khartoum-Civil Airport,KRT,HSSS,Sudan,-,-,-,-,3,6,3,5,-,9,-
19830418-0,Monday,18-APR-1983,-,U1, Unknown (UNK),unknown,Unknown country,-,-, Damaged beyond repair,-,Fairchild C-119 Flying Boxcar,-,-,-,-,-, 3182,-,Republic of China AF,Military,-,-,-,-,-,-,-,-,-,-,-,-,-,-,-,-
19830419-0,Tuesday,19-APR-1983,18:09,A1, En route (ENR),41 km (25.6 mls) from  Leninakan Airport (LWN),Armenia,21,21, Damaged beyond repair,-,Yakovlev Yak-40,3,Ivchenko AI-25,1973,-,-, CCCP-87291, 9320628,Aeroflot / Armenia,Domestic Scheduled Passenger,-,Nalchik Airport,NAL,URMN,Russia,Leninakan Airport,LWN,UDSG,Armenia,4,17,4,17,-,-,-
19830419-1,Tuesday,19-APR-1983,07:20,A1, En route (ENR),near Toba,Japan,6,6, Damaged beyond repair,-,Kawasaki C-1,2,Pratt & Whitney JT8-M-9,-,-,-, 68-1015, 8015,JASDF,Military,-,Nagoya-Komaki International Airport,NGO,RJNN,Japan,-,-,-,-,6,0,6,0,-,-,-
19830419-2,Tuesday,19-APR-1983,07:20,A1, En route (ENR),near Toba,Japan,8,8, Damaged beyond repair,-,Kawasaki C-1,2,Pratt & Whitney JT8-M-9,-,-,-, 58-1009, 8009,JASDF,Military,-,Nagoya-Komaki International Airport,NGO,RJNN,Japan,-,-,-,-,8,0,8,0,-,-,-
19830420-0,Wednesday,20-APR-1983,12:00,A1, Landing (LDG),Flotta Airport (FLH),United Kingdom,12,0, Damaged beyond repair,-,de Havilland Canada DHC-6 Twin Otter 310,2,Pratt & Whitney Canada PT6A-27,1977,-,7000.0, G-STUD, 545,Air Ecosse,Domestic Non Scheduled Passenger,-,Aberdeen-Dyce Airport,ABZ,EGPD,United Kingdom,-,-,-,-,2,10,0,0,-,-,Final
19830426-0,Tuesday,26-APR-1983,14:54,A1, Takeoff (TOF),"Wichita-Mid-Continent Airport, KS (ICT)",United States of America,5,0, Substantial, Written off (damaged beyond repair),Cessna 500 Citation I,-,-,-,-,4112.0, N22FM, 500-0229,Federal Mogul Corp.,Executive,-,Wichita-Mid-Continent Airport,ICT,KICT,United States of America,Chicago-Midway Airport,MDW,KMDW,United States of America,2,3,0,0,-,-,Final
19830426-1,Tuesday,26-APR-1983,-,A1, Unknown (UNK),near Barranca de Upia,Colombia,-,0, Damaged beyond repair,-,IRMA/Britten-Norman BN-2A-9 Islander,-,-,1977,-,-, HK-2687X, 841,Aviones Ejecutivos,Cargo,-,-,-,-,-,-,-,-,-,-,-,0,0,-,-,-
19830426-2,Tuesday,26-APR-1983,-,A1, Maneuvering (MNV),Iwakuni MCAS,Japan,14,11, Damaged beyond repair,-,Shin Meiwa PS-1,-,-,-,-,-, 5801, 1001,Japanese Navy,Military,-,-,-,-,-,-,-,-,-,14,0,11,0,-,-,-
19830429-0,Friday,29-APR-1983,-,A1, Approach (APR),near Guayaquil-Simon Bolivar Airport (GYE),Ecuador,100,8, Damaged beyond repair,-,Sud Aviation SE-210 Caravelle VI-R,2,Rolls-Royce Avon 533R,1962,-,-, HC-BAT, 125,SAN,Domestic Scheduled Passenger, 832,Guayaquil-Simon Bolivar Airport,GYE,SEGU,Ecuador,Quito-Mariscal Sucre Airport,UIO,SEQU,Ecuador,6,94,1,7,-,-,-
19830429-1,Friday,29-APR-1983,-,A1, Takeoff (TOF),Landikma,Indonesia,1,0, Damaged beyond repair,-,Britten-Norman BN-2A-21 Islander,-,-,1975,-,-, PK-OBE, 429,Airfast Indonesia,Unknown,-,-,-,-,-,-,-,-,-,1,0,0,0,-,-,-
19830429-2,Friday,29-APR-1983,-,A1, Approach (APR),Tsaghkahovit,Armenia,-,0, Damaged beyond repair,-,Antonov An-2T,-,-,1960,-,-, CCCP-33093, 114047311,Aeroflot / Armenia,Unknown,-,-,-,-,-,-,-,-,-,-,-,0,0,-,-,-
19830430-0,Saturday,30-APR-1983,12:09,A1, Approach (APR),"Jacksonville NAS, FL (NIP)",United States of America,15,14, Destroyed, Written off (damaged beyond repair),Convair C-131F (CV-340),-,-,1955,-,-, 141010, 293,US Navy,Military,-,Jacksonville NAS,NIP,KNIP,United States of America,Guantánamo NAS,NBW,MUGM,Cuba,6,9,6,8,-,-,-
19830430-1,Saturday,30-APR-1983,-,A1, Unknown (UNK),near Cesis,Latvia,-,0, Damaged beyond repair,-,Antonov An-2R,-,-,1978,-,-, CCCP-62643, 1G178-35,Aeroflot / Latvia,Unknown,-,-,-,-,-,-,-,-,-,-,-,0,0,-,-,-
19830499-0,-,xx-APR-1983,-,A1, Unknown (UNK),"Montreal-St. Hubert Airport, QC (YHU) ?",Canada,-,-, Damaged beyond repair,-,Hawker Siddeley HS-125-1A-522,-,-,1965,-,-, C-FHLL, 25034,Gouvernement du Québec,Unknown,-,-,-,-,-,-,-,-,-,-,-,-,-,-,-,-
19830501-0,Sunday,01-MAY-1983,-,H2, En route (ENR),Havana-José Martí International Airport (HAV),Cuba,212,0, None,-,McDonnell Douglas DC-8-63CF,-,-,-,-,-, registration unknown,-,Capitol Airways,Domestic Scheduled Passenger, 236,San Juan-Isla Verde International Airport,SJU,TJSJ,Puerto Rico,Miami International Airport,MIA,KMIA,United States of America,-,-,0,0,-,-,-
19830504-0,Wednesday,04-MAY-1983,09:45,A1, Initial climb (ICL),Cali-Palmaseca Airport (CLO),Colombia,22,0, Damaged beyond repair,-,Douglas C-47B-40-DK (DC-3),2,Pratt & Whitney R-1830-90C,1945,-,-, FAC-1126, 33608/16860,SATENA,Domestic Non Scheduled Passenger,-,Cali-Palmaseca Airport,CLO,SKCL,Colombia,Guapi Airport,GPI,SKGP,Colombia,4,18,0,0,-,-,-
19830504-1,Wednesday,04-MAY-1983,-,A1, Unknown (UNK),Kaunas,Lithuania,-,0, Damaged beyond repair,-,Antonov An-2R,-,-,1970,-,-, CCCP-35637, 1G116-28,Aeroflot / Lithuania,Unknown,-,-,-,-,-,-,-,-,-,-,-,0,0,-,-,-
19830505-0,Thursday,05-MAY-1983,-,H2, En route (ENR),Chunchon Air Base,South Korea,111,0, None,-,Hawker Siddeley HS-121 Trident 2E,3,Rolls-Royce Spey 512,1977,-,-, B-296, 2183,CAAC,Domestic Scheduled Passenger,-,Shenyang Airport,SHE,ZYTK,China,Shanghai-Hongqiao Airport,SHA,ZSSS,China,6,105,0,0,-,-,-
19830505-1,Thursday,05-MAY-1983,10:20,A1, Approach (APR),near Nakhon Sawan/Takhli Air Base (TKH),Thailand,30,30, Damaged beyond repair,-,Fairchild C-123K Provider,-,-,-,-,13707.0, L4K-12/18, 20227,Thai AF,Military,-,-,-,-,-,Nakhon Sawan/Takhli Air Base,TKH,VTPI,Thailand,6,24,6,24,-,-,-
19830505-2,Thursday,05-MAY-1983,09:46,A2, En route (ENR),"Miami International Airport, FL (MIA)",United States of America,172,0, None,-,Lockheed L-1011 TriStar 1,3,Rolls-Royce RB211-22B,1976,-,-, N334EA, 1141,Eastern Air Lines,International Scheduled Passenger,-,Miami International Airport,MIA,KMIA,United States of America,Nassau International Airport,NAS,MYNN,Bahamas,10,162,0,0,-,-,Final
19830506-0,Friday,06-MAY-1983,-,A1, Approach (APR),near Klyuchi Air Base,Russia,37,33, Damaged beyond repair,-,Antonov An-26,-,-,-,-,-, 01,-,Soviet AF,Military,-,Petropavlovsk-Kamchatsky Airport,PKC,UHPP,Russia,-,-,-,-,6,31,6,27,-,-,-
19830508-0,Sunday,08-MAY-1983,-,A1, Taxi (TXI),"River Kagoak, AK",United States of America,-,0, Damaged beyond repair,-,Fairchild C-119F Flying Boxcar,2,Wright R-3350,-,-,-, N13626, 10836,Supra Int.,Unknown,-,-,-,-,-,-,-,-,-,-,-,0,0,-,-,-
19830509-0,Monday,09-MAY-1983,-,A1, Unknown (UNK),near Tavil-Dara,Tajikistan,-,0, Damaged beyond repair,-,Antonov An-2TP,-,-,1970,-,-, CCCP-02515, 1G119-58,Aeroflot / Tajikistan,Unknown,-,-,-,-,-,-,-,-,-,-,-,0,0,-,-,-
19830511-0,Wednesday,11-MAY-1983,-,O1, Standing (STD),Mexico City-Juarez International Airport (MEX),Mexico,-,-, Damaged beyond repair,-,Convair CV-880-22-2,-,-,1960,-,-, N880SR, 22-00-7,Groth Air,-,-,-,-,-,-,-,-,-,-,-,-,-,-,-,-,-
19830511-1,Wednesday,11-MAY-1983,-,A1, Unknown (UNK),"near Blagodarnoye, Krasnodar Region",Russia,-,0, Damaged beyond repair,-,Antonov An-2R,-,-,1972,-,-, CCCP-70057, 1G135-24,Aeroflot / Kazakstan,Unknown,-,-,-,-,-,-,-,-,-,-,-,0,0,-,-,-
19830512-0,Thursday,12-MAY-1983,-,H2, En route (ENR),Havana-José Martí International Airport (HAV),Cuba,231,0, None,-,McDonnell Douglas DC-8-63CF,-,-,-,-,-, registration unknown,-,Capitol Airways,Domestic Scheduled Passenger, 236,San Juan-Isla Verde International Airport,SJU,TJSJ,Puerto Rico,Miami International Airport,MIA,KMIA,United States of America,-,-,0,0,-,-,-
19830514-0,Saturday,14-MAY-1983,-,O1, Standing (STD),"Calgary International Airport, AB (YYC)",Canada,0,0, Damaged beyond repair,-,de Havilland Canada DHC-6 Twin Otter 100,2,Pratt & Whitney Canada PT6A-20,1967,-,-, C-FVTL, 26,Simpson Air,Unknown,-,-,-,-,-,-,-,-,-,0,0,0,0,-,-,-
19830514-2,Saturday,14-MAY-1983,-,O1, Standing (STD),"Calgary International Airport, AB (YYC)",Canada,0,0, Damaged beyond repair,-,de Havilland Canada UC-1A Otter (DHC-3),-,-,1956,-,-, -, 158,private,-,-,-,-,-,-,-,-,-,-,0,0,0,0,-,-,-
19830515-0,Sunday,15-MAY-1983,-,A1, Maneuvering (MNV),"Kubitet, Tyazhinski District, Kemerovo Region",Russia,-,0, Damaged beyond repair,-,Antonov An-2R,-,-,-,-,-, CCCP-02877, 1G56-12,Aeroflot / West Siberia,Agricultural,-,-,-,-,-,-,-,-,-,-,-,0,0,-,-,-
19830517-0,Tuesday,17-MAY-1983,-,A1, Landing (LDG),"Barbers Point NAS, HI (NAX)",United States of America,-,0, Damaged beyond repair,-,Lockheed P-3B Orion,-,-,1966,-,-, 152733, 185-5173,US Navy,Military,-,-,-,-,-,-,-,-,-,-,-,0,0,-,-,-
19830518-0,Wednesday,18-MAY-1983,-,A1, En route (ENR),560 km (350 mls) NW off  Scotland,Atlantic Ocean,3,3, Damaged beyond repair,-,Learjet 25B,-,-,-,-,-, D-CDPD, 25-177,Air Traffic Executive Jet,Training,-,Wien-Schwechat International Airport,VIE,LOWW,Austria,Hamburg-Fuhlsbüttel Airport,HAM,EDDH,Germany,2,1,2,1,-,-,-
19830518-1,Wednesday,18-MAY-1983,-,U1, Unknown (UNK),Schleswig Airport (WBG),Germany,-,-, Damaged beyond repair,-,Britten-Norman BN-2 Islander,-,-,1968,-,-, D-IOLT, 21,FLN,Unknown,-,-,-,-,-,-,-,-,-,-,-,-,-,-,-,-
19830519-0,Thursday,19-MAY-1983,-,H2, En route (ENR),Havana-José Martí International Airport (HAV),Cuba,132,0, None,-,Boeing 727,-,-,-,-,-, registration unknown,-,Eastern Air Lines,Domestic Scheduled Passenger,EA24,Miami International Airport,MIA,KMIA,United States of America,New York-La Guardia Airport,LGA,KLGA,United States of America,-,-,0,0,-,-,-
19830520-1,Friday,20-MAY-1983,14:00,O1, Standing (STD),"Beaumont Municipal Airport, TX (BMT)",United States of America,0,0, Damaged beyond repair,-,Shorts 330-100,-,-,1979,-,-, N935MA, SH.3032,Metro Airlines,-,-,-,-,-,-,-,-,-,-,0,0,0,0,-,-,- (No safety board investigation)
19830525-0,Wednesday,25-MAY-1983,-,A1, Maneuvering (MNV),"near Shiryaiski, Ilovlya District, Volgograd Region",Russia,-,0, Damaged beyond repair,-,Antonov An-2R,-,-,1978,-,-, CCCP-62626, 1G178-18,Aeroflot / North Kavkaz,Agricultural,-,-,-,-,-,-,-,-,-,-,-,0,0,-,-,-
19830601-0,Wednesday,01-JUN-1983,-,O1, Standing (STD),Beirut International Airport (BEY),Lebanon,-,0, Damaged beyond repair,-,Boeing 720-023B,4,Pratt & Whitney JT3D-1-MC7,1961,-,-, OD-AFO, 18035/214,MEA,Unknown,-,-,-,-,-,-,-,-,-,-,-,0,0,-,-,-
19830602-0,Thursday,02-JUN-1983,08:50,A1, Takeoff (TOF),Bandar Lampung-Branti Airport (TKG),Indonesia,61,3, Damaged beyond repair,-,Fokker F-28 Fellowship 3000RC,-,-,1978,9227.0,9334.0, PK-GFV, 11132,Garuda,Domestic Scheduled Passenger,-,Bandar Lampung-Branti Airport,TKG,WICT,Indonesia,-,-,-,-,4,57,2,1,-,-,-
19830602-1,Thursday,02-JUN-1983,19:20,A1, En route (ENR),"Cincinnati/Northern Kentucky Airport, KY (CVG)",United States of America,46,23, Substantial, Written off (damaged beyond repair),McDonnell Douglas DC-9-32,2,Pratt & Whitney JT8D-7B,1968,34987.0,36825.0, C-FTLU, 47196/288,Air Canada,International Scheduled Passenger, 797,Dallas/Fort Worth International Airport,DFW,KDFW,United States of America,Toronto International Airport,YYZ,CYYZ,Canada,5,41,0,23,-,-,Final
19830603-0,Friday,03-JUN-1983,-,A2, Landing (LDG),Panama City-Tocumen International Airport (PTY),Panama,27,0, Substantial, Repaired,McDonnell Douglas DC-10-30,-,-,1973,-,-, PH-DTE, 46554/84,KLM,International Scheduled Passenger,-,Curaçao-Dr. Albert Plesman Airport,CUR,TNCC,Curaçao,Panama City-Tocumen International Airport,PTY,MPTO,Panama,10,17,0,0,-,-,-
19830606-0,Monday,06-JUN-1983,-,A1, En route (ENR),off Kinmen-Shang-Yi Airport (KNH),Taiwan,47,38, Damaged beyond repair,-,Fairchild C-119G Flying Boxcar,2,Wright R-3350,-,-,-, registration unknown,-,Republic of China AF,Military,-,Kinmen-Shang-Yi Airport,KNH,RCBS,Taiwan,-,-,-,-,8,39,-,-,-,-,-
