identifiant,week_day,date,time,type_event,phase,location,country,total_occupants,total_fatalities,aircraft_damage,aircraft_fate,type_aircraft,number_engines,type_engines,first_flight,cycles,total_airframe_hours,registration,c_n_msn,operator,nature,flight_number,departure_airport_name,departure_airport_IATA,departure_airport_ICAO,departure_airport_country,destination_airport_name,destination_airport_IATA,destination_airport_ICAO,destination_airport_country,crew_number,passengers_number,crew_fatalities,passengers_fatalities,collision_casualties,ground_casualties,status
19900530-0,Wednesday,30-MAY-1990,11:04,A2, Landing (LDG),"Mabuiag Island Airport, QLD (UBB)",Australia,9,0, Substantial, Repaired,Pilatus Britten Norman BN2A-26 Islander,-,-,1969,-,-, VH-RTP, 79,Cape York Air Services,Domestic Non Scheduled Passenger,-,Horn Island Airport,HID,YHID,Australia,Mabuiag Island Airport,UBB,YMAA,Australia,1,8,0,0,-,-,Final
19900599-0,-,xx-MAY-1990,-,A1, Unknown (UNK),Morobe Airport (OBM),Papua New Guinea,-,-, Damaged beyond repair,-,Britten-Norman BN-2A-26 Islander,2,Lycoming O-540-E4C5,1970,-,-, P2-IST, 180,Talair,Unknown,-,-,-,-,-,-,-,-,-,-,-,-,-,-,-,-
19900599-1,-,xx-MAY-1990,-,A1, Landing (LDG),Yelgava Airport,Latvia,-,0, Damaged beyond repair,-,Antonov An-2T,-,-,1958,-,-, 10 Yellow, 19447320,Rigas Aeroklubs,Unknown,-,-,-,-,-,-,-,-,-,-,-,0,0,-,-,-
19900602-0,Saturday,02-JUN-1990,09:37,A1, Approach (APR),"12 km (7.5 mls) from  Unalakleet Airport, AK (UNK)",United States of America,4,0, Destroyed, Written off (damaged beyond repair),Boeing 737-2X6C,2,Pratt & Whitney JT8D-17A,1984,-,-, N670MA, 23121/1025,MarkAir,Ferry/positioning,3087,Anchorage International Airport,ANC,PANC,United States of America,Unalakleet Airport,UNK,PAUN,United States of America,4,0,0,0,-,-,Final
19900602-1,Saturday,02-JUN-1990,16:02,A1, Landing (LDG),Kenkiyak,Kazakhstan,33,0, Damaged beyond repair,-,Antonov An-24B,-,-,1968,-,-, CCCP-46551, 87304503,Aeroflot / North Kavkaz,Domestic Scheduled Passenger,-,Krasnodar Airport,KRR,URKK,Russia,-,-,-,-,4,29,0,0,-,-,-
19900602-2,Saturday,02-JUN-1990,19:11,A2, Maneuvering (MNV),Antwerpen-Deurne Airport (ANR),Belgium,2,0, Substantial, Repaired,Embraer EMB-120RT Brasilia,-,-,1988,-,-, OO-DTH, 120104,DAT,"Aerial Work (Calibration, Photo)", 100,Liège-Bierset Airport,LGG,EBLG,Belgium,Brussel-Zaventem Airport,BRU,EBBR,Belgium,2,0,0,0,4,-,Final
19900606-1,Wednesday,06-JUN-1990,05:29,A1, Approach (APR),"0,8 km (0.5 mls) from  Altamira Airport, PA (ATM)",Brazil,42,22, Damaged beyond repair,-,Fairchild FH-227B,-,-,1967,-,-, PT-ICA, 570,TABA,Domestic Scheduled Passenger, 800,Belém/Val-de-Cans International Airport,BEL,SBBE,Brazil,Altamira Airport,ATM,SBHT,Brazil,3,39,2,20,-,-,Final
19900606-2,Wednesday,06-JUN-1990,17:15,A1, Landing (LDG),"Fresno-Chandler Airport, CA (FCH)",United States of America,1,0, Destroyed, Written off (damaged beyond repair),Cessna 208A Cargomaster,1,Pratt & Whitney Canada PT6A-114A,1985,-,-, N803FE, 20800015,Federal Express,Cargo,-,Fresno Air Terminal,FAT,KFAT,United States of America,Oakland International Airport,OAK,KOAK,United States of America,1,0,0,0,-,-,Final
19900607-0,Thursday,07-JUN-1990,-,A1, Unknown (UNK),"Kangiqsujuaq Airport, QC (YWB)",Canada,-,-, Damaged beyond repair,-,Douglas C-49J (DC-3),-,-,1942,-,-, C-FPQE, 6319,Gouvernement du Québec,Unknown,-,-,-,-,-,-,-,-,-,-,-,-,-,-,-,-
19900608-0,Friday,08-JUN-1990,-,H2, En route (ENR),Stockholm-Arlanda Airport (ARN),Sweden,121,0, None,-,Tupolev Tu-154,-,-,-,-,-, registration unknown,-,Aeroflot,Domestic Scheduled Passenger,-,Minsk-2 International Airport,MSQ,UMMS,Belarus,Murmansk Airport,MMK,ULMM,Russia,7,114,0,0,-,-,-
19900609-0,Saturday,09-JUN-1990,13:40,A2, Landing (LDG),"Mabuiag Island Airport, QLD (UBB)",Australia,1,0, Substantial, Repaired,Britten-Norman BN-2A-20 Islander,-,-,1975,-,-, VH-FCJ, 448,Falcon Airlines,Cargo,-,Horn Island Airport,HID,YHID,Australia,Mabuiag Island Airport,UBB,YMAA,Australia,1,0,0,0,-,-,Final
19900610-1,Sunday,10-JUN-1990,07:33,A2, En route (ENR),over Didcot,United Kingdom,87,0, Substantial, Repaired,BAC One-Eleven 528FL,2,Rolls-Royce Spey 512-14DW,1977,-,37724.0, G-BJRT, 234,British Airways,Int'l Non Scheduled Passenger,BA5390,Birmingham International Airport,BHX,EGBB,United Kingdom,Málaga Airport,AGP,LEMG,Spain,6,81,0,0,-,-,Final
19900612-0,Tuesday,12-JUN-1990,-,C1, En route (ENR),near Kabul,Afghanistan,10,0, Damaged beyond repair,-,Ilyushin Il-76MD,-,-,1982,2342.0,3343.0, CCCP-86905, 0023436054,Aeroflot / Uzbekistan,Cargo,-,Tashkent Airport,TAS,UTTT,Uzbekistan,Kabul Airport,KBL,OAKB,Afghanistan,10,0,0,0,-,-,-
19900619-0,Tuesday,19-JUN-1990,-,H2, En route (ENR),Helsinki-Vantaa Airport (HEL),Finland,59,0, None,-,Tupolev Tu-134,-,-,-,-,-, registration unknown,-,Aeroflot,Domestic Scheduled Passenger,-,Riga International Airport,RIX,EVRA,Latvia,Murmansk Airport,MMK,ULMM,Russia,5,54,0,0,-,-,-
19900621-1,Thursday,21-JUN-1990,19:15,A1, Takeoff (TOF),"Thistle Lake, NT",Canada,2,2, Damaged beyond repair,-,de Havilland Canada DHC-6 Twin Otter 300,2,Pratt & Whitney Canada PT6A-27,1972,-,-, C-FWAB, 349,Ptarmigan Airways,Cargo,-,-,-,-,-,-,-,-,-,2,0,2,0,-,-,-
19900623-1,Saturday,23-JUN-1990,-,O1, Pushback / towing (PBT),Santiago-Arturo Merino Benitez Airport (SCL),Chile,-,0, Damaged beyond repair,-,Boeing 707-321B,4,Pratt & Whitney JT3D-3B,1968,-,-, CC-CEI, 20021/769,LAN Chile,-,-,-,-,-,-,-,-,-,-,-,0,0,0,-,-,-
19900624-0,Sunday,24-JUN-1990,-,H2, En route (ENR),Helsinki-Vantaa Airport (HEL),Finland,76,0, None,-,Tupolev Tu-134,-,-,-,-,-, registration unknown,-,Aeroflot,Domestic Scheduled Passenger,-,Tallinn-Ülemiste Airport,TLL,EETN,Estonia,Lviv-Snilow Airport,LWO,UKLL,Ukraine,6,70,0,0,-,-,-
19900626-0,Tuesday,26-JUN-1990,-,A1, En route (ENR),"15 km (9.4 mls) E of Shurma, Urzhum District",Russia,3,3, Damaged beyond repair,-,Antonov An-2R,-,-,1975,22244.0,8200.0, CCCP-19730, 1G165-44,Aeroflot / Uralsk,Ferry/positioning,-,-,-,-,-,Kirov Airport,KVX,USKK,Russia,2,1,2,1,-,-,-
19900628-0,Thursday,28-JUN-1990,-,H2, En route (ENR),Orenburg Airport (REN),Russia,165,0, None,-,Tupolev Tu-154,-,-,-,-,-, registration unknown,-,Aeroflot,Domestic Scheduled Passenger,-,Krasnodar Airport,KRR,URKK,Russia,Krasnoyarsk Airport,KJA,UNKL,Russia,-,-,0,0,-,-,-
19900630-0,Saturday,30-JUN-1990,-,H2, En route (ENR),Stockholm-Arlanda Airport (ARN),Sweden,159,0, None,-,Tupolev Tu-154,-,-,-,-,-, registration unknown,-,Aeroflot,Domestic Scheduled Passenger,-,Lviv-Snilow Airport,LWO,UKLL,Ukraine,Leningrad-Pulkovo Airport,LED,ULLI,Russia,-,-,0,0,-,-,-
19900699-0,-,xx-JUN-1990,-,A1, Landing (LDG),Santo Domingo,Dominican Republic,-,0, Damaged beyond repair,-,Lockheed C-121J Super Constellation,-,-,1954,-,-, HI-532CT, 4155,Aerochago Airlines,Unknown,-,-,-,-,-,-,-,-,-,-,-,0,0,-,-,-
19900701-0,Sunday,01-JUL-1990,00:19,A1, Landing (LDG),Yakutsk Airport (YKS),Russia,109,0, Destroyed, Written off (damaged beyond repair),Ilyushin Il-62M,4,Soloviev D-30KU,1976,-,-, CCCP-86456, 2623717,Aeroflot / Moscow,Domestic Scheduled Passenger,-,Moskva-Domodedovo Airport,DME,UUDD,Russia,Yakutsk Airport,YKS,UEEE,Russia,10,99,0,0,-,-,-
19900704-0,Wednesday,04-JUL-1990,-,H2, En route (ENR),Rostov Airport (ROV),Russia,-,0, None,-,Tupolev Tu-134,-,-,-,-,-, registration unknown,-,Aeroflot,Domestic Scheduled Passenger,-,Adler/Sochi Airport,AER,URSS,Russia,Rostov Airport,ROV,URRR,Russia,-,-,0,0,-,-,-
19900705-0,Thursday,05-JUL-1990,-,H2, En route (ENR),unknown airstrip,Colombia,10,0, Unknown,-,de Havilland Canada DHC-6 Twin Otter 300,2,Pratt & Whitney Canada PT6A-27,1977,-,-, HP-759, 544,AeroPerlas,Domestic Scheduled Passenger,-,Colon-Enrique A. Jimenez Airport,ONX,MPEJ,Panama,Panama City-Paitilla Airport,PAC,MPMG,Panama,2,8,0,0,-,-,-
19900705-1,Thursday,05-JUL-1990,-,H2, En route (ENR),Stockholm-Arlanda Airport (ARN),Sweden,178,0, None,-,Tupolev Tu-154,-,-,-,-,-, registration unknown,-,Aeroflot,Domestic Scheduled Passenger,-,Leningrad-Pulkovo Airport,LED,ULLI,Russia,Lviv-Snilow Airport,LWO,UKLL,Ukraine,7,171,0,0,-,-,-
19900705-2,Thursday,05-JUL-1990,-,A1, En route (ENR),35 km (21.9 mls) N of Port Moresby,Papua New Guinea,12,8, Damaged beyond repair,-,IRMA/Britten-Norman BN-2B-21 Islander,2,Lycoming IO-540-K1B5,1977,-,-, P2-DNJ, 857,Douglas Airways,Domestic Scheduled Passenger,-,Port Moresby-Jacksons International Airport,POM,AYPY,Papua New Guinea,Woitape Airport,WTP,AYWT,Papua New Guinea,1,11,1,7,-,-,-
19900710-0,Tuesday,10-JUL-1990,-,H2, En route (ENR),Leningrad-Pulkovo Airport (LED),Russia,143,0, None,-,Tupolev Tu-154,-,-,-,-,-, registration unknown,-,Aeroflot,Domestic Scheduled Passenger,-,Leningrad-Pulkovo Airport,LED,ULLI,Russia,Murmansk Airport,MMK,ULMM,Russia,-,-,0,0,-,-,-
19900712-0,Thursday,12-JUL-1990,-,H2, En route (ENR),Leningrad-Pulkovo Airport (LED),Russia,-,0, None,-,Tupolev Tu-154,-,-,-,-,-, registration unknown,-,Aeroflot,Domestic Scheduled Passenger,-,Leningrad-Pulkovo Airport,LED,ULLI,Russia,Murmansk Airport,MMK,ULMM,Russia,-,-,0,0,-,-,-
19900712-1,Thursday,12-JUL-1990,-,A1, Approach (APR),off Union Island,Saint Vincent and the Grenadines,2,2, Damaged beyond repair,-,Britten-Norman BN-2A-8 Islander,-,-,1967,-,-, J6-SLW, 6,Eagle Air Services,Domestic Scheduled Passenger,-,-,-,-,-,Union Island Airport,UNI,TVSU,Saint Vincent and the Grenadines,1,1,1,1,-,-,-
19900714-1,Saturday,14-JUL-1990,16:27,A1, En route (ENR),Aruba-Reina Beatrix Airport (AUA),Aruba,3,0, Damaged beyond repair,-,Lockheed L-188CF Electra,4,Allison 501-D13,1959,-,-, N4465F, 1096,TPI,Cargo,-,Aruba-Reina Beatrix Airport,AUA,TNCA,Aruba,Panama City-Tocumen International Airport,PTY,MPTO,Panama,3,0,0,0,-,-,Final
19900714-2,Saturday,14-JUL-1990,-,A1, Landing (LDG),Khartoum-Civil Airport (KRT),Sudan,5,0, Damaged beyond repair,-,Boeing 707-349C,4,Pratt & Whitney JT3D-3B,1965,-,-, ST-ALK, 18976/449,TAAT,Cargo,-,-,-,-,-,Khartoum-Civil Airport,KRT,HSSS,Sudan,5,0,0,0,-,-,-
19900715-0,Sunday,15-JUL-1990,09:55,A1, En route (ENR),Ponmudi Mountain range,India,5,5, Damaged beyond repair,-,Antonov An-32,2,Ivchenko AI-20,1985,-,-, K2705, 0410,Indian AF,Military,-,-,-,-,-,Thiruvananthapuram International Airport,TRV,VOTV,India,5,0,5,0,-,-,-
19900715-1,Sunday,15-JUL-1990,-,U1, Unknown (UNK),Shivrajpur,India,-,-, Damaged beyond repair,-,Antonov An-32,-,-,-,-,-, K2763, 1209 ?,Indian AF,Military,-,-,-,-,-,-,-,-,-,-,-,-,-,-,-,-
19900717-0,Tuesday,17-JUL-1990,16:40,A1, Landing (LDG),"Calgary International Airport, AB (YYC)",Canada,2,0, Damaged beyond repair,-,de Havilland Canada DHC-5D Buffalo,-,-,1976,-,-, HC-BFH, 64,Ecuador Air Force,Ferry/positioning,-,Billings-Logan International Airport,BIL,KBIL,United States of America,Calgary International Airport,YYC,CYYC,Canada,2,0,0,0,-,-,Preliminary - official
19900718-0,Wednesday,18-JUL-1990,-,H2, En route (ENR),Sukhumi Airport (SUI),Georgia,75,0, None,-,Tupolev Tu-134,-,-,-,-,-, registration unknown,-,Aeroflot,Domestic Scheduled Passenger,-,Odessa-Central Airport,ODS,UKOO,Ukraine,Sukhumi-Babusheri Airport,SUI,UGSS,Georgia,-,-,0,0,-,-,-
19900719-0,Thursday,19-JUL-1990,20:30,A1, Landing (LDG),Amsterdam-Schiphol Airport (AMS),Netherlands,21,0, Substantial, Written off (damaged beyond repair),Fokker F-27 Friendship 200,-,-,1963,53289.0,51397.0, G-BCDO, 10234,Air UK,International Scheduled Passenger,UK872,London-Stansted Airport,STN,EGSS,United Kingdom,Amsterdam-Schiphol International Airport,AMS,EHAM,Netherlands,4,17,0,0,-,-,-
19900719-1,Thursday,19-JUL-1990,-,A1, Unknown (UNK),at an unknown location,Russia,-,-, Damaged beyond repair,-,Antonov An-2,-,-,1977,-,-, CCCP-40861, 1G176-30,Aeroflot / Yakutsk,Unknown,-,-,-,-,-,-,-,-,-,-,-,-,-,-,-,-
19900721-0,Saturday,21-JUL-1990,-,A1, Landing (LDG),Touba Airport (TOZ),Cote d'Ivoire,12,0, Damaged beyond repair,-,Beechcraft 200 Super King Air,-,-,1977,-,-, TU-VBB, BB-295,Air Ivoire,Domestic Scheduled Passenger,-,Abidjan-Felix Houphouet Boigny Airport,ABJ,DIAP,Cote d'Ivoire,Touba Airport,TOZ,DITM,Cote d'Ivoire,2,10,0,0,-,-,-
19900722-0,Sunday,22-JUL-1990,14:55,A1, Takeoff (TOF),"Kinston-Stallings Field, NC (ISO)",United States of America,27,0, Substantial, Written off (damaged beyond repair),Boeing 737-222,2,Pratt & Whitney JT8D-9A,1969,-,51264.0, N210US, 19555/129,USAir,Domestic Scheduled Passenger,-,Kinston-Stallings Field,ISO,KISO,United States of America,Charlotte-Douglas Airport,CLT,KCLT,United States of America,5,22,0,0,-,-,Final
19900723-0,Monday,23-JUL-1990,-,H2, En route (ENR),Petrozavodsk Airport (PES),Russia,74,0, None,-,Tupolev Tu-134,-,-,-,-,-, registration unknown,-,Aeroflot,Domestic Scheduled Passenger,-,Riga International Airport,RIX,EVRA,Latvia,Murmansk Airport,MMK,ULMM,Russia,-,-,0,0,-,-,-
19900724-1,Tuesday,24-JUL-1990,-,A1, Landing (LDG),near San Juan,Philippines,3,0, Damaged beyond repair,-,Douglas C-47A-70-DL (DC-3),2,Pratt & Whitney R-1830-92,1943,-,-, RP-C140, 19253,Victoria Air,Cargo,-,Roxas City Airport,RXS,RPVR,Philippines,Manila-Ninoy Aquino International Airport,MNL,RPLL,Philippines,3,0,0,0,-,-,-
19900725-0,Wednesday,25-JUL-1990,11:16,A1, Takeoff (TOF),Addis Ababa-Bole Airport (ADD),Ethiopia,4,0, Damaged beyond repair,-,Boeing 707-379C,4,Pratt & Whitney JT3D-3B,1968,-,-, ET-ACQ, 19820/709,Ethiopian Airlines,Cargo,-,Addis Ababa-Bole Airport,ADD,HAAB,Ethiopia,Asmara International Airport,ASM,HAAY,Eritrea,4,0,0,0,-,-,-
19900726-0,Thursday,26-JUL-1990,-,A1, Unknown (UNK),Iberia,Peru,10,0, Damaged beyond repair,-,Antonov An-2,-,-,-,-,-, registration unknown,-,Aero Manu,Passenger,-,-,-,-,-,-,-,-,-,-,-,0,0,-,-,-
19900727-0,Friday,27-JUL-1990,-,A1, Unknown (UNK),Bielsko-Biala,Poland,-,-, Damaged beyond repair,-,Antonov An-2T,-,-,-,-,-, SP-ANZ, 1G52-18,Aeroklub Zaglebia Miedziowego,Unknown,-,-,-,-,-,-,-,-,-,-,-,-,-,-,-,-
19900731-0,Tuesday,31-JUL-1990,14:15,A1, Takeoff (TOF),Saint-Yan-Charolais Bourgogne Sud Airport (SYT),France,3,0, Damaged beyond repair,-,Aérospatiale SN.601 Corvette,2,Pratt & Whitney Canada JT15D-4,1977,-,-, F-BTTU, 37,DGAC/SFACT,Training,-,Saint-Yan-Charolais Bourgogne Sud Airport,SYT,LFLN,France,Saint-Yan-Charolais Bourgogne Sud Airport,SYT,LFLN,France,3,0,0,0,-,-,-
19900801-1,Wednesday,01-AUG-1990,11:10,A1, Approach (APR),22 km (13.8 mls) W of Stepanakert,Azerbaijan,46,46, Damaged beyond repair,-,Yakovlev Yak-40,3,Ivchenko AI-25,1974,-,-, CCCP-87453, 9431036,Aeroflot / Armenia,Domestic Scheduled Passenger,-,Yerevan-Zvartnots Airport,EVN,UDYZ,Armenia,-,-,-,-,3,43,3,43,-,-,-
19900810-1,Friday,10-AUG-1990,-,A1, Initial climb (ICL),near Shindand,Afghanistan,83,83, Damaged beyond repair,-,Antonov An-12,-,-,-,-,-, registration unknown,-,Afghan AF,Military,-,-,-,-,-,-,-,-,-,5,78,5,78,-,-,-
19900812-0,Sunday,12-AUG-1990,-,A1, Initial climb (ICL),Juba Airport (JUB),South Sudan,5,0, Damaged beyond repair,-,Lockheed L-100-30 Hercules,4,Allison 501-D22A,1970,-,-, N911SJ, 4384,Southern Air Transport,Cargo,-,Juba Airport,JUB,HSSJ,South Sudan,-,-,-,-,4,1,0,0,-,-,-
19900812-1,Sunday,12-AUG-1990,-,A1, Unknown (UNK),at an unknown location,Russia,-,-, Damaged beyond repair,-,Antonov An-2,-,-,1964,-,-, CCCP-62407, 1G40-09,Aeroflot / Yakutsk,Unknown,-,-,-,-,-,-,-,-,-,-,-,-,-,-,-,-
19900813-0,Monday,13-AUG-1990,18:40,A1, Approach (APR),Cozumel Airport (CZM),Mexico,8,1, Damaged beyond repair,-,Rockwell 1121 Jet Commander,-,-,-,-,-, N301AJ, 48,Aviex Jet,Unknown,-,Kingston Airport,KIN,MKJP,Jamaica,Cozumel Airport,CZM,MMCZ,Mexico,2,6,1,0,-,-,-
19900814-0,Tuesday,14-AUG-1990,-,A1, Landing (LDG),Orchid Island Airport (KYD),Taiwan,2,0, Damaged beyond repair,-,Dornier 228-201,-,-,1987,-,-, B-12268, 8129,Formosa Airlines,Cargo,-,-,-,-,-,Orchid Island Airport,KYD,RCLY,Taiwan,2,0,0,0,-,-,-
19900816-0,Thursday,16-AUG-1990,-,H2, Unknown (UNK),Aden International Airport (ADE),Yemen,-,0, Unknown,-,de Havilland Canada DHC-6 Twin Otter,-,-,-,-,-, registration unknown,-,Ethiopian Airlines,Passenger,-,Dessie-Combolcha Airport,DSE,HADC,Ethiopia,Addis Ababa-Bole Airport,ADD,HAAB,Ethiopia,-,-,0,0,-,-,-
19900818-0,Saturday,18-AUG-1990,13:43,A1, Landing (LDG),Rushan,Tajikistan,-,0, Damaged beyond repair,-,Antonov An-28,2,Glushenkov TVD-10B,1987,-,-, CCCP-28761, 1AJ004-10,Aeroflot / Tajikistan,Unknown,-,-,-,-,-,-,-,-,-,-,-,0,0,-,-,Preliminary
19900819-0,Sunday,19-AUG-1990,-,H2, En route (ENR),Karachi International Airport (KHI),Pakistan,92,0, None,-,Tupolev Tu-154,-,-,-,-,-, registration unknown,-,Aeroflot,Domestic Scheduled Passenger,-,Chulman/Neryungri Airport,NER,UELL,Russia,Yakutsk Airport,YKS,UEEE,Russia,7,85,0,0,-,-,-
19900820-1,Monday,20-AUG-1990,-,A1, Standing (STD),"Charlotte-Douglas Airport, NC (CLT)",United States of America,2,0, Damaged beyond repair,-,Shorts 360-300,-,-,1987,-,-, N730CC, SH.3730,CCAir,Domestic Scheduled Passenger,-,Charlotte-Douglas Airport,CLT,KCLT,United States of America,-,-,-,-,2,0,0,0,-,-,-
19900821-1,Tuesday,21-AUG-1990,07:58,A1, En route (ENR),Yunlin,Taiwan,18,18, Damaged beyond repair,-,Beechcraft 1900C-1,2,Pratt & Whitney Canada PT6A-65B,1988,-,-, 1905, UC-5,Republic of China AF,Military,-,Taipei-Songshan Airport,TSA,RCSS,Taiwan,Chiayi Airport,CYI,RCKU,Taiwan,3,15,3,15,-,-,-
19900822-0,Wednesday,22-AUG-1990,10:20,A2, En route (ENR),"California City, CA",United States of America,1,0, Substantial, Repaired,de Havilland Canada DHC-6 Twin Otter 100,2,Pratt & Whitney Canada PT6A-20,1967,-,-, N203E,  53,Unknown,"Aerial Work (Calibration, Photo)",-,-,-,-,-,-,-,-,-,1,0,0,0,-,-,Final
19900823-0,Thursday,23-AUG-1990,17:20,A1, Takeoff (TOF),"Houston-Intercontinental Airport, TX (IAH)",United States of America,15,3, Destroyed, Written off (damaged beyond repair),Grumman G-159 Gulfstream I,2,Rolls-Royce Dart 529-8X,1969,-,5343.0, N80RD, 198,Rowan Drilling Comp. Marine,Executive,-,Houston-Intercontinental Airport,IAH,KIAH,United States of America,New Orleans International Airport,MSY,KMSY,United States of America,3,12,2,1,-,-,Final
19900823-1,Thursday,23-AUG-1990,-,A1, Takeoff (TOF),Kacha Air Base,Ukraine,-,0, Damaged beyond repair,-,Ilyushin Il-20,-,-,1973,-,-, registration unknown, 173011403,Soviet Navy,Military,-,-,-,-,-,Nikolaev Airport,NLV,UKON,Ukraine,-,0,0,0,-,-,-
19900825-0,Saturday,25-AUG-1990,12:00,A1, Landing (LDG),Sibu Airport (SBW),Malaysia,40,1, Substantial, Written off (damaged beyond repair),Lockheed C-130H Hercules,-,-,1976,-,-, M30-03, 4674,Royal Malaysian AF,Military,-,Kuching Airport,KCH,WBGG,Malaysia,Sibu Airport,SBW,WBGS,Malaysia,8,32,0,1,-,-,-
19900827-0,Monday,27-AUG-1990,10:25,A2, Landing (LDG),"Los Angeles International Airport, CA (LAX)",United States of America,343,0, Minor, Repaired,Boeing 747-422,4,Pratt & Whitney PW4056,1990,402.0,2952.0, N174UA, 24381/762,United Airlines,International Scheduled Passenger,-,Sydney-Kingsford Smith International Airport,SYD,YSSY,Australia,Los Angeles International Airport,LAX,KLAX,United States of America,20,323,0,0,-,-,Final
19900829-0,Wednesday,29-AUG-1990,12:33,A1, Initial climb (ICL),Ramstein AFB (RMS),Germany,17,13, Destroyed, Written off (damaged beyond repair),Lockheed C-5A Galaxy,4,General Electric TF39,-,-,-, 68-0228, 500-0031,USAF,Military,-,Ramstein AFB,RMS,ETAR,Germany,Frankfurt-Rhein-Main AFB,FRF,EDAF,Germany,9,8,8,5,-,-,-
19900830-0,Thursday,30-AUG-1990,-,H2, En route (ENR),Voronezh Airport (VOZ',Russia,-,0, None,-,Yakovlev Yak-42,3,Lotarev D-36,-,-,-, registration unknown,-,Aeroflot,Domestic Scheduled Passenger,-,-,-,-,-,Voronezh Airport,VOZ,UUOO,Russia,-,-,0,0,-,-,-
19900830-1,Thursday,30-AUG-1990,-,H2, En route (ENR),Livny,Russia,-,0, None,-,Antonov An-2,-,-,-,-,-, registration unknown,-,Aeroflot,Domestic Scheduled Passenger,-,-,-,-,-,-,-,-,-,-,-,0,0,-,-,-
19900902-0,Sunday,02-SEP-1990,-,H2, En route (ENR),Frunze Airport,Russia,-,0, Unknown,-,unknown,-,-,-,-,-, registration unknown,-,Aeroflot,Domestic Scheduled Passenger,-,-,-,-,-,-,-,-,-,-,-,0,0,-,-,-
19900906-0,Thursday,06-SEP-1990,-,A1, Approach (APR),near Moabi,Gabon,-,-, Damaged beyond repair,-,Embraer EMB-110P1K Bandeirante,2,Pratt & Whitney Canada PT6A-34,1980,-,-, TR-KN., 110,Gabonese AF,Military,-,-,-,-,-,-,-,-,-,-,-,-,-,-,-,-
19900909-0,Sunday,09-SEP-1990,-,O1, Standing (STD),Pavlodar Airport (PWQ),Russia,0,0, Damaged beyond repair,-,Yakovlev Yak-40,3,Ivchenko AI-25,1974,16579.0,24311.0, CCCP-87451, 9430836,Aeroflot / Kazakstan,-,-,-,-,-,-,-,-,-,-,0,0,0,0,-,-,-
19900909-1,Sunday,09-SEP-1990,-,A1, Landing (LDG),Pavlodar Airport (PWQ),Kazakhstan,22,0, Damaged beyond repair,-,Yakovlev Yak-40K,3,Ivchenko AI-25,1977,12388.0,17930.0, CCCP-87914, 9730355,Aeroflot / Kazakstan,Domestic Scheduled Passenger,-,-,-,-,-,Pavlodar Airport,PWQ,UASP,Kazakhstan,4,18,0,0,-,-,-
19900911-0,Tuesday,11-SEP-1990,15:30,A1, En route (ENR),"290 km (181.3 mls) SE off  Newfoundland, Canada",Atlantic Ocean,16,16, Missing, Presumed damaged beyond repair,Boeing 727-247,3,Pratt & Whitney JT8D-9,1969,-,-, OB-1303, 20266/760,Faucett,Ferry/positioning,-,Reykjavík-Keflavík International Airport,KEF,BIKF,Iceland,Gander Airport,YQX,CYQX,Canada,6,10,6,10,-,-,-
19900911-1,Tuesday,11-SEP-1990,04:00,A1, En route (ENR),"near Albuquerque, NM",United States of America,2,2, Destroyed, Written off (damaged beyond repair),Morane Saulnier MS.760B Paris II,2,Turbomeca Marboré VI C-2,-,-,1108.0, N23ST, 50,Stonewall Transport,Private,-,Albuquerque International Airport,ABQ,KABQ,United States of America,Las Cruces Municipal Airport,LRU,KLRU,United States of America,1,1,1,1,-,-,Final
19900912-0,Wednesday,12-SEP-1990,-,A1, Unknown (UNK),353 km (220.6 mls) from  Mirny Ice Station,Antarctica,-,0, Damaged beyond repair,-,Ilyushin Il-14P,-,-,-,13353.0,32985.0, CCCP-41803, 146000938,Aeroflot / Central Region,Unknown,-,-,-,-,-,-,-,-,-,-,-,0,0,-,-,-
19900913-0,Thursday,13-SEP-1990,-,H2, En route (ENR),Bangalore-Hindustan Airport (BLR),India,-,0, None,-,Boeing 737,-,-,-,-,-, registration unknown,-,Indian Airlines,Domestic Scheduled Passenger,IC534,Coimbatore-Peelamedu Airport,CJB,VOCB,India,Bangalore-Hindustan Airport,BLR,VOBG,India,-,-,0,0,-,-,-
19900914-0,Friday,14-SEP-1990,01:53,A1, Approach (APR),"1,7 km (1.1 mls) W of Sverdlovsk-Koltsovo Airport (SVX)",Russia,129,4, Damaged beyond repair,-,Yakovlev Yak-42,3,Lotarev D-36,1988,2824.0,4509.0, CCCP-42351, 1811379,Aeroflot / North Kavkaz,Domestic Scheduled Passenger,8175,Volgograd Airport,VOG,URWW,Russia,Sverdlovsk-Koltsovo Airport,SVX,USSS,Russia,5,124,1,3,-,-,-
19900914-1,Friday,14-SEP-1990,12:40,A2, Takeoff (TOF),Pereira-Matecaña Airport (PEI),Colombia,9,2, Substantial, Repaired,Cessna 208 Caravan I,1,Pratt & Whitney Canada PT6A-114A,1989,-,-, HK-3510P, 20800154,private,Domestic Non Scheduled Passenger,-,Pereira-Matecaña Airport,PEI,SKPE,Colombia,Cali Airport,CLO,SKCL,Colombia,2,7,0,2,-,-,-
19900916-0,Sunday,16-SEP-1990,08:24,A2, Landing (LDG),"Morristown-Moore-Murrell Airport, TN (MOR)",United States of America,1,0, Substantial, Repaired,Learjet 24A,2,General Electric CJ610-4,1967,-,-, N500P, 24-119,Connie Kalitta,Illegal Flight,-,Morristown Municipal Airport,MMU,KMMU,United States of America,-,-,-,-,1,0,0,0,-,-,Final
19900916-1,Sunday,16-SEP-1990,13:26,A1, Taxi (TXI),"Conroe-Montgomery County Airport, TX (CXO)",United States of America,4,0, Destroyed, Written off (damaged beyond repair),Howard Cargo Harpoon,2,Pratt & Whitney R-2800-31,-,-,1900.0, N7428C, 15-1228,Confederate Air Force,Private,-,Conroe-Montgomery County Airport,CXO,KCXO,United States of America,Lafayette Regional Airport,LFT,KLFT,United States of America,4,0,0,0,-,-,Final
19900920-0,Thursday,20-SEP-1990,-,A1, Unknown (UNK),Saylla Chico,Peru,7,0, Damaged beyond repair,-,Antonov An-2R,-,-,-,-,-, OB-1349, 1G127-54,Aero Manu,Passenger,-,-,-,-,-,-,-,-,-,-,-,0,0,-,-,-
19900920-1,Thursday,20-SEP-1990,07:07,A1, Takeoff (TOF),"Marana-Pinal Air Park, AZ (MZJ)",United States of America,3,1, Destroyed, Written off (damaged beyond repair),Boeing 707-321B,4,Pratt & Whitney JT3D-3B,1969,-,34965.0, N320MJ, 20028/783,Omega Air Inc,Ferry/positioning,-,Marana-Pinal Air Park,MZJ,KMZJ,United States of America,Tucson-Davis Monthan AFB,DMA,KDMA,United States of America,3,0,1,0,-,-,Final
19900920-2,Thursday,20-SEP-1990,19:40,A1, Initial climb (ICL),"off Fernando de Noronha Airport, FN (FEN)",Brazil,12,12, Damaged beyond repair,-,Embraer EMB-110P1 Bandeirante,2,Pratt & Whitney Canada PT6A-34,1981,-,-, PT-FAW, 110368,Pernambuco State Gov.,Domestic Scheduled Passenger,-,Fernando de Noronha Airport,FEN,SBFN,Brazil,Recife-Guararapes International Airport,REC,SBRF,Brazil,2,10,2,10,-,-,Final
19900921-0,Friday,21-SEP-1990,09:25,A2, Pushback / towing (PBT),"Sydney-Kingsford Smith International Airport, NSW (SYD)",Australia,5,0, Substantial, Repaired,Boeing 707-336C,-,-,1971,-,-, VR-HKK, 20517/854,Air Hong Kong,Cargo,-,Sydney-Kingsford Smith International Airport,SYD,YSSY,Australia,-,-,-,-,3,2,0,0,-,-,Final
19900924-0,Monday,24-SEP-1990,07:02,A1, Approach (APR),"ca 3 km NW of San Luis Obispo-County Airport, CA (SBP)",United States of America,4,4, Destroyed, Written off (damaged beyond repair),Cessna 500 Citation I,2,Pratt & Whitney Canada JT15D-1A,-,-,4197.0, N79DD, 500-0254,Hi-Tech Helicopters,Private,-,Los Angeles-Van Nuys Airport,VNY,KVNY,United States of America,San Luis Obispo-County Airport,SBP,KSBP,United States of America,2,2,2,2,-,-,Final
19900924-1,Monday,24-SEP-1990,-,A1, Approach (APR),8 km (5 mls) N of Halmstad Airport (HAD),Sweden,2,2, Damaged beyond repair,-,Beechcraft Tp 101 (200 Super King Air),-,-,1981,-,-, 101001, BL-25,Swedish AF,Military,-,-,-,-,-,Halmstad Airport,HAD,ESMT,Sweden,2,0,2,0,-,-,-
19900925-0,Tuesday,25-SEP-1990,-,H2, En route (ENR),Arkhangelsk-Talaghy Airport (ARH),Russia,-,0, None,-,unknown,-,-,-,-,-, registration unknown,-,Aeroflot,Domestic Scheduled Passenger,-,Leningrad-Pulkovo Airport,LED,ULLI,Russia,Arkhangelsk-Talaghy Airport,ARH,ULAA,Russia,-,66,0,0,-,-,-
19900925-1,Tuesday,25-SEP-1990,-,A1, Landing (LDG),"Crows Landing-Aux Field, CA (NRC)",United States of America,-,0, Damaged beyond repair,-,Lockheed P-3C Orion,4,Allison T56-A14,1984,-,-, 161762, 185-5772,US Navy,Military,-,-,-,-,-,-,-,-,-,-,-,0,0,-,-,-
19900929-0,Saturday,29-SEP-1990,12:29,A1, Maneuvering (MNV),"Lakeport, CA",United States of America,8,8, Destroyed, Written off (damaged beyond repair),Lockheed PV-2D Harpoon,2,Pratt & Whitney R-2800-31,-,-,-, N7250C, 15-1605,Private,Private,-,Santa Rosa-Sonoma County Airport,STS,KSTS,United States of America,Santa Rosa-Sonoma County Airport,STS,KSTS,United States of America,1,7,1,7,-,-,Final
19900930-0,Sunday,30-SEP-1990,13:59,A1, Maneuvering (MNV),"near Wynoochee Dam, WA",United States of America,2,2, Damaged beyond repair,-,Lockheed P-2H Neptune,-,-,-,-,-, N65170, 826-8025,Black Hills Aviation,Fire fighting,-,-,-,-,-,-,-,-,-,2,0,2,0,-,-,-
19900999-0,-,xx-SEP-1990,-,A1, En route (ENR),at an unknown location,Unknown country,-,-, Damaged beyond repair,-,Convair CV-240-23,-,-,1950,-,-, HI-376CT, 177,Aerochago Airlines,Unknown,-,-,-,-,-,-,-,-,-,-,-,-,-,-,-,-
19901002-2,Tuesday,02-OCT-1990,09:04,C1, Standing (STD),Guangzhou-Baiyun Airport (CAN),China,1,0, Damaged beyond repair,-,Boeing 707-3J6B,4,Pratt & Whitney JT3D-7,1973,-,-, B-2402, 20714/869,China Southwest,-,2402,Chengdu Airport,CTU,ZUUU,China,Guangzhou-Baiyun Airport,CAN,ZGGG,China,1,0,0,0,-,-,-
19901002-3,Tuesday,02-OCT-1990,09:04,H1, Landing (LDG),Guangzhou-Baiyun Airport (CAN),China,102,82, Destroyed, Written off (damaged beyond repair),Boeing 737-247,2,Pratt & Whitney JT8D-17A,1984,-,-, B-2510, 23189/1072,Xiamen Airlines,Domestic Scheduled Passenger,8301,Xiamen Airport,XMN,ZSAM,China,Guangzhou-Baiyun Airport,CAN,ZGGG,China,9,93,7,75,46,-,-
19901002-4,Tuesday,02-OCT-1990,09:04,C1, Standing (STD),Guangzhou-Baiyun Airport (CAN),China,122,46, Damaged beyond repair,-,Boeing 757-21B,2,Rolls-Royce RB211-535E4,1990,-,-, B-2812, 24758/282,China Southern,Domestic Scheduled Passenger,-,Guangzhou-Baiyun Airport,CAN,ZGGG,China,Shanghai-Hongqiao Airport,SHA,ZSSS,China,12,110,0,46,82,-,-
19901004-0,Thursday,04-OCT-1990,-,A2, Landing (LDG),Ramsar Airport (RZR),Iran,50,0, Substantial, Repaired,Fokker F-27 Friendship 600,-,-,1977,12897.0,13034.0, EP-ANA, 10554,Iran Aseman Airlines,Passenger,-,-,-,-,-,Ramsar Airport,RZR,OINR,Iran,4,46,0,0,-,-,-
19901005-0,Friday,05-OCT-1990,-,H2, En route (ENR),Helsinki-Vantaa Airport (HEL),Finland,28,0, None,-,Yakovlev Yak-40,-,-,-,-,-, registration unknown,-,Aeroflot,Domestic Scheduled Passenger,-,Novgorod Airport,NVR,ULNN,Russia,Petrozavodsk Airport,PES,ULPB,Russia,3,25,0,0,-,-,-
19901007-0,Sunday,07-OCT-1990,-,H2, En route (ENR),Kotlas Airport (KSZ),Russia,-,0, None,-,Antonov An-24,-,-,-,-,-, registration unknown,-,Aeroflot,Domestic Scheduled Passenger,-,Perm Airport,PEE,USPP,Russia,Arkhangelsk-Talaghy Airport,ARH,ULAA,Russia,-,-,0,0,-,-,-
19901008-0,Monday,08-OCT-1990,-,C1, Unknown (UNK),near Kigali Airport (KGL),Rwanda,-,-, Damaged beyond repair,-,IRMA/Britten-Norman BN-2A Islander,-,-,1975,-,-, 9XR-GV, 751,Rwanda AF,Military,-,-,-,-,-,-,-,-,-,-,-,-,-,-,-,-
19901010-0,Wednesday,10-OCT-1990,13:10,A1, Approach (APR),4 km (2.5 mls) from  Novosibirsk-Yeltsovka Airport,Russia,10,9, Damaged beyond repair,-,Antonov An-8,-,-,1960,5739.0,11726.0, CCCP-69320, 0B-3420,MAP Novosibirsk,Cargo,-,-,-,-,-,-,-,-,-,5,5,4,5,-,-,-
19901010-1,Wednesday,10-OCT-1990,-,A2, Landing (LDG),Tarakan-Juwata Airport (TRK),Indonesia,19,0, Minor, Repaired,Hawker Siddeley HS-748-234 Srs. 2A,-,-,1967,-,-, PK-IHS, 1615,Bouraq Indonesia,Domestic Scheduled Passenger,-,-,-,-,-,Tarakan-Juwata Airport,TRK,WALR,Indonesia,5,14,0,0,-,-,Preliminary - official
19901011-0,Thursday,11-OCT-1990,-,A1, Landing (LDG),Zacapú Airport,Mexico,13,0, Damaged beyond repair,-,Grumman G-159 Gulfstream I,-,-,1959,-,-, XB-ESO,  15,Celanese Mexicana,Private,-,-,-,-,-,-,-,-,-,2,11,0,0,-,-,-
19901012-0,Friday,12-OCT-1990,11:00,A1, Landing (LDG),Odessa-Central Airport (ODS),Ukraine,15,0, Damaged beyond repair,-,Let L-410UVP,-,-,1982,-,-, CCCP-67331, 820831,Aeroflot / Ukraine,Domestic Scheduled Passenger,-,-,-,-,-,Odessa-Central Airport,ODS,UKOO,Ukraine,-,-,0,0,-,-,-
19901019-0,Friday,19-OCT-1990,15:25,A1, En route (ENR),"Huayna Potosí Mountain, Los Novios Peak",Bolivia,3,3, Destroyed, Written off (damaged beyond repair),Douglas C-47B-40-DK (DC-3),2,Pratt & Whitney R-1830-90C,1945,-,-, CP-735, 33553/15805,BAFIN,Cargo,-,Santa Ana-Yacuma Airport,SBL,SLSA,Bolivia,La Paz-El Alto Airport,LPB,SLLP,Bolivia,3,0,3,0,-,-,Preliminary - official
19901020-0,Saturday,20-OCT-1990,14:10,A1, Takeoff (TOF),Kutaisi Airport (KUT),Georgia,171,0, Damaged beyond repair,-,Tupolev Tu-154B-1,3,Kuznetsov NK-8-2U,1978,10227.0,23472.0, CCCP-85268, 78A268,Aeroflot / Georgia,Domestic Scheduled Passenger,-,Kutaisi Airport,KUT,UGKO,Georgia,Kiev-Borispol Airport,KBP,UKBB,Ukraine,7,164,0,0,-,-,-
19900102-1,Tuesday,02-JAN-1990,13:40,A1, En route (ENR),"Banten Bay, Java Sea",Indonesia,16,9, Damaged beyond repair,-,CASA/Nurtanio NC-212 Aviocar 200,-,-,1983,-,-, PK-PCM, 217/57N,Pelita Air Service,Domestic Non Scheduled Passenger,-,Palembang Airport,PLM,WIPP,Indonesia,Jakarta-Halim Perdana Kusuma Airport,HLP,WIHH,Indonesia,3,13,2,7,-,-,-
19900103-0,Wednesday,03-JAN-1990,-,A1, En route (ENR),15 km (9.4 mls) from  Port Vila-Bauerfield Airport (VLI),Vanuatu,-,0, Damaged beyond repair,-,Britten-Norman BN-2A Trislander Mk.III,3,Lycoming O-540-E4C5,1973,-,-, YJ-RV3, 0349,Vanair,Unknown,-,-,-,-,-,Port Vila-Bauerfield Airport,VLI,NVVV,Vanuatu,-,-,0,0,-,-,-
19900104-2,Thursday,04-JAN-1990,-,O1, Standing (STD),"Hagerstown, MD",United States of America,0,0, Damaged beyond repair,-,Swearingen SA227-AC Metro III,-,-,1984,-,-, N31138, AC-579,USAir Express,-,-,-,-,-,-,-,-,-,-,0,0,0,0,-,-,-
19900105-0,Friday,05-JAN-1990,-,C1, Landing (LDG),Menongue Airport (SPP),Angola,7,0, Damaged beyond repair,-,Lockheed L-100-30 Hercules,4,Allison 501-D22A,1967,-,-, D2-THB, 4222,Angola Air Charter,Cargo,-,Menongue Airport,SPP,FNME,Angola,-,-,-,-,4,3,0,0,-,-,-
19900105-1,Friday,05-JAN-1990,21:50,A1, Landing (LDG),"Villa Gesell Airport, BA (VLG)",Argentina,90,0, Damaged beyond repair,-,Fokker F-28 Fellowship 4000,-,-,1977,32264.0,23915.0, LV-MZD, 11127,Aerolineas Argentinas,Domestic Scheduled Passenger,-,Buenos Aires-Jorge Newbery Airport,AEP,SABE,Argentina,Villa Gesell Airport,VLG,SAZV,Argentina,5,85,0,0,-,-,Final
19900106-0,Saturday,06-JAN-1990,11:42,A1, Takeoff (TOF),"Miami International Airport, FL (MIA)",United States of America,2,1, Destroyed, Written off (damaged beyond repair),Lockheed L-1329 JetStar 731,4,Garrett TFE731-3,1965,-,8791.0, N96GS, 5068,Grecoair,Ferry/positioning,-,Miami International Airport,MIA,KMIA,United States of America,Dallas-Love Field,DAL,KDAL,United States of America,2,0,1,0,-,-,Final
19900109-0,Tuesday,09-JAN-1990,-,C1, Unknown (UNK),Kajo Kaji,South Sudan,-,-, Damaged beyond repair,-,Antonov An-24TV,-,-,-,-,-, registration unknown,-,Sudan AF,Military,-,-,-,-,-,-,-,-,-,-,-,-,-,-,-,-
19900109-1,Tuesday,09-JAN-1990,14:21,A1, Takeoff (TOF),"Yorke Island Airport, QLD (OKR)",Australia,9,0, Substantial, Repaired,PADC/Britten-Norman BN-2A-21 Islander,-,-,1976,-,-, VH-SBD, 500,Sunbird Airlines,Domestic Scheduled Passenger,-,Yorke Island Airport,OKR,YYKI,Australia,Murray Island Airport,MYI,YMUI,Australia,1,8,0,0,-,-,Final
19900111-0,Thursday,11-JAN-1990,10:30,O1, Standing (STD),"Portsmouth-Pease AFB, NH (PSM)",United States of America,0,0, Damaged beyond repair,-,Boeing KC-135A Stratotanker,4,Pratt & Whitney TF33,1960,-,-, 59-1494, 17982/397,USAF,Military,-,-,-,-,-,-,-,-,-,0,0,0,0,-,-,-
19900113-0,Saturday,13-JAN-1990,12:56,A1, En route (ENR),3 km (1.9 mls) E of Pervouralsk,Russia,71,27, Damaged beyond repair,-,Tupolev Tu-134A,-,-,1972,18102.0,30755.0, CCCP-65951, 2351703,Aeroflot / North Kavkaz,Domestic Scheduled Passenger,-,Tyumen Airport,TJM,USTR,Russia,Ufa Airport,UFA,UWUU,Russia,6,65,4,23,-,-,-
19900115-0,Monday,15-JAN-1990,08:29,A1, En route (ENR),16 km (10 mls) SSE of San José-Juan Santamaria International Airport (SJO),Costa Rica,23,23, Destroyed, Written off (damaged beyond repair),CASA C-212 Aviocar 200,2,Garrett TPE331-10-511C,1980,7217.0,3589.0, TI-SAB, 163,SANSA,Domestic Scheduled Passenger,  32,San José-Juan Santamaria International Airport,SJO,MROC,Costa Rica,Palmar Sur Airport,PMZ,MRPM,Costa Rica,3,20,3,20,-,-,Final
19900115-1,Monday,15-JAN-1990,10:28,A1, Approach (APR),"6,6 km (4.1 mls) ENE of Elko Airport, NV (EKO)",United States of America,16,0, Substantial, Written off (damaged beyond repair),Swearingen SA227-AC Metro III,2,Garrett TPE331,1988,-,2928.0, N2721M, AC-716,SkyWest Airlines,Domestic Scheduled Passenger,-,Salt Lake City International Airport,SLC,KSLC,United States of America,Elko Airport,EKO,KEKO,United States of America,2,14,0,0,-,-,Final
19900116-0,Tuesday,16-JAN-1990,-,H2, En route (ENR),"Austin-Robert Mueller Municipal, TX (AUS)",United States of America,39,0, None,-,Boeing 737-300,-,-,-,-,-, registration unknown,-,America West,Domestic Scheduled Passenger,HP727,Houston-Intercontinental Airport,IAH,KIAH,United States of America,Las Vegas-McCarran International Airport,LAS,KLAS,United States of America,5,34,0,0,-,-,-
19900117-0,Wednesday,17-JAN-1990,07:19,A1, En route (ENR),"17 km (10.6 mls) SW of Leadville, CO",United States of America,1,1, Destroyed, Written off (damaged beyond repair),Cessna 208A Cargomaster,1,Pratt & Whitney Canada PT6A-114,1986,-,2368.0, N835FE, 20800091,Federal Express,Cargo, 824,Denver International Airport,DEN,KDEN,United States of America,Montrose County Airport,MTJ,KMTJ,United States of America,1,0,1,0,-,-,Final
19900118-0,Thursday,18-JAN-1990,17:10,A1, En route (ENR),"Ansonia, OH",United States of America,2,2, Destroyed, Written off (damaged beyond repair),Learjet 23,2,General Electric CJ610-4,1965,-,5600.0, N331DP, 23-067,Aeroflite Services,Ferry/positioning,-,Detroit-Willow Run Airport,YIP,KYIP,United States of America,Louisville-Standiford Field,SDF,KSDF,United States of America,2,0,2,0,-,-,Final
19900118-1,Thursday,18-JAN-1990,19:04,A1, Landing (LDG),"Atlanta-William B. Hartsfield International Airport, GA (ATL)",United States of America,2,1, Destroyed, Written off (damaged beyond repair),Beechcraft A100 King Air,2,Pratt & Whitney Canada PT6A-28,1971,-,-, N44UE, B-140,Epps Air Service,Ferry/positioning,-,Atlanta-DeKalb Peachtree Airport,PDK,KPDK,United States of America,Atlanta-William B. Hartsfield International Airport,ATL,KATL,United States of America,2,0,1,0,-,-,Final
19900118-2,Thursday,18-JAN-1990,19:04,A2, Landing (LDG),"Atlanta-William B. Hartsfield International Airport, GA (ATL)",United States of America,157,0, Substantial, Repaired,Boeing 727-225,3,Pratt & Whitney JT8D-15,1973,-,-, N8867E, 20823/994,Eastern Air Lines,Domestic Scheduled Passenger,EA111,New York-La Guardia Airport,LGA,KLGA,United States of America,Atlanta-William B. Hartsfield International Airport,ATL,KATL,United States of America,8,149,0,0,1,-,Final
19900119-0,Friday,19-JAN-1990,17:09,A1, Approach (APR),"Little Rock National Airport, AR (LIT)",United States of America,7,7, Destroyed, Written off (damaged beyond repair),Gulfstream American G-1159 Gulfstream II,2,Rolls-Royce Spey 511-8,1980,-,5812.0, N46TE, 243,Eastman Kodak,Executive,-,Longview-Gregg County Airport,GGG,KGGG,United States of America,Little Rock National Airport,LIT,KLIT,United States of America,2,5,2,5,-,-,Final
19900121-0,Sunday,21-JAN-1990,-,A1, Approach (APR),Santo Domingo,Dominican Republic,-,-, Damaged beyond repair,-,Beechcraft 300 Super King Air,-,-,1989,-,-, HI-578SP, FA-180,private,Unknown,-,-,-,-,-,-,-,-,-,-,-,-,-,-,-,-
19900123-0,Tuesday,23-JAN-1990,07:35,A1, En route (ENR),near La Sabaneta,Venezuela,24,24, Damaged beyond repair,-,CASA C-212 Aviocar 200,-,-,1982,-,-, ARV-0210, 268,Venezuelan Navy,Military,-,Caracas-Simón Bolívar International Airport,CCS,SVMI,Venezuela,Puerto Ayacucho Airport,PYH,SVPA,Venezuela,3,21,3,21,-,-,-
19900124-0,Wednesday,24-JAN-1990,-,C1, Unknown (UNK),Wakunai Airport (WKN),Papua New Guinea,10,0, Damaged beyond repair,-,IRMA/Britten-Norman BN-2A-6 Islander,2,Lycoming O-540-E4C5,1970,-,-, VH-BAY, 620,Bougair,Passenger,-,-,-,-,-,-,-,-,-,-,-,0,0,-,-,-
19900125-0,Thursday,25-JAN-1990,21:34,A1, Approach (APR),"Cove Neck, NY",United States of America,158,73, Destroyed, Written off (damaged beyond repair),Boeing 707-321B,4,Pratt & Whitney JT3D-3B,1967,-,61196.0, HK-2016, 19276/592,Avianca,International Scheduled Passenger,AV052,Rionegro/Medellín-José María Córdova Airport,MDE,SKRG,Colombia,New York-John F. Kennedy International Airport,JFK,KJFK,United States of America,9,149,8,65,-,-,Final
19900125-3,Thursday,25-JAN-1990,-,A1, En route (ENR),Mount Rinjani,Indonesia,19,19, Damaged beyond repair,-,Hawker Siddeley HS-748-207 Srs. 2,-,-,1964,-,-, PK-OBW, 1567,Airfast Indonesia,Domestic Scheduled Passenger,-,Ujung Pandang-Hasanudin Airport,UPG,WAAA,Indonesia,Mataram-Selaparang Airport,AMI,WADA,Indonesia,3,16,3,16,-,-,-
19900126-0,Friday,26-JAN-1990,-,H2, En route (ENR),Shiraz Airport (SYZ),Iran,-,4, Unknown,-,Boeing 727,-,-,-,-,-, registration unknown,-,Iran Air,Domestic Scheduled Passenger,-,Shiraz Airport,SYZ,OISS,Iran,Bandar Abbas Airport,BND,OIKB,Iran,-,-,0,4,-,-,-
19900126-1,Friday,26-JAN-1990,-,U1, Unknown (UNK),"within Inuvik, NT",Canada,-,-, Damaged beyond repair,-,Britten-Norman BN-2A-27 Islander,-,-,1971,-,-, C-GSAF, 263,Western Arctic Air,Unknown,-,-,-,-,-,-,-,-,-,-,-,-,-,-,-,-
19900126-2,Friday,26-JAN-1990,-,A1, Approach (APR),near Ulaangom Airport (ULO),Mongolia,30,30, Damaged beyond repair,-,Antonov An-24RV,2,Ivchenko AI-24VT,1975,-,-, BNMAU-10208, 57310208,MIAT,Domestic Scheduled Passenger,-,-,-,-,-,Ulaangom Airport,ULO,ZMUG,Mongolia,-,-,-,-,-,-,-
19900127-0,Saturday,27-JAN-1990,-,A1, En route (ENR),near Kinkala,Congo,28,28, Damaged beyond repair,-,Nord 262C-66,-,-,1974,-,-, TN-230, 103,Congolese AF,Military,-,Pointe Noire Airport,PNR,FCPP,Congo,Brazzaville-Maya Maya Airport,BZV,FCBB,Congo,5,23,5,23,-,-,-
19900128-0,Sunday,28-JAN-1990,-,A1, Takeoff (TOF),"Okha, Sakhalin Island",Russia,12,3, Damaged beyond repair,-,Antonov An-2,-,-,-,-,-, 03 Yellow,-,DOSAAF,Military,-,-,-,-,-,-,-,-,-,2,10,0,3,-,-,-
19900129-0,Monday,29-JAN-1990,20:33,A1, Initial climb (ICL),"3,2 km (2 mls) S of Plattsburgh-Clinton County Airport, NY (PLB)",United States of America,1,1, Destroyed, Written off (damaged beyond repair),Cessna 208B Super Cargomaster,1,Pratt & Whitney Canada PT6A-114,1989,-,390.0, N854FE, 208B0172,Federal Express,Cargo,-,Plattsburgh-Clinton County Airport,PLB,KPLB,United States of America,Syracuse-Hancock International Airport,SYR,KSYR,United States of America,1,0,1,0,-,-,Final
19900129-1,Monday,29-JAN-1990,21:00,A1, Initial climb (ICL),"1,6 km (1 mls) SE of Burlington International Airport, VT (BTV)",United States of America,2,2, Destroyed, Written off (damaged beyond repair),Cessna 208B Grand Caravan,1,Pratt & Whitney Canada PT6A-114,1989,-,371.0, N4688B, 208B0169,Airborne Express,Cargo,-,Burlington International Airport,BTV,KBTV,United States of America,Albany Airport,ALB,KALB,United States of America,1,1,1,1,-,-,Final
19900130-0,Tuesday,30-JAN-1990,22:05,A1, En route (ENR),"5 km (3.1 mls) E of Columbia Regional Airport, MO (COU)",United States of America,3,1, Destroyed, Written off (damaged beyond repair),Hawker Siddeley HS-125-3B,2,Rolls-Royce Viper 522,1966,-,8720.0, G-OBOB, 25069,Slender You,Executive,-,Crossville Memorial Airport,CSV,KCSV,United States of America,Kansas City-Johnson Executive Airport,OJC,KOJC,United States of America,2,1,1,0,-,-,Final
19900201-1,Thursday,01-FEB-1990,-,A1, Initial climb (ICL),"3,7 km (2.3 mls) from  Panevezys-Pajuostis Air Base (PNV)",Lithuania,8,8, Destroyed, Written off (damaged beyond repair),Ilyushin Il-76M,-,-,1978,-,-, CCCP-86021, 083413405,Soviet AF,Military,-,Paneveys-Pajuostis Air Base,PNV,EYPP,Lithuania,Paneveys-Pajuostis Air Base,PNV,EYPP,Lithuania,8,0,8,0,-,-,-
19900203-0,Saturday,03-FEB-1990,15:40,A1, Landing (LDG),"Detroit City Airport, MI (DET)",United States of America,6,0, Damaged beyond repair,-,North American Sabreliner 40,-,-,1965,-,-, N50CD, 282-42,City of Detroit,Executive,-,Tampa International Airport,TPA,KTPA,United States of America,Detroit City Airport,DET,KDET,United States of America,2,4,0,0,-,-,Preliminary - official
19900205-1,Monday,05-FEB-1990,08:37,A1, En route (ENR),ca 6 km WNW of Ibagué-Perales Airport (IBE),Colombia,15,15, Destroyed, Written off (damaged beyond repair),Grumman G-159 Gulfstream I,-,-,1959,-,-, HK-3315,  24,Helicol Colombia,Domestic Non Scheduled Passenger,-,Neiva Airport,NVA,SKNV,Colombia,Ibagué-Perales Airport,IBE,SKIB,Colombia,4,11,4,11,-,-,-
19900208-0,Thursday,08-FEB-1990,-,C1, Unknown (UNK),at an unknown location,Sudan,-,-, Damaged beyond repair,-,Lockheed C-130H Hercules,-,-,-,-,-, registration unknown,-,Sudan AF,Military,-,Harare Airport,HRE,FVHA,Zimbabwe,-,-,-,-,-,-,-,-,-,-,-
19900210-0,Saturday,10-FEB-1990,-,A1, Landing (LDG),"Winnipeg International Airport, MB (YWG)",Canada,13,0, Damaged beyond repair,-,Swearingen SA226-TC Metro II,-,-,1980,-,-, C-FGEP, TC-367,Perimeter Airlines,Domestic Scheduled Passenger,-,Winnipeg International Airport,YWG,CYWG,Canada,Island Lake/Garden Hill Airport,YIV,CYIV,Canada,2,11,0,0,-,-,Preliminary
19900212-0,Monday,12-FEB-1990,09:29,A1, Initial climb (ICL),"Bauru Airport, SP (BAU)",Brazil,41,1, Damaged beyond repair,-,Fokker F-27 Friendship 200,-,-,1962,-,-, PT-LCG, 10206,TAM,Domestic Scheduled Passenger,-,São Paulo-Congonhas Airport,CGH,SBSP,Brazil,Bauru Airport,BAU,SBBU,Brazil,3,38,1,0,-,2,Final
19900214-2,Wednesday,14-FEB-1990,13:03,A1, Approach (APR),"0,7 km (0.4 mls) W of Bangalore-Hindustan Airport (BLR)",India,146,92, Destroyed, Written off (damaged beyond repair),Airbus A320-231,2,IAE V2500-A1,1989,302.0,370.0, VT-EPN, 079,Indian Airlines,Domestic Scheduled Passenger,IC605,Mumbai (Bombay) Airport,BOM,VABB,India,Bangalore-Hindustan Airport,BLR,VOBG,India,7,139,4,88,-,-,Final
19900217-0,Saturday,17-FEB-1990,19:25,A1, Approach (APR),ca 10 km W of Lusaka Airport (LUN),Zambia,29,29, Damaged beyond repair,-,de Havilland Canada DHC-5D Buffalo,-,-,1976,-,-, AF-316, 66,Zambian Air Force,Military,-,Mbala Airport,MMQ,FLBA,Zambia,Lusaka Airport,LUN,FLLS,Zambia,5,24,5,24,-,-,-
19900218-1,Sunday,18-FEB-1990,20:30,A1, Landing (LDG),Menorca-Mahón Airport (MAH),Spain,89,0, Damaged beyond repair,-,McDonnell Douglas DC-9-32,2,Pratt & Whitney JT8D-9A,1967,-,-, EC-BIQ, 47092/222,Aviaco,Domestic Scheduled Passenger,-,Palma de Mallorca Airport,PMI,LEPA,Spain,Menorca-Mahón Airport,MAH,LEMH,Spain,7,82,0,0,-,-,-
19900220-0,Tuesday,20-FEB-1990,-,A1, Unknown (UNK),Siauliai,Lithuania,-,-, Damaged beyond repair,-,Antonov An-2R,-,-,-,-,-, CCCP-56472, 1G182-29,Aeroflot / Lithuania,Unknown,-,-,-,-,-,-,-,-,-,-,-,-,-,-,-,-
19900221-0,Wednesday,21-FEB-1990,-,A1, Standing (STD),Zürich-Kloten Airport (ZRH),Switzerland,3,0, Damaged beyond repair,-,Saab 340A,-,-,1984,-,-, HB-AHA, 340A-005,Crossair,Training,-,-,-,-,-,-,-,-,-,3,0,0,0,-,-,- (No safety board investigation)
19900224-0,Saturday,24-FEB-1990,13:03,A1, Maneuvering (MNV),near Bergisch Gladbach,Germany,2,0, Damaged beyond repair,-,Fokker F-27 Friendship 600,-,-,1977,-,-, D-AELB, 10562,FTG Air Service,Training,-,Köln/Bonn Airport,CGN,EDDK,Germany,Köln/Bonn Airport,CGN,EDDK,Germany,2,0,0,0,-,-,-
19900225-0,Sunday,25-FEB-1990,-,A1, Landing (LDG),Taiyuan Airport (TYN),China,7,0, Damaged beyond repair,-,Learjet 31,2,Garrett TFE731-2-3B,1987,-,-, N984JD, 31-001,Lear Jet,Demonstration,-,-,-,-,-,Taiyuan Airport,TYN,ZBYN,China,2,5,0,0,-,-,-
19900227-0,Tuesday,27-FEB-1990,19:47,A1, Approach (APR),"4,8 km (3 mls) from  Denver International Airport, CO (DEN)",United States of America,1,1, Destroyed, Written off (damaged beyond repair),Cessna 208A Cargomaster,1,Pratt & Whitney Canada PT6A-114,1985,-,3227.0, N820FE, 20800043,Federal Express,Cargo,-,Aspen Airport,ASE,KASE,United States of America,Denver-Stapleton International Airport,DEN,KDEN,United States of America,1,0,1,0,-,-,Final
19900228-1,Wednesday,28-FEB-1990,07:30,A1, Initial climb (ICL),near Caracas-La Carlota Airport,Venezuela,4,0, Damaged beyond repair,-,IAI Arava 201,-,-,1979,-,-, GN7960, 064,Venezuela ANG,Military,-,-,-,-,-,Los Roques Airport,LRV,SVRS,Venezuela,2,2,0,0,-,-,-
19900299-0,-,xx-FEB-1990,-,O1, Standing (STD),"Kieta-Aropa Airport (KIE), Bougainville",Papua New Guinea,0,0, Damaged beyond repair,-,IRMA/Britten-Norman BN-2A-27 Islander,2,Lycoming O-540-E4C5,1974,-,-, P2-BAC, 716,Bougair,-,-,-,-,-,-,-,-,-,-,0,0,0,0,-,-,-
19900301-1,Thursday,01-MAR-1990,09:53,A1, Landing (LDG),Goma Airport (GOM),Democratic Republic of the Congo,9,0, Damaged beyond repair,-,Boeing 707-329C,4,Pratt & Whitney JT3D-7,1966,-,-, 9Q-CVG, 19162/480,Katale Aero Transport,Cargo,-,Kinshasa-N'Djili Airport,FIH,FZAA,Democratic Republic of the Congo,Goma Airport,GOM,FZNA,Democratic Republic of the Congo,6,3,0,0,-,-,-
19900307-0,Wednesday,07-MAR-1990,19:40,A2, Initial climb (ICL),"1 km (0.6 mls) S of Leongatha, VIC",Australia,13,0, Substantial, Repaired,GAF Nomad N.22B,-,-,1976,-,-, VH-DNM,  25,Sydney Skydivers,Parachuting,-,-,-,-,-,-,-,-,-,1,12,0,0,-,-,Final
19900309-0,Friday,09-MAR-1990,-,A1, Landing (LDG),Kaabong,Uganda,-,-, Damaged beyond repair,-,Britten-Norman BN-2A-2 Islander,-,-,1970,-,-, 5X-BEE, 143,Bel Air,Unknown,-,-,-,-,-,-,-,-,-,-,-,-,-,-,-,-
19900312-0,Monday,12-MAR-1990,-,A1, Approach (APR),"near Mallala, SA",Australia,1,1, Damaged beyond repair,-,GAF Nomad N.24A,-,-,1982,-,433.0, A18-401, 128,RAAF,Military,-,-,-,-,-,-,-,-,-,1,0,1,0,-,-,-
19900314-0,Wednesday,14-MAR-1990,-,A1, Unknown (UNK),Jászjákóhalma,Hungary,2,0, Damaged beyond repair,-,Antonov An-2R,-,-,-,-,-, HA-MER, 1G194-27,Ministry for Agriculture and Nutrition,Unknown,-,-,-,-,-,-,-,-,-,2,0,0,0,-,-,-
19900316-0,Friday,16-MAR-1990,11:08,A1, Landing (LDG),"Vershino-Darasunskiy, Chita region",Russia,-,0, Damaged beyond repair,-,Antonov An-28,2,Glushenkov TVD-10B,1989,-,-, CCCP-28702, 1AJ006-13,Aeroflot / East Siberia,Training,-,-,-,-,-,-,-,-,-,-,-,0,0,-,-,Preliminary
19900318-0,Sunday,18-MAR-1990,06:20,A1, Landing (LDG),Roatan Airport (RTB),Honduras,32,0, Damaged beyond repair,-,Douglas C-47A-75-DL (DC-3),2,Pratt & Whitney R-1830-92,1944,-,-, HR-SAZ, 19495,SAHSA,Domestic Scheduled Passenger,-,Guanaja Airport,GJA,MHNJ,Honduras,Roatán Airport,RTB,MHRO,Honduras,3,29,0,0,-,-,-
19900321-0,Wednesday,21-MAR-1990,-,A1, Approach (APR),Las Mesitas,Honduras,3,3, Damaged beyond repair,-,Lockheed L-188CF Electra,-,-,1960,-,-, HR-TNL, 1134,TAN,Cargo,-,San Pedro Sula-Ramon Villeda Morales Airport,SAP,MHLM,Honduras,Tegucigalpa-Toncontin Airport,TGU,MHTG,Honduras,3,0,3,0,-,-,Preliminary
19900322-0,Thursday,22-MAR-1990,-,A1, Landing (LDG),Guilin Airport (KWL),China,107,0, Damaged beyond repair,-,Hawker Siddeley HS-121 Trident 2E,3,Rolls-Royce Spey 512,1974,-,-, B-2208, 2165,Air China,Domestic Scheduled Passenger,-,Shanghai-Hongqiao Airport,SHA,ZSSS,China,Guilin-Qifengling Airport,KWL,ZGKL,China,5,102,0,0,-,-,-
19900323-0,Friday,23-MAR-1990,-,A1, Takeoff (TOF),Santiago-Antonio Maceo Airport (SCU),Cuba,46,4, Damaged beyond repair,-,Antonov An-26,-,-,1979,-,-, CU-T1436, 7406,Cubana,Domestic Scheduled Passenger,CU7406,Santiago-Antonio Maceo Airport,SCU,MUCU,Cuba,-,-,-,-,5,41,0,4,-,-,-
19900327-0,Tuesday,27-MAR-1990,-,C1, En route (ENR),30 km (18.8 mls) from  Kuito,Angola,25,25, Damaged beyond repair,-,CASA C-212-M Aviocar 300,2,Honeywell TPE331-10R-513C,1988,-,-, T-410, 384,Angolan Government,Military,-,-,-,-,-,Huambo Airport,NOV,FNHU,Angola,5,20,5,20,-,-,-
19900327-1,Tuesday,27-MAR-1990,11:30,A1, Approach (APR),"7,6 km (4.8 mls) E of Kabul-Khwaja Rawash Airport (KBL)",Afghanistan,9,9, Destroyed, Written off (damaged beyond repair),Ilyushin Il-76MD,-,-,1988,925.0,1233.0, CCCP-78781, 0083489670,Soviet AF,Cargo,3501,-,-,-,-,Kabul-Khwaja Rawash Airport,KBL,OAKB,Afghanistan,9,0,9,0,-,-,Final
19900327-2,Tuesday,27-MAR-1990,19:35,A1, Approach (APR),"6,5 km (4.1 mls) from  Uvalde-Garner Field, TX (UVA)",United States of America,2,0, Destroyed, Written off (damaged beyond repair),Beechcraft 100 King Air,2,Pratt & Whitney Canada PT6A-28,1970,-,-, N696JB, B-13,Private,Executive,-,Cotulla Airport,COT,KCOT,United States of America,Uvalde-Garner Field,UVA,KUVA,United States of America,2,0,0,0,-,-,Final
19900401-0,Sunday,01-APR-1990,10:55,A1, Takeoff (TOF),Lagos-Murtala Muhammed International Airport (LOS),Nigeria,52,0, Damaged beyond repair,-,Fairchild FH-227B,2,Rolls-Royce Dart 532-7,1967,-,20925.0, 5N-ATL, 534,Concord,Domestic Scheduled Passenger,-,Lagos-Murtala Muhammed International Airport,LOS,DNMM,Nigeria,Port Harcourt Airport,PHC,DNPO,Nigeria,7,45,0,0,-,-,Final
19900401-1,Sunday,01-APR-1990,-,A1, Landing (LDG),Blenheim-Woodbourne Airport (BHE),New Zealand,2,0, Damaged beyond repair,-,Armstrong Whitworth AW-650 Argosy 222,4,Rolls-Royce Dart 532-1,1965,36329.0,47035.0, ZK-SAF, 6801,SAFE Air,Cargo,-,Christchurch International Airport,CHC,NZCH,New Zealand,Wellington International Airport,WLG,NZWN,New Zealand,2,0,0,0,-,-,-
19900402-0,Monday,02-APR-1990,12:45,A1, Takeoff (TOF),"Carlsbad-McClellan-Palomar Airport, CA (CLD)",United States of America,2,0, Damaged beyond repair,-,Learjet 35,2,Garrett TFE731-2-2B,1976,-,-, N51FN, 35-059,Flight International,Unknown,-,Carlsbad-McClellan-Palomar Airport,CLD,KCRQ,United States of America,Carlsbad-McClellan-Palomar Airport,CLD,KCRQ,United States of America,2,0,0,0,-,-,-
19900402-1,Monday,02-APR-1990,-,H2, Standing (STD),Port-au-Prince Airport (PAP),Haiti,-,0, None,-,Airbus A300,-,-,-,-,-, registration unknown,-,American Airlines,International Scheduled Passenger,AA658,Port-au-Prince Airport,PAP,MTPP,Haiti,New York-John F. Kennedy International Airport,JFK,KJFK,United States of America,-,0,0,0,-,-,-
19900403-0,Tuesday,03-APR-1990,-,A1, En route (ENR),near Labuan Bajo-Mutiara Airport (LBJ),Indonesia,17,0, Damaged beyond repair,-,de Havilland Canada DHC-6 Twin Otter 300,2,Pratt & Whitney Canada PT6A-27,1976,-,-, PK-NUQ, 488,Merpati Nusantara,Domestic Scheduled Passenger,-,Labuan Bajo-Mutiara Airport,LBJ,WATO,Indonesia,Denpasar-Ngurah Rai Bali International Airport,DPS,WADD,Indonesia,3,14,0,0,-,-,Preliminary - official
19900404-0,Wednesday,04-APR-1990,-,A1, Landing (LDG),off Utila Airport (UII),Honduras,20,0, Damaged beyond repair,-,de Havilland Canada DHC-6 Twin Otter 200,2,Pratt & Whitney Canada PT6A-27,1968,-,-, HR-ALH, 180,Isleña Airlines,Domestic Scheduled Passenger,-,La Ceiba-Goloson International Airport,LCE,MHLC,Honduras,Utila Airport,UII,MHUT,Honduras,2,18,0,0,-,-,-
19900404-1,Wednesday,04-APR-1990,-,A2, Unknown (UNK),Balikpapan-Sepingan Airport (BPN),Indonesia,61,0, Substantial, Repaired,Fokker F-28 Fellowship 4000,-,-,1984,-,-, PK-GKU, 11210,Garuda,Domestic Scheduled Passenger,-,-,-,-,-,-,-,-,-,6,55,0,0,-,-,Preliminary - official
19900405-1,Thursday,05-APR-1990,06:45,A1, Takeoff (TOF),"1 km (0.6 mls) S of Leongatha, VIC",Australia,1,0, Damaged beyond repair,-,GAF Nomad N.22B,-,-,1976,-,-, VH-DNM,  25,Sydney Skydivers,Ferry/positioning,-,-,-,-,-,-,-,-,-,1,0,0,0,-,-,Final
19900405-2,Thursday,05-APR-1990,17:45,A1, En route (ENR),off Levittown,Puerto Rico,3,1, Destroyed, Written off (damaged beyond repair),Lockheed C-121C Super Constellation,4,Wright R-3350,1956,-,16822.0, HI-515CT, 4192,AMSA,Ferry/positioning,-,San Juan-Luis Muñoz Marín International Airport,SJU,TJSJ,Puerto Rico,Santo Domingo-Las Américas International Airport,SDQ,MDSD,Dominican Republic,3,0,1,0,-,-,Final
19900406-0,Friday,06-APR-1990,15:03,A1, Landing (LDG),"Juiz De Fora-Francisco De Assis Airport, MG (JDF)",Brazil,4,2, Damaged beyond repair,-,Learjet 25C,2,General Electric CJ610-6,1973,-,-, PT-CMY, 25-108,Transamérica Táxi Aéreo,Cargo,-,Rio de Janeiro-Santos Dumont Airport,SDU,SBRJ,Brazil,Juiz de Fora-Francisco de Assis Airport,JDF,SBJF,Brazil,2,2,1,1,-,-,Final
19900407-0,Saturday,07-APR-1990,-,A1, Landing (LDG),Camiare Airstrip,Bolivia,3,0, Damaged beyond repair,-,Martin 4-0-4,-,-,1951,-,-, CP-1738, 14137,TASS,Cargo,-,-,-,-,-,La Paz Airport,LAP,MMLP,Mexico,3,0,0,0,-,-,-
19900409-1,Monday,09-APR-1990,18:05,A2, En route (ENR),"4 km (2.5 mls) from  Gadsden Municipal Airport, AL (GAD)",United States of America,7,0, Substantial, Repaired,Embraer EMB-120RT Brasilia,2,Pratt & Whitney Canada PW118,-,-,-, N217AS, 120011,Delta Connection,Domestic Scheduled Passenger,-,Gadsden Municipal Airport,GAD,KGAD,United States of America,Atlanta-William B. Hartsfield International Airport,ATL,KATL,United States of America,3,4,0,0,2,-,Final
19900412-0,Thursday,12-APR-1990,14:44,A1, Initial climb (ICL),"1,8 km (1.1 mls) W off  Værøy-Stolport Airport (VRY)",Norway,5,5, Destroyed, Written off (damaged beyond repair),de Havilland Canada DHC-6 Twin Otter 300,2,Pratt & Whitney Canada PT6A-27,1977,58709.0,27304.0, LN-BNS, 536,Widerøes Flyveselskap,Domestic Scheduled Passenger, 839,Værøy-Stolport Airport,VRY,ENVY,Norway,Bodø Airport,BOO,ENBO,Norway,2,3,2,3,-,-,Final
19900413-0,Friday,13-APR-1990,-,A1, Takeoff (TOF),Uelen,Russia,6,1, Damaged beyond repair,-,Antonov An-2,-,-,1960,18949.0,16213.0, CCCP-04355, 114147305,Aeroflot / Magadan,Cargo,-,-,-,-,-,Provideniya Airport,PVS,UHMD,Russia,2,4,0,1,-,-,-
19900416-1,Monday,16-APR-1990,-,A1, Unknown (UNK),at an unknown location,Unknown country,-,-, Damaged beyond repair,-,Antonov An-26,-,-,1982,-,-, YN-BYX, 12405,Aeronica,Unknown,-,-,-,-,-,-,-,-,-,-,-,-,-,-,-,-
19900418-0,Wednesday,18-APR-1990,-,H2, En route (ENR),Leningrad-Pulkovo Airport (LED),Russia,-,0, None,-,Tupolev Tu-134,-,-,-,-,-, registration unknown,-,Aeroflot,Domestic Scheduled Passenger,-,-,-,-,-,Leningrad-Pulkovo Airport,LED,ULLI,Russia,-,-,0,0,-,-,-
19900418-1,Wednesday,18-APR-1990,-,A1, Initial climb (ICL),"1,5 km (0.9 mls) off  Contadora Airport (OTD)",Panama,22,20, Damaged beyond repair,-,de Havilland Canada DHC-6 Twin Otter 200,2,Pratt & Whitney Canada PT6A-20,1968,-,-, N187SA, 131,AeroPerlas,Domestic Scheduled Passenger,-,-,-,-,-,Panama City-Paitilla Airport,PAC,MPMG,Panama,3,19,3,17,-,-,-
19900420-0,Friday,20-APR-1990,-,A1, Unknown (UNK),Khost,Afghanistan,-,10, Damaged beyond repair,-,Antonov,-,-,-,-,-, registration unknown,-,Afghanistan Government,Military,-,-,-,-,-,-,-,-,-,-,-,-,-,-,-,-
19900420-1,Friday,20-APR-1990,-,A1, Unknown (UNK),near Kinshasa,Democratic Republic of the Congo,-,20, Damaged beyond repair,-,Lockheed C-130H Hercules,-,-,1977,-,-, 9T-TCG, 4736,Zaire AF,Military,-,-,-,-,-,-,-,-,-,-,-,-,-,-,-,-
19900422-0,Sunday,22-APR-1990,15:00,A1, Takeoff (TOF),Luang Namtha Airport (LXG),Laos,-,0, Damaged beyond repair,-,Antonov An-24RV,2,Ivchenko AI-24VT,1976,-,-, RDPL-34008, 67310702,Lao Aviation,Domestic Scheduled Passenger,-,Luang Namtha Airport,LXG,VLLN,Laos,-,-,-,-,-,-,0,0,-,1,Preliminary - official
19900422-1,Sunday,22-APR-1990,12:25,A1, Landing (LDG),"Lord Howe Island Airport, NSW (LDH)",Australia,8,0, Damaged beyond repair,-,Cessna 501 Citation I/SP,-,-,-,-,-, VH-LCL, 501-0145,private,Private,-,Sydney-Kingsford Smith International Airport,SYD,YSSY,Australia,Lord Howe Island Airport,LDH,YLHI,Australia,2,6,0,0,-,-,Final
19900426-0,Thursday,26-APR-1990,-,A1, Unknown (UNK),near Bam,Iran,-,-, Damaged beyond repair,-,Antonov An-2R,-,-,-,-,-, SP-WPY, 1G167-30,ZUA,Unknown,-,-,-,-,-,-,-,-,-,-,-,-,-,-,-,-
19900426-1,Thursday,26-APR-1990,06:21,A1, Initial climb (ICL),near Manila International Airport (MNL),Philippines,24,7, Damaged beyond repair,-,Douglas C-47A-30-DK (DC-3),2,Pratt & Whitney R-1830-92,1944,-,-, RP-C81, 25325/13880,MATS,Domestic Non Scheduled Passenger,-,Manila International Airport,MNL,RPLL,Philippines,Roxas City Airport,RXS,RPVR,Philippines,2,22,0,7,-,-,-
19900430-0,Monday,30-APR-1990,21:38,A1, Approach (APR),"11 km (6.9 mls) ENE of Moosonee Airport, ON (YMO)",Canada,4,1, Damaged beyond repair,-,Beechcraft C99 Commuter,2,Pratt & Whitney Canada PT6A-36,1982,-,14766.0, C-GFAW, U-197,Frontier Air,Domestic Scheduled Passenger,1602,Timmins Airport,YTS,CYTS,Canada,Moosonee Airport,YMO,CYMO,Canada,2,2,1,0,-,-,Final
19900430-1,Monday,30-APR-1990,12:00,A1, Landing (LDG),"Chico Airport, CA (CIC)",United States of America,2,0, Damaged beyond repair,-,Douglas C-54P (DC-4),4,Pratt & Whitney R-2000,1944,-,-, N67109, 10459,Aero Union,Training,-,Chico Airport,CIC,KCIC,United States of America,Chico Airport,CIC,KCIC,United States of America,2,0,0,0,-,-,-
19900430-2,Monday,30-APR-1990,10:37,A1, En route (ENR),"3,2 km (2 mls) S of Tarbert",United Kingdom,10,10, Damaged beyond repair,-,Avro Shackleton AEW.2,4,Rolls-Royce Griffon 57,1954,-,-, WR965,-,RAF,Military,-,Lossiemouth RAF Station,LMO,EGQS,United Kingdom,Benbecula Airport,BEB,EGPL,United Kingdom,10,0,10,0,-,-,Final
19900502-0,Wednesday,02-MAY-1990,-,A1, Landing (LDG),Montería-Los Garzones Airport (MTR),Colombia,6,0, Damaged beyond repair,-,Grumman G-159 Gulfstream I,-,-,1960,-,-, HK-3316X,  59,Helicol Colombia,Cargo,-,-,-,-,-,Montería-Los Garzones Airport,MTR,SKMR,Colombia,2,4,0,0,-,-,-
19900504-1,Friday,04-MAY-1990,07:31,A1, Landing (LDG),"Wilmington-New Hanover County Airport, NC (ILM)",United States of America,2,2, Destroyed, Written off (damaged beyond repair),GAF Nomad N.24A,2,Allison 250-B17C,1979,-,3590.0, N418NE,  89,Tar Heel Aviation,Cargo,-,Raleigh/Durham Airport,RDU,KRDU,United States of America,Wilmington-New Hanover County Airport,ILM,KILM,United States of America,1,1,1,1,-,-,Final
19900505-0,Saturday,05-MAY-1990,14:46,A1, Initial climb (ICL),near Guatemala City-La Aurora Airport (GUA),Guatemala,3,3, Damaged beyond repair,-,Douglas DC-6BF,4,Pratt & Whitney R-2800,1952,-,-, N84BL, 43739/279,Aerial Transit,Cargo,-,Guatemala City-La Aurora Airport,GUA,MGGT,Guatemala,Miami International Airport,MIA,KMIA,United States of America,3,0,3,0,-,24,-
19900505-1,Saturday,05-MAY-1990,-,A1, Unknown (UNK),near Spafaryev Island,Russia,7,7, Damaged beyond repair,-,Antonov An-26,-,-,-,-,-, 52 Blue,-,Soviet AF,Military,-,Magadan Airport,GDX,UHMM,Russia,-,-,-,-,7,0,7,0,-,-,-
19900507-0,Monday,07-MAY-1990,09:17,A1, Landing (LDG),Delhi-Indira Gandhi International Airport (DEL),India,215,0, Damaged beyond repair,-,Boeing 747-237B,4,Pratt & Whitney JT9D-7J,1972,-,-, VT-EBO, 20558/188,Air-India,International Scheduled Passenger,AI132,London-Heathrow Airport,LHR,EGLL,United Kingdom,Delhi-Indira Gandhi International Airport,DEL,VIDP,India,20,195,0,0,-,-,Final
19900510-0,Thursday,10-MAY-1990,08:55,A1, Approach (APR),"4,5 km (2.8 mls) S of Tuxtla Gutiérrez Airport (TGZ)",Mexico,40,24, Destroyed, Written off (damaged beyond repair),Fairchild F-27J,2,Rolls-Royce Dart 532-7,1963,-,18147.0, F-GHXA, 101,Noroeste,Domestic Scheduled Passenger,-,Tapachula International Airport,TAP,MMTP,Mexico,Tuxtla Gutiérrez Airport,TGZ,MMTG,Mexico,4,36,4,20,-,-,-
19900511-0,Friday,11-MAY-1990,17:40,A1, En route (ENR),"15 km (9.4 mls) S of Mareeba, QLD",Australia,11,11, Damaged beyond repair,-,Cessna 500 Citation I,2,Pratt & Whitney Canada JT15D-1A,1975,-,-, VH-ANQ, 500-0283,Air North Queensland,Domestic Non Scheduled Passenger,-,Prosperine Airport,PPP,YBPN,Australia,Mareeba Airport,MRG,YMBA,Australia,1,10,1,10,-,-,Final
19900511-1,Friday,11-MAY-1990,-,A1, Pushback / towing (PBT),Manila-Ninoy Aquino International Airport (MNL),Philippines,120,8, Damaged beyond repair,-,Boeing 737-3Y0,2,CFMI CFM56-3B1,1989,-,-, EI-BZG, 24466/1771,Philippine Air Lines,Domestic Scheduled Passenger, 143,Manila-Ninoy Aquino International Airport,MNL,RPLL,Philippines,Iloilo-Mandurriao Airport,ILO,RPVI,Philippines,6,114,0,8,-,-,-
19900511-2,Friday,11-MAY-1990,-,A1, Maneuvering (MNV),"2,2 km (1.4 mls) W of Rodenbach",Germany,10,10, Damaged beyond repair,-,Transall C-160D,-,-,1969,-,-, 50+39, D-61,German AF,Military,-,-,-,-,-,-,-,-,-,-,-,-,-,-,-,-
19900514-0,Monday,14-MAY-1990,-,A1, Unknown (UNK),Abarqu,Iran,-,-, Damaged beyond repair,-,Antonov An-2R,-,-,-,-,-, SP-WZB, 1G180-28,ZUA,Unknown,-,-,-,-,-,-,-,-,-,-,-,-,-,-,-,-
19900518-2,Friday,18-MAY-1990,06:23,A1, Initial climb (ICL),1 km (0.6 mls) S of Manila International Airport (MNL),Philippines,21,21, Destroyed, Written off (damaged beyond repair),Beechcraft 1900C-1,2,Pratt & Whitney Canada PT6A-65B,1988,-,-, RP-C314, UC-46,Aerolift Philippines,Domestic Scheduled Passenger, 075,Manila International Airport,MNL,RPLL,Philippines,Surigao Airport,SUG,RPMS,Philippines,2,19,2,19,-,4,-
19900519-0,Saturday,19-MAY-1990,11:30,A1, Maneuvering (MNV),"near Capon Bridge, WV",United States of America,2,2, Destroyed, Written off (damaged beyond repair),Douglas DC-3A,2,Wright R-1820,1943,-,34906.0, N1FN, 11685,K&K Aircraft,Agricultural,-,Martinsburg-Eastern West Virginia Regional Airport/Shepherd Field,MRB,KMRB,United States of America,Winchester Municipal Airport,WGO,KOKV,United States of America,2,0,2,0,-,-,Final
19900529-0,Tuesday,29-MAY-1990,-,H2, En route (ENR),Djibouti Airport (JIB),Djibouti,52,0, None,-,Antonov An-26,-,-,-,-,-, registration unknown,-,Unknown,Domestic Scheduled Passenger,-,Mogadishu International Airport,MGQ,HCMM,Somalia,Hargeisa Airport,HGA,HCMH,Somalia,5,47,0,0,-,-,-
19900529-1,Tuesday,29-MAY-1990,-,A1, Initial climb (ICL),"Pelly Crossing, YT",Canada,2,0, Damaged beyond repair,-,de Havilland Canada DHC-3 Otter,-,-,1960,-,-, C-FBCG, 408,Aerokon Aviation,Cargo,-,-,-,-,-,-,-,-,-,2,0,0,0,-,-,Preliminary
19901024-0,Wednesday,24-OCT-1990,01:58,A1, Approach (APR),4 km (2.5 mls) E of Santiago-Antonio Maceo Airport (SCU),Cuba,31,11, Damaged beyond repair,-,Yakovlev Yak-40S2,3,Ivchenko AI-25,1976,14011.0,14068.0, CU-T1202, 9631449,Cubana,Domestic Non Scheduled Passenger,CU2886,Camagüey-Ign Agramonte International Airport,CMW,MUCM,Cuba,Santiago-Antonio Maceo Airport,SCU,MUCU,Cuba,7,24,2,9,-,-,Final
19901028-0,Sunday,28-OCT-1990,13:45,A2, En route (ENR),"near Parkersburg, WV",United States of America,2,0, Substantial, Repaired,Dassault Falcon 50,-,-,1981,-,-, N52DC, 126,Dow Chemical Company,Unknown,-,Lewisburg-Greenbrier Valley Airport,LWB,KLWB,United States of America,Freeland-Tri City Airport,MBS,KMBS,United States of America,2,0,0,0,-,-,Final
19901029-0,Monday,29-OCT-1990,14:30,A1, Approach (APR),Honningsvåg-Valan Airport (HVG),Norway,15,3, Damaged beyond repair,-,de Havilland Canada DHC-6 Twin Otter 100,2,Pratt & Whitney Canada PT6A-20,1967,-,-, 67-063,  63,Norwegian AF,Military,-,-,-,-,-,Honningsvåg-Valan Airport,HVG,ENHV,Norway,3,12,2,1,-,-,-
19901102-0,Friday,02-NOV-1990,-,A1, Landing (LDG),Nyurba,Russia,-,-, Damaged beyond repair,-,Antonov An-26B,2,Ivchenko AI-24VT,-,-,-, CCCP-26038, 10701,Aeroflot / East Siberia,Unknown,-,-,-,-,-,-,-,-,-,-,-,-,-,-,-,-
19901104-0,Sunday,04-NOV-1990,-,A1, Unknown (UNK),La Escalera,Peru,12,0, Damaged beyond repair,-,IRMA/Britten-Norman BN-2B-21 Islander,2,Lycoming IO-540-K1B5,1977,-,-, OB-T-1207, 859,Aero Bellavista,Passenger,-,-,-,-,-,-,-,-,-,-,-,0,0,-,-,-
19901108-0,Thursday,08-NOV-1990,22:23,A1, Landing (LDG),"Cincinnati/Northern Kentucky Airport, KY (CVG)",United States of America,3,0, Damaged beyond repair,-,Swearingen SA227-AC Metro III,2,Garrett TPE331,1981,-,15616.0, N445AC, AC-445,Delta Connection,Test,-,Cincinnati/Northern Kentucky Airport,CVG,KCVG,United States of America,Cincinnati/Northern Kentucky Airport,CVG,KCVG,United States of America,2,1,0,0,-,-,Final
19901110-0,Saturday,10-NOV-1990,-,H2, En route (ENR),Calcutta-Netaji Subhas Chandra Airport (CCU),India,221,0, None,-,Airbus A300,-,-,-,-,-, registration unknown,-,Thai Airways International,International Scheduled Passenger,-,Yangon-Mingaladon Airport,RGN,VYYY,Myanmar,Bangkok-Don Muang International Airport,BKK,VTBD,Thailand,16,205,0,0,-,-,-
19901112-0,Monday,12-NOV-1990,09:20,A1, Takeoff (TOF),"Rio de Janeiro-Galeão International Airport, RJ (GIG)",Brazil,10,9, Destroyed, Written off (damaged beyond repair),de Havilland Canada C-115 Buffalo (DHC-5),-,-,1968,-,-, 2350, 15,Brazilian AF,Military,-,Rio de Janeiro-Galeão International Airport,GIG,SBGL,Brazil,-,-,-,-,-,-,-,-,-,-,-
19901112-1,Monday,12-NOV-1990,-,H2, En route (ENR),Minsk-1 International Airport (MHP),Belarus,-,0, None,-,Tupolev Tu-154,-,-,-,-,-, registration unknown,-,Aeroflot,Domestic Scheduled Passenger,-,Leningrad-Pulkovo Airport,LED,ULLI,Russia,Lviv-Snilow Airport,LWO,UKLL,Ukraine,-,-,0,0,-,-,-
19901114-0,Wednesday,14-NOV-1990,19:11,A1, Approach (APR),Stadlerberg,Switzerland,46,46, Destroyed, Written off (damaged beyond repair),McDonnell Douglas DC-9-32,2,Pratt & Whitney JT8D-9A,1974,43452.0,43894.0, I-ATJA, 47641/746,Alitalia,International Scheduled Passenger,AZ404,Milano-Linate Airport,LIN,LIML,Italy,Zürich-Kloten Airport,ZRH,LSZH,Switzerland,6,40,6,40,-,-,Final
19901115-0,Thursday,15-NOV-1990,-,H2, En route (ENR),Helsinki-Vantaa Airport (HEL),Finland,-,0, None,-,Tupolev Tu-134,-,-,-,-,-, registration unknown,-,Aeroflot,Domestic Scheduled Passenger,-,Leningrad-Pulkovo Airport,LED,ULLI,Russia,-,-,-,-,-,-,0,0,-,-,-
19901116-0,Friday,16-NOV-1990,-,H2, En route (ENR),Tallinn-Ülemiste Airport (TLL),Estonia,-,0, None,-,Tupolev Tu-134,-,-,-,-,-, registration unknown,-,Aeroflot,Domestic Scheduled Passenger,-,Tallinn-Ülemiste Airport,TLL,EETN,Estonia,-,-,-,-,-,-,0,0,-,-,-
19901116-1,Friday,16-NOV-1990,08:30,A2, Landing (LDG),Curaçao-Hato International Airport (CUR),Curaçao,67,0, Substantial, Repaired,Boeing 727-2J0,3,Pratt & Whitney JT8D-15,1975,-,-, 6Y-JMO, 21107/1172,Air Jamaica,International Scheduled Passenger, 061,Kingston-Norman Manley International Airport,KIN,MKJP,Jamaica,Curaçao-Hato International Airport,CUR,TNCC,Curaçao,8,59,0,0,-,-,Preliminary
19901117-0,Saturday,17-NOV-1990,15:21,A1, En route (ENR),near Velichovsky,Czech Republic,6,0, Damaged beyond repair,-,Tupolev Tu-154M,3,Soloviev D-30KU-154-II,1989,-,-, CCCP-85664, 89A818,Aeroflot / International,Cargo,-,Basel/Mulhouse Airport,BSL,LFSB,France,Moskva-Sheremetyevo Airport,SVO,UUEE,Russia,6,0,0,0,-,-,-
19901118-0,Sunday,18-NOV-1990,13:00,A1, En route (ENR),"Cerro San Nicolás, 112 km SW of Medellin",Colombia,16,16, Destroyed, Written off (damaged beyond repair),CASA C-212 Aviocar 200,-,-,1983,-,-, FAC-1150, 303,SATENA,Domestic Scheduled Passenger,-,Quibdó-El Caraño Airport,UIB,SKUI,Colombia,Bogotá-Eldorado Airport,BOG,SKBO,Colombia,4,12,4,12,-,-,-
19901121-0,Wednesday,21-NOV-1990,18:15,A1, Approach (APR),5 km (3.1 mls) SW of Koh Samui Airport (USM),Thailand,38,38, Damaged beyond repair,-,de Havilland Canada DHC-8-103,2,Pratt & Whitney Canada PW120A,1989,2998.0,3416.0, HS-SKI, 172,Bangkok Airways,Domestic Scheduled Passenger, 125,Bangkok-Don Muang International Airport,BKK,VTBD,Thailand,Koh Samui Airport,USM,VTSM,Thailand,5,33,5,33,-,-,Final
19901121-1,Wednesday,21-NOV-1990,-,A1, Landing (LDG),Al Abraq Air Base (LAQ),Libya,5,0, Damaged beyond repair,-,Fokker F-27 Friendship 600,-,-,1970,-,-, 5A-DBN, 10436,Libyan Red Crescent,Unknown,-,-,-,-,-,Al Abraq Air Base,LAQ,HLLQ,Libya,2,3,0,0,-,-,-
19901121-2,Wednesday,21-NOV-1990,12:45,A1, Landing (LDG),Yakutsk-Magan Airport,Russia,189,0, Destroyed, Written off (damaged beyond repair),Ilyushin Il-62,4,Kuznetsov NK-8-4,1975,-,-, CCCP-86613, 51901,Aeroflot,Domestic Scheduled Passenger,SU95,Moskva-Domodedovo Airport,DME,UUDD,Russia,Yakutsk Airport,YKS,UEEE,Russia,10,179,0,0,-,-,-
19901121-3,Wednesday,21-NOV-1990,-,A1, Approach (APR),32 km (20 mls) W of Innsbruck-Kranebitten Airport (INN),Austria,3,3, Damaged beyond repair,-,Beechcraft 200 Super King Air,-,-,1980,-,-, D-IGSW, BB-669,GSW Charterflug,Executive,-,Trieste-Ronchi dei Legionari Airport,TRS,LIPQ,Italy,Innsbruck-Kranebitten Airport,INN,LOWI,Austria,2,1,2,1,-,-,-
19901121-4,Wednesday,21-NOV-1990,-,A1, En route (ENR),"Manantiales, MD",Argentina,1,0, Damaged beyond repair,-,Morane Saulnier (FMA) MS.760A Paris IA,-,-,1962,-,-, E-234, A-22,Argentine AF,Military,-,Mendoza-El Plumerillo Airport,MDZ,SAME,Argentina,-,-,-,-,1,0,0,0,-,-,-
19901126-0,Monday,26-NOV-1990,-,A1, Landing (LDG),Alma-Ata Airport (ALA),Kazakhstan,8,8, Damaged beyond repair,-,Antonov An-12,-,-,-,-,-, registration unknown,-,Soviet AF,Military,-,Tashkent Airport,TAS,UTTT,Uzbekistan,Alma-Ata Airport,ALA,UAAA,Kazakhstan,7,1,7,1,-,-,-
19901129-0,Thursday,29-NOV-1990,-,U1, Unknown (UNK),near Libreville,Gabon,-,-, Damaged beyond repair,-,Nord 262C-62,-,-,1971,-,-, TR-KJB, 90,Gabonese AF,Military,-,-,-,-,-,-,-,-,-,-,-,-,-,-,-,-
19901129-1,Thursday,29-NOV-1990,02:15,A2, Approach (APR),"Sebring Air Terminal, FL (SEF)",United States of America,3,0, Substantial, Repaired,Cessna 550 Citation S/II,2,Pratt & Whitney Canada JT15D-4B,1986,-,4090.0, N97QS, S550-0092,Executive Jet Aviation,Executive,-,New York-La Guardia Airport,LGA,KLGA,United States of America,Sebring Air Terminal,SEF,KSEF,United States of America,2,1,0,0,-,-,Final
19901129-2,Thursday,29-NOV-1990,-,H2, En route (ENR),Syktyvkar Airport (SCW),Russia,-,0, None,-,Tupolev Tu-134,-,-,-,-,-, registration unknown,-,Aeroflot,Domestic Scheduled Passenger,-,-,-,-,-,Syktyvkar Airport,SCW,UUYY,Russia,-,-,0,0,-,-,-
19901130-0,Friday,30-NOV-1990,-,A1, Landing (LDG),Dikson Airport (DKS),Russia,35,0, Substantial, Written off (damaged beyond repair),Yakovlev Yak-40K,3,Ivchenko AI-25,1977,-,-, CCCP-87394, 9410633,Aeroflot / Krasnoyarsk,Domestic Scheduled Passenger,-,-,-,-,-,Dikson Airport,DKS,UODD,Russia,4,31,0,0,-,-,-
19901201-0,Saturday,01-DEC-1990,-,A1, Unknown (UNK),southern Iran,Iran,3,3, Damaged beyond repair,-,de Havilland Canada DHC-6 Twin Otter 300,-,-,1975,-,-, EP-IOD ?, 460,NIOC,Unknown,-,-,-,-,-,-,-,-,-,2,1,2,1,-,-,-
19901202-0,Sunday,02-DEC-1990,-,H2, En route (ENR),Leningrad-Pulkovo Airport (LED),Russia,127,0, None,-,Tupolev Tu-154,-,-,-,-,-, registration unknown,-,Aeroflot,Domestic Scheduled Passenger,-,Murmansk Airport,MMK,ULMM,Russia,Leningrad-Pulkovo Airport,LED,ULLI,Russia,7,120,0,0,-,-,-
19901202-1,Sunday,02-DEC-1990,-,A1, Unknown (UNK),Punta Del Este Airport (PDP),Uruguay,-,-, Damaged beyond repair,-,Rockwell 1121 Jet Commander,-,-,1966,-,-, N2WU, 72,Fair Sky Corp.,Unknown,-,Punta Del Este Airport,PDP,SUPE,Uruguay,-,-,-,-,-,-,-,-,-,-,-
19901203-1,Monday,03-DEC-1990,13:45,A1, Taxi (TXI),"Detroit-Metropolitan Wayne County Airport, MI (DTW)",United States of America,44,8, Destroyed, Written off (damaged beyond repair),Douglas DC-9-14,2,Pratt & Whitney JT8D-7B,1966,-,62253.0, N3313L, 45708/77,Northwest Airlines,Domestic Scheduled Passenger,NW1482,Detroit-Metropolitan Wayne County Airport,DTW,KDTW,United States of America,Pittsburgh International Airport,PIT,KPIT,United States of America,4,40,1,7,-,-,Final
19901203-2,Monday,03-DEC-1990,13:45,A2, Takeoff (TOF),"Detroit-Metropolitan Wayne County Airport, MI (DTW)",United States of America,154,0, Substantial, Repaired,Boeing 727-251,3,Pratt & Whitney JT8D-15A,1975,27933.0,37310.0, N278US, 21157/1173,Northwest Airlines,Domestic Scheduled Passenger,NW299,Detroit-Metropolitan Wayne County Airport,DTW,KDTW,United States of America,Memphis International Airport,MEM,KMEM,United States of America,8,146,0,0,-,-,Final
19901204-0,Tuesday,04-DEC-1990,-,A1, Approach (APR),5 km (3.1 mls) SW of Nairobi-Jomo Kenyatta International Airport (NBO),Kenya,10,10, Damaged beyond repair,-,Boeing 707-321C,4,Pratt & Whitney JT3D-3B,1968,-,-, ST-SAC, 19377/666,Sudania,Cargo,-,Khartoum-Civil Airport,KRT,HSSS,Sudan,Nairobi-Jomo Kenyatta International Airport,NBO,HKJK,Kenya,7,3,7,3,-,-,-
19901204-1,Tuesday,04-DEC-1990,-,C1, Unknown (UNK),near Chalate,El Salvador,5,5, Damaged beyond repair,-,Douglas C-47 (DC-3),-,-,-,-,-, FAES125 ?,-,Salvadorian AF,Military,-,-,-,-,-,-,-,-,-,-,-,-,-,-,-,-
19901206-0,Thursday,06-DEC-1990,-,H2, Taxi (TXI),Guangzhou-Baiyun Airport (CAN),China,-,0, None,-,unknown,-,-,-,-,-, registration unknown,-,CAAC,Domestic Scheduled Passenger,-,Guangzhou-Baiyun Airport,CAN,ZGGG,China,Qingdao Airport,TAO,ZSQD,China,-,-,0,0,-,-,-
19901208-0,Saturday,08-DEC-1990,-,A1, Standing (STD),Cochabamba-J Wilsterman Airport (CBB),Bolivia,2,1, Damaged beyond repair,-,Douglas C-47D (DC-3),-,-,1944,-,-, CP-1668, 25764/14319,SAVCO,Cargo,-,Cochabamba-J Wilsterman Airport,CBB,SLCB,Bolivia,-,-,-,-,2,0,1,0,-,-,-
19901211-0,Tuesday,11-DEC-1990,-,H2, En route (ENR),Tbilisi Airport (TBS),Georgia,-,0, None,-,Yakovlev Yak-40,3,Ivchenko AI-25,-,-,-, registration unknown,-,Aeroflot,Domestic Scheduled Passenger,-,Baku-Bina International Airport,BAK,UBBB,Azerbaijan,Tbilisi Airport,TBS,UGGG,Georgia,-,-,0,0,-,-,-
19901212-1,Wednesday,12-DEC-1990,15:31,A1, Unknown (UNK),12 km (7.5 mls) NW of Kiev,Ukraine,17,0, Damaged beyond repair,-,Antonov An-12,-,-,1964,2703.0,4461.0, CCCP-29110, 402502,MAP Kiev MSZ,Cargo,-,Batumi-Chorokh Airport,BUS,UGSB,Georgia,Kiev-Gostomel Airport,GML,UKKM,Ukraine,5,12,0,0,-,-,-
19901214-0,Friday,14-DEC-1990,-,A1, Approach (APR),Shakhtersk Airport,Russia,43,0, Damaged beyond repair,-,Antonov An-24B,-,-,1968,-,-, CCCP-47164, 89901706,Aeroflot / Far East,Domestic Scheduled Passenger,-,Khabarovsk-Novy Airport,KHV,UHHH,Russia,-,-,-,-,4,39,0,0,-,-,-
19901215-0,Saturday,15-DEC-1990,-,A1, Unknown (UNK),San Ignace,Bolivia,3,0, Damaged beyond repair,-,Douglas DC-6B,4,Pratt & Whitney R-2800,1958,-,-, CP-1953, 45516/1033,Frigorifico Santa Rita,Unknown,-,-,-,-,-,-,-,-,-,-,-,0,0,-,-,-
19901215-1,Saturday,15-DEC-1990,-,C1, Standing (STD),Villa Garzón Airport (VGZ),Colombia,0,0, Destroyed, Written off (damaged beyond repair),Embraer EMB-110P1 Bandeirante,2,Pratt & Whitney Canada PT6A-34,1982,-,-, HK-3195X, 110414,AIRES Colombia,Unknown,-,-,-,-,-,-,-,-,-,0,0,0,0,-,-,-
19901221-0,Friday,21-DEC-1990,12:20,A1, Approach (APR),"near False Pass, AK",United States of America,1,1, Destroyed, Written off (damaged beyond repair),Cessna 208 Caravan I,1,Pratt & Whitney Canada PT6A-114,1986,-,1787.0, N9444F, 20800104,MarkAir Express,Cargo,-,Cold Bay Airport,CDB,PACD,United States of America,False Pass Airport,KFP,PAKF,United States of America,1,0,1,0,-,-,Final
19901221-1,Friday,21-DEC-1990,-,H2, Taxi (TXI),Volgograd Airport (VOG),Russia,-,0, None,-,Tupolev Tu-154,-,-,-,-,-, registration unknown,-,Aeroflot,Domestic Scheduled Passenger,-,Volgograd Airport,VOG,URWW,Russia,Nizhnevartovsk Airport,NJC,USNN,Russia,-,-,0,0,-,-,-
19901223-0,Sunday,23-DEC-1990,18:04,A2, Landing (LDG),Isle Of Man-Ronaldsway Airport (IOM),United Kingdom,73,0, Substantial, Repaired,British Aerospace ATP,-,-,1988,5212.0,3262.0, G-OATP, 2005,Manx Airlines,Domestic Scheduled Passenger, 884,London-Luton Airport,LTN,EGGW,United Kingdom,Isle Of Man-Ronaldsway Airport,IOM,EGNS,United Kingdom,4,69,0,0,-,-,Final
19901224-0,Monday,24-DEC-1990,-,H2, En route (ENR),Adler/Sochi Airport (AER),Russia,-,0, None,-,Ilyushin Il-86,-,-,-,-,-, registration unknown,-,Aeroflot,Domestic Scheduled Passenger,-,-,-,-,-,Adler/Sochi Airport,AER,URSS,Russia,-,351,0,0,-,-,-
19901228-0,Friday,28-DEC-1990,-,H2, En route (ENR),Annaba Airport (AAE),Algeria,-,0, None,-,Boeing 737,-,-,-,-,-, registration unknown,-,Air Algérie,Domestic Scheduled Passenger,6201,Ghardaïa-Noumérat Airport,GHA,DAUG,Algeria,Algiers-Houari Boumediene Airport,ALG,DAAG,Algeria,-,-,0,0,-,-,-
19901231-0,Monday,31-DEC-1990,17:30,A2, Approach (APR),"Corowa Airport, NSW (CWW)",Australia,16,0, Substantial, Repaired,GAF Nomad N.24A,-,-,1979,-,-, VH-BRP, 80,Sydney Skydivers,Parachuting,-,Corowa Airport,CWW,YCOR,Australia,Corowa Airport,CWW,YCOR,Australia,1,15,0,0,-,-,Final
19909999-0,-,xx-xxx-1990,-,O1, Standing (STD),at an unknown location,Liberia,-,-, Damaged beyond repair,-,Cessna U-27A Caravan I,1,Pratt & Whitney Canada PT6A-114,1985,-,-, ARU-022, 20800058,Liberian Army,Military,-,-,-,-,-,-,-,-,-,-,-,-,-,-,-,-
19909999-1,-,xx-xxx-1990,-,U1, Unknown (UNK),at an unknown location,Unknown country,-,-, Damaged beyond repair,-,CASA C-212 Aviocar 200,-,-,1985,-,-, MP-112, 333,Mexican Navy,Military,-,-,-,-,-,-,-,-,-,-,-,-,-,-,-,-
19909999-4,-,XX-XXX-1990,-,U1, Unknown (UNK),Straussberg ?,Germany,-,0, Damaged beyond repair,-,Antonov An-2T,-,-,-,-,-, 822, 1170(473)12,East German AF,Military,-,-,-,-,-,-,-,-,-,-,-,0,0,-,-,-
19909999-5,-,XX-XXX-1990,-,A1, Unknown (UNK),at an unknown location,Russia,5,5, Damaged beyond repair,-,Antonov An-2P,-,-,-,-,-, CCCP-07308, 1G149-12,Aeroflot / Krasnoyarsk,Unknown,-,-,-,-,-,-,-,-,-,-,-,-,-,-,-,-
