identifiant,week_day,date,time,type_event,phase,location,country,total_occupants,total_fatalities,aircraft_damage,aircraft_fate,type_aircraft,number_engines,type_engines,first_flight,cycles,total_airframe_hours,registration,c_n_msn,operator,nature,flight_number,departure_airport_name,departure_airport_IATA,departure_airport_ICAO,departure_airport_country,destination_airport_name,destination_airport_IATA,destination_airport_ICAO,destination_airport_country,crew_number,passengers_number,crew_fatalities,passengers_fatalities,collision_casualties,ground_casualties,status
19930603-0,Thursday,03-JUN-1993,-,A1, Unknown (UNK),Kiriwina Island,Papua New Guinea,-,-, Damaged beyond repair,-,Britten-Norman BN-2A-20 Islander,2,Lycoming IO-540-K1B5,1974,-,-, P2-ISC, 394,North Coast Aviation,Unknown,-,-,-,-,-,-,-,-,-,-,-,-,-,-,-,-
19930606-1,Sunday,06-JUN-1993,-,A1, Approach (APR),5 km (3.1 mls) from  El Yopal,Colombia,2,2, Damaged beyond repair,-,de Havilland Canada DHC-6 Twin Otter 300,2,Pratt & Whitney Canada PT6A-27,1981,-,-, HK-2759X, 771,Aerotaca,Cargo,-,Bogotá-Eldorado Airport,BOG,SKBO,Colombia,El Yopal Airport,EYP,SKYP,Colombia,2,0,2,0,-,-,-
19930607-0,Monday,07-JUN-1993,13:10,A1, Initial climb (ICL),Köln/Bonn Airport (CGN),Germany,4,4, Destroyed, Written off (damaged beyond repair),Learjet 35A,2,Garrett TFE731-2-2B,-,-,-, D-COCO, 35A-466,Aero-Dienst ,Training,-,Köln/Bonn Airport,CGN,EDDK,Germany,Nürnberg Airport,NUE,EDDN,Germany,2,2,2,2,-,-,-
19930609-0,Wednesday,09-JUN-1993,-,A1, Approach (APR),Gulgubip Airport (GLP),Papua New Guinea,11,9, Damaged beyond repair,-,IRMA/Britten-Norman BN-2A-20 Islander,-,-,1976,-,-, P2-SWA, 805,Southwest Air,Domestic Scheduled Passenger,-,-,-,-,-,-,-,-,-,1,10,0,9,-,-,-
19930609-1,Wednesday,09-JUN-1993,16:46,A2, Landing (LDG),"Greenville-Majors Field, TX (GVT)",United States of America,15,0, Substantial, Repaired,Convair CV-580,-,-,-,-,14875.0, N580HH, 500,Texas Instruments,Test,-,Dallas-Love Field,DAL,KDAL,United States of America,Greenville-Majors Field,GVT,KGVT,United States of America,2,13,0,0,-,-,Final
19930614-0,Monday,14-JUN-1993,-,A1, Landing (LDG),Green Island Airport (GNI),Taiwan,22,0, Damaged beyond repair,-,Dornier 228-201,-,-,1988,-,-, B-12298, 8151,Formosa Airlines,Domestic Scheduled Passenger,-,Taitung Airport,TTT,RCFN,Taiwan,Green Island Airport,GNI,RCGI,Taiwan,2,20,0,0,-,-,-
19930616-0,Wednesday,16-JUN-1993,-,A2, Initial climb (ICL),Nabire Airport (NBX),Indonesia,3,1, Substantial, Repaired,de Havilland Canada DHC-6 Twin Otter 300,2,Pratt & Whitney Canada PT6A-27,1974,-,-, PK-NUL, 391,Merpati Nusantara,Cargo,-,Nabire Airport,NBX,WABI,Indonesia,-,-,-,-,3,0,1,0,-,-,-
19930617-0,Thursday,17-JUN-1993,22:15,A1, En route (ENR),"35,5 km (22.2 mls) N of Tbilisi",Georgia,33,33, Damaged beyond repair,-,Antonov An-26B,2,Ivchenko AI-24VT,1981,-,-, 26035, 10604,Tajikistan Airlines,Int'l Non Scheduled Passenger,-,Batumi-Chorokh Airport,BUS,UGSB,Georgia,Baku-Bina International Airport,BAK,UBBB,Azerbaijan,5,28,5,28,-,-,-
19930617-1,Thursday,17-JUN-1993,-,A2, Approach (APR),near Manila-Ninoy Aquino International Airport (MNL),Philippines,3,0, Substantial, Repaired,PADC/Pilatus Britten-Norman BN-2T Islander,2,Allison 250-B17C,1982,-,-, RP-C766, 3007,National Power Corp.,Unknown,-,Masbate Airport,MBT,RPVJ,Philippines,Manila-Ninoy Aquino International Airport,MNL,RPLL,Philippines,-,-,0,0,-,-,-
19930621-2,Monday,21-JUN-1993,11:25,A1, Landing (LDG),Denpasar Bali-Ngurah Rai Airport (DPS),Indonesia,79,0, Damaged beyond repair,-,McDonnell Douglas DC-9-32,2,Pratt & Whitney JT8D-9,1979,-,-, PK-GNT, 47790/907,Garuda,Domestic Scheduled Passenger,GA630,Yogyakarta-Adisutjipto Airport,JOG,WARJ,Indonesia,Denpasar-Ngurah Rai Bali International Airport,DPS,WADD,Indonesia,7,72,0,0,-,-,Preliminary - official
19930622-0,Tuesday,22-JUN-1993,09:48,A2, Landing (LDG),Yakutsk Airport (YKS),Russia,41,0, Substantial, Repaired,Antonov An-24B,-,-,1966,-,-, RA-47708, 69900403,Aeroflot / Yakutsk,Domestic Scheduled Passenger,-,Yakutsk Airport,YKS,UEEE,Russia,Suntar Airport,SUY,UENS,Russia,6,35,0,0,-,-,-
19930623-0,Wednesday,23-JUN-1993,-,A1, Approach (APR),Mitwaba,Democratic Republic of the Congo,4,0, Damaged beyond repair,-,Pilatus Britten-Norman BN-2T Turbine Islander,2,Allison 250-B17C,1981,-,-, 9Q-CLW, 2030,Shabair,Unknown,-,-,-,-,-,-,-,-,-,-,-,0,0,-,-,-
19930624-0,Thursday,24-JUN-1993,18:41,A2, Landing (LDG),Samara Airport (KUF),Russia,5,0, Substantial, Repaired,Antonov An-26,-,-,-,-,-, RA-26090, 11506,Polyot / Aeroflot,Cargo,-,Omsk Airport,OMS,UNOO,Russia,-,-,-,-,5,0,0,0,-,-,-
19930624-1,Thursday,24-JUN-1993,-,H2, En route (ENR),Taipei,Taiwan,76,0, None,-,Boeing 737-2T4,2,Pratt & Whitney JT8D-17A,1982,-,-, B-2501, 22802/901,Xiamen Airlines,Domestic Scheduled Passenger,-,Changzhou Airport,CZX,ZSCG,China,Xiamen Airport,XMN,ZSAM,China,13,63,0,0,-,-,-
19930625-0,Friday,25-JUN-1993,-,A1, Unknown (UNK),"within El Venadito River, Cerro Mohinora",Mexico,4,4, Damaged beyond repair,-,IAI Arava 201,-,-,-,-,-, registration unknown,-,Mexican AF,Military,-,-,-,-,-,-,-,-,-,-,-,-,-,-,-,-
19930628-0,Monday,28-JUN-1993,-,A1, Initial climb (ICL),Aminius,Namibia,3,3, Damaged beyond repair,-,Beechcraft 200 Super King Air,-,-,1981,-,-, ZS-NEP, BB-838,Trans Namibia Aviation,Int'l Non Scheduled Passenger,-,Windhoek-Eros Airport,ERS,FYWH,Namibia,Johannesburg/Germiston-Rand Airport,QRA,FAGM,South Africa,1,2,1,2,-,-,-
19930701-1,Thursday,01-JUL-1993,-,A1, Approach (APR),"ca 0,9 km NE of Sorong-Jefman Airport (SOQ)",Indonesia,43,41, Destroyed, Written off (damaged beyond repair),Fokker F-28 Fellowship 3000,-,-,1978,-,-, PK-GFU, 11131,Merpati Nusantara,Domestic Scheduled Passenger,MZ724,Ambon-Pattimura Airport,AMQ,WAPP,Indonesia,Sorong-Jefman Airport,SOQ,WASS,Indonesia,4,39,4,37,-,-,-
19930704-0,Sunday,04-JUL-1993,-,H2, En route (ENR),Johannesburg-Jan Smuts Airport (JNB/FAJS),South Africa,6,0, None,-,Fokker F-28 Fellowship 3000,-,-,1978,-,-, 3D-ALN, 11136,Royal Swazi,International Scheduled Passenger,-,Maputo International Airport,MPM,FQMA,Mozambique,Manzini International Airport,MTS,FDMS,Eswatini,4,2,0,0,-,-,-
19930705-1,Monday,05-JUL-1993,-,A1, Initial climb (ICL),Ramenskoye,Russia,9,5, Damaged beyond repair,-,Ilyushin Il-114,2,Klimov TV7-117S,1991,-,-, RA-54001, 01-03,Ilyushin,Test,-,-,-,-,-,-,-,-,-,9,0,5,0,-,-,-
19930706-0,Tuesday,06-JUL-1993,-,A1, Unknown (UNK),Mthatha,South Africa,2,2, Damaged beyond repair,-,CASA C-212-A62 Aviocar 200,-,-,1986,-,-, TDF-01, 362,Transkei Army,Military,-,-,-,-,-,-,-,-,-,2,0,2,0,-,-,-
19930708-0,Thursday,08-JUL-1993,20:47,A1, Approach (APR),"3,4 km (2.1 mls) from  Pskov Airport (PKV)",Russia,11,11, Destroyed, Written off (damaged beyond repair),Ilyushin Il-76M,-,-,1979,-,-, RA-86039, 093417518,Russian AF,Military,-,Pskov Airport,PKV,ULOO,Russia,Pskov Airport,PKV,ULOO,Russia,11,0,11,0,-,-,-
19930710-0,Saturday,10-JUL-1993,09:50,A2, Landing (LDG),"Big Sand Lake Airport, MB",Canada,43,0, Substantial, Repaired,Hawker Siddeley HS-748-244 Srs. 2A,-,-,1971,-,-, C-FAGI, 1699,Air Manitoba,Domestic Non Scheduled Passenger,-,Winnipeg International Airport,YWG,CYWG,Canada,-,-,-,-,4,39,0,0,-,-,-
19930715-0,Thursday,15-JUL-1993,11:55,A1, Approach (APR),20 km (12.5 mls) E of Bombay-Sahar International Airport (BOM),India,4,4, Destroyed, Written off (damaged beyond repair),Beechcraft 300 Super King Air,-,-,1987,-,-, VT-EQM, FA-128,National Remote Sensing Agency,Ferry/positioning,-,Ahmedabad Airport,AMD,VAAH,India,Bombay-Sahar International Airport,BOM,VABB,India,1,3,1,3,-,-,-
19930718-1,Sunday,18-JUL-1993,19:30,A1, Landing (LDG),Managua-Augusto C. Sandino Airport (MGA),Nicaragua,94,0, Damaged beyond repair,-,Boeing 737-2H6,2,Pratt & Whitney JT8D-15,1972,-,-, N401SH, 20584/305,SAHSA,International Scheduled Passenger, 415,Tegucigalpa-Toncontin Airport,TGU,MHTG,Honduras,Managua-Augusto C. Sandino Airport,MGA,MNMG,Nicaragua,6,88,0,0,-,-,-
19930720-0,Tuesday,20-JUL-1993,-,O1, Standing (STD),"Topeka-Forbes Field, KS (FOE)",United States of America,0,0, Damaged beyond repair,-,Cessna T-47A Citation II,-,-,-,-,-, N12756, 552-0002,Cessna Aircraft,-,-,-,-,-,-,-,-,-,-,0,0,0,0,-,-,-
19930720-1,Tuesday,20-JUL-1993,-,O1, Standing (STD),"Topeka-Forbes Field, KS (FOE)",United States of America,0,0, Damaged beyond repair,-,Cessna T-47A Citation II,-,-,-,-,-, N12761, 552-0007,Cessna Aircraft,-,-,-,-,-,-,-,-,-,-,0,0,0,0,-,-,-
19930720-10,Tuesday,20-JUL-1993,-,O1, Standing (STD),"Topeka-Forbes Field, KS (FOE)",United States of America,0,0, Damaged beyond repair,-,Cessna T-47A Citation II,-,-,-,-,-, N12564, 552-0010,Cessna Aircraft,-,-,-,-,-,-,-,-,-,-,0,0,0,0,-,-,-
19930720-11,Tuesday,20-JUL-1993,-,O1, Standing (STD),"Topeka-Forbes Field, KS (FOE)",United States of America,0,0, Damaged beyond repair,-,Cessna T-47A Citation II,-,-,-,-,-, N12855, 552-0001,Cessna Aircraft,-,-,-,-,-,-,-,-,-,-,0,0,0,0,-,-,-
19930720-12,Tuesday,20-JUL-1993,-,O1, Standing (STD),"Topeka-Forbes Field, KS (FOE)",United States of America,0,0, Damaged beyond repair,-,Cessna T-47A Citation II,-,-,-,-,-, N12763, 552-0009,Cessna Aircraft,-,-,-,-,-,-,-,-,-,-,0,0,0,0,-,-,-
19930720-13,Tuesday,20-JUL-1993,-,O1, Standing (STD),"Topeka-Forbes Field, KS (FOE)",United States of America,0,0, Damaged beyond repair,-,Cessna T-47A Citation II,-,-,-,-,-, N12660, 552-0006,Cessna Aircraft,-,-,-,-,-,-,-,-,-,-,0,0,0,0,-,-,-
19930720-2,Tuesday,20-JUL-1993,-,O1, Standing (STD),"Topeka-Forbes Field, KS (FOE)",United States of America,0,0, Damaged beyond repair,-,Cessna T-47A Citation II,-,-,-,-,-, N12557, 552-0003,Cessna Aircraft,-,-,-,-,-,-,-,-,-,-,0,0,0,0,-,-,-
19930720-3,Tuesday,20-JUL-1993,-,O1, Standing (STD),"Topeka-Forbes Field, KS (FOE)",United States of America,0,0, Damaged beyond repair,-,Cessna T-47A Citation II,-,-,-,-,-, N12762, 552-0008,Cessna Aircraft,-,-,-,-,-,-,-,-,-,-,0,0,0,0,-,-,-
19930720-4,Tuesday,20-JUL-1993,-,O1, Standing (STD),"Topeka-Forbes Field, KS (FOE)",United States of America,0,0, Damaged beyond repair,-,Cessna T-47A Citation II,-,-,-,-,-, N12859, 552-0005,Cessna Aircraft,-,-,-,-,-,-,-,-,-,-,0,0,0,0,-,-,-
19930720-6,Tuesday,20-JUL-1993,-,O1, Standing (STD),"Topeka-Forbes Field, KS (FOE)",United States of America,0,0, Damaged beyond repair,-,Cessna T-47A Citation II,-,-,-,-,-, N12967, 552-0013,Cessna Aircraft,-,-,-,-,-,-,-,-,-,-,0,0,0,0,-,-,-
19930720-7,Tuesday,20-JUL-1993,-,O1, Standing (STD),"Topeka-Forbes Field, KS (FOE)",United States of America,0,0, Damaged beyond repair,-,Cessna T-47A Citation II,-,-,-,-,-, N12669, 552-0015,Cessna Aircraft,-,-,-,-,-,-,-,-,-,-,0,0,0,0,-,-,-
19930720-8,Tuesday,20-JUL-1993,-,O1, Standing (STD),"Topeka-Forbes Field, KS (FOE)",United States of America,0,0, Damaged beyond repair,-,Cessna T-47A Citation II,-,-,-,-,-, N12058, 552-0004,Cessna Aircraft,-,-,-,-,-,-,-,-,-,-,0,0,0,0,-,-,-
19930720-9,Tuesday,20-JUL-1993,-,O1, Standing (STD),"Topeka-Forbes Field, KS (FOE)",United States of America,0,0, Damaged beyond repair,-,Cessna T-47A Citation II,-,-,-,-,-, N12065, 552-0011,Cessna Aircraft,-,-,-,-,-,-,-,-,-,-,0,0,0,0,-,-,-
19930721-0,Wednesday,21-JUL-1993,17:40,A2, Landing (LDG),"Tofino Airport, BC (YAZ)",Canada,51,0, Substantial, Repaired,Convair CV-580,-,-,-,-,-, C-GQHB, 376,Canair Cargo,Domestic Non Scheduled Passenger, 801,Vancouver International Airport,YVR,CYVR,Canada,Tofino Airport,YAZ,CYAZ,Canada,4,47,0,0,-,-,Final
19930722-0,Thursday,22-JUL-1993,-,A1, Maneuvering (MNV),"near Wainwright Airport, AB (YWV)",Canada,9,5, Damaged beyond repair,-,Lockheed CC-130E Hercules,-,-,1967,-,-, 130321, 4191,Canadian Armed Forces,Military,-,-,-,-,-,-,-,-,-,9,0,5,0,-,-,-
19930723-0,Friday,23-JUL-1993,15:40,A1, Takeoff (TOF),Yinchuan Airport (INC),China,113,56, Damaged beyond repair,-,British Aerospace BAe-146-300,4,Lycoming LF507-1H,1992,-,-, B-2716, E3215,China Northwest,Domestic Scheduled Passenger,2119,Yinchuan Airport,INC,ZLIC,China,Beijing-Capital Airport,PEK,ZBAA,China,5,108,1,55,-,-,-
19930725-0,Sunday,25-JUL-1993,-,H2, En route (ENR),Djibouti Airport (JIB),Djibouti,134,0, None,-,Boeing 757-260,-,-,-,-,-, registration unknown,-,Ethiopian Airlines,Domestic Scheduled Passenger,-,Dire Dawa-Aba Tenna D Yilma Airport,DIR,HADR,Ethiopia,Addis Ababa-Bole Airport,ADD,HAAB,Ethiopia,8,126,0,0,-,-,-
19930726-0,Monday,26-JUL-1993,-,A1, Taxi (TXI),Amsterdam-Schiphol Airport (AMS),Netherlands,3,0, Damaged beyond repair,-,Boeing 707-327C,4,Pratt & Whitney JT3D-3B (HK),1966,-,-, OD-AFY, 19108/511,TMA,Cargo, 172,Amsterdam-Schiphol International Airport,AMS,EHAM,Netherlands,Beirut International Airport,BEY,OLBA,Lebanon,3,0,0,0,-,-,-
19930726-1,Monday,26-JUL-1993,15:48,A1, Approach (APR),"7,5 km (4.7 mls) SW of Mokpo Airport (MPK)",South Korea,116,68, Destroyed, Written off (damaged beyond repair),Boeing 737-5L9,2,CFMI CFM56-3B1,1990,5707.0,7301.0, HL7229, 24805/1878,Asiana Airlines,Domestic Scheduled Passenger,OZ733,Seoul-Gimpo (Kimpo) International Airport,SEL,RKSS,South Korea,Mokpo Airport,MPK,RKJM,South Korea,6,110,2,66,-,-,-
19930726-2,Monday,26-JUL-1993,13:52,A1, Maneuvering (MNV),"Byers, KS",United States of America,3,3, Destroyed, Written off (damaged beyond repair),Canadair CL-600-2B19 Regional Jet CRJ-100,-,-,1991,800.0,771.0, C-FCRJ, 7001,Bombardier,Test,-,Wichita-Mid-Continent Airport,ICT,KICT,United States of America,Wichita-Mid-Continent Airport,ICT,KICT,United States of America,3,0,3,0,-,-,Final
19930727-0,Tuesday,27-JUL-1993,13:17,A2, Landing (LDG),"Boise Air Terminal, ID (BOI)",United States of America,3,0, Substantial, Repaired,Convair CV-240,-,-,1953,-,-, N156PA, 324,Renoun Aviation,Training,-,Boise Air Terminal,BOI,KBOI,United States of America,Boise Air Terminal,BOI,KBOI,United States of America,3,0,0,0,-,-,Final
19930730-1,Friday,30-JUL-1993,12:32,A1, Approach (APR),"Long Loyang, Sarawak",Malaysia,17,1, Substantial, Written off (damaged beyond repair),Shorts SC.7 Skyvan 3-100,2,Garrett TPE331-2-201A,1979,-,-, 9M-AXM, SH.1967,Hornbill Skyways,Domestic Non Scheduled Passenger,-,Ba'kelalan Airport,BKM,WBGO,Malaysia,Marudi Airport,MUR,WBGM,Malaysia,2,15,0,1,-,-,-
19930731-1,Saturday,31-JUL-1993,-,A1, Approach (APR),"6,5 km (4.1 mls) N of Bharatpur Airport (BHR)",Nepal,19,19, Damaged beyond repair,-,Dornier 228-101,-,-,1984,-,-, 9N-ACL, 7029,Everest Air,Domestic Scheduled Passenger,-,Kathmandu-Tribhuvan Airport,KTM,VNKT,Nepal,Bharatpur Airport,BHR,VNBP,Nepal,3,16,3,16,-,-,-
19930802-0,Monday,02-AUG-1993,09:47,A2, Landing (LDG),"Denver-Stapleton International Airport, CO (DEN)",United States of America,164,0, Substantial, Repaired,Boeing 757-222,-,-,-,-,9483.0, N508UA, 24744/277,United Airlines,Domestic Scheduled Passenger,-,Portland International Airport,PDX,KPDX,United States of America,Denver-Stapleton International Airport,DEN,KDEN,United States of America,7,157,0,0,-,-,Final
19930804-2,Wednesday,04-AUG-1993,-,O1, Standing (STD),Bogotá-Eldorado Airport (BOG),Colombia,-,0, Damaged beyond repair,-,Boeing 727-46,3,Pratt & Whitney JT8D-7A,1965,-,-, HK-2421X, 18875/202,SAM Colombia,-,-,-,-,-,-,-,-,-,-,-,-,0,0,-,-,-
19930807-0,Saturday,07-AUG-1993,-,A1, Landing (LDG),near El Fasher Airport (ELF),Sudan,23,0, Damaged beyond repair,-,Antonov An-12B,4,Ivchenko AI-20M,1971,-,-, RA-11110, 01347902,Aviakor,Scheduled Passenger,-,-,-,-,-,-,-,-,-,9,14,0,0,-,-,-
19930810-0,Tuesday,10-AUG-1993,-,H2, En route (ENR),Taipei-Chiang Kai Shek Airport (TPE),Taiwan,150,0, None,-,Boeing 767-2J6ER,-,-,-,-,-, registration unknown,-,Air China,International Scheduled Passenger, 973,Xiamen Airport,XMN,ZSAM,China,Jakarta-Soekarno-Hatta International Airport,CGK,WIII,Indonesia,13,137,0,0,-,-,- (No safety board investigation)
19930814-0,Saturday,14-AUG-1993,-,H2, En route (ENR),Moscow-Sheremetyevo Airport (SVO),Russia,-,0, None,-,Tupolev Tu-154,-,-,-,-,-, registration unknown,-,Aeroflot,Domestic Scheduled Passenger,SU2422,Saint Petersburg-Pulkovo Airport,LED,ULLI,Russia,Moskva-Sheremetyevo Airport,SVO,UUEE,Russia,-,-,0,0,-,-,-
19930815-0,Sunday,15-AUG-1993,-,H2, En route (ENR),Düsseldorf Airport (DUS),Germany,143,0, None,-,Boeing 737-406,2,CFMI CFM56-3B2,1989,-,-, PH-BDS, 24529/1770,KLM,International Scheduled Passenger,KL110,Tunis-Carthage Airport,TUN,DTTA,Tunisia,Amsterdam-Schiphol International Airport,AMS,EHAM,Netherlands,7,136,0,0,-,-,-
19930816-0,Monday,16-AUG-1993,-,A1, En route (ENR),near Valensole,France,1,1, Damaged beyond repair,-,Cessna 208B Super Cargomaster,1,Pratt & Whitney Canada PT6A-114A,1993,-,50.0, N1037D, 208B0332,Aviation & Services Europe,Unknown,-,Toussus-le-Noble Airport,TNF,LFPN,France,Cannes-Mandelieu Airport,CEQ,LFMD,France,1,0,1,0,-,-,-
19930816-1,Monday,16-AUG-1993,-,A1, Takeoff (TOF),Yegoryevsk-Shuvoye Airport,Russia,2,2, Damaged beyond repair,-,Antonov An-2,-,-,-,-,-, registration unknown,-,ROSTO Yegoryevsky,Training,-,-,-,-,-,-,-,-,-,2,0,2,0,-,-,-
19930817-0,Tuesday,17-AUG-1993,02:25,A1, Approach (APR),"Hartford-Brainard Airport, CT (HFD)",United States of America,2,2, Destroyed, Written off (damaged beyond repair),Swearingen SA226-TC Metro II,2,Garrett TPE331-3U,1977,-,16710.0, N220KC, TC-231,Aviation Services,Ferry/positioning,-,Farmingdale-Republic Field,FRG,KFRG,United States of America,Hartford-Brainard Airport,HFD,KHFD,United States of America,2,0,2,0,-,-,Final
19930818-0,Wednesday,18-AUG-1993,16:56,A1, Approach (APR),Guantánamo NAS (NBW),Cuba,3,0, Damaged beyond repair,-,McDonnell Douglas DC-8-61,4,Pratt & Whitney JT3D-3B (Q),1969,18829.0,43947.0, N814CK, 46127/510,Connie Kalitta,Cargo, 808,Norfolk NAS Chambers,NGU,KNGU,United States of America,Guantánamo NAS,NBW,MUGM,Cuba,3,0,0,0,-,-,Final
19930819-0,Thursday,19-AUG-1993,15:22,A1, Initial climb (ICL),"near Iliamna, AK",United States of America,6,0, Destroyed, Written off (damaged beyond repair),de Havilland Canada DHC-3 Otter,1,Pratt & Whitney R-1340-61,1961,-,7200.0, N321KA, 415,Ketchum Air Service,Domestic Non Scheduled Passenger,-,-,-,-,-,Anchorage-Lake Hood,LHD,PALH,United States of America,1,5,0,0,-,-,Final
19930820-0,Friday,20-AUG-1993,18:51,A1, Initial climb (ICL),"8,6 km (5.4 mls) from  Slavgorod",Russia,6,0, Damaged beyond repair,-,Antonov An-12TB,-,-,-,13112.0,30840.0, RA-11375, 402405,Komi Avia,Cargo,-,-,-,-,-,Samara Airport,KUF,UWWW,Russia,6,0,0,0,-,-,-
19930822-0,Sunday,22-AUG-1993,-,A1, Maneuvering (MNV),Pátras,Greece,2,2, Damaged beyond repair,-,Canadair CL-215-1A10,2,Pratt & Whitney R-2800-83AM,1979,-,-, 1064, 1064,Hellenic AF,Military,-,-,-,-,-,-,-,-,-,2,0,2,0,-,-,-
19930823-0,Monday,23-AUG-1993,18:42,A1, En route (ENR),"near Krasnoslobodsk, Volgograd region",Russia,6,6, Destroyed, Written off (damaged beyond repair),Antonov An-12,-,-,-,-,-, registration unknown,-,Russian AF,Military,-,-,-,-,-,-,-,-,-,6,0,6,0,-,-,-
19930826-0,Thursday,26-AUG-1993,-,H1, Standing (STD),"Sinop Airport, MT (OPS)",Brazil,0,0, Damaged beyond repair,-,Cessna 208A Caravan I,1,Pratt & Whitney Canada PT6A-114,1985,-,-, PT-OGN, 20800020,TAM,Unknown,-,-,-,-,-,-,-,-,-,0,0,0,0,-,-,- (No safety board investigation)
19930826-1,Thursday,26-AUG-1993,14:30,A1, Landing (LDG),"Hailey-Friedman Memorial Airport, ID (SUN)",United States of America,2,0, Substantial, Written off (damaged beyond repair),Dassault Falcon 10,2,Garrett TFE731-2-1C,1977,-,8607.0, F-BYCV, 93,BAC,Ferry/positioning,-,Great Falls International Airport,GTF,KGTF,United States of America,Hailey-Friedman Memorial Airport,SUN,KSUN,United States of America,2,0,0,0,-,-,Final
19930826-2,Thursday,26-AUG-1993,-,A1, Landing (LDG),near Aldan Airport (ADH),Russia,24,24, Damaged beyond repair,-,Let L-410UVP-E,2,Walter M-601E,1990,-,-, RA-67656, 902509,Sakha Avia,Domestic Scheduled Passenger, 301,-,-,-,-,Aldan Airport,ADH,UEEA,Russia,2,22,2,22,-,-,-
19930826-3,Thursday,26-AUG-1993,19:30,A2, En route (ENR),"over Boulder, NV",United States of America,-,0, Substantial, Repaired,McDonnell Douglas MD-11C,3,General Electric CF6-80C2D1F,1992,-,-, I-DUPU, 48430/508,Alitalia,International Scheduled Passenger,-,Los Angeles International Airport,LAX,KLAX,United States of America,Roma-Fiumicino Airport,FCO,LIRF,Italy,-,-,0,0,-,-,Preliminary - official
19930827-0,Friday,27-AUG-1993,-,H2, En route (ENR),Al Ghaydah Airport (AAY),Yemen,-,0, None,-,Boeing 737-2R4C,-,-,-,-,-, registration unknown,-,Alyemda,Domestic Scheduled Passenger,-,Riyan Airport,RIY,ODAR,Yemen,Al Ghaydah Airport,AAY,ODAG,Yemen,-,-,0,0,-,-,-
19930828-0,Saturday,28-AUG-1993,01:31,A1, Landing (LDG),Donetsk Airport (DOK),Ukraine,5,0, Damaged beyond repair,-,Antonov An-26,-,-,-,-,-, RA-26549, 57302907,Magnitogorsk Avia,Cargo,-,Khmelnitskiy Airport,HMJ,UKLH,Ukraine,Donetsk Airport,DOK,UKCC,Ukraine,5,0,0,0,-,-,-
19930828-1,Saturday,28-AUG-1993,15:20,A1, Initial climb (ICL),near Weston on the Green,United Kingdom,19,0, Damaged beyond repair,-,Antonov An-28,2,Glushenkov TVD-10B,1988,1384.0,1616.0, HA-LAJ, 1AJ005-11,Hungarian Aeronautical Ass.,Parachuting,-,-,-,-,-,-,-,-,-,2,17,0,0,-,-,Final
19930828-2,Saturday,28-AUG-1993,10:46,A1, Takeoff (TOF),near Khorog,Tajikistan,86,82, Destroyed, Written off (damaged beyond repair),Yakovlev Yak-40,3,Ivchenko AI-25,1975,-,-, 87995, 9541944,Tajikistan Airlines,Domestic Non Scheduled Passenger,-,-,-,-,-,Dushanbe Airport,DYU,UTDD,Tajikistan,5,81,5,77,-,-,-
19930831-0,Tuesday,31-AUG-1993,-,A1, Unknown (UNK),Strasbourg,France,1,0, Damaged beyond repair,-,Reims Cessna F406 Caravan II,2,Pratt & Whitney Canada PT6A-112,1990,-,-, F-GJLH, F406-0056,Private,Unknown,-,-,-,-,-,-,-,-,-,1,0,0,0,-,-,-
19930831-1,Tuesday,31-AUG-1993,-,A1, Approach (APR),Barrancominas Airport (NBB),Colombia,6,2, Damaged beyond repair,-,Douglas R4D-5 (DC-3),-,-,1943,-,-, HK-3220, 11808,Transoriente Colombia,Cargo,-,San Felipe-Víctor Lafón Airport,SSD,SCSF,Chile,Villavicencio Airport,VVC,SKVV,Colombia,3,3,2,0,-,-,-
19930831-3,Tuesday,31-AUG-1993,-,A1, Landing (LDG),La Colina Airport,Colombia,2,0, Damaged beyond repair,-,Curtiss C-46F-1-CU Commando,-,-,1945,-,-, HK-400, 22468,Aerosol,Cargo,-,Mitú Airport,MVP,SKMU,Colombia,Villavicencio Airport,VVC,SKVV,Colombia,2,0,0,0,-,-,-
19930901-0,Wednesday,01-SEP-1993,-,H2, Unknown (UNK),Vladivostok Airport (VVO),Russia,170,0, None,-,Tupolev Tu-154,-,-,-,-,-, registration unknown,-,Aeroflot,Domestic Scheduled Passenger,-,Vladivostok Airport,VVO,UHWW,Russia,Ekaterinburg-Koltsovo Airport,SVX,USSS,Russia,-,-,0,0,-,-,-
19930902-0,Thursday,02-SEP-1993,-,A1, Approach (APR),Tijuana-Rodriguez Airport (TIJ),Mexico,6,0, Damaged beyond repair,-,Learjet 25D,-,-,-,-,-, XA-NOG, 25-349,TAESA,Domestic Non Scheduled Passenger,-,Mexico City International Airport,MEX,MMMX,Mexico,Tijuana-Rodriguez Airport,TIJ,MMTJ,Mexico,2,4,0,0,-,-,-
19930903-0,Friday,03-SEP-1993,22:44,A1, Landing (LDG),"Buenos Aires-Jorge Newbery Airport, BA (AEP)",Argentina,4,0, Substantial, Written off (damaged beyond repair),North-American-Rockwell Sabreliner 40A,-,-,-,-,-, OB-1319, 282-127,Aero Condor,Domestic Non Scheduled Passenger,-,Neuquén Airport,NQN,SAZN,Argentina,Buenos Aires-Jorge Newbery Airport,AEP,SABE,Argentina,2,2,0,0,-,-,-
19930905-0,Sunday,05-SEP-1993,-,A1, Standing (STD),Santo Domingo-Las Americas Airport (SDQ),Dominican Republic,105,0, Destroyed, Written off (damaged beyond repair),Boeing 727-281,3,Pratt & Whitney JT8D-15A,1973,-,-, HI-617CA, 20726/962,Dominicana,Domestic Scheduled Passenger,-,San Juan-Luis Muñoz Marín International Airport,SJU,TJSJ,Puerto Rico,Santo Domingo-Las Américas International Airport,SDQ,MDSD,Dominican Republic,7,98,0,0,-,-,-
19930905-1,Sunday,05-SEP-1993,17:15,A1, En route (ENR),"11 km (6.9 mls) S of Pecos, NM",United States of America,7,7, Destroyed, Written off (damaged beyond repair),Learjet 25D,2,General Electric CJ610-8A,-,-,4973.0, N999BH, 25-318,Cambridge Aviation,Private,-,Houston-William P. Hobby Airport,HOU,KHOU,United States of America,Santa Fe Airport,SAF,KSAF,United States of America,2,5,2,5,-,-,Final
19930906-0,Monday,06-SEP-1993,11:32,A1, Landing (LDG),5 km (3.1 mls) off  Port Blair,India,4,1, Damaged beyond repair,-,Cessna 208 Caravan I,1,Pratt & Whitney Canada PT6A-114,1992,-,-, VT-AAN, 20800221,Andaman and Nicobar Adm.,Passenger,-,-,-,-,-,Port Blair Airport,IXZ,VOPB,India,1,3,0,1,-,-,Final
19930907-0,Tuesday,07-SEP-1993,-,A1, Landing (LDG),Tanahmerah Airport (TMH),Indonesia,6,0, Damaged beyond repair,-,Hawker Siddeley HS-748-222 Srs. 2,-,-,1965,-,-, PK-OBV, 1585,Airfast Indonesia,Domestic Scheduled Passenger,-,-,-,-,-,Tanahmerah Airport,TMH,WAKT,Indonesia,2,4,0,0,-,-,Final
19930912-1,Sunday,12-SEP-1993,21:05,A2, Landing (LDG),"Papeete-Faaa Airport (PPT), Tahiti",French Polynesia,272,0, Substantial, Repaired,Boeing 747-428,4,General Electric CF6-80C2B1F,1991,-,9901.0, F-GITA, 24969/836,Air France,International Scheduled Passenger,AF072,Los Angeles International Airport,LAX,KLAX,United States of America,Papeete-Faaa Airport,PPT,NTAA,French Polynesia,16,256,0,0,-,-,Final
19930913-1,Monday,13-SEP-1993,-,A1, Initial climb (ICL),Angora,Bolivia,3,0, Damaged beyond repair,-,Curtiss C-46A-40-CU Commando,2,Pratt & Whitney R-2800-51,1944,-,-, CP-1848, 26999,Frigorifico Santa Rita,Cargo,-,San Borja Airport,SRJ,SLSB,Bolivia,-,-,-,-,3,0,0,0,-,-,Preliminary - official
19930914-0,Tuesday,14-SEP-1993,-,A1, En route (ENR),near Colquemarca,Peru,3,0, Damaged beyond repair,-,Convair CV-440,-,-,1957,-,-, CP-2256, 447,SASA,Ferry/positioning,-,-,-,-,-,La Paz-El Alto Airport,LPB,SLLP,Bolivia,3,0,0,0,-,-,-
19930914-2,Tuesday,14-SEP-1993,15:43,A1, Landing (LDG),Warszawa-Okecie Airport (WAW),Poland,70,2, Damaged beyond repair,-,Airbus A320-211,2,CFMI CFM56-5A1,1990,6721.0,7546.0, D-AIPN, 105,Lufthansa,International Scheduled Passenger,LH2904,Frankfurt International Airport,FRA,EDDF,Germany,Warszawa-Okecie Airport,WAW,EPWA,Poland,6,64,1,1,-,-,Final
19930915-0,Wednesday,15-SEP-1993,-,H2, En route (ENR),"Kiev, Oslo",Norway,51,0, None,-,Tupolev Tu-134,-,-,-,-,-, registration unknown,-,Aeroflot,International Scheduled Passenger,SU3100,Baku-Bina International Airport,BAK,UBBB,Azerbaijan,Perm Airport,PEE,USPP,Russia,6,45,0,0,-,-,-
19930915-1,Wednesday,15-SEP-1993,-,A1, Unknown (UNK),near Vladivostok,Russia,-,-, Damaged beyond repair,-,Antonov An-2R,-,-,-,-,-, CCCP-07624, 1G156-64,Far East Airlines,Unknown,-,-,-,-,-,-,-,-,-,-,-,-,-,-,-,-
19930915-2,Wednesday,15-SEP-1993,-,A1, Landing (LDG),Venice-Marco Polo Airport (VCE),Italy,3,3, Damaged beyond repair,-,Piaggio PD.808TP,-,-,-,-,-, MM61953, 511,Italian AF,Military,-,-,-,-,-,Venice-Marco Polo Airport,VCE,LIPZ,Italy,3,0,3,0,-,-,-
19930919-0,Sunday,19-SEP-1993,12:40,A1, Takeoff (TOF),Troyes-Barberey Airport,France,19,0, Damaged beyond repair,-,Swearingen SA227-AC Metro III,2,Garrett TPE331-11U-611G,1981,-,13436.0, F-GILN, AC-458,Airlec,Int'l Non Scheduled Passenger,-,-,-,-,-,London-Biggin Hill Airport,BQH,EGKB,United Kingdom,2,17,0,0,-,-,Final
19930920-0,Monday,20-SEP-1993,-,C1, Standing (STD),Sukhumi-Babusheri Airport (SUI),Georgia,0,0, Damaged beyond repair,-,Tupolev Tu-134A,-,-,1973,-,-, 65809, 3352110,Orbi Georgian Airways,-,-,-,-,-,-,-,-,-,-,0,0,0,0,-,-,-
19930920-1,Monday,20-SEP-1993,-,U1, Unknown (UNK),Kinshasa-N'Dolo Airport ?,Democratic Republic of the Congo,-,-, Damaged beyond repair,-,de Havilland Canada DHC-5D Buffalo,-,-,1976,-,-, 9T-CBB, 73,Zaire AF,Military,-,-,-,-,-,-,-,-,-,-,-,-,-,-,-,-
19930921-0,Tuesday,21-SEP-1993,-,C1, Approach (APR),Sukhumi-Babusheri Airport (SUI),Georgia,27,27, Damaged beyond repair,-,Tupolev Tu-134A,-,-,1975,-,-, 65893, 5340120,Transair Georgia,Int'l Non Scheduled Passenger,-,Adler/Sochi Airport,AER,URSS,Russia,Sukhumi-Babusheri Airport,SUI,UGSS,Georgia,5,22,5,22,-,-,-
19930922-1,Wednesday,22-SEP-1993,18:30,C1, Approach (APR),Sukhumi-Babusheri Airport (SUI),Georgia,132,108, Destroyed, Written off (damaged beyond repair),Tupolev Tu-154B,3,Kuznetsov NK-8-2U,1976,-,-, 85163, 76A163,Orbi Georgian Airways,Domestic Non Scheduled Passenger,-,Tbilisi-Novo Alexeyevka Airport,TBS,UGGG,Georgia,Sukhumi-Babusheri Airport,SUI,UGSS,Georgia,12,120,8,100,-,-,-
19930923-0,Thursday,23-SEP-1993,-,C1, Standing (STD),Sukhumi-Babusheri Airport (SUI),Georgia,-,-, Damaged beyond repair,-,Tupolev Tu-154B-2,3,Kuznetsov NK-8-2U,-,-,-, 85359, 79A359,Orbi Georgian Airways,Unknown,-,-,-,-,-,-,-,-,-,-,-,-,-,-,-,-
19930923-1,Thursday,23-SEP-1993,-,C1, Standing (STD),Sukhumi-Babusheri Airport (SUI),Georgia,30,1, Damaged beyond repair,-,Tupolev Tu-134A,-,-,1975,-,-, CCCP-65001, 42235,Transair Georgia,Domestic Non Scheduled Passenger,-,Sukhumi-Babusheri Airport,SUI,UGSS,Georgia,Tbilisi-Novo Alexeyevka Airport,TBS,UGGG,Georgia,6,24,1,0,-,-,-
19930925-0,Saturday,25-SEP-1993,17:42,A1, Approach (APR),7 km (4.4 mls) from  Tyumen Airport (TJM),Russia,4,0, Damaged beyond repair,-,Antonov An-12TB,-,-,1972,-,-, RA-13387, 402902,MAP Rostov VPO,Cargo,-,Khabarovsk-Novy Airport,KHV,UHHH,Russia,Tyumen Airport,TJM,USTR,Russia,4,0,0,0,-,-,-
19930926-0,Sunday,26-SEP-1993,-,A1, Unknown (UNK),Novoalekseevskaya,Russia,-,-, Damaged beyond repair,-,Antonov An-2R,-,-,-,-,-, RA-68150, 1G196-43,Aeroflot / North Kavkaz,Unknown,-,-,-,-,-,-,-,-,-,-,-,-,-,-,-,-
19930929-0,Wednesday,29-SEP-1993,07:45,A1, Takeoff (TOF),Besançon-La Vèze Airport (QBQ),France,3,2, Damaged beyond repair,-,Dassault Falcon 10,2,Garrett TFE731-2-1C,1975,-,4533.0, F-GJGB, 047,Chaillotine Air Service,Private,-,Besançon-La Vèze Airport,QBQ,LFQM,France,Bordeaux-Mérignac Airport,BOD,LFBD,France,2,1,2,0,-,-,Final
19930930-0,Thursday,30-SEP-1993,-,H2, En route (ENR),Taipei-Chiang Kai Shek Airport (TPE),Taiwan,69,0, None,-,Tupolev Tu-154M,3,Soloviev D-30KU-154-II,-,-,-, B-2822 ?,-,Sichuan Airlines,Domestic Scheduled Passenger,-,Jinan Airport,TNA,ZSTN,China,Guangzhou-Baiyun Airport,CAN,ZGGG,China,11,58,0,0,-,-,-
19931001-0,Friday,01-OCT-1993,-,A1, En route (ENR),"40 km (25 mls) S of Gobernador Crespo, ER",Argentina,12,11, Damaged beyond repair,-,FMA IA 50 Guaraní II,-,-,1968,-,-, T-119, 11,Argentine AF,Military,-,-,-,-,-,-,-,-,-,-,-,-,-,-,-,Preliminary
19931002-0,Saturday,02-OCT-1993,09:56,A2, Approach (APR),"Rockhampton Airport, QLD (ROK)",Australia,-,0, Substantial, Repaired,British Aerospace BAe-146-100,4,Lycoming ALF502R-5,1990,-,-, VH-NJR, E1152,Airlink,Domestic Scheduled Passenger,-,-,-,-,-,Rockhampton Airport,ROK,YBRK,Australia,-,-,0,0,-,-,-
19931003-0,Sunday,03-OCT-1993,15:55,A2, En route (ENR),"near Miami, FL",United States of America,82,0, Substantial, Repaired,McDonnell Douglas DC-9-83 (MD-83),2,Pratt & Whitney JT8D-219,1987,-,14657.0, 9Y-THR, 49568/1380,BWIA,International Scheduled Passenger, 431,Miami International Airport,MIA,KMIA,United States of America,Bridgetown-Grantley Adams International Airport,BGI,TBPB,Barbados,6,76,0,0,-,-,Final
19931006-0,Wednesday,06-OCT-1993,09:20,A1, Landing (LDG),Kawthaung Airport (KAW),Myanmar,45,0, Damaged beyond repair,-,Fokker F-27 Friendship 600,-,-,1979,-,-, XY-AEP, 10593,Myanma Airways,Domestic Scheduled Passenger,-,Yangon-Mingaladon Airport,RGN,VYYY,Myanmar,Kawthaung Airport,KAW,VYKT,Myanmar,4,41,0,0,-,-,-
19931007-0,Thursday,07-OCT-1993,-,O1, Standing (STD),"Fairfield-Travis AFB, CA (SUU)",United States of America,0,0, Damaged beyond repair,-,Lockheed C-141B Starlifter,4,Pratt & Whitney TF33-P-7,-,-,38693.0, 65-0253, 300-6104,USAF,Military,-,-,-,-,-,-,-,-,-,0,0,0,0,-,-,-
19931008-0,Friday,08-OCT-1993,17:35,A1, Landing (LDG),"Point Lay-Dew Station Airport, AK (PIZ)",United States of America,3,0, Substantial, Written off (damaged beyond repair),Douglas C-54G-15-DO (DC-4),4,Pratt & Whitney R-2000-4,1945,-,28585.0, N811E, 36080,Brooks Air Fuel,Cargo,-,Fairbanks International Airport,FAI,PAFA,United States of America,Point Lay-Dew Station Airport,PIZ,PPIZ,United States of America,2,1,0,0,-,-,Final
19931013-0,Wednesday,13-OCT-1993,-,A1, Unknown (UNK),Jimi Valley,Papua New Guinea,4,4, Damaged beyond repair,-,IRMA/Britten-Norman BN-2A-20 Islander,-,-,1977,-,-, P2-HBE, 815,Heli Niugini,Passenger,-,Madang Airport,MAG,AYMD,Papua New Guinea,Mount Hagen-Kagamuga Airport,HGU,AYMH,Papua New Guinea,-,-,-,-,-,-,-
19931019-2,Tuesday,19-OCT-1993,23:08,A1, Landing (LDG),Madrid-Barajas Airport (MAD),Spain,2,0, Damaged beyond repair,-,Swearingen SA226-TC Metro II,-,-,1980,-,-, EC-FHB, TC-355,Swiftair,Cargo,-,Palma de Mallorca Airport,PMI,LEPA,Spain,Madrid-Barajas Airport,MAD,LEMD,Spain,2,0,0,0,-,-,Preliminary - official
19931022-1,Friday,22-OCT-1993,-,H2, En route (ENR),Sana'a International Airport (SAH),Yemen,-,0, Unknown,-,unknown,-,-,-,-,-, registration unknown,-,EgyptAir,International Scheduled Passenger,MS767,Cairo International Airport,CAI,HECA,Egypt,Sana'a International Airport,SAH,ODSN,Yemen,-,-,0,0,-,-,-
19931025-0,Monday,25-OCT-1993,-,A1, Landing (LDG),Bangkok-Don Muang International Airport (BKK),Thailand,2,0, Damaged beyond repair,-,Embraer EMB-110P2 Bandeirante,2,Pratt & Whitney Canada PT6A-34,1979,-,-, HS-SKL, 110229,Bangkok Airways,Test,-,Bangkok-Don Muang International Airport,BKK,VTBD,Thailand,Bangkok-Don Muang International Airport,BKK,VTBD,Thailand,2,0,0,0,-,-,Preliminary
19931025-1,Monday,25-OCT-1993,-,A1, En route (ENR),Franz Josef Glacier,New Zealand,9,9, Damaged beyond repair,-,GAF Nomad N.22,-,-,1975,-,-, ZK-NOM,   4,Hibiscus Air,Domestic Non Scheduled Passenger,-,Mount Cook-Glentanner Airport,GTN,NZGT,New Zealand,Queenstown-Frankton Airport,ZQN,NZQN,New Zealand,3,6,3,6,-,-,-
19931025-2,Monday,25-OCT-1993,12:00,A1, Initial climb (ICL),Kaohsiung International Airport (KHH),Taiwan,160,0, Damaged beyond repair,-,McDonnell Douglas DC-9-82 (MD-82),2,Pratt & Whitney JT8D-217C,1991,-,-, B-28003, 53065/1925,FEAT,Domestic Scheduled Passenger, 116,Kaohsiung International Airport,KHH,RCKH,Taiwan,Taipei-Songshan Airport,TSA,RCSS,Taiwan,8,152,0,0,-,-,-
19931025-3,Monday,25-OCT-1993,-,H2, En route (ENR),Niamey Airport (NIM),Niger,149,1, Minor, Repaired,Airbus A310-222,2,Pratt & Whitney JT9D-7R4E1,-,-,-, registration unknown,-,Nigeria Airways,Domestic Scheduled Passenger,-,Lagos-Murtala Muhammed International Airport,LOS,DNMM,Nigeria,Abuja International Airport,ABV,DNAA,Nigeria,-,-,1,0,-,-,-
19931026-0,Tuesday,26-OCT-1993,-,A1, En route (ENR),"off Angra dos Reis, RJ",Brazil,3,3, Damaged beyond repair,-,Embraer P-95 Bandeirulha (EMB-111A),-,-,1978,-,-, 2290, 110172,Brazilian AF,Military,-,-,-,-,-,-,-,-,-,3,0,3,0,-,-,-
19931026-1,Tuesday,26-OCT-1993,13:04,A1, Landing (LDG),Fuzhou Yixu Airport (FOC),China,80,2, Damaged beyond repair,-,McDonnell Douglas DC-9-82 (MD-82),2,Pratt & Whitney JT8D-217A,1985,-,-, B-2103, 49355/1224,China Eastern,Domestic Scheduled Passenger,MU5398,Shenzhen-Huangtian Airport,SZX,ZGSZ,China,Fuzhou Yixu Airport,FOC,ZSFZ,China,9,71,0,2,-,-,-
19931026-2,Tuesday,26-OCT-1993,15:52,A1, En route (ENR),"Front Royal, VA",United States of America,3,3, Destroyed, Written off (damaged beyond repair),Beechcraft 300/F Super King Air,2,Pratt & Whitney Canada PT6A-62,1988,-,3353.0, N82, FF-17,FAA,Survey/research,-,-,-,-,-,Newport News/Williamsburg International Airport,PHF,KPHF,United States of America,3,0,3,0,-,-,Final
19931027-0,Wednesday,27-OCT-1993,23:15,A2, Takeoff (TOF),"Reno-Cannon International Airport, NV (RNO)",United States of America,5,0, Substantial, Repaired,Beechcraft 200 Super King Air,2,Pratt & Whitney Canada PT6A-42,1976,-,6420.0, N191FL, BB-107,private,Private,-,Reno-Cannon International Airport,RNO,KRNO,United States of America,San Carlos Airport,SQL,KSQL,United States of America,1,4,0,0,-,-,Final
19931027-1,Wednesday,27-OCT-1993,19:16,A1, Approach (APR),6 km (3.8 mls) ENE of Namsos Airport (OSY),Norway,19,6, Damaged beyond repair,-,de Havilland Canada DHC-6 Twin Otter 300,2,Pratt & Whitney Canada PT6A-27,1974,-,40453.0, LN-BNM, 408,Widerøes Flyveselskap,Domestic Scheduled Passenger, 744,Trondheim-Værnes Airport,TRD,ENVA,Norway,Namsos Airport,OSY,ENNM,Norway,2,17,2,4,-,-,Final
19931027-2,Wednesday,27-OCT-1993,-,A2, Taxi (TXI),Tyumen Airport (TJM),Russia,8,0, Substantial, Repaired,Let L-410UVP,-,-,1982,-,-, UR-67536, 820916,Air Ukraine,Scheduled Passenger,-,-,-,-,-,-,-,-,-,2,6,0,0,-,-,-
19931029-0,Friday,29-OCT-1993,-,A1, Unknown (UNK),within Bulgaria,Bulgaria,-,1, Damaged beyond repair,-,Antonov An-2,-,-,-,-,-, LZ-...,-,Unknown,Unknown,-,-,-,-,-,-,-,-,-,-,-,1,0,-,-,-
19931103-0,Wednesday,03-NOV-1993,-,A1, En route (ENR),near La Paz,Bolivia,3,0, Damaged beyond repair,-,Convair CV-440,-,-,1956,-,-, CP-2212, 330,CAMBA,Cargo,-,Santa Rosa Airport,SRB,SLSR,Bolivia,-,-,-,-,3,0,0,0,-,-,-
19931104-0,Thursday,04-NOV-1993,11:36,A1, Landing (LDG),Hong Kong-Kai Tak International Airport (HKG),Hong Kong,296,0, Substantial, Written off (damaged beyond repair),Boeing 747-409,4,Pratt & Whitney PW4056,1993,359.0,1969.0, B-165, 24313/966,China Airlines,International Scheduled Passenger, 605,Taipei-Chiang Kai Shek International Airport,TPE,RCTP,Taiwan,Hong Kong-Kai Tak International Airport,HKG,VHHH,Hong Kong,22,274,0,0,-,-,Final
19931105-0,Friday,05-NOV-1993,-,H2, En route (ENR),Taipei,Taiwan,140,0, None,-,Boeing 737,-,-,-,-,-, registration unknown,-,Xiamen Airlines,Domestic Scheduled Passenger,-,Guangzhou-Baiyun Airport,CAN,ZGGG,China,Xiamen Airport,XMN,ZSAM,China,11,129,0,0,-,-,-
19931105-1,Friday,05-NOV-1993,06:45,A2, Landing (LDG),Bergamo-Orio Al Serio Airport (BGY),Italy,2,0, Substantial, Repaired,Fokker F-27 Friendship 500,2,Rolls-Royce Dart 552-7R,1985,-,-, OE-ILW, 10681,Amadeus Air,Cargo,-,Frankfurt International Airport,FRA,EDDF,Germany,Bergamo-Orio Al Serio Airport,BGY,LIME,Italy,2,0,0,0,-,-,-
19931107-0,Sunday,07-NOV-1993,-,A1, Takeoff (TOF),Lokichoggio Airport (LKG),Kenya,4,0, Damaged beyond repair,-,Aero Modifications AMI DC-3-65TP,2,Pratt & Whitney Canada PT6A-65AR,1944,-,-, ZS-KCV, 26713,Professional Aviation Services,Cargo,-,Lokichoggio Airport,LKG,HKLK,Kenya,-,-,-,-,3,1,0,0,-,-,-
19931107-1,Sunday,07-NOV-1993,-,O2, Standing (STD),Lokichoggio Airport (LKG),Kenya,0,0, Substantial, Repaired,Cessna 208 Caravan I,-,-,-,-,-, registration unknown,-,Unknown,-,-,-,-,-,-,-,-,-,-,0,0,0,0,-,-,-
19931108-0,Monday,08-NOV-1993,-,A1, Landing (LDG),Jomsom Airport (JMO),Nepal,19,0, Damaged beyond repair,-,Harbin Yunshuji Y-12 II,2,Pratt & Whitney Canada PT6A-27,1992,-,-, 9N-ACS, 0044,Nepal Airways,Domestic Scheduled Passenger,-,-,-,-,-,Jomsom Airport,JMO,VNJS,Nepal,3,16,0,0,-,-,-
19931108-1,Monday,08-NOV-1993,-,H2, En route (ENR),Taipei,Taiwan,59,0, None,-,de Havilland Canada DHC-8-301,-,-,-,-,-, registration unknown,-,Zhejiang Airlines,Domestic Scheduled Passenger,-,Hangzhou Airport,HGH,ZSHC,China,Fuzhou Yixu Airport,FOC,ZSFZ,China,5,54,0,0,-,-,-
19931110-0,Wednesday,10-NOV-1993,18:05,A1, Initial climb (ICL),"2 km (1.3 mls) NW of Sandy Lake Airport, ON (ZSJ)",Canada,7,7, Damaged beyond repair,-,Hawker Siddeley HS-748-234 Srs. 2A,-,-,1967,-,29284.0, C-GQTH, 1617,Air Manitoba,Domestic Scheduled Passenger, 205,Sandy Lake Airport,ZSJ,CZSJ,Canada,Winnipeg International Airport,YWG,CYWG,Canada,3,4,3,4,-,-,Final
19931110-1,Wednesday,10-NOV-1993,-,A1, Unknown (UNK),"Thorne Bay, AK",United States of America,-,0, Damaged beyond repair,-,de Havilland Canada DHC-3 Otter,-,-,1956,-,-, N98T, 181,Ketchikan Air Service,Unknown,-,-,-,-,-,-,-,-,-,-,-,0,0,-,-,-
19931111-0,Thursday,11-NOV-1993,-,A1, Unknown (UNK),Bekdash,Turkmenistan,4,0, Damaged beyond repair,-,Antonov An-2P,-,-,-,-,-, EZ-07469, 1G151-44,Turkmenistan Airlines,Unknown,-,-,-,-,-,-,-,-,-,-,-,0,0,-,-,-
19931112-0,Friday,12-NOV-1993,-,H2, En route (ENR),Taipei,Taiwan,82,0, None,-,McDonnell Douglas DC-9-82 (MD-82),2,Pratt & Whitney JT8D-217A,1990,-,-, B-2138, 49522/1702,China Northern,Domestic Scheduled Passenger,-,Changchun Airport,CGQ,ZYRD,China,Fuzhou Yixu Airport,FOC,ZSFZ,China,9,73,0,0,-,-,-
19931113-0,Saturday,13-NOV-1993,14:56,A1, Approach (APR),near Urumqi Airport (URC),China,102,12, Damaged beyond repair,-,McDonnell Douglas DC-9-82 (MD-82),2,Pratt & Whitney JT8D-217A,1991,-,-, B-2141, 49849/1772,China Northern,Domestic Scheduled Passenger,6901,Beijing-Capital Airport,PEK,ZBAA,China,Urumqi Airport,URC,ZWWW,China,10,92,4,8,-,-,-
19931113-1,Saturday,13-NOV-1993,-,A1, Initial climb (ICL),La Paragua,Venezuela,2,0, Damaged beyond repair,-,Antonov An-2T,-,-,-,-,-, YV-511C, 1G231-21,Aéreo Transporte La Montaña,Unknown,-,-,-,-,-,-,-,-,-,2,0,0,0,-,-,-
19931115-0,Monday,15-NOV-1993,19:07,A1, Approach (APR),35 km (21.9 mls) E of Kerman,Iran,17,17, Damaged beyond repair,-,Antonov An-124-100,4,Lotarev D-18T,1993,-,116.0, RA-82071, 07-04,Aviastar,Cargo,-,Dubai Airport,DXB,OMDB,United Arab Emirates,Kerman Airport,KER,OIKK,Iran,14,3,14,3,-,-,-
19931115-1,Monday,15-NOV-1993,09:25,A1, Landing (LDG),26 km (16.3 mls) from  Tirupati Airport (TIR),India,262,0, Damaged beyond repair,-,Airbus A300B2-101,2,General Electric CF6-50C,1976,-,-, VT-EDV, 034,Indian Airlines,Domestic Scheduled Passenger, 440,Madras Airport,MAA,VOMM,India,Hyderabad-Begumpet Airport,HYD,VOHY,India,12,250,0,0,-,-,Final
19931115-2,Monday,15-NOV-1993,15:13,A2, Approach (APR),"Chicago-O'Hare International Airport, IL (ORD)",United States of America,86,0, Substantial, Repaired,Boeing 727-227,-,-,1976,-,43721.0, N16762, 21245/1202,Continental Air Lines,Domestic Scheduled Passenger,CO5148,Houston-George Bush Intercontinental Airport,IAH,KIAH,United States of America,Chicago-O'Hare International Airport,ORD,KORD,United States of America,7,79,0,0,-,-,Final
19931119-0,Friday,19-NOV-1993,19:19,A1, Landing (LDG),Panama City-Tocumen International Airport (PTY),Panama,92,0, Damaged beyond repair,-,Boeing 737-112,2,Pratt & Whitney JT8D-9A,1969,-,-, HP-873CMP, 19768/184,COPA Panama,International Scheduled Passenger, 301,Miami International Airport,MIA,KMIA,United States of America,Panama City-Tocumen International Airport,PTY,MPTO,Panama,6,86,0,0,-,-,-
19931120-1,Saturday,20-NOV-1993,23:30,A1, Approach (APR),2 km (1.3 mls) E of Ohrid Airport (OHD),North Macedonia,116,116, Destroyed, Written off (damaged beyond repair),Yakovlev Yak-42D,3,Lotarev D-36,1991,-,-, RA-42390, 4520424016557,Saravia - Saratov Airlines,International Scheduled Passenger,AXX110,Genève-Cointrin Airport,GVA,LSGG,Switzerland,Skopje Airport,SKP,LWSK,North Macedonia,8,108,8,108,-,-,-
19931122-1,Monday,22-NOV-1993,-,A1, Approach (APR),near Molima,Mozambique,3,2, Damaged beyond repair,-,Douglas C-47A-65-DL (DC-3C),-,-,1943,-,-, C9-STE, 19006,STASA,Cargo,-,-,-,-,-,-,-,-,-,3,0,2,0,-,-,-
19931124-1,Wednesday,24-NOV-1993,17:52,A2, Taxi (TXI),Kobenhavn-Kastrup Airport (CPH),Denmark,85,0, Substantial, Repaired,McDonnell Douglas DC-9-87 (MD-87),2,Pratt & Whitney JT8D-217C,1988,8404.0,12519.0, SE-DIB, 49605/1501,SAS,International Scheduled Passenger, 666,Stuttgart-Echterdingen Airport,STR,EDDS,Germany,København-Kastrup Airport,CPH,EKCH,Denmark,6,79,0,0,-,-,Final
19931126-0,Friday,26-NOV-1993,06:22,A1, Landing (LDG),"Buenos Aires/Ezeiza-Ministro Pistarini Airport, BA (EZE)",Argentina,123,0, Substantial, Written off (damaged beyond repair),McDonnell Douglas DC-10-30,3,General Electric CF6-50C,1978,-,-, YV-135C, 46971/258,VIASA,International Scheduled Passenger, 940,Caracas-Simón Bolívar International Airport,CCS,SVMI,Venezuela,Buenos Aires/Ezeiza-Ministro Pistarini Airport,EZE,SAEZ,Argentina,17,106,0,0,-,-,-
19931126-1,Friday,26-NOV-1993,-,A1, Approach (APR),Patriot Hills,Antarctica,8,0, Damaged beyond repair,-,Douglas C-118B (DC-6),-,-,1953,-,-, N1597F, 43700/339,Allcair Air Transport,Cargo,-,Punta Arenas-Carlos Ibañez Airport,PUQ,SCCI,Chile,-,-,-,-,6,2,0,0,-,-,-
19931127-0,Saturday,27-NOV-1993,-,H2, En route (ENR),Fuzhou Yixu Airport (FOC),China,-,0, None,-,Fokker 100,2,Rolls-Royce Tay 620-15,1992,-,-, B-2231, 11383,China Eastern,Domestic Scheduled Passenger,-,Nanjing Dajiaochang Airport,NKG,ZSNJ,China,Fuzhou Yixu Airport,FOC,ZSFZ,China,-,-,0,0,-,-,-
19931129-0,Monday,29-NOV-1993,-,H2, En route (ENR),Basra International Airport (BSR),Iraq,38,0, None,-,Fokker F-27 Friendship 300,-,-,1960,-,-, EP-IOT, 10153,NIOC,Domestic Scheduled Passenger,-,-,-,-,-,Ahwaz Airport,AWZ,OIAW,Iran,-,-,0,0,-,-,-
19931201-0,Wednesday,01-DEC-1993,19:50,A1, Approach (APR),"5,4 km (3.4 mls) NW of Hibbing-Chisholm Airport, MN (HIB)",United States of America,18,18, Destroyed, Written off (damaged beyond repair),British Aerospace 3101 Jetstream 31,2,Garrett TPE331-10,1986,21593.0,17156.0, N334PX, 706,Northwest Airlink,Domestic Scheduled Passenger,5719,Minneapolis-St. Paul International Airport,MSP,KMSP,United States of America,Hibbing-Chisholm Airport,HIB,KHIB,United States of America,2,16,2,16,-,-,Final
19931201-1,Wednesday,01-DEC-1993,15:10,A1, Approach (APR),"near Umiujaq Airport, QC (YUD)",Canada,13,0, Damaged beyond repair,-,Shorts 330-300UTT,-,-,1988,-,1323.0, C-FPQE, SH.3124,Gouvernement du Québec,Domestic Non Scheduled Passenger,-,Kuujjuarapik Airport,YGW,CYGW,Canada,Umiujaq Airport,YUD,CYMU,Canada,2,11,0,0,-,-,Final
19931201-2,Wednesday,01-DEC-1993,15:38,A2, Landing (LDG),"Tampa International Airport, FL (TPA)",United States of America,4,0, Substantial, Repaired,Cessna 650 Citation III,-,-,-,-,3431.0, N700RR, 650-0025,Consolidated International Services,Executive,-,Morristown Municipal Airport,MMU,KMMU,United States of America,Tampa International Airport,TPA,KTPA,United States of America,2,2,0,0,-,-,Final
19931202-0,Thursday,02-DEC-1993,-,A1, Landing (LDG),Vahun,Liberia,13,0, Damaged beyond repair,-,Shorts SC.7 Skyvan 3,-,-,1975,-,-, LX-UGO, SH.1945,CAE Aviation,Passenger,-,-,-,-,-,-,-,-,-,-,-,0,0,-,-,-
19931203-0,Friday,03-DEC-1993,17:13,A1, En route (ENR),"13 km (8.1 mls) SE of Tuktoyaktuk, NT",Canada,7,7, Damaged beyond repair,-,Britten-Norman BN-2A-20 Islander,2,Lycoming IO-540-K1B5,1974,-,9391.0, C-GMOP, 398,Arctic Wings and Rotors,Domestic Scheduled Passenger,-,Tuktoyaktuk Airport,YUB,CYUB,Canada,Inuvik/Mike Zubko Airport,YEV,CYEV,Canada,1,6,1,6,-,-,Final
19931203-1,Friday,03-DEC-1993,17:17,A2, Takeoff (TOF),"Chicago-Dupage County Airport, IL (DPA)",United States of America,2,0, Substantial, Repaired,Cessna 550 Citation II,-,-,-,-,4200.0, N550RD, 550-0422,Kansas Air Investments,Executive,-,Chicago-Dupage County Airport,DPA,KDPA,United States of America,Olathe-Johnson County Industrial Airport,JCI,KIXD,United States of America,2,0,0,0,-,-,Final
19931206-0,Monday,06-DEC-1993,-,A1, Approach (APR),"3 km (1.9 mls) from  Tucuma Airport, PA (TUZ)",Brazil,4,0, Damaged beyond repair,-,Cessna 208A Caravan I,1,Pratt & Whitney Canada PT6A-114,1985,-,-, PT-OGM, 20800069,TAM,Passenger,-,-,-,-,-,-,-,-,-,2,2,0,0,-,-,-
19931206-1,Monday,06-DEC-1993,09:19,A1, Landing (LDG),"Deer Lake Airport, NL (YDF)",Canada,2,0, Damaged beyond repair,-,Swearingen SA226-AT Merlin IV,-,-,1974,-,-, C-GVCY, AT-003,Provincial Airlines,Cargo, 601,Halifax International Airport,YHZ,CYHZ,Canada,Deer Lake Airport,YDF,CYDF,Canada,2,0,0,0,-,-,Preliminary - official
19931206-2,Monday,06-DEC-1993,14:50,A2, Takeoff (TOF),Tura Airport,Russia,7,0, Substantial, Repaired,Antonov An-26,-,-,1978,-,-, RA-26515, 6910,Aeroflot,Cargo,-,-,-,-,-,Noril'sk Airport,NSK,UOOO,Russia,5,2,0,0,-,-,-
19931208-0,Wednesday,08-DEC-1993,-,H2, En route (ENR),Taipei,Taiwan,137,0, None,-,McDonnell Douglas DC-9-82 (MD-82),2,Pratt & Whitney JT8D-217A,1990,-,-, B-2138, 49522/1702,China Northern,Domestic Scheduled Passenger,-,Qingdao Airport,TAO,ZSQD,China,Fuzhou Yixu Airport,FOC,ZSFZ,China,8,129,0,0,-,-,-
19931208-1,Wednesday,08-DEC-1993,-,A1, Unknown (UNK),unknown,Russia,-,-, Damaged beyond repair,-,Antonov An-24RV,-,-,1973,-,-, RA-46605, 37308602,Magadan Avia,Unknown,-,-,-,-,-,-,-,-,-,-,-,-,-,-,-,-
19931209-0,Thursday,09-DEC-1993,18:39,A1, Approach (APR),off Dakar-Yoff Airport (DKR),Senegal,3,3, Damaged beyond repair,-,de Havilland Canada DHC-6 Twin Otter 300,2,Pratt & Whitney Canada PT6A-27,1973,-,-, 6V-ADE, 393,Air Senegal,Domestic Scheduled Passenger,-,Cap Skirring Airport,CSK,GOGS,Senegal,Dakar-Yoff Airport,DKR,GOOY,Senegal,1,2,1,2,-,-,-
19931209-1,Thursday,09-DEC-1993,07:53,A2, Landing (LDG),Berne-Belp Airport (BRN),Switzerland,6,0, Minor, Repaired,Saab 340B,-,-,1989,-,-, HB-AKC, 340B-215,Crossair,Domestic Scheduled Passenger,LX992,Basel/Mulhouse/Freiburg EuroAirport,BSL,LFSB,France,Berne-Belp Airport,BRN,LSZB,Switzerland,3,3,0,0,-,-,Final
19931209-2,Thursday,09-DEC-1993,18:39,A2, En route (ENR),off Dakar-Yoff Airport (DKR),Senegal,38,0, Substantial, Written off (damaged beyond repair),NAMC YS-11-117,-,-,1966,-,-, C5-GAA, 2030,Gambia Airways,International Scheduled Passenger,-,Dakar-Yoff Airport,DKR,GOOY,Senegal,Banjul-Yundum International Airport,BJL,GBYD,Gambia,4,34,0,0,3,-,-
19931210-0,Friday,10-DEC-1993,07:00,O1, Standing (STD),"Milwaukee-General Mitchell Airport, WI (MKE)",United States of America,0,0, Destroyed, Written off (damaged beyond repair),Boeing KC-135R Stratotanker,4,CFMI F108-CF-100,1958,-,-, 57-1470, 17541/150,Air National Guard,Military,-,-,-,-,-,-,-,-,-,0,0,0,0,-,6,-
19931210-1,Friday,10-DEC-1993,-,H2, En route (ENR),Nice-Côte d'Azur Airport (NCE),France,129,0, None,-,Airbus A320-211,2,CFMI CFM56-5A1,-,-,-, F-GFKK ?,-,Air France,Domestic Scheduled Passenger,AF2306,Paris-Charles de Gaulle Airport,CDG,LFPG,France,Nice-Côte d'Azur Airport,NCE,LFMN,France,6,123,0,0,-,-,-
19931210-2,Friday,10-DEC-1993,-,A1, Unknown (UNK),Namatanai,Papua New Guinea,1,0, Damaged beyond repair,-,Britten-Norman BN-2A-20 Islander,-,-,1975,-,-, P2-ALL, 448,Airlink,Unknown,-,-,-,-,-,-,-,-,-,1,0,0,0,-,-,-
19931212-1,Sunday,12-DEC-1993,-,A1, Landing (LDG),Dar es Salaam International Airport (DAR),Tanzania,2,0, Damaged beyond repair,-,Fokker F-27 Friendship 600RF,-,-,1977,-,-, 5H-MPT, 10566,Air Tanzania,Training,-,Dar es Salaam International Airport,DAR,HTDA,Tanzania,Dar es Salaam International Airport,DAR,HTDA,Tanzania,2,0,0,0,-,-,-
19931212-2,Sunday,12-DEC-1993,-,H2, En route (ENR),Taipei,Taiwan,100,0, None,-,Boeing 737-200,-,-,-,-,-, registration unknown,-,Xiamen Airlines,Domestic Scheduled Passenger,-,Harbin-Yanjiagang Airport,HRB,ZYHB,China,Xiamen Airport,XMN,ZSAM,China,8,92,0,0,-,-,-
19931213-0,Monday,13-DEC-1993,-,A1, Landing (LDG),Ipoh Airport (IPH),Malaysia,6,0, Damaged beyond repair,-,Beechcraft 200T Super King Air,-,-,1982,-,-, 9M-CAM, BT-24,Malaysia CAA,Unknown,-,-,-,-,-,Ipoh Airport,IPH,WMKI,Malaysia,-,-,0,0,-,-,-
19931213-1,Monday,13-DEC-1993,-,A1, Approach (APR),Phonesavanh,Laos,18,18, Damaged beyond repair,-,Harbin Yunshuji Y-12 II,2,Pratt & Whitney Canada PT6A,1990,-,-, RDPL-34117, 0042,Lao Aviation,Domestic Scheduled Passenger,-,-,-,-,-,-,-,-,-,2,16,2,16,-,-,-
19931213-2,Monday,13-DEC-1993,00:04,A1, Landing (LDG),Yerevan Airport (EVN),Armenia,8,0, Damaged beyond repair,-,Antonov An-8,-,-,1960,6676.0,14212.0, RA-13323, OE-3430,Kadvi Comp.,Cargo,-,-,-,-,-,Yerevan Airport,EVN,UDYZ,Armenia,5,3,0,0,-,-,-
19931214-0,Tuesday,14-DEC-1993,-,A1, Takeoff (TOF),Vorogovo,Russia,16,0, Damaged beyond repair,-,Antonov An-2,-,-,-,-,-, RA-62599, 1G177-46,Krasnoyarsk Avia,Passenger,-,-,-,-,-,-,-,-,-,-,-,0,0,-,-,-
19931214-1,Tuesday,14-DEC-1993,13:25,A2, Landing (LDG),"Douglas-Daly Experiment Station Airstrip, NT",Australia,-,0, Substantial, Repaired,GAF Nomad N.24A,-,-,1976,-,-, VH-DHF, 30,Skywest Aviation,Unknown,-,Daly River Airport,DVR,YDMN,Australia,-,-,-,-,-,-,0,0,-,-,Final
19931215-0,Wednesday,15-DEC-1993,17:33,A1, Approach (APR),"6,5 km (4.1 mls) N of Santa Ana-John Wayne International Airport, CA (SNA)",United States of America,5,5, Destroyed, Written off (damaged beyond repair),IAI 1124A Westwind II,2,Garrett TFE731-3-1G,1981,-,3027.0, N309CK, 350,Martin Aviation,Executive,-,La Verne-Brackett Field,POC,KPOC,United States of America,Santa Ana-John Wayne International Airport,SNA,KSNA,United States of America,2,3,2,3,-,-,Final
19931215-1,Wednesday,15-DEC-1993,13:05,A1, Approach (APR),"ca 13 km SE of Goodland-Renner Field, KS (GLD)",United States of America,3,3, Destroyed, Written off (damaged beyond repair),Mitusbishi Mu-300 Diamond I,2,Pratt & Whitney Canada JT15D-4,-,-,2593.0, N710MB, A078SA,Whitham Farm,Private,-,-,-,-,-,Goodland-Renner Field,GLD,KGLD,United States of America,2,1,2,1,-,-,Final
19931215-2,Wednesday,15-DEC-1993,15:00,A1, En route (ENR),"Tanag, Libmanan, Camarines Sur",Philippines,30,30, Destroyed, Written off (damaged beyond repair),Lockheed C-130H Hercules,-,-,1977,-,-, 4761, 4761,Philippine AF,Military,-,Manila-Villamor Air Base,MNL,RPLL,Philippines,Naga Airport,WNP,RPUN,Philippines,6,24,6,24,-,-,-
19931219-0,Sunday,19-DEC-1993,-,A2, Landing (LDG),Lensk,Russia,10,0, Substantial, Repaired,Antonov An-12,-,-,1961,-,-, RA-12187, 1340201,Petrolada,Unknown,-,-,-,-,-,-,-,-,-,6,4,0,0,-,-,-
19931219-1,Sunday,19-DEC-1993,-,A1, Unknown (UNK),Suwalki,Poland,-,-, Damaged beyond repair,-,Antonov An-2R,-,-,-,-,-, LY-ADO, 1G218-03,Air Lithuania,Unknown,-,-,-,-,-,-,-,-,-,-,-,-,-,-,-,-
19931219-2,Sunday,19-DEC-1993,10:51,A2, Landing (LDG),Sitia Airport (JSH),Greece,10,0, Substantial, Repaired,Dornier 228-201,2,Garrett TPE331-5-252D,1984,-,-, SX-BHC, 8030,Olympic Aviation,Domestic Scheduled Passenger,-,Athens-Ellinikon International Airport,ATH,LGAT,Greece,Sitia Airport,JSH,LGST,Greece,2,8,0,0,-,-,Final
19931221-0,Tuesday,21-DEC-1993,13:57,A2, Landing (LDG),Linz Airport (LNZ),Austria,3,0, Substantial, Repaired,British Aerospace BAe-125-800B,-,-,1993,-,-, D-CSRB, 258226,SRB Airlines,Training,-,Linz-Blue Danube Airport,LNZ,LOWL,Austria,Linz-Blue Danube Airport,LNZ,LOWL,Austria,2,1,0,0,-,-,-
19931222-0,Wednesday,22-DEC-1993,-,A1, Unknown (UNK),190 km (118.8 mls) from  Uraj,Russia,10,0, Damaged beyond repair,-,Antonov An-2TP,-,-,-,-,-, RA-01410, 1G230-50,Aeroflot / Tyumen,Passenger,-,-,-,-,-,-,-,-,-,-,-,0,0,-,-,-
19931223-0,Thursday,23-DEC-1993,14:02,A1, Initial climb (ICL),Mount Hagen,Papua New Guinea,3,0, Damaged beyond repair,-,Britten-Norman BN-2A-26 Islander,-,-,1968,-,-, P2-ISR, 15,Rimbunan Hijau,Cargo,-,Mount Hagen-Kagamuga Airport,HGU,AYMH,Papua New Guinea,-,-,-,-,1,2,0,0,-,-,Final
19931225-0,Saturday,25-DEC-1993,12:29,A1, Landing (LDG),Grozny Airport (GRV),Russia,172,0, Damaged beyond repair,-,Tupolev Tu-154B-2,3,Kuznetsov NK-8-2U,1978,-,-, RA-85296, 78A296,Aeroflot,Domestic Scheduled Passenger,-,Moskva-Vnukovo Airport,VKO,UUWW,Russia,Grozny Airport,GRV,URMG,Russia,7,165,0,0,-,-,-
19931226-0,Sunday,26-DEC-1993,20:57,A1, Landing (LDG),Gyumri-Leninakan Airport (LWN),Armenia,36,35, Damaged beyond repair,-,Antonov An-26B,2,Ivchenko AI-24VT,1983,-,-, RA-26141, 12903,Kuban Airlines,Cargo,-,Krasnodar Airport,KRR,URKK,Russia,Gyumri-Leninakan Airport,LWN,UDSG,Armenia,5,31,5,30,-,-,-
19931228-0,Tuesday,28-DEC-1993,-,A1, En route (ENR),"off Margosatubig, Zamboanga del Sur",Philippines,6,0, Damaged beyond repair,-,GAF Nomad N.22B,-,-,-,-,-, 11, N22B-11M,Philippine AF,Military,-,Zamboanga Airport,ZAM,RPMZ,Philippines,Cotabato-Awang Airport,CBO,RPMC,Philippines,4,2,0,0,-,-,-
19931228-1,Tuesday,28-DEC-1993,16:35,A1, Landing (LDG),Ampuriabrava Airport (LEAP),Spain,1,1, Damaged beyond repair,-,Shorts SC.7 Skyvan 3-100,2,Garrett TPE331-2-201A,1971,-,-, G-OVAN, SH.1892,Peterborough Parachute Centre,Parachuting,-,-,-,-,-,-,-,-,-,1,0,1,0,-,-,Preliminary - official
19931228-2,Tuesday,28-DEC-1993,-,H2, En route (ENR),Shanghai-Hongqiao Airport (SHA),China,-,0, None,-,Boeing,-,-,-,-,-, registration unknown,-,Air China,Domestic Scheduled Passenger,-,Beijing-Capital Airport,PEK,ZBAA,China,Shanghai-Hongqiao Airport,SHA,ZSSS,China,-,-,0,0,-,-,-
19931228-3,Tuesday,28-DEC-1993,-,H2, En route (ENR),Taipei,Taiwan,50,0, None,-,Xian Yunshuji Y-7,-,-,-,-,-, registration unknown,-,Fujian Airlines,Domestic Scheduled Passenger,-,Ganzhou Airport,KOW,ZSGZ,China,Xiamen Airport,XMN,ZSAM,China,8,42,0,0,-,-,-
19931228-4,Tuesday,28-DEC-1993,-,H2, En route (ENR),Xiamen Airport (XMN),China,-,0, None,-,Boeing 737,-,-,-,-,-, registration unknown,-,Xiamen Airlines,Domestic Scheduled Passenger,-,Ningbo Airport,NGB,ZSNB,China,Xiamen Airport,XMN,ZSAM,China,-,-,0,0,-,-,-
19931229-0,Wednesday,29-DEC-1993,12:21,A2, Landing (LDG),Omsk Airport (OMS),Russia,164,0, Substantial, Repaired,Tupolev Tu-154B-2,-,-,1979,-,-, RA-85358, 79A358,OmskAvia,Domestic Scheduled Passenger,-,Moskva-Domodedovo Airport,DME,UUDD,Russia,Omsk Airport,OMS,UNOO,Russia,5,159,0,0,-,-,-
19931231-1,Friday,31-DEC-1993,10:20,A2, Landing (LDG),Warszawa-Okecie Airport (WAW),Poland,-,0, Substantial, Repaired,Boeing 767-35DER,2,General Electric CF6-80C2B6,1990,-,-, SP-LPA, 24865/322,LOT,International Scheduled Passenger, 002,Chicago-O'Hare International Airport,ORD,KORD,United States of America,Warszawa-Okecie Airport,WAW,EPWA,Poland,-,74,0,0,-,-,Preliminary - official
19939999-0,-,xx-xxx-1993,-,A1, Landing (LDG),Cuamba Airport (FXO),Mozambique,-,0, Damaged beyond repair,-,Antonov An-26,-,-,-,-,-, registration unknown,-,Mozambique AF,Military,-,-,-,-,-,Cuamba Airport,FXO,FQCB,Mozambique,-,-,0,0,-,1,Preliminary
19939999-1,-,XX-XXX-1993,-,U1, Unknown (UNK),at an unknown location,Honduras,-,0, Damaged beyond repair,-,Beechcraft 99 Airliner,-,-,-,-,-, HR-IAO, U-84,Isleña Airlines,Unknown,-,-,-,-,-,-,-,-,-,-,-,0,0,-,-,-
19939999-3,-,xx-xxx-1993,-,O1, Taxi (TXI),Playa Baracoa Airport (UPB),Cuba,-,0, Damaged beyond repair,-,Antonov An-26,-,-,-,-,-, CU-T1240, 11210,Aerogaviota,Unknown,-,-,-,-,-,-,-,-,-,-,-,0,0,-,-,-
19930102-1,Saturday,02-JAN-1993,-,A1, Unknown (UNK),off Paradip,India,6,4, Damaged beyond repair,-,Dornier 228-101,-,-,1988,-,-, CG-757, 7114,Indian Coast Guard,Military,-,Visakhapatnam Airport,VTZ,VEVZ,India,-,-,-,-,6,0,4,0,-,-,-
19930102-3,Saturday,02-JAN-1993,19:42,A1, Landing (LDG),"Hibbing-Chisholm Airport, MN (HIB)",United States of America,31,0, Substantial, Written off (damaged beyond repair),Saab 340A,2,General Electric CT7,1989,-,-, N342PX, 340A-147,Express Airlines,Domestic Scheduled Passenger,-,Minneapolis-St. Paul International Airport,MSP,KMSP,United States of America,Hibbing-Chisholm Airport,HIB,KHIB,United States of America,3,28,0,0,-,-,Final
19930106-0,Wednesday,06-JAN-1993,19:20,A1, Approach (APR),"1,8 km (1.1 mls) E of Paris-Charles de Gaulle Airport (CDG)",France,23,4, Destroyed, Written off (damaged beyond repair),de Havilland Canada DHC-8-311,2,Pratt & Whitney Canada PW123,1990,-,5973.0, D-BEAT, 210,Lufthansa CityLine,International Scheduled Passenger,5634,Bremen Airport,BRE,EDDW,Germany,Paris-Charles de Gaulle Airport,CDG,LFPG,France,4,19,0,4,-,-,Preliminary - official
19930108-0,Friday,08-JAN-1993,-,A1, Approach (APR),12 km (7.5 mls) NE of Hermosillo Airport (HMO),Mexico,9,9, Damaged beyond repair,-,Learjet 35A,2,Garrett TFE731-2-2B,1979,-,-, XA-LAN, 35A-267,Aero-Fly,Executive,-,Mexico City International Airport,MEX,MMMX,Mexico,Hermosillo-Gen Pesqueira Garcia Airport,HMO,MMHO,Mexico,2,7,2,7,-,-,-
19930109-0,Saturday,09-JAN-1993,-,A1, Initial climb (ICL),2 km (1.3 mls) from  Surabaya Airport (SUB),Indonesia,44,15, Damaged beyond repair,-,Hawker Siddeley HS-748-234 Srs. 2,-,-,1968,-,-, PK-IHE, 1620,Bouraq Indonesia,Domestic Scheduled Passenger,-,Surabaya Airport,SUB,WARR,Indonesia,Banjarmasin-Sjamsudin Noor Airport,BDJ,WAOO,Indonesia,5,39,4,11,-,-,-
19930109-1,Saturday,09-JAN-1993,04:08,A1, Landing (LDG),Delhi-Indira Gandhi International Airport (DEL),India,165,0, Damaged beyond repair,-,Tupolev Tu-154B-2,3,Kuznetsov NK-8-2U,1982,-,-, 85533, 82A533,Indian Airlines,Domestic Scheduled Passenger,IC840,Hyderabad-Begumpet Airport,HYD,VOHY,India,Delhi-Indira Gandhi International Airport,DEL,VIDP,India,13,152,0,0,-,-,Final
19930110-0,Sunday,10-JAN-1993,-,O1, Standing (STD),"Quebec Airport, QC (YQB)",Canada,0,0, Damaged beyond repair,-,Beechcraft 200 Super King Air,-,-,1976,-,-, C-GCSL, BB-118,St. Lawrence Construction,-,-,-,-,-,-,-,-,-,-,0,0,0,0,-,-,-
19930110-1,Sunday,10-JAN-1993,-,O1, Standing (STD),"Quebec Airport, QC (YQB)",Canada,0,0, Damaged beyond repair,-,Beechcraft 200 Super King Air,-,-,1980,-,-, C-FSSU, BB-633,Aéropro,-,-,-,-,-,-,-,-,-,-,0,0,0,0,-,-,-
19930113-0,Wednesday,13-JAN-1993,08:20,A1, En route (ENR),"5,5 km (3.4 mls) NW of Sellafield",United Kingdom,2,2, Destroyed, Written off (damaged beyond repair),Embraer EMB-110P1 Bandeirante,2,Pratt & Whitney Canada PT6A-34,1982,-,-, G-ZAPE, 110391,Titan Airways,Cargo,-,Southend Municipal Airport,SEN,EGMC,United Kingdom,Glasgow International Airport,GLA,EGPF,United Kingdom,2,0,2,0,-,-,Final
19930114-0,Thursday,14-JAN-1993,08:30,A1, En route (ENR),"near Bronson Creek, BC",Canada,2,2, Damaged beyond repair,-,Douglas C-47A-40-DL (DC-3),2,Pratt & Whitney R-1830-92,1943,-,-, C-FAAM, 9862,Central Mountain Air Services,Unknown,-,-,-,-,-,Wrangell Airport,WRG,PAWG,United States of America,2,0,2,0,-,-,Preliminary - official
19930115-3,Friday,15-JAN-1993,02:17,A1, Landing (LDG),Abidjan-Felix Houphouet Boigny Airport (ABJ),Cote d'Ivoire,6,0, Damaged beyond repair,-,Boeing 707-321C,4,Pratt & Whitney JT3D-3B (HK),1967,-,-, YR-ABM, 19272/578,Air Afrique,Cargo, 153,Cotonou Airport,COO,DBBB,Benin,Abidjan-Felix Houphouet Boigny Airport,ABJ,DIAP,Cote d'Ivoire,6,0,0,0,-,-,-
19930116-1,Saturday,16-JAN-1993,-,A1, Approach (APR),Kostanay-Narimanovka Airport (KSN),Kazakhstan,23,0, Damaged beyond repair,-,Antonov An-24RV,2,Ivchenko AI-24VT,1972,-,-, 46478, 27308006,Kazakhstan Airlines,Scheduled Passenger,-,-,-,-,-,Kostanay-Narimanovka Airport,KSN,UAUU,Kazakhstan,4,19,0,0,-,-,-
19930117-0,Sunday,17-JAN-1993,-,A1, Landing (LDG),Surabaya-Juanda Airport (SUB),Indonesia,2,0, Damaged beyond repair,-,Beechcraft 200 Super King Air,-,-,1976,-,-, PK-TRB, BB-116,Indonesia Air Transport - IAT,Unknown,-,-,-,-,-,Surabaya-Juanda Airport,SUB,WARR,Indonesia,2,0,0,0,-,-,Preliminary - official
19930121-0,Thursday,21-JAN-1993,-,A1, Takeoff (TOF),Moscow-Tushino Airport,Russia,11,0, Damaged beyond repair,-,Antonov An-2T,-,-,-,-,-, 26 black, 1G236-01,DOSAAF,Parachuting,-,-,-,-,-,-,-,-,-,1,10,0,0,-,-,-
19930122-1,Friday,22-JAN-1993,18:25,H2, En route (ENR),Lucknow (LKO),India,54,0, None,-,unknown,-,-,-,-,-, registration unknown,-,Indian Airlines,Domestic Scheduled Passenger,IC810,Lucknow-Amausi Airport,LKO,VILK,India,Delhi-Indira Gandhi International Airport,DEL,VIDP,India,5,49,0,0,-,-,-
19930123-0,Saturday,23-JAN-1993,-,H2, En route (ENR),Gwangju (Kwangju) Airport (KWJ),South Korea,-,0, None,-,unknown,-,-,-,-,-, registration unknown,-,Korean Air,Domestic Scheduled Passenger, 388,Mokpo Airport,MPK,RKJM,South Korea,Seoul-Gimpo (Kimpo) International Airport,SEL,RKSS,South Korea,-,-,0,0,-,-,-
19930123-1,Saturday,23-JAN-1993,09:23,A1, Landing (LDG),Bambu Airport (BCP),Papua New Guinea,4,0, Damaged beyond repair,-,Britten-Norman BN-2A-20 Islander,2,Lycoming IO-540-K1B5,1971,-,-, P2-ISF, 281,Island Airways,Domestic Scheduled Passenger,-,-,-,-,-,-,-,-,-,1,3,0,0,-,-,-
19930123-2,Saturday,23-JAN-1993,-,C1, Standing (STD),Al Taqaddum Air Base,Iraq,0,0, Damaged beyond repair,-,Ilyushin Il-76MD Adnan-1,-,-,-,-,-, registration unknown,-,Iraqi AF,Military,-,-,-,-,-,-,-,-,-,0,0,0,0,-,-,-
19930123-3,Saturday,23-JAN-1993,-,C2, Initial climb (ICL),near Luena Airport (LUO),Angola,-,0, Substantial, Repaired,Lockheed L-100-30 Hercules,4,Allison 501-D22A,1980,-,-, D2-EHD, 4839,Transafrik,Cargo,-,Luena Airport,LUO,FNUE,Angola,-,-,-,-,-,-,0,0,-,-,-
19930125-0,Monday,25-JAN-1993,-,A1, En route (ENR),"near Altamira Airport, PA (ATM)",Brazil,3,3, Damaged beyond repair,-,Fairchild FH-227B,-,-,1966,-,-, PT-LCS, 522,TABA,Cargo,-,Belém/Val-de-Cans International Airport,BEL,SBBE,Brazil,Altamira Airport,ATM,SBHT,Brazil,3,0,3,0,-,-,-
19930127-0,Wednesday,27-JAN-1993,-,A1, Takeoff (TOF),Kinshasa-N'Dolo Airport (NLO),Democratic Republic of the Congo,21,3, Damaged beyond repair,-,Nord 262A-44,2,Turbomeca Bastan VI-C1,1965,-,-, 9Q-CJK, 11,Trans Service Airlift,Cargo,-,Kinshasa-N'Dolo Airport,NLO,FZAB,Democratic Republic of the Congo,-,-,-,-,3,18,0,3,-,6,-
19930130-0,Saturday,30-JAN-1993,-,A1, Unknown (UNK),at an unknown location,Russia,-,-, Damaged beyond repair,-,Antonov An-2R,-,-,1987,-,-, CCCP-40479, 1G224-56,Aeroflot / Yakutsk,Unknown,-,-,-,-,-,-,-,-,-,-,-,-,-,-,-,-
19930131-0,Sunday,31-JAN-1993,-,A1, Landing (LDG),"Recife-Guararapes International Airport, PE (REC)",Brazil,168,0, Damaged beyond repair,-,Boeing 707-387B,4,Pratt & Whitney JT3D-3B,1966,-,-, LV-ISA, 19238/528,LADE,International Scheduled Passenger,-,Maceió-Zumbi dos Palmares Airport,MCZ,SBMO,Brazil,Fortaleza-Pinto Martins Airport,FOR,SBFZ,Brazil,12,156,0,0,-,-,-
19930131-1,Sunday,31-JAN-1993,-,A1, En route (ENR),within Northern Sumatra,Indonesia,14,14, Missing, Presumed damaged beyond repair,Shorts SC.7 Skyvan 3-100,2,Garrett TPE331-2-201A,1978,-,-, 9M-PID, SH.1961,Pan Malaysian Air Transport,Domestic Non Scheduled Passenger,-,Medan-Polonia Airport,MES,WIMM,Indonesia,Banda Aceh-Blang Bintang Airport,BTJ,WITT,Indonesia,3,11,3,11,-,-,Preliminary - official
19930203-0,Wednesday,03-FEB-1993,12:09,A1, Takeoff (TOF),Ust-Kuiga,Russia,27,0, Damaged beyond repair,-,Antonov An-24B,-,-,1969,-,-, 47180, 99901905,Yakutavia,Domestic Scheduled Passenger,-,-,-,-,-,-,-,-,-,4,23,0,0,-,-,-
19930203-1,Wednesday,03-FEB-1993,13:27,A1, Taxi (TXI),"Marietta-Dobbins AFB, GA (MGE)",United States of America,7,7, Destroyed, Written off (damaged beyond repair),Lockheed L-100-20 Hercules,4,Allison 501-M71K,1971,-,6708.0, N130X, 4412,Lockheed,Test,-,Marietta-Dobbins AFB,MGE,KMGE,United States of America,Marietta-Dobbins AFB,MGE,KMGE,United States of America,7,0,7,0,-,-,Final
19930208-0,Monday,08-FEB-1993,14:16,A1, En route (ENR),15 km (9.4 mls) from  Tehran-Mehrabad Airport (THR),Iran,131,131, Destroyed, Written off (damaged beyond repair),Tupolev Tu-154M,3,Soloviev D-30KU-154-II,1991,-,-, EP-ITD, 91A903,Iran Airtour,Domestic Non Scheduled Passenger,-,Tehran-Mehrabad Airport,THR,OIII,Iran,Mashhad Airport,MHD,OIMM,Iran,12,119,12,119,2,-,-
19930209-0,Tuesday,09-FEB-1993,-,U1, Unknown (UNK),Nairobi National Park,Kenya,-,-, Damaged beyond repair,-,Antonov An-32,2,Ivchenko AI-20,-,-,-, registration unknown,-,UN,Unknown,-,-,-,-,-,-,-,-,-,-,-,-,-,-,-,-
19930211-0,Thursday,11-FEB-1993,-,H2, En route (ENR),"New York-John F. Kennedy International Airport, NY (JFK)",United States of America,104,0, None,-,Airbus A310-304,2,General Electric CF6-80C2A2,1991,-,-, D-AIDM, 595,Lufthansa,International Scheduled Passenger,LH592,Frankfurt International Airport,FRA,EDDF,Germany,Cairo International Airport,CAI,HECA,Egypt,10,94,0,0,-,-,-
19930211-1,Thursday,11-FEB-1993,14:48,A2, Landing (LDG),Kharasavey Airport,Russia,6,0, Substantial, Repaired,Antonov An-26,-,-,1978,-,-, RA-26529, 7401,Aeroflot / Uralsk,Cargo,-,Izhevsk Airport,IJK,USII,Russia,-,-,-,-,5,1,0,0,-,-,-
19930217-0,Wednesday,17-FEB-1993,10:43,A1, Landing (LDG),Aurillac Airport (AUR),France,9,0, Damaged beyond repair,-,Dassault Falcon 10,-,-,1976,-,-, N85JM, 85,ConAero,Private,-,München-Franz Josef Strauss Airport,MUC,EDDM,Germany,Aurillac Airport,AUR,LFLW,France,1,8,0,0,-,-,-
19930217-1,Wednesday,17-FEB-1993,-,A1, Unknown (UNK),near Guvercinlik,Turkey,5,5, Damaged beyond repair,-,Beechcraft 200 Super King Air,-,-,1991,-,-, 10011, BB-1411,Turkish AF,Military,-,-,-,-,-,Diyarbakir Airport,DIY,LTCC,Turkey,-,-,-,-,-,1,-
19930218-0,Thursday,18-FEB-1993,-,A1, Takeoff (TOF),Santo Domingo-Las Americas Airport (SDQ),Dominican Republic,3,0, Damaged beyond repair,-,Douglas DC-7CF,-,-,1957,-,-, HI-599CT, 45208/855,Aerochago Airlines,Cargo,-,Santo Domingo-Las Américas International Airport,SDQ,MDSD,Dominican Republic,-,-,-,-,3,0,0,0,-,-,-
19930218-1,Thursday,18-FEB-1993,-,H2, Standing (STD),"Miami International Airport, FL (MIA)",United States of America,12,0, None,-,Douglas DC-3,-,-,-,-,-, registration unknown,-,Missionary Flights,International Scheduled Passenger,-,Cap Haitien Airport,CAP,MTCH,Haiti,West Palm Beach International Airport,PBI,KPBI,United States of America,2,10,0,0,-,-,-
19930218-2,Thursday,18-FEB-1993,-,A1, Landing (LDG),Cancún Airport (CUN),Mexico,43,0, Substantial, Written off (damaged beyond repair),Fairchild F-27F,-,-,1961,-,-, XA-MCJ, 90,Aero Cozumel,Domestic Scheduled Passenger,-,Cozumel Airport,CZM,MMCZ,Mexico,Cancún Airport,CUN,MMUN,Mexico,3,40,0,0,-,-,-
19930220-0,Saturday,20-FEB-1993,-,A1, Initial climb (ICL),3 km (1.9 mls) W of Bogotá-Eldorado Airport (BOG),Colombia,2,2, Damaged beyond repair,-,Convair CV-440-11,-,-,1957,-,-, HP-1200CTH, 413,Cargo Three Panama,Cargo,-,Bogotá-Eldorado Airport,BOG,SKBO,Colombia,-,-,-,-,2,0,2,0,-,-,-
19930220-1,Saturday,20-FEB-1993,-,H2, En route (ENR),Stockholm-Arlanda Airport (ARN),Sweden,82,0, None,-,Tupolev Tu-134,-,-,-,-,-, registration unknown,-,Aeroflot,Domestic Scheduled Passenger,SU2134,Tyumen Airport,TJM,USTR,Russia,Saint Petersburg-Pulkovo Airport,LED,ULLI,Russia,6,76,0,0,-,-,-
19930225-0,Thursday,25-FEB-1993,-,H2, Standing (STD),Rzeszów-Jasionka Airport (RZE),Poland,30,0, None,-,ATR 72-202,2,Pratt & Whitney Canada PW124B,-,-,-, registration unknown,-,LOT,Domestic Scheduled Passenger, 702,Rzeszów-Jasionka Airport,RZE,EPRZ,Poland,Warszawa-Okecie Airport,WAW,EPWA,Poland,-,-,0,0,-,-,-
19930226-0,Friday,26-FEB-1993,17:40,A2, Approach (APR),"Rio de Janeiro-Santos Dumont Airport, RJ (SDU)",Brazil,6,0, Substantial, Repaired,Learjet 31,2,Garrett TFE731-2-3B,-,-,-, PT-OFK, 31-017,Líder Táxi Aéreo,Executive,-,-,-,-,-,Rio de Janeiro-Santos Dumont Airport,SDU,SBRJ,Brazil,2,4,0,0,-,-,-
19930227-0,Saturday,27-FEB-1993,20:58,A2, Landing (LDG),Gyumri-Leninakan Airport (LWN),Armenia,10,0, Substantial, Repaired,Antonov An-12BP,-,-,1964,8341.0,14606.0, CCCP-11399, 4342501,MOM/Polyot,Cargo,-,Omsk Airport,OMS,UNOO,Russia,Gyumri-Leninakan Airport,LWN,UDSG,Armenia,6,4,0,0,-,-,-
19930228-0,Sunday,28-FEB-1993,-,A1, Approach (APR),off Orchid Island,Taiwan,6,6, Damaged beyond repair,-,Dornier 228-201,-,-,1986,-,-, B-12238, 8111,Formosa Airlines,Domestic Scheduled Passenger,-,Taipei-Songshan Airport,TSA,RCSS,Taiwan,Orchid Island Airport,KYD,RCLY,Taiwan,2,4,2,4,-,-,-
19930302-0,Tuesday,02-MAR-1993,21:20,A1, Initial climb (ICL),Palma de Mallorca Airport (PMI),Spain,2,2, Damaged beyond repair,-,Douglas C-47A-20-DL (DC-3),2,Pratt & Whitney R-1830-92,1943,-,-, EC-FAH, 9336,ARM,Cargo,-,Palma de Mallorca Airport,PMI,LEPA,Spain,Madrid-Barajas Airport,MAD,LEMD,Spain,2,0,2,0,-,-,Preliminary - official
19930305-1,Friday,05-MAR-1993,11:12,A1, Initial climb (ICL),Skopje Airport (SKP),North Macedonia,97,83, Destroyed, Written off (damaged beyond repair),Fokker 100,2,Rolls-Royce Tay 620-15,1992,136.0,188.0, PH-KXL, 11393,Palair Macedonian,International Scheduled Passenger, 301,Skopje Airport,SKP,LWSK,North Macedonia,Zürich-Kloten Airport,ZRH,LSZH,Switzerland,5,92,4,79,-,-,Final
19930306-0,Saturday,06-MAR-1993,18:56,A1, Takeoff (TOF),"Baffin Island, NU",Canada,2,0, Damaged beyond repair,-,de Havilland Canada DHC-6 Twin Otter 100,2,Pratt & Whitney Canada PT6A-20,1968,-,-, C-FQBT,  95,Kenn Borek Air,Cargo,-,-,-,-,-,-,-,-,-,2,0,0,0,-,-,Preliminary - official
19930308-0,Monday,08-MAR-1993,07:10,A1, Takeoff (TOF),Santa Rosa Airport (SRB),Bolivia,4,0, Damaged beyond repair,-,Douglas DC-6,-,-,1947,-,-, CP-1654, 43035/61,CAN,Cargo,-,Santa Rosa Airport,SRB,SLSR,Bolivia,La Esperanza Airport,LEZ,MHLE,Honduras,3,1,0,0,-,-,Preliminary - official
19930311-0,Thursday,11-MAR-1993,23:40,A2, Takeoff (TOF),"Saint Louis-Lambert International Airport, MO (STL)",United States of America,2,0, Substantial, Repaired,McDonnell Douglas DC-9-31,-,-,-,-,59985.0, N978Z, 47250/309,TWA,Training,TW5591,Saint Louis-Lambert International Airport,STL,KSTL,United States of America,Saint Louis-Lambert International Airport,STL,KSTL,United States of America,2,0,0,0,-,-,Final
19930312-0,Friday,12-MAR-1993,-,H2, En route (ENR),Dire Dawa Airport (DIR),Ethiopia,34,2, None,-,ATR 42-320,2,Pratt & Whitney Canada PW121,-,-,-, registration unknown,-,Ethiopian Airlines,Domestic Scheduled Passenger,-,Gambela Airport,GMB,HAGM,Ethiopia,Addis Ababa-Bole Airport,ADD,HAAB,Ethiopia,4,30,0,2,-,-,-
19930317-0,Wednesday,17-MAR-1993,-,O1, Standing (STD),Evreux Air Base (EVX),France,-,0, Damaged beyond repair,-,Transall C-160NG,-,-,-,-,-, F-227, F-230,French AF,Military,-,-,-,-,-,-,-,-,-,-,-,0,0,-,-,-
19930317-1,Wednesday,17-MAR-1993,07:20,A2, Landing (LDG),Heidelberg Airport (HDB),Germany,2,0, Substantial, Repaired,Cessna 551 Citation II/SP,-,-,1980,-,-, D-IGRC, 551-0163,Taunus Air,Ambulance,-,Frankfurt International Airport,FRA,EDDF,Germany,Heidelberg Airport,HDB,ETIE,Germany,2,0,0,0,-,-,-
19930319-0,Friday,19-MAR-1993,20:02,A1, Approach (APR),6 km (3.8 mls) NE of Geilo-Dagali Airport (DLD),Norway,10,3, Damaged beyond repair,-,Beechcraft 200 Super King Air,2,Pratt & Whitney Canada PT6A-41,1978,-,-, LN-TSA, BB-308,West Aviation,Domestic Non Scheduled Passenger,-,Bergen-Flesland Airport,BGO,ENBR,Norway,Geilo-Dagali Airport,DLD,ENDI,Norway,2,8,2,1,-,-,-
19930320-0,Saturday,20-MAR-1993,12:16,A2, Takeoff (TOF),Frankfurt International Airport (FRA),Germany,3,0, Substantial, Repaired,Boeing 747-230B(M),4,General Electric CF6-50E2,1985,-,-, D-ABZA, 23287/617,Lufthansa,Cargo,-,Frankfurt International Airport,FRA,EDDF,Germany,Chicago-O'Hare International Airport,ORD,KORD,United States of America,3,0,0,0,-,-,-
19930323-0,Tuesday,23-MAR-1993,13:30,A1, Landing (LDG),near Hareto,Ethiopia,35,0, Damaged beyond repair,-,Fokker F-27 Friendship 300,-,-,1961,-,-, ST-AWA, 10186,Air West Express,International Scheduled Passenger,-,Dar es Salaam International Airport,DAR,HTDA,Tanzania,Addis Ababa-Bole Airport,ADD,HAAB,Ethiopia,6,29,0,0,-,-,-
19930323-1,Tuesday,23-MAR-1993,13:30,A1, En route (ENR),"near Cuiabá, MT",Brazil,6,6, Damaged beyond repair,-,Embraer EMB-110C Bandeirante,-,-,1975,-,-, PP-SBJ, 110037,Oeste Linhas Aéreas,Domestic Non Scheduled Passenger,-,Cuiabá-Marechal Rondon International Airport,CGB,SBCY,Brazil,Vilhena Airport,BVH,SBVH,Brazil,2,4,2,4,-,-,-
19930324-1,Wednesday,24-MAR-1993,-,O1, Standing (STD),"Miami International Airport, FL (MIA)",United States of America,0,0, Damaged beyond repair,-,Douglas DC-7C,-,-,1958,-,-, HR-ALY, 45230/942,Aero Servicios,-,-,-,-,-,-,-,-,-,-,0,0,0,0,-,-,-
19930327-0,Saturday,27-MAR-1993,-,H2, En route (ENR),Amritsar-Raja Sansi Airport (ATQ),India,203,0, None,-,Airbus A320-231,2,IAE V2500-A1,-,-,-, registration unknown,-,Indian Airlines,Domestic Scheduled Passenger, 439,Delhi-Indira Gandhi International Airport,DEL,VIDP,India,Hyderabad Airport,HDD,OPKD,Pakistan,11,192,0,0,-,-,-
19930330-0,Tuesday,30-MAR-1993,-,A1, Unknown (UNK),Muang Khon Kaen,Thailand,6,6, Damaged beyond repair,-,Boeing 737-3Z6,2,CFMI CFM56-3B1,1989,-,-, 33-333, 24480/1773,Thai AF,Military,-,Bangkok-Don Muang International Airport,BKK,VTBD,Thailand,Khon Kaen Airport,KKC,VTUK,Thailand,5,1,5,1,-,-,-
19930331-0,Wednesday,31-MAR-1993,12:34,A2, Initial climb (ICL),"Anchorage International Airport, AK (ANC)",United States of America,3,0, Substantial, Repaired,Boeing 747-121,4,Pratt & Whitney JT9D-7D,1970,18387.0,83906.0, N473EV, 19657/37,JAL,Cargo,JL46E,Anchorage International Airport,ANC,PANC,United States of America,Chicago-O'Hare International Airport,ORD,KORD,United States of America,3,0,0,0,-,-,Final
19930401-0,Thursday,01-APR-1993,-,A1, Takeoff (TOF),Villahermosa-Capitan Carlos Perez Airport (VSA),Mexico,36,0, Substantial, Written off (damaged beyond repair),Fairchild FH-227C,-,-,1966,-,-, XA-RXR, 512,Aeromonterrey,Domestic Scheduled Passenger,-,Villahermosa-Capitan Carlos Perez Airport,VSA,MMVA,Mexico,-,-,-,-,3,33,0,0,-,-,-
19930402-0,Friday,02-APR-1993,-,A1, En route (ENR),16 km (10 mls) N off  Isla de la Margarita,Venezuela,11,11, Damaged beyond repair,-,McDonnell Douglas DC-9-15,2,Pratt & Whitney JT8D-7,1967,-,-, YV-03C, 47000/83,LAV,Test,-,Caracas Airport,CCS,SVMI,Venezuela,-,-,-,-,3,8,3,8,-,-,-
19930406-0,Tuesday,06-APR-1993,-,H2, En route (ENR),Taipei,Taiwan,200,0, None,-,Boeing 757-21B,-,-,-,-,-, registration unknown,-,China Southern,Domestic Scheduled Passenger,-,Shenzhen-Huangtian Airport,SZX,ZGSZ,China,Beijing-Capital Airport,PEK,ZBAA,China,13,187,0,0,-,-,-
19930406-1,Tuesday,06-APR-1993,18:27,A1, Landing (LDG),Guatemala City-La Aurora Airport (GUA),Guatemala,236,0, Damaged beyond repair,-,Boeing 767-2S1ER,2,General Electric CF6-80A,1986,14723.0,27558.0, N767TA, 23494/141,TACA,International Scheduled Passenger, 510,San Salvador-Comalapa International Airport,SAL,MSLP,El Salvador,Guatemala City-La Aurora Airport,GUA,MGGT,Guatemala,9,227,0,0,-,-,Preliminary - official
19930406-2,Tuesday,06-APR-1993,01:10,A2, En route (ENR),"1760 km (1100 mls) S of Shemya, AK",United States of America,255,2, Minor, Repaired,McDonnell Douglas MD-11,3,Pratt & Whitney PW4460,1991,1571.0,4810.0, B-2171, 48495/461,China Eastern,International Scheduled Passenger, 583,Shanghai-Hongqiao Airport,SHA,ZSSS,China,Los Angeles International Airport,LAX,KLAX,United States of America,20,235,0,2,-,-,Final
19930406-3,Tuesday,06-APR-1993,-,A1, Landing (LDG),Stepanavan,Armenia,32,0, Damaged beyond repair,-,Antonov An-24RV,2,Ivchenko AI-24VT,1975,-,-, YL-LCH, 57310309,Latavio,Scheduled Passenger,-,-,-,-,-,-,-,-,-,4,28,0,0,-,-,-
19930406-4,Tuesday,06-APR-1993,-,A1, Unknown (UNK),at an unknown location,Unknown country,-,-, Damaged beyond repair,-,Antonov An-2M,-,-,-,-,-, CCCP-13343, 1G41-13,MAP Kuibyshev,Unknown,-,-,-,-,-,-,-,-,-,-,-,-,-,-,-,-
19930406-5,Tuesday,06-APR-1993,15:47,A2, Landing (LDG),Great Barrier Island Airport (GBZ),New Zealand,6,0, Substantial,-,Britten-Norman BN-2A-26 Islander,2,Lycoming O-540-E4C5,1973,-,-, ZK-FVD, 316,Great Barrier Airlines,Domestic Scheduled Passenger,   1,Auckland International Airport,AKL,NZAA,New Zealand,Great Barrier Island Airport,GBZ,NZGB,New Zealand,1,5,0,0,-,-,Final
19930407-0,Wednesday,07-APR-1993,-,A1, Unknown (UNK),near Lublin,Poland,-,-, Damaged beyond repair,-,Antonov An-2R,-,-,-,-,-, SP-WZD, 1G180-30,ZUA,Unknown,-,-,-,-,-,-,-,-,-,-,-,-,-,-,-,-
19930409-0,Friday,09-APR-1993,-,A1, Unknown (UNK),Viranschir,Turkey,-,-, Damaged beyond repair,-,Antonov An-2R,-,-,-,-,-, SP-WZF, 1G180-32,ZUA,Unknown,-,-,-,-,-,-,-,-,-,-,-,-,-,-,-,-
19930410-0,Saturday,10-APR-1993,-,H2, En route (ENR),Lucknow-Amausi Airport (LKO),India,59,0, None,-,Boeing 737-2A8,-,-,-,-,-, registration unknown,-,Indian Airlines,Domestic Scheduled Passenger,-,Lucknow-Amausi Airport,LKO,VILK,India,Delhi-Indira Gandhi International Airport,DEL,VIDP,India,6,53,0,0,-,-,-
19930414-0,Wednesday,14-APR-1993,-,O1, Standing (STD),"Detroit-Willow Run Airport, MI (YIP)",United States of America,-,0, Damaged beyond repair,-,Lockheed L-188AF Electra,-,-,1958,-,-, N5517, 1023,Zantop,-,-,-,-,-,-,-,-,-,-,-,-,0,0,-,-,-
19930414-1,Wednesday,14-APR-1993,06:59,A1, Landing (LDG),"Dallas/Fort Worth International Airport, TX (DFW)",United States of America,202,0, Damaged beyond repair,-,McDonnell Douglas DC-10-30,3,General Electric CF6-50C2,1973,-,-, N139AA, 46711/105,American Airlines,Domestic Scheduled Passenger,AA102,Honolulu International Airport,HNL,PHNL,United States of America,Dallas/Fort Worth International Airport,DFW,KDFW,United States of America,13,189,0,0,-,-,Final
19930416-0,Friday,16-APR-1993,-,A1, Landing (LDG),"Mackay Airport, QLD (MKY)",Australia,1,0, Damaged beyond repair,-,Swearingen SA226-TC Metro II,-,-,1979,-,-, VH-UZS, TC-320,Jetcraft,Unknown,-,-,-,-,-,-,-,-,-,1,0,0,0,-,-,-
19930418-0,Sunday,18-APR-1993,12:44,A1, Landing (LDG),Morioka-Hanamaki Airport (HNA),Japan,76,0, Damaged beyond repair,-,McDonnell Douglas DC-9-41,2,Pratt & Whitney JT8D-15,1978,-,-, JA8448, 47767/885,Japan Air System,Domestic Scheduled Passenger, 451,Nagoya-Komaki International Airport,NGO,RJNN,Japan,Hanamaki Airport,HNA,RJSI,Japan,4,72,0,0,-,-,-
19930418-1,Sunday,18-APR-1993,-,H2, En route (ENR),Bogotá-Eldorado Airport (BOG),Colombia,81,0, None,-,McDonnell Douglas DC-9-15,2,Pratt & Whitney JT8D-7B,1966,-,-, HK-2865X, 45722/55,Intercontinental de Aviación,Domestic Scheduled Passenger, 217,Arauca-Santiago Pérez Airport,AUC,SKUC,Colombia,Bogotá-Eldorado Airport,BOG,SKBO,Colombia,-,-,0,0,-,-,-
19930419-0,Monday,19-APR-1993,23:20,A1, Takeoff (TOF),"Merced Municipal Airport, CA (MCE)",United States of America,3,0, Destroyed, Written off (damaged beyond repair),British Aerospace 3101 Jetstream 31,2,Garrett TPE331-1-10,1987,-,8873.0, N131CA, 787,United Express,Training,-,Merced Municipal Airport,MCE,KMCE,United States of America,Merced Municipal Airport,MCE,KMCE,United States of America,3,0,0,0,-,-,Final
19930420-0,Tuesday,20-APR-1993,16:24,A1, Initial climb (ICL),"near Zephyrhills Airport, FL (ZPH)",United States of America,42,0, Substantial, Written off (damaged beyond repair),Douglas C-47B-DK (DC-3),2,Pratt & Whitney R-1830-75,1944,-,16891.0, N8056, 25735/14290,Phoenix Air,Parachuting,-,Zephyrhills Airport,ZPH,KZPH,United States of America,Zephyrhills Airport,ZPH,KZPH,United States of America,2,40,0,0,-,-,Final
19930420-1,Tuesday,20-APR-1993,-,A1, Unknown (UNK),Florencia Airport (FLA),Colombia,2,2, Damaged beyond repair,-,Douglas C-47A-25-DK (DC-3),2,Pratt & Whitney R-1830-92,1944,-,-, CP-1622, 13336,Trans Aéreos Cochabamba,Unknown,-,-,-,-,-,-,-,-,-,2,0,2,0,-,-,-
19930423-0,Friday,23-APR-1993,-,A1, En route (ENR),within Zavkhan Province,Mongolia,32,32, Damaged beyond repair,-,Antonov An-26,-,-,-,-,-, BNMAU-14102, 14102,MIAT,Domestic Scheduled Passenger,-,Ulan Bator-Buyant Uhaa Airport,ULN,ZMUB,Mongolia,Ölgii Airport,ULG,ZMUL,Mongolia,6,26,6,26,-,-,-
19930424-0,Saturday,24-APR-1993,09:20,A1, Pushback / towing (PBT),Montpellier-Frejorgues Airport (MPL),France,324,0, Damaged beyond repair,-,Airbus A300B2-1C,2,General Electric CF6-50C2R,1973,-,-, F-BUAE, 004,Air Inter,Domestic Scheduled Passenger,  84,Montpellier-Frejorgues Airport,MPL,LFMT,France,Paris-Orly Airport,ORY,LFPO,France,10,314,0,0,-,-,-
19930424-1,Saturday,24-APR-1993,-,H2, En route (ENR),Amritsar-Raja Sansi Airport (ATQ),India,141,1, None,-,Boeing 737-2A8,-,-,-,-,-, registration unknown,-,Indian Airlines,Domestic Scheduled Passenger, 427,Srinagar Airport,SXR,VISR,India,Delhi-Indira Gandhi International Airport,DEL,VIDP,India,6,135,0,1,-,-,-
19930426-0,Monday,26-APR-1993,-,C1, En route (ENR),near Luena,Angola,7,1, Damaged beyond repair,-,Antonov An-12B,4,Ivchenko AI-20M,1972,-,-, CCCP-11121, 02348103,UN,Cargo,-,Luena Airport,LUO,FNUE,Angola,Catumbela Airport,CBT,FNCT,Angola,7,0,1,0,-,-,-
19930426-1,Monday,26-APR-1993,13:06,A1, Takeoff (TOF),3 km (1.9 mls) NE of Aurangabad Airport (IXU),India,118,55, Damaged beyond repair,-,Boeing 737-2A8,2,Pratt & Whitney JT8D-9A,1974,-,43886.0, VT-ECQ, 20961/375,Indian Airlines,Domestic Scheduled Passenger, 491,Aurangabad-Chikkalthana Airport,IXU,VAAU,India,Bombay-Sahar International Airport,BOM,VABB,India,6,112,2,53,-,-,Final
19930426-2,Monday,26-APR-1993,17:22,A2, Landing (LDG),"Denver-Stapleton International Airport, CO (DEN)",United States of America,90,0, Substantial, Repaired,McDonnell Douglas DC-9-82 (MD-82),-,-,1985,-,25628.0, N14816, 49370/1206,Continental Air Lines,Domestic Scheduled Passenger,CO182,Salt Lake City International Airport,SLC,KSLC,United States of America,Denver-Stapleton International Airport,DEN,KDEN,United States of America,6,84,0,0,-,-,Final
19930427-0,Tuesday,27-APR-1993,-,A1, En route (ENR),Tashqurghan,Afghanistan,76,76, Damaged beyond repair,-,Antonov An-32,2,Ivchenko AI-20,-,-,-, registration unknown,-,Afghan AF,Military,-,Kabul-Khwaja Rawash Airport,KBL,OAKB,Afghanistan,Mazar-I-Sharif Airport,MZR,OAMS,Afghanistan,-,-,-,-,-,-,-
19930427-1,Tuesday,27-APR-1993,17:28,A2, Landing (LDG),"Denver-Stapleton International Airport, CO (DEN)",United States of America,121,0, Substantial, Repaired,McDonnell Douglas DC-9-82 (MD-82),2,Pratt & Whitney JT8D-217,1986,-,21572.0, N72822, 49482/1309,Continental Air Lines,Domestic Scheduled Passenger,CO588,San Francisco International Airport,SFO,KSFO,United States of America,Denver-Stapleton International Airport,DEN,KDEN,United States of America,6,115,0,0,-,-,Final
19930427-2,Tuesday,27-APR-1993,22:45,A1, En route (ENR),off Libreville Airport (LBV),Gabon,30,30, Damaged beyond repair,-,de Havilland Canada DHC-5D Buffalo,-,-,1975,-,-, AF-319, 69,Zambian Air Force,Int'l Non Scheduled Passenger,-,Libreville Airport,LBV,FOOL,Gabon,Abidjan-Felix Houphouet Boigny Airport,ABJ,DIAP,Cote d'Ivoire,5,25,5,25,-,-,-
19930428-0,Wednesday,28-APR-1993,23:50,A1, Maneuvering (MNV),"6 km (3.8 mls) NE of Shelton, NE",United States of America,2,2, Destroyed, Written off (damaged beyond repair),Beechcraft C99 Commuter,2,Pratt & Whitney Canada PT6A-36,1986,-,6962.0, N115GP, U-228,GP Express,Training,-,Grand Island Airport,GRI,KGRI,United States of America,Grand Island Airport,GRI,KGRI,United States of America,2,0,2,0,-,-,Final
19930429-0,Thursday,29-APR-1993,15:55,A1, En route (ENR),"Pine Bluff, AR",United States of America,30,0, Substantial, Written off (damaged beyond repair),Embraer EMB-120RT Brasilia,2,Pratt & Whitney Canada PW118,1988,-,10398.0, N24706, 120093,Continental Express,Domestic Scheduled Passenger,2733,Little Rock National Airport,LIT,KLIT,United States of America,Houston-Intercontinental Airport,IAH,KIAH,United States of America,3,27,0,0,-,-,Final
19930504-0,Tuesday,04-MAY-1993,22:15,A2, Landing (LDG),"Muskegon Airport, MI (MKG)",United States of America,44,0, Substantial, Repaired,ATR 42-300,-,-,-,-,3567.0, N254AT, 254,American Eagle,Domestic Scheduled Passenger,-,Chicago-O'Hare International Airport,ORD,KORD,United States of America,Muskegon Airport,MKG,KMKG,United States of America,3,41,0,0,-,-,Final
19930506-1,Thursday,06-MAY-1993,-,A1, Landing (LDG),Cayenne-Rochambeau Airport (CAY),French Guiana,4,0, Damaged beyond repair,-,Sud Aviation SE-210 Caravelle 10B3,-,-,1964,-,-, HK-3835X, 182,SERCA Colombia,Ferry/positioning,-,-,-,-,-,Cayenne-Rochambeau Airport,CAY,SOCA,French Guiana,4,0,0,0,-,-,-
19930506-2,Thursday,06-MAY-1993,-,A1, Takeoff (TOF),Beef Island Airport (EIS),British Virgin Islands,30,0, Damaged beyond repair,-,Shorts 330-200,-,-,1976,-,-, VP-LVR, SH.3006,Atlantic Air BVI,Scheduled Passenger,-,Tortola-Terrance B. Lettsome International Airport,EIS,TUPJ,British Virgin Islands,-,-,-,-,3,27,0,0,-,-,-
19930511-0,Tuesday,11-MAY-1993,-,A1, Approach (APR),Suva-Nausori Airport (SUV),Fiji,2,2, Damaged beyond repair,-,Britten-Norman BN-2A-6 Islander,2,Lycoming O-540-E4C5,1967,-,-, DQ-FEO, 9,Fiji Air,Unknown,-,-,-,-,-,Suva-Nausori Airport,SUV,NFSU,Fiji,2,0,2,0,-,-,-
19930512-1,Wednesday,12-MAY-1993,-,U1, Unknown (UNK),at an unknown location,Unknown country,-,-, Damaged beyond repair,-,CASA C-212-M Aviocar 200,-,-,1985,-,-, T-404, 334,Angolan AF,Military,-,-,-,-,-,-,-,-,-,-,-,-,-,-,-,Preliminary
19930514-0,Friday,14-MAY-1993,-,A1, Landing (LDG),Atalaya,Peru,-,0, Damaged beyond repair,-,Harbin Yunshuji Y-12 II,2,Pratt & Whitney Canada PT6A-27,1992,-,-, OB-1499/334, 0050,TANS,Military,-,-,-,-,-,-,-,-,-,-,-,0,0,-,-,-
19930515-0,Saturday,15-MAY-1993,-,A1, En route (ENR),near Cancún Airport (CUN),Mexico,5,2, Damaged beyond repair,-,Douglas DC-6BF,-,-,1953,-,-, XA-SEA, 43825/315,Carga del Caribe,Cargo,-,Cancún Airport,CUN,MMUN,Mexico,Cozumel Airport,CZM,MMCZ,Mexico,5,0,2,0,-,-,-
19930517-0,Monday,17-MAY-1993,11:37,A2, Landing (LDG),Khanty-Mansiysk Airport (HMA),Russia,22,0, Substantial, Repaired,Yakovlev Yak-40,-,-,1976,-,-, RA-88244, 9641751,Aeroflot / Tyumen,Domestic Scheduled Passenger,-,-,-,-,-,Khanty-Mansiysk Airport,HMA,USHH,Russia,4,18,0,0,-,-,-
19930519-0,Wednesday,19-MAY-1993,15:04,A1, En route (ENR),40 km (25 mls) SE of Medellín,Colombia,132,132, Destroyed, Written off (damaged beyond repair),Boeing 727-46,3,Pratt & Whitney JT8D-7A,1965,-,-, HK-2422X, 18876/217,SAM Colombia,International Scheduled Passenger, 501,Panama City-Tocumen International Airport,PTY,MPTO,Panama,Rionegro/Medellín-José María Córdova Airport,MDE,SKRG,Colombia,7,125,7,125,-,-,-
19930522-0,Saturday,22-MAY-1993,10:22,A2, Initial climb (ICL),"Edmonton/Villeneuve Airport, AB",Canada,3,2, Substantial, Repaired,de Havilland Canada DHC-3 Otter,-,-,1958,-,-, C-GKPB, 274,Loon Air,Test,-,-,-,-,-,-,-,-,-,2,1,2,0,-,-,Preliminary - official
19930526-0,Wednesday,26-MAY-1993,05:34,A1, Landing (LDG),Southampton-Eastleigh Airport (SOU),United Kingdom,2,0, Damaged beyond repair,-,Cessna 550 Citation II,2,Pratt & Whitney Canada JT15D-4,1981,3306.0,4315.0, G-JETB, 550-0288,Aerocharter Midlands,Ferry/positioning,-,Oxford-Kidlington Airport,OXF,EGTK,United Kingdom,Southampton-Eastleigh Airport,SOU,EGHI,United Kingdom,2,0,0,0,-,-,Final
19930527-0,Thursday,27-MAY-1993,-,A1, En route (ENR),Blair Athol,United Kingdom,9,9, Destroyed, Written off (damaged beyond repair),Lockheed Hercules C.3P (C-130K),-,-,1967,-,-, XV193, 4213,RAF,Military,-,Lyneham RAF Station,LYE,EGDL,United Kingdom,Forres-Kinloss RAF Station,FSS,EGQK,United Kingdom,9,0,9,0,-,-,Final
19930599-0,-,xx-MAY-1993,-,A1, Landing (LDG),Goma Airport (GOM),Democratic Republic of the Congo,-,0, Damaged beyond repair,-,Boeing 707-441,-,-,1963,-,-, 9Q-CMD, 18694/353,Blue Airlines,Unknown,-,-,-,-,-,Goma Airport,GOM,FZNA,Democratic Republic of the Congo,-,-,0,0,-,-,Preliminary
