identifiant,week_day,date,time,type_event,phase,location,country,total_occupants,total_fatalities,aircraft_damage,aircraft_fate,type_aircraft,number_engines,type_engines,first_flight,cycles,total_airframe_hours,registration,c_n_msn,operator,nature,flight_number,departure_airport_name,departure_airport_IATA,departure_airport_ICAO,departure_airport_country,destination_airport_name,destination_airport_IATA,destination_airport_ICAO,destination_airport_country,crew_number,passengers_number,crew_fatalities,passengers_fatalities,collision_casualties,ground_casualties,status
19890611-1,Sunday,11-JUN-1989,10:15,A1, En route (ENR),Vereda el Salitre,Colombia,22,6, Damaged beyond repair,-,de Havilland Canada DHC-6 Twin Otter 300,2,Pratt & Whitney Canada PT6A-27,1980,-,-, HK-2486, 676,Aerotaca,Domestic Scheduled Passenger,-,El Yopal Airport,EYP,SKYP,Colombia,Tame Airport,TME,SKTM,Colombia,2,20,0,6,-,-,-
19890615-0,Thursday,15-JUN-1989,-,A1, En route (ENR),near Dahomo,Papua New Guinea,2,2, Damaged beyond repair,-,de Havilland Canada DHC-6 Twin Otter 200,-,-,1968,-,-, P2-OTR, 147,Curtain Brothers PNG,Cargo,-,Kiunga Airport,UNG,AYKI,Papua New Guinea,-,-,-,-,2,0,2,0,-,-,Preliminary
19890617-2,Saturday,17-JUN-1989,06:28,A1, Takeoff (TOF),Berlin-Schönefeld Airport (SXF),Germany,113,21, Destroyed, Written off (damaged beyond repair),Ilyushin Il-62M,4,Soloviev D-30KU,1988,546.0,1939.0, DDR-SEW, 2850324,Interflug,International Scheduled Passenger,IF102,Berlin-Schönefeld Airport,SXF,EDDB,Germany,Moskva-Sheremetyevo Airport,SVO,UUEE,Russia,10,103,0,21,-,-,-
19890618-0,Sunday,18-JUN-1989,13:20,A1, Landing (LDG),Zabol Airport (ACZ),Iran,39,6, Damaged beyond repair,-,Antonov An-26,-,-,1985,-,-, YA-BAK, 14104,Ariana Afghan Airlines,Domestic Scheduled Passenger,-,Kabul Airport,KBL,OAKB,Afghanistan,Zaranj Airport,ZAJ,OAZJ,Afghanistan,4,35,0,6,-,-,-
19890621-0,Wednesday,21-JUN-1989,-,A1, En route (ENR),near Tarma,Peru,59,59, Damaged beyond repair,-,de Havilland Canada DHC-5D Buffalo,-,-,1972,-,-, FAP-329, 52,Peruvian AF,Domestic Non Scheduled Passenger,-,-,-,-,-,Lima-Jorge Chávez International Airport,LIM,SPIM,Peru,6,53,6,53,-,-,-
19890626-3,Monday,26-JUN-1989,19:40,A1, Maneuvering (MNV),"48 km (30 mls) SE of St. Anne-des-Monts, QC",Canada,4,4, Destroyed, Written off (damaged beyond repair),Douglas C-118A (DC-6),4,Pratt & Whitney R-2800-CB16,1953,-,24220.0, C-GBYA, 43717/370,Conifair Aviation,Agricultural,-,Bonaventure Airport,YVB,CYVB,Canada,Bonaventure Airport,YVB,CYVB,Canada,4,0,4,0,-,-,Final
19890626-4,Monday,26-JUN-1989,11:05,A1, Initial climb (ICL),"8 km (5 mls) S off  Petersburg, AK",United States of America,1,0, Substantial, Written off (damaged beyond repair),Douglas C-47A-65-DL (DC-3C),2,Pratt & Whitney R-1830-94,1943,-,10762.0, N8042X, 19041,California Air Tours,Ferry/positioning,-,Petersburg Municipal Airport,PSG,PAPG,United States of America,Ketchikan International Airport,KTN,PAKT,United States of America,1,0,0,0,-,-,Final
19890628-1,Wednesday,28-JUN-1989,-,A1, En route (ENR),near Hargeisa,Somalia,30,30, Damaged beyond repair,-,Fokker F-27 Friendship 600RF,2,Rolls-Royce Dart 535-7R,1977,9842.0,21126.0, 6O-SAZ, 10559,Somali Airlines,Domestic Scheduled Passenger,-,Hargeisa Airport,HGA,HCMH,Somalia,Mogadishu International Airport,MGQ,HCMM,Somalia,6,24,6,24,-,-,-
19890628-2,Wednesday,28-JUN-1989,21:19,A1, Landing (LDG),Yaoundé-Ville Airport (YAO),Cameroon,47,3, Damaged beyond repair,-,British Aerospace BAe-748-435 Srs. 2B,2,Rolls-Royce Dart 535-2,1985,-,-, TJ-CCF, 1804,Cameroon Airlines,Domestic Scheduled Passenger,-,Douala Airport,DLA,FKKD,Cameroon,Yaoundé-Ville Airport,YAO,FKKY,Cameroon,2,45,2,1,-,-,-
19890629-0,Thursday,29-JUN-1989,00:04,A1, Takeoff (TOF),"3 km (1.9 mls) N of Cartersville Airport, GA",United States of America,2,2, Destroyed, Written off (damaged beyond repair),Dassault Falcon 20DC,2,General Electric CF700-2D2,1970,-,13547.0, N125CA, 208,Phoenix Air,Ferry/positioning,-,-,-,-,-,Montgomery-Dannelly Field,MGM,KMGM,United States of America,2,0,2,0,-,-,Final
19890703-0,Monday,03-JUL-1989,-,A1, Landing (LDG),Ocaña-Aguasclaras Airport (OCV),Colombia,-,0, Damaged beyond repair,-,Lockheed C-130B Hercules,4,Allison T56-A-7,1959,-,-, FAC-1007, 3531,Colombian AF,Military,-,-,-,-,-,Ocaña-Aguas Claras Airport,OCV,SKOC,Colombia,-,-,0,0,-,-,-
19890706-0,Thursday,06-JUL-1989,-,A1, Takeoff (TOF),near Cape Schmidt,Russia,-,0, Damaged beyond repair,-,Ilyushin Il-14M,-,-,1958,6989.0,17992.0, CCCP-61788, 8343901,Aeroflot / Yakutsk,Survey/research,-,-,-,-,-,-,-,-,-,-,-,0,0,-,-,-
19890708-0,Saturday,08-JUL-1989,-,A1, Landing (LDG),Cam Ranh Airport,Vietnam,34,31, Damaged beyond repair,-,Antonov An-12BP,4,Ivchenko AI-20M,-,-,-, CCCP-11875, 7345006,Soviet AF,Military,-,Cam Ranh Airport,CXR,VVCR,Vietnam,Ho Chi Minh City-Tan Son Nhat International Airport,SGN,VVTS,Vietnam,6,28,4,27,-,-,Preliminary
19890709-0,Sunday,09-JUL-1989,-,O1, Standing (STD),Belfast City Airport (BHD),United Kingdom,0,0, Damaged beyond repair,-,Shorts 330-200,-,-,1983,-,-, G-OATD, SH.3096,Short Brothers,-,-,-,-,-,-,-,-,-,-,0,0,0,0,-,-,-
19890710-0,Monday,10-JUL-1989,-,A2, Landing (LDG),Wau Airport (WUU),South Sudan,7,0, Substantial, Repaired,Lockheed L-100-30 Hercules,-,-,-,-,-, registration unknown,-,Pelita Air Service,Cargo,-,-,-,-,-,Wau Airport,WUU,HSWW,South Sudan,7,0,0,0,-,-,Preliminary - official
19890711-0,Tuesday,11-JUL-1989,-,A1, Landing (LDG),Addis Ababa-Bole Airport (ADD),Ethiopia,76,0, Damaged beyond repair,-,Boeing 707-351B,4,Pratt & Whitney JT3D-3B,1968,-,-, 5Y-BBK, 19872/742,Kenya Airways,International Scheduled Passenger,-,Addis Ababa-Bole Airport,ADD,HAAB,Ethiopia,Nairobi-Jomo Kenyatta International Airport,NBO,HKJK,Kenya,10,66,0,0,-,-,-
19890713-0,Thursday,13-JUL-1989,01:13,A2, Taxi (TXI),"Dayton-James Cox Dayton International Airport, OH (DAY)",United States of America,3,0, Substantial, Repaired,McDonnell Douglas DC-8-63F,-,-,1967,-,53209.0, N950R, 45903/286,Rosenbalm Aviation,Cargo,-,Charlotte-Douglas Airport,CLT,KCLT,United States of America,Dayton-James Cox Dayton International Airport,DAY,KDAY,United States of America,3,0,0,0,-,-,Final
19890714-0,Friday,14-JUL-1989,-,A2, Takeoff (TOF),"Miami International Airport, FL (MIA)",United States of America,4,0, Substantial, Repaired,McDonnell Douglas DC-8-63F,4,Pratt & Whitney JT3D-7,1969,-,-, HK-3490X, 46041/439,TAMPA Colombia,Cargo,-,Miami International Airport,MIA,KMIA,United States of America,-,-,-,-,4,0,0,0,-,-,-
19890718-0,Tuesday,18-JUL-1989,-,U1, Unknown (UNK),at an unknown location,Papua New Guinea,-,-, Damaged beyond repair,-,Britten-Norman BN-2A Islander,-,-,1969,-,-, P2-ISJ, 89,Talair,Unknown,-,-,-,-,-,-,-,-,-,-,-,-,-,-,-,-
19890719-0,Wednesday,19-JUL-1989,11:02,A1, Maneuvering (MNV),??Cape Kibera,Russia,10,10, Damaged beyond repair,-,Antonov An-26,-,-,1980,-,-, CCCP-26685, 8805,Aeroflot / Yakutsk,Survey/research,-,-,-,-,-,Pevek Airport,PWE,UHMP,Russia,6,4,6,4,-,-,-
19890719-1,Wednesday,19-JUL-1989,16:00,A1, Landing (LDG),"Sioux Gateway Airport, IA (SUX)",United States of America,296,111, Destroyed, Written off (damaged beyond repair),McDonnell Douglas DC-10-10,3,General Electric CF6-6D,1973,16997.0,43401.0, N1819U, 46618/118,United Airlines,Domestic Scheduled Passenger,UA232,Denver-Stapleton International Airport,DEN,KDEN,United States of America,Chicago-O'Hare International Airport,ORD,KORD,United States of America,11,285,1,110,-,-,Final
19890721-0,Friday,21-JUL-1989,-,A1, Approach (APR),Porgera Airport (RGE),Papua New Guinea,22,3, Damaged beyond repair,-,de Havilland Canada DHC-6 Twin Otter 300,2,Pratt & Whitney Canada PT6A-27,1973,-,-, P2-RDW, 366,Talair,Domestic Scheduled Passenger,-,Mount Hagen-Kagamuga Airport,HGU,AYMH,Papua New Guinea,-,-,-,-,2,20,2,1,-,-,-
19890721-1,Friday,21-JUL-1989,15:20,A1, Landing (LDG),Manila International Airport (MNL),Philippines,98,0, Damaged beyond repair,-,BAC One-Eleven 516FP,2,Rolls-Royce Spey 512-14DW,1970,-,-, RP-C1193, 231,Philippine Air Lines,Domestic Scheduled Passenger, 124,Zamboanga Airport,ZAM,RPMZ,Philippines,Manila International Airport,MNL,RPLL,Philippines,5,93,0,0,-,8,-
19890722-0,Saturday,22-JUL-1989,-,A1, Unknown (UNK),near Mocuba,Mozambique,-,-, Damaged beyond repair,-,Cessna 208 Caravan I,1,Pratt & Whitney Canada PT6A-114,1985,-,-, HB-CKW, 20800046,Zimex Aviation,Unknown,-,-,-,-,-,-,-,-,-,-,-,-,-,-,-,-
19890723-0,Sunday,23-JUL-1989,-,C1, Unknown (UNK),Chana,Angola,48,42, Damaged beyond repair,-,Antonov An-26,-,-,-,-,-, registration unknown,-,Angolan AF,Military,-,-,-,-,-,Cazombo Airport,CAV,FNCZ,Angola,-,-,-,-,-,-,-
19890725-0,Tuesday,25-JUL-1989,13:30,A1, Takeoff (TOF),Grimsby-Binbrook Airport (GSY),United Kingdom,10,0, Destroyed, Written off (damaged beyond repair),Boeing B-17G,4,Wright R-1820-97,1945,-,-, F-BEEA, 8552,IGN,Unknown,-,Grimsby-Binbrook Airport,GSY,EGXB,United Kingdom,Duxford Airport,QFO,EGSU,United Kingdom,10,0,0,0,-,-,Final
19890727-0,Thursday,27-JUL-1989,07:05,A1, Approach (APR),"2,4 km (1.5 mls) E of Tripoli International Airport (TIP)",Libya,199,75, Destroyed, Written off (damaged beyond repair),McDonnell Douglas DC-10-30,3,General Electric CF6-50C2,1973,11440.0,49025.0, HL7328, 47887/125,Korean Air,International Scheduled Passenger,KE803,Jeddah-King Abdulaziz International Airport,JED,OEJN,Saudi Arabia,Tripoli International Airport,TIP,HLLT,Libya,18,181,3,72,-,4,-
19890728-0,Friday,28-JUL-1989,-,A1, Approach (APR),Ulan-Ude Airport (UUD),Russia,-,0, Damaged beyond repair,-,Tupolev Tu-134AK,-,-,1971,-,-, CCCP-65670, 0351110,Soviet AF,Military,-,-,-,-,-,Ulan-Ude Airport,UUD,UIUU,Russia,-,-,0,0,-,-,-
19890731-0,Monday,31-JUL-1989,22:00,A1, Initial climb (ICL),Auckland International Airport (AKL),New Zealand,3,3, Destroyed, Written off (damaged beyond repair),Convair CV-580,2,Allison 501-D13D,1954,-,29999.0, ZK-FTB, 180,Air Freight NZ,Cargo,   1,Auckland International Airport,AKL,NZAA,New Zealand,Christchurch International Airport,CHC,NZCH,New Zealand,3,0,3,0,-,-,Final
19890731-1,Monday,31-JUL-1989,-,A1, Landing (LDG),Qala i Naw Airport (LQN),Afghanistan,20,0, Damaged beyond repair,-,Yakovlev Yak-40,-,-,-,-,-, YA-KAA,-,Ariana Afghan Airlines,Domestic Scheduled Passenger,-,-,-,-,-,Qala i Naw Airport,LQN,OAQN,Afghanistan,3,17,0,0,-,-,-
19890801-0,Tuesday,01-AUG-1989,-,A1, Landing (LDG),Tamanrasset-Aguemar Airport (TMR),Algeria,4,0, Damaged beyond repair,-,Lockheed L-100-30 Hercules,4,Allison 501-D22A,1981,-,-, 7T-VHK, 4883,Air Algérie,Unknown,-,Algiers-Houari Boumediene Airport,ALG,DAAG,Algeria,Tamanrasset-Aguemar Airport,TMR,DAAT,Algeria,4,0,0,0,-,-,-
19890802-0,Wednesday,02-AUG-1989,18:27,A2, Landing (LDG),Faroe Islands-Vagar Airport (FA),Denmark,52,0, Substantial, Repaired,British Aerospace BAe-146-200A,4,Lycoming ALF502R-5,1987,-,4611.0, OY-CRG, E2075,Atlantic Airways,Domestic Scheduled Passenger,RC453,Bergen-Flesland Airport,BGO,ENBR,Norway,Faroe Islands-Vagar Airport,FAE,EKVG,Denmark,6,46,0,0,-,-,Final
19890803-1,Thursday,03-AUG-1989,13:43,A1, Approach (APR),25 km (15.6 mls) WNW of Samos Airport (SMI),Greece,34,34, Damaged beyond repair,-,Shorts 330-200,2,Pratt & Whitney Canada PT6A-45R,1982,-,-, SX-BGE, SH.3083,Olympic Aviation,Domestic Scheduled Passenger, 545,Thessaloniki International Airport,SKG,LGTS,Greece,Samos Airport,SMI,LGSM,Greece,3,31,3,31,-,-,Preliminary
19890804-0,Friday,04-AUG-1989,18:30,A1, Landing (LDG),"Augusta Airport, ME (AUG)",United States of America,3,0, Substantial, Written off (damaged beyond repair),Convair CV-600,2,Rolls-Royce Dart 542,1953,-,-, N94253, 114,International Turbine Service,Ferry/positioning,-,Bangor International Airport,BGR,KBGR,United States of America,Buffalo-Greater Buffalo International Airport,BUF,KBUF,United States of America,3,0,0,0,-,-,Final
19890805-0,Saturday,05-AUG-1989,19:04,A1, Approach (APR),"Ilha das Onças, PA",Brazil,4,4, Destroyed, Written off (damaged beyond repair),Learjet 25D,-,-,1979,-,-, PT-KYR, 25-266,Locadora Belauto,Executive,-,Goiânia-Santa Genoveva Airport,GYN,SBGO,Brazil,Belém/Val-de-Cans International Airport,BEL,SBBE,Brazil,2,2,2,2,-,-,Final
19890807-0,Monday,07-AUG-1989,12:10,A1, En route (ENR),Gambella,Ethiopia,16,16, Damaged beyond repair,-,de Havilland Canada DHC-6 Twin Otter 300,2,Pratt & Whitney Canada PT6A-27,1980,-,-, ET-AIL, 699,RRC Air Services,Domestic Non Scheduled Passenger,-,Addis Ababa-Bole Airport,ADD,HAAB,Ethiopia,-,-,-,-,3,13,3,13,-,-,-
19890808-0,Tuesday,08-AUG-1989,10:35,A1, En route (ENR),Upper Dart Valley,New Zealand,10,10, Damaged beyond repair,-,Britten-Norman BN-2A-26 Islander,2,Lycoming O-540-E4C5,1977,-,8350.0, ZK-EVK, 583,Aspiring Air,Domestic Non Scheduled Passenger,-,Wanaka Airport,WKA,NZWF,New Zealand,Milford Sound Airport,MFN,NZMF,New Zealand,1,9,1,9,-,-,Final
19890809-0,Wednesday,09-AUG-1989,19:00,A1, Maneuvering (MNV),"Fort Bragg, NC",United States of America,7,1, Damaged beyond repair,-,Lockheed C-130H Hercules,-,-,1976,-,-, 74-1681, 4654,USAF,Military,-,-,-,-,-,-,-,-,-,7,0,1,0,-,-,-
19890810-0,Thursday,10-AUG-1989,-,A1, Approach (APR),10 km (6.3 mls) from  Novgorod-Krechevitsy Airport,Russia,7,7, Damaged beyond repair,-,Ilyushin Il-76M,-,-,1977,-,-, CCCP-86718, 073409259,Soviet AF,Military,-,-,-,-,-,-,-,-,-,7,0,7,0,-,-,Preliminary
19890810-2,Thursday,10-AUG-1989,-,A1, Landing (LDG),Iquitos Airport (IQT),Peru,-,0, Damaged beyond repair,-,Douglas DC-8-33F,4,Pratt & Whitney JT4A-9,1960,-,-, OB-1316, 45384/50,APISA Air Carga,Cargo,-,-,-,-,-,Iquitos Airport,IQT,SPQT,Peru,-,-,0,0,-,-,-
19890813-0,Sunday,13-AUG-1989,17:50,A1, Landing (LDG),"Houston-Hobby Airport, TX (HOU)",United States of America,8,0, Substantial, Written off (damaged beyond repair),Hawker Siddeley HS-125-3A,2,Rolls-Royce Viper 522,1967,-,3966.0, N66HA, 25126,private,Private,-,Savannah International Airport,SAV,KSAV,United States of America,Houston-William P. Hobby Airport,HOU,KHOU,United States of America,2,6,0,0,-,-,Final
19890814-0,Monday,14-AUG-1989,-,A1, Landing (LDG),Neryungri Airport (NER),Russia,-,0, Damaged beyond repair,-,Yakovlev Yak-40,-,-,1977,-,-, CCCP-88252, 9710652,Aeroflot / Yakutsk,Domestic Scheduled Passenger, 432,Chita Airport,HTA,UIAA,Russia,Neryungri Airport,NER,UELL,Russia,-,-,0,0,-,-,-
19890815-1,Tuesday,15-AUG-1989,-,A1, Takeoff (TOF),near Shanghai-Hongqiao Airport (SHA),China,40,34, Damaged beyond repair,-,Antonov An-24RV,2,Ivchenko AI-24VT,1973,-,-, B-3417, 37309006,China Eastern,Domestic Scheduled Passenger,-,Shanghai-Hongqiao Airport,SHA,ZSSS,China,-,-,-,-,6,34,6,28,-,-,-
19890816-1,Wednesday,16-AUG-1989,-,A1, Takeoff (TOF),"San Carlos de Bariloche International Airport, RN (BRC)",Argentina,65,0, Damaged beyond repair,-,Fokker F-28 Fellowship 1000C,2,Rolls-Royce Spey 555-2,1973,18255.0,14002.0, TC-51, 11076,LADE,Passenger,-,San Carlos de Bariloche International Airport,BRC,SAZS,Argentina,Neuquén Airport,NQN,SAZN,Argentina,6,59,0,0,-,-,-
19890822-0,Tuesday,22-AUG-1989,-,A1, Unknown (UNK),near Puerto Ordaz,Venezuela,4,3, Damaged beyond repair,-,Canadair CL-215-1A10,2,Pratt & Whitney R-2800-83AM,1978,-,-, YV-O-INC-2, 1063,CVG,Training,-,Puerto Ordaz Airport,PZO,SVPR,Venezuela,Puerto Ordaz Airport,PZO,SVPR,Venezuela,4,0,3,0,-,-,-
19890823-0,Wednesday,23-AUG-1989,-,H2, En route (ENR),Algiers-Houari Boumediene Airport (ALG),Algeria,115,0, None,-,Airbus A300B4-203,2,General Electric CF6-50C2,1980,-,-, F-BVGO, 129,Air France,International Scheduled Passenger,-,Paris-Orly Airport,ORY,LFPO,France,Algiers-Houari Boumediene Airport,ALG,DAAG,Algeria,-,-,0,0,-,-,-
19890824-0,Thursday,24-AUG-1989,-,C1, Unknown (UNK),Kabul,Afghanistan,-,-, Damaged beyond repair,-,Antonov An-24,-,-,-,-,-, registration unknown,-,Unknown,Unknown,-,-,-,-,-,-,-,-,-,-,-,-,-,-,-,-
19890825-0,Friday,25-AUG-1989,-,A1, Takeoff (TOF),Ankara-Esenboga Airport (ESB),Turkey,165,0, Damaged beyond repair,-,Boeing 727-247,3,Pratt & Whitney JT8D-15,1969,-,-, TC-AJV, 20265/758,Torosair,Int'l Non Scheduled Passenger,-,Ankara-Esenboga Airport,ESB,LTAC,Turkey,Maastricht/Aachen Airport,MST,EHBK,Netherlands,8,157,0,0,-,-,-
19890825-1,Friday,25-AUG-1989,07:45,A1, En route (ENR),Himalaya Mountains,Pakistan,54,54, Missing, Presumed damaged beyond repair,Fokker F-27 Friendship 200,2,Rolls-Royce Dart 532-7E,1962,41685.0,44524.0, AP-BBF, 10207,PIA,Domestic Scheduled Passenger,PK404,Gilgit Airport,GIL,OPGT,Pakistan,Islamabad International Airport,ISB,OPRN,Pakistan,5,49,5,49,-,-,Preliminary - official
19890828-0,Monday,28-AUG-1989,-,A1, Unknown (UNK),near Labinsk,Russia,-,-, Damaged beyond repair,-,Let L-410UVP,-,-,1984,-,-, CCCP-67104, 841330,Aeroflot / North Kavkaz,Unknown,-,-,-,-,-,-,-,-,-,-,-,-,-,-,-,-
19890902-0,Saturday,02-SEP-1989,-,A1, Landing (LDG),Bishkek Airport (FRU),Kyrgyzstan,43,0, Damaged beyond repair,-,Yakovlev Yak-40,3,Ivchenko AI-25,1975,-,-, CCCP-87509, 9521140,Aeroflot / Kyrgyzstan,Domestic Scheduled Passenger,-,-,-,-,-,Frunze Airport,FRU,UAFM,Kyrgyzstan,3,40,0,0,-,-,-
19890903-0,Sunday,03-SEP-1989,20:45,A1, En route (ENR),"60 km (37.5 mls) from  São José do Xingu, MT",Brazil,54,13, Damaged beyond repair,-,Boeing 737-241,2,Pratt & Whitney JT8D-17A,1975,-,-, PP-VMK, 21006/398,Varig,Domestic Scheduled Passenger,RG254,Marabá Airport,MAB,SBMA,Brazil,Belém/Val-de-Cans International Airport,BEL,SBBE,Brazil,6,48,0,13,-,-,Final
19890903-1,Sunday,03-SEP-1989,18:57,A1, Initial climb (ICL),"0,7 km (0.4 mls) NE of Havana-José Martí International Airport (HAV)",Cuba,126,126, Destroyed, Written off (damaged beyond repair),Ilyushin Il-62M,4,Soloviev D-30KU,1988,254.0,1326.0, CU-T1281, 3850453,Cubana,Int'l Non Scheduled Passenger,CU9046,Havana-José Martí International Airport,HAV,MUHA,Cuba,Köln/Bonn Airport,CGN,EDDK,Germany,11,115,11,115,-,24,Final
19890903-2,Sunday,03-SEP-1989,-,O1, Standing (STD),Montería-Los Garzones Airport (MTR),Colombia,0,0, Damaged beyond repair,-,Fairchild C-123K Provider,-,-,-,-,-, N8168T, 20045,U.S. Department of State,Military,-,-,-,-,-,-,-,-,-,0,0,0,0,-,-,-
19890904-0,Monday,04-SEP-1989,16:54,A1, Landing (LDG),Taura AFB,Ecuador,99,0, Damaged beyond repair,-,Lockheed L-188C Electra,4,Allison 501-D13,1959,-,-, HC-AZJ, 2004,TAME Ecuador,Domestic Scheduled Passenger,-,Quito-Mariscal Sucre Airport,UIO,SEQU,Ecuador,Tulcán Airport,TUA,SETU,Ecuador,7,92,0,0,-,-,-
19890904-2,Monday,04-SEP-1989,17:21,A1, Maneuvering (MNV),Laval-Pradel,France,2,2, Destroyed, Written off (damaged beyond repair),Fokker F-27 Friendship 600,2,Rolls-Royce Dart 532-7R,1972,8886.0,8053.0, C-GSFS, 10473,Securité Civile,Fire fighting,-,Aubenas-Vals-Lanas Airport,OBS,LFHO,France,Aubenas-Vals-Lanas Airport,OBS,LFHO,France,2,0,2,0,-,-,-
19890907-0,Thursday,07-SEP-1989,18:05,A1, Landing (LDG),Port Harcourt Airport (PHC),Nigeria,92,0, Damaged beyond repair,-,BAC One-Eleven 320AZ,2,Rolls-Royce Spey 511-14,1968,-,42575.0, 5N-AOT, 133,Okada Air,Domestic Scheduled Passenger, 307,Lagos-Murtala Muhammed International Airport,LOS,DNMM,Nigeria,Port Harcourt Airport,PHC,DNPO,Nigeria,4,88,0,0,-,-,Final
19890908-0,Friday,08-SEP-1989,16:38,A1, En route (ENR),18 km (11.3 mls) N off  Hirtshals [Skagerrak],Denmark,55,55, Destroyed, Written off (damaged beyond repair),Convair CV-580,2,Allison 501-D13D,1953,15116.0,36943.0, LN-PAA,  56,Partnair,Int'l Non Scheduled Passenger, 394,Oslo-Fornebu Airport,FBU,ENFB,Norway,Hamburg-Fuhlsbüttel Airport,HAM,EDDH,Germany,5,50,5,50,-,-,Final
19890911-1,Monday,11-SEP-1989,-,A1, Approach (APR),W off Havana,Cuba,8,7, Damaged beyond repair,-,Antonov An-26,-,-,1976,-,-, 14-22, 3805,Cuban AF,Military,-,-,-,-,-,Havana-José Martí International Airport,HAV,MUHA,Cuba,8,0,7,0,-,-,-
19890913-0,Wednesday,13-SEP-1989,-,A1, Landing (LDG),Vodochody-Klecany Airport,Czech Republic,-,0, Damaged beyond repair,-,Let L-410M,2,Walter M-601A,1975,-,-, OK-FDC, 750408,Aero Vodochody,Unknown,-,-,-,-,-,-,-,-,-,-,-,0,0,-,-,-
19890915-0,Friday,15-SEP-1989,-,A1, Approach (APR),near Bintuni,Indonesia,22,22, Damaged beyond repair,-,de Havilland Canada DHC-6 Twin Otter 300,2,Pratt & Whitney Canada PT6A-27,1972,-,-, PK-NUE, 345,Merpati Nusantara,Domestic Scheduled Passenger,-,Manokwari-Rendani Airport,MKW,WASR,Indonesia,Bintuni Airport,NTI,WASB,Indonesia,3,19,3,19,-,-,-
19890915-1,Friday,15-SEP-1989,-,A1, Landing (LDG),Dzhalal-Abad,Kyrgyzstan,30,0, Damaged beyond repair,-,Yakovlev Yak-40,3,Ivchenko AI-25,1974,-,-, CCCP-87391, 9410333,Aeroflot / Kyrgyzstan,Domestic Scheduled Passenger,-,-,-,-,-,-,-,-,-,3,27,0,0,-,-,-
19890915-2,Friday,15-SEP-1989,21:10,A1, Approach (APR),"1,7 km (1.1 mls) NNE of Mayfield Graves County Airport, KY",United States of America,6,6, Destroyed, Written off (damaged beyond repair),Beechcraft 100 King Air,2,Pratt & Whitney Canada PT6A-28,-,-,9386.0, N887PE, B-49,Private,Executive,-,Orlando Executive Airport,ORL,KORL,United States of America,-,-,-,-,2,4,2,4,-,-,Final
19890916-0,Saturday,16-SEP-1989,08:55,A1, Approach (APR),"near Houston-William P. Hobby Airport, TX (HOU)",United States of America,3,0, Damaged beyond repair,-,Beechcraft 100 King Air,2,Pratt & Whitney Canada PT6A-28,1969,-,7351.0, N204AJ, B-10,Aviex Jet,Ferry/positioning,-,New Orleans-Lakefront Airport,NEW,KNEW,United States of America,Houston-William P. Hobby Airport,HOU,KHOU,United States of America,1,2,0,0,-,-,Final
19890918-0,Monday,18-SEP-1989,-,O1, Standing (STD),Vieques Airport (VQS),Puerto Rico,0,0, Damaged beyond repair,-,Britten-Norman BN-2A-26 Islander,2,Lycoming O-540-E4B5,1976,-,-, N112JC, 514,Vieques Air Link,-,-,-,-,-,-,-,-,-,-,0,0,0,0,-,-,-
19890918-1,Monday,18-SEP-1989,-,O1, Standing (STD),Vieques Airport (VQS),Puerto Rico,0,0, Damaged beyond repair,-,Britten-Norman BN-2A Islander,2,Lycoming O-540-E4B5,1969,-,-, N290VL, 62,Vieques Air Link,-,-,-,-,-,-,-,-,-,-,0,0,0,0,-,-,-
19890918-12,Monday,18-SEP-1989,-,O1, Standing (STD),San Juan-Luis Muñoz Marín International Airport (SJU),Puerto Rico,0,0, Damaged beyond repair,-,Douglas C-47A-35-DL (DC-3),2,Pratt & Whitney R-1830-92,1943,-,-, N4577Z, 9795,Aero Virgin Islands,-,-,-,-,-,-,-,-,-,-,0,0,0,0,-,-,-
19890918-13,Monday,18-SEP-1989,-,O1, Standing (STD),San Juan-Luis Muñoz Marín International Airport (SJU),Puerto Rico,0,0, Damaged beyond repair,-,Douglas C-49J,2,Wright R-1820-71,1942,-,-, N28346, 6259,Aero Virgin Islands,-,-,-,-,-,-,-,-,-,-,0,0,0,0,-,-,-
19890918-15,Monday,18-SEP-1989,-,O1, Standing (STD),"Christiansted Harbor SPB, Saint Croix (SSB)",U.S. Virgin Islands,0,0, Damaged beyond repair,-,Grumman G-73T Turbo Mallard,-,-,1947,-,-, N632SS, J-32,Virgin Islands Seaplane Shuttle,-,-,-,-,-,-,-,-,-,-,0,0,0,0,-,-,-
19890918-16,Monday,18-SEP-1989,-,O1, Standing (STD),"Christiansted Harbor SPB, Saint Croix (SSB)",U.S. Virgin Islands,0,0, Damaged beyond repair,-,Grumman G-73 Mallard,-,-,-,-,-, N655SS, J-55,Virgin Islands Seaplane Shuttle,-,-,-,-,-,-,-,-,-,-,0,0,0,0,-,-,-
19890918-17,Monday,18-SEP-1989,-,O1, Standing (STD),"Christiansted Harbor SPB, Saint Croix (SSB)",U.S. Virgin Islands,0,0, Substantial,-,Grumman G-73 Mallard,-,-,1947,-,-, N628SS, J-28,Virgin Islands Seaplane Shuttle,-,-,-,-,-,-,-,-,-,-,0,0,0,0,-,-,-
19890918-18,Monday,18-SEP-1989,-,O1, Standing (STD),St. Croix,U.S. Virgin Islands,0,0, Damaged beyond repair,-,Lockheed 18-56-23 Lodestar,-,-,1943,-,-, N1046, 18-2527,Eagle Wings Air Service,-,-,-,-,-,-,-,-,-,-,0,0,0,0,-,-,-
19890918-19,Monday,18-SEP-1989,-,O1, Standing (STD),Vieques Airport (VQS),Puerto Rico,0,0, Damaged beyond repair,-,Britten-Norman BN-2A-8 Islander,-,-,1977,-,-, N38MN, 563,Vieques Air Link,-,-,-,-,-,-,-,-,-,-,0,0,0,0,-,-,-
19890918-2,Monday,18-SEP-1989,-,O1, Standing (STD),Vieques Airport (VQS),Puerto Rico,0,0, Damaged beyond repair,-,Britten-Norman BN-2A Islander,2,Lycoming O-540-E4B5,1968,-,-, N457SA, 27,Vieques Air Link,-,-,-,-,-,-,-,-,-,-,0,0,0,0,-,-,-
19890918-20,Monday,18-SEP-1989,-,O1, Standing (STD),Vieques Airport (VQS),Puerto Rico,0,0, Damaged beyond repair,-,Britten-Norman BN-2A-8 Islander,-,-,1977,-,-, N39MN, 566,Vieques Air Link,-,-,-,-,-,-,-,-,-,-,0,0,0,0,-,-,-
19890918-21,Monday,18-SEP-1989,-,O1, Standing (STD),Vieques Airport (VQS),Puerto Rico,0,0, Damaged beyond repair,-,Britten-Norman BN-2A Islander,-,-,1971,-,-, N44DW, 189,Flamenco Airways,-,-,-,-,-,-,-,-,-,-,0,0,0,0,-,-,-
19890918-22,Monday,18-SEP-1989,-,O1, Standing (STD),Vieques Airport (VQS),Puerto Rico,0,0, Damaged beyond repair,-,Britten-Norman BN-2A-27 Islander,-,-,1975,-,-, N8491B, 479,Vieques Air Link,-,-,-,-,-,-,-,-,-,-,0,0,0,0,-,-,-
19890918-3,Monday,18-SEP-1989,-,O1, Standing (STD),Vieques Airport (VQS),Puerto Rico,0,0, Damaged beyond repair,-,Britten-Norman BN-2A-6 Islander,-,-,1970,-,-, N197BN, 197,Vieques Air Link,-,-,-,-,-,-,-,-,-,-,0,0,0,0,-,-,-
19890918-4,Monday,18-SEP-1989,-,O1, Standing (STD),Vieques Airport (VQS),Puerto Rico,0,0, Damaged beyond repair,-,Britten-Norman BN-2A Islander,-,-,1969,-,-, N588JA, 45,Vieques Air Link,-,-,-,-,-,-,-,-,-,-,0,0,0,0,-,-,-
19890918-5,Monday,18-SEP-1989,-,O1, Standing (STD),Vieques Airport (VQS),Puerto Rico,0,0, Damaged beyond repair,-,Britten-Norman BN-2A Islander,-,-,1969,-,-, N861JA, 103,Vieques Air Link,-,-,-,-,-,-,-,-,-,-,0,0,0,0,-,-,-
19890918-6,Monday,18-SEP-1989,-,O1, Standing (STD),Humacao Airport (HUC),Puerto Rico,0,0, Damaged beyond repair,-,Douglas DC-3A,-,-,1940,-,-, N1159S, 2237,Air Caribbean,-,-,-,-,-,-,-,-,-,-,0,0,0,0,-,-,-
19890918-7,Monday,18-SEP-1989,-,O1, Standing (STD),San Juan-Luis Muñoz Marín International Airport (SJU),Puerto Rico,0,0, Damaged beyond repair,-,Douglas DC-3-208,-,-,1937,-,-, N4425N, 1963,Aero Virgin Islands,-,-,-,-,-,-,-,-,-,-,0,0,0,0,-,-,-
19890918-9,Monday,18-SEP-1989,-,O1, Standing (STD),San Juan-Luis Muñoz Marín International Airport (SJU),Puerto Rico,0,0, Damaged beyond repair,-,Martin 4-0-4,-,-,1952,-,-, N40425, 14131,Aero Virgin Islands,-,-,-,-,-,-,-,-,-,-,0,0,0,0,-,-,-
19890919-0,Tuesday,19-SEP-1989,-,H2, En route (ENR),Las Palmas-Airport de Gran Canaria (LPA),Spain,8,0, None,-,ATR 42-300,-,-,-,-,-, registration unknown,-,RAM,Domestic Scheduled Passenger,-,El Aaiun Airport,EUN,GMML,Western Sahara,Smara Airport,SMW,GMMA,Morocco,-,-,0,0,-,-,-
19890919-1,Tuesday,19-SEP-1989,13:59,C1, En route (ENR),Ténéré desert,Niger,170,170, Destroyed, Written off (damaged beyond repair),McDonnell Douglas DC-10-30,3,General Electric CF6-50C2R,1973,14777.0,60276.0, N54629, 46852/125,UTA,International Scheduled Passenger,UT772,N'Djamena Airport,NDJ,FTTJ,Chad,Paris-Charles de Gaulle Airport,CDG,LFPG,France,14,156,14,156,-,-,Final
19890920-0,Wednesday,20-SEP-1989,23:21,A1, Takeoff (TOF),"New York-La Guardia Airport, NY (LGA)",United States of America,63,2, Destroyed, Written off (damaged beyond repair),Boeing 737-401,2,CFMI CFM56-3B2,1988,1730.0,2235.0, N416US, 23884/1643,USAir,Domestic Scheduled Passenger,US5050,New York-La Guardia Airport,LGA,KLGA,United States of America,Charlotte-Douglas Airport,CLT,KCLT,United States of America,6,57,0,2,-,-,Final
19890920-1,Wednesday,20-SEP-1989,15:00,A1, Standing (STD),"Fairbanks-Eielson AFB, AK (EIL)",United States of America,7,2, Damaged beyond repair,-,Boeing KC-135E Stratotanker,4,Pratt & Whitney TF33-PW-102,1958,-,-, 57-1481, 17552/161,USAF,Military,-,Fairbanks-Eielson AFB,EIL,PAEI,United States of America,Fairbanks-Eielson AFB,EIL,PAEI,United States of America,7,0,2,0,-,-,-
19890920-2,Wednesday,20-SEP-1989,12:05,A1, Initial climb (ICL),"Trelew-Almirante Zar NAS, CB (REL)",Argentina,23,0, Destroyed, Written off (damaged beyond repair),Lockheed L-188PF Electra,-,-,1960,-,-, 6-P-101, 1123,Argentine Navy,Military,-,Trelew-Almirante Zar NAS,REL,SAVT,Argentina,Trelew-Almirante Zar NAS,REL,SAVT,Argentina,-,-,0,0,-,-,-
19890920-3,Wednesday,20-SEP-1989,-,O1, Standing (STD),unknown,Unknown country,0,0, Damaged beyond repair,-,Britten-Norman BN-2A Islander,-,-,1974,-,-, N95CA, 357,private,-,-,-,-,-,-,-,-,-,-,0,0,0,0,-,-,-
19890920-4,Wednesday,20-SEP-1989,-,O1, Standing (STD),unknown,Unknown country,0,0, Damaged beyond repair,-,Britten-Norman BN-2A Islander,-,-,1971,-,-, N119DW, 243,private,-,-,-,-,-,-,-,-,-,-,0,0,0,0,-,-,-
19890922-0,Friday,22-SEP-1989,19:50,A1, Standing (STD),Toulon-Hyères Airport (TLN),France,40,0, Damaged beyond repair,-,Fairchild F-27A,-,-,1960,-,-, F-GFHZ,  79,Air Corse,Domestic Scheduled Passenger,-,Toulon-Hyères Airport,TLN,LFTH,France,Bastia Airport,BIA,LFKB,France,3,37,0,0,-,-,-
19890923-0,Saturday,23-SEP-1989,19:53,A1, En route (ENR),"9,5 km (5.9 mls) SE of Indapur",India,11,11, Destroyed, Written off (damaged beyond repair),Dornier 228-201,2,Garrett TPE331-5-252D,1985,-,-, VT-EJF, 8052,Vayudoot,Domestic Scheduled Passenger,PF624,Pune-Lohegaon Airport,PNQ,VAPO,India,Hyderabad-Begumpet Airport,HYD,VOHY,India,3,8,3,8,-,-,Final
19890923-2,Saturday,23-SEP-1989,10:59,A1, Approach (APR),"Rio Alta Parana, MI",Argentina,7,2, Damaged beyond repair,-,Learjet 25D,-,-,-,-,-, LV-MMV, 25-259,Misiones State Government,Executive,-,Buenos Aires-Jorge Newbery Airport,AEP,SABE,Argentina,Posadas Airport,PSS,SARP,Argentina,2,5,0,2,-,-,Final
19890926-0,Tuesday,26-SEP-1989,08:28,A1, Approach (APR),"Terrace Airport, BC (YXT)",Canada,7,7, Destroyed, Written off (damaged beyond repair),Swearingen SA227-AC Metro III,2,Garrett TPE331-11U-611G,1981,-,11177.0, C-GSLB, AC-481,Skylink Airlines,Domestic Scheduled Passenger, 070,Vancouver International Airport,YVR,CYVR,Canada,Terrace Airport,YXT,CYXT,Canada,2,5,2,5,-,-,Final
19890927-0,Wednesday,27-SEP-1989,09:53,A1, Landing (LDG),"Grand Canyon-National Park Airport, AZ (GCN)",United States of America,21,10, Destroyed, Written off (damaged beyond repair),de Havilland Canada DHC-6 Vista Liner 300,2,Pratt & Whitney Canada PT6A-27,1974,-,11180.0, N75GC, 439,Grand Canyon Airlines,Domestic Non Scheduled Passenger,   5,Grand Canyon-National Park Airport,GCN,KGCN,United States of America,Grand Canyon-National Park Airport,GCN,KGCN,United States of America,2,19,2,8,-,-,Final
19890928-0,Thursday,28-SEP-1989,20:08,A1, En route (ENR),"15 km (9.4 mls) from  Semenivka, Chernihiv Region",Ukraine,9,9, Damaged beyond repair,-,Antonov An-32,2,Ivchenko AI-20,1988,209.0,381.0, CCCP-48095, 1705,MAP Moscow,Cargo,-,-,-,-,-,Moskva-Domodedovo Airport,DME,UUDD,Russia,5,4,5,4,-,-,-
19891002-0,Monday,02-OCT-1989,-,A1, Landing (LDG),Lagos/Ikeja International Airport (LOS),Nigeria,135,0, Damaged beyond repair,-,Boeing 737-2F9,2,Pratt & Whitney JT8D-15,1982,-,-, 5N-ANX, 22772/884,Nigeria Airways,Scheduled Passenger,-,-,-,-,-,Lagos/Ikeja International Airport,LOS,DNMM,Nigeria,6,129,0,0,-,-,-
19891002-1,Monday,02-OCT-1989,22:07,A1, Approach (APR),"4 km (2.5 mls) SW of Roxboro/Person County Airport, NC (TDF)",United States of America,2,2, Destroyed, Written off (damaged beyond repair),Cessna 550 Citation II,2,Pratt & Whitney Canada JT15D-4,-,-,5111.0, N53CC, 550-0400,GTE South,Executive,-,Tampa International Airport,TPA,KTPA,United States of America,-,-,-,-,2,0,2,0,-,-,Final
19891002-2,Monday,02-OCT-1989,13:00,A1, Landing (LDG),"Sedona Airport, AZ (SDX)",United States of America,1,0, Damaged beyond repair,-,Cessna 501 Citation I/SP,2,Pratt & Whitney Canada JT15D-1A,-,-,-, N617CC, 501-0211,Owners Jet Services,Unknown,-,Phoenix-Scottsdale Municipal Airport,SCF,KSDL,United States of America,Sedona Airport,SDX,KSEZ,United States of America,1,0,0,0,-,-,Final
19891002-3,Monday,02-OCT-1989,-,A1, En route (ENR),near Yar-Sale,Russia,-,0, Damaged beyond repair,-,Antonov An-2T,-,-,-,-,-, CCCP-33078, 114047306,Aeroflot / Tyumen,Unknown,-,-,-,-,-,-,-,-,-,-,-,0,0,-,-,-
19891004-0,Wednesday,04-OCT-1989,-,A1, Landing (LDG),Stepnogorsk Airport,Kazakhstan,52,0, Damaged beyond repair,-,Antonov An-24RV,2,Ivchenko AI-24VT,1974,22767.0,27444.0, CCCP-46525, 47310004,Aeroflot / Kazakstan,Domestic Scheduled Passenger,-,Tselinograd Airport,TSE,UACC,Kazakhstan,-,-,-,-,4,48,0,0,-,-,-
19891004-1,Wednesday,04-OCT-1989,06:00,A1, En route (ENR),"near Carlingford, NB",Canada,4,4, Destroyed, Written off (damaged beyond repair),Boeing KC-135A Stratotanker,4,Pratt & Whitney J57-P,1957,-,-, 56-3592, 17341/31,USAF,Military,-,-,-,-,-,-,-,-,-,4,0,4,0,-,-,-
19891006-0,Friday,06-OCT-1989,22:05,A1, Initial climb (ICL),"Uncertain, TX",United States of America,5,5, Destroyed, Written off (damaged beyond repair),Cessna 208 Caravan I,1,Pratt & Whitney Canada PT6A-114,1987,-,980.0, N208W, 20800115,Westchester Air,Private,-,-,-,-,-,Destin Airport,DSI,KDTS,United States of America,2,3,2,3,-,-,Final
19891006-1,Friday,06-OCT-1989,-,H2, En route (ENR),U-Tapao (UTP),Thailand,85,0, None,-,Fokker F-28 Fellowship,-,-,-,-,-, registration unknown,-,Myanma Airways,Domestic Scheduled Passenger,-,Myeik Airport,MGZ,VYME,Myanmar,Yangon-Mingaladon Airport,RGN,VYYY,Myanmar,-,-,0,0,-,-,-
19891006-2,Friday,06-OCT-1989,-,A1, Unknown (UNK),"Las Perdices, CD",Argentina,2,2, Damaged beyond repair,-,Morane Saulnier MS.760A Paris IA,-,-,1960,-,-, E-211, 21,Argentine AF,Military,-,-,-,-,-,-,-,-,-,2,0,2,0,-,-,-
19891008-0,Sunday,08-OCT-1989,-,A1, Takeoff (TOF),Sasstown Airport (SAZ),Liberia,3,3, Damaged beyond repair,-,IAI Arava 101B,-,-,1983,-,-, EL-AJH, 078,Air Liberia,Unknown,-,-,-,-,-,-,-,-,-,3,0,3,0,-,-,-
19891012-0,Thursday,12-OCT-1989,-,A1, Standing (STD),Kirovabad,Azerbaijan,7,4, Damaged beyond repair,-,Antonov An-12BP,-,-,-,-,-, CCCP-11229, 4342006,Soviet AF,Military,-,-,-,-,-,-,-,-,-,7,0,4,0,1,2,-
19891014-1,Saturday,14-OCT-1989,-,A1, Unknown (UNK),near Dhahran,Saudi Arabia,5,5, Damaged beyond repair,-,British Aerospace 3102 Jetstream 31,-,-,1986,-,-, 2102, 696,Saudi AF,Military,-,-,-,-,-,-,-,-,-,5,0,5,0,-,-,-
19891014-2,Saturday,14-OCT-1989,14:19,A1, Standing (STD),"Salt Lake City International Airport, UT (SLC)",United States of America,19,0, Destroyed, Written off (damaged beyond repair),Boeing 727-232,3,Pratt & Whitney JT8D-15A,1979,-,30173.0, N530DA, 21813/1552,Delta Air Lines,International Scheduled Passenger,-,Salt Lake City International Airport,SLC,KSLC,United States of America,Edmonton International Airport,YEG,CYEG,Canada,7,12,0,0,-,-,Final
19891018-0,Wednesday,18-OCT-1989,-,A1, En route (ENR),"1,5 km (0.9 mls) off  Sumqayit",Azerbaijan,57,57, Damaged beyond repair,-,Ilyushin Il-76MD,-,-,1983,-,-, CCCP-76569, 0033448421,Soviet AF,Military,-,-,-,-,-,-,-,-,-,7,50,7,50,-,-,-
19891020-0,Friday,20-OCT-1989,02:32,A1, Approach (APR),near Leninakan Airport (LWN),Armenia,15,15, Damaged beyond repair,-,Ilyushin Il-76TD,-,-,1982,2193.0,2053.0, CCCP-76466, 0023440153,Aeroflot,Cargo,-,Ulyanovsk/Baratayevka Airport,ULV,UWLL,Russia,Leninakan Airport,LWN,UDSG,Armenia,10,5,10,5,-,-,-
19891020-1,Friday,20-OCT-1989,-,C1, En route (ENR),Hatay,Turkey,5,5, Damaged beyond repair,-,Britten-Norman BN-2A-3 Islander,-,-,1971,-,-, TC-KUN, 272,Tapu Kadastro Genel Müdürlügü,"Aerial Work (Calibration, Photo)",-,Adana Airport,ADA,LTAF,Turkey,Adana Airport,ADA,LTAF,Turkey,-,-,-,-,-,-,-
19891021-0,Saturday,21-OCT-1989,07:53,A1, Approach (APR),9 km (5.6 mls) S of Tegucigalpa-Toncontin Airport (TGU),Honduras,146,131, Destroyed, Written off (damaged beyond repair),Boeing 727-224,3,Pratt & Whitney JT8D-9A,1968,-,-, N88705, 19514/597,Continental Air Lines,International Scheduled Passenger, 414,Managua-Augusto C Sandino Airport,MGA,MNMG,Nicaragua,Tegucigalpa-Toncontin Airport,TGU,MHTG,Honduras,8,138,4,127,-,-,Preliminary - official
19891026-0,Thursday,26-OCT-1989,18:55,A1, En route (ENR),"5,5 km (3.4 mls) N of Hualien Airport (HUN)",Taiwan,54,54, Damaged beyond repair,-,Boeing 737-209,2,Pratt & Whitney JT8D-9A,1986,-,-, B-180, 23795/1319,China Airlines,Domestic Scheduled Passenger, 204,Hualien Airport,HUN,RCYU,Taiwan,Taipei-Chiang Kai Shek International Airport,TPE,RCTP,Taiwan,7,47,7,47,-,-,-
19891026-1,Thursday,26-OCT-1989,11:26,A1, Landing (LDG),"Kangiqsujuaq Airport, QC (YWB)",Canada,13,0, Damaged beyond repair,-,de Havilland Canada DHC-6 Twin Otter 300,2,Pratt & Whitney Canada PT6A-27,1978,-,-, C-GBJE, 566,Air Inuit,Domestic Scheduled Passenger,-,Quaqtaq Airport,YQC,CUHA,Canada,Kangiqsujuaq Airport,YWB,CYKG,Canada,2,11,0,0,-,-,Preliminary - official
19891026-2,Thursday,26-OCT-1989,-,A1, Landing (LDG),Saltillo Airport (SLW),Mexico,7,0, Damaged beyond repair,-,Rockwell Sabreliner 75A,2,General Electric CF700,-,-,-, XC-UJC, 380-67,Mexican AF,Military,-,-,-,-,-,Saltillo Airport,SLW,MMIO,Mexico,3,4,0,0,-,-,-
19891026-3,Thursday,26-OCT-1989,-,A1, Approach (APR),35 km (21.9 mls) N of Petropavlovsk-Kamchatsky Airport (PKC),Russia,37,37, Damaged beyond repair,-,Antonov An-26,-,-,-,-,-, 09,-,Soviet AF,Military,-,-,-,-,-,Petropavlovsk-Kamchatsky Airport,PKC,UHPP,Russia,6,31,6,31,-,-,-
19891028-0,Saturday,28-OCT-1989,18:37,A1, Approach (APR),"near Hoolehua-Molokai Airport, HI (MKK)",United States of America,20,20, Destroyed, Written off (damaged beyond repair),de Havilland Canada DHC-6 Twin Otter 300,2,Pratt & Whitney Canada PT6A-27,1973,30139.0,19875.0, N707PV, 400,Aloha IslandAir,Domestic Scheduled Passenger,1712,Kahului Airport,OGG,PHOG,United States of America,Molokai/Kaunakakai Airport,MKK,PHMK,United States of America,2,18,2,18,-,-,Final
19891101-1,Wednesday,01-NOV-1989,-,A1, En route (ENR),off Mariehamn,Finland,2,0, Damaged beyond repair,-,Shorts SC.7 Skyvan 3-200,2,Garrett TPE331-2-201A,1967,-,-, OH-SBB, SH.1838,RV Aviation,Cargo,-,Helsinki-Malmi Airport,HEM,EFHF,Finland,-,-,-,-,2,0,0,0,-,-,-
19891105-0,Sunday,05-NOV-1989,23:44,A1, En route (ENR),"near Roncesvalles, Tolima",Colombia,6,6, Damaged beyond repair,-,Handley Page HPR-7 Herald 401,2,Rolls-Royce Dart 532-9,1964,-,-, HK-2702, 180,Aerosucre Colombia,Cargo,-,Bogotá-Eldorado Airport,BOG,SKBO,Colombia,Cali Airport,CLO,SKCL,Colombia,3,3,3,3,-,-,-
19891105-1,Sunday,05-NOV-1989,00:02,A1, Approach (APR),"ca 15 km W of Belo Horizonte-Pampulha Airport, MG (PLU)",Brazil,4,4, Destroyed, Written off (damaged beyond repair),Learjet 25C,-,-,-,-,-, PT-ISN, 25-113,Gonair Táxi Aéreo,Executive,-,Rio de Janeiro-Santos Dumont Airport,SDU,SBRJ,Brazil,Belo Horizonte-Pampulha Airport,PLU,SBBH,Brazil,2,2,2,2,-,-,-
19891108-0,Wednesday,08-NOV-1989,-,A1, Unknown (UNK),"El Gorah, Sinai",Egypt,-,0, Damaged beyond repair,-,de Havilland Canada DHC-6 Twin Otter 300,-,-,-,-,-, 786/F-RAVV, 786,French AF,Military,-,-,-,-,-,-,-,-,-,-,-,0,0,-,-,-
19891109-0,Thursday,09-NOV-1989,-,A1, Unknown (UNK),near Monrovia,Liberia,10,2, Damaged beyond repair,-,IRMA/Britten-Norman BN-2A-26 Islander,-,-,1975,-,-, 9L-LAV, 767,Weasua Air Transport,Passenger,-,-,-,-,-,-,-,-,-,1,9,1,1,-,-,-
19891110-0,Friday,10-NOV-1989,-,A1, En route (ENR),Maluti Mountains,Lesotho,15,15, Damaged beyond repair,-,CASA C-212-M Aviocar 300,2,Honeywell TPE331-10R-513C,1989,-,-, LDF-46, 389,Lesotho AF,Military,-,Qacha's Nek Airport,UNE,FXQN,Lesotho,-,-,-,-,3,12,3,12,-,-,-
19891114-0,Tuesday,14-NOV-1989,23:02,A1, Approach (APR),35 km (21.9 mls) ESE of Bardufoss Airport (BDU),Norway,4,4, Destroyed, Written off (damaged beyond repair),Cessna 551 Citation II/SP,-,-,1980,3389.0,3417.0, LN-AAE, 551-0245,Air Express,Ambulance,   5,Tromsø/Langnes Airport,TOS,ENTC,Norway,Bardufoss Airport,BDU,ENDU,Norway,3,1,3,1,-,-,Final
19891114-1,Tuesday,14-NOV-1989,-,A1, Unknown (UNK),Sânmartin,Romania,-,-, Damaged beyond repair,-,Antonov An-2R,-,-,-,-,-, YR-PMG, 1G227-17,Aviatia Utilitara,Unknown,-,-,-,-,-,-,-,-,-,-,-,-,-,-,-,-
19891115-0,Wednesday,15-NOV-1989,-,A1, Unknown (UNK),off Barualite,Philippines,5,0, Damaged beyond repair,-,Douglas DC-3C,-,-,1944,-,-, RP-C14, 26088/14643,Victoria Air,Domestic Scheduled Passenger,-,-,-,-,-,-,-,-,-,2,3,0,0,-,-,-
19891121-0,Tuesday,21-NOV-1989,17:28,A1, Approach (APR),"0,7 km (0.4 mls) SE of Sovetsky Airport (OVS)",Russia,40,32, Destroyed, Written off (damaged beyond repair),Antonov An-24B,-,-,1969,31763.0,36861.0, CCCP-46335, 97305602,Aeroflot / Uralsk,Domestic Scheduled Passenger,-,Perm Airport,PEE,USPP,Russia,Sovetsky Airport,OVS,USHS,Russia,5,35,5,27,-,-,-
19891122-0,Wednesday,22-NOV-1989,-,A1, Landing (LDG),N'Djamena Airport (NDJ),Chad,-,0, Substantial, Written off (damaged beyond repair),Douglas C-54A-10-DC Skymaster,-,-,1944,-,-, TT-EAF, 10307,Air Chad,Unknown,-,-,-,-,-,N'Djamena Airport,NDJ,FTTJ,Chad,-,-,0,0,-,-,-
19891122-1,Wednesday,22-NOV-1989,20:35,A2, Landing (LDG),"Kidston Airport, QLD",Australia,2,0, Substantial, Repaired,Embraer EMB-110P1 Bandeirante,-,-,1980,-,-, VH-FCK, 110253,Sunbird Airlines,Cargo,-,Mount Isa Airport,ISA,YBMA,Australia,-,-,-,-,2,0,0,0,-,-,Final
19891124-0,Friday,24-NOV-1989,07:13,A1, En route (ENR),"7,6 km (4.8 mls) NW of Dzhambul Airport (DMB)",Kazakhstan,12,1, Damaged beyond repair,-,Antonov An-2,-,-,1962,39499.0,19637.0, CCCP-44953, 1G25-26,Aeroflot / Kazakstan,Domestic Scheduled Passenger,587,Dzhambul Airport,DMB,UADD,Kazakhstan,Zhezhazgan Airport,DZN,UAKD,Kazakhstan,2,10,1,0,-,-,-
19891125-0,Saturday,25-NOV-1989,07:48,A1, Takeoff (TOF),Seoul-Kimpo International Airport (SEL),South Korea,48,0, Damaged beyond repair,-,Fokker F-28 Fellowship 4000,2,Rolls-Royce Spey 555-15P,1985,18495.0,8751.0, HL7285, 11221,Korean Air,Domestic Scheduled Passenger,-,Seoul-Gimpo (Kimpo) International Airport,SEL,RKSS,South Korea,Ulsan Airport,USN,RKPU,South Korea,6,42,0,0,-,-,-
19891125-1,Saturday,25-NOV-1989,-,U1, Unknown (UNK),at an unknown location,Belize,-,-, Damaged beyond repair,-,Britten-Norman BN-2A-26 Islander,2,Lycoming O-540-E4C5,1977,-,-, V3-HCT, 571,Maya Airways,Unknown,-,-,-,-,-,-,-,-,-,-,-,-,-,-,-,-
19891127-0,Monday,27-NOV-1989,07:16,C1, En route (ENR),16 km (10 mls) SW of Bogotá-Eldorado Airport (BOG),Colombia,107,107, Destroyed, Written off (damaged beyond repair),Boeing 727-21,3,Pratt & Whitney JT8D-7,1966,-,-, HK-1803, 19035/272,Avianca,Domestic Scheduled Passenger,AV203,Bogotá-Eldorado Airport,BOG,SKBO,Colombia,Cali-Alfonso Bonilla Aragón Airport,CLO,SKCL,Colombia,6,101,6,101,-,-,-
19891127-1,Monday,27-NOV-1989,-,A1, Approach (APR),near Jamba Airport (JMB),Angola,5,5, Damaged beyond repair,-,Lockheed L-100-20 Hercules,4,Allison 501-D22A,1966,-,-, N9205T, 4129,Tepper Aviation Inc,Cargo,-,Kamina Airport,KMN,FZSA,Democratic Republic of the Congo,-,-,-,-,5,0,5,0,-,-,-
19891127-2,Monday,27-NOV-1989,-,A1, Unknown (UNK),Borów,Poland,-,-, Damaged beyond repair,-,Antonov An-2R,-,-,-,-,-, SP-WWO, 1G177-05,ZUA,Unknown,-,-,-,-,-,-,-,-,-,-,-,-,-,-,-,-
19891128-0,Tuesday,28-NOV-1989,-,O1, Standing (STD),Belfast City Airport (BHD),United Kingdom,0,0, Damaged beyond repair,-,Shorts 360-100,-,-,1981,-,-, G-ROOM, SH.3600,Short Brothers,-,-,-,-,-,-,-,-,-,-,0,0,0,0,-,-,-
19891128-1,Tuesday,28-NOV-1989,18:25,A1, En route (ENR),"6,5 km (4.1 mls) NW off  Block Island, RI",United States of America,8,8, Destroyed, Written off (damaged beyond repair),Britten-Norman BN-2 Islander,2,Lycoming O-540-E4C5,1969,-,-, N127JL, 69,New England Airlines,Domestic Non Scheduled Passenger,-,Block Island Airport,BID,KBID,United States of America,Westerly State Airport,WST,KWST,United States of America,1,7,1,7,-,-,Final
19891129-0,Wednesday,29-NOV-1989,19:10,A2, Landing (LDG),"Edmonton International Airport, AB (YEG)",Canada,2,0, Substantial, Repaired,Swearingen SA226-TC Metro II,-,-,1980,-,-, C-FBWY, TC-390,Brooker Wheaton Aviation,Training,-,Edmonton International Airport,YEG,CYEG,Canada,Edmonton International Airport,YEG,CYEG,Canada,2,0,0,0,-,-,-
19891130-0,Thursday,30-NOV-1989,-,O2, Standing (STD),Marseille-Provence Airport (MRS),France,0,0, Substantial, Repaired,Lockheed C-130H Hercules,-,-,1977,-,-, TJX-AC, 4747,Cameroon AF,Military,-,-,-,-,-,-,-,-,-,0,0,0,0,-,-,-
19891199-0,-,XX-NOV-1989,-,A1, En route (ENR),near Toluca,Mexico,-,0, Damaged beyond repair,-,Convair CV-440-38,-,-,-,-,-, XA-NAU, 411,Correos de México,Unknown,-,-,-,-,-,-,-,-,-,-,-,0,0,-,-,-
19891201-0,Friday,01-DEC-1989,09:30,A1, Approach (APR),"Patuxent River Naval Air Station, MD (NHK)",United States of America,5,5, Damaged beyond repair,-,CASA C-212 Aviocar 200,-,-,1983,-,-, N296CA, 296,US Army,Military,-,Fort Belvoir-Davison AAF,DAA,KDAA,United States of America,Patuxent River NAS,NHK,KNHK,United States of America,5,0,5,0,-,-,-
19891202-0,Saturday,02-DEC-1989,-,A1, Unknown (UNK),off George Town,Bahamas,-,0, Damaged beyond repair,-,Douglas DC-6A/B,-,-,1953,-,-, N371, 44057/354,Gomes & Warra Aircraft,Unknown,-,-,-,-,-,-,-,-,-,-,-,0,0,-,-,-
19891205-0,Tuesday,05-DEC-1989,-,A2, Landing (LDG),Lille-Lesquin Airport (LIL),France,142,0, Minor, Repaired,Airbus A320-211,2,CFMI CFM56-5A1,1989,-,-, F-GHQB, 036,Air Inter,Domestic Scheduled Passenger,-,Paris-Orly Airport,ORY,LFPO,France,Lille-Lesquin Airport,LIL,LFQQ,France,6,136,0,0,-,-,Preliminary
19891206-1,Wednesday,06-DEC-1989,-,A1, En route (ENR),E of Tepic,Mexico,5,5, Damaged beyond repair,-,Douglas C-47 (DC-3),-,-,-,-,-, 60..,-,Mexican AF,Military,-,-,-,-,-,-,-,-,-,-,-,-,-,-,-,-
19891215-1,Friday,15-DEC-1989,11:48,A2, En route (ENR),"near Anchorage, AK",United States of America,245,0, Substantial, Repaired,Boeing 747-406,4,General Electric CF6-80C2B1F,1989,-,7050.0, PH-BFC, 23982/735,KLM,International Scheduled Passenger,KL867,Amsterdam-Schiphol International Airport,AMS,EHAM,Netherlands,Anchorage International Airport,ANC,PANC,United States of America,14,231,0,0,-,-,Final
19891216-0,Saturday,16-DEC-1989,-,H2, En route (ENR),Fukuoka Airport (FUK),Japan,223,0, None,-,Boeing 747,-,-,-,-,-, registration unknown,-,Air China,International Scheduled Passenger,CA981,Shanghai-Hongqiao Airport,SHA,ZSSS,China,San Francisco International Airport,SFO,KSFO,United States of America,-,-,0,0,-,-,-
19891221-0,Thursday,21-DEC-1989,-,O1, Standing (STD),Panama City-Paitilla Airport (PAC),Panama,0,0, Damaged beyond repair,-,Learjet 35A,2,Garrett TFE731-2-2B,1980,-,-, N930GL, 35A-330,Panamanian Government,-,-,-,-,-,-,-,-,-,-,0,0,0,0,-,-,-
19891221-1,Thursday,21-DEC-1989,-,A1, Initial climb (ICL),Guayaramerin Airport (GYA),Bolivia,27,22, Damaged beyond repair,-,Lockheed C-130A Hercules,-,-,1958,-,-, TAM62, 3187,Bolivian AF,Military,-,Guayaramerín Airport,GYA,SLGY,Bolivia,Santa Cruz-El Trompillo Airport,SRZ,SLET,Bolivia,-,-,-,-,-,-,-
19891221-2,Thursday,21-DEC-1989,09:05,C1, Initial climb (ICL),near Aweil,South Sudan,4,4, Damaged beyond repair,-,IRMA/Britten-Norman BN-2A-9 Islander,-,-,1973,-,-, F-OGSM, 688,Aviation Sans Frontières,Ambulance,-,-,-,-,-,Khartoum-Civil Airport,KRT,HSSS,Sudan,1,3,1,3,-,-,-
19891221-3,Thursday,21-DEC-1989,22:34,A2, Landing (LDG),"Santa Ana-Orange County Airport, CA (SNA)",United States of America,111,0, Substantial, Repaired,Boeing 757-223,2,Rolls-Royce RB211-535E4B,1989,-,-, N611AM, 24487/236,American Airlines,Domestic Scheduled Passenger,-,Dallas/Fort Worth International Airport,DFW,KDFW,United States of America,Santa Ana-Orange County Airport,SNA,KSNA,United States of America,7,104,0,0,-,-,Final
19891226-0,Tuesday,26-DEC-1989,22:30,A1, Approach (APR),"Pasco-Tri-Cities Airport, WA (PSC)",United States of America,6,6, Destroyed, Written off (damaged beyond repair),British Aerospace 3101 Jetstream 31,2,Garrett TPE331-10UG-514H,1987,7168.0,4972.0, N410UE, 776,United Express,Domestic Scheduled Passenger,2415,Yakima Air Terminal,YKM,KYKM,United States of America,Pasco-Tri-Cities Airport,PSC,KPSC,United States of America,2,4,2,4,-,-,Final
19891228-2,Thursday,28-DEC-1989,-,C1, En route (ENR),near Visina,Romania,7,7, Damaged beyond repair,-,Antonov An-24RV,2,Ivchenko AI-24,1977,-,-, YR-BMJ, 77310801,Tarom,Cargo,-,Bucharest-Otopeni International Airport,OTP,LROP,Romania,Beograd Airport,BEG,LYBE,Serbia,6,1,6,1,-,-,-
19891230-0,Saturday,30-DEC-1989,19:10,A1, Landing (LDG),"Tucson International Airport, AZ (TUS)",United States of America,130,0, Substantial, Written off (damaged beyond repair),Boeing 737-204,2,Pratt & Whitney JT8D-9A,1968,38827.0,62466.0, N198AW, 19710/54,America West,Domestic Scheduled Passenger,-,Phoenix-Sky Harbor International Airport,PHX,KPHX,United States of America,Tucson International Airport,TUS,KTUS,United States of America,5,125,0,0,-,-,Final
19891230-1,Saturday,30-DEC-1989,16:00,A1, Landing (LDG),Man Airport (MJC),Cote d'Ivoire,70,0, Damaged beyond repair,-,Fokker F-28 Fellowship 4000,2,Rolls-Royce Spey 555-15H,1977,18807.0,14125.0, TU-TIK, 11121,Air Ivoire,Scheduled Passenger,-,-,-,-,-,Man Airport,MJC,DIMN,Cote d'Ivoire,4,66,0,0,-,-,-
19891231-0,Sunday,31-DEC-1989,-,H2, En route (ENR),Jeddah-King Abdulaziz International Airport (JED),Saudi Arabia,-,0, None,-,Boeing 747,-,-,-,-,-, registration unknown,-,Saudi Arabian,Domestic Scheduled Passenger,-,Jeddah-King Abdulaziz International Airport,JED,OEJN,Saudi Arabia,Riyadh-King Khalid International Airport,RUH,OERK,Saudi Arabia,-,-,0,0,-,-,-
19891299-1,-,xx-DEC-1989,-,O1, Standing (STD),Jeddah-Prince Abdullah Air Base (JED),Saudi Arabia,-,-, Damaged beyond repair,-,Lockheed C-130H Hercules,-,-,1974,-,-, 460, 4566,Saudi AF,Military,-,-,-,-,-,-,-,-,-,-,-,-,-,-,-,-
19891299-2,-,xx-DEC-1989,-,A1, Standing (STD),at an unknown location,Panama,-,-, Damaged beyond repair,-,Britten-Norman BN-2A-6 Islander,-,-,1970,-,-, HP-572OL, 226,Aerolineas Colon,-,-,-,-,-,-,-,-,-,-,-,-,-,-,-,-,-
19891299-3,-,xx-DEC-1989,-,A1, Standing (STD),at an unknown location,Panama,-,-, Damaged beyond repair,-,Britten-Norman BN-2A Islander,-,-,1969,-,-, HP-658, 106,Turismo Aéreo,-,-,-,-,-,-,-,-,-,-,-,-,-,-,-,-,-
19891299-4,-,xx-DEC-1989,-,A1, Standing (STD),at an unknown location,Panama,-,-, Damaged beyond repair,-,Britten-Norman BN-2A-6 Islander,-,-,1970,-,-, HP-676, 186,Turismo Aéreo,Unknown,-,-,-,-,-,-,-,-,-,-,-,-,-,-,-,-
19891299-6,-,xx-DEC-1989,-,A1, Standing (STD),at an unknown location,Panama,-,-, Damaged beyond repair,-,IRMA/Britten-Norman BN-2A-7 Islander,-,-,1971,-,-, HP-1002, 629,Aerolineas Nacionales,-,-,-,-,-,-,-,-,-,-,-,-,-,-,-,-,-
19891299-7,-,xx-DEC-1989,-,A1, Standing (STD),at an unknown location,Panama,-,-, Damaged beyond repair,-,IRMA/Britten-Norman BN-2A-27 Islander,-,-,1975,-,-, HP-1133IT, 750,Istmeña de Aviación,-,-,-,-,-,-,-,-,-,-,-,-,-,-,-,-,-
19891299-8,-,xx-DEC-1989,-,O1, Standing (STD),Panama City-Paitilla Airport (PAC),Panama,0,0, Damaged beyond repair,-,Grumman G-159 Gulfstream I,-,-,1962,-,-, HK-3330X,  90,Helitaxi Colombia,-,-,-,-,-,-,-,-,-,-,0,0,0,0,-,-,-
19899999-0,-,xx-xxx-1989,-,U1, Unknown (UNK),at an unknown location,Peru,-,-, Damaged beyond repair,-,CASA C-212 Aviocar 200,-,-,1984,-,-, N4999U, 322,U.S. DEA,Unknown,-,-,-,-,-,-,-,-,-,-,-,-,-,-,-,-
19899999-1,-,XX-XXX-1989,-,A1, Unknown (UNK),Tver-Zmeevo,Russia,-,-, Damaged beyond repair,-,Antonov An-2R,-,-,-,-,-, CCCP-70087, 1G136-13,Aeroflot / Central Region,Unknown,-,-,-,-,-,-,-,-,-,-,-,-,-,-,-,-
19890104-3,Wednesday,04-JAN-1989,-,A1, Landing (LDG),Banjarmasin-Sjamsudin Noor Airport (BDJ),Indonesia,52,0, Damaged beyond repair,-,Hawker Siddeley HS-748-234 Srs. 2A,2,Rolls-Royce Dart 534-2,1967,-,-, PK-IHA, 1614,Bouraq Indonesia,Domestic Scheduled Passenger,-,-,-,-,-,Banjarmasin-Sjamsudin Noor Airport,BDJ,WAOO,Indonesia,5,47,0,0,-,-,Final
19890105-0,Thursday,05-JAN-1989,07:39,A1, Approach (APR),"5 km (3.1 mls) E of Aspen Airport, CO (ASE)",United States of America,2,0, Destroyed, Written off (damaged beyond repair),Cessna 208B Super Cargomaster,1,Pratt & Whitney Canada PT6A-114,1987,-,1041.0, N945FE, 208B0046,Federal Express,Cargo,-,Denver International Airport,DEN,KDEN,United States of America,Aspen Airport,ASE,KASE,United States of America,1,1,0,0,-,-,Final
19890108-0,Sunday,08-JAN-1989,20:25,A1, Approach (APR),near Kegworth,United Kingdom,126,47, Destroyed, Written off (damaged beyond repair),Boeing 737-4Y0,2,CFMI CFM56-3C1,1988,-,521.0, G-OBME, 23867/1603,BMA,Domestic Scheduled Passenger,BD092,London-Heathrow Airport,LHR,EGLL,United Kingdom,Belfast International Airport,BFS,EGAA,United Kingdom,8,118,0,47,-,-,Final
19890111-0,Wednesday,11-JAN-1989,07:28,A1, En route (ENR),"Rockingham County/Shiloh Airport, NC",United States of America,1,0, Destroyed, Written off (damaged beyond repair),Cessna 208B Super Cargomaster,1,Pratt & Whitney Canada PT6A-114,1987,-,896.0, N9330B, 208B0053,Atlantic Aero,Cargo,-,Roanoke Municipal Airport,ROA,KROA,United States of America,Greensboro/High Point-Piedmont Triad International Airport,GSO,KGSO,United States of America,1,0,0,0,-,-,Final
19890112-0,Thursday,12-JAN-1989,04:45,A1, Initial climb (ICL),"ca 2 km N of Dayton-James Cox Dayton International Airport, OH (DAY)",United States of America,2,2, Destroyed, Written off (damaged beyond repair),Hawker Siddeley HS-748-215 Srs. 2A,2,Rolls-Royce Dart 534-7,1966,-,35817.0, C-GDOV, 1582,Bradley Air Services,Cargo,-,Dayton-James Cox Dayton International Airport,DAY,KDAY,United States of America,Montreal-Dorval International Airport,YUL,CYUL,Canada,2,0,2,0,-,-,Final
19890112-1,Thursday,12-JAN-1989,08:10,A1, En route (ENR),"7,8 km (4.9 mls) S of Caracas/La Carlota-Gen. Francisco de Miranda Air Base",Venezuela,2,2, Destroyed, Written off (damaged beyond repair),Beechcraft 200 Super King Air,-,-,1978,-,-, YV-597CP, BB-394,Corporación Metalmen,Ferry/positioning,-,Valencia-Arturo Michelena International Airport,VLN,SVVA,Venezuela,-,-,-,-,2,0,2,0,-,-,-
19890113-0,Friday,13-JAN-1989,-,A1, Landing (LDG),Sverdlovsk Airport (SVX),Russia,6,0, Damaged beyond repair,-,Antonov An-12B,4,Ivchenko AI-20M,1970,10249.0,24967.0, CCCP-12997, 00347404,Aeroflot / Uralsk,Cargo,-,Sverdlovsk-Koltsovo Airport,SVX,USSS,Russia,Kharkov Airport,HRK,UKHH,Ukraine,6,0,0,0,-,-,-
19890113-1,Friday,13-JAN-1989,06:30,A1, Takeoff (TOF),Monrovia-Roberts International Airport (ROB),Liberia,-,0, Damaged beyond repair,-,Tupolev Tu-154S,-,-,1974,5949.0,13266.0, CCCP-85067, 74A067,Aeroflot / International,Cargo,-,Monrovia-Roberts International Airport,ROB,GLRB,Liberia,Bamako Airport,BKO,GABS,Mali,-,-,0,0,-,-,-
19890115-0,Sunday,15-JAN-1989,08:10,A1, En route (ENR),"near Ketchikan, AK",United States of America,2,2, Destroyed, Written off (damaged beyond repair),de Havilland Canada DHC-3 Otter,1,Pratt & Whitney R-1340-59,1957,-,10366.0, N11250, 171,Temsco Helicopters,Domestic Non Scheduled Passenger,-,-,-,-,-,Klawock Airport,KLW,PAKW,United States of America,1,1,1,1,-,-,Final
19890117-1,Tuesday,17-JAN-1989,-,A1, En route (ENR),between La Paz and Apolo,Bolivia,5,5, Missing, Presumed damaged beyond repair,Douglas C-47A-75-DL (DC-3),2,Pratt & Whitney R-1830-92,1943,-,-, CP-1418, 19344,Aerolineas La Paz,Domestic Non Scheduled Passenger,-,La Paz-El Alto Airport,LPB,SLLP,Bolivia,Apolo Airport,APB,SLAP,Bolivia,3,2,3,2,-,-,-
19890118-0,Wednesday,18-JAN-1989,20:43,A1, Takeoff (TOF),"Laredo International Airport, TX (LRD)",United States of America,2,0, Destroyed, Written off (damaged beyond repair),Douglas C-47A-70-DL (DC-3C),2,Pratt & Whitney R-1830-92,1943,-,-, XB-DYP, 19239,American Air Freight,Unknown,-,Laredo International Airport,LRD,KLRD,United States of America,Torreón Airport,TRC,MMTC,Mexico,2,0,0,0,-,-,Final
19890120-0,Friday,20-JAN-1989,-,H2, Approach (APR),Odessa-Central Airport (ODS),Ukraine,-,0, None,-,Tupolev Tu-134,-,-,-,-,-, registration unknown,-,Aeroflot,Domestic Scheduled Passenger,-,Arkhangelsk-Talaghy Airport,ARH,ULAA,Russia,Odessa-Central Airport,ODS,UKOO,Ukraine,-,-,0,0,-,-,-
19890120-1,Friday,20-JAN-1989,09:25,A1, Landing (LDG),"Buena Vista, CO",United States of America,29,0, Substantial, Written off (damaged beyond repair),Convair CV-580,2,Allison 501-D13H,1956,-,54108.0, N73160, 336,Sierra Pacific Airlines,Domestic Scheduled Passenger,-,Denver-Stapleton International Airport,DEN,KDEN,United States of America,Durango-La Plata Airport,DRO,KDRO,United States of America,3,26,0,0,-,-,Final
19890120-2,Friday,20-JAN-1989,07:45,A2, Takeoff (TOF),"Chicago-O'Hare International Airport, IL (ORD)",United States of America,33,0, Substantial, Repaired,Boeing 737-201,2,Pratt & Whitney JT8D-15,1981,-,19420.0, N242US, 22444/888,Piedmont Airlines,Domestic Scheduled Passenger,1480,Chicago-O'Hare International Airport,ORD,KORD,United States of America,Charlotte-Douglas Airport,CLT,KCLT,United States of America,6,27,0,0,-,-,Final
19890121-0,Saturday,21-JAN-1989,17:47,A1, Landing (LDG),Örnsköldsvik Airport (OER),Sweden,17,0, Damaged beyond repair,-,Swearingen SA226-TC Metro II,2,Garrett TPE331-3UW-304G,1979,-,8009.0, OY-ARI, TC-317,Muk Air Taxi,Domestic Scheduled Passenger,-,Örnsköldsvik Airport,OER,ESNO,Sweden,Örebro-Bofors Airport,ORB,ESOE,Sweden,2,15,0,0,-,-,Final
19890121-1,Saturday,21-JAN-1989,-,H2, Taxi (TXI),Ivano-Frankovsk Airport (IFO),Ukraine,-,0, None,-,Antonov An-24,-,-,-,-,-, registration unknown,-,Aeroflot,Domestic Scheduled Passenger,-,Ivano-Frankovsk Airport,IFO,UKLI,Ukraine,-,-,-,-,-,-,0,0,-,-,-
19890123-0,Monday,23-JAN-1989,-,A1, Landing (LDG),Kandahar Airport (KDH),Afghanistan,-,0, Damaged beyond repair,-,Antonov An-12BP,4,Ivchenko AI-20M,-,-,-, CCCP-11987,-,Soviet AF,Military,-,Kabul Airport,KBL,OAKB,Afghanistan,Kandahar Airport,KDH,OAKN,Afghanistan,-,-,0,0,-,-,-
19890126-0,Thursday,26-JAN-1989,-,A1, Standing (STD),Mirny Ice Station,Antarctica,3,3, Destroyed, Written off (damaged beyond repair),Avia 14,-,-,1957,-,-, CCCP-52066, 30703108,Aeroflot / Central Region,Unknown,-,-,-,-,-,-,-,-,-,3,0,3,0,-,-,-
19890127-0,Friday,27-JAN-1989,-,A1, Maneuvering (MNV),Quiliano,Italy,2,2, Damaged beyond repair,-,Canadair CL-215-1A10,2,Pratt & Whitney R-2800-83AM,1983,-,-, I-CFSS, 1071,State Forestry Corps (Italy),Fire fighting,-,-,-,-,-,-,-,-,-,2,0,2,0,-,-,-
19890127-1,Friday,27-JAN-1989,-,U1, Unknown (UNK),unknown,Unknown country,-,-, Damaged beyond repair,-,Kaiser-Fraser C-119G Flying Boxcar,-,-,-,-,-, 3215, 222,Republic of China AF,Military,-,-,-,-,-,-,-,-,-,-,-,-,-,-,-,-
19890129-0,Sunday,29-JAN-1989,19:00,A1, Approach (APR),"Fairbanks-Fort Wainwright Airport, AK (FBK)",United States of America,18,9, Damaged beyond repair,-,Lockheed CC-130E Hercules,-,-,1966,-,-, 130318, 4124,Canadian Armed Forces,Military,-,Edmonton-CFB,YED,CYED,Canada,Fairbanks-Fort Wainwright Airport,FBK,PAFB,United States of America,8,10,2,7,-,-,-
19890130-0,Monday,30-JAN-1989,-,A1, Landing (LDG),Lisboa-Portela de Sacavém Airport (LIS),Portugal,2,0, Damaged beyond repair,-,Learjet 23,-,-,-,-,-, F-GDAV, 23-017,Air Enterprise,Ferry/positioning,-,-,-,-,-,Lisboa-Portela de Sacavém Airport,LIS,LPPT,Portugal,2,0,0,0,-,-,-
19890131-0,Tuesday,31-JAN-1989,12:10,A1, Initial climb (ICL),"Abilene-Dyess AFB, TX (DYS)",United States of America,19,19, Damaged beyond repair,-,Boeing KC-135A Stratotanker,4,Pratt & Whitney J57-P,1963,-,-, 63-7990, 18607/646,USAF,Military,-,Abilene-Dyess AFB,DYS,KDYS,United States of America,-,-,-,-,7,12,7,12,-,-,-
19890131-1,Tuesday,31-JAN-1989,-,H2, En route (ENR),San José-Juan Santamaria International Airport (SJO),Costa Rica,122,0, None,-,Boeing 727-46,-,-,1967,-,-, HK-3246X, 19280/373,ACES,Domestic Scheduled Passenger, 385,San Andrés Island Airport,ADZ,SKSP,Colombia,Rionegro/Medellín-José María Córdova Airport,MDE,SKRG,Colombia,6,116,0,0,-,-,-
19890131-2,Tuesday,31-JAN-1989,-,C1, En route (ENR),near Bannu,Pakistan,-,-, Damaged beyond repair,-,Antonov An-24,-,-,-,-,-, registration unknown,-,Afghan AF,Military,-,-,-,-,-,-,-,-,-,-,-,-,-,-,-,-
19890203-0,Friday,03-FEB-1989,07:41,A1, Initial climb (ICL),near Yangon-Mingaladon Airport (RGN),Myanmar,29,26, Damaged beyond repair,-,Fokker F-27 Friendship 600,2,Rolls-Royce Dart 532-7,1967,45648.0,36361.0, XY-AEK, 10325,Burma Airways,Domestic Scheduled Passenger,-,Yangon-Mingaladon Airport,RGN,VYYY,Myanmar,Keng Tung Airport,KET,VYKG,Myanmar,4,25,3,23,-,-,-
19890206-0,Monday,06-FEB-1989,18:24,A1, Takeoff (TOF),Marseille-Provence Airport (MRS),France,3,3, Damaged beyond repair,-,Vickers 952F Vanguard,4,Rolls-Royce Tyne 512,1960,-,-, F-GEJE, 730,Inter Cargo Service,Cargo,3132,Marseille-Provence Airport,MRS,LFML,France,Paris-Orly Airport,ORY,LFPO,France,3,0,3,0,-,-,Final
19890208-0,Wednesday,08-FEB-1989,14:08,A1, Approach (APR),"7 km (4.4 mls) E of Santa Maria-Vila do Porto Airport, Azores (SMA)",Portugal,144,144, Destroyed, Written off (damaged beyond repair),Boeing 707-331B,4,Pratt & Whitney JT3D-3B (HK),1968,12589.0,44755.0, N7231T, 19572/687,Independent Air,Int'l Non Scheduled Passenger,1851,Bergamo-Orio Al Serio Airport,BGY,LIME,Italy,Santa Maria-Vila do Porto Airport,SMA,LPAZ,Portugal,7,137,7,137,-,-,Final
19890209-1,Thursday,09-FEB-1989,-,A1, Landing (LDG),Lichinga Airport (VXC),Mozambique,108,0, Damaged beyond repair,-,Boeing 737-2B1,2,Pratt & Whitney JT8D-9,1973,-,-, C9-BAD, 20786/323,LAM,Scheduled Passenger,-,-,-,-,-,Lichinga Airport,VXC,FQLC,Mozambique,-,-,0,0,-,-,-
19890209-2,Thursday,09-FEB-1989,-,A1, Takeoff (TOF),Bucharest-Otopeni International Airport (OTP),Romania,5,5, Damaged beyond repair,-,Tupolev Tu-154B-2,3,Kuznetsov NK-8-2U,1980,-,-, YR-TPJ, 80A408,Tarom,Training,-,Bucharest-Otopeni International Airport,OTP,LROP,Romania,Bucharest-Otopeni International Airport,OTP,LROP,Romania,5,0,5,0,-,-,-
19890209-3,Thursday,09-FEB-1989,-,U1, Unknown (UNK),at an unknown location,Mexico,-,-, Damaged beyond repair,-,Douglas C-47 (DC-3),-,-,-,-,-, registration unknown,-,Mexican AF,Military,-,-,-,-,-,-,-,-,-,-,-,-,-,-,-,-
19890213-0,Monday,13-FEB-1989,-,O1, Standing (STD),Glasgow International Airport (GLA),United Kingdom,0,0, Damaged beyond repair,-,Shorts 330-200,-,-,1981,-,-, G-BPMA, SH.3067,Gill Air,-,-,-,-,-,-,-,-,-,-,0,0,0,0,-,-,-
19890215-0,Wednesday,15-FEB-1989,07:22,A1, Landing (LDG),"Binghamton Airport, NY (BGM)",United States of America,2,0, Substantial, Written off (damaged beyond repair),Dassault Falcon 20DC,2,General Electric CF700-2D,1970,-,17595.0, N232RA, 232,Reliant Airlines,Unknown,-,Memphis International Airport,MEM,KMEM,United States of America,Binghamton Airport,BGM,KBGM,United States of America,2,0,0,0,-,-,Final
19890216-0,Thursday,16-FEB-1989,-,A2, Maneuvering (MNV),over Washington State,United States of America,-,0, Substantial, Repaired,Boeing E-6A Hermes,4,CFMI CFM56-2A-2,1987,-,-, 162782, 23430/983,US Navy,Test,-,-,-,-,-,-,-,-,-,-,-,0,0,-,-,-
19890217-0,Friday,17-FEB-1989,11:49,A1, Landing (LDG),"Rio de Janeiro-Santos Dumont Airport, RJ (SDU)",Brazil,2,0, Damaged beyond repair,-,Dassault Falcon 10,-,-,1977,-,-, PT-ASJ, 095,Serv-Jet,Unknown,-,-,-,-,-,Rio de Janeiro-Santos Dumont Airport,SDU,SBRJ,Brazil,2,0,0,0,-,-,-
19890219-0,Sunday,19-FEB-1989,06:36,A1, Approach (APR),12 km (7.5 mls) from  Kuala Lumpur Subang International Airport (KUL),Malaysia,4,4, Destroyed, Written off (damaged beyond repair),Boeing 747-249F,4,Pratt & Whitney JT9D-7Q,1979,9000.0,34000.0, N807FT, 21828/408,Flying Tiger Line,Cargo,  66,Singapore-Changi International Airport,SIN,WSSS,Singapore,Kuala Lumpur Subang International Airport,KUL,WMKK,Malaysia,4,0,4,0,-,-,-
19890220-0,Monday,20-FEB-1989,20:00,A1, Approach (APR),"5 km (3.1 mls) N of Hurlburt Field, FL",United States of America,8,8, Damaged beyond repair,-,Lockheed C-141B Starlifter,4,Pratt & Whitney TF33-P-7,-,-,29148.0, 66-0150, 300-6176,USAF,Military,-,Colorado Springs-Peterson Field,COS,KCOS,United States of America,-,-,-,-,7,1,7,1,-,-,-
19890220-1,Monday,20-FEB-1989,16:04,A2, En route (ENR),near Castera-Lou,France,2,0, Substantial, Repaired,Swearingen SA226-AT Merlin IV,2,Garrett TPE331-3U-303G,1973,-,7136.0, F-GERP, AT-012,Dirac Aviation,Domestic Scheduled Passenger, 31,Nice-Côte d'Azur Airport,NCE,LFMN,France,Lourdes-Tarbes Ossun Lourdes Airport,LDE,LFBT,France,2,0,0,0,4,-,Final
19890224-0,Friday,24-FEB-1989,02:00,A2, En route (ENR),near Hawaii,Pacific Ocean,355,9, Substantial, Repaired,Boeing 747-122,4,Pratt & Whitney JT9D-7A,1970,15027.0,58814.0, N4713U, 19875/89,United Airlines,International Scheduled Passenger,UA811,Honolulu International Airport,HNL,PHNL,United States of America,Auckland International Airport,AKL,NZAA,New Zealand,18,337,0,9,-,-,Final
19890225-2,Saturday,25-FEB-1989,-,A1, Approach (APR),near Tegucigalpa-Toncontin Airport (TGU),Honduras,10,10, Damaged beyond repair,-,Douglas C-118A (DC-6),-,-,1955,-,-, HR-AKZ, 44642/586,private,Non Scheduled Passenger,-,-,-,-,-,Tegucigalpa-Toncontin Airport,TGU,MHTG,Honduras,3,7,3,7,-,-,-
19890227-0,Monday,27-FEB-1989,08:08,A1, Landing (LDG),"Poughkeepsie, NY",United States of America,2,0, Destroyed, Written off (damaged beyond repair),Cessna S550 Citation S/II,2,Pratt & Whitney Canada JT15D-4B,-,-,703.0, N29X, S550-0096,NYNEX,Ferry/positioning,-,White Plains-Westchester County Airport,HPN,KHPN,United States of America,Poughkeepsie-Dutchess County Airport,POU,KPOU,United States of America,2,0,0,0,-,-,Final
19890228-1,Tuesday,28-FEB-1989,06:33,A1, Initial climb (ICL),"1,5 km (0.9 mls) NE of La Grande-LG-4 airstrip, QC",Canada,2,2, Destroyed, Written off (damaged beyond repair),Douglas C-47A-30-DK (DC-3C),2,Pratt & Whitney R-1830,1944,-,-, C-FBZN, 25290/13845,Transfair,Cargo,-,-,-,-,-,-,-,-,-,2,0,2,0,-,-,Preliminary - official
19890299-0,-,xx-FEB-1989,-,C2, Initial climb (ICL),near Luena Airport (LUO),Angola,-,0, Substantial, Repaired,Lockheed L-100-30 Hercules,4,Allison 501-D22A,1980,-,-, D2-EHD, 4839,Transafrik,Cargo,-,Dundo Airport,DUE,FNDU,Angola,-,-,-,-,-,-,0,0,-,-,-
19890301-0,Wednesday,01-MAR-1989,16:14,A1, Approach (APR),Isla Verde,Puerto Rico,2,0, Damaged beyond repair,-,Douglas C-49J (DC-3),2,Wright R-1820-G202A,1943,-,-, N28PR, 6323,Borinquen Air,Cargo,-,Saint Kitts-Golden Rock Airport,SKB,TKPK,St. Kitts and Nevis,San Juan-Luis Muñoz Marín International Airport,SJU,TJSJ,Puerto Rico,2,0,0,0,-,-,Final
19890305-0,Sunday,05-MAR-1989,14:17,A2, Landing (LDG),Genève-Cointrin Airport (GVA),Switzerland,100,0, Substantial, Repaired,Fokker 100,2,Rolls-Royce Tay 620-15,1989,268.0,133.0, PH-KLC, 11268,KLM,International Scheduled Passenger,KL321,Amsterdam-Schiphol International Airport,AMS,EHAM,Netherlands,Genève-Cointrin Airport,GVA,LSGG,Switzerland,5,95,0,0,-,-,Final
19890306-0,Monday,06-MAR-1989,-,C1, Standing (STD),Jalalabad Airport (JAA),Afghanistan,-,2, Damaged beyond repair,-,Antonov,-,-,-,-,-, registration unknown,-,Ariana Afghan Airlines,Unknown,-,-,-,-,-,-,-,-,-,-,-,0,2,-,-,-
19890310-0,Friday,10-MAR-1989,-,C1, Unknown (UNK),Cazambo,Angola,5,5, Damaged beyond repair,-,Antonov An-26,-,-,-,-,-, registration unknown,-,Angolan AF,Military,-,-,-,-,-,-,-,-,-,-,-,-,-,-,-,-
19890310-1,Friday,10-MAR-1989,12:09,A1, Initial climb (ICL),"Dryden Municipal Airport, ON (YHD)",Canada,69,24, Destroyed, Written off (damaged beyond repair),Fokker F-28 Fellowship 1000,2,Rolls-Royce Spey 555-15,1972,23773.0,20852.0, C-FONF, 11060,Air Ontario,Domestic Scheduled Passenger,1363,Dryden Municipal Airport,YHD,CYHD,Canada,Winnipeg International Airport,YWG,CYWG,Canada,4,65,3,21,-,-,-
19890310-2,Friday,10-MAR-1989,-,A1, Approach (APR),Lima,Peru,10,10, Damaged beyond repair,-,IRMA/Britten-Norman BN-2A Islander,2,Lycoming O-540-E4B5,1969,-,-, OB-T-1271, 604,Aero Condor,Domestic Non Scheduled Passenger,-,-,-,-,-,Lima-Jorge Chávez International Airport,LIM,SPIM,Peru,2,8,2,8,-,-,-
19890311-0,Saturday,11-MAR-1989,12:25,A1, Approach (APR),near Maidstone-Lashenden (Headcorn) Airfield,United Kingdom,1,0, Substantial, Written off (damaged beyond repair),Britten-Norman BN-2T Turbine Islander,2,Allison 250-B17C,1974,-,-, G-OTVS, 419,Headcorn Parchute Club,Parachuting,-,-,-,-,-,-,-,-,-,1,0,0,0,-,1,Final
19890315-0,Wednesday,15-MAR-1989,07:26,A1, Approach (APR),"Lafayette-Purdue University Airport, IN (LAF)",United States of America,2,2, Destroyed, Written off (damaged beyond repair),NAMC YS-11A-300F,2,Rolls-Royce Dart 542-10J,1970,-,24088.0, N128MP, 2139,Mid Pacific Airlines,Ferry/positioning,-,Terre Haute-Hulman Field,HUF,KHUF,United States of America,Lafayette-Purdue University Airport,LAF,KLAF,United States of America,2,0,2,0,-,-,Final
19890318-0,Saturday,18-MAR-1989,02:16,A1, Approach (APR),"near Saginaw, TX",United States of America,2,2, Destroyed, Written off (damaged beyond repair),McDonnell Douglas DC-9-33RC,2,Pratt & Whitney JT8D-9A,1968,40808.0,41931.0, N931F, 47192/287,Evergreen International,Cargo,  17,Fort Worth-Carswell AFB,FWH,KNFW,United States of America,Oklahoma City-Tinker AFB,TIK,KTIK,United States of America,2,0,2,0,-,-,Final
19890319-0,Sunday,19-MAR-1989,16:35,A1, Approach (APR),Tiraora Lodge,New Zealand,6,0, Damaged beyond repair,-,Britten-Norman BN-2A-21 Islander,-,-,1974,-,3166.0, ZK-SFE, 406,Soundsair,Domestic Non Scheduled Passenger,-,-,-,-,-,-,-,-,-,1,5,0,0,-,-,Final
19890321-0,Tuesday,21-MAR-1989,11:54,A1, Approach (APR),"2 km (1.3 mls) W of São Paulo-Guarulhos International Airport, SP (GRU)",Brazil,3,3, Destroyed, Written off (damaged beyond repair),Boeing 707-349C,4,Pratt & Whitney JT3D-3B,1966,-,61000.0, PT-TCS, 19354/503,Transbrasil,Cargo,-,Manaus-Eduardo Gomes International Airport,MAO,SBEG,Brazil,São Paulo-Guarulhos International Airport,GRU,SBGR,Brazil,3,0,3,0,-,22,-
19890321-1,Tuesday,21-MAR-1989,-,C1, Standing (STD),"Kieta-Aropa Airport (KIE), Bougainville",Papua New Guinea,0,0, Damaged beyond repair,-,IRMA/Britten-Norman BN-2B-26 Islander,2,Lycoming O-540-E4C5,1977,-,-, P2-BAB, 846,Bougair,-,-,-,-,-,-,-,-,-,-,0,0,0,0,-,-,-
19890327-0,Monday,27-MAR-1989,-,A1, Takeoff (TOF),Jeddah-Prince Abdullah Air Base (JED),Saudi Arabia,-,-, Damaged beyond repair,-,Lockheed C-130H Hercules,-,-,1977,-,-, 470, 4758,Saudi AF,Military,-,Jeddah-Prince Abdullah Air Base,JED,OEJN,Saudi Arabia,-,-,-,-,-,-,-,-,-,-,-
19890329-0,Wednesday,29-MAR-1989,-,H2, Standing (STD),Frankfurt International Airport (FRA),Germany,116,0, None,-,Tupolev Tu-154B-2,3,Kuznetsov NK-8-2U,1979,-,-, HA-LCN, 79A326,Malev,International Scheduled Passenger,MA640,Praha-Ruzyne International Airport,PRG,LKPR,Czech Republic,Amsterdam-Schiphol International Airport,AMS,EHAM,Netherlands,-,-,0,0,-,-,-
19890329-1,Wednesday,29-MAR-1989,-,A2, Landing (LDG),Palangkaraya-Tjilik Riwut Airport (PKY),Indonesia,66,0, Substantial, Repaired,Fokker F-28 Fellowship 4000,-,-,1980,-,-, PK-GKD, 11158,Garuda,Domestic Scheduled Passenger,-,-,-,-,-,Palangkaraya-Tjilik Riwut Airport,PKY,WAOP,Indonesia,5,61,0,0,-,-,Preliminary - official
19890331-0,Friday,31-MAR-1989,-,H2, En route (ENR),Baku Airport (BAK),Azerbaijan,-,0, None,-,Tupolev Tu-134,-,-,-,-,-, registration unknown,-,Aeroflot,Domestic Scheduled Passenger,-,Astrakhan Airport,ASF,URWA,Russia,Baku-Bina International Airport,BAK,UBBB,Azerbaijan,-,-,0,0,-,-,-
19890401-0,Saturday,01-APR-1989,-,A1, Landing (LDG),Laoag Airport (LAO),Philippines,-,-, Damaged beyond repair,-,Fokker F-27 Friendship 200MAR,-,-,1981,1246.0,2401.0, 10616, 10616,Philippine AF,Military,-,-,-,-,-,Laoag Airport,LAO,RPLI,Philippines,-,-,-,-,-,-,-
19890403-1,Monday,03-APR-1989,-,A1, Landing (LDG),Iquitos Airport (IQT),Peru,139,0, Damaged beyond repair,-,Boeing 737-248,2,Pratt & Whitney JT8D-9A,1969,-,-, OB-R-1314, 19425/153,Faucett,Scheduled Passenger,-,-,-,-,-,Iquitos Airport,IQT,SPQT,Peru,6,133,0,0,-,-,-
19890408-1,Saturday,08-APR-1989,-,A1, Approach (APR),near Luena Airport (LUO),Angola,4,0, Damaged beyond repair,-,Lockheed L-100-20 Hercules,4,Allison 501-D22A,1968,-,-, S9-NAI, 4303,Transafrik,Cargo,-,-,-,-,-,Luena Airport,LUO,FNUE,Angola,4,0,0,0,-,-,-
19890410-0,Monday,10-APR-1989,13:00,A1, En route (ENR),"6,5 km (4.1 mls) from  Pensacola Regional Airport, FL (PNS)",United States of America,3,3, Destroyed, Written off (damaged beyond repair),Beechcraft 200 Super King Air,2,Pratt & Whitney Canada PT6A-41,1980,-,6351.0, N30PC, BB-702,Southern Company Services,Executive,-,Pensacola Regional Airport,PNS,KPNS,United States of America,Atlanta-DeKalb Peachtree Airport,PDK,KPDK,United States of America,2,1,2,1,-,-,Final
19890410-1,Monday,10-APR-1989,21:07,A1, Approach (APR),Léoncel,France,22,22, Destroyed, Written off (damaged beyond repair),Fairchild FH-227B,2,Rolls-Royce Dart 532-7,1966,39128.0,27249.0, F-GGDM, 532,EAS,Domestic Non Scheduled Passenger, 602,Paris-Orly Airport,ORY,LFPO,France,Valence-Chabeuil Airport,VAF,LFLU,France,3,19,3,19,-,-,Final
19890420-0,Thursday,20-APR-1989,-,A1, Approach (APR),near Wriezen,Germany,-,0, Damaged beyond repair,-,Antonov An-2T,-,-,-,-,-, 880, 1170(473)11,East German AF,Military,-,Heringsdorf Airport,HDF,EDAH,Germany,-,-,-,-,-,-,0,0,-,-,-
19890422-0,Saturday,22-APR-1989,-,A1, Landing (LDG),Tatarski,Russia,3,0, Damaged beyond repair,-,Antonov An-2R,-,-,1972,-,-, CCCP-70080, 1G136-06,Aeroflot / Privolzhsk,Ferry/positioning,-,-,-,-,-,-,-,-,-,3,0,0,0,-,-,-
19890424-0,Monday,24-APR-1989,-,H2, Standing (STD),Fuzhou Airport (FOC),China,-,1, Unknown,-,Xian Yunshuji Y-7,-,-,-,-,-, registration unknown,-,China Eastern,Domestic Scheduled Passenger,-,Ningbo Airport,NGB,ZSNB,China,Xiamen Airport,XMN,ZSAM,China,-,-,0,1,-,-,-
19890426-0,Wednesday,26-APR-1989,-,A1, Initial climb (ICL),Barranquilla,Colombia,5,5, Damaged beyond repair,-,Sud Aviation SE-210 Caravelle 11R,2,Pratt & Whitney JT8D-7B,1967,-,-, HK-3325X, 215,Aerosucre Colombia,Cargo,-,Barranquilla-Ernesto Cortissoz Airport,BAQ,SKBQ,Colombia,Bogotá-Eldorado Airport,BOG,SKBO,Colombia,3,2,3,2,-,2,-
19890426-1,Wednesday,26-APR-1989,21:40,A1, Approach (APR),"7,5 km (4.7 mls) S of Decatur Airport, IL (DEC)",United States of America,1,0, Damaged beyond repair,-,Cessna 208 Caravan I,1,Pratt & Whitney Canada PT6A-114,-,-,742.0, N9637F, 20800120,Planemasters,Cargo,-,Marion-Williamson County Airport,MWA,KMWA,United States of America,Decatur Airport,DEC,KDEC,United States of America,1,0,0,0,-,-,Final
19890501-0,Monday,01-MAY-1989,-,A1, Maneuvering (MNV),Sechenovo,Russia,5,5, Damaged beyond repair,-,Antonov An-2R,-,-,-,-,-, CCCP-70225, 1G138-43,Aeroflot / Privolzhsk,Demonstration,-,-,-,-,-,-,-,-,-,2,3,2,3,-,-,Preliminary
19890502-0,Tuesday,02-MAY-1989,20:30,A1, Maneuvering (MNV),"near Summerland Key, FL",United States of America,2,2, Destroyed, Written off (damaged beyond repair),Douglas C-47A-90-DL (DC-3),2,Pratt & Whitney R-1830,1944,-,10317.0, N28889, 20520,Monroe County Mosquito Control,Agricultural,-,Marathon-Florida Keys Airport,MTH,KMTH,United States of America,Marathon-Florida Keys Airport,MTH,KMTH,United States of America,2,0,2,0,-,-,Final
19890503-0,Wednesday,03-MAY-1989,02:35,A2, Taxi (TXI),"Melbourne-Tullamarine Airport, VIC (MEL)",Australia,2,0, Substantial, Repaired,Armstrong Whitworth AW-650 Argosy 222,-,-,1965,-,-, VH-IPA, 6803,IPEC,Cargo,-,Sydney-Kingsford Smith International Airport,SYD,YSSY,Australia,Melbourne-Tullamarine Airport,MEL,YMML,Australia,2,0,0,0,-,-,Final
19890504-0,Thursday,04-MAY-1989,-,A1, Landing (LDG),unknown,Belgium,-,0, Damaged beyond repair,-,Dornier Do 28D-1 Skyservant,-,-,-,-,-, OO-GEO, 4023,Eurosense,Survey/research,-,-,-,-,-,-,-,-,-,-,-,0,0,-,-,-
19890505-1,Friday,05-MAY-1989,14:30,A1, En route (ENR),3 km (1.9 mls) from  Playa del Carmen Airport (PCM),Mexico,19,6, Damaged beyond repair,-,Britten-Norman BN-2A Trislander Mk.III-2,3,Lycoming O-540-E4C5,1977,-,-, XA-JPE, 1051,Aero Cozumel,Domestic Non Scheduled Passenger,-,Chichén Itzá Airport,CZA,MMCT,Mexico,Cozumel Airport,CZM,MMCZ,Mexico,2,17,0,6,-,-,-
19890506-0,Saturday,06-MAY-1989,-,A1, Takeoff (TOF),near Manila,Philippines,18,0, Damaged beyond repair,-,Douglas C-47A-90-DL (DC-3C),-,-,1944,-,-, RP-C82, 20209,MATS,Domestic Non Scheduled Passenger,-,Manila International Airport,MNL,RPLL,Philippines,-,-,-,-,2,16,0,0,-,-,-
19890506-1,Saturday,06-MAY-1989,01:44,A1, Approach (APR),"0,7 km (0.4 mls) from  Columbia-Maury County Airport, TN (MRC)",United States of America,2,1, Destroyed, Written off (damaged beyond repair),Embraer EMB-110P1 Bandeirante,2,Pratt & Whitney Canada PT6A-34,1981,-,11387.0, N95PB, 110330,Southern Express,Ferry/positioning,-,Memphis International Airport,MEM,KMEM,United States of America,Columbia-Maury County Airport,MRC,KMRC,United States of America,2,0,1,0,-,-,Final
19890508-2,Monday,08-MAY-1989,-,A1, En route (ENR),Portland Harbour,United Kingdom,2,2, Damaged beyond repair,-,Handley Page HP-137 Jetstream T.2,-,-,1975,-,-, XX489, 279,Royal Navy,Military,-,-,-,-,-,-,-,-,-,2,0,2,0,-,-,-
19890508-4,Monday,08-MAY-1989,09:38,A1, Approach (APR),near Oskarshamn Airport (OSK),Sweden,16,16, Destroyed, Written off (damaged beyond repair),Beechcraft 99 Airliner,2,Pratt & Whitney Canada PT6A-28,1968,-,23095.0, SE-IZO, U-48,Holmström Flyg,Domestic Scheduled Passenger,HE314,Stockholm-Arlanda Airport,ARN,ESSA,Sweden,Oskarshamn Airport,OSK,ESMO,Sweden,2,14,2,14,-,-,Final
19890510-0,Wednesday,10-MAY-1989,14:30,A1, En route (ENR),"Azusa, CA",United States of America,1,1, Damaged beyond repair,-,Beechcraft 200 Super King Air,2,Pratt & Whitney Canada PT6A-41,1975,-,10267.0, N39YV, BB-39,Mesa Airlines,Ferry/positioning,-,Santa Monica Airport,SMO,KSMO,United States of America,Farmington Municipal Airport,FMN,KFMN,United States of America,1,0,1,0,-,-,Final
19890511-0,Thursday,11-MAY-1989,-,A1, Maneuvering (MNV),"0,6 km (0.4 mls) SW of Dolbizno, Kamenets District, Brest Region",Belarus,4,4, Destroyed, Written off (damaged beyond repair),Antonov An-2R,-,-,1980,22855.0,4571.0, CCCP-54891, 1G186-39,Aeroflot / Belarus,Agricultural,-,-,-,-,-,-,-,-,-,2,2,2,2,-,-,-
19890515-1,Monday,15-MAY-1989,-,A1, Initial climb (ICL),near Puerto Maldonado,Peru,-,-, Damaged beyond repair,-,Britten-Norman BN-2 Islander,2,Lycoming O-540-E4B5,1969,-,-, OB-1272, 105,Aero Condor,Unknown,-,Puerto Maldonado Airport,PEM,SPTU,Peru,-,-,-,-,-,-,-,-,-,-,-
19890517-0,Wednesday,17-MAY-1989,-,A1, Takeoff (TOF),Nairobi-Jomo Kenyatta International Airport (NBO),Kenya,70,0, Damaged beyond repair,-,Boeing 707-330B,4,Pratt & Whitney JT3D-3B,1967,-,-, 6O-SBT, 19316/547,Somali Airlines,International Scheduled Passenger,-,Nairobi-Jomo Kenyatta International Airport,NBO,HKJK,Kenya,-,-,-,-,13,57,0,0,-,-,-
19890518-0,Thursday,18-MAY-1989,-,O1, Standing (STD),"Unalakleet Airport, AK (UNK)",United States of America,-,0, Damaged beyond repair,-,Boeing C-97L Stratofreighter,-,-,1953,-,-, N4580Q, 17005,Stratolift,Cargo,-,-,-,-,-,-,-,-,-,-,-,0,0,-,-,-
19890518-1,Thursday,18-MAY-1989,-,H2, En route (ENR),Dar es Salaam International Airport (DAR),Tanzania,-,0, None,-,Ilyushin Il-62,-,-,-,-,-, registration unknown,-,Aeroflot,International Scheduled Passenger,-,Luanda Airport,LAD,FNLU,Angola,Dar es Salaam International Airport,DAR,HTDA,Tanzania,-,-,0,0,-,-,-
19890520-0,Saturday,20-MAY-1989,-,A1, En route (ENR),100 km (62.5 mls) E of Huaral,Peru,9,9, Damaged beyond repair,-,Cessna 208 Caravan I,1,Pratt & Whitney Canada PT6A-114,1989,-,-, PNP-021, 20800145,Peruvian Police,Domestic Non Scheduled Passenger,-,Tingo Maria Airport,TGI,SPGM,Peru,Lima-Callao International Airport,LIM,SPIM,Peru,-,-,-,-,-,-,-
19890521-0,Sunday,21-MAY-1989,-,A1, Landing (LDG),Torino-Aeritalia Airport (LIMA),Italy,5,2, Damaged beyond repair,-,Consolidated PBY-5A Catalina,-,-,-,-,-, N285NJ, 1808,private,Unknown,-,-,-,-,-,-,-,-,-,2,3,2,0,-,-,-
19890521-1,Sunday,21-MAY-1989,13:50,A1, Approach (APR),"near Bronson Creek, BC",Canada,2,0, Damaged beyond repair,-,Douglas C-47A-25-DK (DC-3),2,Pratt & Whitney R-1830-92,1944,-,-, C-GWYX, 13343,Central Mountain Air Services,Cargo,-,Wrangell Airport,WRG,PAWG,United States of America,-,-,-,-,2,0,0,0,-,-,-
19890522-0,Monday,22-MAY-1989,13:50,A1, En route (ENR),"56 km (35 mls) NW off  Derby, WA",Australia,3,0, Damaged beyond repair,-,PADC/Pilatus Britten-Norman BN-2A-26 Islander,-,-,1981,-,-, VH-BSN, 3005,Cockatoo Island Airways,Domestic Non Scheduled Passenger,-,-,-,-,-,Derby Airport,DRB,YDBY,Australia,1,2,0,0,-,-,Final
19890522-1,Monday,22-MAY-1989,10:45,A1, Approach (APR),"8 km (5 mls) from  De Kalb Airport, IL",United States of America,3,3, Destroyed, Written off (damaged beyond repair),Douglas C-47A-25-DK (DC-3),2,Pratt & Whitney R-2000-7M2-D5,1944,-,17177.0, N47CE, 13456,Condor Enterprises,Training,-,Aurora/Sugar Grove Airport,AUZ,KARR,United States of America,-,-,-,-,2,1,2,1,-,-,Final
19890526-0,Friday,26-MAY-1989,-,H2, En route (ENR),Karlovy Vary Airport (KLV),Czech Republic,27,0, None,-,Yakovlev Yak-40,3,Ivchenko AI-25,-,-,-, registration unknown,-,CSA,Domestic Scheduled Passenger,-,Praha-Ruzyne International Airport,PRG,LKPR,Czech Republic,Karlovy Vary Airport,KLV,LKKV,Czech Republic,-,-,0,0,-,-,-
19890526-1,Friday,26-MAY-1989,-,A1, En route (ENR),near Boboc Air Base,Romania,4,4, Damaged beyond repair,-,IRMA/Britten-Norman BN-2A-27 Islander,-,-,1976,-,-, YR-BNJ, 777,Aviatia Utilitara,Training,-,-,-,-,-,-,-,-,-,4,0,4,0,-,-,-
19890527-0,Saturday,27-MAY-1989,11:30,A1, Takeoff (TOF),"Colville Lake Airport, NT (YCK)",Canada,5,0, Damaged beyond repair,-,de Havilland Canada DHC-6 Twin Otter 300,2,Pratt & Whitney Canada PT6A-27,1971,-,-, C-FMPH, 319,RCMP,Executive,-,Colville Lake Airport,YCK,CYVL,Canada,Fort Good Hope Airport,YGH,CYGH,Canada,1,4,0,0,-,-,-
19890527-1,Saturday,27-MAY-1989,-,H2, En route (ENR),"Miami International Airport, FL (MIA)",United States of America,157,0, None,-,Boeing 727,-,-,-,-,-, registration unknown,-,American Airlines,Domestic Scheduled Passenger,-,Dallas/Fort Worth International Airport,DFW,KDFW,United States of America,Miami International Airport,MIA,KMIA,United States of America,-,-,0,0,-,-,-
19890527-2,Saturday,27-MAY-1989,11:30,A2, Initial climb (ICL),"Colville Lake Airport, NT (YCK)",Canada,5,0, Substantial, Repaired,de Havilland Canada DHC-6 Twin Otter 200,-,-,1969,-,-, C-FMPB, 276,RCMP,Executive,-,Colville Lake Airport,YCK,CYVL,Canada,-,-,-,-,1,4,0,0,-,-,-
19890530-0,Tuesday,30-MAY-1989,11:04,A1, En route (ENR),Punta Bojórquez,Mexico,4,4, Damaged beyond repair,-,IAI Arava 201,-,-,-,-,-, 2002, 007,Mexican AF,Military,-,-,-,-,-,-,-,-,-,4,0,4,0,-,-,-
19890531-0,Wednesday,31-MAY-1989,-,H2, En route (ENR),Curaçao-Hato International Airport (CUR),Curaçao,87,0, None,-,McDonnell Douglas DC-9-82 (MD-82),-,-,-,-,-, registration unknown,-,ALM,International Scheduled Passenger,LM974,Port-au-Prince Airport,PAP,MTPP,Haiti,Curaçao-Hato International Airport,CUR,TNCC,Curaçao,6,81,0,0,-,-,-
19890606-0,Tuesday,06-JUN-1989,10:30,A1, Landing (LDG),Palma de Mallorca Airport (PMI),Spain,2,0, Damaged beyond repair,-,Douglas C-47B-25-DK (DC-3),-,-,1945,-,-, EC-EIS, 32814/16066,Aeromarket,Cargo,-,Menorca-Mahón Airport,MAH,LEMH,Spain,Palma de Mallorca Airport,PMI,LEPA,Spain,2,0,0,0,-,-,Preliminary - official
19890606-1,Tuesday,06-JUN-1989,-,A1, Approach (APR),near Zella,Libya,39,0, Damaged beyond repair,-,Fokker F-27 Friendship 600,-,-,1979,5494.0,7924.0, 5A-DDV, 10588,Libyan Arab Airlines,Domestic Scheduled Passenger,-,-,-,-,-,Tripoli International Airport,TIP,HLLT,Libya,3,36,0,0,-,-,-
19890607-2,Wednesday,07-JUN-1989,04:27,A1, Approach (APR),3 km (1.9 mls) W of Paramaribo-Zanderij International Airport (PBM),Suriname,187,176, Destroyed, Written off (damaged beyond repair),McDonnell Douglas DC-8-62,4,Pratt & Whitney JT3D-7,1969,20342.0,52706.0, N1809E, 46107/498,Surinam Airways,International Scheduled Passenger,PY764,Amsterdam-Schiphol International Airport,AMS,EHAM,Netherlands,Paramaribo-Zanderij International Airport,PBM,SMJP,Suriname,9,178,9,167,-,-,Final
19890608-0,Thursday,08-JUN-1989,-,A1, En route (ENR),"Grenville Channel, BC",Canada,2,0, Damaged beyond repair,-,de Havilland Canada DHC-3 Otter,-,-,1956,-,-, N5323G, 91,private,Ferry/positioning,-,Port Hardy Airport,YZT,CYZT,Canada,Prince Rupert-Digby Island Airport,YPR,CYPR,Canada,2,0,0,0,-,-,Preliminary
