identifiant,week_day,date,time,type_event,phase,location,country,total_occupants,total_fatalities,aircraft_damage,aircraft_fate,type_aircraft,number_engines,type_engines,first_flight,cycles,total_airframe_hours,registration,c_n_msn,operator,nature,flight_number,departure_airport_name,departure_airport_IATA,departure_airport_ICAO,departure_airport_country,destination_airport_name,destination_airport_IATA,destination_airport_ICAO,destination_airport_country,crew_number,passengers_number,crew_fatalities,passengers_fatalities,collision_casualties,ground_casualties,status
20010104-0,Thursday,04-JAN-2001,-,A1, Approach (APR),near Zheng Zou Air Base,China,8,8, Damaged beyond repair,-,Shaanxi Yunshuji Y-8,-,-,-,-,-, 31242,-,China Air Force,Military,-,-,-,-,-,-,-,-,-,-,-,-,-,-,6,-
20010104-1,Thursday,04-JAN-2001,-,A1, Approach (APR),near Zheng Zou Air Base,China,8,8, Damaged beyond repair,-,Shaanxi Yunshuji Y-8,-,-,-,-,-, 31243,-,China Air Force,Military,-,-,-,-,-,-,-,-,-,-,-,-,-,-,-,-
20010104-2,Thursday,04-JAN-2001,15:47,A1, Takeoff (TOF),"Schenectady-County Airport, NY (SCH)",United States of America,3,0, Substantial, Written off (damaged beyond repair),Learjet 35,2,Garrett TFE731,-,-,16302.0, N435JL, 35-018,Air Response North,Ambulance,-,Schenectady-County Airport,SCH,KSCH,United States of America,New York-La Guardia Airport,LGA,KLGA,United States of America,2,1,0,0,-,-,Final
20010105-0,Friday,05-JAN-2001,-,A1, Landing (LDG),Dundo Airport (DUE),Angola,10,0, Damaged beyond repair,-,Boeing 727-46F,3,Pratt & Whitney JT8D-9A,1969,30800.0,40300.0, S9-BAI, 20078/686,Air Gemini Cargo,Cargo,-,Luanda-4 de Fevereiro Airport,LAD,FNLU,Angola,Dundo Airport,DUE,FNDU,Angola,4,6,0,0,-,1,Preliminary
20010106-0,Saturday,06-JAN-2001,-,A1, En route (ENR),9 km (5.6 mls) from  Mahdia,Guyana,3,3, Damaged beyond repair,-,Britten-Norman BN-2A-2 Islander,2,Lycoming IO-540-K1B5,1970,-,-, 8R-GFN, 289,Guyana AF,Domestic Non Scheduled Passenger,-,Kato Airport,KTO,SYKT,Guyana,Mahdia Airport,MHA,SYMD,Guyana,2,1,2,1,-,-,-
20010108-0,Monday,08-JAN-2001,-,A1, En route (ENR),near Silimo,Indonesia,9,9, Damaged beyond repair,-,CASA/Nurtanio NC-212-MP Aviocar 200,-,-,1984,-,-, U-614, 223/63N,Indonesian Navy,Military,-,Timika-Moses Kilangin (Tembagapura) Airport,TIM,WABP,Indonesia,Jayapura-Sentani Airport,DJJ,WAJJ,Indonesia,-,-,-,-,-,-,Preliminary
20010108-1,Monday,08-JAN-2001,-,A1, Landing (LDG),Luanda Airport (LAD),Angola,-,0, Damaged beyond repair,-,Boeing 727-23F,3,Pratt & Whitney JT8D-7B,1963,-,-, D2-FOO, 18426/15,Air Gemini Cargo,Unknown,-,-,-,-,-,Luanda Airport,LAD,FNLU,Angola,-,-,0,0,-,-,Preliminary
20010109-0,Tuesday,09-JAN-2001,17:20,A1, Taxi (TXI),"Buenos Aires/Ezeiza-Ministro Pistarini Airport, BA (EZE)",Argentina,146,0, Damaged beyond repair,-,Boeing 727-287,3,Pratt & Whitney JT8D-17,1981,-,-, CP-2323, 22605/1787,LAB,International Scheduled Passenger,-,Buenos Aires/Ezeiza-Ministro Pistarini Airport,EZE,SAEZ,Argentina,Santa Cruz-Viru Viru International Airport,VVI,SLVR,Bolivia,8,138,0,0,-,-,Final
20010111-0,Thursday,11-JAN-2001,16:14,A2, Approach (APR),"near Fort Worth-Meacham Field, TX (FTW)",United States of America,3,0, Substantial, Repaired,de Havilland Canada DHC-6 Twin Otter 300,2,Pratt & Whitney Canada PT6A-27,1985,-,6011.0, N824ED, 824,Earth Data Aviation,Executive,-,Alexandria-Esler Field,ESF,KESF,United States of America,Fort Worth-Meacham Field,FTW,KFTW,United States of America,1,2,0,0,-,-,Final
20010111-1,Thursday,11-JAN-2001,-,A1, En route (ENR),"near Parnamirim, BA",Brazil,3,3, Damaged beyond repair,-,IRMA/Britten-Norman BN-2A-21 Islander,-,-,1973,-,-, PT-KNE, 696,LASA,Survey/research,-,-,-,-,-,-,-,-,-,2,1,2,1,-,-,-
20010114-0,Sunday,14-JAN-2001,13:45,A1, Landing (LDG),"Troy Municipal Airport, AL (TOI)",United States of America,2,0, Destroyed, Written off (damaged beyond repair),Learjet 60,2,Pratt & Whitney Canada PW305A,1994,-,2325.0, N1DC, 60-035,Ark-Air Flight,Executive,-,Dallas-Love Field,DAL,KDAL,United States of America,Troy Municipal Airport,TOI,KTOI,United States of America,2,0,0,0,-,-,Final
20010119-0,Friday,19-JAN-2001,-,A1, Unknown (UNK),Kayseri,Turkey,3,3, Damaged beyond repair,-,IPTN/CASA CN-235M-100,2,General Electric CT7-9C,1995,-,-, 097, 097,Turkish AF,Military,-,-,-,-,-,-,-,-,-,3,0,3,0,-,-,Preliminary
20010122-0,Monday,22-JAN-2001,-,H2, En route (ENR),Djibouti,Djibouti,101,0, None,-,Boeing 727-2N8,-,-,-,-,-, registration unknown,-,Yemenia Airways,Domestic Scheduled Passenger, 448,San'a International Airport,SAH,ODSN,Yemen,Taiz-Al Janad Airport,TAI,ODTZ,Yemen,10,91,0,0,-,-,- (No safety board investigation)
20010123-0,Tuesday,23-JAN-2001,21:35,A1, En route (ENR),"Eider Point, AK",United States of America,2,2, Destroyed, Written off (damaged beyond repair),Douglas C-47A-DL (DC-3C),2,Pratt & Whitney R-1830-92,1943,-,55877.0, N19454, 13863,Majestic Air Cargo,Cargo,-,Unalaska Airport,DUT,PADU,United States of America,Anchorage International Airport,ANC,PANC,United States of America,2,0,2,0,-,-,Final
20010123-1,Tuesday,23-JAN-2001,21:30,A1, Approach (APR),12 km (7.5 mls) from  Maiduguri,Nigeria,18,0, Damaged beyond repair,-,Let L-410UVP,-,-,1985,-,-, 9L-LCG, 851531,Eagle Aviation ?,Domestic Non Scheduled Passenger,-,Jos Airport,JOS,DNJO,Nigeria,Maiduguri Airport,MIU,DNMA,Nigeria,4,14,0,0,-,-,Preliminary
20010125-0,Thursday,25-JAN-2001,18:15,A1, En route (ENR),Ciudad Bolívar,Venezuela,24,24, Destroyed, Written off (damaged beyond repair),Douglas C-47A-65-DL (DC-3C),2,Pratt & Whitney R-1830-92,1943,-,-, YV-224C, 19055,Rutaca,Domestic Non Scheduled Passenger, 225,Ciudad Bolívar Airport,CBL,SVCB,Venezuela,Porlamar Airport,PMV,SVMG,Venezuela,4,20,4,20,-,-,Preliminary
20010126-0,Friday,26-JAN-2001,10:30,A1, Landing (LDG),"Sault Ste Marie Municipal-Sanderson Airport, MI",United States of America,4,0, Damaged beyond repair,-,Cessna 500 Citation I,2,Pratt & Whitney Canada JT15D-1,1973,-,8329.0, N234UM, 500-0105,Marlin Air,Private,-,Detroit-Willow Run Airport,YIP,KYIP,United States of America,Sault Ste Marie Municipal-Sanderson Airport,SSM,KANJ,United States of America,2,2,0,0,-,-,Final
20010127-0,Saturday,27-JAN-2001,-,H2, En route (ENR),Abu Dhabi,United Arab Emirates,213,0, None,-,Airbus A340-312,4,CFMI CFM56-5C3,-,-,-, registration unknown,-,Gulf Air,International Scheduled Passenger, 153,Bangkok-Don Muang International Airport,BKK,VTBD,Thailand,Abu Dhabi International Airport,AUH,OMAA,United Arab Emirates,11,202,0,0,-,-,- (No safety board investigation)
20010127-1,Saturday,27-JAN-2001,-,A2, Initial climb (ICL),near Omsk,Russia,33,0, Substantial, Repaired,Antonov An-70,-,-,-,-,-, UR-NTK, 770102,Antonov Design Bureau,Test,-,Omsk Airport,OMS,UNOO,Russia,Yakutsk Airport,YKS,UEEE,Russia,-,-,0,0,-,-,-
20010127-2,Saturday,27-JAN-2001,17:37,A1, En route (ENR),"near Strasburg, CO",United States of America,10,10, Destroyed, Written off (damaged beyond repair),Beechcraft 200 Super King Air,2,Pratt & Whitney Canada PT6A-41,1976,-,-, N81PF, BB-158,Jet Express Services,Domestic Non Scheduled Passenger,-,Broomfield-Jeffco Airport,BJC,KBJC,United States of America,Stillwater Regional Airport,SWO,KSWO,United States of America,2,8,2,8,-,-,Final
20010130-1,Tuesday,30-JAN-2001,16:25,H2, Standing (STD),Bogotá,Colombia,30,0, None,-,Dornier 328-120,2,Pratt & Whitney Canada PW119C,1997,-,-, FAC-1165, 3103,SATENA,Domestic Scheduled Passenger,-,San Vicente Airport,SVI,SKSV,Colombia,Bogotá-Eldorado Airport,BOG,SKBO,Colombia,5,25,0,0,-,-,- (No safety board investigation)
20010131-0,Wednesday,31-JAN-2001,16:49,A1, Approach (APR),"7,8 km (4.9 mls) from  El Yopal Airport (EYP)",Colombia,6,3, Destroyed, Written off (damaged beyond repair),Sud Aviation SE-210 Caravelle 10R,2,Pratt & Whitney JT8D-7A,1966,-,24072.0, HK-3932X, 201,L.A. Suramericanas,Cargo,-,El Yopal Airport,EYP,SKYP,Colombia,Mitú Airport,MVP,SKMU,Colombia,3,3,1,2,-,-,Final
20010131-1,Wednesday,31-JAN-2001,13:15,A1, Landing (LDG),"Donlin Creek Airstrip, AK",United States of America,3,0, Substantial, Written off (damaged beyond repair),Douglas DC-6B,4,Pratt & Whitney R-2800-CB16,1956,-,37052.0, N4390F, 44898/674,Everts Air Fuel,Cargo,-,Fairbanks International Airport,FAI,PAFA,United States of America,-,-,-,-,3,0,0,0,-,-,Final
20010199-0,-,xx-JAN-2001,-,O1, Standing (STD),Ravenna,Italy,0,0, Damaged beyond repair,-,Shorts SC.7 Skyvan 3M-400,2,Garrett TPE331-2-201A,1973,-,-, VH-WGG, SH.1913,Pull Out Skydiving,-,-,-,-,-,-,-,-,-,-,0,0,0,0,-,-,Preliminary
20010199-1,-,xx-JAN-2001,-,O1, Standing (STD),Ravenna,Italy,0,0, Damaged beyond repair,-,Shorts SC.7 Skyvan 3M-400,2,Garrett TPE331-2-201A,1973,-,-, VH-WGL, SH.1914,Pull Out Skydiving,-,-,-,-,-,-,-,-,-,-,0,0,0,0,-,-,Preliminary
20010201-0,Thursday,01-FEB-2001,-,A1, Landing (LDG),Luena Airport (LUO),Angola,22,0, Damaged beyond repair,-,Antonov An-26,-,-,-,-,-, T-224,-,Angolan AF,Military,-,Luau Airport,UAL,FNUA,Angola,Luena Airport,LUO,FNUE,Angola,5,17,0,0,-,-,-
20010204-0,Sunday,04-FEB-2001,19:21,A1, Landing (LDG),Sheffield City Airport (SZD),United Kingdom,28,0, Damaged beyond repair,-,Shorts 360-100,2,Pratt & Whitney Canada PT6A-65AR,1984,-,-, EI-BPD, SH.3656,Aer Arann,International Scheduled Passenger,-,Dublin Airport,DUB,EIDW,Ireland,Sheffield City Airport,SZD,EGSY,United Kingdom,3,25,0,0,-,-,Final
20010207-0,Wednesday,07-FEB-2001,23:09,A1, Landing (LDG),Bilbao Airport (BIO),Spain,143,0, Damaged beyond repair,-,Airbus A320-214,2,CFMI CFM56-5B4/P,2000,869.0,1149.0, EC-HKJ, 1278,Iberia,Domestic Scheduled Passenger,IB1456,Barcelona-El Prat Airport,BCN,LEBL,Spain,Bilbao Airport,BIO,LEBB,Spain,7,136,0,0,-,-,Final
20010208-0,Thursday,08-FEB-2001,19:20,A1, Approach (APR),"Beaver Island Airport, MI",United States of America,6,2, Destroyed, Written off (damaged beyond repair),Swearingen SA227-AT Merlin IVC,2,Garrett TPE331-11U-611G,1981,-,7207.0, N318DH, AT-469,Northern Illinois Flight Center,Domestic Non Scheduled Passenger,-,Chicago-Midway Airport,MDW,KMDW,United States of America,-,-,-,-,2,4,2,0,-,-,Final
20010208-1,Thursday,08-FEB-2001,15:40,A1, Approach (APR),"0,2 km (0.1 mls) from  Nürnberg Airport (NUE)",Germany,3,3, Destroyed, Written off (damaged beyond repair),Learjet 35A,2,Garrett TFE731-2-2B,1981,-,-, I-MOCO, 35A-445,E.A.S. Aeroservizi,Ferry/positioning,-,Nürnberg Airport,NUE,EDDN,Germany,Roma-Ciampino Airport,CIA,LIRA,Italy,2,1,2,1,-,-,Final
20010210-0,Saturday,10-FEB-2001,-,A1, Approach (APR),3 km (1.9 mls) from  Jacobkondre,Suriname,10,10, Damaged beyond repair,-,GAF Nomad N.24A,2,Allison 250-B17B,1978,-,-, PZ-TBP,  73,Gum Air,Domestic Non Scheduled Passenger,-,Paramaribo-Zanderij International Airport,PBM,SMJP,Suriname,-,-,-,-,1,9,1,9,-,-,Preliminary
20010211-0,Sunday,11-FEB-2001,-,A1, Takeoff (TOF),Jakarta-Pondok Cabe Airport (PCB),Indonesia,14,0, Damaged beyond repair,-,CASA C-212-M Aviocar 200,-,-,-,-,-, A-9119,-,Indonesian Army,Military,-,Jakarta-Pondok Cabe Airport,PCB,WIHP,Indonesia,-,-,-,-,-,-,0,0,-,-,Preliminary
20010219-0,Monday,19-FEB-2001,-,A2, Takeoff (TOF),Luena Airport (LUO),Angola,-,0, Substantial,-,Antonov An-26,-,-,-,-,-, T-225,-,Angolan AF,Military,-,Luena Airport,LUO,FNUE,Angola,-,-,-,-,-,-,0,0,-,-,-
20010223-0,Friday,23-FEB-2001,10:19,A2, Landing (LDG),Berlin-Tempelhof Airport (THF),Germany,2,0, Substantial, Repaired,Cessna 525 CitationJet,2,Williams International FJ44-1A,-,-,-, D-IWHL, 525-0029,private,Executive,-,Hamburg-Fuhlsbüttel Airport,HAM,EDDH,Germany,Berlin-Tempelhof Airport,THF,EDDI,Germany,2,0,0,0,-,-,Final
20010227-0,Tuesday,27-FEB-2001,17:31,A1, Initial climb (ICL),near Granton Harbour,United Kingdom,2,2, Damaged beyond repair,-,Shorts 360-100,2,Pratt & Whitney Canada PT6A-67R,1987,-,-, G-BNMT, SH.3723,Loganair,Cargo, 670A,Edinburgh-Turnhouse Airport,EDI,EGPH,United Kingdom,Belfast International Airport,BFS,EGAA,United Kingdom,2,0,2,0,-,-,Final
20010303-0,Saturday,03-MAR-2001,09:55,A1, En route (ENR),"near Unadilla, GA",United States of America,21,21, Destroyed, Written off (damaged beyond repair),Shorts C-23B+ Sherpa (330),2,Pratt & Whitney Canada PT6A-65AR,1985,-,-, 93-1336, SH.3420,Florida ANG,Military,PAT528,-,-,-,-,Oceana NAS,NTU,KNTU,United States of America,3,18,3,18,-,-,Final
20010303-1,Saturday,03-MAR-2001,14:48,A1, Standing (STD),Bangkok International Airport (BKK),Thailand,8,1, Damaged beyond repair,-,Boeing 737-4D7,2,CFMI CFM56-3C1,1991,-,-, HS-TDC, 25321/2113,Thai Airways International,Domestic Scheduled Passenger, 114,Bangkok-Don Muang International Airport,BKK,VTBD,Thailand,Chiang Mai International Airport,CNX,VTCC,Thailand,8,0,1,0,-,-,Final
20010307-0,Wednesday,07-MAR-2001,-,A1, Landing (LDG),"São Paulo-Guarulhos International Airport, SP (GRU)",Brazil,3,0, Damaged beyond repair,-,Boeing 707-331C,4,Pratt & Whitney JT3D-3B (HK2),1964,26500.0,67600.0, PT-MST, 18711/370,Skymaster Airlines,Cargo,-,Belém/Val-de-Cans International Airport,BEL,SBBE,Brazil,São Paulo-Guarulhos International Airport,GRU,SBGR,Brazil,3,0,0,0,-,-,Preliminary
20010308-0,Thursday,08-MAR-2001,21:20,A2, Landing (LDG),Hamburg-Fuhlsbüttel Airport (HAM),Germany,1,0, Substantial, Repaired,Cessna 525 CitationJet,2,Williams International FJ44-1A,1998,-,-, N909M, 525-0249,Wilmington Trust,Unknown,-,Mannheim Airport,MHG,EDFM,Germany,Hamburg-Fuhlsbüttel Airport,HAM,EDDH,Germany,1,0,0,0,-,-,Final
20010311-0,Sunday,11-MAR-2001,17:37,A1, Landing (LDG),Pohnpei Airport (PNI),Micronesia,3,0, Damaged beyond repair,-,Boeing 727-223F,3,Pratt & Whitney JT8D-15 (HK3),1981,-,-, N701NE, 22459/1742,Express One,Cargo,-,Majuro-Amata Kabua International Airport,MAJ,PKMJ,Marshall Islands,Pohnpei Airport,PNI,PTPN,Micronesia,3,0,0,0,-,-,Preliminary
20010315-0,Thursday,15-MAR-2001,21:30,A1, En route (ENR),"Donalsonville, GA",United States of America,2,0, Substantial, Written off (damaged beyond repair),Douglas C-47A-80-DL (DC-3),2,Pratt & Whitney R-1830-90D,1944,-,-, N842MB, 19741,Jim Hankins Air Service,Cargo,  41,Panama City-Bay County International Airport,PFN,KPFN,United States of America,Albany-Dougherty County Airport,ABY,KABY,United States of America,2,0,0,0,-,-,Final
20010315-1,Thursday,15-MAR-2001,-,H2, En route (ENR),Madinah-Mohammad Bin Abdulaziz Airport (MED),Saudi Arabia,174,3, Unknown,-,Tupolev Tu-154M,3,Soloviev D-30KU-154-II,1986,-,-, RA-85619, 86A738,Vnukovo Airlines,Int'l Non Scheduled Passenger,V52806,Istanbul-Atatürk International Airport,IST,LTBA,Turkey,-,-,-,-,12,162,1,2,-,-,-
20010317-0,Saturday,17-MAR-2001,10:00,A1, Approach (APR),Quilemba,Angola,17,16, Damaged beyond repair,-,Beechcraft 1900C-1,2,Pratt & Whitney Canada PT6A-65B,1991,-,-, S9-CAE, UC-142,SAL Express,Domestic Scheduled Passenger,-,Luanda-4 de Fevereiro Airport,LAD,FNLU,Angola,Lubango Airport,SDD,FNUB,Angola,2,15,2,14,-,-,Preliminary
20010317-1,Saturday,17-MAR-2001,07:05,A2, Takeoff (TOF),"Detroit-Metropolitan Wayne County Airport, MI (DTW)",United States of America,151,0, Substantial, Repaired,Airbus A320-212,2,CFMI CFM56-5A3,1998,-,9346.0, N357NW, 830,Northwest Airlines,Domestic Scheduled Passenger, 985,Detroit-Metropolitan Wayne County Airport,DTW,KDTW,United States of America,Miami International Airport,MIA,KMIA,United States of America,6,145,0,0,-,-,Final
20010319-0,Monday,19-MAR-2001,18:30,A2, En route (ENR),"near West Palm Beach, FL",United States of America,27,0, Substantial, Repaired,Embraer EMB-120RT Brasilia,2,Pratt & Whitney Canada PW118,1992,-,22154.0, N266CA, 120258,Delta Connection,International Scheduled Passenger,5054,Nassau International Airport,NAS,MYNN,Bahamas,Orlando International Airport,MCO,KMCO,United States of America,2,25,0,0,-,-,Final
20010319-1,Monday,19-MAR-2001,17:45,A2, Maneuvering (MNV),near Berlin,Germany,2,0, Substantial, Repaired,Beechcraft 300 Super King Air,-,-,1990,-,-, D-CINA, FL-7,Private Wings,Training,-,Berlin-Tempelhof Airport,THF,EDDI,Germany,Berlin-Schönefeld Airport,SXF,EDDB,Germany,2,0,0,0,-,-,Preliminary - official
20010323-0,Friday,23-MAR-2001,04:30,A1, Landing (LDG),Monrovia-Roberts International Airport (ROB),Liberia,182,0, Damaged beyond repair,-,Boeing 707-3B4C,4,Pratt & Whitney JT3D-3B (HK2),1969,27300.0,55500.0, SU-BMV, 20260/823,Luxor Air Egypt,Int'l Non Scheduled Passenger,-,Jeddah-King Abdulaziz International Airport,JED,OEJN,Saudi Arabia,Monrovia-Roberts International Airport,ROB,GLRB,Liberia,7,175,0,0,-,-,Preliminary
20010324-0,Saturday,24-MAR-2001,16:28,A1, Approach (APR),Saint-Barthélémy,Guadeloupe,19,19, Damaged beyond repair,-,de Havilland Canada DHC-6 Twin Otter 300,2,Pratt & Whitney Canada PT6A-27,1969,89331.0,35680.0, F-OGES, 254,Air Caraïbes,International Scheduled Passenger,1501,Sint Maarten-Juliana Airport,SXM,TNCM,Sint Maarten,Saint-Barthélémy Airport,SBH,TFFJ,Guadeloupe,2,17,2,17,-,1,Final
20010326-0,Monday,26-MAR-2001,18:25,A1, Approach (APR),3 km (1.9 mls) N of Surabaya-Juanda Airport (SUB),Indonesia,3,3, Damaged beyond repair,-,Fokker F-27 Friendship 500F,2,Rolls-Royce Dart 532-7R,1981,38200.0,31300.0, PK-MFL, 10609,Merpati Nusantara,Training,-,Surabaya-Juanda Airport,SUB,WARR,Indonesia,Surabaya-Juanda Airport,SUB,WARR,Indonesia,3,0,3,0,-,-,Preliminary - official
20010326-1,Monday,26-MAR-2001,-,A1, Approach (APR),15 km (9.4 mls) SSW of Nürnberg Airport (NUE),Germany,2,2, Damaged beyond repair,-,Beechcraft RC-12K Huron (A200CT Super King Air),-,-,1987,-,-, 85-0154, FE-8,US Army,Military,-,-,-,-,-,Nürnberg Airport,NUE,EDDN,Germany,2,0,2,0,-,-,-
20010329-0,Thursday,29-MAR-2001,19:01,A1, Approach (APR),"0,7 km (0.4 mls) N of Aspen Airport, CO (ASE)",United States of America,18,18, Destroyed, Written off (damaged beyond repair),Gulfstream American G-1159 Gulfstream II,2,Rolls-Royce Spey 511-8,1980,3507.0,7266.0, N303GA, 303,Avjet Corp,Domestic Non Scheduled Passenger,-,Los Angeles International Airport,LAX,KLAX,United States of America,Aspen Airport,ASE,KASE,United States of America,3,15,3,15,-,-,Final
20010330-0,Friday,30-MAR-2001,-,O1, Standing (STD),Freeport-Grand Bahama International Airport (FPO),Bahamas,0,0, Damaged beyond repair,-,ATR 42-310,2,Pratt & Whitney Canada PW120,1986,36600.0,28000.0, N37AE, 037,American Eagle Airlines,-,-,-,-,-,-,-,-,-,-,0,0,0,0,-,-,-
20010331-0,Saturday,31-MAR-2001,12:15,A1, Initial climb (ICL),"Decatur-Bishop Airfield, TX",United States of America,22,0, Substantial, Written off (damaged beyond repair),de Havilland Canada DHC-3 Otter,1,Garrett TPE331-10-511,1956,-,6633.0, N120BA, 115,Bishop Aviation,Parachuting,-,-,-,-,-,-,-,-,-,1,21,0,0,-,-,Final
20010402-0,Monday,02-APR-2001,16:29,A1, Initial climb (ICL),"Ashwaubenon, WI",United States of America,1,1, Destroyed, Written off (damaged beyond repair),Cessna 501 Citation I/SP,2,Pratt & Whitney Canada JT15D-1,-,-,5856.0, N405PC, 501-0150,Jet Wings,Ferry/positioning,-,Green Bay-Austin-Straubel Field,GRB,KGRB,United States of America,Fort Myers-Southwest Florida Regional Airport,RSW,KRSW,United States of America,1,0,1,0,-,-,Final
20010404-0,Wednesday,04-APR-2001,12:20,A1, Initial climb (ICL),"1,6 km (1 mls) E of San Juan-Luis Muñoz Marín International Airport (SJU)",Puerto Rico,2,0, Damaged beyond repair,-,Douglas DC-3A-S1C3G,2,Pratt & Whitney R-1830,1942,-,39832.0, N19BA, 4986,Roblex Aviation,Training,-,San Juan-Luis Muñoz Marín International Airport,SJU,TJSJ,Puerto Rico,San Juan-Luis Muñoz Marín International Airport,SJU,TJSJ,Puerto Rico,2,0,0,0,-,-,Final
20010404-1,Wednesday,04-APR-2001,-,A1, Takeoff (TOF),Adar Yel,South Sudan,30,14, Damaged beyond repair,-,Antonov An-26,-,-,-,-,-, registration unknown,-,Sudan AF,Military,-,-,-,-,-,Khartoum-Civil Airport,KRT,HSSS,Sudan,-,-,-,-,-,-,Preliminary
20010404-2,Wednesday,04-APR-2001,-,A1, Landing (LDG),"St. John's Airport, NL (YYT)",Canada,2,0, Damaged beyond repair,-,Boeing 737-2E1F,2,Pratt & Whitney JT8D-9A,1973,-,-, C-GDCC, 20681/319,Royal Airlines,Cargo,-,Halifax International Airport,YHZ,CYHZ,Canada,St. John's Airport,YYT,CYYT,Canada,2,0,0,0,-,-,Final
20010404-3,Wednesday,04-APR-2001,-,A1, En route (ENR),near Malange Airport (MEG),Angola,6,0, Damaged beyond repair,-,Antonov An-32,-,-,1989,-,-, D2-FDP, 1810,Associação dos Pilotos de Angola,Cargo,-,Luanda Airport,LAD,FNLU,Angola,Cafunfo Airport,CFF,FNCF,Angola,6,0,0,0,-,-,-
20010405-0,Thursday,05-APR-2001,08:15,A1, En route (ENR),Las Majaguas,Venezuela,8,0, Damaged beyond repair,-,Beechcraft 200 Super King Air,-,-,1981,-,-, YV-O-SATA-6, BB-770,SATA,Unknown,-,-,-,-,-,Barinas Airport,BNS,SVBI,Venezuela,2,6,0,0,-,-,-
20010407-0,Saturday,07-APR-2001,12:12,A1, Landing (LDG),"Grande Prairie Airport, AB (YQU)",Canada,5,0, Substantial, Written off (damaged beyond repair),Beechcraft 100 King Air,-,-,1970,-,-, C-FWPN, B-51,Alberta Central Airways,Passenger,-,Fort St. John Airport,YXJ,CYXJ,Canada,Grande Prairie Airport,YQU,CYQU,Canada,-,-,0,0,-,-,Preliminary - official
20010410-0,Tuesday,10-APR-2001,-,A1, Initial climb (ICL),6 km (3.8 mls) from  Nouadhibou Airport (NDB),Mauritania,6,0, Damaged beyond repair,-,Antonov An-12BK,-,-,1981,-,-, 3C-AWU, 8345804 ?,Air West,Domestic Non Scheduled Passenger,-,Nouadhibou Airport,NDB,GQPP,Mauritania,Nouakchott Airport,NKC,GQNN,Mauritania,-,-,0,0,-,-,Preliminary
20010412-0,Thursday,12-APR-2001,22:10,A2, Pushback / towing (PBT),"Cleveland-Hopkins International Airport, OH (CLE)",United States of America,3,0, Substantial, Repaired,Embraer EMB-135LR (ERJ-135LR),-,-,-,-,319.7, N735TS, 145386,American Eagle,Ferry/positioning,9766,Cleveland-Hopkins International Airport,CLE,KCLE,United States of America,Norfolk International Airport,ORF,KORF,United States of America,3,0,0,0,-,-,Final
20010415-0,Sunday,15-APR-2001,-,A1, Unknown (UNK),near Tembo,Democratic Republic of the Congo,9,0, Damaged beyond repair,-,Cessna 208B Grand Caravan,1,Pratt & Whitney Canada PT6A-114A,1997,-,-, ZS-OCZ, 208B0617,Union Charter Trust,Unknown,-,-,-,-,-,-,-,-,-,-,-,0,0,-,-,Preliminary
20010418-0,Wednesday,18-APR-2001,-,A1, Takeoff (TOF),Oostende Airport (OST),Belgium,8,0, Damaged beyond repair,-,Ilyushin Il-76MD,-,-,1983,-,-, UR-78821, 0093496914,Dart,Cargo,-,Oostende Airport,OST,EBOS,Belgium,Algiers-Houari Boumediene Airport,ALG,DAAG,Algeria,8,0,0,0,-,-,Preliminary
20010423-0,Monday,23-APR-2001,17:45,A1, Takeoff (TOF),3 km (1.9 mls) from  Kobyay Airstrip,Russia,14,0, Destroyed, Written off (damaged beyond repair),Antonov An-2T,-,-,-,3112.0,2135.0, RA-01122, 1G238-04,Yakustk Air Enterprise,Ambulance,-,-,-,-,-,-,-,-,-,2,12,0,0,-,-,-
20010425-0,Wednesday,25-APR-2001,17:30,A1, Maneuvering (MNV),Stanitsa Nekrasovskaya,Russia,2,0, Destroyed, Written off (damaged beyond repair),Antonov An-2R,-,-,1983,-,-, RA-17832, 1G204-33,Adygeya-Avia,Agricultural,-,-,-,-,-,-,-,-,-,2,0,0,0,-,-,Preliminary - official
20010426-0,Thursday,26-APR-2001,19:45,A1, En route (ENR),"4,8 km (3 mls) S of Plattsburgh International Airport, NY (PLB)",United States of America,1,0, Substantial, Written off (damaged beyond repair),Cessna 208B Super Cargomaster,1,Pratt & Whitney Canada PT6A-114,1988,-,5993.0, N974FE, 208B0099,FedEx,Cargo,7417,Plattsburgh-Clinton County Airport,PLB,KPLB,United States of America,Albany Airport,ALB,KALB,United States of America,1,0,0,0,-,-,Final
20010426-1,Thursday,26-APR-2001,-,H2, En route (ENR),Khartoum,Sudan,51,0, Unknown,-,Antonov An-12,-,-,-,-,-, registration unknown,-,Ethiopian AF,Military,-,-,-,-,-,Addis Ababa-Bole Airport,ADD,HAAB,Ethiopia,-,-,0,0,-,-,-
20010427-1,Friday,27-APR-2001,-,A1, Initial climb (ICL),S of Gorkovskiy,Russia,2,0, Damaged beyond repair,-,Antonov An-2SX,-,-,1986,-,-, RA-40997, 1G217-37,Virazh,Agricultural,-,-,-,-,-,-,-,-,-,2,0,0,0,-,-,-
20010428-0,Saturday,28-APR-2001,05:17,A1, En route (ENR),"12 km (7.5 mls) from  Roque Pérez, BA",Argentina,10,10, Damaged beyond repair,-,Cessna 208B Grand Caravan,1,Pratt & Whitney Canada PT6A-114A,1996,-,-, LV-WSC, 208B0580,Les Grands Jorasses,Domestic Non Scheduled Passenger,-,-,-,-,-,Trelew Airport,REL,SAVT,Argentina,2,8,2,8,-,-,Final
20010429-0,Sunday,29-APR-2001,13:12,A1, Maneuvering (MNV),"4 km (2.5 mls) NW of Nagambie, VIC",Australia,12,1, Damaged beyond repair,-,Cessna 208 Caravan I,1,Pratt & Whitney Canada PT6A-114,1985,-,8576.0, VH-MMV, 20800003,private,Parachuting,-,-,-,-,-,-,-,-,-,1,11,0,1,-,-,Final
20010430-0,Monday,30-APR-2001,19:00,A2, Landing (LDG),Florence-Peretola Airport (FLR),Italy,4,0, Substantial, Repaired,Cessna 560 Citation V,2,Pratt & Whitney Canada JT15D-5A,1990,4956.0,5363.0, OE-GSW, 560-0088,Tyrolean Jet Services,Domestic Non Scheduled Passenger,-,Innsbruck-Kranebitten Airport,INN,LOWI,Austria,Florence-Peretola Airport,FLR,LIRQ,Italy,2,2,0,0,-,-,Final
20010501-1,Tuesday,01-MAY-2001,14:37,A2, Standing (STD),"Minneapolis-St. Paul International Airport, MN (MSP)",United States of America,42,0, Substantial, Repaired,McDonnell Douglas DC-9-31,2,Pratt & Whitney JT8D-9A (HK3),1968,-,-, N9333, 47246/292,Northwest Airlines,Domestic Scheduled Passenger,NW682,Minneapolis-St. Paul International Airport,MSP,KMSP,United States of America,Philadelphia International Airport,PHL,KPHL,United States of America,4,38,0,0,-,-,Final
20010503-0,Thursday,03-MAY-2001,19:16,A2, Takeoff (TOF),"Cooma Airport, NSW (OOM)",Australia,-,0, Substantial, Repaired,Beechcraft 1900D,-,-,1996,-,-, VH-IMH, 	UE-230,QantasLink/Impulse,Domestic Scheduled Passenger,-,Cooma Airport,OOM,YCOM,Australia,Sydney-Kingsford Smith International Airport,SYD,YSSY,Australia,-,-,0,0,-,-,Final
20010505-0,Saturday,05-MAY-2001,08:58,A1, Approach (APR),"4,8 km (3 mls) S of Steamboat Springs Airport, CO (SBS)",United States of America,1,1, Destroyed, Written off (damaged beyond repair),Cessna 208B Super Cargomaster,1,Pratt & Whitney Canada PT6A-114A,1987,-,8690.0, N948FE, 208B0052,FedEx,Cargo,8810,Casper Airport,CPR,KCPR,United States of America,Steamboat Springs Airport,SBS,KSBS,United States of America,1,0,1,0,-,-,Final
20010510-0,Thursday,10-MAY-2001,12:32,A2, Landing (LDG),Liverpool International Airport (LPL),United Kingdom,51,0, Substantial, Repaired,McDonnell Douglas DC-9-83 (MD-83),2,Pratt & Whitney JT8D-219,1989,21327.0,42293.0, EC-FXI, 49630/1591,Spanair,Int'l Non Scheduled Passenger,JK3203,Palma de Mallorca Airport,PMI,LEPA,Spain,Liverpool International Airport,LPL,EGGP,United Kingdom,6,45,0,0,-,-,Final
20010510-1,Thursday,10-MAY-2001,-,A1, Landing (LDG),Nzagi Airport (NZA),Angola,11,0, Substantial, Written off (damaged beyond repair),Boeing 727-44F,3,Pratt & Whitney JT8D-7B,1965,-,-, D2-FCK, 18892/148,Angola Air Charter,Cargo,-,Luanda-4 de Fevereiro Airport,LAD,FNLU,Angola,Nzagi Airport,NZA,FNZG,Angola,5,6,0,0,-,-,Preliminary
20010513-0,Sunday,13-MAY-2001,-,O1, Standing (STD),"Omaha-Eppley Airfield, NE (OMA)",United States of America,0,0, Damaged beyond repair,-,Boeing 727-222,3,Pratt & Whitney JT8D-15,1978,-,-, N7274U, 21421/1383,United Airlines,-,-,-,-,-,-,-,-,-,-,0,0,0,0,-,-,-
20010516-0,Wednesday,16-MAY-2001,-,A1, En route (ENR),near Malatya,Turkey,34,34, Damaged beyond repair,-,IPTN/CASA CN-235M-100,2,General Electric CT7-9C,1995,-,-, 086, 086,Turkish AF,Military,-,Diyarbakir Airport,DIY,LTCC,Turkey,-,-,-,-,6,28,6,28,-,-,Preliminary
20010517-0,Thursday,17-MAY-2001,07:45,A1, En route (ENR),20 km (12.5 mls) S of Sari,Iran,30,30, Damaged beyond repair,-,Yakovlev Yak-40,3,Ivchenko AI-25,1977,6706.0,11156.0, EP-TQP, 9740856,Faraz Qeshm,Domestic Non Scheduled Passenger,-,Tehran-Mehrabad Airport,THR,OIII,Iran,-,-,-,-,5,25,5,25,-,-,Preliminary
20010517-1,Thursday,17-MAY-2001,12:20,A1, Initial climb (ICL),"Mendoza-El Plumerillo Airport, MD (MDZ)",Argentina,5,5, Damaged beyond repair,-,Fokker F-27 Friendship 400M,2,Rolls-Royce Dart 532-7,1969,-,-, TC-76, 10412,Argentine AF,Military,-,Mendoza-El Plumerillo Airport,MDZ,SAME,Argentina,Paraná AB,PRA,SAAP,Argentina,5,0,5,0,-,-,Preliminary
20010518-0,Friday,18-MAY-2001,-,A1, Initial climb (ICL),near Ankara-Etimesgut Airport (ANK),Turkey,4,4, Damaged beyond repair,-,IPTN/CASA CN-235MP-100M,2,General Electric CT7-9C,2001,-,-, TCSG-552, 153,Turkish Navy,Military,-,Ankara-Etimesgut Airport,ANK,LTAD,Turkey,-,-,-,-,4,0,4,0,-,-,Preliminary
20010522-0,Tuesday,22-MAY-2001,16:35,A1, En route (ENR),"3 km (1.9 mls) from  Myakotino, Zubtsov district, Tver region",Russia,7,7, Damaged beyond repair,-,Antonov An-12B,4,Ivchenko AI-20DM,1970,-,-, RA-12135, 00347002,Russian AF,Military,-,-,-,-,-,-,-,-,-,7,0,7,0,-,-,Preliminary
20010522-1,Tuesday,22-MAY-2001,13:25,A1, Landing (LDG),"Yellowknife Airport, NT (YZF)",Canada,104,0, Damaged beyond repair,-,Boeing 737-210C,2,Pratt & Whitney JT8D-9A,1975,-,-, C-GNWI, 21066/413,First Air,Domestic Scheduled Passenger, 953,Edmonton International Airport,YEG,CYEG,Canada,Yellowknife Airport,YZF,CYZF,Canada,6,98,0,0,-,-,Final
20010523-0,Wednesday,23-MAY-2001,15:04,A1, Landing (LDG),"Dallas/Fort Worth International Airport, TX (DFW)",United States of America,92,0, Substantial, Written off (damaged beyond repair),Fokker 100,2,Rolls-Royce Tay 650-15,1992,-,21589.0, N1419D, 11402,American Airlines,Domestic Scheduled Passenger,AA1107,Charlotte-Douglas Airport,CLT,KCLT,United States of America,Dallas/Fort Worth International Airport,DFW,KDFW,United States of America,4,88,0,0,-,-,Final
20010599-0,-,xx-MAY-2001,-,A1, Landing (LDG),near Lagos-Murtala Muhammed Airport (LOS),Nigeria,4,0, Damaged beyond repair,-,Hawker Siddeley HS-125-600B,-,-,1975,-,-, 5N-RNO, 256054,Chrome Air,Unknown,-,Yola Airport,YOL,DNYO,Nigeria,Lagos-Murtala Muhammed International Airport,LOS,DNMM,Nigeria,2,2,0,0,-,-,Preliminary
20010602-0,Saturday,02-JUN-2001,-,A1, En route (ENR),"Metallurg, Volgograd region",Russia,3,3, Damaged beyond repair,-,Antonov An-2,-,-,-,-,-, registration unknown,-,Volgograd Air Club,Parachuting,-,-,-,-,-,-,-,-,-,1,2,1,2,-,-,-
20010605-0,Tuesday,05-JUN-2001,10:49,A2, En route (ENR),"near Jersey-States Airport, Channel Islands (JER)",United Kingdom,3,0, Minor, Repaired,Fokker F-27 Friendship 500,2,Rolls-Royce Dart 532-7,1983,20000.0,17000.0, G-CEXF, 10660,Channel Express,Ferry/positioning,-,Jersey-States Airport,JER,EGJJ,United Kingdom,Bournemouth International Airport,BOH,EGHH,United Kingdom,3,0,0,0,-,-,Final
20010607-0,Thursday,07-JUN-2001,02:13,A1, Landing (LDG),4 km (2.5 mls) N of Santiago de Compostella (SCQ),Spain,2,0, Destroyed, Written off (damaged beyond repair),Beechcraft B300C Super King Air 350,2,Pratt & Whitney Canada PT6A-60A,1990,7451.0,5331.0, F-GOAE, FM-1,Aerope 3S Aviation,Cargo, 062,Le Mans-Arnage Airport,LME,LFRM,France,Santiago de Compostela Airport,SCQ,LEST,Spain,2,0,0,0,-,-,Final
20010607-1,Thursday,07-JUN-2001,11:40,A1, Landing (LDG),"Victorville Airport, CA (VCV)",United States of America,3,0, Substantial, Written off (damaged beyond repair),Learjet 24A,-,-,1966,-,-, N805NA, 24-102,NASA,Training,-,Edwards AFB,EDW,KEDW,United States of America,Edwards AFB,EDW,KEDW,United States of America,2,1,0,0,-,-,Final
20010608-0,Friday,08-JUN-2001,03:30,C2, Approach (APR),18 km (11.3 mls) from  Luena,Angola,3,0, Substantial, Repaired,Boeing 727-90C,3,Pratt & Whitney JT8D-7B (HK),1966,-,-, S9-BOG, 19170/332,Transafrik,Cargo,-,-,-,-,-,Luena Airport,LUO,FNUE,Angola,3,0,0,0,-,-,-
20010612-0,Tuesday,12-JUN-2001,13:00,A1, Landing (LDG),"Salina Airport, KS (SLN)",United States of America,2,0, Destroyed, Written off (damaged beyond repair),Learjet 25D,2,General Electric CJ610-8A,1978,-,8419.0, N333CG, 25-262,Avcon Industries,Test,-,Newton City-County Airport,EWK,KEWK,United States of America,Newton City-County Airport,EWK,KEWK,United States of America,2,0,0,0,-,-,Final
20010614-0,Thursday,14-JUN-2001,16:08,A1, Landing (LDG),Båtsfjord Airport (BJF),Norway,27,0, Damaged beyond repair,-,de Havilland Canada DHC-8-103,2,Pratt & Whitney Canada PW121,1990,29469.0,23935.0, LN-WIS, 247,Widerøes Flyveselskap,Domestic Scheduled Passenger, 954,Alta Airport,ALF,ENAT,Norway,Båtsfjord Airport,BJF,ENBS,Norway,3,24,0,0,-,-,Final
20010615-0,Friday,15-JUN-2001,-,A1, Landing (LDG),Jayapura-Sentani Airport (DJJ),Indonesia,16,1, Damaged beyond repair,-,Transall C-160NG,2,Rolls-Royce Tyne 522,1985,-,-, PK-VTP, F-234,Manunggal Air,Passenger,-,Jayapura-Sentani Airport,DJJ,WAJJ,Indonesia,Wamena Airport,WMX,WAJW,Indonesia,2,14,0,1,-,-,Preliminary
20010618-0,Monday,18-JUN-2001,-,A1, Landing (LDG),Tel Aviv-Ben Gurion International Airport (TLV),Israel,42,0, Damaged beyond repair,-,ATR 42-320,2,Pratt & Whitney Canada PW121,1987,-,-, 4X-ATK, 073,Israir,Unknown,-,-,-,-,-,Tel Aviv-Ben Gurion International Airport,TLV,LLBG,Israel,3,39,0,0,-,-,-
20010625-0,Monday,25-JUN-2001,10:21,A1, En route (ENR),"Cootamundra Airport, NSW (CMD)",Australia,9,0, Damaged beyond repair,-,Embraer EMB-110P1 Bandeirante,2,Pratt & Whitney Canada PT6A-34,1980,-,-, VH-OZG, 110241,Airtex Aviation,Domestic Non Scheduled Passenger,-,Sydney-Kingsford Smith International Airport,SYD,YSSY,Australia,Griffith Airport,GFF,YGTH,Australia,1,8,0,0,-,-,Final
20010626-0,Tuesday,26-JUN-2001,22:03,A2, Taxi (TXI),"La Ronge Airport, SK (YVC)",Canada,-,0, Substantial, Repaired,British Aerospace 3112 Jetstream 31,2,Garrett TPE331-10UGR,1987,-,-, C-GPDC, 766,La Ronge Aviation Services,Passenger,TW278,-,-,-,-,La Ronge Airport,YVC,CYVC,Canada,-,-,0,0,-,-,-
20010702-1,Monday,02-JUL-2001,08:50,A2, Landing (LDG),"Lake Minchumina Airport, AK (MHM)",United States of America,4,0, Substantial, Repaired,Lockheed L-100-30 Hercules,-,-,1975,-,31652.0, N401LC, 4606,Lynden Air Cargo,Cargo,-,Anchorage-Ted Stevens International Airport,ANC,PANC,United States of America,Lake Minchumina Airport,MHM,PAMH,United States of America,4,0,0,0,-,-,Final
20010704-0,Wednesday,04-JUL-2001,02:08,A1, Approach (APR),near Burdakovka,Russia,145,145, Destroyed, Written off (damaged beyond repair),Tupolev Tu-154M,3,Soloviev D-30KU-154-II,1986,11387.0,20953.0, RA-85845, 86A735,Vladivostokavia,Domestic Scheduled Passenger, 352,Ekaterinburg-Koltsovo Airport,SVX,USSS,Russia,Irkutsk Airport,IKT,UIII,Russia,9,136,9,136,-,-,Final
20010706-0,Friday,06-JUL-2001,19:00,A1, En route (ENR),"32 km (20 mls) E off  Fort Lauderdale, FL, USA",Atlantic Ocean,2,0, Damaged beyond repair,-,Cessna 208B Grand Caravan,1,Pratt & Whitney Canada PT6A-114A,1996,-,-, N812MA, 208B0553,Maxfly Aviation,Ferry/positioning,-,Freeport-Grand Bahama International Airport,FPO,MYGF,Bahamas,Fort Lauderdale International Airport,FLL,KFLL,United States of America,2,0,0,0,-,-,Final
20010706-1,Friday,06-JUL-2001,19:00,A1, En route (ENR),78 km (48.8 mls) NE of Lyon,France,211,0, Substantial, Written off (damaged beyond repair),Lockheed L-1011-385-1-14 TriStar 150,3,Rolls-Royce RB211-22B,1972,24979.0,66223.0, C-FTNA, 1019,Air Transat,Int'l Non Scheduled Passenger, 906,Lyon Saint-Exupéry Airport,LYS,LFLL,France,Berlin-Schönefeld Airport,SXF,EDDB,Germany,14,197,0,0,-,-,Final
20010709-0,Monday,09-JUL-2001,13:25,A2, Landing (LDG),"Titusville-Space Center Executive Airport, FL (TIX)",United States of America,4,0, Substantial, Repaired,Douglas C-47A-65-DL (DC-3),2,Pratt & Whitney R-1830-92,1943,-,14153.0, N3239T, 19054,Valiant Air Command,Demonstration,-,Southern Pines-Pinehurst Airport,SOP,KSOP,United States of America,Titusville-Space Center Executive Airport,TIX,KTIX,United States of America,2,2,0,0,-,-,Final
20010710-0,Tuesday,10-JUL-2001,16:46,A1, En route (ENR),2 km (1.3 mls) from  Viacha,Bolivia,13,0, Damaged beyond repair,-,Cessna 208B Grand Caravan,1,Pratt & Whitney Canada PT6A-114A,2000,-,-, CP-2395, 208B0842,Línea Aérea Amaszonas,Domestic Non Scheduled Passenger,-,La Paz-El Alto Airport,LPB,SLLP,Bolivia,Rurrenabaque Airport,RBQ,SLRQ,Bolivia,2,11,0,0,-,-,Final
20010712-0,Thursday,12-JUL-2001,12:46,A1, Takeoff (TOF),near Puerto Cabello Airport (PBL),Venezuela,13,13, Damaged beyond repair,-,PZL-Mielec M28 Skytruck,-,-,1996,-,-, YV-117CP, AJE 001-10,Overtec,Demonstration,-,Puerto Cabello Airport,PBL,SVPC,Venezuela,-,-,-,-,2,11,2,11,-,-,Preliminary
20010712-1,Thursday,12-JUL-2001,11:30,A1, Maneuvering (MNV),"Zenino, Veydelev district",Russia,3,0, Substantial, Written off (damaged beyond repair),Antonov An-2R,-,-,1988,8642.0,2153.0, RA-01447, 1G231-28,Belgavia-PANKh,Agricultural,-,-,-,-,-,-,-,-,-,3,0,0,0,-,-,Preliminary - official
20010714-0,Saturday,14-JUL-2001,08:53,A1, Initial climb (ICL),"1,5 km (0.9 mls) from  Chkalovsky Airport (CKL)",Russia,10,10, Damaged beyond repair,-,Ilyushin Il-76TD,4,Soloviev D-30KP-2,1984,1831.0,3523.0, RA-76588, 0043451530,Russ Air,Cargo,9633,Chkalovsky Airport,CKL,UUMU,Russia,Noril'sk Airport,NSK,UOOO,Russia,8,2,8,2,-,-,Final
20010717-0,Tuesday,17-JUL-2001,13:00,A2, Landing (LDG),Tulcán Airport (TUA),Ecuador,76,0, Substantial, Repaired,Fokker F-28 Fellowship 4000,2,Rolls-Royce Spey 555-15P,1984,-,-, HC-BMD, 11220,TAME Ecuador,Domestic Scheduled Passenger,-,Quito-Mariscal Sucre Airport,UIO,SEQU,Ecuador,Tulcán Airport,TUA,SETU,Ecuador,6,70,0,0,-,-,Preliminary
20010724-0,Tuesday,24-JUL-2001,03:30,C1, Standing (STD),Colombo-Bandaranayake International Airport (CMB),Sri Lanka,0,0, Damaged beyond repair,-,Airbus A330-243,2,Rolls-Royce Trent 772B-60,2000,-,-, 4R-ALE, 336,SriLankan Airlines,-,-,-,-,-,-,-,-,-,-,0,0,0,0,-,-,Preliminary
20010724-1,Tuesday,24-JUL-2001,03:30,C1, Standing (STD),Colombo-Bandaranayake International Airport (CMB),Sri Lanka,0,0, Damaged beyond repair,-,Airbus A330-243,2,Rolls-Royce Trent 772B-60,2000,-,-, 4R-ALF, 341,SriLankan Airlines,-,-,-,-,-,-,-,-,-,-,0,0,0,0,-,-,Preliminary
20010724-2,Tuesday,24-JUL-2001,03:30,C1, Standing (STD),Colombo-Bandaranayake International Airport (CMB),Sri Lanka,0,0, Damaged beyond repair,-,Airbus A340-312,4,CFMI CFM56-5C3,1994,-,-, 4R-ADD, 036,SriLankan Airlines,-,-,-,-,-,-,-,-,-,-,0,0,0,0,-,-,Preliminary
20010724-3,Tuesday,24-JUL-2001,03:30,C1, Standing (STD),Colombo-Bandaranayake International Airport (CMB),Sri Lanka,0,0, Damaged beyond repair,-,Airbus A320-231,2,IAE V2500-A1,1992,-,-, 4R-ABA, 374,SriLankan Airlines,-,-,-,-,-,-,-,-,-,-,0,0,0,0,-,-,Preliminary
20010724-4,Tuesday,24-JUL-2001,02:07,A2, Maneuvering (MNV),"Sitidgi Lake, NWT",Canada,2,0, Substantial, Repaired,Canadian Vickers PBV-1A Canso A (PBY-5A),2,Pratt & Whitney R-1830-92,1943,-,-, C-FNJE, CV-437,Buffalo Airways,Fire fighting,-,-,-,-,-,-,-,-,-,2,0,0,0,-,-,Preliminary - official
20010724-5,Tuesday,24-JUL-2001,-,A1, Takeoff (TOF),N'Djamena Airport (NDJ),Chad,3,0, Damaged beyond repair,-,Vickers 802 Viscount,-,-,1957,-,-, 3D-OHM, 162,Transtel,Cargo,-,N'Djamena Airport,NDJ,FTTJ,Chad,Lome Airport,LFW,DXXX,Togo,2,1,0,0,-,-,Preliminary
20010725-0,Wednesday,25-JUL-2001,-,A1, Landing (LDG),"Del Rio International Airport, TX (DRT)",United States of America,-,0, Damaged beyond repair,-,Douglas DC-3C,-,-,1944,-,-, N941AT, 12907,N941AT,Unknown,-,-,-,-,-,Del Rio International Airport,DRT,KDRT,United States of America,-,-,0,0,-,-,Preliminary
20010801-0,Wednesday,01-AUG-2001,07:00,A1, Landing (LDG),Asmara International Airport (ASM),Eritrea,111,0, Damaged beyond repair,-,Boeing 727-2N8,3,Pratt & Whitney JT8D-17R,1979,-,-, 7O-ACW, 21845/1529,Yemenia Airways,International Scheduled Passenger,-,San'a International Airport,SAH,ODSN,Yemen,Asmara International Airport,ASM,HAAY,Eritrea,4,107,0,0,-,-,Preliminary
20010805-0,Sunday,05-AUG-2001,04:43,A1, Approach (APR),8 km (5 mls) SW of Narsarsuaq,Greenland,3,3, Damaged beyond repair,-,Dassault Falcon 20C,2,General Electric CF700-2D2,1966,-,-, D-CBNA, 63,Naske Air,Cargo,-,Reykjavík-Keflavík International Airport,KEF,BIKF,Iceland,Narsarsuaq Airport,UAK,BGBW,Greenland,2,1,2,1,-,-,Final
20010809-0,Thursday,09-AUG-2001,20:25,A2, Landing (LDG),"Belleville-Scott AFB, IL (BLV)",United States of America,76,0, Substantial, Repaired,Boeing 717-231,2,BMW RR BR715-A1-30,2001,-,845.0, N2417F, 55084/5052,TWA,Domestic Scheduled Passenger,TW519,Nashville International Airport,BNA,KBNA,United States of America,Saint Louis-Lambert International Airport,STL,KSTL,United States of America,5,71,0,0,-,-,Final
20010809-1,Thursday,09-AUG-2001,09:48,A1, Landing (LDG),"Sandersville-Kaolin Field Airport, GA",United States of America,6,0, Damaged beyond repair,-,Beechcraft B200 King Air,2,Pratt & Whitney Canada PT6A-42A,1998,-,996.0, N899RW, BB-1637,Warren Manufacturing Inc,Executive,-,Dublin Municipal Airport,DBN,KDBN,United States of America,-,-,-,-,2,4,0,0,-,-,Final
20010813-0,Monday,13-AUG-2001,-,A2, Initial climb (ICL),"Itaituba-Fazenda Conforto Airport, PA",Brazil,1,0, Substantial, Repaired,Cessna 208B Grand Caravan,1,Pratt & Whitney Canada PT6A-114A,1992,-,-, PT-OTM, 208B0318,Penta,Unknown,-,-,-,-,-,-,-,-,-,1,0,0,0,-,-,Preliminary - official
20010814-0,Tuesday,14-AUG-2001,18:31,A1, Landing (LDG),"Kuujjuaq-Fort Chimo Airport, QC (YVP)",Canada,10,0, Damaged beyond repair,-,Dassault Falcon 10,-,-,1979,-,-, C-GNVT, 138,Air Nunavut,Domestic Non Scheduled Passenger,BFF10,Iqaluit Airport,YFB,CYFB,Canada,Kuujjuaq-Fort Chimo Airport,YVP,CYVP,Canada,2,8,0,0,-,-,-
20010823-0,Thursday,23-AUG-2001,22:08,O1, Taxi (TXI),Kuala Lumpur International Airport (KUL),Malaysia,6,0, Damaged beyond repair,-,Boeing 747-368,4,Rolls-Royce RB211-524D4,1985,-,-, HZ-AIO, 23266/624,Saudi Arabian,Int'l Non Scheduled Passenger,3830,Kuala Lumpur International Airport,KUL,WMKK,Malaysia,Jeddah-King Abdulaziz International Airport,JED,OEJN,Saudi Arabia,6,0,0,0,-,-,Preliminary
20010823-1,Thursday,23-AUG-2001,-,A1, En route (ENR),Mugogo,Democratic Republic of the Congo,11,4, Damaged beyond repair,-,Antonov An-28,2,Glushenkov TVD-10B,1989,-,-, 3C-LLA, 1AJ005-22,Victoria Air,Passenger,-,-,-,-,-,-,-,-,-,2,9,2,2,-,-,Preliminary
20010824-0,Friday,24-AUG-2001,05:42,A1, Initial climb (ICL),"0,8 km (0.5 mls) SE of Ithaca-Tompkins County Airport, NY (ITH)",United States of America,2,2, Destroyed, Written off (damaged beyond repair),Learjet 25,2,General Electric CJ610-6,1970,-,12486.0, N153TW, 25-053,Ameristar Jet Charter,Cargo,-,Ithaca-Tompkins County Airport,ITH,KITH,United States of America,Jackson-Reynolds Municipal Airport,JXN,KJXN,United States of America,2,0,2,0,-,-,Final
20010824-1,Friday,24-AUG-2001,06:45,A2, En route (ENR),"Terceira-Lajes AFB, Azores (LFB)",Portugal,306,0, Substantial, Repaired,Airbus A330-243,2,Rolls-Royce Trent 772B,1999,2390.0,10433.0, C-GITS, 271,Air Transat,International Scheduled Passenger, 236,Toronto-Pearson International Airport,YYZ,CYYZ,Canada,Lisboa-Portela de Sacavém Airport,LIS,LPPT,Portugal,13,293,0,0,-,-,Final
20010824-2,Friday,24-AUG-2001,06:40,A1, Approach (APR),"1,5 km (0.9 mls) NE of Piqua, OH",United States of America,1,1, Destroyed, Written off (damaged beyond repair),Beechcraft 200 Super King Air,2,Pratt & Whitney Canada PT6A-42,1981,-,10821.0, N18260, BB-900,Middletown Corporate Aviation,Ferry/positioning,-,-,-,-,-,-,-,-,-,1,0,1,0,-,-,Final
20010825-0,Saturday,25-AUG-2001,01:11,A2, Landing (LDG),"Baltimore/Washington International Airport, MD (BWI)",United States of America,59,0, Substantial, Repaired,Boeing 737-3G7,-,-,1990,-,37875.0, N306AW, 24633/1809,America West,Domestic Scheduled Passenger,598,Phoenix-Sky Harbor International Airport,PHX,KPHX,United States of America,Kansas City International Airport,MCI,KMCI,United States of America,6,53,0,0,-,-,Final
20010828-0,Tuesday,28-AUG-2001,-,A1, Landing (LDG),Libreville Airport (LBV),Gabon,-,0, Damaged beyond repair,-,BAC One-Eleven 412EB,2,Rolls-Royce Spey 511-14,1967,-,-, 5N-BDC, 111,Eagle Aviation,Unknown,-,-,-,-,-,Libreville Airport,LBV,FOOL,Gabon,-,-,0,0,-,-,Preliminary
20010828-1,Tuesday,28-AUG-2001,18:05,A1, Landing (LDG),"Detroit City Airport, MI (DET)",United States of America,2,0, Substantial, Written off (damaged beyond repair),Dassault Falcon 20C,2,General Electric CF700-2D2,1967,-,13282.0, N617GA, 88,Grand Aire Express,Cargo,-,Detroit City Airport,DET,KDET,United States of America,Rockford-Greater Rockford Airport,RFD,KRFD,United States of America,2,0,0,0,-,-,Final
20010829-0,Wednesday,29-AUG-2001,10:16,A1, Approach (APR),"0,3 km (0.2 mls) from  Málaga Airport (AGP)",Spain,47,4, Damaged beyond repair,-,CASA CN-235-200,2,General Electric CT7-9C,1990,20780.0,14577.0, EC-FBC, C-033,Binter Méditerraneo,Domestic Scheduled Passenger,8261,Melilla Airport,MLN,GEML,Spain,Málaga Airport,AGP,LEMG,Spain,3,44,1,3,-,-,Final
20010829-1,Wednesday,29-AUG-2001,19:00,A1, Landing (LDG),"Port Alsworth Airport, AK (PTA)",United States of America,2,0, Substantial, Written off (damaged beyond repair),de Havilland Canada C-7A Caribou (DHC-4),-,-,1964,-,-, N2225C, 215,Greatland Air Cargo,Ferry/positioning,-,Iliamna Airport,ILI,PAIL,United States of America,-,-,-,-,2,0,0,0,-,-,Final
20010831-0,Friday,31-AUG-2001,15:57,A1, En route (ENR),"22 km (13.8 mls) N of La Grande, QC",Canada,1,0, Destroyed, Written off (damaged beyond repair),Cessna 208 Caravan I,1,Pratt & Whitney Canada PT6A-114A,1990,-,-, C-GAWM, 20800196,Air Wemindji,Unknown,-,-,-,-,-,-,-,-,-,1,0,0,0,-,-,Preliminary - official
20010901-0,Saturday,01-SEP-2001,-,H2, En route (ENR),Napoli Airport (NAP),Italy,-,0, None, -,Airbus A321,-,-,-,-,-, registration unknown,-,Aero Lloyd,Passenger,-,Catania-Fontanarossa Airport,CTA,LICC,Italy,-,-,-,-,-,-,0,0,-,-,-
20010903-0,Monday,03-SEP-2001,16:01,A2, Maneuvering (MNV),"65 km (40.6 mls) S of Kapuskasing, ON",Canada,2,0, Substantial, Repaired,Canadair CL-215-6B11 (CL-415),2,Pratt & Whitney Canada PW123AF,1998,-,-, C-GOGW, 2037,Province of Ontario,Fire fighting,-,-,-,-,-,-,-,-,-,2,0,0,0,-,-,-
20010905-0,Wednesday,05-SEP-2001,-,A2, Landing (LDG),Ufa Airport (UFA),Russia,116,0, Substantial, Repaired,Tupolev Tu-154M,3,Soloviev D-30KU-154-II,1993,-,-, UK-85776, 93A958,Uzbekistan Airways,International Scheduled Passenger, 658,Ufa Airport,UFA,UWUU,Russia,Tashkent-Yuzhny Airport,TAS,UTTT,Uzbekistan,10,106,0,0,-,-,Preliminary
20010905-1,Wednesday,05-SEP-2001,17:14,A2, Standing (STD),"Denver International Airport, CO (DEN)",United States of America,26,0, Substantial, Repaired,Boeing 777-236ER,2,General Electric GE90-85B,1998,2100.0,11221.0, G-VIIK, 28840/117,British Airways,International Scheduled Passenger,2019,London-Gatwick Airport,LGW,EGKK,United Kingdom,Denver International Airport,DEN,KDEN,United States of America,16,10,0,0,-,1,Final
20010905-2,Wednesday,05-SEP-2001,19:52,A2, En route (ENR),"9 km (5.6 mls) NW of Laurinburg, NC",United States of America,-,0, Substantial, Repaired,Lockheed C-130E Hercules,-,-,1969,-,-, 68-10934, 4314,USAF,Military,-,Fayetteville-Pope AFB,POB,KPOB,United States of America,Fayetteville-Pope AFB,POB,KPOB,United States of America,-,-,0,0,-,-,Final
20010906-0,Thursday,06-SEP-2001,12:35,A1, Approach (APR),24 km (15 mls) from  Tijuana,Mexico,32,0, Damaged beyond repair,-,Saab 340B,2,General Electric CT7-9B,1990,-,-, XA-ACK, 340B-183,Aerolitoral,Domestic Scheduled Passenger,2130,Ciudad Juárez-Abraham Gonzalez International Airport,CJS,MMCS,Mexico,Tijuana-Rodriguez Airport,TIJ,MMTJ,Mexico,3,29,0,0,-,-,Final
20010907-0,Friday,07-SEP-2001,-,A1, Landing (LDG),Lubumbashi-Luano (FBM),Democratic Republic of the Congo,-,0, Damaged beyond repair,-,Boeing 707-323C,4,Pratt & Whitney JT3D-7 (HK2),1967,-,-, TN-AGO, 19519/619,Equaflight,Unknown,-,Lubumbashi-Luano Airport,FBM,FZQA,Democratic Republic of the Congo,-,-,-,-,-,-,0,0,-,-,Preliminary
20010911-0,Tuesday,11-SEP-2001,08:46,H1, En route (ENR),"New York, NY",United States of America,92,92, Destroyed, Written off (damaged beyond repair),Boeing 767-223ER,2,General Electric CF6-80A2,1987,11789.0,58350.0, N334AA, 22332/169,American Airlines,Domestic Scheduled Passenger,AA11,Boston-Logan International Airport,BOS,KBOS,United States of America,Los Angeles International Airport,LAX,KLAX,United States of America,11,81,11,81,-,1600,- (No safety board investigation)
20010911-1,Tuesday,11-SEP-2001,09:03,H1, En route (ENR),"New York, NY",United States of America,65,65, Destroyed, Written off (damaged beyond repair),Boeing 767-222,2,Pratt & Whitney JT9D-7R4D,1983,17569.0,66647.0, N612UA, 21873/41,United Airlines,Domestic Scheduled Passenger,UA175,Boston-Logan International Airport,BOS,KBOS,United States of America,Los Angeles International Airport,LAX,KLAX,United States of America,9,56,9,56,-,900,- (No safety board investigation)
20010911-2,Tuesday,11-SEP-2001,10:03,H1, En route (ENR),"3,8 km (2.4 mls) N of Shanksville, PA",United States of America,44,44, Destroyed, Written off (damaged beyond repair),Boeing 757-222,2,Pratt & Whitney PW2037,1996,6968.0,18435.0, N591UA, 28142/718,United Airlines,Domestic Scheduled Passenger,UA93,Newark International Airport,EWR,KEWR,United States of America,San Francisco International Airport,SFO,KSFO,United States of America,7,37,7,37,-,-,- (No safety board investigation)
20010911-3,Tuesday,11-SEP-2001,09:40,H1, En route (ENR),"Washington, DC",United States of America,64,64, Destroyed, Written off (damaged beyond repair),Boeing 757-223,2,Rolls-Royce RB211-535E4B,1991,11789.0,33432.0, N644AA, 24602/365,American Airlines,Domestic Scheduled Passenger,AA77,Washington-Dulles International Airport,IAD,KIAD,United States of America,Los Angeles International Airport,LAX,KLAX,United States of America,6,58,6,58,-,125,- (No safety board investigation)
20010912-0,Wednesday,12-SEP-2001,16:25,A1, Initial climb (ICL),"7,5 km (4.7 mls) NE of Chichén Itzá",Mexico,19,19, Damaged beyond repair,-,Let L-410UVP-E,2,Walter M-601E,1989,-,-, XA-ACM, 892401,Aero Ferinco,Domestic Non Scheduled Passenger,-,Chichén Itzá Airport,CZA,MMCT,Mexico,Cozumel Airport,CZM,MMCZ,Mexico,2,17,2,17,-,-,Preliminary
20010912-1,Wednesday,12-SEP-2001,15:00,A1, Initial climb (ICL),"Goose (Otter Creek) Water Aerodrome, NL",Canada,4,0, Substantial, Written off (damaged beyond repair),de Havilland Canada DHC-3T Vazar Turbine Otter,1,Pratt & Whitney Canada PT6A-135A,1960,-,-, C-FQOS, 398,Labrador Airways,Domestic Non Scheduled Passenger,-,-,-,-,-,-,-,-,-,1,3,0,0,-,-,Preliminary - official
20010914-0,Friday,14-SEP-2001,21:18,A1, Takeoff (TOF),"St. John's Airport, NL (YYT)",Canada,2,0, Substantial, Written off (damaged beyond repair),Beechcraft 1900C,2,Pratt & Whitney Canada PT6A-65B,1984,-,-, C-GSKC, UB-27,SkyLink Express,Cargo, 621,St. John's Airport,YYT,CYYT,Canada,-,-,-,-,2,0,0,0,-,-,Preliminary - official
20010915-0,Saturday,15-SEP-2001,20:42,A2, En route (ENR),"near Belo Horizonte, MG",Brazil,88,1, Substantial, Repaired,Fokker 100,2,Rolls-Royce Tay 620-15,1993,-,-, PT-MRN, 11443,TAM Brasil,Domestic Scheduled Passenger,9755,Recife-Guararapes International Airport,REC,SBRF,Brazil,São Paulo/Campinas-Viracopos International Airport,VCP,SBKP,Brazil,6,82,0,1,-,-,Preliminary - official
20010916-0,Sunday,16-SEP-2001,10:53,A1, Landing (LDG),"Goiânia-Santa Genoveva Airport, GO (GYN)",Brazil,67,0, Damaged beyond repair,-,Boeing 737-2C3,2,Pratt & Whitney JT8D-17A,1975,65500.0,68500.0, PP-CJN, 21012/392,Varig,Domestic Scheduled Passenger,2240,São Paulo-Guarulhos International Airport,GRU,SBGR,Brazil,Goiânia-Santa Genoveva Airport,GYN,SBGO,Brazil,5,62,0,0,-,-,Preliminary - official
20010918-0,Tuesday,18-SEP-2001,06:42,A1, Takeoff (TOF),Guatemala City-La Aurora Airport (GUA),Guatemala,13,8, Damaged beyond repair,-,Let L-410UVP-E,2,Walter M-601E,1986,4001.0,2467.0, TG-CFE, 861704,Atlantic Airlines,International Scheduled Passenger, 870,Guatemala City-La Aurora Airport,GUA,MGGT,Guatemala,San Pedro Sula-Ramon Villeda Morales Airport,SAP,MHLM,Honduras,2,11,1,7,-,-,Final
20010918-1,Tuesday,18-SEP-2001,-,O1, Standing (STD),N'Djamena Airport (NDJ),Chad,0,0, Substantial, Written off (damaged beyond repair),Cessna 208 Caravan I,1,Pratt & Whitney Canada PT6A-114,1989,-,-, F-OHRM, 20800142,private,-,-,-,-,-,-,-,-,-,-,0,0,0,0,-,-,Preliminary
20010919-0,Wednesday,19-SEP-2001,06:54,A2, Landing (LDG),"Indianapolis International Airport, IN (IND)",United States of America,9,0, Substantial, Repaired,Beechcraft 200 Super King Air,-,-,1981,-,7534.0, N711MZ, BB-849,Champion Air,Private,-,Statesville Municipal Airport,SVH,KSVH,United States of America,Indianapolis International Airport,IND,KIND,United States of America,1,8,0,0,-,-,Final
20010920-0,Thursday,20-SEP-2001,22:57,A1, Landing (LDG),"Kuujjuaq-Fort Chimo Airport, QC (YVP)",Canada,2,0, Substantial, Written off (damaged beyond repair),Swearingen SA226-AT Merlin IV,-,-,1975,-,-, C-GWSL, AT-028,Max Aviation,Cargo,MAX226,Kangiqsualujjuaq Airport,XGR,CYLU,Canada,Kuujjuaq-Fort Chimo Airport,YVP,CYVP,Canada,2,0,0,0,-,-,Preliminary - official
20010921-0,Friday,21-SEP-2001,20:09,A1, Landing (LDG),Dubai Airport (DXB),United Arab Emirates,322,0, Damaged beyond repair,-,Ilyushin Il-86,4,Kuznetsov NK-86,1985,-,-, RA-86074, 51483205041,Aeroflot,International Scheduled Passenger, 521,Moskva-Sheremetyevo Airport,SVO,UUEE,Russia,Dubai Airport,DXB,OMDB,United Arab Emirates,15,307,0,0,-,-,Final
20010922-0,Saturday,22-SEP-2001,-,A1, En route (ENR),"39 km (24.4 mls) W of Rio Branco Airport, AC (RBR)",Brazil,5,0, Damaged beyond repair,-,Britten-Norman BN-2A Islander,-,-,1976,-,-, PT-KTQ, 493,FUNAI,"Aerial Work (Calibration, Photo)",-,Rio Branco-Plácido de Castro International Airport,RBR,SBRB,Brazil,-,-,-,-,1,4,0,0,-,-,Preliminary - official
20010923-0,Sunday,23-SEP-2001,-,A1, Landing (LDG),Tigil Airport,Russia,-,0, Damaged beyond repair,-,Yakovlev Yak-40,3,Ivchenko AI-25,1975,-,-, RA-87481, 9440938,Petropavlovsk-Kamchatsky Air Ent.,Unknown,-,-,-,-,-,-,-,-,-,-,21,0,0,-,-,Preliminary
20010925-0,Tuesday,25-SEP-2001,16:09,A1, Landing (LDG),"Deadhorse-Alpine Airstrip, AK (DQH)",United States of America,3,0, Substantial, Written off (damaged beyond repair),Douglas DC-6BF,4,Pratt & Whitney R-2800-CB3,1957,-,70754.0, N867TA, 45202/880,Northern Air Cargo,Cargo, 690,Prudhoe Bay/Deadhorse Airport,SCC,PASC,United States of America,Deadhorse-Alpine Airstrip,DQH,PALP,United States of America,3,0,0,0,-,-,Final
20010927-0,Thursday,27-SEP-2001,12:15,A1, En route (ENR),"18 km (11.3 mls) SE of Rio de Janeiro, RJ",Brazil,9,9, Destroyed, Written off (damaged beyond repair),Lockheed C-130H Hercules,-,-,1967,-,-, 2455, 4202,Brazilian AF,Military,-,-,-,-,-,-,-,-,-,9,0,9,0,-,-,-
20011001-0,Monday,01-OCT-2001,19:40,A2, Landing (LDG),"Kapuskasing Airport, ON (YYU)",Canada,5,0, Minor, Repaired,Swearingen SA227-AC Metro III,2,Garrett TPE331-11U,1986,-,-, C-GYQT, AC-644B,Bearskin Airlines,Passenger,BLS384,Timmins Airport,YTS,CYTS,Canada,Kapuskasing Airport,YYU,CYYU,Canada,2,3,0,0,-,-,-
20011004-0,Thursday,04-OCT-2001,13:45,A1, En route (ENR),"184 km (115 mls) off  Adler, Russia [Black Sea]",Atlantic Ocean,78,78, Destroyed, Written off (damaged beyond repair),Tupolev Tu-154M,3,Soloviev D-30KU-154-II,1990,7281.0,16705.0, RA-85693, 90A866,Sibir Airlines,Int'l Non Scheduled Passenger,1812,Tel Aviv-Ben Gurion International Airport,TLV,LLBG,Israel,Novosibirsk-Tolmachevo Airport,OVB,UNNN,Russia,12,66,12,66,-,-,Final
20011006-0,Saturday,06-OCT-2001,17:32,A1, En route (ENR),12 km (7.5 mls) from  Polyarnyj,Russia,3,0, Damaged beyond repair,-,Antonov An-2T,-,-,1987,-,-, RA-40480, 1G224-57,Mirny Air Enterprise,Cargo,-,Polyarnyj Airport,PYJ,UERP,Russia,-,-,-,-,2,1,0,0,-,-,Final
20011008-0,Monday,08-OCT-2001,08:10,A1, Takeoff (TOF),Milano-Linate Airport (LIN),Italy,110,110, Destroyed, Written off (damaged beyond repair),McDonnell Douglas DC-9-87 (MD-87),2,Pratt & Whitney JT8D-217C,1991,16562.0,25573.0, SE-DMA, 53009/1916,SAS,International Scheduled Passenger, 686,Milano-Linate Airport,LIN,LIML,Italy,København-Kastrup Airport,CPH,EKCH,Denmark,6,104,6,104,4,4,Final
20011008-1,Monday,08-OCT-2001,08:10,A1, Taxi (TXI),Milano-Linate Airport (LIN),Italy,4,4, Damaged beyond repair,-,Cessna 525A CitationJet CJ2,2,Williams International FJ44-2C,2001,20.0,28.0, D-IEVX, 525A-0036,private,Executive,-,Milano-Linate Airport,LIN,LIML,Italy,Paris-Le Bourget Airport,LBG,LFPB,France,2,2,2,2,110,-,Final
20011010-0,Wednesday,10-OCT-2001,09:26,A1, Initial climb (ICL),"Dillingham Municipal Airport, AK (DLG)",United States of America,10,10, Destroyed, Written off (damaged beyond repair),Cessna 208 Caravan I,1,Pratt & Whitney Canada PT6A-114,1986,-,10080.0, N9530F, 20800088,PenAir,Domestic Scheduled Passenger, 350,Dillingham Municipal Airport,DLG,PADL,United States of America,King Salmon Airport,AKN,PAKN,United States of America,1,9,1,9,-,-,Final
20011010-1,Wednesday,10-OCT-2001,10:42,A1, En route (ENR),"18,5 km (11.6 mls) NW off  Columbretes Islands [Mediterranean Sea]",Spain,10,10, Damaged beyond repair,-,Swearingen SA226-AT Merlin IVA,2,Garrett TPE331-10UA-511G,1976,-,11950.0, EC-GDV, AT-043,Flightline,Int'l Non Scheduled Passenger, 101,Barcelona-El Prat Airport,BCN,LEBL,Spain,Oran-es Senia Airport,ORN,DAOO,Algeria,2,8,2,8,-,-,Final
20011010-2,Wednesday,10-OCT-2001,-,A2, Taxi (TXI),Basel/Mulhouse-EuroAirport Swiss (BSL),France,-,0, Substantial, Repaired,Shorts 360-300,2,Pratt & Whitney Canada PT6A-67R,1988,-,-, D-CFXF, SH.3740,Express Airways,Training,-,Basel/Mulhouse-EuroAirport,BSL,LFSB,France,Basel/Mulhouse-EuroAirport,BSL,LFSB,France,-,-,0,0,-,-,- (No safety board investigation)
20011011-0,Thursday,11-OCT-2001,23:33,A1, Approach (APR),"1 km (0.6 mls) from  Shamattawa Airport, MB (ZTM)",Canada,3,2, Damaged beyond repair,-,Swearingen SA226-TC Metro II,2,Garrett TPE331-3UW-303G,1978,-,-, C-GYPA, TC-250,Perimeter Airlines,Ambulance, 962,Gods Lake Narrows Airport,YGO,CYGO,Canada,Shamattawa Airport,ZTM,CZTM,Canada,2,1,2,0,-,-,Final
20011011-1,Thursday,11-OCT-2001,20:10,A2, Landing (LDG),"North Bay Airport, ON (YYB)",Canada,8,0, Substantial, Repaired,Beechcraft A100 King Air,2,Pratt & Whitney Canada PT6A-28,1971,-,-, C-GJBV, B-100,Voyageur Airways,Domestic Scheduled Passenger,-,Barrie-Orillia (Lake Simcoe Regional Airport),YLK,CYLS,Canada,Windsor Airport,YQG,CYQG,Canada,2,6,0,0,-,-,-
20011016-0,Tuesday,16-OCT-2001,-,A1, Approach (APR),Honiara-Henderson International Airport (HIR),Solomon Islands,-,0, Damaged beyond repair,-,Antonov An-12BP,4,Ivchenko AI-20M,1962,-,-, ER-ADT, 2340605,Aerocom,Cargo,-,-,-,-,-,Honiara-Henderson International Airport,HIR,AGGH,Solomon Islands,-,-,0,0,-,-,Preliminary
20011016-1,Tuesday,16-OCT-2001,21:30,A1, Approach (APR),"5,8 km (3.6 mls) S of Bethel Airport, AK (BET)",United States of America,2,0, Substantial, Written off (damaged beyond repair),Embraer EMB-120ER Brasilia,2,Pratt & Whitney Canada PW118,1989,-,26295.0, N120AX, 120164,ACE Air Cargo,Cargo,-,Anchorage International Airport,ANC,PANC,United States of America,Bethel Airport,BET,PABE,United States of America,2,0,0,0,-,-,Final
20011016-2,Tuesday,16-OCT-2001,22:14,A2, Landing (LDG),"Roanoke-Blacksburg Regional Airport, VA (ROA)",United States of America,33,0, Substantial, Repaired,Embraer EMB-145LR (ERJ-145LR),2,Allison AE3007A1/2,2000,-,3336.0, N825MJ, 145179,US Airways Express,Domestic Scheduled Passenger,5733,Pittsburgh International Airport,PIT,KPIT,United States of America,Roanoke-Blacksburg Regional Airport,ROA,KROA,United States of America,3,30,0,0,-,-,Final
20011017-0,Wednesday,17-OCT-2001,14:09,A1, Landing (LDG),Dubai Airport (DXB),United Arab Emirates,205,0, Damaged beyond repair,-,Airbus A300B4-203,2,General Electric CF6-50C2,1983,-,-, AP-BCJ, 268,PIA,International Scheduled Passenger,PK231,Peshawar Airport,PEW,OPPS,Pakistan,Dubai Airport,DXB,OMDB,United Arab Emirates,12,193,0,0,-,-,Preliminary - official
20011021-0,Sunday,21-OCT-2001,-,A1, Landing (LDG),Osh Airport (OSS),Kyrgyzstan,36,0, Damaged beyond repair,-,Yakovlev Yak-40,3,Ivchenko AI-25,1974,-,-, EX-87470, 9441537,Kyrghyzstan Airlines,Passenger,-,Osh Airport,OSS,UAFO,Kyrgyzstan,-,-,-,-,-,-,0,0,-,-,-
20011024-0,Wednesday,24-OCT-2001,19:35,A2, Standing (STD),"Hamilton Airport, ON (YHM)",Canada,-,0, Substantial, Repaired,Boeing 727-22C,3,Pratt & Whitney JT8D-7A,1967,-,-, C-FKFP, 19205/438,Kelowna Flightcraft,Cargo,-,-,-,-,-,-,-,-,-,-,0,0,0,-,-,-
20011025-0,Thursday,25-OCT-2001,15:38,A1, Landing (LDG),"Osage Beach Airport, MO (OSB)",United States of America,1,0, Substantial, Written off (damaged beyond repair),Beechcraft 200 Super King Air,2,Pratt & Whitney Canada PT6A-41,1977,-,11416.0, N200RW, BB-242,Williams Patent Crusher & Pulverizer Co.,Executive,-,Saint Louis-Spirit of St. Louis Airport,SUS,KSUS,United States of America,-,-,-,-,1,0,0,0,-,-,Final
20011026-0,Friday,26-OCT-2001,19:30,A1, Landing (LDG),Ciudad Victoria Airport (CVM),Mexico,6,0, Damaged beyond repair,-,Learjet 25B,-,-,1973,-,-, N715MH, 25-132,American Jet International,Ambulance,-,Matamoros Airport,MAM,MMMA,Mexico,Ciudad Victoria Airport,CVM,MMCV,Mexico,2,4,0,0,-,-,Preliminary - official
20011099-0,-,xx-OCT-2001,-,O1, Standing (STD),Kabul,Afghanistan,0,0, Damaged beyond repair,-,Boeing 727-113C,3,Pratt & Whitney JT8D-9,1969,-,-, YA-FAU, 20343/784,Ariana Afghan Airlines,-,-,-,-,-,-,-,-,-,-,0,0,0,0,-,-,Preliminary
20011099-1,-,xx-OCT-2001,-,O1, Standing (STD),Kabul,Afghanistan,0,0, Damaged beyond repair,-,Boeing 727-155C,3,Pratt & Whitney JT8D-7,1967,-,-, YA-FAW, 19619/470,Ariana Afghan Airlines,-,-,-,-,-,-,-,-,-,-,0,0,0,0,-,-,Preliminary
20011099-2,-,xx-OCT-2001,-,O1, Standing (STD),Kabul,Afghanistan,0,0, Damaged beyond repair,-,Antonov An-12BK,4,Ivchenko AI-20M,1965,-,-, YA-DAB, 5342801,Ariana Afghan Airlines,-,-,-,-,-,-,-,-,-,-,0,0,0,0,-,-,Preliminary
20011099-3,-,xx-OCT-2001,-,O1, Standing (STD),Kabul,Afghanistan,0,0, Damaged beyond repair,-,Antonov An-12B,4,Ivchenko AI-20M,-,-,-, YA-DAA, 01347802 ?,Ariana Afghan Airlines,-,-,-,-,-,-,-,-,-,-,0,0,0,0,-,-,Preliminary
20011099-4,-,xx-OCT-2001,-,O1, Standing (STD),Kabul,Afghanistan,0,0, Damaged beyond repair,-,Antonov An-24B,-,-,-,-,-, YA-DAH,-,Ariana Afghan Airlines,-,-,-,-,-,-,-,-,-,-,0,0,0,0,-,-,Preliminary
20011099-5,-,xx-OCT-2001,-,O1, Standing (STD),Kabul,Afghanistan,0,0, Damaged beyond repair,-,Antonov An-24RV,2,Ivchenko AI-24VT,1974,-,-, YA-DAJ, 47309603,Ariana Afghan Airlines,-,-,-,-,-,-,-,-,-,-,0,0,0,0,-,-,Preliminary
20011099-6,-,xx-OCT-2001,-,O1, Standing (STD),Kabul,Afghanistan,0,0, Damaged beyond repair,-,Antonov An-24V,-,-,1968,-,-, YA-DAG, 87304504,Ariana Afghan Airlines,-,-,-,-,-,-,-,-,-,-,0,0,0,0,-,-,Preliminary
20011099-9,-,xx-OCT-2001,-,A1, Unknown (UNK),"Kirksville Municipal Airport, MO (IRK)",United States of America,-,0, Substantial, Written off (damaged beyond repair),Saab 340A,-,-,1987,-,-, N96CN, 340A-096,Chautauqua Airlines,Unknown,-,-,-,-,-,-,-,-,-,-,-,0,0,-,-,-
20011102-0,Friday,02-NOV-2001,19:32,A2, Approach (APR),Genève-Cointrin Airport (GVA),Canada,2,0, Substantial, Repaired,Cessna 208B Grand Caravan,1,Pratt & Whitney Canada PT6A-114A,2000,-,-, C-GGUH, 208B0827,Stage Air,Ferry/positioning,-,Tuktoyaktuk Airport,YUB,CYUB,Canada,Inuvik/Mike Zubko Airport,YEV,CYEV,Canada,1,1,0,0,-,-,Final
20011103-0,Saturday,03-NOV-2001,-,O1, Standing (STD),Southend Airport (SEN),United Kingdom,0,0, Damaged beyond repair,-,NAMC YS-11A-214,-,-,1971,-,-, 9U-BHP, 2165,Trygon,-,-,-,-,-,-,-,-,-,-,0,0,0,0,-,-,- (No safety board investigation)
20011103-1,Saturday,03-NOV-2001,03:20,A1, Takeoff (TOF),"0,7 km (0.4 mls) S of Johannesburg International Airport (JNB)",South Africa,3,3, Damaged beyond repair,-,Reims Cessna F406 Caravan II,2,Pratt & Whitney Canada PT6A-112,1989,-,-, ZS-OIG, F406-0041,GJ Air,Cargo,-,Johannesburg International Airport,JNB,FAJS,South Africa,Windhoek-Eros Airport,ERS,FYWH,Namibia,2,1,2,1,-,-,Final
20011112-0,Monday,12-NOV-2001,09:16,A1, En route (ENR),"Belle Harbor, NY",United States of America,260,260, Destroyed, Written off (damaged beyond repair),Airbus A300B4-605R,2,General Electric CF6-80C2A5,1987,14934.0,37550.0, N14053, 420,American Airlines,International Scheduled Passenger,AA587,New York-John F. Kennedy International Airport,JFK,KJFK,United States of America,Santo Domingo-Las Américas José Francisco Peña Gómez Int'l Airport,SDQ,MDSD,Dominican Republic,9,251,9,251,-,5,Final
20011114-0,Wednesday,14-NOV-2001,-,H2, En route (ENR),at an unknown location,Brazil,13,0, None,-,Cessna 208B Grand Caravan,1,Pratt & Whitney Canada PT6A-114A,1994,-,-, 8R-GTG, 208B0397,Trans Guyana Airways,Domestic Scheduled Passenger,-,Lethem Airport,LTM,SYLT,Guyana,Ogle Airport,OGL,SYGO,Guyana,1,12,0,0,-,-,- (No safety board investigation)
20011116-0,Friday,16-NOV-2001,12:50,A2, Landing (LDG),Cairo International Airport (CAI),Egypt,88,0, Substantial, Repaired,Airbus A321-231,2,IAE V2533-A5,1997,-,-, F-OHMP, 663,MEA,International Scheduled Passenger,-,Beirut Airport,BEY,OLBA,Lebanon,Cairo International Airport,CAI,HECA,Egypt,7,81,0,0,-,-,-
20011119-0,Monday,19-NOV-2001,21:19,A1, En route (ENR),25 km (15.6 mls) SE of Kalyazin,Russia,27,27, Damaged beyond repair,-,Ilyushin Il-18V,4,Ivchenko AI-20M,1962,5582.0,11617.0, RA-75840, 182005301,IRS Aero,Domestic Non Scheduled Passenger,-,Khatgal Airport,HTM,ZMHG,Mongolia,Moskva-Domodedovo Airport,DME,UUDD,Russia,9,18,9,18,-,-,Preliminary
20011120-0,Tuesday,20-NOV-2001,16:48,A2, Landing (LDG),Taipei-Chiang Kai Shek Airport (TPE),Taiwan,220,0, Substantial, Repaired,McDonnell Douglas MD-11,-,-,1994,-,-, B-16101, 48542/570,Eva Air,International Scheduled Passenger, 316,Brisbane International Airport,BNE,YBBN,Australia,Taipei-Chiang Kai Shek International Airport,TPE,RCTP,Taiwan,13,207,0,0,-,-,Preliminary - official
20011122-0,Thursday,22-NOV-2001,13:05,A1, Takeoff (TOF),"Pittsburgh International Airport, PA (PIT)",United States of America,2,2, Destroyed, Written off (damaged beyond repair),Learjet 25B,2,General Electric CJ610-6,1972,-,10004.0, N5UJ, 25-088,Universal Jet Aviation,Ferry/positioning,-,Pittsburgh International Airport,PIT,KPIT,United States of America,Boca Raton Public Airport,BCT,KBCT,United States of America,2,0,2,0,-,-,Final
20011123-0,Friday,23-NOV-2001,18:35,A1, Approach (APR),"1,5 km (0.9 mls) from  Kärdla",Estonia,17,2, Damaged beyond repair,-,Antonov An-28,2,Glushenkov TVD-10B,1986,-,1690.0, ES-NOV, 1AJ003-03,Enimex,Domestic Scheduled Passenger,1007,Tallinn-Ülemiste Airport,TLL,EETN,Estonia,Kärdla Airport,KDL,EEKA,Estonia,3,14,0,2,-,-,Final
20011124-0,Saturday,24-NOV-2001,22:06,A1, Approach (APR),4 km (2.5 mls) E of Zürich-Kloten Airport (ZRH),Switzerland,33,24, Destroyed, Written off (damaged beyond repair),Avro RJ100,4,Lycoming LF507-1F,1996,11518.0,13194.0, HB-IXM, E3291,Crossair,International Scheduled Passenger,3597,Berlin-Tegel Airport,TXL,EDDT,Germany,Zürich-Kloten Airport,ZRH,LSZH,Switzerland,5,28,3,21,-,-,Final
20011124-1,Saturday,24-NOV-2001,11:30,A1, Approach (APR),Chézy,France,4,4, Damaged beyond repair,-,Beechcraft 200 Super King Air,2,Pratt & Whitney Canada PT6A-41,1976,-,11355.0, F-GDLE, BB-230,Aéro Photo Europe Investigation,Training,-,-,-,-,-,-,-,-,-,2,2,2,2,-,-,Final
20011125-0,Sunday,25-NOV-2001,-,O1, Standing (STD),Pratica di Mare Air Base,Italy,-,0, Damaged beyond repair,-,Alenia G-222RM,-,-,-,-,-, MM62142, 4077,Italian AF,Military,-,-,-,-,-,-,-,-,-,-,-,0,0,-,-,-
20011125-1,Sunday,25-NOV-2001,14:05,A1, Landing (LDG),"Buriti Alegre Airfield, GO",Brazil,6,0, Destroyed, Written off (damaged beyond repair),Beechcraft 100 King Air,-,-,1970,-,-, PT-DNP, B-56,Private,Private,-,Goiânia-Santa Genoveva Airport,GYN,SBGO,Brazil,-,-,-,-,1,5,0,0,-,-,Final
20011127-0,Tuesday,27-NOV-2001,01:56,A1, Approach (APR),near Port Harcourt,Nigeria,13,1, Damaged beyond repair,-,Boeing 747-246F,4,Pratt & Whitney JT9D-7Q,1980,17600.0,80500.0, 9G-MKI, 22063/432,MK Airlines,Cargo,-,Luxembourg-Findel Airport,LUX,ELLX,Luxembourg,Port Harcourt Airport,PHC,DNPO,Nigeria,13,0,1,0,-,-,Preliminary
20011127-1,Tuesday,27-NOV-2001,15:45,A1, En route (ENR),off Playa del Carmen,Mexico,4,0, Damaged beyond repair,-,Let L-410UVP,2,Walter M-601D,1985,-,-, XA-SYJ, 851532,Aero Ferinco,Ferry/positioning,-,Cozumel Airport,CZM,MMCZ,Mexico,-,-,-,-,2,2,0,0,-,-,Preliminary
20011127-2,Tuesday,27-NOV-2001,05:38,A1, Landing (LDG),"Bahía Blanca-Comandante Espora Airport, BA (BHI)",Argentina,3,0, Damaged beyond repair,-,Swearingen SA226-TC Metro II,2,Garrett TPE331-3UW-304G,1977,-,-, LV-WSD, TC-237E,Aerocassa,Cargo,-,Buenos Aires/Ezeiza-Ministro Pistarini Airport,EZE,SAEZ,Argentina,Bahía Blanca-Comandante Espora Airport,BHI,SAZB,Argentina,2,1,0,0,-,-,Final
20011128-0,Wednesday,28-NOV-2001,11:48,A1, En route (ENR),13 km (8.1 mls) NW of Quepos,Costa Rica,8,3, Damaged beyond repair,-,Cessna 208B Grand Caravan,1,Pratt & Whitney Canada PT6A-114,1999,-,1955.0, HP-1405APP, 208B0788,AeroPerlas,Domestic Scheduled Passenger,1625,San José-Tobias Bolanos International Airport,SYQ,MRPV,Costa Rica,Quepos Airport,XQP,MRQP,Costa Rica,2,6,2,1,-,-,Final
20011130-0,Friday,30-NOV-2001,18:28,A1, Landing (LDG),Skien Airport (SKE),Norway,13,0, Damaged beyond repair,-,British Aerospace 3101 Jetstream 31,2,Garrett TPE331-10UF,1984,16666.0,14074.0, SE-LGA, 636,European Executive Express,Domestic Scheduled Passenger, 204,Bergen-Flesland Airport,BGO,ENBR,Norway,Skien Airport,SKE,ENSN,Norway,2,11,0,0,-,-,Final
20011201-1,Saturday,01-DEC-2001,01:43,A1, Approach (APR),"0,9 km (0.6 mls) W of Bessemer Airport, AL",United States of America,2,2, Destroyed, Written off (damaged beyond repair),Cessna 208B Grand Caravan,1,Pratt & Whitney Canada PT6A-114A,1998,-,4867.0, N499BA, 208B0689,Air Carriers,Cargo, 600,Little Rock National Airport,LIT,KLIT,United States of America,-,-,-,-,2,0,2,0,-,-,Final
20011202-0,Sunday,02-DEC-2001,-,A1, En route (ENR),near Novaya Inya,Russia,18,18, Destroyed, Written off (damaged beyond repair),Ilyushin Il-76TD,-,-,1992,-,-, RA-76839, 1023411375,Federal Border Guard,Military,9064?,Bratsk Airport,BTK,UIBB,Russia,Anadyr Airport,DYR,UHMA,Russia,9,9,9,9,-,-,Preliminary
20011202-1,Sunday,02-DEC-2001,18:33,A1, Landing (LDG),Bremen Airport (BRE),Germany,3,0, Damaged beyond repair,-,Dornier 328-110,2,Pratt & Whitney Canada PW119B,1994,9837.0,10340.0, D-CATS, 3009,OLT,Ferry/positioning,-,Braunschweig Airport,BWE,EDVE,Germany,Bremen Airport,BRE,EDDW,Germany,3,0,0,0,-,-,Final
20011206-0,Thursday,06-DEC-2001,22:58,A1, En route (ENR),"Sunny Isles Beach, FL",United States of America,2,0, Substantial, Written off (damaged beyond repair),Convair CV-580,2,Allison 501-D13,1953,-,75103.0, N582HG, 46,Trans-Air-Link,Ferry/positioning,-,Fort Lauderdale International Airport,FLL,KFLL,United States of America,Opa-locka Airport,OPF,KOPF,United States of America,2,0,0,0,-,-,Final
20011209-0,Sunday,09-DEC-2001,16:45,A1, Landing (LDG),"Lawrence Airport, KS (LWC)",United States of America,2,0, Substantial, Written off (damaged beyond repair),Dassault Falcon 100,-,-,1984,-,5421.0, N202DN, 202,Air Del,Executive,-,-,-,-,-,Lawrence Airport,LWC,KLWC,United States of America,2,0,0,0,-,-,Final
20011210-0,Monday,10-DEC-2001,18:21,A1, En route (ENR),"near Sierra Blanca, TX",United States of America,2,2, Destroyed, Written off (damaged beyond repair),Learjet 24D,2,General Electric CJ610-6,1972,-,7966.0, N997TD, 24-247,Air Cargo Express,Ferry/positioning,  36,Harlingen-Valley International Airport,HRL,KHRL,United States of America,El Paso International Airport,ELP,KELP,United States of America,2,0,2,0,-,-,Final
20011210-1,Monday,10-DEC-2001,22:40,A1, Landing (LDG),"5,7 km (3.6 mls) N of Mount Gambier Airport, SA (MGB)",Australia,2,1, Destroyed, Written off (damaged beyond repair),Beechcraft B200C Super King Air,2,Pratt & Whitney Canada PT6A-42,1982,-,10907.0, VH-FMN, BL-47,Royal Flying Doctor Service,Ambulance,-,Adelaide Airport,ADL,YPAD,Australia,Mount Gambier Airport,MGB,YMTG,Australia,2,0,1,0,-,-,Final
20011211-0,Tuesday,11-DEC-2001,-,A1, Landing (LDG),Luzamba Airport (LZM),Angola,6,0, Damaged beyond repair,-,Antonov An-32,2,Ivchenko AI-20,-,-,-, D2-FEO,-,Air Nave,Unknown,-,-,-,-,-,Luzamba Airport,LZM,FNLZ,Angola,6,0,0,0,-,-,-
20011213-0,Thursday,13-DEC-2001,14:45,O1, Standing (STD),Lidköping-Hovby Airport (LDK),Sweden,-,0, Damaged beyond repair,-,Hawker Siddeley HS-748-244 Srs. 2,2,Rolls-Royce Dart 534-2,1975,-,-, SE-LEO, 1726,West Air Sweden,-,-,-,-,-,-,-,-,-,-,-,-,0,0,-,-,Preliminary - official
20011214-0,Friday,14-DEC-2001,-,A1, En route (ENR),Geti,Democratic Republic of the Congo,6,6, Damaged beyond repair,-,Let L-410A,2,Pratt & Whitney Canada PT6A-27,1973,-,-, 5X-CNF, 730208,Eagle Air,Domestic Non Scheduled Passenger,-,Bunia Airport,BUX,FZKA,Democratic Republic of the Congo,Beni Airport,BNC,FZNP,Democratic Republic of the Congo,2,4,2,4,-,-,Preliminary
20011216-0,Sunday,16-DEC-2001,10:25,A1, En route (ENR),near San Antonio de Prado,Colombia,16,16, Damaged beyond repair,-,Let L-410UVP-E,2,Walter M-601E,1986,-,1863.0, HK-4175X, 861618,Heliandes,Domestic Scheduled Passenger,-,Medellín-Enrique Olaya Herrera Airport,EOH,SKMD,Colombia,Quibdó-El Caraño Airport,UIB,SKUI,Colombia,2,14,2,14,-,-,Final
20011217-0,Monday,17-DEC-2001,13:27,A2, Landing (LDG),"Belo Horizonte-Tancredo Neves International Airport, MG (CNF)",Brazil,108,0, Substantial, Repaired,Boeing 737-53A,2,CFMI CFM56-3B1,1990,-,-, PT-SSI, 24785/1882,Rio Sul,Domestic Scheduled Passenger,-,Rio de Janeiro-Santos Dumont Airport,SDU,SBRJ,Brazil,Belo Horizonte-Pampulha Airport,PLU,SBBH,Brazil,6,102,0,0,-,-,-
20011219-0,Wednesday,19-DEC-2001,-,A2, Standing (STD),Long Bawan Airport (LBW),Indonesia,2,0, Minor, Repaired,CASA/Nurtanio NC-212-CC4 Aviocar 200,2,Garrett TPE331-10R-511C,1988,-,-, PK-VSB, 283/88N,Dirgantara Air Services,Unknown,-,-,-,-,-,Long Bawan Airport,LBW,WRLB,Indonesia,2,0,0,0,-,1,Preliminary - official
20011220-0,Thursday,20-DEC-2001,22:07,A1, Initial climb (ICL),Zürich-Kloten Airport (ZRH),Switzerland,2,2, Damaged beyond repair,-,Cessna 560 Citation V,2,Pratt & Whitney Canada JT15D-5A,1990,3528.0,3559.0, HB-VLV, 560-0077,Eagle Air Aircharter + Taxi,Ferry/positioning, 220,Zürich-Kloten Airport,ZRH,LSZH,Switzerland,Berne-Belp Airport,BRN,LSZB,Switzerland,2,0,2,0,-,-,Final
20011220-1,Thursday,20-DEC-2001,09:35,A1, Landing (LDG),Lhokseumawe-Malikussaleh Airport (LSW),Indonesia,80,0, Damaged beyond repair,-,Lockheed L-100-30 Hercules,4,Allison 501-D22A,1979,-,-, A-1329, 4824,Indonesian AF,Military,-,-,-,-,-,Lhokseumawe-Malikussaleh Airport,LSW,WITM,Indonesia,12,68,0,0,-,-,-
20011221-0,Friday,21-DEC-2001,20:30,O1, Standing (STD),"Memphis International Airport, TN (MEM)",United States of America,0,0, Damaged beyond repair,-,Lockheed C-141C Starlifter,4,Pratt & Whitney TF33-P-7,-,-,39412.0, 61-2778, 300-6004,Air National Guard,Military,-,Memphis International Airport,MEM,KMEM,United States of America,Ramstein Airport,RMS,ETAR,Germany,0,0,0,0,-,-,Final
20011222-0,Saturday,22-DEC-2001,-,C2, En route (ENR),"near Boston, MA",United States of America,197,0, None,-,Boeing 767-323,-,-,-,-,-, registration unknown,-,American Airlines,International Scheduled Passenger,AA63,Paris-Charles de Gaulle Airport,CDG,LFPG,France,Miami International Airport,MIA,KMIA,United States of America,12,185,0,0,-,-,- (No safety board investigation)
20011226-0,Wednesday,26-DEC-2001,10:13,A1, Initial climb (ICL),off Bremerhaven Airport (BRV),Germany,9,8, Destroyed, Written off (damaged beyond repair),Pilatus Britten-Norman BN-2B-26 Islander,2,Lycoming O-540-E4C5,1984,-,3939.0, D-IAAI, 2167,Bremerhaven Airline,Domestic Non Scheduled Passenger,-,Bremerhaven Airport,BRV,EDWB,Germany,Wangerooge Airport,AGE,EDWG,Germany,1,8,1,7,-,-,Final
20011227-0,Thursday,27-DEC-2001,19:39,A2, Taxi (TXI),Zürich-Kloten Airport (ZRH),Switzerland,-,0, Minor, Repaired,Airbus A330-223,2,Pratt & Whitney PW4168A,1998,-,-, PT-MVB, 238,TAM Brasil,International Scheduled Passenger,8071,Zürich-Kloten Airport,ZRH,LSZH,Switzerland,Frankfurt International Airport,FRA,EDDF,Germany,-,-,0,0,-,-,Final
20011227-1,Thursday,27-DEC-2001,19:39,A2, Standing (STD),Zürich-Kloten Airport (ZRH),Switzerland,-,0, Minor, Repaired,Avro RJ100,4,Lycoming LF507-1F,1999,-,-, HB-IYX, E3357,Crossair,International Scheduled Passenger,874,Zürich-Kloten Airport,ZRH,LSZH,Switzerland,London City Airport,LCY,EGLC,United Kingdom,-,-,0,0,-,-,Final
20011228-0,Friday,28-DEC-2001,07:27,A2, Takeoff (TOF),"Anchorage-Ted Stevens International Airport, AK (ANC)",United States of America,3,0, Substantial, Repaired,Boeing 747-128 (SF),4,Pratt & Whitney JT9D-7,1970,-,87407.0, N3203Y, 19751/39,Evergreen International,Cargo,203,Anchorage-Ted Stevens International Airport,ANC,PANC,United States of America,Fairfield-Travis AFB,SUU,KSUU,United States of America,3,0,0,0,-,-,Final
20011299-0,-,xx-DEC-2001,-,A1, Landing (LDG),Lubumbashi-Luano (FBM),Democratic Republic of the Congo,-,0, Damaged beyond repair,-,Douglas C-53-DO (DC-3),2,Pratt & Whitney R-1830,1942,-,-, ZS-OJD, 4890,Congo Communications,Unknown,-,-,-,-,-,Lubumbashi-Luano Airport,FBM,FZQA,Democratic Republic of the Congo,-,-,0,0,-,-,Preliminary
20019999-0,-,xx-xxx-2001,-,A2, Taxi (TXI),at an unknown location,Peru,-,0, Substantial, Repaired,Cessna 208 Caravan I,1,Pratt & Whitney Canada PT6A-114,-,-,-, EP-859, 20800254,Peruvian Army,Military,-,-,-,-,-,-,-,-,-,-,-,0,0,-,-,-
20019999-1,-,xx-xxx-2001,-,A1, Taxi (TXI),Mexico City-Benito Juárez International Airport (MEX),Mexico,-,0, Damaged beyond repair,-,Swearingen SA227-AC Metro III,-,-,1988,26816.0,19349.0, XA-TKK, AC-718,Westair de México,Cargo,-,-,-,-,-,-,-,-,-,-,0,0,0,-,-,-
