identifiant,week_day,date,time,type_event,phase,location,country,total_occupants,total_fatalities,aircraft_damage,aircraft_fate,type_aircraft,number_engines,type_engines,first_flight,cycles,total_airframe_hours,registration,c_n_msn,operator,nature,flight_number,departure_airport_name,departure_airport_IATA,departure_airport_ICAO,departure_airport_country,destination_airport_name,destination_airport_IATA,destination_airport_ICAO,destination_airport_country,crew_number,passengers_number,crew_fatalities,passengers_fatalities,collision_casualties,ground_casualties,status
19480524-0,Monday,24-MAY-1948,15:42,A1, Approach (APR),Madrid Air Base,Colombia,4,4, Damaged beyond repair,-,Douglas C-47 (DC-3),-,-,-,-,-, FAC-662,-,Colombian AF,Military,-,-,-,-,-,-,-,-,-,4,0,4,0,1,-,-
19480526-0,Wednesday,26-MAY-1948,-,U1, Unknown (UNK),near Popowice,Poland,-,-, Damaged beyond repair,-,Lisunov Li-2T,-,-,-,-,-, SP-LBC, 18419010,LOT,Unknown,-,-,-,-,-,-,-,-,-,-,-,-,-,-,-,-
19480526-1,Wednesday,26-MAY-1948,-,O1, Standing (STD),North Luffenham RAF Station,United Kingdom,0,0, Damaged beyond repair,-,Douglas Dakota IV (DC-3),2,Pratt & Whitney R-1830-90C,1945,-,-, KN375, 32747/15999,RAF,Military,-,-,-,-,-,-,-,-,-,0,0,0,0,-,-,-
19480527-0,Thursday,27-MAY-1948,-,A1, Unknown (UNK),"32 km (20 mls) SW of Banton Rouge, LA",United States of America,7,7, Destroyed, Written off (damaged beyond repair),Douglas C-47B-10-DK (DC-3),-,-,1944,-,-, 43-48939, 14755/	26200,USAF,Military,-,-,-,-,-,-,-,-,-,-,-,-,-,-,-,-
19480528-0,Friday,28-MAY-1948,-,A1, Maneuvering (MNV),near Amesbury,United Kingdom,2,2, Damaged beyond repair,-,Miles M.60 Marathon I,-,-,1946,-,-, G-AGPD, 6265,A & AEE,Demonstration,-,-,-,-,-,-,-,-,-,2,0,2,0,-,-,-
19480531-0,Monday,31-MAY-1948,-,A1, Takeoff (TOF),Lough Erne,United Kingdom,-,0, Damaged beyond repair,-,Short Sunderland GR.5,-,-,-,-,-, SZ574,-,RAF,Military,-,-,-,-,-,-,-,-,-,-,-,0,0,-,-,-
19480531-1,Monday,31-MAY-1948,-,A1, En route (ENR),Reims,France,-,0, Substantial, Written off (damaged beyond repair),SNCASE SE.161/1 Languedoc,-,-,1945,-,-, SP-LDA, 21,LOT,International Scheduled Passenger,-,-,-,-,-,-,-,-,-,-,-,0,0,-,-,-
19480603-0,Thursday,03-JUN-1948,-,C1, En route (ENR),at an unknown location,Israel,-,-, Damaged beyond repair,-,Douglas C-47 (DC-3),-,-,-,-,-, registration unknown,-,Royal Egyptian Air Force,Military,-,-,-,-,-,-,-,-,-,-,-,-,-,-,-,-
19480603-1,Thursday,03-JUN-1948,-,C1, En route (ENR),at an unknown location,Israel,-,-, Damaged beyond repair,-,Douglas C-47 (DC-3),-,-,-,-,-, registration unknown,-,Royal Egyptian Air Force,Military,-,-,-,-,-,-,-,-,-,-,-,-,-,-,-,-
19480604-0,Friday,04-JUN-1948,-,H2, En route (ENR),Bari,Italy,28,0, None,-,Douglas C-47 (DC-3),-,-,-,-,-, registration unknown,-,JUSTA,Domestic Scheduled Passenger,-,-,-,-,-,Sarajevo Airport,SJJ,LQSA,Bosnia and Herzegovina,6,22,0,0,-,-,-
19480608-0,Tuesday,08-JUN-1948,-,A1, Initial climb (ICL),Lisboa,Portugal,5,0, Damaged beyond repair,-,Douglas C-47A-65-DL (DC-3),2,Pratt & Whitney R-1830-92,1943,-,-, CS-TDF, 18998,TAP,Training,-,Lisboa-Portela de Sacavém Airport,LIS,LPPT,Portugal,-,-,-,-,5,0,0,0,-,-,-
19480612-0,Saturday,12-JUN-1948,01:05,A1, Unknown (UNK),"Eloy, AZ",United States of America,2,0, Damaged beyond repair,-,Douglas C-47A-20-DL (DC-3),2,Pratt & Whitney R-1830,1943,-,4823.0, NC79042, 9394,Eagle Air Freight,Cargo,-,Hollywood-Lockheed Air Terminal,BUR,KBUR,United States of America,El Paso International Airport,ELP,KELP,United States of America,2,0,0,0,-,-,Final
19480614-0,Monday,14-JUN-1948,-,A1, Unknown (UNK),Coulommiers,France,-,-, Damaged beyond repair,-,SNCASE SE.161/P7 Languedoc,4,Pratt & Whitney R-1830,1945,-,-, F-BATG, 07,Air France,Unknown,-,-,-,-,-,-,-,-,-,-,-,-,-,-,-,-
19480616-0,Wednesday,16-JUN-1948,16:00,A1, Approach (APR),Amsterdam-Schiphol Airport (AMS),Netherlands,27,0, Damaged beyond repair,-,Douglas DC-4-1009,-,-,1946,-,-, PH-TCF, 42996,KLM,International Scheduled Passenger,-,Genève-Cointrin Airport,GVA,LSGG,Switzerland,Amsterdam-Schiphol International Airport,AMS,EHAM,Netherlands,7,20,0,0,-,-,Final
19480617-0,Thursday,17-JUN-1948,12:41,A1, En route (ENR),"5 km (3.1 mls) ENE of Mount Carmel, PA",United States of America,43,43, Destroyed, Written off (damaged beyond repair),Douglas DC-6,4,Pratt & Whitney R-2800,1947,-,1245.0, NC37506, 42871/12,United Airlines,Domestic Scheduled Passenger,UA624,Chicago Municipal Airport,MDW,KMDW,United States of America,New York-La Guardia Airport,LGA,KLGA,United States of America,4,39,4,39,-,-,Final
19480617-1,Thursday,17-JUN-1948,-,H2, En route (ENR),Salzburg  Airport (SZG),Austria,23,0, None,-,Douglas C-47 (DC-3),-,-,-,-,-, registration unknown,-,TARS,Domestic Scheduled Passenger,-,-,-,-,-,-,-,-,-,4,19,0,0,-,-,-
19480617-2,Thursday,17-JUN-1948,-,A1, Takeoff (TOF),Pastaza-Shell Mera Airport (PTZ),Ecuador,-,0, Damaged beyond repair,-,Douglas C-47 (DC-3),-,-,-,-,-, FAE502,-,Ecuador Air Force,Military,-,Pastaza-Shell Mera Airport,PTZ,SESM,Ecuador,Pastaza-Shell Mera Airport,PTZ,SESM,Ecuador,-,-,0,0,-,1,-
19480621-0,Monday,21-JUN-1948,-,A1, Landing (LDG),Maracaibo-Grano de Oro Airport,Venezuela,-,0, Damaged beyond repair,-,Douglas C-47A-70-DL (DC-3),2,Pratt & Whitney R-1830-92,1943,-,-, YV-C-AQC, 19126,T.A. Transandino,Unknown,-,-,-,-,-,Maracaibo-Grano de Oro Airport,ORO,SVMO,Venezuela,-,-,0,0,-,-,-
19480621-1,Monday,21-JUN-1948,-,A1, Landing (LDG),"Whidbey Island-NAS, WA (NUW)",United States of America,5,0, Damaged beyond repair,-,Lockheed P2V-2 Neptune,-,-,-,-,-, 39353, 126-1053,US Navy,Military,-,-,-,-,-,-,-,-,-,-,-,0,0,-,-,-
19480626-0,Saturday,26-JUN-1948,-,A1, Landing (LDG),Caracas Airport (CCS),Venezuela,17,1, Damaged beyond repair,-,Douglas C-47B-45-DK (DC-3),2,Pratt & Whitney R-1830-90C,1945,-,-, YV-C-AHI, 34254/16992,LAV,Scheduled Passenger,-,-,-,-,-,Caracas Airport,CCS,SVMI,Venezuela,3,14,1,0,-,-,-
19480629-0,Tuesday,29-JUN-1948,14:00,A1, En route (ENR),Bogotá-Techo,Colombia,3,0, Substantial, Written off (damaged beyond repair),Lockheed 18 Lodestar,-,-,-,-,-, C-804,-,SCOLTA,Cargo,-,-,-,-,-,-,-,-,-,3,0,0,0,-,-,-
19480630-0,Wednesday,30-JUN-1948,-,H2, En route (ENR),Istanbul,Turkey,-,1, None,-,Junkers Ju-52,-,-,-,-,-, registration unknown,-,TABSO,Domestic Scheduled Passenger,-,Varna Airport,VAR,LBWN,Bulgaria,Sofia-Vrazhdebna Airport,SOF,LBSF,Bulgaria,-,17,1,0,-,-,-
19480701-0,Thursday,01-JUL-1948,12:20,A1, Approach (APR),Keerbergen Airfield,Belgium,12,8, Damaged beyond repair,-,Fiat G.212PW,3,Pratt & Whitney R-1830,1948,-,19.0, I-ELSA, 04,ALI,International Scheduled Passenger,-,Milano-Linate Airport,LIN,LIML,Italy,Brussel-Zaventem Airport,BRU,EBBR,Belgium,5,7,4,4,-,-,Final
19480701-1,Thursday,01-JUL-1948,15:00,A1, En route (ENR),Pico de Orizaba,Mexico,14,14, Damaged beyond repair,-,Douglas DC-3,-,-,-,-,-, registration unknown,-,Unknown,Domestic Non Scheduled Passenger,-,Minatitlán/Coatzacoalcos International Airport,MTT,MMMT,Mexico,Mexico City International Airport,MEX,MMMX,Mexico,2,12,2,12,-,-,Preliminary
19480704-0,Sunday,04-JUL-1948,15:03,A1, En route (ENR),Northwood,United Kingdom,32,32, Destroyed, Written off (damaged beyond repair),Douglas DC-6,-,-,1948,-,-, SE-BDA, 43119/111,SAS,International Scheduled Passenger,-,Amsterdam-Schiphol International Airport,AMS,EHAM,Netherlands,London-Northolt RAF Station,NHT,EGWU,United Kingdom,7,25,7,25,7,-,-
19480704-1,Sunday,04-JUL-1948,15:03,A1, En route (ENR),Northwood,United Kingdom,7,7, Destroyed, Written off (damaged beyond repair),Avro 685 York C.1,4,Rolls-Royce Merlin,-,-,-, MW248,-,RAF,Military,-,Malta-Luqa Airport,MLA,LMML,Malta,London-Northolt RAF Station,NHT,EGWU,United Kingdom,6,1,6,1,32,-,-
19480704-2,Sunday,04-JUL-1948,-,A1, Standing (STD),Ekron-Tel Nof Air Base,Israel,-,0, Damaged beyond repair,-,Curtiss C-46,-,-,-,-,-, RX-133,-,Israeli AF,Military,-,-,-,-,-,-,-,-,-,-,-,0,0,-,-,-
19480705-0,Monday,05-JUL-1948,-,A1, Approach (APR),"1,6 km (1 mls) E of Wiesbaden Air Base",Germany,2,0, Substantial, Written off (damaged beyond repair),Douglas C-47A-80-DL (DC-3),-,-,1944,-,-, 43-15096, 19562,USAF,Military,-,Berlin-Tempelhof Airport,THF,EDDI,Germany,Wiesbaden-Erbenheim (Y-80) Air Base,WIE,ETOU,Germany,2,0,0,0,-,-,-
19480707-0,Wednesday,07-JUL-1948,-,A1, En route (ENR),Djiring,Vietnam,16,16, Damaged beyond repair,-,Douglas C-47-DL (DC-3),2,Pratt & Whitney R-1830-92,1943,-,-, F-BCYP, 9158,Aigle Azur,Domestic Scheduled Passenger,-,Saigon-Tan Son Nhat International Airport,SGN,VVTS,Vietnam,Dalat-Lienkhang Airport,DLI,VVDL,Vietnam,3,13,3,13,-,-,-
19480708-0,Thursday,08-JUL-1948,23:30,A1, En route (ENR),16 km (10 mls) NNE of Wiesbaden,Germany,3,3, Damaged beyond repair,-,Douglas C-47A-30-DK (DC-3),2,Pratt & Whitney R-1830-92,1944,-,-, 43-48256, 25517/14072,USAF,Military,-,Wiesbaden-Erbenheim (Y-80) Air Base,WIE,ETOU,Germany,Berlin-Tempelhof Airport,THF,EDDI,Germany,3,0,3,0,-,-,-
19480708-1,Thursday,08-JUL-1948,-,A1, En route (ENR),"ca 17 km from Coronel Pringles, BA",Argentina,5,5, Damaged beyond repair,-,Douglas C-47A-40-DL (DC-3),-,-,1943,-,-, 0260/2-Gt-19, 9899,Argentine Navy,Military,-,-,-,-,-,-,-,-,-,-,-,-,-,-,-,-
19480710-0,Saturday,10-JUL-1948,-,A1, Approach (APR),off Maiquetia-La Gloria,Venezuela,3,0, Damaged beyond repair,-,Curtiss C-46D-15-CU Commando,-,-,1945,-,-, CU-P198, 33534,Interamericano,Cargo,-,Havana-Rancho Boyeros Airport,HAV,MUHA,Cuba,Caracas-Simón Bolívar International Airport,CCS,SVMI,Venezuela,3,0,0,0,-,-,-
19480712-0,Monday,12-JUL-1948,-,A1, Landing (LDG),Paris-Orly Airport (ORY),France,12,0, Damaged beyond repair,-,Douglas DC-4-1009,-,-,1946,-,-, F-BBDL, 42989,Air France,Scheduled Passenger,-,-,-,-,-,Paris-Orly Airport,ORY,LFPO,France,4,8,0,0,-,-,-
19480713-0,Tuesday,13-JUL-1948,-,A1, Landing (LDG),Ramat-David Air Base,Israel,-,-, Damaged beyond repair,-,Douglas C-47 Pe're (DC-3),-,-,-,-,-, registration unknown,-,Israeli AF,Military,-,-,-,-,-,-,-,-,-,-,-,-,-,-,-,-
19480714-0,Wednesday,14-JUL-1948,-,A1, Initial climb (ICL),"Belém, PA",Brazil,6,5, Damaged beyond repair,-,Douglas C-47A-70-DL (DC-3),2,Pratt & Whitney R-1830-92,1943,-,-, PP-AVO, 19113,Aerovias Brasil,Cargo,-,Belém/Val-de-Cans International Airport,BEL,SBBE,Brazil,-,-,-,-,4,2,3,2,-,-,-
19480714-1,Wednesday,14-JUL-1948,08:45,A1, Approach (APR),SW of Toulon,France,6,6, Destroyed, Written off (damaged beyond repair),Douglas C-47B-10-DK Dakota IV,2,Pratt & Whitney R-1830-90C,1944,-,-, G-AGKN, 26429/14984,BOAC,Cargo,-,Malta-Luqa Airport,MLA,LMML,Malta,Toulon-Hyères Airport,TLN,LFTH,France,4,2,4,2,-,-,-
19480714-2,Wednesday,14-JUL-1948,09:18,A1, Takeoff (TOF),Singapore-Seletar Airport (XSP),Singapore,-,0, Damaged beyond repair,-,Short Sunderland GR.5,-,-,-,-,-, NJ276,-,RAF,Military,-,Singapore-Seletar Airport,XSP,WSSL,Singapore,-,-,-,-,-,-,0,0,-,-,-
19480715-0,Thursday,15-JUL-1948,-,A1, Unknown (UNK),Puerto Cabello Harbour,Venezuela,-,-, Damaged beyond repair,-,Consolidated PBY-5A Catalina,-,-,-,-,-, YV-C-APJ,-,Unknown,Unknown,-,-,-,-,-,-,-,-,-,-,-,-,-,-,-,-
19480716-0,Friday,16-JUL-1948,-,H1, En route (ENR),ca 6 km NE off Kau Chau Island,China,26,25, Damaged beyond repair,-,Consolidated PBY-5A Catalina,-,-,-,-,-, VR-HDT,-,Cathay Pacific,International Scheduled Passenger,-,-,-,-,-,Hong Kong-Kai Tak International Airport,HKG,VHHH,Hong Kong,3,23,3,22,-,-,-
19480720-0,Tuesday,20-JUL-1948,-,A1, En route (ENR),"130 km (81.3 mls) S off  Marseille, France",Mediterranean Sea,20,0, Damaged beyond repair,-,Douglas C-47B-30-DK (DC-3),2,Pratt & Whitney R-1830-90C,1945,-,-, 476561/FRAMC, 32893/16145,French AF,Military,-,Algiers-Maison Blanche Airport,ALG,DAAG,Algeria,-,-,-,-,-,-,0,0,-,-,-
19480720-1,Tuesday,20-JUL-1948,-,A1, Approach (APR),ca 1 km E of Villacoublay Air Base (BA 107),France,5,5, Destroyed, Written off (damaged beyond repair),SNCAC NC.211 Cormoran,4,SNECMA 14R,1948,0.0,0.0, -, 001,SNCAC,Test,-,Toussus-le-Noble Airport,TNF,LFPN,France,-,-,-,-,5,0,5,0,-,-,-
19480722-0,Thursday,22-JUL-1948,-,A1, Landing (LDG),Gore Airport (GOR),Ethiopia,-,0, Damaged beyond repair,-,Douglas C-47A-75-DL (DC-3),2,Pratt & Whitney R-1830-92,1944,-,-, ET-T-5, 19416,Ethiopian Air Lines,Unknown,-,-,-,-,-,Gore Airport,GOR,HAGR,Ethiopia,-,-,0,0,-,-,-
19480722-1,Thursday,22-JUL-1948,-,A1, Unknown (UNK),Indo-China,Unknown country,-,-, Damaged beyond repair,-,Douglas C-47B-1-DK (DC-3),-,-,1944,-,-, 348281, 25542/14097,French AF,Military,-,-,-,-,-,-,-,-,-,-,-,-,-,-,-,-
19480724-0,Saturday,24-JUL-1948,17:30,A1, En route (ENR),"Cap des Rosiers, QC",Canada,26,26, Damaged beyond repair,-,Douglas C-47-DL (DC-3),2,Pratt & Whitney R-1830-92,1943,-,-, CF-FKY, 6246,Rimouski Airlines,Domestic Non Scheduled Passenger,-,-,-,-,-,Gaspé-Metropolitan Area Airport,YGP,CYGP,Canada,3,23,3,23,-,-,-
19480724-1,Saturday,24-JUL-1948,-,A1, Landing (LDG),Fassberg Air Base,Germany,3,0, Damaged beyond repair,-,Douglas Dakota IV (DC-3),2,Pratt & Whitney R-1830-90C,1945,-,-, KN252, 27178/15733,RAF,Military,-,-,-,-,-,-,-,-,-,3,0,0,0,-,-,-
19480725-0,Sunday,25-JUL-1948,01:00,A1, Approach (APR),4 km (2.5 mls) W of Berlin-Tempelhof Airport (THF),Germany,2,2, Damaged beyond repair,-,Douglas C-47B-15-DK (DC-3),2,Pratt & Whitney R-1830-90C,1944,-,-, 43-49534, 26795/15350,USAF,Military,-,Wiesbaden-Erbenheim (Y-80) Air Base,WIE,ETOU,Germany,Berlin-Tempelhof Airport,THF,EDDI,Germany,2,0,2,0,-,-,-
19480727-0,Tuesday,27-JUL-1948,-,A1, Takeoff (TOF),Wadi Halfa Airport (WHF),Sudan,14,0, Damaged beyond repair,-,Lockheed C-60A-5-LO Lodestar,-,-,1943,-,-, OO-GVP, 18-2320,Air Transport,Passenger,-,Wadi Halfa Airport,WHF,HSSW,Sudan,-,-,-,-,5,9,0,0,-,-,-
19480727-1,Tuesday,27-JUL-1948,-,A1, Takeoff (TOF),Abingdon RAF Station (ABB),United Kingdom,-,0, Damaged beyond repair,-,Avro 685 York C.1,4,Rolls-Royce Merlin,-,-,-, MW311,-,RAF,Military,-,Abingdon RAF Station,ABB,EGUD,United Kingdom,-,-,-,-,-,-,0,0,-,-,-
19480728-0,Wednesday,28-JUL-1948,-,A1, Landing (LDG),"Kittigazuit, NWT",Canada,10,1, Damaged beyond repair,-,Canadian Vickers PBV-1A Canso A (PBY-5A),-,-,-,-,-, 11081, CV-411,RCAF,Military,-,-,-,-,-,-,-,-,-,-,-,-,-,-,-,-
19480729-0,Thursday,29-JUL-1948,-,A1, Initial climb (ICL),Qingdao Airport (TAO),China,19,19, Damaged beyond repair,-,Curtiss C-46D-20-CU Commando,-,-,1945,-,-, XT-822, 22355,Civil Air Transport,Domestic Scheduled Passenger,-,Qingdao Airport,TAO,ZSQD,China,Jinan Airport,TNA,ZSTN,China,3,16,3,16,-,-,-
19480729-1,Thursday,29-JUL-1948,09:15,A1, Landing (LDG),off Buenos Aires,Argentina,23,20, Damaged beyond repair,-,Short S.25 Sandringham 2,-,-,-,-,-, LV-AAP, SH.2C,ALFA,Domestic Scheduled Passenger,-,-,-,-,-,-,-,-,-,5,18,-,-,-,-,-
19480730-0,Friday,30-JUL-1948,-,A1, Unknown (UNK),near Sywell,United Kingdom,19,0, Damaged beyond repair,-,Douglas C-47A-1-DK Dakota C.3,-,-,1943,-,-, G-AGIX, 12053,BEA,Domestic Scheduled Passenger,-,Edinburgh-Turnhouse Airport,EDI,EGPH,United Kingdom,London-Northolt Airport,NHT,EGWU,United Kingdom,5,14,0,0,-,-,-
19480731-0,Saturday,31-JUL-1948,-,A1, Landing (LDG),Turukhansk Airport (THX),Russia,20,3, Damaged beyond repair,-,Naval Aircraft Factory PBN-1 Nomad,-,-,-,-,523.0, CCCP-L789,-,Aeroflot / Krasnoyarsk,Domestic Scheduled Passenger,-,-,-,-,-,Turukhansk Airport,THX,UOTT,Russia,5,15,0,3,-,-,-
19480801-0,Sunday,01-AUG-1948,09:00,A1, Approach (APR),Karachi-Mauripur RAF Station,Pakistan,4,4, Damaged beyond repair,-,Avro 691 Lancastrian XPP,-,-,-,-,-, AP-ACM, 37031,Onzeair,Cargo,-,Islamabad-Chaklala Air Base,ISB,OPRN,Pakistan,-,-,-,-,4,0,4,0,-,-,-
19480801-1,Sunday,01-AUG-1948,01:30,A1, En route (ENR),"c 1900 km W off Dakar, Senegal",Atlantic Ocean,52,52, Missing, Presumed damaged beyond repair,Latécoère 631,6,Wright R-2600-A5B Cyclone,1947,-,35.0, F-BDRC, 6,Air France,International Scheduled Passenger,AF072,-,-,-,-,Port-Étienne Airport,NDB,GQPP,Mauritania,12,40,12,40,-,-,-
19480801-2,Sunday,01-AUG-1948,-,A1, Landing (LDG),Berlin-RAF Gatow Airport (GWW),Germany,3,0, Damaged beyond repair,-,Douglas Dakota IV (DC-3),2,Pratt & Whitney R-1830-90C,1945,-,-, KN238, 27107/15662,RAF,Military,-,-,-,-,-,Berlin-R.A.F. Gatow Airport,GWW,EDBG,Germany,3,0,0,0,-,-,-
19480805-0,Thursday,05-AUG-1948,-,A1, Approach (APR),"18 km (11.3 mls) from  Miami NAS, FL",United States of America,10,10, Damaged beyond repair,-,Douglas R4D-6 (DC-3),-,-,1944,-,-, 17285, 25950/14505,US Navy,Military,-,Norfolk NAS Chambers,NGU,KNGU,United States of America,Opa-Locka Airport,OPF,KOPF,United States of America,-,-,-,-,-,-,-
19480809-0,Monday,09-AUG-1948,08:45,A1, En route (ENR),Rununder Point,New Zealand,2,2, Damaged beyond repair,-,Douglas C-47B-30-DK (DC-3),2,Pratt & Whitney R-1830-90C,1945,-,-, ZK-AOE, 33131/16383,New Zealand National Airways,Cargo,-,Blenheim-Woodbourne Airport,BHE,NZWB,New Zealand,Paraparaumu Airport,PPQ,NZPP,New Zealand,2,0,2,0,-,-,-
19480810-0,Tuesday,10-AUG-1948,20:30,O1, Standing (STD),"Pyote AFB, TX",United States of America,0,0, Damaged beyond repair,-,Curtiss C-46F-1-CU Commando,-,-,1945,-,-, NC1650M, 22398,Skyways Int.,-,-,-,-,-,-,-,-,-,-,0,0,0,0,-,-,-
19480811-0,Wednesday,11-AUG-1948,-,A1, Landing (LDG),Desford RAF Station,United Kingdom,-,0, Damaged beyond repair,-,Avro 685 York C.1,4,Rolls-Royce Merlin,-,-,-, MW259,-,RAF,Military,-,-,-,-,-,-,-,-,-,-,-,0,0,-,-,-
19480811-1,Wednesday,11-AUG-1948,-,O1, Standing (STD),Belfast,United Kingdom,0,0, Damaged beyond repair,-,Short Sunderland GR.5,-,-,-,-,-, RN292,-,RAF,Military,-,-,-,-,-,-,-,-,-,0,0,0,0,-,-,-
19480812-0,Thursday,12-AUG-1948,-,A1, Landing (LDG),"Sydney Airport, NS (YQY)",Canada,17,0, Damaged beyond repair,-,Canadair DC-4M1 North Star,4,Rolls-Royce Merlin 622,1947,-,-, CF-TEL, 103,TCAL,Domestic Scheduled Passenger,-,Montreal-Dorval International Airport,YUL,CYUL,Canada,Sydney Airport,YQY,CYQY,Canada,6,11,0,0,-,-,-
19480813-0,Friday,13-AUG-1948,-,A1, Landing (LDG),Berlin-Tempelhof Airport (THF),Germany,3,0, Damaged beyond repair,-,Douglas C-54G-1-DO (DC-4),-,-,1945,-,-, 45-514, 35967,USAF,Military,-,-,-,-,-,Berlin-Tempelhof Airport,THF,EDDI,Germany,3,0,0,0,-,-,-
19480813-1,Friday,13-AUG-1948,-,A1, En route (ENR),"Gadsden, AL",United States of America,3,0, Damaged beyond repair,-,Fairchild C-82A Packet,-,-,-,-,-, 44-22965, 10009,USAF,Military,-,Fort Benning-Lawson AFB,LSF,KLSF,United States of America,Minneapolis-Wold-Chamberlain Field,MSP,KMSP,United States of America,3,0,0,0,-,-,-
19480819-0,Thursday,19-AUG-1948,-,A1, Unknown (UNK),Batu Melintang,Malaysia,5,5, Damaged beyond repair,-,Douglas Dakota IV (DC-3),2,Pratt & Whitney R-1830-90C,1944,-,-, KJ962, 26254/14809,RAF,Military,-,-,-,-,-,-,-,-,-,-,-,-,-,-,-,-
19480819-1,Thursday,19-AUG-1948,17:45,A2, Takeoff (TOF),"Brisbane-Archerfield Airport, QLD",Australia,3,0, Substantial, Repaired,Douglas DC-3,2,Pratt & Whitney R-1830-S1C3-G,1943,-,5236.0, VH-EAM, 9286,Qantas,Test,-,-,-,-,-,-,-,-,-,3,0,0,0,-,-,-
19480820-0,Friday,20-AUG-1948,-,A1, Unknown (UNK),"20 km (12.5 mls) off  Coro, Falcón",Venezuela,3,3, Missing, Presumed damaged beyond repair,Douglas C-47A-85-DL (DC-3),2,Pratt & Whitney R-1830-92,1944,-,-, YV-C-AVN, 19984,AVENSA,Cargo,-,-,-,-,-,Las Piedras-Josefa Camejo Airport,LSP,SVJC,Venezuela,3,0,3,0,-,-,-
19480824-0,Tuesday,24-AUG-1948,07:31,A1, En route (ENR),near Ravolzhausen,Germany,2,2, Damaged beyond repair,-,Douglas C-47A-90-DL (DC-3),-,-,1944,-,-, 43-16036, 20502,USAF,Military,-,Berlin-Tempelhof Airport,THF,EDDI,Germany,Wiesbaden-Erbenheim (Y-80) Air Base,WIE,ETOU,Germany,2,0,2,0,2,-,-
19480824-1,Tuesday,24-AUG-1948,07:31,A1, En route (ENR),near Ravolzhausen,Germany,2,2, Damaged beyond repair,-,Douglas C-47A-80-DL (DC-3),-,-,1944,-,-, 43-15116, 19582,USAF,Military,-,Berlin-Tempelhof Airport,THF,EDDI,Germany,Wiesbaden-Erbenheim (Y-80) Air Base,WIE,ETOU,Germany,2,0,2,0,2,-,-
19480824-2,Tuesday,24-AUG-1948,-,A1, En route (ENR),"8 km (5 mls) N of Newton, NJ",United States of America,9,9, Damaged beyond repair,-,Douglas C-47 (VC-117B) (DC-3),-,-,1945,-,-, 45-2554, 34212/18557,USAF,Military,-,Harrisburg-Olmsted AFB,MDT,KMDT,United States of America,Danbury Airport,DXR,KDXR,United States of America,3,6,3,6,-,-,-
19480827-0,Friday,27-AUG-1948,08:30,A1, Landing (LDG),Tengah RAF Station (TGA),Singapore,18,0, Damaged beyond repair,-,Avro 691 Lancastrian C.1,4,Rolls-Royce Merlin,-,-,-, G-AGMB, 1182,BOAC,International Scheduled Passenger,-,Tengah RAF Station,TGA,WSAT,Singapore,Colombo-Ratmalana Airport,RML,VCCC,Sri Lanka,6,12,0,0,-,-,-
19480827-1,Friday,27-AUG-1948,-,U1, Unknown (UNK),at an unknown location,Unknown country,-,-, Damaged beyond repair,-,Douglas DC-3,-,-,-,-,-, registration unknown,-,Aerovías Cubanas Internacionales,Unknown,-,-,-,-,-,-,-,-,-,-,-,-,-,-,-,-
19480827-2,Friday,27-AUG-1948,-,U1, Unknown (UNK),at an unknown location,Unknown country,-,-, Damaged beyond repair,-,Douglas C-47-DL (DC-3),2,Pratt & Whitney R-1830-92,1942,-,-, AN-ACZ, 4662,LANICA,Unknown,-,-,-,-,-,-,-,-,-,-,-,-,-,-,-,-
19480829-0,Sunday,29-AUG-1948,17:05,A1, En route (ENR),"6,6 km (4.1 mls) NW of Winona, WI",United States of America,37,37, Damaged beyond repair,-,Martin 2-0-2,2,Pratt & Whitney R-2800-CA18,1947,-,1321.0, NC93044, 9165,Northwest Airlines,Domestic Scheduled Passenger, 421,-,-,-,-,Minneapolis-St. Paul International Airport,MSP,KMSP,United States of America,4,33,4,33,-,-,Final
19480829-1,Sunday,29-AUG-1948,-,A1, Unknown (UNK),Paris-Le Bourget,France,-,-, Damaged beyond repair,-,SNCASE SE.161/P7 Languedoc,4,Pratt & Whitney R-1830,1948,-,-, F-BATO, 32,Air France,Unknown,-,-,-,-,-,-,-,-,-,-,-,-,-,-,-,-
19480831-0,Tuesday,31-AUG-1948,12:06,A1, En route (ENR),near Kimbwe,Democratic Republic of the Congo,13,13, Destroyed, Written off (damaged beyond repair),Douglas C-47A-10-DK (DC-3),2,Pratt & Whitney R-1830-S1C3-G,1944,-,3040.0, OO-CBL, 12420,Sabena,Domestic Scheduled Passenger,-,Manono Airport,MNO,FZRA,Democratic Republic of the Congo,Elizabethville Airport,FBM,FZQA,Democratic Republic of the Congo,3,10,3,10,-,-,Final
19480902-0,Thursday,02-SEP-1948,20:15,A1, En route (ENR),"near Quirindi, NSW",Australia,13,13, Damaged beyond repair,-,Douglas C-47A-50-DL (DC-3),2,Pratt & Whitney R-1830-92,1943,-,-, VH-ANK, 9999,ANA,Domestic Scheduled Passenger,-,-,-,-,-,Sydney-Mascot Airport,SYD,YSSY,Australia,3,10,3,10,-,-,-
19480902-1,Thursday,02-SEP-1948,-,A1, Takeoff (TOF),Novosibirsk-Severny (North) Airport,Russia,20,1, Damaged beyond repair,-,Ilyushin Il-12,-,-,1948,-,-, CCCP-L1465, 8302421,Aeroflot / Moscow,Domestic Scheduled Passenger,-,-,-,-,-,Omsk Airport,OMS,UNOO,Russia,5,15,0,1,-,-,-
19480903-0,Friday,03-SEP-1948,-,A1, Landing (LDG),Lisboa Airport (LIS),Portugal,5,0, Damaged beyond repair,-,Douglas DC-4,-,-,1943,-,-, CS-TSB, 3059,TAP,Training,-,Lisboa-Portela de Sacavém Airport,LIS,LPPT,Portugal,Lisboa-Portela de Sacavém Airport,LIS,LPPT,Portugal,5,0,0,0,-,-,-
19480904-0,Saturday,04-SEP-1948,-,A1, Takeoff (TOF),Moskva-Bykovo Airport (BKA),Russia,24,6, Damaged beyond repair,-,Lisunov Li-2,-,-,1948,-,113.0, CCCP-L4498, 4409,Aeroflot / Moscow,Domestic Scheduled Passenger,-,Moskva-Bykovo Airport,BKA,UUBB,Russia,Kharkov Airport,HRK,UKHH,Ukraine,4,20,1,5,-,-,-
19480905-0,Sunday,05-SEP-1948,-,A1, Takeoff (TOF),Surabaya,Indonesia,25,0, Damaged beyond repair,-,Short S.25 Sunderland 3,-,-,-,-,-, G-AGEW, 1943,BOAC,International Scheduled Passenger,-,-,-,-,-,-,-,-,-,7,18,0,0,-,-,-
19480906-0,Monday,06-SEP-1948,10:00,A1, En route (ENR),"Førdesveten, Hordaland",Norway,15,13, Damaged beyond repair,-,Boeing-Canada PB2B-1 Catalina IVB,-,-,-,-,770.0, JX412/K-AK, 28172,Norwegian AF,Military,-,Stavanger-Sola Airport,SVG,ENZV,Norway,-,-,-,-,9,6,9,4,-,-,-
19480907-0,Tuesday,07-SEP-1948,16:00,A1, Landing (LDG),Roma-Ciampino Airport (CIA),Italy,7,0, Damaged beyond repair,-,Douglas C-47-DL (DC-3),2,Pratt & Whitney R-1830-92,1942,-,-, NC75402, 4523,Superior Oil Corp.,Executive,-,-,-,-,-,Roma-Ciampino Airport,CIA,LIRA,Italy,2,5,0,0,-,-,-
19480907-1,Tuesday,07-SEP-1948,-,A1, Unknown (UNK),"near Wetaskiwin, AB",Canada,8,3, Damaged beyond repair,-,Douglas C-47A-65-DL (DC-3),2,Pratt & Whitney R-1830-92,1943,-,-, 42-100490, 18953,USAF,Military,-,-,-,-,-,Minneapolis-St. Paul International Airport/Wold-Chamberlain Field,MSP,KMSP,United States of America,-,-,-,-,-,-,-
19480908-0,Wednesday,08-SEP-1948,-,A1, En route (ENR),"Barbacena, MG",Brazil,9,0, Damaged beyond repair,-,Lockheed 18-08 Lodestar,-,-,1942,-,-, PP-BBB, 2215,Universal Transportes Aéreos - UTA,Scheduled Passenger,-,-,-,-,-,São Lourenço Airport,SSO,SNLO,Brazil,3,6,0,0,-,-,-
19480909-0,Thursday,09-SEP-1948,11:03,A1, Initial climb (ICL),near Buguruslan-Baymakovo Aerodrome,Russia,4,4, Damaged beyond repair,-,Ilyushin Il-12,-,-,1948,-,245.0, CCCP-L1427, 30258,Aeroflot,Training,-,-,-,-,-,-,-,-,-,4,0,4,0,-,-,-
19480912-0,Sunday,12-SEP-1948,-,H2, En route (ENR),Tetovo,North Macedonia,21,0, None,-,Douglas C-47B-15-DK (DC-3),2,Pratt & Whitney R-1830-90C,1944,-,-, SX-BAH, 26565/15120,TAE,Domestic Scheduled Passenger,-,Athens-Ellinikon International Airport,ATH,LGAT,Greece,Thessaloniki International Airport,SKG,LGTS,Greece,-,-,0,0,-,-,-
19480916-0,Thursday,16-SEP-1948,19:17,A1, Landing (LDG),off Cape Medynski Zavorot,Russia,7,7, Damaged beyond repair,-,Lisunov Li-2T,-,-,1947,-,430.0, CCCP-N464, 18428201,Polyarnaya Aviatsiya,Survey/research,-,Amderma Airport,AMV,UOAA,Russia,Amderma Airport,AMV,UOAA,Russia,7,0,7,0,-,-,-
19480919-0,Sunday,19-SEP-1948,-,A1, Takeoff (TOF),Wunstorf RAF Station,Germany,5,5, Damaged beyond repair,-,Avro 685 York C.1,4,Rolls-Royce Merlin,-,-,-, MW288,-,RAF,Military,-,-,-,-,-,-,-,-,-,5,0,5,0,-,-,-
19480920-0,Monday,20-SEP-1948,11:41,A1, Landing (LDG),"Burlington International Airport, VT (BTV)",United States of America,17,0, Damaged beyond repair,-,Douglas DC-3-178,2,Wright R-1820-G102,1937,-,34238.0, NC17335, 1921,Colonial Airlines,International Scheduled Passenger,   3,-,-,-,-,Burlington International Airport,BTV,KBTV,United States of America,3,14,0,0,-,-,Final
19480922-0,Wednesday,22-SEP-1948,-,A1, Initial climb (ICL),"Santa Maria-Vila do Porto Airport, Azores (SMA)",Portugal,44,0, Damaged beyond repair,-,Douglas C-54A-15-DC (DC-4),-,-,1944,-,-, XA-GUU, 10390,Guest Aerovias Mexico,International Scheduled Passenger,-,Santa Maria-Vila do Porto Airport,SMA,LPAZ,Portugal,-,-,-,-,9,35,0,0,-,-,-
19480923-0,Thursday,23-SEP-1948,-,A1, Takeoff (TOF),Wunstorf RAF Station,Germany,-,0, Damaged beyond repair,-,Avro 685 York C.1,4,Rolls-Royce Merlin,-,-,-, MW245,-,RAF,Military,-,-,-,-,-,-,-,-,-,-,-,0,0,-,-,-
19480928-0,Tuesday,28-SEP-1948,-,O1, Standing (STD),"New York-La Guardia Airport, NY (LGA)",United States of America,0,0, Damaged beyond repair,-,Douglas DC-4,-,-,1945,-,-, NC45345, 27346,TWA,-,-,New York-La Guardia Airport,LGA,KLGA,United States of America,-,-,-,-,0,0,0,0,-,-,-
19480928-1,Tuesday,28-SEP-1948,-,A1, Approach (APR),"Lord Howe Island, NSW",Australia,9,7, Damaged beyond repair,-,Boeing-Canada PB2B-2 Catalina,-,-,-,-,-, A24-381, 61163,RAAF,Military,-,Lord Howe Island Airport,LDH,YLHI,Australia,-,-,-,-,9,0,7,0,-,-,-
19480929-0,Wednesday,29-SEP-1948,-,A2, Landing (LDG),Budaörs Airport,Hungary,2,0, Substantial, Repaired,Lisunov Li-2T,-,-,-,-,-, HA-LIG, 18426601,Maszovlet,Training,-,-,-,-,-,-,-,-,-,2,0,0,0,-,-,-
19480930-0,Thursday,30-SEP-1948,-,A1, En route (ENR),39 km (24.4 mls) NW of Balkhash Airport (BXH),Kazakhstan,15,15, Destroyed, Written off (damaged beyond repair),Lisunov Li-2,-,-,1946,-,2474.0, CCCP-L4304, 18423902,Aeroflot / Kazakstan,Domestic Scheduled Passenger,-,Balkhash Airport,BXH,UAAH,Kazakhstan,Karaganda Airport,KGF,UAKK,Kazakhstan,4,11,4,11,-,-,-
19481001-0,Friday,01-OCT-1948,-,A1, En route (ENR),"Mount Punggur, Lampung",Indonesia,6,6, Damaged beyond repair,-,Douglas C-47A-90-DL (DC-3),-,-,1944,-,-, RI-002, 20578,Indonesian AF,Military,-,Bandar Lampung-Branti Airport,TKG,WICT,Indonesia,-,-,-,-,5,1,5,1,-,-,-
19481002-0,Saturday,02-OCT-1948,-,A1, Landing (LDG),Trondheim-Hommelvik,Norway,45,19, Damaged beyond repair,-,Short S.25 Sandringham 5,-,-,-,-,-, LN-IAW, SB.2023,DNL,Domestic Scheduled Passenger,-,Oslo-Fornebu Airport,FBU,ENFB,Norway,-,-,-,-,-,-,3,16,-,-,-
19481002-1,Saturday,02-OCT-1948,-,A1, Landing (LDG),Dishforth RAF Station,United Kingdom,-,0, Damaged beyond repair,-,Handley Page Hastings C.1,-,-,-,-,-, TG519, HP67/23,RAF,Military,-,-,-,-,-,-,-,-,-,-,-,0,0,-,-,-
19481004-0,Monday,04-OCT-1948,-,A1, En route (ENR),Haines Bay,Bahamas,23,0, Damaged beyond repair,-,Douglas C-47B-DK (DC-3),2,Pratt & Whitney R-1830-90C,1945,-,-, NC58121, 34353/17086,New England Air Express,Domestic Non Scheduled Passenger,-,Teterboro Airport,TEB,KTEB,United States of America,-,-,-,-,4,19,0,0,-,-,-
19480102-0,Friday,02-JAN-1948,-,A1, Landing (LDG),Casablanca,Morocco,-,0, Damaged beyond repair,-,Amiot AAC.1 (Junkers Ju-52),-,-,-,-,-, F-BBZC, AAC248,SOCOTRA,Unknown,-,-,-,-,-,-,-,-,-,-,-,0,0,-,-,-
19480105-0,Monday,05-JAN-1948,-,A1, Landing (LDG),Johannesburg-Palmietfontein Airport,South Africa,15,0, Damaged beyond repair,-,Lockheed 18-08-01 Lodestar,-,-,1940,-,-, ZS-ASW, 18-2037,South African Airways,Domestic Scheduled Passenger,-,-,-,-,-,-,-,-,-,4,11,0,0,-,-,-
19480106-0,Tuesday,06-JAN-1948,19:30,A1, Approach (APR),near Gonesse,France,16,16, Damaged beyond repair,-,Douglas DC-3D,-,-,1946,-,-, F-BAXC, 42972,Air France,International Scheduled Passenger,-,Brussel-Zaventem Airport,BRU,EBBR,Belgium,Paris-Le Bourget Airport,LBG,LFPB,France,5,11,5,11,-,-,-
19480106-1,Tuesday,06-JAN-1948,-,A1, Approach (APR),Ruislip,United Kingdom,18,1, Damaged beyond repair,-,Vickers 610 Viking 1B,-,-,1947,-,-, G-AHPK, 148,BEA,Domestic Scheduled Passenger,-,-,-,-,-,London-Northolt Airport,NHT,EGWU,United Kingdom,4,14,1,0,-,-,-
19480107-0,Wednesday,07-JAN-1948,07:45,A1, En route (ENR),"16 km (10 mls) NNE of Savannah, GA",United States of America,27,18, Damaged beyond repair,-,Douglas C-47A-20-DK (DC-3),2,Pratt & Whitney R-1830-92,1944,-,2409.0, NC60331, 12968,Coastal Air Lines,Domestic Non Scheduled Passenger,-,Raleigh/Durham Airport,RDU,KRDU,United States of America,-,-,-,-,2,25,1,17,-,-,Final
19480107-1,Wednesday,07-JAN-1948,-,A1, Landing (LDG),Waterbeach RAF Station,United Kingdom,-,0, Damaged beyond repair,-,Douglas Dakota IV (DC-3),2,Pratt & Whitney R-1830-90C,1945,-,-, KN553, 33164/16416,RAF,Military,-,-,-,-,-,-,-,-,-,-,-,0,0,-,-,-
19480110-0,Saturday,10-JAN-1948,-,A1, En route (ENR),40 km (25 mls) NW of Cairo,Egypt,-,0, Damaged beyond repair,-,Douglas Dakota IV (DC-3),2,Pratt & Whitney R-1830-90C,1945,-,-, KN426, 32854/16106,RAF,Military,-,-,-,-,-,-,-,-,-,-,-,0,0,-,-,-
19480110-1,Saturday,10-JAN-1948,-,A1, Initial climb (ICL),3 km (1.9 mls) from  Madrid Airport,Colombia,3,0, Damaged beyond repair,-,Consolidated PBY-5A Catalina,-,-,-,-,-, C-414, 529,VIARCO,Cargo,-,Cartagena Airport,CTG,SKCG,Colombia,-,-,-,-,3,0,0,0,-,-,-
19480111-0,Sunday,11-JAN-1948,-,A1, En route (ENR),near Yamasá,Dominican Republic,32,32, Damaged beyond repair,-,Douglas C-47-DL (DC-3),2,Pratt & Whitney R-1830-92,1942,-,-, HI-6, 4735,Dominicana,Domestic Scheduled Passenger,-,Barahona-Maria Montez International Airport,BRX,MDBH,Dominican Republic,Santiago de los Caballeros-Cibao International Airport,STI,MDST,Dominican Republic,2,30,2,30,-,-,-
19480113-0,Tuesday,13-JAN-1948,13:40,A1, Unknown (UNK),Ponte Galeria,Italy,7,0, Damaged beyond repair,-,Douglas C-54A-5-DO (DC-4),-,-,1944,-,-, LV-AFG, 7479,FAMA,Test,-,Roma-Fiumicino Airport,FCO,LIRF,Italy,Roma-Fiumicino Airport,FCO,LIRF,Italy,6,1,0,0,-,-,-
19480113-1,Tuesday,13-JAN-1948,-,A1, Unknown (UNK),Guaymas,Mexico,-,-, Damaged beyond repair,-,Douglas DC-3A-228F,2,Pratt & Whitney R-1830,1941,-,-, XA-GOC, 4101,Mexicana,Unknown,-,-,-,-,-,-,-,-,-,-,-,-,-,-,-,-
19480113-2,Tuesday,13-JAN-1948,04:36,A1, Approach (APR),"Oxon Hill, MD",United States of America,9,5, Damaged beyond repair,-,Douglas DC-3-201F,2,Wright R-1820-G202A,1941,-,29974.0, NC28384, 4092,Eastern Air Lines,Domestic Scheduled Passenger,EA572,Winston-Salem-Smith-Reynolds Airport,INT,KINT,United States of America,Washington-National Airport,DCA,KDCA,United States of America,3,6,2,3,-,-,Final
19480118-1,Sunday,18-JAN-1948,-,A1, Landing (LDG),"Camp Springs-Andrews AFB, MD (ADW)",United States of America,4,1, Damaged beyond repair,-,Douglas C-47A-75-DL (DC-3),-,-,1944,-,-, 42-100999, 19462,USAF,Military,-,-,-,-,-,Camp Springs-Andrews AFB,ADW,KADW,United States of America,-,-,-,-,-,-,-
19480120-0,Tuesday,20-JAN-1948,-,A1, Takeoff (TOF),Mukden Airport (SHE),China,54,11, Damaged beyond repair,-,Curtiss C-46,-,-,-,-,-, registration unknown,-,CNAC,Domestic Non Scheduled Passenger,-,Mukden Airport,SHE,ZYTK,China,Beijing-Nanyuan Airport,NAY,ZBNY,China,-,-,-,-,-,-,-
19480121-0,Wednesday,21-JAN-1948,04:17,A1, Landing (LDG),"Boston-Logan International Airport, MA (BOS)",United States of America,25,0, Damaged beyond repair,-,Lockheed L-649 Constellation,4,Wright R-3350 (C18BD),1947,-,1499.0, NC111A, 2532,Eastern Air Lines,Domestic Scheduled Passenger,EA604,Miami International Airport,MIA,KMIA,United States of America,Newark International Airport,EWR,KEWR,United States of America,5,20,0,0,-,-,Final
19480121-1,Wednesday,21-JAN-1948,-,A1, Landing (LDG),Iloilo-Mandurriao Airport (ILO),Philippines,-,0, Damaged beyond repair,-,Douglas DC-3,-,-,-,-,-, PI-C145,-,Philippine Air Lines,Unknown,-,-,-,-,-,Iloilo-Mandurriao Airport,ILO,RPVI,Philippines,-,-,0,0,-,-,-
19480121-2,Wednesday,21-JAN-1948,16:30,A1, En route (ENR),"11 km (6.9 mls) WSW of Ward, CO",United States of America,3,3, Damaged beyond repair,-,Douglas C-47-DL (DC-3),2,Pratt & Whitney R-1830,1942,-,-, NC206, 4776,CAA,"Aerial Work (Calibration, Photo)",-,-,-,-,-,Grand Junction-Walker Field,GJT,KGJT,United States of America,3,0,3,0,-,-,Final
19480121-3,Wednesday,21-JAN-1948,-,A1, Unknown (UNK),Moulouya,Morocco,5,3, Damaged beyond repair,-,Amiot AAC.1 (Junkers Ju-52),-,-,-,-,-, registration unknown,-,French AF,Military,-,-,-,-,-,-,-,-,-,-,-,-,-,-,-,-
19480124-0,Saturday,24-JAN-1948,-,A1, Approach (APR),"Baltimore, MD",United States of America,4,4, Damaged beyond repair,-,Lockheed R5O-4 Lodestar,-,-,1942,-,-, 5049, 18-2175,US Coast Guard,Military,-,-,-,-,-,-,-,-,-,-,-,-,-,-,-,-
19480125-0,Sunday,25-JAN-1948,-,A1, Unknown (UNK),off Cyprus,Mediterranean Sea,5,5, Damaged beyond repair,-,Bristol 170 Freighter 21E,-,-,-,-,-, F-BCJA, 12802,SITA,Ferry/positioning,-,-,-,-,-,-,-,-,-,5,0,5,0,-,-,-
19480126-0,Monday,26-JAN-1948,-,A1, Unknown (UNK),ca 8 km S of Paris-Le Bourget Airport (LBG),France,9,9, Damaged beyond repair,-,SNCASE SE.161/P7 Languedoc,4,Pratt & Whitney R-1830,1946,-,-, F-BCUC, 29,Air France,Training,-,Paris-Le Bourget Airport,LBG,LFPB,France,Paris-Le Bourget Airport,LBG,LFPB,France,9,0,9,0,-,-,-
19480127-0,Tuesday,27-JAN-1948,-,A1, Unknown (UNK),Monte de Caparica,Portugal,3,3, Damaged beyond repair,-,Douglas C-47A-50-DL (DC-3),2,Pratt & Whitney R-1830-92,1943,-,-, CS-TDB, 10033,TAP,Training,-,-,-,-,-,-,-,-,-,3,0,3,0,-,-,-
19480127-1,Tuesday,27-JAN-1948,15:30,A1, En route (ENR),Montagne du Cheval-Blanc (Alpes-De-Haute-Provence),France,11,11, Destroyed, Written off (damaged beyond repair),Douglas C-47B-25-DK (DC-3),-,-,1945,-,-, 44-76443, 32775/16027,USAF,Military,-,-,-,-,-,Pisa-San Giusto Airport,PSA,LIRP,Italy,3,8,3,8,-,-,Preliminary
19480128-0,Wednesday,28-JAN-1948,10:50,A1, En route (ENR),"near Coalinga, CA",United States of America,32,32, Damaged beyond repair,-,Douglas C-47B-40-DK (DC-3),2,Pratt & Whitney R-1830,1945,-,2868.0, NC36480, 33598/16850,Airline Transport Carriers,Domestic Non Scheduled Passenger,-,Oakland International Airport,OAK,KOAK,United States of America,Imperial County Airport,IPL,KIPL,United States of America,3,29,3,29,-,-,Final
19480130-0,Friday,30-JAN-1948,-,A1, En route (ENR),western Atlantic Ocean,Atlantic Ocean,31,31, Missing, Presumed damaged beyond repair,Avro 688 Tudor 1,-,-,1947,-,-, G-AHNP, 1349,BSAA,International Scheduled Passenger,-,Santa Maria-Vila do Porto Airport,SMA,LPAZ,Portugal,Bermuda Air Terminal,BDA,TXKF,Bermuda,6,25,6,25,-,-,Final
19480130-1,Friday,30-JAN-1948,-,O1, Unknown (UNK),Beirut International Airport (BEY),Lebanon,-,-, Damaged beyond repair,-,Douglas C-47A-25-DK (DC-3),2,Pratt & Whitney R-1830-92,1944,-,-, LR-AAA, 13192,MEA,Unknown,-,-,-,-,-,-,-,-,-,-,-,-,-,-,-,-
19480204-0,Wednesday,04-FEB-1948,-,U1, Unknown (UNK),Marignane,France,-,-, Damaged beyond repair,-,SNCASE SE.161/P7 Languedoc,4,Pratt & Whitney R-1830,1945,-,-, F-BATK, 11,Air France,Unknown,-,-,-,-,-,-,-,-,-,-,-,-,-,-,-,-
19480206-0,Friday,06-FEB-1948,-,A1, Landing (LDG),Bombay-Santacruz Airport (BOM),India,19,0, Damaged beyond repair,-,Vickers 632 Viking 1B,-,-,1947,-,-, VT-CLY, 205,Air-India,Domestic Scheduled Passenger,-,Calcutta-Dum Dum Airport,CCU,VECC,India,Bombay-Santacruz Airport,BOM,VABB,India,4,15,0,0,-,-,-
19480207-0,Saturday,07-FEB-1948,13:09,A2, En route (ENR),"250 km (156.3 mls) ESE off  Brunswick, GA",United States of America,69,1, Substantial, Repaired,Lockheed L-649 Constellation,4,Wright R-3350 (749C18BD1) Cyclone,1947,-,1522.0, NC112A, 2533,Eastern Air Lines,Domestic Scheduled Passenger,EA611,New York-La Guardia Airport,LGA,KLGA,United States of America,West Palm Beach International Airport,PBI,KPBI,United States of America,6,63,1,0,-,-,Final
19480207-2,Saturday,07-FEB-1948,-,A1, En route (ENR),"3,2 km (2 mls) SW of Saluda, NC",United States of America,10,4, Damaged beyond repair,-,Douglas C-47D (DC-3),-,-,1944,-,-, 43-48910, 26171/14726,USAF,Military,-,Washington-Bolling AFB,BOF,KBOF,United States of America,Greenville-Donaldson AFB,GDC,KGYH,United States of America,-,-,-,-,-,-,-
19480209-0,Monday,09-FEB-1948,-,O1, Standing (STD),Wig Bay,United Kingdom,0,0, Damaged beyond repair,-,Short Sunderland GR.5,-,-,-,-,-, TX293,-,RAF,Military,-,-,-,-,-,-,-,-,-,0,0,0,0,-,-,-
19480210-0,Tuesday,10-FEB-1948,-,A1, En route (ENR),near Padalarang,Indonesia,19,19, Destroyed, Written off (damaged beyond repair),Douglas C-47B-30-DK (DC-3),2,Pratt & Whitney R-1830-90C,1945,-,-, PK-REA, 33128/16380,KLM Interinsulair Bedrijf,Domestic Scheduled Passenger,-,Bandung Airport,BDO,WICC,Indonesia,-,-,-,-,4,15,4,15,-,-,-
19480210-1,Tuesday,10-FEB-1948,-,U1, Unknown (UNK),Paris,France,-,-, Damaged beyond repair,-,SNCASE SE.161/P7 Languedoc,4,Pratt & Whitney R-1830,1945,-,-, F-BATH, 08,Air France,Unknown,-,-,-,-,-,-,-,-,-,-,-,-,-,-,-,-
19480210-2,Tuesday,10-FEB-1948,-,A1, En route (ENR),24 km (15 mls) off  Ciudad del Carmen Airport (CME),Mexico,2,1, Damaged beyond repair,-,Douglas DC-3,-,-,-,-,-, registration unknown,-,Gulf Transportation Co.,Cargo,-,Brownsville Airport,BRO,KBRO,United States of America,Ciudad del Carmen Airport,CME,MMCE,Mexico,2,0,1,0,-,-,-
19480212-0,Thursday,12-FEB-1948,-,A1, En route (ENR),near Ulrichstein,Germany,21,12, Damaged beyond repair,-,Douglas C-53-DO (DC-3),-,-,1942,-,-, OY-DCI, 7330,DDL,International Scheduled Passenger,-,København-Kastrup Airport,CPH,EKCH,Denmark,Frankfurt International Airport,FRA,EDDF,Germany,4,17,4,8,-,-,-
19480216-0,Monday,16-FEB-1948,-,A1, Landing (LDG),Hullavington RAF Station,United Kingdom,-,0, Damaged beyond repair,-,Avro 685 York C.1,4,Rolls-Royce Merlin,-,-,-, MW182,-,RAF,Military,-,-,-,-,-,-,-,-,-,-,-,0,0,-,-,-
19480220-0,Friday,20-FEB-1948,13:40,A1, Approach (APR),Collesalvetti,Italy,10,7, Damaged beyond repair,-,Douglas C-47-DL (DC-3),2,Pratt & Whitney R-1830-92,1942,-,-, I-REGI, 4312,Aerea Teseo,Domestic Scheduled Passenger,-,Florence-Peretola Airport,FLR,LIRQ,Italy,Roma-Ciampino Airport,CIA,LIRA,Italy,3,7,3,4,-,-,-
19480221-0,Saturday,21-FEB-1948,-,A1, En route (ENR),off St. Marcouf,France,19,19, Damaged beyond repair,-,Latécoère 631,6,Wright R-2600-A5B Cyclone,1948,-,-, F-BDRD, 7,Latécoère,Ferry/positioning,-,-,-,-,-,-,-,-,-,-,-,-,-,-,-,-
19480223-0,Monday,23-FEB-1948,-,A1, En route (ENR),near La Grita,Venezuela,17,0, Damaged beyond repair,-,Douglas C-47-DL (DC-3),2,Pratt & Whitney R-1830-92,1942,-,-, YV-AGU, 4205,LAV,International Scheduled Passenger,-,Maracaibo-Grano de Oro Airport,ORO,SVMO,Venezuela,Cúcuta-Camilo Daza Airport,CUC,SKCC,Colombia,5,12,0,0,-,-,-
19480223-2,Monday,23-FEB-1948,-,A1, Initial climb (ICL),Mati,Philippines,12,12, Damaged beyond repair,-,Douglas DC-3,-,-,-,-,-, PI-C262,-,Commercial Airways,Domestic Scheduled Passenger,-,Mati Airport,MXI,RPMQ,Philippines,-,-,-,-,3,9,3,9,-,-,-
19480224-0,Tuesday,24-FEB-1948,-,A1, Takeoff (TOF),Lipa-Fernando Air Base,Philippines,6,3, Damaged beyond repair,-,Douglas C-47 (DC-3),-,-,-,-,-, registration unknown,-,Philippine AF,Military,-,-,-,-,-,-,-,-,-,-,-,-,-,-,-,-
19480225-0,Wednesday,25-FEB-1948,06:00,A1, Approach (APR),"near Columbus, OH",United States of America,2,1, Damaged beyond repair,-,Douglas C-47A-10-DK (DC-3C),2,Pratt & Whitney R-1830-92,1944,-,3300.0, NC36498, 12527,Bruning Aviation,Cargo,-,-,-,-,-,-,-,-,-,2,0,1,0,-,-,Final
19480226-0,Thursday,26-FEB-1948,-,A1, Unknown (UNK),Swartkop Air Base,South Africa,-,0, Damaged beyond repair,-,Douglas C-47B-35-DK (DC-3),-,-,1945,-,-, 6858, 33376/16628,South African AF,Military,-,-,-,-,-,-,-,-,-,-,-,0,0,-,1,-
19480227-0,Friday,27-FEB-1948,-,A1, En route (ENR),"near Breves, PA",Brazil,26,23, Damaged beyond repair,-,Douglas C-47A-85-DL (DC-3),2,Pratt & Whitney R-1830-92,1944,-,-, 2040, 20048,Brazilian AF,Military,-,Rio de Janeiro-Santos Dumont Airport,SDU,SBRJ,Brazil,Cayenne-Rochambeau Airport,CAY,SOCA,French Guiana,6,20,6,17,-,-,-
19480228-0,Saturday,28-FEB-1948,-,O1, Standing (STD),Kalafrana,Malta,0,0, Damaged beyond repair,-,Short Sunderland GR.5,-,-,-,-,-, SZ570,-,RAF,Military,-,-,-,-,-,-,-,-,-,0,0,0,0,-,-,-
19480301-0,Monday,01-MAR-1948,-,A1, En route (ENR),"Mobile, AL",United States of America,5,0, Damaged beyond repair,-,Fairchild C-82A Packet,-,-,-,-,-, 44-23003, 10047,USAF,Military,-,-,-,-,-,-,-,-,-,5,0,0,0,-,-,-
19480302-0,Tuesday,02-MAR-1948,21:14,A1, Approach (APR),London Airport (LHR),United Kingdom,22,20, Damaged beyond repair,-,Douglas DC-3C,2,Pratt & Whitney R-1830-92,1947,-,-, OO-AWH, 43154,Sabena,International Scheduled Passenger,-,Brussel-Zaventem Airport,BRU,EBBR,Belgium,London Airport,LHR,EGLL,United Kingdom,3,19,3,17,-,-,-
19480302-1,Tuesday,02-MAR-1948,-,A1, Unknown (UNK),off Perpignan,France,4,4, Damaged beyond repair,-,Amiot AAC.1 (Junkers Ju-52),-,-,-,-,-, F-BBYC, AAC223,STA,Cargo,-,Oran-es Senia Airport,ORN,DAOO,Algeria,Perpignan Airport,PGF,LFMP,France,4,0,4,0,-,-,-
19480307-0,Sunday,07-MAR-1948,-,A1, En route (ENR),143 km (89.4 mls) N of Kharp,Russia,20,20, Damaged beyond repair,-,Lisunov Li-2,-,-,-,-,-, CCCP-N444, 1848009,Polyarnaya Aviatsiya,Domestic Non Scheduled Passenger,-,-,-,-,-,Amderma Airport,AMV,UOAA,Russia,6,14,6,14,-,-,-
19480308-0,Monday,08-MAR-1948,18:00,A1, Approach (APR),"near San Jose, CA",United States of America,2,2, Damaged beyond repair,-,Douglas C-47A-50-DL (DC-3),2,Pratt & Whitney R-1830-92,1943,-,3534.0, NC64722, 10052,Eagle Air Freight,Ferry/positioning,-,-,-,-,-,San Francisco Municipal Airport,SFO,KSFO,United States of America,2,0,2,0,-,-,Final
19480308-1,Monday,08-MAR-1948,-,A1, Takeoff (TOF),"Poso, Sulawesi",Indonesia,13,0, Damaged beyond repair,-,Boeing-Canada PB2B-1 Canso A (PBY-5A),-,-,1943,-,-, PK-CTC, 21995,KLM Interinsulair Bedrijf,Domestic Non Scheduled Passenger,-,-,-,-,-,-,-,-,-,4,9,0,0,-,-,-
19480310-0,Wednesday,10-MAR-1948,-,A1, Takeoff (TOF),"Tulsa International Airport, OK (TUL)",United States of America,36,0, Damaged beyond repair,-,Douglas C-54B-1-DC (DC-4),-,-,1944,-,-, NC90426, 10433,American Airlines,Domestic Scheduled Passenger,-,Tulsa International Airport,TUL,KTUL,United States of America,Los Angeles Airport,LAX,KLAX,United States of America,3,33,0,0,-,-,-
19480310-1,Wednesday,10-MAR-1948,22:58,A1, Initial climb (ICL),"Chicago Municipal Airport, IL (MDW)",United States of America,13,12, Damaged beyond repair,-,Douglas DC-4,-,-,1944,-,6509.0, NC37478, 18390,Delta Air Lines,Domestic Scheduled Passenger,DL705,Chicago Municipal Airport,MDW,KMDW,United States of America,Miami International Airport,MIA,KMIA,United States of America,4,9,4,8,-,-,Final
19480312-0,Friday,12-MAR-1948,21:14,A1, En route (ENR),"Mount Sanford, AK",United States of America,30,30, Damaged beyond repair,-,Douglas C-54G-1-DO (DC-4),4,Pratt & Whitney R-2000-13,1945,-,3306.0, NC95422, 35966,Northwest Airlines,Domestic Non Scheduled Passenger,4422,Anchorage-Merrill Field,MRI,PAMR,United States of America,New York-La Guardia Airport,LGA,KLGA,United States of America,6,24,6,24,-,-,Final
19480313-0,Saturday,13-MAR-1948,-,A1, Unknown (UNK),"Juqueri Range, SP",Brazil,6,6, Damaged beyond repair,-,Douglas DC-3A,-,-,1943,-,-, PP-CBX, 11658,Cruzeiro do Sul,Scheduled Passenger,-,-,-,-,-,São Paulo-Congonhas Airport,CGH,SBSP,Brazil,4,2,4,2,-,-,-
19480315-0,Monday,15-MAR-1948,-,A1, En route (ENR),29 km (18.1 mls) S of Chocontá,Colombia,15,14, Destroyed, Written off (damaged beyond repair),Douglas C-47-DL (DC-3),2,Pratt & Whitney R-1830-92,1943,-,-, C-1002, 6254,Agencia Interamericana,Domestic Scheduled Passenger,-,-,-,-,-,-,-,-,-,4,11,4,10,-,-,-
19480316-0,Tuesday,16-MAR-1948,-,A1, Takeoff (TOF),Vorkuta Airport (VKT),Russia,6,0, Damaged beyond repair,-,Lisunov Li-2,-,-,1947,-,434.0, CCCP-N456, 18427705,Polyarnaya Aviatsiya,Survey/research,-,Vorkuta Airport,VKT,UUYW,Russia,-,-,-,-,6,0,0,0,-,-,-
19480321-1,Sunday,21-MAR-1948,01:07,A1, En route (ENR),"18 km (11.3 mls) NE of Woodland, WA",United States of America,8,6, Damaged beyond repair,-,Douglas C-47D (DC-3),-,-,1944,-,-, 43-16267, 20733,USAF,Military,-,Fairfield-Suisun AFB,SUU,KSUU,United States of America,Portland-Hillsboro Airport,HIO,KHIO,United States of America,3,5,2,4,-,-,-
19480325-0,Thursday,25-MAR-1948,18:00,O1, Standing (STD),"Oklahoma City-Tinker AFB, OK (TIK)",United States of America,0,0, Damaged beyond repair,-,Douglas C-54 (DC-4),-,-,-,-,-, registration unknown,-,USAF,-,-,-,-,-,-,-,-,-,-,0,0,0,0,-,-,-
19480325-1,Thursday,25-MAR-1948,18:00,O1, Standing (STD),"Oklahoma City-Tinker AFB, OK (TIK)",United States of America,0,0, Damaged beyond repair,-,Douglas C-54 (DC-4),-,-,-,-,-, registration unknown,-,USAF,-,-,-,-,-,-,-,-,-,-,0,0,0,0,-,-,-
19480327-0,Saturday,27-MAR-1948,-,A1, En route (ENR),Monte Cardo,France,19,19, Damaged beyond repair,-,Vickers 604 Viking 1B,-,-,1947,-,-, VT-CEL, 166,Indian National Airways,Int'l Non Scheduled Passenger,-,-,-,-,-,-,-,-,-,4,15,4,15,-,-,-
19480405-0,Monday,05-APR-1948,14:30,A1, Approach (APR),3 km (1.9 mls) from  Berlin-Gatow,Germany,14,14, Damaged beyond repair,-,Vickers 610 Viking 1B,-,-,1947,-,-, G-AIVP, 229,BEA,International Scheduled Passenger,-,-,-,-,-,Berlin-R.A.F. Gatow Airport,GWW,EDBG,Germany,4,10,4,10,1,-,-
19480405-1,Monday,05-APR-1948,-,A1, Unknown (UNK),at an unknown location,China,-,-, Damaged beyond repair,-,Curtiss R5C-1 Commando (C-46),-,-,1944,-,-, 39550, 30327,USMC,Military,-,-,-,-,-,-,-,-,-,-,-,-,-,-,-,-
19480406-0,Tuesday,06-APR-1948,-,H2, En route (ENR),Neubiberg Airport,Germany,26,0, None,-,unknown,-,-,-,-,-, registration unknown,-,CSA,Domestic Scheduled Passenger,-,Praha-Ruzyne International Airport,PRG,LKPR,Czech Republic,Bratislava-Ivanka Airport,BTS,LZIB,Slovakia,4,22,0,0,-,-,-
19480406-1,Tuesday,06-APR-1948,-,O1, Standing (STD),Oakington RAF Station,United Kingdom,-,0, Damaged beyond repair,-,Douglas Dakota IV (DC-3),2,Pratt & Whitney R-1830-90C,1945,-,-, KN382, 32756/16008,RAF,Military,-,-,-,-,-,-,-,-,-,-,-,0,0,-,-,-
19480406-2,Tuesday,06-APR-1948,-,O1, Standing (STD),Oakington RAF Station,United Kingdom,-,0, Damaged beyond repair,-,Douglas Dakota IV (DC-3),2,Pratt & Whitney R-1830-90C,1945,-,-, KN416, 32841/16093,RAF,Military,-,-,-,-,-,-,-,-,-,-,-,0,0,-,-,-
19480409-0,Friday,09-APR-1948,10:00,A1, En route (ENR),near Buenavista,Colombia,4,4, Damaged beyond repair,-,Douglas C-47 (DC-3),-,-,-,-,-, C-40,-,SCOLTA,Cargo,-,Maracaibo-Grano de Oro Airport,ORO,SVMO,Venezuela,Cartagena Airport,CTG,SKCG,Colombia,3,1,3,1,-,-,-
19480410-0,Saturday,10-APR-1948,07:33,A1, Takeoff (TOF),Kano International Airport (KAN),Nigeria,6,1, Damaged beyond repair,-,Douglas DC-4-1009,-,-,1946,-,-, F-BBDC, 42935,Air France,Ferry/positioning,-,Kano International Airport,KAN,DNKN,Nigeria,-,-,-,-,6,0,1,0,-,-,-
19480411-0,Sunday,11-APR-1948,-,A1, En route (ENR),Los Barrios,Spain,3,3, Damaged beyond repair,-,Bristol 170 Freighter 21E,-,-,-,-,-, F-BENG, 12812,CAT,Cargo,-,Gibraltar-North Front Airport,GIB,LXGB,Gibraltar,-,-,-,-,3,0,3,0,-,-,-
19480412-0,Monday,12-APR-1948,-,A1, Unknown (UNK),Saigon,Vietnam,-,-, Damaged beyond repair,-,Amiot AAC.1 (Junkers Ju-52),-,-,-,-,-, F-BBYA, AAC221,STA,Unknown,-,-,-,-,-,-,-,-,-,-,-,-,-,-,-,-
19480415-0,Thursday,15-APR-1948,02:34,A1, Approach (APR),"0,7 km (0.4 mls) NE of Shannon Airport (SNN)",Ireland,31,30, Damaged beyond repair,-,Lockheed L-049-51-26 Constellation,-,-,-,-,3861.0, NC88858, 2058,Pan Am,International Scheduled Passenger,   1-10,-,-,-,-,Shannon Airport,SNN,EINN,Ireland,10,21,10,20,-,-,Final
19480418-0,Sunday,18-APR-1948,09:20,A1, Initial climb (ICL),4 km (2.5 mls) W of Lae Airfield,Papua New Guinea,37,37, Destroyed, Written off (damaged beyond repair),Lockheed 414-56 Hudson IIIA,2,Wright GR-1820 Cyclone,1942,-,851.0, VH-ALA, 6460,Guinea Air Traders,Domestic Scheduled Passenger,-,-,-,-,-,-,-,-,-,2,35,2,35,-,-,Final
19480420-0,Tuesday,20-APR-1948,-,A1, Landing (LDG),Jolo Airport (JOL),Philippines,13,0, Damaged beyond repair,-,Douglas C-47A-25-DK (DC-3),2,Pratt & Whitney R-1830-92,1944,-,-, PI-C14, 13193,Philippine Air Lines,Domestic Scheduled Passenger,-,-,-,-,-,Jolo Airport,JOL,RPMJ,Philippines,3,10,0,0,-,-,-
19480421-0,Wednesday,21-APR-1948,-,A1, Approach (APR),Irish Law Mountain,United Kingdom,20,0, Destroyed, Written off (damaged beyond repair),Vickers 610 Viking 1B,-,-,1947,-,-, G-AIVE, 218,BEA,Domestic Scheduled Passenger,S200P,London-Northolt Airport,NHT,EGWU,United Kingdom,-,-,-,-,4,16,0,0,-,-,-
19480421-1,Wednesday,21-APR-1948,10:20,A1, En route (ENR),near Chita,Russia,6,3, Damaged beyond repair,-,Douglas C-47B-45-DK (DC-3),-,-,1945,-,1621.0, CCCP-L1215, 34239/16978,Aeroflot / East Siberia,Ferry/positioning,-,Chita Airport,HTA,UIAA,Russia,-,-,-,-,5,1,3,0,-,-,-
19480423-0,Friday,23-APR-1948,-,A1, Takeoff (TOF),Khabarovsk Airport,Russia,16,1, Damaged beyond repair,-,Lisunov Li-2T,-,-,1947,-,514.0, CCCP-L4437, 3305,Aeroflot / Far East,Domestic Scheduled Passenger,-,-,-,-,-,Yuzhno-Sakhalinsk Airport,UUS,UHSS,Russia,4,12,1,0,-,-,-
19480423-1,Friday,23-APR-1948,-,A1, Takeoff (TOF),Mexico City,Mexico,2,2, Damaged beyond repair,-,Curtiss C-46,-,-,-,-,-, RX-...,-,Israeli AF,Military,-,Mexico City International Airport,MEX,MMMX,Mexico,-,-,-,-,2,0,2,0,-,-,-
19480423-2,Friday,23-APR-1948,-,A1, En route (ENR),"off Quonset Point NAS, RI (NCO)",Atlantic Ocean,8,0, Damaged beyond repair,-,Lockheed P2V-2 Neptune,-,-,-,-,-, 39325, 26-1025,US Navy,Military,-,Quonset Point NAS,NCO,KOQU,United States of America,Quonset Point NAS,NCO,KOQU,United States of America,8,0,0,0,-,-,-
19480424-1,Saturday,24-APR-1948,-,O1, Standing (STD),San Isidro de el General Airport,Costa Rica,0,0, Damaged beyond repair,-,Douglas C-47 (DC-3),-,-,-,-,-, TI-161,-,TAN,-,-,-,-,-,-,-,-,-,-,0,0,0,0,-,-,-
19480424-2,Saturday,24-APR-1948,-,A1, En route (ENR),15 km (9.4 mls) W of Bodaybo,Russia,29,28, Damaged beyond repair,-,Lisunov Li-2T,-,-,1948,-,310.0, CCCP-L4460, 3704,Aeroflot / East Siberia,Domestic Scheduled Passenger,-,-,-,-,-,-,-,-,-,4,25,4,24,-,-,-
19480429-0,Thursday,29-APR-1948,-,C2, En route (ENR),San José,Costa Rica,12,0, Substantial, Repaired,Douglas DC-3A,2,Pratt & Whitney R-1830,-,-,-, registration unknown,-,Pan Am,Scheduled Passenger,-,-,-,-,-,-,-,-,-,3,9,0,0,-,-,-
19480430-0,Friday,30-APR-1948,-,A1, Initial climb (ICL),5 km (3.1 mls) W off  Tsingtao Marine Corps Air Facility,China,16,0, Damaged beyond repair,-,Curtiss R5C-1 Commando (C-46A),-,-,1944,-,-, 39535, 26753,USMC,Military,-,-,-,-,-,-,-,-,-,-,-,0,0,-,-,-
19480501-0,Saturday,01-MAY-1948,10:46,A1, Takeoff (TOF),Amsterdam-Schiphol Airport (AMS),Netherlands,5,0, Damaged beyond repair,-,Douglas DC-6,4,Pratt & Whitney R-2800,1948,-,-, PH-TKW, 43112/89,KLM,Training,-,Amsterdam-Schiphol International Airport,AMS,EHAM,Netherlands,Amsterdam-Schiphol International Airport,AMS,EHAM,Netherlands,5,0,0,0,-,-,-
19480504-0,Tuesday,04-MAY-1948,-,H2, En route (ENR),Erding Air Base,Germany,7,0, None,-,unknown,-,-,-,-,-, registration unknown,-,CSA,Domestic Scheduled Passenger,-,Brno Turany Airport,BRQ,LKTB,Czech Republic,-,-,-,-,2,5,0,0,-,-,-
19480505-0,Wednesday,05-MAY-1948,-,A1, En route (ENR),at an unknown location,Atlantic Ocean,2,2, Missing, Presumed damaged beyond repair,Douglas C-47A-30-DK (DC-3),2,Pratt & Whitney R-1830-92,1944,-,-, NC17645, 25423/13978,Superior Oil Corp.,Unknown,-,Gander Airport,YQX,CYQX,Canada,Shannon Airport,SNN,EINN,Ireland,2,0,2,0,-,-,-
19480509-0,Sunday,09-MAY-1948,-,A1, Landing (LDG),"Darwin Airport, NT (DRW)",Australia,-,0, Damaged beyond repair,-,Douglas DC-2-112,-,-,1934,-,-, VH-AEN, 1259,New Holland Airways,Unknown,-,-,-,-,-,Darwin Airport,DRW,YPDN,Australia,-,-,0,0,-,-,-
19480509-1,Sunday,09-MAY-1948,03:00,A1, En route (ENR),Caribbean,Atlantic Ocean,12,12, Missing, Presumed damaged beyond repair,Consolidated PBY-6A Catalina,-,-,-,-,-, 64015,-,US Navy,Military,-,Roosevelt Roads-Roosevelt NAS,NRR,TJNR,Puerto Rico,Key West NAS,NQX,KNQX,United States of America,-,-,-,-,-,-,-
19480512-0,Wednesday,12-MAY-1948,11:00,A1, En route (ENR),near Magazini,Democratic Republic of the Congo,32,31, Damaged beyond repair,-,Douglas DC-4-1009,-,-,1946,-,-, OO-CBE, 42932,Sabena,Domestic Scheduled Passenger,-,Léopoldville-N'Djili Airport,FIH,FZAA,Democratic Republic of the Congo,Libenge Airport,LIE,FZFA,Democratic Republic of the Congo,7,25,7,24,-,-,-
19480513-0,Thursday,13-MAY-1948,-,A1, Unknown (UNK),"3,2 km (2 mls) N of Easthampton, MA",United States of America,3,3, Damaged beyond repair,-,Douglas C-54G (DC-4),-,-,1945,-,-, 45-0538, 35991,USAF,Military,-,-,-,-,-,-,-,-,-,-,-,-,-,-,-,-
19480514-0,Friday,14-MAY-1948,-,A1, Landing (LDG),"Rio de Janeiro-Santos Dumont Airport, RJ (SDU)",Brazil,-,0, Damaged beyond repair,-,Douglas R4D (DC-3),-,-,-,-,-, registration unknown,-,US Navy,Military,-,-,-,-,-,Rio de Janeiro-Santos Dumont Airport,SDU,SBRJ,Brazil,-,-,0,0,-,-,-
19480514-1,Friday,14-MAY-1948,-,A1, Landing (LDG),"near Junín Airport, BA (JNI)",Argentina,5,0, Damaged beyond repair,-,Vickers 615 Viking 1B,-,-,1947,-,-, LV-AFL, 192,FAMA,Test,-,Mendoza-El Plumerillo Airport,MDZ,SAME,Argentina,Buenos Aires-Jorge Newbery Airport,AEP,SABE,Argentina,5,0,0,0,-,-,-
19480515-0,Saturday,15-MAY-1948,07:20,A1, En route (ENR),32 km (20 mls) S of Vrede,South Africa,13,13, Damaged beyond repair,-,Douglas C-49K (DC-3),-,-,1943,-,-, ZS-BWY, 6341,Mercury Aviation,Domestic Scheduled Passenger,-,-,-,-,-,-,-,-,-,5,8,5,8,-,-,-
19480516-0,Sunday,16-MAY-1948,20:42,A1, Approach (APR),"E of Columbus-Port Columbus International Airport, OH (CMH)",United States of America,2,2, Damaged beyond repair,-,Curtiss C-46E-1-CS Commando,-,-,1945,-,5641.0, NC59489,  2938,Slick Airways,Cargo,-,Newark International Airport,EWR,KEWR,United States of America,Chicago Municipal Airport,MDW,KMDW,United States of America,2,0,2,0,-,-,Final
19480517-0,Monday,17-MAY-1948,-,A1, Takeoff (TOF),near Cebu-Lahug Airport,Philippines,17,0, Damaged beyond repair,-,Douglas DC-3,-,-,-,-,-, PI-C143,-,Philippine Air Lines,Domestic Scheduled Passenger,-,-,-,-,-,Manila Airport,MNL,RPLL,Philippines,3,14,0,0,-,-,-
19480520-0,Thursday,20-MAY-1948,-,A1, Approach (APR),near Bovingdon,United Kingdom,4,3, Damaged beyond repair,-,Douglas C-47A-30-DK Dakota III,-,-,1944,-,-, G-AJBG, 25448/14003,Air Transport Charter,Cargo,-,Valence-Chabeuil Airport,VAF,LFLU,France,-,-,-,-,4,0,3,0,-,-,-
19480520-1,Thursday,20-MAY-1948,-,A1, En route (ENR),at an unknown location,United Kingdom,-,0, Damaged beyond repair,-,Douglas Dakota IV (DC-3),2,Pratt & Whitney R-1830-90C,1945,-,-, KN423, 32851/16103,RAF,Military,-,-,-,-,-,-,-,-,-,-,-,0,0,-,-,-
19480522-0,Saturday,22-MAY-1948,-,C1, Standing (STD),Ramat David,Israel,0,0, Damaged beyond repair,-,Douglas Dakota IV (DC-3),2,Pratt & Whitney R-1830-90C,1945,-,-, KP278, 33580/16832,RAF,Military,-,-,-,-,-,-,-,-,-,0,0,0,0,-,-,-
19480522-1,Saturday,22-MAY-1948,18:40,A1, En route (ENR),near Magadan,Russia,9,8, Damaged beyond repair,-,Douglas C-47B-45-DK (DC-3),-,-,1945,-,1691.0, CCCP-L1073, 34321/17054,Aeroflot / Far East,Domestic Scheduled Passenger,-,Petropavlovsk-Kamchatsky Airport,PKC,UHPP,Russia,-,-,-,-,4,5,4,4,-,-,-
19480522-2,Saturday,22-MAY-1948,-,C1, Standing (STD),Ramat-David Air Base,Israel,-,-, Damaged beyond repair,-,Douglas Dakota IV (DC-3),2,Pratt & Whitney R-1830-90C,1945,-,-, KN243, 27112/15667,RAF,Military,-,-,-,-,-,-,-,-,-,-,-,-,-,-,-,-
19480523-0,Sunday,23-MAY-1948,-,A1, Unknown (UNK),S of Latrun,Israel,-,1, Damaged beyond repair,-,Curtiss C-46,-,-,-,-,-, RX-136,-,Israeli AF,Military,-,-,-,-,-,-,-,-,-,-,0,1,0,-,-,-
19481004-1,Monday,04-OCT-1948,04:00,A2, En route (ENR),near Rionegro,Colombia,-,0, Substantial, Repaired,Douglas DC-3A-447,-,-,1943,-,-, C-71, 6354,SCOLTA,Cargo,-,-,-,-,-,-,-,-,-,-,-,0,0,-,-,-
19481007-0,Thursday,07-OCT-1948,-,A1, Landing (LDG),"Campina Grande Airport, PB (CPV)",Brazil,-,0, Damaged beyond repair,-,Douglas C-47A-15-DK (DC-3),2,Pratt & Whitney R-1830-92,1944,-,-, PP-LPB, 12723,L.A. Paulistas,Unknown,-,-,-,-,-,Campina Grande Airport,CPV,SBKG,Brazil,-,-,0,0,-,-,-
19481007-1,Thursday,07-OCT-1948,-,A1, Unknown (UNK),at an unknown location,Unknown country,-,-, Damaged beyond repair,-,Douglas Dakota IV (DC-3),2,Pratt & Whitney R-1830-90C,1945,-,-, KN440, 32870/16122,RAF,Military,-,-,-,-,-,-,-,-,-,-,-,-,-,-,-,-
19481008-0,Friday,08-OCT-1948,13:00,A1, Taxi (TXI),Delhi-Palam Airport (DEL),India,23,0, Damaged beyond repair,-,Vickers 604 Viking 1B,-,-,1946,-,-, VT-CEJ, 143,Indian National Airways,Domestic Scheduled Passenger,-,Delhi-Palam Airport,DEL,VIDP,India,Calcutta Airport,CCU,VECC,India,4,19,0,0,-,-,-
19481010-0,Sunday,10-OCT-1948,-,A1, Landing (LDG),Berlin-R.A.F. Gatow Airport (GWW),Germany,-,0, Damaged beyond repair,-,Avro 685 York C.1,4,Rolls-Royce Merlin,-,-,-, MW305,-,RAF,Military,-,-,-,-,-,Berlin-R.A.F. Gatow Airport,GWW,EDBG,Germany,-,-,0,0,-,-,-
19481012-0,Tuesday,12-OCT-1948,-,A1, En route (ENR),near Wadi Halfa,Sudan,26,0, Damaged beyond repair,-,Douglas C-47-DL (DC-3),2,Pratt & Whitney R-1830-92,1943,-,-, ZS-BWZ, 9145,Mercury Aviation,Domestic Non Scheduled Passenger,-,Wadi Halfa Airport,WHF,HSSW,Sudan,Khartoum-Civil Airport,KRT,HSSS,Sudan,5,21,0,0,-,-,-
19481012-1,Tuesday,12-OCT-1948,-,A1, Taxi (TXI),Bückeburg RAF Station,Germany,-,0, Damaged beyond repair,-,Douglas Dakota IV (DC-3),2,Pratt & Whitney R-1830-90C,1945,-,-, KN523, 33068/16320,RAF,Military,-,-,-,-,-,-,-,-,-,-,-,0,0,-,-,-
19481012-2,Tuesday,12-OCT-1948,13:00,A1, En route (ENR),near Yevlakh,Azerbaijan,10,10, Missing, Presumed damaged beyond repair,Ilyushin Il-12,-,-,1948,-,274.0, CCCP-L1450, 8302517,Aeroflot / Uzbekistan,Domestic Scheduled Passenger,-,Baku-Bina International Airport,BAK,UBBB,Azerbaijan,Tbilisi Airport,TBS,UGGG,Georgia,6,4,6,4,-,-,-
19481012-3,Tuesday,12-OCT-1948,-,A1, En route (ENR),25 km (15.6 mls) from  Parshino,Russia,4,4, Damaged beyond repair,-,Lisunov Li-2,-,-,-,-,-, CCCP-L4658, 4508,Aeroflot / East Siberia,Unknown,-,-,-,-,-,-,-,-,-,4,0,4,0,-,-,Preliminary
19481012-4,Tuesday,12-OCT-1948,-,A1, En route (ENR),"25 km (15.6 mls) SSW of Parshino, Kirensk District",Russia,4,4, Damaged beyond repair,-,Lisunov Li-2T,-,-,1948,-,88.0, CCCP-L4658, 4508,Aeroflot / East Siberia,Cargo,-,-,-,-,-,-,-,-,-,4,0,4,0,-,-,-
19481013-0,Wednesday,13-OCT-1948,-,A1, Landing (LDG),Liverpool International Airport (LPL),United Kingdom,4,0, Damaged beyond repair,-,Consolidated 32-2 Liberator II,-,-,-,-,-, G-AHZP, 14,Scottish Airlines,Cargo,-,-,-,-,-,Liverpool International Airport,LPL,EGGP,United Kingdom,4,0,0,0,-,-,-
19481017-0,Sunday,17-OCT-1948,-,A1, En route (ENR),"11 km (6.9 mls) NE of Clinton, LA",United States of America,34,4, Damaged beyond repair,-,Fairchild C-82A Packet,-,-,-,-,-, 45-57797, 10167,USAF,Military,-,El Paso-Biggs AAF,BIF,KBIF,United States of America,Valparaiso-Eglin AFB,VPS,KVPS,United States of America,4,30,-,-,-,-,-
19481018-0,Monday,18-OCT-1948,05:39,A1, Approach (APR),ca 20 km N of Frankfurt,Germany,3,3, Damaged beyond repair,-,Douglas C-54D-10-DC (DC-4),-,-,1945,-,-, 42-72688, 10793,USAF,Military,-,Berlin-Tempelhof Airport,THF,EDDI,Germany,Frankfurt-Rhein-Main AFB,FRF,EDAF,Germany,3,0,3,0,-,-,-
19481020-0,Wednesday,20-OCT-1948,23:32,A1, Approach (APR),5 km (3.1 mls) E of Glasgow-Prestwick Airport (PIK),United Kingdom,40,40, Destroyed, Written off (damaged beyond repair),Lockheed L-049-46-25 Constellation,-,-,1947,-,-, PH-TEN, 2083,KLM,International Scheduled Passenger,-,Amsterdam-Schiphol International Airport,AMS,EHAM,Netherlands,Glasgow-Prestwick Airport,PIK,EGPK,United Kingdom,10,30,10,30,-,-,Final
19481024-0,Sunday,24-OCT-1948,-,A1, Landing (LDG),Ekron-Tel Nof Air Base,Israel,5,5, Damaged beyond repair,-,Douglas C-47A-50-DL Pe're (DC-3),-,-,1943,-,-, S-83/83U, 10142,Israeli AF,Military,-,-,-,-,-,-,-,-,-,3,2,3,2,-,-,-
19481024-1,Sunday,24-OCT-1948,-,A1, Approach (APR),near Cozumel,Mexico,8,8, Damaged beyond repair,-,Curtiss C-46 Commando,-,-,-,-,-, HC-SIA,-,Transandina Ecuador,Cargo,-,New Orleans International Airport,MSY,KMSY,United States of America,-,-,-,-,5,3,5,3,-,-,-
19481024-2,Sunday,24-OCT-1948,-,A1, Approach (APR),"Rantoul-Chanute AFB, IL",United States of America,21,3, Damaged beyond repair,-,Douglas C-47D (DC-3),-,-,1944,-,-, 43-49416, 26677/15232,USAF,Military,-,-,-,-,-,-,-,-,-,-,-,3,0,-,-,-
19481025-0,Monday,25-OCT-1948,-,C1, Unknown (UNK),off Sumatra Island,Indonesia,-,-, Damaged beyond repair,-,Douglas C-47 (DC-3),-,-,-,-,-, HS-PC103,-,Pacific Overseas Airlines,Unknown,-,-,-,-,-,-,-,-,-,-,-,-,-,-,-,-
19481025-1,Monday,25-OCT-1948,14:01,A1, En route (ENR),near Samurskaya,Russia,18,18, Destroyed, Written off (damaged beyond repair),Lisunov Li-2,-,-,1948,-,-, CCCP-L4500, 18429608,Aeroflot / Georgia,Domestic Scheduled Passenger,-,-,-,-,-,Sukhumi-Babusheri Airport,SUI,UGSS,Georgia,4,14,4,14,-,-,-
19481027-0,Wednesday,27-OCT-1948,16:50,A1, En route (ENR),"55 km (34.4 mls) N of Edmonton, AB",Canada,5,2, Damaged beyond repair,-,Douglas C-54A-15-DC (DC-4),-,-,1944,-,-, NC88785, 10406,Northwest Airlines,Cargo,6427,Edmonton Municipal Airport,YXD,CYXD,Canada,Anchorage-Merrill Field,MRI,PAMR,United States of America,5,0,2,0,-,-,Final
19481029-0,Friday,29-OCT-1948,-,A1, En route (ENR),off Elba [Tyrrhenian Sea],Italy,4,4, Damaged beyond repair,-,Lockheed 14-08 Super Electra,-,-,-,-,-, G-AKPD, 1429,R.A. Brand & Co.,Executive,-,-,-,-,-,Roma-Ciampino Airport,CIA,LIRA,Italy,2,2,2,2,-,-,-
19481030-1,Saturday,30-OCT-1948,-,A1, Taxi (TXI),Lübeck-Blankensee RAF Station (LBC),Germany,2,0, Damaged beyond repair,-,Douglas Dakota IV (DC-3),2,Pratt & Whitney R-1830-90C,1945,-,-, KN424, 32852/16104,RAF,Military,-,-,-,-,-,-,-,-,-,2,0,0,0,-,-,-
19481031-0,Sunday,31-OCT-1948,-,A1, Landing (LDG),Herzlia Airfield,Israel,2,0, Damaged beyond repair,-,Lockheed C-60A-5-LO Lodestar,-,-,1943,-,-, 2501, 18-2611,Israeli AF,Military,-,-,-,-,-,-,-,-,-,2,0,0,0,-,-,-
19481099-0,-,xx-OCT-1948,-,A1, Landing (LDG),Ramat David Air Base,Israel,-,0, Damaged beyond repair,-,Douglas DC-5-511,-,-,1939,-,-, 1501, 426,Israeli AF,Military,-,-,-,-,-,-,-,-,-,-,-,0,0,-,-,-
19481101-0,Monday,01-NOV-1948,21:40,A1, En route (ENR),16 km (10 mls) E of Mys Kosistyy,Russia,6,6, Damaged beyond repair,-,Lisunov Li-2,2,Shvetsov ASh-62IR,-,-,-, CCCP-N494, 1843012,Polyarnaya Aviatsiya,Cargo,-,-,-,-,-,-,-,-,-,6,0,6,0,-,-,-
19481104-0,Thursday,04-NOV-1948,-,A1, En route (ENR),"off Cape Spencer, AK",United States of America,17,17, Missing, Presumed damaged beyond repair,Douglas C-47A-DK (DC-3),2,Pratt & Whitney R-1830-S1C3-G,1943,-,4320.0, NC66637, 11800,Pacific Alaska Air Express,Domestic Non Scheduled Passenger,-,Yakutat Airport,YAK,PAYA,United States of America,Annette Island Airport,ANN,PANT,United States of America,2,15,2,15,-,-,Final
19481104-1,Thursday,04-NOV-1948,-,A1, En route (ENR),"Mount Guemes, Vancouver Island, BC",Canada,9,9, Damaged beyond repair,-,Lockheed P2V-2 Neptune,-,-,-,-,-, 39333,-,US Navy,Military,-,-,-,-,-,-,-,-,-,-,-,-,-,-,-,-
19481105-0,Friday,05-NOV-1948,-,A1, Landing (LDG),Berlin-R.A.F. Gatow Airport (GWW),Germany,-,0, Damaged beyond repair,-,Douglas Dakota IV (DC-3),2,Pratt & Whitney R-1830-90C,1945,-,-, KN551, 33161/16413,RAF,Military,-,-,-,-,-,Berlin-R.A.F. Gatow Airport,GWW,EDBG,Germany,-,-,0,0,-,-,-
19481108-0,Monday,08-NOV-1948,-,A1, En route (ENR),"Mount Macedon, VIC",Australia,23,3, Damaged beyond repair,-,Douglas DC-3-232,-,-,1937,-,-, VH-UZK, 2003,ANA,Domestic Scheduled Passenger,-,Melbourne-Essendon Airport,MEB,YMEN,Australia,Deniliquin Airport,DNQ,YDLQ,Australia,4,19,3,0,-,-,-
19481110-0,Wednesday,10-NOV-1948,-,A1, Unknown (UNK),Bogotá,Colombia,4,2, Damaged beyond repair,-,Douglas C-47-DL (DC-3),2,Pratt & Whitney R-1830-92,1943,-,-, C-119, 6217,Avianca,Training,-,-,-,-,-,-,-,-,-,4,0,2,0,-,-,-
19481110-1,Wednesday,10-NOV-1948,-,A1, Takeoff (TOF),Wunstorf RAF Station,Germany,-,0, Damaged beyond repair,-,Avro 685 York C.1,4,Rolls-Royce Merlin,-,-,-, MW270,-,RAF,Military,-,-,-,-,-,-,-,-,-,-,-,0,0,-,-,-
19481112-0,Friday,12-NOV-1948,-,A1, En route (ENR),"7,5 km (4.7 mls) E of Rawang",Malaysia,3,3, Damaged beyond repair,-,Douglas Dakota IV (DC-3),-,-,1945,-,-, KN633, 33317/16569,RAF,Military,-,-,-,-,-,-,-,-,-,3,0,3,0,-,-,-
19481113-0,Saturday,13-NOV-1948,-,A1, Landing (LDG),Prestwick-Heathfield Airport (PIK),United Kingdom,9,0, Damaged beyond repair,-,Consolidated 32-2 Liberator II,-,-,-,-,-, G-AHYC, 5,BOAC,Unknown,-,-,-,-,-,Prestwick-Heathfield Airport,PIK,EGPK,United Kingdom,-,-,0,0,-,-,-
19481115-0,Monday,15-NOV-1948,-,A1, Landing (LDG),Wake Island Airport (AWK),Micronesia,-,0, Damaged beyond repair,-,Douglas DC-6,-,-,1948,-,-, PI-C291, 43060/100,Philippine Air Lines,Unknown,-,-,-,-,-,Wake Island Airport,AWK,PAWK,U.S. Minor Outlying Islands,-,-,0,0,-,-,-
19481115-1,Monday,15-NOV-1948,-,A1, Landing (LDG),Berlin-Tempelhof Airport (THF),Germany,4,0, Damaged beyond repair,-,Douglas R5D-3 (C-54D),-,-,1945,-,-, 56545, 22197,US Navy,Military,-,-,-,-,-,Berlin-Tempelhof Airport,THF,EDDI,Germany,4,0,0,0,-,-,-
19481117-0,Wednesday,17-NOV-1948,-,A1, Approach (APR),Berlin-Schöneberg,Germany,4,4, Damaged beyond repair,-,Douglas Dakota IV (DC-3),2,Pratt & Whitney R-1830-90C,1945,-,-, KP223, 33440/16692,RAF,Military,-,Lübeck-Blankensee RAF Station,LBC,EDHL,Germany,Berlin-R.A.F. Gatow Airport,GWW,EDBG,Germany,4,0,4,0,-,-,-
19481118-0,Thursday,18-NOV-1948,07:08,A1, En route (ENR),31 km (19.4 mls) W of Leninabad,Tajikistan,5,4, Damaged beyond repair,-,Lisunov Li-2,-,-,1945,-,2948.0, CCCP-L4275, 18422909,Aeroflot / Tajikistan,Cargo,-,Stalinabad Airport,DYU,UTDD,Tajikistan,Leninabad Airport,LBD,UTDL,Tajikistan,5,0,4,0,-,-,-
19481118-1,Thursday,18-NOV-1948,-,A1, Takeoff (TOF),Colón-Coco Solo NAS,Panama,-,-, Damaged beyond repair,-,Lockheed P2V-2 Neptune,-,-,-,-,-, 122460,-,US Navy,Military,-,-,-,-,-,-,-,-,-,-,-,-,-,-,-,-
19481119-0,Friday,19-NOV-1948,-,A1, En route (ENR),near Georgetown,Guyana,-,-, Missing, Presumed damaged beyond repair,Douglas C-47D (DC-3),-,-,1945,-,-, 44-77282, 33614/16866,USAF,Military,-,Georgetown-Atkinson Air Force Base,GEO,SYCJ,Guyana,-,-,-,-,-,-,-,-,-,-,-
19481120-0,Saturday,20-NOV-1948,-,A1, Approach (APR),Paris-Orly Airport (ORY),France,14,0, Damaged beyond repair,-,Douglas C-47-DL (DC-3),2,Pratt & Whitney R-1830-92,1942,-,-, ZS-BWX, 4254,Mercury Aviation,Passenger,-,Nice Airport,NCE,LFMN,France,Paris-Le Bourget Airport,LBG,LFPB,France,5,9,0,0,-,-,-
19481121-0,Sunday,21-NOV-1948,-,O1, Standing (STD),Bombay-Santacruz Airport (BOM),India,0,0, Damaged beyond repair,-,Douglas C-47-DL (DC-3),-,-,1942,-,-, VT-AZZ, 4267,Indian Overseas Airlines,-,-,-,-,-,-,-,-,-,-,0,0,0,0,-,-,-
19481122-0,Monday,22-NOV-1948,17:08,A1, Approach (APR),Conholt Park,United Kingdom,8,7, Damaged beyond repair,-,Avro 691 Lancastrian C.3,-,-,-,-,-, G-AHJW, RSLB127336,Flight Refuelling,Ferry/positioning,-,-,-,-,-,-,-,-,-,4,4,3,4,-,-,-
19481122-1,Monday,22-NOV-1948,-,A1, Landing (LDG),"near Ryzhovo, Sakha",Russia,26,23, Damaged beyond repair,-,Lisunov Li-2,-,-,1948,-,692.0, CCCP-L4463, 3701,Aeroflot / Yakutsk,Domestic Scheduled Passenger,-,-,-,-,-,-,-,-,-,5,21,5,18,-,-,-
19481123-0,Tuesday,23-NOV-1948,-,A1, Takeoff (TOF),Toulouse,France,5,1, Damaged beyond repair,-,SNCASE SE.161/P7 Languedoc,4,Pratt & Whitney R-1830,1945,-,-, F-BATM, 13,Air France,Test,-,Toulouse-Montaudran Airport,XYT,LFIO,France,-,-,-,-,5,0,1,0,-,-,-
19481124-0,Wednesday,24-NOV-1948,-,A1, Unknown (UNK),"Fazenda Boa Esperança, MG",Brazil,9,0, Damaged beyond repair,-,Douglas C-47A-80-DL (DC-3),2,Pratt & Whitney R-1830-92,1944,-,-, PP-ASA, 19843,TCA,Unknown,-,-,-,-,-,-,-,-,-,-,-,0,0,-,-,-
19481125-0,Thursday,25-NOV-1948,05:52,A1, Landing (LDG),"Los Angeles Municipal Airport, CA (LAX)",United States of America,23,0, Damaged beyond repair,-,Lockheed L-049 Constellation,-,-,-,-,4343.0, NC90824, 2086,TWA,Domestic Scheduled Passenger, 211,Phoenix-Sky Harbor International Airport,PHX,KPHX,United States of America,Los Angeles Airport,LAX,KLAX,United States of America,5,18,0,0,-,-,Final
19481126-0,Friday,26-NOV-1948,-,A1, En route (ENR),Vehari,Pakistan,21,21, Damaged beyond repair,-,Douglas C-47A-15-DK (DC-3),2,Pratt & Whitney R-1830-92,1944,-,-, AP-ACE, 12775,Pakistan Airways,Domestic Scheduled Passenger,-,Karachi International Airport,KHI,OPKC,Pakistan,Lahore Airport,LHE,OPLA,Pakistan,5,16,5,16,-,-,-
19481202-0,Thursday,02-DEC-1948,-,A1, Landing (LDG),Berlin-R.A.F. Gatow Airport (GWW),Germany,-,0, Damaged beyond repair,-,Avro 685 York C.1,4,Rolls-Royce Merlin,-,-,-, MW246,-,RAF,Military,-,-,-,-,-,Berlin-R.A.F. Gatow Airport,GWW,EDBG,Germany,-,-,0,0,-,-,-
19481202-1,Thursday,02-DEC-1948,-,O1, Standing (STD),"RAF Wig Bay, Wigtownshire",United Kingdom,0,0, Damaged beyond repair,-,Short Sunderland V,-,-,-,-,-, PP123,-,RAF,Military,-,-,-,-,-,-,-,-,-,0,0,0,0,-,-,-
19481203-0,Friday,03-DEC-1948,19:50,A2, En route (ENR),"near Cambray, NM",United States of America,-,0, Minor, Repaired,Douglas DC-6,-,-,-,-,-, NC90733,-,American Airlines,Domestic Scheduled Passenger,AA183,Dallas-Love Field,DAL,KDAL,United States of America,Tucson International Airport,TUS,KTUS,United States of America,-,-,0,0,-,-,Final
19481204-0,Saturday,04-DEC-1948,-,A1, Landing (LDG),Praha-Ruzyne International Airport (PRG),Czech Republic,-,0, Damaged beyond repair,-,Douglas C-47A-1-DK (DC-3),-,-,1944,-,-, OK-WDC, 12176,CSA,International Scheduled Passenger,-,Amsterdam-Schiphol International Airport,AMS,EHAM,Netherlands,Praha-Ruzyne International Airport,PRG,LKPR,Czech Republic,-,-,0,0,-,-,-
19481205-0,Sunday,05-DEC-1948,-,A1, Unknown (UNK),Kiangwan,China,40,9, Damaged beyond repair,-,Curtiss C-46,-,-,-,-,-, XT-538,-,Central Air Transport,Domestic Scheduled Passenger,-,Chengdu Airport,CTU,ZUUU,China,-,-,-,-,3,37,2,7,-,-,-
19481205-1,Sunday,05-DEC-1948,00:23,A1, Initial climb (ICL),near Fassberg,Germany,3,3, Damaged beyond repair,-,Douglas C-54D-10-DC (DC-4),-,-,1945,-,-, 42-72698, 10803,USAF,Military,-,-,-,-,-,Berlin-R.A.F. Gatow Airport,GWW,EDBG,Germany,3,0,3,0,-,-,-
19481205-2,Sunday,05-DEC-1948,-,A1, En route (ENR),1930 km (1206.3 mls) SW off  Hawaii,Pacific Ocean,37,4, Damaged beyond repair,-,Douglas C-54D-10-DC (DC-4),-,-,1945,-,-, 42-72686, 10791,USAF,Military,-,-,-,-,-,Spokane-Fairchild AFB,SKA,KSKA,United States of America,7,30,-,-,-,-,-
19481206-0,Monday,06-DEC-1948,10:30,A1, Takeoff (TOF),Milano-Linate Airport (LIN),Italy,7,7, Damaged beyond repair,-,Douglas C-47-DL (DC-3),2,Pratt & Whitney R-1830-92,1942,-,-, I-ETNA, 4396,ALI,International Scheduled Passenger,-,Milano-Linate Airport,LIN,LIML,Italy,Brussel-Zaventem Airport,BRU,EBBR,Belgium,6,1,6,1,-,-,-
19481207-0,Tuesday,07-DEC-1948,-,A1, Landing (LDG),Maracaibo-Grano de Oro Airport (ORO),Venezuela,2,0, Damaged beyond repair,-,Douglas C-47-DL (DC-3),2,Pratt & Whitney R-1830-92,1942,-,-, NC57667, 6030,private,Unknown,-,-,-,-,-,Maracaibo-Grano de Oro Airport,ORO,SVMO,Venezuela,2,0,0,0,-,-,-
19481207-1,Tuesday,07-DEC-1948,-,U1, Unknown (UNK),Bogotá,Colombia,-,-, Damaged beyond repair,-,Douglas C-47A-20-DK (DC-3),2,Pratt & Whitney R-1830-92,1944,-,-, HK-306, 12977,LANSA,Unknown,-,-,-,-,-,-,-,-,-,-,-,-,-,-,-,-
19481209-0,Thursday,09-DEC-1948,17:25,A2, Takeoff (TOF),Havana-Rancho Boyeros Airport (HAV),Cuba,-,0, Substantial, Repaired,Convair CV-240-2,2,Pratt & Whitney R-2800-CA18,-,-,392.0, NC90665,  65,Pan Am,International Scheduled Passenger,PA428,Havana-Rancho Boyeros Airport,HAV,MUHA,Cuba,Miami International Airport,MIA,KMIA,United States of America,4,-,0,0,-,-,Final
19481209-1,Thursday,09-DEC-1948,-,A1, Unknown (UNK),within Greenland,Greenland,-,0, Damaged beyond repair,-,Douglas C-47A-35-DL (DC-3),-,-,1943,-,-, 42-23794, 9656,USAF,Military,-,-,-,-,-,-,-,-,-,-,-,0,0,-,-,-
19481211-0,Saturday,11-DEC-1948,00:01,A1, Approach (APR),"1,6 km (1 mls) S of Königstein im Taunus",Germany,6,1, Damaged beyond repair,-,Douglas R5D-3 (DC-4),-,-,1945,-,-, 56502, 10643,US Navy,Military,-,Berlin-Tempelhof Airport,THF,EDDI,Germany,Frankfurt International Airport,FRA,EDDF,Germany,3,3,1,0,-,-,-
19481212-0,Sunday,12-DEC-1948,-,A1, Landing (LDG),Taipei,Taiwan,10,2, Damaged beyond repair,-,Douglas DC-3,-,-,-,-,-, registration unknown,-,CNAC,International Scheduled Passenger,-,-,-,-,-,Taipei-Songshan Airport,TSA,RCSS,Taiwan,2,8,2,0,-,-,-
19481212-1,Sunday,12-DEC-1948,-,A1, Landing (LDG),Antofagasta-Cerro Moreno Airport (ANF),Chile,6,0, Damaged beyond repair,-,Douglas C-54A-5-DC (DC-4),-,-,1944,-,-, OB-SAF-175, 10286,Peruvian Int. Airways,Passenger,-,-,-,-,-,Antofagasta-Cerro Moreno Airport,ANF,SCFA,Chile,2,4,0,0,-,-,-
19481214-0,Tuesday,14-DEC-1948,-,A1, Takeoff (TOF),Berlin-R.A.F. Gatow Airport (GWW),Germany,-,0, Damaged beyond repair,-,Avro 685 York C.1,4,Rolls-Royce Merlin,-,-,-, MW238,-,RAF,Military,-,Berlin-R.A.F. Gatow Airport,GWW,EDBG,Germany,-,-,-,-,-,-,0,0,-,-,-
19481214-1,Tuesday,14-DEC-1948,-,A1, Takeoff (TOF),Berlin-R.A.F. Gatow Airport (GWW),Germany,-,0, Damaged beyond repair,-,Avro 685 York C.1,4,Rolls-Royce Merlin,-,-,-, MW300,-,RAF,Military,-,Berlin-R.A.F. Gatow Airport,GWW,EDBG,Germany,-,-,-,-,-,-,0,0,-,-,-
19481214-2,Tuesday,14-DEC-1948,-,A1, Landing (LDG),Berlin-Tempelhof Airport (THF),Germany,-,0, Damaged beyond repair,-,Fairchild C-82A Packet,-,-,-,-,-, 45-57785, 10155,USAF,Military,-,-,-,-,-,Berlin-Tempelhof Airport,THF,EDDI,Germany,-,-,0,0,-,-,-
19481215-0,Wednesday,15-DEC-1948,-,A1, Unknown (UNK),Playa Viru,Peru,-,0, Damaged beyond repair,-,Douglas C-47B-1-DK (DC-3),2,Pratt & Whitney R-1830-90C,1944,-,-, OB-PAY-226, 25819/14374,Faucett,Unknown,-,-,-,-,-,-,-,-,-,-,-,0,0,-,-,-
19481215-1,Wednesday,15-DEC-1948,-,A1, En route (ENR),40 km (25 mls) W of Bogotá,Colombia,30,30, Damaged beyond repair,-,Douglas C-47A-DL (DC-3),2,Pratt & Whitney R-1830-92,1943,-,-, C-310, 13807,LANSA,Domestic Scheduled Passenger,-,-,-,-,-,Barranquilla-Soledad Airport,BAQ,SKBQ,Colombia,3,27,3,27,-,-,-
19481216-0,Thursday,16-DEC-1948,-,A1, Unknown (UNK),"5 km (3.1 mls) S of Greenville-Donaldson AFB, SC (GDC)",United States of America,7,4, Damaged beyond repair,-,Fairchild C-82A-25-FA Packet,-,-,1946,-,-, 44-23042, 10086,USAF,Military,-,Greenville-Donaldson AFB,GDC,KGYH,United States of America,Greenville-Donaldson AFB,GDC,KGYH,United States of America,7,0,4,0,-,-,-
19481221-0,Tuesday,21-DEC-1948,14:00,A1, En route (ENR),Basalt Island,Hong Kong,35,35, Destroyed, Written off (damaged beyond repair),Douglas C-54B-5-DO (DC-4),4,Pratt & Whitney R-2000-11,1944,-,-, XT-104, 18348,CNAC,International Scheduled Passenger,-,-,-,-,-,Hong Kong-Kai Tak International Airport,HKG,VHHH,Hong Kong,7,28,7,28,-,-,-
19481221-1,Tuesday,21-DEC-1948,-,A1, En route (ENR),Raiiz mountain range,Russia,19,19, Damaged beyond repair,-,Lisunov Li-2,-,-,-,-,-, CCCP-Zh115,-,Soviet Ministry of Internal Affairs,Domestic Non Scheduled Passenger,-,-,-,-,-,-,-,-,-,7,12,7,12,-,-,-
19481221-3,Tuesday,21-DEC-1948,16:37,A1, En route (ENR),near Pilos,Greece,24,24, Damaged beyond repair,-,Douglas C-47A-20-DK (DC-3),2,Pratt & Whitney R-1830-92,1944,-,-, OK-WDN, 12894,CSA,International Scheduled Passenger, 584,Roma-Ciampino Airport,CIA,LIRA,Italy,Athens-Ellinikon International Airport,ATH,LGAT,Greece,5,19,5,19,-,-,-
19481223-0,Thursday,23-DEC-1948,-,A1, En route (ENR),near Gandesa,Spain,27,27, Damaged beyond repair,-,Douglas C-47-DL (DC-3),2,Pratt & Whitney R-1830-92,1942,-,-, EC-ABK, 4256,Iberia,Domestic Scheduled Passenger,-,Madrid-Barajas Airport,MAD,LEMD,Spain,Barcelona-El Prat Airport,BCN,LEBL,Spain,3,24,3,24,-,-,-
19481223-1,Thursday,23-DEC-1948,15:15,A1, En route (ENR),"Valuyevo, Moskovskaya region",Russia,4,4, Damaged beyond repair,-,Ilyushin Il-12B,-,-,1948,-,-, CCCP-L1731, 8 301 29 ..,Aeroflot / Uzbekistan,Ferry/positioning,-,-,-,-,-,-,-,-,-,4,0,4,0,8,-,-
19481223-2,Thursday,23-DEC-1948,15:15,A1, En route (ENR),"Valuyevo, Moskovskaya Region",Russia,8,8, Damaged beyond repair,-,Douglas TS-62 (DC-3),-,-,1944,-,-, CCCP-L861, 12400,Aeroflot / Moscow,Ferry/positioning,-,Moskva-Vnukovo Airport,VKO,UUWW,Russia,Moskva-Bykovo Airport,BKA,UUBB,Russia,4,4,4,4,4,-,-
19481223-3,Thursday,23-DEC-1948,-,A1, Unknown (UNK),"Fort Nelson, BC",Canada,-,-, Damaged beyond repair,-,Fairchild C-82A Packet,-,-,-,-,-, 45-57779, 10149,USAF,Military,-,-,-,-,-,-,-,-,-,-,-,-,-,-,-,-
19481224-0,Friday,24-DEC-1948,11:25,O1, Standing (STD),"Puerto Nuevo, BA",Argentina,0,0, Damaged beyond repair,-,Consolidated 16 Commodore,2,Pratt & Whitney R-1860 Hornet B,1929,-,-, LV-AAL, 05,ALFA,-,-,-,-,-,-,-,-,-,-,0,0,0,0,-,-,-
19481224-1,Friday,24-DEC-1948,-,O1, Standing (STD),"Puerto Nuevo, BA",Argentina,0,0, Damaged beyond repair,-,Macchi M.C.94-II,-,-,-,-,-, LV-AAF, 94010,ALFA,-,-,-,-,-,-,-,-,-,-,0,0,0,0,-,-,-
19481224-2,Friday,24-DEC-1948,-,O1, Standing (STD),"Puerto Nuevo, BA",Argentina,0,0, Damaged beyond repair,-,Macchi M.C.94-II,-,-,-,-,-, LV-AAE, 94012,ALFA,-,-,-,-,-,-,-,-,-,-,0,0,0,0,-,-,-
19481224-3,Friday,24-DEC-1948,-,O1, Standing (STD),"Puerto Nuevo, BA",Argentina,0,0, Damaged beyond repair,-,Macchi M.C.94-II,-,-,-,-,-, LV-AAD, 94008,ALFA,-,-,-,-,-,-,-,-,-,-,0,0,0,0,-,-,-
19481224-4,Friday,24-DEC-1948,-,A1, En route (ENR),SE of Fuzhou,China,5,5, Damaged beyond repair,-,Douglas C-47 (DC-3),-,-,-,-,-, registration unknown,-,China Air Force,Military,-,-,-,-,-,-,-,-,-,-,-,-,-,-,-,-
19481228-0,Tuesday,28-DEC-1948,-,A1, En route (ENR),"off Florida, USA [Gulf of Mexico]",Atlantic Ocean,32,32, Missing, Presumed damaged beyond repair,Douglas DST-144 (DC-3),2,Wright R-1820-G102A,1936,-,28257.0, NC16002, 1496,Airborne Transport,Domestic Non Scheduled Passenger,-,San Juan-Isla Grande Airport,SIG,TJIG,Puerto Rico,Miami International Airport,MIA,KMIA,United States of America,3,29,3,29,-,-,Final
19481229-0,Wednesday,29-DEC-1948,-,A1, Unknown (UNK),"6,5 km (4.1 mls) N of Mangalore, VIC",Australia,2,0, Damaged beyond repair,-,Douglas DC-3-232,-,-,1937,-,-, VH-UZJ, 2002,ANA,Ferry/positioning,-,Western Junction Airport,LST,YMLT,Australia,Melbourne-Essendon Airport,MEB,YMEN,Australia,2,0,0,0,-,-,-
19481229-1,Wednesday,29-DEC-1948,-,U1, Unknown (UNK),Villavicencio,Colombia,-,-, Damaged beyond repair,-,Douglas DC-3A-414,2,Pratt & Whitney R-1830,1941,-,-, C-110, 4181,Avianca,Unknown,-,-,-,-,-,-,-,-,-,-,-,-,-,-,-,-
19481229-2,Wednesday,29-DEC-1948,-,C1, Takeoff (TOF),"Jambi, Sumatra",Indonesia,-,1, Damaged beyond repair,-,Consolidated Catalina IIA (PBY-5A),-,-,1941,-,-, RI-005, 292,Indonesian AF,Military,-,-,-,-,-,-,-,-,-,-,-,1,0,-,-,-
19481230-0,Thursday,30-DEC-1948,09:20,A1, En route (ENR),2 km (1.3 mls) NW of Minsk,Belarus,4,3, Damaged beyond repair,-,Douglas TS-62 (DC-3),-,-,1945,-,3163.0, CCCP-L1017, 33142/16394,Aeroflot / Moscow,Ferry/positioning,-,Minsk-1 International Airport,MHP,UMMM,Belarus,Moskva-Vnukovo Airport,VKO,UUWW,Russia,4,0,3,0,-,-,-
19481231-0,Friday,31-DEC-1948,17:52,A1, En route (ENR),Monte Argentario,Italy,13,13, Destroyed, Written off (damaged beyond repair),Douglas C-47A-15-DK (DC-3),2,Pratt & Whitney R-1830-92,1944,-,-, ZS-BYX, 12587,Pan African Air Charter,Int'l Non Scheduled Passenger,-,Roma-Ciampino Airport,CIA,LIRA,Italy,Nice Airport,NCE,LFMN,France,5,8,5,8,-,-,-
19489999-0,-,xx-xxx-1948,-,A1, Unknown (UNK),at an unknown location,Spain,-,-, Damaged beyond repair,-,Ford 4-AT-F Tri-Motor,3,Wright R-975,1931,-,-, EC-BAB, 4-AT-71,Iberia,Unknown,-,-,-,-,-,-,-,-,-,-,-,-,-,-,-,-
19489999-1,-,xx-xxx-1948,-,U1, Unknown (UNK),at an unknown location,Unknown country,-,-, Damaged beyond repair,-,Douglas C-54A-15-DC (DC-4),-,-,1944,-,-, NC54083, 10422,Trans Caribbean Airways,Unknown,-,-,-,-,-,-,-,-,-,-,-,-,-,-,-,-
19489999-4,-,xx-xxx-1948,-,U1, Unknown (UNK),at an unknown location,Unknown country,-,-, Damaged beyond repair,-,Curtiss C-46A-40-CU Commando,2,Pratt & Whitney R-2800-51,1944,-,-, C-66, 26981,L.A. Transatlantica Colombia,Unknown,-,-,-,-,-,-,-,-,-,-,-,-,-,-,-,-
19489999-5,-,XX-XXX-1948,-,U1, Unknown (UNK),at an unknown location,Ecuador,-,-, Damaged beyond repair,-,Ford 4-AT Tri-Motor,-,-,-,-,-, HC-SBQ,-,Shell Ecuador,Unknown,-,-,-,-,-,-,-,-,-,-,-,-,-,-,-,-
19489999-6,-,xx-xxx-1948,-,A1, En route (ENR),nr Chita,Russia,-,-, Damaged beyond repair,-,Junkers Ju-52/3mg7e,-,-,1939,-,-, registration unknown,-,Soviet AF,Cargo,-,-,-,-,-,-,-,-,-,-,-,-,-,-,-,-
