identifiant,week_day,date,time,type_event,phase,location,country,total_occupants,total_fatalities,aircraft_damage,aircraft_fate,type_aircraft,number_engines,type_engines,first_flight,cycles,total_airframe_hours,registration,c_n_msn,operator,nature,flight_number,departure_airport_name,departure_airport_IATA,departure_airport_ICAO,departure_airport_country,destination_airport_name,destination_airport_IATA,destination_airport_ICAO,destination_airport_country,crew_number,passengers_number,crew_fatalities,passengers_fatalities,collision_casualties,ground_casualties,status
20160715-0,Friday,15-JUL-2016,16:10,A2, Landing (LDG),San Juan-Fernando Luis Ribas Dominicci Airport (SIG),Puerto Rico,-,0, Substantial, Repaired,Beechcraft B200 Super King Air,-,-,1999,-,-, N111MQ, BB-1665,Execumed Corp.,Unknown,-,La Romana-Casa de Campo International Airport,LRM,MDLR,Dominican Republic,San Juan-Fernando Luis Ribas Dominicci Airport,SIG,TJIG,Puerto Rico,-,-,0,0,-,-,Preliminary
20160717-0,Sunday,17-JUL-2016,12:17,A1, Landing (LDG),"Iqaluit Airport, NU (YFB)",Canada,2,0, Substantial,-,Beechcraft 200 Super King Air,2,Pratt & Whitney Canada PT6A-41,1976,-,-, C-FCGW, BB-207,Air Nunavut,Training,BFF200,Iqaluit Airport,YFB,CYFB,Canada,Iqaluit Airport,YFB,CYFB,Canada,2,0,0,0,-,-,Preliminary - official
20160720-0,Wednesday,20-JUL-2016,12:20,A1, Takeoff (TOF),off Jinshan City Beach,China,10,5, Damaged beyond repair,-,Cessna 208B Grand Caravan EX,1,Pratt & Whitney Canada PT6A-140,2015,-,-, B-10FW, 208B5222,Joy General Aviation,Domestic Non Scheduled Passenger,-,-,-,-,-,-,-,-,-,2,8,1,4,-,-,Preliminary
20160720-1,Wednesday,20-JUL-2016,18:30,A2, Landing (LDG),"Burnsville-Mountain Air Airport, NC",United States of America,2,0, Substantial, Repaired,Beechcraft B200 Super King Air,2,Pratt & Whitney Canada PT6A-61,1994,-,1838.0, N46CE, BB-1492,Century Equipment Company,Private,-,Rock Hill Airport,RKH,KUZA,United States of America,-,-,-,-,1,1,0,0,-,-,Final
20160721-0,Thursday,21-JUL-2016,14:00,A2, Landing (LDG),"Baldwin Airport, WI",United States of America,15,0, Substantial, Repaired,Cessna 208B Grand Caravan,1,Pratt & Whitney Canada PT6A-114A,1994,-,10660.0, N7581F, 208B0389,Skydive Twin Cities,Parachuting,-,-,-,-,-,-,-,-,-,1,14,0,0,-,-,Final
20160722-0,Friday,22-JUL-2016,-,A1, En route (ENR),ca 280 km E off Chennai [Bay of Bengal],Indian Ocean,29,29, Missing, Presumed damaged beyond repair,Antonov An-32,-,-,1986,-,-, K2743, 0809 ?,Indian AF,Military,-,-,-,-,-,Port Blair Airport,IXZ,VOPB,India,6,23,6,23,-,-,Preliminary
20160726-0,Tuesday,26-JUL-2016,15:09,A1, Landing (LDG),"Houston-Sugar Land Regional Airport, TX (SGR)",United States of America,3,0, Substantial,-,Embraer EMB-505 Phenom 300,2,Pratt & Whitney Canada PW535E,2014,-,1883.0, N362FX, 50500239,Flexjet,Executive,OPT362,Scottsdale Airport,SCF,KSDL,United States of America,Houston-Sugar Land Regional Airport,SGR,KSGR,United States of America,2,1,0,0,-,-,Preliminary - official
20160728-0,Thursday,28-JUL-2016,-,O1, Standing (STD),"Colorado Springs Municipal Airport, CO (COS)",United States of America,0,0, Damaged beyond repair,-,Gulfstream G650ER,2,Rolls-Royce BR700-725A1,2015,-,-, N827DC, 6174,TDC Management,-,-,-,-,-,-,-,-,-,-,0,0,0,0,-,-,- (No safety board investigation)
20160731-0,Sunday,31-JUL-2016,13:35,A1, En route (ENR),"29 km (18.1 mls) E of Zelenogorskiy, Kemerovo Region",Russia,3,3, Destroyed, Written off (damaged beyond repair),Antonov An-2R,1,Shvetsov ASh-62IR,1979,-,8853.0, RA-54790, 1G183-54,Lemaks,Ferry/positioning,-,-,-,-,-,-,-,-,-,3,0,3,0,-,-,Final
20160801-0,Monday,01-AUG-2016,18:40,A2, En route (ENR),"near Spanish Fork, UT",United States of America,1,0, Substantial, Repaired,Beechcraft C99 Commuter,2,Pratt & Whitney Canada PT6A-36,1986,-,28737.0, N234AV, U-234,Ameriflight,Cargo,AMF1843,Price-Carbon County Airport,PUC,KPUC,United States of America,Salt Lake City International Airport,SLC,KSLC,United States of America,1,0,0,0,-,-,Final
20160801-1,Monday,01-AUG-2016,19:50,A2, Taxi (TXI),Ajaccio-Napoleon Bonaparte Airport (AJA),France,2,0, Substantial, Repaired,Canadair CL-215-6B11 (CL-415),2,Pratt & Whitney Canada PW123F,1994,4607.0,5522.0, F-ZBEU, 2024,Securité Civile,Fire fighting,-,Ajaccio-Napoleon Bonaparte Airport,AJA,LFKJ,France,Ajaccio-Napoleon Bonaparte Airport,AJA,LFKJ,France,2,0,0,0,-,-,Final
20160803-0,Wednesday,03-AUG-2016,12:38,A1, Landing (LDG),Dubai Airport (DXB),United Arab Emirates,300,0, Destroyed, Written off (damaged beyond repair),Boeing 777-31H,2,Rolls-Royce Trent 892,2003,13620.0,58169.0, A6-EMW, 32700/434,Emirates,International Scheduled Passenger,EK521,Thiruvananthapuram International Airport,TRV,VOTV,India,Dubai Airport,DXB,OMDB,United Arab Emirates,18,282,0,0,-,1,Final
20160804-0,Thursday,04-AUG-2016,16:00,A2, En route (ENR),near Simikot,Nepal,2,0, Unknown,-,Cessna 208B Grand Caravan,1,Pratt & Whitney Canada PT6A-114A,1996,-,-, 9N-AKC, 208B0554, Makalu Air,Cargo,-,Surkhet Airport,SKH,VNSK,Nepal,Simikot Airport,IMK,VNST,Nepal,2,0,0,0,-,-,Preliminary
20160804-1,Thursday,04-AUG-2016,21:02,A1, Pushback / towing (PBT),"Baltimore/Washington International Thurgood Marshall Airport, MD (BWI)",United States of America,135,0, Substantial, Written off (damaged beyond repair),Boeing 737-3H4 (WL),2,CFMI CFM56-3B1,1993,-,72354.0, N368SW, 26579/2473,Southwest Airlines,Domestic Scheduled Passenger,WN149,Baltimore/Washington International Thurgood Marshall Airport,BWI,KBWI,United States of America,Atlanta-William B. Hartsfield International Airport,ATL,KATL,United States of America,6,129,0,0,-,-,Final
20160805-0,Friday,05-AUG-2016,04:07,A1, Landing (LDG),Bergamo-Orio Al Serio Airport (BGY),Italy,2,0, Destroyed, Written off (damaged beyond repair),Boeing 737-476SF,2,CFMI CFM56-3C1,1991,-,65332.0, HA-FAX, 24437/2162,ASL Airlines Hungary,Cargo,QY7332,Paris-Charles de Gaulle Airport,CDG,LFPG,France,Bergamo-Orio Al Serio Airport,BGY,LIME,Italy,2,0,0,0,-,-,Final
20160809-0,Tuesday,09-AUG-2016,21:00,A2, Standing (STD),"New York-John F. Kennedy International Airport, NY (JFK)",United States of America,166,0, Substantial, Repaired,Boeing 737-832 (WL),2,CFMI CFM56-7B26,2001,-,49267.0, N3762Y, 30817/968,Delta Air Lines,Domestic Scheduled Passenger,DL442,New York-John F. Kennedy International Airport,JFK,KJFK,United States of America,Salt Lake City International Airport,SLC,KSLC,United States of America,6,160,0,0,-,-,Final
20160811-0,Thursday,11-AUG-2016,16:47,A2, Landing (LDG),Polyarnyj Airport (PYJ),Russia,3,0, Substantial,-,Antonov An-2R,-,-,1983,-,12135.0, RA-17812, 1G204-13,ALROSA,Survey/research,-,Polyarnyj Airport,PYJ,UERP,Russia,Polyarnyj Airport,PYJ,UERP,Russia,2,1,0,0,-,-,Final
20160813-0,Saturday,13-AUG-2016,12:30,A2, Standing (STD),"Fort Lauderdale-Executive Airport, FL (FXE)",United States of America,2,0, Substantial, Repaired,Cessna 500 Citation I,2,Pratt & Whitney Canada JT15D-1,1974,-,9798.0, N70SW, 500-0236,Strong Tower Services,Private,-,Nassau-Lynden Pindling International Airport,NAS,MYNN,Bahamas,Fort Lauderdale-Executive Airport,FXE,KFXE,United States of America,2,0,0,0,-,-,Final
20160814-0,Sunday,14-AUG-2016,14:07,A2, Maneuvering (MNV),near São Pedro do Sul,Portugal,7,0, Substantial,-,Beriev Be-200ES,-,-,2010,-,-, RF-31121, 76820003001,Russian Ministry of Emergency Situations,Fire fighting,-,-,-,-,-,-,-,-,-,3,4,0,0,-,-,Preliminary - official
20160814-1,Sunday,14-AUG-2016,-,A1, Unknown (UNK),"Orillas del Río Meta, Apure",Venezuela,2,2, Destroyed, Written off (damaged beyond repair),Beechcraft 200 Super King Air,-,-,-,-,-, registration unknown,-,Unknown,Illegal Flight,-,-,-,-,-,-,-,-,-,-,-,-,-,-,-,-
20160816-0,Tuesday,16-AUG-2016,15:40,A1, Takeoff (TOF),near Charallave-Óscar Machado Zuloaga Airport,Venezuela,2,2, Destroyed, Written off (damaged beyond repair),Cessna 550 Citation II,-,-,1979,-,-, YV3051, 550-0070,Unknown,Unknown,-,-,-,-,-,Barinas Airport,BNS,SVBI,Venezuela,2,0,2,0,-,-,Preliminary
20160824-0,Wednesday,24-AUG-2016,11:19,A1, Landing (LDG),Noril'sk Airport (NSK),Russia,4,0, Substantial, Written off (damaged beyond repair),Tupolev Tu-204S,2,Soloviev PS-90A,2000,7414.0,20167.0, RA-64021, 1450742964021,Aviastar-TU,Unknown,4B9625,Moskva-Vnukovo Airport,VKO,UUWW,Russia,Noril'sk Airport,NSK,UOOO,Russia,4,0,0,0,-,-,Preliminary - official
20160825-0,Thursday,25-AUG-2016,15:03,A2, Takeoff (TOF),North Eleuthera International Airport (ELH),Bahamas,9,0, Substantial,-,Learjet 55,-,-,1982,-,-, N666TK, 55-038,RCR7,Unknown,-,North Eleuthera International Airport,ELH,MYEH,Bahamas,-,-,-,-,2,7,0,0,-,-,Preliminary
20160827-0,Saturday,27-AUG-2016,09:22,A2, En route (ENR),"26 km (16.3 mls) S of Biloxi, MS",United States of America,104,0, Substantial, Repaired,Boeing 737-7H4 (WL),2,CFMI CFM56-7B24,2000,-,-, N766SW, 29806/537,Southwest Airlines,Domestic Scheduled Passenger,WN3472,New Orleans International Airport,MSY,KMSY,United States of America,Orlando International Airport,MCO,KMCO,United States of America,5,99,0,0,-,-,Preliminary - official
20160828-0,Sunday,28-AUG-2016,-,O2, Pushback / towing (PBT),Seoul-Incheon International Airport (ICN),South Korea,0,0, Substantial, Repaired,Airbus A330-323,2,Pratt & Whitney PW4168A,2012,-,-, HL8258, 1326,Asiana Airlines,-,-,-,-,-,-,-,-,-,-,0,0,0,0,-,-,Preliminary
20160831-0,Wednesday,31-AUG-2016,10:01,A1, En route (ENR),"10 km (6.3 mls) NW of Russian Mission Airport, AK (RSH)",United States of America,3,3, Destroyed, Written off (damaged beyond repair),Cessna 208B Grand Caravan EX,1,Pratt & Whitney Canada PT6A-140,2014,-,811.0, N752RV, 208B5088,Ravn Connect,Domestic Scheduled Passenger,7H3190,Russian Mission Airport,RSH,PARS,United States of America,Marshall Airport,MLL,PADM,United States of America,1,2,1,2,2,-,Final
20160910-0,Saturday,10-SEP-2016,15:30,A1, Landing (LDG),"Orlando Apopka Airport, FL",United States of America,1,0, Substantial, Written off (damaged beyond repair),Beechcraft 200 Super King Air,2,Pratt & Whitney Canada PT6A-41,1976,-,10321.0, N369CD, BB-110,Hurricane Joaquin,Unknown,-,Marathon-Florida Keys Airport,MTH,KMTH,United States of America,-,-,-,-,1,0,0,0,-,-,Final
20160910-1,Saturday,10-SEP-2016,-,A2, Landing (LDG),"Angra dos Reis Airport, RJ",Brazil,2,0, Substantial, Repaired,Embraer EMB-500 Phenom 100,-,-,2011,-,-, PT-MMP, 50000264,Patrus Transportes Urgentes,Private,-,Belo Horizonte-Pampulha Airport,PLU,SBBH,Brazil,-,-,-,-,2,0,0,0,-,-,Preliminary
20160913-0,Tuesday,13-SEP-2016,07:33,A1, Landing (LDG),Wamena Airport (WMX),Indonesia,3,0, Substantial, Written off (damaged beyond repair),Boeing 737-347 (SF),2,CFMI CFM56-3B1,1986,48637.0,59420.0, PK-YSY, 23597/1287,Trigana Air Service,Cargo,TGN7321,Jayapura-Sentani Airport,DJJ,WAJJ,Indonesia,Wamena Airport,WMX,WAJW,Indonesia,2,1,0,0,-,-,Preliminary - official
20160917-0,Saturday,17-SEP-2016,-,A2, Landing (LDG),"5,5 km (3.4 mls) S of Tatarskoye Uraykino, Ulyanovsk region",Russia,1,0, Substantial,-,Antonov An-2R,1,Shvetsov ASh-62IR,1980,-,-, RA-84566, 1G189-33,Technoservice-A,Agricultural,-,-,-,-,-,-,-,-,-,1,0,0,0,-,-,Final
20160917-1,Saturday,17-SEP-2016,12:48,A2, Landing (LDG),Puerto Montt-Marcel Marchant Airport,Chile,11,0, Minor, Repaired,Cessna 208B Grand Caravan,1,Pratt & Whitney Canada PT6A-114A,2008,-,3272.0, CC-CTS, 208B1316,Servicios Aéreos Pewen,Domestic Non Scheduled Passenger,-,Chaiten Airport,WCH,SCTN,Chile,-,-,-,-,2,9,0,0,-,-,Final
20160921-0,Wednesday,21-SEP-2016,16:20,A2, Landing (LDG),"Jackson-McKellar-Sipes Regional Airport, TN (MKL)",United States of America,1,0, Substantial,-,Beechcraft B100 King Air,2,Garrett TPE331-6-251,1979,-,4013.0, N66804, BE-82,O.I.A. Enterprises,Executive,-,Memphis International Airport,MEM,KMEM,United States of America,Jackson-McKellar Airport,MKL,KMKL,United States of America,1,0,0,0,-,-,Final
20160922-0,Thursday,22-SEP-2016,-,O2, Standing (STD),"Bray, Northern Cape",South Africa,0,0, Substantial, Repaired,Beechcraft 200 Super King Air,-,-,1978,-,-, ZS-KGW, BB-381,Majestic Air,-,-,-,-,-,-,-,-,-,-,0,0,0,0,-,-,Preliminary
20160922-1,Thursday,22-SEP-2016,18:20,A2, Landing (LDG),San Juan-Fernando Luis Ribas Dominicci Airport (SIG),Puerto Rico,3,0, Substantial,-,Learjet 25D,2,General Electric CJ610-8A,1983,-,5330.0, YV1738, 25-363,WMG Techno-Logistic,Executive,-,Punta Cana International Airport,PUJ,MDPC,Dominican Republic,San Juan-Fernando Luis Ribas Dominicci Airport,SIG,TJIG,Puerto Rico,2,1,0,0,-,-,Final
20160924-0,Saturday,24-SEP-2016,16:56,A1, Landing (LDG),Bhairawa Airport (BWA),Nepal,32,0, Substantial,-,British Aerospace 4101 Jetstream 41,-,-,1993,-,-, 9N-AIB, 41017, Yeti Airlines,Domestic Scheduled Passenger,YT893,Kathmandu-Tribhuvan Airport,KTM,VNKT,Nepal,Bhairawa Airport,BWA,VNBW,Nepal,3,29,0,0,-,-,Preliminary
20160924-1,Saturday,24-SEP-2016,21:34,A2, Landing (LDG),"Washington-Dulles International Airport, DC (IAD)",United States of America,24,0, Substantial, Repaired,de Havilland Canada DHC-8-202Q Dash 8,2,Pratt & Whitney Canada PW123D,1998,-,36309.0, N366PH, 510,CommutAir,Domestic Scheduled Passenger,UA4919,Albany Airport,ALB,KALB,United States of America,Washington-Dulles International Airport,IAD,KIAD,United States of America,3,21,0,0,-,-,Final
20160925-0,Sunday,25-SEP-2016,19:46,A1, Landing (LDG),Jakarta-Halim Perdana Kusuma Airport (HLP),Indonesia,8,0, Substantial, Written off (damaged beyond repair),Learjet 31A,-,-,2001,-,-, PK-JKI, 31-213,Nusantara Air Charter,Ambulance,-,Yogyakarta-Adisutjipto Airport,JOG,WAHH,Indonesia,Jakarta-Halim Perdana Kusuma Airport,HLP,WIHH,Indonesia,3,5,0,0,-,-,Preliminary
20160930-0,Friday,30-SEP-2016,12:04,A1, En route (ENR),near San Antonio de Prado,Colombia,11,4, Destroyed, Written off (damaged beyond repair),Cessna 208B Grand Caravan,1,Pratt & Whitney Canada PT6A-114A,1992,-,2867.0, HK-3804, 208B0315,Llanera de Aviación,Domestic Non Scheduled Passenger,-,Medellín-Enrique Olaya Herrera Airport,EOH,SKMD,Colombia,Juradó Airport,JUO,SKJU,Colombia,2,9,1,3,-,-,Final
20160930-1,Friday,30-SEP-2016,09:30,A2, Landing (LDG),Deadman's Cay Airport (LGI),Bahamas,11,0, Unknown,-,Beechcraft 1900C,-,-,1987,-,18899.0, N376SA, UB-72,Southern Air Charter,Passenger,-,Nassau International Airport,NAS,MYNN,Bahamas,Deadman's Cay Airport,LGI,MYLD,Bahamas,2,9,0,0,-,-,Final
20161001-0,Saturday,01-OCT-2016,19:27,A2, Landing (LDG),Taipei-Taiwan Taoyuan International Airport (TPE),Taiwan,137,0, Substantial, Repaired,Airbus A330-302,2,General Electric CF6-80E1A4,2005,13376.0,34095.0, B-18307, 691,China Airlines,International Scheduled Passenger,CI704,Manila-Ninoy Aquino International Airport,MNL,RPLL,Philippines,Taipei-Taiwan Taoyuan International Airport,TPE,RCTP,Taiwan,13,124,0,0,-,-,Final
20161002-0,Sunday,02-OCT-2016,11:57,A1, En route (ENR),"19 km (11.9 mls) NW of Togiak, AK",United States of America,3,3, Destroyed, Written off (damaged beyond repair),Cessna 208B Grand Caravan,1,Pratt & Whitney Canada PT6A-114A,1995,-,20562.0, N208SD, 208B0491,Ravn Connect,Domestic Scheduled Passenger,7H3153,Quinhagak Airport,KWN,PAQH,United States of America,Togiak Village Airport,TOG,PATG,United States of America,2,1,2,1,-,-,Final
20161003-0,Monday,03-OCT-2016,20:05,A2, Landing (LDG),Oulu Airport (OUL),Finland,2,0, Substantial, Repaired,Reims Cessna F406 Caravan II,2,Pratt & Whitney Canada PT6A-112,1987,15640.0,11644.0, OH-OTL, F406-0015,Lapin Tilauslento,Cargo,-,Rovaniemi Airport,RVN,EFRO,Finland,Oulu Airport,OUL,EFOU,Finland,2,0,0,0,-,-,Final
20161004-0,Tuesday,04-OCT-2016,05:55,A2, Landing (LDG),Belfast International Airport (BFS),United Kingdom,2,0, Minor, Repaired,Boeing 737-4Q8 (SF),2,CFMI CFM56-3C1,1992,-,-, OE-IAG, 25168/2210,ASL Airlines Belgium,Cargo,3V834V,East Midlands Airport,EMA,EGNX,United Kingdom,Belfast International Airport,BFS,EGAA,United Kingdom,2,0,0,0,-,-,Final
20161009-0,Sunday,09-OCT-2016,-,A2, Takeoff (TOF),"São Paulo-Campo de Marte Airport, SP",Brazil,8,0, Substantial,-,Embraer P-95B Bandeirulha (EMB-111),-,-,1989,-,-, 7103, 110488,Brazilian AF,Military,-,-,-,-,-,Florianópolis Air Force Base,FLN,SBFL,Brazil,2,6,0,0,-,-,Preliminary
20161011-0,Tuesday,11-OCT-2016,16:38,A1, Landing (LDG),"0,3 km (0.2 mls) from  Belaya Gora Airport (BGN)",Russia,33,0, Substantial, Written off (damaged beyond repair),Antonov An-26-100,-,-,1979,16367.0,34490.0, RA-26660, 8008,Polyarnaya Aviatsiya,Domestic Scheduled Passenger,203,Yakutsk Airport,YKS,UEEE,Russia,Belaya Gora Airport,BGN,UESG,Russia,6,27,0,0,-,-,Final
20161011-1,Tuesday,11-OCT-2016,20:30,A2, Takeoff (TOF),"Bloodvein River Airport, MB (YDV)",Canada,6,0, Minor, Repaired,Beechcraft 200 Super King Air,2,Pratt & Whitney Canada PT6A-41,1975,-,-, C-GFSB, BB-84,Fast Air,Ambulance, 600,Bloodvein Airport,YDV,CZTA,Canada,Winnipeg International Airport,YWG,CYWG,Canada,-,-,0,0,-,-,-
20161013-0,Thursday,13-OCT-2016,21:40,A1, Initial climb (ICL),"8,3 km (5.2 mls) NE of Kelowna Airport, BC (YLW)",Canada,4,4, Destroyed, Written off (damaged beyond repair),Cessna 500 Citation I,2,Pratt & Whitney Canada JT15D-1A,1974,-,-, C-GTNG, 500-0169,Norjet,Unknown,-,Kelowna Airport,YLW,CYLW,Canada,-,-,-,-,1,3,1,3,-,-,Final
20161013-1,Thursday,13-OCT-2016,10:26,A2, Landing (LDG),"Smithfield-North Central Airport, RI (SFZ)",United States of America,6,0, Substantial,-,Cessna 525B CitationJet CJ3+,2,Williams International FJ44-3A,2014,-,-, N518AR, 525B-0412,A.R. Wings,Executive,-,Pittsburgh-Allegheny County Airport,AGC,KAGC,United States of America,Smithfield-North Central Airport,SFZ,KSFZ,United States of America,2,4,0,0,-,-,Preliminary - official
20161014-0,Friday,14-OCT-2016,17:35,A2, En route (ENR),"Dunnellon/Marion County Airport, FL",United States of America,11,1, Substantial, Repaired,Cessna 208 Caravan I,1,Pratt & Whitney Canada PT6A-114,1989,-,11336.0, N208KM, 20800150,NPTC,Parachuting,-,-,-,-,-,-,-,-,-,1,10,0,1,-,-,Final
20161019-0,Wednesday,19-OCT-2016,-,A1, En route (ENR),near Apiay,Colombia,53,1, Substantial,-,Lockheed C-130B Hercules,-,-,1962,-,-, FAC-1014, 3674,Colombian AF,Military,-,Florencia Airport,FLA,SKFL,Colombia,-,-,-,-,-,-,0,1,-,-,-
20161021-0,Friday,21-OCT-2016,-,A2, Takeoff (TOF),"Porto Alegre-Canoas Air Base, RS",Brazil,3,0, Substantial,-,Embraer C-95BM Bandeirante (EMB-110),-,-,1980,-,-, 2305, 110276,Brazilian AF,Military,-,-,-,-,-,-,-,-,-,3,0,0,0,-,-,Preliminary
20161021-1,Friday,21-OCT-2016,06:30,A1, Landing (LDG),"Recife-Guararapes International Airport, PE (REC)",Brazil,3,0, Substantial, Written off (damaged beyond repair),Airbus A300B4-203F,2,General Electric CF6-50C2,1983,-,-, PR-STN, 236,Sterna Linhas Aéreas,Cargo,-,São Paulo-Guarulhos International Airport,GRU,SBGR,Brazil,Recife-Guararapes International Airport,REC,SBRF,Brazil,3,0,0,0,-,-,Preliminary - official
20161022-0,Saturday,22-OCT-2016,22:34,A2, Landing (LDG),Lisboa-Humberto Delgado Airport (LIS),Portugal,24,0, Substantial, Repaired,ATR 72-212A (ATR-72-600),2,Pratt & Whitney Canada PW127M,2015,-,1828.0, CS-DJF, 1284,TAP Express,Domestic Scheduled Passenger,TP1971,Porto-Francisco Sá Carneiro Airport,OPO,LPPR,Portugal,Lisboa-Humberto Delgado Airport,LIS,LPPT,Portugal,4,20,0,0,-,-,Final
20161024-0,Monday,24-OCT-2016,07:20,A1, Takeoff (TOF),Malta-Luqa Airport (MLA),Malta,5,5, Destroyed, Written off (damaged beyond repair),Swearingen SA227-AT Expediter,2,Garrett TPE331-11U-611G,1983,3503.0,9261.0, N577MX, AT-577,CAE Aviation,Official state flight,LXC77,Malta-Luqa Airport,MLA,LMML,Malta,Malta-Luqa Airport,MLA,LMML,Malta,5,0,5,0,-,-,Final
20161024-1,Monday,24-OCT-2016,20:29,A1, Landing (LDG),Toluca Airport (TLC),Mexico,4,0, Substantial,-,Dornier 328JET-310,2,Pratt & Whitney Canada PW306B,2000,13493.0,13058.0, XA-ALA, 3167,FlyMex,Ferry/positioning,-,Chetumal Airport,CTM,MMCM,Mexico,Toluca Airport,TLC,MMTO,Mexico,4,0,0,0,-,-,Final
20161024-2,Monday,24-OCT-2016,-,A1, Takeoff (TOF),Dire Dawa-Aba Tenna D Yilma Airport (DIR),Ethiopia,80,0, Damaged beyond repair,-,de Havilland Canada DHC-8-402Q Dash 8,2,Pratt & Whitney Canada PW150A,2010,-,-, ET-ANY, 4334,Ethiopian Airlines,Domestic Scheduled Passenger,ET212,Dire Dawa-Aba Tenna D Yilma Airport,DIR,HADR,Ethiopia,Addis Ababa-Bole Airport,ADD,HAAB,Ethiopia,6,74,0,0,-,-,-
20161028-0,Friday,28-OCT-2016,20:07,A2, Landing (LDG),Bogotá-Eldorado Airport (BOG),Colombia,11,0, Substantial,-,Swearingen SA227-DC Metro 23 (C-26B),-,-,1995,-,-, PNC-0226, DC-811M,Colombian Police,Military,-,Pereira Airport,PEI,SKPE,Colombia,Bogotá-Eldorado Airport,BOG,SKBO,Colombia,-,-,0,0,-,-,Preliminary
20161028-1,Friday,28-OCT-2016,17:51,A1, Landing (LDG),"Fort Lauderdale International Airport, FL (FLL)",United States of America,2,0, Substantial, Written off (damaged beyond repair),McDonnell Douglas MD-10-10F,3,General Electric CF6-6D,1972,35606.0,84589.0, N370FE, 46608/26,FedEx,Cargo,FX910,Memphis International Airport,MEM,KMEM,United States of America,Fort Lauderdale International Airport,FLL,KFLL,United States of America,2,0,0,0,-,-,Final
20161028-2,Friday,28-OCT-2016,14:35,A1, Takeoff (TOF),"Chicago-O'Hare International Airport, IL (ORD)",United States of America,170,0, Substantial, Written off (damaged beyond repair),Boeing 767-323ER (WL),2,General Electric CF6-80C2B6,2003,8120.0,50632.0, N345AN, 33084/906,American Airlines,Domestic Scheduled Passenger,AA383,Chicago-O'Hare International Airport,ORD,KORD,United States of America,Miami International Airport,MIA,KMIA,United States of America,9,161,0,0,-,-,Final
20161030-0,Sunday,30-OCT-2016,12:35,A1, Takeoff (TOF),"Jeffersonville-Clark Regional Airport, IN (JVY)",United States of America,10,0, Substantial, Written off (damaged beyond repair),Beechcraft 100 King Air,2,Pratt & Whitney Canada PT6A-28,1969,-,12583.0, N411HA, B-21,Honaker Aviation,Private,-,Jeffersonville-Clark Regional Airport,JVY,KJVY,United States of America,Brunswick-Malcolm McKinnon Airport,SSI,KSSI,United States of America,2,8,0,0,-,-,Final
20161031-0,Monday,31-OCT-2016,08:25,A1, En route (ENR),11 km (6.9 mls) S of Ilaga Airport (ILA),Indonesia,4,4, Destroyed, Written off (damaged beyond repair),de Havilland Canada DHC-4T Caribou,2,Pratt & Whitney Canada PT6A-67T,1972,5953.0,2748.0, PK-SWW, 303,Puncak Regency Adm.,Cargo,-,Timika-Moses Kilangin (Tembagapura) Airport,TIM,WAYY,Indonesia,Ilaga Airport,ILA,WABL,Indonesia,2,2,2,2,-,-,Preliminary - official
20161099-0,-,xx-OCT-2016,-,A1, Pushback / towing (PBT),"Wichita-Mid-Continent Airport, KS (ICT)",United States of America,0,0, Damaged beyond repair,-,Cessna 500 Citation I,2,Pratt & Whitney Canada JT15D-1A,1975,-,-, N888JL, 500-0242,Advanced Power Aviation,Unknown,-,-,-,-,-,-,-,-,-,0,0,0,0,-,-,-
20161110-0,Thursday,10-NOV-2016,12:42,A2, Landing (LDG),"Buenos Aires/Ezeiza-Ministro Pistarini Airport, BA (EZE)",Argentina,2,0, Substantial, Repaired,McDonnell Douglas MD-11F,3,General Electric CF6-80C2D1F,2000,12835.0,69139.0, D-ALCM, 48805/645,Lufthansa Cargo,Cargo,LH8273,Curitiba-Afonso Pena International Airport,CWB,SBCT,Brazil,Buenos Aires/Ezeiza-Ministro Pistarini Airport,EZE,SAEZ,Argentina,2,0,0,0,-,-,Final
20161114-0,Monday,14-NOV-2016,16:30,A2, Landing (LDG),Panama City Albrook-Marcos A. Gelabert International Airport (BLB),Panama,4,0, Substantial,-,Bombardier BD-100-1A10 Challenger 300,2,Honeywell AS907-1-1A,2001,-,-, N303CZ, 20003,Unknown,Executive,-,-,-,-,-,Panama City Albrook-Marcos A. Gelabert International Airport,BLB,MPLB,Panama,-,-,0,0,-,-,Preliminary
20161119-0,Saturday,19-NOV-2016,08:03,A2, Initial climb (ICL),"Saint Louis-Lambert International Airport, MO (STL)",United States of America,-,0, Substantial, Repaired,Boeing 737-823 (WL),2,CFMI CFM56-7B24,2010,-,-, N832NN, 33521/3228,American Airlines,Domestic Scheduled Passenger,AA2444,Saint Louis-Lambert International Airport,STL,KSTL,United States of America,Los Angeles International Airport,LAX,KLAX,United States of America,-,-,0,0,-,-,Preliminary - official
20161123-0,Wednesday,23-NOV-2016,17:59,A2, Approach (APR),"0,8 km (0.5 mls) E of Moorhead Municipal Airport, MN",United States of America,7,0, Substantial,-,Beechcraft 200 Super King Air,2,Pratt & Whitney Canada PT6A-41,1978,-,11000.0, N80RT, BB-370,Flight Development,Domestic Non Scheduled Passenger,-,Baudette Airport,BDE,KBDE,United States of America,-,-,-,-,1,6,0,0,-,-,Final
20161124-0,Thursday,24-NOV-2016,14:50,A2, Taxi (TXI),London City Airport (LCY),United Kingdom,-,0, None,-,Dassault Falcon 7X,-,-,2009,-,-, VQ-BSO, 64,Shell Aircraft,Private,-,Rotterdam/The Hague Airport,RTM,EHRD,Netherlands,London City Airport,LCY,EGLC,United Kingdom,-,-,0,0,-,-,Final
20161124-1,Thursday,24-NOV-2016,14:50,A2, Standing (STD),London City Airport (LCY),United Kingdom,-,0, Substantial, Repaired,Dassault Falcon 7X,-,-,2011,-,-, VQ-BSF, 113,Shell Aircraft,Unknown,-,London City Airport,LCY,EGLC,United Kingdom,-,-,-,-,-,-,0,0,-,-,Final
20161127-0,Sunday,27-NOV-2016,10:00,A2, Landing (LDG),Pitu/Morotai-Leo Wattimena Air Base (OTI),Indonesia,14,0, Substantial,-,CASA/Nurtanio NC-212-MP Aviocar 200,-,-,-,-,-, U-623,-,Indonesian Navy,Military,-,Manado-Sam Ratulangi Airport,MDC,WAMM,Indonesia,Pitu/Morotai Island Airport,OTI,WAMR,Indonesia,5,9,0,0,-,-,Preliminary
20161128-0,Monday,28-NOV-2016,21:58,A1, En route (ENR),18 km (11.3 mls) S of Rionegro/Medellín-José María Córdova Airport (MDE),Colombia,77,71, Destroyed, Written off (damaged beyond repair),Avro RJ85,4,Lycoming LF507-1F,1999,19737.0,21640.0, CP-2933, E2348,LaMia,Int'l Non Scheduled Passenger,LMI2933,Santa Cruz-Viru Viru International Airport,VVI,SLVR,Bolivia,Rionegro/Medellín-José María Córdova Airport,MDE,SKRG,Colombia,4,73,3,68,-,-,Final
20161129-0,Tuesday,29-NOV-2016,07:36,A2, Taxi (TXI),Georgetown-Cheddi Jagan International Airport (GEO),Guyana,187,0, Substantial, Repaired,Boeing 737-8HO (WL),2,CFMI CFM56-7B26E,2011,-,-, 9Y-SXM, 37935/3716,Caribbean Airlines,International Scheduled Passenger,BW527,New York-John F. Kennedy International Airport,JFK,KJFK,United States of America,Georgetown-Cheddi Jagan International Airport,GEO,SYCJ,Guyana,-,-,0,0,-,-,Final
20161129-1,Tuesday,29-NOV-2016,07:36,A2, Standing (STD),Georgetown-Cheddi Jagan International Airport (GEO),Guyana,0,0, Substantial, Repaired,Boeing 767-319ER,2,General Electric CF6-80C2B6,1992,-,-, N767WA, 24876/413,Fly Jamaica Airways,-,-,-,-,-,-,-,-,-,-,0,0,0,0,-,-,Final
20161201-0,Thursday,01-DEC-2016,-,A2, Taxi (TXI),"Pickle Lake Airport, ON (YPL)",Canada,-,0, Substantial, Repaired,Basler BT-67 Turbo 67 (DC-3T),2,Pratt & Whitney Canada PT6A-67R,1943,-,-, C-GEAJ, 26120,ALCI Aviation,Cargo,BF104,Round Lake Airport,ZRJ,CZRJ,Canada,Pickle Lake Airport,YPL,CYPL,Canada,-,-,0,0,-,-,Preliminary - official
20161202-0,Friday,02-DEC-2016,16:00,A1, Landing (LDG),"Tyler-Pounds Regional Airport, TX (TYR)",United States of America,1,0, Minor, Written off (damaged beyond repair),Beechcraft B100 King Air,2,Garrett TPE331,1977,-,-, N900RD, 	BE-33,Kidd Aviation,Unknown,-,-,-,-,-,Tyler-Pounds Field,TYR,KTYR,United States of America,1,0,0,0,-,-,- (No safety board investigation)
20161203-0,Saturday,03-DEC-2016,10:22,A1, En route (ENR),74 km (46.3 mls) SE off  Tanjung Pinang,Indonesia,13,13, Damaged beyond repair,-,PZL-Mielec M28 Skytruck,-,-,2004,-,-, P-4201, AJE003-03 ?,Indonesian Police,Military,-,Pangkal Pinang Airport,PGK,WIPK,Indonesia,Batam-Hang Nadim Airport,BTH,WIDD,Indonesia,5,8,5,8,-,-,Preliminary
20161204-1,Sunday,04-DEC-2016,18:55,A1, Landing (LDG),"Gunnison-Crested Butte Regional Airport, CO (GUC)",United States of America,1,0, Substantial, Written off (damaged beyond repair),Cessna 500 Citation I,2,Pratt & Whitney Canada JT15D-1A,1975,-,5218.0, N332SE, 500-0332,Yatish Air,Executive,-,San Jose-Norman Y. Mineta International Airport,SJC,KSJC,United States of America,Pueblo Memorial Airport,PUB,KPUB,United States of America,1,0,0,0,-,-,Final
20161205-0,Monday,05-DEC-2016,22:22,A1, En route (ENR),"5,5 km (3.4 mls) ESE of Camilla, GA",United States of America,1,1, Destroyed, Written off (damaged beyond repair),Swearingen SA227-AC Metro III,2,Garrett TPE331-11U-611G,1990,-,23296.0, N765FA, AC-765,Key Lime Air,Cargo,LYM308,Panama City-Northwest Florida Beaches International Airport,ECP,KECP,United States of America,Albany-Southwest Georgia Regional Airport,ABY,KABY,United States of America,1,0,1,0,-,-,Final
20161205-1,Monday,05-DEC-2016,11:23,A2, En route (ENR),"near Port Aransas-Mustang Beach Airport, TX",United States of America,1,0, Substantial, Written off (damaged beyond repair),Cessna 550 Citation II,2,Pratt & Whitney Canada JT15D-4,1980,-,-, N75WL, 550-0175,DC Aviation,Ferry/positioning,-,-,-,-,-,Fort Worth-Meacham Field,FTW,KFTW,United States of America,1,0,0,0,-,-,Final
20161207-0,Wednesday,07-DEC-2016,16:20,A1, En route (ENR),near Havelian,Pakistan,47,47, Destroyed, Written off (damaged beyond repair),ATR 42-500,2,Pratt & Whitney Canada PW127E,2007,-,18740.0, AP-BHO, 663,PIA,Domestic Scheduled Passenger,PK661,Chitral Airport,CJL,OPCH,Pakistan,Islamabad-Benazir Bhutto International Airport,ISB,OPRN,Pakistan,5,42,5,42,-,-,Preliminary
20161207-1,Wednesday,07-DEC-2016,10:13,A2, Taxi (TXI),"Hobart Airport, TAS (HBA)",Australia,-,0, Minor, Repaired,Boeing 737-8FE (WL),2,CFMI CFM56-7B24E,2015,-,-, VH-YFT, 41028/5557,Virgin Australia Airlines,Domestic Scheduled Passenger,VA1531,Hobart Airport,HBA,YMHB,Australia,Sydney-Kingsford Smith International Airport,SYD,YSSY,Australia,-,-,0,0,-,-,Final
20161207-2,Wednesday,07-DEC-2016,10:13,A2, Standing (STD),"Hobart Airport, TAS (HBA)",Australia,-,0, Minor, Repaired,Boeing 737-8FE (WL),2,CFMI CFM56-7B26,2008,-,-, VH-VUP, 36604/2650,Virgin Australia Airlines,Domestic Scheduled Passenger,VA1321,Hobart Airport,HBA,YMHB,Australia,Melbourne-Tullamarine Airport,MEL,YMML,Australia,-,-,0,0,-,-,Final
20161210-0,Saturday,10-DEC-2016,12:24,A2, Landing (LDG),Kabul-Hamid Karzai International Airport (KBL),Afghanistan,173,0, Substantial,-,Boeing 737-46J,2,CFMI CFM56-3C1,1995,28611.0,56805.0, JY-JAQ, 27826/2694,Jordan Aviation,Domestic Scheduled Passenger,4Q502,Herat Airport,HEA,OAHR,Afghanistan,Kabul-Hamid Karzai International Airport,KBL,OAKB,Afghanistan,9,164,0,0,-,-,Final
20161212-0,Monday,12-DEC-2016,12:30,A1, Takeoff (TOF),"Saint-Frédéric Airport, QC",Canada,2,0, Substantial, Written off (damaged beyond repair),Beechcraft A100 King Air,-,-,1973,-,-, C-FONY, B-154,Grondair Aviation,Unknown,-,-,-,-,-,Québec City Jean Lesage International Airport,YQB,CYQB,Canada,-,-,0,0,-,-,Preliminary - official
20161213-0,Tuesday,13-DEC-2016,12:51,A1, Landing (LDG),"Moomba Airport, SA (MOO)",Australia,3,0, Substantial, Written off (damaged beyond repair),Beechcraft B200 Super King Air,-,-,1989,-,-, VH-MVL, BB-1333,Royal Flying Doctor Service,Ambulance,FD209,Innamincka Airport,INM,YINN,Australia,Moomba Airport,MOO,YOOM,Australia,1,2,0,0,-,-,Final
20161214-0,Wednesday,14-DEC-2016,06:24,A2, Takeoff (TOF),Manchester Airport (MAN),United Kingdom,31,0, Minor, Repaired,de Havilland Canada DHC-8-402Q Dash 8,2,Pratt & Whitney Canada PW150A,2010,-,-, G-PRPC, 4338,Flybe,International Scheduled Passenger,BE7301,Manchester Airport,MAN,EGCC,United Kingdom,Hannover Airport,HAJ,EDDV,Germany,4,27,0,0,-,-,Final
20161216-0,Friday,16-DEC-2016,12:00,A2, Standing (STD),København-Kastrup Airport (CPH),Denmark,9,0, Substantial, Repaired,Bombardier CRJ-900ER (CL-600-2D24) Regional Jet,2,General Electric CF34-8C5,2009,-,-, OY-KFF, 15231,SAS,International Scheduled Passenger,-,København-Kastrup Airport,CPH,EKCH,Denmark,Palanga Airport,PLQ,EYPA,Lithuania,4,5,0,0,-,-,Final
20161218-0,Sunday,18-DEC-2016,06:09,A1, Approach (APR),ca 2 km SE of Wamena Airport (WMX),Indonesia,13,13, Destroyed, Written off (damaged beyond repair),Lockheed C-130H Hercules,-,-,1978,-,-, A-1334, 4785,Indonesian AF,Military,-,Timika-Moses Kilangin (Tembagapura) Airport,TIM,WAYY,Indonesia,Wamena Airport,WMX,WAJW,Indonesia,12,1,12,1,-,-,Preliminary
20161218-1,Sunday,18-DEC-2016,06:00,A2, Pushback / towing (PBT),Okinawa-Kadena AFB (DNA),Japan,-,0, Substantial,-,Boeing P-8A Poseidon (737-8FV),2,CFMI CFM56-7B27E,2014,-,-, 168763, 42259/5020,US Navy,Military,-,-,-,-,-,-,-,-,-,-,-,0,0,-,-,Preliminary - official
20161219-0,Monday,19-DEC-2016,04:45,A1, En route (ENR),29 km (18.1 mls) NW of Tiksi Airport (IKS),Russia,37,0, Destroyed, Written off (damaged beyond repair),Ilyushin Il-18V,-,-,1965,-,-, RF-91821, 185008003,Russian AF,Military,-,-,-,-,-,Tiksi Airport,IKS,UEST,Russia,7,30,0,0,-,-,Preliminary
20161220-0,Tuesday,20-DEC-2016,17:22,A1, Initial climb (ICL),"7,5 km (4.7 mls) W of Puerto Carreño-Germán Olano Airport (PCR)",Colombia,6,5, Destroyed, Written off (damaged beyond repair),Boeing 727-2J0 (F) Advanced,3,Pratt & Whitney JT8D-15 (HK3),1975,-,60199.0, HK-4544, 21105/1158,Aerosucre Colombia,Cargo,KRE157,Puerto Carreño-Germán Olano Airport,PCR,SKPC,Colombia,Bogotá-Eldorado Airport,BOG,SKBO,Colombia,6,0,5,0,-,-,Final
20161221-0,Wednesday,21-DEC-2016,17:18,A1, Landing (LDG),Butterworth RMAF Station (BWH),Malaysia,4,1, Destroyed, Written off (damaged beyond repair),Beechcraft B200T Super King Air,-,-,1994,-,-, M41-03, BT-37,Royal Malaysian AF,Military,-,Kuala Lumpur Subang International Airport,KUL,WMKK,Malaysia,Butterworth Airport,BWH,WMKB,Malaysia,4,0,1,0,-,-,-
20161223-0,Friday,23-DEC-2016,-,H2, En route (ENR),Malta-Luqa Airport (MLA),Malta,118,0, None,-,Airbus A320-214,2,CFMI CFM56-5B4/P,2007,-,-, 5A-ONB, 3236, Afriqiyah Airways,Domestic Scheduled Passenger,8U209,Sebha Airport,SEB,HLLS,Libya,Tripoli International Airport,TIP,HLLT,Libya,7,111,0,0,-,-,Preliminary
20161225-0,Sunday,25-DEC-2016,05:27,A1, Initial climb (ICL),"1,6 km (1 mls) SW off  Adler",Russia,92,92, Destroyed, Written off (damaged beyond repair),Tupolev Tu-154B-2,3,Kuznetsov NK-8-2U,1983,-,6689.0, RA-85572, 83A572,Russian AF,Military,-,Adler/Sochi Airport,AER,URSS,Russia,Latakia-Khmeimim Air Base,LTK,OSLK,Syria,8,84,8,84,-,-,Preliminary
20161225-1,Sunday,25-DEC-2016,18:24,A1, Landing (LDG),Semarang-Achmad Yani Airport (SRG),Indonesia,72,0, Substantial, Written off (damaged beyond repair),ATR 72-212A (ATR-72-600),2,Pratt & Whitney Canada PW127M,2015,4104.0,3485.0, PK-WGW, 1234,Wings Air,Domestic Scheduled Passenger,-,Bandung Airport,BDO,WICC,Indonesia,Semarang-Achmad Yani Airport,SRG,WAHS,Indonesia,4,68,0,0,-,-,Final
20161226-0,Monday,26-DEC-2016,16:09,A2, Pushback / towing (PBT),København-Kastrup Airport (CPH),Denmark,0,0, Minor, Repaired,Airbus A340-313,4,CFMI CFM56-5C4,2002,-,-, OY-KBC, 467,SAS,-,-,-,-,-,-,-,-,-,-,0,0,0,0,-,-,Final
20161226-1,Monday,26-DEC-2016,16:09,A1, Standing (STD),København-Kastrup Airport (CPH),Denmark,5,0, Substantial, Written off (damaged beyond repair),Avro RJ100,4,Lycoming LF507-1F,1994,-,-, SE-DST, E3247,BRA - Braathens Regional Airlines,Ferry/positioning,TF9078,Göteborg-Landvetter Airport,GOT,ESGG,Sweden,København-Kastrup Airport,CPH,EKCH,Denmark,5,0,0,0,-,-,Final
20161227-0,Tuesday,27-DEC-2016,05:03,A2, Takeoff (TOF),Goa-Dabolim Airport (GOI),India,161,0, Substantial, Repaired,Boeing 737-85R (WL),2,CFMI CFM56-7B26,2008,15997.0,36256.0, VT-JBG, 35083/2535,Jet Airways,Domestic Scheduled Passenger,9W2374,Goa-Dabolim Airport,GOI,VAGO,India,Mumbai (Bombay) Airport,BOM,VABB,India,7,154,0,0,-,-,Final
20161227-1,Tuesday,27-DEC-2016,17:36,A2, Approach (APR),"0,5 km (0.3 mls) SW of Fort McMurray Airport, AB (YMM)",Canada,4,0, Substantial,-,Cessna 208B Grand Caravan,1,Pratt & Whitney Canada PT6A-114A,1996,-,-, C-GHLI, 208B0565,-,Private,-,-,-,-,-,Fort McMurray Airport,YMM,CYMM,Canada,1,3,0,0,-,-,Preliminary - official
20161229-0,Thursday,29-DEC-2016,22:57,A1, Initial climb (ICL),"3 km (1.9 mls) N off  Cleveland-Burke Lakefront Airport, OH (BKL)",United States of America,6,6, Destroyed, Written off (damaged beyond repair),Cessna 525C Citation CJ4,2,Williams International FJ44-4A,2012,-,861.0, N614SB, 525C-0072,Superior Beverage Group,Private,-,Cleveland-Burke Lakefront Airport,BKL,KBKL,United States of America,Columbus-Ohio State University Airport,OSU,KOSU,United States of America,1,5,1,5,-,-,Final
20161229-1,Thursday,29-DEC-2016,14:33,A2, Landing (LDG),"Moosonee Airport, ON (YMO)",Canada,-,0, Substantial,-,Beechcraft A100 King Air,2,Pratt & Whitney Canada PT6A-28,1972,-,-, C-FXAJ, B-122,Wabusk Air,Domestic Scheduled Passenger,WU102,Moosonee Airport,YMO,CYMO,Canada,Timmins Airport,YTS,CYTS,Canada,-,-,0,0,-,-,Preliminary - official
20160102-0,Saturday,02-JAN-2016,12:05,A1, En route (ENR),"10 km (6.3 mls) SW of Anaktuvuk Pass Airport, AK (AKP)",United States of America,8,0, Substantial, Written off (damaged beyond repair),Cessna 208B Grand Caravan,1,Pratt & Whitney Canada PT6A-114A,1996,-,19555.0, N540ME, 208B0540,Wright Air Service,Domestic Scheduled Passenger,-,Fairbanks International Airport,FAI,PAFA,United States of America,Anaktuvuk Pass Airport,AKP,PAKP,United States of America,1,7,0,0,-,-,Final
20160103-0,Sunday,03-JAN-2016,23:00,A2, Standing (STD),"Chicago-O'Hare International Airport, IL (ORD)",United States of America,69,0, Substantial, Repaired,Canadair CL-600-2C10 Regional Jet CRJ-702,2,General Electric CF34-8C5B1,2006,-,-, N164GJ, 10256,United Express,Domestic Scheduled Passenger,GJS3693,Chicago-O'Hare International Airport,ORD,KORD,United States of America,Omaha-Eppley Airfield,OMA,KOMA,United States of America,4,65,0,0,-,-,Preliminary
20160104-0,Monday,04-JAN-2016,09:45,A1, Landing (LDG),"St. Petersburg-Clearwater International Airport, FL (PIE)",United States of America,1,0, Substantial, Written off (damaged beyond repair),Beechcraft 200 Super King Air,2,Pratt & Whitney Canada PT6A-41,1979,-,-, N275X, BB-502,Skyway Aircraft,Ferry/positioning,-,-,-,-,-,St. Petersburg-Clearwater International Airport,PIE,KPIE,United States of America,1,0,0,0,-,-,Final
20160105-0,Tuesday,05-JAN-2016,-,A2, Landing (LDG),Tres Esquinas Air Base (TQS),Colombia,2,0, Substantial,-,Basler BT-67 Turbo 67 (AC-47T),2,Pratt & Whitney Canada PT6A-67R,1945,-,-, FAC-1658, 32541/15793,Colombian AF,Military,-,-,-,-,-,Tres Esquinas Air Base,TQS,SKTQ,Colombia,2,0,0,0,-,-,Preliminary
20160108-0,Friday,08-JAN-2016,00:20,A1, En route (ENR),near Oajevágge,Sweden,2,2, Destroyed, Written off (damaged beyond repair),Canadair CL-600-2B19 Regional Jet CRJ-200PF,2,General Electric CF34-3B1,1993,31036.0,38601.0, SE-DUX, 7010,West Air Sweden,Cargo,PT294,Oslo-Gardermoen Airport,OSL,ENGM,Norway,Tromsø/Langnes Airport,TOS,ENTC,Norway,2,0,2,0,-,-,Final
20160109-0,Saturday,09-JAN-2016,00:23,A1, Landing (LDG),"Rondonópolis-Maestro Marinho Franco Airport, MT (ROO)",Brazil,58,0, Substantial, Written off (damaged beyond repair),ATR 72-212A (ATR-72-500),2,Pratt & Whitney Canada PW127F,1998,-,-, PR-PDD, 562,Passaredo Linhas Aéreas,Domestic Scheduled Passenger,2Z2330,Brasília International Airport,BSB,SBBR,Brazil,Rondonópolis-Maestro Marinho Franco Airport,ROO,SWRD,Brazil,4,54,0,0,-,-,Preliminary - official
20160110-0,Sunday,10-JAN-2016,22:00,A2, Standing (STD),San Juan-Luis Muñoz Marín International Airport (SJU),Puerto Rico,5,0, Substantial, Repaired,Beechcraft B200 Super King Air,2,Pratt & Whitney Canada PT6A-42,1982,-,12545.0, N87SA, BB-1089,Island Airlines,Domestic Non Scheduled Passenger,-,Saint Croix-Henry E. Rohlsen Airport,STX,TISX,U.S. Virgin Islands,San Juan-Luis Muñoz Marín International Airport,SJU,TJSJ,Puerto Rico,5,0,0,0,-,-,Final
20160114-0,Thursday,14-JAN-2016,15:30,A2, Approach (APR),near Windhoek-Hosea Kutako International Airport (WDH),Namibia,110,0, Substantial, Repaired,Airbus A319-112,2,CFMI CFM56-5B6/3,2007,-,-, V5-ANL, 3346,Air Namibia,International Scheduled Passenger,SW304,Luanda-4 de Fevereiro Airport,LAD,FNLU,Angola,Windhoek-Hosea Kutako International Airport,WDH,FYWE,Namibia,-,-,0,0,-,-,Preliminary
20160115-0,Friday,15-JAN-2016,10:23,A2, Landing (LDG),"Hooper Bay Airport, AK (HPB)",United States of America,9,0, Substantial, Repaired,Cessna 208B Grand Caravan,1,Pratt & Whitney Canada PT6A-114A,2001,-,14440.0, N104AN, 208B0918,Grant Aviation,Domestic Scheduled Passenger,-,Chevak Airport,VAK,PAVA,United States of America,Hooper Bay Airport,HPB,PAHP,United States of America,1,8,0,0,-,-,Final
20160117-0,Sunday,17-JAN-2016,05:24,C1, Standing (STD),Corral Viejo,Colombia,-,0, Damaged beyond repair,-,IRMA/Britten-Norman BN-2A-21 Islander,-,-,1977,-,-, (N90460), 820,Unknown,Illegal Flight,-,-,-,-,-,-,-,-,-,-,-,0,0,-,-,-
20160118-0,Monday,18-JAN-2016,10:00,A1, En route (ENR),"1,9 km (1.2 mls) SW of Cedar Fort, UT",United States of America,2,2, Destroyed, Written off (damaged beyond repair),Cessna 525 CitationJet,2,Williams International FJ44-1A,1999,-,2304.0, N711BX, 525-0299,Private,Private,-,Salt Lake City International Airport,SLC,KSLC,United States of America,Tucson International Airport,TUS,KTUS,United States of America,1,1,1,1,-,-,Final
20160118-1,Monday,18-JAN-2016,14:26,A1, Landing (LDG),"Scottsdale Airport, AZ (SCF)",United States of America,4,0, Substantial,-,Dassault Falcon 20F-5,2,Garrett TFE731,1978,-,12672.0, N706SB, 383,Sterling LIHTC,Unknown,-,Saint Louis-Spirit of St. Louis Airport,SUS,KSUS,United States of America,Scottsdale Airport,SCF,KSDL,United States of America,-,-,0,0,-,-,Preliminary
20160120-0,Wednesday,20-JAN-2016,-,A2, Takeoff (TOF),Amundsen-Scott South Pole Station,Antarctica,2,0, Substantial, Repaired,de Havilland Canada DHC-6 Twin Otter 300,2,Pratt & Whitney Canada PT6A-34,1971,-,-, C-GCKB, 312,Kenn Borek Air,Ferry/positioning,-,-,-,-,-,-,-,-,-,2,0,0,0,-,-,-
20160121-0,Thursday,21-JAN-2016,06:16,A2, Landing (LDG),"Toronto-Pearson International Airport, ON (YYZ)",Canada,2,0, Substantial, Repaired,Cessna 560XL Citation Excel,-,-,-,-,-, C-GCXL, 560-5096,Airsprint,Unknown,ASP596,Montreal-Pierre Elliott Trudeau International Airport,YUL,CYUL,Canada,Toronto-Pearson International Airport,YYZ,CYYZ,Canada,2,0,0,0,-,-,Preliminary - official
20160128-0,Thursday,28-JAN-2016,15:28,A1, Landing (LDG),"Chance Bay, Whitsunday Island, QLD",Australia,11,0, Substantial, Written off (damaged beyond repair),Cessna 208 Caravan I,1,Pratt & Whitney Canada PT6A-114,2010,-,-, VH-WTY, 20800522,Hamilton Island Air,Passenger,-,Hamilton Island Airport,HTI,YBHM,Australia,-,-,-,-,1,10,0,0,-,-,Preliminary - official
20160128-1,Thursday,28-JAN-2016,16:30,A1, Landing (LDG),Mashhad Airport (MHD),Iran,162,0, Substantial, Written off (damaged beyond repair),McDonnell Douglas MD-83,2,Pratt & Whitney JT8D-219,1990,30255.0,51446.0, EP-ZAB, 49930/1720,Zagros Air,Domestic Scheduled Passenger,ZV4010,Isfahan-Shahid Beheshti Airport,IFN,OIFM,Iran,Mashhad Airport,MHD,OIMM,Iran,8,154,0,0,-,-,Final
20160130-0,Saturday,30-JAN-2016,07:38,A2, Landing (LDG),Querétaro Airport (QRO),Mexico,-,0, Substantial,-,Rockwell Sabreliner 80,2,General Electric CF700,1977,-,10195.0, N380CF, 380-51,private,Illegal Flight,-,Celaya-Capitán Rogelio Castillo National Airport,CYW,MMCY,Mexico,Querétaro Intercontinental Airport,QRO,MMQT,Mexico,-,-,0,0,-,-,Preliminary
20160202-0,Tuesday,02-FEB-2016,11:45,C1, En route (ENR),near Mogadishu International Airport (MGQ),Somalia,81,1, Substantial,-,Airbus A321-111,2,CFMI CFM56-5B1,1997,-,-, SX-BHS, 642, Hermes Airlines,International Scheduled Passenger,D3159,Mogadishu International Airport,MGQ,HCMM,Somalia,Djibouti-Ambouli Airport,JIB,HDAM,Djibouti,-,-,0,1,-,-,Preliminary
20160204-0,Thursday,04-FEB-2016,-,O1, Standing (STD),København-Kastrup Airport (CPH),Denmark,3,0, Substantial, Written off (damaged beyond repair),Canadair CL-600-2D24 Regional Jet CRJ-900ER,2,General Electric CF34-8C5,2009,-,-, OY-KFC, 15218,SAS,-,-,-,-,-,-,-,-,-,-,3,0,0,0,-,-,Preliminary
20160204-1,Thursday,04-FEB-2016,18:17,A2, Landing (LDG),"Montreal-St. Hubert Airport, QC (YHU)",Canada,2,0, Substantial,-,Beechcraft B100 King Air,2,Garrett TPE331-6-252B,1982,-,-, C-GSWG, BE-131,Max Aviation,Training,MAX160,Montreal-St. Hubert Airport,YHU,CYHU,Canada,Montreal-St. Hubert Airport,YHU,CYHU,Canada,2,0,0,0,-,-,Preliminary - official
20160206-0,Saturday,06-FEB-2016,12:44,A1, En route (ENR),"Gay, Orenburg Oblast",Russia,3,3, Destroyed, Written off (damaged beyond repair),Antonov An-2R,1,Shvetsov ASh-62IR,1986,20236.0,6952.0, RA-40204, 1G219-54,Light Air,Survey/research,-,-,-,-,-,Orsk Airport,OSW,UWOR,Russia,2,1,2,1,-,-,Final
20160207-0,Sunday,07-FEB-2016,14:30,A2, Standing (STD),Chambéry Airport (CMF),France,2,0, Substantial,-,Cessna 525A CitationJet CJ2,2,Williams International FJ44-2C,2003,-,-, D-ISCO, 525A-0151,Windrose Air,Ferry/positioning,-,Chambéry Airport,CMF,LFLB,France,Poznan-Lawica Airport,POZ,EPPO,Poland,2,0,0,0,-,-,Final
20160210-0,Wednesday,10-FEB-2016,09:45,A1, Initial climb (ICL),"0,6 km (0.4 mls) N of Naypyidaw International Airport (NYT)",Myanmar,5,5, Destroyed, Written off (damaged beyond repair),Beechcraft 1900D,-,-,1995,-,-, 4601, UE-177,Myanmar Air Force,Military,-,Naypyidaw International Airport,NYT,VYNT,Myanmar,-,-,-,-,-,-,-,-,-,-,Preliminary
20160212-0,Friday,12-FEB-2016,07:00,A2, En route (ENR),"near Iliamna, AK",United States of America,5,0, Substantial, Repaired,Lockheed L-100-30 Hercules,4,Allison 501-D22A,1975,35421.0,55393.0, N401LC, 4606,Lynden Air Cargo,Cargo,LYC401,Bethel Airport,BET,PABE,United States of America,Anchorage-Elmendorf AFB,EDF,PAED,United States of America,5,0,0,0,-,-,Final
20160220-0,Saturday,20-FEB-2016,14:10,O1, Standing (STD),"Orlando International Airport, FL (MCO)",United States of America,0,0, Damaged beyond repair,-,Cessna 525 Citation M2,2,Williams International FJ44-1AP,2014,-,-, N214RT, 525-0852,private,-,-,-,-,-,-,-,-,-,-,0,0,0,0,-,-,-
20160223-0,Tuesday,23-FEB-2016,23:25,A2, Landing (LDG),"Saint Louis-Lambert International Airport, MO (STL)",United States of America,33,0, Substantial, Repaired,Embraer ERJ-145MP,2,Allison AE3007A1/1,2001,-,-, N856HK, 145441,Trans States Airlines,Domestic Scheduled Passenger,AX4615,Chicago-O'Hare International Airport,ORD,KORD,United States of America,Saint Louis-Lambert International Airport,STL,KSTL,United States of America,3,30,0,0,-,-,Preliminary - official
20160224-0,Wednesday,24-FEB-2016,08:15,A1, En route (ENR),"Dana, Myagdi district",Nepal,23,23, Destroyed, Written off (damaged beyond repair),Viking Air DHC-6 Twin Otter 400,2,Pratt & Whitney Canada PT6A-34,2015,482.0,270.0, 9N-AHH, 926, Tara Air,Domestic Scheduled Passenger,TB193,Pokhara Airport,PKR,VNPK,Nepal,Jomsom Airport,JMO,VNJS,Nepal,3,20,3,20,-,-,Final
20160226-0,Friday,26-FEB-2016,08:40,A1, Unknown (UNK),off Kuala Selangor,Malaysia,8,0, Damaged beyond repair,-,IPTN/CASA CN-235M-VIP,-,-,2005,-,-, M44-07, N.055,Royal Malaysian AF,Military,-,Kuala Lumpur-Sultan Abdul Aziz Shah Airport,SZB,WMSA,Malaysia,-,-,-,-,8,0,0,0,-,-,Preliminary
20160302-0,Wednesday,02-MAR-2016,08:00,A2, En route (ENR),"near Bangor, ME",United States of America,1,0, Substantial,-,Beechcraft 99A Airliner,2,Pratt & Whitney Canada PT6A-27,1970,-,13548.0, N198WA, U-142,Wiggins Airways,Cargo,WIG1090,Manchester Municipal Airport,MHT,KMHT,United States of America,Rockland-Knox County Regional Airport,RKD,KRKD,United States of America,1,0,0,0,-,-,Final
20160303-0,Thursday,03-MAR-2016,-,A1, Unknown (UNK),near Langebaanweg Air Force Base,South Africa,2,0, Damaged beyond repair,-,Cessna 208 Caravan I,1,Pratt & Whitney Canada PT6A-114,1988,-,-, 3004, 20800130,South African AF,Military,-,Langebaanweg Air Force Base,SDB,FALW,South Africa,-,-,-,-,2,0,0,0,-,-,Preliminary
20160303-1,Thursday,03-MAR-2016,21:52,A2, Landing (LDG),Mumbai-Chhatrapati Shivaji International Airport (BOM),India,128,0, Substantial, Repaired,Boeing 737-95R,2,CFMI CFM56-7B24,2003,21426.0,36560.0, VT-JGD, 33740/1350,Jet Airways,Domestic Scheduled Passenger,9W354,Delhi-Indira Gandhi International Airport,DEL,VIDP,India,Mumbai-Chhatrapati Shivaji International Airport,BOM,VABB,India,8,120,0,0,-,-,Final
20160305-0,Saturday,05-MAR-2016,-,A2, En route (ENR),near Kawrgosk,Iraq,4,0, Substantial, Written off (damaged beyond repair),Beechcraft B300 Super King Air 350,2,Pratt & Whitney Canada PT6A-60A,2011,-,-, N6351V, FL-751,US Army,Military,-,Erbil International Airport,EBL,ORER,Iraq,-,-,-,-,2,2,0,0,-,-,Preliminary
20160305-1,Saturday,05-MAR-2016,06:31,A2, Landing (LDG),"Albuquerque Sunport Airport, NM (ABQ)",United States of America,2,0, Substantial, Repaired,Boeing 767-34AFER (WL),2,General Electric CF6-80C2B6F,1995,-,-, N305UP, 27243/600,UPS,Cargo,UP916,Louisville International Airport,SDF,KSDF,United States of America,Albuquerque Sunport Airport,ABQ,KABQ,United States of America,2,0,0,0,-,-,Final
20160307-0,Monday,07-MAR-2016,11:07,I2, Taxi (TXI),Basel/Mulhouse/Freiburg EuroAirport (BSL),France,-,0, None,-,Embraer ERJ-190STD (ERJ-190-100),2,General Electric CF34-10E5,2014,-,-, PH-EXB, 19000658,KLM Cityhopper,International Scheduled Passenger,KL1986,Basel/Mulhouse/Freiburg EuroAirport,BSL,LFSB,France,Amsterdam-Schiphol International Airport,AMS,EHAM,Netherlands,-,-,0,0,-,-,Final
20160307-1,Monday,07-MAR-2016,11:07,I2, Takeoff (TOF),Basel/Mulhouse/Freiburg EuroAirport (BSL),France,-,0, None,-,Dornier 328-110,2,Pratt & Whitney Canada PW119B,1996,-,-, HB-AEO, 3061,SkyWork Airlines,International Scheduled Passenger,SX521,Basel/Mulhouse/Freiburg EuroAirport,BSL,LFSB,France,Berne-Belp Airport,BRN,LSZB,Switzerland,-,-,0,0,-,-,Final
20160309-0,Wednesday,09-MAR-2016,09:05,A1, Approach (APR),3 km (1.9 mls) W off  Cox's Bazar Airport (CXB),Bangladesh,4,3, Destroyed, Written off (damaged beyond repair),Antonov An-26B,2,Ivchenko AI-24VT,1984,17299.0,16379.0, S2-AGZ, 13408,True Aviation,Cargo,-,Cox's Bazar Airport,CXB,VGCB,Bangladesh,Jessore Airport,JSR,VGJR,Bangladesh,4,0,3,0,-,-,Final
20160313-0,Sunday,13-MAR-2016,-,A2, Landing (LDG),Saint-Barthélémy Airport (SBH),Guadeloupe,-,0, Substantial,-,Britten-Norman BN-2B-20 Islander,2,Lycoming O-540-K1B5,1997,-,-, VP-ACT, 2294,Anguilla Air Services,International Scheduled Passenger,-,Anguilla-Wallblake Airport,AXA,TQPF,Anguilla,Saint-Barthélémy Airport,SBH,TFFJ,Guadeloupe,-,-,0,0,-,-,Preliminary - official
20160314-0,Monday,14-MAR-2016,15:08,A2, Landing (LDG),"Rome-Richard B Russell Airport, GA (RMG)",United States of America,2,0, Substantial,-,Raytheon Beechjet 400A,2,Williams International FJ44-3AP,2005,-,-, N465FL, RK-426,Flight Options,Ferry/positioning,-,Jackson-Reynolds Municipal Airport,JXN,KJXN,United States of America,Rome-Richard B Russell Airport,RMG,KRMG,United States of America,2,0,0,0,-,-,Preliminary - official
20160315-0,Tuesday,15-MAR-2016,14:30,A1, En route (ENR),"Hacienda la Palmira, Pastaza",Ecuador,22,22, Destroyed, Written off (damaged beyond repair),IAI Arava 201,-,-,1992,-,-, E-206, 0090,Ecuador Army,Military,-,Pastaza Airport,PTZ,SESM,Ecuador,Pastaza Airport,PTZ,SESM,Ecuador,3,19,3,19,-,-,-
20160316-0,Wednesday,16-MAR-2016,-,A1, En route (ENR),Hawijah,Iraq,3,3, Damaged beyond repair,-,Cessna AC-208B Combat Caravan,-,-,2008,-,-, YI-119, 208B1309,Iraqi AF,Military,-,-,-,-,-,-,-,-,-,3,0,3,0,-,-,-
20160318-0,Friday,18-MAR-2016,08:20,A2, Takeoff (TOF),Karachi-Jinnah International Airport (KHI),Pakistan,21,0, Substantial,-,Beechcraft 1900D,2,Pratt & Whitney Canada PT6A-67D,1993,30623.0,19574.0, AP-BII, UE-45,ASSL,Domestic Non Scheduled Passenger,-,Karachi-Jinnah International Airport,KHI,OPKC,Pakistan,Sui Airport,SUL,OPSU,Pakistan,3,18,0,0,-,-,Final
20160319-0,Saturday,19-MAR-2016,03:42,A1, Approach (APR),Rostov Airport (ROV),Russia,62,62, Destroyed, Written off (damaged beyond repair),Boeing 737-8KN (WL),2,CFMI CFM56-7B27,2010,9421.0,21257.0, A6-FDN, 	40241/3517,flydubai,International Scheduled Passenger,FZ981,Dubai Airport,DXB,OMDB,United Arab Emirates,Rostov Airport,ROV,URRR,Russia,7,55,7,55,-,-,Final
20160322-0,Tuesday,22-MAR-2016,16:38,A1, Landing (LDG),"Río Grande Airport, TF (RGA)",Argentina,3,0, Substantial, Written off (damaged beyond repair),Swearingen SA226-TC Metro II,2,Garrett TPE331-3UW-304G,1980,19095.0,20733.0, LV-ZEB, TC-393,CEDMA Aviación,Unknown,-,Trelew-Almirante Zar Airport,REL,SAVT,Argentina,Río Grande Airport,RGA,SAWE,Argentina,2,1,0,0,-,-,Final
20160323-0,Wednesday,23-MAR-2016,13:19,A1, Landing (LDG),Florence-Peretola Airport (FLR),Italy,-,0, Substantial, Written off (damaged beyond repair),Avro RJ85,4,Lycoming LF507-1F,1999,-,-, EI-RJG, E2344,CityJet,International Scheduled Passenger,WX281,London City Airport,LCY,EGLC,United Kingdom,Florence-Peretola Airport,FLR,LIRQ,Italy,-,-,0,0,-,-,Preliminary - official
20160327-0,Sunday,27-MAR-2016,10:37,A1, Landing (LDG),Astana International Airport (TSE),Kazakhstan,121,0, Substantial,-,Fokker 100,2,Rolls-Royce Tay 650-15,1992,-,-, UP-F1012, 11426,Bek Air,Domestic Scheduled Passenger,Z92041,Kzyl-Orda Airport,KZO,UAOO,Kazakhstan,Astana International Airport,TSE,UACC,Kazakhstan,5,116,0,0,-,-,Preliminary - official
20160329-0,Tuesday,29-MAR-2016,-,H2, En route (ENR),Larnaca Airport (LCA),Cyprus,64,0, None,-,Airbus A320-232,2,IAE V2527-A5,2003,-,-, SU-GCB, 2079,EgyptAir,Domestic Scheduled Passenger,MS181,Alexandria-Borg El Arab Airport,HBE,HEBA,Egypt,Cairo International Airport,CAI,HECA,Egypt,7,57,0,0,-,-,Preliminary
20160329-1,Tuesday,29-MAR-2016,-,A2, Takeoff (TOF),Rostov Airport (ROV),Russia,-,0, Substantial,-,Antonov An-26RT,-,-,1982,-,-, 09 blue, 12202,Russian AF,Military,-,Rostov Airport,ROV,URRR,Russia,-,-,-,-,-,-,0,0,-,-,-
20160401-0,Friday,01-APR-2016,09:17,A1, En route (ENR),111 km (69.4 mls) W of Durango-Guadalupe Victoria Airport (DGO),Mexico,10,3, Destroyed, Written off (damaged beyond repair),Cessna 208B Grand Caravan,1,Pratt & Whitney Canada PT6A-114A,2009,-,4027.0, XA-ULU, 208B2104,Aéreo Servicios Empresariales,Domestic Non Scheduled Passenger,-,-,-,-,-,Durango-Guadalupe Victoria Airport,DGO,MMDO,Mexico,1,9,0,3,-,-,Final
20160403-0,Sunday,03-APR-2016,07:32,A2, Initial climb (ICL),"1 km (0.6 mls) E of Aksarino, Zainsky district",Russia,1,0, Substantial,-,Antonov An-2R,-,-,1979,-,6782.0, RA-54828, 1G184-35,Technoservice-A,Agricultural,-,-,-,-,-,-,-,-,-,1,0,0,0,-,-,Final
20160404-0,Monday,04-APR-2016,19:57,A2, Takeoff (TOF),Jakarta-Halim Perdana Kusuma Airport (HLP),Indonesia,56,0, Substantial, Repaired,Boeing 737-8GP (WL),2,CFMI CFM56-7B24E,2014,1907.0,3113.0, PK-LBS, 39827/5157,Batik Air,Domestic Scheduled Passenger,ID7703,Jakarta-Halim Perdana Kusuma Airport,HLP,WIHH,Indonesia,Ujung Pandang-Hasanudin Airport,UPG,WAAA,Indonesia,7,49,0,0,-,-,Final
20160404-1,Monday,04-APR-2016,19:57,A2, Pushback / towing (PBT),Jakarta-Halim Perdana Kusuma Airport (HLP),Indonesia,2,0, Damaged beyond repair,-,ATR 42-600,2,Pratt & Whitney Canada PW127M,2014,1038.0,2073.0, PK-TNJ, 1015,TransNusa Aviation Mandiri,-,-,-,-,-,-,-,-,-,-,2,0,0,0,-,-,Final
20160404-2,Monday,04-APR-2016,07:14,A2, Initial climb (ICL),"ca 6,5 km W of Macapá Internacional Airport, AP (MCP)",Brazil,5,0, Substantial, Repaired,Cessna 208B Grand Caravan,1,Pratt & Whitney Canada PT6A-114A,2010,-,-, PR-CRF, 208B2227,Two Táxi Aéreo,Domestic Non Scheduled Passenger,-,Macapá Internacional Airport,MCP,SBMQ,Brazil,Monte Dourado Airport,MEU,SBMD,Brazil,2,3,0,0,-,-,Final
20160406-0,Wednesday,06-APR-2016,14:35,A1, En route (ENR),10 km (6.3 mls) N of Kanoya Air Base,Japan,6,6, Destroyed, Written off (damaged beyond repair),Raytheon U-125 (Hawker 800),-,-,1993,-,-, 49-3043, 258242,JASDF,Military,-,-,-,-,-,-,-,-,-,6,0,6,0,-,-,Final
20160407-0,Thursday,07-APR-2016,06:25,A1, Takeoff (TOF),"2,6 km (1.6 mls) SW of Puerto Gaitán Airport",Colombia,3,0, Destroyed, Written off (damaged beyond repair),Douglas C-47A-5-DK (DC-3),2,Pratt & Whitney R-1830-92,1944,-,23291.0, HK-2663, 12352,Aerolineas Llaneras - Arall,Domestic Non Scheduled Passenger,-,-,-,-,-,Villavicencio Airport,VVC,SKVV,Colombia,3,0,0,0,-,-,Final
20160409-0,Saturday,09-APR-2016,17:00,A2, Landing (LDG),"Fentress Airpark, TX",United States of America,2,0, Substantial,-,de Havilland Canada DHC-6 Twin Otter 100,2,Pratt & Whitney Canada PT6A-60A,1966,-,53624.0, N122PM, 15,Skydive San Marcos,Parachuting,-,-,-,-,-,-,-,-,-,2,0,0,0,-,-,Final
20160413-0,Wednesday,13-APR-2016,14:20,A1, Approach (APR),"1,2 km (0.8 mls) W of Kiunga Airport (UNG)",Papua New Guinea,12,12, Destroyed, Written off (damaged beyond repair),PADC/Pilatus Britten-Norman BN-2T Islander,2,Allison 250-B17C,1983,2886.0,2407.0, P2-SBC, 3010,Sunbird Aviation,Domestic Non Scheduled Passenger,-,Tekin Airport,TKW,AYTN,Papua New Guinea,Kiunga Airport,UNG,AYKI,Papua New Guinea,1,11,1,11,-,-,Final
20160414-0,Thursday,14-APR-2016,14:20,A1, Unknown (UNK),"Maryevka, Pestravsky district",Russia,1,1, Damaged beyond repair,-,Antonov An-2,-,-,-,-,-, registration unknown,-,Unknown,Agricultural,-,-,-,-,-,-,-,-,-,1,0,1,0,-,-,Preliminary
20160420-0,Wednesday,20-APR-2016,21:30,A2, Landing (LDG),"Gander Airport, NL (YQX)",Canada,16,0, Substantial,-,Beechcraft 1900D,2,Pratt & Whitney Canada PT6A-67D,1994,-,32959.0, C-FEVA, UE-126,Air Canada Express,Domestic Scheduled Passenger,AC7804,Goose Bay Airport,YYR,CYYR,Canada,Gander Airport,YQX,CYQX,Canada,2,14,0,0,-,-,Final
20160421-0,Thursday,21-APR-2016,14:40,A2, Landing (LDG),"Porto Seguro-Terravista Golf Club Airport, BA",Brazil,10,0, Substantial, Written off (damaged beyond repair),Beechcraft 300 Super King Air,-,-,1985,-,-, PT-MCM, FA-52,Agropecuária Otura,Domestic Non Scheduled Passenger,-,Rio de Janeiro-Santos Dumont Airport,SDU,SBRJ,Brazil,-,-,-,-,1,9,0,0,-,-,Final
20160424-0,Sunday,24-APR-2016,15:20,A1, Landing (LDG),Gerona-Costa Brava Airport (GRO),Spain,2,0, Substantial, Written off (damaged beyond repair),Swearingen SA226-AT Merlin IVA,2,Garrett TPE331-10UA-511G,1977,-,16099.0, EC-GFK, AT-062,Flightline,Training,-,Gerona-Costa Brava Airport,GRO,LEGE,Spain,Gerona-Costa Brava Airport,GRO,LEGE,Spain,2,0,0,0,-,-,Final
20160428-0,Thursday,28-APR-2016,07:51,A1, Landing (LDG),Cuenca-Mariscal Lamar International Airport (CUE),Ecuador,93,0, Substantial, Written off (damaged beyond repair),Embraer ERJ 190-100 IGW (ERJ-190AR),2,General Electric CF34-10E6,2010,9707.0,11569.0, HC-COX, 19000372,TAME Ecuador,Domestic Scheduled Passenger,EQ173,Quito-Mariscal Sucre Airport,UIO,SEQU,Ecuador,Cuenca-Mariscal Lamar International Airport,CUE,SECU,Ecuador,6,87,0,0,-,-,Final
20160430-0,Saturday,30-APR-2016,11:34,A2, Landing (LDG),Catania-Fontanarossa Airport (CTA),Italy,21,0, Unknown,-,Fokker 50,2,Pratt & Whitney Canada PW125B,1988,-,-, SE-LEZ, 20128,Air Vallée,Domestic Scheduled Passenger,W21908,Rimini Airport,RMI,LIPR,Italy,Catania-Fontanarossa Airport,CTA,LICC,Italy,3,18,0,0,-,-,Preliminary
20160430-1,Saturday,30-APR-2016,-,A1, Approach (APR),near El Obeid Airport (EBD),Sudan,5,5, Damaged beyond repair,-,Antonov An-26,-,-,-,-,-, registration unknown,-,Sudan AF,Military,-,-,-,-,-,El Obeid Airport,EBD,HSOB,Sudan,5,0,5,0,-,-,Preliminary
20160505-0,Thursday,05-MAY-2016,16:11,A1, Landing (LDG),"Manning Airport, AB",Canada,2,0, Substantial, Written off (damaged beyond repair),Convair CV-580 Airtanker,2,Allison 501-D13D,1953,-,-, C-FEKF, 80,Conair Aviation,Fire fighting,-,-,-,-,-,-,-,-,-,2,0,0,0,-,-,Preliminary - official
20160506-0,Friday,06-MAY-2016,12:00,A1, Approach (APR),"1,3 km (0.8 mls) N of San Bernardino International Airport, CA (SBD)",United States of America,2,0, Substantial, Written off (damaged beyond repair),Antonov An-2R,1,Shvetsov ASh-62IR,1985,-,2924.0, N2AN, 1G210-55,American Airpower,Training,-,Upland-Cable Airport,CCB,KCCB,United States of America,San Bernardino International Airport,SBD,KSBD,United States of America,1,1,0,0,-,-,Final
20160507-0,Saturday,07-MAY-2016,19:41,A2, Landing (LDG),Indore Airport (IDR),India,70,0, Substantial, Repaired,ATR 72-600 (72-212A),2,Pratt & Whitney Canada PW127M,2012,-,-, VT-JCX, 1056,Jet Airways,Domestic Scheduled Passenger,9W2793,Delhi-Indira Gandhi International Airport,DEL,VIDP,India,Indore Airport,IDR,VAID,India,4,66,0,0,-,-,Final
20160510-0,Tuesday,10-MAY-2016,01:22,A2, Initial climb (ICL),"Phoenix-Sky Harbor International Airport, AZ (PHX)",United States of America,-,0, Substantial, Repaired,Airbus A321-211,2,CFMI CFM56-5B3/P,2001,-,-, N189UW, 1425,American Airlines,Domestic Scheduled Passenger,AA423,Phoenix-Sky Harbor International Airport,PHX,KPHX,United States of America,Charlotte-Douglas International Airport,CLT,KCLT,United States of America,-,-,0,0,-,-,Preliminary - official
20160510-1,Tuesday,10-MAY-2016,17:30,A2, Landing (LDG),"Dexter Municipal Airport, MO",United States of America,4,0, Substantial,-,Beechcraft B100 King Air,2,Garrett TPE331-6-251,1977,-,17777.0, N86TR, BE-22,Dexter Air,Training,-,Jonesboro Airport,JBR,KJBR,United States of America,-,-,-,-,2,2,0,0,-,-,Final
20160511-0,Wednesday,11-MAY-2016,08:34,A2, Taxi (TXI),Paris-Charles de Gaulle Airport (CDG),France,64,0, Substantial, Repaired,Airbus A320-214,2,CFMI CFM56-5B4/P,2002,-,-, F-GKXJ, 1900,Air France,International Scheduled Passenger,AF1084,Paris-Charles de Gaulle Airport,CDG,LFPG,France,Tunis-Carthage Airport,TUN,DTTA,Tunisia,5,59,0,0,-,-,Final
20160511-1,Wednesday,11-MAY-2016,08:34,A2, Pushback / towing (PBT),Paris-Charles de Gaulle Airport (CDG),France,1,0, Substantial, Repaired,Boeing 777-328ER,2,General Electric GE90-115B,2016,-,-, F-GZNT, 38705/1385,Air France,-,-,-,-,-,-,-,-,-,-,1,0,0,0,-,-,Final
20160511-2,Wednesday,11-MAY-2016,-,A2, Landing (LDG),Kota Kinabalu Airport (BKI),Malaysia,-,0, Minor, Repaired,Boeing 737-9GPER (WL),2,CFMI CFM56-7B26E,2013,-,-, 9M-LNK, 38737/4600,Malindo Airways,Domestic Scheduled Passenger,-,Kuala Lumpur International Airport,KUL,WMKK,Malaysia,Kota Kinabalu Airport,BKI,WBKK,Malaysia,-,-,0,0,-,-,Final
20160512-0,Thursday,12-MAY-2016,14:13,A2, Initial climb (ICL),"ca 0,6 km E of Lodi Airport, CA",United States of America,18,0, Substantial,-,Cessna 208B Grand Caravan,1,Pratt & Whitney Canada PT6A-114A,1992,-,12848.0, N1114A, 208B0309,Parachute Center,Parachuting,-,-,-,-,-,-,-,-,-,1,17,0,0,-,-,Final
20160514-0,Saturday,14-MAY-2016,-,A2, Unknown (UNK),near Tequesquitengo,Mexico,-,0, Substantial,-,Cessna 208 Caravan I,-,-,-,-,-, XB-NLX,-,Unknown,Unknown,-,-,-,-,-,-,-,-,-,-,-,0,0,-,-,Preliminary
20160518-0,Wednesday,18-MAY-2016,14:01,A1, Takeoff (TOF),Dwyer Airport (DWR),Afghanistan,9,7, Destroyed, Written off (damaged beyond repair),Antonov An-12B,4,Ivchenko AI-20M-6,1963,9107.0,19828.0, 4K-AZ25, 3341209,Silk Way,Ferry/positioning,-,Dwyer Airport,DWR,OADY,Afghanistan,Mary Airport,MYP,UTAM,Turkmenistan,9,0,7,0,-,-,Preliminary - official
20160519-0,Thursday,19-MAY-2016,02:29,C1, En route (ENR),ca 200 km N of Egyptian coast,Mediterranean Sea,66,66, Destroyed, Written off (damaged beyond repair),Airbus A320-232,2,IAE V2527-A5,2003,-,-, SU-GCC, 2088,EgyptAir,International Scheduled Passenger,MS804,Paris-Charles de Gaulle Airport,CDG,LFPG,France,Cairo International Airport,CAI,HECA,Egypt,10,56,10,56,-,-,- (No safety board investigation)
20160523-0,Monday,23-MAY-2016,21:56,A2, En route (ENR),"near Texarkana, AR",United States of America,4,0, Substantial,-,Cessna 501 Citation I/SP,2,Williams International FJ44-2A,1980,-,7424.0, N804ST, 501-0146,Eagle II Aero,Private,-,-,-,-,-,San Antonio International Airport,SAT,KSAT,United States of America,1,3,0,0,-,-,Final
20160527-0,Friday,27-MAY-2016,12:38,A2, Takeoff (TOF),Tokyo-Haneda Airport (HND),Japan,319,0, Minor, Repaired,Boeing 777-3B5,2,Pratt & Whitney PW4098,1998,-,64028.0, HL7534, 27950/120,Korean Air,International Scheduled Passenger,KE2708,Tokyo-Haneda Airport,HND,RJTT,Japan,Seoul-Gimpo (Kimpo) International Airport,SEL,RKSS,South Korea,17,302,0,0,-,-,Final
20160528-0,Saturday,28-MAY-2016,-,A2, Pushback / towing (PBT),Manchester Airport (MAN),United Kingdom,-,0, Substantial, Repaired,Airbus A320-214,2,CFMI CFM56-5B4/P,2005,-,-, EC-JGM, 2407,Vueling,International Scheduled Passenger,VY8749,Manchester Airport,MAN,EGCC,United Kingdom,Barcelona-El Prat Airport,BCN,LEBL,Spain,-,-,0,0,-,-,Preliminary - official
20160603-0,Friday,03-JUN-2016,10:00,A2, Takeoff (TOF),Akobo Airport,South Sudan,5,0, Substantial,-,Cessna 208B Grand Caravan,1,Pratt & Whitney Canada PT6A-114A,2009,-,-, 5Y-JLL, 208B2158,Lady Lori (Kenya),Domestic Non Scheduled Passenger,-,-,-,-,-,Juba Airport,JUB,HSSJ,South Sudan,1,4,0,0,-,-,Preliminary - official
20160604-0,Saturday,04-JUN-2016,11:43,A2, Landing (LDG),Ilaga Airport (ILA),Indonesia,2,0, Substantial,-,Cessna 208B Grand Caravan EX,1,Pratt & Whitney Canada PT6A-140,-,-,-, PK-ICC,-,Pegasus Air Services,Cargo,-,Timika-Moses Kilangin (Tembagapura) Airport,TIM,WAYY,Indonesia,Ilaga Airport,ILA,WABL,Indonesia,2,0,0,0,-,-,Preliminary
20160604-1,Saturday,04-JUN-2016,-,A2, Landing (LDG),Yambio Airport,South Sudan,30,0, Substantial,-,Antonov An-30A-100,-,-,1977,-,-, TN-AHP, 1301,South Stone Airlines,Domestic Non Scheduled Passenger,-,-,-,-,-,-,-,-,-,-,-,0,0,-,-,Preliminary
20160605-0,Sunday,05-JUN-2016,23:14,A1, Approach (APR),18 km (11.3 mls) W of Neryungri Airport (NER),Russia,8,0, Substantial, Written off (damaged beyond repair),British Aerospace BAe-125-800B,2,Garrett TFE731-5R-1H,1991,8291.0,11013.0, RA-02773, 258192,Aerolimousine,Executive,9674,Tyumen-Roschino International Airport,TJM,USTR,Russia,Neryungri Airport,NER,UELL,Russia,3,5,0,0,-,-,Final
20160605-1,Sunday,05-JUN-2016,06:30,A2, Standing (STD),"Fort Dodge Airport, IA (FOD)",United States of America,9,0, Substantial, Repaired,Cessna 208B Grand Caravan,1,Pratt & Whitney Canada PT6A-114A,2004,-,6950.0, N750Z, 208B1054,Air Choice One,Passenger,-,Fort Dodge Airport,FOD,KFOD,United States of America,Saint Louis-Lambert International Airport,STL,KSTL,United States of America,2,7,0,0,-,-,Final
20160606-0,Monday,06-JUN-2016,22:43,A1, Takeoff (TOF),Seoul-Incheon International Airport (ICN),South Korea,4,0, Substantial, Written off (damaged beyond repair),McDonnell Douglas MD-11F,3,Pratt & Whitney PW4460,1995,11344.0,63195.0, N277UP, 	48578/588,UPS,Cargo,5X61,Seoul-Incheon International Airport,ICN,RKSI,South Korea,Anchorage-Ted Stevens International Airport,ANC,PANC,United States of America,4,0,0,0,-,-,Final
20160606-1,Monday,06-JUN-2016,23:17,A1, Landing (LDG),"Gainesville-J R Alison Municipal Airport, FL (GNV)",United States of America,-,0, Substantial, Written off (damaged beyond repair),Cessna 560 Citation Ultra,2,Pratt & Whitney Canada JT15D-5,1994,-,-, N145KK, 560-0276,Red Wing Aeroplane Company,Unknown,LAK761,Boston-Logan International Airport,BOS,KBOS,United States of America,Gainesville-J R Alison Municipal Airport,GNV,KGNV,United States of America,-,-,0,0,-,-,-
20160614-0,Tuesday,14-JUN-2016,-,A1, Landing (LDG),Bor Airport,South Sudan,3,0, Substantial,-,Antonov An-32A,-,-,1988,-,-, EK32120, 1604,Coco Aviation,Cargo,-,-,-,-,-,-,-,-,-,3,0,0,0,-,-,Preliminary
20160614-1,Tuesday,14-JUN-2016,07:58,A1, Landing (LDG),"Lolat, Yahukimo, Papua",Indonesia,3,0, Destroyed, Written off (damaged beyond repair),Cessna 208B Grand Caravan EX,1,Pratt & Whitney Canada PT6A-140,2014,-,53.0, PK-RCK, 208B5149,Associated Mission Aviation,Cargo,-,Wamena Airport,WMX,WAJW,Indonesia,-,-,-,-,1,2,0,0,-,-,Preliminary
20160614-2,Tuesday,14-JUN-2016,-,A2, Unknown (UNK),unknown,Indonesia,-,0, Substantial, Repaired,ATR 72-212A (ATR-72-600),2,Pratt & Whitney Canada PW127M,2013,-,-, PK-WGL, 1118,Wings Air,Unknown,-,-,-,-,-,-,-,-,-,-,-,0,0,-,-,Preliminary - official
20160616-0,Thursday,16-JUN-2016,13:05,A1, En route (ENR),ca 22 km SW off Bach Long Vi Island,Vietnam,9,9, Destroyed, Written off (damaged beyond repair),CASA C-212 Aviocar 400MPA,-,-,2012,-,-, 8983, 482,Vietnam Coast Guard,Military,-,-,-,-,-,-,-,-,-,3,6,3,6,-,-,-
20160619-0,Sunday,19-JUN-2016,13:35,A1, Landing (LDG),Khark Airport (KHK),Iran,89,0, Substantial, Written off (damaged beyond repair),British Aerospace BAe-146-300,4,Lycoming ALF502R-5,1989,-,-, EP-MOF, E3149,Mahan Air,Domestic Scheduled Passenger,W54525,Ahwaz Airport,AWZ,OIAW,Iran,Khark Airport,KHK,OIBQ,Iran,10,79,0,0,-,-,Final
20160619-1,Sunday,19-JUN-2016,15:35,A2, En route (ENR),"17 km (10.6 mls) NE of Homer-Beluga Lake Seaplane Base, AK",United States of America,2,0, Substantial, Repaired,de Havilland Canada DHC-3T Texas Turbine Otter,1,Garrett TPE331-10,1956,-,18395.0, N104BM, 118,Bald Mountain Air Services,Training,-,-,-,-,-,-,-,-,-,2,0,0,0,-,-,Final
20160621-0,Tuesday,21-JUN-2016,-,A2, Landing (LDG),Goma Airport (GOM),Democratic Republic of the Congo,-,0, Unknown,-,Dornier 228-202,-,-,1985,-,-, 9Q-CSL, 8069, Busy Bee Congo,Domestic Scheduled Passenger,-,Goma Airport,GOM,FZNA,Democratic Republic of the Congo,-,-,-,-,-,-,0,0,-,-,Preliminary
20160621-1,Tuesday,21-JUN-2016,14:39,A2, Landing (LDG),Lima-Jorge Chávez International Airport (LIM),Peru,2,0, Substantial,-,Beechcraft 200C Super King Air,-,-,1980,-,-, OB-2104-P, BL-14,Aer Caribe,Training,-,Lima-Jorge Chávez International Airport,LIM,SPJC,Peru,Lima-Jorge Chávez International Airport,LIM,SPJC,Peru,2,0,0,0,-,-,Preliminary - official
20160626-0,Sunday,26-JUN-2016,11:09,A1, En route (ENR),near Dervenochoria,Greece,2,0, Destroyed, Written off (damaged beyond repair),Canadair CL-215-1A10,2,Pratt & Whitney R-2800-83AM,1990,-,-, 1111, 1111,Hellenic AF,Fire fighting,-,Volos-Néa Anchialos Airport,VOL,LGBL,Greece,Volos-Néa Anchialos Airport,VOL,LGBL,Greece,2,0,0,0,-,-,Preliminary
20160626-1,Sunday,26-JUN-2016,-,A1, En route (ENR),Bereke,Kazakhstan,2,1, Damaged beyond repair,-,Antonov An-2R,-,-,1979,-,-, UP-A0273, 1G184-11,Tamshybulak,Agricultural,-,-,-,-,-,-,-,-,-,1,1,1,0,-,-,Preliminary - official
20160627-0,Monday,27-JUN-2016,06:49,A2, Landing (LDG),Singapore-Changi International Airport (SIN),Singapore,241,0, Substantial, Repaired,Boeing 777-312ER,2,General Electric GE90-115B,2006,-,-, 9V-SWB, 33377/592,Singapore Airlines,International Scheduled Passenger,SQ368,Singapore-Changi International Airport,SIN,WSSS,Singapore,Milano-Malpensa Airport,MXP,LIMC,Italy,19,222,0,0,-,-,Final
20160630-0,Thursday,30-JUN-2016,06:04,A1, Maneuvering (MNV),"2 km (1.3 mls) from  Novopokrovskoye, Balashov district",Russia,2,2, Destroyed, Written off (damaged beyond repair),Antonov An-2SX,1,Shvetsov ASh-62IR,1987,-,3370.0, RA-33462, 1G228-12,Krasnokutske Flight School of Civil Aviation,Agricultural,-,-,-,-,-,-,-,-,-,1,1,1,1,-,-,Final
20160701-0,Friday,01-JUL-2016,11:13,A1, En route (ENR),"9 km (5.6 mls) ESE Rybnyi Uyan, Kachug region",Russia,10,10, Destroyed, Written off (damaged beyond repair),Ilyushin Il-76TD,-,-,1994,3069.0,9064.0, RA-76840, 1033417553,Russian Ministry of Emergency Situations,Fire fighting,-,Irkutsk Airport,IKT,UIII,Russia,Irkutsk Airport,IKT,UIII,Russia,8,2,8,2,-,-,Preliminary - official
20160707-0,Thursday,07-JUL-2016,07:04,A2, Landing (LDG),Loei Airport (LOE),Thailand,-,0, Substantial, Repaired,de Havilland Canada DHC-8-402Q Dash 8,2,Pratt & Whitney Canada PW150A,2014,-,-, HS-DQC, 4479,Nok Air,Domestic Scheduled Passenger,DD9704,Bangkok-Don Muang International Airport,DMK,VTBD,Thailand,Loei Airport,LOE,VTUL,Thailand,-,-,0,0,-,-,Preliminary
20160711-0,Monday,11-JUL-2016,12:00,A1, Takeoff (TOF),Montijo Air Base,Portugal,7,3, Destroyed, Written off (damaged beyond repair),Lockheed C-130H Hercules,-,-,1978,-,-, 16804, 4777,Portuguese AF,Military,-,-,-,-,-,-,-,-,-,7,0,3,0,-,-,Preliminary
20169999-0,-,xx-xxx-2016,-,A1, Unknown (UNK),unknown,United States of America,-,0, Damaged beyond repair,-,Cessna 500 Citation I,-,-,1972,-,-, N628BS, 500-0045,Chippewa Aerospace,Unknown,-,-,-,-,-,-,-,-,-,-,-,0,0,-,-,-
