identifiant,week_day,date,time,type_event,phase,location,country,total_occupants,total_fatalities,aircraft_damage,aircraft_fate,type_aircraft,number_engines,type_engines,first_flight,cycles,total_airframe_hours,registration,c_n_msn,operator,nature,flight_number,departure_airport_name,departure_airport_IATA,departure_airport_ICAO,departure_airport_country,destination_airport_name,destination_airport_IATA,destination_airport_ICAO,destination_airport_country,crew_number,passengers_number,crew_fatalities,passengers_fatalities,collision_casualties,ground_casualties,status
19850101-0,Tuesday,01-JAN-1985,20:30,A1, En route (ENR),Nevado Illimani,Bolivia,29,29, Destroyed, Written off (damaged beyond repair),Boeing 727-225,3,Pratt & Whitney JT8D-17AR,1982,-,-, N819EA, 22556/1793,Eastern Air Lines,International Scheduled Passenger,EA980,Asunción-Silvio Pettirossi International Airport,ASU,SGAS,Paraguay,La Paz-El Alto Airport,LPB,SLLP,Bolivia,10,19,10,19,-,-,-
19850104-0,Friday,04-JAN-1985,-,H2, Standing (STD),"Cleveland-Hopkins International Airport, OH (CLE)",United States of America,27,0, None,-,Boeing 727-235,3,Pratt & Whitney JT8D-7B,1968,-,-, N4746, 19466/561,Pan Am,Domestic Scheduled Passenger,PA558,Cincinnati/Northern Kentucky Airport,CVG,KCVG,United States of America,Cleveland-Hopkins International Airport,CLE,KCLE,United States of America,-,-,0,0,-,-,-
19850108-0,Tuesday,08-JAN-1985,-,A1, Approach (APR),Bamyan,Afghanistan,20,0, Damaged beyond repair,-,de Havilland Canada DHC-6 Twin Otter 300,2,Pratt & Whitney Canada PT6A-27,1971,-,-, YA-GAY, 332,Bakhtar Afghan,Domestic Scheduled Passenger,-,-,-,-,-,Bamyan Airport,BIN,OABN,Afghanistan,3,17,0,0,-,-,-
19850108-1,Tuesday,08-JAN-1985,-,A1, Landing (LDG),Bangkok International Airport (BKK),Thailand,8,0, Damaged beyond repair,-,Fokker F-27 Friendship 200MAR,-,-,1984,-,-, 10665, 10665,Thai Navy,Military,-,U-Tapao Airport,UTP,VTBU,Thailand,Bangkok-Don Muang International Airport,BKK,VTBD,Thailand,2,6,0,0,-,-,-
19850109-0,Wednesday,09-JAN-1985,07:01,A1, Approach (APR),"ca 5 km NW from Kansas City Downtown Municipal Airport, MO (MKC)",United States of America,3,3, Destroyed, Written off (damaged beyond repair),Lockheed L-188AF Electra,4,Allison 501-D13,1959,-,-, N357Q, 1044,TPI,Cargo,-,Detroit-Metropolitan Wayne County Airport,DTW,KDTW,United States of America,Kansas City Downtown Municipal Airport,MKC,KMKC,United States of America,3,0,3,0,-,-,Final
19850109-1,Wednesday,09-JAN-1985,11:50,A2, Landing (LDG),"Baltimore/Washington International Airport, MD (BWI)",United States of America,2,0, Substantial,-,North American Rockwell T-39N Sabreliner,2,Pratt & Whitney JT12A-8 Turbo Wasp,-,-,9044.0, N1863T, 282-62,Westinghouse Electric Corp.,Executive,-,Baltimore/Washington International Airport,BWI,KBWI,United States of America,Baltimore/Washington International Airport,BWI,KBWI,United States of America,2,0,0,0,-,-,Final
19850110-0,Thursday,10-JAN-1985,-,A1, Approach (APR),"1,3 km (0.8 mls) from  Uralsk Airport (URA)",Kazakhstan,-,-, Damaged beyond repair,-,Ilyushin Il-14T,-,-,1958,-,11007.0, CCCP-06142, 148001843,MAP Moscow,Unknown,-,-,-,-,-,Uralsk Airport,URA,UARR,Kazakhstan,-,-,-,-,-,-,-
19850113-0,Sunday,13-JAN-1985,-,A1, Landing (LDG),Yogyakarta-Adisutjipto Airport (JOG),Indonesia,49,0, Damaged beyond repair,-,Vickers 806 Viscount,-,-,1958,-,-, PK-RVT, 268,Mandala Airlines,Domestic Scheduled Passenger,-,-,-,-,-,Yogyakarta-Adisutjipto Airport,JOG,WARJ,Indonesia,-,-,0,0,-,-,-
19850117-0,Thursday,17-JAN-1985,-,U1, Unknown (UNK),Lop Buri Air Base,Thailand,-,-, Damaged beyond repair,-,Douglas C-47A-65-DL (DC-3),-,-,1943,-,-, L2-6/90/536, 18999,Thai AF,Military,-,-,-,-,-,-,-,-,-,-,-,-,-,-,-,-
19850118-0,Friday,18-JAN-1985,-,A1, Approach (APR),near Jinan Airport (TNA),China,41,38, Damaged beyond repair,-,Antonov An-24V,-,-,1972,-,-, B-434, 27308110,CAAC,Domestic Scheduled Passenger,5109,Nanjing Dajiaochang Airport,NKG,ZSNJ,China,Jinan Airport,TNA,ZSTN,China,6,35,6,32,-,-,-
19850118-1,Friday,18-JAN-1985,-,O1, Standing (STD),"Brisbane International Airport, QLD (BNE)",Australia,0,0, Damaged beyond repair,-,GAF Nomad N.22B,-,-,1976,-,-, VH-BFH,  35,Barrier Reef Airways,-,-,-,-,-,-,-,-,-,-,0,0,0,0,-,-,-
19850118-2,Friday,18-JAN-1985,-,H2, En route (ENR),"Orlando International Airport, FL (MCO)",United States of America,132,0, None,-,Airbus A300B4,-,-,-,-,-, registration unknown,-,Eastern Air Lines,Domestic Scheduled Passenger,EA403,Newark International Airport,EWR,KEWR,United States of America,Miami International Airport,MIA,KMIA,United States of America,9,123,0,0,-,-,-
19850119-0,Saturday,19-JAN-1985,08:22,A1, En route (ENR),near San José de los Lajas,Cuba,38,38, Damaged beyond repair,-,Ilyushin Il-18D,-,-,1968,-,-, CU-T899, 188011102,Cubana,International Scheduled Passenger,-,Havana-José Martí International Airport,HAV,MUHA,Cuba,Managua-Augusto C. Sandino Airport,MGA,MNMG,Nicaragua,5,33,5,33,-,-,-
19850121-0,Monday,21-JAN-1985,01:04,A1, Initial climb (ICL),"3 km (1.9 mls) SE of Reno/Tahoe International Airport, NV (RNO)",United States of America,71,70, Destroyed, Written off (damaged beyond repair),Lockheed L-188A Electra,4,Allison 501-D13,1960,33285.0,34148.0, N5532, 1121,Galaxy Airlines,Domestic Non Scheduled Passenger, 203,Reno/Tahoe International Airport,RNO,KRNO,United States of America,Minneapolis-St. Paul International Airport,MSP,KMSP,United States of America,6,65,6,64,-,-,Final
19850122-0,Tuesday,22-JAN-1985,09:35,A1, Approach (APR),13 km (8.1 mls) NW off  Trujillo-Capiro Airport (TJI),Honduras,21,21, Damaged beyond repair,-,Lockheed C-130A Hercules,-,-,1957,-,-, 56-0501, 3109,USAF,Military,-,Balboa-Howard AFB,BLB,MPHO,Panama,Trujillo-Capiro Airport,TJI,MHTJ,Honduras,5,16,5,16,-,-,-
19850122-1,Tuesday,22-JAN-1985,-,A1, En route (ENR),near Dzhabal-Ussaradzh,Afghanistan,8,8, Damaged beyond repair,-,Antonov An-26RT,-,-,-,-,-, 05,-,Soviet AF,Military,-,-,-,-,-,-,-,-,-,6,2,6,2,-,-,-
19850123-0,Wednesday,23-JAN-1985,-,C2, En route (ENR),55 km (34.4 mls) from  Santa Cruz,Bolivia,127,1, Substantial, Repaired,Boeing 727-2K3,3,Pratt & Whitney JT8D-17,1975,-,-, CP-1276, 21082/1124,LAB,Domestic Scheduled Passenger,-,La Paz-El Alto Airport,LPB,SLLP,Bolivia,Santa Cruz-Viru Viru International Airport,VVI,SLVR,Bolivia,7,120,0,1,-,-,-
19850123-1,Wednesday,23-JAN-1985,10:30,A1, En route (ENR),16 km (10 mls) from  Buga,Colombia,17,17, Damaged beyond repair,-,Embraer EMB-110P1 Bandeirante,2,Pratt & Whitney Canada PT6A-34,1981,-,-, HK-2638, 110341,AIRES Colombia,Domestic Scheduled Passenger, 585,Neiva Airport,NVA,SKNV,Colombia,Cali Airport,CLO,SKCL,Colombia,2,15,2,15,-,-,-
19850123-2,Wednesday,23-JAN-1985,10:35,A1, En route (ENR),Cerro el Plateado,Colombia,23,23, Destroyed, Written off (damaged beyond repair),de Havilland Canada DHC-6 Twin Otter 300,2,Pratt & Whitney Canada PT6A-27,1976,-,-, HK-1910, 497,ACES,Domestic Scheduled Passenger, 052,Quibdó-El Caraño Airport,UIB,SKUI,Colombia,Medellín-Enrique Olaya Herrera Airport,EOH,SKMD,Colombia,2,21,2,21,-,-,-
19850124-0,Thursday,24-JAN-1985,-,A1, Unknown (UNK),"Lake Byeloye, Vologda Region",Russia,-,0, Damaged beyond repair,-,Antonov An-2R,-,-,1975,-,-, CCCP-19716, 1G165-30,Aeroflot / Leningrad,Unknown,-,-,-,-,-,-,-,-,-,-,-,0,0,-,-,-
19850128-0,Monday,28-JAN-1985,-,A1, En route (ENR),22 km (13.8 mls) off  Taboga Island,Panama,4,0, Damaged beyond repair,-,Britten-Norman BN-2A Islander,-,-,1969,-,-, HP-659, 64,Aviones de Panama,Passenger,-,-,-,-,-,-,-,-,-,-,-,0,0,-,-,-
19850129-0,Tuesday,29-JAN-1985,09:36,A1, Landing (LDG),"Marietta-Dobbins AFB, GA (MGE)",United States of America,3,0, Substantial, Written off (damaged beyond repair),Lockheed L-188CF Electra,4,Allison 501-D13A,1959,-,47765.0, N854U, 2009,Galaxy Airlines,Cargo,-,Philadelphia International Airport,PHL,KPHL,United States of America,Charlotte-Douglas Airport,CLT,KCLT,United States of America,3,0,0,0,-,-,Final
19850131-0,Thursday,31-JAN-1985,05:47,A1, Landing (LDG),"London, KY",United States of America,3,0, Destroyed, Written off (damaged beyond repair),Swearingen SA227-AT Expediter,2,Garrett TPE331,1983,-,783.0, N568UP, AT-568,UPS,Cargo,-,Louisville-Standiford Field,SDF,KSDF,United States of America,London-Corbin Airport,LOZ,KLOZ,United States of America,3,0,0,0,-,-,Final
19850199-0,-,xx-JAN-1985,-,A1, Approach (APR),near South Caicos International Airport (XSC),Turks and Caicos Islands,-,-, Damaged beyond repair,-,Douglas DC-4,-,-,1944,-,-, N88939, 18397,BIF Air Inc,Unknown,-,-,-,-,-,South Caicos International Airport,XSC,MBSC,Turks and Caicos Islands,-,-,-,-,-,-,-
19850201-0,Friday,01-FEB-1985,08:01,A1, Initial climb (ICL),10 km (6.3 mls) E of Minsk-2 International Airport (MSQ),Belarus,80,58, Destroyed, Written off (damaged beyond repair),Tupolev Tu-134AK,-,-,1982,448.0,685.0, CCCP-65910, 63969,Aeroflot / Belarus,Domestic Scheduled Passenger,7841,Minsk-2 International Airport,MSQ,UMMS,Belarus,Leningrad-Pulkovo Airport,LED,ULLI,Russia,6,74,3,55,-,-,-
19850201-1,Friday,01-FEB-1985,21:47,A1, Approach (APR),"Cedarville, NJ",United States of America,2,2, Damaged beyond repair,-,Beechcraft A100 King Air,2,Pratt & Whitney Canada PT6A-28,1973,-,5668.0, N72BS, B-113,Lisa Flite Corporation,Ferry/positioning,-,-,-,-,-,Millville Airport,MIV,KMIV,United States of America,2,0,2,0,-,-,Final
19850203-0,Sunday,03-FEB-1985,-,A2, Takeoff (TOF),"Wilton Airfield, NSW",Australia,12,0, Substantial, Repaired,PADC/Britten-Norman BN-2A-21 Islander,-,-,1977,-,-, VH-IGT, 503,Geelong Air Travel,Parachuting,-,-,-,-,-,-,-,-,-,1,11,0,0,-,-,Final
19850204-0,Monday,04-FEB-1985,-,U1, Unknown (UNK),at an unknown location,Unknown country,-,-, Damaged beyond repair,-,de Havilland Canada C-115 Buffalo (DHC-5),-,-,-,-,-, 2373, 43,Brazilian AF,Military,-,-,-,-,-,-,-,-,-,-,-,-,-,-,-,-
19850205-1,Tuesday,05-FEB-1985,23:51,A1, Takeoff (TOF),"Philadelphia International Airport, PA (PHL)",United States of America,2,0, Substantial, Written off (damaged beyond repair),McDonnell Douglas DC-9-15,2,Pratt & Whitney JT8D-7,1967,-,-, N926AX, 47002/105,Airborne Express,Cargo,-,Philadelphia International Airport,PHL,KPHL,United States of America,Wilmington-Clinton Field,ILN,KILN,United States of America,2,0,0,0,-,-,Final
19850207-0,Thursday,07-FEB-1985,-,A1, Approach (APR),Milano-Linate Airport (LIN),Italy,12,0, Damaged beyond repair,-,Canadair CL-600-2A12 Challenger 601,-,-,-,-,-, N779XX, 3018,TAG Aviation,Unknown,-,-,-,-,-,Milano-Linate Airport,LIN,LIML,Italy,3,9,0,0,-,-,-
19850207-1,Thursday,07-FEB-1985,-,H2, Standing (STD),Beirut International Airport (BEY),Lebanon,12,0, None,-,Boeing 707-123B,-,-,-,-,-, registration unknown,-,Cyprus Airways,International Scheduled Passenger, 343,Beirut International Airport,BEY,OLBA,Lebanon,Larnaca Airport,LCA,LCLK,Cyprus,12,0,0,0,-,-,-
19850208-0,Friday,08-FEB-1985,12:31,A2, Landing (LDG),Calcutta-Dum Dum Airport (CCU),India,116,0, Substantial, Repaired,Boeing 737-2A8,2,Pratt & Whitney JT8D-9A,1975,-,-, VT-EDS, 21164/435,Indian Airlines,Domestic Scheduled Passenger,IC248,-,-,-,-,Calcutta-Dum Dum Airport,CCU,VECC,India,7,109,0,0,-,-,Final
19850214-0,Thursday,14-FEB-1985,-,A1, En route (ENR),near Banjarmasin,Indonesia,10,9, Damaged beyond repair,-,IRMA/Britten-Norman BN-2A-3 Islander,-,-,1973,-,-, PK-VIO, 693,Dirgantara Air Services,Domestic Non Scheduled Passenger,-,Kotabaru-Setagen Airport,KBU,WRBK,Indonesia,Banjarmasin-Sjamsudin Noor Airport,BDJ,WAOO,Indonesia,-,-,-,-,-,-,-
19850219-0,Tuesday,19-FEB-1985,10:16,A2, En route (ENR),"550 km (343.8 mls) NW off  San Fransisco, CA, USA",Pacific Ocean,274,0, Substantial, Repaired,Boeing 747SP-09,4,Pratt & Whitney JT9D-7A,1982,-,10192.0, N4522V, 22805/564,China Airlines,International Scheduled Passenger, 006,Taipei-Chiang Kai Shek International Airport,TPE,RCTP,Taiwan,Los Angeles International Airport,LAX,KLAX,United States of America,23,251,0,0,-,-,Final
19850219-1,Tuesday,19-FEB-1985,09:27,A1, En route (ENR),30 km (18.8 mls) SE of Bilbao Airport (BIO),Spain,148,148, Destroyed, Written off (damaged beyond repair),Boeing 727-256,3,Pratt & Whitney JT8D-9A,1979,12347.0,13408.0, EC-DDU, 21777/1487,Iberia,Domestic Scheduled Passenger,IB610,Madrid-Barajas Airport,MAD,LEMD,Spain,Bilbao Airport,BIO,LEBB,Spain,7,141,7,141,-,-,Final
19850222-0,Friday,22-FEB-1985,-,A1, Initial climb (ICL),ca 3 km from Tombouctou Airport (TOM),Mali,52,51, Destroyed, Written off (damaged beyond repair),Antonov An-24V,-,-,1968,-,-, TZ-ACT, 87304104,Air Mali,Domestic Non Scheduled Passenger,-,Tombouctou Airport,TOM,GATB,Mali,Mopti Airport,MZI,GAMB,Mali,6,46,6,45,-,-,-
19850223-0,Saturday,23-FEB-1985,-,H2, Standing (STD),Beirut International Airport (BEY),Lebanon,104,1, Minor, Repaired,Boeing 707-300,-,-,-,-,-, registration unknown,-,MEA,International Scheduled Passenger,ME711,Beirut International Airport,BEY,OLBA,Lebanon,Paris-Orly Airport,ORY,LFPO,France,-,-,0,1,-,-,-
19850224-0,Sunday,24-FEB-1985,17:30,C1, En route (ENR),S of Dakhla,Western Sahara,3,3, Damaged beyond repair,-,Dornier 228-100,-,-,1984,-,-, D-IGVN, 7039,Alfred Wegener Inst.,Ferry/positioning,-,Dakar-Yoff Airport,DKR,GOOY,Senegal,Lanzarote Airport,ACE,GCRR,Spain,3,0,3,0,-,-,-
19850224-1,Sunday,24-FEB-1985,-,A1, Approach (APR),Riyadh Air Base (XXN),Saudi Arabia,-,8, Damaged beyond repair,-,Lockheed KC-130H Hercules,-,-,1980,-,-, 1620, 4872,Saudi AF,Military,-,-,-,-,-,Riyadh Air Base,XXN,OERY,Saudi Arabia,-,-,-,-,-,-,-
19850225-3,Monday,25-FEB-1985,-,A1, En route (ENR),"near Valdez Municipal Airport, AK (VDZ)",United States of America,3,3, Damaged beyond repair,-,Boeing RC-135T Rivet Dandy,4,Pratt & Whitney TF33-PW-102,1957,-,15072.0, 55-3121, 17237/4,USAF,Military,-,Fairbanks-Eielson AFB,EIL,PAEI,United States of America,Fairbanks-Eielson AFB,EIL,PAEI,United States of America,3,0,3,0,-,-,-
19850227-0,Wednesday,27-FEB-1985,-,H2, En route (ENR),Wien-Schwechat Airport (VIE),Austria,45,0, None,-,Boeing 727-230,3,Pratt & Whitney JT8D-15,-,-,-, registration unknown,-,Lufthansa,International Scheduled Passenger,LH612,Frankfurt International Airport,FRA,EDDF,Germany,Damascus International Airport,DAM,OSDI,Syria,8,37,0,0,-,-,-
19850227-1,Wednesday,27-FEB-1985,-,O1, Standing (STD),El Bagre Airport (EBG),Colombia,0,0, Damaged beyond repair,-,de Havilland Canada DHC-6 Twin Otter 310,2,Pratt & Whitney Canada PT6A-27,1982,-,-, HK-2763, 789,ACES,-,-,-,-,-,-,-,-,-,-,0,0,0,0,-,-,-
19850299-0,-,xx-FEB-1985,-,A1, Approach (APR),within Iran,Iran,-,-, Damaged beyond repair,-,Lockheed P-3F Orion,-,-,1968,-,-, 5-8702, 185-6002,Iran AF,Military,-,-,-,-,-,-,-,-,-,-,-,-,-,-,-,-
19850303-0,Sunday,03-MAR-1985,-,H2, Unknown (UNK),Lalibela,Ethiopia,-,0, Unknown,-,Lockheed Hercules ???,-,-,-,-,-, registration unknown,-,Unknown,Unknown,-,-,-,-,-,-,-,-,-,-,-,0,0,-,-,-
19850305-0,Tuesday,05-MAR-1985,-,A1, En route (ENR),"near Novobyelaya, Lugansk Region",Ukraine,-,0, Damaged beyond repair,-,Antonov An-26Sh,-,-,-,-,-, 29 yellow, 6902,Soviet AF,Military,-,-,-,-,-,-,-,-,-,-,-,0,0,-,-,Preliminary
19850306-0,Wednesday,06-MAR-1985,-,A1, Landing (LDG),Giallo-Warehouse 59E Airport,Libya,-,0, Damaged beyond repair,-,Fokker F-27 Friendship 600,2,Rolls-Royce Dart 535-7,1983,-,-, 5A-DLR, 10647,Libyan Arab Airlines,Unknown,-,-,-,-,-,-,-,-,-,-,-,0,0,-,-,-
19850309-0,Saturday,09-MAR-1985,-,C2, Standing (STD),Dubai Airport (DXB),United Arab Emirates,-,0, None,-,Lockheed L-1011 TriStar 500,-,-,-,-,-, registration unknown,-,Alia,International Scheduled Passenger, 191,Karachi International Airport,KHI,OPKC,Pakistan,Dubai Airport,DXB,OMDB,United Arab Emirates,-,-,0,0,-,-,-
19850311-0,Monday,11-MAR-1985,-,C1, En route (ENR),25 km (15.6 mls) N of Kabul Airport (KBL),Afghanistan,5,2, Damaged beyond repair,-,Antonov An-30B,2,Ivchenko AI-24VT,-,-,-, 05 red, 0705,Soviet AF,Military,-,Kabul Airport,KBL,OAKB,Afghanistan,Kabul Airport,KBL,OAKB,Afghanistan,5,0,2,0,-,-,-
19850312-0,Tuesday,12-MAR-1985,00:15,A1, Approach (APR),"Barter Island, AK",United States of America,4,0, Substantial, Written off (damaged beyond repair),de Havilland Canada DHC-6 Twin Otter 300,2,Pratt & Whitney Canada PT6A-27,1973,-,13652.0, N540N, 401,Seair Alaska,Domestic Non Scheduled Passenger,-,-,-,-,-,Barter Island Airport,BTI,PABA,United States of America,2,2,0,0,-,-,Final
19850312-1,Tuesday,12-MAR-1985,-,A1, Maneuvering (MNV),"Fort Hood, TX",United States of America,8,6, Damaged beyond repair,-,Lockheed C-130E Hercules,-,-,1965,-,-, 64-0549, 4044,USAF,Military,-,Abilene-Dyess AFB,DYS,KDYS,United States of America,Killeen-Gray AAF,GRK,KGRK,United States of America,8,0,6,0,-,-,-
19850314-0,Thursday,14-MAR-1985,-,A1, Unknown (UNK),near Akobo,South Sudan,4,4, Damaged beyond repair,-,de Havilland Canada DHC-5D Buffalo,-,-,1978,-,-, 833, 87,Sudan AF,Military,-,-,-,-,-,-,-,-,-,-,-,-,-,-,-,-
19850316-1,Saturday,16-MAR-1985,-,O1, Standing (STD),Paris-Charles de Gaulle Airport (CDG),France,0,0, Damaged beyond repair,-,Boeing 747-3B3,4,General Electric CF6-50E2,1982,-,-, F-GDUA, 22870/573,UTA,-,-,-,-,-,-,-,-,-,-,0,0,0,0,-,-,-
19850317-0,Sunday,17-MAR-1985,-,H2, En route (ENR),Dhahran International Airport (DHA),Saudi Arabia,97,1, Minor, Repaired,Boeing 737-268,2,Pratt & Whitney JT8D-15,-,-,-, registration unknown,-,Saudi Arabian,Domestic Scheduled Passenger,-,Jeddah-King Abdulaziz International Airport,JED,OEJN,Saudi Arabia,Riyadh-King Khalid International Airport,RUH,OERK,Saudi Arabia,21,76,0,1,-,-,-
19850319-0,Tuesday,19-MAR-1985,-,O1, Standing (STD),Cairo International Airport (CAI),Egypt,0,0, Damaged beyond repair,-,Boeing KC-135A Stratotanker,4,Pratt & Whitney J57-P/F-59W,1962,-,10235.0, 61-0316, 18223/538,USAF,Military,-,-,-,-,-,-,-,-,-,0,0,0,0,-,-,-
19850320-1,Wednesday,20-MAR-1985,-,A1, Maneuvering (MNV),"Lago Ullum, SJ",Argentina,3,3, Damaged beyond repair,-,Morane Saulnier (FMA) MS.760A Paris IA,-,-,1962,-,-, E-240, A-28,Argentine AF,Military,-,-,-,-,-,-,-,-,-,3,0,3,0,-,-,-
19850321-0,Thursday,21-MAR-1985,-,A1, Unknown (UNK),Irian Jaya,Indonesia,-,-, Damaged beyond repair,-,Britten-Norman BN-2A-3 Islander,-,-,1971,-,-, PK-OAN, 235,Airfast Indonesia,Unknown,-,-,-,-,-,-,-,-,-,-,-,-,-,-,-,-
19850323-0,Saturday,23-MAR-1985,10:45,A2, Landing (LDG),"Hot Springs-Memorial Field, AR (HOT)",United States of America,9,0, Substantial, Repaired,Swearingen SA226-TC Metro II,-,-,1980,-,10717.0, N508SS, TC-376,Scheduled Skyways,Domestic Scheduled Passenger,-,Little Rock National Airport,LIT,KLIT,United States of America,Hot Springs-Memorial Field,HOT,KHOT,United States of America,2,7,0,0,-,-,Final
19850325-0,Monday,25-MAR-1985,-,A1, Takeoff (TOF),Borogon Airport,Russia,3,0, Damaged beyond repair,-,Antonov An-2T,-,-,1962,-,-, CCCP-44905, 1G24-05,Aeroflot / Yakutsk,Cargo,-,-,-,-,-,Tiksi Airport,IKS,UEST,Russia,3,0,0,0,-,-,-
19850326-0,Tuesday,26-MAR-1985,13:30,A1, En route (ENR),off Singapore-Seletar Airport (XSP),Singapore,25,0, Unknown, unk,Grumman G-111 Albatross,-,-,-,-,-, PK-VAA ?,-,Pelita Air Service,Non Scheduled Passenger,-,-,-,-,-,-,-,-,-,-,-,0,0,-,-,-
19850327-0,Wednesday,27-MAR-1985,-,H2, En route (ENR),Istanbul-Atatürk International Airport (IST),Turkey,151,0, None,-,Boeing 727-230,-,-,-,-,-, registration unknown,-,Lufthansa,International Scheduled Passenger,LH316,München-Riem Airport,MUC,EDDM,Germany,Athens-Ellinikon International Airport,ATH,LGAT,Greece,8,143,0,0,-,-,-
19850328-0,Thursday,28-MAR-1985,09:50,A1, Approach (APR),15 km (9.4 mls) N of Florencia Airport (FLA),Colombia,46,46, Destroyed, Written off (damaged beyond repair),Fokker F-28 Fellowship 3000,-,-,1981,2288.0,1327.0, FAC-1140, 11165,SATENA,Domestic Non Scheduled Passenger,-,San Vicente del Caguán-Eduardo Falla Solano Airport,SVI,SKSV,Colombia,Florencia-Gustavo Artunduaga Paredes Airport,FLA,SKFL,Colombia,6,40,6,40,-,-,-
19850329-0,Friday,29-MAR-1985,-,A1, Maneuvering (MNV),"Edmonton-Namao Field, AB (YED)",Canada,5,5, Destroyed, Written off (damaged beyond repair),Lockheed CC-130H Hercules,-,-,1974,-,-, 130330, 4555,Canadian Armed Forces,Military,-,Edmonton-Namao Field,YED,CYED,Canada,Edmonton-Namao Field,YED,CYED,Canada,5,0,5,0,5,-,-
19850329-1,Friday,29-MAR-1985,-,A1, Maneuvering (MNV),"Edmonton-Namao Field, AB (YED)",Canada,5,5, Destroyed, Written off (damaged beyond repair),Lockheed CC-130H Hercules,-,-,1974,-,-, 130331, 4559,Canadian Armed Forces,Military,-,Edmonton-Namao Field,YED,CYED,Canada,Edmonton-Namao Field,YED,CYED,Canada,5,0,5,0,5,-,-
19850329-2,Friday,29-MAR-1985,-,H2, En route (ENR),London-Heathrow Airport (LHR),United Kingdom,114,0, None,-,Boeing 737-230,-,-,-,-,-, registration unknown,-,Lufthansa,International Scheduled Passenger,LH040,Hamburg-Fuhlsbüttel Airport,HAM,EDDH,Germany,London-Heathrow Airport,LHR,EGLL,United Kingdom,6,108,0,0,-,-,-
19850401-0,Monday,01-APR-1985,-,H2, En route (ENR),Jeddah-King Abdulaziz International Airport (JED),Saudi Arabia,76,0, None,-,Boeing 707-300,-,-,-,-,-, registration unknown,-,MEA,International Scheduled Passenger,ME368,Beirut International Airport,BEY,OLBA,Lebanon,Jeddah-King Abdulaziz International Airport,JED,OEJN,Saudi Arabia,10,66,0,0,-,-,-
19850404-0,Thursday,04-APR-1985,-,C2, Taxi (TXI),Athens-Ellinikon International Airport (ATH),Greece,75,0, Minor, Repaired,Boeing 727-2D3 Adv.,-,-,-,-,-, registration unknown,-,Royal Jordanian,International Scheduled Passenger,-,Athens-Ellinikon International Airport,ATH,LGAT,Greece,Amman-Queen Alia International Airport,AMM,OJAI,Jordan,13,62,0,0,-,-,-
19850411-0,Thursday,11-APR-1985,-,A1, Approach (APR),"near Salta, SA",Argentina,7,7, Damaged beyond repair,-,British Aerospace BAe-125-700B,-,-,1981,-,-, LV-ALW, 257133,YPF,Domestic Non Scheduled Passenger,-,-,-,-,-,Salta-Martín Miguel de Güemes International Airport,SLA,SASA,Argentina,2,5,2,5,-,-,-
19850415-1,Monday,15-APR-1985,23:30,A1, Approach (APR),18 km (11.3 mls) from  Phuket International Airport (HKT),Thailand,11,11, Destroyed, Written off (damaged beyond repair),Boeing 737-2P5,2,Pratt & Whitney JT8D-15,1979,-,-, HS-TBB, 21810/604,Thai Airways,Domestic Scheduled Passenger,-,Bangkok-Don Muang International Airport,BKK,VTBD,Thailand,Phuket International Airport,HKT,VTSP,Thailand,7,4,7,4,-,-,-
19850420-0,Saturday,20-APR-1985,-,A1, Initial climb (ICL),near Santa Rosa Airport (SRB),Bolivia,4,4, Damaged beyond repair,-,Convair CV-440-35,-,-,1956,-,-, CP-1489, 319,Carga Aéreo Transportada,Cargo,-,Santa Rosa Airport,SRB,SLSR,Bolivia,-,-,-,-,3,1,3,1,-,-,-
19850420-1,Saturday,20-APR-1985,19:32,A1, En route (ENR),260 km (162.5 mls) W of Kulusuk,Greenland,5,2, Damaged beyond repair,-,Fokker F-27 Friendship 100,2,Rolls-Royce Dart 529,1959,58384.0,45225.0, YN-BZF, 10118,Aeronica,Ferry/positioning,-,Reykjavík Domestic Airport,RKV,BIRK,Iceland,Kangerlussuaq-Søndre Strømfjord Airport,SFJ,BGSF,Greenland,5,0,2,0,-,-,Final
19850420-2,Saturday,20-APR-1985,18:00,A1, Landing (LDG),"Wilkes-Barre International Airport, PA (AVP)",United States of America,5,5, Damaged beyond repair,-,North American CT-39A-1-NO Sabreliner,2,Pratt & Whitney JT12A-6A Turbo Wasp,-,-,-, 62-4496, 276-49,USAF,Military,-,-,-,-,-,Wilkes-Barre/Scranton International Airport,AVP,KAVP,United States of America,3,2,3,2,-,-,-
19850422-0,Monday,22-APR-1985,-,A1, Approach (APR),N of Perpignan Airport (PGF),France,5,5, Damaged beyond repair,-,Douglas DC-6B,4,Pratt & Whitney R-2800,1953,-,-, F-ZBAE, 43834/379,Securité Civile,Fire fighting,-,Marseille-Marignane Airport,MRS,LFML,France,Perpignan Airport,PGF,LFMP,France,3,2,3,2,-,-,-
19850426-0,Friday,26-APR-1985,-,H2, En route (ENR),Taipei-Songshan Airport (TSA),Taiwan,107,0, None,-,Boeing 737-281,-,-,-,-,-, registration unknown,-,China Airlines,Domestic Scheduled Passenger,-,Taipei-Songshan Airport,TSA,RCSS,Taiwan,Kaohsiung International Airport,KHH,RCKH,Taiwan,-,-,0,0,-,-,-
19850429-1,Monday,29-APR-1985,-,U1, Unknown (UNK),at an unknown location,Mexico,-,-, Damaged beyond repair,-,Douglas C-47 (DC-3),-,-,-,-,-, registration unknown,-,Mexican AF,Military,-,-,-,-,-,-,-,-,-,-,-,-,-,-,-,-
19850499-0,-,xx-APR-1985,-,A1, En route (ENR),within Khövsgöl Province,Mongolia,-,-, Damaged beyond repair,-,Antonov An-24RV,2,Ivchenko AI-24VT,-,-,-, BNMAU-10207, 57310207,MIAT,Domestic Scheduled Passenger,-,-,-,-,-,-,-,-,-,-,-,-,-,-,-,-
19850503-0,Friday,03-MAY-1985,12:00,A1, Approach (APR),near Zolochiv,Ukraine,79,79, Destroyed, Written off (damaged beyond repair),Tupolev Tu-134A,-,-,1975,12306.0,18548.0, CCCP-65856, 23253,Aeroflot / Estonia,Domestic Scheduled Passenger,-,Tallinn-Ülemiste Airport,TLL,EETN,Estonia,Lviv-Snilow Airport,LWO,UKLL,Ukraine,6,73,6,73,15,-,-
19850503-1,Friday,03-MAY-1985,12:00,A1, En route (ENR),near Zolochiv,Ukraine,15,15, Damaged beyond repair,-,Antonov An-26,-,-,1980,2346.0,1756.0, 101 red, 9506,Soviet AF,Military,-,Lviv-Snilow Airport,LWO,UKLL,Ukraine,-,-,-,-,6,9,6,9,79,-,-
19850503-2,Friday,03-MAY-1985,-,U1, Unknown (UNK),at an unknown location,Unknown country,-,-, Damaged beyond repair,-,Britten-Norman BN-2A Islander,-,-,1970,-,-, N865JA, 176,Trans Island Airways,Unknown,-,-,-,-,-,-,-,-,-,-,-,-,-,-,-,-
19850504-0,Saturday,04-MAY-1985,19:20,A1, Takeoff (TOF),"Perris, CA",United States of America,33,0, Destroyed, Written off (damaged beyond repair),Douglas DC-3-313D,2,Wright R-1820-GC,1941,-,42950.0, N157U, 4132,Perris Valley Paracenter,Parachuting,-,-,-,-,-,-,-,-,-,2,31,0,0,-,-,Final
19850509-0,Thursday,09-MAY-1985,08:44,A1, Standing (STD),"Lewistown Municipal Airport, MT (LWT)",United States of America,3,1, Substantial, Written off (damaged beyond repair),Consolidated PBY-5A Catalina,2,Pratt & Whitney R-1830-94,-,-,1481.0, N84857, 1522,Drilling Muds,Survey/research,-,Lewistown Municipal Airport,LWT,KLWT,United States of America,Reno/Tahoe International Airport,RNO,KRNO,United States of America,2,1,1,0,-,-,Final
19850511-0,Saturday,11-MAY-1985,-,A1, Landing (LDG),Kyzyl Airport (KYZ),Russia,2,0, Substantial, Written off (damaged beyond repair),Antonov An-2TP,-,-,-,-,-, CCCP-50553, 1G89-30,Aeroflot / Krasnoyarsk,Cargo,-,-,-,-,-,Kyzyl Airport,KYZ,UNKY,Russia,2,0,0,0,-,-,-
19850511-1,Saturday,11-MAY-1985,-,A2, Takeoff (TOF),Doha International Airport (DOH),Qatar,104,0, Substantial, Repaired,Boeing 737-268 Adv.,2,Pratt & Whitney JT8D-15,-,-,-, registration unknown,-,Saudi Arabian,International Scheduled Passenger,SV223,Doha International Airport,DOH,OTBD,Qatar,Riyadh-King Khalid International Airport,RUH,OERK,Saudi Arabia,6,98,0,0,-,-,-
19850512-0,Sunday,12-MAY-1985,17:00,A1, Landing (LDG),"Lake Geneva Municipal Airport, WI (XES)",United States of America,6,0, Destroyed, Written off (damaged beyond repair),Dassault Falcon 50,3,Garrett TFE731-3-1C,1981,-,1373.0, N1181G, 72,Wrigley,Executive,-,Chicago-Palwaukee Municipal Airport,PWK,KPWK,United States of America,-,-,-,-,2,4,0,0,-,-,Final
19850512-1,Sunday,12-MAY-1985,-,A1, Unknown (UNK),Maluku,Indonesia,-,-, Damaged beyond repair,-,IRMA/Britten-Norman BN-2A-21 Islander,-,-,1972,-,-, PK-KNE, 675,Bali Int. Air Service,Unknown,-,-,-,-,-,-,-,-,-,-,-,-,-,-,-,-
19850515-0,Wednesday,15-MAY-1985,-,A1, Unknown (UNK),Chongoene,Mozambique,5,5, Damaged beyond repair,-,Britten-Norman BN-2 Islander,-,-,1970,-,-, C9-AMV, 219,TTA,Passenger,-,Vilanculos Airport,VNX,FQVL,Mozambique,-,-,-,-,-,-,-,-,-,-,-
19850517-0,Friday,17-MAY-1985,-,A1, Unknown (UNK),Sulczewka,Poland,-,-, Damaged beyond repair,-,Antonov An-2T,-,-,-,-,-, SP-DNR, 1G155-13,Polskie Towarzystwo Geo.,Unknown,-,-,-,-,-,-,-,-,-,-,-,-,-,-,-,-
19850517-1,Friday,17-MAY-1985,-,A1, Unknown (UNK),Cochin,India,3,3, Damaged beyond repair,-,IRMA/Pilatus Britten-Norman BN-2A-21 Islander,-,-,1980,-,-, IN-131, 873,Indian Navy,Military,-,-,-,-,-,-,-,-,-,-,-,-,-,-,-,-
19850518-0,Saturday,18-MAY-1985,-,H2, En route (ENR),Gwangju (Kwangju) Airport (KWJ),South Korea,118,0, None,-,Boeing 727-281,-,-,-,-,-, registration unknown,-,KAL,Domestic Scheduled Passenger,-,Seoul-Gimpo (Kimpo) International Airport,SEL,RKSS,South Korea,Jeju (Cheju) International Airport,CJU,RKPC,South Korea,8,110,0,0,-,-,-
19850521-0,Tuesday,21-MAY-1985,20:15,A1, Approach (APR),"6,5 km (4.1 mls) WSW of Harrison-Boone County Airport, AR (HRO)",United States of America,2,2, Destroyed, Written off (damaged beyond repair),Cessna 501 Citation I/SP,2,Pratt & Whitney Canada JT15D-1A,1977,-,-, N10GE, 501-0022,Target Development & Consulting Inc,Ferry/positioning,-,Branson/Point Lookout-M Graham Clark Airport,PLK,KPLK,United States of America,Harrison-Boone County Airport,HRO,KHRO,United States of America,2,0,2,0,-,-,Final
19850521-1,Tuesday,21-MAY-1985,-,A1, Takeoff (TOF),Tadibeyakha,Russia,20,0, Damaged beyond repair,-,Antonov An-2,-,-,1959,-,-, CCCP-04326, 112747320,Aeroflot / Tyumen,Domestic Non Scheduled Passenger,-,-,-,-,-,-,-,-,-,-,-,0,0,-,-,-
19850521-2,Tuesday,21-MAY-1985,-,A1, Unknown (UNK),Gorna Oryakhovitsa,Bulgaria,2,1, Damaged beyond repair,-,Antonov An-2,-,-,-,-,-, LZ-...,-,Unknown,Unknown,-,-,-,-,-,-,-,-,-,2,0,1,0,-,-,-
19850523-0,Thursday,23-MAY-1985,-,A1, Unknown (UNK),"Ten Mile Creek, BC",Canada,-,-, Damaged beyond repair,-,Britten-Norman BN-2A-8 Islander,-,-,1968,-,-, C-GPCF, 39,Chilcotin Cariboo Aviation,Unknown,-,-,-,-,-,-,-,-,-,-,-,-,-,-,-,-
19850528-1,Tuesday,28-MAY-1985,-,A1, Initial climb (ICL),2 km (1.3 mls) from  Cabimas-Oro Negro Airport (CBS),Venezuela,13,2, Damaged beyond repair,-,Convair CV-580,-,-,1954,-,-, YV-84C, 157,AVENSA,Domestic Scheduled Passenger, 034,Cabimas-Oro Negro Airport,CBS,SVON,Venezuela,Caracas-Simón Bolívar International Airport,CCS,SVMI,Venezuela,5,8,2,0,-,-,-
19850529-0,Wednesday,29-MAY-1985,-,A1, Initial climb (ICL),near Leningrad-Rzhevka Airport,Russia,5,4, Damaged beyond repair,-,Antonov An-2R,-,-,-,-,-, CCCP-70218, 1G138-36,Aeroflot / Leningrad,Test,-,-,-,-,-,-,-,-,-,5,0,4,0,-,-,-
19850531-0,Friday,31-MAY-1985,23:00,A1, Initial climb (ICL),"Nashville Metropolitan Airport, TN (BNA)",United States of America,2,2, Destroyed, Written off (damaged beyond repair),Grumman G-159 Gulfstream I,2,Rolls-Royce Dart 529-8X/E,1967,-,1363.0, N181TG, 181,General Aviation,Cargo, 115,Nashville Metropolitan Airport,BNA,KBNA,United States of America,Indianapolis International Airport,IND,KIND,United States of America,2,0,2,0,-,-,Final
19850599-1,-,xx-MAY-1985,-,U1, Unknown (UNK),at an unknown location,Unknown country,-,-, Damaged beyond repair,-,IRMA/Pilatus Britten-Norman BN-2A-9 Islander,-,-,1981,-,-, TZ-ACS, 910,Air Mali,Unknown,-,-,-,-,-,-,-,-,-,-,-,-,-,-,-,-
19850609-0,Sunday,09-JUN-1985,02:30,A1, Approach (APR),"3,2 km (2 mls) S of Montgomery-Orange County Airport, NY (MGJ)",United States of America,2,2, Damaged beyond repair,-,Beechcraft 200 Super King Air,-,-,1976,-,-, N148CP, BB-129,Jaradac International Corp.,Ferry/positioning,-,Teterboro Airport,TEB,KTEB,United States of America,Montgomery-Orange County Airport,MGJ,KMGJ,United States of America,2,0,2,0,-,-,Final
19850610-0,Monday,10-JUN-1985,-,A1, Unknown (UNK),near Provins,France,2,2, Damaged beyond repair,-,Learjet 24B,-,-,-,-,-, F-BSRL, 24-210,Euralair International,Unknown,-,Marseille-Marignane Airport,MRS,LFML,France,Paris-Le Bourget Airport,LBG,LFPB,France,2,0,2,0,-,-,-
19850610-1,Monday,10-JUN-1985,-,A1, Maneuvering (MNV),Stavropol Region,Russia,3,2, Damaged beyond repair,-,Antonov An-2R,-,-,-,-,-, CCCP-32028, 1G91-29,Aeroflot / Uzbekistan,Agricultural,-,-,-,-,-,-,-,-,-,2,1,2,0,-,-,-
19850611-0,Tuesday,11-JUN-1985,07:31,A1, Landing (LDG),"Los Angeles-Van Nuys Airport, CA (VNY)",United States of America,3,0, Substantial, Written off (damaged beyond repair),Rockwell 1121 Jet Commander,2,General Electric CJ610-1,-,-,-, N69GT, 44,Sultan Industries,Ferry/positioning,-,Tucson International Airport,TUS,KTUS,United States of America,Los Angeles-Van Nuys Airport,VNY,KVNY,United States of America,2,1,0,0,-,-,Final
19851212-0,Thursday,12-DEC-1985,06:46,A1, Initial climb (ICL),"1 km (0.6 mls) SW of Gander Airport, NL (YQX)",Canada,256,256, Destroyed, Written off (damaged beyond repair),McDonnell Douglas DC-8-63CF,4,Pratt & Whitney JT3D-7,1969,-,50861.0, N950JW, 46058/433,Arrow Air,Int'l Non Scheduled Passenger,MF1285R,Gander Airport,YQX,CYQX,Canada,Hopkinsville-Fort Campbell AAF,HOP,KHOP,United States of America,8,248,8,248,-,-,Final
19851212-1,Thursday,12-DEC-1985,-,A1, Unknown (UNK),Toulouse-Blagnac Airport (TLS),France,-,0, Damaged beyond repair,-,Learjet 24B,-,-,-,-,-, F-BRNL, 24-183,Air Provence,Unknown,-,-,-,-,-,-,-,-,-,-,-,0,0,-,-,-
19851212-2,Thursday,12-DEC-1985,19:21,A1, Takeoff (TOF),"College Station-Easterwood Field, TX (CLL)",United States of America,3,2, Destroyed, Written off (damaged beyond repair),Learjet 35A,2,Garrett TFE731-2-2B,1977,-,8963.0, N723GL, 35A-107,General Telephone,Executive,-,College Station-Easterwood Field,CLL,KCLL,United States of America,Houston-William P. Hobby Airport,HOU,KHOU,United States of America,2,1,1,1,-,-,Final
19851213-0,Friday,13-DEC-1985,-,A1, Unknown (UNK),Accra,Ghana,-,-, Damaged beyond repair,-,IRMA/Pilatus Britten-Norman BN-2A-26 Islander,-,-,-,-,-, TN-AEQ, 2147,Aéro-Service,Unknown,-,-,-,-,-,-,-,-,-,-,-,-,-,-,-,-
19851213-1,Friday,13-DEC-1985,-,A1, En route (ENR),Yaviza Mountains,Panama,7,7, Damaged beyond repair,-,Britten-Norman BN-2A-3 Islander,-,-,1973,-,-, HP-680, 328,Aviones de Panama,Passenger,-,-,-,-,-,-,-,-,-,1,6,1,6,-,-,-
19851215-0,Sunday,15-DEC-1985,14:50,A2, Approach (APR),"Boston-Logan International Airport, MA (BOS)",United States of America,269,0, Substantial, Repaired,Boeing 747-136,-,-,1971,-,55667.0, G-AWNE, 19765/109,British Airways,International Scheduled Passenger,-,London-Heathrow Airport,LHR,EGLL,United Kingdom,Boston-Logan International Airport,BOS,KBOS,United States of America,17,252,0,0,-,-,Final
19851219-0,Thursday,19-DEC-1985,-,H2, En route (ENR),"near Gannan, Heilongjiang",China,43,0, None,-,Antonov An-24,-,-,-,-,-, registration unknown,-,Aeroflot,Domestic Scheduled Passenger,-,-,-,-,-,Irkutsk Airport,IKT,UIII,Russia,4,39,0,0,-,-,-
19851223-0,Monday,23-DEC-1985,-,H2, En route (ENR),Tehran-Mehrabad Airport (THR),Iran,-,1, None,-,unknown jetliner,-,-,-,-,-, registration unknown,-,Iran Air,Domestic Scheduled Passenger,-,Sirri Island Airport,SXI,OIBS,Iran,Shiraz Airport,SYZ,OISS,Iran,-,-,0,1,-,-,-
19851225-0,Wednesday,25-DEC-1985,-,A1, Unknown (UNK),off Cumana,Venezuela,-,-, Damaged beyond repair,-,Douglas C-47-DL (DC-3),2,Pratt & Whitney R-1830-92,-,-,-, YV-425C,-,AeroEjecutivos,Unknown,-,-,-,-,-,-,-,-,-,-,-,-,-,-,-,-
19851226-0,Thursday,26-DEC-1985,-,A1, En route (ENR),60 km (37.5 mls) from  Kabul,Afghanistan,6,1, Damaged beyond repair,-,Antonov An-26RT,-,-,-,-,-, 22,-,Soviet AF,Military,-,-,-,-,-,-,-,-,-,6,0,1,0,-,-,-
19851227-0,Friday,27-DEC-1985,-,H2, En route (ENR),Riyadh-King Khalid International Airport (RUH),Saudi Arabia,213,0, None,-,Boeing 747,-,-,-,-,-, registration unknown,-,Saudi Arabian,International Scheduled Passenger,-,Karachi-Quaid-E-Azam International Airport,KHI,OPKC,Pakistan,Riyadh-King Khalid International Airport,RUH,OERK,Saudi Arabia,-,-,0,0,-,-,-
19851230-0,Monday,30-DEC-1985,-,A1, Unknown (UNK),near Dhangadhi,Nepal,25,25, Damaged beyond repair,-,Shorts SC.7 Skyvan 3-100,2,Garrett TPE331-2-201A,1982,-,-, RAN-23, SH.1978,Nepal Army,Military,-,-,-,-,-,Dhangadhi Airport,DHI,VNDH,Nepal,3,22,3,22,-,-,-
19851231-0,Tuesday,31-DEC-1985,-,A1, Approach (APR),37 km (23.1 mls) from  Kaduna,Nigeria,7,7, Damaged beyond repair,-,British Aerospace BAe-125-700B,-,-,1984,-,-, 5N-AXP, 257203,Nigerian Government,Official state flight,-,-,-,-,-,Kaduna Airport,KAD,DNKA,Nigeria,3,4,3,4,-,-,-
19851231-1,Tuesday,31-DEC-1985,17:14,A1, En route (ENR),"De Kalb, TX",United States of America,9,7, Destroyed, Written off (damaged beyond repair),Douglas DC-3C,2,Pratt & Whitney R-1830-75,1944,-,-, N711Y, 13658,Century Equipment,Domestic Non Scheduled Passenger,-,-,-,-,-,Dallas-Love Field,DAL,KDAL,United States of America,2,7,0,7,-,-,Final
19851231-2,Tuesday,31-DEC-1985,-,U1, Unknown (UNK),at an unknown location,Mexico,-,-, Damaged beyond repair,-,Douglas C-47 (DC-3),-,-,-,-,-, registration unknown,-,Mexican AF,Military,-,-,-,-,-,-,-,-,-,-,-,-,-,-,-,-
19859999-0,-,xx-xxx-1985,-,U1, Unknown (UNK),unknown location,Mexico,-,-, Damaged beyond repair,-,IAI 1124 Westwind I,-,-,1979,-,-, N1JS, 249,private,Illegal Flight,-,-,-,-,-,-,-,-,-,-,-,-,-,-,-,-
19859999-1,-,xx-xxx-1985,-,A1, Unknown (UNK),"Sosnovaya Roscha, Kurganskaya oblast",Russia,-,-, Damaged beyond repair,-,Antonov An-2TP,-,-,1969,-,-, CCCP-32352, 1G100-03,Aeroflot / Kazakstan,Unknown,-,-,-,-,-,-,-,-,-,-,-,-,-,-,-,-
19859999-2,-,xx-xxx-1985,-,A1, Approach (APR),Khuvsgul Province,Mongolia,-,-, Damaged beyond repair,-,Antonov An-24RV,-,-,-,-,-, BNMAU-10210, 57310210,MIAT,Unknown,-,-,-,-,-,-,-,-,-,-,-,-,-,-,-,-
19859999-4,-,xx-xxx-1985,-,U1, Unknown (UNK),unknown,Unknown country,-,-, Damaged beyond repair,-,Antonov An-12B,-,-,-,-,-, CCCP-12989, 00347207,Aeroflot / Privolzhsk,Unknown,-,-,-,-,-,-,-,-,-,-,-,-,-,-,-,-
19850612-0,Wednesday,12-JUN-1985,-,H1, Standing (STD),Beirut International Airport (BEY),Lebanon,0,0, Damaged beyond repair,-,Boeing 727-2D3,3,Pratt & Whitney JT8D-17,1981,-,-, JY-AFW, 22271/1713,Alia,International Scheduled Passenger, 402,Beirut International Airport,BEY,OLBA,Lebanon,Amman-Queen Alia International Airport,AMM,OJAI,Jordan,0,0,0,0,-,-,-
19850612-1,Wednesday,12-JUN-1985,-,H2, En route (ENR),Larnaca Airport (LCA),Cyprus,166,0, None,-,Boeing 707-300,-,-,-,-,-, registration unknown,-,MEA,International Scheduled Passenger,ME261,Beirut International Airport,BEY,OLBA,Lebanon,Larnaca Airport,LCA,LCLK,Cyprus,10,156,0,0,-,-,-
19850612-2,Wednesday,12-JUN-1985,-,A1, Unknown (UNK),within Bulgaria,Bulgaria,-,1, Damaged beyond repair,-,Antonov An-2,-,-,-,-,-, LZ-...,-,Unknown,Unknown,-,-,-,-,-,-,-,-,-,-,-,1,0,-,-,-
19850613-0,Thursday,13-JUN-1985,-,A1, Takeoff (TOF),Sebha Airport (SEB),Libya,-,0, Damaged beyond repair,-,Boeing 707-336B,4,Pratt & Whitney JT3D-3B,1971,-,-, TY-BBR, 20457/853,Benin Government,Unknown,-,Sebha Airport,SEB,HLLS,Libya,-,-,-,-,-,0,0,0,-,-,-
19850614-0,Friday,14-JUN-1985,-,H2, En route (ENR),Beirut International Airport (BEY),Lebanon,153,1, Unknown,-,Boeing 727-231,3,Pratt & Whitney JT8D-9A,1974,-,-, N64339, 20844/1065,TWA,International Scheduled Passenger,TW847,Athens-Ellinikon International Airport,ATH,LGAT,Greece,Roma-Fiumicino Airport,FCO,LIRF,Italy,8,145,0,1,-,-,-
19850619-0,Wednesday,19-JUN-1985,07:02,A1, Initial climb (ICL),"3 km (1.9 mls) from  Trenton-Mercer County Airport, NJ (TTN)",United States of America,2,0, Destroyed, Written off (damaged beyond repair),Convair VT-29B (CV-240),2,Pratt & Whitney R-2800-CB3,1953,-,16900.0, N155PA, 322,Combs Airways,Cargo,-,Trenton-Mercer County Airport,TTN,KTTN,United States of America,Detroit-Metropolitan Wayne County Airport,DTW,KDTW,United States of America,2,0,0,0,-,-,Final
19850620-0,Thursday,20-JUN-1985,-,A1, Takeoff (TOF),Moma,Russia,-,0, Damaged beyond repair,-,Antonov An-2TP,-,-,-,-,-, CCCP-91783, 1G38-30,Aeroflot / Yakutsk,Cargo,-,-,-,-,-,-,-,-,-,-,-,0,0,-,-,-
19850621-0,Friday,21-JUN-1985,-,H2, En route (ENR),Oslo-Fornebu Airport (FBU),Norway,121,0, None,-,Boeing 737-205,2,Pratt & Whitney JT8D-9A,1969,-,-, LN-SUG, 20412/225,Braathens,Domestic Scheduled Passenger,-,Trondheim-Værnes Airport,TRD,ENVA,Norway,Oslo-Fornebu Airport,FBU,ENFB,Norway,5,116,0,0,-,-,-
19850623-1,Sunday,23-JUN-1985,-,A1, Approach (APR),"1 km (0.6 mls) from  Juara Airport, MT (JUA)",Brazil,17,17, Damaged beyond repair,-,Embraer EMB-110P Bandeirante,-,-,1975,-,-, PT-GJN, 110063,TABA,Domestic Scheduled Passenger,-,Juara Airport,JUA,SIZX,Brazil,Cuiabá-Marechal Rondon International Airport,CGB,SBCY,Brazil,2,15,2,15,-,-,-
19850623-2,Sunday,23-JUN-1985,07:15,C1, En route (ENR),"176 km (110 mls) W off  Cork, Ireland",Atlantic Ocean,329,329, Destroyed, Written off (damaged beyond repair),Boeing 747-237B,4,Pratt & Whitney JT9D-7J,1978,7525.0,23634.0, VT-EFO, 21473/330,Air-India,International Scheduled Passenger,AI182,Montreal-Mirabel International Airport,YMX,CYMX,Canada,London-Heathrow Airport,LHR,EGLL,United Kingdom,22,307,22,307,-,-,Final
19850624-0,Monday,24-JUN-1985,-,A1, Unknown (UNK),"near Santa Maria, RS",Brazil,7,7, Damaged beyond repair,-,Lockheed C-130E Hercules,-,-,1968,-,-, 2457, 4290,Brazilian AF,Military,-,-,-,-,-,Santa Maria AB,RIA,SBSM,Brazil,7,0,7,0,-,-,-
19850627-0,Thursday,27-JUN-1985,11:36,A2, Takeoff (TOF),San Juan-Luis Munoz Marin International Airport (SJU),Puerto Rico,270,0, Substantial, Repaired,McDonnell Douglas DC-10-10,3,General Electric CF6-6K,1978,-,-, N129AA, 46996/270,American Airlines,Domestic Scheduled Passenger,AA633,San Juan-Luis Muñoz Marín International Airport,SJU,TJSJ,Puerto Rico,Dallas/Fort Worth International Airport,DFW,KDFW,United States of America,13,257,0,0,-,-,Final
19850627-1,Thursday,27-JUN-1985,10:20,A1, En route (ENR),"29 km (18.1 mls) off  Ponta de Mucuripe, CE, Brazil",Atlantic Ocean,4,4, Destroyed, Written off (damaged beyond repair),Embraer P-95 Bandeirulha (EMB-111A),-,-,1977,-,-, 7053, 110159,Brazilian AF,Military,-,Fortaleza-Pinto Martins Airport,FOR,SBFZ,Brazil,Fortaleza-Pinto Martins Airport,FOR,SBFZ,Brazil,4,0,4,0,-,-,-
19850627-2,Thursday,27-JUN-1985,-,A1, En route (ENR),"near Suduntui, Chita Region",Russia,-,0, Damaged beyond repair,-,Antonov An-2R,-,-,1983,-,-, CCCP-84724, 1G201-42,Aeroflot / East Siberia,Unknown,-,-,-,-,-,-,-,-,-,-,-,0,0,-,-,-
19850628-0,Friday,28-JUN-1985,-,H2, En route (ENR),Istanbul-Atatürk International Airport (IST),Turkey,-,0, None,-,Boeing 727-2F2,3,Pratt & Whitney JT8D-15,1982,-,-, TC-JCB, 22993/1808,THY,International Scheduled Passenger,-,Frankfurt International Airport,FRA,EDDF,Germany,Istanbul-Atatürk International Airport,IST,LTBA,Turkey,-,81,0,0,-,-,-
19850630-0,Sunday,30-JUN-1985,12:00,A1, Approach (APR),"King Salmon, AK",United States of America,4,0, Substantial, Written off (damaged beyond repair),Douglas C-47B-1-DL (DC-3),2,Pratt & Whitney R-1830-92,1944,-,18000.0, N168Z, 20850,Northern Peninsula Fisheries,Executive,-,Homer Airport,HOM,PAHO,United States of America,King Salmon Airport,AKN,PAKN,United States of America,-,-,0,0,-,-,Final
19850699-0,-,xx-JUN-1985,-,U1, Unknown (UNK),at an unknown location,Unknown country,-,-, Damaged beyond repair,-,Britten-Norman BN-2A Islander,-,-,1970,-,-, TR-LXW, 151,Rougier Gabon,Unknown,-,-,-,-,-,-,-,-,-,-,-,-,-,-,-,-
19850701-0,Monday,01-JUL-1985,-,A1, Initial climb (ICL),near Mbeya Airport (MBI),Tanzania,-,4, Damaged beyond repair,-,British Aerospace BAe-748-314 Srs. 2A LFD,-,-,1977,-,-, JW9009, 1752,Tanzanian AF,Military,-,Mbeya Airport,MBI,HTMB,Tanzania,-,-,-,-,-,-,-,-,-,-,-
19850702-0,Tuesday,02-JUL-1985,-,A1, Landing (LDG),Eldebba Airport (EDB),Sudan,31,0, Damaged beyond repair,-,Fokker F-27 Friendship 200,-,-,1962,26104.0,38491.0, ST-AAR, 10193,Sudan Airways,Domestic Scheduled Passenger,-,-,-,-,-,Eldebba Airport,EDB,HSDB,Sudan,5,26,0,0,-,-,-
19850704-0,Thursday,04-JUL-1985,-,H2, En route (ENR),"Brisbane-Eagle Farm Airport, QLD (BNE)",Australia,-,0, None,-,Airbus A300B4-203,2,General Electric CF6-50C2,1981,-,-, P2-ANG, 134,Air Niugini,International Scheduled Passenger,   3,Port Moresby-Jackson Field,POM,AYPY,Papua New Guinea,-,-,-,-,-,-,0,0,-,-,-
19850704-1,Thursday,04-JUL-1985,-,A1, Takeoff (TOF),Baykit (BKT),Russia,-,0, Damaged beyond repair,-,Antonov An-2R,-,-,-,-,-, CCCP-55710, 1G49-02,Aeroflot / Krasnoyarsk,Cargo,-,Baykit,BKT,UNIB,Russia,-,-,-,-,-,-,0,0,-,-,-
19850704-2,Thursday,04-JUL-1985,18:59,A2, Landing (LDG),Calcutta-Dum Dum Airport (CCU),India,3,0, Substantial, Repaired,McDonnell Douglas DC-8-73CF,4,CFMI CFM56-2C1,1968,-,-, N816EV, 45990/375,Evergreen International,Cargo,-,Hong Kong-Kai Tak International Airport,HKG,VHHH,Hong Kong,Calcutta-Dum Dum Airport,CCU,VECC,India,3,0,0,0,-,-,Final
19850707-0,Sunday,07-JUL-1985,01:15,A1, Takeoff (TOF),"Egegik Airport, AK (EGX)",United States of America,3,0, Destroyed, Written off (damaged beyond repair),Douglas C-118A (DC-6),4,Pratt & Whitney R-2800-52W,1955,-,22655.0, N2878F, 44660/627,Northern Pacific Transport,Unknown,-,Egegik Airport,EGX,PAII,United States of America,Kodiak Airport,ADQ,PADQ,United States of America,3,0,0,0,-,-,Final
19850707-1,Sunday,07-JUL-1985,12:55,A1, Initial climb (ICL),near Villavicencio-La Vanguardia Airport (VVC),Colombia,6,3, Damaged beyond repair,-,Douglas DC-3A,-,-,1943,-,-, HK-1340, 11704,LACOL Colombia,Cargo,-,Villavicencio-La Vanguardia Airport,VVC,SKVV,Colombia,Carurú Airport,CUO,SKCR,Colombia,-,-,-,-,-,-,Preliminary - official
19850707-2,Sunday,07-JUL-1985,-,A1, En route (ENR),"Krasny Yar district, Kuibyshev region",Russia,2,0, Damaged beyond repair,-,Antonov An-2R,-,-,1971,-,-, CCCP-06255, 1G127-11,Aeroflot / Privolzhsk,Agricultural,-,-,-,-,-,-,-,-,-,2,0,0,0,-,-,-
19850710-0,Wednesday,10-JUL-1985,23:46,A1, En route (ENR),near Uchkuduk,Uzbekistan,200,200, Destroyed, Written off (damaged beyond repair),Tupolev Tu-154B-2,3,Kuznetsov NK-8-2U,1978,-,-, CCCP-85311, 78A311,Aeroflot / Uzbekistan,Domestic Scheduled Passenger,SU7425,Karshi Airport,KSQ,UTSL,Uzbekistan,Ufa Airport,UFA,UWUU,Russia,9,191,9,191,-,-,-
19850711-0,Thursday,11-JUL-1985,-,C1, En route (ENR),22 km (13.8 mls) from  Kandahar Airport (KDH),Afghanistan,14,14, Damaged beyond repair,-,Antonov An-12,-,-,-,-,-, registration unknown,-,Soviet AF,Military,-,Kandahar Airport,KDH,OAKN,Afghanistan,-,-,-,-,-,-,-,-,-,-,-
19850714-0,Sunday,14-JUL-1985,-,A1, Unknown (UNK),"Lac Hélène, QC",Canada,-,-, Damaged beyond repair,-,de Havilland Canada DHC-3 Otter,-,-,1952,-,-, C-FIOD, 6,Propair,Unknown,-,-,-,-,-,-,-,-,-,-,-,-,-,-,-,-
19850715-0,Monday,15-JUL-1985,-,A1, Maneuvering (MNV),"Selitrennoye, Kharabali district, Astrakhan region",Russia,2,0, Damaged beyond repair,-,Antonov An-2R,-,-,1964,-,-, CCCP-55706, 1G48-38,Aeroflot / Georgia,Agricultural,-,-,-,-,-,-,-,-,-,2,0,0,0,-,-,-
19850717-0,Wednesday,17-JUL-1985,18:10,A1, Takeoff (TOF),"Riverside-March AFB, CA (RIV)",United States of America,19,0, Damaged beyond repair,-,Convair CV-990-30A-5 Coronado,4,General Electric CJ805-23B,1961,4974.0,12104.0, N712NA, 30-10-37,NASA,Survey/research,-,Riverside-March AFB,RIV,KRIV,United States of America,Riverside-March AFB,RIV,KRIV,United States of America,4,15,0,0,-,-,Final
19850724-0,Wednesday,24-JUL-1985,-,A1, En route (ENR),32 km (20 mls) N of Leticia,Colombia,80,80, Destroyed, Written off (damaged beyond repair),Douglas DC-6B,4,Pratt & Whitney R-2800,1956,-,-, FAC-902, 45067/709,Colombian AF,Domestic Scheduled Passenger,-,Leticia-Alfredo Vásquez Cobo Airport,LET,SKLT,Colombia,Bogotá-Eldorado Airport,BOG,SKBO,Colombia,4,76,4,76,-,-,-
19850724-1,Wednesday,24-JUL-1985,-,A1, Landing (LDG),Bodensee,Germany,2,0, Damaged beyond repair,-,Dornier CD-01A Seastar,-,-,1984,-,-, D-ICDS, 001,Dornier,Test,-,-,-,-,-,-,-,-,-,2,0,0,0,-,-,-
19850726-0,Friday,26-JUL-1985,-,A1, Unknown (UNK),"Mt. Komendant, Ola district, Magadan region",Russia,7,7, Damaged beyond repair,-,Ilyushin Il-14,-,-,-,-,-, registration unknown,-,Soviet AF,Military,-,-,-,-,-,-,-,-,-,7,0,7,0,-,-,-
19850729-1,Monday,29-JUL-1985,15:38,A1, Maneuvering (MNV),"Northport, WA",United States of America,2,2, Destroyed, Written off (damaged beyond repair),Consolidated PBY-6A Catalina,2,Wright R-2600-20,-,-,4415.0, N2886D, 64034,Aries Aire,Fire fighting,-,-,-,-,-,-,-,-,-,2,0,2,0,-,-,Final
19850730-0,Tuesday,30-JUL-1985,-,C2, Unknown (UNK),Luabo,Zimbabwe,1,1, Substantial, Repaired,Pilatus Britten-Norman BN-2A Islander,-,-,1970,-,-, Z-WHX, 192,United Air Charters,Unknown,-,-,-,-,-,-,-,-,-,1,0,1,0,-,-,-
19850802-0,Friday,02-AUG-1985,18:05,A1, Approach (APR),"Dallas/Fort Worth International Airport, TX (DFW)",United States of America,163,134, Destroyed, Written off (damaged beyond repair),Lockheed L-1011 TriStar 1,3,Rolls-Royce RB211-22B,1979,11186.0,20555.0, N726DA, 1163,Delta Air Lines,Domestic Scheduled Passenger,DL191,Fort Lauderdale International Airport,FLL,KFLL,United States of America,Dallas/Fort Worth International Airport,DFW,KDFW,United States of America,11,152,8,126,-,1,Final
19850804-0,Sunday,04-AUG-1985,-,A1, Initial climb (ICL),Mocoa,Colombia,16,0, Damaged beyond repair,-,Embraer EMB-110P1 Bandeirante,2,Pratt & Whitney Canada PT6A-34,1980,-,-, HK-2593, 110302,AIRES Colombia,Domestic Scheduled Passenger,-,Villagarzón Airport,VGZ,SKVG,Colombia,Puerto Asís-Tres de Mayo Airport,PUU,SKAS,Colombia,2,14,0,0,-,-,-
19850805-0,Monday,05-AUG-1985,-,H2, En route (ENR),Bandar Abbas Airport (BND),Iran,-,1, None,-,Boeing 727,-,-,-,-,-, registration unknown,-,Iran Air,Domestic Scheduled Passenger,-,Tehran-Mehrabad Airport,THR,OIII,Iran,Bandar Abbas Airport,BND,OIKB,Iran,-,-,0,1,-,-,-
19850812-0,Monday,12-AUG-1985,-,A1, Unknown (UNK),near Mulia Airport (LII),Indonesia,19,2, Damaged beyond repair,-,de Havilland Canada DHC-6 Twin Otter 300,2,Pratt & Whitney Canada PT6A-27,1972,-,-, PK-NUG, 346,Merpati Nusantara,Domestic Scheduled Passenger,-,-,-,-,-,-,-,-,-,3,16,0,2,-,-,-
19850812-1,Monday,12-AUG-1985,18:56,A1, En route (ENR),"26 km (16.3 mls) SW of Ueno Village, Tano District, Gunma Prefecture",Japan,524,520, Destroyed, Written off (damaged beyond repair),Boeing 747SR-46,4,Pratt & Whitney JT9D-7A,1974,18835.0,25030.0, JA8119, 20783/230,JAL,Domestic Scheduled Passenger,JL123,Tokyo-Haneda Airport,HND,RJTT,Japan,Osaka-Itami Airport,ITM,RJOO,Japan,15,509,15,505,-,-,Final
19850812-2,Monday,12-AUG-1985,10:15,A1, Maneuvering (MNV),"Quinlan, TX",United States of America,2,0, Damaged beyond repair,-,Beechcraft 200 Super King Air,2,Pratt & Whitney Canada PT6A-41,1976,-,3040.0, N100HC, BB-98,Jet Fleet,Training,-,Dallas-Love Field,DAL,KDAL,United States of America,Dallas-Love Field,DAL,KDAL,United States of America,2,0,0,0,3,-,Final
19850813-0,Tuesday,13-AUG-1985,-,A1, Unknown (UNK),at an unknown location,Unknown country,-,-, Damaged beyond repair,-,Antonov An-2R,-,-,-,-,-, YR-PVU, 1G175-19,Aviatia Utilitara,Unknown,-,-,-,-,-,-,-,-,-,-,-,-,-,-,-,-
19850815-0,Thursday,15-AUG-1985,-,A2, En route (ENR),Aden,Yemen,73,3, Substantial, Repaired,Boeing 707-336C,-,-,1970,-,-, 7O-ACO, 20374/838,Alyemda,Scheduled Passenger,-,Aden International Airport,ADE,ODAA,Yemen,-,-,-,-,8,65,1,2,-,-,-
19850819-0,Monday,19-AUG-1985,-,A1, Takeoff (TOF),La Paz-El Alto Airport (LPB),Bolivia,3,0, Damaged beyond repair,-,Martin 4-0-4,-,-,1952,-,-, CP-1704, 14172,CAN,Unknown,-,La Paz-El Alto Airport,LPB,SLLP,Bolivia,-,-,-,-,3,0,0,0,-,-,-
19850820-0,Tuesday,20-AUG-1985,02:05,A1, Approach (APR),"12 km (7.5 mls) N of Gulkana, AK",United States of America,3,3, Destroyed, Written off (damaged beyond repair),Learjet 24XR,2,General Electric CJ610-6,-,-,6645.0, N455JA, 24-300,ERA-Jet Alaska,Unknown,-,Anchorage International Airport,ANC,PANC,United States of America,Gulkana Airport,GKN,PAGK,United States of America,2,1,2,1,-,-,Final
19850820-1,Tuesday,20-AUG-1985,04:23,A2, Landing (LDG),"Katherine-Tindal Airport, NT (KTR)",Australia,2,0, Substantial, Repaired,Learjet 35,-,-,1979,-,-, VH-WFE, 35-221,Wards Express,Cargo,-,Alice Springs Airport,ASP,YBAS,Australia,Katherine-Tindal Airport,KTR,YPTN,Australia,2,0,0,0,-,-,Final
19850821-0,Wednesday,21-AUG-1985,-,C1, Standing (STD),Beirut International Airport (BEY),Lebanon,0,0, Damaged beyond repair,-,Boeing 720-023B,4,Pratt & Whitney JT3D-1-MC7,1961,-,-, OD-AFL, 18034/207,MEA,Unknown,-,-,-,-,-,-,-,-,-,0,0,0,0,-,-,-
19850821-1,Wednesday,21-AUG-1985,-,C1, Standing (STD),Beirut International Airport (BEY),Lebanon,0,0, Damaged beyond repair,-,Boeing 720-047B,4,Pratt & Whitney JT3D-3B,1966,-,-, OD-AGQ, 19160/470,MEA,Unknown,-,-,-,-,-,-,-,-,-,0,0,0,0,-,-,-
19850822-0,Thursday,22-AUG-1985,07:13,A1, Takeoff (TOF),Manchester International Airport (MAN),United Kingdom,137,55, Destroyed, Written off (damaged beyond repair),Boeing 737-236,2,Pratt & Whitney JT8D-15A,1981,5907.0,12977.0, G-BGJL, 22033/743,British Airtours,Int'l Non Scheduled Passenger,KT328,Manchester International Airport,MAN,EGCC,United Kingdom,Kerkyra-I. Kapodistrias Airport,CFU,LGKR,Greece,6,131,2,53,-,-,Final
19850825-0,Sunday,25-AUG-1985,22:05,A1, Approach (APR),"1,6 km (1 mls) SW of Auburn Airport, ME (LEW)",United States of America,8,8, Destroyed, Written off (damaged beyond repair),Beechcraft 99 Airliner,2,Pratt & Whitney Canada PT6A-20,1968,-,30335.0, N300WP, U- 22,Bar Harbor Airlines,Domestic Scheduled Passenger,1808,Boston-Logan International Airport,BOS,KBOS,United States of America,Auburn Airport,LEW,KLEW,United States of America,2,6,2,6,-,-,Final
19850827-0,Tuesday,27-AUG-1985,-,A1, Approach (APR),"1,5 km (0.9 mls) from  Marysville-Beale AFB, CA (BAB/KBAB) [N]",United States of America,7,7, Damaged beyond repair,-,Boeing KC-135A Stratotanker,4,Pratt & Whitney J57-P,1959,-,9936.0, 59-1443, 17931/346,USAF,Military,-,Marysville-Beale AFB,BAB,KBAB,United States of America,Marysville-Beale AFB,BAB,KBAB,United States of America,7,0,7,0,-,-,-
19850828-0,Wednesday,28-AUG-1985,01:45,A1, Maneuvering (MNV),"11 km (6.9 mls) E of Hickory, NC",United States of America,3,3, Destroyed, Written off (damaged beyond repair),Beechcraft C99 Commuter,2,Pratt & Whitney Canada PT6A-36,1981,-,7651.0, N992SB, U-170,Sunbird Airlines,Training,-,Hickory Airport,HKY,KHKY,United States of America,Charlotte-Douglas Airport,CLT,KCLT,United States of America,3,0,3,0,-,-,Final
19850829-0,Thursday,29-AUG-1985,15:00,A1, Maneuvering (MNV),"2 km (1.3 mls) from  Nurallao, Sardinia",Italy,4,4, Damaged beyond repair,-,Alenia G-222SAA,-,-,-,-,-, MM62131, 4044,Italian AF,Fire fighting,-,Cagliari-Elmas Airport,CAG,LIEE,Italy,-,-,-,-,4,0,4,0,-,-,-
19850830-0,Friday,30-AUG-1985,08:30,A1, En route (ENR),17 km (10.6 mls) S of Kokoda Airport (KKD),Papua New Guinea,5,3, Damaged beyond repair,-,Britten-Norman BN-2A Islander,2,Lycoming O-540-E4C5,1969,-,-, P2-DNW, 67,Douglas Airways,Domestic Scheduled Passenger,-,Port Moresby-Jacksons International Airport,POM,AYPY,Papua New Guinea,-,-,-,-,1,4,1,2,-,-,-
19850901-0,Sunday,01-SEP-1985,-,A1, Approach (APR),near Yunkyur Airstrip,Russia,14,0, Damaged beyond repair,-,Antonov An-2P,-,-,1969,-,3329.0, CCCP-01789, 1G107-36,Aeroflot / Yakutsk,Passenger,-,-,-,-,-,-,-,-,-,2,12,0,0,-,-,-
19850904-0,Wednesday,04-SEP-1985,-,C1, En route (ENR),18 km (11.3 mls) W of Kandahar,Afghanistan,52,52, Damaged beyond repair,-,Antonov An-26,-,-,1985,-,-, YA-BAM, 14106,Bakhtar Afghan,Domestic Scheduled Passenger,-,Kandahar Airport,KDH,OAKN,Afghanistan,Farah Airport,FAH,OAFR,Afghanistan,5,47,5,47,-,-,-
19850906-0,Friday,06-SEP-1985,15:21,A1, Initial climb (ICL),"0,5 km (0.3 mls) SW of Milwaukee-General Mitchell Airport, WI (MKE)",United States of America,31,31, Destroyed, Written off (damaged beyond repair),McDonnell Douglas DC-9-14,2,Pratt & Whitney JT8D-7B,1968,48903.0,31892.0, N100ME, 47309/393,Midwest Express,Domestic Scheduled Passenger, 105,Milwaukee-General Mitchell Airport,MKE,KMKE,United States of America,Atlanta-William B. Hartsfield International Airport,ATL,KATL,United States of America,4,27,4,27,-,-,Final
19850910-0,Tuesday,10-SEP-1985,-,A1, Approach (APR),"East Naples, FL",United States of America,2,0, Damaged beyond repair,-,Douglas DC-3,-,-,-,-,-, registration unknown,-,Collier County Mosquito Control,Agricultural,-,-,-,-,-,-,-,-,-,2,0,0,0,-,-,-
19850915-0,Sunday,15-SEP-1985,-,O2, Unknown (UNK),Islamabad International Airport (ISB),Pakistan,-,0, Substantial, Repaired,de Havilland Canada DHC-6 Twin Otter 300,2,Pratt & Whitney Canada PT6A-27,1981,-,-, AP-BCH, 768,PIA,Unknown,-,Islamabad International Airport,ISB,OPRN,Pakistan,-,-,-,-,-,-,0,0,-,-,-
19850922-0,Sunday,22-SEP-1985,12:36,A1, Approach (APR),"Auburn, AL",United States of America,7,1, Destroyed, Written off (damaged beyond repair),Learjet 35A,2,Garrett TFE731-2-2B,1977,-,4171.0, N873LP, 35A-104,Louisiana Pacific,Executive,-,Destin Airport,DSI,KDTS,United States of America,Auburn-Opelika Airport,AUO,KAOU,United States of America,2,5,1,0,1,-,Final
19850923-0,Monday,23-SEP-1985,10:20,A1, Approach (APR),"11 km (6.9 mls) ESE of Staunton-Shenandoah Valley Airport, VA (SHD)",United States of America,14,14, Destroyed, Written off (damaged beyond repair),Beechcraft B99 Airliner,2,Pratt & Whitney Canada PT6A-27,1974,-,-, N339HA, U-156,Henson Airlines,Domestic Scheduled Passenger,1517,Baltimore/Washington International Airport,BWI,KBWI,United States of America,Staunton-Shenandoah Valley Airport,SHD,KSHD,United States of America,2,12,2,12,-,-,Final
19850923-1,Monday,23-SEP-1985,10:25,A1, Landing (LDG),"West Chicago-Dupage County Airport, IL (DPA'",United States of America,2,0, Substantial, Written off (damaged beyond repair),Dassault Falcon 10,2,Garrett TFE731-2-1C,-,-,537.0, N700DK, 191,Durakool,Executive,-,Elkhart Municipal Airport,EKI,KEKM,United States of America,Chicago-Dupage County Airport,DPA,KDPA,United States of America,2,0,0,0,-,-,Final
19850923-2,Monday,23-SEP-1985,-,U1, Unknown (UNK),at an unknown location,Angola,-,-, Damaged beyond repair,-,IRMA/Pilatus Britten-Norman BN-2 Islander,-,-,1981,-,-, I-302, 896,Angolan AF,Military,-,-,-,-,-,-,-,-,-,-,-,-,-,-,-,-
19850925-0,Wednesday,25-SEP-1985,13:33,A2, Landing (LDG),"Unalaska Airport, AK (DUT)",United States of America,21,0, Substantial, Repaired,Boeing 737-2X6C,2,Pratt & Whitney JT8D-17A,1985,-,614.0, N674MA, 23292/1113,MarkAir,Domestic Scheduled Passenger,-,Anchorage-Ted Stevens International Airport,ANC,PANC,United States of America,Unalaska Airport,DUT,PADU,United States of America,4,17,0,0,-,-,Final
19850925-1,Wednesday,25-SEP-1985,-,A1, En route (ENR),36 km (22.5 mls) from  Kharkov,Ukraine,9,9, Damaged beyond repair,-,Antonov An-12,-,-,1961,5707.0,14251.0, CCCP-69321, 1901708,MAP Kom na Amu APO,Cargo,-,Dnepropetrovsk Airport,DNK,UKDD,Ukraine,Moskva-Domodedovo Airport,DME,UUDD,Russia,5,4,5,4,-,-,-
19850926-0,Thursday,26-SEP-1985,15:00,A1, Unknown (UNK),Kilifas Gap,Papua New Guinea,4,4, Damaged beyond repair,-,Britten-Norman BN-2 Islander,2,Lycoming O-540-E4C5,1968,-,-, P2-DNI, 28,Douglas Airways,Passenger,-,-,-,-,-,-,-,-,-,1,3,1,3,-,-,-
19850929-0,Sunday,29-SEP-1985,12:30,A1, Initial climb (ICL),"near Jenkinsburg, GA",United States of America,17,17, Destroyed, Written off (damaged beyond repair),Cessna 208 Caravan I,1,Pratt & Whitney Canada PT6A-114,1985,-,350.0, N551CC, 20800017,Air Carriers Express,Parachuting,-,-,-,-,-,-,-,-,-,1,16,1,16,-,-,Final
19850999-0,-,xx-SEP-1985,-,A1, Unknown (UNK),within Arizona,United States of America,-,0, Damaged beyond repair,-,Grumman G-159 Gulfstream I,-,-,1961,-,-, N720X,  73,private,Illegal Flight,-,-,-,-,-,-,-,-,-,-,-,0,0,-,-,-
19851009-0,Wednesday,09-OCT-1985,19:00,A1, Initial climb (ICL),"2 km (1.3 mls) SE of Vitória da Conquista Airport, BA (VDC)",Brazil,2,2, Damaged beyond repair,-,Embraer EMB-110C Bandeirante,-,-,1976,-,-, PT-GKA, 110090,Nordeste Linhas Aéreas,Cargo,-,Vitória da Conquista Airport,VDC,SBQV,Brazil,Salvador-Dois de Julho International Airport,SSA,SBSV,Brazil,2,0,2,0,-,-,-
19851009-1,Wednesday,09-OCT-1985,-,A1, Unknown (UNK),Mbuji-Mayi Airport (MJM),Democratic Republic of the Congo,-,0, Damaged beyond repair,-,Sud Aviation SE-210 Caravelle VI-N,-,-,1961,-,-, 9Q-CMD,  74,African Air Charter,-,-,-,-,-,-,-,-,-,-,-,-,0,0,-,-,Preliminary
19851010-0,Thursday,10-OCT-1985,00:59,A1, En route (ENR),"13 km (8.1 mls) E off  Sydney-Kingsford Smith International Airport, NSW (SYD)",Australia,2,2, Damaged beyond repair,-,IAI 1124 Westwind,2,Garrett TFE731-3-1G,1982,-,3105.0, VH-IWJ, 371,Pel-Air,Cargo, 474,Sydney-Kingsford Smith International Airport,SYD,YSSY,Australia,-,-,-,-,2,0,2,0,-,-,Final
19851011-1,Friday,11-OCT-1985,-,A1, En route (ENR),within Beni Department,Bolivia,2,2, Damaged beyond repair,-,Curtiss C-46D-10-CU Commando,-,-,1944,-,-, CP-1593, 32936,SABENI,Cargo,-,-,-,-,-,La Paz-El Alto Airport,LPB,SLLP,Bolivia,2,0,2,0,-,-,-
19851011-2,Friday,11-OCT-1985,10:09,A1, En route (ENR),47 km (29.4 mls) W of Kutaisi,Georgia,14,14, Damaged beyond repair,-,Yakovlev Yak-40,3,Ivchenko AI-25,1972,-,-, CCCP-87803, 9230923,Aeroflot / Georgia,Domestic Scheduled Passenger,-,Kutaisi Airport,KUT,UGKO,Georgia,-,-,-,-,4,10,4,10,-,-,-
19851011-3,Friday,11-OCT-1985,21:40,A1, En route (ENR),"Homer City, PA",United States of America,1,1, Destroyed, Written off (damaged beyond repair),de Havilland Canada DHC-6 Twin Otter 200,2,Pratt & Whitney Canada PT6A-20,1969,-,33487.0, N3257, 192,Mountain Air Cargo,Cargo,-,State College-University Park Airport,SCE,KUNV,United States of America,Pittsburgh International Airport,PIT,KPIT,United States of America,1,0,1,0,-,-,Final
19851012-1,Saturday,12-OCT-1985,-,A1, Approach (APR),"ca 1,5 km from Putao Airport (PBU)",Myanmar,4,4, Damaged beyond repair,-,Fokker F-27 Friendship 600,-,-,1974,23691.0,25348.0, XY-ADS, 10501,Burma Airways,Cargo,-,-,-,-,-,Putao Airport,PBU,VYPT,Myanmar,2,2,2,2,-,-,-
19851018-0,Friday,18-OCT-1985,-,A2, En route (ENR),130 km (81.3 mls) from  Singapore,Indian Ocean,118,0, Substantial, Repaired,Lockheed L-1011 TriStar 500,3,Rolls-Royce RB211-524B4-02,1982,-,-, JY-AGE, 1238,Alia,International Scheduled Passenger,RJ182,Abu Dhabi International Airport,AUH,OMAA,United Arab Emirates,Singapore-Changi International Airport,SIN,WSSS,Singapore,10,108,0,0,-,-,-
19851019-0,Saturday,19-OCT-1985,15:35,A1, Landing (LDG),"Bloomington-Monroe County Airport, IN (BMG)",United States of America,28,0, Destroyed, Written off (damaged beyond repair),Vickers 835 Viscount,4,Rolls-Royce Dart 525,1959,-,11707.0, N923RC, 320,Ray Charles,Domestic Non Scheduled Passenger,-,Lexington-Blue Grass Airport,LEX,KLEX,United States of America,Bloomington-Monroe County Airport,BMG,KBMG,United States of America,2,26,0,0,-,-,Final
19851020-0,Sunday,20-OCT-1985,-,A1, Approach (APR),"Rio de Janeiro-Galeão International Airport, RJ (GIG)",Brazil,3,0, Damaged beyond repair,-,Embraer C-95B Bandeirante (EMB-110),-,-,1980,-,-, 2302, 110255,Brazilian AF,Military,-,Rio de Janeiro-Galeão International Airport,GIG,SBGL,Brazil,Rio de Janeiro-Galeão International Airport,GIG,SBGL,Brazil,3,0,0,0,-,-,-
19851022-0,Tuesday,22-OCT-1985,-,A1, Landing (LDG),Enshi Airport (ENH),China,25,0, Damaged beyond repair,-,Shorts 360-100,-,-,1985,-,-, B-3606, SH.3673,CAAC,Domestic Scheduled Passenger,-,Wuhan Tianhe International Airport,WUH,ZHHH,China,Enshi Airport,ENH,ZHES,China,4,21,0,0,-,-,-
19851022-1,Tuesday,22-OCT-1985,20:43,A1, Approach (APR),"45 km (28.1 mls) W of Juneau International Airport, AK (JNU)",United States of America,4,4, Destroyed, Written off (damaged beyond repair),Learjet 24D,2,General Electric CJ610-6,-,-,6303.0, N456JA, 24-265,ERA-Jet Alaska,Ambulance,-,Anchorage International Airport,ANC,PANC,United States of America,Juneau International Airport,JNU,PAJN,United States of America,4,0,4,0,-,-,Final
19851028-0,Monday,28-OCT-1985,-,U1, Unknown (UNK),Bogotá,Colombia,-,-, Damaged beyond repair,-,Beechcraft 200 Super King Air,-,-,1978,-,-, HK-2489, BB-393,Unknown,Unknown,-,-,-,-,-,-,-,-,-,-,-,-,-,-,-,-
19851030-0,Wednesday,30-OCT-1985,-,C2, Standing (STD),"Dallas/Fort Worth International Airport, TX (DFW)",United States of America,-,0, Minor, Repaired,Boeing 727,-,-,-,-,-, registration unknown,-,American Airlines,Domestic Scheduled Passenger,AA203,Austin-Bergstrom International Airport,AUS,KAUS,United States of America,Dallas/Fort Worth International Airport,DFW,KDFW,United States of America,-,-,0,0,-,-,-
19851101-0,Friday,01-NOV-1985,09:50,A1, Initial climb (ICL),"Bethel Airport, AK (BET)",United States of America,4,2, Destroyed, Written off (damaged beyond repair),Cessna 208 Caravan I,1,Pratt & Whitney Canada PT6A-114,1985,-,860.0, N9241F, 20800006,Hermens Air,Domestic Scheduled Passenger,  36,Bethel Airport,BET,PABE,United States of America,Chevak Airport,VAK,PAVA,United States of America,1,3,1,1,-,-,Final
19851102-0,Saturday,02-NOV-1985,-,H2, En route (ENR),Tehran-Mehrabad Airport (THR),Iran,-,0, None,-,Boeing 707-300,-,-,-,-,-, registration unknown,-,Iran Air,Domestic Scheduled Passenger,-,Bandar Abbas Airport,BND,OIKB,Iran,Tehran-Mehrabad Airport,THR,OIII,Iran,-,-,0,0,-,-,-
19851107-0,Thursday,07-NOV-1985,07:35,A1, Landing (LDG),"Sparta-White County Airport, TN",United States of America,5,0, Damaged beyond repair,-,Hawker Siddeley HS-125-F400A,2,Garrett TFE731-3-1H,1969,-,8461.0, N984HF, 25183/NA717,Hardees Foods,Executive,-,Rocky Mount-Wilson Airport,RWI,KRWI,United States of America,-,-,-,-,2,3,0,0,-,-,Final
19851110-0,Sunday,10-NOV-1985,17:22,A1, Approach (APR),"7,2 km (4.5 mls) ESE of Teterboro Airport, NJ (TEB)",United States of America,2,2, Destroyed, Written off (damaged beyond repair),Dassault Falcon 50,3,Garrett TFE731-3-1C,-,-,-, N784B, 118,Nabisco Brands,Executive,-,Morristown Municipal Airport,MMU,KMMU,United States of America,Teterboro Airport,TEB,KTEB,United States of America,2,0,2,0,3,1,Final
19851110-1,Sunday,10-NOV-1985,10:00,H2, En route (ENR),Kasese Airport (KSE),Uganda,48,0, None,-,Fokker F-27 Friendship 600,-,-,-,-,-, registration unknown,-,Uganda Airlines,Domestic Scheduled Passenger, 372,Entebbe Airport,EBB,HUEN,Uganda,Arua Airport,RUA,HUAR,Uganda,4,44,0,0,-,-,-
19851115-0,Friday,15-NOV-1985,-,A1, Takeoff (TOF),"Dothan Airport, AL (DHN)",United States of America,3,3, Damaged beyond repair,-,Convair VC-131H Samaritan (CV-580),-,-,1955,-,-, 542817, 221,US Navy,Military,-,Dothan Airport,DHN,KDHN,United States of America,-,-,-,-,3,0,3,0,-,-,-
19851119-0,Tuesday,19-NOV-1985,-,H2, Standing (STD),"Phoenix-Sky Harbor International Airport, AZ (PHX)",United States of America,63,0, None,-,Boeing 737,-,-,-,-,-, registration unknown,-,America West,Domestic Scheduled Passenger, 261,Phoenix-Sky Harbor International Airport,PHX,KPHX,United States of America,Ontario International Airport,ONT,KONT,United States of America,5,58,0,0,-,-,-
19851121-0,Thursday,21-NOV-1985,-,A1, Unknown (UNK),Mount Sibayak,Indonesia,11,11, Damaged beyond repair,-,Lockheed C-130H-MP Hercules,-,-,1981,-,-, A-1322, 4898,Indonesian AF,Military,-,-,-,-,-,-,-,-,-,-,-,-,-,-,-,-
19851124-0,Sunday,24-NOV-1985,20:15,H1, Standing (STD),Malta-Luqa Airport (MLA),Malta,98,60, Damaged beyond repair,-,Boeing 737-266,2,Pratt & Whitney JT8D-17,1976,-,-, SU-AYH, 21191/450,EgyptAir,International Scheduled Passenger,MS648,Athens-Ellinikon International Airport,ATH,LGAT,Greece,Cairo International Airport,CAI,HECA,Egypt,6,92,-,-,-,-,-
19851124-1,Sunday,24-NOV-1985,21:14,A2, Landing (LDG),"Edmonton International Airport, AB (YEG)",Canada,6,0, Substantial, Repaired,Grumman American G-1159 Gulfstream II,-,-,1974,-,-, N104AR, 140,Gulfstream Aerospace,Executive,-,-,-,-,-,Edmonton Municipal Airport,YXD,CYXD,Canada,3,3,0,0,-,-,Final
19851125-0,Monday,25-NOV-1985,-,C1, En route (ENR),ca 43 km E of Menongue Airport (SPP),Angola,21,21, Destroyed, Written off (damaged beyond repair),Antonov An-12BP,4,Ivchenko AI-20M,1976,-,-, CCCP-11747, 5343609,Soviet AF,Military,-,Cuito Cuanavale Airport,CTI,FNCV,Angola,Menongue Airport,SPP,FNME,Angola,8,13,8,13,-,-,-
19851130-0,Saturday,30-NOV-1985,-,A1, Landing (LDG),Medan-Polonia Airport (MES),Indonesia,45,0, Damaged beyond repair,-,Lockheed L-188C Electra,-,-,1959,-,-, PK-RLG, 2008,Mandala Airlines,Domestic Scheduled Passenger,-,-,-,-,-,Padang-Tabing Airport,PDG,WIMG,Indonesia,8,37,0,0,-,-,-
19851202-0,Monday,02-DEC-1985,06:34,A1, Landing (LDG),"Rio de Janeiro-Galeão International Airport, RJ (GIG)",Brazil,282,0, Damaged beyond repair,-,Boeing 747-228B,4,General Electric CF6-50E,1980,-,22762.0, F-GCBC, 22427/485,Air France,International Scheduled Passenger,AF091,Paris-Charles de Gaulle Airport,CDG,LFPG,France,Rio de Janeiro-Galeão International Airport,GIG,SBGL,Brazil,17,265,0,0,-,-,Final
19851204-0,Wednesday,04-DEC-1985,-,A1, Landing (LDG),Friedrichshafen Airport (FDH),Germany,-,0, Damaged beyond repair,-,Swearingen SA226-TC Metro II,-,-,1979,-,-, D-IASN, TC-297,Delta Air,Unknown,-,-,-,-,-,Friedrichshafen Airport,FDH,EDNY,Germany,-,-,0,0,-,-,-
19851207-0,Saturday,07-DEC-1985,-,A2, Initial climb (ICL),Dublin Airport (DUB),Ireland,123,0, Substantial, Repaired,Boeing 737-248,2,Pratt & Whitney JT8D-9A,1969,-,-, EI-ASA, 19424/147,Aer Lingus,International Scheduled Passenger, 156,Dublin Airport,DUB,EIDW,Ireland,London-Heathrow Airport,LHR,EGLL,United Kingdom,6,117,0,0,-,-,-
19851208-0,Sunday,08-DEC-1985,13:39,A1, Approach (APR),"Rochester, MN",United States of America,3,3, Destroyed, Written off (damaged beyond repair),Learjet 35A,2,Garrett TFE731-2-2B,1977,-,-, N15TW, 35A-106,Corporate Air,Training,-,Minneapolis-St. Paul International Airport,MSP,KMSP,United States of America,Rochester Municipal Airport,RST,KRST,United States of America,2,1,2,1,-,-,Final
19851210-0,Tuesday,10-DEC-1985,-,A2, En route (ENR),near Swartkop Air Force Base,South Africa,-,0, Substantial, Repaired,Douglas C-47A-1-DK (DC-3),2,Pratt & Whitney R-1830-92,1943,-,-, 6888, 12107,South African AF,Military,-,-,-,-,-,-,-,-,-,-,-,0,0,-,-,-
19851210-1,Tuesday,10-DEC-1985,-,A2, En route (ENR),near Swartkop Air Force Base,South Africa,-,0, Substantial, Repaired,Douglas C-47B-25-DK (DC-3),-,-,1945,-,-, 6874, 32825/16077,South African AF,Military,-,-,-,-,-,-,-,-,-,-,-,0,0,-,-,-
