identifiant,week_day,date,time,type_event,phase,location,country,total_occupants,total_fatalities,aircraft_damage,aircraft_fate,type_aircraft,number_engines,type_engines,first_flight,cycles,total_airframe_hours,registration,c_n_msn,operator,nature,flight_number,departure_airport_name,departure_airport_IATA,departure_airport_ICAO,departure_airport_country,destination_airport_name,destination_airport_IATA,destination_airport_ICAO,destination_airport_country,crew_number,passengers_number,crew_fatalities,passengers_fatalities,collision_casualties,ground_casualties,status
19920612-0,Friday,12-JUN-1992,12:10,A1, Takeoff (TOF),"Sheboygan Falls, WI",United States of America,2,2, Destroyed, Written off (damaged beyond repair),Learjet 25B,2,General Electric CJ610-6,-,-,9798.0, N38DJ, 25-191,Jet Charter Group,Ferry/positioning,-,Sheboygan Memorial Airport,SBM,KSBM,United States of America,Manitowoc/Newton Municipal Airport,MTW,KMTW,United States of America,2,0,2,0,-,-,Final
19920616-0,Tuesday,16-JUN-1992,14:47,A1, Approach (APR),"Wilmington Airport, DE (ILG)",United States of America,4,4, Damaged beyond repair,-,Beechcraft 200 Super King Air,2,Pratt & Whitney Canada PT6A-41,1976,-,6718.0, N32HG, BB-146,Omega Air Inc,Executive,-,Baltimore-Glenn L. Martin Airport,MTN,KMTN,United States of America,Wilmington Airport,ILG,KILG,United States of America,2,2,2,2,-,-,Final
19920621-0,Sunday,21-JUN-1992,-,A1, Unknown (UNK),Poltavskiy,Russia,-,-, Damaged beyond repair,-,Antonov An-2R,-,-,-,-,-, CCCP-32544, 1G104-21,Aeroflot / Kazakstan,Unknown,-,-,-,-,-,-,-,-,-,-,-,-,-,-,-,-
19920622-0,Monday,22-JUN-1992,-,A1, Takeoff (TOF),Pantelleria Airport (PNL),Italy,18,0, Damaged beyond repair,-,Grumman G-159 Gulfstream I,-,-,1964,-,-, I-MDDD, 143,TAS Airways,Passenger,-,Pantelleria Airport,PNL,LICG,Italy,-,-,-,-,-,-,0,0,-,-,-
19920622-1,Monday,22-JUN-1992,12:45,A1, Approach (APR),Noril'sk Airport (NSK),Russia,12,10, Damaged beyond repair,-,Antonov An-12A,4,Ivchenko AI-20K,1963,6487.0,15654.0, CCCP-11896, 3340906,Krasnoyarskie Avialinii,Cargo,-,Igarka Airport,IAA,UOII,Russia,Omsk Airport,OMS,UNOO,Russia,7,5,6,4,-,-,-
19920622-2,Monday,22-JUN-1992,06:05,A1, Approach (APR),"15 km (9.4 mls) from  Cruzeiro do Sul, AC",Brazil,3,3, Damaged beyond repair,-,Boeing 737-2A1C,2,Pratt & Whitney JT8D-17,1975,-,-, PP-SND, 21188/444,VASP,Cargo,-,Rio Branco-Presidente Médici Airport,RBR,SBRB,Brazil,Cruzeiro do Sul-Campo Internacional Airport,CZS,SBCZ,Brazil,2,1,2,1,-,-,-
19920624-0,Wednesday,24-JUN-1992,22:00,A2, En route (ENR),Cerro Copey,Venezuela,263,0, Substantial, Repaired,Boeing 767-330ER,2,Pratt & Whitney PW4060,1991,-,-, D-ABUZ, 25209/382,Condor Flugdienst,Int'l Non Scheduled Passenger,-,Porlamar-del Caribe Santiago Mariño International Airport,PMV,SVMG,Venezuela,-,-,-,-,12,251,0,0,-,-,Preliminary - official
19920625-2,Thursday,25-JUN-1992,-,A1, En route (ENR),off Batu Island,Indonesia,3,3, Missing, Presumed damaged beyond repair,CASA/Nurtanio NC-212-A4 Aviocar 100,-,-,1979,-,-, PK-VSM, 116/17N,Dirgantara Air Services,Ferry/positioning,-,Singapore-Seletar Airport,XSP,WSSL,Singapore,Pontianak Airport,PNK,WIOO,Indonesia,3,0,3,0,-,-,-
19920699-0,-,xx-JUN-1992,-,O1, Standing (STD),Bratsk Airport (BTK),Russia,0,0, Damaged beyond repair,-,Tupolev Tu-154B-1,3,Kuznetsov NK-8-2U,1978,-,-, CCCP-85282, 78A282,Aeroflot / Uralsk,Unknown,-,-,-,-,-,-,-,-,-,0,0,0,0,-,-,-
19920699-1,-,xx-JUN-1992,-,O1, Standing (STD),Bratsk Airport (BTK),Russia,0,0, Damaged beyond repair,-,Tupolev Tu-154B-1,3,Kuznetsov NK-8-2U,1977,13180.0,31565.0, CCCP-85234, 77A234,Aeroflot / Privolzhsk,Unknown,-,-,-,-,-,-,-,-,-,0,0,0,0,-,-,-
19920701-0,Wednesday,01-JUL-1992,15:40,A2, Landing (LDG),"Devonport Airport, TAS (DPO)",Australia,20,0, Substantial, Repaired,Saab 340A,2,General Electric CT7-5A2,1987,-,7663.0, VH-EKT, 340A-085,Kendell Airlines,Domestic Scheduled Passenger,-,Moorabbin Airport,MBW,YMMB,Australia,Devonport Airport,DPO,YDPO,Australia,3,17,0,0,-,-,Final
19920703-0,Friday,03-JUL-1992,-,A1, Unknown (UNK),Sosnovyy,Russia,-,-, Damaged beyond repair,-,Antonov An-2R,-,-,-,-,-, CCCP-40237, 1G221-42,private,Unknown,-,-,-,-,-,-,-,-,-,-,-,-,-,-,-,-
19920704-0,Saturday,04-JUL-1992,07:07,A2, Initial climb (ICL),"Brisbane International Airport, QLD (BNE)",Australia,105,0, Substantial, Repaired,Boeing 727-277,3,Pratt & Whitney JT8D-15,1981,-,-, VH-ANA, 22641/1753,Ansett Australia,Domestic Scheduled Passenger, 161,Brisbane International Airport,BNE,YBBN,Australia,Sydney-Kingsford Smith International Airport,SYD,YSSY,Australia,9,96,0,0,-,-,Final
19920705-1,Sunday,05-JUL-1992,-,C1, En route (ENR),near Iyakachchi,Sri Lanka,19,19, Damaged beyond repair,-,Shaanxi Yunshuji Y-8D,4,Zhuzhou WJ6,-,-,-, CR872, 060804,Sri Lanka AF,Military,-,-,-,-,-,Jaffna-Palaly Air Base,JAF,VCCJ,Sri Lanka,7,12,7,12,-,-,-
19920705-2,Sunday,05-JUL-1992,-,A2, Takeoff (TOF),Jumla Airport (JUM),Nepal,18,0, Substantial, Repaired,de Havilland Canada DHC-6 Twin Otter 300,2,Pratt & Whitney Canada PT6A-27,1971,-,-, 9N-ABB, 302,Royal Nepal Airlines,Domestic Scheduled Passenger,-,Jumla Airport,JUM,VNJL,Nepal,Surkhet Airport,SKH,VNSK,Nepal,3,15,0,0,-,-,Preliminary
19920706-0,Monday,06-JUL-1992,-,O1, Standing (STD),Reggio Calabria-Tito Menniti Airport (REG),Italy,0,0, Damaged beyond repair,-,GAF Nomad N.22B,-,-,1980,-,-, I-JALA, 107,Alimediterranea,-,-,-,-,-,-,-,-,-,-,0,0,0,0,-,-,Preliminary
19920708-0,Wednesday,08-JUL-1992,-,A1, Unknown (UNK),Ukrainsky,Russia,-,-, Damaged beyond repair,-,Antonov An-2R,-,-,-,-,-, CCCP-07816, 1G169-31,Aeroflot / Central Region,Unknown,-,-,-,-,-,-,-,-,-,-,-,-,-,-,-,-
19920709-0,Thursday,09-JUL-1992,-,A1, Approach (APR),near Concepción-Carriel Sur Airport (CCP),Chile,3,3, Damaged beyond repair,-,Cessna 650 Citation III,-,-,1984,-,-, E-302, 650-0033,Chilean Army,Military,-,-,-,-,-,Concepción-Carriel Sur Airport,CCP,SCIE,Chile,3,0,3,0,-,-,-
19920709-1,Thursday,09-JUL-1992,-,A1, Approach (APR),Büchel,Germany,2,2, Damaged beyond repair,-,Dornier Do 28D-2 Skyservant,-,-,-,-,-, 58+58, 4133,German AF,Military,-,-,-,-,-,-,-,-,-,2,0,2,0,-,-,-
19920710-0,Friday,10-JUL-1992,-,A1, Standing (STD),Newcastle Airport (NCL),United Kingdom,-,0, Damaged beyond repair,-,Shorts 330-100,-,-,1981,-,-, G-OGIL, SH.3068,Gill Air,-,-,-,-,-,-,-,-,-,-,-,-,0,0,-,-,Preliminary
19920713-1,Monday,13-JUL-1992,12:30,A1, Initial climb (ICL),"Bethel Airport, AK (BET)",United States of America,1,1, Destroyed, Written off (damaged beyond repair),Shorts SC.7 Skyvan 3A-200,2,Garrett TPE331-2-201A,1973,-,6390.0, N20086, SH.1918,Arctic Circle Air Service,Cargo,-,Bethel Airport,BET,PABE,United States of America,Chevak Airport,VAK,PAVA,United States of America,1,0,1,0,-,-,Final
19920714-0,Tuesday,14-JUL-1992,-,A1, En route (ENR),Nakhichevan Airport (NAJ),Azerbaijan,34,29, Damaged beyond repair,-,Antonov An-12,-,-,-,-,-, registration unknown,-,Russian AF,Military,-,Nakhichevan Airport,NAJ,UBBN,Azerbaijan,Rostov Airport,ROV,URRR,Russia,7,27,6,23,-,-,-
19920714-1,Tuesday,14-JUL-1992,-,A1, Approach (APR),48 km (30 mls) from  Irkutsk,Russia,7,0, Damaged beyond repair,-,Antonov An-12B,4,Ivchenko AI-20M,1971,12972.0,32700.0, CCCP-11111, 01347906,Magadanaerogruz,Cargo,-,Magadan Airport,GDX,UHMM,Russia,Irkutsk Airport,IKT,UIII,Russia,6,1,0,0,-,-,-
19920714-2,Tuesday,14-JUL-1992,-,A1, En route (ENR),100 km (62.5 mls) E of Sana'a,Yemen,58,58, Damaged beyond repair,-,Antonov An-12,-,-,-,-,-, registration unknown,-,Yemen AF,Military,-,Socotra Airport,SCT,ODSQ,Yemen,Aden International Airport,ADE,ODAA,Yemen,6,52,6,52,-,-,-
19920716-1,Thursday,16-JUL-1992,08:30,A1, En route (ENR),"6,6 km (4.1 mls) N of Colquitt, LA",United States of America,3,3, Destroyed, Written off (damaged beyond repair),Shorts JC-23A Sherpa (330),-,-,1985,-,-, 84-0466, SH.3113,USAF,Military,-,Fort Rucker-Cairns AAF,OZR,KOZR,United States of America,Fort Rucker-Cairns AAF,OZR,KOZR,United States of America,3,0,3,0,-,-,-
19920720-1,Monday,20-JUL-1992,-,A1, Initial climb (ICL),Tbilisi-Novo Alexeyevka Airport (TBS),Georgia,24,24, Destroyed, Written off (damaged beyond repair),Tupolev Tu-154B,3,Kuznetsov NK-8-2U,1977,-,-, 85222, 77A222,Tbilisi Aviation Enterprise,Cargo,-,Tbilisi-Novo Alexeyevka Airport,TBS,UGGG,Georgia,Mineralnye Vody Airport,MRV,URMM,Russia,8,16,8,16,-,4,-
19920721-0,Tuesday,21-JUL-1992,-,O1, Standing (STD),Oostende Airport (OST),Belgium,-,0, Damaged beyond repair,-,Douglas C-47A-60-DL (DC-3),2,Pratt & Whitney R-1830-92,1943,-,-, LX-DKT, 10253,Legend Air,-,-,-,-,-,-,-,-,-,-,-,-,0,0,-,-,-
19920722-0,Wednesday,22-JUL-1992,15:30,A2, En route (ENR),"near McGrath, AK",United States of America,2,0, Substantial, Repaired,de Havilland Canada DHC-3 Otter,1,Pratt & Whitney R-1340-AN2,1959,-,10587.0, N41755, 339,Woods Air Service,Domestic Non Scheduled Passenger,-,Nikolai Airport,NIB,PAFS,United States of America,-,-,-,-,1,1,0,0,-,-,Final
19920724-1,Friday,24-JUL-1992,-,A1, Approach (APR),26 km (16.3 mls) SE of Skopje Airport (SKP),North Macedonia,8,8, Damaged beyond repair,-,Antonov An-12BK,4,Ivchenko AI-20M,1970,4868.0,4537.0, CCCP-11342, 00347607,Volga-Dnepr,Cargo,-,-,-,-,-,Skopje Airport,SKP,LWSK,North Macedonia,6,2,6,2,-,-,-
19920724-2,Friday,24-JUL-1992,16:30,A1, Approach (APR),ca 15 km W of Ambon-Pattimura Airport (AMQ),Indonesia,70,70, Damaged beyond repair,-,Vickers 816 Viscount,-,-,1959,-,-, PK-RVU, 434,Mandala Airlines,Domestic Scheduled Passenger, 660,Ujung Pandang-Hasanudin Airport,UPG,WAAA,Indonesia,Ambon-Pattimura Airport,AMQ,WAPP,Indonesia,7,63,7,63,-,-,-
19920725-0,Saturday,25-JUL-1992,20:30,A1, Unknown (UNK),near Juba,South Sudan,-,-, Damaged beyond repair,-,Lockheed C-130H Hercules,-,-,-,-,-, registration unknown,  ,Sudan AF,Military,-,-,-,-,-,-,-,-,-,-,-,-,-,-,-,-
19920725-1,Saturday,25-JUL-1992,14:00,A2, Landing (LDG),Lanseria Airport (HLA),South Africa,2,0, Substantial, Repaired,Learjet 24XR,-,-,1969,-,-, ZS-MGJ, 24-207,Bonanza Hire,Test,-,Lanseria Airport,HLA,FALA,South Africa,Lanseria Airport,HLA,FALA,South Africa,2,0,0,0,-,-,-
19920727-0,Monday,27-JUL-1992,16:12,A1, Approach (APR),30 km (18.8 mls) E of Mexico City-Benito Juárez International Airport (MEX),Mexico,4,4, Damaged beyond repair,-,Vickers 798D Viscount,-,-,1958,-,-, XA-SCM, 392,Aero Eslava,Ferry/positioning,-,Puebla/Huejotzingo Airport,PBC,MMPB,Mexico,Mexico City-Benito Juárez International Airport,MEX,MMMX,Mexico,2,2,2,2,-,-,Preliminary - official
19920728-0,Tuesday,28-JUL-1992,-,O1, Standing (STD),Sofia Airport (SOF),Bulgaria,-,0, Damaged beyond repair,-,Antonov An-24B,-,-,1967,-,-, LZ-ANN, 67302906,Balkan Bulgarian,Unknown,-,-,-,-,-,-,-,-,-,-,-,0,0,-,-,Preliminary
19920728-1,Tuesday,28-JUL-1992,09:20,A1, En route (ENR),"Icapara, Iguape, SP",Brazil,6,6, Destroyed, Written off (damaged beyond repair),Learjet 25C,-,-,-,-,-, PT-LHU, 25-099,Crasa Taxi Aéreo,Passenger,-,Curitiba-Afonso Pena International Airport,CWB,SBCT,Brazil,-,-,-,-,2,4,2,4,-,-,-
19920730-0,Thursday,30-JUL-1992,17:41,A1, Takeoff (TOF),"New York-John F. Kennedy International Airport, NY (JFK)",United States of America,292,0, Destroyed, Written off (damaged beyond repair),Lockheed L-1011 TriStar 1,3,Rolls-Royce RB211-22B,1972,19659.0,49662.0, N11002, 1014,TWA,Domestic Scheduled Passenger,TW843,New York-John F. Kennedy International Airport,JFK,KJFK,United States of America,San Francisco International Airport,SFO,KSFO,United States of America,12,280,0,0,-,-,Final
19920730-1,Thursday,30-JUL-1992,14:50,A2, Takeoff (TOF),"Calgary International Airport, AB (YYC)",Canada,66,0, Damaged beyond repair,-,Fokker F-28 Fellowship 1000,-,-,1969,-,-, C-GTUU, 11006,Time Air,Domestic Scheduled Passenger,-,Calgary International Airport,YYC,CYYC,Canada,Kelowna Airport,YLW,CYLW,Canada,4,62,0,0,-,-,-
19920731-0,Friday,31-JUL-1992,12:45,A1, En route (ENR),40 km (25 mls) N of Kathmandu-Tribhuvan Airport (KTM),Nepal,113,113, Destroyed, Written off (damaged beyond repair),Airbus A310-304,2,General Electric CF6-80C2A2,1987,-,-, HS-TID, 438,Thai Airways International,International Scheduled Passenger, 311,Bangkok-Don Muang International Airport,BKK,VTBD,Thailand,Kathmandu-Tribhuvan Airport,KTM,VNKT,Nepal,14,99,14,99,-,-,Final
19920731-1,Friday,31-JUL-1992,15:12,A1, Takeoff (TOF),Nanking Airport (NKG),China,126,107, Destroyed, Written off (damaged beyond repair),Yakovlev Yak-42D,3,Lotarev D-36,1991,-,-, B-2755, 4520422116644,China General Avn,Domestic Scheduled Passenger,GP7552,Nanjing Dajiaochang Airport,NKG,ZSNJ,China,Xiamen Airport,XMN,ZSAM,China,10,116,9,98,-,-,-
19920799-0,-,xx-JUL-1992,-,A1, Takeoff (TOF),"Biloxi-Keesler AFB, MS (BIX)",United States of America,-,0, Damaged beyond repair,-,Lockheed KC-130F Hercules,-,-,1962,-,-, 150684, 3727,USMC,Military,-,Biloxi-Keesler AFB,BIX,KBIX,United States of America,-,-,-,-,-,-,0,0,-,-,-
19920801-0,Saturday,01-AUG-1992,-,C1, Standing (STD),Kabul Airport (KBL),Afghanistan,0,0, Damaged beyond repair,-,Tupolev Tu-154M,3,Soloviev D-30KU-154-II,1987,-,-, YA-TAP, 87A747,Ariana Afghan Airlines,-,-,-,-,-,-,-,-,-,-,0,0,0,0,-,-,-
19920801-2,Saturday,01-AUG-1992,-,C1, Standing (STD),Kabul Airport (KBL),Afghanistan,-,-, Damaged beyond repair,-,Yakovlev Yak-40,3,Ivchenko AI-25,1971,-,-, YA-KAB, 9120417,Ariana Afghan Airlines,-,-,-,-,-,-,-,-,-,-,-,-,-,-,-,-,-
19920802-0,Sunday,02-AUG-1992,-,A1, En route (ENR),"Rensselaer, IN",United States of America,3,0, Damaged beyond repair,-,Cessna 500 Citation I,-,-,1974,-,1795.0, N769K, 500-0228,private,Private,-,-,-,-,-,-,-,-,-,-,-,0,0,-,-,- (No safety board investigation)
19920804-0,Tuesday,04-AUG-1992,-,U1, Unknown (UNK),at an unknown location,Unknown country,-,-, Damaged beyond repair,-,CASA C-212-M Aviocar 200,-,-,1985,-,-, T-406, 339,Angolan AF,Military,-,-,-,-,-,-,-,-,-,-,-,-,-,-,-,Preliminary
19920813-0,Thursday,13-AUG-1992,-,H2, En route (ENR),Lviv-Snilow Airport (LWO),Ukraine,88,0, None,-,Yakovlev Yak-42,3,Lotarev D-36,-,-,-, registration unknown,-,Lvovskie avialinii,Domestic Scheduled Passenger,-,Simferopol Airport,SIP,UKFF,Russia,Lviv-Snilow Airport,LWO,UKLL,Ukraine,-,-,0,0,-,-,-
19920821-0,Friday,21-AUG-1992,07:30,A2, En route (ENR),"80 km (50 mls) NE of Schefferville, QC",Canada,7,0, Destroyed, Written off (damaged beyond repair),de Havilland Canada DHC-3 Otter,-,-,1953,-,-, C-FBSF, 9,Air Saguenay,Domestic Non Scheduled Passenger,-,-,-,-,-,-,-,-,-,1,6,0,0,-,-,-
19920821-3,Friday,21-AUG-1992,-,A1, En route (ENR),Mt Chacaltaya,Bolivia,10,10, Damaged beyond repair,-,Convair CV-440-80,-,-,1957,-,-, CP-1961, 405,SASA,Passenger,-,Santa Ana-Yacuma Airport,SBL,SLSA,Bolivia,La Paz-El Alto Airport,LPB,SLLP,Bolivia,3,7,3,7,-,-,-
19920823-0,Sunday,23-AUG-1992,17:17,A2, Approach (APR),Zürich-Kloten Airport (ZRH),Switzerland,145,0, Minor, Repaired,Tupolev Tu-154M,3,Soloviev D-30KU-154-II,1989,-,-, CCCP-85670, 89A828,Aeroflot,Int'l Non Scheduled Passenger,2267,Milano-Malpensa Airport,MXP,LIMC,Italy,Zürich-Kloten Airport,ZRH,LSZH,Switzerland,9,136,0,0,-,-,Final
19920823-1,Sunday,23-AUG-1992,-,A1, Landing (LDG),Sokoto,Nigeria,57,0, Damaged beyond repair,-,BAC One-Eleven 204AF,2,Rolls-Royce Spey 506-14D,1968,-,-, 5N-KBA, 179,Kabo Air,Non Scheduled Passenger,-,-,-,-,-,Sokoto Airport,SKO,DNSO,Nigeria,4,53,0,0,-,-,-
19920824-0,Monday,24-AUG-1992,-,U1, Unknown (UNK),at an unknown location,Unknown country,-,-, Damaged beyond repair,-,CASA C-212-M Aviocar 200,-,-,1985,-,-, T-405, 337,Angolan AF,Military,-,-,-,-,-,-,-,-,-,-,-,-,-,-,-,Preliminary
19920824-1,Monday,24-AUG-1992,-,O1, Standing (STD),"Kendall-Tamiami Airport, FL (TMB)",United States of America,0,0, Damaged beyond repair,-,Learjet 24,-,-,-,-,-, N881FC, 24-175,International Flight Charter,-,-,-,-,-,-,-,-,-,-,0,0,0,0,-,-,-
19920824-10,Monday,24-AUG-1992,-,O1, Standing (STD),"Kendall-Tamiami Airport, FL (TMB)",United States of America,0,0, Damaged beyond repair,-,Curtiss C-46D-10-CU Commando,-,-,1945,-,-, N625CL, 33254,International Flight Center,-,-,-,-,-,-,-,-,-,-,0,0,0,0,-,-,-
19920824-11,Monday,24-AUG-1992,-,O1, Standing (STD),"Kendall-Tamiami Airport, FL (TMB)",United States of America,0,0, Damaged beyond repair,-,Douglas DC-6B,4,Pratt & Whitney R-2800,1956,-,-, N1125J, 44888/645,private,-,-,-,-,-,-,-,-,-,-,0,0,0,0,-,-,-
19920824-2,Monday,24-AUG-1992,-,O1, Standing (STD),"Homestead AFB, FL (HST)",United States of America,0,0, Damaged beyond repair,-,Lockheed C-130B Hercules,4,Allison T56-A-7,1959,-,-, 58-0740, 3537,Inter-American AF Academy,Military,-,-,-,-,-,-,-,-,-,0,0,0,0,-,-,-
19920824-3,Monday,24-AUG-1992,-,O1, Standing (STD),"Kendall-Tamiami Airport, FL (TMB)",United States of America,0,0, Damaged beyond repair,-,Curtiss C-46F-1-CU Commando,-,-,1945,-,-, N67977, 22533,Mayo Aviation,-,-,-,-,-,-,-,-,-,-,0,0,0,0,-,-,-
19920824-4,Monday,24-AUG-1992,-,O1, Standing (STD),"Miami International Airport, FL (MIA)",United States of America,0,0, Damaged beyond repair,-,Douglas C-54D-5-DC (DC-4),-,-,1945,-,-, N62433, 10685,private,-,-,-,-,-,-,-,-,-,-,0,0,0,0,-,-,-
19920824-6,Monday,24-AUG-1992,-,O1, Standing (STD),"Miami International Airport, FL (MIA)",United States of America,0,0, Damaged beyond repair,-,Fairchild F-27,-,-,1958,-,-, N273RD,  11,Airlift Int.,-,-,-,-,-,-,-,-,-,-,0,0,0,0,-,-,-
19920824-8,Monday,24-AUG-1992,-,O1, Standing (STD),"Homestead AFB, FL (HST)",United States of America,0,0, Damaged beyond repair,-,Ford 4-AT-B Tri-Motor,3,Wright J-5 Whirlwind,1928,-,-, N7584, 4-AT-38,private,-,-,-,-,-,-,-,-,-,-,0,0,0,0,-,-,-
19920824-9,Monday,24-AUG-1992,-,O1, Standing (STD),"Miami International Airport, FL (MIA)",United States of America,0,0, Damaged beyond repair,-,Fairchild F-27M,-,-,1968,-,-, N276RD, 128,Airlift Int.,-,-,-,-,-,-,-,-,-,-,0,0,0,0,-,-,-
19920825-0,Tuesday,25-AUG-1992,05:15,A1, Initial climb (ICL),"ca 1 km SE of Hot Springs-Memorial Field, AR (HOT)",United States of America,3,3, Destroyed, Written off (damaged beyond repair),Swearingen SA227-AC Metro III,2,Garrett TPE331-611,1983,-,19889.0, N342AE, AC-545,Lone Star Airlines,Test,-,Hot Springs-Memorial Field,HOT,KHOT,United States of America,Hot Springs-Memorial Field,HOT,KHOT,United States of America,3,0,3,0,-,-,Final
19920827-0,Thursday,27-AUG-1992,-,A1, En route (ENR),near San Antonio del Estrecho,Peru,21,8, Damaged beyond repair,-,de Havilland Canada DHC-6 Twin Otter 300,2,Pratt & Whitney Canada PT6A-27,1971,-,-, OB-1153, 316,TANS,Domestic Non Scheduled Passenger,-,Iquitos Airport,IQT,SPQT,Peru,-,-,-,-,3,18,2,6,-,-,-
19920827-1,Thursday,27-AUG-1992,10:20,A1, Initial climb (ICL),"Gimli Airport, MB (YGM)",Canada,3,3, Damaged beyond repair,-,de Havilland Canada DHC-4T Caribou,-,-,1965,-,-, N400NC, 240,NewCal Aviation,Test,-,Gimli Airport,YGM,GYGM,Canada,Gimli Airport,YGM,GYGM,Canada,3,0,3,0,-,-,-
19920827-2,Thursday,27-AUG-1992,11:59,A1, Approach (APR),Delhi-Indira Gandhi International Airport (DEL),India,1,1, Destroyed, Written off (damaged beyond repair),Beechcraft B200C Super King Air,-,-,1987,-,-, VT-EOA, BL-129,Border Security Force,Training,-,Delhi-Indira Gandhi International Airport,DEL,VIDP,India,Delhi-Indira Gandhi International Airport,DEL,VIDP,India,1,0,1,0,-,-,Final
19920827-3,Thursday,27-AUG-1992,22:44,A1, Approach (APR),3 km (1.9 mls) SE of Ivanovo Airport (IWA),Russia,84,84, Destroyed, Written off (damaged beyond repair),Tupolev Tu-134A,-,-,1977,16388.0,26307.0, CCCP-65058, 49868,Aeroflot / Central Region,Domestic Scheduled Passenger,2808,Donetsk Airport,DOK,UKCC,Ukraine,Ivanovo Airport,IWA,UUBI,Russia,7,77,7,77,-,-,Preliminary - official
19920827-4,Thursday,27-AUG-1992,-,O1, Standing (STD),Guam-Agana NAS (NGM),Guam,0,0, Damaged beyond repair,-,Lockheed C-130F Hercules,-,-,1962,-,-, 149794, 3661,US Navy,Military,-,-,-,-,-,-,-,-,-,0,0,0,0,-,-,-
19920827-5,Thursday,27-AUG-1992,09:45,A1, Unknown (UNK),near Metapán,El Salvador,14,12, Damaged beyond repair,-,Fairchild C-123K Provider,-,-,-,-,-, FAES121, 20192 ?,Salvadorian AF,Military,-,-,-,-,-,-,-,-,-,-,-,-,-,-,-,-
19920828-0,Friday,28-AUG-1992,-,H2, En route (ENR),Roma-Ciampino Airport (CIA),Italy,86,0, None,-,Boeing 727-260,3,Pratt & Whitney JT8D-17R,-,-,-, registration unknown,-,Ethiopian Airlines,Domestic Scheduled Passenger, 551,Addis Ababa-Bole Airport,ADD,HAAB,Ethiopia,Bahar Dar Airport,BJR,HABD,Ethiopia,9,77,0,0,-,-,-
19920828-1,Friday,28-AUG-1992,-,O1, Standing (STD),Kabul Airport (KBL),Afghanistan,-,-, Damaged beyond repair,-,Antonov An-26,-,-,-,-,-, YA-BAN, 14304,Ariana Afghan Airlines,-,-,-,-,-,-,-,-,-,-,-,-,-,-,-,-,-
19920828-2,Friday,28-AUG-1992,-,A1, Takeoff (TOF),Banjarmasin-Sjamsudin Noor Airport (BDJ),Indonesia,70,0, Damaged beyond repair,-,Vickers 843 Viscount,4,Rolls-Royce Dart 525F,1963,-,-, PK-IVX, 454,Bouraq Indonesia,Domestic Scheduled Passenger,-,Banjarmasin-Sjamsudin Noor Airport,BDJ,WAOO,Indonesia,-,-,-,-,6,64,0,0,-,-,-
19920828-3,Friday,28-AUG-1992,-,O1, Standing (STD),within Guam,Guam,-,0, Damaged beyond repair,-,Shorts 330-200,-,-,1978,-,-, N74NF, SH.3016,Freedom Air,-,-,-,-,-,-,-,-,-,-,-,-,0,0,-,-,Preliminary
19920828-4,Friday,28-AUG-1992,-,O1, Standing (STD),Kabul Airport (KBL),Afghanistan,-,0, Damaged beyond repair,-,Ilyushin Il-76MD,-,-,1988,-,-, CCCP-78780, 0083489666,Soviet AF,Int'l Non Scheduled Passenger,-,Kabul Airport,KBL,OAKB,Afghanistan,-,-,-,-,-,-,0,0,-,-,-
19920829-0,Saturday,29-AUG-1992,-,A1, Landing (LDG),Kaduna Airport (KAD),Nigeria,72,0, Damaged beyond repair,-,BAC One-Eleven 208AL,2,Rolls-Royce Spey 506-14,1965,-,-, 5N-HTA, 051,Hold Trade Air,Domestic Scheduled Passenger,-,-,-,-,-,Kaduna Airport,KAD,DNKA,Nigeria,6,66,0,0,-,-,-
19920829-1,Saturday,29-AUG-1992,17:40,A1, Landing (LDG),Kharkov Airport (HRK),Ukraine,58,0, Damaged beyond repair,-,Tupolev Tu-134A-3,-,-,1974,18701.0,26173.0, CCCP-65810, 3352201,Aeroflot / Georgia,International Scheduled Passenger,-,-,-,-,-,Kharkov Airport,HRK,UKHH,Ukraine,7,51,0,0,-,-,-
19920831-0,Monday,31-AUG-1992,22:32,A1, Takeoff (TOF),Jamba Airport (JMB),Angola,17,3, Damaged beyond repair,-,Aero Modifications AMI DC-3-65TP,2,Pratt & Whitney Canada PT6A-65AR,1945,-,-, ZS-DHX, 15908/32656,Professional Aviation Services,Domestic Non Scheduled Passenger,-,-,-,-,-,Pretoria-Wonderboom Airport,PRY,FAWB,South Africa,3,14,3,0,-,-,-
19920899-0,-,xx-AUG-1992,-,U1, Unknown (UNK),at an unknown location,Democratic Republic of the Congo,-,0, Damaged beyond repair,-,Lockheed L-188C Electra,-,-,1959,-,-, 9Q-CRY, 1111,New Air Charter Service,Unknown,-,-,-,-,-,-,-,-,-,-,-,0,0,-,-,-
19920902-1,Wednesday,02-SEP-1992,17:03,A2, Landing (LDG),Sibu Airport (SBW),Malaysia,34,0, Substantial, Repaired,Fokker 50,2,Pratt & Whitney Canada PW125B,1989,-,-, 9M-MGG, 20170,Malaysia Airlines,Domestic Scheduled Passenger,-,Kuching Airport,KCH,WBGG,Malaysia,Sibu Airport,SBW,WBGS,Malaysia,4,30,0,0,-,-,-
19920903-0,Thursday,03-SEP-1992,-,C1, En route (ENR),35 km (21.9 mls) W of Sarajevo,Bosnia and Herzegovina,4,4, Damaged beyond repair,-,Alenia G-222TCM,-,-,-,-,-, MM62113, 4017,Italian AF,Military,-,Split Airport,SPU,LDSP,Croatia,Sarajevo Airport,SJJ,LQSA,Bosnia and Herzegovina,4,0,4,0,-,-,-
19920904-0,Friday,04-SEP-1992,-,H2, En route (ENR),Djibouti Airport (JIB),Djibouti,58,0, None,-,Boeing 727-260,3,Pratt & Whitney JT8D-17R,-,-,-, registration unknown,-,Ethiopian Airlines,Domestic Scheduled Passenger, 555,Dire Dawa-Aba Tenna D Yilma Airport,DIR,HADR,Ethiopia,Addis Ababa-Bole Airport,ADD,HAAB,Ethiopia,-,-,0,0,-,-,-
19920904-1,Friday,04-SEP-1992,-,H2, En route (ENR),Ho Chi Minh City-Tan Son Nhat International Airport (SGN),Vietnam,167,0, None,-,Airbus A310-300,-,-,-,-,-, LZ-...,-,Vietnam Airlines,Domestic Non Scheduled Passenger, 850,Bangkok-Don Muang International Airport,BKK,VTBD,Thailand,Ho Chi Minh City-Tan Son Nhat International Airport,SGN,VVTS,Vietnam,12,155,0,0,-,-,-
19920905-0,Saturday,05-SEP-1992,-,A1, Landing (LDG),Kiev-Borispol Airport (KBP),Ukraine,-,0, Damaged beyond repair,-,Tupolev Tu-154B-1,3,Kuznetsov NK-8-2U,1978,-,-, CCCP-85269, 78A269,Air Ukraine,Scheduled Passenger,-,Kiev-Borispol Airport,KBP,UKBB,Ukraine,-,-,-,-,-,147,0,0,-,-,-
19920910-0,Thursday,10-SEP-1992,-,A1, Landing (LDG),Bellavista Airport (BLP),Peru,43,1, Damaged beyond repair,-,Fokker F-27 Friendship 500,-,-,1976,-,-, OB-1443, 10533,Expresso Aéreo,Domestic Scheduled Passenger,-,Tarapoto Airport,TPP,SPST,Peru,Bellavista Airport,BLP,SPBL,Peru,7,36,1,0,-,-,-
19920910-1,Thursday,10-SEP-1992,-,A1, Maneuvering (MNV),off Kechries,Greece,2,0, Damaged beyond repair,-,Canadair CL-215-1A10,2,Pratt & Whitney R-2800-83AM,1983,-,-, 1075, 1075,Hellenic AF,Military,-,-,-,-,-,-,-,-,-,2,0,0,0,-,-,-
19920914-1,Monday,14-SEP-1992,-,A1, Initial climb (ICL),Neryungri Airport (NER),Russia,24,0, Damaged beyond repair,-,Yakovlev Yak-40,3,Ivchenko AI-25,1974,-,-, CCCP-87411, 9420334,Yakutavia,Domestic Scheduled Passenger,-,Neryungri Airport,NER,UELL,Russia,-,-,-,-,4,20,0,0,-,-,-
19920918-0,Friday,18-SEP-1992,-,A1, En route (ENR),240 km (150 mls) NW off  Curaçao [Caribbean Sea],Atlantic Ocean,3,3, Damaged beyond repair,-,Douglas C-118A (DC-6),-,-,1955,-,-, YV-502C, 44656/619,AeroEjecutivos,Cargo,-,Curaçao-Hato International Airport,CUR,TNCC,Curaçao,Miami International Airport,MIA,KMIA,United States of America,3,0,3,0,-,-,-
19920918-1,Friday,18-SEP-1992,13:10,A1, Landing (LDG),"San Antonio International Airport, TX (SAT)",United States of America,2,0, Substantial, Written off (damaged beyond repair),Swearingen SA227-AC Metro III,2,Garrett TPE331-11U,1981,-,17936.0, N2183A, AC-422,Fairchild,Test,-,San Antonio International Airport,SAT,KSAT,United States of America,San Antonio International Airport,SAT,KSAT,United States of America,2,0,0,0,-,-,Final
19920918-2,Friday,18-SEP-1992,-,A1, Unknown (UNK),off Ekimchan,Russia,2,0, Damaged beyond repair,-,Antonov An-2R,-,-,-,-,3929.0, CCCP-40670, 1G214-28,Far East Avia,Unknown,-,-,-,-,-,-,-,-,-,2,0,0,0,-,-,-
19920919-1,Saturday,19-SEP-1992,-,A1, Initial climb (ICL),near Villavicencio-La Vanguardia Airport (VVC),Colombia,11,11, Damaged beyond repair,-,Curtiss C-46F-1-CU Commando,-,-,1945,-,-, HK-3468, 22436,AVESCA,Cargo,-,Villavicencio-La Vanguardia Airport,VVC,SKVV,Colombia,Mitú Airport,MVP,SKMU,Colombia,11,0,11,0,-,-,-
19920921-0,Monday,21-SEP-1992,14:33,A1, Takeoff (TOF),Umeå Airport (UME),Sweden,7,0, Damaged beyond repair,-,IAI 1124 Westwind,2,Garrett TFE731-3-1G,1976,-,-, SE-DLK, 197,Air Sweden,Executive,-,Umeå Airport,UME,ESNU,Sweden,Arvidsjaur Airport,AJR,ESNX,Sweden,2,5,0,0,-,-,Final
19920921-1,Monday,21-SEP-1992,-,A1, Unknown (UNK),11 km (6.9 mls) from  Kalga Airstrip,Russia,-,-, Damaged beyond repair,-,Antonov An-2PF,-,-,-,12825.0,13879.0, CCCP-32596, 1G105-10,Aeroflot / East Siberia,Unknown,-,-,-,-,-,-,-,-,-,-,-,-,-,-,-,-
19920924-0,Thursday,24-SEP-1992,-,O1, Standing (STD),Base Bernardo O'Higgins,Antarctica,0,0, Damaged beyond repair,-,de Havilland Canada DHC-6 Twin Otter 200,2,Pratt & Whitney Canada PT6A-20,1968,-,-, T-84, 172,LADE,Military,-,-,-,-,-,-,-,-,-,0,0,0,0,-,-,-
19920926-0,Saturday,26-SEP-1992,-,A1, Takeoff (TOF),Lukla Airport (LUA),Nepal,14,0, Damaged beyond repair,-,Harbin Yunshuji Y-12 II,2,Pratt & Whitney Canada PT6A-27,1992,-,-, 9N-ACI, 0069,Nepal Airways,Domestic Scheduled Passenger, 602,Lukla Airport,LUA,VNLK,Nepal,Kathmandu-Tribhuvan Airport,KTM,VNKT,Nepal,2,12,0,0,-,-,-
19920926-1,Saturday,26-SEP-1992,17:35,A1, En route (ENR),ca 7 km SSW of Lagos-Murtala Muhammed International Airport (LOS),Nigeria,159,159, Destroyed, Written off (damaged beyond repair),Lockheed C-130H Hercules,-,-,1975,-,-, NAF911, 4624,Nigerian AF,Military,-,Lagos-Murtala Muhammed International Airport,LOS,DNMM,Nigeria,Kaduna Airport,KAD,DNKA,Nigeria,8,151,8,151,-,-,-
19920928-0,Monday,28-SEP-1992,14:30,A1, Approach (APR),18 km (11.3 mls) S of Kathmandu-Tribhuvan Airport (KTM),Nepal,167,167, Destroyed, Written off (damaged beyond repair),Airbus A300B4-203,2,General Electric CF6-50C2,1976,19172.0,39045.0, AP-BCP, 025,PIA,International Scheduled Passenger,PK268,Karachi International Airport,KHI,OPKC,Pakistan,Kathmandu-Tribhuvan Airport,KTM,VNKT,Nepal,19,148,19,148,-,-,Final
19921001-0,Thursday,01-OCT-1992,12:25,A1, Maneuvering (MNV),"near Union Valley Reservoir, CA",United States of America,2,2, Destroyed, Written off (damaged beyond repair),Douglas DC-7B,-,-,1958,-,-, N848D, 45454/979,TBM,Fire fighting,-,Stockton Airport,SCK,KSCK,United States of America,Stockton Airport,SCK,KSCK,United States of America,2,0,2,0,-,-,-
19921004-2,Sunday,04-OCT-1992,18:35,A1, En route (ENR),"Bijlmermeer, Amsterdam",Netherlands,4,4, Destroyed, Written off (damaged beyond repair),Boeing 747-258F,4,Pratt & Whitney JT9D-7J,1979,10107.0,45746.0, 4X-AXG, 21737/362,El Al,Cargo,1862,Amsterdam-Schiphol International Airport,AMS,EHAM,Netherlands,Tel Aviv-Ben Gurion International Airport,TLV,LLBG,Israel,3,1,3,1,-,39,Final
19921006-0,Tuesday,06-OCT-1992,15:22,A1, Initial climb (ICL),Glasgow-Prestwick Airport (PIK),United Kingdom,2,2, Damaged beyond repair,-,British Aerospace 3201 Jetstream 32,-,-,1991,-,-, G-SUPR, 956,British Aerospace,Training,-,Glasgow-Prestwick Airport,PIK,EGPK,United Kingdom,East Midlands Airport,EMA,EGNX,United Kingdom,2,0,2,0,-,-,-
19921007-0,Wednesday,07-OCT-1992,09:30,A1, En route (ENR),"3 km (1.9 mls) NW of Berkeley Springs, WV",United States of America,6,6, Damaged beyond repair,-,Lockheed C-130E Hercules,-,-,1964,-,-, 63-7881, 3952,Air National Guard,Military,-,Martinsburg-Eastern West Virginia Regional Airport/Shepherd Field,MRB,KMRB,United States of America,Martinsburg-Eastern West Virginia Regional Airport/Shepherd Field,MRB,KMRB,United States of America,6,0,6,0,-,-,-
19921007-1,Wednesday,07-OCT-1992,-,A2, Landing (LDG),Ruteng-Satar Tacik Airport (RTG),Indonesia,16,0, Substantial, Repaired,de Havilland Canada DHC-6 Twin Otter 300,2,Pratt & Whitney Canada PT6A-27,1976,-,-, PK-NUO, 487,Merpati Nusantara,Domestic Scheduled Passenger,-,-,-,-,-,Ruteng-Satar Tacik Airport,RTG,WATG,Indonesia,3,13,0,0,-,-,Preliminary - official
19921008-0,Thursday,08-OCT-1992,15:31,A1, En route (ENR),near Dingxi,China,35,14, Damaged beyond repair,-,Avia 14,-,-,1958,-,-, B-4211, 108807113,Wuhan Airlines,Domestic Non Scheduled Passenger,-,Lanzhou Airport,LHW,ZLLL,China,Xian-Xianyang International Airport,XIY,ZLXY,China,7,28,5,9,-,-,-
19921009-0,Friday,09-OCT-1992,-,A1, Landing (LDG),Mogadishu Airstrip,Somalia,13,1, Damaged beyond repair,-,Antonov An-32,2,Ivchenko AI-20,1992,-,-, CCCP-48088, 2905,African Airlines Int.,Cargo,-,-,-,-,-,-,-,-,-,6,7,1,0,-,-,-
19920103-0,Friday,03-JAN-1992,05:46,A1, Approach (APR),"8 km (5 mls) NE of Saranac Lake-Adirondack Airport, NY (SLK)",United States of America,4,2, Destroyed, Written off (damaged beyond repair),Beechcraft 1900C-1,2,Pratt & Whitney Canada PT6A-65B,1990,-,1675.0, N55000, UC-135,USAir Express,Domestic Scheduled Passenger,4821,Plattsburgh-Clinton County Airport,PLB,KPLB,United States of America,Saranac Lake-Adirondack Airport,SLK,KSLK,United States of America,2,2,1,1,-,-,Final
19920103-1,Friday,03-JAN-1992,-,A1, Approach (APR),Lyakhsh,Tajikistan,13,0, Damaged beyond repair,-,Antonov An-28,2,Glushenkov TVD-10B,1989,-,-, CCCP-28706, 1AJ006-16,Aeroflot / Tajikistan,Domestic Scheduled Passenger,-,-,-,-,-,-,-,-,-,2,11,0,0,-,-,Preliminary
19920108-0,Wednesday,08-JAN-1992,14:45,A1, En route (ENR),near Prato,Italy,4,4, Damaged beyond repair,-,Alenia G-222TCM,-,-,-,-,-, MM62116, 4022,Italian AF,Military,-,Pisa-Arturo dell'Oro Air Base,PSA,LIRP,Italy,Bologna Airport,BLQ,LIPE,Italy,4,0,4,0,-,-,-
19920110-0,Friday,10-JAN-1992,22:57,A2, Landing (LDG),Madras Airport (MAA),India,116,0, Substantial, Repaired,Boeing 737-2Y5,2,Pratt & Whitney JT8D-9A,1969,-,-, 4R-ULL, 20195/205,Air Lanka,International Scheduled Passenger, 121,Colombo-Katunayake International Airport,CMB,VCBI,Sri Lanka,Madras Airport,MAA,VOMM,India,12,104,0,0,-,-,Final
19920111-0,Saturday,11-JAN-1992,-,A2, Landing (LDG),Komo Airport (KOM),Papua New Guinea,-,-, Substantial, Repaired,Britten-Norman BN-2A-26 Islander,2,Lycoming O-540-E4B5,1969,-,-, P2-DWA, 113,Heli Niugini,Unknown,-,-,-,-,-,-,-,-,-,-,-,-,-,-,-,-
19920111-1,Saturday,11-JAN-1992,-,A1, Landing (LDG),"Corumbá Internacional Airport, MS (CMG)",Brazil,-,0, Substantial,-,Beechcraft C-12F Huron (A200CT Super King Air),-,-,1987,-,-, 85-1269, BP-60,USAF,Military,-,-,-,-,-,Corumbá Internacional Airport,CMG,SBCR,Brazil,-,-,0,0,-,-,-
19920116-0,Thursday,16-JAN-1992,19:10,A2, Landing (LDG),Cheju Airport (CJU),South Korea,-,0, Substantial, Repaired,Boeing 767-38E,2,General Electric CF6-80C2B2F,1990,-,-, HL7264, 24798/331,Asiana Airlines,Domestic Scheduled Passenger, 833,Seoul-Gimpo (Kimpo) International Airport,SEL,RKSS,South Korea,Jeju (Cheju) International Airport,CJU,RKPC,South Korea,-,-,0,0,-,-,Preliminary - official
19920118-0,Saturday,18-JAN-1992,10:28,A1, Landing (LDG),"Elmira Regional Airport, NY (ELM)",United States of America,41,0, Substantial, Written off (damaged beyond repair),McDonnell Douglas DC-9-31,2,Pratt & Whitney JT8D-7B,1969,-,59251.0, N964VJ, 47373/522,USAir,Domestic Scheduled Passenger, 305,Ithaca-Tompkins County Airport,ITH,KITH,United States of America,Elmira Regional Airport,ELM,KELM,United States of America,5,36,0,0,-,-,Final
19920120-0,Monday,20-JAN-1992,19:20,A1, Approach (APR),"19,5 km (12.2 mls) SW of Strasbourg-Entzheim Airport (SXB)",France,96,87, Destroyed, Written off (damaged beyond repair),Airbus A320-111,2,CFMI CFM56-5A1,1988,7194.0,6316.0, F-GGED, 015,Air Inter,Domestic Scheduled Passenger, 148,Lyon Satolas Airport,LYS,LFLL,France,Strasbourg-Entzheim Airport,SXB,LFST,France,6,90,5,82,-,-,Final
19920120-1,Monday,20-JAN-1992,15:10,A1, Takeoff (TOF),"Poste Montagnais Airport, QC",Canada,2,0, Damaged beyond repair,-,de Havilland Canada DHC-6 Twin Otter 200,2,Pratt & Whitney Canada PT6A-20,1968,-,-, C-FHNM, 127,Air Satellite,Cargo,-,-,-,-,-,Sept-Îles Airport,YZV,CYZV,Canada,2,0,0,0,-,-,Preliminary
19920121-0,Tuesday,21-JAN-1992,-,A1, Landing (LDG),Bangkok International Airport (BKK),Thailand,-,0, Damaged beyond repair,-,Douglas VC-47A (DC-3),2,Pratt & Whitney R-1830-90,1944,-,-, L2-41/18/210, 26471/15026,Thai AF,Military,-,-,-,-,-,Bangkok-Don Muang International Airport,BKK,VTBD,Thailand,-,-,0,0,-,-,Preliminary
19920123-0,Thursday,23-JAN-1992,-,A1, Initial climb (ICL),"0,3 km (0.2 mls) off  Dominica-Cane Field Airport (DCF)",Dominica,2,2, Damaged beyond repair,-,Beechcraft B99 Airliner,2,Pratt & Whitney Canada PT6A-27,1972,-,-, N42AK, U-148,Nature Island Express,Training,-,Dominica-Cane Field Airport,DCF,TDCF,Dominica,Dominica-Cane Field Airport,DCF,TDCF,Dominica,2,0,2,0,-,-,-
19920123-1,Thursday,23-JAN-1992,-,A1, Approach (APR),near Elefsis Air Base,Greece,3,3, Damaged beyond repair,-,Grumman HU-16B Albatross,-,-,1953,-,-, 51-7202, G-270,Hellenic AF,Military,-,-,-,-,-,-,-,-,-,3,0,3,0,-,-,Preliminary
19920124-0,Friday,24-JAN-1992,-,A1, Landing (LDG),Batumi-Chorokh Airport (BUS),Georgia,-,0, Damaged beyond repair,-,Tupolev Tu-134A,-,-,1977,-,-, CCCP-65053, 49838,Aeroflot / Georgia,Domestic Scheduled Passenger,-,-,-,-,-,Batumi-Chorokh Airport,BUS,UGSB,Georgia,-,-,0,0,-,-,-
19920124-1,Friday,24-JAN-1992,17:00,A2, En route (ENR),"65 km (40.6 mls) from  Dutch Harbor, AK",United States of America,16,0, Substantial, Repaired,Lockheed HC-130H7 Hercules,4,Allison T56-A-15,1984,-,-, 1706, 4996,US Coast Guard,Military,-,Dutch Harbor NAS,DUT,PADU,United States of America,Kodiak Airport,ADQ,PADQ,United States of America,5,11,0,0,-,-,Preliminary
19920124-2,Friday,24-JAN-1992,18:22,A2, Landing (LDG),Friedrichshafen Airport (FDH),Germany,26,0, Substantial, Repaired,Saab 340A,2,General Electric CT7-5A2,1988,-,-, HB-AHO, 113,Crossair,Domestic Scheduled Passenger,-,Köln/Bonn Airport,CGN,EDDK,Germany,Friedrichshafen Airport,FDH,EDNY,Germany,3,23,0,0,-,-,-
19920126-1,Sunday,26-JAN-1992,-,A1, Unknown (UNK),near Sinj,Croatia,6,5, Damaged beyond repair,-,Antonov An-2R,-,-,-,-,-, --, 1G99-12,Croatia AF,Military,-,-,-,-,-,-,-,-,-,4,2,4,1,-,-,-
19920131-0,Friday,31-JAN-1992,-,H1, En route (ENR),near Turbo,Colombia,13,0, Damaged beyond repair,-,Cessna 208B Grand Caravan,1,Pratt & Whitney Canada PT6A-114A,1991,-,-, HP-1191XI, 208B0274,Aero Taxi Internacional,Domestic Scheduled Passenger,-,Panama City-Paitilla Airport,PAC,MPMG,Panama,El Porvenir Airport,PVE,MPVR,Panama,-,-,0,0,-,-,- (No safety board investigation)
19920203-0,Monday,03-FEB-1992,-,O1, Standing (STD),Aguadilla-Borinquen Airport (BQN),Puerto Rico,0,0, Damaged beyond repair,-,Lockheed L-1049H Super Constellation,-,-,1957,-,-, HI-542CT, 4825,AMSA,-,-,-,-,-,-,-,-,-,-,0,0,0,0,-,-,-
19920203-1,Monday,03-FEB-1992,11:20,A1, En route (ENR),"Caetité, BA",Brazil,12,12, Damaged beyond repair,-,Embraer EMB-110C Bandeirante,-,-,1973,-,-, PT-TBB, 110005,Nordeste Linhas Aéreas,Domestic Scheduled Passenger, 050,Salvador-Dois de Julho International Airport,SSA,SBSV,Brazil,Guanambi Airport,GNM,SNGI,Brazil,2,10,2,10,-,-,-
19920203-2,Monday,03-FEB-1992,-,A1, Taxi (TXI),Aguadilla-Borinquen Airport (BQN),Puerto Rico,1,0, Damaged beyond repair,-,Douglas C-54Q (DC-4),-,-,1945,-,-, N74AF, 22199,West Indies Air Transport,Unknown,-,-,-,-,-,-,-,-,-,1,0,0,0,-,-,-
19920205-0,Wednesday,05-FEB-1992,-,H2, En route (ENR),Djibouti Airport (JIB),Djibouti,18,0, None,-,de Havilland Canada DHC-6 Twin Otter 300,2,Pratt & Whitney Canada PT6A-27,-,-,-, registration unknown,-,Ethiopian Airlines,Domestic Scheduled Passenger,-,Addis Ababa-Bole Airport,ADD,HAAB,Ethiopia,Bahar Dar Airport,BJR,HABD,Ethiopia,3,15,0,0,-,-,-
19920206-0,Thursday,06-FEB-1992,11:43,A1, Initial climb (ICL),"1,7 km (1.1 mls) S of Evansville-Dress Regional Airport, IN (EVV)",United States of America,5,5, Damaged beyond repair,-,Lockheed C-130B Hercules,4,Allison T56-A-7,1959,-,-, 58-0732, 3527,USAF,Military,-,Evansville-Dress Regional Airport,EVV,KEVV,United States of America,-,-,-,-,5,0,5,0,-,12,-
19920208-0,Saturday,08-FEB-1992,15:30,A1, En route (ENR),"Dixon, WY",United States of America,2,2, Damaged beyond repair,-,Lockheed P-2H Neptune,-,-,-,-,-, N70600, 726-7227,Hawkins & Powers,Ferry/positioning,-,Tucson-Davis Monthan AFB,DMA,KDMA,United States of America,Greybull-South Big Horn County Airport,GEY,KGEY,United States of America,2,0,2,0,-,-,Final
19920209-0,Sunday,09-FEB-1992,-,A1, Initial climb (ICL),near Guryev Airport (GUW),Kazakhstan,49,0, Damaged beyond repair,-,Antonov An-24B,-,-,1967,-,-, CCCP-46816, 67302603,Aeroflot / Kazakstan,Scheduled Passenger,-,Guryev Airport,GUW,UAGZ,Kazakhstan,-,-,-,-,3,46,0,0,-,-,-
19920209-4,Sunday,09-FEB-1992,05:15,A1, Approach (APR),near Diouloulou,Senegal,56,30, Damaged beyond repair,-,Convair CV-640,-,-,1952,-,-, N862FW,   9,Gambcrest,Domestic Non Scheduled Passenger,-,Dakar-Yoff Airport,DKR,GOOY,Senegal,Cap Skirring Airport,CSK,GOGS,Senegal,6,50,4,26,-,-,-
19920210-0,Monday,10-FEB-1992,-,U1, Unknown (UNK),at an unknown location,France,-,-, Damaged beyond repair,-,Morane Saulnier MS.760 Paris I,-,-,-,-,-, 70, 70,French AF,Military,-,-,-,-,-,-,-,-,-,-,-,-,-,-,-,-
19920211-0,Tuesday,11-FEB-1992,-,O1, Standing (STD),Tunis-Carthage Airport (TUN),Tunisia,-,0, Damaged beyond repair,-,Boeing 727-2H3,3,Pratt & Whitney JT8D-9A,1977,-,-, TS-JHV, 21319/1269,Tunis Air,-,-,-,-,-,-,-,-,-,-,-,-,0,0,-,-,-
19920215-0,Saturday,15-FEB-1992,-,A1, Approach (APR),13 km (8.1 mls) from  Kano International Airport (KAN),Nigeria,5,0, Damaged beyond repair,-,Douglas DC-8-54F,4,Pratt & Whitney JT3D-3B (Q),1966,-,-, 9G-MKB, 45860/256,MK Air Cargo,Cargo,-,London-Gatwick Airport,LGW,EGKK,United Kingdom,Kano International Airport,KAN,DNKN,Nigeria,5,0,0,0,-,-,-
19920215-1,Saturday,15-FEB-1992,03:26,A1, Approach (APR),"5 km (3.1 mls) NW of Toledo-Express Airport, OH (TOL)",United States of America,4,4, Destroyed, Written off (damaged beyond repair),McDonnell Douglas DC-8-63F,4,Pratt & Whitney JT3D-7 (Q),1968,22980.0,70425.0, N794AL, 45923/383,ATI,Cargo, 805,Seattle/Tacoma International Airport,SEA,KSEA,United States of America,Toledo-Express Airport,TOL,KTOL,United States of America,3,1,3,1,-,-,Final
19920215-2,Saturday,15-FEB-1992,-,U1, Unknown (UNK),Mallcu,Bolivia,-,0, Damaged beyond repair,-,Cessna 208 Caravan I,-,-,-,-,-, FAB-221, 20800002 ?,Bolivian AF,Military,-,-,-,-,-,-,-,-,-,-,-,0,0,-,-,-
19920217-0,Monday,17-FEB-1992,04:00,A1, Unknown (UNK),"near Tlahualilo de Zaragoza, Durango",Mexico,4,4, Damaged beyond repair,-,Douglas DC-6A/B,-,-,1955,-,-, N72522, 44697/598,Unknown,Illegal Flight,-,-,-,-,-,-,-,-,-,4,0,4,0,-,-,-
19920218-0,Tuesday,18-FEB-1992,-,O1, Standing (STD),Bangui Airport (BGF),Central African Republic,-,-, Damaged beyond repair,-,Antonov An-2P,-,-,1970,-,-, SP-FAW, 1G119-67,private,Unknown,-,-,-,-,-,-,-,-,-,-,-,-,-,-,-,-
19920220-0,Thursday,20-FEB-1992,-,A1, Taxi (TXI),Luanda-4 de Fevereiro Airport (LAD),Angola,4,0, Damaged beyond repair,-,Boeing 707-349C,4,Pratt & Whitney JT3D-3B,1966,-,-, D2-TOJ, 19355/553,TAAG,Cargo,-,Luanda-4 de Fevereiro Airport,LAD,FNLU,Angola,Rio de Janeiro-Galeão International Airport,GIG,SBGL,Brazil,4,0,0,0,-,-,-
19920222-0,Saturday,22-FEB-1992,-,A1, Landing (LDG),Arequipa-Rodriguez Ballon Airport (AQP),Peru,45,0, Damaged beyond repair,-,Antonov An-24RV,2,Ivchenko AI-24VT,1972,-,-, OB-1439, 27307804,Trans Amazon,Domestic Scheduled Passenger,-,Juliaca Airport,JUL,SPJL,Peru,Arequipa-Rodríguez Ballón Airport,AQP,SPQU,Peru,4,41,0,0,-,-,-
19920222-1,Saturday,22-FEB-1992,-,A2, Takeoff (TOF),Mbeya Airport (MBI),Tanzania,2,0, Substantial, Repaired,British Aerospace BAe-125-700B,2,Garrett TFE731-3R,1982,-,-, 5H-SMZ, 257172,Government of Tanzania,Official state flight,-,Mbeya Airport,MBI,HTMB,Tanzania,Dodoma Airport,DOD,HTDO,Tanzania,2,0,0,0,-,-,Preliminary
19920224-0,Monday,24-FEB-1992,06:38,A2, Taxi (TXI),"Anchorage International Airport, AK (ANC)",United States of America,11,0, Substantial, Repaired,de Havilland Canada DHC-6 Twin Otter 300,-,-,-,-,12917.0, N723CA, 723,MarkAir Express,Domestic Scheduled Passenger,-,Kenai Airport,ENA,PAEN,United States of America,Anchorage International Airport,ANC,PANC,United States of America,2,9,0,0,-,-,Final
19920225-0,Tuesday,25-FEB-1992,-,A1, Landing (LDG),Teniente R. Marsh Air Base (TNM),Antarctica,11,0, Damaged beyond repair,-,CASA CN-235M-100,2,General Electric CT7-9C,1989,-,-, E-217, 021,Chilean Army,Military,-,-,-,-,-,Teniente Rodolfo Marsh Martin Air Base,TNM,SCRM,Antarctica,-,-,0,0,-,-,-
19920226-0,Wednesday,26-FEB-1992,09:56,A1, Landing (LDG),Eket airstrip,Nigeria,12,0, Damaged beyond repair,-,Dornier 228-201,2,Garrett TPE331,1983,-,2819.0, 5N-ARI, 8012,AIEP,Domestic Non Scheduled Passenger,-,Lagos-Murtala Muhammed International Airport,LOS,DNMM,Nigeria,-,-,-,-,2,10,0,0,-,-,Final
19920227-0,Thursday,27-FEB-1992,-,A1, Landing (LDG),Friedrichshafen Airport (FDH),Germany,-,0, Substantial, Written off (damaged beyond repair),Antonov An-26SM,-,-,1985,-,-, 52+10, 14208,German AF,Military,-,-,-,-,-,Friedrichshafen Airport,FDH,EDNY,Germany,-,-,0,0,-,-,-
19920229-0,Saturday,29-FEB-1992,-,A1, Standing (STD),Carolita Ranch,Bolivia,1,0, Damaged beyond repair,-,Douglas DC-3A,2,Pratt & Whitney R-1830,1942,-,-, CP-529, 4980,Frigorifico Santa Rita,Unknown,-,-,-,-,-,-,-,-,-,1,0,0,0,-,-,-
19920299-0,-,xx-FEB-1992,-,A1, Unknown (UNK),Maasai Mara National Reserve,Kenya,-,0, Damaged beyond repair,-,Douglas DC-3C,-,-,1944,-,-, 5Y-BBN, 32845/16097,Air Kenya,Unknown,-,-,-,-,-,-,-,-,-,-,-,0,0,-,-,-
19920302-0,Monday,02-MAR-1992,16:00,A1, Takeoff (TOF),Estancia El Trompillo,Bolivia,5,5, Damaged beyond repair,-,Curtiss C-46T Commando,-,-,1945,-,-, CP-754, 22570,Frigorifico Santa Rita,Cargo,-,-,-,-,-,La Paz-El Alto Airport,LPB,SLLP,Bolivia,3,2,3,2,-,-,Preliminary - official
19920303-1,Tuesday,03-MAR-1992,18:20,A1, Landing (LDG),"Selawik Airport, AK (WLK)",United States of America,3,0, Substantial, Written off (damaged beyond repair),Douglas DC-6BF,4,Pratt & Whitney R-2800,1957,-,33232.0, N151, 45174/800,Everts Air Fuel,Cargo,-,Fairbanks International Airport,FAI,PAFA,United States of America,Selawik Airport,WLK,PASK,United States of America,3,0,0,0,-,-,Final
19920306-0,Friday,06-MAR-1992,-,A1, Landing (LDG),"Wilmington-Airborne Airpark, OH (ILN)",United States of America,3,0, Damaged beyond repair,-,NAMC YS-11A-205,-,-,1969,-,-, N918AX, 2112,Airborne Express,Training,-,Wilmington-Clinton Field,ILN,KILN,United States of America,Wilmington-Clinton Field,ILN,KILN,United States of America,3,0,0,0,-,-,-
19920309-0,Monday,09-MAR-1992,14:50,A2, En route (ENR),near KIRN VOR,Germany,186,0, Substantial, Repaired,Lockheed L-1011-385-3 TriStar 500,3,Rolls-Royce RB211-524B4-02,1979,-,33556.0, 9Y-TGJ, 1179,BWIA,International Scheduled Passenger, 981,Frankfurt International Airport,FRA,EDDF,Germany,Saint Lucia-Hewanorra Airport,UVF,TLPL,Saint Lucia,13,173,0,0,-,-,Final
19920312-1,Thursday,12-MAR-1992,-,A1, En route (ENR),near Etsouali,Congo,8,3, Damaged beyond repair,-,de Havilland Canada DHC-6 Twin Otter 300,2,Pratt & Whitney Canada PT6A-27,1975,-,-, TN-ACX, 452,Lina Congo,Domestic Scheduled Passenger,-,Owando Airport,FTX,FCOO,Congo,Brazzaville-Maya Maya Airport,BZV,FCBB,Congo,3,5,3,0,-,-,-
19920312-2,Thursday,12-MAR-1992,00:13,A1, Approach (APR),"2,3 km (1.4 mls) SW of Knoxville-Mc Ghee Tyson Airport, TN (TYS)",United States of America,2,2, Destroyed, Written off (damaged beyond repair),British Aerospace 3101 Jetstream 31,2,Garrett TPE331-10UGR,1985,-,10607.0, N165PC, 683,USAir Express,Training,-,Knoxville-McGhee Tyson Airport,TYS,KTYS,United States of America,Knoxville-McGhee Tyson Airport,TYS,KTYS,United States of America,2,0,2,0,-,-,Final
19920313-0,Friday,13-MAR-1992,-,A1, Takeoff (TOF),Acapulco-Alvarez International Airport (ACA),Mexico,14,0, Damaged beyond repair,-,Fairchild FH-227C,-,-,1966,-,-, XA-RSV, 510,Aerocaribe,Domestic Scheduled Passenger,-,Acapulco-Alvarez International Airport,ACA,MMAA,Mexico,-,-,-,-,4,10,0,0,-,-,-
19920313-1,Friday,13-MAR-1992,-,A1, Landing (LDG),Zilina Airport (ILZ),Slovakia,9,0, Damaged beyond repair,-,Let L-410UVP-E,2,Walter M-601E,1985,-,-, OK-PDI, 851527,Slov-Air,Domestic Non Scheduled Passenger,-,Praha-Ruzyne International Airport,PRG,LKPR,Czech Republic,ilina Airport,ILZ,LZZI,Slovakia,5,4,0,0,-,-,-
19920319-0,Thursday,19-MAR-1992,06:47,A2, Takeoff (TOF),"Red Lake Airport, ON (YRL)",Canada,2,0, Substantial, Repaired,de Havilland Canada DHC-6 Twin Otter 300,2,Pratt & Whitney Canada PT6A-27,1977,-,-, C-GQKZ, 532,NorOntair,Domestic Scheduled Passenger, 502,Red Lake Airport,YRL,CYRL,Canada,Kenora Airport,YQK,CYQK,Canada,2,0,0,0,-,-,Final
19920319-1,Thursday,19-MAR-1992,-,A1, Unknown (UNK),Marzeno,Italy,-,-, Damaged beyond repair,-,Antonov An-2R,-,-,-,-,-, SP-WPR, 1G167-25,ZUA,Unknown,-,-,-,-,-,-,-,-,-,-,-,-,-,-,-,-
19920321-0,Saturday,21-MAR-1992,13:00,A2, En route (ENR),North Atlantic,Atlantic Ocean,-,0, Minor, Repaired,Aérospatiale / BAC Concorde 102,4,Rolls-Royce Olympus 593/610,1976,5010.0,15387.0, G-BOAB, 208,British Airways,International Scheduled Passenger,BA1,London-Heathrow Airport,LHR,EGLL,United Kingdom,New York-John F. Kennedy International Airport,JFK,KJFK,United States of America,9,-,0,0,-,-,Final
19920321-1,Saturday,21-MAR-1992,18:56,A2, Landing (LDG),Lugano Airport (LUG),Switzerland,5,0, Minor, Repaired,Cessna 550 Citation II,-,-,-,-,-, HB-VIT, 550-0197,private,Private,-,Nice-Côte d'Azur Airport,NCE,LFMN,France,Lugano Airport,LUG,LSZA,Switzerland,2,3,0,0,-,-,Final
19920321-2,Saturday,21-MAR-1992,09:09,A2, Takeoff (TOF),"Darwin Airport, NT (DRW)",Australia,-,0, Substantial, Repaired,IAI 1124 Westwind I,-,-,1979,-,-, VH-LLY, 272,Australian Coast Guard,Survey/research,-,Darwin Airport,DRW,YPDN,Australia,Darwin Airport,DRW,YPDN,Australia,-,-,0,0,-,-,Final
19920322-0,Sunday,22-MAR-1992,-,A1, En route (ENR),53 km (33.1 mls) W of Nizhneyansk,Russia,10,10, Destroyed, Written off (damaged beyond repair),Antonov An-30A,2,Ivchenko AI-24VT,1980,-,-, CCCP-30002, 1403,Myachkovo Avia,Domestic Scheduled Passenger,-,Chokurdah Airport,CKH,UESO,Russia,Tiksi Airport,IKS,UEST,Russia,5,5,5,5,-,-,-
19920322-1,Sunday,22-MAR-1992,21:35,A1, Takeoff (TOF),"New York-La Guardia Airport, NY (LGA)",United States of America,51,27, Destroyed, Written off (damaged beyond repair),Fokker F-28 Fellowship 4000,2,Rolls-Royce Spey 555-15P,1986,16280.0,12462.0, N485US, 11235,USAir,Domestic Scheduled Passenger, 405,New York-La Guardia Airport,LGA,KLGA,United States of America,Cleveland-Hopkins International Airport,CLE,KCLE,United States of America,4,47,2,25,-,-,Final
19920324-0,Tuesday,24-MAR-1992,07:02,A1, Approach (APR),"5,5 km (3.4 mls) SE of Athens-Ellinikon International Airport (ATH)",Greece,7,7, Damaged beyond repair,-,Boeing 707-321C,4,Pratt & Whitney JT3D-3B,1964,-,-, ST-ALX, 18715/364,Golden Star Air Cargo,Cargo,-,Amsterdam-Schiphol International Airport,AMS,EHAM,Netherlands,Athens-Ellinikon International Airport,ATH,LGAT,Greece,3,4,3,4,-,-,-
19920325-0,Wednesday,25-MAR-1992,-,U1, Unknown (UNK),Valley,India,-,-, Damaged beyond repair,-,Antonov An-32,-,-,-,-,-, K2761, 1207 ?,Indian AF,Military,-,-,-,-,-,-,-,-,-,-,-,-,-,-,-,-
19920326-0,Thursday,26-MAR-1992,-,U1, Unknown (UNK),Brest,France,-,-, Damaged beyond repair,-,Dassault Falcon 10,-,-,1977,-,-, F-GJHK, 108,Unknown,Unknown,-,-,-,-,-,-,-,-,-,-,-,-,-,-,-,-
19920326-1,Thursday,26-MAR-1992,-,A1, Landing (LDG),Tumaco-La Florida Airport (TCO),Colombia,92,0, Damaged beyond repair,-,Douglas DC-9-15,2,Pratt & Whitney JT8D-7A,1966,-,-, HK-2864X, 45721/44,Intercontinental de Aviación,Domestic Scheduled Passenger,RS201,Cali-Alfonso Bonilla Aragón Airport,CLO,SKCL,Colombia,Tumaco-La Florida Airport,TCO,SKCO,Colombia,4,88,0,0,-,-,-
19920327-1,Friday,27-MAR-1992,-,C2, Initial climb (ICL),Stepanakert,Azerbaijan,34,0, Substantial, Repaired,Yakovlev Yak-40,3,Ivchenko AI-25,-,-,-, registration unknown,-,Aeroflot,Domestic Scheduled Passenger,-,-,-,-,-,Yerevan Airport,EVN,UDYZ,Armenia,4,30,0,0,-,-,-
19920328-1,Saturday,28-MAR-1992,-,A1, Landing (LDG),Iquitos Airport (IQT),Peru,6,0, Damaged beyond repair,-,Douglas DC-8-33AF,4,Pratt & Whitney JT4A-11,1961,-,-, OB-1456, 45272/118,Export Air,Cargo,-,-,-,-,-,Iquitos Airport,IQT,SPQT,Peru,3,3,0,0,-,-,-
19920330-0,Monday,30-MAR-1992,15:20,A1, Approach (APR),Swarupnagar,India,7,0, Damaged beyond repair,-,Antonov An-26,-,-,1986,-,-, CCCP-26154, 5101,Soviet AF,Ferry/positioning,-,Yangon-Mingaladon Airport,RGN,VYYY,Myanmar,Calcutta Airport,CCU,VECC,India,7,0,0,0,-,-,Final
19920330-1,Monday,30-MAR-1992,20:20,A1, Landing (LDG),Granada Airport (GRX),Spain,99,0, Damaged beyond repair,-,McDonnell Douglas DC-9-32,2,Pratt & Whitney JT8D-9A,1972,-,-, EC-BYH, 47556/657,Aviaco,Domestic Scheduled Passenger, 231,Madrid-Barajas Airport,MAD,LEMD,Spain,Granada Airport,GRX,LEGR,Spain,5,94,0,0,-,-,-
19920330-2,Monday,30-MAR-1992,-,A1, Unknown (UNK),60 km (37.5 mls) NE of Magadan,Russia,5,1, Damaged beyond repair,-,Antonov An-2,-,-,1959,-,-, CCCP-55607, 1126(473)19,Magadan Avia,Unknown,-,Severo-Evensk Airport,SWV,UHMW,Russia,Magadan Airport,GDX,UHMM,Russia,2,3,1,0,-,-,-
19920331-0,Tuesday,31-MAR-1992,10:40,A1, En route (ENR),Istres,France,5,0, Damaged beyond repair,-,Boeing 707-321C,4,Pratt & Whitney JT3D-3B (HK),1964,17907.0,60895.0, 5N-MAS, 18718/368,Trans-Air Service,Cargo, 671,Luxembourg-Findel Airport,LUX,ELLX,Luxembourg,Kano International Airport,KAN,DNKN,Nigeria,5,0,0,0,-,-,Final
19920331-1,Tuesday,31-MAR-1992,-,A1, Landing (LDG),Iwo Jima Air Base (IWO),Japan,-,0, Damaged beyond repair,-,Kawasaki P-3C-II.5 Orion,-,-,1987,-,-, 5032, 9029,Japanese Navy,Military,-,-,-,-,-,Iwo Jima Air Base,IWO,RJAW,Japan,-,-,0,0,-,-,-
19920401-0,Wednesday,01-APR-1992,-,H2, En route (ENR),Aden International Airport (ADE),Yemen,143,0, None,-,Boeing 727-260,3,Pratt & Whitney JT8D-17R,-,-,-, registration unknown,-,Ethiopian Airlines,Domestic Scheduled Passenger,ET637,Dire Dawa-Aba Tenna D Yilma Airport,DIR,HADR,Ethiopia,Addis Ababa-Bole Airport,ADD,HAAB,Ethiopia,8,135,0,0,-,-,-
19920401-1,Wednesday,01-APR-1992,20:00,A1, En route (ENR),"near Boothgarh, Ludhiana district",India,4,4, Damaged beyond repair,-,Antonov An-32,2,Ivchenko AI-20,1984,-,-, K2669, 0103,Indian AF,Military,-,Chandigarh Airport,IXC,VICG,India,Chandigarh Airport,IXC,VICG,India,4,0,4,0,4,-,-
19920401-2,Wednesday,01-APR-1992,20:00,A1, En route (ENR),"near Boothgarh, Ludhiana district",India,4,4, Damaged beyond repair,-,Antonov An-32,2,Ivchenko AI-20,1987,-,-, K3055, 1710 ?,Indian AF,Military,-,Chandigarh Airport,IXC,VICG,India,Chandigarh Airport,IXC,VICG,India,4,0,4,0,4,-,-
19920404-0,Saturday,04-APR-1992,-,A1, Approach (APR),5 km (3.1 mls) from  Baykovo,Russia,12,1, Damaged beyond repair,-,Let L-410UVP,-,-,1980,-,-, CCCP-67130, 800326,Kamchatavia,Domestic Scheduled Passenger,-,Petropavlovsk-Kamchatsky Airport,PKC,UHPP,Russia,-,-,-,-,2,10,0,1,-,-,-
19920407-0,Tuesday,07-APR-1992,-,A1, En route (ENR),100 km (62.5 mls) SE of Sarra,Libya,13,3, Damaged beyond repair,-,Antonov An-24RV,2,Ivchenko AI-24VT,1977,-,-, J5-GBE, 77310810,Air Bissau,Int'l Non Scheduled Passenger,-,Khartoum-Civil Airport,KRT,HSSS,Sudan,Tunis-Carthage Airport,TUN,DTTA,Tunisia,3,10,3,0,-,-,-
19920410-0,Friday,10-APR-1992,-,A1, Initial climb (ICL),off Orchid Island Airport (KYD),Taiwan,10,7, Damaged beyond repair,-,Britten-Norman BN-2A-26 Islander,2,Lycoming O-540-E4C5,1977,-,-, B-11116, 2007,Taiwan Airlines,Domestic Scheduled Passenger,-,Orchid Island Airport,KYD,RCLY,Taiwan,Taitung Airport,TTT,RCFN,Taiwan,2,8,1,6,-,-,-
19920412-0,Sunday,12-APR-1992,-,H2, En route (ENR),Nairobi-Jomo Kenyatta International Airport (NBO),Kenya,105,0, None,-,Boeing 727-260,3,Pratt & Whitney JT8D-17R,-,-,-, registration unknown,-,Ethiopian Airlines,Domestic Scheduled Passenger,ET574,Addis Ababa-Bole Airport,ADD,HAAB,Ethiopia,Bahar Dar Airport,BJR,HABD,Ethiopia,-,-,0,0,-,-,- (No safety board investigation)
19920414-0,Tuesday,14-APR-1992,-,A1, En route (ENR),Goroka Gap,Papua New Guinea,15,11, Damaged beyond repair,-,Embraer EMB-110P1 Bandeirante,2,Pratt & Whitney Canada PT6A-34,1981,-,-, P2-RDS, 110355,Talair,Domestic Scheduled Passenger, 709,Madang Airport,MAG,AYMD,Papua New Guinea,Goroka Airport,GKA,AYGA,Papua New Guinea,2,13,2,9,-,-,-
19920414-1,Tuesday,14-APR-1992,-,A1, Unknown (UNK),Kyshik,Russia,-,-, Damaged beyond repair,-,Antonov An-2P,-,-,-,-,-, CCCP-35546, 1G114-58,Tyumenaviatrans,Unknown,-,-,-,-,-,-,-,-,-,-,-,-,-,-,-,-
19920416-0,Thursday,16-APR-1992,-,A1, Approach (APR),"ca 1,7 km SW of Nairobi-Moi Air Base",Kenya,46,46, Damaged beyond repair,-,de Havilland Canada DHC-5D Buffalo,-,-,1986,-,-, 214, 123,Kenyan AF,Military,-,-,-,-,-,-,-,-,-,4,42,4,42,-,6,-
19920422-1,Wednesday,22-APR-1992,11:09,A1, Initial climb (ICL),"Perris Valley Airport, CA",United States of America,22,16, Destroyed, Written off (damaged beyond repair),de Havilland Canada DHC-6 Twin Otter 200,2,Pratt & Whitney Canada PT6A-20A,1968,-,29391.0, N141PV, 141,Perris Valley Aviation,Parachuting,-,-,-,-,-,-,-,-,-,2,20,2,14,-,-,Final
19920423-0,Thursday,23-APR-1992,18:16,A2, Landing (LDG),"Detroit-Willow Run Airport, MI (YIP)",United States of America,6,0, Substantial, Repaired,McDonnell Douglas DC-8-55F,-,-,1965,-,61888.0, N29549, 45803/229,Kalitta American International Airways,Cargo,-,Detroit-Willow Run Airport,YIP,KYIP,United States of America,Detroit-Willow Run Airport,YIP,KYIP,United States of America,3,3,0,0,-,-,Final
19920425-0,Saturday,25-APR-1992,18:15,A2, Takeoff (TOF),"Miami International Airport, FL (MIA)",United States of America,3,0, Substantial, Repaired,Boeing 707-324C,4,Pratt & Whitney JT3D-3B,1967,20399.0,53257.0, HK-3604X, 19352/576,TAMPA Colombia,Cargo,-,Miami International Airport,MIA,KMIA,United States of America,Cali-Alfonso Bonilla Aragón Airport,CLO,SKCL,Colombia,3,0,0,0,-,-,Final
19920426-0,Sunday,26-APR-1992,-,A1, En route (ENR),near Saveh,Iran,39,39, Damaged beyond repair,-,Fokker F-27 Friendship 400M,-,-,1974,-,-, 5-8815, 10499,Saha Air,Domestic Non Scheduled Passenger,-,Bandar Mahshahr Airport,MRX,OIAM,Iran,Tehran-Mehrabad Airport,THR,OIII,Iran,-,-,-,-,-,-,-
19920427-0,Monday,27-APR-1992,11:45,A2, Landing (LDG),Lugano Airport (LUG),Switzerland,3,0, Minor, Repaired,Cessna 501 Citation I/SP,-,-,1980,-,-, I-CIGB, 501-0163,Tradexim SRL,Private,-,Roma-Ciampino Airport,CIA,LIRA,Italy,Lugano Airport,LUG,LSZA,Switzerland,2,1,0,0,-,-,Final
19920428-0,Tuesday,28-APR-1992,-,A1, En route (ENR),"Blewett Falls Lake, NC",United States of America,9,9, Damaged beyond repair,-,Lockheed C-130E Hercules,-,-,1964,-,-, 64-0501, 3985,USAF,Military,-,Fayetteville-Pope AFB,POB,KPOB,United States of America,Fayetteville-Pope AFB,POB,KPOB,United States of America,9,0,9,0,-,-,-
19920429-0,Wednesday,29-APR-1992,-,A1, Landing (LDG),Ilorin Airport (ILR),Nigeria,3,0, Damaged beyond repair,-,Boeing 707-351C,4,Pratt & Whitney JT3D-3B (HK),1964,-,-, 9G-RBO, 18746/367,GAS Air Nigeria,Test,-,Ilorin Airport,ILR,DNIL,Nigeria,Ilorin Airport,ILR,DNIL,Nigeria,3,0,0,0,-,-,-
19920502-0,Saturday,02-MAY-1992,-,A1, Landing (LDG),Cumuatillo Airstrip,Mexico,2,2, Damaged beyond repair,-,Learjet 35A,2,Garrett TFE731-2-2B,1977,-,-, PT-OEF, 35A-102,Transamérica Táxi Aéreo,Illegal Flight,-,Cali Airport,CLO,SKCL,Colombia,-,-,-,-,2,0,2,0,-,-,-
19920506-0,Wednesday,06-MAY-1992,-,A1, Unknown (UNK),near Taymyr Lake,Russia,-,-, Damaged beyond repair,-,Antonov An-2V,-,-,-,-,-, CCCP-50585, 1G131-27,Krasnoyarsk Avia,Unknown,-,-,-,-,-,-,-,-,-,-,-,-,-,-,-,-
19920509-0,Saturday,09-MAY-1992,-,C1, En route (ENR),Sisian Airport,Armenia,33,0, Damaged beyond repair,-,Yakovlev Yak-40,3,Ivchenko AI-25,1975,-,-, CCCP-87532, 9521641,Ararat Avia,Int'l Non Scheduled Passenger,-,-,-,-,-,Yerevan Airport,EVN,UDYZ,Armenia,3,30,0,0,-,-,-
19920511-0,Monday,11-MAY-1992,-,A1, Standing (STD),"Opa-locka Airport, FL (OPF)",United States of America,-,0, Damaged beyond repair,-,Convair CV-580,-,-,1952,-,-, N73107,   8,RG Aviation,Unknown,-,-,-,-,-,-,-,-,-,-,-,0,0,-,-,-
19920513-1,Wednesday,13-MAY-1992,-,A1, Approach (APR),Chardzhou Airport (CRZ),Turkmenistan,40,0, Destroyed, Written off (damaged beyond repair),Yakovlev Yak-40,3,Ivchenko AI-25,1976,-,-, EZ-88235, 9640451,Lebap Aircompany,Domestic Scheduled Passenger, 308,Ashgabat Airport,ASB,UTAA,Turkmenistan,Chardzhou Airport,CRZ,UTAV,Turkmenistan,4,36,0,0,-,-,-
19920516-0,Saturday,16-MAY-1992,09:50,H2, En route (ENR),rural airstrip near Caño,Colombia,16,3, Minor, Repaired,de Havilland Canada DHC-6 Twin Otter 300,2,Pratt & Whitney Canada PT6A-27,1981,-,-, HK-2760, 777,Aerotaca,Domestic Scheduled Passenger,071,El Yopal Airport,EYP,SKYP,Colombia,Bucaramanga-Palo Negro Airport,BGA,SKBG,Colombia,3,13,0,3,-,-,-
19920523-0,Saturday,23-MAY-1992,15:34,A2, Landing (LDG),Sibu Airport (SBW),Malaysia,21,0, Substantial, Repaired,de Havilland Canada DHC-6 Twin Otter 310,2,Pratt & Whitney Canada PT6A-27,1983,-,-, 9M-MDL, 802,Malaysia Airlines,Domestic Scheduled Passenger,-,Mukah Airport,MKM,WBGK,Malaysia,Sibu Airport,SBW,WBGS,Malaysia,2,19,0,0,-,-,-
19920529-0,Friday,29-MAY-1992,-,C2, Approach (APR),Kabul,Afghanistan,17,0, Substantial, Repaired,Tupolev Tu-154M,3,Soloviev D-30KU-154-II,1987,-,-, YA-TAP, 87A747,Ariana Afghan Airlines,Non Scheduled Passenger,-,-,-,-,-,Kabul Airport,KBL,OAKB,Afghanistan,7,10,0,0,-,-,-
19920529-1,Friday,29-MAY-1992,14:20,A1, Landing (LDG),"Fayetteville-Pope AFB, NC (POB)",United States of America,14,0, Damaged beyond repair,-,Boeing EC-135J,4,Pratt & Whitney TF33-P-9,1964,-,-, 62-3584, 18567/C104,USAF,Military,-,Fayetteville-Pope AFB,POB,KPOB,United States of America,Fayetteville-Pope AFB,POB,KPOB,United States of America,-,-,0,0,-,-,-
19920605-0,Friday,05-JUN-1992,-,A1, Landing (LDG),Varna Airport (VAR),Bulgaria,130,0, Damaged beyond repair,-,Tupolev Tu-154B,3,Kuznetsov NK-8-2U,1974,-,-, LZ-BTD, 74A058,Balkan Bulgarian,Int'l Non Scheduled Passenger,LZ7022,Stockholm-Arlanda Airport,ARN,ESSA,Sweden,Varna Airport,VAR,LBWN,Bulgaria,3,127,0,0,-,-,-
19920606-0,Saturday,06-JUN-1992,21:00,A1, En route (ENR),13 km (8.1 mls) SW of Tucutí,Panama,47,47, Destroyed, Written off (damaged beyond repair),Boeing 737-204 Adv.,2,Pratt & Whitney JT8D-15,1980,17845.0,45946.0, HP-1205CMP, 22059/631,COPA Panama,International Scheduled Passenger, 201,Panama City-Tocumen International Airport,PTY,MPTO,Panama,Cali-Alfonso Bonilla Aragón Airport,CLO,SKCL,Colombia,7,40,7,40,-,-,Final
19920607-0,Sunday,07-JUN-1992,14:34,A1, Approach (APR),"1,2 km (0.8 mls) SW of Mayaguez-Eugenio M. de Hostos Airport (MAZ)",Puerto Rico,5,5, Destroyed, Written off (damaged beyond repair),CASA C-212 Aviocar 200,2,Garrett TPE331-10R-51,1982,-,14135.0, N355CA, 234,American Eagle,Domestic Scheduled Passenger,5470,San Juan-Isla Grande Airport,SIG,TJIG,Puerto Rico,Mayaguez-Eugenio M. de Hostos Airport,MAZ,TJMZ,Puerto Rico,2,3,2,3,-,-,Final
19920607-1,Sunday,07-JUN-1992,-,H2, En route (ENR),Moscow-Vnukovo Airport (VNO),Russia,115,1, None,-,Tupolev Tu-154,-,-,-,-,-, registration unknown,-,Aeroflot,Domestic Scheduled Passenger,-,Grozny Airport,GRV,URMG,Russia,Moskva-Vnukovo Airport,VKO,UUWW,Russia,-,-,0,1,-,-,-
19920608-0,Monday,08-JUN-1992,08:53,A1, Approach (APR),"12 km (7.5 mls) NE of Anniston-County Airport, AL (ANB)",United States of America,6,3, Destroyed, Written off (damaged beyond repair),Beechcraft C99 Commuter,2,Pratt & Whitney Canada PT6A-36,1982,11109.0,9725.0, N118GP, U-185,GP Express,Domestic Scheduled Passenger, 861,Atlanta-William B. Hartsfield International Airport,ATL,KATL,United States of America,Anniston-County Airport,ANB,KANB,United States of America,2,4,1,2,-,-,Final
19920610-1,Wednesday,10-JUN-1992,09:20,A1, Landing (LDG),Marromeu Airport (RRM),Mozambique,5,0, Damaged beyond repair,-,Antonov An-32B,2,Ivchenko AI-20,-,-,-, CCCP-48058, 2807,Aero Pulse,Cargo,-,Beira Airport,BEW,FQBR,Mozambique,-,-,-,-,4,1,0,0,-,-,-
19921013-1,Tuesday,13-OCT-1992,-,A1, Maneuvering (MNV),"1,5 km (0.9 mls) S of Kodra, Makarov District",Ukraine,9,8, Destroyed, Written off (damaged beyond repair),Antonov An-124-100,4,Lotarev D-18T,1984,-,-, CCCP-82002, 19530501003,Antonov Design Bureau,Test,-,Kiev-Gostomel Airport,GML,UKKM,Ukraine,Kiev-Gostomel Airport,GML,UKKM,Ukraine,9,0,8,0,-,-,-
19921013-2,Tuesday,13-OCT-1992,-,A1, Takeoff (TOF),Vladivostok Airport (VVO),Russia,67,0, Damaged beyond repair,-,Tupolev Tu-154B-2,3,Kuznetsov NK-8-2U,1982,8758.0,20366.0, EW-85528, 82A528,Aeroflot / Belarus,Non Scheduled Passenger,-,Vladivostok Airport,VVO,UHWW,Russia,-,-,-,-,5,62,0,0,-,-,-
19921014-0,Wednesday,14-OCT-1992,-,A1, Unknown (UNK),Kostanay,Kazakhstan,3,0, Damaged beyond repair,-,Antonov An-2R,-,-,-,-,-, CCCP-07840, 1G169-55,Aeroflot / Kazakstan,Unknown,-,-,-,-,-,-,-,-,-,-,-,0,0,-,-,-
19921015-0,Thursday,15-OCT-1992,-,A1, Landing (LDG),Medellín-Enrique Olaya Herrera Airport (EOH),Colombia,3,0, Damaged beyond repair,-,Douglas DC-8-55,4,Pratt & Whitney JT3D-3B (Q),1966,-,-, HK-3753X, 45765/265,LAC Colombia,Cargo,-,Miami International Airport,MIA,KMIA,United States of America,Medellín-Enrique Olaya Herrera Airport,EOH,SKMD,Colombia,3,0,0,0,-,-,-
19921018-0,Sunday,18-OCT-1992,13:30,A1, En route (ENR),ca 30 km W of Garut,Indonesia,31,31, Destroyed, Written off (damaged beyond repair),IPTN/CASA CN-235-10,-,-,1990,-,-, PK-MNN, N.013,Merpati Nusantara,Domestic Scheduled Passenger,MZ5601,Semarang-Achmad Yani Airport,SRG,WARS,Indonesia,Bandung-Husein Sastranegara Airport,BDO,WICC,Indonesia,4,27,4,27,-,-,-
19921019-0,Monday,19-OCT-1992,10:58,A1, Initial climb (ICL),Ust-Nem,Russia,16,15, Destroyed, Written off (damaged beyond repair),Antonov An-28,2,Glushenkov TVD-10B,1988,1692.0,1486.0, CCCP-28785, 1AJ005-18,Aeroflot / Komi,Domestic Non Scheduled Passenger, 302,-,-,-,-,Syktyvkar Airport,SCW,UUYY,Russia,2,14,2,13,-,-,Preliminary
19921021-0,Wednesday,21-OCT-1992,11:23,A2, Taxi (TXI),"Houston-Intercontinental Airport, TX (IAH)",United States of America,29,0, Substantial, Repaired,McDonnell Douglas DC-9-32,2,Pratt & Whitney JT8D-17,1980,-,34120.0, XA-AMF, 48130/976,Aeroméxico,International Scheduled Passenger,-,Houston-Intercontinental Airport,IAH,KIAH,United States of America,Cancún Airport,CUN,MMUN,Mexico,5,24,0,0,-,-,Final
19921021-1,Wednesday,21-OCT-1992,-,A1, En route (ENR),near Lake Caballochoa,Peru,11,8, Damaged beyond repair,-,de Havilland Canada DHC-6 Twin Otter 300,2,Pratt & Whitney Canada PT6A-27,1973,-,-, OB-1155, 379,TANS,Domestic Scheduled Passenger,-,-,-,-,-,-,-,-,-,3,8,1,7,-,-,-
19921023-1,Friday,23-OCT-1992,10:15,A1, Approach (APR),"2 km (1.3 mls) SE of Recife-Guararapes International Airport, PE (REC)",Brazil,5,5, Damaged beyond repair,-,Embraer R-95 Bandeirante (EMB-110B),-,-,1977,-,-, 2243, 110138,Brazilian AF,Military,-,Recife-Guararapes International Airport,REC,SBRF,Brazil,Recife-Guararapes International Airport,REC,SBRF,Brazil,2,3,2,3,-,-,-
19921025-0,Sunday,25-OCT-1992,-,A1, Landing (LDG),Mogadishu South Airstrip,Somalia,10,0, Damaged beyond repair,-,Swearingen SA226-TC Metro II,-,-,1979,-,-, 5Y-DNT, TC-299,Eagle Aviation,Int'l Non Scheduled Passenger,-,-,-,-,-,-,-,-,-,2,8,0,0,-,-,-
19921027-0,Tuesday,27-OCT-1992,-,A2, Landing (LDG),"São Paulo-Guarulhos International Airport, SP (GRU)",Brazil,205,0, Substantial, Repaired,Boeing 767-323ER,2,General Electric CF6-80C2B6,1988,3312.0,-, N39365, 24046/241,American Airlines,International Scheduled Passenger,AA958,Miami International Airport,MIA,KMIA,United States of America,São Paulo-Guarulhos International Airport,GRU,SBGR,Brazil,13,192,0,0,-,-,Preliminary - official
19921029-1,Thursday,29-OCT-1992,-,A1, Approach (APR),"1,7 km (1.1 mls) from  Chita Airport (HTA)",Russia,14,13, Damaged beyond repair,-,Antonov An-8,-,-,1960,5124.0,10683.0, CCCP-69346, OD-3430,MAP Novosibirsk,Cargo,-,Petropavlovsk-Kamchatsky Airport,PKC,UHPP,Russia,Chita Airport,HTA,UIAA,Russia,5,9,5,8,-,-,-
19921030-0,Friday,30-OCT-1992,-,A1, Unknown (UNK),Istres,France,-,0, Damaged beyond repair,-,Morane Saulnier MS.760 Paris I,-,-,1959,-,-, 46, 46,French Navy,Military,-,-,-,-,-,-,-,-,-,-,-,0,0,-,-,-
19921030-1,Friday,30-OCT-1992,-,U1, Unknown (UNK),"Oklahoma City-Will Rogers Airport, OK (OKC)",United States of America,-,-, Damaged beyond repair,-,Rockwell Sabreliner 75A,2,General Electric CF700,1975,-,-, N52, 380-10,FAA,Unknown,-,-,-,-,-,-,-,-,-,-,-,-,-,-,-,-
19921101-0,Sunday,01-NOV-1992,-,A2, Landing (LDG),Luxembourg-Findel Airport (LUX),Luxembourg,4,0, Substantial, Repaired,Boeing 747-228F,4,General Electric CF6-50E2,1974,-,-, LX-DCV, 20887/245,Cargolux,Cargo,-,Istanbul-Atatürk International Airport,IST,LTBA,Turkey,Luxembourg-Findel Airport,LUX,ELLX,Luxembourg,4,0,0,0,-,-,-
19921102-2,Monday,02-NOV-1992,-,A1, En route (ENR),near San Juan Ranch strip,Bolivia,3,0, Damaged beyond repair,-,Douglas C-47A-65-DL (DC-3),2,Pratt & Whitney R-1830-92,1943,-,-, CP-1960, 18993,TASJ,Test,-,-,-,-,-,-,-,-,-,3,0,0,0,-,-,-
19921103-0,Tuesday,03-NOV-1992,-,A1, Standing (STD),Patriot Hills Camp,Antarctica,-,0, Damaged beyond repair,-,de Havilland Canada DHC-3T Vazar Turbine Otter,-,-,1956,-,-, N58JH, 131,Ketchikan Air Service,-,-,-,-,-,-,-,-,-,-,-,-,0,0,-,-,-
19921106-0,Friday,06-NOV-1992,02:25,A1, En route (ENR),"near Dania Beach, FL",United States of America,5,0, Destroyed, Written off (damaged beyond repair),Douglas DC-7CF,4,Wright R-3350-93,1956,-,-, HI-619SP, 45158/744,Aerochago Airlines,Cargo,-,Fort Lauderdale International Airport,FLL,KFLL,United States of America,Santo Domingo-Las Américas International Airport,SDQ,MDSD,Dominican Republic,3,2,0,0,-,-,Final
19921107-0,Saturday,07-NOV-1992,22:26,A1, Landing (LDG),"Phoenix-Sky Harbor International Airport, AZ (PHX)",United States of America,8,0, Destroyed, Written off (damaged beyond repair),North American Rockwell Sabreliner 60,2,Pratt & Whitney JT12A-8 Turbo Wasp,1969,-,9366.0, N169RF, 306-45,private,Private,-,Salina Airport,SLN,KSLN,United States of America,Phoenix-Sky Harbor International Airport,PHX,KPHX,United States of America,2,6,0,0,-,-,Final
19921107-1,Saturday,07-NOV-1992,-,O1, Standing (STD),Moskva-Domodedovo Airport (DME),Russia,0,0, Damaged beyond repair,-,Ilyushin Il-62M,4,Soloviev D-30KU,1974,-,-, RA-86703, 31601,Aeroflot,-,-,-,-,-,-,-,-,-,-,0,0,0,0,-,-,-
19921111-0,Wednesday,11-NOV-1992,-,A1, Takeoff (TOF),near Tver-Migalovo Airport (KLD),Russia,33,33, Damaged beyond repair,-,Antonov An-22A,4,Kuznetsov NK-12MA,1975,-,-, CCCP-09303, 053483299,Soviet AF,Cargo,-,Tver-Migalovo Airport,KLD,UUEM,Russia,Yerevan Airport,EVN,UDYZ,Armenia,7,26,7,26,-,-,-
19921111-1,Wednesday,11-NOV-1992,-,U1, Unknown (UNK),Tulcea Airport (TCE),Romania,-,-, Damaged beyond repair,-,IRMA/Britten-Norman BN-2A-27 Islander,-,-,1976,-,-, YR-BNS, 812,Aviatia Utilitara,Unknown,-,-,-,-,-,-,-,-,-,-,-,-,-,-,-,-
19921112-0,Thursday,12-NOV-1992,-,A1, Takeoff (TOF),Trinidad Airport (TDD),Bolivia,16,0, Damaged beyond repair,-,Swearingen SA227-AC Metro III,-,-,1981,-,-, N3044J, AC-466,Aerodinos,Domestic Scheduled Passenger,-,Trinidad Airport,TDD,SLTR,Bolivia,Cochabamba-J Wilsterman Airport,CBB,SLCB,Bolivia,2,14,0,0,-,-,-
19921112-1,Thursday,12-NOV-1992,09:10,A1, En route (ENR),"48 km (30 mls) W of Juneau International Airport, AK (JNU)",United States of America,8,8, Damaged beyond repair,-,Beechcraft C-12F Huron (A200CT Super King Air),-,-,1986,-,-, 85-1261, BP-52,USAF,Military,-,Anchorage-Elmendorf AFB,EDF,PAED,United States of America,Juneau International Airport,JNU,PAJN,United States of America,-,-,-,-,-,-,-
19921113-1,Friday,13-NOV-1992,-,U1, Unknown (UNK),at an unknown location,Mexico,-,-, Damaged beyond repair,-,Douglas C-47 (DC-3),-,-,-,-,-, registration unknown,-,Mexican AF,Military,-,-,-,-,-,-,-,-,-,-,-,-,-,-,-,-
19921114-1,Saturday,14-NOV-1992,07:12,A1, Approach (APR),near Son Trung,Vietnam,31,30, Damaged beyond repair,-,Yakovlev Yak-40,3,Ivchenko AI-25,1976,3686.0,4668.0, VN-A449, 9631848,Vietnam Airlines,Domestic Scheduled Passenger, 474,Ho Chi Minh City-Tan Son Nhat International Airport,SGN,VVTS,Vietnam,Nha Trang Airport,NHA,VVNT,Vietnam,6,25,6,24,-,-,Final
19921115-0,Sunday,15-NOV-1992,18:45,A1, Approach (APR),14 km (8.8 mls) W of Puerto Plata-La Union International Airport (POP),Dominican Republic,34,34, Damaged beyond repair,-,Ilyushin Il-18D,-,-,1967,-,-, CU-T1270, 187010301,Aerocaribbean,Int'l Non Scheduled Passenger,-,Santo Domingo-Las Américas International Airport,SDQ,MDSD,Dominican Republic,Puerto Plata-La Union International Airport,POP,MDPP,Dominican Republic,6,28,6,28,-,-,-
19921120-0,Friday,20-NOV-1992,21:10,A1, Takeoff (TOF),"San Luis Airport, SL (LUQ)",Argentina,113,0, Damaged beyond repair,-,Boeing 737-287C,2,Pratt & Whitney JT8D-9A,1970,-,-, LV-JNE, 20408/265,Aerolineas Argentinas,Domestic Scheduled Passenger,AR8524,San Luis Airport,LUQ,SAOU,Argentina,Buenos Aires-Jorge Newbery Airport,AEP,SABE,Argentina,6,107,0,0,-,-,Final
19921121-1,Saturday,21-NOV-1992,-,A1, Landing (LDG),Krasnodar Airport (KRR),Russia,20,0, Damaged beyond repair,-,Antonov An-24B,-,-,1969,-,-, RA-46306, 97305206,Yugavia,Scheduled Passenger,-,-,-,-,-,Krasnodar Airport,KRR,URKK,Russia,3,17,0,0,-,-,-
19921124-0,Tuesday,24-NOV-1992,07:52,A1, Approach (APR),20 km (12.5 mls) S of Guilin Airport (KWL),China,141,141, Destroyed, Written off (damaged beyond repair),Boeing 737-3Y0,2,CFMI CFM56-3B1,1991,3153.0,4165.0, B-2523, 24913/2052,China Southern,Domestic Non Scheduled Passenger,CZ3943,Guangzhou-Baiyun Airport,CAN,ZGGG,China,Guilin-Qifengling Airport,KWL,ZGKL,China,10,131,10,131,-,-,-
19921125-0,Wednesday,25-NOV-1992,03:00,A1, Approach (APR),16 km (10 mls) SW of Kano International Airport (KAN),Nigeria,4,0, Damaged beyond repair,-,Boeing 707-321C,4,Pratt & Whitney JT3D-3B (HK),1964,-,-, 5X-DAR, 18825/386,DAS Air Cargo,Cargo,-,London-Gatwick Airport,LGW,EGKK,United Kingdom,Kano International Airport,KAN,DNKN,Nigeria,3,1,0,0,-,-,-
19921126-1,Thursday,26-NOV-1992,-,A1, Takeoff (TOF),"Manaus-Eduardo Gomes International Airport, AM (MAO)",Brazil,5,0, Damaged beyond repair,-,Boeing 707-365C,4,Pratt & Whitney JT3D-3B (HK),1967,-,-, PT-TCP, 19416/556,Aerobrasil,Cargo,-,Manaus-Eduardo Gomes International Airport,MAO,SBEG,Brazil,Miami International Airport,MIA,KMIA,United States of America,5,0,0,0,-,-,-
19921201-0,Tuesday,01-DEC-1992,12:05,A1, Landing (LDG),"São Paulo-Congonhas Airport, SP (CGH)",Brazil,4,0, Damaged beyond repair,-,Cessna S550 Citation S/II,2,Pratt & Whitney Canada JT15D-4B,-,-,-, PT-LKT, S550-0117,TAM,Training,-,São Paulo-Congonhas Airport,CGH,SBSP,Brazil,São Paulo-Congonhas Airport,CGH,SBSP,Brazil,4,0,0,0,-,-,-
19921201-1,Tuesday,01-DEC-1992,-,A1, Landing (LDG),Aguadilla-Borinquen Airport (BQN),Puerto Rico,-,0, Damaged beyond repair,-,Canadair CL-44D4-6,4,Rolls-Royce Tyne 515-10,1961,-,-, N100BB, 29,Tradewinds,Cargo,-,-,-,-,-,Aguadilla-Borinquen Airport,BQN,TJBQ,Puerto Rico,-,-,0,0,-,-,-
19921201-2,Tuesday,01-DEC-1992,21:20,A1, En route (ENR),"14 km (8.8 mls) N of Harlem, MT",United States of America,7,7, Destroyed, Written off (damaged beyond repair),Lockheed C-141B Starlifter,4,Pratt & Whitney TF33-P-7,-,-,37744.0, 65-0255, 300-6106,USAF,Military,-,Tacoma-McChord AFB,TCM,KTCM,United States of America,Tacoma-McChord AFB,TCM,KTCM,United States of America,7,0,7,0,6,-,-
19921201-3,Tuesday,01-DEC-1992,21:20,A1, En route (ENR),"14 km (8.8 mls) N of Harlem, MT",United States of America,6,6, Destroyed, Written off (damaged beyond repair),Lockheed C-141B Starlifter,4,Pratt & Whitney TF33-P-7,-,-,31857.0, 66-0142, 300-6168,USAF,Military,-,Tacoma-McChord AFB,TCM,KTCM,United States of America,Tacoma-McChord AFB,TCM,KTCM,United States of America,6,0,6,0,7,-,-
19921205-0,Saturday,05-DEC-1992,-,A1, Takeoff (TOF),Choibalsan Airport (COQ),Mongolia,-,-, Damaged beyond repair,-,Harbin Yunshuji Y-12 II,2,Pratt & Whitney Canada PT6A-27,1992,-,-, D-0066, 0066,MIAT,Unknown,-,Choibalsan Airport,COQ,ZMCD,Mongolia,-,-,-,-,-,-,-,-,-,-,-
19921205-1,Saturday,05-DEC-1992,-,A1, Landing (LDG),Yerevan Airport (EVN),Armenia,154,0, Damaged beyond repair,-,Tupolev Tu-154A,3,Kuznetsov NK-8-2U,1975,-,-, CCCP-85105, 75A105,Aeroflot / Armenia,Scheduled Passenger,-,-,-,-,-,Yerevan Airport,EVN,UDYZ,Armenia,8,146,0,0,-,-,-
19921207-0,Monday,07-DEC-1992,10:36,A2, En route (ENR),near Kushimoto,Japan,265,0, Substantial, Repaired,McDonnell Douglas MD-11,-,-,1992,91.0,337.0, B-150, 48468/518,China Airlines,International Scheduled Passenger,CI012,Taipei-Chiang Kai Shek International Airport,TPE,RCTP,Taiwan,Anchorage International Airport,ANC,PANC,United States of America,19,246,0,0,-,-,Final
19921208-3,Tuesday,08-DEC-1992,-,A1, Takeoff (TOF),Pogapa,Indonesia,2,0, Damaged beyond repair,-,de Havilland Canada DHC-6 Twin Otter 100,2,Pratt & Whitney Canada PT6A-20,1967,-,-, PK-YPG,  49,Trigana Air Service,Cargo,-,-,-,-,-,-,-,-,-,2,0,0,0,-,-,-
19921209-0,Wednesday,09-DEC-1992,08:15,A1, Initial climb (ICL),near Uruapan Airport (UPN),Mexico,9,9, Damaged beyond repair,-,IRMA/Britten-Norman BN-2B-27 Islander,-,-,1978,-,-, XA-RML, 864,Aero Sudpacifico,Passenger,-,Uruapan Airport,UPN,MMPN,Mexico,-,-,-,-,1,8,1,8,-,-,-
19921209-1,Wednesday,09-DEC-1992,08:00,A2, En route (ENR),"32 km (20 mls) W of Denver, CO",United States of America,3,0, Substantial, Repaired,Douglas DC-8-52F,4,Pratt & Whitney JT3D-3B,1966,-,32283.0, N810CK, 45814/258,Connie Kalitta,Cargo,-,Dayton Airport,DAY,KDAY,United States of America,San Jose Municipal Airport,SJC,KSJC,United States of America,3,0,0,0,-,-,Final
19921210-0,Thursday,10-DEC-1992,19:45,A1, Approach (APR),3 km (1.9 mls) from  Quito-Mariscal Sucre Airport (UIO),Ecuador,10,10, Destroyed, Written off (damaged beyond repair),Rockwell Sabreliner 75A,2,General Electric CF700,1977,-,-, AEE-402, 380-45,Ecuador Army,Military,-,Machala Airport,MCH,SEMH,Ecuador,Quito-Mariscal Sucre Airport,UIO,SEQU,Ecuador,2,8,2,8,-,3,Preliminary
19921210-1,Thursday,10-DEC-1992,15:35,A1, Approach (APR),"Elkridge, MD",United States of America,1,1, Damaged beyond repair,-,Volpar Turboliner II,2,Garrett TPE331-1-101,-,-,26436.0, N7770B, AF-320,Connie Kalitta,Cargo,-,Dayton Airport,DAY,KDAY,United States of America,Baltimore/Washington International Airport,BWI,KBWI,United States of America,1,0,1,0,-,-,Final
19921213-0,Sunday,13-DEC-1992,-,A1, En route (ENR),40 km (25 mls) SW of Goma Airport (GOM),Democratic Republic of the Congo,37,37, Damaged beyond repair,-,Fokker F-27 Friendship 400M,-,-,1983,-,-, 9Q-CBH, 10649,Scibe Airlift Cargo Zaire,Domestic Scheduled Passenger,ZM140,Kindu Airport,KND,FZOA,Democratic Republic of the Congo,Goma Airport,GOM,FZNA,Democratic Republic of the Congo,6,31,6,31,-,-,-
19921214-0,Monday,14-DEC-1992,11:49,A2, Maneuvering (MNV),near Memmingen,Germany,2,0, Substantial, Repaired,Dornier 328-110,2,Pratt & Whitney Canada PW119B,1991,-,-, D-CHIC, 3001,Dornier,Test,-,Oberpfaffenhofen Airport,OBF,EDMO,Germany,Oberpfaffenhofen Airport,OBF,EDMO,Germany,2,0,0,0,-,-,-
19921215-0,Tuesday,15-DEC-1992,-,A1, En route (ENR),ca 25 km from Alotau,Papua New Guinea,6,6, Damaged beyond repair,-,Britten-Norman BN-2A-26 Islander,-,-,1970,-,-, P2-MBE, 194,Milne Bay Air,Domestic Non Scheduled Passenger,-,Alotau-Gurney Airport,GUR,AYGN,Papua New Guinea,Misima Island Airport,MIS,AYMS,Papua New Guinea,1,5,1,5,-,-,-
19921215-1,Tuesday,15-DEC-1992,-,A1, Unknown (UNK),Tolo Harbour,Hong Kong,2,0, Damaged beyond repair,-,Britten-Norman BN-2 Islander,-,-,1970,-,-, HKG-7, 615,RHKAAF,Military,-,-,-,-,-,-,-,-,-,-,-,0,0,-,-,-
19921215-2,Tuesday,15-DEC-1992,09:12,A1, Takeoff (TOF),"Cleveland, OH",United States of America,1,1, Damaged beyond repair,-,Volpar Turboliner II,2,Garrett TPE331,-,-,16115.0, N706M, 4251,Mohican Air Service,Ferry/positioning,-,Cleveland-Hopkins International Airport,CLE,KCLE,United States of America,Syracuse-Hancock International Airport,SYR,KSYR,United States of America,1,0,1,0,-,-,Final
19921216-0,Wednesday,16-DEC-1992,-,A2, Takeoff (TOF),Wamena Airport (WMX),Indonesia,15,0, Substantial, Repaired,de Havilland Canada DHC-6 Twin Otter 300,2,Pratt & Whitney Canada PT6A-27,1973,-,-, PK-NUH, 383,Merpati Nusantara,Unknown,-,Wamena Airport,WMX,WAJW,Indonesia,-,-,-,-,3,12,0,0,-,-,-
19921217-0,Thursday,17-DEC-1992,-,A2, Takeoff (TOF),Labuan Bajo-Mutiara Airport (LBJ),Indonesia,17,0, Substantial, Repaired,de Havilland Canada DHC-6 Twin Otter 300,2,Pratt & Whitney Canada PT6A-27,1973,-,-, PK-NUK, 390,Merpati Nusantara,Domestic Scheduled Passenger,-,Labuan Bajo-Mutiara Airport,LBJ,WATO,Indonesia,-,-,-,-,3,14,0,0,-,-,Preliminary - official
19921218-0,Friday,18-DEC-1992,16:45,A1, Approach (APR),"1,6 km (1 mls) E of Billings-Logan International Airport, MT (BIL)",United States of America,8,8, Destroyed, Written off (damaged beyond repair),Cessna 550 Citation II,2,Pratt & Whitney Canada JT15D-4,1981,-,5275.0, N6887Y, 550-0293,U.S. Department of Energy,Executive,-,Watertown Airport,ATY,KATY,United States of America,Billings-Logan International Airport,BIL,KBIL,United States of America,2,6,2,6,-,-,Final
19921218-1,Friday,18-DEC-1992,-,A1, Unknown (UNK),off Zamboanga,Philippines,4,0, Damaged beyond repair,-,Britten-Norman BN-2A-21 Islander,-,-,1977,-,-, 560, 560,Philippine AF,Military,-,-,-,-,-,-,-,-,-,2,2,0,0,-,-,-
19921218-2,Friday,18-DEC-1992,15:00,A2, Takeoff (TOF),"McCall Airport, ID (MYL)",United States of America,4,0, Damaged beyond repair,-,Dassault Falcon 10,2,Garrett TFE731-2-1C,1976,-,4657.0, N50TE, 86,Manchester Group,Executive,-,McCall Airport,MYL,KMYL,United States of America,San Diego International Airport,SAN,KSAN,United States of America,2,2,0,0,-,-,Final
19921221-0,Monday,21-DEC-1992,08:33,A1, Landing (LDG),Faro Airport (FAO),Portugal,340,56, Damaged beyond repair,-,McDonnell Douglas DC-10-30CF,3,General Electric CF6-50C,1975,14615.0,61543.0, PH-MBN, 46924/218,Martinair Holland,Int'l Non Scheduled Passenger, 495,Amsterdam-Schiphol International Airport,AMS,EHAM,Netherlands,Faro Airport,FAO,LPFR,Portugal,13,327,2,54,-,-,Final
19921222-0,Tuesday,22-DEC-1992,08:07,A1, Approach (APR),9 km (5.6 mls) E of Tripoli International Airport (TIP),Libya,157,157, Destroyed, Written off (damaged beyond repair),Boeing 727-2L5,3,Pratt & Whitney JT8D-15,1975,-,-, 5A-DIA, 21050/1108,Libyan Arab Airlines,Domestic Scheduled Passenger,LN1103,Benghazi-Benina International Airport,BEN,HLLB,Libya,Tripoli International Airport,TIP,HLLT,Libya,10,147,10,147,-,-,-
19921229-0,Tuesday,29-DEC-1992,-,H2, En route (ENR),"Miami International Airport, FL (MIA)",United States of America,53,0, None,-,Antonov An-26,-,-,-,-,-, CU-T110, 6710,Aerocaribbean,Domestic Scheduled Passenger,-,Havana-José Martí International Airport,HAV,MUHA,Cuba,Varadero-Juan Gualberto Gomez Airport,VRA,MUVR,Cuba,-,-,0,0,-,-,-
19921299-0,-,xx-DEC-1992,-,O1, Standing (STD),at an unknown location,Liberia,-,-, Damaged beyond repair,-,de Havilland Canada DHC-4A Caribou,-,-,1971,-,-, EL-.. ??, 300,Liberian AF,Military,-,-,-,-,-,-,-,-,-,-,-,-,-,-,-,-
19929999-0,-,xx-xxx-1992,-,A1, Takeoff (TOF),"Sierra Grande Airport, RN (SGV)",Argentina,-,0, Damaged beyond repair,-,de Havilland Canada DHC-6 Twin Otter 200,2,Pratt & Whitney Canada PT6A-20,1968,-,-, T-83, 179,LADE,Military,-,Sierra Grande Airport,SGV,SAVS,Argentina,-,-,-,-,-,-,0,0,-,-,-
19929999-1,-,xx-xxx-1992,-,A1, Landing (LDG),at an unknown location,Nigeria,-,-, Damaged beyond repair,-,Dornier 228-100,-,-,1983,-,-, 5N-AOR, 7015,Okada Air,Unknown,-,-,-,-,-,-,-,-,-,-,-,-,-,-,-,-
