Identifiant:,Status:,Date:,Time:,Type:,Operator:,Operating for:,On behalf of:,Leased from:,Registration:,C/n / msn:,First flight:,Total airframe hrs:,Year built:,Engines:,Cycles:,Crew:,Passengers:,Ground casualties:,Collision casualties:,Aircraft damage:,Aircraft fate:,Location:,Phase:,Nature:,Departure airport:,Destination airport:,Flightnumber:,Probable cause:,Total:
19560109-0,,Monday 9 January 1956,,Handley Page Marathon T.2,Royal Air Force - RAF,,,, XA254, 106, 1950,,,,,Fatalities: 0 / Occupants: ,Fatalities: 0 / Occupants: ,,, Damaged beyond repair,,"Thorney Island RAF Station (   United Kingdom) 
", Landing (LDG),Military,?,"Thorney Island RAF Station, United Kingdom",,,Fatalities: 0 / Occupants:  
19560111-0,,Wednesday 11 January 1956,,Nord 2501 Noratlas,L'Armée de L'Air,,,, 71, 71, ,,, 2 Bristol Hercules 739,,Fatalities:  / Occupants: ,Fatalities:  / Occupants: ,,, Damaged beyond repair,,"57 km (35.6 mls) WSW of Blida (   Algeria) 
", En route (ENR),Military,?,?,,,Fatalities: 6 / Occupants:  
19560112-0,Final,Thursday 12 January 1956,03:40,Douglas C-47-DL (DC-3),Ansett-ANA,,,, VH-BZA, 4651, 1942,,, 2 Pratt & Whitney R-1830-92,,Fatalities: 1 / Occupants: 2,Fatalities: 0 / Occupants: 0,,, Damaged beyond repair,,"Frederick Henry Bay, TAS (   Australia) 
", Approach (APR),Cargo,"Melbourne-Essendon Airport, VIC (MEB/YMEN), Australia","Hobart Cambridge Airport (YCBG), Australia",,,Fatalities: 1 / Occupants: 2 
19560113-0,,Friday 13 January 1956,,Lockheed Neptune MR.1,Royal Air Force - RAF,,,, WX547, 426-5163, ,,,,,Fatalities: 0 / Occupants: 8,Fatalities: 0 / Occupants: 0,,, Damaged beyond repair,,"Malta-Luqa Airport (MLA) (   Malta) 
", Landing (LDG),Military,?,"Malta-Luqa Airport (MLA/LMML), Malta",,,Fatalities: 0 / Occupants: 8 
19560117-0,,Tuesday 17 January 1956,00:52,Douglas C-47B-20-DK (DC-3),Quebecair,,,, CF-GVZ, 26997/15552, 1944,,, 2 Pratt & Whitney R-1830-90C,,Fatalities: 3 / Occupants: 3,Fatalities: 1 / Occupants: 15,,, Damaged beyond repair,,"Oreway, QC (   Canada) 
", Unknown (UNK),Domestic Non Scheduled Passenger,"Knob Lake Airport, QC, Canada","Oreway, QC, Canada",,,Fatalities: 4 / Occupants: 18 
19560118-0,,Wednesday 18 January 1956,,Douglas C-47A-20-DL (DC-3),CSA Ceskoslovenské Aerolinie,,,, OK-WDZ, 9385, 1943,,, 2 Pratt & Whitney R-1830-92,,Fatalities: 4 / Occupants: 4,Fatalities: 18 / Occupants: 22,,, Damaged beyond repair,,"12 km (7.5 mls) from  Toryska (   Slovakia) 
", En route (ENR),Domestic Scheduled Passenger,"Bratislava-Ivanka Airport (BTS/LZIB), Slovakia","Koice-Barca Airport (KSC/LZKZ), Slovakia",,,Fatalities: 22 / Occupants: 26 
19560120-0,,Friday 20 January 1956,08:50 UTC,Vickers 701 Viscount,British European Airways - BEA,,,, G-AMOM,  26, 1953,,,,,Fatalities: 0 / Occupants: 5,Fatalities: 0 / Occupants: 0,,, Damaged beyond repair,,"Blackbushe Airport (BBS) (   United Kingdom) 
", Takeoff (TOF),Training,"Blackbushe Airport (BBS/EGLK), United Kingdom","Blackbushe Airport (BBS/EGLK), United Kingdom",,,Fatalities: 0 / Occupants: 5 
19560122-1,,Sunday 22 January 1956,,Douglas C-47A-50-DL (DC-3),Avianca,,,, HK-303, 10032, 1943,,,,,Fatalities:  / Occupants: ,Fatalities:  / Occupants: ,,, Damaged beyond repair,,"at an unknown location (   Colombia) 
", Unknown (UNK),Unknown,?,?,,,Fatalities:  / Occupants:  
19560124-0,,Tuesday 24 January 1956,,Avro 685 York C.1,Maritime Central Airways,,,, CF-HMU, , 1945,,, 4 Rolls-Royce Merlin,,Fatalities: 0 / Occupants: ,Fatalities: 0 / Occupants: ,,, Damaged beyond repair,,"Kuujjuaq Airport, QC (YVP) (   Canada) 
", Landing (LDG),Unknown,?,"Kuujjuaq-Fort Chimo Airport, QC (YVP/CYVP), Canada",,,Fatalities: 0 / Occupants:  
19560124-1,,Tuesday 24 January 1956,,Douglas C-47A-15-DL (DC-3),Air France,,,, F-BAXT, 9274, 1943,,, 2 Pratt & Whitney R-1830-92,,Fatalities: 0 / Occupants: 5,Fatalities: 0 / Occupants: 0,,, Damaged beyond repair,,"Nantes-Chateau Bougon Airport (   France) 
", Unknown (UNK),Training,?,?,,,Fatalities: 0 / Occupants: 5 
19560125-0,,Wednesday 25 January 1956,,Nord 2501 Noratlas,L'Armée de L'Air,,,, 48, 48, 1954,,, 2 Bristol Hercules 739,,Fatalities:  / Occupants: ,Fatalities:  / Occupants: ,,Fatalities: 3, Damaged beyond repair,,"Blida (   Algeria) 
", Unknown (UNK),Military,?,?,,,Fatalities: 3 / Occupants:  
19560125-1,,Wednesday 25 January 1956,,Nord 2501 Noratlas,L'Armée de L'Air,,,, 70, 70, 1955,,, 2 Bristol Hercules 739,,Fatalities:  / Occupants: ,Fatalities:  / Occupants: ,,Fatalities: 3, Damaged beyond repair,,"Blida (   Algeria) 
", Unknown (UNK),Military,?,?,,,Fatalities: 3 / Occupants:  
19560126-0,,Thursday 26 January 1956,,Spartan Ventura,Cities Service Co.,,,, N2000C, 5243, 1943,,,,,Fatalities:  / Occupants: ,Fatalities:  / Occupants: ,,, Damaged beyond repair,,"5 km (3.1 mls) W of Smithtown, NY (   United States of America) 
", Unknown (UNK),Test,"Islip-Long Island MacArthur Airport, NY (ISP/KISP), United States of America",?,,,Fatalities: 3 / Occupants:  
19560128-0,,Saturday 28 January 1956,00:17,Douglas C-47-DL (DC-3),Air France,,,, F-BCYK, 4509, 1942,,, 2 Pratt & Whitney R-1830-92,,Fatalities: 3 / Occupants: 3,Fatalities: 0 / Occupants: 0,,, Damaged beyond repair,,"2 km (1.3 mls) S of Lyon-Bron Airport (LYN) (   France) 
", Approach (APR),Cargo,"Nice-Côte d'Azur Airport (NCE/LFMN), France","Lyon-Bron Airport (LYN/LFLY), France",,,Fatalities: 3 / Occupants: 3 
19560202-0,,Thursday 2 February 1956,,CASA 352 (Junkers Ju-52),Ejército del Aire,,,, T.2B-215, 106, ,,,,,Fatalities:  / Occupants: ,Fatalities:  / Occupants: ,,, Damaged beyond repair,,"near Zaragoza (   Spain) 
", En route (ENR),Military,"Valladolid Airport (VLL/LEVD), Spain","Zaragoza Airport (ZAZ/LEZG), Spain",,,Fatalities: 7 / Occupants: 7 
19560203-0,,Friday 3 February 1956,,de Havilland Canada UC-1 Otter (DHC-3),United States Navy,,,, 144260, 62, 1955,,,,,Fatalities: 0 / Occupants: 2,Fatalities: 0 / Occupants: 0,,, Damaged beyond repair,,"Edward VII Peninsula (   Antarctica) 
", En route (ENR),Military,"Little America V, Antarctica","Mile 38, Antarctica",,,Fatalities: 0 / Occupants: 2 
19560204-0,,Saturday 4 February 1956,,Fairchild R4Q-2 Flying Boxcar (C-119F),United States Marine Corps,,,, 131703, 10888, 1953,1171,,,,Fatalities: 2 / Occupants: 4,Fatalities: 0 / Occupants: 0,,, Damaged beyond repair,,"off Fort Lauderdale, FL (   United States of America) 
", En route (ENR),Military,"Miami MCAS, FL (OPF/KOPF), United States of America","Miami MCAS, FL (OPF/KOPF), United States of America",,,Fatalities: 2 / Occupants: 4 
19560208-0,Preliminary,Wednesday 8 February 1956,,Grumman SA-16A Albatross,United States Air Force - USAF,,,, 51-010, G-83, ,,,,,Fatalities:  / Occupants: ,Fatalities:  / Occupants: ,,, Damaged beyond repair,,"at an unknown location (   Unknown country) 
", Unknown (UNK),Military,?,?,,,Fatalities:  / Occupants:  
19560208-2,,Wednesday 8 February 1956,,Lockheed P2V-2 Neptune,United States Navy,,,, 122466, 126-1097, ,,,,,Fatalities: 0 / Occupants: 8,Fatalities: 0 / Occupants: 0,,, Destroyed, Written off (damaged beyond repair),"Northern Venezuela (   Venezuela) 
", En route (ENR),Military,?,?,,,Fatalities: 0 / Occupants: 8 
19560209-0,,Thursday 9 February 1956,,Douglas SC-47D,United States Air Force - USAF,,,, 43-16411, 20877, 1944,,, 2 Pratt & Whitney R-1830-90,,Fatalities:  / Occupants: ,Fatalities:  / Occupants: ,,, Substantial, Repaired,"Cheyenne Airport, WY (CYS) (   United States of America) 
", Takeoff (TOF),Military,"Cheyenne Airport, WY (CYS/KCYS), United States of America",?,,,Fatalities: 1 / Occupants:  
19560210-0,,Friday 10 February 1956,,de Havilland Canada UC-1 Otter (DHC-3),United States Navy,,,, 144259, 60, 1955,,,,,Fatalities: 0 / Occupants: ,Fatalities: 0 / Occupants: ,,, Damaged beyond repair,,"Little America V (   Antarctica) 
", Standing (STD),Military,-,-,,,Fatalities: 0 / Occupants:  
19560212-0,,Sunday 12 February 1956,,Fairchild C-119C Flying Boxcar,United States Air Force - USAF,,,, 51-2653, 10642, ,,,,,Fatalities: 0 / Occupants: ,Fatalities: 0 / Occupants: ,,, Damaged beyond repair,,"Châteauroux-Déols Air Base (CHR) (   France) 
", Landing (LDG),Military,?,"Châteauroux-Déols Air Base (CHR/LFLX), France",,,Fatalities: 0 / Occupants:  
19560212-1,,Sunday 12 February 1956,,Douglas Dakota IV (DC-3),Royal Hellenic Air Force,,,, KJ989, 26428/14983, 1944,,,,,Fatalities: 4 / Occupants: 4,Fatalities: 13 / Occupants: 13,,, Damaged beyond repair,,"Mount Dirphys (   Greece) 
", En route (ENR),Military,?,"Elefsis AB (LGEL), Greece",,,Fatalities: 17 / Occupants: 17 
19560213-0,Final,Monday 13 February 1956,,Bristol 170 Freighter 31,Maritime Central Airways,,,, CF-FZU, 13136, ,,,,,Fatalities: 3 / Occupants: 3,Fatalities: 0 / Occupants: 0,,, Destroyed, Written off (damaged beyond repair),"2,4 km (1.5 mls) off  Frobisher Bay Airport, NU (YFB) (   Canada) 
", Initial climb (ICL),Cargo,"Frobisher Bay Airport, NU (YFB/CYFB), Canada","Simpson Lake Airstrip, NU, Canada",,,Fatalities: 3 / Occupants: 3 
19560214-0,,Tuesday 14 February 1956,,Douglas C-47-DL (DC-3),Dorval Air Transport,,,, CF-BZH, 6079, 1942,,, 2 Pratt & Whitney R-1830-92,,Fatalities: 2 / Occupants: 3,Fatalities: 0 / Occupants: 0,,, Damaged beyond repair,,"40 km (25 mls) NW of Fort Chimo, QC (   Canada) 
", En route (ENR),Cargo,"Frobisher Bay Airport, NU (YFB/CYFB), Canada","Kuujjuaq-Fort Chimo Airport, QC (YVP/CYVP), Canada",,,Fatalities: 2 / Occupants: 3 
19560214-1,,Tuesday 14 February 1956,15:38,de Havilland Canada U-1A Otter (DHC-3),United States Army,,,, 55-3252, 92, 1956,,,,,Fatalities: 4 / Occupants: 4,Fatalities: 0 / Occupants: 0,,, Damaged beyond repair,,"Toronto, ON (   Canada) 
", En route (ENR),Military,"Toronto-Downsview Airport, ON (YZD/CYZD), Canada","Toronto-Downsview Airport, ON (YZD/CYZD), Canada",,,Fatalities: 4 / Occupants: 4 
19560216-0,,Thursday 16 February 1956,,Douglas DC-3,Saudi Arabian Airlines,,,, HZ-AAO, , ,,,,,Fatalities: 0 / Occupants: ,Fatalities: 0 / Occupants: ,,, Damaged beyond repair,,"Najran (   Saudi Arabia) 
", Takeoff (TOF),Unknown,?,?,,,Fatalities: 0 / Occupants:  
19560217-0,,Friday 17 February 1956,13:45,Douglas R5D-2 (DC-4),United States Navy,,,, 39116, 18331, 1944,,,,,Fatalities: 5 / Occupants: 5,Fatalities: 35 / Occupants: 35,,, Damaged beyond repair,,"5,6 km (3.5 mls) N of Niles, CA (   United States of America) 
", Approach (APR),Military,"Santa Ana-El Toro MCAS, CA (NZJ/KNZJ), United States of America","Alameda NAS, CA (NGZ/KNGZ), United States of America",,,Fatalities: 40 / Occupants: 40 
19560217-1,Final,Friday 17 February 1956,14:58,Martin 4-0-4,Eastern Air Lines,,,, N445A, 14122, 1951,12373,, 2 Pratt & Whitney R-2800-CB3,,Fatalities: 0 / Occupants: 3,Fatalities: 0 / Occupants: 20,,, Damaged beyond repair,,"near Owensboro, KY (   United States of America) 
", Approach (APR),Domestic Scheduled Passenger,"Evansville-Dress Regional Airport, IN (EVV/KEVV), United States of America","Owensboro-Daviess County Airport, KY (OWB/KOWB), United States of America",EA156,,Fatalities: 0 / Occupants: 23 
19560217-2,,Friday 17 February 1956,,Vickers Valetta C.1,Royal Air Force - RAF,,,, VX483, , 1950,,, 2 Bristol Hercules 230,,Fatalities: 0 / Occupants: 3,Fatalities: 0 / Occupants: 0,,, Damaged beyond repair,,"Saigon-Tan Son Nhut Airport (SGN) (   Vietnam) 
", Takeoff (TOF),Military,"Saigon-Tan Son Nhat International Airport (SGN/VVTS), Vietnam",?,,,Fatalities: 0 / Occupants: 3 
19560218-0,,Saturday 18 February 1956,12:23 UTC,Avro 685 York C.1,Scottish Airlines,,,, G-ANSY, , 1945,,, 4 Rolls-Royce Merlin,,Fatalities: 5 / Occupants: 5,Fatalities: 45 / Occupants: 45,,, Damaged beyond repair,,"3,5 km (2.2 mls) S of Malta-Luqa Airport (MLA) (   Malta) 
", En route (ENR),Int'l Non Scheduled Passenger,"Malta-Luqa Airport (MLA/LMML), Malta","London-Stansted Airport (STN/EGSS), United Kingdom",,,Fatalities: 50 / Occupants: 50 
19560218-1,,Saturday 18 February 1956,,Douglas C-47B-10-DK (DC-3),Kuwait National Airways,,,, G-AMSL, 26411/14966, 1944,,, 2 Pratt & Whitney R-1830-90C,,Fatalities:  / Occupants: ,Fatalities:  / Occupants: ,,, Damaged beyond repair,,"Dukham (   Saudi Arabia) 
", Standing (STD),Unknown,?,?,,,Fatalities:  / Occupants:  
19560220-0,Final,Monday 20 February 1956,ca 02:45 UTC,Douglas DC-6B,Transports Aériens Intercontinentaux - TAI,,,, F-BGOD, 43835/380, 1953,,, 4 Pratt & Whitney R-2800,,Fatalities: 3 / Occupants: 9,Fatalities: 49 / Occupants: 55,,, Damaged beyond repair,,"29 km (18.1 mls) SE of Cairo International Airport (CAI) (   Egypt) 
", Approach (APR),International Scheduled Passenger,"Karachi International Airport (KHI/OPKC), Pakistan","Cairo International Airport (CAI/HECA), Egypt",,,Fatalities: 52 / Occupants: 64 
19560220-1,,Monday 20 February 1956,08:11,Vickers 744 Viscount,Capital Airlines,,,, N7404,  90, 1955,,,,,Fatalities: 0 / Occupants: 5,Fatalities: 0 / Occupants: 37,,, Damaged beyond repair,,"Chicago-Midway Airport, IL (MDW) (   United States of America) 
", Landing (LDG),Domestic Scheduled Passenger,"Detroit-Willow Run Airport, MI (YIP/KYIP), United States of America","Chicago-Midway Airport, IL (MDW/KMDW), United States of America",,,Fatalities: 0 / Occupants: 42 
19560224-0,,Friday 24 February 1956,,Douglas C-47B-10-DK (DC-3),Syrian Airways,,,, YK-AAE, 26362/14917, 1944,,, 2 Pratt & Whitney R-1830-90C,,Fatalities: 3 / Occupants: 3,Fatalities: 16 / Occupants: 16,,, Damaged beyond repair,,"ca 24 km from Aleppo (   Syria) 
", En route (ENR),Domestic Scheduled Passenger,"Aleppo-Nejrab Airport (ALP/OSAP), Syria","Damascus International Airport (DAM/OSDI), Syria",,,Fatalities: 19 / Occupants: 19 
19560224-1,,Friday 24 February 1956,,Douglas C-47A-80-DL (DC-3),United States Air Force - USAF,,,, 43-15130, 19596, 1944,,, 2 Pratt & Whitney R-1830-92,,Fatalities: 6 / Occupants: 6,Fatalities: 0 / Occupants: 0,,, Damaged beyond repair,,"8 km (5 mls) S of Rascafria (   Spain) 
", En route (ENR),Military,"Châteauroux-Déols Air Base (CHR/LFLX), France","Madrid-Torrejón AFB (TOJ/LETO), Spain",,,Fatalities: 6 / Occupants: 6 
19560225-0,,Saturday 25 February 1956,ca 14:55,Douglas C-47B-40-DK (DC-3),Pakistan International Airlines - PIA,,,, AP-ACZ, 33561/16813, 1945,,, 2 Pratt & Whitney R-1830-90C,,Fatalities: 3 / Occupants: 3,Fatalities: 0 / Occupants: 0,,, Damaged beyond repair,,"Lash Golath Mt. (   Pakistan) 
", En route (ENR),Cargo,"Gilgit Airport (GIL/OPGT), Pakistan","Islamabad International Airport (ISB/OPRN), Pakistan",,,Fatalities: 3 / Occupants: 3 
19560229-0,,Wednesday 29 February 1956,,Douglas C-54A-5-DC (DC-4),"Armada Argentina, Comando de Aviación Naval",,,, 0277/CTA-5, 10301, 1944,,,,,Fatalities:  / Occupants: ,Fatalities:  / Occupants: ,,, Damaged beyond repair,,"Ushuaia-Comandante Berisso Airport, TF (EAU) (   Argentina) 
", Maneuvering (MNV),Military,?,"Ushuaia-Comandante Berisso Airport, TF (EAU/SAWO), Argentina",,,Fatalities:  / Occupants:  
19560302-0,,Friday 2 March 1956,,Vickers Valetta C.1,Royal Air Force - RAF,,,, VW861, 419, 1949-10-19  (6 years 5 months),,, 2 Bristol Hercules 230,,Fatalities:  / Occupants: ,Fatalities:  / Occupants: ,,, Damaged beyond repair,,"Cameron Highlands (   Malaysia) 
", Maneuvering (MNV),Military,?,?,,,Fatalities: 7 / Occupants: 7 
19560302-1,,Friday 2 March 1956,,Douglas C-124C Globemaster II,United States Air Force - USAF,,,, 53-0021, 44316, ,,, 4 Pratt & Whitney R-4360-20WA,,Fatalities: 17 / Occupants: 17,Fatalities: 0 / Occupants: 0,,, Damaged beyond repair,,"385 km (240.6 mls) SW off  Iceland (   Atlantic Ocean) 
", En route (ENR),Military,"Reykjavík-Keflavík International Airport (KEF/BIKF), Iceland",?,,,Fatalities: 17 / Occupants: 17 
19560304-0,,Sunday 4 March 1956,,Handley Page HP.81 Hermes IV,Skyways,,,, G-ALDW, HP.81/23, 1950,,,,,Fatalities: 0 / Occupants: 0,Fatalities: 0 / Occupants: 0,,, Damaged beyond repair,,"Nicosia Airport (NIC) (   Cyprus) 
", Standing (STD),Int'l Non Scheduled Passenger,"Nicosia Airport (NIC/LCNC), Cyprus",?,,,Fatalities: 0 / Occupants: 0 
19560305-0,,Monday 5 March 1956,,Douglas C-47D (DC-3),United States Air Force - USAF,,,, 44-77094, 33426/16678, 1945,,,,,Fatalities: 0 / Occupants: 2,Fatalities: 0 / Occupants: 0,,, Damaged beyond repair,,"Mount Fuji (   Japan) 
", En route (ENR),Military,?,?,,,Fatalities: 0 / Occupants: 2 
19560312-0,,Monday 12 March 1956,,Grumman SA-16A Albatross,United States Air Force - USAF,,,, 49-069, G-27, 1950,,,,,Fatalities:  / Occupants: ,Fatalities:  / Occupants: ,,, Damaged beyond repair,,"1,5 km (0.9 mls) off  Argentia NAS, NL (NWP) (   Canada) 
", Initial climb (ICL),Military,"Argentia NAS, NL (NWP), Canada",?,,,Fatalities: 6 / Occupants: 6 
19560316-0,,Friday 16 March 1956,,Vickers Varsity T.1,Royal Air Force - RAF,,,, WF388, 547, 1952,,, 2 Bristol Hercules 264,,Fatalities: 0 / Occupants: ,Fatalities: 0 / Occupants: ,,, Damaged beyond repair,,"Thorney Island RAF Station (   United Kingdom) 
", Landing (LDG),Military,?,"Thorney Island RAF Station, United Kingdom",,,Fatalities: 0 / Occupants:  
19560317-0,,Saturday 17 March 1956,,Douglas C-47 (DC-3),L'Armée de L'Air,,,, registration unknown, , ,,,,,Fatalities:  / Occupants: ,Fatalities:  / Occupants: ,,, Damaged beyond repair,,"Gao Airport (GAQ) (   Mali) 
", Takeoff (TOF),Military,"Gao Airport (GAQ/GAGO), Mali",?,,,Fatalities: 8 / Occupants: 8 
19560318-0,,Sunday 18 March 1956,22:25 EST,Curtiss C-46F-1-CU Commando,Flying Tiger Line,,,, N9995F, 22409, 1945,,,,,Fatalities: 0 / Occupants: 2,Fatalities: 0 / Occupants: 1,,, Damaged beyond repair,,"Pelly Bay, NU (   Canada) 
", Approach (APR),Cargo,?,"Pelly Bay-Dewline Site Airport, NU (YUF/CYUF), Canada",,,Fatalities: 0 / Occupants: 3 
19560318-1,,Sunday 18 March 1956,,de Havilland Canada DHC-3 Otter,Royal Canadian Air Force - RCAF,,,, 3687, 53, 1954,,,,,Fatalities:  / Occupants: ,Fatalities:  / Occupants: ,,, Damaged beyond repair,,"Knob Lake (   Antarctica) 
", Unknown (UNK),Military,?,?,,,Fatalities:  / Occupants:  
19560319-0,,Monday 19 March 1956,,Canadair C-54GM North Star,Royal Canadian Air Force - RCAF,,,, 17513, 120, 1948,,, 4 Rolls-Royce Merlin 622,,Fatalities: 0 / Occupants: ,Fatalities: 0 / Occupants: ,,, Damaged beyond repair,,"Montreal-Dorval International Airport, QC (YUL) (   Canada) 
", Standing (STD),Military,-,-,,,Fatalities: 0 / Occupants:  
19560319-1,,Monday 19 March 1956,,Fairchild CC-119 Flying Boxcar,Royal Canadian Air Force - RCAF,,,, 22124, 10908, ,,,,,Fatalities: 0 / Occupants: ,Fatalities: 0 / Occupants: ,,, Damaged beyond repair,,"Montreal-Dorval International Airport, QC (YUL) (   Canada) 
", Standing (STD),Military,-,-,,,Fatalities: 0 / Occupants:  
19560319-2,,Monday 19 March 1956,,Douglas C-47A-90-DL (DC-3),Fuerza Aérea Argentina - FAA,,,, T-20, 20479, 1944,,, 2 Pratt & Whitney R-1830-92,,Fatalities: 0 / Occupants: ,Fatalities: 0 / Occupants: ,,, Damaged beyond repair,,"near Curuzu Cuatia Airport, CR (UZU) (   Argentina) 
", Approach (APR),Military,"Buenos Aires (unknown airport), BA, Argentina","Curuzu Cuatia Airport, CR (UZU/SATU), Argentina",,,Fatalities: 0 / Occupants: 5 
19560321-0,,Wednesday 21 March 1956,,Douglas C-47A-20-DK (DC-3),Indian Airlines,,,, VT-CGN, 12989, 1944,,, 2 Pratt & Whitney R-1830-92,,Fatalities: 0 / Occupants: 3,Fatalities: 2 / Occupants: 18,,, Damaged beyond repair,,"Tezpur-Salonibari Airport (TEZ) (   India) 
", Landing (LDG),Scheduled Passenger,?,"Tezpur-Salonibari Airport (TEZ/VETZ), India",,,Fatalities: 2 / Occupants: 21 
19560328-0,,Wednesday 28 March 1956,,Douglas C-47B-35-DK (DC-3),Starways,,,, G-AMRB, 33418/16670, 1945,,, 2 Pratt & Whitney R-1830-90C,,Fatalities: 1 / Occupants: 3,Fatalities: 0 / Occupants: 0,,, Damaged beyond repair,,"Largs (   United Kingdom) 
", Approach (APR),Ferry/positioning,"Liverpool-Speke Airport (LPL/EGGP), United Kingdom","Glasgow-Renfrew Airport, United Kingdom",,,Fatalities: 1 / Occupants: 3 
19560331-0,,Saturday 31 March 1956,,Douglas C-47A-60-DL (DC-3),National Air Operators,,,, VT-DCM, 10230, 1943,,, 2 Pratt & Whitney R-1830-92,,Fatalities: 3 / Occupants: 3,Fatalities: 0 / Occupants: 0,,, Damaged beyond repair,,"Indapur (   India) 
", En route (ENR),Cargo,"Asansol, India","Bagdogra Airport (IXB/VEBD), India",,,Fatalities: 3 / Occupants: 3 
19560331-1,Preliminary,Saturday 31 March 1956,,Douglas C-47A-15-DK (DC-3),Royal Thai Air Force - RTAF,,,, L2-14/96, 12667, 1944,,, 2 Pratt & Whitney R-1830-92,,Fatalities:  / Occupants: ,Fatalities:  / Occupants: ,,, Damaged beyond repair,,"Korat (   Thailand) 
", Initial climb (ICL),Military,"Korat AFB (VTUN), Thailand","Bangkok-Don Muang International Airport (BKK/VTBD), Thailand",,,Fatalities: 18 / Occupants: 18 
19560401-0,Final,Sunday 1 April 1956,19:20,Martin 4-0-4,Trans World Airlines - TWA,,,, N40403, 14103, 1951,9177,,,,Fatalities: 1 / Occupants: 3,Fatalities: 21 / Occupants: 33,,, Damaged beyond repair,,"0,5 km (0.3 mls) SW of Pittsburgh-Greater Pittsburgh Airport, PA (PIT) (   United States of America) 
", Initial climb (ICL),Domestic Scheduled Passenger,"Pittsburgh-Greater Pittsburgh Airport, PA (PIT/KPIT), United States of America","Newark International Airport, NJ (EWR/KEWR), United States of America",TW400,,Fatalities: 22 / Occupants: 36 
19560402-0,Final,Monday 2 April 1956,08:10,Boeing 377 Stratocruiser 10-30,Northwest Orient Airlines,,,, N74608, 15954/50, 1949-10-10  (6 years 6 months),18489,, 4 Pratt & Whitney R-4360-B6,,Fatalities: 1 / Occupants: 6,Fatalities: 4 / Occupants: 32,,, Damaged beyond repair,,"8,7 km (5.4 mls) SW off  Seattle/Tacoma International Airport, WA (SEA) (   United States of America) 
", En route (ENR),Domestic Scheduled Passenger,"Seattle/Tacoma International Airport, WA (SEA/KSEA), United States of America","Portland International Airport, OR (PDX/KPDX), United States of America",   2,,Fatalities: 5 / Occupants: 38 
19560403-0,,Tuesday 3 April 1956,,Curtiss C-46F-1-CU Commando,TransAir,,,, CF-HZI, 22387, 1945,,,,,Fatalities: 0 / Occupants: ,Fatalities: 0 / Occupants: ,,, Damaged beyond repair,,"Hall Beach Airport, NU (YUX) (   Canada) 
", Unknown (UNK),Unknown,?,?,,,Fatalities: 0 / Occupants:  
19560403-1,,Tuesday 3 April 1956,,Fairchild C-119 Flying Boxcar,United States Air Force - USAF,,,, registration unknown, , ,,,,,Fatalities: 5 / Occupants: 5,Fatalities: 0 / Occupants: 0,,, Damaged beyond repair,,"32 km (20 mls) S of Saijo (   Japan) 
", En route (ENR),Military,"Tachikawa Air Base (RJTC), Japan","Ashiya Air Base (RJFA), Japan",,,Fatalities: 5 / Occupants: 5 
19560405-0,,Thursday 5 April 1956,10:30,Douglas C-47A-25-DK (DC-3),REAL Transportes Aéreos,,,, PT-YQA, 13621, 1944,,,,,Fatalities: 0 / Occupants: 1,Fatalities: 0 / Occupants: 0,,, Substantial, Repaired,"São Paulo-Congonhas Airport, SP (CGH) (   Brazil) 
", Takeoff (TOF),Illegal Flight,"São Paulo-Congonhas Airport, SP (CGH/SBSP), Brazil",-,,,Fatalities: 0 / Occupants: 1 
19560407-0,,Saturday 7 April 1956,,Douglas C-124C Globemaster II,United States Air Force - USAF,,,, 52-1078, 43987, ,,, 4 Pratt & Whitney R-4360-20WA,,Fatalities: 3 / Occupants: 7,Fatalities: 0 / Occupants: 0,,, Damaged beyond repair,,"near Fairfield-Travis AFB, CA (   United States of America) 
", Initial climb (ICL),Military,"Fairfield-Travis AFB, CA (SUU/KSUU), United States of America",?,,,Fatalities: 3 / Occupants: 7 
19560409-0,,Monday 9 April 1956,,Handley Page Hastings C.2,Royal Air Force - RAF,,,, WD483, HP67/111, 1951,,,,,Fatalities: 0 / Occupants: ,Fatalities: 0 / Occupants: ,,, Damaged beyond repair,,"Ataq Airport (AXK) (   Yemen) 
", Landing (LDG),Military,"Aden-Khormaksar RAF Station (ADE/ODAA), Yemen","Ataq Airport (AXK/ODAT), Yemen",,,Fatalities: 0 / Occupants:  
19560410-0,,Tuesday 10 April 1956,,de Havilland Canada U-1A Otter (DHC-3),Royal Canadian Air Force - RCAF,,,, 3666, 12, 1953,,,,,Fatalities: 2 / Occupants: 2,Fatalities: 1 / Occupants: 1,,, Damaged beyond repair,,"10 km (6.3 mls) N of Goose Bay Airport, NL (YYR) (   Canada) 
", En route (ENR),Military,"Goose Bay Airport, NL (YYR/CYYR), Canada","Goose Bay Airport, NL (YYR/CYYR), Canada",,,Fatalities: 3 / Occupants: 3 
19560418-0,,Wednesday 18 April 1956,,Boeing-Canada PB2B-1 Canso A (PBY-5A),Panair do Brasil,,,, PP-PDB, 22021, 1943,,,,,Fatalities: 2 / Occupants: 5,Fatalities: 1 / Occupants: 7,,, Damaged beyond repair,,"Parintins, AM (   Brazil) 
", Landing (LDG),Passenger,"Belém (unknown airport), PA, Brazil","Parintins, AM, Brazil",,,Fatalities: 3 / Occupants: 12 
19560418-1,Preliminary,Wednesday 18 April 1956,,Grumman SA-16A Albatross,United States Air Force - USAF,,,, 51-039, G-114, ,,,,,Fatalities:  / Occupants: ,Fatalities:  / Occupants: ,,, Damaged beyond repair,,"0,4 km (0.3 mls) N of Wheelus Air Base (MJI) (   Libya) 
", Unknown (UNK),Military,?,?,,,Fatalities:  / Occupants:  
19560422-0,,Sunday 22 April 1956,,Avro 685 York C.1,British Overseas Airways Corporation - BOAC,,,, G-AGNS, 1220, 1945,,, 4 Rolls-Royce Merlin,,Fatalities:  / Occupants: ,Fatalities:  / Occupants: ,,, Damaged beyond repair,,"Idris (   Libya) 
", Standing (STD),Unknown,?,?,,,Fatalities:  / Occupants:  
19560422-1,,Sunday 22 April 1956,20:50,Ilyushin Il-14,"Aeroflot, Moscow Civil Aviation Directorate",,,, CCCP-L1718, 146000202, 1956,19,,,12,Fatalities: 5 / Occupants: 5,Fatalities: 1 / Occupants: 1,,, Damaged beyond repair,,"off Sukhumi Airport (SUI) (   Georgia) 
", Initial climb (ICL),Cargo,"Sukhumi Airport (SUI/UGSS), Georgia","Kutaisi Airport (KUT/UGKO), Georgia", 227,,Fatalities: 6 / Occupants: 6 
19560426-0,,Thursday 26 April 1956,,Ilyushin Il-12 ?,Aeroflot,,,, registration unknown, , ,,,,,Fatalities:  / Occupants: ,Fatalities:  / Occupants: ,,, Damaged beyond repair,,"Berlin-Bohnsdorf (   Germany) 
", Approach (APR),Unknown,"Warszawa-Okecie Airport (WAW/EPWA), Poland","Berlin-Schönefeld Airport (SXF/EDDB), Germany",,,Fatalities: 3 / Occupants: 6 
19560430-0,,Monday 30 April 1956,09:30 UTC,Avro 685 York C.1,Scottish Airlines,,,, G-AMUL, , 1946,,, 4 Rolls-Royce Merlin,,Fatalities: 0 / Occupants: 5,Fatalities: 2 / Occupants: 49,,, Damaged beyond repair,,"London-Stansted Airport (STN) (   United Kingdom) 
", Takeoff (TOF),Int'l Non Scheduled Passenger,"London-Stansted Airport (STN/EGSS), United Kingdom","Malta-Luqa Airport (MLA/LMML), Malta",,,Fatalities: 2 / Occupants: 54 
19560504-0,,Friday 4 May 1956,,Vickers 610 Viking 1B,Fuerza Aérea Argentina - FAA,,,, T-91, 258, 1949-02-18  (7 years 3 months),,,,,Fatalities: 3 / Occupants: 4,Fatalities: 0 / Occupants: 5,,, Damaged beyond repair,,"Villa Tesei, BA (   Argentina) 
", Unknown (UNK),Military,"El Palomar Airport, BA (EPA/SADP), Argentina",?,,,Fatalities: 3 / Occupants: 9 
19560507-0,,Monday 7 May 1956,ca 20:00,Douglas C-47A-5-DK (DC-3),VASP - Viação Aérea São Paulo,,,, PP-SPX, 12257, 1944,,, 2 Pratt & Whitney R-1830-92,,Fatalities: 0 / Occupants: 0,Fatalities: 0 / Occupants: 0,,, Damaged beyond repair,,"São Paulo-Congonhas Airport, SP (CGH) (   Brazil) 
", Standing (STD),-,-,-,,,Fatalities: 0 / Occupants: 0 
19560511-0,,Friday 11 May 1956,,Fairchild R4Q-1 Flying Boxcar (C-119C),United States Marine Corps,,,, 128744, 10573, 1952,1890,,,,Fatalities:  / Occupants: ,Fatalities:  / Occupants: ,,, Damaged beyond repair,,"unknown (   Unknown country) 
", Unknown (UNK),Military,?,?,,,Fatalities:  / Occupants:  
19560515-0,,Tuesday 15 May 1956,,Douglas C-47A-20-DK (DC-3),Indian Airlines,,,, VT-DBA, 13165, 1944,,, 2 Pratt & Whitney R-1830-92,,Fatalities: 0 / Occupants: 3,Fatalities: 14 / Occupants: 30,Fatalities: 1,, Damaged beyond repair,,"Kathmandu-Tribhuvan Airport (KTM) (   Nepal) 
", Landing (LDG),Int'l Non Scheduled Passenger,?,"Kathmandu-Tribhuvan Airport (KTM/VNKT), Nepal",,,Fatalities: 14 / Occupants: 33 
19560515-4,,Tuesday 15 May 1956,,Lockheed Ventura,Crane Co.,,,, N64001, 5326, 1943,,,,,Fatalities:  / Occupants: ,Fatalities:  / Occupants: ,,, Damaged beyond repair,,"6,5 km (4.1 mls) E of Jeffersonville, IN (   United States of America) 
", En route (ENR),Unknown,"Chicago (unknown airport), IL, United States of America","Louisville-Standiford Field, KY (SDF/KSDF), United States of America",,,Fatalities: 8 / Occupants: 8 
19560518-0,,Friday 18 May 1956,,Douglas C-47A-30-DK Dakota III,Indian Airlines,,,, VT-CCD, 25468/14023, 1944,,,,,Fatalities: 0 / Occupants: 3,Fatalities: 0 / Occupants: 16,,, Damaged beyond repair,,"Ahmedabad Airport (AMD) (   India) 
", Landing (LDG),Scheduled Passenger,?,"Ahmedabad Airport (AMD/VAAH), India",,,Fatalities: 0 / Occupants: 19 
19560524-0,,Thursday 24 May 1956,ca 10:20,Douglas C-47-DL (DC-3),Aviateca,,,, TG-AHA, 6052, 1942,,, 2 Pratt & Whitney R-1830-92,,Fatalities: 3 / Occupants: 3,Fatalities: 27 / Occupants: 28,,, Damaged beyond repair,,"Sierra de Las Minas (   Guatemala) 
", En route (ENR),Domestic Scheduled Passenger,"Guatemala City-La Aurora Airport (GUA/MGGT), Guatemala","La Tinta, Guatemala",,,Fatalities: 30 / Occupants: 31 
19560530-1,,Wednesday 30 May 1956,,Bristol 170 Freighter 31,Pacific Western Airlines,,,, CF-TFZ, 13139, ,,,,,Fatalities: 0 / Occupants: 3,Fatalities: 0 / Occupants: 0,,, Damaged beyond repair,,"Beaverlodge Lake, NWT (   Canada) 
", Landing (LDG),Cargo,?,"Beaverlodge Lake, NT, Canada",,,Fatalities: 0 / Occupants: 3 
19560615-0,,Friday 15 June 1956,,Bristol 170 Freighter 31E,Air Laos,,,, F-OAOU, 13165, ,,, 2 Bristol Hercules 734,,Fatalities:  / Occupants: ,Fatalities:  / Occupants: ,,, Damaged beyond repair,,"Vientiane-Wattay Airport (VTE) (   Laos) 
", Landing (LDG),Unknown,?,"Vientiane-Wattay Airport (VTE/VLVT), Laos",,,Fatalities:  / Occupants:  
19560615-1,,Friday 15 June 1956,,Vickers Valetta C.1,Royal Air Force - RAF,,,, VX521, , 1950,,, 2 Bristol Hercules 230,,Fatalities:  / Occupants: ,Fatalities:  / Occupants: ,,, Damaged beyond repair,,"near Ipoh (   Malaysia) 
", Maneuvering (MNV),Military,?,?,,,Fatalities: 9 / Occupants: 9 
19560616-0,,Saturday 16 June 1956,,Douglas C-124A Globemaster II,United States Air Force - USAF,,,, 51-5183, 43593, ,,, 4 Pratt & Whitney R-4360-20WA,,Fatalities: 0 / Occupants: ,Fatalities: 0 / Occupants: ,,, Damaged beyond repair,,"Enewetak Island Airport (ENT) (   Marshall Islands) 
", Landing (LDG),Military,?,"Enewetak Island Airport (ENT/PKMA), Marshall Islands",,,Fatalities: 0 / Occupants:  
19560618-0,,Monday 18 June 1956,,Bristol 170 Freighter 31,TransAir,,,, CF-TFY, 13138, ,,,,,Fatalities: 0 / Occupants: 3,Fatalities: 0 / Occupants: 0,,, Damaged beyond repair,,"Hudson Bay, SK (   Canada) 
", Standing (STD),Cargo,?,?,,,Fatalities: 0 / Occupants: 3 
19560618-1,,Monday 18 June 1956,,Douglas C-47B-35-DK (DC-3),L'Armée de L'Air,,,, 76976, 33308/16560, 1945,,,,,Fatalities:  / Occupants: ,Fatalities:  / Occupants: ,,, Damaged beyond repair,,"nr Jijel (   Algeria) 
", Unknown (UNK),Military,?,?,,,Fatalities:  / Occupants:  
19560619-0,,Tuesday 19 June 1956,,Ford 4-AT-E Tri-Motor,Johnson Flying Service,,,, N9642, 4-AT-58, 1929-01-29  (27 years 5 months),,, 3 Wright J-6-9 Whirlwind,,Fatalities: 0 / Occupants: 2,Fatalities: 0 / Occupants: 0,,, Damaged beyond repair,,"near Townsend, MT (   United States of America) 
", En route (ENR),Agricultural,?,?,,,Fatalities: 0 / Occupants: 2 
19560620-0,Final,Wednesday 20 June 1956,01:32,Lockheed L-1049E-55 Super Constellation,Linea Aeropostal Venezolana - LAV,,,, YV-C-AMS, 4561, 1954,,,,,Fatalities: 10 / Occupants: 10,Fatalities: 64 / Occupants: 64,,, Destroyed, Written off (damaged beyond repair),"65 km (40.6 mls) SE off  New York, NY (   Atlantic Ocean) 
", En route (ENR),International Scheduled Passenger,"New York-Idlewild International Airport, NY (IDL/KIDL), United States of America","Caracas-Simón Bolívar International Airport (CCS/SVMI), Venezuela", 253,,Fatalities: 74 / Occupants: 74 
19560624-0,,Sunday 24 June 1956,17:22 UTC,Canadair C-4 Argonaut,British Overseas Airways Corporation - BOAC,,,, G-ALHE, 151, ,,, 4 Rolls-Royce Merlin 622,,Fatalities: 3 / Occupants: 7,Fatalities: 29 / Occupants: 38,,, Damaged beyond repair,,"near Kano International Airport (KAN) (   Nigeria) 
", Initial climb (ICL),International Scheduled Passenger,"Kano International Airport (KAN/DNKN), Nigeria","Tripoli International Airport (TIP/HLLT), Libya",,,Fatalities: 32 / Occupants: 45 
19560626-0,,Tuesday 26 June 1956,,Boeing KC-97G-26-BO Stratotanker,United States Air Force - USAF,,,, 52-2700, 16731, ,,,,,Fatalities: 11 / Occupants: 11,Fatalities: 0 / Occupants: 0,,, Damaged beyond repair,,"near Roswell-Walker AFB, NM (   United States of America) 
", Takeoff (TOF),Military,"Roswell-Walker AFB, NM, United States of America",?,,,Fatalities: 11 / Occupants: 11 
19560628-0,,Thursday 28 June 1956,,Vickers 615 Viking 1B,Fuerza Aérea Argentina - FAA,,,, T-5, 181, 1947-01-30  (9 years 5 months),,,,,Fatalities: 0 / Occupants: ,Fatalities: 0 / Occupants: 25,,, Damaged beyond repair,,"3 km (1.9 mls) from  Resistencia Airport, CH (RES) (   Argentina) 
", Initial climb (ICL),Military,"Resistencia Airport, CH (RES/SARE), Argentina",?,,,Fatalities: 0 / Occupants:  
19560630-0,Final,Saturday 30 June 1956,10:32,Douglas DC-7,United Airlines,,,, N6324C, 44288/540, 1955,5115,,,,Fatalities: 5 / Occupants: 5,Fatalities: 53 / Occupants: 53,,Fatalities: 70, Destroyed, Written off (damaged beyond repair),"Grand Canyon, AZ (   United States of America) 
", En route (ENR),Domestic Scheduled Passenger,"Los Angeles International Airport, CA (LAX/KLAX), United States of America","Chicago-Midway Airport, IL (MDW/KMDW), United States of America",UA718,,Fatalities: 58 / Occupants: 58 
19560630-1,Final,Saturday 30 June 1956,10:32,Lockheed L-1049-54-80 Super Constellation,Trans World Airlines - TWA,,,, N6902C, 4016, 1952,10519,,,,Fatalities: 6 / Occupants: 6,Fatalities: 64 / Occupants: 64,,Fatalities: 58, Destroyed, Written off (damaged beyond repair),"Grand Canyon, AZ (   United States of America) 
", En route (ENR),Domestic Scheduled Passenger,"Los Angeles International Airport, CA (LAX/KLAX), United States of America","Kansas City Downtown Municipal Airport, MO (MKC/KMKC), United States of America",TW2,,Fatalities: 70 / Occupants: 70 
19560702-0,,Monday 2 July 1956,,de Havilland Canada U-1B Otter (DHC-3),United States Navy,,,, 144261, 66, 1955,,,,,Fatalities:  / Occupants: ,Fatalities:  / Occupants: ,,, Damaged beyond repair,,"at an unknown location (   Unknown country) 
", Unknown (UNK),Military,?,?,,,Fatalities:  / Occupants:  
19560703-0,,Tuesday 3 July 1956,,Douglas C-47B-10-DK (DC-3),Czechoslovak Air Force,,,, D-13, 26447/15002, 1944,,,,,Fatalities: 6 / Occupants: 6,Fatalities: 15 / Occupants: 15,,, Damaged beyond repair,,"near Lom (   Slovakia) 
", En route (ENR),Military,"Pardubice Airport (PED/LKPD), Czech Republic","Preov Airport (POV/LZPW), Slovakia",,,Fatalities: 21 / Occupants: 21 
19560706-0,,Friday 6 July 1956,,Curtiss C-46F-1-CU Commando,TransAir,,,, CF-HZL, 22394, 1945,,,,,Fatalities:  / Occupants: ,Fatalities:  / Occupants: ,,, Damaged beyond repair,,"Coral Harbour Airport, NU (YZS) (   Canada) 
", Unknown (UNK),Unknown,?,?,,,Fatalities:  / Occupants:  
19560706-1,,Friday 6 July 1956,,Boeing KC-97E-45-BO Stratofreighter,United States Air Force - USAF,,,, 51-0220, 16287, ,,,,,Fatalities: 6 / Occupants: 6,Fatalities: 0 / Occupants: 0,,, Damaged beyond repair,,"72 km (45 mls) NE of Goose Bay, NL (   Canada) 
", En route (ENR),Military,"Lake Charles Municipal Airport, LA (LCH/KLCH), United States of America","Goose Bay Airport, NL (YYR/CYYR), Canada",,,Fatalities: 6 / Occupants: 6 
19560709-0,,Monday 9 July 1956,,Douglas C-47A-90-DL (DC-3),Força Aérea Brasileira - FAB,,,, 2062, 20216, 1944,,, 2 Pratt & Whitney R-1830-92,,Fatalities: 5 / Occupants: 6,Fatalities: 1 / Occupants: 20,,, Damaged beyond repair,,"near Rio Branco Airport, AC (RBR) (   Brazil) 
", En route (ENR),Military,"Rio Branco Airport, AC (RBR/SBRB), Brazil",?,,,Fatalities: 6 / Occupants: 26 
19560709-1,Final,Monday 9 July 1956,13:53,Vickers 724 Viscount,Trans-Canada Air Lines - TCAL,,,, CF-TGR, 55, 1955-06-12  (1 year ),2586,, 4 Rolls-Royce Dart 506,,Fatalities: 0 / Occupants: 4,Fatalities: 1 / Occupants: 31,,, Substantial, Repaired,"Flat Rock, MI (   United States of America) 
", En route (ENR),International Scheduled Passenger,"Chicago-O'Hare International Airport, IL (ORD/KORD), United States of America","Toronto-Malton Airport, ON (YYZ/CYYZ), Canada", 305,,Fatalities: 1 / Occupants: 35 
19560712-0,,Thursday 12 July 1956,,Consolidated PBY-5A Catalina,TICAL,,,, PT-ASN, 1792, ,,,,,Fatalities: 1 / Occupants: 3,Fatalities: 0 / Occupants: 2,,, Damaged beyond repair,,"3 km (1.9 mls) from  Marabá, PA (   Brazil) 
", En route (ENR),Cargo,"Belém (unknown airport), PA, Brazil","Marabá Airport, PA (MAB/SBMA), Brazil",,,Fatalities: 1 / Occupants: 5 
19560713-0,,Friday 13 July 1956,15:35,Douglas C-118A (DC-6),United States Air Force - USAF,,,, 53-3301, 44672/639, 1955,,,,,Fatalities: 8 / Occupants: 10,Fatalities: 38 / Occupants: 56,,, Damaged beyond repair,,"ca 2 km S of Fort Dix-McGuire AFB, NJ (WRI) (   United States of America) 
", En route (ENR),Military,"Wrightstown-McGuire AFB, NJ (WRI/KWRI), United States of America","Stephenville-Ernest Harmon AFB, NL (YJT/CYJT), Canada",,,Fatalities: 46 / Occupants: 66 
19560713-1,,Friday 13 July 1956,,Lisunov Li-2T,Malev Hungarian Airlines,,,, HA-LIG, 18426601, ,,,,,Fatalities: 0 / Occupants: 5,Fatalities: 0 / Occupants: 15,,, None,,"Ingolstadt Air Base (   Germany) 
", En route (ENR),Domestic Scheduled Passenger,"Budapest-Ferihegy Airport (BUD/LHBP), Hungary","Szombathely Airport (LHSY), Hungary",,,Fatalities: 0 / Occupants: 20 
19560715-1,,Sunday 15 July 1956,01:35,Convair CV-440-11,Swissair,,,, HB-IMD, 335, 1956,,,,,Fatalities: 4 / Occupants: 4,Fatalities: 0 / Occupants: 0,,, Damaged beyond repair,,"Shannon Airport (SNN) (   Ireland) 
", Approach (APR),Ferry/positioning,"Gander Airport, NL (YQX/CYQX), Canada","Shannon Airport (SNN/EINN), Ireland",,,Fatalities: 4 / Occupants: 4 
19560716-0,Final,Monday 16 July 1956,07:17,Douglas C-47A-25-DK (DC-3),Aerolineas Argentinas,,,, LV-ACD, 13328, 1944,,, 2 Pratt & Whitney R-1830-92,,Fatalities: 4 / Occupants: 4,Fatalities: 14 / Occupants: 14,,, Damaged beyond repair,,"5 km (3.1 mls) NE of Pavín, CD (   Argentina) 
", En route (ENR),Domestic Scheduled Passenger,"Buenos Aires/Ezeiza-Ministro Pistarini Airport, BA (EZE/SAEZ), Argentina","Río Cuarto Airport, CD (RCU/SAOC), Argentina",,,Fatalities: 18 / Occupants: 18 
19560720-0,,Friday 20 July 1956,,Fairchild C-119 Flying Boxcar,United States Air Force - USAF,,,, registration unknown, , ,,,,,Fatalities: 4 / Occupants: 4,Fatalities: 0 / Occupants: 0,,, Missing, Presumed damaged beyond repair,"off Ashiya Air Base (   Japan) 
", En route (ENR),Military,"Ashiya Air Base (RJFA), Japan","Ashiya Air Base (RJFA), Japan",,,Fatalities: 4 / Occupants: 4 
19560720-1,,Friday 20 July 1956,,Douglas R4D-1 (DC-3),United States Navy,,,, 17123, 43333, 1944,,,,,Fatalities:  / Occupants: ,Fatalities:  / Occupants: ,,, Damaged beyond repair,,"Quantico, VA ? (   United States of America) 
", Unknown (UNK),Military,?,?,,,Fatalities:  / Occupants:  
19560720-2,,Friday 20 July 1956,,Antonov An-2,"Aeroflot, East Siberia Civil Aviation Directorate",,,, CCCP-L5554, , ,,,,,Fatalities: 3 / Occupants: 3,Fatalities: 1 / Occupants: 3,,, Damaged beyond repair,,"175 km (109.4 mls) E of Batagay (   Russia) 
", En route (ENR),Passenger,?,?,,,Fatalities: 4 / Occupants: 6 
19560727-0,Final,Friday 27 July 1956,20:10 UTC,Convair CV-340-68B,Saudi Arabian Airlines,,,, HZ-ABA, 222, 1955,,,,,Fatalities: 0 / Occupants: ,Fatalities: 0 / Occupants: ,,, Substantial, Repaired,"8 km (5 mls) NNE of Deir-ez-Zor (   Syria) 
", En route (ENR),Domestic Non Scheduled Passenger,"Jeddah International Airport, Saudi Arabia","Damascus International Airport (DAM/OSDI), Syria",,,Fatalities: 0 / Occupants:  
19560802-0,,Thursday 2 August 1956,,Vickers Valetta C.1,Royal Air Force - RAF,,,, VW812, 373, 1949-04-29  (7 years 3 months),,, 2 Bristol Hercules 230,,Fatalities: 0 / Occupants: ,Fatalities: 0 / Occupants: ,,, Damaged beyond repair,,"Al Mahfid Airport (   Yemen) 
", Landing (LDG),Military,?,"Al Mahfid Airport, Yemen",,,Fatalities: 0 / Occupants:  
19560805-0,,Sunday 5 August 1956,,Handley Page HP.81 Hermes IVA,Britavia,,,, G-ALDK, HP.81/12, 1950,,,,,Fatalities: 0 / Occupants: 7,Fatalities: 0 / Occupants: 65,,, Damaged beyond repair,,"Karachi-Drigh Road Airforce Station (   Pakistan) 
", Landing (LDG),Int'l Non Scheduled Passenger,?,"Karachi International Airport (KHI/OPKC), Pakistan",,,Fatalities: 0 / Occupants: 72 
19560808-0,,Wednesday 8 August 1956,,Douglas C-47B-1-DK (DC-3),Union of Burma Airways,,,, XY-ADC, 25793/14348, 1944,,, 2 Pratt & Whitney R-1830-90C,,Fatalities: 3 / Occupants: 4,Fatalities: 8 / Occupants: 18,,, Damaged beyond repair,,"near Thazi (   Myanmar) 
", En route (ENR),Domestic Scheduled Passenger,"Yangon-Mingaladon Airport (RGN/VYYY), Myanmar","Mandalay-Annisaton Airport (MDL/VYMD), Myanmar",,,Fatalities: 11 / Occupants: 22 
19560808-1,Final,Wednesday 8 August 1956,05:05,Fairchild C-82A-20-FA Packet,Sky Spray,,,, N4832V, 10070, 1946,1016,, 2 Pratt & Whitney R-2800-85,,Fatalities: 2 / Occupants: 2,Fatalities: 3 / Occupants: 3,,, Destroyed, Written off (damaged beyond repair),"Boca Raton Public Airport, FL (BCT) (   United States of America) 
", Approach (APR),Agricultural,"Miami-Masters Field, FL, United States of America","Boca Raton Public Airport, FL (BCT/KBCT), United States of America",,,Fatalities: 5 / Occupants: 5 
19560809-0,,Thursday 9 August 1956,,Douglas C-47A-80-DL (DC-3),Avianca,,,, HK-308, 19758, 1944,,, 2 Pratt & Whitney R-1830-92,,Fatalities:  / Occupants: ,Fatalities:  / Occupants: ,,, Damaged beyond repair,,"at an unknown location (   Unknown country) 
", Unknown (UNK),Unknown,?,?,,,Fatalities:  / Occupants:  
19560816-0,,Thursday 16 August 1956,ca 07:40,Douglas C-124A-DL Globemaster II,United States Air Force - USAF,,,, 51-0156, 43490, ,,, 4 Pratt & Whitney R-4360-20WA,,Fatalities: 1 / Occupants: 13,Fatalities: 0 / Occupants: 0,,, Destroyed, Written off (damaged beyond repair),"near San Salvador Auxiliary AFB (ZSA) (   Bahamas) 
", Landing (LDG),Military,"Cocoa Beach-Patrick AFB, FL (COF/KCOF), United States of America","San Salvador Airport (ZSA/MYSM), Bahamas",,,Fatalities: 1 / Occupants: 13 
19560816-2,,Thursday 16 August 1956,,Douglas C-47A-85-DL (DC-3),United States Air Force - USAF,,,, 43-15593, 20059, 1944,,,,,Fatalities:  / Occupants: ,Fatalities:  / Occupants: ,,, Damaged beyond repair,,"unknown (   Unknown country) 
", Unknown (UNK),Military,?,?,,,Fatalities:  / Occupants:  
19560820-0,Preliminary,Monday 20 August 1956,,Antonov An-2,"Aeroflot, Magadan Civil Aviation Directorate",,,, CCCP-L3488, , ,,,,,Fatalities: 3 / Occupants: 4,Fatalities: 0 / Occupants: 0,,, Damaged beyond repair,,"23 km (14.4 mls) from  Gizhiga (   Russia) 
", En route (ENR),Survey/research,?,?,,,Fatalities: 3 / Occupants: 4 
19560821-0,,Tuesday 21 August 1956,,Douglas C-124C Globemaster II,United States Air Force - USAF,,,, 52-1005, 43914, ,,, 4 Pratt & Whitney R-4360-20WA,,Fatalities: 3 / Occupants: 6,Fatalities: 0 / Occupants: 0,,, Damaged beyond repair,,"Palm Beach AFB, FL (PBI) (   United States of America) 
", Initial climb (ICL),Military,"Palm Beach AFB, FL (PBI/KPBI), United States of America","Palm Beach AFB, FL (PBI/KPBI), United States of America",,,Fatalities: 3 / Occupants: 6 
19560823-0,,Thursday 23 August 1956,,Consolidated PBY-5A Catalina,Maritime Central Airways,,,, CF-GBQ, 456, ,,,,,Fatalities: 0 / Occupants: ,Fatalities: 0 / Occupants: ,,, Damaged beyond repair,,"Brevoort Island, NU (   Canada) 
", Landing (LDG),Cargo,?,?,,,Fatalities: 0 / Occupants:  
19560825-0,,Saturday 25 August 1956,,Douglas C-47D (DC-3),Lloyd Aéreo Boliviano - LAB,,,, CP-605, 32542/15794, 1945,,, 2 Pratt & Whitney R-1830-90,,Fatalities: 1 / Occupants: 2,Fatalities: 1 / Occupants: 1,,, Damaged beyond repair,,"near La Paz-El Alto Airport (LPB) (   Bolivia) 
", Approach (APR),Cargo,?,"La Paz-El Alto Airport (LPB/SLLP), Bolivia",,,Fatalities: 2 / Occupants: 3 
19560825-2,,Saturday 25 August 1956,,Douglas C-47A-20-DK (DC-3),United States Navy,,,, 42-93195, 13080, 1944,,,,,Fatalities:  / Occupants: ,Fatalities:  / Occupants: ,,, Damaged beyond repair,,"unknown (   Unknown country) 
", Unknown (UNK),Military,?,?,,,Fatalities:  / Occupants:  
19560827-0,,Monday 27 August 1956,,de Havilland Canada DHC-3 Otter,Aigle Azur Extrême Orient,,,, F-BHEJ, 95, 1956,181,,,,Fatalities: 0 / Occupants: 1,Fatalities: 0 / Occupants: 2,,, Damaged beyond repair,,"Vientiane (   Laos) 
", Takeoff (TOF),Non Scheduled Passenger,?,?,,,Fatalities: 0 / Occupants: 3 
19560829-0,,Wednesday 29 August 1956,20:45,Douglas DC-6B,Canadian Pacific Air Lines - CPAL,,,, CF-CUP, 43843/324, 1953,,, 4 Pratt & Whitney R-2800,,Fatalities: 4 / Occupants: 8,Fatalities: 11 / Occupants: 14,,, Damaged beyond repair,,"Cold Bay, AK (   United States of America) 
", Approach (APR),International Scheduled Passenger,"Vancouver International Airport, BC (YVR/CYVR), Canada","Cold Bay Airport, AK (CDB/PACD), United States of America", 307,,Fatalities: 15 / Occupants: 22 
19560903-0,,Monday 3 September 1956,,Consolidated 28-5MC Canso A,Foshing Airlines,,,, B-1401, 425, 1942,,,,,Fatalities: 0 / Occupants: 0,Fatalities: 0 / Occupants: 0,,, Damaged beyond repair,,"Taipei (   Taiwan) 
", Standing (STD),-,-,-,,,Fatalities: 0 / Occupants: 0 
19560903-1,,Monday 3 September 1956,,Consolidated PBY-5A Catalina,Unknown,,,, B-201, , ,,,,,Fatalities: 0 / Occupants: 0,Fatalities: 0 / Occupants: 0,,, Damaged beyond repair,,"Taipei (   Taiwan) 
", Standing (STD),-,-,-,,,Fatalities: 0 / Occupants: 0 
19560905-0,,Wednesday 5 September 1956,,Vickers Valetta C.1,Royal Air Force - RAF,,,, WD165, 494, 1950-11-22  (5 years 10 months),,, 2 Bristol Hercules 230,,Fatalities: 0 / Occupants: 3,Fatalities: 0 / Occupants: 0,,, Damaged beyond repair,,"1,6 km (1 mls) off  Car Nicobar Airport (CBD) (   India) 
", Approach (APR),Military,?,"Car Nicobar Airport (CBD/VOCX), India",,,Fatalities: 0 / Occupants: 3 
19560906-0,,Thursday 6 September 1956,14:30,Douglas C-47A-25-DK (DC-3),Loide Aéreo Nacional,,,, PP-ANK, 13773, 1944,,, 2 Pratt & Whitney R-1830-92,,Fatalities: 0 / Occupants: ,Fatalities: 0 / Occupants: ,,, Damaged beyond repair,,"Belo Horizonte-Pampulha Airport, MG (PLU) (   Brazil) 
", Initial climb (ICL),Passenger,"Belo Horizonte-Pampulha Airport, MG (PLU/SBBH), Brazil","Uberlândia Airport, MG (UDI/SBUL), Brazil",,,Fatalities: 0 / Occupants: 16 
19560908-0,,Saturday 8 September 1956,,Ilyushin Il-12,Polyarnaya Aviatsiya,,,, CCCP-N525, 93013108, ,,,,,Fatalities: 0 / Occupants: ,Fatalities: 0 / Occupants: ,,, Damaged beyond repair,,"Dikson Airport (DKS) (   Russia) 
", Approach (APR),Unknown,?,"Dikson Airport (DKS/UODD), Russia",,,Fatalities: 0 / Occupants:  
19560909-0,,Sunday 9 September 1956,,Curtiss C-46A-45-CU Commando,Jordan International Airlines,,,, JY-ABV, 27069, 1944,,, 2 Pratt & Whitney R-2800-51,,Fatalities: 0 / Occupants: 4,Fatalities: 1 / Occupants: 53,,, Damaged beyond repair,,"near Amman-Marka International Airport (ADJ) (   Jordan) 
", Approach (APR),International Scheduled Passenger,"Amman-Marka International Airport (ADJ/OJAM), Jordan","Kuwait International Airport (KWI/OKBK), Kuwait",,,Fatalities: 1 / Occupants: 57 
19560909-1,,Sunday 9 September 1956,,Curtiss C-46F Commando,Westair Transport,,,, registration unknown, , ,,,,,Fatalities: 1 / Occupants: 2,Fatalities: 0 / Occupants: 1,,, Substantial, Repaired,"Kotzebue Airport, AK (OTZ) (   United States of America) 
", Landing (LDG),Unknown,?,"Kotzebue Airport, AK (OTZ/PAOT), United States of America",,,Fatalities: 1 / Occupants: 3 
19560909-2,Final,Sunday 9 September 1956,14:32,Douglas DC-3A-453,Continental Air Lines,,,, NC33315, 4978, 1942,,, 2 Pratt & Whitney R-1830,,Fatalities: 0 / Occupants: 3,Fatalities: 0 / Occupants: 14,,, Substantial, Repaired,"Bartlesville, OK (   United States of America) 
", En route (ENR),Domestic Scheduled Passenger,"Tulsa (unknown airport), OK, United States of America","Bartlesville Airport, OK (BVO/KBVO), United States of America", 190,,Fatalities: 0 / Occupants: 17 
19560911-0,,Tuesday 11 September 1956,,Short S.25 Sandringham 3,CAUSA - Compañia Aeronautica Uruguaya SA,,,, CX-AFA, SH.05C, ,,,,,Fatalities:  / Occupants: ,Fatalities:  / Occupants: ,,, Damaged beyond repair,,"at an unknown location (   Unknown country) 
", Unknown (UNK),Unknown,?,?,,,Fatalities:  / Occupants:  
19560911-1,,Tuesday 11 September 1956,,Lisunov Li-2,"GUSMP, Directorate of Polar Aviation",,,, CCCP-N584, 18440208, ,,,,,Fatalities: 4 / Occupants: 4,Fatalities: 0 / Occupants: 0,,, Damaged beyond repair,,"near Cherepovets Airport (CEE) (   Russia) 
", Unknown (UNK),Training,"Cherepovets Airport (CEE/ULBC), Russia","Cherepovets Airport (CEE/ULBC), Russia",,,Fatalities: 4 / Occupants: 4 
19560913-1,,Thursday 13 September 1956,,Avro 685 York C.1,TransAir,,,, CF-HFQ, Set 27, 1946,,, 4 Rolls-Royce Merlin,,Fatalities: 0 / Occupants: ,Fatalities: 0 / Occupants: ,,, Damaged beyond repair,,"Hall Beach Airport, NU (YUX) (   Canada) 
", Landing (LDG),Cargo,?,"Hall Beach Airport, NU (YUX/CYUX), Canada",,,Fatalities: 0 / Occupants:  
19560913-2,,Thursday 13 September 1956,,Douglas C-47D (DC-3),United States Air Force - USAF,,,, 44-77285, 33617/16869, 1945,,, 2 Pratt & Whitney R-1830-90,,Fatalities: 0 / Occupants: 3,Fatalities: 0 / Occupants: 6,,, Damaged beyond repair,,"ca 1 km from Fürstenfeldbruck Air Base (   Germany) 
", Approach (APR),Military,?,"Fürstenfeldbruck Air Base (ETGV), Germany",,,Fatalities: 0 / Occupants: 9 
19560916-0,,Sunday 16 September 1956,,Antonov An-2,"Aeroflot, East Siberia Civil Aviation Directorate",,,, CCCP-A2582, , ,,,,,Fatalities: 1 / Occupants: 3,Fatalities: 0 / Occupants: 0,,, Damaged beyond repair,,"Syuldyukar (   Russia) 
", Approach (APR),Ferry/positioning,?,?,,,Fatalities: 1 / Occupants: 3 
19560917-0,,Monday 17 September 1956,,Avro 685 York C.1,Persian Air Services,,,, EP-ADB, 1224, 1946,,, 4 Rolls-Royce Merlin,,Fatalities:  / Occupants: ,Fatalities:  / Occupants: ,,, Damaged beyond repair,,"London-Stansted Airport (STN) (   United Kingdom) 
", Standing (STD),-,-,-,,,Fatalities:  / Occupants:  
19560917-1,,Monday 17 September 1956,ca 22:00,Lockheed WV-3 Super Constellation,United States Navy,,,, 137893, 4380, 1956,723,,,,Fatalities: 0 / Occupants: 18,Fatalities: 0 / Occupants: 0,,, Damaged beyond repair,,"160 km (100 mls) S off  Guam (   Pacific Ocean) 
", En route (ENR),Military,"Guam-Agana NAS (NGM), Guam","Guam-Agana NAS (NGM), Guam",,,Fatalities: 0 / Occupants: 18 
19560923-0,,Sunday 23 September 1956,,Curtiss C-46D-10-CU Commando,World Wide Airways,,,, CF-IHR, 32866, 1944,,,,,Fatalities: 0 / Occupants: ,Fatalities: 0 / Occupants: ,,, Damaged beyond repair,,"DEW Line Site 28, NU (   Canada) 
", Landing (LDG),Unknown,?,?,,,Fatalities: 0 / Occupants:  
19560924-0,,Monday 24 September 1956,,Douglas VC-47A (DC-3),United States Air Force - USAF,,,, 43-48146, 25407/13962, 1944,,,,,Fatalities: 2 / Occupants: 2,Fatalities: 10 / Occupants: 10,,, Destroyed, Written off (damaged beyond repair),"Mount Yale, CO (   United States of America) 
", En route (ENR),Military,"Colorado Springs-Ent Air Force Base, CO, United States of America","Novato-Hamilton AFB, CA, United States of America",,,Fatalities: 12 / Occupants: 12 
19560924-1,,Monday 24 September 1956,,Lockheed P2V Neptune,United States Navy,,,, registration unknown, , ,,,,,Fatalities:  / Occupants: ,Fatalities:  / Occupants: ,,, Damaged beyond repair,,"Campofelice di Roccella, Sicily (   Italy) 
", En route (ENR),Military,?,?,,,Fatalities: 2 / Occupants: 3 
19560926-0,,Wednesday 26 September 1956,,Shorts S.45 Solent 3,Aquila Airways,,,, G-ANAJ, S.1293, ,,,,,Fatalities: 0 / Occupants: ,Fatalities: 0 / Occupants: ,,, Damaged beyond repair,,"Santa Margherita (   Italy) 
", Standing (STD),-,-,-,,,Fatalities: 0 / Occupants:  
19560926-1,,Wednesday 26 September 1956,,Avro 685 York C.1,Maritime Central Airways,,,, CF-HMW, , 1944,,, 4 Rolls-Royce Merlin,,Fatalities: 2 / Occupants: 3,Fatalities: 0 / Occupants: 0,,, Damaged beyond repair,,"44 km (27.5 mls) N of Kuujjuaq, QC (   Canada) 
", En route (ENR),Cargo,"Frobisher Bay Airport, NU (YFB/CYFB), Canada","Kuujjuaq-Fort Chimo Airport, QC (YVP/CYVP), Canada",,,Fatalities: 2 / Occupants: 3 
19560926-2,,Wednesday 26 September 1956,,Douglas C-47D (DC-3),United States Air Force - USAF,,,, 43-49550, 26811/15366, 1944,,,,,Fatalities:  / Occupants: ,Fatalities:  / Occupants: ,,, Damaged beyond repair,,"unknown (   Philippines) 
", Unknown (UNK),Military,?,?,,,Fatalities:  / Occupants:  
19560929-1,,Saturday 29 September 1956,,SNCASE SE.161 Languedoc,Aviaco,,,, EC-AKV, 26, 1946,,,,,Fatalities: 0 / Occupants: 5,Fatalities: 0 / Occupants: 33,Fatalities: 1,, Damaged beyond repair,,"near Tenerife-Los Rodeos Airfield (TCI) (   Spain) 
", Approach (APR),Domestic Scheduled Passenger,"Málaga Airport (AGP/LEMG), Spain","Tenerife-Los Rodeos Airfield (TCI/GCXO), Spain",,,Fatalities: 0 / Occupants: 38 
19560999-0,,xx SEP 1956,,Curtiss C-46A-60-CK Commando,Dominicana de Aviacion,,,, HI-36,   432, 1945,,, 2 Pratt & Whitney R-2800-51,,Fatalities:  / Occupants: ,Fatalities:  / Occupants: ,,, Damaged beyond repair,,"at an unknown location (   Unknown country) 
", Unknown (UNK),Unknown,?,?,,,Fatalities:  / Occupants:  
19561001-1,,Monday 1 October 1956,,Vickers 739 Viscount,Misrair,,,, SU-AIC,  85, 1955,,,,,Fatalities:  / Occupants: ,Fatalities:  / Occupants: ,,, Damaged beyond repair,,"Cairo-Almaza Air Base (   Egypt) 
", Standing (STD),-,-,-,,,Fatalities:  / Occupants:  
19561003-0,Final,Wednesday 3 October 1956,07:21,Douglas C-124C Globemaster II,United States Air Force - USAF,,,, 53-0033, 44328, ,,, 4 Pratt & Whitney R-4360-20WA,,Fatalities: 2 / Occupants: 9,Fatalities: 1 / Occupants: 1,,, Damaged beyond repair,,"1,4 km (0.9 mls) NW of Charleston AFB, SC (CHS) (   United States of America) 
", Approach (APR),Military,"Bermuda-Kindley Field NAS (NWU), Bermuda","Charleston AFB, SC (CHS/KCHS), United States of America",,,Fatalities: 3 / Occupants: 10 
19561005-0,,Friday 5 October 1956,,Vickers 610 Viking 1B,Central African Airways,,,, VP-YMO, 227, 1947-06-24  (9 years 4 months),,,,,Fatalities: 2 / Occupants: 2,Fatalities: 0 / Occupants: 0,,, Damaged beyond repair,,"3 km (1.9 mls) N of Salisbury Airport (HRE) (   Zimbabwe) 
", Initial climb (ICL),Training,"Salisbury Airport (HRE/FVHA), Zimbabwe",?,,,Fatalities: 2 / Occupants: 2 
19561010-0,,Wednesday 10 October 1956,ca 22:10,Douglas R6D-1 (DC-6),United States Navy,,,, 131588, 43691/321, 1953,,,,,Fatalities: 9 / Occupants: 9,Fatalities: 50 / Occupants: 50,,, Damaged beyond repair,,"590 km (368.8 mls) WSW off  Land's End, UK (   Atlantic Ocean) 
", En route (ENR),Military,"Lakenheath RAF Station (LKZ/EGUL), United Kingdom","Terceira-Lajes Airport, Azores (TER/LPLA), Portugal",,,Fatalities: 59 / Occupants: 59 
19561010-1,,Wednesday 10 October 1956,,Lockheed Neptune MR.1,Royal Air Force - RAF,,,, WX545, 426-5160, ,,,,,Fatalities: 9 / Occupants: 9,Fatalities: 0 / Occupants: 0,,, Damaged beyond repair,,"1,8 km (1.1 mls) NE off  Mull of Kintyre, Argyll (   United Kingdom) 
", En route (ENR),Military,?,?,,,Fatalities: 9 / Occupants: 9 
19561013-0,,Saturday 13 October 1956,,Lisunov Li-2,Malev Hungarian Airlines,,,, HA-LID, 18423508, 1946,,,,,Fatalities: 0 / Occupants: 5,Fatalities: 1 / Occupants: 14,,, None, -,"Szombathely (   Hungary) 
", En route (ENR),Domestic Scheduled Passenger,"Szombathely Airport (LHSY), Hungary","Zalaegerszeg-Andráshida Airport (LHZA), Hungary",,,Fatalities: 1 / Occupants: 19 
19561014-0,,Sunday 14 October 1956,,Junkers Ju-52/3m,Ministerio de Agricultura,,,, LV-ZIF, 5829, ,,,,,Fatalities: 0 / Occupants: ,Fatalities: 0 / Occupants: ,,, Damaged beyond repair,,"10 km (6.3 mls) from  Rauch, BA (   Argentina) 
", Maneuvering (MNV),Agricultural,?,?,,,Fatalities: 0 / Occupants:  
19561014-1,,Sunday 14 October 1956,15:00,Junkers Ju-52/3m,Ejército del Aire,,,, T.2B-99, , ,,,,,Fatalities:  / Occupants: ,Fatalities:  / Occupants: ,,, Damaged beyond repair,,"San Nicolas del Puerto (   Spain) 
", Unknown (UNK),Military,?,?,,,Fatalities: 8 / Occupants: 8 
19561016-0,,Tuesday 16 October 1956,06:15,Boeing 377 Stratocruiser 10-29,Pan American World Airways (Pan Am),,,, N90943, 15959/36, 1949-08-02  (7 years 3 months),,, 4 Pratt & Whitney R-4360-B6,,Fatalities: 0 / Occupants: 7,Fatalities: 0 / Occupants: 24,,, Damaged beyond repair,,"1800 km (1125 mls) SW off  San Francisco, CA, USA (   Pacific Ocean) 
", En route (ENR),Domestic Scheduled Passenger,"Honolulu International Airport, HI (HNL/PHNL), United States of America","San Francisco International Airport, CA (SFO/KSFO), United States of America",PA6,,Fatalities: 0 / Occupants: 31 
19561018-0,,Thursday 18 October 1956,,Douglas C-47D (DC-3),United States Air Force - USAF,,,, 43-49511, 26772/15327, 1944,,,,,Fatalities:  / Occupants: ,Fatalities:  / Occupants: ,,, Damaged beyond repair,,"at an unknown location (   Unknown country) 
", Unknown (UNK),Military,?,?,,,Fatalities:  / Occupants:  
19561018-1,,Thursday 18 October 1956,,Lockheed P2V-2N Neptune,United States Navy,,,, 122465, , ,,,,,Fatalities: 4 / Occupants: 8,Fatalities: 0 / Occupants: 0,,, Damaged beyond repair,,"McMurdo Station (   Antarctica) 
", Landing (LDG),Military,"Christchurch International Airport (CHC/NZCH), New Zealand","McMurdo Station Ice Runway (NZIR), Antarctica",,,Fatalities: 4 / Occupants: 8 
19561019-0,,Friday 19 October 1956,,Douglas DC-3,Indian Airlines,,,, VT-DGK, , ,,,,,Fatalities: 3 / Occupants: 3,Fatalities: 0 / Occupants: 0,,, Damaged beyond repair,,"Agartala (   India) 
", Approach (APR),Cargo,?,"Agartala-Singerbhil Airport (IXA/VEAT), India",,,Fatalities: 3 / Occupants: 3 
19561020-0,,Saturday 20 October 1956,,Lockheed 18-50 Lodestar,National Airlines,,,, N33368, 18-2372, 1943,,,,,Fatalities:  / Occupants: ,Fatalities:  / Occupants: ,,, Damaged beyond repair,,"Tallahassee Municipal Airport, FL (TLH) (   United States of America) 
", Landing (LDG),Unknown,?,"Tallahassee Municipal Airport, FL (TLH/KTLH), United States of America",,,Fatalities:  / Occupants:  
19561026-0,,Friday 26 October 1956,,Douglas C-47B-25-DK (DC-3),Royal Australian Air Force - RAAF,,,, A65-75, 32667/15919, 1945,,, 2 Pratt & Whitney R-1830-90C,,Fatalities: 0 / Occupants: ,Fatalities: 0 / Occupants: ,,, Damaged beyond repair,,"Daly Waters, NT (   Australia) 
", En route (ENR),Military,"Amberley RAAF Station, QLD (YAMB), Australia","Darwin Airport, NT (DRW/YPDN), Australia",,,Fatalities: 0 / Occupants:  
19561026-1,,Friday 26 October 1956,15:18,Fairchild C-119G Flying Boxcar,United States Air Force - USAF,,,, 51-8026, 10769, ,,, 2 Wright R-3350,,Fatalities: 4 / Occupants: 4,Fatalities: 0 / Occupants: 0,,, Damaged beyond repair,,"11 km (6.9 mls) N of Newburg, PA (   United States of America) 
", En route (ENR),Military,"Smyrna-Sewart AFB, TN (MQY/KMQY), United States of America","Harrisburg-Olmsted AFB, PA (MDT/KMDT), United States of America",,,Fatalities: 4 / Occupants: 4 
19561028-0,,Sunday 28 October 1956,,Ilyushin Il-14,Egyptian Air Force,,,, 1101, , ,,,,,Fatalities:  / Occupants: ,Fatalities:  / Occupants: ,,, Damaged beyond repair,,"Mediterranean Sea (   Egypt) 
", En route (ENR),Military,"Damascus International Airport (DAM/OSDI), Syria","Cairo (unknown airport), Egypt",,,Fatalities: 16 / Occupants: 16 
19561030-0,,Tuesday 30 October 1956,,Short Sunderland MR.5,Royal Air Force - RAF,,,, EJ153, , ,,,,,Fatalities: 0 / Occupants: ,Fatalities: 0 / Occupants: ,,, Damaged beyond repair,,"Castle Archdale (   United Kingdom) 
", Taxi (TXI),Military,?,?,,,Fatalities: 0 / Occupants:  
19561030-1,,Tuesday 30 October 1956,,Hurel-Dubois HD.321,Secrétariat Général à lAviation Civile et Comm. (SGACC),,,, F-BHHA, 02, ,,,,,Fatalities:  / Occupants: ,Fatalities:  / Occupants: ,,, Damaged beyond repair,,"10 km (6.3 mls) from  Rio de Janeiro-Galeão International Airport, RJ (GIG) (   Brazil) 
", En route (ENR),Demonstration,"Rio de Janeiro-Galeão International Airport, RJ (GIG/SBGL), Brazil",?,,,Fatalities: 1 / Occupants: 7 
19561101-0,,Thursday 1 November 1956,,Bristol 170 Freighter 31M,Pakistan Air Force,,,, S4413, 13164, 1954,,, 2 Bristol Hercules 734,,Fatalities:  / Occupants: ,Fatalities:  / Occupants: ,,, Damaged beyond repair,,"at an unknown location (   Unknown country) 
", Unknown (UNK),Military,?,?,,,Fatalities:  / Occupants:  
19561101-2,,Thursday 1 November 1956,,Short Sunderland GR.5,South African Air Force - SAAF,,,, 1715, , ,,,,,Fatalities:  / Occupants: ,Fatalities:  / Occupants: ,,, Damaged beyond repair,,"Lake Mzingazi (   South Africa) 
", Approach (APR),Military,?,?,,,Fatalities: 2 / Occupants: 10 
19561102-0,,Friday 2 November 1956,,Fiat G.212CP,SAIDE- Serv. Aériens Intercontinent. d'Egypte,,,, SU-AFF, 09, ,,,,,Fatalities:  / Occupants: ,Fatalities:  / Occupants: ,,, Damaged beyond repair,,"Suez (   Egypt) 
", Unknown (UNK),Unknown,?,?,,,Fatalities:  / Occupants:  
19561102-1,,Friday 2 November 1956,04:30,Lisunov Li-2,"Aeroflot, West Siberia Civil Aviation Directorate",,,, CCCP-L4872, 18435507, ,,,,,Fatalities: 2 / Occupants: 3,Fatalities: 0 / Occupants: 2,,, Damaged beyond repair,,"near Sverdlovsk-Koltsovo Airport (SVX) (   Russia) 
", Approach (APR),Domestic Scheduled Passenger,?,"Sverdlovsk-Koltsovo Airport (SVX/USSS), Russia",,,Fatalities: 2 / Occupants: 5 
19561103-0,,Saturday 3 November 1956,,Curtiss C-46D-15-CU Commando,Sociedad de Transportes Aéreos - ALA,,,, CC-CAH-331, 33544, 1945,,,,,Fatalities: 0 / Occupants: 5,Fatalities: 0 / Occupants: 2,,, Damaged beyond repair,,"near San Miguel Bay (   Panama) 
", En route (ENR),Cargo,"Havana-José Martí International Airport (HAV/MUHA), Cuba","Panama City-Tocumen International Airport (PTY/MPTO), Panama",,,Fatalities: 0 / Occupants: 7 
19561105-0,,Monday 5 November 1956,23:52,Handley Page HP.81 Hermes IVA,Britavia,,,, G-ALDJ, HP.81/11, 1950,,,,,Fatalities: 3 / Occupants: 6,Fatalities: 4 / Occupants: 74,,, Damaged beyond repair,,"near Blackbushe Airport (BBS) (   United Kingdom) 
", Approach (APR),Int'l Non Scheduled Passenger,"Tripoli-Idris Airport (TIP/HLLT), Libya","Blackbushe Airport (BBS/EGLK), United Kingdom",,,Fatalities: 7 / Occupants: 80 
19561107-0,,Wednesday 7 November 1956,09:50,de Havilland DH-114 Heron 2B,Braathens SAFE,,,, LN-SUR, 14093, 1956,,,,,Fatalities: 1 / Occupants: 2,Fatalities: 1 / Occupants: 10,,, Damaged beyond repair,,"Hummelfjell Mountain (   Norway) 
", En route (ENR),Domestic Scheduled Passenger,"Trondheim-Værnes Airport (TRD/ENVA), Norway","Oslo-Fornebu Airport (FBU/ENFB), Norway",253,,Fatalities: 2 / Occupants: 12 
19561109-0,,Friday 9 November 1956,ca 21:00,Martin P5M-1 Marlin,United States Navy,,,, 127705, , ,,, 2 Wright R-3350,,Fatalities: 10 / Occupants: 10,Fatalities: 0 / Occupants: 0,,, Damaged beyond repair,,"ca 570 km N off Bermuda (   Atlantic Ocean) 
", En route (ENR),Military,"Bermuda-Kindley Field NAS (NWU), Bermuda","Bermuda-Kindley Field NAS (NWU), Bermuda",,,Fatalities: 10 / Occupants: 10 
19561110-0,,Saturday 10 November 1956,,Curtiss C-46 Commando,Republic of China Air Force - ROCAF,,,, 362, , ,,,,,Fatalities:  / Occupants: ,Fatalities:  / Occupants: ,,, Damaged beyond repair,,"unknown (   Unknown country) 
", Unknown (UNK),Military,?,?,,,Fatalities:  / Occupants:  
19561115-0,Final,Thursday 15 November 1956,,Martin 4-0-4,Trans World Airlines - TWA,,,, N40404, 14104, ,,,,,Fatalities: 0 / Occupants: 3,Fatalities: 0 / Occupants: 35,,, Damaged beyond repair,,"Las Vegas-McCarran International Airport, NV (LAS) (   United States of America) 
", Landing (LDG),Domestic Scheduled Passenger,"Las Vegas-McCarran International Airport, NV (LAS/KLAS), United States of America","Los Angeles International Airport, CA (LAX/KLAX), United States of America",,,Fatalities: 0 / Occupants: 38 
19561115-1,,Thursday 15 November 1956,,Douglas C-54A-10-DC (DC-4),Guest Aerovias Mexico,,,, XA-HEG, 10324, 1944,,,,,Fatalities: 5 / Occupants: 5,Fatalities: 20 / Occupants: 20,,, Damaged beyond repair,,"13 km (8.1 mls) NNW of Puerto Somoza (   Nicaragua) 
", En route (ENR),International Scheduled Passenger,"Panama City-Tocumen International Airport (PTY/MPTO), Panama","Guatemala City-La Aurora Airport (GUA/MGGT), Guatemala",,,Fatalities: 25 / Occupants: 25 
19561117-1,,Saturday 17 November 1956,ca 16:45,Douglas C-49G-DO (DC-3),Aerolineas del Pacifico - ARPA,,,, HK-385, 1971, 1937,,,,,Fatalities: 3 / Occupants: 3,Fatalities: 33 / Occupants: 33,,, Destroyed, Written off (damaged beyond repair),"Cerro El Rucio (   Colombia) 
", En route (ENR),Domestic Scheduled Passenger,"Buenaventura-Gerardo Tobar López Airport (BUN/SKBU), Colombia","Cali Airport (CLO/SKCL), Colombia",,,Fatalities: 36 / Occupants: 36 
19561118-0,,Sunday 18 November 1956,14:42,Ilyushin Il-14,"Aeroflot, East Siberia Civil Aviation Directorate",,,, CCCP-L5658, , ,,,,,Fatalities: 1 / Occupants: 4,Fatalities: 0 / Occupants: 1,,, Damaged beyond repair,,"near Irkutsk Airport (IKT) (   Russia) 
", Approach (APR),Ferry/positioning,?,"Irkutsk Airport (IKT/UIII), Russia",,,Fatalities: 1 / Occupants: 5 
19561123-0,,Friday 23 November 1956,,Vickers Valetta C.1,Royal Air Force - RAF,,,, VX525, , 1950,,, 2 Bristol Hercules 230,,Fatalities: 3 / Occupants: 3,Fatalities: 4 / Occupants: 4,,, Damaged beyond repair,,"Cameron Highlands (   Malaysia) 
", Maneuvering (MNV),Military,?,?,,,Fatalities: 7 / Occupants: 7 
19561124-0,,Saturday 24 November 1956,18:20,Ilyushin Il-12B,CSA Ceskoslovenské Aerolinie,,,, OK-DBP, 93013517, 1949,,,,,Fatalities: 5 / Occupants: 5,Fatalities: 18 / Occupants: 18,,, Damaged beyond repair,,"Eglisau (   Switzerland) 
", En route (ENR),International Scheduled Passenger,"Zürich-Kloten Airport (ZRH/LSZH), Switzerland","Praha-Ruzyne International Airport (PRG/LKPR), Czech Republic",,,Fatalities: 23 / Occupants: 23 
19561124-1,,Saturday 24 November 1956,00:11,Douglas DC-6B,Linee Aeree Italiane - LAI,,,, I-LEAD, 45075/731, 1956,,, 4 Pratt & Whitney R-2800,,Fatalities: 10 / Occupants: 10,Fatalities: 24 / Occupants: 25,,, Damaged beyond repair,,"0,6 km (0.4 mls) W of Paris-Orly Airport (ORY) (   France) 
", Initial climb (ICL),International Scheduled Passenger,"Paris-Orly Airport (ORY/LFPO), France","Shannon Airport (SNN/EINN), Ireland", 451,,Fatalities: 34 / Occupants: 35 
19561127-0,Final,Tuesday 27 November 1956,ca 08:10,Lockheed L-749-79 Constellation,Linea Aeropostal Venezolana - LAV,,,, YV-C-AMA, 2560, 1947,,,,,Fatalities: 7 / Occupants: 7,Fatalities: 18 / Occupants: 18,,, Destroyed, Written off (damaged beyond repair),"18 km (11.3 mls) ESE of Caracas Airport (CCS) (   Venezuela) 
", En route (ENR),International Scheduled Passenger,"New York-Idlewild International Airport, NY (IDL/KIDL), United States of America","Caracas Airport (CCS/SVMI), Venezuela", 253,,Fatalities: 25 / Occupants: 25 
19561127-1,,Tuesday 27 November 1956,,Lockheed Neptune MR.1,Royal Air Force - RAF,,,, WX546, 426-5159, ,,,,,Fatalities: 0 / Occupants: 7,Fatalities: 0 / Occupants: 0,,, Damaged beyond repair,,"Topcliffe RAF Station (   United Kingdom) 
", Landing (LDG),Military,?,"Topcliffe RAF Station (EGXZ), United Kingdom",,,Fatalities: 0 / Occupants: 7 
19561128-0,,Wednesday 28 November 1956,,Douglas C-124C Globemaster II,United States Air Force - USAF,,,, 52-1015, 43924, ,,, 4 Pratt & Whitney R-4360-20WA,,Fatalities: 0 / Occupants: ,Fatalities: 0 / Occupants: ,,, Damaged beyond repair,,"McMurdo Station-Williams Field (   Antarctica) 
", Landing (LDG),Military,?,"McMurdo Station-Williams Field (NZWD), Antarctica",,,Fatalities: 0 / Occupants: 17 
19561128-1,,Wednesday 28 November 1956,,Vickers Valetta C.1,Royal Air Force - RAF,,,, VW183, 339, 1949-01-10  (7 years 11 months),,, 2 Bristol Hercules 230,,Fatalities: 0 / Occupants: ,Fatalities: 0 / Occupants: ,,, Damaged beyond repair,,"Aden-Khormaksar RAF Station (   Yemen) 
", Takeoff (TOF),Military,"Ataq Airport (AXK/ODAT), Yemen",?,,,Fatalities: 0 / Occupants:  
19561207-0,,Friday 7 December 1956,,Avro Shackleton MR.3,Avro,,,, WR970, , 1955-09-02  (1 year 3 months),,, 4 Rolls-Royce Griffon 57,,Fatalities: 4 / Occupants: 4,Fatalities: 0 / Occupants: 0,,, Damaged beyond repair,,"near Foolow (   United Kingdom) 
", En route (ENR),Military,"Woodford Airport (WFD/EGCD), United Kingdom","Woodford Airport (WFD/EGCD), United Kingdom",,,Fatalities: 4 / Occupants: 4 
19561208-0,Final,Saturday 8 December 1956,07:05,Boeing-Canada PB2B-1 Canso A (PBY-5A),Agencia Interamericana de Aviación - AIDA,,,, HK-133, 21998, 1943,,,,,Fatalities: 4 / Occupants: 5,Fatalities: 10 / Occupants: 11,,, Damaged beyond repair,,"25 km (15.6 mls) NW of Bogotá (   Colombia) 
", En route (ENR),Domestic Scheduled Passenger,"Bogotá-Techo Airport, Colombia","Medellín-Enrique Olaya Herrera Airport (EOH/SKMD), Colombia",,,Fatalities: 14 / Occupants: 16 
19561209-0,,Sunday 9 December 1956,00:40,Lisunov Li-2,"Aeroflot, Far East Civil Aviation Directorate",,,, CCCP-L5033, 18435609, ,,,,,Fatalities: 5 / Occupants: 5,Fatalities: 7 / Occupants: 7,,, Damaged beyond repair,,"near Anadyr (   Russia) 
", En route (ENR),Domestic Scheduled Passenger,?,?,,,Fatalities: 12 / Occupants: 12 
19561209-1,Final,Sunday 9 December 1956,ca 19:10,Canadair DC-4M2 North Star,Trans-Canada Air Lines - TCAL,,,, CF-TFD, 128, ,,, 4 Rolls-Royce Merlin 622,,Fatalities: 3 / Occupants: 3,Fatalities: 59 / Occupants: 59,,, Damaged beyond repair,,"Mount Slesse, BC (   Canada) 
", En route (ENR),Domestic Scheduled Passenger,"Vancouver International Airport, BC (YVR/CYVR), Canada","Calgary Municipal Airport, AB (YYC/CYYC), Canada", 810-9,,Fatalities: 62 / Occupants: 62 
19561210-1,,Monday 10 December 1956,,Bristol 170 Freighter 31M,Royal New Zealand Air Force - RNZAF,,,, NZ5901, 12832, ,,, 2 Bristol Hercules 734,,Fatalities: 3 / Occupants: 3,Fatalities: 5 / Occupants: 6,,, Damaged beyond repair,,"E of Cameron Highlands (   Malaysia) 
", Unknown (UNK),Military,?,?,,,Fatalities: 8 / Occupants: 9 
19561212-0,,Wednesday 12 December 1956,,Curtiss C-46F-1-CU Commando,Aerovias Sud Americana,,,, N1662M, 22545, 1945,,,,,Fatalities: 0 / Occupants: 2,Fatalities: 0 / Occupants: 0,,, Damaged beyond repair,,"90 km (56.3 mls) SE off  Panama [Gulf of Panama] (   Atlantic Ocean) 
", En route (ENR),Cargo,?,?,,,Fatalities: 0 / Occupants: 2 
19561212-1,,Wednesday 12 December 1956,ca 09:00,Vickers 708 Viscount,Air France,,,, F-BGNK,   8, 1953,,,,,Fatalities: 5 / Occupants: 5,Fatalities: 0 / Occupants: 0,,, Damaged beyond repair,,"near Dannemois (   France) 
", En route (ENR),Training,"Paris-Orly Airport (ORY/LFPO), France","Reims Airport (RHE/LFSR), France",,,Fatalities: 5 / Occupants: 5 
19561212-2,Final,Wednesday 12 December 1956,08:50,Lockheed 18-14 Lodestar,Phillips Petroleum Company,,,, N28366, 18-2043, 1940,,,,,Fatalities: 2 / Occupants: 2,Fatalities: 6 / Occupants: 6,,, Damaged beyond repair,,"11 km (6.9 mls) SE of Bartlesville Airport, OK (BVO) (   United States of America) 
", En route (ENR),Executive,"Bartlesville Airport, OK (BVO/KBVO), United States of America","Salt Lake City International Airport, UT (SLC/KSLC), United States of America",,,Fatalities: 8 / Occupants: 8 
19561213-0,,Thursday 13 December 1956,,Vickers 610 Viking 1B,Royal Jordanian Air Force - RJAF,,,, VK-500, 260, 1949-03-09  (7 years 9 months),,,,,Fatalities: 4 / Occupants: 4,Fatalities: 0 / Occupants: 0,,, Damaged beyond repair,,"Tourous Mountains (   Syria) 
", En route (ENR),Military,"Beirut International Airport (BEY/OLBA), Lebanon","Athens-Ellinikon International Airport (ATH/LGAT), Greece",,,Fatalities: 4 / Occupants: 4 
19561215-0,,Saturday 15 December 1956,,de Havilland Canada DHC-3 Otter,Royal Canadian Air Force - RCAF,,,, 3684, 45, 1954,,,,,Fatalities:  / Occupants: ,Fatalities:  / Occupants: ,,, Damaged beyond repair,,"Goose Bay, NL (   Canada) 
", Unknown (UNK),Military,?,?,,,Fatalities:  / Occupants:  
19561216-0,,Sunday 16 December 1956,,Curtiss C-46A-45-CU Commando,Zantop Air Transport,,,, N2028A, 30380, 1944,,, 2 Pratt & Whitney R-2800-51,,Fatalities: 0 / Occupants: 4,Fatalities: 0 / Occupants: 0,,, Damaged beyond repair,,"Long Beach, CA (   United States of America) 
", Unknown (UNK),Unknown,?,"Long Beach Municipal Airport, CA (LGB/KLGB), United States of America",,,Fatalities: 0 / Occupants: 4 
19561219-0,,Wednesday 19 December 1956,,Vickers Valetta C.1,Royal Air Force - RAF,,,, VW840, 401, 1949-08-19  (7 years 4 months),,, 2 Bristol Hercules 230,,Fatalities: 0 / Occupants: ,Fatalities: 0 / Occupants: ,,, Damaged beyond repair,,"Hargeisa Airport (HGA) (   Somalia) 
", Landing (LDG),Military,?,"Hargeisa Airport (HGA/HCMH), Somalia",,,Fatalities: 0 / Occupants:  
19561220-0,Final,Thursday 20 December 1956,19:23,Lockheed 18-56-23 Lodestar,United States Steel Corporation,,,, N1245V, 18-2470, 1943,3715,, 2 Wright R-1820-56,,Fatalities: 2 / Occupants: 2,Fatalities: 1 / Occupants: 1,,, Damaged beyond repair,,"8 km (5 mls) N of Tyrone, PA (   United States of America) 
", En route (ENR),Executive,"Pittsburgh International Airport, PA (PIT/KPIT), United States of America","New York (unknown airport), NY, United States of America",,,Fatalities: 3 / Occupants: 3 
19561222-0,,Saturday 22 December 1956,21:03,Convair CV-340-58,Jugoslovenski Aerotransport - JAT,,,, YU-ADA, 162, 1954,,,,,Fatalities: 2 / Occupants: 3,Fatalities: 1 / Occupants: 27,,, Damaged beyond repair,,"ca 7 km E of München-Riem Airport (MUC) (   Germany) 
", Approach (APR),International Scheduled Passenger,"Wien-Schwechat International Airport (VIE/LOWW), Austria","München-Riem Airport (MUC/EDDM), Germany",,,Fatalities: 3 / Occupants: 30 
19561222-1,,Saturday 22 December 1956,18:20,Douglas C-47-DL (DC-3),Linee Aeree Italiane - LAI,,,, I-LINC, 9101, 1943,,, 2 Pratt & Whitney R-1830-92,,Fatalities: 4 / Occupants: 4,Fatalities: 17 / Occupants: 17,,, Damaged beyond repair,,"Monte Giner (   Italy) 
", En route (ENR),Domestic Scheduled Passenger,"Roma-Ciampino Airport (CIA/LIRA), Italy","Milano-Malpensa Airport (MXP/LIMC), Italy",,,Fatalities: 21 / Occupants: 21 
19561225-0,,Tuesday 25 December 1956,11:15,Convair CV-240-5,Pakistan International Airlines - PIA,,,, AP-AHO, 42, ,,,,,Fatalities: 0 / Occupants: 3,Fatalities: 0 / Occupants: 37,,Fatalities: 2, Substantial, Repaired,"near Bombay-Santacruz Airport (BOM) (   India) 
", Approach (APR),International Scheduled Passenger,?,"Bombay-Santacruz Airport (BOM/VABB), India",,,Fatalities: 0 / Occupants: 40 
19561227-0,,Thursday 27 December 1956,,Canadian Vickers PBV-1A Canso (PBY-5A),Austin Airways,,,, CF-FAR, CV-415, 1944,,,,,Fatalities: 0 / Occupants: 2,Fatalities: 0 / Occupants: 1,,, Damaged beyond repair,,"near Timmins Airport, ON (YTS) (   Canada) 
", En route (ENR),Domestic Scheduled Passenger,"Kapuskasing Airport, ON (YYU/CYYU), Canada","Timmins Airport, ON (YTS/CYTS), Canada",,,Fatalities: 0 / Occupants: 3 
19561227-1,,Thursday 27 December 1956,13:45,Howard Super Ventura,Youngstown Sheet & Tube Co.,,,, N345, 5270, 1943,,,,,Fatalities:  / Occupants: ,Fatalities:  / Occupants: ,,, Damaged beyond repair,,"near Nashua, PA (   United States of America) 
", Unknown (UNK),Training,"Youngstown Airport, OH (YNG/KYNG), United States of America",?,,,Fatalities: 3 / Occupants: 3 
19561230-0,,Sunday 30 December 1956,,Lockheed C-121C Super Constellation,United States Air Force - USAF,,,, 54-0165, 4184, 1955,,,,,Fatalities:  / Occupants: ,Fatalities:  / Occupants: ,,, Damaged beyond repair,,"1 km (0.6 mls) from  Dhahran International Airport (DHA) (   Saudi Arabia) 
", Approach (APR),Military,"Tripoli International Airport (TIP/HLLT), Libya","Dhahran International Airport (DHA/OEDR), Saudi Arabia",,,Fatalities: 12 / Occupants: 38 
19569999-0,,xx xxx 1956,,Douglas C-54A-15-DC (DC-4),"Armada Argentina, Comando de Aviación Naval",,,, 0283/CTA-4, 10385, 1944,,,,,Fatalities:  / Occupants: ,Fatalities:  / Occupants: ,,, Damaged beyond repair,,"Comodoro Rivadavia Airport, CB (CRD) (   Argentina) 
", Unknown (UNK),Military,?,?,,,Fatalities:  / Occupants:  
19569999-2,,xx xxx 1956,,Junkers Ju-52/3mge,Força Aérea Portuguesa,,,, 6308, 5669, ,,,,,Fatalities: 0 / Occupants: ,Fatalities: 0 / Occupants: ,,, Damaged beyond repair,,"Tancos Air Base (   Portugal) 
", Unknown (UNK),Military,?,?,,,Fatalities: 0 / Occupants:  
