Identifiant:,Status:,Date:,Time:,Type:,Operator:,Operating for:,On behalf of:,Leased from:,Registration:,C/n / msn:,First flight:,Total airframe hrs:,Year built:,Engines:,Cycles:,Crew:,Passengers:,Ground casualties:,Collision casualties:,Aircraft damage:,Aircraft fate:,Location:,Phase:,Nature:,Departure airport:,Destination airport:,Flightnumber:,Probable cause:,Total:
19601212-0,Final,Monday 12 December 1960,ca 14:45,Douglas DC-3C,Airlines of New South Wales,,,, VH-INI, 12252, 1943,33027,, 2 Wright R-1820-G202A,,Fatalities: 3 / Occupants: 3,Fatalities: 0 / Occupants: 0,,, Destroyed, Written off (damaged beyond repair),"21 km (13.1 mls) E off  South Head, Sydney, NSW (   Australia) 
", En route (ENR),Training,"Sydney-Kingsford Smith International Airport, NSW (SYD/YSSY), Australia","Sydney-Kingsford Smith International Airport, NSW (SYD/YSSY), Australia",,,Fatalities: 3 / Occupants: 3 
19601214-0,,Wednesday 14 December 1960,,Douglas C-47B-25-DK (DC-3),Royal Australian Air Force - RAAF,,,, A65-81, 32673/15925, 1945,,, 2 Pratt & Whitney R-1830-90C,,Fatalities: 0 / Occupants: 0,Fatalities: 0 / Occupants: 0,,, Damaged beyond repair,,"Mawson Station (   Antarctica) 
", Standing (STD),Military,-,-,,,Fatalities: 0 / Occupants: 0 
19601215-1,,Thursday 15 December 1960,,Douglas C-47D,Air Laos,,,, XW-PAD, 26696/15251, 1944,,, 2 Pratt & Whitney R-1830-90,,Fatalities:  / Occupants: ,Fatalities:  / Occupants: ,,, Damaged beyond repair,,"Vientiane-Wattay (VTE) (   Laos) 
", Standing (STD),Unknown,?,?,,,Fatalities:  / Occupants:  
19601216-0,Final,Friday 16 December 1960,10:33,Douglas DC-8-11,United Airlines,,,, N8013U, 45290/22, 1959,2434,, 4 Pratt & Whitney JT3C-6,,Fatalities: 7 / Occupants: 7,Fatalities: 77 / Occupants: 77,Fatalities: 6,Fatalities: 44, Destroyed, Written off (damaged beyond repair),"New York, NY (   United States of America) 
", Approach (APR),Domestic Scheduled Passenger,"Chicago-O'Hare International Airport, IL (ORD/KORD), United States of America","New York-Idlewild International Airport, NY (IDL/KIDL), United States of America",UA826,,Fatalities: 84 / Occupants: 84 
19601216-1,Final,Friday 16 December 1960,10:33,Lockheed L-1049 Super Constellation,Trans World Airlines - TWA,,,, N6907C, 4021, 1952,21555,, 4 Wright R-3350 (975C18CB1),,Fatalities: 5 / Occupants: 5,Fatalities: 39 / Occupants: 39,,Fatalities: 84, Damaged beyond repair,,"Miller Army Air Station, NY (   United States of America) 
", Approach (APR),Domestic Scheduled Passenger,"Columbus-Port Columbus International Airport, OH (CMH/KCMH), United States of America","New York-La Guardia Airport, NY (LGA/KLGA), United States of America",TW266,,Fatalities: 44 / Occupants: 44 
19601217-0,,Saturday 17 December 1960,14:10,Convair C-131D (CV-340),United States Air Force - USAF,,,, 55-0291, 212, 1955,,,,,Fatalities: 7 / Occupants: 7,Fatalities: 13 / Occupants: 13,Fatalities: 32,, Destroyed, Written off (damaged beyond repair),"10 km (6.3 mls) W of München-Riem Airport (MUC) (   Germany) 
", En route (ENR),Military,"München-Riem Airport (MUC/EDDM), Germany","London-Northolt Airport (NHT/EGWU), United Kingdom",,,Fatalities: 20 / Occupants: 20 
19601217-1,,Saturday 17 December 1960,,de Havilland Canada DHC-3 Otter,Fuerza Aérea de Chile,,,, 933, 193, 1957,,,,,Fatalities:  / Occupants: ,Fatalities:  / Occupants: ,,, Damaged beyond repair,,"Puerto Montt (   Chile) 
", Unknown (UNK),Military,?,"Chaiten Airport (WCH/SCTN), Chile",,,Fatalities: 4 / Occupants: 4 
19601218-0,,Sunday 18 December 1960,,Vickers 804 Viscount,British United Airways - BUA,,,, G-AOXU, 248, 1957-08-31  (3 years 4 months),,, 4 Rolls-Royce Dart 510,,Fatalities: 0 / Occupants: 2,Fatalities: 0 / Occupants: 3,,, Substantial, Repaired,"Düsseldorf Airport (DUS) (   Germany) 
", Landing (LDG),Cargo,?,"Düsseldorf Airport (DUS/EDDL), Germany",,,Fatalities: 0 / Occupants: 5 
19601218-1,,Sunday 18 December 1960,,Curtiss C-46 Super C,Varig,,,, PP-VCT,   260, 1945,,,,,Fatalities: 0 / Occupants: 3,Fatalities: 0 / Occupants: 0,,, Damaged beyond repair,,"São Paulo-Congonhas Airport, SP (CGH) (   Brazil) 
", Landing (LDG),Cargo,?,"São Paulo-Congonhas Airport, SP (CGH/SBSP), Brazil",,,Fatalities: 0 / Occupants: 3 
19601219-0,,Monday 19 December 1960,,Ilyushin Il-14,Bulgarian Air Force,,,, registration unknown, , ,,,,,Fatalities: 5 / Occupants: 5,Fatalities: 0 / Occupants: 0,,, Damaged beyond repair,,"near Vakarel (   Bulgaria) 
", Approach (APR),Military,?,"Sofia-Vrazhdebna Airport (SOF/LBSF), Bulgaria",,,Fatalities: 5 / Occupants: 5 
19601221-0,,Wednesday 21 December 1960,,Douglas C-47-DL (DC-3),Sinclair Somali Corp.,,,, N10785, 6084, 1942,,, 2 Pratt & Whitney R-1830-92,,Fatalities:  / Occupants: ,Fatalities:  / Occupants: ,,, Damaged beyond repair,,"Mogadishu (   Somalia) 
", Unknown (UNK),Unknown,?,?,,,Fatalities:  / Occupants:  
19601221-1,,Wednesday 21 December 1960,,Lockheed P2V Neptune,United States Navy,,,, registration unknown, , ,,,,,Fatalities: 9 / Occupants: 9,Fatalities: 0 / Occupants: 0,,, Damaged beyond repair,,"off Newfoundland, Canada (   Atlantic Ocean) 
", En route (ENR),Military,"Argentia NAS, NL (NWP), Canada",?,,,Fatalities: 9 / Occupants: 9 
19601222-0,,Thursday 22 December 1960,03:31 UTC,Douglas C-47A-90-DL (DC-3C),Philippine Air Lines,,,, PI-C126, 20593, 1944,18611,,,,Fatalities: 2 / Occupants: 3,Fatalities: 26 / Occupants: 34,,, Damaged beyond repair,,"4 km (2.5 mls) NNE of Cebu-Lahug Airport (   Philippines) 
", Initial climb (ICL),Domestic Scheduled Passenger,"Cebu-Lahug Airport, Philippines","Davao Airport (DVO/RPMD), Philippines", S85,,Fatalities: 28 / Occupants: 37 
19601223-0,,Friday 23 December 1960,,Scottish Aviation Twin Pioneer 1,Australian Iron & Steel,,,, VH-BHJ, 504, 1956-12-27  (4 years),,, 2 Alvis Leonides 514,,Fatalities: 0 / Occupants: 0,Fatalities: 0 / Occupants: 0,,, Damaged beyond repair,,"Yampi Sound, Koolan Island, WA (   Australia) 
", Standing (STD),-,-,-,,,Fatalities: 0 / Occupants: 0 
19601224-1,Final,Saturday 24 December 1960,11:38 UTC,Boeing 707-436,British Overseas Airways Corporation - BOAC,,,, G-APFN, 17715/171, 1960,204,, 4 Rolls-Royce Conway 508,,Fatalities: 0 / Occupants: 11,Fatalities: 0 / Occupants: 95,,, Substantial, Repaired,"London Airport (LHR) (   United Kingdom) 
", Landing (LDG),Domestic Scheduled Passenger,"Glasgow-Prestwick Airport (PIK/EGPK), United Kingdom","London Airport (LHR/EGLL), United Kingdom",,,Fatalities: 0 / Occupants: 106 
19601226-0,,Monday 26 December 1960,19:42,Ilyushin Il-18A,"Aeroflot, Ulyanovsk Advanced Flying Training College",,,, CCCP-75651, 188000405, 1958,144,,,178,Fatalities: 13 / Occupants: 13,Fatalities: 4 / Occupants: 4,,, Destroyed, Written off (damaged beyond repair),"1,2 km (0.8 mls) NE of Ulyanovsk Airport (ULY) (   Russia) 
", Approach (APR),Training,"Kuybyshev Airport (KUF/UWWW), Russia","Ulyanovsk-Vostochny  Airport (ULY/UWLW), Russia",,,Fatalities: 17 / Occupants: 17 
19609999-0,,xx xxx 1960,,Douglas C-47A-30-DK (DC-3),Vietnam Air Force - VNAF,,,, 348014, 25275/13830, 1944,,,,,Fatalities:  / Occupants: ,Fatalities:  / Occupants: ,,, Damaged beyond repair,,"unknown (   Unknown country) 
", Unknown (UNK),Military,?,?,,,Fatalities:  / Occupants:  
19600103-0,,Sunday 3 January 1960,10:40 IST,Douglas C-47A-20-DK (DC-3),Indian Airlines,,,, VT-CGG, 12821, 1944,17868,, 2 Pratt & Whitney R-1830-92,,Fatalities: 8 / Occupants: 8,Fatalities: 1 / Occupants: 1,,, Damaged beyond repair,,"6,5 km (4.1 mls) NW of Taksing (   India) 
", Maneuvering (MNV),Cargo,"Jorhat-Rowriah Airport (JRH/VEJT), India","Jorhat-Rowriah Airport (JRH/VEJT), India",,,Fatalities: 9 / Occupants: 9 
19600103-1,,Sunday 3 January 1960,,Lockheed L-749A Constellation,Eastern Air Lines,,,, N110A, 2531, 1947,,,,,Fatalities: 0 / Occupants: ,Fatalities: 0 / Occupants: ,,, Damaged beyond repair,,"Philadelphia International Airport, PA (PHL) (   United States of America) 
", Landing (LDG),Domestic Scheduled Passenger,?,"Philadelphia International Airport, PA (PHL/KPHL), United States of America",,,Fatalities: 0 / Occupants: 45 
19600104-0,,Monday 4 January 1960,,Curtiss C-46A-15-CU Commando,Transportes Aéreos Salvador,,,, PP-SLJ, 26535, 1943,,, 2 Pratt & Whitney R-2800-51,,Fatalities: 0 / Occupants: ,Fatalities: 0 / Occupants: ,,, Damaged beyond repair,,"Dianopolis Airport, TO (DNO) (   Brazil) 
", Takeoff (TOF),Unknown,?,?,,,Fatalities: 0 / Occupants:  
19600104-1,,Monday 4 January 1960,15:38,de Havilland Canada U-1A Otter (DHC-3),United States Army,,,, 55-2974, 47, 1955,,,,,Fatalities: 1 / Occupants: 1,Fatalities: 9 / Occupants: 9,,, Missing, Presumed damaged beyond repair,"Gulf of Sirte (   Libya) 
", En route (ENR),Military,"Misurata Airport (MRA), Libya","Benghazi-Benina International Airport (BEN/HLLB), Libya",,,Fatalities: 10 / Occupants: 10 
19600105-0,,Tuesday 5 January 1960,,Vickers 701 Viscount,British European Airways - BEA,,,, G-AMNY,   6, 1953,,,,,Fatalities: 0 / Occupants: 5,Fatalities: 0 / Occupants: 46,,, Damaged beyond repair,,"Malta-Luqa Airport (MLA) (   Malta) 
", Taxi (TXI),International Scheduled Passenger,"London Airport (LHR/EGLL), United Kingdom","Malta-Luqa Airport (MLA/LMML), Malta",,,Fatalities: 0 / Occupants: 51 
19600106-0,Final,Wednesday 6 January 1960,02:38,Douglas DC-6B,National Airlines,,,, N8225H, 43742/300, 1952,24836,, 4 Pratt & Whitney R-2800-CB16,,Fatalities: 5 / Occupants: 5,Fatalities: 29 / Occupants: 29,,, Destroyed, Written off (damaged beyond repair),"2,4 km (1.5 mls) NW of Bolivia, NC (   United States of America) 
", En route (ENR),Domestic Scheduled Passenger,"New York-Idlewild International Airport, NY (IDL/KIDL), United States of America","Miami International Airport, FL (MIA/KMIA), United States of America",2511,,Fatalities: 34 / Occupants: 34 
19600106-1,,Wednesday 6 January 1960,,Douglas R4D-8 (Super DC-3),United States Navy,,,, 17154, 43373, 1944,,, 2 Wright R-1820-80,,Fatalities: 0 / Occupants: ,Fatalities: 0 / Occupants: ,,, Damaged beyond repair,,"Byrd Station (   Antarctica) 
", Approach (APR),Military,?,"Byrd Station, Antarctica",,,Fatalities: 0 / Occupants:  
19600107-0,,Thursday 7 January 1960,,Vickers 802 Viscount,British European Airways - BEA,,,, G-AOHU, 169, 1957,,,,,Fatalities: 0 / Occupants: 5,Fatalities: 0 / Occupants: 54,,, Destroyed, Written off (damaged beyond repair),"London Airport (LHR) (   United Kingdom) 
", Landing (LDG),International Scheduled Passenger,"Dublin Airport (DUB/EIDW), Ireland","London Airport (LHR/EGLL), United Kingdom",,,Fatalities: 0 / Occupants: 59 
19600112-0,,Tuesday 12 January 1960,,Scottish Aviation Twin Pioneer 2,Philippine Air Lines,,,, PI-C430, 562, 1959-04-16  (9 months),,, 2 Pratt & Whitney R-1340,,Fatalities: 0 / Occupants: 3,Fatalities: 0 / Occupants: 0,,, Damaged beyond repair,,"Plaridel Airport (   Philippines) 
", Landing (LDG),Training,?,"Plaridel Airport (RPUX), Philippines",,,Fatalities: 0 / Occupants: 3 
19600113-0,,Wednesday 13 January 1960,,Lockheed 18 Learstar,Utah Construction & Mining Co.,,,, N672, 18-2069, 1941,,,,,Fatalities: 0 / Occupants: 2,Fatalities: 2 / Occupants: 4,,, Damaged beyond repair,,"near Minersville, UT (   United States of America) 
", En route (ENR),Executive,"San Francisco International Airport, CA (SFO/KSFO), United States of America","Cedar City Airport, UT (CDC/KCDC), United States of America",,,Fatalities: 2 / Occupants: 6 
19600115-0,,Friday 15 January 1960,,Nord 2501 Noratlas,L'Armée de L'Air,,,, 102, 102, 1956,,, 2 Bristol Hercules 739,,Fatalities:  / Occupants: ,Fatalities:  / Occupants: ,,, Damaged beyond repair,,"12 km (7.5 mls) S of Ghardaïa (   Algeria) 
", Unknown (UNK),Military,?,?,,,Fatalities: 5 / Occupants:  
19600115-1,,Friday 15 January 1960,11:18,Lisunov Li-2,"Aeroflot, Uralsk Civil Aviation Directorate",,,, CCCP-19405, 18419405, ,,,,,Fatalities: 1 / Occupants: 4,Fatalities: 0 / Occupants: 0,,, Damaged beyond repair,,"Sverdlovsk Region (   Russia) 
", En route (ENR),Ferry/positioning,?,?,,,Fatalities: 1 / Occupants: 4 
19600118-0,Final,Monday 18 January 1960,22:19,Vickers 745D Viscount,Capital Airlines,,,, N7462, 217, 1957,9247,, 4 Rolls-Royce Dart 510,,Fatalities: 4 / Occupants: 4,Fatalities: 46 / Occupants: 46,,, Destroyed, Written off (damaged beyond repair),"11 km (6.9 mls) ENE of Charles City, VA (   United States of America) 
", En route (ENR),Domestic Scheduled Passenger,"Washington-National Airport, DC (DCA/KDCA), United States of America","Norfolk Municipal Airport, VA (ORF/KORF), United States of America",  20,,Fatalities: 50 / Occupants: 50 
19600119-0,Final,Tuesday 19 January 1960,18:47,Sud Aviation SE-210 Caravelle I,Scandinavian Airlines System - SAS,,,, OY-KRB,  14, 1959-11-08  (2 months),,, 2 Rolls-Royce Avon 522,,Fatalities: 7 / Occupants: 7,Fatalities: 35 / Occupants: 35,,, Destroyed, Written off (damaged beyond repair),"ca 10 km SW of Ankara-Esenboga Airport (ESB) (   Turkey) 
", Approach (APR),Domestic Scheduled Passenger,"Istanbul-Yesilköy Airport (IST/LTBA), Turkey","Ankara-Esenboga Airport (ESB/LTAC), Turkey", 871,,Fatalities: 42 / Occupants: 42 
19600120-0,,Wednesday 20 January 1960,,Douglas C-47 (DC-3),Aeronautica Militare Italiana - AMI,,,, MM61770, , ,,,,,Fatalities:  / Occupants: ,Fatalities:  / Occupants: ,,, Damaged beyond repair,,"off Brindisi (   Italy) 
", En route (ENR),Military,?,?,,,Fatalities: 5 / Occupants: 5 
19600121-0,,Thursday 21 January 1960,,Lockheed L-1049E-55 Super Constellation,Avianca,,,, HK-177, 4556, 1954,,,,,Fatalities: 2 / Occupants: 7,Fatalities: 35 / Occupants: 39,,, Damaged beyond repair,,"Montego Bay Airport (MBJ) (   Jamaica) 
", Landing (LDG),International Scheduled Passenger,"Miami International Airport, FL (MIA/KMIA), United States of America","Montego Bay-Sangster International Airport (MBJ/MKJS), Jamaica",AV671,,Fatalities: 37 / Occupants: 46 
19600122-0,,Friday 22 January 1960,,Fokker F-27 Friendship 200,Associated Airlines of Australia,,,, VH-TFK, 10138, 1959,,,,,Fatalities: 0 / Occupants: 2,Fatalities: 0 / Occupants: 6,,, Substantial, Repaired,"Mackay Airport, QLD (MKY) (   Australia) 
", Landing (LDG),Private,?,"Mackay Airport, QLD (MKY/YBMK), Australia",,,Fatalities: 0 / Occupants: 8 
19600126-0,,Tuesday 26 January 1960,ca 12:30,de Havilland DH-114 Heron 2D,Transportes Aéreos de Timor,,,, CR-TAI, 14132, 1959,,,,,Fatalities: 2 / Occupants: 2,Fatalities: 7 / Occupants: 7,,, Damaged beyond repair,,"NW off Bathurst Island, NT (   Australia) 
", En route (ENR),Int'l Non Scheduled Passenger,"Darwin Airport, NT (DRW/YPDN), Australia","Baucau-English Madeira Airport (BCH/WPEC), East Timor",,,Fatalities: 9 / Occupants: 9 
19600126-1,,Tuesday 26 January 1960,,Fairchild C-82A-FA Packet,Cruzeiro do Sul,,,, PP-CEM, 10180, ,,,,,Fatalities: 0 / Occupants: ,Fatalities: 0 / Occupants: ,,, Damaged beyond repair,,"Rio de Janeiro-Galeão International Airport, RJ (GIG) (   Brazil) 
", Taxi (TXI),Unknown,?,?,,,Fatalities: 0 / Occupants:  
19600126-2,,Tuesday 26 January 1960,,Consolidated P4Y-2 Privateer,ALAS Guaranies,,,, ZP-CAD, , ,,,,,Fatalities: 0 / Occupants: 0,Fatalities: 0 / Occupants: 0,,, Damaged beyond repair,,"Rio de Janeiro-Galeão International Airport, RJ (GIG) (   Brazil) 
", Standing (STD),-,-,-,,,Fatalities: 0 / Occupants: 0 
19600129-0,,Friday 29 January 1960,17:58 PST,Curtiss C-46 Super C,Pacific Western Airlines,,,, CF-PWD,  2940, 1945,,,,,Fatalities: 0 / Occupants: 3,Fatalities: 0 / Occupants: 48,,, Damaged beyond repair,,"Port Hardy Airport, BC (YZT) (   Canada) 
", Landing (LDG),Domestic Scheduled Passenger,"Port Hardy Airport, BC (YZT/CYZT), Canada","Comox Airport, BC (YQQ/CYQQ), Canada", 104,,Fatalities: 0 / Occupants: 51 
19600129-1,Final,Friday 29 January 1960,,Douglas R4D-1 (DC-3),Pakistan International Airlines - PIA,,,, AP-ABC, 6069, 1942,,,,,Fatalities: 0 / Occupants: 3,Fatalities: 0 / Occupants: 0,,Fatalities: 1, Minor, Repaired,"Nagpur (   India) 
", Approach (APR),Ferry/positioning,"Dhaka-Tejgaon Airport (DAC/VGTJ), Bangladesh","Nagpur-Sonegaon Airport (NAG/VANP), India",,,Fatalities: 0 / Occupants: 3 
19600203-0,,Wednesday 3 February 1960,,Boeing KC-135A Stratotanker,United States Air Force - USAF,,,, 56-3628, 17377/67, 1958-03-14  (1 year 11 months),,, 4 Pratt & Whitney J57-P,,Fatalities: 6 / Occupants: 6,Fatalities: 0 / Occupants: 0,Fatalities: 2,, Destroyed, Written off (damaged beyond repair),"Roswell-Walker AFB, NM (   United States of America) 
", Takeoff (TOF),Military,"Roswell-Walker AFB, NM, United States of America","Roswell-Walker AFB, NM, United States of America",,,Fatalities: 6 / Occupants: 6 
19600203-1,,Wednesday 3 February 1960,,Boeing KC-135A Stratotanker,United States Air Force - USAF,,,, 57-1449, 17520/129, 1958-08-06  (1 year 6 months),,, 4 Pratt & Whitney J57-P,,Fatalities: 0 / Occupants: 0,Fatalities: 0 / Occupants: 0,,, Damaged beyond repair,,"Roswell-Walker AFB, NM (   United States of America) 
", Standing (STD),Military,-,-,,,Fatalities: 0 / Occupants: 0 
19600203-2,,Wednesday 3 February 1960,,Boeing KC-135A Stratotanker,United States Air Force - USAF,,,, 57-1457, 17528/137, 1958-08-19  (1 year 6 months),,, 4 Pratt & Whitney J57-P,,Fatalities: 0 / Occupants: 0,Fatalities: 0 / Occupants: 0,,, Damaged beyond repair,,"Roswell-Walker AFB, NM (   United States of America) 
", Standing (STD),Military,-,-,,,Fatalities: 0 / Occupants: 0 
19600205-0,,Friday 5 February 1960,07:20,Douglas DC-4,Lloyd Aéreo Boliviano - LAB,,,, CP-609, 10510, 1945,,,,,Fatalities: 4 / Occupants: 4,Fatalities: 55 / Occupants: 55,,, Destroyed, Written off (damaged beyond repair),"15 km (9.4 mls) S of Cochabamba-J Wilsterman Airport (CBB) (   Bolivia) 
", En route (ENR),Domestic Scheduled Passenger,"Cochabamba-J Wilsterman Airport (CBB/SLCB), Bolivia","La Paz-El Alto Airport (LPB/SLLP), Bolivia",,,Fatalities: 59 / Occupants: 59 
19600207-1,,Sunday 7 February 1960,,Douglas C-53D-DO (DC-3),Fuerza Aérea Revolucionaria,,,, 209, 11643, 1943,,,,,Fatalities: 3 / Occupants: 3,Fatalities: 0 / Occupants: 0,,, Missing, Presumed damaged beyond repair,"Straits of Florida (   Atlantic Ocean) 
", En route (ENR),Military,"Havana-José Martí International Airport (HAV/MUHA), Cuba","Miami International Airport, FL (MIA/KMIA), United States of America",,,Fatalities: 3 / Occupants: 3 
19600213-1,,Saturday 13 February 1960,,Curtiss C-46A-30-CU Commando,Associated Air Transport,,,, N46Q, 26684, 1943,,, 2 Pratt & Whitney R-2800-51,,Fatalities: 0 / Occupants: 3,Fatalities: 0 / Occupants: 54,,, Damaged beyond repair,,"Wrightstown-McGuire AFB, NJ (WRI) (   United States of America) 
", Approach (APR),Domestic Non Scheduled Passenger,"Louisville-Standiford Field, KY (SDF/KSDF), United States of America","Wrightstown-McGuire AFB, NJ (WRI/KWRI), United States of America",,,Fatalities: 0 / Occupants: 57 
19600217-0,,Wednesday 17 February 1960,,Douglas R4D-5 (DC-3),United States Navy,,,, 17244, 25442/13997, 1944,,,,,Fatalities: 3 / Occupants: 3,Fatalities: 0 / Occupants: 0,,, Damaged beyond repair,,"Hon Chay Mountain (   Vietnam) 
", En route (ENR),Military,"Saigon-Tan Son Nhat International Airport (SGN/VVTS), Vietnam","Hue-Phu Bai Airport (HUI/VVPB), Vietnam",,,Fatalities: 3 / Occupants: 3 
19600217-2,,Wednesday 17 February 1960,,Vickers 639 Viking 1,Overseas Aviation,,,, G-AGRW, 115, 1946-07-27  (13 years 7 months),,,,,Fatalities: 0 / Occupants: 3,Fatalities: 0 / Occupants: 0,,, Substantial, Repaired,"Amsterdam-Schiphol International Airport (AMS) (   United Kingdom) 
", Taxi (TXI),Unknown,?,"Amsterdam-Schiphol International Airport (AMS/EHAM), Netherlands",,,Fatalities: 0 / Occupants: 3 
19600219-0,,Friday 19 February 1960,,Antonov An-2,"Aeroflot, Yakutsk Civil Aviation Directorate",,,, CCCP-98332, , ,,,,,Fatalities:  / Occupants: ,Fatalities:  / Occupants: ,,, Damaged beyond repair,,"at an unknown location (   Russia) 
", Unknown (UNK),Unknown,?,?,,,Fatalities:  / Occupants:  
19600219-1,,Friday 19 February 1960,,CASA 352 (Junkers Ju-52),Ejército del Aire,,,, T.2B-204, 95, ,,,,,Fatalities:  / Occupants: ,Fatalities:  / Occupants: ,,, Damaged beyond repair,,"at an unknown location (   Unknown country) 
", Unknown (UNK),Military,?,?,,,Fatalities:  / Occupants:  
19600219-2,,Friday 19 February 1960,,Lockheed PV-1 Ventura,Champion Paper & Fibre Co.,,,, N31CP, 5165, ,,,,,Fatalities: 3 / Occupants: 3,Fatalities: 0 / Occupants: 0,,, Damaged beyond repair,,"Madeira, OH (   United States of America) 
", Unknown (UNK),Unknown,?,?,,,Fatalities: 3 / Occupants: 3 
19600220-0,Final,Saturday 20 February 1960,11:45,de Havilland DH-106 Comet 4,Aerolineas Argentinas,,,, LV-AHO, 6410, 1959,,, 4 Rolls-Royce Avon 524,,Fatalities: 0 / Occupants: 6,Fatalities: 0 / Occupants: 0,,, Damaged beyond repair,,"Buenos Aires/Ezeiza-Ministro Pistarini Airport, BA (EZE) (   Argentina) 
", Landing (LDG),Training,"Buenos Aires/Ezeiza-Ministro Pistarini Airport, BA (EZE/SAEZ), Argentina","Buenos Aires/Ezeiza-Ministro Pistarini Airport, BA (EZE/SAEZ), Argentina",,,Fatalities: 0 / Occupants: 6 
19600220-1,,Saturday 20 February 1960,,Lockheed P2V-7 Neptune  ,United States Navy,,,, 135563, 726-7020, ,,,,,Fatalities:  / Occupants: ,Fatalities:  / Occupants: ,,, Damaged beyond repair,,"Reykjavík-Naval Air Station Keflavík (KEF/BIKF) [TF] (   Iceland) 
", Landing (LDG),Military,?,"Keflavík Naval Air Station (KEF/BIKF), Iceland",,,Fatalities:  / Occupants:  
19600222-0,,Monday 22 February 1960,,Douglas C-118A (DC-6),Alaska Airlines,,,, N11817, 44653/613, 1955,,,,,Fatalities: 0 / Occupants: 4,Fatalities: 0 / Occupants: 0,,, Damaged beyond repair,,"Anchorage-Elmendorf AFB, AK (   United States of America) 
", Approach (APR),Ferry/positioning,"Anchorage International Airport, AK (ANC/PANC), United States of America","Anchorage-Elmendorf AFB, AK (EDF/PAED), United States of America",,,Fatalities: 0 / Occupants: 4 
19600225-0,,Thursday 25 February 1960,,Douglas DC-3,Fuerza Aérea Revolucionaria,,,, 211, , ,,,,,Fatalities:  / Occupants: ,Fatalities:  / Occupants: ,Fatalities: 1,, Damaged beyond repair,,"Havana-Ciudad Libertad Airport (   Cuba) 
", Takeoff (TOF),Military,"Havana-Ciudad Libertad Airport (MULB), Cuba","Nueva Gerona Airport (GER/MUNG), Cuba",,,Fatalities: 3 / Occupants: 3 
19600225-2,,Thursday 25 February 1960,13:07,Douglas C-47A-25-DK (DC-3),REAL Transportes Aéreos,,,, PP-AXD, 13326, 1944,,, 2 Pratt & Whitney R-1830-92,,Fatalities: 4 / Occupants: 4,Fatalities: 22 / Occupants: 22,,Fatalities: 35, Damaged beyond repair,,"Rio de Janeiro, RJ (   Brazil) 
", Approach (APR),Domestic Scheduled Passenger,"Campos dos Goitacazes-Bartolomeu Lisandro Airport, RJ (CAW/SBCP), Brazil","Rio de Janeiro-Santos Dumont Airport, RJ (SDU/SBRJ), Brazil", 751,,Fatalities: 26 / Occupants: 26 
19600225-3,Final,Thursday 25 February 1960,13:07,Douglas R6D-1 (DC-6),United States Navy,,,, 131582, 43685/307, 1953,,,,,Fatalities: 7 / Occupants: 7,Fatalities: 28 / Occupants: 31,,Fatalities: 26, Damaged beyond repair,,"Rio de Janeiro, RJ (   Brazil) 
", Approach (APR),Int'l Non Scheduled Passenger,"Buenos Aires/Ezeiza-Ministro Pistarini Airport, BA (EZE/SAEZ), Argentina","Rio de Janeiro-Galeão International Airport, RJ (GIG/SBGL), Brazil",,,Fatalities: 35 / Occupants: 38 
19600226-1,,Friday 26 February 1960,16:57,Antonov An-10A,Aeroflot / Ukraine,,,, CCCP-11180, 9401801, 1959,109,,,,Fatalities: 8 / Occupants: 8,Fatalities: 24 / Occupants: 25,,, Destroyed, Written off (damaged beyond repair),"1,4 km (0.9 mls) from  Lviv-Snilow Airport (LWO) (   Ukraine) 
", Approach (APR),Domestic Scheduled Passenger,"Moskva-Vnukovo Airport (VKO/UUWW), Russia","Lviv-Snilow Airport (LWO/UKLL), Ukraine", 315,,Fatalities: 32 / Occupants: 33 
19600226-2,Final,Friday 26 February 1960,,Douglas DC-7C,Alitalia,,,, I-DUVO, 45231/945, 1958,,, 4 Wright R-3350 (988TC18),,Fatalities: 11 / Occupants: 12,Fatalities: 23 / Occupants: 40,,, Destroyed, Written off (damaged beyond repair),"Shannon Airport (SNN) (   Ireland) 
", Initial climb (ICL),International Scheduled Passenger,"Shannon Airport (SNN/EINN), Ireland","New York-Idlewild International Airport, NY (IDL/KIDL), United States of America",AZ618,,Fatalities: 34 / Occupants: 52 
19600227-1,,Saturday 27 February 1960,,Fairchild C-119 Flying Boxcar,United States Air Force - USAF,,,, registration unknown, , ,,,,,Fatalities: 0 / Occupants: 4,Fatalities: 0 / Occupants: 0,,, Damaged beyond repair,,"Liberty, SC (   United States of America) 
", En route (ENR),Military,"Greenville-Donaldson AFB, SC (GDC/KGYH), United States of America","Greenville-Donaldson AFB, SC (GDC/KGYH), United States of America",,,Fatalities: 0 / Occupants: 4 
19600229-1,,Monday 29 February 1960,,Lockheed L-1049G Super Constellation,Trans World Airlines - TWA,,,, N7101C, 4582, 1955,,,,,Fatalities: 0 / Occupants: 6,Fatalities: 0 / Occupants: 54,,, Damaged beyond repair,,"Chicago-Midway Airport, IL (MDW) (   United States of America) 
", Takeoff (TOF),Domestic Scheduled Passenger,"Chicago-Midway Airport, IL (MDW/KMDW), United States of America","Phoenix-Sky Harbor International Airport, AZ (PHX/KPHX), United States of America",,,Fatalities: 0 / Occupants: 60 
19600299-0,,xx FEB 1960,,Douglas C-47A-5-DL (DC-3),Líneas Aéreas de Nicaragua - LANICA,,,, AN-ADQ, 9212, 1943,,, 2 Pratt & Whitney R-1830-92,,Fatalities:  / Occupants: ,Fatalities:  / Occupants: ,,, Damaged beyond repair,,"at an unknown location (   Unknown country) 
", Unknown (UNK),Unknown,?,?,,,Fatalities:  / Occupants:  
19600301-0,,Tuesday 1 March 1960,,Handley Page Hastings C.1,Royal Air Force - RAF,,,, TG579, HP67/70, 1949,,,,,Fatalities: 0 / Occupants: 6,Fatalities: 0 / Occupants: 14,,, Damaged beyond repair,,"3 km (1.9 mls) off  Gan RAF Station (GAN) (   Maldives) 
", Approach (APR),Military,"Katunayake RAF Station (CMB/VCBI), Sri Lanka","Gan RAF Station (GAN/VRMG), Maldives",,,Fatalities: 0 / Occupants: 20 
19600302-0,,Wednesday 2 March 1960,,Vickers 639 Viking 1,Hunting-Clan Air Transport,,,, G-AGRV, 114, 1946-09-30  (13 years 5 months),,,,,Fatalities: 0 / Occupants: 5,Fatalities: 0 / Occupants: 2,,, Substantial, Repaired,"London Airport (LHR) (   United Kingdom) 
", Landing (LDG),Non Scheduled Passenger,?,"London Airport (LHR/EGLL), United Kingdom",,,Fatalities: 0 / Occupants: 7 
19600303-0,,Thursday 3 March 1960,,Airspeed AS.57 Ambassador 2,BKS Air Transport,,,, G-ALZW, 5219, 1952,,, 2 Bristol Centaurus 661,,Fatalities: 0 / Occupants: 4,Fatalities: 0 / Occupants: 15,,, Substantial, Repaired,"Woolsington Airport (NCL) (   United Kingdom) 
", Landing (LDG),Scheduled Passenger,?,"Woolsington Airport (NCL/EGNT), United Kingdom",,,Fatalities: 0 / Occupants: 19 
19600303-1,,Thursday 3 March 1960,,CASA 352 (Junkers Ju-52),Ejército del Aire,,,, T.2B-183, 74, ,,,,,Fatalities:  / Occupants: ,Fatalities:  / Occupants: ,,, Damaged beyond repair,,"at an unknown location (   Unknown country) 
", Unknown (UNK),Military,?,?,,,Fatalities:  / Occupants:  
19600305-0,,Saturday 5 March 1960,18:30,Kaiser-Frazer C-119G Flying Boxcar,United States Air Force - USAF,,,, 53-8152, 255, ,,,,,Fatalities: 0 / Occupants: 4,Fatalities: 0 / Occupants: 14,,, Damaged beyond repair,,"2,2 km (1.4 mls) SE off  Botricello (   Italy) 
", En route (ENR),Military,"Athens-Ellinikon International Airport (ATH/LGAT), Greece","Napoli-Capodichino Airport (NAP/LIRN), Italy",,,Fatalities: 0 / Occupants: 18 
19600305-1,,Saturday 5 March 1960,,Douglas C-47B-5-DK (DC-3),Don Everall Aviation,,,, G-AMSF, 25825/14380, 1944,,, 2 Pratt & Whitney R-1830-90D,,Fatalities: 0 / Occupants: 3,Fatalities: 0 / Occupants: 28,,, Damaged beyond repair,,"Birmingham Airport (BHX) (   United Kingdom) 
", Initial climb (ICL),Non Scheduled Passenger,"Birmingham International Airport (BHX/EGBB), United Kingdom",?,,,Fatalities: 0 / Occupants: 31 
19600308-0,,Tuesday 8 March 1960,23:23,Boeing KC-135A Stratotanker,United States Air Force - USAF,,,, 57-1466, 17537/146, 1958-09-04  (1 year 6 months),,, 4 Pratt & Whitney J57-P,,Fatalities: 0 / Occupants: 7,Fatalities: 0 / Occupants: 0,,, Damaged beyond repair,,"Fort Worth-Carswell AFB, TX (FWH) (   United States of America) 
", Approach (APR),Military,"Fort Worth-Carswell AFB, TX (FWH/KNFW), United States of America","Fort Worth-Carswell AFB, TX (FWH/KNFW), United States of America",,,Fatalities: 0 / Occupants: 7 
19600308-1,,Tuesday 8 March 1960,,Handley Page HP.81 Hermes IVA,Skyways,,,, G-ALDH, HP.81/9, 1950,,,,,Fatalities: 0 / Occupants: 6,Fatalities: 0 / Occupants: 0,,, Damaged beyond repair,,"London Airport (LHR) (   United Kingdom) 
", Landing (LDG),Unknown,?,"London Airport (LHR/EGLL), United Kingdom",,,Fatalities: 0 / Occupants: 6 
19600308-2,Preliminary,Tuesday 8 March 1960,,Douglas R5D-3 (DC-4),United States Navy,,,, 56521, 10835, ,,,,,Fatalities: 0 / Occupants: ,Fatalities: 0 / Occupants: ,,, Damaged beyond repair,,"ca 12 km from Jérez del Marquesad (   Spain) 
", En route (ENR),Military,"Napoli Airport (NAP/LIRN), Italy","Rota (Base Aero-Navel) (LERT), Spain",,,Fatalities: 0 / Occupants: 24 
19600309-0,,Wednesday 9 March 1960,,Scottish Aviation Twin Pioneer CC.1,Royal Air Force - RAF,,,, XM941, 550, 1958-11-04  (1 year 4 months),,, 2 Alvis Leonides 514,,Fatalities: 0 / Occupants: ,Fatalities: 0 / Occupants: ,,, Damaged beyond repair,,"6,4 km (4 mls) W of Paloh (   Malaysia) 
", Unknown (UNK),Military,?,?,,,Fatalities: 0 / Occupants:  
19600309-1,,Wednesday 9 March 1960,,CASA 352 (Junkers Ju-52),Ejército del Aire,,,, T.2B-150, 41, ,,,,,Fatalities:  / Occupants: ,Fatalities:  / Occupants: ,,, Damaged beyond repair,,"at an unknown location (   Unknown country) 
", Unknown (UNK),Military,?,?,,,Fatalities:  / Occupants:  
19600310-0,,Thursday 10 March 1960,,Scottish Aviation Twin Pioneer 3,Scottish Airlines,,,, G-ANTP, 501, 1955-06-25  (4 years 9 months),,, 2 Alvis Leonides 531,,Fatalities: 2 / Occupants: 3,Fatalities: 0 / Occupants: 0,,, Damaged beyond repair,,"Jorhat-Rowriah Airport (JRH) (   India) 
", Initial climb (ICL),Demonstration,"Jorhat-Rowriah Airport (JRH/VEJT), India","Jorhat-Rowriah Airport (JRH/VEJT), India",,,Fatalities: 2 / Occupants: 3 
19600314-0,Final,Monday 14 March 1960,,de Havilland DH-106 Comet 4,British Overseas Airways Corporation - BOAC,,,, G-APDS, 6419, 1959-08-06  (7 months),,, 4 Rolls-Royce Avon 524,,Fatalities: 0 / Occupants: 9,Fatalities: 0 / Occupants: 23,,, Substantial, Repaired,"Madrid-Barajas Airport (MAD) (   Spain) 
", Approach (APR),International Scheduled Passenger,"London-Heathrow Airport (LHR/EGLL), United Kingdom","Madrid-Barajas Airport (MAD/LEMD), Spain",,,Fatalities: 0 / Occupants: 32 
19600315-0,,Tuesday 15 March 1960,,Consolidated PBY-5A Catalina,Agencia Interamericana de Aviación - AIDA,,,, HK-1001E, , ,,,,,Fatalities: 2 / Occupants: 3,Fatalities: 4 / Occupants: 10,,, Damaged beyond repair,,"El Refugio (   Colombia) 
", Unknown (UNK),Passenger,"Araracuara Airport (ACR/SKAC), Colombia","Villavicencio Airport (VVC/SKVV), Colombia",,,Fatalities: 6 / Occupants: 13 
19600315-1,,Tuesday 15 March 1960,,Nord 2501D Noratlas,Luftwaffe,,,, GA+249, D060, ,,, 2 Bristol Hercules 739,,Fatalities: 6 / Occupants: 6,Fatalities: 0 / Occupants: 0,,, Damaged beyond repair,,"Monte Argentera (   Italy) 
", En route (ENR),Military,"Neubiberg Airport (EDPN), Germany","Torino (unknown airport), Italy",,,Fatalities: 6 / Occupants: 6 
19600316-0,,Wednesday 16 March 1960,19:40,Douglas C-47-DL (DC-3),All Nippon Airways - ANA,,,, JA5018, 6006, 1942,,, 2 Pratt & Whitney R-1830-92,,Fatalities: 1 / Occupants: 3,Fatalities: 2 / Occupants: 30,,, Damaged beyond repair,,"Nagoya-Komaki International Airport (NGO) (   Japan) 
", Taxi (TXI),Domestic Scheduled Passenger,"Tokyo-Haneda Airport (HND/RJTT), Japan","Nagoya-Komaki International Airport (NGO/RJNN), Japan",,,Fatalities: 3 / Occupants: 33 
19600316-1,,Wednesday 16 March 1960,,Douglas C-47D (DC-3),United States Air Force - USAF,,,, 43-48899, 26160/14715, 1944,,, 2 Pratt & Whitney R-1830-90,,Fatalities:  / Occupants: ,Fatalities:  / Occupants: ,,, Damaged beyond repair,,"6,5 km (4.1 mls) SE of Amatice (   Italy) 
", Unknown (UNK),Military,"Aviano Air Base (LIYW), Italy","Gioia Del Colle Air Base (LIBV), Italy",,,Fatalities: 6 / Occupants: 6 
19600317-0,Final,Thursday 17 March 1960,15:25,Lockheed L-188C Electra,Northwest Orient Airlines,,,, N121US, 1057, 1959-07-01  (9 months),1786,, 4 Allison 501-D13,,Fatalities: 6 / Occupants: 6,Fatalities: 57 / Occupants: 57,,, Destroyed, Written off (damaged beyond repair),"9 km (5.6 mls) NE of Cannelton, IN (   United States of America) 
", En route (ENR),Domestic Scheduled Passenger,"Chicago-Midway Airport, IL (MDW/KMDW), United States of America","Miami International Airport, FL (MIA/KMIA), United States of America", 710,,Fatalities: 63 / Occupants: 63 
19600318-0,,Friday 18 March 1960,,Vickers 804 Viscount,Transair Ltd.,,,, G-AOXU, 248, 1957-08-31  (2 years 7 months),,, 4 Rolls-Royce Dart 510,,Fatalities: 0 / Occupants: 6,Fatalities: 0 / Occupants: 59,,, Substantial, Repaired,"over France (   France) 
", En route (ENR),Int'l Non Scheduled Passenger,"London-Gatwick Airport (LGW/EGKK), United Kingdom","Nice-Côte d'Azur Airport (NCE/LFMN), France",,,Fatalities: 0 / Occupants: 65 
19600319-0,,Saturday 19 March 1960,21:10 UTC,Curtiss C-46A-60-CS Commando,Sociedad Aeronautica Medellin - SAM,,,, HK-516, 2927/384, 1945,15876,, 2 Pratt & Whitney R-2800-51,,Fatalities: 3 / Occupants: 4,Fatalities: 22 / Occupants: 42,,, Damaged beyond repair,,"11 km (6.9 mls) NW of Planeta Rica (   Colombia) 
", Approach (APR),Domestic Scheduled Passenger,"San Andres Island-Sesquicentenario Airport (ADZ/SKSP), Colombia","Medellín-Enrique Olaya Herrera Airport (EOH/SKMD), Colombia", 901,,Fatalities: 25 / Occupants: 46 
19600320-0,,Sunday 20 March 1960,,Douglas C-47B-45-DK (DC-3),Faucett,,,, OB-PAM-146, 34206/16947, 1945,,, 2 Pratt & Whitney R-1830-90C,,Fatalities: 4 / Occupants: 4,Fatalities: 0 / Occupants: 0,,, Damaged beyond repair,,"near Chimbote (   Peru) 
", En route (ENR),Cargo,"Picota Airport (SPAP), Peru","Trujillo Airport (TRU/SPRU), Peru",,,Fatalities: 4 / Occupants: 4 
19600323-0,,Wednesday 23 March 1960,,Consolidated PBY-5A Catalina,Thomas Kendall,,,, N5593V, 1759, ,,,,,Fatalities: 0 / Occupants: ,Fatalities: 0 / Occupants: ,,, Damaged beyond repair,,"Ras Alsheikh Hamid (   Saudi Arabia) 
", Standing (STD),Private,-,-,,,Fatalities: 0 / Occupants: 9 
19600325-0,,Friday 25 March 1960,,Curtiss C-46A-60-CK Commando,Wheeler Airlines,,,, CF-IHQ,   448, 1945,,, 2 Pratt & Whitney R-2800-51,,Fatalities: 0 / Occupants: 2,Fatalities: 0 / Occupants: 0,,, Damaged beyond repair,,"DEW Site 28, NU (   Canada) 
", Approach (APR),Cargo,?,?,,,Fatalities: 0 / Occupants: 2 
19600325-1,,Friday 25 March 1960,,Lockheed RB-69A Neptune,Republic of China Air Force - ROCAF,,,, 54-4040, 726-7101, ,,,,,Fatalities: 14 / Occupants: 14,Fatalities: 0 / Occupants: 0,,, Damaged beyond repair,,"near Kunsan (   South Korea) 
", Unknown (UNK),Military,"Hsinchu Airport (HSZ/RCPO), Taiwan","Gunsan (Kunsan) Airport (KUV/RKJK), South Korea",,,Fatalities: 14 / Occupants: 14 
19600325-2,,Friday 25 March 1960,,Douglas C-47A-30-DK (DC-3),United States Air Force - USAF,,,, 43-48100, 25361/13916, 1944,,,,,Fatalities: 0 / Occupants: ,Fatalities: 0 / Occupants: ,,, Damaged beyond repair,,"3,3 km (2.1 mls) SE of Wiesbaden AFB (WIE) (   Germany) 
", Initial climb (ICL),Military,"Wiesbaden AFB (WIE/ETOU), Germany",?,,,Fatalities: 0 / Occupants: 17 
19600330-0,,Wednesday 30 March 1960,20:15,Boeing KC-97F Stratofreighter,United States Air Force - USAF,,,, 51-0363, 16430, ,,,,,Fatalities:  / Occupants: ,Fatalities:  / Occupants: ,,, Damaged beyond repair,,"70  km E off Cape Canaveral, FL, USA (   Atlantic Ocean) 
", En route (ENR),Military,"Stephenville-Ernest Harmon AFB, NL (YJT/CYJT), Canada","Tampa-MacDill AFB, FL (MCF/KMCF), United States of America",,,Fatalities: 2 / Occupants: 14 
19600330-1,,Wednesday 30 March 1960,08:33,Avia 14T,Czechoslovak Air Force,,,, 3149, 172913149, 1959,,,,,Fatalities: 7 / Occupants: 7,Fatalities: 0 / Occupants: 0,,, Destroyed, Written off (damaged beyond repair),"13 km (8.1 mls) SW of Kromeriz (   Czech Republic) 
", En route (ENR),Military,"Uherské Hradite-Kunovice Airport (UHE/LKKU), Czech Republic","Pietany Airport (PZY/LZPP), Slovakia",,,Fatalities: 7 / Occupants: 7 
19600402-0,,Saturday 2 April 1960,,Lockheed P2V-2 Neptune,United States Navy,,,, registration unknown, , ,,,,,Fatalities: 3 / Occupants: 7,Fatalities: 0 / Occupants: 0,,, Damaged beyond repair,,"6,5 km (4.1 mls) from  Memphis NAS, TN (   United States of America) 
", Initial climb (ICL),Military,"Memphis NAS, TN (NQA/KNQA), United States of America",?,,,Fatalities: 3 / Occupants: 7 
19600405-0,,Tuesday 5 April 1960,14:39,Curtiss C-46A-40-CU Commando,Líneas Aéreas de Nicaragua - LANICA,,,, AN-AIN, 26945, 1944,5650,, 2 Pratt & Whitney R-2800-51,,Fatalities: 1 / Occupants: 4,Fatalities: 1 / Occupants: 14,,, Damaged beyond repair,,"2,4 km (1.5 mls) from  Siuna Airport (SIU) (   Nicaragua) 
", En route (ENR),Domestic Scheduled Passenger,"Siuna Airport (SIU/MNSI), Nicaragua","Bonanza-San Pedro Airport (BZA/MNBZ), Nicaragua",,,Fatalities: 2 / Occupants: 18 
19600412-0,,Tuesday 12 April 1960,14:20,Douglas C-53 (DC-3),,Varig,,Cruzeiro do Sul, PP-CDS, 4823, 1941,,,,,Fatalities: 2 / Occupants: 3,Fatalities: 8 / Occupants: 19,,, Damaged beyond repair,,"Pelotas-Federal Airport, RS (PET) (   Brazil) 
", Takeoff (TOF),Domestic Scheduled Passenger,"Pelotas-Federal Airport, RS (PET/SBPK), Brazil","Porto Alegre-Salgado Filho International Airport, RS (POA/SBPA), Brazil",,,Fatalities: 10 / Occupants: 22 
19600412-1,,Tuesday 12 April 1960,,Vickers Viscount,Cubana de Aviación,,,, registration unknown, , ,,,,,Fatalities: 0 / Occupants: 3,Fatalities: 0 / Occupants: 16,,, None,,"Miami International Airport, FL (MIA) (   United States of America) 
", En route (ENR),International Scheduled Passenger,"Havana-José Martí International Airport (HAV/MUHA), Cuba","Miami International Airport, FL (MIA/KMIA), United States of America",,,Fatalities: 0 / Occupants: 19 
19600414-0,,Thursday 14 April 1960,,Curtiss C-46A Commando,Expreso Aéreo Interamericano,,,, CU-C644, , ,,, 2 Pratt & Whitney R-2800-51,,Fatalities: 0 / Occupants: 2,Fatalities: 0 / Occupants: 2,,, Damaged beyond repair,,"Miami, FL (   United States of America) 
", Takeoff (TOF),Unknown,"Miami International Airport, FL (MIA/KMIA), United States of America",?,,,Fatalities: 0 / Occupants: 4 
19600414-1,Preliminary,Thursday 14 April 1960,,Douglas DC-4-1009,Royal Thai Air Force - RTAF,,,, 42919, 42919, 1946,,,,,Fatalities: 8 / Occupants: 8,Fatalities: 10 / Occupants: 10,,, Destroyed, Written off (damaged beyond repair),"10 km (6.3 mls) NE of Taipei-Songshan Airport (TSA) (   Taiwan) 
", En route (ENR),Military,"Taipei-Songshan Airport (TSA/RCSS), Taiwan","Bangkok-Don Muang International Airport (BKK/VTBD), Thailand",,,Fatalities: 18 / Occupants: 18 
19600415-0,,Friday 15 April 1960,09:51,Boeing KC-97G-23-BO Stratofreighter,United States Air Force - USAF,,,, 52-0919, 16613, ,,,,,Fatalities: 0 / Occupants: 10,Fatalities: 0 / Occupants: 14,,, Damaged beyond repair,,"Lincoln AFB, NE (LNK) (   United States of America) 
", Takeoff (TOF),Military,"Lincoln AFB, NE (LNK/KLNK), United States of America","Riverside-March AFB, CA (RIV/KRIV), United States of America",,,Fatalities: 0 / Occupants: 24 
19600415-1,,Friday 15 April 1960,,Douglas VC-47D (DC-3),United States Air Force - USAF,,,, 43-49271, 26532/15087, 1944,,, 2 Pratt & Whitney R-1830-90,,Fatalities: 0 / Occupants: 2,Fatalities: 0 / Occupants: 2,,, Destroyed, Written off (damaged beyond repair),"11 km (6.9 mls) SE of Marburg (   Germany) 
", En route (ENR),Military,"Værløse Air Base (EKVL), Denmark","Wiesbaden-Erbenheim (Y-80) Air Base (WIE/ETOU), Germany",,,Fatalities: 0 / Occupants: 4 
19600418-0,,Monday 18 April 1960,,Douglas C-124C Globemaster II,United States Air Force - USAF,,,, 52-1062, 43971, ,,, 4 Pratt & Whitney R-4360-63A,,Fatalities: 9 / Occupants: 9,Fatalities: 0 / Occupants: 0,,, Damaged beyond repair,,"10 km (6.3 mls) from  Stephenville-Harmon AFB, NL (YJT) (   Canada) 
", Initial climb (ICL),Military,"Stephenville-Ernest Harmon AFB, NL (YJT/CYJT), Canada","Terceira-Lajes AFB, Azores (TER/LPLA), Portugal",,,Fatalities: 9 / Occupants: 9 
19600419-0,,Tuesday 19 April 1960,00:08 UTC,Curtiss C-46D-10-CU Commando,Lloyd Aéreo Colombiano,,,, HK-390, 32954, 1944,8289,,,,Fatalities: 6 / Occupants: 7,Fatalities: 31 / Occupants: 44,,, Damaged beyond repair,,"Bogotá-Eldorado Airport (BOG) (   Colombia) 
", Approach (APR),Domestic Scheduled Passenger,"Medellín-Enrique Olaya Herrera Airport (EOH/SKMD), Colombia","Bogotá-Eldorado Airport (BOG/SKBO), Colombia", 503,,Fatalities: 37 / Occupants: 51 
19600419-1,,Tuesday 19 April 1960,,Scottish Aviation Twin Pioneer CC.1,Royal Air Force - RAF,,,, XL967, 518, 1958-03-26  (2 years ),,, 2 Alvis Leonides 514,,Fatalities: 0 / Occupants: ,Fatalities: 0 / Occupants: ,,, Damaged beyond repair,,"Kota Tinggi (   Malaysia) 
", Unknown (UNK),Military,?,?,,,Fatalities: 0 / Occupants:  
19600420-0,Final,Wednesday 20 April 1960,13:06,Fairchild F-27,Piedmont Airlines,,,, N2704R, 17, ,,,,,Fatalities: 0 / Occupants: 4,Fatalities: 0 / Occupants: 36,,Fatalities: 4, Substantial, Repaired,"near Hickory Airport, NC (HKY) (   United States of America) 
", Approach (APR),Domestic Scheduled Passenger,"Cincinnati/Northern Kentucky Airport, KY (CVG/KCVG), United States of America","Hickory Airport, NC (HKY/KHKY), United States of America",,,Fatalities: 0 / Occupants: 40 
19600422-0,,Friday 22 April 1960,,Bristol 170 Wayfarer II,Air Condor,,,, G-AGPV, 12730, ,,,,,Fatalities: 0 / Occupants: 3,Fatalities: 0 / Occupants: 44,,, Substantial, Repaired,"Southend Municipal Airport (SEN) (   United Kingdom) 
", Taxi (TXI),Domestic Non Scheduled Passenger,"Southend Municipal Airport (SEN/EGMC), United Kingdom",?,,,Fatalities: 0 / Occupants: 47 
19600422-1,Final,Friday 22 April 1960,05:55 UTC,Douglas C-54A-DO (DC-4),Sobelair,,,, OO-SBL, 3099, 1943,30594,, 4 Pratt & Whitney R-2000-D5,,Fatalities: 7 / Occupants: 7,Fatalities: 28 / Occupants: 28,,, Destroyed, Written off (damaged beyond repair),"8 km (5 mls) SE of Bunia Airport (BUX) (   Democratic Republic of the Congo) 
", Approach (APR),Int'l Non Scheduled Passenger,"Cairo International Airport (CAI/HECA), Egypt","Bunia Airport (BUX/FZKA), Democratic Republic of the Congo",,,Fatalities: 35 / Occupants: 35 
19600427-0,,Wednesday 27 April 1960,21:39,Ilyushin Il-18A,"Aeroflot, Uralsk Civil Aviation Directorate",,,, CCCP-75648, 188000402, 1958,390,,,,Fatalities: 1 / Occupants: 5,Fatalities: 0 / Occupants: 0,,, Destroyed, Written off (damaged beyond repair),"Sverdlovsk-Koltsovo Airport (SVX) (   Russia) 
", Approach (APR),Training,"Sverdlovsk-Koltsovo Airport (SVX/USSS), Russia","Sverdlovsk-Koltsovo Airport (SVX/USSS), Russia",,,Fatalities: 1 / Occupants: 5 
19600428-0,,Thursday 28 April 1960,08:22,Douglas C-47B-15-DK (DC-3),Linea Aeropostal Venezolana - LAV,,,, YV-C-AFE, 26798/15353, 1944,,, 2 Pratt & Whitney R-1830-90C,,Fatalities: 3 / Occupants: 3,Fatalities: 10 / Occupants: 10,,, Damaged beyond repair,,"15 km (9.4 mls) from  Calabozo (   Venezuela) 
", Approach (APR),Domestic Scheduled Passenger,"Caracas Airport (CCS/SVMI), Venezuela","Calabozo Airport (CLZ/SVCL), Venezuela",,,Fatalities: 13 / Occupants: 13 
19600428-1,,Thursday 28 April 1960,,Consolidated C-10A Catalina (PBY-5A),Força Aérea Brasileira - FAB,,,, 6515, 1918, ,,,,,Fatalities: 0 / Occupants: 0,Fatalities: 0 / Occupants: 0,,, Damaged beyond repair,,"Belém, PA (   Brazil) 
", Standing (STD),Military,-,-,,,Fatalities: 0 / Occupants: 0 
19600503-0,,Tuesday 3 May 1960,15:10,Curtiss C-46A-55-CK Commando,Navegação Aérea Brasileira - NAB,,,, PP-NMD,   242, 1945,,, 2 Pratt & Whitney R-2800-51,,Fatalities: 5 / Occupants: 5,Fatalities: 0 / Occupants: 0,,, Damaged beyond repair,,"Aguadilla-Ramey AFB (BQN) (   Puerto Rico) 
", Approach (APR),Ferry/positioning,"Miami International Airport, FL (MIA/KMIA), United States of America","Aguadilla-Ramey AFB (BQN/TJBQ), Puerto Rico",,,Fatalities: 5 / Occupants: 5 
19600505-0,,Thursday 5 May 1960,16:14,Lisunov Li-2,"Aeroflot, Far East Civil Aviation Directorate",,,, CCCP-84609, 6002, ,,,,,Fatalities: 5 / Occupants: 5,Fatalities: 0 / Occupants: 0,,, Damaged beyond repair,,"Enken, Ayano-Maisky District (   Russia) 
", En route (ENR),Ferry/positioning,?,?,,,Fatalities: 5 / Occupants: 5 
19600510-0,,Tuesday 10 May 1960,04:00,Hurel-Dubois HD.321,L'Armée de L'Air,,,, 01, , 1953,,,,,Fatalities: 0 / Occupants: ,Fatalities: 0 / Occupants: ,,, Damaged beyond repair,,"Villemoleix (   France) 
", Landing (LDG),Military,?,?,,,Fatalities: 0 / Occupants:  
19600515-0,,Sunday 15 May 1960,19:57 UTC,Douglas DC-4-1009,Balair,,,, HB-ILA, 43072, 1946,,,,,Fatalities: 12 / Occupants: 12,Fatalities: 0 / Occupants: 0,,, Damaged beyond repair,,"near Tora-Tonga (   Sudan) 
", En route (ENR),Ferry/positioning,"Khartoum-Civil Airport (KRT/HSSS), Sudan","Niamey Airport (NIM/DRRN), Niger",,,Fatalities: 12 / Occupants: 12 
19600517-0,,Tuesday 17 May 1960,,Curtiss C-46F-1-CU Commando,Transamerican Air Transport,,,, LV-GGJ, 22554, 1945,,,,,Fatalities: 3 / Occupants: 3,Fatalities: 5 / Occupants: 5,,, Damaged beyond repair,,"near El Sosneado (   Argentina) 
", En route (ENR),Cargo,"Buenos Aires/Ezeiza-Ministro Pistarini Airport, BA (EZE/SAEZ), Argentina","Santiago-Los Cerrillos Airport (ULC/SCTI), Chile",,,Fatalities: 8 / Occupants: 8 
19600519-0,Final,Thursday 19 May 1960,09:46 UTC,Sud Aviation SE-210 Caravelle IA,Air Algérie,,,, F-OBNI,  28, 1960,315,, 2 Rolls-Royce Avon 522A,,Fatalities: 0 / Occupants: 7,Fatalities: 1 / Occupants: 32,,Fatalities: 1, Substantial, Repaired,"13 km (8.1 mls) SE of Paris-Orly Airport (ORY) (   France) 
", Approach (APR),International Scheduled Passenger,"Algiers-Maison Blanche Airport (ALG/DAAG), Algeria","Paris-Orly Airport (ORY/LFPO), France",,,Fatalities: 1 / Occupants: 39 
19600519-1,,Thursday 19 May 1960,,Curtiss C-46A-55-CK Commando,Linea Expresa Bolivar - LEBCA,,,, YV-C-LBG,   262, 1945,,, 2 Pratt & Whitney R-2800-51,,Fatalities: 0 / Occupants: ,Fatalities: 0 / Occupants: ,,, Damaged beyond repair,,"David Airport (DAV) (   Panama) 
", Landing (LDG),Unknown,?,"David-Enrique Malek Airport (DAV/MPDA), Panama",,,Fatalities: 0 / Occupants:  
19600521-0,,Saturday 21 May 1960,,Consolidated C-87 Liberator Express,Compañia Boliviana de Aviacion,,,, CP-618, , ,,,,,Fatalities:  / Occupants: ,Fatalities:  / Occupants: ,,, Damaged beyond repair,,"La Paz-El Alto Airport (LPB) (   Bolivia) 
", Unknown (UNK),Unknown,?,?,,,Fatalities:  / Occupants:  
19600523-0,,Monday 23 May 1960,11:52,Convair CV-880-22-1,Delta Air Lines,,,, N8804E, 22-00-16, 1960,,,,,Fatalities: 4 / Occupants: 4,Fatalities: 0 / Occupants: 0,,, Damaged beyond repair,,"Atlanta Airport, GA (ATL) (   United States of America) 
", Initial climb (ICL),Training,"Atlanta Municipal Airport, GA (ATL/KATL), United States of America","Atlanta Municipal Airport, GA (ATL/KATL), United States of America",DL1903,,Fatalities: 4 / Occupants: 4 
19600525-0,,Wednesday 25 May 1960,,Lockheed Lodestar,Jerry de Larma,,,, TG-COV-68, , ,,,,,Fatalities: 0 / Occupants: 2,Fatalities: 0 / Occupants: 0,,, Substantial,,"El Coco (   Costa Rica) 
", Taxi (TXI),Private,?,?,,,Fatalities: 0 / Occupants: 2 
19600527-0,,Friday 27 May 1960,,Avro 685 York C.1,Air Liban,,,, OD-ACD, , 1944,,, 4 Rolls-Royce Merlin,,Fatalities: 0 / Occupants: ,Fatalities: 0 / Occupants: ,,, Damaged beyond repair,,"Tehran-Mehrabad Airport (THR) (   Iran) 
", Takeoff (TOF),Unknown,"Tehran-Mehrabad Airport (THR/OIII), Iran",?,,,Fatalities: 0 / Occupants:  
19600529-0,,Sunday 29 May 1960,,Vickers 498 Viking 1A,Air Safaris,,,, G-AHOR, 118, 1946-08-20  (13 years 10 months),,,,,Fatalities: 0 / Occupants: 3,Fatalities: 0 / Occupants: 27,,, Damaged beyond repair,,"Lourdes-Tarbes Ossun Lourdes Airport (LDE) (   France) 
", Landing (LDG),Int'l Non Scheduled Passenger,?,"Lourdes-Tarbes Ossun Lourdes Airport (LDE/LFBT), France",,,Fatalities: 0 / Occupants: 30 
19600531-0,,Tuesday 31 May 1960,,Antonov An-2T,Luftstreitkräfte der NVA,,,, 856, 178(473)03, ,,,,,Fatalities: 0 / Occupants: ,Fatalities: 0 / Occupants: ,,, Damaged beyond repair,,"Dessau Airport (   Germany) 
", Landing (LDG),Military,?,"Dessau Airport (EDAD), Germany",,,Fatalities: 0 / Occupants:  
19600599-0,,xx MAY 1960,,Grumman SA-16A Albatross,Força Aérea Portuguesa,,,, 7101, G-95, ,,,,,Fatalities: 0 / Occupants: ,Fatalities: 0 / Occupants: ,,, Damaged beyond repair,,"Terceira-Lajes AFB, Azores (TER) (   Portugal) 
", Unknown (UNK),Military,?,?,,,Fatalities: 0 / Occupants:  
19600610-0,,Friday 10 June 1960,10:55,Ilyushin Il-14P,"Aeroflot, North Kavkaz Civil Aviation Directorate",,,, CCCP-91571, 7343107, 1957,5423,,,,Fatalities: 6 / Occupants: 6,Fatalities: 25 / Occupants: 25,,, Damaged beyond repair,,"near Tkvarcheli (   Georgia) 
", En route (ENR),Domestic Scheduled Passenger,"Adler/Sochi Airport (AER/URSS), Russia","Kutaisi Airport (KUT/UGKO), Georgia", 207,,Fatalities: 31 / Occupants: 31 
19600610-1,Final,Friday 10 June 1960,ca 22:05,Fokker F-27 Friendship 100,Trans Australia Airlines - TAA,,,, VH-TFB, 10112, 1959,2420,,,3396,Fatalities: 4 / Occupants: 4,Fatalities: 25 / Occupants: 25,,, Damaged beyond repair,,"12 km (7.5 mls) off  Mackay, QLD (   Australia) 
", Approach (APR),Domestic Scheduled Passenger,"Rockhampton Airport, QLD (ROK/YBRK), Australia","Mackay Airport, QLD (MKY/YBMK), Australia", 538,,Fatalities: 29 / Occupants: 29 
19600614-1,Final,Tuesday 14 June 1960,04:47,Lockheed L-749A Constellation,Pacific Northern Airlines,,,, N1554V, 2555, 1947,30560,, 4 Wright R-3350,,Fatalities: 5 / Occupants: 5,Fatalities: 9 / Occupants: 9,,, Damaged beyond repair,,"Mount Gilbert, AK (   United States of America) 
", En route (ENR),Domestic Scheduled Passenger,"Cordova-Mudhole Smith Airport, AK (CDV/PACV), United States of America","Anchorage International Airport, AK (ANC/PANC), United States of America", 201,,Fatalities: 14 / Occupants: 14 
19600617-0,,Friday 17 June 1960,,Vickers Valetta C.1,Royal Air Force - RAF,,,, VW803, 364, 1949-04-06  (11 years 3 months),,, 2 Bristol Hercules 230,,Fatalities: 0 / Occupants: ,Fatalities: 0 / Occupants: ,,, Damaged beyond repair,,"Mukeiras Airport (UKR) (   Yemen) 
", Landing (LDG),Military,?,"Mukeiras Airport (UKR/ODAM), Yemen",,,Fatalities: 0 / Occupants:  
19600619-0,,Sunday 19 June 1960,,Douglas C-124C Globemaster II,United States Air Force - USAF,,,, 52-0993, 43902, ,,, 4 Pratt & Whitney R-4360-20WA,,Fatalities: 3 / Occupants: 7,Fatalities: 0 / Occupants: 0,,, Damaged beyond repair,,"4,5 km (2.8 mls) W of Paramaribo-Zanderij International Airport (PBM) (   Suriname) 
", Approach (APR),Military,"Charleston AFB, SC (CHS/KCHS), United States of America","Paramaribo-Zanderij International Airport (PBM/SMJP), Suriname",,,Fatalities: 3 / Occupants: 7 
19600620-0,,Monday 20 June 1960,,CASA 352 (Junkers Ju-52),Ejército del Aire,,,, T.2B-252, 143, ,,,,,Fatalities:  / Occupants: ,Fatalities:  / Occupants: ,,, Damaged beyond repair,,"at an unknown location (   Unknown country) 
", Unknown (UNK),Military,?,?,,,Fatalities:  / Occupants:  
19600624-0,,Friday 24 June 1960,18:30,Convair CV-340-62,REAL Transportes Aéreos,,,, PP-YRB, 191, 1954,,,,,Fatalities: 5 / Occupants: 5,Fatalities: 49 / Occupants: 49,,, Damaged beyond repair,,"Guanabara Bay, RJ (   Brazil) 
", Approach (APR),Domestic Scheduled Passenger,"Belo Horizonte-Pampulha Airport, MG (PLU/SBBH), Brazil","Rio de Janeiro-Galeão International Airport, RJ (GIG/SBGL), Brazil",,,Fatalities: 54 / Occupants: 54 
19600625-0,,Saturday 25 June 1960,14:40,Douglas C-47 (DC-3),Lineas Aéreas Costarricenses - LACSA,,,, TI-1023, , ,,,,,Fatalities: 0 / Occupants: 3,Fatalities: 1 / Occupants: 12,,, Damaged beyond repair,,"SW of San José-La Sabana Airport (   Costa Rica) 
", Approach (APR),Domestic Scheduled Passenger,"San José-La Sabana Airport, Costa Rica","San José-La Sabana Airport, Costa Rica",,,Fatalities: 1 / Occupants: 15 
19600627-0,,Monday 27 June 1960,,Boeing KC-97G-28-BO Stratotanker,United States Air Force - USAF,,,, 52-2738, 16769, ,,, 4 Pratt & Whitney R-4360-59,,Fatalities: 5 / Occupants: 5,Fatalities: 0 / Occupants: 0,,, Damaged beyond repair,,"near Newry, ME (   United States of America) 
", En route (ENR),Military,"Plattsburgh AFB, NY (PBG/KPBG), United States of America","Plattsburgh AFB, NY (PBG/KPBG), United States of America",,,Fatalities: 5 / Occupants: 5 
19600705-0,,Tuesday 5 July 1960,,Bristol 175 Britannia 318,Cubana de Aviación,,,, registration unknown, , ,,,,,Fatalities: 0 / Occupants: 9,Fatalities: 0 / Occupants: 31,,, None,,"Miami International Airport, FL (MIA) (   United States of America) 
", En route (ENR),International Scheduled Passenger,"Madrid-Barajas Airport (MAD/LEMD), Spain","Havana-José Martí International Airport (HAV/MUHA), Cuba",,,Fatalities: 0 / Occupants: 40 
19600705-1,,Tuesday 5 July 1960,04:45,Antonov An-2,"Aeroflot, Yakutsk Civil Aviation Directorate",,,, CCCP-98282, , ,,,,,Fatalities: 3 / Occupants: 4,Fatalities: 0 / Occupants: 0,,, Damaged beyond repair,,"145 km (90.6 mls) W of Aldan (   Russia) 
", En route (ENR),Survey/research,?,?,,,Fatalities: 3 / Occupants: 4 
19600706-0,,Wednesday 6 July 1960,,Bristol 170 Freighter 21,Silver City Airways,,,, G-AIFM, 12773, ,,,,,Fatalities: 0 / Occupants: 3,Fatalities: 0 / Occupants: 44,,, Substantial, Repaired,"Blackpool Airport (   United Kingdom) 
", Taxi (TXI),Scheduled Passenger,?,?,,,Fatalities: 0 / Occupants: 47 
19600707-0,,Thursday 7 July 1960,,Vickers Varsity T.1,Royal Air Force - RAF,,,, WJ914, , 1952,,, 2 Bristol Hercules 264,,Fatalities: 5 / Occupants: 5,Fatalities: 1 / Occupants: 1,,Fatalities: 2, Damaged beyond repair,,"6,4 km (4 mls) SSW of Oakington RAF Station (   United Kingdom) 
", Unknown (UNK),Military,"Wyton Airport (EGUY), United Kingdom",?,,,Fatalities: 6 / Occupants: 6 
19600710-0,,Sunday 10 July 1960,,Douglas C-47-DL (DC-3),,Gulf Aviation,,Kalinga Airlines, VT-DGS, 4273, 1942,,, 2 Pratt & Whitney R-1830-92,,Fatalities: 3 / Occupants: 3,Fatalities: 13 / Occupants: 13,,, Missing, Presumed damaged beyond repair,"off Sharjah (   United Arab Emirates) 
", En route (ENR),International Scheduled Passenger,"Doha International Airport (DOH/OTBD), Qatar","Sharjah Airport (SHJ/OMSJ), United Arab Emirates",,,Fatalities: 16 / Occupants: 16 
19600711-0,,Monday 11 July 1960,,Douglas C-47E (DC-3),US Mission,,,, 45-1109, 34379/17112, 1945,,, 2 Pratt & Whitney R-1830-90C,,Fatalities:  / Occupants: ,Fatalities:  / Occupants: ,,, Damaged beyond repair,,"12 km (7.5 mls) W of Quito-Mariscal Sucre Airport (UIO) (   Ecuador) 
", En route (ENR),Int'l Non Scheduled Passenger,"Bogotá-Eldorado Airport (BOG/SKBO), Colombia","Quito-Mariscal Sucre Airport (UIO/SEQU), Ecuador",,,Fatalities: 18 / Occupants: 18 
19600714-0,Final,Thursday 14 July 1960,04:30,Douglas DC-7C,Northwest Orient Airlines,,,, N292, 45462/925, 1958,9233,,,,Fatalities: 0 / Occupants: 7,Fatalities: 1 / Occupants: 51,,, Damaged beyond repair,,"8 km (5 mls) NE off  Polillo Island (   Philippines) 
", En route (ENR),International Scheduled Passenger,"Okinawa-Naha Airport (OKA/ROAH), Japan","Manila International Airport (MNL/RPLL), Philippines",   1-11,,Fatalities: 1 / Occupants: 58 
19600714-1,,Thursday 14 July 1960,,Douglas C-47A-DL (DC-3),Philippine Air Lines,,,, PI-C16, 13908, 1943,,, 2 Pratt & Whitney R-1830-92,,Fatalities: 0 / Occupants: 3,Fatalities: 0 / Occupants: 28,,, Damaged beyond repair,,"off Mindanao (   Philippines) 
", En route (ENR),Domestic Scheduled Passenger,"Dipolog Airport (DPL/RPMG), Philippines","Zamboanga Airport (ZAM/RPMZ), Philippines",,,Fatalities: 0 / Occupants: 31 
19600715-0,,Friday 15 July 1960,09:40,Douglas C-47A-20-DK (DC-3),Ethiopian Air Lines,,,, ET-T-18, 12926, 1944,13674,, 2 Pratt & Whitney R-1830-92,,Fatalities: 1 / Occupants: 3,Fatalities: 0 / Occupants: 8,,, Damaged beyond repair,,"27,5 km (17.2 mls) S of Jimma (   Ethiopia) 
", En route (ENR),Domestic Scheduled Passenger,"Bulchi Airport (BCY/HABU), Ethiopia","Jimma Airport (JIM/HAJM), Ethiopia", 372,,Fatalities: 1 / Occupants: 11 
19600717-0,,Sunday 17 July 1960,,Vickers Viscount,Cubana de Aviación,,,, registration unknown, , ,,,,,Fatalities: 0 / Occupants: 4,Fatalities: 0 / Occupants: 52,,, None,,"Kingston-Palisadoes International Airport (KIN) (   Jamaica) 
", En route (ENR),International Scheduled Passenger,"Havana-José Martí International Airport (HAV/MUHA), Cuba","Miami International Airport, FL (MIA/KMIA), United States of America",,,Fatalities: 0 / Occupants: 56 
19600718-0,,Monday 18 July 1960,,Douglas C-47A-90-DL (DC-3),United States Air Force - USAF,,,, 43-15765, 20231, 1944,,,,,Fatalities:  / Occupants: ,Fatalities:  / Occupants: ,,, Damaged beyond repair,,"unknown (   Unknown country) 
", Unknown (UNK),Military,?,?,,,Fatalities:  / Occupants:  
19600719-0,,Tuesday 19 July 1960,,Lockheed L-188 Electra,Trans Australia Airlines - TAA,,,, registration unknown, , ,,,,,Fatalities: 0 / Occupants: ,Fatalities: 0 / Occupants: 43,,, Minor, Repaired,"Brisbane-Eagle Farm Airport, QLD (BNE) (   Australia) 
", En route (ENR),Domestic Scheduled Passenger,"Sydney (unknown airport), NSW, Australia","Brisbane-Eagle Farm Airport, QLD, Australia",,,Fatalities: 0 / Occupants:  
19600719-1,,Tuesday 19 July 1960,,Fairchild C-119G Flying Boxcar,Belgische Luchtmacht,,,, CP-36/OT-CBP, 11083, 1952,,, 2 Wright R-3350,,Fatalities: 3 / Occupants: 3,Fatalities: 36 / Occupants: 40,,, Damaged beyond repair,,"Rushengo (   Democratic Republic of the Congo) 
", En route (ENR),Military,?,?,,,Fatalities: 39 / Occupants: 43 
19600720-0,,Wednesday 20 July 1960,12:30,Ilyushin Il-14M,"Aeroflot, Komi Civil Aviation Directorate",,,, CCCP-61696, 147001035, 1957,5505,,,,Fatalities: 4 / Occupants: 4,Fatalities: 19 / Occupants: 19,,, Destroyed, Written off (damaged beyond repair),"100 km (62.5 mls) from  Syktyvkar (   Russia) 
", En route (ENR),Domestic Scheduled Passenger,"Leningrad-Smolnoye Airport (RVH/ULSS), Russia","Syktyvkar Airport (SCW/UUYY), Russia", 613,,Fatalities: 23 / Occupants: 23 
19600721-0,,Thursday 21 July 1960,00:32,Ilyushin Il-12,Aeroflot / Ukraine,,,, CCCP-01405, 83012902, ,,,,,Fatalities: 4 / Occupants: 4,Fatalities: 3 / Occupants: 24,Fatalities: 1,, Damaged beyond repair,,"Minsk (   Belarus) 
", Takeoff (TOF),Domestic Scheduled Passenger,?,?,,,Fatalities: 7 / Occupants: 28 
19600722-0,,Friday 22 July 1960,07:40,VEB 14P,Volksarmee,,,, 400, 14803004, 1957,,,,,Fatalities: 6 / Occupants: 6,Fatalities: 0 / Occupants: 0,Fatalities: 1,, Damaged beyond repair,,"Vockerode (   Germany) 
", Unknown (UNK),Military,"Dessau Airport (EDAD), Germany","Dessau Airport (EDAD), Germany",,,Fatalities: 6 / Occupants: 6 
19600728-0,,Thursday 28 July 1960,,Douglas DC-3,Cubana de Aviación,,,, registration unknown, , ,,,,,Fatalities: 0 / Occupants: 3,Fatalities: 0 / Occupants: 11,,, None,,"Miami, FL (MIA) (   United States of America) 
", Unknown (UNK),Domestic Scheduled Passenger,?,"Camagüey-Ign Agramonte International Airport (CMW/MUCM), Cuba",,,Fatalities: 0 / Occupants: 14 
19600731-0,,Sunday 31 July 1960,10:56 UTC,Convair CV-240-4,Deutsche Flugdienst,,,, D-BELU,  78, 1948,,,,,Fatalities: 0 / Occupants: 4,Fatalities: 1 / Occupants: 30,,, Damaged beyond repair,,"1 km (0.6 mls) NW of Rimini Airport (RMI) (   Italy) 
", Approach (APR),Int'l Non Scheduled Passenger,"Frankfurt International Airport (FRA/EDDF), Germany","Rimini Airport (RMI/LIPR), Italy",,,Fatalities: 1 / Occupants: 34 
19600801-0,,Monday 1 August 1960,,Douglas C-47-DL (DC-3),Transporte Aéreo Militar - TAM,,,, TAM-09, 9030, 1943,,, 2 Pratt & Whitney R-1830-92,,Fatalities: 2 / Occupants: 2,Fatalities: 4 / Occupants: 4,,, Damaged beyond repair,,"near Tipuani (   Bolivia) 
", Unknown (UNK),Domestic Non Scheduled Passenger,"La Paz-El Alto Airport (LPB/SLLP), Bolivia","Tipuani Airport (SLTP), Bolivia",,,Fatalities: 6 / Occupants: 6 
19600815-0,,Monday 15 August 1960,,SAAB Scandia 90A-2,VASP - Viação Aérea São Paulo,,,, PP-SQS, 90.113, 1954,,, 2 Pratt & Whitney R-2180-E1,,Fatalities: 0 / Occupants: ,Fatalities: 0 / Occupants: ,,, Damaged beyond repair,,"São Paulo-Viracopos Airport, SP (VCP) (   Brazil) 
", Landing (LDG),Unknown,"São Paulo/Campinas-Viracopos International Airport, SP (VCP/SBKP), Brazil","Uberlândia Airport, MG (UDI/SBUL), Brazil",,,Fatalities: 0 / Occupants:  
19600817-0,,Wednesday 17 August 1960,15:58,Ilyushin Il-18B,"Aeroflot, Moscow Civil Aviation Directorate",,,, CCCP-75705, 189001702, 1959,407,,,117,Fatalities: 7 / Occupants: 7,Fatalities: 27 / Occupants: 27,,, Destroyed, Written off (damaged beyond repair),"near Tarasovich (   Ukraine) 
", En route (ENR),International Scheduled Passenger,"Cairo International Airport (CAI/HECA), Egypt","Moskva-Bykovo Airport (BKA/UUBB), Russia",SU036,,Fatalities: 34 / Occupants: 34 
19600820-0,,Saturday 20 August 1960,,Lockheed 18-56A Lodestar,Aerial Photography Co. Ltd.,,,, CF-CPA, 18-2177, ,,,,,Fatalities: 0 / Occupants: ,Fatalities: 0 / Occupants: ,,, Damaged beyond repair,,"near Weeks Lake, QC (   Canada) 
", En route (ENR),Unknown,?,?,,,Fatalities: 0 / Occupants: 3 
19600821-0,,Sunday 21 August 1960,,unknown,Aeroflot,,,, registration unknown, , ,,,,,Fatalities: 1 / Occupants: ,Fatalities: 0 / Occupants: ,,, Unknown,,"at an unknown location (   Russia) 
", Unknown (UNK),Unknown,?,?,,,Fatalities: 1 / Occupants:  
19600822-0,Final,Monday 22 August 1960,,de Havilland DH-106 Comet 4,British Overseas Airways Corporation - BOAC,,,, G-APDB, 6403, 1958-07-27  (2 years ),,, 4 Rolls-Royce Avon 524,,Fatalities: 0 / Occupants: 8,Fatalities: 0 / Occupants: 52,,, Substantial, Repaired,"Cairo International Airport (CAI) (   Egypt) 
", Takeoff (TOF),International Scheduled Passenger,"Cairo International Airport (CAI/HECA), Egypt",?,,,Fatalities: 0 / Occupants: 60 
19600823-0,,Tuesday 23 August 1960,,Douglas R5D-3 (DC-4),United States Navy,,,, 56518, 10744, 1945,,,,,Fatalities:  / Occupants: ,Fatalities:  / Occupants: ,,, Damaged beyond repair,,"Port Lyautey (   Morocco) 
", Unknown (UNK),Military,?,?,,,Fatalities:  / Occupants:  
19600824-0,,Wednesday 24 August 1960,,Curtiss C-46A-40-CU Commando,Paraense Transportes Aéreos,,,, PP-BTJ, 27021, 1944,,, 2 Pratt & Whitney R-2800-51,,Fatalities: 0 / Occupants: 3,Fatalities: 0 / Occupants: 0,,, Damaged beyond repair,,"Rio Jaru, RO (   Brazil) 
", Unknown (UNK),Unknown,"Porto Velho Airport, RO (PVH/SBPV), Brazil","São Paulo (unknown airport), SP, Brazil",,,Fatalities: 0 / Occupants: 3 
19600824-1,,Wednesday 24 August 1960,,Lockheed L-1049G Super Constellation,Qantas,,,, VH-EAC, 4606, 1955,,,,,Fatalities: 0 / Occupants: 12,Fatalities: 0 / Occupants: 38,,, Damaged beyond repair,,"Mauritius-Plaisance International Airport (MRU) (   Mauritius) 
", Takeoff (TOF),International Scheduled Passenger,"Mauritius-Plaisance International Airport (MRU/FIMP), Mauritius","Cocos Islands Airport (CCK/YPCC), Cocos (Keeling) Islands",,,Fatalities: 0 / Occupants: 50 
19600824-2,,Wednesday 24 August 1960,,Vickers 634 Viking 1B,Don Everall Aviation,,,, G-AMNK, 210, 1947-07-04  (13 years 2 months),,,,,Fatalities: 3 / Occupants: 3,Fatalities: 0 / Occupants: 0,,, Damaged beyond repair,,"ca 0,7 km off Heraklion-N. Kazantzakis Airport (HER) (   Greece) 
", Initial climb (ICL),Cargo,"Heraklion-N. Kazantzakis Airport (HER/LGIR), Greece","Cairo International Airport (CAI/HECA), Egypt",,,Fatalities: 3 / Occupants: 3 
19600824-3,,Wednesday 24 August 1960,,Fairchild C-82 Packet,Dirección de Aeronáutica Civil - DAC,,,, CP-665, 10198, ,,,,,Fatalities:  / Occupants: ,Fatalities:  / Occupants: ,,, Damaged beyond repair,,"El Palmar (   Bolivia) 
", En route (ENR),Ferry/positioning,?,?,,,Fatalities:  / Occupants:  
19600825-0,,Thursday 25 August 1960,,Vickers 702 Viscount,Kuwait Airways,,,, G-APOW, 72, 1955-08-06  (5 years ),,, 4 Rolls-Royce Dart 505,,Fatalities: 0 / Occupants: 4,Fatalities: 0 / Occupants: 0,,, Substantial, Repaired,"over Beirut (   Lebanon) 
", En route (ENR),Test,?,?,,,Fatalities: 0 / Occupants: 4 
19600825-1,,Thursday 25 August 1960,,Lisunov Li-2P,LOT Polskie Linie Lotnicze,,,, SP-LAL, 18424008, ,,,,,Fatalities: 1 / Occupants: ,Fatalities: 5 / Occupants: ,,, Damaged beyond repair,,"near Tczew (   Poland) 
", En route (ENR),Survey/research,?,?,,,Fatalities: 6 / Occupants:  
19600826-0,,Friday 26 August 1960,,Douglas C-47 (DC-3),Indian Air Force - IAF,,,, registration unknown, , ,,,,,Fatalities: 0 / Occupants: 9,Fatalities: 0 / Occupants: 0,,, Damaged beyond repair,,"Puri Post (   India) 
", Unknown (UNK),Military,?,?,,,Fatalities: 0 / Occupants: 9 
19600829-0,Final,Monday 29 August 1960,06:47 UTC,Lockheed L-1049G Super Constellation,Air France,,,, F-BHBC, 4622, 1955,16417,, 4 Wright R-3350 (972TC18DA13),,Fatalities: 8 / Occupants: 8,Fatalities: 55 / Occupants: 55,,, Damaged beyond repair,,"1,6 km (1 mls) off  Dakar-Yoff Airport (DKR) (   Senegal) 
", Approach (APR),International Scheduled Passenger,"Paris-Orly Airport (ORY/LFPO), France","Dakar-Yoff Airport (DKR/GOOY), Senegal",AF343,,Fatalities: 63 / Occupants: 63 
19600901-0,,Thursday 1 September 1960,,Douglas DC-4-1009,Syrian Airways,,,, YK-AAR, 43097, 1947,,,,,Fatalities: 0 / Occupants: 5,Fatalities: 0 / Occupants: 9,,, Damaged beyond repair,,"near Mpouya (   Democratic Republic of the Congo) 
", En route (ENR),Cargo,"Accra-Kotoka Airport (ACC/DGAA), Ghana","Léopoldville-N'Djili Airport (FIH/FZAA), Democratic Republic of the Congo",,,Fatalities: 0 / Occupants: 14 
19600902-0,,Friday 2 September 1960,,Ilyushin Il-14,Aeroflot / Polar,,,, CCCP-04200, 147001418, ,,,,,Fatalities: 5 / Occupants: 5,Fatalities: 13 / Occupants: 13,,, Damaged beyond repair,,"8 km (5 mls) from  Zikhnovo (   Russia) 
", En route (ENR),Domestic Non Scheduled Passenger,"Arkhangelsk-Talaghy Airport (ARH/ULAA), Russia","Cherepovets Airport (CEE/ULBC), Russia",,,Fatalities: 18 / Occupants: 18 
19600903-1,,Saturday 3 September 1960,05:54 UTC,Douglas DC-4-1009,Trek Airways,,,, ZS-CIG, 42913, 1946,,,,,Fatalities: 0 / Occupants: 6,Fatalities: 0 / Occupants: 61,,, Damaged beyond repair,,"near El Badary (   Egypt) 
", En route (ENR),Int'l Non Scheduled Passenger,"Cairo International Airport (CAI/HECA), Egypt","Entebbe Airport (EBB/HUEN), Uganda",,,Fatalities: 0 / Occupants: 67 
19600907-0,Final,Wednesday 7 September 1960,09:40,Douglas DC-6,Aerolineas Argentinas,,,, LV-ADS, 43031/127, 1948,19229,, 4 Pratt & Whitney R-2800-CB16,5314,Fatalities: 6 / Occupants: 6,Fatalities: 25 / Occupants: 25,,, Damaged beyond repair,,"12 km (7.5 mls) ENE of Salto (   Uruguay) 
", En route (ENR),International Scheduled Passenger,"Asunción-Silvio Pettirossi International Airport (ASU/SGAS), Paraguay","Buenos Aires/Ezeiza-Ministro Pistarini Airport, BA (EZE/SAEZ), Argentina",AR205,,Fatalities: 31 / Occupants: 31 
19600911-0,Final,Sunday 11 September 1960,08:30,Fairchild C-123B-13-FA Provider,United States Air Force - USAF,,,, 55-4539, 20200, ,,,,,Fatalities: 6 / Occupants: 6,Fatalities: 3 / Occupants: 3,,, Destroyed, Written off (damaged beyond repair),"W of Empire, CO (   United States of America) 
", En route (ENR),Military,"Aurora-Lowry AFB, CO, United States of America","Ogden-Hill AFB, UT (HIF/KHIF), United States of America",,,Fatalities: 9 / Occupants: 9 
19600912-0,Final,Monday 12 September 1960,,Douglas DC-3C,Indian Airlines,,,, VT-DFM, 20269, 1944,,,,,Fatalities: 0 / Occupants: ,Fatalities: 0 / Occupants: 0,,, Substantial, Repaired,"Agartala-Singerbhil Airport (IXA) (   India) 
", Landing (LDG),Cargo,?,"Agartala-Singerbhil Airport (IXA/VEAT), India",,,Fatalities: 0 / Occupants:  
19600914-1,,Wednesday 14 September 1960,08:00,Lockheed L-188A Electra,American Airlines,,,, N6127A, 1117, 1960,1573,,,,Fatalities: 0 / Occupants: 6,Fatalities: 0 / Occupants: 70,,, Damaged beyond repair,,"New York-La Guardia Airport, NY (LGA) (   United States of America) 
", Approach (APR),Domestic Scheduled Passenger,"Boston Airport, MA (BOS/KBOS), United States of America","New York-La Guardia Airport, NY (LGA/KLGA), United States of America",AA361,,Fatalities: 0 / Occupants: 76 
19600916-0,,Friday 16 September 1960,,Nord 2501 Noratlas,L'Armée de L'Air,,,, 22, 22, 1954,,, 2 Bristol Hercules 739,,Fatalities: 11 / Occupants: 11,Fatalities: 0 / Occupants: 0,,, Damaged beyond repair,,"NW of Batna (   Algeria) 
", En route (ENR),Military,?,?,,,Fatalities: 11 / Occupants: 11 
19600917-0,Final,Saturday 17 September 1960,,Vickers 802 Viscount,British European Airways - BEA,,,, G-AOJE, 154, 1957-01-10  (3 years 8 months),,, 4 Rolls-Royce Dart 510,,Fatalities: 0 / Occupants: 3,Fatalities: 0 / Occupants: 71,,, Substantial, Repaired,"Jersey-States Airport, Channel Islands (JER) (   United Kingdom) 
", Landing (LDG),Domestic Scheduled Passenger,?,"Jersey-States Airport, Channel Islands (JER/EGJJ), United Kingdom",,,Fatalities: 0 / Occupants: 74 
19600919-0,Final,Monday 19 September 1960,06:02,Douglas DC-6A/B,World Airways,,,, N90779, 44914/646, 1956,12746,, 4 Pratt & Whitney R-2800-CB17,,Fatalities: 7 / Occupants: 8,Fatalities: 73 / Occupants: 86,,, Destroyed, Written off (damaged beyond repair),"3,7 km (2.3 mls) NE of Guam-Agana NAS (NGM) (   Guam) 
", En route (ENR),Domestic Non Scheduled Passenger,"Guam-Agana NAS (NGM), Guam","Wake Island Airport (AWK/PAWK), U.S. Minor Outlying Islands", 830,,Fatalities: 80 / Occupants: 94 
19600919-2,,Monday 19 September 1960,,Fairchild C-119G Flying Boxcar,Indian Air Force - IAF,,,, IK459, 11300, ,,, 2 Wright R-3350,,Fatalities:  / Occupants: ,Fatalities:  / Occupants: ,,, Damaged beyond repair,,"near Chushul (   India) 
", Unknown (UNK),Military,?,?,,,Fatalities: 5 / Occupants: 9 
19600922-0,,Thursday 22 September 1960,,Curtiss C-46A-40-CU Commando,Paraense Transportes Aéreos,,,, PP-BTF, 26944, 1944,,, 2 Pratt & Whitney R-2800-51,,Fatalities: 4 / Occupants: 4,Fatalities: 2 / Occupants: 2,,, Damaged beyond repair,,"near Belém Airport, PA (BEL( (   Brazil) 
", Initial climb (ICL),Cargo,"Belém/Val-de-Cans International Airport, PA (BEL/SBBE), Brazil","São Luís-Tirirical Airport, MA (SLZ/SBSL), Brazil",,,Fatalities: 6 / Occupants: 6 
19600922-1,,Thursday 22 September 1960,,Douglas R5D-3 (DC-4),United States Marine Corps,,,, 56541, 22191, 1945,,,,,Fatalities: 3 / Occupants: 3,Fatalities: 26 / Occupants: 26,,, Damaged beyond repair,,"290 km (181.3 mls) SE off  Okinawa, Japan (   Pacific Ocean) 
", En route (ENR),Military,"Atsugi NAS (NJA/RJTA), Japan","Luzon Island-Cubi Point NAS (NCP), Philippines",,,Fatalities: 29 / Occupants: 29 
19600926-0,Final,Monday 26 September 1960,21:40,Vickers 837 Viscount,Austrian Airlines,,,, OE-LAF, 437, 1960,1273,, 4 Rolls-Royce Dart 525/01,872,Fatalities: 5 / Occupants: 6,Fatalities: 26 / Occupants: 31,,, Damaged beyond repair,,"11 km (6.9 mls) W of Moskva-Sheremetyevo Airport (SVO) (   Russia) 
", Approach (APR),International Scheduled Passenger,"Warszawa-Okecie Airport (WAW/EPWA), Poland","Moskva-Sheremetyevo Airport (SVO/UUEE), Russia", 901,,Fatalities: 31 / Occupants: 37 
19600926-1,,Monday 26 September 1960,,Ilyushin Il-14M,Aeroflot / Belarus,,,, CCCP-41866, 146000704, 1956,6363,,,,Fatalities: 1 / Occupants: 6,Fatalities: 0 / Occupants: 21,,, Damaged beyond repair,,"Brest Airport (   Belarus) 
", Landing (LDG),Domestic Scheduled Passenger,"Minsk-1 International Airport (MHP/UMMM), Belarus","Brest Airport (BQT/UMBB), Belarus",607,,Fatalities: 1 / Occupants: 27 
19600928-0,,Wednesday 28 September 1960,,Douglas C-53-DO (DC-3),Mexicana de Aviación,,,, XA-HUS, 7388, 1942,,,,,Fatalities: 3 / Occupants: 3,Fatalities: 5 / Occupants: 15,,, Damaged beyond repair,,"near Juchitepec (   Mexico) 
", Unknown (UNK),Domestic Scheduled Passenger,"Tapachula International Airport (TAP/MMTP), Mexico","Mexico City-Benito Juárez International Airport (MEX/MMMX), Mexico",,,Fatalities: 8 / Occupants: 18 
19600929-0,,Thursday 29 September 1960,11:15 UTC,Vickers 739B Viscount,United Arab Airlines - UAA,,,, SU-AKW, 427, 1960,,,,,Fatalities: 4 / Occupants: 4,Fatalities: 17 / Occupants: 17,,, Destroyed, Written off (damaged beyond repair),"27,5 km (17.2 mls) N off  Elba, Italy [Tyrrhenian Sea] (   Mediterranean Sea) 
", En route (ENR),International Scheduled Passenger,"Genève-Cointrin Airport (GVA/LSGG), Switzerland","Roma-Fiumicino Airport (FCO/LIRF), Italy", 738,,Fatalities: 21 / Occupants: 21 
19600929-1,,Thursday 29 September 1960,,Douglas AC-47D (DC-3),United States Air Force - USAF,,,, 43-49705, 26966/15521, 1945,,,,,Fatalities: 0 / Occupants: ,Fatalities: 0 / Occupants: ,,, Damaged beyond repair,,"San Antonio-Randolph AFB, TX (RND) (   United States of America) 
", Unknown (UNK),Military,?,?,,,Fatalities: 0 / Occupants:  
19600930-0,,Friday 30 September 1960,,de Havilland Canada U-1A Otter (DHC-3),United States Army,,,, 58-1693, 304, ,,,,,Fatalities: 2 / Occupants: 2,Fatalities: 4 / Occupants: 4,,, Damaged beyond repair,,"Orinda, CA (   United States of America) 
", En route (ENR),Military,"Monterey-Fort Ord AFB, CA, United States of America","San Francisco/Presidio-Crissy Field, CA, United States of America",,,Fatalities: 6 / Occupants: 6 
19601001-0,Final,Saturday 1 October 1960,,Martin 4-0-4,Eastern Air Lines,,,, N466A, 14157, ,,,,,Fatalities: 0 / Occupants: 3,Fatalities: 0 / Occupants: 24,,Fatalities: 1, Substantial, Repaired,"Orlando-Municipal Airport, FL (ORL) (   United States of America) 
", Approach (APR),Domestic Scheduled Passenger,"Jacksonville-Thomas Cole Imeson Municipal Airport, FL, United States of America","Orlando-Municipal Airport, FL (ORL/KORL), United States of America",,,Fatalities: 0 / Occupants: 27 
19601004-0,Final,Tuesday 4 October 1960,17:40,Lockheed L-188A Electra,Eastern Air Lines,,,, N5533, 1062, 1959,,, 4 Allison 501-D13,,Fatalities: 3 / Occupants: 5,Fatalities: 59 / Occupants: 67,,, Damaged beyond repair,,"ca 1 km E off Boston-Logan International Airport, MA (BOS) (   United States of America) 
", Initial climb (ICL),Domestic Scheduled Passenger,"Boston-Logan International Airport, MA (BOS/KBOS), United States of America","Philadelphia International Airport, PA (PHL/KPHL), United States of America",EA375,,Fatalities: 62 / Occupants: 72 
19601004-1,,Tuesday 4 October 1960,,Curtiss C-46F-1-CU Commando,Capitol Airways,,,, N4719N, 22560, 1945,,,,,Fatalities: 0 / Occupants: 2,Fatalities: 0 / Occupants: 0,,Fatalities: 2, Minor, Repaired,"Sacramento, CA (   United States of America) 
", Approach (APR),Cargo,?,"Sacramento-McClellan AFB, CA (MCC/KMCC), United States of America",,,Fatalities: 0 / Occupants: 2 
19601008-0,,Saturday 8 October 1960,,Lisunov Li-2,Tarom,,,, YR-TAX, 18423803, ,,,,,Fatalities:  / Occupants: ,Fatalities:  / Occupants: ,,, Damaged beyond repair,,"Mironeasa-Iassy (   Romania) 
", Unknown (UNK),Unknown,?,?,,,Fatalities:  / Occupants:  
19601009-0,,Sunday 9 October 1960,12:47 UTC,Handley Page HP.81 Hermes IV,Falcon Airways,,,, G-ALDC, HP.81/4, 1949,17183,,,,Fatalities: 0 / Occupants: 5,Fatalities: 0 / Occupants: 71,,, Damaged beyond repair,,"Southend Municipal Airport (SEN) (   United Kingdom) 
", Landing (LDG),Int'l Non Scheduled Passenger,"Barcelona-El Prat Airport (BCN/LEBL), Spain","Southend Municipal Airport (SEN/EGMC), United Kingdom",,,Fatalities: 0 / Occupants: 76 
19601011-0,,Tuesday 11 October 1960,,Blackburn Beverley C.1,Royal Air Force - RAF,,,, XL151, 1037, 1957-09-11  (3 years 1 months),,, 4 Bristol Centaurus 173,,Fatalities: 7 / Occupants: 7,Fatalities: 0 / Occupants: 0,,, Damaged beyond repair,,"near Aden (   Yemen) 
", Unknown (UNK),Military,?,?,,,Fatalities: 7 / Occupants: 7 
19601014-0,,Friday 14 October 1960,,de Havilland DH-114 Heron 2,Itavia,,,, I-AOMU, 14090, 1955,,,,,Fatalities: 4 / Occupants: 4,Fatalities: 7 / Occupants: 7,,, Damaged beyond repair,,"Mt Capanne (   Italy) 
", En route (ENR),Domestic Scheduled Passenger,"Roma-Ciampino Airport (CIA/LIRA), Italy","Genoa-Cristoforo Colombo Airport (GOA/LIMJ), Italy",,,Fatalities: 11 / Occupants: 11 
19601015-0,,Saturday 15 October 1960,,Curtiss C-46F-1-CU Commando,Capitol Airways,,,, N1300N, 22481, 1945,,,,,Fatalities: 2 / Occupants: 2,Fatalities: 0 / Occupants: 0,,, Damaged beyond repair,,"Plain City, UT (   United States of America) 
", Approach (APR),Cargo,"Rapid City Regional Airport, SD (RAP/KRAP), United States of America","Ogden-Hill AFB, UT (HIF/KHIF), United States of America",,,Fatalities: 2 / Occupants: 2 
19601020-0,,Thursday 20 October 1960,21:14,Tupolev Tu-104A,"Aeroflot, Far East Civil Aviation Directorate",,,, CCCP-42452, 96601701, 1959,,, 2 Mikulin AM-3M,,Fatalities: 3 / Occupants: 7,Fatalities: 0 / Occupants: 61,,, Destroyed, Written off (damaged beyond repair),"near Ust-Orda (   Russia) 
", Approach (APR),Domestic Scheduled Passenger,"Omsk Airport (OMS/UNOO), Russia","Irkutsk Airport (IKT/UIII), Russia",  05,,Fatalities: 3 / Occupants: 68 
19601022-0,,Saturday 22 October 1960,,Douglas C-47B-30-DK (DC-3),Royal Australian Air Force - RAAF,,,, A65-92, 32887/16139, 1945,,, 2 Pratt & Whitney R-1830-90C,,Fatalities: 0 / Occupants: 8,Fatalities: 0 / Occupants: 0,,, Damaged beyond repair,,"Wau Airport (WUG) (   Papua New Guinea) 
", Landing (LDG),Military,?,"Wau Airport (WUG/AYWU), Papua New Guinea",,,Fatalities: 0 / Occupants: 8 
19601028-0,,Friday 28 October 1960,11:39,Douglas C-54A-10-DC (DC-4),Northwest Orient Airlines,,,, N48762, 10320, 1944,,,,,Fatalities: 4 / Occupants: 4,Fatalities: 8 / Occupants: 8,,, Damaged beyond repair,,"32 km (20 mls) W of Missoula, MT (   United States of America) 
", En route (ENR),Domestic Scheduled Passenger,"Spokane International Airport, WA (GEG/KGEG), United States of America","Missoula Airport, MT (MSO/KMSO), United States of America", 104,,Fatalities: 12 / Occupants: 12 
19601029-0,,Saturday 29 October 1960,,Douglas DC-3,Cubana de Aviación,,,, registration unknown, , ,,,,,Fatalities: 0 / Occupants: 3,Fatalities: 1 / Occupants: 34,,, Minor,,"Key West International Airport, FL (EYW) (   United States of America) 
", En route (ENR),Domestic Scheduled Passenger,"Havana-José Martí International Airport (HAV/MUHA), Cuba","Nueva Gerona Airport (GER/MUNG), Cuba",CU905,,Fatalities: 1 / Occupants: 37 
19601029-1,,Saturday 29 October 1960,22:02,Curtiss C-46F-1-CU Commando,Arctic Pacific,,,, N1244N, 22458, 1945,,,,,Fatalities: 2 / Occupants: 3,Fatalities: 20 / Occupants: 45,,, Damaged beyond repair,,"Toledo-Express Airport, OH (TOL) (   United States of America) 
", Initial climb (ICL),Domestic Non Scheduled Passenger,"Toledo-Express Airport, OH (TOL/KTOL), United States of America","Kansas City Downtown Municipal Airport, MO (MKC/KMKC), United States of America",,,Fatalities: 22 / Occupants: 48 
19601029-2,,Saturday 29 October 1960,,Boeing 707-344,South African Airways - SAA,,,, ZS-CKC, 17928/134, 1960-05-25  (5 months),,,,,Fatalities: 0 / Occupants: 13,Fatalities: 0 / Occupants: 78,,, Substantial, Repaired,"Nairobi-Embakasi Airport (NBO) (   Kenya) 
", Approach (APR),International Scheduled Passenger,"Johannesburg-Jan Smuts Airport (JNB/FAJS), South Africa","Nairobi-Embakasi Airport (NBO/HKNA), Kenya",SA218,,Fatalities: 0 / Occupants: 91 
19601030-0,,Sunday 30 October 1960,21:58,Ilyushin Il-14P,"Aeroflot, Privolzhsk Civil Aviation Directorate",,,, CCCP-52025, 704114, 1957,4382,,,,Fatalities: 5 / Occupants: 5,Fatalities: 0 / Occupants: 0,,, Damaged beyond repair,,"2 km (1.3 mls) SE of Penza Airport (PEZ) (   Russia) 
", Initial climb (ICL),Cargo,"Penza Airport (PEZ/UWPP), Russia","Saratov Airport (RTW/UWSS), Russia", 534,,Fatalities: 5 / Occupants: 5 
19601031-0,,Monday 31 October 1960,,Lockheed WV-2 Super Constellation,United States Navy,,,, 126513, 4302, 1955,,,,,Fatalities: 0 / Occupants: ,Fatalities: 0 / Occupants: ,,, Damaged beyond repair,,"McMurdo Sound (   Antarctica) 
", Landing (LDG),Military,?,"McMurdo Station-Williams Field (NZWD), Antarctica",,,Fatalities: 0 / Occupants: 23 
19601099-0,,xx OCT 1960,,Consolidated PBY-5A Catalina,Réseau Aérien Interinsulaire - RAI,,,, F-OAYD, 1689, ,,,,,Fatalities: 0 / Occupants: ,Fatalities: 0 / Occupants: ,,, Damaged beyond repair,,"Uturoa Harbour, Raiatea (   French Polynesia) 
", Landing (LDG),Unknown,?,?,,,Fatalities: 0 / Occupants:  
19601105-0,,Saturday 5 November 1960,,Douglas C-47A-80-DL (DC-3),Royal Nepal Airlines,,,, 9N-AAD, 19792, 1944,,, 2 Pratt & Whitney R-1830-92,,Fatalities: 4 / Occupants: 4,Fatalities: 0 / Occupants: 0,,, Damaged beyond repair,,"Bhairawa Airport (BWA) (   Nepal) 
", Takeoff (TOF),Unknown,"Bhairawa Airport (BWA/VNBW), Nepal",?,,,Fatalities: 4 / Occupants: 4 
19601107-0,,Monday 7 November 1960,,Fairchild F-27A,AREA Ecuador,,,, HC-ADV,   1, 1958,,,,,Fatalities: 3 / Occupants: 3,Fatalities: 34 / Occupants: 34,,, Damaged beyond repair,,"16 km (10 mls) S of Quito (   Ecuador) 
", Approach (APR),Domestic Scheduled Passenger,"Guayaquil-Simon Bolivar Airport (GYE/SEGU), Ecuador","Quito-Mariscal Sucre Airport (UIO/SEQU), Ecuador",,,Fatalities: 37 / Occupants: 37 
19601108-0,,Tuesday 8 November 1960,,Curtiss C-46A-55-CK Commando,Lineas Aéreas Costarricenses - LACSA,,,, TI-1024C,   268, 1945,,, 2 Pratt & Whitney R-2800-51,,Fatalities: 0 / Occupants: ,Fatalities: 0 / Occupants: ,,, Damaged beyond repair,,"Palmar Sur Airport (PMZ) (   Costa Rica) 
", Landing (LDG),Unknown,?,"Palmar Sur Airport (PMZ/MRPM), Costa Rica",,,Fatalities: 0 / Occupants:  
19601108-1,,Tuesday 8 November 1960,,Lockheed L-1049G Super Constellation,,Iberia,,Trans World Airlines - TWA, N7125C, 4652, 1956,14413,,,,Fatalities: 0 / Occupants: 8,Fatalities: 0 / Occupants: 63,,, Damaged beyond repair,,"Barcelona Airport (BCN) (   Spain) 
", Landing (LDG),Domestic Scheduled Passenger,"Madrid-Barajas Airport (MAD/LEMD), Spain","Barcelona-El Prat Airport (BCN/LEBL), Spain",,,Fatalities: 0 / Occupants: 71 
19601111-0,,Friday 11 November 1960,,Bristol 175 Britannia 102,British Overseas Airways Corporation - BOAC,,,, G-ANBC, 12904, 1955,,,,,Fatalities: 0 / Occupants: 9,Fatalities: 0 / Occupants: 18,,, Damaged beyond repair,,"Khartoum-Civil Airport (KRT) (   Sudan) 
", Landing (LDG),International Scheduled Passenger,?,"Khartoum-Civil Airport (KRT/HSSS), Sudan",,,Fatalities: 0 / Occupants: 27 
19601111-1,,Friday 11 November 1960,23:30,Lisunov Li-2,"Aeroflot, Magadan Civil Aviation Directorate",,,, CCCP-84748, 18430109, 1948,,,,,Fatalities: 5 / Occupants: 5,Fatalities: 0 / Occupants: 1,,, Damaged beyond repair,,"Zyryanka Airport (   Russia) 
", Takeoff (TOF),Cargo,"Zyryanka Airport (UESU), Russia","Nizhniye Kresty Airport (CYX/UESS), Russia",213,,Fatalities: 5 / Occupants: 6 
19601115-0,,Tuesday 15 November 1960,,Grumman UF-1 Albatross,United States Navy,,,, registration unknown, , ,,,,,Fatalities: 3 / Occupants: 3,Fatalities: 3 / Occupants: 3,,, Damaged beyond repair,,"36 km (22.5 mls) SE of Luzon Island-Cubi Point NAS (NCP) (   Philippines) 
", Approach (APR),Military,"Manila-Nichols Air Base (MNL/RPLL), Philippines","Luzon Island-Cubi Point NAS (NCP/RPMB), Philippines",,,Fatalities: 6 / Occupants: 6 
19601117-1,Final,Thursday 17 November 1960,,Douglas DC-6,United Airlines,,,, N37523, 43012, 1947,,,,,Fatalities: 0 / Occupants: 4,Fatalities: 0 / Occupants: 15,,, Substantial, Repaired,"Denver-Stapleton International Airport, CO (DEN) (   United States of America) 
", Approach (APR),Domestic Scheduled Passenger,"Salt Lake City Municipal Airport, UT (SLC/KSLC), United States of America","Denver-Stapleton International Airport, CO (DEN/KDEN), United States of America",,,Fatalities: 0 / Occupants: 19 
19601118-0,,Friday 18 November 1960,,Boeing KC-135A Stratotanker,United States Air Force - USAF,,,, 56-3605, 17354/44, 1958-01-09  (2 years 10 months),,, 4 Pratt & Whitney J57-P,,Fatalities:  / Occupants: ,Fatalities:  / Occupants: ,,, Damaged beyond repair,,"Limestone-Loring AFB, ME (LIZ) (   United States of America) 
", Landing (LDG),Military,?,"Limestone-Loring AFB, ME (LIZ), United States of America",,,Fatalities: 1 / Occupants: 17 
19601121-0,,Monday 21 November 1960,,Douglas C-47B-30-DK (DC-3),Bahamas Airways,,,, VP-BBN, 33159/16411, 1945,,, 2 Pratt & Whitney R-1830-90C,,Fatalities: 0 / Occupants: ,Fatalities: 0 / Occupants: ,,, Damaged beyond repair,,"Nassau-Oakes Field (   Bahamas) 
", Landing (LDG),Unknown,"Nassau-Oakes Field, Bahamas",?,,,Fatalities: 0 / Occupants:  
19601123-0,,Wednesday 23 November 1960,ca 18:45,Douglas DC-3C,Philippine Air Lines,,,, PI-C133, 13397, 1944,17996,,,,Fatalities: 4 / Occupants: 4,Fatalities: 29 / Occupants: 29,,, Destroyed, Written off (damaged beyond repair),"Mount Baco (   Philippines) 
", En route (ENR),Domestic Scheduled Passenger,"Iloilo-Mandurriao Airport (ILO/RPVI), Philippines","Manila International Airport (MNL/RPLL), Philippines", S26,,Fatalities: 33 / Occupants: 33 
19601125-0,,Friday 25 November 1960,14:35,Ilyushin Il-14FK,"Aeroflot, Northern Civil Aviation Directorate",,,, CCCP-91610, 148001943, 1958,1709,,,,Fatalities: 7 / Occupants: 7,Fatalities: 2 / Occupants: 2,,, Destroyed, Written off (damaged beyond repair),"near Leningrad-Shosseynaya Airport (LED) (   Russia) 
", En route (ENR),Training,"Leningrad-Shosseynaya Airport (LED/ULLI), Russia","Leningrad-Shosseynaya Airport (LED/ULLI), Russia",,,Fatalities: 9 / Occupants: 9 
19601126-0,,Saturday 26 November 1960,,Fairchild C-82A-FA Packet,Aerovías Cóndor S.A.,,,, CP-678, 10128, ,,,,,Fatalities:  / Occupants: ,Fatalities:  / Occupants: ,,, Damaged beyond repair,,"Santa Cruz-El Trompillo Airport (SRZ) (   Bolivia) 
", Takeoff (TOF),Unknown,"Santa Cruz-El Trompillo Airport (SRZ/SLET), Bolivia",?,,,Fatalities: 7 / Occupants:  
19601126-1,,Saturday 26 November 1960,,Curtiss C-46F-1-CU Commando,Air America,,,, B-130, 22379, 1945,,,,,Fatalities: 2 / Occupants: 3,Fatalities: 0 / Occupants: 0,,, Damaged beyond repair,,"near Plain of Jars (   Laos) 
", Unknown (UNK),Unknown,?,?,,,Fatalities: 2 / Occupants: 3 
19601204-0,,Sunday 4 December 1960,,Ilyushin Il-14M,"Aeroflot, Komi Civil Aviation Directorate",,,, CCCP-52091, 7342905, ,,,,,Fatalities: 5 / Occupants: 5,Fatalities: 9 / Occupants: 9,,, Damaged beyond repair,,"near Chernovo (   Russia) 
", En route (ENR),Domestic Scheduled Passenger,"Syktyvkar Airport (SCW/UUYY), Russia","Moskva (unknown airport), Russia",,,Fatalities: 14 / Occupants: 14 
19601207-0,,Wednesday 7 December 1960,,Curtiss C-46A-60-CK Commando,REAL Transportes Aéreos,,,, PP-AKF,   295, 1945,,, 2 Pratt & Whitney R-2800-51,,Fatalities: 2 / Occupants: 2,Fatalities: 13 / Occupants: 13,,, Damaged beyond repair,,"Cachimbo, PA (   Brazil) 
", En route (ENR),Domestic Non Scheduled Passenger,"Cuiabá-Marechal Rondon International Airport, MT (CGB/SBCY), Brazil","Manaus/Ponta Pelada Airport, AM (PLL/SBMN), Brazil",,,Fatalities: 15 / Occupants: 15 
19601208-0,,Thursday 8 December 1960,,unknown,Cubana de Aviación,,,, registration unknown, , ,,,,,Fatalities:  / Occupants: ,Fatalities:  / Occupants: ,,, Unknown,,"near Cienfuegos (   Cuba) 
", En route (ENR),Domestic Scheduled Passenger,"Cienfuegos Airport (CFG/MUCF), Cuba","Havana-José Martí International Airport (HAV/MUHA), Cuba",,,Fatalities: 1 / Occupants: 17 
19601210-0,,Saturday 10 December 1960,09:36,Antonov An-2T,"Aeroflot, Kazakstan Civil Aviation Directorate",,,, CCCP-33181, 114547317, 1960,149,,,,Fatalities: 2 / Occupants: 2,Fatalities: 10 / Occupants: 10,,, Damaged beyond repair,,"15 km (9.4 mls) SE of Repinka (   Kazakhstan) 
", En route (ENR),Domestic Scheduled Passenger,"Semipalatinsk Airport (PLX/UASS), Kazakhstan",?,,,Fatalities: 12 / Occupants: 12 
19601211-1,,Sunday 11 December 1960,14:10,Douglas C-54G-5-DO (DC-4),Força Aérea Brasileira - FAB,,,, 2401, 36025, 1945,,,,,Fatalities: 0 / Occupants: 9,Fatalities: 0 / Occupants: 0,,, Damaged beyond repair,,"Lisboa Airport (LIS) (   Portugal) 
", Landing (LDG),Military,"Roma-Ciampino Airport (CIA/LIRA), Italy","Lisboa-Portela de Sacavém Airport (LIS/LPPT), Portugal",,,Fatalities: 0 / Occupants: 9 
19601211-2,,Sunday 11 December 1960,19:50,Avro 691 Lancastrian C.4,Fuerza Aérea Argentina - FAA,,,, T-102, 1464, ,,,,,Fatalities: 8 / Occupants: 8,Fatalities: 23 / Occupants: 23,,, Damaged beyond repair,,"8 km (5 mls) from  San Andrés de Giles, BA (   Argentina) 
", Approach (APR),Military,"Antofagasta-Cerro Moreno Airport (ANF/SCFA), Chile","El Palomar Airport, BA (EPA/SADP), Argentina",,,Fatalities: 31 / Occupants: 31 
