Identifiant:,Status:,Date:,Time:,Type:,Operator:,Operating for:,On behalf of:,Leased from:,Registration:,C/n / msn:,First flight:,Total airframe hrs:,Year built:,Engines:,Cycles:,Crew:,Passengers:,Ground casualties:,Collision casualties:,Aircraft damage:,Aircraft fate:,Location:,Phase:,Nature:,Departure airport:,Destination airport:,Flightnumber:,Probable cause:,Total:
20130706-0,Final,Saturday 6 July 2013,11:28,Boeing 777-28EER,Asiana Airlines,,,, HL7742, 29171/553, 2006-02-25  (7 years 4 months),37120,, 2 Pratt & Whitney PW4090,5388,Fatalities: 0 / Occupants: 16,Fatalities: 3 / Occupants: 291,,, Destroyed, Written off (damaged beyond repair),"San Francisco International Airport, CA (SFO) (   United States of America) 
", Landing (LDG),International Scheduled Passenger,"Seoul-Incheon International Airport (ICN/RKSI), South Korea","San Francisco International Airport, CA (SFO/KSFO), United States of America",OZ214,,Fatalities: 3 / Occupants: 307 
20130707-0,Final,Sunday 7 July 2013,11:20,de Havilland Canada DHC-3T Texas Turbine Otter,Rediske Air,,,, N93PC, 280, 1958,,, 1 Garrett TPE331-10R-511C,,Fatalities: 1 / Occupants: 1,Fatalities: 9 / Occupants: 9,,, Destroyed, Written off (damaged beyond repair),"Soldotna Airport, AK (SXQ) (   United States of America) 
", Takeoff (TOF),Domestic Non Scheduled Passenger,"Soldotna Airport, AK (SXQ/PASX), United States of America","Bear Mountain Lodge Airstrip, AK, United States of America",,,Fatalities: 10 / Occupants: 10 
20130712-0,Final,Friday 12 July 2013,16:34,Boeing 787-8 Dreamliner,Ethiopian Airlines,,,, ET-AOP, 34744/44, 2012-10-22  (9 months),1865,, 2 General Electric GEnx-1B,357,Fatalities: 0 / Occupants: 0,Fatalities: 0 / Occupants: 0,,, Substantial, Repaired,"London-Heathrow Airport (LHR) (   United Kingdom) 
", Standing (STD),-,-,-,,,Fatalities: 0 / Occupants: 0 
20130715-0,Preliminary,Monday 15 July 2013,ca 08:00,Cessna 208B Grand Caravan,Air Services Limited - ASL,,,, 8R-AMS, , ,,, 1 Pratt & Whitney Canada PT6A-114A,,Fatalities: 0 / Occupants: 1,Fatalities: 0 / Occupants: 12,,, Substantial,,"near Matthews Ridge Airport (MWJ) (   Guyana) 
", Approach (APR),Domestic Scheduled Passenger,"Georgetown-Cheddi Jagan International Airport (GEO/SYCJ), Guyana","Matthews Ridge Airport (MWJ/SYMR), Guyana",,,Fatalities: 0 / Occupants: 13 
20130715-1,Preliminary,Monday 15 July 2013,08:00,Antonov An-2R,Astana Flown Spur,,,, UP-A0126, 1G155-58, 1974,,,,,Fatalities: 0 / Occupants: 2,Fatalities: 0 / Occupants: 0,,, Substantial, Repaired,"Shieli district, Kyzylorda region (   Kazakhstan) 
", Maneuvering (MNV),Agricultural,?,?,,,Fatalities: 0 / Occupants: 2 
20130717-0,Final,Wednesday 17 July 2013,ca 08:00,Cessna 208B Grand Caravan,Air Choice One,,,, N732MD, 208B1083, 2004,10473,, 1 Pratt & Whitney Canada PT6A-114A,,Fatalities: 0 / Occupants: 2,Fatalities: 0 / Occupants: 9,,, Substantial, Repaired,"Chicago-O'Hare International Airport, IL (ORD) (   United States of America) 
", Standing (STD),Domestic Non Scheduled Passenger,"Chicago-O'Hare International Airport, IL (ORD/KORD), United States of America","Burlington Airport, IA (BRL/KBRL), United States of America",,,Fatalities: 0 / Occupants: 11 
20130719-0,Preliminary,Friday 19 July 2013,12:34,IRMA/Britten-Norman BN-2A-21 Islander,My Flight Corp,,,, HP-1338MF, 818, 1977-03-18  (36 years 4 months),,,,,Fatalities: 0 / Occupants: 1,Fatalities: 0 / Occupants: 7,,, Substantial,,"Isla Perico, Panama City (   Panama) 
", En route (ENR),Domestic Non Scheduled Passenger,"Isla del Rey-Punya Coco Airstrip, Panama","Panama City Albrook-Marcos A. Gelabert International Airport (BLB/MPLB), Panama",,,Fatalities: 0 / Occupants: 8 
20130721-0,Final,Sunday 21 July 2013,05:23,Sukhoi Superjet 100-95,Sukhoi Civil Aircraft,,,, 97005, 95005, 2010-02-04  (3 years 6 months),1150,, 2 PowerJet SaM146,978,Fatalities: 0 / Occupants: 5,Fatalities: 0 / Occupants: 0,,, Substantial, Repaired,"Keflavík International Airport (KEF) (   Iceland) 
", Landing (LDG),Test,"Keflavík International Airport (KEF/BIKF), Iceland","Keflavík International Airport (KEF/BIKF), Iceland",,,Fatalities: 0 / Occupants: 5 
20130721-1,Final,Sunday 21 July 2013,06:35,Antonov An-2R,Albatross Avia,,,, UR-ART, 1G234-55, 1989,,,,,Fatalities: 0 / Occupants: 2,Fatalities: 0 / Occupants: 0,,, Substantial,,"Pyatikhatki, Krasnoperekopsky region (   Ukraine) 
", Maneuvering (MNV),Agricultural,?,?,,,Fatalities: 0 / Occupants: 2 
20130722-0,Final,Monday 22 July 2013,17:45,Boeing 737-7H4 (WL),Southwest Airlines,,,, N753SW, 29848/400, 1999-10-06  (13 years 10 months),49536,, 2 CFMI CFM56-7B22,,Fatalities: 0 / Occupants: 5,Fatalities: 0 / Occupants: 145,,, Substantial, Written off (damaged beyond repair),"New York-La Guardia Airport, NY (LGA) (   United States of America) 
", Landing (LDG),Domestic Scheduled Passenger,"Nashville International Airport, TN (BNA/KBNA), United States of America","New York-La Guardia Airport, NY (LGA/KLGA), United States of America",WN345,,Fatalities: 0 / Occupants: 150 
20130725-0,,Thursday 25 July 2013,,Canadair CL-600-2A12 Challenger 601,Blue Water Aviation Inc.,,,, N163WG, 3057, 1986,,,,,Fatalities: 0 / Occupants: ,Fatalities: 0 / Occupants: ,,, Substantial, Written off (damaged beyond repair),"unknown (   United States of America) 
", Unknown (UNK),Unknown,?,?,,,Fatalities: 0 / Occupants:  
20130728-0,Preliminary,Sunday 28 July 2013,,Antonov An-2,private,,,, FLA-3618K, , ,,,,,Fatalities: 0 / Occupants: 1,Fatalities: 0 / Occupants: 0,,, Damaged beyond repair,,"0,5 km (0.3 mls) from  Shakhty Airport (   Russia) 
", Initial climb (ICL),Illegal Flight,"Shakhty Airport, Russia","Shakhty Airport, Russia",,,Fatalities: 0 / Occupants: 1 
20130729-0,,Monday 29 July 2013,08:05,Saab 340B,Air Urga,,United Nations - UN,, UR-ARO, 340B-276, 1991-11-06  (21 years 9 months),,,,,Fatalities: 0 / Occupants: ,Fatalities: 0 / Occupants: ,,, Substantial,,"Lubumbashi International Airport (FBM) (   Democratic Republic of the Congo) 
", Takeoff (TOF),Domestic Non Scheduled Passenger,"Lubumbashi International Airport (FBM/FZQA), Democratic Republic of the Congo","Kalemie Airport (FMI/FZRF), Democratic Republic of the Congo",UNO805,,Fatalities: 0 / Occupants: 21 
20130805-0,Final,Monday 5 August 2013,13:29,Beechcraft B200 Super King Air,Mýflug Air,,,, TF-MYX, BB-1136, 1983,15247,, 2 Pratt & Whitney Canada PT6A-42,18574,Fatalities: 1 / Occupants: 2,Fatalities: 1 / Occupants: 1,,, Destroyed, Written off (damaged beyond repair),"4,4 km (2.8 mls) NW of Akureyri Airport (AEY) (   Iceland) 
", Approach (APR),Ferry/positioning,"Reykjavík Domestic Airport (RKV/BIRK), Iceland","Akureyri Airport (AEY/BIAR), Iceland",,,Fatalities: 2 / Occupants: 3 
20130805-1,Final,Monday 5 August 2013,08:48,Embraer EMB-505 Phenom 300,Flight Options,,,, N327FL, 50500094, 2012,,, 2 Pratt & Whitney Canada PW535E,,Fatalities: 0 / Occupants: 2,Fatalities: 0 / Occupants: 0,,, Substantial, Repaired,"Minneapolis-Flying Cloud Airport, MN (FCM) (   United States of America) 
", Landing (LDG),Ferry/positioning,"Grand Junction-Walker Field, CO (GJT/KGJT), United States of America","Minneapolis-Flying Cloud Airport, MN (FCM/KFCM), United States of America",,,Fatalities: 0 / Occupants: 2 
20130806-0,Preliminary,Tuesday 6 August 2013,,Shijiazhuang Y-5B,Jingmen General Aviation Co.,,,, B-8473, 0101, 1989,,,,,Fatalities: 1 / Occupants: 3,Fatalities: 0 / Occupants: 0,,, Damaged beyond repair,,"Danfeng County (   China) 
", Unknown (UNK),Agricultural,?,?,,,Fatalities: 1 / Occupants: 3 
20130806-1,Preliminary,Tuesday 6 August 2013,,Fokker 50,Mid Airlines,,,, ST-ARG, 20130, 1988-08-23  (25 years),,, 2 Pratt & Whitney Canada PW125B,,Fatalities: 0 / Occupants: 5,Fatalities: 0 / Occupants: 50,,, Substantial, Repaired,"Khartoum-Civil Airport (KRT) (   Sudan) 
", Taxi (TXI),Domestic Scheduled Passenger,"Khartoum-Civil Airport (KRT/HSSS), Sudan","El Obeid Airport (EBD/HSOB), Sudan", 405,,Fatalities: 0 / Occupants: 55 
20130809-0,Final,Friday 9 August 2013,02:06,Antonov An-12BK,Ukraine Air Alliance,,,, UR-CAG, 9346904, 1969,11219,, 4 Ivchenko AI-20M,5410,Fatalities: 0 / Occupants: 7,Fatalities: 0 / Occupants: 0,,, Destroyed, Written off (damaged beyond repair),"Leipzig Airport (LEJ) (   Germany) 
", Standing (STD),Cargo,"Leipzig Airport (LEJ/EDDP), Germany","Mineralnye Vody Airport (MRV/URMM), Russia",,,Fatalities: 0 / Occupants: 7 
20130809-1,,Friday 9 August 2013,ca 08:00,Antonov An-12B,Ethiopian Air Force,,,, 1513, 4342009, 1964,,,,,Fatalities: 4 / Occupants: 6,Fatalities: 0 / Occupants: 0,,, Damaged beyond repair,,"Mogadishu International Airport (MGQ) (   Somalia) 
", Landing (LDG),Military,"Dire Dawa-Aba Tenna D Yilma Airport (DIR/HADR), Ethiopia","Mogadishu International Airport (MGQ/HCMM), Somalia",,,Fatalities: 4 / Occupants: 6 
20130810-0,Preliminary - official,Saturday 10 August 2013,18:10,Antonov An-2T,Air Tempelhof,,,, D-FWJC, 1G86-50, 1968,,, 1 Shvetsov ASh-62IR,,Fatalities: 0 / Occupants: 1,Fatalities: 0 / Occupants: 11,,, Substantial, Written off (damaged beyond repair),"Bienenfarm Airport (   Germany) 
", Takeoff (TOF),Domestic Non Scheduled Passenger,"Bienenfarm Airfield (EDOI), Germany","Heringsdorf Airport (HDF/EDAH), Germany",,,Fatalities: 0 / Occupants: 12 
20130810-1,Final,Saturday 10 August 2013,09:33,Airbus A320-232,Jetstar Airways,,,, VH-VGR, 4257, 2010-03-25  (3 years 5 months),,, 2 IAE V2527-A5,,Fatalities: 0 / Occupants: ,Fatalities: 0 / Occupants: ,,, Substantial, Repaired,"Melbourne-Tullamarine Airport, VIC (MEL) (   Australia) 
", Standing (STD),Domestic Scheduled Passenger,"Sydney-Kingsford Smith International Airport, NSW (SYD/YSSY), Australia","Melbourne-Tullamarine Airport, VIC (MEL/YMML), Australia",,,Fatalities: 0 / Occupants:  
20130810-2,Final,Saturday 10 August 2013,09:33,Boeing 737-8FE (WL),Virgin Australia Airlines,,,, VH-YID, 38709/3851, 2011-11-11  (1 year 9 months),,, 2 CFMI CFM56-7B26E,,Fatalities: 0 / Occupants: 6,Fatalities: 0 / Occupants: 168,,, Substantial, Repaired,"Melbourne-Tullamarine Airport, VIC (MEL) (   Australia) 
", Pushback / towing (PBT),Domestic Scheduled Passenger,"Melbourne-Tullamarine Airport, VIC (MEL/YMML), Australia","Sunshine Coast Airport, QLD (MCY/YBSU), Australia",,,Fatalities: 0 / Occupants: 174 
20130814-0,Final,Wednesday 14 August 2013,04:47,Airbus A300F4-622R,United Parcel Service - UPS,,,, N155UP, 841, 2003-11-03  (9 years 10 months),,, 2 Pratt & Whitney PW4158,,Fatalities: 2 / Occupants: 2,Fatalities: 0 / Occupants: 0,,, Destroyed, Written off (damaged beyond repair),"1 km (0.6 mls) N of Birmingham-Shuttlesworth International Airport, AL (BHM) (   United States of America) 
", Approach (APR),Cargo,"Louisville International Airport, KY (SDF/KSDF), United States of America","Birmingham-Shuttlesworth International Airport, AL (BHM/KBHM), United States of America",1354,,Fatalities: 2 / Occupants: 2 
20130816-0,Final,Friday 16 August 2013,12:48,Antonov An-2TP,Polyarnye Avialinii,,,, RA-01419, 1G230-59, 1988,7587,, 1 Shvetsov ASh-62IR,10148,Fatalities: 0 / Occupants: 2,Fatalities: 0 / Occupants: 9,,, Destroyed, Written off (damaged beyond repair),"26 km (16.3 mls) NW of Vilyuisk (   Russia) 
", En route (ENR),Domestic Scheduled Passenger,"Vilyuisk Airport (UENW), Russia","Ugulet Airport (UEYL), Russia",9977,,Fatalities: 0 / Occupants: 11 
20130819-0,Final,Monday 19 August 2013,17:12,Douglas DC-3C,Buffalo Airways,,,, C-GWIR, 9371, 1943,,, 2 Pratt & Whitney R-1830-92,,Fatalities: 0 / Occupants: 3,Fatalities: 0 / Occupants: 21,,, Substantial,,"Yellowknife Airport, NT (YZF) (   Canada) 
", Landing (LDG),Domestic Scheduled Passenger,"Yellowknife Airport, NT (YZF/CYZF), Canada","Hay River Airport, NT (YHY/CYHY), Canada", 168,,Fatalities: 0 / Occupants: 24 
20130820-0,Final,Tuesday 20 August 2013,08:47,Swearingen SA227-DC Metro 23,Aerocon,,,, CP-2655, DC-819B, 1993,34960,, 2 Garrett TPE331-12UHR-701,,Fatalities: 0 / Occupants: 2,Fatalities: 0 / Occupants: 8,,, Substantial, Written off (damaged beyond repair),"Sucre-Juana Azurduy de Padilla International Airport (SRE) (   Bolivia) 
", Landing (LDG),Domestic Scheduled Passenger,"Potosí-Capitán Nicolas Rojas Airport (POI/SLPO), Bolivia","Sucre-Juana Azurduy de Padilla International Airport (SRE/SLSU), Bolivia", 228,,Fatalities: 0 / Occupants: 10 
20130822-0,Preliminary,Thursday 22 August 2013,,Beechcraft B200C Super King Air,Tanzanair - Tanzania Air Services,,,, 5H-TZW, BL-17, 1980,,, 2 Pratt & Whitney Canada PT6A-41,,Fatalities: 0 / Occupants: 1,Fatalities: 0 / Occupants: 6,,, Substantial, Written off (damaged beyond repair),"Lake Manyara (   Tanzania) 
", En route (ENR),Domestic Non Scheduled Passenger,"Bukoba Airport (BKZ/HTBU), Tanzania","Zanzibar-Kisauni Airport (ZNZ/HTZA), Tanzania",,,Fatalities: 0 / Occupants: 7 
20130822-1,Final,Thursday 22 August 2013,ca 19:08,de Havilland Canada DHC-3T Vazar Turbine Otter,Transwest Air,,,, C-FSGD, 316, 1959,,, 1 Pratt & Whitney Canada PT6A-135A,,Fatalities: 1 / Occupants: 1,Fatalities: 0 / Occupants: 0,,, Damaged beyond repair,,"13 km (8.1 mls) SE of Ivanhoe Lake, NT (   Canada) 
", En route (ENR),Ferry/positioning,"Scott Lake Lodge, SK, Canada","Ivanhoe Lake, NT, Canada",,,Fatalities: 1 / Occupants: 1 
20130822-2,Final,Thursday 22 August 2013,ca 15:25,Britten-Norman BN-2B-27 Islander,Gobierno del Estado de Chihuahua,,,, XC-FEE, 2022, 1980,,,,,Fatalities: 0 / Occupants: 1,Fatalities: 0 / Occupants: 4,,, Damaged beyond repair,,"near Purisima del Maguey, Zacatecas (   Mexico) 
", En route (ENR),Official state flight,"Chihuahua-Gen Fierro Villalobos Airport (CUU/MMCU), Mexico","Zacatecas-La Calera Airport (ZCL/MMZC), Mexico",,,Fatalities: 0 / Occupants: 5 
20130825-0,Preliminary,Sunday 25 August 2013,16:04,Antonov An-26B-100,,Transom Airways,,South Airlines, EK-26818, 14101, 1990,,,,,Fatalities: 0 / Occupants: 5,Fatalities: 0 / Occupants: 45,,, Substantial, Written off (damaged beyond repair),"Guri'el Airstrip (   Somalia) 
", Landing (LDG),Domestic Non Scheduled Passenger,"Mogadishu International Airport (MGQ/HCMM), Somalia","Guri'el Airstrip, Somalia",,,Fatalities: 0 / Occupants: 50 
20130901-0,Final,Sunday 1 September 2013,13:09,Beechcraft 1900D,Great Lakes Airlines,,,, N169GL, UE-169, 1995,35184,, 2 Pratt & Whitney Canada PT6A-67D,,Fatalities: 0 / Occupants: 2,Fatalities: 0 / Occupants: 10,,, Substantial, Repaired,"Telluride Airport, CO (TEX) (   United States of America) 
", Landing (LDG),Domestic Scheduled Passenger,"Denver International Airport, CO (DEN/KDEN), United States of America","Telluride Airport, CO (TEX/KTEX), United States of America",7125,,Fatalities: 0 / Occupants: 12 
20130907-0,Preliminary,Saturday 7 September 2013,21:15,Canadair CL-600-2B19 Regional Jet CRJ-200ER,,Europe Jet,,MNG Jet, TC-EJA, 7763, 2003,,, 2 General Electric CF34-3B1,,Fatalities: 0 / Occupants: 4,Fatalities: 0 / Occupants: 7,,, Substantial,,"Moskva-Vnukovo Airport (VKO) (   Russia) 
", Landing (LDG),Executive,"Napoli Airport (NAP/LIRN), Italy","Moskva-Vnukovo Airport (VKO/UUWW), Russia",,,Fatalities: 0 / Occupants: 11 
20130908-0,Preliminary,Sunday 8 September 2013,23:26,Airbus A330-321,Thai Airways International,,,, HS-TEF, 066, 1995-03-02  (18 years 7 months),,, 2 Pratt & Whitney PW4164,,Fatalities: 0 / Occupants: 14,Fatalities: 0 / Occupants: 288,,, Substantial, Written off (damaged beyond repair),"Bangkok-Suvarnabhumi International Airport (BKK) (   Thailand) 
", Landing (LDG),International Scheduled Passenger,"Guangzhou Baiyun International Airport (CAN/ZGGG), China","Bangkok-Suvarnabhumi International Airport (BKK/VTBS), Thailand", 679,,Fatalities: 0 / Occupants: 302 
20130908-1,Preliminary,Sunday 8 September 2013,20:45,Learjet 35A,Rajet Aeroservicios,,,, XA-DAZ, 35A-340, 1980,,, 2 Garrett TFE731-2-2B,,Fatalities: 0 / Occupants: 2,Fatalities: 0 / Occupants: 5,,, Substantial,,"Hermosillo-Gen Pesqueira Garcia Airport (HMO) (   Mexico) 
", Landing (LDG),Unknown,"San Francisco International Airport, CA (SFO/KSFO), United States of America","Hermosillo-Gen Pesqueira Garcia Airport (HMO/MMHO), Mexico",,,Fatalities: 0 / Occupants: 7 
20130909-0,Final,Monday 9 September 2013,09:50,Dornier 228-202K,Transportes Aéreos Corporativos - CorpFlite,,,, CC-CNW, 8063, 1986,25012,, 2 Garrett TPE331-5-252D,,Fatalities: 2 / Occupants: 2,Fatalities: 0 / Occupants: 0,,, Damaged beyond repair,,"1,9 km (1.2 mls) SE of Viña del Mar Airport (KNA) (   Chile) 
", Approach (APR),Ferry/positioning,"Los Pelambres Airport (SCNK), Chile","Viña del Mar Airport (KNA/SCVM), Chile",,,Fatalities: 2 / Occupants: 2 
20130917-0,,Tuesday 17 September 2013,20:00,ATR 72-202,,Colombe Air Line,,Helitt Líneas Aéreas, EC-LNP, 285, 1992-02-05  (21 years 8 months),,, 2 Pratt & Whitney Canada PW124B,,Fatalities: 0 / Occupants: 0,Fatalities: 0 / Occupants: 0,,, Substantial, Written off (damaged beyond repair),"Ouagadougou Airport (OUA) (   Burkina Faso) 
", Standing (STD),-,-,-,,,Fatalities: 0 / Occupants: 0 
20130918-0,Final,Wednesday 18 September 2013,07:34,Antonov An-2R,,Taksavia,,Sosvapromgeologiya, RA-33017, 1G218-04, 1986,5277,, 1 Shvetsov ASh-62IR,24822,Fatalities: 0 / Occupants: 2,Fatalities: 0 / Occupants: 5,,, Substantial, Written off (damaged beyond repair),"48 km (30 mls) W of Nyagan (   Russia) 
", Landing (LDG),Domestic Non Scheduled Passenger,"Arbyn Airfield, Russia","Nefteyugansk Airport (NFG/USRN), Russia",,,Fatalities: 0 / Occupants: 7 
20130923-0,Final,Monday 23 September 2013,15:10,Boeing 747-3B3,Mahan Air,,,, EP-MNE, 23480/641, 1984-04-14  (29 years 6 months),,, 4 General Electric CF6-50E2,,Fatalities: 0 / Occupants: 24,Fatalities: 0 / Occupants: 419,,, Minor, Repaired,"Kerman International Airport (KER) (   Iran) 
", Takeoff (TOF),International Scheduled Passenger,"Kerman International Airport (KER/OIKK), Iran","Madinah-Mohammad Bin Abdulaziz Airport (MED/OEMA), Saudi Arabia",IRM5070,,Fatalities: 0 / Occupants: 443 
20130925-0,Preliminary - official,Wednesday 25 September 2013,ca 14:00,Cessna 208B Grand Caravan,Morningstar Air Express,,,, C-FEXV, 208B0482, 1995,,, 1 Pratt & Whitney Canada PT6A-114A,,Fatalities: 1 / Occupants: 1,Fatalities: 0 / Occupants: 0,,, Destroyed, Written off (damaged beyond repair),"Hudson Bay, ON (   Canada) 
", En route (ENR),Training,"Sault Ste. Marie Airport, ON (YAM/CYAM), Canada","Sault Ste. Marie Airport, ON (YAM/CYAM), Canada",8988,,Fatalities: 1 / Occupants: 1 
20130926-0,Final,Thursday 26 September 2013,10:18,Airbus A321-231,Onur Air,,,, TC-OBZ, 811, 1998-04-06  (15 years 6 months),38700,, 2 IAE V2533-A5,25500,Fatalities: 0 / Occupants: 7,Fatalities: 0 / Occupants: 220,,, None,,"5,6 km (3.5 mls) WNW of Deauville-Saint Gatien Airport (DOL) (   France) 
", Approach (APR),Int'l Non Scheduled Passenger,"Izmir-Adnan Menderes Airport (ADB/LTBJ), Turkey","Deauville-Saint Gatien Airport (DOL/LFRG), France",8Q1985,,Fatalities: 0 / Occupants: 227 
20130927-0,Final,Friday 27 September 2013,20:18,de Havilland Canada DHC-8-402Q Dash 8,Croatia Airlines,,,, 9A-CQC, 4258, 2009-04-21  (4 years 5 months),,, 2 Pratt & Whitney Canada PW150A,,Fatalities: 0 / Occupants: 4,Fatalities: 0 / Occupants: 60,,, Substantial, Repaired,"Zürich-Kloten Airport (ZRH) (   Switzerland) 
", Landing (LDG),International Scheduled Passenger,"Zagreb-Pleso Airport (ZAG/LDZA), Croatia","Zürich-Kloten Airport (ZRH/LSZH), Switzerland",OU464,,Fatalities: 0 / Occupants: 64 
20130929-0,Final,Sunday 29 September 2013,21:01,Airbus A320-216,Alitalia,,,, EI-EIB, 4249, 2010-03-16  (3 years 7 months),7974,, 2 CFMI CFM56-5B6/3,6010,Fatalities: 0 / Occupants: 6,Fatalities: 0 / Occupants: 151,,, Substantial, Repaired,"Roma-Fiumicino Airport (FCO) (   Italy) 
", Landing (LDG),International Scheduled Passenger,"Madrid-Barajas Airport (MAD/LEMD), Spain","Roma-Fiumicino Airport (FCO/LIRF), Italy",AZ063,,Fatalities: 0 / Occupants: 157 
20130929-1,Final,Sunday 29 September 2013,18:20,Cessna 525A CitationJet CJ2,CREX-MML LLC,,,, N194SJ, 525A-0194, 2003,1933,, 2 Williams International FJ44-2C,,Fatalities: 1 / Occupants: 1,Fatalities: 3 / Occupants: 3,,, Destroyed, Written off (damaged beyond repair),"Santa Monica Airport, CA (SMO) (   United States of America) 
", Landing (LDG),Private,"Hailey-Friedman Memorial Airport, ID (SUN/KSUN), United States of America","Santa Monica Airport, CA (SMO/KSMO), United States of America",,,Fatalities: 4 / Occupants: 4 
20131003-0,Final,Thursday 3 October 2013,09:32,Embraer EMB-120RT Brasilia,Associated Aviation,,,, 5N-BJY, 120174, 1990,27362,, 2 Pratt & Whitney Canada PW118A,34609,Fatalities: 5 / Occupants: 7,Fatalities: 11 / Occupants: 13,,, Destroyed, Written off (damaged beyond repair),"Lagos-Murtala Muhammed International Airport (LOS) (   Nigeria) 
", Takeoff (TOF),Domestic Non Scheduled Passenger,"Lagos-Murtala Muhammed International Airport (LOS/DNMM), Nigeria","Akure Airport (AKR/DNAK), Nigeria", 361,,Fatalities: 16 / Occupants: 20 
20131005-0,Preliminary,Saturday 5 October 2013,ca 01:00,de Havilland Canada DHC-8-202,United States Air Force - USAF,,,, N356PH, 502, 1997,,, 2 Pratt & Whitney Canada PW123D,,Fatalities: 0 / Occupants: 2,Fatalities: 4 / Occupants: 4,,, Damaged beyond repair,,"Acandí, Chocó Province (   Colombia) 
", En route (ENR),Military,?,?,,,Fatalities: 4 / Occupants: 6 
20131006-0,Preliminary,Sunday 6 October 2013,08:45,Saab 340B,Nok Mini Airlines,,,, HS-GBG, 340B-453, 1998-11-16  (14 years 11 months),,, 2 General Electric CT7-9B,,Fatalities: 0 / Occupants: 3,Fatalities: 0 / Occupants: 25,,, Substantial, Written off (damaged beyond repair),"Udon Thani Airport (UTH) (   Thailand) 
", Landing (LDG),Domestic Scheduled Passenger,"Chiang Mai International Airport (CNX/VTCC), Thailand","Udon Thani Airport (UTH/VTUD), Thailand",DD8610,,Fatalities: 0 / Occupants: 28 
20131006-1,Final,Sunday 6 October 2013,06:05,Pilatus Britten-Norman BN-2A-8 Islander,Air Flamenco,,,, N909GD, 239, 1971,22575,, 2 Lycoming O-540-E4C5,,Fatalities: 1 / Occupants: 1,Fatalities: 0 / Occupants: 0,,, Damaged beyond repair,,"6,5 km (4.1 mls) W off  Cayo Luis Peña (   Puerto Rico) 
", En route (ENR),Cargo,"Vieques Airport (VQS/TJCG), Puerto Rico","Culebra Airport (CPX/TJCP), Puerto Rico",,,Fatalities: 1 / Occupants: 1 
20131006-2,- (No safety board investigation),Sunday 6 October 2013,14:25,Antonov An-2,Sputnik,,,, RA-31505, , 1982,,,,,Fatalities: 0 / Occupants: 1,Fatalities: 0 / Occupants: 1,,, Damaged beyond repair,,"Sevryukova, Belgorod region (   Russia) 
", En route (ENR),Illegal Flight,?,?,,,Fatalities: 0 / Occupants: 2 
20131007-0,Final,Monday 7 October 2013,23:00,Airbus A330-301,Philippine Air Lines,,,, RP-C3336, 198, 1997-11-26  (15 years 11 months),,, 2 General Electric CF6-80E1A2,,Fatalities: 0 / Occupants: ,Fatalities: 0 / Occupants: 0,,, Substantial, Written off (damaged beyond repair),"Manila-Ninoy Aquino International Airport (MNL) (   Philippines) 
", Standing (STD),International Scheduled Passenger,"Singapore-Changi International Airport (SIN/WSSS), Singapore","Manila-Ninoy Aquino International Airport (MNL/RPLL), Philippines",PR512,,Fatalities: 0 / Occupants:  
20131010-0,Final,Thursday 10 October 2013,ca 14:50,de Havilland Canada DHC-6 Twin Otter 310,MASwings,,,, 9M-MDM, 804, 1983,56828,, 2 Pratt & Whitney Canada PT6A-27,108882,Fatalities: 1 / Occupants: 2,Fatalities: 1 / Occupants: 14,,, Substantial, Written off (damaged beyond repair),"Kudat Airport (KUD) (   Malaysia) 
", Landing (LDG),Domestic Scheduled Passenger,"Kota Kinabalu Airport (BKI/WBKK), Malaysia","Kudat Airport (KUD/WBKT), Malaysia",MH3002,,Fatalities: 2 / Occupants: 16 
20131010-1,Preliminary,Thursday 10 October 2013,04:40,Antonov An-2T,private,,,, UR-54853, 1G108-64, 1969,,,,,Fatalities: 1 / Occupants: 1,Fatalities: 1 / Occupants: 1,,, Destroyed, Written off (damaged beyond repair),"near Skulyn, Volyns'ka region (   Ukraine) 
", Landing (LDG),Illegal Flight,?,?,,,Fatalities: 2 / Occupants: 2 
20131011-0,Preliminary,Friday 11 October 2013,,Cessna 208B Grand Caravan,Shine Aviation,,,, 5H-KEN, 208B0384, 1994,,, 1 Pratt & Whitney Canada PT6A-114A,,Fatalities: 0 / Occupants: 2,Fatalities: 0 / Occupants: 1,,, Destroyed, Written off (damaged beyond repair),"Likawage Airstrip (   Tanzania) 
", Takeoff (TOF),Domestic Non Scheduled Passenger,"Likawage Airstrip, Tanzania","Dar es Salaam Julius Nyerere International Airport (DAR/HTDA), Tanzania",,,Fatalities: 0 / Occupants: 3 
20131012-1,Final,Saturday 12 October 2013,16:40,Cessna 525A CitationJet CJ2+,Executive AirShare,,,, N368PK, 525A-0448, 2010,,, 2 Williams International FJ44-3A,,Fatalities: 0 / Occupants: 2,Fatalities: 0 / Occupants: 0,,, Substantial, Repaired,"near Lincoln Municipal Airport, NE (LNK) (   United States of America) 
", En route (ENR),Ferry/positioning,"Lincoln Municipal Airport, NE (LNK/KLNK), United States of America","Kansas City Downtown Municipal Airport, MO (MKC/KMKC), United States of America",,,Fatalities: 0 / Occupants: 2 
20131014-0,Preliminary,Monday 14 October 2013,,Cessna 208B Grand Caravan,AereoServicio Guerrero,,,, XA-TXM, 208B0947, 2002,,, 1 Pratt & Whitney Canada PT6A-114A,,Fatalities: 1 / Occupants: 1,Fatalities: 13 / Occupants: 13,,, Destroyed, Written off (damaged beyond repair),"26 km (16.3 mls) W of Loreto Airport (LTO) (   Mexico) 
", En route (ENR),Domestic Scheduled Passenger,"Loreto Airport (LTO/MMLT), Mexico","Ciudad Constitución Airport (CUA/MMDA), Mexico",,,Fatalities: 14 / Occupants: 14 
20131015-0,Final,Tuesday 15 October 2013,19:04,Embraer EMB-500 Phenom 100,Executive AirShare,,,, N610AS, 50000044, 2009,2294,, 2 Pratt & Whitney Canada PW617F-E,,Fatalities: 0 / Occupants: 2,Fatalities: 0 / Occupants: 0,,, Substantial, Repaired,"Wichita-Colonel James Jabara Airport, KS (   United States of America) 
", Landing (LDG),Ferry/positioning,"Kansas City-Charles B. Wheeler Downtown Airport, MO (MKC/KMKC), United States of America","Wichita-Colonel James Jabara Airport, KS (KAAO), United States of America",,,Fatalities: 0 / Occupants: 2 
20131016-0,Final,Wednesday 16 October 2013,15:55,ATR 72-212A (ATR-72-600),Lao Airlines,,,, RDPL-34233, 1071, 2013-03-06  (7 months),758,, 2 Pratt & Whitney Canada PW127M,,Fatalities: 5 / Occupants: 5,Fatalities: 44 / Occupants: 44,,, Destroyed, Written off (damaged beyond repair),"8 km (5 mls) NW of Pakse Airport (PKZ) (   Laos) 
", Approach (APR),Domestic Scheduled Passenger,"Vientiane-Wattay Airport (VTE/VLVT), Laos","Pakse Airport (PKZ/VLPS), Laos", 301,,Fatalities: 49 / Occupants: 49 
20131016-1,Preliminary - official,Wednesday 16 October 2013,09:15,Hawker Siddeley HS-748-209 Srs.2A,Wasaya Airways,,,, C-FFFS, 1663, 1969,,, 2 Rolls-Royce Dart 534-2,,Fatalities: 0 / Occupants: 3,Fatalities: 0 / Occupants: 0,,, Substantial, Repaired,"Kenora Airport, ON (YQK) (   Canada) 
", Taxi (TXI),Cargo,"Sandy Lake Airport, ON (ZSJ/CZSJ), Canada","Kenora Airport, ON (YQK/CYQK), Canada", 806,,Fatalities: 0 / Occupants: 3 
20131018-0,Final,Friday 18 October 2013,10:17,Cessna 500 Citation I,Dufresne Inc.,,,, N610ED, 500-0241, 1975,7560,, 2 Pratt & Whitney Canada JT15D-1A,,Fatalities: 1 / Occupants: 1,Fatalities: 1 / Occupants: 1,,, Destroyed, Written off (damaged beyond repair),"ca 3 km SE of Derby, KS (   United States of America) 
", En route (ENR),Executive,"Wichita-Mid-Continent Airport, KS (ICT/KICT), United States of America","New Braunfels Regional Airport, TX (KBAZ), United States of America",,,Fatalities: 2 / Occupants: 2 
20131019-0,Preliminary,Saturday 19 October 2013,11:49,British Aerospace BAe-146-200,SkyJet Airlines,,,, RP-C5525, E2031, 1985-02-07  (28 years 9 months),,, 4 Lycoming ALF502R-5,,Fatalities: 0 / Occupants: 7,Fatalities: 0 / Occupants: 68,,, Substantial, Written off (damaged beyond repair),"Balesin Airstrip (   Philippines) 
", Landing (LDG),Domestic Non Scheduled Passenger,"Manila-Ninoy Aquino International Airport (MNL/RPLL), Philippines","Balesin Airstrip, Philippines",,,Fatalities: 0 / Occupants: 75 
20131019-1,Final,Saturday 19 October 2013,09:15,ATR 42-320F,,Air Niugini,,Farnair Switzerland, P2-PXY, 087, 1988-03-21  (25 years 7 months),24375,, 2 Pratt & Whitney Canada PW121,,Fatalities: 0 / Occupants: 3,Fatalities: 0 / Occupants: 0,,, Substantial, Written off (damaged beyond repair),"Madang Airport (MAG) (   Papua New Guinea) 
", Takeoff (TOF),Cargo,"Madang Airport (MAG/AYMD), Papua New Guinea","Tabubil Airport (TBG/AYTB), Papua New Guinea",PX2900,,Fatalities: 0 / Occupants: 3 
20131021-0,Final,Monday 21 October 2013,18:45,Cessna 208B Grand Caravan,Mokulele Airlines,,,, N861MA, 208B0825, 2000,11828,, 1 Pratt & Whitney Canada PT6A-114A,,Fatalities: 0 / Occupants: 2,Fatalities: 0 / Occupants: 8,,, Substantial, Repaired,"Piilani Highway, Kihei, Maui (   United States of America) 
", Takeoff (TOF),Domestic Scheduled Passenger,"Kahului Airport, HI (OGG/PHOG), United States of America","Waimea-Kohala Airport, HI (MUE/PHMU), United States of America",1770,,Fatalities: 0 / Occupants: 10 
20131023-0,Final,Wednesday 23 October 2013,15:30,Beechcraft 1900C,ERA Aviation,,,, N575U, UC-93, 1990,29841,, 2 Pratt & Whitney Canada PT6A-65B,,Fatalities: 0 / Occupants: 2,Fatalities: 0 / Occupants: 13,,, Substantial, Repaired,"Homer Airport, AK (HOM) (   United States of America) 
", Landing (LDG),Domestic Scheduled Passenger,"Anchorage-Ted Stevens International Airport, AK (ANC/PANC), United States of America","Homer Airport, AK (HOM/PAHO), United States of America", 878,,Fatalities: 0 / Occupants: 15 
20131025-0,Final,Friday 25 October 2013,01:25,Fokker F-27 Friendship 500F,,,Europe Airpost,, I-MLVT, 10373, 1968-10-04  (45 years 1 months),,, 2 Rolls-Royce Dart 532-7,,Fatalities: 0 / Occupants: 2,Fatalities: 0 / Occupants: 0,,, Substantial, Written off (damaged beyond repair),"Paris-Charles de Gaulle Airport (CDG) (   France) 
", Initial climb (ICL),Cargo,"Paris-Charles de Gaulle Airport (CDG/LFPG), France","Dole-Jura Airport (DLE/LFGJ), France",5921,,Fatalities: 0 / Occupants: 2 
20131026-0,,Saturday 26 October 2013,,Antonov An-2,private,,,, unreg., , ,,,,,Fatalities: 2 / Occupants: 2,Fatalities: 0 / Occupants: 2,,, Damaged beyond repair,,"Tayozhny, Krasnoyarsk region, East Siberia (   Russia) 
", Unknown (UNK),Private,?,?,,,Fatalities: 2 / Occupants: 4 
20131029-0,Preliminary,Tuesday 29 October 2013,,Cessna 208B Grand Caravan,Pegasus Air Services,,,, PK-ICY, 208B2354, 2012,,,,,Fatalities: 0 / Occupants: ,Fatalities: 0 / Occupants: ,,, Substantial, Repaired,"Pogapa Airstrip (   Indonesia) 
", Landing (LDG),Unknown,?,"Pogapa, Indonesia",,,Fatalities: 0 / Occupants:  
20131103-0,Preliminary,Sunday 3 November 2013,15:58,Swearingen SA227-AC Metro III,Aerocon,,,, CP-2754, AC-721B, 1989,,,,,Fatalities: 0 / Occupants: 2,Fatalities: 8 / Occupants: 16,,, Destroyed, Written off (damaged beyond repair),"Riberalta Airport (RIB) (   Bolivia) 
", Landing (LDG),Domestic Scheduled Passenger,"Trinidad Airport (TDD/SLTR), Bolivia","Riberalta-Gen Buech Airport (RIB/SLRI), Bolivia",  25,,Fatalities: 8 / Occupants: 18 
20131103-1,Preliminary - official,Sunday 3 November 2013,19:08,Pilatus Britten-Norman BN-2B-21 Islander,Channel Islands Air Search - CIAS,,,, G-CIAS, 2162, 1982,,, 2 Lycoming IO-540-K1B5,,Fatalities: 0 / Occupants: 1,Fatalities: 0 / Occupants: 4,,, Substantial, Written off (damaged beyond repair),"Devil's Hole, Saint Mary, Jersey (   United Kingdom) 
", En route (ENR),Survey/research,"Guernsey Airport, Channel Islands (GCI/EGJB), United Kingdom","Guernsey Airport, Channel Islands (GCI/EGJB), United Kingdom",,,Fatalities: 0 / Occupants: 5 
20131104-0,Preliminary,Monday 4 November 2013,22:36,Hawker Siddeley DH-125-400A,Unknown,,,, XB-MGM, 25175/NA713, 1969,,, 2 Garrett TFE731-3-1RH,,Fatalities: 0 / Occupants: 2,Fatalities: 0 / Occupants: 1,,, Destroyed, Written off (damaged beyond repair),"13 km (8.1 mls) N of Buena Vista, Apure (   Venezuela) 
", Standing (STD),Illegal Flight,"Bonaire-Flamingo International Airport (BON/TNCB), Caribbean Netherlands","La Ceiba Airport (LCE/MHLC), Honduras",,,Fatalities: 0 / Occupants: 3 
20131107-0,Final,Thursday 7 November 2013,16:30,Boeing 737-7Q8 (WL),Aerolineas Argentinas,,,, LV-CYO, 30633/1220, 2002-09-18  (11 years 2 months),32780,, 2 CFMI CFM56-7B24,23010,Fatalities: 0 / Occupants: 5,Fatalities: 0 / Occupants: 83,,, Minor, Repaired,"Buenos Aires-Jorge Newbery Airport, BA (AEP) (   Argentina) 
", Taxi (TXI),Domestic Scheduled Passenger,"Buenos Aires-Jorge Newbery Airport, BA (AEP/SABE), Argentina","Tucumán-Benj Matienzo Airport, TU (TUC/SANT), Argentina",AR1478,,Fatalities: 0 / Occupants: 88 
20131107-1,Final,Thursday 7 November 2013,16:30,Embraer ERJ 190-100 IGW (ERJ-190AR),Austral Lineas Aéreas,,,, LV-CIE, 19000414, 2011-01-21  (2 years 10 months),6918,, 2 General Electric CF34-10E5,4799,Fatalities: 0 / Occupants: 5,Fatalities: 0 / Occupants: 87,,, Minor, Repaired,"Buenos Aires-Jorge Newbery Airport, BA (AEP) (   Argentina) 
", Standing (STD),International Scheduled Passenger,"São Paulo-Guarulhos International Airport, SP (GRU/SBGR), Brazil","Buenos Aires-Jorge Newbery Airport, BA (AEP/SABE), Argentina",AU2255,,Fatalities: 0 / Occupants: 92 
20131110-0,Final,Sunday 10 November 2013,18:29,Swearingen SA227-AC Metro III,Bearskin Airlines,,,, C-FFZN, AC-785B, 1991,35474,, 2 Garrett TPE331-11U-612G,,Fatalities: 2 / Occupants: 2,Fatalities: 3 / Occupants: 5,,, Destroyed, Written off (damaged beyond repair),"ca 0,8 km S of Red Lake Airport, ON (YRL) (   Canada) 
", Approach (APR),Domestic Scheduled Passenger,"Sioux Lookout Airport, ON (YXL/CYXL), Canada","Red Lake Airport, ON (YRL/CYRL), Canada",JV311,,Fatalities: 5 / Occupants: 7 
20131115-0,Final,Friday 15 November 2013,05:45,Embraer ERJ 190-100 IGW (ERJ-190AR),Austral Lineas Aéreas,,,, LV-CKZ, 19000439, 2011,6342,, 2 General Electric CF34-10E5A1,4469,Fatalities: 0 / Occupants: 5,Fatalities: 0 / Occupants: 96,,, Substantial, Repaired,"Buenos Aires/Ezeiza-Ministro Pistarini Airport, BA (EZE) (   Argentina) 
", Landing (LDG),International Scheduled Passenger,"Rio de Janeiro-Galeão International Airport, RJ (GIG/SBGL), Brazil","Buenos Aires/Ezeiza-Ministro Pistarini Airport, BA (EZE/SAEZ), Argentina",AU2255,,Fatalities: 0 / Occupants: 101 
20131117-0,Final,Sunday 17 November 2013,19:23,Boeing 737-53A,Tatarstan Airlines,,,, VQ-BBN, 24785/1882, 1990-06-18  (23 years 5 months),51547,, 2 CFMI CFM56-3C1,36596,Fatalities: 6 / Occupants: 6,Fatalities: 44 / Occupants: 44,,, Destroyed, Written off (damaged beyond repair),"Kazan Airport (KZN) (   Russia) 
", Approach (APR),Domestic Scheduled Passenger,"Moskva-Domodedovo Airport (DME/UUDD), Russia","Kazan Airport (KZN/UWKD), Russia",U9363,,Fatalities: 50 / Occupants: 50 
20131117-1,,Sunday 17 November 2013,,Antonov An-2R,Air Kasai,,,, 9Q-CFT, 1G223-14, ,,,,,Fatalities: 0 / Occupants: ,Fatalities: 0 / Occupants: ,,, Substantial,,"Kamako, West-Kasaï (   Democratic Republic of the Congo) 
", Landing (LDG),Unknown,"Tshikapa Airport (TSH/FZUK), Democratic Republic of the Congo","Kamako Airstrip, Democratic Republic of the Congo",,,Fatalities: 0 / Occupants:  
20131119-0,Final,Tuesday 19 November 2013,19:56,Learjet 35A,Aero J.L.,,,, XA-USD, 35A-255, 1979,6842,, 2 Garrett TFE731-2-2B,,Fatalities: 2 / Occupants: 2,Fatalities: 2 / Occupants: 2,,, Destroyed, Written off (damaged beyond repair),"5 km (3.1 mls) NE off  Fort Lauderdale International Airport, FL (FLL) (   United States of America) 
", Initial climb (ICL),Ferry/positioning,"Fort Lauderdale International Airport, FL (FLL/KFLL), United States of America","Cozumel Airport (CZM/MMCZ), Mexico",,,Fatalities: 4 / Occupants: 4 
20131122-0,Final,Friday 22 November 2013,13:30,Beechcraft 1900C-1,Era Alaska,,,, N575X, UC-149, 1991,35402,, 2 Pratt & Whitney Canada PT6A-65B,,Fatalities: 0 / Occupants: 2,Fatalities: 0 / Occupants: 1,,, Substantial, Repaired,"Badami Airport, AK (   United States of America) 
", Landing (LDG),Domestic Non Scheduled Passenger,"Prudhoe Bay/Deadhorse Airport, AK (SCC/PASC), United States of America","Badami Airport, AK (PABP), United States of America",ERR75X,,Fatalities: 0 / Occupants: 3 
20131124-0,Preliminary - official,Sunday 24 November 2013,08:08,McDonnell Douglas MD-11F,Lufthansa Cargo,,,, D-ALCE, 48785/629, 1998,66274,, 3 General Electric CF6-80C2D1F,12388,Fatalities: 0 / Occupants: 3,Fatalities: 0 / Occupants: 0,,, Substantial, Repaired,"São Paulo/Campinas-Viracopos International Airport, SP (VCP) (   Brazil) 
", Landing (LDG),Cargo,"Dakar-Léopold Sédar Senghor International Airport (DKR/GOOY), Senegal","São Paulo/Campinas-Viracopos International Airport, SP (VCP/SBKP), Brazil",LH8258,,Fatalities: 0 / Occupants: 3 
20131124-1,Final,Sunday 24 November 2013,20:40,de Havilland Canada DHC-8-102,,,US Airways Express,, N808EX, 299, 1991-09-10  (22 years 3 months),53120,, 2 Pratt & Whitney Canada PW120A,,Fatalities: 0 / Occupants: 3,Fatalities: 0 / Occupants: 37,,, Substantial, Repaired,"28 km (17.5 mls) N of Philadelphia International Airport, PA (PHL) (   United States of America) 
", En route (ENR),Domestic Scheduled Passenger,"Binghamton Airport, NY (BGM/KBGM), United States of America","Philadelphia International Airport, PA (PHL/KPHL), United States of America",4314,,Fatalities: 0 / Occupants: 40 
20131125-0,Final,Monday 25 November 2013,13:30,Cessna 208B Grand Caravan,Tropicair,,,, P2-SAH, 208B1263, 2007,,, 1 Pratt & Whitney Canada PT6A-114A,,Fatalities: 0 / Occupants: 1,Fatalities: 3 / Occupants: 9,,, Substantial, Written off (damaged beyond repair),"Kibeni (   Papua New Guinea) 
", En route (ENR),Domestic Non Scheduled Passenger,"Kamusi Airport (KUY), Papua New Guinea","Purari Airstrip, Papua New Guinea",,,Fatalities: 3 / Occupants: 10 
20131125-1,Preliminary,Monday 25 November 2013,16:20,Beechcraft B200 Super King Air,Vietnam Air Services Company (VASCO),,,, VN-B594, BB-1329, 1989,,, 2 Pratt & Whitney Canada PT6A-42,,Fatalities: 0 / Occupants: 3,Fatalities: 0 / Occupants: 6,,, Substantial,,"Buon Me Thuot (Ban Me Thuot)-Phung-Duc Airport (BMV) (   Vietnam) 
", Landing (LDG),"Aerial Work (Calibration, Photo)","Dalat-Lienkhang Airport (DLI/VVDL), Vietnam","Buon Me Thuot (Ban Me Thuot)-Phung-Duc Airport (BMV/VVBM), Vietnam",,,Fatalities: 0 / Occupants: 9 
20131125-2,Final,Monday 25 November 2013,10:21,Douglas C-118A Liftmaster (DC-6A),Everts Air Cargo,,,, N100CE, 44662/629, 1955,,, 4 Pratt & Whitney R-2800,,Fatalities: 0 / Occupants: 3,Fatalities: 0 / Occupants: 0,,, Substantial, Repaired,"Nuiqsut, AK (   United States of America) 
", En route (ENR),Cargo,"Deadhorse-Alpine Airstrip, AK (DQH/PALP), United States of America","Nuiqsut Airport, AK (NUI/PAQT), United States of America",,,Fatalities: 0 / Occupants: 3 
20131129-0,Final,Friday 29 November 2013,13:16,Embraer ERJ 190-100 IGW (ERJ-190AR),Linhas Aéreas de Moçambique - LAM,,,, C9-EMC, 19000581, 2012,2905,, 2 General Electric CF34-10E5,1877,Fatalities: 6 / Occupants: 6,Fatalities: 27 / Occupants: 27,,, Destroyed, Written off (damaged beyond repair),"Bwabwata National Park (   Namibia) 
", En route (ENR),International Scheduled Passenger,"Maputo International Airport (MPM/FQMA), Mozambique","Luanda Airport (LAD/FNLU), Angola", 470,,Fatalities: 33 / Occupants: 33 
20131129-1,Final,Friday 29 November 2013,18:24,Cessna 208B Grand Caravan,Era Alaska,,,, N12373, 208B0697, 1998,12653,, 1 Pratt & Whitney Canada PT6A-114A,,Fatalities: 1 / Occupants: 1,Fatalities: 3 / Occupants: 9,,, Destroyed, Written off (damaged beyond repair),"1,6 km (1 mls) SE of Saint Mary's Airport, AK (KSM) (   United States of America) 
", Approach (APR),Domestic Scheduled Passenger,"Bethel Airport, AK (BET/PABE), United States of America","Saint Mary's Airport, AK (KSM/PASM), United States of America",1453,,Fatalities: 4 / Occupants: 10 
20131129-2,Final,Friday 29 November 2013,09:30,Bombardier DHC-8-402Q Dash 8,ANA Wings,,,, JA462A, 4445, 2013,811,, 2 Pratt & Whitney Canada PW150A,,Fatalities: 0 / Occupants: 5,Fatalities: 0 / Occupants: 36,,, Substantial, Repaired,"20 km (12.5 mls) E of Fukue Airport (FUJ) (   Japan) 
", Approach (APR),Domestic Scheduled Passenger,"Fukuoka Airport (FUK/RJFF), Japan","Fukue Airport (FUJ/RJFE), Japan",NH4915,,Fatalities: 0 / Occupants: 41 
20131130-0,Preliminary,Saturday 30 November 2013,,Antonov An-26B,Namibian Air Force,,,, NAF-3-642, 14401, 1985,,,,,Fatalities: 0 / Occupants: ,Fatalities: 0 / Occupants: ,,, Substantial, Written off (damaged beyond repair),"Omega Airport (OMG) (   Namibia) 
", Landing (LDG),Military,?,"Omega Airport (OMG/FYOE), Namibia",,,Fatalities: 0 / Occupants: 6 
20131130-1,,Saturday 30 November 2013,,Learjet 35A,Unknown,,,, (N175BA), 35A-299, 1980,,,,,Fatalities: 0 / Occupants: 0,Fatalities: 0 / Occupants: 0,,, Damaged beyond repair,,"SW of San Fernando de Apure (   Venezuela) 
", Standing (STD),Illegal Flight,?,?,,,Fatalities: 0 / Occupants: 0 
20131202-0,Final,Monday 2 December 2013,20:10,Swearingen SA227-AC Metro III,IBC Airways,,,, N831BC, AC-654B, 1986,33888,, 2 Garrett TPE331-11U-612G,35698,Fatalities: 2 / Occupants: 2,Fatalities: 0 / Occupants: 0,,, Destroyed, Written off (damaged beyond repair),"2 km (1.3 mls) SSW of La Alianza, Arecibo (   Puerto Rico) 
", En route (ENR),Cargo,"Santo Domingo-Las Américas José Francisco Peña Gómez Int'l Airport (SDQ/MDSD), Dominican Republic","San Juan-Luis Muñoz Marín International Airport (SJU/TJSJ), Puerto Rico", 405,,Fatalities: 2 / Occupants: 2 
20131202-1,Final,Monday 2 December 2013,16:10,Cessna 560 Citation Encore,NetJets,,,, N810QS, 560-0625, 2002,7752,, 2 Pratt & Whitney Canada PW535A,,Fatalities: 0 / Occupants: 2,Fatalities: 0 / Occupants: 1,,, Substantial,,"over Walton, IN (   United States of America) 
", En route (ENR),Domestic Non Scheduled Passenger,"Fort Myers-Southwest Florida Regional Airport, FL (RSW/KRSW), United States of America","Chicago-Midway Airport, IL (MDW/KMDW), United States of America",,,Fatalities: 0 / Occupants: 3 
20131203-0,Final,Tuesday 3 December 2013,12:28,Airbus A320-214,Swiss International Air Lines,,,, HB-IJB, 545, 1995-06-20  (18 years 6 months),,, 2 CFMI CFM56-5B4,,Fatalities: 0 / Occupants: 7,Fatalities: 0 / Occupants: 57,,, Substantial, Repaired,"London-Heathrow Airport (LHR) (   United Kingdom) 
", Landing (LDG),International Scheduled Passenger,"Zürich-Kloten Airport (ZRH/LSZH), Switzerland","London-Heathrow Airport (LHR/EGLL), United Kingdom",,,Fatalities: 0 / Occupants: 64 
20131204-0,Preliminary,Wednesday 4 December 2013,21:19,Boeing 747-281BSF,,Saudi Arabian Airlines,,Veteran Airline, EK74798, 23698/667, 1986-12-13  (27 years),,, 4 General Electric CF6-50E2,,Fatalities: 0 / Occupants: 6,Fatalities: 0 / Occupants: 0,,, Damaged beyond repair,,"Abuja International Airport (ABV) (   Nigeria) 
", Landing (LDG),Cargo,?,"Abuja International Airport (ABV/DNAA), Nigeria",,,Fatalities: 0 / Occupants: 6 
20131204-2,Final,Wednesday 4 December 2013,11:25,Britten-Norman BN-2A-3 Islander,Heringer Táxi Aéreo,,,, PT-WMY, 314, 1974,,, 2 Lycoming IO-540-K1B5,,Fatalities: 1 / Occupants: 1,Fatalities: 4 / Occupants: 4,,, Destroyed, Written off (damaged beyond repair),"0,5 km (0.3 mls) W of Pikany Indian Airstrip, PA (   Brazil) 
", Initial climb (ICL),Ambulance,"Pikany Indian Airstrip, PA, Brazil","Novo Progresso Airport, PA (SJNP), Brazil",,,Fatalities: 5 / Occupants: 5 
20131205-0,Final,Thursday 5 December 2013,12:05,Boeing 767-332ER (WL),Delta Air Lines,,,, N182DN, 25987/461, 1992-10-20  (21 years 2 months),95491,, 2 Pratt & Whitney PW4060,,Fatalities: 0 / Occupants: 11,Fatalities: 0 / Occupants: 192,,, Minor, Repaired,"Madrid-Barajas Airport (MAD) (   Spain) 
", Landing (LDG),International Scheduled Passenger,"Madrid-Barajas Airport (MAD/LEMD), Spain","New York-John F. Kennedy International Airport, NY (JFK/KJFK), United States of America",DL415,,Fatalities: 0 / Occupants: 203 
20131210-0,Final,Tuesday 10 December 2013,03:25,Gulfstream G550,Alpha Star Aviation Services,,,, HZ-A6, 5038, 2004,,,,,Fatalities: 0 / Occupants: 2,Fatalities: 0 / Occupants: 3,,, Unknown,,"London-Stansted Airport (STN) (   United Kingdom) 
", Landing (LDG),Int'l Non Scheduled Passenger,"Riyadh-King Khalid International Airport (RUH/OERK), Saudi Arabia","London-Stansted Airport (STN/EGSS), United Kingdom",,,Fatalities: 0 / Occupants: 5 
20131210-1,Preliminary,Tuesday 10 December 2013,ca 10:20,Fokker F-27 Friendship 400M,Transporte Aéreo Militar - TAM,,,, FAB-90, 10578, 1978,,, 2 Rolls-Royce Dart 536-7P,,Fatalities: 0 / Occupants: ,Fatalities: 0 / Occupants: ,,, Substantial,,"Guayaramerín Airport (GYA) (   Bolivia) 
", Initial climb (ICL),Domestic Scheduled Passenger,"Guayaramerín Airport (GYA/SLGY), Bolivia","Trinidad Airport (TDD/SLTR), Bolivia", 620,,Fatalities: 0 / Occupants: 25 
20131211-0,Final,Wednesday 11 December 2013,15:45,Cessna 208B Grand Caravan,Makani Kai Air,,,, N687MA, 208B1002, 2002,4881,, 1 Pratt & Whitney Canada PT6A-114A,,Fatalities: 0 / Occupants: 1,Fatalities: 1 / Occupants: 8,,, Substantial, Written off (damaged beyond repair),"ca 800 m N off Kalaupapa Airport, HI (LUP) (   United States of America) 
", Initial climb (ICL),Domestic Scheduled Passenger,"Kalaupapa Airport, HI (LUP/PHLU), United States of America","Honolulu International Airport, HI (HNL/PHNL), United States of America",,,Fatalities: 1 / Occupants: 9 
20131213-0,Final,Friday 13 December 2013,ca 10:00,Boeing 757-2B7 (WL),US Airways,,,, N202UW, 27811/681, 1995-06-26  (18 years 6 months),,, 2 Rolls-Royce RB211-535E4,,Fatalities: 0 / Occupants: ,Fatalities: 0 / Occupants: ,,, Minor, Repaired,"Amsterdam-Schiphol International Airport (AMS) (   Netherlands) 
", Taxi (TXI),International Scheduled Passenger,"Philadelphia International Airport, PA (PHL/KPHL), United States of America","Amsterdam-Schiphol International Airport (AMS/EHAM), Netherlands",US798,,Fatalities: 0 / Occupants:  
20131213-1,Final,Friday 13 December 2013,ca 10:00,Boeing 737-8K2 (WL),KLM Royal Dutch Airlines,,,, PH-BXZ, 30368/2533, 2008-02-20  (5 years 10 months),,, 2 CFMI CFM56-7B24,,Fatalities: 0 / Occupants: ,Fatalities: 0 / Occupants: ,,, Substantial, Repaired,"Amsterdam-Schiphol International Airport (AMS) (   Netherlands) 
", Standing (STD),International Scheduled Passenger,"Amsterdam-Schiphol International Airport (AMS/EHAM), Netherlands","Roma-Fiumicino Airport (FCO/LIRF), Italy",,,Fatalities: 0 / Occupants:  
20131217-0,Final,Tuesday 17 December 2013,19:24,Raytheon 390 Premier I,"Mallen Industries, Inc.",,,, N50PM, RB-80, 2003,713,, 2 Williams International FJ44-2A,,Fatalities: 1 / Occupants: 1,Fatalities: 1 / Occupants: 1,,, Destroyed, Written off (damaged beyond repair),"6 km (3.8 mls) NW of Atlanta-Fulton County Airport, GA (FTY) (   United States of America) 
", Approach (APR),Private,"Atlanta-Fulton County Airport, GA (FTY/KFTY), United States of America","New Orleans-Lakefront Airport, LA (NEW/KNEW), United States of America",,,Fatalities: 2 / Occupants: 2 
20131219-0,Preliminary,Thursday 19 December 2013,,Boeing 737-58E,Nova Airways,,,, ST-NVG, 29122/2991, 1998-01-19  (15 years 11 months),,, 2 CFMI CFM56-3C1,,Fatalities: 0 / Occupants: ,Fatalities: 0 / Occupants: ,,, Substantial, Repaired,"Juba Airport (JUB) (   South Sudan) 
", Landing (LDG),Unknown,"Khartoum-Civil Airport (KRT/HSSS), Sudan","Juba Airport (JUB/HSSJ), South Sudan",,,Fatalities: 0 / Occupants:  
20131222-0,Final,Sunday 22 December 2013,22:43,Boeing 747-436,British Airways,,,, G-BNLL, 24054/794, 1990-05-30  (23 years 7 months),110578,, 4 Rolls-Royce RB211-524G,12832,Fatalities: 0 / Occupants: 17,Fatalities: 0 / Occupants: 185,,, Substantial, Written off (damaged beyond repair),"Johannesburg-O.R. Tambo International Airport (JNB) (   South Africa) 
", Taxi (TXI),International Scheduled Passenger,"Johannesburg-O.R. Tambo International Airport (JNB/FAOR), South Africa","London-Heathrow Airport (LHR/EGLL), United Kingdom",BA034,,Fatalities: 0 / Occupants: 202 
20130102-0,Final,Wednesday 2 January 2013,10:11,Saab 340A,SOL Líneas Aéreas,,,, LV-BMD, 340A-123, 1988-05-31  (24 years 7 months),47798,, 2 General Electric CT7-5A2,,Fatalities: 0 / Occupants: 3,Fatalities: 0 / Occupants: 30,,, Substantial, Written off (damaged beyond repair),"Mendoza-El Plumerillo Airport, MD (MDZ) (   Argentina) 
", Taxi (TXI),Domestic Scheduled Passenger,"Mendoza-El Plumerillo Airport, MD (MDZ/SAME), Argentina","Comodoro Rivadavia Airport, CB (CRD/SAVC), Argentina",8R5420,,Fatalities: 0 / Occupants: 33 
20130104-0,Preliminary,Friday 4 January 2013,c 11:45,Britten-Norman BN-2A-27 Islander,Transaereo 5074,,,, YV2615, 20, 1968-04-11  (44 years 9 months),,,,,Fatalities: 2 / Occupants: 2,Fatalities: 4 / Occupants: 4,,, Damaged beyond repair,,"between Los Roques and Caracas (   Venezuela) 
", En route (ENR),Domestic Non Scheduled Passenger,"Los Roques Airport (LRV/SVRS), Venezuela","Caracas-Simón Bolívar International Airport (CCS/SVMI), Venezuela",,,Fatalities: 6 / Occupants: 6 
20130108-0,Preliminary - official,Tuesday 8 January 2013,ca 15:00,Let L-410UVP-E9,Aeroeste,,,, CP-2382, 861727, 1986,,, 2 Walter M-601E,,Fatalities: 0 / Occupants: 2,Fatalities: 0 / Occupants: 10,,, Substantial, Repaired,"Santa Cruz-El Trompillo Airport (SRZ) (   Bolivia) 
", Landing (LDG),Domestic Scheduled Passenger,?,"Santa Cruz-El Trompillo Airport (SRZ/SLET), Bolivia",,,Fatalities: 0 / Occupants: 12 
20130115-0,Final,Tuesday 15 January 2013,19:58,Cessna 208B Super Cargomaster,Martinaire,,,, N1120N, 208B0386, 1994,10132,, 1 Pratt & Whitney Canada PT6A-114A,,Fatalities: 1 / Occupants: 1,Fatalities: 0 / Occupants: 0,,, Destroyed, Written off (damaged beyond repair),"2,5 km (1.6 mls) W of Pellston Regional Airport, MI (PLN) (   United States of America) 
", En route (ENR),Cargo,"Pellston Regional Airport, MI (PLN/KPLN), United States of America","Lansing-Capital City Airport, MI (LAN/KLAN), United States of America", 605,,Fatalities: 1 / Occupants: 1 
20130117-0,,Thursday 17 January 2013,10:30,CASA C-212 Aviocar 300,South African Air Force - SAAF,,,, 8020, 371, 1988,,,,,Fatalities: 0 / Occupants: 5,Fatalities: 0 / Occupants: 0,,, Damaged beyond repair,,"Bloemspruit Air Force Base (BFN) (   South Africa) 
", Landing (LDG),Military,?,"Bloemspruit Air Force Base (BFN/FABL), South Africa",,,Fatalities: 0 / Occupants: 5 
20130123-0,Final,Wednesday 23 January 2013,22:01,de Havilland Canada DHC-6 Twin Otter 300,Kenn Borek Air,,,, C-GKBC, 650, 1979-11-13  (33 years 3 months),28200,, 2 Pratt & Whitney Canada PT6A-34,,Fatalities: 3 / Occupants: 3,Fatalities: 0 / Occupants: 0,,, Destroyed, Written off (damaged beyond repair),"Mount Elizabeth (   Antarctica) 
", En route (ENR),Ferry/positioning,"South Pole-Amundsen-Scott Station, Antarctica","Terra Nova Bay-Zucchelli Station, Antarctica",,,Fatalities: 3 / Occupants: 3 
20130125-0,Preliminary - official,Friday 25 January 2013,04:57,McDonnell Douglas MD-11F,FedEx Express,,,, N618FE, 48754/604, 1996,,, 3 General Electric CF6-80C2D1F,,Fatalities: 0 / Occupants: 2,Fatalities: 0 / Occupants: 0,,, Substantial, Repaired,"Denver International Airport, CO (DEN) (   United States of America) 
", Landing (LDG),Cargo,?,"Denver International Airport, CO (DEN/KDEN), United States of America",1420,,Fatalities: 0 / Occupants: 2 
20130125-1,Final,Friday 25 January 2013,08:27,Britten-Norman BN-2B-26 Islander,Fly My Sky,,,, ZK-DLA, 2131, 1984,,,,,Fatalities: 0 / Occupants: 1,Fatalities: 0 / Occupants: 8,,, Substantial, Written off (damaged beyond repair),"Okiwi Station Airport (   New Zealand) 
", Landing (LDG),Domestic Scheduled Passenger,?,"Okiwi Station (NZOX), New Zealand",,,Fatalities: 0 / Occupants: 9 
20130129-0,Final,Tuesday 29 January 2013,13:10,Canadair CL-600-2B19 Regional Jet CRJ-200ER,SCAT,,,, UP-CJ006, 7413, 2000,25707,, 2 General Electric CF34-3B1,22975,Fatalities: 5 / Occupants: 5,Fatalities: 16 / Occupants: 16,,, Destroyed, Written off (damaged beyond repair),"1,6 km (1 mls) NE of Almaty Airport (ALA) (   Kazakhstan) 
", Approach (APR),Domestic Scheduled Passenger,"Kokshetau Airport (KOV/UACK), Kazakhstan","Almaty Airport (ALA/UAAA), Kazakhstan",DV760,,Fatalities: 21 / Occupants: 21 
20130202-0,Final,Saturday 2 February 2013,20:32,ATR 72-212A (ATR-72-500),,,Alitalia,, YR-ATS, 533, 1997-11-05  (15 years 3 months),24088,, 2 Pratt & Whitney Canada PW127F,,Fatalities: 0 / Occupants: 4,Fatalities: 0 / Occupants: 46,,, Substantial, Written off (damaged beyond repair),"Roma-Fiumicino Airport (FCO) (   Italy) 
", Landing (LDG),Domestic Scheduled Passenger,"Pisa-Galileo Galilei Airport (PSA/LIRP), Italy","Roma-Fiumicino Airport (FCO/LIRF), Italy",AZ1670,,Fatalities: 0 / Occupants: 50 
20130206-0,Preliminary - official,Wednesday 6 February 2013,14:23,Airbus A320-211,Tunis Air,,,, TS-IMB, 119, 1990-08-17  (22 years 6 months),,, 2 CFMI CFM56-5A1,,Fatalities: 0 / Occupants: 8,Fatalities: 0 / Occupants: 75,,, Substantial, Written off (damaged beyond repair),"Tunis-Carthage Airport (TUN) (   Tunisia) 
", Landing (LDG),International Scheduled Passenger,"Casablanca-Mohamed V Airport (CMN/GMMN), Morocco","Tunis-Carthage Airport (TUN/DTTA), Tunisia", 712,,Fatalities: 0 / Occupants: 83 
20130207-0,Preliminary - official,Thursday 7 February 2013,ca 12:10,Antonov An-2R,Poltava-Aero,,,, UR-54853, 1G184-60, 1979,7843,, 1 Shvetsov ASh-62IR,,Fatalities: 0 / Occupants: 1,Fatalities: 0 / Occupants: 0,,, Substantial,,"Knyazhin, Zhytomyr region (   Ukraine) 
", En route (ENR),Unknown,"Rivne International Airport (RWN/UKLR), Ukraine","Poltava Airport (PLV/UKHP), Ukraine",,,Fatalities: 0 / Occupants: 1 
20130209-0,Preliminary - official,Saturday 9 February 2013,11:42,Beechcraft 1900C,Pacific Coastal Airlines,,,, C-FPCO, UB-52, 1986,,, 2 Pratt & Whitney Canada PT6A-65B,,Fatalities: 0 / Occupants: ,Fatalities: 0 / Occupants: ,,, Substantial, Repaired,"Blue River Airport, BC (   Canada) 
", Landing (LDG),Domestic Scheduled Passenger,"Vancouver International Airport, BC (YVR/CYVR), Canada","Blue River Airport, BC (CYCP), Canada", 199,,Fatalities: 0 / Occupants:  
20130211-0,Preliminary,Monday 11 February 2013,07:10,IPTN/CASA CN-235-220,Republique de Guinée,,,, 3X-GGG, N.020, 1992,,, 2 General Electric CT7-9C,,Fatalities: 5 / Occupants: 5,Fatalities: 6 / Occupants: 6,,, Destroyed, Written off (damaged beyond repair),"ca 4 km S of Monrovia-Roberts International Airport (ROB) (   Liberia) 
", Approach (APR),Military,"Conakry Airport (CKY/DGCY), Guinea","Monrovia-Roberts International Airport (ROB/GLRB), Liberia",,,Fatalities: 11 / Occupants: 11 
20130211-1,Preliminary,Monday 11 February 2013,ca 13:30,Boeing 737-33A,Pakistan International Airlines - PIA,,,, AP-BEH, 25504/2341, 1992-07-22  (20 years 7 months),,, 2 CFMI CFM56-3B2,,Fatalities: 0 / Occupants: ,Fatalities: 0 / Occupants: ,,, Substantial, Written off (damaged beyond repair),"Muscat-Seeb Airport (MCT) (   Oman) 
", Landing (LDG),International Scheduled Passenger,"Sialkot Airport (SKT/OPST), Pakistan","Muscat-Seeb Airport (MCT/OOMS), Oman",PK259,,Fatalities: 0 / Occupants: 108 
20130211-2,Final,Monday 11 February 2013,19:45,McDonnell Douglas MD-83,Andes Líneas Aéreas,,,, LV-AYD, 53015/1818, 1991,60663,, 2 Pratt & Whitney JT8D-219,27312,Fatalities: 0 / Occupants: 6,Fatalities: 0 / Occupants: 65,,, Unknown, Repaired,"Salta-Martín Miguel de Güemes International Airport, SA (SLA) (   Argentina) 
", Taxi (TXI),Domestic Scheduled Passenger,"Buenos Aires-Jorge Newbery Airport, BA (AEP/SABE), Argentina","Salta-Martín Miguel de Güemes International Airport, SA (SLA/SASA), Argentina",,,Fatalities: 0 / Occupants: 71 
20130213-0,Final,Wednesday 13 February 2013,18:09,Antonov An-24RV,South Airlines,,,, UR-WRA, 37308709, 1973,51136,, 2 Ivchenko AI-24VT,32645,Fatalities: 0 / Occupants: 8,Fatalities: 5 / Occupants: 44,,, Destroyed, Written off (damaged beyond repair),"Donetsk Airport (DOK) (   Ukraine) 
", Landing (LDG),Domestic Non Scheduled Passenger,"Odessa-Central Airport (ODS/UKOO), Ukraine","Donetsk Airport (DOK/UKCC), Ukraine",8971,,Fatalities: 5 / Occupants: 52 
20130215-0,Final,Friday 15 February 2013,09:00,Embraer EMB-500 Phenom 100,Abelag Aviation,,,, OO-MAS, 50000196, 2010,562,, 2 Pratt & Whitney Canada PW617F-E,534,Fatalities: 0 / Occupants: 2,Fatalities: 0 / Occupants: 1,,, Substantial, Written off (damaged beyond repair),"Berlin-Schönefeld Airport (SXF) (   Germany) 
", Landing (LDG),Int'l Non Scheduled Passenger,"Kortrijk-Wevelgem International Airport (KJK/EBKT), Belgium","Berlin-Schönefeld Airport (SXF/EDDB), Germany",,,Fatalities: 0 / Occupants: 3 
20130220-0,Final,Wednesday 20 February 2013,20:06,Hawker Beechcraft 390 Premier IA,The Vein Guys,,,, N777VG, RB-208, 2007,503,, 2 Williams International FJ44-2A,,Fatalities: 0 / Occupants: 2,Fatalities: 5 / Occupants: 5,,, Destroyed, Written off (damaged beyond repair),"Thomson-McDuffie County Airport, GA (   United States of America) 
", Initial climb (ICL),Executive,"Nashville-John C. Tune Airport, TN (KJWN), United States of America","Thomson-McDuffie County Airport, GA (KHQU), United States of America",,,Fatalities: 5 / Occupants: 7 
20130228-0,Preliminary,Thursday 28 February 2013,,Let L-410UVP-E9,,United Nations - UN,,Heli Air Services, LZ-CCJ, 022634, 1991,,, 2 Walter M-601E,,Fatalities: 0 / Occupants: 2,Fatalities: 0 / Occupants: 0,,, Damaged beyond repair,,"Wau Airport (WUU) (   South Sudan) 
", Landing (LDG),Unknown,?,"Wau Airport (WUU/HSWW), South Sudan",,,Fatalities: 0 / Occupants: 2 
20130302-0,Preliminary,Saturday 2 March 2013,13:45 MSK,Antonov An-2T,DOSAAF,,,, RF-01024, 1G194-39, 1981,,,,,Fatalities: 0 / Occupants: 2,Fatalities: 0 / Occupants: 12,,, Substantial, Written off (damaged beyond repair),"2 km (1.3 mls) from  Rybinsk Airport (RYB) (   Russia) 
", En route (ENR),Parachuting,"Rybinsk Airport (RYB/UUBK), Russia","Rybinsk Airport (RYB/UUBK), Russia",,,Fatalities: 0 / Occupants: 14 
20130302-1,Final,Saturday 2 March 2013,20:10,Airbus A310-304,SATA Internacional,,,, CS-TGU, 571, 1991-02-07  (22 years ),60612,, 2 General Electric CF6-80C2A2,20239,Fatalities: 0 / Occupants: 8,Fatalities: 0 / Occupants: 117,,, Substantial, Repaired,"Ponta Delgada-João Paulo II Airport, Azores (PDL) (   Portugal) 
", Landing (LDG),Domestic Scheduled Passenger,"Lisboa-Portela de Sacavém Airport (LIS/LPPT), Portugal","Ponta Delgada-João Paulo II Airport, Azores (PDL/LPPD), Portugal",S4129,,Fatalities: 0 / Occupants: 125 
20130304-0,Final,Monday 4 March 2013,08:39,Hawker Beechcraft 390 Premier IA,Global Jet Luxembourg,,,, VP-CAZ, RB-202, 2007,1388,, 2 Williams International FJ44-2A,1404,Fatalities: 1 / Occupants: 1,Fatalities: 1 / Occupants: 2,,, Destroyed, Written off (damaged beyond repair),"0,5 km (0.3 mls) SE of Annemasse Airport (QNJ) (   France) 
", Takeoff (TOF),Private,"Annemasse Airport (QNJ/LFLI), France","Genève-Cointrin Airport (GVA/LSGG), Switzerland",,,Fatalities: 2 / Occupants: 3 
20130304-1,Preliminary,Monday 4 March 2013,17:55,Fokker 50,Compagnie Africaine d'Aviation - CAA,,,, 9Q-CBD, 20270, 1992-12-09  (20 years 3 months),,, 2 Pratt & Whitney Canada PW125B,,Fatalities: 7 / Occupants: 7,Fatalities: 0 / Occupants: 3,,, Damaged beyond repair,,"Goma Airport (GOM) (   Democratic Republic of the Congo) 
", Approach (APR),Cargo,"Lodja Airport (LJA/FZVA), Democratic Republic of the Congo","Goma Airport (GOM/FZNA), Democratic Republic of the Congo",,,Fatalities: 7 / Occupants: 10 
20130306-0,Final,Wednesday 6 March 2013,07:41,Beechcraft B200 King Air,Aero Transporte SA - ATSA,,,, OB-1992-P, BB-1682, 2000,3859,, 2 Pratt & Whitney Canada PT6A-42,4318,Fatalities: 2 / Occupants: 2,Fatalities: 7 / Occupants: 7,,, Destroyed, Written off (damaged beyond repair),"1,4 km (0.9 mls) S of Pias Airport (   Peru) 
", En route (ENR),Domestic Non Scheduled Passenger,"Lima-Jorge Chávez International Airport (LIM/SPIM), Peru","Pias Airport (SPIS), Peru",,,Fatalities: 9 / Occupants: 9 
20130307-0,Final,Thursday 7 March 2013,08:33,Swearingen SA227-AC Metro III,Bin Air,,,, D-CAVA, AC-758B, 1990,,, 2 Garrett TPE331-11U-612G,,Fatalities: 0 / Occupants: 2,Fatalities: 0 / Occupants: 0,,, Substantial, Repaired,"Dublin Airport (DUB) (   Ireland) 
", Landing (LDG),Cargo,"Manston-Kent International Airport (MSE/EGMH), United Kingdom","Dublin Airport (DUB/EIDW), Ireland",,,Fatalities: 0 / Occupants: 2 
20130307-1,Final,Thursday 7 March 2013,19:21,Boeing 757-232,Delta Air Lines,,,, N698DL, 29911/885, 1999-08-13  (13 years 7 months),46669,, 2 Pratt & Whitney PW2037,,Fatalities: 0 / Occupants: 6,Fatalities: 0 / Occupants: 142,,, Substantial, Repaired,"Atlanta-William B. Hartsfield International Airport, GA (ATL) (   United States of America) 
", Landing (LDG),Domestic Scheduled Passenger,"Santa Ana-John Wayne International Airport, CA (SNA/KSNA), United States of America","Atlanta-William B. Hartsfield International Airport, GA (ATL/KATL), United States of America",DL1693,,Fatalities: 0 / Occupants: 148 
20130308-0,Final,Friday 8 March 2013,08:14,Beechcraft 1900C-1,ACE Air Cargo,,,, N116AX, UC-17, 1988,29824,, 2 Pratt & Whitney Canada PT6A-65B,,Fatalities: 2 / Occupants: 2,Fatalities: 0 / Occupants: 0,,, Destroyed, Written off (damaged beyond repair),"32 km (20 mls) NE of Dillingham Municipal Airport, AK (DLG) (   United States of America) 
", Approach (APR),Cargo,"King Salmon Airport, AK (AKN/PAKN), United States of America","Dillingham Municipal Airport, AK (DLG/PADL), United States of America",  51,,Fatalities: 2 / Occupants: 2 
20130316-0,- (No safety board investigation),Saturday 16 March 2013,,Airbus A320-214,GECAS,,,, N620SC, 594, 1996-05-02  (16 years 11 months),,, 2 CFMI CFM56-5B4/3,,Fatalities: 0 / Occupants: 0,Fatalities: 0 / Occupants: 0,,, Damaged beyond repair,,"Jakarta-Soekarno-Hatta International Airport (CGK) (   Indonesia) 
", Standing (STD),-,-,-,,,Fatalities: 0 / Occupants: 0 
20130316-1,- (No safety board investigation),Saturday 16 March 2013,,Boeing 737-5U3,Garuda Indonesia Airways,,,, PK-GGA, 28726/2920, 1997-08-07  (15 years 8 months),,, 2 CFMI CFM56-3C1,,Fatalities: 0 / Occupants: 0,Fatalities: 0 / Occupants: 0,,, Damaged beyond repair,,"Jakarta-Soekarno-Hatta International Airport (CGK) (   Indonesia) 
", Standing (STD),-,-,-,,,Fatalities: 0 / Occupants: 0 
20130317-0,Final,Sunday 17 March 2013,16:23,Hawker Beechcraft 390 Premier IA,Digicut Systems,,,, N26DK, RB-226, 2008,457,, 2 Williams International FJ44-2A,,Fatalities: 2 / Occupants: 2,Fatalities: 0 / Occupants: 2,,, Destroyed, Written off (damaged beyond repair),"1 km (0.6 mls) S of South Bend Regional, IN (SBN) (   United States of America) 
", Initial climb (ICL),Executive,"Tulsa-Richard Lloyd Jones Jr. Airport, OK (RVS/KRVS), United States of America","South Bend Regional, IN (SBN/KSBN), United States of America",,,Fatalities: 2 / Occupants: 4 
20130322-0,Final,Friday 22 March 2013,12:30 UTC,Grumman G-159 Gulfstream I,Malu Aviation,,,, 9Q-CTC, 1, 1958-08-14  (54 years 8 months),17247,, 2 Rolls-Royce Dart 529-8X,14728,Fatalities: 0 / Occupants: 2,Fatalities: 0 / Occupants: 4,,, Destroyed, Written off (damaged beyond repair),"Djolu Airport (   Democratic Republic of the Congo) 
", Takeoff (TOF),Ferry/positioning,"Djolu Airport, Democratic Republic of the Congo","Kinshasa-N'Dolo Airport (NLO/FZAB), Democratic Republic of the Congo",,,Fatalities: 0 / Occupants: 6 
20130323-0,Final,Saturday 23 March 2013,15:03,Antonov An-2R,Yug Line,,,, RA-02203, 1G234-34, 1989,3612,, 1 Shvetsov ASh-62IR,16267,Fatalities: 1 / Occupants: 2,Fatalities: 0 / Occupants: 0,,, Damaged beyond repair,,"3 km (1.9 mls) N of Vostochnaya, Ust'-Labinsk region, Krasnodarskiy kray (   Russia) 
", En route (ENR),Agricultural,?,?,,,Fatalities: 1 / Occupants: 2 
20130327-0,Final,Wednesday 27 March 2013,12:53,de Havilland Canada DHC-6 Twin Otter 300,Air Labrador,,,, C-FOPN, 291, 1970,,,,,Fatalities: 0 / Occupants: 2,Fatalities: 0 / Occupants: 8,,, Substantial, Repaired,"St. Anthony Airport, NL (YAY) (   Canada) 
", Landing (LDG),Domestic Scheduled Passenger,"Mary's Harbour Airport, NL (YMH/CYMH), Canada","St. Anthony Airport, NL (YAY/CYAY), Canada",,,Fatalities: 0 / Occupants: 10 
20130329-0,Final,Friday 29 March 2013,20:45,Airbus A321-111,,Air Méditerranée,,Hermes Airlines, SX-BHS, 642, 1997-01-06  (16 years 3 months),37757,, 2 CFMI CFM56-5B1,22420,Fatalities: 0 / Occupants: 7,Fatalities: 0 / Occupants: 174,,, Minor, Repaired,"Lyon Saint-Exupéry Airport (LYS) (   France) 
", Landing (LDG),Int'l Non Scheduled Passenger,"Agadir-Al Massira International Airport (AGA/GMAA), Morocco","Lyon Saint-Exupéry Airport (LYS/LFLL), France",ML7817,,Fatalities: 0 / Occupants: 181 
20130401-0,Preliminary,Monday 1 April 2013,14:00,Britten-Norman BN-2A-27 Islander,Air Vanuatu,,,, YJ-RV16, 104, 1969-08-21  (43 years 8 months),,,,,Fatalities: 0 / Occupants: 1,Fatalities: 0 / Occupants: ,,, Substantial,,"Walaha Airport (WLH) (   Vanuatu) 
", Taxi (TXI),Domestic Scheduled Passenger,?,"Walaha Airport (WLH/NVSW), Vanuatu",,,Fatalities: 0 / Occupants:  
20130407-0,Preliminary,Sunday 7 April 2013,ca 16:13,Beechcraft 1900C-1,Sahel Air Service,,,, ZS-PHL, UC-74, 1989,,, 2 Pratt & Whitney Canada PT6A-65B,,Fatalities: 1 / Occupants: 1,Fatalities: 0 / Occupants: 0,,, Missing, Presumed damaged beyond repair,"14,5 km (9.1 mls) off  São Tomé Island Airport (TMS) (   São Tomé and Príncipe) 
", Approach (APR),Ferry/positioning,"Ondangwa Airport (OND/FYOA), Namibia","São Tomé Island Airport (TMS/FPST), São Tomé and Príncipe",,,Fatalities: 1 / Occupants: 1 
20130410-0,Preliminary,Wednesday 10 April 2013,,Antonov An-26,Unknown,,,, registration unknown, , ,,,,,Fatalities: 0 / Occupants: ,Fatalities: 0 / Occupants: ,,, Damaged beyond repair,,"Doro Airstrip (   South Sudan) 
", Unknown (UNK),Unknown,?,?,,,Fatalities: 0 / Occupants:  
20130413-0,Final,Saturday 13 April 2013,15:10,Boeing 737-8GP (WL),Lion Air,,,, PK-LKS, 38728/4350, 2013-02-05  (2 months),142,, 2 CFMI CFM56-7B24E,104,Fatalities: 0 / Occupants: 7,Fatalities: 0 / Occupants: 101,,, Substantial, Written off (damaged beyond repair),"Denpasar-Ngurah Rai Bali International Airport (DPS) (   Indonesia) 
", Approach (APR),Domestic Scheduled Passenger,"Bandung Airport (BDO/WICC), Indonesia","Denpasar-Ngurah Rai Bali International Airport (DPS/WADD), Indonesia", 904,,Fatalities: 0 / Occupants: 108 
20130416-0,Final,Tuesday 16 April 2013,14:58,Boeing 767-283ER,Aeroméxico,,,, XA-TOJ, 24727/301, 1990-04-05  (23 years ),99771,, 2 Pratt & Whitney PW4056,,Fatalities: 0 / Occupants: 9,Fatalities: 0 / Occupants: 154,,, Substantial, Written off (damaged beyond repair),"Madrid-Barajas Airport (MAD) (   Spain) 
", Takeoff (TOF),International Scheduled Passenger,"Madrid-Barajas Airport (MAD/LEMD), Spain","Mexico City-Benito Juárez International Airport (MEX/MMMX), Mexico",AM002,,Fatalities: 0 / Occupants: 163 
20130416-1,Final,Tuesday 16 April 2013,17:37,Airbus A321-231,Asiana Airlines,,,, HL7730, 2226, 2004-04-20  (9 years),30268,, 2 IAE V2533-A5,13619,Fatalities: 0 / Occupants: 11,Fatalities: 0 / Occupants: 128,,, Substantial, Repaired,"Seoul-Incheon International Airport (ICN) (   South Korea) 
", Landing (LDG),International Scheduled Passenger,"Harbin-Taiping International Airport (HRB/ZYHB), China","Seoul-Incheon International Airport (ICN/RKSI), South Korea",OZ340,,Fatalities: 0 / Occupants: 139 
20130417-0,Preliminary,Wednesday 17 April 2013,,Boeing 737-8GK (WL),Buraq Air,,,, 5A-DMG, 34948/2074, 2006-09-28  (6 years 7 months),,, 2 CFMI CFM56-7B27,,Fatalities: 0 / Occupants: ,Fatalities: 0 / Occupants: ,,, Minor, Repaired,"13 km (8.1 mls) W of Tripoli International Airport (TIP) (   Libya) 
", Approach (APR),Domestic Scheduled Passenger,"Benghazi-Benina International Airport (BEN/HLLB), Libya","Tripoli International Airport (TIP/HLLT), Libya",,,Fatalities: 0 / Occupants: 155 
20130417-1,Preliminary,Wednesday 17 April 2013,14:35,de Havilland Canada DHC-6 Twin Otter 300,Lao Air,,,, RDPL-34180, 231, 1969,,,,,Fatalities: 0 / Occupants: 2,Fatalities: 0 / Occupants: 16,,, Substantial, Repaired,"Sam Neua Airport (NEU) (   Laos) 
", Takeoff (TOF),Domestic Scheduled Passenger,"Sam Neua Airport (NEU/VLSN), Laos","Vientiane-Wattay Airport (VTE/VLVT), Laos", 201,,Fatalities: 0 / Occupants: 18 
20130423-0,Preliminary,Tuesday 23 April 2013,,British Aerospace BAe-125 CC3 (HS-125-700),Royal Air Force - RAF,,,, ZD704, 257194, 1982,,, 2 Garrett TFE731-3R-1H,,Fatalities: 0 / Occupants: 0,Fatalities: 0 / Occupants: 0,,, Substantial, Written off (damaged beyond repair),"Kandahar Airport (KDH) (   Afghanistan) 
", Standing (STD),Military,-,-,,,Fatalities: 0 / Occupants: 0 
20130427-0,Final,Saturday 27 April 2013,12:43,Beechcraft MC-12W Liberty (King Air 350),United States Air Force - USAF,,,, 09-0676, FL-676, 2009,,,,,Fatalities: 4 / Occupants: 4,Fatalities: 0 / Occupants: 0,,, Destroyed, Written off (damaged beyond repair),"204 km (127.5 mls) NE of Kandahar Airport (KDH) (   Afghanistan) 
", En route (ENR),Military,"Kandahar Airport (KDH/OAKN), Afghanistan","Kandahar Airport (KDH/OAKN), Afghanistan",,,Fatalities: 4 / Occupants: 4 
20130429-0,Final,Monday 29 April 2013,15:27,Boeing 747-428BCF,National Airlines (National Air Cargo),,,, N949CA, 25630/960, 1993-01-29  (20 years 3 months),,, 4 General Electric CF6-80C2B1F,,Fatalities: 7 / Occupants: 7,Fatalities: 0 / Occupants: 0,,, Destroyed, Written off (damaged beyond repair),"Bagram Air Base (BPM) (   Afghanistan) 
", Takeoff (TOF),Cargo,"Bagram Air Base (BPM/OAIX), Afghanistan","Dubai World Central-Al Maktoum International Airport (DWC/OMDW), United Arab Emirates",NCR102,,Fatalities: 7 / Occupants: 7 
20130430-0,Preliminary,Tuesday 30 April 2013,12:30,Beechcraft 300 Super King Air,Procuraduría General de la República (PGR),,,, XC-LMV, FA-83, 1986,,,,,Fatalities: 3 / Occupants: 3,Fatalities: 3 / Occupants: 3,,, Destroyed, Written off (damaged beyond repair),"15 km (9.4 mls) from  Zacatecas (   Mexico) 
", En route (ENR),Executive,"Zacatecas-La Calera Airport (ZCL/MMZC), Mexico","Mexico City-Benito Juárez International Airport (MEX/MMMX), Mexico",,,Fatalities: 6 / Occupants: 6 
20130501-0,- (No safety board investigation),Wednesday 1 May 2013,,McDonnell Douglas DC-9-82 (MD-82),American Airlines,,,, N7518A, 49895/1698, 1990,66761,, 2 Pratt & Whitney JT8D-217C,34918,Fatalities: 0 / Occupants: ,Fatalities: 0 / Occupants: ,,, Minor, Written off (damaged beyond repair),"Dallas/Fort Worth International Airport, TX (DFW) (   United States of America) 
", Standing (STD),Domestic Scheduled Passenger,"Newark-Liberty International Airport, NJ (EWR/KEWR), United States of America","Dallas/Fort Worth International Airport, TX (DFW/KDFW), United States of America",,,Fatalities: 0 / Occupants:  
20130501-1,Preliminary - official,Wednesday 1 May 2013,19:24,Airbus A330-343X,Scandinavian Airlines System - SAS,,,, LN-RKO, 515, 2003-01-16  (10 years 4 months),,, 2 Rolls-Royce Trent 772B-60,,Fatalities: 0 / Occupants: ,Fatalities: 0 / Occupants: ,,, Substantial, Repaired,"Newark-Liberty International Airport, NJ (EWR) (   United States of America) 
", Taxi (TXI),International Scheduled Passenger,"Newark-Liberty International Airport, NJ (EWR/KEWR), United States of America","Oslo-Gardermoen Airport (OSL/ENGM), Norway", 908,,Fatalities: 0 / Occupants: 242 
20130501-2,Preliminary - official,Wednesday 1 May 2013,19:24,Embraer EMB-145LR (ERJ-145LR),,,United Express,, N17560, 145605, 2002,,, 2 Allison AE3007A1/2,,Fatalities: 0 / Occupants: ,Fatalities: 0 / Occupants: ,,, Substantial, Repaired,"Newark-Liberty International Airport, NJ (EWR) (   United States of America) 
", Taxi (TXI),Domestic Scheduled Passenger,"Newark-Liberty International Airport, NJ (EWR/KEWR), United States of America","Nashville International Airport, TN (BNA/KBNA), United States of America",4426,,Fatalities: 0 / Occupants: 31 
20130503-0,Final,Friday 3 May 2013,14:55,Boeing KC-135R Stratotanker,United States Air Force - USAF,,,, 63-8877, 18725/708, 1964-07-23  (48 years 10 months),,, 4 CFMI F108-CF-100,,Fatalities: 3 / Occupants: 3,Fatalities: 0 / Occupants: 0,,, Destroyed, Written off (damaged beyond repair),"S of Chaldovar (   Kyrgyzstan) 
", En route (ENR),Military,"Bishkek-Manas International Airport (FRU/UCFM), Kyrgyzstan","Bishkek-Manas International Airport (FRU/UCFM), Kyrgyzstan",,,Fatalities: 3 / Occupants: 3 
20130505-0,Preliminary,Sunday 5 May 2013,10:00,Learjet 60,private,,,, N119FD, 60-029, 1994,,, 2 Pratt & Whitney Canada PW305,,Fatalities: 2 / Occupants: 2,Fatalities: 0 / Occupants: 0,,, Destroyed, Written off (damaged beyond repair),"ca 3 km W of Valencia-Arturo Michelena International Airport (VLN) (   Venezuela) 
", Approach (APR),Unknown,"Charallave-Óscar Machado Zuloaga Airport (SVCS), Venezuela","Valencia-Arturo Michelena International Airport (VLN/SVVA), Venezuela",,,Fatalities: 2 / Occupants: 2 
20130505-1,Preliminary - official,Sunday 5 May 2013,21:25,de Havilland Canada DHC-6 Twin Otter 300,Kenn Borek Air,,,, C-GKBO, 725, 1977,,, 2 Pratt & Whitney Canada PT6A-27,,Fatalities: 0 / Occupants: 2,Fatalities: 0 / Occupants: 0,,, Substantial, Repaired,"northeast coast of Greenland (   Greenland) 
", Taxi (TXI),Unknown,?,"Grise Fiord Airport, NU (YGZ/CYGZ), Canada",,,Fatalities: 0 / Occupants: 2 
20130508-0,Preliminary,Wednesday 8 May 2013,11:40,British Aerospace BAe-146-200QT,Nusantara Air Charter,,,, PK-JKC, E2113, 1988-10-07  (24 years 7 months),,, 4 Lycoming ALF502R-5,,Fatalities: 0 / Occupants: ,Fatalities: 0 / Occupants: ,,, Damaged beyond repair,,"Wamena Airport (WMX) (   Indonesia) 
", Standing (STD),Cargo,"Jayapura-Sentani Airport (DJJ/WAJJ), Indonesia","Wamena Airport (WMX/WAJW), Indonesia",,,Fatalities: 0 / Occupants:  
20130510-0,Final,Friday 10 May 2013,10:20,Antonov An-2R,Aero Scoroget,,,, YR-LRA, 1G195-09, 1982,6598,, 1 Shvetsov ASh-62IR,,Fatalities: 0 / Occupants: 2,Fatalities: 0 / Occupants: 1,,, Substantial, Written off (damaged beyond repair),"Strehaia (   Romania) 
", En route (ENR),Agricultural,?,?,,,Fatalities: 0 / Occupants: 3 
20130510-1,Final,Friday 10 May 2013,ca 14:00,CASA/Nurtanio NC-212 Aviocar 200,Nusantara Buana Air,,,, PK-TLG, 413/93N, 1993,12910,, 2 Garrett TPE331-10R-512C,,Fatalities: 0 / Occupants: 2,Fatalities: 0 / Occupants: 18,,, Minor, Repaired,"near Ternate (   Indonesia) 
", En route (ENR),Domestic Scheduled Passenger,"Ternate-Babullah Airport (TTE/WAMT), Indonesia","Gebe Airport (GEB/WAMJ), Indonesia",868,,Fatalities: 0 / Occupants: 20 
20130513-0,Final,Monday 13 May 2013,12:45,Learjet 35A,Evergreen International Aviation,,,, N22MS, 35A-209, 1978,15047,, 2 Garrett TFE731-2-2B,9491,Fatalities: 0 / Occupants: 2,Fatalities: 0 / Occupants: 1,,, Substantial, Written off (damaged beyond repair),"McMinnville Municipal Airport, OR (   United States of America) 
", Landing (LDG),Ferry/positioning,"Grand Junction-Walker Field, CO (GJT/KGJT), United States of America","McMinnville Municipal Airport, OR (KMMV), United States of America",,,Fatalities: 0 / Occupants: 3 
20130515-0,Final,Wednesday 15 May 2013,10:34,Antonov An-2R,Aviakompanija Annushka,,,, RA-31403, 1G197-26, 1982,8522,, 1 Shvetsov ASh-62IR,34391,Fatalities: 1 / Occupants: 1,Fatalities: 0 / Occupants: 0,,, Destroyed, Written off (damaged beyond repair),"11 km (6.9 mls) N of Chernolesskoye, Novoselitskiy rayon, Stavropol (   Russia) 
", Maneuvering (MNV),Agricultural,?,?,,,Fatalities: 1 / Occupants: 1 
20130516-0,Preliminary,Thursday 16 May 2013,ca 10:45,Harbin Yunshuji Y-12 II,China Flying Dragon Aviation,,,, B-3801, 0006, 1986,,, 2 Pratt & Whitney Canada PT6A-27,,Fatalities: 0 / Occupants: 3,Fatalities: 0 / Occupants: 0,,, Destroyed, Written off (damaged beyond repair),"1 km (0.6 mls) NE of Shenyang-Taoxian International Airport (SHE) (   China) 
", Initial climb (ICL),Agricultural,"Shenyang-Taoxian International Airport (SHE/ZYTX), China","Shenyang-Taoxian International Airport (SHE/ZYTX), China",,,Fatalities: 0 / Occupants: 3 
20130516-1,Final,Thursday 16 May 2013,08:33,de Havilland Canada DHC-6 Twin Otter 300,Nepal Airlines,,,, 9N-ABO, 638, 1979-08-24  (33 years 9 months),32291,, 2 Pratt & Whitney Canada PT6A-27,54267,Fatalities: 0 / Occupants: 3,Fatalities: 0 / Occupants: 18,,, Substantial, Written off (damaged beyond repair),"Jomsom Airport (JMO) (   Nepal) 
", Landing (LDG),Domestic Scheduled Passenger,"Pokhara Airport (PKR/VNPK), Nepal","Jomsom Airport (JMO/VNJS), Nepal",,,Fatalities: 0 / Occupants: 21 
20130516-2,Final,Thursday 16 May 2013,11:48,Xian MA60,Myanma Airways,,,, XY-AIQ, 0808, 2010,3457,, 2 Pratt & Whitney Canada PW127J,2973,Fatalities: 0 / Occupants: 4,Fatalities: 0 / Occupants: 51,,, Substantial,,"Mong Hsat Airport (MOG) (   Myanmar) 
", Landing (LDG),Domestic Scheduled Passenger,"Heho Airport (HEH/VYHH), Myanmar","Mong Hsat Airport (MOG/VYMS), Myanmar", 646,,Fatalities: 0 / Occupants: 55 
20130518-0,Preliminary - official,Saturday 18 May 2013,01:04,de Havilland Canada DHC-8-102 Dash 8,,,US Airways Express,, N934HA, 139, 1989-02-24  (24 years 3 months),,, 2 Pratt & Whitney Canada PW120A,,Fatalities: 0 / Occupants: 3,Fatalities: 0 / Occupants: 31,,, Substantial, Repaired,"Newark-Liberty International Airport, NJ (EWR) (   United States of America) 
", Landing (LDG),Domestic Scheduled Passenger,"Philadelphia International Airport, PA (PHL/KPHL), United States of America","Newark-Liberty International Airport, NJ (EWR/KEWR), United States of America",4560,,Fatalities: 0 / Occupants: 34 
20130518-1,Final,Saturday 18 May 2013,16:39,Cessna 500 Citation I,BFB Leasing S.A. Arrendamento Mercantil,,,, PT-LPZ, 500-0015, 1972,,,,,Fatalities: 0 / Occupants: 2,Fatalities: 0 / Occupants: 2,,, Substantial, Written off (damaged beyond repair),"São Paulo-Campo de Marte Airport, SP (   Brazil) 
", Landing (LDG),Executive,"Sorocaba Airport, SP (SOD/SDCO), Brazil","São Paulo-Campo de Marte Airport, SP (SBMT), Brazil",,,Fatalities: 0 / Occupants: 4 
20130519-0,Final,Sunday 19 May 2013,14:20,Lockheed C-130J-30 Super Hercules,United States Air Force - USAF,,,, 04-3144, 5560, 2004,,,,,Fatalities: 0 / Occupants: 11,Fatalities: 0 / Occupants: 2,,, Substantial, Written off (damaged beyond repair),"Forward Operating Base Shank (OAA) (   Afghanistan) 
", Landing (LDG),Military,"Kandahar Airport (KDH/OAKN), Afghanistan","Shank Forward Operating Base (OAA), Afghanistan",,,Fatalities: 0 / Occupants: 13 
20130524-0,Preliminary,Friday 24 May 2013,,Boeing 777-340ER,Pakistan International Airlines - PIA,,,, AP-BID, 33780/705, 2008-03-18  (5 years 2 months),,, 2 General Electric GE90-115BL2,,Fatalities: 0 / Occupants: 14,Fatalities: 0 / Occupants: 308,,, None,,"London-Stansted Airport (STN) (   United Kingdom) 
", En route (ENR),International Scheduled Passenger,"Lahore Airport (LHE/OPLA), Pakistan","Manchester Airport (MAN/EGCC), United Kingdom",PK709,,Fatalities: 0 / Occupants: 322 
20130524-1,Final,Friday 24 May 2013,10:02,Antonov An-2SX,Valor Air,,,, EX-02015, 1G153-56, 1974,10995,, 1 Shvetsov ASh-62IR,34201,Fatalities: 2 / Occupants: 2,Fatalities: 1 / Occupants: 1,,, Destroyed, Written off (damaged beyond repair),"2,5 km (1.6 mls) NW of Jyl-Kol, Jalal-Abad region (   Kyrgyzstan) 
", Maneuvering (MNV),Agricultural,"Tash Kumyr Airstrip, Kyrgyzstan","Tash Kumyr Airstrip, Kyrgyzstan",,,Fatalities: 3 / Occupants: 3 
20130524-2,Final,Friday 24 May 2013,08:16,Airbus A319-131,British Airways,,,, G-EUOE, 1574, 2001-08-10  (11 years 10 months),28362,, 2 IAE V2522-A5,,Fatalities: 0 / Occupants: 5,Fatalities: 0 / Occupants: 75,,, Substantial, Repaired,"London-Heathrow Airport (LHR) (   United Kingdom) 
", Takeoff (TOF),International Scheduled Passenger,"London-Heathrow Airport (LHR/EGLL), United Kingdom","Oslo-Gardermoen Airport (OSL/ENGM), Norway",BA762,,Fatalities: 0 / Occupants: 80 
20130524-3,Final,Friday 24 May 2013,10:18,Airbus A320-232,Air Via,,,, LZ-MDR, 5158, 2012-05-10  (1 year ),3164,, 2 IAE V2527-A5,1330,Fatalities: 0 / Occupants: 6,Fatalities: 0 / Occupants: 172,,, Substantial, Repaired,"Varna Airpot (VAR) (   Bulgaria) 
", Landing (LDG),International Scheduled Passenger,"Leipzig Airport (LEJ/EDDP), Germany","Varna Airport (VAR/LBWN), Bulgaria",VIM502,,Fatalities: 0 / Occupants: 178 
20130526-0,Preliminary,Sunday 26 May 2013,15:30,Boeing KC-137E (707-324C),Força Aérea Brasileira - FAB,,,, 2404, 19870/702, 1968-04-16  (45 years 2 months),,, 4 Pratt & Whitney JT3D-3B,,Fatalities: 0 / Occupants: 12,Fatalities: 0 / Occupants: 131,,, Substantial,,"Port-au-Prince-Mais Gate Airport (PAP) (   Haiti) 
", Takeoff (TOF),Military,"Port-au-Prince-Mais Gate Airport (PAP/MTPP), Haiti","Manaus-Eduardo Gomes International Airport, AM (MAO/SBEG), Brazil",,,Fatalities: 0 / Occupants: 143 
20130526-1,Final,Sunday 26 May 2013,22:16,Bombardier DHC-8-402Q Dash 8,Porter Airlines,,,, C-GLQO, 4270, 2009-08-06  (3 years 10 months),,, 2 Pratt & Whitney Canada PW150A,,Fatalities: 0 / Occupants: 4,Fatalities: 0 / Occupants: 59,,, Substantial, Repaired,"Sault Ste. Marie Airport, ON (YAM) (   Canada) 
", Landing (LDG),Domestic Scheduled Passenger,"Toronto City-Billy Bishop Airport, ON (YTZ/CYTZ), Canada","Sault Ste. Marie Airport, ON (YAM/CYAM), Canada",PD689,,Fatalities: 0 / Occupants: 63 
20130527-0,Preliminary,Monday 27 May 2013,10:35,Cessna 208B Grand Caravan,Goma Air,,,, 9N-AJU, 208B0770, 1999,,, 1 Pratt & Whitney Canada PT6A-114A,,Fatalities: 0 / Occupants: 2,Fatalities: 0 / Occupants: 9,,, Substantial, Repaired,"Simikot Airport (IMK) (   Nepal) 
", Landing (LDG),Domestic Scheduled Passenger,"Nepalganj Airport (KEP/VNNG), Nepal","Simikot Airport (IMK/VNST), Nepal",,,Fatalities: 0 / Occupants: 11 
20130531-0,Final,Friday 31 May 2013,07:09,British Aerospace ATP-F,Deraya Air Taxi,,,, PK-DGI, 2027, 1990-08-23  (22 years 10 months),15755,, 2 Pratt & Whitney Canada PW126,25431,Fatalities: 0 / Occupants: 2,Fatalities: 0 / Occupants: 0,,, Substantial, Written off (damaged beyond repair),"Wamena Airport (WMX) (   Indonesia) 
", Landing (LDG),Cargo,"Jayapura-Sentani Airport (DJJ/WAJJ), Indonesia","Wamena Airport (WMX/WAJW), Indonesia",,,Fatalities: 0 / Occupants: 2 
20130599-0,,xx MAY 2013,,Lockheed C-130H Hercules,Ejército del Aire,,,, T.10-02, 4526, ,,,,,Fatalities: 0 / Occupants: ,Fatalities: 0 / Occupants: ,,, Damaged beyond repair,,"unknown (   Spain) 
", Unknown (UNK),Military,?,?,,,Fatalities: 0 / Occupants:  
20130601-0,Preliminary,Saturday 1 June 2013,07:14,Dornier 228-202K,Sita Air,,,, 9N-AHB, 8169, 1989-10-18  (23 years 8 months),,, 2 Garrett TPE331-5-252D,,Fatalities: 0 / Occupants: 2,Fatalities: 0 / Occupants: 5,,, Substantial, Repaired,"Simikot Airport (IMK) (   Nepal) 
", Landing (LDG),Domestic Scheduled Passenger,"Nepalganj Airport (KEP/VNNG), Nepal","Simikot Airport (IMK/VNST), Nepal",,,Fatalities: 0 / Occupants: 7 
20130602-0,Final,Sunday 2 June 2013,19:07,Airbus A320-214,Cebu Pacific Air,,,, RP-C3266, 4870, 2011-09-29  (1 year 8 months),,, 2 CFMI CFM56-5B4/3,,Fatalities: 0 / Occupants: 6,Fatalities: 0 / Occupants: 165,,, Substantial, Repaired,"Davao City-Francisco Bangoy International Airport (DVO) (   Philippines) 
", Landing (LDG),Domestic Scheduled Passenger,"Manila-Ninoy Aquino International Airport (MNL/RPLL), Philippines","Davao City-Francisco Bangoy International Airport (DVO/RPMD), Philippines", 971,,Fatalities: 0 / Occupants: 171 
20130603-0,Final,Monday 3 June 2013,06:50 UTC,Beechcraft B200 Super King Air,RV Consulting Partnership,,,, ZS-GJV, BB-1167, 1984,9782,, 2 Pratt & Whitney Canada PT6A-42,,Fatalities: 0 / Occupants: 1,Fatalities: 0 / Occupants: 0,,, Substantial,,"Lanseria Airport (HLA) (   South Africa) 
", Landing (LDG),Ferry/positioning,"Johannesburg-O.R. Tambo International Airport (JNB/FAOR), South Africa","Lanseria Airport (HLA/FALA), South Africa",,,Fatalities: 0 / Occupants: 1 
20130607-0,Preliminary - official,Friday 7 June 2013,17:25,Embraer EMB-145LI (ERJ-145LI),China Eastern Airlines,,,, B-3052, 14500905, 2006,,, 2 Allison AE3007A1/1,,Fatalities: 0 / Occupants: 5,Fatalities: 0 / Occupants: 44,,, Substantial,,"Shanghai-Hongqiao Airport (SHA) (   China) 
", Landing (LDG),Domestic Scheduled Passenger,"Huai'an-Lianshui Airport (HIA/ZSSH), China","Shanghai-Hongqiao Airport (SHA/ZSSS), China",MU2947,,Fatalities: 0 / Occupants: 49 
20130607-1,Final,Friday 7 June 2013,13:12,Beechcraft B200GT King Air,Osage Air LLC,,,, N510LD, BY-24, 2007,974,, 2 Pratt & Whitney Canada PT6A-52,,Fatalities: 1 / Occupants: 1,Fatalities: 0 / Occupants: 0,,, Destroyed, Written off (damaged beyond repair),"4,7 km (2.9 mls) N of Baton Rouge Metropolitan Airport, LA (BTR) (   United States of America) 
", Initial climb (ICL),Private,"Baton Rouge Metropolitan Airport, LA (BTR/KBTR), United States of America","McComb-Pike County Airport, MS (MCB/KMCB), United States of America",,,Fatalities: 1 / Occupants: 1 
20130608-0,Preliminary - official,Saturday 8 June 2013,08:06,Airbus A320-232,Wizz Air,,,, HA-LWM, 5021, 2012-02-04  (1 year 4 months),,, 2 IAE V2527-A5,,Fatalities: 0 / Occupants: 6,Fatalities: 0 / Occupants: 165,,, Substantial, Repaired,"Roma-Fiumicino Airport (FCO) (   Italy) 
", Landing (LDG),International Scheduled Passenger,"Bucharest-Henri Coanda International Airport (OTP/LROP), Romania","Roma-Ciampino Airport (CIA/LIRA), Italy",3141,,Fatalities: 0 / Occupants: 171 
20130608-1,Preliminary - official,Saturday 8 June 2013,14:34,Cessna 208B Super Cargomaster,Skydive Toronto,,,, C-FZDN, 208B0171, 1989,,, 1 Pratt & Whitney Canada PT6A-114A,,Fatalities: 0 / Occupants: 1,Fatalities: 0 / Occupants: 0,,, Substantial,,"0,3 km (0.2 mls) S of Cookstown Airport, ON (   Canada) 
", Approach (APR),Parachuting,"Cookstown Airport, ON, Canada","Cookstown Airport, ON, Canada",,,Fatalities: 0 / Occupants: 1 
20130610-0,Final,Monday 10 June 2013,09:54,Xian MA60,Merpati Nusantara Airlines,,,, PK-MZO, 0608, 2010,4486,, 2 Pratt & Whitney Canada PW127J,4133,Fatalities: 0 / Occupants: 4,Fatalities: 0 / Occupants: 46,,, Substantial, Written off (damaged beyond repair),"Kupang-El Tari Airport (KOE) (   Indonesia) 
", Landing (LDG),Domestic Scheduled Passenger,"Bajawa Airport (BJW/WATB), Indonesia","Kupang-El Tari Airport (KOE/WATT), Indonesia",MZ6517,,Fatalities: 0 / Occupants: 50 
20130610-1,Final,Monday 10 June 2013,12:55,Xian MA60,Myanma Airways,,,, XY-AIP, 0807, 2010,4395,, 2 Pratt & Whitney Canada PW127J,3711,Fatalities: 0 / Occupants: 4,Fatalities: 0 / Occupants: 60,,, Substantial,,"Kawthaung Airport (KAW) (   Myanmar) 
", Landing (LDG),Domestic Scheduled Passenger,"Mawlamyine Airport (MNU/VYMM), Myanmar","Kawthaung Airport (KAW/VYKT), Myanmar", 609,,Fatalities: 0 / Occupants: 64 
20130610-2,Preliminary,Monday 10 June 2013,ca 10:00,Cessna 208 Caravan I,CotonTchad,,,, TT-BAU, 20800045, 1985,,, 1 Pratt & Whitney Canada PT6A-114,,Fatalities: 1 / Occupants: 2,Fatalities: 0 / Occupants: 3,,, Damaged beyond repair,,"ca 1 km from N'Gaoundéré Airport (NGE) (   Cameroon) 
", Approach (APR),Executive,"Moundou Airport (MQQ/FTTD), Chad","Douala Airport (DLA/FKKD), Cameroon",,,Fatalities: 1 / Occupants: 5 
20130610-3,Final,Monday 10 June 2013,17:26,Beechcraft 100 King Air,Aviation Flycie,,,, C-GJSU, B-88, 1971,13616,, 2 Pratt & Whitney Canada PT6A-28,10999,Fatalities: 0 / Occupants: 1,Fatalities: 0 / Occupants: 3,,, Substantial, Written off (damaged beyond repair),"0,9 km (0.6 mls) W of Saint-Mathieu-de-Beloeil Airport, QC (   Canada) 
", Approach (APR),Test,"Montreal-St. Hubert Airport, QC (YHU/CYHU), Canada","Montreal-St. Hubert Airport, QC (YHU/CYHU), Canada",,,Fatalities: 0 / Occupants: 4 
20130611-0,Preliminary - official,Tuesday 11 June 2013,18:50,Beechcraft A100 King Air,Wabusk Air,,,, C-FDOY, B-120, 1972,,, 2 Pratt & Whitney Canada PT6A-28,,Fatalities: 0 / Occupants: 2,Fatalities: 0 / Occupants: 0,,, Substantial, Written off (damaged beyond repair),"Kapuskasing Airport, ON (YYU) (   Canada) 
", Landing (LDG),Unknown,"Moosonee Airport, ON (YMO/CYMO), Canada","Kapuskasing Airport, ON (YYU/CYYU), Canada",WU101,,Fatalities: 0 / Occupants: 2 
20130613-0,Preliminary,Thursday 13 June 2013,18:17,Canadair CL-600-2B16 Challenger 601-3A,Grady International Inc.,,,, N613SB, 5088, 1991,,, 2 General Electric CF34-3A2,,Fatalities: 0 / Occupants: ,Fatalities: 0 / Occupants: ,,, Substantial, Written off (damaged beyond repair),"Chino Airport, CA (CNO) (   United States of America) 
", Standing (STD),Unknown,-,-,,,Fatalities: 0 / Occupants:  
20130613-1,Final,Thursday 13 June 2013,13:50,Saab 340B,SkyBahamas Airlines,,,, C6-SBJ, 340B-316, 1992-09-10  (20 years 9 months),49097,, 2 General Electric CT7-9B,,Fatalities: 0 / Occupants: 3,Fatalities: 0 / Occupants: 21,,, Substantial, Written off (damaged beyond repair),"Marsh Harbour International Airport (MHH) (   Bahamas) 
", Landing (LDG),International Scheduled Passenger,"Fort Lauderdale International Airport, FL (FLL/KFLL), United States of America","Marsh Harbour International Airport (MHH/MYAM), Bahamas",Q79561,,Fatalities: 0 / Occupants: 24 
20130613-2,Final,Thursday 13 June 2013,10:40,McDonnell Douglas MD-88,Delta Air Lines,,,, N995DL, 53362/1955, 1992,56640,, 2 Pratt & Whitney JT8D-219,,Fatalities: 0 / Occupants: 7,Fatalities: 0 / Occupants: 149,,, Substantial, Repaired,"Nashville International Airport, TN (BNA) (   United States of America) 
", Taxi (TXI),Domestic Scheduled Passenger,"Nashville International Airport, TN (BNA/KBNA), United States of America","Atlanta-William B. Hartsfield International Airport, GA (ATL/KATL), United States of America",,,Fatalities: 0 / Occupants: 156 
20130613-3,Final,Thursday 13 June 2013,16:14,Airbus A319-111,Cebu Pacific Air,,,, RP-C3197, 2852, 2006-08-01  (6 years 11 months),,, 2 CFMI CFM56-5B5/P,,Fatalities: 0 / Occupants: 6,Fatalities: 0 / Occupants: 95,,, Minor, Repaired,"Manila-Ninoy Aquino International Airport (MNL) (   Philippines) 
", Landing (LDG),Domestic Scheduled Passenger,"Iloilo International Airport (ILO/RPVI), Philippines","Manila-Ninoy Aquino International Airport (MNL/RPLL), Philippines",5J448,,Fatalities: 0 / Occupants: 101 
20130616-0,Final,Sunday 16 June 2013,22:22,Bombardier BD-700-1A11 Global 5000,Capital Investment Worldwide Inc.,,,, M-YSAI, 9166, 2005,,, 2 Rolls-Royce BR700-710A2-20,,Fatalities: 0 / Occupants: 2,Fatalities: 0 / Occupants: 3,,, Substantial, Repaired,"Singapore-Seletar Airport (XSP) (   Singapore) 
", Landing (LDG),Private,"Delhi-Indira Gandhi International Airport (DEL/VIDP), India","Singapore-Seletar Airport (XSP/WSSL), Singapore",,,Fatalities: 0 / Occupants: 5 
20130618-0,Final,Tuesday 18 June 2013,11:25,IAI 1124 Westwind,E. Micah Aviation,,,, N112EM, 336, 1981,7522,, 2 Garrett TFE731,,Fatalities: 0 / Occupants: 2,Fatalities: 0 / Occupants: 1,,, Substantial, Written off (damaged beyond repair),"Cincinnati Municipal Airport, OH (LUK) (   United States of America) 
", Landing (LDG),Training,"Cincinnati Municipal Airport, OH (LUK/KLUK), United States of America","Cincinnati Municipal Airport, OH (LUK/KLUK), United States of America",,,Fatalities: 0 / Occupants: 3 
20130619-0,Final,Wednesday 19 June 2013,17:45,Antonov An-2R,Gergely Air,,,, HA-MDP, 1G185-44, 1979,4327,, 1 Shvetsov ASh-62IR,18172,Fatalities: 0 / Occupants: 2,Fatalities: 0 / Occupants: 0,,, Substantial, Written off (damaged beyond repair),"ca 0,5 km NE of Fertöszentmiklós Airport (   Hungary) 
", Takeoff (TOF),Agricultural,"Fertöszentmiklós Airport (LHFM), Hungary","Fertöszentmiklós Airport (LHFM), Hungary",,,Fatalities: 0 / Occupants: 2 
20130625-0,Final,Tuesday 25 June 2013,ca 20:30,Beechcraft 200 Super King Air,Tennair,,,, N92JR, BB-751, 1981,,, 2 Pratt & Whitney Canada PT6A-41,,Fatalities: 0 / Occupants: 1,Fatalities: 0 / Occupants: 0,,, Substantial, Written off (damaged beyond repair),"ca 0,3 km N of Chicago-Executive Airport, IL (PWK) (   United States of America) 
", Approach (APR),Executive,"Springfield Robertson County Airport, TN, United States of America","Chicago-Executive Airport, IL (PWK/KPWK), United States of America",,,Fatalities: 0 / Occupants: 1 
20130628-0,- (No safety board investigation),Friday 28 June 2013,ca 11:00,Antonov An-2,DOSAAF,,,, RF-00408, 1G98-04, ,,,,,Fatalities: 0 / Occupants: 2,Fatalities: 0 / Occupants: 7,,, Damaged beyond repair,,"near Nekrasovka (   Russia) 
", En route (ENR),Domestic Non Scheduled Passenger,"Khabarovsk-Novy Airport (KHV/UHHH), Russia","Samarga Airfield, Russia",,,Fatalities: 0 / Occupants: 9 
20130628-1,Preliminary,Friday 28 June 2013,19:40,Antonov An-2R,Asia Continental Avialines,,,, UP-A0190, 1G220-21, 1986,,,,,Fatalities: 1 / Occupants: 2,Fatalities: 0 / Occupants: 0,,, Damaged beyond repair,,"near Terenozek, Kyzylorda Province (   Kazakhstan) 
", Maneuvering (MNV),Agricultural,?,?,,,Fatalities: 1 / Occupants: 2 
20130628-2,Preliminary - official,Friday 28 June 2013,08:15,Reims Cessna F406 Caravan II,Tanzanair - Tanzania Air Services,,,, 5H-TZC, F406-0028, 1988,,, 2 Pratt & Whitney Canada PT6A-112,,Fatalities: 0 / Occupants: ,Fatalities: 0 / Occupants: ,,, Unknown,,"Seronera Airport (SEU) (   Tanzania) 
", Landing (LDG),Domestic Scheduled Passenger,?,"Seronera Airport (SEU/HTSN), Tanzania",,,Fatalities: 0 / Occupants:  
20130629-0,Preliminary,Saturday 29 June 2013,ca 07:00,Embraer EMB-110P1 Bandeirante,Batair Cargo,,,, ZS-NVB, 110479, 1988,,, 2 Pratt & Whitney Canada PT6A-34,,Fatalities: 2 / Occupants: 2,Fatalities: 0 / Occupants: 0,,, Substantial, Written off (damaged beyond repair),"4,6 km (2.9 mls) NW of Francistown Airport (FRW) (   Botswana) 
", Approach (APR),Cargo,"Lanseria Airport (HLA/FALA), South Africa","Francistown Airport (FRW/FBFT), Botswana",,,Fatalities: 2 / Occupants: 2 
20130703-0,Final,Wednesday 3 July 2013,14:15,Canadair CL-215-6B11 (CL-415),Government of Newfoundland and Labrador,,,, 	C-FIZU, 2076, 2010,,, 2 Pratt & Whitney Canada PW123AF,,Fatalities: 0 / Occupants: 2,Fatalities: 0 / Occupants: 0,,, Substantial, Written off (damaged beyond repair),"Moosehead Lake, NL (   Canada) 
", Takeoff (TOF),Fire fighting,"Wabush Airport, NL (YWK/CYWK), Canada","Wabush Airport, NL (YWK/CYWK), Canada",,,Fatalities: 0 / Occupants: 2 
20130703-1,,Wednesday 3 July 2013,,Airbus A320-212,Petra Airlines,,,, JY-PTA, 459, 1994-03-10  (19 years 4 months),,, 2 CFMI CFM56-5A3,,Fatalities: 0 / Occupants: 1,Fatalities: 0 / Occupants: 0,,, Substantial, Written off (damaged beyond repair),"Tripoli International Airport (TIP) (   Libya) 
", Standing (STD),-,-,-,,,Fatalities: 0 / Occupants: 1 
20130705-0,Final,Friday 5 July 2013,18:45,Rockwell Sabreliner 65,Eseasa Contrucciones,,,, XB-RSC, 465-55, 1981,,,,,Fatalities: 0 / Occupants: 2,Fatalities: 0 / Occupants: 4,,, Substantial,,"Las Vegas-McCarran International Airport, NV (LAS) (   United States of America) 
", Taxi (TXI),Private,"Brownsville-South Padre Island International Airport, TX (BRO/KBRO), United States of America","Las Vegas-McCarran International Airport, NV (LAS/KLAS), United States of America",,,Fatalities: 0 / Occupants: 6 
20131223-0,- (No safety board investigation),Monday 23 December 2013,,Learjet 45,Southern Cross Aviation,,,, N845SC, 45-084, 2000,,,,,Fatalities: 0 / Occupants: ,Fatalities: 0 / Occupants: ,,, Substantial, Written off (damaged beyond repair),"Bangor International Airport, ME (BGR) (   United States of America) 
", Standing (STD),Ferry/positioning,"Bangor International Airport, ME (BGR/KBGR), United States of America",?,,,Fatalities: 0 / Occupants:  
20131224-0,Final,Tuesday 24 December 2013,20:14,Airbus A330-343X,Virgin Atlantic Airways,,,, G-VNYC, 1315, 2012-05-09  (1 year 8 months),,, 2 Rolls-Royce Trent 772B-60,,Fatalities: 0 / Occupants: 14,Fatalities: 0 / Occupants: 18,,, Substantial, Repaired,"Saint Lucia-Hewanorra Int'l Airport (TLPL), Vieux Port Quarter (   Saint Lucia) 
", Landing (LDG),International Scheduled Passenger,"Tobago-A.N.R Robinson International Airport (TAB/TTCP) (TAB/TTCP), Trinidad and Tobago","Saint Lucia-Hewanorra Airport (UVF/TLPL), Saint Lucia",VS98,,Fatalities: 0 / Occupants: 32 
20131226-0,Preliminary,Thursday 26 December 2013,ca 21:30,Antonov An-12,Irkut,,,, 12162, 3341509, 1963,,, 4 Ivchenko AI-20M,,Fatalities: 6 / Occupants: 6,Fatalities: 3 / Occupants: 3,,, Substantial, Written off (damaged beyond repair),"ca 1 km NW of Irkutsk-2 Airport (   Russia) 
", Approach (APR),Cargo,"Novosibirsk-Yeltsovka Airport (UNNE), Russia","Irkutsk-2 Airport (UIIR), Russia",,,Fatalities: 9 / Occupants: 9 
20131231-0,Final,Tuesday 31 December 2013,11:00,Cessna 525A CitationJet CJ2+,private,,,, N380CR, 525A-0465, 2010,,, 2 Williams International FJ44-3A,,Fatalities: 0 / Occupants: 1,Fatalities: 0 / Occupants: 1,,, Substantial, Repaired,"10,5 km (6.6 mls) NW of Coventry, Warwickshire (   United Kingdom) 
", En route (ENR),Private,"Leeds/Bradford Airport (LBA/EGNM), United Kingdom","Palma de Mallorca Airport (PMI/LEPA), Spain",,,Fatalities: 0 / Occupants: 2 
20139999-0,,xx xxx 2013,,Raytheon Hawker 800XP,Sun-Air of Scandinavia,,,, OY-JJA, 258496, 2000,,,,,Fatalities: 0 / Occupants: ,Fatalities: 0 / Occupants: ,,, Damaged beyond repair,,"Thisted Airport (TED) (   Denmark) 
", Standing (STD),Unknown,?,?,,,Fatalities: 0 / Occupants:  
