Identifiant:,Status:,Date:,Time:,Type:,Operator:,Operating for:,On behalf of:,Leased from:,Registration:,C/n / msn:,First flight:,Total airframe hrs:,Year built:,Engines:,Cycles:,Crew:,Passengers:,Ground casualties:,Collision casualties:,Aircraft damage:,Aircraft fate:,Location:,Phase:,Nature:,Departure airport:,Destination airport:,Flightnumber:,Probable cause:,Total:
19830608-0,,Wednesday 8 June 1983,,de Havilland Canada DHC-4A Caribou,Indian Air Force - IAF,,,, M-933, 266, ,,,,,Fatalities: 3 / Occupants: ,Fatalities: 0 / Occupants: ,,, Damaged beyond repair,,"Siddipet, Bussapur Medak (   India) 
", Unknown (UNK),Military,?,?,,,Fatalities: 3 / Occupants:  
19830608-1,,Wednesday 8 June 1983,,Douglas VC-54Q (DC-4),Frigorifico Reyes,,,, CP-1404, 10576, 1945,,,,,Fatalities: 3 / Occupants: ,Fatalities: 2 / Occupants: ,,, Damaged beyond repair,,"Trinidad Airport (TDD) (   Bolivia) 
", Landing (LDG),Domestic Non Scheduled Passenger,"La Paz-El Alto Airport (LPB/SLLP), Bolivia","Palmira Airport (SLPM), Bolivia",,,Fatalities: 5 / Occupants:  
19830608-2,Final,Wednesday 8 June 1983,13:55,Lockheed L-188C Electra,Reeve Aleutian Airways,,,, N1968R, 2007, 1959-11-19  (23 years 7 months),32994,, 4 Allison 501-D13,,Fatalities: 0 / Occupants: 5,Fatalities: 0 / Occupants: 10,,, Substantial, Repaired,"near Cold Bay Airport, AK (CDB) (   United States of America) 
", En route (ENR),Domestic Scheduled Passenger,"Cold Bay Airport, AK (CDB/PACD), United States of America","Seattle/Tacoma International Airport, WA (SEA/KSEA), United States of America",8,,Fatalities: 0 / Occupants: 15 
19830609-0,,Thursday 9 June 1983,08:15,Lockheed L-100-20 Hercules,Fuerza Aérea del Peru - FAP,,,, FAP-383, 4708, 1976,,, 4 Allison 501-D22A,,Fatalities:  / Occupants: ,Fatalities:  / Occupants: ,Fatalities: 1,, Damaged beyond repair,,"near Puerto Maldonado (   Peru) 
", Approach (APR),Military,"Lima-Callao International Airport (LIM/SPIM), Peru","Puerto Maldonado Airport (PEM/SPTU), Peru",,,Fatalities: 8 / Occupants:  
19830611-0,Final,Saturday 11 June 1983,17:33,Boeing 727-222A,United Airlines,,,, N7273U, 21420/1377, 1978,14777,,,,Fatalities: 0 / Occupants: 7,Fatalities: 0 / Occupants: 135,,, Substantial, Repaired,"Chicago-O'Hare International Airport, IL (ORD) (   United States of America) 
", Landing (LDG),Domestic Scheduled Passenger,"Chicago-O'Hare International Airport, IL (ORD/KORD), United States of America","Tampa International Airport, FL (TPA/KTPA), United States of America",,,Fatalities: 0 / Occupants: 142 
19830614-0,,Tuesday 14 June 1983,,Airbus A300B4,Eastern Air Lines,,,, registration unknown, , ,,,,,Fatalities: 0 / Occupants: ,Fatalities: 0 / Occupants: ,,, None,,"Havana-José Martí International Airport (HAV) (   Cuba) 
", En route (ENR),Domestic Scheduled Passenger,"Miami International Airport, FL (MIA/KMIA), United States of America","New York-La Guardia Airport, NY (LGA/KLGA), United States of America",EA414,,Fatalities: 0 / Occupants: 95 
19830615-0,,Wednesday 15 June 1983,,Antonov An-8,MOM Kirov MSPO,,,, CCCP-69336, 9340310, 1959,6803,,,4971,Fatalities:  / Occupants: ,Fatalities:  / Occupants: ,,, Damaged beyond repair,,"near Kharkov (   Ukraine) 
", Unknown (UNK),Unknown,?,?,,,Fatalities:  / Occupants:  
19830616-0,,Thursday 16 June 1983,ca 04:00,Lockheed P-3B Orion,United States Navy,,,, 152720, 185-5160, 1965,,,,,Fatalities: 14 / Occupants: 14,Fatalities: 0 / Occupants: 0,,, Damaged beyond repair,,"Kauai, HI (   United States of America) 
", En route (ENR),Military,"Barbers Point NAS, HI (NAX), United States of America",?,,,Fatalities: 14 / Occupants: 14 
19830617-0,,Friday 17 June 1983,,Tupolev Tu-134A,Aeroflot / Armenia,,,, CCCP-65657, 0351103, 1970,17870,,,11029,Fatalities: 0 / Occupants: ,Fatalities: 0 / Occupants: ,,, Damaged beyond repair,,"near Gali, Abkhazia (   Georgia) 
", En route (ENR),Unknown,"Lviv-Snilow Airport (LWO/UKLL), Ukraine","Yerevan Airport (EVN/UDYZ), Armenia",,,Fatalities: 0 / Occupants:  
19830621-1,,Tuesday 21 June 1983,,de Havilland Canada DHC-6 Twin Otter 300,Air Mali,,,, TZ-ACH, 394, 1973,,, 2 Pratt & Whitney Canada PT6A-27,,Fatalities: 2 / Occupants: 2,Fatalities: 5 / Occupants: 5,,, Damaged beyond repair,,"5 km (3.1 mls) from  Bamako (   Mali) 
", Unknown (UNK),Domestic Scheduled Passenger,?,?,,,Fatalities: 7 / Occupants: 7 
19830622-0,Final,Wednesday 22 June 1983,08:58,Douglas C-47A-10-DK Dakota 3,Skycraft Air Transport,,,, C-GUBT, 12424, 1944,,, 2 Wright R-1820-92,,Fatalities: 2 / Occupants: 2,Fatalities: 0 / Occupants: 0,,, Damaged beyond repair,,"Toronto International Airport, ON (YYZ) (   Canada) 
", Approach (APR),Cargo,"Cleveland-Hopkins International Airport, OH (CLE/KCLE), United States of America","Toronto International Airport, ON (YYZ/CYYZ), Canada", 505,,Fatalities: 2 / Occupants: 2 
19830622-1,,Wednesday 22 June 1983,,Boeing 707-300,Libyan Arab Airlines,,,, registration unknown, , ,,,,,Fatalities: 0 / Occupants: ,Fatalities: 0 / Occupants: ,,, None,,"Larnaca Airport (LCA) (   Cyprus) 
", En route (ENR),International Scheduled Passenger,"Athens-Ellinikon International Airport (ATH/LGAT), Greece","Tripoli International Airport (TIP/HLLT), Libya",,,Fatalities: 0 / Occupants:  
19830623-0,Final,Thursday 23 June 1983,01:57,Lockheed 18 Learstar I,Falcon Leasing Corp.,,,, N333FB, 18-2467, 1943,,, 2 Wright R-1820-76D,,Fatalities: 1 / Occupants: 1,Fatalities: 1 / Occupants: 1,,, Destroyed, Written off (damaged beyond repair),"Millhaven, GA (   United States of America) 
", Approach (APR),Illegal Flight,?,?,,,Fatalities: 2 / Occupants: 2 
19830624-0,,Friday 24 June 1983,,McDonnell Douglas DC-9-32,Aeroméxico,,,, XA-JEB, 47394/458, ,,,,,Fatalities: 0 / Occupants: ,Fatalities: 0 / Occupants: ,,, None,,"Mérida-Rejon Airport (MID) (   Mexico) 
", En route (ENR),Domestic Scheduled Passenger,"Mexico City-Benito Juárez International Airport (MEX/MMMX), Mexico","Mérida-Rejon Airport (MID/MMMD), Mexico",,,Fatalities: 0 / Occupants:  
19830624-1,Final,Friday 24 June 1983,19:20,Douglas C-47A-90-DL (DC-3),Air North,,,, N95460, 20190, 1944,,,,,Fatalities: 0 / Occupants: 3,Fatalities: 0 / Occupants: 15,,, Substantial, Written off (damaged beyond repair),"near Fairbanks-Metro Field, AK (MTX) (   United States of America) 
", En route (ENR),Domestic Scheduled Passenger,"Fort Yukon Airport, AK (FYU/PFYU), United States of America",?,,,Fatalities: 0 / Occupants: 18 
19830625-0,,Saturday 25 June 1983,,Antonov An-24RV,MIAT - Mongolian Airlines,,,, BNMAU-8401, 37308401, 1973,,, 2 Ivchenko AI-24VT,,Fatalities:  / Occupants: ,Fatalities:  / Occupants: ,,, Damaged beyond repair,,"Ulan Bator-Buyant Uhaa Airport (ULN) (   Mongolia) 
", Landing (LDG),Unknown,?,"Ulan Bator-Buyant Uhaa Airport (ULN/ZMUB), Mongolia",,,Fatalities:  / Occupants:  
19830628-0,,Tuesday 28 June 1983,12:10,Lockheed C-130H Hercules,United States Air Force - USAF,,,, 74-2068, 4694, 1976,,,,,Fatalities: 5 / Occupants: 5,Fatalities: 1 / Occupants: 1,,, Damaged beyond repair,,"160 km (100 mls) NW of Las Vegas-Nellis AFB, NV (LSV) (   United States of America) 
", Maneuvering (MNV),Military,"Las Vegas-Nellis AFB, NV (LSV/KLSV), United States of America",?,,,Fatalities: 6 / Occupants: 6 
19830629-0,,Wednesday 29 June 1983,,CASA C-212 Aviocar 200,Aeronica - Aerolineas Nicaraguenses,,,, YN-BYZ, 298, 1983-04-19  (2 months),,,,,Fatalities: 0 / Occupants: ,Fatalities: 0 / Occupants: ,,, Damaged beyond repair,,"Managua-Augusto C. Sandino Airport (MGA) (   Nicaragua) 
", Landing (LDG),Unknown,?,"Managua-Augusto C. Sandino Airport (MGA/MNMG), Nicaragua",,,Fatalities: 0 / Occupants:  
19830629-1,Final,Wednesday 29 June 1983,02:10,Douglas C-54G-10-DO (DC-4),Pacific Air Express,,,, N300JT, 36072, 1945,55517,, 4 Pratt & Whitney R-2800,,Fatalities: 0 / Occupants: 3,Fatalities: 0 / Occupants: 0,,, Substantial, Written off (damaged beyond repair),"6 km (3.8 mls) from  Kahului, HI (   United States of America) 
", Approach (APR),Cargo,"Hilo International Airport, HI (ITO/PHTO), United States of America","Kahului Airport, HI (OGG/PHOG), United States of America",,,Fatalities: 0 / Occupants: 3 
19830629-2,,Wednesday 29 June 1983,,Yakovlev Yak-40,Aeroflot / Kyrgyzstan,,,, CCCP-87808, 9231823, 1972,,, 3 Ivchenko AI-25,,Fatalities: 0 / Occupants: ,Fatalities: 0 / Occupants: ,,, Damaged beyond repair,,"Kazarman (   Kyrgyzstan) 
", Unknown (UNK),Unknown,?,?,,,Fatalities: 0 / Occupants:  
19830629-3,Final,Wednesday 29 June 1983,14:47,Hawker Siddeley HS-125-1A-522,Erasmus Inc,,,, N125E, 25110, 1966,5283,, 2 Rolls-Royce Viper 522,,Fatalities: 0 / Occupants: 2,Fatalities: 0 / Occupants: 0,,Fatalities: 2, Destroyed, Written off (damaged beyond repair),"Houston-Hobby Airport, TX (HOU) (   United States of America) 
", Takeoff (TOF),Training,"Houston-William P. Hobby Airport, TX (HOU/KHOU), United States of America","Beaumont-Jefferson County Airport, TX (BPT/KBPT), United States of America",,,Fatalities: 0 / Occupants: 2 
19830701-0,,Friday 1 July 1983,,Ilyushin Il-62M,Chosonminhang,,,, 889, 2139.1., 1981,,, 4 Soloviev D-30KU,,Fatalities: 6 / Occupants: 6,Fatalities: 17 / Occupants: 17,,, Damaged beyond repair,,"near Labé (   Guinea) 
", En route (ENR),Int'l Non Scheduled Passenger,"Cairo International Airport (CAI/HECA), Egypt","Conakry Airport (CKY/DGCY), Guinea",,,Fatalities: 23 / Occupants: 23 
19830701-1,,Friday 1 July 1983,,Douglas C-47 (DC-3),Unknown,,,, registration unknown, , ,,,,,Fatalities:  / Occupants: ,Fatalities:  / Occupants: ,,, Damaged beyond repair,,"Berry Island (   Bahamas) 
", Unknown (UNK),Illegal Flight,?,?,,,Fatalities: 2 / Occupants: 2 
19830702-0,,Saturday 2 July 1983,,Sud Aviation SE-210 Caravelle III,Altair Linee Aeree,,,, F-BHRS,  54, 1960,,,,,Fatalities: 0 / Occupants: 7,Fatalities: 0 / Occupants: 82,,, Damaged beyond repair,,"Milano-Malpensa Airport (MXP) (   Italy) 
", Takeoff (TOF),Int'l Non Scheduled Passenger,"Milano-Malpensa Airport (MXP/LIMC), Italy","London-Gatwick Airport (LGW/EGKK), United Kingdom",,,Fatalities: 0 / Occupants: 89 
19830702-1,,Saturday 2 July 1983,,Boeing 727,Pan American World Airways (Pan Am),,,, registration unknown, , ,,,,,Fatalities: 0 / Occupants: ,Fatalities: 0 / Occupants: ,,, None,,"Havana-José Martí International Airport (HAV) (   Cuba) 
", En route (ENR),Domestic Scheduled Passenger,"Miami International Airport, FL (MIA/KMIA), United States of America","Orlando International Airport, FL (MCO/KMCO), United States of America",PA378,,Fatalities: 0 / Occupants: 61 
19830702-2,,Saturday 2 July 1983,,Antonov An-12,Soviet Air Force,,,, registration unknown, , ,,,,,Fatalities: 5 / Occupants: 5,Fatalities: 0 / Occupants: 0,,, Damaged beyond repair,,"near Jalalabad Airport (JAA) (   Afghanistan) 
", Initial climb (ICL),Military,"Jalalabad Airport (JAA/OAJL), Afghanistan","Kabul Airport (KBL/OAKB), Afghanistan",,,Fatalities: 5 / Occupants: 5 
19830704-0,,Monday 4 July 1983,,Hawker Siddeley HS-748-263 Srs. 2A,Zambia Airways,,,, 9J-ADM, 1706, 1971,,,,,Fatalities: 0 / Occupants: 4,Fatalities: 0 / Occupants: 42,,, Damaged beyond repair,,"Kasaba Bay Airport (ZKB) (   Zambia) 
", Takeoff (TOF),Scheduled Passenger,"Kasaba Bay Airport (ZKB/FLKY), Zambia",?,,,Fatalities: 0 / Occupants: 46 
19830704-1,,Monday 4 July 1983,,Antonov An-2T,Aeroflot / Georgia,,,, CCCP-05667, 15647306, 1958,,,,,Fatalities: 0 / Occupants: ,Fatalities: 0 / Occupants: ,,, Damaged beyond repair,,"near Mestia (   Georgia) 
", En route (ENR),Unknown,?,?,,,Fatalities: 0 / Occupants:  
19830705-0,,Tuesday 5 July 1983,,Tupolev Tu-134 ?,Aeroflot,,,, registration unknown, , ,,,,,Fatalities: 0 / Occupants: ,Fatalities: 1 / Occupants: ,,, Unknown,,"Leningrad-Pulkovo Airport (LED) (   Russia) 
", En route (ENR),Domestic Scheduled Passenger,"Moskva-Sheremetyevo Airport (SVO/UUEE), Russia","Tallinn-Ülemiste Airport (TLL/EETN), Estonia",,,Fatalities: 1 / Occupants:  
19830706-0,,Wednesday 6 July 1983,,Boeing 747,Iran Air,,,, registration unknown, , ,,,,,Fatalities: 0 / Occupants: ,Fatalities: 0 / Occupants: ,,, None,,"Paris (   France) 
", En route (ENR),Domestic Scheduled Passenger,"Shiraz Airport (SYZ/OISS), Iran","Tehran-Mehrabad Airport (THR/OIII), Iran",,,Fatalities: 0 / Occupants: 390 
19830707-0,,Thursday 7 July 1983,,Boeing 737,Air Florida,,,, registration unknown, , ,,,,,Fatalities: 0 / Occupants: ,Fatalities: 0 / Occupants: ,,, None,,"Havana-José Martí International Airport (HAV) (   Cuba) 
", En route (ENR),Domestic Scheduled Passenger,"Fort Lauderdale International Airport, FL (FLL/KFLL), United States of America","Tampa International Airport, FL (TPA/KTPA), United States of America",   8,,Fatalities: 0 / Occupants: 47 
19830710-0,Final,Sunday 10 July 1983,13:40,Curtiss C-46A-50-CU Commando,Nenana Fuel Company,,,, N92853, 30565, ,14925,, 2 Pratt & Whitney R-2800,,Fatalities: 0 / Occupants: 2,Fatalities: 0 / Occupants: 0,,, Damaged beyond repair,,"Tobin Creek Airstrip, AK (   United States of America) 
", Landing (LDG),Cargo,"Fairbanks International Airport, AK (FAI/PAFA), United States of America","Tobin Creek Airstrip, AK, United States of America",,,Fatalities: 0 / Occupants: 2 
19830711-0,,Monday 11 July 1983,ca 07:40,Boeing 737-2V2,TAME Ecuador,,,, HC-BIG, 22607/775, 1981-06-11  (2 years 1 month),,, 2 Pratt & Whitney JT8D-17,,Fatalities: 8 / Occupants: 8,Fatalities: 111 / Occupants: 111,,, Destroyed, Written off (damaged beyond repair),"1,5 km (0.9 mls) from  Cuenca (   Ecuador) 
", Approach (APR),Domestic Scheduled Passenger,"Quito-Mariscal Sucre Airport (UIO/SEQU), Ecuador","Cuenca Airport (CUE/SECU), Ecuador",,,Fatalities: 119 / Occupants: 119 
19830712-0,,Tuesday 12 July 1983,,Britten-Norman BN-2A Islander,Cloudlands Aviation Development,,,, P2-FHP, 168, 1970-03-31  (13 years 4 months),,,,,Fatalities:  / Occupants: ,Fatalities:  / Occupants: ,,, Damaged beyond repair,,"near Mount Hagen (   Papua New Guinea) 
", Unknown (UNK),Unknown,?,?,,,Fatalities:  / Occupants:  
19830715-0,Final,Friday 15 July 1983,21:08,Grumman G-159 Gulfstream I,Orion Air,,,, N68TG,  68, 1961,14759,, 2 Rolls-Royce Dart 529-8E,,Fatalities: 0 / Occupants: 2,Fatalities: 0 / Occupants: 0,,, Destroyed, Written off (damaged beyond repair),"Bristol, VA/Johnson City/Kingsport-Tri-Cities Regional, TN (TRI) (   United States of America) 
", Landing (LDG),Cargo,"Knoxville-McGhee Tyson Airport, TN (TYS/KTYS), United States of America","Bristol, VA/Johnson City/Kingsport-Tri-Cities Regional, TN (TRI/KTRI), United States of America",,,Fatalities: 0 / Occupants: 2 
19830717-0,,Sunday 17 July 1983,,Boeing 727,Delta Air Lines,,,, registration unknown, , ,,,,,Fatalities: 0 / Occupants: ,Fatalities: 0 / Occupants: ,,, None,,"Havana-José Martí International Airport (HAV) (   Cuba) 
", En route (ENR),Domestic Scheduled Passenger,"Miami International Airport, FL (MIA/KMIA), United States of America","Tampa International Airport, FL (TPA/KTPA), United States of America",DL722,,Fatalities: 0 / Occupants: 107 
19830719-0,,Tuesday 19 July 1983,,Douglas C-47A-35-DL (DC-3),Chevron Oil,,,, N480F, 9719, 1943,,, 2 Pratt & Whitney R-1830-92,,Fatalities: 0 / Occupants: 3,Fatalities: 0 / Occupants: 24,,, Damaged beyond repair,,"Khartoum (   Sudan) 
", Landing (LDG),Non Scheduled Passenger,"Khartoum-Civil Airport (KRT/HSSS), Sudan",?,,,Fatalities: 0 / Occupants: 27 
19830719-1,,Tuesday 19 July 1983,,Lockheed L-1011 TriStar,Eastern Air Lines,,,, registration unknown, , ,,,,,Fatalities: 0 / Occupants: ,Fatalities: 0 / Occupants: ,,, None,,"Havana-José Martí International Airport (HAV) (   Cuba) 
", En route (ENR),Domestic Scheduled Passenger,"New York-John F. Kennedy International Airport, NY (JFK/KJFK), United States of America","Miami International Airport, FL (MIA/KMIA), United States of America",EA1,,Fatalities: 0 / Occupants: 232 
19830720-0,,Wednesday 20 July 1983,,Antonov An-2R,Aeroflot / Ukraine,,,, CCCP-70520, 1G144-56, 1973,,,,,Fatalities: 0 / Occupants: ,Fatalities: 0 / Occupants: ,,, Damaged beyond repair,,"Kharkov Region (   Ukraine) 
", Unknown (UNK),Unknown,?,?,,,Fatalities: 0 / Occupants:  
19830721-0,,Thursday 21 July 1983,,Britten-Norman BN-2A Trislander Mk.III-2,Cen-Tex Airlines,,,, N29929, 1013, 1975,,, 3 Lycoming O-540-E4C5,,Fatalities: 0 / Occupants: 0,Fatalities: 0 / Occupants: 0,,, Damaged beyond repair,,"Brownwood Airport, TX (BWD) (   United States of America) 
", Standing (STD),-,-,-,,,Fatalities: 0 / Occupants: 0 
19830721-1,,Thursday 21 July 1983,,Boeing 727,Northwest Orient Airlines,,,, registration unknown, , ,,,,,Fatalities: 0 / Occupants: ,Fatalities: 0 / Occupants: ,,, None,,"Miami International Airport, FL (MIA) (   United States of America) 
", En route (ENR),Domestic Scheduled Passenger,"Tampa International Airport, FL (TPA/KTPA), United States of America","Miami International Airport, FL (MIA/KMIA), United States of America", 714,,Fatalities: 0 / Occupants: 97 
19830721-2,,Thursday 21 July 1983,,Britten-Norman BN-2A-9R Islander,Eagle Airlines,,,, N2718W, 331, 1973,,,,,Fatalities: 0 / Occupants: 0,Fatalities: 0 / Occupants: 0,,, Damaged beyond repair,,"Brownwood Airport, TX (BWD) (   United States of America) 
", Standing (STD),-,-,-,,,Fatalities: 0 / Occupants: 0 
19830722-0,,Friday 22 July 1983,,Learjet 25D,Imani & Sons,,,, 5N-ASQ, 25-344, ,,,,,Fatalities: 0 / Occupants: 2,Fatalities: 0 / Occupants: 1,,, Damaged beyond repair,,"Lagos-Murtala Muhammed International Airport (LOS) (   Nigeria) 
", Landing (LDG),Unknown,?,"Lagos-Murtala Muhammed International Airport (LOS/DNMM), Nigeria",,,Fatalities: 0 / Occupants: 3 
19830723-0,Final,Saturday 23 July 1983,ca 08:40,Boeing 767-233,Air Canada,,,, C-GAUN, 22520/47, 1983-03-10  (5 months),,, 2 Pratt & Whitney JT9D-7R4D,,Fatalities: 0 / Occupants: 8,Fatalities: 0 / Occupants: 61,,, Substantial, Repaired,"Gimli Airport, MB (YGM) (   Canada) 
", En route (ENR),Domestic Scheduled Passenger,"Ottawa International Airport, ON (YOW/CYOW), Canada","Edmonton International Airport, AB (YEG/CYEG), Canada", 143,,Fatalities: 0 / Occupants: 69 
19830731-0,,Sunday 31 July 1983,,Lockheed C-5A Galaxy,United States Air Force - USAF,,,, 70-0446, 500-0060, ,,,,,Fatalities: 0 / Occupants: ,Fatalities: 0 / Occupants: ,,, Substantial, Repaired,"Shemya AFB, AK (SYA) (   United States of America) 
", Landing (LDG),Military,?,"Shemya AFB, AK (SYA/PASY), United States of America",,,Fatalities: 0 / Occupants:  
19830799-0,,xx JUL 1983,,Douglas DC-3C,Confederate Air Force,,,, N91378, 12296, 1944,,,,,Fatalities:  / Occupants: ,Fatalities:  / Occupants: ,,, Damaged beyond repair,,"Missoula Airport, MT (MSO) (   United States of America) 
", Unknown (UNK),Unknown,?,?,,,Fatalities:  / Occupants:  
19830802-0,,Tuesday 2 August 1983,,Boeing 727,Pan American World Airways (Pan Am),,,, registration unknown, , ,,,,,Fatalities: 0 / Occupants: ,Fatalities: 0 / Occupants: ,,, None,,"Houston-Intercontinental Airport, TX (IAH) (   United States of America) 
", En route (ENR),Domestic Scheduled Passenger,"Miami International Airport, FL (MIA/KMIA), United States of America","Houston-Intercontinental Airport, TX (IAH/KIAH), United States of America",PA925,,Fatalities: 0 / Occupants: 130 
19830804-0,Final,Thursday 4 August 1983,04:38,Boeing 747-121,Pan American World Airways (Pan Am),,,, N738PA, 19645/14, 1970-01-19  (13 years 7 months),53324,, 4 Pratt & Whitney JT9D-7A,,Fatalities: 0 / Occupants: 16,Fatalities: 0 / Occupants: 227,,, Substantial, Written off (damaged beyond repair),"Karachi International Airport (KHI) (   Pakistan) 
", Landing (LDG),International Scheduled Passenger,"Delhi-Indira Gandhi International Airport (DEL/VIDP), India","Karachi International Airport (KHI/OPKC), Pakistan",,,Fatalities: 0 / Occupants: 243 
19830804-1,,Thursday 4 August 1983,,de Havilland DH-114 Riley Heron 2D,Airlines of Tasmania,,,, VH-CLY, 14122, 1957,,,,,Fatalities: 0 / Occupants: 2,Fatalities: 0 / Occupants: 5,,, Damaged beyond repair,,"Launceston Airport, TAS (LST) (   Australia) 
", Approach (APR),Domestic Scheduled Passenger,?,"Launceston Airport, TAS (LST/YMLT), Australia",,,Fatalities: 0 / Occupants: 7 
19830804-2,,Thursday 4 August 1983,,Canadair CL-215-1A10,Securité Civile,,,, F-ZBBR, 1001, 1967,,, 2 Pratt & Whitney R-2800-83AM,,Fatalities: 2 / Occupants: 2,Fatalities: 0 / Occupants: 0,,, Damaged beyond repair,,"Marseille (   France) 
", Unknown (UNK),Unknown,?,?,,,Fatalities: 2 / Occupants: 2 
19830804-3,,Thursday 4 August 1983,,McDonnell Douglas DC-8-63CF,Capitol Airways,,,, registration unknown, , ,,,,,Fatalities: 0 / Occupants: ,Fatalities: 0 / Occupants: ,,, None,,"Havana-José Martí International Airport (HAV) (   Cuba) 
", En route (ENR),Domestic Scheduled Passenger,"San Juan-Isla Verde International Airport (SJU/TJSJ), Puerto Rico","Miami International Airport, FL (MIA/KMIA), United States of America", 236,,Fatalities: 0 / Occupants: 264 
19830805-0,,Friday 5 August 1983,,IRMA/Britten-Norman BN-2A-21 Islander,Bali International Air Service,,,, PK-KNF, 745, 1975-04-29  (8 years 3 months),,,,,Fatalities: 2 / Occupants: 2,Fatalities: 0 / Occupants: 0,,, Damaged beyond repair,,"between Ambon and Bula (   Indonesia) 
", En route (ENR),Cargo,"Ambon-Pattimura Airport (AMQ/WAPP), Indonesia","Bula (WAPB), Indonesia",,,Fatalities: 2 / Occupants: 2 
19830805-1,,Friday 5 August 1983,,Antonov An-2TP,"Aeroflot, Komi Civil Aviation Directorate",,,, CCCP-91768, 1G38-15, 1963,,,,,Fatalities:  / Occupants: ,Fatalities:  / Occupants: ,,, Damaged beyond repair,,"near Koslan (   Russia) 
", Unknown (UNK),Unknown,?,?,,,Fatalities:  / Occupants:  
19830807-1,,Sunday 7 August 1983,,Hawker Siddeley HS-748-260 Srs. 2A,SATENA,,,, FAC-1104, 1705, 1971,,,,,Fatalities: 0 / Occupants: 5,Fatalities: 0 / Occupants: 16,,, Damaged beyond repair,,"Pasto-Cano Airport (PSO) (   Colombia) 
", Landing (LDG),Scheduled Passenger,?,"Pasto-Cano Airport (PSO/SKPS), Colombia",,,Fatalities: 0 / Occupants: 21 
19830809-0,Preliminary,Tuesday 9 August 1983,,Douglas AC-47,Royal Thai Air Force - RTAF,,,, L2-30/07, 26902/15457, 1944,,,,,Fatalities:  / Occupants: ,Fatalities:  / Occupants: ,Fatalities: 4,, Damaged beyond repair,,"SW of Ubon Ratchathani-Muang Ubon Airport (UBP) (   Thailand) 
", Takeoff (TOF),Military,"Ubon Ratchathani-Muang Ubon Airport (UBP/VTUU), Thailand",?,,,Fatalities: 5 / Occupants:  
19830812-0,,Friday 12 August 1983,,Antonov An-2R,Aeroflot / Ukraine,,,, CCCP-07697, 1G158-17, 1974,,,,,Fatalities: 0 / Occupants: ,Fatalities: 0 / Occupants: ,,, Damaged beyond repair,,"Odessa Region (   Ukraine) 
", Unknown (UNK),Unknown,?,?,,,Fatalities: 0 / Occupants:  
19830817-0,Final,Wednesday 17 August 1983,07:24,Learjet 25B,Northeast Jet,,,, N108PA, 25-195, 1975,4758,,,,Fatalities: 0 / Occupants: 2,Fatalities: 0 / Occupants: 0,,, Substantial, Repaired,"1,6 km (1 mls) S of Wilmington-Greater Wilmington Airport, DE (ILG) (   United States of America) 
", Initial climb (ICL),Unknown,"Wilmington-Greater Wilmington Airport, DE (ILG/KILG), United States of America","Danville Municipal Airport, VA (DAN/KDAN), United States of America",,,Fatalities: 0 / Occupants: 2 
19830817-1,Final,Wednesday 17 August 1983,16:40,Beechcraft A100 King Air,Padosa Productions,,,, N129D, B-134, 1972,9420,, 2 Pratt & Whitney Canada PT6A-28,,Fatalities: 0 / Occupants: 2,Fatalities: 0 / Occupants: 9,,, Damaged beyond repair,,"Vieques Airport (VQS) (   Puerto Rico) 
", Initial climb (ICL),Private,"Saint Croix-Alexander Hamilton Airport (STX/TISX), U.S. Virgin Islands","San Juan-Isla Verde International Airport (SJU/TJSJ), Puerto Rico",,,Fatalities: 0 / Occupants: 11 
19830818-0,,Thursday 18 August 1983,,Boeing 727,Delta Air Lines,,,, registration unknown, , ,,,,,Fatalities: 0 / Occupants: ,Fatalities: 0 / Occupants: ,,, None,,"Havana-José Martí International Airport (HAV) (   Cuba) 
", En route (ENR),Domestic Scheduled Passenger,"Miami International Airport, FL (MIA/KMIA), United States of America","Tampa International Airport, FL (TPA/KTPA), United States of America",DL784,,Fatalities: 0 / Occupants: 79 
19830819-0,,Friday 19 August 1983,,Boeing 727-294,Syrian Arab Airlines,,,, YK-AGA, 21203/1188, 1976-02-20  (7 years 6 months),,, 3 Pratt & Whitney JT8D-17,,Fatalities: 0 / Occupants: 6,Fatalities: 0 / Occupants: 6,,, Substantial, Repaired,"Roma (   Italy) 
", Standing (STD),International Scheduled Passenger,"Roma (unknown airport), Italy","Damascus International Airport (DAM/OSDI), Syria",,,Fatalities: 0 / Occupants: 12 
19830821-0,Final,Sunday 21 August 1983,18:32,Lockheed 18 Learstar II,,Landry Aviation,,Command Aviation, N116CA, 18-2472, 1943,,, 2 Wright R-1820-76B,,Fatalities: 2 / Occupants: 2,Fatalities: 9 / Occupants: 24,,, Destroyed, Written off (damaged beyond repair),"near Stanwood, WA (   United States of America) 
", Maneuvering (MNV),Parachuting,"Arlington Municipal Airport, WA (AWO/KAWO), United States of America","Arlington Municipal Airport, WA (AWO/KAWO), United States of America",,,Fatalities: 11 / Occupants: 26 
19830824-0,Final,Wednesday 24 August 1983,18:28,Fokker F-27 Friendship 100,Indian Airlines,,,, VT-DOK, 10215, 1963,,,,,Fatalities: 0 / Occupants: 4,Fatalities: 0 / Occupants: 26,,, Substantial, Repaired,"Calcutta Airport (CCU) (   India) 
", Landing (LDG),Domestic Scheduled Passenger,?,"Calcutta Airport (CCU/VECC), India",IC212,,Fatalities: 0 / Occupants: 30 
19830825-0,,Thursday 25 August 1983,,Yakovlev Yak-40K,MAP Arsenyev MSZ,,,, CCCP-87201, 9741256, 1977,,, 3 Ivchenko AI-25,,Fatalities: 0 / Occupants: ,Fatalities: 0 / Occupants: ,,, Damaged beyond repair,,"Omsukchan Airport (   Russia) 
", Takeoff (TOF),Unknown,"Omsukchan Airport (UHMF), Russia",?,,,Fatalities: 0 / Occupants:  
19830826-0,,Friday 26 August 1983,,Boeing 707-300,Middle East Airlines - MEA,,,, registration unknown, , ,,,,,Fatalities: 0 / Occupants: ,Fatalities: 0 / Occupants: ,,, Unknown,,"Tel Aviv (   Israel) 
", Unknown (UNK),Unknown,"Benghazi-Benina International Airport (BEN/HLLB), Libya","Beirut International Airport (BEY/OLBA), Lebanon",,,Fatalities: 0 / Occupants:  
19830827-0,,Saturday 27 August 1983,,Lockheed L-100-30 Hercules,Transamerica Airlines,,,, N17ST, 4333, 1969,,, 4 Allison 501-D22A,,Fatalities: 4 / Occupants: 4,Fatalities: 3 / Occupants: 3,,, Damaged beyond repair,,"50 km (31.3 mls) S of Dundo Airport (DUE) (   Angola) 
", Approach (APR),Cargo,?,?,,,Fatalities: 7 / Occupants: 7 
19830827-1,Final,Saturday 27 August 1983,20:03,Swearingen SA226-TC Metro II,Scheduled Skyways,,,, N503SS, TC-229E, 1977,,, 2 Garrett TPE331,,Fatalities: 0 / Occupants: 2,Fatalities: 0 / Occupants: 2,,, Substantial, Written off (damaged beyond repair),"Hot Springs-Memorial Field, AR (HOT) (   United States of America) 
", Taxi (TXI),Domestic Scheduled Passenger,"Hot Springs-Memorial Field, AR (HOT/KHOT), United States of America","Little Rock National Airport, AR (LIT/KLIT), United States of America",,,Fatalities: 0 / Occupants: 4 
19830827-2,,Saturday 27 August 1983,,Boeing 727-228,Air France,,,, registration unknown, , ,,,,,Fatalities: 0 / Occupants: ,Fatalities: 0 / Occupants: ,,, None,,"Tehran-Mehrabad Airport (THR) (   Iran) 
", En route (ENR),International Scheduled Passenger,"Wien-Schwechat International Airport (VIE/LOWW), Austria","Paris-Charles de Gaulle Airport (CDG/LFPG), France",,,Fatalities: 0 / Occupants: 111 
19830828-0,Final,Sunday 28 August 1983,21:45,Beechcraft 200 Super King Air,Moore's Air Charter,,,, VH-KTE, BB-320, 1978,,, 2 Pratt & Whitney Canada PT6A-41,,Fatalities: 1 / Occupants: 1,Fatalities: 11 / Occupants: 11,,, Destroyed, Written off (damaged beyond repair),"3,5 km (2.2 mls) S of Adavale, QLD (   Australia) 
", En route (ENR),Domestic Non Scheduled Passenger,"Windorah Airport, QLD (WNR/YWDH), Australia","Toowoomba Airport, QLD (TWB/YTWB), Australia",,,Fatalities: 12 / Occupants: 12 
19830830-0,,Tuesday 30 August 1983,20:17,Tupolev Tu-134A,"Aeroflot, Privolzhsk Civil Aviation Directorate",,,, CCCP-65129, 60630, 1978,9976,,,6515,Fatalities: 7 / Occupants: 7,Fatalities: 83 / Occupants: 83,,, Destroyed, Written off (damaged beyond repair),"36 km (22.5 mls) from  Alma-Ata (   Kazakhstan) 
", Approach (APR),Domestic Scheduled Passenger,"Chelyabinsk Airport (CEK/USCC), Russia","Alma-Ata Airport (ALA/UAAA), Kazakhstan",5463,,Fatalities: 90 / Occupants: 90 
19830899-1,,xx AUG 1983,,Douglas DC-3A,Reo Leasing Inc.,,,, N18143, 2139, 1939,,,,,Fatalities:  / Occupants: ,Fatalities:  / Occupants: ,,, Damaged beyond repair,,"within Mexico (   Mexico) 
", Unknown (UNK),Illegal Flight,?,?,,,Fatalities:  / Occupants:  
19830901-0,Final,Thursday 1 September 1983,03:26,Boeing 747-230B,Korean Air Lines - KAL,,,, HL7442, 20559/186, 1972-03-17  (11 years 6 months),,, 4 Pratt & Whitney JT9D-7A,,Fatalities: 23 / Occupants: 23,Fatalities: 246 / Occupants: 246,,, Destroyed, Written off (damaged beyond repair),"37 km (23.1 mls) W off  Sakhalinsk [Okhotsk Sea] (   Pacific Ocean) 
", En route (ENR),International Scheduled Passenger,"Anchorage International Airport, AK (ANC/PANC), United States of America","Seoul-Gimpo (Kimpo) International Airport (SEL/RKSS), South Korea",KE007,,Fatalities: 269 / Occupants: 269 
19830901-1,,Thursday 1 September 1983,,Boeing 727-264,Mexicana de Aviación,,,, XA-DAT, 20787/999, 1973-12-05  (9 years 9 months),,,,,Fatalities: 0 / Occupants: ,Fatalities: 0 / Occupants: ,,, None,,"Mérida Airport (MID) (   Mexico) 
", En route (ENR),Domestic Scheduled Passenger,"Cozumel Airport (CZM/MMCZ), Mexico","Mérida-Rejon Airport (MID/MMMD), Mexico",,,Fatalities: 0 / Occupants: 136 
19830902-0,,Friday 2 September 1983,,Britten-Norman BN-2A-21 Islander,Central Mountain Air Services,,,, C-GIPF, 274, 1971-04-28  (12 years 4 months),,,,,Fatalities: 1 / Occupants: 1,Fatalities: 6 / Occupants: 6,,, Missing, Presumed damaged beyond repair,"near Smithers, BC (   Canada) 
", En route (ENR),Domestic Scheduled Passenger,"Campbell River Airport, BC (YBL/CYBL), Canada","Smithers Airport, BC (YYD/CYYD), Canada",,,Fatalities: 7 / Occupants: 7 
19830904-0,,Sunday 4 September 1983,,Beechcraft 99 Airliner,Touraine Air Transport - TAT,,,, F-BUYG, U- 63, 1969,,, 2 Pratt & Whitney Canada PT6A-20,,Fatalities: 0 / Occupants: ,Fatalities: 0 / Occupants: ,,, Damaged beyond repair,,"Tours-St Symphorien Airport (TUF) (   France) 
", Landing (LDG),Domestic Scheduled Passenger,?,"Tours-St Symphorien Airport (TUF/LFOT), France",,,Fatalities: 0 / Occupants:  
19830914-0,,Wednesday 14 September 1983,09:34,Hawker Siddeley HS-121 Trident 2E,CAAC,,,, B-264, 2169, 1975,,, 3 Rolls-Royce Spey 512,,Fatalities: 0 / Occupants: 6,Fatalities: 11 / Occupants: 100,,, Damaged beyond repair,,"Guilin Airport (KWL) (   China) 
", Taxi (TXI),Domestic Scheduled Passenger,"Guilin-Qifengling Airport (KWL/ZGKL), China","Beijing-Capital International Airport (PEK/ZBAA), China",,,Fatalities: 11 / Occupants: 106 
19830916-0,,Friday 16 September 1983,,Antonov An-12,Soviet Air Force,,,, registration unknown, , ,,,,,Fatalities:  / Occupants: ,Fatalities:  / Occupants: ,,, Damaged beyond repair,,"Bagram Air Base (BPM) (   Afghanistan) 
", Landing (LDG),Military,?,"Bagram Air Base (BPM/OAIX), Afghanistan",,,Fatalities:  / Occupants:  
19830922-0,,Thursday 22 September 1983,,Boeing 727,American Airlines,,,, registration unknown, , ,,,,,Fatalities: 0 / Occupants: 7,Fatalities: 0 / Occupants: 105,,, None,,"Havana-José Martí International Airport (HAV) (   Cuba) 
", En route (ENR),International Scheduled Passenger,"New York-John F. Kennedy International Airport, NY (JFK/KJFK), United States of America","Saint Thomas Airport (STT/TIST), U.S. Virgin Islands",AA625,,Fatalities: 0 / Occupants: 112 
19830923-0,,Friday 23 September 1983,ca 15:30,Boeing 737-2P6,Gulf Air,,,, A4O-BK, 21734/566, 1979-04-04  (4 years 6 months),,, 2 Pratt & Whitney JT8D-15,,Fatalities: 5 / Occupants: 5,Fatalities: 107 / Occupants: 107,,, Destroyed, Written off (damaged beyond repair),"Mino Jebel Ali (   United Arab Emirates) 
", Approach (APR),International Scheduled Passenger,"Karachi International Airport (KHI/OPKC), Pakistan","Abu Dhabi International Airport (AUH/OMAA), United Arab Emirates", 771,,Fatalities: 112 / Occupants: 112 
19830923-1,,Friday 23 September 1983,,FMA IA 50 Guaraní II,Dirección Provincial de Aeronáutica de Salta,,,, LV-LAD, 25, 1972,,,,,Fatalities: 0 / Occupants: 3,Fatalities: 0 / Occupants: 4,,, Substantial, Written off (damaged beyond repair),"Las Bolsas, SA (   Argentina) 
", Landing (LDG),Unknown,?,?,,,Fatalities: 0 / Occupants: 7 
19830925-0,,Sunday 25 September 1983,,Boeing 707-336C,RN Cargo,,,, 5N-ARO, 18924/448, 1965,,, 4 Pratt & Whitney JT3D-3B,,Fatalities: 0 / Occupants: 4,Fatalities: 0 / Occupants: 0,,, Destroyed, Written off (damaged beyond repair),"Accra-Kotoka Airport (ACC) (   Ghana) 
", Standing (STD),Cargo,"Lagos-Murtala Muhammed International Airport (LOS/DNMM), Nigeria","Accra-Kotoka Airport (ACC/DGAA), Ghana",,,Fatalities: 0 / Occupants: 4 
19830928-0,,Wednesday 28 September 1983,,Britten-Norman BN-2A-26 Islander,Taiwan Airlines,,,, B-11109, 518, 1976-05-13  (7 years 5 months),,,,,Fatalities: 1 / Occupants: 1,Fatalities: 9 / Occupants: 9,,, Damaged beyond repair,,"off Lanyu Island (   Taiwan) 
", Approach (APR),Domestic Scheduled Passenger,"Taitung Airport (TTT/RCFN), Taiwan","Orchid Island Airport (KYD/RCLY), Taiwan",,,Fatalities: 10 / Occupants: 10 
19830929-0,,Thursday 29 September 1983,,Canadair CL-215-1A10,Canadair,,,, C-GKEE, 1078, 1983,,, 2 Pratt & Whitney R-2800-83AM,,Fatalities: 0 / Occupants: 2,Fatalities: 0 / Occupants: 0,,, Damaged beyond repair,,"Montreal-Dorval International Airport, QC (YUL) (   Canada) 
", Maneuvering (MNV),Demonstration,"Montreal-Dorval International Airport, QC (YUL/CYUL), Canada","Montreal-Dorval International Airport, QC (YUL/CYUL), Canada",,,Fatalities: 0 / Occupants: 2 
19831001-1,,Saturday 1 October 1983,05:30,Douglas C-118A (DC-6),United States Navy,,,, 533257, 44628/564, 1955,,,,,Fatalities: 0 / Occupants: 0,Fatalities: 0 / Occupants: 0,,, Damaged beyond repair,,"Keflavík International Airport (KEF) (   Iceland) 
", Standing (STD),Military,-,-,,,Fatalities: 0 / Occupants: 0 
19831003-0,,Monday 3 October 1983,ca 09:00,Douglas C-47 (DC-3),Unknown,,,, registration unknown, , ,,,,,Fatalities: 1 / Occupants: 3,Fatalities: 0 / Occupants: 0,,, Damaged beyond repair,,"near Rio Blanco, Matagalpa (   Nicaragua) 
", Maneuvering (MNV),Military,"El Aguacate Airport (MHGE), Honduras","El Aguacate Airport (MHGE), Honduras",,,Fatalities: 1 / Occupants: 3 
19831005-0,,Wednesday 5 October 1983,,Boeing 727-21,SAM Colombia,,,, HK-1804, 19037/284, 1966-06-15  (17 years 4 months),,, 3 Pratt & Whitney JT8D-7,,Fatalities: 0 / Occupants: ,Fatalities: 0 / Occupants: ,,, Damaged beyond repair,,"San Andrés Island Airport (ADZ) (   Colombia) 
", Landing (LDG),Unknown,?,"San Andrés Island Airport (ADZ/SKSP), Colombia",,,Fatalities: 0 / Occupants:  
19831005-1,,Wednesday 5 October 1983,,Antonov An-2R,Zakladu Uslug Agrolotniczych - ZUA,,,, SP-WWK, 1G177-01, ,,,,,Fatalities:  / Occupants: ,Fatalities:  / Occupants: ,,, Damaged beyond repair,,"Karolewo (   Poland) 
", Unknown (UNK),Unknown,?,?,,,Fatalities:  / Occupants:  
19831007-0,,Friday 7 October 1983,,Embraer EMB-110C Bandeirante,TAM Transportes Aéreos Regionais,,,, PP-SBH, 110026, 1974,,,,,Fatalities: 2 / Occupants: 2,Fatalities: 5 / Occupants: 13,,, Damaged beyond repair,,"Araçatuba Airport, SP (ARU) (   Brazil) 
", Approach (APR),Domestic Scheduled Passenger,"Campo Grande Internacional Airport, MS (CGR/SBCG), Brazil","Araçatuba Airport, SP (ARU/SBAU), Brazil",,,Fatalities: 7 / Occupants: 15 
19831008-0,,Saturday 8 October 1983,,de Havilland Canada DHC-6 Twin Otter 300,Burma Airways,,,, XY-AEE, 512, 1976,,, 2 Pratt & Whitney Canada PT6A-27,,Fatalities: 3 / Occupants: 3,Fatalities: 6 / Occupants: 11,,, Damaged beyond repair,,"near Lonkin (   Myanmar) 
", Initial climb (ICL),Domestic Scheduled Passenger,"Lonkin, Myanmar","Myitkyina Airport (MYT/VYMK), Myanmar",,,Fatalities: 9 / Occupants: 14 
19831008-1,,Saturday 8 October 1983,,Douglas DC-6,private,,,, registration unknown, , ,,,,,Fatalities: 7 / Occupants: 7,Fatalities: 0 / Occupants: 0,,, Damaged beyond repair,,"Monterrubio village, Santa Marta (   Colombia) 
", Takeoff (TOF),Illegal Flight,?,?,,,Fatalities: 7 / Occupants: 7 
19831009-0,,Sunday 9 October 1983,,Pilatus Britten-Norman BN-2A-8 Islander,Yung Shing Airlines,,,, B-12202, 380, 1974,,,,,Fatalities: 0 / Occupants: ,Fatalities: 0 / Occupants: ,,, Damaged beyond repair,,"Orchid Island Airport (KYD) (   Taiwan) 
", Landing (LDG),Passenger,"Taitung Airport (TTT/RCFN), Taiwan","Orchid Island Airport (KYD/RCLY), Taiwan",,,Fatalities: 0 / Occupants: 12 
19831011-0,Final,Tuesday 11 October 1983,08:05 UTC,Boeing 747-249F,Flying Tiger Line,,,, N806FT, 21827/406, 1979-10-15  (4 years),,,,,Fatalities: 0 / Occupants: 3,Fatalities: 0 / Occupants: 3,,, Substantial, Repaired,"Frankfurt International Airport (FRA) (   Germany) 
", Takeoff (TOF),Cargo,"Frankfurt International Airport (FRA/EDDF), Germany","Amsterdam-Schiphol International Airport (AMS/EHAM), Netherlands",9014,,Fatalities: 0 / Occupants: 6 
19831011-1,Final,Tuesday 11 October 1983,20:53,Hawker Siddeley HS-748-FAA Srs. 2A,Air Illinois,,,, N748LL, 1716, 1972,21182,, 2 Rolls-Royce Dart 535-2,32350,Fatalities: 3 / Occupants: 3,Fatalities: 7 / Occupants: 7,,, Destroyed, Written off (damaged beyond repair),"11 km (6.9 mls) NE of Pinckneyville, IL (   United States of America) 
", Approach (APR),Domestic Scheduled Passenger,"Springfield-Capital Airport, IL (SPI/KSPI), United States of America","Carbondale-Southern Illinois Airport, IL (MDH/KMDH), United States of America", 710,,Fatalities: 10 / Occupants: 10 
19831011-2,,Tuesday 11 October 1983,,FMA IA 50 Guaraní II,Fuerza Aérea Argentina - FAA,,,, T-125, 16, ,,,,,Fatalities:  / Occupants: ,Fatalities:  / Occupants: ,,, Damaged beyond repair,,"near Santa Isabel-Córdoba-Escuela De Aviacion Militar Airport, CD (   Argentina) 
", Initial climb (ICL),Military,"Santa Isabel - Córdoba-Escuela De Aviacion Militar Airport, CD (SACE), Argentina",?,,,Fatalities: 12 / Occupants: 12 
19831013-0,,Thursday 13 October 1983,,Boeing 707-436,Coastal Airways,,,, N4465D, 18411/266, 1962,,, 4 Rolls-Royce Conway 508,,Fatalities: 0 / Occupants: 0,Fatalities: 0 / Occupants: 0,,, Damaged beyond repair,,"Perpignan Airport (PGF) (   France) 
", Standing (STD),-,-,-,,,Fatalities: 0 / Occupants: 0 
19831015-0,,Saturday 15 October 1983,,Boeing 737,People Express,,,, registration unknown, , ,,,,,Fatalities: 0 / Occupants: ,Fatalities: 0 / Occupants: ,,, None,,"Atlantic City International Airport, NJ (ACY) (   United States of America) 
", En route (ENR),Domestic Scheduled Passenger,"Buffalo Airport, NY (BUF/KBUF), United States of America","Newark International Airport, NJ (EWR/KEWR), United States of America", 104,,Fatalities: 0 / Occupants: 107 
19831018-0,Final,Tuesday 18 October 1983,21:07,Boeing 747-230F,Lufthansa,,,, D-ABYU, 22668/538, 1981-08-13  (2 years 2 months),10223,, 4 General Electric CF6-50E2,1659,Fatalities: 0 / Occupants: 3,Fatalities: 0 / Occupants: 0,,, Substantial, Repaired,"Hong Kong-Kai Tak International Airport (HKG) (   Hong Kong) 
", Takeoff (TOF),Cargo,"Hong Kong-Kai Tak International Airport (HKG/VHHH), Hong Kong","Dubai Airport (DXB/OMDB), United Arab Emirates",,,Fatalities: 0 / Occupants: 3 
19831019-2,,Wednesday 19 October 1983,,Let L-410UVP,"Aeroflot, Krasnoyarsk Civil Aviation Directorate",,,, CCCP-67315, 820815, 1982,,,,,Fatalities: 0 / Occupants: ,Fatalities: 0 / Occupants: ,,, Damaged beyond repair,,"Kansk Air Base (   Russia) 
", Landing (LDG),Unknown,"Krasnoyarsk Severny Airport (UNKK), Russia","Kansk Tsentralny Airport, Russia",,,Fatalities: 0 / Occupants:  
19831025-0,Final,Tuesday 25 October 1983,09:09,McDonnell Douglas DC-8-63CF,Flying Tiger Line,,,, N797FT, 46140/528, 1970,46317,, 4 Pratt & Whitney JT3D-7,,Fatalities: 0 / Occupants: 3,Fatalities: 0 / Occupants: 2,,, Substantial, Repaired,"Norfolk NAS Chambers, VA (NGU) (   United States of America) 
", Landing (LDG),Ferry/positioning,"New York-John F. Kennedy International Airport, NY (JFK/KJFK), United States of America","Norfolk NAS Chambers, VA (NGU/KNGU), United States of America",2468,,Fatalities: 0 / Occupants: 5 
19831025-1,,Tuesday 25 October 1983,,Antonov An-26,Fuerza Aérea Revolucionaria,,,, CU-T1254, 17311304, ,,,,,Fatalities: 0 / Occupants: 0,Fatalities: 0 / Occupants: 0,,, Damaged beyond repair,,"Pearls Airport (   Grenada) 
", Standing (STD),Military,-,-,,,Fatalities: 0 / Occupants: 0 
19831026-0,,Wednesday 26 October 1983,,de Havilland Canada DHC-5D Buffalo,Armée de l'Air du Cameroun,,,, TJX-BS, 121, 1982,,,,,Fatalities:  / Occupants: ,Fatalities:  / Occupants: ,,, Damaged beyond repair,,"at an unknown location (   Cameroon) 
", Unknown (UNK),Military,?,?,,,Fatalities:  / Occupants:  
19831028-1,Final,Friday 28 October 1983,13:35,Shorts 330-200,Pennsylvania Airlines,,,, N26288, SH.3074, ,3005,,,,Fatalities: 0 / Occupants: 3,Fatalities: 1 / Occupants: 27,,, None,,"Middletown, PA (   United States of America) 
", En route (ENR),Domestic Scheduled Passenger,"Harrisburg International Airport, PA (MDT/KMDT), United States of America","Washington (unknown airport), DC, United States of America",,,Fatalities: 1 / Occupants: 30 
19831028-2,,Friday 28 October 1983,,Curtiss C-46R Commando,Transportes Aéreos Bolivar,,,, CP-916, 30394, 1942,,,,,Fatalities: 0 / Occupants: 3,Fatalities: 0 / Occupants: 2,,, Damaged beyond repair,,"9 km (5.6 mls) E of La Paz-El Alto Airport (LPB) (   Bolivia) 
", Landing (LDG),Cargo,"El Salvador Airport (SLEV), Bolivia","La Paz-El Alto Airport (LPB/SLLP), Bolivia",,,Fatalities: 0 / Occupants: 5 
19831031-0,Final,Monday 31 October 1983,20:30,Douglas DC-3C,FBN Flying Service,,,, N44896, 9665, 1943,40694,, 2 Pratt & Whitney R-1830-92,,Fatalities: 0 / Occupants: 2,Fatalities: 0 / Occupants: 0,,, Destroyed, Written off (damaged beyond repair),"Laredo International Airport, TX (LRD) (   United States of America) 
", Takeoff (TOF),Cargo,"Laredo International Airport, TX (LRD/KLRD), United States of America","McAllen-Miller International Airport, TX (MFE/KMFE), United States of America",,,Fatalities: 0 / Occupants: 2 
19831104-0,,Friday 4 November 1983,,Morane Saulnier (FMA) MS.760A Paris IA,Fuerza Aérea Argentina - FAA,,,, E-237, A-25, 1962,,,,,Fatalities:  / Occupants: ,Fatalities:  / Occupants: ,,, Damaged beyond repair,,"Alto Pencoso, San Luis, SL (   Argentina) 
", Unknown (UNK),Military,?,?,,,Fatalities: 2 / Occupants:  
19831108-0,,Tuesday 8 November 1983,ca. 15:20,Boeing 737-2M2,TAAG Angola Airlines,,,, D2-TBN, 22775/869, 1982-04-29  (1 year 6 months),,, 2 Pratt & Whitney JT8D-17,,Fatalities: 4 / Occupants: 4,Fatalities: 126 / Occupants: 126,,, Destroyed, Written off (damaged beyond repair),"1 km (0.6 mls) from  Lubango Airport (SDD) (   Angola) 
", Initial climb (ICL),Domestic Scheduled Passenger,"Lubango Airport (SDD/FNUB), Angola","Luanda-4 de Fevereiro Airport (LAD/FNLU), Angola",,,Fatalities: 130 / Occupants: 130 
19831110-0,,Thursday 10 November 1983,,Curtiss C-46D-10-CU Commando,Transportes Aéreos Skorpio - TAS,,,, CP-1077, 32968, 1944,,,,,Fatalities: 0 / Occupants: 3,Fatalities: 0 / Occupants: 0,,, Damaged beyond repair,,"near San Borja (   Bolivia) 
", Unknown (UNK),Unknown,?,?,,,Fatalities: 0 / Occupants: 3 
19831111-0,Final,Friday 11 November 1983,19:26,Boeing 727-225,Eastern Air Lines,,,, N812EA, 22549/1737, 1981-04-09  (2 years 7 months),,, 3 Pratt & Whitney JT8D-15,,Fatalities: 0 / Occupants: 7,Fatalities: 0 / Occupants: 152,,, Substantial, Repaired,"near Miami International Airport, FL (MIA) (   United States of America) 
", En route (ENR),Domestic Scheduled Passenger,"Miami International Airport, FL (MIA/KMIA), United States of America","Denver-Stapleton International Airport, CO (DEN/KDEN), United States of America",EA836,,Fatalities: 0 / Occupants: 159 
19831111-1,,Friday 11 November 1983,,Antonov An-12,Soviet Air Force,,,, registration unknown, , ,,,,,Fatalities:  / Occupants: ,Fatalities:  / Occupants: ,,, Damaged beyond repair,,"near Burevestnik (   Russia) 
", En route (ENR),Military,"Petrel-Burevestnik Airport (BVV/UHSB), Russia","Dolinsk-Sokol Air Base, Russia",,,Fatalities: 30 / Occupants: 30 
19831117-0,,Thursday 17 November 1983,,Douglas C-47 (DC-3),Unknown,,,, N...., , ,,,,,Fatalities: 0 / Occupants: ,Fatalities: 0 / Occupants: ,,, Damaged beyond repair,,"Barranquilla (   Colombia) 
", Landing (LDG),Illegal Flight,?,?,,,Fatalities: 0 / Occupants: 4 
19831118-0,,Friday 18 November 1983,,Tupolev Tu-134A,Aeroflot / Georgia,,,, CCCP-65807, 3352108, 1973,13273,,,10506,Fatalities: 3 / Occupants: ,Fatalities: 5 / Occupants: ,,, Damaged beyond repair,,"Tbilisi Airport (TBS) (   Georgia) 
", En route (ENR),Domestic Scheduled Passenger,"Tbilisi-Novo Alexeyevka Airport (TBS/UGGG), Georgia","Leningrad-Pulkovo Airport (LED/ULLI), Russia",,,Fatalities: 8 / Occupants:  
19831121-0,,Monday 21 November 1983,,McDonnell Douglas DC-9,Republic Airlines (RC),,,, registration unknown, , ,,,,,Fatalities: 0 / Occupants: 5,Fatalities: 0 / Occupants: 36,,, None,,"Chicago, IL (   United States of America) 
", En route (ENR),Domestic Scheduled Passenger,"Detroit-Metropolitan Wayne County Airport, MI (DTW/KDTW), United States of America","Kalamazoo-Battle Creek International Airport, MI (AZO/AZO), United States of America", 275,,Fatalities: 0 / Occupants: 41 
19831121-1,,Monday 21 November 1983,,Antonov An-12,Soviet Air Force,,,, 39, , ,,,,,Fatalities: 9 / Occupants: 9,Fatalities: 0 / Occupants: 0,,, Damaged beyond repair,,"0,5 km (0.3 mls) S of Senkovo (   Russia) 
", Approach (APR),Military,"Smolensk Air Base (XUBS), Russia","Smolensk Air Base (XUBS), Russia",,,Fatalities: 9 / Occupants: 9 
19831123-0,Final,Wednesday 23 November 1983,,de Havilland Canada DHC-6 Twin Otter 300,Austin Airways,,,, C-GTLA, 632, 1979,,, 2 Pratt & Whitney Canada PT6A-27,,Fatalities: 0 / Occupants: 2,Fatalities: 4 / Occupants: 5,,, Damaged beyond repair,,"0,4 km (0.3 mls) from  Lansdowne House Airport, ON (YLH) (   Canada) 
", Approach (APR),Domestic Scheduled Passenger,"Sandy Lake Airport, ON (ZSJ/CZSJ), Canada","Lansdowne House Airport, ON (YLH/CYLH), Canada",,,Fatalities: 4 / Occupants: 7 
19831126-0,Final,Saturday 26 November 1983,01:53,Beechcraft B100 King Air,Texas Western Aviation,,,, N1910L, BE-10, ,2214,, 2 Garrett TPE331-6,,Fatalities: 1 / Occupants: 1,Fatalities: 7 / Occupants: 7,,, Damaged beyond repair,,"Midland/Odessa Regional Airport, TX (MAF) (   United States of America) 
", Approach (APR),Domestic Non Scheduled Passenger,"Wichita Falls-Kickapoo Airport, TX (KIP/KCWC), United States of America","Midland/Odessa Regional Airport, TX (MAF/KMAF), United States of America",,,Fatalities: 8 / Occupants: 8 
19831127-0,Final,Sunday 27 November 1983,00:06,Boeing 747-283B,Avianca,,,, HK-2910, 21381/311, 1977-08-24  (6 years 3 months),20811,, 4 Pratt & Whitney JT9D-70A,5800,Fatalities: 19 / Occupants: 19,Fatalities: 162 / Occupants: 173,,, Destroyed, Written off (damaged beyond repair),"12 km (7.5 mls) SE of Madrid-Barajas Airport (MAD) (   Spain) 
", Approach (APR),International Scheduled Passenger,"Paris-Charles de Gaulle Airport (CDG/LFPG), France","Madrid-Barajas Airport (MAD/LEMD), Spain",AV011,,Fatalities: 181 / Occupants: 192 
19831127-1,,Sunday 27 November 1983,,North American Rockwell CT-39E Sabreliner,United States Navy,,,, 157354, 282-85, 1967,,,,,Fatalities: 0 / Occupants: ,Fatalities: 0 / Occupants: ,,, Substantial, Repaired,"Denver-Buckley Air National Guard Base, CO (BFK) (   United States of America) 
", Landing (LDG),Military,?,"Denver-Buckley Air National Guard Base, CO (BFK/KBKF), United States of America",,,Fatalities: 0 / Occupants:  
19831128-0,,Monday 28 November 1983,,de Havilland Canada DHC-6 Twin Otter 300,Fuerza Aérea del Peru - FAP,,,, FAP-309, 384, 1973,,, 2 Pratt & Whitney Canada PT6A-27,,Fatalities:  / Occupants: ,Fatalities:  / Occupants: ,,, Damaged beyond repair,,"at an unknown location (   Peru) 
", Unknown (UNK),Military,?,?,,,Fatalities:  / Occupants:  
19831128-1,,Monday 28 November 1983,11:13,Fokker F-28 Fellowship 2000,Nigeria Airways,,,, 5N-ANF, 11090, 1975-02-10  (8 years 10 months),10618,,,14149,Fatalities: 2 / Occupants: 6,Fatalities: 51 / Occupants: 66,,, Damaged beyond repair,,"3,3 km (2.1 mls) from  Enugu Airport (ENU) (   Nigeria) 
", Approach (APR),Domestic Scheduled Passenger,"Lagos/Ikeja International Airport (LOS/DNMM), Nigeria","Enugu Airport (ENU/DNEN), Nigeria",,,Fatalities: 53 / Occupants: 72 
19831128-2,Final,Monday 28 November 1983,14:20,Swearingen SA226-TC Metro II,AMA Flyg,,,, SE-IMD, TC-371, 1980,3210,,,,Fatalities: 0 / Occupants: 2,Fatalities: 0 / Occupants: 3,,, Substantial, Repaired,"Linköping-Saab Airport (LPI) (   Sweden) 
", Landing (LDG),Domestic Scheduled Passenger,"Stockholm-Bromma Airport (BMA/ESSB), Sweden","Linköping-Saab Airport (LPI/ESSL), Sweden",,,Fatalities: 0 / Occupants: 5 
19831205-0,Final,Monday 5 December 1983,06:42,Cessna 501 Citation I/SP,North Broken Hill (Pty) Ltd,,,, VH-BNK, 501-0171, 1981,,,,,Fatalities: 0 / Occupants: 1,Fatalities: 0 / Occupants: 5,,, Substantial, Repaired,"10 Km NE of Kalgoorlie, WA (   Australia) 
", En route (ENR),Executive,"Adelaide Airport, SA (ADL/YPAD), Australia","Kalgoorlie Airport, WA (KGI/YPKG), Australia",,,Fatalities: 0 / Occupants: 6 
19831207-0,Final,Wednesday 7 December 1983,09:39,Boeing 727-256,Iberia,,,, EC-CFJ, 20820/1019, 1974-03-01  (9 years 9 months),21525,, 3 Pratt & Whitney JT8D-9,19936,Fatalities: 1 / Occupants: 9,Fatalities: 50 / Occupants: 84,,Fatalities: 42, Damaged beyond repair,,"Madrid-Barajas Airport (MAD) (   Spain) 
", Takeoff (TOF),International Scheduled Passenger,"Madrid-Barajas Airport (MAD/LEMD), Spain","Roma-Fiumicino Airport (FCO/LIRF), Italy",IB350,,Fatalities: 51 / Occupants: 93 
19831207-1,Final,Wednesday 7 December 1983,09:39,McDonnell Douglas DC-9-32,Aviaco,,,, EC-CGS, 47645/770, 1975,20078,, 2 Pratt & Whitney JT8D-9A,17909,Fatalities: 5 / Occupants: 5,Fatalities: 37 / Occupants: 37,,Fatalities: 51, Damaged beyond repair,,"Madrid-Barajas Airport (MAD) (   Spain) 
", Taxi (TXI),Domestic Scheduled Passenger,"Madrid-Barajas Airport (MAD/LEMD), Spain","Santander Airport (SDR/LEXJ), Spain", 134,,Fatalities: 42 / Occupants: 42 
19831208-0,Final,Thursday 8 December 1983,17:46 UTC,Cessna 500 Citation I,,Trans Europe Air Charter,,Brencham Ltd, G-UESS, 500-0326, 1976,1871,, 2 Pratt & Whitney Canada JT15D-1,,Fatalities: 2 / Occupants: 2,Fatalities: 8 / Occupants: 8,,, Destroyed, Written off (damaged beyond repair),"19 km (11.9 mls) SE off  Stornoway Airport (SYY) (   United Kingdom) 
", Approach (APR),Private,"Liverpool International Airport (LPL/EGGP), United Kingdom","Stornoway Airport (SYY/EGPO), United Kingdom",,,Fatalities: 10 / Occupants: 10 
19831211-0,Final,Sunday 11 December 1983,14:15,Vickers 668 Varsity,West Texas Air Museum,,,, N65338, , 1953,7371,, 2 Bristol Hercules 264,,Fatalities: 0 / Occupants: 2,Fatalities: 0 / Occupants: 0,,, Substantial, Written off (damaged beyond repair),"El Paso-West Texas Airport, TX (   United States of America) 
", Landing (LDG),Ferry/positioning,"El Paso International Airport, TX (ELP/KELP), United States of America","El Paso-West Texas Airport, TX, United States of America",,,Fatalities: 0 / Occupants: 2 
19831211-1,,Sunday 11 December 1983,,IAI Arava 201,Fuerza Aérea Guatemalteca,,,, 824, 027, 1976,,,,,Fatalities: 0 / Occupants: ,Fatalities: 0 / Occupants: ,,, Damaged beyond repair,,"Poptun Airport (PON) (   Guatemala) 
", Landing (LDG),Military,?,"Poptun Airport (PON/MGPP), Guatemala",,,Fatalities: 0 / Occupants:  
19831213-0,,Tuesday 13 December 1983,,Douglas C-47B-5-DK (DC-3),Philair,,,, RP-C287, 26118/14673, 1944,,, 2 Pratt & Whitney R-1830-90C,,Fatalities: 0 / Occupants: 4,Fatalities: 0 / Occupants: 6,,, Damaged beyond repair,,"Zapote (   Philippines) 
", Initial climb (ICL),Domestic Non Scheduled Passenger,"Manila Airport (MNL/RPLL), Philippines",?,,,Fatalities: 0 / Occupants: 10 
19831214-0,,Wednesday 14 December 1983,15:30,Boeing 707-373C,TAMPA Colombia,,,, HK-2401X, 18707/349, 1963,,, 4 Pratt & Whitney JT3D-3B,,Fatalities: 3 / Occupants: 3,Fatalities: 0 / Occupants: 0,Fatalities: 22,, Damaged beyond repair,,"near Medellín-Enrique Olaya Herrera Airport (EOH) (   Colombia) 
", Initial climb (ICL),Ferry/positioning,"Medellín-Enrique Olaya Herrera Airport (EOH/SKMD), Colombia","Miami International Airport, FL (MIA/KMIA), United States of America",,,Fatalities: 3 / Occupants: 3 
19831217-2,Final,Saturday 17 December 1983,13:10 MST,de Havilland Canada DHC-6 Twin Otter 200,Inuvik Coastal Airways,,,, C-FGJK, 213, 1969,,, 2 Pratt & Whitney Canada PT6A-20,,Fatalities: 1 / Occupants: 1,Fatalities: 1 / Occupants: 11,,, Damaged beyond repair,,"Paulatuk Airport, NT (YPC) (   Canada) 
", Landing (LDG),Domestic Non Scheduled Passenger,"Inuvik/Mike Zubko Airport, NT (YEV/CYEV), Canada","Paulatuk Airport, NT (YPC/CYPC), Canada",,,Fatalities: 2 / Occupants: 12 
19831218-0,Final,Sunday 18 December 1983,19:38,Airbus A300B4-120,,Malaysian Airlines System - MAS,,Scandinavian Airlines System - SAS, OY-KAA, 122, 1980-10-07  (3 years 2 months),3907,, 2 Pratt & Whitney JT9D-59A,,Fatalities: 0 / Occupants: 14,Fatalities: 0 / Occupants: 233,,, Damaged beyond repair,,"1,2 km (0.8 mls) NNW of Kuala Lumpur Subang International Airport (KUL) (   Malaysia) 
", Approach (APR),International Scheduled Passenger,"Singapore-Changi International Airport (SIN/WSSS), Singapore","Kuala Lumpur Subang International Airport (KUL/WMKK), Malaysia",MH684,,Fatalities: 0 / Occupants: 247 
19831219-0,Final,Monday 19 December 1983,00:05,Boeing 747-246F (SCD),Japan Air Lines - JAL,,,, JA8151, 22477/494, 1980,,, 4 Pratt & Whitney JT9D-7R4G2,,Fatalities: 0 / Occupants: 3,Fatalities: 0 / Occupants: 0,,, Substantial, Repaired,"Anchorage International Airport, AK (ANC) (   United States of America) 
", Landing (LDG),Cargo,"Tokyo-Narita Airport (NRT/RJAA), Japan","Anchorage International Airport, AK (ANC/PANC), United States of America",,,Fatalities: 0 / Occupants: 3 
19831220-0,Final,Tuesday 20 December 1983,13:17,McDonnell Douglas DC-9-31,Ozark Air Lines,,,, N994Z, 47097/193, 1967,,, 2 Pratt & Whitney JT8D-7B,,Fatalities: 0 / Occupants: 5,Fatalities: 0 / Occupants: 81,Fatalities: 1,, Substantial, Repaired,"Sioux Falls Regional Airport, SD (FSD) (   United States of America) 
", Landing (LDG),Domestic Scheduled Passenger,"Sioux City-Municipal Airport, IA (SUX/KSUX), United States of America","Sioux Falls Regional Airport (Jo Foss Field), SD (FSD/KFSD), United States of America", 650,,Fatalities: 0 / Occupants: 86 
19831222-0,Final,Thursday 22 December 1983,15:40,Learjet 25D,AMF Corp.,,,, N300PL, 25-247, 1978,2887,, 2 General Electric CJ610-8A,,Fatalities: 0 / Occupants: 2,Fatalities: 0 / Occupants: 4,,, Damaged beyond repair,,"Vail-Eagle County Airport, CO (EGE) (   United States of America) 
", Landing (LDG),Executive,"Saint Louis-Lambert International Airport, MO (STL/KSTL), United States of America","Aspen Airport, CO (ASE/KASE), United States of America",,,Fatalities: 0 / Occupants: 6 
19831223-0,Final,Friday 23 December 1983,14:06,McDonnell Douglas DC-10-30,Korean Air Lines - KAL,,,, HL7339, 46960/237, 1977,,, 3 General Electric CF6-50C,,Fatalities: 0 / Occupants: 3,Fatalities: 0 / Occupants: 0,,, Damaged beyond repair,,"Anchorage International Airport, AK (ANC) (   United States of America) 
", Takeoff (TOF),Cargo,"Anchorage International Airport, AK (ANC/PANC), United States of America","Los Angeles International Airport, CA (LAX/KLAX), United States of America", 084,,Fatalities: 0 / Occupants: 3 
19831224-0,,Saturday 24 December 1983,08:53,Antonov An-24RV,"Aeroflot, Arkhangelsk Civil Aviation Directorate",,,, CCCP-46617, 37308704, 1973,20761,, 2 Ivchenko AI-24VT,14302,Fatalities: 4 / Occupants: 5,Fatalities: 40 / Occupants: 44,,, Destroyed, Written off (damaged beyond repair),"Leshukonskoye Airport (LDG) (   Russia) 
", Initial climb (ICL),Domestic Scheduled Passenger,"Arkhangelsk-Talaghy Airport (ARH/ULAA), Russia","Leshukonskoye Airport (LDG/ULAL), Russia", 601,,Fatalities: 44 / Occupants: 49 
19839999-0,,xx xxx 1983,,Antonov An-26,Força Aérea Popular de Angola,,,, T-202, , ,,,,,Fatalities:  / Occupants: ,Fatalities:  / Occupants: ,,, Damaged beyond repair,,"at an unknown location (   Unknown country) 
", Unknown (UNK),Military,?,?,,,Fatalities:  / Occupants:  
19839999-1,- (No safety board investigation),xx xxx 1983,,Douglas DC-3-382,Swift Delivery Air Freight,,,, N401JB, 3299, 1941,,,,,Fatalities: 0 / Occupants: 0,Fatalities: 0 / Occupants: 0,,, Damaged beyond repair,,"Honolulu, HI (   United States of America) 
", Standing (STD),-,-,-,,,Fatalities: 0 / Occupants: 0 
19839999-2,,xx xxx 1983,,Ilyushin Il-18Gr,"Aeroflot, Moscow Transport Aviation Administration (MUTA",,,, CCCP-75887, 183006302, 1963,38059,,,15839,Fatalities:  / Occupants: ,Fatalities:  / Occupants: ,,, Damaged beyond repair,,"unknown (   Unknown country) 
", Unknown (UNK),Unknown,?,?,,,Fatalities:  / Occupants:  
19830103-0,Final,Monday 3 January 1983,09:05,Canadair CL-600-1A11 Challenger 600,A.E. Stanley Manufacturing Co.,,,, N805C, 1037, 1982,203,, 2 Lycoming ALF502L-2,86,Fatalities: 2 / Occupants: 2,Fatalities: 0 / Occupants: 0,,, Destroyed, Written off (damaged beyond repair),"4 km (2.5 mls) N of Hailey-Sun Valley Airport, ID (SUN) (   United States of America) 
", Approach (APR),Executive,"Decatur Airport, IL (DEC/KDEC), United States of America","Hailey-Sun Valley Airport, ID (SUN/KSUN), United States of America",,,Fatalities: 2 / Occupants: 2 
19830107-0,,Friday 7 January 1983,,Boeing 727,Delta Air Lines,,,, registration unknown, , ,,,,,Fatalities: 0 / Occupants: ,Fatalities: 0 / Occupants: ,,, None,,"Boston-Logan International Airport, MA (BOS) (   United States of America) 
", En route (ENR),Domestic Scheduled Passenger,"Portland International Airport, OR (PDX/KPDX), United States of America","Boston-Logan International Airport, MA (BOS/KBOS), United States of America",DL177,,Fatalities: 0 / Occupants: 30 
19830107-1,,Friday 7 January 1983,,Boeing 727-86,Iran Air,,,, EP-IRA, 19171/276, 1966-06-25  (16 years 7 months),,, 3 Pratt & Whitney JT8D-7B,,Fatalities: 0 / Occupants: 2,Fatalities: 0 / Occupants: 0,,, Damaged beyond repair,,"Tehran-Mehrabad Airport (THR) (   Iran) 
", Taxi (TXI),-,-,-,,,Fatalities: 0 / Occupants: 2 
19830109-0,Final,Sunday 9 January 1983,19:41,Convair CV-580-11-A,Republic Airlines (RC),,,, N8444H, 327A, 1956,39511,, 2 Allison 501-D13,64033,Fatalities: 0 / Occupants: 3,Fatalities: 1 / Occupants: 30,,, Substantial, Repaired,"Brainerd-Crow Wing County Airport, MN (BRD) (   United States of America) 
", Landing (LDG),Domestic Scheduled Passenger,"Minneapolis-St. Paul International Airport, MN (MSP/KMSP), United States of America","Brainerd-Crow Wing County Airport, MN (BRD/KBRD), United States of America", 927,,Fatalities: 1 / Occupants: 33 
19830111-0,Final,Tuesday 11 January 1983,14:50,Lockheed 18-56 Lodestar,Georgia South America,,,, N520R, 18-2183, 1942,10823,, 2 Wright R-1820-56,,Fatalities: 0 / Occupants: 2,Fatalities: 0 / Occupants: 2,,, Substantial, Written off (damaged beyond repair),"Madison, GA (   United States of America) 
", Takeoff (TOF),Executive,"Madison Municipal Airport, GA, United States of America","Miami International Airport, FL (MIA/KMIA), United States of America",,,Fatalities: 0 / Occupants: 4 
19830111-1,Final,Tuesday 11 January 1983,02:52,McDonnell Douglas DC-8-54F,United Airlines,,,, N8053U, 46010/406, 1968,31902,, 4 Pratt & Whitney JT3D-3B,13474,Fatalities: 3 / Occupants: 3,Fatalities: 0 / Occupants: 0,,, Destroyed, Written off (damaged beyond repair),"Detroit-Metropolitan Wayne County Airport, MI (DTW) (   United States of America) 
", Initial climb (ICL),Cargo,"Detroit-Metropolitan Wayne County Airport, MI (DTW/KDTW), United States of America","Los Angeles International Airport, CA (LAX/KLAX), United States of America",UA2885,,Fatalities: 3 / Occupants: 3 
19830111-2,Final,Tuesday 11 January 1983,,Rockwell Sabreliner 65,Sun Oil Co,,,, N99S, 465-64, 1981,668,, 2 Garrett TFE731-3R-1D,407,Fatalities: 2 / Occupants: 2,Fatalities: 3 / Occupants: 3,,, Destroyed, Written off (damaged beyond repair),"13 km (8.1 mls) NE of Toronto International Airport, ON (YYZ) (   Canada) 
", Approach (APR),Executive,"Philadelphia International Airport, PA (PHL/KPHL), United States of America","Toronto International Airport, ON (YYZ/CYYZ), Canada",,,Fatalities: 5 / Occupants: 5 
19830112-0,,Wednesday 12 January 1983,,Lockheed L-1049G Super Constellation,Indian Naval Air Arm,,,, IN-316, 4666, 1956,,,,,Fatalities: 0 / Occupants: ,Fatalities: 0 / Occupants: ,,, Damaged beyond repair,,"Mumbai (Bombay) (   India) 
", Taxi (TXI),Military,?,?,,,Fatalities: 0 / Occupants:  
19830112-1,,Wednesday 12 January 1983,,Pilatus Britten-Norman BN-2A-21 Islander,Indian Air Force - IAF,,,, registration unknown, , ,,,,,Fatalities: 0 / Occupants: ,Fatalities: 0 / Occupants: ,,, Damaged beyond repair,,"off Alleypey (   India) 
", Unknown (UNK),Unknown,?,?,,,Fatalities: 0 / Occupants:  
19830116-0,Final,Sunday 16 January 1983,03:00,Douglas DC-3C,Unknown,,,, TG-SAB, 18978, 1943,,,,,Fatalities: 0 / Occupants: 2,Fatalities: 0 / Occupants: 0,,, Substantial, Written off (damaged beyond repair),"near Bay City, TX (   United States of America) 
", Maneuvering (MNV),Illegal Flight,?,?,,,Fatalities: 0 / Occupants: 2 
19830116-1,,Sunday 16 January 1983,ca 22:30,Boeing 727-2F2,Türk Hava Yollari - THY,,,, TC-JBR, 21603/1389, 1978-09-08  (4 years 4 months),,, 3 Pratt & Whitney JT8D-15,,Fatalities: 0 / Occupants: 7,Fatalities: 47 / Occupants: 60,,, Damaged beyond repair,,"Ankara-Esenboga Airport (ESB) (   Turkey) 
", Approach (APR),Domestic Scheduled Passenger,"Istanbul-Yesilköy Airport (IST/LTBA), Turkey","Ankara-Esenboga Airport (ESB/LTAC), Turkey", 158,,Fatalities: 47 / Occupants: 67 
19830116-2,,Sunday 16 January 1983,,Lockheed L-1329-25 JetStar II,Libyan Government,,,, 5A-DAR, 5221, ,,,,,Fatalities: 2 / Occupants: 2,Fatalities: 0 / Occupants: 0,,, Missing, Presumed damaged beyond repair,"near Tripoli (   Libya) 
", En route (ENR),Official state flight,"Tripoli-Okba Ben Nafi Air Base (MJI/HLLM), Libya","Algiers-Houari Boumediene Airport (ALG/DAAG), Algeria",,,Fatalities: 2 / Occupants: 2 
19830118-0,,Tuesday 18 January 1983,,Shorts 330-200,Thai Airways,,,, HS-TS., , ,,,,,Fatalities: 0 / Occupants: ,Fatalities: 0 / Occupants: ,,, None,,"Chiang Mai International Airport (CNX) (   Thailand) 
", En route (ENR),Domestic Scheduled Passenger,"Phitsanulok Airport (PHS/VTPP), Thailand","Chiang Mai International Airport (CNX/VTCC), Thailand",,,Fatalities: 0 / Occupants:  
19830120-0,,Thursday 20 January 1983,,Boeing 727,Northwest Orient Airlines,,,, registration unknown, , ,,,,,Fatalities: 0 / Occupants: ,Fatalities: 1 / Occupants: ,,, None,,"Portland International Airport, OR (PDX) (   United States of America) 
", En route (ENR),Domestic Scheduled Passenger,"Seattle/Tacoma International Airport, WA (SEA/KSEA), United States of America","Portland International Airport, OR (PDX/KPDX), United States of America", 608,,Fatalities: 1 / Occupants: 41 
19830120-1,,Thursday 20 January 1983,,Boeing 707-300,Alyemda,,,, registration unknown, , ,,,,,Fatalities: 0 / Occupants: ,Fatalities: 0 / Occupants: ,,, None,,"Djibouti Airport (JIB) (   Djibouti) 
", En route (ENR),International Scheduled Passenger,"Aden International Airport (ADE/ODAA), Yemen","Kuwait International Airport (KWI/OKBK), Kuwait",,,Fatalities: 0 / Occupants:  
19830127-0,,Thursday 27 January 1983,,Dornier Do 128-6MPA Turbo Skyservant,Armée de l'Air du Cameroun,,,, TJX-BO, 6002, ,,, 2 Pratt & Whitney Canada PT6A-110,,Fatalities:  / Occupants: ,Fatalities:  / Occupants: ,,, Damaged beyond repair,,"Douala Air Base (   Cameroon) 
", Unknown (UNK),Military,?,?,,,Fatalities:  / Occupants:  
19830128-0,,Friday 28 January 1983,,de Havilland Canada DHC-6 Twin Otter 200,Lineas Aéreas del Estado - LADE,,,, T-83, 170, 1968,,, 2 Pratt & Whitney Canada PT6A-20,,Fatalities: 0 / Occupants: ,Fatalities: 0 / Occupants: ,,, Substantial, Repaired,"Río Gallegos Internacional Airport, SC (RGL) (   Argentina) 
", Landing (LDG),Military,?,"Río Gallegos Internacional Airport, SC (RGL/SAWG), Argentina",,,Fatalities: 0 / Occupants:  
19830128-1,Final,Friday 28 January 1983,20:20,Boeing 747-237B,Air-India,,,, VT-EFO, 21473/330, 1978-06-19  (4 years 7 months),,, 4 Pratt & Whitney JT9D-7J,,Fatalities: 0 / Occupants: 11,Fatalities: 0 / Occupants: 273,,, Substantial, Repaired,"Delhi-Palam Airport (DEL) (   India) 
", Taxi (TXI),International Scheduled Passenger,"Bombay-Juhu Airport (VAJJ), India","Delhi-Palam Airport (DEL/VIDP), India",AI306,,Fatalities: 0 / Occupants: 284 
19830128-2,Final,Friday 28 January 1983,20:20,Airbus A300B2-101,Indian Airlines,,,, VT-EFV, 088, 1979-09-03  (3 years 5 months),,, 2 General Electric CF6-50C,,Fatalities: 0 / Occupants: ,Fatalities: 0 / Occupants: ,,, Substantial, Repaired,"Delhi-Palam Airport (DEL) (   India) 
", Standing (STD),Unknown,?,?,,,Fatalities: 0 / Occupants:  
19830203-0,,Thursday 3 February 1983,,Antonov An-26,Fuerza Aérea Revolucionaria,,,, 14-28, 7007, ,,,,,Fatalities:  / Occupants: ,Fatalities:  / Occupants: ,,, Damaged beyond repair,,"Playa Baracoa Airport (   Cuba) 
", Landing (LDG),Military,?,"Playa Baracoa Airport (UPB/MUPB), Cuba",,,Fatalities:  / Occupants:  
19830206-0,Final,Sunday 6 February 1983,18:17,Cessna 550 Citation II,Weatherford Services Inc.,,,, N222WL, 550-0208, ,,, 2 Pratt & Whitney Canada JT15D-4,,Fatalities: 0 / Occupants: 2,Fatalities: 0 / Occupants: 1,,, Damaged beyond repair,,"Houston-William P. Hobby Airport, TX (HOU) (   United States of America) 
", Takeoff (TOF),Unknown,"Houston-William P. Hobby Airport, TX (HOU/KHOU), United States of America","Lafayette Regional Airport, LA (LFT/KLFT), United States of America",,,Fatalities: 0 / Occupants: 3 
19830207-0,,Monday 7 February 1983,,Antonov An-2TP,"Aeroflot, North Kavkaz Civil Aviation Directorate",,,, CCCP-32320, 1G97-32, 1968,,,,,Fatalities: 0 / Occupants: ,Fatalities: 0 / Occupants: ,,, Damaged beyond repair,,"Preobrazhenskaya District, Volgograd Region (   Russia) 
", Unknown (UNK),Unknown,?,?,,,Fatalities: 0 / Occupants:  
19830213-0,,Sunday 13 February 1983,ca 21:00,Learjet 35A,Upali Air,,,, N482U, 35A-482, ,,, 2 Garrett TFE731-2-2B,,Fatalities: 3 / Occupants: 3,Fatalities: 3 / Occupants: 3,,, Missing, Presumed damaged beyond repair,"ca 20 km W off Kuala Selangor, Straits of Malacca (   Malaysia) 
", En route (ENR),Executive,"Kuala Lumpur Subang International Airport (KUL/WMKK), Malaysia","Colombo-Katunayake International Airport (CMB/VCBI), Sri Lanka",,,Fatalities: 6 / Occupants: 6 
19830213-1,,Sunday 13 February 1983,,Lockheed C-130H Hercules,United States Air Force - USAF,,,, 74-1693, 4693, 1976,,,,,Fatalities:  / Occupants: ,Fatalities:  / Occupants: ,,, Damaged beyond repair,,"Fayetteville-Pope AFB, NC (POB) (   United States of America) 
", Unknown (UNK),Military,?,?,,,Fatalities: 6 / Occupants:  
19830213-2,,Sunday 13 February 1983,,Airbus A300B4-203,Trans Australia Airlines - TAA,,,, registration unknown, , ,,, 2 General Electric CF6-50C2,,Fatalities: 0 / Occupants: ,Fatalities: 0 / Occupants: ,,, None,,"Melbourne, VIC (   Australia) 
", En route (ENR),Domestic Scheduled Passenger,"Perth Airport, WA (PER/YPPH), Australia","Melbourne-Tullamarine Airport, VIC (MEL/YMML), Australia",,,Fatalities: 0 / Occupants:  
19830215-0,,Tuesday 15 February 1983,,de Havilland Canada DHC-7-102,Rio Airways,,,, registration unknown, , ,,, 4 Pratt & Whitney Canada PT6A-50,,Fatalities: 0 / Occupants: ,Fatalities: 0 / Occupants: ,,, None,,"Nuevo Laredo (NLD) (   Mexico) 
", En route (ENR),Domestic Scheduled Passenger,"Killeen Municipal Airport, TX (ILE/KILE), United States of America","Dallas/Fort Worth International Airport, TX (DFW/KDFW), United States of America", 252,,Fatalities: 0 / Occupants: 20 
19830215-1,,Tuesday 15 February 1983,,Douglas DC-3,Ontario Central Airlines,,,, C-FBKX, 32813/16065, 1945,,,,,Fatalities: 0 / Occupants: 3,Fatalities: 0 / Occupants: 1,,, Damaged beyond repair,,"Shamathawa, MB (   Canada) 
", En route (ENR),Domestic Non Scheduled Passenger,?,?,,,Fatalities: 0 / Occupants: 4 
19830215-2,Final,Tuesday 15 February 1983,11:02,de Havilland Canada DHC-6 Twin Otter 300,Sierra Pacific Airlines,,,, N361V, 361, 1973,4767,, 2 Pratt & Whitney Canada PT6A-27,,Fatalities: 0 / Occupants: 2,Fatalities: 0 / Occupants: 6,,, Destroyed, Written off (damaged beyond repair),"1,7 km (1.1 mls) S of Hailey-Sun Valley Airport, ID (SUN) (   United States of America) 
", Approach (APR),Domestic Scheduled Passenger,"Boise Air Terminal, ID (BOI/KBOI), United States of America","Hailey-Sun Valley Airport, ID (SUN/KSUN), United States of America", 868,,Fatalities: 0 / Occupants: 8 
19830215-3,,Tuesday 15 February 1983,,Antonov An-12,Soviet Air Force,,,, registration unknown, , ,,,,,Fatalities: 5 / Occupants: 5,Fatalities: 0 / Occupants: 0,,, Damaged beyond repair,,"Jalalabad Airport (JAA) (   Afghanistan) 
", Approach (APR),Military,?,"Jalalabad Airport (JAA/OAJL), Afghanistan",,,Fatalities: 5 / Occupants: 5 
19830217-1,,Thursday 17 February 1983,,Britten-Norman BN-2A-21 Islander,Norving,,,, LN-MAF, 441, 1975-04-26  (7 years 10 months),,,,,Fatalities:  / Occupants: ,Fatalities:  / Occupants: ,,, Damaged beyond repair,,"Båtsfjord Airport (BJF) (   Norway) 
", Unknown (UNK),Unknown,?,?,,,Fatalities:  / Occupants:  
19830218-0,,Friday 18 February 1983,,Tupolev Tu-134A,CSA Ceskoslovenské Aerolinie,,,, registration unknown, , ,,,,,Fatalities: 0 / Occupants: ,Fatalities: 1 / Occupants: ,,, None,,"Praha-Ruzyne International Airport (PRG) (   Czech Republic) 
", En route (ENR),International Scheduled Passenger,"Poprad/Tatry Airport (TAT/LZTT), Slovakia","Praha-Ruzyne International Airport (PRG/LKPR), Czech Republic",,,Fatalities: 1 / Occupants:  
19830220-0,,Sunday 20 February 1983,,Boeing 727-2L5,Libyan Arab Airlines,,,, 5A-DII, 21540/1386, 1978-08-29  (4 years 6 months),,,,,Fatalities: 0 / Occupants: ,Fatalities: 0 / Occupants: ,,, None,,"Malta-Luqa Airport (MLA) (   Malta) 
", En route (ENR),Domestic Scheduled Passenger,"Sebha Airport (SEB/HLLS), Libya","Benghazi-Benina International Airport (BEN/HLLB), Libya", 484,,Fatalities: 0 / Occupants: 160 
19830221-0,,Monday 21 February 1983,,Douglas C-47 (DC-3),Fuerza Aérea Colombiana,,,, FAC-651, , ,,,,,Fatalities: 4 / Occupants: 4,Fatalities: 0 / Occupants: 0,,, Damaged beyond repair,,"near Salento (   Colombia) 
", En route (ENR),Military,"Puerto Leguizamo-Caucayá Airport (LQM/SKLG), Colombia","Cali Airport (CLO/SKCL), Colombia",,,Fatalities: 4 / Occupants: 4 
19830222-0,,Tuesday 22 February 1983,,Boeing 737-2A1C,VASP - Viação Aérea São Paulo,,,, PP-SNC, 21187/443, 1975-12-12  (7 years 2 months),,, 2 Pratt & Whitney JT8D-17,,Fatalities: 2 / Occupants: 2,Fatalities: 0 / Occupants: 0,,, Damaged beyond repair,,"Manaus-Eduardo Gomes International Airport, AM (MAO) (   Brazil) 
", Takeoff (TOF),Training,"Manaus-Eduardo Gomes International Airport, AM (MAO/SBEG), Brazil","Manaus-Eduardo Gomes International Airport, AM (MAO/SBEG), Brazil",,,Fatalities: 2 / Occupants: 2 
19830223-0,,Wednesday 23 February 1983,,Antonov An-2R,Aeroflot / Ukraine,,,, CCCP-84571, 1G189-38, 1980,,,,,Fatalities: 0 / Occupants: ,Fatalities: 0 / Occupants: ,,, Damaged beyond repair,,"Cherkasy region (   Ukraine) 
", Unknown (UNK),Unknown,?,?,,,Fatalities: 0 / Occupants:  
19830224-1,,Thursday 24 February 1983,,de Havilland Canada DHC-6 Twin Otter 300,Air Benin,,,, TY-BBL, 737, 1981,,, 2 Pratt & Whitney Canada PT6A-27,,Fatalities: 0 / Occupants: ,Fatalities: 0 / Occupants: ,,, Damaged beyond repair,,"Koko (   Benin) 
", Unknown (UNK),Unknown,?,?,,,Fatalities: 0 / Occupants:  
19830227-0,Final,Sunday 27 February 1983,,Boeing 727-276 Adv.,Trans Australia Airlines - TAA,,,, 	VH-TBI, 	20554/1027, 1974-03-27  (8 years 11 months),,,,,Fatalities: 0 / Occupants: 6,Fatalities: 0 / Occupants: 123,,, Substantial, Repaired,"Adelaide Airport, SA (ADL) (   Australia) 
", Taxi (TXI),Domestic Scheduled Passenger,"Adelaide Airport, SA (ADL/YPAD), Australia","Melbourne-Tullamarine Airport, VIC (MEL/YMML), Australia",,,Fatalities: 0 / Occupants: 129 
19830227-1,,Sunday 27 February 1983,,Hawker Siddeley HS-121 Trident 2E,CAAC,,,, B-260, 2167, 1975,,, 3 Rolls-Royce Spey 512,,Fatalities: 0 / Occupants: ,Fatalities: 0 / Occupants: ,,, Damaged beyond repair,,"Fuzhou Yixu Airport (FOC) (   China) 
", Landing (LDG),Domestic Scheduled Passenger,?,"Fuzhou Yixu Airport (FOC/ZSFZ), China",,,Fatalities: 0 / Occupants: 96 
19830307-0,,Monday 7 March 1983,,Antonov An-24V,Balkan Bulgarian Airlines,,,, LZ-AND, 77303301, 1967,,,,,Fatalities: 0 / Occupants: ,Fatalities: 1 / Occupants: ,,, None,,"Varna Airport (VAR) (   Bulgaria) 
", En route (ENR),Domestic Scheduled Passenger,"Sofia-Vrazhdebna Airport (SOF/LBSF), Bulgaria","Varna Airport (VAR/LBWN), Bulgaria",,,Fatalities: 1 / Occupants:  
19830310-0,,Thursday 10 March 1983,,de Havilland Canada DHC-6 Twin Otter 300,Bakhtar Afghan Airlines,,,, YA-GAZ, 395, 1974,,, 2 Pratt & Whitney Canada PT6A-27,,Fatalities: 2 / Occupants: 2,Fatalities: 17 / Occupants: 17,,, Damaged beyond repair,,"near Shashgow Ghazni (   Afghanistan) 
", En route (ENR),Domestic Scheduled Passenger,"Uruzgan Airport (URZ/OARG), Afghanistan","Kabul Airport (KBL/OAKB), Afghanistan",,,Fatalities: 19 / Occupants: 19 
19830311-0,,Friday 11 March 1983,16:14,NAMC YS-11A-208,Nihon Kinkyori Airways,,,, JA8693, 2060, 1968,31305,, 2 Rolls-Royce Dart 543-10K,,Fatalities: 0 / Occupants: 5,Fatalities: 0 / Occupants: 48,,, Damaged beyond repair,,"Nakashibetsu Airport (SHB) (   Japan) 
", Approach (APR),Domestic Scheduled Passenger,"Sapporo-Chitose Airport (CTS/RJCC), Japan","Nakashibetsu Airport (SHB/RJCN), Japan", 497,,Fatalities: 0 / Occupants: 53 
19830311-1,,Friday 11 March 1983,,McDonnell Douglas DC-9-32,AVENSA,,,, YV-67C, 47025/106, 1967,,, 2 Pratt & Whitney JT8D-7,,Fatalities: 1 / Occupants: 5,Fatalities: 22 / Occupants: 45,,, Damaged beyond repair,,"Barquisimeto Airport (BRM) (   Venezuela) 
", Landing (LDG),Domestic Scheduled Passenger,"Caracas Airport (CCS/SVMI), Venezuela","Barquisimeto Airport (BRM/SVBM), Venezuela",,,Fatalities: 23 / Occupants: 50 
19830314-0,,Monday 14 March 1983,,Boeing 707-338C,Jamahiriya Air Transport,,,, 5A-DJO, 18955/467, 1966,,, 4 Pratt & Whitney JT3D-3B,,Fatalities: 5 / Occupants: 5,Fatalities: 0 / Occupants: 0,,, Damaged beyond repair,,"30 km (18.8 mls) N of Sebha (   Libya) 
", En route (ENR),Ferry/positioning,?,?,,,Fatalities: 5 / Occupants: 5 
19830317-0,,Thursday 17 March 1983,,Britten-Norman BN-2A-3 Islander,Pars Air,,,, EP-PAC, 273, 1971-04-02  (12 years),,,,,Fatalities:  / Occupants: ,Fatalities:  / Occupants: ,,, Damaged beyond repair,,"at an unknown location (   Unknown country) 
", Unknown (UNK),Unknown,?,?,,,Fatalities:  / Occupants:  
19830318-0,,Friday 18 March 1983,,Douglas C-47E,Fuerza Aérea del Peru - FAP,,,, FAP-356, 20009, 1944,,,,,Fatalities:  / Occupants: ,Fatalities:  / Occupants: ,,, Damaged beyond repair,,"Arequipa Airport (AQP) (   Peru) 
", Unknown (UNK),Military,?,?,,,Fatalities: 5 / Occupants:  
19830318-1,,Friday 18 March 1983,,IRMA/Britten-Norman BN-2A-21 Defender,Malawi Police Force,,,, 7Q-YAX, 792, 1976-05-08  (6 years 11 months),,,,,Fatalities:  / Occupants: ,Fatalities:  / Occupants: ,,, Damaged beyond repair,,"Chikala Hills (   Malawi) 
", Unknown (UNK),Military,?,?,,,Fatalities:  / Occupants:  
19830324-0,,Thursday 24 March 1983,,Antonov An-2V,"Aeroflot, Krasnoyarsk Civil Aviation Directorate",,,, CCCP-29367, 1G78-09, ,,,,,Fatalities: 0 / Occupants: ,Fatalities: 0 / Occupants: ,,, Damaged beyond repair,,"near Vanavara, Krasnoyarsk Region (   Russia) 
", Unknown (UNK),Unknown,?,?,,,Fatalities: 0 / Occupants:  
19830327-0,,Sunday 27 March 1983,,Boeing 737-2B1,Linhas Aéreas de Moçambique - LAM,,,, C9-BAB, 20281/228, 1969-12-16  (13 years 3 months),,, 2 Pratt & Whitney JT8D-9,,Fatalities: 0 / Occupants: 6,Fatalities: 0 / Occupants: 104,,, Damaged beyond repair,,"0,5 km (0.3 mls) from  Quelimane Airport (UEL) (   Mozambique) 
", Approach (APR),Scheduled Passenger,?,"Quelimane Airport (UEL/FQQL), Mozambique",,,Fatalities: 0 / Occupants: 110 
19830329-0,,Tuesday 29 March 1983,,Let L-410M,Aeroflot / Georgia,,,, CCCP-67190, 781119, 1978,,, 2 Walter M-601A,,Fatalities: 2 / Occupants: 2,Fatalities: 4 / Occupants: ,,, Damaged beyond repair,,"Poti Airport (   Georgia) 
", Initial climb (ICL),Domestic Scheduled Passenger,"Poti Airport (UGSP), Georgia","Sukhumi Airport (SUI/UGSS), Georgia",,,Fatalities: 6 / Occupants:  
19830330-0,,Wednesday 30 March 1983,,de Havilland Canada DHC-6 Twin Otter 300,Libyan Ministry of Agriculture,,,, 5A-DCP, 605, 1978,,, 2 Pratt & Whitney Canada PT6A-27,,Fatalities: 0 / Occupants: ,Fatalities: 0 / Occupants: ,,, Damaged beyond repair,,"Benghazi-Benina International Airport (BEN) (   Libya) 
", Taxi (TXI),Unknown,?,?,,,Fatalities: 0 / Occupants:  
19830330-1,Final,Wednesday 30 March 1983,05:14,Learjet 25,,Hughes Charter Air,,Chatham Corp., N51CA, 25-030, 1969,5750,, 2 General Electric CJ610-6,,Fatalities: 2 / Occupants: 2,Fatalities: 0 / Occupants: 0,,, Destroyed, Written off (damaged beyond repair),"Newark International Airport, NJ (EWR) (   United States of America) 
", Landing (LDG),Cargo,"Chicago-Midway Airport, IL (MDW/KMDW), United States of America","Newark International Airport, NJ (EWR/KEWR), United States of America",  27,,Fatalities: 2 / Occupants: 2 
19830401-0,,Friday 1 April 1983,,de Havilland Canada DHC-6 Twin Otter 200,Metroflight,,,, N922MA, 161, 1968,,, 2 Pratt & Whitney Canada PT6A-20,,Fatalities: 0 / Occupants: 0,Fatalities: 0 / Occupants: 0,,, Damaged beyond repair,,"Lawton Municipal Airport, OK (LAW) (   United States of America) 
", Standing (STD),-,-,-,,,Fatalities: 0 / Occupants: 0 
19830401-1,Final,Friday 1 April 1983,20:00,Cessna 500 Citation I,Winn Exploration,,,, N700CW, 500-0205, ,3440,, 2 Pratt & Whitney Canada JT15D-1,,Fatalities: 2 / Occupants: 2,Fatalities: 2 / Occupants: 2,,, Destroyed, Written off (damaged beyond repair),"5 km (3.1 mls) from  Eagle Pass-Winn Airfield, TX (   United States of America) 
", Approach (APR),Executive,"Corpus Christi International Airport, TX (CRP/KCRP), United States of America","Eagle Pass-Winn Airfield, TX, United States of America",,,Fatalities: 4 / Occupants: 4 
19830404-0,,Monday 4 April 1983,,Beechcraft 200 Super King Air,Total,,,, F-BVRP, BB-38, 1975,,, 2 Pratt & Whitney Canada PT6A-41,,Fatalities: 3 / Occupants: 3,Fatalities: 5 / Occupants: 5,,, Damaged beyond repair,,"near Guangzhou Baiyun International Airport (CAN) (   China) 
", Initial climb (ICL),Executive,"Guangzhou Baiyun International Airport (CAN/ZGGG), China","Hong Kong-Kai Tak International Airport (HKG/VHHH), Hong Kong",,,Fatalities: 8 / Occupants: 8 
19830406-0,,Wednesday 6 April 1983,,IRMA/Pilatus Britten-Norman BN-2A-26 Islander,Aviones de Panama,,,, HP-945, 914, 1982,,,,,Fatalities:  / Occupants: ,Fatalities:  / Occupants: ,,, Damaged beyond repair,,"at an unknown location (   Panama) 
", Unknown (UNK),Unknown,?,?,,,Fatalities:  / Occupants:  
19830407-0,Final,Thursday 7 April 1983,14:56,Britten-Norman BN-2A-8 Islander,Munz Northern Airlines,,,, N37MN, 558, 1976-11-19  (6 years 5 months),6674,, 2 Lycoming O-540-E4C5,,Fatalities: 1 / Occupants: 1,Fatalities: 1 / Occupants: 2,,, Substantial, Written off (damaged beyond repair),"Selawik, AK (   United States of America) 
", En route (ENR),Ferry/positioning,"Nome Airport, AK (OME/PAOM), United States of America","Ambler Airport, AK (ABL/PAFM), United States of America", 601,,Fatalities: 2 / Occupants: 3 
19830412-0,,Tuesday 12 April 1983,,Antonov An-26,Aeroflot / Belarus,,,, CCCP-26686, 8806, 1979,,,,,Fatalities: 0 / Occupants: 5,Fatalities: 0 / Occupants: 0,,, Damaged beyond repair,,"Minsk-1 International Airport (MHP) (   Belarus) 
", Landing (LDG),Cargo,"Riga International Airport (RIX/EVRA), Latvia","Minsk-1 International Airport (MHP/UMMM), Belarus",,,Fatalities: 0 / Occupants: 5 
19830414-1,,Thursday 14 April 1983,,Learjet 24D,Executive Jet Aviation,,,, N302EJ, 24-302, ,,,,,Fatalities: 0 / Occupants: 2,Fatalities: 0 / Occupants: 2,,, Damaged beyond repair,,"Puerto Vallarta (   Mexico) 
", Landing (LDG),Unknown,?,"Puerto Vallarta-Gustavo D. Ordaz Airport (PVR/MMPR), Mexico",,,Fatalities: 0 / Occupants: 4 
19830415-0,,Friday 15 April 1983,,Boeing 727-2F2,Türk Hava Yollari - THY,,,, TC-JBG, 20981/1086, 1974-11-11  (8 years 5 months),,, 3 Pratt & Whitney JT8D-15,,Fatalities: 0 / Occupants: 6,Fatalities: 0 / Occupants: 107,,, None,,"Athens-Ellinikon International Airport (ATH) (   Greece) 
", En route (ENR),Domestic Scheduled Passenger,"Istanbul-Yesilköy Airport (IST/LTBA), Turkey","Izmir-Cigli Airport (IGL/LTBL), Turkey",,,Fatalities: 0 / Occupants: 113 
19830416-0,,Saturday 16 April 1983,,British Aerospace BAe-748-329 Srs. 2A LFD,Air Liberia,,,, EL-AIH, 1755, 1978,,,,,Fatalities: 3 / Occupants: 3,Fatalities: 5 / Occupants: 6,Fatalities: 9,, Damaged beyond repair,,"4 km (2.5 mls) SE of Khartoum-Civil Airport (KRT) (   Sudan) 
", Approach (APR),Int'l Non Scheduled Passenger,"Khartoum-Civil Airport (KRT/HSSS), Sudan",?,,,Fatalities: 8 / Occupants: 9 
19830418-0,,Monday 18 April 1983,,Fairchild C-119 Flying Boxcar,Republic of China Air Force - ROCAF,,,, 3182, , ,,,,,Fatalities:  / Occupants: ,Fatalities:  / Occupants: ,,, Damaged beyond repair,,"unknown (   Unknown country) 
", Unknown (UNK),Military,?,?,,,Fatalities:  / Occupants:  
19830419-0,,Tuesday 19 April 1983,18:09,Yakovlev Yak-40,Aeroflot / Armenia,,,, CCCP-87291, 9320628, 1973,,, 3 Ivchenko AI-25,,Fatalities: 4 / Occupants: 4,Fatalities: 17 / Occupants: 17,,, Damaged beyond repair,,"41 km (25.6 mls) from  Leninakan Airport (LWN) (   Armenia) 
", En route (ENR),Domestic Scheduled Passenger,"Nalchik Airport (NAL/URMN), Russia","Leninakan Airport (LWN/UDSG), Armenia",,,Fatalities: 21 / Occupants: 21 
19830419-1,,Tuesday 19 April 1983,07:20,Kawasaki C-1,Japan Air Self-Defense Force - JASDF,,,, 68-1015, 8015, ,,, 2 Pratt & Whitney JT8-M-9,,Fatalities: 6 / Occupants: 6,Fatalities: 0 / Occupants: 0,,, Damaged beyond repair,,"near Toba (   Japan) 
", En route (ENR),Military,"Nagoya-Komaki International Airport (NGO/RJNN), Japan","Iruma Air Base (RJTJ), Japan",,,Fatalities: 6 / Occupants: 6 
19830419-2,,Tuesday 19 April 1983,07:20,Kawasaki C-1,Japan Air Self-Defense Force - JASDF,,,, 58-1009, 8009, ,,, 2 Pratt & Whitney JT8-M-9,,Fatalities: 8 / Occupants: 8,Fatalities: 0 / Occupants: 0,,, Damaged beyond repair,,"near Toba (   Japan) 
", En route (ENR),Military,"Nagoya-Komaki International Airport (NGO/RJNN), Japan","Iruma Air Base (RJTJ), Japan",,,Fatalities: 8 / Occupants: 8 
19830420-0,Final,Wednesday 20 April 1983,12:00 UTC,de Havilland Canada DHC-6 Twin Otter 310,Air Ecosse,,,, G-STUD, 545, 1977,7000,, 2 Pratt & Whitney Canada PT6A-27,,Fatalities: 0 / Occupants: 2,Fatalities: 0 / Occupants: 10,,, Damaged beyond repair,,"Flotta Airport (FLH) (   United Kingdom) 
", Landing (LDG),Domestic Non Scheduled Passenger,"Aberdeen-Dyce Airport (ABZ/EGPD), United Kingdom","Flotta Airport (FLH), United Kingdom",,,Fatalities: 0 / Occupants: 12 
19830426-0,Final,Tuesday 26 April 1983,14:54,Cessna 500 Citation I,Federal Mogul Corp.,,,, N22FM, 500-0229, ,4112,,,,Fatalities: 0 / Occupants: 2,Fatalities: 0 / Occupants: 3,,, Substantial, Written off (damaged beyond repair),"Wichita-Mid-Continent Airport, KS (ICT) (   United States of America) 
", Takeoff (TOF),Executive,"Wichita-Mid-Continent Airport, KS (ICT/KICT), United States of America","Chicago-Midway Airport, IL (MDW/KMDW), United States of America",,,Fatalities: 0 / Occupants: 5 
19830426-1,,Tuesday 26 April 1983,,IRMA/Britten-Norman BN-2A-9 Islander,Aviones Ejecutivos,,,, HK-2687X, 841, 1977-04-23  (6 years ),,,,,Fatalities: 0 / Occupants: ,Fatalities: 0 / Occupants: ,,, Damaged beyond repair,,"near Barranca de Upia (   Colombia) 
", Unknown (UNK),Cargo,?,?,,,Fatalities: 0 / Occupants:  
19830426-2,,Tuesday 26 April 1983,,Shin Meiwa PS-1,Japan Maritime Self Defence Force - JMSDF,,,, 5801, 1001, ,,,,,Fatalities: 11 / Occupants: 14,Fatalities: 0 / Occupants: 0,,, Damaged beyond repair,,"Iwakuni MCAS (   Japan) 
", Maneuvering (MNV),Military,"Iwakuni MCAS (RJOI), Japan","Iwakuni MCAS (RJOI), Japan",,,Fatalities: 11 / Occupants: 14 
19830429-0,,Friday 29 April 1983,,Sud Aviation SE-210 Caravelle VI-R,SAN Ecuador (Servicios Aéreos Nacionales),,,, HC-BAT, 125, 1962,,, 2 Rolls-Royce Avon 533R,,Fatalities: 1 / Occupants: 6,Fatalities: 7 / Occupants: 94,,, Damaged beyond repair,,"near Guayaquil-Simon Bolivar Airport (GYE) (   Ecuador) 
", Approach (APR),Domestic Scheduled Passenger,"Guayaquil-Simon Bolivar Airport (GYE/SEGU), Ecuador","Quito-Mariscal Sucre Airport (UIO/SEQU), Ecuador", 832,,Fatalities: 8 / Occupants: 100 
19830429-1,,Friday 29 April 1983,,Britten-Norman BN-2A-21 Islander,Airfast Indonesia,,,, PK-OBE, 429, 1975-02-25  (8 years 2 months),,,,,Fatalities: 0 / Occupants: 1,Fatalities: 0 / Occupants: 0,,, Damaged beyond repair,,"Landikma (   Indonesia) 
", Takeoff (TOF),Unknown,"Landikma Airstrip, Indonesia",?,,,Fatalities: 0 / Occupants: 1 
19830429-2,,Friday 29 April 1983,,Antonov An-2T,Aeroflot / Armenia,,,, CCCP-33093, 114047311, 1960,,,,,Fatalities: 0 / Occupants: ,Fatalities: 0 / Occupants: ,,, Damaged beyond repair,,"Tsaghkahovit (   Armenia) 
", Approach (APR),Unknown,?,?,,,Fatalities: 0 / Occupants:  
19830430-0,,Saturday 30 April 1983,12:09,Convair C-131F (CV-340),United States Navy,,,, 141010, 293, 1955,,,,,Fatalities: 6 / Occupants: 6,Fatalities: 8 / Occupants: 9,,, Destroyed, Written off (damaged beyond repair),"Jacksonville NAS, FL (NIP) (   United States of America) 
", Approach (APR),Military,"Jacksonville NAS, FL (NIP/KNIP), United States of America","Guantánamo NAS (NBW/MUGM), Cuba",,,Fatalities: 14 / Occupants: 15 
19830430-1,,Saturday 30 April 1983,,Antonov An-2R,Aeroflot / Latvia,,,, CCCP-62643, 1G178-35, 1978,,,,,Fatalities: 0 / Occupants: ,Fatalities: 0 / Occupants: ,,, Damaged beyond repair,,"near Cesis (   Latvia) 
", Unknown (UNK),Unknown,?,?,,,Fatalities: 0 / Occupants:  
19830499-0,,xx APR 1983,,Hawker Siddeley HS-125-1A-522,Gouvernement du Québec,,,, C-FHLL, 25034, 1965,,,,,Fatalities:  / Occupants: ,Fatalities:  / Occupants: ,,, Damaged beyond repair,,"Montreal-St. Hubert Airport, QC (YHU) ? (   Canada) 
", Unknown (UNK),Unknown,?,?,,,Fatalities:  / Occupants:  
19830501-0,,Sunday 1 May 1983,,McDonnell Douglas DC-8-63CF,Capitol Airways,,,, registration unknown, , ,,,,,Fatalities: 0 / Occupants: ,Fatalities: 0 / Occupants: ,,, None,,"Havana-José Martí International Airport (HAV) (   Cuba) 
", En route (ENR),Domestic Scheduled Passenger,"San Juan-Isla Verde International Airport (SJU/TJSJ), Puerto Rico","Miami International Airport, FL (MIA/KMIA), United States of America", 236,,Fatalities: 0 / Occupants: 212 
19830504-0,,Wednesday 4 May 1983,09:45,Douglas C-47B-40-DK (DC-3),SATENA,,,, FAC-1126, 33608/16860, 1945,,, 2 Pratt & Whitney R-1830-90C,,Fatalities: 0 / Occupants: 4,Fatalities: 0 / Occupants: 18,,, Damaged beyond repair,,"Cali-Palmaseca Airport (CLO) (   Colombia) 
", Initial climb (ICL),Domestic Non Scheduled Passenger,"Cali-Palmaseca Airport (CLO/SKCL), Colombia","Guapi Airport (GPI/SKGP), Colombia",,,Fatalities: 0 / Occupants: 22 
19830504-1,,Wednesday 4 May 1983,,Antonov An-2R,Aeroflot / Lithuania,,,, CCCP-35637, 1G116-28, 1970,,,,,Fatalities: 0 / Occupants: ,Fatalities: 0 / Occupants: ,,, Damaged beyond repair,,"Kaunas (   Lithuania) 
", Unknown (UNK),Unknown,?,?,,,Fatalities: 0 / Occupants:  
19830505-0,,Thursday 5 May 1983,,Hawker Siddeley HS-121 Trident 2E,CAAC,,,, B-296, 2183, 1977,,, 3 Rolls-Royce Spey 512,,Fatalities: 0 / Occupants: 6,Fatalities: 0 / Occupants: 105,,, None,,"Chunchon Air Base (   South Korea) 
", En route (ENR),Domestic Scheduled Passenger,"Shenyang Airport (SHE/ZYTK), China","Shanghai-Hongqiao Airport (SHA/ZSSS), China",,,Fatalities: 0 / Occupants: 111 
19830505-1,,Thursday 5 May 1983,ca 10:20,Fairchild C-123K Provider,Royal Thai Air Force - RTAF,,,, L4K-12/18, 20227, ,13707,,,,Fatalities: 6 / Occupants: 6,Fatalities: 24 / Occupants: 24,,, Damaged beyond repair,,"near Nakhon Sawan/Takhli Air Base (TKH) (   Thailand) 
", Approach (APR),Military,?,"Nakhon Sawan/Takhli Air Base (TKH/VTPI), Thailand",,,Fatalities: 30 / Occupants: 30 
19830505-2,Final,Thursday 5 May 1983,09:46,Lockheed L-1011 TriStar 1,Eastern Air Lines,,,, N334EA, 1141, 1976,,, 3 Rolls-Royce RB211-22B,,Fatalities: 0 / Occupants: 10,Fatalities: 0 / Occupants: 162,,, None,,"Miami International Airport, FL (MIA) (   United States of America) 
", En route (ENR),International Scheduled Passenger,"Miami International Airport, FL (MIA/KMIA), United States of America","Nassau International Airport (NAS/MYNN), Bahamas",,,Fatalities: 0 / Occupants: 172 
19830506-0,,Friday 6 May 1983,,Antonov An-26,Soviet Air Force,,,, 01, , ,,,,,Fatalities: 6 / Occupants: 6,Fatalities: 27 / Occupants: 31,,, Damaged beyond repair,,"near Klyuchi Air Base (   Russia) 
", Approach (APR),Military,"Petropavlovsk-Kamchatsky Airport (PKC/UHPP), Russia","Klyuchi Air Base, Russia",,,Fatalities: 33 / Occupants: 37 
19830508-0,,Sunday 8 May 1983,,Fairchild C-119F Flying Boxcar,Supra International,,,, N13626, 10836, ,,, 2 Wright R-3350,,Fatalities: 0 / Occupants: ,Fatalities: 0 / Occupants: ,,, Damaged beyond repair,,"River Kagoak, AK (   United States of America) 
", Taxi (TXI),Unknown,?,?,,,Fatalities: 0 / Occupants:  
19830509-0,,Monday 9 May 1983,,Antonov An-2TP,Aeroflot / Tajikistan,,,, CCCP-02515, 1G119-58, 1970,,,,,Fatalities: 0 / Occupants: ,Fatalities: 0 / Occupants: ,,, Damaged beyond repair,,"near Tavil-Dara (   Tajikistan) 
", Unknown (UNK),Unknown,?,?,,,Fatalities: 0 / Occupants:  
19830511-0,,Wednesday 11 May 1983,,Convair CV-880-22-2,Groth Air,,,, N880SR, 22-00-7, 1960,,,,,Fatalities:  / Occupants: ,Fatalities:  / Occupants: ,,, Damaged beyond repair,,"Mexico City-Juarez International Airport (MEX) (   Mexico) 
", Standing (STD),-,-,-,,,Fatalities:  / Occupants:  
19830511-1,,Wednesday 11 May 1983,,Antonov An-2R,"Aeroflot, Kazakstan Civil Aviation Directorate",,,, CCCP-70057, 1G135-24, 1972,,,,,Fatalities: 0 / Occupants: ,Fatalities: 0 / Occupants: ,,, Damaged beyond repair,,"near Blagodarnoye, Krasnodar Region (   Russia) 
", Unknown (UNK),Unknown,?,?,,,Fatalities: 0 / Occupants:  
19830512-0,,Thursday 12 May 1983,,McDonnell Douglas DC-8-63CF,Capitol Airways,,,, registration unknown, , ,,,,,Fatalities: 0 / Occupants: ,Fatalities: 0 / Occupants: ,,, None,,"Havana-José Martí International Airport (HAV) (   Cuba) 
", En route (ENR),Domestic Scheduled Passenger,"San Juan-Isla Verde International Airport (SJU/TJSJ), Puerto Rico","Miami International Airport, FL (MIA/KMIA), United States of America", 236,,Fatalities: 0 / Occupants: 231 
19830514-0,,Saturday 14 May 1983,,de Havilland Canada DHC-6 Twin Otter 100,Simpson Air,,,, C-FVTL, 26, 1967,,, 2 Pratt & Whitney Canada PT6A-20,,Fatalities: 0 / Occupants: 0,Fatalities: 0 / Occupants: 0,,, Damaged beyond repair,,"Calgary International Airport, AB (YYC) (   Canada) 
", Standing (STD),Unknown,-,-,,,Fatalities: 0 / Occupants: 0 
19830514-2,,Saturday 14 May 1983,,de Havilland Canada UC-1A Otter (DHC-3),private,,,, -, 158, 1956,,,,,Fatalities: 0 / Occupants: 0,Fatalities: 0 / Occupants: 0,,, Damaged beyond repair,,"Calgary International Airport, AB (YYC) (   Canada) 
", Standing (STD),-,-,-,,,Fatalities: 0 / Occupants: 0 
19830515-0,,Sunday 15 May 1983,,Antonov An-2R,"Aeroflot, West Siberia Civil Aviation Directorate",,,, CCCP-02877, 1G56-12, ,,,,,Fatalities: 0 / Occupants: ,Fatalities: 0 / Occupants: ,,, Damaged beyond repair,,"Kubitet, Tyazhinski District, Kemerovo Region (   Russia) 
", Maneuvering (MNV),Agricultural,?,?,,,Fatalities: 0 / Occupants:  
19830517-0,,Tuesday 17 May 1983,,Lockheed P-3B Orion,United States Navy,,,, 152733, 185-5173, 1966,,,,,Fatalities: 0 / Occupants: ,Fatalities: 0 / Occupants: ,,, Damaged beyond repair,,"Barbers Point NAS, HI (NAX) (   United States of America) 
", Landing (LDG),Military,?,"Barbers Point NAS, HI (NAX), United States of America",,,Fatalities: 0 / Occupants:  
19830518-0,,Wednesday 18 May 1983,,Learjet 25B,Air Traffic Executive Jet,,,, D-CDPD, 25-177, ,,,,,Fatalities: 2 / Occupants: 2,Fatalities: 1 / Occupants: 1,,, Damaged beyond repair,,"560 km (350 mls) NW off  Scotland (   Atlantic Ocean) 
", En route (ENR),Training,"Wien-Schwechat International Airport (VIE/LOWW), Austria","Hamburg-Fuhlsbüttel Airport (HAM/EDDH), Germany",,,Fatalities: 3 / Occupants: 3 
19830518-1,,Wednesday 18 May 1983,,Britten-Norman BN-2 Islander,Frisia-Luftverkehr Norddeich - FLN,,,, D-IOLT, 21, 1968-04-17  (15 years 1 months),,,,,Fatalities:  / Occupants: ,Fatalities:  / Occupants: ,,, Damaged beyond repair,,"Schleswig Airport (WBG) (   Germany) 
", Unknown (UNK),Unknown,?,?,,,Fatalities:  / Occupants:  
19830519-0,,Thursday 19 May 1983,,Boeing 727,Eastern Air Lines,,,, registration unknown, , ,,,,,Fatalities: 0 / Occupants: ,Fatalities: 0 / Occupants: ,,, None,,"Havana-José Martí International Airport (HAV) (   Cuba) 
", En route (ENR),Domestic Scheduled Passenger,"Miami International Airport, FL (MIA/KMIA), United States of America","New York-La Guardia Airport, NY (LGA/KLGA), United States of America",EA24,,Fatalities: 0 / Occupants: 132 
19830520-1,- (No safety board investigation),Friday 20 May 1983,ca 14:00,Shorts 330-100,Metro Airlines,,,, N935MA, SH.3032, 1979,,,,,Fatalities: 0 / Occupants: 0,Fatalities: 0 / Occupants: 0,,, Damaged beyond repair,,"Beaumont Municipal Airport, TX (BMT) (   United States of America) 
", Standing (STD),-,-,-,,,Fatalities: 0 / Occupants: 0 
19830525-0,,Wednesday 25 May 1983,,Antonov An-2R,"Aeroflot, North Kavkaz Civil Aviation Directorate",,,, CCCP-62626, 1G178-18, 1978,,,,,Fatalities: 0 / Occupants: ,Fatalities: 0 / Occupants: ,,, Damaged beyond repair,,"near Shiryaiski, Ilovlya District, Volgograd Region (   Russia) 
", Maneuvering (MNV),Agricultural,?,?,,,Fatalities: 0 / Occupants:  
19830601-0,,Wednesday 1 June 1983,,Boeing 720-023B,Middle East Airlines - MEA,,,, OD-AFO, 18035/214, 1961-05-19  (22 years ),,, 4 Pratt & Whitney JT3D-1-MC7,,Fatalities: 0 / Occupants: ,Fatalities: 0 / Occupants: ,,, Damaged beyond repair,,"Beirut International Airport (BEY) (   Lebanon) 
", Standing (STD),Unknown,?,?,,,Fatalities: 0 / Occupants:  
19830602-0,,Thursday 2 June 1983,ca 08:50,Fokker F-28 Fellowship 3000RC,Garuda Indonesia Airways,,,, PK-GFV, 11132, 1978-05-01  (5 years 1 months),9334,,,9227,Fatalities: 2 / Occupants: 4,Fatalities: 1 / Occupants: 57,,, Damaged beyond repair,,"Bandar Lampung-Branti Airport (TKG) (   Indonesia) 
", Takeoff (TOF),Domestic Scheduled Passenger,"Bandar Lampung-Branti Airport (TKG/WICT), Indonesia","Jakarta-Kemayoran Airport (JKT), Indonesia",,,Fatalities: 3 / Occupants: 61 
19830602-1,Final,Thursday 2 June 1983,19:20,McDonnell Douglas DC-9-32,Air Canada,,,, C-FTLU, 47196/288, 1968,36825,, 2 Pratt & Whitney JT8D-7B,34987,Fatalities: 0 / Occupants: 5,Fatalities: 23 / Occupants: 41,,, Substantial, Written off (damaged beyond repair),"Cincinnati/Northern Kentucky Airport, KY (CVG) (   United States of America) 
", En route (ENR),International Scheduled Passenger,"Dallas/Fort Worth International Airport, TX (DFW/KDFW), United States of America","Toronto International Airport, ON (YYZ/CYYZ), Canada", 797,,Fatalities: 23 / Occupants: 46 
19830603-0,,Friday 3 June 1983,,McDonnell Douglas DC-10-30,KLM Royal Dutch Airlines,,,, PH-DTE, 46554/84, 1973,,,,,Fatalities: 0 / Occupants: 10,Fatalities: 0 / Occupants: 17,,, Substantial, Repaired,"Panama City-Tocumen International Airport (PTY) (   Panama) 
", Landing (LDG),International Scheduled Passenger,"Curaçao-Dr. Albert Plesman Airport (CUR/TNCC), Curaçao","Panama City-Tocumen International Airport (PTY/MPTO), Panama",,,Fatalities: 0 / Occupants: 27 
19830606-0,,Monday 6 June 1983,,Fairchild C-119G Flying Boxcar,Republic of China Air Force - ROCAF,,,, registration unknown, , ,,, 2 Wright R-3350,,Fatalities:  / Occupants: 8,Fatalities:  / Occupants: 39,,, Damaged beyond repair,,"off Kinmen-Shang-Yi Airport (KNH) (   Taiwan) 
", En route (ENR),Military,"Kinmen-Shang-Yi Airport (KNH/RCBS), Taiwan",?,,,Fatalities: 38 / Occupants: 47 
