Identifiant:,Status:,Date:,Time:,Type:,Operator:,Operating for:,On behalf of:,Leased from:,Registration:,C/n / msn:,First flight:,Total airframe hrs:,Year built:,Engines:,Cycles:,Crew:,Passengers:,Ground casualties:,Collision casualties:,Aircraft damage:,Aircraft fate:,Location:,Phase:,Nature:,Departure airport:,Destination airport:,Flightnumber:,Probable cause:,Total:
19540430-1,,Friday 30 April 1954,,SNCASO SO.30P Bretagne,Air Laos,,,, F-OAMA, 14, ,,, 2 Pratt & Whitney R-2800,,Fatalities: 0 / Occupants: 4,Fatalities: 0 / Occupants: 0,,, Damaged beyond repair,,"Saigon-Tan-Son-Nhat Airport (SGN) (   Vietnam) 
", Takeoff (TOF),Cargo,"Saigon-Tan Son Nhat International Airport (SGN/VVTS), Vietnam",?,,,Fatalities: 0 / Occupants: 4 
19540503-0,,Monday 3 May 1954,,Lockheed P2V-6 Neptune,United States Navy,,,, 126516, , ,,,,,Fatalities:  / Occupants: ,Fatalities:  / Occupants: ,,, Damaged beyond repair,,"near Sinking Spring, PA (   United States of America) 
", Unknown (UNK),Military,?,?,,,Fatalities:  / Occupants:  
19540504-0,,Tuesday 4 May 1954,,de Havilland Canada DHC-3 Otter,Royal Canadian Air Force - RCAF,,,, 3670, 25, 1953,,,,,Fatalities: 0 / Occupants: 0,Fatalities: 0 / Occupants: 0,,, Damaged beyond repair,,"Sea Island RCAF Station, BC (   Canada) 
", Standing (STD),Military,-,-,,,Fatalities: 0 / Occupants: 0 
19540504-1,,Tuesday 4 May 1954,,de Havilland Canada DHC-3 Otter,Royal Canadian Air Force - RCAF,,,, 3676, 34, ,,,,,Fatalities: 0 / Occupants: 0,Fatalities: 0 / Occupants: 0,,, Damaged beyond repair,,"Sea Island RCAF Station, BC (   Canada) 
", Standing (STD),Military,-,-,,,Fatalities: 0 / Occupants: 0 
19540506-0,,Thursday 6 May 1954,,Fairchild C-119C-14-FA Flying Boxcar,,,L'Armée de L'Air,, 149, 10386, ,,, 2 Pratt & Whitney R-4360-20WA,,Fatalities: 5 / Occupants: 6,Fatalities: 0 / Occupants: 0,,, Damaged beyond repair,,"near Ban Sot (   Laos) 
", Maneuvering (MNV),Military,"Haiphong-Cat Bi Airport (HPH/VVCI), Vietnam","Haiphong-Cat Bi Airport (HPH/VVCI), Vietnam",,,Fatalities: 5 / Occupants: 6 
19540506-1,,Thursday 6 May 1954,,Martin PBM-5 Mariner,United States Navy,,,, 59106, , ,,,,,Fatalities: 5 / Occupants: 5,Fatalities: 5 / Occupants: 5,,, Damaged beyond repair,,"near Carricitos (   Mexico) 
", En route (ENR),Military,?,?,,,Fatalities: 10 / Occupants: 10 
19540507-0,,Friday 7 May 1954,,Lockheed P2V-5 Neptune,United States Navy,,,, 128421, 426-5267, ,,,,,Fatalities:  / Occupants: ,Fatalities:  / Occupants: ,,, Damaged beyond repair,,"off Nassau (   Bahamas) 
", Unknown (UNK),Military,?,?,,,Fatalities: 10 / Occupants: 10 
19540508-0,,Saturday 8 May 1954,,Canadair DC-4M1 North Star,Royal Canadian Air Force - RCAF,,,, 17522, 106, 1947,,, 4 Rolls-Royce Merlin 622,,Fatalities: 0 / Occupants: ,Fatalities: 0 / Occupants: ,,, Damaged beyond repair,,"near RAF North Luffenham (   United Kingdom) 
", Approach (APR),Military,?,"North Luffenham RAF Station, United Kingdom",,,Fatalities: 0 / Occupants:  
19540508-1,Preliminary,Saturday 8 May 1954,,Antonov An-2,"GUSMP, Directorate of Polar Aviation",,,, CCCP-N140, 1 30 473 06, ,,,,,Fatalities: 0 / Occupants: 5,Fatalities: 0 / Occupants: 0,,, Damaged beyond repair,,"N89°09', W90°00' (   Arctic Ocean) 
", Landing (LDG),Unknown,?,?,,,Fatalities: 0 / Occupants: 5 
19540513-0,,Thursday 13 May 1954,,Vickers Varsity T.1,Royal Air Force - RAF,,,, WF393, 552, 1952,,, 2 Bristol Hercules 264,,Fatalities: 0 / Occupants: ,Fatalities: 0 / Occupants: ,,, Damaged beyond repair,,"Wigsley RAF Station (   United Kingdom) 
", Approach (APR),Military,?,"Wigsley RAF Station, United Kingdom",,,Fatalities: 0 / Occupants:  
19540515-0,,Saturday 15 May 1954,,Douglas C-47B-30-DK (DC-3),Jamair,,,, VT-DGO, 32934/16186, 1945,,, 2 Pratt & Whitney R-1830-90C,,Fatalities: 0 / Occupants: 3,Fatalities: 0 / Occupants: 0,,, Damaged beyond repair,,"Saugaon (   India) 
", Landing (LDG),Cargo,"Calcutta-Dum Dum Airport (CCU/VECC), India","Saugaon, India",,,Fatalities: 0 / Occupants: 3 
19540517-0,,Monday 17 May 1954,,Curtiss C-46A-55-CK Commando,Cubana de Aviación,,,, CU-C556,   264, 1945,,, 2 Pratt & Whitney R-2800-51,,Fatalities: 0 / Occupants: ,Fatalities: 0 / Occupants: ,,, Damaged beyond repair,,"Havana-Rancho Boyeros Airport (HAV) (   Cuba) 
", Landing (LDG),Unknown,?,"Havana-Rancho Boyeros Airport (HAV/MUHA), Cuba",,,Fatalities: 0 / Occupants:  
19540521-0,,Friday 21 May 1954,,Douglas C-47-DL (DC-3),Autrex,,,, F-BEIP, 4517, 1942,,, 2 Pratt & Whitney R-1830-92,,Fatalities: 3 / Occupants: 3,Fatalities: 0 / Occupants: 0,,, Damaged beyond repair,,"5 km (3.1 mls) SE of Hanoi (   Vietnam) 
", Unknown (UNK),Cargo,?,?,,,Fatalities: 3 / Occupants: 3 
19540521-1,,Friday 21 May 1954,,Martin P5M-1 Marlin,United States Navy,,,, 126511, , ,,,,,Fatalities:  / Occupants: ,Fatalities:  / Occupants: ,,, Damaged beyond repair,,"650 km (406.3 mls) E off  Hawaii, USA (   Pacific Ocean) 
", En route (ENR),Military,?,?,,,Fatalities: 4 / Occupants: 10 
19540522-0,Final,Saturday 22 May 1954,09:23,Douglas DC-3D,New Zealand National Airways Corporation - NAC,,,, ZK-AQT, 32696/15948, 1945,12732,,,,Fatalities: 0 / Occupants: 2,Fatalities: 3 / Occupants: 26,,, Damaged beyond repair,,"0,8 km (0.5 mls) SW of Paraparaumu Airport (PPQ) (   New Zealand) 
", Approach (APR),Domestic Scheduled Passenger,"Christchurch-Harewood Airport (CHC/NZCH), New Zealand","Paraparaumu Airport (PPQ/NZPP), New Zealand", 152,,Fatalities: 3 / Occupants: 28 
19540529-0,,Saturday 29 May 1954,,Douglas C-47A-1-DK (DC-3),LAN Chile,,,, CC-CLH-0184, 11883, 1943,,, 2 Pratt & Whitney R-1830-92,,Fatalities: 0 / Occupants: 3,Fatalities: 0 / Occupants: 26,,, Damaged beyond repair,,"Porvenir Airport (WPR) (   Chile) 
", Landing (LDG),Scheduled Passenger,?,"Porvenir-Capitán Fuentes Martínez Airport (WPR/SCFM), Chile",,,Fatalities: 0 / Occupants: 29 
19540531-0,,Monday 31 May 1954,,Douglas C-47A-80-DL (DC-3),Transportes Aéreos Nacionales,,,, PP-ANO, 19830, 1944,,, 2 Pratt & Whitney R-1830-92,,Fatalities: 4 / Occupants: 4,Fatalities: 15 / Occupants: 15,,, Damaged beyond repair,,"Serra do Cipó Mountains, MG (   Brazil) 
", En route (ENR),Domestic Scheduled Passenger,"Governador Valadares Airport, MG (GVR/SBGV), Brazil","Belo Horizonte-Pampulha Airport, MG (PLU/SBBH), Brazil",,,Fatalities: 19 / Occupants: 19 
19540531-2,,Monday 31 May 1954,,Douglas C-47A-30-DK (DC-3),United States Air Force - USAF,,,, 43-48097, 25358/13913, 1944,,,,,Fatalities:  / Occupants: ,Fatalities:  / Occupants: ,,, Damaged beyond repair,,"Duluth-Williamson-Johnson Municipal Airport, MN (DLH) (   United States of America) 
", Unknown (UNK),Military,"Indianapolis Airport, IN, United States of America","Duluth International Airport, MN (DLH/KDLH), United States of America",,,Fatalities: 7 / Occupants: 14 
19540603-0,Final,Thursday 3 June 1954,08:36 UTC,Douglas C-47A-1-DK (DC-3),Sabena,,,, OO-CBY, 11982, 1943,,, 2 Pratt & Whitney R-1830-92,,Fatalities: 1 / Occupants: 4,Fatalities: 0 / Occupants: 0,,, Substantial, Repaired,"near Maribor (   Slovenia) 
", En route (ENR),Cargo,"München-Riem Airport (MUC/EDDM), Germany","Beograd-Dojno Polje Airport, Serbia",,,Fatalities: 1 / Occupants: 4 
19540604-0,,Friday 4 June 1954,11:00,Curtiss C-46A-45-CU Commando,Varig,,,, PP-VBZ, 30400, 1944,,, 2 Pratt & Whitney R-2800-51,,Fatalities: 3 / Occupants: 3,Fatalities: 0 / Occupants: 0,,, Damaged beyond repair,,"São Paulo-Congonhas Airport, SP (CGH) (   Brazil) 
", Takeoff (TOF),Cargo,"São Paulo-Congonhas Airport, SP (CGH/SBSP), Brazil","Porto Alegre-Salgado Filho International Airport, RS (POA/SBPA), Brazil",,,Fatalities: 3 / Occupants: 3 
19540605-0,,Saturday 5 June 1954,,Douglas C-47B-35-DK (DC-3),Royal Australian Air Force - RAAF,,,, A65-120, 33461/16713, 1945,,, 2 Pratt & Whitney R-1830-90C,,Fatalities: 0 / Occupants: 2,Fatalities: 0 / Occupants: 0,,, Damaged beyond repair,,"1.5 km (0.9 mls) NW off  Iwakuni MCAS (   Japan) 
", Unknown (UNK),Military,"Iwakuni MCAS (RJOI), Japan","Iwakuni MCAS (RJOI), Japan",,,Fatalities: 0 / Occupants: 2 
19540608-0,,Tuesday 8 June 1954,,Douglas C-47-DL (DC-3),Société des Transports Aériens dExtrême-Orient,,,, F-BCCL, 4464, 1942,,, 2 Pratt & Whitney R-1830-92,,Fatalities: 2 / Occupants: 2,Fatalities: 2 / Occupants: 2,,, Damaged beyond repair,,"Da Nang (   Vietnam) 
", Unknown (UNK),Unknown,?,"Saigon-Tan Son Nhat International Airport (SGN/VVTS), Vietnam",,,Fatalities: 4 / Occupants: 4 
19540615-0,Final,Tuesday 15 June 1954,03:20,Douglas C-54G-1-DO (DC-4),Great Lakes Airlines,,,, N30070, 35931, 1945,21923,, 4 Pratt & Whitney R-2000-9M4,,Fatalities: 0 / Occupants: 3,Fatalities: 0 / Occupants: 79,,, Damaged beyond repair,,"Gage Airport, OK (GAG) (   United States of America) 
", En route (ENR),Domestic Scheduled Passenger,"Kansas City Municipal Airport, MO (MKC/KMKC), United States of America","Hollywood-Lockheed Air Terminal, CA (BUR/KBUR), United States of America", 146,,Fatalities: 0 / Occupants: 82 
19540615-1,,Tuesday 15 June 1954,ca 17:45,Douglas C-47A-25-DK (DC-3),Delta Air Lines,,,, N51359, 13759, 1944,,, 2 Pratt & Whitney R-1830-92,,Fatalities: 0 / Occupants: 2,Fatalities: 0 / Occupants: 0,,, Damaged beyond repair,,"Atlanta, GA (   United States of America) 
", Takeoff (TOF),Cargo,"Atlanta (unknown airport), GA, United States of America",?,,,Fatalities: 0 / Occupants: 2 
19540619-0,,Saturday 19 June 1954,,Convair CV-240-4,Swissair,,,, HB-IRW,  61, 1948,,,,,Fatalities: 0 / Occupants: 4,Fatalities: 3 / Occupants: 5,,, Damaged beyond repair,,"ca 10 km W off Folkestone (   United Kingdom) 
", En route (ENR),International Scheduled Passenger,"Genève-Cointrin Airport (GVA/LSGG), Switzerland","London Airport (LHR/EGLL), United Kingdom",,,Fatalities: 3 / Occupants: 9 
19540619-1,,Saturday 19 June 1954,,Douglas C-47 (DC-3),Fuerza Aérea Mexicana,,,, 6014, , ,,,,,Fatalities: 7 / Occupants: 7,Fatalities: 15 / Occupants: 15,,, Damaged beyond repair,,"near Ixtlahuaca (   Mexico) 
", En route (ENR),Military,"Mazatlán Airport (MZT/MMMZ), Mexico",?,,,Fatalities: 22 / Occupants: 22 
19540620-0,,Sunday 20 June 1954,,Fairchild C-119C Flying Boxcar,United States Air Force - USAF,,,, 51-8273, 10821, ,,,,,Fatalities: 0 / Occupants: 4,Fatalities: 0 / Occupants: 3,,, Damaged beyond repair,,"near Sint-Truiden (   Belgium) 
", En route (ENR),Military,?,?,,,Fatalities: 0 / Occupants: 7 
19540621-0,,Monday 21 June 1954,,Douglas Dakota IV (DC-3),Royal Air Force - RAF,,,, KN647, 33338/16590, 1945,,, 2 Pratt & Whitney R-1830-90C,,Fatalities:  / Occupants: ,Fatalities:  / Occupants: ,,, Damaged beyond repair,,"19 km (11.9 mls) from  Nairobi (   Kenya) 
", Approach (APR),Military,?,"Nairobi-Eastleigh Airport (HKRE), Kenya",,,Fatalities: 7 / Occupants: 7 
19540621-1,,Monday 21 June 1954,,Short Sunderland MR.5,Royal Air Force - RAF,,,, SZ599, , 1946,,,,,Fatalities: 0 / Occupants: ,Fatalities: 0 / Occupants: ,,, Damaged beyond repair,,"off Christmas Island (   Christmas Island) 
", Landing (LDG),Military,?,?,,,Fatalities: 0 / Occupants:  
19540623-0,,Wednesday 23 June 1954,13:05,Lisunov Li-2,MAP Omsk Aviation Plant 166,,,, CCCP-I403, 1842403, ,,,,,Fatalities: 3 / Occupants: 5,Fatalities: 1 / Occupants: 2,,, Damaged beyond repair,,"Sverdlovsk Region (   Russia) 
", Takeoff (TOF),Cargo,?,?,,,Fatalities: 4 / Occupants: 7 
19540625-0,,Friday 25 June 1954,,Douglas C-124C Globemaster II,United States Air Force - USAF,,,, 51-7272, 43724, ,,, 4 Pratt & Whitney R-4360-20WA,,Fatalities: 0 / Occupants: ,Fatalities: 0 / Occupants: ,,, Damaged beyond repair,,"Moses Lake-Larson AFB, WA (LRN) (   United States of America) 
", Landing (LDG),Military,?,"Moses Lake-Larson AFB, WA (LRN), United States of America",,,Fatalities: 0 / Occupants:  
19540625-1,,Friday 25 June 1954,,Douglas C-47A-20-DK (DC-3),Union of Burma Airways,,,, XY-ACT, 12981, 1944,,,,,Fatalities: 0 / Occupants: ,Fatalities: 0 / Occupants: ,,, None,,"unknown beach (   Myanmar) 
", En route (ENR),Domestic Scheduled Passenger,"Yangon-Mingaladon Airport (RGN/VYYY), Myanmar","Akyab Airport (AKY/VYSW), Myanmar",,,Fatalities: 0 / Occupants:  
19540626-0,,Saturday 26 June 1954,,Avro 685 York C.1,Skyways,,,, G-AGNY, 1226, 1946,,, 4 Rolls-Royce Merlin,,Fatalities: 3 / Occupants: 3,Fatalities: 0 / Occupants: 0,,, Damaged beyond repair,,"Kyritz (   Germany) 
", En route (ENR),Cargo,"Hamburg-Fuhlsbüttel Airport (HAM/EDDH), Germany","Berlin (unknown airport), Germany",,,Fatalities: 3 / Occupants: 3 
19540627-0,Final,Sunday 27 June 1954,20:15,Convair CV-240-0,American Airlines,,,, N94263, 136, ,,,,,Fatalities: 0 / Occupants: 3,Fatalities: 0 / Occupants: 32,,Fatalities: 2, Substantial, Repaired,"Columbus-Port Columbus International Airport, OH (CMH) (   United States of America) 
", Approach (APR),Domestic Scheduled Passenger,?,"Columbus-Port Columbus International Airport, OH (CMH/KCMH), United States of America",,,Fatalities: 0 / Occupants: 35 
19540627-1,,Sunday 27 June 1954,03:08,Boeing KC-97G-25-BO Stratofreighter,United States Air Force - USAF,,,, 52-2654, 16685, ,,,,,Fatalities: 7 / Occupants: 7,Fatalities: 7 / Occupants: 7,,, Damaged beyond repair,,"8 km (5 mls) N of Riverside-March AFB, CA (RIV) (   United States of America) 
", En route (ENR),Military,"Altus AFB, OK (LTS/KLTS), United States of America","Riverside-March AFB, CA (RIV/KRIV), United States of America",,,Fatalities: 14 / Occupants: 14 
19540702-0,,Friday 2 July 1954,,Douglas C-124C Globemaster II,United States Air Force - USAF,,,, 51-5210, 43620, ,,, 4 Pratt & Whitney R-4360-20WA,,Fatalities: 0 / Occupants: ,Fatalities: 0 / Occupants: ,,, Damaged beyond repair,,"Hopkinsville-Campbell AAF, KY (HOP) (   United States of America) 
", Landing (LDG),Military,?,"Hopkinsville-Fort Campbell AAF, KY (HOP/KHOP), United States of America",,,Fatalities: 0 / Occupants:  
19540703-1,,Saturday 3 July 1954,,Douglas C-47B-25-DK (DC-3),L'Armée de L'Air,,,, 476421/FRBDL, 32753/16005, 1945,,, 2 Pratt & Whitney R-1830-90C,,Fatalities:  / Occupants: ,Fatalities:  / Occupants: ,,, Damaged beyond repair,,"at an unknown location (   Vietnam) 
", Unknown (UNK),Military,?,?,,,Fatalities:  / Occupants:  
19540706-0,,Tuesday 6 July 1954,,Douglas DC-6B,American Airlines,,,, N90773, 44058/365, 1953,,, 4 Pratt & Whitney R-2800,,Fatalities: 0 / Occupants: ,Fatalities: 1 / Occupants: ,,, None,,"Cleveland, OH (   United States of America) 
", Standing (STD),Domestic Scheduled Passenger,"Cleveland (unknown airport), OH, United States of America","Saint Louis-Lambert International Airport, MO (STL/KSTL), United States of America",AA163,,Fatalities: 1 / Occupants: 53 
19540718-0,,Sunday 18 July 1954,,Short Sunderland MR.5,Royal Air Force - RAF,,,, VB887, , ,,,,,Fatalities: 0 / Occupants: 2,Fatalities: 0 / Occupants: 0,,, Damaged beyond repair,,"3 km (1.9 mls) SE of Cheung Chau Island (   Hong Kong) 
", Takeoff (TOF),Military,?,?,,,Fatalities: 0 / Occupants: 2 
19540723-0,,Friday 23 July 1954,ca 09:00,Douglas C-54A-10-DC (DC-4),Cathay Pacific Airways,,,, VR-HEU, 10310, 1944,15279,,,,Fatalities: 2 / Occupants: 5,Fatalities: 8 / Occupants: 13,,, Damaged beyond repair,,"off Hainan Island (   China) 
", En route (ENR),International Scheduled Passenger,"Bangkok-Don Muang International Airport (BKK/VTBD), Thailand","Hong Kong-Kai Tak International Airport (HKG/VHHH), Hong Kong",,,Fatalities: 10 / Occupants: 18 
19540727-0,,Tuesday 27 July 1954,,Douglas VC-47D (DC-3),United States Air Force - USAF,,,, 43-49515, 26776/15331, 1944,,,,,Fatalities:  / Occupants: ,Fatalities:  / Occupants: ,,, Damaged beyond repair,,"at an unknown location (   Unknown country) 
", Unknown (UNK),Military,?,?,,,Fatalities:  / Occupants:  
19540729-0,,Thursday 29 July 1954,04:48,Fiat G.212CP,Arabian Desert Airlines,,,, G-ANOE, 10, ,,,,,Fatalities: 0 / Occupants: 3,Fatalities: 0 / Occupants: 0,,, Damaged beyond repair,,"Kuwait International Airport (KWI) (   Kuwait) 
", Landing (LDG),Unknown,"Beirut International Airport (BEY/OLBA), Lebanon","Kuwait International Airport (KWI/OKBK), Kuwait",,,Fatalities: 0 / Occupants: 3 
19540730-0,,Friday 30 July 1954,c. 09:00,Grumman SA-16A Albatross,United States Air Force - USAF,,,, 51-0066, G-145, ,,,,,Fatalities: 0 / Occupants: ,Fatalities: 0 / Occupants: ,Fatalities: 1,, Damaged beyond repair,,"Saint Anthony, NL (   Canada) 
", Takeoff (TOF),Military,?,?,,,Fatalities: 0 / Occupants: 11 
19540731-0,,Saturday 31 July 1954,19:23,Ford 4-AT-B Tri-Motor,Travelair Taxi,,,, N9610, 4-AT-53, 1928-11-13  (25 years 9 months),4733,, 3 Wright J-5 Whirlwind,,Fatalities: 0 / Occupants: 2,Fatalities: 0 / Occupants: 12,,, Damaged beyond repair,,"Kelleys Island Land Field Airport, OH (   United States of America) 
", Takeoff (TOF),Passenger,"Kelleys Island Land Field Airport, OH, United States of America",?,,,Fatalities: 0 / Occupants: 14 
19540803-0,Final,Tuesday 3 August 1954,,Lockheed L-1049C Super Constellation,Air France,,,, F-BGNA, 4510, 1953,2479,, 4 Wright R-3350 (972TC18DA1),,Fatalities: 0 / Occupants: 8,Fatalities: 0 / Occupants: 29,,, Damaged beyond repair,,"Preston City, CT (   United States of America) 
", Landing (LDG),International Scheduled Passenger,"Paris-Orly Airport (ORY/LFPO), France","New York-Idlewild International Airport, NY (IDL/KIDL), United States of America",AF075,,Fatalities: 0 / Occupants: 37 
19540804-0,,Wednesday 4 August 1954,,Vickers Valetta C.1,Royal Air Force - RAF,,,, VX557, , 1950,,, 2 Bristol Hercules 230,,Fatalities: 0 / Occupants: ,Fatalities: 0 / Occupants: ,,, Damaged beyond repair,,"Bahrain-Muhurraq RAF Station (   Bahrain) 
", Landing (LDG),Military,"Bahrain-Muhurraq RAF Station, Bahrain",?,,,Fatalities: 0 / Occupants:  
19540808-0,,Sunday 8 August 1954,15:40,Douglas C-47A-30-DK (DC-3C),Alaska Airlines,,,, N91008, 25422/13977, 1944,,,,,Fatalities: 2 / Occupants: 2,Fatalities: 0 / Occupants: 0,,, Damaged beyond repair,,"40 km (25 mls) NW of McGrath, AK (   United States of America) 
", En route (ENR),Unknown,"McGrath Airport, AK (MCG/PAMC), United States of America","Colorado Creek, AK, United States of America",,,Fatalities: 2 / Occupants: 2 
19540809-0,,Monday 9 August 1954,ca 02:40,Lockheed L-749A-79 Constellation,Avianca,,,, HK-163, 2664, 1951,,,,,Fatalities: 9 / Occupants: 9,Fatalities: 21 / Occupants: 21,,, Damaged beyond repair,,"9 km (5.6 mls) WSW of Terceira-Lajes Airport, Azores (TER) (   Portugal) 
", En route (ENR),International Scheduled Passenger,"Terceira-Lajes Airport, Azores (TER/LPLA), Portugal","Bermuda Air Terminal (BDA/TXKF), Bermuda",,,Fatalities: 30 / Occupants: 30 
19540812-0,,Thursday 12 August 1954,,Douglas DC-3,Autrex,,,, F-BSGS, , ,,,,,Fatalities: 3 / Occupants: 3,Fatalities: 0 / Occupants: 0,,, Damaged beyond repair,,"at an unknown location (   Vietnam) 
", Unknown (UNK),Unknown,"Saigon-Tan Son Nhat International Airport (SGN/VVTS), Vietnam","Hanoi (unknown airport), Vietnam",,,Fatalities: 3 / Occupants: 3 
19540815-0,,Sunday 15 August 1954,,Vickers 627 Viking 1B,Airwork,,,, G-AIXS, 234, 1947-05-01  (7 years 4 months),,,,,Fatalities: 0 / Occupants: 5,Fatalities: 0 / Occupants: 32,,, Damaged beyond repair,,"Blackbushe (   United Kingdom) 
", Approach (APR),Passenger,"Blackbushe Airport (BBS/EGLK), United Kingdom","Nice-Côte d'Azur Airport (NCE/LFMN), France",,,Fatalities: 0 / Occupants: 37 
19540816-0,,Monday 16 August 1954,,Bristol 170 Freighter 21E,Air Vietnam,,,, F-VNAI, 12809, ,,,,,Fatalities: 1 / Occupants: 4,Fatalities: 46 / Occupants: 51,,, Damaged beyond repair,,"near Pakse (   Laos) 
", Approach (APR),Domestic Non Scheduled Passenger,"Hanoi (unknown airport), Vietnam","Saigon-Tan Son Nhat International Airport (SGN/VVTS), Vietnam",,,Fatalities: 47 / Occupants: 55 
19540822-0,,Sunday 22 August 1954,16:50,Douglas C-47-DL (DC-3),Braniff International Airways,,,, N61451, 4630, 1942,,, 2 Pratt & Whitney R-1830-92,,Fatalities: 2 / Occupants: 3,Fatalities: 10 / Occupants: 16,,, Damaged beyond repair,,"26 km (16.3 mls) S of Mason City, IA (   United States of America) 
", En route (ENR),Domestic Scheduled Passenger,"Waterloo Airport, IA (ALO/KALO), United States of America","Mason City Airport, IA (MCW/KMCW), United States of America",,,Fatalities: 12 / Occupants: 19 
19540823-0,,Monday 23 August 1954,ca 11:30,Douglas DC-6B,KLM Royal Dutch Airlines,,,, PH-DFO, 43556/257, 1952,6308,, 4 Pratt & Whitney R-2800,,Fatalities: 9 / Occupants: 9,Fatalities: 12 / Occupants: 12,,, Damaged beyond repair,,"North Sea, 37km N Dutch coast (   Netherlands) 
", En route (ENR),International Scheduled Passenger,"Shannon Airport (SNN/EINN), Ireland","Amsterdam-Schiphol International Airport (AMS/EHAM), Netherlands",,,Fatalities: 21 / Occupants: 21 
19540824-0,,Tuesday 24 August 1954,ca 11:00,Douglas C-47A-20-DK (DC-3),Royal Australian Air Force - RAAF,,,, A65-50, 13082, 1944,3693,, 2 Pratt & Whitney R-1830-92,,Fatalities: 1 / Occupants: 4,Fatalities: 0 / Occupants: 0,,, Destroyed, Written off (damaged beyond repair),"Forrest Hill, VIC (   Australia) 
", En route (ENR),Military,"Canberra Airport, ACT (CBR/YSCB), Australia","East Sale AB, VIC (YMES), Australia",,,Fatalities: 1 / Occupants: 4 
19540825-0,,Wednesday 25 August 1954,,Lockheed L-749 Constellation,Air France,,,, F-BAZI, 2513, 1947,,,,,Fatalities: 0 / Occupants: 9,Fatalities: 0 / Occupants: 58,,, Damaged beyond repair,,"Gander Airport, NL (YQX) (   Canada) 
", Landing (LDG),International Scheduled Passenger,?,"Gander Airport, NL (YQX/CYQX), Canada",,,Fatalities: 0 / Occupants: 67 
19540825-1,,Wednesday 25 August 1954,,CASA 352 (Junkers Ju-52),Ejército del Aire,,,, T.2B-220, 111, ,,,,,Fatalities:  / Occupants: ,Fatalities:  / Occupants: ,,, Damaged beyond repair,,"at an unknown location (   Unknown country) 
", Unknown (UNK),Military,?,?,,,Fatalities:  / Occupants:  
19540826-0,,Thursday 26 August 1954,02:50,Lisunov Li-2,"Aeroflot, Far East Civil Aviation Directorate",,,, CCCP-L4679, 6803, 1949,4219,,,,Fatalities: 5 / Occupants: 5,Fatalities: 21 / Occupants: 22,,, Damaged beyond repair,,"13,5 km (8.4 mls) SE of Yuzhno-Sakhalinsk (   Russia) 
", En route (ENR),Domestic Scheduled Passenger,"Khabarovsk-Novy Airport (KHV/UHHH), Russia","Yuzhno-Sakhalinsk Airport (UUS/UHSS), Russia",,,Fatalities: 26 / Occupants: 27 
19540829-0,,Sunday 29 August 1954,,CASA 352 (Junkers Ju-52),Ejército del Aire,,,, T.2B-162, 53, ,,,,,Fatalities:  / Occupants: ,Fatalities:  / Occupants: ,,, Damaged beyond repair,,"Santa Cruz de Llanera (   Spain) 
", Unknown (UNK),Military,?,?,,,Fatalities: 4 / Occupants: 4 
19540830-0,,Monday 30 August 1954,,SNCASO SO.30P Bretagne,Aigle Azur,,,, F-BEHS, 41, ,,, 2 Pratt & Whitney R-2800,,Fatalities:  / Occupants: ,Fatalities:  / Occupants: ,,, Damaged beyond repair,,"Hanoi (   Vietnam) 
", Unknown (UNK),Unknown,?,?,,,Fatalities:  / Occupants:  
19540903-0,,Friday 3 September 1954,,Douglas C-47D (DC-3),United States Air Force - USAF,,,, 43-48460, 25721/14276, 1944,,,,,Fatalities:  / Occupants: ,Fatalities:  / Occupants: ,,, Damaged beyond repair,,"306 km (191.3 mls) E of Thule Air Base (THU) (   Greenland) 
", Unknown (UNK),Military,?,?,,,Fatalities:  / Occupants:  
19540903-1,,Friday 3 September 1954,,Lockheed YP2V-7 Neptune,United States Navy,,,, 135544, 726-7001, 1954-04-26  (4 months),,,,,Fatalities:  / Occupants: ,Fatalities:  / Occupants: ,,, Damaged beyond repair,,"Hollywood-Lockheed Air Terminal, CA (BUR) (   United States of America) 
", Unknown (UNK),Military,?,?,,,Fatalities:  / Occupants:  
19540904-0,,Saturday 4 September 1954,,Douglas C-47B-10-DK (DC-3),Air Outre-Mer,,,, F-BEIO, 26260/14815, 1944,,, 2 Pratt & Whitney R-1830-90C,,Fatalities: 0 / Occupants: ,Fatalities: 0 / Occupants: ,,, Damaged beyond repair,,"Hanoi-Gia Lam Airport (   Vietnam) 
", Landing (LDG),Unknown,?,"Hanoi-Gia Lam Airport (VVGL), Vietnam",,,Fatalities: 0 / Occupants:  
19540904-1,,Saturday 4 September 1954,18:12,Lockheed P2V-5 Neptune,United States Navy,,,, 128357, 426-5203, ,,,,,Fatalities: 1 / Occupants: 10,Fatalities: 0 / Occupants: 0,,, Damaged beyond repair,,"ca 60 km SE off Cape Ostrovnoi, Russia {Sea of Japan] (   Pacific Ocean) 
", En route (ENR),Military,"Atsugi NAS (NJA/RJTA), Japan","Atsugi NAS (NJA/RJTA), Japan",,,Fatalities: 1 / Occupants: 10 
19540905-0,Final,Sunday 5 September 1954,02:39,Lockheed L-1049C-55-81 Super Constellation,KLM Royal Dutch Airlines,,,, PH-LKY, 4509, 1953,2498,, 4 Wright R-3350 (972TC18DA1),,Fatalities: 3 / Occupants: 10,Fatalities: 25 / Occupants: 46,,, Damaged beyond repair,,"2,5 km (1.6 mls) SE off  Shannon Airport (SNN) (   Ireland) 
", Initial climb (ICL),International Scheduled Passenger,"Shannon Airport (SNN/EINN), Ireland","New York-Idlewild International Airport, NY (IDL/KIDL), United States of America",KL633,,Fatalities: 28 / Occupants: 56 
19540912-0,,Sunday 12 September 1954,20:07,Douglas C-47A-70-DL (DC-3),Cruzeiro do Sul,,,, PP-CDJ, 19278, 1943,,, 2 Pratt & Whitney R-1830-92,,Fatalities: 0 / Occupants: 4,Fatalities: 6 / Occupants: 21,,, Damaged beyond repair,,"off Rio de Janeiro-Santos Dumont Airport, RJ (SDU) (   Brazil) 
", Approach (APR),Domestic Scheduled Passenger,"Rio de Janeiro-Santos Dumont Airport, RJ (SDU/SBRJ), Brazil","São Paulo-Congonhas Airport, SP (CGH/SBSP), Brazil",,,Fatalities: 6 / Occupants: 25 
19540912-1,,Sunday 12 September 1954,,Douglas C-124C Globemaster II,United States Air Force - USAF,,,, 52-1052, 43961, ,,, 4 Pratt & Whitney R-4360-20WA,,Fatalities:  / Occupants: ,Fatalities:  / Occupants: ,,, Damaged beyond repair,,"1 km (0.6 mls) from  Thule Air Base (THU) (   Greenland) 
", Approach (APR),Military,"Thule Air Base (THU/BGTL), Greenland","Springfield-Westover AFB, MA (CEF/KCEF), United States of America",,,Fatalities: 10 / Occupants: 15 
19540914-0,,Tuesday 14 September 1954,ca 14:45,Lockheed 414-08 Hudson IVA,John Fairfax & Sons,,,, VH-SML, 6049, ,,,,,Fatalities: 2 / Occupants: 2,Fatalities: 1 / Occupants: 1,,, Damaged beyond repair,,"Barrington Tops, NSW (   Australia) 
", En route (ENR),Cargo,"Sydney-Mascot Airport, NSW (SYD/YSSY), Australia","Taree Airport, NSW (TRO/YTRE), Australia",,,Fatalities: 3 / Occupants: 3 
19540915-0,,Wednesday 15 September 1954,,Short Sunderland MR.5,Royal Air Force - RAF,,,, PP122, , ,,,,,Fatalities: 0 / Occupants: ,Fatalities: 0 / Occupants: ,,, Damaged beyond repair,,"St. Peter Port, Guernsey, Channel Islands (   United Kingdom) 
", Landing (LDG),Military,?,?,,,Fatalities: 0 / Occupants:  
19540915-1,,Wednesday 15 September 1954,,Vickers 634 Viking 1B,Misrair,,,, SU-AFO, 212, 1947-07-10  (7 years 2 months),,,,,Fatalities: 3 / Occupants: 4,Fatalities: 0 / Occupants: 0,,, Damaged beyond repair,,"Cairo-Almaza Airport (   Egypt) 
", Landing (LDG),Test,"Cairo-Almaza Air Base (HEAZ), Egypt","Cairo-Almaza Air Base (HEAZ), Egypt",,,Fatalities: 3 / Occupants: 4 
19540916-0,,Thursday 16 September 1954,,Amiot AAC.1 (Junkers Ju-52),L'Armée de L'Air,,,, registration unknown, , ,,,,,Fatalities:  / Occupants: ,Fatalities:  / Occupants: ,,, Damaged beyond repair,,"S of Mouzaia (   Algeria) 
", En route (ENR),Military,?,?,,,Fatalities: 8 / Occupants: 8 
19540920-2,,Monday 20 September 1954,,Curtiss C-46D-15-CU Commando,United States Air Force - USAF,,,, 44-78035, 33431, 1945,,,,,Fatalities: 0 / Occupants: 3,Fatalities: 0 / Occupants: 17,,, Damaged beyond repair,,"3,3 km (2.1 mls) N of Newhall, CA (   United States of America) 
", En route (ENR),Military,"Burbank Airport, CA (BUR/KBUR), United States of America","Sacramento-Mather AFB, CA (MHR/KMHR), United States of America",,,Fatalities: 0 / Occupants: 20 
19540921-0,,Tuesday 21 September 1954,,Consolidated PBY-5A Catalina,Fuerza Aérea Dominicana - FAD,,,, HI-24, 1802, ,,,,,Fatalities: 0 / Occupants: 3,Fatalities: 0 / Occupants: 0,,, Damaged beyond repair,,"2,5 km (1.6 mls) WSW off  Isla Catalina (   Dominican Republic) 
", Standing (STD),Military,"San Isidoro Air Base (MDSI), Dominican Republic",?,,,Fatalities: 0 / Occupants: 3 
19540921-1,,Tuesday 21 September 1954,ca 18:20,Fairchild C-82A Packet,United States Air Force - USAF,,,, 45-57744, 10114, 1947,,,,,Fatalities:  / Occupants: ,Fatalities:  / Occupants: ,,, Damaged beyond repair,,"14,5 km (9.1 mls) NW of Fawnskin, CA (   United States of America) 
", En route (ENR),Military,"San Bernardino-Norton AFB, CA (SBD/KSBD), United States of America","Ogden-Hill AFB, UT (HIF/KHIF), United States of America",,,Fatalities: 1 / Occupants: 10 
19540922-0,,Wednesday 22 September 1954,,Avro 685 York C.1,Scottish Airlines,,,, G-ANRC, Set 60, 1947,,, 4 Rolls-Royce Merlin,,Fatalities: 0 / Occupants: 5,Fatalities: 0 / Occupants: 44,,, Damaged beyond repair,,"London-Stansted Airport (STN) (   United Kingdom) 
", Takeoff (TOF),Passenger,"London-Stansted Airport (STN/EGSS), United Kingdom",?,,,Fatalities: 0 / Occupants: 49 
19540922-1,,Wednesday 22 September 1954,,Douglas C-47A-30-DK (DC-3),L'Armée de L'Air,,,, 348061/FRAZM, 25322/13877, 1944,,, 2 Pratt & Whitney R-1830-92,,Fatalities:  / Occupants: ,Fatalities:  / Occupants: ,,, Damaged beyond repair,,"at an unknown location (   Unknown country) 
", Unknown (UNK),Military,?,?,,,Fatalities:  / Occupants:  
19540927-0,,Monday 27 September 1954,00:57,Ilyushin Il-12P,"Aeroflot, West Siberia Civil Aviation Directorate",,,, CCCP-L1365, 30086, 1947,,,,,Fatalities: 5 / Occupants: 5,Fatalities: 24 / Occupants: 24,,, Destroyed, Written off (damaged beyond repair),"near Novosibirsk-Severny (North) Airport (   Russia) 
", Approach (APR),Domestic Scheduled Passenger,"Krasnoyarsk Airport (KJA/UNKL), Russia","Novosibirsk-Severny (North) Airport (UNCC), Russia",,,Fatalities: 29 / Occupants: 29 
19540928-0,,Tuesday 28 September 1954,,Martin P5M-1 Marlin,United States Navy,,,, 127697, , ,,,,,Fatalities: 12 / Occupants: 12,Fatalities: 0 / Occupants: 0,,, Damaged beyond repair,,"Sangley Point Naval Station (NSP) (   Philippines) 
", Takeoff (TOF),Military,"Sangley Point Naval Station (NSP/RPLS), Philippines","Sangley Point Naval Station (NSP/RPLS), Philippines",,,Fatalities: 12 / Occupants: 12 
19540929-0,,Wednesday 29 September 1954,,Douglas C-47D (DC-3),United States Air Force - USAF,,,, 43-49083, 26344/14899, 1944,,,,,Fatalities:  / Occupants: ,Fatalities:  / Occupants: ,,, Damaged beyond repair,,"Nagoya-Komaki Air Base (NGO) (   Japan) 
", Unknown (UNK),Military,?,?,,,Fatalities:  / Occupants:  
19540929-1,,Wednesday 29 September 1954,17:37,Consolidated C-10A Catalina (PBY-5A),Força Aérea Brasileira - FAB,,,, 6516, 1919, ,,,,,Fatalities: 2 / Occupants: 8,Fatalities: 0 / Occupants: 5,,, Damaged beyond repair,,"Belém, PA (   Brazil) 
", En route (ENR),Military,"Belém (unknown airport), PA, Brazil","Manaus Air Base, AM (PLL/SBMN), Brazil",,,Fatalities: 2 / Occupants: 13 
19540930-0,,Thursday 30 September 1954,,Handley Page Marathon T.2,Royal Air Force - RAF,,,, XA271, 124, 1950,,,,,Fatalities:  / Occupants: ,Fatalities:  / Occupants: ,,, Damaged beyond repair,,"2 km (1.3 mls) SSE of Calne (   United Kingdom) 
", Unknown (UNK),Military,?,?,,,Fatalities: 5 / Occupants: 5 
19541006-0,,Wednesday 6 October 1954,,Fairchild C-119G Flying Boxcar,United States Air Force - USAF,,,, 52-5859, 11018, ,,,,,Fatalities: 2 / Occupants: 5,Fatalities: 0 / Occupants: 7,,, Damaged beyond repair,,"3,7 km (2.3 mls) S of Fayetteville-Pope AFB, NC (POB) (   United States of America) 
", Initial climb (ICL),Military,"Fayetteville-Pope AFB, NC (POB/KPOB), United States of America",?,,,Fatalities: 2 / Occupants: 12 
19541008-0,,Friday 8 October 1954,,Douglas C-47A-1-DK (DC-3),Aviateca,,,, TG-AJA, 11874, 1943,,, 2 Pratt & Whitney R-1830-92,,Fatalities: 0 / Occupants: 3,Fatalities: 0 / Occupants: 7,,, Damaged beyond repair,,"Guatemala City (   Guatemala) 
", Unknown (UNK),Scheduled Passenger,?,?,,,Fatalities: 0 / Occupants: 10 
19541011-0,Preliminary,Monday 11 October 1954,,Douglas C-47B-25-DK (DC-3),Royal Thai Air Force - RTAF,,,, L2-10/96, 32590/15842, 1945,,, 2 Pratt & Whitney R-1830-90C,,Fatalities:  / Occupants: ,Fatalities:  / Occupants: ,,, Damaged beyond repair,,"Bangkok International Airport (BKK) (   Thailand) 
", Approach (APR),Military,"Bangkok-Don Muang International Airport (BKK/VTBD), Thailand",?,,,Fatalities: 4 / Occupants: 18 
19541013-0,,Wednesday 13 October 1954,,Douglas C-47-DL (DC-3),Orient Airways,,,, AP-AAF, 4562, 1942,,, 2 Pratt & Whitney R-1830-92,,Fatalities: 0 / Occupants: 3,Fatalities: 0 / Occupants: 8,,, Damaged beyond repair,,"near Skardu (   Pakistan) 
", Unknown (UNK),Domestic Scheduled Passenger,"Skardu Airport (KDU/OPSD), Pakistan","Rawalpindi (RWP), Pakistan",,,Fatalities: 0 / Occupants: 11 
19541014-0,,Thursday 14 October 1954,,Grumman SA-16 Albatross,United States Air Force - USAF,,,, registration unknown, , ,,,,,Fatalities: 0 / Occupants: 0,Fatalities: 0 / Occupants: 0,,, Damaged beyond repair,,"Goose Bay Air Base, NL (YYR) (   Canada) 
", Standing (STD),Military,-,-,,,Fatalities: 0 / Occupants: 0 
19541014-2,,Thursday 14 October 1954,,Grumman SA-16 Albatross,United States Air Force - USAF,,,, registration unknown, , ,,,,,Fatalities: 0 / Occupants: 0,Fatalities: 0 / Occupants: 0,,, Damaged beyond repair,,"Goose Bay Air Base, NL (YYR) (   Canada) 
", Standing (STD),Military,-,-,,,Fatalities: 0 / Occupants: 0 
19541016-0,,Saturday 16 October 1954,,Convair CV-240-6,Aerolineas Argentinas,,,, LV-ADQ,  77, 1949,,,,,Fatalities: 0 / Occupants: 5,Fatalities: 0 / Occupants: 27,,, Damaged beyond repair,,"SSW of Capilla del Senor (   Argentina) 
", En route (ENR),Domestic Scheduled Passenger,"Buenos Aires/Ezeiza-Ministro Pistarini Airport, BA (EZE/SAEZ), Argentina","Córdoba-Pajas Blancas Airport, CD (COR/SACO), Argentina",,,Fatalities: 0 / Occupants: 32 
19541020-0,,Wednesday 20 October 1954,,Douglas C-47A-65-DL (DC-3),Civil Air Transport,,,, B-811, 18947, 1943,,, 2 Pratt & Whitney R-1830-92,,Fatalities: 2 / Occupants: 3,Fatalities: 4 / Occupants: 4,,, Damaged beyond repair,,"off Hua Hin (   Thailand) 
", Maneuvering (MNV),Military,?,?,,,Fatalities: 6 / Occupants: 7 
19541020-1,,Wednesday 20 October 1954,,Fairchild C-119C Flying Boxcar,United States Air Force - USAF,,,, 51-2552, 10510, ,,,,,Fatalities:  / Occupants: ,Fatalities:  / Occupants: ,,, Damaged beyond repair,,"2,7 km (1.7 mls) E of Daegu (K-2) Air Base (   South Korea) 
", Unknown (UNK),Military,?,?,,,Fatalities:  / Occupants:  
19541021-0,,Thursday 21 October 1954,ca 20:00,Douglas R4D-1 (DC-3),Cruzeiro do Sul,,,, PP-CCP, 4226, 1942,,,,,Fatalities: 0 / Occupants: 3,Fatalities: 0 / Occupants: 28,,, Damaged beyond repair,,"Rio de Janeiro-Santos Dumont Airport, RJ (SDU) (   Brazil) 
", Landing (LDG),Domestic Scheduled Passenger,"São Paulo-Congonhas Airport, SP (CGH/SBSP), Brazil","Rio de Janeiro-Santos Dumont Airport, RJ (SDU/SBRJ), Brazil",,,Fatalities: 0 / Occupants: 31 
19541024-0,,Sunday 24 October 1954,ca 17:50,Douglas C-47A-90-DL (DC-3),United States Air Force - USAF,,,, 43-16044, 20510, 1944,,, 2 Pratt & Whitney R-1830-92,,Fatalities: 3 / Occupants: 3,Fatalities: 18 / Occupants: 18,,, Destroyed, Written off (damaged beyond repair),"ca 12 km W of Limone Piemonte, Cuneo (   Italy) 
", En route (ENR),Military,"Roma-Ciampino Air Base (CIA/LIRA), Italy","Lyon-Bron Airport (LYN/LFLY), France",,,Fatalities: 21 / Occupants: 21 
19541025-0,,Monday 25 October 1954,,Vickers Varsity T.1,Royal Air Force - RAF,,,, WF384, 543, 1952,,, 2 Bristol Hercules 264,,Fatalities: 0 / Occupants: ,Fatalities: 0 / Occupants: ,,, Damaged beyond repair,,"1,6 km (1 mls) SSE of Barnaby, Nottinghamshire (   United Kingdom) 
", Unknown (UNK),Military,?,?,,,Fatalities: 0 / Occupants:  
19541025-1,,Monday 25 October 1954,,Short Sunderland MR.5,Royal Air Force - RAF,,,, PP155, , ,,,,,Fatalities:  / Occupants: ,Fatalities:  / Occupants: ,,, Damaged beyond repair,,"Tranigigvaag Fjord, Faeroes Islands (   Denmark) 
", Landing (LDG),Military,?,?,,,Fatalities: 4 / Occupants:  
19541026-0,,Tuesday 26 October 1954,,Avro Shackleton MR.1,Royal Air Force - RAF,,,, VP256, , 1950,,, 4 Rolls-Royce Griffon 57,,Fatalities: 0 / Occupants: ,Fatalities: 0 / Occupants: ,,, Damaged beyond repair,,"Ballykelly-RAF Station (   United Kingdom) 
", Takeoff (TOF),Military,"Ballykelly RAF Station (EGQB), United Kingdom",?,,,Fatalities: 0 / Occupants:  
19541028-0,,Thursday 28 October 1954,00:10,Ilyushin Il-12,"Aeroflot, Moscow Civil Aviation Directorate",,,, CCCP-L1789, 93013206, ,,,,,Fatalities: 6 / Occupants: 6,Fatalities: 13 / Occupants: 13,,, Damaged beyond repair,,"Mount Sivukha, Krasnoyarsk Territory (   Russia) 
", En route (ENR),Domestic Scheduled Passenger,"Irkutsk Airport (IKT/UIII), Russia","Krasnoyarsk Airport (KJA/UNKL), Russia", 136,,Fatalities: 19 / Occupants: 19 
19541030-0,Preliminary,Saturday 30 October 1954,,Lockheed R7V-1 Super Constellation,United States Navy,,,, 128441, 4108, 1953,,,,,Fatalities: 21 / Occupants: 21,Fatalities: 21 / Occupants: 21,,, Missing, Presumed damaged beyond repair,"560 km (350 mls) E off  Maryland, USA (   Atlantic Ocean) 
", En route (ENR),Military,"Patuxent River NAS, MD (NHK/KNHK), United States of America","Terceira-Lajes Airport, Azores (TER/LPLA), Portugal",  57,,Fatalities: 42 / Occupants: 42 
19541031-0,Final,Sunday 31 October 1954,15:07,Vickers 720 Viscount,Trans Australia Airlines - TAA,,,, VH-TVA,  44, 1954,154,, 4 Rolls-Royce Dart 505,,Fatalities: 2 / Occupants: 2,Fatalities: 1 / Occupants: 6,,, Destroyed, Written off (damaged beyond repair),"Mangalore Airport, VIC (   Australia) 
", Takeoff (TOF),Training,"Mangalore Airport, VIC (YMNG), Australia","Mangalore Airport, VIC (YMNG), Australia",,,Fatalities: 3 / Occupants: 8 
19541101-0,,Monday 1 November 1954,16:54,CASA 352 (Junkers Ju-52),Ejército del Aire,,,, T.2-247, 138, ,,,,,Fatalities:  / Occupants: ,Fatalities:  / Occupants: ,,, Damaged beyond repair,,"10 km (6.3 mls) S of Ronda (   Spain) 
", En route (ENR),Military,"Jerez De La Frontera-La Parra Airport (XRY/LEJR), Spain","Málaga Airport (AGP/LEMG), Spain",,,Fatalities: 11 / Occupants: 11 
19541105-0,Final,Friday 5 November 1954,19:42,Lockheed 18-56-24 Lodestar,J. Fox,,,, N9201H, 18-2353, 1943,1500,, 2 Wright R-1820-60,,Fatalities: 1 / Occupants: 2,Fatalities: 0 / Occupants: 3,,, Damaged beyond repair,,"15 km (9.4 mls) SE of Glastonbury, CT (   United States of America) 
", Approach (APR),Executive,"New York-La Guardia Airport, NY (LGA/KLGA), United States of America","Boston Commonwealth Airport, MA (BOS/KBOS), United States of America",,,Fatalities: 1 / Occupants: 5 
19541112-0,,Friday 12 November 1954,16:40,Lisunov Li-2,"Aeroflot, Northern Civil Aviation Directorate",,,, CCCP-L4519, 18429002, ,,,,,Fatalities: 2 / Occupants: 5,Fatalities: 4 / Occupants: 10,,, Damaged beyond repair,,"Sverdlovsk-Koltsovo Airport (SVX) (   Russia) 
", Takeoff (TOF),Domestic Non Scheduled Passenger,"Sverdlovsk-Koltsovo Airport (SVX/USSS), Russia",?,,,Fatalities: 6 / Occupants: 15 
19541115-0,Final,Monday 15 November 1954,,Douglas C-54A (DC-4),Australian National Airways - ANA,,,, VH-ANF, 10302, 1944,,,,,Fatalities: 0 / Occupants: 4,Fatalities: 0 / Occupants: 9,,, Substantial, Repaired,"Brisbane-Eagle Farm Airport, QLD (BNE) (   Australia) 
", Landing (LDG),Domestic Scheduled Passenger,"Sydney-Kingsford Smith International Airport, NSW (SYD/YSSY), Australia","Brisbane-Eagle Farm Airport, QLD, Australia",,,Fatalities: 0 / Occupants: 13 
19541116-0,,Tuesday 16 November 1954,,Douglas DC-3,Transporte Aéreo Militar - TAM Peru,,,, FAP403, , ,,,,,Fatalities: 3 / Occupants: 3,Fatalities: 21 / Occupants: 21,,, Damaged beyond repair,,"near Jirishanga (   Peru) 
", En route (ENR),Military,"Pucallpa Airport (PCL/SPCL), Peru","Lima-Callao International Airport (LIM/SPIM), Peru",,,Fatalities: 24 / Occupants: 24 
19541120-0,,Saturday 20 November 1954,ca 17:45,Lockheed Ventura,Plymouth Oil Co.,,,, N1505V, 5278, 1943,,,,,Fatalities: 2 / Occupants: 2,Fatalities: 3 / Occupants: 3,,, Damaged beyond repair,,"10,5 km (6.6 mls) E of Waynesboro, VA (   United States of America) 
", En route (ENR),Executive,"Atlanta (unknown airport), GA, United States of America","Baltimore Airport, MD, United States of America",,,Fatalities: 5 / Occupants: 5 
19541125-0,,Thursday 25 November 1954,,Douglas C-47A-70-DL (DC-3),Garuda Indonesia Airways,,,, PK-DPD, 19279, 1943,,, 2 Pratt & Whitney R-1830-92,,Fatalities: 0 / Occupants: 3,Fatalities: 0 / Occupants: 19,,, Damaged beyond repair,,"Jambi Airport (DJB) (   Indonesia) 
", Landing (LDG),Domestic Scheduled Passenger,"Palembang Airport (PLM/WIPP), Indonesia","Jambi-Sultan Thaha Syarifudn Airport (DJB/WIPA), Indonesia",,,Fatalities: 0 / Occupants: 22 
19541125-1,,Thursday 25 November 1954,,Nord 2501 Noratlas,L'Armée de L'Air,,,, 3/F-SDDX, 3, ,,, 2 Bristol Hercules 739,,Fatalities: 2 / Occupants: 3,Fatalities: 0 / Occupants: 7,,, Damaged beyond repair,,"near Eschau (   France) 
", Unknown (UNK),Military,?,?,,,Fatalities: 2 / Occupants: 10 
19541127-0,,Saturday 27 November 1954,,Short S.25 Sunderland 5,Aquila Airways,,,, G-ANAK, , ,,,,,Fatalities: 0 / Occupants: 0,Fatalities: 0 / Occupants: 0,,, Damaged beyond repair,,"Hamble (   United Kingdom) 
", Standing (STD),-,-,-,,,Fatalities: 0 / Occupants: 0 
19541128-0,,Sunday 28 November 1954,,Douglas C-47A-5-DK (DC-3),L'Armée de L'Air,,,, 292457/FRAZT, 12260, 1944,,, 2 Pratt & Whitney R-1830-92,,Fatalities:  / Occupants: ,Fatalities:  / Occupants: ,,, Damaged beyond repair,,"at an unknown location (   Unknown country) 
", Unknown (UNK),Military,?,?,,,Fatalities:  / Occupants:  
19541130-0,Final,Tuesday 30 November 1954,11:15,Douglas DC-3A,Northeast Airlines,,,, N17891, 11745, 1943,26000,,,,Fatalities: 2 / Occupants: 4,Fatalities: 0 / Occupants: 3,,, Damaged beyond repair,,"21 km (13.1 mls) SE of Berlin Airport, NH (BML) (   United States of America) 
", Approach (APR),Domestic Scheduled Passenger,"Laconia Municipal Airport, NH (LCI/KLCI), United States of America","Berlin Airport, NH (BML/KBML), United States of America", 792,,Fatalities: 2 / Occupants: 7 
19541202-0,,Thursday 2 December 1954,,Douglas DC-2-118B,F. Coloma,,,, LV-AHI, 1351, 1935,,,,,Fatalities: 0 / Occupants: 2,Fatalities: 0 / Occupants: 2,,, Damaged beyond repair,,"Villa Harding Green, BA (   Argentina) 
", Takeoff (TOF),Cargo,"Villa Harding Green, BA, Argentina",?,,,Fatalities: 0 / Occupants: 4 
19541204-0,,Saturday 4 December 1954,,Douglas C-47A-70-DL (DC-3),,Air Laos,,Aigle Azur, F-BEIA, 19211, 1943,,, 2 Pratt & Whitney R-1830-92,,Fatalities: 2 / Occupants: 2,Fatalities: 26 / Occupants: 26,,, Damaged beyond repair,,"30 km (18.8 mls) N of Luang Prabang (   Laos) 
", En route (ENR),Domestic Scheduled Passenger,"Luang Prabang Airport (LPQ/VLLB), Laos","Luang Namtha Airport (LXG/VLLN), Laos",,,Fatalities: 28 / Occupants: 28 
19541205-0,,Sunday 5 December 1954,20:55,Ilyushin Il-12,"Aeroflot, Kazakstan Civil Aviation Directorate",,,, CCCP-L1320, 30126, ,,,,,Fatalities: 1 / Occupants: 5,Fatalities: 0 / Occupants: 14,,, Damaged beyond repair,,"4,5 km (2.8 mls) NW of Alma-Ata (   Kazakhstan) 
", Approach (APR),Domestic Scheduled Passenger,?,?,,,Fatalities: 1 / Occupants: 19 
19541206-0,,Monday 6 December 1954,,Douglas DC-3-322,Oklahoma Pipe Line Construction,,,, N85B, 2233, 1940,,,,,Fatalities:  / Occupants: ,Fatalities:  / Occupants: ,,, Damaged beyond repair,,"Calgary Municipal Airport, AB (YYC) (   Canada) 
", Standing (STD),-,-,-,,,Fatalities:  / Occupants:  
19541206-1,,Monday 6 December 1954,,Fairchild C-119G Flying Boxcar,United States Air Force - USAF,,,, 52-5921, 11100, ,,,,,Fatalities: 0 / Occupants: ,Fatalities: 0 / Occupants: ,,, Damaged beyond repair,,"9 km (5.6 mls) W off  Ashiya Air Base (   Japan) 
", Unknown (UNK),Military,?,?,,,Fatalities: 0 / Occupants:  
19541208-0,,Wednesday 8 December 1954,,Grumman G-73 Mallard,Robertson & O'Connell Ltd.,,,, CF-HPN, J-59, 1951,,,,,Fatalities: 0 / Occupants: 0,Fatalities: 0 / Occupants: 0,,, Damaged beyond repair,,"St. John's Airport, NL (YYT) (   Canada) 
", Standing (STD),-,-,-,,,Fatalities: 0 / Occupants: 0 
19541208-1,,Wednesday 8 December 1954,,Douglas C-47 (DC-3),Royal Hellenic Air Force,,,, registration unknown, , ,,,,,Fatalities: 3 / Occupants: 3,Fatalities: 16 / Occupants: 16,,, Damaged beyond repair,,"Elefsis Air Base (   Greece) 
", En route (ENR),Military,"Elefsis AB (LGEL), Greece","Elefsis AB (LGEL), Greece",,,Fatalities: 19 / Occupants: 19 
19541209-0,,Thursday 9 December 1954,,Lockheed WV-2 Super Constellation,United States Navy,,,, 131387, 4307, 1954,227,,,,Fatalities: 0 / Occupants: 10,Fatalities: 0 / Occupants: 0,,, Destroyed, Written off (damaged beyond repair),"Johnsville NAS, PA (   United States of America) 
", Landing (LDG),Military,?,"Johnsville NAS, PA, United States of America",,,Fatalities: 0 / Occupants: 10 
19541210-0,,Friday 10 December 1954,,Douglas C-47A-50-DL (DC-3),Linea Aeropostal Venezolana - LAV,,,, YV-C-AGI, 10111, 1943,,,,,Fatalities: 0 / Occupants: ,Fatalities: 0 / Occupants: ,,, Substantial, Repaired,"Guasdualito Airport (GDO) (   Venezuela) 
", Landing (LDG),Unknown,?,"Guasdualito-Vare Maria Airport (GDO/SVGD), Venezuela",,,Fatalities: 0 / Occupants:  
19541212-0,,Sunday 12 December 1954,23:02,Douglas C-47A-10-DK (DC-3),CSA Ceskoslovenské Aerolinie,,,, OK-WDK, 12549, 1944,,, 2 Pratt & Whitney R-1830-92,,Fatalities: 4 / Occupants: 4,Fatalities: 0 / Occupants: 0,,, Damaged beyond repair,,"14,5 km (9.1 mls) NNE of Bratislava-Ivanka Airport (BTS) (   Slovakia) 
", Approach (APR),Cargo,"Brno Turany Airport (BRQ/LKTB), Czech Republic","Bratislava-Ivanka Airport (BTS/LZIB), Slovakia",,,Fatalities: 4 / Occupants: 4 
19541214-0,,Tuesday 14 December 1954,,Grumman UF-1G Albatross,United States Coast Guard,,,, 2121, G-347, ,,,,,Fatalities:  / Occupants: ,Fatalities:  / Occupants: ,,, Damaged beyond repair,,"Haines Municipal Airport, AK (HNS) (   United States of America) 
", Takeoff (TOF),Military,"Haines Municipal Airport, AK (HNS/PAHN), United States of America","Juneau, AK, United States of America",,,Fatalities: 4 / Occupants: 7 
19541217-0,,Friday 17 December 1954,21:32 EST,Lockheed L-1049E Super Constellation,Trans-Canada Air Lines - TCAL,,,, CF-TGG, 4564, 1954,763,,,,Fatalities: 0 / Occupants: 7,Fatalities: 0 / Occupants: 16,,, Damaged beyond repair,,"Brampton, ON (   Canada) 
", Approach (APR),International Scheduled Passenger,"Tampa International Airport, FL (TPA/KTPA), United States of America","Toronto-Malton Airport, ON (YYZ/CYYZ), Canada",,,Fatalities: 0 / Occupants: 23 
19541217-1,Final,Friday 17 December 1954,17:08,Lockheed B-34 Lexington,Miller Brewing Company,,,, N44M, 4820, 1942,822,, 2 Pratt & Whitney R-2800-31,,Fatalities: 2 / Occupants: 2,Fatalities: 2 / Occupants: 2,,, Destroyed, Written off (damaged beyond repair),"1 km (0.6 mls) N of Milwaukee-General Mitchell Airport, WI (MKE) (   United States of America) 
", Takeoff (TOF),Executive,"Milwaukee-General Mitchell Airport, WI (MKE/KMKE), United States of America","Winnipeg International Airport, MB (YWG/CYWG), Canada",,,Fatalities: 4 / Occupants: 4 
19541218-0,Final,Saturday 18 December 1954,14:00,Douglas DC-6B,Linee Aeree Italiane - LAI,,,, I-LINE, 44418/487, 1954,,, 4 Pratt & Whitney R-2800,,Fatalities: 10 / Occupants: 10,Fatalities: 16 / Occupants: 22,,, Damaged beyond repair,,"near New York-Idlewild International Airport, NY (IDL) (   United States of America) 
", Approach (APR),Domestic Scheduled Passenger,"Boston Airport, MA (BOS/KBOS), United States of America","New York-Idlewild International Airport, NY (IDL/KIDL), United States of America", 451,,Fatalities: 26 / Occupants: 32 
19541218-1,,Saturday 18 December 1954,,Douglas C-47A-70-DL (DC-3),Linea Aeropostal Venezolana - LAV,,,, YV-C-AMP, 19292, 1943,,, 2 Pratt & Whitney R-1830-92,,Fatalities: 2 / Occupants: 2,Fatalities: 0 / Occupants: 0,,, Damaged beyond repair,,"120 km (75 mls) S of Ciudad Bolivar (   Venezuela) 
", Unknown (UNK),Cargo,"Ciudad Bolívar Airport (CBL/SVCB), Venezuela","Tumeremo Airport (TMO/SVTM), Venezuela",,,Fatalities: 2 / Occupants: 2 
19541218-2,Preliminary - official,Saturday 18 December 1954,ca 01:42,Lockheed 18-07-01 Lodestar,Sangamo Electric Company,,,, N711SE, 18-2091, 1941,1336,,,,Fatalities: 2 / Occupants: 2,Fatalities: 0 / Occupants: 1,,, Damaged beyond repair,,"near White Plains, NY (   United States of America) 
", Approach (APR),Executive,"New London-Groton Airport, CT (GON/KGON), United States of America","White Plains-Westchester County Airport, NY (HPN/KHPN), United States of America",,,Fatalities: 2 / Occupants: 3 
19541219-0,,Sunday 19 December 1954,,Douglas C-47B-10-DK (DC-3),L'Armée de L'Air,,,, 349089/FRAZY, 26350/14905, 1944,,, 2 Pratt & Whitney R-1830-90C,,Fatalities:  / Occupants: ,Fatalities:  / Occupants: ,,, Damaged beyond repair,,"at an unknown location (   Unknown country) 
", Unknown (UNK),Military,?,?,,,Fatalities:  / Occupants:  
19541222-0,Final,Wednesday 22 December 1954,23:00,Douglas C-47A-90-DL (DC-3C),Johnson Flying Service,,,, N24320, 20197, 1944,5738,, 2 Pratt & Whitney R-1830-S1C3-G,,Fatalities: 1 / Occupants: 5,Fatalities: 9 / Occupants: 23,,, Substantial, Repaired,"3 km (1.9 mls) SE of Pittsburgh-Allegheny County Airport, PA (AGC) (   United States of America) 
", Approach (APR),Domestic Non Scheduled Passenger,"Newark International Airport, NJ (EWR/KEWR), United States of America","Pittsburgh-Allegheny County Airport, PA (AGC/KAGC), United States of America",4844C,,Fatalities: 10 / Occupants: 28 
19541222-1,,Wednesday 22 December 1954,,Douglas Dakota IV (DC-3),Royal Canadian Air Force - RCAF,,,, 991, 34219/16959, 1945,,,,,Fatalities:  / Occupants: ,Fatalities:  / Occupants: ,,, Damaged beyond repair,,"unknown (   Unknown country) 
", Unknown (UNK),Military,?,?,,,Fatalities:  / Occupants:  
19541223-0,,Thursday 23 December 1954,15:15,Lisunov Li-2P,Malev Hungarian Airlines,,,, HA-LIF, 18425604, ,,,,,Fatalities: 0 / Occupants: 5,Fatalities: 0 / Occupants: 28,,, Damaged beyond repair,,"near Polná (   Czech Republic) 
", En route (ENR),International Scheduled Passenger,"Budapest-Ferihegy Airport (BUD/LHBP), Hungary","Praha-Ruzyne International Airport (PRG/LKPR), Czech Republic",,,Fatalities: 0 / Occupants: 33 
19541223-1,,Thursday 23 December 1954,14:30,Lisunov Li-2P,Malev Hungarian Airlines,,,, HA-LII, 18427006, ,,,,,Fatalities: 0 / Occupants: 5,Fatalities: 0 / Occupants: 14,,, Damaged beyond repair,,"near Bratronov (   Czech Republic) 
", En route (ENR),Passenger,"Budapest-Ferihegy Airport (BUD/LHBP), Hungary","Praha-Ruzyne International Airport (PRG/LKPR), Czech Republic",,,Fatalities: 0 / Occupants: 19 
19541225-0,,Saturday 25 December 1954,03:30,Boeing 377 Stratocruiser 10-28,British Overseas Airways Corporation - BOAC,,,, G-ALSA, 15943/28, 1949-07-06  (5 years 6 months),,, 4 Pratt & Whitney R-4360-B6,,Fatalities: 4 / Occupants: 11,Fatalities: 24 / Occupants: 25,,, Damaged beyond repair,,"near Glasgow-Prestwick Airport (PIK) (   United Kingdom) 
", Landing (LDG),Domestic Scheduled Passenger,"London (unknown airport), United Kingdom","Glasgow-Prestwick Airport (PIK/EGPK), United Kingdom",,,Fatalities: 28 / Occupants: 36 
19541226-0,,Sunday 26 December 1954,,Lockheed 18-56 Lodestar,Chelsea Holdings Ltd.,,,, CF-FYR, 18-2048, 1940,,,,,Fatalities: 0 / Occupants: 0,Fatalities: 0 / Occupants: 0,,, Damaged beyond repair,,"St. Eugene, ON (   Canada) 
", Standing (STD),-,-,-,,,Fatalities: 0 / Occupants: 0 
19541229-1,,Wednesday 29 December 1954,,Kaiser-Fraser C-119G Flying Boxcar,United States Air Force - USAF,,,, 53-8102, 205, ,,,,,Fatalities: 4 / Occupants: 4,Fatalities: 5 / Occupants: 7,,, Damaged beyond repair,,"29 km (18.1 mls) SE of Huntsville, AL (   United States of America) 
", En route (ENR),Military,"Smyrna-Sewart AFB, TN (MQY/KMQY), United States of America","Mobile-Brookley AFB, AL (BFM/KBFM), United States of America",,,Fatalities: 9 / Occupants: 11 
19541229-2,,Wednesday 29 December 1954,,Curtiss C-46 Commando,Líneas Aéreas del Caribe - LIDCA,,,, HK-459, , ,,,,,Fatalities: 0 / Occupants: 4,Fatalities: 0 / Occupants: 0,,, Damaged beyond repair,,"near Barranquilla-Soledad Airport (BAQ) (   Colombia) 
", Initial climb (ICL),Cargo,"Barranquilla-Soledad Airport (BAQ/SKBQ), Colombia","Bogotá-Techo Airport, Colombia",,,Fatalities: 0 / Occupants: 4 
19541231-0,,Friday 31 December 1954,,Ilyushin Il-14 ?,Aeroflot,,,, registration unknown, , ,,,,,Fatalities:  / Occupants: ,Fatalities:  / Occupants: ,,, Damaged beyond repair,,"Irkutsk Airport (IKT) (   Russia) 
", Takeoff (TOF),Passenger,"Irkutsk Airport (IKT/UIII), Russia","Moskva (unknown airport), Russia",,,Fatalities: 17 / Occupants: 17 
19549999-0,,xx xxx 1954,,Douglas R4D-5 (DC-3),Polyarnaya Aviatsiya,,,, CCCP-H417, 9357, 1943,,, 2 Pratt & Whitney R-1830-92,,Fatalities: 0 / Occupants: ,Fatalities: 0 / Occupants: ,,, Damaged beyond repair,,"Polar Station SP-3 (   Arctic Ocean) 
", Landing (LDG),Cargo,?,?,,,Fatalities: 0 / Occupants:  
19549999-2,,xx xxx 1954,,Douglas C-47A-20-DL (DC-3),LANSA - Linea Aérea Nacionales SA,,,, C-68, 9388, ,,,,,Fatalities:  / Occupants: ,Fatalities:  / Occupants: ,,, Damaged beyond repair,,"at an unknown location (   Unknown country) 
", Unknown (UNK),Unknown,?,?,,,Fatalities:  / Occupants:  
19540101-0,,Friday 1 January 1954,,Grumman SA-16A Albatross,United States Air Force - USAF,,,, 51-0063, G-142, ,,,,,Fatalities: 0 / Occupants: 0,Fatalities: 0 / Occupants: 0,,, Damaged beyond repair,,"Narsarsuaq Airport (UAK) (   Greenland) 
", Standing (STD),Military,-,-,,,Fatalities: 0 / Occupants: 0 
19540102-0,,Saturday 2 January 1954,,Vickers Valetta C.1,Royal Air Force - RAF,,,, VX538, , 1950,,, 2 Bristol Hercules 230,,Fatalities: 0 / Occupants: ,Fatalities: 0 / Occupants: ,,, Damaged beyond repair,,"Aden (   Yemen) 
", Takeoff (TOF),Military,"Aden International Airport (ADE/ODAA), Yemen",?,,,Fatalities: 0 / Occupants:  
19540103-0,,Sunday 3 January 1954,,Curtiss C-46D Commando,United States Air Force - USAF,,,, 44-77632, 33028, 1945,,,,,Fatalities:  / Occupants: ,Fatalities:  / Occupants: ,,, Damaged beyond repair,,"near Keya (   Japan) 
", Unknown (UNK),Military,?,?,,,Fatalities: 4 / Occupants: 4 
19540104-0,,Monday 4 January 1954,,Lockheed P2V-5 Neptune,United States Navy,,,, 127752, 426-5089, ,,,,,Fatalities: 10 / Occupants: 10,Fatalities: 0 / Occupants: 0,,, Damaged beyond repair,,"NW off Jeju Island (   South Korea) 
", En route (ENR),Military,"Iwakuni MCAS (RJOI), Japan","Iwakuni MCAS (RJOI), Japan",,,Fatalities: 10 / Occupants: 10 
19540105-0,,Tuesday 5 January 1954,,Douglas C-47A-80-DL (DC-3),Devlet Hava Yollari - DHY,,,, TC-BAG, 19616, 1944,,, 2 Pratt & Whitney R-1830-92,,Fatalities: 2 / Occupants: 5,Fatalities: 2 / Occupants: 5,,, Damaged beyond repair,,"Lâpseki (   Turkey) 
", Unknown (UNK),Domestic Scheduled Passenger,"Bandirma Airport (BDM/LTBG), Turkey","Canakkale Airport (CKZ/LTBH), Turkey",,,Fatalities: 4 / Occupants: 10 
19540105-1,,Tuesday 5 January 1954,,Lockheed C-60A-1-LO Lodestar,Walker P. Inman,,,, N3138, 18-2262, 1942,,,,,Fatalities: 0 / Occupants: ,Fatalities: 0 / Occupants: ,,, Damaged beyond repair,,"Teterboro Airport, NJ (TEB) (   United States of America) 
", Takeoff (TOF),Unknown,"Teterboro Airport, NJ (TEB/KTEB), United States of America",?,,,Fatalities: 0 / Occupants:  
19540106-0,Final,Wednesday 6 January 1954,03:52,SNCASE SE.161 Languedoc,Air Liban,,,, OD-ABU, 14, 1945,,,,,Fatalities: 0 / Occupants: 5,Fatalities: 0 / Occupants: 4,,, Damaged beyond repair,,"Beirut International Airport (BEY) (   Lebanon) 
", Takeoff (TOF),International Scheduled Passenger,"Beirut International Airport (BEY/OLBA), Lebanon","Kuwait International Airport (KWI/OKBK), Kuwait",,,Fatalities: 0 / Occupants: 9 
19540106-1,,Wednesday 6 January 1954,17:20,Vickers Valetta T.3,Royal Air Force - RAF,,,, WJ474, 599, 1952-04-22  (1 year 9 months),,,,,Fatalities: 4 / Occupants: 4,Fatalities: 12 / Occupants: 13,,, Damaged beyond repair,,"near Aldbury, Hertfordshire (   United Kingdom) 
", Initial climb (ICL),Military,"Bovingdon RAF Station, United Kingdom","Thorney Island RAF Station, United Kingdom",,,Fatalities: 16 / Occupants: 17 
19540108-0,,Friday 8 January 1954,,Lisunov Li-2,Aeroflot / Estonia,,,, registration unknown, , ,,,,,Fatalities: 1 / Occupants: ,Fatalities: 0 / Occupants: ,,, Unknown,,"Tallinn-Ülemiste Airport (TLL) (   Estonia) 
", En route (ENR),Domestic Scheduled Passenger,"Tallinn-Ülemiste Airport (TLL/EETN), Estonia","Leningrad-Shosseynaya Airport (LED/ULLI), Russia",365,,Fatalities: 1 / Occupants:  
19540110-0,Final,Sunday 10 January 1954,17:50,Grumman G-73 Mallard,Union Producing Comp,,,, N4949N, J-16, 1947,,,,,Fatalities: 2 / Occupants: 2,Fatalities: 10 / Occupants: 10,,, Damaged beyond repair,,"16 km (10 mls) SE of Shreveport, LA (   United States of America) 
", Approach (APR),Domestic Non Scheduled Passenger,?,"Shreveport Regional Airport, LA (SHV/KSHV), United States of America",,,Fatalities: 12 / Occupants: 12 
19540110-1,Final,Sunday 10 January 1954,11:00,de Havilland DH-106 Comet 1,British Overseas Airways Corporation - BOAC,,,, G-ALYP, 06003, 1951-01-09  (3 years ),3681,, 4 de Havilland Ghost 50,,Fatalities: 6 / Occupants: 6,Fatalities: 29 / Occupants: 29,,, Destroyed, Written off (damaged beyond repair),"16 km (10 mls) S off  Elba (   Italy) 
", En route (ENR),International Scheduled Passenger,"Roma-Ciampino Airport (CIA/LIRA), Italy","London Airport (LHR/EGLL), United Kingdom", 781,,Fatalities: 35 / Occupants: 35 
19540111-0,,Monday 11 January 1954,,Douglas C-47A-80-DL (DC-3),Avianca,,,, HK-160, 19540, 1944,,, 2 Pratt & Whitney R-1830-92,,Fatalities: 3 / Occupants: 3,Fatalities: 18 / Occupants: 18,,, Damaged beyond repair,,"Manizales (   Colombia) 
", En route (ENR),Domestic Scheduled Passenger,"Medellín-Enrique Olaya Herrera Airport (EOH/SKMD), Colombia","Armenia-El Edén Airport (AXM/SKAR), Colombia",,,Fatalities: 21 / Occupants: 21 
19540112-0,,Tuesday 12 January 1954,13:55,Douglas C-47A-1-DK (DC-3),CSA Ceskoslovenské Aerolinie,,,, OK-WDS, 11854, 1943,,, 2 Pratt & Whitney R-1830-92,,Fatalities: 4 / Occupants: 4,Fatalities: 9 / Occupants: 9,,, Damaged beyond repair,,"ca 0,5 km S of Praha-Ruzyne International Airport (PRG) (   Czech Republic) 
", Initial climb (ICL),Domestic Scheduled Passenger,"Praha-Ruzyne International Airport (PRG/LKPR), Czech Republic","Ostrava-Hrabuvka Airport, Czech Republic",,,Fatalities: 13 / Occupants: 13 
19540114-0,,Thursday 14 January 1954,11:50,Douglas DC-6,Philippine Air Lines,,,, PI-C294, 42902/150, 1949,,,,,Fatalities: 9 / Occupants: 9,Fatalities: 7 / Occupants: 7,,, Damaged beyond repair,,"6 km (3.8 mls) E of Roma-Ciampino Airport (CIA) (   Italy) 
", Approach (APR),International Scheduled Passenger,"Beirut Airport (BEY/OLBA), Lebanon","Roma-Ciampino Airport (CIA/LIRA), Italy",,,Fatalities: 16 / Occupants: 16 
19540115-0,,Friday 15 January 1954,,Lockheed Neptune MR.1,Royal Air Force - RAF,,,, WX542, 426-5150, ,,,,,Fatalities: 0 / Occupants: 7,Fatalities: 0 / Occupants: 0,,, Damaged beyond repair,,"Topcliffe RAF Station (   United Kingdom) 
", Approach (APR),Military,?,"Topcliffe RAF Station (EGXZ), United Kingdom",,,Fatalities: 0 / Occupants: 7 
19540118-0,,Monday 18 January 1954,,CASA 352 (Junkers Ju-52),Ejército del Aire,,,, T.2B-145, 36, ,,,,,Fatalities:  / Occupants: ,Fatalities:  / Occupants: ,,, Damaged beyond repair,,"at an unknown location (   Unknown country) 
", Unknown (UNK),Military,?,?,,,Fatalities:  / Occupants:  
19540120-0,,Wednesday 20 January 1954,16:42,Convair CV-240-0,American Airlines,,,, N94244,  88, 1948,11018,, 2 Pratt & Whitney R-2800-83,,Fatalities: 0 / Occupants: 3,Fatalities: 0 / Occupants: 21,,, Damaged beyond repair,,"near Buffalo, NY (   United States of America) 
", Initial climb (ICL),Domestic Scheduled Passenger,"Buffalo Municipal Airport, NY (BUF/KBUF), United States of America","Saint Louis (unknown airport), MO, United States of America",AA767,,Fatalities: 0 / Occupants: 24 
19540120-1,,Wednesday 20 January 1954,,Douglas DC-3A,Zantop Air Transport,,,, N49551, 4940, 1942,,, 2 Pratt & Whitney R-1830,,Fatalities: 3 / Occupants: 3,Fatalities: 0 / Occupants: 0,,, Damaged beyond repair,,"Kansas City, MO (   United States of America) 
", Approach (APR),Cargo,"Jackson-Reynolds Municipal Airport, MI (JXN/KJXN), United States of America","Kansas City-Fairfax Field, KS, United States of America",,,Fatalities: 3 / Occupants: 3 
19540120-2,,Wednesday 20 January 1954,,Vickers Valetta C.1,Royal Air Force - RAF,,,, VL282, 309, ,,, 2 Bristol Hercules 230,,Fatalities: 1 / Occupants: 5,Fatalities: 0 / Occupants: 8,,, Destroyed, Written off (damaged beyond repair),"3,2 km (2 mls) SSW of Lyneham-RAF Station (LYE) (   United Kingdom) 
", Initial climb (ICL),Military,"Lyneham RAF Station (LYE/EGDL), United Kingdom","Istres-Le Tubé Air Base (LFMI), France",,,Fatalities: 1 / Occupants: 13 
19540120-3,,Wednesday 20 January 1954,,Vickers Varsity T.1,Royal Air Force - RAF,,,, WF391, 550, 1952,,, 2 Bristol Hercules 264,,Fatalities: 4 / Occupants: 4,Fatalities: 0 / Occupants: 0,,, Damaged beyond repair,,"5 km (3.1 mls) NNE Hullavington RAF Station (   United Kingdom) 
", Approach (APR),Military,?,"Hullavington RAF Station, United Kingdom",,,Fatalities: 4 / Occupants: 4 
19540121-0,,Thursday 21 January 1954,ca 21:30,Lockheed P2V-5 Neptune,United States Navy,,,, 124874, , ,,, 2 Wright R-3350-30W,,Fatalities: 8 / Occupants: 8,Fatalities: 0 / Occupants: 0,,, Destroyed, Written off (damaged beyond repair),"NW of Barbers Point NAS, HI (   United States of America) 
", Approach (APR),Military,?,"Barbers Point NAS, HI (NAX), United States of America",,,Fatalities: 8 / Occupants: 8 
19540124-0,,Sunday 24 January 1954,,Douglas C-47A-10-DK (DC-3),Autrex,,,, F-BEFS, 12416, 1944,,, 2 Pratt & Whitney R-1830-92,,Fatalities: 0 / Occupants: 3,Fatalities: 0 / Occupants: 0,,, Damaged beyond repair,,"Beirut International Airport (BEY) (   Lebanon) 
", Landing (LDG),Ferry/positioning,"Nicosia Airport (NIC/LCNC), Cyprus","Basra International Airport (BSR/ORMM), Iraq",,,Fatalities: 0 / Occupants: 3 
19540127-0,,Wednesday 27 January 1954,06:17,Lisunov Li-2,Aeroflot / Armenia,,,, CCCP-L4105, 18465507, ,,,,,Fatalities: 6 / Occupants: 6,Fatalities: 0 / Occupants: 0,,, Damaged beyond repair,,"12 km (7.5 mls) W of Tsaghkashen (   Armenia) 
", En route (ENR),Survey/research,?,?,,,Fatalities: 6 / Occupants: 6 
19540130-0,,Saturday 30 January 1954,,Short Sunderland MR.5,Royal Air Force - RAF,,,, RN290, , ,,,,,Fatalities: 0 / Occupants: ,Fatalities: 0 / Occupants: ,,, Damaged beyond repair,,"Angle Bay (   United Kingdom) 
", Landing (LDG),Military,?,?,,,Fatalities: 0 / Occupants:  
19540131-0,,Sunday 31 January 1954,,Curtiss C-46D-10-CU Commando,Lineas Interamericana Aérea,,,, HK-603, 33273, 1945,,,,,Fatalities: 0 / Occupants: 2,Fatalities: 0 / Occupants: 0,,, Damaged beyond repair,,"near Bogotá-Techo Airport (   Colombia) 
", Approach (APR),Training,"Bogotá-Techo Airport, Colombia","Bogotá-Techo Airport, Colombia",,,Fatalities: 0 / Occupants: 2 
19540131-1,,Sunday 31 January 1954,,Douglas C-47A-25-DK (DC-3),Aigle Azur,,,, F-BGXD, 13312, 1944,,, 2 Pratt & Whitney R-1830-92,,Fatalities: 0 / Occupants: ,Fatalities: 0 / Occupants: ,,, Damaged beyond repair,,"Dien Bien Phu (   Vietnam) 
", Takeoff (TOF),Unknown,"Dien Bien Phu-Gialam Airport (DIN/VVDB), Vietnam",?,,,Fatalities: 0 / Occupants:  
19540131-2,,Sunday 31 January 1954,18:00,Douglas C-47 (DC-3),Fuerza Aérea Colombiana,,,, FAC-674, , ,,,,,Fatalities: 2 / Occupants: ,Fatalities: 3 / Occupants: ,,, Damaged beyond repair,,"near Apiay Air Base (API) (   Colombia) 
", Approach (APR),Military,"Orocué Airport (ORC/SKOE), Colombia","Apiay-Captain Luis F. Gómez Niño Air Base (API/SKAP), Colombia",,,Fatalities: 5 / Occupants: 16 
19540199-0,,xx JAN 1954,,Ford 5-AT-B Tri-Motor,Augusto d'Argence,,,, N9645, 5-AT-8, 1928-01-12  (42 years ),,, 3 Pratt & Whitney R-1340 Wasp,,Fatalities: 0 / Occupants: ,Fatalities: 0 / Occupants: ,,, Damaged beyond repair,,"at an unknown location (   United States of America) 
", Landing (LDG),Unknown,?,?,,,Fatalities: 0 / Occupants:  
19540201-0,,Monday 1 February 1954,,Curtiss C-46D-15-CU Commando,United States Air Force - USAF,,,, 44-78027, 33423, 1945,,,,,Fatalities: 5 / Occupants: 5,Fatalities: 30 / Occupants: 30,,, Damaged beyond repair,,"S off Hokkaido (   Japan) 
", En route (ENR),Military,?,"Sapporo-Chitose Airport (CTS/RJCC), Japan",,,Fatalities: 35 / Occupants: 35 
19540201-1,,Monday 1 February 1954,,Vickers Valetta C.1,Royal Air Force - RAF,,,, VW206, 362, 1949-04-01  (4 years 10 months),,, 2 Bristol Hercules 230,,Fatalities: 0 / Occupants: ,Fatalities: 0 / Occupants: ,,, Damaged beyond repair,,"Mukeiras Airport (UKR) (   Yemen) 
", Landing (LDG),Military,?,"Mukeiras Airport (UKR/ODAM), Yemen",,,Fatalities: 0 / Occupants:  
19540204-0,,Thursday 4 February 1954,,Bristol 175 Britannia 101,UK Ministry of Supply,,,, G-ALRX, 12874, 1953,,,,,Fatalities: 0 / Occupants: 7,Fatalities: 0 / Occupants: 6,,, Damaged beyond repair,,"Severn Estuary (   United Kingdom) 
", Unknown (UNK),Test,?,?,,,Fatalities: 0 / Occupants: 13 
19540205-0,,Friday 5 February 1954,,Lockheed RC-121C Super Constellation,United States Air Force - USAF,,,, 51-3838, 4114, 1953,,,,,Fatalities: 0 / Occupants: 13,Fatalities: 0 / Occupants: 0,,, Damaged beyond repair,,"San Pablo Bay, CA (   United States of America) 
", Unknown (UNK),Military,?,?,,,Fatalities: 0 / Occupants: 13 
19540205-1,,Friday 5 February 1954,,Douglas C-47D (DC-3),United States Air Force - USAF,,,, 45-895, 34155/16898, 1945,,,,,Fatalities:  / Occupants: 3,Fatalities:  / Occupants: 13,,, Damaged beyond repair,,"32 km (20 mls) N of Curry, AK (   United States of America) 
", En route (ENR),Military,"Fairbanks-Fort Wainwright Airport, AK (FBK/PAFB), United States of America","Anchorage-Elmendorf AFB, AK (EDF/PAED), United States of America",,,Fatalities: 10 / Occupants: 16 
19540209-0,,Tuesday 9 February 1954,,Douglas C-47-DL (DC-3),Avianca,,,, HK-167, 4272, 1942,,, 2 Pratt & Whitney R-1830-92,,Fatalities: 0 / Occupants: 2,Fatalities: 0 / Occupants: 0,,, Damaged beyond repair,,"Medellin (   Colombia) 
", Unknown (UNK),Cargo,?,?,,,Fatalities: 0 / Occupants: 2 
19540209-1,,Tuesday 9 February 1954,,Fairchild C-119C-21-FA Flying Boxcar,United States Air Force - USAF,,,, 50-163, 10481, ,,, 2 Pratt & Whitney R-4360-20WA,,Fatalities: 0 / Occupants: 5,Fatalities: 0 / Occupants: 0,,, Damaged beyond repair,,"near Cáceres (   Spain) 
", En route (ENR),Military,?,"Terceira-Lajes AFB, Azores (TER/LPLA), Portugal",,,Fatalities: 0 / Occupants: 5 
19540211-1,,Thursday 11 February 1954,,Douglas C-47 (DC-3),Fuerza Aérea del Peru - FAP,,,, registration unknown, , ,,,,,Fatalities:  / Occupants: ,Fatalities:  / Occupants: ,,, Damaged beyond repair,,"between Puerto Inca and San Ramon (   Peru) 
", En route (ENR),Military,"Puerto Inca Airport (SPTI), Peru","San Ramon/Capitan Alvarino Airport (SPRM), Peru",,,Fatalities: 8 / Occupants: 8 
19540212-0,,Friday 12 February 1954,,Avro Shackleton MR.2,Royal Air Force - RAF,,,, WL794, , 1953,,, 4 Rolls-Royce Griffon 57,,Fatalities: 10 / Occupants: 10,Fatalities: 0 / Occupants: 0,,, Damaged beyond repair,,"6,4 km (4 mls) SW off  Gozo (   Malta) 
", En route (ENR),Military,?,?,,,Fatalities: 10 / Occupants: 10 
19540213-0,,Saturday 13 February 1954,,Douglas C-47A-20-DK (DC-3),Air Outre-Mer,,,, F-OAHY, 12793, 1944,,, 2 Pratt & Whitney R-1830-92,,Fatalities:  / Occupants: ,Fatalities:  / Occupants: ,,, Damaged beyond repair,,"Muong Sai Airport (UON) (   Laos) 
", Standing (STD),-,-,-,,,Fatalities:  / Occupants:  
19540214-0,,Sunday 14 February 1954,,Fairchild C-82A Packet,United States Air Force - USAF,,,, 48-569, 10204, ,,,,,Fatalities: 0 / Occupants: ,Fatalities: 0 / Occupants: ,,, Damaged beyond repair,,"1,8 km (1.1 mls) N of Yelm, WA (   United States of America) 
", Unknown (UNK),Military,"Tacoma-McChord AFB, WA (TCM/KTCM), United States of America","Sacramento (unknown airport), CA, United States of America",,,Fatalities: 0 / Occupants: 6 
19540217-0,,Wednesday 17 February 1954,,Douglas C-47B-1-DL (DC-3),United States Air Force - USAF,,,, 43-16136, 20602, 1944,,,,,Fatalities:  / Occupants: ,Fatalities:  / Occupants: ,,, Damaged beyond repair,,"unknown (   Unknown country) 
", Unknown (UNK),Military,?,?,,,Fatalities:  / Occupants:  
19540218-0,,Thursday 18 February 1954,,Junkers Ju-52,Aéronavale,,,, 1015 / 4S-5, , ,,, 3 Bristol Hercules 739,,Fatalities:  / Occupants: ,Fatalities:  / Occupants: ,,, Damaged beyond repair,,"10 km (6.3 mls) from  Zaghouan (   Tunisia) 
", En route (ENR),Military,"Oran-Tafaraoui Airport (TAF/DAOL), Algeria","Bizerte-Sidi Ahmed Air Base (DTTB), Tunisia",,,Fatalities: 15 / Occupants: 15 
19540221-0,,Sunday 21 February 1954,,Vickers Valetta C.1,Royal Air Force - RAF,,,, WJ494, 579, 1951-08-08  (2 years 7 months),,, 2 Bristol Hercules 230,,Fatalities: 2 / Occupants: ,Fatalities: 1 / Occupants: ,,, Damaged beyond repair,,"2,4 km (1.5 mls) S of Singapore-Changi RAF Station (   Singapore) 
", Approach (APR),Military,"Saigon-Tan Son Nhat International Airport (SGN/VVTS), Vietnam","Singapore-Changi RAF Station, Singapore",,,Fatalities: 3 / Occupants: 12 
19540221-1,,Sunday 21 February 1954,,	Breda-Zappata BZ.308,Aeronautica Militare Italiana - AMI,,,, MM61802, , 1948-08-27  (5 years 6 months),,, 4 Bristol Centaurus 568,,Fatalities:  / Occupants: ,Fatalities:  / Occupants: ,,, Damaged beyond repair,,"Mogadishu (   Somalia) 
", Landing (LDG),Military,?,?,,,Fatalities:  / Occupants:  
19540222-0,,Monday 22 February 1954,,Douglas C-47D (DC-3),United States Air Force - USAF,,,, 43-16252, 20718, 1944,,,,,Fatalities:  / Occupants: ,Fatalities:  / Occupants: ,,, Damaged beyond repair,,"56 km (35 mls) ENE of Narsarsuaq (   Greenland) 
", Unknown (UNK),Military,?,?,,,Fatalities:  / Occupants:  
19540223-0,,Tuesday 23 February 1954,,Vickers Valetta C.1,Royal Air Force - RAF,,,, WD160, 489, 1950-10-19  (3 years 4 months),,, 2 Bristol Hercules 230,,Fatalities: 4 / Occupants: 4,Fatalities: 0 / Occupants: 0,,, Damaged beyond repair,,"22,5 km (14.1 mls) S of Gemas (   Malaysia) 
", En route (ENR),Military,?,?,,,Fatalities: 4 / Occupants: 4 
19540223-1,,Tuesday 23 February 1954,,Short Sunderland GR.5,Royal Air Force - RAF,,,, NJ180, , ,,,,,Fatalities: 0 / Occupants: ,Fatalities: 0 / Occupants: ,,, Damaged beyond repair,,"Pembroke Dock (   United Kingdom) 
", Landing (LDG),Military,?,"Pembroke Dock RAF Station, United Kingdom",,,Fatalities: 0 / Occupants:  
19540225-0,,Thursday 25 February 1954,10:30,Douglas C-47A-90-DL (DC-3),Indian Airlines,,,, VT-ATU, 20358, 1944,,, 2 Pratt & Whitney R-1830-92,,Fatalities: 3 / Occupants: 3,Fatalities: 0 / Occupants: 0,,, Destroyed, Written off (damaged beyond repair),"16 km (10 mls) from  Delhi-Safdarjung Airport (   India) 
", En route (ENR),Test,"Delhi-Safdarjung Airport (VIDD), India","Delhi-Safdarjung Airport (VIDD), India",,,Fatalities: 3 / Occupants: 3 
19540226-0,,Friday 26 February 1954,,Fairchild C-119 Flying Boxcar,United States Air Force - USAF,,,, 52-5894, 11061, ,,,,,Fatalities: 4 / Occupants: 4,Fatalities: 0 / Occupants: 0,,, Damaged beyond repair,,"Huntingdon, TN (   United States of America) 
", Maneuvering (MNV),Military,"Fort Benning-Lawson AFB, GA (LSF/KLSF), United States of America","Fort Benning-Lawson AFB, GA (LSF/KLSF), United States of America",,,Fatalities: 4 / Occupants: 4 
19540226-1,Final,Friday 26 February 1954,10:32,Convair CV-240-1,Western Air Lines,,,, N8407H,  37, 1948,12145,, 2 Pratt & Whitney R-2800-CB16,,Fatalities: 3 / Occupants: 3,Fatalities: 6 / Occupants: 6,,, Damaged beyond repair,,"31 km (19.4 mls) ENE of Wright, WY (   United States of America) 
", En route (ENR),Domestic Scheduled Passenger,"Salt Lake City International Airport, UT (SLC/KSLC), United States of America","Rapid City Regional Airport, SD (RAP/KRAP), United States of America",  34,,Fatalities: 9 / Occupants: 9 
19540303-0,,Wednesday 3 March 1954,,Short Sunderland MR.5,Royal Air Force - RAF,,,, NJ267, , ,,,,,Fatalities:  / Occupants: ,Fatalities:  / Occupants: ,,, Damaged beyond repair,,"Pembroke Dock (   United Kingdom) 
", Takeoff (TOF),Military,"Pembroke Dock RAF Station, United Kingdom",?,,,Fatalities: 7 / Occupants: 11 
19540303-1,,Wednesday 3 March 1954,,Douglas C-47D (DC-3),United States Air Force - USAF,,,, 44-76247, 32579/15831, 1945,,,,,Fatalities:  / Occupants: ,Fatalities:  / Occupants: ,,, Damaged beyond repair,,"unknown (   Unknown country) 
", Unknown (UNK),Military,?,?,,,Fatalities:  / Occupants:  
19540303-2,,Wednesday 3 March 1954,,Douglas C-47D (DC-3),United States Air Force - USAF,,,, 44-76639, 32971/16223, 1945,,,,,Fatalities:  / Occupants: ,Fatalities:  / Occupants: ,,, Damaged beyond repair,,"Gunsan (Kunsan) K-8 Air Base (KUV) (   South Korea) 
", Unknown (UNK),Military,?,?,,,Fatalities:  / Occupants:  
19540304-0,,Thursday 4 March 1954,,Curtiss C-46D-10-CU Commando,Loide Aéreo Nacional,,,, PP-LPH, 33283, 1945,,,,,Fatalities: 0 / Occupants: 3,Fatalities: 0 / Occupants: 0,,, Damaged beyond repair,,"Guanabara Bay, RJ (   Brazil) 
", Initial climb (ICL),Training,"Rio de Janeiro-Santos Dumont Airport, RJ (SDU/SBRJ), Brazil",?,,,Fatalities: 0 / Occupants: 3 
19540304-1,,Thursday 4 March 1954,04:00,Douglas C-47-DL (DC-3),Air Outre-Mer,,,, F-OANH, 6172, 1942,,, 2 Pratt & Whitney R-1830-92,,Fatalities:  / Occupants: ,Fatalities:  / Occupants: ,,, Damaged beyond repair,,"Hanoi-Gialam Airport (   Vietnam) 
", Standing (STD),Unknown,?,?,,,Fatalities:  / Occupants:  
19540304-2,,Thursday 4 March 1954,04:00,Douglas R4D-3 (DC-3),Aigle Azur,,,, F-OAPC, 4969, 1942,,,,,Fatalities:  / Occupants: ,Fatalities:  / Occupants: ,,, Damaged beyond repair,,"Hanoi-Gialam Airport (   Vietnam) 
", Standing (STD),Unknown,?,?,,,Fatalities:  / Occupants:  
19540304-3,,Thursday 4 March 1954,ca 14:30,Douglas C-47A-45-DL (DC-3),United States Air Force - USAF,,,, 42-24096, 9958, 1943,,, 2 Pratt & Whitney R-1830-92,,Fatalities: 4 / Occupants: 4,Fatalities: 16 / Occupants: 16,,, Destroyed, Written off (damaged beyond repair),"near Saint-Étienne-de-Tinée (   France) 
", En route (ENR),Military,"Roma-Ciampino Air Base (CIA/LIRA), Italy","Frankfurt-Hahn Airport (HHN/EDFH), Germany",,,Fatalities: 20 / Occupants: 20 
19540304-4,,Thursday 4 March 1954,,Douglas C-47A-20-DK (DC-3),United States Air Force - USAF,,,, 42-93169, 13051, 1944,,,,,Fatalities:  / Occupants: ,Fatalities:  / Occupants: ,,, Damaged beyond repair,,"unknown (   Unknown country) 
", Unknown (UNK),Military,?,?,,,Fatalities:  / Occupants:  
19540311-0,,Thursday 11 March 1954,,Fairchild C-119C Flying Boxcar,,,L'Armée de L'Air,, 546, 10504, ,,,,,Fatalities: 0 / Occupants: 0,Fatalities: 0 / Occupants: 0,,, Damaged beyond repair,,"Dien Bien Phu-Gialam Airport (DIN) (   Vietnam) 
", Standing (STD),Military,-,-,,,Fatalities: 0 / Occupants: 0 
19540312-0,Final,Friday 12 March 1954,09:37,Junkers Ju-52/3mreo,Ministerio de Agricultura,,,, LV-ZBE, 5656, ,,,,,Fatalities: 0 / Occupants: 3,Fatalities: 0 / Occupants: 1,,, Damaged beyond repair,,"3 km (1.9 mls) E of Catamarca Airport, CA (CTC) (   Argentina) 
", Initial climb (ICL),Agricultural,"Catamarca Airport, CA (CTC/SANC), Argentina","Catamarca Airport, CA (CTC/SANC), Argentina",,,Fatalities: 0 / Occupants: 4 
19540313-0,,Saturday 13 March 1954,,Curtiss C-46E-1-CS Commando,Aigle Azur Maroc,,,, F-DAAR,  2943, 1945,,,,,Fatalities: 0 / Occupants: ,Fatalities: 0 / Occupants: ,,, Damaged beyond repair,,"Dien Bien Phu-Gialam Airport (DIN) (   Vietnam) 
", Standing (STD),-,-,-,,,Fatalities: 0 / Occupants:  
19540313-1,,Saturday 13 March 1954,,Douglas C-47-DL (DC-3),Autrex,,,, F-BCYI, , ,,, 2 Pratt & Whitney R-1830-92,,Fatalities: 0 / Occupants: ,Fatalities: 0 / Occupants: ,,, Damaged beyond repair,,"Xieng Khouang Airport (XKH) (   Laos) 
", Landing (LDG),Unknown,?,?,,,Fatalities: 0 / Occupants:  
19540313-2,,Saturday 13 March 1954,,Lockheed L-749A Constellation,British Overseas Airways Corporation - BOAC,,,, G-ALAM, 2554, 1947,,,,,Fatalities: 2 / Occupants: 9,Fatalities: 31 / Occupants: 31,,, Damaged beyond repair,,"Singapore-Kallang Airport (   Singapore) 
", Landing (LDG),International Scheduled Passenger,"Jakarta (unknown airport), Indonesia","Singapore-Kallang Airport, Singapore",,,Fatalities: 33 / Occupants: 40 
19540313-3,,Saturday 13 March 1954,,Vickers Varsity T.1,Royal Air Force - RAF,,,, WF327, 519, 1951,,, 2 Bristol Hercules 264,,Fatalities:  / Occupants: ,Fatalities:  / Occupants: ,,, Damaged beyond repair,,"2,4 km (1.5 mls) SW of Syerston RAF Station (   United Kingdom) 
", Approach (APR),Military,"Swinderby RAF Station (EGXS), United Kingdom","Syerston RAF Station, United Kingdom",,,Fatalities: 4 / Occupants: 4 
19540313-4,,Saturday 13 March 1954,,Douglas C-47B-20-DK (DC-3),L'Armée de L'Air,,,, 349665/FRAMG, 26926/15481, 1944,,, 2 Pratt & Whitney R-1830-90C,,Fatalities:  / Occupants: ,Fatalities:  / Occupants: ,,, Damaged beyond repair,,"Dien Bien Phu-Gialam Airport (DIN) ? (   Vietnam) 
", Unknown (UNK),Military,?,?,,,Fatalities:  / Occupants:  
19540313-5,,Saturday 13 March 1954,,Douglas C-47B-20-DK (DC-3),L'Armée de L'Air,,,, 349931/FRBDW, 27192/15747, 1945,,, 2 Pratt & Whitney R-1830-90C,,Fatalities:  / Occupants: ,Fatalities:  / Occupants: ,,, Damaged beyond repair,,"Dien Bien Phu-Gialam Airport (DIN) (   Vietnam) 
", Unknown (UNK),Military,?,?,,,Fatalities:  / Occupants:  
19540313-6,,Saturday 13 March 1954,,Douglas C-47B-20-DK (DC-3),L'Armée de L'Air,,,, 49949/F-RAYC, 27210/15765, 1945,,, 2 Pratt & Whitney R-1830-90C,,Fatalities:  / Occupants: ,Fatalities:  / Occupants: ,,, Damaged beyond repair,,"Dien Bien Phu-Gialam Airport (DIN) ? (   Vietnam) 
", Unknown (UNK),Military,?,?,,,Fatalities:  / Occupants:  
19540313-7,,Saturday 13 March 1954,,Douglas C-47B-25-DK (DC-3),L'Armée de L'Air,,,, 476357/FRAZB, 32689/15941, 1945,,, 2 Pratt & Whitney R-1830-90C,,Fatalities:  / Occupants: ,Fatalities:  / Occupants: ,,, Damaged beyond repair,,"Dien Bien Phu-Gialam Airport (DIN) ? (   Vietnam) 
", Unknown (UNK),Military,?,?,,,Fatalities:  / Occupants:  
19540314-0,,Sunday 14 March 1954,,Douglas C-47A-5-DK (DC-3),Queensland Airlines,,,, VH-BBV, 12360, 1944,,, 2 Pratt & Whitney R-1830-92,,Fatalities: 2 / Occupants: 2,Fatalities: 0 / Occupants: 0,,, Damaged beyond repair,,"off Mackay Airport, QLD (MKY) (   Australia) 
", En route (ENR),Cargo,"Mackay Airport, QLD (MKY/YBMK), Australia","Rockhampton Airport, QLD (ROK/YBRK), Australia",,,Fatalities: 2 / Occupants: 2 
19540314-1,,Sunday 14 March 1954,,Fairchild C-119G Flying Boxcar,United States Air Force - USAF,,,, 52-5908, 11087, ,,,,,Fatalities: 0 / Occupants: 0,Fatalities: 0 / Occupants: 0,,, Damaged beyond repair,,"Fort Benning-Lawson AFB, GA (LSF) (   United States of America) 
", Standing (STD),-,-,-,,,Fatalities: 0 / Occupants: 0 
19540316-0,,Tuesday 16 March 1954,08:38,Convair CV-340-35,Continental Air Lines,,,, N90853,  44, 1953,,,,,Fatalities: 0 / Occupants: 3,Fatalities: 0 / Occupants: 8,,, Damaged beyond repair,,"4 km (2.5 mls) NE of Midland, TX (   United States of America) 
", Initial climb (ICL),Domestic Scheduled Passenger,"Midland Air Terminal, TX (MAF/KMAF), United States of America","Kansas City (unknown airport), MO, United States of America",  46,,Fatalities: 0 / Occupants: 11 
19540319-0,,Friday 19 March 1954,,Lisunov Li-2P,LOT Polskie Linie Lotnicze,,,, SP-LAH, 18423201, ,,,,,Fatalities: 0 / Occupants: ,Fatalities: 1 / Occupants: ,,, Damaged beyond repair,,"near Gruszowiec (   Poland) 
", En route (ENR),Domestic Scheduled Passenger,"Warszawa-Okecie Airport (WAW/EPWA), Poland","Kraków-Rakowice-Czyzyny Airport (EPKC), Poland",,,Fatalities: 1 / Occupants:  
19540319-1,,Friday 19 March 1954,22:29,Fairchild C-119F-FA Flying Boxcar,United States Air Force - USAF,,,, 51-7993, 10732, ,,, 2 Wright R-3350,,Fatalities: 6 / Occupants: 6,Fatalities: 12 / Occupants: 12,,, Damaged beyond repair,,"near Lothian, MD (   United States of America) 
", En route (ENR),Military,"Washington-Bolling AFB, DC (BOF/KBOF), United States of America","Hempstead Plains-Mitchell Field, NY, United States of America",,,Fatalities: 18 / Occupants: 18 
19540323-0,,Tuesday 23 March 1954,,Fairchild C-119C-17-FA Flying Boxcar,,L'Armée de L'Air,,Civil Air Transport, 186, 10423, ,,,,,Fatalities: 0 / Occupants: ,Fatalities: 0 / Occupants: ,,, Damaged beyond repair,,"Haiphong-Cat Bi Air Base (HPH) (   Vietnam) 
", Takeoff (TOF),Military,"Haiphong-Cat Bi Air Base (HPH/VVCI), Vietnam","Haiphong-Cat Bi Air Base (HPH/VVCI), Vietnam",,,Fatalities: 0 / Occupants:  
19540325-0,,Thursday 25 March 1954,,Douglas C-53-DO (DC-3),Aeronaves de México,,,, XA-GUN, 7358, 1942,,,,,Fatalities: 3 / Occupants: 3,Fatalities: 15 / Occupants: 15,,, Damaged beyond repair,,"16 km (10 mls) N of Monterrey (   Mexico) 
", Approach (APR),Domestic Scheduled Passenger,"Mazatlán Airport (MZT/MMMZ), Mexico","Monterrey-Aeropuerto Del Norte (NTR/MMAN), Mexico",,,Fatalities: 18 / Occupants: 18 
19540325-1,,Thursday 25 March 1954,,Vickers Varsity T.1,Royal Air Force - RAF,,,, WF386, 545, 1951,,, 2 Bristol Hercules 264,,Fatalities: 1 / Occupants: 2,Fatalities: 0 / Occupants: 0,,, Damaged beyond repair,,"1,6 km (1 mls) N of Swinderby RAF Station (   United Kingdom) 
", Approach (APR),Military,?,"Swinderby RAF Station (EGXS), United Kingdom",,,Fatalities: 1 / Occupants: 2 
19540327-0,,Saturday 27 March 1954,,Douglas C-47A-30-DK (DC-3),L'Armée de L'Air,,,, 348267, 25528/14083, 1944,,, 2 Pratt & Whitney R-1830-92,,Fatalities:  / Occupants: ,Fatalities:  / Occupants: ,,, Damaged beyond repair,,"at an unknown location (   Unknown country) 
", Unknown (UNK),Military,?,?,,,Fatalities:  / Occupants:  
19540328-0,,Sunday 28 March 1954,15:00,Boeing-Canada Catalina IVB (PBY-5A),Royal Norwegian Air Force - RNoAF,,,, KK-N, 28129, ,,,,,Fatalities:  / Occupants: ,Fatalities:  / Occupants: ,,, Damaged beyond repair,,"Bear Island (   Norway) 
", En route (ENR),Military,"Tromsø/Langnes Airport (TOS/ENTC), Norway","Tromsø/Langnes Airport (TOS/ENTC), Norway",,,Fatalities: 8 / Occupants: 9 
19540328-1,,Sunday 28 March 1954,,Douglas C-47B-15-DK (DC-3),L'Armée de L'Air,,,, 349434/FRBDC, 26695/15250, 1944,,,,,Fatalities:  / Occupants: ,Fatalities:  / Occupants: ,,, Damaged beyond repair,,"Dien Bien Phu (   Vietnam) 
", Standing (STD),Military,-,-,,,Fatalities:  / Occupants:  
19540330-0,,Tuesday 30 March 1954,ca 10:00,Fairchild C-119F Flying Boxcar,United States Air Force - USAF,,,, 51-2679, 10668, ,,,,,Fatalities: 5 / Occupants: 9,Fatalities: 0 / Occupants: 0,Fatalities: 2,, Damaged beyond repair,,"Fayetteville-Pope AFB, NC (POB) (   United States of America) 
", Takeoff (TOF),Military,"Fayetteville-Pope AFB, NC (POB/KPOB), United States of America","Louisville-Godman AFB, KY, United States of America",,,Fatalities: 5 / Occupants: 9 
19540331-0,,Wednesday 31 March 1954,,Shorts S.26 G Class,private,,,, G-AFCI, S.871, ,,,,,Fatalities: 0 / Occupants: 0,Fatalities: 0 / Occupants: 0,,, Damaged beyond repair,,"River Swale (   United Kingdom) 
", Standing (STD),-,-,-,,,Fatalities: 0 / Occupants: 0 
19540402-0,,Friday 2 April 1954,,Vickers Valetta C.1,Royal Air Force - RAF,,,, VW205, 361, 1949-03-31  (5 years ),,, 2 Bristol Hercules 230,,Fatalities: 3 / Occupants: 3,Fatalities: 0 / Occupants: 0,,, Damaged beyond repair,,"Jebel al Lawz (   Saudi Arabia) 
", En route (ENR),Military,"Baghdad RAF Station, Iraq","Fayid RAF Station, Egypt",,,Fatalities: 3 / Occupants: 3 
19540403-0,,Saturday 3 April 1954,,Douglas C-47A-80-DL (DC-3),Devlet Hava Yollari - DHY,,,, TC-ARK, 19509, 1944,,, 2 Pratt & Whitney R-1830-92,,Fatalities: 5 / Occupants: 5,Fatalities: 20 / Occupants: 20,,, Damaged beyond repair,,"near Adana (   Turkey) 
", En route (ENR),Domestic Scheduled Passenger,"Adana Airport (ADA/LTAF), Turkey","Istanbul-Yesilköy Airport (IST/LTBA), Turkey",,,Fatalities: 25 / Occupants: 25 
19540404-0,,Sunday 4 April 1954,,Douglas C-54A-10-DC (DC-4),Autrex,,,, F-BFGQ, 10341, 1944,,,,,Fatalities: 4 / Occupants: 4,Fatalities: 0 / Occupants: 0,,, Damaged beyond repair,,"near Hanoi-Gia Lam Airport (   Vietnam) 
", Approach (APR),Cargo,?,"Hanoi-Gia Lam Airport (VVGL), Vietnam",,,Fatalities: 4 / Occupants: 4 
19540408-1,Final,Thursday 8 April 1954,10:03 MST,Canadair C-4-1 North Star,Trans-Canada Air Lines - TCAL,,,, CF-TFW, 150, ,,, 4 Rolls-Royce Merlin 622,,Fatalities: 4 / Occupants: 4,Fatalities: 31 / Occupants: 31,Fatalities: 1,Fatalities: 1, Damaged beyond repair,,"Moose Jaw, SK (   Canada) 
", En route (ENR),Domestic Scheduled Passenger,"Winnipeg International Airport, MB (YWG/CYWG), Canada","Vancouver International Airport, BC (YVR/CYVR), Canada",,,Fatalities: 35 / Occupants: 35 
19540408-2,Final,Thursday 8 April 1954,19:10,de Havilland DH-106 Comet 1,,South African Airways - SAA,,British Overseas Airways Corporation - BOAC, G-ALYY, 06011, 1952-09-10  (1 year 7 months),2704,, 4 de Havilland Ghost 50,,Fatalities: 7 / Occupants: 7,Fatalities: 14 / Occupants: 14,,, Destroyed, Written off (damaged beyond repair),"ca 17 km W off San Lucido (   Italy) 
", En route (ENR),International Scheduled Passenger,"Roma-Ciampino Airport (CIA/LIRA), Italy","Cairo-Farouk Airport (CAI/HECA), Egypt", 201,,Fatalities: 21 / Occupants: 21 
19540410-0,,Saturday 10 April 1954,ca 17:30,Douglas C-47-DL (DC-3),Linee Aeree Italiane - LAI,,,, I-LENT, 4548, 1942,,, 2 Pratt & Whitney R-1830-92,,Fatalities: 0 / Occupants: 4,Fatalities: 0 / Occupants: 0,,, Damaged beyond repair,,"Roma-Ciampino Airport (CIA) (   Italy) 
", Takeoff (TOF),Training,"Roma-Ciampino Airport (CIA/LIRA), Italy","Roma-Ciampino Airport (CIA/LIRA), Italy",,,Fatalities: 0 / Occupants: 4 
19540412-0,,Monday 12 April 1954,,Vickers Varsity T.1,Royal Air Force - RAF,,,, WF428, 570, 1952,,, 2 Bristol Hercules 264,,Fatalities: 0 / Occupants: ,Fatalities: 0 / Occupants: ,,, Damaged beyond repair,,"Thorney Island RAF Station (   United Kingdom) 
", Approach (APR),Military,?,"Thorney Island RAF Station, United Kingdom",,,Fatalities: 0 / Occupants:  
19540412-2,,Monday 12 April 1954,,Douglas C-47A-65-DL (DC-3),United States Air Force - USAF,,,, 42-100546, 19009, 1943,,,,,Fatalities:  / Occupants: ,Fatalities:  / Occupants: ,,, Damaged beyond repair,,"Unknown (   Unknown country) 
", Unknown (UNK),Military,?,?,,,Fatalities:  / Occupants:  
19540412-3,,Monday 12 April 1954,,Douglas C-47A-30-DL (DC-3),United States Air Force - USAF,,,, 42-23617, 9479, 1943,,,,,Fatalities:  / Occupants: ,Fatalities:  / Occupants: ,,, Damaged beyond repair,,"Anchorage-Elmendorf AFB, AK (EDF) (   United States of America) 
", Unknown (UNK),Military,?,?,,,Fatalities:  / Occupants:  
19540413-0,,Tuesday 13 April 1954,,Avro 685 York C.1,Scottish Airlines,,,, G-AMUM, Set 65, 1947,,, 4 Rolls-Royce Merlin,,Fatalities: 0 / Occupants: 3,Fatalities: 0 / Occupants: 0,,, Damaged beyond repair,,"Malta-Luqa Airport (MLA) (   Malta) 
", Takeoff (TOF),Unknown,"Malta-Luqa Airport (MLA/LMML), Malta",?,,,Fatalities: 0 / Occupants: 3 
19540413-1,,Tuesday 13 April 1954,,Lockheed C-60A-5-LO Lodestar,Société Indochinoise de Ravitaillement,,,, F-OALK, 18-2603, 1943,,,,,Fatalities: 3 / Occupants: 3,Fatalities: 13 / Occupants: 20,,, Damaged beyond repair,,"Xiengkhouang (   Laos) 
", Takeoff (TOF),Non Scheduled Passenger,?,?,,,Fatalities: 16 / Occupants: 23 
19540413-2,,Tuesday 13 April 1954,ca 13:10,Douglas C-47-DL (DC-3),Fuerza Aérea de Chile,,,, 956, 4470, 1942,,, 2 Pratt & Whitney R-1830-92,,Fatalities: 5 / Occupants: 5,Fatalities: 9 / Occupants: 9,,, Damaged beyond repair,,"near Batuco (   Chile) 
", En route (ENR),Military,"Santiago (unknown airport), Chile","Iquique-Chucumata Airport (IQQ/SCDA), Chile",,,Fatalities: 14 / Occupants: 14 
19540417-0,,Saturday 17 April 1954,,Kaiser-Frazer C-119F Flying Boxcar,United States Air Force - USAF,,,, 51-8133, 136, ,,,,,Fatalities: 0 / Occupants: 2,Fatalities: 0 / Occupants: 0,,, Damaged beyond repair,,"Birmingham Airport, AL (BHM) (   United States of America) 
", Taxi (TXI),Military,-,-,,,Fatalities: 0 / Occupants: 2 
19540420-0,,Tuesday 20 April 1954,,Kaiser-Frazier C-119F Flying Boxcar,United States Air Force - USAF,,,, 51-8153, 156, ,,,,,Fatalities: 7 / Occupants: 7,Fatalities: 0 / Occupants: 0,,, Damaged beyond repair,,"20 km (12.5 mls) NW of Burbank Airport, CA (BUR) (   United States of America) 
", Approach (APR),Military,"Chandler-Williams AFB, AZ (CHD/KIWA), United States of America","Burbank Airport, CA (BUR/KBUR), United States of America",,,Fatalities: 7 / Occupants: 7 
19540422-0,,Thursday 22 April 1954,,Fairchild C-119G Flying Boxcar,United States Air Force - USAF,,,, 52-5904, 11071, ,,,,,Fatalities: 2 / Occupants: 4,Fatalities: 0 / Occupants: 0,,, Damaged beyond repair,,"10 km (6.3 mls) NNW of Beulaville, NC (   United States of America) 
", En route (ENR),Military,"Goldsboro-Seymour Johnson AFB, NC (GSB/KGSB), United States of America","Goldsboro-Seymour Johnson AFB, NC (GSB/KGSB), United States of America",,,Fatalities: 2 / Occupants: 4 
19540423-0,,Friday 23 April 1954,,Douglas C-47A-5-DK (DC-3),Aerolineas Argentinas,,,, LV-ACX, 12387, 1944,,, 2 Pratt & Whitney R-1830-92,,Fatalities: 4 / Occupants: 4,Fatalities: 21 / Occupants: 21,,, Damaged beyond repair,,"Sierra del Vilgo, CD (   Argentina) 
", Approach (APR),Domestic Scheduled Passenger,"Mendoza-El Plumerillo Airport, MD (MDZ/SAME), Argentina","Córdoba-Pajas Blancas Airport, CD (COR/SACO), Argentina",,,Fatalities: 25 / Occupants: 25 
19540424-0,,Saturday 24 April 1954,,SNCASE SE.161 Languedoc,Misrair,,,, SU-AHZ, 19, 1945,,,,,Fatalities: 0 / Occupants: 5,Fatalities: 0 / Occupants: 17,,, Damaged beyond repair,,"Damascus International Airport (DAM) (   Syria) 
", Landing (LDG),Scheduled Passenger,?,"Damascus International Airport (DAM/OSDI), Syria",,,Fatalities: 0 / Occupants: 22 
19540425-0,,Sunday 25 April 1954,,Douglas C-47-DL (DC-3),Autrex,,,, F-BCYJ, 4572, 1942,,, 2 Pratt & Whitney R-1830-92,,Fatalities: 0 / Occupants: 2,Fatalities: 0 / Occupants: 0,,, Damaged beyond repair,,"Nam Bac (   Laos) 
", Landing (LDG),Unknown,?,"Nam Bac Airfield, Laos",,,Fatalities: 0 / Occupants: 2 
19540426-0,,Monday 26 April 1954,,de Havilland Canada DHC-3 Otter,Royal Canadian Air Force - RCAF,,,, 3672, 27, ,,,,,Fatalities:  / Occupants: ,Fatalities:  / Occupants: ,,, Damaged beyond repair,,"Churchill, MB (   Canada) 
", Unknown (UNK),Military,?,?,,,Fatalities:  / Occupants:  
19540430-0,,Friday 30 April 1954,09:18,Douglas C-47A-DL (DC-3),Darbhanga Aviation,,,, VT-DEM, 13792, 1944,,, 2 Pratt & Whitney R-1830-92,,Fatalities: 3 / Occupants: 3,Fatalities: 2 / Occupants: 8,,, Damaged beyond repair,,"1 km (0.6 mls) S of Calcutta-Dum Dum Airport (CCU) (   India) 
", Initial climb (ICL),Domestic Non Scheduled Passenger,"Calcutta-Dum Dum Airport (CCU/VECC), India","Balurghat Airport (RGH/VEBG), India",,,Fatalities: 5 / Occupants: 11 
