Identifiant:,Status:,Date:,Time:,Type:,Operator:,Operating for:,On behalf of:,Leased from:,Registration:,C/n / msn:,First flight:,Total airframe hrs:,Year built:,Engines:,Cycles:,Crew:,Passengers:,Ground casualties:,Collision casualties:,Aircraft damage:,Aircraft fate:,Location:,Phase:,Nature:,Departure airport:,Destination airport:,Flightnumber:,Probable cause:,Total:
19760627-0,,Sunday 27 June 1976,,Boeing 720-047B,Middle East Airlines - MEA,,,, OD-AGE, 18963/433, 1965-07-18  (11 years),,, 4 Pratt & Whitney JT3D-3B,,Fatalities: 1 / Occupants: 3,Fatalities: 0 / Occupants: 0,,, Damaged beyond repair,,"Beirut International Airport (BEY) (   Lebanon) 
", Standing (STD),International Scheduled Passenger,?,"Beirut Airport (BEY/OLBA), Lebanon",,,Fatalities: 1 / Occupants: 3 
19760627-1,,Sunday 27 June 1976,ca 12:30,Airbus A300B4-203,Air France,,,, F-BVGG, 019, 1975-11-11  (8 months),,, 2 General Electric CF6-50C2,,Fatalities: 0 / Occupants: 12,Fatalities: 0 / Occupants: 242,,, Unknown, Repaired,"Entebbe Airport (EBB) (   Uganda) 
", En route (ENR),International Scheduled Passenger,"Athens-Ellinikon International Airport (ATH/LGAT), Greece","Paris-Charles de Gaulle Airport (CDG/LFPG), France",AF139,,Fatalities: 0 / Occupants: 254 
19760627-2,,Sunday 27 June 1976,,Antonov An-2R,Aeroflot / Ukraine,,,, CCCP-70481, 1G143-60, 1973,2406,,,9391,Fatalities: 1 / Occupants: 1,Fatalities: 0 / Occupants: 0,,, Damaged beyond repair,,"Amangeldy, Komsomolski District, Aktyubinsk Region (   Kazakhstan) 
", Takeoff (TOF),Illegal Flight,?,?,,,Fatalities: 1 / Occupants: 1 
19760629-0,,Tuesday 29 June 1976,,Learjet 24D,Construcciones Protexa,,,, XB-JOY, 24-263, ,,,,,Fatalities: 2 / Occupants: 2,Fatalities: 2 / Occupants: 2,,, Damaged beyond repair,,"near Mexico City (   Mexico) 
", Approach (APR),Unknown,"Monterrey (unknown airport), Mexico","Mexico City-Benito Juárez International Airport (MEX/MMMX), Mexico",,,Fatalities: 4 / Occupants: 4 
19760630-0,,Wednesday 30 June 1976,,Antonov An-2R,"Aeroflot, Central Region Civil Aviation Directorate",,,, CCCP-70531, 1G145-07, 1973,2487,,,10995,Fatalities: 2 / Occupants: 2,Fatalities: 1 / Occupants: 1,,, Damaged beyond repair,,"within Valikhanovskiy District (   Kazakhstan) 
", En route (ENR),Test,?,?,,,Fatalities: 3 / Occupants: 3 
19760702-0,,Friday 2 July 1976,,Lockheed L-188A Electra,Eastern Air Lines,,,, N5531, 1055, 1959,,,,,Fatalities: 0 / Occupants: 0,Fatalities: 0 / Occupants: 0,,, Damaged beyond repair,,"Boston-Logan International Airport, MA (BOS) (   United States of America) 
", Standing (STD),-,-,-,,,Fatalities: 0 / Occupants: 0 
19760703-0,,Saturday 3 July 1976,,Douglas C-47 (DC-3),Tatmadaw Lei (Burmese Air Force),,,, registration unknown, , ,,,,,Fatalities: 7 / Occupants: 7,Fatalities: 10 / Occupants: 10,,, Damaged beyond repair,,"near Daiku (   Myanmar) 
", En route (ENR),Military,"Keng Tung Airport (KET/VYKG), Myanmar","Yangon-Mingaladon Airport (RGN/VYYY), Myanmar",,,Fatalities: 17 / Occupants: 17 
19760706-0,,Tuesday 6 July 1976,,Boeing 727,Libyan Arab Airlines,,,, registration unknown, , ,,,,,Fatalities: 0 / Occupants: ,Fatalities: 0 / Occupants: ,,, Unknown,,"Palma de Mallorca (   Spain) 
", Unknown (UNK),Unknown,"Tripoli International Airport (TIP/HLLT), Libya","Benghazi-Benina International Airport (BEN/HLLB), Libya",,,Fatalities: 0 / Occupants:  
19760711-0,,Sunday 11 July 1976,,Antonov An-2,Aeroflot / Ukraine,,,, CCCP-62439, 1G41-09, 1963,,,,,Fatalities: 0 / Occupants: ,Fatalities: 0 / Occupants: ,,, Damaged beyond repair,,"Sivash Lagoon (   Russia) 
", Unknown (UNK),Unknown,?,?,,,Fatalities: 0 / Occupants:  
19760714-0,,Wednesday 14 July 1976,,Lisunov Li-2,MAP Kazan APO,,,, CCCP-13369, 18440410, 1951,4946,,,,Fatalities: 0 / Occupants: ,Fatalities: 0 / Occupants: ,,, Damaged beyond repair,,"Tashkent-Yuzhny Airport (TAS) (   Uzbekistan) 
", Initial climb (ICL),Unknown,"Tashkent-Yuzhny Airport (TAS/UTTT), Uzbekistan",?,,,Fatalities: 0 / Occupants:  
19760715-0,,Thursday 15 July 1976,,Antonov An-2P,"Aeroflot, West Siberia Civil Aviation Directorate",,,, CCCP-05840, 1G16-01, 1962,,,,,Fatalities: 0 / Occupants: ,Fatalities: 0 / Occupants: ,,, Damaged beyond repair,,"near Barnaul (   Russia) 
", En route (ENR),Unknown,?,"Barnaul Airport (BAX/UNBB), Russia",,,Fatalities: 0 / Occupants:  
19760717-1,,Saturday 17 July 1976,,Tupolev Tu-104A,"Aeroflot, East Siberia Civil Aviation Directorate",,,, CCCP-42335, 76600501, 1957,,, 2 Mikulin AM-3M,,Fatalities: 0 / Occupants: 7,Fatalities: 0 / Occupants: 110,,, Damaged beyond repair,,"0,3 km (0.2 mls) W of Chita Airport (HTA) (   Russia) 
", Takeoff (TOF),Domestic Scheduled Passenger,"Chita Airport (HTA/UIAA), Russia","Novosibirsk-Tolmachevo Airport (OVB/UNNN), Russia",,,Fatalities: 0 / Occupants: 117 
19760722-0,,Thursday 22 July 1976,09:05,Volpar Turboliner II,Winship Air Services,,,, N600WA, BA-463, ,,,,,Fatalities: 2 / Occupants: 2,Fatalities: 3 / Occupants: 3,,, Destroyed, Written off (damaged beyond repair),"near Dutch Harbor, AK (   United States of America) 
", Approach (APR),Private,"Cold Bay Airport, AK (CDB/PACD), United States of America","Dutch Harbor NAS, AK (DUT/PADU), United States of America",,,Fatalities: 5 / Occupants: 5 
19760723-0,,Friday 23 July 1976,,Antonov An-2R,"Aeroflot, Moscow SPiMVL",,,, CCCP-35088, 1G112-04, ,4695,,,14777,Fatalities:  / Occupants: ,Fatalities:  / Occupants: ,,, Damaged beyond repair,,"near Sokol'skoye (   Russia) 
", Unknown (UNK),Unknown,?,?,,,Fatalities:  / Occupants:  
19760723-1,,Friday 23 July 1976,,de Havilland Canada DHC-3 Otter,Ontario Ministry of Natural Resources,,,, C-FODP, 103, 1956,,,,,Fatalities: 0 / Occupants: 1,Fatalities: 0 / Occupants: 4,,, Damaged beyond repair,,"Nym Lake, ON (   Canada) 
", Takeoff (TOF),Unknown,?,?,,,Fatalities: 0 / Occupants: 5 
19760724-0,,Saturday 24 July 1976,18:52,Fokker F-27 Friendship 100,Indian Airlines,,,, VT-DMD, 10174, 1961,32677,,,27978,Fatalities: 0 / Occupants: 4,Fatalities: 0 / Occupants: 19,,, Damaged beyond repair,,"Bhubaneswar Airport (BBI) (   India) 
", Landing (LDG),Scheduled Passenger,?,"Bhubaneswar Airport (BBI/VEBS), India",,,Fatalities: 0 / Occupants: 23 
19760726-0,,Monday 26 July 1976,,Antonov An-2R,"Aeroflot, North Kavkaz Civil Aviation Directorate",,,, CCCP-07285, 1G148-46, 1973,,,,,Fatalities: 0 / Occupants: ,Fatalities: 0 / Occupants: ,,, Damaged beyond repair,,"near Astrakhan (   Russia) 
", Unknown (UNK),Unknown,?,?,,,Fatalities: 0 / Occupants:  
19760728-0,,Wednesday 28 July 1976,,Britten-Norman BN-2A Islander,TAP Regional,,,, CS-AJQ, 68, 1969-04-18  (7 years 3 months),,,,,Fatalities: 0 / Occupants: ,Fatalities: 0 / Occupants: ,,, Damaged beyond repair,,"Covilhã Airport (COV) (   Portugal) 
", Takeoff (TOF),Domestic Scheduled Passenger,"Covilhã Airport (COV/LPCV), Portugal","Lisboa-Portela de Sacavém Airport (LIS/LPPT), Portugal",,,Fatalities: 0 / Occupants:  
19760728-1,,Wednesday 28 July 1976,09:37,Ilyushin Il-18V,CSA Ceskoslovenské Aerolinie,,,, OK-NAB, 189001605, 1959,,, 4 Ivchenko AI-20K,,Fatalities: 6 / Occupants: 6,Fatalities: 70 / Occupants: 73,,, Destroyed, Written off (damaged beyond repair),"1,5 km (0.9 mls) NW of Bratislava-Ivanka Airport (BTS) (   Slovakia) 
", Approach (APR),Domestic Scheduled Passenger,"Praha-Ruzyne International Airport (PRG/LKPR), Czech Republic","Bratislava-Ivanka Airport (BTS/LZIB), Slovakia",001,,Fatalities: 76 / Occupants: 79 
19760802-1,,Monday 2 August 1976,,Boeing 707-373C,Korean Air Lines - KAL,,,, HL7412, 19715/642, 1967,,, 4 Pratt & Whitney JT3D-3B,,Fatalities: 5 / Occupants: 5,Fatalities: 0 / Occupants: 0,,, Damaged beyond repair,,"17 km (10.6 mls) WNW of Tehran-Mehrabad Airport (THR) (   Iran) 
", En route (ENR),Cargo,"Tehran-Mehrabad Airport (THR/OIII), Iran","Seoul-Gimpo (Kimpo) International Airport (SEL/RKSS), South Korea",,,Fatalities: 5 / Occupants: 5 
19760803-0,,Tuesday 3 August 1976,,Britten-Norman BN-2 Defender,Sultanate of Oman Air Force,,,, 304, 413, 1974-11-12  (1 year 9 months),,,,,Fatalities:  / Occupants: ,Fatalities:  / Occupants: ,,, Damaged beyond repair,,"off Salalah (   Oman) 
", En route (ENR),Military,?,?,,,Fatalities: 1 / Occupants: 5 
19760803-1,,Tuesday 3 August 1976,,Antonov An-2R,"Aeroflot, Central Region Civil Aviation Directorate",,,, CCCP-70190, 1G138-08, ,,,,,Fatalities:  / Occupants: ,Fatalities:  / Occupants: ,,, Damaged beyond repair,,"near Popovka (   Russia) 
", Unknown (UNK),Unknown,?,?,,,Fatalities:  / Occupants:  
19760806-0,Final,Friday 6 August 1976,11:03,GAF Nomad N.24,Government Aircraft Factories - GAF,,,, [VH-SUZ],  10, 1975,139,, 2 Allison 250-B17B,,Fatalities: 2 / Occupants: 3,Fatalities: 0 / Occupants: 0,,, Destroyed, Written off (damaged beyond repair),"Avalon Airport, VIC (AVV) (   Australia) 
", Initial climb (ICL),Test,"Avalon Airport, VIC (AVV/YMAV), Australia","Avalon Airport, VIC (AVV/YMAV), Australia", 128,,Fatalities: 2 / Occupants: 3 
19760807-0,,Saturday 7 August 1976,02:30,Dassault Falcon 20C,Hansa Jet Corp.,,,, N888AR, 33, 1966,,,,,Fatalities: 2 / Occupants: 2,Fatalities: 1 / Occupants: 1,,, Damaged beyond repair,,"20 km (12.5 mls) WSW of Chilpancingo (   Mexico) 
", En route (ENR),Executive,"Houston (unknown airport), TX, United States of America","Acapulco-Alvarez International Airport (ACA/MMAA), Mexico",,,Fatalities: 3 / Occupants: 3 
19760809-0,,Monday 9 August 1976,06:30,Hawker Siddeley HS-748-260 Srs. 2A,SATENA,,,, FAC-1101, 1702, 1971,,,,,Fatalities: 0 / Occupants: 5,Fatalities: 0 / Occupants: 27,,, Substantial, Repaired,"Bogotá-Eldorado Airport (BOG) (   Colombia) 
", Landing (LDG),Domestic Scheduled Passenger,"Cúcuta-Camilo Daza Airport (CUC/SKCC), Colombia","Bogotá-Eldorado Airport (BOG/SKBO), Colombia",,,Fatalities: 0 / Occupants: 32 
19760809-2,,Monday 9 August 1976,ca 12:30,Douglas C-54E-15-DO (DC-4),Ejército del Aire,,,, T.4-11, 27344, 1945,,,,,Fatalities:  / Occupants: ,Fatalities:  / Occupants: ,,, Damaged beyond repair,,"Vejer de la Frontera (   Spain) 
", En route (ENR),Military,"Madrid/Getafe Airport (LEGT), Spain","Las Palmas-Gando Air Base (LPA/GCLP), Spain",,,Fatalities: 12 / Occupants: 32 
19760813-0,,Friday 13 August 1976,,Antonov An-24B,"Aeroflot, Kazakstan Civil Aviation Directorate",,,, CCCP-47734, 69901002, 1966,,,,,Fatalities: 0 / Occupants: 5,Fatalities: 0 / Occupants: 38,,, Damaged beyond repair,,"Guryev Airport (GUW) (   Kazakhstan) 
", Landing (LDG),Domestic Scheduled Passenger,?,"Guryev Airport (GUW/UAGZ), Kazakhstan",,,Fatalities: 0 / Occupants: 43 
19760815-0,,Sunday 15 August 1976,ca 08:35,Vickers 785D Viscount,SAETA,,,, HC-ARS, 377, 1958,,,,,Fatalities: 4 / Occupants: 4,Fatalities: 55 / Occupants: 55,,, Damaged beyond repair,,"Chimborazo Volcano (   Ecuador) 
", En route (ENR),Domestic Scheduled Passenger,"Quito-Mariscal Sucre Airport (UIO/SEQU), Ecuador","Cuenca Airport (CUE/SECU), Ecuador", 232,,Fatalities: 59 / Occupants: 59 
19760816-0,,Monday 16 August 1976,,Boeing 720-047B,Avianca,,,, HK-723, 18061/197, 1961-03-23  (15 years 5 months),,, 4 Pratt & Whitney JT3D-3B,,Fatalities: 0 / Occupants: ,Fatalities: 0 / Occupants: ,,, Damaged beyond repair,,"Mexico City-Juarez International Airport (MEX) (   Mexico) 
", Landing (LDG),International Scheduled Passenger,"Bogotá-Eldorado Airport (BOG/SKBO), Colombia","Mexico City-Benito Juárez International Airport (MEX/MMMX), Mexico",,,Fatalities: 0 / Occupants: 127 
19760816-1,Final,Monday 16 August 1976,06:32,Beechcraft 99 Airliner,Bar Harbor Airlines,,,, N200WP, U-3, 1968,,,,,Fatalities: 0 / Occupants: 1,Fatalities: 0 / Occupants: 0,,, Damaged beyond repair,,"ca 5 km NE Bar Harbor Airport, ME (BHB) (   United States of America) 
", Approach (APR),Ferry/positioning,"Bangor International Airport, ME (BGR/KBGR), United States of America","Bar Harbor Airport, ME (BHB/KBHB), United States of America",,,Fatalities: 0 / Occupants: 1 
19760818-0,,Wednesday 18 August 1976,,de Havilland Canada DHC-3 Otter,RCMP-GRC Air Services,,,, C-FMPW, 271, 1959,,,,,Fatalities: 0 / Occupants: 1,Fatalities: 0 / Occupants: 1,,, Damaged beyond repair,,"Ile à la Crosse, SK (   Canada) 
", En route (ENR),Unknown,"Prince Albert Airport, SK (YPA/CYPA), Canada","Buffalo Narrows Airport, SK (YVT/CYVT), Canada",,,Fatalities: 0 / Occupants: 2 
19760821-1,,Saturday 21 August 1976,17:30,Convair CV-880-22M-3,Airtrust Singapore,,,, N48060, 22-00-47M, 1962,,,,,Fatalities: 0 / Occupants: 4,Fatalities: 0 / Occupants: 5,,, Damaged beyond repair,,"Singapore-Seletar Airport (XSP) (   Singapore) 
", Takeoff (TOF),Ferry/positioning,"Singapore-Seletar Airport (XSP/WSSL), Singapore","Singapore-Paya Lebar International Airport (SIN/WSAP), Singapore",,,Fatalities: 0 / Occupants: 9 
19760823-0,,Monday 23 August 1976,,Boeing 737-266,EgyptAir,,,, registration unknown, , ,,,,,Fatalities: 0 / Occupants: 6,Fatalities: 0 / Occupants: 95,,, Unknown,,"Luxor Airport (LXR) (   Egypt) 
", En route (ENR),Domestic Scheduled Passenger,"Cairo International Airport (CAI/HECA), Egypt","Luxor Airport (LXR/HELX), Egypt",,,Fatalities: 0 / Occupants: 101 
19760827-0,,Friday 27 August 1976,,Antonov An-2V,"Aeroflot, Tyumen Civil Aviation Directorate",,,, CCCP-79852, 116247310, 1961,,,,,Fatalities: 0 / Occupants: ,Fatalities: 0 / Occupants: ,,, Damaged beyond repair,,"near Beryozovo (   Russia) 
", Unknown (UNK),Unknown,?,?,,,Fatalities: 0 / Occupants:  
19760828-0,,Saturday 28 August 1976,,Canadair CC-106 Yukon (CL-44),Aeronaves del Peru,,,, OB-R-1104, 12, 1961-04-25  (15 years 4 months),,, 4 Rolls-Royce Tyne 515,,Fatalities: 6 / Occupants: 6,Fatalities: 0 / Occupants: 0,,, Missing, Presumed damaged beyond repair,"near Shanisu River (   Peru) 
", En route (ENR),Cargo,"Lima-Callao International Airport (LIM/SPIM), Peru","Caracas Airport (CCS/SVMI), Venezuela",,,Fatalities: 6 / Occupants: 6 
19760828-1,,Saturday 28 August 1976,,Sud Aviation SE-210 Caravelle III,Air France,,,, F-BSGZ,  83, 1961,,,,,Fatalities: 0 / Occupants: ,Fatalities: 1 / Occupants: ,,, Damaged beyond repair,,"Ho Chi Minh City Airport (SGN) (   Vietnam) 
", Standing (STD),International Scheduled Passenger,"Ho Chi Minh City-Tan Son Nhat International Airport (SGN/VVTS), Vietnam","Bangkok-Don Muang International Airport (BKK/VTBD), Thailand",,,Fatalities: 1 / Occupants: 20 
19760828-2,,Saturday 28 August 1976,,Lockheed C-141A-LM Starlifter,United States Air Force - USAF,,,, 67-0006, 300-6257, ,14989,, 4 Pratt & Whitney TF33-P-7,,Fatalities: 4 / Occupants: 4,Fatalities: 14 / Occupants: 14,,, Damaged beyond repair,,"Peterborough (   United Kingdom) 
", En route (ENR),Military,"Wrightstown-McGuire AFB, NJ (WRI/KWRI), United States of America","Mildenhall RAF Station (MHZ/EGUN), United Kingdom",,,Fatalities: 18 / Occupants: 18 
19760828-3,,Saturday 28 August 1976,11:45,Lockheed C-141A-LM Starlifter,United States Air Force - USAF,,,, 67-0008, 300-6259, ,15228,, 4 Pratt & Whitney TF33-P-7,,Fatalities: 7 / Occupants: 8,Fatalities: 16 / Occupants: 19,,, Damaged beyond repair,,"Kangerlussuaq-Søndre Strømfjord Airport (SFJ) (   Greenland) 
", Landing (LDG),Military,"Thule Air Base (THU/BGTL), Greenland","Kangerlussuaq-Søndre Strømfjord Airport (SFJ/BGSF), Greenland",,,Fatalities: 23 / Occupants: 27 
19760902-0,,Thursday 2 September 1976,ca 07:30,McDonnell Douglas DC-9-15,Aeroméxico,,,, XA-SOF, 47124/254, 1968,,, 2 Pratt & Whitney JT8D-7A,,Fatalities: 0 / Occupants: ,Fatalities: 0 / Occupants: ,,, Damaged beyond repair,,"Léon Airport (BJX) (   Mexico) 
", Landing (LDG),Domestic Scheduled Passenger,"Mexico City International Airport (MEX/MMMX), Mexico","Léon/Guanajuato-Del Bajio Airport (BJX/MMLO), Mexico", 152,,Fatalities: 0 / Occupants: 24 
19760903-0,,Friday 3 September 1976,ca 21:45,Lockheed C-130H Hercules,Fuerza Aérea Venezolana - FAV,,,, 7772, 4408, 1971,,,,,Fatalities: 8 / Occupants: 8,Fatalities: 60 / Occupants: 60,,, Damaged beyond repair,,"near Terceira-Lajes Airport, Azores (TER) (   Portugal) 
", Approach (APR),Military,"Bermuda International Airport (BDA/TXKF), Bermuda","Terceira-Lajes Airport, Azores (TER/LPLA), Portugal",,,Fatalities: 68 / Occupants: 68 
19760904-0,,Saturday 4 September 1976,13:37,de Havilland Canada DHC-3 Otter,Austin Airways,,,, CF-MIT, 372, 1960,11573,,,,Fatalities: 1 / Occupants: 1,Fatalities: 9 / Occupants: 9,,, Destroyed, Written off (damaged beyond repair),"Abitibi Canyon near Fraserdale, ON (   Canada) 
", En route (ENR),Domestic Non Scheduled Passenger,"Moosonee Airport, ON (YMO/CYMO), Canada","Timmins/Porcupine Lake Water Aerodrome, ON, Canada",,,Fatalities: 10 / Occupants: 10 
19760904-1,,Saturday 4 September 1976,,McDonnell Douglas DC-9-33RC,KLM Royal Dutch Airlines,,,, PH-DNM, 47191/280, ,,,,,Fatalities: 0 / Occupants: 5,Fatalities: 0 / Occupants: 79,,, None,,"Larnaca Airport (LCA) (   Cyprus) 
", En route (ENR),International Scheduled Passenger,"Nice-Côte d'Azur Airport (NCE/LFMN), France","Amsterdam-Schiphol International Airport (AMS/EHAM), Netherlands",KL366,,Fatalities: 0 / Occupants: 84 
19760904-2,,Saturday 4 September 1976,,Britten-Norman BN-2A-3 Islander,Air Mahé,,,, VQ-SAC, 287, 1971-07-17  (5 years 2 months),,,,,Fatalities: 0 / Occupants: ,Fatalities: 0 / Occupants: ,,, Damaged beyond repair,,"Praslin Island (   Seychelles) 
", Unknown (UNK),Unknown,?,?,,,Fatalities: 0 / Occupants:  
19760907-0,,Tuesday 7 September 1976,,Boeing 707-328,Air France,,,, F-BHSH, 17620/138, 1960,,, 4 Pratt & Whitney JT4A,,Fatalities: 0 / Occupants: 0,Fatalities: 0 / Occupants: 0,,, Damaged beyond repair,,"Ajaccio-Campo Dell'Oro Airport (AJA) (   France) 
", Standing (STD),-,-,-,,,Fatalities: 0 / Occupants: 0 
19760907-1,,Tuesday 7 September 1976,,Douglas C-47-DL (DC-3),Kelowna Flightcraft Air Charter,,,, C-GKFC, 4200, 1942,,, 2 Pratt & Whitney R-1830-92,,Fatalities: 0 / Occupants: 2,Fatalities: 0 / Occupants: 24,,, Damaged beyond repair,,"8 km (5 mls) E of Brockett, BC (   Canada) 
", Landing (LDG),Domestic Non Scheduled Passenger,"Lethbridge Airport, AB (YQL/CYQL), Canada","Vernon Airport, BC (YVE/CYVK), Canada",,,Fatalities: 0 / Occupants: 26 
19760907-2,,Tuesday 7 September 1976,,de Havilland Canada U-1A Otter (DHC-3),Fuerza Aérea Nicaragua,,,, 1011, 121, 1956,,,,,Fatalities: 1 / Occupants: 4,Fatalities: 0 / Occupants: 0,,, Damaged beyond repair,,"La Piragua (   Nicaragua) 
", Landing (LDG),Military,?,?,,,Fatalities: 1 / Occupants: 4 
19760908-0,,Wednesday 8 September 1976,ca 18:00,Canadair CL-215-1A10,Ejército del Aire,,,, UD.13-07, 1035, 1974,,, 2 Pratt & Whitney R-2800-83AM,,Fatalities: 3 / Occupants: 3,Fatalities: 0 / Occupants: 0,,, Damaged beyond repair,,"near Pontevedra (   Spain) 
", Maneuvering (MNV),Fire fighting,"Santiago de Compostela Airport (SCQ/LEST), Spain","Santiago de Compostela Airport (SCQ/LEST), Spain",,,Fatalities: 3 / Occupants: 3 
19760909-0,,Thursday 9 September 1976,,Antonov An-24RV,Aeroflot / Belarus,,,, CCCP-46518, 37308504, 1973,,, 2 Ivchenko AI-24VT,,Fatalities: 5 / Occupants: 5,Fatalities: 41 / Occupants: 41,,Fatalities: 18, Damaged beyond repair,,"37 km (23.1 mls) S off  Anapa [Black Sea] (   Russia) 
", En route (ENR),Domestic Scheduled Passenger,"Donetsk Airport (DOK/UKCC), Ukraine","Adler/Sochi Airport (AER/URSS), Russia",7957,,Fatalities: 46 / Occupants: 46 
19760909-1,,Thursday 9 September 1976,,Yakovlev Yak-40,"Aeroflot, North Kavkaz Civil Aviation Directorate",,,, CCCP-87772, 9030713, 1970,,, 3 Ivchenko AI-25,,Fatalities: 4 / Occupants: 4,Fatalities: 14 / Occupants: 14,,Fatalities: 46, Damaged beyond repair,,"37 km (23.1 mls) S off  Anapa [Black Sea] (   Russia) 
", En route (ENR),Domestic Scheduled Passenger,"Rostov Airport (ROV/URRR), Russia","Kerch Airport (KHC/UKFK), Ukraine",  31,,Fatalities: 18 / Occupants: 18 
19760910-0,Final,Friday 10 September 1976,10:14,Hawker Siddeley HS-121 Trident 3B,British Airways,,,, G-AWZT, 2320, 1972,8627,, 3 Rolls-Royce Spey 512-5W,6952,Fatalities: 9 / Occupants: 9,Fatalities: 54 / Occupants: 54,,Fatalities: 113, Destroyed, Written off (damaged beyond repair),"near Vrbovec (   Croatia) 
", En route (ENR),International Scheduled Passenger,"London-Heathrow Airport (LHR/EGLL), United Kingdom","Istanbul-Yesilköy Airport (IST/LTBA), Turkey",BE475,,Fatalities: 63 / Occupants: 63 
19760910-1,Final,Friday 10 September 1976,10:14,McDonnell Douglas DC-9-32,Inex-Adria Aviopromet,,,, YU-AJR, 47649/741, 1976,1345,, 2 Pratt & Whitney JT8D-9A,990,Fatalities: 5 / Occupants: 5,Fatalities: 108 / Occupants: 108,,Fatalities: 63, Destroyed, Written off (damaged beyond repair),"near Vrbovec (   Croatia) 
", En route (ENR),Int'l Non Scheduled Passenger,"Split Airport (SPU/LDSP), Croatia","Köln/Bonn Airport (CGN/EDDK), Germany",JP550,,Fatalities: 113 / Occupants: 113 
19760910-2,,Friday 10 September 1976,,Boeing 727,Trans World Airlines - TWA,,,, registration unknown, , ,,,,,Fatalities: 0 / Occupants: ,Fatalities: 0 / Occupants: ,,, None,,"Gander, Reykjavik, France (   France) 
", En route (ENR),Domestic Scheduled Passenger,"New York-La Guardia Airport, NY (LGA/KLGA), United States of America","Chicago-O'Hare International Airport, IL (ORD/KORD), United States of America",TW355,,Fatalities: 0 / Occupants: 92 
19760910-3,,Friday 10 September 1976,,Boeing 737-200,Indian Airlines,,,, registration unknown, , ,,,,,Fatalities: 0 / Occupants: 6,Fatalities: 0 / Occupants: 77,,, None,,"Lahore Airport (LHE) (   Pakistan) 
", En route (ENR),Domestic Scheduled Passenger,"Delhi-Palam Airport (DEL/VIDP), India","Bombay-Santacruz Airport (BOM/VABB), India",,,Fatalities: 0 / Occupants: 83 
19760915-0,,Wednesday 15 September 1976,,Lockheed SP-2E Neptune,"Armada Argentina, Comando de Aviación Naval",,,, 0644/2-P-103, 426-5416, ,,,,,Fatalities: 11 / Occupants: 11,Fatalities: 0 / Occupants: 0,,, Damaged beyond repair,,"Livingston Island (   Antarctica) 
", En route (ENR),Military,"Río Grande Airport, TF (RGA/SAWE), Argentina",?,,,Fatalities: 11 / Occupants: 11 
19760916-0,,Thursday 16 September 1976,,Curtiss C-46D-15-CU Commando,Aerosucre Colombia,,,, HK-1282, 33345, 1945,,,,,Fatalities: 2 / Occupants: 2,Fatalities: 0 / Occupants: 0,,, Missing, Presumed damaged beyond repair,"off Aruba (   Aruba) 
", En route (ENR),Cargo,"Barranquilla-Ernesto Cortissoz Airport (BAQ/SKBQ), Colombia","Aruba-Reina Beatrix Airport (AUA/TNCA), Aruba",,,Fatalities: 2 / Occupants: 2 
19760917-0,,Friday 17 September 1976,09:21,Douglas C-47A-90-DL (DC-3),Madhya Pradesh Government,,,, VT-AXC, 20303, 1944,,,,,Fatalities: 0 / Occupants: 2,Fatalities: 0 / Occupants: 8,,, Damaged beyond repair,,"Bhopal Airport (BHO) (   India) 
", Takeoff (TOF),Official state flight,"Bhopal Airport (BHO/VABP), India","Indore Airport (IDR/VAID), India",,,Fatalities: 0 / Occupants: 10 
19760919-0,,Sunday 19 September 1976,23:15,Boeing 727-2F2,Türk Hava Yollari - THY,,,, TC-JBH, 20982/1087, 1974-11-11  (1 year 10 months),,, 3 Pratt & Whitney JT8D-15,,Fatalities: 8 / Occupants: 8,Fatalities: 146 / Occupants: 146,,, Destroyed, Written off (damaged beyond repair),"near Isparta (   Turkey) 
", Approach (APR),Domestic Scheduled Passenger,"Istanbul-Yesilköy Airport (IST/LTBA), Turkey","Antalya Airport (AYT/LTAI), Turkey",TK452,,Fatalities: 154 / Occupants: 154 
19760922-0,,Wednesday 22 September 1976,,de Havilland Canada DHC-6 Twin Otter 100,Airwest Airlines,,,, C-FAWF,  67, 1967,,, 2 Pratt & Whitney Canada PT6A-20,,Fatalities: 0 / Occupants: 2,Fatalities: 1 / Occupants: 17,,, Damaged beyond repair,,"near Mosher Creek, BC (   Canada) 
", En route (ENR),Domestic Non Scheduled Passenger,"Bella Bella/Shearwater Water Aerodrome, BC (YSX), Canada","Babine Lake, BC, Canada",,,Fatalities: 1 / Occupants: 19 
19760923-0,Preliminary,Thursday 23 September 1976,,Douglas C-47A-90-DL (DC-3),Royal Thai Air Force - RTAF,,,, L2-40/15, 20421, 1944,,, 2 Pratt & Whitney R-1830-92,,Fatalities:  / Occupants: ,Fatalities:  / Occupants: ,,, Damaged beyond repair,,"Sakon Nakhon Airport (SNO) (   Thailand) 
", Takeoff (TOF),Military,"Sakon Nakhon Airport (SNO/VTUI), Thailand",?,,,Fatalities:  / Occupants:  
19760926-0,,Sunday 26 September 1976,ca 08:30,Boeing KC-135A Stratotanker,United States Air Force - USAF,,,, 61-0296, 18203/518, 1962-03-28  (14 years 6 months),6109,, 4 Pratt & Whitney J57-P,,Fatalities:  / Occupants: 5,Fatalities:  / Occupants: 15,,, Damaged beyond repair,,"20 km (12.5 mls) SW of Alpena, MI (   United States of America) 
", En route (ENR),Military,"Marquette-Sawyer International Airport, MI (MQT/KSAW), United States of America","Oscoda-Wurtsmith AFB, MI (OSC), United States of America",,,Fatalities: 15 / Occupants: 20 
19760926-1,,Sunday 26 September 1976,,Learjet 25C,Banco Real,,,, PT-IBR, 25-072, ,,,,,Fatalities: 2 / Occupants: 2,Fatalities: 5 / Occupants: 5,,, Damaged beyond repair,,"2 km (1.3 mls) NW of São Paulo-Viracopos Airport, SP (VCP) (   Brazil) 
", Approach (APR),Executive,"Manaus-Eduardo Gomes International Airport, AM (MAO/SBEG), Brazil","São Paulo-Congonhas Airport, SP (CGH/SBSP), Brazil",,,Fatalities: 7 / Occupants: 7 
19760926-2,Final,Sunday 26 September 1976,10:38,Grumman G-1159 Gulfstream II,Johnson & Johnson Inc.,,,, N500J,  60, 1969,3216,, 2 Rolls-Royce Spey 511-8,,Fatalities: 3 / Occupants: 3,Fatalities: 8 / Occupants: 8,,, Damaged beyond repair,,"Hot Springs-Ingalls Field, VA (HSP) (   United States of America) 
", Approach (APR),Executive,"Trenton-Mercer County Airport, NJ (TTN/KTTN), United States of America","Hot Springs-Ingalls Field, VA (HSP/KHSP), United States of America",,,Fatalities: 11 / Occupants: 11 
19760926-3,,Sunday 26 September 1976,08:00,Antonov An-2P,"Aeroflot, West Siberia Civil Aviation Directorate",,,, CCCP-79868, 116347312, 1961,14812,, 1 Shvetsov ASh-62IR,,Fatalities: 1 / Occupants: 1,Fatalities: 0 / Occupants: 0,Fatalities: 4,, Damaged beyond repair,,"Novosibirsk (   Russia) 
", En route (ENR),Illegal Flight,"Novosibirsk-Severny (North) Airport (UNCC), Russia",-,,,Fatalities: 1 / Occupants: 1 
19760999-0,,xx SEP 1976,,Douglas C-53-DO (DC-3),Ejército del Aire,,,, T.3-57, 4885, 1942,,,,,Fatalities:  / Occupants: ,Fatalities:  / Occupants: ,,, Damaged beyond repair,,"Madrid-Cuatro Vientos Air Base (   Spain) 
", Unknown (UNK),Military,?,?,,,Fatalities:  / Occupants:  
19761002-0,,Saturday 2 October 1976,,Antonov An-2T,"Aeroflot, East Siberia Civil Aviation Directorate",,,, CCCP-01226, 18147304, ,,,,,Fatalities: 0 / Occupants: ,Fatalities: 0 / Occupants: ,,, Damaged beyond repair,,"30 km (18.8 mls) NW of Khoito-Gol, Kyren district (   Russia) 
", En route (ENR),Unknown,?,?,,,Fatalities: 0 / Occupants:  
19761004-0,,Monday 4 October 1976,,Douglas DC-7CF,Emirates Air Transport,,,, TZ-ARC, 45467/970, 1958,,,,,Fatalities: 4 / Occupants: 4,Fatalities: 0 / Occupants: 0,,, Damaged beyond repair,,"140 km (87.5 mls) NNE of Nairobi (   Kenya) 
", En route (ENR),Ferry/positioning,?,"Nairobi (unknown airport), Kenya",,,Fatalities: 4 / Occupants: 4 
19761006-0,,Wednesday 6 October 1976,17:24,Douglas DC-8-43,Cubana de Aviación,,,, CU-T1201, 45611/127, 1961,,, 4 Rolls-Royce Conway 508-12,,Fatalities: 25 / Occupants: 25,Fatalities: 48 / Occupants: 48,,, Destroyed, Written off (damaged beyond repair),"8 km (5 mls) W off  Bridgetown International Airport (BGI) (   Barbados) 
", En route (ENR),International Scheduled Passenger,"Bridgetown-Grantley Adams International Airport (BGI/TBPB), Barbados","Kingston-Norman Manley International Airport (KIN/MKJP), Jamaica",CU455,,Fatalities: 73 / Occupants: 73 
19761012-0,,Tuesday 12 October 1976,01:35,Sud Aviation SE-210 Caravelle VI-N,Indian Airlines,,,, VT-DWN, 231, 1967,,,,,Fatalities: 6 / Occupants: 6,Fatalities: 89 / Occupants: 89,,, Destroyed, Written off (damaged beyond repair),"Bombay-Santacruz Airport (BOM) (   India) 
", Approach (APR),Domestic Scheduled Passenger,"Bombay-Santacruz Airport (BOM/VABB), India","Madras Airport (MAA/VOMM), India", 171,,Fatalities: 95 / Occupants: 95 
19761013-0,,Wednesday 13 October 1976,13:32 EDT,Boeing 707-131F,,Lloyd Aéreo Boliviano - LAB,,Jet Power, N730JP, 17671/48, 1959,,, 4 Pratt & Whitney JT3C-,,Fatalities: 3 / Occupants: 3,Fatalities: 0 / Occupants: 0,Fatalities: 88,, Destroyed, Written off (damaged beyond repair),"0,6 km (0.4 mls) NW of Santa Cruz-El Trompillo Airport (SRZ) (   Bolivia) 
", Initial climb (ICL),Cargo,"Santa Cruz-El Trompillo Airport (SRZ/SLET), Bolivia","Miami International Airport, FL (MIA/KMIA), United States of America",,,Fatalities: 3 / Occupants: 3 
19761013-1,,Wednesday 13 October 1976,,Douglas DC-6B,Ethiopian Airlines,,,, ET-AAZ, 45533/1006, 1958,31473,, 4 Pratt & Whitney R-2800,,Fatalities: 0 / Occupants: ,Fatalities: 0 / Occupants: ,,, Damaged beyond repair,,"Asmara International Airport (ASM) (   Eritrea) 
", Takeoff (TOF),Unknown,"Asmara International Airport (ASM/HAAY), Eritrea",?,,,Fatalities: 0 / Occupants:  
19761013-2,Preliminary,Wednesday 13 October 1976,,Beechcraft A100 King Air,Unknown,,,, XB-NUV, B-128, 1972,,,,,Fatalities: 2 / Occupants: 2,Fatalities: 3 / Occupants: 3,,, Damaged beyond repair,,"ca 50 km NW of San Luis Potosi (   Mexico) 
", En route (ENR),Executive,?,?,,,Fatalities: 5 / Occupants: 5 
19761025-0,,Monday 25 October 1976,ca 07:20,Douglas C-47-DL (Hyper),Taxi Aéreo El Venado,,,, HK-149, 4593, 1942,,,,,Fatalities: 4 / Occupants: 4,Fatalities: 32 / Occupants: 32,,, Damaged beyond repair,,"6,5 km (4.1 mls) from  El Yopal Airport (EYP) (   Colombia) 
", Approach (APR),Domestic Scheduled Passenger,"El Yopal Airport (EYP/SKYP), Colombia","Cúcuta-Camilo Daza Airport (CUC/SKCC), Colombia",,,Fatalities: 36 / Occupants: 36 
19761028-0,,Thursday 28 October 1976,,Embraer EMB-110C Bandeirante,Nordeste Linhas Aéreas,,,, PT-TBA, 110004, 1973,,,,,Fatalities: 2 / Occupants: 2,Fatalities: 0 / Occupants: 5,,, Damaged beyond repair,,"near Petrolina Internacional Airport, PE (PNZ) (   Brazil) 
", En route (ENR),Domestic Scheduled Passenger,"Petrolina Internacional Airport, PE (PNZ/SBPL), Brazil","Recife International Airport, PE (REC/SBRF), Brazil",,,Fatalities: 2 / Occupants: 7 
19761028-1,,Thursday 28 October 1976,,de Havilland Canada DHC-4A Caribou,Abu Dhabi Army Air Wing,,,, 301, 269, 1969,,,,,Fatalities:  / Occupants: ,Fatalities:  / Occupants: ,,, Damaged beyond repair,,"Radum (   United Arab Emirates) 
", Unknown (UNK),Military,?,?,,,Fatalities:  / Occupants:  
19761028-2,,Thursday 28 October 1976,,Ilyushin Il-18,CSA Ceskoslovenské Aerolinie,,,, registration unknown, , ,,,,,Fatalities: 0 / Occupants: ,Fatalities: 0 / Occupants: ,,, Unknown,,"Munich (   Germany) 
", Unknown (UNK),Unknown,"Praha-Ruzyne International Airport (PRG/LKPR), Czech Republic","Bratislava-Ivanka Airport (BTS/LZIB), Slovakia",,,Fatalities: 0 / Occupants: 105 
19761030-0,,Saturday 30 October 1976,,Ilyushin Il-18V,Aeroflot / Uzbekistan,,,, CCCP-75575, 185008004, 1965,26578,, 4 Ivchenko AI-20K,10114,Fatalities: 0 / Occupants: 8,Fatalities: 0 / Occupants: 89,,, Damaged beyond repair,,"Tashkent Airport (TAS) (   Uzbekistan) 
", Landing (LDG),Domestic Scheduled Passenger,?,"Tashkent Airport (TAS/UTTT), Uzbekistan",,,Fatalities: 0 / Occupants: 97 
19761030-1,,Saturday 30 October 1976,,Convair CV-440-88,OMCO Petroleum Co.,,,, N985, 448, 1957,,,,,Fatalities: 0 / Occupants: ,Fatalities: 0 / Occupants: ,,, Damaged beyond repair,,"Cairo International Airport (CAI) (   Egypt) 
", Takeoff (TOF),Unknown,"Cairo International Airport (CAI/HECA), Egypt",?,,,Fatalities: 0 / Occupants:  
19761102-0,,Tuesday 2 November 1976,,Antonov An-2R,Zakladu Uslug Agrolotniczych - ZUA,,,, SP-WNP, 1G155-22, ,,,,,Fatalities:  / Occupants: ,Fatalities:  / Occupants: ,,, Damaged beyond repair,,"Rychnów (   Poland) 
", Unknown (UNK),Unknown,?,?,,,Fatalities:  / Occupants:  
19761104-0,,Thursday 4 November 1976,,Fokker F-27 Friendship 100,Bali International Air Service,,,, PK-KFR, 10142, 1960,9842,,,6033,Fatalities: 4 / Occupants: 5,Fatalities: 25 / Occupants: 33,,, Damaged beyond repair,,"0,9 km (0.6 mls) from  Banjarmasin-Sjamsudin Noor Airport (BDJ) (   Indonesia) 
", Approach (APR),Domestic Scheduled Passenger,"Balikpapan-Sepingan Airport (BPN/WALL), Indonesia","Banjarmasin-Sjamsudin Noor Airport (BDJ/WAOO), Indonesia",,,Fatalities: 29 / Occupants: 38 
19761104-1,,Thursday 4 November 1976,,Tupolev Tu-134A,LOT Polskie Linie Lotnicze,,,, SP-LHD, 48400, ,,,,,Fatalities: 0 / Occupants: ,Fatalities: 0 / Occupants: ,,, Unknown,,"Wien-Schwechat International Airport (VIE) (   Austria) 
", Unknown (UNK),International Scheduled Passenger,"København-Kastrup Airport (CPH/EKCH), Denmark","Warszawa-Okecie Airport (WAW/EPWA), Poland",,,Fatalities: 0 / Occupants:  
19761105-0,,Friday 5 November 1976,,Douglas DC-3,Inair Panama,,,, HP-671, , ,,,,,Fatalities: 2 / Occupants: 2,Fatalities: 0 / Occupants: 0,,, Missing, Presumed damaged beyond repair,"between Curaçao and Port-au-Prince [Caribbean Sea] (   Atlantic Ocean) 
", En route (ENR),Cargo,"Curaçao-Hato International Airport (CUR/TNCC), Curaçao","Port-au-Prince-Mais Gate Airport (PAP/MTPP), Haiti",,,Fatalities: 2 / Occupants: 2 
19761112-1,,Friday 12 November 1976,,Cessna 500 Citation I,Taxi Aéreo Jaragua,,,, PT-KIU, 500-0172, ,,,,,Fatalities: 0 / Occupants: 2,Fatalities: 0 / Occupants: 6,,, Damaged beyond repair,,"Rio de Janeiro-Santos Dumont Airport, RJ (SDU) (   Brazil) 
", Landing (LDG),Executive,"São Paulo (unknown airport), SP, Brazil","Rio de Janeiro-Santos Dumont Airport, RJ (SDU/SBRJ), Brazil",,,Fatalities: 0 / Occupants: 8 
19761112-2,Final,Friday 12 November 1976,08:57,Dassault Falcon 20E,Reynolds Tobacco Co.,,,, N27R, 303, 1974,,,,,Fatalities: 0 / Occupants: 2,Fatalities: 0 / Occupants: 9,,, Damaged beyond repair,,"Naples Airport, FL (APF) (   United States of America) 
", Initial climb (ICL),Executive,"Naples Airport, FL (APF/KAPF), United States of America","Winston-Salem-Smith-Reynolds Airport, NC (INT/KINT), United States of America",,,Fatalities: 0 / Occupants: 11 
19761112-3,,Friday 12 November 1976,,Douglas C-47-DL (DC-3),Indian Air Force - IAF,,,, BJ922, 6078, 1942,,, 2 Pratt & Whitney R-1830-92,,Fatalities:  / Occupants: ,Fatalities:  / Occupants: ,,, Damaged beyond repair,,"at an unknown location (   Unknown country) 
", Unknown (UNK),Military,?,?,,,Fatalities:  / Occupants:  
19761116-0,Final,Tuesday 16 November 1976,17:30 MST,McDonnell Douglas DC-9-14,Texas International Airlines,,,, N9104, 47081/155, 1967,24333,, 2 Pratt & Whitney JT8D-7A,,Fatalities: 0 / Occupants: 5,Fatalities: 0 / Occupants: 81,,, Damaged beyond repair,,"Denver-Stapleton International Airport, CO (DEN) (   United States of America) 
", Takeoff (TOF),Domestic Scheduled Passenger,"Denver-Stapleton International Airport, CO (DEN/KDEN), United States of America","Houston-Intercontinental Airport, TX (IAH/KIAH), United States of America", 987,,Fatalities: 0 / Occupants: 86 
19761118-0,,Thursday 18 November 1976,,Howard 250,Depositor Canales,,,, N519DW, 18-2547, ,,,,,Fatalities:  / Occupants: ,Fatalities:  / Occupants: ,,, Damaged beyond repair,,"Villa de Casas, Tamaulipas (   Mexico) 
", Unknown (UNK),Unknown,?,?,,,Fatalities: 2 / Occupants: 2 
19761119-0,,Friday 19 November 1976,,CASA C-212-A2 Aviocar 100,Força Aérea Portuguesa,,,, 6516, 47, 1975-12-09  (1 years),,,,,Fatalities: 2 / Occupants: 2,Fatalities: 0 / Occupants: 0,,, Damaged beyond repair,,"near Lisboa-Portela de Sacavém Airport (LIS) (   Portugal) 
", Approach (APR),Military,"Tancos Air Base (LPTN), Portugal","Lisboa-Portela de Sacavém Airport (LIS/LPPT), Portugal",,,Fatalities: 2 / Occupants: 2 
19761121-0,,Sunday 21 November 1976,,Lockheed L-100-20 Hercules,Pacific Western Airlines,,,, C-FPWX, 4361, 1969,,, 4 Allison 501-D22A,,Fatalities: 4 / Occupants: 5,Fatalities: 1 / Occupants: 1,,, Damaged beyond repair,,"near Kisangani (   Democratic Republic of the Congo) 
", En route (ENR),Cargo,"Oostende Airport (OST/EBOS), Belgium","Lubumbashi-Karavia Airport (FZQO), Democratic Republic of the Congo",,,Fatalities: 5 / Occupants: 6 
19761122-0,,Monday 22 November 1976,,Shorts SC.7 Skyvan 3-200,Gulf Air,,,, A4O-SI, SH.1865, 1969,,, 2 Garrett TPE331-2-201A,,Fatalities: 0 / Occupants: 1,Fatalities: 0 / Occupants: 1,,, Damaged beyond repair,,"off Das Island (   United Arab Emirates) 
", En route (ENR),Non Scheduled Passenger,?,"Abu Dhabi-Bateen Airport (AUH/OMAD), United Arab Emirates",,,Fatalities: 0 / Occupants: 2 
19761122-1,,Monday 22 November 1976,,MBB HFB-320ECM Hansa Jet,Luftwaffe,,,, 16+22, 1059, 1976-03-01  (9 months),,,,,Fatalities: 5 / Occupants: 5,Fatalities: 0 / Occupants: 0,,, Destroyed, Written off (damaged beyond repair),"Schwabmünchen (   Germany) 
", En route (ENR),Military,?,?,,,Fatalities: 5 / Occupants: 5 
19761123-2,,Tuesday 23 November 1976,ca 09:45,NAMC YS-11A-500,Olympic Airways,,,, SX-BBR, 2156, 1971,,,,,Fatalities: 4 / Occupants: 4,Fatalities: 46 / Occupants: 46,,, Damaged beyond repair,,"19 km (11.9 mls) SE of Kozani-Philippos Airport (KZI) (   Greece) 
", Approach (APR),Domestic Scheduled Passenger,"Athens-Ellinikon International Airport (ATH/LGAT), Greece","Lárisa Airport (LRA/LGLR), Greece", 830,,Fatalities: 50 / Occupants: 50 
19761123-3,,Tuesday 23 November 1976,,Douglas C-47-DL (DC-3),Aerolineas La Paz,,,, CP-755, 4294, 1942,,, 2 Pratt & Whitney R-1830-92,,Fatalities: 0 / Occupants: 3,Fatalities: 0 / Occupants: 1,,, Damaged beyond repair,,"La Paz-El Alto Airport (LPB) (   Bolivia) 
", Landing (LDG),Cargo,?,?,,,Fatalities: 0 / Occupants: 4 
19761128-1,,Sunday 28 November 1976,ca 19:00,Tupolev Tu-104B,"Aeroflot, Northern Civil Aviation Directorate",,,, CCCP-42471, 021204, 1960,22199,, 2 Mikulin AM-3M-500,13336,Fatalities: 5 / Occupants: 5,Fatalities: 67 / Occupants: 67,,, Damaged beyond repair,,"29 km (18.1 mls) from  Moskva-Sheremetyevo (   Russia) 
", En route (ENR),Domestic Scheduled Passenger,"Moskva-Sheremetyevo Airport (SVO/UUEE), Russia","Leningrad-Pulkovo Airport (LED/ULLI), Russia",,,Fatalities: 72 / Occupants: 72 
19761130-2,,Tuesday 30 November 1976,,Douglas C-117B (DC-3),US Department of Agriculture,,,, N2010, 34130/18549, 1945,,,,,Fatalities: 2 / Occupants: 2,Fatalities: 3 / Occupants: 3,,, Damaged beyond repair,,"near Victoria (   Mexico) 
", Maneuvering (MNV),Agricultural,?,?,,,Fatalities: 5 / Occupants: 5 
19761204-0,,Saturday 4 December 1976,,Lockheed C-130H Hercules,Royal Moroccan Air Force,,,, CN-AOB, 4537, 1974,,,,,Fatalities:  / Occupants: ,Fatalities:  / Occupants: ,,, Damaged beyond repair,,"near Laayoune-Hassan I Airport (EUN) (   Morocco) 
", Unknown (UNK),Military,"Laayoune-Hassan I Airport (EUN/GMML), Morocco",?,,,Fatalities:  / Occupants:  
19761207-0,,Tuesday 7 December 1976,,Yakovlev Yak-40,Aeroflot / Ukraine,,,, CCCP-87756, 9020112, 1970,,, 3 Ivchenko AI-25,,Fatalities: 0 / Occupants: 4,Fatalities: 0 / Occupants: 25,,, Damaged beyond repair,,"1,7 km (1.1 mls) from  Armavir (   Russia) 
", Approach (APR),Domestic Scheduled Passenger,"Dnepropetrovsk Airport (DNK/UKDD), Ukraine","Mineralnye Vody Airport (MRV/URMM), Russia", 929,,Fatalities: 0 / Occupants: 29 
19761209-0,,Thursday 9 December 1976,,Howard 500,Red River Ranch Inc.,,,, N80BD, 500-104, 1959,,,,,Fatalities: 2 / Occupants: 2,Fatalities: 0 / Occupants: 0,,, Damaged beyond repair,,"Yosemite National Park, CA (   United States of America) 
", Unknown (UNK),Illegal Flight,?,"Carson City Airport, NV (CSN/KCXP), United States of America",,,Fatalities: 2 / Occupants: 2 
19761210-2,,Friday 10 December 1976,,Douglas C-47A-80-DL (DC-3),Austin Airways,,,, CF-IAX, 19499, 1944,,, 2 Pratt & Whitney R-1830-92,,Fatalities: 0 / Occupants: 2,Fatalities: 0 / Occupants: 6,,, Damaged beyond repair,,"Chisasibi Airport, QC (YKU) (   Canada) 
", Takeoff (TOF),Domestic Non Scheduled Passenger,"Chisasibi Airport, QC (YKU), Canada",?,,,Fatalities: 0 / Occupants: 8 
19761212-1,Final,Sunday 12 December 1976,23:26,de Havilland Canada DHC-6 Twin Otter 300,,,Allegheny Commuter,, N101AC, 262, 1969,,, 2 Pratt & Whitney Canada PT6A-27,,Fatalities: 1 / Occupants: 2,Fatalities: 3 / Occupants: 8,,, Damaged beyond repair,,"Wildwood-Cape May County Airport, NJ (WWD) (   United States of America) 
", Approach (APR),Domestic Scheduled Passenger,"Atlantic City-Bader Field, NJ (AIY/KAIY), United States of America","Wildwood-Cape May County Airport, NJ (WWD/KWWD), United States of America", 977,,Fatalities: 4 / Occupants: 10 
19761214-0,,Tuesday 14 December 1976,,Douglas C-47B-20-DK (DC-3),Ethiopian Airlines,,,, ET-AEJ, 26990/15545, 1944,11976,, 2 Pratt & Whitney R-1830-90C,,Fatalities: 0 / Occupants: 3,Fatalities: 0 / Occupants: 5,,, Damaged beyond repair,,"Oborso (   Ethiopia) 
", Landing (LDG),Scheduled Passenger,?,"Oborso, Ethiopia",,,Fatalities: 0 / Occupants: 8 
19760101-0,,Thursday 1 January 1976,,McDonnell Douglas DC-10-30,Scandinavian Airlines System - SAS,,,, LN-RKA, 46868/171, ,,,,,Fatalities: 0 / Occupants: 13,Fatalities: 0 / Occupants: 0,,, Substantial, Repaired,"København-Kastrup Airport (CPH) (   Denmark) 
", Takeoff (TOF),Ferry/positioning,"København-Kastrup Airport (CPH/EKCH), Denmark",?,,,Fatalities: 0 / Occupants: 13 
19760101-1,,Thursday 1 January 1976,05:30,Boeing 720-023B,Middle East Airlines - MEA,,,, OD-AFT, 18020/165, 1960-09-23  (15 years 3 months),,, 4 Pratt & Whitney JT3D-1-MC7,,Fatalities: 15 / Occupants: 15,Fatalities: 66 / Occupants: 66,,, Destroyed, Written off (damaged beyond repair),"37 km (23.1 mls) NW of Al Qaysumah (   Saudi Arabia) 
", En route (ENR),International Scheduled Passenger,"Beirut International Airport (BEY/OLBA), Lebanon","Dubai Airport (DXB/OMDB), United Arab Emirates",ME438,,Fatalities: 81 / Occupants: 81 
19760102-0,Final,Friday 2 January 1976,06:36,McDonnell Douglas DC-10-30CF,,Saudi Arabian Airlines,,Overseas National Airways - ONA, N1031F, 46825/81, 1973,9848,, 3 General Electric CF6-50C,,Fatalities: 0 / Occupants: 13,Fatalities: 0 / Occupants: 364,,, Destroyed, Written off (damaged beyond repair),"Istanbul-Yesilköy Airport (IST) (   Turkey) 
", Landing (LDG),Int'l Non Scheduled Passenger,"Jeddah International Airport, Saudi Arabia","Ankara-Esenboga Airport (ESB/LTAC), Turkey",SV5130,,Fatalities: 0 / Occupants: 377 
19760103-0,Final,Saturday 3 January 1976,17:58,Learjet 24A,Winship Air Services,,,, N651LJ, 24-125, 1969,,,,,Fatalities: 2 / Occupants: 2,Fatalities: 4 / Occupants: 6,,, Substantial, Written off (damaged beyond repair),"near Anchorage International Airport, AK (ANC) (   United States of America) 
", Approach (APR),Domestic Non Scheduled Passenger,"Deadhorse-Alpine Airstrip, AK (DQH/PALP), United States of America","Anchorage International Airport, AK (ANC/PANC), United States of America",,,Fatalities: 6 / Occupants: 8 
19760103-1,,Saturday 3 January 1976,10:05,Tupolev Tu-124V,"Aeroflot, North Kavkaz Civil Aviation Directorate",,,, CCCP-45037, 2351002, 1962,17014,, 2 Soloviev D-20P,14409,Fatalities: 5 / Occupants: 5,Fatalities: 56 / Occupants: 56,Fatalities: 1,, Damaged beyond repair,,"7 km (4.4 mls) W of Moskva-Vnukovo Airport (VKO) (   Russia) 
", Initial climb (ICL),Domestic Scheduled Passenger,"Moskva-Vnukovo Airport (VKO/UUWW), Russia","Minsk-1 International Airport (MHP/UMMM), Belarus",2003,,Fatalities: 61 / Occupants: 61 
19760105-0,,Monday 5 January 1976,,McDonnell Douglas DC-8-61,Japan Air Lines - JAL,,,, JA8043, 46128/514, 1970,,, 4 Pratt & Whitney JT3D-,,Fatalities: 0 / Occupants: 12,Fatalities: 0 / Occupants: 211,,, None,,"Manila Airport (MNL) (   Philippines) 
", Standing (STD),International Scheduled Passenger,"Manila Airport (MNL/RPLL), Philippines","Tokyo-Haneda Airport (HND/RJTT), Japan",JL768,,Fatalities: 0 / Occupants: 223 
19760106-0,,Tuesday 6 January 1976,,Britten-Norman BN-2A-3 Islander,Caspair,,,, 5Y-AUA, 275, 1971,,,,,Fatalities:  / Occupants: ,Fatalities:  / Occupants: ,,, Substantial, Repaired,"Kimba Ngorongoro (   Tanzania) 
", Unknown (UNK),Unknown,?,?,,,Fatalities:  / Occupants:  
19760107-0,,Wednesday 7 January 1976,,Vickers 806 Viscount,Mandala Airlines,,,, PK-RVK, 260, 1958,,,,,Fatalities: 0 / Occupants: 3,Fatalities: 0 / Occupants: 13,,, Damaged beyond repair,,"Manado-Samratulangi Airport (MDC) (   Indonesia) 
", Landing (LDG),Scheduled Passenger,?,"Manado-Sam Ratulangi Airport (MDC/WAMM), Indonesia",,,Fatalities: 0 / Occupants: 16 
19760108-0,,Thursday 8 January 1976,,Britten-Norman BN-2A-21 Islander,Philippine Aerotransport,,,, RP-C2135, 439, 1975-04-17  (9 months),,,,,Fatalities:  / Occupants: ,Fatalities:  / Occupants: ,,, Damaged beyond repair,,"Mactan Island (   Philippines) 
", Unknown (UNK),Passenger,?,?,,,Fatalities: 7 / Occupants: 7 
19760113-0,,Tuesday 13 January 1976,,Antonov An-24B,"Aeroflot, Uralsk Civil Aviation Directorate",,,, CCCP-47280, 07306410, 1970,11711,,,8920,Fatalities: 0 / Occupants: 5,Fatalities: 0 / Occupants: 39,,, Damaged beyond repair,,"2,1 km (1.3 mls) from  Leningrad-Smolnoye Airport (   Russia) 
", Approach (APR),Domestic Scheduled Passenger,"Riga International Airport (RIX/EVRA), Latvia","Leningrad-Smolnoye Airport (RVH/ULSS), Russia",,,Fatalities: 0 / Occupants: 44 
19760114-0,Final,Wednesday 14 January 1976,18:35,North American-Rockwell Sabreliner 40,Federal Aviation Administration - FAA,,,, N85, 282-97, ,,,,,Fatalities: 1 / Occupants: 3,Fatalities: 0 / Occupants: 0,,, Damaged beyond repair,,"off Recife, PE (   Brazil) 
", Unknown (UNK),Ferry/positioning,"Georgetown-Wideawake Field (ASI/FHAW), St. Helena","Recife International Airport, PE (REC/SBRF), Brazil",,,Fatalities: 1 / Occupants: 3 
19760115-0,,Thursday 15 January 1976,ca 07:00,Douglas C-54A-5-DC (DC-4),Taxi Aéreo El Venado,,,, HK-172, 10280, 1944,,,,,Fatalities: 3 / Occupants: 3,Fatalities: 10 / Occupants: 10,,, Damaged beyond repair,,"30 km (18.8 mls) E of Chipaque (   Colombia) 
", En route (ENR),Domestic Non Scheduled Passenger,"Bogotá-Eldorado Airport (BOG/SKBO), Colombia","La Macarena Airport (LMC), Colombia",,,Fatalities: 13 / Occupants: 13 
19760117-1,,Saturday 17 January 1976,,Handley Page HPR-7 Herald 401,Royal Malaysian Air Force - RMAF,,,, FM1025, 181, 1964,,, 2 Rolls-Royce Dart (series unknown),,Fatalities: 0 / Occupants: 3,Fatalities: 0 / Occupants: 22,,, Damaged beyond repair,,"Kuala Lumpur Subang International Airport (KUL) (   Malaysia) 
", Landing (LDG),Military,"Kuching Airport (KCH/WBGG), Malaysia","Kuala Lumpur-Simpang Air Base (WMKF), Malaysia",,,Fatalities: 0 / Occupants: 25 
19760118-1,,Sunday 18 January 1976,15:44,Douglas C-47-DL (DC-3),Frigorifico Maniqui,,,, CP-573, 4682, 1942,,, 2 Pratt & Whitney R-1830-92,,Fatalities: 3 / Occupants: 3,Fatalities: 4 / Occupants: 7,,, Damaged beyond repair,,"3 km (1.9 mls) from  San Borja-Capitan G Q Guardia Airport (SRJ) (   Bolivia) 
", Landing (LDG),Domestic Non Scheduled Passenger,"San Borja-Capitan G.Q. Guardia Airport (SRJ/SLSB), Bolivia",?,,,Fatalities: 7 / Occupants: 10 
19760120-0,,Tuesday 20 January 1976,ca 07:30,Hawker Siddeley HS-748-246 Srs. 2A,TAME Ecuador,,,, HC-AUE/683, 1683, 1970,,,,,Fatalities: 6 / Occupants: 6,Fatalities: 28 / Occupants: 36,,, Damaged beyond repair,,"near Loja (   Ecuador) 
", En route (ENR),Domestic Scheduled Passenger,"Loja Airport (LOH/SELO), Ecuador","Guayaquil-Simon Bolivar Airport (GYE/SEGU), Ecuador",,,Fatalities: 34 / Occupants: 42 
19760121-0,,Wednesday 21 January 1976,,Antonov An-24,CAAC,,,, B-492, , 1973,,,,,Fatalities:  / Occupants: ,Fatalities:  / Occupants: ,,, Damaged beyond repair,,"near Changsha-Huanghua Airport (CSX) (   China) 
", Approach (APR),Domestic Scheduled Passenger,"Guangzhou-Baiyun Airport (CAN/ZGGG), China","Changsha-Huanghua Airport (CSX/ZGHA), China",,,Fatalities: 40 / Occupants: 40 
19760122-0,,Thursday 22 January 1976,,Dassault Falcon 20C,L'Armée de L'Air,,,, 154/F-RAFK, 154, 1968,,,,,Fatalities:  / Occupants: ,Fatalities:  / Occupants: ,,, Damaged beyond repair,,"Rambouillet (   France) 
", Unknown (UNK),Military,"Villacoublay Air Base (BA 107) (LFPV), France","Toulouse-Francazal Air Base (BA 101) (LFBF), France",,,Fatalities: 5 / Occupants: 5 
19760122-1,,Thursday 22 January 1976,,Embraer EMB-110C Bandeirante,Transbrasil,,,, PT-TBD, 110011, 1973,,,,,Fatalities: 2 / Occupants: 2,Fatalities: 5 / Occupants: 7,,, Damaged beyond repair,,"Chapecó Airport, SC (XAP) (   Brazil) 
", Takeoff (TOF),Domestic Scheduled Passenger,"Chapecó Airport, SC (XAP/SBCH), Brazil","Erechim-Comandante Kraemer Airport, RS (ERM/SSER), Brazil", 107,,Fatalities: 7 / Occupants: 9 
19760122-2,,Thursday 22 January 1976,,Shin Meiwa PS-1,Japan Maritime Self Defence Force - JMSDF,,,, 5805, 1005, ,,,,,Fatalities:  / Occupants: ,Fatalities:  / Occupants: ,,, Damaged beyond repair,,"at an unknown location (   Japan) 
", Unknown (UNK),Military,?,?,,,Fatalities:  / Occupants:  
19760123-0,,Friday 23 January 1976,,Hawker Siddeley HS-748-216 Srs. 2A,Bouraq Indonesia Airlines,,,, PK-IHD, 1700, 1971,,,,,Fatalities: 0 / Occupants: 5,Fatalities: 0 / Occupants: 27,,, Damaged beyond repair,,"Palu Airport (PLW) (   Indonesia) 
", Landing (LDG),Domestic Scheduled Passenger,"Balikpapan-Sepingan Airport (BPN/WALL), Indonesia","Palu-Mutiara Airport (PLW/WAML), Indonesia",,,Fatalities: 0 / Occupants: 32 
19760127-0,,Tuesday 27 January 1976,,Douglas DC-6A,Aerotécnicos Asociados de México,,,, XA-RIO, 44908/691, 1956,,,,,Fatalities: 4 / Occupants: 4,Fatalities: 0 / Occupants: 0,,, Damaged beyond repair,,"25 km (15.6 mls) N of Cozumel Airport (CZM) (   Mexico) 
", En route (ENR),Ferry/positioning,"Cozumel Airport (CZM/MMCZ), Mexico","Mexico City International Airport (MEX/MMMX), Mexico",,,Fatalities: 4 / Occupants: 4 
19760129-0,,Thursday 29 January 1976,,Douglas C-47D,Ejército del Aire,,,, T.3-32, 26899/15454, 1944,,, 2 Pratt & Whitney R-1830-90,,Fatalities:  / Occupants: ,Fatalities:  / Occupants: ,,, Damaged beyond repair,,"at an unknown location (   Unknown country) 
", Unknown (UNK),Military,?,?,,,Fatalities:  / Occupants:  
19760130-0,,Friday 30 January 1976,,Ilyushin Il-18V,Aeroflot / Kyrgyzstan,,,, CCCP-75558, 184007505, 1964,17652,, 4 Ivchenko AI-20K,7623,Fatalities: 6 / Occupants: 6,Fatalities: 0 / Occupants: 0,,, Damaged beyond repair,,"near Frunze Airport (FRU) (   Kyrgyzstan) 
", Approach (APR),Training,"Frunze Airport (FRU/UAFM), Kyrgyzstan","Frunze Airport (FRU/UAFM), Kyrgyzstan",,,Fatalities: 6 / Occupants: 6 
19760202-0,,Monday 2 February 1976,ca 13:00,Douglas C-49J (DC-3),Atlantic Central Airlines Ltd.,,,, CF-HPM, 4989, 1942,,,,,Fatalities: 0 / Occupants: 0,Fatalities: 0 / Occupants: 0,,, Damaged beyond repair,,"Saint John Airport, NB (YSJ) (   Canada) 
", Standing (STD),-,-,-,,,Fatalities: 0 / Occupants: 0 
19760204-1,,Wednesday 4 February 1976,,Douglas DC-6A/B,Líneas Aéreas del Caribe - LAC Colombia,,,, HK-1389, 43519/221, 1952,,,,,Fatalities: 3 / Occupants: 3,Fatalities: 0 / Occupants: 0,,, Damaged beyond repair,,"Santa Marta (   Colombia) 
", Initial climb (ICL),Cargo,"Santa Marta-Simón Bolívar Airport (SMR/SKSM), Colombia","Curaçao-Hato International Airport (CUR/TNCC), Curaçao",,,Fatalities: 3 / Occupants: 3 
19760206-0,,Friday 6 February 1976,,Learjet 24D,Estramed Spa,,,, I-AMME, 24-310, ,,,,,Fatalities: 0 / Occupants: 2,Fatalities: 0 / Occupants: 0,,, Damaged beyond repair,,"near Bari-Palese Airport (BRI) (   Italy) 
", Initial climb (ICL),Unknown,"Bari-Palese Airport (BRI/LIBD), Italy",?,,,Fatalities: 0 / Occupants: 2 
19760206-1,,Friday 6 February 1976,ca 20:30,Boeing KC-135A Stratotanker,United States Air Force - USAF,,,, 60-0368, 18143/482, 1961-07-13  (14 years 7 months),5481,, 4 Pratt & Whitney J57-P,,Fatalities: 7 / Occupants: 7,Fatalities: 0 / Occupants: 0,,, Damaged beyond repair,,"near Cabanillas (   Spain) 
", Approach (APR),Military,"Mildenhall RAF Station (MHZ/EGUN), United Kingdom","Madrid-Torrejón AFB (TOJ/LETO), Spain",,,Fatalities: 7 / Occupants: 7 
19760208-0,Final,Sunday 8 February 1976,10:44,Douglas YC-112A-DO (DC-6),Mercer Airlines,,,, N901MA, 36326, 1946-02-15  (30 years ),10280,, 4 Pratt & Whitney R-2800-83AM3,,Fatalities: 3 / Occupants: 5,Fatalities: 0 / Occupants: 1,,, Damaged beyond repair,,"1,5 km (0.9 mls) S of Los Angeles-Van Nuys Airport, CA (VNY) (   United States of America) 
", Approach (APR),Ferry/positioning,"Hollywood-Burbank Airport, CA (BUR/KBUR), United States of America","Ontario International Airport, CA (ONT/KONT), United States of America", 901,,Fatalities: 3 / Occupants: 6 
19760209-0,,Monday 9 February 1976,08:15,Tupolev Tu-104A,"Aeroflot, West Siberia Civil Aviation Directorate",,,, CCCP-42327, 66600201, 1956,22069,, 2 Mikulin AM-3M,10308,Fatalities: 9 / Occupants: 10,Fatalities: 15 / Occupants: 105,,, Damaged beyond repair,,"Irkutsk Airport (IKT) (   Russia) 
", Takeoff (TOF),Domestic Scheduled Passenger,"Irkutsk Airport (IKT/UIII), Russia","Novosibirsk-Tolmachevo Airport (OVB/UNNN), Russia",3739,,Fatalities: 24 / Occupants: 115 
19760209-1,,Monday 9 February 1976,08:04,Antonov An-24RV,Tarom,,,, YR-AMC, 17306906, 1971,,, 2 Ivchenko AI-24VT,,Fatalities: 0 / Occupants: 5,Fatalities: 0 / Occupants: 19,,, Substantial, Written off (damaged beyond repair),"Bacau Airport (BCM) (   Romania) 
", Approach (APR),Domestic Scheduled Passenger,"Bucharest-Baneasa Airport (BBU/LRBS), Romania","Bacau Airport (BCM/LRBC), Romania",,,Fatalities: 0 / Occupants: 24 
19760216-0,,Monday 16 February 1976,,Douglas C-47A-65-DL (DC-3),Force Aérienne Tchadienne,,,, TT-LAG, 18972, 1943,,, 2 Pratt & Whitney R-1830-92,,Fatalities:  / Occupants: ,Fatalities:  / Occupants: ,,, Damaged beyond repair,,"Faya Airport (FYT) (   Chad) 
", Unknown (UNK),Military,?,?,,,Fatalities:  / Occupants:  
19760222-0,Final,Sunday 22 February 1976,15:04,Grumman G-1159 Gulfstream II,Fabergé Inc.,,,, N397F,  72, 1969,,,,,Fatalities: 0 / Occupants: 3,Fatalities: 0 / Occupants: 1,,, Damaged beyond repair,,"Burlington International Airport, VT (BTV) (   United States of America) 
", Landing (LDG),Executive,"Newark International Airport, NJ (EWR/KEWR), United States of America","Burlington International Airport, VT (BTV/KBTV), United States of America",,,Fatalities: 0 / Occupants: 4 
19760224-0,,Tuesday 24 February 1976,,de Havilland Canada DHC-6 Twin Otter 200,Gateway Aviation,,,, C-FBQJ, 143, 1968,,, 2 Pratt & Whitney Canada PT6A-20,,Fatalities: 1 / Occupants: 1,Fatalities: 1 / Occupants: 2,,, Damaged beyond repair,,"Yellowknife Airport, NT (YZF) (   Canada) 
", Landing (LDG),Unknown,"Port Radium, NT (CYIX), Canada","Yellowknife Airport, NT (YZF/CYZF), Canada",,,Fatalities: 2 / Occupants: 3 
19760225-0,,Wednesday 25 February 1976,,Curtiss C-46D-20-CU Commando,Líneas Aéreas de Nicaragua - LANICA,,,, AN-AOC, 22343, 1945,,,,,Fatalities: 0 / Occupants: ,Fatalities: 0 / Occupants: ,,, Damaged beyond repair,,"Managua-Las Mercedes Airport (MGA) (   Nicaragua) 
", Landing (LDG),Unknown,?,"Managua-Las Mercedes Airport (MGA/MNMG), Nicaragua",,,Fatalities: 0 / Occupants:  
19760229-0,,Sunday 29 February 1976,,Saunders ST-27,ACES - Aerolineas Centrales de Colombia,,,, HK-1286, 001, 1969-05-28  (6 years 9 months),,,,,Fatalities: 0 / Occupants: 3,Fatalities: 1 / Occupants: 15,,, Unknown,,"Medellín-Enrique Olaya Herrera Airport (EOH) (   Colombia) 
", Standing (STD),Domestic Scheduled Passenger,"Turbo-Gonzalo Mejía Airport (TRB/SKTU), Colombia","Medellín-Enrique Olaya Herrera Airport (EOH/SKMD), Colombia",,,Fatalities: 1 / Occupants: 18 
19760301-0,,Monday 1 March 1976,,VEB 14P,Tarom,,,, YR-ILO, 14803061, ,,,,,Fatalities: 3 / Occupants: ,Fatalities: 3 / Occupants: ,,, Damaged beyond repair,,"1 km (0.6 mls) W of Sibiu Airport (SBZ) (   Romania) 
", Approach (APR),Unknown,?,"Sibiu Airport (SBZ/LRSB), Romania",,,Fatalities: 6 / Occupants: 9 
19760302-2,,Tuesday 2 March 1976,,IAI Arava 201,Transporte Aéreo Militar - TAM,,,, TAM-76, 024, 1976,,,,,Fatalities:  / Occupants: ,Fatalities:  / Occupants: ,,, Damaged beyond repair,,"within Southeastern Bolivia (   Bolivia) 
", Unknown (UNK),Military,"Camiri Airport (CAM/SLCA), Bolivia","Itaguasurenda Airport (SLIT), Bolivia",,,Fatalities: 19 / Occupants: 22 
19760306-0,,Saturday 6 March 1976,00:58,Ilyushin Il-18E,Aeroflot / Armenia,,,, CCCP-75408, 186009201, 1966,21587,,,9082,Fatalities: 11 / Occupants: 11,Fatalities: 100 / Occupants: 100,,, Destroyed, Written off (damaged beyond repair),"near Verkhnyaya Khava (   Russia) 
", En route (ENR),Domestic Scheduled Passenger,"Moskva-Vnukovo Airport (VKO/UUWW), Russia","Yerevan Airport (EVN/UDYZ), Armenia", 909,,Fatalities: 111 / Occupants: 111 
19760310-0,,Wednesday 10 March 1976,,Antonov An-24RV,"Aeroflot, Privolzhsk Civil Aviation Directorate",,,, CCCP-46613, 373086610, 1973,,, 2 Ivchenko AI-24VT,,Fatalities: 0 / Occupants: 5,Fatalities: 0 / Occupants: 52,,, Damaged beyond repair,,"Saratov Airport (RTW) (   Russia) 
", Landing (LDG),Domestic Scheduled Passenger,"Ufa Airport (UFA/UWUU), Russia","Saratov Airport (RTW/UWSS), Russia",,,Fatalities: 0 / Occupants: 57 
19760312-0,Final,Friday 12 March 1976,10:40,Lockheed L-188AF Electra,Great Northern Airlines,,,, N401FA, 1059, 1959,,,,,Fatalities: 0 / Occupants: 3,Fatalities: 0 / Occupants: 0,,, Damaged beyond repair,,"Udrivik Lake, AK (   United States of America) 
", Landing (LDG),Cargo,"Fairbanks International Airport, AK (FAI/PAFA), United States of America","Udrivik Lake, AK, United States of America",,,Fatalities: 0 / Occupants: 3 
19760313-0,,Saturday 13 March 1976,,Fokker F-27 Friendship 600,Air Zaire,,,, 9Q-CLO, 10395, 1969,10422,,,8930,Fatalities: 0 / Occupants: 2,Fatalities: 0 / Occupants: 0,,, Damaged beyond repair,,"Gago Coutinho (   Angola) 
", Standing (STD),Cargo,-,-,,,Fatalities: 0 / Occupants: 2 
19760316-1,Final,Tuesday 16 March 1976,16:30,Beechcraft 99A Airliner,Command Airways,,,, N7997R, U-119, 1969,,, 2 Pratt & Whitney Canada PT6A-27,,Fatalities: 0 / Occupants: 2,Fatalities: 0 / Occupants: 7,,, Damaged beyond repair,,"Poughkeepsie-Dutchess County Airport, NY (POU) (   United States of America) 
", Initial climb (ICL),Domestic Scheduled Passenger,"Poughkeepsie-Dutchess County Airport, NY (POU/KPOU), United States of America","New York-John F. Kennedy International Airport, NY (JFK/KJFK), United States of America",,,Fatalities: 0 / Occupants: 9 
19760317-0,,Wednesday 17 March 1976,,Curtiss C-46A-35-CU Commando,Líneas Aéreas de Nicaragua - LANICA,,,, AN-BGU, 26755, 1944,,, 2 Pratt & Whitney R-2800-51,,Fatalities: 0 / Occupants: ,Fatalities: 0 / Occupants: ,,, Damaged beyond repair,,"Puerto Cabezas Airport (PUZ) (   Nicaragua) 
", Unknown (UNK),Unknown,?,?,,,Fatalities: 0 / Occupants:  
19760318-0,,Thursday 18 March 1976,,Antonov An-24V,Cubana de Aviación,,,, CU-T879, 67302501, 1966,,,,,Fatalities: 5 / Occupants: 5,Fatalities: 0 / Occupants: 0,,, Damaged beyond repair,,"near Havana (   Cuba) 
", En route (ENR),Training,?,?,,,Fatalities: 5 / Occupants: 5 
19760318-1,,Thursday 18 March 1976,,Douglas DC-8-43,,Cubana de Aviación,,Air Canada, CU-T1200, 45638/156, 1961,,, 4 Rolls-Royce Conway 508-12,,Fatalities: 0 / Occupants: 16,Fatalities: 0 / Occupants: 13,,Fatalities: 5, Damaged beyond repair,,"near Havana-José Martí International Airport (HAV) (   Cuba) 
", Approach (APR),International Scheduled Passenger,"Montreal-Mirabel International Airport, QC (YMX/CYMX), Canada","Havana-José Martí International Airport (HAV/MUHA), Cuba",CU455,,Fatalities: 0 / Occupants: 29 
19760319-0,,Friday 19 March 1976,,Yakovlev Yak-40S2,Syrian Arab Airlines,,,, YK-AQC, 9531743 ?, 1975,,,,,Fatalities: 0 / Occupants: ,Fatalities: 0 / Occupants: ,,, Damaged beyond repair,,"Beirut International Airport (BEY) (   Lebanon) 
", Standing (STD),Official state flight,"Beirut International Airport (BEY/OLBA), Lebanon","Damascus International Airport (DAM/OSDI), Syria",,,Fatalities: 0 / Occupants:  
19760324-0,,Wednesday 24 March 1976,07:35,Ilyushin Il-14LIK,"Aeroflot, Kazakstan Civil Aviation Directorate",,,, CCCP-61756, 147001250, 1957,16199,,,,Fatalities: 6 / Occupants: 6,Fatalities: 0 / Occupants: 0,,, Damaged beyond repair,,"53 km (33.1 mls) NE of Ashgabat Airport (ASB) (   Turkmenistan) 
", En route (ENR),"Aerial Work (Calibration, Photo)","Ashgabat Airport (ASB/UTAA), Turkmenistan","Ashgabat Airport (ASB/UTAA), Turkmenistan",,,Fatalities: 6 / Occupants: 6 
19760324-1,,Wednesday 24 March 1976,,Douglas C-47B-35-DK (DC-3),Royal Air Lao,,,, XW-TDR, 33481/16733, 1945,,, 2 Pratt & Whitney R-1830-90C,,Fatalities: 0 / Occupants: 0,Fatalities: 0 / Occupants: 0,,, Damaged beyond repair,,"Vientiane-Wattay (VTE) (   Laos) 
", Standing (STD),-,-,-,,,Fatalities: 0 / Occupants: 0 
19760324-2,,Wednesday 24 March 1976,,Douglas C-47A-DL (DC-3),Royal Air Lao,,,, XW-TDF, 13906, 1943,,,,,Fatalities: 0 / Occupants: 0,Fatalities: 0 / Occupants: 0,,, Damaged beyond repair,,"Vientiane-Wattay (VTE) (   Laos) 
", Standing (STD),-,-,-,,,Fatalities: 0 / Occupants: 0 
19760324-3,,Wednesday 24 March 1976,,Douglas C-47A-90-DL (DC-3),Royal Air Lao,,,, XW-TAF, 20328, 1944,,, 2 Pratt & Whitney R-1830-92,,Fatalities: 0 / Occupants: 0,Fatalities: 0 / Occupants: 0,,, Damaged beyond repair,,"Vientiane-Wattay (VTE) (   Laos) 
", Standing (STD),-,-,-,,,Fatalities: 0 / Occupants: 0 
19760324-4,,Wednesday 24 March 1976,,Douglas C-54A-15-DC (DC-4),Royal Air Lao,,,, XW-PNI, 10420, 1944,,,,,Fatalities: 0 / Occupants: 0,Fatalities: 0 / Occupants: 0,,, Damaged beyond repair,,"Vientiane-Wattay (VTE) (   Laos) 
", Standing (STD),-,-,-,,,Fatalities: 0 / Occupants: 0 
19760324-5,,Wednesday 24 March 1976,,Douglas R5D-1 (DC-4),Royal Air Lao,,,, XW-PNF, 10393, 1944,,,,,Fatalities: 0 / Occupants: 0,Fatalities: 0 / Occupants: 0,,, Damaged beyond repair,,"Vientiane-Wattay (VTE) (   Laos) 
", Standing (STD),-,-,-,,,Fatalities: 0 / Occupants: 0 
19760324-6,,Wednesday 24 March 1976,,Douglas C-54A-1-DO (DC-4),Royal Air Lao,,,, XW-PND, 7460, 1943,,,,,Fatalities: 0 / Occupants: 0,Fatalities: 0 / Occupants: 0,,, Damaged beyond repair,,"Vientiane-Wattay (VTE) (   Laos) 
", Standing (STD),-,-,-,,,Fatalities: 0 / Occupants: 0 
19760325-0,Final,Thursday 25 March 1976,14:31,Lockheed L-1329 JetStar I,International Air Service,,,, N1EfM, 5077, ,,,,,Fatalities: 2 / Occupants: 2,Fatalities: 2 / Occupants: 2,,, Damaged beyond repair,,"Chicago-Midway Airport, IL (MDW) (   United States of America) 
", Takeoff (TOF),Executive,"Chicago-Midway Airport, IL (MDW/KMDW), United States of America","San Jose Municipal Airport, CA (SJC/KSJC), United States of America",,,Fatalities: 4 / Occupants: 4 
19760402-2,,Friday 2 April 1976,,Douglas C-47 (DC-3),SATENA,,,, FAC-676, , ,,,,,Fatalities: 1 / Occupants: 2,Fatalities: 4 / Occupants: 14,,, Damaged beyond repair,,"near Puerto Asis (   Colombia) 
", Approach (APR),Passenger,"Florencia-Gustavo Artunduaga Paredes Airport (FLA/SKFL), Colombia","Puerto Asis Airport (PUU/SKAS), Colombia",,,Fatalities: 5 / Occupants: 16 
19760405-0,Final,Monday 5 April 1976,08:19,Boeing 727-81,Alaska Airlines,,,, N124AS, 18821/124, 1965-03-04  (11 years 1 months),25360,, 3 Pratt & Whitney JT8D-7A,,Fatalities: 0 / Occupants: 7,Fatalities: 1 / Occupants: 50,,, Destroyed, Written off (damaged beyond repair),"Ketchikan International Airport, AK (KTN) (   United States of America) 
", Landing (LDG),Domestic Scheduled Passenger,"Juneau International Airport, AK (JNU/PAJN), United States of America","Ketchikan International Airport, AK (KTN/PAKT), United States of America",  60,,Fatalities: 1 / Occupants: 57 
19760407-0,,Wednesday 7 April 1976,,BAC One-Eleven,Philippine Air Lines,,,, registration unknown, , ,,,,,Fatalities: 0 / Occupants: ,Fatalities: 0 / Occupants: ,,, Unknown,,"Benghazi (   Libya) 
", Unknown (UNK),Unknown,"Cagayan de Oro-Lumbia Airport (CGY/RPML), Philippines","Mactan Island-Chicago Naval Air Base (NOP/RPVM), Philippines",,,Fatalities: 0 / Occupants:  
19760409-0,Final,Friday 9 April 1976,03:27,Lockheed 18 Lodestar,The Connecticut National Bank,,,, N64E, 18-2397, 1943,,,,,Fatalities: 2 / Occupants: 2,Fatalities: 0 / Occupants: 0,,, Damaged beyond repair,,"Brighton, FL (   United States of America) 
", Initial climb (ICL),Unknown,"Brighton Airport, FL, United States of America",?,,,Fatalities: 2 / Occupants: 2 
19760409-1,,Friday 9 April 1976,,Antonov An-2,Aviatia Utilitara,,,, YR-ANF, 1134(473)19, ,,,,,Fatalities: 2 / Occupants: 2,Fatalities: 0 / Occupants: 0,,, Damaged beyond repair,,"near Cobadin (   Romania) 
", Unknown (UNK),Unknown,?,?,,,Fatalities: 2 / Occupants: 2 
19760411-0,,Sunday 11 April 1976,,Antonov An-2TP,"Aeroflot, East Siberia Civil Aviation Directorate",,,, CCCP-09675, 1G76-09, ,9233,,,,Fatalities:  / Occupants: ,Fatalities:  / Occupants: ,,, Damaged beyond repair,,"near Kazachinsk (   Russia) 
", Unknown (UNK),Unknown,?,?,,,Fatalities:  / Occupants:  
19760414-0,Final,Wednesday 14 April 1976,16:25,Avro 748-105 Srs. 1,Yacimientos Petroliferos Fiscales,,,, LV-HHB, 1540, 1962,25753,, 2 Rolls-Royce Dart 514,24130,Fatalities: 3 / Occupants: 3,Fatalities: 31 / Occupants: 31,,, Destroyed, Written off (damaged beyond repair),"35 km (21.9 mls) N of Cutral-Có , NE (   Argentina) 
", En route (ENR),Domestic Non Scheduled Passenger,"Rincón de Los Sauces Airport, NE (RDS/SAHS), Argentina","Cutral Airport, NE (CUT/SAZW), Argentina",,,Fatalities: 34 / Occupants: 34 
19760417-0,,Saturday 17 April 1976,,Antonov An-2SX,Aeroflot / Uzbekistan,,,, CCCP-33170, 1145 473 04, 1960,7750,,,22756,Fatalities:  / Occupants: ,Fatalities:  / Occupants: ,,, Damaged beyond repair,,"near Kursk (   Russia) 
", Takeoff (TOF),Unknown,?,?,,,Fatalities:  / Occupants:  
19760422-0,,Thursday 22 April 1976,,Boeing 720-022,US Global of Florida,,,, N37777, 18044/178, 1960-12-09  (15 years 5 months),,, 4 Pratt & Whitney JT3C-7,,Fatalities: 0 / Occupants: 4,Fatalities: 0 / Occupants: 0,,, Damaged beyond repair,,"near Barranquilla Airport (BAQ) (   Colombia) 
", Approach (APR),Cargo,"Bogotá-Eldorado Airport (BOG/SKBO), Colombia","Barranquilla-Soledad Airport (BAQ/SKBQ), Colombia",,,Fatalities: 0 / Occupants: 4 
19760422-1,,Thursday 22 April 1976,,Antonov An-2R,"Aeroflot, Moscow SPiMVL",,,, CCCP-01626, 1G82-20, ,,,,,Fatalities: 0 / Occupants: ,Fatalities: 0 / Occupants: ,,, Damaged beyond repair,,"near Tula (   Russia) 
", Unknown (UNK),Unknown,?,?,,,Fatalities: 0 / Occupants:  
19760423-0,,Friday 23 April 1976,,Douglas C-47A-25-DK (DC-3),Ethiopian Airlines,,,, ET-AAS, 13454, 1944,33172,, 2 Pratt & Whitney R-1830-92,,Fatalities:  / Occupants: ,Fatalities:  / Occupants: ,,, Damaged beyond repair,,"Massawa Airport (MSW) (   Eritrea) 
", Unknown (UNK),-,-,-,,,Fatalities:  / Occupants:  
19760424-0,,Saturday 24 April 1976,ca 19:45,Boeing 727-59,Avianca,,,, HK-1400, 19662/484, 1967-10-20  (8 years 6 months),,,,,Fatalities: 0 / Occupants: ,Fatalities: 0 / Occupants: ,,, Unknown,,"Bogotá-Eldorado Airport (BOG) (   Colombia) 
", En route (ENR),Domestic Scheduled Passenger,"Pereira Airport (PEI/SKPE), Colombia","Bogotá-Eldorado Airport (BOG/SKBO), Colombia",,,Fatalities: 0 / Occupants:  
19760427-0,,Tuesday 27 April 1976,,Armstrong Whitworth AW-660 Argosy C.1,Royal Air Force - RAF,,,, XR105, 6783, 1962,,,,,Fatalities: 2 / Occupants: 3,Fatalities: 0 / Occupants: 0,,, Damaged beyond repair,,"Boscombe Down RAF Station (   United Kingdom) 
", Approach (APR),Military,"Boscombe Down RAF Station (EGDM), United Kingdom","Boscombe Down RAF Station (EGDM), United Kingdom",,,Fatalities: 2 / Occupants: 3 
19760427-1,Final,Tuesday 27 April 1976,15:10,Boeing 727-95,American Airlines,,,, N1963, 19837/499, 1967-11-22  (8 years 5 months),21926,, 3 Pratt & Whitney JT8D-7A,,Fatalities: 2 / Occupants: 7,Fatalities: 35 / Occupants: 81,,, Damaged beyond repair,,"Saint Thomas-Harry S. Truman Airport (STT) (   U.S. Virgin Islands) 
", Landing (LDG),International Scheduled Passenger,"New York-John F. Kennedy International Airport, NY (JFK/KJFK), United States of America","Saint Thomas-Harry S.Truman Airport (STT/TIST), U.S. Virgin Islands",AA625,,Fatalities: 37 / Occupants: 88 
19760427-2,Final,Tuesday 27 April 1976,14:58,de Havilland Canada DHC-3 Otter,Horizon Air Service,,,, N35310, 293, 1958,,,,,Fatalities: 0 / Occupants: 1,Fatalities: 0 / Occupants: 1,,, Damaged beyond repair,,"Upolu Point, HI (   United States of America) 
", En route (ENR),Domestic Non Scheduled Passenger,"Waimea-Kohala Airport, HI (MUE/PHMU), United States of America","Honolulu International Airport, HI (HNL/PHNL), United States of America",,,Fatalities: 0 / Occupants: 2 
19760428-0,Final,Wednesday 28 April 1976,,de Havilland Canada DHC-4 Caribou,Uganda Police Airwing,,,, 5X-AAB, 222, 1965,1953,,,,Fatalities: 0 / Occupants: 2,Fatalities: 0 / Occupants: 0,,, Damaged beyond repair,,"Entebbe Airport (EBB) (   Uganda) 
", Landing (LDG),Training,"Entebbe Airport (EBB/HUEN), Uganda","Entebbe Airport (EBB/HUEN), Uganda",,,Fatalities: 0 / Occupants: 2 
19760430-0,,Friday 30 April 1976,,McDonnell Douglas DC-10-10,Türk Hava Yollari - THY,,,, TC-JAY, 46907/78, 1973,,,,,Fatalities: 0 / Occupants: 11,Fatalities: 0 / Occupants: 253,,, Unknown,,"Paris-Orly Airport (ORY) (   France) 
", En route (ENR),International Scheduled Passenger,"Paris-Orly Airport (ORY/LFPO), France","Istanbul-Yesilköy Airport (IST/LTBA), Turkey",,,Fatalities: 0 / Occupants: 264 
19760502-1,,Sunday 2 May 1976,,Convair CV-640,Air Algérie,,,, 7T-VAH, 408, 1957,,,,,Fatalities: 0 / Occupants: ,Fatalities: 0 / Occupants: ,,, Damaged beyond repair,,"Djanet-Inedbirenne Airport (DJG) (   Algeria) 
", Unknown (UNK),Unknown,?,?,,,Fatalities: 0 / Occupants:  
19760502-2,,Sunday 2 May 1976,,Douglas DC-6BF,TACA International Airlines,,,, YS-35C, 45323/954, 1958,,,,,Fatalities: 0 / Occupants: ,Fatalities: 0 / Occupants: 0,,, Damaged beyond repair,,"Rubelsanto Airport (RUV) (   Guatemala) 
", Approach (APR),Cargo,?,"Rubelsanto Airport (RUV/MGRB), Guatemala",,,Fatalities: 0 / Occupants:  
19760503-0,,Monday 3 May 1976,,de Havilland Canada DHC-6 Twin Otter 300,de Havilland Canada,,,, C-GDHA, 428, 1974,,, 2 Pratt & Whitney Canada PT6A-27,,Fatalities: 1 / Occupants: 1,Fatalities: 10 / Occupants: 10,,, Damaged beyond repair,,"1 km (0.6 mls) from  Monze (   Zambia) 
", Initial climb (ICL),Demonstration,"Monze Airport (FLMO), Zambia",?,,,Fatalities: 11 / Occupants: 11 
19760505-0,,Wednesday 5 May 1976,,Britten-Norman BN-2A-21 Islander,Philippine Aerotransport,,,, RP-C2140, 450, 1975-06-14  (11 months),,, 2 Lycoming IO-540-K1B5,,Fatalities:  / Occupants: ,Fatalities:  / Occupants: ,,, Substantial, Repaired,"Camuigan (   Philippines) 
", Unknown (UNK),Unknown,?,?,,,Fatalities: 4 / Occupants: 10 
19760505-1,,Wednesday 5 May 1976,,Dornier Do 28D-1 Skyservant,Danzer Zaïre,,,, 9Q-CDZ, 4051, ,,,,,Fatalities: 1 / Occupants: 1,Fatalities: 0 / Occupants: 0,,, Damaged beyond repair,,"S of Kisangani (   Democratic Republic of the Congo) 
", Unknown (UNK),Unknown,?,?,,,Fatalities: 1 / Occupants: 1 
19760509-0,Final,Sunday 9 May 1976,14:35 UTC,Boeing 747-131F,Imperial Iranian Air Force - IIAF,,,, 5-8104, 19677/73, 1970-09-15  (5 years 8 months),,, 4 Pratt & Whitney JT9D-7A,,Fatalities: 10 / Occupants: 10,Fatalities: 7 / Occupants: 7,,, Damaged beyond repair,,"near Madrid (   Spain) 
", En route (ENR),Cargo,"Tehran-Mehrabad Airport (THR/OIII), Iran","Madrid-Torrejón AFB (TOJ/LETO), Spain",  48,,Fatalities: 17 / Occupants: 17 
19760513-0,,Thursday 13 May 1976,,de Havilland Canada DHC-6 Twin Otter 200,ERA Helicopters,,,, N1456T, 212, 1969,,, 2 Pratt & Whitney Canada PT6A-20,,Fatalities: 0 / Occupants: 0,Fatalities: 0 / Occupants: 0,,, Damaged beyond repair,,"Fairbanks International Airport, AK (FAI) (   United States of America) 
", Standing (STD),Unknown,?,?,,,Fatalities: 0 / Occupants: 0 
19760514-0,,Friday 14 May 1976,,de Havilland Canada DHC-3 Otter,La Ronge Aviation Services,,,, CF-PNV, 126, 1956,,,,,Fatalities: 0 / Occupants: ,Fatalities: 0 / Occupants: ,,, Damaged beyond repair,,"Lynn Lake, MB (   Canada) 
", Takeoff (TOF),Unknown,"Lynn Lake Airport, MB (YYL/CYYL), Canada",?,,,Fatalities: 0 / Occupants:  
19760515-0,,Saturday 15 May 1976,10:48,Antonov An-24RV,Aeroflot / Ukraine,,,, CCCP-46534, 57310108, 1975,2976,, 2 Ivchenko AI-24VT,2328,Fatalities: 6 / Occupants: 6,Fatalities: 46 / Occupants: 46,,, Destroyed, Written off (damaged beyond repair),"15 km (9.4 mls) SE of Chernigov (   Ukraine) 
", En route (ENR),Domestic Scheduled Passenger,"Vinnitsa Airport (VIN/UKWW), Ukraine","Moskva-Bykovo Airport (BKA/UUBB), Russia",1802,,Fatalities: 52 / Occupants: 52 
19760516-0,,Sunday 16 May 1976,,Antonov An-2SX,"Aeroflot, Kazakstan Civil Aviation Directorate",,,, CCCP-79935, 1167 473 13, ,8766,,,20533,Fatalities: 1 / Occupants: 1,Fatalities: 0 / Occupants: 0,,, Damaged beyond repair,,"near Semipalatinsk (   Kazakhstan) 
", Maneuvering (MNV),Agricultural,?,?,,,Fatalities: 1 / Occupants: 1 
19760519-0,,Wednesday 19 May 1976,,Antonov An-2R,Aeroflot / Armenia,,,, CCCP-03547, 1G47-16, ,,,,,Fatalities: 0 / Occupants: ,Fatalities: 0 / Occupants: ,,, Damaged beyond repair,,"near Alaverdi (   Armenia) 
", Unknown (UNK),Unknown,?,?,,,Fatalities: 0 / Occupants:  
19760519-2,,Wednesday 19 May 1976,,Lockheed L-1049H Super Constellation,F & B Livestock Corp,,,, N468C, 4846, 1958,,,,,Fatalities: 0 / Occupants: 3,Fatalities: 0 / Occupants: 0,,, Damaged beyond repair,,"Belize City (   Belize) 
", Landing (LDG),Ferry/positioning,?,"Miami International Airport, FL (MIA/KMIA), United States of America",,,Fatalities: 0 / Occupants: 3 
19760520-1,,Thursday 20 May 1976,,Curtiss C-46,Air Haiti,,,, registration unknown, , ,,,,,Fatalities: 0 / Occupants: ,Fatalities: 0 / Occupants: ,,, Substantial, Written off (damaged beyond repair),"Nassau International Airport (NAS) (   Bahamas) 
", Landing (LDG),Unknown,?,?,,,Fatalities: 0 / Occupants:  
19760520-2,,Thursday 20 May 1976,,Douglas C-47-DL (DC-3),Survair,,,, CF-FKZ, 9052, 1943,,, 2 Pratt & Whitney R-1830-92,,Fatalities:  / Occupants: ,Fatalities:  / Occupants: ,,, Damaged beyond repair,,"Asbestos Hill Airport, QC (YAF) (   Canada) 
", Unknown (UNK),Unknown,?,?,,,Fatalities:  / Occupants:  
19760523-0,,Sunday 23 May 1976,,Antonov An-2,Unknown,,,, LZ-..., , ,,,,,Fatalities: 2 / Occupants: 2,Fatalities: 0 / Occupants: 0,,, Damaged beyond repair,,"Charmanli (   Bulgaria) 
", Unknown (UNK),Unknown,?,?,,,Fatalities: 2 / Occupants: 2 
19760523-1,,Sunday 23 May 1976,,BAC One-Eleven 527FK,Philippine Air Lines,,,, RP-C1161, 213, 1970,,,,,Fatalities: 0 / Occupants: 5,Fatalities: 13 / Occupants: 82,,, Damaged beyond repair,,"Zamboanga Airport (ZAM) (   Philippines) 
", Standing (STD),Domestic Scheduled Passenger,"Davao City-Francisco Bangoy International Airport (DVO/RPMD), Philippines","Manila International Airport (MNL/RPLL), Philippines",PR116,,Fatalities: 13 / Occupants: 87 
19760531-0,,Monday 31 May 1976,,Douglas C-47B-5-DK (DC-3),Ethiopian Airlines,,,, ET-ADC, 26162/14717, 1944,32682,, 2 Pratt & Whitney R-1830-90C,,Fatalities:  / Occupants: ,Fatalities:  / Occupants: ,,, Damaged beyond repair,,"Massawa Airport (MSW) (   Eritrea) 
", Taxi (TXI),Unknown,?,?,,,Fatalities:  / Occupants:  
19760601-0,,Tuesday 1 June 1976,,CASA C-212 Aviocar 100,Ejército del Aire,,,, T.12B-11, 11, 1974-05-20  (2 years ),,,,,Fatalities:  / Occupants: ,Fatalities:  / Occupants: ,,, Damaged beyond repair,,"at an unknown location (   Unknown country) 
", Unknown (UNK),Military,?,?,,,Fatalities:  / Occupants:  
19760601-2,,Tuesday 1 June 1976,,Tupolev Tu-154A,"Aeroflot, International Civil Aviation Directorate",,,, CCCP-85102, 75A102, 1975,2119,, 3 Kuznetsov NK-8-2U,1069,Fatalities: 10 / Occupants: 10,Fatalities: 35 / Occupants: 35,,, Destroyed, Written off (damaged beyond repair),"Macías Nguema Biyogo Island (   Equatorial Guinea) 
", En route (ENR),International Scheduled Passenger,"Malabo-Santa Isabel Airport (SSG/FGSL), Equatorial Guinea","Tripoli International Airport (TIP/HLLT), Libya", 418,,Fatalities: 45 / Occupants: 45 
19760604-0,Final,Friday 4 June 1976,14:47 UTC,Lockheed L-188A Electra,Air Manila International,,,, RP-C1061, 1007, 1958,,, 4 Allison 501-D13,,Fatalities: 12 / Occupants: 12,Fatalities: 33 / Occupants: 33,Fatalities: 1,, Damaged beyond repair,,"1,5 km (0.9 mls) NE of Guam-Agana NAS (NGM) (   Guam) 
", Initial climb (ICL),Int'l Non Scheduled Passenger,"Guam-Agana NAS (NGM), Guam","Manila International Airport (MNL/RPLL), Philippines", 702,,Fatalities: 45 / Occupants: 45 
19760606-0,,Sunday 6 June 1976,07:42 UTC,GAF Nomad N.22B,Sabah Air,,,, 9M-ATZ,  14, 1975,,,,,Fatalities: 1 / Occupants: 1,Fatalities: 10 / Occupants: 10,,, Destroyed, Written off (damaged beyond repair),"3 km (1.9 mls) off  Kota Kinabalu Airport (BKI) (   Malaysia) 
", Approach (APR),Domestic Non Scheduled Passenger,"Labuan Airport (LBU/WBKL), Malaysia","Kota Kinabalu Airport (BKI/WBKK), Malaysia",,,Fatalities: 11 / Occupants: 11 
19760606-1,,Sunday 6 June 1976,,Lisunov Li-2,MAP Zhukovski,,,, CCCP-13345, 23441901, 1952,5445,,,,Fatalities: 4 / Occupants: 4,Fatalities: 0 / Occupants: 0,,, Damaged beyond repair,,"Kama River (   Russia) 
", En route (ENR),Cargo,?,"Tyumen Airport (TJM/USTR), Russia",,,Fatalities: 4 / Occupants: 4 
19760607-1,,Monday 7 June 1976,,McDonnell Douglas DC-10-30,Swissair,,,, HB-IHH, 46582/187, 1975,,,,,Fatalities: 0 / Occupants: 15,Fatalities: 0 / Occupants: 124,,, Substantial, Repaired,"Kinshasa-N'Djili Airport (FIH) (   Democratic Republic of the Congo) 
", Takeoff (TOF),International Scheduled Passenger,"Kinshasa-N'Djili Airport (FIH/FZAA), Democratic Republic of the Congo",?,,,Fatalities: 0 / Occupants: 139 
19760609-0,,Wednesday 9 June 1976,,Antonov An-2,"Aeroflot, Magadan Civil Aviation Directorate",,,, CCCP-23743, , ,,,,,Fatalities: 0 / Occupants: ,Fatalities: 0 / Occupants: ,,, Damaged beyond repair,,"near Anadyr (   Russia) 
", Unknown (UNK),Unknown,?,?,,,Fatalities: 0 / Occupants:  
19760611-0,,Friday 11 June 1976,,Douglas C-47A-90-DL (DC-3),RICO Taxi Aéreo,,,, PP-AJC, 20402, 1944,,, 2 Pratt & Whitney R-1830-92,,Fatalities:  / Occupants: ,Fatalities:  / Occupants: ,,, Damaged beyond repair,,"between Pauana and Alto Solimões, AM (   Brazil) 
", Unknown (UNK),Unknown,?,?,,,Fatalities: 3 / Occupants:  
19760612-0,,Saturday 12 June 1976,13:32,Antonov An-2R,"Aeroflot, East Siberia Civil Aviation Directorate",,,, CCCP-32464, 1G99-31, ,6144,,,,Fatalities: 2 / Occupants: 2,Fatalities: 3 / Occupants: 5,,, Damaged beyond repair,,"4 km (2.5 mls) from  Nizhneangarsk Airport (   Russia) 
", Unknown (UNK),Unknown,"Angarakan Airstrip, Russia","Nizhneangarsk Airport (UIUN), Russia",,,Fatalities: 5 / Occupants: 7 
19760620-0,,Sunday 20 June 1976,,Antonov An-2R,"Aeroflot, Privolzhsk Civil Aviation Directorate",,,, CCCP-70819, 1G133-22, 1971,3285,,,9507,Fatalities: 2 / Occupants: 2,Fatalities: 0 / Occupants: 0,,, Damaged beyond repair,,"Engels district, Saratov region (   Russia) 
", Maneuvering (MNV),Agricultural,?,?,,,Fatalities: 2 / Occupants: 2 
19760623-0,Final,Wednesday 23 June 1976,17:12,McDonnell Douglas DC-9-31,Allegheny Airlines,,,, N994VJ, 47333/481, 1969,21320,, 2 Pratt & Whitney JT8D-7A,,Fatalities: 0 / Occupants: 4,Fatalities: 0 / Occupants: 102,,, Damaged beyond repair,,"Philadelphia International Airport, PA (PHL) (   United States of America) 
", Approach (APR),Domestic Scheduled Passenger,"Windsor Locks-Bradley International Airport, CT (BDL/KBDL), United States of America","Philadelphia International Airport, PA (PHL/KPHL), United States of America", 121,,Fatalities: 0 / Occupants: 106 
19760626-0,,Saturday 26 June 1976,08:11,Antonov An-2,"Aeroflot, Privolzhsk Civil Aviation Directorate",,,, CCCP-70764, 1G132-19, 1971,4323,,,,Fatalities: 1 / Occupants: 2,Fatalities: 0 / Occupants: 9,,, Damaged beyond repair,,"Kazan (   Russia) 
", Unknown (UNK),Domestic Scheduled Passenger,"Kazan-2 Airport, Russia","Cheremshan Airstrip, Russia",349,,Fatalities: 1 / Occupants: 11 
19761216-1,,Thursday 16 December 1976,,de Havilland Canada DHC-6 Twin Otter 100,Airwest Airlines,,,, C-FAJB,  19, 1966,,, 2 Pratt & Whitney Canada PT6A-20,,Fatalities: 0 / Occupants: 2,Fatalities: 0 / Occupants: 14,,, Damaged beyond repair,,"Juan de Fuca, BC (   Canada) 
", Landing (LDG),Domestic Scheduled Passenger,"Vancouver-Coal Harbour SPB, BC (CXH/CYHC), Canada","Victoria Harbour, BC, Canada",,,Fatalities: 0 / Occupants: 16 
19761216-2,Final,Thursday 16 December 1976,03:30,Convair CV-880-22M-22,Air Trine Inc,,,, N5865, 22-7-5-57, 1961,,,,,Fatalities: 0 / Occupants: 3,Fatalities: 0 / Occupants: 0,,, Damaged beyond repair,,"Miami International Airport, FL (MIA) (   United States of America) 
", Takeoff (TOF),Cargo,"Miami International Airport, FL (MIA/KMIA), United States of America","Santo Domingo (unknown airport), Dominican Republic",,,Fatalities: 0 / Occupants: 3 
19761216-3,,Thursday 16 December 1976,,Yakovlev Yak-40,Aeroflot / Ukraine,,,, CCCP-87638, 9141919, 1971,,, 3 Ivchenko AI-25,,Fatalities: 5 / Occupants: 5,Fatalities: 0 / Occupants: 0,,, Damaged beyond repair,,"20 km (12.5 mls) NW of Zaporozhye Airport (OZH) (   Ukraine) 
", Maneuvering (MNV),Training,"Zaporozhye Airport (OZH/UKDE), Ukraine","Zaporozhye Airport (OZH/UKDE), Ukraine",,,Fatalities: 5 / Occupants: 5 
19761217-0,,Friday 17 December 1976,21:30,Antonov An-24,Aeroflot / Ukraine,,,, CCCP-46722, 37300302, 1963,27244,,,24754,Fatalities: 4 / Occupants: 5,Fatalities: 44 / Occupants: 50,,, Damaged beyond repair,,"1 km (0.6 mls) from  Kiev-Zhulhyany Airport (IEV) (   Ukraine) 
", Approach (APR),Domestic Scheduled Passenger,"Chernovtsy Airport (CWC/UKLN), Ukraine","Kiev-Zhulhyany Airport (IEV/UKKK), Ukraine",,,Fatalities: 48 / Occupants: 55 
19761217-1,,Friday 17 December 1976,19:40,Yakovlev Yak-40,"Aeroflot, East Siberia Civil Aviation Directorate",,,, CCCP-88208, 9631349, 1976,327,, 3 Ivchenko AI-25,348,Fatalities: 3 / Occupants: 3,Fatalities: 4 / Occupants: 4,,, Destroyed, Written off (damaged beyond repair),"1,5 km (0.9 mls) NW of Ust-Kut Airport (   Russia) 
", Initial climb (ICL),Cargo,"Ust-Kut Airport (UKX/UITT), Russia","Kirensk (UIKK), Russia",,,Fatalities: 7 / Occupants: 7 
19761218-0,,Saturday 18 December 1976,16:56,Ilyushin Il-14RR,"Aeroflot, Far East Civil Aviation Directorate",,,, CCCP-61752, 147001247, 1957,6627,,,4927,Fatalities: 5 / Occupants: 5,Fatalities: 3 / Occupants: 5,,, Damaged beyond repair,,"12 km (7.5 mls) E of Yuzhno-Sakhalinsk Airport (UUS) (   Russia) 
", Approach (APR),Survey/research,"Petropavlovsk-Kamchatsky Airport (PKC/UHPP), Russia","Yuzhno-Sakhalinsk Airport (UUS/UHSS), Russia",,,Fatalities: 8 / Occupants: 10 
19761221-0,,Tuesday 21 December 1976,,Lockheed C-130H Hercules,Imperial Iranian Air Force - IIAF,,,, 5-8536, 4463, 1972,,,,,Fatalities:  / Occupants: ,Fatalities:  / Occupants: ,,, Damaged beyond repair,,"near Shiraz Airport (SYZ) (   Iran) 
", Approach (APR),Military,?,"Shiraz Airport (SYZ/OISS), Iran",,,Fatalities: 9 / Occupants: 9 
19761221-1,,Tuesday 21 December 1976,,McDonnell Douglas DC-8,United Airlines,,,, registration unknown, , ,,,,,Fatalities: 0 / Occupants: ,Fatalities: 0 / Occupants: ,,, None,,"San Francisco International Airport, CA (SFO) (   United States of America) 
", Standing (STD),-,-,-,,,Fatalities: 0 / Occupants: 3 
19761221-2,,Tuesday 21 December 1976,,Antonov An-22A,Soviet Air Force,,,, CCCP-09318, 03340501, 1973,,, 4 Kuznetsov NK-12MA,,Fatalities: 7 / Occupants: 7,Fatalities: 0 / Occupants: 0,,, Destroyed, Written off (damaged beyond repair),"near Seshcha (   Russia) 
", Maneuvering (MNV),Test,"Seshcha-Br'ansk AFB, Russia","Seshcha-Br'ansk AFB, Russia",,,Fatalities: 7 / Occupants: 7 
19761225-0,,Saturday 25 December 1976,ca 03:45,Boeing 707-366C,EgyptAir,,,, SU-AXA, 20763/871, 1973,,, 4 Pratt & Whitney JT3D-7,,Fatalities: 9 / Occupants: 9,Fatalities: 43 / Occupants: 43,Fatalities: 19,, Damaged beyond repair,,"ca 2 km NE of Bangkok-Don Muang International Airport (BKK) (   Thailand) 
", Approach (APR),International Scheduled Passenger,"Bombay-Santacruz Airport (BOM/VABB), India","Bangkok-Don Muang International Airport (BKK/VTBD), Thailand",MS864,,Fatalities: 52 / Occupants: 52 
19761227-0,,Monday 27 December 1976,,Fairchild C-82A Packet,Transportes Aéreos Itenez,,,, CP-983, 10147, ,,,,,Fatalities: 4 / Occupants: 4,Fatalities: 2 / Occupants: 2,,, Damaged beyond repair,,"San Ramón Airport (SRD) (   Bolivia) 
", Takeoff (TOF),Cargo,"San Ramon Airport (SRD/SLRA), Bolivia",?,,,Fatalities: 6 / Occupants: 6 
19761227-2,,Monday 27 December 1976,,Lockheed 18-50 Lodestar,private,,,, N260H, 18-2039, 1940,,,,,Fatalities: 0 / Occupants: ,Fatalities: 0 / Occupants: ,,, Damaged beyond repair,,"Sinaloa de Leyva (   Mexico) 
", Unknown (UNK),Illegal Flight,?,?,,,Fatalities: 0 / Occupants:  
19761230-0,,Thursday 30 December 1976,,Douglas C-54A-1-DO (DC-4),Faucett,,,, OB-R-247, 7462, 1944,,,,,Fatalities: 5 / Occupants: 5,Fatalities: 19 / Occupants: 19,,, Damaged beyond repair,,"27 km (16.9 mls) N of Trujillo Airport (TRU) (   Peru) 
", En route (ENR),Domestic Scheduled Passenger,"Trujillo Airport (TRU/SPRU), Peru","Tarapoto Airport (TPP/SPST), Peru",,,Fatalities: 24 / Occupants: 24 
19761230-1,,Thursday 30 December 1976,,IRMA/Britten-Norman BN-2A-3 Islander,Bali International Air Service,,,, PK-KNC, 663, 1972,,,,,Fatalities:  / Occupants: ,Fatalities:  / Occupants: ,,, Damaged beyond repair,,"Mara (   Indonesia) 
", Unknown (UNK),Unknown,?,?,,,Fatalities:  / Occupants:  
19761299-0,,xx DEC 1976,,Ilyushin Il-18V,Balkan Bulgarian Airlines,,,, LZ-BEL, 182004601, 1962,26279,,,12924,Fatalities:  / Occupants: ,Fatalities:  / Occupants: ,,, Damaged beyond repair,,"Tashkent Airport (TAS) (   Uzbekistan) 
", Standing (STD),-,-,-,,,Fatalities:  / Occupants:  
19769999-0,,xx xxx 1976,,Convair CV-440-86,Servicio Aéreo San Francisco,,,, CP-1008, 437, 1957,,,,,Fatalities:  / Occupants: ,Fatalities:  / Occupants: ,,, Damaged beyond repair,,"at an unknown location (   Unknown country) 
", Unknown (UNK),Unknown,?,?,,,Fatalities:  / Occupants:  
19769999-3,,xx xxx 1976,,Tupolev Tu-154,"Aeroflot, International Civil Aviation Directorate",,,, CCCP-85020, 71A020, 1971,,,,,Fatalities: 0 / Occupants: ,Fatalities: 0 / Occupants: ,,, Damaged beyond repair,,"Kiev-Borispol Airport (KBP) (   Ukraine) 
", Landing (LDG),Unknown,?,"Kiev-Borispol Airport (KBP/UKBB), Ukraine",,,Fatalities: 0 / Occupants:  
19769999-4,,xx xxx 1976,,Tupolev Tu-104A,"Aeroflot, East Siberia Civil Aviation Directorate",,,, CCCP-42371, 96601401, ,,, 2 Mikulin AM-3M,,Fatalities:  / Occupants: ,Fatalities:  / Occupants: ,,, Damaged beyond repair,,"Kiev-Borispol Airport (KBP) (   Ukraine) 
", Landing (LDG),Unknown,?,"Kiev-Borispol Airport (KBP/UKBB), Ukraine",,,Fatalities:  / Occupants:  
19769999-5,,xx xxx 1976,,Antonov An-2R,WSK Okecie,,,, SP-WCH, 1G126-23, ,,,,,Fatalities:  / Occupants: ,Fatalities:  / Occupants: ,,, Damaged beyond repair,,"at an unknown location (   Unknown country) 
", Unknown (UNK),Unknown,?,?,,,Fatalities:  / Occupants:  
19769999-6,,xx xxx 1976,,Antonov An-2R,Zakladu Uslug Agrolotniczych - ZUA,,,, SP-WMP, 1G156-30, ,,,,,Fatalities:  / Occupants: ,Fatalities:  / Occupants: ,,, Damaged beyond repair,,"at an unknown location (   Unknown country) 
", Unknown (UNK),Unknown,?,?,,,Fatalities:  / Occupants:  
19769999-8,,xx xxx 1976,,Douglas DC-3C,Kenting Aviation,,,, CF-DXO, 12437, 1944,,,,,Fatalities:  / Occupants: ,Fatalities:  / Occupants: ,,, Damaged beyond repair,,"unknown (   Unknown country) 
", Unknown (UNK),Unknown,?,?,,,Fatalities:  / Occupants:  
19769999-9,,xx xxx 1976,,Antonov An-12B,"Aeroflot, Northern Civil Aviation Directorate",,,, CCCP-11103, 01347705, ,,,,,Fatalities:  / Occupants: ,Fatalities:  / Occupants: ,,, Damaged beyond repair,,"unknown (   Unknown country) 
", Unknown (UNK),Unknown,?,?,,,Fatalities:  / Occupants:  
