Identifiant:,Status:,Date:,Time:,Type:,Operator:,Operating for:,On behalf of:,Leased from:,Registration:,C/n / msn:,First flight:,Total airframe hrs:,Year built:,Engines:,Cycles:,Crew:,Passengers:,Ground casualties:,Collision casualties:,Aircraft damage:,Aircraft fate:,Location:,Phase:,Nature:,Departure airport:,Destination airport:,Flightnumber:,Probable cause:,Total:
19881123-1,,Wednesday 23 November 1988,,Britten-Norman BN-2A-21 Islander,Belgische Luchtmacht,,,, B-05, 501, 1976-03-16  (12 years 9 months),,,,,Fatalities: 0 / Occupants: 0,Fatalities: 0 / Occupants: 0,,, Damaged beyond repair,,"Butzweilerhof (   Germany) 
", Standing (STD),Military,-,-,,,Fatalities: 0 / Occupants: 0 
19881123-2,,Wednesday 23 November 1988,,Britten-Norman BN-2A-21 Islander,Belgische Luchtmacht,,,, B-06, 510, 1976-03-27  (12 years 8 months),,,,,Fatalities: 0 / Occupants: 0,Fatalities: 0 / Occupants: 0,,, Damaged beyond repair,,"Butzweilerhof (   Germany) 
", Standing (STD),Military,-,-,,,Fatalities: 0 / Occupants: 0 
19881129-0,Final,Tuesday 29 November 1988,23:01,Beechcraft A100 King Air,Voyageur Airways,,,, C-GJUL, B-218, 1975,9420,, 2 Pratt & Whitney Canada PT6A-28,,Fatalities: 2 / Occupants: 2,Fatalities: 2 / Occupants: 2,,, Damaged beyond repair,,"2,4 km (1.5 mls) SW of Chapleau Airport, ON (YLD) (   Canada) 
", Approach (APR),Ambulance,"Timmins Airport, ON (YTS/CYTS), Canada","Chapleau Airport, ON (YLD/CYLD), Canada", 796,,Fatalities: 4 / Occupants: 4 
19881130-0,,Wednesday 30 November 1988,ca 07:20,de Havilland Canada DHC-6 Twin Otter 300,Aero Club Libya,,,, 5A-DDD, 670, 1980,,, 2 Pratt & Whitney Canada PT6A-27,,Fatalities: 2 / Occupants: 2,Fatalities: 12 / Occupants: 12,,, Damaged beyond repair,,"Hamada al Hamra (   Libya) 
", Approach (APR),Domestic Non Scheduled Passenger,"Hamada al Hamra Airfield, Libya","Tripoli International Airport (TIP/HLLT), Libya",,,Fatalities: 14 / Occupants: 14 
19881202-0,,Friday 2 December 1988,,Ilyushin Il-76T,Aeroflot,,,, registration unknown, , ,,,,,Fatalities: 0 / Occupants: 3,Fatalities: 0 / Occupants: 5,,, None,,"Tel aviv-Ben Gurion International Airport (TLV) (   Israel) 
", Unknown (UNK),Unknown,"Mineralnye Vody Airport (MRV/URMM), Russia","Tel Aviv-Ben Gurion International Airport (TLV/LLBG), Israel",,,Fatalities: 0 / Occupants: 8 
19881203-0,,Saturday 3 December 1988,,Hawker Siddeley HS-748-234 Srs. 2A,Air Creebec,,,, C-GQSV, 1618, 1968,,, 2 Rolls-Royce Dart 534-2,,Fatalities: 0 / Occupants: 3,Fatalities: 0 / Occupants: 0,,, Damaged beyond repair,,"Waskaganish Airport, QC (YKQ) (   Canada) 
", Landing (LDG),Cargo,?,"Waskaganish Airport, QC (YKQ/CYKQ), Canada",,,Fatalities: 0 / Occupants: 3 
19881207-0,,Wednesday 7 December 1988,19:33,Let L-410UVP,"Aeroflot, Krasnoyarsk Civil Aviation Directorate",,,, CCCP-67127, 790323, 1979,,,,,Fatalities: 2 / Occupants: 2,Fatalities: 4 / Occupants: 12,,, Damaged beyond repair,,"4,7 km (2.9 mls) from  Kodinsk Airport (   Russia) 
", Approach (APR),Domestic Scheduled Passenger,"Krasnoyarsk-Cheremshanka Airport (UNKM), Russia","Kodinsk Airport (UNKI), Russia",,,Fatalities: 6 / Occupants: 14 
19881208-1,,Thursday 8 December 1988,,Douglas DC-7CF,,,United States Agency for International Development,, N284, 45203/776, 1957,,,,,Fatalities: 5 / Occupants: 5,Fatalities: 0 / Occupants: 0,,, Damaged beyond repair,,"Western Sahara (   Western Sahara) 
", En route (ENR),Ferry/positioning,"Dakar-Yoff Airport (DKR/GOOY), Senegal","Agadir-Inezgane Airport (AGA/GMAA), Morocco",,,Fatalities: 5 / Occupants: 5 
19881208-2,,Thursday 8 December 1988,,Douglas DC-7CF,,,United States Agency for International Development,, N90804, 45116/750, 1956,,,,,Fatalities: 0 / Occupants: ,Fatalities: 0 / Occupants: 0,,, Substantial, Repaired,"Western Sahara (   Western Sahara) 
", En route (ENR),Ferry/positioning,"Dakar-Yoff Airport (DKR/GOOY), Senegal","Agadir-Inezgane Airport (AGA/GMAA), Morocco",,,Fatalities: 0 / Occupants:  
19881210-0,,Saturday 10 December 1988,ca 20:00,Antonov An-26,Ariana Afghan Airlines,,,, registration unknown, , ,,,,,Fatalities:  / Occupants: ,Fatalities:  / Occupants: ,,, Damaged beyond repair,,"at an unknown location (   Pakistan) 
", En route (ENR),Domestic Scheduled Passenger,"Khost Airport (KHT/OAKS), Afghanistan","Kabul-Khwaja Rawash Airport (KBL/OAKB), Afghanistan",,,Fatalities: 25 / Occupants: 25 
19881211-0,Preliminary,Sunday 11 December 1988,,Ilyushin Il-76M,Soviet Air Force,,,, CCCP-86732, 083413388, 1978,,,,,Fatalities: 9 / Occupants: 9,Fatalities: 68 / Occupants: 69,,, Damaged beyond repair,,"15 km (9.4 mls) from  Leninakan Airport (LWN) (   Armenia) 
", Approach (APR),Domestic Non Scheduled Passenger,"Baku-Bina International Airport (BAK/UBBB), Azerbaijan","Leninakan Airport (LWN/UDSG), Armenia",,,Fatalities: 77 / Occupants: 78 
19881211-1,,Sunday 11 December 1988,,Boeing 727-231,Trans World Airlines - TWA,,,, registration unknown, , ,,,,,Fatalities: 0 / Occupants: 7,Fatalities: 0 / Occupants: 121,,, None,,"Grand Turk Island Airport (GDT) (   Turks and Caicos Islands) 
", En route (ENR),Domestic Scheduled Passenger,"San Juan-Luis Muñoz Marín International Airport (SJU/TJSJ), Puerto Rico","Miami International Airport, FL (MIA/KMIA), United States of America",TW469,,Fatalities: 0 / Occupants: 128 
19881212-0,Preliminary,Monday 12 December 1988,02:23,Antonov An-12BP,Yugoslav Air Force,,,, YU-AID, 02348010, 1972,8388,, 4 Ivchenko AI-20M,4727,Fatalities: 7 / Occupants: 7,Fatalities: 0 / Occupants: 0,,, Damaged beyond repair,,"near Yerevan (   Armenia) 
", Approach (APR),Cargo,"Ankara (unknown airport), Turkey","Yerevan Airport (EVN/UDYZ), Armenia",,,Fatalities: 7 / Occupants: 7 
19881213-0,,Tuesday 13 December 1988,,Antonov An-2R,"Aeroflot, Arkhangelsk Civil Aviation Directorate",,,, CCCP-81535, 1G208-39, ,,,,,Fatalities: 0 / Occupants: ,Fatalities: 0 / Occupants: ,,, Damaged beyond repair,,"near Naryan-Mar (   Russia) 
", Unknown (UNK),Unknown,?,?,,,Fatalities: 0 / Occupants:  
19881213-1,,Tuesday 13 December 1988,21:50,Boeing 707-351C,GAS Air Nigeria,,,, 5N-AYJ, 19168/508, 1966,,, 4 Pratt & Whitney JT3D-3B,,Fatalities: 5 / Occupants: 5,Fatalities: 3 / Occupants: 3,Fatalities: 1,, Damaged beyond repair,,"Karm `Umran (   Egypt) 
", En route (ENR),Cargo,"Dar Es Salaam International Airport (DAR/HTDA), Tanzania","Cairo International Airport (CAI/HECA), Egypt",,,Fatalities: 8 / Occupants: 8 
19881216-0,,Friday 16 December 1988,,Learjet 24B,Crown Center Aviation,,,, N234CM, 24-214, ,,,,,Fatalities: 2 / Occupants: 2,Fatalities: 0 / Occupants: 0,,, Damaged beyond repair,,"Cuatro Ciénegas (   Mexico) 
", En route (ENR),Unknown,"Memphis International Airport, TN (MEM/KMEM), United States of America","Dallas-Addison Airport, TX (ADS/KADS), United States of America",,,Fatalities: 2 / Occupants: 2 
19881219-0,,Monday 19 December 1988,,Fokker F-27 Friendship 200MAR,Hukbong Himpapawid ng Pilipinas (Philippine Air Force),,,, 10602, 10602, 1980,2623,,,984,Fatalities: 0 / Occupants: ,Fatalities: 0 / Occupants: ,,, Damaged beyond repair,,"Catarman-National Airport (CRM) (   Philippines) 
", Landing (LDG),Military,"Manila International Airport (MNL/RPLL), Philippines","Catarman-National Airport (CRM/RPVF), Philippines",,,Fatalities: 0 / Occupants: 16 
19881221-0,Final,Wednesday 21 December 1988,19:03,Boeing 747-121A,Pan American World Airways (Pan Am),,,, N739PA, 19646/15, 1970-01-25  (18 years 11 months),72464,, 4 Pratt & Whitney JT9D-7A,16497,Fatalities: 16 / Occupants: 16,Fatalities: 243 / Occupants: 243,Fatalities: 11,, Destroyed, Written off (damaged beyond repair),"Lockerbie (   United Kingdom) 
", En route (ENR),International Scheduled Passenger,"London-Heathrow Airport (LHR/EGLL), United Kingdom","New York-John F. Kennedy International Airport, NY (JFK/KJFK), United States of America",PA103,,Fatalities: 259 / Occupants: 259 
19881299-3,,xx DEC 1988,,Britten-Norman BN-2A-26 Islander,Trans Island Airways,,,, N851JA, 11, 1967-12-04  (2 years ),,,,,Fatalities:  / Occupants: ,Fatalities:  / Occupants: ,,, Damaged beyond repair,,"at an unknown location (   Bahamas) 
", Unknown (UNK),Unknown,?,?,,,Fatalities:  / Occupants:  
19889999-0,,xx xxx 1988,,Lockheed L-749A Constellation,Aerochago Airlines,,,, HI-422, 2667, 1951,,,,,Fatalities:  / Occupants: ,Fatalities:  / Occupants: ,,, Damaged beyond repair,,"Santo Domingo (   Dominican Republic) 
", Landing (LDG),Cargo,?,"Santo Domingo (unknown airport), Dominican Republic",,,Fatalities:  / Occupants:  
19889999-1,,xx xxx 1988,,Vickers 757 Viscount,Filair,,,, 9Q-CTS, 310, 1958,,, 4 Rolls-Royce Dart 506,,Fatalities: 0 / Occupants: ,Fatalities: 0 / Occupants: ,,, Damaged beyond repair,,"Tshikapa Airport (TSH) (   Democratic Republic of the Congo) 
", Landing (LDG),Unknown,?,"Tshikapa Airport (TSH/FZUK), Democratic Republic of the Congo",,,Fatalities: 0 / Occupants:  
19880102-1,Final,Saturday 2 January 1988,19:18,Boeing 737-230 Adv.,Condor Flugdienst,,,, D-ABHD, 22635/774, 1981-06-15  (6 years 7 months),19334,, 2 Pratt & Whitney JT8D-17A,,Fatalities: 5 / Occupants: 5,Fatalities: 11 / Occupants: 11,,, Damaged beyond repair,,"near Seferihisar (   Turkey) 
", Approach (APR),Int'l Non Scheduled Passenger,"Stuttgart-Echterdingen Airport (STR/EDDS), Germany","Izmir-Adnan Menderes Airport (ADB/LTBJ), Turkey",3782,,Fatalities: 16 / Occupants: 16 
19880104-0,,Monday 4 January 1988,,McDonnell Douglas DC-9,Aeroméxico,,,, registration unknown, , ,,,,,Fatalities: 0 / Occupants: 8,Fatalities: 0 / Occupants: 110,,, None,,"Monterrey (   Mexico) 
", En route (ENR),Domestic Scheduled Passenger,"Tijuana-Rodriguez Airport (TIJ/MMTJ), Mexico","Mexico City International Airport (MEX/MMMX), Mexico",,,Fatalities: 0 / Occupants: 118 
19880105-0,,Tuesday 5 January 1988,,unknown,Iran Air,,,, registration unknown, , ,,,,,Fatalities: 0 / Occupants: ,Fatalities: 0 / Occupants: ,,, Unknown,,"Tehran-Mehrabad Airport (THR) (   Iran) 
", Taxi (TXI),Domestic Scheduled Passenger,"Tehran-Mehrabad Airport (THR/OIII), Iran","Mashhad Airport (MHD/OIMM), Iran",,,Fatalities: 0 / Occupants:  
19880108-0,,Friday 8 January 1988,,Yakovlev Yak-40K,TAAG Angola Airlines,,,, D2-TYD, 9721853, 1977,,, 3 Ivchenko AI-25,,Fatalities: 0 / Occupants: ,Fatalities: 0 / Occupants: ,,, Damaged beyond repair,,"Luanda Airport (LAD) (   Angola) 
", Landing (LDG),Unknown,?,"Luanda Airport (LAD/FNLU), Angola",,,Fatalities: 0 / Occupants:  
19880108-1,Final,Friday 8 January 1988,05:19,Learjet 36A,Phoenix Air,,,, N79SF, 36-041, ,3039,, 2 Garrett TFE731-2-2B,,Fatalities: 2 / Occupants: 2,Fatalities: 0 / Occupants: 0,,, Destroyed, Written off (damaged beyond repair),"16 km (10 mls) SW of Monroe Municipal Airport, LA (MLU) (   United States of America) 
", Approach (APR),Unknown,"Memphis International Airport, TN (MEM/KMEM), United States of America","Monroe Municipal Airport, LA (MLU/KMLU), United States of America",,,Fatalities: 2 / Occupants: 2 
19880110-1,Final,Sunday 10 January 1988,09:36,NAMC YS-11-109,TOA Domestic Airlines,,,, JA8662, 2022, 1966,,, 2 Rolls-Royce Dart 542-10,,Fatalities: 0 / Occupants: 4,Fatalities: 0 / Occupants: 48,,, Damaged beyond repair,,"Yonago-Miho Airport (YGJ) (   Japan) 
", Takeoff (TOF),Domestic Scheduled Passenger,"Yonago-Miho Airport (YGJ/RJOH), Japan","Osaka-Itami Airport (ITM/RJOO), Japan", 670,,Fatalities: 0 / Occupants: 52 
19880111-0,,Monday 11 January 1988,12:44,Shorts 330-200,Fairflight,,,, G-BHWT, SH.3049, 1980,,,,,Fatalities: 0 / Occupants: 2,Fatalities: 0 / Occupants: 0,,, Damaged beyond repair,,"Southend Municipal Airport (SEN) (   United Kingdom) 
", Taxi (TXI),Ferry/positioning,"Southend Municipal Airport (SEN/EGMC), United Kingdom","London-Biggin Hill Airport (BQH/EGKB), United Kingdom",,,Fatalities: 0 / Occupants: 2 
19880111-1,,Monday 11 January 1988,12:44,Vickers 806 Viscount,British Air Ferries - BAF,,,, G-APIM, 412, 1958,,, 4 Rolls-Royce Dart 510,,Fatalities: 0 / Occupants: 0,Fatalities: 0 / Occupants: 0,,, Damaged beyond repair,,"Southend Municipal Airport (SEN) (   United Kingdom) 
", Standing (STD),-,-,-,,,Fatalities: 0 / Occupants: 0 
19880112-0,,Tuesday 12 January 1988,,Swearingen SA226-AT Merlin IV,Air Toronto,,,, C-GJWW, AT-013, 1973,,,,,Fatalities: 0 / Occupants: 2,Fatalities: 0 / Occupants: 1,,, Damaged beyond repair,,"Hamilton Airport, ON (YHM) (   Canada) 
", Landing (LDG),Non Scheduled Passenger,?,"Hamilton Airport, ON (YHM/CYHM), Canada",,,Fatalities: 0 / Occupants: 3 
19880115-0,Final,Friday 15 January 1988,09:24,Dassault Falcon 20F,Segas International Ltd,,,, VR-BJB, 244, 1970,6569,, 2 General Electric CF700-2D2,6410,Fatalities: 0 / Occupants: 2,Fatalities: 0 / Occupants: 0,,, Damaged beyond repair,,"Lugano Airport (LUG) (   Switzerland) 
", Takeoff (TOF),Executive,"Lugano Airport (LUG/LSZA), Switzerland","Roma-Ciampino Airport (CIA/LIRA), Italy",,,Fatalities: 0 / Occupants: 2 
19880117-0,Final,Sunday 17 January 1988,07:28,Boeing 737-2T2,Delta Air Lines,,,, N4571M, 22793/892, 1982-07-07  (5 years 7 months),12757,, 2 Pratt & Whitney JT8D-17,,Fatalities: 0 / Occupants: 5,Fatalities: 0 / Occupants: 33,,, Substantial, Repaired,"Vancouver International Airport, BC (YVR) (   Canada) 
", Takeoff (TOF),International Scheduled Passenger,"Vancouver International Airport, BC (YVR/CYVR), Canada","Spokane International Airport, WA (GEG/KGEG), United States of America",DL1490,,Fatalities: 0 / Occupants: 38 
19880118-0,Final,Monday 18 January 1988,10:10,Hawker Siddeley HS-125-600B,Aero Astra,,,, XA-KUT, 256028, 1974,2812,, 2 Rolls-Royce Viper 601,,Fatalities: 1 / Occupants: 2,Fatalities: 0 / Occupants: 6,,, Destroyed, Written off (damaged beyond repair),"Houston-William P. Hobby Airport, TX (HOU) (   United States of America) 
", Approach (APR),Executive,"Laredo International Airport, TX (LRD/KLRD), United States of America","Houston-William P. Hobby Airport, TX (HOU/KHOU), United States of America",,,Fatalities: 1 / Occupants: 8 
19880118-3,,Monday 18 January 1988,22:17,Ilyushin Il-18D,China Southwest Airlines,,,, B-222, 187009901, 1967,,, 4 Ivchenko AI-20M,,Fatalities: 10 / Occupants: 10,Fatalities: 98 / Occupants: 98,,, Destroyed, Written off (damaged beyond repair),"5,7 km (3.6 mls) NW of Chongqing Baishiyi Airport (   China) 
", Approach (APR),Domestic Scheduled Passenger,"Beijing-Capital International Airport (PEK/ZBAA), China","Chongqing Baishiyi Airport, China",4146,,Fatalities: 108 / Occupants: 108 
19880118-5,,Monday 18 January 1988,,Curtiss C-46A-55-CK Commando,Empresa Transportes Aéreos - ETA,,,, CP-1244,   246, 1945,,, 2 Pratt & Whitney R-2800-51,,Fatalities: 3 / Occupants: 3,Fatalities: 6 / Occupants: 6,,, Damaged beyond repair,,"100 km (62.5 mls) NE of La Paz (   Bolivia) 
", En route (ENR),Domestic Non Scheduled Passenger,"La Paz-El Alto Airport (LPB/SLLP), Bolivia",?,,,Fatalities: 9 / Occupants: 9 
19880118-6,,Monday 18 January 1988,04:20,Tupolev Tu-154B-1,Aeroflot / Turkmenistan,,,, CCCP-85254, 77A254, 1977,15859,, 3 Kuznetsov NK-8-2U,8082,Fatalities: 0 / Occupants: 6,Fatalities: 11 / Occupants: 137,,, Damaged beyond repair,,"Krasnovodsk Airport (KRW) (   Turkmenistan) 
", Landing (LDG),Domestic Scheduled Passenger,"Moskva-Domodedovo Airport (DME/UUDD), Russia","Krasnovodsk Airport (KRW/UTAK), Turkmenistan",,,Fatalities: 11 / Occupants: 143 
19880119-0,Final,Tuesday 19 January 1988,19:13,de Havilland Canada DHC-6 Twin Otter 200,Mountain Air Cargo,,,, N996SA, 159, 1968,,, 2 Pratt & Whitney Canada PT6A-20,,Fatalities: 0 / Occupants: 1,Fatalities: 0 / Occupants: 0,,, Substantial, Written off (damaged beyond repair),"1,6 km (1 mls) S of Charlotte-Douglas Airport, NC (CLT) (   United States of America) 
", Approach (APR),Ferry/positioning,"Erie International Airport, PA (ERI/KERI), United States of America","Charlotte-Douglas Airport, NC (CLT/KCLT), United States of America",,,Fatalities: 0 / Occupants: 1 
19880119-1,,Tuesday 19 January 1988,,Pilatus Britten-Norman BN-2A-26 Islander,Taiwan Airlines,,,, B-11125, 2029, 1986-12-18  (1 year 1 months),,,,,Fatalities:  / Occupants: 2,Fatalities:  / Occupants: 9,,, Damaged beyond repair,,"near Green Island Airport (GNI) (   Taiwan) 
", Approach (APR),Domestic Scheduled Passenger,"Taitung Airport (TTT/RCFN), Taiwan","Green Island Airport (GNI/RCGI), Taiwan",,,Fatalities: 10 / Occupants: 11 
19880119-3,Final,Tuesday 19 January 1988,19:20,Swearingen SA227-AC Metro III,Trans-Colorado Airlines,,,, N68TC, AC-457, 1981,11895,, 2 Garrett TPE331-11U-611G,,Fatalities: 2 / Occupants: 2,Fatalities: 6 / Occupants: 15,,, Destroyed, Written off (damaged beyond repair),"8 km (5 mls) NE of Durango-La Plata Airport, CO (DRO) (   United States of America) 
", Approach (APR),Domestic Scheduled Passenger,"Denver-Stapleton International Airport, CO (DEN/KDEN), United States of America","Durango-La Plata Airport, CO (DRO/KDRO), United States of America",2286,,Fatalities: 8 / Occupants: 17 
19880123-0,,Saturday 23 January 1988,,Douglas DC-6,Nicaraguan Contras,,,, registration unknown, , ,,,,,Fatalities: 9 / Occupants: 10,Fatalities: 0 / Occupants: 0,,, Destroyed, Written off (damaged beyond repair),"40 km (25 mls) E of San Carlos (   Nicaragua) 
", Maneuvering (MNV),Military,"Islas Del Cisne Airport (MHIC), Honduras","Islas Del Cisne Airport (MHIC), Honduras",,,Fatalities: 9 / Occupants: 10 
19880124-0,,Sunday 24 January 1988,16:49,Yakovlev Yak-40,"Aeroflot, Privolzhsk Civil Aviation Directorate",,,, CCCP-87549, 9531442, 1975,,, 3 Ivchenko AI-25,,Fatalities: 4 / Occupants: 4,Fatalities: 23 / Occupants: 27,,, Damaged beyond repair,,"near Nizhnevartovsk Airport (NJC) (   Russia) 
", Initial climb (ICL),Domestic Non Scheduled Passenger,"Nizhnevartovsk Airport (NJC/USNN), Russia","Tyumen Airport (TJM/USTR), Russia",,,Fatalities: 27 / Occupants: 31 
19880129-0,Final,Friday 29 January 1988,01:11,Vickers 953C Vanguard,Inter Cargo Service,,,, F-GEJF, 715, 1961-09-22  (26 years 5 months),30019,, 4 Rolls-Royce Tyne 512,,Fatalities: 0 / Occupants: 3,Fatalities: 0 / Occupants: 1,,, Damaged beyond repair,,"Toulouse-Blagnac Airport (TLS) (   France) 
", Takeoff (TOF),Cargo,"Toulouse-Blagnac Airport (TLS/LFBO), France","Paris-Orly Airport (ORY/LFPO), France",1004,,Fatalities: 0 / Occupants: 4 
19880130-0,,Saturday 30 January 1988,,CASA C-212 Aviocar 200,Fuerza Aérea Panameña - FAP,,,, FAP-215, 237, 1982-03-16  (5 years 11 months),,,,,Fatalities: 2 / Occupants: 2,Fatalities: 14 / Occupants: 14,,, Damaged beyond repair,,"within Darién Province (   Panama) 
", En route (ENR),Military,"Panama City-Omar Torrijos International Airport (PTY/MPTO), Panama",?,,,Fatalities: 16 / Occupants: 16 
19880201-0,,Monday 1 February 1988,,Swearingen SA226-TC Metro II,Air Vendée,,,, F-GERV, TC-210, 1974,,,,,Fatalities: 0 / Occupants: ,Fatalities: 0 / Occupants: ,,, Damaged beyond repair,,"Rouen (   France) 
", Unknown (UNK),Unknown,?,?,,,Fatalities: 0 / Occupants:  
19880202-1,Final,Tuesday 2 February 1988,20:32,Convair CV-580,Aspen Airways,,,, N5808, 348, 1956,53781,, 2 Allison 501-D13H,,Fatalities: 0 / Occupants: 3,Fatalities: 0 / Occupants: 38,,, Substantial, Written off (damaged beyond repair),"Durango-La Plata Airport, CO (DRO) (   United States of America) 
", Landing (LDG),Domestic Scheduled Passenger,"Denver-Stapleton International Airport, CO (DEN/KDEN), United States of America","Durango-La Plata Airport, CO (DRO/KDRO), United States of America",,,Fatalities: 0 / Occupants: 41 
19880208-0,Preliminary,Monday 8 February 1988,,Douglas AC-47,Royal Thai Air Force - RTAF,,,, L2-34/13/789, 13740, 1944,,,,,Fatalities:  / Occupants: ,Fatalities:  / Occupants: ,,, Damaged beyond repair,,"Bangkok International Airport (BKK) (   Thailand) 
", Landing (LDG),Military,?,"Bangkok-Don Muang International Airport (BKK/VTBD), Thailand",,,Fatalities:  / Occupants:  
19880208-1,,Monday 8 February 1988,,Boeing 707-349C,TAAG Angola Airlines,,,, D2-TOI, 18975/445, 1965,,, 4 Pratt & Whitney JT3D-3B,,Fatalities: 0 / Occupants: 9,Fatalities: 0 / Occupants: 0,,, Damaged beyond repair,,"Luanda-4 de Fevereiro Airport (LAD) (   Angola) 
", Approach (APR),Cargo,?,"Luanda-4 de Fevereiro Airport (LAD/FNLU), Angola",,,Fatalities: 0 / Occupants: 9 
19880208-2,Final,Monday 8 February 1988,07:58,Swearingen SA227-AC Metro III,Nürnberger Flugdienst - NFD,,,, D-CABB, AC-500, 1982,9184,, 2 Garrett TPE331-11U-601G,,Fatalities: 2 / Occupants: 2,Fatalities: 19 / Occupants: 19,,, Destroyed, Written off (damaged beyond repair),"2 km (1.3 mls) N of Kettwig (   Germany) 
", Approach (APR),Domestic Scheduled Passenger,"Hannover Airport (HAJ/EDDV), Germany","Düsseldorf Airport (DUS/EDDL), Germany", 108,,Fatalities: 21 / Occupants: 21 
19880208-3,,Monday 8 February 1988,,Antonov An-32,Indian Air Force - IAF,,,, K2713, 0508, 1985,,,,,Fatalities:  / Occupants: ,Fatalities:  / Occupants: ,,, Damaged beyond repair,,"Tuting, Arunachal Pradesh (   India) 
", Unknown (UNK),Military,?,?,,,Fatalities:  / Occupants:  
19880209-0,Final,Tuesday 9 February 1988,15:00,British Aerospace 3102 Jetstream 31,,,Piedmont Commuter,, N823JS, 623, 1983,8219,, 2 Garrett TPE331-10UF,,Fatalities: 3 / Occupants: 3,Fatalities: 0 / Occupants: 0,,, Destroyed, Written off (damaged beyond repair),"Springfield Airport, OH (SGH) (   United States of America) 
", Approach (APR),Training,"Dayton-James Cox Dayton International Airport, OH (DAY/KDAY), United States of America","Springfield Airport, OH (SGH/KSGH), United States of America",,,Fatalities: 3 / Occupants: 3 
19880211-0,,Thursday 11 February 1988,03:32,Swearingen SA226-TC Metro II,Air Niagara,,,, C-GJDX, TC-211EE, 1974,,,,,Fatalities: 2 / Occupants: 2,Fatalities: 0 / Occupants: 0,,, Damaged beyond repair,,"Lake Ontario, ON (   Canada) 
", En route (ENR),Ferry/positioning,"Toronto-Pearson International Airport, ON (YYZ/CYYZ), Canada","Hamilton Airport, ON (YHM/CYHM), Canada",,,Fatalities: 2 / Occupants: 2 
19880211-1,Final,Thursday 11 February 1988,17:03,Dassault Falcon 20D,Nevada Flyco,,,, N287W, 194, 1969,7163,, 2 General Electric CF700-2D2,,Fatalities: 0 / Occupants: 2,Fatalities: 0 / Occupants: 7,,, Damaged beyond repair,,"Wheeling-Ohio County Airport, WV (HLG) (   United States of America) 
", Landing (LDG),Executive,"Akron/Canton Regional Airport, OH (CAK/KCAK), United States of America","Wheeling-Ohio County Airport, WV (HLG/KHLG), United States of America",,,Fatalities: 0 / Occupants: 9 
19880213-0,,Saturday 13 February 1988,,Boeing 737-2R8C,Air Tanzania,,,, registration unknown, , ,,, 2 Pratt & Whitney JT8D-17,,Fatalities: 0 / Occupants: ,Fatalities: 0 / Occupants: ,,, None,,"Dar es Salaam International Airport (DAR) (   Tanzania) 
", En route (ENR),Domestic Scheduled Passenger,"Dar es Salaam International Airport (DAR/HTDA), Tanzania","Kilimanjaro Airport (JRO/HTKJ), Tanzania",,,Fatalities: 0 / Occupants: 76 
19880217-0,Preliminary,Wednesday 17 February 1988,,Tupolev Tu-134A,Hâng Không Viêtnam,,,, VN-A108, 6348430, 1976,,,,,Fatalities: 0 / Occupants: ,Fatalities: 0 / Occupants: ,,, Damaged beyond repair,,"Hanoi-Noibai Airport (HAN) (   Vietnam) 
", Landing (LDG),Unknown,?,"Hanoi-Noi Bai International Airport (HAN/VVNB), Vietnam",,,Fatalities: 0 / Occupants:  
19880219-0,,Friday 19 February 1988,,CASA C-212 Aviocar 200,Armada de Mexico - Fuerza Aeronaval,,,, MP-113, 345, 1986-08-17  (1 year 6 months),,,,,Fatalities:  / Occupants: ,Fatalities:  / Occupants: ,,, Damaged beyond repair,,"near Campeche (   Mexico) 
", Unknown (UNK),Military,?,?,,,Fatalities: 6 / Occupants: 6 
19880219-1,Final,Friday 19 February 1988,21:27,Swearingen SA227-AC Metro III,AVAir,,,, N622AV, AC-622, 1985,4222,, 2 Garrett TPE331-11U-611G,,Fatalities: 2 / Occupants: 2,Fatalities: 10 / Occupants: 10,,, Destroyed, Written off (damaged beyond repair),"1,5 km (0.9 mls) W of Raleigh/Durham Airport, NC (RDU) (   United States of America) 
", Initial climb (ICL),Domestic Scheduled Passenger,"Raleigh/Durham Airport, NC (RDU/KRDU), United States of America","Richmond International Airport (Byrd Field), VA (RIC/KRIC), United States of America",3378,,Fatalities: 12 / Occupants: 12 
19880222-0,,Monday 22 February 1988,,Boeing 737,China Airlines,,,, registration unknown, , ,,,,,Fatalities: 0 / Occupants: ,Fatalities: 0 / Occupants: ,,, None,,"Kaohsiung International Airport (KHH) (   Taiwan) 
", Unknown (UNK),Domestic Scheduled Passenger,"Taipei (unknown airport), Taiwan","Kaohsiung International Airport (KHH/RCKH), Taiwan",,,Fatalities: 0 / Occupants: 106 
19880224-0,,Wednesday 24 February 1988,,Learjet 24F,Transamérica Táxi Aéreo,,,, PT-LMA, 24-353, ,,,,,Fatalities: 2 / Occupants: 4,Fatalities: 0 / Occupants: 2,,, Damaged beyond repair,,"2 km (1.3 mls) from  Macaé Airport, RJ (MEA) (   Brazil) 
", Approach (APR),Training,"Rio de Contas-Rio de Contas Airport, BA (SDLE), Brazil","Macaé Airport, RJ (MEA/SBME), Brazil",,,Fatalities: 2 / Occupants: 6 
19880225-0,Preliminary,Thursday 25 February 1988,,Beechcraft 99A Airliner,Touraine Air Transport - TAT,,,, F-BTMJ, U-129, 1970,,, 2 Pratt & Whitney Canada PT6A-27,,Fatalities: 0 / Occupants: ,Fatalities: 0 / Occupants: ,,, Damaged beyond repair,,"Dinard-Pleurtuit Airport (DNR) ? (   France) 
", Unknown (UNK),Unknown,"Dinard-Pleurtuit Airport (DNR/LFRD), France",?,,,Fatalities: 0 / Occupants:  
19880226-0,,Friday 26 February 1988,,Antonov An-2R,"Aeroflot, Yakutsk Civil Aviation Directorate",,,, CCCP-01648, 1G82-42, 1967,,,,,Fatalities:  / Occupants: ,Fatalities:  / Occupants: ,,, Damaged beyond repair,,"Saskylakh (   Russia) 
", Unknown (UNK),Unknown,?,?,,,Fatalities:  / Occupants:  
19880227-0,,Saturday 27 February 1988,06:08,Tupolev Tu-134AK,Aeroflot / Belarus,,,, CCCP-65675, 2351705, 1972,18900,,,12656,Fatalities: 3 / Occupants: 6,Fatalities: 17 / Occupants: 45,,, Damaged beyond repair,,"Surgut Airport (SGC) (   Russia) 
", Approach (APR),Domestic Scheduled Passenger,"Tyumen Airport (TJM/USTR), Russia","Surgut Airport (SGC/USRR), Russia",,,Fatalities: 20 / Occupants: 51 
19880227-1,Preliminary - official,Saturday 27 February 1988,10:25,Boeing 727-2H9,Talia Airways,,,, TC-AKD, 20930/1044, 1974-05-31  (13 years 9 months),,, 3 Pratt & Whitney JT8D-9A,,Fatalities: 6 / Occupants: 6,Fatalities: 9 / Occupants: 9,,, Damaged beyond repair,,"near Girne Arap (   Cyprus) 
", Approach (APR),Ferry/positioning,"Istanbul-Atatürk International Airport (IST/LTBA), Turkey","Ercan Airport (ECN/LCEN), Turkey",,,Fatalities: 15 / Occupants: 15 
19880301-0,,Tuesday 1 March 1988,,Embraer EMB-110P1 Bandeirante,,Comair,,Bop Air, ZS-LGP, 110402, 1982,,, 2 Pratt & Whitney Canada PT6A-34,,Fatalities: 2 / Occupants: 2,Fatalities: 15 / Occupants: 15,,, Destroyed, Written off (damaged beyond repair),"Germiston, c. 13 km SW of Johannesburg International Airport (JNB' (   South Africa) 
", Approach (APR),Domestic Scheduled Passenger,"Phalaborwa Airport (PHW/FAPH), South Africa","Johannesburg International Airport (JNB/FAJS), South Africa",,,Fatalities: 17 / Occupants: 17 
19880301-1,,Tuesday 1 March 1988,,Beechcraft 200 Super King Air,Norfolk Pacific Aviation,,,, VH-IBC, BB-74, 1975,,,,,Fatalities: 0 / Occupants: ,Fatalities: 0 / Occupants: ,,, Damaged beyond repair,,"unknown (   Australia) 
", Unknown (UNK),Unknown,?,?,,,Fatalities: 0 / Occupants:  
19880304-0,Final,Friday 4 March 1988,07:37,Fairchild FH-227B,Transport Aérien Transrégional - TAT,,,, F-GCPS, 546, 1967,33142,, 2 Rolls-Royce Dart 532-7,55843,Fatalities: 3 / Occupants: 3,Fatalities: 20 / Occupants: 20,,, Destroyed, Written off (damaged beyond repair),"1,6 km (1 mls) E of Machault (   France) 
", Approach (APR),Domestic Scheduled Passenger,"Nancy-Essey Airport (ENC/LFSN), France","Paris-Orly Airport (ORY/LFPO), France",IJ230,,Fatalities: 23 / Occupants: 23 
19880308-0,,Tuesday 8 March 1988,,Tupolev Tu-154B-2,"Aeroflot, East Siberia Civil Aviation Directorate",,,, CCCP-85413, 80A413, 1980,11411,, 3 Kuznetsov NK-8-2U,4669,Fatalities: 1 / Occupants: 8,Fatalities: 8 / Occupants: 76,,, Damaged beyond repair,,"Leningrad-Pulkovo Airport (LED) (   Russia) 
", En route (ENR),Domestic Scheduled Passenger,"Kurgan Airport (KRO/USUU), Russia","Leningrad-Pulkovo Airport (LED/ULLI), Russia",SU3739,,Fatalities: 9 / Occupants: 84 
19880308-1,,Tuesday 8 March 1988,,Antonov An-12B,Indian Air Force - IAF,,,, L2174, 6343806, ,,,,,Fatalities:  / Occupants: ,Fatalities:  / Occupants: ,Fatalities: 8,, Damaged beyond repair,,"near Charbatia Air Base (   India) 
", Unknown (UNK),Military,"Charbatia Air Base (VCUT), India",?,,,Fatalities: 9 / Occupants: 9 
19880312-0,,Saturday 12 March 1988,,Airbus A300B4-203,Pakistan International Airlines - PIA,,,, registration unknown, , ,,,,,Fatalities: 0 / Occupants: 13,Fatalities: 0 / Occupants: 143,,, None,,"Quetta Airport (UET) (   Pakistan) 
", En route (ENR),Domestic Scheduled Passenger,"Karachi International Airport (KHI/OPKC), Pakistan","Quetta Airport (UET/OPQT), Pakistan",PK320,,Fatalities: 0 / Occupants: 156 
19880317-0,Final,Thursday 17 March 1988,13:17,Boeing 727-21,Avianca,,,, HK-1716, 18999/240, 1966-03-08  (22 years ),43848,, 3 Pratt & Whitney JT8D-7A,,Fatalities: 7 / Occupants: 7,Fatalities: 136 / Occupants: 136,,, Destroyed, Written off (damaged beyond repair),"25 km (15.6 mls) NW of Cúcuta-Camilo Daza Airport (CUC) (   Colombia) 
", En route (ENR),Domestic Scheduled Passenger,"Cúcuta-Camilo Daza Airport (CUC/SKCC), Colombia","Cartagena-Rafael Núñez Airport (CTG/SKCG), Colombia",AV410,,Fatalities: 143 / Occupants: 143 
19880325-0,Final,Friday 25 March 1988,08:30,British Aerospace 3101 Jetstream 31,,American Eagle,,Chaparral Airlines, N411AE, 671, 1985,4475,, 2 Garrett TPE331-10UR-513H,,Fatalities: 0 / Occupants: 2,Fatalities: 0 / Occupants: 0,,, Substantial, Written off (damaged beyond repair),"near Decatur, TX (   United States of America) 
", En route (ENR),Ferry/positioning,"Wichita Falls-Sheppard AFB, TX (SPS/KSPS), United States of America","Dallas/Fort Worth International Airport, TX (DFW/KDFW), United States of America",,,Fatalities: 0 / Occupants: 2 
19880331-0,,Thursday 31 March 1988,04:07,Douglas DC-8-55F,Arax Airlines,,,, 5N-ARH, 45859/253, 1966,,, 4 Pratt & Whitney JT3D-3B,,Fatalities: 4 / Occupants: 4,Fatalities: 0 / Occupants: 0,,, Damaged beyond repair,,"Cairo International Airport (CAI) (   Egypt) 
", Takeoff (TOF),Cargo,"Cairo International Airport (CAI/HECA), Egypt","Sharjah Airport (SHJ/OMSJ), United Arab Emirates",,,Fatalities: 4 / Occupants: 4 
19880405-0,,Tuesday 5 April 1988,,Boeing 747-269B,Kuwait Airways,,,, 9K-ADB, 21542/335, 1978-08-03  (9 years 8 months),,, 4 Pratt & Whitney JT9D-7J,,Fatalities: 0 / Occupants: ,Fatalities: 2 / Occupants: ,,, Unknown,,"Algiers-Houari Boumediene Airport (ALG) (   Algeria) 
", En route (ENR),International Scheduled Passenger,"Bangkok-Don Muang International Airport (BKK/VTBD), Thailand","Kuwait International Airport (KWI/OKBK), Kuwait", 422,,Fatalities: 2 / Occupants: 112 
19880410-0,,Sunday 10 April 1988,03:10,Antonov An-26,Democratic Republic of Afghanistan Air Force - DRAAF,,,, registration unknown, , ,,,,,Fatalities: 6 / Occupants: 6,Fatalities: 23 / Occupants: 23,,, Damaged beyond repair,,"near Maimana (   Afghanistan) 
", En route (ENR),Military,"Maimana Airport (MMZ/OAMN), Afghanistan","Mazar-I-Sharif Airport (MZR/OAMS), Afghanistan",,,Fatalities: 29 / Occupants: 29 
19880412-2,,Tuesday 12 April 1988,20:08,Douglas DC-3C,United Air,,,, ZS-UAS, 6154, 1942,,,,,Fatalities: 3 / Occupants: 3,Fatalities: 21 / Occupants: 21,,, Damaged beyond repair,,"near Hennenman (   South Africa) 
", En route (ENR),Domestic Non Scheduled Passenger,"Bloemfontein International Airport (BFN/FABL), South Africa","Johannesburg International Airport (JNB/FAJS), South Africa",,,Fatalities: 24 / Occupants: 24 
19880413-1,Final,Wednesday 13 April 1988,05:13,McDonnell Douglas DC-8-73CF,Gabon Government,,,, TR-LTZ, 46053/446, ,,,,,Fatalities: 0 / Occupants: 3,Fatalities: 0 / Occupants: 1,,, Substantial, Repaired,"Frankfurt International Airport (FRA) (   Germany) 
", Takeoff (TOF),Cargo,"Frankfurt International Airport (FRA/EDDF), Germany","New York-John F. Kennedy International Airport, NY (JFK/KJFK), United States of America",,,Fatalities: 0 / Occupants: 4 
19880414-0,Final,Thursday 14 April 1988,09:45,Fokker F-28 Fellowship 4000,Piedmont Airlines,,,, N110UR, 11182, 1982-03-31  (6 years ),14441,,,,Fatalities: 0 / Occupants: 6,Fatalities: 0 / Occupants: 56,,, Substantial, Repaired,"Charleston, WV (   United States of America) 
", En route (ENR),Domestic Scheduled Passenger,"Charlotte-Douglas Airport, NC (CLT/KCLT), United States of America","Charleston-Yeager Airport, WV (CRW/KCRW), United States of America",,,Fatalities: 0 / Occupants: 62 
19880415-0,Final,Friday 15 April 1988,18:32,de Havilland Canada DHC-8-102,Horizon Air,,,, N819PH, 061, 1986,3106,, 2 Pratt & Whitney Canada PW120,4097,Fatalities: 0 / Occupants: 3,Fatalities: 0 / Occupants: 37,,, Destroyed, Written off (damaged beyond repair),"Seattle/Tacoma International Airport, WA (SEA) (   United States of America) 
", Landing (LDG),Domestic Scheduled Passenger,"Seattle/Tacoma International Airport, WA (SEA/KSEA), United States of America","Spokane International Airport, WA (GEG/KGEG), United States of America",2658,,Fatalities: 0 / Occupants: 40 
19880419-0,,Tuesday 19 April 1988,10:03,Let L-410UVP,"Aeroflot, East Siberia Civil Aviation Directorate",,,, CCCP-67518, 851422, 1985,,,,,Fatalities: 2 / Occupants: 2,Fatalities: 15 / Occupants: 15,,, Destroyed, Written off (damaged beyond repair),"74 km (46.3 mls) NE of Bagdarin (   Russia) 
", En route (ENR),Domestic Scheduled Passenger,"Muya Airport, Russia","Bagdarin Airport (UIUB), Russia",,,Fatalities: 17 / Occupants: 17 
19880420-0,,Wednesday 20 April 1988,,Antonov An-26RT,Soviet Air Force,,,, 04, , ,,,,,Fatalities: 6 / Occupants: 6,Fatalities: 0 / Occupants: 0,,, Damaged beyond repair,,"Kudinovo (   Russia) 
", Initial climb (ICL),Military,"Chkalovsky Airport (CKL/UUMU), Russia","Chkalovsky Airport (CKL/UUMU), Russia",,,Fatalities: 6 / Occupants: 6 
19880421-0,,Thursday 21 April 1988,,Douglas C-47A-DL (DC-3),Flying Enterprises Inc.,,,, N47FE, 19536, 1944,,, 2 Pratt & Whitney R-1830-92,,Fatalities: 2 / Occupants: 2,Fatalities: 0 / Occupants: 0,,, Damaged beyond repair,,"Quelimane Airport (UEL) (   Mozambique) 
", Takeoff (TOF),Unknown,"Quelimane Airport (UEL/FQQL), Mozambique",?,,,Fatalities: 2 / Occupants: 2 
19880427-0,,Wednesday 27 April 1988,09:35,Antonov An-26,Fuerza Aérea Revolucionaria,,,, T-237, 7704, ,,,,,Fatalities: 3 / Occupants: 3,Fatalities: 26 / Occupants: 26,,, Damaged beyond repair,,"near Techamutete (   Angola) 
", Approach (APR),Military,?,"Techamutete, Angola",,,Fatalities: 29 / Occupants: 29 
19880428-0,Final,Thursday 28 April 1988,13:46,Boeing 737-297,Aloha Airlines,,,, N73711, 20209/152, 1969-03-28  (19 years 1 months),35496,, 2 Pratt & Whitney JT8D-9A,89680,Fatalities: 1 / Occupants: 5,Fatalities: 0 / Occupants: 90,,, Substantial, Written off (damaged beyond repair),"near Maui, HI (   United States of America) 
", En route (ENR),Domestic Scheduled Passenger,"Hilo International Airport, HI (ITO/PHTO), United States of America","Honolulu International Airport, HI (HNL/PHNL), United States of America", 243,,Fatalities: 1 / Occupants: 95 
19880502-0,Preliminary,Monday 2 May 1988,,Douglas C-47A-DL (DC-3),Ethiopian Airlines,,,, ET-AGT, 25288/13843, 1943,,, 2 Pratt & Whitney R-1830-92,,Fatalities: 0 / Occupants: ,Fatalities: 0 / Occupants: ,,, Damaged beyond repair,,"Axum Airport (AXU) (   Ethiopia) 
", Standing (STD),-,-,-,,,Fatalities: 0 / Occupants:  
19880505-0,,Thursday 5 May 1988,,Antonov An-26,Soviet Air Force,,,, CCCP-26151, , ,,,,,Fatalities: 0 / Occupants: ,Fatalities: 0 / Occupants: ,,, Damaged beyond repair,,"Nagurskoye Air Base (   Russia) 
", Landing (LDG),Military,?,"Nagurskoye Air Base (UODN), Russia",,,Fatalities: 0 / Occupants:  
19880506-0,Final,Friday 6 May 1988,20:30,de Havilland Canada DHC-7-102,Widerøes Flyveselskap,,,, LN-WFN, 28, 1980,16934,, 4 Pratt & Whitney Canada PT6A-50,32347,Fatalities: 3 / Occupants: 3,Fatalities: 33 / Occupants: 33,,, Destroyed, Written off (damaged beyond repair),"8 km (5 mls) SW of Brønnøysund Airport (BNN) (   Norway) 
", Approach (APR),Domestic Scheduled Passenger,"Namsos Airport (OSY/ENNM), Norway","Brønnøysund Airport (BNN/ENBN), Norway",WF710,,Fatalities: 36 / Occupants: 36 
19880509-0,Final,Monday 9 May 1988,16:35,Boeing 747-136,British Airways,,,, G-AWND, 19764/107, 1971-01-20  (17 years 4 months),1868,, 4 Pratt & Whitney JT9D-7A,,Fatalities: 0 / Occupants: 18,Fatalities: 0 / Occupants: 286,,, Substantial, Repaired,"near Chicago-O'Hare International Airport, IL (ORD) (   United States of America) 
", Approach (APR),International Scheduled Passenger,"London-Heathrow Airport (LHR/EGLL), United Kingdom","Chicago-O'Hare International Airport, IL (ORD/KORD), United States of America",,,Fatalities: 0 / Occupants: 304 
19880512-0,,Thursday 12 May 1988,,Boeing 737-247,Xiamen Airlines,,,, B-2510, 23189/1072, 1984-12-07  (3 years 5 months),,, 2 Pratt & Whitney JT8D-17A,,Fatalities: 0 / Occupants: 11,Fatalities: 0 / Occupants: 107,,, None,,"Taichung-Ching Chuan Kang Air Base (RMQ/RCMQ) (   Taiwan) 
", En route (ENR),Domestic Scheduled Passenger,"Xiamen Airport (XMN/ZSAM), China","Guangzhou-Baiyun Airport (CAN/ZGGG), China",,,Fatalities: 0 / Occupants: 118 
19880516-0,,Monday 16 May 1988,,Dornier Do 28D-1 Skyservant,Avex,,,, ZS-PRW, 4028, ,,,,,Fatalities:  / Occupants: ,Fatalities:  / Occupants: ,,, Damaged beyond repair,,"Mossel Bay (   South Africa) 
", Unknown (UNK),Survey/research,?,?,,,Fatalities:  / Occupants:  
19880519-0,,Thursday 19 May 1988,,Antonov An-2R,Zakladu Uslug Agrolotniczych - ZUA,,,, SP-WNE, 1G156-42, ,,,,,Fatalities:  / Occupants: ,Fatalities:  / Occupants: ,,, Damaged beyond repair,,"Krzemlin (   Poland) 
", Unknown (UNK),Unknown,?,?,,,Fatalities:  / Occupants:  
19880521-0,Final,Saturday 21 May 1988,16:12,McDonnell Douglas DC-10-30,American Airlines,,,, N136AA, 47846/69, 1973,61322,, 3 General Electric CF6-50C2,12864,Fatalities: 0 / Occupants: 14,Fatalities: 0 / Occupants: 240,,, Substantial, Written off (damaged beyond repair),"Dallas/Fort Worth International Airport, TX (DFW) (   United States of America) 
", Takeoff (TOF),International Scheduled Passenger,"Dallas/Fort Worth International Airport, TX (DFW/KDFW), United States of America","Frankfurt International Airport (FRA/EDDF), Germany",AA70,,Fatalities: 0 / Occupants: 254 
19880523-0,,Monday 23 May 1988,17:06,Boeing 727-22,Lineas Aéreas Costarricenses - LACSA,,,, TI-LRC, 18856/199, 1965-10-22  (22 years 7 months),,, 3 Pratt & Whitney JT8D-7,,Fatalities: 0 / Occupants: 10,Fatalities: 0 / Occupants: 16,,, Destroyed, Written off (damaged beyond repair),"San José-Juan Santamaria International Airport (SJO) (   Costa Rica) 
", Takeoff (TOF),International Scheduled Passenger,"San José-Juan Santamaria International Airport (SJO/MROC), Costa Rica","Managua Airport (MGA/MNMG), Nicaragua", 628,,Fatalities: 0 / Occupants: 26 
19880523-1,,Monday 23 May 1988,08:10,Boeing 727-59,Avianca,,,, HK-1400, 19662/484, 1967-10-20  (20 years 7 months),,,,,Fatalities: 0 / Occupants: ,Fatalities: 0 / Occupants: ,,, None,,"Cartagena-Rafael Núñez Airport (CTG) (   Colombia) 
", En route (ENR),Domestic Scheduled Passenger,"Rionegro/Medellín-José María Córdova Airport (MDE/SKRG), Colombia","Bogotá-Eldorado Airport (BOG/SKBO), Colombia",,,Fatalities: 0 / Occupants: 135 
19880524-0,Final,Tuesday 24 May 1988,12:55,Boeing 737-3T0,TACA International Airlines,,,, N75356, 23838/1505, 1988-01-26  (4 months),81,, 2 CFMI CFM56-3B1,,Fatalities: 0 / Occupants: 7,Fatalities: 0 / Occupants: 38,,, None,,"31 km (19.4 mls) E of New Orleans International Airport, LA (MSY) (   United States of America) 
", En route (ENR),International Scheduled Passenger,"Belize City-Philip S.W. Goldson International Airport (BZE/MZBZ), Belize","New Orleans International Airport, LA (MSY/KMSY), United States of America",110,,Fatalities: 0 / Occupants: 45 
19880524-1,Final,Tuesday 24 May 1988,14:54,Embraer EMB-110P1 Bandeirante,,,Delta Connection,, N65DA, 110389, 1982,13005,, 2 Pratt & Whitney Canada PT6A-34,,Fatalities: 0 / Occupants: 2,Fatalities: 0 / Occupants: 6,,, Destroyed, Written off (damaged beyond repair),"Lawton Municipal Airport, OK (LAW) (   United States of America) 
", Takeoff (TOF),Domestic Scheduled Passenger,"Lawton Municipal Airport, OK (LAW/KLAW), United States of America","Dallas/Fort Worth International Airport, TX (DFW/KDFW), United States of America",,,Fatalities: 0 / Occupants: 8 
19880524-2,Final,Tuesday 24 May 1988,03:16,Learjet 35A,Jetcorp,,,, N500RW, 35A-148, 1978,4735,, 2 Garrett TFE731-2-2B,,Fatalities: 2 / Occupants: 2,Fatalities: 2 / Occupants: 2,,, Destroyed, Written off (damaged beyond repair),"West Paterson, NJ (   United States of America) 
", En route (ENR),Ferry/positioning,"Teterboro Airport, NJ (TEB/KTEB), United States of America","Morristown Municipal Airport, NJ (MMU/KMMU), United States of America",,,Fatalities: 4 / Occupants: 4 
19880524-3,,Tuesday 24 May 1988,ca 07:00,Douglas DC-6B,Aeronica - Aerolineas Nicaraguenses,,,, YN-CBE, 45175/832, 1957,,,,,Fatalities: 6 / Occupants: 6,Fatalities: 0 / Occupants: 0,,, Destroyed, Written off (damaged beyond repair),"Cerro Fábrega (   Panama) 
", En route (ENR),Cargo,"Panama City-Omar Torrijos International Airport (PTY/MPTO), Panama","Managua-Augusto C. Sandino Airport (MGA/MNMG), Nicaragua",,,Fatalities: 6 / Occupants: 6 
19880526-0,,Thursday 26 May 1988,22:25,Fokker F-27 Friendship 600,Star Air A/S,,,, OY-APE, 10443, 1970,21120,, 2 Rolls-Royce Dart 532-7R,23047,Fatalities: 2 / Occupants: 2,Fatalities: 0 / Occupants: 0,,, Damaged beyond repair,,"1 km (0.6 mls) W of Hannover Airport (HAJ) (   Germany) 
", Approach (APR),Cargo,"Billund Airport (BLL/EKBI), Denmark","Hannover Airport (HAJ/EDDV), Germany",,,Fatalities: 2 / Occupants: 2 
19880599-0,,xx MAY 1988,,Grumman G-159 Gulfstream I,Celanese Mexicana,,,, XB-CIJ,  10, 1959,,,,,Fatalities: 0 / Occupants: ,Fatalities: 0 / Occupants: ,,, Damaged beyond repair,,"within Yucatan (   Mexico) 
", Landing (LDG),Unknown,?,?,,,Fatalities: 0 / Occupants:  
19880603-1,,Friday 3 June 1988,,North American Sabreliner 40,Fuerza Aérea Ecuatoriana,,,, FAE068, 282-68, ,,,,,Fatalities:  / Occupants: ,Fatalities:  / Occupants: ,,, Damaged beyond repair,,"near Quito (   Ecuador) 
", Unknown (UNK),Military,?,?,,,Fatalities: 11 / Occupants: 11 
19880605-0,Final,Sunday 5 June 1988,11:40,Dornier 228-201,Midway Connection,,,, N259MC, 8118, 1987,2007,,,,Fatalities: 0 / Occupants: 2,Fatalities: 0 / Occupants: 1,,, Substantial, Repaired,"Chicago-Midway Airport, IL (MDW) (   United States of America) 
", Taxi (TXI),Domestic Scheduled Passenger,"Chicago-Midway Airport, IL (MDW/KMDW), United States of America","Springfield-Capital Airport, IL (SPI/KSPI), United States of America",,,Fatalities: 0 / Occupants: 3 
19880608-0,,Wednesday 8 June 1988,,Lockheed C-130E Hercules,United States Air Force - USAF,,,, 61-2373, 3720, 1962,,, 4 Allison T56-A-7,,Fatalities: 6 / Occupants: 6,Fatalities: 0 / Occupants: 0,,, Damaged beyond repair,,"1,5 km (0.9 mls) from  Greenville Airport, MS (GLH) (   United States of America) 
", Approach (APR),Military,"Greenville Airport, MS (GLH/KGLH), United States of America","Greenville Airport, MS (GLH/KGLH), United States of America",,,Fatalities: 6 / Occupants: 6 
19880608-1,,Wednesday 8 June 1988,,IAI Arava 201,Aviación Naval Ecuatoriana - ANE,,,, 234, 044, 1975,,,,,Fatalities: 6 / Occupants: 6,Fatalities: 0 / Occupants: 0,,, Damaged beyond repair,,"near San Mateo, Manabí (   Ecuador) 
", Unknown (UNK),Military,"Manta Airport (MEC/SEMT), Ecuador",?,,,Fatalities: 6 / Occupants: 6 
19880609-1,,Thursday 9 June 1988,,Antonov An-2R,"Aeroflot, Tyumen Civil Aviation Directorate",,,, CCCP-70121, 1G136-47, ,,,,,Fatalities: 2 / Occupants: 2,Fatalities: 0 / Occupants: 0,,, Damaged beyond repair,,"15 km (9.4 mls) from  Tobolsk (   Russia) 
", Unknown (UNK),Unknown,?,?,,,Fatalities: 2 / Occupants: 2 
19880612-0,Final,Sunday 12 June 1988,09:20,McDonnell Douglas DC-9-81 (MD-81),Austral Lineas Aéreas,,,, N1003G, 48050/989, 1981,,, 2 Pratt & Whitney JT8D-209,,Fatalities: 6 / Occupants: 6,Fatalities: 16 / Occupants: 16,,, Destroyed, Written off (damaged beyond repair),"3 km (1.9 mls) S of Posadas Airport, MI (PSS) (   Argentina) 
", Approach (APR),Domestic Scheduled Passenger,"Resistencia Airport, CH (RES/SARE), Argentina","Posadas Airport, MI (PSS/SARP), Argentina",AU046,,Fatalities: 22 / Occupants: 22 
19880612-1,,Sunday 12 June 1988,,Antonov An-2TP,Aeroflot / Ukraine,,,, CCCP-32267, 1G96-29, 1968,,,,,Fatalities: 0 / Occupants: 2,Fatalities: 0 / Occupants: 13,,, Damaged beyond repair,,"near Aleksandriya (   Ukraine) 
", En route (ENR),Passenger,"Rivne International Airport (RWN/UKLR), Ukraine","Vladimirets Airport, Ukraine",,,Fatalities: 0 / Occupants: 15 
19880616-0,,Thursday 16 June 1988,,unknown,Democratic Republic of Afghanistan Air Force (DRAAF),,,, registration unknown, , ,,,,,Fatalities:  / Occupants: ,Fatalities:  / Occupants: ,,, Damaged beyond repair,,"near Khost (   Afghanistan) 
", Unknown (UNK),Military,?,"Khost Airport (KHT/OAKS), Afghanistan",,,Fatalities: 35 / Occupants:  
19880616-1,,Thursday 16 June 1988,09:30,Fokker F-27 Friendship 600,Burma Airways,,,, XY-ADQ, 10452, 1971,36359,, 2 Rolls-Royce Dart 532-7,34203,Fatalities: 3 / Occupants: 3,Fatalities: 1 / Occupants: 1,,, Damaged beyond repair,,"14,5 km (9.1 mls) NW of Putao Airport (PBU) (   Myanmar) 
", Approach (APR),Cargo,"Myitkyina Airport (MYT/VYMK), Myanmar","Putao Airport (PBU/VYPT), Myanmar",,,Fatalities: 4 / Occupants: 4 
19880617-0,,Friday 17 June 1988,,ATR 42-200,ATR,,,, F-WEGA, 001, 1984,,,,,Fatalities: 0 / Occupants: 3,Fatalities: 0 / Occupants: 0,,, Damaged beyond repair,,"Toulouse-Blagnac Airport (TLS) (   France) 
", Takeoff (TOF),Training,"Toulouse-Blagnac Airport (TLS/LFBO), France","Toulouse-Blagnac Airport (TLS/LFBO), France",,,Fatalities: 0 / Occupants: 3 
19880617-1,,Friday 17 June 1988,10:36 HST,de Havilland Canada DHC-6 Twin Otter 100,Samoa Aviation,,,, N202RH,  68, 1967,,, 2 Pratt & Whitney Canada PT6A-20,,Fatalities: 0 / Occupants: 2,Fatalities: 0 / Occupants: 14,,, Damaged beyond repair,,"Tau Airport (TAV) (   American Samoa) 
", Landing (LDG),Domestic Non Scheduled Passenger,"Pago Pago International Airport (PPG/NSTU), American Samoa","Tau Airport (TAV), American Samoa",,,Fatalities: 0 / Occupants: 16 
19880618-0,,Saturday 18 June 1988,,Vickers 828 Viscount,Merpati Nusantara Airlines,,,, PK-MVG, 445, 1961,,,,,Fatalities: 0 / Occupants: 3,Fatalities: 0 / Occupants: 45,,, Damaged beyond repair,,"Medan-Polonia Airport (MES) (   Indonesia) 
", Landing (LDG),Domestic Scheduled Passenger,"Jakarta (unknown airport), Indonesia","Medan-Polonia Airport (MES/WIMM), Indonesia",,,Fatalities: 0 / Occupants: 48 
19880619-0,Final,Sunday 19 June 1988,17:26,Boeing 737-2A8,Indian Airlines,,,, VT-EAI, 20482/272, 1970-12-11  (17 years 7 months),,, 2 Pratt & Whitney JT8D-9A,,Fatalities: 0 / Occupants: 6,Fatalities: 0 / Occupants: 128,,, Substantial, Written off (damaged beyond repair),"Delhi-Indira Gandhi International Airport (DEL) (   India) 
", Landing (LDG),Domestic Scheduled Passenger,"Chandigarh Airport (IXC/VICG), India","Delhi-Indira Gandhi International Airport (DEL/VIDP), India",IC422,,Fatalities: 0 / Occupants: 134 
19880620-0,Final,Monday 20 June 1988,06:45,HAL/Dornier 228-201,Vayudoot,,,, VT-EJV, 8072/HAL1006, 1986-03-13  (2 years 3 months),,,,,Fatalities: 0 / Occupants: 2,Fatalities: 0 / Occupants: 9,,, Substantial, Repaired,"Guna Airport (GUX) (   India) 
", Landing (LDG),Domestic Scheduled Passenger,"Bhopal Airport (BHO/VABP), India","Guna Airport (GUX/VAGN), India", 125,,Fatalities: 0 / Occupants: 11 
19880621-1,,Tuesday 21 June 1988,08:32,Bristol 170 Freighter 31M,Trans-Provincial Airlines,,,, C-GYQY, 13134, 1953,,, 2 Bristol Hercules 734,,Fatalities: 0 / Occupants: 3,Fatalities: 0 / Occupants: 0,,, Damaged beyond repair,,"Bronson Creek Airport, BC (YBM) (   Canada) 
", Landing (LDG),Cargo,"Wrangell Airport, AK (WRG/PAWG), United States of America","Bronson Creek Airport, BC (YBM), Canada",,,Fatalities: 0 / Occupants: 3 
19880624-0,,Friday 24 June 1988,04:00,Antonov An-26,Soviet Air Force,,,, 29, , ,,,,,Fatalities: 5 / Occupants: 6,Fatalities: 0 / Occupants: 0,,, Damaged beyond repair,,"Kabul Airport (KBL) (   Afghanistan) 
", Takeoff (TOF),Military,"Kabul Airport (KBL/OAKB), Afghanistan","Bagram Air Base (BPM/OAIX), Afghanistan",,,Fatalities: 5 / Occupants: 6 
19880626-0,Final,Sunday 26 June 1988,14:45,Airbus A320-111,Air France,,,, F-GFKC, 009, 1988-01-06  (6 months),22,, 2 CFMI CFM56-5A1,18,Fatalities: 0 / Occupants: 6,Fatalities: 3 / Occupants: 130,,, Destroyed, Written off (damaged beyond repair),"Mulhouse-Habsheim Airport (   France) 
", Initial climb (ICL),Demonstration,"Basel/Mulhouse Airport (BSL/LFSB), France","Basel/Mulhouse Airport (BSL/LFSB), France",AF296Q,,Fatalities: 3 / Occupants: 136 
19880629-0,,Wednesday 29 June 1988,,Douglas DC-6BF,Aerolineas El Salvador - AESA,,,, YS-05C, 45537/1028, 1958,,, 4 Pratt & Whitney R-2800,,Fatalities: 0 / Occupants: 2,Fatalities: 0 / Occupants: 0,,, Damaged beyond repair,,"San Salvador-Comalapa International Airport (SAL) (   El Salvador) 
", Initial climb (ICL),Cargo,"San Salvador-Comalapa International Airport (SAL/MSLP), El Salvador","Miami International Airport, FL (MIA/KMIA), United States of America",,,Fatalities: 0 / Occupants: 2 
19880629-1,Final,Wednesday 29 June 1988,06:25,Northrop YC-125A Raider,Darryl G. Greenamyer,,,, N3756Q, 2518, ,,, 3 Wright R-1820-202A,,Fatalities: 0 / Occupants: 2,Fatalities: 0 / Occupants: 0,,, Damaged beyond repair,,"Tulsa International Airport, OK (TUL) (   United States of America) 
", Initial climb (ICL),Executive,"Tulsa International Airport, OK (TUL/KTUL), United States of America","Dayton-Wright Patterson AFB, OH (FFO/KFFO), United States of America",,,Fatalities: 0 / Occupants: 2 
19880699-0,Preliminary,xx JUN 1988,,Grumman G-159 Gulfstream I,Maraven Oil Company,,,, YV-121CP, 150, 1965-01-28  (4 years 11 months),,,,,Fatalities: 0 / Occupants: ,Fatalities: 0 / Occupants: ,,, Damaged beyond repair,,"Cabimas-Oro Negro Airport (CBS) (   Venezuela) 
", Landing (LDG),Domestic Non Scheduled Passenger,?,"Cabimas-Oro Negro Airport (CBS/SVON), Venezuela",,,Fatalities: 0 / Occupants:  
19880701-0,,Friday 1 July 1988,,Antonov An-2R,Agrohemizacija,,,, YU-BGI, 1G111-13, ,,,,,Fatalities:  / Occupants: ,Fatalities:  / Occupants: ,,, Damaged beyond repair,,"Cesnikovo (   North Macedonia) 
", Unknown (UNK),Unknown,?,?,,,Fatalities:  / Occupants:  
19880702-0,,Saturday 2 July 1988,,Transall C-160D,Luftwaffe,,,, 50+80, D-117, 1971-03-29  (17 years 3 months),,,,,Fatalities: 0 / Occupants: 6,Fatalities: 0 / Occupants: 0,,, Damaged beyond repair,,"Eysines (   France) 
", Unknown (UNK),Military,"Stuttgart-Echterdingen Airport (STR/EDDS), Germany","Bordeaux-Mérignac Airport (BOD/LFBD), France",,,Fatalities: 0 / Occupants: 6 
19880703-0,Final,Sunday 3 July 1988,10:24,Airbus A300B2-203,Iran Air,,,, EP-IBU, 186, 1982-03-16  (6 years 4 months),11497,, 2 General Electric CF6-50C2,,Fatalities: 16 / Occupants: 16,Fatalities: 274 / Occupants: 274,,, Destroyed, Written off (damaged beyond repair),"4 km (2.5 mls) SE off  Qeshm Island (   Iran) 
", En route (ENR),International Scheduled Passenger,"Bandar Abbas Airport (BND/OIKB), Iran","Dubai Airport (DXB/OMDB), United Arab Emirates",IR655,,Fatalities: 290 / Occupants: 290 
19880704-0,Final,Monday 4 July 1988,,Vickers 843 Viscount,Bouraq Indonesia Airlines,,,, PK-IVW, 452, 1963,,, 4 Rolls-Royce Dart 525F,,Fatalities: 0 / Occupants: 5,Fatalities: 0 / Occupants: 71,,, Damaged beyond repair,,"Balikpapan-Sepingan Airport (BPN) (   Indonesia) 
", Landing (LDG),Domestic Scheduled Passenger,?,"Balikpapan-Sepingan Airport (BPN/WALL), Indonesia",,,Fatalities: 0 / Occupants: 76 
19880706-1,,Wednesday 6 July 1988,ca 16:00,Canadair CL-44J,Líneas Aéreas Suramericanas,,,, HK-3148X, 39, 1965-03-17  (23 years 4 months),,, 4 Rolls-Royce Tyne 515-10,,Fatalities: 3 / Occupants: 8,Fatalities: 0 / Occupants: 0,,, Damaged beyond repair,,"near Barranquilla-Ernesto Cortissoz Airport (BAQ) (   Colombia) 
", Approach (APR),Cargo,"Barranquilla-Ernesto Cortissoz Airport (BAQ/SKBQ), Colombia","Miami International Airport, FL (MIA/KMIA), United States of America",,,Fatalities: 3 / Occupants: 8 
19880708-1,,Friday 8 July 1988,,Antonov An-24RV,"Aeroflot, Far East Civil Aviation Directorate",,,, CCCP-46669, 47309509, 1974,,, 2 Ivchenko AI-24VT,,Fatalities:  / Occupants: ,Fatalities:  / Occupants: ,,, Damaged beyond repair,,"Khabarovsk-Novy Airport (KHV) (   Russia) 
", Takeoff (TOF),Unknown,"Khabarovsk-Novy Airport (KHV/UHHH), Russia",?,,,Fatalities:  / Occupants:  
19880708-2,,Friday 8 July 1988,ca 16:00,Embraer VC-97 Brasilia (EMB-120RT),Força Aérea Brasileira - FAB,,,, 2001, 120029, 1987,,,,,Fatalities:  / Occupants: ,Fatalities:  / Occupants: ,,, Damaged beyond repair,,"São José dos Campos Airport, SP (SJK) (   Brazil) 
", Landing (LDG),Military,"São José dos Campos Airport, SP (SJK/SBSJ), Brazil","São José dos Campos Airport, SP (SJK/SBSJ), Brazil",,,Fatalities: 5 / Occupants: 9 
19880709-0,,Saturday 9 July 1988,,Antonov An-2P,"Aeroflot, Central Region Civil Aviation Directorate",,,, CCCP-07791, 1G162-41, 1975,,,,,Fatalities: 0 / Occupants: ,Fatalities: 0 / Occupants: ,,, Damaged beyond repair,,"at an unknown location (   Russia) 
", Maneuvering (MNV),Agricultural,?,?,,,Fatalities: 0 / Occupants:  
19880710-0,,Sunday 10 July 1988,05:46,Fokker F-27 Friendship 200,Kenya Airways,,,, 5Y-BBS, 10213, 1962,,, 2 Rolls-Royce Dart 528-7E,,Fatalities: 0 / Occupants: 4,Fatalities: 0 / Occupants: 39,,, Damaged beyond repair,,"Kisumu Airport (KIS) (   Kenya) 
", Landing (LDG),Domestic Scheduled Passenger,"Nairobi-Jomo Kenyatta International Airport (NBO/HKJK), Kenya","Kisumu Airport (KIS/HKKI), Kenya", 650,,Fatalities: 0 / Occupants: 43 
19880712-0,,Tuesday 12 July 1988,,North American Rockwell CT-39E Sabreliner,United States Navy,,,, 158381, 282-93, ,,, 2 Pratt & Whitney JT12A-8 Turbo Wasp,,Fatalities: 0 / Occupants: 3,Fatalities: 0 / Occupants: 0,,, Damaged beyond repair,,"off Spratly Islands [South China Sea] (   Pacific Ocean) 
", En route (ENR),Military,"Singapore-Changi International Airport (SIN/WSSS), Singapore","Subic Bay International Airport (SFS/RPLB), Philippines",,,Fatalities: 0 / Occupants: 3 
19880714-0,,Thursday 14 July 1988,11:40,de Havilland Canada DHC-6 Twin Otter 300,,,United States Forest Service,, C-GKBM, 417, 1974,,, 2 Pratt & Whitney Canada PT6A-27,,Fatalities: 1 / Occupants: 1,Fatalities: 0 / Occupants: 0,,, Destroyed, Written off (damaged beyond repair),"50 km (31.3 mls) W of John Day, OR (   United States of America) 
", En route (ENR),Ferry/positioning,"Redmond-Roberts Field, OR (RDM/KRDM), United States of America","John Day Airport, OR (JDA/KGCD), United States of America",,,Fatalities: 1 / Occupants: 1 
19880719-0,Final,Tuesday 19 July 1988,22:01,Boeing 737-2A8 Advanced,Indian Airlines,,,, VT-EFK, 21496/503, 1977-09-30  (10 years 10 months),,, 2 Pratt & Whitney JT8D-17,,Fatalities: 0 / Occupants: 6,Fatalities: 0 / Occupants: 92,,, Substantial, Repaired,"Vadodara Airport (BDQ) (   India) 
", Landing (LDG),Domestic Scheduled Passenger,"Ahmedabad Airport (AMD/VAAH), India","Vadodara Airport (BDQ/VABO), India",IC495,,Fatalities: 0 / Occupants: 98 
19880720-0,Final,Wednesday 20 July 1988,16:08,de Havilland Canada DHC-6 Twin Otter 200,Fairways Corp.,,,, N7267, 195, 1969,10513,, 2 Pratt & Whitney Canada PT6A-20A,,Fatalities: 1 / Occupants: 1,Fatalities: 0 / Occupants: 0,,, Destroyed, Written off (damaged beyond repair),"Washington-Dulles International Airport, DC (IAD) (   United States of America) 
", Takeoff (TOF),Ferry/positioning,"Washington-Dulles International Airport, DC (IAD/KIAD), United States of America","Washington-National Airport, DC (DCA/KDCA), United States of America",,,Fatalities: 1 / Occupants: 1 
19880720-1,Final,Wednesday 20 July 1988,19:24,Douglas C-118A (DC-6),TACA International Airlines,,,, N33VX, 44615/541, 1955,27978,, 4 Pratt & Whitney R-2800-CB3,,Fatalities: 3 / Occupants: 3,Fatalities: 0 / Occupants: 0,,, Destroyed, Written off (damaged beyond repair),"Golden Meadow, LA (   United States of America) 
", En route (ENR),Cargo,"San Salvador-Comalapa International Airport (SAL/MSLP), El Salvador","New Orleans International Airport, LA (MSY/KMSY), United States of America",,,Fatalities: 3 / Occupants: 3 
19880721-1,,Thursday 21 July 1988,,Boeing 707-328C,Angola Air Charter,,,, D2-TOV, 18881/436, 1965,,, 4 Pratt & Whitney JT3D-3B,,Fatalities: 6 / Occupants: 6,Fatalities: 0 / Occupants: 0,,, Damaged beyond repair,,"10 km (6.3 mls) N of Lagos-Murtala Muhammed International Airport (LOS) (   Nigeria) 
", Approach (APR),Cargo,"Oostende Airport (OST/EBOS), Belgium","Lagos-Murtala Muhammed International Airport (LOS/DNMM), Nigeria",,,Fatalities: 6 / Occupants: 6 
19880722-0,,Friday 22 July 1988,,Antonov An-2,Aeroflot,,,, registration unknown, , ,,,,,Fatalities: 0 / Occupants: ,Fatalities: 0 / Occupants: ,,, Substantial,,"at an unknown location (   Russia) 
", Unknown (UNK),Unknown,?,?,,,Fatalities: 0 / Occupants:  
19880724-0,Final,Sunday 24 July 1988,01:24,Boeing 747-228B (SCD),Air France,,,, N4506H, 22794/558, 1982-03-17  (6 years 4 months),,, 4 General Electric CF6-50E2,,Fatalities: 0 / Occupants: 15,Fatalities: 0 / Occupants: 260,,, Substantial, Repaired,"Delhi-Indira Gandhi International Airport (DEL) (   India) 
", Takeoff (TOF),International Scheduled Passenger,"Delhi-Indira Gandhi International Airport (DEL/VIDP), India","Paris-Charles de Gaulle Airport (CDG/LFPG), France",AF187,,Fatalities: 0 / Occupants: 275 
19880726-0,Final,Tuesday 26 July 1988,07:40,Learjet 35A,Northeast Jet,,,, N442NE, 35A-442, 1981,4274,, 2 Garrett TFE731-2-2B,,Fatalities: 1 / Occupants: 2,Fatalities: 0 / Occupants: 0,,, Destroyed, Written off (damaged beyond repair),"Morristown Municipal Airport, NJ (MMU) (   United States of America) 
", Approach (APR),Ferry/positioning,"Allentown-Lehigh Valley International Airport, PA (ABE/KABE), United States of America","Morristown Municipal Airport, NJ (MMU/KMMU), United States of America",,,Fatalities: 1 / Occupants: 2 
19880727-0,Final,Wednesday 27 July 1988,18:17,Swearingen SA227-AC Metro III,Penair - Peninsula Airways,,,, N482SA, AC-482, ,10546,,,,Fatalities: 0 / Occupants: 2,Fatalities: 0 / Occupants: 6,,, Substantial, Repaired,"Anchorage International Airport, AK (ANC) (   United States of America) 
", Initial climb (ICL),Domestic Scheduled Passenger,"Anchorage International Airport, AK (ANC/PANC), United States of America","Dillingham Municipal Airport, AK (DLG/PADL), United States of America",,,Fatalities: 0 / Occupants: 8 
19880730-0,Final,Saturday 30 July 1988,11:40,Learjet 23,Jet Management,,,, N745F, 23-077, 1965,,, 2 General Electric CJ610-4,,Fatalities: 2 / Occupants: 2,Fatalities: 0 / Occupants: 0,,, Destroyed, Written off (damaged beyond repair),"near Riverside-March AFB, CA (RIV) (   United States of America) 
", Approach (APR),Ferry/positioning,"Tucson International Airport, AZ (TUS/KTUS), United States of America","Chino Airport, CA (CNO/KCNO), United States of America",,,Fatalities: 2 / Occupants: 2 
19880801-0,,Monday 1 August 1988,,de Havilland Canada DHC-6 Twin Otter 300,ACES - Aerolineas Centrales de Colombia,,,, HK-2445, 684, 1980-04-16  (8 years 4 months),,,,,Fatalities: 0 / Occupants: 2,Fatalities: 0 / Occupants: 22,,, Unknown,,"within Colombia (   Colombia) 
", En route (ENR),Domestic Scheduled Passenger,"El Bagre Airport (EBG/SKEB), Colombia","Medellín-Enrique Olaya Herrera Airport (EOH/SKMD), Colombia",,,Fatalities: 0 / Occupants: 24 
19880802-0,Final,Tuesday 2 August 1988,17:42,CASA C-212 Aviocar 200,Geoterrex,,,, C-GILU, 245, 1982-06-01  (6 years 2 months),4049,, 2 Garrett TPE331-10R-511C,,Fatalities: 3 / Occupants: 3,Fatalities: 0 / Occupants: 0,,, Damaged beyond repair,,"Reykjavík Domestic Airport (RKV) (   Iceland) 
", Approach (APR),Ferry/positioning,"Narsarsuaq Airport (UAK/BGBW), Greenland","Reykjavík Domestic Airport (RKV/BIRK), Iceland",,,Fatalities: 3 / Occupants: 3 
19880802-1,,Tuesday 2 August 1988,,Yakovlev Yak-40,Hemus Air,,,, LZ-DOK, 9620247, 1976,,, 3 Ivchenko AI-25,,Fatalities: 3 / Occupants: 4,Fatalities: 26 / Occupants: 33,,, Damaged beyond repair,,"Sofia-Vrazhdebna Airport (SOF) (   Bulgaria) 
", Takeoff (TOF),Domestic Scheduled Passenger,"Sofia-Vrazhdebna Airport (SOF/LBSF), Bulgaria","Varna Airport (VAR/LBWN), Bulgaria",,,Fatalities: 29 / Occupants: 37 
19880807-0,,Sunday 7 August 1988,,British Aerospace BAe-125-800A,Botswana Government,,,, OK-1, 258112, 1988,,,,,Fatalities: 0 / Occupants: 2,Fatalities: 0 / Occupants: 8,,, Substantial, Repaired,"near Cutio Bie (   Angola) 
", En route (ENR),Official state flight,"Gaborone-Sir Seretse Khama International Airport (GBE/FBSK), Botswana","Luanda-4 de Fevereiro Airport (LAD/FNLU), Angola",,,Fatalities: 0 / Occupants: 10 
19880812-0,,Friday 12 August 1988,,Antonov An-2R,Aeroflot / Ukraine,,,, CCCP-35677, 1G134-41, 1972,,,,,Fatalities: 0 / Occupants: ,Fatalities: 0 / Occupants: ,,, Damaged beyond repair,,"at an unknown location (   Russia) 
", En route (ENR),Unknown,?,?,,,Fatalities: 0 / Occupants:  
19880816-0,,Tuesday 16 August 1988,,Antonov An-32,Democratic Republic of Afghanistan Air Force - DRAAF,,,, registration unknown, , ,,, 2 Ivchenko AI-20,,Fatalities:  / Occupants: ,Fatalities:  / Occupants: ,,, Damaged beyond repair,,"near Kunduz (   Afghanistan) 
", Unknown (UNK),Military,"Kunduz Airport (UND/OAUZ), Afghanistan",?,,,Fatalities: 39 / Occupants: 39 
19880817-0,,Wednesday 17 August 1988,,Lockheed C-130B Hercules,Pakistan Air Force,,,, 23494, 3708, 1962,,, 4 Allison T56-A-7,,Fatalities: 13 / Occupants: 13,Fatalities: 17 / Occupants: 17,,, Damaged beyond repair,,"7 km (4.4 mls) N of Bahawalpur Airport (BHV) (   Pakistan) 
", Initial climb (ICL),Official state flight,"Bahawalpur Airport (BHV/OPBW), Pakistan","Islamabad International Airport (ISB/OPRN), Pakistan",,,Fatalities: 30 / Occupants: 30 
19880820-0,,Saturday 20 August 1988,,Britten-Norman BN-2A Islander,Polynesian Airlines,,,, 5W-FAF, 109, 1969-09-12  (19 years),,, 2 Lycoming O-540-E4B5,,Fatalities: 0 / Occupants: ,Fatalities: 0 / Occupants: ,,, Damaged beyond repair,,"Asau Airport (AAU) (   Samoa) 
", Landing (LDG),Unknown,?,"Asau Airport (AAU/NSAU), Samoa",,,Fatalities: 0 / Occupants:  
19880823-1,,Tuesday 23 August 1988,,Douglas DC-4 Swingtail,Kinair Cargo,,,, 9Q-CBK, 10452, 1944,,,,,Fatalities:  / Occupants: ,Fatalities:  / Occupants: ,,, Damaged beyond repair,,"Île M'bamou (   Congo) 
", Unknown (UNK),Cargo,?,?,,,Fatalities: 5 / Occupants:  
19880826-0,,Friday 26 August 1988,09:50,Antonov An-2P,"Aeroflot, Yakutsk Civil Aviation Directorate",,,, CCCP-01788, 1G107-35, 1969,,,,,Fatalities: 0 / Occupants: 2,Fatalities: 1 / Occupants: 2,,, Damaged beyond repair,,"near Kystatyam (   Russia) 
", En route (ENR),Survey/research,"Zhigansk Airport (UEKK), Russia","Zhigansk Airport (UEKK), Russia",,,Fatalities: 1 / Occupants: 4 
19880826-3,,Friday 26 August 1988,23:18,Let L-410MU,"Aeroflot, Yakutsk Civil Aviation Directorate",,,, CCCP-67235, 770801, 1977,,, 2 Walter M-601A,,Fatalities: 2 / Occupants: 2,Fatalities: 2 / Occupants: 2,,, Damaged beyond repair,,"21 km (13.1 mls) SE of Irkutsk Airport (IKT) (   Russia) 
", Approach (APR),Domestic Non Scheduled Passenger,"Kirensk (UIKK), Russia","Irkutsk Airport (IKT/UIII), Russia",,,Fatalities: 4 / Occupants: 4 
19880827-0,,Saturday 27 August 1988,,Antonov An-12,Soviet Air Force,,,, 04, , ,,,,,Fatalities:  / Occupants: ,Fatalities:  / Occupants: ,,, Damaged beyond repair,,"Kabul-Khwaja Rawash Airport (KBL) (   Afghanistan) 
", Standing (STD),Military,-,-,,,Fatalities:  / Occupants:  
19880827-1,Final,Saturday 27 August 1988,16:50,Boeing 727-31,Trans World Airlines - TWA,,,, N852TW, 18571/42, 1964-04-21  (24 years 4 months),56099,, 3 Pratt & Whitney JT8D-7B,,Fatalities: 0 / Occupants: 6,Fatalities: 0 / Occupants: 62,,, Substantial, Written off (damaged beyond repair),"Chicago-O'Hare International Airport, IL (ORD) (   United States of America) 
", Landing (LDG),Domestic Scheduled Passenger,"Saint Louis-Lambert International Airport, MO (STL/KSTL), United States of America","Chicago-Midway Airport, IL (MDW/KMDW), United States of America",,,Fatalities: 0 / Occupants: 68 
19880830-0,,Tuesday 30 August 1988,,Antonov An-2R,Aeroklub Polskiej Rzeczypospolitej Ludowej - APRL,,,, SP-CNH, 1G126-26, ,,,,,Fatalities:  / Occupants: ,Fatalities:  / Occupants: ,,, Damaged beyond repair,,"Station 6 (   Sudan) 
", Unknown (UNK),Unknown,?,?,,,Fatalities:  / Occupants:  
19880830-1,,Tuesday 30 August 1988,ca 14:00,Douglas AC-47B (DC-3),Fuerza Aérea Colombiana,,,, FAC-1650, 25501/14056, 1944,,,,,Fatalities: 8 / Occupants: 8,Fatalities: 0 / Occupants: 0,,, Missing, Presumed damaged beyond repair,"between Villavicencio and Neiva (   Colombia) 
", En route (ENR),Military,"Villavicencio Airport (VVC/SKVV), Colombia","Neiva Airport (NVA/SKNV), Colombia",,,Fatalities: 8 / Occupants: 8 
19880831-0,,Wednesday 31 August 1988,ca 10:00,Embraer EMB-110P1 Bandeirante,Transporte Aéreo Federal,,,, XC-COX, 110192, 1978,,, 2 Pratt & Whitney Canada PT6A-34,,Fatalities: 2 / Occupants: 2,Fatalities: 18 / Occupants: 18,,, Damaged beyond repair,,"ca 15 km from Arteaga (   Mexico) 
", En route (ENR),Domestic Non Scheduled Passenger,"Uruapan Airport (UPN/MMPN), Mexico","Lázaro Cárdenas Airport (LZC/MMLC), Mexico", 291,,Fatalities: 20 / Occupants: 20 
19880831-1,Final,Wednesday 31 August 1988,09:19,Hawker Siddeley HS-121 Trident 2E,CAAC,,,, B-2218, 2159, 1973,14332,, 3 Rolls-Royce Spey 512-5W,,Fatalities: 6 / Occupants: 11,Fatalities: 1 / Occupants: 78,,, Damaged beyond repair,,"Hong Kong-Kai Tak International Airport (HKG) (   Hong Kong) 
", Landing (LDG),International Scheduled Passenger,"Guangzhou-Baiyun Airport (CAN/ZGGG), China","Hong Kong-Kai Tak International Airport (HKG/VHHH), Hong Kong", 301,,Fatalities: 7 / Occupants: 89 
19880831-2,Final,Wednesday 31 August 1988,09:01,Boeing 727-232,Delta Air Lines,,,, N473DA, 20750/992, 1973,43023,, 3 Pratt & Whitney JT8D-15,,Fatalities: 2 / Occupants: 7,Fatalities: 12 / Occupants: 101,,, Destroyed, Written off (damaged beyond repair),"Dallas/Fort Worth International Airport, TX (DFW) (   United States of America) 
", Takeoff (TOF),Domestic Scheduled Passenger,"Dallas/Fort Worth International Airport, TX (DFW/KDFW), United States of America","Salt Lake City International Airport, UT (SLC/KSLC), United States of America",DL1141,,Fatalities: 14 / Occupants: 108 
19880831-3,Preliminary,Wednesday 31 August 1988,,Convair T-29B (CV-240),Aerocaribe,,,, XA-HUL, 229, 1952,,,,,Fatalities:  / Occupants: ,Fatalities:  / Occupants: ,,, Damaged beyond repair,,"Mérida Airport (MID) (   Mexico) 
", Takeoff (TOF),Passenger,"Mérida-Rejon Airport (MID/MMMD), Mexico",?,,,Fatalities: 1 / Occupants: 20 
19880901-0,,Thursday 1 September 1988,,Antonov An-12BK-PPS,Soviet Air Force,,,, registration unknown, , ,,,,,Fatalities: 8 / Occupants: 8,Fatalities: 0 / Occupants: 0,,, Damaged beyond repair,,"near Privolzhskiy Air Base (   Russia) 
", Approach (APR),Military,?,"Privolzhskiy Air Base, Russia",,,Fatalities: 8 / Occupants: 8 
19880902-0,,Friday 2 September 1988,,Britten-Norman BN-2A-26 Islander,Newfoundland-Labrador Air Transport,,,, C-GJRL, 555, 1976-11-02  (11 years 10 months),,,,,Fatalities:  / Occupants: ,Fatalities:  / Occupants: ,,, Damaged beyond repair,,"Hopedale, NL (   Canada) 
", Unknown (UNK),Unknown,?,?,,,Fatalities:  / Occupants:  
19880905-0,Final,Monday 5 September 1988,13:45,Britten-Norman BN-2A-6 Islander,Wrangell Air Service,,,, N111VA, 215, 1970,,, 2 Lycoming O-540-E4C5,,Fatalities: 0 / Occupants: 1,Fatalities: 1 / Occupants: 9,,, Destroyed, Written off (damaged beyond repair),"near Sitka, AK (   United States of America) 
", En route (ENR),Domestic Non Scheduled Passenger,"Sitka Airport, AK (SIT/PASI), United States of America","Petersburg Municipal Airport, AK (PSG/PAPG), United States of America",,,Fatalities: 1 / Occupants: 10 
19880906-0,,Tuesday 6 September 1988,,Cessna S550 Citation S/II,Banco do Comércio e Indústria de São Paulo,,,, PT-LGJ, S550-0025, ,,, 2 Pratt & Whitney Canada JT15D-4B,,Fatalities: 0 / Occupants: 2,Fatalities: 0 / Occupants: 5,,, Damaged beyond repair,,"Rio de Janeiro-Santos Dumont Airport, RJ (SDU) (   Brazil) 
", Landing (LDG),Passenger,?,"Rio de Janeiro-Santos Dumont Airport, RJ (SDU/SBRJ), Brazil",,,Fatalities: 0 / Occupants: 7 
19880907-0,,Wednesday 7 September 1988,,Antonov An-32,Democratic Republic of Afghanistan Air Force - DRAAF,,,, registration unknown, , ,,, 2 Ivchenko AI-20,,Fatalities: 4 / Occupants: 4,Fatalities: 12 / Occupants: 12,,, Damaged beyond repair,,"near Kunduz (   Afghanistan) 
", Unknown (UNK),Military,?,?,,,Fatalities: 16 / Occupants: 16 
19880909-0,,Friday 9 September 1988,ca 15:00,Canadair CL-215-1A10,Ejército del Aire,,,, UD.13-04, 1032, 1972,,, 2 Pratt & Whitney R-2800-83AM,,Fatalities: 4 / Occupants: 4,Fatalities: 0 / Occupants: 0,,, Destroyed, Written off (damaged beyond repair),"N of Santiago de Compostela Airport (SCQ) (   Spain) 
", Initial climb (ICL),Military,"Santiago de Compostela Airport (SCQ/LEST), Spain",?,,,Fatalities: 4 / Occupants: 4 
19880909-1,,Friday 9 September 1988,,Douglas C-54A-5-DC (DC-4),Frigorifico Reyes,,,, CP-1653, 10285, 1944,,, 4 Pratt & Whitney R-2000,,Fatalities: 0 / Occupants: 3,Fatalities: 0 / Occupants: 0,,, Damaged beyond repair,,"La Paz Airport (LPB) (   Bolivia) 
", Initial climb (ICL),Unknown,"La Paz-El Alto Airport (LPB/SLLP), Bolivia",?,,,Fatalities: 0 / Occupants: 3 
19880909-2,,Friday 9 September 1988,11:37,Tupolev Tu-134A,Hâng Không Viêtnam,,,, VN-A102, 60925, 1978,4068,, 2 Soloviev D-30,1537,Fatalities: 3 / Occupants: 6,Fatalities: 73 / Occupants: 84,,, Damaged beyond repair,,"6 km (3.8 mls) N of Bangkok-Don Muang International Airport (BKK) (   Thailand) 
", Approach (APR),International Scheduled Passenger,"Hanoi-Noi Bai International Airport (HAN/VVNB), Vietnam","Bangkok-Don Muang International Airport (BKK/VTBD), Thailand", 831,,Fatalities: 76 / Occupants: 90 
19880911-0,Final,Sunday 11 September 1988,21:57,Beechcraft 200 Super King Air,Snowy Butte Aviation,,,, N1283, BB-90, 1976,5677,, 2 Pratt & Whitney Canada PT6A-41,,Fatalities: 1 / Occupants: 1,Fatalities: 0 / Occupants: 0,,, Damaged beyond repair,,"Jackson, WY (   United States of America) 
", En route (ENR),Ferry/positioning,"Jackson Hole Airport, WY (JAC/KJAC), United States of America","Redding Airport, CA (RDD/KRDD), United States of America",,,Fatalities: 1 / Occupants: 1 
19880912-0,,Monday 12 September 1988,,Britten-Norman BN-2A Trislander Mk.III-2,Trans-Jamaican Airlines,,,, 6Y-JQF, 1058, 1977,,, 3 Lycoming O-540-E4C5,,Fatalities: 0 / Occupants: 0,Fatalities: 0 / Occupants: 0,,, Damaged beyond repair,,"Montego Bay-Sangster International Airport (MBJ) (   Jamaica) 
", Standing (STD),-,-,-,,,Fatalities: 0 / Occupants: 0 
19880912-1,,Monday 12 September 1988,14:29,Lockheed L-188A Electra,TAME Ecuador,,,, HC-AZY, 1052, 1959,,, 4 Allison 501-D13,,Fatalities: 6 / Occupants: 6,Fatalities: 1 / Occupants: 1,,, Damaged beyond repair,,"Lago Agrio Airport (LGQ) (   Ecuador) 
", Takeoff (TOF),Ferry/positioning,"Lago Agrio Airport (LGQ/SELA), Ecuador","Quito-Mariscal Sucre Airport (UIO/SEQU), Ecuador",,,Fatalities: 7 / Occupants: 7 
19880912-2,Final,Monday 12 September 1988,13:50,McDonnell Douglas DC-10-10,United Airlines,,,, N1830U, 46629/208, 1975,37265,, 3 General Electric CF6-6D,,Fatalities: 0 / Occupants: 10,Fatalities: 0 / Occupants: 197,,, Substantial, Repaired,"Denver-Stapleton International Airport, CO (DEN) (   United States of America) 
", Landing (LDG),Domestic Scheduled Passenger,"Chicago-O'Hare International Airport, IL (ORD/KORD), United States of America","Denver-Stapleton International Airport, CO (DEN/KDEN), United States of America",,,Fatalities: 0 / Occupants: 207 
19880913-0,,Tuesday 13 September 1988,,Britten-Norman BN-2A-26 Islander,Dovair,,,, YJ-RV20, 585, 1977-03-19  (11 years 6 months),,,,,Fatalities:  / Occupants: ,Fatalities:  / Occupants: ,,, Damaged beyond repair,,"Emae Airport (EAE) (   Vanuatu) 
", Unknown (UNK),Unknown,?,?,,,Fatalities:  / Occupants:  
19880915-0,Final,Thursday 15 September 1988,13:05,Boeing 737-260,Ethiopian Airlines,,,, ET-AJA, 23914/1456, 1987-10-02  (1 years),1377,, 2 Pratt & Whitney JT8D-17A,1870,Fatalities: 0 / Occupants: 6,Fatalities: 35 / Occupants: 98,,, Destroyed, Written off (damaged beyond repair),"10 km (6.3 mls) SW of Bahar Dar Airport (BJR) (   Ethiopia) 
", Approach (APR),Domestic Scheduled Passenger,"Bahar Dar Airport (BJR/HABD), Ethiopia","Asmara International Airport (ASM/HAAY), Eritrea",ET604,,Fatalities: 35 / Occupants: 104 
19880915-1,Final,Thursday 15 September 1988,10:19,British Aerospace BAe-748-FAA Srs. 2B,Bradley Air Services,,,, C-GFFA, 1789, 1981,,,,,Fatalities: 2 / Occupants: 2,Fatalities: 0 / Occupants: 0,,, Destroyed, Written off (damaged beyond repair),"Cheney, ON (   Canada) 
", Approach (APR),Ferry/positioning,"Montreal-Dorval International Airport, QC (YUL/CYUL), Canada","Ottawa International Airport, ON (YOW/CYOW), Canada",,,Fatalities: 2 / Occupants: 2 
19880920-0,,Tuesday 20 September 1988,,Douglas C-47A-1-DK (DC-3),Crest Breeders,,,, Z-WRJ, 11989, 1943,,, 2 Pratt & Whitney R-1830-92,,Fatalities: 0 / Occupants: 3,Fatalities: 0 / Occupants: 0,,, Damaged beyond repair,,"5 km (3.1 mls) from  Harare Airport (HRE) (   Zimbabwe) 
", Initial climb (ICL),Cargo,"Harare Airport (HRE/FVHA), Zimbabwe",?,,,Fatalities: 0 / Occupants: 3 
19880921-1,,Wednesday 21 September 1988,,Antonov An-2TP,"Aeroflot, Far East Civil Aviation Directorate",,,, CCCP-70848, 1G119-34, 1970,9150,,,,Fatalities: 2 / Occupants: 2,Fatalities: 0 / Occupants: 0,,, Damaged beyond repair,,"10 km (6.3 mls) E of Aiykan (   Russia) 
", En route (ENR),Cargo,"Belkachi Airport, Russia",?,,,Fatalities: 2 / Occupants: 2 
19880922-0,Final,Thursday 22 September 1988,12:28 UTC,HAL/Dornier 228-201,Vayudoot,,,, VT-EJT, 8064/HAL1004, 1986,,,,,Fatalities: 0 / Occupants: 3,Fatalities: 0 / Occupants: 5,,, Substantial, Written off (damaged beyond repair),"Aurangabad-Chikkalthana Airport (IXU) (   India) 
", Approach (APR),Domestic Scheduled Passenger,"Nagpur-Sonegaon Airport (NAG/VANP), India","Aurangabad-Chikkalthana Airport (IXU/VAAU), India",,,Fatalities: 0 / Occupants: 8 
19880923-0,,Friday 23 September 1988,11:45,Fokker F-27 Friendship 100,Vayudoot,,,, VT-DMB, 10172, 1961,53680,, 2 Rolls-Royce Dart 514,51890,Fatalities: 0 / Occupants: 4,Fatalities: 0 / Occupants: 39,,, Damaged beyond repair,,"Calcutta Airport (CCU) (   India) 
", Taxi (TXI),Domestic Scheduled Passenger,"Calcutta Airport (CCU/VECC), India","Agartala-Singerbhil Airport (IXA/VEAT), India",PF701,,Fatalities: 0 / Occupants: 43 
19880924-0,,Saturday 24 September 1988,14:26,Tupolev Tu-154B-2,Aeroflot / Armenia,,,, CCCP-85479, 81A479, 1981,,, 3 Kuznetsov NK-8-2U,,Fatalities: 0 / Occupants: 10,Fatalities: 0 / Occupants: 158,,, Damaged beyond repair,,"Aleppo Airport (ALP) (   Syria) 
", Landing (LDG),International Scheduled Passenger,"Yerevan Airport (EVN/UDYZ), Armenia","Aleppo-Nejrab Airport (ALP/OSAP), Syria",,,Fatalities: 0 / Occupants: 168 
19880924-1,,Saturday 24 September 1988,,Antonov An-2R,"Aeroflot, Yakutsk Civil Aviation Directorate",,,, CCCP-84657, 1G191-35, 1981,,,,,Fatalities:  / Occupants: ,Fatalities:  / Occupants: ,,, Damaged beyond repair,,"at an unknown location (   Russia) 
", Unknown (UNK),Unknown,?,?,,,Fatalities:  / Occupants:  
19880924-2,,Saturday 24 September 1988,,Tupolev Tu-154M,"Aeroflot, Moscow Civil Aviation Directorate",,,, CCCP-85617, 86A736, 1986,65,,,,Fatalities: 0 / Occupants: ,Fatalities: 0 / Occupants: ,,, Substantial, Written off (damaged beyond repair),"Noril'sk Airport (NSK) (   Russia) 
", Landing (LDG),Unknown,?,"Noril'sk Airport (NSK/UOOO), Russia",,,Fatalities: 0 / Occupants:  
19880926-0,Final,Monday 26 September 1988,11:36,Boeing 737-287,Aerolineas Argentinas,,,, LV-LIU, 20964/379, 1974-10-10  (14 years),,, 2 Pratt & Whitney JT8D-9A,,Fatalities: 0 / Occupants: 6,Fatalities: 0 / Occupants: 56,,, Damaged beyond repair,,"Ushuaia Airport, TF (USH) (   Argentina) 
", Landing (LDG),Domestic Scheduled Passenger,"Río Grande Airport, TF (RGA/SAWE), Argentina","Ushuaia Airport, TF (USH/SAWO), Argentina",AR648,,Fatalities: 0 / Occupants: 62 
19880927-0,,Tuesday 27 September 1988,,Antonov An-8,MAP Moscow OAO,,,, CCCP-48101, 0Zhe-3490, 1960,12272,,,5853,Fatalities: 5 / Occupants: 5,Fatalities: 0 / Occupants: 0,,, Damaged beyond repair,,"3,5 km (2.2 mls) ENE of Kozelsk, Kaluga region (   Russia) 
", En route (ENR),Cargo,?,?,,,Fatalities: 5 / Occupants: 5 
19880929-0,,Thursday 29 September 1988,,Boeing 737-317,VASP - Viação Aérea São Paulo,,,, PP-SNT, 23176/1213, 1986-03-18  (2 years 7 months),,,,,Fatalities: 1 / Occupants: ,Fatalities: 0 / Occupants: ,,, Unknown,,"Goiânia-Santa Genoveva Airport, GO (GYN) (   Brazil) 
", En route (ENR),Domestic Scheduled Passenger,"Belo Horizonte-Pampulha Airport, MG (PLU/SBBH), Brazil","Rio de Janeiro (unknown airport), RJ, Brazil", 375,,Fatalities: 1 / Occupants: 98 
19880930-0,,Friday 30 September 1988,,Antonov An-2R,Aviatia Utilitara,,,, YR-PVS, 1G175-17, ,,,,,Fatalities:  / Occupants: ,Fatalities:  / Occupants: ,,, Damaged beyond repair,,"at an unknown location (   Unknown country) 
", Unknown (UNK),Unknown,?,?,,,Fatalities:  / Occupants:  
19881001-0,,Saturday 1 October 1988,,Airbus A300,American Airlines,,,, registration unknown, , ,,,,,Fatalities: 0 / Occupants: 10,Fatalities: 0 / Occupants: 221,,, None,,"Port-au-Prince Airport (PAP) (   Haiti) 
", Standing (STD),International Scheduled Passenger,"Port-au-Prince Airport (PAP/MTPP), Haiti","New York-John F. Kennedy International Airport, NY (JFK/KJFK), United States of America",AA658,,Fatalities: 0 / Occupants: 231 
19881004-0,,Tuesday 4 October 1988,22:59,Antonov An-12BP,"Aeroflot, Yakutsk Civil Aviation Directorate",,,, CCCP-11418, 401712, 1963,16419,, 4 Ivchenko AI-20M,9041,Fatalities: 6 / Occupants: 6,Fatalities: 0 / Occupants: 0,,, Damaged beyond repair,,"25 km (15.6 mls) from  Batagay (   Russia) 
", Approach (APR),Cargo,"Tiksi Airport (IKS/UEST), Russia","Batagay Airport (UEBB), Russia",,,Fatalities: 6 / Occupants: 6 
19881004-1,,Tuesday 4 October 1988,,Antonov An-32,Aviation Research Centre - ARC,,,, registration unknown, , ,,, 2 Ivchenko AI-20,,Fatalities:  / Occupants: ,Fatalities:  / Occupants: ,,, Damaged beyond repair,,"near Bhaisau (   India) 
", En route (ENR),Military,"Agra-Kheria Airport (AGR/VIAG), India","Bhubaneswar Airport (BBI/VEBS), India",,,Fatalities: 10 / Occupants:  
19881004-3,Final,Tuesday 4 October 1988,09:52,Beechcraft B99A,San Juan Airlines,,,, N803BA, U-133, 1969,27745,, 2 Pratt & Whitney Canada PT6A-27,,Fatalities: 0 / Occupants: 2,Fatalities: 0 / Occupants: 2,,, Substantial, Repaired,"near Eastsound-Orcas Island Airport, WA (ESD) (   United States of America) 
", Maneuvering (MNV),Domestic Scheduled Passenger,"Bellingham Airport, WA (BLI/KBLI), United States of America","Eastsound-Orcas Island Airport, WA (ESD/KORS), United States of America",,,Fatalities: 0 / Occupants: 4 
19881007-0,,Friday 7 October 1988,13:21,Ilyushin Il-14P,Shanxi Airlines,,,, B-4218, 6341406, 1956,,,,,Fatalities: 4 / Occupants: 4,Fatalities: 40 / Occupants: 44,Fatalities: 2,, Destroyed, Written off (damaged beyond repair),"2 km (1.3 mls) N of Linfen Air Base (   China) 
", Initial climb (ICL),Domestic Non Scheduled Passenger,"Linfen Air Base, China","Linfen Air Base, China",,,Fatalities: 44 / Occupants: 48 
19881008-0,,Saturday 8 October 1988,,de Havilland Canada DHC-6 Twin Otter 300,Air Burkina,,,, XT-AAX, 490, 1976,,, 2 Pratt & Whitney Canada PT6A-27,,Fatalities:  / Occupants: ,Fatalities:  / Occupants: ,,, Damaged beyond repair,,"Dori Airport (DOR) (   Burkina Faso) 
", Takeoff (TOF),Unknown,"Dori Airport (DOR/DFEE), Burkina Faso",?,,,Fatalities:  / Occupants:  
19881010-1,,Monday 10 October 1988,,Boeing 707-347C,TAAG Angola Airlines,,,, D2-TOM, 19965/734, 1968,,, 4 Pratt & Whitney JT3D-3B,,Fatalities: 0 / Occupants: 3,Fatalities: 0 / Occupants: 0,,, Damaged beyond repair,,"Luanda (   Angola) 
", Standing (STD),Unknown,?,?,,,Fatalities: 0 / Occupants: 3 
19881011-0,,Tuesday 11 October 1988,14:20,Boeing KC-135A Stratotanker,United States Air Force - USAF,,,, 60-0317, 18092/431, 1960-12-05  (27 years 11 months),,, 4 Pratt & Whitney J57-P,,Fatalities: 6 / Occupants: 6,Fatalities: 0 / Occupants: 10,,, Damaged beyond repair,,"Oscoda-Wurtsmith AFB, MI (OSC) (   United States of America) 
", Landing (LDG),Military,?,"Oscoda-Wurtsmith AFB, MI (OSC), United States of America",,,Fatalities: 6 / Occupants: 16 
19881011-1,,Tuesday 11 October 1988,,Tupolev Tu-134A,CSA Ceskoslovenské Aerolinie,,,, OK-AFB, 1351410, 1972,21793,,,20131,Fatalities: 0 / Occupants: ,Fatalities: 0 / Occupants: ,,, Damaged beyond repair,,"Praha-Ruzyne Airport (PRG) (   Czech Republic) 
", Landing (LDG),Unknown,?,"Praha-Ruzyne International Airport (PRG/LKPR), Czech Republic",,,Fatalities: 0 / Occupants:  
19881011-2,,Tuesday 11 October 1988,,Antonov An-12,Soviet Air Force,,,, registration unknown, , ,,,,,Fatalities: 7 / Occupants: 7,Fatalities: 1 / Occupants: 1,,, Damaged beyond repair,,"41 km (25.6 mls) NW of Sandar-Marneuli (   Georgia) 
", En route (ENR),Military,"Krymsk Air Base, Russia","Sandar-Marneuli Air Base, Georgia",,,Fatalities: 8 / Occupants: 8 
19881014-0,,Friday 14 October 1988,,Antonov An-2R,"Aeroflot, Yakutsk Civil Aviation Directorate",,,, CCCP-32612, 1G219-11, 1986,,,,,Fatalities:  / Occupants: ,Fatalities:  / Occupants: ,,, Damaged beyond repair,,"at an unknown location (   Russia) 
", Unknown (UNK),Unknown,?,?,,,Fatalities:  / Occupants:  
19881015-0,,Saturday 15 October 1988,,Boeing 737-2F9,Nigeria Airways,,,, 5N-ANW, 22771/866, 1982-04-20  (6 years 6 months),,, 2 Pratt & Whitney JT8D-15,,Fatalities: 0 / Occupants: 7,Fatalities: 0 / Occupants: 125,,, Damaged beyond repair,,"Port Harcourt Airport (PHC) (   Nigeria) 
", Landing (LDG),Domestic Scheduled Passenger,?,"Port Harcourt Airport (PHC/DNPO), Nigeria",,,Fatalities: 0 / Occupants: 132 
19881015-1,,Saturday 15 October 1988,,Antonov An-2R,Zakladu Uslug Agrolotniczych - ZUA,,,, SP-WLM, 1G148-02, ,,,,,Fatalities:  / Occupants: ,Fatalities:  / Occupants: ,,, Damaged beyond repair,,"at an unknown location (   Sudan) 
", Unknown (UNK),Unknown,?,?,,,Fatalities:  / Occupants:  
19881017-0,Final,Monday 17 October 1988,00:30,Boeing 707-338C,Uganda Airlines,,,, 5X-UBC, 19630/746, 1968,57776,, 4 Pratt & Whitney JT3D-3B,,Fatalities: 7 / Occupants: 7,Fatalities: 26 / Occupants: 45,,, Destroyed, Written off (damaged beyond repair),"1 km (0.6 mls) SE of Roma-Fiumicino Airport (FCO) (   Italy) 
", Approach (APR),International Scheduled Passenger,"London-Gatwick Airport (LGW/EGKK), United Kingdom","Roma-Fiumicino Airport (FCO/LIRF), Italy", 775,,Fatalities: 33 / Occupants: 52 
19881019-0,Final,Wednesday 19 October 1988,06:53,Boeing 737-2A8,Indian Airlines,,,, VT-EAH, 20481/271, 1970-11-24  (17 years 11 months),42750,, 2 Pratt & Whitney JT8D-9A,47520,Fatalities: 6 / Occupants: 6,Fatalities: 127 / Occupants: 129,,, Destroyed, Written off (damaged beyond repair),"2,54 km (1.6 mls) NE of Ahmedabad Airport (AMD) (   India) 
", Approach (APR),Domestic Scheduled Passenger,"Bombay-Sahar International Airport (BOM/VABB), India","Ahmedabad Airport (AMD/VAAH), India",IC113,,Fatalities: 133 / Occupants: 135 
19881019-1,,Wednesday 19 October 1988,08:56,Fokker F-27 Friendship 100,Vayudoot,,,, VT-DMC, 10173, 1961,,,,,Fatalities: 3 / Occupants: 3,Fatalities: 31 / Occupants: 31,,, Destroyed, Written off (damaged beyond repair),"19 km (11.9 mls) from  Guwahati-Borjhar Airport (GAU) (   India) 
", Approach (APR),Domestic Scheduled Passenger,"Silchar-Kumbhirgram Airport (IXS/VEKU), India","Guwahati-Borjhar Airport (GAU/VEGT), India", 703,,Fatalities: 34 / Occupants: 34 
19881022-0,,Saturday 22 October 1988,,Boeing 747,Iran Air,,,, registration unknown, , ,,,,,Fatalities: 0 / Occupants: ,Fatalities: 0 / Occupants: ,,, None,,"London-Heathrow Airport (LHR) (   United Kingdom) 
", En route (ENR),International Scheduled Passenger,"Wien-Schwechat International Airport (VIE/LOWW), Austria","Frankfurt International Airport (FRA/EDDF), Germany",IR723,,Fatalities: 0 / Occupants:  
19881025-1,,Tuesday 25 October 1988,10:53,Fokker F-28 Fellowship 1000,AeroPeru,,,, OB-R-1020, 11059, 1972-12-08  (15 years 11 months),35404,, 2 Rolls-Royce Spey 555-15,44078,Fatalities: 1 / Occupants: 4,Fatalities: 11 / Occupants: 65,,, Damaged beyond repair,,"2,5 km (1.6 mls) W of Juliaca Airport (JUL) (   Peru) 
", Initial climb (ICL),Domestic Scheduled Passenger,"Juliaca Airport (JUL/SPJL), Peru","Arequipa-Rodríguez Ballón Airport (AQP/SPQU), Peru",,,Fatalities: 12 / Occupants: 69 
19881026-0,,Wednesday 26 October 1988,,Cessna 501 Citation I/SP,Aero Technik,,,, OE-FFK, 501-0124, ,,,,,Fatalities: 2 / Occupants: 2,Fatalities: 0 / Occupants: 0,,Fatalities: 4, Damaged beyond repair,,"ca 2 km N of Salzburg-W. A. Mozart Airport (SZG) (   Austria) 
", En route (ENR),Unknown,"Salzburg-W. A. Mozart Airport (SZG/LOWS), Austria","Innsbruck-Kranebitten Airport (INN/LOWI), Austria",,,Fatalities: 2 / Occupants: 2 
19881026-1,Final,Wednesday 26 October 1988,09:00,Learjet 31,Gates Learjet,,,, N311DF, 31-001, 1987-09-04  (1 year 2 months),448,, 2 Garrett TFE731-2-2B,250,Fatalities: 0 / Occupants: 2,Fatalities: 0 / Occupants: 3,,, Substantial, Repaired,"Les Eplatures Airport (   Switzerland) 
", Landing (LDG),Demonstration,"Zürich-Kloten Airport (ZRH/LSZH), Switzerland","Les Eplatures Airport (LSGC), Switzerland",,,Fatalities: 0 / Occupants: 5 
19881028-0,,Friday 28 October 1988,,Britten-Norman BN-2A-21 Islander,Air Guadeloupe,,,, F-OGHL, 283, 1971-06-11  (17 years 5 months),,,,,Fatalities:  / Occupants: ,Fatalities:  / Occupants: ,,, Damaged beyond repair,,"at an unknown location (   Unknown country) 
", Unknown (UNK),Unknown,?,?,,,Fatalities:  / Occupants:  
19881031-0,,Monday 31 October 1988,,Antonov An-2TP,"Aeroflot, Yakutsk Civil Aviation Directorate",,,, CCCP-32325, 1G97-37, ,,,,,Fatalities:  / Occupants: ,Fatalities:  / Occupants: ,,, Damaged beyond repair,,"Belaya Gora ? (   Russia) 
", Landing (LDG),Unknown,?,?,,,Fatalities:  / Occupants:  
19881101-0,Final,Tuesday 1 November 1988,13:02,Douglas C-47A-25-DK (DC-3C),Air Ontario,,,, C-FBJE, 13453, 1944,22884,, 2 Pratt & Whitney R-1830-92,,Fatalities: 2 / Occupants: 2,Fatalities: 0 / Occupants: 0,,, Destroyed, Written off (damaged beyond repair),"2,4 km (1.5 mls) W off  Pikangikum Airport, ON (YPM) (   Canada) 
", Approach (APR),Cargo,"Red Lake Airport, ON (YRL/CYRL), Canada","Pikangikum Airport, ON (YPM/CYPM), Canada", 937,,Fatalities: 2 / Occupants: 2 
19881102-0,,Wednesday 2 November 1988,,Antonov An-24V,LOT Polskie Linie Lotnicze,,,, SP-LTD, 67302209, 1966,,, 2 Ivchenko AI-24,,Fatalities: 0 / Occupants: 4,Fatalities: 1 / Occupants: 25,,, Damaged beyond repair,,"near Rzeszów (   Poland) 
", Approach (APR),Domestic Scheduled Passenger,"Warszawa-Okecie Airport (WAW/EPWA), Poland","Rzeszów Airport (RZE/EPRZ), Poland", 703,,Fatalities: 1 / Occupants: 29 
19881102-1,Final,Wednesday 2 November 1988,10:13,Rockwell 1121A Jet Commander,Federal Aviation Administration - FAA,,,, N44, 130, ,10519,, 2 General Electric CJ610-5,,Fatalities: 2 / Occupants: 2,Fatalities: 1 / Occupants: 1,,, Destroyed, Written off (damaged beyond repair),"Oak Grove, PA (   United States of America) 
", En route (ENR),Test,"Pittsburgh-Allegheny County Airport, PA (AGC/KAGC), United States of America","Latrobe-Westmoreland County Airport, PA (LBE/KLBE), United States of America",,,Fatalities: 3 / Occupants: 3 
19881108-0,,Tuesday 8 November 1988,10:45,de Havilland Canada DHC-5D Buffalo,Ethiopian Airlines,,,, ET-AHI, 101, 1981,,, 2 General Electric CT64-820-4,,Fatalities: 1 / Occupants: ,Fatalities: 0 / Occupants: 0,,, Damaged beyond repair,,"Gondar Airport (GDQ) (   Ethiopia) 
", Landing (LDG),Cargo,"Gondar Airport (GDQ/HAGN), Ethiopia",?,,,Fatalities: 1 / Occupants:  
19881113-0,,Sunday 13 November 1988,13:55,Grumman G-159 Gulfstream I,S. Lubbezoo,,,, N750BR,  99, 1963,,,,,Fatalities: 0 / Occupants: 2,Fatalities: 0 / Occupants: 0,,, Substantial, Written off (damaged beyond repair),"Niedernberg (   Germany) 
", En route (ENR),Ferry/positioning,"Rotterdam Airport (RTM/EHRD), Netherlands","Thessaloniki Airport (SKG/LGTS), Greece",,,Fatalities: 0 / Occupants: 2 
19881114-0,,Monday 14 November 1988,,Transall C-160D,Türk Hava Kuvvetleri (Turkish Air Force),,,, 69-030, D-30, 1969,,,,,Fatalities: 0 / Occupants: 0,Fatalities: 0 / Occupants: 0,,, Damaged beyond repair,,"Kayseri-Erkilet Air Base (ASR) (   Turkey) 
", Standing (STD),Military,-,-,,,Fatalities: 0 / Occupants: 0 
19881114-1,Final,Monday 14 November 1988,07:14,Embraer EMB-110P1 Bandeirante,,Wasa Wings,,Kar-Air Finland, OH-EBA, 110226, 1979,8542,, 2 Pratt & Whitney Canada PT6A-34,,Fatalities: 2 / Occupants: 2,Fatalities: 4 / Occupants: 10,,, Destroyed, Written off (damaged beyond repair),"1 km (0.6 mls) S of Seinäjoki-Ilmajoki Airport (SJY) (   Finland) 
", Approach (APR),Domestic Scheduled Passenger,"Helsinki-Vantaa Airport (HEL/EFHK), Finland","Seinäjoki-Ilmajoki Airport (SJY/EFSI), Finland", 701,,Fatalities: 6 / Occupants: 12 
19881117-0,,Thursday 17 November 1988,,Antonov An-2R,Zakladu Uslug Agrolotniczych - ZUA,,,, SP-WKZ, 1G144-40, ,,,,,Fatalities:  / Occupants: ,Fatalities:  / Occupants: ,,, Damaged beyond repair,,"Michalków (   Poland) 
", Unknown (UNK),Unknown,?,?,,,Fatalities:  / Occupants:  
19881118-1,,Friday 18 November 1988,,Swearingen SA226-TC Metro II,Magnum Airlines,,,, ZS-LKG, TC-291, 1979,,, 2 Garrett TPE331-3UW-303G,,Fatalities: 0 / Occupants: 2,Fatalities: 0 / Occupants: 10,,, Damaged beyond repair,,"near Johannesburg (   South Africa) 
", En route (ENR),Passenger,?,?,,,Fatalities: 0 / Occupants: 12 
19881118-2,Final,Friday 18 November 1988,06:31,Swearingen SA226-TC Metro II,Air Littoral,,,, F-GCPG, TC-334E, 1980,10346,, 2 Garrett TPE331-3UW-303G,,Fatalities: 2 / Occupants: 2,Fatalities: 2 / Occupants: 2,,, Damaged beyond repair,,"Montluçon-Guéret (Lepaud) Airport (MCU) (   France) 
", Initial climb (ICL),Domestic Scheduled Passenger,"Montluçon-Guéret (Lepaud) Airport (MCU/LFBK), France","Paris-Orly Airport (ORY/LFPO), France", 440,,Fatalities: 4 / Occupants: 4 
19881119-0,,Saturday 19 November 1988,20:30,Antonov An-26,Democratic Republic of Afghanistan Air Force - DRAAF,,,, registration unknown, , ,,,,,Fatalities:  / Occupants: ,Fatalities:  / Occupants: ,,, Damaged beyond repair,,"near Parachinar (   Pakistan) 
", En route (ENR),Military,"Kabul-Khwaja Rawash Airport (KBL/OAKB), Afghanistan","Jalalabad Airport (JAA/OAJL), Afghanistan",,,Fatalities: 30 / Occupants: 30 
19881119-1,Preliminary,Saturday 19 November 1988,,Ilyushin Il-76MD,Soviet Air Force,,,, CCCP-78771, 0083487622, 1988,,,,,Fatalities: 0 / Occupants: 7,Fatalities: 0 / Occupants: 3,,, Damaged beyond repair,,"Rogachevo Air Base (   Russia) 
", Landing (LDG),Military,"Arkhangelsk-Talaghy Airport (ARH/ULAA), Russia","Rogachevo Air Base, Russia",,,Fatalities: 0 / Occupants: 10 
19881120-0,,Sunday 20 November 1988,,Antonov An-8,MOM Energiya NPO,,,, CCCP-26183, 0B-3440, 1960,,,,,Fatalities:  / Occupants: ,Fatalities:  / Occupants: ,,, Damaged beyond repair,,"Yerevan Airport (EVN) (   Armenia) 
", Landing (LDG),Unknown,?,"Yerevan Airport (EVN/UDYZ), Armenia",,,Fatalities:  / Occupants:  
19881121-0,,Monday 21 November 1988,,Antonov An-26,Democratic Republic of Afghanistan Air Force - DRAAF,,,, registration unknown, , ,,,,,Fatalities:  / Occupants: ,Fatalities:  / Occupants: ,,, Damaged beyond repair,,"within Pakistan (   Pakistan) 
", En route (ENR),Military,"Kabul Airport (KBL/OAKB), Afghanistan","Jalalabad Airport (JAA/OAJL), Afghanistan",,,Fatalities:  / Occupants:  
19881122-0,,Tuesday 22 November 1988,20:36,McDonnell Douglas DC-8-63CF,Arrow Air,,,, N661AV, 45969/396, 1968,,,,,Fatalities: 0 / Occupants: 3,Fatalities: 0 / Occupants: 2,,, Substantial, Repaired,"Gander International Airport, NL (YQX) (   Canada) 
", Landing (LDG),International Scheduled Passenger,"New York-John F. Kennedy International Airport, NY (JFK/KJFK), United States of America","Gander International Airport, NL (YQX/CYQX), Canada",,,Fatalities: 0 / Occupants: 5 
19881123-0,,Wednesday 23 November 1988,,Vickers 807 Viscount,Gibraltar Airways,,,, G-BBVH, 281, 1957,,, 4 Rolls-Royce Dart 520,,Fatalities: 0 / Occupants: 4,Fatalities: 0 / Occupants: 74,,, Damaged beyond repair,,"Tangier Airport (TNG) (   Morocco) 
", Landing (LDG),International Scheduled Passenger,"Gibraltar-North Front Airport (GIB/LXGB), Gibraltar","Tangier Airport (TNG/GMTT), Morocco",,,Fatalities: 0 / Occupants: 78 
