Identifiant:,Status:,Date:,Time:,Type:,Operator:,Operating for:,On behalf of:,Leased from:,Registration:,C/n / msn:,First flight:,Total airframe hrs:,Year built:,Engines:,Cycles:,Crew:,Passengers:,Ground casualties:,Collision casualties:,Aircraft damage:,Aircraft fate:,Location:,Phase:,Nature:,Departure airport:,Destination airport:,Flightnumber:,Probable cause:,Total:
19850101-0,,Tuesday 1 January 1985,ca 20:30,Boeing 727-225,Eastern Air Lines,,,, N819EA, 22556/1793, 1982-03-12  (2 years 10 months),,, 3 Pratt & Whitney JT8D-17AR,,Fatalities: 10 / Occupants: 10,Fatalities: 19 / Occupants: 19,,, Destroyed, Written off (damaged beyond repair),"Nevado Illimani (   Bolivia) 
", En route (ENR),International Scheduled Passenger,"Asunción-Silvio Pettirossi International Airport (ASU/SGAS), Paraguay","La Paz-El Alto Airport (LPB/SLLP), Bolivia",EA980,,Fatalities: 29 / Occupants: 29 
19850104-0,,Friday 4 January 1985,,Boeing 727-235,Pan American World Airways (Pan Am),,,, N4746, 19466/561, 1968-04-05  (16 years 9 months),,, 3 Pratt & Whitney JT8D-7B,,Fatalities: 0 / Occupants: ,Fatalities: 0 / Occupants: ,,, None,,"Cleveland-Hopkins International Airport, OH (CLE) (   United States of America) 
", Standing (STD),Domestic Scheduled Passenger,"Cincinnati/Northern Kentucky Airport, KY (CVG/KCVG), United States of America","Cleveland-Hopkins International Airport, OH (CLE/KCLE), United States of America",PA558,,Fatalities: 0 / Occupants: 27 
19850108-0,,Tuesday 8 January 1985,,de Havilland Canada DHC-6 Twin Otter 300,Bakhtar Afghan Airlines,,,, YA-GAY, 332, 1971,,, 2 Pratt & Whitney Canada PT6A-27,,Fatalities: 0 / Occupants: 3,Fatalities: 0 / Occupants: 17,,, Damaged beyond repair,,"Bamyan (   Afghanistan) 
", Approach (APR),Domestic Scheduled Passenger,?,"Bamyan Airport (BIN/OABN), Afghanistan",,,Fatalities: 0 / Occupants: 20 
19850108-1,,Tuesday 8 January 1985,,Fokker F-27 Friendship 200MAR,Royal Thai Navy,,,, 10665, 10665, 1984,,,,,Fatalities: 0 / Occupants: 2,Fatalities: 0 / Occupants: 6,,, Damaged beyond repair,,"Bangkok International Airport (BKK) (   Thailand) 
", Landing (LDG),Military,"U-Tapao Airport (UTP/VTBU), Thailand","Bangkok-Don Muang International Airport (BKK/VTBD), Thailand",,,Fatalities: 0 / Occupants: 8 
19850109-0,Final,Wednesday 9 January 1985,07:01,Lockheed L-188AF Electra,TPI International Airways,,,, N357Q, 1044, 1959,,, 4 Allison 501-D13,,Fatalities: 3 / Occupants: 3,Fatalities: 0 / Occupants: 0,,, Destroyed, Written off (damaged beyond repair),"ca 5 km NW from Kansas City Downtown Municipal Airport, MO (MKC) (   United States of America) 
", Approach (APR),Cargo,"Detroit-Metropolitan Wayne County Airport, MI (DTW/KDTW), United States of America","Kansas City Downtown Municipal Airport, MO (MKC/KMKC), United States of America",,,Fatalities: 3 / Occupants: 3 
19850109-1,Final,Wednesday 9 January 1985,11:50,North American Rockwell T-39N Sabreliner,Westinghouse Electric Corp.,,,, N1863T, 282-62, ,9044,, 2 Pratt & Whitney JT12A-8 Turbo Wasp,,Fatalities: 0 / Occupants: 2,Fatalities: 0 / Occupants: 0,,, Substantial,,"Baltimore/Washington International Airport, MD (BWI) (   United States of America) 
", Landing (LDG),Executive,"Baltimore/Washington International Airport, MD (BWI/KBWI), United States of America","Baltimore/Washington International Airport, MD (BWI/KBWI), United States of America",,,Fatalities: 0 / Occupants: 2 
19850110-0,,Thursday 10 January 1985,,Ilyushin Il-14T,MAP Moscow OAO,,,, CCCP-06142, 148001843, 1958,11007,,,,Fatalities:  / Occupants: ,Fatalities:  / Occupants: ,,, Damaged beyond repair,,"1,3 km (0.8 mls) from  Uralsk Airport (URA) (   Kazakhstan) 
", Approach (APR),Unknown,?,"Uralsk Airport (URA/UARR), Kazakhstan",,,Fatalities:  / Occupants:  
19850113-0,,Sunday 13 January 1985,,Vickers 806 Viscount,Mandala Airlines,,,, PK-RVT, 268, 1958,,,,,Fatalities: 0 / Occupants: ,Fatalities: 0 / Occupants: ,,, Damaged beyond repair,,"Yogyakarta-Adisutjipto Airport (JOG) (   Indonesia) 
", Landing (LDG),Domestic Scheduled Passenger,?,"Yogyakarta-Adisutjipto Airport (JOG/WARJ), Indonesia",,,Fatalities: 0 / Occupants: 49 
19850117-0,,Thursday 17 January 1985,,Douglas C-47A-65-DL (DC-3),Royal Thai Air Force - RTAF,,,, L2-6/90/536, 18999, 1943,,,,,Fatalities:  / Occupants: ,Fatalities:  / Occupants: ,,, Damaged beyond repair,,"Lop Buri Air Base (   Thailand) 
", Unknown (UNK),Military,?,?,,,Fatalities:  / Occupants:  
19850118-0,,Friday 18 January 1985,,Antonov An-24V,CAAC,,,, B-434, 27308110, 1972,,,,,Fatalities: 6 / Occupants: 6,Fatalities: 32 / Occupants: 35,,, Damaged beyond repair,,"near Jinan Airport (TNA) (   China) 
", Approach (APR),Domestic Scheduled Passenger,"Nanjing Dajiaochang Airport (NKG/ZSNJ), China","Jinan Airport (TNA/ZSTN), China",5109,,Fatalities: 38 / Occupants: 41 
19850118-1,,Friday 18 January 1985,,GAF Nomad N.22B,Barrier Reef Airways,,,, VH-BFH,  35, 1976,,,,,Fatalities: 0 / Occupants: 0,Fatalities: 0 / Occupants: 0,,, Damaged beyond repair,,"Brisbane International Airport, QLD (BNE) (   Australia) 
", Standing (STD),-,-,-,-,,Fatalities: 0 / Occupants: 0 
19850118-2,,Friday 18 January 1985,,Airbus A300B4,Eastern Air Lines,,,, registration unknown, , ,,,,,Fatalities: 0 / Occupants: 9,Fatalities: 0 / Occupants: 123,,, None,,"Orlando International Airport, FL (MCO) (   United States of America) 
", En route (ENR),Domestic Scheduled Passenger,"Newark International Airport, NJ (EWR/KEWR), United States of America","Miami International Airport, FL (MIA/KMIA), United States of America",EA403,,Fatalities: 0 / Occupants: 132 
19850119-0,,Saturday 19 January 1985,08:22,Ilyushin Il-18D,Cubana de Aviación,,,, CU-T899, 188011102, 1968,,,,,Fatalities: 5 / Occupants: 5,Fatalities: 33 / Occupants: 33,,, Damaged beyond repair,,"near San José de los Lajas (   Cuba) 
", En route (ENR),International Scheduled Passenger,"Havana-José Martí International Airport (HAV/MUHA), Cuba","Managua-Augusto C. Sandino Airport (MGA/MNMG), Nicaragua",,,Fatalities: 38 / Occupants: 38 
19850121-0,Final,Monday 21 January 1985,01:04,Lockheed L-188A Electra,Galaxy Airlines,,,, N5532, 1121, 1960-02-02  (25 years),34148,, 4 Allison 501-D13,33285,Fatalities: 6 / Occupants: 6,Fatalities: 64 / Occupants: 65,,, Destroyed, Written off (damaged beyond repair),"3 km (1.9 mls) SE of Reno/Tahoe International Airport, NV (RNO) (   United States of America) 
", Initial climb (ICL),Domestic Non Scheduled Passenger,"Reno/Tahoe International Airport, NV (RNO/KRNO), United States of America","Minneapolis-St. Paul International Airport, MN (MSP/KMSP), United States of America", 203,,Fatalities: 70 / Occupants: 71 
19850122-0,,Tuesday 22 January 1985,ca 09:35,Lockheed C-130A Hercules,United States Air Force - USAF,,,, 56-0501, 3109, 1957,,,,,Fatalities: 5 / Occupants: 5,Fatalities: 16 / Occupants: 16,,, Damaged beyond repair,,"13 km (8.1 mls) NW off  Trujillo-Capiro Airport (TJI) (   Honduras) 
", Approach (APR),Military,"Balboa-Howard AFB (BLB/MPHO), Panama","Trujillo-Capiro Airport (TJI/MHTJ), Honduras",,,Fatalities: 21 / Occupants: 21 
19850122-1,,Tuesday 22 January 1985,,Antonov An-26RT,Soviet Air Force,,,, 05, , ,,,,,Fatalities: 6 / Occupants: 6,Fatalities: 2 / Occupants: 2,,, Damaged beyond repair,,"near Dzhabal-Ussaradzh (   Afghanistan) 
", En route (ENR),Military,?,?,,,Fatalities: 8 / Occupants: 8 
19850123-0,,Wednesday 23 January 1985,,Boeing 727-2K3,Lloyd Aéreo Boliviano - LAB,,,, CP-1276, 21082/1124, 1975-04-02  (9 years 10 months),,, 3 Pratt & Whitney JT8D-17,,Fatalities: 0 / Occupants: 7,Fatalities: 1 / Occupants: 120,,, Substantial, Repaired,"55 km (34.4 mls) from  Santa Cruz (   Bolivia) 
", En route (ENR),Domestic Scheduled Passenger,"La Paz-El Alto Airport (LPB/SLLP), Bolivia","Santa Cruz-Viru Viru International Airport (VVI/SLVR), Bolivia",,,Fatalities: 1 / Occupants: 127 
19850123-1,,Wednesday 23 January 1985,ca. 10:30,Embraer EMB-110P1 Bandeirante,AIRES Colombia,,,, HK-2638, 110341, 1981,,, 2 Pratt & Whitney Canada PT6A-34,,Fatalities: 2 / Occupants: 2,Fatalities: 15 / Occupants: 15,,, Damaged beyond repair,,"16 km (10 mls) from  Buga (   Colombia) 
", En route (ENR),Domestic Scheduled Passenger,"Neiva Airport (NVA/SKNV), Colombia","Cali Airport (CLO/SKCL), Colombia", 585,,Fatalities: 17 / Occupants: 17 
19850123-2,,Wednesday 23 January 1985,10:35,de Havilland Canada DHC-6 Twin Otter 300,ACES - Aerolineas Centrales de Colombia,,,, HK-1910, 497, 1976,,, 2 Pratt & Whitney Canada PT6A-27,,Fatalities: 2 / Occupants: 2,Fatalities: 21 / Occupants: 21,,, Destroyed, Written off (damaged beyond repair),"Cerro el Plateado (   Colombia) 
", En route (ENR),Domestic Scheduled Passenger,"Quibdó-El Caraño Airport (UIB/SKUI), Colombia","Medellín-Enrique Olaya Herrera Airport (EOH/SKMD), Colombia", 052,,Fatalities: 23 / Occupants: 23 
19850124-0,,Thursday 24 January 1985,,Antonov An-2R,"Aeroflot, Leningrad Civil Aviation Directorate",,,, CCCP-19716, 1G165-30, 1975,,,,,Fatalities: 0 / Occupants: ,Fatalities: 0 / Occupants: ,,, Damaged beyond repair,,"Lake Byeloye, Vologda Region (   Russia) 
", Unknown (UNK),Unknown,?,?,,,Fatalities: 0 / Occupants:  
19850128-0,,Monday 28 January 1985,,Britten-Norman BN-2A Islander,Aviones de Panama,,,, HP-659, 64, 1969-04-09  (15 years 10 months),,,,,Fatalities: 0 / Occupants: ,Fatalities: 0 / Occupants: ,,, Damaged beyond repair,,"22 km (13.8 mls) off  Taboga Island (   Panama) 
", En route (ENR),Passenger,?,?,,,Fatalities: 0 / Occupants: 4 
19850129-0,Final,Tuesday 29 January 1985,09:36,Lockheed L-188CF Electra,Galaxy Airlines,,,, N854U, 2009, 1959,47765,, 4 Allison 501-D13A,,Fatalities: 0 / Occupants: 3,Fatalities: 0 / Occupants: 0,,, Substantial, Written off (damaged beyond repair),"Marietta-Dobbins AFB, GA (MGE) (   United States of America) 
", Landing (LDG),Cargo,"Philadelphia International Airport, PA (PHL/KPHL), United States of America","Charlotte-Douglas Airport, NC (CLT/KCLT), United States of America",,,Fatalities: 0 / Occupants: 3 
19850131-0,Final,Thursday 31 January 1985,05:47,Swearingen SA227-AT Expediter,United Parcel Service - UPS,,,, N568UP, AT-568, 1983,783,, 2 Garrett TPE331,,Fatalities: 0 / Occupants: 3,Fatalities: 0 / Occupants: 0,,, Destroyed, Written off (damaged beyond repair),"London, KY (   United States of America) 
", Landing (LDG),Cargo,"Louisville-Standiford Field, KY (SDF/KSDF), United States of America","London-Corbin Airport, KY (LOZ/KLOZ), United States of America",,,Fatalities: 0 / Occupants: 3 
19850199-0,,xx JAN 1985,,Douglas DC-4,BIF Air Inc,,,, N88939, 18397, 1944,,,,,Fatalities:  / Occupants: ,Fatalities:  / Occupants: ,,, Damaged beyond repair,,"near South Caicos International Airport (XSC) (   Turks and Caicos Islands) 
", Approach (APR),Unknown,?,"South Caicos International Airport (XSC/MBSC), Turks and Caicos Islands",,,Fatalities:  / Occupants:  
19850201-0,,Friday 1 February 1985,08:01,Tupolev Tu-134AK,Aeroflot / Belarus,,,, CCCP-65910, 63969, 1982,685,,,448,Fatalities: 3 / Occupants: 6,Fatalities: 55 / Occupants: 74,,, Destroyed, Written off (damaged beyond repair),"10 km (6.3 mls) E of Minsk-2 International Airport (MSQ) (   Belarus) 
", Initial climb (ICL),Domestic Scheduled Passenger,"Minsk-2 International Airport (MSQ/UMMS), Belarus","Leningrad-Pulkovo Airport (LED/ULLI), Russia",7841,,Fatalities: 58 / Occupants: 80 
19850201-1,Final,Friday 1 February 1985,21:47,Beechcraft A100 King Air,Lisa Flite Corporation,,,, N72BS, B-113, 1973,5668,, 2 Pratt & Whitney Canada PT6A-28,,Fatalities: 2 / Occupants: 2,Fatalities: 0 / Occupants: 0,,, Damaged beyond repair,,"Cedarville, NJ (   United States of America) 
", Approach (APR),Ferry/positioning,"Ridgeland Airport, SC, United States of America","Millville Airport, NJ (MIV/KMIV), United States of America",,,Fatalities: 2 / Occupants: 2 
19850203-0,Final,Sunday 3 February 1985,,PADC/Britten-Norman BN-2A-21 Islander,Geelong Air Travel,,,, VH-IGT, 503, 1977,,,,,Fatalities: 0 / Occupants: 1,Fatalities: 0 / Occupants: 11,,, Substantial, Repaired,"Wilton Airfield, NSW (   Australia) 
", Takeoff (TOF),Parachuting,"Wilton Airfield, NSW, Australia","Wilton Airfield, NSW, Australia",,,Fatalities: 0 / Occupants: 12 
19850204-0,,Monday 4 February 1985,,de Havilland Canada C-115 Buffalo (DHC-5),Força Aérea Brasileira - FAB,,,, 2373, 43, ,,,,,Fatalities:  / Occupants: ,Fatalities:  / Occupants: ,,, Damaged beyond repair,,"at an unknown location (   Unknown country) 
", Unknown (UNK),Military,?,?,,,Fatalities:  / Occupants:  
19850205-1,Final,Tuesday 5 February 1985,23:51,McDonnell Douglas DC-9-15,Airborne Express,,,, N926AX, 47002/105, 1967,,, 2 Pratt & Whitney JT8D-7,,Fatalities: 0 / Occupants: 2,Fatalities: 0 / Occupants: 0,,, Substantial, Written off (damaged beyond repair),"Philadelphia International Airport, PA (PHL) (   United States of America) 
", Takeoff (TOF),Cargo,"Philadelphia International Airport, PA (PHL/KPHL), United States of America","Wilmington-Clinton Field, OH (ILN/KILN), United States of America",,,Fatalities: 0 / Occupants: 2 
19850207-0,,Thursday 7 February 1985,,Canadair CL-600-2A12 Challenger 601,TAG Aviation,,,, N779XX, 3018, ,,,,,Fatalities: 0 / Occupants: 3,Fatalities: 0 / Occupants: 9,,, Damaged beyond repair,,"Milano-Linate Airport (LIN) (   Italy) 
", Approach (APR),Unknown,?,"Milano-Linate Airport (LIN/LIML), Italy",,,Fatalities: 0 / Occupants: 12 
19850207-1,,Thursday 7 February 1985,,Boeing 707-123B,Cyprus Airways,,,, registration unknown, , ,,,,,Fatalities: 0 / Occupants: 12,Fatalities: 0 / Occupants: 0,,, None,,"Beirut International Airport (BEY) (   Lebanon) 
", Standing (STD),International Scheduled Passenger,"Beirut International Airport (BEY/OLBA), Lebanon","Larnaca Airport (LCA/LCLK), Cyprus", 343,,Fatalities: 0 / Occupants: 12 
19850208-0,Final,Friday 8 February 1985,12:31,Boeing 737-2A8,Indian Airlines,,,, VT-EDS, 21164/435, 1975-10-06  (9 years 4 months),,, 2 Pratt & Whitney JT8D-9A,,Fatalities: 0 / Occupants: 7,Fatalities: 0 / Occupants: 109,,, Substantial, Repaired,"Calcutta-Dum Dum Airport (CCU) (   India) 
", Landing (LDG),Domestic Scheduled Passenger,?,"Calcutta-Dum Dum Airport (CCU/VECC), India",IC248,,Fatalities: 0 / Occupants: 116 
19850214-0,,Thursday 14 February 1985,,IRMA/Britten-Norman BN-2A-3 Islander,Dirgantara Air Services,,,, PK-VIO, 693, 1973,,,,,Fatalities:  / Occupants: ,Fatalities:  / Occupants: ,,, Damaged beyond repair,,"near Banjarmasin (   Indonesia) 
", En route (ENR),Domestic Non Scheduled Passenger,"Kotabaru-Setagen Airport (KBU/WRBK), Indonesia","Banjarmasin-Sjamsudin Noor Airport (BDJ/WAOO), Indonesia",,,Fatalities: 9 / Occupants: 10 
19850219-0,Final,Tuesday 19 February 1985,10:16 PST,Boeing 747SP-09,China Airlines,,,, N4522V, 22805/564, 1982-06-10  (2 years 9 months),10192,, 4 Pratt & Whitney JT9D-7A,,Fatalities: 0 / Occupants: 23,Fatalities: 0 / Occupants: 251,,, Substantial, Repaired,"550 km (343.8 mls) NW off  San Fransisco, CA, USA (   Pacific Ocean) 
", En route (ENR),International Scheduled Passenger,"Taipei-Chiang Kai Shek International Airport (TPE/RCTP), Taiwan","Los Angeles International Airport, CA (LAX/KLAX), United States of America", 006,,Fatalities: 0 / Occupants: 274 
19850219-1,Final,Tuesday 19 February 1985,09:27,Boeing 727-256,Iberia,,,, EC-DDU, 21777/1487, 1979-05-18  (5 years 9 months),13408,, 3 Pratt & Whitney JT8D-9A,12347,Fatalities: 7 / Occupants: 7,Fatalities: 141 / Occupants: 141,,, Destroyed, Written off (damaged beyond repair),"30 km (18.8 mls) SE of Bilbao Airport (BIO) (   Spain) 
", En route (ENR),Domestic Scheduled Passenger,"Madrid-Barajas Airport (MAD/LEMD), Spain","Bilbao Airport (BIO/LEBB), Spain",IB610,,Fatalities: 148 / Occupants: 148 
19850222-0,,Friday 22 February 1985,,Antonov An-24V,Air Mali,,,, TZ-ACT, 87304104, 1968,,,,,Fatalities: 6 / Occupants: 6,Fatalities: 45 / Occupants: 46,,, Destroyed, Written off (damaged beyond repair),"ca 3 km from Tombouctou Airport (TOM) (   Mali) 
", Initial climb (ICL),Domestic Non Scheduled Passenger,"Tombouctou Airport (TOM/GATB), Mali","Mopti Airport (MZI/GAMB), Mali",,,Fatalities: 51 / Occupants: 52 
19850223-0,,Saturday 23 February 1985,,Boeing 707-300,Middle East Airlines - MEA,,,, registration unknown, , ,,,,,Fatalities: 0 / Occupants: ,Fatalities: 1 / Occupants: ,,, Minor, Repaired,"Beirut International Airport (BEY) (   Lebanon) 
", Standing (STD),International Scheduled Passenger,"Beirut International Airport (BEY/OLBA), Lebanon","Paris-Orly Airport (ORY/LFPO), France",ME711,,Fatalities: 1 / Occupants: 104 
19850224-0,,Sunday 24 February 1985,ca 17:30,Dornier 228-100,Alfred Wegener Institut,,,, D-IGVN, 7039, 1984,,,,,Fatalities: 3 / Occupants: 3,Fatalities: 0 / Occupants: 0,,, Damaged beyond repair,,"S of Dakhla (   Western Sahara) 
", En route (ENR),Ferry/positioning,"Dakar-Yoff Airport (DKR/GOOY), Senegal","Lanzarote Airport (ACE/GCRR), Spain",,,Fatalities: 3 / Occupants: 3 
19850224-1,,Sunday 24 February 1985,,Lockheed KC-130H Hercules,Royal Saudi Air Force - RSAF,,,, 1620, 4872, 1980,,,,,Fatalities:  / Occupants: ,Fatalities:  / Occupants: ,,, Damaged beyond repair,,"Riyadh Air Base (XXN) (   Saudi Arabia) 
", Approach (APR),Military,?,"Riyadh Air Base (XXN/OERY), Saudi Arabia",,,Fatalities: 8 / Occupants:  
19850225-3,,Monday 25 February 1985,,Boeing RC-135T Rivet Dandy,United States Air Force - USAF,,,, 55-3121, 17237/4, 1957-03-07  (28 years),15072,, 4 Pratt & Whitney TF33-PW-102,,Fatalities: 3 / Occupants: 3,Fatalities: 0 / Occupants: 0,,, Damaged beyond repair,,"near Valdez Municipal Airport, AK (VDZ) (   United States of America) 
", En route (ENR),Military,"Fairbanks-Eielson AFB, AK (EIL/PAEI), United States of America","Fairbanks-Eielson AFB, AK (EIL/PAEI), United States of America",,,Fatalities: 3 / Occupants: 3 
19850227-0,,Wednesday 27 February 1985,,Boeing 727-230,Lufthansa,,,, registration unknown, , ,,, 3 Pratt & Whitney JT8D-15,,Fatalities: 0 / Occupants: 8,Fatalities: 0 / Occupants: 37,,, None,,"Wien-Schwechat Airport (VIE) (   Austria) 
", En route (ENR),International Scheduled Passenger,"Frankfurt International Airport (FRA/EDDF), Germany","Damascus International Airport (DAM/OSDI), Syria",LH612,,Fatalities: 0 / Occupants: 45 
19850227-1,,Wednesday 27 February 1985,,de Havilland Canada DHC-6 Twin Otter 310,ACES - Aerolineas Centrales de Colombia,,,, HK-2763, 789, 1982,,, 2 Pratt & Whitney Canada PT6A-27,,Fatalities: 0 / Occupants: 0,Fatalities: 0 / Occupants: 0,,, Damaged beyond repair,,"El Bagre Airport (EBG) (   Colombia) 
", Standing (STD),-,-,-,,,Fatalities: 0 / Occupants: 0 
19850299-0,,xx FEB 1985,,Lockheed P-3F Orion,Imperial Iranian Air Force - IIAF,,,, 5-8702, 185-6002, 1968,,,,,Fatalities:  / Occupants: ,Fatalities:  / Occupants: ,,, Damaged beyond repair,,"within Iran (   Iran) 
", Approach (APR),Military,?,?,,,Fatalities:  / Occupants:  
19850303-0,,Sunday 3 March 1985,,Lockheed Hercules ???,Unknown,,,, registration unknown, , ,,,,,Fatalities: 0 / Occupants: ,Fatalities: 0 / Occupants: ,,, Unknown,,"Lalibela (   Ethiopia) 
", Unknown (UNK),Unknown,?,?,,,Fatalities: 0 / Occupants:  
19850305-0,Preliminary,Tuesday 5 March 1985,,Antonov An-26Sh,Soviet Air Force,,,, 29 yellow, 6902, ,,,,,Fatalities: 0 / Occupants: ,Fatalities: 0 / Occupants: ,,, Damaged beyond repair,,"near Novobyelaya, Lugansk Region (   Ukraine) 
", En route (ENR),Military,?,?,,,Fatalities: 0 / Occupants:  
19850306-0,,Wednesday 6 March 1985,,Fokker F-27 Friendship 600,Libyan Arab Airlines,,,, 5A-DLR, 10647, 1983,,, 2 Rolls-Royce Dart 535-7,,Fatalities: 0 / Occupants: ,Fatalities: 0 / Occupants: ,,, Damaged beyond repair,,"Giallo-Warehouse 59E Airport (   Libya) 
", Landing (LDG),Unknown,?,"Giallo-Warehouse 59E Airport (HLGL), Libya",,,Fatalities: 0 / Occupants:  
19850309-0,,Saturday 9 March 1985,,Lockheed L-1011 TriStar 500,Alia Royal Jordanian Airlines,,,, registration unknown, , ,,,,,Fatalities: 0 / Occupants: ,Fatalities: 0 / Occupants: ,,, None,,"Dubai Airport (DXB) (   United Arab Emirates) 
", Standing (STD),International Scheduled Passenger,"Karachi International Airport (KHI/OPKC), Pakistan","Dubai Airport (DXB/OMDB), United Arab Emirates", 191,,Fatalities: 0 / Occupants:  
19850311-0,,Monday 11 March 1985,,Antonov An-30B,Soviet Air Force,,,, 05 red, 0705, ,,, 2 Ivchenko AI-24VT,,Fatalities: 2 / Occupants: 5,Fatalities: 0 / Occupants: 0,,, Damaged beyond repair,,"25 km (15.6 mls) N of Kabul Airport (KBL) (   Afghanistan) 
", En route (ENR),Military,"Kabul Airport (KBL/OAKB), Afghanistan","Kabul Airport (KBL/OAKB), Afghanistan",,,Fatalities: 2 / Occupants: 5 
19850312-0,Final,Tuesday 12 March 1985,00:15,de Havilland Canada DHC-6 Twin Otter 300,Seair Alaska Airlines,,,, N540N, 401, 1973,13652,, 2 Pratt & Whitney Canada PT6A-27,,Fatalities: 0 / Occupants: 2,Fatalities: 0 / Occupants: 2,,, Substantial, Written off (damaged beyond repair),"Barter Island, AK (   United States of America) 
", Approach (APR),Domestic Non Scheduled Passenger,"Prudhoe Bay Airport, AK (PUO), United States of America","Barter Island Airport, AK (BTI/PABA), United States of America",,,Fatalities: 0 / Occupants: 4 
19850312-1,,Tuesday 12 March 1985,,Lockheed C-130E Hercules,United States Air Force - USAF,,,, 64-0549, 4044, 1965,,,,,Fatalities: 6 / Occupants: 8,Fatalities: 0 / Occupants: 0,,, Damaged beyond repair,,"Fort Hood, TX (   United States of America) 
", Maneuvering (MNV),Military,"Abilene-Dyess AFB, TX (DYS/KDYS), United States of America","Killeen-Gray AAF, TX (GRK/KGRK), United States of America",,,Fatalities: 6 / Occupants: 8 
19850314-0,,Thursday 14 March 1985,,de Havilland Canada DHC-5D Buffalo,Al Quwwat al-Jawwiya As-Sudaniya (Sudanese Air Force),,,, 833, 87, 1978,,,,,Fatalities:  / Occupants: ,Fatalities:  / Occupants: ,,, Damaged beyond repair,,"near Akobo (   South Sudan) 
", Unknown (UNK),Military,?,?,,,Fatalities: 4 / Occupants: 4 
19850316-1,,Saturday 16 March 1985,,Boeing 747-3B3,Union de Transports Aériens - UTA,,,, F-GDUA, 22870/573, 1982-12-10  (2 years 3 months),,, 4 General Electric CF6-50E2,,Fatalities: 0 / Occupants: 0,Fatalities: 0 / Occupants: 0,,, Damaged beyond repair,,"Paris-Charles de Gaulle Airport (CDG) (   France) 
", Standing (STD),-,-,-,,,Fatalities: 0 / Occupants: 0 
19850317-0,,Sunday 17 March 1985,,Boeing 737-268,Saudi Arabian Airlines,,,, registration unknown, , ,,, 2 Pratt & Whitney JT8D-15,,Fatalities: 0 / Occupants: 21,Fatalities: 1 / Occupants: 76,,, Minor, Repaired,"Dhahran International Airport (DHA) (   Saudi Arabia) 
", En route (ENR),Domestic Scheduled Passenger,"Jeddah-King Abdulaziz International Airport (JED/OEJN), Saudi Arabia","Riyadh-King Khalid International Airport (RUH/OERK), Saudi Arabia",,,Fatalities: 1 / Occupants: 97 
19850319-0,,Tuesday 19 March 1985,,Boeing KC-135A Stratotanker,United States Air Force - USAF,,,, 61-0316, 18223/538, 1962-08-22  (22 years 7 months),10235,, 4 Pratt & Whitney J57-P/F-59W,,Fatalities: 0 / Occupants: 0,Fatalities: 0 / Occupants: 0,,, Damaged beyond repair,,"Cairo International Airport (CAI) (   Egypt) 
", Standing (STD),Military,-,-,,,Fatalities: 0 / Occupants: 0 
19850320-1,,Wednesday 20 March 1985,,Morane Saulnier (FMA) MS.760A Paris IA,Fuerza Aérea Argentina - FAA,,,, E-240, A-28, 1962,,,,,Fatalities: 3 / Occupants: 3,Fatalities: 0 / Occupants: 0,,, Damaged beyond repair,,"Lago Ullum, SJ (   Argentina) 
", Maneuvering (MNV),Military,?,?,,,Fatalities: 3 / Occupants: 3 
19850321-0,,Thursday 21 March 1985,,Britten-Norman BN-2A-3 Islander,Airfast Indonesia,,,, PK-OAN, 235, 1971,,,,,Fatalities:  / Occupants: ,Fatalities:  / Occupants: ,,, Damaged beyond repair,,"Irian Jaya (   Indonesia) 
", Unknown (UNK),Unknown,?,?,,,Fatalities:  / Occupants:  
19850323-0,Final,Saturday 23 March 1985,10:45,Swearingen SA226-TC Metro II,Scheduled Skyways,,,, N508SS, TC-376, 1980,10717,,,,Fatalities: 0 / Occupants: 2,Fatalities: 0 / Occupants: 7,,, Substantial, Repaired,"Hot Springs-Memorial Field, AR (HOT) (   United States of America) 
", Landing (LDG),Domestic Scheduled Passenger,"Little Rock National Airport, AR (LIT/KLIT), United States of America","Hot Springs-Memorial Field, AR (HOT/KHOT), United States of America",,,Fatalities: 0 / Occupants: 9 
19850325-0,,Monday 25 March 1985,,Antonov An-2T,"Aeroflot, Yakutsk Civil Aviation Directorate",,,, CCCP-44905, 1G24-05, 1962,,,,,Fatalities: 0 / Occupants: 3,Fatalities: 0 / Occupants: 0,,, Damaged beyond repair,,"Borogon Airport (   Russia) 
", Takeoff (TOF),Cargo,"Borogon Airport, Russia","Tiksi Airport (IKS/UEST), Russia",,,Fatalities: 0 / Occupants: 3 
19850326-0,,Tuesday 26 March 1985,c. 13:30,Grumman G-111 Albatross,Pelita Air Service,,,, PK-VAA ?, , ,,,,,Fatalities: 0 / Occupants: ,Fatalities: 0 / Occupants: ,,, Unknown, unk,"off Singapore-Seletar Airport (XSP) (   Singapore) 
", En route (ENR),Non Scheduled Passenger,?,?,,,Fatalities: 0 / Occupants: 25 
19850327-0,,Wednesday 27 March 1985,,Boeing 727-230,Lufthansa,,,, registration unknown, , ,,,,,Fatalities: 0 / Occupants: 8,Fatalities: 0 / Occupants: 143,,, None,,"Istanbul-Atatürk International Airport (IST) (   Turkey) 
", En route (ENR),International Scheduled Passenger,"München-Riem Airport (MUC/EDDM), Germany","Athens-Ellinikon International Airport (ATH/LGAT), Greece",LH316,,Fatalities: 0 / Occupants: 151 
19850328-0,,Thursday 28 March 1985,ca 09:50,Fokker F-28 Fellowship 3000,SATENA,,,, FAC-1140, 11165, 1981-01-29  (4 years 2 months),1327,,,2288,Fatalities: 6 / Occupants: 6,Fatalities: 40 / Occupants: 40,,, Destroyed, Written off (damaged beyond repair),"15 km (9.4 mls) N of Florencia Airport (FLA) (   Colombia) 
", Approach (APR),Domestic Non Scheduled Passenger,"San Vicente del Caguán-Eduardo Falla Solano Airport (SVI/SKSV), Colombia","Florencia-Gustavo Artunduaga Paredes Airport (FLA/SKFL), Colombia",,,Fatalities: 46 / Occupants: 46 
19850329-0,,Friday 29 March 1985,,Lockheed CC-130H Hercules,Canadian Armed Forces,,,, 130330, 4555, 1974,,,,,Fatalities: 5 / Occupants: 5,Fatalities: 0 / Occupants: 0,,Fatalities: 5, Destroyed, Written off (damaged beyond repair),"Edmonton-Namao Field, AB (YED) (   Canada) 
", Maneuvering (MNV),Military,"Edmonton-Namao Field, AB (YED/CYED), Canada","Edmonton-Namao Field, AB (YED/CYED), Canada",,,Fatalities: 5 / Occupants: 5 
19850329-1,,Friday 29 March 1985,,Lockheed CC-130H Hercules,Canadian Armed Forces,,,, 130331, 4559, 1974,,,,,Fatalities: 5 / Occupants: 5,Fatalities: 0 / Occupants: 0,,Fatalities: 5, Destroyed, Written off (damaged beyond repair),"Edmonton-Namao Field, AB (YED) (   Canada) 
", Maneuvering (MNV),Military,"Edmonton-Namao Field, AB (YED/CYED), Canada","Edmonton-Namao Field, AB (YED/CYED), Canada",,,Fatalities: 5 / Occupants: 5 
19850329-2,,Friday 29 March 1985,,Boeing 737-230,Lufthansa,,,, registration unknown, , ,,,,,Fatalities: 0 / Occupants: 6,Fatalities: 0 / Occupants: 108,,, None,,"London-Heathrow Airport (LHR) (   United Kingdom) 
", En route (ENR),International Scheduled Passenger,"Hamburg-Fuhlsbüttel Airport (HAM/EDDH), Germany","London-Heathrow Airport (LHR/EGLL), United Kingdom",LH040,,Fatalities: 0 / Occupants: 114 
19850401-0,,Monday 1 April 1985,,Boeing 707-300,Middle East Airlines - MEA,,,, registration unknown, , ,,,,,Fatalities: 0 / Occupants: 10,Fatalities: 0 / Occupants: 66,,, None,,"Jeddah-King Abdulaziz International Airport (JED) (   Saudi Arabia) 
", En route (ENR),International Scheduled Passenger,"Beirut International Airport (BEY/OLBA), Lebanon","Jeddah-King Abdulaziz International Airport (JED/OEJN), Saudi Arabia",ME368,,Fatalities: 0 / Occupants: 76 
19850404-0,,Thursday 4 April 1985,,Boeing 727-2D3 Adv.,Royal Jordanian Airlines,,,, registration unknown, , ,,,,,Fatalities: 0 / Occupants: 13,Fatalities: 0 / Occupants: 62,,, Minor, Repaired,"Athens-Ellinikon International Airport (ATH) (   Greece) 
", Taxi (TXI),International Scheduled Passenger,"Athens-Ellinikon International Airport (ATH/LGAT), Greece","Amman-Queen Alia International Airport (AMM/OJAI), Jordan",,,Fatalities: 0 / Occupants: 75 
19850411-0,,Thursday 11 April 1985,,British Aerospace BAe-125-700B,Yacimientos Petroliferos Fiscales,,,, LV-ALW, 257133, 1981,,,,,Fatalities: 2 / Occupants: 2,Fatalities: 5 / Occupants: 5,,, Damaged beyond repair,,"near Salta, SA (   Argentina) 
", Approach (APR),Domestic Non Scheduled Passenger,"Buenos Aires (unknown airport), BA, Argentina","Salta-Martín Miguel de Güemes International Airport, SA (SLA/SASA), Argentina",,,Fatalities: 7 / Occupants: 7 
19850415-1,,Monday 15 April 1985,ca 23:30,Boeing 737-2P5,Thai Airways,,,, HS-TBB, 21810/604, 1979-09-24  (5 years 7 months),,, 2 Pratt & Whitney JT8D-15,,Fatalities: 7 / Occupants: 7,Fatalities: 4 / Occupants: 4,,, Destroyed, Written off (damaged beyond repair),"18 km (11.3 mls) from  Phuket International Airport (HKT) (   Thailand) 
", Approach (APR),Domestic Scheduled Passenger,"Bangkok-Don Muang International Airport (BKK/VTBD), Thailand","Phuket International Airport (HKT/VTSP), Thailand",,,Fatalities: 11 / Occupants: 11 
19850420-0,,Saturday 20 April 1985,,Convair CV-440-35,Carga Aéreo Transportada,,,, CP-1489, 319, 1956,,,,,Fatalities: 3 / Occupants: 3,Fatalities: 1 / Occupants: 1,,, Damaged beyond repair,,"near Santa Rosa Airport (SRB) (   Bolivia) 
", Initial climb (ICL),Cargo,"Santa Rosa Airport (SRB/SLSR), Bolivia",?,,,Fatalities: 4 / Occupants: 4 
19850420-1,Final,Saturday 20 April 1985,19:32,Fokker F-27 Friendship 100,Aeronica - Aerolineas Nicaraguenses,,,, YN-BZF, 10118, 1959,45225,, 2 Rolls-Royce Dart 529,58384,Fatalities: 2 / Occupants: 5,Fatalities: 0 / Occupants: 0,,, Damaged beyond repair,,"260 km (162.5 mls) W of Kulusuk (   Greenland) 
", En route (ENR),Ferry/positioning,"Reykjavík Domestic Airport (RKV/BIRK), Iceland","Kangerlussuaq-Søndre Strømfjord Airport (SFJ/BGSF), Greenland",,,Fatalities: 2 / Occupants: 5 
19850420-2,,Saturday 20 April 1985,ca 18:00,North American CT-39A-1-NO Sabreliner,United States Air Force - USAF,,,, 62-4496, 276-49, ,,, 2 Pratt & Whitney JT12A-6A Turbo Wasp,,Fatalities: 3 / Occupants: 3,Fatalities: 2 / Occupants: 2,,, Damaged beyond repair,,"Wilkes-Barre International Airport, PA (AVP) (   United States of America) 
", Landing (LDG),Military,?,"Wilkes-Barre/Scranton International Airport, PA (AVP/KAVP), United States of America",,,Fatalities: 5 / Occupants: 5 
19850422-0,,Monday 22 April 1985,,Douglas DC-6B,Securité Civile,,,, F-ZBAE, 43834/379, 1953,,, 4 Pratt & Whitney R-2800,,Fatalities: 3 / Occupants: 3,Fatalities: 2 / Occupants: 2,,, Damaged beyond repair,,"N of Perpignan Airport (PGF) (   France) 
", Approach (APR),Fire fighting,"Marseille-Marignane Airport (MRS/LFML), France","Perpignan Airport (PGF/LFMP), France",,,Fatalities: 5 / Occupants: 5 
19850426-0,,Friday 26 April 1985,,Boeing 737-281,China Airlines,,,, registration unknown, , ,,,,,Fatalities: 0 / Occupants: ,Fatalities: 0 / Occupants: ,,, None,,"Taipei-Songshan Airport (TSA) (   Taiwan) 
", En route (ENR),Domestic Scheduled Passenger,"Taipei-Songshan Airport (TSA/RCSS), Taiwan","Kaohsiung International Airport (KHH/RCKH), Taiwan",,,Fatalities: 0 / Occupants: 107 
19850429-1,,Monday 29 April 1985,,Douglas C-47 (DC-3),Fuerza Aérea Mexicana,,,, registration unknown, , ,,,,,Fatalities:  / Occupants: ,Fatalities:  / Occupants: ,,, Damaged beyond repair,,"at an unknown location (   Mexico) 
", Unknown (UNK),Military,?,?,,,Fatalities:  / Occupants:  
19850499-0,,xx APR 1985,,Antonov An-24RV,MIAT - Mongolian Airlines,,,, BNMAU-10207, 57310207, ,,, 2 Ivchenko AI-24VT,,Fatalities:  / Occupants: ,Fatalities:  / Occupants: ,,, Damaged beyond repair,,"within Khövsgöl Province (   Mongolia) 
", En route (ENR),Domestic Scheduled Passenger,?,?,,,Fatalities:  / Occupants:  
19850503-0,,Friday 3 May 1985,ca 12:00,Tupolev Tu-134A,Aeroflot / Estonia,,,, CCCP-65856, 23253, 1975,18548,,,12306,Fatalities: 6 / Occupants: 6,Fatalities: 73 / Occupants: 73,,Fatalities: 15, Destroyed, Written off (damaged beyond repair),"near Zolochiv (   Ukraine) 
", Approach (APR),Domestic Scheduled Passenger,"Tallinn-Ülemiste Airport (TLL/EETN), Estonia","Lviv-Snilow Airport (LWO/UKLL), Ukraine",,,Fatalities: 79 / Occupants: 79 
19850503-1,,Friday 3 May 1985,ca 12:00,Antonov An-26,Soviet Air Force,,,, 101 red, 9506, 1980,1756,,,2346,Fatalities: 6 / Occupants: 6,Fatalities: 9 / Occupants: 9,,Fatalities: 79, Damaged beyond repair,,"near Zolochiv (   Ukraine) 
", En route (ENR),Military,"Lviv-Snilow Airport (LWO/UKLL), Ukraine",?,,,Fatalities: 15 / Occupants: 15 
19850503-2,,Friday 3 May 1985,,Britten-Norman BN-2A Islander,Trans Island Airways,,,, N865JA, 176, 1970-04-28  (15 years ),,,,,Fatalities:  / Occupants: ,Fatalities:  / Occupants: ,,, Damaged beyond repair,,"at an unknown location (   Unknown country) 
", Unknown (UNK),Unknown,?,?,,,Fatalities:  / Occupants:  
19850504-0,Final,Saturday 4 May 1985,19:20,Douglas DC-3-313D,Perris Valley Paracenter,,,, N157U, 4132, 1941,42950,, 2 Wright R-1820-GC,,Fatalities: 0 / Occupants: 2,Fatalities: 0 / Occupants: 31,,, Destroyed, Written off (damaged beyond repair),"Perris, CA (   United States of America) 
", Takeoff (TOF),Parachuting,"Perris Valley Airport, CA, United States of America","Perris Valley Airport, CA, United States of America",,,Fatalities: 0 / Occupants: 33 
19850509-0,Final,Thursday 9 May 1985,08:44,Consolidated PBY-5A Catalina,Drilling Muds,,,, N84857, 1522, ,1481,, 2 Pratt & Whitney R-1830-94,,Fatalities: 1 / Occupants: 2,Fatalities: 0 / Occupants: 1,,, Substantial, Written off (damaged beyond repair),"Lewistown Municipal Airport, MT (LWT) (   United States of America) 
", Standing (STD),Survey/research,"Lewistown Municipal Airport, MT (LWT/KLWT), United States of America","Reno/Tahoe International Airport, NV (RNO/KRNO), United States of America",,,Fatalities: 1 / Occupants: 3 
19850511-0,,Saturday 11 May 1985,,Antonov An-2TP,"Aeroflot, Krasnoyarsk Civil Aviation Directorate",,,, CCCP-50553, 1G89-30, ,,,,,Fatalities: 0 / Occupants: 2,Fatalities: 0 / Occupants: 0,,, Substantial, Written off (damaged beyond repair),"Kyzyl Airport (KYZ) (   Russia) 
", Landing (LDG),Cargo,?,"Kyzyl Airport (KYZ/UNKY), Russia",,,Fatalities: 0 / Occupants: 2 
19850511-1,,Saturday 11 May 1985,,Boeing 737-268 Adv.,Saudi Arabian Airlines,,,, registration unknown, , ,,, 2 Pratt & Whitney JT8D-15,,Fatalities: 0 / Occupants: 6,Fatalities: 0 / Occupants: 98,,, Substantial, Repaired,"Doha International Airport (DOH) (   Qatar) 
", Takeoff (TOF),International Scheduled Passenger,"Doha International Airport (DOH/OTBD), Qatar","Riyadh-King Khalid International Airport (RUH/OERK), Saudi Arabia",SV223,,Fatalities: 0 / Occupants: 104 
19850512-0,Final,Sunday 12 May 1985,17:00,Dassault Falcon 50,William Wrigley Jr. Co.,,,, N1181G, 72, 1981,1373,, 3 Garrett TFE731-3-1C,,Fatalities: 0 / Occupants: 2,Fatalities: 0 / Occupants: 4,,, Destroyed, Written off (damaged beyond repair),"Lake Geneva Municipal Airport, WI (XES) (   United States of America) 
", Landing (LDG),Executive,"Chicago-Palwaukee Municipal Airport, IL (PWK/KPWK), United States of America","Lake Geneva Municipal Airport, WI (XES), United States of America",,,Fatalities: 0 / Occupants: 6 
19850512-1,,Sunday 12 May 1985,,IRMA/Britten-Norman BN-2A-21 Islander,Bali International Air Service,,,, PK-KNE, 675, 1972,,,,,Fatalities:  / Occupants: ,Fatalities:  / Occupants: ,,, Damaged beyond repair,,"Maluku (   Indonesia) 
", Unknown (UNK),Unknown,?,?,,,Fatalities:  / Occupants:  
19850515-0,,Wednesday 15 May 1985,,Britten-Norman BN-2 Islander,TTA - Empresa Nacional de Transp. e Trabalho Aéreo,,,, C9-AMV, 219, 1970-09-15  (14 years 8 months),,,,,Fatalities:  / Occupants: ,Fatalities:  / Occupants: ,,, Damaged beyond repair,,"Chongoene (   Mozambique) 
", Unknown (UNK),Passenger,"Vilanculos Airport (VNX/FQVL), Mozambique",?,,,Fatalities: 5 / Occupants: 5 
19850517-0,,Friday 17 May 1985,,Antonov An-2T,Polskie Towarzystwo Geofizyczne,,,, SP-DNR, 1G155-13, ,,,,,Fatalities:  / Occupants: ,Fatalities:  / Occupants: ,,, Damaged beyond repair,,"Sulczewka (   Poland) 
", Unknown (UNK),Unknown,?,?,,,Fatalities:  / Occupants:  
19850517-1,,Friday 17 May 1985,,IRMA/Pilatus Britten-Norman BN-2A-21 Islander,Indian Naval Air Arm,,,, IN-131, 873, 1980,,,,,Fatalities:  / Occupants: ,Fatalities:  / Occupants: ,,, Damaged beyond repair,,"Cochin (   India) 
", Unknown (UNK),Military,?,?,,,Fatalities: 3 / Occupants: 3 
19850518-0,,Saturday 18 May 1985,,Boeing 727-281,Korean Air Lines - KAL,,,, registration unknown, , ,,,,,Fatalities: 0 / Occupants: 8,Fatalities: 0 / Occupants: 110,,, None,,"Gwangju (Kwangju) Airport (KWJ) (   South Korea) 
", En route (ENR),Domestic Scheduled Passenger,"Seoul-Gimpo (Kimpo) International Airport (SEL/RKSS), South Korea","Jeju (Cheju) International Airport (CJU/RKPC), South Korea",,,Fatalities: 0 / Occupants: 118 
19850521-0,Final,Tuesday 21 May 1985,20:15,Cessna 501 Citation I/SP,Target Development & Consulting Inc,,,, N10GE, 501-0022, 1977,,, 2 Pratt & Whitney Canada JT15D-1A,,Fatalities: 2 / Occupants: 2,Fatalities: 0 / Occupants: 0,,, Destroyed, Written off (damaged beyond repair),"6,5 km (4.1 mls) WSW of Harrison-Boone County Airport, AR (HRO) (   United States of America) 
", Approach (APR),Ferry/positioning,"Branson/Point Lookout-M Graham Clark Airport, MO (PLK/KPLK), United States of America","Harrison-Boone County Airport, AR (HRO/KHRO), United States of America",,,Fatalities: 2 / Occupants: 2 
19850521-1,,Tuesday 21 May 1985,,Antonov An-2,"Aeroflot, Tyumen Civil Aviation Directorate",,,, CCCP-04326, 112747320, 1959,,,,,Fatalities: 0 / Occupants: ,Fatalities: 0 / Occupants: ,,, Damaged beyond repair,,"Tadibeyakha (   Russia) 
", Takeoff (TOF),Domestic Non Scheduled Passenger,?,?,,,Fatalities: 0 / Occupants: 20 
19850521-2,,Tuesday 21 May 1985,,Antonov An-2,Unknown,,,, LZ-..., , ,,,,,Fatalities: 1 / Occupants: 2,Fatalities: 0 / Occupants: 0,,, Damaged beyond repair,,"Gorna Oryakhovitsa (   Bulgaria) 
", Unknown (UNK),Unknown,?,?,,,Fatalities: 1 / Occupants: 2 
19850523-0,,Thursday 23 May 1985,,Britten-Norman BN-2A-8 Islander,Chilcotin Cariboo Aviation,,,, C-GPCF, 39, 1968-12-12  (16 years 6 months),,,,,Fatalities:  / Occupants: ,Fatalities:  / Occupants: ,,, Damaged beyond repair,,"Ten Mile Creek, BC (   Canada) 
", Unknown (UNK),Unknown,?,?,,,Fatalities:  / Occupants:  
19850528-1,,Tuesday 28 May 1985,,Convair CV-580,AVENSA,,,, YV-84C, 157, 1954,,,,,Fatalities: 2 / Occupants: 5,Fatalities: 0 / Occupants: 8,,, Damaged beyond repair,,"2 km (1.3 mls) from  Cabimas-Oro Negro Airport (CBS) (   Venezuela) 
", Initial climb (ICL),Domestic Scheduled Passenger,"Cabimas-Oro Negro Airport (CBS/SVON), Venezuela","Caracas-Simón Bolívar International Airport (CCS/SVMI), Venezuela", 034,,Fatalities: 2 / Occupants: 13 
19850529-0,,Wednesday 29 May 1985,,Antonov An-2R,"Aeroflot, Leningrad Civil Aviation Directorate",,,, CCCP-70218, 1G138-36, ,,,,,Fatalities: 4 / Occupants: 5,Fatalities: 0 / Occupants: 0,,, Damaged beyond repair,,"near Leningrad-Rzhevka Airport (   Russia) 
", Initial climb (ICL),Test,"Leningrad-Rzhevka Airport, Russia","Leningrad-Rzhevka Airport, Russia",,,Fatalities: 4 / Occupants: 5 
19850531-0,Final,Friday 31 May 1985,23:00,Grumman G-159 Gulfstream I,General Aviation Inc.,,,, N181TG, 181, 1967,1363,, 2 Rolls-Royce Dart 529-8X/E,,Fatalities: 2 / Occupants: 2,Fatalities: 0 / Occupants: 0,,, Destroyed, Written off (damaged beyond repair),"Nashville Metropolitan Airport, TN (BNA) (   United States of America) 
", Initial climb (ICL),Cargo,"Nashville Metropolitan Airport, TN (BNA/KBNA), United States of America","Indianapolis International Airport, IN (IND/KIND), United States of America", 115,,Fatalities: 2 / Occupants: 2 
19850599-1,,xx MAY 1985,,IRMA/Pilatus Britten-Norman BN-2A-9 Islander,Air Mali,,,, TZ-ACS, 910, 1981,,,,,Fatalities:  / Occupants: ,Fatalities:  / Occupants: ,,, Damaged beyond repair,,"at an unknown location (   Unknown country) 
", Unknown (UNK),Unknown,?,?,,,Fatalities:  / Occupants:  
19850609-0,Final,Sunday 9 June 1985,02:30,Beechcraft 200 Super King Air,Jaradac International Corp.,,,, N148CP, BB-129, 1976,,,,,Fatalities: 2 / Occupants: 2,Fatalities: 0 / Occupants: 0,,, Damaged beyond repair,,"3,2 km (2 mls) S of Montgomery-Orange County Airport, NY (MGJ) (   United States of America) 
", Approach (APR),Ferry/positioning,"Teterboro Airport, NJ (TEB/KTEB), United States of America","Montgomery-Orange County Airport, NY (MGJ/KMGJ), United States of America",,,Fatalities: 2 / Occupants: 2 
19850610-0,,Monday 10 June 1985,,Learjet 24B,Euralair International,,,, F-BSRL, 24-210, ,,,,,Fatalities: 2 / Occupants: 2,Fatalities: 0 / Occupants: 0,,, Damaged beyond repair,,"near Provins (   France) 
", Unknown (UNK),Unknown,"Marseille-Marignane Airport (MRS/LFML), France","Paris-Le Bourget Airport (LBG/LFPB), France",,,Fatalities: 2 / Occupants: 2 
19850610-1,,Monday 10 June 1985,,Antonov An-2R,Aeroflot / Uzbekistan,,,, CCCP-32028, 1G91-29, ,,,,,Fatalities: 2 / Occupants: 2,Fatalities: 0 / Occupants: 1,,, Damaged beyond repair,,"Stavropol Region (   Russia) 
", Maneuvering (MNV),Agricultural,?,?,,,Fatalities: 2 / Occupants: 3 
19850611-0,Final,Tuesday 11 June 1985,07:31,Rockwell 1121 Jet Commander,Sultan Industries,,,, N69GT, 44, ,,, 2 General Electric CJ610-1,,Fatalities: 0 / Occupants: 2,Fatalities: 0 / Occupants: 1,,, Substantial, Written off (damaged beyond repair),"Los Angeles-Van Nuys Airport, CA (VNY) (   United States of America) 
", Landing (LDG),Ferry/positioning,"Tucson International Airport, AZ (TUS/KTUS), United States of America","Los Angeles-Van Nuys Airport, CA (VNY/KVNY), United States of America",,,Fatalities: 0 / Occupants: 3 
19851212-0,Final,Thursday 12 December 1985,06:46,McDonnell Douglas DC-8-63CF,Arrow Air,,,, N950JW, 46058/433, 1969,50861,, 4 Pratt & Whitney JT3D-7,,Fatalities: 8 / Occupants: 8,Fatalities: 248 / Occupants: 248,,, Destroyed, Written off (damaged beyond repair),"1 km (0.6 mls) SW of Gander Airport, NL (YQX) (   Canada) 
", Initial climb (ICL),Int'l Non Scheduled Passenger,"Gander Airport, NL (YQX/CYQX), Canada","Hopkinsville-Fort Campbell AAF, KY (HOP/KHOP), United States of America",MF1285R,,Fatalities: 256 / Occupants: 256 
19851212-1,,Thursday 12 December 1985,,Learjet 24B,Air Provence,,,, F-BRNL, 24-183, ,,,,,Fatalities: 0 / Occupants: ,Fatalities: 0 / Occupants: ,,, Damaged beyond repair,,"Toulouse-Blagnac Airport (TLS) (   France) 
", Unknown (UNK),Unknown,?,?,,,Fatalities: 0 / Occupants:  
19851212-2,Final,Thursday 12 December 1985,19:21,Learjet 35A,General Telephone Co.,,,, N723GL, 35A-107, 1977,8963,, 2 Garrett TFE731-2-2B,,Fatalities: 1 / Occupants: 2,Fatalities: 1 / Occupants: 1,,, Destroyed, Written off (damaged beyond repair),"College Station-Easterwood Field, TX (CLL) (   United States of America) 
", Takeoff (TOF),Executive,"College Station-Easterwood Field, TX (CLL/KCLL), United States of America","Houston-William P. Hobby Airport, TX (HOU/KHOU), United States of America",,,Fatalities: 2 / Occupants: 3 
19851213-0,,Friday 13 December 1985,,IRMA/Pilatus Britten-Norman BN-2A-26 Islander,Aéro-Service,,,, TN-AEQ, 2147, ,,,,,Fatalities:  / Occupants: ,Fatalities:  / Occupants: ,,, Damaged beyond repair,,"Accra (   Ghana) 
", Unknown (UNK),Unknown,?,?,,,Fatalities:  / Occupants:  
19851213-1,,Friday 13 December 1985,,Britten-Norman BN-2A-3 Islander,Aviones de Panama,,,, HP-680, 328, 1973,,,,,Fatalities: 1 / Occupants: 1,Fatalities: 6 / Occupants: 6,,, Damaged beyond repair,,"Yaviza Mountains (   Panama) 
", En route (ENR),Passenger,?,?,,,Fatalities: 7 / Occupants: 7 
19851215-0,Final,Sunday 15 December 1985,14:50,Boeing 747-136,British Airways,,,, G-AWNE, 19765/109, 1971,55667,,,,Fatalities: 0 / Occupants: 17,Fatalities: 0 / Occupants: 252,,, Substantial, Repaired,"Boston-Logan International Airport, MA (BOS) (   United States of America) 
", Approach (APR),International Scheduled Passenger,"London-Heathrow Airport (LHR/EGLL), United Kingdom","Boston-Logan International Airport, MA (BOS/KBOS), United States of America",,,Fatalities: 0 / Occupants: 269 
19851219-0,,Thursday 19 December 1985,,Antonov An-24,Aeroflot,,,, registration unknown, , ,,,,,Fatalities: 0 / Occupants: 4,Fatalities: 0 / Occupants: 39,,, None,,"near Gannan, Heilongjiang (   China) 
", En route (ENR),Domestic Scheduled Passenger,"Nerchinskiy Zavod, Russia","Irkutsk Airport (IKT/UIII), Russia",,,Fatalities: 0 / Occupants: 43 
19851223-0,,Monday 23 December 1985,,unknown jetliner,Iran Air,,,, registration unknown, , ,,,,,Fatalities: 0 / Occupants: ,Fatalities: 1 / Occupants: ,,, None,,"Tehran-Mehrabad Airport (THR) (   Iran) 
", En route (ENR),Domestic Scheduled Passenger,"Sirri Island Airport (SXI/OIBS), Iran","Shiraz Airport (SYZ/OISS), Iran",,,Fatalities: 1 / Occupants:  
19851225-0,,Wednesday 25 December 1985,,Douglas C-47-DL (DC-3),AeroEjecutivos,,,, YV-425C, , ,,, 2 Pratt & Whitney R-1830-92,,Fatalities:  / Occupants: ,Fatalities:  / Occupants: ,,, Damaged beyond repair,,"off Cumana (   Venezuela) 
", Unknown (UNK),Unknown,?,?,,,Fatalities:  / Occupants:  
19851226-0,,Thursday 26 December 1985,,Antonov An-26RT,Soviet Air Force,,,, 22, , ,,,,,Fatalities: 1 / Occupants: 6,Fatalities: 0 / Occupants: 0,,, Damaged beyond repair,,"60 km (37.5 mls) from  Kabul (   Afghanistan) 
", En route (ENR),Military,?,?,,,Fatalities: 1 / Occupants: 6 
19851227-0,,Friday 27 December 1985,,Boeing 747,Saudi Arabian Airlines,,,, registration unknown, , ,,,,,Fatalities: 0 / Occupants: ,Fatalities: 0 / Occupants: ,,, None,,"Riyadh-King Khalid International Airport (RUH) (   Saudi Arabia) 
", En route (ENR),International Scheduled Passenger,"Karachi-Quaid-E-Azam International Airport (KHI/OPKC), Pakistan","Riyadh-King Khalid International Airport (RUH/OERK), Saudi Arabia",,,Fatalities: 0 / Occupants: 213 
19851230-0,,Monday 30 December 1985,,Shorts SC.7 Skyvan 3-100,Nepal Army Air Wing,,,, RAN-23, SH.1978, 1982,,, 2 Garrett TPE331-2-201A,,Fatalities: 3 / Occupants: 3,Fatalities: 22 / Occupants: 22,,, Damaged beyond repair,,"near Dhangadhi (   Nepal) 
", Unknown (UNK),Military,?,"Dhangadhi Airport (DHI/VNDH), Nepal",,,Fatalities: 25 / Occupants: 25 
19851231-0,,Tuesday 31 December 1985,,British Aerospace BAe-125-700B,Nigerian Government,,,, 5N-AXP, 257203, 1984,,,,,Fatalities: 3 / Occupants: 3,Fatalities: 4 / Occupants: 4,,, Damaged beyond repair,,"37 km (23.1 mls) from  Kaduna (   Nigeria) 
", Approach (APR),Official state flight,?,"Kaduna Airport (KAD/DNKA), Nigeria",,,Fatalities: 7 / Occupants: 7 
19851231-1,Final,Tuesday 31 December 1985,17:14,Douglas DC-3C,Century Equipment,,,, N711Y, 13658, 1944,,, 2 Pratt & Whitney R-1830-75,,Fatalities: 0 / Occupants: 2,Fatalities: 7 / Occupants: 7,,, Destroyed, Written off (damaged beyond repair),"De Kalb, TX (   United States of America) 
", En route (ENR),Domestic Non Scheduled Passenger,"Guntersville-Municipal Airport, AL, United States of America","Dallas-Love Field, TX (DAL/KDAL), United States of America",,,Fatalities: 7 / Occupants: 9 
19851231-2,,Tuesday 31 December 1985,,Douglas C-47 (DC-3),Fuerza Aérea Mexicana,,,, registration unknown, , ,,,,,Fatalities:  / Occupants: ,Fatalities:  / Occupants: ,,, Damaged beyond repair,,"at an unknown location (   Mexico) 
", Unknown (UNK),Military,?,?,,,Fatalities:  / Occupants:  
19859999-0,,xx xxx 1985,,IAI 1124 Westwind I,private,,,, N1JS, 249, 1979,,,,,Fatalities:  / Occupants: ,Fatalities:  / Occupants: ,,, Damaged beyond repair,,"unknown location (   Mexico) 
", Unknown (UNK),Illegal Flight,?,?,,,Fatalities:  / Occupants:  
19859999-1,,xx xxx 1985,,Antonov An-2TP,"Aeroflot, Kazakstan Civil Aviation Directorate",,,, CCCP-32352, 1G100-03, 1969,,,,,Fatalities:  / Occupants: ,Fatalities:  / Occupants: ,,, Damaged beyond repair,,"Sosnovaya Roscha, Kurganskaya oblast (   Russia) 
", Unknown (UNK),Unknown,?,?,,,Fatalities:  / Occupants:  
19859999-2,,xx xxx 1985,,Antonov An-24RV,MIAT - Mongolian Airlines,,,, BNMAU-10210, 57310210, ,,,,,Fatalities:  / Occupants: ,Fatalities:  / Occupants: ,,, Damaged beyond repair,,"Khuvsgul Province (   Mongolia) 
", Approach (APR),Unknown,?,?,,,Fatalities:  / Occupants:  
19859999-4,,xx xxx 1985,,Antonov An-12B,"Aeroflot, Privolzhsk Civil Aviation Directorate",,,, CCCP-12989, 00347207, ,,,,,Fatalities:  / Occupants: ,Fatalities:  / Occupants: ,,, Damaged beyond repair,,"unknown (   Unknown country) 
", Unknown (UNK),Unknown,?,?,,,Fatalities:  / Occupants:  
19850612-0,,Wednesday 12 June 1985,,Boeing 727-2D3,Alia Royal Jordanian Airlines,,,, JY-AFW, 22271/1713, 1981-01-28  (4 years 5 months),,, 3 Pratt & Whitney JT8D-17,,Fatalities: 0 / Occupants: 0,Fatalities: 0 / Occupants: 0,,, Damaged beyond repair,,"Beirut International Airport (BEY) (   Lebanon) 
", Standing (STD),International Scheduled Passenger,"Beirut International Airport (BEY/OLBA), Lebanon","Amman-Queen Alia International Airport (AMM/OJAI), Jordan", 402,,Fatalities: 0 / Occupants: 0 
19850612-1,,Wednesday 12 June 1985,,Boeing 707-300,Middle East Airlines - MEA,,,, registration unknown, , ,,,,,Fatalities: 0 / Occupants: 10,Fatalities: 0 / Occupants: 156,,, None,,"Larnaca Airport (LCA) (   Cyprus) 
", En route (ENR),International Scheduled Passenger,"Beirut International Airport (BEY/OLBA), Lebanon","Larnaca Airport (LCA/LCLK), Cyprus",ME261,,Fatalities: 0 / Occupants: 166 
19850612-2,,Wednesday 12 June 1985,,Antonov An-2,Unknown,,,, LZ-..., , ,,,,,Fatalities: 1 / Occupants: ,Fatalities: 0 / Occupants: ,,, Damaged beyond repair,,"within Bulgaria (   Bulgaria) 
", Unknown (UNK),Unknown,?,?,,,Fatalities: 1 / Occupants:  
19850613-0,,Thursday 13 June 1985,,Boeing 707-336B,Benin Government,,,, TY-BBR, 20457/853, 1971,,, 4 Pratt & Whitney JT3D-3B,,Fatalities: 0 / Occupants: ,Fatalities: 0 / Occupants: 0,,, Damaged beyond repair,,"Sebha Airport (SEB) (   Libya) 
", Takeoff (TOF),Unknown,"Sebha Airport (SEB/HLLS), Libya",?,,,Fatalities: 0 / Occupants:  
19850614-0,,Friday 14 June 1985,,Boeing 727-231,Trans World Airlines - TWA,,,, N64339, 20844/1065, 1974-08-27  (10 years 10 months),,, 3 Pratt & Whitney JT8D-9A,,Fatalities: 0 / Occupants: 8,Fatalities: 1 / Occupants: 145,,, Unknown,,"Beirut International Airport (BEY) (   Lebanon) 
", En route (ENR),International Scheduled Passenger,"Athens-Ellinikon International Airport (ATH/LGAT), Greece","Roma-Fiumicino Airport (FCO/LIRF), Italy",TW847,,Fatalities: 1 / Occupants: 153 
19850619-0,Final,Wednesday 19 June 1985,07:02,Convair VT-29B (CV-240),Combs Airways,,,, N155PA, 322, 1953,16900,, 2 Pratt & Whitney R-2800-CB3,,Fatalities: 0 / Occupants: 2,Fatalities: 0 / Occupants: 0,,, Destroyed, Written off (damaged beyond repair),"3 km (1.9 mls) from  Trenton-Mercer County Airport, NJ (TTN) (   United States of America) 
", Initial climb (ICL),Cargo,"Trenton-Mercer County Airport, NJ (TTN/KTTN), United States of America","Detroit-Metropolitan Wayne County Airport, MI (DTW/KDTW), United States of America",,,Fatalities: 0 / Occupants: 2 
19850620-0,,Thursday 20 June 1985,,Antonov An-2TP,"Aeroflot, Yakutsk Civil Aviation Directorate",,,, CCCP-91783, 1G38-30, ,,,,,Fatalities: 0 / Occupants: ,Fatalities: 0 / Occupants: ,,, Damaged beyond repair,,"Moma (   Russia) 
", Takeoff (TOF),Cargo,?,?,,,Fatalities: 0 / Occupants:  
19850621-0,,Friday 21 June 1985,,Boeing 737-205,Braathens SAFE,,,, LN-SUG, 20412/225, 1969-12-15  (15 years 6 months),,, 2 Pratt & Whitney JT8D-9A,,Fatalities: 0 / Occupants: 5,Fatalities: 0 / Occupants: 116,,, None,,"Oslo-Fornebu Airport (FBU) (   Norway) 
", En route (ENR),Domestic Scheduled Passenger,"Trondheim-Værnes Airport (TRD/ENVA), Norway","Oslo-Fornebu Airport (FBU/ENFB), Norway",,,Fatalities: 0 / Occupants: 121 
19850623-1,,Sunday 23 June 1985,,Embraer EMB-110P Bandeirante,TABA - Transportes Aéreos da Bacia Amazônica,,,, PT-GJN, 110063, 1975,,,,,Fatalities: 2 / Occupants: 2,Fatalities: 15 / Occupants: 15,,, Damaged beyond repair,,"1 km (0.6 mls) from  Juara Airport, MT (JUA) (   Brazil) 
", Approach (APR),Domestic Scheduled Passenger,"Juara Airport, MT (JUA/SIZX), Brazil","Cuiabá-Marechal Rondon International Airport, MT (CGB/SBCY), Brazil",,,Fatalities: 17 / Occupants: 17 
19850623-2,Final,Sunday 23 June 1985,07:15 UTC,Boeing 747-237B,Air-India,,,, VT-EFO, 21473/330, 1978-06-19  (7 years ),23634,, 4 Pratt & Whitney JT9D-7J,7525,Fatalities: 22 / Occupants: 22,Fatalities: 307 / Occupants: 307,,, Destroyed, Written off (damaged beyond repair),"176 km (110 mls) W off  Cork, Ireland (   Atlantic Ocean) 
", En route (ENR),International Scheduled Passenger,"Montreal-Mirabel International Airport, QC (YMX/CYMX), Canada","London-Heathrow Airport (LHR/EGLL), United Kingdom",AI182,,Fatalities: 329 / Occupants: 329 
19850624-0,,Monday 24 June 1985,,Lockheed C-130E Hercules,Força Aérea Brasileira - FAB,,,, 2457, 4290, 1968,,,,,Fatalities: 7 / Occupants: 7,Fatalities: 0 / Occupants: 0,,, Damaged beyond repair,,"near Santa Maria, RS (   Brazil) 
", Unknown (UNK),Military,?,"Santa Maria AB, RS (RIA/SBSM), Brazil",,,Fatalities: 7 / Occupants: 7 
19850627-0,Final,Thursday 27 June 1985,11:36 AST,McDonnell Douglas DC-10-10,American Airlines,,,, N129AA, 46996/270, 1978-12-16  (6 years 7 months),,, 3 General Electric CF6-6K,,Fatalities: 0 / Occupants: 13,Fatalities: 0 / Occupants: 257,,, Substantial, Repaired,"San Juan-Luis Munoz Marin International Airport (SJU) (   Puerto Rico) 
", Takeoff (TOF),Domestic Scheduled Passenger,"San Juan-Luis Muñoz Marín International Airport (SJU/TJSJ), Puerto Rico","Dallas/Fort Worth International Airport, TX (DFW/KDFW), United States of America",AA633,,Fatalities: 0 / Occupants: 270 
19850627-1,,Thursday 27 June 1985,10:20,Embraer P-95 Bandeirulha (EMB-111A),Força Aérea Brasileira - FAB,,,, 7053, 110159, 1977,,,,,Fatalities: 4 / Occupants: 4,Fatalities: 0 / Occupants: 0,,, Destroyed, Written off (damaged beyond repair),"29 km (18.1 mls) off  Ponta de Mucuripe, CE, Brazil (   Atlantic Ocean) 
", En route (ENR),Military,"Fortaleza-Pinto Martins Airport, CE (FOR/SBFZ), Brazil","Fortaleza-Pinto Martins Airport, CE (FOR/SBFZ), Brazil",,,Fatalities: 4 / Occupants: 4 
19850627-2,,Thursday 27 June 1985,,Antonov An-2R,"Aeroflot, East Siberia Civil Aviation Directorate",,,, CCCP-84724, 1G201-42, 1983,,,,,Fatalities: 0 / Occupants: ,Fatalities: 0 / Occupants: ,,, Damaged beyond repair,,"near Suduntui, Chita Region (   Russia) 
", En route (ENR),Unknown,?,?,,,Fatalities: 0 / Occupants:  
19850628-0,,Friday 28 June 1985,,Boeing 727-2F2,Türk Hava Yollari - THY,,,, TC-JCB, 22993/1808, 1982-07-08  (3 years),,, 3 Pratt & Whitney JT8D-15,,Fatalities: 0 / Occupants: ,Fatalities: 0 / Occupants: 81,,, None,,"Istanbul-Atatürk International Airport (IST) (   Turkey) 
", En route (ENR),International Scheduled Passenger,"Frankfurt International Airport (FRA/EDDF), Germany","Istanbul-Atatürk International Airport (IST/LTBA), Turkey",,,Fatalities: 0 / Occupants:  
19850630-0,Final,Sunday 30 June 1985,12:00,Douglas C-47B-1-DL (DC-3),Northern Peninsula Fisheries,,,, N168Z, 20850, 1944,18000,, 2 Pratt & Whitney R-1830-92,,Fatalities: 0 / Occupants: ,Fatalities: 0 / Occupants: ,,, Substantial, Written off (damaged beyond repair),"King Salmon, AK (   United States of America) 
", Approach (APR),Executive,"Homer Airport, AK (HOM/PAHO), United States of America","King Salmon Airport, AK (AKN/PAKN), United States of America",,,Fatalities: 0 / Occupants: 4 
19850699-0,,xx JUN 1985,,Britten-Norman BN-2A Islander,Rougier Gabon,,,, TR-LXW, 151, 1970-01-27  (11 months),,,,,Fatalities:  / Occupants: ,Fatalities:  / Occupants: ,,, Damaged beyond repair,,"at an unknown location (   Unknown country) 
", Unknown (UNK),Unknown,?,?,,,Fatalities:  / Occupants:  
19850701-0,,Monday 1 July 1985,,British Aerospace BAe-748-314 Srs. 2A LFD,Tanzanian People's Defence Force,,,, JW9009, 1752, 1977,,,,,Fatalities:  / Occupants: ,Fatalities:  / Occupants: ,,, Damaged beyond repair,,"near Mbeya Airport (MBI) (   Tanzania) 
", Initial climb (ICL),Military,"Mbeya Airport (MBI/HTMB), Tanzania",?,,,Fatalities: 4 / Occupants:  
19850702-0,,Tuesday 2 July 1985,,Fokker F-27 Friendship 200,Sudan Airways,,,, ST-AAR, 10193, 1962,38491,,,26104,Fatalities: 0 / Occupants: 5,Fatalities: 0 / Occupants: 26,,, Damaged beyond repair,,"Eldebba Airport (EDB) (   Sudan) 
", Landing (LDG),Domestic Scheduled Passenger,?,"Eldebba Airport (EDB/HSDB), Sudan",,,Fatalities: 0 / Occupants: 31 
19850704-0,,Thursday 4 July 1985,,Airbus A300B4-203,Air Niugini,,,, P2-ANG, 134, 1981-05-06  (4 years 2 months),,, 2 General Electric CF6-50C2,,Fatalities: 0 / Occupants: ,Fatalities: 0 / Occupants: ,,, None,,"Brisbane-Eagle Farm Airport, QLD (BNE) (   Australia) 
", En route (ENR),International Scheduled Passenger,"Port Moresby-Jackson Field (POM/AYPY), Papua New Guinea","Brisbane-Eagle Farm Airport, QLD, Australia",   3,,Fatalities: 0 / Occupants:  
19850704-1,,Thursday 4 July 1985,,Antonov An-2R,"Aeroflot, Krasnoyarsk Civil Aviation Directorate",,,, CCCP-55710, 1G49-02, ,,,,,Fatalities: 0 / Occupants: ,Fatalities: 0 / Occupants: ,,, Damaged beyond repair,,"Baykit (BKT) (   Russia) 
", Takeoff (TOF),Cargo,"Baykit (BKT/UNIB), Russia",?,,,Fatalities: 0 / Occupants:  
19850704-2,Final,Thursday 4 July 1985,18:59,McDonnell Douglas DC-8-73CF,,Air-India,,Evergreen International Airlines, N816EV, 45990/375, 1968,,, 4 CFMI CFM56-2C1,,Fatalities: 0 / Occupants: 3,Fatalities: 0 / Occupants: 0,,, Substantial, Repaired,"Calcutta-Dum Dum Airport (CCU) (   India) 
", Landing (LDG),Cargo,"Hong Kong-Kai Tak International Airport (HKG/VHHH), Hong Kong","Calcutta-Dum Dum Airport (CCU/VECC), India",,,Fatalities: 0 / Occupants: 3 
19850707-0,Final,Sunday 7 July 1985,01:15 ADT,Douglas C-118A (DC-6),Northern Pacific Transport,,,, N2878F, 44660/627, 1955,22655,, 4 Pratt & Whitney R-2800-52W,,Fatalities: 0 / Occupants: 3,Fatalities: 0 / Occupants: 0,,, Destroyed, Written off (damaged beyond repair),"Egegik Airport, AK (EGX) (   United States of America) 
", Takeoff (TOF),Unknown,"Egegik Airport, AK (EGX/PAII), United States of America","Kodiak Airport, AK (ADQ/PADQ), United States of America",,,Fatalities: 0 / Occupants: 3 
19850707-1,Preliminary - official,Sunday 7 July 1985,12:55,Douglas DC-3A,LACOL Colombia,,,, HK-1340, 11704, 1943,,,,,Fatalities:  / Occupants: ,Fatalities:  / Occupants: ,,, Damaged beyond repair,,"near Villavicencio-La Vanguardia Airport (VVC) (   Colombia) 
", Initial climb (ICL),Cargo,"Villavicencio-La Vanguardia Airport (VVC/SKVV), Colombia","Carurú Airport (CUO/SKCR), Colombia",,,Fatalities: 3 / Occupants: 6 
19850707-2,,Sunday 7 July 1985,,Antonov An-2R,"Aeroflot, Privolzhsk Civil Aviation Directorate",,,, CCCP-06255, 1G127-11, 1971,,,,,Fatalities: 0 / Occupants: 2,Fatalities: 0 / Occupants: 0,,, Damaged beyond repair,,"Krasny Yar district, Kuibyshev region (   Russia) 
", En route (ENR),Agricultural,?,?,,,Fatalities: 0 / Occupants: 2 
19850710-0,,Wednesday 10 July 1985,23:46 MSK,Tupolev Tu-154B-2,Aeroflot / Uzbekistan,,,, CCCP-85311, 78A311, 1978,,, 3 Kuznetsov NK-8-2U,,Fatalities: 9 / Occupants: 9,Fatalities: 191 / Occupants: 191,,, Destroyed, Written off (damaged beyond repair),"near Uchkuduk (   Uzbekistan) 
", En route (ENR),Domestic Scheduled Passenger,"Karshi Airport (KSQ/UTSL), Uzbekistan","Ufa Airport (UFA/UWUU), Russia",SU7425,,Fatalities: 200 / Occupants: 200 
19850711-0,,Thursday 11 July 1985,,Antonov An-12,Soviet Air Force,,,, registration unknown, , ,,,,,Fatalities:  / Occupants: ,Fatalities:  / Occupants: ,,, Damaged beyond repair,,"22 km (13.8 mls) from  Kandahar Airport (KDH) (   Afghanistan) 
", En route (ENR),Military,"Kandahar Airport (KDH/OAKN), Afghanistan","Shindand (OASD), Afghanistan",,,Fatalities: 14 / Occupants: 14 
19850714-0,,Sunday 14 July 1985,,de Havilland Canada DHC-3 Otter,Propair,,,, C-FIOD, 6, 1952,,,,,Fatalities:  / Occupants: ,Fatalities:  / Occupants: ,,, Damaged beyond repair,,"Lac Hélène, QC (   Canada) 
", Unknown (UNK),Unknown,?,?,,,Fatalities:  / Occupants:  
19850715-0,,Monday 15 July 1985,,Antonov An-2R,Aeroflot / Georgia,,,, CCCP-55706, 1G48-38, 1964,,,,,Fatalities: 0 / Occupants: 2,Fatalities: 0 / Occupants: 0,,, Damaged beyond repair,,"Selitrennoye, Kharabali district, Astrakhan region (   Russia) 
", Maneuvering (MNV),Agricultural,?,?,,,Fatalities: 0 / Occupants: 2 
19850717-0,Final,Wednesday 17 July 1985,18:10,Convair CV-990-30A-5 Coronado,NASA,,,, N712NA, 30-10-37, 1961,12104,, 4 General Electric CJ805-23B,4974,Fatalities: 0 / Occupants: 4,Fatalities: 0 / Occupants: 15,,, Damaged beyond repair,,"Riverside-March AFB, CA (RIV) (   United States of America) 
", Takeoff (TOF),Survey/research,"Riverside-March AFB, CA (RIV/KRIV), United States of America","Riverside-March AFB, CA (RIV/KRIV), United States of America",,,Fatalities: 0 / Occupants: 19 
19850724-0,,Wednesday 24 July 1985,,Douglas DC-6B,Fuerza Aérea Colombiana,,,, FAC-902, 45067/709, 1956,,, 4 Pratt & Whitney R-2800,,Fatalities: 4 / Occupants: 4,Fatalities: 76 / Occupants: 76,,, Destroyed, Written off (damaged beyond repair),"32 km (20 mls) N of Leticia (   Colombia) 
", En route (ENR),Domestic Scheduled Passenger,"Leticia-Alfredo Vásquez Cobo Airport (LET/SKLT), Colombia","Bogotá-Eldorado Airport (BOG/SKBO), Colombia",,,Fatalities: 80 / Occupants: 80 
19850724-1,,Wednesday 24 July 1985,,Dornier CD-01A Seastar,Dornier Luftfahrt GmbH,,,, D-ICDS, 001, 1984-08-17  (11 months),,,,,Fatalities: 0 / Occupants: 2,Fatalities: 0 / Occupants: 0,,, Damaged beyond repair,,"Bodensee (   Germany) 
", Landing (LDG),Test,?,?,,,Fatalities: 0 / Occupants: 2 
19850726-0,,Friday 26 July 1985,,Ilyushin Il-14,Soviet Air Force,,,, registration unknown, , ,,,,,Fatalities: 7 / Occupants: 7,Fatalities: 0 / Occupants: 0,,, Damaged beyond repair,,"Mt. Komendant, Ola district, Magadan region (   Russia) 
", Unknown (UNK),Military,?,?,,,Fatalities: 7 / Occupants: 7 
19850729-1,Final,Monday 29 July 1985,15:38,Consolidated PBY-6A Catalina,Aries Aire,,,, N2886D, 64034, ,4415,, 2 Wright R-2600-20,,Fatalities: 2 / Occupants: 2,Fatalities: 0 / Occupants: 0,,, Destroyed, Written off (damaged beyond repair),"Northport, WA (   United States of America) 
", Maneuvering (MNV),Fire fighting,?,?,,,Fatalities: 2 / Occupants: 2 
19850730-0,,Tuesday 30 July 1985,,Pilatus Britten-Norman BN-2A Islander,United Air Charters,,,, Z-WHX, 192, 1970-06-15  (15 years 2 months),,,,,Fatalities: 1 / Occupants: 1,Fatalities: 0 / Occupants: 0,,, Substantial, Repaired,"Luabo (   Zimbabwe) 
", Unknown (UNK),Unknown,?,?,,,Fatalities: 1 / Occupants: 1 
19850802-0,Final,Friday 2 August 1985,18:05,Lockheed L-1011 TriStar 1,Delta Air Lines,,,, N726DA, 1163, 1979,20555,, 3 Rolls-Royce RB211-22B,11186,Fatalities: 8 / Occupants: 11,Fatalities: 126 / Occupants: 152,Fatalities: 1,, Destroyed, Written off (damaged beyond repair),"Dallas/Fort Worth International Airport, TX (DFW) (   United States of America) 
", Approach (APR),Domestic Scheduled Passenger,"Fort Lauderdale International Airport, FL (FLL/KFLL), United States of America","Dallas/Fort Worth International Airport, TX (DFW/KDFW), United States of America",DL191,,Fatalities: 134 / Occupants: 163 
19850804-0,,Sunday 4 August 1985,,Embraer EMB-110P1 Bandeirante,AIRES Colombia,,,, HK-2593, 110302, 1980,,, 2 Pratt & Whitney Canada PT6A-34,,Fatalities: 0 / Occupants: 2,Fatalities: 0 / Occupants: 14,,, Damaged beyond repair,,"Mocoa (   Colombia) 
", Initial climb (ICL),Domestic Scheduled Passenger,"Villagarzón Airport (VGZ/SKVG), Colombia","Puerto Asís-Tres de Mayo Airport (PUU/SKAS), Colombia",,,Fatalities: 0 / Occupants: 16 
19850805-0,,Monday 5 August 1985,,Boeing 727,Iran Air,,,, registration unknown, , ,,,,,Fatalities: 0 / Occupants: ,Fatalities: 1 / Occupants: ,,, None,,"Bandar Abbas Airport (BND) (   Iran) 
", En route (ENR),Domestic Scheduled Passenger,"Tehran-Mehrabad Airport (THR/OIII), Iran","Bandar Abbas Airport (BND/OIKB), Iran",,,Fatalities: 1 / Occupants:  
19850812-0,,Monday 12 August 1985,,de Havilland Canada DHC-6 Twin Otter 300,Merpati Nusantara Airlines,,,, PK-NUG, 346, 1972,,, 2 Pratt & Whitney Canada PT6A-27,,Fatalities: 0 / Occupants: 3,Fatalities: 2 / Occupants: 16,,, Damaged beyond repair,,"near Mulia Airport (LII) (   Indonesia) 
", Unknown (UNK),Domestic Scheduled Passenger,?,?,,,Fatalities: 2 / Occupants: 19 
19850812-1,Final,Monday 12 August 1985,18:56,Boeing 747SR-46,Japan Air Lines - JAL,,,, JA8119, 20783/230, 1974-01-28  (11 years 7 months),25030,, 4 Pratt & Whitney JT9D-7A,18835,Fatalities: 15 / Occupants: 15,Fatalities: 505 / Occupants: 509,,, Destroyed, Written off (damaged beyond repair),"26 km (16.3 mls) SW of Ueno Village, Tano District, Gunma Prefecture (   Japan) 
", En route (ENR),Domestic Scheduled Passenger,"Tokyo-Haneda Airport (HND/RJTT), Japan","Osaka-Itami Airport (ITM/RJOO), Japan",JL123,,Fatalities: 520 / Occupants: 524 
19850812-2,Final,Monday 12 August 1985,10:15,Beechcraft 200 Super King Air,Jet Fleet,,,, N100HC, BB-98, 1976,3040,, 2 Pratt & Whitney Canada PT6A-41,,Fatalities: 0 / Occupants: 2,Fatalities: 0 / Occupants: 0,,Fatalities: 3, Damaged beyond repair,,"Quinlan, TX (   United States of America) 
", Maneuvering (MNV),Training,"Dallas-Love Field, TX (DAL/KDAL), United States of America","Dallas-Love Field, TX (DAL/KDAL), United States of America",,,Fatalities: 0 / Occupants: 2 
19850813-0,,Tuesday 13 August 1985,,Antonov An-2R,Aviatia Utilitara,,,, YR-PVU, 1G175-19, ,,,,,Fatalities:  / Occupants: ,Fatalities:  / Occupants: ,,, Damaged beyond repair,,"at an unknown location (   Unknown country) 
", Unknown (UNK),Unknown,?,?,,,Fatalities:  / Occupants:  
19850815-0,,Thursday 15 August 1985,,Boeing 707-336C,Alyemda,,,, 7O-ACO, 20374/838, 1970-02-20  (15 years 6 months),,,,,Fatalities: 1 / Occupants: 8,Fatalities: 2 / Occupants: 65,,, Substantial, Repaired,"Aden (   Yemen) 
", En route (ENR),Scheduled Passenger,"Aden International Airport (ADE/ODAA), Yemen",?,,,Fatalities: 3 / Occupants: 73 
19850819-0,,Monday 19 August 1985,,Martin 4-0-4,Compañia Aérea Nacional - CAN,,,, CP-1704, 14172, 1952,,,,,Fatalities: 0 / Occupants: 3,Fatalities: 0 / Occupants: 0,,, Damaged beyond repair,,"La Paz-El Alto Airport (LPB) (   Bolivia) 
", Takeoff (TOF),Unknown,"La Paz-El Alto Airport (LPB/SLLP), Bolivia",?,,,Fatalities: 0 / Occupants: 3 
19850820-0,Final,Tuesday 20 August 1985,02:05,Learjet 24XR,ERA-Jet Alaska,,,, N455JA, 24-300, ,6645,, 2 General Electric CJ610-6,,Fatalities: 2 / Occupants: 2,Fatalities: 1 / Occupants: 1,,, Destroyed, Written off (damaged beyond repair),"12 km (7.5 mls) N of Gulkana, AK (   United States of America) 
", Approach (APR),Unknown,"Anchorage International Airport, AK (ANC/PANC), United States of America","Gulkana Airport, AK (GKN/PAGK), United States of America",,,Fatalities: 3 / Occupants: 3 
19850820-1,Final,Tuesday 20 August 1985,04:23,Learjet 35,Wards Express,,,, VH-WFE, 35-221, 1979,,,,,Fatalities: 0 / Occupants: 2,Fatalities: 0 / Occupants: 0,,, Substantial, Repaired,"Katherine-Tindal Airport, NT (KTR) (   Australia) 
", Landing (LDG),Cargo,"Alice Springs Airport, NT (ASP/YBAS), Australia","Katherine-Tindal Airport, NT (KTR/YPTN), Australia",,,Fatalities: 0 / Occupants: 2 
19850821-0,,Wednesday 21 August 1985,,Boeing 720-023B,Middle East Airlines - MEA,,,, OD-AFL, 18034/207, 1961-04-27  (24 years 4 months),,, 4 Pratt & Whitney JT3D-1-MC7,,Fatalities: 0 / Occupants: 0,Fatalities: 0 / Occupants: 0,,, Damaged beyond repair,,"Beirut International Airport (BEY) (   Lebanon) 
", Standing (STD),Unknown,?,?,,,Fatalities: 0 / Occupants: 0 
19850821-1,,Wednesday 21 August 1985,,Boeing 720-047B,Middle East Airlines - MEA,,,, OD-AGQ, 19160/470, 1966-01-20  (19 years 7 months),,, 4 Pratt & Whitney JT3D-3B,,Fatalities: 0 / Occupants: 0,Fatalities: 0 / Occupants: 0,,, Damaged beyond repair,,"Beirut International Airport (BEY) (   Lebanon) 
", Standing (STD),Unknown,?,?,,,Fatalities: 0 / Occupants: 0 
19850822-0,Final,Thursday 22 August 1985,07:13,Boeing 737-236,British Airtours,,,, G-BGJL, 22033/743, 1981-02-26  (4 years 6 months),12977,, 2 Pratt & Whitney JT8D-15A,5907,Fatalities: 2 / Occupants: 6,Fatalities: 53 / Occupants: 131,,, Destroyed, Written off (damaged beyond repair),"Manchester International Airport (MAN) (   United Kingdom) 
", Takeoff (TOF),Int'l Non Scheduled Passenger,"Manchester International Airport (MAN/EGCC), United Kingdom","Kerkyra-I. Kapodistrias Airport (CFU/LGKR), Greece",KT328,,Fatalities: 55 / Occupants: 137 
19850825-0,Final,Sunday 25 August 1985,22:05,Beechcraft 99 Airliner,Bar Harbor Airlines,,,, N300WP, U- 22, 1968,30335,, 2 Pratt & Whitney Canada PT6A-20,,Fatalities: 2 / Occupants: 2,Fatalities: 6 / Occupants: 6,,, Destroyed, Written off (damaged beyond repair),"1,6 km (1 mls) SW of Auburn Airport, ME (LEW) (   United States of America) 
", Approach (APR),Domestic Scheduled Passenger,"Boston-Logan International Airport, MA (BOS/KBOS), United States of America","Auburn Airport, ME (LEW/KLEW), United States of America",1808,,Fatalities: 8 / Occupants: 8 
19850827-0,,Tuesday 27 August 1985,,Boeing KC-135A Stratotanker,United States Air Force - USAF,,,, 59-1443, 17931/346, 1959-12-08  (25 years 9 months),9936,, 4 Pratt & Whitney J57-P,,Fatalities: 7 / Occupants: 7,Fatalities: 0 / Occupants: 0,,, Damaged beyond repair,,"1,5 km (0.9 mls) from  Marysville-Beale AFB, CA (BAB/KBAB) [N] (   United States of America) 
", Approach (APR),Military,"Marysville-Beale AFB, CA (BAB/KBAB), United States of America","Marysville-Beale AFB, CA (BAB/KBAB), United States of America",,,Fatalities: 7 / Occupants: 7 
19850828-0,Final,Wednesday 28 August 1985,01:45,Beechcraft C99 Commuter,Sunbird Airlines,,,, N992SB, U-170, 1981,7651,, 2 Pratt & Whitney Canada PT6A-36,,Fatalities: 3 / Occupants: 3,Fatalities: 0 / Occupants: 0,,, Destroyed, Written off (damaged beyond repair),"11 km (6.9 mls) E of Hickory, NC (   United States of America) 
", Maneuvering (MNV),Training,"Hickory Airport, NC (HKY/KHKY), United States of America","Charlotte-Douglas Airport, NC (CLT/KCLT), United States of America",,,Fatalities: 3 / Occupants: 3 
19850829-0,,Thursday 29 August 1985,ca 15:00,Alenia G-222SAA,Aeronautica Militare Italiana - AMI,,,, MM62131, 4044, ,,,,,Fatalities: 4 / Occupants: 4,Fatalities: 0 / Occupants: 0,,, Damaged beyond repair,,"2 km (1.3 mls) from  Nurallao, Sardinia (   Italy) 
", Maneuvering (MNV),Fire fighting,"Cagliari-Elmas Airport (CAG/LIEE), Italy",?,,,Fatalities: 4 / Occupants: 4 
19850830-0,,Friday 30 August 1985,08:30,Britten-Norman BN-2A Islander,Douglas Airways,,,, P2-DNW, 67, 1969-04-28  (16 years 4 months),,, 2 Lycoming O-540-E4C5,,Fatalities: 1 / Occupants: 1,Fatalities: 2 / Occupants: 4,,, Damaged beyond repair,,"17 km (10.6 mls) S of Kokoda Airport (KKD) (   Papua New Guinea) 
", En route (ENR),Domestic Scheduled Passenger,"Port Moresby-Jacksons International Airport (POM/AYPY), Papua New Guinea","Kokoda Airport (KKD), Papua New Guinea",,,Fatalities: 3 / Occupants: 5 
19850901-0,,Sunday 1 September 1985,,Antonov An-2P,"Aeroflot, Yakutsk Civil Aviation Directorate",,,, CCCP-01789, 1G107-36, 1969,3329,,,,Fatalities: 0 / Occupants: 2,Fatalities: 0 / Occupants: 12,,, Damaged beyond repair,,"near Yunkyur Airstrip (   Russia) 
", Approach (APR),Passenger,"Verkhoyansk Airport (UEBW), Russia","Yunkyur Airstrip (UEWS), Russia",,,Fatalities: 0 / Occupants: 14 
19850904-0,,Wednesday 4 September 1985,,Antonov An-26,Bakhtar Afghan Airlines,,,, YA-BAM, 14106, 1985,,,,,Fatalities: 5 / Occupants: 5,Fatalities: 47 / Occupants: 47,,, Damaged beyond repair,,"18 km (11.3 mls) W of Kandahar (   Afghanistan) 
", En route (ENR),Domestic Scheduled Passenger,"Kandahar Airport (KDH/OAKN), Afghanistan","Farah Airport (FAH/OAFR), Afghanistan",,,Fatalities: 52 / Occupants: 52 
19850906-0,Final,Friday 6 September 1985,15:21,McDonnell Douglas DC-9-14,Midwest Express,,,, N100ME, 47309/393, 1968,31892,, 2 Pratt & Whitney JT8D-7B,48903,Fatalities: 4 / Occupants: 4,Fatalities: 27 / Occupants: 27,,, Destroyed, Written off (damaged beyond repair),"0,5 km (0.3 mls) SW of Milwaukee-General Mitchell Airport, WI (MKE) (   United States of America) 
", Initial climb (ICL),Domestic Scheduled Passenger,"Milwaukee-General Mitchell Airport, WI (MKE/KMKE), United States of America","Atlanta-William B. Hartsfield International Airport, GA (ATL/KATL), United States of America", 105,,Fatalities: 31 / Occupants: 31 
19850910-0,,Tuesday 10 September 1985,,Douglas DC-3,Collier County Mosquito Control Distr.,,,, registration unknown, , ,,,,,Fatalities: 0 / Occupants: 2,Fatalities: 0 / Occupants: 0,,, Damaged beyond repair,,"East Naples, FL (   United States of America) 
", Approach (APR),Agricultural,?,?,,,Fatalities: 0 / Occupants: 2 
19850915-0,,Sunday 15 September 1985,,de Havilland Canada DHC-6 Twin Otter 300,Pakistan International Airlines - PIA,,,, AP-BCH, 768, 1981,,, 2 Pratt & Whitney Canada PT6A-27,,Fatalities: 0 / Occupants: ,Fatalities: 0 / Occupants: ,,, Substantial, Repaired,"Islamabad International Airport (ISB) (   Pakistan) 
", Unknown (UNK),Unknown,"Islamabad International Airport (ISB/OPRN), Pakistan",?,,,Fatalities: 0 / Occupants:  
19850922-0,Final,Sunday 22 September 1985,12:36,Learjet 35A,Louisiana Pacific Corp.,,,, N873LP, 35A-104, 1977,4171,, 2 Garrett TFE731-2-2B,,Fatalities: 1 / Occupants: 2,Fatalities: 0 / Occupants: 5,,Fatalities: 1, Destroyed, Written off (damaged beyond repair),"Auburn, AL (   United States of America) 
", Approach (APR),Executive,"Destin Airport, FL (DSI/KDTS), United States of America","Auburn-Opelika Airport, AL (AUO/KAOU), United States of America",,,Fatalities: 1 / Occupants: 7 
19850923-0,Final,Monday 23 September 1985,10:20,Beechcraft B99 Airliner,Henson Airlines,,,, N339HA, U-156, 1974,,, 2 Pratt & Whitney Canada PT6A-27,,Fatalities: 2 / Occupants: 2,Fatalities: 12 / Occupants: 12,,, Destroyed, Written off (damaged beyond repair),"11 km (6.9 mls) ESE of Staunton-Shenandoah Valley Airport, VA (SHD) (   United States of America) 
", Approach (APR),Domestic Scheduled Passenger,"Baltimore/Washington International Airport, MD (BWI/KBWI), United States of America","Staunton-Shenandoah Valley Airport, VA (SHD/KSHD), United States of America",1517,,Fatalities: 14 / Occupants: 14 
19850923-1,Final,Monday 23 September 1985,10:25,Dassault Falcon 10,Durakool Inc,,,, N700DK, 191, ,537,, 2 Garrett TFE731-2-1C,,Fatalities: 0 / Occupants: 2,Fatalities: 0 / Occupants: 0,,, Substantial, Written off (damaged beyond repair),"West Chicago-Dupage County Airport, IL (DPA' (   United States of America) 
", Landing (LDG),Executive,"Elkhart Municipal Airport, IN (EKI/KEKM), United States of America","Chicago-Dupage County Airport, IL (DPA/KDPA), United States of America",,,Fatalities: 0 / Occupants: 2 
19850923-2,,Monday 23 September 1985,,IRMA/Pilatus Britten-Norman BN-2 Islander,Força Aérea Popular de Angola,,,, I-302, 896, 1981,,,,,Fatalities:  / Occupants: ,Fatalities:  / Occupants: ,,, Damaged beyond repair,,"at an unknown location (   Angola) 
", Unknown (UNK),Military,?,?,,,Fatalities:  / Occupants:  
19850925-0,Final,Wednesday 25 September 1985,13:33,Boeing 737-2X6C,MarkAir,,,, N674MA, 23292/1113, 1985,614,, 2 Pratt & Whitney JT8D-17A,,Fatalities: 0 / Occupants: 4,Fatalities: 0 / Occupants: 17,,, Substantial, Repaired,"Unalaska Airport, AK (DUT) (   United States of America) 
", Landing (LDG),Domestic Scheduled Passenger,"Anchorage-Ted Stevens International Airport, AK (ANC/PANC), United States of America","Unalaska Airport, AK (DUT/PADU), United States of America",,,Fatalities: 0 / Occupants: 21 
19850925-1,,Wednesday 25 September 1985,,Antonov An-12,MAP Kom na Amu APO,,,, CCCP-69321, 1901708, 1961,14251,,,5707,Fatalities: 5 / Occupants: 5,Fatalities: 4 / Occupants: 4,,, Damaged beyond repair,,"36 km (22.5 mls) from  Kharkov (   Ukraine) 
", En route (ENR),Cargo,"Dnepropetrovsk Airport (DNK/UKDD), Ukraine","Moskva-Domodedovo Airport (DME/UUDD), Russia",,,Fatalities: 9 / Occupants: 9 
19850926-0,,Thursday 26 September 1985,ca 15:00,Britten-Norman BN-2 Islander,Douglas Airways,,,, P2-DNI, 28, 1968-09-16  (17 years ),,, 2 Lycoming O-540-E4C5,,Fatalities: 1 / Occupants: 1,Fatalities: 3 / Occupants: 3,,, Damaged beyond repair,,"Kilifas Gap (   Papua New Guinea) 
", Unknown (UNK),Passenger,?,?,,,Fatalities: 4 / Occupants: 4 
19850929-0,Final,Sunday 29 September 1985,12:30,Cessna 208 Caravan I,Air Carriers Express Services Inc,,,, N551CC, 20800017, 1985,350,, 1 Pratt & Whitney Canada PT6A-114,,Fatalities: 1 / Occupants: 1,Fatalities: 16 / Occupants: 16,,, Destroyed, Written off (damaged beyond repair),"near Jenkinsburg, GA (   United States of America) 
", Initial climb (ICL),Parachuting,"Jenkinsburg, GA, United States of America","Jenkinsburg, GA, United States of America",,,Fatalities: 17 / Occupants: 17 
19850999-0,,xx SEP 1985,,Grumman G-159 Gulfstream I,Kirk E. Molhook,,,, N720X,  73, 1961,,,,,Fatalities: 0 / Occupants: ,Fatalities: 0 / Occupants: ,,, Damaged beyond repair,,"within Arizona (   United States of America) 
", Unknown (UNK),Illegal Flight,?,?,,,Fatalities: 0 / Occupants:  
19851009-0,,Wednesday 9 October 1985,ca 19:00,Embraer EMB-110C Bandeirante,Nordeste Linhas Aéreas,,,, PT-GKA, 110090, 1976,,,,,Fatalities: 2 / Occupants: 2,Fatalities: 0 / Occupants: 0,,, Damaged beyond repair,,"2 km (1.3 mls) SE of Vitória da Conquista Airport, BA (VDC) (   Brazil) 
", Initial climb (ICL),Cargo,"Vitória da Conquista Airport, BA (VDC/SBQV), Brazil","Salvador-Dois de Julho International Airport, BA (SSA/SBSV), Brazil",,,Fatalities: 2 / Occupants: 2 
19851009-1,Preliminary,Wednesday 9 October 1985,,Sud Aviation SE-210 Caravelle VI-N,African Air Charter,,,, 9Q-CMD,  74, 1961-04-14  (24 years 6 months),,,,,Fatalities: 0 / Occupants: ,Fatalities: 0 / Occupants: ,,, Damaged beyond repair,,"Mbuji-Mayi Airport (MJM) (   Democratic Republic of the Congo) 
", Unknown (UNK),-,?,-,,,Fatalities: 0 / Occupants:  
19851010-0,Final,Thursday 10 October 1985,00:59,IAI 1124 Westwind,Pel-Air,,,, VH-IWJ, 371, 1982,3105,, 2 Garrett TFE731-3-1G,,Fatalities: 2 / Occupants: 2,Fatalities: 0 / Occupants: 0,,, Damaged beyond repair,,"13 km (8.1 mls) E off  Sydney-Kingsford Smith International Airport, NSW (SYD) (   Australia) 
", En route (ENR),Cargo,"Sydney-Kingsford Smith International Airport, NSW (SYD/YSSY), Australia","Brisbane-Eagle Farm Airport, QLD, Australia", 474,,Fatalities: 2 / Occupants: 2 
19851011-1,,Friday 11 October 1985,,Curtiss C-46D-10-CU Commando,Servicio Aéreo Beni - SABENI,,,, CP-1593, 32936, 1944,,,,,Fatalities: 2 / Occupants: 2,Fatalities: 0 / Occupants: 0,,, Damaged beyond repair,,"within Beni Department (   Bolivia) 
", En route (ENR),Cargo,?,"La Paz-El Alto Airport (LPB/SLLP), Bolivia",,,Fatalities: 2 / Occupants: 2 
19851011-2,,Friday 11 October 1985,10:09,Yakovlev Yak-40,Aeroflot / Georgia,,,, CCCP-87803, 9230923, 1972,,, 3 Ivchenko AI-25,,Fatalities: 4 / Occupants: 4,Fatalities: 10 / Occupants: 10,,, Damaged beyond repair,,"47 km (29.4 mls) W of Kutaisi (   Georgia) 
", En route (ENR),Domestic Scheduled Passenger,"Kutaisi Airport (KUT/UGKO), Georgia","Poti Airport (UGSP), Georgia",,,Fatalities: 14 / Occupants: 14 
19851011-3,Final,Friday 11 October 1985,21:40,de Havilland Canada DHC-6 Twin Otter 200,Mountain Air Cargo,,,, N3257, 192, 1969,33487,, 2 Pratt & Whitney Canada PT6A-20,,Fatalities: 1 / Occupants: 1,Fatalities: 0 / Occupants: 0,,, Destroyed, Written off (damaged beyond repair),"Homer City, PA (   United States of America) 
", En route (ENR),Cargo,"State College-University Park Airport, PA (SCE/KUNV), United States of America","Pittsburgh International Airport, PA (PIT/KPIT), United States of America",,,Fatalities: 1 / Occupants: 1 
19851012-1,,Saturday 12 October 1985,,Fokker F-27 Friendship 600,Burma Airways,,,, XY-ADS, 10501, 1974,25348,,,23691,Fatalities: 2 / Occupants: 2,Fatalities: 2 / Occupants: 2,,, Damaged beyond repair,,"ca 1,5 km from Putao Airport (PBU) (   Myanmar) 
", Approach (APR),Cargo,?,"Putao Airport (PBU/VYPT), Myanmar",,,Fatalities: 4 / Occupants: 4 
19851018-0,,Friday 18 October 1985,,Lockheed L-1011 TriStar 500,Alia Royal Jordanian Airlines,,,, JY-AGE, 1238, 1982,,, 3 Rolls-Royce RB211-524B4-02,,Fatalities: 0 / Occupants: 10,Fatalities: 0 / Occupants: 108,,, Substantial, Repaired,"130 km (81.3 mls) from  Singapore (   Indian Ocean) 
", En route (ENR),International Scheduled Passenger,"Abu Dhabi International Airport (AUH/OMAA), United Arab Emirates","Singapore-Changi International Airport (SIN/WSSS), Singapore",RJ182,,Fatalities: 0 / Occupants: 118 
19851019-0,Final,Saturday 19 October 1985,15:35,Vickers 835 Viscount,Ray Charles Enterprises,,,, N923RC, 320, 1959,11707,, 4 Rolls-Royce Dart 525,,Fatalities: 0 / Occupants: 2,Fatalities: 0 / Occupants: 26,,, Destroyed, Written off (damaged beyond repair),"Bloomington-Monroe County Airport, IN (BMG) (   United States of America) 
", Landing (LDG),Domestic Non Scheduled Passenger,"Lexington-Blue Grass Airport, KY (LEX/KLEX), United States of America","Bloomington-Monroe County Airport, IN (BMG/KBMG), United States of America",,,Fatalities: 0 / Occupants: 28 
19851020-0,,Sunday 20 October 1985,,Embraer C-95B Bandeirante (EMB-110),Força Aérea Brasileira - FAB,,,, 2302, 110255, 1980,,,,,Fatalities: 0 / Occupants: 3,Fatalities: 0 / Occupants: 0,,, Damaged beyond repair,,"Rio de Janeiro-Galeão International Airport, RJ (GIG) (   Brazil) 
", Approach (APR),Military,"Rio de Janeiro-Galeão International Airport, RJ (GIG/SBGL), Brazil","Rio de Janeiro-Galeão International Airport, RJ (GIG/SBGL), Brazil",,,Fatalities: 0 / Occupants: 3 
19851022-0,,Tuesday 22 October 1985,,Shorts 360-100,CAAC,,,, B-3606, SH.3673, 1985-07-09  (4 months),,,,,Fatalities: 0 / Occupants: 4,Fatalities: 0 / Occupants: 21,,, Damaged beyond repair,,"Enshi Airport (ENH) (   China) 
", Landing (LDG),Domestic Scheduled Passenger,"Wuhan Tianhe International Airport (WUH/ZHHH), China","Enshi Airport (ENH/ZHES), China",,,Fatalities: 0 / Occupants: 25 
19851022-1,Final,Tuesday 22 October 1985,20:43,Learjet 24D,ERA-Jet Alaska,,,, N456JA, 24-265, ,6303,, 2 General Electric CJ610-6,,Fatalities: 4 / Occupants: 4,Fatalities: 0 / Occupants: 0,,, Destroyed, Written off (damaged beyond repair),"45 km (28.1 mls) W of Juneau International Airport, AK (JNU) (   United States of America) 
", Approach (APR),Ambulance,"Anchorage International Airport, AK (ANC/PANC), United States of America","Juneau International Airport, AK (JNU/PAJN), United States of America",,,Fatalities: 4 / Occupants: 4 
19851028-0,,Monday 28 October 1985,,Beechcraft 200 Super King Air,Unknown,,,, HK-2489, BB-393, 1978,,,,,Fatalities:  / Occupants: ,Fatalities:  / Occupants: ,,, Damaged beyond repair,,"Bogotá (   Colombia) 
", Unknown (UNK),Unknown,?,?,,,Fatalities:  / Occupants:  
19851030-0,,Wednesday 30 October 1985,,Boeing 727,American Airlines,,,, registration unknown, , ,,,,,Fatalities: 0 / Occupants: ,Fatalities: 0 / Occupants: ,,, Minor, Repaired,"Dallas/Fort Worth International Airport, TX (DFW) (   United States of America) 
", Standing (STD),Domestic Scheduled Passenger,"Austin-Bergstrom International Airport, TX (AUS/KAUS), United States of America","Dallas/Fort Worth International Airport, TX (DFW/KDFW), United States of America",AA203,,Fatalities: 0 / Occupants:  
19851101-0,Final,Friday 1 November 1985,09:50,Cessna 208 Caravan I,Hermens Air,,,, N9241F, 20800006, 1985,860,, 1 Pratt & Whitney Canada PT6A-114,,Fatalities: 1 / Occupants: 1,Fatalities: 1 / Occupants: 3,,, Destroyed, Written off (damaged beyond repair),"Bethel Airport, AK (BET) (   United States of America) 
", Initial climb (ICL),Domestic Scheduled Passenger,"Bethel Airport, AK (BET/PABE), United States of America","Chevak Airport, AK (VAK/PAVA), United States of America",  36,,Fatalities: 2 / Occupants: 4 
19851102-0,,Saturday 2 November 1985,,Boeing 707-300,Iran Air,,,, registration unknown, , ,,,,,Fatalities: 0 / Occupants: ,Fatalities: 0 / Occupants: ,,, None,,"Tehran-Mehrabad Airport (THR) (   Iran) 
", En route (ENR),Domestic Scheduled Passenger,"Bandar Abbas Airport (BND/OIKB), Iran","Tehran-Mehrabad Airport (THR/OIII), Iran",,,Fatalities: 0 / Occupants:  
19851107-0,Final,Thursday 7 November 1985,07:35,Hawker Siddeley HS-125-F400A,Hardees Foods,,,, N984HF, 25183/NA717, 1969,8461,, 2 Garrett TFE731-3-1H,,Fatalities: 0 / Occupants: 2,Fatalities: 0 / Occupants: 3,,, Damaged beyond repair,,"Sparta-White County Airport, TN (   United States of America) 
", Landing (LDG),Executive,"Rocky Mount-Wilson Airport, NC (RWI/KRWI), United States of America","Sparta-White County Airport, TN (KSRB), United States of America",,,Fatalities: 0 / Occupants: 5 
19851110-0,Final,Sunday 10 November 1985,17:22,Dassault Falcon 50,"Nabisco Brands, Inc.",,,, N784B, 118, ,,, 3 Garrett TFE731-3-1C,,Fatalities: 2 / Occupants: 2,Fatalities: 0 / Occupants: 0,Fatalities: 1,Fatalities: 3, Destroyed, Written off (damaged beyond repair),"7,2 km (4.5 mls) ESE of Teterboro Airport, NJ (TEB) (   United States of America) 
", Approach (APR),Executive,"Morristown Municipal Airport, NJ (MMU/KMMU), United States of America","Teterboro Airport, NJ (TEB/KTEB), United States of America",,,Fatalities: 2 / Occupants: 2 
19851110-1,,Sunday 10 November 1985,ca 10:00,Fokker F-27 Friendship 600,Uganda Airlines,,,, registration unknown, , ,,,,,Fatalities: 0 / Occupants: 4,Fatalities: 0 / Occupants: 44,,, None,,"Kasese Airport (KSE) (   Uganda) 
", En route (ENR),Domestic Scheduled Passenger,"Entebbe Airport (EBB/HUEN), Uganda","Arua Airport (RUA/HUAR), Uganda", 372,,Fatalities: 0 / Occupants: 48 
19851115-0,,Friday 15 November 1985,,Convair VC-131H Samaritan (CV-580),United States Navy,,,, 542817, 221, 1955,,,,,Fatalities: 3 / Occupants: 3,Fatalities: 0 / Occupants: 0,,, Damaged beyond repair,,"Dothan Airport, AL (DHN) (   United States of America) 
", Takeoff (TOF),Military,"Dothan Airport, AL (DHN/KDHN), United States of America",?,,,Fatalities: 3 / Occupants: 3 
19851119-0,,Tuesday 19 November 1985,,Boeing 737,America West Airlines,,,, registration unknown, , ,,,,,Fatalities: 0 / Occupants: 5,Fatalities: 0 / Occupants: 58,,, None,,"Phoenix-Sky Harbor International Airport, AZ (PHX) (   United States of America) 
", Standing (STD),Domestic Scheduled Passenger,"Phoenix-Sky Harbor International Airport, AZ (PHX/KPHX), United States of America","Ontario International Airport, CA (ONT/KONT), United States of America", 261,,Fatalities: 0 / Occupants: 63 
19851121-0,,Thursday 21 November 1985,,Lockheed C-130H-MP Hercules,Tentara Nasional Indonesia-AU (Air Force),,,, A-1322, 4898, 1981,,,,,Fatalities:  / Occupants: ,Fatalities:  / Occupants: ,,, Damaged beyond repair,,"Mount Sibayak (   Indonesia) 
", Unknown (UNK),Military,?,?,,,Fatalities: 11 / Occupants: 11 
19851124-0,,Sunday 24 November 1985,20:15,Boeing 737-266,EgyptAir,,,, SU-AYH, 21191/450, 1976-02-26  (9 years 9 months),,, 2 Pratt & Whitney JT8D-17,,Fatalities:  / Occupants: 6,Fatalities:  / Occupants: 92,,, Damaged beyond repair,,"Malta-Luqa Airport (MLA) (   Malta) 
", Standing (STD),International Scheduled Passenger,"Athens-Ellinikon International Airport (ATH/LGAT), Greece","Cairo International Airport (CAI/HECA), Egypt",MS648,,Fatalities: 60 / Occupants: 98 
19851124-1,Final,Sunday 24 November 1985,21:14,Grumman American G-1159 Gulfstream II,Gulfstream Aerospace,,,, N104AR, 140, 1974,,,,,Fatalities: 0 / Occupants: 3,Fatalities: 0 / Occupants: 3,,, Substantial, Repaired,"Edmonton International Airport, AB (YEG) (   Canada) 
", Landing (LDG),Executive,?,"Edmonton Municipal Airport, AB (YXD/CYXD), Canada",,,Fatalities: 0 / Occupants: 6 
19851125-0,,Monday 25 November 1985,,Antonov An-12BP,Soviet Air Force,,,, CCCP-11747, 5343609, 1976,,, 4 Ivchenko AI-20M,,Fatalities: 8 / Occupants: 8,Fatalities: 13 / Occupants: 13,,, Destroyed, Written off (damaged beyond repair),"ca 43 km E of Menongue Airport (SPP) (   Angola) 
", En route (ENR),Military,"Cuito Cuanavale Airport (CTI/FNCV), Angola","Menongue Airport (SPP/FNME), Angola",,,Fatalities: 21 / Occupants: 21 
19851130-0,,Saturday 30 November 1985,,Lockheed L-188C Electra,Mandala Airlines,,,, PK-RLG, 2008, 1959,,,,,Fatalities: 0 / Occupants: 8,Fatalities: 0 / Occupants: 37,,, Damaged beyond repair,,"Medan-Polonia Airport (MES) (   Indonesia) 
", Landing (LDG),Domestic Scheduled Passenger,"Jakarta-Kemayoran Airport (JKT), Indonesia","Padang-Tabing Airport (PDG/WIMG), Indonesia",,,Fatalities: 0 / Occupants: 45 
19851202-0,Final,Monday 2 December 1985,06:34,Boeing 747-228B,Air France,,,, F-GCBC, 22427/485, 1980-10-07  (5 years 2 months),22762,, 4 General Electric CF6-50E,,Fatalities: 0 / Occupants: 17,Fatalities: 0 / Occupants: 265,,, Damaged beyond repair,,"Rio de Janeiro-Galeão International Airport, RJ (GIG) (   Brazil) 
", Landing (LDG),International Scheduled Passenger,"Paris-Charles de Gaulle Airport (CDG/LFPG), France","Rio de Janeiro-Galeão International Airport, RJ (GIG/SBGL), Brazil",AF091,,Fatalities: 0 / Occupants: 282 
19851204-0,,Wednesday 4 December 1985,,Swearingen SA226-TC Metro II,Delta Air,,,, D-IASN, TC-297, 1979,,,,,Fatalities: 0 / Occupants: ,Fatalities: 0 / Occupants: ,,, Damaged beyond repair,,"Friedrichshafen Airport (FDH) (   Germany) 
", Landing (LDG),Unknown,?,"Friedrichshafen Airport (FDH/EDNY), Germany",,,Fatalities: 0 / Occupants:  
19851207-0,,Saturday 7 December 1985,,Boeing 737-248,Aer Lingus,,,, EI-ASA, 19424/147, 1969-03-15  (16 years 9 months),,, 2 Pratt & Whitney JT8D-9A,,Fatalities: 0 / Occupants: 6,Fatalities: 0 / Occupants: 117,,, Substantial, Repaired,"Dublin Airport (DUB) (   Ireland) 
", Initial climb (ICL),International Scheduled Passenger,"Dublin Airport (DUB/EIDW), Ireland","London-Heathrow Airport (LHR/EGLL), United Kingdom", 156,,Fatalities: 0 / Occupants: 123 
19851208-0,Final,Sunday 8 December 1985,13:39,Learjet 35A,Corporate Air Inc,,,, N15TW, 35A-106, 1977,,, 2 Garrett TFE731-2-2B,,Fatalities: 2 / Occupants: 2,Fatalities: 1 / Occupants: 1,,, Destroyed, Written off (damaged beyond repair),"Rochester, MN (   United States of America) 
", Approach (APR),Training,"Minneapolis-St. Paul International Airport, MN (MSP/KMSP), United States of America","Rochester Municipal Airport, MN (RST/KRST), United States of America",,,Fatalities: 3 / Occupants: 3 
19851210-0,,Tuesday 10 December 1985,,Douglas C-47A-1-DK (DC-3),South African Air Force - SAAF,,,, 6888, 12107, 1943,,, 2 Pratt & Whitney R-1830-92,,Fatalities: 0 / Occupants: ,Fatalities: 0 / Occupants: ,,, Substantial, Repaired,"near Swartkop Air Force Base (   South Africa) 
", En route (ENR),Military,"Swartkop Air Force Base (FASK), South Africa","Swartkop Air Force Base (FASK), South Africa",,,Fatalities: 0 / Occupants:  
19851210-1,,Tuesday 10 December 1985,,Douglas C-47B-25-DK (DC-3),South African Air Force - SAAF,,,, 6874, 32825/16077, 1945,,,,,Fatalities: 0 / Occupants: ,Fatalities: 0 / Occupants: ,,, Substantial, Repaired,"near Swartkop Air Force Base (   South Africa) 
", En route (ENR),Military,"Swartkop Air Force Base (FASK), South Africa","Swartkop Air Force Base (FASK), South Africa",,,Fatalities: 0 / Occupants:  
