Identifiant:,Status:,Date:,Time:,Type:,Operator:,Operating for:,On behalf of:,Leased from:,Registration:,C/n / msn:,First flight:,Total airframe hrs:,Year built:,Engines:,Cycles:,Crew:,Passengers:,Ground casualties:,Collision casualties:,Aircraft damage:,Aircraft fate:,Location:,Phase:,Nature:,Departure airport:,Destination airport:,Flightnumber:,Probable cause:,Total:
19491104-0,Final,Friday 4 November 1949,21:34,Douglas R4D-1 (DC-3),Harrington's Inc,,,, NC29086, 4304, 1942,1965,, 2 Pratt & Whitney R-1830,,Fatalities: 3 / Occupants: 3,Fatalities: 0 / Occupants: 0,,, Damaged beyond repair,,"Akron/Canton Airport, OH (CAK) (   United States of America) 
", Approach (APR),Cargo,"Philadelphia-North Philadelphia Airport, PA (PNE/KPNE), United States of America","Cleveland (unknown airport), OH, United States of America",,,Fatalities: 3 / Occupants: 3 
19491104-1,,Friday 4 November 1949,,Lockheed 18-08A Lodestar,Pacific Petroleum,,,, CF-TCU, 18-2060, 1941,,,,,Fatalities: 0 / Occupants: ,Fatalities: 0 / Occupants: ,,, Damaged beyond repair,,"Calgary Municipal Airport, AB (YYC) (   Canada) 
", Takeoff (TOF),Passenger,"Calgary Municipal Airport, AB (YYC/CYYC), Canada",?,,,Fatalities: 0 / Occupants: 8 
19491104-2,,Friday 4 November 1949,,Fairchild C-82A Packet,United States Air Force - USAF,,,, 44-22996, 10040, ,,,,,Fatalities: 1 / Occupants: ,Fatalities: 0 / Occupants: ,Fatalities: 1,, Damaged beyond repair,,"11 km (6.9 mls) S of Shreveport-Barksdale AFB, LA (BAD) (   United States of America) 
", Initial climb (ICL),Military,"Shreveport-Barksdale AFB, LA (BAD/KBAD), United States of America","Cheyenne-Warren AFB, WY (FEW), United States of America",,,Fatalities: 1 / Occupants: 9 
19491107-0,,Monday 7 November 1949,,Avro 691 Lancastrian C.1,British Overseas Airways Corporation - BOAC,,,, G-AGMM, 1192, ,,,,,Fatalities:  / Occupants: ,Fatalities:  / Occupants: ,,, Damaged beyond repair,,"Tripoli-Castel Benito Airport (TIP) (   Libya) 
", Unknown (UNK),Unknown,?,?,,,Fatalities:  / Occupants:  
19491108-0,,Tuesday 8 November 1949,,Douglas C-47B-20-DK (DC-3),Civil Air Transport,,,, XT-805, 27167/15722, 1945,,,,,Fatalities:  / Occupants: ,Fatalities:  / Occupants: ,,, Damaged beyond repair,,"120 km (75 mls) from  Mengzi (   China) 
", En route (ENR),Cargo,"Mengzi Airport, China","Haiphong-Cat Bi Airport (HPH/VVCI), Vietnam",,,Fatalities:  / Occupants:  
19491111-0,,Friday 11 November 1949,,Curtiss C-46,Transporte Aéreo Transandino,,,, YV-C-AQG, , ,,,,,Fatalities:  / Occupants: ,Fatalities:  / Occupants: ,,, Damaged beyond repair,,"Las Piedros (   Venezuela) 
", Unknown (UNK),Unknown,?,?,,,Fatalities:  / Occupants:  
19491113-0,,Sunday 13 November 1949,,Douglas C-47A-25-DK (DC-3),Tatmadaw Lei (Burmese Air Force),,,, UBT-705, 13512, 1944,,,,,Fatalities:  / Occupants: ,Fatalities:  / Occupants: ,,, Damaged beyond repair,,"Lanywa (   Myanmar) 
", Unknown (UNK),Unknown,?,?,,,Fatalities:  / Occupants:  
19491115-1,,Tuesday 15 November 1949,,Avro 685 York C.1,Royal Air Force - RAF,,,, MW297, , ,,, 4 Rolls-Royce Merlin,,Fatalities: 0 / Occupants: ,Fatalities: 0 / Occupants: ,,, Damaged beyond repair,,"Nairobi-Civil Airport (   Kenya) 
", Landing (LDG),Military,?,"Nairobi-Eastleigh Airport (HKRE), Kenya",,,Fatalities: 0 / Occupants:  
19491117-0,,Thursday 17 November 1949,,Douglas C-47A-90-DL (DC-3),Trans Asiatic Airlines,,,, HS-TA180, 20583, 1944,,,,,Fatalities:  / Occupants: ,Fatalities:  / Occupants: ,,, Damaged beyond repair,,"Yangon-Mingaladon Airport (RGN) (   Myanmar) 
", Unknown (UNK),Unknown,?,?,,,Fatalities:  / Occupants:  
19491119-0,Final,Saturday 19 November 1949,10:11,Douglas C-47A-90-DL (DC-3),Meteor Air Transport,,,, NC54337, 20136, 1944,3416,, 2 Pratt & Whitney R-1830,,Fatalities: 2 / Occupants: 2,Fatalities: 0 / Occupants: 0,Fatalities: 1,, Substantial, Repaired,"Detroit, MI (   United States of America) 
", Approach (APR),Cargo,"Dunkirk Airport, NY (DKK/KDKK), United States of America","Detroit City Airport, MI (DET/KDET), United States of America", 959,,Fatalities: 2 / Occupants: 2 
19491120-0,Final,Sunday 20 November 1949,16:56,Douglas C-47A-25-DK (DC-3),Aero Holland,,,, PH-TFA, 13462, 1944,1697,, 2 Pratt & Whitney R-1830-92,,Fatalities: 4 / Occupants: 4,Fatalities: 30 / Occupants: 31,,, Destroyed, Written off (damaged beyond repair),"31,5 km (19.7 mls) S of Oslo-Fornebu Airport (FBU) (   Norway) 
", Approach (APR),Int'l Non Scheduled Passenger,"Brussel-Zaventem Airport (BRU/EBBR), Belgium","Oslo-Fornebu Airport (FBU/ENFB), Norway",,,Fatalities: 34 / Occupants: 35 
19491120-1,,Sunday 20 November 1949,,Short Sunderland GR.5,Royal Air Force - RAF,,,, NJ176, , ,,,,,Fatalities: 2 / Occupants: 8,Fatalities: 3 / Occupants: 4,,, Damaged beyond repair,,"Seletar Island (   Singapore) 
", Takeoff (TOF),Military,"Singapore-Seletar Airport (XSP/WSSL), Singapore","Hong Kong-Kai Tak RAF Station (HKG/VHHH), Hong Kong",,,Fatalities: 5 / Occupants: 12 
19491124-0,,Thursday 24 November 1949,,Bristol 170 Freighter 21E,Aviaco,,,, EC-ADK, 12777, ,,,,,Fatalities: 0 / Occupants: 4,Fatalities: 0 / Occupants: 22,,, Damaged beyond repair,,"Menorca-Mahón Airport (MAH) (   Spain) 
", Landing (LDG),Domestic Scheduled Passenger,"Barcelona-El Prat Airport (BCN/LEBL), Spain","Menorca-Mahón Airport (MAH/LEMH), Spain",,,Fatalities: 0 / Occupants: 26 
19491126-0,,Saturday 26 November 1949,,Douglas C-47 (DC-3),Limitada Nacional de Servicio Aéreo - LANSA,,,, HK-305, , ,,,,,Fatalities: 3 / Occupants: 3,Fatalities: 9 / Occupants: 9,,, Damaged beyond repair,,"Páramo Bogueche (   Colombia) 
", En route (ENR),Domestic Scheduled Passenger,"Bucaramanga-Gomez Niño Airport, Colombia","Cúcuta-Camilo Daza Airport (CUC/SKCC), Colombia",,,Fatalities: 12 / Occupants: 12 
19491127-0,,Sunday 27 November 1949,,Douglas C-47B-5-DK (DC-3),Aigle Azur,,,, F-OABJ, 25874/14429, 1944,,, 2 Pratt & Whitney R-1830-90C,,Fatalities:  / Occupants: ,Fatalities:  / Occupants: ,,, Damaged beyond repair,,"near Dong Khe (   Vietnam) 
", Unknown (UNK),Passenger,?,?,,,Fatalities: 10 / Occupants: 10 
19491128-0,,Monday 28 November 1949,16:45,Douglas C-54A-15-DC (DC-4),Air France,,,, F-BELO, 10391, 1944,,,,,Fatalities: 4 / Occupants: 5,Fatalities: 1 / Occupants: 33,,, Damaged beyond repair,,"near Saint-Just-Chaleyssin (   France) 
", Approach (APR),Domestic Scheduled Passenger,"Paris-Orly Airport (ORY/LFPO), France","Lyon-Bron Airport (LYN/LFLY), France",,,Fatalities: 5 / Occupants: 38 
19491128-1,,Monday 28 November 1949,,Vickers Valetta C.1,Royal Air Force - RAF,,,, VW160, 330, 1948-11-24  (1 year ),,, 2 Bristol Hercules 230,,Fatalities: 0 / Occupants: ,Fatalities: 0 / Occupants: ,Fatalities: 1,, Damaged beyond repair,,"Deversoir RAF Station (   Egypt) 
", Takeoff (TOF),Military,"Deversoir RAF Station, Egypt",?,,,Fatalities: 0 / Occupants:  
19491129-0,Final,Tuesday 29 November 1949,05:49,Douglas DC-6,American Airlines,,,, N90728, 42895/58, 1947,5260,, 4 Pratt & Whitney R-2800-34,,Fatalities: 2 / Occupants: 5,Fatalities: 26 / Occupants: 41,,, Damaged beyond repair,,"Dallas-Love Field, TX (DAL) (   United States of America) 
", Approach (APR),Domestic Scheduled Passenger,"Washington-National Airport, DC (DCA/KDCA), United States of America","Dallas-Love Field, TX (DAL/KDAL), United States of America",AA157,,Fatalities: 28 / Occupants: 46 
19491199-0,,xx NOV 1949,,Savoia-Marchetti SM-95C,Linee Aeree Transcontinentali Italiane - LATI,,,, I-LATI, 17, 1949,,,,,Fatalities: 0 / Occupants: 5,Fatalities: 0 / Occupants: 12,,, Substantial, Repaired,"Villa Cisneros, Western Sahara (VIL) (   Morocco) 
", Landing (LDG),Passenger,?,"Dakhla (Villa Cisneros), Western Sahara (VIL/GMMH), Morocco",,,Fatalities: 0 / Occupants: 17 
19491201-0,,Thursday 1 December 1949,ca 13:00,Douglas C-47-DL (DC-3),REAL Transportes Aéreos,,,, PP-YPM, 4241, 1942,,, 2 Pratt & Whitney R-1830-92,,Fatalities: 4 / Occupants: 4,Fatalities: 16 / Occupants: 18,,, Damaged beyond repair,,"Ribeirão Claro, PR (   Brazil) 
", En route (ENR),Domestic Scheduled Passenger,"São Paulo-Congonhas Airport, SP (CGH/SBSP), Brazil","Jacarezinho Airport, PR (SSJE), Brazil",,,Fatalities: 20 / Occupants: 22 
19491202-0,,Friday 2 December 1949,,Boeing-Canada PB2B-1 Canso B,Bataafse Petroleum Maatschappij (BPM),,,, PK-AKC, 22009, 1943,,,,,Fatalities: 4 / Occupants: 5,Fatalities: 2 / Occupants: 6,,, Damaged beyond repair,,"Muntok Bay (   Indonesia) 
", Landing (LDG),Survey/research,?,?,,,Fatalities: 6 / Occupants: 11 
19491204-0,,Sunday 4 December 1949,,Curtiss C-46 Commando,Civil Air Transport,,,, registration unknown, , ,,,,,Fatalities: 0 / Occupants: 5,Fatalities: 0 / Occupants: 0,,, Damaged beyond repair,,"Guangxi province (   China) 
", En route (ENR),Cargo,"Hong Kong-Kai Tak International Airport (HKG/VHHH), Hong Kong","Kunming-Wujiaba Airfield (KMG/ZPPP), China",,,Fatalities: 0 / Occupants: 5 
19491207-0,Final,Wednesday 7 December 1949,17:15,Douglas C-47A-1-DL (DC-3),California Arrow Airlines,,,, NC60256, 9201, 1943,7722,, 2 Pratt & Whitney R-1830-65,,Fatalities: 3 / Occupants: 3,Fatalities: 6 / Occupants: 6,,, Damaged beyond repair,,"10 km (6.3 mls) E of Vallejo, CA (   United States of America) 
", En route (ENR),Domestic Scheduled Passenger,"Oakland Municipal Airport, CA (OAK/KOAK), United States of America","Sacramento (unknown airport), CA, United States of America",,,Fatalities: 9 / Occupants: 9 
19491209-0,,Friday 9 December 1949,,Curtiss C-46D-20-CU Commando,Civil Air Transport,,,, XT-820, 22354, 1945,,,,,Fatalities:  / Occupants: ,Fatalities:  / Occupants: ,,, Damaged beyond repair,,"near Lanzhou (   China) 
", Unknown (UNK),Passenger,?,?,,,Fatalities: 38 / Occupants: 38 
19491209-1,,Friday 9 December 1949,,Douglas DC-3,Transporturile Aeriene Romano-Sovietice - TARS,,,, registration unknown, , ,,,,,Fatalities: 0 / Occupants: 5,Fatalities: 1 / Occupants: 20,,, None,,"Beograd-Dojno Polje Airport (   Serbia) 
", En route (ENR),Domestic Scheduled Passenger,"Sibiu Airport (SBZ/LRSB), Romania","Bucharest-Baneasa Airport (BBU/LRBS), Romania",,,Fatalities: 1 / Occupants: 25 
19491209-2,,Friday 9 December 1949,,Douglas C-47 (DC-3),Unknown,,,, registration unknown, , ,,,,,Fatalities:  / Occupants: ,Fatalities:  / Occupants: ,,, Missing, Presumed damaged beyond repair,"off Baja California (   Mexico) 
", En route (ENR),Cargo,"Punta Abreojos Airport (AJS), Mexico","Ensenada Airport (ESE/MMES), Mexico",,,Fatalities: 8 / Occupants: 8 
19491210-0,,Saturday 10 December 1949,,Curtiss C-46D-20-CU Commando,Civil Air Transport,,,, XT-814, 22347, 1945,,,,,Fatalities:  / Occupants: ,Fatalities:  / Occupants: ,,, Damaged beyond repair,,"Haikou (   China) 
", Unknown (UNK),Passenger,"Chengdu Airport (CTU/ZUUU), China","Haikou Airport (HAK/ZGHK), China",,,Fatalities: 17 / Occupants: 40 
19491212-0,Final,Monday 12 December 1949,20:41,Douglas DC-3-313A,Capital Airlines,,,, NC25691, 2256, 1940,27396,, 2 Wright R-1820-G102A,,Fatalities: 2 / Occupants: 3,Fatalities: 4 / Occupants: 20,,, Damaged beyond repair,,"0,6 km (0.4 mls) SE off  Washington-National Airport, DC (DCA) (   United States of America) 
", Approach (APR),Domestic Scheduled Passenger,"Newport News/Williamsburg International Airport, VA (PHF/KPHF), United States of America","Washington-National Airport, DC (DCA/KDCA), United States of America", 500,,Fatalities: 6 / Occupants: 23 
19491212-1,,Monday 12 December 1949,,Douglas C-53 (DC-3),Pakair,,,, AP-ADI, 4841, 1941,,,,,Fatalities: 4 / Occupants: 4,Fatalities: 22 / Occupants: 22,,, Damaged beyond repair,,"Jungshahi (   Pakistan) 
", En route (ENR),Domestic Scheduled Passenger,"Lahore Airport (LHE/OPLA), Pakistan","Karachi International Airport (KHI/OPKC), Pakistan",,,Fatalities: 26 / Occupants: 26 
19491216-0,,Friday 16 December 1949,ca 06:00,Douglas DC-3A,Mexicana de Aviación,,,, XA-DUK, 11721, 1943,,,,,Fatalities: 4 / Occupants: 4,Fatalities: 13 / Occupants: 13,,, Damaged beyond repair,,"Orizaba (   Mexico) 
", En route (ENR),Domestic Scheduled Passenger,"Mexico City International Airport (MEX/MMMX), Mexico","Mérida-Rejon Airport (MID/MMMD), Mexico",,,Fatalities: 17 / Occupants: 17 
19491216-1,,Friday 16 December 1949,,unknown,LOT Polskie Linie Lotnicze,,,, registration unknown, , ,,,,,Fatalities: 0 / Occupants: 3,Fatalities: 0 / Occupants: 15,,, None,,"Bornholm-Rønne Airport (RNN) (   Denmark) 
", En route (ENR),Domestic Scheduled Passenger,"Lódz-Lublinek Airport (LCJ/EPLL), Poland","Gdansk-Wrzeszcz Airport, Poland",,,Fatalities: 0 / Occupants: 18 
19491218-0,,Sunday 18 December 1949,ca 20:30,Douglas C-47A-60-DL (DC-3),Sabena,,,, OO-AUQ, 10241, 1943,,, 2 Pratt & Whitney R-1830-92,,Fatalities: 4 / Occupants: 4,Fatalities: 4 / Occupants: 4,,, Damaged beyond repair,,"Aulnay-sous-Bois (   France) 
", En route (ENR),International Scheduled Passenger,"Paris-Le Bourget Airport (LBG/LFPB), France","Brussel-Nationaal Airport (BRU/EBBR), Belgium",,,Fatalities: 8 / Occupants: 8 
19491218-1,Final,Sunday 18 December 1949,08:17,Lockheed L-049-46 Constellation,Transcontinental & Western Air - TWA,,,, NC86501, 2022, 1945,9512,,,,Fatalities: 0 / Occupants: 5,Fatalities: 0 / Occupants: 26,,, Substantial, Repaired,"Chicago Municipal Airport, IL (MDW) (   United States of America) 
", Landing (LDG),Domestic Scheduled Passenger,"San Francisco International Airport, CA (SFO/KSFO), United States of America","Chicago-Midway Airport, IL (MDW/KMDW), United States of America", 154,,Fatalities: 0 / Occupants: 31 
19491219-0,,Monday 19 December 1949,,Douglas C-47A-30-DK Dakota III,Aerovias Brasil,,,, PP-AXG, 25295/13850, 1944,,,,,Fatalities: 3 / Occupants: 3,Fatalities: 3 / Occupants: 3,,, Missing, Presumed damaged beyond repair,"near Vitoria, ES (   Brazil) 
", Unknown (UNK),Training,"Vitória-Goiabeiras Airport, ES (VIX/SBVT), Brazil","Vitória-Goiabeiras Airport, ES (VIX/SBVT), Brazil",,,Fatalities: 6 / Occupants: 6 
19491221-0,,Wednesday 21 December 1949,,Douglas C-47A-1-DK (DC-3),Air Ceylon,,,, VP-CAT, 11927, 1943,,, 2 Pratt & Whitney R-1830-92,,Fatalities: 0 / Occupants: 3,Fatalities: 0 / Occupants: 21,,, Damaged beyond repair,,"Tiruchirappalli-Civil Airport (TRZ) (   India) 
", Landing (LDG),Domestic Scheduled Passenger,"Jaffna-Kankesanturai Airport (JAF/VCCJ), Sri Lanka","Tiruchirappalli-Civil Airport (TRZ/VOTR), India",,,Fatalities: 0 / Occupants: 24 
19491222-0,,Thursday 22 December 1949,,Douglas R4D-7 (DC-3),United States Navy,,,, 39101, 32802/16054, 1945,,,,,Fatalities: 0 / Occupants: ,Fatalities: 0 / Occupants: ,,, Damaged beyond repair,,"near Edenton MCAS, NC (   United States of America) 
", En route (ENR),Military,"Cherry Point MCAS, NC (KNKT), United States of America",?,,,Fatalities: 0 / Occupants:  
19491223-0,,Friday 23 December 1949,06:55,Avro 691 Lancastrian C.3,Alitalia,,,, I-AHBX, 1292, ,,,,,Fatalities: 0 / Occupants: ,Fatalities: 0 / Occupants: ,,, Damaged beyond repair,,"Dakar-Yoff Airport (DKR) (   Senegal) 
", Landing (LDG),International Scheduled Passenger,"Dakar-Yoff Airport (DKR/GOOY), Senegal","Roma (unknown airport), Italy",,,Fatalities: 0 / Occupants: 13 
19491230-0,,Friday 30 December 1949,,Douglas C-54A-DO (DC-4),Bharat Airways,,,, VT-CYK, 3089, 1943,,,,,Fatalities: 0 / Occupants: 3,Fatalities: 0 / Occupants: 0,Fatalities: 7,, Damaged beyond repair,,"Comilla (   Bangladesh) 
", Unknown (UNK),Cargo,"Agartala-Singerbhil Airport (IXA/VEAT), India","Calcutta Airport (CCU/VECC), India",,,Fatalities: 0 / Occupants: 3 
19491230-1,,Friday 30 December 1949,05:30,Lisunov Li-2,"Aeroflot, Moscow Civil Aviation Directorate",,,, CCCP-L4704, 18431304, 1948,1194,,,,Fatalities: 2 / Occupants: 5,Fatalities: 1 / Occupants: 1,,, Damaged beyond repair,,"8,5 km (5.3 mls) SE of Sverdlovsk-Koltsovo Airport (SVX) (   Russia) 
", Initial climb (ICL),Cargo,"Sverdlovsk-Koltsovo Airport (SVX/USSS), Russia","Omsk Airport (OMS/UNOO), Russia",,,Fatalities: 3 / Occupants: 6 
19499999-0,,XX XXX 1949,,Lisunov Li-2P,Maszovlet,,,, HA-LIE, 18423510, ,,,,,Fatalities: 0 / Occupants: ,Fatalities: 0 / Occupants: ,,, Damaged beyond repair,,"München-Riem Airport (MUC) (   Germany) 
", Unknown (UNK),Illegal Flight,?,-,,,Fatalities: 0 / Occupants:  
19490530-0,,Monday 30 May 1949,,Douglas R5D-3 (C-54D),United States Navy,,,, 56532, 22152, 1945,,,,,Fatalities: 0 / Occupants: ,Fatalities: 0 / Occupants: ,,, Damaged beyond repair,,"Stephenville-Ernest Harmon AFB, NL (YJT) (   Canada) 
", Landing (LDG),Military,?,"Stephenville-Ernest Harmon AFB, NL (YJT/CYJT), Canada",,,Fatalities: 0 / Occupants:  
19490602-0,,Thursday 2 June 1949,,Curtiss C-46,Central Air Transport,,,, XT-520, , ,,,,,Fatalities: 3 / Occupants: 3,Fatalities: 0 / Occupants: 0,,, Damaged beyond repair,,"320 km (200 mls) N of Chongqing (   China) 
", Unknown (UNK),Unknown,"Guangzhou-Baiyun Airport (CAN/ZGGG), China","Chongqing-Jiangbei International Airport (CKG/ZUCK), China",,,Fatalities: 3 / Occupants: 3 
19490603-0,,Friday 3 June 1949,,Curtiss C-46D-15-CU Commando,RANSA - Rutas Aéreas Nacionales SA,,,, YV-C-ARE, 33483, 1945,,,,,Fatalities: 0 / Occupants: 3,Fatalities: 0 / Occupants: 0,,, Damaged beyond repair,,"Miami International Airport, FL (MIA) (   United States of America) 
", Initial climb (ICL),Unknown,"Miami International Airport, FL (MIA/KMIA), United States of America","Caracas Airport (CCS/SVMI), Venezuela",,,Fatalities: 0 / Occupants: 3 
19490606-0,,Monday 6 June 1949,,Douglas C-47A-1-DK (DC-3),Technical and Aeronautical Exploitations - TAE,,,, SX-BAI, 12162, 1943,,, 2 Pratt & Whitney R-1830-92,,Fatalities: 4 / Occupants: 4,Fatalities: 18 / Occupants: 18,,, Damaged beyond repair,,"30 km (18.8 mls) NE of Athens (   Greece) 
", En route (ENR),Domestic Scheduled Passenger,"Kavala-Megas Alexandros Airport (KVA/LGKV), Greece","Athens-Hassani Airport (ATH/LGAT), Greece",,,Fatalities: 22 / Occupants: 22 
19490606-1,,Monday 6 June 1949,ca 14:00,Douglas C-47B-50-DK (DC-3),Força Aérea Brasileira - FAB,,,, 2023, 34365/17098, 1945,,, 2 Pratt & Whitney R-1830-90C,,Fatalities: 6 / Occupants: 6,Fatalities: 22 / Occupants: 22,,, Damaged beyond repair,,"ca 20 km E of Florianópolis, SC (   Brazil) 
", En route (ENR),Military,"Florianópolis Air Force Base, SC (FLN/SBFL), Brazil","Porto Alegre-Canoas Air Base, RS (SBCO), Brazil",,,Fatalities: 28 / Occupants: 28 
19490607-0,Final,Tuesday 7 June 1949,00:25,Curtiss C-46D-5-CU Commando,Strato-Freight,,,, NC92857, 30506, 1944,2002,, 2 Pratt & Whitney R-2800-51,,Fatalities: 1 / Occupants: 6,Fatalities: 52 / Occupants: 75,,, Damaged beyond repair,,"10 km (6.3 mls) W off  San Juan-Isla Grande Airport (SIG) (   Puerto Rico) 
", Initial climb (ICL),Domestic Non Scheduled Passenger,"San Juan-Isla Grande Airport (SIG/TJIG), Puerto Rico","Miami (unknown airport), FL, United States of America",,,Fatalities: 53 / Occupants: 81 
19490609-1,,Thursday 9 June 1949,,Canadian Vickers PBV-1A Canso (PBY-5A),Canadian Pacific Air Lines - CPAL,,,, CF-CRQ, CV-256, 1943,,,,,Fatalities:  / Occupants: ,Fatalities:  / Occupants: ,,, Damaged beyond repair,,"Osisko Lake, QC (   Canada) 
", Unknown (UNK),Unknown,?,?,,,Fatalities:  / Occupants:  
19490613-0,,Monday 13 June 1949,,Douglas R4D-6 (DC-3),United States Navy,,,, 17279, 25924/14479, 1944,,,,,Fatalities:  / Occupants: ,Fatalities:  / Occupants: ,,, Damaged beyond repair,,"7,5 km (4.7 mls) from  Santa Monica, CA (   United States of America) 
", En route (ENR),Military,"Mountain View-Moffett Field, CA (NUQ/KNUQ), United States of America","Santa Monica-Clover Field, CA (SMO/KSMO), United States of America",,,Fatalities: 7 / Occupants: 7 
19490613-1,,Monday 13 June 1949,,Douglas DC-3,El Al Israel Airlines,,,, registration unknown, , ,,,,,Fatalities: 0 / Occupants: 2,Fatalities: 0 / Occupants: 8,,, Damaged beyond repair,,"Kolunda (   Israel) 
", Landing (LDG),Passenger,?,Kolunda,,,Fatalities: 0 / Occupants: 10 
19490619-0,,Sunday 19 June 1949,,Avro 685 York C.1,Skyways,,,, G-ALBX, PC4494, 1945,,, 4 Rolls-Royce Merlin,,Fatalities: 0 / Occupants: 3,Fatalities: 0 / Occupants: 0,,, Damaged beyond repair,,"Neustadt (   Germany) 
", En route (ENR),Unknown,?,?,,,Fatalities: 0 / Occupants: 3 
19490619-1,,Sunday 19 June 1949,,Consolidated PBY-5 Catalina,La Legión Caribe,,,, N1096M, 56, ,,,,,Fatalities: 4 / Occupants: ,Fatalities: 0 / Occupants: ,,, Damaged beyond repair,,"off Luperón (   Dominican Republic) 
", Taxi (TXI),Military,?,?,,,Fatalities: 4 / Occupants:  
19490622-0,Final,Wednesday 22 June 1949,13:13,Convair CV-240-0,American Airlines,,,, N94266, 139, 1949,,, 2 Pratt & Whitney R-2800,,Fatalities: 0 / Occupants: 3,Fatalities: 0 / Occupants: 41,,, Damaged beyond repair,,"5,6 km (3.5 mls) ENE of Memphis Municipal Airport, TN (MEM) (   United States of America) 
", Takeoff (TOF),Domestic Scheduled Passenger,"Memphis Municipal Airport, TN (MEM/KMEM), United States of America","Washington-National Airport, DC (DCA/KDCA), United States of America",AA402,,Fatalities: 0 / Occupants: 44 
19490622-2,,Wednesday 22 June 1949,,Douglas C-47B-1-DK (DC-3),L'Armée de L'Air,,,, 348283, 25544/14099, 1944,,,,,Fatalities:  / Occupants: ,Fatalities:  / Occupants: ,,, Damaged beyond repair,,"unknown (   Unknown country) 
", Unknown (UNK),Military,?,?,,,Fatalities:  / Occupants:  
19490623-0,,Thursday 23 June 1949,10:55,Lockheed L-749-79-33 Constellation,KLM Royal Dutch Airlines,,,, PH-TER, 2541, 1947,,, 4 Wright R-3350 (749C18BD1) Cyclone,,Fatalities: 11 / Occupants: 11,Fatalities: 22 / Occupants: 22,,, Destroyed, Written off (damaged beyond repair),"1,5 km (0.9 mls) off  Bari (   Italy) 
", En route (ENR),International Scheduled Passenger,"Cairo International Airport (CAI/HECA), Egypt","Amsterdam-Schiphol International Airport (AMS/EHAM), Netherlands",,,Fatalities: 33 / Occupants: 33 
19490624-0,,Friday 24 June 1949,,Boeing-Canada Catalina IVB (PBY-5A),,Qantas,,Royal Australian Air Force - RAAF, VH-EAX, 61186, ,,,,,Fatalities: 0 / Occupants: ,Fatalities: 0 / Occupants: ,,, Damaged beyond repair,,"Lord Howe Island (   Australia) 
", Unknown (UNK),Unknown,?,?,,,Fatalities: 0 / Occupants:  
19490624-1,,Friday 24 June 1949,,Douglas R5D-4 (C-54E),United States Navy,,,, 90400, 27306, 1945,,,,,Fatalities: 0 / Occupants: ,Fatalities: 0 / Occupants: ,,, Damaged beyond repair,,"Stephenville-Ernest Harmon AFB, NL (YJT) (   Canada) 
", Landing (LDG),Military,?,"Stephenville-Ernest Harmon AFB, NL (YJT/CYJT), Canada",,,Fatalities: 0 / Occupants:  
19490625-0,,Saturday 25 June 1949,,Douglas C-54E-1-DO Skymaster (DC-4),United States Air Force - USAF,,,, 44-9050, 27276, ,,,,,Fatalities: 0 / Occupants: 3,Fatalities: 0 / Occupants: 0,,, Damaged beyond repair,,"Berlin-Tempelhof Airport (THF) (   Germany) 
", Landing (LDG),Military,"Frankfurt-Rhein-Main AFB (FRF/EDAF), Germany","Berlin-Tempelhof Airport (THF/EDDI), Germany",,,Fatalities: 0 / Occupants: 3 
19490626-0,,Sunday 26 June 1949,,Avro 691 Lancastrian C.4,Skyways,,,, G-AKFH, R3LB.485422, ,,,,,Fatalities: 0 / Occupants: 3,Fatalities: 0 / Occupants: 0,,, Damaged beyond repair,,"Berlin-R.A.F. Gatow Airport (GWW) (   Germany) 
", Landing (LDG),Cargo,?,"Berlin-R.A.F. Gatow Airport (GWW/EDBG), Germany",,,Fatalities: 0 / Occupants: 3 
19490626-1,,Sunday 26 June 1949,,Curtiss C-46A-50-CU Commando,Heyl Ha'Avir (Israeli Air Force),,,, 4X-ACG, 30575, 1945,,, 2 Pratt & Whitney R-2800-51,,Fatalities: 0 / Occupants: ,Fatalities: 0 / Occupants: ,,, Destroyed, Written off (damaged beyond repair),"Avraham (   Israel) 
", Initial climb (ICL),Military,?,?,,,Fatalities: 0 / Occupants: 13 
19490702-0,,Saturday 2 July 1949,02:13,Douglas C-47A-20-DL (DC-3),MacRobertson Miller Airlines,,,, VH-MME, 9350, 1943,,, 2 Pratt & Whitney R-1830-92,,Fatalities: 4 / Occupants: 4,Fatalities: 14 / Occupants: 14,,, Damaged beyond repair,,"near Guildford Airport, WA (PER) (   Australia) 
", Initial climb (ICL),Domestic Scheduled Passenger,"Guildford Airport, WA (PER/YPPH), Australia","Darwin Airport, NT (DRW/YPDN), Australia",,,Fatalities: 18 / Occupants: 18 
19490702-1,,Saturday 2 July 1949,,Douglas Dakota IV (DC-3),Royal Air Force - RAF,,,, KN303, 32556/15808, 1945,,, 2 Pratt & Whitney R-1830-90C,,Fatalities: 0 / Occupants: ,Fatalities: 0 / Occupants: ,,, Damaged beyond repair,,"Singapore-Seletar Airport (XSP) (   Singapore) 
", Standing (STD),Military,?,?,,,Fatalities: 0 / Occupants:  
19490709-0,,Saturday 9 July 1949,,Lockheed 18-56-23 Lodestar,Fairbanks Morse and Company,,,, NC10000, 18-2569, 1943,,,,,Fatalities: 2 / Occupants: 2,Fatalities: 1 / Occupants: 2,,, Destroyed, Written off (damaged beyond repair),"1,6 km (1 mls) W of Roanoke, IL (   United States of America) 
", En route (ENR),Executive,"Chicago (unknown airport), IL, United States of America","Saint Louis-Lambert International Airport, MO (STL/KSTL), United States of America",,,Fatalities: 3 / Occupants: 4 
19490709-1,,Saturday 9 July 1949,,Junkers Ju-52,Aéronavale,,,, 1036/32 S-1, , ,,,,,Fatalities:  / Occupants: ,Fatalities:  / Occupants: ,,, Damaged beyond repair,,"off Zaouit Massa (   Morocco) 
", En route (ENR),Military,?,"Dakar-Yoff Airport (DKR/GOOY), Senegal",,,Fatalities: 18 / Occupants: 18 
19490711-0,,Monday 11 July 1949,,Douglas C-47A-40-DL (DC-3),Hong Kong Airways,,,, VR-HDQ, 9863, 1943,,, 2 Pratt & Whitney R-1830-92,,Fatalities: 0 / Occupants: 3,Fatalities: 0 / Occupants: 8,,, Damaged beyond repair,,"Hong Kong-Kai Tak International Airport (HKG) (   Hong Kong) 
", Takeoff (TOF),International Scheduled Passenger,"Hong Kong-Kai Tak International Airport (HKG/VHHH), Hong Kong","Guangzhou Airport (CAN/ZGGG), China",,,Fatalities: 0 / Occupants: 11 
19490712-0,Final,Tuesday 12 July 1949,07:43,Curtiss C-46E-1-CS Commando,Standard Airlines,,,, N79978,  2936, 1945,1515,, 2 Pratt & Whitney R-2800-75-5E-8,,Fatalities: 3 / Occupants: 4,Fatalities: 32 / Occupants: 44,,, Damaged beyond repair,,"near Chatsworth, CA (   United States of America) 
", Approach (APR),Domestic Scheduled Passenger,"Albuquerque Municipal Airport, NM (ABQ/KABQ), United States of America","Hollywood-Lockheed Air Terminal, CA (BUR/KBUR), United States of America", 897R,,Fatalities: 35 / Occupants: 48 
19490712-1,Final,Tuesday 12 July 1949,03:50 UTC,Lockheed L-749-79-33 Constellation,KLM Royal Dutch Airlines,,,, PH-TDF, 2558, 1947,3381,, 4 Wright R-3350 (749C18BD1) Cyclone,,Fatalities: 11 / Occupants: 11,Fatalities: 34 / Occupants: 34,,, Destroyed, Written off (damaged beyond repair),"5 km (3.1 mls) ENE of Bombay-Santacruz Airport (BOM) (   India) 
", Approach (APR),Int'l Non Scheduled Passenger,"Delhi-Palam Airport (DEL/VIDP), India","Bombay-Santacruz Airport (BOM/VABB), India",,,Fatalities: 45 / Occupants: 45 
19490712-2,,Tuesday 12 July 1949,01:17,Douglas C-54D-1-DC (DC-4),United States Air Force - USAF,,,, 42-72476, 10581, 1945,,,,,Fatalities: 3 / Occupants: 3,Fatalities: 0 / Occupants: 0,,, Damaged beyond repair,,"19 km (11.9 mls) W of Rathenow (   Germany) 
", En route (ENR),Military,"Celle RAF Station (ZCN/ETHC), Germany","Berlin-R.A.F. Gatow Airport (GWW/EDBG), Germany",,,Fatalities: 3 / Occupants: 3 
19490714-0,,Thursday 14 July 1949,,Fairchild EC-82A Packet,United States Air Force - USAF,,,, 44-23014, 10058, 1946,,,,,Fatalities: 1 / Occupants: 6,Fatalities: 0 / Occupants: 0,,, Damaged beyond repair,,"Dayton-Wright Patterson AFB, OH (FFO) (   United States of America) 
", Takeoff (TOF),Military,"Dayton-Wright Patterson AFB, OH (FFO/KFFO), United States of America",?,,,Fatalities: 1 / Occupants: 6 
19490714-2,,Thursday 14 July 1949,,Douglas C-47A-1-DK (DC-3),United States Air Force - USAF,,,, 42-92095, 11857, 1943,,,,,Fatalities:  / Occupants: ,Fatalities:  / Occupants: ,,, Damaged beyond repair,,"Chicago, IL (   United States of America) 
", Unknown (UNK),Military,?,?,,,Fatalities:  / Occupants:  
19490716-0,,Saturday 16 July 1949,,Handley Page Hastings C.1,Royal Air Force - RAF,,,, TG611, HP67/89, ,,,,,Fatalities: 5 / Occupants: 5,Fatalities: 0 / Occupants: 0,,, Damaged beyond repair,,"Berlin-Tegel Airport (TXL) (   Germany) 
", Takeoff (TOF),Military,"Berlin-Tegel Airport (TXL/EDDT), Germany",?,,,Fatalities: 5 / Occupants: 5 
19490716-1,,Saturday 16 July 1949,,Douglas C-47B-10-DK (DC-3),L'Armée de L'Air,,,, 349050, 26311/14866, 1944,,,,,Fatalities:  / Occupants: ,Fatalities:  / Occupants: ,,, Damaged beyond repair,,"near Mersa Matruh (   Egypt) 
", Unknown (UNK),Military,?,"Nicosia Airport (NIC/LCNC), Cyprus",,,Fatalities: 9 / Occupants: 9 
19490719-0,Final,Tuesday 19 July 1949,21:01,Curtiss C-46F-1-CU Commando,Air Transport Associates,,,, N5075N, 22463, 1945,255,, 2 Pratt & Whitney R-2800-75,,Fatalities: 0 / Occupants: 4,Fatalities: 2 / Occupants: 28,Fatalities: 1,, Damaged beyond repair,,"Seattle-Boeing Field International Airport, WA (BFI) (   United States of America) 
", Takeoff (TOF),Domestic Non Scheduled Passenger,"Seattle-Boeing Field International Airport, WA (BFI/KBFI), United States of America","Chicago (unknown airport), IL, United States of America",,,Fatalities: 2 / Occupants: 32 
19490721-0,,Thursday 21 July 1949,11:35,Ilyushin Il-12P,"Aeroflot, Moscow Civil Aviation Directorate",,,, CCCP-L1714, 83012811, 1948,,,,,Fatalities: 5 / Occupants: 6,Fatalities: 8 / Occupants: 8,,, Damaged beyond repair,,"near Marga, Nizhneudinsk district, Irkutsk region (   Russia) 
", En route (ENR),Domestic Scheduled Passenger,"Krasnoyarsk Airport (KJA/UNKL), Russia","Irkutsk Airport (IKT/UIII), Russia",,,Fatalities: 13 / Occupants: 14 
19490722-0,,Friday 22 July 1949,20:55,Consolidated PBY-5 Catalina,Aéronavale,,,, 46564/22-S3, , ,,,,,Fatalities:  / Occupants: ,Fatalities:  / Occupants: ,,, Damaged beyond repair,,"off Agadir (   Morocco) 
", Unknown (UNK),Military,?,?,,,Fatalities: 17 / Occupants: 17 
19490730-0,Final,Saturday 30 July 1949,10:30,Douglas DC-3-201D,Eastern Air Lines,,,, NC19963, 2260, 1940,37840,,,,Fatalities: 3 / Occupants: 3,Fatalities: 12 / Occupants: 12,,Fatalities: 1, Damaged beyond repair,,"Chesterfield, NJ (   United States of America) 
", En route (ENR),Domestic Scheduled Passenger,"New York-La Guardia Airport, NY (LGA/KLGA), United States of America","Wilmington Airport, DE (ILG/KILG), United States of America",EA557,,Fatalities: 15 / Occupants: 15 
19490730-1,,Saturday 30 July 1949,,Avro 685 York C.1,Royal Air Force - RAF,,,, MW145, , ,,, 4 Rolls-Royce Merlin,,Fatalities: 0 / Occupants: ,Fatalities: 0 / Occupants: ,,, Damaged beyond repair,,"Wunstorf RAF Station (   Germany) 
", Takeoff (TOF),Military,"Wunstorf RAF Station, Germany",?,,,Fatalities: 0 / Occupants:  
19490801-0,,Monday 1 August 1949,,Lisunov Li-2,"Aeroflot, Northern Civil Aviation Directorate",,,, CCCP-L4354, 18428402 ?, ,,,,,Fatalities: 2 / Occupants: 4,Fatalities: 0 / Occupants: 4,,, Damaged beyond repair,,"near Naberezhniye Chelny (   Russia) 
", En route (ENR),Domestic Scheduled Passenger,"Yanaul, Russia","Kazan Airport (KZN/UWKD), Russia",,,Fatalities: 2 / Occupants: 8 
19490802-0,,Tuesday 2 August 1949,,Curtiss C-46D-10-CU Commando,Varig,,,, PP-VBI, 33100, 1945,,,,,Fatalities: 1 / Occupants: 6,Fatalities: 4 / Occupants: 30,,, Damaged beyond repair,,"Jaquirana, RS (   Brazil) 
", En route (ENR),Domestic Scheduled Passenger,"São Paulo-Congonhas Airport, SP (CGH/SBSP), Brazil","Porto Alegre Airport, RS (POA/SBPA), Brazil",,,Fatalities: 5 / Occupants: 36 
19490803-0,,Wednesday 3 August 1949,,Douglas C-47A-45-DL (DC-3),Linhas Aéreas Brasileiras,,,, PP-AJB, 9971, 1943,,, 2 Pratt & Whitney R-1830-92,,Fatalities: 0 / Occupants: 4,Fatalities: 0 / Occupants: 11,,, Damaged beyond repair,,"off Joinville, SC (   Brazil) 
", Unknown (UNK),Domestic Scheduled Passenger,"Curitiba (unknown airport), PR, Brazil","Joinville-Cubatao Airport, SC (JOI/SBJV), Brazil",,,Fatalities: 0 / Occupants: 15 
19490806-0,,Saturday 6 August 1949,,Bristol 170 Freighter 21,Shell Company of Ecuador,,,, HC-SBU, 12739, 1946,,,,,Fatalities: 3 / Occupants: 3,Fatalities: 31 / Occupants: 31,,, Damaged beyond repair,,"near Salasaca Hill (   Ecuador) 
", Unknown (UNK),Domestic Non Scheduled Passenger,"Pastaza-Shell Mera Airport (PTZ/SESM), Ecuador","Ambato-Chachoan Airport (ATF/SEAM), Ecuador",,,Fatalities: 34 / Occupants: 34 
19490807-0,Final,Sunday 7 August 1949,17:09,Douglas DC-3A,Capital Airlines,,,, NC45379, 11776, 1943,12617,,,,Fatalities: 0 / Occupants: 3,Fatalities: 0 / Occupants: 20,,Fatalities: 1, Substantial, Repaired,"Milwaukee, WI (   United States of America) 
", Approach (APR),Domestic Scheduled Passenger,"Muskegon Airport, MI (MKG/KMKG), United States of America","Milwaukee-General Mitchell Airport, WI (MKE/KMKE), United States of America",  19,,Fatalities: 0 / Occupants: 23 
19490809-0,,Tuesday 9 August 1949,,Douglas Dakota IV (DC-3),Royal Air Force - RAF,,,, KN336, 32649/15901, 1945,,, 2 Pratt & Whitney R-1830-90C,,Fatalities:  / Occupants: ,Fatalities:  / Occupants: ,,, Damaged beyond repair,,"near Salalah Airport (SLL) (   Oman) 
", Approach (APR),Military,?,"Salalah Airport (SLL/OOSA), Oman",,,Fatalities: 12 / Occupants: 12 
19490810-0,,Wednesday 10 August 1949,,Curtiss C-46A-60-CK Commando,Lloyd Aéreo Boliviano - LAB,,,, CB-37,   433, 1945,,, 2 Pratt & Whitney R-2800-51,,Fatalities:  / Occupants: ,Fatalities:  / Occupants: ,,, Damaged beyond repair,,"Rurrenabaque (   Bolivia) 
", Unknown (UNK),Unknown,?,?,,,Fatalities:  / Occupants:  
19490811-0,Final,Thursday 11 August 1949,21:17,Convair CV-240-13,Northeast Airlines,,,, NC91241, 161, 1949,506,,,,Fatalities: 0 / Occupants: 3,Fatalities: 0 / Occupants: 25,,, Damaged beyond repair,,"Portland Airport, ME (PWM) (   United States of America) 
", Landing (LDG),Domestic Scheduled Passenger,"Boston Commonwealth Airport, MA (BOS/KBOS), United States of America","Portland Airport, ME (PWM/KPWM), United States of America", 812A,,Fatalities: 0 / Occupants: 28 
19490813-0,,Saturday 13 August 1949,,Douglas C-47 (DC-3),Sociedad Aeronautica del Tolima S.A. - SAETA,,,, HK-1200, , ,,,,,Fatalities: 3 / Occupants: 3,Fatalities: 29 / Occupants: 29,,, Damaged beyond repair,,"near Bojacá (   Colombia) 
", En route (ENR),Domestic Scheduled Passenger,"Bogotá-Techo Airport, Colombia","Ibagué-Perales Airport (IBE/SKIB), Colombia",,,Fatalities: 32 / Occupants: 32 
19490814-1,,Sunday 14 August 1949,,Douglas C-47A-25-DK (DC-3),Türk Hava Kuvvetleri (Turkish Air Force),,,, 6063, 13737, 1944,,, 2 Pratt & Whitney R-1830-92,,Fatalities: 3 / Occupants: 3,Fatalities: 4 / Occupants: 4,,, Damaged beyond repair,,"near Ankara (   Turkey) 
", Initial climb (ICL),Military,"Ankara-Etimesgut Airport (ANK/LTAD), Turkey","Izmir Airport, Turkey",,,Fatalities: 7 / Occupants: 7 
19490815-0,Final,Monday 15 August 1949,02:40,Douglas C-54A-DO (DC-4),Transocean Air Lines,,,, N79998, 3076, 1943,,, 4 Pratt & Whitney R-2000,,Fatalities: 1 / Occupants: 9,Fatalities: 7 / Occupants: 49,,, Damaged beyond repair,,"13 km (8.1 mls) NW off  Lurga Point (   Ireland) 
", En route (ENR),Int'l Non Scheduled Passenger,"Roma-Ciampino Airport (CIA/LIRA), Italy","Shannon Airport (SNN/EINN), Ireland",,,Fatalities: 8 / Occupants: 58 
19490815-1,,Monday 15 August 1949,,Lockheed 18-56-23 Lodestar,Heyl Ha'Avir (Israeli Air Force),,,, 4X-ACL, 18-2486, 1943,,,,,Fatalities:  / Occupants: ,Fatalities:  / Occupants: ,,, Damaged beyond repair,,"near Paris (   France) 
", Unknown (UNK),Military,?,?,,,Fatalities:  / Occupants:  
19490816-0,,Tuesday 16 August 1949,,Ford 5-AT-C Tri-Motor,Lineas Aéreas Guerrero Oaxaca (LAGOSA),,,, XA-GIJ, 5-AT-75, 1929-08-23  (20 years),,, 3 Pratt & Whitney R-1340 Wasp,,Fatalities: 0 / Occupants: 2,Fatalities: 0 / Occupants: 0,,, Damaged beyond repair,,"Putla (   Mexico) 
", Takeoff (TOF),Cargo,"Putla Airport, Mexico",?,,,Fatalities: 0 / Occupants: 2 
19490816-1,,Tuesday 16 August 1949,,Avro Canada C102 Jetliner,Avro Canada,,,, CF-EJD-X, 1, 1949-08-10  (),,, 4 Rolls-Royce Derwent 5/17,,Fatalities: 0 / Occupants: ,Fatalities: 0 / Occupants: 0,,, Substantial, Repaired,"Toronto-Malton Airport, ON (YYZ) (   Canada) 
", Landing (LDG),Test,"Toronto-Malton Airport, ON (YYZ/CYYZ), Canada","Toronto-Malton Airport, ON (YYZ/CYYZ), Canada",,,Fatalities: 0 / Occupants:  
19490819-0,,Friday 19 August 1949,13:02,Douglas Dakota III (DC-3),British European Airways - BEA,,,, G-AHCY, 12355, 1944,,, 2 Pratt & Whitney R-1830-92,,Fatalities: 3 / Occupants: 3,Fatalities: 21 / Occupants: 29,,, Damaged beyond repair,,"24 km (15 mls) NE of Manchester-Ringway Airport (MAN) (   United Kingdom) 
", En route (ENR),Domestic Scheduled Passenger,"Belfast-Nutts Corner Airport, United Kingdom","Manchester-Ringway Airport (MAN/EGCC), United Kingdom",,,Fatalities: 24 / Occupants: 32 
19490820-0,,Saturday 20 August 1949,17:30,Ilyushin Il-12,Aeroflot / Georgia,,,, CCCP-L1434, 30266, 1948,553,,,,Fatalities: 3 / Occupants: 5,Fatalities: 5 / Occupants: 6,,, Damaged beyond repair,,"near Polukotelnikovo, Kursk region (   Russia) 
", En route (ENR),Domestic Scheduled Passenger,"Kharkov Airport (HRK/UKHH), Ukraine","Moskva (unknown airport), Russia",,,Fatalities: 8 / Occupants: 11 
19490821-0,,Sunday 21 August 1949,,Amiot AAC.1 (Junkers Ju-52),Compagnie Aérienne de Transports Indochinois - CATI,,,, F-BANQ, AAC151, ,,,,,Fatalities: 2 / Occupants: ,Fatalities: 1 / Occupants: ,,, Damaged beyond repair,,"Lao Kay (   Vietnam) 
", Approach (APR),Unknown,?,?,,,Fatalities: 3 / Occupants:  
19490821-1,,Sunday 21 August 1949,,Canadian Vickers PBV-1A Canso A (PBY-5A),Royal Canadian Air Force - RCAF,,,, 11057, CV-363, 1944,,,,,Fatalities: 7 / Occupants: 7,Fatalities: 14 / Occupants: 14,,, Damaged beyond repair,,"Bigstone Lake, MB (   Canada) 
", En route (ENR),Military,"Churchill Airport, MB (YYQ/CYYQ), Canada","Winnipeg International Airport, MB (YWG/CYWG), Canada",,,Fatalities: 21 / Occupants: 21 
19490822-0,,Monday 22 August 1949,,Douglas C-47A-75-DL (DC-3),Société de Transports Aériens Alpes Provence-STAAP,,,, F-BEFK, 19471, 1944,,, 2 Pratt & Whitney R-1830-92,,Fatalities: 1 / Occupants: 4,Fatalities: 0 / Occupants: 0,,, Damaged beyond repair,,"near Laghouat (   Algeria) 
", Unknown (UNK),Unknown,"Algiers-Maison Blanche Airport (ALG/DAAG), Algeria","Gao Airport (GAQ/GAGO), Mali",,,Fatalities: 1 / Occupants: 4 
19490825-0,,Thursday 25 August 1949,05:14,Ilyushin Il-12P,"Aeroflot, International Civil Aviation Directorate",,,, CCCP-L1844, 93013514, 1949,92,,,,Fatalities: 5 / Occupants: 5,Fatalities: 9 / Occupants: 9,,, Damaged beyond repair,,"31 km (19.4 mls) S of Kabansk (   Russia) 
", En route (ENR),Domestic Non Scheduled Passenger,"Krasnoyarsk Airport (KJA/UNKL), Russia","Chita Airport (HTA/UIAA), Russia",,,Fatalities: 14 / Occupants: 14 
19490827-0,,Saturday 27 August 1949,,Douglas C-47B-5-DK (DC-3),Sabena,,,, OO-CBK, 26045/14600, 1944,,, 2 Pratt & Whitney R-1830-90C,,Fatalities: 3 / Occupants: 3,Fatalities: 2 / Occupants: 17,,, Damaged beyond repair,,"Léopoldville (   Democratic Republic of the Congo) 
", Initial climb (ICL),Domestic Scheduled Passenger,"Léopoldville-N'Djili Airport (FIH/FZAA), Democratic Republic of the Congo","Elizabethville Airport (FBM/FZQA), Democratic Republic of the Congo",,,Fatalities: 5 / Occupants: 20 
19490827-1,,Saturday 27 August 1949,,Boeing-Canada Catalina IVB (PBY-5A),,Qantas,,Royal Australian Air Force - RAAF, VH-EAW, 61159, ,,,,,Fatalities:  / Occupants: ,Fatalities:  / Occupants: ,,, Damaged beyond repair,,"Rose Bay, Sydney, NSW (   Australia) 
", Unknown (UNK),Unknown,?,?,,,Fatalities:  / Occupants:  
19490828-1,,Sunday 28 August 1949,,Douglas C-47 (DC-3),Lloyd Aéreo Boliviano - LAB,,,, CB-33, , ,,,,,Fatalities: 0 / Occupants: 0,Fatalities: 0 / Occupants: 0,,, Damaged beyond repair,,"Cochabamba Airport (CBB) (   Bolivia) 
", Standing (STD),-,-,-,,,Fatalities: 0 / Occupants: 0 
19490829-0,,Monday 29 August 1949,,Douglas Dakota IV (DC-3),Royal Air Force - RAF,,,, KN544, 33149/16401, 1945,,, 2 Pratt & Whitney R-1830-90C,,Fatalities: 0 / Occupants: ,Fatalities: 0 / Occupants: ,,, Damaged beyond repair,,"North Luffenham RAF Station (   United Kingdom) 
", Landing (LDG),Military,?,?,,,Fatalities: 0 / Occupants:  
19490831-0,,Wednesday 31 August 1949,,Bristol 170 Freighter IA,Fuerza Aérea Argentina - FAA,,,, T-39, 12768, 1946,,,,,Fatalities: 0 / Occupants: 4,Fatalities: 0 / Occupants: 0,,, Damaged beyond repair,,"Ituzaingó, BA (   Argentina) 
", Unknown (UNK),Military,"Morón Air Base, BA (SADM), Argentina",?,,,Fatalities: 0 / Occupants: 4 
19490901-0,,Thursday 1 September 1949,,Douglas DC-3,Transportes Aéreos de Jalisco - TAJ,,,, XA-GAO, , 1942,,, 2 Pratt & Whitney R-1830-92,,Fatalities: 0 / Occupants: 3,Fatalities: 1 / Occupants: 13,,, Damaged beyond repair,,"El Tuito (   Mexico) 
", Takeoff (TOF),Passenger,?,"Puerto Vallarta Airport (PVR/MMPR), Mexico",,,Fatalities: 1 / Occupants: 16 
19490902-1,,Friday 2 September 1949,,Douglas C-47D (DC-3),United States Air Force - USAF,,,, 43-48713, 25974/14529, 1944,,,,,Fatalities: 7 / Occupants: 7,Fatalities: 0 / Occupants: 0,,, Damaged beyond repair,,"17 km (10.6 mls) E off  Anchorage, AK (   United States of America) 
", En route (ENR),Military,"Anchorage-Elmendorf AFB, AK (EDF/PAED), United States of America",?,,,Fatalities: 7 / Occupants: 7 
19490903-0,,Saturday 3 September 1949,22:40,Fairchild C-82A Packet,United States Air Force - USAF,,,, 45-57823, 10193, ,,,,,Fatalities: 2 / Occupants: ,Fatalities: 0 / Occupants: ,,, Damaged beyond repair,,"3 km (1.9 mls) N of Collinsville, CA (   United States of America) 
", En route (ENR),Military,"Denver-Lowry AFB, CO, United States of America","Alameda NAS, CA (NGZ/KNGZ), United States of America",,,Fatalities: 2 / Occupants: 8 
19490905-0,,Monday 5 September 1949,,Lisunov Li-2,MAP Omsk Aviation Plant 166,,,, CCCP-I772, 18417805, 1944,2237,,,,Fatalities: 0 / Occupants: 5,Fatalities: 0 / Occupants: 7,,, Damaged beyond repair,,"2 km (1.3 mls) NW of Kazan-Borisoglebskoye Airport (   Russia) 
", Initial climb (ICL),Ferry/positioning,"Kazan-Borisoglebskoye Airport (UWKG), Russia","Shcherbakov Airport (RYB/UUBK), Russia",,,Fatalities: 0 / Occupants: 12 
19490906-0,,Tuesday 6 September 1949,,Lockheed 18-10 Lodestar,Lloyd Aéreo Boliviano - LAB,,,, CB-26, 18-2098, 1941,,,,,Fatalities:  / Occupants: ,Fatalities:  / Occupants: ,,, Damaged beyond repair,,"Sucre (   Bolivia) 
", Unknown (UNK),Unknown,?,?,,,Fatalities:  / Occupants:  
19490907-0,,Wednesday 7 September 1949,,Douglas Dakota IV (DC-3),Royal Air Force - RAF,,,, KN536, 33107/16359, 1945,,, 2 Pratt & Whitney R-1830-90C,,Fatalities: 3 / Occupants: 3,Fatalities: 0 / Occupants: 0,,, Damaged beyond repair,,"N of Taiping (   Malaysia) 
", En route (ENR),Military,?,?,,,Fatalities: 3 / Occupants: 3 
19490909-0,,Friday 9 September 1949,ca 10:45,Douglas C-47-DL (DC-3),Canadian Pacific Air Lines - CPAL,,,, CF-CUA, 4518, 1942,,, 2 Pratt & Whitney R-1830-92,,Fatalities: 4 / Occupants: 4,Fatalities: 19 / Occupants: 19,,, Damaged beyond repair,,"Sault-aux-Cochon, QC (   Canada) 
", En route (ENR),Domestic Scheduled Passenger,"Quebec Airport, QC (YQB/CYQB), Canada","Baie Comeau Airport, QC (YBC/CYBC), Canada",,,Fatalities: 23 / Occupants: 23 
19490912-0,,Monday 12 September 1949,,Lockheed 18-10 Lodestar,Lloyd Aéreo Boliviano - LAB,,,, CB-26, 18-2098, 1941,,,,,Fatalities: 0 / Occupants: 0,Fatalities: 0 / Occupants: 0,,, Damaged beyond repair,,"Santa Cruz-El Trompillo Airport (SRZ) (   Bolivia) 
", Standing (STD),-,-,-,,,Fatalities: 0 / Occupants: 0 
19490913-0,,Tuesday 13 September 1949,,Douglas C-47A-30-DK (DC-3),Cathay Pacific Airways,,,, VR-HDW, 25430/13985, 1944,,, 2 Pratt & Whitney R-1830-92,,Fatalities: 0 / Occupants: ,Fatalities: 0 / Occupants: ,,, Damaged beyond repair,,"Anisakan (   Myanmar) 
", Takeoff (TOF),Scheduled Passenger,"Anisakan (VYAS), Myanmar",?,,,Fatalities: 0 / Occupants:  
19490913-1,,Tuesday 13 September 1949,,Douglas Dakota IV (DC-3),Royal Air Force - RAF,,,, KJ865, 25804/14359, 1944,,, 2 Pratt & Whitney R-1830-90C,,Fatalities: 0 / Occupants: ,Fatalities: 0 / Occupants: ,,, Damaged beyond repair,,"Netheravon RAF Station (   United Kingdom) 
", Takeoff (TOF),Military,"Netheravon RAF Station (EGDN), United Kingdom",?,,,Fatalities: 0 / Occupants:  
19490913-2,,Tuesday 13 September 1949,,Douglas Dakota IV (DC-3),Royal Air Force - RAF,,,, KN323, 32629/15881, 1945,,, 2 Pratt & Whitney R-1830-90C,,Fatalities:  / Occupants: ,Fatalities:  / Occupants: ,,, Damaged beyond repair,,"unknown (   Unknown country) 
", Unknown (UNK),Military,?,?,,,Fatalities:  / Occupants:  
19490913-3,,Tuesday 13 September 1949,,Douglas C-47D (DC-3),United States Air Force - USAF,,,, 43-49123, 26384/14939, 1944,,,,,Fatalities: 5 / Occupants: 5,Fatalities: 0 / Occupants: 0,,, Damaged beyond repair,,"Barter Island Airport, AK (BTI) (   United States of America) 
", Landing (LDG),Military,?,"Barter Island Airport, AK (BTI/PABA), United States of America",,,Fatalities: 5 / Occupants: 5 
19490916-0,,Friday 16 September 1949,,Lisunov Li-2,LOT Polskie Linie Lotnicze,,,, registration unknown, , ,,,,,Fatalities: 0 / Occupants: ,Fatalities: 0 / Occupants: ,,, None,,"Nyköping-F11 AFB(NYO) (   Sweden) 
", En route (ENR),Domestic Scheduled Passenger,"Gdansk-Wrzeszcz Airport, Poland","Lódz-Lublinek Airport (LCJ/EPLL), Poland",,,Fatalities: 0 / Occupants: 20 
19490916-1,,Friday 16 September 1949,,Avro 691 Lancastrian C.2,Royal Air Force - RAF,,,, VM730, , ,,,,,Fatalities: 0 / Occupants: ,Fatalities: 0 / Occupants: ,,, Damaged beyond repair,,"at an unknown location (   Unknown country) 
", En route (ENR),Military,?,?,,,Fatalities: 0 / Occupants:  
19490920-0,,Tuesday 20 September 1949,04:05,Ilyushin Il-12,"Aeroflot, Kazakstan Civil Aviation Directorate",,,, CCCP-L1462, 8302604, 1948,550,,,,Fatalities: 3 / Occupants: 4,Fatalities: 0 / Occupants: 0,,, Damaged beyond repair,,"12 km (7.5 mls) N of Savasleyka (   Russia) 
", En route (ENR),Cargo,"Lyubertsy Aerodrome, Russia","Sverdlovsk-Koltsovo Airport (SVX/USSS), Russia",,,Fatalities: 3 / Occupants: 4 
19490926-0,,Monday 26 September 1949,,Douglas DC-3A,Mexicana de Aviación,,,, XA-DUH, 11725, 1943,,,,,Fatalities: 3 / Occupants: 3,Fatalities: 21 / Occupants: 21,,, Damaged beyond repair,,"Mount Popocatepetl (   Mexico) 
", En route (ENR),Domestic Scheduled Passenger,"Oaxaca Airport (OAX/MMOX), Mexico","Mexico City-Benito Juárez International Airport (MEX/MMMX), Mexico",,,Fatalities: 24 / Occupants: 24 
19490926-1,,Monday 26 September 1949,,Handley Page Hastings C.1,Royal Air Force - RAF,,,, TG499, HP67/3, 1947-04-25  (2 years 5 months),,,,,Fatalities: 3 / Occupants: 3,Fatalities: 0 / Occupants: 0,,, Damaged beyond repair,,"Beacon Hill (   United Kingdom) 
", Unknown (UNK),Military,?,?,,,Fatalities: 3 / Occupants: 3 
19490927-0,,Tuesday 27 September 1949,,Douglas C-54A-1-DO (DC-4),Flota Aérea Mercante Argentina - FAMA,,,, LV-ABI, 7445, 1943,,,,,Fatalities: 3 / Occupants: 7,Fatalities: 2 / Occupants: 20,,, Damaged beyond repair,,"near Castilla, BA (   Argentina) 
", En route (ENR),Int'l Non Scheduled Passenger,?,"Buenos Aires (unknown airport), BA, Argentina",,,Fatalities: 5 / Occupants: 27 
19490929-0,,Thursday 29 September 1949,,Lockheed 18-10 Lodestar,General Electric,,,, NC2020, 18-2134, 1941,,,,,Fatalities: 0 / Occupants: 2,Fatalities: 0 / Occupants: 1,,, Damaged beyond repair,,"near Newark Airport, NJ (EWR) (   United States of America) 
", Approach (APR),Private,"White Plains-Westchester County Airport, NY (HPN/KHPN), United States of America","Newark Airport, NJ (EWR/KEWR), United States of America",,,Fatalities: 0 / Occupants: 3 
19490929-1,,Thursday 29 September 1949,,Fairchild C-82A Packet,United States Air Force - USAF,,,, 48-582, 10217, ,,,,,Fatalities: 3 / Occupants: 3,Fatalities: 0 / Occupants: 0,,, Damaged beyond repair,,"8 km (5 mls) NW of McCleary, WA (   United States of America) 
", En route (ENR),Military,"Tacoma-McChord AFB, WA (TCM/KTCM), United States of America",?,,,Fatalities: 3 / Occupants: 3 
19490930-0,,Friday 30 September 1949,10:00,Consolidated PBY-5A Catalina,Transportes Aéreos Bandeirantes,,,, PP-BLB, 93, ,,,,,Fatalities: 1 / Occupants: 5,Fatalities: 2 / Occupants: 20,,, Damaged beyond repair,,"Iguape, SP (   Brazil) 
", Landing (LDG),Domestic Scheduled Passenger,"Rio de Janeiro (unknown airport), RJ, Brazil","Iguape, SP, Brazil",,,Fatalities: 3 / Occupants: 25 
19491004-0,,Tuesday 4 October 1949,,Douglas Dakota IV (DC-3),Royal Air Force - RAF,,,, KN282, 27220/15775, 1945,,, 2 Pratt & Whitney R-1830-90C,,Fatalities: 0 / Occupants: 0,Fatalities: 0 / Occupants: 0,,, Damaged beyond repair,,"Waterbeach RAF Station (   United Kingdom) 
", Standing (STD),Military,-,-,,,Fatalities: 0 / Occupants: 0 
19491005-0,,Wednesday 5 October 1949,ca 11:00,Douglas C-47D (DC-3),United States Air Force - USAF,,,, 43-16386, 20852, 1944,,,,,Fatalities:  / Occupants: ,Fatalities:  / Occupants: ,,, Damaged beyond repair,,"Mount Mitchell, NC (   United States of America) 
", En route (ENR),Military,"Washington-Bolling AFB, DC (BOF/KBOF), United States of America","Mobile-Brookley AFB, AL (BFM/KBFM), United States of America",,,Fatalities: 9 / Occupants: 9 
19491008-0,,Saturday 8 October 1949,,Douglas Dakota IV (DC-3),Royal Air Force - RAF,,,, KN435, 32864/16116, 1945,,, 2 Pratt & Whitney R-1830-90C,,Fatalities: 0 / Occupants: 3,Fatalities: 0 / Occupants: 0,,, Damaged beyond repair,,"Tripoli-Castel Benito Airport (TIP) (   Libya) 
", Takeoff (TOF),Military,"Tripoli-Castel Benito Airport (TIP/HLLT), Libya",?,,,Fatalities: 0 / Occupants: 3 
19491009-0,Final,Sunday 9 October 1949,17:54,Curtiss C-46E-1-CS Commando,Slick Airways,,,, NC59485,  2939, 1945,8585,, 2 Pratt & Whitney R-2800-75,,Fatalities: 2 / Occupants: 2,Fatalities: 1 / Occupants: 1,,, Damaged beyond repair,,"4 km (2.5 mls) NW of Cheyenne Airport, WY (CYS) (   United States of America) 
", Approach (APR),Cargo,"Las Vegas-McCarran Field, NV (LAS/KLAS), United States of America","Denver (unknown airport), CO, United States of America",11-8,,Fatalities: 3 / Occupants: 3 
19491009-1,,Sunday 9 October 1949,18:00 UTC,Douglas C-47A-90-DL (DC-3),United States Air Force - USAF,,,, 43-16062, 20528, 1944,3353,, 2 Pratt & Whitney R-1830-92,,Fatalities: 0 / Occupants: 6,Fatalities: 0 / Occupants: 4,,, Damaged beyond repair,,"Isachsen Airstrip, NU (   Canada) 
", Takeoff (TOF),Military,"Isachsen Airstrip, NU, Canada",?,,,Fatalities: 0 / Occupants: 10 
19491010-1,,Monday 10 October 1949,13:15,Douglas DC-3-277B,Aerovías Coahuila,,,, XA-HOU, 2208, 1940,,,,,Fatalities: 3 / Occupants: 3,Fatalities: 5 / Occupants: 5,,, Damaged beyond repair,,"near Saltillo (   Mexico) 
", En route (ENR),Domestic Scheduled Passenger,"Mexico City International Airport (MEX/MMMX), Mexico","Piedras Negras Airport (PDS/MMPG), Mexico",,,Fatalities: 8 / Occupants: 8 
19491014-0,,Friday 14 October 1949,,Curtiss C-46A-5-CK Commando,Força Aérea Brasileira - FAB,,,, 2057,    44, 1944,,, 2 Pratt & Whitney R-2800-51,,Fatalities: 0 / Occupants: ,Fatalities: 0 / Occupants: ,,, Damaged beyond repair,,"near Machacamarca (   Bolivia) 
", En route (ENR),Military,?,?,,,Fatalities: 0 / Occupants: 5 
19491016-0,,Sunday 16 October 1949,,Fiat G.212CP,SAIDE- Serv. Aériens Intercontinent. d'Egypte,,,, SU-AFX, 07, ,,,,,Fatalities: 0 / Occupants: 3,Fatalities: 0 / Occupants: 0,,, Damaged beyond repair,,"Alexandria Airport (ALY) (   Egypt) 
", Takeoff (TOF),Unknown,"Alexandria Airport (ALY/HEAX), Egypt","Benghazi-Benina International Airport (BEN/HLLB), Libya",,,Fatalities: 0 / Occupants: 3 
19491018-0,,Tuesday 18 October 1949,,SNCASE SE.200,Unknown,,,, F-BAIY, 3, 1946-04-02  (3 years 7 months),,,,,Fatalities: 0 / Occupants: ,Fatalities: 0 / Occupants: ,,, Damaged beyond repair,,"Étang de Berre, Marseille (   France) 
", Landing (LDG),Unknown,?,?,,,Fatalities: 0 / Occupants:  
19491020-0,,Thursday 20 October 1949,,Douglas C-54A-15-DC (DC-4),Air France,,,, F-BBDS, 10423, 1944,,,,,Fatalities: 0 / Occupants: ,Fatalities: 0 / Occupants: ,,, Damaged beyond repair,,"3 km (1.9 mls) from  Karachi Airport (KHI) (   Pakistan) 
", Unknown (UNK),International Scheduled Passenger,?,?,,,Fatalities: 0 / Occupants:  
19491022-0,,Saturday 22 October 1949,,Douglas C-47A-80-DL (DC-3),Société Transafricaine d'Aviation,,,, F-BFGH, 19561, 1944,,, 2 Pratt & Whitney R-1830-92,,Fatalities:  / Occupants: ,Fatalities:  / Occupants: ,,, Damaged beyond repair,,"Malakal (   South Sudan) 
", Unknown (UNK),Unknown,?,?,,,Fatalities:  / Occupants:  
19491022-1,,Saturday 22 October 1949,,Lockheed 18-56-23 Lodestar,Golden Airways,,,, NC69008, 18-2586, 1943,,,,,Fatalities: 0 / Occupants: 0,Fatalities: 0 / Occupants: 0,,, Damaged beyond repair,,"San Diego International Airport, CA (SAN) (   United States of America) 
", Standing (STD),-,-,-,,,Fatalities: 0 / Occupants: 0 
19491025-0,,Tuesday 25 October 1949,ca 18:30,Bristol 170 Freighter IA,Fuerza Aérea Argentina - FAA,,,, T-28, 12750, ,,,,,Fatalities: 3 / Occupants: 5,Fatalities: 3 / Occupants: 4,,, Destroyed, Written off (damaged beyond repair),"Bolson de Burruyacú, TU (   Argentina) 
", En route (ENR),Military,"El Palomar Airport, BA (EPA/SADP), Argentina","Salta Airport, SA (SLA/SASA), Argentina",,,Fatalities: 6 / Occupants: 9 
19491028-0,Final,Friday 28 October 1949,,Lockheed L-749-79-46 Constellation,Air France,,,, F-BAZN, 2546, 1947,,,,,Fatalities: 11 / Occupants: 11,Fatalities: 37 / Occupants: 37,,, Destroyed, Written off (damaged beyond repair),"Redondo Mountain, São Miguel Island, Azores (   Portugal) 
", Approach (APR),International Scheduled Passenger,"Paris-Orly Airport (ORY/LFPO), France","Santa Maria-Vila do Porto Airport, Azores (SMA/LPAZ), Portugal",,,Fatalities: 48 / Occupants: 48 
19491028-1,,Friday 28 October 1949,01:00 UTC,Grumman G-73 Mallard,Superior Oil Corp.,,,, NC2956, J-15, 1947,1235,,,,Fatalities: 2 / Occupants: 3,Fatalities: 4 / Occupants: 4,,, Damaged beyond repair,,"London Heathrow Airport (LHR) (   United Kingdom) 
", Takeoff (TOF),Executive,"London Airport (LHR/EGLL), United Kingdom",?,,,Fatalities: 6 / Occupants: 7 
19491101-0,Final,Tuesday 1 November 1949,11:46,Douglas C-54B-10-DO (DC-4),Eastern Air Lines,,,, N88727, 18365, 1944,12161,,,,Fatalities: 4 / Occupants: 4,Fatalities: 51 / Occupants: 51,,, Damaged beyond repair,,"0,8 km (0.5 mls) SW of Washington-National Airport, DC (DCA) (   United States of America) 
", Approach (APR),Domestic Scheduled Passenger,"New York-La Guardia Airport, NY (LGA/KLGA), United States of America","Washington-National Airport, DC (DCA/KDCA), United States of America",EA537,,Fatalities: 55 / Occupants: 55 
19491101-1,,Tuesday 1 November 1949,10:34,Lisunov Li-2P,Maszovlet,,,, HA-LIK, 18427501, 1948,,,,,Fatalities: 5 / Occupants: 6,Fatalities: 1 / Occupants: 1,,, Damaged beyond repair,,"Pécs/Pogany Airport (   Hungary) 
", Approach (APR),Domestic Scheduled Passenger,"Budaörs Airport (LHBS), Hungary","Pécs/Pogany Airport (LHPP), Hungary",,,Fatalities: 6 / Occupants: 7 
19491103-0,,Thursday 3 November 1949,,Short Sunderland V,Aéronavale,,,, registration unknown, , ,,,,,Fatalities: 4 / Occupants: 15,Fatalities: 0 / Occupants: 0,,, Damaged beyond repair,,"off Toulon (   France) 
", Unknown (UNK),Military,"Toulon-St Mandrier NAS (LFTR), France",?,,,Fatalities: 4 / Occupants: 15 
19490102-0,Final,Sunday 2 January 1949,22:03,Douglas C-47A-50-DL (DC-3),Seattle Air Charter,,,, NC79025, 10181, 1943,5419,, 2 Pratt & Whitney R-1830-90D,,Fatalities: 3 / Occupants: 3,Fatalities: 11 / Occupants: 27,,, Damaged beyond repair,,"Seattle-Boeing Field International Airport, WA (BFI) (   United States of America) 
", Takeoff (TOF),Domestic Non Scheduled Passenger,"Seattle-Boeing Field International Airport, WA (BFI/KBFI), United States of America","New Haven Airport, CT (HVN/KHVN), United States of America",,,Fatalities: 14 / Occupants: 30 
19490102-1,,Sunday 2 January 1949,,Douglas C-54B-15-DO (DC-4),Heyl Ha'Avir (Israeli Air Force),,,, 1801, 18395, 1944,,,,,Fatalities:  / Occupants: ,Fatalities:  / Occupants: ,,, Damaged beyond repair,,"near Tel Aviv (   Israel) 
", Unknown (UNK),Military,?,?,,,Fatalities:  / Occupants:  
19490104-0,,Tuesday 4 January 1949,,Douglas C-47 (DC-3),Maszovlet,,,, registration unknown, , ,,,,,Fatalities: 0 / Occupants: 4,Fatalities: 0 / Occupants: 21,,, None,,"München-Riem Airport (MUC) (   Germany) 
", En route (ENR),Domestic Scheduled Passenger,"Pécs/Pogany Airport (LHPP), Hungary","Budapest-Ferihegy Airport (BUD/LHBP), Hungary",,,Fatalities: 0 / Occupants: 25 
19490104-1,,Tuesday 4 January 1949,,Douglas VC-47D (DC-3),United States Air Force - USAF,,,, 43-48405, 25666/14221, 1944,,,,,Fatalities:  / Occupants: ,Fatalities:  / Occupants: ,,, Damaged beyond repair,,"5 km (3.1 mls) SE of Weimar, CA (   United States of America) 
", Unknown (UNK),Military,?,?,,,Fatalities: 8 / Occupants: 8 
19490105-0,,Wednesday 5 January 1949,,Curtiss C-46A-45-CU Commando,L.A.Piedra,,,, registration unknown, 30247, 1944,,, 2 Pratt & Whitney R-2800-51,,Fatalities: 0 / Occupants: 2,Fatalities: 0 / Occupants: 0,,, Damaged beyond repair,,"Zacatecas Airport (ZCL) (   Mexico) 
", Initial climb (ICL),Unknown,"Zacatecas-La Calera Airport (ZCL/MMZC), Mexico",?,,,Fatalities: 0 / Occupants: 2 
19490105-1,,Wednesday 5 January 1949,,Avro 685 York I,British South American Airways - BSAA,,,, G-AHEX, 1301, 1946,,, 4 Rolls-Royce Merlin,,Fatalities: 0 / Occupants: 6,Fatalities: 3 / Occupants: 9,,, Damaged beyond repair,,"Caravelas Bay, BA (   Brazil) 
", Unknown (UNK),International Scheduled Passenger,?,?,,,Fatalities: 3 / Occupants: 15 
19490106-0,Final,Thursday 6 January 1949,ca 07:20,Douglas C-47A-25-DK (DC-3A),Coastal Cargo,,,, NC53210, 13777, 1944,,, 2 Pratt & Whitney R-1830-43-90D,,Fatalities: 2 / Occupants: 2,Fatalities: 0 / Occupants: 0,,, Damaged beyond repair,,"Brandywine, MD (   United States of America) 
", En route (ENR),Cargo,"Raleigh/Durham Airport, NC (RDU/KRDU), United States of America","Boston Commonwealth Airport, MA (BOS/KBOS), United States of America",,,Fatalities: 2 / Occupants: 2 
19490106-1,,Thursday 6 January 1949,,Douglas C-47B-20-DK (DC-3),Iranian Airways,,,, EP-ACI, 27115/15670, 1945,,, 2 Pratt & Whitney R-1830-90C,,Fatalities:  / Occupants: ,Fatalities:  / Occupants: ,,, Damaged beyond repair,,"Birjand Airport (XBJ) (   Iran) 
", Unknown (UNK),Unknown,?,?,,,Fatalities:  / Occupants:  
19490107-0,,Friday 7 January 1949,16:45,Douglas C-54G-5-DO (DC-4),United States Air Force - USAF,,,, 45-543, 35996, 1945,,,,,Fatalities: 4 / Occupants: 4,Fatalities: 2 / Occupants: 2,,, Damaged beyond repair,,"near Garstang (   United Kingdom) 
", En route (ENR),Military,"Frankfurt-Rhein-Main AFB (FRF/EDAF), Germany","Burtonwood Airport (BUT/EGOB), United Kingdom",,,Fatalities: 6 / Occupants: 6 
19490107-1,,Friday 7 January 1949,,Breguet 730,Aéronavale,,,, registration unknown, 01, 1938-04-04  (10 years 9 months),,, 4 Gnome-Rhône 14N,,Fatalities:  / Occupants: ,Fatalities:  / Occupants: ,,, Damaged beyond repair,,"off Arzew (   Algeria) 
", Unknown (UNK),Military,?,?,,,Fatalities: 2 / Occupants: 18 
19490107-2,,Friday 7 January 1949,,Douglas C-47A-90-DL (DC-3),United States Air Force - USAF,,,, 43-15931, 20379, 1944,,,,,Fatalities: 3 / Occupants: 3,Fatalities: 0 / Occupants: 0,,, Damaged beyond repair,,"6,5 km (4.1 mls) SW of Mineral, WA (   United States of America) 
", En route (ENR),Military,"Ogden-Hill AFB, UT (HIF/KHIF), United States of America","Tacoma-McChord AFB, WA (TCM/KTCM), United States of America",,,Fatalities: 3 / Occupants: 3 
19490108-0,,Saturday 8 January 1949,20:30,Douglas C-47A-1-DK (DC-3),Air Algérie,,,, F-BCYO, 12101, 1943,,, 2 Pratt & Whitney R-1830-92,,Fatalities: 0 / Occupants: 3,Fatalities: 0 / Occupants: 0,,, Damaged beyond repair,,"Lyon-Bron Airport (LYN) (   France) 
", Landing (LDG),Cargo,"Algiers-Maison Blanche Airport (ALG/DAAG), Algeria","Lyon-Bron Airport (LYN/LFLY), France",,,Fatalities: 0 / Occupants: 3 
19490109-0,,Sunday 9 January 1949,06:50,Lisunov Li-2,"Aeroflot, Uralsk Civil Aviation Directorate",,,, CCCP-L4261, 18422401, 1945,3394,,,,Fatalities: 3 / Occupants: 4,Fatalities: 0 / Occupants: 0,,, Damaged beyond repair,,"near Kazan (   Russia) 
", Initial climb (ICL),Cargo,"Kazan Airport (KZN/UWKD), Russia","Moskva (unknown airport), Russia",,,Fatalities: 3 / Occupants: 4 
19490111-0,,Tuesday 11 January 1949,,Lockheed 18-10-01 Lodestar,SAVAG - Viação Aérea Gaucha,,,, PP-SAC, 18-2112, 1941,,,,,Fatalities: 4 / Occupants: 4,Fatalities: 4 / Occupants: 4,,, Damaged beyond repair,,"near Pelotas-Federal Airport, RS (PET) (   Brazil) 
", Initial climb (ICL),Domestic Scheduled Passenger,"Pelotas-Federal Airport, RS (PET/SBPK), Brazil","Porto Alegre Airport, RS (POA/SBPA), Brazil",,,Fatalities: 8 / Occupants: 8 
19490112-0,,Wednesday 12 January 1949,00:05,Douglas C-54D-5-DC (DC-4),United States Air Force - USAF,,,, 42-72629, 10734, 1945,,,,,Fatalities: 3 / Occupants: 3,Fatalities: 0 / Occupants: 0,,, Damaged beyond repair,,"4 km (2.5 mls) E of Frankfurt Rhein-Main Air Force Base (FRF) (   Germany) 
", Approach (APR),Military,"Berlin (unknown airport), Germany","Frankfurt-Rhein-Main AFB (FRF/EDAF), Germany",,,Fatalities: 3 / Occupants: 3 
19490114-0,,Friday 14 January 1949,,Fairchild C-82A-15-FA Packet,United States Air Force - USAF,,,, 44-23010, 10054, ,,,,,Fatalities: 3 / Occupants: 3,Fatalities: 0 / Occupants: 37,,, Damaged beyond repair,,"6,5 km (4.1 mls) NW of Fayetteville-Pope AFB, NC (POB) (   United States of America) 
", En route (ENR),Military,?,?,,,Fatalities: 3 / Occupants: 40 
19490115-0,,Saturday 15 January 1949,,Douglas C-47A-80-DL (DC-3),Pan African Air Charter,,,, ZS-AYB, 19584, 1944,,, 2 Pratt & Whitney R-1830-92,,Fatalities: 0 / Occupants: ,Fatalities: 0 / Occupants: ,,, Damaged beyond repair,,"Ras-el-Tin (   Egypt) 
", En route (ENR),Int'l Non Scheduled Passenger,"Genève-Cointrin Airport (GVA/LSGG), Switzerland","Malta-Luqa Airport (MLA/LMML), Malta",,,Fatalities: 0 / Occupants:  
19490116-0,,Sunday 16 January 1949,ca 11:15,Douglas C-47B-5-DK (DC-3),Dalmia Jain Airways,,,, VT-CDZ, 25867/14422, 1944,,, 2 Pratt & Whitney R-1830-90C,,Fatalities: 4 / Occupants: 4,Fatalities: 9 / Occupants: 9,,, Damaged beyond repair,,"near Banihal Pass (   India) 
", En route (ENR),Domestic Scheduled Passenger,"Jammu-Satwari Airport (IXJ/VIJU), India","Srinagar Airport (SXR/VISR), India",,,Fatalities: 13 / Occupants: 13 
19490117-0,,Monday 17 January 1949,,Curtiss C-46A-55-CK Commando,ANDES - Aerovias Nacionales del Sur,,,, OB-OAD-233,   267, 1945,,, 2 Pratt & Whitney R-2800-51,,Fatalities: 0 / Occupants: 5,Fatalities: 0 / Occupants: 10,,, Damaged beyond repair,,"Rio Yavari (   Peru) 
", Unknown (UNK),Passenger,"Lima-Callao International Airport (LIM/SPIM), Peru","Iquitos Airport (IQT/SPQT), Peru",,,Fatalities: 0 / Occupants: 15 
19490117-1,Final,Monday 17 January 1949,,Avro 688 Tudor 4B,British South American Airways - BSAA,,,, G-AGRE, 1253, 1945,,,,,Fatalities: 7 / Occupants: 7,Fatalities: 13 / Occupants: 13,,, Missing, Presumed damaged beyond repair,"western Atlantic (   Atlantic Ocean) 
", En route (ENR),International Scheduled Passenger,"Bermuda Air Terminal (BDA/TXKF), Bermuda","Kingston Airport (KIN/MKJP), Jamaica",,,Fatalities: 20 / Occupants: 20 
19490117-2,Preliminary,Monday 17 January 1949,,Beechcraft 34 Twin Quad,Beechcraft,,,, NX90521, , 1947-10-01  (1 year 4 months),,, 4 Lycoming GSO-580,,Fatalities: 1 / Occupants: 4,Fatalities: 0 / Occupants: 0,,, Damaged beyond repair,,"Wichita-Beech Airport, KS (BEC) (   United States of America) 
", Takeoff (TOF),Test,"Wichita-Beech Airport, KS (BEC/KBEC), United States of America","Wichita-Beech Airport, KS (BEC/KBEC), United States of America",,,Fatalities: 1 / Occupants: 4 
19490117-3,,Monday 17 January 1949,,Douglas Dakota III (DC-3),Royal Canadian Air Force - RCAF,,,, 987, 33115/16367, 1945,,,,,Fatalities: 0 / Occupants: ,Fatalities: 0 / Occupants: ,,, Damaged beyond repair,,"112 km (70 mls) SE of Churchill, MB (   Canada) 
", En route (ENR),Military,"Rivers Airport, MB (YYI), Canada","Arctic Bay Airport, NU (YAB/CYAB), Canada",,,Fatalities: 0 / Occupants: 12 
19490118-0,,Tuesday 18 January 1949,ca 13:30,Douglas C-54G-15-DO (DC-4),United States Air Force - USAF,,,, 45-563, 36016, 1945,,,,,Fatalities: 1 / Occupants: 3,Fatalities: 0 / Occupants: 0,,, Damaged beyond repair,,"10 km (6.3 mls) E of Fassberg (   Germany) 
", Approach (APR),Military,"Berlin-Tempelhof Airport (THF/EDDI), Germany","Fassberg Air Base (ETHS), Germany",,,Fatalities: 1 / Occupants: 3 
19490119-0,,Wednesday 19 January 1949,10:52,Ilyushin Il-12P,"Aeroflot, Moscow Civil Aviation Directorate",,,, CCCP-L1381, 30109, 1947,709,,,,Fatalities: 3 / Occupants: 4,Fatalities: 5 / Occupants: 5,Fatalities: 2,, Damaged beyond repair,,"near Stalino Airport (DOK) (   Ukraine) 
", Initial climb (ICL),Domestic Scheduled Passenger,"Stalino Airport (DOK/UKCC), Ukraine","Kiev (unknown airport), Ukraine",,,Fatalities: 8 / Occupants: 9 
19490120-0,Final,Thursday 20 January 1949,20:05,Douglas C-47A-90-DL (DC-3C),Alaska Airlines,,,, NC91006, 20208, 1944,8051,, 2 Pratt & Whitney R-1830-65-92,,Fatalities: 2 / Occupants: 3,Fatalities: 3 / Occupants: 3,,, Destroyed, Written off (damaged beyond repair),"43 km (26.9 mls) NE of Homer, AK (   United States of America) 
", En route (ENR),Domestic Scheduled Passenger,"Homer Airport, AK (HOM/PAHO), United States of America","Kenai Airport, AK (ENA/PAEN), United States of America",   8,,Fatalities: 5 / Occupants: 6 
19490121-1,,Friday 21 January 1949,,Lockheed P2V-2 Neptune,United States Navy,,,, 39323, 26-1023, ,,,,,Fatalities: 0 / Occupants: 8,Fatalities: 0 / Occupants: 0,,, Damaged beyond repair,,"Roosevelt Roads-Roosevelt NAS (NRR/TJNR) [Npr] (   Puerto Rico) 
", Taxi (TXI),Military,-,-,,,Fatalities: 0 / Occupants: 8 
19490122-0,,Saturday 22 January 1949,,Douglas C-47A-20-DK (DC-3),Scandinavian Airlines System - SAS,,,, SE-BBN, 12896, 1944,,, 2 Pratt & Whitney R-1830-92,,Fatalities:  / Occupants: ,Fatalities:  / Occupants: ,,, Damaged beyond repair,,"Luleå-Kallax Airport (LLA) (   Sweden) 
", Standing (STD),Unknown,?,?,,,Fatalities:  / Occupants:  
19490123-0,,Sunday 23 January 1949,,Douglas R4D-6 (DC-3),United States Navy,,,, 17263, 25638/14193, 1944,,,,,Fatalities:  / Occupants: ,Fatalities:  / Occupants: ,,, Damaged beyond repair,,"near Toledo, OH (   United States of America) 
", Unknown (UNK),Military,?,?,,,Fatalities: 5 / Occupants: 6 
19490124-0,,Monday 24 January 1949,,Douglas Dakota IV (DC-3),Royal Air Force - RAF,,,, KN491, 33009/16261, 1945,,, 2 Pratt & Whitney R-1830-90C,,Fatalities: 1 / Occupants: 3,Fatalities: 7 / Occupants: 22,,, Damaged beyond repair,,"near Utecht (   Germany) 
", Approach (APR),Military,"Berlin-R.A.F. Gatow Airport (GWW/EDBG), Germany","Lübeck-Blankensee RAF Station (LBC/EDHL), Germany",,,Fatalities: 8 / Occupants: 25 
19490126-1,,Wednesday 26 January 1949,,Curtiss C-46F-1-CU Commando,,Pan American World Airways (Pan Am),,United States Air Force - USAF, NC1241N, 22474, 1945,,,,,Fatalities: 0 / Occupants: 4,Fatalities: 0 / Occupants: 0,,, Damaged beyond repair,,"Asmara International Airport (ASM) (   Eritrea) 
", Approach (APR),Cargo,"Asmara International Airport (ASM/HAAY), Eritrea",?,,,Fatalities: 0 / Occupants: 4 
19490127-0,,Thursday 27 January 1949,,Douglas C-47-DL (DC-3),United Airlines,,,, NC17713, 4582, 1942,,, 2 Pratt & Whitney R-1830-92,,Fatalities: 0 / Occupants: 3,Fatalities: 0 / Occupants: 0,,, Damaged beyond repair,,"Alameda, CA (   United States of America) 
", Initial climb (ICL),Unknown,"Oakland International Airport, CA (OAK/KOAK), United States of America",?,,,Fatalities: 0 / Occupants: 3 
19490129-0,,Saturday 29 January 1949,14:15,Lisunov Li-2T,"Aeroflot, Northern Civil Aviation Directorate",,,, CCCP-L4491, 4309, 1948,757,,,,Fatalities: 3 / Occupants: 4,Fatalities: 0 / Occupants: 0,,, Damaged beyond repair,,"Nizhnyaya Pesha Airport (   Russia) 
", Takeoff (TOF),Cargo,"Nizhnyaya Pesha Airport (ULAV), Russia","Arkhangelsk-Talaghy Airport (ARH/ULAA), Russia",,,Fatalities: 3 / Occupants: 4 
19490130-0,Final,Sunday 30 January 1949,16:22,Lockheed L-749 Constellation,Pan American World Airways (Pan Am),,,, NC86530, 2528, ,3561,,,,Fatalities: 0 / Occupants: 10,Fatalities: 0 / Occupants: 23,,Fatalities: 2, Substantial, Repaired,"over Port Washington, NY (   United States of America) 
", En route (ENR),International Scheduled Passenger,"New York-La Guardia Airport, NY (LGA/KLGA), United States of America","Shannon Airport (SNN/EINN), Ireland",PA100,,Fatalities: 0 / Occupants: 33 
19490130-1,,Sunday 30 January 1949,,unknown,China National Aviation Corporation - CNAC,,,, registration unknown, , ,,,,,Fatalities: 0 / Occupants: ,Fatalities: 0 / Occupants: ,,, Unknown,,"Tainan (   Taiwan) 
", Unknown (UNK),Unknown,"Shanghai (unknown airport), China","Qingdao Airport (TAO/ZSQD), China",,,Fatalities: 0 / Occupants:  
19490201-0,,Tuesday 1 February 1949,,Avro 685 York I,British Overseas Airways Corporation - BOAC,,,, G-AGJD, 1210, 1944,,, 4 Rolls-Royce Merlin,,Fatalities: 0 / Occupants: 6,Fatalities: 0 / Occupants: 9,,, Damaged beyond repair,,"Tripoli-Castel Benito Airport (TIP) (   Libya) 
", Takeoff (TOF),International Scheduled Passenger,"Tripoli-Castel Benito Airport (TIP/HLLT), Libya",?,,,Fatalities: 0 / Occupants: 15 
19490203-1,,Thursday 3 February 1949,,Junkers Ju-52/3m,"Aeroflot, East Siberia Civil Aviation Directorate",,,, CCCP-L54, 7335, ,,,,,Fatalities: 0 / Occupants: 2,Fatalities: 0 / Occupants: 0,,, Damaged beyond repair,,"between Chita and Krasnoyarsk (   Russia) 
", En route (ENR),Cargo,"Chita Airport (HTA/UIAA), Russia","Krasnoyarsk Airport (KJA/UNKL), Russia",,,Fatalities: 0 / Occupants: 2 
19490204-0,,Friday 4 February 1949,,Douglas C-54A-1-DO (DC-4),Skyways,,,, G-AJPL, 7464, 1944,,,,,Fatalities: 1 / Occupants: 9,Fatalities: 0 / Occupants: 44,,, Damaged beyond repair,,"near Tripoli-Castel Benito Airport (TIP) (   Libya) 
", Approach (APR),Int'l Non Scheduled Passenger,"Khartoum-Civil Airport (KRT/HSSS), Sudan","Tripoli-Castel Benito Airport (TIP/HLLT), Libya",,,Fatalities: 1 / Occupants: 53 
19490205-0,,Saturday 5 February 1949,09:04,Consolidated PBY-5A Catalina,AVIANCA,,,, HK-134, , ,,,,,Fatalities: 2 / Occupants: 4,Fatalities: 3 / Occupants: 12,,, Damaged beyond repair,,"Buenaventura Bay (   Colombia) 
", Landing (LDG),Domestic Scheduled Passenger,?,"Buenaventura Airport (BUN/SKBU), Colombia",,,Fatalities: 5 / Occupants: 16 
19490206-0,,Sunday 6 February 1949,,Douglas C-47A-90-DL (DC-3),AECA - Aeroservicios Ecuatorianos,,,, NC54335, 20217, 1944,,, 2 Pratt & Whitney R-1830-92,,Fatalities: 2 / Occupants: ,Fatalities: 0 / Occupants: ,,, Damaged beyond repair,,"Guayaquil (   Ecuador) 
", Unknown (UNK),Ferry/positioning,?,?,,,Fatalities: 2 / Occupants: 9 
19490207-0,,Monday 7 February 1949,10:42,Junkers Ju-52/3m,MAP Tyumen No. 26,,,, CCCP-I511, 7658, ,3325,,,,Fatalities: 1 / Occupants: 5,Fatalities: 0 / Occupants: 0,,, Damaged beyond repair,,"14 km (8.8 mls) N of Mezenka, Beloyarsky District (   Russia) 
", En route (ENR),Cargo,"Verkhnyaya Salda, Russia","Ufa Airport (UFA/UWUU), Russia",,,Fatalities: 1 / Occupants: 5 
19490208-0,,Tuesday 8 February 1949,20:56,Vickers 628 Viking 1B,Scandinavian Airlines System - SAS,,,, OY-DLU, 199, 1947-07-25  (1 year 7 months),611,,,,Fatalities: 4 / Occupants: 4,Fatalities: 23 / Occupants: 23,,, Damaged beyond repair,,"2,5 km (1.6 mls) W off  Barsebäck [Öresund] (   Sweden) 
", Approach (APR),Int'l Non Scheduled Passenger,"Paris-Le Bourget Airport (LBG/LFPB), France","København-Kastrup Airport (CPH/EKCH), Denmark",,,Fatalities: 27 / Occupants: 27 
19490210-0,,Thursday 10 February 1949,,Douglas C-47B-15-DK (DC-3),Faucett,,,, OB-PAV-223, 26819/15374, 1944,,, 2 Pratt & Whitney R-1830-90C,,Fatalities: 3 / Occupants: 3,Fatalities: 13 / Occupants: 13,,, Damaged beyond repair,,"near Huánuco (   Peru) 
", Approach (APR),Domestic Scheduled Passenger,"Tingo Maria Airport (TGI/SPGM), Peru","Huánuco Airport (HUU/SPHV), Peru",,,Fatalities: 16 / Occupants: 16 
19490210-1,,Thursday 10 February 1949,,Douglas DC-3,Lutheran Mission,,,, XT-T72, , ,,,,,Fatalities: 0 / Occupants: 2,Fatalities: 0 / Occupants: ,,, Damaged beyond repair,,"Paiyang (   China) 
", Unknown (UNK),Domestic Non Scheduled Passenger,"Chongqing-Jiangbei International Airport (CKG/ZUCK), China","Guiyang Airport (KWE/ZUGY), China",,,Fatalities: 0 / Occupants:  
19490215-0,,Tuesday 15 February 1949,,Douglas R5D-2 (C-54B),United States Navy,,,, 90386, 18372, 1944,,,,,Fatalities: 0 / Occupants: ,Fatalities: 0 / Occupants: ,,, Damaged beyond repair,,"Oberpfaffenhofen Airport (OBF) (   Germany) 
", Landing (LDG),Military,?,"Oberpfaffenhofen Airport (OBF/EDMO), Germany",,,Fatalities: 0 / Occupants:  
19490215-1,,Tuesday 15 February 1949,,Douglas C-54M (DC-4),United States Air Force - USAF,,,, 44-9062, 27288, 1945,,,,,Fatalities: 0 / Occupants: 3,Fatalities: 0 / Occupants: 0,,, Damaged beyond repair,,"Celle RAF Station (ZCN) (   Germany) 
", Landing (LDG),Military,?,"Celle RAF Station (ZCN/ETHC), Germany",,,Fatalities: 0 / Occupants: 3 
19490216-1,,Wednesday 16 February 1949,,Douglas C-47 (DC-3),Francisco Pignatari,,,, registration unknown, , ,,,,,Fatalities: 0 / Occupants: ,Fatalities: 0 / Occupants: ,,, Substantial,,"Montevideo (   Uruguay) 
", Landing (LDG),Executive,?,?,,,Fatalities: 0 / Occupants: 6 
19490217-1,,Thursday 17 February 1949,,Douglas C-47D (DC-3),United States Air Force - USAF,,,, 45-1138, 34408/17141, 1945,,,,,Fatalities:  / Occupants: ,Fatalities:  / Occupants: ,,, Damaged beyond repair,,"50 km (31.3 mls) S of San Antonio de los Cobres, SA (   Argentina) 
", En route (ENR),Military,?,?,,,Fatalities: 8 / Occupants: 8 
19490219-0,,Saturday 19 February 1949,ca 09:45,Douglas C-47A-25-DK Dakota C.3,British European Airways - BEA,,,, G-AHCW, 13308, 1944,,,,,Fatalities: 4 / Occupants: 4,Fatalities: 6 / Occupants: 6,,Fatalities: 4, Damaged beyond repair,,"near Exhall (   United Kingdom) 
", En route (ENR),Domestic Scheduled Passenger,"London-Northolt Airport (NHT/EGWU), United Kingdom","Glasgow-Renfrew Airport, United Kingdom",,,Fatalities: 10 / Occupants: 10 
19490221-0,,Monday 21 February 1949,,Short S.25 Sunderland 3,British Overseas Airways Corporation - BOAC,,,, G-AGJO, , 1944,,,,,Fatalities: 0 / Occupants: 0,Fatalities: 0 / Occupants: 0,,, Damaged beyond repair,,"Hythe, Hampshire (   United Kingdom) 
", Standing (STD),-,-,-,,,Fatalities: 0 / Occupants: 0 
19490222-0,,Tuesday 22 February 1949,,Curtiss C-46A Commando,Golden North Airways,,,, registration unknown, , ,,, 2 Pratt & Whitney R-2800-51,,Fatalities: 0 / Occupants: 4,Fatalities: 0 / Occupants: 2,,, Damaged beyond repair,,"Annette Island Airport, AK (ANN) (   United States of America) 
", Landing (LDG),Domestic Non Scheduled Passenger,?,"Annette Island Airport, AK (ANN/PANT), United States of America",,,Fatalities: 0 / Occupants: 6 
19490224-0,,Thursday 24 February 1949,,Douglas C-47A-90-DL (DC-3),Cathay Pacific Airways,,,, VR-HDG, 20576, 1944,,, 2 Pratt & Whitney R-1830-92,,Fatalities: 4 / Occupants: 4,Fatalities: 19 / Occupants: 19,,, Damaged beyond repair,,"North Point, Hong Kong (   Hong Kong) 
", Approach (APR),International Scheduled Passenger,"Manila Airport (MNL/RPLL), Philippines","Hong Kong-Kai Tak International Airport (HKG/VHHH), Hong Kong",,,Fatalities: 23 / Occupants: 23 
19490224-1,,Thursday 24 February 1949,,Douglas DC-3,Transporte Aéreo Militar - TAM Peru,,,, registration unknown, , ,,,,,Fatalities: 2 / Occupants: 4,Fatalities: 20 / Occupants: 22,,, Damaged beyond repair,,"Cuzco Airport (CUZ) (   Peru) 
", Takeoff (TOF),Domestic Non Scheduled Passenger,"Cuzco-Velazco Astete Airport (CUZ/SPZO), Peru","Lima-Callao International Airport (LIM/SPIM), Peru",,,Fatalities: 22 / Occupants: 26 
19490228-0,,Monday 28 February 1949,,Lockheed R5O-3 (Lodestar),United States Navy,,,, 01007, 18-2097, 1941,,,,,Fatalities:  / Occupants: ,Fatalities:  / Occupants: ,,, Damaged beyond repair,,"at an unknown location (   United States of America) 
", Unknown (UNK),Military,?,?,,,Fatalities:  / Occupants:  
19490228-1,,Monday 28 February 1949,,Douglas C-47B-1-DL (DC-3),United States Air Force - USAF,,,, 43-16256, 20722, 1944,,,,,Fatalities:  / Occupants: ,Fatalities:  / Occupants: ,,, Damaged beyond repair,,"Cerro Colorado (   Mexico) 
", En route (ENR),Military,"El Paso International Airport, TX (ELP/KELP), United States of America","San Antonio (unknown airport), TX, United States of America",,,Fatalities: 9 / Occupants: 9 
19490301-0,,Tuesday 1 March 1949,,Fairchild C-82A Packet,United States Air Force - USAF,,,, 44-23035, 10079, 1946,,,,,Fatalities: 0 / Occupants: 4,Fatalities: 0 / Occupants: 0,,, Damaged beyond repair,,"near Bragança, PA (   Brazil) 
", En route (ENR),Military,?,?,,,Fatalities: 0 / Occupants: 4 
19490302-0,Final,Wednesday 2 March 1949,02:44,Douglas C-54B-1-DC (DC-4),Transcontinental & Western Air - TWA,,,, NC34537, 10454, 1944,7883,, 4 Pratt & Whitney R-2000-9,,Fatalities: 0 / Occupants: 9,Fatalities: 0 / Occupants: 24,,, Substantial, Repaired,"Gander Airport, NL (YQX) (   Canada) 
", Landing (LDG),International Scheduled Passenger,"New York-La Guardia Airport, NY (LGA/KLGA), United States of America","Gander Airport, NL (YQX/CYQX), Canada", 924,,Fatalities: 0 / Occupants: 33 
19490304-0,,Friday 4 March 1949,16:59,Douglas C-54E-5-DO (DC-4),United States Air Force - USAF,,,, 44-9086, 27312, 1945,,,,,Fatalities: 1 / Occupants: 5,Fatalities: 0 / Occupants: 0,,, Damaged beyond repair,,"near Bad Langensalza (   Germany) 
", En route (ENR),Military,"Wiesbaden-Erbenheim (Y-80) Air Base (WIE/ETOU), Germany","Berlin-Tempelhof Airport (THF/EDDI), Germany",,,Fatalities: 1 / Occupants: 5 
19490305-1,,Saturday 5 March 1949,,Curtiss C-46D-5-CU Commando,United States Air Force - USAF,,,, 44-77335, 32731, ,,,,,Fatalities:  / Occupants: ,Fatalities:  / Occupants: ,,, Damaged beyond repair,,"near Okinawa-Naha AFB (OKA) (   Japan) 
", Unknown (UNK),Military,"Okinawa-Naha AFB (OKA/ROAH), Japan",?,,,Fatalities: 6 / Occupants: 22 
19490309-0,,Wednesday 9 March 1949,,Douglas C-54D-1-DC Skymaster (DC-4),United States Air Force - USAF,,,, 42-72464, 10569, ,,,,,Fatalities: 0 / Occupants: 3,Fatalities: 0 / Occupants: 0,,, Substantial, Repaired,"N of Celle (   Germany) 
", En route (ENR),Military,"Celle RAF Station (ZCN/ETHC), Germany","Berlin-R.A.F. Gatow Airport (GWW/EDBG), Germany",,,Fatalities: 0 / Occupants: 3 
19490310-0,,Thursday 10 March 1949,09:50,Lockheed 18-56 Lodestar,Queensland Airlines,,,, VH-BAG, 18-2194, 1942,,,,,Fatalities: 3 / Occupants: 3,Fatalities: 18 / Occupants: 18,,, Damaged beyond repair,,"Coolangatta Airport, QLD (OOL) (   Australia) 
", Takeoff (TOF),Domestic Scheduled Passenger,"Coolangatta Airport, QLD (OOL/YBCG), Australia","Brisbane-Eagle Farm Airport, QLD, Australia",,,Fatalities: 21 / Occupants: 21 
19490311-0,,Friday 11 March 1949,,Douglas C-47-DL (DC-3),Líneas Aéreas de Nicaragua - LANICA,,,, NC56800, 4589, 1942,,,,,Fatalities:  / Occupants: ,Fatalities:  / Occupants: ,,, Damaged beyond repair,,"Puerto Cabezas (   Nicaragua) 
", Unknown (UNK),Unknown,?,?,,,Fatalities:  / Occupants:  
19490311-1,,Friday 11 March 1949,,Boeing B-17G,Institut Géographique National - IGN,,,, F-BEEB, 8642, ,,,,,Fatalities: 5 / Occupants: 5,Fatalities: 0 / Occupants: 0,,, Destroyed, Written off (damaged beyond repair),"6 km (3.8 mls) from  Nkolafamba (   Cameroon) 
", En route (ENR),Unknown,"Douala Airport (DLA/FKKD), Cameroon","Entebbe Airport (EBB/HUEN), Uganda",,,Fatalities: 5 / Occupants: 5 
19490312-0,,Saturday 12 March 1949,11:15,Lisunov Li-2,Aeroflot / Tajikistan,,,, CCCP-L4335, 18427907, 1947,1366,,,,Fatalities: 5 / Occupants: 5,Fatalities: 6 / Occupants: 6,,, Damaged beyond repair,,"Mount Bel-Auty (   Uzbekistan) 
", En route (ENR),Domestic Scheduled Passenger,"Leninabad Airport (LBD/UTDL), Tajikistan","Stalinabad Airport (DYU/UTDD), Tajikistan",,,Fatalities: 11 / Occupants: 11 
19490312-1,,Saturday 12 March 1949,,Amiot AAC.1 (Junkers Ju-52),L'Armée de L'Air,,,, registration unknown, , ,,,,,Fatalities: 4 / Occupants: 4,Fatalities: 19 / Occupants: 19,,, Damaged beyond repair,,"Hoang Su Phi (   Vietnam) 
", Unknown (UNK),Military,?,?,,,Fatalities: 23 / Occupants: 23 
19490315-0,,Tuesday 15 March 1949,,Avro 685 York I,Skyways,,,, G-AHFI, 1316, 1946,,, 4 Rolls-Royce Merlin,,Fatalities: 3 / Occupants: 3,Fatalities: 0 / Occupants: 0,,, Damaged beyond repair,,"near Berlin-Gatow (   Germany) 
", Approach (APR),Cargo,?,"Berlin-R.A.F. Gatow Airport (GWW/EDBG), Germany",,,Fatalities: 3 / Occupants: 3 
19490316-0,,Wednesday 16 March 1949,,Douglas DC-2-243,Guinea Air Traders,,,, VH-ARC, 2089, 1939,,,,,Fatalities: 0 / Occupants: ,Fatalities: 0 / Occupants: ,,, Damaged beyond repair,,"Kerowagi (   Papua New Guinea) 
", Unknown (UNK),Unknown,?,?,,,Fatalities: 0 / Occupants:  
19490318-0,,Friday 18 March 1949,ca 09:40,Lockheed C-60A-5-LO Lodestar,New Zealand National Airways Corporation - NAC,,,, ZK-AKX, 18-2382, 1943,,,,,Fatalities: 2 / Occupants: 2,Fatalities: 13 / Occupants: 13,,, Damaged beyond repair,,"11 km (6.9 mls) NE of Paraparaumu Airport (PPQ) (   New Zealand) 
", Approach (APR),Domestic Scheduled Passenger,"Whenuapai Air Base (NZWP), New Zealand","Paraparaumu Airport (PPQ/NZPP), New Zealand",,,Fatalities: 15 / Occupants: 15 
19490322-0,,Tuesday 22 March 1949,,Curtiss C-46A-55-CK Commando,Linea Aérea Transatlantica Colombia - LATCO,,,, HK-63,   112, 1944,,, 2 Pratt & Whitney R-2800-51,,Fatalities: 0 / Occupants: 0,Fatalities: 0 / Occupants: 0,,, Damaged beyond repair,,"Barranquilla-E Cortissoz Airport (BAQ) (   Colombia) 
", Standing (STD),Unknown,-,-,,,Fatalities: 0 / Occupants: 0 
19490322-1,,Tuesday 22 March 1949,,Douglas Dakota IV (DC-3),Royal Air Force - RAF,,,, KJ970, 26264/14819, 1944,,, 2 Pratt & Whitney R-1830-90C,,Fatalities: 3 / Occupants: 3,Fatalities: 0 / Occupants: 0,,, Damaged beyond repair,,"3 km (1.9 mls) SE of Lübeck (   Germany) 
", Approach (APR),Military,"Berlin-R.A.F. Gatow Airport (GWW/EDBG), Germany","Lübeck-Blankensee RAF Station (LBC/EDHL), Germany",,,Fatalities: 3 / Occupants: 3 
19490322-2,,Tuesday 22 March 1949,,Lockheed 14-08 Super Electra,Kenting Aviation,,,, CF-TCK, 1474, 1938,,,,,Fatalities: 0 / Occupants: ,Fatalities: 0 / Occupants: ,,, Damaged beyond repair,,"Kingston-Palisadoes Airport (KIN) (   Jamaica) 
", Takeoff (TOF),Survey/research,"Kingston-Palisadoes International Airport (KIN/MKJP), Jamaica",?,,,Fatalities: 0 / Occupants:  
19490324-0,,Thursday 24 March 1949,,Fairchild C-82A Packet,United States Air Force - USAF,,,, 45-57798, 10168, ,,,,,Fatalities: 0 / Occupants: ,Fatalities: 0 / Occupants: ,,, Damaged beyond repair,,"510 km (318.8 mls) NW of Resolute Bay, NU (   Canada) 
", Unknown (UNK),Military,?,?,,,Fatalities: 0 / Occupants: 7 
19490326-0,,Saturday 26 March 1949,,Curtiss C-46F-1-CU Commando,,Freight Air,,United States Air Force - USAF, NC1664M, 22549, 1945,,,,,Fatalities: 0 / Occupants: 2,Fatalities: 0 / Occupants: 0,,, Damaged beyond repair,,"off Campeche (   Mexico) 
", En route (ENR),Unknown,?,"Guatemala City-La Aurora Airport (GUA/MGGT), Guatemala",,,Fatalities: 0 / Occupants: 2 
19490327-0,,Sunday 27 March 1949,14:39,Consolidated PBY-6A Catalina,United States Navy,,,, 64028, , ,,,,,Fatalities: 0 / Occupants: ,Fatalities: 0 / Occupants: ,,, Damaged beyond repair,,"973 km (608.1 mls) SW off  Johnston Island (   Pacific Ocean) 
", En route (ENR),Military,"Kwajalein Airport (KWA/PKWA), Marshall Islands","Johnston Island Airport (JON/PJON), U.S. Minor Outlying Islands",,,Fatalities: 0 / Occupants: 11 
19490329-0,,Tuesday 29 March 1949,,Douglas DC-2-243,Aerovias Brasil,,,, PP-MGA, 2058, 1939,,,,,Fatalities: 0 / Occupants: 3,Fatalities: 0 / Occupants: 0,,, Damaged beyond repair,,"Belo Horizonte-Carlos Prates Airport, MG (   Brazil) 
", Landing (LDG),Training,?,"Belo Horizonte-Carlos Prates Airport, MG (SBPR), Brazil",,,Fatalities: 0 / Occupants: 3 
19490330-0,,Wednesday 30 March 1949,,Douglas C-47B-1-DK (DC-3),United States Air Force - USAF,,,, 43-48295, 25556/14111, 1944,,,,,Fatalities: 0 / Occupants: ,Fatalities: 0 / Occupants: ,,, Damaged beyond repair,,"8 km (5 mls) SW of 	Edgar Springs, MO (   United States of America) 
", Unknown (UNK),Military,?,?,,,Fatalities: 0 / Occupants: 6 
19490406-0,,Wednesday 6 April 1949,,Handley Page Hastings C.1,Royal Air Force - RAF,,,, TG534, HP67/39, ,,,,,Fatalities: 0 / Occupants: ,Fatalities: 0 / Occupants: ,,, Damaged beyond repair,,"Schleswigland RAF Station (WBG) (   Germany) 
", Standing (STD),Military,"Schleswigland RAF Station (WBG/ETNS), Germany",?,,,Fatalities: 0 / Occupants:  
19490406-1,,Wednesday 6 April 1949,,Douglas C-47D (DC-3),Royal Hellenic Air Force,,,, 43-49249, 26510/15065, 1944,,,,,Fatalities: 7 / Occupants: 7,Fatalities: 0 / Occupants: 0,,, Damaged beyond repair,,"near Pirsogianni (   Greece) 
", En route (ENR),Military,?,?,,,Fatalities: 7 / Occupants: 7 
19490407-0,,Thursday 7 April 1949,13:15,Avro 691 Lancastrian C.1,Qantas,,,, VH-EAS, 1184, ,,, 4 Rolls-Royce Merlin,,Fatalities: 0 / Occupants: 8,Fatalities: 0 / Occupants: 0,,, Destroyed, Written off (damaged beyond repair),"Dubbo Airport, NSW (DBO) (   Australia) 
", Landing (LDG),Training,"Dubbo Airport, NSW (DBO/YSDU), Australia","Dubbo Airport, NSW (DBO/YSDU), Australia",,,Fatalities: 0 / Occupants: 8 
19490407-1,,Thursday 7 April 1949,,Vickers 632 Viking 1B,Air-India,,,, VT-CIZ, 202, 1947-04-24  (2 years),,,,,Fatalities: 0 / Occupants: 3,Fatalities: 0 / Occupants: 22,,, Damaged beyond repair,,"Marve Beach (   India) 
", En route (ENR),International Scheduled Passenger,"Bombay-Santacruz Airport (BOM/VABB), India","Karachi (unknown airport), Pakistan",,,Fatalities: 0 / Occupants: 25 
19490409-0,,Saturday 9 April 1949,,SNCASE SE.161/P7 Languedoc,Air France,,,, F-BATU, 23, 1945,,, 4 Pratt & Whitney R-1830,,Fatalities: 0 / Occupants: 5,Fatalities: 0 / Occupants: 30,,, Damaged beyond repair,,"Nice Airport (NCE) (   France) 
", Landing (LDG),Scheduled Passenger,?,"Nice Airport (NCE/LFMN), France",,,Fatalities: 0 / Occupants: 35 
19490420-0,,Wednesday 20 April 1949,,Douglas C-47A-90-DL (DC-3),Transportes Carga Aérea - TCA,,,, PP-ASB, 20467, 1944,,, 2 Pratt & Whitney R-1830-92,,Fatalities: 0 / Occupants: ,Fatalities: 0 / Occupants: ,,, Damaged beyond repair,,"Porto Nacional, TO (   Brazil) 
", Approach (APR),Unknown,"Rio de Janeiro-Santos Dumont Airport, RJ (SDU/SBRJ), Brazil","Porto Nacional Airport, TO (PNB/SBPN), Brazil",,,Fatalities: 0 / Occupants:  
19490421-0,,Thursday 21 April 1949,,Avro 685 York C.1,Royal Air Force - RAF,,,, MW188, , ,,, 4 Rolls-Royce Merlin,,Fatalities: 0 / Occupants: ,Fatalities: 0 / Occupants: ,,, Damaged beyond repair,,"Gütersloh Airport (GUT) (   Germany) 
", Landing (LDG),Military,?,?,,,Fatalities: 0 / Occupants:  
19490423-0,,Saturday 23 April 1949,,Douglas C-47A-5-DK (DC-3),Technical and Aeronautical Exploitations - TAE,,,, SX-BAF, 12322, 1944,,,,,Fatalities: 0 / Occupants: ,Fatalities: 0 / Occupants: ,,, Substantial,,"Athens-Hassani Airport (ATH) (   Greece) 
", Landing (LDG),Domestic Scheduled Passenger,?,"Athens-Hassani Airport (ATH/LGAT), Greece",,,Fatalities: 0 / Occupants:  
19490429-0,,Friday 29 April 1949,,Douglas DC-3,Transporturile Aeriene Romano-Sovietice - TARS,,,, registration unknown, , ,,,,,Fatalities: 0 / Occupants: ,Fatalities: 0 / Occupants: ,,, Unknown,,"Thessaloniki Airport (SKG) (   Greece) 
", Unknown (UNK),Unknown,"Timisoara Airport (TSR/LRTR), Romania","Bucharest-Baneasa Airport (BBU/LRBS), Romania",,,Fatalities: 0 / Occupants:  
19490429-1,,Friday 29 April 1949,12:20,Lisunov Li-2,"Aeroflot, Yakutsk Civil Aviation Directorate",,,, CCCP-L4464, 3702, 1948,769,,,,Fatalities: 3 / Occupants: 6,Fatalities: 11 / Occupants: 18,,, Damaged beyond repair,,"117 km (73.1 mls) E of Kirensk (   Russia) 
", En route (ENR),Domestic Scheduled Passenger,"Yakutsk Airport (YKS/UEEE), Russia","Kirensk (UIKK), Russia",,,Fatalities: 14 / Occupants: 24 
19490504-0,,Wednesday 4 May 1949,,Curtiss C-46F Commando,Continental Charters,,,, registration unknown, , ,,,,,Fatalities: 0 / Occupants: 3,Fatalities: 0 / Occupants: 0,,, Damaged beyond repair,,"Saint Thomas Airport (STT) (   U.S. Virgin Islands) 
", Takeoff (TOF),Cargo,"Saint Thomas Airport (STT/TIST), U.S. Virgin Islands",?,,,Fatalities: 0 / Occupants: 3 
19490504-1,,Wednesday 4 May 1949,ca 17:05,Fiat G.212CP,Avio Linee Italiane - ALI,,,, I-ELCE, 05, 1947,,,,,Fatalities: 4 / Occupants: 4,Fatalities: 27 / Occupants: 27,,, Destroyed, Written off (damaged beyond repair),"12 km (7.5 mls) E of Torino-Aeritalia Airport (   Italy) 
", Approach (APR),Int'l Non Scheduled Passenger,"Barcelona-El Prat Airport (BCN/LEBL), Spain","Torino-Aeritalia Airport (LIMA), Italy",,,Fatalities: 31 / Occupants: 31 
19490505-0,,Thursday 5 May 1949,,Curtiss C-46A-5-CK Commando,O. Steiner,,,, PP-DKF, 52, 1944,,, 2 Pratt & Whitney R-2800-51,,Fatalities: 1 / Occupants: 2,Fatalities: 1 / Occupants: 4,,, Damaged beyond repair,,"near Abaetetuba, PA (   Brazil) 
", En route (ENR),Cargo,?,"Belém (unknown airport), PA, Brazil",,,Fatalities: 2 / Occupants: 6 
19490506-0,,Friday 6 May 1949,,Bristol 170 Freighter 31,Bristol Aeroplane Company,,,, G-AIFF, 12766, ,,,,,Fatalities: 7 / Occupants: 7,Fatalities: 0 / Occupants: 0,,, Damaged beyond repair,,"26 km (16.3 mls) off  Portland Lighthouse (   United Kingdom) 
", Maneuvering (MNV),Test,"Filton Airport (FZO/EGTG), United Kingdom",?,,,Fatalities: 7 / Occupants: 7 
19490507-0,,Saturday 7 May 1949,,Douglas C-47B-35-DK (DC-3),Philippine Air Lines,,,, PI-C98, 33491/16743, 1945,,, 2 Pratt & Whitney R-1830-90C,,Fatalities: 3 / Occupants: 3,Fatalities: 10 / Occupants: 10,,, Damaged beyond repair,,"off Alabat Island [Lamon Bay] (   Philippines) 
", En route (ENR),Domestic Scheduled Passenger,"Daet-Camarines Norte Airport (DTE/RPUD), Philippines","Manila International Airport (MNL/RPLL), Philippines",,,Fatalities: 13 / Occupants: 13 
19490509-0,,Monday 9 May 1949,ca 11:00,Douglas C-47 (DC-3),Fuerza Aérea Ecuatoriana,,,, registration unknown, , ,,,,,Fatalities: 5 / Occupants: 5,Fatalities: 6 / Occupants: 6,,, Damaged beyond repair,,"Volcán Tungurahua (   Ecuador) 
", En route (ENR),Military,?,?,,,Fatalities: 11 / Occupants: 11 
19490510-0,,Tuesday 10 May 1949,,Avro 691 Lancastrian XPP,Flight Refuelling,,,, G-AKDP, 3386, ,,,,,Fatalities: 0 / Occupants: 4,Fatalities: 0 / Occupants: 0,,, Damaged beyond repair,,"24 km (15 mls) S of Schwerin (   Germany) 
", Unknown (UNK),Cargo,?,?,,,Fatalities: 0 / Occupants: 4 
19490513-0,,Friday 13 May 1949,,Curtiss C-46D-15-CU Commando,Transandina Ecuador,,,, HC-SIB, 33480, 1945,,,,,Fatalities: 0 / Occupants: 3,Fatalities: 0 / Occupants: 0,,, Damaged beyond repair,,"Quito-Mariscal Sucre Airport (UIO) (   Ecuador) 
", Takeoff (TOF),Unknown,"Quito-Mariscal Sucre Airport (UIO/SEQU), Ecuador",?,,,Fatalities: 0 / Occupants: 3 
19490513-1,,Friday 13 May 1949,14:10,Ilyushin Il-12P,"Aeroflot, Moscow Civil Aviation Directorate",,,, CCCP-L1791, 93013208, 1949,51,,,,Fatalities: 5 / Occupants: 5,Fatalities: 20 / Occupants: 20,,, Damaged beyond repair,,"12 km (7.5 mls) from  Novosibirsk-Severny (North) Airport (   Russia) 
", En route (ENR),Domestic Scheduled Passenger,"Omsk Airport (OMS/UNOO), Russia","Novosibirsk-Severny (North) Airport (UNCC), Russia",,,Fatalities: 25 / Occupants: 25 
19490515-0,,Sunday 15 May 1949,,Consolidated PBY-5A Catalina,United States Navy,,,, 34014, , ,,,,,Fatalities:  / Occupants: ,Fatalities:  / Occupants: ,,, Damaged beyond repair,,"Detroit River, MI (   United States of America) 
", Landing (LDG),Military,?,?,,,Fatalities:  / Occupants:  
19490518-0,,Wednesday 18 May 1949,,Douglas C-47A-25-DK (DC-3),Royal Canadian Air Force - RCAF,,,, KG635, 13395, 1944,,, 2 Pratt & Whitney R-1830-92,,Fatalities:  / Occupants: ,Fatalities:  / Occupants: ,,, Damaged beyond repair,,"Yellowknife, NT (   Canada) 
", Unknown (UNK),Military,?,?,,,Fatalities:  / Occupants:  
19490520-0,Final,Friday 20 May 1949,17:45 UTC,Fairchild C-82A Packet,United States Air Force - USAF,,,, 48-572, 10207, 1948,489,,,,Fatalities: 0 / Occupants: 6,Fatalities: 0 / Occupants: 0,,, Damaged beyond repair,,"Isachsen Airstrip, NU (   Canada) 
", Takeoff (TOF),Military,"Isachsen Airstrip, NU, Canada",?,,,Fatalities: 0 / Occupants: 6 
19490523-0,,Monday 23 May 1949,,Douglas Dakota IV (DC-3),Royal Air Force - RAF,,,, KP276, 33578/16830, 1945,,, 2 Pratt & Whitney R-1830-90C,,Fatalities: 0 / Occupants: ,Fatalities: 0 / Occupants: ,,, Damaged beyond repair,,"North Luffenham RAF Station (   United Kingdom) 
", Taxi (TXI),Military,"North Luffenham RAF Station, United Kingdom",?,,,Fatalities: 0 / Occupants:  
19490526-0,,Thursday 26 May 1949,,Douglas C-54D-15-DC Skymaster (DC-4),United States Air Force - USAF,,,, 43-17230, 22180/632, ,,,,,Fatalities:  / Occupants: ,Fatalities:  / Occupants: ,,, Substantial,,"Celle RAF Station (   Germany) 
", Landing (LDG),Military,?,"Celle RAF Station (ZCN/ETHC), Germany",,,Fatalities:  / Occupants:  
19490527-0,,Friday 27 May 1949,,Curtiss C-46F-1-CU Commando,Trans-Air Hawaii,,,, N5615V, 22368, 1945,,,,,Fatalities: 2 / Occupants: 2,Fatalities: 0 / Occupants: 0,,, Damaged beyond repair,,"Maui, HI (   United States of America) 
", Approach (APR),Unknown,?,"Kahului Airport, HI (OGG/PHOG), United States of America",,,Fatalities: 2 / Occupants: 2 
