Identifiant:,Status:,Date:,Time:,Type:,Operator:,Operating for:,On behalf of:,Leased from:,Registration:,C/n / msn:,First flight:,Total airframe hrs:,Year built:,Engines:,Cycles:,Crew:,Passengers:,Ground casualties:,Collision casualties:,Aircraft damage:,Aircraft fate:,Location:,Phase:,Nature:,Departure airport:,Destination airport:,Flightnumber:,Probable cause:,Total:
19620102-0,Final,Tuesday 2 January 1962,13:16,Douglas C-47-DL (DC-3),Iran Air,,,, EP-ABB, 6043, 1942,,, 2 Pratt & Whitney R-1830-92,,Fatalities: 0 / Occupants: 2,Fatalities: 0 / Occupants: 0,,, Damaged beyond repair,,"Kabul-Khwaja Rawash Airport (KBL) (   Afghanistan) 
", Takeoff (TOF),Cargo,"Kabul-Khwaja Rawash Airport (KBL/OAKB), Afghanistan","Tehran-Mehrabad Airport (THR/OIII), Iran", 123,,Fatalities: 0 / Occupants: 2 
19620102-1,,Tuesday 2 January 1962,,Convair C-131E (CV-440),United States Air Force - USAF,,,, 55-4750, 337, 1956,,,,,Fatalities:  / Occupants: ,Fatalities:  / Occupants: ,,, Damaged beyond repair,,"at an unknown location (   Unknown country) 
", Unknown (UNK),Military,?,?,,,Fatalities:  / Occupants:  
19620106-0,,Saturday 6 January 1962,,Curtiss C-46A-60-CK Commando,TAN Honduras (Transportes Aéreos Nacionales),,,, HR-TNB, 435, 1945,,, 2 Pratt & Whitney R-2800-51,,Fatalities: 1 / Occupants: 2,Fatalities: 0 / Occupants: 0,,, Damaged beyond repair,,"Belize City-Philip S.W. Goldson International Airport (BZE) (   Belize) 
", Initial climb (ICL),Cargo,"Belize City-Philip S.W. Goldson International Airport (BZE/MZBZ), Belize",?,,,Fatalities: 1 / Occupants: 2 
19620108-0,,Monday 8 January 1962,,Lockheed RB-69A Neptune,Republic of China Air Force - ROCAF,,,, 54-4038, 726-7097, ,,,,,Fatalities: 14 / Occupants: 14,Fatalities: 0 / Occupants: 0,,, Damaged beyond repair,,"Korea Bay (   China) 
", En route (ENR),Military,?,?,,,Fatalities: 14 / Occupants: 14 
19620110-0,,Wednesday 10 January 1962,ca 23:00,Douglas C-47 (DC-3),Air National Guard,,,, registration unknown, , ,,,,,Fatalities: 5 / Occupants: 5,Fatalities: 0 / Occupants: 0,,, Damaged beyond repair,,"South Park Township, PA (   United States of America) 
", En route (ENR),Military,"Pittsburgh-Greater Pittsburgh Airport, PA (PIT/KPIT), United States of America","Pittsburgh-Greater Pittsburgh Airport, PA (PIT/KPIT), United States of America",,,Fatalities: 5 / Occupants: 5 
19620110-2,,Wednesday 10 January 1962,,Douglas C-47A-DK (DC-3),United States Air Force - USAF,,,, 42-92078, 11839, 1943,,,,,Fatalities:  / Occupants: ,Fatalities:  / Occupants: ,,, Damaged beyond repair,,"unknown (   Unknown country) 
", Unknown (UNK),Military,?,?,,,Fatalities:  / Occupants:  
19620110-3,,Wednesday 10 January 1962,,Douglas C-47D (DC-3),United States Air Force - USAF,,,, 44-76663, 32995/16247, 1945,,,,,Fatalities:  / Occupants: ,Fatalities:  / Occupants: ,,, Damaged beyond repair,,"unknown (   Unknown country) 
", Unknown (UNK),Military,?,?,,,Fatalities:  / Occupants:  
19620111-0,,Thursday 11 January 1962,,Curtiss C-46D-15-CU Commando,Aerovias Panama Airways - APASA,,,, HP-312, 33381, 1945,,,,,Fatalities:  / Occupants: ,Fatalities:  / Occupants: ,,, Damaged beyond repair,,"near Maniamuna (   Democratic Republic of the Congo) 
", Unknown (UNK),Unknown,?,?,,,Fatalities:  / Occupants:  
19620112-0,,Friday 12 January 1962,,Lockheed P2V Neptune,United States Navy,,,, 131521, 426-5402, ,,,,,Fatalities: 12 / Occupants: 12,Fatalities: 0 / Occupants: 0,,, Damaged beyond repair,,"Kronborg Glacier (   Greenland) 
", En route (ENR),Military,?,?,,,Fatalities: 12 / Occupants: 12 
19620113-0,,Saturday 13 January 1962,,Douglas C-47A-50-DL (DC-3),Ethiopian Air Lines,,,, ET-T-1, 10053, 1943,20026,, 2 Pratt & Whitney R-1830-92,,Fatalities: 2 / Occupants: 3,Fatalities: 3 / Occupants: 15,Fatalities: 1,, Damaged beyond repair,,"Tippi Airport (TIE) (   Ethiopia) 
", Takeoff (TOF),Domestic Scheduled Passenger,"Tippi Airport (TIE/HATP), Ethiopia","Jimma Airport (JIM/HAJM), Ethiopia",,,Fatalities: 5 / Occupants: 18 
19620115-0,,Monday 15 January 1962,,Douglas C-47-DL (DC-3),Nordair,,,, CF-IQF, 6101, 1942,,, 2 Pratt & Whitney R-1830-92,,Fatalities:  / Occupants: ,Fatalities:  / Occupants: ,,, Damaged beyond repair,,"Arctic Bay, NT (   Canada) 
", Unknown (UNK),Unknown,?,?,,,Fatalities:  / Occupants:  
19620115-1,,Monday 15 January 1962,,Douglas C-47B-10-DK (DC-3),United States Air Force - USAF,,,, 43-49160, 26421/14976, 1944,,, 2 Pratt & Whitney R-1830-90C,,Fatalities:  / Occupants: ,Fatalities:  / Occupants: ,,, Damaged beyond repair,,"Oslo-Fornebu Airport (FBU) (   Norway) 
", Unknown (UNK),Military,?,?,,,Fatalities:  / Occupants:  
19620117-0,,Wednesday 17 January 1962,,Curtiss C-46A-45-CU Commando,Aerocarga,,,, ZP-CAI, 30447, 1944,,, 2 Pratt & Whitney R-2800-51,,Fatalities:  / Occupants: ,Fatalities:  / Occupants: ,,, Damaged beyond repair,,"50 km (31.3 mls) SSE of Curuzú Cuatiá (   Argentina) 
", Landing (LDG),Unknown,?,?,,,Fatalities:  / Occupants:  
19620121-0,,Sunday 21 January 1962,,Douglas DC-4-1009,Trans Mediterranean Airways - TMA,,,, OD-ADO, 42949, 1946,,,,,Fatalities: 0 / Occupants: ,Fatalities: 0 / Occupants: ,,, Damaged beyond repair,,"Azaiba Airfield (   Oman) 
", Approach (APR),Unknown,?,"Azaiba Airfield, Oman",,,Fatalities: 0 / Occupants:  
19620122-0,,Monday 22 January 1962,15:16,Curtiss C-46D-15-CU Commando,Transaéreos de la Corporación Boliviana de Fomento,,,, CP-541, 33579, 1945,,,,,Fatalities: 4 / Occupants: 4,Fatalities: 2 / Occupants: 2,,, Damaged beyond repair,,"Caranavi Airport (   Bolivia) 
", Takeoff (TOF),Cargo,"Caranavi Airport (SLVI), Bolivia",?,,,Fatalities: 6 / Occupants: 6 
19620125-0,,Thursday 25 January 1962,,Boeing KC-135A Stratotanker,United States Air Force - USAF,,,, 56-3657, 17406/96, 1958-04-30  (3 years 9 months),,, 4 Pratt & Whitney J57-P,,Fatalities: 0 / Occupants: ,Fatalities: 0 / Occupants: ,,, Destroyed, Written off (damaged beyond repair),"Altus AFB, OK (LTS) (   United States of America) 
", Standing (STD),Military,-,-,,,Fatalities: 0 / Occupants:  
19620126-0,,Friday 26 January 1962,15:30,Douglas C-47A-75-DL (DC-3),Air National Guard,,,, 42-100861, 19324, 1943,,,,,Fatalities: 3 / Occupants: 3,Fatalities: 3 / Occupants: 3,,, Damaged beyond repair,,"40 km (25 mls) N of Helena, MT (   United States of America) 
", En route (ENR),Military,"Helena Airport, MT (HLN/KHLN), United States of America","Cut Bank Airport, MT (CTB/KCTB), United States of America",,,Fatalities: 6 / Occupants: 6 
19620127-0,,Saturday 27 January 1962,18:18,Antonov An-10A,"Aeroflot, Ulyanovsk Advanced Flying Training College",,,, CCCP-11148, 9400801, 1959,622,, 4 Ivchenko AI-20K,1435,Fatalities: 4 / Occupants: 4,Fatalities: 9 / Occupants: 10,,, Damaged beyond repair,,"1 km (0.6 mls) SW of Ulyanovsk/Baratayevka Airport (   Russia) 
", Initial climb (ICL),Training,"Ulyanovsk/Baratayevka Airport (ULV/UWLL), Russia","Ulyanovsk/Baratayevka Airport (ULV/UWLL), Russia",,,Fatalities: 13 / Occupants: 14 
19620127-1,,Saturday 27 January 1962,11:46,de Havilland Canada U-1A Otter (DHC-3),United States Army,,,, 55-3317, 182, ,1807,,,,Fatalities:  / Occupants: 2,Fatalities:  / Occupants: 3,,, Damaged beyond repair,,"500 km (312.5 mls) SE of Teheran (   Iran) 
", En route (ENR),Military,"Tehran-Mehrabad Airport (THR/OIII), Iran","Dezful Airport (OIAD), Iran",,,Fatalities: 3 / Occupants: 5 
19620127-2,,Saturday 27 January 1962,,CASA 352 (Junkers Ju-52),Ejército del Aire,,,, T.2B-258, 149, ,,,,,Fatalities:  / Occupants: ,Fatalities:  / Occupants: ,,, Damaged beyond repair,,"at an unknown location (   Unknown country) 
", Unknown (UNK),Military,?,?,,,Fatalities:  / Occupants:  
19620128-0,,Sunday 28 January 1962,,Curtiss C-46A-55-CK Commando,Juan Adorisio Naschez,,,, CX-AYI,   170, 1944,,, 2 Pratt & Whitney R-2800-51,,Fatalities: 0 / Occupants: 3,Fatalities: 0 / Occupants: 1,,, Damaged beyond repair,,"near La Toma, SL (   Argentina) 
", Unknown (UNK),Cargo,?,?,,,Fatalities: 0 / Occupants: 4 
19620128-1,,Sunday 28 January 1962,,Douglas C-54B-1-DC (DC-4),Avianca,,,, HK-130, 10469, 1944,,,,,Fatalities: 0 / Occupants: 4,Fatalities: 0 / Occupants: 50,,, Damaged beyond repair,,"Cúcuta Airport (CUC) (   Colombia) 
", Landing (LDG),Domestic Scheduled Passenger,"Bogotá-Eldorado Airport (BOG/SKBO), Colombia","Cúcuta-Camilo Daza Airport (CUC/SKCC), Colombia",,,Fatalities: 0 / Occupants: 54 
19620132-0,,Thursday 1 February 1962,,SNCASO S.O.95M Corse III,Aéronavale,,,, 	2.S.15, 15, ,,,,,Fatalities: 0 / Occupants: ,Fatalities: 0 / Occupants: ,,, Damaged beyond repair,,"within France (   France) 
", En route (ENR),Military,?,?,,,Fatalities: 0 / Occupants:  
19620201-1,,Thursday 1 February 1962,ca 11:00,Canadair DC-4M1 North Star,Royal Canadian Air Force - RCAF,,,, 17520, 104, 1947,,, 4 Rolls-Royce Merlin 622,,Fatalities: 0 / Occupants: ,Fatalities: 0 / Occupants: ,,, Damaged beyond repair,,"near Hall Beach Airport, NU (YUX) (   Canada) 
", Approach (APR),Military,"Hall Beach Airport, NU (YUX/CYUX), Canada","Cambridge Bay Airport, NU (YCB/CYCB), Canada",,,Fatalities: 0 / Occupants: 21 
19620202-0,,Friday 2 February 1962,,Fairchild C-123B-18-FA Provider,United States Air Force - USAF,,,, 56-4370, 20254, ,,,,,Fatalities: 3 / Occupants: 3,Fatalities: 0 / Occupants: 0,,, Damaged beyond repair,,"between Bien Hoa and Vung Tau (   Vietnam) 
", En route (ENR),Military,"Saigon-Tan Son Nhat International Airport (SGN/VVTS), Vietnam","Saigon-Tan Son Nhat International Airport (SGN/VVTS), Vietnam",,,Fatalities: 3 / Occupants: 3 
19620204-0,,Sunday 4 February 1962,,Curtiss C-46D-20-CU Commando,Air America,,,, B-916, 22362, 1945,,,,,Fatalities: 6 / Occupants: 6,Fatalities: 0 / Occupants: 0,,, Damaged beyond repair,,"near Xieng Khouang (   Laos) 
", Maneuvering (MNV),Military,?,?,,,Fatalities: 6 / Occupants: 6 
19620204-1,,Sunday 4 February 1962,10:05,Douglas C-53-DO (DC-3),Faucett,,,, OB-PBH-530, 7331, 1942,,,,,Fatalities: 3 / Occupants: 3,Fatalities: 15 / Occupants: 15,,, Damaged beyond repair,,"17 km (10.6 mls) NE of Tingo Maria (   Peru) 
", En route (ENR),Domestic Scheduled Passenger,"Huánuco Airport (HUU/SPHV), Peru","Pucallpa Airport (PCL/SPCL), Peru",,,Fatalities: 18 / Occupants: 18 
19620204-2,,Sunday 4 February 1962,,Douglas C-47A-25-DK (DC-3),United States Air Force - USAF,,,, 42-108992, 13768, 1944,,,,,Fatalities:  / Occupants: ,Fatalities:  / Occupants: ,,, Damaged beyond repair,,"Greensboro/High Point Airport, NC (GSO) (   United States of America) 
", Takeoff (TOF),Military,"Greensboro/High Point Airport, NC (GSO/KGSO), United States of America","Valparaiso-Eglin AFB, FL (VPS/KVPS), United States of America",,,Fatalities: 7 / Occupants: 7 
19620206-0,,Tuesday 6 February 1962,16:15,Lockheed P2V-7 Neptune,Japan Maritime Self Defence Force - JMSDF,,,, 4621, 2005, ,,,,,Fatalities:  / Occupants: ,Fatalities:  / Occupants: ,,, Damaged beyond repair,,"off Hachinohe (   Japan) 
", Unknown (UNK),Military,?,?,,,Fatalities: 10 / Occupants:  
19620211-0,,Sunday 11 February 1962,,Douglas SC-47A,United States Air Force - USAF,,,, 43-15732, 20198, 1944,,,,,Fatalities: 9 / Occupants: 9,Fatalities: 0 / Occupants: 0,,, Damaged beyond repair,,"near Bao Loc (   Vietnam) 
", En route (ENR),Military,"Saigon-Tan Son Nhat International Airport (SGN/VVTS), Vietnam","Da Nang Airport (DAD/VVDN), Vietnam",,,Fatalities: 9 / Occupants: 9 
19620220-0,,Tuesday 20 February 1962,,Douglas C-47A-25-DK (DC-3),Iran Air,,,, EP-AEI, 13552, 1944,,, 2 Pratt & Whitney R-1830-92,,Fatalities:  / Occupants: ,Fatalities:  / Occupants: ,,, Damaged beyond repair,,"near Ahwaz Airport (AWZ) (   Iran) 
", Unknown (UNK),Unknown,?,?,,,Fatalities:  / Occupants:  
19620223-0,,Friday 23 February 1962,,de Havilland DH-114 Heron 1B,Toa Airways,,,, JA6158, 14028, 1954,,,,,Fatalities: 3 / Occupants: 3,Fatalities: 0 / Occupants: 0,,, Damaged beyond repair,,"Mt Ohira (   Japan) 
", Unknown (UNK),Test,"Hiroshima International Airport (HIJ/RJOA), Japan","Hofu Airport (RJOF), Japan",,,Fatalities: 3 / Occupants: 3 
19620224-0,,Saturday 24 February 1962,,Ilyushin Il-18V,Tarom,,,, YR-IMB, 181003702, ,,, 4 Ivchenko AI-20,,Fatalities: 0 / Occupants: ,Fatalities: 0 / Occupants: ,,, Damaged beyond repair,,"near Paphos (   Cyprus) 
", En route (ENR),International Scheduled Passenger,"Bucharest-Otopeni International Airport (OTP/LROP), Romania","Nicosia Airport (NIC/LCNC), Cyprus",,,Fatalities: 0 / Occupants: 100 
19620225-0,,Sunday 25 February 1962,,Convair T-29A (CV-240),United States Air Force - USAF,,,, 49-1931, 198, 1950,,,,,Fatalities: 3 / Occupants: 3,Fatalities: 0 / Occupants: 0,,, Destroyed, Written off (damaged beyond repair),"24 km (15 mls) NW of Durango, CO (   United States of America) 
", En route (ENR),Military,"Amarillo AFB, TX (AMA/KAMA), United States of America",?,,,Fatalities: 3 / Occupants: 3 
19620225-1,,Sunday 25 February 1962,ca 18:45,Fairchild F-27,AVENSA,,,, YV-C-EVH,  12, 1958,,,,,Fatalities: 3 / Occupants: 3,Fatalities: 20 / Occupants: 20,,, Damaged beyond repair,,"10 km (6.3 mls) from  Porlamar (   Venezuela) 
", Approach (APR),Domestic Scheduled Passenger,"Carúpano Airport (CUP/SVCP), Venezuela","Porlamar Airport (PMV/SVMG), Venezuela",,,Fatalities: 23 / Occupants: 23 
19620225-2,,Sunday 25 February 1962,14:35,Douglas C-47A-80-DL (DC-3),Avianca,,,, HK-502, 19653, 1944,,, 2 Pratt & Whitney R-1830-92,,Fatalities: 2 / Occupants: 2,Fatalities: 0 / Occupants: 0,,, Damaged beyond repair,,"Municipio de Marulanda (   Colombia) 
", En route (ENR),Cargo,"Manizales-La Nubia Airport (MZL/SKMZ), Colombia","Bogotá-Eldorado Airport (BOG/SKBO), Colombia",,,Fatalities: 2 / Occupants: 2 
19620227-1,,Tuesday 27 February 1962,,Convair CV-240-23,Garuda Indonesia Airways,,,, PK-GCB, 172, 1950,,,,,Fatalities:  / Occupants: ,Fatalities:  / Occupants: ,,, Damaged beyond repair,,"Palembang (   Indonesia) 
", Unknown (UNK),Unknown,?,?,,,Fatalities:  / Occupants:  
19620228-0,,Wednesday 28 February 1962,,Lockheed L-049 Constellation,Panair do Brasil,,,, PP-PCR, 2060, ,,,,,Fatalities: 0 / Occupants: 6,Fatalities: 0 / Occupants: 19,,, Damaged beyond repair,,"Rio de Janeiro-Galeão International Airport, RJ (GIG) (   Brazil) 
", Landing (LDG),Domestic Scheduled Passenger,"Belo Horizonte-Pampulha Airport, MG (PLU/SBBH), Brazil","Belém/Val-de-Cans International Airport, PA (BEL/SBBE), Brazil",,,Fatalities: 0 / Occupants: 25 
19620301-0,Final,Thursday 1 March 1962,10:08:49,Boeing 707-123B,American Airlines,,,, N7506A, 17633/12, 1959,8147,, 4 Pratt & Whitney JT3D-1-MC6,,Fatalities: 8 / Occupants: 8,Fatalities: 87 / Occupants: 87,,, Destroyed, Written off (damaged beyond repair),"Jamaica Bay, NY (   United States of America) 
", Initial climb (ICL),Domestic Scheduled Passenger,"New York-Idlewild International Airport, NY (IDL/KIDL), United States of America","Los Angeles International Airport, CA (LAX/KLAX), United States of America",  AA1,,Fatalities: 95 / Occupants: 95 
19620303-0,,Saturday 3 March 1962,,Douglas DC-3-178,Varig,,,, PP-YQN, 1919, 1937,,,,,Fatalities:  / Occupants: ,Fatalities:  / Occupants: ,,, Damaged beyond repair,,"Nanuque, MG (   Brazil) 
", Unknown (UNK),Unknown,?,?,,,Fatalities:  / Occupants:  
19620303-2,,Saturday 3 March 1962,,Ilyushin Il-14P,Polish Air Force,,,, 026, 14803071, ,,,,,Fatalities: 0 / Occupants: ,Fatalities: 0 / Occupants: ,Fatalities: 1,, Damaged beyond repair,,"near Warsaw (   Poland) 
", En route (ENR),Military,?,?,,,Fatalities: 0 / Occupants:  
19620304-0,Final,Sunday 4 March 1962,18:21,Douglas DC-7C,,Caledonian Airways,,Sabena, G-ARUD, 45160/754, 1957,,,,,Fatalities: 10 / Occupants: 10,Fatalities: 101 / Occupants: 101,,, Destroyed, Written off (damaged beyond repair),"2,5 km (1.6 mls) E of Douala Airport (DLA) (   Cameroon) 
", Initial climb (ICL),Int'l Non Scheduled Passenger,"Douala Airport (DLA/FKKD), Cameroon","Lisboa-Portela de Sacavém Airport (LIS/LPPT), Portugal", 153,,Fatalities: 111 / Occupants: 111 
19620306-0,,Tuesday 6 March 1962,14:15,Douglas C-47B-30-DK (DC-3),South African Airways - SAA,,,, ZS-DJC, 32937/16189, 1945,,, 2 Pratt & Whitney R-1830-90C,,Fatalities: 2 / Occupants: 4,Fatalities: 0 / Occupants: 3,,, Damaged beyond repair,,"11 km (6.9 mls) N of Seymour (   South Africa) 
", En route (ENR),Domestic Scheduled Passenger,"Grahamstown (FAGT), South Africa","Queenstown Airport (UTW/FAQT), South Africa", 512,,Fatalities: 2 / Occupants: 7 
19620307-0,,Wednesday 7 March 1962,,Handley Page Hastings C.1,Royal Air Force - RAF,,,, TG508, HP67/12, ,,,,,Fatalities: 0 / Occupants: ,Fatalities: 0 / Occupants: ,,, Damaged beyond repair,,"Thorney Island RAF Station (   United Kingdom) 
", Landing (LDG),Military,?,"Thorney Island RAF Station, United Kingdom",,,Fatalities: 0 / Occupants:  
19620308-0,,Thursday 8 March 1962,ca 23:00,Douglas DC-6B,Società Aerea Mediterranea - SAM,,,, I-DIMO, 44254/456, 1954,,, 4 Pratt & Whitney R-2800,,Fatalities: 5 / Occupants: 5,Fatalities: 0 / Occupants: 0,,, Damaged beyond repair,,"Mt Velino (   Italy) 
", En route (ENR),Cargo,"Khartoum-Civil Airport (KRT/HSSS), Sudan","Roma-Ciampino Airport (CIA/LIRA), Italy",,,Fatalities: 5 / Occupants: 5 
19620308-1,,Thursday 8 March 1962,15:43 UTC,Fairchild F-27,Türk Hava Yollari - THY,,,, TC-KOP,  83, 1960,,,,,Fatalities: 3 / Occupants: 3,Fatalities: 8 / Occupants: 8,,, Damaged beyond repair,,"Taurus Mountains (   Turkey) 
", Approach (APR),Domestic Scheduled Passenger,"Ankara-Esenboga Airport (ESB/LTAC), Turkey","Adana Airport (ADA/LTAF), Turkey",,,Fatalities: 11 / Occupants: 11 
19620308-2,,Thursday 8 March 1962,,Lockheed C-130A Hercules,United States Air Force - USAF,,,, 55-0020, 3047, 1957,,,,,Fatalities: 13 / Occupants: 13,Fatalities: 2 / Occupants: 2,,, Damaged beyond repair,,"11 km (6.9 mls) N of Alençon (   France) 
", En route (ENR),Military,?,"Evreux Airport (EVX/LFOE), France",,,Fatalities: 15 / Occupants: 15 
19620314-0,,Wednesday 14 March 1962,,Douglas R4D-8 (Super DC-3),United States Navy,,,, 12445, 43314, 1943,,,,,Fatalities:  / Occupants: ,Fatalities:  / Occupants: ,,, Damaged beyond repair,,"Toyanaka (   Japan) 
", Unknown (UNK),Military,?,?,,,Fatalities:  / Occupants:  
19620315-0,,Thursday 15 March 1962,01:11,Lockheed L-1049H Super Constellation,Flying Tiger Line,,,, N6911C, 4804, ,16038,,,,Fatalities: 1 / Occupants: 7,Fatalities: 0 / Occupants: 0,,, Damaged beyond repair,,"Adak Naval Air Facility, AK (ADK) (   United States of America) 
", Approach (APR),Cargo,"Cold Bay Airport, AK (CDB/PACD), United States of America","Adak Naval Air Facility, AK (ADK/PADK), United States of America",7816,,Fatalities: 1 / Occupants: 7 
19620315-1,,Thursday 15 March 1962,,Howard Super Ventura,Howard Aero Inc.,,,, N5399N, 5277, 1943,,,,,Fatalities:  / Occupants: ,Fatalities:  / Occupants: ,,, Damaged beyond repair,,"Bandera, TX (   United States of America) 
", Unknown (UNK),Test,?,?,,,Fatalities: 3 / Occupants: 3 
19620316-0,,Friday 16 March 1962,,Vickers 739 Viscount,United Arab Airlines - UAA,,,, SU-AID,  86, 1955-12-21  (6 years 3 months),12002,, 4 Rolls-Royce Dart 506,15468,Fatalities: 0 / Occupants: 6,Fatalities: 0 / Occupants: 10,,, Damaged beyond repair,,"5 km (3.1 mls) W of Wadi Halfa Airport (WHF) (   Sudan) 
", Landing (LDG),International Scheduled Passenger,"Jerusalem Airport (JRS/OJJR), Israel","Cairo International Airport (CAI/HECA), Egypt",,,Fatalities: 0 / Occupants: 16 
19620316-1,Final,Friday 16 March 1962,ca 01:30,Lockheed L-1049H Super Constellation,Flying Tiger Line,,,, N6921C, 4817, 1957,17224,,,,Fatalities: 11 / Occupants: 11,Fatalities: 96 / Occupants: 96,,, Missing, Presumed damaged beyond repair,"between Guam and Angeles City (   Pacific Ocean) 
", En route (ENR),Int'l Non Scheduled Passenger,"Guam-Agana NAS (NGM), Guam","Angeles City-Clark Air Base (CRK/RPMK), Philippines", 739,,Fatalities: 107 / Occupants: 107 
19620320-0,,Tuesday 20 March 1962,,Nord 2501 Noratlas,L'Armée de L'Air,,,, 204, 204, ,,, 2 Bristol Hercules 739,,Fatalities: 5 / Occupants: 5,Fatalities: 6 / Occupants: 6,,, Damaged beyond repair,,"80 km (50 mls) SE of Algiers (   Algeria) 
", En route (ENR),Military,"Ouargla-Ain Beida Airport (OGX/DAUU), Algeria","Algiers-Dar el Beida Airport (ALG/DAAG), Algeria",,,Fatalities: 11 / Occupants: 11 
19620327-0,,Tuesday 27 March 1962,,Ilyushin Il-14,Cubana de Aviación,,,, CU-T819, , ,,,,,Fatalities: 4 / Occupants: 4,Fatalities: 18 / Occupants: 18,,, Damaged beyond repair,,"1,6 km (1 mls) off  Santiago Airport (SCU) (   Cuba) 
", Initial climb (ICL),Domestic Scheduled Passenger,"Santiago-Antonio Maceo Airport (SCU/MUCU), Cuba","Havana-José Martí International Airport (HAV/MUHA), Cuba",,,Fatalities: 22 / Occupants: 22 
19620331-0,Preliminary,Saturday 31 March 1962,,Douglas C-47B-25-DK (DC-3),Koninklijke Luchtmacht - Klu (Royal Netherl. Air Force),,,, X-3, 32632/15884, 1945,,, 2 Pratt & Whitney R-1830-90C,,Fatalities: 0 / Occupants: 6,Fatalities: 0 / Occupants: 0,,, Damaged beyond repair,,"E off Sorong-Jefman Airport (SOQ) (   Indonesia) 
", Approach (APR),Military,"Manokwari-Rendani Airport (MKW/WASR), Indonesia","Sorong-Jefman Airport (SOQ/WASS), Indonesia",,,Fatalities: 0 / Occupants: 6 
19620404-0,,Wednesday 4 April 1962,,Ilyushin Il-14P,"Aeroflot, West Siberia Civil Aviation Directorate",,,, CCCP-41852, 146000508, ,,,,,Fatalities: 0 / Occupants: ,Fatalities: 0 / Occupants: ,,, Damaged beyond repair,,"unknown (   Russia) 
", Landing (LDG),Training,?,?,,,Fatalities: 0 / Occupants:  
19620405-0,,Thursday 5 April 1962,,Douglas C-47A-25-DK (DC-3),Garuda Indonesia Airways,,,, PK-GDM, 13731, 1944,,, 2 Pratt & Whitney R-1830-92,,Fatalities:  / Occupants: ,Fatalities:  / Occupants: ,,, Damaged beyond repair,,"Jakarta-Kemayoran Airport (JKT) (   Indonesia) 
", Standing (STD),Unknown,?,?,,,Fatalities:  / Occupants:  
19620405-1,,Thursday 5 April 1962,,Douglas C-47A-75-DL (DC-3),Aviateca,,,, TG-APA, 19454, 1944,,, 2 Pratt & Whitney R-1830-92,,Fatalities:  / Occupants: ,Fatalities:  / Occupants: ,,, Damaged beyond repair,,"Guatemala City (   Guatemala) 
", Unknown (UNK),Unknown,?,?,,,Fatalities:  / Occupants:  
19620406-0,,Friday 6 April 1962,,Avro 685 York C.1,,,Kuwait Airways,, OD-ACN, , 1944,,, 4 Rolls-Royce Merlin,,Fatalities: 0 / Occupants: 3,Fatalities: 0 / Occupants: 0,,, Damaged beyond repair,,"Lahore Airport (LHE) (   Pakistan) 
", Landing (LDG),Cargo,?,"Kabul-Khwaja Rawash Airport (KBL/OAKB), Afghanistan",,,Fatalities: 0 / Occupants: 3 
19620406-1,,Friday 6 April 1962,,Douglas C-47 (DC-3),Fuerza Aérea Colombiana,,,, FAC-673, , ,,,,,Fatalities: 5 / Occupants: 5,Fatalities: 26 / Occupants: 26,,, Damaged beyond repair,,"near Apiay Air Base (API) (   Colombia) 
", En route (ENR),Military,"Araracuara Airport (ACR/SKAC), Colombia","Apiay-Captain Luis F. Gómez Niño Air Base (API/SKAP), Colombia",,,Fatalities: 31 / Occupants: 31 
19620409-0,,Monday 9 April 1962,,Antonov An-2,Aviatia Utilitara,,,, YR-ANO, 1169(473)11, ,,,,,Fatalities:  / Occupants: ,Fatalities:  / Occupants: ,,, Damaged beyond repair,,"near Draganescu (   Romania) 
", Unknown (UNK),Unknown,?,?,,,Fatalities:  / Occupants:  
19620410-0,,Tuesday 10 April 1962,,Douglas C-54-DO (DC-4),Japan Air Lines - JAL,,,, JA6003, 3115, 1942,,,,,Fatalities: 0 / Occupants: 4,Fatalities: 0 / Occupants: 60,,, Damaged beyond repair,,"Osaka-Itami Airport (ITM) (   Japan) 
", Landing (LDG),Domestic Scheduled Passenger,"Fukuoka Airport (FUK/RJFF), Japan","Tokyo-Haneda Airport (HND/RJTT), Japan",,,Fatalities: 0 / Occupants: 64 
19620410-1,,Tuesday 10 April 1962,,Douglas C-47A-90-DL (DC-3),Ejército del Aire,,,, T.3-26, 20471, 1944,,, 2 Pratt & Whitney R-1830-92,,Fatalities: 5 / Occupants: 5,Fatalities: 5 / Occupants: 5,,, Damaged beyond repair,,"near Jerez de la Frontera (   Spain) 
", Unknown (UNK),Military,"Jerez De La Frontera-La Parra Airport (XRY/LEJR), Spain",?,,,Fatalities: 10 / Occupants: 10 
19620411-0,,Wednesday 11 April 1962,,Canadair C-4 Argonaut,East African Airways Corp. - EAAC,,,, VP-KNY, 161, ,,, 4 Rolls-Royce Merlin 622,,Fatalities: 0 / Occupants: 3,Fatalities: 0 / Occupants: 0,,, Damaged beyond repair,,"Nairobi-Embakasi Airport (NBO) (   Kenya) 
", Approach (APR),Training,?,?,,,Fatalities: 0 / Occupants: 3 
19620415-0,,Sunday 15 April 1962,,Antonov An-2,"Aeroflot, Magadan Civil Aviation Directorate",,,, CCCP-23700, , ,,,,,Fatalities: 0 / Occupants: 2,Fatalities: 0 / Occupants: 0,,, Damaged beyond repair,,"Karpun Mountain (   Russia) 
", En route (ENR),Ferry/positioning,"Palyavaam Airstrip, Russia","Pevek Airport (PWE/UHMP), Russia",,,Fatalities: 0 / Occupants: 2 
19620416-0,,Monday 16 April 1962,,Douglas DC-7C,KLM Royal Dutch Airlines,,,, PH-DSH, 45187/831, 1957,,,,,Fatalities: 0 / Occupants: ,Fatalities: 0 / Occupants: 52,,, None,,"Amsterdam-Schiphol International Airport (AMS) (   Netherlands) 
", En route (ENR),International Scheduled Passenger,"Amsterdam-Schiphol International Airport (AMS/EHAM), Netherlands","Lisboa-Portela de Sacavém Airport (LIS/LPPT), Portugal",,,Fatalities: 0 / Occupants:  
19620418-0,Final,Wednesday 18 April 1962,16:25,Douglas C-47A-90-DL (DC-3),Purdue University,,,, N3588, 20178, 1944,11996,, 2 Pratt & Whitney R-1830-92,,Fatalities: 3 / Occupants: 3,Fatalities: 0 / Occupants: 0,,, Damaged beyond repair,,"Dallas, TX (   United States of America) 
", Initial climb (ICL),Test,"Dallas-Love Field, TX (DAL/KDAL), United States of America","Dallas-Love Field, TX (DAL/KDAL), United States of America",,,Fatalities: 3 / Occupants: 3 
19620419-0,,Thursday 19 April 1962,,Bristol 170 Freighter 31E,Aviaco,,,, EC-AHJ, 13129, ,,, 2 Bristol Hercules 734,,Fatalities:  / Occupants: ,Fatalities:  / Occupants: ,,, Damaged beyond repair,,"Valencia (   Spain) 
", Unknown (UNK),Unknown,?,?,,,Fatalities:  / Occupants:  
19620419-1,,Thursday 19 April 1962,,Breguet 1150 Atlantic,Breguet,,,, 02, 02, ,,, 2 Rolls-Royce Tyne RTy.20 Mk 21,,Fatalities: 3 / Occupants: 3,Fatalities: 0 / Occupants: 0,,, Damaged beyond repair,,"Revel (   France) 
", En route (ENR),Military,"Toulouse-Blagnac Airport (TLS/LFBO), France","Toulouse-Blagnac Airport (TLS/LFBO), France",,,Fatalities: 3 / Occupants: 3 
19620420-0,,Friday 20 April 1962,,Fairchild C-123B-17-FA Provider,United States Air Force - USAF,,,, 56-4368, 20252, ,,,,,Fatalities: 0 / Occupants: 3,Fatalities: 0 / Occupants: 0,,, Damaged beyond repair,,"Hipp Khanh (   Vietnam) 
", Landing (LDG),Military,"Da Nang Airport (DAD/VVDN), Vietnam","Dong Ha Air Base, Vietnam",,,Fatalities: 0 / Occupants: 3 
19620422-0,Final,Sunday 22 April 1962,10:45,Douglas C-47A-1-DK (DC-3),Aerovias Pilotos Asociados - AVISPA,,,, HK-524, 12075, 1943,,, 2 Pratt & Whitney R-1830-92,,Fatalities: 4 / Occupants: 4,Fatalities: 36 / Occupants: 36,,, Damaged beyond repair,,"50 km (31.3 mls) from  Bahía Solano (   Colombia) 
", En route (ENR),Domestic Scheduled Passenger,"Bahía Solano-José Celestino Mutis Airport (BSC/SKBS), Colombia","Quibdó-El Caraño Airport (UIB/SKUI), Colombia",,,Fatalities: 40 / Occupants: 40 
19620425-0,,Wednesday 25 April 1962,09:56,Sud Aviation SE-210 Caravelle III,Swissair,,,, HB-ICT, 122, 1962,,,,,Fatalities: 0 / Occupants: 6,Fatalities: 0 / Occupants: 66,,, Substantial, Repaired,"Zürich-Kloten Airport (ZRH) (   Switzerland) 
", Landing (LDG),International Scheduled Passenger,"Genève-Cointrin Airport (GVA/LSGG), Switzerland","Paris (unknown airport), France",SR142,,Fatalities: 0 / Occupants: 72 
19620426-0,,Thursday 26 April 1962,,Lockheed L-749A Constellation,Air Algérie,,,, F-BAZE, 2624, 1950,18612,,,,Fatalities: 0 / Occupants: 0,Fatalities: 0 / Occupants: 0,,, Damaged beyond repair,,"Algiers-Maison Blanche Airport (ALG) (   Algeria) 
", Standing (STD),-,-,-,,,Fatalities: 0 / Occupants: 0 
19620426-1,Final,Thursday 26 April 1962,12:13,Lockheed L-749A Constellation,Federal Aviation Agency - FAA,,,, N116A, 2611, 1949,41481,,,,Fatalities: 4 / Occupants: 4,Fatalities: 1 / Occupants: 2,,, Damaged beyond repair,,"Canton Island Airport (CIS) (   Kiribati) 
", Initial climb (ICL),Training,"Canton Island Airport (CIS/PCIS), Kiribati",?,,,Fatalities: 5 / Occupants: 6 
19620426-2,,Thursday 26 April 1962,,Morane Saulnier (FMA) MS.760 Paris I,Fuerza Aérea Argentina - FAA,,,, E-216, A-4, 1961,,,,,Fatalities: 2 / Occupants: 2,Fatalities: 0 / Occupants: 0,,, Damaged beyond repair,,"Mendoza-El Plumerillo Airport, MD (MDZ) (   Argentina) 
", Unknown (UNK),Military,?,?,,,Fatalities: 2 / Occupants: 2 
19620426-3,,Thursday 26 April 1962,,Consolidated PBY-5A Catalina,Trans Australia Airlines - TAA,,,, VH-WWC, 1859, ,,,,,Fatalities: 0 / Occupants: 5,Fatalities: 0 / Occupants: 6,,, Damaged beyond repair,,"nr Daru (   Papua New Guinea) 
", Landing (LDG),Scheduled Passenger,?,?,,,Fatalities: 0 / Occupants: 11 
19620503-1,,Thursday 3 May 1962,,Douglas C-54A-15-DC (DC-4),Indian Airlines,,,, VT-CZT, 10419, 1944,,,,,Fatalities: 0 / Occupants: 0,Fatalities: 0 / Occupants: 0,,, Damaged beyond repair,,"Calcutta-Dum Dum Airport (CCU) (   India) 
", Standing (STD),-,-,-,,,Fatalities: 0 / Occupants: 0 
19620506-0,,Sunday 6 May 1962,14:29 UTC,Douglas C-47A-1-DK (DC-3),Channel Airways,,,, G-AGZB, 12180, 1943,,, 2 Pratt & Whitney R-1830-92,,Fatalities: 3 / Occupants: 3,Fatalities: 9 / Occupants: 15,,, Damaged beyond repair,,"St. Boniface Down (   United Kingdom) 
", En route (ENR),Domestic Scheduled Passenger,"Jersey-States Airport, Channel Islands (JER/EGJJ), United Kingdom","Gosport-Fleetlands Heliport (EGVF), United Kingdom",,,Fatalities: 12 / Occupants: 18 
19620507-0,Final,Monday 7 May 1962,16:55,Douglas C-54A-15-DC (DC-4),Indian Airlines,,,, VT-DIC, 10376, 1944,,,,,Fatalities: 0 / Occupants: 6,Fatalities: 0 / Occupants: 30,,, Damaged beyond repair,,"near Haveri (   India) 
", En route (ENR),Domestic Scheduled Passenger,"Bangalore-Hindustan Airport (BLR/VOBG), India","Bombay-Santacruz Airport (BOM/VABB), India", 106,,Fatalities: 0 / Occupants: 36 
19620507-1,Preliminary,Monday 7 May 1962,,Convair CV-340-54,LAN Chile,,,, CC-CLCA, 136, 1953,,,,,Fatalities: 0 / Occupants: 5,Fatalities: 0 / Occupants: 25,,, Damaged beyond repair,,"5 km (3.1 mls) N of Vallenar (   Chile) 
", En route (ENR),Passenger,"Vallenar Airport (VLR/SCLL), Chile",?,,,Fatalities: 0 / Occupants: 30 
19620507-2,,Monday 7 May 1962,,Douglas C-47 (DC-3),Indian Air Force - IAF,,,, HJ245, , ,,,,,Fatalities: 4 / Occupants: 4,Fatalities: 0 / Occupants: 0,,, Damaged beyond repair,,"Arunachal Pradesh State (   India) 
", Unknown (UNK),Military,?,?,,,Fatalities: 4 / Occupants: 4 
19620509-0,,Wednesday 9 May 1962,,Boeing KC-135A Stratotanker,United States Air Force - USAF,,,, 56-3618, 17367/57, 1958-02-13  (4 years 3 months),,, 4 Pratt & Whitney J57-P,,Fatalities: 4 / Occupants: 4,Fatalities: 2 / Occupants: 2,,, Destroyed, Written off (damaged beyond repair),"Limestone-Loring AFB, ME (LIZ) (   United States of America) 
", Takeoff (TOF),Military,"Limestone-Loring AFB, ME (LIZ), United States of America",?,,,Fatalities: 6 / Occupants: 6 
19620509-1,,Wednesday 9 May 1962,22:30 UTC,Convair CV-240-0,Cruzeiro do Sul,,,, PP-CEZ,  25, 1949,,,,,Fatalities: 3 / Occupants: 3,Fatalities: 20 / Occupants: 22,,, Damaged beyond repair,,"1,8 km (1.1 mls) NE of Vitoria-Goiabeiras Airport, ES (VIX) (   Brazil) 
", Approach (APR),Domestic Scheduled Passenger,"Rio de Janeiro (unknown airport), RJ, Brazil","Vitória-Goiabeiras Airport, ES (VIX/SBVT), Brazil",,,Fatalities: 23 / Occupants: 25 
19620509-2,Preliminary,Wednesday 9 May 1962,,Douglas C-47 (DC-3),Tatmadaw Lei (Burmese Air Force),,,, registration unknown, , ,,,,,Fatalities: 6 / Occupants: 6,Fatalities: 23 / Occupants: 23,,, Damaged beyond repair,,"near Mong-Hpayak (   Myanmar) 
", En route (ENR),Military,"Mong-Hpayak (VYMH), Myanmar",?,,,Fatalities: 29 / Occupants: 29 
19620511-0,Preliminary,Friday 11 May 1962,,Antonov An-2R,"Aeroflot, Magadan Civil Aviation Directorate",,,, CCCP-49262, 1G10-05, 1961,,,,,Fatalities:  / Occupants: ,Fatalities:  / Occupants: ,,, Damaged beyond repair,,"near Magadan (   Russia) 
", Maneuvering (MNV),Agricultural,?,?,,,Fatalities:  / Occupants:  
19620511-1,,Friday 11 May 1962,,Lockheed SP-2H Neptune,Marine Luchtvaart Dienst (MLD),,,, 200, 726-7238, ,,,,,Fatalities: 0 / Occupants: ,Fatalities: 0 / Occupants: 0,,, Damaged beyond repair,,"Biak-Boroekoe Royal Dutch Navy Air Station (   Indonesia) 
", Landing (LDG),Military,?,"Biak-Boroekoe Royal Dutch Navy Air Station, Indonesia",,,Fatalities: 0 / Occupants:  
19620512-0,Final,Saturday 12 May 1962,10:55,Canadian Vickers PBV-1A Canso (PBY-5A),,Greenlandair,,Eastern Provincial Airways, CF-IHA, CV-365, 1944,,,,,Fatalities: 0 / Occupants: 3,Fatalities: 15 / Occupants: 18,,, Damaged beyond repair,,"Godthåb/Nuuk Airport (GOH) (   Greenland) 
", Landing (LDG),Domestic Scheduled Passenger,"Kangerlussuaq-Søndre Strømfjord Airport (SFJ/BGSF), Greenland","Godthåb/Nuuk Airport (GOH/BGGH), Greenland",,,Fatalities: 15 / Occupants: 21 
19620514-0,,Monday 14 May 1962,,Convair T-29C (CV-240),United States Air Force - USAF,,,, 53-3485, 439, ,,,,,Fatalities:  / Occupants: ,Fatalities:  / Occupants: ,,, Damaged beyond repair,,"9 km (5.6 mls) S of Villa Pedro Montoya (   Mexico) 
", En route (ENR),Military,"Brownsville AAF, TX (BRO/KBRO), United States of America",?,,,Fatalities: 9 / Occupants: 9 
19620515-0,,Tuesday 15 May 1962,,Douglas DC-3,United Arab Airlines - UAA,,,, SU-AJM, , ,,,,,Fatalities: 3 / Occupants: 3,Fatalities: 0 / Occupants: 0,,, Damaged beyond repair,,"near Cairo International Airport (CAI) (   Egypt) 
", Initial climb (ICL),Cargo,"Cairo International Airport (CAI/HECA), Egypt","Beirut International Airport (BEY/OLBA), Lebanon",,,Fatalities: 3 / Occupants: 3 
19620515-1,,Tuesday 15 May 1962,,Avro Shackleton MR.1,Royal Air Force - RAF,,,, VP294, , 1951,,, 4 Rolls-Royce Griffon 57,,Fatalities: 0 / Occupants: ,Fatalities: 0 / Occupants: ,,, Damaged beyond repair,,"Gan/Seenu Airport (GAN) (   Maldives) 
", Landing (LDG),Military,?,?,,,Fatalities: 0 / Occupants:  
19620517-0,,Thursday 17 May 1962,,Lockheed C-130A Hercules,United States Air Force - USAF,,,, 56-0546, 3154, 1958,,,,,Fatalities: 6 / Occupants: 6,Fatalities: 7 / Occupants: 7,,, Damaged beyond repair,,"ca 32 km W of Nairobi-Embakasi Airport (NBO) (   Kenya) 
", En route (ENR),Military,"Tripoli-Wheelus Air Base (MJI/HLLM), Libya","Nairobi-Embakasi Airport (NBO/HKNA), Kenya",,,Fatalities: 13 / Occupants: 13 
19620517-1,,Thursday 17 May 1962,,Blackburn Beverley C.1,Royal Air Force - RAF,,,, XL132, 1033, 1957-06-11  (4 years 11 months),,, 4 Bristol Centaurus 173,,Fatalities: 2 / Occupants: 2,Fatalities: 0 / Occupants: 0,,, Damaged beyond repair,,"Chichester Harbour (   United Kingdom) 
", Approach (APR),Military,?,"Thorney Island RAF Station, United Kingdom",,,Fatalities: 2 / Occupants: 2 
19620517-2,,Thursday 17 May 1962,,Douglas C-47A-1-DK (DC-3),AURI - Air Force of the Republic of Indonesia,,,, T-440, 12097, 1943,,,,,Fatalities: 0 / Occupants: 7,Fatalities: 0 / Occupants: 0,,, Damaged beyond repair,,"off Kaimana, West Papua (   Indonesia) 
", En route (ENR),Military,?,?,,,Fatalities: 0 / Occupants: 7 
19620521-0,,Monday 21 May 1962,,Curtiss C-46D-5-CU Commando,Honduras International,,,, HR-196P, 30533, 1944,,,,,Fatalities: 0 / Occupants: 2,Fatalities: 0 / Occupants: 0,Fatalities: 3,, Damaged beyond repair,,"San Pedro Sula (   Honduras) 
", Initial climb (ICL),Cargo,"San Pedro Sula-Ramon Villeda Morales Airport (SAP/MHLM), Honduras",?,,,Fatalities: 0 / Occupants: 2 
19620522-0,Final,Tuesday 22 May 1962,21:17,Boeing 707-124,Continental Air Lines,,,, N70775, 17611/49, 1959,11946,, 4 Pratt & Whitney JT3C-6,,Fatalities: 8 / Occupants: 8,Fatalities: 37 / Occupants: 37,,, Damaged beyond repair,,"10 km (6.3 mls) NNW of Unionville, MO (   United States of America) 
", En route (ENR),Domestic Scheduled Passenger,"Chicago-O'Hare International Airport, IL (ORD/KORD), United States of America","Kansas City Downtown Municipal Airport, MO (MKC/KMKC), United States of America",  11,,Fatalities: 45 / Occupants: 45 
19620522-1,,Tuesday 22 May 1962,,Lockheed EC-121M Super Constellation,United States Navy,,,, 131390, 4310, 1954,,,,,Fatalities:  / Occupants: ,Fatalities:  / Occupants: ,,, Damaged beyond repair,,"2 km (1.3 mls) SW of Markt Schwaben (   Germany) 
", En route (ENR),Military,"Frankfurt-Rhein-Main AFB (FRF/EDAF), Germany","Frankfurt-Rhein-Main AFB (FRF/EDAF), Germany",,,Fatalities: 26 / Occupants: 26 
19620523-0,,Wednesday 23 May 1962,,Nord 2501 Noratlas,L'Armée de L'Air,,,, 62, 62, ,,, 2 Bristol Hercules 739,,Fatalities:  / Occupants: ,Fatalities:  / Occupants: ,,, Damaged beyond repair,,"Algiers (   Algeria) 
", Standing (STD),Military,-,-,,,Fatalities:  / Occupants:  
19620524-0,,Thursday 24 May 1962,,Douglas C-47A-20-DK (DC-3),Darbhanga Aviation,,,, VT-AYG, 12848, 1944,,, 2 Pratt & Whitney R-1830-92,,Fatalities: 4 / Occupants: 4,Fatalities: 0 / Occupants: 0,,, Damaged beyond repair,,"2 km (1.3 mls) N of Talenda, Rajshahi (   Bangladesh) 
", Unknown (UNK),Cargo,?,?,,,Fatalities: 4 / Occupants: 4 
19620524-1,,Thursday 24 May 1962,,Douglas C-124A-DL Globemaster II,United States Air Force - USAF,,,, 51-0147, 43481, ,,, 4 Pratt & Whitney R-4360-20WA,,Fatalities: 7 / Occupants: 7,Fatalities: 0 / Occupants: 0,,, Damaged beyond repair,,"near Tachikawa Air Base (   Japan) 
", En route (ENR),Military,"Tachikawa Air Base (RJTC), Japan","Tachikawa Air Base (RJTC), Japan",,,Fatalities: 7 / Occupants: 7 
19620525-0,,Friday 25 May 1962,,Morane Saulnier C-41 (MS.760 Paris),Força Aérea Brasileira - FAB,,,, 2930, 74, ,,,,,Fatalities:  / Occupants: ,Fatalities:  / Occupants: ,,, Damaged beyond repair,,"Natal, RN (   Brazil) 
", Unknown (UNK),Military,?,?,,,Fatalities:  / Occupants:  
19620527-0,,Sunday 27 May 1962,,Douglas C-133A-35-DL Cargomaster,United States Air Force - USAF,,,, 57-1611, 45508, 1959,,,,,Fatalities: 6 / Occupants: 6,Fatalities: 0 / Occupants: 0,,, Damaged beyond repair,,"off Dover AFB, DE, USA (   Atlantic Ocean) 
", Unknown (UNK),Military,"Dover AFB, DE (DOV/KDOV), United States of America",?,,,Fatalities: 6 / Occupants: 6 
19620602-0,,Saturday 2 June 1962,,de Havilland Canada U-1A Otter (DHC-3),United States Army,,,, registration unknown, , ,,,,,Fatalities: 1 / Occupants: ,Fatalities: 0 / Occupants: ,,, Damaged beyond repair,,"California (   United States of America) 
", Unknown (UNK),Military,?,?,,,Fatalities: 1 / Occupants: 6 
19620603-0,Final,Sunday 3 June 1962,11:34 UTC,Boeing 707-328,Air France,,,, F-BHSM, 17920/159, 1960,4491,, 4 Pratt & Whitney JT4A-9,,Fatalities: 8 / Occupants: 10,Fatalities: 122 / Occupants: 122,,, Destroyed, Written off (damaged beyond repair),"Paris-Orly Airport (ORY) (   France) 
", Takeoff (TOF),Int'l Non Scheduled Passenger,"Paris-Orly Airport (ORY/LFPO), France","New York-Idlewild International Airport, NY (IDL/KIDL), United States of America",AF007,,Fatalities: 130 / Occupants: 132 
19620604-0,,Monday 4 June 1962,06:20,Tupolev Tu-104B,"Aeroflot, Moscow Civil Aviation Directorate",,,, CCCP-42491, 021604, 1960,,, 2 Mikulin AM-3M-500,,Fatalities: 5 / Occupants: 5,Fatalities: 0 / Occupants: 0,,, Destroyed, Written off (damaged beyond repair),"30 km (18.8 mls) NE of Sofia-Vrazhdebna Airport (SOF) (   Bulgaria) 
", Approach (APR),Cargo,"Sofia-Vrazhdebna Airport (SOF/LBSF), Bulgaria","Moskva-Sheremetyevo Airport (SVO/UUEE), Russia",,,Fatalities: 5 / Occupants: 5 
19620607-1,,Thursday 7 June 1962,,Curtiss C-46A-55-CK Commando,SAHSA - Servicio Aéreo de Honduras SA,,,, HR-SAL,   248, 1945,,, 2 Pratt & Whitney R-2800-51,,Fatalities: 0 / Occupants: 2,Fatalities: 0 / Occupants: 0,,, Damaged beyond repair,,"Tegucigalpa-Toncontin Airport (TGU) (   Honduras) 
", Landing (LDG),Cargo,"San Pedro Sula-Ramon Villeda Morales Airport (SAP/MHLM), Honduras","Tegucigalpa-Toncontin Airport (TGU/MHTG), Honduras",,,Fatalities: 0 / Occupants: 2 
19620608-0,,Friday 8 June 1962,,Curtiss CW-20 (C-46),,United Nations - UN,,Transair Sweden, SE-CFB,    98, 1944,,,,,Fatalities: 0 / Occupants: ,Fatalities: 0 / Occupants: ,,, Damaged beyond repair,,"Albertville Airport (FMI) (   Democratic Republic of the Congo) 
", Landing (LDG),Unknown,?,"Albertville Airport (FMI/FZRF), Democratic Republic of the Congo",,,Fatalities: 0 / Occupants:  
19620608-1,Final,Friday 8 June 1962,07:56,Lockheed 18-56-23 Lodestar,"Winn-Dixie Stores, Inc.",,,, N45W, 18-2477, 1943,,,,,Fatalities: 2 / Occupants: 2,Fatalities: 2 / Occupants: 2,,, Damaged beyond repair,,"Tallahassee, FL (   United States of America) 
", En route (ENR),Executive,"Montgomery-Dannelly Field, AL (MGM/KMGM), United States of America","Jacksonville-Thomas Cole Imeson Municipal Airport, FL, United States of America",,,Fatalities: 4 / Occupants: 4 
19620608-2,Final,Friday 8 June 1962,,Fokker F-27 Friendship 100,Indian Airlines,,,, VT-DMB, 10172, 1961,,, 2 Rolls-Royce Dart 514,,Fatalities: 0 / Occupants: ,Fatalities: 0 / Occupants: ,,, Substantial, Repaired,"Delhi-Palam Airport (DEL) (   India) 
", Taxi (TXI),Domestic Scheduled Passenger,"Agra-Kheria Airport (AGR/VIAG), India","Delhi-Palam Airport (DEL/VIDP), India",,,Fatalities: 0 / Occupants:  
19620612-0,,Tuesday 12 June 1962,,Douglas VC-47A (DC-3),United States Air Force - USAF,,,, 43-15568, 20034, 1944,,,,,Fatalities:  / Occupants: ,Fatalities:  / Occupants: ,,, Damaged beyond repair,,"Lake Minchumina, AK (   United States of America) 
", Unknown (UNK),Military,?,?,,,Fatalities:  / Occupants:  
19620619-0,Final,Tuesday 19 June 1962,,Douglas DC-3D,Swissair,,,, HB-IRB, 42969, 1946,,,,,Fatalities: 0 / Occupants: 3,Fatalities: 0 / Occupants: 16,,, Substantial, Repaired,"Zürich-Kloten Airport (ZRH) (   Switzerland) 
", Landing (LDG),Domestic Scheduled Passenger,"Genève-Cointrin Airport (GVA/LSGG), Switzerland","Zürich-Kloten Airport (ZRH/LSZH), Switzerland",,,Fatalities: 0 / Occupants: 19 
19620622-0,,Friday 22 June 1962,04:03,Boeing 707-328,Air France,,,, F-BHST, 18247/274, 1962,,, 4 Pratt & Whitney JT4A-,,Fatalities: 10 / Occupants: 10,Fatalities: 103 / Occupants: 103,,, Destroyed, Written off (damaged beyond repair),"25 km (15.6 mls) WNW of Pointe-à-Pitre-Le Raizet Airport (PTP) (   Guadeloupe) 
", Approach (APR),International Scheduled Passenger,"Santa Maria-Vila do Porto Airport, Azores (SMA/LPAZ), Portugal","Pointe-à-Pitre-Le Raizet Airport (PTP/TFFR), Guadeloupe",AF117,,Fatalities: 113 / Occupants: 113 
19620622-2,,Friday 22 June 1962,,Lockheed 18-56-24 Lodestar,Société Anonyme CARTA,,,, F-BKBY, 18-2363, ,,,,,Fatalities: 0 / Occupants: ,Fatalities: 0 / Occupants: ,,, Damaged beyond repair,,"Creil (   France) 
", Unknown (UNK),Unknown,?,?,,,Fatalities: 0 / Occupants:  
19620626-1,,Tuesday 26 June 1962,,Bristol 170 Freighter 31M,Pakistan Air Force,,,, S4414, 13177, ,,, 2 Bristol Hercules 734,,Fatalities: 3 / Occupants: 3,Fatalities: 0 / Occupants: 0,,, Damaged beyond repair,,"near Rawalpindi (   Pakistan) 
", Unknown (UNK),Military,?,?,,,Fatalities: 3 / Occupants: 3 
19620627-0,,Wednesday 27 June 1962,,Curtiss C-46A-45-CU Commando,Paraense Transportes Aéreos,,,, PP-BTE, 30260, 1944,,, 2 Pratt & Whitney R-2800-51,,Fatalities: 0 / Occupants: ,Fatalities: 0 / Occupants: ,,, Damaged beyond repair,,"Pedro Afonso, GO (   Brazil) 
", Landing (LDG),Unknown,?,"Pedro Afonso, GO (SWPA), Brazil",,,Fatalities: 0 / Occupants:  
19620628-0,,Thursday 28 June 1962,,Douglas C-47A-20-DL (DC-3),Türk Hava Yollari - THY,,,, TC-EFE, 9307, 1943,,, 2 Pratt & Whitney R-1830-92,,Fatalities: 0 / Occupants: 3,Fatalities: 0 / Occupants: 0,,, Damaged beyond repair,,"near Bandirma Airport (BDM) (   Turkey) 
", En route (ENR),Unknown,"Canakkale Airport (CKZ/LTBH), Turkey","Bandirma Airport (BDM/LTBG), Turkey",,,Fatalities: 0 / Occupants: 3 
19620628-1,Preliminary,Thursday 28 June 1962,,Douglas C-47B-25-DK (DC-3),Koninklijke Luchtmacht - Klu (Royal Netherl. Air Force),,,, X-11, 32613/15865, 1945,,, 2 Pratt & Whitney R-1830-90C,,Fatalities: 5 / Occupants: 5,Fatalities: 3 / Occupants: 3,,, Destroyed, Written off (damaged beyond repair),"Puncak Jaya (   Indonesia) 
", En route (ENR),Military,"Merauke-Mopah Airport (MKQ/WAKK), Indonesia","Biak-Mokmer Airport (BIK/WABB), Indonesia",,,Fatalities: 8 / Occupants: 8 
19620630-0,,Saturday 30 June 1962,,Douglas DC-4-1009,South African Airways - SAA,,,, ZS-BMH, 43157, 1947,,,,,Fatalities: 0 / Occupants: 5,Fatalities: 0 / Occupants: 46,,, Substantial, Repaired,"near Durban (   South Africa) 
", Unknown (UNK),Domestic Scheduled Passenger,"Johannesburg International Airport (JNB/FAJS), South Africa","Durban-Louis Botha Airport (DUR/FADN), South Africa",,,Fatalities: 0 / Occupants: 51 
19620630-1,,Saturday 30 June 1962,,Bristol 170 Freighter 21,Manx Airlines,,,, G-AGVC, 12732, 1946,,,,,Fatalities: 0 / Occupants: ,Fatalities: 0 / Occupants: ,,, Damaged beyond repair,,"Isle of Man-Ronaldsway Airport (IOM) (   United Kingdom) 
", Landing (LDG),Unknown,?,"Isle Of Man-Ronaldsway Airport (IOM/EGNS), United Kingdom",,,Fatalities: 0 / Occupants:  
19620630-2,,Saturday 30 June 1962,16:53,Tupolev Tu-104A,"Aeroflot, Far East Civil Aviation Directorate",,,, CCCP-42370, 86601301, 1958,3726,, 2 Mikulin AM-3M,,Fatalities: 8 / Occupants: 8,Fatalities: 76 / Occupants: 76,,, Destroyed, Written off (damaged beyond repair),"near Voznesenka, Krasnoyarsk region (   Russia) 
", En route (ENR),Domestic Scheduled Passenger,"Irkutsk Airport (IKT/UIII), Russia","Omsk Airport (OMS/UNOO), Russia",902,,Fatalities: 84 / Occupants: 84 
19620701-0,,Sunday 1 July 1962,,Douglas C-47A-85-DL (DC-3),United Nations - UN,,,, UN-203, 20010, 1944,,,,,Fatalities:  / Occupants: ,Fatalities:  / Occupants: ,,, Damaged beyond repair,,"Tshikapa Airport (TSH) (   Democratic Republic of the Congo) 
", Takeoff (TOF),Unknown,"Tshikapa Airport (TSH/FZUK), Democratic Republic of the Congo",?,,,Fatalities:  / Occupants:  
19620703-0,,Tuesday 3 July 1962,,Short S.25 Sandringham 4,Ansett Flying Boat Service,,,, VH-BRE, SH.32C, ,,,,,Fatalities: 0 / Occupants: 0,Fatalities: 0 / Occupants: 0,,, Damaged beyond repair,,"Lord Howe Island, NSW (   Australia) 
", Standing (STD),-,-,-,,,Fatalities: 0 / Occupants: 0 
19620706-0,,Friday 6 July 1962,,Canadair C-4-1 North Star,Linea Expresa Bolivar - LEBCA,,,, YV-C-LBV, 147, ,,, 4 Rolls-Royce Merlin 622,,Fatalities: 0 / Occupants: 3,Fatalities: 0 / Occupants: 0,,, Damaged beyond repair,,"off Caracas-Simon Bolivar Airport (CCS) (   Venezuela) 
", Unknown (UNK),Cargo,?,?,,,Fatalities: 0 / Occupants: 3 
19620706-1,,Friday 6 July 1962,12:15,Ilyushin Il-14,Aeroflot / Uzbekistan,,,, CCCP-91554, 147001216, 1957,11030,,,,Fatalities: 0 / Occupants: 5,Fatalities: 11 / Occupants: 33,,, Damaged beyond repair,,"ca 34 km from Tashkent Airport (TAS) (   Uzbekistan) 
", En route (ENR),Domestic Scheduled Passenger,"Bukhara Airport (BHK/UTSB), Uzbekistan","Tashkent Airport (TAS/UTTT), Uzbekistan",  40,,Fatalities: 11 / Occupants: 38 
19620707-1,Final,Saturday 7 July 1962,00:10,Douglas DC-8-43,Alitalia,,,, I-DIWD, 45631/160, 1962,964,, 4 Rolls-Royce Conway 508-12,,Fatalities: 9 / Occupants: 9,Fatalities: 85 / Occupants: 85,,, Destroyed, Written off (damaged beyond repair),"11 km (6.9 mls) NW of Junnar (   India) 
", En route (ENR),International Scheduled Passenger,"Bangkok-Don Muang International Airport (BKK/VTBD), Thailand","Bombay-Santacruz Airport (BOM/VABB), India",AZ771,,Fatalities: 94 / Occupants: 94 
19620708-0,,Sunday 8 July 1962,07:06,Vickers 812 Viscount,Continental Air Lines,,,, N243V, 354, 1958,11164,,,,Fatalities: 0 / Occupants: 3,Fatalities: 0 / Occupants: 13,,, Damaged beyond repair,,"Amarillo-Air Terminal, TX (AMA) (   United States of America) 
", Takeoff (TOF),Domestic Scheduled Passenger,"Amarillo-Air Terminal, TX (AMA/KAMA), United States of America","Lubbock International Airport, TX (LBB/KLBB), United States of America", 210,,Fatalities: 0 / Occupants: 16 
19620709-0,,Monday 9 July 1962,21:42 UTC,Douglas DC-4-1009,Trans Mediterranean Airways - TMA,,,, OD-AEC, 42918, 1946,,,,,Fatalities: 6 / Occupants: 6,Fatalities: 0 / Occupants: 0,,, Damaged beyond repair,,"2,2 km (1.4 mls) NE off  Brindisi-Papola Casale Airport (BDS) (   Italy) 
", Initial climb (ICL),Cargo,"Brindisi-Papola Casale Airport (BDS/LIBR), Italy","Beirut International Airport (BEY/OLBA), Lebanon", 104,,Fatalities: 6 / Occupants: 6 
19620715-0,,Sunday 15 July 1962,,Fairchild C-123B-17-FA Provider,United States Air Force - USAF,,,, 56-4366, 20250, ,,,,,Fatalities: 0 / Occupants: 4,Fatalities: 0 / Occupants: 0,,, Damaged beyond repair,,"24 km (15 mls) S of Ban Me Thuot (   Vietnam) 
", En route (ENR),Military,"Saigon-Tan Son Nhat International Airport (SGN/VVTS), Vietnam","Buon Me Thuot (Ban Me Thuot)-Phung-Duc Airport (BMV/VVBM), Vietnam",,,Fatalities: 0 / Occupants: 4 
19620715-1,,Sunday 15 July 1962,,Douglas C-47A-90-DL (DC-3),Indian Airlines,,,, VT-AUS, 20289, 1944,,, 2 Pratt & Whitney R-1830-92,,Fatalities: 1 / Occupants: 3,Fatalities: 0 / Occupants: 0,,, Minor, Repaired,"near Lahore (   Pakistan) 
", En route (ENR),Cargo,"Kabul Airport (KBL/OAKB), Afghanistan","Amritsar-Raja Sansi Airport (ATQ/VIAR), India",,,Fatalities: 1 / Occupants: 3 
19620715-2,,Sunday 15 July 1962,,Douglas C-47 (DC-3),Vietnam Air Force - VNAF,,,, registration unknown, , ,,,,,Fatalities:  / Occupants: ,Fatalities:  / Occupants: ,,, Damaged beyond repair,,"Kontum Airport (KON) (   Vietnam) 
", Takeoff (TOF),Military,"Kontum Airport (KON), Vietnam",?,,,Fatalities: 23 / Occupants: 27 
19620716-0,,Monday 16 July 1962,,Douglas C-47-DL (DC-3),Kalinga Airlines,,,, VT-DFZ, 4647, 1942,,, 2 Pratt & Whitney R-1830-92,,Fatalities: 8 / Occupants: 8,Fatalities: 1 / Occupants: 1,,, Damaged beyond repair,,"1,6 km (1 mls) N of Loheshyphu Dropping Zone, Naga Hills (   India) 
", Maneuvering (MNV),Cargo,"Jorhat-Rowriah Airport (JRH/VEJT), India","Jorhat-Rowriah Airport (JRH/VEJT), India",,,Fatalities: 9 / Occupants: 9 
19620719-0,Final,Thursday 19 July 1962,21:44,de Havilland DH-106 Comet 4C,United Arab Airlines - UAA,,,, SU-AMW, 6464, 1962,,,,,Fatalities: 8 / Occupants: 8,Fatalities: 18 / Occupants: 18,,, Destroyed, Written off (damaged beyond repair),"Khao Yai Mountain (   Thailand) 
", En route (ENR),International Scheduled Passenger,"Hong Kong-Kai Tak International Airport (HKG/VHHH), Hong Kong","Bangkok-Don Muang International Airport (BKK/VTBD), Thailand", 869,,Fatalities: 26 / Occupants: 26 
19620722-0,,Sunday 22 July 1962,23:19,Bristol 175 Britannia 314,Canadian Pacific Air Lines - CPAL,,,, CF-CZB, 13394, 1958,,,,,Fatalities: 7 / Occupants: 11,Fatalities: 20 / Occupants: 29,,, Damaged beyond repair,,"Honolulu International Airport, HI (HNL) (   United States of America) 
", Approach (APR),International Scheduled Passenger,"Honolulu International Airport, HI (HNL/PHNL), United States of America","Nadi International Airport (NAN/NFFN), Fiji", 323,,Fatalities: 27 / Occupants: 40 
19620723-0,,Monday 23 July 1962,,Lockheed P2V Neptune,United States Navy,,,, registration unknown, , ,,,,,Fatalities: 6 / Occupants: 6,Fatalities: 0 / Occupants: 0,Fatalities: 1,, Damaged beyond repair,,"Glynco NAS, GA (NEA) (   United States of America) 
", Maneuvering (MNV),Military,"Jacksonville NAS, FL (NIP/KNIP), United States of America",?,,,Fatalities: 6 / Occupants: 6 
19620726-0,,Thursday 26 July 1962,,Douglas C-54D-5-DC (DC-4),Força Aérea Portuguesa,,,, 7501, 10664, 1945,,,,,Fatalities:  / Occupants: ,Fatalities:  / Occupants: ,,, Damaged beyond repair,,"off Las Palmas-Gando Air Base (LPA) (   Spain) 
", Approach (APR),Military,"São Tomé Island Airport (TMS/FPST), São Tomé and Príncipe","Las Palmas-Gando Air Base (LPA/GCLP), Spain",,,Fatalities:  / Occupants:  
19620727-0,,Friday 27 July 1962,,de Havilland Canada DHC-3 Otter,Philippine Air Lines,,,, PI-C56, 178, 1956,,,,,Fatalities: 1 / Occupants: 1,Fatalities: 1 / Occupants: 1,,, Damaged beyond repair,,"Mutya,  Misamis Oriental (   Philippines) 
", Unknown (UNK),Unknown,?,?,,,Fatalities: 2 / Occupants: 2 
19620728-0,,Saturday 28 July 1962,15:41,Antonov An-10A,Aeroflot / Ukraine,,,, CCCP-11186, 0402003, 1960,1358,, 4 Ivchenko AI-20K,1059,Fatalities: 7 / Occupants: 7,Fatalities: 74 / Occupants: 74,,, Destroyed, Written off (damaged beyond repair),"21 km (13.1 mls) SE of Adler/Sochi Airport (AER) (   Russia) 
", Approach (APR),Domestic Scheduled Passenger,"Simferopol Airport (SIP/UKFF), Ukraine","Adler/Sochi Airport (AER/URSS), Russia", 415,,Fatalities: 81 / Occupants: 81 
19620728-1,,Saturday 28 July 1962,,Fairchild C-119 Flying Boxcar,Republic of China Air Force - ROCAF,,,, registration unknown, , ,,,,,Fatalities:  / Occupants: ,Fatalities:  / Occupants: ,,, Damaged beyond repair,,"unknown (   Unknown country) 
", Unknown (UNK),Military,?,?,,,Fatalities:  / Occupants:  
19620729-0,,Sunday 29 July 1962,,Antonov An-24,MAP Kiev MSZ,,,, CCCP-46708, 0006, ,,,,,Fatalities:  / Occupants: ,Fatalities:  / Occupants: ,,, Damaged beyond repair,,"Moskva-Sheremetyevo Airport (SVO) (   Russia) 
", Takeoff (TOF),Unknown,"Moskva-Sheremetyevo Airport (SVO/UUEE), Russia",?,,,Fatalities:  / Occupants:  
19620729-1,,Sunday 29 July 1962,,Antonov An-2,Aviatia Utilitara,,,, YR-AND, 197(473)11, ,,,,,Fatalities:  / Occupants: ,Fatalities:  / Occupants: ,,, Damaged beyond repair,,"Batanii Mici (   Romania) 
", Unknown (UNK),Unknown,?,?,,,Fatalities:  / Occupants:  
19620729-2,,Sunday 29 July 1962,,North American T-39A-1-NA Sabreliner,United States Air Force - USAF,,,, 61-0661, 265-64, ,,,,,Fatalities: 2 / Occupants: 2,Fatalities: 0 / Occupants: 0,,, Damaged beyond repair,,"Everett-Paine Field, WA (PAE) (   United States of America) 
", Landing (LDG),Military,?,"Everett-Paine Field, WA (PAE/KPAE), United States of America",,,Fatalities: 2 / Occupants: 2 
19620730-0,,Monday 30 July 1962,,Douglas DC-3A,Air France,,,, F-BAOE, 11769, 1943,,,,,Fatalities: 5 / Occupants: 8,Fatalities: 0 / Occupants: 0,,, Damaged beyond repair,,"0,5 km (0.3 mls) from  Coulommiers-Voisins Airport (   France) 
", Takeoff (TOF),Training,"Coulommiers-Voisins Airport (LFPK), France",?,,,Fatalities: 5 / Occupants: 8 
19620730-1,,Monday 30 July 1962,,Douglas C-47A-75-DL (DC-3),LAN Chile,,,, CC-CLDM, 19383, 1944,,,,,Fatalities: 0 / Occupants: ,Fatalities: 0 / Occupants: ,,, Damaged beyond repair,,"Punta Arenas-Carlos Ibañez Airport (PUQ) (   Chile) 
", Unknown (UNK),Unknown,"Punta Arenas-Carlos Ibañez Airport (PUQ/SCCI), Chile","Cerro Sombrero Airport (SMB/SCSB), Chile",,,Fatalities: 0 / Occupants:  
19620731-0,,Tuesday 31 July 1962,,Lockheed P-15 Neptune (P2V-5),Força Aérea Brasileira - FAB,,,, 7001, 426-5131, ,,,,,Fatalities: 9 / Occupants: 9,Fatalities: 0 / Occupants: 0,,, Damaged beyond repair,,"Viçosa, AL (   Brazil) 
", Unknown (UNK),Military,"Recife International Airport, PE (REC/SBRF), Brazil",?,,,Fatalities: 9 / Occupants: 9 
19620801-0,,Wednesday 1 August 1962,,Douglas C-47-DL (DC-3),Royal Nepal Airlines,,,, 9N-AAH, 6216, 1943,,, 2 Pratt & Whitney R-1830-92,,Fatalities: 4 / Occupants: 4,Fatalities: 6 / Occupants: 6,,, Damaged beyond repair,,"near Tulachan Dhuri (   Nepal) 
", En route (ENR),International Scheduled Passenger,"Kathmandu-Gaucher Airport (KTM/VNKT), Nepal","Delhi-Palam Airport (DEL/VIDP), India",,,Fatalities: 10 / Occupants: 10 
19620801-1,Preliminary,Wednesday 1 August 1962,,Lockheed C-60A-1-LO Lodestar,Republic Natural Gas Co.,,,, N65H, 18-2300, 1942,,,,,Fatalities:  / Occupants: ,Fatalities:  / Occupants: ,,, Damaged beyond repair,,"Sugar Lane, TX (   United States of America) 
", Unknown (UNK),Unknown,?,?,,,Fatalities:  / Occupants:  
19620801-2,,Wednesday 1 August 1962,,Douglas C-47D (DC-3),United States Air Force - USAF,,,, 43-49773, 27034/15589, 1945,,,,,Fatalities:  / Occupants: ,Fatalities:  / Occupants: ,,, Damaged beyond repair,,"at an unknown location (   Unknown country) 
", Unknown (UNK),Military,?,?,,,Fatalities:  / Occupants:  
19620803-0,Final,Friday 3 August 1962,,de Havilland  DH-106 Comet 4,British Overseas Airways Corporation - BOAC,,,, G-APDM, 6414, 1959,,, 4 Rolls-Royce Avon 524,,Fatalities: 0 / Occupants: 6,Fatalities: 0 / Occupants: 2,,, Substantial, Repaired,"London-Stansted Airport (STN) (   United Kingdom) 
", Landing (LDG),Training,?,"London-Stansted Airport (STN/EGSS), United Kingdom",,,Fatalities: 0 / Occupants: 8 
19620806-1,,Monday 6 August 1962,17:31,Lockheed L-188A Electra,American Airlines,,,, N6102A, 1019, 1958,6947,,,,Fatalities: 0 / Occupants: 5,Fatalities: 0 / Occupants: 67,,, Damaged beyond repair,,"Knoxville-Mc Ghee Tyson Airport, TN (TYS) (   United States of America) 
", Landing (LDG),Domestic Scheduled Passenger,"Memphis Municipal Airport, TN (MEM/KMEM), United States of America","Knoxville-McGhee Tyson Airport, TN (TYS/KTYS), United States of America",AA414,,Fatalities: 0 / Occupants: 72 
19620808-0,,Wednesday 8 August 1962,,Boeing KC-135A Stratotanker,United States Air Force - USAF,,,, 55-3144, 17260/27, 1957-10-16  (4 years 10 months),,, 4 Pratt & Whitney J57-P,,Fatalities: 3 / Occupants: 3,Fatalities: 0 / Occupants: 0,,, Destroyed, Written off (damaged beyond repair),"Bedford-Hanscom Field, MA (BED) (   United States of America) 
", Approach (APR),Military,"Dayton-Wright Patterson AFB, OH (FFO/KFFO), United States of America","Bedford-Hanscom Field, MA (BED/KBED), United States of America",,,Fatalities: 3 / Occupants: 3 
19620809-0,,Thursday 9 August 1962,,Lockheed WV-2 Super Constellation,United States Navy,,,, 141324, 4448, 1956,,,,,Fatalities: 5 / Occupants: 19,Fatalities: 0 / Occupants: 0,,, Damaged beyond repair,,"Patuxent River-NAS, MD (NHK) (   United States of America) 
", Landing (LDG),Military,"Corpus Christi International Airport, TX (CRP/KCRP), United States of America","Patuxent River NAS, MD (NHK/KNHK), United States of America",,,Fatalities: 5 / Occupants: 19 
19620814-0,Final,Tuesday 14 August 1962,,Boeing 720-030B,Lufthansa,,,, D-ABOM, 18060/210, 1961-05-17  (1 year 3 months),,,,,Fatalities: 0 / Occupants: 9,Fatalities: 0 / Occupants: 42,,, Substantial, Repaired,"London Airport (LHR) (   United Kingdom) 
", Landing (LDG),International Scheduled Passenger,"Frankfurt International Airport (FRA/EDDF), Germany","London Airport (LHR/EGLL), United Kingdom",,,Fatalities: 0 / Occupants: 51 
19620817-0,,Friday 17 August 1962,,Convair CV-240-23,Garuda Indonesia Airways,,,, PK-GCE, 175, 1950,,,,,Fatalities:  / Occupants: ,Fatalities:  / Occupants: ,,, Damaged beyond repair,,"Ambon (   Indonesia) 
", Unknown (UNK),Unknown,?,?,,,Fatalities:  / Occupants:  
19620817-1,,Friday 17 August 1962,16:54,Howard Super Ventura,Borg-Warner Corp.,,,, N18A, 5271, 1943,,,,,Fatalities: 2 / Occupants: 2,Fatalities: 0 / Occupants: 0,,, Damaged beyond repair,,"off Chicago-Merrill C Meigs Field, IL (CGX) (   United States of America) 
", Takeoff (TOF),Ferry/positioning,"Chicago-Merrill C Meigs Field, IL (CGX/KCGX), United States of America","Chicago-Palwaukee Municipal Airport, IL (PWK/KPWK), United States of America",,,Fatalities: 2 / Occupants: 2 
19620820-0,,Monday 20 August 1962,22:08,Douglas DC-8-33,Panair do Brasil,,,, PP-PDT, 45273/121, 1961,,, 4 Pratt & Whitney JT4A-,,Fatalities: 1 / Occupants: 11,Fatalities: 14 / Occupants: 94,,, Damaged beyond repair,,"Rio de Janeiro-Galeão International Airport, RJ (GIG) (   Brazil) 
", Takeoff (TOF),International Scheduled Passenger,"Rio de Janeiro-Galeão International Airport, RJ (GIG/SBGL), Brazil","Lisboa-Portela de Sacavém Airport (LIS/LPPT), Portugal",,,Fatalities: 15 / Occupants: 105 
19620821-0,,Tuesday 21 August 1962,,Douglas C-47B-1-DL (DC-3),Lloyd Aéreo Boliviano - LAB,,,, CP-536, 20619, 1944,,, 2 Pratt & Whitney R-1830-90C,,Fatalities: 4 / Occupants: 5,Fatalities: 0 / Occupants: 0,,, Damaged beyond repair,,"Cochabamba Airport (CBB) (   Bolivia) 
", Unknown (UNK),Test,"Cochabamba-J Wilsterman Airport (CBB/SLCB), Bolivia",?,,,Fatalities: 4 / Occupants: 5 
19620822-0,Final,Wednesday 22 August 1962,07:48,Martin 4-0-4,Piedmont Airlines,,,, N40401, 14101, ,20260,,,,Fatalities: 0 / Occupants: 3,Fatalities: 0 / Occupants: 0,,, Damaged beyond repair,,"Wilmington-New Hanover County Airport, NC (ILM) (   United States of America) 
", Landing (LDG),Training,"Wilmington-New Hanover County Airport, NC (ILM/KILM), United States of America","Wilmington-New Hanover County Airport, NC (ILM/KILM), United States of America",,,Fatalities: 0 / Occupants: 3 
19620823-0,,Thursday 23 August 1962,15:58,Douglas R4D-1 (DC-3),Líneas Aéreas Taxader,,,, HK-794, 4551, 1942,,,,,Fatalities: 2 / Occupants: 3,Fatalities: 10 / Occupants: 29,,, Damaged beyond repair,,"Barrancabermeja Airport (EJA) (   Colombia) 
", Takeoff (TOF),Domestic Scheduled Passenger,"Barrancabermeja-Yariguíes Airport (EJA/SKEJ), Colombia","Bucaramanga-Gomez Niño Airport, Colombia",,,Fatalities: 12 / Occupants: 32 
19620824-0,,Friday 24 August 1962,,Douglas C-47B-5-DK (DC-3),Faucett,,,, OB-PBN-659, 25839/14394, 1944,,, 2 Pratt & Whitney R-1830-90C,,Fatalities: 3 / Occupants: 3,Fatalities: 4 / Occupants: 4,,, Damaged beyond repair,,"Cerro Puena Paz (   Peru) 
", En route (ENR),Cargo,?,"San Ramon/Capitan Alvarino Airport (SPRM), Peru",,,Fatalities: 7 / Occupants: 7 
19620825-0,,Saturday 25 August 1962,,Douglas C-47A-30-DL (DC-3),Jugoslovenski Aerotransport - JAT,,,, YU-ABH, 9488, 1943,,, 2 Pratt & Whitney R-1830-92,,Fatalities: 0 / Occupants: 4,Fatalities: 0 / Occupants: 28,,, Destroyed, Written off (damaged beyond repair),"Mt. Prenj (   Bosnia and Herzegovina) 
", En route (ENR),Domestic Scheduled Passenger,"Mostar Airport (OMO/LQMO), Bosnia and Herzegovina","Beograd Airport (BEG/LYBE), Serbia",,,Fatalities: 0 / Occupants: 32 
19620828-0,,Tuesday 28 August 1962,,Vickers Valetta T.3,Royal Air Force - RAF,,,, WJ480, 605, 1952-06-11  (10 years 3 months),,,,,Fatalities:  / Occupants: ,Fatalities:  / Occupants: ,,, Damaged beyond repair,,"8 km (5 mls) WNW of Chippenham, Wiltshire (   United Kingdom) 
", Approach (APR),Military,?,"Lyneham RAF Station (LYE/EGDL), United Kingdom",,,Fatalities: 3 / Occupants:  
19620830-0,,Thursday 30 August 1962,ca 16:20,Avro 748-105 Srs. 1,Aerolineas Argentinas,,,, LV-HHB, 1540, 1962,,, 2 Rolls-Royce Dart 514,,Fatalities: 1 / Occupants: 4,Fatalities: 0 / Occupants: 30,,, Substantial, Repaired,"NE of Saladas, CR (   Argentina) 
", En route (ENR),Domestic Scheduled Passenger,"Resistencia Airport, CH (RES/SARE), Argentina","Monte Caseros Airport, CR (MCS/SARM), Argentina",AR737,,Fatalities: 1 / Occupants: 34 
19620831-0,,Friday 31 August 1962,,Lockheed C-121G Super Constellation,United States Air Force - USAF,,,, 54-4057, 4138, 1953,,,,,Fatalities:  / Occupants: ,Fatalities:  / Occupants: ,,, Damaged beyond repair,,"Oakland International Airport, CA (OAK) (   United States of America) 
", Standing (STD),Military,?,?,,,Fatalities:  / Occupants:  
19620831-1,,Friday 31 August 1962,,Curtiss C-46F,Bird & Sons,,,, N4877V, 22442, ,,,,,Fatalities: 5 / Occupants: 5,Fatalities: 0 / Occupants: 0,,, Damaged beyond repair,,"near Phu Fa (   Laos) 
", En route (ENR),Cargo,?,?,,,Fatalities: 5 / Occupants: 5 
19620899-1,,xx AUG 1962,,Tupolev Tu-114D,"Aeroflot, Moscow Civil Aviation Directorate",,,, CCCP-76479, 628445, 1962,,, 4 Kuznetsov NK-12MV,,Fatalities: 0 / Occupants: 0,Fatalities: 0 / Occupants: 0,,, Damaged beyond repair,,"Moskva-Vnukovo Airport (VKO) (   Russia) 
", Standing (STD),-,-,-,,,Fatalities: 0 / Occupants: 0 
19620903-0,,Monday 3 September 1962,04:42,Tupolev Tu-104A,"Aeroflot, Far East Civil Aviation Directorate",,,, CCCP-42366, 86601103, 1958,4426,, 2 Mikulin AM-3M,1760,Fatalities: 7 / Occupants: 7,Fatalities: 79 / Occupants: 79,,, Destroyed, Written off (damaged beyond repair),"96 km (60 mls) NE of Khabarovsk (   Russia) 
", En route (ENR),Domestic Scheduled Passenger,"Khabarovsk-Novy Airport (KHV/UHHH), Russia","Petropavlovsk-Kamchatsky Airport (PKC/UHPP), Russia",  03,,Fatalities: 86 / Occupants: 86 
19620903-1,,Monday 3 September 1962,,Lockheed P2V-7 Neptune,Japan Maritime Self Defence Force - JMSDF,,,, 4628, 2012, ,,,,,Fatalities:  / Occupants: ,Fatalities:  / Occupants: ,,, Damaged beyond repair,,"at an unknown location (   Unknown country) 
", Unknown (UNK),Military,?,?,,,Fatalities:  / Occupants:  
19620904-0,Final,Tuesday 4 September 1962,21:00,Lockheed 18-56-24 Lodestar,Ashland Oil and Refining Company,,,, N1000F, 18-2463, 1943,6557,, 2 Wright R-1820-87,,Fatalities: 2 / Occupants: 2,Fatalities: 11 / Occupants: 11,,, Damaged beyond repair,,"near Lake Milton, OH (   United States of America) 
", En route (ENR),Executive,"Buffalo Airport, NY, United States of America","Ashland Regional Airport, KY (DWU/KDWU), United States of America",,,Fatalities: 13 / Occupants: 13 
19620910-1,,Monday 10 September 1962,,Douglas C-47A-90-DL (DC-3),Aerolineas Abaroa,,,, CP-710, 20230, 1944,,, 2 Pratt & Whitney R-1830-92,,Fatalities: 2 / Occupants: 2,Fatalities: 2 / Occupants: 2,,, Damaged beyond repair,,"near Alcoche (   Bolivia) 
", En route (ENR),Domestic Non Scheduled Passenger,"Caranavi Airport (SLVI), Bolivia","Rurrenabaque Airport (RBQ/SLRQ), Bolivia",,,Fatalities: 4 / Occupants: 4 
19620910-2,,Monday 10 September 1962,11:05,Boeing KC-135A Stratotanker,United States Air Force - USAF,,,, 60-0352, 18127/466, 1961-05-03  (1 year 4 months),303,, 4 Pratt & Whitney J57-P,,Fatalities: 4 / Occupants: 4,Fatalities: 40 / Occupants: 40,,, Damaged beyond repair,,"32 km (20 mls) NE of Spokane, WA (   United States of America) 
", Approach (APR),Military,"Rapid City-Ellsworth AFB, SD (RCA/KRCA), United States of America","Spokane-Fairchild AFB, WA (SKA/KSKA), United States of America",,,Fatalities: 44 / Occupants: 44 
19620911-2,,Tuesday 11 September 1962,,Avro 685 York I,Trans Mediterranean Airways - TMA,,,, OD-ADA, 1311, 1946,,, 4 Rolls-Royce Merlin,,Fatalities: 0 / Occupants: 3,Fatalities: 0 / Occupants: 0,,, Damaged beyond repair,,"Azaiba Airfield (   Oman) 
", Landing (LDG),Unknown,?,"Azaiba Airfield, Oman",,,Fatalities: 0 / Occupants: 3 
19620912-0,,Wednesday 12 September 1962,,Lockheed SP-2 Neptune,United States Navy,,,, registration unknown, , ,,,,,Fatalities: 9 / Occupants: 9,Fatalities: 0 / Occupants: 0,,, Damaged beyond repair,,"Seal Beach, CA (   United States of America) 
", Initial climb (ICL),Military,"Los Alamitos NAS, CA (KSLI), United States of America",?,,,Fatalities: 9 / Occupants: 9 
19620918-0,,Tuesday 18 September 1962,,Curtiss C-46F-1-CU Commando,,Puerto Rican American Airlines,,Aaxico Airlines, N67937, 22386, 1945,,,,,Fatalities: 0 / Occupants: 2,Fatalities: 0 / Occupants: 0,,, Damaged beyond repair,,"San Pedro Sula Airport (SAP) (   Honduras) 
", Takeoff (TOF),Cargo,"San Pedro Sula-Ramon Villeda Morales Airport (SAP/MHLM), Honduras",?,,,Fatalities: 0 / Occupants: 2 
19620918-1,,Tuesday 18 September 1962,06:32,Ilyushin Il-14,"Aeroflot, Magadan Civil Aviation Directorate",,,, CCCP-61628, 146000929, 1956,9868,,,,Fatalities: 5 / Occupants: 5,Fatalities: 27 / Occupants: 27,,, Destroyed, Written off (damaged beyond repair),"46 km (28.8 mls) SSE of Cherskiy Airport (CYX) (   Russia) 
", En route (ENR),Domestic Scheduled Passenger,"Cherskiy Airport (CYX/UESS), Russia","Bilibino Airfield, Russia", 213,,Fatalities: 32 / Occupants: 32 
19620919-0,,Wednesday 19 September 1962,,Douglas C-47A-20-DK (DC-3),Iberia,,,, EC-AGO, 13057, 1944,,, 2 Pratt & Whitney R-1830-92,,Fatalities:  / Occupants: ,Fatalities:  / Occupants: ,,, Damaged beyond repair,,"Tenerife-Norte Los Rodeos Airport (TFN) (   Spain) 
", Unknown (UNK),Unknown,?,?,,,Fatalities:  / Occupants:  
19620920-0,,Thursday 20 September 1962,,Douglas C-47B-25-DK (DC-3),United Nations - UN,,,, UN-202, 32532/15784, 1945,,, 2 Pratt & Whitney R-1830-90C,,Fatalities:  / Occupants: ,Fatalities:  / Occupants: ,,, Damaged beyond repair,,"7 km (4.4 mls) SSW of Kamunza-Goi (   Democratic Republic of the Congo) 
", En route (ENR),Survey/research,?,?,,,Fatalities: 2 / Occupants: 10 
19620921-1,,Friday 21 September 1962,,Douglas C-47A-1-DK (DC-3),Kalinga Airlines,,,, VT-DGX, 12142, 1943,,, 2 Pratt & Whitney R-1830-92,,Fatalities: 8 / Occupants: 8,Fatalities: 0 / Occupants: 0,,, Damaged beyond repair,,"Sela Pass (   India) 
", Unknown (UNK),Cargo,?,?,,,Fatalities: 8 / Occupants: 8 
19620922-0,,Saturday 22 September 1962,,Martin P5B Marlin,United States Navy,,,, 140144, , ,,,,,Fatalities:  / Occupants: ,Fatalities:  / Occupants: ,,, Damaged beyond repair,,"Montague Island, AK (   Pacific Ocean) 
", En route (ENR),Military,"Kodiak Airport, AK (ADQ/PADQ), United States of America",?,,,Fatalities: 10 / Occupants: 10 
19620923-0,Final,Sunday 23 September 1962,22:00 UTC,Lockheed L-1049H Super Constellation,Flying Tiger Line,,,, N6923C, 4827, 1958,15800,, 4 Wright R-3350 (988TC18EA6),,Fatalities: 5 / Occupants: 8,Fatalities: 23 / Occupants: 68,,, Damaged beyond repair,,"800 km (500 mls) W off  Shannon, Ireland (   Atlantic Ocean) 
", En route (ENR),Int'l Non Scheduled Passenger,"Gander Airport, NL (YQX/CYQX), Canada","Frankfurt International Airport (FRA/EDDF), Germany", 923,,Fatalities: 28 / Occupants: 76 
19620925-0,,Tuesday 25 September 1962,02:31,Douglas C-47A-75-DL (DC-3),Fuerza Aérea Argentina - FAA,,,, T-39, 19438, 1944,,,,,Fatalities: 0 / Occupants: 2,Fatalities: 0 / Occupants: 0,,, Damaged beyond repair,,"Tandil Airport, BA (TDL) (   Argentina) 
", Landing (LDG),Military,?,"Tandil Airport, BA (TDL/SAZT), Argentina",,,Fatalities: 0 / Occupants: 2 
19621006-0,,Saturday 6 October 1962,,Lockheed VC-60A Lodestar,Força Aérea Brasileira - FAB,,,, 2003, 18-2365, 1943,,,,,Fatalities: 0 / Occupants: 3,Fatalities: 0 / Occupants: 0,,, Destroyed, Written off (damaged beyond repair),"São Paulo-Campo de Marte Airport, SP (   Brazil) 
", Takeoff (TOF),Military,"São Paulo-Campo de Marte Airport, SP (SBMT), Brazil","Belém (unknown airport), PA, Brazil",,,Fatalities: 0 / Occupants: 3 
19621009-0,,Tuesday 9 October 1962,ca 15:15,Douglas C-47A-1-DK (DC-3),PLUNA,,,, CX-AGE, 12113, 1943,,, 2 Pratt & Whitney R-1830-92,,Fatalities: 10 / Occupants: 10,Fatalities: 0 / Occupants: 0,,, Damaged beyond repair,,"Montevideo-Carrasco Airport (MVD) (   Uruguay) 
", Takeoff (TOF),Test,"Montevideo-Carrasco Airport (MVD/SUMU), Uruguay","Montevideo-Carrasco Airport (MVD/SUMU), Uruguay",,,Fatalities: 10 / Occupants: 10 
19621010-0,Final,Wednesday 10 October 1962,ca 18:30,Vickers 757 Viscount,Trans-Canada Air Lines - TCAL,,,, CF-THA, 218, 1957,,,,,Fatalities: 1 / Occupants: 4,Fatalities: 1 / Occupants: 15,,, Substantial, Repaired,"Bagotville Airport, QC (YBG) (   Canada) 
", Landing (LDG),Domestic Scheduled Passenger,"Sept-Îles Airport, QC (YZV/CYZV), Canada","Bagotville Airport, QC (YBG/CYBG), Canada", 455,,Fatalities: 2 / Occupants: 19 
19621010-1,,Wednesday 10 October 1962,08:57,Avia 14-32A,CSA Ceskoslovenské Aerolinie,,,, OK-MCT, 98807103, 1958,,,,,Fatalities: 3 / Occupants: 4,Fatalities: 10 / Occupants: 38,,, Destroyed, Written off (damaged beyond repair),"6,3 km (3.9 mls) SE of Brno Turany Airport (BRQ) (   Czech Republic) 
", Approach (APR),Domestic Scheduled Passenger,"Bratislava-Ivanka Airport (BTS/LZIB), Slovakia","Brno Turany Airport (BRQ/LKTB), Czech Republic", 306,,Fatalities: 13 / Occupants: 42 
19621010-2,,Wednesday 10 October 1962,,Fokker F-27 Friendship 200,Iranian Government,,,, EP-MRP, 10126, 1959,605,,,680,Fatalities: 4 / Occupants: 4,Fatalities: 0 / Occupants: 0,,, Damaged beyond repair,,"near Amir Kabir Dam (   Iran) 
", En route (ENR),Ferry/positioning,"Tehran-Mehrabad Airport (THR/OIII), Iran","Noshahr Airport (OINN), Iran",,,Fatalities: 4 / Occupants: 4 
19621012-0,,Friday 12 October 1962,,Convair CV-440-62,Iberia,,,, EC-ATB, 443, 1957,,,,,Fatalities: 4 / Occupants: 4,Fatalities: 14 / Occupants: 14,,, Damaged beyond repair,,"near Carmona (   Spain) 
", Approach (APR),Domestic Scheduled Passenger,"Valencia Airport (VLC/LEVC), Spain","Sevilla Airport (SVQ/LEZL), Spain",,,Fatalities: 18 / Occupants: 18 
19621012-1,,Friday 12 October 1962,,Fokker F-27 Friendship 100,Philippine Air Lines,,,, PI-C503, 10191, 1961,2186,,,1264,Fatalities: 3 / Occupants: 3,Fatalities: 0 / Occupants: 0,,, Damaged beyond repair,,"Manila International Airport (MNL) (   Philippines) 
", Initial climb (ICL),Training,"Manila International Airport (MNL/RPLL), Philippines","Manila International Airport (MNL/RPLL), Philippines",,,Fatalities: 3 / Occupants: 3 
19621012-2,,Friday 12 October 1962,,Martin JRM-2 Mars,Forest Industries Flying Tankers,,,, CF-LYM, 9268, 1948,,, 4 Pratt & Whitney R-4360 Wasp Major,,Fatalities: 0 / Occupants: 0,Fatalities: 0 / Occupants: 0,,, Damaged beyond repair,,"Victoria International Airport, BC (YYJ) (   Canada) 
", Standing (STD),-,-,-,,,Fatalities: 0 / Occupants: 0 
19621022-0,,Monday 22 October 1962,12:52,Douglas DC-7CF,Northwest Orient Airlines,,,, N285, 45204/792, 1957,17176,,,,Fatalities: 0 / Occupants: 7,Fatalities: 0 / Occupants: 95,,, Damaged beyond repair,,"off Biorka Island, AK (   United States of America) 
", En route (ENR),Domestic Non Scheduled Passenger,"Tacoma-McChord AFB, WA (TCM/KTCM), United States of America","Anchorage-Elmendorf AFB, AK (EDF/PAED), United States of America", 293,,Fatalities: 0 / Occupants: 102 
19621023-0,,Tuesday 23 October 1962,,Douglas DC-3,Philippine Air Lines,,,, PI-C485, , ,,,,,Fatalities: 0 / Occupants: 3,Fatalities: 0 / Occupants: 0,,, Damaged beyond repair,,"Cagayan de Oro-Lumbia Airport (CGY) (   Philippines) 
", Landing (LDG),Cargo,?,"Cagayan de Oro-Lumbia Airport (CGY/RPML), Philippines",,,Fatalities: 0 / Occupants: 3 
19621023-1,,Tuesday 23 October 1962,,Boeing C-135B Stratolifter,United States Air Force - USAF,,,, 62-4136, 18476/C42, 1962-07-03  (4 months),150,, 4 Pratt & Whitney TF33-P-5,,Fatalities: 7 / Occupants: 7,Fatalities: 0 / Occupants: 0,,, Damaged beyond repair,,"Guantánamo NAS (NBW) (   Cuba) 
", Approach (APR),Military,"Wrightstown-McGuire AFB, NJ (WRI/KWRI), United States of America","Guantánamo NAS (NBW/MUGM), Cuba",,,Fatalities: 7 / Occupants: 7 
19621025-0,,Thursday 25 October 1962,10:33,Tupolev Tu-104B,"Aeroflot, Moscow Civil Aviation Directorate",,,, CCCP-42495, 021703, 1960,1966,, 2 Mikulin AM-3M-500,881,Fatalities: 5 / Occupants: 5,Fatalities: 6 / Occupants: 6,,, Destroyed, Written off (damaged beyond repair),"Moskva-Sheremetyevo Airport (SVO) (   Russia) 
", Unknown (UNK),Test,"Moskva-Sheremetyevo Airport (SVO/UUEE), Russia","Moskva-Sheremetyevo Airport (SVO/UUEE), Russia",,,Fatalities: 11 / Occupants: 11 
19621026-0,,Friday 26 October 1962,,Morane Saulnier MS.760 Paris I,L'Armée de L'Air,,,, 20/F-RABQ, 20, ,,,,,Fatalities: 3 / Occupants: 3,Fatalities: 0 / Occupants: 0,,, Damaged beyond repair,,"near Bernay-en-Brie (   France) 
", Unknown (UNK),Military,"Melun/Villaroche Airport (LFPM), France","Villacoublay Air Base (BA 107) (LFPV), France",,,Fatalities: 3 / Occupants: 3 
19621027-0,,Saturday 27 October 1962,18:57,Morane Saulnier MS.760B Paris II,Società Nazionale Metanodotti - SNAM,,,, I-SNAP, 99, ,,,,,Fatalities: 1 / Occupants: 1,Fatalities: 2 / Occupants: 2,,, Damaged beyond repair,,"Bascapè (   Italy) 
", Approach (APR),Executive,"Catania-Fontanarossa Airport (CTA/LICC), Italy","Milano-Linate Airport (LIN/LIML), Italy",,,Fatalities: 3 / Occupants: 3 
19621029-0,,Monday 29 October 1962,15:08,Douglas DC-7B,Pan American Grace Airways (Panagra),,,, N51702, 44702/599, 1955,,,,,Fatalities: 0 / Occupants: 6,Fatalities: 0 / Occupants: 36,,, Damaged beyond repair,,"La Paz-El Alto Airport (LPB) (   Bolivia) 
", Takeoff (TOF),International Scheduled Passenger,"La Paz-El Alto Airport (LPB/SLLP), Bolivia","Miami International Airport, FL (MIA/KMIA), United States of America",,,Fatalities: 0 / Occupants: 42 
19621029-2,,Monday 29 October 1962,,Fairchild C-123B-17-FA Provider,United States Air Force - USAF,,,, 56-4364, 20248, ,,,,,Fatalities: 0 / Occupants: 6,Fatalities: 0 / Occupants: 0,,, Damaged beyond repair,,"Dak To (   Vietnam) 
", Landing (LDG),Military,?,"Dak To Airfield, Vietnam",,,Fatalities: 0 / Occupants: 6 
19621029-3,,Monday 29 October 1962,ca 10:00,Douglas C-47A-1-DL (DC-3),"Armada Argentina, Comando de Aviación Naval",,,, 0232/CTA-23, 9171, 1943,,,,,Fatalities: 0 / Occupants: 2,Fatalities: 0 / Occupants: 0,,, Damaged beyond repair,,"Bahia Aguirre, TF (   Argentina) 
", Unknown (UNK),Military,"Ushuaia Airport, TF (USH/SAWO), Argentina","Río Gallegos-Rio Chico Airport, SC (RGL/SAWG), Argentina",,,Fatalities: 0 / Occupants: 2 
19621030-0,,Tuesday 30 October 1962,09:30,Morane Saulnier C-41 (MS.760 Paris),Força Aérea Brasileira - FAB,,,, 2926, 67, ,,,,,Fatalities: 2 / Occupants: 2,Fatalities: 1 / Occupants: 1,,, Damaged beyond repair,,"Nova Lima, MG (   Brazil) 
", Unknown (UNK),Military,?,?,,,Fatalities: 3 / Occupants: 3 
19621101-2,,Thursday 1 November 1962,,Lockheed P-2H Neptune,United States Navy,,,, 140158, 726-7061, ,,,,,Fatalities: 0 / Occupants: ,Fatalities: 0 / Occupants: ,,, Damaged beyond repair,,"1,8 km (1.1 mls) off  Johnston Island Airport (JON) (   U.S. Minor Outlying Islands) 
", Approach (APR),Military,?,"Johnston Island Airport (JON/PJON), U.S. Minor Outlying Islands",,,Fatalities: 0 / Occupants:  
19621102-0,,Friday 2 November 1962,,Curtiss C-46F Commando,Linea Expresa Bolivar - LEBCA,,,, YV-C-LBH, 441, 1945,,,,,Fatalities: 0 / Occupants: 2,Fatalities: 0 / Occupants: 0,,, Damaged beyond repair,,"Carora Airport (VCR) (   Venezuela) 
", Landing (LDG),Cargo,?,"Carora Airport (VCR/SVCO), Venezuela",,,Fatalities: 0 / Occupants: 2 
19621107-0,,Wednesday 7 November 1962,,Lockheed C-140A-LM JetStar,United States Air Force - USAF,,,, 59-5961, 5030, ,,,,,Fatalities: 5 / Occupants: 6,Fatalities: 0 / Occupants: 0,,, Damaged beyond repair,,"Warner Robins-Robins AFB, GA (WRB) (   United States of America) 
", Landing (LDG),Military,"Oklahoma City-Tinker AFB, OK (TIK/KTIK), United States of America","Warner Robins-Robins AFB, GA (WRB/KWRB), United States of America",,,Fatalities: 5 / Occupants: 6 
19621110-1,,Saturday 10 November 1962,14:37,Douglas C-47B-25-DK (DC-3),Air Vietnam,,,, XV-NID, 32822/16074, 1945,,, 2 Pratt & Whitney R-1830-90C,,Fatalities: 3 / Occupants: 3,Fatalities: 24 / Occupants: 24,,, Damaged beyond repair,,"20 km (12.5 mls) NNW of Da Nang Airport (DAD) (   Vietnam) 
", Approach (APR),Domestic Scheduled Passenger,"Hue-Phu Bai Airport (HUI/VVPB), Vietnam","Da Nang Airport (DAD/VVDN), Vietnam",,,Fatalities: 27 / Occupants: 27 
19621116-0,,Friday 16 November 1962,22:12,Douglas C-54D-10-DC Skymaster (DC-4),Fuerza Aérea Colombiana,,,, FAC-693, 10183, 1944,,,,,Fatalities: 5 / Occupants: 5,Fatalities: 0 / Occupants: 0,,, Damaged beyond repair,,"near Suárez, Tolima (   Colombia) 
", En route (ENR),Military,"Bogotá-Eldorado Airport (BOG/SKBO), Colombia","Bogotá-Eldorado Airport (BOG/SKBO), Colombia",,,Fatalities: 5 / Occupants: 5 
19621116-1,,Friday 16 November 1962,,Douglas C-54A-1-DC (DC-4),Fuerza Aérea Argentina - FAA,,,, TC-46, 10271, 1943,,,,,Fatalities: 10 / Occupants: 10,Fatalities: 0 / Occupants: 0,,, Damaged beyond repair,,"Cerro El Gaital (   Panama) 
", En route (ENR),Military,"Managua Airport (MGA/MNMG), Nicaragua",?,,,Fatalities: 10 / Occupants: 10 
19621119-0,,Monday 19 November 1962,,Vickers 828 Viscount,All Nippon Airways - ANA,,,, JA8202, 444, 1961,,,,,Fatalities: 4 / Occupants: 4,Fatalities: 0 / Occupants: 0,,, Damaged beyond repair,,"near Nagoya (   Japan) 
", Unknown (UNK),Training,?,?,,,Fatalities: 4 / Occupants: 4 
19621121-0,,Wednesday 21 November 1962,,Douglas C-47A-80-DL (DC-3),United States Air Force - USAF,,,, 43-15278, 19744, 1944,,,,,Fatalities:  / Occupants: ,Fatalities:  / Occupants: ,,, Damaged beyond repair,,"unknown (   Unknown country) 
", Unknown (UNK),Military,?,?,,,Fatalities:  / Occupants:  
19621122-0,,Thursday 22 November 1962,,Douglas C-54D-10-DC (DC-4),Força Aérea Portuguesa,,,, 7502, 10773, 1945,,,,,Fatalities: 10 / Occupants: 10,Fatalities: 12 / Occupants: 27,,, Damaged beyond repair,,"São Tomé, Ilha de São Tomé (   São Tomé and Príncipe) 
", Initial climb (ICL),Military,"São Tomé Island Airport (TMS/FPST), São Tomé and Príncipe","Lisboa-Portela de Sacavém Airport (LIS/LPPT), Portugal",,,Fatalities: 22 / Occupants: 37 
19621122-1,,Thursday 22 November 1962,,Douglas R4D-8 (Super DC-3),United States Navy,,,, 17188, 43384, 1944,,, 2 Wright R-1820-80,,Fatalities: 0 / Occupants: ,Fatalities: 0 / Occupants: ,,, Damaged beyond repair,,"Sentinel Ridge (   Antarctica) 
", Landing (LDG),Military,?,"Sentinel Ridge, Antarctica",-,,Fatalities: 0 / Occupants:  
19621123-0,Final,Friday 23 November 1962,ca 14:10,Ilyushin Il-18V,Malev Hungarian Airlines,,,, HA-MOD, 180002002, 1960,2363,, 4 Ivchenko AI-20A,,Fatalities: 8 / Occupants: 8,Fatalities: 13 / Occupants: 13,,, Damaged beyond repair,,"6,1 km (3.8 mls) ENE of Paris-Le Bourget Airport (LBG) (   France) 
", Approach (APR),International Scheduled Passenger,"Frankfurt International Airport (FRA/EDDF), Germany","Paris-Le Bourget Airport (LBG/LFPB), France", 355,,Fatalities: 21 / Occupants: 21 
19621123-1,Final,Friday 23 November 1962,12:24,Vickers 745D Viscount,United Airlines,,,, N7430, 128, 1956,18809,,,,Fatalities: 4 / Occupants: 4,Fatalities: 13 / Occupants: 13,,, Destroyed, Written off (damaged beyond repair),"10 km (6.3 mls) WSW of Ellicott City, MD (   United States of America) 
", En route (ENR),Domestic Scheduled Passenger,"Newark International Airport, NJ (EWR/KEWR), United States of America","Washington-National Airport, DC (DCA/KDCA), United States of America",UA297,,Fatalities: 17 / Occupants: 17 
19621125-0,,Sunday 25 November 1962,,Douglas LC-47H,United States Navy,,,, 50777, 26378/14933, 1944,,,,,Fatalities: 0 / Occupants: ,Fatalities: 0 / Occupants: ,,, Damaged beyond repair,,"Davis Glacier (   Antarctica) 
", Takeoff (TOF),Military,"Davis Glacier, Antarctica",?,,,Fatalities: 0 / Occupants:  
19621126-0,,Monday 26 November 1962,08:50 UTC,Curtiss C-46A Commando,Lineas Aéreas La Urraca,,,, HK-354X, 30379, 1944,,, 2 Pratt & Whitney R-2800-51,,Fatalities: 2 / Occupants: 2,Fatalities: 0 / Occupants: 1,,, Damaged beyond repair,,"Kingston (   Jamaica) 
", En route (ENR),Ferry/positioning,"Kingston Airport (KIN/MKJP), Jamaica","Bogotá-Eldorado Airport (BOG/SKBO), Colombia",,,Fatalities: 2 / Occupants: 3 
19621126-1,,Monday 26 November 1962,12:09,SAAB Scandia 90A-1,VASP - Viação Aérea São Paulo,,,, PP-SRA, 90.107, 1951,,, 2 Pratt & Whitney R-2180-E1,,Fatalities: 5 / Occupants: 5,Fatalities: 18 / Occupants: 18,,Fatalities: 4, Damaged beyond repair,,"near Paraibuna, SP (   Brazil) 
", En route (ENR),Domestic Scheduled Passenger,"São Paulo-Congonhas Airport, SP (CGH/SBSP), Brazil","Rio de Janeiro-Santos Dumont Airport, RJ (SDU/SBRJ), Brazil",,,Fatalities: 23 / Occupants: 23 
19621126-2,,Monday 26 November 1962,,Lockheed C-130A Hercules,United States Air Force - USAF,,,, 56-0488, 3096, 1957,,,,,Fatalities: 5 / Occupants: 5,Fatalities: 0 / Occupants: 0,,, Damaged beyond repair,,"Smyrna-Sewart AFB, TN (MQY) (   United States of America) 
", Unknown (UNK),Military,"Smyrna-Sewart AFB, TN (MQY/KMQY), United States of America",?,,,Fatalities: 5 / Occupants: 5 
19621127-0,Final,Tuesday 27 November 1962,03:37,Boeing 707-441,Varig,,,, PP-VJB, 17906/129, 1960,,, 4 Rolls-Royce Conway 508,,Fatalities: 17 / Occupants: 17,Fatalities: 80 / Occupants: 80,,, Destroyed, Written off (damaged beyond repair),"ca 25 km SE of Lima-Callao International Airport (LIM) (   Peru) 
", Approach (APR),International Scheduled Passenger,"Rio de Janeiro-Galeão International Airport, RJ (GIG/SBGL), Brazil","Lima-Callao International Airport (LIM/SPIM), Peru",RG810,,Fatalities: 97 / Occupants: 97 
19621127-1,,Tuesday 27 November 1962,,Fairchild C-123B-16-FA Provider,Air America,,,, N5004X, 20233, ,,,,,Fatalities: 2 / Occupants: 3,Fatalities: 0 / Occupants: 0,,, Damaged beyond repair,,"5,6 km (3.5 mls) SW of Xieng Khouang (   Laos) 
", Approach (APR),Cargo,"Vientiane-Wattay Airport (VTE/VLVT), Laos","Xieng Khouang Airport (XKH/VLXK), Laos",,,Fatalities: 2 / Occupants: 3 
19621129-0,,Thursday 29 November 1962,,Ilyushin Il-18V,"Aeroflot, Moscow Civil Aviation Directorate",,,, CCCP-75843, 182005303, 1962,,, 4 Ivchenko AI-20,,Fatalities:  / Occupants: ,Fatalities:  / Occupants: ,,, Damaged beyond repair,,"at an unknown location (   Russia) 
", Unknown (UNK),Unknown,?,?,,,Fatalities:  / Occupants:  
19621130-0,Final,Friday 30 November 1962,21:45,Douglas DC-7B,Eastern Air Lines,,,, N815D, 45084/711, 1956,18411,,,,Fatalities: 4 / Occupants: 6,Fatalities: 21 / Occupants: 45,,, Damaged beyond repair,,"New York-Idlewild International Airport, NY (IDL) (   United States of America) 
", Approach (APR),Domestic Scheduled Passenger,"Charlotte-Douglas Airport, NC (CLT/KCLT), United States of America","New York-Idlewild International Airport, NY (IDL/KIDL), United States of America",EA512,,Fatalities: 25 / Occupants: 51 
19621204-0,,Tuesday 4 December 1962,,Lockheed C-121G Super Constellation,United States Air Force - USAF,,,, 54-4066, 4146, 1954,,,,,Fatalities: 3 / Occupants: 8,Fatalities: 0 / Occupants: 0,,, Destroyed, Written off (damaged beyond repair),"6,8 km (4.3 mls) SW of Guam-Agana NAS (NGM) (   Guam) 
", Approach (APR),Military,?,"Guam-Agana NAS (NGM), Guam",,,Fatalities: 3 / Occupants: 8 
19621206-0,,Thursday 6 December 1962,,Douglas C-47A-75-DL (DC-3),Aerolineas Abaroa,,,, CP-695, 19389, 1944,,, 2 Pratt & Whitney R-1830-92,,Fatalities:  / Occupants: ,Fatalities:  / Occupants: ,,, Damaged beyond repair,,"Uncia (   Bolivia) 
", Unknown (UNK),Unknown,?,?,,,Fatalities:  / Occupants:  
19621206-1,,Thursday 6 December 1962,ca 16:50,Douglas C-47-DL (DC-3),Líneas Aéreas Taxader,,,, HK-437, 4697, 1942,,, 2 Pratt & Whitney R-1830-92,,Fatalities: 3 / Occupants: 3,Fatalities: 21 / Occupants: 23,,, Damaged beyond repair,,"48 km (30 mls) from  Barrancabermeja (   Colombia) 
", En route (ENR),Domestic Scheduled Passenger,"Bucaramanga-Gomez Niño Airport, Colombia","Barrancabermeja-Yariguíes Airport (EJA/SKEJ), Colombia", 209,,Fatalities: 24 / Occupants: 26 
19621210-0,,Monday 10 December 1962,,Douglas C-47A-15-DL Skytrain,Fuerza Aérea Argentina - FAA,,,, TA-33, 9254, 1943,,,,,Fatalities: 0 / Occupants: ,Fatalities: 0 / Occupants: ,,, Damaged beyond repair,,"Ellsworth Station (   Antarctica) 
", Takeoff (TOF),Military,"Ellsworth Station, Antarctica",?,,,Fatalities: 0 / Occupants:  
19621210-1,,Monday 10 December 1962,,Boeing KC-97G-26-BO Stratofreighter,United States Air Force - USAF,,,, 52-2685, 16716, ,,,,,Fatalities: 1 / Occupants: 10,Fatalities: 0 / Occupants: 0,,, Damaged beyond repair,,"near Mistassini Lake, QC (   Canada) 
", En route (ENR),Military,"Plattsburgh AFB, NY (PBG/KPBG), United States of America",?,,,Fatalities: 1 / Occupants: 10 
19621214-0,Final,Friday 14 December 1962,,Lockheed L-049 Constellation,Panair do Brasil,,,, PP-PDE, 2047, ,,,,,Fatalities: 7 / Occupants: 7,Fatalities: 43 / Occupants: 43,,, Damaged beyond repair,,"near Paraná da Eva, AM (   Brazil) 
", En route (ENR),Domestic Scheduled Passenger,"Belém/Val-de-Cans International Airport, PA (BEL/SBBE), Brazil","Manaus/Ponta Pelada Airport, AM (PLL/SBMN), Brazil",,,Fatalities: 50 / Occupants: 50 
19621214-1,,Friday 14 December 1962,22:12,Lockheed L-1049H Super Constellation,Flying Tiger Line,,,, N6913C, 4810, 1957,20269,,,,Fatalities: 3 / Occupants: 3,Fatalities: 2 / Occupants: 2,Fatalities: 3,, Damaged beyond repair,,"2 km (1.3 mls) W of Hollywood-Lockheed Air Terminal, CA (BUR) (   United States of America) 
", Approach (APR),Cargo,"Chicago-O'Hare International Airport, IL (ORD/KORD), United States of America","Hollywood-Lockheed Air Terminal, CA (BUR/KBUR), United States of America", 183,,Fatalities: 5 / Occupants: 5 
19621215-0,,Saturday 15 December 1962,,Douglas C-47A-20-DK (DC-3),United States Air Force - USAF,,,, 42-93086, 12959, 1944,,,,,Fatalities:  / Occupants: ,Fatalities:  / Occupants: ,,, Damaged beyond repair,,"at an unknown location (   Unknown country) 
", Unknown (UNK),Military,?,?,,,Fatalities:  / Occupants:  
19621219-0,,Wednesday 19 December 1962,,Vickers 804 Viscount,LOT Polskie Linie Lotnicze,,,, SP-LVB, 395, 1958,9822,, 4 Rolls-Royce Dart 510,5119,Fatalities: 5 / Occupants: 5,Fatalities: 28 / Occupants: 28,,, Damaged beyond repair,,"1,3 km (0.8 mls) SE of Warszawa-Okecie Airport (WAW) (   Poland) 
", Approach (APR),International Scheduled Passenger,"Berlin-Schönefeld Airport (SXF/EDDB), Germany","Warszawa-Okecie Airport (WAW/EPWA), Poland",,,Fatalities: 33 / Occupants: 33 
19621221-0,,Friday 21 December 1962,20:30,Convair CV-340-31,Frontier Airlines (FL),,,, N73130,  59, 1953,19654,,,,Fatalities: 0 / Occupants: 3,Fatalities: 0 / Occupants: 39,,, Damaged beyond repair,,"Grand Island, NE (   United States of America) 
", Approach (APR),Domestic Scheduled Passenger,"Kansas City Downtown Municipal Airport, MO (MKC/KMKC), United States of America","Grand Island Airport, NE (GRI/KGRI), United States of America", 363,,Fatalities: 0 / Occupants: 42 
19621222-0,,Saturday 22 December 1962,01:00,Convair CV-240-2,Varig,,,, PP-VCQ, 103, 1948,,,,,Fatalities: 1 / Occupants: 5,Fatalities: 0 / Occupants: 35,,, Damaged beyond repair,,"near Brasilia, DF (   Brazil) 
", Approach (APR),Domestic Non Scheduled Passenger,"Belo Horizonte-Pampulha Airport, MG (PLU/SBBH), Brazil","Brasília International Airport, DF (BSB/SBBR), Brazil",,,Fatalities: 1 / Occupants: 40 
19621223-1,,Sunday 23 December 1962,,Antonov An-12,Soviet Air Force,,,, registration unknown, 0901406, ,,,,,Fatalities: 7 / Occupants: 8,Fatalities: 0 / Occupants: 0,,, Damaged beyond repair,,"near Noril'sk-Nezhdannyj Airfield (   Russia) 
", Approach (APR),Military,"Kiev (unknown airport), Ukraine","Noril'sk-Nezhdannyj Airfield, Russia",,,Fatalities: 7 / Occupants: 8 
19621226-0,,Wednesday 26 December 1962,,Martin P5A Marlin,United States Navy,,,, 127712, , ,,,,,Fatalities:  / Occupants: ,Fatalities:  / Occupants: ,,, Damaged beyond repair,,"560 km (350 mls) SW off  San Diego, CA, USA (   Pacific Ocean) 
", En route (ENR),Military,?,?,,,Fatalities: 13 / Occupants: 13 
19621228-1,Final,Friday 28 December 1962,11:04 UTC,Aviation Traders ATL-98 Carvair,Channel Air Bridge,,,, G-ARSF, 3/18339, 1944,1081,,,,Fatalities: 1 / Occupants: 4,Fatalities: 0 / Occupants: 14,,, Damaged beyond repair,,"Rotterdam Airport (RTM) (   Netherlands) 
", Approach (APR),International Scheduled Passenger,"Southend Municipal Airport (SEN/EGMC), United Kingdom","Rotterdam Airport (RTM/EHRD), Netherlands",,,Fatalities: 1 / Occupants: 18 
19621229-0,Final,Saturday 29 December 1962,12:12 UTC,Boeing S.307B-1 Stratoliner,Airnautic,,,, F-BELZ, 2001, 1940,41150,, 4 Wright R-1820-97,,Fatalities: 3 / Occupants: 3,Fatalities: 22 / Occupants: 22,,, Destroyed, Written off (damaged beyond repair),"Monte Renoso, Corsica (   France) 
", En route (ENR),Domestic Non Scheduled Passenger,"Bastia-Poretta Airport (BIA/LFKB), France","Ajaccio-Campo Dell'Oro Airport (AJA/LFKJ), France",,,Fatalities: 25 / Occupants: 25 
19629999-0,,xx xxx 1962,,Douglas C-54B-10-DO (DC-4),Air Vietnam,,,, XV-NUA, 18354, 1944,,,,,Fatalities:  / Occupants: ,Fatalities:  / Occupants: ,,, Damaged beyond repair,,"at an unknown location (   Unknown country) 
", Unknown (UNK),Unknown,?,?,,,Fatalities:  / Occupants:  
