Identifiant:,Status:,Date:,Time:,Type:,Operator:,Operating for:,On behalf of:,Leased from:,Registration:,C/n / msn:,First flight:,Total airframe hrs:,Year built:,Engines:,Cycles:,Crew:,Passengers:,Ground casualties:,Collision casualties:,Aircraft damage:,Aircraft fate:,Location:,Phase:,Nature:,Departure airport:,Destination airport:,Flightnumber:,Probable cause:,Total:
19190802-0,Preliminary,Saturday 2 August 1919,,Caproni Ca.48,Caproni,,,, registration unknown, , 1919,,, 3 Liberty L-12,,Fatalities: 2 / Occupants: 2,Fatalities: 12 / Occupants: 12,,, Destroyed, Written off (damaged beyond repair),"Verona (   Italy) 
", En route (ENR),Passenger,"Venice-Marco Polo Airport (VCE/LIPZ), Italy","Milano-Taliedo Airport, Italy",,,Fatalities: 14 / Occupants: 14 
19190811-0,,Monday 11 August 1919,,Felixstowe Fury,Royal Air Force - RAF,,,, N123, , 1918-11-11  (9 months),,, 5 Rolls-Royce Eagle VIII,,Fatalities: 1 / Occupants: 7,Fatalities: 0 / Occupants: 0,,, Damaged beyond repair,,"off Felixtowe RNAS (   United Kingdom) 
", Initial climb (ICL),Test,"Felixstowe RNAS, United Kingdom","Felixstowe RNAS, United Kingdom",,,Fatalities: 1 / Occupants: 7 
