Identifiant:,Status:,Date:,Time:,Type:,Operator:,Operating for:,On behalf of:,Leased from:,Registration:,C/n / msn:,First flight:,Total airframe hrs:,Year built:,Engines:,Cycles:,Crew:,Passengers:,Ground casualties:,Collision casualties:,Aircraft damage:,Aircraft fate:,Location:,Phase:,Nature:,Departure airport:,Destination airport:,Flightnumber:,Probable cause:,Total:
19290116-0,,Wednesday 16 January 1929,,Ford 4-AT-A Tri-Motor,Stout Air Services,,,, NC1076, 4-AT-09, 1927-08-22  (1 year 5 months),,, 3 Wright J-4 Junior,,Fatalities: 0 / Occupants: 1,Fatalities: 0 / Occupants: 0,,, Damaged beyond repair,,"near Toledo, OH (   United States of America) 
", En route (ENR),Cargo,"Toledo (unknown airport), OH, United States of America","Detroit (unknown airport), MI, United States of America",,,Fatalities: 0 / Occupants: 1 
19290299-0,,xx FEB 1929,,Junkers G.24,Deutsche Lufthansa,,,, D-899, 904, 1925,,,,,Fatalities:  / Occupants: ,Fatalities:  / Occupants: ,,, Damaged beyond repair,,"Epinais, Bretagne (   France) 
", Unknown (UNK),Unknown,?,?,,,Fatalities:  / Occupants:  
19290317-0,,Sunday 17 March 1929,,Ford 4-AT-B Tri-Motor,Colonial Western Airlines,,,, NC7683, 4-AT-41, 1928-09-22  (6 months),,, 3 Wright J-5 Whirlwind,,Fatalities: 0 / Occupants: 1,Fatalities: 14 / Occupants: 14,,, Damaged beyond repair,,"near Newark Airport, NJ (EWR) (   United States of America) 
", Initial climb (ICL),Domestic Non Scheduled Passenger,"Newark Airport, NJ (EWR/KEWR), United States of America","Newark Airport, NJ (EWR/KEWR), United States of America",,,Fatalities: 14 / Occupants: 15 
19290319-0,,Tuesday 19 March 1929,,Ford 5-AT-B Tri-Motor,Ford Motor Company,,,, NC9674, 5-AT-032, 1929-03-14  (),,, 3 Pratt & Whitney R-1340 Wasp,,Fatalities:  / Occupants: ,Fatalities:  / Occupants: ,,, Damaged beyond repair,,"Dearborn, MI (   United States of America) 
", Landing (LDG),Test,"Dearborn-Ford Airport, MI, United States of America","Dearborn-Ford Airport, MI, United States of America",,,Fatalities: 4 / Occupants: 4 
19290412-0,,Friday 12 April 1929,,Dornier Do R4 Superwal,Società Anonima Navigazione Aerea - SANA,,,, I-RIDE, 142, 1928,,,,,Fatalities: 0 / Occupants: 0,Fatalities: 0 / Occupants: 0,,, Damaged beyond repair,,"off Napoli (   Italy) 
", Standing (STD),-,?,?,,,Fatalities: 0 / Occupants: 0 
19290421-0,,Sunday 21 April 1929,ca 11:45,Ford 5-AT-B Tri-Motor,Maddux Airlines,,,, NC9636, 5-AT-010, 1928-12-06  (5 months),,, 3 Pratt & Whitney R-1340 Wasp,,Fatalities: 2 / Occupants: 2,Fatalities: 3 / Occupants: 3,Fatalities: 1,, Damaged beyond repair,,"6,5 km (4.1 mls) E of San Diego Airport, CA (SAN) (   United States of America) 
", En route (ENR),Domestic Scheduled Passenger,"San Diego Airport, CA (SAN/KSAN), United States of America","Phoenix (unknown airport), AZ, United States of America",,,Fatalities: 5 / Occupants: 5 
19290516-0,,Thursday 16 May 1929,,Vickers 170 Vanguard,Vickers-Armstrongs Ltd,,,, G-EBCP, 	170/1, 1923-07-18  (5 years 10 months),,, 2 Rolls-Royce Condor III,,Fatalities: 2 / Occupants: 2,Fatalities: 0 / Occupants: 0,,, Damaged beyond repair,,"Shepperton (   United Kingdom) 
", En route (ENR),Test,"Brooklands Airport (EGLB), United Kingdom","Brooklands Airport (EGLB), United Kingdom",,,Fatalities: 2 / Occupants: 2 
19290519-0,,Sunday 19 May 1929,,Farman F.63bis Goliath,Air Union (France),,,, F-GEAI, 24, 1921,,,,,Fatalities: 0 / Occupants: 2,Fatalities: 0 / Occupants: 0,,, Damaged beyond repair,,"Paddock Wood, Kent (   United Kingdom) 
", En route (ENR),Cargo,"London-Croydon Airport (-/-), United Kingdom","Paris-Le Bourget Airport (LBG/LFPB), France",,,Fatalities: 0 / Occupants: 2 
19290602-0,,Sunday 2 June 1929,,Fokker F.10A,Western Air Express,,,, NC393E, 1013, 1929,,,,,Fatalities: 0 / Occupants: 0,Fatalities: 0 / Occupants: 0,,, Damaged beyond repair,,"Wichita, KS (   United States of America) 
", Standing (STD),-,-,-,,,Fatalities: 0 / Occupants: 0 
19290613-0,,Thursday 13 June 1929,08:00,Fokker F.10A,Pan American World Airways (Pan Am),,,, NC9700, 1010, 1928,,,,,Fatalities:  / Occupants: ,Fatalities:  / Occupants: ,,, Damaged beyond repair,,"Santiago Airport (SCU) (   Cuba) 
", Takeoff (TOF),Domestic Scheduled Passenger,"Santiago-Antonio Maceo Airport (SCU/MUCU), Cuba","Havana-Ciudad Libertad Airport (MULB), Cuba",,,Fatalities: 2 / Occupants: 5 
19290617-0,,Monday 17 June 1929,ca 11:30,Handley Page W.10,Imperial Airways,,,, G-EBMT, W.10/4, 1926,,, 3 Napier Lion,,Fatalities: 0 / Occupants: 2,Fatalities: 7 / Occupants: 11,,, Damaged beyond repair,,"5 km (3.1 mls) E off  Dungeness (   United Kingdom) 
", En route (ENR),International Scheduled Passenger,"London-Croydon Airport (-/-), United Kingdom","Paris-Le Bourget Airport (LBG/LFPB), France",,,Fatalities: 7 / Occupants: 13 
19290624-0,,Monday 24 June 1929,,Ford 5-AT-A Tri-Motor,Northwest Airways,,,, NC7416, 5-AT-002, 1928-08-30  (10 months),,, 3 Pratt & Whitney R-1340 Wasp,,Fatalities:  / Occupants: ,Fatalities:  / Occupants: ,,, Damaged beyond repair,,"Saint Paul, MN (   United States of America) 
", Takeoff (TOF),Domestic Scheduled Passenger,?,?,,,Fatalities: 1 / Occupants: 8 
19290829-0,,Thursday 29 August 1929,,Junkers G.24li,AB Aerotransport,,,, SE-AAF, 837, 1925,,,,,Fatalities: 0 / Occupants: ,Fatalities: 0 / Occupants: ,,, Damaged beyond repair,,"Emsland (   Germany) 
", En route (ENR),International Scheduled Passenger,?,?,,,Fatalities: 0 / Occupants:  
19290903-0,,Tuesday 3 September 1929,11:01,Ford 5-AT-B Tri-Motor,Transcontinental Air Transport - TAT,,,, NC9649, 5-AT-020, 1929-01-18  (8 months),,, 3 Pratt & Whitney R-1340 Wasp,,Fatalities: 3 / Occupants: 3,Fatalities: 5 / Occupants: 5,,, Damaged beyond repair,,"42 km (26.3 mls) S of Gallup, NM (   United States of America) 
", En route (ENR),Domestic Scheduled Passenger,"Albuquerque International Airport, NM (ABQ/KABQ), United States of America","Los Angeles (unknown airport), CA, United States of America",,,Fatalities: 8 / Occupants: 8 
19290906-0,,Friday 6 September 1929,,de Havilland DH.66 Hercules,Imperial Airways,,,, G-EBMZ, 239, 1927,,, 3 Bristol Jupiter VI,,Fatalities: 2 / Occupants: 2,Fatalities: 1 / Occupants: 3,,, Damaged beyond repair,,"Jask Airport (   Iran) 
", Landing (LDG),International Scheduled Passenger,?,"Jask Airport (OIZJ), Iran",,,Fatalities: 3 / Occupants: 5 
19290910-0,,Tuesday 10 September 1929,,Rohrbach Ro X Romar I,Deutsche Lufthansa,,,, D-1734, 30, 1929,,, 3 BMW VIU,,Fatalities: 0 / Occupants: ,Fatalities: 0 / Occupants: ,,, Damaged beyond repair,,"off Grömitz (   Germany) 
", Unknown (UNK),Unknown,?,?,,,Fatalities: 0 / Occupants:  
19291019-0,,Saturday 19 October 1929,,Sabca (Handley Page) W.8B,Sabena,,,, OO-AHK, W.8-5, ,,,,,Fatalities: 0 / Occupants: 2,Fatalities: 0 / Occupants: 10,,, Damaged beyond repair,,"Edegem (   Belgium) 
", Approach (APR),Scheduled Passenger,"Brussel-Haren Airport, Belgium","Antwerpen-Deurne Airport (ANR/EBAW), Belgium",,,Fatalities: 0 / Occupants: 12 
19291026-0,,Saturday 26 October 1929,,Short S.8/1 Calcutta,Imperial Airways,,,, G-AADN, S.748, ,,,,,Fatalities: 3 / Occupants: 3,Fatalities: 4 / Occupants: 4,,, Damaged beyond repair,,"15 km (9.4 mls) off  La Spezia (   Italy) 
", En route (ENR),International Scheduled Passenger,"Napoli Airport (NAP/LIRN), Italy","Genoa-Cristoforo Colombo Airport (GOA/LIMJ), Italy",,,Fatalities: 7 / Occupants: 7 
19291028-0,,Monday 28 October 1929,,Fokker F.10A,Western Air Express,,,, NC591E, 1021, 1929,,,,,Fatalities:  / Occupants: ,Fatalities:  / Occupants: ,,, Damaged beyond repair,,"New Mexico (   United States of America) 
", Unknown (UNK),Unknown,?,?,,,Fatalities:  / Occupants:  
19291099-0,,xx OCT 1929,,Farman F.63bis Goliath,SGTA - Société Générale des Transports Aériens,,,, F-FARI, 26, 1919,,,,,Fatalities:  / Occupants: ,Fatalities:  / Occupants: ,,, Damaged beyond repair,,"at an unknown location (   Unknown country) 
", Unknown (UNK),Unknown,?,?,,,Fatalities:  / Occupants:  
19291106-0,,Wednesday 6 November 1929,10:10,Junkers G.24bi,Deutsche Lufthansa,,,, D-903, 911, ,,,,,Fatalities: 3 / Occupants: 4,Fatalities: 4 / Occupants: 5,,, Damaged beyond repair,,"3 km (1.9 mls) NNE of Godstone, Surrey (   United Kingdom) 
", En route (ENR),International Scheduled Passenger,"London-Croydon Airport (-/-), United Kingdom","Amsterdam-Schiphol Municipal Airport (AMS/EHAM), Netherlands",,,Fatalities: 7 / Occupants: 9 
19291118-0,,Monday 18 November 1929,,Rohrbach Ro X Romar I,Deutsche Lufthansa,,,, D-1693, 29, 1928-08-07  (1 year 3 months),,, 3 BMW VIU,,Fatalities: 0 / Occupants: ,Fatalities: 0 / Occupants: ,,, Damaged beyond repair,,"at an unknown location (   Unknown country) 
", Takeoff (TOF),Unknown,?,?,,,Fatalities: 0 / Occupants:  
19291127-0,,Wednesday 27 November 1929,ca 14:00,Fokker F.32,Fokker Aircraft Corporation of America,,,, NX124M, 1201, 1929-09-13  (3 months),,,,,Fatalities: 0 / Occupants: 2,Fatalities: 0 / Occupants: 0,,, Damaged beyond repair,,"near Hempstead-Roosevelt Field, NY (   United States of America) 
", Initial climb (ICL),Demonstration,"Hempstead-Roosevelt Field, NY, United States of America","Teterboro Airport, NJ (TEB/KTEB), United States of America",,,Fatalities: 0 / Occupants: 2 
19291204-0,,Wednesday 4 December 1929,,Curtiss B-2 Condor (Condor 18),United States Army Air Corps - USAAC,,,, 29-28, , ,,,,,Fatalities: 1 / Occupants: 4,Fatalities: 0 / Occupants: 0,,, Damaged beyond repair,,"Goodwater, AL (   United States of America) 
", Unknown (UNK),Military,"Hampton-Langley AFB, VA (LFI/KLFI), United States of America",?,,,Fatalities: 1 / Occupants: 4 
19291212-0,,Thursday 12 December 1929,,Farman F.180T,SGTA - Société Générale des Transports Aériens,,,, F-AIVR, 71xx.3, ,,,,,Fatalities: 0 / Occupants: 0,Fatalities: 0 / Occupants: 0,,, Damaged beyond repair,,"Toussus-le-Noble (   France) 
", Standing (STD),-,-,-,,,Fatalities: 0 / Occupants: 0 
19291226-0,,Thursday 26 December 1929,,Fokker F.10,Western Air Express,,,, NC5358, 1002, 1928,,,,,Fatalities: 0 / Occupants: 0,Fatalities: 0 / Occupants: 0,,, Damaged beyond repair,,"Oakland Municipal Airport, CA (OAK) (   United States of America) 
", Unknown (UNK),Unknown,?,?,,,Fatalities: 0 / Occupants: 0 
