Identifiant:,Status:,Date:,Time:,Type:,Operator:,Operating for:,On behalf of:,Leased from:,Registration:,C/n / msn:,First flight:,Total airframe hrs:,Year built:,Engines:,Cycles:,Crew:,Passengers:,Ground casualties:,Collision casualties:,Aircraft damage:,Aircraft fate:,Location:,Phase:,Nature:,Departure airport:,Destination airport:,Flightnumber:,Probable cause:,Total:
19380104-0,,Tuesday 4 January 1938,,Junkers Ju-52/3mte,Deutsche Lufthansa,,,, D-ABUR, 5777, ,,,,,Fatalities: 3 / Occupants: 3,Fatalities: 3 / Occupants: 3,,, Damaged beyond repair,,"Frankfurt (   Germany) 
", Approach (APR),International Scheduled Passenger,"Milano (unknown airport), Italy","Frankfurt International Airport (FRA/EDDF), Germany",,,Fatalities: 6 / Occupants: 6 
19380110-0,,Monday 10 January 1938,ca 15:07,Lockheed 14-H Super Electra,Northwest Airlines,,,, NC17388, 1407, 1937,,,,,Fatalities: 2 / Occupants: 2,Fatalities: 8 / Occupants: 8,,, Damaged beyond repair,,"22 km (13.8 mls) NE of Bozeman, MT (   United States of America) 
", En route (ENR),Domestic Scheduled Passenger,"Butte Airport, MT (BTM/KBTM), United States of America","Billings Municipal Airport, MT (BIL/KBIL), United States of America",   2,,Fatalities: 10 / Occupants: 10 
19380111-0,,Tuesday 11 January 1938,,Sikorsky S-42B,Pan American Airways (Pan Am),,,, NC16734, 4207, ,,,,,Fatalities: 7 / Occupants: 7,Fatalities: 0 / Occupants: 0,,, Damaged beyond repair,,"120 km (75 mls) S off  Pago Pago, American Samoa (   Pacific Ocean) 
", En route (ENR),Cargo,"Pago Pago International Airport (PPG/NSTU), American Samoa","Auckland International Airport (AKL/NZAA), New Zealand",,,Fatalities: 7 / Occupants: 7 
19380113-2,,Thursday 13 January 1938,,Junkers Ju-52/3m,Aviación Nacional,,,, registration unknown, , ,,,,,Fatalities:  / Occupants: ,Fatalities:  / Occupants: ,,, Damaged beyond repair,,"Barcelona (   Spain) 
", Unknown (UNK),Military,?,?,,,Fatalities:  / Occupants:  
19380202-0,,Wednesday 2 February 1938,ca 20:40,Consolidated PBY-2 Catalina,United States Navy,,,, 0463, , ,,,,,Fatalities:  / Occupants: ,Fatalities:  / Occupants: ,,Fatalities: 7, Damaged beyond repair,,"off San Clemente Island, CA (   United States of America) 
", En route (ENR),Military,"San Diego-North Island NAS, CA (NZY/KNZY), United States of America","San Diego-North Island NAS, CA (NZY/KNZY), United States of America",,,Fatalities: 3 / Occupants: 6 
19380202-1,,Wednesday 2 February 1938,20:40,Consolidated PBY-2 Catalina,United States Navy,,,, 0462, , ,,,,,Fatalities:  / Occupants: ,Fatalities:  / Occupants: ,,Fatalities: 3, Damaged beyond repair,,"off San Clemente Island, CA (   United States of America) 
", En route (ENR),Military,"San Diego-North Island NAS, CA (NZY/KNZY), United States of America","San Diego-North Island NAS, CA (NZY/KNZY), United States of America",,,Fatalities: 7 / Occupants: 7 
19380207-0,,Monday 7 February 1938,,Junkers Ju-90V1,Junkers Flugzeug & Motorenwerke,,,, D-AALU, 4913, ,,,,,Fatalities: 1 / Occupants: 3,Fatalities: 0 / Occupants: 0,,, Damaged beyond repair,,"Dessau (   Germany) 
", Maneuvering (MNV),Test,"Dessau Airport (EDAD), Germany","Dessau Airport (EDAD), Germany",,,Fatalities: 1 / Occupants: 3 
19380209-0,,Wednesday 9 February 1938,07:30,Lioré-et-Olivier H.242/1,Air France,,,, F-ANPB, 4, ,,, 4 Gnome-Rhône 7Kd Titan Major,,Fatalities: 2 / Occupants: 5,Fatalities: 5 / Occupants: 9,,, Damaged beyond repair,,"Étang de Berre (   France) 
", Takeoff (TOF),Domestic Scheduled Passenger,"Marignane-Berre Seaplane Base (LFTB), France","Ajaccio Harbour Seaplane Base, France",,,Fatalities: 7 / Occupants: 14 
19380213-0,,Sunday 13 February 1938,ca 14:30,CANT Z.506,Ala Littoria,,,, I-ORIA, 297, 1936,,,,,Fatalities: 4 / Occupants: 4,Fatalities: 10 / Occupants: 10,,, Damaged beyond repair,,"off Sardinia, Italy (   Mediterranean Sea) 
", En route (ENR),International Scheduled Passenger,?,?,,,Fatalities: 14 / Occupants: 14 
19380222-0,,Tuesday 22 February 1938,04:50,Junkers Ju-52/3mge,Deutsche Lufthansa,,,, D-APAR, 4040, ,,,,,Fatalities: 3 / Occupants: 3,Fatalities: 0 / Occupants: 0,,, Damaged beyond repair,,"near Pontoise (   France) 
", Approach (APR),Cargo,"Köln-Butzweilerhof Airfield, Germany","Paris-Le Bourget Airport (LBG/LFPB), France",,,Fatalities: 3 / Occupants: 3 
19380299-0,,xx FEB 1938,,Fokker F.XX,LAPE - Líneas Aéreas Postales Españolas,,,, EC-45-E, 5347, 1933-06-09  (36 years 7 months),,, 3 Wright R-1820,,Fatalities:  / Occupants: ,Fatalities:  / Occupants: ,,, Damaged beyond repair,,"Barcelona-El Prat Airport (BCN) (   Spain) 
", Unknown (UNK),Unknown,?,?,,,Fatalities:  / Occupants:  
19380301-0,,Tuesday 1 March 1938,ca 21:30,Douglas DC-2-112,Transcontinental & Western Air - TWA,,,, NC13789, 1299, 1935,,,,,Fatalities: 3 / Occupants: 3,Fatalities: 6 / Occupants: 6,,, Damaged beyond repair,,"13 km (8.1 mls) ENE Wawona, CA (   United States of America) 
", En route (ENR),Domestic Scheduled Passenger,"San Francisco Municipal Airport, CA (SFO/KSFO), United States of America","Winslow Airport, AZ (INW/KINW), United States of America",   8,,Fatalities: 9 / Occupants: 9 
19380307-0,,Monday 7 March 1938,,Potez 62,Air France,,,, F-ANQR, 4031 / 12, ,,, 2 Gnome-Rhône 14Kirs Mistral Major,,Fatalities: 3 / Occupants: 3,Fatalities: 4 / Occupants: 4,,, Damaged beyond repair,,"Datia, Madhya Pradesh (   India) 
", En route (ENR),International Scheduled Passenger,"Calcutta-Dum Dum Airport (CCU/VECC), India","Jodhpur Airport (JDH/VIJO), India",,,Fatalities: 7 / Occupants: 7 
19380317-0,,Thursday 17 March 1938,,Tupolev G-2,Polyarnaya Aviatsiya,,,, CCCP-N210, 22752, ,,,,,Fatalities: 0 / Occupants: 4,Fatalities: 0 / Occupants: 3,,, Damaged beyond repair,,"Buhkta Teplits (   Russia) 
", Landing (LDG),Cargo,?,?,,,Fatalities: 0 / Occupants: 7 
19380323-0,,Wednesday 23 March 1938,20:15,Dewoitine D.338,Air France,,,, F-AQBB, 2, 1937,,,,,Fatalities: 3 / Occupants: 3,Fatalities: 5 / Occupants: 5,,, Damaged beyond repair,,"French Pyrénées (   France) 
", En route (ENR),International Scheduled Passenger,"Oran-es Senia Airport (ORN/DAOO), Algeria","Toulouse (unknown airport), France",,,Fatalities: 8 / Occupants: 8 
19380328-0,,Monday 28 March 1938,,WM Fokker F.VIIIb,Malert - Magyar Légiforgalmi Rt.,,,, HA-FND, 4054, ,,,,,Fatalities:  / Occupants: ,Fatalities:  / Occupants: ,,, Damaged beyond repair,,"near Nyíregyháza (   Hungary) 
", Unknown (UNK),Unknown,?,?,,,Fatalities:  / Occupants:  
19380330-0,,Wednesday 30 March 1938,,Junkers Ju-52/3m,Ala Littoria,,,, I-BEZI, 4062, ,,,,,Fatalities: 0 / Occupants: 2,Fatalities: 0 / Occupants: 0,,, Damaged beyond repair,,"off Venezia Lido Airport (   Italy) 
", En route (ENR),Training,"Venezia-Lido Airport (LIPV), Italy","Venezia-Lido Airport (LIPV), Italy",,,Fatalities: 0 / Occupants: 2 
19380425-0,,Monday 25 April 1938,20:18,Sikorsky S-43B,Pan American Airways (Pan Am),,,, NC16932, 4323, 1936,,,,,Fatalities: 0 / Occupants: 6,Fatalities: 0 / Occupants: 12,,, Damaged beyond repair,,"16 km (10 mls) SE off  Kingston (   Jamaica) 
", Approach (APR),International Scheduled Passenger,"Santiago-Antonio Maceo Airport (SCU/MUCU), Cuba","Kingston Airport (KIN/MKJP), Jamaica", 105,,Fatalities: 0 / Occupants: 18 
19380430-0,,Saturday 30 April 1938,ca 13:15,Savoia-Marchetti S.73,Ala Littoria,,,, I-MEDA, 30020, 1937,,,,,Fatalities: 5 / Occupants: 5,Fatalities: 14 / Occupants: 14,,, Damaged beyond repair,,"Maranola, Formia (   Italy) 
", En route (ENR),Domestic Scheduled Passenger,"Tirana-Rinas Airport (TIA/LATI), Albania","Roma (unknown airport), Italy",,,Fatalities: 19 / Occupants: 19 
19380510-0,,Tuesday 10 May 1938,,Ford 5-AT-C Tri-Motor,LAN Chile,,,, 3, 5-AT-0.., ,,,,,Fatalities: 0 / Occupants: ,Fatalities: 0 / Occupants: ,,, Damaged beyond repair,,"at an unknown location (   Chile) 
", Unknown (UNK),Unknown,?,?,,,Fatalities: 0 / Occupants:  
19380513-0,,Friday 13 May 1938,08:20,Ford 5-AT-DS Tri-Motor,SCADTA - Sociedad Colombo Alemana de Transporte Aéreo,,,, C-60, 5-AT-114, 1932-04-17  (6 years ),,, 3 Pratt & Whitney R-1340 Wasp,,Fatalities: 0 / Occupants: 6,Fatalities: 0 / Occupants: 0,,, Damaged beyond repair,,"2 km (1.3 mls) N of Quibdó (   Colombia) 
", Approach (APR),Survey/research,?,?,,,Fatalities: 0 / Occupants: 6 
19380516-0,,Monday 16 May 1938,14:07,Lockheed 14-H2 Super Electra,Northwest Airlines,,,, NC17394, 1439, 1938,,,,,Fatalities: 2 / Occupants: 2,Fatalities: 7 / Occupants: 7,,, Damaged beyond repair,,"near Saugus, CA (   United States of America) 
", En route (ENR),Ferry/positioning,"Burbank Airport, CA (BUR/KBUR), United States of America","Las Vegas McCarran Field, NV (LSV/KLSV), United States of America",,,Fatalities: 9 / Occupants: 9 
19380522-0,,Sunday 22 May 1938,,Curtiss T-32C Condor II,LAN Chile,,,, 1, 33, ,,,,,Fatalities:  / Occupants: ,Fatalities:  / Occupants: ,,, Damaged beyond repair,,"Domeyko (   Chile) 
", Unknown (UNK),Military,?,?,,,Fatalities:  / Occupants:  
19380522-1,,Sunday 22 May 1938,13:40,Junkers Ju-52/3mge,Syndicato Condor,,,, PP-CBC, 5453, ,,,,,Fatalities:  / Occupants: 4,Fatalities:  / Occupants: 13,,, Damaged beyond repair,,"Santos Airport, SP (SSZ) (   Brazil) 
", Takeoff (TOF),Domestic Scheduled Passenger,"Santos Airport, SP (SSZ/SBST), Brazil","Paranaguá Municipal Airport, PR (PNG/SSPG), Brazil",,,Fatalities: 6 / Occupants: 17 
19380524-0,Final,Tuesday 24 May 1938,22:17,Douglas DST-A-207A (DC-3),United Airlines,,,, NC18108, 1956, 1938,,,,,Fatalities: 3 / Occupants: 3,Fatalities: 7 / Occupants: 7,,, Damaged beyond repair,,"14 km (8.8 mls) E of Cleveland Municipal Airport, OH (CLE) (   United States of America) 
", En route (ENR),Domestic Scheduled Passenger,"Newark Airport, NJ (EWR/KEWR), United States of America","Cleveland Municipal Airport, OH (CLE/KCLE), United States of America",   9,,Fatalities: 10 / Occupants: 10 
19380619-0,,Sunday 19 June 1938,,Douglas DC-2-118A,Pan American Grace Airways (Panagra),,,, NC14272, 1305, 1934,,,,,Fatalities: 4 / Occupants: 4,Fatalities: 0 / Occupants: 0,,, Damaged beyond repair,,"Mt Mercedario (   Chile) 
", En route (ENR),Cargo,"Santiago-Los Cerrillos Airport (ULC/SCTI), Chile","Arica-Chacalluta Airport (ARI/SCAR), Chile",,,Fatalities: 4 / Occupants: 4 
19380626-0,,Sunday 26 June 1938,,Junkers Ju-52/3mge,Deutsche Lufthansa Sucursal Perú,,,, OA-HHB, 5043, ,,,,,Fatalities: 3 / Occupants: 3,Fatalities: 4 / Occupants: 4,,, Damaged beyond repair,,"Cerro Chilligua (   Peru) 
", En route (ENR),International Scheduled Passenger,"Arequipa-Rodríguez Ballón Airport (AQP/SPQU), Peru","La Paz-El Alto Airport (LPB/SLLP), Bolivia",,,Fatalities: 7 / Occupants: 7 
19380702-0,,Saturday 2 July 1938,,Curtiss YC-30 Condor II,United States Army Air Corps - USAAC,,,, 33-321, 27, ,,,,,Fatalities: 0 / Occupants: ,Fatalities: 0 / Occupants: ,,, Damaged beyond repair,,"Maxwell Field, Montgomery, AL (   United States of America) 
", Landing (LDG),Military,?,"Montgomery-Maxwell Field, AL (MXF/KMXF), United States of America",,,Fatalities: 0 / Occupants:  
19380708-0,,Friday 8 July 1938,ca 02:56,Lockheed 14-H Super Electra,Northwest Airlines,,,, NC17383, 1402, 1937,,,,,Fatalities: 0 / Occupants: 2,Fatalities: 1 / Occupants: 8,,, Damaged beyond repair,,"Billings Municipal Airport, MT (BIL) (   United States of America) 
", Takeoff (TOF),Domestic Scheduled Passenger,"Billings Municipal Airport, MT (BIL/KBIL), United States of America","Fargo-Hector Field, ND (FAR/KFAR), United States of America",,,Fatalities: 1 / Occupants: 10 
19380714-0,,Thursday 14 July 1938,ca 09:30,Savoia-Marchetti S-66,Ala Littoria,,,, I-VOLO, 15013, 1935,,,,,Fatalities: 4 / Occupants: 4,Fatalities: 16 / Occupants: 16,,, Damaged beyond repair,,"145 km (90.6 mls) NE off  Terranova, Sardinia, Italy (   Mediterranean Sea) 
", En route (ENR),Domestic Scheduled Passenger,"Cagliari-Elmas Airport (CAG/LIEE), Italy","Roma (unknown airport), Italy",,,Fatalities: 20 / Occupants: 20 
19380715-0,,Friday 15 July 1938,05:30,Douglas DC-3-228,Pan American Airways (Pan Am),,,, NC18114, 1990, 1937,,,,,Fatalities: 0 / Occupants: 5,Fatalities: 0 / Occupants: 8,Fatalities: 1,, Damaged beyond repair,,"Morón, BA (   Argentina) 
", Initial climb (ICL),International Scheduled Passenger,"Morón-Ituzaingo Airport, BA (SADM), Argentina","Asunción-Silvio Pettirossi International Airport (ASU/SGAS), Paraguay",,,Fatalities: 0 / Occupants: 13 
19380716-0,,Saturday 16 July 1938,,Junkers Ju-52/3mge,Eurasia,,,, XXI, 5087, ,,,,,Fatalities:  / Occupants: ,Fatalities:  / Occupants: ,,, Damaged beyond repair,,"Wuhan (Hankow) (   China) 
", Landing (LDG),Unknown,?,?,,,Fatalities:  / Occupants:  
19380722-0,,Friday 22 July 1938,17:38,Lockheed 14-H Super Electra,LOT Polskie Linie Lotnicze,,,, SP-BNG, 1422, 1938,,,,,Fatalities:  / Occupants: ,Fatalities:  / Occupants: ,,, Damaged beyond repair,,"Negrileasa, Stulpicani, Suceava (   Romania) 
", En route (ENR),Int'l Non Scheduled Passenger,"Chernovtsy Airport (CWC/UKLN), Ukraine","Bucharest-Baneasa Airport (BBU/LRBS), Romania",,,Fatalities: 14 / Occupants: 14 
19380727-0,,Wednesday 27 July 1938,,Armstrong Whitworth AW.15 Atalanta,Imperial Airways,,,, G-ABTG, AW.785, ,,,,,Fatalities: 4 / Occupants: 4,Fatalities: 0 / Occupants: 0,,, Damaged beyond repair,,"near Kisumu (   Kenya) 
", Unknown (UNK),Unknown,"Kisumu Airport (KIS/HKKI), Kenya","Alexandria Airport (ALY/HEAX), Egypt",,,Fatalities: 4 / Occupants: 4 
19380728-0,,Thursday 28 July 1938,,Martin M-130,Pan American Airways (Pan Am),,,, NC14714, 556, 1934,,, 4 Pratt & Whitney R-1830-S2A5G,,Fatalities: 9 / Occupants: 9,Fatalities: 6 / Occupants: 6,,, Missing, Presumed damaged beyond repair,"E off Manila, Philippines (   Pacific Ocean) 
", En route (ENR),International Scheduled Passenger,"Guam (unknown airport), Guam","Manila Airport (MNL/RPLL), Philippines",,,Fatalities: 15 / Occupants: 15 
19380810-0,,Wednesday 10 August 1938,,WM Fokker F.VIIIb,Malert - Magyar Légiforgalmi Rt.,,,, HA-FNC, 4053, ,,,,,Fatalities: 3 / Occupants: 3,Fatalities: 9 / Occupants: 9,,, Damaged beyond repair,,"SW of Debrecen Airport (DEB) (   Hungary) 
", Initial climb (ICL),Domestic Non Scheduled Passenger,"Debrecen Airport (DEB/LHDC), Hungary","Budapest-Ferihegy Airport (BUD/LHBP), Hungary",,,Fatalities: 12 / Occupants: 12 
19380811-0,,Thursday 11 August 1938,,Ford 5-AT-C Tri-Motor,Max Conrad,,,, NC8413, 5-AT-051, 1929-06-13  (9 years 2 months),,, 3 Pratt & Whitney R-1340 Wasp,,Fatalities: 0 / Occupants: 0,Fatalities: 0 / Occupants: 0,,, Damaged beyond repair,,"Mankato, MN (   United States of America) 
", Standing (STD),-,-,-,,,Fatalities: 0 / Occupants: 0 
19380813-0,,Saturday 13 August 1938,,Savoia-Marchetti S.73,CSA Ceskoslovenské Aerolinie,,,, OK-BAG, 30040, 1937,,, 3 Walter (Bristol) Pegasus II-M2,,Fatalities: 4 / Occupants: 4,Fatalities: 13 / Occupants: 13,,, Damaged beyond repair,,"Oberkirch (   Germany) 
", Approach (APR),International Scheduled Passenger,"Praha-Ruzyne International Airport (PRG/LKPR), Czech Republic","Strasbourg (unknown airport), France",,,Fatalities: 17 / Occupants: 17 
19380815-0,,Monday 15 August 1938,,Junkers Ju-52/3mfe,Syndicato Condor,,,, PP-CAT, 4024, 1933,,,,,Fatalities: 4 / Occupants: 4,Fatalities: 5 / Occupants: 5,,, Damaged beyond repair,,"Guanabara Bay (   Brazil) 
", Takeoff (TOF),Domestic Scheduled Passenger,"Rio de Janeiro-Calabouço Seaplane Base, Brazil","Vitória-Goiabeiras Airport, ES (VIX/SBVT), Brazil",,,Fatalities: 9 / Occupants: 9 
19380818-0,,Thursday 18 August 1938,,Lockheed 14-H Super Electra,LOT Polskie Linie Lotnicze,,,, SP-BNJ, 1424, 1938,,,,,Fatalities: 0 / Occupants: ,Fatalities: 0 / Occupants: ,,, Damaged beyond repair,,"Bucharest-Baneasa Airport (BBU) (   Romania) 
", Taxi (TXI),International Scheduled Passenger,"Bucharest-Baneasa Airport (BBU/LRBS), Romania","Warszawa-Okecie Airport (WAW/EPWA), Poland",,,Fatalities: 0 / Occupants:  
19380818-1,,Thursday 18 August 1938,ca 17:00,Macchi M.C.94-II,Macchi,,,, I-NILO, 94001, ,,,,,Fatalities:  / Occupants: ,Fatalities:  / Occupants: ,,, Damaged beyond repair,,"Mornago (Varese) (   Italy) 
", Unknown (UNK),Demonstration,?,?,,,Fatalities: 13 / Occupants: 13 
19380820-2,,Saturday 20 August 1938,,Junkers Ju-52/3m,Aviación Nacional,,,, registration unknown, , ,,,,,Fatalities:  / Occupants: ,Fatalities:  / Occupants: ,,, Damaged beyond repair,,"at an unknown location (   Spain) 
", Unknown (UNK),Military,?,?,,,Fatalities:  / Occupants:  
19380824-0,,Wednesday 24 August 1938,,Douglas DC-2-221,China National Aviation Corporation - CNAC,,,, 32, 1568, 1937,,,,,Fatalities: 1 / Occupants: 3,Fatalities: 13 / Occupants: 14,,, Substantial, Repaired,"Wangmoon (   China) 
", En route (ENR),Domestic Scheduled Passenger,"Hong Kong-Kai Tak International Airport (HKG/VHHH), Hong Kong","Chongqing-Jiangbei International Airport (CKG/ZUCK), China",,,Fatalities: 14 / Occupants: 17 
19380903-0,,Saturday 3 September 1938,,Ford 5-AT-D Tri-Motor,Johnson Flying Service,,,, NC435H, 5-AT-102, 1931-04-17  (7 years 5 months),,, 3 Pratt & Whitney R-1340 Wasp,,Fatalities: 0 / Occupants: ,Fatalities: 0 / Occupants: ,,, Damaged beyond repair,,"Big Prairie, MT (   United States of America) 
", Landing (LDG),Unknown,?,?,,,Fatalities: 0 / Occupants:  
19380907-0,,Wednesday 7 September 1938,,CANT Z.506C,Ala Littoria,,,, I-DENO, 3549, 1938,,,,,Fatalities:  / Occupants: ,Fatalities:  / Occupants: ,,, Damaged beyond repair,,"Melilla (   Spain) 
", Unknown (UNK),Unknown,?,?,,,Fatalities:  / Occupants:  
19380920-0,,Tuesday 20 September 1938,,Short Sunderland I,Royal Air Force - RAF,,,, L2162, , ,,,,,Fatalities:  / Occupants: ,Fatalities:  / Occupants: ,,, Damaged beyond repair,,"Angle Bay, Milford Haven, Pembrokeshire (   United Kingdom) 
", Landing (LDG),Military,?,?,,,Fatalities: 2 / Occupants:  
19381001-0,,Saturday 1 October 1938,,Junkers Ju-52/3mte,Deutsche Lufthansa,,,, D-AVFB, 5928, ,,,,,Fatalities:  / Occupants: ,Fatalities:  / Occupants: ,,, Damaged beyond repair,,"Grisons (Graubünden) (   Switzerland) 
", En route (ENR),International Scheduled Passenger,"Frankfurt Rhein-Main Airport (FRA/EDDF), Germany","Milano (unknown airport), Italy",,,Fatalities: 13 / Occupants: 13 
19381001-1,,Saturday 1 October 1938,,Junkers G.24,Syndicato Condor,,,, PP-CAB, 944, 1926,,,,,Fatalities: 0 / Occupants: ,Fatalities: 0 / Occupants: ,,, Damaged beyond repair,,"Coruripe, AL (   Brazil) 
", Unknown (UNK),Unknown,?,?,,,Fatalities: 0 / Occupants:  
19381010-0,,Monday 10 October 1938,,Sabca Savoia-Marchetti S.73P,Sabena,,,, OO-AGT, 4, ,,, 3 Gnome-Rhône 14K Mistral Major,,Fatalities: 4 / Occupants: 4,Fatalities: 16 / Occupants: 16,,, Damaged beyond repair,,"Soest (   Germany) 
", En route (ENR),International Scheduled Passenger,"Düsseldorf Airport (DUS/EDDL), Germany","Berlin (airport unknown), Germany",,,Fatalities: 20 / Occupants: 20 
19381018-0,Final,Tuesday 18 October 1938,22:44,Douglas DC-2-112,Eastern Air Lines,,,, NC13735, 1261, 1934,,, 2 Wright R-1820-F2B Cyclone,,Fatalities: 0 / Occupants: 3,Fatalities: 0 / Occupants: 11,,, Damaged beyond repair,,"near Montgomery Municipal Airport, AL (GUN) (   United States of America) 
", Initial climb (ICL),Domestic Scheduled Passenger,"Montgomery Municipal Airport, AL (GUN), United States of America","Atlanta Municipal Airport, GA (ATL/KATL), United States of America",   2,,Fatalities: 0 / Occupants: 14 
19381020-0,,Thursday 20 October 1938,,Ford 4-AT-B Tri-Motor,H.W. Musleh,,,, NC7865, 4-AT-50, 1928-10-30  (10 years),,, 3 Wright J-5 Whirlwind,,Fatalities: 1 / Occupants: 1,Fatalities: 0 / Occupants: 0,,, Damaged beyond repair,,"Powellsville, NC (   United States of America) 
", Unknown (UNK),Unknown,?,?,,,Fatalities: 1 / Occupants: 1 
19381025-0,,Tuesday 25 October 1938,13:45,Douglas DC-2-210,Australian National Airways - ANA,,,, VH-UYC, 1566, 1937,,,,,Fatalities: 4 / Occupants: 4,Fatalities: 14 / Occupants: 14,,, Damaged beyond repair,,"Mt Dandenong, VIC (   Australia) 
", En route (ENR),Domestic Scheduled Passenger,"Adelaide Airport, SA (ADL/YPAD), Australia","Melbourne-Essendon Airport, VIC (MEB/YMEN), Australia",,,Fatalities: 18 / Occupants: 18 
19381104-0,,Friday 4 November 1938,10:50,de Havilland DH.86 Express,Jersey Airways,,,, G-ACZN, 2316, ,,,,,Fatalities: 1 / Occupants: 1,Fatalities: 12 / Occupants: 12,Fatalities: 1,, Damaged beyond repair,,"Jersey-States Airport, Channel Islands (JER) (   United Kingdom) 
", Takeoff (TOF),Domestic Scheduled Passenger,"Jersey-States Airport, Channel Islands (JER/EGJJ), United Kingdom","Southampton-Eastleigh Airport (SOU/EGHI), United Kingdom",,,Fatalities: 13 / Occupants: 13 
19381110-0,,Thursday 10 November 1938,,Douglas DC-3,Japan Air Transport,,,, J-BDO., 20.., ,,,,,Fatalities:  / Occupants: ,Fatalities:  / Occupants: ,,, Unknown, Written off (damaged beyond repair),"Fukuoka (   Japan) 
", Unknown (UNK),Unknown,?,?,,,Fatalities:  / Occupants:  
19381114-0,Final,Monday 14 November 1938,18:41,Douglas DC-3-194D,KLM Royal Dutch Airlines,,,, PH-ARY, 2021, 1938,,,,,Fatalities: 4 / Occupants: 5,Fatalities: 2 / Occupants: 14,,, Damaged beyond repair,,"Amsterdam-Schiphol Municipal Airport (AMS) (   Netherlands) 
", Approach (APR),International Scheduled Passenger,"Berlin-Tempelhof Airport (THF/EDDI), Germany","Amsterdam-Schiphol Municipal Airport (AMS/EHAM), Netherlands",,,Fatalities: 6 / Occupants: 19 
19381118-0,,Friday 18 November 1938,,Consolidated PBY-2 Catalina,United States Navy,,,, 0482, , ,,,,,Fatalities:  / Occupants: ,Fatalities:  / Occupants: ,,, Damaged beyond repair,,"off Hawaii (   Pacific Ocean) 
", Unknown (UNK),Military,?,?,,,Fatalities: 2 / Occupants: 7 
19381118-1,,Friday 18 November 1938,00:51,Lockheed 14-H2 Super Electra,Trans-Canada Air Lines - TCAL,,,, CF-TCL, 1475, 1938,,,,,Fatalities: 2 / Occupants: 2,Fatalities: 0 / Occupants: 0,,, Damaged beyond repair,,"near Regina Airport, SK (YQR) (   Canada) 
", Takeoff (TOF),Cargo,"Regina Airport, SK (YQR/CYQR), Canada","Vancouver (unknown airport), BC, Canada",,,Fatalities: 2 / Occupants: 2 
19381122-0,,Tuesday 22 November 1938,,Lockheed 14-WF62 Super Electra,British Airways Ltd.,,,, G-AFGO, 1468, 1938,,,,,Fatalities: 2 / Occupants: 2,Fatalities: 0 / Occupants: 0,,, Damaged beyond repair,,"Walton Bay, Somerset (   United Kingdom) 
", Unknown (UNK),Test,"Bristol-Whitchurch Airport, United Kingdom","Bristol-Whitchurch Airport, United Kingdom",,,Fatalities: 2 / Occupants: 2 
19381122-1,,Tuesday 22 November 1938,,Savoia-Marchetti SM-75C,Ala Littoria,,,, I-TUON, 32017, ,,,,,Fatalities: 4 / Occupants: ,Fatalities: 0 / Occupants: ,,, Damaged beyond repair,,"near Winklern (   Austria) 
", En route (ENR),International Scheduled Passenger,"Münich-Oberwiesenfeld Airport, Germany","Roma (unknown airport), Italy",,,Fatalities: 4 / Occupants: 5 
19381125-2,,Friday 25 November 1938,,Junkers Ju-52/3m,Luftwaffe,,,, registration unknown, , ,,,,,Fatalities:  / Occupants: ,Fatalities:  / Occupants: ,,, Damaged beyond repair,,"near Bayreuth (   Germany) 
", En route (ENR),Military,?,?,,,Fatalities: 4 / Occupants: 4 
19381126-0,,Saturday 26 November 1938,,Junkers Ju-90V2,Deutsche Lufthansa,,,, D-AIVI, 4914, 1938,,,,,Fatalities:  / Occupants: ,Fatalities:  / Occupants: ,,, Damaged beyond repair,,"Bathurst (Banjul) (   Gambia) 
", Takeoff (TOF),Test,"Bathurst-Jeswang Airport, Gambia","Dakar-Yoff Airport (DKR/GOOY), Senegal",,,Fatalities: 12 / Occupants: 15 
19381127-0,,Sunday 27 November 1938,,Short S.23 Empire Flying Boat Mk I,Imperial Airways,,,, G-AETW, S.839, 1937,,, 4 Bristol Pegasus Xc,,Fatalities:  / Occupants: ,Fatalities:  / Occupants: ,,, Damaged beyond repair,,"Lake Habbaniyah (   Iraq) 
", Approach (APR),Unknown,?,?,,,Fatalities: 4 / Occupants:  
19381129-0,Final,Tuesday 29 November 1938,05:25,Douglas DC-3A-191,United Airlines,,,, NC16066, 1906, 1937,,,,,Fatalities: 2 / Occupants: 3,Fatalities: 3 / Occupants: 4,,, Damaged beyond repair,,"1,2 km (0.8 mls) off  Point Reyes, CA (   United States of America) 
", En route (ENR),Domestic Scheduled Passenger,"Medford-Jackson County Airport, OR (MFR/KMFR), United States of America","Oakland Municipal Airport, CA (OAK/KOAK), United States of America", UA6,,Fatalities: 5 / Occupants: 7 
19381202-0,,Friday 2 December 1938,,Junkers Ju-52/3mte,Deutsche Lufthansa,,,, D-ANOY, 5663, ,,,,,Fatalities: 0 / Occupants: 4,Fatalities: 0 / Occupants: 4,,, Damaged beyond repair,,"near Vienna (   Austria) 
", Unknown (UNK),International Scheduled Passenger,"Berlin (airport unknown), Germany","Wien Air Base (VIE/LOWW), Austria",,,Fatalities: 0 / Occupants: 8 
19381203-0,,Saturday 3 December 1938,,de Havilland DH.86 Express,Imperial Airways,,,, G-ADCN, 2319, ,,,,,Fatalities:  / Occupants: ,Fatalities:  / Occupants: ,,, Damaged beyond repair,,"Bangkok (   Thailand) 
", Unknown (UNK),Unknown,?,?,,,Fatalities:  / Occupants:  
19381206-1,,Tuesday 6 December 1938,22:25,Focke-Wulf Fw 200,Deutsche Lufthansa,,,, D-ACON, 2000, ,,,,,Fatalities: 0 / Occupants: 5,Fatalities: 0 / Occupants: 1,,, Damaged beyond repair,,"off Manila (   Philippines) 
", En route (ENR),Unknown,"Tokyo (unknown airport), Japan","Manila Airport (MNL/RPLL), Philippines",,,Fatalities: 0 / Occupants: 6 
19381208-0,,Thursday 8 December 1938,,Nakajima/Douglas DC-2,Dai Nippon Koku KK (Imperial Japanese Airways),,,, J-BBOH, 1418/1, ,,,,,Fatalities:  / Occupants: 4,Fatalities:  / Occupants: 8,,, Damaged beyond repair,,"off Kerama Islands (   Japan) 
", En route (ENR),International Scheduled Passenger,"Taipei-Songshan Airport (TSA/RCSS), Taiwan","Okinawa (unknown airport), Japan",,,Fatalities: 10 / Occupants: 12 
19381209-0,,Friday 9 December 1938,11:20,Lockheed 14-WF62 Super Electra,KLM Royal Dutch Airlines,,,, PH-APE, 1413, 1938,323,, 2 Wright GR-1820 Cyclone,,Fatalities: 4 / Occupants: 4,Fatalities: 0 / Occupants: 0,,, Damaged beyond repair,,"near Amsterdam-Schiphol Municipal Airport (AMS) (   Netherlands) 
", Takeoff (TOF),Training,"Amsterdam-Schiphol Municipal Airport (AMS/EHAM), Netherlands","Amsterdam-Schiphol Municipal Airport (AMS/EHAM), Netherlands",,,Fatalities: 4 / Occupants: 4 
19381210-0,,Saturday 10 December 1938,,Lockheed 14-WG3B Super Electra,Dai Nippon Koku KK (Imperial Japanese Airways),,,, J-BDOB, , ,,,,,Fatalities:  / Occupants: ,Fatalities:  / Occupants: ,,, Damaged beyond repair,,"Tsingtao (Quingdao), Shandong (   China) 
", Taxi (TXI),Domestic Scheduled Passenger,?,?,,,Fatalities:  / Occupants:  
19381211-0,,Sunday 11 December 1938,,Junkers Ju-52/3mge,SEDTA - Sociedad Ecuatoriana de Transportes Aéreos,,,, HC-SAB, 5915, ,,,,,Fatalities: 0 / Occupants: 2,Fatalities: 0 / Occupants: 3,,, Damaged beyond repair,,"Quito-Cotocollao Airport (   Ecuador) 
", Landing (LDG),Domestic Scheduled Passenger,"Guayaquil-Simon Bolivar Airport (GYE/SEGU), Ecuador","Quito-Cotocollao Airport, Ecuador",,,Fatalities: 0 / Occupants: 5 
