Identifiant:,Status:,Date:,Time:,Type:,Operator:,Operating for:,On behalf of:,Leased from:,Registration:,C/n / msn:,First flight:,Total airframe hrs:,Year built:,Engines:,Cycles:,Crew:,Passengers:,Ground casualties:,Collision casualties:,Aircraft damage:,Aircraft fate:,Location:,Phase:,Nature:,Departure airport:,Destination airport:,Flightnumber:,Probable cause:,Total:
20120109-0,Preliminary,Monday 9 January 2012,07:20,Xian MA60,Transporte Aéreo Militar - TAM,,,, FAB-96, 0503, 2007,,,,,Fatalities: 0 / Occupants: 5,Fatalities: 0 / Occupants: 16,,, Substantial,,"Guayaramerin Airport (GYA) (   Bolivia) 
", Landing (LDG),Military,"Riberalta-Gen Buech Airport (RIB/SLRI), Bolivia","Guayaramerín Airport (GYA/SLGY), Bolivia",,,Fatalities: 0 / Occupants: 21 
20120112-0,Preliminary - official,Thursday 12 January 2012,19:55,Let L-410UVP-E9,Blue Sky Aviation,,,, 5Y-BSA, 892323, 1989,,, 2 Walter M-601E,,Fatalities: 0 / Occupants: 2,Fatalities: 0 / Occupants: 4,,, Substantial,,"Kichwa Tembo Airstrip (   Kenya) 
", Takeoff (TOF),Domestic Scheduled Passenger,"Kichwa Tembo Airstrip, Kenya","Musiara Airstrip, Kenya",,,Fatalities: 0 / Occupants: 6 
20120118-0,Final,Wednesday 18 January 2012,17:11,de Havilland Canada DHC-8-315Q MPA,Japan Coast Guard,,,, JA720A, 651, 2007,2858,,,,Fatalities: 0 / Occupants: 9,Fatalities: 0 / Occupants: 0,,, Substantial, Repaired,"near Kitakojima Island (   Japan) 
", En route (ENR),Survey/research,"Okinawa-Naha Airport (OKA/ROAH), Japan","Ishigaki Airport (ISG/ROIG), Japan",,,Fatalities: 0 / Occupants: 9 
20120124-0,Final,Tuesday 24 January 2012,08:28,McDonnell Douglas DC-9-83 (MD-83),,Gryphon Airlines,,Swiftair, EC-JJS, 49793/1656, 1989,,, 2 Pratt & Whitney JT8D-219,,Fatalities: 0 / Occupants: 5,Fatalities: 0 / Occupants: 86,,, Substantial, Written off (damaged beyond repair),"Kandahar Airport (KDH) (   Afghanistan) 
", Landing (LDG),International Scheduled Passenger,"Dubai Airport (DXB/OMDB), United Arab Emirates","Kandahar Airport (KDH/OAKN), Afghanistan", 094,,Fatalities: 0 / Occupants: 91 
20120124-1,Preliminary,Tuesday 24 January 2012,,Canadair CL-600-2B19 Regional Jet CRJ-200ER,Pinnacle Airlines,,,, N8524A, 7524, 2001,,, 2 General Electric CF34-3B1,,Fatalities: 0 / Occupants: ,Fatalities: 0 / Occupants: ,,, Substantial, Written off (damaged beyond repair),"Providence-Theodore Francis Greene State Airport, RI (PVD) (   United States of America) 
", Standing (STD),-,-,-,,,Fatalities: 0 / Occupants:  
20120130-0,Preliminary,Monday 30 January 2012,ca 08:45,Antonov An-28,TRACEP-Congo Aviation,,,, 9Q-CUN, 1AJ006-11, 1989,,,,,Fatalities: 2 / Occupants: 2,Fatalities: 1 / Occupants: 3,,, Damaged beyond repair,,"10 km (6.3 mls) from  Namoya (   Democratic Republic of the Congo) 
", Approach (APR),Cargo,"Bukavu-Kamenbe Airport (BKY/FZMA), Democratic Republic of the Congo","Namoya Airstrip, Democratic Republic of the Congo",,,Fatalities: 3 / Occupants: 5 
20120205-0,Final,Sunday 5 February 2012,09:03,Airbus A320-211,All Nippon Airways - ANA,,,, JA8384, 151, 1990-12-21  (21 years 2 months),43423,, 2 CFMI CFM56-5A1,,Fatalities: 0 / Occupants: 6,Fatalities: 0 / Occupants: 160,,, Substantial,,"Sendai Airport (SDJ) (   Japan) 
", Landing (LDG),Domestic Scheduled Passenger,"Osaka-Itami Airport (ITM/RJOO), Japan","Sendai Airport (SDJ/RJSS), Japan", 731,,Fatalities: 0 / Occupants: 166 
20120209-0,Preliminary - official,Thursday 9 February 2012,12:08,de Havilland Canada DHC-6 Twin Otter 200,Maldivian Air Taxi,,,, 8Q-MAT, 146, 1968,,, 2 Pratt & Whitney Canada PT6A-20,,Fatalities: 0 / Occupants: 3,Fatalities: 0 / Occupants: 9,,, Substantial, Repaired,"Male International Airport (MLE) (   Maldives) 
", Landing (LDG),Domestic Scheduled Passenger,"Lily Beach Resort, Huvahendhoo, Alif Dhaal Atoll, Maldives","Malé International Airport (MLE/VRMM), Maldives",,,Fatalities: 0 / Occupants: 12 
20120212-0,Preliminary,Sunday 12 February 2012,ca 13:00,Gulfstream G-IV,,Katanga Express,,Trident Aviation Services, N2SA, 1104, 1989,,, 2 Rolls-Royce Tay 610-8,,Fatalities: 2 / Occupants: 2,Fatalities: 2 / Occupants: 10,Fatalities: 2,, Damaged beyond repair,,"Bukavu-Kavumu Airport (BKY) (   Democratic Republic of the Congo) 
", Landing (LDG),Executive,"Goma Airport (GOM/FZNA), Democratic Republic of the Congo","Bukavu-Kavumu Airport (BKY/FZMA), Democratic Republic of the Congo",,,Fatalities: 4 / Occupants: 12 
20120212-1,Preliminary,Sunday 12 February 2012,14:30,Airbus A320-232,TAM Linhas Aéreas,,,, PR-MAR, 1888, 2002-10-07  (9 years 4 months),,, 2 IAE V2527-A5,,Fatalities: 0 / Occupants: ,Fatalities: 0 / Occupants: ,,, None, -,"Porto Alegre-Salgado Filho International Airport, RS (POA/SBPA) (   Brazil) 
", En route (ENR),International Scheduled Passenger,"Montevideo-Carrasco Airport (MVD/SUMU), Uruguay","São Paulo-Guarulhos International Airport, SP (GRU/SBGR), Brazil",JJ8047,,Fatalities: 0 / Occupants:  
20120213-0,- (No safety board investigation),Monday 13 February 2012,22:00,Learjet 55,Jet ICU Air Ambulance Service,,,, N75LJ, 55-065, 1982,,,,,Fatalities: 0 / Occupants: 3,Fatalities: 0 / Occupants: 0,,, Substantial, Written off (damaged beyond repair),"Brooksville-Hernando County Airport, FL (   United States of America) 
", Takeoff (TOF),Ferry/positioning,"Brooksville-Hernando County Airport, FL (KBKV), United States of America","Houston-William P. Hobby Airport, TX (HOU/KHOU), United States of America",,,Fatalities: 0 / Occupants: 3 
20120213-1,Final,Monday 13 February 2012,10:40,Airbus A320-214,Airphil Express,,,, RP-C3227, 2183, 2004-03-04  (8 years),,, 2 CFMI CFM56-5B4/P,,Fatalities: 0 / Occupants: 7,Fatalities: 0 / Occupants: 135,,, Minor, Repaired,"Kalibo Airport (KLO) (   Philippines) 
", Landing (LDG),Domestic Scheduled Passenger,"Manila-Ninoy Aquino International Airport (MNL/RPLL), Philippines","Kalibo Airport (KLO/RPVK), Philippines",969,,Fatalities: 0 / Occupants: 142 
20120213-2,Final,Monday 13 February 2012,11:08,Saab 2000,Carpatair,,,, YR-SBK, 033, 1996-02-16  (16 years ),,, 2 Allison AE2100A,,Fatalities: 0 / Occupants: 4,Fatalities: 0 / Occupants: 51,,, Substantial, Written off (damaged beyond repair),"Craiova Airport (CRA) (   Romania) 
", Takeoff (TOF),Domestic Scheduled Passenger,"Craiova Airport (CRA/LRCV), Romania","Timisoara Airport (TSR/LRTR), Romania",V32385,,Fatalities: 0 / Occupants: 55 
20120214-0,Final,Tuesday 14 February 2012,13:59,Airbus A319-111,easyJet,,,, G-EZFV, 4327, 2010,,, 2 CFMI CFM56-5B5/3,,Fatalities: 0 / Occupants: 6,Fatalities: 0 / Occupants: 142,,, Minor, Repaired,"London-Luton Airport (LTN) (   United Kingdom) 
", Landing (LDG),International Scheduled Passenger,"Faro Airport (FAO/LPFR), Portugal","London-Luton Airport (LTN/EGGW), United Kingdom",,,Fatalities: 0 / Occupants: 148 
20120217-0,Preliminary,Friday 17 February 2012,,Let L-410UVP,DOSAAF,,,, RF-01152, 841213, 1984,,,,,Fatalities: 0 / Occupants: ,Fatalities: 0 / Occupants: ,,, Substantial, Written off (damaged beyond repair),"Tanay Airfield, Kemerovo Oblast (   Russia) 
", Landing (LDG),Training,"Tanay Airfield, Russia","Tanay Airfield, Russia",,,Fatalities: 0 / Occupants:  
20120217-1,Preliminary,Friday 17 February 2012,10:53,ATR 72-212A (ATR-72-500),Air KBZ,,,, XY-AIT, 543, 1998-02-05  (14 years ),,, 2 Pratt & Whitney Canada PW127F,,Fatalities: 0 / Occupants: 4,Fatalities: 0 / Occupants: 50,,, Substantial, Written off (damaged beyond repair),"Thandwe Airport (SNW) (   Myanmar) 
", Landing (LDG),Domestic Scheduled Passenger,"Heho Airport (HEH/VYHH), Myanmar","Thandwe Airport (SNW/VYTD), Myanmar", 243,,Fatalities: 0 / Occupants: 54 
20120221-0,Final,Tuesday 21 February 2012,08:58,Lockheed CC-130H(T) Hercules,Royal Canadian Air Force - RCAF,,,, 130342, 5207, 1991,12839,,,,Fatalities: 0 / Occupants: 7,Fatalities: 0 / Occupants: 2,,, Substantial, Written off (damaged beyond repair),"Key West NAS, FL (NQX) (   United States of America) 
", Takeoff (TOF),Military,"Key West NAS, FL (NQX/KNQX), United States of America","Key West NAS, FL (NQX/KNQX), United States of America",,,Fatalities: 0 / Occupants: 9 
20120228-0,Final,Tuesday 28 February 2012,07:15,Cessna 208B Grand Caravan,CTA - Cleiton Taxi Aéreo,,,, PT-PTB, 208B0766, 1999,,, 1 Pratt & Whitney Canada PT6A-114A,,Fatalities: 1 / Occupants: 1,Fatalities: 0 / Occupants: 0,,, Destroyed, Written off (damaged beyond repair),"ca 0,2 km W of Manaus-Aeroclube de Flores Airport, AM (   Brazil) 
", Initial climb (ICL),Ferry/positioning,"Manaus-Aeroclube de Flores Airport, AM (SWFN), Brazil","Manaus-Eduardo Gomes International Airport, AM (MAO/SBEG), Brazil",,,Fatalities: 1 / Occupants: 1 
20120301-0,Preliminary - official,Thursday 1 March 2012,18:58,Cessna 750 Citation X,Asia Today Ltd.,,,, N288CX, 750-0219, 2003,,, 2 Rolls-Royce AE3007C1,,Fatalities: 2 / Occupants: 2,Fatalities: 3 / Occupants: 3,,, Destroyed, Written off (damaged beyond repair),"ca 4 km E of Egelsbach Airport (   Germany) 
", Approach (APR),Executive,"Linz-Blue Danube Airport (LNZ/LOWL), Austria","Egelsbach Airport (EDFE), Germany",,,Fatalities: 5 / Occupants: 5 
20120302-0,,Friday 2 March 2012,,Cessna 650 Citation III,Jeffy Jet,,,, N72EP, 650-0058, 1984,,,,,Fatalities: 0 / Occupants: 0,Fatalities: 0 / Occupants: 0,,, Damaged beyond repair,,"Paulding Northwest Atlanta Airport, GA (   United States of America) 
", Standing (STD),-,-,-,,,Fatalities: 0 / Occupants: 0 
20120304-0,,Sunday 4 March 2012,,Antonov An-26,Yemen Air Force,,,, 617, 12302, ,,,,,Fatalities: 0 / Occupants: 0,Fatalities: 0 / Occupants: 0,,, Damaged beyond repair,,"Sana'a-Al Dalaimi Air Base (SAH) (   Yemen) 
", Standing (STD),Military,-,-,,,Fatalities: 0 / Occupants: 0 
20120307-0,Preliminary,Wednesday 7 March 2012,,Boeing 737-500 ?,Sudan Airways,,,, registration unknown, , ,,,,,Fatalities: 0 / Occupants: ,Fatalities: 0 / Occupants: ,,, None,,"El Obeid Airport (EBD) (   Sudan) 
", En route (ENR),Domestic Scheduled Passenger,"Geneina Airport (EGN/HSCN), Sudan","Khartoum-Civil Airport (KRT/HSSS), Sudan",,,Fatalities: 0 / Occupants:  
20120308-0,Final,Thursday 8 March 2012,17:57,British Aerospace 3102 Jetstream 31,,Manx2,,Links Air, G-CCPW, 785, 1987,,, 2 Garrett TPE331-10UGR-516H,,Fatalities: 0 / Occupants: 2,Fatalities: 0 / Occupants: 12,,, Substantial, Repaired,"Isle Of Man-Ronaldsway Airport (IOM) (   United Kingdom) 
", Landing (LDG),Domestic Scheduled Passenger,"Leeds/Bradford Airport (LBA/EGNM), United Kingdom","Isle Of Man-Ronaldsway Airport (IOM/EGNS), United Kingdom", 309,,Fatalities: 0 / Occupants: 14 
20120309-0,Preliminary,Friday 9 March 2012,11:30,de Havilland Canada DHC-6 Twin Otter 300,Fuerza Aérea del Peru - FAP,,,, FAP-317, 324, 1971,,, 2 Pratt & Whitney Canada PT6A-27,,Fatalities: 0 / Occupants: 3,Fatalities: 0 / Occupants: 8,,, Substantial, Written off (damaged beyond repair),"Laguna Caballococha, Ramón Castilla, Loreto (   Peru) 
", Landing (LDG),Domestic Non Scheduled Passenger,"Iquitos Airport (IQT/SPQT), Peru","Caballococha Airport (SPBC), Peru",,,Fatalities: 0 / Occupants: 11 
20120309-1,Preliminary,Friday 9 March 2012,14:10,Beechcraft 100 King Air,Southern Air Charter,,,, N70JL, B-87, 1971,,, 2 Pratt & Whitney Canada PT6A-28,,Fatalities: 0 / Occupants: ,Fatalities: 0 / Occupants: ,,, Damaged beyond repair,,"Deadman's Cay Airport (LGI) (   Bahamas) 
", Landing (LDG),Passenger,"Nassau-Lynden Pindling International Airport (NAS/MYNN), Bahamas","Deadman's Cay Airport (LGI/MYLD), Bahamas",,,Fatalities: 0 / Occupants:  
20120313-0,- (No safety board investigation),Tuesday 13 March 2012,ca 05:00,Boeing 737-732 (WL),Delta Air Lines,,,, N309DE, 29634/3031, 2009-09-02  (2 years 6 months),,, 2 CFMI CFM56-7B24,,Fatalities: 0 / Occupants: 2,Fatalities: 0 / Occupants: 0,,, Substantial, Repaired,"Atlanta Hartsfield-Jackson International Airport, GA (ATL) (   United States of America) 
", Standing (STD),-,-,-,,,Fatalities: 0 / Occupants: 2 
20120315-0,Final,Thursday 15 March 2012,07:38,Convair CV-440-38,Jet One Express,,,, N153JR, 117, 1953,,, 2 Pratt & Whitney R-2800,,Fatalities: 2 / Occupants: 2,Fatalities: 0 / Occupants: 0,,, Destroyed, Written off (damaged beyond repair),"1,5 km (0.9 mls) E of San Juan-Luis Muñoz Marín International Airport (SJU) (   Puerto Rico) 
", Initial climb (ICL),Cargo,"San Juan-Luis Muñoz Marín International Airport (SJU/TJSJ), Puerto Rico","Sint Maarten-Juliana Airport (SXM/TNCM), Sint Maarten",,,Fatalities: 2 / Occupants: 2 
20120315-1,Final,Thursday 15 March 2012,14:57,Lockheed C-130J-30 Super Hercules,Royal Norwegian Air Force - RNoAF,,,, 5630, 5630, 2010,856,, 4 Rolls-Royce AE2100D3,,Fatalities: 4 / Occupants: 4,Fatalities: 1 / Occupants: 1,,, Destroyed, Written off (damaged beyond repair),"Mount Kebnekaise (   Sweden) 
", En route (ENR),Military,"Harstad-Narvik-Evenes Airport (EVE/ENEV), Norway","Kiruna Airport (KRN/ESNQ), Sweden",,,Fatalities: 5 / Occupants: 5 
20120315-2,Final,Thursday 15 March 2012,13:50,Cessna 501 Citation I/SP,private,,,, N7700T, 501-0248, 1982,4825,, 2 Pratt & Whitney Canada JT15D-1B,,Fatalities: 1 / Occupants: 1,Fatalities: 4 / Occupants: 4,,, Destroyed, Written off (damaged beyond repair),"Franklin-Macon County Airport, NC (   United States of America) 
", Landing (LDG),Private,"Venice Municipal Airport, FL (VNC/KVNC), United States of America","Franklin-Macon County Airport, NC, United States of America",,,Fatalities: 5 / Occupants: 5 
20120316-0,Preliminary,Friday 16 March 2012,17:52,CASA CN-235M-100,Aviación del Ejército Ecuatoriana - AEE,,,, AEE-503, 150, 2004,,, 2 General Electric CT7-9C,,Fatalities: 0 / Occupants: 2,Fatalities: 0 / Occupants: 33,,, Substantial,,"Quito-Mariscal Sucre Airport (UIO) (   Ecuador) 
", Takeoff (TOF),Military,"Quito-Mariscal Sucre Airport (UIO/SEQU), Ecuador","Guayaquil-José Joaquín de Olmedo International Airport (GYE/SEGU), Ecuador",,,Fatalities: 0 / Occupants: 35 
20120317-0,Final,Saturday 17 March 2012,11:29,Beechcraft 1900C,Northern Thunderbird Air,,,, C-GCMZ, UC-61, 1989,,,,,Fatalities: 0 / Occupants: 2,Fatalities: 0 / Occupants: 1,,, Substantial,,"Blue River Airport, BC (   Canada) 
", Landing (LDG),Domestic Scheduled Passenger,"Vancouver International Airport, BC (YVR/CYVR), Canada","Blue River Airport, BC (CYCP), Canada",,,Fatalities: 0 / Occupants: 3 
20120322-0,,Thursday 22 March 2012,,Antonov An-2,private,,,, FLA-1041K, , ,,,,,Fatalities: 0 / Occupants: ,Fatalities: 0 / Occupants: ,,, Damaged beyond repair,,"50 km (31.3 mls) N of Byelaya Kalitva, Rostov region (   Russia) 
", Landing (LDG),Illegal Flight,?,?,,,Fatalities: 0 / Occupants:  
20120322-1,Final,Thursday 22 March 2012,00:56,Beechcraft B300 Super King Air 350,INAER Helicopter Chile,,,, CC-AEB, FL-128, 1995,6218,, 2 Pratt & Whitney Canada PT6A-60A,,Fatalities: 2 / Occupants: 2,Fatalities: 6 / Occupants: 6,,, Destroyed, Written off (damaged beyond repair),"10 km (6.3 mls) NNE of Puerto Aguirre (   Chile) 
", En route (ENR),Ambulance,"Punta Arenas-Carlos Ibañez Airport (PUQ/SCCI), Chile","Santiago-Arturo Merino Benitez Airport (SCL/SCEL), Chile",,,Fatalities: 8 / Occupants: 8 
20120322-2,- (No safety board investigation),Thursday 22 March 2012,19:15,Douglas C-54G Skymaster (DC-4),Jet One Express,,,, N406WA, 35944, 1945,,, 4 Wright R-2600,,Fatalities: 0 / Occupants: 2,Fatalities: 0 / Occupants: 0,,, Minor, Written off (damaged beyond repair),"San Juan-Luis Muñoz Marín International Airport (SJU) (   Puerto Rico) 
", Taxi (TXI),Cargo,"Saint Croix-Henry E. Rohlsen Airport (STX/TISX), U.S. Virgin Islands","San Juan-Luis Muñoz Marín International Airport (SJU/TJSJ), Puerto Rico",,,Fatalities: 0 / Occupants: 2 
20120324-0,Preliminary,Saturday 24 March 2012,ca 15:30,Cessna 208 Caravan I,private,,,, N208JS, 20800400, 2006,,, 1 Pratt & Whitney Canada PT6A-114,,Fatalities: 0 / Occupants: 1,Fatalities: 0 / Occupants: 0,,, Substantial,,"off Abalone Caye, Port Honduras Marine Reserve (   Belize) 
", Landing (LDG),Ferry/positioning,?,?,,,Fatalities: 0 / Occupants: 1 
20120329-0,Preliminary,Thursday 29 March 2012,09:45,Fokker 50,Feeder Airlines,,,, ST-NEX, 20248, 1992-03-17  (20 years ),,, 2 Pratt & Whitney Canada PW125B,,Fatalities: 0 / Occupants: 5,Fatalities: 0 / Occupants: 50,,, Substantial,,"Wau Airport (WUU) (   South Sudan) 
", Landing (LDG),Domestic Scheduled Passenger,"Juba Airport (JUB/HSSJ), South Sudan","Wau Airport (WUU/HSWW), South Sudan", 360,,Fatalities: 0 / Occupants: 55 
20120331-0,Final,Saturday 31 March 2012,16:08,Boeing 777-246ER,Japan Air Lines - JAL,,,, JA701J, 32889/410, 2002,30856,,,,Fatalities: 0 / Occupants: 12,Fatalities: 0 / Occupants: 296,,, Substantial, Repaired,"Tokyo Haneda International Airport - HND/RJTT (   Japan) 
", Approach (APR),International Scheduled Passenger,"Shanghai-Hongqiao Airport (SHA/ZSSS), China","Tokyo-Haneda Airport (HND/RJTT), Japan", 82,,Fatalities: 0 / Occupants: 308 
20120402-0,Final,Monday 2 April 2012,07:35,ATR 72-201,UTair Aviation,,,, VP-BYZ, 332, 1992-10-20  (19 years 6 months),35523,, 2 Pratt & Whitney Canada PW124B,49663,Fatalities: 4 / Occupants: 4,Fatalities: 29 / Occupants: 39,,, Destroyed, Written off (damaged beyond repair),"1,6 km (1 mls) SW of Tyumen Airport (TJM) (   Russia) 
", Initial climb (ICL),Domestic Scheduled Passenger,"Tyumen-Roschino International Airport (TJM/USTR), Russia","Surgut Airport (SGC/USRR), Russia", 120,,Fatalities: 33 / Occupants: 43 
20120402-1,Preliminary,Monday 2 April 2012,,Hawker Siddeley HS-748-287 Srs. 2B,Timbis Air Services,,,, 5Y-BZR, 1736, 1975-06-17  (36 years 10 months),,,,,Fatalities: 0 / Occupants: ,Fatalities: 0 / Occupants: ,,, Damaged beyond repair,,"Doro Airstrip (   South Sudan) 
", Landing (LDG),Cargo,?,"Doro Airstrip, South Sudan",,,Fatalities: 0 / Occupants:  
20120409-0,Preliminary,Monday 9 April 2012,10:14,de Havilland Canada DHC-8-311Q,Air Tanzania,,,, 5H-MWG, 462, 1997-05-09  (14 years 11 months),,, 2 Pratt & Whitney Canada PW123,,Fatalities: 0 / Occupants: 4,Fatalities: 0 / Occupants: 35,,, Damaged beyond repair,,"Kigoma Airport (TKQ) (   Tanzania) 
", Takeoff (TOF),Domestic Scheduled Passenger,"Kigoma Airport (TKQ/HTKA), Tanzania","Tabora Airport (TBO/HTTB), Tanzania", 119,,Fatalities: 0 / Occupants: 39 
20120414-0,Final,Saturday 14 April 2012,12:08,Boeing 737-33A (QC),Titan Airways,,,, G-ZAPZ, 25401/2067, 1991-06-04  (20 years 11 months),,, 2 CFMI CFM56-3C1,,Fatalities: 0 / Occupants: 5,Fatalities: 0 / Occupants: 131,,, Substantial, Repaired,"Chambéry Airport (CMF) (   France) 
", Takeoff (TOF),Int'l Non Scheduled Passenger,"Chambéry Airport (CMF/LFLB), France","London-Gatwick Airport (LGW/EGKK), United Kingdom",76B,,Fatalities: 0 / Occupants: 136 
20120415-0,Preliminary,Sunday 15 April 2012,05:52,Canadair CL-600-2B19 Regional Jet CRJ-200ER,,,Delta Connection,, N684BR, 7708, 2002,,, 2 General Electric CF34-3B1,,Fatalities: 0 / Occupants: 0,Fatalities: 0 / Occupants: 0,,, Substantial, Written off (damaged beyond repair),"Moline-Quad-City Airport, IL (MLI) (   United States of America) 
", Standing (STD),-,-,-,,,Fatalities: 0 / Occupants: 0 
20120415-1,Preliminary - official,Sunday 15 April 2012,13:21,Fokker F-27 Friendship 500,Sky Relief Services,,,, 5Y-SRJ, 10372, 1968-09-20  (43 years 7 months),,, 2 Rolls-Royce Dart 534-2,,Fatalities: 0 / Occupants: 3,Fatalities: 0 / Occupants: 0,,, Damaged beyond repair,,"Yida Airstrip (   South Sudan) 
", Landing (LDG),Cargo,"Lokichoggio Airport (LKG/HKLK), Kenya","Yida Airstrip, South Sudan",,,Fatalities: 0 / Occupants: 3 
20120420-0,Final,Friday 20 April 2012,18:40,Boeing 737-236A,Bhoja Airlines,,,, AP-BKC, 23167/1074, 1984-12-13  (27 years 5 months),46933,, 2 Pratt & Whitney JT8D-15A,37824,Fatalities: 6 / Occupants: 6,Fatalities: 121 / Occupants: 121,,, Destroyed, Written off (damaged beyond repair),"4,2 km (2.6 mls) SE of Islamabad-Benazir Bhutto International Airport (ISB) (   Pakistan) 
", Approach (APR),Domestic Scheduled Passenger,"Karachi-Jinnah International Airport (KHI/OPKC), Pakistan","Islamabad-Benazir Bhutto International Airport (ISB/OPRN), Pakistan",B4213,,Fatalities: 127 / Occupants: 127 
20120421-0,Final,Saturday 21 April 2012,08:13,Curtiss C-46F-1-CU Commando,SkyTeam Cargo,,,, CP-1319, 22428, 1945,29080,, 2 Pratt & Whitney R-2800,,Fatalities: 3 / Occupants: 3,Fatalities: 0 / Occupants: 1,,, Destroyed, Written off (damaged beyond repair),"Santa Cruz-Viru Viru International Airport (VVI) (   Bolivia) 
", Approach (APR),Cargo,"Santa Cruz-Viru Viru International Airport (VVI/SLVR), Bolivia","Cobija-E. Beltram Airport (CIJ/SLCO), Bolivia",,,Fatalities: 3 / Occupants: 4 
20120422-0,Preliminary,Sunday 22 April 2012,,Boeing 737-4H6,Shaheen Air,,,, AP-BJN, 26460/2533, 1993-09-21  (18 years 7 months),,, 2 CFMI CFM56-3C1,,Fatalities: 0 / Occupants: 6,Fatalities: 0 / Occupants: 172,,, Substantial, Repaired,"Karachi-Jinnah International Airport (KHI) (   Pakistan) 
", Landing (LDG),Domestic Scheduled Passenger,"Islamabad-Benazir Bhutto International Airport (ISB/OPRN), Pakistan","Karachi-Jinnah International Airport (KHI/OPKC), Pakistan", 122,,Fatalities: 0 / Occupants: 178 
20120423-0,Final,Monday 23 April 2012,08:45,Antonov An-2R,Aerogetic,,,, YR-BOR, 1G192-13, 1981,5461,, 1 Shvetsov ASh-62IR,,Fatalities: 0 / Occupants: 2,Fatalities: 0 / Occupants: 0,,, Substantial, Written off (damaged beyond repair),"Dârvari (   Romania) 
", Landing (LDG),Agricultural,?,?,,,Fatalities: 0 / Occupants: 2 
20120427-0,Preliminary,Friday 27 April 2012,ca 10:00,Boeing 727-212,Unknown,,,, XB-MNP, 21348/1287, 1977-09-14  (34 years 8 months),,, 3 Pratt & Whitney JT8D-17 (HK3),,Fatalities: 0 / Occupants: ,Fatalities: 0 / Occupants: 0,,, Damaged beyond repair,,"Laguna Salada (   Mexico) 
", Landing (LDG),Test,"Mexicali Airport (MXL/MMML), Mexico",-,,,Fatalities: 0 / Occupants:  
20120428-0,Preliminary,Saturday 28 April 2012,14:55,Antonov An-24RV,Jubba Airways,,,, 3X-GEB, 37308403, 1973,,, 2 Ivchenko AI-24VT,,Fatalities: 0 / Occupants: 4,Fatalities: 0 / Occupants: 32,,, Damaged beyond repair,,"Galkayo Airport (GLK) (   Somalia) 
", Landing (LDG),Domestic Scheduled Passenger,"Hargeisa Airport (HGA/HCMH), Somalia","Galkayo Airport (GLK/HCMR), Somalia",,,Fatalities: 0 / Occupants: 36 
20120430-0,Preliminary,Monday 30 April 2012,08:51,ATR 72-212A (ATR-72-500),Royal Thai Air Force - RTAF,,,, L16-2/52, 881, 2009-09-09  (2 years 8 months),,, 2 Pratt & Whitney Canada PW127M,,Fatalities: 0 / Occupants: 7,Fatalities: 0 / Occupants: 8,,, Substantial, Written off (damaged beyond repair),"Dhaka-Shahjalal International Airport (DAC) (   Bangladesh) 
", Landing (LDG),Military,"Bangkok-Don Muang International Airport (DMK/VTBD), Thailand","Dhaka-Shahjalal International Airport (DAC/VGHS), Bangladesh", 304,,Fatalities: 0 / Occupants: 15 
20120501-0,Final,Tuesday 1 May 2012,14:49,Airbus A300B4-605R,,Saudi Arabian Airlines,,Onur Air, TC-OAG, 747, 1994-12-02  (17 years 5 months),54832,, 2 General Electric CF6-80C2A5,18308,Fatalities: 0 / Occupants: 10,Fatalities: 0 / Occupants: 0,,, Substantial,,"Jeddah-King Abdulaziz International Airport (JED) (   Saudi Arabia) 
", Landing (LDG),Ferry/positioning,"Madinah-Mohammad Bin Abdulaziz Airport (MED/OEMA), Saudi Arabia","Jeddah-King Abdulaziz International Airport (JED/OEJN), Saudi Arabia",2865,,Fatalities: 0 / Occupants: 10 
20120502-0,Preliminary - official,Wednesday 2 May 2012,10:38,Cessna 208B Grand Caravan,,United Nations World Food Programme,,Airworks, 5Y-NGO, 208B0322, 1992,,, 1 Pratt & Whitney Canada PT6A-114A,,Fatalities: 0 / Occupants: 2,Fatalities: 0 / Occupants: 9,,, Substantial,,"Yambio Airport (   South Sudan) 
", Landing (LDG),Domestic Non Scheduled Passenger,"Juba Airport (JUB/HSSJ), South Sudan","Yambio Airport (HSYA), South Sudan",,,Fatalities: 0 / Occupants: 11 
20120509-0,Final,Wednesday 9 May 2012,14:32,Sukhoi Superjet 100-95B,Sukhoi Civil Aircraft,,,, 97004, 95004, 2009-07-25  (2 years 10 months),843,, 2 PowerJet SaM146,502,Fatalities: 4 / Occupants: 4,Fatalities: 41 / Occupants: 41,,, Destroyed, Written off (damaged beyond repair),"75 km (46.9 mls) S of Jakarta (   Indonesia) 
", En route (ENR),Demonstration,"Jakarta-Halim Perdana Kusuma Airport (HLP/WIHH), Indonesia","Jakarta-Halim Perdana Kusuma Airport (HLP/WIHH), Indonesia",36801,,Fatalities: 45 / Occupants: 45 
20120511-0,Final,Friday 11 May 2012,12:05,Convair CV-580F SCD,Contract Air Cargo,,,, N171FL, 318, 1956,42341,, 2 Allison 501-D13D,29707,Fatalities: 0 / Occupants: 2,Fatalities: 0 / Occupants: 0,,, Substantial, Repaired,"Guatemala City-La Aurora Airport (GUA) (   Guatemala) 
", Landing (LDG),Cargo,"Miami International Airport, FL (MIA/KMIA), United States of America","Guatemala City-La Aurora Airport (GUA/MGGT), Guatemala",8138,,Fatalities: 0 / Occupants: 2 
20120514-0,Preliminary,Monday 14 May 2012,ca 09:30,Dornier 228-212,Agni Air,,,, 9N-AIG, 8216, 1997,,, 2 Garrett TPE331-5A-252D,,Fatalities: 2 / Occupants: 3,Fatalities: 13 / Occupants: 18,,, Destroyed, Written off (damaged beyond repair),"5 km (3.1 mls) SW of Jomsom Airport (JMO) (   Nepal) 
", Approach (APR),Domestic Scheduled Passenger,"Pokhara Airport (PKR/VNPK), Nepal","Jomsom Airport (JMO/VNJS), Nepal",,,Fatalities: 15 / Occupants: 21 
20120515-0,Final,Tuesday 15 May 2012,02:40 UTC,de Havilland Canada DHC-6 Twin Otter 300,Airlines PNG,,,, P2-MCZ, 330, 1971,50168,, 2 Pratt & Whitney Canada PT6A-27,,Fatalities: 0 / Occupants: 2,Fatalities: 0 / Occupants: 14,,, Substantial, Repaired,"Sasereme Airstrip (   Papua New Guinea) 
", Landing (LDG),Domestic Scheduled Passenger,"Port Moresby-Jacksons International Airport (POM/AYPY), Papua New Guinea","Sasereme Airstrip, Papua New Guinea",,,Fatalities: 0 / Occupants: 16 
20120517-0,Preliminary,Thursday 17 May 2012,ca 14:07,ATR 72-212A (ATR-72-500),Air Dolomiti,,,, I-ADCD, 664, 2001-04-17  (11 years 1 months),,, 2 Pratt & Whitney Canada PW127F,,Fatalities: 0 / Occupants: 4,Fatalities: 0 / Occupants: 58,,, Substantial, Repaired,"München-Franz Josef Strauss Airport (MUC) (   Germany) 
", Landing (LDG),International Scheduled Passenger,"München-Franz Josef Strauss Airport (MUC/EDDM), Germany","Venice-Marco Polo Airport (VCE/LIPZ), Italy",LH1912,,Fatalities: 0 / Occupants: 62 
20120517-1,Final,Thursday 17 May 2012,07:15,Shorts 360-100,Air Cargo Carriers,,,, N617FB, SH.3617, 1983-07-20  (28 years 10 months),27504,, 2 Pratt & Whitney Canada PT6A-65AR,,Fatalities: 0 / Occupants: 2,Fatalities: 0 / Occupants: 0,,, Substantial, Written off (damaged beyond repair),"Houston-George Bush Intercontinental Airport, TX (IAH) (   United States of America) 
", Taxi (TXI),Cargo,"Houston-George Bush Intercontinental Airport, TX (IAH/KIAH), United States of America","Austin-Bergstrom International Airport, TX (AUS/KAUS), United States of America",,,Fatalities: 0 / Occupants: 2 
20120518-0,Preliminary,Friday 18 May 2012,,Antonov An-2T,Sky Escort Aero-Club Hungary,,,, HA-MEA, 1G186-07, 1980,,, 1 Shvetsov ASh-62IR,,Fatalities: 0 / Occupants: ,Fatalities: 0 / Occupants: 0,,, Substantial, Repaired,"Gödöllõ Airfield (   Hungary) 
", Standing (STD),-,-,-,,,Fatalities: 0 / Occupants:  
20120523-0,Preliminary,Wednesday 23 May 2012,11:50,Antonov An-30B,Russian Air Force,,,, 04 Black, 0704, ,,,,,Fatalities: 0 / Occupants: ,Fatalities: 0 / Occupants: ,,, Destroyed, Written off (damaged beyond repair),"Cáslav Air Base (   Czech Republic) 
", Landing (LDG),Military,"Cáslav Air Base (LKCV), Czech Republic","Cáslav Air Base (LKCV), Czech Republic",,,Fatalities: 0 / Occupants: 23 
20120524-0,Preliminary,Thursday 24 May 2012,,Canadair CC-144A Challenger 600,Canadian Armed Forces,,,, 144601, 1040, 1983,,, 2 Lycoming ALF502L-2,,Fatalities: 0 / Occupants: ,Fatalities: 0 / Occupants: ,,, Substantial, Repaired,"near Tampa-Mac Dill AFB, FL (MCF) (   United States of America) 
", Approach (APR),Military,?,"Tampa-MacDill AFB, FL (MCF/KMCF), United States of America",,,Fatalities: 0 / Occupants:  
20120525-0,Preliminary,Friday 25 May 2012,,Cessna 208B Super Cargomaster,Skydive Flyzone,,,, D-FAAF, 208B1125, 2005,,, 1 Pratt & Whitney Canada PT6A-114A,,Fatalities: 0 / Occupants: 1,Fatalities: 0 / Occupants: 0,,, Substantial, Repaired,"Lézignan-Corbières Airport (   France) 
", Landing (LDG),Parachuting,"Lézignan-Corbières Airfield (LFMZ), France","Lézignan-Corbières Airfield (LFMZ), France",,,Fatalities: 0 / Occupants: 1 
20120528-0,Preliminary,Monday 28 May 2012,,Boeing 777-237LR,Air India,,,, VT-ALH, 36307/805, 2009-08-07  (2 years 10 months),,, 2 General Electric GE90-110B1L,,Fatalities: 0 / Occupants: ,Fatalities: 0 / Occupants: ,,, Substantial, Repaired,"Mumbai (Bombay) Airport (BOM) (   India) 
", Unknown (UNK),Unknown,?,?,,,Fatalities: 0 / Occupants:  
20120530-0,Final,Wednesday 30 May 2012,13:00,Embraer EMB-140 (ERJ-135KL),American Eagle,,,, N834AE, 145631, 2002,24059,, 2 Allison AE3007A1/3,,Fatalities: 0 / Occupants: 3,Fatalities: 0 / Occupants: 18,,, Substantial, Repaired,"Chicago-O'Hare International Airport, IL (ORD) (   United States of America) 
", Standing (STD),Domestic Scheduled Passenger,"Springfield-Branson National Airport, MO (SGF/KSGF), United States of America","Chicago-O'Hare International Airport, IL (ORD/KORD), United States of America",4265,,Fatalities: 0 / Occupants: 21 
20120530-1,Final,Wednesday 30 May 2012,13:00,Boeing 747-45EF,Eva Air,,,, B-16481, 30607/1251, 2000-07-07  (11 years 11 months),57114,, 4 General Electric CF6-80C2B1F,,Fatalities: 0 / Occupants: 3,Fatalities: 0 / Occupants: 0,,, Minor, Repaired,"Chicago-O'Hare International Airport, IL (ORD) (   United States of America) 
", Taxi (TXI),Cargo,"Chicago-O'Hare International Airport, IL (ORD/KORD), United States of America","Anchorage-Ted Stevens International Airport, AK (ANC/PANC), United States of America",661,,Fatalities: 0 / Occupants: 3 
20120601-0,Preliminary,Friday 1 June 2012,12:35,Boeing 737-4Y0,Sriwijaya Air,,,, PK-CJV, 24689/1883, 1990-06-19  (22 years),,, 2 CFMI CFM56-3C1,,Fatalities: 0 / Occupants: 8,Fatalities: 0 / Occupants: 155,,, Substantial, Written off (damaged beyond repair),"Pontianak-Supadio Airport (PNK) (   Indonesia) 
", Landing (LDG),Domestic Scheduled Passenger,"Jakarta-Soekarno-Hatta International Airport (CGK/WIII), Indonesia","Pontianak-Supadio Airport (PNK/WIOO), Indonesia", 188,,Fatalities: 0 / Occupants: 163 
20120602-0,Preliminary,Saturday 2 June 2012,19:10,Boeing 727-221F,Allied Air,,,, 5N-BJN, 22540/1796, 1982-04-16  (30 years 2 months),,, 3 Pratt & Whitney JT8D-17A (HK3),,Fatalities: 0 / Occupants: 4,Fatalities: 0 / Occupants: 0,Fatalities: 12,, Damaged beyond repair,,"Accra-Kotoka Airport (ACC) (   Ghana) 
", Landing (LDG),Cargo,"Lagos-Murtala Muhammed International Airport (LOS/DNMM), Nigeria","Accra-Kotoka Airport (ACC/DGAA), Ghana", 111,,Fatalities: 0 / Occupants: 4 
20120603-0,Final,Sunday 3 June 2012,15:45,McDonnell Douglas DC-9-83 (MD-83),Dana Air,,,, 5N-RAM, 53019/1783, 1990,60846,, 2 Pratt & Whitney JT8D-219,35219,Fatalities: 6 / Occupants: 6,Fatalities: 147 / Occupants: 147,Fatalities: 6,, Destroyed, Written off (damaged beyond repair),"9,3 km (5.8 mls) N of Lagos-Murtala Muhammed International Airport (LOS) (   Nigeria) 
", Approach (APR),Domestic Scheduled Passenger,"Abuja International Airport (ABV/DNAA), Nigeria","Lagos-Murtala Muhammed International Airport (LOS/DNMM), Nigeria",9J992,,Fatalities: 153 / Occupants: 153 
20120603-1,Final,Sunday 3 June 2012,13:47,Lockheed P-2H Neptune,Neptune Aviation Services,,U.S. Forest Service,, N14447, 826-8010, ,12313,, 2 Wright R-3350-32WA Cyclone,,Fatalities: 2 / Occupants: 2,Fatalities: 0 / Occupants: 0,,, Substantial, Written off (damaged beyond repair),"ca 35km W of Modena, Iron County, UT (   United States of America) 
", Maneuvering (MNV),Fire fighting,"Cedar City Airport, UT (CDC/KCDC), United States of America","Cedar City Airport, UT (CDC/KCDC), United States of America",,,Fatalities: 2 / Occupants: 2 
20120603-2,- (No safety board investigation),Sunday 3 June 2012,13:50,Lockheed SP-2H Neptune,Minden Air Corporation,,,, N355MA, 	726-7229, 1957,,,,,Fatalities: 0 / Occupants: 2,Fatalities: 0 / Occupants: 0,,, Minor, Written off (damaged beyond repair),"Minden-Tahoe Airport, NV (MEV) (   United States of America) 
", Landing (LDG),Fire fighting,"Porterville Airport, CA (PTV/KPTV), United States of America","Porterville Airport, CA (PTV/KPTV), United States of America",,,Fatalities: 0 / Occupants: 2 
20120606-0,Final,Wednesday 6 June 2012,20:00,Swearingen SA227-AC Metro III,Air Class Líneas Aéreas,,,, CX-LAS, AC-482, 1982,26158,, 2 Garrett TPE331-11U-611G,,Fatalities: 2 / Occupants: 2,Fatalities: 0 / Occupants: 0,,, Destroyed, Written off (damaged beyond repair),"1,5 km (0.9 mls) S off  Isla de Flores, Rio de la Plata (   Uruguay) 
", En route (ENR),Cargo,"Montevideo-Carrasco Airport (MVD/SUMU), Uruguay","Buenos Aires/Ezeiza-Ministro Pistarini Airport, BA (EZE/SAEZ), Argentina",,,Fatalities: 2 / Occupants: 2 
20120607-0,Final,Thursday 7 June 2012,12:24,Learjet 60,Performance Aircraft Leasing Inc.,,,, N500SW, 60-017, 1993,6456,, 2 Pratt & Whitney Canada PW305,,Fatalities: 0 / Occupants: 2,Fatalities: 0 / Occupants: 6,,, Substantial, Written off (damaged beyond repair),"Aspen-Pitkin County Airport, CO (ASE) (   United States of America) 
", Landing (LDG),Private,"Opa-Locka Airport, FL (OPF/KOPF), United States of America","Aspen-Pitkin County Airport, CO (ASE/KASE), United States of America",,,Fatalities: 0 / Occupants: 8 
20120609-0,Preliminary,Saturday 9 June 2012,21:15,ATR 42-500,CSA Czech Airlines,,,, OK-KFM, 635, 2005-03-03  (7 years 3 months),,, 2 Pratt & Whitney Canada PW127E,,Fatalities: 0 / Occupants: 0,Fatalities: 0 / Occupants: 0,,, Destroyed, Written off (damaged beyond repair),"Praha-Ruzyne International Airport (PRG) (   Czech Republic) 
", Standing (STD),-,-,-,,,Fatalities: 0 / Occupants: 0 
20120610-0,Preliminary,Sunday 10 June 2012,10:40,Let L-410UVP,Ukrainska Shkola Pilotov,,,, UR-SKD, 810721, 1981,,, 2 Walter M-601D,,Fatalities: 1 / Occupants: 2,Fatalities: 4 / Occupants: 18,,, Damaged beyond repair,,"Borodyanka (   Ukraine) 
", Approach (APR),Parachuting,"Borodyanka Airfield (UKKB), Ukraine","Borodyanka Airfield (UKKB), Ukraine",,,Fatalities: 5 / Occupants: 20 
20120610-1,- (No safety board investigation),Sunday 10 June 2012,ca 22:30,de Havilland Canada DHC-8-311,Leeward Islands Air Transport - LIAT,,,, V2-LGH, 242, 1990-11-16  (21 years 7 months),,, 2 Pratt & Whitney Canada PW123,,Fatalities: 0 / Occupants: 0,Fatalities: 0 / Occupants: 0,,, Destroyed, Written off (damaged beyond repair),"Antigua-Coolidge International Airport (ANU) (   Antigua and Barbuda) 
", Standing (STD),-,-,-,,,Fatalities: 0 / Occupants: 0 
20120611-0,Final,Monday 11 June 2012,22:00,Antonov An-2R,Avia Zov,,,, RA-40312, 1G221-48, 1986,3966,, 1 Shvetsov ASh-62IR,,Fatalities: 1 / Occupants: 1,Fatalities: 12 / Occupants: 12,,, Destroyed, Written off (damaged beyond repair),"10 km (6.3 mls) SW of Serov, Sverdlovsk region (   Russia) 
", En route (ENR),Illegal Flight,?,?,,,Fatalities: 13 / Occupants: 13 
20120612-0,Preliminary - official,Tuesday 12 June 2012,13:43,Hawker Siddeley HS-748-264 Srs.2A,Wasaya Airways,,,, C-FTTW, 1681, 1970-05-21  (42 years 1 months),,, 2 Rolls-Royce Dart 534-2,,Fatalities: 0 / Occupants: 2,Fatalities: 0 / Occupants: 0,,, Destroyed, Written off (damaged beyond repair),"Sandy Lake Airport, ON (ZSJ) (   Canada) 
", Standing (STD),Cargo,"Pickle Lake Airport, ON (YPL/CYPL), Canada","Sandy Lake Airport, ON (ZSJ/CZSJ), Canada",,,Fatalities: 0 / Occupants: 2 
20120616-0,Final,Saturday 16 June 2012,08:23,ATR 42-320,Blue Islands,,,, G-DRFC, 007, 1986-01-30  (26 years 5 months),,, 2 Pratt & Whitney Canada PW121,,Fatalities: 0 / Occupants: 3,Fatalities: 0 / Occupants: 40,,, Substantial, Written off (damaged beyond repair),"Jersey-States Airport, Channel Islands (JER) (   United Kingdom) 
", Landing (LDG),Domestic Scheduled Passenger,"Guernsey Airport, Channel Islands (GCI/EGJB), United Kingdom","Jersey-States Airport, Channel Islands (JER/EGJJ), United Kingdom", 308,,Fatalities: 0 / Occupants: 43 
20120618-0,Final,Monday 18 June 2012,10:06,Beechcraft Beechjet 400A,N79TE LLC,,,, N826JH, RK-70, 1993,,, 2 Pratt & Whitney Canada JT15D-5,,Fatalities: 0 / Occupants: 2,Fatalities: 0 / Occupants: 2,,, Damaged beyond repair,,"Atlanta-DeKalb Peachtree Airport, GA (PDK) (   United States of America) 
", Landing (LDG),Executive,"Gadsden-Northeast Alabama Regional Airport, AL (GAD/KGAD), United States of America","Atlanta-DeKalb Peachtree Airport, GA (PDK/KPDK), United States of America",,,Fatalities: 0 / Occupants: 4 
20120620-0,Final,Wednesday 20 June 2012,13:23,Boeing 767-381ER,All Nippon Airways - ANA,,,, JA610A, 32979/895, 2002-12-11  (9 years 6 months),28043,, 2 General Electric CF6-80C2B6F,,Fatalities: 0 / Occupants: 10,Fatalities: 0 / Occupants: 183,,, Substantial, Repaired,"Tokyo-Narita Airport (NRT) (   Japan) 
", Landing (LDG),International Scheduled Passenger,"Beijing-Capital Airport (PEK/ZBAA), China","Tokyo-Narita Airport (NRT/RJAA), Japan", 956,,Fatalities: 0 / Occupants: 193 
20120620-1,Preliminary,Wednesday 20 June 2012,,Grumman G-159 Gulfstream I,International Trans Air Business - ITAB,,,, 9Q-CIT, 193, 1968,,,,,Fatalities: 0 / Occupants: ,Fatalities: 0 / Occupants: ,,, Damaged beyond repair,,"Pweto Airport (PWO) (   Democratic Republic of the Congo) 
", Landing (LDG),Passenger,"Lubumbashi-Luano Airport (FBM/FZQA), Democratic Republic of the Congo","Pweto Airport (PWO/FZQC), Democratic Republic of the Congo",,,Fatalities: 0 / Occupants:  
20120621-0,Preliminary,Thursday 21 June 2012,14:50,Fokker F-27 Friendship 400M,Tentara Nasional Indonesia-AU (Air Force),,,, A-2708, 10546, 1976-12-02  (35 years 7 months),,,,,Fatalities: 7 / Occupants: 7,Fatalities: 0 / Occupants: 0,Fatalities: 4,, Destroyed, Written off (damaged beyond repair),"ca 1 km N of Jakarta-Halim Perdana Kusuma Airport (HLP) (   Indonesia) 
", Approach (APR),Military,"Jakarta-Halim Perdana Kusuma Airport (HLP/WIHH), Indonesia","Jakarta-Halim Perdana Kusuma Airport (HLP/WIHH), Indonesia",,,Fatalities: 7 / Occupants: 7 
20120623-0,Preliminary - official,Saturday 23 June 2012,11:00,Cessna 208B Grand Caravan,Ejército Nacional de Colombia,,,, EJC-1131, 208B1199, 2007,,, 1 Pratt & Whitney Canada PT6A-114A,,Fatalities: 2 / Occupants: 2,Fatalities: 2 / Occupants: 2,,, Damaged beyond repair,,"near La Leona,Tocaima, Cundinamarca department (   Colombia) 
", En route (ENR),Military,"Melgar-Tolemaida Air Base (SKTI), Colombia","Saravena-Los Colonizadores Airport (RVE/SKSA), Colombia",,,Fatalities: 4 / Occupants: 4 
20120627-0,Preliminary,Wednesday 27 June 2012,00:29,Ilyushin Il-76MD,Russian Air Force,,,, RA-76761, 0073479401, 1987,,,,,Fatalities: 0 / Occupants: ,Fatalities: 0 / Occupants: ,,, Substantial, Written off (damaged beyond repair),"Tver-Migalovo Airport (KLD) (   Russia) 
", Landing (LDG),Military,"Tver-Migalovo Airport (KLD/UUEM), Russia","Tver-Migalovo Airport (KLD/UUEM), Russia",,,Fatalities: 0 / Occupants:  
20120629-0,,Friday 29 June 2012,12:35,Embraer ERJ 190-100 LR  (ERJ-190LR),Tianjin Airlines,,,, B-3171, 19000379, 2010,,, 2 General Electric CF34-10E5,,Fatalities: 0 / Occupants: 9,Fatalities: 2 / Occupants: 92,,, None,,"Hotan Airport (HTN) (   China) 
", En route (ENR),Domestic Scheduled Passenger,"Hotan Airport (HTN/ZWTN), China","Urumqi Airport (URC/ZWWW), China",7554,,Fatalities: 2 / Occupants: 101 
20120701-0,Preliminary,Sunday 1 July 2012,ca 18:30,Lockheed C-130H Hercules,United States Air Force - USAF,,,, 93-1458, 5363, 1994,,,,,Fatalities: 4 / Occupants: 6,Fatalities: 0 / Occupants: 0,,, Destroyed, Written off (damaged beyond repair),"near Edgemont, SD (   United States of America) 
", Maneuvering (MNV),Military,"Colorado Springs-Peterson Field, CO (COS/KCOS), United States of America","Colorado Springs-Peterson Field, CO (COS/KCOS), United States of America",,,Fatalities: 4 / Occupants: 6 
20120704-0,Preliminary,Wednesday 4 July 2012,ca 19:00,Rockwell Sabreliner 75A,Ejército Argentino,,,, AE-175, 380-13, 1974,,, 2 General Electric CF700-2D2,,Fatalities: 0 / Occupants: 3,Fatalities: 0 / Occupants: 6,,, Substantial,,"El Palomar Airport, BA (   Argentina) 
", Landing (LDG),Military,?,"El Palomar Airport, BA (EPA/SADP), Argentina",,,Fatalities: 0 / Occupants: 9 
20120704-1,Final,Wednesday 4 July 2012,11:08,de Havilland Canada DHC-8-402 Q400,,,United Express,, N213WQ, 4213, 2008,7936,, 2 Pratt & Whitney Canada PW150A,,Fatalities: 0 / Occupants: 4,Fatalities: 0 / Occupants: 31,,, Substantial, Repaired,"Houston-George Bush Intercontinental Airport, TX (IAH) (   United States of America) 
", Landing (LDG),Domestic Scheduled Passenger,"Little Rock-Bill and Hillary Clinton National Airport, AR (LIT/KLIT), United States of America","Houston-George Bush Intercontinental Airport, TX (IAH/KIAH), United States of America",UE4915,,Fatalities: 0 / Occupants: 35 
20120709-0,Final,Monday 9 July 2012,13:34,de Havilland Canada DHC-6 Twin Otter 300,Trans Maldivian Airways,,,, 8Q-TMT, 454, 1975-03-27  (37 years 4 months),29948,, 2 Pratt & Whitney Canada PT6A-27,,Fatalities: 0 / Occupants: 3,Fatalities: 0 / Occupants: 14,,, Substantial, Repaired,"Conrad Maldivian Resort, Rangali, Alifu Dhaalu Atoll (   Maldives) 
", Taxi (TXI),Domestic Scheduled Passenger,"Malé International Airport (MLE/VRMM), Maldives","Conrad Maldivian Resort, Rangali, Alifu Dhaalu Atoll, Maldives",,,Fatalities: 0 / Occupants: 17 
20120712-0,Preliminary,Thursday 12 July 2012,07:45,Harbin Yunshuji Y-12 II,Force Aérienne de la République Islamique de Mauritanie,,,, 5T-MAE, , ,,,,,Fatalities: 2 / Occupants: 2,Fatalities: 5 / Occupants: 5,,, Damaged beyond repair,,"near Nouakchott Airport (NKC) (   Mauritania) 
", Initial climb (ICL),Military,"Nouakchott Airport (NKC/GQNN), Mauritania","Tasiast Gold Mine Airstrip, Mauritania",,,Fatalities: 7 / Occupants: 7 
20120713-0,Final,Friday 13 July 2012,15:18,Gulfstream G-IV,Universal Jet Aviation,,,, N823GA, 1005, 1987,12210,, 2 Rolls-Royce Tay 611-8,5393,Fatalities: 3 / Occupants: 3,Fatalities: 0 / Occupants: 0,,, Destroyed, Written off (damaged beyond repair),"Le Castellet Airport (CTT) (   France) 
", Landing (LDG),Ferry/positioning,"Nice-Côte d'Azur Airport (NCE/LFMN), France","Le Castellet Airport (CTT/LFMQ), France",UJT823,,Fatalities: 3 / Occupants: 3 
20120715-0,,Sunday 15 July 2012,,McDonnell Douglas DC-9-83 (MD-83),American Airlines,,,, N110HM, 49787/1636, 1989-09-01  (22 years 11 months),,, 2 Pratt & Whitney JT8D-219,,Fatalities: 0 / Occupants: 0,Fatalities: 0 / Occupants: 0,,, Substantial, Written off (damaged beyond repair),"Dallas/Fort Worth International Airport, TX (DFW) (   United States of America) 
", Standing (STD),-,-,-,,,Fatalities: 0 / Occupants: 0 
20120717-0,- (No safety board investigation),Tuesday 17 July 2012,ca 01:00,Canadair CL-600-2B19 Regional Jet CRJ-200ER,SkyWest Airlines,,,, N865AS, 7507, 2001,,, 2 General Electric CF34-3B1,,Fatalities: 1 / Occupants: 1,Fatalities: 0 / Occupants: 0,,, Substantial, Written off (damaged beyond repair),"Saint George Municipal Airport, UT (SGU) (   United States of America) 
", Taxi (TXI),Illegal Flight,"Saint George Municipal Airport, UT (SGU/KSGU), United States of America",-,-,,Fatalities: 1 / Occupants: 1 
20120718-0,Final,Wednesday 18 July 2012,17:08,Boeing 737-230 Adv.,Sky Airline,,,, CC-CRQ, 22135/781, 1981-07-13  (31 years ),61809,, 2 Pratt & Whitney JT8D-15,59143,Fatalities: 0 / Occupants: 6,Fatalities: 0 / Occupants: 115,,, Substantial, Repaired,"La Serena-La Florida Airport (LSC) (   Chile) 
", Landing (LDG),Domestic Scheduled Passenger,"Antofagasta-Cerro Moreno Airport (ANF/SCFA), Chile","La Serena-La Florida Airport (LSC/SCSE), Chile", 101,,Fatalities: 0 / Occupants: 121 
20120719-0,Preliminary,Thursday 19 July 2012,,Antonov An-2R,Dalnevostochnaya,,,, RA-40934, 1G216-14, 1985,,, 1 Shvetsov ASh-62IR,,Fatalities: 0 / Occupants: 3,Fatalities: 0 / Occupants: 0,,, Damaged beyond repair,,"Elban, Amur region (   Russia) 
", Landing (LDG),Survey/research,?,?,9201,,Fatalities: 0 / Occupants: 3 
20120722-0,Preliminary,Sunday 22 July 2012,,Let L-410UVP-E3,DOSAAF,,,, RF-00138, 871908, 1987,,, 2 Walter M-601E,,Fatalities: 1 / Occupants: 2,Fatalities: 0 / Occupants: 0,,, Substantial, Written off (damaged beyond repair),"Bolshoe Gryzlovo Airport (   Russia) 
", Landing (LDG),Parachuting,"Bolshoe Gryzlovo Airport, Russia","Bolshoe Gryzlovo Airport, Russia",,,Fatalities: 1 / Occupants: 2 
20120728-0,Final,Saturday 28 July 2012,16:40,Beechcraft B200 Super King Air,ASL - Air Service Liege,,,, OO-LET, BB-1473, 1993,,, 2 Pratt & Whitney Canada PT6A-42,,Fatalities: 0 / Occupants: 4,Fatalities: 0 / Occupants: 0,,, Substantial,,"Cambridge Airport (CBG) (   United Kingdom) 
", Landing (LDG),Survey/research,"Cambridge Airport (CBG/EGSC), United Kingdom","Cambridge Airport (CBG/EGSC), United Kingdom",,,Fatalities: 0 / Occupants: 4 
20120728-1,Final,Saturday 28 July 2012,07:45,Beechcraft B200 Super King Air,Vilma Alimentos,,,, PR-DOC, BY-051, 2009,385,, 2 Pratt & Whitney Canada PT6A-52,305,Fatalities: 2 / Occupants: 2,Fatalities: 6 / Occupants: 6,,, Destroyed, Written off (damaged beyond repair),"Juiz de Fora-Francisco de Assis Airport, MG (JDF) (   Brazil) 
", Approach (APR),Executive,"Belo Horizonte-Pampulha Airport, MG (PLU/SBBH), Brazil","Juiz de Fora-Francisco de Assis Airport, MG (JDF/SBJF), Brazil",,,Fatalities: 8 / Occupants: 8 
20120802-0,Final,Thursday 2 August 2012,06:18,Cessna 500 Citation I,Airnor - Aeronaves del Noroeste,,,, EC-IBA, 500-0178, 1974,9460,, 2 Pratt & Whitney Canada JT15D-1,,Fatalities: 2 / Occupants: 2,Fatalities: 0 / Occupants: 0,,, Destroyed, Written off (damaged beyond repair),"1,6 km (1 mls) N of Santiago de Compostela Airport (SCQ) (   Spain) 
", Approach (APR),Ferry/positioning,"Oviedo/Aviles-Asturias Airport (OVD/LEAS), Spain","Santiago de Compostela Airport (SCQ/LEST), Spain",,,Fatalities: 2 / Occupants: 2 
20120806-0,Final,Monday 6 August 2012,15:40,Embraer EMB-505 Phenom 300,Dalia Air,,,, CN-MBR, 50500025, 2011,510,, 2 Pratt & Whitney Canada PW535E,,Fatalities: 0 / Occupants: 2,Fatalities: 0 / Occupants: 1,,, Substantial, Written off (damaged beyond repair),"St. Gallen-Altenrhein Airport (ACH) (   Switzerland) 
", Landing (LDG),Executive,"Genève-Cointrin Airport (GVA/LSGG), Switzerland","St. Gallen-Altenrhein Airport (ACH/LSZR), Switzerland", 211,,Fatalities: 0 / Occupants: 3 
20120810-0,Final,Friday 10 August 2012,15:15,Bombardier DHC-8-402Q Dash 8,,,United Express,, N341NG, 4341, 2010,,, 2 Pratt & Whitney Canada PW150A,,Fatalities: 0 / Occupants: 4,Fatalities: 0 / Occupants: 68,,, Substantial, Repaired,"Washington-Dulles International Airport, DC (IAD) (   United States of America) 
", Taxi (TXI),Domestic Scheduled Passenger,"Pittsburgh-Greater Pittsburgh International Airport, PA (PIT/KPIT), United States of America","Washington-Dulles International Airport, DC (IAD/KIAD), United States of America",3912,,Fatalities: 0 / Occupants: 72 
20120810-1,Final,Friday 10 August 2012,15:15,Airbus A330-343X,Lufthansa,,,, D-AIKE, 636, 2004-10-18  (7 years 10 months),,, 2 Rolls-Royce Trent 772B-60,,Fatalities: 0 / Occupants: ,Fatalities: 0 / Occupants: ,,, Minor, Repaired,"Washington-Dulles International Airport, DC (IAD) (   United States of America) 
", Taxi (TXI),International Scheduled Passenger,"Washington-Dulles International Airport, DC (IAD/KIAD), United States of America","Frankfurt International Airport (FRA/EDDF), Germany",,,Fatalities: 0 / Occupants:  
20120816-0,,Thursday 16 August 2012,,Saab 2000 AEW&C,Pakistan Air Force,,,, 10049, 049, 1997-06-27  (15 years 2 months),,, 2 Allison AE2100A,,Fatalities: 0 / Occupants: 0,Fatalities: 0 / Occupants: 0,,, Damaged beyond repair,,"Kamra-Minhas PAF Base (   Pakistan) 
", Standing (STD),-,-,-,,,Fatalities: 0 / Occupants: 0 
20120817-0,Final,Friday 17 August 2012,21:24,Embraer ERJ 190-100 IGW (ERJ-190AR),Mandarin Airlines,,,, B-16825, 19000167, 2008,8865,, 2 General Electric CF34-10E5,9006,Fatalities: 0 / Occupants: 6,Fatalities: 0 / Occupants: 104,,, Substantial, Repaired,"Magong Airport (MZG) (   Taiwan) 
", Landing (LDG),Domestic Scheduled Passenger,"Taipei-Songshan Airport (TSA/RCSS), Taiwan","Magong Airport (MZG/RCQC), Taiwan", 369,,Fatalities: 0 / Occupants: 110 
20120819-0,,Sunday 19 August 2012,ca 08:00,Antonov An-26-100,Alfa Airlines,,,, ST-ARL, 2606, 1974,,,,,Fatalities: 6 / Occupants: 6,Fatalities: 26 / Occupants: 26,,, Damaged beyond repair,,"near Talodi (   Sudan) 
", Approach (APR),Domestic Non Scheduled Passenger,"Khartoum-Civil Airport (KRT/HSSS), Sudan","Talodi, Sudan",,,Fatalities: 32 / Occupants: 32 
20120822-0,Final,Wednesday 22 August 2012,12:17,Let L-410UVP-E9,Mombasa Air Safari,,,, 5Y-UVP, 912627, 1991,,, 2 Walter M-601E,,Fatalities: 2 / Occupants: 2,Fatalities: 2 / Occupants: 11,,, Destroyed, Written off (damaged beyond repair),"Ngerende Airstrip, Masai Mara Game Reserve (   Kenya) 
", Takeoff (TOF),Domestic Scheduled Passenger,"Ngerende Airstrip, Kenya",?,,,Fatalities: 4 / Occupants: 13 
20120830-0,Final,Thursday 30 August 2012,ca 09:15,Britten-Norman BN-2B-26 Islander,Dapeng Airlines,,,, B-68801, 2255, 1991,4909,, 2 Lycoming O-540-E4C5,2426,Fatalities: 3 / Occupants: 3,Fatalities: 0 / Occupants: 0,,, Destroyed, Written off (damaged beyond repair),"20 km (12.5 mls) SW of Jhuosi, Hualien County (   Taiwan) 
", En route (ENR),Survey/research,"Taipei-Songshan Airport (TSA/RCSS), Taiwan","Taitung Airport (TTT/RCFN), Taiwan",,,Fatalities: 3 / Occupants: 3 
20120831-0,Preliminary,Friday 31 August 2012,ca 15:20,ATR 42-500,Pakistan International Airlines - PIA,,,, AP-BHJ, 657, 2006-12-23  (5 years 8 months),,, 2 Pratt & Whitney Canada PW127E,,Fatalities: 0 / Occupants: 4,Fatalities: 0 / Occupants: 42,,, Substantial, Written off (damaged beyond repair),"Lahore Airport (LHE) (   Pakistan) 
", Landing (LDG),Domestic Scheduled Passenger,"Islamabad-Benazir Bhutto International Airport (ISB/OPRN), Pakistan","Lahore Airport (LHE/OPLA), Pakistan",PK653,,Fatalities: 0 / Occupants: 46 
20120909-0,Final,Sunday 9 September 2012,11:55,Antonov An-2P,Aeroklub Bydgoski,,,, SP-FMA, 1G163-35, 1976,,, 1 Shvetsov ASh-62IR,,Fatalities: 0 / Occupants: 2,Fatalities: 0 / Occupants: 0,,, Substantial,,"Bydgoszcz Airport (BZG) (   Poland) 
", Landing (LDG),Parachuting,"Bydgoszcz Airport (BZG/EPBY), Poland","Bydgoszcz Airport (BZG/EPBY), Poland",,,Fatalities: 0 / Occupants: 2 
20120910-0,Final,Monday 10 September 2012,14:12,de Havilland Canada DHC-8-301,,,Air Canada Express,, C-GUON, 143, 1989,50880,, 2 Pratt & Whitney Canada PW123,58725,Fatalities: 0 / Occupants: 3,Fatalities: 0 / Occupants: 32,,, Substantial, Repaired,"Gaspé Airport, QC (YGP) (   Canada) 
", Landing (LDG),Domestic Scheduled Passenger,"Îles de la Madeleine Airport, QC (YGR/CYGR), Canada","Gaspé Airport, QC (YGP/CYGP), Canada",8721,,Fatalities: 0 / Occupants: 35 
20120912-0,Final,Wednesday 12 September 2012,12:20,Antonov An-28,Petropavlovsk-Kamchatsky Air Enterprise,,,, RA-28715, 1AJ006-25, 1989,11947,, 2 Glushenkov TVD-10B,8891,Fatalities: 2 / Occupants: 2,Fatalities: 8 / Occupants: 12,,, Destroyed, Written off (damaged beyond repair),"11 km (6.9 mls) SW of Palana Airport (   Russia) 
", Approach (APR),Domestic Scheduled Passenger,"Petropavlovsk-Kamchatsky Airport (PKC/UHPP), Russia","Palana Airport (UHPL), Russia", 251,,Fatalities: 10 / Occupants: 14 
20120915-0,Final,Saturday 15 September 2012,13:39,Learjet 24D,BIO Aerospace,,,, D-CMMM, 24-328, 1976,,, 2 General Electric CJ610-6,,Fatalities: 0 / Occupants: 1,Fatalities: 0 / Occupants: 1,,, Substantial, Written off (damaged beyond repair),"1 km (0.6 mls) E of Bornholm-Rønne Airport (RNN) (   Denmark) 
", Approach (APR),Private,"Strausberg Airport (EDAY), Germany","Bornholm-Rønne Airport (RNN/EKRN), Denmark",,,Fatalities: 0 / Occupants: 2 
20120918-0,Final,Tuesday 18 September 2012,10:03,Beechcraft Beechjet 400,Dewberry Air LLC,,,, N428JD, RJ-13, 1986,5416,, 2 Pratt & Whitney Canada JT15D-5A,,Fatalities: 0 / Occupants: 2,Fatalities: 0 / Occupants: 1,,, Substantial, Written off (damaged beyond repair),"Macon Downtown Airport, GA (MAC) (   United States of America) 
", Landing (LDG),Executive,"Charleston International Airport, SC (CHS/KCHS), United States of America","Macon Downtown Airport, GA (MAC/KMAC), United States of America",,,Fatalities: 0 / Occupants: 3 
20120920-0,Preliminary,Thursday 20 September 2012,,Airbus A320-232,Syrian Arab Airlines,,,, YK-AKF, 1117, 1999-10-11  (13 years),,, 2 IAE V2527-A5,,Fatalities: 0 / Occupants: ,Fatalities: 0 / Occupants: ,,, Substantial,,"over Duma (   Syria) 
", En route (ENR),Domestic Scheduled Passenger,"Damascus International Airport (DAM/OSDI), Syria","Latakia Airport (LTK/OSLK), Syria",501,,Fatalities: 0 / Occupants:  
20120921-0,,Friday 21 September 2012,09:27,de Havilland Canada DHC-6 Twin Otter 300,Tara Air,,,, 9N-ABQ, 655, 1979-11-29  (32 years 10 months),,,,,Fatalities: 0 / Occupants: 4,Fatalities: 0 / Occupants: 3,,, Substantial, Repaired,"Dolpa Airport (DOP/VNDP) (   Nepal) 
", Takeoff (TOF),Domestic Scheduled Passenger,"Dolpa Airport (DOP/VNDP), Nepal","Nepalganj Airport (KEP/VNNG), Nepal",,,Fatalities: 0 / Occupants: 7 
20120922-0,- (No safety board investigation),Saturday 22 September 2012,05:30,Gulfstream G-V,NetJets,,,, N511QS, 647, 2001,,, 2 Rolls-Royce BR700-710A1-10,,Fatalities: 0 / Occupants: 0,Fatalities: 0 / Occupants: 0,Fatalities: 1,, Damaged beyond repair,,"San Francisco International Airport, CA (SFO) (   United States of America) 
", Standing (STD),-,-,-,,,Fatalities: 0 / Occupants: 0 
20120922-1,,Saturday 22 September 2012,11:30,Hawker Beechcraft 390 Premier IA,Government of Uttar Pradesh,,,, VT-UPN, RB-236, 2008,,, 2 Williams International FJ44-2A,,Fatalities: 0 / Occupants: 2,Fatalities: 0 / Occupants: 4,,, Substantial,,"Delhi-Indira Gandhi International Airport (DEL) (   India) 
", Landing (LDG),Official state flight,"Lucknow-Amausi Airport (LKO/VILK), India","Delhi-Indira Gandhi International Airport (DEL/VIDP), India",,,Fatalities: 0 / Occupants: 6 
20120928-0,Final,Friday 28 September 2012,06:18,Dornier 228-202,Sita Air,,,, 9N-AHA, 8123, 1987-04-08  (25 years 6 months),15248,, 2 Garrett TPE331-10T-511D,,Fatalities: 3 / Occupants: 3,Fatalities: 16 / Occupants: 16,,, Destroyed, Written off (damaged beyond repair),"ca 0,4 km SE of Kathmandu-Tribhuvan Airport (KTM) (   Nepal) 
", Initial climb (ICL),Domestic Scheduled Passenger,"Kathmandu-Tribhuvan Airport (KTM/VNKT), Nepal","Lukla Airport (LUA/VNLK), Nepal", 601,,Fatalities: 19 / Occupants: 19 
20120929-0,Final,Saturday 29 September 2012,10:44,Antonov An-2R,Plant ELKAP,,,, RA-33601, 1G232-35, 1988,2352,, 1 Shvetsov ASh-62IR,12341,Fatalities: 0 / Occupants: 1,Fatalities: 0 / Occupants: 4,,, Minor,,"23 km (14.4 mls) N of Ivdel, Sverdlovsk region (   Russia) 
", Landing (LDG),Domestic Non Scheduled Passenger,?,?,,,Fatalities: 0 / Occupants: 5 
20120999-0,Final,xx SEP 2012,,Antonov An-2R,SHP Dmitrievsky,,,, RA-40220, 1G220-10, 1986,,, 1 Shvetsov ASh-62IR,,Fatalities: 0 / Occupants: 1,Fatalities: 0 / Occupants: 0,,, Substantial, Written off (damaged beyond repair),"Dmitrievskaya, Krasnodar region (   Russia) 
", En route (ENR),Agricultural,?,?,,,Fatalities: 0 / Occupants: 1 
20121004-0,Final,Thursday 4 October 2012,20:10,Boeing 717-2BD,Southwest Airlines,,,, N894AT, 55046/5137, 2004-11-05  (7 years 11 months),,, 2 BMW RR BR715,,Fatalities: 0 / Occupants: 5,Fatalities: 0 / Occupants: 103,,, Substantial, Repaired,"Milwaukee-General Mitchell Airport, WI (MKE) (   United States of America) 
", Standing (STD),Domestic Scheduled Passenger,"Atlanta Hartsfield-Jackson International Airport, GA (ATL/KATL), United States of America","Milwaukee-General Mitchell Airport, WI (MKE/KMKE), United States of America", 725,,Fatalities: 0 / Occupants: 108 
20121007-0,Preliminary,Sunday 7 October 2012,,Antonov An-12BP,,Al Quwwat al-Jawwiya As-Sudaniya (Sudanese Air Force),,AZZA Transport, ST-ARV, 7345310, 1963,,,,,Fatalities:  / Occupants: 6,Fatalities:  / Occupants: 16,,, Destroyed, Written off (damaged beyond repair),"40 km (25 mls) SW of Omdurman, Khartoum (   Sudan) 
", En route (ENR),Military,"Khartoum-Civil Airport (KRT/HSSS), Sudan","El Fasher Airport (ELF/HSFS), Sudan",,,Fatalities: 15 / Occupants: 22 
20121007-1,Final,Sunday 7 October 2012,16:10,Britten-Norman BN-2A-26 Islander,FlyMontserrat,,,, VP-MON, 82, 1969-06-19  (43 years 4 months),22064,, 2 Lycoming O-540-E4C5,55851,Fatalities: 1 / Occupants: 1,Fatalities: 2 / Occupants: 3,,, Destroyed, Written off (damaged beyond repair),"Antigua-V.C. Bird International Airport (ANU) (   Antigua and Barbuda) 
", Takeoff (TOF),International Scheduled Passenger,"Antigua-V.C. Bird International Airport (ANU/TAPA), Antigua and Barbuda","Montserrat-John A. Osborne Airport (MNI/TRPG), Montserrat", 107,,Fatalities: 3 / Occupants: 4 
20121010-0,Final,Wednesday 10 October 2012,16:15,Embraer EMB-500 Phenom 100,PNM Consultoria Ltda.,,,, PR-PNM, 50000144, 2010,,,,,Fatalities: 0 / Occupants: 1,Fatalities: 0 / Occupants: 4,,, Substantial, Repaired,"Porto Alegre Airport, RS (POA) (   Brazil) 
", Landing (LDG),Private,"Rosario-Islas Malvinas International Airport, SF (ROS/SAAR), Argentina","Porto Alegre Airport, RS (POA/SBPA), Brazil",,,Fatalities: 0 / Occupants: 5 
20121013-0,Final,Saturday 13 October 2012,18:52,McDonnell Douglas MD-11F,Centurion Air Cargo,,,, N988AR, 48434/476, 1991,,, 3 General Electric CF6-80C2D1F,,Fatalities: 0 / Occupants: 3,Fatalities: 0 / Occupants: 0,,, Damaged beyond repair,,"São Paulo/Campinas-Viracopos International Airport, SP (VCP) (   Brazil) 
", Landing (LDG),Cargo,"Miami International Airport, FL (MIA/KMIA), United States of America","São Paulo/Campinas-Viracopos International Airport, SP (VCP/SBKP), Brazil",WE425,,Fatalities: 0 / Occupants: 3 
20121014-0,Preliminary,Sunday 14 October 2012,ca 04:00,Boeing 737-8KN (WL),Corendon Airlines,,,, TC-TJK, 35794/2794, 2009-04-29  (3 years 6 months),,, 2 CFMI CFM56-7B26,,Fatalities: 0 / Occupants: 7,Fatalities: 0 / Occupants: 189,,, Substantial, Written off (damaged beyond repair),"Antalya Airport (AYT) (   Turkey) 
", Pushback / towing (PBT),International Scheduled Passenger,"Antalya Airport (AYT/LTAI), Turkey","Trondheim-Værnes Airport (TRD/ENVA), Norway",,,Fatalities: 0 / Occupants: 196 
20121016-0,Final,Tuesday 16 October 2012,21:22,Bombardier CL-600-2C10 Regional Jet CRJ-701ER,,Air France,,Brit Air, F-GRZE, 10032, 2001,19841,, 2 General Electric CF34-8C5B1,19063,Fatalities: 0 / Occupants: 4,Fatalities: 0 / Occupants: 53,,, Substantial, Repaired,"Lorient-Lann Bihoué Airport (LRT) (   France) 
", Landing (LDG),Domestic Scheduled Passenger,"Paris-Orly Airport (ORY/LFPO), France","Lorient-Lann Bihoué Airport (LRT/LFRH), France",937QL,,Fatalities: 0 / Occupants: 57 
20121017-0,Final,Wednesday 17 October 2012,11:19,de Havilland Canada DHC-8-315Q Dash 8,United States Department of State,,,, N800AW, 573, 2001-02-16  (11 years 8 months),,, 2 Pratt & Whitney Canada PW123E,,Fatalities: 0 / Occupants: 3,Fatalities: 0 / Occupants: 3,,, Substantial, Repaired,"Kabul Airport (KBL) (   Afghanistan) 
", Landing (LDG),Domestic Non Scheduled Passenger,"Tarin Kowt Airport (TII/OATN), Afghanistan","Kabul Airport (KBL/OAKB), Afghanistan",,,Fatalities: 0 / Occupants: 6 
20121019-0,Final,Friday 19 October 2012,15:28,Fokker 100,Network Aviation Australia,,,, VH-NQE, 11457, 1993-05-17  (19 years 5 months),,, 2 Rolls-Royce Tay 650-15,,Fatalities: 0 / Occupants: 7,Fatalities: 0 / Occupants: 26,,, Substantial, Repaired,"Nifty Airport, WA (NIF) (   Australia) 
", Landing (LDG),Domestic Non Scheduled Passenger,"Perth Airport, WA (PER/YPPH), Australia","Nifty Airport, WA (NIF/YCNF), Australia",,,Fatalities: 0 / Occupants: 33 
20121019-1,Preliminary,Friday 19 October 2012,18:00,Antonov An-12B,Air Mark Aviation,,,, EK12112, 01347907, 1971,,,,,Fatalities: 0 / Occupants: 6,Fatalities: 0 / Occupants: 0,,, Damaged beyond repair,,"at an unknown location (   Afghanistan) 
", Landing (LDG),Cargo,?,"Shindand (OASD), Afghanistan",,,Fatalities: 0 / Occupants: 6 
20121025-0,Preliminary,Thursday 25 October 2012,ca 19:45,Cessna 208B Grand Caravan,Taraba State Government,,,, 5N-BMJ, 208B2098, 2009,,, 1 Pratt & Whitney Canada PT6A-114A,,Fatalities: 0 / Occupants: ,Fatalities: 0 / Occupants: ,,, Damaged beyond repair,,"near Yola Airport (YOL) (   Nigeria) 
", Approach (APR),Executive,"Jalingo Airport, Nigeria","Yola Airport (YOL/DNYO), Nigeria",,,Fatalities: 0 / Occupants: 6 
20121028-0,Preliminary,Sunday 28 October 2012,,Beechcraft 1900D,République du Tchad,,,, TT-ABB, UE-406, 2000,,, 2 Pratt & Whitney Canada PT6A-67D,,Fatalities: 0 / Occupants: ,Fatalities: 0 / Occupants: ,,, Substantial,,"Bir Kalait (   Chad) 
", Landing (LDG),Official state flight,?,?,,,Fatalities: 0 / Occupants:  
20121030-0,Preliminary,Tuesday 30 October 2012,ca 15:00,Let L-410UVP,Cetraca Aviation Service,,,, 9Q-CAZ, 790205, 1979,,, 2 Walter M-601D,,Fatalities: 0 / Occupants: 3,Fatalities: 0 / Occupants: 15,,, Substantial,,"Butembo Airport (   Democratic Republic of the Congo) 
", Landing (LDG),Passenger,"Goma Airport (GOM/FZNA), Democratic Republic of the Congo","Butembo Airport (FZBM), Democratic Republic of the Congo",,,Fatalities: 0 / Occupants: 18 
20121030-1,Preliminary - official,Tuesday 30 October 2012,06:33,Cessna 560 Citation V,Can-West Corporate Air Charter,,,, C-FBCW, 560-0191, 1992,,, 2 Pratt & Whitney Canada JT15D-5D,,Fatalities: 0 / Occupants: 2,Fatalities: 0 / Occupants: 0,,, Substantial, Written off (damaged beyond repair),"Edmonton International Airport, AB (YEG) (   Canada) 
", Landing (LDG),Ferry/positioning,"Edmonton City Centre Airport, AB (YXD/CYXD), Canada","Edmonton International Airport, AB (YEG/CYEG), Canada",,,Fatalities: 0 / Occupants: 2 
20121106-0,Final,Tuesday 6 November 2012,07:45,Cessna 208B Super Cargomaster,,Baron Aviation,,FedEx, N793FE, 208B0291, 1991,10852,, 1 Pratt & Whitney Canada PT6A-114A,,Fatalities: 1 / Occupants: 1,Fatalities: 0 / Occupants: 0,,, Damaged beyond repair,,"3,3 km (2.1 mls) SW of Wichita-Mid-Continent Airport, KS (ICT) (   United States of America) 
", Approach (APR),Cargo,"Wichita-Mid-Continent Airport, KS (ICT/KICT), United States of America","Garden City Municipal Airport, KS (GCK/KGCK), United States of America",8588,,Fatalities: 1 / Occupants: 1 
20121109-0,Preliminary,Friday 9 November 2012,15:45,CASA C-295M,Al Quwwat al-Jawwiya al-Jaza'eriya,,,, 7T-WGF, S-026, 2005,,, 2 Pratt & Whitney Canada PW127G,,Fatalities: 6 / Occupants: 6,Fatalities: 0 / Occupants: 0,,, Destroyed, Written off (damaged beyond repair),"W of Saint-Germain-du-Teil, Lozère (   France) 
", En route (ENR),Military,"Paris-Le Bourget Airport (LBG/LFPB), France","Blida Airport (DAAB), Algeria",,,Fatalities: 6 / Occupants: 6 
20121109-1,Final,Friday 9 November 2012,12:15,Curtiss C-46A-45-CU Commando,Buffalo Airways,,,, C-GTXW, 30386, 1944,,, 2 Pratt & Whitney R-2800-51M3,,Fatalities: 0 / Occupants: 3,Fatalities: 0 / Occupants: 0,,, Substantial, Repaired,"Yellowknife Airport, NT (YZF) (   Canada) 
", Landing (LDG),Unknown,"Yellowknife Airport, NT (YZF/CYZF), Canada","Yellowknife Airport, NT (YZF/CYZF), Canada", 509,,Fatalities: 0 / Occupants: 3 
20121111-0,Final,Sunday 11 November 2012,17:21,Cessna 525B CitationJet CJ3,Tropic Air Táxi Aéreo,,,, PR-MRG, 525B-0187, 2008,,,,,Fatalities: 0 / Occupants: 2,Fatalities: 0 / Occupants: 1,,, Damaged beyond repair,,"São Paulo-Congonhas Airport, SP (CGH) (   Brazil) 
", Landing (LDG),Unknown,"Florianópolis-Hercilio Luz International Airport, SC (FLN/SBFL), Brazil","São Paulo-Congonhas Airport, SP (CGH/SBSP), Brazil",,,Fatalities: 0 / Occupants: 3 
20121113-0,Final,Tuesday 13 November 2012,12:05,Swearingen SA226-TC Metro II,Zorex Air Transport,,,, EC-JYC, TC-303, 1979,,, 2 Garrett TPE331-10UA-511G,,Fatalities: 0 / Occupants: 2,Fatalities: 0 / Occupants: 0,,, Substantial, Repaired,"Murcia-San Javier Airport (MJV) (   Spain) 
", Takeoff (TOF),Ferry/positioning,"Murcia-San Javier Airport (MJV/LELC), Spain","Huesca-Pirineos Airport (HSK/LEHC), Spain",,,Fatalities: 0 / Occupants: 2 
20121115-0,Preliminary,Thursday 15 November 2012,ca 17:00,Fokker 50,Skyward International Aviation,,,, 5Y-CAN, 20175, 1990-01-22  (22 years 10 months),,, 2 Pratt & Whitney Canada PW125B,,Fatalities: 0 / Occupants: ,Fatalities: 0 / Occupants: ,,, Substantial,,"Aweil Airport (   South Sudan) 
", Landing (LDG),Int'l Non Scheduled Passenger,"Khartoum-Civil Airport (KRT/HSSS), Sudan","Aweil Airport (HSAW), South Sudan",,,Fatalities: 0 / Occupants: 57 
20121116-0,Final,Friday 16 November 2012,05:25,Airbus A300B4-203F,,DHL Aviation,,Air Contractors, EI-EAC, 250, 1983-05-31  (29 years 6 months),,, 2 General Electric CF6-50C2,,Fatalities: 0 / Occupants: 3,Fatalities: 0 / Occupants: 0,,, Substantial, Written off (damaged beyond repair),"Bratislava-M. R. Stefánik Airport (BTS) (   Slovakia) 
", Landing (LDG),Cargo,"Leipzig Airport (LEJ/EDDP), Germany","Bratislava-M. R. tefánik Airport (BTS/LZIB), Slovakia",6321,,Fatalities: 0 / Occupants: 3 
20121117-0,Final,Saturday 17 November 2012,ca 11:45,Cessna 550 Citation II,United States Customs Service,,,, N6763L, 550-0673, 1991,8611,, 2 Pratt & Whitney Canada JT15D-4,,Fatalities: 0 / Occupants: 2,Fatalities: 0 / Occupants: 0,,, Destroyed, Written off (damaged beyond repair),"Greenwood County Airport, SC (GRD) (   United States of America) 
", Landing (LDG),Test,"Greenwood County Airport, SC (GRD/KGRD), United States of America","Greenwood County Airport, SC (GRD/KGRD), United States of America",,,Fatalities: 0 / Occupants: 2 
20121118-0,Final,Sunday 18 November 2012,09:56,Cessna 208B Grand Caravan,Gogal Air Service,,,, C-GAGP, 208B1213, 2006,1487,, 1 Pratt & Whitney Canada PT6A-114A,,Fatalities: 1 / Occupants: 1,Fatalities: 0 / Occupants: 7,,, Destroyed, Written off (damaged beyond repair),"2 km (1.3 mls) E of Snow Lake Airport, MB (   Canada) 
", Initial climb (ICL),Domestic Non Scheduled Passenger,"Snow Lake Airport, MB, Canada","Winnipeg International Airport, MB (YWG/CYWG), Canada",,,Fatalities: 1 / Occupants: 8 
20121119-0,Preliminary,Monday 19 November 2012,,Antonov An-26,,Ultimate Air,,Trast Aero, 3X-GFN, , ,,,,,Fatalities: 0 / Occupants: ,Fatalities: 0 / Occupants: ,,, Substantial,,"Yida Airstrip (   South Sudan) 
", Landing (LDG),Cargo,"Entebbe Airport (EBB/HUEN), Uganda","Yida Airstrip, South Sudan",,,Fatalities: 0 / Occupants:  
20121121-0,Preliminary,Wednesday 21 November 2012,,Antonov An-26,Yemen Air Force,,,, 420, , ,,,,,Fatalities: 10 / Occupants: 10,Fatalities: 0 / Occupants: 0,,, Destroyed, Written off (damaged beyond repair),"9 km (5.6 mls) S of Sana'a International Airport (SAH) (   Yemen) 
", Unknown (UNK),Military,"Sana'a International Airport (SAH/ODSN), Yemen",?,,,Fatalities: 10 / Occupants: 10 
20121121-1,Preliminary - official,Wednesday 21 November 2012,14:31,Antonov An-26B-100,Polyarnye Avialinii,,,, RA-26061, 11108, 1981,22698,, 2 Ivchenko AI-24VT,11257,Fatalities: 0 / Occupants: 5,Fatalities: 0 / Occupants: 21,,, Substantial, Written off (damaged beyond repair),"Deputatskiy Airport (   Russia) 
", Landing (LDG),Domestic Scheduled Passenger,"Yakutsk Airport (YKS/UEEE), Russia","Deputatskiy Airport (UEWD), Russia",,,Fatalities: 0 / Occupants: 26 
20121125-0,Final,Sunday 25 November 2012,11:20 MSK,Antonov An-2R,Aeroclub Maestro,,,, RA-33589, 1G230-31, 1988,1250,, 1 Shvetsov ASh-62IR,,Fatalities: 0 / Occupants: 1,Fatalities: 1 / Occupants: 9,,, Destroyed, Written off (damaged beyond repair),"Yugorsk-2 Airfield (   Russia) 
", Takeoff (TOF),Parachuting,"Yugorsk-2 Airfield, Russia","Yugorsk-2 Airfield, Russia",,,Fatalities: 1 / Occupants: 10 
20121127-0,Preliminary - official,Tuesday 27 November 2012,13:29,Embraer EMB-120ER Brasilia,Inter Iles Air,,,, D6-HUA, 120149, 1989,,, 2 Pratt & Whitney Canada PW118,,Fatalities: 0 / Occupants: 4,Fatalities: 0 / Occupants: 25,,, Substantial, Written off (damaged beyond repair),"N off Moroni-Prince Said Ibrahim In Airport (HAH) (   Comoros) 
", Initial climb (ICL),Domestic Scheduled Passenger,"Moroni-Prince Said Ibrahim In Airport (HAH/FMCH), Comoros","Anjouan-Ouani Airport (AJN/FMCV), Comoros",,,Fatalities: 0 / Occupants: 29 
20121129-0,Final,Thursday 29 November 2012,18:58,Cessna 208B Grand Caravan,Martinaire,,,, N1324G, 208B0777, 1999,7371,, 1 Pratt & Whitney Canada PT6A-114A,,Fatalities: 0 / Occupants: 1,Fatalities: 0 / Occupants: 0,,, Substantial, Written off (damaged beyond repair),"near Bryans Corner, OK (   United States of America) 
", En route (ENR),Cargo,"Guymon Municipal Airport, OK (GUY/KGUY), United States of America","Woodward-West Woodward Airport, OK (WWR/KWWR), United States of America",,,Fatalities: 0 / Occupants: 1 
20121130-0,Preliminary,Friday 30 November 2012,ca 18:00,Ilyushin Il-76T,,Aéro-Service,,Air Highnesses, EK-76300, 083410300, 1978,,,,,Fatalities: 6 / Occupants: 6,Fatalities: 1 / Occupants: 1,Fatalities: 25,, Destroyed, Written off (damaged beyond repair),"1 km (0.6 mls) SW of Brazzaville-Maya Maya Airport (BZV) (   Congo) 
", Approach (APR),Cargo,"Pointe Noire Airport (PNR/FCPP), Congo","Brazzaville-Maya Maya Airport (BZV/FCBB), Congo",,,Fatalities: 7 / Occupants: 7 
20121203-0,Final,Monday 3 December 2012,10:50,Cessna 208B Grand Caravan,Era Alaska,,,, N169LJ, 208B0599, 1997,11516,, 1 Pratt & Whitney Canada PT6A-114A,,Fatalities: 0 / Occupants: 2,Fatalities: 0 / Occupants: 7,,, Substantial, Repaired,"5 km (3.1 mls) NE of Mekoryuk-Ellis Field, AK (MYU) (   United States of America) 
", En route (ENR),Domestic Scheduled Passenger,"Mekoryuk-Ellis Field, AK (MYU/PAMY), United States of America","Bethel Airport, AK (BET/PABE), United States of America", 140,,Fatalities: 0 / Occupants: 9 
20121205-0,Preliminary,Wednesday 5 December 2012,ca 09:45,Aero Modifications AMI C-47TP (DC-3T),South African Air Force - SAAF,,,, 6840, 13866/25311, 1944,,,,,Fatalities: 6 / Occupants: 6,Fatalities: 5 / Occupants: 5,,, Destroyed, Written off (damaged beyond repair),"Giant's Castle, Drakensbergen range (   South Africa) 
", En route (ENR),Military,"Waterkloof Air Force Base (WKF/FAWK), South Africa","Mthatha Airport (UTT/FAUT), South Africa",,,Fatalities: 11 / Occupants: 11 
20121205-1,Final,Wednesday 5 December 2012,18:00,Canadair CL-600-2B19 Regional Jet CRJ-200LR,,US Airways Express,,Air Wisconsin, N411ZW, 7569, 2001,26288,, 2 General Electric CF34-3B1,,Fatalities: 0 / Occupants: 3,Fatalities: 0 / Occupants: 50,,, Substantial, Repaired,"48 km (30 mls) SW of New York-La Guardia Airport, NY (LGA) (   United States of America) 
", En route (ENR),Domestic Scheduled Passenger,"Philadelphia International Airport, PA (PHL/KPHL), United States of America","New York-La Guardia Airport, NY (LGA/KLGA), United States of America",3852,,Fatalities: 0 / Occupants: 53 
20121207-0,Preliminary,Friday 7 December 2012,,Britten-Norman BN-2A-7 Islander,Gobierno del Estado de Nayarit,,,, XC-UPJ, 307, 1971,,,,,Fatalities: 0 / Occupants: 1,Fatalities: 0 / Occupants: 2,,, Damaged beyond repair,,"La Yesca Airstrip (   Mexico) 
", Takeoff (TOF),Ambulance,"La Yesca Airstrip, Mexico","Zapopan Air Base (MMZP), Mexico",,,Fatalities: 0 / Occupants: 3 
20121209-0,Final,Sunday 9 December 2012,03:33,Learjet 25,Starwood Management LLC,,,, N345MC, 25-046, 1969,,, 2 General Electric CJ610-6,,Fatalities: 2 / Occupants: 2,Fatalities: 5 / Occupants: 5,,, Destroyed, Written off (damaged beyond repair),"near Iturbide (   Mexico) 
", En route (ENR),Executive,"Monterrey-General Mariano Escobedo International Airport (MTY/MMMY), Mexico","Toluca Airport (TLC/MMTO), Mexico",,,Fatalities: 7 / Occupants: 7 
20121211-0,,Tuesday 11 December 2012,,Lockheed HC-130P Hercules,United States Air Force - USAF,,,, 65-0981, 4133, 1966,,,,,Fatalities:  / Occupants: ,Fatalities:  / Occupants: ,,, Damaged beyond repair,,"within Afghanistan (   Afghanistan) 
", Unknown (UNK),Military,?,?,,,Fatalities:  / Occupants:  
20121217-0,Final,Monday 17 December 2012,10:42,Antonov An-26-100,Amazon Sky,,,, OB-1887-P, 6606, 1978,7104,, 2 Ivchenko AI-24VT,5719,Fatalities: 4 / Occupants: 4,Fatalities: 0 / Occupants: 0,,, Destroyed, Written off (damaged beyond repair),"Tomas District, Yauyos province (   Peru) 
", En route (ENR),Cargo,"Lima-Jorge Chávez International Airport (LIM/SPIM), Peru","Las Malvinas Airstrip, Peru",,,Fatalities: 4 / Occupants: 4 
20121217-1,,Monday 17 December 2012,23:35,Learjet 24,Unknown,,,, registration unknown, , ,,,,,Fatalities: 0 / Occupants: 0,Fatalities: 0 / Occupants: 0,,, Damaged beyond repair,,"Hyderabad-Begumpet Airport (HYD) (   India) 
", Standing (STD),-,-,-,,,Fatalities: 0 / Occupants: 0 
20121219-0,Final,Wednesday 19 December 2012,00:02,Beechcraft B100 King Air,Stinger Welding Inc.,,,, N499SW, BE-89, 1980,,, 2 Garrett TPE331-6-511B,,Fatalities: 1 / Occupants: 1,Fatalities: 1 / Occupants: 1,,, Destroyed, Written off (damaged beyond repair),"9 km (5.6 mls) NNE of Libby Airport, MT (   United States of America) 
", Approach (APR),Executive,"Coolidge Municipal Airport, AZ, United States of America","Libby Airport, MT, United States of America",,,Fatalities: 2 / Occupants: 2 
20121220-0,Preliminary - official,Thursday 20 December 2012,13:00 UTC,Basler BT-67 Turbo 67 (DC-3T),,ALCI Aviation,,Kenn Borek Air, C-GEAI, 16305/33053, 1944,,, 2 Pratt & Whitney Canada PT6A-67R,,Fatalities: 0 / Occupants: ,Fatalities: 0 / Occupants: ,,, Substantial, Repaired,"Holtanna Glacier (   Antarctica) 
", Takeoff (TOF),Domestic Non Scheduled Passenger,"Holtanna Glacier, Antarctica","Novolazarevskaya Station, Antarctica",,,Fatalities: 0 / Occupants: 15 
20121221-0,Final,Friday 21 December 2012,10:00,Cessna 550 Citation II,United States Customs Service,,,, N753CC, 550-0109, 1980,13506,, 2 Pratt & Whitney Canada JT15D-4,,Fatalities: 0 / Occupants: 2,Fatalities: 0 / Occupants: 0,,, Substantial, Written off (damaged beyond repair),"Oklahoma City-Will Rogers Airport, OK (OKC) (   United States of America) 
", Approach (APR),Executive,"Oklahoma City-Will Rogers Airport, OK (OKC/KOKC), United States of America","Oklahoma City-Will Rogers Airport, OK (OKC/KOKC), United States of America",,,Fatalities: 0 / Occupants: 2 
20121222-0,Final,Saturday 22 December 2012,18:06,Swearingen SA227-AC Metro III,Perimeter Aviation,,,, C-GFWX, AC-650B, 1985,32982,, 2 Garrett TPE331-11U-612G,,Fatalities: 0 / Occupants: 2,Fatalities: 1 / Occupants: 7,,, Destroyed, Written off (damaged beyond repair),"Sanikiluaq Airport, NU (YSK) (   Canada) 
", Initial climb (ICL),Domestic Scheduled Passenger,"Winnipeg International Airport, MB (YWG/CYWG), Canada","Sanikiluaq Airport, NU (YSK/CYSK), Canada",PAG993,,Fatalities: 1 / Occupants: 9 
20121225-0,Final,Tuesday 25 December 2012,08:53,Fokker 100,Air Bagan,,,, XY-AGC, 11327, 1991-02-22  (21 years 10 months),27378,, 2 Rolls-Royce Tay 650-15,32584,Fatalities: 0 / Occupants: 6,Fatalities: 1 / Occupants: 65,Fatalities: 1,, Destroyed, Written off (damaged beyond repair),"ca 1 km S of Heho Airport (HEH) (   Myanmar) 
", Approach (APR),Domestic Scheduled Passenger,"Mandalay-Annisaton Airport (MDL/VYMD), Myanmar","Heho Airport (HEH/VYHH), Myanmar",W9011,,Fatalities: 1 / Occupants: 71 
20121225-1,Preliminary - official,Tuesday 25 December 2012,18:54,Antonov An-72-100,Kazakhstan Border Guards,,,, UP-72859, 36576092859, 1990,,, 2 Lotarev D-36-2A,,Fatalities: 7 / Occupants: 7,Fatalities: 20 / Occupants: 20,,, Destroyed, Written off (damaged beyond repair),"21 km (13.1 mls) from  Shymkent Airport (CIT) (   Kazakhstan) 
", En route (ENR),Military,"Astana International Airport (TSE/UACC), Kazakhstan","Shymkent Airport (CIT/UAII), Kazakhstan",,,Fatalities: 27 / Occupants: 27 
20121229-0,Final,Saturday 29 December 2012,16:33,Tupolev Tu-204-100V,Red Wings Airlines,,,, RA-64047, 1450744864047, 2008,,, 2 Soloviev PS-90A,,Fatalities: 5 / Occupants: 8,Fatalities: 0 / Occupants: 0,,, Destroyed, Written off (damaged beyond repair),"Moskva-Vnukovo Airport (VKO) (   Russia) 
", Landing (LDG),Ferry/positioning,"Pardubice Airport (PED/LKPD), Czech Republic","Moskva-Vnukovo Airport (VKO/UUWW), Russia",9268,,Fatalities: 5 / Occupants: 8 
20121231-0,Preliminary,Monday 31 December 2012,10:14,British Aerospace 3101 Jetstream 31,EasySky,,,, HR-AWG, 764, 1987-07-29  (25 years 5 months),,,,,Fatalities: 0 / Occupants: ,Fatalities: 0 / Occupants: ,,, Substantial,,"San Pedro Sula Airport (SAP) (   Honduras) 
", Landing (LDG),Domestic Scheduled Passenger,"Roatán Airport (RTB/MHRO), Honduras","San Pedro Sula-Ramon Villeda Morales Airport (SAP/MHLM), Honduras", 734,,Fatalities: 0 / Occupants: 19 
20129999-0,,xx xxx 2012,,Let L-410UVP,ETA Air Charter,,,, 3D-SPL, 851513, 1985,,,,,Fatalities:  / Occupants: ,Fatalities:  / Occupants: ,,, Damaged beyond repair,,"Caia Airport (CMZ) (   Mozambique) 
", Unknown (UNK),Unknown,?,?,,,Fatalities:  / Occupants:  
