Identifiant:,Status:,Date:,Time:,Type:,Operator:,Operating for:,On behalf of:,Leased from:,Registration:,C/n / msn:,First flight:,Total airframe hrs:,Year built:,Engines:,Cycles:,Crew:,Passengers:,Ground casualties:,Collision casualties:,Aircraft damage:,Aircraft fate:,Location:,Phase:,Nature:,Departure airport:,Destination airport:,Flightnumber:,Probable cause:,Total:
20191201-0,,Sunday 1 December 2019,08:30,Beechcraft 99,Flamingo Air Charter,,,, C6-FER, , ,,,,,Fatalities: 0 / Occupants: 2,Fatalities: 0 / Occupants: 12,,, Unknown,,"Black Point Airstrip (   Bahamas) 
", Landing (LDG),Passenger,"Staniel Cay Airport (TYM/MYES), Bahamas","Black Point Airstrip (MYEB), Bahamas",,,Fatalities: 0 / Occupants: 14 
20191201-1,,Sunday 1 December 2019,,British Aerospace BAe-125-700A,private,,,, N949CL, 257204, 1983,,,,,Fatalities: 0 / Occupants: 0,Fatalities: 0 / Occupants: 0,,, Destroyed, Written off (damaged beyond repair),"near El Picudo, San Andrés (   Guatemala) 
", Standing (STD),Illegal Flight,?,?,,,Fatalities: 0 / Occupants: 0 
20191202-0,,Monday 2 December 2019,,British Aerospace BAe-125-700A,private,,,, false reg., , ,,,,,Fatalities: 0 / Occupants: ,Fatalities: 0 / Occupants: ,,, Damaged beyond repair,,"near San Andrés Villa Seca (   Guatemala) 
", Landing (LDG),Illegal Flight,?,?,,,Fatalities: 0 / Occupants:  
20191203-0,Preliminary,Tuesday 3 December 2019,09:10,Basler BT-67 Turbo 67 (DC-3T),North Star Air,,,, C-FKAL, 13840, 1943,,, 2 Pratt & Whitney Canada PT6A-67R,,Fatalities: 0 / Occupants: 2,Fatalities: 0 / Occupants: 0,,, Substantial,,"0,5 km (0.3 mls) SW of Sachigo Lake Airport, ON (ZPB) (   Canada) 
", Approach (APR),Cargo,"Red Lake Airport, ON (YRL/CYRL), Canada","Sachigo Lake Airport, ON (ZPB/CZPB), Canada",,,Fatalities: 0 / Occupants: 2 
20191203-1,,Tuesday 3 December 2019,08:34,British Aerospace BAe-125-800A,Business Jet Managers Inc,,,, N469RJ, 258067, 1986,,,,,Fatalities: 0 / Occupants: 2,Fatalities: 0 / Occupants: 0,,, Substantial,,"Detroit-Coleman A. Young International Airport, MI (DET) (   United States of America) 
", Landing (LDG),Unknown,"Detroit-Willow Run Airport, MI (YIP/KYIP), United States of America","Detroit-Coleman A. Young International Airport, MI (DET/KDET), United States of America",,,Fatalities: 0 / Occupants: 2 
20191204-0,,Wednesday 4 December 2019,,Beechcraft 200 Super King Air,private,,,, registration unknown, , ,,,,,Fatalities: 0 / Occupants: ,Fatalities: 0 / Occupants: ,,, Destroyed, Written off (damaged beyond repair),"Sayaxché, Petén (   Guatemala) 
", Standing (STD),Illegal Flight,?,?,,,Fatalities: 0 / Occupants:  
20191206-0,,Friday 6 December 2019,,British Aerospace BAe-125-800A,private,,,, (N293WB), 258009, 1984,12291,, 2 Garrett TFE731-5R-1H,10090,Fatalities: 0 / Occupants: 0,Fatalities: 0 / Occupants: 0,,, Destroyed, Written off (damaged beyond repair),"0,4 km (0.3 mls) NW of Chan Chen, Corozal (   Belize) 
", Standing (STD),Illegal Flight,?,?,,,Fatalities: 0 / Occupants: 0 
20191209-0,Preliminary - official,Monday 9 December 2019,20:16,Cessna 208B Super Cargomaster,Martinaire,,,, N4602B, 208B0140, 1988,,, 1 Pratt & Whitney Canada PT6A-114A,,Fatalities: 1 / Occupants: 1,Fatalities: 0 / Occupants: 0,,, Destroyed, Written off (damaged beyond repair),"ca 11 km NE of Victoria Regional Airport, TX (VCT) (   United States of America) 
", En route (ENR),Cargo,"Victoria Regional Airport, TX (VCT/KVCT), United States of America","Houston-George Bush Intercontinental Airport, TX (IAH/KIAH), United States of America",MRA679,,Fatalities: 1 / Occupants: 1 
20191209-1,,Monday 9 December 2019,18:13,Lockheed C-130H Hercules,Fuerza Aérea de Chile,,,, 990, 4776, 1978,,,,,Fatalities: 17 / Occupants: 17,Fatalities: 21 / Occupants: 21,,, Destroyed, Written off (damaged beyond repair),"520 km (325 mls) NW off  King George Island (   Atlantic Ocean) 
", En route (ENR),Military,"Punta Arenas-Carlos Ibañez Airport (PUQ/SCCI), Chile","Teniente Rodolfo Marsh Martin Air Base, King George Island (TNM/SCRM), Antarctica",,,Fatalities: 38 / Occupants: 38 
20191210-0,,Tuesday 10 December 2019,18:30,de Havilland Canada DHC-8-402Q Dash 8,Ethiopian Airlines,,,, ET-AQC ?, 4421, ,,,,,Fatalities: 0 / Occupants: ,Fatalities: 0 / Occupants: ,,, Substantial,,"Juba Airport (JUB) (   South Sudan) 
", Takeoff (TOF),International Scheduled Passenger,"Juba Airport (JUB/HSSJ), South Sudan","Addis Ababa-Bole Airport (ADD/HAAB), Ethiopia",ET357,,Fatalities: 0 / Occupants: 21 
20191215-0,,Sunday 15 December 2019,,Grumman American G-1159 Gulfstream IISP,private,,,, (XB-BZH), 164, 1975,,,,,Fatalities: 0 / Occupants: 0,Fatalities: 0 / Occupants: 0,,, Destroyed, Written off (damaged beyond repair),"Quiché (   Guatemala) 
", Standing (STD),Illegal Flight,?,?,,,Fatalities: 0 / Occupants: 0 
20191216-0,,Monday 16 December 2019,ca 04:00,Beechcraft 200 Super King Air,private,,,, registration unknown, , ,,,,,Fatalities: 0 / Occupants: 0,Fatalities: 0 / Occupants: 0,,, Destroyed, Written off (damaged beyond repair),"Sarteneja airstrip (   Belize) 
", Standing (STD),Illegal Flight,?,?,,,Fatalities: 0 / Occupants: 0 
20191217-0,,Tuesday 17 December 2019,ca 11:00,Beechcraft B300 King Air 350,Ritch Air LLC,,,, N160RW, FL-226, 1998,,,,,Fatalities: 0 / Occupants: ,Fatalities: 0 / Occupants: ,,, Substantial,,"Visalia Airport, CA (VIS) (   United States of America) 
", Taxi (TXI),Unknown,"Visalia Airport, CA (VIS/KVIS), United States of America",?,,,Fatalities: 0 / Occupants: 2 
20191218-0,,Wednesday 18 December 2019,,Beechcraft 200 Super King Air,private,,,, registration unknown, , ,,,,,Fatalities: 0 / Occupants: ,Fatalities: 0 / Occupants: ,,, Destroyed, Written off (damaged beyond repair),"El Chico, Retalhuleu (   Guatemala) 
", Standing (STD),Illegal Flight,?,?,,,Fatalities: 0 / Occupants:  
20191218-1,,Wednesday 18 December 2019,09:15,Cessna 525A CitationJet CJ2,C-GHGR Holdings,,,, C-GOJG, 525A-0087, 2002,,,,,Fatalities: 0 / Occupants: 1,Fatalities: 0 / Occupants: 4,,, Substantial,,"near Scottsbluff, NE (   United States of America) 
", En route (ENR),Unknown,"Casper/Natrona County International Airport, WY (CPR/KCPR), United States of America","Scottsbluff-Western Nebraska Regional Airport/William B. Heilig Field, NE (BFF/KBFF), United States of America",,,Fatalities: 0 / Occupants: 5 
20191219-0,,Thursday 19 December 2019,06:00,Beechcraft A100 King Air,private,,,, YV1104, B-231, 1976,,,,,Fatalities: 2 / Occupants: 2,Fatalities: 7 / Occupants: 7,,, Destroyed, Written off (damaged beyond repair),"near Charallave-Óscar Machado Zuloaga Airport (   Venezuela) 
", Approach (APR),Private,"Guasipati Airport (SVGT), Venezuela","Charallave-Óscar Machado Zuloaga Airport (SVCS), Venezuela",,,Fatalities: 9 / Occupants: 9 
20191222-0,,Sunday 22 December 2019,18:59,Boeing 737-824 (WL),United Airlines,,,, N87513, 31621/2655, 2008-06-19  (11 years 6 months),,, 2 CFMI CFM56-7B26,,Fatalities: 0 / Occupants: 6,Fatalities: 0 / Occupants: 165,,, Substantial, Repaired,"Denver International Airport, CO (DEN) (   United States of America) 
", Landing (LDG),Domestic Scheduled Passenger,"Newark-Liberty International Airport, NJ (EWR/KEWR), United States of America","Denver International Airport, CO (DEN/KDEN), United States of America",UA2429,,Fatalities: 0 / Occupants: 171 
20191224-0,,Tuesday 24 December 2019,ca 07:30,Cessna 208B Grand Caravan,Calafia Airlines,,,, XA-TWN, 208B0931, 2003,,, 1 Pratt & Whitney Canada PT6A-114A,,Fatalities: 1 / Occupants: 1,Fatalities: 1 / Occupants: 1,,, Destroyed, Written off (damaged beyond repair),"near Tastiota (   Mexico) 
", En route (ENR),Domestic Scheduled Passenger,"Hermosillo-Gen Pesqueira Garcia Airport (HMO/MMHO), Mexico","Guerrero Negro Airport (GUB/MMGR), Mexico",A7872,,Fatalities: 2 / Occupants: 2 
20191227-0,Preliminary,Friday 27 December 2019,07:22,Fokker 100,Bek Air,,,, UP-F1007, 11496, 1996-04-09  (23 years 9 months),52771,, 2 Rolls-Royce Tay 650-15,,Fatalities: 1 / Occupants: 5,Fatalities: 11 / Occupants: 96,,, Destroyed, Written off (damaged beyond repair),"near Almaty Airport (ALA) (   Kazakhstan) 
", Takeoff (TOF),Domestic Scheduled Passenger,"Almaty Airport (ALA/UAAA), Kazakhstan","Nursultan Nazarbayev International Airport (TSE/UACC), Kazakhstan",Z92100,,Fatalities: 12 / Occupants: 101 
20191227-1,,Friday 27 December 2019,11:45,Cirrus SF50 Vision Jet,private,,,, N52CV, 0010, 2017,,, 1 Williams International FJ33-5A,,Fatalities: 0 / Occupants: 1,Fatalities: 0 / Occupants: 0,,, Substantial, Written off (damaged beyond repair),"Santa Monica Airport, CA (SMO) (   United States of America) 
", Standing (STD),Private,"Santa Monica Airport, CA (SMO/KSMO), United States of America","Carlsbad-McClellan-Palomar Airport, CA (CLD/KCRQ), United States of America",,,Fatalities: 0 / Occupants: 1 
20191228-0,,Saturday 28 December 2019,14:34,Let L-410UVP-E,Air Fast Congo,,,, 9S-GDX, 871816, 1987,,,,,Fatalities: 0 / Occupants: 2,Fatalities: 0 / Occupants: 16,,, Substantial,,"Kamina Airport (KMN) (   Democratic Republic of the Congo) 
", Landing (LDG),Domestic Scheduled Passenger,"Lubumbashi International Airport (FBM/FZQA), Democratic Republic of the Congo","Kamina Airport (KMN/FZSA), Democratic Republic of the Congo",,,Fatalities: 0 / Occupants: 18 
20191229-1,,Sunday 29 December 2019,08:23,Cessna 560XL Citation XLS,Sunny Sky,,,, LV-FQD, 560-5555, 2005,,,,,Fatalities: 0 / Occupants: ,Fatalities: 0 / Occupants: ,,, Substantial,,"6 km (3.8 mls) from  Otamendi, BA (   Argentina) 
", En route (ENR),Private,"San Fernando Airport, BA (FDO/SADF), Argentina","Comandante Nicanor Otamendi-Estancia La Venancia, BA, Argentina",,,Fatalities: 0 / Occupants: 9 
20190708-1,Preliminary - official,Monday 8 July 2019,15:05,Cessna 208B Grand Caravan,Grant Aviation,,,, N9448B, 208B0121, 1988,,, 1 Pratt & Whitney Canada PT6A-114A,,Fatalities: 0 / Occupants: 1,Fatalities: 0 / Occupants: 5,,, Destroyed, Written off (damaged beyond repair),"Bethel Airport, AK (BET) (   United States of America) 
", Landing (LDG),Domestic Scheduled Passenger,"Newtok Airport, AK (WWT/PAEW), United States of America","Bethel Airport, AK (BET/PABE), United States of America",GV262,,Fatalities: 0 / Occupants: 6 
20190708-2,,Monday 8 July 2019,18:30,Canadair CL-215-6B11 (CL-415),Gouvernement du Québec,,,, C-FAWQ, 1115, 1987,,,,,Fatalities: 0 / Occupants: 2,Fatalities: 0 / Occupants: 0,,, Substantial,,"83 km (51.9 mls) NW of Roberval Airport, QC (YRJ) (   Canada) 
", Landing (LDG),Fire fighting,"Roberval Airport, QC (YRJ/CYRJ), Canada","Roberval Airport, QC (YRJ/CYRJ), Canada",Q239,,Fatalities: 0 / Occupants: 2 
20190709-0,Preliminary,Tuesday 9 July 2019,ca 07:15,Airbus A320-214 (WL),easyJet Europe,,,, OE-IVQ, 7228, 2015-06-15  (4 years ),,, 2 CFMI CFM56-5B4/3,,Fatalities: 0 / Occupants: ,Fatalities: 0 / Occupants: ,,, Minor,,"Amsterdam-Schiphol International Airport (AMS) (   Netherlands) 
", Pushback / towing (PBT),International Scheduled Passenger,"Amsterdam-Schiphol International Airport (AMS/EHAM), Netherlands","London-Gatwick Airport (LGW/EGKK), United Kingdom",U28868,,Fatalities: 0 / Occupants:  
20190709-1,Preliminary,Tuesday 9 July 2019,ca 07:15,Boeing 737-8K2 (WL),KLM Royal Dutch Airlines,,,, PH-BXH, 29597/630, 2000-07-28  (19 years),,, 2 CFMI CFM56-7B24,,Fatalities: 0 / Occupants: ,Fatalities: 0 / Occupants: ,,, Minor,,"Amsterdam-Schiphol International Airport (AMS) (   Netherlands) 
", Pushback / towing (PBT),International Scheduled Passenger,"Amsterdam-Schiphol International Airport (AMS/EHAM), Netherlands","Madrid-Barajas Adolfo Suárez Airport (MAD/LEMD), Spain",KL1699,,Fatalities: 0 / Occupants:  
20190709-2,- (No safety board investigation),Tuesday 9 July 2019,,Antonov An-2,Unknown,,,, unreg., , ,,,,,Fatalities: 0 / Occupants: 1,Fatalities: 0 / Occupants: 0,,, Substantial, Written off (damaged beyond repair),"near Raduga, Novoaleksandrovsk District (   Russia) 
", En route (ENR),Agricultural,?,?,,,Fatalities: 0 / Occupants: 1 
20190712-0,Preliminary - official,Friday 12 July 2019,14:55,Cessna 525 CitationJet,,,,, N262BK, 525-0262, 1998,4811,, 2 Williams International FJ44-1A,,Fatalities: 0 / Occupants: 1,Fatalities: 0 / Occupants: 2,,, Substantial,,"Orlando Executive Airport, FL (ORL) (   United States of America) 
", Landing (LDG),Private,"Asheville Municipal Airport, NC (AVL/KAVL), United States of America","Orlando Executive Airport, FL (ORL/KORL), United States of America",,,Fatalities: 0 / Occupants: 3 
20190713-0,,Saturday 13 July 2019,,Beechcraft B200 Super King Air,Unknown,,,, registration unknown, , ,,,,,Fatalities: 0 / Occupants: 0,Fatalities: 0 / Occupants: 0,,, Destroyed, Written off (damaged beyond repair),"Graham Creek, Toledo (   Belize) 
", Standing (STD),Illegal Flight,?,?,,,Fatalities: 0 / Occupants: 0 
20190716-0,- (No safety board investigation),Tuesday 16 July 2019,,Antonov An-2,Unknown,,,, RA-3098K, , ,,,,,Fatalities: 0 / Occupants: 1,Fatalities: 0 / Occupants: 0,,, Damaged beyond repair,,"Novoshchedrinskaya, Chechnya (   Russia) 
", Unknown (UNK),Agricultural,?,?,,,Fatalities: 0 / Occupants: 1 
20190717-0,,Wednesday 17 July 2019,19:20,Cessna 550 Citation II,Avia Jet LLC,,,, N320JT, 550-0271, 1981,,, 2 Pratt & Whitney Canada JT15D-4,,Fatalities: 0 / Occupants: 1,Fatalities: 0 / Occupants: 0,,, Destroyed, Written off (damaged beyond repair),"Mesquite Municipal Airport, NV (   United States of America) 
", Landing (LDG),Unknown,"Pasco-Tri-Cities Airport, WA (PSC/KPSC), United States of America","Las Vegas-Henderson Sky Harbor Airport, NV (HSH/KHND), United States of America",,,Fatalities: 0 / Occupants: 1 
20190719-0,Preliminary - official,Friday 19 July 2019,17:12,de Havilland Canada DHC-8-402Q Dash 8,WestJet Encore,,,, C-FKWE, 4467, 2014,,, 2 Pratt & Whitney Canada PW150A,,Fatalities: 0 / Occupants: 4,Fatalities: 0 / Occupants: 70,,, Substantial,,"Edmonton International Airport, AB (YEG) (   Canada) 
", Landing (LDG),Domestic Scheduled Passenger,"Fort McMurray Airport, AB (YMM/CYMM), Canada","Edmonton International Airport, AB (YEG/CYEG), Canada",WS3362,,Fatalities: 0 / Occupants: 74 
20190720-0,,Saturday 20 July 2019,ca 08:15,ATR 42-500,Pakistan International Airlines - PIA,,,, AP-BHP, 665, 2007-06-05  (12 years 2 months),,, 2 Pratt & Whitney Canada PW127E,,Fatalities: 0 / Occupants: ,Fatalities: 0 / Occupants: ,,, Substantial,,"Gilgit Airport (GIL) (   Pakistan) 
", Landing (LDG),Domestic Scheduled Passenger,"Islamabad International Airport (ISB/OPIS), Pakistan","Gilgit Airport (GIL/OPGT), Pakistan",PK605,,Fatalities: 0 / Occupants:  
20190723-0,Preliminary - official,Tuesday 23 July 2019,11:28,Boeing 737-36N (WL),Air Peace,,,, 5N-BQO, 28571/3022, 1998-04-13  (21 years 4 months),45452,, 2 CFMI CFM56-3C1,31643,Fatalities: 0 / Occupants: 6,Fatalities: 0 / Occupants: 133,,, Substantial,,"Lagos-Murtala Muhammed International Airport (LOS) (   Nigeria) 
", Landing (LDG),Domestic Scheduled Passenger,"Port Harcourt Airport (PHC/DNPO), Nigeria","Lagos-Murtala Muhammed International Airport (LOS/DNMM), Nigeria",P47191,,Fatalities: 0 / Occupants: 139 
20190725-0,,Thursday 25 July 2019,ca 04:00,Ilyushin Il-76TD,Europe Air,,,, UR-CRP, 1013409303, 1992,,,,,Fatalities: 0 / Occupants: 0,Fatalities: 0 / Occupants: 0,,, Damaged beyond repair,,"Al Jufra Airbase (   Libya) 
", Standing (STD),-,-,-,,,Fatalities: 0 / Occupants: 0 
20190725-1,,Thursday 25 July 2019,ca 04:00,Ilyushin Il-76TD,Europe Air,,,, UR-CMC, 1013407230, 1991,,,,,Fatalities: 1 / Occupants: ,Fatalities: 0 / Occupants: 0,,, Damaged beyond repair,,"Al Jufra Airbase (   Libya) 
", Standing (STD),-,-,-,,,Fatalities: 1 / Occupants:  
20190726-0,,Friday 26 July 2019,11:04,Cessna 208 Caravan 675,Seair Seaplanes,,,, C-GURL, 20800501, 2008,,, 1 Pratt & Whitney Canada PT6A-114A,,Fatalities: 1 / Occupants: 1,Fatalities: 3 / Occupants: 8,,, Damaged beyond repair,,"Addenbroke Island, BC (   Canada) 
", En route (ENR),Domestic Non Scheduled Passenger,"Vancouver International Water Airport, BC, Canada","Hakai Pass Seaplane Base, BC (YHC), Canada",,,Fatalities: 4 / Occupants: 9 
20190727-0,,Saturday 27 July 2019,05:35,Swearingen SA227-AC Metro III,Sierra West Airlines,,,, N681TR, AC-682, 1987,,,,,Fatalities: 0 / Occupants: 3,Fatalities: 0 / Occupants: 0,,, Substantial,,"El Paso International Airport, TX (ELP) (   United States of America) 
", Landing (LDG),Training,"El Paso International Airport, TX (ELP/KELP), United States of America","El Paso International Airport, TX (ELP/KELP), United States of America",,,Fatalities: 0 / Occupants: 3 
20190730-0,,Tuesday 30 July 2019,c. 14:00,Beechcraft B300 King Air 350i,Pakistan Army Aviation Corps,,,, 766, 	FL-766, 2011,,,,,Fatalities: 5 / Occupants: 5,Fatalities: 0 / Occupants: 0,Fatalities: 14,, Destroyed, Written off (damaged beyond repair),"Mora Kalu, Rawalpindi (   Pakistan) 
", Unknown (UNK),Military,?,?,,,Fatalities: 5 / Occupants: 5 
20190730-1,,Tuesday 30 July 2019,,Antonov An-72P,Fuerza Aérea de Guinea Ecuatorial,,,, 032, 36576096926, 1992,,,,,Fatalities: 0 / Occupants: ,Fatalities: 0 / Occupants: ,,, Damaged beyond repair,,"off Grand Batanga (   Cameroon) 
", En route (ENR),Military,"Malabo-Santa Isabel Airport (SSG/FGSL), Equatorial Guinea","Bata Airport (BSG/FGBT), Equatorial Guinea",,,Fatalities: 0 / Occupants: 7 
20190730-2,Preliminary - official,Tuesday 30 July 2019,22:00,Airbus A319-114,Lufthansa,,,, D-AILR, 723, 1997-09-08  (21 years 11 months),,, 2 CFMI CFM56-5A5,,Fatalities: 0 / Occupants: ,Fatalities: 0 / Occupants: ,,, Substantial,,"Frankfurt International Airport (FRA) (   Germany) 
", Standing (STD),International Scheduled Passenger,"Frankfurt International Airport (FRA/EDDF), Germany","Nice-Côte d'Azur Airport (NCE/LFMN), France",LH1069,,Fatalities: 0 / Occupants:  
20190730-3,Final,Tuesday 30 July 2019,14:30,Avro RJ85,Cobham Aviation Services,,,, VH-NJW, E2329, 1998-06-13  (21 years 2 months),,, 4 Lycoming LF507-1F,,Fatalities: 0 / Occupants: 4,Fatalities: 0 / Occupants: 62,,, Substantial,,"Perth Airport, WA (PER) (   Australia) 
", Pushback / towing (PBT),Domestic Non Scheduled Passenger,"Perth Airport, WA (PER/YPPH), Australia","Granny Smith Airport, WA (YGRS), Australia",,,Fatalities: 0 / Occupants: 66 
20190731-0,,Wednesday 31 July 2019,,Bombardier CL-600-2D24 Regional Jet CRJ-900ER,,,American Eagle,, N947LR, 15116, 2007,22107,, 2 General Electric CF34-8C5,,Fatalities: 0 / Occupants: ,Fatalities: 0 / Occupants: ,,, Substantial, Repaired,"Dallas/Fort Worth International Airport, TX (DFW) (   United States of America) 
", Standing (STD),Domestic Scheduled Passenger,"Dallas/Fort Worth International Airport, TX (DFW/KDFW), United States of America",?,,,Fatalities: 0 / Occupants:  
20190801-0,Preliminary - official,Thursday 1 August 2019,13:55,Douglas C-118A Liftmaster (DC-6A),Everts Air Cargo,,,, N451CE, 43712/358, 1953,,,,,Fatalities: 0 / Occupants: 3,Fatalities: 0 / Occupants: 0,,, Substantial,,"Candle 2 Airport, AK (   United States of America) 
", Landing (LDG),Cargo,"Fairbanks International Airport, AK (FAI/PAFA), United States of America","Candle 2 Airport, AK, United States of America",5V25,,Fatalities: 0 / Occupants: 3 
20190802-0,,Friday 2 August 2019,15:30,Airbus A340-313,Edelweiss Air,,,, HB-JMF, 561, 2003-10-25  (15 years 10 months),,, 4 CFMI CFM56-5C4/P,,Fatalities: 0 / Occupants: ,Fatalities: 0 / Occupants: ,,, Substantial,,"Vancouver International Airport, BC (YVR) (   Canada) 
", Standing (STD),International Scheduled Passenger,"Zürich-Kloten Airport (ZRH/LSZH), Switzerland","Vancouver International Airport, BC (YVR/CYVR), Canada",WK11,,Fatalities: 0 / Occupants:  
20190802-1,,Friday 2 August 2019,15:30,Boeing 787-8 Dreamliner,Air Canada,,,, C-GHPU, 35259/174, 2014-07-10  (5 years ),,, 2 General Electric GEnx-1B,,Fatalities: 0 / Occupants: ,Fatalities: 0 / Occupants: ,,, Minor, Repaired,"Vancouver International Airport, BC (YVR) (   Canada) 
", Taxi (TXI),International Scheduled Passenger,"Vancouver International Airport, BC (YVR/CYVR), Canada","San Francisco International Airport, CA (SFO/KSFO), United States of America",AC566,,Fatalities: 0 / Occupants:  
20190804-0,,Sunday 4 August 2019,10:40,Antonov An-2,DOSAAF Tajikistan,,,, RT-15-305, , 1978,,,,,Fatalities: 1 / Occupants: 2,Fatalities: 0 / Occupants: 0,,, Damaged beyond repair,,"near Fakhrabad (   Tajikistan) 
", Landing (LDG),Parachuting,"Fakhrabad Airfield, Tajikistan","Fakhrabad Airfield, Tajikistan",,,Fatalities: 1 / Occupants: 2 
20190806-0,Preliminary - official,Tuesday 6 August 2019,00:36,Cessna 560XLS+ Citation XLS+,Aerowest,,,, D-CAWM, 560-6002, 2008,,, 2 Pratt & Whitney Canada PW545C,,Fatalities: 0 / Occupants: 3,Fatalities: 0 / Occupants: 7,,, Destroyed, Written off (damaged beyond repair),"Aarhus Airport (AAR) (   Denmark) 
", Landing (LDG),Int'l Non Scheduled Passenger,"Oslo-Gardermoen Airport (OSL/ENGM), Norway","Aarhus Airport (AAR/EKAH), Denmark",,,Fatalities: 0 / Occupants: 10 
20190806-1,,Tuesday 6 August 2019,00:17,Ilyushin Il-76TD,SkyAviatrans,,,, UR-COZ, 1023410355, 1992,,,,,Fatalities: 0 / Occupants: 8,Fatalities: 0 / Occupants: 0,,, Damaged beyond repair,,"Misrata International Airport (MRA) (   Libya) 
", Standing (STD),Cargo,"Ankara-Etimesgut Air Base (ANK/LTAD), Turkey","Misrata International Airport (MRA/HLMS), Libya",KTR7721,,Fatalities: 0 / Occupants: 8 
20190806-2,,Tuesday 6 August 2019,,Cessna 208B Grand Caravan,Tropical Air,,,, 5H-NOW, 208B2209, 2010,,,,,Fatalities: 0 / Occupants: 1,Fatalities: 0 / Occupants: 8,,, Destroyed, Written off (damaged beyond repair),"Mafia Airport (MFA) (   Tanzania) 
", Takeoff (TOF),Passenger,"Mafia Airport (MFA/HTMA), Tanzania","Dar es Salaam Julius Nyerere International Airport (DAR/HTDA), Tanzania",,,Fatalities: 0 / Occupants: 9 
20190806-3,,Tuesday 6 August 2019,12:08,Cessna 208B Grand Caravan,Alkan Air,,,, C-FSKF, 208B0673, 1998,,, 1 Pratt & Whitney Canada PT6A-114A,,Fatalities: 1 / Occupants: 1,Fatalities: 1 / Occupants: 1,,, Destroyed, Written off (damaged beyond repair),"46 km (28.8 mls) ENE of Mayo Airport, YT (YMA) (   Canada) 
", En route (ENR),Domestic Non Scheduled Passenger,"Rackla Airstrip, YT, Canada","Mayo Airport, YT (YMA/CYMA), Canada",,,Fatalities: 2 / Occupants: 2 
20190806-4,,Tuesday 6 August 2019,18:45,Cessna 510 Citation Mustang,private,,,, CC-ANR, 510-0455, 2014,,,,,Fatalities: 1 / Occupants: 1,Fatalities: 0 / Occupants: 0,,, Destroyed, Written off (damaged beyond repair),"near Los Ángeles-María Dolores Airport (LSQ) (   Chile) 
", Approach (APR),Private,"Concepción-Carriel Sur Airport (CCP/SCIE), Chile","Los Ángeles-María Dolores Airport (LSQ/SCGE), Chile",,,Fatalities: 1 / Occupants: 1 
20190806-5,Preliminary,Tuesday 6 August 2019,06:10 UTC,Boeing 737-924ER (WL),United Airlines,,,, N37437, 33532/2959, 2009-06-30  (10 years 1 months),,, 2 CFMI CFM56-7B26,,Fatalities: 0 / Occupants: ,Fatalities: 0 / Occupants: ,,, Minor, Repaired,"San Francisco International Airport, CA (SFO) (   United States of America) 
", Taxi (TXI),Domestic Scheduled Passenger,"San Francisco International Airport, CA (SFO/KSFO), United States of America",?,,,Fatalities: 0 / Occupants:  
20190806-6,Preliminary,Tuesday 6 August 2019,06:10 UTC,Airbus A320-232,United Airlines,,,, N432UA, 587, 1996-04-10  (23 years 4 months),,, 2 IAE V2527-A5,,Fatalities: 0 / Occupants: ,Fatalities: 0 / Occupants: ,,, Substantial, Repaired,"San Francisco International Airport, CA (SFO) (   United States of America) 
", Taxi (TXI),Domestic Scheduled Passenger,"San Francisco International Airport, CA (SFO/KSFO), United States of America",?,,,Fatalities: 0 / Occupants:  
20190807-0,,Wednesday 7 August 2019,,HS-125/BAe-125,unknown,,,, registration unknown, , ,,,,,Fatalities: 0 / Occupants: ,Fatalities: 0 / Occupants: ,,, Destroyed, Written off (damaged beyond repair),"Las Pilas, Champerico, Retalhuleu (   Guatemala) 
", Standing (STD),Illegal Flight,?,?,,,Fatalities: 0 / Occupants:  
20190808-0,,Thursday 8 August 2019,13:29,Airbus A321-211 (WL),Frontier Airlines,,,, N717FR, 7536, 2017-01-31  (2 years 6 months),,, 2 CFMI CFM56-5B3/3,,Fatalities: 0 / Occupants: ,Fatalities: 0 / Occupants: ,,, Substantial, Repaired,"Orlando International Airport, FL (MCO) (   United States of America) 
", Landing (LDG),Domestic Scheduled Passenger,"Portland International Jetport, ME (PWM/KPWM), United States of America","Orlando International Airport, FL (MCO/KMCO), United States of America",F91187,,Fatalities: 0 / Occupants: 232 
20190812-0,Final,Monday 12 August 2019,10:15,Boeing 787-9 Dreamliner,Norwegian Air UK,,,, G-CKWB, 38788/675, 2018,,, 2 Rolls-Royce Trent 1000-J3 Ten,,Fatalities: 0 / Occupants: 10,Fatalities: 0 / Occupants: 342,,, Minor, Repaired,"London-Gatwick Airport (LGW) (   United Kingdom) 
", Pushback / towing (PBT),International Scheduled Passenger,"London-Gatwick Airport (LGW/EGKK), United Kingdom","New York-John F. Kennedy International Airport, NY (JFK/KJFK), United States of America",DI7017,,Fatalities: 0 / Occupants: 352 
20190814-0,,Wednesday 14 August 2019,,Beechcraft Super King Air,Unknown,,,, XB-..., , ,,,,,Fatalities: 0 / Occupants: ,Fatalities: 0 / Occupants: ,,, Destroyed, Written off (damaged beyond repair),"El Ramonal, Chetumal, Quintana Roo (   Mexico) 
", Standing (STD),Illegal Flight,?,?,,,Fatalities: 0 / Occupants:  
20190815-0,,Thursday 15 August 2019,06:15,Airbus A321-211,Ural Airlines,,,, VQ-BOZ, 2117, 2003-12-16  (15 years 8 months),,, 2 CFMI CFM56-5B3/P,,Fatalities: 0 / Occupants: 7,Fatalities: 0 / Occupants: 226,,, Substantial, Written off (damaged beyond repair),"ca 4 km SE of Zhukovsky International Airport (ZIA) (   Russia) 
", Initial climb (ICL),Domestic Scheduled Passenger,"Zhukovsky International Airport (ZIA/UUBW), Russia","Simferopol Airport (SIP/URFF), Russia",U6178,,Fatalities: 0 / Occupants: 233 
20190815-1,Preliminary - official,Thursday 15 August 2019,15:40,Cessna 680A Citation Latitude,JRM Air LLC,,,, N8JR, 	680A-0010, 2015,1165,, 2 Pratt & Whitney Canada PW306D,,Fatalities: 0 / Occupants: 2,Fatalities: 0 / Occupants: 3,,, Destroyed, Written off (damaged beyond repair),"Elizabethton Municipal Airport, TN (   United States of America) 
", Landing (LDG),Private,"Statesville Municipal Airport, NC (SVH/KSVH), United States of America","Elizabethton Municipal Airport, TN, United States of America",,,Fatalities: 0 / Occupants: 5 
20190815-2,Preliminary - official,Thursday 15 August 2019,12:33,de Havilland Canada DHC-6 Twin Otter 300,Berry Aviation,,,, N322AV, 320, 1971,,, 2 Pratt & Whitney Canada PT6A-27,,Fatalities: 0 / Occupants: 3,Fatalities: 0 / Occupants: 0,,, Substantial,,"San Marcos Regional Airport, TX (   United States of America) 
", Landing (LDG),Training,"San Marcos Regional Airport, TX (KHYI), United States of America","San Marcos Regional Airport, TX (KHYI), United States of America",,,Fatalities: 0 / Occupants: 3 
20190816-0,,Friday 16 August 2019,10:30,de Havilland Canada DHC-8-200,SafariLink,,,, 5Y-SLM, 506, 1997,,, 2 Pratt & Whitney Canada PW123D,,Fatalities: 0 / Occupants: ,Fatalities: 0 / Occupants: ,,, Substantial,,"Kichwa Tembo Airstrip (   Kenya) 
", Landing (LDG),Domestic Scheduled Passenger,"Nairobi-Wilson Airport (WIL/HKNW), Kenya","Kichwa Tembo Airstrip, Kenya",,,Fatalities: 0 / Occupants:  
20190818-0,Preliminary,Sunday 18 August 2019,08:27 UTC,Boeing 757-251 (WL),Delta Air Lines,,,, N543US, 26490/709, 1996-04-22  (23 years 4 months),,, 2 Pratt & Whitney PW2037,,Fatalities: 0 / Occupants: ,Fatalities: 0 / Occupants: ,,, Substantial, Repaired,"Ponta Delgada-João Paulo II Airport, Azores (PDL) (   Portugal) 
", Landing (LDG),International Scheduled Passenger,"New York-John F. Kennedy International Airport, NY (JFK/KJFK), United States of America","Ponta Delgada-João Paulo II Airport, Azores (PDL/LPPD), Portugal",DL414,,Fatalities: 0 / Occupants:  
20190818-1,Preliminary,Sunday 18 August 2019,10:37,Cessna 208B Grand Caravan EX,Mokulele Airlines,,,, N879MA, 208B5019, 2013,,, 1 Pratt & Whitney Canada PT6A-140,,Fatalities: 0 / Occupants: 2,Fatalities: 0 / Occupants: 8,,, Substantial,,"Kapalua Airport, HI (JHM) (   United States of America) 
", Landing (LDG),Domestic Scheduled Passenger,"Honolulu-Daniel K. Inouye International Airport, HI (HNL/PHNL), United States of America","Kapalua Airport, HI (JHM/PHJH), United States of America",MW504,,Fatalities: 0 / Occupants: 10 
20190821-0,Preliminary - official,Wednesday 21 August 2019,	11:32,Cessna 560XL Citation Excel,Delta Private Jets,,,, N91GY, 560-5314, 2003,,, 2 Pratt & Whitney Canada PW545A,,Fatalities: 0 / Occupants: 2,Fatalities: 0 / Occupants: 8,,, Destroyed, Written off (damaged beyond repair),"Oroville Airport, CA (OVE) (   United States of America) 
", Takeoff (TOF),Domestic Non Scheduled Passenger,"Oroville Airport, CA (OVE/KOVE), United States of America","Portland International Airport, OR (PDX/KPDX), United States of America",DPJ91,,Fatalities: 0 / Occupants: 10 
20190821-1,,Wednesday 21 August 2019,05:15,Cessna 208B Cargomaster,Morningstar Air Express,,,, C-FEXE, 208B0244, 1990,,, 1 Pratt & Whitney Canada PT6A-114A,,Fatalities: 0 / Occupants: 1,Fatalities: 0 / Occupants: 0,,, Substantial,,"Vancouver International Airport, BC (YVR) (   Canada) 
", Taxi (TXI),Cargo,"Vancouver International Airport, BC (YVR/CYVR), Canada","Victoria International Airport, BC (YYJ/CYYJ), Canada",MAL8071,,Fatalities: 0 / Occupants: 1 
20190822-0,,Thursday 22 August 2019,,Airbus A380-861,Emirates,,,, A6-EOP, 200, 2015-05-12  (4 years 3 months),,, 4 Engine Alliance GP7270,,Fatalities: 0 / Occupants: 0,Fatalities: 0 / Occupants: 0,,, Substantial, Repaired,"Dubai Airport (DXB) (   United Arab Emirates) 
", Standing (STD),-,-,-,,,Fatalities: 0 / Occupants: 0 
20190823-0,,Friday 23 August 2019,,Antonov An-2T,Club Tiroler Adler,,,, OK-TIR, 1G157-10, 1974,,,,,Fatalities: 0 / Occupants: ,Fatalities: 0 / Occupants: ,,, Substantial,,"Gmunden Airfield (   Austria) 
", Landing (LDG),Ferry/positioning,?,"Gmunden Airfield (LOLU), Austria",,,Fatalities: 0 / Occupants: 4 
20190825-0,Preliminary - official,Sunday 25 August 2019,22:24,Lockheed C-130A Hercules,International Air Response,,,, N119TG, 3227, 1959,,,,,Fatalities: 0 / Occupants: 2,Fatalities: 0 / Occupants: 5,,, Substantial,,"Santa Barbara Airport, CA (SBA) (   United States of America) 
", Landing (LDG),Ferry/positioning,"Santa Maria Public Airport, CA (SMX/KSMX), United States of America","Phoenix-Mesa Gateway Airport, AZ (AZA/KIWA), United States of America",,,Fatalities: 0 / Occupants: 7 
20190827-0,,Tuesday 27 August 2019,,Cessna 560XL Citation Excel,Air Charter Services,,,, VT-AVV, 	560-5259, 2002,,,,,Fatalities: 0 / Occupants: 2,Fatalities: 0 / Occupants: 4,,, Destroyed, Written off (damaged beyond repair),"Aligarh Airport (   India) 
", Approach (APR),Ferry/positioning,"Delhi-Palam Airport (DEL/VIDP), India","Aligarh Airport (VIAH), India",,,Fatalities: 0 / Occupants: 6 
20190827-1,,Tuesday 27 August 2019,16:48,Airbus A330-343,Air China,,,, B-5958, 1587, 2014-11-21  (4 years 9 months),19007,, 2 Rolls-Royce Trent 772C-60,4596,Fatalities: 0 / Occupants: 14,Fatalities: 0 / Occupants: 147,,, Substantial, Written off (damaged beyond repair),"Beijing-Capital International Airport (PEK) (   China) 
", Standing (STD),International Scheduled Passenger,"Beijing-Capital International Airport (PEK/ZBAA), China","Tokyo-Haneda Airport (HND/RJTT), Japan",CA183,,Fatalities: 0 / Occupants: 161 
20190828-0,Final,Wednesday 28 August 2019,13:24,Antonov An-2R,private,,,, RA-40389, 1G223-13, 1987,,, 1 Shvetsov ASh-62IR,,Fatalities: 0 / Occupants: 1,Fatalities: 0 / Occupants: 0,,, Substantial,,"Selektsionny, Lgovsky district, Kursk region (   Russia) 
", Maneuvering (MNV),Agricultural,"Lgov Airstrip, Russia","Lgov Airstrip, Russia",,,Fatalities: 0 / Occupants: 1 
20190828-1,Preliminary - official,Wednesday 28 August 2019,17:01,Cessna 525 CitationJet CJ1+,Lenox Handels und Speditions GmbH,,,, D-ICEY, 525-0611, 2006,2434,, 2 Williams International FJ44-1AP,1953,Fatalities: 0 / Occupants: 1,Fatalities: 0 / Occupants: 0,,, Substantial,,"Egelsbach Airfield (QEF) (   Germany) 
", Landing (LDG),Private,"Hamburg-Fuhlsbüttel Airport (HAM/EDDH), Germany","Egelsbach Airfield (QEF/EDFE), Germany",,,Fatalities: 0 / Occupants: 1 
20190830-0,,Friday 30 August 2019,,Antonov An-2R,Aviaspektr,,,, RA-33061, 1G218-48, 1986,,,,,Fatalities: 0 / Occupants: 2,Fatalities: 2 / Occupants: 3,,, Damaged beyond repair,,"near Lake Siljan-Kuel (   Russia) 
", Unknown (UNK),Unknown,?,?,,,Fatalities: 2 / Occupants: 5 
20190831-0,Preliminary - official,Saturday 31 August 2019,11:10,Cessna 510 Citation Mustang,Star Jet LLC,,,, N551WH, 510-0055, 2008,,, 2 Pratt & Whitney Canada PW615F/A,,Fatalities: 0 / Occupants: 2,Fatalities: 0 / Occupants: 0,,, Substantial,,"El Monte-San Gabriel Valley Airport, CA (EMT) (   United States of America) 
", Takeoff (TOF),Unknown,"El Monte-San Gabriel Valley Airport, CA (EMT/KEMT), United States of America","Thermal Airport, CA (TRM/KTRM), United States of America",,,Fatalities: 0 / Occupants: 2 
20190901-0,,Sunday 1 September 2019,15:10,Beechcraft B300 King Air 350,Lionair Inc.,,,, RP-C2296, FL-196, 1998,,,,,Fatalities: 2 / Occupants: 2,Fatalities: 7 / Occupants: 7,,, Destroyed, Written off (damaged beyond repair),"Pansol, Calamba, Laguna (   Philippines) 
", En route (ENR),Ambulance,"Dipolog Airport (DPL/RPMG), Philippines","Manila-Ninoy Aquino International Airport (MNL/RPLL), Philippines",,,Fatalities: 9 / Occupants: 9 
20190901-1,,Sunday 1 September 2019,ca 01:00,Airbus A330-202,Libyan Airlines,,,, 5A-LAU, 1543, 2014-06-12  (5 years 3 months),,, 2 General Electric CF6-80E1A4,,Fatalities: 0 / Occupants: ,Fatalities: 0 / Occupants: ,,, Minor,,"Tripoli-Mitiga International Airport (MJI) (   Libya) 
", Landing (LDG),Int'l Non Scheduled Passenger,"Madinah-Mohammad Bin Abdulaziz Airport (MED/OEMA), Saudi Arabia","Tripoli-Mitiga International Airport (MJI/HLLM), Libya",LN1275,,Fatalities: 0 / Occupants:  
20190902-0,,Monday 2 September 2019,,British Aerospace BAe-125-700A,private,,,, XB-PTW, 257083, 1980,,,,,Fatalities: 2 / Occupants: 2,Fatalities: 0 / Occupants: 0,,, Destroyed, Written off (damaged beyond repair),"near Nueva Cajolá (   Guatemala) 
", Landing (LDG),Illegal Flight,?,?,,,Fatalities: 2 / Occupants: 2 
20190905-0,,Thursday 5 September 2019,ca 23:00,Cessna 560XLS+ Citation XLS+,Skyline Aviation,,,, OE-GES, 560-6036, 2009,,,,,Fatalities: 0 / Occupants: 0,Fatalities: 0 / Occupants: 0,,, Substantial,,"Milano-Malpensa Airport (MXP) (   Italy) 
", Taxi (TXI),Unknown,"Milano-Malpensa Airport (MXP/LIMC), Italy",?,,,Fatalities: 0 / Occupants: 0 
20190907-0,,Saturday 7 September 2019,11:07,ATR 72-212A (ATR 72-600),Regional Express Américas,,Avianca,, HK-5041, 1160, 2014-06-27  (5 years 2 months),,, 2 Pratt & Whitney Canada PW127N,,Fatalities: 0 / Occupants: 5,Fatalities: 0 / Occupants: 49,,, Substantial,,"Manizales-La Nubia Airport (MZL) (   Colombia) 
", Landing (LDG),Domestic Scheduled Passenger,"Bogotá-Eldorado Airport (BOG/SKBO), Colombia","Manizales-La Nubia Airport (MZL/SKMZ), Colombia",AV4852,,Fatalities: 0 / Occupants: 54 
20190911-0,Preliminary - official,Wednesday 11 September 2019,02:39,Convair CV-440,Ferreteria e Implementos San Francisco,,,, N24DR, 393, 1957,,, 2 Pratt & Whitney R-2800,,Fatalities: 2 / Occupants: 2,Fatalities: 0 / Occupants: 0,,, Destroyed, Written off (damaged beyond repair),"1 km (0.6 mls) ENE of Toledo-Express Airport, OH (TOL) (   United States of America) 
", Approach (APR),Cargo,"Millington-Memphis Airport, TN (NQA/KNQA), United States of America","Toledo-Express Airport, OH (TOL/KTOL), United States of America",,,Fatalities: 2 / Occupants: 2 
20190911-1,,Wednesday 11 September 2019,15:10,Cessna 208 Caravan I,,GoJump,,, D-FIDI, 20800301, 1999,,,,,Fatalities: 1 / Occupants: 1,Fatalities: 0 / Occupants: 0,,, Damaged beyond repair,,"near Gransee Airfield (   Germany) 
", Approach (APR),Parachuting,"Gransee Airfield (EDUG), Germany","Gransee Airfield (EDUG), Germany",,,Fatalities: 1 / Occupants: 1 
20190911-2,,Wednesday 11 September 2019,,British Aerospace BAe-125-700A,private,,,, XB-SMV, 257042, 1978,,,,,Fatalities: 0 / Occupants: ,Fatalities: 0 / Occupants: 0,,, Unknown,,"Chencoh, Hopelchén (   Mexico) 
", Landing (LDG),Illegal Flight,?,?,,,Fatalities: 0 / Occupants:  
20190916-0,,Monday 16 September 2019,12:26,Cessna 208B Grand Caravan,TwoFlex,,,, PT-MHC, 208B0543, 1996,,, 1 Pratt & Whitney Canada PT6A-114A,,Fatalities: 0 / Occupants: 2,Fatalities: 0 / Occupants: 8,,, Damaged beyond repair,,"near Manaus-Eduardo Gomes International Airport, AM (MAO) (   Brazil) 
", Takeoff (TOF),Passenger,"Manaus-Eduardo Gomes International Airport, AM (MAO/SBEG), Brazil","Maués Airport, AM (MBZ/SWMW), Brazil",,,Fatalities: 0 / Occupants: 10 
20190918-0,Preliminary,Wednesday 18 September 2019,ca 11:00,Viking Air DHC-6-400 Twin Otter,,,Rimbun Air,, PK-CDC, 950, 2016,,,,,Fatalities: 3 / Occupants: 3,Fatalities: 1 / Occupants: 1,,, Destroyed, Written off (damaged beyond repair),"10 km (6.3 mls) from  Kampung Mamontoga, Hoeya District, Mimika Regency (   Indonesia) 
", En route (ENR),Cargo,"Timika-Moses Kilangin (Tembagapura) Airport (TIM/WABP), Indonesia","Ilaga Airport (ILA/WABL), Indonesia",,,Fatalities: 4 / Occupants: 4 
20190920-0,,Friday 20 September 2019,12:30,Cessna 208B Grand Caravan,private,,,, N895SF, 208B0095, 1988,18426,,,,Fatalities: 0 / Occupants: 1,Fatalities: 0 / Occupants: 1,,, Substantial,,"Pepperell Airport, MA (   United States of America) 
", Landing (LDG),Parachuting,"Pepperell Airport, MA, United States of America","Pepperell Airport, MA, United States of America",,,Fatalities: 0 / Occupants: 2 
20190923-0,,Monday 23 September 2019,,Cessna 208B Grand Caravan,Auric Air,,,, 5H-AAM, 208B2430 ?, ,,,,,Fatalities: 1 / Occupants: 1,Fatalities: 1 / Occupants: 1,,, Destroyed, Written off (damaged beyond repair),"Seronera Airstrip (SEU) (   Tanzania) 
", Takeoff (TOF),Domestic Non Scheduled Passenger,"Seronera Airstrip (SEU/HTSN), Tanzania","Grumeti Game Reserve-Kirawira B Aerodrome (GTZ/HTGR), Tanzania",,,Fatalities: 2 / Occupants: 2 
20190924-0,,Tuesday 24 September 2019,09:30,Cessna 208 Caravan,Department of Royal Rainmaking and Agricultural Aviation,,,, 1917, 20800267, 1997,,, 1 Pratt & Whitney Canada PT6A-114,,Fatalities: 2 / Occupants: 2,Fatalities: 0 / Occupants: 0,,, Damaged beyond repair,,"Moo 2, Sai Yok District (   Thailand) 
", En route (ENR),Military,"Kanchanaburi-Surasi Air Base (VTBG), Thailand","Kanchanaburi-Surasi Air Base (VTBG), Thailand",,,Fatalities: 2 / Occupants: 2 
20190924-1,Preliminary,Tuesday 24 September 2019,,Cessna 208B Grand Caravan,Gobernación del Estado Bolívar,,,, YVO134, 208B0905, 2001,,, 1 Pratt & Whitney Canada PT6A-114A,,Fatalities: 0 / Occupants: 1,Fatalities: 0 / Occupants: 6,,, Substantial,,"San Salvador de Paúl Airstrip (   Venezuela) 
", Landing (LDG),Official state flight,"La Paragua Airport (SVPU), Venezuela","San Salvador de Paúl Airstrip (SVV), Venezuela",,,Fatalities: 0 / Occupants: 7 
20190930-0,,Monday 30 September 2019,ca 04:00,Gulfstream American G-1159 Gulfstream II B,private,,,, unreg., 199, 1977,,,,,Fatalities: 0 / Occupants: ,Fatalities: 0 / Occupants: ,,, Destroyed, Written off (damaged beyond repair),"Blue Creek, Orange Walk (   Belize) 
", Landing (LDG),Illegal Flight,?,?,,,Fatalities: 0 / Occupants:  
20190930-1,,Monday 30 September 2019,11:20,Antonov An-12BK,Cavok Air,,,, UR-CKL, 01348005, ,,,,,Fatalities: 0 / Occupants: ,Fatalities: 0 / Occupants: ,,, Substantial,,"Liverpool International Airport (LPL) (   United Kingdom) 
", Taxi (TXI),Cargo,"Liverpool International Airport (LPL/EGGP), United Kingdom","Göteborg-Torslanda Airport (GOT/ESGB), Sweden",,,Fatalities: 0 / Occupants:  
20191002-0,Preliminary - official,Wednesday 2 October 2019,09:53,Boeing B-17G Flying Fortress,The Collings Foundation,,,, N93012, 32216, 1944,11120,, 4 Wright R-1820-97,,Fatalities: 2 / Occupants: 3,Fatalities: 5 / Occupants: 10,,, Destroyed, Written off (damaged beyond repair),"Windsor Locks-Bradley International Airport, CT (BDL) (   United States of America) 
", Landing (LDG),Domestic Non Scheduled Passenger,"Windsor Locks-Bradley International Airport, CT (BDL/KBDL), United States of America","Windsor Locks-Bradley International Airport, CT (BDL/KBDL), United States of America",,,Fatalities: 7 / Occupants: 13 
20191004-0,Preliminary - official,Friday 4 October 2019,ca 06:48,Antonov An-12BK,Ukraine Air Alliance,,,, UR-CAH, 8345604, 1968,12922,, 4 Ivchenko AI-20M,6616,Fatalities: 5 / Occupants: 5,Fatalities: 0 / Occupants: 3,,, Substantial, Written off (damaged beyond repair),"1,3 km (0.8 mls) SE of Lviv-Danylo Halytskyi International Airport (LWO) (   Ukraine) 
", Approach (APR),Cargo,"Vigo Airport (VGO/LEVX), Spain","Lviv-Danylo Halytskyi International Airport (LWO/UKLL), Ukraine",UKL4050,,Fatalities: 5 / Occupants: 8 
20191007-0,Preliminary - official,Monday 7 October 2019,08:30,Honda HA-420 HondaJet,Pro by Air,,,, N166HJ, 42000066, 2017,,, 2 GE Honda HF120,,Fatalities: 0 / Occupants: 1,Fatalities: 0 / Occupants: 4,,, Substantial,,"Charleston International Airport, SC (CHS) (   United States of America) 
", Landing (LDG),Executive,"Fort Lauderdale-Executive Airport, FL (FXE/KFXE), United States of America","Charleston International Airport, SC (CHS/KCHS), United States of America",,,Fatalities: 0 / Occupants: 5 
20191007-1,Preliminary - official,Monday 7 October 2019,23:05,Hawker 800XP,Delta Private Jets,,,, N86MN, 258330, 1997,,, 2 Garrett TFE731-5BR-1H,,Fatalities: 0 / Occupants: 2,Fatalities: 0 / Occupants: 2,,, Substantial,,"Fort Myers-Southwest Florida International Airport, FL (RSW) (   United States of America) 
", Landing (LDG),Domestic Non Scheduled Passenger,"Naples Airport, FL (APF/KAPF), United States of America","Kerrville Airport, TX (ERV/KERV), United States of America",DPJ86,,Fatalities: 0 / Occupants: 4 
20191010-0,,Thursday 10 October 2019,ca 14:30 UTC,Antonov An-72,Air Force of the Democratic Republic of the Congo,,,, EK-72903, 36572020385, 1987,,,,,Fatalities: 4 / Occupants: 4,Fatalities: 4 / Occupants: 4,,, Destroyed, Written off (damaged beyond repair),"near Kole (   Democratic Republic of the Congo) 
", En route (ENR),Military,"Goma Airport (GOM/FZNA), Democratic Republic of the Congo","Kinshasa-N'Djili Airport (FIH/FZAA), Democratic Republic of the Congo",,,Fatalities: 8 / Occupants: 8 
20191011-0,,Friday 11 October 2019,09:00,Fokker 50,Silverstone Air Services,,,, 5Y-IZO, 20244, 1992-02-20  (27 years 8 months),,, 2 Pratt & Whitney Canada PW125B,,Fatalities: 0 / Occupants: 5,Fatalities: 0 / Occupants: 50,,, Damaged beyond repair,,"near Nairobi-Wilson Airport (WIL) (   Kenya) 
", Takeoff (TOF),Domestic Scheduled Passenger,"Nairobi-Wilson Airport (WIL/HKNW), Kenya","Mombasa-Moi International Airport (MBA/HKMO), Kenya",,,Fatalities: 0 / Occupants: 55 
20191011-1,,Friday 11 October 2019,19:00,de Havilland Canada DHC-6 Twin Otter 100,Skydive Georgia,,,, N166DH, 66, 1967,,,,,Fatalities: 0 / Occupants: ,Fatalities: 0 / Occupants: ,,, Substantial,,"Cedartown-Polk County Airport, GA (   United States of America) 
", Landing (LDG),Parachuting,"Cedartown-Polk County Airport, GA, United States of America","Cedartown-Polk County Airport, GA, United States of America",,,Fatalities: 0 / Occupants: 10 
20191017-0,Preliminary - official,Thursday 17 October 2019,17:40,Saab 2000,PenAir - Peninsula Airways,,,, N686PA, 017, 1995-04-09  (24 years 7 months),,, 2 Allison AE2100A,,Fatalities: 0 / Occupants: 3,Fatalities: 1 / Occupants: 39,,, Substantial,,"Unalaska-Tom Madsen Airport, AK (DUT) (   United States of America) 
", Landing (LDG),Domestic Scheduled Passenger,"Anchorage-Ted Stevens International Airport, AK (ANC/PANC), United States of America","Unalaska-Tom Madsen Airport, AK (DUT/PADU), United States of America",AS3296,,Fatalities: 1 / Occupants: 42 
20191018-0,,Friday 18 October 2019,16:45,Douglas DC-3C,Atlantic Air Cargo,,,, N437GB, 19999, 1944,,, 2 Pratt & Whitney R-1830,,Fatalities: 0 / Occupants: 2,Fatalities: 0 / Occupants: 0,,, Unknown,,"4 km (2.5 mls) off  Nassau-Lynden Pindling International Airport (NAS) (   Bahamas) 
", Approach (APR),Cargo,"Miami-Opa locka Executive Airport (OPF/KOPF), United States of America","Nassau-Lynden Pindling International Airport (NAS/MYNN), Bahamas",,,Fatalities: 0 / Occupants: 2 
20191018-1,,Friday 18 October 2019,,Airbus CC-150 Polaris (A310-300),Royal Canadian Air Force - RCAF,,,, 15001, 446, 1987-12-17  (31 years 10 months),,, 2 General Electric CF6-80C2A2,,Fatalities: 0 / Occupants: 0,Fatalities: 0 / Occupants: 0,,, Substantial,,"Trenton Canadian Forces Base, ON (YTR) (   Canada) 
", Pushback / towing (PBT),Military,-,-,,,Fatalities: 0 / Occupants: 0 
20191022-0,,Tuesday 22 October 2019,,Basler BT-67 Turbo 67 (DC-3T),Fuerza Aérea Salvadoreña,,,, FAS116, 33282/16534, 1944,,,,,Fatalities: 0 / Occupants: ,Fatalities: 0 / Occupants: ,,, Substantial,,"San Salvador/Ilopango International Airport (SAL) (   El Salvador) 
", Takeoff (TOF),Military,"San Salvador/Ilopango International Airport (SAL/MSSS), El Salvador",?,,,Fatalities: 0 / Occupants: 7 
20191022-1,,Tuesday 22 October 2019,16:46,Canadair CL-600-2B19 Regional Jet CRJ-200LR,Endeavor Air,,Delta Connection,, N8837B, 7837, 2003,,, 2 General Electric CF34-3B1,,Fatalities: 0 / Occupants: ,Fatalities: 0 / Occupants: ,,, Substantial,,"near Atlanta Hartsfield-Jackson International Airport, GA (ATL) (   United States of America) 
", Approach (APR),Domestic Scheduled Passenger,"Alexandria International Airport, LA (AEX/KAEX), United States of America","Atlanta Hartsfield-Jackson International Airport, GA (ATL/KATL), United States of America",DL5320,,Fatalities: 0 / Occupants:  
20191025-0,,Friday 25 October 2019,,Beechcraft 200 Super King Air,private,,,, registration unknown, , ,,,,,Fatalities: 0 / Occupants: ,Fatalities: 0 / Occupants: ,,, Substantial, Written off (damaged beyond repair),"Palajuyú, Sipacate, Escuintla (   Guatemala) 
", Landing (LDG),Illegal Flight,?,?,,,Fatalities: 0 / Occupants:  
20191026-0,,Saturday 26 October 2019,07:37,de Havilland Canada DHC-3T/M601 Turbine Otter,Blue Water Aviation Services,,,, C-GBTU, 209, 1957,,, 1 Walter M-601,,Fatalities: 1 / Occupants: 1,Fatalities: 2 / Occupants: 2,,, Damaged beyond repair,,"Family Lake, Little Grand Rapids First Nation, MB (   Canada) 
", Approach (APR),Domestic Non Scheduled Passenger,"Bissett Water Aerodrome, MB, Canada",?,,,Fatalities: 3 / Occupants: 3 
20191027-0,,Sunday 27 October 2019,ca 13:00,Let L-410UVP,Abeer Air Services,,,, YI-BYO, , ,,,,,Fatalities: 0 / Occupants: 2,Fatalities: 0 / Occupants: 2,,, Destroyed, Written off (damaged beyond repair),"Kolnyang County (   South Sudan) 
", En route (ENR),Cargo,"Walgak Airstrip, South Sudan","Bor Airport (HSBR), South Sudan",,,Fatalities: 0 / Occupants: 4 
20191027-1,,Sunday 27 October 2019,,Gulfstream Aerospace G-1159 Gulfstream II SP,private,,,, (N530GA), 247, 1979,,, 2 Rolls-Royce Spey 511,,Fatalities: 0 / Occupants: 0,Fatalities: 0 / Occupants: 0,,, Destroyed, Written off (damaged beyond repair),"Vista Hermosa, Ixcán (   Guatemala) 
", Standing (STD),Illegal Flight,?,?,,,Fatalities: 0 / Occupants: 0 
20191105-0,,Tuesday 5 November 2019,,Learjet 35A,USMX AirLink,,,, XA-VBD, 35A-287, 1980,,,,,Fatalities: 0 / Occupants: ,Fatalities: 0 / Occupants: ,,, Substantial,,"San Jose Cabo-Los Cabos Airport (SJD) (   Mexico) 
", Landing (LDG),Unknown,?,"San Jose Cabo-Los Cabos Airport (SJD/MMSD), Mexico",,,Fatalities: 0 / Occupants: 4 
20191111-0,,Monday 11 November 2019,07:43,Embraer EMB-145LR (ERJ-145LR),,,American Eagle,, N619AE, 145101, 1998,,, 2 Allison AE3007A1/2,,Fatalities: 0 / Occupants: 3,Fatalities: 0 / Occupants: 38,,, Unknown,,"Chicago-O'Hare International Airport, IL (ORD) (   United States of America) 
", Landing (LDG),Domestic Scheduled Passenger,"Greensboro/High Point Airport, NC (GSO/KGSO), United States of America","Chicago-O'Hare International Airport, IL (ORD/KORD), United States of America",AA4125,,Fatalities: 0 / Occupants: 41 
20191111-1,,Monday 11 November 2019,,British Aerospace BAe-125-700A,private,,,, (N237DX), 257148, 1981,13474,, 2 Garrett TFE731-3R-1H,11379,Fatalities: 0 / Occupants: 0,Fatalities: 0 / Occupants: 0,,, Destroyed, Written off (damaged beyond repair),"Petén (   Guatemala) 
", Standing (STD),Illegal Flight,?,?,,,Fatalities: 0 / Occupants: 0 
20191111-2,Preliminary - official,Monday 11 November 2019,,de Havilland Canada DHC-8-315Q MPA,Surveillance Australia,,Australian Border Force,, VH-ZZE, 640, 2006-12-11  (12 years 11 months),,, 2 Pratt & Whitney Canada PW123E,,Fatalities: 0 / Occupants: ,Fatalities: 0 / Occupants: ,,, Substantial,,"Darwin Airport, NT (DRW) (   Australia) 
", Takeoff (TOF),Survey/research,"Darwin Airport, NT (DRW/YPDN), Australia","Darwin Airport, NT (DRW/YPDN), Australia",,,Fatalities: 0 / Occupants:  
20191114-0,,Thursday 14 November 2019,ca 14:00,Cessna 550 Citation II,José João Abdalla Filho,,,, PT-LTJ, 550-0225, 1981,,,,,Fatalities: 0 / Occupants: 1,Fatalities: 5 / Occupants: 9,,, Destroyed, Written off (damaged beyond repair),"Maraú-Barra Grande Airport, BA (   Brazil) 
", Landing (LDG),Domestic Non Scheduled Passenger,"Jundiaí Airport, SP (QDV/SDJD), Brazil","Maraú-Barra Grande Airport, BA (SIRI), Brazil",,,Fatalities: 5 / Occupants: 10 
20191115-0,,Friday 15 November 2019,16:00,Cessna 525B CitationJet CJ3,Pilot Point Consultancy LLC,,,, N973CG, 525B-0391, 2012,,, 2 Williams International FJ44-3A,,Fatalities: 0 / Occupants: ,Fatalities: 0 / Occupants: ,,, Substantial,,"San Antonio International Airport, TX (SAT) (   United States of America) 
", Taxi (TXI),Unknown,"San Jose-Norman Y. Mineta International Airport (SJC/KSJC), United States of America","San Antonio International Airport, TX (SAT/KSAT), United States of America",,,Fatalities: 0 / Occupants: 4 
20191115-1,,Friday 15 November 2019,16:00,Cessna 560 Citation Encore,ETG Aviation LLC,,,, N777HW, 	560-0706, 2006,,, 2 Pratt & Whitney Canada PW535A,,Fatalities: 0 / Occupants: 0,Fatalities: 0 / Occupants: 0,,, Substantial,,"San Antonio International Airport, TX (SAT) (   United States of America) 
", Standing (STD),-,-,-,,,Fatalities: 0 / Occupants: 0 
20191116-0,,Saturday 16 November 2019,17:44,Boeing 777-3B5ER,Korean Air,,,, HL7204, 60380/1549, 2018-03-10  (1 year 8 months),7974,, 2 General Electric GE90-115B,1111,Fatalities: 0 / Occupants: ,Fatalities: 0 / Occupants: ,,, Substantial, Repaired,"Frankfurt International Airport (FRA) (   Germany) 
", Taxi (TXI),International Scheduled Passenger,"Seoul-Incheon International Airport (ICN/RKSI), South Korea","Frankfurt International Airport (FRA/EDDF), Germany",KE905,,Fatalities: 0 / Occupants: 261 
20191116-1,,Saturday 16 November 2019,17:44,Airbus A330-243,Air Namibia,,,, V5-ANO, 1451, 2013-08-23  (6 years 3 months),20467,, 2 Rolls-Royce Trent 772B-60,,Fatalities: 0 / Occupants: ,Fatalities: 0 / Occupants: ,,, Minor, Repaired,"Frankfurt International Airport (FRA) (   Germany) 
", Taxi (TXI),International Scheduled Passenger,"Windhoek-Hosea Kutako International Airport (WDH/FYWH), Namibia","Frankfurt International Airport (FRA/EDDF), Germany",KE905,,Fatalities: 0 / Occupants:  
20191121-0,,Thursday 21 November 2019,10:21,Gulfstream G150,Tahe Havacilik,,,, TC-AEH, 284, 2009,,,,,Fatalities: 0 / Occupants: ,Fatalities: 0 / Occupants: ,,, Substantial,,"Odessa-Central Airport (ODS) (   Ukraine) 
", Takeoff (TOF),Unknown,"Odessa-Central Airport (ODS/UKOO), Ukraine","Dubai Airport (DXB/OMDB), United Arab Emirates",,,Fatalities: 0 / Occupants:  
20191121-1,,Thursday 21 November 2019,20:55,Boeing 737-8F2 (WL),THY Turkish Airlines,,,, 	TC-JGZ, 35739/2654, 2008-06-16  (11 years 5 months),,, 2 CFMI CFM56-7B26,,Fatalities: 0 / Occupants: ,Fatalities: 0 / Occupants: ,,, Substantial,,"Odessa-Central Airport (ODS) (   Ukraine) 
", Landing (LDG),International Scheduled Passenger,"Istanbul-Atatürk International Airport (IST/LTBA), Turkey","Odessa-Central Airport (ODS/UKOO), Ukraine",TK467,,Fatalities: 0 / Occupants: 136 
20191122-0,,Friday 22 November 2019,19:16,Boeing 737-401,Avior - Aviones de Oriente,,,, YV3012, 23990/1732, 1989-06-02  (30 years 6 months),,, 2 CFMI CFM56-3B2,,Fatalities: 0 / Occupants: ,Fatalities: 0 / Occupants: ,,, Substantial,,"Bogotá-Eldorado Airport (BOG) (   Colombia) 
", Landing (LDG),International Scheduled Passenger,"Valencia Airport (VLN/SVVA), Venezuela","Bogotá-Eldorado Airport (BOG/SKBO), Colombia",9V1400,,Fatalities: 0 / Occupants:  
20191124-0,,Sunday 24 November 2019,09:07,Dornier 228-201,Busy Bee Congo,,,, 9S-GNH, 8030, 1984-05-06  (35 years 7 months),,, 2 Garrett TPE331-5-252D,,Fatalities: 2 / Occupants: 2,Fatalities: 18 / Occupants: 19,Fatalities: 6,, Destroyed, Written off (damaged beyond repair),"S of Goma Airport (GOM) (   Democratic Republic of the Congo) 
", Takeoff (TOF),Domestic Scheduled Passenger,"Goma Airport (GOM/FZNA), Democratic Republic of the Congo","Beni Airport (BNC/FZNP), Democratic Republic of the Congo",,,Fatalities: 20 / Occupants: 21 
20191124-1,,Sunday 24 November 2019,,Beechcraft 200 King Air,private,,,, (XB-PYB), , ,,,,,Fatalities: 0 / Occupants: ,Fatalities: 0 / Occupants: ,,, Damaged beyond repair,,"Saint-Jean du Sud (   Haiti) 
", Landing (LDG),Illegal Flight,?,?,,,Fatalities: 0 / Occupants:  
20191126-0,,Tuesday 26 November 2019,,Cessna 208 Grand Caravan,Tropicair,,,, registration unknown, , ,,,,,Fatalities: 0 / Occupants: 1,Fatalities: 0 / Occupants: 0,,, None,,"Gasmata (   Papua New Guinea) 
", Standing (STD),Domestic Scheduled Passenger,"Gasmata Island Airport (GMI), Papua New Guinea",?,,,Fatalities: 0 / Occupants: 1 
20190107-0,Final,Monday 7 January 2019,05:50,Saab 340B,RAF-AVIA,,,, YL-RAF, 	340B-228, 1991,,, 2 General Electric CT7-9B,,Fatalities: 0 / Occupants: 3,Fatalities: 0 / Occupants: 0,,, Substantial,,"Savonlinna Airport (SVL) (   Finland) 
", Landing (LDG),Ferry/positioning,"Riga International Airport (RIX/EVRA), Latvia","Savonlinna Airport (SVL/EFSA), Finland",MTL650P,,Fatalities: 0 / Occupants: 3 
20190112-0,Preliminary - official,Saturday 12 January 2019,ca 11:30,Canadair CL-600-2A12 Challenger 601,TW 601-C Investment LLC,,,, N813WT, 3016, 1983,,,,,Fatalities: 0 / Occupants: 3,Fatalities: 0 / Occupants: 6,,, Substantial,,"Ox Ranch Airport, TX (   United States of America) 
", Landing (LDG),Executive,"Dallas-Addison Airport, TX (ADS/KADS), United States of America","Ox Ranch Airport ,TX, United States of America",,,Fatalities: 0 / Occupants: 9 
20190114-0,,Monday 14 January 2019,ca 08:30,Boeing 707-3J9C,,Saha Air,,Islamic Republic of Iran Air Force - IRIAF, EP-CPP, 	21128/917, 1976,,, 4 Pratt & Whitney JT3D-3B,,Fatalities:  / Occupants: ,Fatalities:  / Occupants: ,,, Destroyed, Written off (damaged beyond repair),"Fat'h Airport (   Iran) 
", Landing (LDG),Cargo,"Bishkek-Manas International Airport (FRU/UCFM), Kyrgyzstan","Payam International Airport (PYK/OIIP), Iran",,,Fatalities: 15 / Occupants: 16 
20190116-0,,Wednesday 16 January 2019,ca 13:00,Cessna 208B Grand Caravan,Air Services Limited - ASL,,,, 8R-YAC, 208B0647, 1997,,, 1 Pratt & Whitney Canada PT6A-114A,,Fatalities: 0 / Occupants: ,Fatalities: 0 / Occupants: ,,, Substantial,,"Ogle Airport (OGL) (   Guyana) 
", Standing (STD),Domestic Scheduled Passenger,"Ogle Airport (OGL/SYGO), Guyana","Imbaimadai Airport (IMB/SYIB), Guyana",,,Fatalities: 0 / Occupants:  
20190121-0,Preliminary - official,Monday 21 January 2019,09:12,Aero Modifications AMI DC-3-65TP,Priority Air Charter,,,, N467KS, 20175, 1944,,, 2 Pratt & Whitney Canada PT6A-65AR,,Fatalities: 2 / Occupants: 2,Fatalities: 0 / Occupants: 0,,, Substantial, Written off (damaged beyond repair),"SE of Kidron-Stoltzfus Airfield, OH (   United States of America) 
", Initial climb (ICL),Ferry/positioning,"Kidron-Stoltzfus Airfield, OH, United States of America","Akron/Canton Regional Airport, OH (CAK/KCAK), United States of America",,,Fatalities: 2 / Occupants: 2 
20190121-1,,Monday 21 January 2019,,Boeing 737-330 (QC),Serve Air,,,, 9S-AHJ, 24283/1677, 1989-02-06  (30 years),,, 2 CFMI CFM56-3B1,,Fatalities: 0 / Occupants: ,Fatalities: 0 / Occupants: ,,, Substantial,,"Kinshasa-N'Djili Airport (FIH) (   Democratic Republic of the Congo) 
", Landing (LDG),Cargo,"Goma Airport (GOM/FZNA), Democratic Republic of the Congo","Kinshasa-N'Djili Airport (FIH/FZAA), Democratic Republic of the Congo",,,Fatalities: 0 / Occupants:  
20190122-0,- (No safety board investigation),Tuesday 22 January 2019,,Boeing 737-8LJ (WL),Aeroflot Russian International Airlines,,,, VP-BRR, 41197/4710, 2013-11-21  (5 years 2 months),,, 2 CFMI CFM56-7B26E,,Fatalities: 0 / Occupants: 7,Fatalities: 0 / Occupants: 69,,, None,,"Khanty-Mansiysk International Airport (HMA) (   Russia) 
", En route (ENR),Domestic Scheduled Passenger,"Surgut Airport (SGC/USRR), Russia","Moskva-Sheremetyevo Airport (SVO/UUEE), Russia",SU1515,,Fatalities: 0 / Occupants: 76 
20190123-0,Final,Wednesday 23 January 2019,21:34,de Havilland Canada DHC-8-102 Dash 8,Air Creebec,,,, C-GTCO, 119, 1988-09-30  (30 years 4 months),43522,, 2 Pratt & Whitney Canada PW120A,,Fatalities: 0 / Occupants: 3,Fatalities: 0 / Occupants: 6,,, Substantial, Repaired,"Rouyn Airport, QC (YUY) (   Canada) 
", Takeoff (TOF),Domestic Scheduled Passenger,"Rouyn Airport, QC (YUY/CYUY), Canada","Montreal-Pierre Elliott Trudeau International Airport, QC (YUL/CYUL), Canada",YN926,,Fatalities: 0 / Occupants: 9 
20190126-0,,Saturday 26 January 2019,ca. 11:00,Airbus A321-231,Onur Air,,,, TC-OEB, 968, 1999-02-18  (20 years),,, 2 IAE V2533-A5,,Fatalities: 0 / Occupants: 0,Fatalities: 0 / Occupants: 0,,, Substantial, Written off (damaged beyond repair),"Antalya Airport (AYT/LTAI) (   Turkey) 
", Standing (STD),-,-,"Antalya Airport (AYT/LTAI), Turkey",,,Fatalities: 0 / Occupants: 0 
20190128-0,Final,Monday 28 January 2019,17:25,ATR 72-212A (ATR 72-500),,,Air Europa,, EC-LYJ, 468, 1996-01-19  (23 years ),32100,, 2 Pratt & Whitney Canada PW127F,,Fatalities: 0 / Occupants: 4,Fatalities: 0 / Occupants: 61,,, Substantial, Repaired,"Palma de Mallorca Airport (PMI) (   Spain) 
", Landing (LDG),Domestic Scheduled Passenger,"Valencia Airport (VLC/LEVC), Spain","Palma de Mallorca Airport (PMI/LEPA), Spain",UX4014,,Fatalities: 0 / Occupants: 65 
20190128-1,Preliminary - official,Monday 28 January 2019,20:08,Boeing 727-2B6F Adv.,Kalitta Charters,,,, N720CK, 21298/1246, 1977,57932,, 3 Pratt & Whitney JT8D-15,,Fatalities: 0 / Occupants: 4,Fatalities: 0 / Occupants: 0,,, Substantial,,"Tuscaloosa Regional Airport, AL (TCL) (   United States of America) 
", Landing (LDG),Cargo,"Laredo International Airport, TX (LRD/KLRD), United States of America","Tuscaloosa Regional Airport, AL (TCL/KTCL), United States of America",K9720,,Fatalities: 0 / Occupants: 4 
20190129-0,Preliminary - official,Tuesday 29 January 2019,18:11,Beechcraft B200 Super King Air,Guardian Flight,,,, N13LY, BB-1718, 2000,,,,,Fatalities: 3 / Occupants: 3,Fatalities: 0 / Occupants: 0,,, Destroyed, Written off (damaged beyond repair),"32 km (20 mls) W off  Kake, AK (   United States of America) 
", En route (ENR),Ambulance,"Anchorage-Ted Stevens International Airport, AK (ANC/PANC), United States of America","Kake Airport, AK (PAFE), United States of America",,,Fatalities: 3 / Occupants: 3 
20190130-0,Preliminary,Wednesday 30 January 2019,ca 09:12,Beechcraft 200 Super King Air,Air Tindi,,,, C-GTUC, BB-268, 1977,,,,,Fatalities: 2 / Occupants: 2,Fatalities: 0 / Occupants: 0,,, Destroyed, Written off (damaged beyond repair),"ca 30 km from Whatì/Lac La Martre Airport, NT (YLE) (   Canada) 
", En route (ENR),Unknown,"Yellowknife Airport, NT (YZF/CYZF), Canada","Whatì/Lac La Martre Airport, NT (YLE), Canada",TIN503,,Fatalities: 2 / Occupants: 2 
20190204-0,,Monday 4 February 2019,,Boeing 737-300,Tarco Airlines,,Sudan Airways,, registration unknown, , ,,,,,Fatalities: 0 / Occupants: ,Fatalities: 0 / Occupants: ,,, None,,"Khartoum-Civil Airport (   Sudan) 
", En route (ENR),International Scheduled Passenger,"Cairo International Airport (CAI/HECA), Egypt","Khartoum-Civil Airport (KRT/HSSS), Sudan",SD103,,Fatalities: 0 / Occupants: 91 
20190208-0,Preliminary - official,Friday 8 February 2019,12:16,Convair C-131B Samaritan,Conquest Air Cargo,,,, N145GT, 256, 1955,,, 2 Pratt & Whitney R-2800,,Fatalities: 1 / Occupants: 2,Fatalities: 0 / Occupants: 0,,, Destroyed, Written off (damaged beyond repair),"21 km (13.1 mls) E off  Bay Harbor Islands, FL (   United States of America) 
", En route (ENR),Cargo,"Nassau-Lynden Pindling International Airport (NAS/MYNN), Bahamas","Miami-Opa locka Executive Airport (OPF/KOPF), United States of America",QAI504,,Fatalities: 1 / Occupants: 2 
20190208-1,Final,Friday 8 February 2019,19:07,Airbus A321-251N,Novair,,,, SE-RKA, 7746, 2017-06-23  (1 year 8 months),,, 2 CFMI LEAP-1A32,,Fatalities: 0 / Occupants: 7,Fatalities: 0 / Occupants: 205,,, Substantial, Repaired,"Billund Airport (BLL) (   Denmark) 
", Landing (LDG),International Scheduled Passenger,"Lanzarote Airport (ACE/GCRR), Spain","Billund Airport (BLL/EKBI), Denmark",N9158,,Fatalities: 0 / Occupants: 212 
20190209-0,,Saturday 9 February 2019,,Embraer ERJ 190AR (ERJ-190-100 IGW),Kenya Airways,,,, 5Y-KYR, 19000468, 2011-08-19  (7 years 6 months),,, 2 General Electric CF34-10E6,,Fatalities: 0 / Occupants: ,Fatalities: 0 / Occupants: ,,, Substantial,,"Nairobi-Jomo Kenyatta International Airport (NBO) (   Kenya) 
", Standing (STD),-,-,-,,,Fatalities: 0 / Occupants:  
20190209-1,,Saturday 9 February 2019,,Embraer ERJ 190AR (ERJ-190-100 IGW),Kenya Airways,,,, 5Y-FFF, 19000594, 2013,,, 2 General Electric CF34-10E6,,Fatalities: 0 / Occupants: ,Fatalities: 0 / Occupants: ,,, Substantial,,"Nairobi-Jomo Kenyatta International Airport (NBO) (   Kenya) 
", Standing (STD),-,-,-,,,Fatalities: 0 / Occupants:  
20190211-0,Preliminary - official,Monday 11 February 2019,10:06,Raytheon Beechjet 400A,Stein's Aircraft Services,,,, N750TA, RK-226, 1999,,, 2 Pratt & Whitney Canada JT15D-5,,Fatalities: 0 / Occupants: 2,Fatalities: 0 / Occupants: 1,,, Substantial,,"Richmond Municipal Airport, IN (RID) (   United States of America) 
", Landing (LDG),Executive,"Waukesha Airport, WI (UES/KUES), United States of America","Richmond Municipal Airport, IN (RID/KRID), United States of America",,,Fatalities: 0 / Occupants: 3 
20190213-0,Preliminary,Wednesday 13 February 2019,09:45,Boeing 747-406M,KLM Royal Dutch Airlines,,,, PH-BFV, 28460/1225, 1999-08-03  (19 years 7 months),,, 4 General Electric CF6-80C2B1F,,Fatalities: 0 / Occupants: ,Fatalities: 0 / Occupants: ,,, Minor, Repaired,"Amsterdam-Schiphol International Airport (AMS) (   Netherlands) 
", Pushback / towing (PBT),International Scheduled Passenger,"Amsterdam-Schiphol International Airport (AMS/EHAM), Netherlands","Los Angeles International Airport, CA (LAX/KLAX), United States of America",KL601,,Fatalities: 0 / Occupants:  
20190213-1,Preliminary,Wednesday 13 February 2019,09:45,Boeing 787-9 Dreamliner,KLM Royal Dutch Airlines,,,, PH-BHA, 36113/356, 1999-08-03  (19 years 7 months),,, 2 General Electric CF6-80C2B1F,,Fatalities: 0 / Occupants: ,Fatalities: 0 / Occupants: ,,, Minor, Repaired,"Amsterdam-Schiphol International Airport (AMS) (   Netherlands) 
", Standing (STD),International Scheduled Passenger,"Amsterdam-Schiphol International Airport (AMS/EHAM), Netherlands","Atlanta Hartsfield-Jackson International Airport, GA (ATL/KATL), United States of America",KL623,,Fatalities: 0 / Occupants:  
20190223-0,Preliminary - official,Saturday 23 February 2019,12:39,Boeing 767-375ER (BCF) (WL),,,Amazon Prime Air,, N1217A, 25865/430, 1992-04-21  (26 years 10 months),91063,, 2 General Electric CF6-80C2B6F,23316,Fatalities: 2 / Occupants: 2,Fatalities: 1 / Occupants: 1,,, Destroyed, Written off (damaged beyond repair),"Trinity Bay, near Anahuac, TX (   United States of America) 
", En route (ENR),Cargo,"Miami International Airport, FL (MIA/KMIA), United States of America","Houston-George Bush Intercontinental Airport, TX (IAH/KIAH), United States of America",5Y3591,,Fatalities: 3 / Occupants: 3 
20190224-0,,Sunday 24 February 2019,,Boeing 737-8E9 (WL),Biman Bangladesh Airlines,,,, S2-AHV, 40335/5715, 2015-12-11  (3 years 3 months),,, 2 CFMI CFM56-7BE,,Fatalities: 0 / Occupants: 14,Fatalities: 1 / Occupants: 134,,, Minor,,"Chittagong-Shah Amanat International Airport (CGP) (   Bangladesh) 
", En route (ENR),Domestic Scheduled Passenger,"Dhaka-Shahjalal International Airport (DAC/VGHS), Bangladesh","Chittagong-Shah Amanat International Airport (CGP/VGEG), Bangladesh",BG147,,Fatalities: 1 / Occupants: 148 
20190226-0,Preliminary - official,Tuesday 26 February 2019,12:44,Gulfstream G200 Galaxy,Silk Way Business Aviation,,,, 4K-AZ88, 189, 2008,4174,, 2 Pratt & Whitney Canada PW306A,1787,Fatalities: 0 / Occupants: 3,Fatalities: 0 / Occupants: 3,,, Substantial,,"Moskva-Sheremetyevo Airport (SVO) (   Russia) 
", Landing (LDG),Executive,"Baku-Heydar Aliyev International Airport (GYD/UBBB), Azerbaijan","Moskva-Sheremetyevo Airport (SVO/UUEE), Russia",ESW88,,Fatalities: 0 / Occupants: 6 
20190301-0,Preliminary,Friday 1 March 2019,20:00,Airbus A320-214,LaudaMotion,,,, OE-LOA, 3147, 2007-05-09  (11 years 10 months),,, 2 CFMI CFM56-5B4/P,,Fatalities: 0 / Occupants: 6,Fatalities: 0 / Occupants: 169,,, Substantial,,"London-Stansted Airport (STN) (   United Kingdom) 
", Takeoff (TOF),International Scheduled Passenger,"London-Stansted Airport (STN/EGSS), United Kingdom","Wien-Schwechat International Airport (VIE/LOWW), Austria",OE327,,Fatalities: 0 / Occupants: 175 
20190303-0,,Sunday 3 March 2019,08:56,Beechcraft 1900D,Tassili Airlines,,,, 7T-VIO, UE-366, 1999,,, 2 Pratt & Whitney Canada PT6A-67D,,Fatalities: 0 / Occupants: 3,Fatalities: 0 / Occupants: 13,,, Substantial,,"Ouargla-Ain Beida Airport (OGX) (   Algeria) 
", Landing (LDG),Domestic Non Scheduled Passenger,?,"Ouargla-Ain Beida Airport (OGX/DAUU), Algeria",,,Fatalities: 0 / Occupants: 16 
20190303-1,,Sunday 3 March 2019,16:00,Honda HA-420 HondaJet,,,,, N105HJ, 105, 2019,36,, 2 GE Honda HF120,,Fatalities: 0 / Occupants: 0,Fatalities: 0 / Occupants: 0,,, Damaged beyond repair,,"Eufaula-Weedon Field, AL (EUF) (   United States of America) 
", Standing (STD),-,-,-,,,Fatalities: 0 / Occupants: 0 
20190304-0,Preliminary - official,Monday 4 March 2019,11:43,Embraer EMB-145XR,CommutAir,,United Express,, N14171, 14500859, 2004,,, 2 Allison AE3007A1,,Fatalities: 0 / Occupants: 3,Fatalities: 0 / Occupants: 28,,, Substantial,,"Presque Isle-Northern Maine Regional Airport, ME (PQI) (   United States of America) 
", Landing (LDG),Domestic Scheduled Passenger,"Newark-Liberty International Airport, NJ (EWR/KEWR), United States of America","Presque Isle-Northern Maine Regional Airport, ME (PQI/KPQI), United States of America",UA4933,,Fatalities: 0 / Occupants: 31 
20190304-1,Final,Monday 4 March 2019,14:14,Cessna 208B Grand Caravan,Amik Aviation,,,, C-FAFV, 208B0528, 1996,,, 1 Pratt & Whitney Canada PT6A-114A,,Fatalities: 0 / Occupants: 1,Fatalities: 0 / Occupants: 6,,, Substantial,,"1,4 km (0.9 mls) S of Little Grand Rapids Airport, MB (ZGR) (   Canada) 
", Approach (APR),Domestic Non Scheduled Passenger,"Winnipeg/St. Andrews Airport, MB (CYAV), Canada","Little Grand Rapids Airport, MB (ZGR/CZGR), Canada",,,Fatalities: 0 / Occupants: 7 
20190307-0,Preliminary - official,Thursday 7 March 2019,19:00,Learjet 35A,Baires Fly,,,, LV-BNR, 35-373, 1981,,,,,Fatalities: 0 / Occupants: ,Fatalities: 0 / Occupants: ,,, Substantial,,"Buenos Aires-Jorge Newbery Airport, BA (AEP) (   Argentina) 
", Landing (LDG),Domestic Non Scheduled Passenger,"Rosario-Islas Malvinas International Airport, SF (ROS/SAAR), Argentina","Buenos Aires-Jorge Newbery Airport, BA (AEP/SABE), Argentina",,,Fatalities: 0 / Occupants: 4 
20190309-0,Preliminary - official,Saturday 9 March 2019,10:36,Douglas DC-3,LASER Aéreo Colombia,,,, HK-2494, 33105/16357, 1945,27308,,,,Fatalities: 3 / Occupants: 3,Fatalities: 11 / Occupants: 11,,, Destroyed, Written off (damaged beyond repair),"Finca La Bendición, San Martín (   Colombia) 
", En route (ENR),Domestic Non Scheduled Passenger,"San Jose del Guaviare-Jorge E. González T. Airport (SJE/SKSJ), Colombia","Villavicencio Airport (VVC/SKVV), Colombia",,,Fatalities: 14 / Occupants: 14 
20190309-1,,Saturday 9 March 2019,15:47,Gulfstream G-IV,Waffle House Inc.,,,, N505GF, 1275, 1995,,, 2 Rolls-Royce Tay 611-8,,Fatalities: 0 / Occupants: 2,Fatalities: 0 / Occupants: 12,,, Substantial,,"Atlanta-DeKalb Peachtree Airport, GA (PDK) (   United States of America) 
", Landing (LDG),Executive,"Bozeman Yellowstone International Airport, MT (BZN/KBZN), United States of America","Atlanta-DeKalb Peachtree Airport, GA (PDK/KPDK), United States of America",,,Fatalities: 0 / Occupants: 14 
20190310-0,Preliminary - official,Sunday 10 March 2019,08:44,Boeing 737 MAX 8,Ethiopian Airlines,,,, ET-AVJ, 62450/7243, 2018-10-30  (4 months),1330,, 2 CFMI LEAP-1B,382,Fatalities: 8 / Occupants: 8,Fatalities: 149 / Occupants: 149,,, Destroyed, Written off (damaged beyond repair),"50 km (31.3 mls) ESE of Addis Ababa-Bole Airport (ADD) (   Ethiopia) 
", En route (ENR),International Scheduled Passenger,"Addis Ababa-Bole Airport (ADD/HAAB), Ethiopia","Nairobi-Jomo Kenyatta International Airport (NBO/HKJK), Kenya",ET302,,Fatalities: 157 / Occupants: 157 
20190310-1,- (No safety board investigation),Sunday 10 March 2019,,Hawker Siddeley HS-125-600A,private,,,, fake reg., 256046, ,,,,,Fatalities: 1 / Occupants: 2,Fatalities: 0 / Occupants: 0,,, Damaged beyond repair,,"near San Pedro Peralta, Chetumal, Quintana Roo (   Mexico) 
", Landing (LDG),Illegal Flight,?,?,,,Fatalities: 1 / Occupants: 2 
20190310-2,,Sunday 10 March 2019,09:45,Bombardier CL-600-2C10 Regional Jet CRJ-702ER,PSA Airlines,,American Eagle,, N530EA, 10308, 2010,,, 2 General Electric CF34-8C5B1,,Fatalities: 0 / Occupants: ,Fatalities: 0 / Occupants: ,,, Substantial,,"Charlotte-Douglas International Airport, NC (CLT) (   United States of America) 
", Taxi (TXI),Domestic Scheduled Passenger,"Charlotte-Douglas International Airport, NC (CLT/KCLT), United States of America","Augusta-Bush Field, GA (AGS/KAGS), United States of America",AA5141,,Fatalities: 0 / Occupants:  
20190310-3,,Sunday 10 March 2019,09:45,Bombardier CL-600-2D24 Regional Jet CRJ-900LR,PSA Airlines,,American Eagle,, N569NN, 15356, 2015-02-18  (4 years ),,, 2 General Electric CF34-8C5,,Fatalities: 0 / Occupants: ,Fatalities: 0 / Occupants: ,,, Substantial,,"Charlotte-Douglas International Airport, NC (CLT) (   United States of America) 
", Taxi (TXI),Domestic Scheduled Passenger,"Charlotte-Douglas International Airport, NC (CLT/KCLT), United States of America","Nashville International Airport, TN (BNA/KBNA), United States of America",AA5366,,Fatalities: 0 / Occupants:  
20190311-0,,Monday 11 March 2019,,de Havilland Canada CC-138 Twin Otter (DHC-6),Royal Canadian Air Force - RCAF,,,, 13803, 305, 1971,,,,,Fatalities: 0 / Occupants: 4,Fatalities: 0 / Occupants: 3,,, Substantial,,"140 km (87.5 mls) N Inuvik, NT (   Canada) 
", Landing (LDG),Military,?,?,,,Fatalities: 0 / Occupants: 7 
20190312-0,Preliminary,Tuesday 12 March 2019,13:35,Beechcraft A100 King Air,Golden Wings Aviation Inc.,,,, N945WS, B-94, 1972,,,,,Fatalities: 0 / Occupants: 2,Fatalities: 0 / Occupants: 2,,, Substantial,,"Latrobe-Westmoreland County Airport, PA (LBE) (   United States of America) 
", Landing (LDG),Executive,"Harrisburg-Capital City Airport, PA (HAR/KCXY), United States of America","Monongahela-Rostraver Airport, PA (KFWQ), United States of America",,,Fatalities: 0 / Occupants: 4 
20190314-0,Preliminary,Thursday 14 March 2019,22:15,Cessna 650 Citation III,RP Sales and Leasing Inc.,,,, N220CM, 650-0160, 1988,,,,,Fatalities: 0 / Occupants: 2,Fatalities: 0 / Occupants: 2,,, Substantial,,"Orlando Sanford International Airport, FL (SFB) (   United States of America) 
", Taxi (TXI),Private,"Charleston-Yeager Airport, WV (CRW/KCRW), United States of America","Orlando Sanford International Airport, FL (SFB/KSFB), United States of America",,,Fatalities: 0 / Occupants: 4 
20190318-0,,Monday 18 March 2019,03:12,Bombardier BD-100-1A10 Challenger 300,Berjaya Air,,,, 9M-TST, 20135, 2006,,,,,Fatalities: 0 / Occupants: ,Fatalities: 0 / Occupants: ,Fatalities: 1,, Substantial,,"Kuala Lumpur-Sultan Abdul Aziz Shah Airport (SZB) (   Malaysia) 
", Landing (LDG),Executive,"Jaipur-Sanganer Airport (JAI/VIJP), India","Kuala Lumpur-Sultan Abdul Aziz Shah Airport (SZB/WMSA), Malaysia",,,Fatalities: 0 / Occupants:  
20190318-1,Preliminary - official,Monday 18 March 2019,15:37,IAI 1124 Westwind,Sundance Airport FBO LLC,,,, N4MH, 232, 1978,,,,,Fatalities: 2 / Occupants: 2,Fatalities: 0 / Occupants: 0,,, Destroyed, Written off (damaged beyond repair),"Oklahoma City-Sundance Airport, OK (HSD) (   United States of America) 
", Landing (LDG),Private,"Panama City-Northwest Florida Beaches International Airport, FL (ECP/KECP), United States of America","Oklahoma City-Sundance Airpark, OK (HSD/KHSD), United States of America",,,Fatalities: 2 / Occupants: 2 
20190319-0,Preliminary - official,Tuesday 19 March 2019,21:35,Fokker 100,Iran Air,,,, EP-IDG, 11302, 1991-01-30  (28 years 2 months),49489,, 2 Rolls-Royce Tay 650-15,51036,Fatalities: 0 / Occupants: 9,Fatalities: 0 / Occupants: 24,,, Unknown,,"Tehran-Mehrabad Airport (THR) (   Iran) 
", Landing (LDG),Domestic Scheduled Passenger,"Qeshm International Airport (GSM/OIKQ), Iran","Tehran-Mehrabad Airport (THR/OIII), Iran",IR215,,Fatalities: 0 / Occupants: 33 
20190322-0,- (No safety board investigation),Friday 22 March 2019,,Rockwell Sabreliner 60,private,,,, N990PA, 306-114, 1976,,,,,Fatalities: 0 / Occupants: ,Fatalities: 0 / Occupants: ,,, Destroyed, Written off (damaged beyond repair),"ca 14 km E of Bajamar (   Honduras) 
", Landing (LDG),Illegal Flight,?,?,,,Fatalities: 0 / Occupants:  
20190323-0,,Saturday 23 March 2019,18:20,Beechcraft B200 Super King Air,Major Blue Air,,,, A2-MBM, BB-1489, 1994,,,,,Fatalities: 1 / Occupants: 1,Fatalities: 0 / Occupants: 0,,, Destroyed, Written off (damaged beyond repair),"Matsieng Aerodrome (   Botswana) 
", Maneuvering (MNV),Illegal Flight,"Gaborone-Sir Seretse Khama International Airport (GBE/FBSK), Botswana",-,,,Fatalities: 1 / Occupants: 1 
20190323-1,Final,Saturday 23 March 2019,21:10,Airbus A320-232,Wizz Air,,,, HA-LPL, 3166, 2007-06-06  (11 years 10 months),,, 2 IAE V2527-A5,,Fatalities: 0 / Occupants: 6,Fatalities: 0 / Occupants: 159,,, Minor, Repaired,"Bristol Airport (BRS) (   United Kingdom) 
", Pushback / towing (PBT),International Scheduled Passenger,"Bristol Airport (BRS/EGGD), United Kingdom","Katowice-Pyrzowice Airport (KTW/EPKT), Poland",,,Fatalities: 0 / Occupants: 165 
20190327-0,,Wednesday 27 March 2019,,Antonov An-2,Empresa Nacional de Servicios Aéreos-ENSA,,,, CU-A1825, , ,,,,,Fatalities: 0 / Occupants: ,Fatalities: 0 / Occupants: ,,, Substantial,,"Alonso de Rojas (   Cuba) 
", Maneuvering (MNV),Agricultural,?,?,,,Fatalities: 0 / Occupants:  
20190327-1,Final,Wednesday 27 March 2019,19:25,Boeing 737-7H4 (WL),Southwest Airlines,,,, N249WN, 34951/2005, 2006-07-17  (12 years 9 months),44455,, 2 CFMI CFM56-7B24,,Fatalities: 0 / Occupants: ,Fatalities: 0 / Occupants: ,,, Substantial, Repaired,"near Nashville International Airport, TN (BNA) (   United States of America) 
", Approach (APR),Domestic Scheduled Passenger,"Pittsburgh-Greater Pittsburgh International Airport, PA (PIT/KPIT), United States of America","Nashville International Airport, TN (BNA/KBNA), United States of America",WN975,,Fatalities: 0 / Occupants:  
20190403-0,Final,Wednesday 3 April 2019,15:10,Airbus A320-214,easyJet,,,, G-EZWC, 5236, 2012,,, 2 CFMI CFM56-5B4/3,,Fatalities: 0 / Occupants: 6,Fatalities: 0 / Occupants: 180,,, Minor, Repaired,"Belfast International Airport (BFS) (   United Kingdom) 
", Pushback / towing (PBT),International Scheduled Passenger,"Belfast International Airport (BFS/EGAA), United Kingdom","Málaga Airport (AGP/LEMG), Spain",,,Fatalities: 0 / Occupants: 186 
20190404-0,Preliminary,Thursday 4 April 2019,10:56,de Havilland Canada DHC-8-402Q Dash 8,Austrian Airlines,,,, OE-LGM, 4319, 2010,,, 2 Pratt & Whitney Canada PW150A,,Fatalities: 0 / Occupants: ,Fatalities: 0 / Occupants: ,,, Substantial, Repaired,"Innsbruck-Kranebitten Airport (INN) (   Austria) 
", Landing (LDG),Domestic Scheduled Passenger,"Wien-Schwechat International Airport (VIE/LOWW), Austria","Innsbruck-Kranebitten Airport (INN/LOWI), Austria",OS903,,Fatalities: 0 / Occupants:  
20190404-1,Preliminary,Thursday 4 April 2019,20:17,McDonnell Douglas MD-88,Delta Air Lines,,,, N977DL, 53258/1848, 1991,,, 2 Pratt & Whitney JT8D-219,,Fatalities: 0 / Occupants: ,Fatalities: 0 / Occupants: ,,, Substantial, Written off (damaged beyond repair),"Atlanta Hartsfield-Jackson International Airport, GA (ATL) (   United States of America) 
", Taxi (TXI),Domestic Scheduled Passenger,"Syracuse-Hancock International Airport, NY (SYR/KSYR), United States of America","Atlanta Hartsfield-Jackson International Airport, GA (ATL/KATL), United States of America",DL1276,,Fatalities: 0 / Occupants:  
20190408-0,Preliminary,Monday 8 April 2019,,British Aerospace 4100 Jetstream 41,Sky High Aviation Services,,,, HI1038, 41033, 1994-04-14  (25 years ),,,,,Fatalities: 0 / Occupants: ,Fatalities: 0 / Occupants: ,,, Substantial,,"Dominica Douglas-Charles Airport (DOM) (   Dominica) 
", Landing (LDG),International Scheduled Passenger,"Santo Domingo-Las Américas José Francisco Peña Gómez Int'l Airport (SDQ/MDSD), Dominican Republic","Dominica Douglas-Charles Airport (DOM/TDPD), Dominica",,,Fatalities: 0 / Occupants:  
20190410-0,Preliminary,Wednesday 10 April 2019,20:40,Airbus A321-231 (WL),American Airlines,,,, N114NN, 6046, 2014-04-04  (5 years ),,, 2 IAE V2533-A5,,Fatalities: 0 / Occupants: 8,Fatalities: 0 / Occupants: 101,,, Substantial,,"New York-John F. Kennedy International Airport, NY (JFK) (   United States of America) 
", Takeoff (TOF),Domestic Scheduled Passenger,"New York-John F. Kennedy International Airport, NY (JFK/KJFK), United States of America","Los Angeles International Airport, CA (LAX/KLAX), United States of America",AA300,,Fatalities: 0 / Occupants: 109 
20190413-0,Preliminary - official,Saturday 13 April 2019,15:13,Rockwell Sabreliner 65,Classic Aviation,,,, N265DS, 465-45, 1980,,,,,Fatalities: 2 / Occupants: 2,Fatalities: 1 / Occupants: 1,,, Destroyed, Written off (damaged beyond repair),"near New Albany, MS (   United States of America) 
", En route (ENR),Private,"Oxford-University Airport, MS (UOX/KUOX), United States of America","Hamilton-Marion County Airport, AL (HAB/KHAB), United States of America",,,Fatalities: 3 / Occupants: 3 
20190414-0,Final,Sunday 14 April 2019,09:07,Let L-410UVP-E20,Summit Air,,,, 9N-AMH, 2914, 2013,4426,, 2 General Electric H80-200,5464,Fatalities: 1 / Occupants: 3,Fatalities: 0 / Occupants: 0,Fatalities: 2,, Damaged beyond repair,,"Lukla-Tenzing-Hillary Airport (LUA) (   Nepal) 
", Takeoff (TOF),Ferry/positioning,"Lukla-Tenzing-Hillary Airport (LUA/VNLK), Nepal","Ramechhap Airport (RHP/VNRC), Nepal",802D,,Fatalities: 1 / Occupants: 3 
20190416-0,,Tuesday 16 April 2019,ca 11:00,Pilatus Britten-Norman BN-2B-27 Islander,Archipiélagos Servicios Aéreos,,,, CC-CYR, 2169, 1983,,,,,Fatalities: 1 / Occupants: 1,Fatalities: 5 / Occupants: 5,,, Destroyed, Written off (damaged beyond repair),"0,4 km (0.3 mls) W of Puerto Montt-Marcel Marchant Airport (   Chile) 
", Initial climb (ICL),Passenger,"Puerto Montt-Marcel Marchant Airport (SCPF), Chile","Ayacara Airport (SCAY), Chile",,,Fatalities: 6 / Occupants: 6 
20190416-1,,Tuesday 16 April 2019,09:30,Bombardier BD-700-1A11 Global 5000,Luftwaffe,,,, 14+01, 9395, 2010,,,,,Fatalities: 0 / Occupants: ,Fatalities: 0 / Occupants: ,,, Damaged beyond repair,,"Berlin-Schönefeld Airport (SXF) (   Germany) 
", Takeoff (TOF),Military,"Berlin-Schönefeld Airport (SXF/EDDB), Germany","Köln/Bonn-Konrad Adenauer Airport (CGN/EDDK), Germany",,,Fatalities: 0 / Occupants:  
20190423-0,Preliminary,Tuesday 23 April 2019,12:00,Cessna 208 Caravan I,Airsquid Aviation,,,, N366TA, 20800249, 1996,,, 1 Pratt & Whitney Canada PT6A-114A,,Fatalities: 0 / Occupants: 1,Fatalities: 0 / Occupants: 4,,, Substantial,,"Dry Tortugas National Park, FL (   United States of America) 
", Takeoff (TOF),Private,?,"Key West International Airport, FL (EYW/KEYW), United States of America",,,Fatalities: 0 / Occupants: 5 
20190424-0,Preliminary - official,Wednesday 24 April 2019,14:42,Cessna 551 Citation II/SP,private,,,, D-IADV, 551-0552, 1987,8479,, 2 Pratt & Whitney Canada JT15D-4,7661,Fatalities: 0 / Occupants: 2,Fatalities: 0 / Occupants: 0,,, Substantial,,"Siegen-Siegerland Airport (SGE) (   Germany) 
", Landing (LDG),Training,"Siegen-Siegerland Airport (SGE/EDGS), Germany","Siegen-Siegerland Airport (SGE/EDGS), Germany",,,Fatalities: 0 / Occupants: 2 
20190424-1,Preliminary - official,Wednesday 24 April 2019,ca 19:15,Beechcraft B200 Super King Air,Keewatin Air,,,, C-FRMV, BB-979, 1981,,, 2 Pratt & Whitney Canada PT6A-42,,Fatalities: 0 / Occupants: 2,Fatalities: 0 / Occupants: 2,,, Substantial,,"Gillam Airport, MB (YGX) (   Canada) 
", Landing (LDG),Ferry/positioning,"Winnipeg International Airport, MB (YWG/CYWG), Canada","Churchill Airport, MB (YYQ/CYYQ), Canada",KEW202,,Fatalities: 0 / Occupants: 4 
20190430-0,Final,Tuesday 30 April 2019,07:47,Boeing 737-73S (WL),Ryanair,,,, EI-SEV, 29078/187, 1999-01-12  (20 years 4 months),,, 2 CFMI CFM56-7B22,,Fatalities: 0 / Occupants: 2,Fatalities: 0 / Occupants: 0,,, Substantial, Repaired,"East Midlands Airport (EMA) (   United Kingdom) 
", Taxi (TXI),Ferry/positioning,"London-Stansted Airport (STN/EGSS), United Kingdom","East Midlands Airport (EMA/EGNX), United Kingdom",FR69,,Fatalities: 0 / Occupants: 2 
20190430-1,Final,Tuesday 30 April 2019,07:47,Boeing 737-33A (WL),Jet2,,,, G-GDFB, 25743/2206, 1992-01-16  (27 years 4 months),,, 2 CFMI CFM56-3C1,,Fatalities: 0 / Occupants: 0,Fatalities: 0 / Occupants: 0,,, Substantial, Repaired,"East Midlands Airport (EMA) (   United Kingdom) 
", Standing (STD),-,-,-,,,Fatalities: 0 / Occupants: 0 
20190503-0,Preliminary - official,Friday 3 May 2019,21:42,Boeing 737-81Q (WL),Miami Air International,,,, N732MA, 30618/830, 2001-04-12  (18 years ),38928,, 2 CFMI CFM56-7B26,15610,Fatalities: 0 / Occupants: 7,Fatalities: 0 / Occupants: 136,,, Substantial,,"Jacksonville Naval Air Station, FL (NIP) (   United States of America) 
", Landing (LDG),Int'l Non Scheduled Passenger,"Guantánamo NAS (NBW/MUGM), Cuba","Jacksonville NAS, FL (NIP/KNIP), United States of America",LL293,,Fatalities: 0 / Occupants: 143 
20190503-1,Final,Friday 3 May 2019,08:01,Douglas C-47A-25-DK (DC-3C),Buffalo Airways,,,, C-GJKM, 13580, 1942,,, 2 Pratt & Whitney R-1830-92,,Fatalities: 0 / Occupants: 2,Fatalities: 0 / Occupants: 0,,, Substantial,,"6,5 km (4.1 mls) SE of Hay River Airport, NT (YHY) (   Canada) 
", Approach (APR),Cargo,"Hay River Airport, NT (YHY/CYHY), Canada","Yellowknife Airport, NT (YZF/CYZF), Canada",J4-169,,Fatalities: 0 / Occupants: 2 
20190504-0,Preliminary,Saturday 4 May 2019,22:50,Learjet 45,Skyservice Business Aviation,,,, C-GMCP, 45-126, 2000,,,,,Fatalities: 0 / Occupants: 4,Fatalities: 0 / Occupants: 0,,, Unknown,,"Edinburgh-Turnhouse Airport (EDI) (   United Kingdom) 
", Pushback / towing (PBT),Unknown,"Edinburgh-Turnhouse Airport (EDI/EGPH), United Kingdom","Reykjavík-Keflavík International Airport (KEF/BIKF), Iceland",,,Fatalities: 0 / Occupants: 4 
20190505-0,Preliminary - official,Sunday 5 May 2019,18:30,Sukhoi Superjet 100-95B,Aeroflot Russian International Airlines,,,, RA-89098, 95135, 2017,2710,, 2 PowerJet SaM146,1658,Fatalities: 1 / Occupants: 5,Fatalities: 40 / Occupants: 73,,, Destroyed, Written off (damaged beyond repair),"Moskva-Sheremetyevo Airport (SVO) (   Russia) 
", Landing (LDG),Domestic Scheduled Passenger,"Moskva-Sheremetyevo Airport (SVO/UUEE), Russia","Murmansk Airport (MMK/ULMM), Russia",SU1492,,Fatalities: 41 / Occupants: 78 
20190505-1,Preliminary,Sunday 5 May 2019,ca 18:40,Canadair CL-600-2B16 Challenger 601-3A,TVPX Aircraft Solutions,,,, N601VH, 5043, 1989,,,,,Fatalities: 3 / Occupants: 3,Fatalities: 10 / Occupants: 10,,, Destroyed, Written off (damaged beyond repair),"257 km (160.6 mls) NW of Monclova (   Mexico) 
", En route (ENR),Int'l Non Scheduled Passenger,"Las Vegas-McCarran International Airport, NV (LAS/KLAS), United States of America","Monterrey-General Mariano Escobedo International Airport (MTY/MMMY), Mexico",,,Fatalities: 13 / Occupants: 13 
20190507-0,,Tuesday 7 May 2019,,de Havilland Canada DHC-6 Twin Otter 300,Air Inuit,,,, C-GNDO, 430, 1974-09-26  (44 years 8 months),,,,,Fatalities: 0 / Occupants: 2,Fatalities: 0 / Occupants: 0,,, Substantial,,"57 km (35.6 mls) NNE of Kuujjuarapik Airport, QC (YGW) (   Canada) 
", Takeoff (TOF),Unknown,?,"Kuujjuarapik Airport, QC (YGW/CYGW), Canada",3H641,,Fatalities: 0 / Occupants: 2 
20190508-0,Final,Wednesday 8 May 2019,18:51,de Havilland Canada DHC-8-402Q Dash 8,Biman Bangladesh Airlines,,,, S2-AGQ, 4367, 2011,8115,, 2 Pratt & Whitney Canada PW150A,,Fatalities: 0 / Occupants: 6,Fatalities: 0 / Occupants: 28,,, Damaged beyond repair,,"Yangon-Mingaladon Airport (RGN) (   Myanmar) 
", Landing (LDG),International Scheduled Passenger,"Dhaka-Shahjalal International Airport (DAC/VGHS), Bangladesh","Yangon-Mingaladon Airport (RGN/VYYY), Myanmar",BG060,,Fatalities: 0 / Occupants: 34 
20190508-1,,Wednesday 8 May 2019,,Antonov An-2R,Unknown,,,, YV2354, 1G211-43, 1985,,,,,Fatalities: 0 / Occupants: 2,Fatalities: 0 / Occupants: 0,,, Damaged beyond repair,,"13 km (8.1 mls) from  Uriman Airport (URM) (   Venezuela) 
", En route (ENR),Unknown,"La Paragua Airport (SVPU), Venezuela","Uriman Airport (URM/SVUM), Venezuela",,,Fatalities: 0 / Occupants: 2 
20190510-0,Preliminary,Friday 10 May 2019,01:30,de Havilland Canada DHC-8-311 Dash 8,,,Air Canada Express,, C-FJXZ, 264, 1991-03-12  (28 years 2 months),,, 2 Pratt & Whitney Canada PW123,,Fatalities: 0 / Occupants: 3,Fatalities: 0 / Occupants: 54,,, Substantial,,"Toronto-Pearson International Airport, ON (YYZ) (   Canada) 
", Taxi (TXI),Domestic Scheduled Passenger,"Toronto-Pearson International Airport, ON (YYZ/CYYZ), Canada","Sudbury Airport, ON (YSB/CYSB), Canada",AC8615,,Fatalities: 0 / Occupants: 57 
20190511-0,Preliminary - official,Saturday 11 May 2019,11:00,Cessna 208B Grand Caravan,Parachutisme Nouvel Air,,,, C-FCPM, 208B0638, 1997,,, 1 Pratt & Whitney Canada PT6A-114A,,Fatalities: 0 / Occupants: 1,Fatalities: 0 / Occupants: 1,,, Substantial,,"Saint-Esprit Aerodrome, QC (   Canada) 
", Landing (LDG),Parachuting,"Saint-Esprit Aerodrome, QC, Canada","Saint-Esprit Aerodrome, QC, Canada",,,Fatalities: 0 / Occupants: 2 
20190513-0,Preliminary - official,Monday 13 May 2019,12:21,de Havilland Canada DHC-3T Vazar Turbine Otter,Taquan Air,,,, N959PA, 159, 1956,,, 1 Pratt & Whitney Canada PT6A-135A,,Fatalities: 0 / Occupants: 1,Fatalities: 1 / Occupants: 10,,Fatalities: 5, Substantial, Written off (damaged beyond repair),"15 km (9.4 mls) NE of Ketchikan, AK (   United States of America) 
", En route (ENR),Domestic Non Scheduled Passenger,"Rudyerd Bay, AK, United States of America","Ketchikan Harbor Seaplane Base, AK (WFB), United States of America",,,Fatalities: 1 / Occupants: 11 
20190518-0,,Saturday 18 May 2019,,Gulfstream Aerospace G-1159 Gulfstream II SP,private,,,, unreg., 213, 1977,,,,,Fatalities: 0 / Occupants: ,Fatalities: 0 / Occupants: ,,, Damaged beyond repair,,"Chico de Chamorro, Retalhuleu (   Guatemala) 
", Standing (STD),Illegal Flight,?,?,,,Fatalities: 0 / Occupants:  
20190522-0,Preliminary,Wednesday 22 May 2019,,Antonov AN-2R,private,,,, RA-68161, 1G196-56, 1982,,,,,Fatalities: 0 / Occupants: 1,Fatalities: 0 / Occupants: 0,,, Damaged beyond repair,,"Zhuravskoye (   Russia) 
", Takeoff (TOF),Agricultural,?,?,,,Fatalities: 0 / Occupants: 1 
20190522-1,Preliminary,Wednesday 22 May 2019,12:46,Cessna S550 Citation S/II,Unknown,,,, N311G, S550-0041, 1985,,, 2 Williams International FJ44-3A,,Fatalities: 1 / Occupants: 1,Fatalities: 1 / Occupants: 1,,, Destroyed, Written off (damaged beyond repair),"near Indianapolis Regional Airport, IN (KMQJ) (   United States of America) 
", Initial climb (ICL),Private,"Indianapolis Regional Airport, IN (KMQJ), United States of America","Minden-Tahoe Airport, NV (MEV/KMEV), United States of America",,,Fatalities: 2 / Occupants: 2 
20190524-0,Preliminary - official,Friday 24 May 2019,17:55,Cessna 560 Citation Encore,private,,,, N832R, 560-0585, 2001,,, 2 Pratt & Whitney Canada JT15D-5D,,Fatalities: 1 / Occupants: 1,Fatalities: 0 / Occupants: 0,,, Damaged beyond repair,,"500 km (312.5 mls) E off  Fort Lauderdale, Florida, USA (   Atlantic Ocean) 
", En route (ENR),Ferry/positioning,"St. Louis Regional Airport, IL (ALN/KALN), United States of America","Fort Lauderdale-Executive Airport, FL (FXE/KFXE), United States of America",,,Fatalities: 1 / Occupants: 1 
20190603-0,Preliminary,Monday 3 June 2019,ca 13:00,Antonov An-32,Indian Air Force - IAF,,,, K2752, 1009, 1987,,,,,Fatalities: 8 / Occupants: 8,Fatalities: 5 / Occupants: 5,,, Destroyed, Written off (damaged beyond repair),"16 km (10 mls) N of Lipo (   India) 
", En route (ENR),Military,"Jorhat-Rowriah Airport (JRH/VEJT), India","Mechuka Advanced Landing Ground, India",,,Fatalities: 13 / Occupants: 13 
20190607-0,Preliminary,Friday 7 June 2019,,Antonov An-2T,TSO Ukrayiny,,,, UR-KAU, 1G236-24, 1989,,,,,Fatalities: 0 / Occupants: 3,Fatalities: 0 / Occupants: 0,,, Substantial,,"Svyatoshyns'kyi District, Kiev (   Ukraine) 
", Unknown (UNK),Unknown,?,?,,,Fatalities: 0 / Occupants: 3 
20190609-0,Preliminary,Sunday 9 June 2019,,Antonov An-2R,Feniks,,,, RA-81519, 1G208-19, 1984,,,,,Fatalities: 0 / Occupants: 2,Fatalities: 0 / Occupants: 0,,, Substantial,,"50 km (31.3 mls) from  Kyren, Tunkinsky District (   Russia) 
", Unknown (UNK),Unknown,?,?,,,Fatalities: 0 / Occupants: 2 
20190609-1,,Sunday 9 June 2019,15:55,Boeing 737-924ER (WL),United Airlines,,,, N75436, 33531/2947, 2009-06-15  (10 years),,, 2 CFMI CFM56-7B26,,Fatalities: 0 / Occupants: ,Fatalities: 0 / Occupants: ,,, Substantial, Repaired,"Denver International Airport, CO (DEN) (   United States of America) 
", Landing (LDG),Domestic Scheduled Passenger,"Reno-Cannon International Airport, NV (RNO/KRNO), United States of America","Denver International Airport, CO (DEN/KDEN), United States of America",UA401,,Fatalities: 0 / Occupants: 184 
20190611-0,,Tuesday 11 June 2019,,CASA C-212 Aviocar 200,EP Aviation,,,, N603AR, 162, 1980,,,,,Fatalities: 0 / Occupants: ,Fatalities: 0 / Occupants: ,,, Substantial,,"Kiunga Airport (KIU) (   Kenya) 
", Takeoff (TOF),Unknown,"Kiunga Airport (KIU), Kenya",?,,,Fatalities: 0 / Occupants:  
20190613-0,,Thursday 13 June 2019,,Beechcraft B200 Super King Air,Unknown,,,, registration unknown, , ,,,,,Fatalities: 0 / Occupants: ,Fatalities: 0 / Occupants: ,,, Damaged beyond repair,,"Río Chixoy, La Máquina (   Guatemala) 
", Unknown (UNK),Illegal Flight,?,?,,,Fatalities: 0 / Occupants:  
20190615-0,Preliminary,Saturday 15 June 2019,12:55,Boeing 757-224 (WL),United Airlines,,,, N26123, 28966/781, 1997-11-30  (21 years 7 months),,, 2 Rolls-Royce RB211-535E4B,,Fatalities: 0 / Occupants: ,Fatalities: 0 / Occupants: ,,, Substantial, Written off (damaged beyond repair),"Newark-Liberty International Airport, NJ (EWR) (   United States of America) 
", Landing (LDG),Domestic Scheduled Passenger,"Denver International Airport, CO (DEN/KDEN), United States of America","Newark-Liberty International Airport, NJ (EWR/KEWR), United States of America",UA627,,Fatalities: 0 / Occupants: 166 
20190617-0,Preliminary,Monday 17 June 2019,12:30,Cessna 680 Citation Sovereign,Banco Macro,,,, LV-CIQ, 680-0052, 2005,,,,,Fatalities: 0 / Occupants: 2,Fatalities: 0 / Occupants: 3,,, Substantial,,"Joaquín V. González-Agropecuaria Río Juramento Airstrip, SA (   Argentina) 
", Landing (LDG),Executive,"Salta-Martín Miguel de Güemes International Airport, SA (SLA/SASA), Argentina","Joaquín V. González-Agropecuaria Río Juramento Airstrip, SA, Argentina",,,Fatalities: 0 / Occupants: 5 
20190617-1,Preliminary,Monday 17 June 2019,10:30,Boeing 737-8H4 (WL),Southwest Airlines,,,, N8608N, 36638/4323, 2013-01-15  (6 years 5 months),,, 2 CFMI CFM56-7B27E,,Fatalities: 0 / Occupants: 6,Fatalities: 0 / Occupants: 174,,, Substantial, Repaired,"Pittsburgh-Greater Pittsburgh International Airport, PA (PIT) (   United States of America) 
", Standing (STD),Domestic Scheduled Passenger,"Pittsburgh-Greater Pittsburgh International Airport, PA (PIT/KPIT), United States of America","Denver International Airport, CO (DEN/KDEN), United States of America",,,Fatalities: 0 / Occupants: 180 
20190619-0,- (No safety board investigation),Wednesday 19 June 2019,,Antonov An-124-100,Libyan Air Cargo,,,, 5A-DKN, 19530502792, 1994,,,,,Fatalities: 0 / Occupants: 0,Fatalities: 0 / Occupants: 0,,, Damaged beyond repair,,"Tripoli International Airport (TIP) (   Libya) 
", Standing (STD),-,-,-,,,Fatalities: 0 / Occupants: 0 
20190620-0,,Thursday 20 June 2019,ca 10:00,Antonov An-2,Unknown,,,, registration unknown, , ,,,,,Fatalities: 1 / Occupants: 3,Fatalities: 0 / Occupants: 0,,, Damaged beyond repair,,"10 km (6.3 mls) from  Rodina village, Tselinograd district (   Kazakhstan) 
", Takeoff (TOF),Agricultural,?,?,,,Fatalities: 1 / Occupants: 3 
20190621-0,Preliminary,Friday 21 June 2019,12:40,Basler BT-67 Turbo 67 (DC-3T),North Star Air,,,, C-FKGL, 19066, 1943,,, 2 Pratt & Whitney Canada PT6A-67R,,Fatalities: 0 / Occupants: 2,Fatalities: 0 / Occupants: 0,,, Substantial,,"off Fort Hope Airport, ON (YFH) (   Canada) 
", Unknown (UNK),Ferry/positioning,"Fort Hope Airport, ON (YFH/CYFH), Canada","Pickle Lake Airport, ON (YPL/CYPL), Canada",,,Fatalities: 0 / Occupants: 2 
20190623-0,,Sunday 23 June 2019,ca 10:00,Antonov An-2,Unknown,,,, registration unknown, , ,,,,,Fatalities: 0 / Occupants: 2,Fatalities: 0 / Occupants: 0,,, Destroyed, Written off (damaged beyond repair),"near Mlyny, Poltava region (   Ukraine) 
", Unknown (UNK),Agricultural,?,?,,,Fatalities: 0 / Occupants: 2 
20190624-0,,Monday 24 June 2019,,Hawker Siddeley HS-125-400,Unknown,,,, registration unknown, , ,,,,,Fatalities: 0 / Occupants: 0,Fatalities: 0 / Occupants: 0,,, Damaged beyond repair,,"Parque Nacional Laguna del Tigre, Petén (   Guatemala) 
", Standing (STD),Illegal Flight,?,?,,,Fatalities: 0 / Occupants: 0 
20190626-0,,Wednesday 26 June 2019,08:22,Rockwell Sabreliner 65,Yankee Dawdle LLC,,,, N65HH, 	465-1, 1979,,,,,Fatalities: 0 / Occupants: 2,Fatalities: 0 / Occupants: 0,,, Minor, Written off (damaged beyond repair),"Sacramento-McClellan Airfield, CA (MCC) (   United States of America) 
", Landing (LDG),,"Mesa-Falcon Field, AZ (MSC/KFFZ), United States of America","Sacramento-McClellan Airfield, CA (MCC/KMCC), United States of America",,,Fatalities: 0 / Occupants: 2 
20190627-0,,Thursday 27 June 2019,10:24,Antonov An-24RV,Angara Airlines,,,, RA-47366, 77310804, 1977,,,,,Fatalities: 2 / Occupants: 4,Fatalities: 0 / Occupants: 42,,, Damaged beyond repair,,"Nizhneangarsk Airport (   Russia) 
", Landing (LDG),Domestic Scheduled Passenger,"Ulan-Ude Airport (UUD/UIUU), Russia","Nizhneangarsk Airport (UIUN), Russia",2G200,,Fatalities: 2 / Occupants: 46 
20190627-1,,Thursday 27 June 2019,11:30,British Aerospace 3212 Jetstream 31,Transmandu,,,, YV2536, 966, 1992,,,,,Fatalities: 0 / Occupants: ,Fatalities: 0 / Occupants: ,,, Damaged beyond repair,,"Canaima Airport (CAJ) (   Venezuela) 
", Landing (LDG),Unknown,?,"Canaima Airport (CAJ/SVCN), Venezuela",,,Fatalities: 0 / Occupants:  
20190628-0,,Friday 28 June 2019,06:30,Saab 340A,Western Air,,,, C6-VIP, 340A-098, 1987-06-30  (32 years ),,,,,Fatalities: 0 / Occupants: ,Fatalities: 0 / Occupants: 0,,, Substantial,,"Nassau-Lynden Pindling International Airport (NAS) (   Bahamas) 
", Standing (STD),-,-,-,,,Fatalities: 0 / Occupants:  
20190629-0,Preliminary,Saturday 29 June 2019,09:10,Cessna 208B Grand Caravan,ISR Aviation LLC,,,, N80JF, 208B0352, 1993,,, 1 Honeywell TPE331-12JR,,Fatalities: 0 / Occupants: 1,Fatalities: 0 / Occupants: 0,,, Substantial,,"Plant City-Blackwater Creek Ultralight Flightpark, FL (   United States of America) 
", Landing (LDG),Parachuting,"Plant City-Blackwater Creek Ultralight Flightpark, FL, United States of America","Plant City-Blackwater Creek Ultralight Flightpark, FL, United States of America",,,Fatalities: 0 / Occupants: 1 
20190630-0,Preliminary - official,Sunday 30 June 2019,09:11,Beechcraft B300 King Air 350i,EE Operations LLC,,,, N534FF, FL-1091, 2017,,, 2 Pratt & Whitney Canada PT6A-60A,,Fatalities: 2 / Occupants: 2,Fatalities: 8 / Occupants: 8,,, Destroyed, Written off (damaged beyond repair),"Dallas-Addison Airport, TX (ADS) (   United States of America) 
", Takeoff (TOF),Private,"Dallas-Addison Airport, TX (ADS/KADS), United States of America","St. Petersburg-Albert Whitted Airport, FL (SPG/KSPG), United States of America",,,Fatalities: 10 / Occupants: 10 
20190630-1,- (No safety board investigation),Sunday 30 June 2019,,Antonov An-2T,"DOSAAF, Gvardeysky ATSK",,,, RF-00105, 1G63-35, ,,,,,Fatalities: 0 / Occupants: ,Fatalities: 0 / Occupants: ,,, Substantial,,"near Gvardeysky (   Russia) 
", Landing (LDG),Unknown,?,?,,,Fatalities: 0 / Occupants:  
20190630-2,- (No safety board investigation),Sunday 30 June 2019,09:11,Dassault Falcon 900B,Warren Transportation LLC,,,, N908CA, 151, 1995,6661,, 3 Garrett TFE731-5BR-1C,3712,Fatalities: 0 / Occupants: 0,Fatalities: 0 / Occupants: 0,,, Damaged beyond repair,,"Dallas-Addison Airport, TX (ADS) (   United States of America) 
", Standing (STD),-,-,-,,,Fatalities: 0 / Occupants: 0 
20190701-0,Preliminary,Monday 1 July 2019,23:51,Boeing 737-85R,SpiceJet,,,, VT-SYK, 30410/1228, 2002-10-10  (16 years 9 months),,, 2 CFMI CFM56-7B24,,Fatalities: 0 / Occupants: ,Fatalities: 0 / Occupants: ,,, Substantial,,"Mumbai-Chhatrapati Shivaji International Airport (BOM) (   India) 
", Landing (LDG),Domestic Scheduled Passenger,"Jaipur International Airport (JAI/VIJP), India","Mumbai-Chhatrapati Shivaji International Airport (BOM/VABB), India",SG6237,,Fatalities: 0 / Occupants:  
20190708-0,,Monday 8 July 2019,,Airbus A320-214,Afriqiyah Airways,,,, 5A-ONA, 3224, 2007,,,,,Fatalities: 0 / Occupants: 0,Fatalities: 0 / Occupants: 0,,, Minor,,"Tripoli-Mitiga International Airport (MJI) (   Libya) 
", Standing (STD),-,-,-,,,Fatalities: 0 / Occupants: 0 
