Identifiant:,Status:,Date:,Time:,Type:,Operator:,Operating for:,On behalf of:,Leased from:,Registration:,C/n / msn:,First flight:,Total airframe hrs:,Year built:,Engines:,Cycles:,Crew:,Passengers:,Ground casualties:,Collision casualties:,Aircraft damage:,Aircraft fate:,Location:,Phase:,Nature:,Departure airport:,Destination airport:,Flightnumber:,Probable cause:,Total:
19661119-0,,Saturday 19 November 1966,11:20,Curtiss C-46F-1-CU Commando,Carolina Aircraft Corp.,,,, N68966, 22492, 1945,,,,,Fatalities: 0 / Occupants: 2,Fatalities: 0 / Occupants: 0,,, Substantial, Written off (damaged beyond repair),"Keflavík International Airport (KEF) (   Iceland) 
", Takeoff (TOF),Ferry/positioning,"Keflavík International Airport (KEF/BIKF), Iceland",?,,,Fatalities: 0 / Occupants: 2 
19661120-0,,Sunday 20 November 1966,06:06,Martin 4-0-4,Piedmont Airlines,,,, N40406, 14170, ,,,,,Fatalities: 3 / Occupants: 3,Fatalities: 0 / Occupants: 0,,, Damaged beyond repair,,"5 km (3.1 mls) S of New Bern Airport, NC (EWN) (   United States of America) 
", Approach (APR),Ferry/positioning,"Wilmington-New Hanover County Airport, NC (ILM/KILM), United States of America","New Bern-Simmons Nott Airport, NC (EWN/KEWN), United States of America",,,Fatalities: 3 / Occupants: 3 
19661120-1,,Sunday 20 November 1966,,de Havilland Canada CV-2B Caribou (DHC-4),United States Army,,,, 62-4167, 105, ,,,,,Fatalities:  / Occupants: ,Fatalities:  / Occupants: ,,, Damaged beyond repair,,"19 km (11.9 mls) SW of Tuy Hoa (   Vietnam) 
", Unknown (UNK),Military,?,?,,,Fatalities:  / Occupants:  
19661122-0,,Tuesday 22 November 1966,,Douglas R4D-1 (DC-3),Aden Airways,,,, VR-AAN, 4284, 1942,,,,,Fatalities: 3 / Occupants: 3,Fatalities: 27 / Occupants: 27,,, Damaged beyond repair,,"Wadi Rabtah (   Yemen) 
", En route (ENR),Domestic Scheduled Passenger,"Mayfa'ah Airport (MFY), Yemen","Aden International Airport (ADE/ODAA), Yemen",,,Fatalities: 30 / Occupants: 30 
19661122-1,,Tuesday 22 November 1966,10:36,Ilyushin Il-18B,"Aeroflot, Kazakstan Civil Aviation Directorate",,,, CCCP-75665, 188000704, 1958,8407,,,4440,Fatalities: 1 / Occupants: 8,Fatalities: 2 / Occupants: 60,,, Damaged beyond repair,,"1,4 km (0.9 mls) NE of Alma-Ata Airport (ALA) (   Kazakhstan) 
", Takeoff (TOF),Domestic Scheduled Passenger,"Alma-Ata Airport (ALA/UAAA), Kazakhstan","Semipalatinsk Airport (PLX/UASS), Kazakhstan", X-19,,Fatalities: 3 / Occupants: 68 
19661122-2,,Tuesday 22 November 1966,20:14,de Havilland DH-125-1A/522,Kellogg Co.,,,, N235KC, 25096, 1966-06-16  (5 months),,,,,Fatalities: 0 / Occupants: 1,Fatalities: 1 / Occupants: 1,,, Damaged beyond repair,,"7,3 km (4.6 mls) W off  Pinder Point (   Bahamas) 
", Approach (APR),Illegal Flight,"Miami (unknown airport), FL, United States of America","Freeport-Grand Bahama International Airport (FPO/MYGF), Bahamas",,,Fatalities: 1 / Occupants: 2 
19661124-0,,Thursday 24 November 1966,15:30 GMT,Ilyushin Il-18V,TABSO,,,, LZ-BEN, 184007101, 1964,,, 4 Ivchenko AI-20K,,Fatalities: 8 / Occupants: 8,Fatalities: 74 / Occupants: 74,,, Destroyed, Written off (damaged beyond repair),"8 km (5 mls) NNW of Bratislava-Ivanka Airport (BTS) (   Slovakia) 
", En route (ENR),Domestic Scheduled Passenger,"Bratislava-Ivanka Airport (BTS/LZIB), Slovakia","Praha-Ruzyne International Airport (PRG/LKPR), Czech Republic",LZ101,,Fatalities: 82 / Occupants: 82 
19661126-0,,Saturday 26 November 1966,14:24,Consolidated PBY-5A Catalina,SATENA,,,, FAC-621, , ,,,,,Fatalities: 3 / Occupants: 3,Fatalities: 9 / Occupants: 10,,, Damaged beyond repair,,"1,5 km (0.9 mls) from  La Pedrera Airport (LPD) (   Colombia) 
", Initial climb (ICL),Domestic Non Scheduled Passenger,"La Pedrera Airport (LPD/SKLP), Colombia","Leticia-Alfredo Vásquez Cobo Airport (LET/SKLT), Colombia",,,Fatalities: 12 / Occupants: 13 
19661126-1,,Saturday 26 November 1966,,Fairchild C-123B-17-FA Provider,United States Air Force - USAF,,,, 56-4367, 20251, ,,,,,Fatalities: 0 / Occupants: 2,Fatalities: 0 / Occupants: 35,,, Damaged beyond repair,,"Dau Tieng (   Vietnam) 
", Initial climb (ICL),Military,"Dau Tieng Airstrip, Vietnam",?,,,Fatalities: 0 / Occupants: 37 
19661126-2,,Saturday 26 November 1966,,Douglas DC-3,Unknown,,,, registration unknown, , ,,,,,Fatalities: 2 / Occupants: 2,Fatalities: 0 / Occupants: 0,,, Damaged beyond repair,,"near Gulfport, MS (   United States of America) 
", Takeoff (TOF),Unknown,?,?,,,Fatalities: 2 / Occupants: 2 
19661126-3,,Saturday 26 November 1966,,Douglas C-47D (DC-3),United States Air Force - USAF,,,, 44-76574, 32906/16158, 1945,,,,,Fatalities:  / Occupants: ,Fatalities:  / Occupants: ,,, Damaged beyond repair,,"near Saigon-Tan Son Nhat International Airport (SGN) (   Vietnam) 
", Approach (APR),Military,"Saigon-Tan Son Nhat International Airport (SGN/VVTS), Vietnam","Korat AFB (VTUN), Thailand",,,Fatalities: 26 / Occupants: 26 
19661129-0,Final,Tuesday 29 November 1966,17:28,Convair CV-440,Allegheny Airlines,,,, N3414,  45, 1953,,,,,Fatalities: 0 / Occupants: 4,Fatalities: 0 / Occupants: 12,,, Damaged beyond repair,,"Harrisburg Airport, PA (HAR) (   United States of America) 
", Takeoff (TOF),Domestic Scheduled Passenger,"Harrisburg-York State Airport, PA (HAR/KCXY), United States of America","Pittsburgh International Airport, PA (PIT/KPIT), United States of America", 305,,Fatalities: 0 / Occupants: 16 
19661130-0,,Wednesday 30 November 1966,,Douglas C-47B-15-DK (DC-3),Servicio Aéreo de Transportes Comerciales (SATCO),,,, OB-R-568, 26683/15238, 1944,,, 2 Pratt & Whitney R-1830-90C,,Fatalities:  / Occupants: ,Fatalities:  / Occupants: ,,, Damaged beyond repair,,"Chachapoyas Airport (CHH) (   Peru) 
", Unknown (UNK),Unknown,?,?,,,Fatalities:  / Occupants:  
19661206-0,,Tuesday 6 December 1966,,Curtiss C-46A-25-CU Commando,Germa Inc,,,, ZP-CAP, 26658, 1943,,, 2 Pratt & Whitney R-2800-51,,Fatalities: 0 / Occupants: 3,Fatalities: 0 / Occupants: 0,,, Damaged beyond repair,,"near Olacaputos, SA (   Argentina) 
", Unknown (UNK),Unknown,?,?,,,Fatalities: 0 / Occupants: 3 
19661207-0,,Wednesday 7 December 1966,,Nord 2501 Noratlas,L'Armée de L'Air,,,, 59/F-RBHI, 59, ,,, 2 Bristol Hercules 739,,Fatalities: 4 / Occupants: 4,Fatalities: 0 / Occupants: 0,,, Damaged beyond repair,,"Ariège (   France) 
", Unknown (UNK),Military,?,?,,,Fatalities: 4 / Occupants: 4 
19661213-0,,Tuesday 13 December 1966,,Douglas C-47D (DC-3),United States Air Force - USAF,,,, 43-48949, 26210/14765, 1944,,,,,Fatalities:  / Occupants: ,Fatalities:  / Occupants: ,,, Damaged beyond repair,,"at an unknown location (   Unknown country) 
", Unknown (UNK),Military,?,?,,,Fatalities:  / Occupants:  
19661218-0,,Sunday 18 December 1966,02:55,Lockheed L-1649A Starliner,Aerocondor - Aerovías Cóndor de Colombia,,,, N7301C, 1002, 1957,,,,,Fatalities: 4 / Occupants: 7,Fatalities: 13 / Occupants: 52,,, Damaged beyond repair,,"Bogotá-Eldorado Airport (BOG) (   Colombia) 
", Approach (APR),Int'l Non Scheduled Passenger,"Miami International Airport, FL (MIA/KMIA), United States of America","Bogotá-Eldorado Airport (BOG/SKBO), Colombia",,,Fatalities: 17 / Occupants: 59 
19661218-1,,Sunday 18 December 1966,11:40,Antonov An-2R,Aeroflot / Tajikistan,,,, CCCP-46601, 1G46-10, 1966,2005,,,6722,Fatalities: 2 / Occupants: 2,Fatalities: 0 / Occupants: 0,,, Damaged beyond repair,,"near Zafarabad (   Tajikistan) 
", Maneuvering (MNV),Illegal Flight,?,?,,,Fatalities: 2 / Occupants: 2 
19661220-0,,Tuesday 20 December 1966,,Lockheed 18-56-23 Lodestar,Executive Aviation,,,, N2222B, 18-2558, 1943,,,,,Fatalities: 2 / Occupants: 2,Fatalities: 8 / Occupants: 8,,, Missing, Presumed damaged beyond repair,"within Baja (   Mexico) 
", En route (ENR),Demonstration,"San Diego International Airport, CA (SAN/KSAN), United States of America","La Paz Airport (LAP/MMLP), Mexico",,,Fatalities: 10 / Occupants: 10 
19661224-0,,Saturday 24 December 1966,19:15,Canadair CL-44D4-1,,Flying Tiger Line,,Seaboard World Airlines, N228SW, 31, 1962-04-16  (4 years 8 months),,, 4 Rolls-Royce Tyne 515,,Fatalities: 4 / Occupants: 4,Fatalities: 0 / Occupants: 0,Fatalities: 107,, Destroyed, Written off (damaged beyond repair),"ca 1 km S of Da Nang Airport (DAD) (   Vietnam) 
", Approach (APR),Cargo,"Tachikawa Air Base (RJTC), Japan","Da Nang Airport (DAD/VVDN), Vietnam",,,Fatalities: 4 / Occupants: 4 
19661224-1,,Saturday 24 December 1966,04:30,Douglas DC-8-51,Aeronaves de México,,,, XA-NUS, 45633/162, 1962,,, 4 Pratt & Whitney JT3D-,,Fatalities: 0 / Occupants: 10,Fatalities: 0 / Occupants: 99,,, Damaged beyond repair,,"Lake Texcoco (   Mexico) 
", Approach (APR),International Scheduled Passenger,"New York-John F. Kennedy International Airport, NY (JFK/KJFK), United States of America","Mexico City-Benito Juárez International Airport (MEX/MMMX), Mexico",,,Fatalities: 0 / Occupants: 109 
19661224-2,,Saturday 24 December 1966,ca 10:00,Douglas C-47A-80-DL (DC-3),Avianca,,,, HK-161, 19630, 1944,,, 2 Pratt & Whitney R-1830-92,,Fatalities: 3 / Occupants: 3,Fatalities: 26 / Occupants: 26,,, Damaged beyond repair,,"Cerro Las Animas (   Colombia) 
", En route (ENR),Domestic Scheduled Passenger,"Bogotá-Eldorado Airport (BOG/SKBO), Colombia","Pasto-Antonio Nariño Airport (PSO/SKPS), Colombia",AV729,,Fatalities: 29 / Occupants: 29 
19661230-1,,Friday 30 December 1966,17:19,Douglas DC-7CF,Airlift International,,,, N4059K, 44926/695, 1956,,,,,Fatalities: 0 / Occupants: 4,Fatalities: 0 / Occupants: 0,,, Damaged beyond repair,,"Saigon Airport (SGN) (   Vietnam) 
", Takeoff (TOF),Cargo,"Saigon-Tan Son Nhat International Airport (SGN/VVTS), Vietnam","Manila International Airport (MNL/RPLL), Philippines",,,Fatalities: 0 / Occupants: 4 
19669999-0,,XX XXX 1966,,Antonov An-2R,JAT Agricultural Aviation,,,, YU-BBJ, 1G49-30, ,,,,,Fatalities:  / Occupants: ,Fatalities:  / Occupants: ,,, Damaged beyond repair,,"at an unknown location (   Serbia) 
", Unknown (UNK),Unknown,?,?,,,Fatalities:  / Occupants:  
19669999-1,,xx xxx 1966,,Antonov An-12,Soviet Air Force,,,, registration unknown, .901207, ,,,,,Fatalities: 0 / Occupants: ,Fatalities: 0 / Occupants: ,,, Damaged beyond repair,,"Tyumen Airport (TJM) (   Russia) 
", Takeoff (TOF),Cargo,"Tyumen Airport (TJM/USTR), Russia",?,,,Fatalities: 0 / Occupants:  
19660101-0,,Saturday 1 January 1966,,Douglas C-47A-80-DL (DC-3),Garuda Indonesia Airways,,,, PK-GDE, 19719, 1944,,, 2 Pratt & Whitney R-1830-92,,Fatalities: 4 / Occupants: 4,Fatalities: 13 / Occupants: 13,,Fatalities: 17, Damaged beyond repair,,"near Palembang (   Indonesia) 
", En route (ENR),Domestic Scheduled Passenger,"Jakarta (unknown airport), Indonesia","Palembang Airport (PLM/WIPP), Indonesia",,,Fatalities: 17 / Occupants: 17 
19660101-1,,Saturday 1 January 1966,,Douglas C-47A-25-DK (DC-3),Garuda Indonesia Airways,,,, PK-GDU, 13463, 1944,,, 2 Pratt & Whitney R-1830-92,,Fatalities: 4 / Occupants: 4,Fatalities: 13 / Occupants: 13,,Fatalities: 17, Damaged beyond repair,,"near Palembang (   Indonesia) 
", En route (ENR),Domestic Scheduled Passenger,"Jakarta (unknown airport), Indonesia","Palembang Airport (PLM/WIPP), Indonesia",,,Fatalities: 17 / Occupants: 17 
19660101-2,,Saturday 1 January 1966,05:30,Ilyushin Il-14P,"Aeroflot, Magadan Civil Aviation Directorate",,,, CCCP-61618, 602108, 1957,12368,,,11356,Fatalities: 5 / Occupants: 5,Fatalities: 18 / Occupants: 18,,, Destroyed, Written off (damaged beyond repair),"60 km (37.5 mls) NW of Petropavlovsk-Kamchatsky (   Russia) 
", En route (ENR),Domestic Scheduled Passenger,"Magadan-13 Airport (UHMT), Russia","Petropavlovsk-Kamchatsky Airport (PKC/UHPP), Russia",,,Fatalities: 23 / Occupants: 23 
19660104-0,,Tuesday 4 January 1966,,Fairchild C-123B-18-FA Provider,United States Air Force - USAF,,,, 56-4369, 20253, ,,,,,Fatalities: 0 / Occupants: 5,Fatalities: 0 / Occupants: 0,,, Damaged beyond repair,,"Tanh Linh Air Base (   Vietnam) 
", Unknown (UNK),Military,?,?,,,Fatalities: 0 / Occupants: 5 
19660104-1,,Tuesday 4 January 1966,,Douglas C-47B-25-DK (DC-3),Luftwaffe,,,, XA+118, 32728/15980, 1945,,,,,Fatalities: 0 / Occupants: ,Fatalities: 0 / Occupants: ,,, Damaged beyond repair,,"Hopsten Air Base (   Germany) 
", Unknown (UNK),Military,?,?,,,Fatalities: 0 / Occupants:  
19660106-0,,Thursday 6 January 1966,,Lockheed C-130B Hercules,United States Air Force - USAF,,,, 61-0972, 3669, 1962,,, 4 Allison T56-A-7,,Fatalities: 5 / Occupants: 5,Fatalities: 0 / Occupants: 0,,, Destroyed, Written off (damaged beyond repair),"ca 5 km E of Pleiku Airport (PXU) (   Vietnam) 
", Approach (APR),Military,"Saigon-Tan Son Nhat International Airport (SGN/VVTS), Vietnam","Pleiku Airport (PXU/VVPK), Vietnam",,,Fatalities: 5 / Occupants: 5 
19660106-1,,Thursday 6 January 1966,,Antonov An-2T,Polish Air Force,,,, 5212, 1G52-12, 1964,,,,,Fatalities:  / Occupants: ,Fatalities:  / Occupants: ,,, Damaged beyond repair,,"at an unknown location (   Unknown country) 
", Unknown (UNK),Military,?,?,,,Fatalities:  / Occupants:  
19660108-0,,Saturday 8 January 1966,,Fairchild C-119C-25-FA Flying Boxcar,United States Air Force - USAF,,,, 51-2611, 10600, ,,, 2 Pratt & Whitney R-4360-20WA,,Fatalities: 2 / Occupants: 3,Fatalities: 0 / Occupants: 0,Fatalities: 1,, Damaged beyond repair,,"near Scranton, PA (   United States of America) 
", En route (ENR),Military,"Windsor Locks-Bradley International Airport, CT (BDL/KBDL), United States of America","Binghamton Airport, NY (BGM/KBGM), United States of America",,,Fatalities: 2 / Occupants: 3 
19660109-0,,Sunday 9 January 1966,,Lockheed C-130B Hercules,United States Air Force - USAF,,,, 61-0970, 3667, 1962,,, 4 Allison T56-A-7,,Fatalities: 0 / Occupants: 5,Fatalities: 0 / Occupants: 0,,, Damaged beyond repair,,"An Khe (   Vietnam) 
", Landing (LDG),Military,"Saigon-Tan Son Nhat International Airport (SGN/VVTS), Vietnam","An Khe Air Base, Vietnam",,,Fatalities: 0 / Occupants: 5 
19660109-1,,Sunday 9 January 1966,,Fairchild C-123B-9-FA Provider,United States Air Force - USAF,,,, 54-0676, 20125, ,,,,,Fatalities: 0 / Occupants: 2,Fatalities: 0 / Occupants: 0,,, Damaged beyond repair,,"near Saigon (   Vietnam) 
", Unknown (UNK),Military,?,?,,,Fatalities: 0 / Occupants: 2 
19660109-3,Preliminary,Sunday 9 January 1966,ca 18:22,Douglas C-47 (DC-3),SATENA,,,, FAC-675, , ,,,,,Fatalities: 2 / Occupants: 2,Fatalities: 9 / Occupants: 9,,, Damaged beyond repair,,"near Chipaque (   Colombia) 
", En route (ENR),Domestic Scheduled Passenger,"Tame Airport (TME/SKTM), Colombia","Bogotá-Eldorado Airport (BOG/SKBO), Colombia",,,Fatalities: 11 / Occupants: 11 
19660109-5,,Sunday 9 January 1966,,Grumman HU-16A Albatross,Republic of China Air Force - ROCAF,,,, 11021, G-24, ,,,,,Fatalities: 0 / Occupants: 3,Fatalities: 0 / Occupants: 0,,, Damaged beyond repair,,"Taiwan Strait (   Taiwan) 
", En route (ENR),Military,"Matsu Airport (MFK/RCMT), Taiwan",?,,,Fatalities: 0 / Occupants: 3 
19660113-0,,Thursday 13 January 1966,,Fairchild C-123B-12-FA Provider,United States Air Force - USAF,,,, 55-4519, 20180, ,,,,,Fatalities: 6 / Occupants: 6,Fatalities: 0 / Occupants: 0,,Fatalities: 1, Damaged beyond repair,,"An Khe (   Vietnam) 
", Maneuvering (MNV),Military,?,?,,,Fatalities: 6 / Occupants: 6 
19660113-1,,Thursday 13 January 1966,,Douglas C-47A-20-DK (DC-3),United States Air Force - USAF,,,, 42-93090, 12963, 1944,,, 2 Pratt & Whitney R-1830-92,,Fatalities:  / Occupants: ,Fatalities:  / Occupants: ,,, Damaged beyond repair,,"Mount Helmos (   Greece) 
", En route (ENR),Military,"Izmir-Cigli Air Base (IGL/LTBL), Turkey","Napoli Airport (NAP/LIRN), Italy",,,Fatalities: 6 / Occupants: 10 
19660114-0,,Friday 14 January 1966,07:40,Douglas C-47A-75-DL (DC-3),Air America,,,, B-929, 19496, 1944,,, 2 Pratt & Whitney R-1830-92,,Fatalities: 0 / Occupants: 2,Fatalities: 0 / Occupants: 1,,, Damaged beyond repair,,"18 km (11.3 mls) N of Vi Thanh (   Vietnam) 
", Approach (APR),Domestic Non Scheduled Passenger,"Saigon-Tan Son Nhat International Airport (SGN/VVTS), Vietnam","Vi Thanh Airstrip, Vietnam",,,Fatalities: 0 / Occupants: 3 
19660114-1,,Friday 14 January 1966,,Tupolev Tu-134,Tupolev Design Bureau,,,, CCCP-45076, 0001, 1964,,, 2 Soloviev D-20,,Fatalities:  / Occupants: ,Fatalities:  / Occupants: ,,, Damaged beyond repair,,"near Chkalovsky (   Russia) 
", En route (ENR),Test,?,?,,,Fatalities: 8 / Occupants: 8 
19660114-2,,Friday 14 January 1966,ca 20:55,Douglas C-54B-1-DO (DC-4),Avianca,,,, HK-730, 18325, 1944,,,,,Fatalities: 4 / Occupants: 4,Fatalities: 52 / Occupants: 60,,, Damaged beyond repair,,"1,3 km (0.8 mls) off  Cartagena-Crespo Airport (CTG) (   Colombia) 
", Initial climb (ICL),Domestic Scheduled Passenger,"Cartagena-Crespo Airport (CTG/SKCG), Colombia","Bogotá-Eldorado Airport (BOG/SKBO), Colombia",AV4,,Fatalities: 56 / Occupants: 64 
19660114-3,,Friday 14 January 1966,15:07,Antonov An-2,Aeroflot / Uzbekistan,,,, CCCP-02185, 112247305, 1959,6885,,,,Fatalities: 2 / Occupants: 2,Fatalities: 9 / Occupants: 9,,, Damaged beyond repair,,"3,4 km (2.1 mls) from  Shamurat, Nurata district of the Samarkand region (   Uzbekistan) 
", En route (ENR),Domestic Scheduled Passenger,?,"Samarkand Airport (SKD/UTSS), Uzbekistan",330,,Fatalities: 11 / Occupants: 11 
19660117-0,,Monday 17 January 1966,10:30,Boeing KC-135A Stratotanker,United States Air Force - USAF,,,, 61-0273, 18180/495, 1961-11-01  (4 years 3 months),1947,, 4 Pratt & Whitney J57-P,,Fatalities: 4 / Occupants: 4,Fatalities: 0 / Occupants: 0,,Fatalities: 3, Destroyed, Written off (damaged beyond repair),"Palomares (   Spain) 
", En route (ENR),Military,"Morón Air Base (OZP/LEMO), Spain","Morón Air Base (OZP/LEMO), Spain",,,Fatalities: 4 / Occupants: 4 
19660120-0,,Thursday 20 January 1966,,Douglas R4D-1 (DC-3),Central African Republic Air Force,,,, TL-KAA, 9124, 1943,,,,,Fatalities: 3 / Occupants: 3,Fatalities: 0 / Occupants: 0,,, Damaged beyond repair,,"between Douala and Yaoundé (   Cameroon) 
", En route (ENR),Military,"Douala Airport (DLA/FKKD), Cameroon","Yaoundé-Ville Airport (YAO/FKKY), Cameroon",,,Fatalities: 3 / Occupants: 3 
19660122-0,,Saturday 22 January 1966,,Douglas DC-3,COHATA - Compagnie Haitienne de Transports Aériens,,,, N4662, , ,,,,,Fatalities: 7 / Occupants: 7,Fatalities: 23 / Occupants: 28,,, Damaged beyond repair,,"near Duchity (   Haiti) 
", Initial climb (ICL),Domestic Scheduled Passenger,"Les Cayes Airport (CYA/MTCA), Haiti","Jeremie Airport (JEE/MTJE), Haiti",,,Fatalities: 30 / Occupants: 35 
19660124-0,Final,Monday 24 January 1966,07:02 UTC,Boeing 707-437,Air-India,,,, VT-DMN, 18055/200, 1961,16188,, 4 Rolls-Royce Conway 508,,Fatalities: 11 / Occupants: 11,Fatalities: 106 / Occupants: 106,,, Destroyed, Written off (damaged beyond repair),"Mont Blanc (   France) 
", En route (ENR),International Scheduled Passenger,"Beirut International Airport (BEY/OLBA), Lebanon","Genève-Cointrin Airport (GVA/LSGG), Switzerland", 101,,Fatalities: 117 / Occupants: 117 
19660125-0,,Tuesday 25 January 1966,,Fairchild C-123K Provider,United States Air Force - USAF,,,, 54-0702, 20151, ,,,,,Fatalities: 4 / Occupants: 4,Fatalities: 42 / Occupants: 42,,, Damaged beyond repair,,"9 km (5.6 mls) E of An Khe (   Vietnam) 
", En route (ENR),Military,"An Khe Air Base, Vietnam","Bong Son Landing Zone, Vietnam",,,Fatalities: 46 / Occupants: 46 
19660126-0,,Wednesday 26 January 1966,20:00,Lockheed L-1049G Super Constellation,Trans World Airlines - TWA,,,, N7115C, 4596, 1955,,,,,Fatalities: 0 / Occupants: ,Fatalities: 0 / Occupants: ,,, Damaged beyond repair,,"New York-John F. Kennedy International Airport, NY (JFK) (   United States of America) 
", Taxi (TXI),Unknown,?,?,,,Fatalities: 0 / Occupants:  
19660127-0,,Thursday 27 January 1966,,Curtiss C-46A-40-CU Commando,Aerovías Halcón,,,, LV-GFW, 26961, 1944,,, 2 Pratt & Whitney R-2800-51,,Fatalities: 0 / Occupants: 4,Fatalities: 0 / Occupants: 0,,, Damaged beyond repair,,"5 km (3.1 mls) S of Río Cuarto, CD (   Argentina) 
", Landing (LDG),Cargo,"Río Gallegos Internacional Airport, SC (RGL/SAWG), Argentina","Villa Reynolds Airport, SL (SAOR), Argentina",,,Fatalities: 0 / Occupants: 4 
19660127-1,,Thursday 27 January 1966,,Lockheed EC-121M Super Constellation,United States Navy,,,, 135751, 4318, 1954,6555,,,,Fatalities: 0 / Occupants: 0,Fatalities: 0 / Occupants: 0,,, Damaged beyond repair,,"Atsugi NAS (NJA) (   Japan) 
", Standing (STD),Military,?,?,,,Fatalities: 0 / Occupants: 0 
19660128-0,Final,Friday 28 January 1966,17:50,Convair CV-440-0,Lufthansa,,,, D-ACAT, 464, 1958,13871,,,,Fatalities: 4 / Occupants: 4,Fatalities: 42 / Occupants: 42,,, Damaged beyond repair,,"0,5 km (0.3 mls) SW of Bremen Airport (BRE) (   Germany) 
", Approach (APR),Domestic Scheduled Passenger,"Frankfurt International Airport (FRA/EDDF), Germany","Bremen Airport (BRE/EDDW), Germany",LH005,,Fatalities: 46 / Occupants: 46 
19660130-0,,Sunday 30 January 1966,,Antonov An-2R,"Aeroflot, Kirovograd Flight School of Civil Aviation",,,, CCCP-02851, 1G55-36, 1965,496,,,1985,Fatalities: 1 / Occupants: 6,Fatalities: 0 / Occupants: 0,,, Damaged beyond repair,,"near Bolshaya Viska (   Ukraine) 
", En route (ENR),Training,?,?,,,Fatalities: 1 / Occupants: 6 
19660201-0,,Tuesday 1 February 1966,,Lockheed KC-130F Hercules,United States Marine Corps,,,, 149809, 3709, 1962,,,,,Fatalities: 6 / Occupants: 6,Fatalities: 0 / Occupants: 0,,, Destroyed, Written off (damaged beyond repair),"64 km (40 mls) E off  Dong Hoi, Vietnam [Gulf of Tonkin] (   Pacific Ocean) 
", En route (ENR),Military,"Da Nang Airport (DAD/VVDN), Vietnam","Da Nang Airport (DAD/VVDN), Vietnam",,,Fatalities: 6 / Occupants: 6 
19660202-0,,Wednesday 2 February 1966,,Douglas LC-47J,United States Navy,,,, 50832, 26383/14938, 1945,,,,,Fatalities: 6 / Occupants: 6,Fatalities: 0 / Occupants: 0,,, Damaged beyond repair,,"Ross Ice Shelf (   Antarctica) 
", Landing (LDG),Military,"McMurdo Station-Williams Field (NZWD), Antarctica","Byrd Station, Antarctica",,,Fatalities: 6 / Occupants: 6 
19660202-2,,Wednesday 2 February 1966,,Antonov An-24V,United Arab Airlines - UAA,,,, SU-AOB, 57302101, 1965,,,,,Fatalities:  / Occupants: ,Fatalities:  / Occupants: ,,, Damaged beyond repair,,"Luxor (   Egypt) 
", Unknown (UNK),Test,"Luxor Airport (LXR/HELX), Egypt",?,,,Fatalities:  / Occupants:  
19660203-0,,Thursday 3 February 1966,,Fairchild C-123B-13-FA Provider,United States Air Force - USAF,,,, 55-4537, 20198, ,,,,,Fatalities: 4 / Occupants: 4,Fatalities: 0 / Occupants: 0,,, Missing, Presumed damaged beyond repair,"16 km (10 mls) from  Khe Sanh (   Vietnam) 
", En route (ENR),Military,"Khe Sanh, Vietnam","Dong Ha Air Base, Vietnam",,,Fatalities: 4 / Occupants: 4 
19660204-0,,Friday 4 February 1966,19:00,Boeing 727-81,All Nippon Airways - ANA,,,, JA8302, 18822/126, 1965-03-11  (11 months),,, 3 Pratt & Whitney JT8D-7,,Fatalities: 7 / Occupants: 7,Fatalities: 126 / Occupants: 126,,, Destroyed, Written off (damaged beyond repair),"12 km (7.5 mls) ESE off  Tokyo-Haneda Airport (HND) [Tokyo Bay] (   Japan) 
", Approach (APR),Domestic Scheduled Passenger,"Sapporo-Chitose Airport (CTS/RJCC), Japan","Tokyo-Haneda Airport (HND/RJTT), Japan",  60,,Fatalities: 133 / Occupants: 133 
19660207-0,Final,Monday 7 February 1966,ca 11:55,Fokker F-27 Friendship 200,,Indian Airlines,,Schreiner Airways, PH-SAB, 10271, 1965,1930,,,1280,Fatalities: 4 / Occupants: 4,Fatalities: 33 / Occupants: 33,,, Destroyed, Written off (damaged beyond repair),"Banihall Pass (   India) 
", En route (ENR),Domestic Scheduled Passenger,"Srinagar Airport (SXR/VISR), India","Jammu-Satwari Airport (IXJ/VIJU), India",,,Fatalities: 37 / Occupants: 37 
19660212-0,,Saturday 12 February 1966,,Douglas C-124C Globemaster II,United States Air Force - USAF,,,, 52-0980, 43889, ,,, 4 Pratt & Whitney R-4360-20WA,,Fatalities: 8 / Occupants: 8,Fatalities: 0 / Occupants: 0,,, Destroyed, Written off (damaged beyond repair),"28 km (17.5 mls) SE of Granada (   Spain) 
", En route (ENR),Military,"Morón Air Base (OZP/LEMO), Spain","Murcia-San Javier Airport (MJV/LELC), Spain",,,Fatalities: 8 / Occupants: 8 
19660215-0,,Tuesday 15 February 1966,,Sud Aviation SE-210 Caravelle VI-N,Indian Airlines,,,, VT-DPP, 130, 1963,5411,,,,Fatalities: 0 / Occupants: 7,Fatalities: 2 / Occupants: 73,,, Damaged beyond repair,,"Delhi-Palam Airport (DEL) (   India) 
", Approach (APR),Domestic Scheduled Passenger,"Calcutta Airport (CCU/VECC), India","Delhi-Palam Airport (DEL/VIDP), India",,,Fatalities: 2 / Occupants: 80 
19660215-1,Preliminary,Tuesday 15 February 1966,,Shijiazhuang Y-5,CAAC,,,, 18152, , ,,,,,Fatalities: 0 / Occupants: 2,Fatalities: 0 / Occupants: 0,,, Damaged beyond repair,,"Gansu Province (   China) 
", Unknown (UNK),Unknown,?,?,,,Fatalities: 0 / Occupants: 2 
19660216-0,,Wednesday 16 February 1966,16:35,Ilyushin Il-14M,"Aeroflot, Komi Civil Aviation Directorate",,,, CCCP-52058, 7343609, 1957,17157,,,,Fatalities: 8 / Occupants: 8,Fatalities: 18 / Occupants: 18,,, Damaged beyond repair,,"40 km (25 mls) N of Pechora (   Russia) 
", En route (ENR),Domestic Scheduled Passenger,"Vorkuta Airport (VKT/UUYW), Russia","Syktyvkar Airport (SCW/UUYY), Russia", 302,,Fatalities: 26 / Occupants: 26 
19660217-0,,Thursday 17 February 1966,,Tupolev Tu-114D,"Aeroflot, International Civil Aviation Directorate",,,, CCCP-76491, 64M472, 1958,,, 4 Kuznetsov NK-12MV,,Fatalities:  / Occupants: 13,Fatalities:  / Occupants: 35,,, Damaged beyond repair,,"Moskva-Sheremetyevo Airport (SVO) (   Russia) 
", Takeoff (TOF),International Scheduled Passenger,"Moskva-Sheremetyevo Airport (SVO/UUEE), Russia","Conakry Airport (CKY/DGCY), Guinea",,,Fatalities: 21 / Occupants: 48 
19660218-0,,Friday 18 February 1966,02:04 UTC,Douglas DC-6B,Belgian International Air Services,,,, OO-ABG, 43829/351, 1953,,, 4 Pratt & Whitney R-2800,,Fatalities: 3 / Occupants: 3,Fatalities: 1 / Occupants: 1,,, Damaged beyond repair,,"near Milan-Malpensa (   Italy) 
", Approach (APR),Cargo,"Brussel-Zaventem Airport (BRU/EBBR), Belgium","Milano-Malpensa Airport (MXP/LIMC), Italy",,,Fatalities: 4 / Occupants: 4 
19660222-0,,Tuesday 22 February 1966,,Curtiss C-46D-5-CU Commando,Aerocarga Especializada,,,, XA-LOS, 32693, 1944,,,,,Fatalities: 0 / Occupants: ,Fatalities: 0 / Occupants: ,,, Damaged beyond repair,,"at an unknown location (   Mexico) 
", Landing (LDG),Unknown,?,?,,,Fatalities: 0 / Occupants:  
19660223-0,,Wednesday 23 February 1966,,Curtiss C-46D-15-CU Commando,Trans-Peruana,,,, OB-R-606, 33477, 1945,,,,,Fatalities: 3 / Occupants: 3,Fatalities: 0 / Occupants: 0,,, Damaged beyond repair,,"near Rioja (   Peru) 
", Unknown (UNK),Cargo,"Chiclayo-Capitan FAP Jose Abelardo Quiñones Airport (CIX/SPHI), Peru","Rioja Airport (RIJ/SBJA), Peru",,,Fatalities: 3 / Occupants: 3 
19660223-1,,Wednesday 23 February 1966,,Douglas C-47D (DC-3),United States Air Force - USAF,,,, 43-48297, 25558/14113, 1944,,,,,Fatalities:  / Occupants: ,Fatalities:  / Occupants: ,,, Damaged beyond repair,,"at an unknown location (   Unknown country) 
", Unknown (UNK),Military,?,?,,,Fatalities:  / Occupants:  
19660224-0,Final,Thursday 24 February 1966,13:57,Hawker Siddeley DH-125-1A,Kewitt Construction Company,,,, N1135K, 25019, 1965-01-24  (1 year 1 months),,,,,Fatalities: 0 / Occupants: 2,Fatalities: 0 / Occupants: 4,,, Damaged beyond repair,,"Des Moines Airport, IA (DSM) (   United States of America) 
", Takeoff (TOF),Executive,"Des Moines Airport, IA (DSM/KDSM), United States of America","Omaha-Eppley Airfield, NE (OMA/KOMA), United States of America",,,Fatalities: 0 / Occupants: 6 
19660226-0,,Saturday 26 February 1966,,Antonov An-2,"Aeroflot, Far East Civil Aviation Directorate",,,, CCCP-79910, 116647302, 1961,2711,,,,Fatalities: 2 / Occupants: 2,Fatalities: 1 / Occupants: 1,,, Damaged beyond repair,,"Mys Nalycheva (   Russia) 
", En route (ENR),Survey/research,"Milkovo (UHPM), Russia","Khalaktyrka Airport (UHPH), Russia",,,Fatalities: 3 / Occupants: 3 
19660301-0,,Tuesday 1 March 1966,,Douglas DC-7B,AREA Ecuador,,,, HC-AIP, 45194/791, 1957,,,,,Fatalities: 0 / Occupants: ,Fatalities: 0 / Occupants: ,,, Damaged beyond repair,,"Miami, FL (   United States of America) 
", Taxi (TXI),Unknown,?,?,,,Fatalities: 0 / Occupants:  
19660302-0,,Wednesday 2 March 1966,,Antonov An-2,"Aeroflot, Far East Civil Aviation Directorate",,,, CCCP-79860, 116347302, 1961,4792,,,,Fatalities: 2 / Occupants: 2,Fatalities: 0 / Occupants: 0,,, Damaged beyond repair,,"16 km (10 mls) W of Golubichnoye, Khabarovsk region (   Russia) 
", Unknown (UNK),Training,?,?,,,Fatalities: 2 / Occupants: 2 
19660304-0,Final,Friday 4 March 1966,20:15,Douglas DC-8-43,Canadian Pacific Air Lines - CPAL,,,, CF-CPK, 45761/237, 1965,1792,, 4 Rolls-Royce Conway 508-12,,Fatalities: 10 / Occupants: 10,Fatalities: 54 / Occupants: 62,,, Damaged beyond repair,,"Tokyo-Haneda Airport (HND) (   Japan) 
", Approach (APR),International Scheduled Passenger,"Hong Kong-Kai Tak International Airport (HKG/VHHH), Hong Kong","Tokyo-Haneda Airport (HND/RJTT), Japan", 402,,Fatalities: 64 / Occupants: 72 
19660305-1,Final,Saturday 5 March 1966,14:15,Boeing 707-436,British Overseas Airways Corporation - BOAC,,,, G-APFE, 17706/113, 1960,19523,, 4 Rolls-Royce Conway 508,6744,Fatalities: 11 / Occupants: 11,Fatalities: 113 / Occupants: 113,,, Destroyed, Written off (damaged beyond repair),"Mount Fuji (   Japan) 
", En route (ENR),International Scheduled Passenger,"Tokyo-Haneda Airport (HND/RJTT), Japan","Hong Kong-Kai Tak International Airport (HKG/VHHH), Hong Kong", 911,,Fatalities: 124 / Occupants: 124 
19660306-1,,Sunday 6 March 1966,09:45,Lockheed L-1049 Super Constellation,Lineas Aéreas Patagonicas Argentinas,,,, N6901C, 4015, 1952,,,,,Fatalities: 0 / Occupants: 5,Fatalities: 0 / Occupants: 0,,, Damaged beyond repair,,"SW off Callao (   Peru) 
", Unknown (UNK),Ferry/positioning,"Lima-Callao International Airport (LIM/SPIM), Peru","Asunción-Silvio Pettirossi International Airport (ASU/SGAS), Paraguay",,,Fatalities: 0 / Occupants: 5 
19660306-2,,Sunday 6 March 1966,,Curtiss C-46A-30-CU Commando,,United Nations - UN,,Transair Sweden, SE-CFG, 26710, 1943,,, 2 Pratt & Whitney R-2800-51,,Fatalities: 0 / Occupants: 3,Fatalities: 0 / Occupants: 0,,, Damaged beyond repair,,"Bunia Airport (BUX) (   Democratic Republic of the Congo) 
", Landing (LDG),Cargo,?,?,,,Fatalities: 0 / Occupants: 3 
19660309-0,,Wednesday 9 March 1966,ca 13:00,Douglas AC-47D Spooky,United States Air Force - USAF,,,, 44-76290, 32622/15874, 1945,,, 2 Pratt & Whitney R-1830-90,,Fatalities: 0 / Occupants: 6,Fatalities: 0 / Occupants: 0,,, Damaged beyond repair,,"8 km (5 mls) from  A Shau Special Forces Camp (   Vietnam) 
", Maneuvering (MNV),Military,"Da Nang Airport (DAD/VVDN), Vietnam","Da Nang Airport (DAD/VVDN), Vietnam",,,Fatalities: 0 / Occupants: 6 
19660310-1,,Thursday 10 March 1966,,Douglas DC-6A,Trans Mediterranean Airways - TMA,,,, OD-AEL, 45504/1009, 1958,,,,,Fatalities: 5 / Occupants: 5,Fatalities: 0 / Occupants: 0,,, Destroyed, Written off (damaged beyond repair),"Mt Parnon (   Greece) 
", En route (ENR),Cargo,"Beirut International Airport (BEY/OLBA), Lebanon","Frankfurt International Airport (FRA/EDDF), Germany",,,Fatalities: 5 / Occupants: 5 
19660313-0,,Sunday 13 March 1966,,Douglas AC-47D Spooky,United States Air Force - USAF,,,, 43-49268, 26529/15084, 1944,,, 2 Pratt & Whitney R-1830-90,,Fatalities: 7 / Occupants: 7,Fatalities: 0 / Occupants: 0,,, Missing, Presumed damaged beyond repair,"near A Roh (   Vietnam) 
", En route (ENR),Military,"Da Nang Airport (DAD/VVDN), Vietnam","Da Nang Airport (DAD/VVDN), Vietnam",,,Fatalities: 7 / Occupants: 7 
19660314-0,Preliminary,Monday 14 March 1966,,Grumman HU-16B Albatross,United States Air Force - USAF,,,, 51-071, G-151, ,,,,,Fatalities: 2 / Occupants: 6,Fatalities: 0 / Occupants: 0,,, Destroyed, Written off (damaged beyond repair),"off Haiphong (   Vietnam) 
", Standing (STD),Military,?,?,,,Fatalities: 2 / Occupants: 6 
19660318-0,,Friday 18 March 1966,18:40,Antonov An-24V,United Arab Airlines - UAA,,,, SU-AOA, 57302009, 1965,,,,,Fatalities: 5 / Occupants: 5,Fatalities: 25 / Occupants: 25,,, Damaged beyond repair,,"5 km (3.1 mls) NE of Cairo International Airport (CAI) (   Egypt) 
", Approach (APR),International Scheduled Passenger,"Nicosia Airport (NIC/LCNC), Cyprus","Cairo International Airport (CAI/HECA), Egypt", 749,,Fatalities: 30 / Occupants: 30 
19660319-0,Final,Saturday 19 March 1966,14:00,Learjet 23,Mutual Benefit Health & Accident,,,, N316M, 23-061, ,,,,,Fatalities: 0 / Occupants: 2,Fatalities: 0 / Occupants: 0,,, Damaged beyond repair,,"Lake Michigan, MI (   United States of America) 
", Approach (APR),Executive,?,"Chicago-Merrill C Meigs Field, IL (CGX/KCGX), United States of America",,,Fatalities: 0 / Occupants: 2 
19660320-0,,Sunday 20 March 1966,,Curtiss C-46F-1-CU Commando,Servicios Americanos,,,, N1245N, 22473, 1945,,,,,Fatalities: 2 / Occupants: 2,Fatalities: 0 / Occupants: 0,,, Damaged beyond repair,,"near Asunción (   Paraguay) 
", Unknown (UNK),Cargo,"Asunción-Silvio Pettirossi Airport (ASU/SGAS), Paraguay","Montevideo-Carrasco Airport (MVD/SUMU), Uruguay",,,Fatalities: 2 / Occupants: 2 
19660320-1,,Sunday 20 March 1966,01:30,Lockheed C-130B Hercules,United States Air Force - USAF,,,, 61-2641, 3677, 1962,,, 4 Allison T56-A-7,,Fatalities: 7 / Occupants: 7,Fatalities: 0 / Occupants: 0,,, Destroyed, Written off (damaged beyond repair),"50 km (31.3 mls) NW of Bardufoss Airport (BDU) (   Norway) 
", En route (ENR),Military,"Evreux Airport (EVX/LFOE), France","Bardufoss Airport (BDU/ENDU), Norway",,,Fatalities: 7 / Occupants: 7 
19660321-0,Final,Monday 21 March 1966,15:25,Canadair CL-44D4-2,Flying Tiger Line,,,, N453T, 22, 1961-08-25  (4 years 7 months),,, 4 Rolls-Royce Tyne 515,,Fatalities: 0 / Occupants: 6,Fatalities: 0 / Occupants: 0,,, Damaged beyond repair,,"Norfolk-NAS Chambers, VA (NGU) (   United States of America) 
", Landing (LDG),Cargo,"Indianapolis-Weir Cook Municipal Airport, IN (IND/KIND), United States of America","Norfolk NAS Chambers, VA (NGU/KNGU), United States of America",6303,,Fatalities: 0 / Occupants: 6 
19660325-0,,Friday 25 March 1966,,de Havilland Canada DHC-3 Otter,Royal Canadian Air Force - RCAF,,,, 3678, 36, 1954,,,,,Fatalities:  / Occupants: ,Fatalities:  / Occupants: ,,, Damaged beyond repair,,"at an unknown location (   Unknown country) 
", Unknown (UNK),Military,?,?,,,Fatalities:  / Occupants:  
19660326-0,,Saturday 26 March 1966,,Lockheed C-130A Hercules,United States Air Force - USAF,,,, 56-0506, 3114, 1957,,,,,Fatalities: 0 / Occupants: 6,Fatalities: 0 / Occupants: 0,,, Damaged beyond repair,,"Tuy Hoa (TBB) (   Vietnam) 
", Landing (LDG),Military,?,"Tuy Hoa Airport (TBB/VVTH), Vietnam",,,Fatalities: 0 / Occupants: 6 
19660326-1,Preliminary,Saturday 26 March 1966,,Douglas C-47A-85-DL (DC-3),Royal Thai Air Force - RTAF,,,, L2-18/00, 20053, 1944,,, 2 Pratt & Whitney R-1830-92,,Fatalities:  / Occupants: ,Fatalities:  / Occupants: ,,, Damaged beyond repair,,"northeastern Laos (   Laos) 
", En route (ENR),Military,"Chiang Mai International Airport (CNX/VTCC), Thailand","Udorn Royal Thai Air Force Base (UTH/VTUD), Thailand",,,Fatalities:  / Occupants: 7 
19660327-0,,Sunday 27 March 1966,,Ilyushin Il-18B,Cubana de Aviación,,,, CU-T831, 182005202, ,,,,,Fatalities: 2 / Occupants: ,Fatalities: 0 / Occupants: ,,, Unknown,,"Havana-José Martí International Airport (HAV) (   Cuba) 
", En route (ENR),Domestic Scheduled Passenger,"Santiago-Antonio Maceo Airport (SCU/MUCU), Cuba","Havana-José Martí International Airport (HAV/MUHA), Cuba",,,Fatalities: 2 / Occupants:  
19660328-0,,Monday 28 March 1966,,Antonov An-2,Unknown,,,, registration unknown, , ,,,,,Fatalities:  / Occupants: ,Fatalities:  / Occupants: ,,, Damaged beyond repair,,"Playa de Bibijagua (   Cuba) 
", Unknown (UNK),Ambulance,"Nueva Gerona Airport (GER/MUNG), Cuba","Havana-José Martí International Airport (HAV/MUHA), Cuba",,,Fatalities: 6 / Occupants: 6 
19660329-0,,Tuesday 29 March 1966,,Lockheed C-130B Hercules,United States Air Force - USAF,,,, 61-0953, 3630, 1961,,, 4 Allison T56-A-7,,Fatalities: 3 / Occupants: 5,Fatalities: 0 / Occupants: 0,,, Damaged beyond repair,,"near Pleiku Airport (PXU) (   Vietnam) 
", Approach (APR),Military,?,"Pleiku Airport (PXU/VVPK), Vietnam",,,Fatalities: 3 / Occupants: 5 
19660401-0,Final,Friday 1 April 1966,,Vickers 779D Viscount,Indian Airlines,,,, VT-DOD, 247, 1957-03-11  (9 years ),,, 4 Rolls-Royce Dart 510,,Fatalities: 0 / Occupants: 2,Fatalities: 0 / Occupants: 9,,, Substantial, Repaired,"Guwahati-Borjhar Airport (GAU) (   India) 
", Taxi (TXI),Domestic Scheduled Passenger,?,?,,,Fatalities: 0 / Occupants: 11 
19660401-1,,Friday 1 April 1966,14:45,Douglas TC-47K (DC-3),C.D. Stoltzfus & Associates,,,, N91375, 33180/16432, 1945,,,,,Fatalities: 0 / Occupants: 2,Fatalities: 0 / Occupants: 0,,, Damaged beyond repair,,"Litchfield Park Airport, AZ (   United States of America) 
", Landing (LDG),Ferry/positioning,"Goodyear-Litchfield Park NAS, AZ (GYR/KGYR), United States of America","Litchfield Park Airport, AZ (KGEU), United States of America",,,Fatalities: 0 / Occupants: 2 
19660409-0,,Saturday 9 April 1966,19:25,Lockheed P-3A Orion,United States Navy,,,, 152171, 185-5141, 1965,,,,,Fatalities: 11 / Occupants: 11,Fatalities: 0 / Occupants: 0,,, Damaged beyond repair,,"300 km (187.5 mls) S off  San Diego-North Island NAS, CA (NZY), USA (   Pacific Ocean) 
", En route (ENR),Military,"Mountain View-Moffett Field, CA (NUQ/KNUQ), United States of America","Mountain View-Moffett Field, CA (NUQ/KNUQ), United States of America",,,Fatalities: 11 / Occupants: 11 
19660413-0,,Wednesday 13 April 1966,,Fairchild C-123B-19-FA Provider,United States Air Force - USAF,,,, 56-4382, 20266, ,,,,,Fatalities: 0 / Occupants: 0,Fatalities: 0 / Occupants: 0,,, Destroyed, Written off (damaged beyond repair),"Saigon-Tan Son Nhut Airport (SGN) (   Vietnam) 
", Standing (STD),Military,-,-,,,Fatalities: 0 / Occupants: 0 
19660414-1,,Thursday 14 April 1966,,Airspeed AS.57 Ambassador 2,Dan-Air Services,,,, G-ALZX, 5220, 1952,,, 2 Bristol Centaurus 661,,Fatalities: 0 / Occupants: 4,Fatalities: 0 / Occupants: 55,,, Damaged beyond repair,,"Beauvais-Tillé Airport (BVA) (   France) 
", Landing (LDG),Int'l Non Scheduled Passenger,?,"Beauvais-Tillé Airport (BVA/LFOB), France",,,Fatalities: 0 / Occupants: 59 
19660415-0,,Friday 15 April 1966,,Lockheed CC-130B Hercules,Royal Canadian Air Force - RCAF,,,, 10304, 3590, 1960,,,,,Fatalities: 0 / Occupants: ,Fatalities: 0 / Occupants: ,,, Damaged beyond repair,,"North Battleford, SK (   Canada) 
", En route (ENR),Military,"Rivers RCAF Station, MB (YYI), Canada",?,,,Fatalities: 0 / Occupants:  
19660416-0,,Saturday 16 April 1966,,Douglas DC-3C,Jugoslovenski Aerotransport - JAT,,,, YU-ABG, 25480/14035, 1944,,,,,Fatalities:  / Occupants: ,Fatalities:  / Occupants: ,,, Damaged beyond repair,,"Skopje Airport (SKP) (   North Macedonia) 
", Takeoff (TOF),Unknown,"Skopje Airport (SKP/LWSK), North Macedonia",?,,,Fatalities:  / Occupants:  
19660417-0,,Sunday 17 April 1966,,Douglas C-47A-90-DL (DC-3),"Continental Air Services, Inc. - CASI",,,, N8744R, 20156, 1944,,, 2 Pratt & Whitney R-1830-92,,Fatalities: 2 / Occupants: 2,Fatalities: 0 / Occupants: 0,,, Damaged beyond repair,,"Sam Neua (   Laos) 
", Maneuvering (MNV),Cargo,?,?,,,Fatalities: 2 / Occupants: 2 
19660417-1,,Sunday 17 April 1966,,Fairchild C-119CF-FA Flying Boxcar,United States Air Force - USAF,,,, 51-8019, 10762, ,,,,,Fatalities: 0 / Occupants: 3,Fatalities: 0 / Occupants: 0,,, Damaged beyond repair,,"Belleville-Scott AFB, IL (BLV) (   United States of America) 
", Takeoff (TOF),Military,"Belleville-Scott AFB, IL (BLV/KBLV), United States of America","Belleville-Scott AFB, IL (BLV/KBLV), United States of America",,,Fatalities: 0 / Occupants: 3 
19660420-0,,Wednesday 20 April 1966,,Douglas C-47B-45-DK (DC-3),Varig,,,, PP-VAY, 34276/17013, 1945,,,,,Fatalities: 0 / Occupants: ,Fatalities: 0 / Occupants: ,,, Damaged beyond repair,,"Porto Nacional Airport, TO (PNB) (   Brazil) 
", Unknown (UNK),Unknown,?,"Porto Nacional Airport, TO (PNB/SBPN), Brazil",,,Fatalities: 0 / Occupants:  
19660422-0,Final,Friday 22 April 1966,20:30,Lockheed L-188C Electra,American Flyers Airline,,,, N183H, 1136, 1961,4019,, 4 Allison 501-D13A,,Fatalities: 5 / Occupants: 5,Fatalities: 78 / Occupants: 93,,, Destroyed, Written off (damaged beyond repair),"2,4 km (1.5 mls) NE of Ardmore Municipal Airport, OK (ADM) (   United States of America) 
", Approach (APR),Domestic Non Scheduled Passenger,"Monterey Peninsula Airport, CA (MRY/KMRY), United States of America","Ardmore Municipal Airport, OK (ADM/KADM), United States of America", 280/D,,Fatalities: 83 / Occupants: 98 
19660423-0,Final,Saturday 23 April 1966,12:38,Learjet 23,Rexall Drug & Chemical Company,,,, N235R, 23-032, ,,,,,Fatalities: 2 / Occupants: 2,Fatalities: 0 / Occupants: 0,,, Damaged beyond repair,,"2,4 km (1.5 mls) SW of Clarendon, TX (   United States of America) 
", En route (ENR),Training,"Amarillo International Airport, TX (AMA/KAMA), United States of America","Fort Worth (unknown airport), TX, United States of America",,,Fatalities: 2 / Occupants: 2 
19660423-1,,Saturday 23 April 1966,08:03,Ilyushin Il-14,Aeroflot / Azerbaijan,,,, CCCP-61772, 146000310, 1956,16257,,,,Fatalities: 5 / Occupants: 5,Fatalities: 28 / Occupants: 28,,, Damaged beyond repair,,"ca 18 km S off Boyuk Zira (   Azerbaijan) 
", En route (ENR),Domestic Scheduled Passenger,"Baku-Bina International Airport (BAK/UBBB), Azerbaijan","Makhachkala Airport (MCX/URML), Russia",2723,,Fatalities: 33 / Occupants: 33 
19660423-2,,Saturday 23 April 1966,,Antonov An-2R,"Aeroflot, North Kavkaz Civil Aviation Directorate",,,, CCCP-02807, 1G54-12, 1965,1041,,,,Fatalities: 2 / Occupants: 2,Fatalities: 1 / Occupants: 1,,, Damaged beyond repair,,"12 km (7.5 mls) E of Labinsk (   Russia) 
", En route (ENR),Agricultural,?,?,,,Fatalities: 3 / Occupants: 3 
19660423-4,,Saturday 23 April 1966,,Grumman CSR-110 Albatross (HU-16B),Royal Canadian Air Force - RCAF,,,, 9302, G-450, ,,,,,Fatalities:  / Occupants: ,Fatalities:  / Occupants: ,,, Damaged beyond repair,,"1,8 km (1.1 mls) E of Hope Slide, BC (   Canada) 
", En route (ENR),Military,"Comox Airport, BC (YQQ/CYQQ), Canada","Williams Lake Airport, BC (YWL/CYWL), Canada",,,Fatalities: 5 / Occupants: 6 
19660425-0,Final,Monday 25 April 1966,,Douglas C-47A-1-DK (DC-3),Indian Airlines,,,, VT-DDR, 12070, 1943,,, 2 Pratt & Whitney R-1830-92,,Fatalities: 0 / Occupants: 3,Fatalities: 0 / Occupants: 0,,, Substantial, Written off (damaged beyond repair),"Nagpur Airport (NAG) (   India) 
", Landing (LDG),Domestic Scheduled Passenger,?,"Nagpur-Sonegaon Airport (NAG/VANP), India",,,Fatalities: 0 / Occupants: 3 
19660427-0,Final,Wednesday 27 April 1966,08:05,Lockheed L-749A Constellation,Lineas Aéreas Nacionales S.A. - LANSA,,,, OB-R-771, 2521, 1947,48799,,,,Fatalities: 6 / Occupants: 6,Fatalities: 43 / Occupants: 43,,, Damaged beyond repair,,"Mount Talaula (   Peru) 
", En route (ENR),Domestic Scheduled Passenger,"Lima-Jorge Chávez International Airport (LIM/SPIM), Peru","Cuzco-Velazco Astete Airport (CUZ/SPZO), Peru", 501,,Fatalities: 49 / Occupants: 49 
19660427-1,,Wednesday 27 April 1966,,Douglas C-47A-30-DK (DC-3),L'Armée de L'Air,,,, 47985, 25245/13801, 1944,,, 2 Pratt & Whitney R-1830-92,,Fatalities:  / Occupants: ,Fatalities:  / Occupants: ,,, Damaged beyond repair,,"at an unknown location (   Unknown country) 
", Unknown (UNK),Military,?,?,,,Fatalities:  / Occupants:  
19660428-0,,Thursday 28 April 1966,03:45 UTC,Curtiss C-46D-20-CU Commando,,Air America,,China Airlines, CA-1, 22367, 1945,,,,,Fatalities: 0 / Occupants: ,Fatalities: 0 / Occupants: ,Fatalities: 2,, Damaged beyond repair,,"Kon Tum Airfield (   Vietnam) 
", Takeoff (TOF),Unknown,"Kon Tum Airfield, Vietnam",?,,,Fatalities: 0 / Occupants:  
19660504-0,,Wednesday 4 May 1966,,Handley Page Hastings C.1,Royal Air Force - RAF,,,, TG575, HP67/66, ,,,,,Fatalities: 0 / Occupants: ,Fatalities: 0 / Occupants: ,,, Damaged beyond repair,,"El Adem RAF Station (   Libya) 
", Landing (LDG),Military,"El Adem RAF Station, Libya","El Adem RAF Station, Libya",,,Fatalities: 0 / Occupants:  
19660506-0,,Friday 6 May 1966,,Antonov An-2,Unknown,,,, LZ-..., , ,,,,,Fatalities: 2 / Occupants: 2,Fatalities: 0 / Occupants: 0,,, Damaged beyond repair,,"Gradnitsa (   Bulgaria) 
", Unknown (UNK),Unknown,?,?,,,Fatalities: 2 / Occupants: 2 
19660510-0,,Tuesday 10 May 1966,,de Havilland Canada CV-2B Caribou (DHC-4),United States Army,,,, 62-4165, 103, ,,,,,Fatalities: 2 / Occupants: 4,Fatalities: 0 / Occupants: 0,,, Damaged beyond repair,,"Cai Cai Camp, Kien Tuong Province (   Vietnam) 
", Maneuvering (MNV),Military,?,?,,,Fatalities: 2 / Occupants: 4 
19660511-1,,Wednesday 11 May 1966,ca 18:10,Douglas R4D-5 (DC-3),Polynesian Airlines,,,, 5W-FAB, 25441/13996, 1944,,,,,Fatalities: 3 / Occupants: 3,Fatalities: 0 / Occupants: 0,,, Damaged beyond repair,,"Apolima Strait (   Samoa) 
", En route (ENR),Training,"Apia-Faleolo Airport (APW/NSFA), Samoa","Apia-Faleolo Airport (APW/NSFA), Samoa",,,Fatalities: 3 / Occupants: 3 
19660515-0,,Sunday 15 May 1966,,Douglas AC-47D Spooky,United States Air Force - USAF,,,, 43-49546, 26807/15362, 1944,,, 2 Pratt & Whitney R-1830-90,,Fatalities: 10 / Occupants: 10,Fatalities: 0 / Occupants: 0,,, Damaged beyond repair,,"16 km (10 mls) SE of Ban Hai (   Laos) 
", En route (ENR),Military,"Ubon Ratchathani RTAFB (UBP/VTUU), Thailand","Ubon Ratchathani RTAFB (UBP/VTUU), Thailand",,,Fatalities: 10 / Occupants: 10 
19660517-0,,Tuesday 17 May 1966,21:45,Boeing KC-135A Stratotanker,United States Air Force - USAF,,,, 57-1424, 17495/104, 1958-06-11  (7 years 11 months),3482,, 4 Pratt & Whitney J57-P,,Fatalities: 4 / Occupants: 4,Fatalities: 1 / Occupants: 1,,, Destroyed, Written off (damaged beyond repair),"Amarillo AFB, TX (AMA) (   United States of America) 
", Landing (LDG),Military,"Amarillo AFB, TX (AMA/KAMA), United States of America","Amarillo AFB, TX (AMA/KAMA), United States of America",,,Fatalities: 5 / Occupants: 5 
19660517-1,,Tuesday 17 May 1966,,Fairchild C-123B-13-FA Provider,United States Air Force - USAF,,,, 55-4534, 20195, ,,,,,Fatalities: 5 / Occupants: 5,Fatalities: 0 / Occupants: 0,,, Damaged beyond repair,,"near Vinh Thanh (   Vietnam) 
", En route (ENR),Military,"Nha Trang Airport (NHA/VVNT), Vietnam","Nha Trang Airport (NHA/VVNT), Vietnam",,,Fatalities: 5 / Occupants: 5 
19660518-0,Final,Wednesday 18 May 1966,17:40,Douglas DC-7,United Airlines,,,, N6339C, 45153/822, 1957,,,,,Fatalities: 0 / Occupants: 4,Fatalities: 0 / Occupants: 0,,, Damaged beyond repair,,"Denver-Stapleton International Airport, CO (DEN) (   United States of America) 
", Landing (LDG),Training,?,"Denver-Stapleton International Airport, CO (DEN/KDEN), United States of America",,,Fatalities: 0 / Occupants: 4 
19660518-1,,Wednesday 18 May 1966,,CASA 352 (Junkers Ju-52),Ejército del Aire,,,, T.2B-266, 157, ,,,,,Fatalities:  / Occupants: ,Fatalities:  / Occupants: ,,, Damaged beyond repair,,"at an unknown location (   Unknown country) 
", Unknown (UNK),Military,?,?,,,Fatalities:  / Occupants:  
19660518-2,,Wednesday 18 May 1966,14:30,Lockheed P-2H Neptune,United States Navy,,,, 147953, 726-7203, ,,,,,Fatalities: 0 / Occupants: 7,Fatalities: 0 / Occupants: 0,,, Damaged beyond repair,,"6,4 km (4 mls) S of San Diego-North Island NAS, CA (NZY) (   United States of America) 
", Approach (APR),Military,?,"San Diego-North Island NAS, CA (NZY/KNZY), United States of America",,,Fatalities: 0 / Occupants: 7 
19660519-0,,Thursday 19 May 1966,ca 12:00,Boeing KC-135A Stratotanker,United States Air Force - USAF,,,, 57-1444, 17515/124, 1958-07-24  (7 years 10 months),3387,, 4 Pratt & Whitney J57-P,,Fatalities: 5 / Occupants: 5,Fatalities: 6 / Occupants: 6,Fatalities: 1,, Destroyed, Written off (damaged beyond repair),"Okinawa-Kadena AFB (DNA) (   Japan) 
", Takeoff (TOF),Military,"Okinawa-Kadena AFB (DNA/RODN), Japan","Tokyo-Yokota AFB (OKO/RJTY), Japan",,,Fatalities: 11 / Occupants: 11 
19660531-0,,Tuesday 31 May 1966,,Lockheed C-130E Hercules,United States Air Force - USAF,,,, 64-0511, 3995, 1964,,,,,Fatalities: 8 / Occupants: 8,Fatalities: 0 / Occupants: 0,,, Damaged beyond repair,,"ca 35 km from Thanh Hoa Bridge, Song Ma River (   Vietnam) 
", En route (ENR),Military,"Da Nang Airport (DAD/VVDN), Vietnam","Da Nang Airport (DAD/VVDN), Vietnam",,,Fatalities: 8 / Occupants: 8 
19660603-0,,Friday 3 June 1966,,Douglas AC-47D Spooky,United States Air Force - USAF,,,, 43-48925, 26186/14741, 1944,,, 2 Pratt & Whitney R-1830-90,,Fatalities: 6 / Occupants: 6,Fatalities: 0 / Occupants: 0,,, Damaged beyond repair,,"near Ban Phakat (   Laos) 
", En route (ENR),Military,"Ubon Ratchathani RTAFB (UBP/VTUU), Thailand","Ubon Ratchathani RTAFB (UBP/VTUU), Thailand",,,Fatalities: 6 / Occupants: 6 
19660603-1,Final,Friday 3 June 1966,ca 18:35,Hawker Siddeley HS-121 Trident 1C,Hawker Siddeley Aviation,,,, G-ARPY, 2126, 1966-06-03  (),1,, 3 Rolls-Royce Spey 505-5,0,Fatalities: 4 / Occupants: 4,Fatalities: 0 / Occupants: 0,,, Destroyed, Written off (damaged beyond repair),"1,6 km (1 mls) SSW of Felthorpe (   United Kingdom) 
", Maneuvering (MNV),Test,"Hatfield Airport (HTF/EGTH), United Kingdom","Hatfield Airport (HTF/EGTH), United Kingdom",,,Fatalities: 4 / Occupants: 4 
19660604-0,,Saturday 4 June 1966,,Douglas C-47A-80-DL (DC-3),Fuerza Aérea del Peru - FAP,,,, FAP-367, 19749, 1944,,, 2 Pratt & Whitney R-1830-92,,Fatalities:  / Occupants: ,Fatalities:  / Occupants: ,,, Damaged beyond repair,,"San Ramon (   Peru) 
", Unknown (UNK),Military,?,?,,,Fatalities:  / Occupants:  
19660605-0,Final,Sunday 5 June 1966,15:12 UTC,de Havilland DH-125-1,Air Affaires,,,, F-BKMF, 25007, 1964,798,, 2 Bristol Siddeley Viper 520,,Fatalities: 2 / Occupants: 2,Fatalities: 0 / Occupants: 0,,, Damaged beyond repair,,"1,5 km (0.9 mls) SW off  Nice-Côte d'Azur Airport (NCE) (   France) 
", Maneuvering (MNV),Demonstration,"Cannes-Mandelieu Airport (CEQ/LFMD), France","Nice-Côte d'Azur Airport (NCE/LFMN), France",,,Fatalities: 2 / Occupants: 2 
19660606-0,,Monday 6 June 1966,,Lockheed L-749A Constellation,Pacific Northern Airlines,,,, N86523, 2659, 1950,,,,,Fatalities: 0 / Occupants: ,Fatalities: 0 / Occupants: ,,, Damaged beyond repair,,"Kenai Airport, AK (ENA) (   United States of America) 
", Landing (LDG),Cargo,?,?,,,Fatalities: 0 / Occupants:  
19660613-0,,Monday 13 June 1966,,Tupolev Tu-124,Aeroflot / Belarus,,,, CCCP-45017, 1350502, ,,,,,Fatalities: 0 / Occupants: ,Fatalities: 0 / Occupants: ,,, Damaged beyond repair,,"Minsk-1 International Airport (MHP) (   Belarus) 
", Landing (LDG),Unknown,?,"Minsk-1 International Airport (MHP/UMMM), Belarus",,,Fatalities: 0 / Occupants:  
19660614-0,,Tuesday 14 June 1966,,Vickers Varsity T.1,Royal Air Force - RAF,,,, WF334, 526, 1951,,, 2 Bristol Hercules 264,,Fatalities:  / Occupants: ,Fatalities:  / Occupants: ,,Fatalities: 1, Damaged beyond repair,,"near Immingham (   United Kingdom) 
", Unknown (UNK),Military,"Lindholme RAF Station, United Kingdom","Lindholme RAF Station, United Kingdom",,,Fatalities: 1 / Occupants: 7 
19660616-0,,Thursday 16 June 1966,08:48,Curtiss C-46A-60-CK Commando,Zantop Air Transport,,,, N10415,   341, 1945,,, 2 Pratt & Whitney R-2800-51,,Fatalities: 2 / Occupants: 2,Fatalities: 0 / Occupants: 0,,Fatalities: 1, Damaged beyond repair,,"10 km (6.3 mls) NW of Columbia City, IN (   United States of America) 
", En route (ENR),Cargo,"Detroit-Metropolitan Wayne County Airport, MI (DTW/KDTW), United States of America","Kansas City Downtown Municipal Airport, MO (MKC/KMKC), United States of America",,,Fatalities: 2 / Occupants: 2 
19660617-0,,Friday 17 June 1966,,Lockheed C-130E Hercules,United States Air Force - USAF,,,, 63-7785, 3852, 1963,,, 4 Allison T56-A-7,,Fatalities: 8 / Occupants: 8,Fatalities: 0 / Occupants: 0,,, Destroyed, Written off (damaged beyond repair),"8 km (5 mls) off  Phu Hiep (   Vietnam) 
", En route (ENR),Military,"Cam Ranh Airport (VVCR), Vietnam","Okinawa-Kadena AFB (DNA/RODN), Japan",,,Fatalities: 8 / Occupants: 8 
19660618-1,,Saturday 18 June 1966,,Fairchild UC-123B Provider,United States Air Force - USAF,,,, 56-4378, 20262, ,,,,,Fatalities: 0 / Occupants: 3,Fatalities: 0 / Occupants: 0,,, Damaged beyond repair,,"5 km (3.1 mls) N of Tam Ky (   Vietnam) 
", Maneuvering (MNV),Military,?,?,,,Fatalities: 0 / Occupants: 3 
19660620-0,,Monday 20 June 1966,,Curtiss C-46E-1-CS Commando,Nordair,,,, CF-FBJ,  2941, 1945,,,,,Fatalities: 2 / Occupants: 2,Fatalities: 0 / Occupants: 0,,, Damaged beyond repair,,"Lac Péribonka, QC (   Canada) 
", En route (ENR),Cargo,"Montreal-Dorval International Airport, QC (YUL/CYUL), Canada","Kuujjuaq-Fort Chimo Airport, QC (YVP/CYVP), Canada",,,Fatalities: 2 / Occupants: 2 
19660623-0,,Thursday 23 June 1966,,Douglas C-47A-90-DL (DC-3),Varig,,,, PP-YPK, 20181, 1944,,, 2 Pratt & Whitney R-1830-92,,Fatalities:  / Occupants: ,Fatalities:  / Occupants: ,,, Damaged beyond repair,,"Porto Nacional Airport, TO (PNB) (   Brazil) 
", Unknown (UNK),Unknown,?,?,,,Fatalities:  / Occupants:  
19660624-0,,Friday 24 June 1966,,Antonov An-2,Aeroflot / Armenia,,,, CCCP-01127, 17547315 ?, ,5359,,,,Fatalities: 0 / Occupants: 2,Fatalities: 1 / Occupants: 1,,, Damaged beyond repair,,"Arteni, Talin district (   Armenia) 
", En route (ENR),Agricultural,?,?,,,Fatalities: 1 / Occupants: 3 
19660625-0,,Saturday 25 June 1966,,Fokker F-27 Friendship 200,Union of Burma Airways,,,, XY-ADL, 10236, 1963,4897,,,4732,Fatalities: 0 / Occupants: ,Fatalities: 0 / Occupants: ,,, Damaged beyond repair,,"Maulmyine Airport (MNU) (   Myanmar) 
", Landing (LDG),Unknown,?,"Maulmyine Airport (MNU/VYMM), Myanmar",,,Fatalities: 0 / Occupants:  
19660627-0,,Monday 27 June 1966,11:15,Douglas DC-3-208,Aeronaut Air Services,,,, N17337, 1962, 1937,,,,,Fatalities: 1 / Occupants: 2,Fatalities: 1 / Occupants: 10,,, Damaged beyond repair,,"Long Beach, MS (   United States of America) 
", En route (ENR),Domestic Non Scheduled Passenger,"Gulfport-Biloxi Regional Airport, MS (GPT/KGPT), United States of America","New Orleans-Moisant Field, LA (MSY/KMSY), United States of America",,,Fatalities: 2 / Occupants: 12 
19660628-1,,Tuesday 28 June 1966,,Douglas DC-3 Hiper,Avianca,,,, HK-140, 6354, 1943,,,,,Fatalities: 0 / Occupants: ,Fatalities: 0 / Occupants: ,,, Substantial, Repaired,"Lorica Airport (   Colombia) 
", Landing (LDG),Domestic Scheduled Passenger,?,?,,,Fatalities: 0 / Occupants: 23 
19660629-1,,Wednesday 29 June 1966,ca 12:15,Douglas C-47A-90-DL (DC-3),Philippine Air Lines,,,, PI-C17, 20573, 1944,,, 2 Pratt & Whitney R-1830-92,,Fatalities: 4 / Occupants: 4,Fatalities: 22 / Occupants: 24,,, Destroyed, Written off (damaged beyond repair),"near Sablayan (   Philippines) 
", En route (ENR),Domestic Scheduled Passenger,"Mamburao Airport (MBO/RPUM), Philippines",?, 785,,Fatalities: 26 / Occupants: 28 
19660630-0,,Thursday 30 June 1966,,Douglas DC-6,TAN Honduras (Transportes Aéreos Nacionales),,,, HR-TNG, 42887/36, 1947,,,,,Fatalities: 0 / Occupants: 3,Fatalities: 0 / Occupants: 0,,, Damaged beyond repair,,"Tegucigalpa-Toncontin Airport (TGU) (   Honduras) 
", Landing (LDG),Cargo,"Miami International Airport, FL (MIA/KMIA), United States of America","Tegucigalpa-Toncontin Airport (TGU/MHTG), Honduras",,,Fatalities: 0 / Occupants: 3 
19660630-1,,Thursday 30 June 1966,,Hawker Siddeley HS-121 Trident 1E,Kuwait Airways,,,, 9K-ACG, 2118, 1965,,,,,Fatalities: 0 / Occupants: 11,Fatalities: 0 / Occupants: 72,,, Damaged beyond repair,,"near Kuwait International Airport (KWI) (   Kuwait) 
", Approach (APR),International Scheduled Passenger,"Beirut International Airport (BEY/OLBA), Lebanon","Kuwait International Airport (KWI/OKBK), Kuwait",  32,,Fatalities: 0 / Occupants: 83 
19660630-2,,Thursday 30 June 1966,,Fairchild C-123B-7-FA Provider,United States Air Force - USAF,,,, 54-0644, 20093, ,,,,,Fatalities: 0 / Occupants: 4,Fatalities: 0 / Occupants: 0,,, Damaged beyond repair,,"Qui Nhon Air Base (UIH) (   Vietnam) 
", Unknown (UNK),Military,?,?,,,Fatalities: 0 / Occupants: 4 
19660699-0,,xx JUN 1966,,Lockheed Lodestar,Unknown,,,, registration unknown, , ,,,,,Fatalities:  / Occupants: ,Fatalities:  / Occupants: ,,, Damaged beyond repair,,"at an unknown location (   El Salvador) 
", Unknown (UNK),Illegal Flight,?,?,,,Fatalities:  / Occupants:  
19660704-0,Final,Monday 4 July 1966,15:59,Douglas DC-8-52,Air New Zealand,,,, ZK-NZB, 45751/231, 1965,2275,, 4 Pratt & Whitney JT3D-3B,,Fatalities: 2 / Occupants: 5,Fatalities: 0 / Occupants: 0,,, Damaged beyond repair,,"Auckland International Airport (AKL) (   New Zealand) 
", Takeoff (TOF),Training,"Auckland International Airport (AKL/NZAA), New Zealand","Auckland International Airport (AKL/NZAA), New Zealand",,,Fatalities: 2 / Occupants: 5 
19660704-1,,Monday 4 July 1966,,Douglas C-47 (DC-3),Transporte Aéreo Militar - TAM,,,, TAM-07, , ,,,,,Fatalities:  / Occupants: ,Fatalities:  / Occupants: ,,, Damaged beyond repair,,"Rio Orton (   Bolivia) 
", En route (ENR),Military,"Riberalta-Gen Buech Airport (RIB/SLRI), Bolivia","Cobija-E. Beltram Airport (CIJ/SLCO), Bolivia",,,Fatalities: 13 / Occupants: 13 
19660704-2,,Monday 4 July 1966,,Lockheed P-3A Orion,United States Navy,,,, 152172, 185-5142, 1965,,,,,Fatalities: 4 / Occupants: 4,Fatalities: 0 / Occupants: 0,,, Damaged beyond repair,,"near Battle Creek, MI (   United States of America) 
", En route (ENR),Military,"New York-Floyd Bennett Field, NY (NOP/KNOP), United States of America","Chicago (unknown airport), IL, United States of America",,,Fatalities: 4 / Occupants: 4 
19660707-0,,Thursday 7 July 1966,,Ilyushin Il-18,Cubana de Aviación,,,, registration unknown, , ,,,,,Fatalities: 0 / Occupants: ,Fatalities: 0 / Occupants: ,,, Unknown,,"Jamaica (   Jamaica) 
", Unknown (UNK),Unknown,"Santiago-Antonio Maceo Airport (SCU/MUCU), Cuba","Havana-José Martí International Airport (HAV/MUHA), Cuba",,,Fatalities: 0 / Occupants:  
19660709-0,Final,Saturday 9 July 1966,09:54,Martin 4-0-4,Piedmont Airlines,,,, N40446, 14238, ,,,,,Fatalities: 0 / Occupants: 4,Fatalities: 0 / Occupants: 38,,, Damaged beyond repair,,"Roanoke Municipal Airport, VA (ROA) (   United States of America) 
", Standing (STD),Domestic Scheduled Passenger,"Roanoke Municipal Airport, VA (ROA/KROA), United States of America",?,,,Fatalities: 0 / Occupants: 42 
19660709-1,,Saturday 9 July 1966,,Douglas C-47D (DC-3),Ejército del Aire,,,, T.3-22, 26986/15541, 1944,,,,,Fatalities:  / Occupants: ,Fatalities:  / Occupants: ,,, Damaged beyond repair,,"at an unknown location (   Spain) 
", Unknown (UNK),Military,?,?,,,Fatalities:  / Occupants:  
19660710-0,,Sunday 10 July 1966,,Ilyushin Il-18V,Cubana de Aviación,,,, CU-T830, 182004905, 1962,,, 4 Ivchenko AI-20K,,Fatalities:  / Occupants: ,Fatalities:  / Occupants: ,,, Damaged beyond repair,,"near Cienfuegos (   Cuba) 
", En route (ENR),Domestic Scheduled Passenger,"Havana-José Martí International Airport (HAV/MUHA), Cuba","Santiago-Antonio Maceo Airport (SCU/MUCU), Cuba",,,Fatalities: 2 / Occupants: 93 
19660711-2,,Monday 11 July 1966,,Curtiss C-46D-10-CU Commando,Aeropesca Colombia,,,, HK-527, 33215, 1945,,,,,Fatalities: 3 / Occupants: 3,Fatalities: 5 / Occupants: 5,,, Damaged beyond repair,,"Cerro el Planchòn (   Chile) 
", En route (ENR),Cargo,"Santiago-Los Cerrillos Airport (ULC/SCTI), Chile","Buenos Aires-Jorge Newbery Airport, BA (AEP/SABE), Argentina",,,Fatalities: 8 / Occupants: 8 
19660713-0,,Wednesday 13 July 1966,,de Havilland Canada CV-2A Caribou (DHC-4),United States Army,,,, 61-2386, 42, 1962,,,,,Fatalities:  / Occupants: ,Fatalities:  / Occupants: ,,, Damaged beyond repair,,"Vung Tau Airport (VTG) (   Vietnam) 
", Standing (STD),Military,-,-,,,Fatalities:  / Occupants:  
19660715-0,,Friday 15 July 1966,,Douglas C-47A-25-DK (DC-3),Varig,,,, PP-YPT, 13488, 1944,,, 2 Pratt & Whitney R-1830-92,,Fatalities: 0 / Occupants: 4,Fatalities: 0 / Occupants: 16,,, Damaged beyond repair,,"Campo Largo, PR (   Brazil) 
", Unknown (UNK),Domestic Scheduled Passenger,"Ponta Grossa-Sant'Ana Airport, PR (PGZ/SSZW), Brazil","Curitiba-Afonso Pena International Airport, PR (CWB/SBCT), Brazil",,,Fatalities: 0 / Occupants: 20 
19660715-1,,Friday 15 July 1966,,Lockheed C-130B Hercules,Pakistan Air Force,,,, 24142, 3768, 1963,,, 4 Allison T56-A-7,,Fatalities:  / Occupants: ,Fatalities:  / Occupants: ,,, Damaged beyond repair,,"at an unknown location (   Pakistan) 
", Unknown (UNK),Military,?,?,,,Fatalities: 10 / Occupants: 10 
19660716-0,,Saturday 16 July 1966,21:00,Fairchild C-119 Flying Boxcar,Air National Guard,,,, registration unknown, , ,,,,,Fatalities: 0 / Occupants: 4,Fatalities: 0 / Occupants: 30,,, Damaged beyond repair,,"near Jacksonville NAS, FL (NIP) (   United States of America) 
", En route (ENR),Military,"Jacksonville NAS, FL (NIP/KNIP), United States of America",?,,,Fatalities: 0 / Occupants: 34 
19660716-1,,Saturday 16 July 1966,,Fairchild C-123 Provider,United States Air Force - USAF,,,, registration unknown, , ,,,,,Fatalities: 5 / Occupants: 5,Fatalities: 4 / Occupants: 4,,, Damaged beyond repair,,"off Cape Lisburne Airport, AK (LUR) (   United States of America) 
", Approach (APR),Military,"Nome Airport, AK (OME/PAOM), United States of America","Cape Lisburne Airport, AK (LUR/PALU), United States of America",,,Fatalities: 9 / Occupants: 9 
19660723-0,,Saturday 23 July 1966,,Douglas DC-3-362,Thai Government,,,, HS-OOO, 3266, 1940,,,,,Fatalities: 3 / Occupants: 3,Fatalities: 0 / Occupants: 0,,, Missing, Presumed damaged beyond repair,"840 km (525 mls) W off  San Francisco, CA, USA (   Pacific Ocean) 
", En route (ENR),Ferry/positioning,"San Francisco International Airport, CA (SFO/KSFO), United States of America","Honolulu International Airport, HI (HNL/PHNL), United States of America",,,Fatalities: 3 / Occupants: 3 
19660725-0,,Monday 25 July 1966,,Douglas C-117D Super DC-3,United States Marine Corps,,,, 17211, 43391, 1944,,,,,Fatalities:  / Occupants: ,Fatalities:  / Occupants: ,,, Damaged beyond repair,,"Da Nang Airport (DAD) (   Vietnam) 
", Initial climb (ICL),Military,"Da Nang Airport (DAD/VVDN), Vietnam",?,,,Fatalities: 7 / Occupants: 31 
19660727-0,,Wednesday 27 July 1966,14:53,Douglas C-47A-10-DK (DC-3),Frontier Airlines (FL),,,, N4994E, 12442, 1944,,, 2 Pratt & Whitney R-1830-92,,Fatalities: 0 / Occupants: 3,Fatalities: 0 / Occupants: 13,,, Damaged beyond repair,,"Gallup Airport, NM (GUP) (   United States of America) 
", Takeoff (TOF),Domestic Scheduled Passenger,"Gallup-Senator Clark Airport, NM (GUP/KGUP), United States of America","Albuquerque Sunport Airport, NM (ABQ/KABQ), United States of America", 188,,Fatalities: 0 / Occupants: 16 
19660727-1,,Wednesday 27 July 1966,,Tupolev Tu-124V,"Aeroflot, Privolzhsk Civil Aviation Directorate",,,, CCCP-45038, 3351003, 1963,,, 2 Soloviev D-20P,,Fatalities: 0 / Occupants: ,Fatalities: 1 / Occupants: ,,, Unknown, Repaired,"over Zaporizhia Oblast (   Ukraine) 
", En route (ENR),Domestic Scheduled Passenger,"Kharkov Airport (HRK/UKHH), Ukraine","Simferopol Airport (SIP/UKFF), Ukraine",67,,Fatalities: 1 / Occupants: 90 
19660728-0,,Thursday 28 July 1966,08:50,Curtiss C-46A-45-CU Commando,Zantop Air Transport,,,, N9905F, 30316, 1944,,, 2 Pratt & Whitney R-2800-51,,Fatalities: 0 / Occupants: 2,Fatalities: 0 / Occupants: 0,,, Damaged beyond repair,,"Port Elizabeth, NJ (   United States of America) 
", Approach (APR),Cargo,"Newark International Airport, NJ (EWR/KEWR), United States of America",?,7990,,Fatalities: 0 / Occupants: 2 
19660729-0,,Friday 29 July 1966,,Douglas RC-47D,United States Air Force - USAF,,,, 43-48388, 25649/14204, 1944,,, 2 Pratt & Whitney R-1830-90,,Fatalities: 8 / Occupants: 8,Fatalities: 0 / Occupants: 0,,, Damaged beyond repair,,"32 km (20 mls) W of Hoa Binh (   Vietnam) 
", En route (ENR),Military,"Nakhon Phanom Airport (KOP/VTUW), Thailand","Nakhon Phanom Airport (KOP/VTUW), Thailand",,,Fatalities: 8 / Occupants: 8 
19660803-1,,Wednesday 3 August 1966,,Curtiss C-46D-15-CU Commando,Lloyd Aéreo Boliviano - LAB,,,, CP-730, 33457, 1945,,,,,Fatalities: 3 / Occupants: 3,Fatalities: 0 / Occupants: 0,,, Damaged beyond repair,,"S of Benito (   Bolivia) 
", En route (ENR),Cargo,"Riberalta-Gen Buech Airport (RIB/SLRI), Bolivia","Cochabamba-J Wilsterman Airport (CBB/SLCB), Bolivia",,,Fatalities: 3 / Occupants: 3 
19660806-0,Final,Saturday 6 August 1966,23:12,BAC One-Eleven 203AE,Braniff International Airways,,,, N1553, 070, 1965,2307,, 2 Rolls-Royce Spey 506-14/15,2922,Fatalities: 4 / Occupants: 4,Fatalities: 38 / Occupants: 38,,, Destroyed, Written off (damaged beyond repair),"12 km (7.5 mls) NNE of Falls City, NE (   United States of America) 
", En route (ENR),Domestic Scheduled Passenger,"Kansas City Downtown Municipal Airport, MO (MKC/KMKC), United States of America","Omaha-Eppley Airfield, NE (OMA/KOMA), United States of America", 250,,Fatalities: 42 / Occupants: 42 
19660809-0,,Tuesday 9 August 1966,,Douglas Dakota IIIS&R (DC-3),Royal Canadian Air Force - RCAF,,,, 971, 25370/13925, 1944,,,,,Fatalities:  / Occupants: ,Fatalities:  / Occupants: ,,, Damaged beyond repair,,"Greenwood (   Canada) 
", Unknown (UNK),Military,?,?,,,Fatalities:  / Occupants:  
19660811-2,,Thursday 11 August 1966,,Lisunov Li-2,Tarom,,,, YR-TAN, 18428005, ,,,,,Fatalities: 4 / Occupants: 4,Fatalities: 20 / Occupants: 20,,, Damaged beyond repair,,"Lotrioara Valley (   Romania) 
", Unknown (UNK),Domestic Scheduled Passenger,?,?,,,Fatalities: 24 / Occupants: 24 
19660813-0,,Saturday 13 August 1966,02:15,Douglas DC-8-51,Aeronaves de México,,,, XA-PEI, 45652/176, 1962,,, 4 Pratt & Whitney JT3D-,,Fatalities: 6 / Occupants: 6,Fatalities: 0 / Occupants: 0,,, Damaged beyond repair,,"33 km (20.6 mls) from  Acapulco (   Mexico) 
", Approach (APR),Training,"Acapulco-Alvarez International Airport (ACA/MMAA), Mexico","Acapulco-Alvarez International Airport (ACA/MMAA), Mexico",,,Fatalities: 6 / Occupants: 6 
19660815-0,Final,Monday 15 August 1966,11:08,Lockheed L-749A Constellation,Federal Aviation Agency - FAA,,,, N65, 2648, 1950,,,,,Fatalities: 0 / Occupants: 5,Fatalities: 0 / Occupants: 0,,, Damaged beyond repair,,"Tachikawa AFB (   Japan) 
", Landing (LDG),"Aerial Work (Calibration, Photo)",?,"Tachikawa Air Base (RJTC), Japan",,,Fatalities: 0 / Occupants: 5 
19660817-0,,Wednesday 17 August 1966,ca 18:30,Curtiss C-46F-1-CU Commando,Aerovías Halcón,,,, LV-GLE, 22534, 1945,24589,,,,Fatalities: 1 / Occupants: 4,Fatalities: 0 / Occupants: 12,,, Damaged beyond repair,,"Puerto Lobos, CB (   Argentina) 
", Landing (LDG),Domestic Non Scheduled Passenger,"Río Gallegos Internacional Airport, SC (RGL/SAWG), Argentina","Buenos Aires/Ezeiza-Ministro Pistarini Airport, BA (EZE/SAEZ), Argentina",,,Fatalities: 1 / Occupants: 16 
19660817-1,,Wednesday 17 August 1966,,Douglas C-47-DL (DC-3),Gulf Aviation,,,, G-AOFZ, 9131, 1943,,, 2 Pratt & Whitney R-1830-92,,Fatalities: 0 / Occupants: 2,Fatalities: 0 / Occupants: 18,,, Damaged beyond repair,,"near Azaiba Airfield (   Oman) 
", Initial climb (ICL),Scheduled Passenger,"Azaiba Airfield, Oman",?,,,Fatalities: 0 / Occupants: 20 
19660817-2,,Wednesday 17 August 1966,17:10,Douglas DC-3-313A,Lauderdale Leasing,,,, N28343, 2267, 1940,,,,,Fatalities: 0 / Occupants: 2,Fatalities: 0 / Occupants: 0,,, Damaged beyond repair,,"65 km (40.6 mls) W of Merida (   Mexico) 
", Unknown (UNK),Illegal Flight,?,?,,,Fatalities: 0 / Occupants: 2 
19660823-0,,Tuesday 23 August 1966,,Douglas VC-47A (DC-3),United States Air Force - USAF,,,, 42-93514, 13434, 1944,,,,,Fatalities:  / Occupants: ,Fatalities:  / Occupants: ,,, Damaged beyond repair,,"unknown (   Unknown country) 
", Unknown (UNK),Military,?,?,,,Fatalities:  / Occupants:  
19660826-0,,Friday 26 August 1966,14:28,Convair CV-880-22M-3,,Japan Air Lines - JAL,,Japan Domestic Airlines, JA8030, 22-00-45, 1961,5290,,,,Fatalities: 5 / Occupants: 5,Fatalities: 0 / Occupants: 0,,, Destroyed, Written off (damaged beyond repair),"Tokyo-Haneda Airport (HND) (   Japan) 
", Takeoff (TOF),Training,"Tokyo-Haneda Airport (HND/RJTT), Japan","Tokyo-Haneda Airport (HND/RJTT), Japan",,,Fatalities: 5 / Occupants: 5 
19660827-0,,Saturday 27 August 1966,14:07,Ilyushin Il-18V,Aeroflot / Latvia,,,, CCCP-75552, 184007404, 1964,3042,, 4 Ivchenko AI-20K,2297,Fatalities: 0 / Occupants: 7,Fatalities: 0 / Occupants: 114,,, Damaged beyond repair,,"Arkhangelsk Airport (ARH) (   Russia) 
", Takeoff (TOF),Domestic Scheduled Passenger,"Arkhangelsk-Talaghy Airport (ARH/ULAA), Russia","Leningrad-Shosseynaya Airport (LED/ULLI), Russia",3772,,Fatalities: 0 / Occupants: 121 
19660827-1,,Saturday 27 August 1966,,Douglas C-47A-30-DK (DC-3),Força Aérea Brasileira - FAB,,,, 2037, 25426/13981, 1944,,, 2 Pratt & Whitney R-1830-92,,Fatalities:  / Occupants: ,Fatalities:  / Occupants: ,,, Damaged beyond repair,,"Altamira, PA (   Brazil) 
", Unknown (UNK),Military,?,?,,,Fatalities: 6 / Occupants:  
19660827-2,Final,Saturday 27 August 1966,09:35,Consolidated PBY-6A Catalina,Rolled Steel Corp.,,,, N331RS, 2072/130, ,,,,,Fatalities: 0 / Occupants: 2,Fatalities: 0 / Occupants: 0,,, Damaged beyond repair,,"off Highland Park, IL (   United States of America) 
", Landing (LDG),Training,?,?,,,Fatalities: 0 / Occupants: 2 
19660829-0,,Monday 29 August 1966,,Antonov An-24V,Cubana de Aviación,,,, CU-T875, 67302402, 1966,,,,,Fatalities:  / Occupants: ,Fatalities:  / Occupants: ,,, Damaged beyond repair,,"1,5 km (0.9 mls) from  Camagüey Airport (CMW) (   Cuba) 
", Approach (APR),Training,"Camagüey-Ign Agramonte International Airport (CMW/MUCM), Cuba","Camagüey-Ign Agramonte International Airport (CMW/MUCM), Cuba",,,Fatalities:  / Occupants:  
19660829-1,,Monday 29 August 1966,12:20,Douglas C-47B-10-DK (DC-3),Türk Hava Kuvvetleri (Turkish Air Force),,,, 43-6014, 26295/14850, 1944,,,,,Fatalities:  / Occupants: ,Fatalities:  / Occupants: ,,, Damaged beyond repair,,"Tuzla, Istanbul (   Turkey) 
", Unknown (UNK),Military,?,?,,,Fatalities: 5 / Occupants: 9 
19660899-0,,xx AUG 1966,,unknown,Aeroflot,,,, registration unknown, , ,,,,,Fatalities: 0 / Occupants: ,Fatalities: 0 / Occupants: ,,, Unknown,,"Batumi (   Georgia) 
", Unknown (UNK),Unknown,?,?,,,Fatalities: 0 / Occupants:  
19660899-1,,xx AUG 1966,,Lockheed P-2H Neptune,United States Navy,,,, 141246, 726-7118, 1957,,,,,Fatalities: 0 / Occupants: ,Fatalities: 0 / Occupants: ,,, Damaged beyond repair,,"unknown (   Unknown country) 
", Landing (LDG),Military,?,?,,,Fatalities: 0 / Occupants:  
19660901-0,,Thursday 1 September 1966,00:47,Bristol 175 Britannia 102,Britannia Airways,,,, G-ANBB, 12903, 1954,18444,,,5380,Fatalities: 6 / Occupants: 7,Fatalities: 92 / Occupants: 110,,, Destroyed, Written off (damaged beyond repair),"3 km (1.9 mls) SE of Ljubljana-Brnik Airport (LJU) (   Slovenia) 
", Approach (APR),Int'l Non Scheduled Passenger,"London-Luton Airport (LTN/EGGW), United Kingdom","Ljubljana-Brnik Airport (LJU/LJLJ), Slovenia",BY105,,Fatalities: 98 / Occupants: 117 
19660903-0,,Saturday 3 September 1966,,de Havilland Canada DHC-3 Otter,Indian Air Force - IAF,,,, registration unknown, , ,,,,,Fatalities:  / Occupants: ,Fatalities:  / Occupants: ,,, Damaged beyond repair,,"near Rajouri (   India) 
", Unknown (UNK),Military,?,?,,,Fatalities: 4 / Occupants: 5 
19660904-0,,Sunday 4 September 1966,,Sud Aviation SE-210 Caravelle VI-N,Indian Airlines,,,, VT-DSB, 134, 1964,,,,,Fatalities: 4 / Occupants: 4,Fatalities: 0 / Occupants: 0,,, Damaged beyond repair,,"Mumbai (Bombay) (   India) 
", Approach (APR),Training,"Bombay-Santacruz Airport (BOM/VABB), India","Bombay-Santacruz Airport (BOM/VABB), India",,,Fatalities: 4 / Occupants: 4 
19660904-1,,Sunday 4 September 1966,,de Havilland Canada CV-2B Caribou (DHC-4),United States Army,,,, 63-9759, 223, 1965,,,,,Fatalities: 0 / Occupants: 3,Fatalities: 0 / Occupants: 0,Fatalities: 4,, Damaged beyond repair,,"Dong Tre (   Vietnam) 
", Takeoff (TOF),Military,?,?,,,Fatalities: 0 / Occupants: 3 
19660906-0,,Tuesday 6 September 1966,,Lockheed C-130E Hercules,United States Air Force - USAF,,,, 63-7878, 3949, 1964,,,,,Fatalities: 5 / Occupants: 5,Fatalities: 3 / Occupants: 3,,, Damaged beyond repair,,"16 km (10 mls) SE of Chai-I (   Taiwan) 
", En route (ENR),Military,"Saigon-Tan Son Nhat International Airport (SGN/VVTS), Vietnam","Ching Chuan Kang Air Base (RCMQ), Taiwan",,,Fatalities: 8 / Occupants: 8 
19660907-0,,Wednesday 7 September 1966,,Lockheed C-141A-LM Starlifter,United States Air Force - USAF,,,, 65-0281, 300-6133, ,53,, 4 Pratt & Whitney TF33-P-7,,Fatalities: 0 / Occupants: 0,Fatalities: 0 / Occupants: 0,Fatalities: 3,, Damaged beyond repair,,"Tacoma-McChord AFB, WA (TCM) (   United States of America) 
", Standing (STD),Military,-,-,,,Fatalities: 0 / Occupants: 0 
19660907-1,,Wednesday 7 September 1966,,Antonov An-2,Aeroflot / Tajikistan,,,, CCCP-79816, 116047304, 1961,5087,,,7483,Fatalities: 2 / Occupants: 2,Fatalities: 4 / Occupants: 4,,, Damaged beyond repair,,"60 km (37.5 mls) W of Murgab (   Tajikistan) 
", En route (ENR),Survey/research,"Dushanbe Airport (DYU/UTDD), Tajikistan","Murgab Airport, Tajikistan",,,Fatalities: 6 / Occupants: 6 
19660909-0,,Friday 9 September 1966,,Antonov An-2TP,Aeroflot / Georgia,,,, CCCP-96224, 1G72-08, 1966,327,,,,Fatalities: 0 / Occupants: 2,Fatalities: 1 / Occupants: 10,,, Damaged beyond repair,,"1,8 km (1.1 mls) W off  Tsikhisdziri Cape (   Georgia) 
", En route (ENR),Domestic Scheduled Passenger,"Batumi-Chorokh Airport (BUS/UGSB), Georgia","Poti Airport (UGSP), Georgia",,,Fatalities: 1 / Occupants: 12 
19660912-0,Final,Monday 12 September 1966,22:01,Douglas DC-7CF,Airlift International,,,, N2282, 45128/779, 1957,16054,,,,Fatalities: 0 / Occupants: 4,Fatalities: 0 / Occupants: 0,,, Damaged beyond repair,,"Tachikawa Air Base (   Japan) 
", Takeoff (TOF),Cargo,"Tachikawa Air Base (RJTC), Japan","Wake Island Airport (AWK/PAWK), U.S. Minor Outlying Islands", 184/2,,Fatalities: 0 / Occupants: 4 
19660914-0,,Wednesday 14 September 1966,,Lockheed PV-2 Harpoon,Unknown,,,, XA-NIM ?, 15-1254, 1945,,,,,Fatalities: 2 / Occupants: 2,Fatalities: 6 / Occupants: 6,,, Damaged beyond repair,,"4 km (2.5 mls) SW of Acapulco Airport (ACA) (   Mexico) 
", Approach (APR),Private,?,"Acapulco-Alvarez International Airport (ACA/MMAA), Mexico",,,Fatalities: 8 / Occupants: 8 
19660915-1,,Thursday 15 September 1966,,Curtiss C-46A-45-CU Commando,Robert Vasquez,,,, CP-786, 30224, 1944,,, 2 Pratt & Whitney R-2800-51,,Fatalities:  / Occupants: ,Fatalities:  / Occupants: ,,, Damaged beyond repair,,"near Santa Cruz (   Bolivia) 
", Unknown (UNK),Unknown,?,?,,,Fatalities:  / Occupants:  
19660916-0,,Friday 16 September 1966,08:25,Douglas C-47A-75-DL (DC-3),,Iberia,,Spantax, EC-ACX, 19410, 1944,25134,, 2 Pratt & Whitney R-1830-92,,Fatalities: 0 / Occupants: 3,Fatalities: 1 / Occupants: 24,,, Damaged beyond repair,,"off El Sauzal (   Spain) 
", En route (ENR),Domestic Scheduled Passenger,"Tenerife-Los Rodeos International Airport (TCI/GCXO), Spain","Santa Cruz-La Palma Airport (SPC/GCLA), Spain",IB261,,Fatalities: 1 / Occupants: 27 
19660917-1,,Saturday 17 September 1966,14:56,Lockheed 14-N3 Super Electra,Thunderbird Airways,,,, N18138, 1416, 1938,,,,,Fatalities: 0 / Occupants: 4,Fatalities: 0 / Occupants: 0,,, Damaged beyond repair,,"Medford, NJ (   United States of America) 
", Initial climb (ICL),Test,"Medford-Flying W Airport, NJ, United States of America","Medford-Flying W Airport, NJ, United States of America",,,Fatalities: 0 / Occupants: 4 
19660918-0,,Sunday 18 September 1966,,Fokker F-27 Friendship 200,All Nippon Airways - ANA,,,, JA8617, 10228, 1963-06-06  (3 years 4 months),,,,,Fatalities: 0 / Occupants: 2,Fatalities: 0 / Occupants: 0,,, Substantial, Repaired,"Kagoshima Airport (KOJ) (   Japan) 
", Landing (LDG),Training,?,"Kagoshima Airport (KOJ/RJFK), Japan",,,Fatalities: 0 / Occupants: 2 
19660922-0,,Thursday 22 September 1966,03:15,Douglas DC-4-1009,Avianca,,,, HK-174, 42929, 1946,,,,,Fatalities: 2 / Occupants: 2,Fatalities: 0 / Occupants: 0,,, Damaged beyond repair,,"near Bogotá-Eldorado Airport (BOG) (   Colombia) 
", Initial climb (ICL),Cargo,"Bogotá-Eldorado Airport (BOG/SKBO), Colombia","Barranquilla-Soledad Airport (BAQ/SKBQ), Colombia",AV870,,Fatalities: 2 / Occupants: 2 
19660922-1,Final,Thursday 22 September 1966,13:03,Vickers 832 Viscount,Ansett-ANA,,,, VH-RMI, 416, 1959,18634,, 4 Rolls-Royce Dart 525,6586,Fatalities: 4 / Occupants: 4,Fatalities: 20 / Occupants: 20,,, Destroyed, Written off (damaged beyond repair),"16 km (10 mls) WSW of Winton, QLD (   Australia) 
", En route (ENR),Domestic Scheduled Passenger,"Mount Isa Airport, QLD (ISA/YBMA), Australia","Longreach Airport, QLD (LRE/YLRE), Australia", 149,,Fatalities: 24 / Occupants: 24 
19660924-0,Final,Saturday 24 September 1966,09:15,Lockheed 414-08 Hudson IVA,Adastra Aerial Surveys,,,, VH-AGE, 6039, ,,,,,Fatalities: 5 / Occupants: 5,Fatalities: 1 / Occupants: 1,,, Destroyed, Written off (damaged beyond repair),"3,2 km (2 mls) W of Tennant Creek Airport, NT (TCA) (   Australia) 
", Approach (APR),Survey/research,"Tennant Creek Airport, NT (TCA/YTNK), Australia","Tennant Creek Airport, NT (TCA/YTNK), Australia",,,Fatalities: 6 / Occupants: 6 
19660926-0,Final,Monday 26 September 1966,12:17,Rockwell 1121 Jet Commander,Jim Robbins Airborne Division,,,, N500JR, 65, ,,,,,Fatalities: 1 / Occupants: 1,Fatalities: 4 / Occupants: 4,,, Damaged beyond repair,,"N of Platte, SD (   United States of America) 
", Maneuvering (MNV),Executive,"Flying R Ranch, SD, United States of America",?,,,Fatalities: 5 / Occupants: 5 
19660928-0,,Wednesday 28 September 1966,,Douglas DC-4,Aerolineas Argentinas,,,, LV-AGG, 10333, 1944,,,,,Fatalities: 0 / Occupants: 6,Fatalities: 0 / Occupants: 32,,, Minor, Repaired,"Port Stanley (   Falkland Islands) 
", En route (ENR),Domestic Scheduled Passenger,"Buenos Aires (unknown airport), BA, Argentina","Río Gallegos Internacional Airport, SC (RGL/SAWG), Argentina",,,Fatalities: 0 / Occupants: 38 
19660930-0,,Friday 30 September 1966,14:02,Antonov An-24V,United Arab Airlines - UAA,,,, SU-AOM, 37300701, 1964,,,,,Fatalities: 0 / Occupants: 6,Fatalities: 0 / Occupants: 37,,, Damaged beyond repair,,"Cairo International Airport (CAI) (   Egypt) 
", Landing (LDG),Domestic Scheduled Passenger,"Luxor Airport (LXR/HELX), Egypt","Cairo International Airport (CAI/HECA), Egypt", 322,,Fatalities: 0 / Occupants: 43 
19660930-1,,Friday 30 September 1966,21:15,Fairchild C-119G Flying Boxcar,United States Air Force - USAF,,,, 53-3195, 11208, ,,, 2 Wright R-3350,,Fatalities: 4 / Occupants: 4,Fatalities: 0 / Occupants: 0,,, Damaged beyond repair,,"23 km (14.4 mls) W of Wrightwood, CA (   United States of America) 
", Unknown (UNK),Military,"Riverside-March AFB, CA (RIV/KRIV), United States of America","Riverside-March AFB, CA (RIV/KRIV), United States of America",,,Fatalities: 4 / Occupants: 4 
19661001-1,Final,Saturday 1 October 1966,20:10,Douglas DC-9-14,West Coast Airlines,,,, N9101, 45794/52, 1966,164,, 2 Pratt & Whitney JT8D-1,,Fatalities: 5 / Occupants: 5,Fatalities: 13 / Occupants: 13,,, Destroyed, Written off (damaged beyond repair),"9 km (5.6 mls) S of Wemme, OR (   United States of America) 
", En route (ENR),Domestic Scheduled Passenger,"Eugene Airport, OR (EUG/KEUG), United States of America","Portland International Airport, OR (PDX/KPDX), United States of America", 956,,Fatalities: 18 / Occupants: 18 
19661002-0,,Sunday 2 October 1966,,Lockheed C-130E Hercules,United States Air Force - USAF,,,, 62-1840, 3803, 1963,,,,,Fatalities: 5 / Occupants: 5,Fatalities: 0 / Occupants: 0,,, Damaged beyond repair,,"32 km (20 mls) S of Cam Ranh Bay (   Vietnam) 
", En route (ENR),Military,?,"Nha Trang Airport (NHA/VVNT), Vietnam",,,Fatalities: 5 / Occupants: 5 
19661004-0,,Tuesday 4 October 1966,,de Havilland Canada CV-2B Caribou (DHC-4),United States Army,,,, 63-9751, 209, 1964,,,,,Fatalities: 4 / Occupants: 4,Fatalities: 10 / Occupants: 28,,, Damaged beyond repair,,"W of An Khe (   Vietnam) 
", Approach (APR),Military,"Hammond Landing Zone, Vietnam","An Khe Air Base, Vietnam",,,Fatalities: 14 / Occupants: 32 
19661011-1,,Tuesday 11 October 1966,,Canadair DC-4M2 North Star,H.A. Wharton,,,, I-ACOA, 137, ,,, 4 Rolls-Royce Merlin 622,,Fatalities: 0 / Occupants: 4,Fatalities: 0 / Occupants: 0,,, Damaged beyond repair,,"Garoua (   Cameroon) 
", Landing (LDG),Illegal Flight,"Fort Lamy Airport (NDJ/FTTJ), Chad","Port Harcourt Airport (PHC/DNPO), Nigeria",,,Fatalities: 0 / Occupants: 4 
19661012-0,,Wednesday 12 October 1966,,Lockheed C-130E Hercules,United States Air Force - USAF,,,, 63-7886, 3957, 1964,,,,,Fatalities: 5 / Occupants: 6,Fatalities: 0 / Occupants: 0,,, Damaged beyond repair,,"30 km (18.8 mls) NNW of Aspermont, TX (   United States of America) 
", En route (ENR),Military,"Abilene-Dyess AFB, TX (DYS/KDYS), United States of America",?,,,Fatalities: 5 / Occupants: 6 
19661013-0,,Thursday 13 October 1966,17:08,Lockheed 18-56-23 Lodestar,BBR Drilling,,,, N131E, 18-2503, 1943,,,,,Fatalities: 1 / Occupants: 1,Fatalities: 1 / Occupants: 4,,, Damaged beyond repair,,"Short Creek, WV (   United States of America) 
", Initial climb (ICL),Private,"Wheeling-Ohio County Airport, WV (HLG/KHLG), United States of America",?,,,Fatalities: 2 / Occupants: 5 
19661018-0,Preliminary,Tuesday 18 October 1966,,Grumman HU-16B Albatross,United States Air Force - USAF,,,, 51-7145, G-195, ,,,,,Fatalities: 7 / Occupants: 7,Fatalities: 0 / Occupants: 0,,, Missing, Presumed damaged beyond repair,"ca 64 km off Dong Hoi, Gulf of Tonkin (   Pacific Ocean) 
", En route (ENR),Military,"Da Nang Airport (DAD/VVDN), Vietnam","Da Nang Airport (DAD/VVDN), Vietnam",,,Fatalities: 7 / Occupants: 7 
19661018-1,,Tuesday 18 October 1966,18:10,Lockheed L-1049C Super Constellation,Eastern Air Lines,,,, N6219C, 4527, 1953,,,,,Fatalities: 0 / Occupants: 0,Fatalities: 0 / Occupants: 0,,, Damaged beyond repair,,"Miami, FL (   United States of America) 
", Standing (STD),-,-,-,,,Fatalities: 0 / Occupants: 0 
19661019-0,,Wednesday 19 October 1966,ca 19:00,Consolidated PBY-5A Catalina,Cruzeiro do Sul,,,, PP-PEC, 91, ,,,,,Fatalities: 4 / Occupants: 4,Fatalities: 0 / Occupants: 0,,, Damaged beyond repair,,"near Rio Moju, PA (   Brazil) 
", En route (ENR),Training,"Belém/Val-de-Cans International Airport, PA (BEL/SBBE), Brazil","Belém/Val-de-Cans International Airport, PA (BEL/SBBE), Brazil",,,Fatalities: 4 / Occupants: 4 
19661025-0,,Tuesday 25 October 1966,,Lockheed C-130B Hercules,United States Air Force - USAF,,,, 61-0955, 3634, 1961,,, 4 Allison T56-A-7,,Fatalities: 0 / Occupants: ,Fatalities: 0 / Occupants: ,,, Damaged beyond repair,,"Hopkinsville-Fort Campbell AAF, KY (HOP) (   United States of America) 
", Landing (LDG),Military,?,"Hopkinsville-Fort Campbell AAF, KY (HOP/KHOP), United States of America",,,Fatalities: 0 / Occupants:  
19661026-0,,Wednesday 26 October 1966,,Lockheed C-130E Hercules,Força Aérea Brasileira - FAB,,,, 2452, 4093, 1965,,,,,Fatalities: 0 / Occupants: 7,Fatalities: 0 / Occupants: 0,,, Damaged beyond repair,,"Santa Maria AB, RS (RIA) (   Brazil) 
", Approach (APR),Military,?,"Santa Maria AB, RS (RIA/SBSM), Brazil",,,Fatalities: 0 / Occupants: 7 
19661028-0,,Friday 28 October 1966,,de Havilland Canada C-7A Caribou (DHC-4),United States Army,,,, 61-2405, 60, 1962,,,,,Fatalities: 1 / Occupants: 3,Fatalities: 0 / Occupants: 0,,, Damaged beyond repair,,"near An Khe (   Vietnam) 
", Unknown (UNK),Military,?,?,,,Fatalities: 1 / Occupants: 3 
19661031-0,,Monday 31 October 1966,20:55,Vickers 701 Viscount,VASP - Viação Aérea São Paulo,,,, PP-SRM,  19, 1953,,,,,Fatalities: 0 / Occupants: 5,Fatalities: 0 / Occupants: 25,,, Damaged beyond repair,,"Rio de Janeiro-Santos Dumont Airport, RJ (SDU) (   Brazil) 
", Landing (LDG),Domestic Scheduled Passenger,"Belo Horizonte-Pampulha Airport, MG (PLU/SBBH), Brazil","Rio de Janeiro-Santos Dumont Airport, RJ (SDU/SBRJ), Brazil",237,,Fatalities: 0 / Occupants: 30 
19661031-1,,Monday 31 October 1966,,Fairchild UC-123B Provider,United States Air Force - USAF,,,, 54-0597, 20046, ,,,,,Fatalities: 0 / Occupants: 3,Fatalities: 0 / Occupants: 0,,, Damaged beyond repair,,"13 km (8.1 mls) W of Lai Khe (   Vietnam) 
", En route (ENR),Military,?,?,,,Fatalities: 0 / Occupants: 3 
19661104-0,,Friday 4 November 1966,07:30,Curtiss C-46A-35-CU Commando,Aerocarga Colombia,,,, HK-512, 26784, 1944,,, 2 Pratt & Whitney R-2800-51,,Fatalities: 0 / Occupants: 2,Fatalities: 0 / Occupants: 0,,, Damaged beyond repair,,"Funza (   Colombia) 
", En route (ENR),Cargo,"Bogotá-Eldorado Airport (BOG/SKBO), Colombia","Cali Airport (CLO/SKCL), Colombia",,,Fatalities: 0 / Occupants: 2 
19661105-0,,Saturday 5 November 1966,,Ilyushin Il-14M,Air Mali,,,, TZ-ABH, 7342501, 1957,,,,,Fatalities: 7 / Occupants: 7,Fatalities: 0 / Occupants: 0,,, Damaged beyond repair,,"Cayolle Pass (   France) 
", En route (ENR),Ferry/positioning,"Zagreb-Pleso Airport (ZAG/LDZA), Croatia","Marseille-Marignane Airport (MRS/LFML), France",,,Fatalities: 7 / Occupants: 7 
19661109-0,,Wednesday 9 November 1966,,de Havilland DH-114 Heron 1B,Fiji Airways,,,, VQ-FAX, 14012, 1953,,,,,Fatalities: 0 / Occupants: ,Fatalities: 0 / Occupants: ,,, Damaged beyond repair,,"Suva (   Fiji) 
", Unknown (UNK),Unknown,?,?,,,Fatalities: 0 / Occupants:  
19661109-1,Final,Wednesday 9 November 1966,13:10,Britten-Norman BN-2A Islander,Britten-Norman,,,, G-ATCT, 1, 1965-06-13  (1 year 5 months),546,,,,Fatalities: 1 / Occupants: 1,Fatalities: 1 / Occupants: 1,,, Damaged beyond repair,,"2 km (1.3 mls) SW of Oudega (   Netherlands) 
", En route (ENR),Ferry/positioning,"Emden Airport (EME/EDWE), Germany","Southampton-Eastleigh Airport (SOU/EGHI), United Kingdom",,,Fatalities: 2 / Occupants: 2 
19661111-0,,Friday 11 November 1966,01:27,Lockheed EC-121H Super Constellation,United States Air Force - USAF,,,, 55-5262, 4413, 1956,,,,,Fatalities: 19 / Occupants: 19,Fatalities: 0 / Occupants: 0,,, Damaged beyond repair,,"200 km (125 mls) E off  Nantucket, MA, USA (   Atlantic Ocean) 
", En route (ENR),Military,"Falmouth-Otis AFB, MA (FMH/KFMH), United States of America","Falmouth-Otis AFB, MA (FMH/KFMH), United States of America",,,Fatalities: 19 / Occupants: 19 
19661111-1,,Friday 11 November 1966,,Douglas C-47D,United States Air Force - USAF,,,, 43-48961, 26222/14777, 1944,,,,,Fatalities: 0 / Occupants: 4,Fatalities: 0 / Occupants: 0,,, Damaged beyond repair,,"unknown location (   Vietnam) 
", En route (ENR),Military,?,?,,,Fatalities: 0 / Occupants: 4 
19661113-0,,Sunday 13 November 1966,ca 20:30,NAMC YS-11-111,All Nippon Airways - ANA,,,, JA8658, 2023, 1966,,,,,Fatalities: 5 / Occupants: 5,Fatalities: 45 / Occupants: 45,,, Damaged beyond repair,,"Matsuyama Airport (MYJ) (   Japan) 
", Approach (APR),Domestic Scheduled Passenger,"Osaka-Itami Airport (ITM/RJOO), Japan","Matsuyama Airport (MYJ/RJOM), Japan", 533,,Fatalities: 50 / Occupants: 50 
19661115-0,Final,Tuesday 15 November 1966,02:42,Boeing 727-21,Pan American World Airways (Pan Am),,,, N317PA, 18995/221, 1966-01-11  (10 months),1804,, 3 Pratt & Whitney JT8D-7,,Fatalities: 3 / Occupants: 3,Fatalities: 0 / Occupants: 0,,, Damaged beyond repair,,"near Dallgow (   Germany) 
", Approach (APR),Cargo,"Frankfurt International Airport (FRA/EDDF), Germany","Berlin-Tegel Airport (TXL/EDDT), Germany",PA708,,Fatalities: 3 / Occupants: 3 
19661117-0,,Thursday 17 November 1966,,Curtiss C-46D-20-CU Commando,Air America,,,, B-156, 22353, 1945,,,,,Fatalities: 0 / Occupants: ,Fatalities: 0 / Occupants: 34,,, Damaged beyond repair,,"near Tam Ky (   Vietnam) 
", Unknown (UNK),Military,?,?,,,Fatalities: 0 / Occupants:  
19661117-1,Final,Thursday 17 November 1966,16:52,Lockheed 18-56-23 Lodestar,National Steel Corp.,,,, N339, 18-2588, 1943,,,,,Fatalities: 0 / Occupants: 2,Fatalities: 0 / Occupants: 6,,, Damaged beyond repair,,"Chicago-Merrill C Meigs Field, IL (CGX) (   United States of America) 
", Takeoff (TOF),Executive,"Chicago-Merrill C Meigs Field, IL (CGX/KCGX), United States of America","Pittsburgh (unknown airport), PA, United States of America",,,Fatalities: 0 / Occupants: 8 
