Identifiant:,Status:,Date:,Time:,Type:,Operator:,Operating for:,On behalf of:,Leased from:,Registration:,C/n / msn:,First flight:,Total airframe hrs:,Year built:,Engines:,Cycles:,Crew:,Passengers:,Ground casualties:,Collision casualties:,Aircraft damage:,Aircraft fate:,Location:,Phase:,Nature:,Departure airport:,Destination airport:,Flightnumber:,Probable cause:,Total:
19270505-0,,Thursday 5 May 1927,,Farman F.61 Goliath,SGTA - Société Générale des Transports Aériens,,,, F-ADFN, 22, 1921,,,,,Fatalities: 2 / Occupants: 2,Fatalities: 0 / Occupants: 0,,, Damaged beyond repair,,"Atlantic Ocean (   Atlantic Ocean) 
", En route (ENR),Cargo,"St. Louis Airport (XLS/GOSS), Senegal","Petrolina Internacional Airport, PE (PNZ/SBPL), Brazil",,,Fatalities: 2 / Occupants: 2 
19270822-0,,Monday 22 August 1927,ca 08:15,Fokker F.VIII,KLM Royal Dutch Airlines,,,, H-NADU, 4993, 1926,,, 2 Gnome-Rhône Jupiter,,Fatalities: 1 / Occupants: 2,Fatalities: 0 / Occupants: 9,,, Damaged beyond repair,,"St. Julians, Sevenoaks, Kent (   United Kingdom) 
", En route (ENR),International Scheduled Passenger,"London-Croydon Airport (-/-), United Kingdom","Amsterdam-Schiphol Municipal Airport (AMS/EHAM), Netherlands",,,Fatalities: 1 / Occupants: 11 
