Identifiant:,Status:,Date:,Time:,Type:,Operator:,Operating for:,On behalf of:,Leased from:,Registration:,C/n / msn:,First flight:,Total airframe hrs:,Year built:,Engines:,Cycles:,Crew:,Passengers:,Ground casualties:,Collision casualties:,Aircraft damage:,Aircraft fate:,Location:,Phase:,Nature:,Departure airport:,Destination airport:,Flightnumber:,Probable cause:,Total:
19370103-2,,Sunday 3 January 1937,,Junkers Ju-52/3m,HISMA - Sociedad Hispano-Marroqui de Transportes,,,, 22-96, , ,,,,,Fatalities:  / Occupants: ,Fatalities:  / Occupants: ,,, Damaged beyond repair,,"at an unknown location (   Spain) 
", Unknown (UNK),Military,?,?,,,Fatalities:  / Occupants:  
19370120-0,,Wednesday 20 January 1937,,Ford 5-AT-C Tri-Motor,DePonti Aviation Company,,,, NC422H, 5-AT-096, 1931-12-19  (5 years 1 months),,, 3 Pratt & Whitney R-1340 Wasp,,Fatalities: 0 / Occupants: 0,Fatalities: 0 / Occupants: 0,,, Damaged beyond repair,,"Sioux City, IA (   United States of America) 
", Standing (STD),-,-,-,,,Fatalities: 0 / Occupants: 0 
19370126-0,Final,Tuesday 26 January 1937,ca 16:25,Sabca Savoia-Marchetti S.73P,Sabena,,,, OO-AGR, 2, 1936,,, 3 Gnome-Rhône 9Kfr Mistral,,Fatalities: 4 / Occupants: 4,Fatalities: 8 / Occupants: 8,,, Damaged beyond repair,,"10 km (6.3 mls) S of Oran-es Senia Airport (ORN) (   Algeria) 
", Approach (APR),International Scheduled Passenger,"Colomb-Béchar Airport (CBH/DAOC), Algeria","Oran-es Senia Airport (ORN/DAOO), Algeria",,,Fatalities: 12 / Occupants: 12 
19370209-0,Final,Tuesday 9 February 1937,20:50,Douglas DC-3A-197,United Airlines,,,, NC16073, 1913, 1936,,,,,Fatalities: 3 / Occupants: 3,Fatalities: 8 / Occupants: 8,,, Damaged beyond repair,,"3 km (1.9 mls) NE off  San Francisco Municipal Airport, CA (SFO) (   United States of America) 
", Approach (APR),Domestic Scheduled Passenger,"Burbank-Union Air Terminal (BUR/KBUR), United States of America","San Francisco Municipal Airport, CA (SFO/KSFO), United States of America",Trip 23,,Fatalities: 11 / Occupants: 11 
19370216-2,,Tuesday 16 February 1937,,Junkers Ju-52/3m,HISMA - Sociedad Hispano-Marroqui de Transportes,,,, 22-58, , ,,,,,Fatalities:  / Occupants: ,Fatalities:  / Occupants: ,,, Damaged beyond repair,,"Jarama (   Spain) 
", En route (ENR),Military,?,?,,,Fatalities:  / Occupants:  
19370218-0,,Thursday 18 February 1937,,Douglas DC-2-112,Eastern Air Lines,,,, NC13734, 1260, 1934,,,,,Fatalities: 0 / Occupants: 3,Fatalities: 0 / Occupants: 7,,, Damaged beyond repair,,"Atlanta Municipal Airport, GA (ATL) (   United States of America) 
", Landing (LDG),Domestic Scheduled Passenger,"Chicago Municipal Airport, IL (MDW/KMDW), United States of America","Atlanta Municipal Airport, GA (ATL/KATL), United States of America",,,Fatalities: 0 / Occupants: 10 
19370313-2,,Saturday 13 March 1937,,Junkers Ju-52/3m,HISMA - Sociedad Hispano-Marroqui de Transportes,,,, 22-70, , ,,,,,Fatalities:  / Occupants: ,Fatalities:  / Occupants: ,,, Damaged beyond repair,,"Guadalajara (   Spain) 
", Unknown (UNK),Military,?,?,,,Fatalities:  / Occupants:  
19370316-0,,Tuesday 16 March 1937,00:24,de Havilland DH.86 Express,Imperial Airways,,,, G-ACVZ, 2303, ,,,,,Fatalities: 3 / Occupants: 3,Fatalities: 0 / Occupants: 0,,, Damaged beyond repair,,"Elsdorf (   Germany) 
", En route (ENR),International Scheduled Passenger,"London-Croydon Airport (-/-), United Kingdom","Köln-Butzweilerhof Airfield, Germany",,,Fatalities: 3 / Occupants: 3 
19370324-0,,Wednesday 24 March 1937,14:30,Short S.23 Empire Flying Boat Mk I,Imperial Airways,,,, G-ADVA, S.818, 1937,,, 4 Bristol Pegasus Xc,,Fatalities: 4 / Occupants: 5,Fatalities: 1 / Occupants: 1,,, Damaged beyond repair,,"1,6 km (1 mls) NNE of Ouroux (   France) 
", En route (ENR),International Scheduled Passenger,"Southampton water, United Kingdom","Marseille-Marignane Airport (MRS/LFML), France",,,Fatalities: 5 / Occupants: 6 
19370325-0,Final,Thursday 25 March 1937,18:40,Douglas DC-2-112,Transcontinental & Western Air - TWA,,,, NC13730, 1256, 1934,,,,,Fatalities: 3 / Occupants: 3,Fatalities: 10 / Occupants: 10,,, Damaged beyond repair,,"near Clifton, PA (   United States of America) 
", Approach (APR),Domestic Scheduled Passenger,"Camden Central Airport, NJ, United States of America","Pittsburgh-Allegheny County Airport, PA (AGC/KAGC), United States of America",  15A,,Fatalities: 13 / Occupants: 13 
19370399-0,,xx MAR 1937,,Douglas DC-2-115B,LAPE - Líneas Aéreas Postales Españolas,,,, EC-AGK, 1334/F12, 1935,,,,,Fatalities:  / Occupants: ,Fatalities:  / Occupants: ,,, Damaged beyond repair,,"Valencia (   Spain) 
", Unknown (UNK),Unknown,?,?,,,Fatalities:  / Occupants:  
19370399-1,,xx MAR 1937,,Douglas DC-2-115B,LAPE - Líneas Aéreas Postales Españolas,,,, EC-AAY, 1334/F12, 1935,,,,,Fatalities:  / Occupants: ,Fatalities:  / Occupants: ,,, Damaged beyond repair,,"unknown (   Unknown country) 
", Unknown (UNK),Unknown,?,?,,,Fatalities:  / Occupants:  
19370401-0,,Thursday 1 April 1937,,Ford 5-AT-C Tri-Motor,Star Air Service,,,, NC8410, 5-AT-048, 1929-06-05  (7 years 10 months),,, 3 Pratt & Whitney R-1340 Wasp,,Fatalities: 0 / Occupants: ,Fatalities: 0 / Occupants: ,,, Damaged beyond repair,,"Lake Spenard, AK (   United States of America) 
", Unknown (UNK),Unknown,?,?,,,Fatalities: 0 / Occupants:  
19370403-0,,Saturday 3 April 1937,ca 15:30,Douglas DC-3-194B,KLM Royal Dutch Airlines,,,, PH-ALP, 1938, 1937,,,,,Fatalities: 2 / Occupants: 2,Fatalities: 6 / Occupants: 6,,, Destroyed, Written off (damaged beyond repair),"ca 32 km NW of McNary, AZ (   United States of America) 
", En route (ENR),Ferry/positioning,"Burbank-Union Air Terminal (BUR/KBUR), United States of America","New York-North Beach Airport, NY (LGA/KLGA), United States of America",,,Fatalities: 8 / Occupants: 8 
19370406-0,,Tuesday 6 April 1937,,Douglas DC-2-115M,LAPE - Líneas Aéreas Postales Españolas,,,, EC-BFF, 1527/F36, 1936,,,,,Fatalities: 0 / Occupants: 0,Fatalities: 0 / Occupants: 0,,, Damaged beyond repair,,"Santander-La Albericia Airport (   Spain) 
", Standing (STD),-,-,-,,,Fatalities: 0 / Occupants: 0 
19370406-1,,Tuesday 6 April 1937,,Junkers Ju-52/3mg3e,Luftwaffe,,,, 33+K39, 5462, ,,,,,Fatalities:  / Occupants: ,Fatalities:  / Occupants: ,,, Damaged beyond repair,,"Liegnitz (   Germany) 
", Unknown (UNK),Military,?,?,,,Fatalities:  / Occupants:  
19370507-0,,Friday 7 May 1937,,Douglas C-33 (DC-2),United States Army Air Corps - USAAC,,,, 36-81, 1514, 1936,,,,,Fatalities: 0 / Occupants: 4,Fatalities: 0 / Occupants: 0,,, Damaged beyond repair,,"near Clay Springs, AZ (   United States of America) 
", Landing (LDG),Military,"San Diego (unknown airport), CA, United States of America","Amarillo AAF, TX (AMA/KAMA), United States of America",,,Fatalities: 0 / Occupants: 4 
19370529-0,,Saturday 29 May 1937,,Ford 4-AT-B Tri-Motor,O.K. Southwick,,,, NC8404, 4-AT-66, 1929-07-10  (7 years 11 months),,, 3 Wright J-6-9 Whirlwind,,Fatalities: 0 / Occupants: ,Fatalities: 0 / Occupants: ,,, Damaged beyond repair,,"Belleville, IL (   United States of America) 
", Unknown (UNK),Unknown,?,?,,,Fatalities: 0 / Occupants:  
19370531-0,,Monday 31 May 1937,,Handley Page HP.42E,Imperial Airways,,,, G-AAXE, HP.42/7, 1931-12-08  (5 years 6 months),,,,,Fatalities: 0 / Occupants: 0,Fatalities: 0 / Occupants: 0,,, Damaged beyond repair,,"Karachi (   Pakistan) 
", Standing (STD),-,-,-,,,Fatalities: 0 / Occupants: 0 
19370602-0,,Wednesday 2 June 1937,,Sikorsky S-43,Fuerza Aérea de Chile,,,, No. 2, 4319, ,,,,,Fatalities: 4 / Occupants: 4,Fatalities: 5 / Occupants: 5,,, Damaged beyond repair,,"off Ancud (   Chile) 
", Unknown (UNK),Military,?,?,,,Fatalities: 9 / Occupants: 9 
19370616-0,,Wednesday 16 June 1937,,Junkers Ju-52/3msai,South African Airways - SAA,,,, ZS-AKY, 5351, ,,,,,Fatalities: 0 / Occupants: ,Fatalities: 1 / Occupants: ,,, Damaged beyond repair,,"Johannesburg/Germiston-Rand Airport (QRA) (   South Africa) 
", Takeoff (TOF),Domestic Scheduled Passenger,"Johannesburg/Germiston-Rand Airport (QRA/FAGM), South Africa",?,,,Fatalities: 1 / Occupants:  
19370726-2,,Monday 26 July 1937,,Junkers Ju-52/3m,HISMA - Sociedad Hispano-Marroqui de Transportes,,,, 22-66, , ,,,,,Fatalities:  / Occupants: ,Fatalities:  / Occupants: ,,, Damaged beyond repair,,"at an unknown location (   Spain) 
", Unknown (UNK),Military,?,?,,,Fatalities:  / Occupants:  
19370728-0,,Wednesday 28 July 1937,ca 10:40,Douglas DC-2-115L,KLM Royal Dutch Airlines,,,, PH-ALF, 1585/F34, 1936,,, 2 Wright GR-1820-F53 Cyclone,,Fatalities: 4 / Occupants: 4,Fatalities: 11 / Occupants: 11,,, Destroyed, Written off (damaged beyond repair),"near Beert (   Belgium) 
", En route (ENR),International Scheduled Passenger,"Brussel-Haren Airport, Belgium","Paris-Le Bourget Airport (LBG/LFPB), France",,,Fatalities: 15 / Occupants: 15 
19370801-0,,Sunday 1 August 1937,,Junkers Ju-52/3m,Eurasia,,,, XVIII, 5294, ,,,,,Fatalities:  / Occupants: ,Fatalities:  / Occupants: ,,, Damaged beyond repair,,"Kunming (   China) 
", Unknown (UNK),Unknown,?,?,,,Fatalities:  / Occupants:  
19370802-0,Final,Monday 2 August 1937,ca 19:40,Sikorsky S-43B,Pan American Grace Airways (Panagra),,,, NC15065, 4305, 1935,,,,,Fatalities: 3 / Occupants: 3,Fatalities: 11 / Occupants: 11,,, Destroyed, Written off (damaged beyond repair),"24 km (15 mls) W off  Cristóbal (   Panama) 
", Approach (APR),International Scheduled Passenger,"Cali Airport (CLO/SKCL), Colombia","Cristóbal Seaplane Base, Panama",,,Fatalities: 14 / Occupants: 14 
19370802-2,,Monday 2 August 1937,ca 05:30,Savoia-Marchetti S.73,Ala Littoria,,,, I-SUSA, 30014, ,,,,,Fatalities: 3 / Occupants: 3,Fatalities: 6 / Occupants: 6,,, Damaged beyond repair,,"Wadi Halfa Airport (WHF) (   Sudan) 
", Approach (APR),International Scheduled Passenger,"Asmara International Airport (ASM/HAAY), Eritrea","Wadi Halfa Airport (WHF/HSSW), Sudan",,,Fatalities: 9 / Occupants: 9 
19370806-0,,Friday 6 August 1937,,Douglas DC-2-152,"Aeroflot, International Civil Aviation Directorate",,,, URSS-M25, 1413, 1935,,,,,Fatalities: 3 / Occupants: 3,Fatalities: 3 / Occupants: 3,,, Destroyed, Written off (damaged beyond repair),"near Herina, Bistrita-Nasaud County (   Romania) 
", En route (ENR),International Scheduled Passenger,"Cluj-Napoca Airport (CLJ/LRCL), Romania",?,,,Fatalities: 6 / Occupants: 6 
19370808-0,,Sunday 8 August 1937,,Sikorsky S-43W,China National Aviation Corporation - CNAC,,,, NC16930, 4321, 1936,,,,,Fatalities: 3 / Occupants: 4,Fatalities: 0 / Occupants: 7,,, Damaged beyond repair,,"Chilang Point, Bias Bay (   China) 
", Landing (LDG),International Scheduled Passenger,"Hong Kong-Kai Tak International Airport (HKG/VHHH), Hong Kong","Shanghai (unknown airport), China",,,Fatalities: 3 / Occupants: 11 
19370810-0,Final,Tuesday 10 August 1937,04:40,Douglas DC-2-112,Eastern Air Lines,,,, NC13739, 1289, 1934,,,,,Fatalities: 2 / Occupants: 3,Fatalities: 2 / Occupants: 6,,, Damaged beyond repair,,"Daytona Beach Municipal Airport, FL (DAB) (   United States of America) 
", Landing (LDG),Domestic Scheduled Passenger,"Daytona Beach Municipal Airport, FL (DAB/KDAB), United States of America","Miami-36th Street Airport, FL (MIA/KMIA), United States of America",,,Fatalities: 4 / Occupants: 9 
19370814-2,,Saturday 14 August 1937,,Junkers Ju-52/3m,HISMA - Sociedad Hispano-Marroqui de Transportes,,,, 22-51, , ,,,,,Fatalities:  / Occupants: ,Fatalities:  / Occupants: ,,, Damaged beyond repair,,"at an unknown location (   Spain) 
", Unknown (UNK),Military,?,?,,,Fatalities:  / Occupants:  
19370821-0,,Saturday 21 August 1937,,Ford 5-AT-C Tri-Motor,Republic Oil Company,,,, NR9648, 5-AT-057, 1929-06-27  (8 years 2 months),,, 3 Pratt & Whitney R-1340 Wasp,,Fatalities: 0 / Occupants: ,Fatalities: 0 / Occupants: ,,, Damaged beyond repair,,"Fairbanks, AK (   United States of America) 
", En route (ENR),Survey/research,?,?,,,Fatalities: 0 / Occupants: 3 
19370823-0,,Monday 23 August 1937,,Douglas DC-2-118A,Pan American Grace Airways (Panagra),,,, NC14298, 1370, 1935,,,,,Fatalities: 3 / Occupants: 3,Fatalities: 0 / Occupants: 0,,, Damaged beyond repair,,"32 km (20 mls) N of San Luis, SL (   Argentina) 
", En route (ENR),Cargo,"Mendoza-El Plumerillo Airport, MD (MDZ/SAME), Argentina","Córdoba-Pajas Blancas Airport, CD (COR/SACO), Argentina",,,Fatalities: 3 / Occupants: 3 
19370914-2,,Tuesday 14 September 1937,21:00,Junkers Ju-52/3m,HISMA - Sociedad Hispano-Marroqui de Transportes,,,, 22-61, , ,,,,,Fatalities:  / Occupants: ,Fatalities:  / Occupants: ,,, Damaged beyond repair,,"Sariñena (Huesca) (   Spain) 
", En route (ENR),Military,?,?,,,Fatalities:  / Occupants:  
19370927-0,,Monday 27 September 1937,,Curtiss T-32C Condor II,Charles H. Babb,,,, NC12364, 24, ,,,,,Fatalities: 0 / Occupants: 0,Fatalities: 0 / Occupants: 0,,, Damaged beyond repair,,"New York-Floyd Bennett Field, NY (NOP) (   United States of America) 
", Standing (STD),-,-,-,,,Fatalities: 0 / Occupants: 0 
19370927-1,,Monday 27 September 1937,,Curtiss AT-32B Condor II,American Airlines,,,, NC12394, 46, ,,,,,Fatalities: 0 / Occupants: 0,Fatalities: 0 / Occupants: 0,,, Damaged beyond repair,,"New York-Floyd Bennett Field, NY (NOP) (   United States of America) 
", Standing (STD),-,-,-,-,,Fatalities: 0 / Occupants: 0 
19370927-2,,Monday 27 September 1937,,Curtiss AT-32D Condor II,American Airlines,,,, NC12397, 49, ,,,,,Fatalities: 0 / Occupants: 0,Fatalities: 0 / Occupants: 0,,, Damaged beyond repair,,"at an unknown location (   United States of America) 
", Standing (STD),-,?,?,,,Fatalities: 0 / Occupants: 0 
19370928-0,,Tuesday 28 September 1937,,Ford 5-AT-B Tri-Motor,TACA Guatemala,,,, LG-AAE, 5-AT-028, 1929-02-26  (8 years 7 months),,, 3 Pratt & Whitney R-1340 Wasp,,Fatalities:  / Occupants: ,Fatalities:  / Occupants: ,,, Damaged beyond repair,,"40 km (25 mls) SW of Puerto Cabezas (   Nicaragua) 
", En route (ENR),Unknown,?,?,,,Fatalities:  / Occupants:  
19371001-0,,Friday 1 October 1937,,Short S.23 Empire Flying Boat Mk I,Imperial Airways,,,, G-ADVC, S.820, 1937,,, 4 Bristol Pegasus Xc,,Fatalities: 0 / Occupants: 5,Fatalities: 3 / Occupants: 9,,, Damaged beyond repair,,"Faliro Bay (   Greece) 
", Landing (LDG),International Scheduled Passenger,"Alexandria Airport (ALY/HEAX), Egypt","Athens Seaplane Base, Greece",,,Fatalities: 3 / Occupants: 14 
19371006-0,,Wednesday 6 October 1937,ca 12:30,Douglas DC-3-194B,KLM Royal Dutch Airlines,,,, PH-ALS, 1940, 1937,,,,,Fatalities: 3 / Occupants: 4,Fatalities: 1 / Occupants: 8,,, Damaged beyond repair,,"Palembang-Talang Betoetoe Airport (PLM) (   Indonesia) 
", Initial climb (ICL),International Scheduled Passenger,"Palembang-Talang Betoetoe Airport (PLM/WIPP), Indonesia","Singapore (unknown airport), Singapore",,,Fatalities: 4 / Occupants: 12 
19371015-2,,Friday 15 October 1937,,Junkers Ju-52/3m,HISMA - Sociedad Hispano-Marroqui de Transportes,,,, 22-62, , ,,,,,Fatalities:  / Occupants: ,Fatalities:  / Occupants: ,,, Damaged beyond repair,,"at an unknown location (   Spain) 
", Unknown (UNK),Military,?,?,,,Fatalities:  / Occupants:  
19371017-0,Final,Sunday 17 October 1937,ca 21:00,Douglas DC-3A-197,United Airlines,,,, NC16074, 1914, 1936,,,,,Fatalities: 3 / Occupants: 3,Fatalities: 16 / Occupants: 16,,, Destroyed, Written off (damaged beyond repair),"32 km (20 mls) S of Knight, WY (   United States of America) 
", En route (ENR),Domestic Scheduled Passenger,"Cheyenne Airport, WY (CYS/KCYS), United States of America","Salt Lake City Municipal Airport, UT (SLC/KSLC), United States of America",    1,,Fatalities: 19 / Occupants: 19 
19371025-0,,Monday 25 October 1937,,Junkers Ju-52/3m,Luftwaffe,,,, S2+PO, 5081, ,,,,,Fatalities:  / Occupants: ,Fatalities:  / Occupants: ,,, Damaged beyond repair,,"Tutow (   Germany) 
", Unknown (UNK),Military,?,?,,,Fatalities:  / Occupants:  
19371027-0,,Wednesday 27 October 1937,ca 04:23,Dewoitine D.333,Air France,,,, 	F-ANQA, 01, 1934-01-17  (3 years 9 months),,,,,Fatalities: 3 / Occupants: 3,Fatalities: 3 / Occupants: 3,,, Damaged beyond repair,,"off El Jadida (   Morocco) 
", En route (ENR),International Scheduled Passenger,"Dakar-Yoff Airport (DKR/GOOY), Senegal","Casablanca (unknown airport), Morocco",,,Fatalities: 6 / Occupants: 6 
19371116-0,,Tuesday 16 November 1937,14:47,Junkers Ju-52/3mge,Sabena,,,, OO-AUB, 5827, ,,,,,Fatalities: 3 / Occupants: 3,Fatalities: 8 / Occupants: 8,,, Destroyed, Written off (damaged beyond repair),"1,5 km (0.9 mls) E of Stene Airfield (   Belgium) 
", Approach (APR),International Scheduled Passenger,"Frankfurt International Airport (FRA/EDDF), Germany","Brussel-Haren Airport, Belgium",,,Fatalities: 11 / Occupants: 11 
19371123-0,,Tuesday 23 November 1937,,Douglas DC-2-115D,LOT Polskie Linie Lotnicze,,,, SP-ASJ, 1318/F3, 1934,,,,,Fatalities: 3 / Occupants: 3,Fatalities: 3 / Occupants: 3,,, Damaged beyond repair,,"Pirin Mountains (   Bulgaria) 
", En route (ENR),International Scheduled Passenger,"Thessaloniki International Airport (SKG/LGTS), Greece","Sofia-Vrazhdebna Airport (SOF/LBSF), Bulgaria",,,Fatalities: 6 / Occupants: 6 
19371126-0,,Friday 26 November 1937,,Junkers Ju-52/3mfe,Deutsche Lufthansa,,,, D-AGAV, 4023, ,,,,,Fatalities: 3 / Occupants: 3,Fatalities: 0 / Occupants: 0,,, Damaged beyond repair,,"London-Croydon Airport (   United Kingdom) 
", Takeoff (TOF),Cargo,"London-Croydon Airport (-/-), United Kingdom","Berlin (airport unknown), Germany",,,Fatalities: 3 / Occupants: 3 
19371199-0,,xx NOV 1937,,Junkers Ju-52/3mge,Deutsche Versuchsanstalt für Luftfahrt (DVL),,,, D-AFYV, 5352, ,,,,,Fatalities:  / Occupants: ,Fatalities:  / Occupants: ,,, Damaged beyond repair,,"Roggentin (   Germany) 
", Maneuvering (MNV),Test,?,?,,,Fatalities:  / Occupants:  
19371205-0,,Sunday 5 December 1937,,Short S.23 Empire Flying Boat Mk I,Imperial Airways,,,, G-ADUZ, S.817, 1937,,, 4 Bristol Pegasus Xc,,Fatalities: 1 / Occupants: 6,Fatalities: 1 / Occupants: 7,,, Damaged beyond repair,,"Brindisi (   Italy) 
", Takeoff (TOF),International Scheduled Passenger,"Brindisi-Papola Casale Airport (BDS/LIBR), Italy",?,,,Fatalities: 2 / Occupants: 13 
19371208-0,,Wednesday 8 December 1937,,Potez 621,Air France,,,, F-AOTZ, 4213 / 23, ,,, 2 Gnome-Rhône 14Kirs Mistral Major,,Fatalities: 2 / Occupants: 3,Fatalities: 0 / Occupants: 4,,, Damaged beyond repair,,"Valence, Drôme (   France) 
", En route (ENR),Domestic Scheduled Passenger,"Paris (unknown airport), France","Lyon (unknown airport), France",,,Fatalities: 2 / Occupants: 7 
19371215-0,,Wednesday 15 December 1937,,Junkers Ju-52/3mce,Lloyd Aéreo Boliviano - LAB,,,, CB-18, 4009, ,,,,,Fatalities: 3 / Occupants: 3,Fatalities: 5 / Occupants: 5,,, Damaged beyond repair,,"near Sorata (   Bolivia) 
", En route (ENR),Cargo,"La Paz-El Alto Airport (LPB/SLLP), Bolivia","Apolo Airport (APB/SLAP), Bolivia",,,Fatalities: 8 / Occupants: 8 
