Identifiant:,Status:,Date:,Time:,Type:,Operator:,Operating for:,On behalf of:,Leased from:,Registration:,C/n / msn:,First flight:,Total airframe hrs:,Year built:,Engines:,Cycles:,Crew:,Passengers:,Ground casualties:,Collision casualties:,Aircraft damage:,Aircraft fate:,Location:,Phase:,Nature:,Departure airport:,Destination airport:,Flightnumber:,Probable cause:,Total:
19550110-0,Final,Monday 10 January 1955,09:38,Lockheed 18-50 Lodestar,National Airlines,,,, N33369, 18-2414, 1943,20627,, 2 Wright R-1820-G202A,,Fatalities: 0 / Occupants: 3,Fatalities: 0 / Occupants: 10,,, Damaged beyond repair,,"St. Petersburg Airport, FL (PIE) (   United States of America) 
", Takeoff (TOF),Domestic Scheduled Passenger,"St. Petersburg-Pinellas International Airport, FL (PIE/KPIE), United States of America","Sarasota-Bradenton Airport, FL (SRQ/KSRQ), United States of America",   1,,Fatalities: 0 / Occupants: 13 
19550111-0,,Tuesday 11 January 1955,ca 21:00,Avro Shackleton MR.2,Royal Air Force - RAF,,,, WG531, , 1952-08-21  (2 years 5 months),,, 4 Rolls-Royce Griffon 57,,Fatalities: 9 / Occupants: 9,Fatalities: 0 / Occupants: 0,,Fatalities: 9, Missing, Presumed damaged beyond repair,"S off Fastnet Rock, Ireland (   Atlantic Ocean) 
", En route (ENR),Military,"St Eval RAF Station, United Kingdom","St Eval RAF Station, United Kingdom",,,Fatalities: 9 / Occupants: 9 
19550111-1,,Tuesday 11 January 1955,ca 21:00,Avro Shackleton MR.2,Royal Air Force - RAF,,,, WL743, , 1953,,, 4 Rolls-Royce Griffon 57,,Fatalities: 9 / Occupants: 9,Fatalities: 0 / Occupants: 0,,Fatalities: 9, Destroyed, Written off (damaged beyond repair),"S off Fastnet Rock, Ireland (   Atlantic Ocean) 
", En route (ENR),Military,"St Eval RAF Station, United Kingdom","St Eval RAF Station, United Kingdom",,,Fatalities: 9 / Occupants: 9 
19550111-2,,Tuesday 11 January 1955,,Fairchild C-119G Flying Boxcar,United States Air Force - USAF,,,, 52-5949, 11136, ,,,,,Fatalities: 2 / Occupants: 5,Fatalities: 0 / Occupants: 37,,, Damaged beyond repair,,"8 km (5 mls) NE of Smyrna-Sewart AFB, TN (MQY) (   United States of America) 
", En route (ENR),Military,"Smyrna-Sewart AFB, TN (MQY/KMQY), United States of America",?,,,Fatalities: 2 / Occupants: 42 
19550112-0,Final,Wednesday 12 January 1955,09:04,Martin 2-0-2A,Trans World Airlines - TWA,,,, N93211, 14081, 1950,7958,, 2 Pratt & Whitney R-2800-CB16,,Fatalities: 3 / Occupants: 3,Fatalities: 10 / Occupants: 10,,Fatalities: 2, Damaged beyond repair,,"4 km (2.5 mls) W of Cincinnati/Northern Kentucky Airport, KY (CVG) (   United States of America) 
", En route (ENR),Domestic Scheduled Passenger,"Cincinnati/Northern Kentucky Airport, KY (CVG/KCVG), United States of America","Cleveland-Hopkins International Airport, OH (CLE/KCLE), United States of America",TW694,,Fatalities: 13 / Occupants: 13 
19550112-1,Final,Wednesday 12 January 1955,09:04,Douglas C-47-DL (DC-3),Castleton Inc,,,, N999B, 4255, 1942,5677,, 2 Pratt & Whitney R-1830-65-92,,Fatalities: 2 / Occupants: 2,Fatalities: 0 / Occupants: 0,,Fatalities: 13, Damaged beyond repair,,"4 km (2.5 mls) W of Cincinnati/Northern Kentucky Airport, KY (CVG) (   United States of America) 
", En route (ENR),Executive,"Battle Creek-WK Kellogg Regional Airport, MI (BTL/KBTL), United States of America","Lexington-Blue Grass Airport, KY (LEX/KLEX), United States of America",,,Fatalities: 2 / Occupants: 2 
19550113-1,,Thursday 13 January 1955,11:30,Lisunov Li-2,"Aeroflot, Moscow Civil Aviation Directorate",,,, CCCP-L5000, 33444902, ,,,,,Fatalities: 5 / Occupants: 5,Fatalities: 0 / Occupants: 0,,, Damaged beyond repair,,"Moscow Region (   Russia) 
", Takeoff (TOF),Cargo,?,?,,,Fatalities: 5 / Occupants: 5 
19550115-0,Preliminary,Saturday 15 January 1955,,Vickers 701 Viscount,British European Airways - BEA,,,, G-AMOK, 24, 1953,,, 4 Rolls-Royce Dart 505,,Fatalities: 0 / Occupants: 5,Fatalities: 0 / Occupants: 25,,, Substantial, Repaired,"London Airport (LHR) (   United Kingdom) 
", Takeoff (TOF),International Scheduled Passenger,"London Airport (LHR/EGLL), United Kingdom","Nice-le Var Airport (NCE/LFMN), France",,,Fatalities: 0 / Occupants: 30 
19550115-1,,Saturday 15 January 1955,ca 01:00,Grumman G-73 Mallard,Hydro-Electric Power Commission of Ontario,,,, CF-GEU, J-33, 1947,,,,,Fatalities: 0 / Occupants: 2,Fatalities: 0 / Occupants: 3,,, Damaged beyond repair,,"1,8 km (1.1 mls) N of London Airport, ON (YXU) (   Canada) 
", Approach (APR),Unknown,"Toronto-Malton Airport, ON (YYZ/CYYZ), Canada",?,,,Fatalities: 0 / Occupants: 5 
19550117-0,,Monday 17 January 1955,ca 05:15,Lockheed C-121J Super Constellation,United States Navy,,,, 131639, 4140, 1953,,,,,Fatalities: 6 / Occupants: 6,Fatalities: 7 / Occupants: 7,,, Damaged beyond repair,,"112 km (70 mls) SW off  Stephenville, NL, Canada (   Atlantic Ocean) 
", En route (ENR),Military,"Stephenville-Ernest Harmon AFB, NL (YJT/CYJT), Canada","Patuxent River NAS, MD (NHK/KNHK), United States of America",,,Fatalities: 13 / Occupants: 13 
19550118-0,,Tuesday 18 January 1955,,Grumman SA-16A Albatross,United States Air Force - USAF,,,, 51-7197, G-262, ,,,,,Fatalities:  / Occupants: ,Fatalities:  / Occupants: ,,, Damaged beyond repair,,"4,8 km (3 mls) E of Jardín, Antioquia (   Colombia) 
", En route (ENR),Military,"Panama City-Albrook AFB, Panama",?,,,Fatalities: 3 / Occupants: 6 
19550119-0,Final,Wednesday 19 January 1955,16:25,Convair CV-340-13,United Airlines,,,, N73154, 180, 1954,1502,, 2 Pratt & Whitney R-2800-CB16,,Fatalities: 0 / Occupants: 3,Fatalities: 0 / Occupants: 36,,, Substantial, Repaired,"10 km (6.3 mls) SE of Dexter, IA (   United States of America) 
", En route (ENR),Domestic Scheduled Passenger,"Des Moines Airport, IA (DSM/KDSM), United States of America","Omaha-Eppley Airfield, NE (OMA/KOMA), United States of America",UA329,,Fatalities: 0 / Occupants: 39 
19550121-0,,Friday 21 January 1955,07:29,Douglas C-47A-25-DK (DC-3),Indian Airlines,,,, VT-COZ, 13569, 1944,,, 2 Pratt & Whitney R-1830-92,,Fatalities: 3 / Occupants: 3,Fatalities: 0 / Occupants: 0,,, Damaged beyond repair,,"Guwahati (   India) 
", Approach (APR),Cargo,"Calcutta-Dum Dum Airport (CCU/VECC), India","Guwahati-Borjhar Airport (GAU/VEGT), India",,,Fatalities: 3 / Occupants: 3 
19550122-0,,Saturday 22 January 1955,,Curtiss C-46F-1-CU Commando,Resort Airlines,,,, N1242N, 22406, 1945,,,,,Fatalities: 0 / Occupants: 2,Fatalities: 0 / Occupants: 0,,, Damaged beyond repair,,"0,8 km (0.5 mls) from  Chattanooga-Lovell Field, TN (CHA) (   United States of America) 
", Approach (APR),Cargo,"Norfolk NAS Chambers, VA (NGU/KNGU), United States of America","Knoxville Airport, TN (TYS/KTYS), United States of America",,,Fatalities: 0 / Occupants: 2 
19550123-0,,Sunday 23 January 1955,07:57,Lisunov Li-2,Aeroflot / Ukraine,,,, CCCP-L4510, 18429709, ,,,,,Fatalities: 2 / Occupants: 5,Fatalities: 1 / Occupants: 8,,, Damaged beyond repair,,"near Lipovec, Kagarlyksky District (   Ukraine) 
", En route (ENR),Domestic Scheduled Passenger,?,?,,,Fatalities: 3 / Occupants: 13 
19550126-0,,Wednesday 26 January 1955,16:58,Douglas C-54G-5-DO (DC-4),United States Air Force - USAF,,,, 45-569, 36022, 1945,,,,,Fatalities: 0 / Occupants: ,Fatalities: 0 / Occupants: ,,, Damaged beyond repair,,"off Ocean Weather Station Echo [35°N 48°W] (   Atlantic Ocean) 
", En route (ENR),Military,"Terceira-Lajes Airport, Azores (TER/LPLA), Portugal","Bermuda-Kindley Field NAS (NWU), Bermuda",,,Fatalities: 0 / Occupants: 8 
19550127-0,,Thursday 27 January 1955,,Douglas C-47A-30-DK (DC-3),United States Air Force - USAF,,,, 43-48091, 25352/13907, 1944,,,,,Fatalities:  / Occupants: ,Fatalities:  / Occupants: ,,, Damaged beyond repair,,"Niigata Air Base (KIJ) (   Japan) 
", Landing (LDG),Military,?,"Niigata Airport (KIJ/RJAN), Japan",,,Fatalities:  / Occupants:  
19550201-0,,Tuesday 1 February 1955,,Consolidated PBY-5 Catalina,Agencia Interamericana de Aviación - AIDA,,,, HK-1000E, , ,,,,,Fatalities: 1 / Occupants: 4,Fatalities: 4 / Occupants: 4,,, Damaged beyond repair,,"La Pedrera Airport (LPD) (   Colombia) 
", Landing (LDG),Cargo,"Mitú Airport (MVP/SKMU), Colombia","La Pedrera Airport (LPD/SKLP), Colombia",,,Fatalities: 5 / Occupants: 8 
19550202-0,,Wednesday 2 February 1955,ca 03:50,Douglas C-47A-20-DK (DC-3),Indian Airlines,,,, VT-CVB, 13037, 1944,,, 2 Pratt & Whitney R-1830-92,,Fatalities: 4 / Occupants: 4,Fatalities: 6 / Occupants: 6,,, Damaged beyond repair,,"Nagpur (   India) 
", En route (ENR),Domestic Scheduled Passenger,"Nagpur-Sonegaon Airport (NAG/VANP), India","Delhi-Safdarjung Airport (VIDD), India",,,Fatalities: 10 / Occupants: 10 
19550205-0,,Saturday 5 February 1955,ca 10:04,Bristol 170 Freighter 21E,West African Airways Corp,,,, VR-NAD, 12779, ,,,,,Fatalities: 4 / Occupants: 4,Fatalities: 9 / Occupants: 9,,, Damaged beyond repair,,"84 km (52.5 mls) NW of Calabar (   Nigeria) 
", En route (ENR),Domestic Scheduled Passenger,"Enugu Airport (ENU/DNEN), Nigeria","Calabar Airport (CBQ/DNCA), Nigeria",,,Fatalities: 13 / Occupants: 13 
19550213-0,Final,Sunday 13 February 1955,19:53,Douglas DC-6,Sabena,,,, OO-SDB, 43063/60, 1947,,,,,Fatalities: 8 / Occupants: 8,Fatalities: 21 / Occupants: 21,,, Destroyed, Written off (damaged beyond repair),"Monte Terminillo (   Italy) 
", En route (ENR),International Scheduled Passenger,"Brussel-Haren Airport, Belgium","Roma-Ciampino Airport (CIA/LIRA), Italy", 503,,Fatalities: 29 / Occupants: 29 
19550214-0,,Monday 14 February 1955,,Vickers Valetta C.1,Royal Air Force - RAF,,,, VL271, , ,,,,,Fatalities:  / Occupants: ,Fatalities:  / Occupants: ,,, Damaged beyond repair,,"at an unknown location (   Unknown country) 
", Unknown (UNK),Military,?,?,,,Fatalities:  / Occupants:  
19550217-0,,Thursday 17 February 1955,,Lockheed P2V-5 Neptune,United States Navy,,,, 128399, 426-5245, ,,,,,Fatalities: 2 / Occupants: 2,Fatalities: 7 / Occupants: 7,,, Damaged beyond repair,,"55,6 km (34.8 mls) NW of Anchorage-Elmendorf AFB, AK (EDF) (   United States of America) 
", En route (ENR),Military,"Kodiak NAS, AK (ADQ/PADQ), United States of America","Anchorage-Elmendorf AFB, AK (EDF/PAED), United States of America",,,Fatalities: 9 / Occupants: 9 
19550219-0,Final,Saturday 19 February 1955,07:13 MST,Martin 4-0-4,Trans World Airlines - TWA,,,, N40416, 14120, ,,,,,Fatalities: 3 / Occupants: 3,Fatalities: 13 / Occupants: 13,,, Damaged beyond repair,,"21 km (13.1 mls) NE of Albuquerque Municipal Airport, NM (ABQ) (   United States of America) 
", En route (ENR),Domestic Scheduled Passenger,"Albuquerque Municipal Airport, NM (ABQ/KABQ), United States of America","Santa Fe Airport, NM (SAF/KSAF), United States of America",TW260,,Fatalities: 16 / Occupants: 16 
19550221-0,,Monday 21 February 1955,13:45,Consolidated Liberator C Mk VI,Sociedad de Transportes Aéreos - ALA,,,, CC-CAN, 1174, ,2371,,,,Fatalities: 0 / Occupants: 4,Fatalities: 0 / Occupants: 15,,, Damaged beyond repair,,"Santiago-Los Cerrillos Airport (ULC) (   Chile) 
", Landing (LDG),Domestic Scheduled Passenger,"Iquique-Cavancha Airport (IQQ/SCDA), Chile","Santiago-Los Cerrillos Airport (ULC/SCTI), Chile",,,Fatalities: 0 / Occupants: 19 
19550223-0,,Wednesday 23 February 1955,ca 09:20,Douglas C-47B-15-DK (DC-3),Central African Airways,,,, VP-YKO, 26554/15109, 1944,,, 2 Pratt & Whitney R-1830-90C,,Fatalities: 1 / Occupants: 5,Fatalities: 0 / Occupants: 21,,, Damaged beyond repair,,"Salisbury Airport (HRE) (   Zimbabwe) 
", Initial climb (ICL),Domestic Scheduled Passenger,"Salisbury Airport (HRE/FVHA), Zimbabwe","Lusaka Airport (LUN/FLLS), Zambia", 626,,Fatalities: 1 / Occupants: 26 
19550225-0,,Friday 25 February 1955,,Curtiss C-46 Commando,Republic of China Air Force - ROCAF,,,, 117, , ,,,,,Fatalities:  / Occupants: ,Fatalities:  / Occupants: ,,, Damaged beyond repair,,"unknown (   Unknown country) 
", Unknown (UNK),Military,?,?,,,Fatalities:  / Occupants:  
19550301-0,,Tuesday 1 March 1955,,Fairchild C-119G Flying Boxcar,United States Air Force - USAF,,,, 52-5886, 11053, ,,,,,Fatalities: 3 / Occupants: 7,Fatalities: 0 / Occupants: 0,,, Damaged beyond repair,,"33 km (20.6 mls) N of Ashiya Air Base (   Japan) 
", En route (ENR),Military,?,?,,,Fatalities: 3 / Occupants: 7 
19550302-0,,Wednesday 2 March 1955,,Handley Page Hastings C.2,Royal Air Force - RAF,,,, WD484, HP67/112, 1951,,,,,Fatalities: 2 / Occupants: 6,Fatalities: 0 / Occupants: 0,,, Damaged beyond repair,,"Boscombe Down RAF Station (   United Kingdom) 
", Takeoff (TOF),Military,"Boscombe Down RAF Station (EGDM), United Kingdom","Boscombe Down RAF Station (EGDM), United Kingdom",,,Fatalities: 2 / Occupants: 6 
19550303-0,Preliminary,Thursday 3 March 1955,,Fairchild C-119G Flying Boxcar,United States Air Force - USAF,,,, 51-7995, 10734, ,,, 2 Wright R-3350,,Fatalities: 0 / Occupants: ,Fatalities: 0 / Occupants: ,,, Destroyed, Written off (damaged beyond repair),"Hagerstown-Wash. County Regional Airport, MD (HGR) (   United States of America) 
", Landing (LDG),Military,"Ardmore AFB, OK (ADM/KADM), United States of America","Hagerstown-Wash. County Regional Airport, MD (HGR/KHGR), United States of America",,,Fatalities: 0 / Occupants: 13 
19550303-1,,Thursday 3 March 1955,,Douglas C-118A (DC-6),United States Air Force - USAF,,,, 53-3230, 44601/508, 1954,,,,,Fatalities: 0 / Occupants: 9,Fatalities: 0 / Occupants: 49,,, Damaged beyond repair,,"Keflavík International Airport (KEF) (   Iceland) 
", Landing (LDG),Military,?,"Keflavík International Airport (KEF/BIKF), Iceland",,,Fatalities: 0 / Occupants: 58 
19550304-0,,Friday 4 March 1955,,Ilyushin Il-12,"GUSMP, Directorate of Polar Aviation",,,, CCCP-N479, 30236, ,,,,,Fatalities: 4 / Occupants: 5,Fatalities: 0 / Occupants: 20,,, Damaged beyond repair,,"near Kepino, Arkhangelsk region (   Russia) 
", En route (ENR),Domestic Scheduled Passenger,"Amderma Airport (AMV/UOAA), Russia","Arkhangelsk-Talaghy Airport (ARH/ULAA), Russia",,,Fatalities: 4 / Occupants: 25 
19550306-0,,Sunday 6 March 1955,,Douglas DC-3A,REAL Transportes Aéreos,,,, PP-YPZ, 11699, 1943,,,,,Fatalities: 1 / Occupants: 3,Fatalities: 4 / Occupants: 18,,, Damaged beyond repair,,"Vitoria da Conquista Airport, BA (VDC) (   Brazil) 
", Landing (LDG),Domestic Scheduled Passenger,?,"Vitória da Conquista Airport, BA (VDC/SBQV), Brazil",,,Fatalities: 5 / Occupants: 21 
19550306-1,,Sunday 6 March 1955,,Douglas C-54D-15-DC (DC-4),United States Air Force - USAF,,,, 43-17208, 22158, 1945,,,,,Fatalities: 5 / Occupants: 5,Fatalities: 9 / Occupants: 9,,, Damaged beyond repair,,"32 km (20 mls) NW of Taitung (   Taiwan) 
", En route (ENR),Military,"Okinawa (unknown airport), Japan","Hong Kong-Kai Tak International Airport (HKG/VHHH), Hong Kong",,,Fatalities: 14 / Occupants: 14 
19550306-2,,Sunday 6 March 1955,,Douglas C-47D (DC-3),United States Air Force - USAF,,,, 43-49549, 26810/15365, 1944,,,,,Fatalities:  / Occupants: ,Fatalities:  / Occupants: ,,, Damaged beyond repair,,"Clinton, IA (   United States of America) 
", Unknown (UNK),Military,?,?,,,Fatalities:  / Occupants:  
19550307-0,,Monday 7 March 1955,,Lockheed 18 Lodestar,J. Pasquel,,,, XB-ZEH, , ,,,,,Fatalities: 4 / Occupants: 4,Fatalities: 2 / Occupants: 2,,, Damaged beyond repair,,"near Ciudad de Valles (   Mexico) 
", En route (ENR),Executive,?,"Mexico City International Airport (MEX/MMMX), Mexico",,,Fatalities: 6 / Occupants: 6 
19550308-0,,Tuesday 8 March 1955,13:40,Douglas DC-3A-228D,Mexicana de Aviación,,,, XA-DIK, 3292, 1941,,, 2 Pratt & Whitney R-1830,,Fatalities: 3 / Occupants: 3,Fatalities: 23 / Occupants: 23,,, Damaged beyond repair,,"20 km (12.5 mls) WNW of Talpa de Allende Airport (   Mexico) 
", En route (ENR),Domestic Scheduled Passenger,"Puerto Vallarta-Gustavo D. Ordaz Airport (PVR/MMPR), Mexico","Talpa de Allende Airport, Mexico",MX591,,Fatalities: 26 / Occupants: 26 
19550308-1,,Tuesday 8 March 1955,,Fairchild C-119B Flying Boxcar,United States Air Force - USAF,,,, 49-114, 10351, ,,,,,Fatalities: 0 / Occupants: ,Fatalities: 0 / Occupants: ,,, Damaged beyond repair,,"Pittsburgh-Greater Pittsburgh Airport, PA (PIT) (   United States of America) 
", Landing (LDG),Military,?,"Pittsburgh-Greater Pittsburgh Airport, PA (PIT/KPIT), United States of America",,,Fatalities: 0 / Occupants:  
19550309-0,,Wednesday 9 March 1955,ca 15:15,Douglas C-47A-90-DL (DC-3),Avianca,,,, HK-328, 20224, 1944,,, 2 Pratt & Whitney R-1830-92,,Fatalities: 3 / Occupants: 3,Fatalities: 5 / Occupants: 5,,, Damaged beyond repair,,"Cerro Trujillo (   Colombia) 
", En route (ENR),Domestic Scheduled Passenger,"Condoto-Mandinga Airport (COG/SKCD), Colombia","Cali Airport (CLO/SKCL), Colombia",,,Fatalities: 8 / Occupants: 8 
19550310-0,,Thursday 10 March 1955,,Fairchild C-119G Flying Boxcar,United States Air Force - USAF,,,, 51-8095, 10989, ,,,,,Fatalities: 0 / Occupants: ,Fatalities: 0 / Occupants: ,,, Damaged beyond repair,,"near Cullman, AL (   United States of America) 
", Unknown (UNK),Military,?,?,,,Fatalities: 0 / Occupants: 11 
19550310-1,,Thursday 10 March 1955,11:00,CASA 352 (Junkers Ju-52),Ejército del Aire,,,, T.2B-226, 117, ,,,,,Fatalities: 1 / Occupants: ,Fatalities: 0 / Occupants: ,,, Damaged beyond repair,,"Jerez De La Frontera Air Base (XRY) (   Spain) 
", Unknown (UNK),Military,?,?,,,Fatalities: 1 / Occupants: 8 
19550314-0,,Monday 14 March 1955,,Douglas C-47A-35-DL (DC-3),Air Laos,,,, F-BFGN, 9785, 1943,,, 2 Pratt & Whitney R-1830-92,,Fatalities: 0 / Occupants: ,Fatalities: 0 / Occupants: ,,, Damaged beyond repair,,"near Phonesavanh Airport (   Laos) 
", En route (ENR),Unknown,"Phonesavanh Airport (VLPV), Laos",?,,,Fatalities: 0 / Occupants:  
19550315-1,,Tuesday 15 March 1955,,Douglas C-53D-DO (DC-3),Aeronautica Militare Italiana - AMI,,,, MM61769, , ,,,,,Fatalities: 0 / Occupants: ,Fatalities: 0 / Occupants: ,,, Damaged beyond repair,,"3 km (1.9 mls) from  Nairobi (   Kenya) 
", Approach (APR),Military,"Nairobi (unknown airport), Kenya",?,,,Fatalities: 0 / Occupants: 19 
19550317-0,,Thursday 17 March 1955,14:27,Vickers 616 Viking 1B,Central African Airways,,,, VP-YEX, 159, 1946-11-27  (8 years 4 months),,,,,Fatalities: 0 / Occupants: 5,Fatalities: 0 / Occupants: 23,,, Damaged beyond repair,,"Salisbury-Belvedere (   Zimbabwe) 
", Approach (APR),International Scheduled Passenger,"Johannesburg International Airport (JNB/FAJS), South Africa","Salisbury Airport (HRE/FVHA), Zimbabwe", 120,,Fatalities: 0 / Occupants: 28 
19550317-1,,Thursday 17 March 1955,,Amiot AAC.1 (Junkers Ju-52),Gendarmerie Nationale,,,, F-BBOF, AAC007, ,,,,,Fatalities:  / Occupants: ,Fatalities:  / Occupants: ,,, Damaged beyond repair,,"Gonesse (   France) 
", Initial climb (ICL),Unknown,"Paris-Le Bourget Airport (LBG/LFPB), France",?,,,Fatalities:  / Occupants:  
19550318-0,,Friday 18 March 1955,,Douglas C-47A-85-DL (DC-3),Air France,,,, F-BAXL, 20047, 1944,,, 2 Pratt & Whitney R-1830-92,,Fatalities:  / Occupants: ,Fatalities:  / Occupants: ,,, Damaged beyond repair,,"Beauvais-Tillé Airport (BVA) (   France) 
", Takeoff (TOF),Unknown,"Beauvais-Tillé Airport (BVA/LFOB), France",?,,,Fatalities: 9 / Occupants:  
19550320-1,,Sunday 20 March 1955,22:36,Convair CV-240-0,American Airlines,,,, N94234,  66, 1948,13383,, 2 Pratt & Whitney R-2800-83,,Fatalities: 2 / Occupants: 3,Fatalities: 11 / Occupants: 32,,, Damaged beyond repair,,"near Springfield Municipal Airport, MO (SGF) (   United States of America) 
", Approach (APR),Domestic Scheduled Passenger,"Chicago (unknown airport), IL, United States of America","Springfield Municipal Airport, MO (SGF/KSGF), United States of America",AA711,,Fatalities: 13 / Occupants: 35 
19550322-0,,Tuesday 22 March 1955,02:03,Douglas R6D-1 (DC-6),United States Navy,,,, 131612, 43715/362, 1953,,,,,Fatalities: 9 / Occupants: 9,Fatalities: 57 / Occupants: 57,,, Destroyed, Written off (damaged beyond repair),"24 km (15 mls) NW of Honolulu, HI (   United States of America) 
", Approach (APR),Military,"Honolulu-Hickam AFB, HI (HIK), United States of America","Fairfield-Travis AFB, CA (SUU/KSUU), United States of America",,,Fatalities: 66 / Occupants: 66 
19550326-0,Final,Saturday 26 March 1955,11:12 PST,Boeing 377 Stratocruiser 10-26,Pan American World Airways (Pan Am),,,, N1032V, 15932/27, 1949-04-30  (5 years 11 months),13655,, 4 Pratt & Whitney R-4360-B6,,Fatalities: 2 / Occupants: 8,Fatalities: 2 / Occupants: 15,,, Damaged beyond repair,,"56 km (35 mls) W off  Oregon, USA (   Pacific Ocean) 
", En route (ENR),Domestic Scheduled Passenger,"Portland International Airport, OR (PDX/KPDX), United States of America","Honolulu International Airport, HI (HNL/PHNL), United States of America",,,Fatalities: 4 / Occupants: 23 
19550328-0,,Monday 28 March 1955,,Vickers Varsity T.1,Royal Air Force - RAF,,,, WJ888, 615, 1952,,, 2 Bristol Hercules 264,,Fatalities: 0 / Occupants: ,Fatalities: 0 / Occupants: ,,, Damaged beyond repair,,"2,4 km (1.5 mls) W of Colyton (   United Kingdom) 
", Unknown (UNK),Military,?,?,,,Fatalities: 0 / Occupants:  
19550329-0,,Tuesday 29 March 1955,,Douglas C-47A-20-DK (DC-3),Airways (India),,,, VT-CUZ, 13029, 1944,,, 2 Pratt & Whitney R-1830-92,,Fatalities: 0 / Occupants: 4,Fatalities: 0 / Occupants: 4,,, Damaged beyond repair,,"Khowai Airport (IXN) (   India) 
", Landing (LDG),Non Scheduled Passenger,?,"Khowai Airport (IXN/VEKW), India",,,Fatalities: 0 / Occupants: 8 
19550329-1,,Tuesday 29 March 1955,,Avro 691 Lancastrian C.2,Royal Air Force - RAF,,,, VL970, , ,,,,,Fatalities:  / Occupants: ,Fatalities:  / Occupants: ,,, Damaged beyond repair,,"Hucknall Airport (   United Kingdom) 
", Landing (LDG),Military,?,"Hucknall Airport (EGNA), United Kingdom",,,Fatalities: 4 / Occupants:  
19550401-0,,Friday 1 April 1955,,Fairchild C-119C Flying Boxcar,United States Air Force - USAF,,,, 51-2665, 10654, ,,,,,Fatalities: 0 / Occupants: 6,Fatalities: 0 / Occupants: 0,,, Damaged beyond repair,,"3 km (1.9 mls) E of Lapine, AL (   United States of America) 
", En route (ENR),Military,?,?,,,Fatalities: 0 / Occupants: 6 
19550402-0,,Saturday 2 April 1955,,Vickers Valetta C.1,Royal Air Force - RAF,,,, WD163, 492, 1950,,, 2 Bristol Hercules 230,,Fatalities: 0 / Occupants: ,Fatalities: 0 / Occupants: ,,, Damaged beyond repair,,"Lahad Datu Airport (LDU) (   Malaysia) 
", Landing (LDG),Military,?,"Lahad Datu Airport (LDU/WBKD), Malaysia",,,Fatalities: 0 / Occupants:  
19550402-1,,Saturday 2 April 1955,,Curtiss C-46A-45-CU Commando,Aaxico Airlines,,,, N51424, 30430, 1944,,, 2 Pratt & Whitney R-2800-51,,Fatalities: 2 / Occupants: 2,Fatalities: 0 / Occupants: 0,,, Damaged beyond repair,,"off Pensacola, FL (   United States of America) 
", En route (ENR),Cargo,"Mobile-Brookley AFB, AL (BFM/KBFM), United States of America","Warner Robins-Robins AFB, GA (WRB/KWRB), United States of America",,,Fatalities: 2 / Occupants: 2 
19550402-2,,Saturday 2 April 1955,,Lisunov Li-2,"GUSMP, Directorate of Polar Aviation",,,, CCCP-N497, 18430708, ,,,,,Fatalities: 0 / Occupants: 3,Fatalities: 0 / Occupants: 7,,, Substantial, Written off (damaged beyond repair),"near Mys Zhelaniya (   Russia) 
", Landing (LDG),Domestic Non Scheduled Passenger,?,"Dikson Airport (DKS/UODD), Russia",,,Fatalities: 0 / Occupants: 10 
19550403-0,,Sunday 3 April 1955,,Curtiss C-46A-60-CK Commando,Companhia Itaú de Transportes Aéreos,,,, PP-ITG,   437, 1945,,, 2 Pratt & Whitney R-2800-51,,Fatalities: 3 / Occupants: 3,Fatalities: 0 / Occupants: 0,,, Damaged beyond repair,,"ca 3 km from Vitória-Goiabeiras Airport, ES (VIX) (   Brazil) 
", Approach (APR),Ferry/positioning,"São Paulo (unknown airport), SP, Brazil","Vitória-Goiabeiras Airport, ES (VIX/SBVT), Brazil",,,Fatalities: 3 / Occupants: 3 
19550404-0,,Monday 4 April 1955,ca 15:55,Douglas DC-6,United Airlines,,,, N37512, 43001/32, 1947,,,,,Fatalities: 3 / Occupants: 3,Fatalities: 0 / Occupants: 0,,, Damaged beyond repair,,"Islip-MacArthur Field, NY (ISP) (   United States of America) 
", Takeoff (TOF),Training,"Islip-Long Island MacArthur Airport, NY (ISP/KISP), United States of America","New York-La Guardia Airport, NY (LGA/KLGA), United States of America",,,Fatalities: 3 / Occupants: 3 
19550408-0,,Friday 8 April 1955,,Airspeed AS.57 Ambassador 2,British European Airways - BEA,,,, G-AMAB, 5224, 1952,,, 2 Bristol Centaurus 661,,Fatalities: 0 / Occupants: 6,Fatalities: 0 / Occupants: 47,,, Damaged beyond repair,,"9 km (5.6 mls) SW of Düsseldorf Airport (DUS) (   Germany) 
", En route (ENR),International Scheduled Passenger,"Düsseldorf Airport (DUS/EDDL), Germany","London (unknown airport), United Kingdom",,,Fatalities: 0 / Occupants: 53 
19550409-0,,Saturday 9 April 1955,,Martin P5M-1 Marlin,United States Navy,,,, 130265, , ,,,,,Fatalities:  / Occupants: ,Fatalities:  / Occupants: ,,, Damaged beyond repair,,"Norfolk NAS Chambers, VA (NGU) (   United States of America) 
", Takeoff (TOF),Military,"Norfolk NAS Chambers, VA (NGU/KNGU), United States of America",?,,,Fatalities: 4 / Occupants: 11 
19550411-0,,Monday 11 April 1955,,Avro 685 York C.1,Associated Airways,,,, CF-HMZ, , 1945,,, 4 Rolls-Royce Merlin,,Fatalities: 0 / Occupants: 2,Fatalities: 0 / Occupants: 0,,, Damaged beyond repair,,"Yellowknife Airport, NT (YZF) (   Canada) 
", Takeoff (TOF),Unknown,"Yellowknife Airport, NT (YZF/CYZF), Canada",?,,,Fatalities: 0 / Occupants: 2 
19550411-1,,Monday 11 April 1955,ca 09:25 UTC,Lockheed L-749A Constellation,Air-India,,,, VT-DEP, 2666, 1951,,,,,Fatalities: 5 / Occupants: 8,Fatalities: 11 / Occupants: 11,,, Damaged beyond repair,,"off Great Natuna Islands (   Indonesia) 
", En route (ENR),Int'l Non Scheduled Passenger,"Hong Kong-Kai Tak International Airport (HKG/VHHH), Hong Kong","Jakarta (unknown airport), Indonesia",,,Fatalities: 16 / Occupants: 19 
19550412-0,,Tuesday 12 April 1955,,Avro 685 York C.1,Arctic Wings,,,, CF-HMX, , 1945,,, 4 Rolls-Royce Merlin,,Fatalities:  / Occupants: ,Fatalities:  / Occupants: ,,, Damaged beyond repair,,"Hall Lake, NU (   Canada) 
", Unknown (UNK),Unknown,?,?,,,Fatalities:  / Occupants:  
19550414-0,,Thursday 14 April 1955,,Lisunov Li-2P,LOT Polskie Linie Lotnicze,,,, SP-LAE, 18424001, ,,,,,Fatalities: 0 / Occupants: ,Fatalities: 0 / Occupants: ,,, Damaged beyond repair,,"Katowice (   Poland) 
", Unknown (UNK),Passenger,?,?,,,Fatalities: 0 / Occupants: 15 
19550414-1,,Thursday 14 April 1955,,Douglas SC-47D (DC-3),United States Air Force - USAF,,,, 43-48765, 26026/14581, 1944,,,,,Fatalities: 0 / Occupants: ,Fatalities: 0 / Occupants: ,,, Damaged beyond repair,,"56 km (35 mls) SE of Narsarsuaq Airport (UAK) (   Greenland) 
", Taxi (TXI),Military,?,?,,,Fatalities: 0 / Occupants:  
19550416-0,,Saturday 16 April 1955,,Fairchild C-119G Flying Boxcar,United States Air Force - USAF,,,, 51-8085, 10979, ,,,,,Fatalities: 0 / Occupants: 5,Fatalities: 0 / Occupants: 12,,, Damaged beyond repair,,"Matsushima Air Base (   Japan) 
", Takeoff (TOF),Military,"Matsushima Air Base (RJST), Japan",?,,,Fatalities: 0 / Occupants: 17 
19550418-0,,Monday 18 April 1955,,de Havilland DH-114 Heron 1B,Union Aéromaritime de Transport,,,, F-BGOI, 14010, 1953,,,,,Fatalities: 3 / Occupants: 4,Fatalities: 9 / Occupants: 10,,, Damaged beyond repair,,"Mount Kupe (   Cameroon) 
", En route (ENR),Domestic Scheduled Passenger,"Yaoundé-Ville Airport (YAO/FKKY), Cameroon","Douala Airport (DLA/FKKD), Cameroon",,,Fatalities: 12 / Occupants: 14 
19550418-1,,Monday 18 April 1955,,Fairchild C-119C Flying Boxcar,United States Air Force - USAF,,,, 51-2648, 10637, ,,,,,Fatalities: 0 / Occupants: 4,Fatalities: 0 / Occupants: 0,,, Damaged beyond repair,,"Ghisonaccia Field, Corsica (   France) 
", Landing (LDG),Military,?,"Ghisonaccia-Alzitone Airport (LFKG), France",,,Fatalities: 0 / Occupants: 4 
19550418-2,,Monday 18 April 1955,,Fairchild C-119C Flying Boxcar,United States Air Force - USAF,,,, 51-2645, 10634, ,,,,,Fatalities: 0 / Occupants: ,Fatalities: 0 / Occupants: ,,, Damaged beyond repair,,"15 km (9.4 mls) SE of Moulins (   France) 
", En route (ENR),Military,?,?,,,Fatalities: 0 / Occupants:  
19550426-0,,Tuesday 26 April 1955,,Curtiss C-46D-10-CU Commando,RANSA - Rutas Aéreas Nacionales SA,,,, YV-C-ARD, 33005, 1944,,,,,Fatalities: 3 / Occupants: 3,Fatalities: 0 / Occupants: 0,,, Damaged beyond repair,,"off Tanaguarena (   Venezuela) 
", En route (ENR),Test,"Caracas-Maiquetía Airport (CCS/SVMI), Venezuela","Caracas-Maiquetía Airport (CCS/SVMI), Venezuela",,,Fatalities: 3 / Occupants: 3 
19550426-1,,Tuesday 26 April 1955,ca 00:15,Vickers Varsity T.1,Royal Air Force - RAF,,,, WF426, 569, 1952,,, 2 Bristol Hercules 264,,Fatalities: 1 / Occupants: 1,Fatalities: 0 / Occupants: 0,Fatalities: 4,, Damaged beyond repair,,"Onnaing (   France) 
", En route (ENR),Illegal Flight,"Thorney Island RAF Station, United Kingdom",-,,,Fatalities: 1 / Occupants: 1 
19550427-0,,Wednesday 27 April 1955,,Douglas C-124C Globemaster II,United States Air Force - USAF,,,, 52-0991, 43900, ,,, 4 Pratt & Whitney R-4360-20WA,,Fatalities: 0 / Occupants: 8,Fatalities: 0 / Occupants: 0,,, Damaged beyond repair,,"Iqaluit-Frobisher Bay Airport, NU (YFB) (   Canada) 
", Approach (APR),Military,"Churchill Airport, MB (YYQ/CYYQ), Canada","Iqaluit-Frobisher Bay Airport, NU (YFB/CYFB), Canada",,,Fatalities: 0 / Occupants: 8 
19550504-0,,Wednesday 4 May 1955,,Boeing KC-97G Stratofreighter,United States Air Force - USAF,,,, 53-0110, 16892, ,,,,,Fatalities: 9 / Occupants: 9,Fatalities: 0 / Occupants: 0,,, Damaged beyond repair,,"145 km (90.6 mls) SW off  Reykjavík-Keflavík International Airport (KEF) (   Atlantic Ocean) 
", En route (ENR),Military,"Reykjavík-Keflavík International Airport (KEF/BIKF), Iceland",?,,,Fatalities: 9 / Occupants: 9 
19550508-0,,Sunday 8 May 1955,,Douglas C-47A-10-DK (DC-3),United States Air Force - USAF,,,, 42-108869, 12538, 1944,,,,,Fatalities: 0 / Occupants: 4,Fatalities: 1 / Occupants: 10,,, Damaged beyond repair,,"24 km (15 mls) ESE of Barnesville, OH (   United States of America) 
", Unknown (UNK),Military,"Baltimore Airport, MD, United States of America","Columbus-Port Columbus International Airport, OH (CMH/KCMH), United States of America",,,Fatalities: 1 / Occupants: 14 
19550508-1,,Sunday 8 May 1955,12:16,Lisunov Li-2,Aeroflot / Ukraine,,,, CCCP-L4098, 18414305, ,,,,,Fatalities: 4 / Occupants: 4,Fatalities: 0 / Occupants: 0,,, Damaged beyond repair,,"9 km (5.6 mls) W of Dnepropetrovsk Airport (DNK) (   Ukraine) 
", En route (ENR),Cargo,?,?,,,Fatalities: 4 / Occupants: 4 
19550513-0,Preliminary,Friday 13 May 1955,,Douglas C-47 (DC-3),Tatmadaw Lei (Burmese Air Force),,,, registration unknown, , ,,,,,Fatalities:  / Occupants: ,Fatalities:  / Occupants: ,,, Damaged beyond repair,,"25 km (15.6 mls) NW of Amphur Fang (   Thailand) 
", En route (ENR),Military,?,?,,,Fatalities: 7 / Occupants: 7 
19550515-0,,Sunday 15 May 1955,,Douglas C-124C Globemaster II,United States Air Force - USAF,,,, 52-1088, 43997, ,,, 4 Pratt & Whitney R-4360-20WA,,Fatalities: 0 / Occupants: 7,Fatalities: 0 / Occupants: 0,,, Damaged beyond repair,,"near Thule Air Base (THU) (   Greenland) 
", Initial climb (ICL),Military,"Thule Air Base (THU/BGTL), Greenland","Springfield-Westover AFB, MA (CEF/KCEF), United States of America",,,Fatalities: 0 / Occupants: 7 
19550518-0,Final,Wednesday 18 May 1955,12:25,Douglas C-47B-40-DK (DC-3),East African Airways Corp. - EAAC,,,, VP-KKH, 33568/16820, 1945,7199,, 2 Pratt & Whitney R-1830-90D,,Fatalities: 4 / Occupants: 4,Fatalities: 16 / Occupants: 16,,, Destroyed, Written off (damaged beyond repair),"Mount Kilimanjaro (   Tanzania) 
", En route (ENR),International Scheduled Passenger,"Dar es Salaam International Airport (DAR/HTDA), Tanzania","Nairobi-West Airport (WIL/HKNW), Kenya", 104,,Fatalities: 20 / Occupants: 20 
19550520-0,,Friday 20 May 1955,,Douglas C-47A-20-DK (DC-3),Aerolineas Argentinas,,,, LV-ACQ, 13159, 1944,,, 2 Pratt & Whitney R-1830-92,,Fatalities: 0 / Occupants: 4,Fatalities: 0 / Occupants: 1,,, Damaged beyond repair,,"Río Gallegos-Rio Chico Airport, SC (RGL) (   Argentina) 
", Takeoff (TOF),Cargo,"Río Gallegos-Rio Chico Airport, SC (RGL/SAWG), Argentina",?,,,Fatalities: 0 / Occupants: 5 
19550520-1,,Friday 20 May 1955,,CASA 352 (Junkers Ju-52),Ejército del Aire,,,, T.2B-270, 161, ,,,,,Fatalities: 0 / Occupants: ,Fatalities: 0 / Occupants: ,,, Damaged beyond repair,,"Suquez/Lérida (   Spain) 
", Landing (LDG),Military,?,?,,,Fatalities: 0 / Occupants: 6 
19550521-0,,Saturday 21 May 1955,,Douglas C-47-DL (DC-3),Linea Aeropostal Venezolana - LAV,,,, YV-C-ALU, 4791, 1942,,, 2 Pratt & Whitney R-1830-92,,Fatalities: 0 / Occupants: 3,Fatalities: 4 / Occupants: 10,,, Damaged beyond repair,,"off Barcelona (   Venezuela) 
", Unknown (UNK),Passenger,"Caracas-Simón Bolívar International Airport (CCS/SVMI), Venezuela",?,,,Fatalities: 4 / Occupants: 13 
19550523-0,,Monday 23 May 1955,,Vickers Valetta C.1,Royal Air Force - RAF,,,, VW834, 395, 1949-07-13  (5 years 11 months),,, 2 Bristol Hercules 230,,Fatalities: 0 / Occupants: ,Fatalities: 0 / Occupants: ,,, Damaged beyond repair,,"Fayid RAF Station (   Egypt) 
", Landing (LDG),Military,?,"Fayid RAF Station, Egypt",,,Fatalities: 0 / Occupants:  
19550526-0,,Thursday 26 May 1955,14:27,Avro 685 York C.1,Associated Airways,,,, CF-HMY, , 1946,,, 4 Rolls-Royce Merlin,,Fatalities: 2 / Occupants: 2,Fatalities: 0 / Occupants: 0,,, Damaged beyond repair,,"near Edmonton Municipal Airport, AB (YXD) (   Canada) 
", Takeoff (TOF),Cargo,"Edmonton Municipal Airport, AB (YXD/CYXD), Canada",?,,,Fatalities: 2 / Occupants: 2 
19550526-1,,Thursday 26 May 1955,,Lisunov Li-2,"GUSMP, Directorate of Polar Aviation",,,, CCCP-N535, 18434602, ,,,,,Fatalities: 0 / Occupants: 6,Fatalities: 0 / Occupants: 4,,, Damaged beyond repair,,"central Arctic Basin (   Arctic Ocean) 
", Landing (LDG),Domestic Non Scheduled Passenger,?,?,,,Fatalities: 0 / Occupants: 10 
19550526-2,,Thursday 26 May 1955,,Lisunov Li-2,Polyarnaya Aviatsiya,,,, CCCP-N535, 18434602, ,,,,,Fatalities: 0 / Occupants: 6,Fatalities: 0 / Occupants: 4,,, Damaged beyond repair,,"at an unknown location (   Antarctica) 
", Landing (LDG),Domestic Non Scheduled Passenger,?,?,,,Fatalities: 0 / Occupants: 10 
19550528-0,,Saturday 28 May 1955,13:15,Douglas C-47D (DC-3),United States Air Force - USAF,,,, 43-48479, 25740/14295, 1944,,, 2 Pratt & Whitney R-1830-90,,Fatalities: 0 / Occupants: 5,Fatalities: 0 / Occupants: 0,,, Damaged beyond repair,,"near Deftinge (   Belgium) 
", En route (ENR),Military,"Paris-Orly Airport (ORY/LFPO), France","København-Kastrup Airport (CPH/EKCH), Denmark",,,Fatalities: 0 / Occupants: 5 
19550603-0,,Friday 3 June 1955,,Douglas C-54A-5-DC (DC-4),Union Aéromaritime de Transport,,,, F-BFVT, 10292, 1944,,,,,Fatalities: 3 / Occupants: 3,Fatalities: 0 / Occupants: 0,,, Damaged beyond repair,,"Fort Lamy Airport (NDJ) (   Chad) 
", Landing (LDG),Cargo,"Douala Airport (DLA/FKKD), Cameroon","Fort Lamy Airport (NDJ/FTTJ), Chad",,,Fatalities: 3 / Occupants: 3 
19550604-0,,Saturday 4 June 1955,,Short Sunderland MR.5,Royal Air Force - RAF,,,, RN288, , ,,,,,Fatalities:  / Occupants: ,Fatalities:  / Occupants: ,,, Damaged beyond repair,,"off Eastbourne, Sussex (   United Kingdom) 
", Landing (LDG),Military,"Calshot RAF Station, United Kingdom",?,,,Fatalities: 4 / Occupants: 14 
19550607-0,,Tuesday 7 June 1955,,Lockheed 14-08 Super Electra,Associated Airways,,,, CF-TCI, 1472, 1938,,,,,Fatalities:  / Occupants: ,Fatalities:  / Occupants: ,,, Damaged beyond repair,,"Winterburn, AB (   Canada) 
", En route (ENR),Test,"Edmonton Municipal Airport, AB (YXD/CYXD), Canada","Edmonton Municipal Airport, AB (YXD/CYXD), Canada",,,Fatalities: 6 / Occupants: 6 
19550616-0,,Thursday 16 June 1955,,Lockheed 14-H2 Super Electra,Transportes Aéreos Peruanos - TAPSA,,,, OB-QAG-338, 1451, 1938,,,,,Fatalities:  / Occupants: ,Fatalities:  / Occupants: ,,, Damaged beyond repair,,"Tarapoto Airport (TPP) (   Peru) 
", Takeoff (TOF),Cargo,"Tarapoto Airport (TPP/SPST), Peru",?,,,Fatalities: 3 / Occupants: 3 
19550616-1,Final,Thursday 16 June 1955,ca 01:15,Lockheed L-149 Constellation,Panair do Brasil,,,, PP-PDJ, 2032, 1946,,,,,Fatalities: 7 / Occupants: 10,Fatalities: 9 / Occupants: 14,,, Damaged beyond repair,,"12,9 km (8.1 mls) SW of Asunción-Silvio Pettirossi International Airport (ASU) (   Paraguay) 
", Approach (APR),International Scheduled Passenger,"São Paulo-Congonhas Airport, SP (CGH/SBSP), Brazil","Asunción-Silvio Pettirossi International Airport (ASU/SGAS), Paraguay",,,Fatalities: 16 / Occupants: 24 
19550618-0,,Saturday 18 June 1955,,Curtiss C-46,Tigres Voladores,,,, XA-LID, , ,,,,,Fatalities: 0 / Occupants: ,Fatalities: 2 / Occupants: ,,, Damaged beyond repair,,"Leon Airport (BJX) (   Mexico) 
", Takeoff (TOF),Passenger,"Léon/Guanajuato-Del Bajio Airport (BJX/MMLO), Mexico",?,,,Fatalities: 2 / Occupants: 42 
19550618-1,,Saturday 18 June 1955,,Curtiss C-46A-45-CU Commando,World Wide Airways,,,, CF-HVJ, 30222, 1944,,, 2 Pratt & Whitney R-2800-51,,Fatalities: 2 / Occupants: 2,Fatalities: 0 / Occupants: 0,,, Damaged beyond repair,,"320 km (200 mls) N of Coral Harbour, NU (   Canada) 
", Unknown (UNK),Unknown,?,?,,,Fatalities: 2 / Occupants: 2 
19550622-0,,Wednesday 22 June 1955,,Lockheed P2V-5 Neptune,United States Navy,,,, 131515, 426-5396, ,,,,,Fatalities: 0 / Occupants: 11,Fatalities: 0 / Occupants: 0,,, Damaged beyond repair,,"St Lawrence Island, AK (   United States of America) 
", En route (ENR),Military,"Kodiak NAS, AK (ADQ/PADQ), United States of America","Kodiak NAS, AK (ADQ/PADQ), United States of America",,,Fatalities: 0 / Occupants: 11 
19550625-0,,Saturday 25 June 1955,,Douglas C-47 (DC-3),Indian Air Force - IAF,,,, registration unknown, , ,,,,,Fatalities:  / Occupants: ,Fatalities:  / Occupants: ,,Fatalities: 8, Damaged beyond repair,,"Agra (   India) 
", Unknown (UNK),Military,?,?,,,Fatalities: 11 / Occupants: 11 
19550625-1,,Saturday 25 June 1955,,Douglas C-47 (DC-3),Indian Air Force - IAF,,,, registration unknown, , ,,,,,Fatalities:  / Occupants: ,Fatalities:  / Occupants: ,,Fatalities: 11, Damaged beyond repair,,"Agra (   India) 
", Unknown (UNK),Military,?,?,,,Fatalities: 8 / Occupants: 8 
19550627-0,,Monday 27 June 1955,,CASA 352 (Junkers Ju-52),Ejército del Aire,,,, T.2B-268, 159, ,,,,,Fatalities:  / Occupants: ,Fatalities:  / Occupants: ,,, Damaged beyond repair,,"off Tétouan (   Morocco) 
", Unknown (UNK),Military,?,?,,,Fatalities: 2 / Occupants: 4 
19550629-0,,Wednesday 29 June 1955,,Douglas C-47A-85-DL (DC-3),United States Air Force - USAF,,,, 43-15594, 20060, 1944,,,,,Fatalities: 4 / Occupants: 4,Fatalities: 6 / Occupants: 6,,, Damaged beyond repair,,"Sitkinak Island, AK (   United States of America) 
", En route (ENR),Military,"Kodiak Airport, AK (ADQ/PADQ), United States of America","Anchorage-Elmendorf AFB, AK (EDF/PAED), United States of America",,,Fatalities: 10 / Occupants: 10 
19550630-0,,Thursday 30 June 1955,,Douglas C-47 (DC-3),L'Armée de L'Air,,,, registration unknown, , ,,,,,Fatalities:  / Occupants: ,Fatalities:  / Occupants: ,,, Damaged beyond repair,,"near Saigon (   Vietnam) 
", Unknown (UNK),Military,"Saigon-Tan Son Nhat International Airport (SGN/VVTS), Vietnam",?,,,Fatalities: 4 / Occupants: 4 
19550701-0,,Friday 1 July 1955,,Antonov An-2,"Aeroflot, Northern Civil Aviation Directorate",,,, CCCP-L2642, , ,,,,,Fatalities: 0 / Occupants: 2,Fatalities: 0 / Occupants: 8,,, Damaged beyond repair,,"50 km (31.3 mls) SW of Ukhta (   Russia) 
", En route (ENR),Domestic Scheduled Passenger,"Ukhta Airport (UCT/UUYH), Russia","Syktyvkar Airport (SCW/UUYY), Russia",,,Fatalities: 0 / Occupants: 10 
19550702-0,,Saturday 2 July 1955,,Ilyushin Il-12,Polyarnaya Aviatsiya,,,, CCCP-N480, 30237, ,,,,,Fatalities: 0 / Occupants: ,Fatalities: 0 / Occupants: ,,, Damaged beyond repair,,"Nagurskoye Air Base (   Russia) 
", Landing (LDG),Survey/research,"Dikson Airport (DKS/UODD), Russia","Nagurskoye Air Base (UODN), Russia",,,Fatalities: 0 / Occupants:  
19550703-0,,Sunday 3 July 1955,09:05,Ford 5-AT-D Tri-Motor,Servicios Aéreos de Chiapas,,,, XA-FON, 5-AT-103, 1931,,, 3 Pratt & Whitney R-1340 Wasp,,Fatalities: 0 / Occupants: ,Fatalities: 0 / Occupants: ,,, Damaged beyond repair,,"near San Andrés Tuxtla (   Mexico) 
", En route (ENR),Unknown,"Veracruz-Las Bajadas Airport (VER/MMVR), Mexico","Minatitlán/Coatzacoalcos International Airport (MTT/MMMT), Mexico",,,Fatalities: 0 / Occupants: 4 
19550711-0,,Monday 11 July 1955,,Vickers Varsity T.1,Royal Air Force - RAF,,,, WJ904, 625, 1952,,, 2 Bristol Hercules 264,,Fatalities: 0 / Occupants: ,Fatalities: 0 / Occupants: ,,, Damaged beyond repair,,"7,2 km (4.5 mls) N of Thorney Island RAF Station (   United Kingdom) 
", Unknown (UNK),Military,"Thorney Island RAF Station, United Kingdom","Thorney Island RAF Station, United Kingdom",,,Fatalities: 0 / Occupants:  
19550712-0,Final,Tuesday 12 July 1955,10:14,Douglas C-47-DL (DC-3),Trans World Airlines - TWA,,,, N51167, 7384, 1943,,, 2 Pratt & Whitney R-1830-92,,Fatalities: 0 / Occupants: 2,Fatalities: 0 / Occupants: 0,,Fatalities: 2, Substantial, Repaired,"Kansas City, MO (   United States of America) 
", En route (ENR),Training,"Kansas City Downtown Municipal Airport, MO (MKC/KMKC), United States of America","Kansas City Downtown Municipal Airport, MO (MKC/KMKC), United States of America",,,Fatalities: 0 / Occupants: 2 
19550713-1,,Wednesday 13 July 1955,,Curtiss C-46 Commando,Lineas Interamericana Aérea,,,, HK-607, , ,,,,,Fatalities: 3 / Occupants: 3,Fatalities: 0 / Occupants: 1,,, Damaged beyond repair,,"Capacho (   Venezuela) 
", En route (ENR),Cargo,"Cúcuta-Camilo Daza Airport (CUC/SKCC), Colombia","Cravo Norte Airport (RAV/SKCN), Colombia",,,Fatalities: 3 / Occupants: 4 
19550714-0,,Thursday 14 July 1955,15:45,Douglas DC-2-243,Lineas Aéreas Unidas SA - LAUSA,,,, XA-DOB, 2088, 1939,,,,,Fatalities: 3 / Occupants: 3,Fatalities: 19 / Occupants: 19,,, Damaged beyond repair,,"39 km (24.4 mls) from  Oaxaca (   Mexico) 
", En route (ENR),Domestic Scheduled Passenger,"Acapulco-Alvarez International Airport (ACA/MMAA), Mexico","Oaxaca-Xoxocotlan Airport (OAX/MMOX), Mexico",,,Fatalities: 22 / Occupants: 22 
19550717-0,Final,Sunday 17 July 1955,06:24,Convair CV-340-32,Braniff International Airways,,,, N3422,  71, 1953,4956,, 2 Pratt & Whitney R-2800-CB16,,Fatalities: 2 / Occupants: 3,Fatalities: 20 / Occupants: 40,,, Damaged beyond repair,,"Chicago-Midway Airport, IL (MDW) (   United States of America) 
", Approach (APR),Domestic Scheduled Passenger,"Kansas City Downtown Municipal Airport, MO (MKC/KMKC), United States of America","Chicago-Midway Airport, IL (MDW/KMDW), United States of America", 560,,Fatalities: 22 / Occupants: 43 
19550719-0,,Tuesday 19 July 1955,,Canadian Vickers PBV-1A Canso A (PBY-5A),Royal Canadian Air Force - RCAF,,,, 11095, CV-439, ,,,,,Fatalities: 2 / Occupants: 6,Fatalities: 0 / Occupants: 0,,, Damaged beyond repair,,"Fraser River, Vancouver, BC (   Canada) 
", Takeoff (TOF),Military,"Vancouver RCAF Station, BC (YVR/CYVR), Canada",?,,,Fatalities: 2 / Occupants: 6 
19550726-0,,Tuesday 26 July 1955,,Handley Page Hastings C.2,Royal Air Force - RAF,,,, WJ341, HP67/142, 1952,,,,,Fatalities: 0 / Occupants: 3,Fatalities: 0 / Occupants: 0,,, Damaged beyond repair,,"Abingdon RAF Station (ABB) (   United Kingdom) 
", Approach (APR),Military,?,"Abingdon RAF Station (ABB/EGUD), United Kingdom",,,Fatalities: 0 / Occupants: 3 
19550727-0,Final,Wednesday 27 July 1955,ca 05:38,Lockheed L-149 Constellation,El Al Israel Airlines,,,, 4X-AKC, 1968, 1945,,,,,Fatalities: 7 / Occupants: 7,Fatalities: 51 / Occupants: 51,,, Damaged beyond repair,,"N of Petrich (   Bulgaria) 
", En route (ENR),International Scheduled Passenger,"Wien-Schwechat International Airport (VIE/LOWW), Austria","Tel Aviv-Lod International Airport (TLV/LLBG), Israel",LY402,,Fatalities: 58 / Occupants: 58 
19550729-0,,Friday 29 July 1955,,Douglas C-47A-30-DK (DC-3),United States Air Force - USAF,,,, 43-48213, 25474/14029, 1944,,, 2 Pratt & Whitney R-1830-92,,Fatalities: 0 / Occupants: ,Fatalities: 0 / Occupants: ,,, Damaged beyond repair,,"145 km (90.6 mls) N off  Libya (   Mediterranean Sea) 
", En route (ENR),Military,"Tripoli-Wheelus Air Base (MJI/HLLM), Libya","Athens-Hassani Airport (ATH/LGAT), Greece",,,Fatalities: 0 / Occupants: 18 
19550801-0,,Monday 1 August 1955,,Vickers Valetta C.1,Royal Air Force - RAF,,,, VW143, 313, 1948-07-22  (7 years ),,, 2 Bristol Hercules 230,,Fatalities: 0 / Occupants: ,Fatalities: 0 / Occupants: ,,, Damaged beyond repair,,"Sanau (   Yemen) 
", Approach (APR),Military,?,"Sanau Airport (ODSU), Yemen",,,Fatalities: 0 / Occupants:  
19550803-0,,Wednesday 3 August 1955,,Grumman G-73 Mallard,Pacific Western Airlines,,,, CF-IOA, J-39, 1948,,,,,Fatalities: 2 / Occupants: 2,Fatalities: 3 / Occupants: 3,,, Damaged beyond repair,,"near Kemano, BC (   Canada) 
", En route (ENR),Domestic Scheduled Passenger,"Kemano Airport, BC (XKO), Canada","Kitimat Airport, BC, Canada",,,Fatalities: 5 / Occupants: 5 
19550804-0,Final,Thursday 4 August 1955,12:23,Convair CV-240-0,American Airlines,,,, N94221,  40, 1948,14865,, 2 Pratt & Whitney R-2800-83AM4A,,Fatalities: 3 / Occupants: 3,Fatalities: 27 / Occupants: 27,,, Damaged beyond repair,,"1 km (0.6 mls) NW of Fort Leonard Wood-Forney AAF, MO (TBN) (   United States of America) 
", Approach (APR),Domestic Scheduled Passenger,"Springfield Municipal Airport, MO (SGF/KSGF), United States of America","Saint Louis (unknown airport), MO, United States of America",AA476,,Fatalities: 30 / Occupants: 30 
19550805-0,,Friday 5 August 1955,,Vickers Valetta C.1,Royal Air Force - RAF,,,, VW140, 310, 1948-07-22  (7 years ),,, 2 Bristol Hercules 230,,Fatalities: 0 / Occupants: ,Fatalities: 0 / Occupants: ,,, Damaged beyond repair,,"3,2 km (2 mls) N of Fayid RAF Station (   Egypt) 
", Approach (APR),Military,?,"Fayid RAF Station, Egypt",,,Fatalities: 0 / Occupants:  
19550805-1,Final,Friday 5 August 1955,13:01,Boeing 377 Stratocruiser 10-30,Northwest Orient Airlines,,,, N74601, 15947/16, 1949-03-18  (6 years 5 months),16861,, 4 Pratt & Whitney R-4360-B6,,Fatalities: 0 / Occupants: 8,Fatalities: 0 / Occupants: 60,,, Substantial, Repaired,"Chicago-Midway Airport, IL (MDW) (   United States of America) 
", Landing (LDG),Domestic Scheduled Passenger,"Minneapolis-St. Paul International Airport/Wold-Chamberlain Field, MN (MSP/KMSP), United States of America","Chicago-Midway Airport, IL (MDW/KMDW), United States of America",NW410,,Fatalities: 0 / Occupants: 68 
19550805-2,,Friday 5 August 1955,,Bristol 170 Freighter 21P,Royal Pakistan Air Force,,,, G804, 12931, ,,,,,Fatalities:  / Occupants: ,Fatalities:  / Occupants: ,,, Damaged beyond repair,,"at an unknown location (   Unknown country) 
", Unknown (UNK),Military,?,?,,,Fatalities:  / Occupants:  
19550806-0,,Saturday 6 August 1955,15:18,Ilyushin Il-14,"Aeroflot, Magadan Civil Aviation Directorate",,,, CCCP-L5057, 4340408, 1954,824,,,,Fatalities: 5 / Occupants: 5,Fatalities: 20 / Occupants: 20,,, Destroyed, Written off (damaged beyond repair),"4 km (2.5 mls) E of Voronezh Airport (VOZ) (   Russia) 
", Approach (APR),Domestic Scheduled Passenger,"Stalingrad Airport (VOG/URWW), Russia","Moskva-Vnukovo Airport (VKO/UUWW), Russia", 214,,Fatalities: 25 / Occupants: 25 
19550810-0,,Wednesday 10 August 1955,,Fairchild C-119G Flying Boxcar,United States Air Force - USAF,,,, 53-3222, 11238, ,,, 2 Wright R-3350,,Fatalities: 5 / Occupants: 5,Fatalities: 14 / Occupants: 14,,Fatalities: 47, Damaged beyond repair,,"Edelweiler (   Germany) 
", En route (ENR),Military,"Stuttgart-Echterdingen Airport (STR/EDDS), Germany",?,,,Fatalities: 19 / Occupants: 19 
19550810-1,,Wednesday 10 August 1955,,Fairchild C-119G Flying Boxcar,United States Air Force - USAF,,,, 53-7841, 11258, ,,, 2 Wright R-3350,,Fatalities: 6 / Occupants: 6,Fatalities: 41 / Occupants: 41,,Fatalities: 19, Damaged beyond repair,,"Edelweiler (   Germany) 
", En route (ENR),Military,"Stuttgart-Echterdingen Airport (STR/EDDS), Germany",?,,,Fatalities: 47 / Occupants: 47 
19550819-0,,Friday 19 August 1955,,Douglas SC-47A,United States Air Force - USAF,,,, 42-108944, 13288, 1944,,,,,Fatalities:  / Occupants: ,Fatalities:  / Occupants: ,,, Damaged beyond repair,,"19 km (11.9 mls) NE of Hawthorne, NV (   United States of America) 
", En route (ENR),Military,"Reno-Stead AFB, NV (KRTS), United States of America",?,,,Fatalities: 7 / Occupants: 7 
19550823-0,,Tuesday 23 August 1955,02:00,Kaiser-Frazer C-119F Flying Boxcar,United States Air Force - USAF,,,, 51-8165, 168, ,,,,,Fatalities: 5 / Occupants: 11,Fatalities: 0 / Occupants: 0,Fatalities: 4,, Damaged beyond repair,,"2,7 km (1.7 mls) SE of Charleston AFB, SC (CHS) (   United States of America) 
", Initial climb (ICL),Military,"Charleston AFB, SC (CHS/KCHS), United States of America",?,,,Fatalities: 5 / Occupants: 11 
19550825-0,,Thursday 25 August 1955,,Grumman SA-16B Albatross,United States Air Force - USAF,,,, 51-7159, G-209, ,,,,,Fatalities:  / Occupants: ,Fatalities:  / Occupants: ,,, Damaged beyond repair,,"20 km (12.5 mls) W of Terceira-Lajes AFB, Azores (TER) (   Portugal) 
", Approach (APR),Military,"Argentia NAS, NL (NWP), Canada","Terceira-Lajes AFB, Azores (TER/LPLA), Portugal",,,Fatalities: 5 / Occupants: 5 
19550826-0,,Friday 26 August 1955,,Douglas DC-3A,Cruzeiro do Sul,,,, PP-CBY, 11692, 1943,,,,,Fatalities: 4 / Occupants: 4,Fatalities: 9 / Occupants: 9,,, Damaged beyond repair,,"near Castelo, ES (   Brazil) 
", En route (ENR),Domestic Scheduled Passenger,"Campos dos Goitacazes-Bartolomeu Lisandro Airport, RJ (CAW/SBCP), Brazil","Caravelas Airport, BA (CRQ/SBCV), Brazil",,,Fatalities: 13 / Occupants: 13 
19550829-0,Final,Monday 29 August 1955,12:45 MST,Douglas DC-3-191A,Continental Air Lines,,,, N18945, 2018, 1938,50837,,,,Fatalities: 0 / Occupants: 3,Fatalities: 0 / Occupants: 11,,, Substantial, Repaired,"Hobbs, NM (   United States of America) 
", Approach (APR),Domestic Scheduled Passenger,"Carlsbad Airport, NM (CNM/KCNM), United States of America","Hobbs-Lea County Airport, NM (HOB/KHOB), United States of America", 114,,Fatalities: 0 / Occupants: 14 
19550830-0,,Tuesday 30 August 1955,,Douglas C-47A-25-DK (DC-3),Kalinga Airlines,,,, VT-AZX, 13285, 1944,,, 2 Pratt & Whitney R-1830-92,,Fatalities: 2 / Occupants: 3,Fatalities: 0 / Occupants: 0,,, Damaged beyond repair,,"Simra Airport (SIF) (   Nepal) 
", Initial climb (ICL),Cargo,"Simra Airport (SIF/VNSI), Nepal",?,,,Fatalities: 2 / Occupants: 3 
19550901-0,,Thursday 1 September 1955,,Douglas VC-47D (DC-3),United States Air Force - USAF,,,, 45-893, 34153/16896, 1945,,,,,Fatalities: 5 / Occupants: 5,Fatalities: 7 / Occupants: 7,,, Damaged beyond repair,,"1,6 km (1 mls) W of Skwentna, AK (   United States of America) 
", Approach (APR),Military,"Anchorage-Elmendorf AFB, AK (EDF/PAED), United States of America","Nome Airport, AK (OME/PAOM), United States of America",,,Fatalities: 12 / Occupants: 12 
19550902-0,,Friday 2 September 1955,,Douglas C-47A-15-DK (DC-3),Union of Burma Airways,,,, XY-ACQ, 12579, 1944,,, 2 Pratt & Whitney R-1830-92,,Fatalities: 3 / Occupants: 3,Fatalities: 6 / Occupants: 6,,, Damaged beyond repair,,"45 km (28.1 mls) E of Lanywa (   Myanmar) 
", En route (ENR),Domestic Scheduled Passenger,"Meiktila (VYML), Myanmar","Lanywa (VYLY), Myanmar",,,Fatalities: 9 / Occupants: 9 
19550905-0,,Monday 5 September 1955,,Boeing B-17G,Lloyd Aéreo Boliviano - LAB,,,, CP-597, 8286, 1943,,,,,Fatalities: 3 / Occupants: 3,Fatalities: 0 / Occupants: 0,,, Damaged beyond repair,,"near Cochabamba (   Bolivia) 
", En route (ENR),Cargo,?,?,,,Fatalities: 3 / Occupants: 3 
19550905-2,,Monday 5 September 1955,,Douglas C-49E (DC-3),Lloyd Aéreo Boliviano - LAB,,,, CP-572, 1549, 1936,,,,,Fatalities: 0 / Occupants: ,Fatalities: 0 / Occupants: ,,Fatalities: 3, Substantial, Repaired,"Cochabamba (   Bolivia) 
", En route (ENR),Scheduled Passenger,?,?,,,Fatalities: 0 / Occupants:  
19550906-0,,Tuesday 6 September 1955,,Douglas C-124C Globemaster II,United States Air Force - USAF,,,, 50-0097, 43235, ,,, 4 Pratt & Whitney R-4360-20WA,,Fatalities:  / Occupants: 13,Fatalities:  / Occupants: 56,,, Damaged beyond repair,,"Albuquerque-Kirtland AFB, NM (ABQ) (   United States of America) 
", Takeoff (TOF),Military,"Albuquerque-Kirtland AFB, NM (KIKR), United States of America","Riverside-March AFB, CA (RIV/KRIV), United States of America",,,Fatalities: 1 / Occupants: 69 
19550906-1,,Tuesday 6 September 1955,,Kaiser-Frazer C-119J Flying Boxcar,United States Air Force - USAF,,,, 51-8142, 145, ,,,,,Fatalities: 4 / Occupants: 6,Fatalities: 0 / Occupants: 0,,, Damaged beyond repair,,"5 km (3.1 mls) N of Alexandria-England AFB, LA (AEX) (   United States of America) 
", Initial climb (ICL),Military,"Alexandria-England AFB, LA (AEX/KAEX), United States of America","Albuquerque-Kirtland AFB, NM (ABQ/KABQ), United States of America",,,Fatalities: 4 / Occupants: 6 
19550908-0,,Thursday 8 September 1955,,Douglas R4D-1 (DC-3),Currey Air Transport,,,, N74663, 6257, 1943,,,,,Fatalities: 2 / Occupants: 3,Fatalities: 1 / Occupants: 30,,, Damaged beyond repair,,"Hollywood-Lockheed Air Terminal, CA (BUR) (   United States of America) 
", Approach (APR),Domestic Non Scheduled Passenger,"Hollywood-Lockheed Air Terminal, CA (BUR/KBUR), United States of America","Oakland Municipal Airport, CA (OAK/KOAK), United States of America",,,Fatalities: 3 / Occupants: 33 
19550909-0,,Friday 9 September 1955,,Handley Page Hastings,Royal New Zealand Air Force - RNZAF,,,, NZ5804, HP95/4, ,,,,,Fatalities: 0 / Occupants: ,Fatalities: 0 / Occupants: ,,, Damaged beyond repair,,"Darwin RAAF Station, NT (DRW) (   Australia) 
", Initial climb (ICL),Military,"Darwin RAAF Station, NT (DRW/YPDN), Australia",?,,,Fatalities: 0 / Occupants: 25 
19550910-0,,Saturday 10 September 1955,,Latécoère 631,France-Hydro,,,, F-BDRE, 8, 1948-11-28  (6 years 10 months),,, 6 Wright R-2600-A5B Cyclone,,Fatalities: 8 / Occupants: 8,Fatalities: 8 / Occupants: 8,,, Destroyed, Written off (damaged beyond repair),"60 km (37.5 mls) N of Banyo (   Cameroon) 
", En route (ENR),Ferry/positioning,"Lac Lérè, Chad","Douala Airport (DLA/FKKD), Cameroon",,,Fatalities: 16 / Occupants: 16 
19550913-0,,Tuesday 13 September 1955,,Handley Page Hastings C.1,Royal Air Force - RAF,,,, TG584, HP67/75, ,,,,,Fatalities:  / Occupants: ,Fatalities:  / Occupants: ,,, Damaged beyond repair,,"Dishforth RAF Station (   United Kingdom) 
", Approach (APR),Military,?,"Dishforth RAF Station (EGXD), United Kingdom",,,Fatalities: 5 / Occupants:  
19550914-0,,Wednesday 14 September 1955,,Avro 685 York C.1,Persian Air Services,,,, EP-ADA, , 1945,,, 4 Rolls-Royce Merlin,,Fatalities: 0 / Occupants: 4,Fatalities: 0 / Occupants: 9,,, Damaged beyond repair,,"64 km (40 mls) SE of Basra (   Iran) 
", En route (ENR),International Scheduled Passenger,"Abadan Airport (ABD/OIAA), Iran","Kuwait International Airport (KWI/OKBK), Kuwait",,,Fatalities: 0 / Occupants: 13 
19550914-1,,Wednesday 14 September 1955,,Curtiss C-46,AVENSA,,,, YV-C-EVL, , ,,,,,Fatalities: 4 / Occupants: 4,Fatalities: 0 / Occupants: 0,,, Missing, Presumed damaged beyond repair,"Gulf of Venezuela (   Atlantic Ocean) 
", En route (ENR),Cargo,"Caracas-Maiquetía Airport (CCS/SVMI), Venezuela",?,,,Fatalities: 4 / Occupants: 4 
19550915-0,,Thursday 15 September 1955,12:45,Ilyushin Il-12,"Aeroflot, West Siberia Civil Aviation Directorate",,,, CCCP-L1359, 30074, ,,,,,Fatalities: 4 / Occupants: 4,Fatalities: 3 / Occupants: 3,,, Damaged beyond repair,,"near Komarovo, Kansk district (   Russia) 
", En route (ENR),Domestic Scheduled Passenger,?,?,,,Fatalities: 7 / Occupants: 7 
19550917-0,,Saturday 17 September 1955,,Bristol 170 Freighter 31,Pacific Western Airlines,,,, CF-GBT, 12831, ,,,,,Fatalities: 1 / Occupants: 2,Fatalities: 1 / Occupants: 4,,, Damaged beyond repair,,"22 km (13.8 mls) N of Thorhild, AB (   Canada) 
", Unknown (UNK),Domestic Non Scheduled Passenger,"Edmonton Municipal Airport, AB (YXD/CYXD), Canada","Yellowknife Airport, NT (YZF/CYZF), Canada",,,Fatalities: 2 / Occupants: 6 
19550920-0,,Tuesday 20 September 1955,,Curtiss C-46A-5-CK Commando,Transaéreos de la Corporación Boliviana de Fomento,,,, CP-549,    47, 1944,,, 2 Pratt & Whitney R-2800-51,,Fatalities: 0 / Occupants: ,Fatalities: 0 / Occupants: ,,, Damaged beyond repair,,"near La Paz (   Bolivia) 
", Unknown (UNK),Unknown,?,?,,,Fatalities: 0 / Occupants:  
19550920-1,,Tuesday 20 September 1955,,Vickers Valetta C.1,Royal Air Force - RAF,,,, VW204, 360, 1949-03-24  (6 years 6 months),,, 2 Bristol Hercules 230,,Fatalities: 0 / Occupants: ,Fatalities: 0 / Occupants: ,,, Damaged beyond repair,,"0,8 km (0.5 mls) W of Dishforth RAF Station (   United Kingdom) 
", Approach (APR),Military,?,"Dishforth RAF Station (EGXD), United Kingdom",,,Fatalities: 0 / Occupants:  
19550920-2,,Tuesday 20 September 1955,,Boeing KC-97F Stratofreighter,United States Air Force - USAF,,,, 51-0373, 16440, ,,,,,Fatalities: 0 / Occupants: 12,Fatalities: 0 / Occupants: 0,,, Damaged beyond repair,,"Bangor-Dow AFB, ME (   United States of America) 
", Landing (LDG),Military,?,"Bangor-Dow AFB, ME, United States of America",,,Fatalities: 0 / Occupants: 12 
19550921-0,Final,Wednesday 21 September 1955,22:23 UTC,Canadair C-4 Argonaut,British Overseas Airways Corporation - BOAC,,,, G-ALHL, 158, ,,, 4 Rolls-Royce Merlin 622,,Fatalities: 2 / Occupants: 7,Fatalities: 13 / Occupants: 40,,, Damaged beyond repair,,"Tripoli-Idris Airport (TIP) (   Libya) 
", Approach (APR),International Scheduled Passenger,"Roma-Ciampino Airport (CIA/LIRA), Italy","Tripoli-Idris Airport (TIP/HLLT), Libya",,,Fatalities: 15 / Occupants: 47 
19550921-1,,Wednesday 21 September 1955,,Douglas C-47A-50-DL (DC-3),Air France,,,, F-BCYU, 10151, 1943,,, 2 Pratt & Whitney R-1830-92,,Fatalities: 0 / Occupants: 3,Fatalities: 0 / Occupants: 0,,, Damaged beyond repair,,"Bordeaux-Mérignac Airport (BOD) (   France) 
", Landing (LDG),Unknown,"Pau-Uzein Airport (PUF/LFBP), France","Bordeaux-Mérignac Airport (BOD/LFBD), France",,,Fatalities: 0 / Occupants: 3 
19550921-2,,Wednesday 21 September 1955,,Boeing B-17F,Lloyd Aéreo Boliviano - LAB,,,, CP-570, 8296, ,,,,,Fatalities:  / Occupants: ,Fatalities:  / Occupants: ,,, Damaged beyond repair,,"La Paz-El Alto Airport (LPB) (   Bolivia) 
", Unknown (UNK),Cargo,?,?,,,Fatalities:  / Occupants:  
19550924-0,Final,Saturday 24 September 1955,06:41 UTC,Douglas C-54A-15-DC (DC-4),Flying Tiger Line,,,, N90433, 10410, 1944,25590,,,,Fatalities: 3 / Occupants: 5,Fatalities: 0 / Occupants: 0,,, Damaged beyond repair,,"1600 km (1000 mls) W off  Honolulu, HI, USA (   Pacific Ocean) 
", En route (ENR),Cargo,"Honolulu International Airport, HI (HNL/PHNL), United States of America","Wake Island Airport (AWK/PAWK), U.S. Minor Outlying Islands",7413-23,,Fatalities: 3 / Occupants: 5 
19550924-1,,Saturday 24 September 1955,,Douglas SC-47D,United States Air Force - USAF,,,, 43-16145, 20611, 1944,,, 2 Pratt & Whitney R-1830-90,,Fatalities: 7 / Occupants: 7,Fatalities: 0 / Occupants: 0,,, Destroyed, Written off (damaged beyond repair),"near Burns, WY (   United States of America) 
", En route (ENR),Military,"Mount Clemens-Selfridge AFB, MI (MTC/KMTC), United States of America","Reno-Stead AFB, NV (KRTS), United States of America",,,Fatalities: 7 / Occupants: 7 
19550926-0,,Monday 26 September 1955,,Lockheed P2V-3W Neptune,United States Navy,,,, 131442, 426-5323, ,,,,,Fatalities: 9 / Occupants: 9,Fatalities: 2 / Occupants: 2,,, Missing, Presumed damaged beyond repair,"480 km (300 mls) SW off  Jamaica [Caribbean] (   Atlantic Ocean) 
", En route (ENR),Military,"Guantánamo NAS (NBW/MUGM), Cuba","Guantánamo NAS (NBW/MUGM), Cuba",,,Fatalities: 11 / Occupants: 11 
19550928-0,,Wednesday 28 September 1955,00:03,Lisunov Li-2,"Aeroflot, Northern Civil Aviation Directorate",,,, CCCP-L4712, 18431801, ,,,,,Fatalities: 5 / Occupants: 6,Fatalities: 2 / Occupants: 13,,, Damaged beyond repair,,"near Ozerevo, Borovichi District (   Russia) 
", En route (ENR),Domestic Scheduled Passenger,?,?,,,Fatalities: 7 / Occupants: 19 
19550929-0,,Thursday 29 September 1955,13:10,Avro 685 York C.1,Associated Airways,,,, CF-HMV, , 1944,,, 4 Rolls-Royce Merlin,,Fatalities: 1 / Occupants: 2,Fatalities: 0 / Occupants: 0,,, Damaged beyond repair,,"ca 180 km N of Beaverlodge, SK (   Canada) 
", En route (ENR),Cargo,?,"Yellowknife Airport, NT (YZF/CYZF), Canada",,,Fatalities: 1 / Occupants: 2 
19550930-0,,Friday 30 September 1955,,Vickers Valetta C.1,Royal Air Force - RAF,,,, VW845, 406, 1949-09-07  (6 years ),,, 2 Bristol Hercules 230,,Fatalities: 0 / Occupants: ,Fatalities: 0 / Occupants: ,,, Damaged beyond repair,,"Mukeiras Airport (UKR) (   Yemen) 
", Approach (APR),Military,?,"Mukeiras Airport (UKR/ODAM), Yemen",,,Fatalities: 0 / Occupants:  
19551002-0,,Sunday 2 October 1955,,Douglas C-54A-1-DC (DC-4),Faucett,,,, OB-PAZ-228, 10277, 1943,,,,,Fatalities: 4 / Occupants: 4,Fatalities: 17 / Occupants: 31,,, Damaged beyond repair,,"near Viñac (   Peru) 
", En route (ENR),Domestic Scheduled Passenger,"Lima-Limatambo Airport (LIM/SPIM), Peru","Cuzco-Velazco Astete Airport (CUZ/SPZO), Peru",,,Fatalities: 21 / Occupants: 35 
19551003-0,,Monday 3 October 1955,,Vickers Valetta C.2,Royal Air Force - RAF,,,, VX571, , 1950,,,,,Fatalities: 0 / Occupants: ,Fatalities: 0 / Occupants: ,,, Damaged beyond repair,,"Nicosia Airport (NIC) (   Cyprus) 
", Approach (APR),Military,?,"Nicosia Airport (NIC/LCNC), Cyprus",,,Fatalities: 0 / Occupants:  
19551004-0,,Tuesday 4 October 1955,,Douglas C-47D (DC-3),United States Air Force - USAF,,,, 44-76445, 32777/16029, 1945,,,,,Fatalities:  / Occupants: ,Fatalities:  / Occupants: ,,, Damaged beyond repair,,"at an unknown location (   Unknown country) 
", Unknown (UNK),Military,?,?,,,Fatalities:  / Occupants:  
19551006-0,Final,Thursday 6 October 1955,07:26 MST,Douglas DC-4,United Airlines,,,, N30062, 18389, 1944,28755,, 4 Pratt & Whitney R-2000-11,,Fatalities: 3 / Occupants: 3,Fatalities: 63 / Occupants: 63,,, Destroyed, Written off (damaged beyond repair),"Medicine Bow Peak, WY (   United States of America) 
", En route (ENR),Domestic Scheduled Passenger,"Denver-Stapleton International Airport, CO (DEN/KDEN), United States of America","Salt Lake City International Airport, UT (SLC/KSLC), United States of America",UA409,,Fatalities: 66 / Occupants: 66 
19551010-0,,Monday 10 October 1955,14:40 UTC,Convair CV-340-58,Jugoslovenski Aerotransport - JAT,,,, YU-ADC, 178, 1955,,,,,Fatalities: 1 / Occupants: 4,Fatalities: 6 / Occupants: 25,,, Damaged beyond repair,,"25 km (15.6 mls) NW of Wien-Schwechat International Airport (VIE) (   Austria) 
", Approach (APR),International Scheduled Passenger,"Beograd-Dojno Polje Airport, Serbia","Wien-Schwechat International Airport (VIE/LOWW), Austria",,,Fatalities: 7 / Occupants: 29 
19551010-1,,Monday 10 October 1955,,Vickers 644 Viking 1B,Iraqi Airways,,,, YI-ABQ, 231, 1947-11-20  (7 years 11 months),,,,,Fatalities: 0 / Occupants: 3,Fatalities: 0 / Occupants: 16,,, Damaged beyond repair,,"Baghdad International Airport (BGW) (   Iraq) 
", Takeoff (TOF),Non Scheduled Passenger,"Baghdad International Airport (BGW/ORBI), Iraq",?,,,Fatalities: 0 / Occupants: 19 
19551013-0,,Thursday 13 October 1955,,Lockheed Neptune MR.1,Royal Air Force - RAF,,,, WX510, 426-5109, ,,,,,Fatalities: 9 / Occupants: 9,Fatalities: 0 / Occupants: 0,,, Destroyed, Written off (damaged beyond repair),"210 km (131.3 mls) W off  Barra, Outer Hebrides, Scotland (   Atlantic Ocean) 
", En route (ENR),Military,?,?,,,Fatalities: 9 / Occupants: 9 
19551022-0,,Saturday 22 October 1955,,Short S.25 Sandringham 7,CAUSA - Compañia Aeronautica Uruguaya SA,,,, CX-ANA, SH.59C, ,,,,,Fatalities:  / Occupants: ,Fatalities:  / Occupants: ,,, Damaged beyond repair,,"at an unknown location (   Unknown country) 
", Unknown (UNK),Unknown,?,?,,,Fatalities:  / Occupants:  
19551025-0,,Tuesday 25 October 1955,,Douglas C-47A-70-DL (DC-3),Maritime Central Airways,,,, CF-HTP, 19140, 1943,,, 2 Pratt & Whitney R-1830-92,,Fatalities: 0 / Occupants: ,Fatalities: 0 / Occupants: ,,, Damaged beyond repair,,"Hall Beach (DEW Line Site 30), NU (   Canada) 
", Unknown (UNK),Unknown,?,?,,,Fatalities: 0 / Occupants:  
19551026-1,,Wednesday 26 October 1955,ca 14:00,Douglas C-47 (DC-3),Mexicana de Aviación,,,, XA-HUH, , ,,,,,Fatalities: 0 / Occupants: 3,Fatalities: 0 / Occupants: 20,,, Substantial,,"6 km (3.8 mls) from  Texcoco (   Mexico) 
", En route (ENR),Domestic Scheduled Passenger,"Poza Rica-Tajin Airport (PAZ/MMPA), Mexico","Tampico Airport (TAM/MMTM), Mexico",,,Fatalities: 0 / Occupants: 23 
19551031-0,,Monday 31 October 1955,,Martin PBM-5 Mariner,United States Navy,,,, 59232, , ,,,,,Fatalities:  / Occupants: ,Fatalities:  / Occupants: ,,, Damaged beyond repair,,"Colón-Coco Solo NAS (   Panama) 
", Takeoff (TOF),Military,"Colón-Coco Solo NAS, Panama",?,,,Fatalities: 8 / Occupants: 8 
19551101-0,,Tuesday 1 November 1955,19:03 MST,Douglas DC-6B,United Airlines,,,, N37559, 43538/224, 1952,,, 4 Pratt & Whitney R-2800,,Fatalities: 5 / Occupants: 5,Fatalities: 39 / Occupants: 39,,, Damaged beyond repair,,"Longmont, CO (   United States of America) 
", En route (ENR),Domestic Scheduled Passenger,"Denver-Stapleton International Airport, CO (DEN/KDEN), United States of America","Portland International Airport, OR (PDX/KPDX), United States of America",UA629,,Fatalities: 44 / Occupants: 44 
19551102-0,,Wednesday 2 November 1955,,Short Sunderland MR.5,Royal Air Force - RAF,,,, SZ581, , ,,,,,Fatalities: 0 / Occupants: 0,Fatalities: 0 / Occupants: 0,,, Damaged beyond repair,,"Wig Bay (   United Kingdom) 
", Standing (STD),Military,-,-,,,Fatalities: 0 / Occupants: 0 
19551104-0,,Friday 4 November 1955,23:46,Douglas VC-47D (DC-3),United States Air Force - USAF,,,, 43-48276, 25537/14092, 1944,,,,,Fatalities:  / Occupants: ,Fatalities:  / Occupants: ,,, Damaged beyond repair,,"off Holyoke, MA (   United States of America) 
", En route (ENR),Military,"Washington-Bolling AFB, DC (BOF/KBOF), United States of America","Springfield-Westover AFB, MA (CEF/KCEF), United States of America",,,Fatalities: 4 / Occupants: 8 
19551105-0,,Saturday 5 November 1955,,Douglas C-47A-70-DL (DC-3),Mexican Government,,,, XC-ABW, 19217, 1943,,, 2 Pratt & Whitney R-1830-92,,Fatalities: 1 / Occupants: 3,Fatalities: 3 / Occupants: 14,,, Substantial, Repaired,"Lake Texcoco (   Mexico) 
", En route (ENR),Official state flight,"Mexico City International Airport (MEX/MMMX), Mexico","Acapulco-Alvarez International Airport (ACA/MMAA), Mexico",,,Fatalities: 4 / Occupants: 17 
19551109-0,,Wednesday 9 November 1955,,Fairchild C-119G Flying Boxcar,United States Air Force - USAF,,,, 52-5891, 11058, ,,,,,Fatalities: 1 / Occupants: 5,Fatalities: 0 / Occupants: 0,,, Damaged beyond repair,,"1046 km (653.8 mls) NE off  Hickam AFB, Hawaii (   Pacific Ocean) 
", En route (ENR),Military,"Sacramento-McClellan AFB, CA (MCC/KMCC), United States of America","Honolulu-Hickam AFB, HI (HIK), United States of America",,,Fatalities: 1 / Occupants: 5 
19551114-0,,Monday 14 November 1955,,Martin 2-0-2,Allegheny Airlines,,,, N172A, 9142, 1948,,,,,Fatalities: 0 / Occupants: 3,Fatalities: 0 / Occupants: 0,,, Damaged beyond repair,,"Wilmington-Newcastle County Airport, DE (ILG) (   United States of America) 
", Landing (LDG),Training,"Wilmington-New Castle County Airport, DE (ILG/KILG), United States of America","Wilmington-New Castle County Airport, DE (ILG/KILG), United States of America",,,Fatalities: 0 / Occupants: 3 
19551115-0,,Tuesday 15 November 1955,,CASA 352 (Junkers Ju-52),Ejército del Aire,,,, T.2-223, 114, ,,,,,Fatalities:  / Occupants: ,Fatalities:  / Occupants: ,,, Damaged beyond repair,,"at an unknown location (   Unknown country) 
", Unknown (UNK),Military,?,?,,,Fatalities:  / Occupants:  
19551117-0,Final,Thursday 17 November 1955,23:59,Douglas C-54-DO (DC-4),Peninsular Air Transport,,,, N88852, 3123, 1942,,, 4 Pratt & Whitney R-2000-11,,Fatalities: 1 / Occupants: 4,Fatalities: 27 / Occupants: 70,,, Destroyed, Written off (damaged beyond repair),"4 km (2.5 mls) S of Seattle-Boeing Field, WA (BFI) (   United States of America) 
", Initial climb (ICL),Domestic Non Scheduled Passenger,"Seattle-Boeing Field International Airport, WA (BFI/KBFI), United States of America","Newark International Airport, NJ (EWR/KEWR), United States of America",  17K,,Fatalities: 28 / Occupants: 74 
19551117-1,,Thursday 17 November 1955,,Douglas MC-54M (DC-4),United States Air Force - USAF,,,, 44-9068, 27294, 1945,,,,,Fatalities: 4 / Occupants: 4,Fatalities: 10 / Occupants: 10,,, Damaged beyond repair,,"48 km (30 mls) WNW Las Vegas, NV (   United States of America) 
", En route (ENR),Military,"Hollywood-Lockheed Air Terminal, CA (BUR/KBUR), United States of America","Nevada Test and Training Range / Area 51 Airport, NV (KXTA), United States of America",,,Fatalities: 14 / Occupants: 14 
19551120-0,,Sunday 20 November 1955,18:59,Douglas C-124A Globemaster II,United States Air Force - USAF,,,, 51-149, 43483, ,,, 4 Pratt & Whitney R-4360-20WA,,Fatalities: 9 / Occupants: 9,Fatalities: 2 / Occupants: 2,,, Destroyed, Written off (damaged beyond repair),"Iwo Jima Air Base (IWO) (   Japan) 
", Initial climb (ICL),Military,"Iwo Jima Air Base (IWO/RJAW), Japan","Tachikawa Air Base (RJTC), Japan",,,Fatalities: 11 / Occupants: 11 
19551121-0,,Monday 21 November 1955,,Douglas C-47D,United States Air Force - USAF,,,, 45-879, 34138/16882, 1945,,, 2 Pratt & Whitney R-1830-90,,Fatalities:  / Occupants: ,Fatalities:  / Occupants: ,,, Damaged beyond repair,,"near Akranes (   Iceland) 
", Unknown (UNK),Military,?,?,,,Fatalities: 4 / Occupants: 4 
19551124-1,,Thursday 24 November 1955,,Canadian Vickers PBV-1A Canso (PBY-5A),Royal Canadian Air Force - RCAF,,,, 11073, CV-395, 1944,,,,,Fatalities: 3 / Occupants: ,Fatalities: 0 / Occupants: ,,, Damaged beyond repair,,"Johnstone Strait, BC (   Canada) 
", Landing (LDG),Military,"Tofino SPB, BC (YTP), Canada",?,,,Fatalities: 3 / Occupants:  
19551126-0,,Saturday 26 November 1955,,Douglas C-47 (DC-3),Indian Air Force - IAF,,,, HJ250, , ,,,,,Fatalities: 0 / Occupants: 2,Fatalities: 0 / Occupants: 0,,, Damaged beyond repair,,"near Agra-Kheria Air Force Station (AGR) (   India) 
", Maneuvering (MNV),Military,"Agra-Kheria Air Force Station (AGR/VIAG), India","Agra-Kheria Air Force Station (AGR/VIAG), India",,,Fatalities: 0 / Occupants: 2 
19551130-0,,Wednesday 30 November 1955,,Fairchild C-119G Flying Boxcar,United States Air Force - USAF,,,, 52-5881, 11048, ,,,,,Fatalities: 0 / Occupants: 5,Fatalities: 0 / Occupants: 0,,, Damaged beyond repair,,"near Kagoshima (   Japan) 
", En route (ENR),Military,?,?,,,Fatalities: 0 / Occupants: 5 
19551201-0,,Thursday 1 December 1955,10:00 UTC,Douglas C-47B-28-DK (DC-3),Cruzeiro do Sul,,,, PP-CCC, 32593/15845, 1945,,, 2 Pratt & Whitney R-1830-90C,,Fatalities: 4 / Occupants: 4,Fatalities: 2 / Occupants: 2,,, Damaged beyond repair,,"near Belém, PA (   Brazil) 
", Initial climb (ICL),Domestic Scheduled Passenger,"Belém/Val-de-Cans International Airport, PA (BEL/SBBE), Brazil","Barreiras Airport, BA (BRA/SNBR), Brazil",,,Fatalities: 6 / Occupants: 6 
19551202-0,,Friday 2 December 1955,,CASA 352 (Junkers Ju-52),Ejército del Aire,,,, T.2B-234, 125, ,,,,,Fatalities: 0 / Occupants: ,Fatalities: 0 / Occupants: ,,, Damaged beyond repair,,"Montserrat (   Spain) 
", En route (ENR),Military,?,?,,,Fatalities: 0 / Occupants: 8 
19551203-0,,Saturday 3 December 1955,,Bristol 170 Freighter 31M,Royal Canadian Air Force - RCAF,,,, 9696, 12829, ,,, 2 Bristol Hercules 734,,Fatalities: 0 / Occupants: 4,Fatalities: 7 / Occupants: 10,,, Destroyed, Written off (damaged beyond repair),"ca 8 km from Marville RCAF Station (   France) 
", Approach (APR),Military,"Grostenquin RCAF Station, France","Marville RCAF Station, France",,,Fatalities: 7 / Occupants: 14 
19551206-0,,Tuesday 6 December 1955,,Fairchild C-119G Flying Boxcar,United States Air Force - USAF,,,, 53-3214, 11230, ,,,,,Fatalities: 0 / Occupants: ,Fatalities: 0 / Occupants: ,,, Damaged beyond repair,,"Spartanburg Downtown Memorial Airport, SC (SPA) (   United States of America) 
", Landing (LDG),Military,?,"Spartanburg Downtown Memorial Airport, SC (SPA/KSPA), United States of America",,,Fatalities: 0 / Occupants:  
19551207-0,,Wednesday 7 December 1955,,CASA 352 (Junkers Ju-52),Ejército del Aire,,,, T.2B-221, 112, ,,,,,Fatalities:  / Occupants: ,Fatalities:  / Occupants: ,,, Damaged beyond repair,,"at an unknown location (   Unknown country) 
", Unknown (UNK),Military,?,?,,,Fatalities:  / Occupants:  
19551207-1,,Wednesday 7 December 1955,,Lockheed P2V-5 Neptune,United States Navy,,,, 124899, , ,,,,,Fatalities: 7 / Occupants: 10,Fatalities: 0 / Occupants: 0,,, Damaged beyond repair,,"W off Kauai, HI (   United States of America) 
", Maneuvering (MNV),Military,?,?,,,Fatalities: 7 / Occupants: 10 
19551209-0,,Friday 9 December 1955,19:07,Lisunov Li-2,"Aeroflot, Far East Civil Aviation Directorate",,,, CCCP-L4993, 23443306, 1952,4021,,,,Fatalities: 5 / Occupants: 5,Fatalities: 16 / Occupants: 16,,, Destroyed, Written off (damaged beyond repair),"Tordoki Yani (   Russia) 
", En route (ENR),Domestic Scheduled Passenger,"Yuzhno-Sakhalinsk Airport (UUS/UHSS), Russia","Khabarovsk Airport (UHHT), Russia",976,,Fatalities: 21 / Occupants: 21 
19551209-1,,Friday 9 December 1955,07:45,Lisunov Li-2,"Aeroflot, Kazakstan Civil Aviation Directorate",,,, CCCP-L4339, 18428101, ,,,,,Fatalities: 5 / Occupants: 5,Fatalities: 2 / Occupants: 4,,, Damaged beyond repair,,"Tyumen Region (   Russia) 
", En route (ENR),Domestic Scheduled Passenger,?,?,,,Fatalities: 7 / Occupants: 9 
19551211-0,,Sunday 11 December 1955,,Vickers Valetta C.1,Royal Air Force - RAF,,,, VW151, 321, 1948-10-29  (7 years 1 months),,,,,Fatalities:  / Occupants: ,Fatalities:  / Occupants: ,,, Damaged beyond repair,,"at an unknown location (   Unknown country) 
", Unknown (UNK),Military,?,?,,,Fatalities:  / Occupants:  
19551212-0,,Monday 12 December 1955,,Douglas TC-47A (DC-3),United States Air Force - USAF,,,, 43-16119, 20585, 1944,,,,,Fatalities:  / Occupants: ,Fatalities:  / Occupants: ,,, Damaged beyond repair,,"unknown (   Unknown country) 
", Unknown (UNK),Military,?,?,,,Fatalities:  / Occupants:  
19551215-0,Final,Thursday 15 December 1955,13:40,Douglas C-47A-50-DL (DC-3),Butler Air Transport,,,, VH-AOG, 10083, 1943,,, 2 Pratt & Whitney R-1830-92,,Fatalities: 0 / Occupants: 3,Fatalities: 0 / Occupants: 10,,, Damaged beyond repair,,"2,5 km (1.6 mls) NE of Bourke Airport, NSW (BRK) (   Australia) 
", Initial climb (ICL),Domestic Scheduled Passenger,"Bourke Airport, NSW (BRK/YBKE), Australia","Nyngan Airport, NSW (NYN/YNYN), Australia",,,Fatalities: 0 / Occupants: 13 
19551217-0,Final,Saturday 17 December 1955,20:40,Curtiss C-46F Commando,Riddle Airlines,,,, N9904F, 30262, 1944,,, 2 Pratt & Whitney R-2800-75,,Fatalities: 2 / Occupants: 2,Fatalities: 0 / Occupants: 0,,, Destroyed, Written off (damaged beyond repair),"near Hollywood, SC (   United States of America) 
", En route (ENR),Cargo,"Wilmington-New Hanover County Airport, NC (ILM/KILM), United States of America","Jacksonville-Thomas Cole Imeson Municipal Airport, FL, United States of America",,,Fatalities: 2 / Occupants: 2 
19551217-1,,Saturday 17 December 1955,,Lockheed L-749A Constellation,Air Algérie,,,, F-BAZG, 2626, 1950,,,,,Fatalities: 0 / Occupants: ,Fatalities: 0 / Occupants: ,,, Damaged beyond repair,,"Algiers-Maison Blanche Airport (ALG) (   Algeria) 
", Takeoff (TOF),Unknown,"Algiers-Maison Blanche Airport (ALG/DAAG), Algeria",?,,,Fatalities: 0 / Occupants:  
19551217-2,,Saturday 17 December 1955,,Douglas C-47A-30-DK (DC-3),SAHSA - Servicio Aéreo de Honduras SA,,,, XH-SAG, 25245/13800, 1944,,, 2 Pratt & Whitney R-1830-92,,Fatalities:  / Occupants: ,Fatalities:  / Occupants: ,,, Damaged beyond repair,,"Nueva Ocotepeque (   Honduras) 
", Unknown (UNK),Unknown,?,?,,,Fatalities:  / Occupants:  
19551219-0,Preliminary,Monday 19 December 1955,,Grumman UF-1G Albatross,United States Coast Guard,,,, 2122, G-349, ,,,,,Fatalities:  / Occupants: ,Fatalities:  / Occupants: ,,, Damaged beyond repair,,"at an unknown location (   Unknown country) 
", Unknown (UNK),Military,?,?,,,Fatalities:  / Occupants:  
19551220-0,,Tuesday 20 December 1955,,CASA 352 (Junkers Ju-52),Ejército del Aire,,,, T.2B-147, 38, ,,,,,Fatalities:  / Occupants: ,Fatalities:  / Occupants: ,,, Damaged beyond repair,,"near La Granja, Segovia (   Spain) 
", Unknown (UNK),Military,"Valladolid Airport (VLL/LEVD), Spain",?,,,Fatalities: 4 / Occupants: 5 
19551221-0,Final,Wednesday 21 December 1955,03:43,Lockheed L-749A Constellation,Eastern Air Lines,,,, N112A, 2533, 1947,29941,, 4 Wright R-3350 (749C18BD1) Cyclone,,Fatalities: 5 / Occupants: 5,Fatalities: 12 / Occupants: 12,,, Damaged beyond repair,,"1 km (0.6 mls) SW of Jacksonville-Thomas Cole Imeson Municipal Airport, FL (   United States of America) 
", Approach (APR),Domestic Scheduled Passenger,"Miami International Airport, FL (MIA/KMIA), United States of America","Jacksonville-Thomas Cole Imeson Municipal Airport, FL, United States of America",EA642,,Fatalities: 17 / Occupants: 17 
19551221-1,,Wednesday 21 December 1955,06:45,Lisunov Li-2,"Aeroflot, Kazakstan Civil Aviation Directorate",,,, CCCP-L4981, 23443307, ,,,,,Fatalities: 5 / Occupants: 5,Fatalities: 1 / Occupants: 1,,, Damaged beyond repair,,"near Balkhash Lake (   Kazakhstan) 
", En route (ENR),Cargo,?,?,,,Fatalities: 6 / Occupants: 6 
19551222-0,,Thursday 22 December 1955,,Douglas C-47B-35-DK (DC-3),Manx Airlines,,,, G-AMZC, 33270/16522, 1945,,, 2 Pratt & Whitney R-1830-90C,,Fatalities: 3 / Occupants: 3,Fatalities: 0 / Occupants: 0,,, Damaged beyond repair,,"5 km (3.1 mls) NE of Düsseldorf Airport (DUS) (   Germany) 
", Approach (APR),Ferry/positioning,"Isle Of Man-Ronaldsway Airport (IOM/EGNS), United Kingdom","Düsseldorf Airport (DUS/EDDL), Germany",,,Fatalities: 3 / Occupants: 3 
19551222-1,,Thursday 22 December 1955,,Consolidated PBY-5A Catalina,Spartan Air Services,,,, CF-EPX, , ,,,,,Fatalities: 1 / Occupants: 6,Fatalities: 0 / Occupants: 0,,, Damaged beyond repair,,"off Kyleakin, Scotland (   United Kingdom) 
", En route (ENR),Ferry/positioning,"Goose Bay Airport, NL (YYR/CYYR), Canada","Glasgow-Prestwick Airport (PIK/EGPK), United Kingdom",,,Fatalities: 1 / Occupants: 6 
19551222-2,,Thursday 22 December 1955,,de Havilland Canada UC-1 Otter (DHC-3),United States Navy,,,, 142424, 76, 1955,,,,,Fatalities: 0 / Occupants: ,Fatalities: 0 / Occupants: ,,, Damaged beyond repair,,"near Cape Bird, Ross Island (   Antarctica) 
", Initial climb (ICL),Military,?,?,,,Fatalities: 0 / Occupants:  
19551222-3,,Thursday 22 December 1955,,Avro Shackleton MR.2,Royal Air Force - RAF,,,, WL799, , 1953-09-18  (2 years 3 months),,, 4 Rolls-Royce Griffon 57,,Fatalities: 0 / Occupants: 0,Fatalities: 0 / Occupants: 0,,, Damaged beyond repair,,"Langar (   United Kingdom) 
", Standing (STD),Military,-,-,,,Fatalities: 0 / Occupants: 0 
19551227-0,,Tuesday 27 December 1955,,Fairchild C-119C Flying Boxcar,United States Air Force - USAF,,,, 49-128, 10365, ,,,,,Fatalities: 0 / Occupants: 8,Fatalities: 0 / Occupants: 0,,, Damaged beyond repair,,"Sparrevohn Air Force Station, AK (SVW) (   United States of America) 
", Takeoff (TOF),Military,"Sparrevohn Air Force Station, AK (SVW/PASV), United States of America",?,,,Fatalities: 0 / Occupants: 8 
19551229-0,Final,Thursday 29 December 1955,12:40,Lockheed 18-56-23 Lodestar,Gulf Oil Corporation,,,, N33366, 18-2387, 1943,,, 2 Wright R-1820-72,,Fatalities: 2 / Occupants: 2,Fatalities: 0 / Occupants: 0,,, Damaged beyond repair,,"7,5 km (4.7 mls) NW of Londonderry, OH (   United States of America) 
", En route (ENR),Executive,"Tulsa International Airport, OK (TUL/KTUL), United States of America","Pittsburgh International Airport, PA (PIT/KPIT), United States of America",,,Fatalities: 2 / Occupants: 2 
19551230-0,,Friday 30 December 1955,,Martin 2-0-2,Southwest Airlines - SWA,,,, N93061, 9150, ,,,,,Fatalities: 0 / Occupants: 0,Fatalities: 0 / Occupants: 0,,, Damaged beyond repair,,"San Francisco International Airport, CA (SFO) (   United States of America) 
", Standing (STD),-,-,-,,,Fatalities: 0 / Occupants: 0 
