Identifiant:,Status:,Date:,Time:,Type:,Operator:,Operating for:,On behalf of:,Leased from:,Registration:,C/n / msn:,First flight:,Total airframe hrs:,Year built:,Engines:,Cycles:,Crew:,Passengers:,Ground casualties:,Collision casualties:,Aircraft damage:,Aircraft fate:,Location:,Phase:,Nature:,Departure airport:,Destination airport:,Flightnumber:,Probable cause:,Total:
19530101-0,,Thursday 1 January 1953,ca 11:00,Douglas DC-3D,Aer Lingus,,,, EI-ACF, 42957, 1946,10968,,,,Fatalities: 0 / Occupants: 3,Fatalities: 0 / Occupants: 22,,, Damaged beyond repair,,"Spernall (   United Kingdom) 
", En route (ENR),International Scheduled Passenger,"Dublin Airport (DUB/EIDW), Ireland","Birmingham International Airport (BHX/EGBB), United Kingdom",,,Fatalities: 0 / Occupants: 25 
19530101-1,Final,Thursday 1 January 1953,22:22 UTC,Douglas C-54B-1-DC (DC-4),KLM Royal Dutch Airlines,,,, PH-TDL, 10488, 1944,,,,,Fatalities: 0 / Occupants: 10,Fatalities: 0 / Occupants: 56,,, Substantial, Repaired,"27,5 km (17.2 mls) from  Dhahran (   Saudi Arabia) 
", Landing (LDG),Int'l Non Scheduled Passenger,"Roma-Ciampino Airport (CIA/LIRA), Italy","Basra International Airport (BSR/ORMM), Iraq",,,Fatalities: 0 / Occupants: 66 
19530102-0,,Friday 2 January 1953,,Douglas C-47A-80-DL (DC-3),United States Air Force - USAF,,,, 43-15273, 19739, 1944,,,,,Fatalities: 3 / Occupants: 4,Fatalities: 0 / Occupants: 0,,, Damaged beyond repair,,"3 km (1.9 mls) S of Raleigh/Durham Airport, NC (RDU) (   United States of America) 
", Unknown (UNK),Military,"Newburgh-Stewart Air Force Base, NY (SWF/KSWF), United States of America","Fayetteville-Pope AFB, NC (POB/KPOB), United States of America",,,Fatalities: 3 / Occupants: 4 
19530102-1,,Friday 2 January 1953,,Lockheed P2V-5 Neptune,United States Navy,,,, 124886, , ,,,,,Fatalities:  / Occupants: ,Fatalities:  / Occupants: ,,, Damaged beyond repair,,"at an unknown location (   Unknown country) 
", Unknown (UNK),Military,?,?,,,Fatalities:  / Occupants:  
19530105-0,,Monday 5 January 1953,,Vickers 610 Viking 1B,British European Airways - BEA,,,, G-AJDL, 262, 1949-03-06  (3 years 10 months),,,,,Fatalities: 3 / Occupants: 4,Fatalities: 24 / Occupants: 31,,, Damaged beyond repair,,"Belfast-Nutts Corner Airport (   United Kingdom) 
", Approach (APR),Domestic Scheduled Passenger,"London-Northolt Airport (NHT/EGWU), United Kingdom","Belfast-Nutts Corner Airport, United Kingdom",,,Fatalities: 27 / Occupants: 35 
19530107-0,Final,Wednesday 7 January 1953,04:12,Curtiss C-46F-1-CU Commando,Associated Air Transport,,,, N1648M, 22395, 1945,1941,, 2 Pratt & Whitney R-2800,,Fatalities: 3 / Occupants: 3,Fatalities: 37 / Occupants: 37,,, Damaged beyond repair,,"13 km (8.1 mls) W of Fish Haven, ID (   United States of America) 
", En route (ENR),Domestic Non Scheduled Passenger,"Seattle-Boeing Field International Airport, WA (BFI/KBFI), United States of America","Cheyenne Airport, WY (CYS/KCYS), United States of America",,,Fatalities: 40 / Occupants: 40 
19530107-1,Final,Wednesday 7 January 1953,20:55,Douglas C-54B-10-DO (DC-4),Flying Tiger Line,,,, N86574, 18350, 1944,20078,, 4 Pratt & Whitney R-2000-7,,Fatalities: 4 / Occupants: 4,Fatalities: 3 / Occupants: 3,,, Damaged beyond repair,,"3 km (1.9 mls) S of Issaquah, WA (   United States of America) 
", Approach (APR),Ferry/positioning,"San Francisco International Airport, CA (SFO/KSFO), United States of America","Seattle-Boeing Field International Airport, WA (BFI/KBFI), United States of America", 841,,Fatalities: 7 / Occupants: 7 
19530110-0,,Saturday 10 January 1953,,Douglas C-47B-1-DK (DC-3),Union of Burma Airways,,,, XY-ACL, 25818/14373, 1944,,, 2 Pratt & Whitney R-1830-90C,,Fatalities: 0 / Occupants: 3,Fatalities: 0 / Occupants: 15,,, Damaged beyond repair,,"Myeik (   Myanmar) 
", Approach (APR),Domestic Scheduled Passenger,"Dawei Airport (TVY/VYDW), Myanmar","Myeik Airport (MGZ/VYME), Myanmar",,,Fatalities: 0 / Occupants: 18 
19530111-0,,Sunday 11 January 1953,,Lockheed 18-56 Lodestar,Dagens Nyheter,,,, SE-BUX, 18-2071, 1941,,,,,Fatalities: 2 / Occupants: 2,Fatalities: 0 / Occupants: 0,,, Damaged beyond repair,,"near Jönköping Airport (JKG) (   Sweden) 
", Approach (APR),Cargo,?,"Jönköping Airport (JKG/ESGJ), Sweden",,,Fatalities: 2 / Occupants: 2 
19530112-0,,Monday 12 January 1953,,Handley Page Hastings C.1,Royal Air Force - RAF,,,, TG602, HP67/80, ,,,,,Fatalities: 5 / Occupants: 5,Fatalities: 4 / Occupants: 4,,, Damaged beyond repair,,"5,6 km (3.5 mls) WSW of Shallufa RAF Station (   Egypt) 
", En route (ENR),Military,"Fayid RAF Station, Egypt",?,,,Fatalities: 9 / Occupants: 9 
19530112-1,,Monday 12 January 1953,,CASA 352 (Junkers Ju-52),Ejército del Aire,,,, T.2-227, 118, ,,,,,Fatalities:  / Occupants: ,Fatalities:  / Occupants: ,,, Damaged beyond repair,,"at an unknown location (   Unknown country) 
", Unknown (UNK),Military,?,?,,,Fatalities:  / Occupants:  
19530113-0,Preliminary,Tuesday 13 January 1953,,Grumman SA-16A Albatross,United States Air Force - USAF,,,, 51-061, G-139, ,,,,,Fatalities:  / Occupants: ,Fatalities:  / Occupants: ,,, Damaged beyond repair,,"off Korean coast (   South Korea) 
", Unknown (UNK),Military,?,?,,,Fatalities:  / Occupants:  
19530115-0,,Thursday 15 January 1953,04:48,Vickers Valetta C.1,Royal Air Force - RAF,,,, VX562, , 1950,,, 2 Bristol Hercules 230,,Fatalities: 3 / Occupants: 3,Fatalities: 16 / Occupants: 16,,Fatalities: 7, Damaged beyond repair,,"46 km (28.8 mls) SW off  Agrigento, Italy (   Mediterranean Sea) 
", En route (ENR),Military,"Malta-Luqa Airport (MLA/LMML), Malta",?,,,Fatalities: 19 / Occupants: 19 
19530116-0,Preliminary,Friday 16 January 1953,19:37,Douglas C-54D-5-DC (DC-4),United States Air Force - USAF,,,, 42-72558, 10663, 1945,,,,,Fatalities:  / Occupants: ,Fatalities:  / Occupants: ,,, Damaged beyond repair,,"1,5 km (0.9 mls) E of Stephenville-Ernest Harmon AFB, NL (YJT) (   Canada) 
", Approach (APR),Military,"St. John's Airport, NL (YYT/CYYT), Canada","Stephenville-Ernest Harmon AFB, NL (YJT/CYJT), Canada",,,Fatalities: 13 / Occupants: 14 
19530116-1,,Friday 16 January 1953,,Fairchild C-82A Packet,United States Air Force - USAF,,,, 45-57772, 10142, ,,,,,Fatalities: 0 / Occupants: 6,Fatalities: 0 / Occupants: 0,,, Damaged beyond repair,,"48 km (30 mls) SW of Chaumont (   France) 
", En route (ENR),Military,?,?,,,Fatalities: 0 / Occupants: 6 
19530116-2,,Friday 16 January 1953,,Grumman SA-16A Albatross,United States Air Force - USAF,,,, 51-0027, G-101, ,,,,,Fatalities:  / Occupants: ,Fatalities:  / Occupants: ,,, Damaged beyond repair,,"Angeles City-Clark Air Base (CRK) (   Philippines) 
", Takeoff (TOF),Military,?,?,,,Fatalities:  / Occupants:  
19530118-0,,Sunday 18 January 1953,,Lockheed P2V-5 Neptune,United States Navy,,,, 127744, 426-5078, ,,,,,Fatalities: 0 / Occupants: 11,Fatalities: 0 / Occupants: 0,,, Damaged beyond repair,,"off Shantou [Formosa Strait] (   China) 
", En route (ENR),Military,?,?,,,Fatalities: 0 / Occupants: 11 
19530119-0,z,Monday 19 January 1953,,Bristol 170 Freighter 21,Silver City Airways,,,, G-AICM, 12756, ,,,,,Fatalities: 0 / Occupants: 2,Fatalities: 0 / Occupants: 0,,, Damaged beyond repair,,"near Berlin-Tempelhof (   Germany) 
", Unknown (UNK),Cargo,?,?,,,Fatalities: 0 / Occupants: 2 
19530119-1,,Monday 19 January 1953,,Vickers Varisty T.1,Royal Air Force - RAF,,,, WF420, 700, 1952,,, 2 Bristol Hercules 264,,Fatalities: 0 / Occupants: ,Fatalities: 0 / Occupants: ,,, Damaged beyond repair,,"Swinderby RAF Station (   United Kingdom) 
", Approach (APR),Military,?,"Swinderby RAF Station (EGXS), United Kingdom",,,Fatalities: 0 / Occupants:  
19530120-0,,Tuesday 20 January 1953,,Douglas C-47B-10-DK (DC-3),L'Armée de L'Air,,,, 348994/FRAZF, 26255/14810, 1944,,,,,Fatalities:  / Occupants: ,Fatalities:  / Occupants: ,,, Damaged beyond repair,,"Indo-China (   Unknown country) 
", Unknown (UNK),Military,?,?,,,Fatalities:  / Occupants:  
19530121-0,,Wednesday 21 January 1953,,Short S.25 Sunderland 3,Aquila Airways,,,, G-AGJN, , 1944,,,,,Fatalities: 0 / Occupants: ,Fatalities: 0 / Occupants: ,,, Damaged beyond repair,,"Madeira (   Portugal) 
", Standing (STD),Unknown,?,?,,,Fatalities: 0 / Occupants:  
19530121-1,,Wednesday 21 January 1953,,Lisunov Li-2,"Aeroflot, East Siberia Civil Aviation Directorate",,,, CCCP-L4666, 4605, ,,,,,Fatalities: 0 / Occupants: 5,Fatalities: 0 / Occupants: 0,,, Damaged beyond repair,,"Irkutsk (   Russia) 
", En route (ENR),Test,"Irkutsk Airport (IKT/UIII), Russia","Irkutsk Airport (IKT/UIII), Russia",,,Fatalities: 0 / Occupants: 5 
19530122-0,,Thursday 22 January 1953,,Lockheed L-049 Constellation,Intercontinent Airways,,,, N38936, 1962, 1943,,,,,Fatalities: 0 / Occupants: 5,Fatalities: 0 / Occupants: 0,,, Damaged beyond repair,,"Hollywood-Lockheed Air Terminal, CA (BUR) (   United States of America) 
", Landing (LDG),Test,?,"Hollywood-Lockheed Air Terminal, CA (BUR/KBUR), United States of America",,,Fatalities: 0 / Occupants: 5 
19530123-0,,Friday 23 January 1953,10:30,Lisunov Li-2,Dalstroi Aviation,,,, CCCP-Zh125, 18432110, ,,,,,Fatalities: 0 / Occupants: 5,Fatalities: 0 / Occupants: 0,,, Damaged beyond repair,,"near Batagay Airport (   Russia) 
", Takeoff (TOF),Cargo,"Batagay Airport (UEBB), Russia",?,,,Fatalities: 0 / Occupants: 5 
19530123-1,,Friday 23 January 1953,20:37,Lisunov Li-2,"Aeroflot, Northern Civil Aviation Directorate",,,, CCCP-L4582, 18430404, ,,,,,Fatalities: 5 / Occupants: 5,Fatalities: 0 / Occupants: 0,,Fatalities: 6, Damaged beyond repair,,"3 km (1.9 mls) SW of Kazan Airport (KZN) (   Russia) 
", Approach (APR),Cargo,?,"Kazan Airport (KZN/UWKD), Russia",,,Fatalities: 5 / Occupants: 5 
19530123-2,,Friday 23 January 1953,20:37,Ilyushin Il-12,"Aeroflot, West Siberia Civil Aviation Directorate",,,, CCCP-L1435, 30267, ,,,,,Fatalities: 6 / Occupants: 6,Fatalities: 0 / Occupants: 0,,Fatalities: 5, Damaged beyond repair,,"3 km (1.9 mls) SW of Kazan Airport (KZN) (   Russia) 
", Initial climb (ICL),Cargo,"Kazan Airport (KZN/UWKD), Russia",?,,,Fatalities: 6 / Occupants: 6 
19530126-0,,Monday 26 January 1953,11:44,Douglas C-47-DL (DC-3),Linee Aeree Italiane - LAI,,,, I-LAIL, 4308, 1942,,, 2 Pratt & Whitney R-1830-92,,Fatalities: 4 / Occupants: 4,Fatalities: 15 / Occupants: 15,,, Damaged beyond repair,,"20 km (12.5 mls) NE of Cagliari-Elmas Airport (CAG) (   Italy) 
", En route (ENR),Domestic Scheduled Passenger,"Cagliari-Elmas Airport (CAG/LIEE), Italy","Roma-Ciampino Airport (CIA/LIRA), Italy",,,Fatalities: 19 / Occupants: 19 
19530128-0,,Wednesday 28 January 1953,,Vickers Valetta T.3,Royal Air Force - RAF,,,, WG265, 513, 1951-11-10  (1 year 3 months),,,,,Fatalities: 0 / Occupants: ,Fatalities: 0 / Occupants: ,,, Damaged beyond repair,,"Lichfield RAF Station (   United Kingdom) 
", Approach (APR),Military,?,"Lichfield RAF Station, United Kingdom",,,Fatalities: 0 / Occupants:  
19530128-1,Final,Wednesday 28 January 1953,,Short S.25 Sunderland 3,Aquila Airways,,,, G-AGKY, , 1944,,,,,Fatalities: 0 / Occupants: 5,Fatalities: 0 / Occupants: 26,,, Damaged beyond repair,,"off Calshot (   United Kingdom) 
", Takeoff (TOF),International Scheduled Passenger,"Southampton water, United Kingdom","Lisboa-Portela de Sacavém Airport (LIS/LPPT), Portugal",,,Fatalities: 0 / Occupants: 31 
19530128-2,,Wednesday 28 January 1953,,Douglas C-47B Dakota III (DC-3),Royal Canadian Air Force - RCAF,,,, 985, 32683/15935, 1945,,,,,Fatalities:  / Occupants: ,Fatalities:  / Occupants: ,,, Damaged beyond repair,,"Strait of Georgia, BC (   Canada) 
", En route (ENR),Military,"Vancouver (unknown airport), BC, Canada",?,,,Fatalities: 7 / Occupants: 7 
19530129-0,,Thursday 29 January 1953,ca 10:00,Curtiss C-46A-45-CU Commando,Lineas Interamericana Aérea,,,, HK-605, 30362, 1944,,, 2 Pratt & Whitney R-2800-51,,Fatalities: 0 / Occupants: 2,Fatalities: 0 / Occupants: 0,,, Damaged beyond repair,,"ca 6 km SE of Bogotá-Techo Airport (   Colombia) 
", Initial climb (ICL),Cargo,"Bogotá-Techo Airport, Colombia","Cartagena Airport (CTG/SKCG), Colombia",,,Fatalities: 0 / Occupants: 2 
19530201-0,,Sunday 1 February 1953,,Lockheed P2V-5 Neptune,United States Navy,,,, 127751, 426-5085, ,,,,,Fatalities: 11 / Occupants: 11,Fatalities: 0 / Occupants: 0,,, Damaged beyond repair,,"near Okinawa (   Japan) 
", Unknown (UNK),Military,?,?,,,Fatalities: 11 / Occupants: 11 
19530202-0,Final,Monday 2 February 1953,05:31 UTC,Avro 685 York I,Skyways,,,, G-AHFA, 1304, 1946,,, 4 Rolls-Royce Merlin 502,,Fatalities: 6 / Occupants: 6,Fatalities: 33 / Occupants: 33,,, Missing, Presumed damaged beyond repair,"ca 500 km E off Newfoudland, Canada (   Atlantic Ocean) 
", En route (ENR),Int'l Non Scheduled Passenger,"Terceira-Lajes Airport, Azores (TER/LPLA), Portugal","Gander Airport, NL (YQX/CYQX), Canada",,,Fatalities: 39 / Occupants: 39 
19530203-0,,Tuesday 3 February 1953,,Douglas C-47B-15-DK (DC-3),Air Outre-Mer,,,, F-OAFR, 26728/15283, 1944,,, 2 Pratt & Whitney R-1830-90C,,Fatalities:  / Occupants: ,Fatalities:  / Occupants: ,,, Damaged beyond repair,,"near Lai Chau (   Vietnam) 
", En route (ENR),Unknown,?,?,,,Fatalities:  / Occupants:  
19530204-2,,Wednesday 4 February 1953,,Douglas VC-47A (DC-3),United States Air Force - USAF,,,, 42-93722, 13665, 1944,,,,,Fatalities:  / Occupants: ,Fatalities:  / Occupants: ,,, Damaged beyond repair,,"Paris-Orly Airport (ORY) (   France) 
", Landing (LDG),Military,?,"Paris-Orly Airport (ORY/LFPO), France",,,Fatalities:  / Occupants:  
19530206-0,,Friday 6 February 1953,,Douglas C-47 (DC-3),Koninklijke Luchtmacht - Klu (Royal Netherl. Air Force),,,, X-1, , ,,,,,Fatalities: 0 / Occupants: ,Fatalities: 0 / Occupants: ,,, Damaged beyond repair,,"Valkenburg Air Base (LID) (   Netherlands) 
", Takeoff (TOF),Military,"Valkenburg Air Base (LID/EHVB), Netherlands",?,,,Fatalities: 0 / Occupants:  
19530207-0,Final,Saturday 7 February 1953,09:28 UTC,Douglas C-54A-5-DC (DC-4),Union Aéromaritime de Transport,,,, F-BFGR, 10290, 1944,41250,, 4 Pratt & Whitney R-2000-7,,Fatalities: 6 / Occupants: 8,Fatalities: 3 / Occupants: 13,,, Damaged beyond repair,,"5,5 km (3.4 mls) NE of Bordeaux-Mérignac Airport (BOD) (   France) 
", Approach (APR),International Scheduled Passenger,"Casablanca (unknown airport), Morocco","Bordeaux-Mérignac Airport (BOD/LFBD), France",,,Fatalities: 9 / Occupants: 21 
19530207-1,,Saturday 7 February 1953,,Fiat G.212CP,Aeronautica Militare Italiana - AMI,,,, MM61772, 15, ,,,,,Fatalities: 0 / Occupants: ,Fatalities: 0 / Occupants: ,,, Damaged beyond repair,,"near Roma-Centocelle Air Base (   Italy) 
", Landing (LDG),Military,?,"Roma-Centocelle Air Base (LIRC), Italy",,,Fatalities: 0 / Occupants:  
19530209-0,,Monday 9 February 1953,,Curtiss C-46D Commando,Egyptian Air Force,,,, 1001, , ,,,,,Fatalities:  / Occupants: ,Fatalities:  / Occupants: ,,, Damaged beyond repair,,"64 km (40 mls) E of Cairo (   Egypt) 
", En route (ENR),Military,"El Arish Airport (AAC/HEAR), Egypt","Cairo-Almaza Air Base (HEAZ), Egypt",,,Fatalities: 30 / Occupants: 35 
19530209-1,,Monday 9 February 1953,,Lisunov Li-2,"Aeroflot, East Siberia Civil Aviation Directorate",,,, CCCP-L4513, , ,,,,,Fatalities: 0 / Occupants: ,Fatalities: 0 / Occupants: ,,, Damaged beyond repair,,"Kirensk Airfield (   Russia) 
", Takeoff (TOF),Unknown,"Kirensk (UIKK), Russia",?,,,Fatalities: 0 / Occupants:  
19530209-2,,Monday 9 February 1953,,Fairchild C-119C Flying Boxcar,United States Air Force - USAF,,,, 51-2635, 10624, ,,,,,Fatalities: 0 / Occupants: ,Fatalities: 0 / Occupants: ,,, Damaged beyond repair,,"Greenville-Donaldson AFB, SC (GDC) (   United States of America) 
", Landing (LDG),Military,?,"Greenville-Donaldson AFB, SC (GDC/KGYH), United States of America",,,Fatalities: 0 / Occupants:  
19530210-0,,Tuesday 10 February 1953,,Fairchild C-119C-18-FA Flying Boxcar,United States Air Force - USAF,,,, 50-0127, 10445, ,,, 2 Pratt & Whitney R-4360-20WA,,Fatalities: 5 / Occupants: 5,Fatalities: 0 / Occupants: 0,,, Damaged beyond repair,,"24 km (15 mls) N of Bitburg Air Base (BBJ) (   Germany) 
", Approach (APR),Military,?,"Bitburg Air Base (BBJ/EDRB), Germany",,,Fatalities: 5 / Occupants: 5 
19530213-0,,Friday 13 February 1953,,Vickers Varsity T.1,Royal Air Force - RAF,,,, WF332, 524, 1951,,, 2 Bristol Hercules 264,,Fatalities: 2 / Occupants: 2,Fatalities: 0 / Occupants: 0,,, Damaged beyond repair,,"5 km (3.1 mls) SSW of Swinderby RAF Station (   United Kingdom) 
", Approach (APR),Military,"Swinderby RAF Station (EGXS), United Kingdom","Swinderby RAF Station (EGXS), United Kingdom",,,Fatalities: 2 / Occupants: 2 
19530213-1,,Friday 13 February 1953,,Grumman SA-16A Albatross,United States Air Force - USAF,,,, 51-062, G-141, ,,,,,Fatalities: 5 / Occupants: 5,Fatalities: 3 / Occupants: 3,,, Destroyed, Written off (damaged beyond repair),"3 km (1.9 mls) SW of Moji, Honshu Island (   Japan) 
", En route (ENR),Military,"Beppu Airport (BPU), Japan","Ashiya Air Base (RJFA), Japan",,,Fatalities: 8 / Occupants: 8 
19530214-0,Final,Saturday 14 February 1953,17:10,Douglas DC-6,National Airlines,,,, N90893, 43057/73, 1947,15994,, 4 Pratt & Whitney R-2800-CB16,,Fatalities: 5 / Occupants: 5,Fatalities: 41 / Occupants: 41,,, Destroyed, Written off (damaged beyond repair),"32 km (20 mls) SE off  Mobile Point, AL, USA [Gulf of Mexico] (   Atlantic Ocean) 
", En route (ENR),Domestic Scheduled Passenger,"Tampa International Airport, FL (TPA/KTPA), United States of America","New Orleans-Moisant Field, LA (MSY/KMSY), United States of America", 470,,Fatalities: 46 / Occupants: 46 
19530214-2,,Saturday 14 February 1953,,Fairchild C-119C Flying Boxcar,United States Air Force - USAF,,,, 49-126, 10363, ,,,,,Fatalities: 0 / Occupants: ,Fatalities: 0 / Occupants: ,,, Damaged beyond repair,,"0,4 km (0.3 mls) W of Jackson-Hawkins Field, MS (HKS) (   United States of America) 
", Unknown (UNK),Military,?,?,,,Fatalities: 0 / Occupants:  
19530215-1,,Sunday 15 February 1953,07:45,Curtiss C-46,Lineas Interamericana Aérea,,,, HK-606, , ,,,,,Fatalities: 0 / Occupants: 5,Fatalities: 0 / Occupants: 1,,, Damaged beyond repair,,"Medellín Airport (EOH) (   Colombia) 
", Landing (LDG),Cargo,"Barranquilla-Soledad Airport (BAQ/SKBQ), Colombia","Medellín-Enrique Olaya Herrera Airport (EOH/SKMD), Colombia",,,Fatalities: 0 / Occupants: 6 
19530221-0,,Saturday 21 February 1953,,Douglas C-47 (DC-3),Republic of China Air Force - ROCAF,,,, 296, , ,,,,,Fatalities:  / Occupants: ,Fatalities:  / Occupants: ,,, Damaged beyond repair,,"unknown (   Unknown country) 
", Unknown (UNK),Military,?,?,,,Fatalities:  / Occupants:  
19530221-1,,Saturday 21 February 1953,,Douglas C-47A-70-DL (DC-3),Türk Hava Kuvvetleri (Turkish Air Force),,,, 42-6097, 19250, 1943,,,,,Fatalities:  / Occupants: ,Fatalities:  / Occupants: ,,, Damaged beyond repair,,"at an unknown location (   Turkey) 
", Unknown (UNK),Military,?,?,,,Fatalities:  / Occupants:  
19530227-0,,Friday 27 February 1953,,Lockheed P2V-2 Neptune,United States Navy,,,, 39357, , ,,,,,Fatalities: 0 / Occupants: 10,Fatalities: 0 / Occupants: 0,,, Damaged beyond repair,,"off Station Echo (   Atlantic Ocean) 
", En route (ENR),Military,"Bermuda-Kindley Field NAS (NWU), Bermuda","Terceira-Lajes AFB, Azores (TER/LPLA), Portugal",,,Fatalities: 0 / Occupants: 10 
19530301-0,,Sunday 1 March 1953,,Curtiss C-46A-45-CU,United States Air Force - USAF,,,, 	42-96539, 30201, ,,,,,Fatalities: 0 / Occupants: ,Fatalities: 0 / Occupants: ,,, Damaged beyond repair,,"1,6 km (1 mls) ESE of Avon, IN (   United States of America) 
", En route (ENR),Military,"Aurora-Lowry AFB, CO, United States of America","Columbus-Atterbury AFB, IN, United States of America",,,Fatalities: 0 / Occupants: 11 
19530303-1,,Tuesday 3 March 1953,03:35,de Havilland DH-106 Comet 1A,Canadian Pacific Air Lines - CPAL,,,, CF-CUN, 06014, 1952-12-24  (2 months),,,,,Fatalities: 5 / Occupants: 5,Fatalities: 6 / Occupants: 6,,, Destroyed, Written off (damaged beyond repair),"near Karachi-Mauripur RAF Station (   Pakistan) 
", Takeoff (TOF),Ferry/positioning,"Karachi-Mauripur RAF Station (OPMR), Pakistan","Singapore-Seletar Airport (XSP/WSSL), Singapore",,,Fatalities: 11 / Occupants: 11 
19530304-0,Final,Wednesday 4 March 1953,ca 01:50,Curtiss C-46F-1-CU Commando,Slick Airways,,,, N4717N, 22400, 1945,43310,, 2 Pratt & Whitney R-2800-75,,Fatalities: 2 / Occupants: 2,Fatalities: 0 / Occupants: 0,,, Damaged beyond repair,,"2,5 km (1.6 mls) SW of Windsor Locks-Bradley Field, CT (BDL) (   United States of America) 
", Approach (APR),Cargo,"New York-Idlewild International Airport, NY (IDL/KIDL), United States of America","Windsor Locks-Bradley International Airport, CT (BDL/KBDL), United States of America", 162-3,,Fatalities: 2 / Occupants: 2 
19530304-1,,Wednesday 4 March 1953,,Lisunov Li-2,Aeroflot / Turkmenistan,,,, CCCP-L4371, , ,,,,,Fatalities: 0 / Occupants: ,Fatalities: 0 / Occupants: ,,, Damaged beyond repair,,"Ashgabat Airport (ASB) (   Turkmenistan) 
", Takeoff (TOF),Cargo,"Ashgabat Airport (ASB/UTAA), Turkmenistan","Darvaza Airport, Turkmenistan",,,Fatalities: 0 / Occupants:  
19530305-0,,Thursday 5 March 1953,,Douglas C-47D (DC-3),United States Air Force - USAF,,,, 43-16217, 20683, 1944,,,,,Fatalities:  / Occupants: ,Fatalities:  / Occupants: ,,, Damaged beyond repair,,"Cagayan de Oro Airport (CGY) (   Philippines) 
", Landing (LDG),Military,?,?,,,Fatalities:  / Occupants:  
19530310-0,Final,Tuesday 10 March 1953,18:15,Junkers Ju-52/3m,Unknown,,,, LV-ZBI, J4075, ,,,,,Fatalities:  / Occupants: ,Fatalities:  / Occupants: ,,, Damaged beyond repair,,"near San Pedro de Colalao, TU (   Argentina) 
", Maneuvering (MNV),Agricultural,"Tucumán Airport, TU, Argentina","Tucumán Airport, TU, Argentina",,,Fatalities: 4 / Occupants: 5 
19530311-0,,Wednesday 11 March 1953,,Fairchild C-119C Flying Boxcar,United States Air Force - USAF,,,, 49-160, 10397, ,,,,,Fatalities: 0 / Occupants: 4,Fatalities: 0 / Occupants: 0,,, Damaged beyond repair,,"10 km (6.3 mls) SE of Daejeon (   South Korea) 
", En route (ENR),Military,?,?,,,Fatalities: 0 / Occupants: 4 
19530313-0,,Friday 13 March 1953,,Douglas C-47-DL (DC-3),LOT Polskie Linie Lotnicze,,,, SP-LCH, 9106, 1943,,, 2 Pratt & Whitney R-1830-92,,Fatalities: 0 / Occupants: ,Fatalities: 0 / Occupants: ,,, Damaged beyond repair,,"Katowice (   Poland) 
", Unknown (UNK),Unknown,?,?,,,Fatalities: 0 / Occupants:  
19530314-0,,Saturday 14 March 1953,,Convair CV-240-7,Orient Airways,,,, AP-AEG,  82, 1949,,,,,Fatalities: 5 / Occupants: 5,Fatalities: 11 / Occupants: 11,,, Damaged beyond repair,,"S of Kalahasahar (   India) 
", En route (ENR),International Scheduled Passenger,"Delhi-Safdarjung Airport (VIDD), India","Dhaka-Tejgaon Airport (DAC/VGTJ), Bangladesh",,,Fatalities: 16 / Occupants: 16 
19530315-0,,Sunday 15 March 1953,,Douglas C-47A-DK (DC-3),Transportes Aéreos Catarinense,,,, PP-AJA, 11844, 1943,,, 2 Pratt & Whitney R-1830-92,,Fatalities: 0 / Occupants: ,Fatalities: 0 / Occupants: ,,, Damaged beyond repair,,"near Salvador-Dois de Julho Airport, BA (SSA) (   Brazil) 
", Approach (APR),Cargo,"Salvador-Dois de Julho International Airport, BA (SSA/SBSV), Brazil",?,,,Fatalities: 0 / Occupants: 6 
19530317-0,,Tuesday 17 March 1953,,Douglas C-47A-70-DL (DC-3),Aigle Azur,,,, F-BEFG, 19105, 1943,,, 2 Pratt & Whitney R-1830-92,,Fatalities:  / Occupants: ,Fatalities:  / Occupants: ,,, Damaged beyond repair,,"near Da Nang Airport (DAD) (   Vietnam) 
", Landing (LDG),Domestic Scheduled Passenger,"Hue-Phu Bai Airport (HUI/VVPB), Vietnam","Da Nang Airport (DAD/VVDN), Vietnam",,,Fatalities: 8 / Occupants: 8 
19530317-2,,Tuesday 17 March 1953,,CASA 352 (Junkers Ju-52),Ejército del Aire,,,, T.2-185, 76, ,,,,,Fatalities:  / Occupants: ,Fatalities:  / Occupants: ,,, Damaged beyond repair,,"at an unknown location (   Unknown country) 
", Unknown (UNK),Military,?,?,,,Fatalities:  / Occupants:  
19530320-0,,Friday 20 March 1953,,Curtiss C-46A-50-CU Commando,Aerovias Sud Americana,,,, N66559, 30504, 1944,,, 2 Pratt & Whitney R-2800-51,,Fatalities: 0 / Occupants: 3,Fatalities: 0 / Occupants: 0,,, Damaged beyond repair,,"Saint Petersburg, FL (   United States of America) 
", Initial climb (ICL),Cargo,"Tampa International Airport, FL (TPA/KTPA), United States of America","Guatemala City-La Aurora Airport (GUA/MGGT), Guatemala",,,Fatalities: 0 / Occupants: 3 
19530320-1,Final,Friday 20 March 1953,18:38,Douglas C-54G-10-DO (DC-4),Transocean Air Lines,,,, N88942, 36076, 1945,5976,, 4 Pratt & Whitney R-2000-4,,Fatalities: 5 / Occupants: 5,Fatalities: 30 / Occupants: 30,,, Destroyed, Written off (damaged beyond repair),"19 km (11.9 mls) SW of Alvarado, CA (   United States of America) 
", En route (ENR),Domestic Non Scheduled Passenger,"Roswell-Industrial Airport, NM (ROW/KROW), United States of America","Oakland International Airport, CA (OAK/KOAK), United States of America", 942,,Fatalities: 35 / Occupants: 35 
19530324-0,,Tuesday 24 March 1953,,Amiot AAC.1 (Junkers Ju-52),L'Armée de L'Air,,,, 218, 218, ,,,,,Fatalities:  / Occupants: ,Fatalities:  / Occupants: ,,, Damaged beyond repair,,"at an unknown location (   Unknown country) 
", Unknown (UNK),Military,?,?,,,Fatalities:  / Occupants:  
19530325-0,,Wednesday 25 March 1953,,Short Sunderland GR.5,Royal Air Force - RAF,,,, PP148, , ,,,,,Fatalities: 4 / Occupants: 10,Fatalities: 0 / Occupants: 0,,, Damaged beyond repair,,"Iwakuni NAS (   Japan) 
", Landing (LDG),Military,?,"Iwakuni MCAS (RJOI), Japan",,,Fatalities: 4 / Occupants: 10 
19530326-0,,Thursday 26 March 1953,,Vickers Varisty T.1,Royal Air Force - RAF,,,, WJ938, , 1953,,, 2 Bristol Hercules 264,,Fatalities: 0 / Occupants: ,Fatalities: 0 / Occupants: ,,, Damaged beyond repair,,"Nicosia Airport (NIC) (   Cyprus) 
", Taxi (TXI),Military,?,"Nicosia Airport (NIC/LCNC), Cyprus",,,Fatalities: 0 / Occupants:  
19530327-1,,Friday 27 March 1953,,Curtiss C-46,AREA Ecuador,,,, HC-SJA, , ,,,,,Fatalities: 0 / Occupants: 2,Fatalities: 0 / Occupants: 0,,, Damaged beyond repair,,"Panama City-Tocumen International Airport (PTY) (   Panama) 
", Landing (LDG),Cargo,"Miami International Airport, FL (MIA/KMIA), United States of America","Panama City-Tocumen International Airport (PTY/MPTO), Panama",,,Fatalities: 0 / Occupants: 2 
19530327-2,,Friday 27 March 1953,,de Havilland DH-114 Heron 1B,Transportes Aéreos Salvador,,,, PP-SLG, 14004, 1952,,,,,Fatalities: 0 / Occupants: 2,Fatalities: 0 / Occupants: 12,,, Damaged beyond repair,,"Itapebi, BA (   Brazil) 
", Takeoff (TOF),Passenger,"Itapebi, BA, Brazil",?,,,Fatalities: 0 / Occupants: 14 
19530327-3,,Friday 27 March 1953,03:40 PST,Douglas R5D-1 (DC-4),California Eastern Airways,,,, N229A, 10322, 1944,,,,,Fatalities: 0 / Occupants: 3,Fatalities: 0 / Occupants: 1,,, Damaged beyond repair,,"off San Fransisco, CA, USA (   Pacific Ocean) 
", En route (ENR),Domestic Non Scheduled Passenger,"Fairfield-Travis AFB, CA (SUU/KSUU), United States of America","Honolulu International Airport, HI (HNL/PHNL), United States of America",,,Fatalities: 0 / Occupants: 4 
19530329-0,,Sunday 29 March 1953,,Vickers 616 Viking 1B,Central African Airways,,,, VP-YEY, 168, 1947-01-07  (6 years 3 months),,,,,Fatalities: 5 / Occupants: 5,Fatalities: 8 / Occupants: 8,,, Damaged beyond repair,,"Mkwaya (   Tanzania) 
", En route (ENR),International Scheduled Passenger,"Blantyre-Chileka Airport (BLZ/FWCL), Malawi","Dar es Salaam International Airport (DAR/HTDA), Tanzania",,,Fatalities: 13 / Occupants: 13 
19530407-0,,Tuesday 7 April 1953,,SNCASO SO.30P Bretagne,Air Maroc,,,, F-BEHA, 23, ,,, 2 Pratt & Whitney R-2800,,Fatalities:  / Occupants: ,Fatalities:  / Occupants: ,,, Damaged beyond repair,,"Paris-Le Bourget Airport (LBG) (   France) 
", Unknown (UNK),Unknown,?,?,,,Fatalities:  / Occupants:  
19530410-0,,Friday 10 April 1953,,Amiot AAC.1 (Junkers Ju-52),Air France,,,, F-BALE, AAC090, ,,,,,Fatalities: 3 / Occupants: 3,Fatalities: 1 / Occupants: 1,,, Damaged beyond repair,,"Miandrivazo Airport (ZVA) (   Madagascar) 
", Takeoff (TOF),Cargo,"Miandrivazo Airport (ZVA/FMMN), Madagascar",?,,,Fatalities: 4 / Occupants: 4 
19530410-1,,Friday 10 April 1953,,Lockheed 18-56-23 Lodestar,Caribbean International Airways,,,, VP-JBC, 18-2568, 1943,,,,,Fatalities: 3 / Occupants: 3,Fatalities: 10 / Occupants: 11,,, Damaged beyond repair,,"Kingston Airport (KIN) (   Jamaica) 
", Takeoff (TOF),International Scheduled Passenger,"Kingston Airport (KIN/MKJP), Jamaica","Grand Cayman Island-Owen Roberts International Airport (GCM/MWCR), Cayman Islands",,,Fatalities: 13 / Occupants: 14 
19530414-0,,Tuesday 14 April 1953,,Douglas C-47A-70-DL (DC-3),Airways (India),,,, VT-AUJ, 19149, 1943,,, 2 Pratt & Whitney R-1830-92,,Fatalities: 3 / Occupants: 3,Fatalities: 0 / Occupants: 0,,, Damaged beyond repair,,"80 km (50 mls) SW of Guwahati (   India) 
", En route (ENR),Cargo,"Guwahati-Borjhar Airport (GAU/VEGT), India","Calcutta-Dum Dum Airport (CCU/VECC), India",,,Fatalities: 3 / Occupants: 3 
19530414-1,Final,Tuesday 14 April 1953,02:22,Douglas DC-3C,Miami Airline,,,, N65743, 20432, 1944,12185,,,,Fatalities: 2 / Occupants: 3,Fatalities: 5 / Occupants: 22,,, Damaged beyond repair,,"11 km (6.9 mls) E of Selleck, WA (   United States of America) 
", En route (ENR),Domestic Non Scheduled Passenger,"Spokane International Airport, WA (GEG/KGEG), United States of America","Seattle-Boeing Field International Airport, WA (BFI/KBFI), United States of America",,,Fatalities: 7 / Occupants: 25 
19530415-0,,Wednesday 15 April 1953,,Douglas C-47 (DC-3),Tatmadaw Lei (Burmese Air Force),,,, registration unknown, , ,,,,,Fatalities:  / Occupants: ,Fatalities:  / Occupants: ,,, Damaged beyond repair,,"unknown (   Myanmar) 
", Unknown (UNK),Military,?,?,,,Fatalities: 12 / Occupants: 12 
19530416-0,,Thursday 16 April 1953,,Douglas C-47A-75-DL (DC-3),Aigle Azur,,,, F-BESS, 19498, 1944,,, 2 Pratt & Whitney R-1830-92,,Fatalities: 3 / Occupants: 3,Fatalities: 27 / Occupants: 27,,, Damaged beyond repair,,"150 km (93.8 mls) NW of Hanoi (   Vietnam) 
", En route (ENR),Domestic Non Scheduled Passenger,"Hanoi-Gia Lam Airport (VVGL), Vietnam","Son-La-Na-San Airport (SQH/VVNS), Vietnam",,,Fatalities: 30 / Occupants: 30 
19530418-0,,Saturday 18 April 1953,,Lockheed Ventura,Spartan Air Services,,,, CF-FAW, 5487, 1943,,,,,Fatalities:  / Occupants: ,Fatalities:  / Occupants: ,,, Missing, Presumed damaged beyond repair,"near Gander, NL (   Canada) 
", En route (ENR),Ferry/positioning,"Gander Airport, NL (YQX/CYQX), Canada","Ottawa International Airport, ON (YOW/CYOW), Canada",,,Fatalities: 4 / Occupants: 4 
19530420-0,Final,Monday 20 April 1953,23:08,Douglas DC-6B,Western Air Lines,,,, N91303, 43823/298, 1952,826,, 4 Pratt & Whitney R-2800-CB16,,Fatalities: 4 / Occupants: 5,Fatalities: 4 / Occupants: 5,,, Damaged beyond repair,,"San Francisco Bay, CA (   United States of America) 
", Approach (APR),Domestic Scheduled Passenger,"San Francisco International Airport, CA (SFO/KSFO), United States of America","Oakland International Airport, CA (OAK/KOAK), United States of America", 636,,Fatalities: 8 / Occupants: 10 
19530423-0,Final,Thursday 23 April 1953,00:55,Curtiss C-46F-1-CU Commando,,American Air Transport,,United States Air Force - USAF, N1693M, 22498, 1945,7477,, 2 Pratt & Whitney R-2800,,Fatalities: 2 / Occupants: 2,Fatalities: 0 / Occupants: 2,,, Damaged beyond repair,,"12 km (7.5 mls) E of Selleck, WA (   United States of America) 
", En route (ENR),Ferry/positioning,"Cheyenne Airport, WY (CYS/KCYS), United States of America","Seattle-Boeing Field International Airport, WA (BFI/KBFI), United States of America",,,Fatalities: 2 / Occupants: 4 
19530423-1,,Thursday 23 April 1953,,Douglas R4D-8 (Super DC-3),United States Navy,,,, 17196, 43357, 1944,,,,,Fatalities:  / Occupants: ,Fatalities:  / Occupants: ,,, Damaged beyond repair,,"near Chehalis, WA (   United States of America) 
", Unknown (UNK),Military,?,?,,,Fatalities: 1 / Occupants: 11 
19530423-2,,Thursday 23 April 1953,,Douglas C-47 (DC-3),United States Navy,,,, registration unknown, , ,,,,,Fatalities: 3 / Occupants: 3,Fatalities: 2 / Occupants: 2,,, Damaged beyond repair,,"off Point Loma (   United States of America) 
", Unknown (UNK),Military,"San Diego-North Island NAS, CA (NZY/KNZY), United States of America","Alameda NAS, CA (NGZ/KNGZ), United States of America",,,Fatalities: 5 / Occupants: 5 
19530430-0,,Thursday 30 April 1953,21:37,Ilyushin Il-12P,"Aeroflot, Moscow Civil Aviation Directorate",,,, CCCP-L1777, 93013114, 1949,,,,,Fatalities: 0 / Occupants: 5,Fatalities: 1 / Occupants: 18,,, Damaged beyond repair,,"near Kazan Airport (KZN) (   Russia) 
", Approach (APR),Domestic Scheduled Passenger,"Moskva-Vnukovo Airport (VKO/UUWW), Russia","Kazan Airport (KZN/UWKD), Russia", 35,,Fatalities: 1 / Occupants: 23 
19530430-1,,Thursday 30 April 1953,,Douglas C-47A-90-DL (DC-3),United States Air Force - USAF,,,, 43-15780, 20246, 1944,,,,,Fatalities: 1 / Occupants: 3,Fatalities: 0 / Occupants: 0,,, Damaged beyond repair,,"5 km (3.1 mls) NW of Chicago-O'Hare International Airport, IL (ORD) (   United States of America) 
", Approach (APR),Military,"Chicago-O'Hare International Airport, IL (ORD/KORD), United States of America","Chicago-O'Hare International Airport, IL (ORD/KORD), United States of America",,,Fatalities: 1 / Occupants: 3 
19530502-0,Final,Saturday 2 May 1953,ca 16:35,de Havilland DH-106 Comet 1,British Overseas Airways Corporation - BOAC,,,, G-ALYV, 06008, 1952-04-09  (1 year ),1649,, 4 de Havilland Ghost 50 Mark I,,Fatalities: 6 / Occupants: 6,Fatalities: 37 / Occupants: 37,,, Destroyed, Written off (damaged beyond repair),"32 km (20 mls) NW of Calcutta-Dum Dum Airport (CCU) (   India) 
", En route (ENR),International Scheduled Passenger,"Calcutta-Dum Dum Airport (CCU/VECC), India","Delhi-Safdarjung Airport (VIDD), India",783/057,,Fatalities: 43 / Occupants: 43 
19530506-0,,Wednesday 6 May 1953,,Ford 5-AT-B Tri-Motor,Northwest Agricultural Aviation,,,, N9606, 5-AT-4, 1928-10-24  (24 years 7 months),,, 3 Pratt & Whitney R-1340 Wasp,,Fatalities: 0 / Occupants: 2,Fatalities: 0 / Occupants: 0,,, Damaged beyond repair,,"Choteau Airport, MT (CII) (   United States of America) 
", Takeoff (TOF),Unknown,"Choteau Airport, MT (KCII), United States of America",?,,,Fatalities: 0 / Occupants: 2 
19530507-0,,Thursday 7 May 1953,,Vickers Valetta T.3,Royal Air Force - RAF,,,, WG258, 506, 1951-07-26  (1 year 10 months),,,,,Fatalities: 10 / Occupants: 10,Fatalities: 0 / Occupants: 0,,, Damaged beyond repair,,"40 km (25 mls) W off  Hartland Point, United Kingdom (   Atlantic Ocean) 
", En route (ENR),Military,"Hullavington RAF Station, United Kingdom",?,,,Fatalities: 10 / Occupants: 10 
19530509-0,,Saturday 9 May 1953,07:00,Douglas C-47A-25-DK (DC-3),Air Services of India,,,, VT-AXD, 13294, 1944,,, 2 Pratt & Whitney R-1830-92,,Fatalities: 0 / Occupants: ,Fatalities: 0 / Occupants: ,,, Damaged beyond repair,,"Bombay-Juhu Airport (   India) 
", Takeoff (TOF),Domestic Scheduled Passenger,"Bombay-Juhu Airport (VAJJ), India","Bangalore-Hindustan Airport (BLR/VOBG), India",,,Fatalities: 0 / Occupants:  
19530509-1,,Saturday 9 May 1953,,Douglas C-47A-25-DK (DC-3),Air-India,,,, VT-AUD, 13716, 1944,,, 2 Pratt & Whitney R-1830-92,,Fatalities: 5 / Occupants: 5,Fatalities: 13 / Occupants: 13,,, Damaged beyond repair,,"32 km (20 mls) S of Delhi (   India) 
", En route (ENR),Domestic Scheduled Passenger,"Delhi-Palam Airport (DEL/VIDP), India","Ahmedabad Airport (AMD/VAAH), India",,,Fatalities: 18 / Occupants: 18 
19530511-0,,Monday 11 May 1953,,Amiot AAC.1 (Junkers Ju-52),Autrex,,,, F-BBZL, AAC230, ,,,,,Fatalities: 0 / Occupants: ,Fatalities: 0 / Occupants: ,,, Damaged beyond repair,,"Hanoi (   Vietnam) 
", Unknown (UNK),Unknown,?,?,,,Fatalities: 0 / Occupants:  
19530511-1,,Monday 11 May 1953,,Boeing-Canada PB2B-1 Canso A (PBY-5A),Canadian Pacific Air Lines - CPAL,,,, CF-CRV, 21984, 1943,,,,,Fatalities: 1 / Occupants: 3,Fatalities: 1 / Occupants: 16,,, Damaged beyond repair,,"Prince Rupert, BC (   Canada) 
", Landing (LDG),Domestic Scheduled Passenger,"Sandspit Airport, BC (YZP/CYZP), Canada","Prince Rupert-Digby Island Airport, BC (YPR/CYPR), Canada",,,Fatalities: 2 / Occupants: 19 
19530512-0,,Tuesday 12 May 1953,,Curtiss C-46A-45-CU Commando,Loide Aéreo Nacional,,,, PP-LDI, 30343, 1944,,, 2 Pratt & Whitney R-2800-51,,Fatalities: 0 / Occupants: 2,Fatalities: 0 / Occupants: 15,,, Substantial, Repaired,"São Paulo-Congonhas Airport, SP (CGH) (   Brazil) 
", Landing (LDG),Domestic Scheduled Passenger,"Rio de Janeiro (unknown airport), RJ, Brazil","São Paulo-Congonhas Airport, SP (CGH/SBSP), Brazil",,,Fatalities: 0 / Occupants: 17 
19530514-0,,Thursday 14 May 1953,,Avro Shackleton MR.2,Royal Air Force - RAF,,,, WL749, , 1953,,, 4 Rolls-Royce Griffon 57,,Fatalities: 0 / Occupants: ,Fatalities: 0 / Occupants: ,,, Damaged beyond repair,,"Belfast-Aldergrove RAF Station (BFS) (   United Kingdom) 
", Landing (LDG),Military,?,"Belfast-Aldergrove RAF Station (BFS/EGAA), United Kingdom",,,Fatalities: 0 / Occupants:  
19530515-0,,Friday 15 May 1953,ca 17:00,Fairchild C-119C Flying Boxcar,United States Air Force - USAF,,,, 51-8235, 10783, ,,, 2 Pratt & Whitney R-4360-20WA,,Fatalities: 6 / Occupants: 6,Fatalities: 0 / Occupants: 0,,Fatalities: 2, Damaged beyond repair,,"near Hemsbach (   Germany) 
", En route (ENR),Military,"Frankfurt-Rhein-Main AFB (FRF/EDAF), Germany","Frankfurt-Rhein-Main AFB (FRF/EDAF), Germany",,,Fatalities: 6 / Occupants: 6 
19530515-1,,Friday 15 May 1953,16:40,Fairchild C-119C Flying Boxcar,United States Air Force - USAF,,,, 51-8241, 10789, ,,, 2 Pratt & Whitney R-4360-20WA,,Fatalities: 2 / Occupants: 4,Fatalities: 0 / Occupants: 0,,Fatalities: 6, Damaged beyond repair,,"near Hemsbach (   Germany) 
", En route (ENR),Military,"Frankfurt-Rhein-Main AFB (FRF/EDAF), Germany","Frankfurt-Rhein-Main AFB (FRF/EDAF), Germany",,,Fatalities: 2 / Occupants: 4 
19530515-2,,Friday 15 May 1953,,Douglas C-47 (DC-3),United States Air Force - USAF,,,, registration unknown, , ,,,,,Fatalities: 0 / Occupants: 0,Fatalities: 0 / Occupants: 0,,, Damaged beyond repair,,"Lydda Airport (TLV) (   Israel) 
", Standing (STD),Military,-,-,,,Fatalities: 0 / Occupants: 0 
19530517-0,Final,Sunday 17 May 1953,14:15,Douglas DST-318 (DC-3),Delta Air Lines,,,, N28345, 2224, 1940,39000,,,,Fatalities: 3 / Occupants: 3,Fatalities: 16 / Occupants: 17,,, Damaged beyond repair,,"21 km (13.1 mls) E of Marshall, TX (   United States of America) 
", En route (ENR),Domestic Scheduled Passenger,"Dallas-Love Field, TX (DAL/KDAL), United States of America","Shreveport-Greater Shreveport Municipal Airport, LA (SHV/KSHV), United States of America",DL318,,Fatalities: 19 / Occupants: 20 
19530517-1,,Sunday 17 May 1953,,Vickers Valetta C.1,Royal Air Force - RAF,,,, VW810, 371, 1949-04-26  (4 years ),,, 2 Bristol Hercules 230,,Fatalities: 0 / Occupants: ,Fatalities: 2 / Occupants: ,,, Damaged beyond repair,,"Malta-Luqa Airport (MLA) (   Malta) 
", Takeoff (TOF),Military,"Malta-Luqa Airport (MLA/LMML), Malta",?,,,Fatalities: 2 / Occupants: 22 
19530518-0,,Monday 18 May 1953,,Grumman SA-16B Albatross,United States Air Force - USAF,,,, 51-7156, G-206, ,,,,,Fatalities: 0 / Occupants: ,Fatalities: 0 / Occupants: ,,, Damaged beyond repair,,"Lake Melville, NL (   Canada) 
", Landing (LDG),Military,?,?,,,Fatalities: 0 / Occupants:  
19531015-0,,Thursday 15 October 1953,,Douglas C-47A-25-DK (DC-3C),Philippine Air Lines,,,, PI-C142, 13397, 1944,,, 2 Pratt & Whitney R-1830-92,,Fatalities: 0 / Occupants: ,Fatalities: 0 / Occupants: ,,, Substantial, Repaired,"26 km (16.3 mls) NE of Tuguegarao (   Philippines) 
", Unknown (UNK),Domestic Scheduled Passenger,?,?,,,Fatalities: 0 / Occupants:  
19531017-0,,Saturday 17 October 1953,,Douglas C-47B-1-DK (DC-3),Service Impérial de Liaisons Aériennes - SILA,,,, F-VNAE, 25591/14146, 1944,,, 2 Pratt & Whitney R-1830-90C,,Fatalities: 2 / Occupants: 7,Fatalities: 0 / Occupants: 0,,, Damaged beyond repair,,"S of Lai Chau (   Vietnam) 
", Maneuvering (MNV),Cargo,?,?,,,Fatalities: 2 / Occupants: 7 
19531017-1,,Saturday 17 October 1953,,Douglas C-47A-85-DL (DC-3),Aerolineas Argentinas,,,, LV-AGE, 20083, 1944,,, 2 Pratt & Whitney R-1830-92,,Fatalities: 0 / Occupants: 4,Fatalities: 0 / Occupants: 16,,, Damaged beyond repair,,"Jujuy Airport, PJ (JUJ) (   Argentina) 
", Landing (LDG),Domestic Scheduled Passenger,"Salta Airport, SA (SLA/SASA), Argentina","Jujuy-El Cadillal Airport, PJ (JUJ/SASJ), Argentina",,,Fatalities: 0 / Occupants: 20 
19531019-0,,Monday 19 October 1953,,Lockheed L-749A Constellation,Eastern Air Lines,,,, N119A, 2616, 1949,,,,,Fatalities: 0 / Occupants: 5,Fatalities: 2 / Occupants: 22,,, Damaged beyond repair,,"New York-Idlewild International Airport, NY (IDL) (   United States of America) 
", Takeoff (TOF),Domestic Scheduled Passenger,"New York-Idlewild International Airport, NY (IDL/KIDL), United States of America","San Juan (unknown airport), Puerto Rico",,,Fatalities: 2 / Occupants: 27 
19531019-1,,Monday 19 October 1953,ca 07:15,Douglas DC-3,Petróleos Mexicanos (Pemex),,,, XC-PMX, , ,,,,,Fatalities:  / Occupants: ,Fatalities:  / Occupants: ,,, Damaged beyond repair,,"near Mamulique (   Mexico) 
", En route (ENR),Domestic Non Scheduled Passenger,"Monterrey-Aeropuerto Del Norte (NTR/MMAN), Mexico","Nueva Ciudad Guerrero Airstrip, Mexico",,,Fatalities: 15 / Occupants: 15 
19531019-2,,Monday 19 October 1953,,Douglas C-47B-25-DK (DC-3),L'Armée de L'Air,,,, 476404/FRAZZ, 32736/15988, 1945,,, 2 Pratt & Whitney R-1830-90C,,Fatalities:  / Occupants: ,Fatalities:  / Occupants: ,,, Damaged beyond repair,,"at an unknown location (   Unknown country) 
", Unknown (UNK),Military,?,?,,,Fatalities:  / Occupants:  
19531019-3,,Monday 19 October 1953,,Lockheed P2V-5 Neptune,United States Navy,,,, 128389, 426-5235, ,,,,,Fatalities: 0 / Occupants: ,Fatalities: 0 / Occupants: ,,, Damaged beyond repair,,"Bermuda-Kindley Field NAS (NWU) (   Bermuda) 
", Landing (LDG),Military,?,"Bermuda-Kindley Field NAS (NWU), Bermuda",,,Fatalities: 0 / Occupants:  
19531021-0,,Wednesday 21 October 1953,17:45,Lisunov Li-2,"Aeroflot, West Siberia Civil Aviation Directorate",,,, CCCP-L4890, 18436106, 1950,5130,,,,Fatalities: 1 / Occupants: 5,Fatalities: 0 / Occupants: 3,,, Damaged beyond repair,,"near Mineralnye Vody Airport (MRV) (   Russia) 
", Approach (APR),Domestic Scheduled Passenger,"Stalingrad Airport (VOG/URWW), Russia","Mineralnye Vody Airport (MRV/URMM), Russia",,,Fatalities: 1 / Occupants: 8 
19531027-0,,Tuesday 27 October 1953,11:18,Ilyushin Il-12,"Aeroflot, Far East Civil Aviation Directorate",,,, CCCP-L1765, 93013102, 1949,4271,,,,Fatalities: 5 / Occupants: 5,Fatalities: 17 / Occupants: 22,,, Damaged beyond repair,,"6 km (3.8 mls) from  Magadan-13 Airport (   Russia) 
", En route (ENR),Domestic Scheduled Passenger,"Magadan-13 Airport (UHMT), Russia","Okhotsk Airport (OHO/UHOO), Russia",783,,Fatalities: 22 / Occupants: 27 
19531027-1,,Tuesday 27 October 1953,,Lockheed P2V-5 Neptune,United States Navy,,,, 127764, 426-5123, ,,,,,Fatalities: 1 / Occupants: 9,Fatalities: 0 / Occupants: 0,,, Damaged beyond repair,,"off Iwakuni MCAS (   Japan) 
", Unknown (UNK),Military,?,?,,,Fatalities: 1 / Occupants: 9 
19531029-0,Final,Thursday 29 October 1953,,Douglas DC-6,British Commonwealth Pacific Airways,,,, VH-BPE, 43125/131, 1948,,, 4 Pratt & Whitney R-2800-CA15,,Fatalities: 8 / Occupants: 8,Fatalities: 11 / Occupants: 11,,, Damaged beyond repair,,"12 km (7.5 mls) SE of Half Moon Bay, CA (   United States of America) 
", Approach (APR),International Scheduled Passenger,"Honolulu International Airport, HI (HNL/PHNL), United States of America","San Francisco International Airport, CA (SFO/KSFO), United States of America",,,Fatalities: 19 / Occupants: 19 
19531031-0,,Saturday 31 October 1953,ca 07:40,Consolidated PA-10 Catalina (PBY-5),Força Aérea Brasileira - FAB,,,, 6500, 1059, ,,,,,Fatalities:  / Occupants: ,Fatalities:  / Occupants: ,,, Damaged beyond repair,,"8 km (5 mls) from  Marabá, PA (   Brazil) 
", Initial climb (ICL),Military,"Marabá Airport, PA (MAB/SBMA), Brazil",?,,,Fatalities: 4 / Occupants: 5 
19531031-1,,Saturday 31 October 1953,00:30,Lisunov Li-2,"Aeroflot, North Kavkaz Civil Aviation Directorate",,,, CCCP-L4732, 18432509, 1949,5181,,,,Fatalities: 5 / Occupants: 5,Fatalities: 10 / Occupants: 11,,, Damaged beyond repair,,"near Kharkov Airport (HRK) (   Ukraine) 
", Approach (APR),Domestic Scheduled Passenger,"Rostov Airport (ROV/URRR), Russia","Kharkov Airport (HRK/UKHH), Ukraine",,,Fatalities: 15 / Occupants: 16 
19531103-0,,Tuesday 3 November 1953,,Douglas DC-3-314,Lloyd Aéreo Boliviano - LAB,,,, CP-600, 2181, 1939,,,,,Fatalities: 3 / Occupants: 3,Fatalities: 25 / Occupants: 25,,, Damaged beyond repair,,"S of Tarabuco (   Bolivia) 
", En route (ENR),Domestic Scheduled Passenger,"Camiri Airport (CAM/SLCA), Bolivia","Sucre Airport (SRE/SLSU), Bolivia",,,Fatalities: 28 / Occupants: 28 
19531104-0,,Wednesday 4 November 1953,21:55,Ilyushin Il-12,"Aeroflot, East Siberia Civil Aviation Directorate",,,, CCCP-L1367, 30090, ,,,,,Fatalities: 5 / Occupants: 5,Fatalities: 0 / Occupants: 0,,, Damaged beyond repair,,"near Magdagachi Airport (GDG) (   Russia) 
", Approach (APR),Cargo,?,"Magdagachi Airport (GDG/UHBI), Russia",,,Fatalities: 5 / Occupants: 5 
19531105-0,,Thursday 5 November 1953,,Douglas C-47B-20-DK (DC-3),United States Air Force - USAF,,,, 43-49782, 27043/15598, 1945,,,,,Fatalities:  / Occupants: ,Fatalities:  / Occupants: ,,, Damaged beyond repair,,"3 km (1.9 mls) N of Calhan, CO (   United States of America) 
", Unknown (UNK),Military,?,?,,,Fatalities:  / Occupants:  
19531111-0,,Wednesday 11 November 1953,,Bristol 170 Freighter 21P,Royal Pakistan Air Force,,,, G809, 12936, ,,,,,Fatalities: 2 / Occupants: 2,Fatalities: 0 / Occupants: 0,,, Damaged beyond repair,,"Karachi (   Pakistan) 
", Unknown (UNK),Military,?,?,,,Fatalities: 2 / Occupants: 2 
19531111-1,,Wednesday 11 November 1953,,Vickers Valetta C.1,Royal Air Force - RAF,,,, VX490, , 1950,,, 2 Bristol Hercules 230,,Fatalities: 3 / Occupants: 3,Fatalities: 4 / Occupants: 4,,, Damaged beyond repair,,"off Singapore Island (   Singapore) 
", En route (ENR),Military,"Singapore-Changi RAF Station, Singapore","Singapore-Changi RAF Station, Singapore",,,Fatalities: 7 / Occupants: 7 
19531112-2,,Thursday 12 November 1953,09:30,Junkers Ju-52/3msai,Lineas Aéreas del Estado - LADE,,,, T-159, 5261, 1938,,,,,Fatalities: 5 / Occupants: 5,Fatalities: 8 / Occupants: 8,,Fatalities: 7, Damaged beyond repair,,"8 km (5 mls) S of Villa Mugueta, SF (   Argentina) 
", Approach (APR),Military,?,?,,,Fatalities: 13 / Occupants: 13 
19531115-0,Preliminary,Sunday 15 November 1953,,Grumman SA-16A Albatross,United States Air Force - USAF,,,, 51-036, G-111, ,,,,,Fatalities: 5 / Occupants: 5,Fatalities: 0 / Occupants: 0,,, Damaged beyond repair,,"between Iceland and Greenland (   Atlantic Ocean) 
", En route (ENR),Military,?,?,,,Fatalities: 5 / Occupants: 5 
19531117-0,,Tuesday 17 November 1953,,Kaiser-Frazer C-119F Flying Boxcar,United States Air Force - USAF,,,, 51-8163, 166, ,,,,,Fatalities: 4 / Occupants: 4,Fatalities: 1 / Occupants: 1,Fatalities: 10,, Damaged beyond repair,,"25 km (15.6 mls) W of Fort Bragg, NC (   United States of America) 
", Maneuvering (MNV),Military,?,?,,,Fatalities: 5 / Occupants: 5 
19531118-0,,Wednesday 18 November 1953,,Douglas C-47A-90-DL (DC-3),United States Air Force - USAF,,,, 43-15756, 20222, 1944,,,,,Fatalities:  / Occupants: ,Fatalities:  / Occupants: ,,, Damaged beyond repair,,"Albuquerque-Kirtland AFB, NM (ABQ) (   United States of America) 
", Unknown (UNK),Military,?,?,,,Fatalities:  / Occupants:  
19531125-0,,Wednesday 25 November 1953,,Douglas VC-47D (DC-3),United States Air Force - USAF,,,, 43-49093, 26354/14909, 1944,,,,,Fatalities: 0 / Occupants: 3,Fatalities: 0 / Occupants: 10,,, Damaged beyond repair,,"Camp A.P. Hill, VA (   United States of America) 
", Landing (LDG),Military,"Washington-Bolling AFB, DC (BOF/KBOF), United States of America","Montgomery (unknown airport), AL, United States of America",,,Fatalities: 0 / Occupants: 13 
19531125-1,,Wednesday 25 November 1953,ca 13:00,Bristol 170 Freighter 21E,Royal Australian Air Force - RAAF,,,, A81-2, 12805, ,,,,,Fatalities: 3 / Occupants: 3,Fatalities: 0 / Occupants: 0,,, Damaged beyond repair,,"8 km (5 mls) SW of Mallala, SA (   Australia) 
", Unknown (UNK),Military,"Mallala RAAF Base, SA, Australia","Mallala RAAF Base, SA, Australia",,,Fatalities: 3 / Occupants: 3 
19531126-0,,Thursday 26 November 1953,,Douglas C-47D (DC-3),United States Air Force - USAF,,,, 43-16353, 20819, 1944,,,,,Fatalities:  / Occupants: ,Fatalities:  / Occupants: ,,, Damaged beyond repair,,"24 km (15 mls) NE of Sirte (   Libya) 
", Unknown (UNK),Military,?,?,,,Fatalities:  / Occupants:  
19531126-1,,Thursday 26 November 1953,,Curtiss C-46D-10-CU,United States Air Force - USAF,,,, 44-77549, 32945, 1944,,,,,Fatalities: 0 / Occupants: 5,Fatalities: 0 / Occupants: 25,,, Damaged beyond repair,,"2,4 km (1.5 mls) WSW off  Yonago-Miho Air Base (YGJ) (   Japan) 
", Unknown (UNK),Military,"Yonago-Miho Air Base (YGJ/RJOH), Japan",?,,,Fatalities: 0 / Occupants: 30 
19531127-0,,Friday 27 November 1953,,Fairchild C-119C-26-FA Flying Boxcar,United States Air Force - USAF,,,, 51-2621, 10610, ,,,,,Fatalities: 6 / Occupants: 6,Fatalities: 0 / Occupants: 0,,, Destroyed, Written off (damaged beyond repair),"4 km (2.5 mls) NE of Paris-Orly Airport (ORY) (   France) 
", Approach (APR),Military,"Terceira-Lajes AFB, Azores (TER/LPLA), Portugal","Paris-Orly Airport (ORY/LFPO), France",,,Fatalities: 6 / Occupants: 6 
19531204-0,,Friday 4 December 1953,,Bristol 170 Freighter 21,Aviaco,,,, EC-AEG, 12797, ,,,,,Fatalities: 1 / Occupants: 5,Fatalities: 22 / Occupants: 28,,, Damaged beyond repair,,"near Guaderrama (   Spain) 
", En route (ENR),Domestic Scheduled Passenger,"Bilbao Airport (BIO/LEBB), Spain","Madrid-Barajas Airport (MAD/LEMD), Spain",,,Fatalities: 23 / Occupants: 33 
19531208-0,,Tuesday 8 December 1953,,Curtiss C-46 Commando,Republic of China Air Force - ROCAF,,,, 242, , ,,,,,Fatalities:  / Occupants: ,Fatalities:  / Occupants: ,,, Damaged beyond repair,,"unknown (   Unknown country) 
", Unknown (UNK),Military,?,?,,,Fatalities:  / Occupants:  
19531209-0,,Wednesday 9 December 1953,,Fairchild C-119G Flying Boxcar,United States Air Force - USAF,,,, 51-8086, 10980, ,,,,,Fatalities: 2 / Occupants: 3,Fatalities: 0 / Occupants: 0,,, Destroyed, Written off (damaged beyond repair),"2,4 km (1.5 mls) S of Newton Falls, OH (   United States of America) 
", En route (ENR),Military,"Smyrna-Sewart AFB, TN (MQY/KMQY), United States of America","Smyrna-Sewart AFB, TN (MQY/KMQY), United States of America",,,Fatalities: 2 / Occupants: 3 
19531211-0,,Friday 11 December 1953,ca 17:30,Avro Shackleton MR.2,Royal Air Force - RAF,,,, WL746, , 1953,,, 4 Rolls-Royce Griffon 57,,Fatalities: 10 / Occupants: 10,Fatalities: 0 / Occupants: 0,,, Damaged beyond repair,,"off Argyll (   United Kingdom) 
", En route (ENR),Military,?,?,,,Fatalities: 10 / Occupants: 10 
19531212-0,,Saturday 12 December 1953,03:25,Douglas C-47A-DK (DC-3),Indian Airlines,,,, VT-CHF, 11810, 1943,,, 2 Pratt & Whitney R-1830-92,,Fatalities: 3 / Occupants: 4,Fatalities: 10 / Occupants: 10,,, Damaged beyond repair,,"1,2 km (0.8 mls) from  Nagpur-Sonegaon Airport (NAG) (   India) 
", Initial climb (ICL),Domestic Scheduled Passenger,"Nagpur-Sonegaon Airport (NAG/VANP), India","Madras Airport (MAA/VOMM), India",,,Fatalities: 13 / Occupants: 14 
19531212-1,,Saturday 12 December 1953,,Junkers Ju-52/3m,Aeronorte - Empr. de Transpoeres Aéreos Norte do Brasil,,,, PP-DZY, J6510, ,,,,,Fatalities: 2 / Occupants: 2,Fatalities: 0 / Occupants: 0,,, Damaged beyond repair,,"Mogi das Cruzes, SP ? (   Brazil) 
", En route (ENR),Cargo,"Vitória-Goiabeiras Airport, ES (VIX/SBVT), Brazil","Rio de Janeiro (unknown airport), RJ, Brazil",,,Fatalities: 2 / Occupants: 2 
19531215-0,,Tuesday 15 December 1953,,Curtiss C-46D-15-CU Commando,Aviateca,,,, TG-AQA, 33589, 1945,,,,,Fatalities: 2 / Occupants: 2,Fatalities: 0 / Occupants: 0,,, Damaged beyond repair,,"Cerro Tecpan (   Guatemala) 
", Unknown (UNK),Cargo,"Brownsville-South Padre Island International Airport, TX (BRO/KBRO), United States of America","Guatemala City-La Aurora Airport (GUA/MGGT), Guatemala",,,Fatalities: 2 / Occupants: 2 
19531215-1,,Tuesday 15 December 1953,,Vickers 634 Viking 1B,Misrair,,,, SU-AFK, 213, 1947-08-28  (6 years 4 months),,,,,Fatalities: 5 / Occupants: ,Fatalities: 1 / Occupants: ,,, Damaged beyond repair,,"8 km (5 mls) E of Cairo-Almaza Airport (   Egypt) 
", En route (ENR),Domestic Scheduled Passenger,"Cairo-Almaza Air Base (HEAZ), Egypt","Luxor Airport (LXR/HELX), Egypt",,,Fatalities: 6 / Occupants:  
19531216-0,,Wednesday 16 December 1953,,Vickers Valetta C.2,Royal Air Force - RAF,,,, VX575, , 1950,,, 2 Bristol Hercules 230,,Fatalities: 1 / Occupants: 5,Fatalities: 0 / Occupants: 0,,, Damaged beyond repair,,"8 km (5 mls) NNW of Malta-Luqa Airport (MLA) (   Malta) 
", Approach (APR),Military,"Malta-Luqa Airport (MLA/LMML), Malta","Malta-Luqa Airport (MLA/LMML), Malta",,,Fatalities: 1 / Occupants: 5 
19531219-0,,Saturday 19 December 1953,18:55,Convair CV-240-12,Sabena,,,, OO-AWO, 128, 1949,7576,,,,Fatalities: 0 / Occupants: 3,Fatalities: 1 / Occupants: 40,,, Damaged beyond repair,,"2,5 km (1.6 mls) N of Zürich-Kloten Airport (ZRH) (   Switzerland) 
", Approach (APR),International Scheduled Passenger,"Brussel-Zaventem Airport (BRU/EBBR), Belgium","Zürich-Kloten Airport (ZRH/LSZH), Switzerland",,,Fatalities: 1 / Occupants: 43 
19531220-0,,Sunday 20 December 1953,,Vickers 610 Viking 1B,Eagle Aviation Ltd.,,,, G-AHPO, 157, 1947-01-14  (6 years 11 months),,,,,Fatalities: 0 / Occupants: 4,Fatalities: 0 / Occupants: 0,,, Substantial, Written off (damaged beyond repair),"Nürnberg Airport (NUE) (   Germany) 
", Landing (LDG),Cargo,"Blackbushe Airport (BBS/EGLK), United Kingdom","München-Riem Airport (MUC/EDDM), Germany",,,Fatalities: 0 / Occupants: 4 
19531220-1,,Sunday 20 December 1953,,Douglas R4D-8 (Super DC-3),United States Navy,,,, 17179, 43346, 1944,,,,,Fatalities:  / Occupants: ,Fatalities:  / Occupants: ,,, Damaged beyond repair,,"Agrihan Island (   Northern Mariana Islands) 
", En route (ENR),Military,?,?,,,Fatalities: 10 / Occupants: 10 
19531222-1,,Tuesday 22 December 1953,,Lockheed P2V-3 Neptune,United States Navy,,,, 122964, , ,,,,,Fatalities: 0 / Occupants: ,Fatalities: 0 / Occupants: ,,, Damaged beyond repair,,"Hong Kong-Kai Tak International Airport (HKG) (   Hong Kong) 
", Landing (LDG),Military,?,"Hong Kong-Kai Tak International Airport (HKG/VHHH), Hong Kong",,,Fatalities: 0 / Occupants: 14 
19531227-1,,Sunday 27 December 1953,,Short Sunderland GR.5,Royal Air Force - RAF,,,, RN302, , ,,,,,Fatalities: 0 / Occupants: ,Fatalities: 0 / Occupants: ,,, Damaged beyond repair,,"off Tsushima Island (   Japan) 
", Landing (LDG),Military,?,?,,,Fatalities: 0 / Occupants:  
19531228-0,,Monday 28 December 1953,,Canadair C-54GM North Star,Royal Canadian Air Force - RCAF,,,, 17505, 112, 1947,,, 4 Rolls-Royce Merlin 622,,Fatalities: 0 / Occupants: 6,Fatalities: 0 / Occupants: 2,,, Damaged beyond repair,,"Shemya AFB, AK (SYA) (   United States of America) 
", Landing (LDG),Military,?,"Shemya AFB, AK (SYA/PASY), United States of America",,,Fatalities: 0 / Occupants: 8 
19531229-0,,Tuesday 29 December 1953,22:19,Nord 2501 Noratlas,L'Armée de L'Air,,,, 2/F-SDAC, 2, ,,, 2 Bristol Hercules 739,,Fatalities: 10 / Occupants: 10,Fatalities: 0 / Occupants: 0,,, Damaged beyond repair,,"Pic de Costabonne, Pyrénées Mountains (   France) 
", En route (ENR),Military,?,"Mont-De-Marsan Airport (LFBM), France",,,Fatalities: 10 / Occupants: 10 
19531230-1,,Wednesday 30 December 1953,,Canadair C-54GM North Star,Royal Canadian Air Force - RCAF,,,, 17503, 110, 1947-08-08  (6 years 5 months),,, 4 Rolls-Royce Merlin 622,,Fatalities: 0 / Occupants: 8,Fatalities: 0 / Occupants: 43,,, Damaged beyond repair,,"Vancouver International Airport, BC (YVR) (   Canada) 
", Landing (LDG),Military,"Vancouver International Airport, BC (YVR/CYVR), Canada","Edmonton-Namao Field, AB (YED/CYED), Canada",,,Fatalities: 0 / Occupants: 51 
19531231-0,,Thursday 31 December 1953,,Douglas C-47A-30-DK (DC-3),United States Air Force - USAF,,,, 43-48246, 25507/14062, 1944,,,,,Fatalities:  / Occupants: ,Fatalities:  / Occupants: ,,, Damaged beyond repair,,"Nome AFB, AK (OME) (   United States of America) 
", Unknown (UNK),Military,?,?,,,Fatalities:  / Occupants:  
19539999-0,,xx xxx 1953,,Canadian Vickers PBV-1A Canso A (PBY-5A),Hollinger Ungava Transport,,,, CF-DIK, CV-445, 1944,,,,,Fatalities: 0 / Occupants: ,Fatalities: 0 / Occupants: ,,, Damaged beyond repair,,"Ashuanipi Lake, NL (   Canada) 
", Landing (LDG),Unknown,?,?,,,Fatalities: 0 / Occupants:  
19539999-1,,xx xxx 1953,,Douglas C-47A-30-DK (DC-3),Jupiter Airways,,,, VT-CHG, 25297/13852, 1944,,, 2 Pratt & Whitney R-1830-92,,Fatalities:  / Occupants: ,Fatalities:  / Occupants: ,,, Damaged beyond repair,,"at an unknown location (   India) 
", Unknown (UNK),Unknown,?,?,,,Fatalities:  / Occupants:  
19539999-2,,xx xxx 1953,,Consolidated PBY-6A Catalina,United States Navy,,,, 64089, , ,,,,,Fatalities: 0 / Occupants: ,Fatalities: 0 / Occupants: ,,, Damaged beyond repair,,"160 km (100 mls) off  Midway Island (   Pacific Ocean) 
", En route (ENR),Military,?,?,,,Fatalities: 0 / Occupants:  
19530522-0,Final,Friday 22 May 1953,04:13,Curtiss C-46F-1-CU Commando,,Resort Airlines,,United States Air Force - USAF, N1669M, 22536, 1945,6867,, 2 Pratt & Whitney R-2800-75,,Fatalities: 2 / Occupants: 2,Fatalities: 0 / Occupants: 0,,, Damaged beyond repair,,"18 km (11.3 mls) NE of Des Moines, IA (   United States of America) 
", En route (ENR),Ferry/positioning,"Cheyenne Airport, WY (CYS/KCYS), United States of America","Chicago-O'Hare International Airport, IL (ORD/KORD), United States of America",,,Fatalities: 2 / Occupants: 2 
19530524-0,Final,Sunday 24 May 1953,04:18,Douglas C-47A-90-DL (DC-3C),Meteor Air Transport,,,, N53596, 20433, 1944,10923,, 2 Pratt & Whitney R-1830-92,,Fatalities: 5 / Occupants: 5,Fatalities: 1 / Occupants: 2,,, Damaged beyond repair,,"Saint Louis-Lambert International Airport, MO (STL) (   United States of America) 
", Approach (APR),Ferry/positioning,"Teterboro Airport, NJ (TEB/KTEB), United States of America","Saint Louis-Lambert International Airport, MO (STL/KSTL), United States of America",,,Fatalities: 6 / Occupants: 7 
19530524-1,,Sunday 24 May 1953,,Lisunov Li-2,"Aeroflot, Krasnoyarsk Civil Aviation Directorate",,,, CCCP-L4863, , ,,,,,Fatalities: 0 / Occupants: ,Fatalities: 0 / Occupants: ,,, Damaged beyond repair,,"Nadezhda Airport (   Russia) 
", Takeoff (TOF),Domestic Scheduled Passenger,?,"Krasnoyarsk Airport (KJA/UNKL), Russia",,,Fatalities: 0 / Occupants:  
19530525-0,,Monday 25 May 1953,ca. 15:30,Convair CV-240-4,KLM Royal Dutch Airlines,,,, PH-TEI, 125, 1948,7104,, 2 Pratt & Whitney R-2800,,Fatalities: 0 / Occupants: 6,Fatalities: 0 / Occupants: 28,Fatalities: 2,, Destroyed, Written off (damaged beyond repair),"Amsterdam-Schiphol Airport (AMS) (   Netherlands) 
", Initial climb (ICL),International Scheduled Passenger,"Amsterdam-Schiphol International Airport (AMS/EHAM), Netherlands","Paris (unknown airport), France",,,Fatalities: 0 / Occupants: 34 
19530525-1,,Monday 25 May 1953,,Grumman SA-16B Albatross,United States Air Force - USAF,,,, 51-7173, G-223, ,,,,,Fatalities: 0 / Occupants: 5,Fatalities: 0 / Occupants: 0,,, Damaged beyond repair,,"Kings Canyon National Park, CA (   United States of America) 
", En route (ENR),Military,?,?,,,Fatalities: 0 / Occupants: 5 
19530527-0,,Wednesday 27 May 1953,08:59,Bristol 170 Freighter 31M,Royal New Zealand Air Force - RNZAF,,,, NZ5908, 13061, 1952,,, 2 Bristol Hercules 734,,Fatalities: 4 / Occupants: 4,Fatalities: 1 / Occupants: 1,,, Damaged beyond repair,,"11 km (6.9 mls) SSE of Blenheim-Woodbourne Airport (BHE) (   New Zealand) 
", En route (ENR),Military,"Blenheim-Woodbourne Airport (BHE/NZWB), New Zealand","Whenuapai Air Base (NZWP), New Zealand",,,Fatalities: 5 / Occupants: 5 
19530527-1,,Wednesday 27 May 1953,03:50,Lisunov Li-2T,"Aeroflot, East Siberia Civil Aviation Directorate",,,, CCCP-A4031, 18432605, 1949,1268,,,,Fatalities: 7 / Occupants: 7,Fatalities: 0 / Occupants: 0,,Fatalities: 20, Damaged beyond repair,,"16,5 km (10.3 mls) W of Barzas (   Russia) 
", En route (ENR),Survey/research,"Novosibirsk-Severny (North) Airport (UNCC), Russia","Novosibirsk-Severny (North) Airport (UNCC), Russia",,,Fatalities: 7 / Occupants: 7 
19530527-2,,Wednesday 27 May 1953,03:50,Lisunov Li-2,"Aeroflot, East Siberia Civil Aviation Directorate",,,, CCCP-L4534, 18429005, 1948,3882,,,,Fatalities: 4 / Occupants: 4,Fatalities: 16 / Occupants: 16,,Fatalities: 7, Damaged beyond repair,,"16,5 km (10.3 mls) W of Barzas (   Russia) 
", En route (ENR),Domestic Scheduled Passenger,"Krasnoyarsk Severny Airport (UNKK), Russia","Novosibirsk-Severny (North) Airport (UNCC), Russia",18,,Fatalities: 20 / Occupants: 20 
19530605-0,,Friday 5 June 1953,,Grumman SA-16A Albatross,United States Air Force - USAF,,,, 49-0084, G-42, ,,,,,Fatalities: 0 / Occupants: ,Fatalities: 0 / Occupants: ,,, Damaged beyond repair,,"Okinawa-Bolo Airstrip (   Japan) 
", Unknown (UNK),Military,?,?,,,Fatalities: 0 / Occupants:  
19530606-0,,Saturday 6 June 1953,,Grumman SA-16B Albatross,United States Air Force - USAF,,,, 51-7146, G-196, ,,,,,Fatalities: 1 / Occupants: 8,Fatalities: 0 / Occupants: 0,,, Damaged beyond repair,,"Nabeul (   Tunisia) 
", En route (ENR),Military,"Tripoli-Wheelus Air Base (MJI/HLLM), Libya",?,,,Fatalities: 1 / Occupants: 8 
19530609-1,,Tuesday 9 June 1953,,Vickers 615 Viking 1B,,,Lineas Aéreas del Estado - LADE,, T-6, 180, 1947-01-13  (6 years 5 months),,,,,Fatalities: 0 / Occupants: ,Fatalities: 0 / Occupants: ,,, Damaged beyond repair,,"near Juan A. Pradere, BA (   Argentina) 
", Landing (LDG),Military,"Buenos Aires-Jorge Newbery Airport, BA (AEP/SABE), Argentina","Bahía Blanca-Comandante Espora Airport, BA (BHI/SAZB), Argentina",,,Fatalities: 0 / Occupants: 23 
19530614-0,,Sunday 14 June 1953,ca 16:35,Ilyushin Il-12,Aeroflot / Georgia,,,, CCCP-L1375, 30103, 1947,30103,,,,Fatalities: 6 / Occupants: 6,Fatalities: 12 / Occupants: 12,,, Damaged beyond repair,,"15 km (9.4 mls) NE of Zugdidi (   Georgia) 
", En route (ENR),Domestic Scheduled Passenger,"Krasnodar Airport (KRR/URKK), Russia","Tbilisi Airport (TBS/UGGG), Georgia", 229,,Fatalities: 18 / Occupants: 18 
19530615-0,,Monday 15 June 1953,,Douglas C-47B-5-DK (DC-3),Lineas Aéreas Costarricenses - LACSA,,,, TI-1002, 26078/14633, 1944,,, 2 Pratt & Whitney R-1830-90C,,Fatalities:  / Occupants: 3,Fatalities:  / Occupants: 12,,, Damaged beyond repair,,"San Ramon Mts. (   Costa Rica) 
", Unknown (UNK),Domestic Scheduled Passenger,"Palmar Sur Airport (PMZ/MRPM), Costa Rica","San Isidro de El General Airport (MRSI), Costa Rica",,,Fatalities: 9 / Occupants: 15 
19530615-1,,Monday 15 June 1953,,Lockheed 18-56-23 Lodestar,LAN Chile,,,, CC-CLD-0100, 18-2617, 1943,,,,,Fatalities: 3 / Occupants: 3,Fatalities: 4 / Occupants: 4,,, Damaged beyond repair,,"near Copiapó-Chamonate Airport (CPO) (   Chile) 
", Unknown (UNK),Passenger,"Copiapó-Chamonate Airport (CPO/SCHA), Chile","Santiago (unknown airport), Chile",,,Fatalities: 7 / Occupants: 7 
19530616-0,,Tuesday 16 June 1953,,Douglas C-47A-65-DL (DC-3),Aigle Azur,,,, F-BEST, 19100, 1943,,, 2 Pratt & Whitney R-1830-92,,Fatalities: 5 / Occupants: 5,Fatalities: 29 / Occupants: 29,,, Damaged beyond repair,,"Phou-Lassi Hill (   Laos) 
", En route (ENR),Domestic Non Scheduled Passenger,"Vientiane-Wattay Airport (VTE/VLVT), Laos","Saigon-Tan Son Nhat International Airport (SGN/VVTS), Vietnam",,,Fatalities: 34 / Occupants: 34 
19530616-1,,Tuesday 16 June 1953,,Vickers Valetta C.1,Royal Air Force - RAF,,,, VW846, 407, 1949-09-09  (3 years 9 months),,, 2 Bristol Hercules 230,,Fatalities: 0 / Occupants: 3,Fatalities: 0 / Occupants: 0,,, Damaged beyond repair,,"Fayid RAF Station (   Egypt) 
", Approach (APR),Military,"Fayid RAF Station, Egypt",?,,,Fatalities: 0 / Occupants: 3 
19530617-0,,Wednesday 17 June 1953,19:30,Douglas C-54A-5-DO (DC-4),Aerolineas Argentinas,,,, LV-ABQ, 7468, 1944,,,,,Fatalities: 0 / Occupants: 7,Fatalities: 0 / Occupants: 34,,, Damaged beyond repair,,"12 km (7.5 mls) N of Córdoba, CD (   Argentina) 
", Approach (APR),Domestic Scheduled Passenger,"Salta-Martín Miguel de Güemes International Airport, SA (SLA/SASA), Argentina","Córdoba-Pajas Blancas Airport, CD (COR/SACO), Argentina",,,Fatalities: 0 / Occupants: 41 
19530617-1,,Wednesday 17 June 1953,ca 22:00,Lockheed L-049 Constellation,Panair do Brasil,,,, PP-PDA, 2066, ,,,,,Fatalities: 7 / Occupants: 7,Fatalities: 10 / Occupants: 10,,, Damaged beyond repair,,"6,5 km (4.1 mls) SW of São Paulo-Congonhas Airport, SP (CGH) (   Brazil) 
", Approach (APR),Domestic Scheduled Passenger,"Rio de Janeiro-Galeão International Airport, RJ (GIG/SBGL), Brazil","São Paulo-Congonhas Airport, SP (CGH/SBSP), Brazil",,,Fatalities: 17 / Occupants: 17 
19530617-2,,Wednesday 17 June 1953,,Douglas C-47D (DC-3),United States Air Force - USAF,,,, 45-929, 34190/16932, 1945,,,,,Fatalities:  / Occupants: ,Fatalities:  / Occupants: ,,, Damaged beyond repair,,"Seoul (K-16) Air Base (SSN) (   South Korea) 
", Landing (LDG),Military,?,"Seoul (K-16) Air Base (SSN/RKSM), South Korea",,,Fatalities:  / Occupants:  
19530618-0,,Thursday 18 June 1953,16:34,Douglas C-124A-DL Globemaster II,United States Air Force - USAF,,,, 51-137, 43471, ,,, 4 Pratt & Whitney R-4360-20WA,,Fatalities: 7 / Occupants: 7,Fatalities: 122 / Occupants: 122,,, Destroyed, Written off (damaged beyond repair),"5,6 km (3.5 mls) NE of Tachikawa Air Base (   Japan) 
", Approach (APR),Military,"Tachikawa Air Base (RJTC), Japan","Osan Air Base (OSN/RKSO), South Korea",,,Fatalities: 129 / Occupants: 129 
19530622-0,,Monday 22 June 1953,,Handley Page Hastings C.2,Royal Air Force - RAF,,,, WJ335, HP67/136, 1952,,,,,Fatalities: 6 / Occupants: 6,Fatalities: 0 / Occupants: 0,,, Damaged beyond repair,,"Abingdon RAF Station (ABB) (   United Kingdom) 
", Initial climb (ICL),Military,"Abingdon RAF Station (ABB/EGUD), United Kingdom",?,,,Fatalities: 6 / Occupants: 6 
19530623-0,,Tuesday 23 June 1953,,Fairchild C-119C-15-FA Flying Boxcar,United States Air Force - USAF,,,, 49-161, 10398, ,,, 2 Pratt & Whitney R-4360-20WA,,Fatalities: 4 / Occupants: 4,Fatalities: 3 / Occupants: 3,,, Damaged beyond repair,,"24 km (15 mls) NNE off  Ashiya Air Base (   Japan) 
", En route (ENR),Military,"Ashiya Air Base (RJFA), Japan",?,,,Fatalities: 7 / Occupants: 7 
19530625-0,,Thursday 25 June 1953,06:00 UTC,de Havilland DH-106 Comet 1A,Union Aéromaritime de Transport,,,, F-BGSC, 06019, 1953,,,,,Fatalities: 0 / Occupants: 7,Fatalities: 0 / Occupants: 10,,, Damaged beyond repair,,"Dakar-Yoff Airport (DKR) (   Senegal) 
", Landing (LDG),International Scheduled Passenger,"Paris (unknown airport), France","Dakar-Yoff Airport (DKR/GOOY), Senegal",,,Fatalities: 0 / Occupants: 17 
19530628-0,,Sunday 28 June 1953,,Short Sunderland MR.5,Royal Air Force - RAF,,,, RN269, , ,,,,,Fatalities: 0 / Occupants: ,Fatalities: 0 / Occupants: ,,, Damaged beyond repair,,"off Sangley Point Air Base (   Philippines) 
", Landing (LDG),Military,?,?,,,Fatalities: 0 / Occupants:  
19530629-0,Final,Monday 29 June 1953,17:26,Douglas DC-3A,Western Air Lines,,,, N15569, 4887, 1942,30793,, 2 Pratt & Whitney R-1830,,Fatalities: 1 / Occupants: 3,Fatalities: 0 / Occupants: 0,,, Damaged beyond repair,,"Los Angeles International Airport, CA (LAX) (   United States of America) 
", En route (ENR),Training,"Los Angeles International Airport, CA (LAX/KLAX), United States of America","Los Angeles International Airport, CA (LAX/KLAX), United States of America",,,Fatalities: 1 / Occupants: 3 
19530630-0,,Tuesday 30 June 1953,,Douglas C-47A-20-DK (DC-3),Iranian Airways,,,, EP-ACV, 12919, 1944,,, 2 Pratt & Whitney R-1830-92,,Fatalities: 0 / Occupants: 6,Fatalities: 0 / Occupants: 0,,, Damaged beyond repair,,"Tehran (   Iran) 
", Unknown (UNK),Training,"Tehran-Mehrabad Airport (THR/OIII), Iran","Tehran-Mehrabad Airport (THR/OIII), Iran",,,Fatalities: 0 / Occupants: 6 
19530704-3,,Saturday 4 July 1953,,Douglas C-47D (DC-3),United States Air Force - USAF,,,, 43-48408, 25669/14224, 1944,,,,,Fatalities:  / Occupants: ,Fatalities:  / Occupants: ,,, Damaged beyond repair,,"at an unknown location (   South Korea) 
", Unknown (UNK),Military,?,?,,,Fatalities:  / Occupants:  
19530705-0,,Sunday 5 July 1953,,Grumman SA-16B Albatross,United States Air Force - USAF,,,, 51-7158, G-208, ,,,,,Fatalities:  / Occupants: ,Fatalities:  / Occupants: ,,, Damaged beyond repair,,"Persian Gulf (   Saudi Arabia) 
", Unknown (UNK),Military,?,?,,,Fatalities:  / Occupants:  
19530705-1,,Sunday 5 July 1953,,Consolidated PBY-5A Catalina,Adhemar de Barros,,,, PT-AXX, 1599, ,,,,,Fatalities: 0 / Occupants: ,Fatalities: 0 / Occupants: ,,, Damaged beyond repair,,"near Picinguaba Cove, Ubatuba, SP (   Brazil) 
", Takeoff (TOF),Private,"São Paulo-Congonhas Airport, SP (CGH/SBSP), Brazil",?,,,Fatalities: 0 / Occupants: 10 
19530706-0,,Monday 6 July 1953,,Lisunov Li-2,Aeroflot / Tajikistan,,,, CCCP-L4027, 18429905, ,,,,,Fatalities: 4 / Occupants: 4,Fatalities: 3 / Occupants: 3,,, Damaged beyond repair,,"15 km (9.4 mls) NW of Rushan (   Tajikistan) 
", En route (ENR),Domestic Scheduled Passenger,?,?,,,Fatalities: 7 / Occupants: 7 
19530707-0,,Tuesday 7 July 1953,,Consolidated PBY-5A Catalina,United States Coast Guard,,,, 46617, , ,,,,,Fatalities: 3 / Occupants: 6,Fatalities: 0 / Occupants: 0,,, Damaged beyond repair,,"Mississippi River (   United States of America) 
", Unknown (UNK),Military,?,?,,,Fatalities: 3 / Occupants: 6 
19530707-1,,Tuesday 7 July 1953,,Lockheed R7V-1 Super Constellation,United States Navy,,,, 128440, 4107, 1953,,,,,Fatalities: 6 / Occupants: 6,Fatalities: 0 / Occupants: 0,,, Damaged beyond repair,,"15 km (9.4 mls) S of Chestertown, MD (   United States of America) 
", En route (ENR),Military,"Patuxent River NAS, MD (NHK/KNHK), United States of America","Patuxent River NAS, MD (NHK/KNHK), United States of America",,,Fatalities: 6 / Occupants: 6 
19530710-0,,Friday 10 July 1953,,Douglas C-47D (DC-3),United States Air Force - USAF,,,, 43-48803, 26064/14619, 1944,,, 2 Pratt & Whitney R-1830-90,,Fatalities: 4 / Occupants: 4,Fatalities: 6 / Occupants: 6,,Fatalities: 1, Damaged beyond repair,,"1,5 km (0.9 mls) from  Stavanger-Sola Airport (SVG) (   Norway) 
", Approach (APR),Military,?,"Stavanger-Sola Airport (SVG/ENZV), Norway",,,Fatalities: 10 / Occupants: 10 
19530712-0,Final,Sunday 12 July 1953,ca 20:40,Douglas DC-6,Transocean Air Lines,,,, N90806, 42901/153, 1949,6235,, 4 Pratt & Whitney R-2800-CB16,,Fatalities: 8 / Occupants: 8,Fatalities: 50 / Occupants: 50,,, Damaged beyond repair,,"550 km (343.8 mls) E of Wake Island (Pacific Ocean) (   Pacific Ocean) 
", En route (ENR),Int'l Non Scheduled Passenger,"Wake Island Airport (AWK/PAWK), U.S. Minor Outlying Islands","Honolulu International Airport, HI (HNL/PHNL), United States of America", 512,,Fatalities: 58 / Occupants: 58 
19530713-0,,Monday 13 July 1953,,Martin P5M-1 Marlin,United States Navy,,,, 126503, , ,,,,,Fatalities:  / Occupants: ,Fatalities:  / Occupants: ,,, Damaged beyond repair,,"off Cape Henry, VA, USA (   Atlantic Ocean) 
", En route (ENR),Military,"Norfolk NAS Chambers, VA (NGU/KNGU), United States of America",?,,,Fatalities: 7 / Occupants:  
19530714-0,,Tuesday 14 July 1953,17:30,Ford 4-AT-E Tri-Motor,Johnson Flying Service,,,, N8400, 4-AT-62, 1929-04-13  (24 years 3 months),,, 3 Wright J-6-9 Whirlwind,,Fatalities: 2 / Occupants: 2,Fatalities: 0 / Occupants: 0,,, Damaged beyond repair,,"1 km (0.6 mls) E of Basin, MT (   United States of America) 
", Maneuvering (MNV),Agricultural,?,?,,,Fatalities: 2 / Occupants: 2 
19530716-0,,Thursday 16 July 1953,,Douglas C-47B-5-DK (DC-3),South African Air Force - SAAF,,,, 6846, 26116/14671, 1944,,,,,Fatalities: 0 / Occupants: 2,Fatalities: 0 / Occupants: 0,,, Damaged beyond repair,,"Johannesburg-Randgermiston Airport (QRA) (   South Africa) 
", Unknown (UNK),Military,?,?,,,Fatalities: 0 / Occupants: 2 
19530717-0,,Friday 17 July 1953,23:15,Fairchild R4Q-2 Flying Boxcar (C-119F),United States Navy,,,, 131663, 10830, ,,,,,Fatalities: 5 / Occupants: 6,Fatalities: 39 / Occupants: 40,,, Damaged beyond repair,,"near Milton-Whiting Field NAS, FL (NSE) (   United States of America) 
", Initial climb (ICL),Military,"Milton-Whiting Field NAS, FL (NSE/KNSE), United States of America","Norfolk NAS Chambers, VA (NGU/KNGU), United States of America",,,Fatalities: 44 / Occupants: 46 
19530719-0,,Sunday 19 July 1953,,Curtiss C-46F-1-CU Commando,,Southern Air Transport,,United States Air Force - USAF, N1679M, 22573, 1945,,,,,Fatalities: 0 / Occupants: 2,Fatalities: 0 / Occupants: 0,,, Damaged beyond repair,,"Dallas-Love Field, TX (DAL) (   United States of America) 
", Landing (LDG),Cargo,"Miami International Airport, FL (MIA/KMIA), United States of America","Dallas-Love Field, TX (DAL/KDAL), United States of America",,,Fatalities: 0 / Occupants: 2 
19530720-0,,Monday 20 July 1953,,Douglas C-47B-10-DK (DC-3),United States Air Force - USAF,,,, 43-49184, 26445/15000, 1944,,,,,Fatalities:  / Occupants: ,Fatalities:  / Occupants: ,,, Damaged beyond repair,,"19 km (11.9 mls) E of Etah (   Greenland) 
", Unknown (UNK),Military,?,?,,,Fatalities:  / Occupants:  
19530720-1,,Monday 20 July 1953,14:10,Lisunov Li-2,Dalstroi Aviation,,,, CCCP-H1014, 18430308, ,,,,,Fatalities: 0 / Occupants: 5,Fatalities: 0 / Occupants: 11,,, Damaged beyond repair,,"near Zyrianka (   Russia) 
", Takeoff (TOF),Domestic Non Scheduled Passenger,?,?,,,Fatalities: 0 / Occupants: 16 
19530722-0,,Wednesday 22 July 1953,,Canadair C-54GM North Star,Royal Canadian Air Force - RCAF,,,, 17501, 108, 1947-07-14  (6 years ),,, 4 Rolls-Royce Merlin 622,,Fatalities: 0 / Occupants: ,Fatalities: 0 / Occupants: ,,, Damaged beyond repair,,"Rockliffe-CFB Ottawa North, ON (   Canada) 
", Standing (STD),Military,"Rockcliffe RCAF Station, ON (YRO/CYRO), Canada",?,,,Fatalities: 0 / Occupants:  
19530722-1,,Wednesday 22 July 1953,,Handley Page Hastings C.1,Royal Air Force - RAF,,,, TG613, HP67/91, ,,,,,Fatalities: 0 / Occupants: ,Fatalities: 0 / Occupants: ,,, Damaged beyond repair,,"224 km (140 mls) off  Idris, Libya (   Mediterranean Sea) 
", En route (ENR),Military,"Tripoli-Castel Benito Airport (TIP/HLLT), Libya","Habbaniya RAF Station, Iraq",,,Fatalities: 0 / Occupants:  
19530722-2,,Wednesday 22 July 1953,,Douglas C-47A-25-DK (DC-3),Aerolineas Argentinas,,,, LV-ABX, 13435, 1944,,, 2 Pratt & Whitney R-1830-92,,Fatalities:  / Occupants: ,Fatalities:  / Occupants: ,,, Damaged beyond repair,,"Trelew, CB (   Argentina) 
", Unknown (UNK),Unknown,?,?,,,Fatalities:  / Occupants:  
19530722-3,,Wednesday 22 July 1953,,Grumman SA-16A Albatross,United States Air Force - USAF,,,, 51-0475, G-156, ,,,,,Fatalities: 0 / Occupants: ,Fatalities: 0 / Occupants: ,,, Damaged beyond repair,,"19 km (11.9 mls) SE of Bordeaux (   France) 
", En route (ENR),Military,?,?,,,Fatalities: 0 / Occupants:  
19530723-2,,Thursday 23 July 1953,,Junkers Ju-52/3mge,Ministerio de Agricultura,,,, LV-ZBG, 5053, 1934,,,,,Fatalities: 0 / Occupants: 3,Fatalities: 0 / Occupants: 0,,, Damaged beyond repair,,"El Chanar, LR (   Argentina) 
", Maneuvering (MNV),Agricultural,?,?,,,Fatalities: 0 / Occupants: 3 
19530725-0,,Saturday 25 July 1953,,de Havilland DH-106 Comet 1,British Overseas Airways Corporation - BOAC,,,, G-ALYR, 06004, 1951-07-28  (2 years),,,,,Fatalities: 0 / Occupants: 6,Fatalities: 0 / Occupants: 36,,, Damaged beyond repair,,"Calcutta-Dum Dum Airport (CCU) (   India) 
", Taxi (TXI),International Scheduled Passenger,"Calcutta-Dum Dum Airport (CCU/VECC), India","Delhi-Safdarjung Airport (VIDD), India",,,Fatalities: 0 / Occupants: 42 
19530726-0,,Sunday 26 July 1953,,Douglas C-47D (DC-3),United States Air Force - USAF,,,, 43-48930, 26191/14746, 1944,,,,,Fatalities:  / Occupants: ,Fatalities:  / Occupants: ,,, Damaged beyond repair,,"Chunchon Air Base (   South Korea) 
", Standing (STD),Military,?,?,,,Fatalities:  / Occupants:  
19530727-0,,Monday 27 July 1953,ca 12:30,Ilyushin Il-12,Soviet Navy,,,, registration unknown, , ,,,,,Fatalities: 6 / Occupants: 6,Fatalities: 15 / Occupants: 15,,, Damaged beyond repair,,"4 km (2.5 mls) from  Mao-erh-shan (   China) 
", En route (ENR),Military,"Port Artur, China","Vladivostok Airport (VVO/UHWW), Russia",,,Fatalities: 21 / Occupants: 21 
19530727-1,,Monday 27 July 1953,,Handley Page Hastings C.1,Royal Air Force - RAF,,,, TG564, HP67/55, ,,,,,Fatalities: 0 / Occupants: 2,Fatalities: 0 / Occupants: 0,Fatalities: 1,, Damaged beyond repair,,"Hong Kong-Kai Tak International Airport (HKG) (   Hong Kong) 
", Approach (APR),Military,?,"Hong Kong-Kai Tak International Airport (HKG/VHHH), Hong Kong",,,Fatalities: 0 / Occupants: 2 
19530729-0,,Wednesday 29 July 1953,,Vickers Valetta C.1,Royal Air Force - RAF,,,, VW180, 336, 1948-12-31  (4 years 7 months),,, 2 Bristol Hercules 230,,Fatalities: 0 / Occupants: ,Fatalities: 0 / Occupants: ,,, Damaged beyond repair,,"Fayid RAF Station (   Egypt) 
", Landing (LDG),Military,"Fayid RAF Station, Egypt",?,,,Fatalities: 0 / Occupants:  
19530730-0,,Thursday 30 July 1953,,Douglas C-47A-20-DL (DC-3),State of Vietnam,,,, F-VNAD, 9339, 1943,,, 2 Pratt & Whitney R-1830-92,,Fatalities:  / Occupants: ,Fatalities:  / Occupants: ,,, Damaged beyond repair,,"Hanoi-Gia Lam Airport (   Vietnam) 
", Standing (STD),Unknown,?,?,,,Fatalities:  / Occupants:  
19530803-0,Final,Monday 3 August 1953,02:28,Lockheed L-749A Constellation,Air France,,,, F-BAZS, 2628, 1950,10058,, 4 Wright R-3350 (749C18BD1) Cyclone,,Fatalities: 0 / Occupants: 8,Fatalities: 4 / Occupants: 34,,, Damaged beyond repair,,"10 km (6.3 mls) off  Fethiye (   Turkey) 
", En route (ENR),International Scheduled Passenger,"Roma-Ciampino Airport (CIA/LIRA), Italy","Beirut International Airport (BEY/OLBA), Lebanon",AF152,,Fatalities: 4 / Occupants: 42 
19530803-1,,Monday 3 August 1953,22:37 UTC,Douglas C-47-DL (DC-3),Orient Airways,,,, AP-AAD, 9143, 1943,,, 2 Pratt & Whitney R-1830-92,,Fatalities: 0 / Occupants: 4,Fatalities: 1 / Occupants: 21,,, Damaged beyond repair,,"near Sharjah Airport (SHJ) (   United Arab Emirates) 
", En route (ENR),Int'l Non Scheduled Passenger,"Sharjah Airport (SHJ/OMSJ), United Arab Emirates","Bahrain International Airport (BAH/OBBI), Bahrain",,,Fatalities: 1 / Occupants: 25 
19530804-0,,Tuesday 4 August 1953,,Handley Page HPR.1 Marathon 1A,Union of Burma Airways,,,, XY-ACX, 138, 1951,,,,,Fatalities: 0 / Occupants: 3,Fatalities: 0 / Occupants: 18,,, Damaged beyond repair,,"Myaungmya (   Myanmar) 
", Landing (LDG),Scheduled Passenger,?,"Myaungmya, Myanmar",,,Fatalities: 0 / Occupants: 21 
19530804-1,,Tuesday 4 August 1953,,Vickers Valetta C.1,Royal Air Force - RAF,,,, VX515, , 1950,,, 2 Bristol Hercules 230,,Fatalities: 0 / Occupants: ,Fatalities: 0 / Occupants: ,,, Damaged beyond repair,,"Aqaba Airport (AQJ) (   Jordan) 
", Landing (LDG),Military,?,"Aqaba-King Hussein International Airport (AQJ/OJAQ), Jordan",,,Fatalities: 0 / Occupants:  
19530808-1,,Saturday 8 August 1953,,Junkers Ju-52/3m,Ministerio de Agricultura,,,, LV-ZIH, 4061, ,,,,,Fatalities: 0 / Occupants: ,Fatalities: 0 / Occupants: ,,, Damaged beyond repair,,"Tartagal, Salta (   Argentina) 
", Standing (STD),Agricultural,?,?,,,Fatalities: 0 / Occupants:  
19530809-0,,Sunday 9 August 1953,,Fairchild C-119C-22-FA Flying Boxcar,United States Air Force - USAF,,,, 51-2542, 10500, ,,,,,Fatalities: 0 / Occupants: 6,Fatalities: 0 / Occupants: 18,,, Damaged beyond repair,,"48 km (30 mls) S of Gharyan (   Libya) 
", En route (ENR),Military,"Udine Airfield (UDN/LIPD), Italy","Tripoli-Wheelus Air Base (MJI/HLLM), Libya",,,Fatalities: 0 / Occupants: 24 
19530812-0,,Wednesday 12 August 1953,,Douglas R6D-1 (DC-6),United States Navy,,,, 131586, 43689/319, 1953,,,,,Fatalities: 4 / Occupants: 4,Fatalities: 0 / Occupants: 0,,, Damaged beyond repair,,"Springfield-Westover AFB, MA (CEF) (   United States of America) 
", Initial climb (ICL),Military,"Springfield-Westover AFB, MA (CEF/KCEF), United States of America","Springfield-Westover AFB, MA (CEF/KCEF), United States of America",,,Fatalities: 4 / Occupants: 4 
19530812-1,,Wednesday 12 August 1953,,Vickers 610 Viking 1B,British European Airways - BEA,,,, G-AIVG, 220, 1947-05-20  (6 years 3 months),,,,,Fatalities: 0 / Occupants: 4,Fatalities: 0 / Occupants: 30,,, Damaged beyond repair,,"Paris-Le Bourget Airport (LBG) (   France) 
", Takeoff (TOF),International Scheduled Passenger,"Paris-Le Bourget Airport (LBG/LFPB), France",?,,,Fatalities: 0 / Occupants: 34 
19530813-0,,Thursday 13 August 1953,,Lisunov Li-2,"Aeroflot, Moscow Civil Aviation Directorate",,,, CCCP-L4393, 18429206, 1948,6020,,,,Fatalities: 0 / Occupants: 0,Fatalities: 0 / Occupants: 0,,, Damaged beyond repair,,"Moskva-Bykovo Airport (BKA) (   Russia) 
", Standing (STD),-,-,-,,,Fatalities: 0 / Occupants: 0 
19530817-0,,Monday 17 August 1953,,Ford 5-AT-B Tri-Motor,Johnson Flying Service,,,, N69905, 5-AT-40, 1929-04-09  (24 years 5 months),,, 3 Wright R-975-28,,Fatalities: 0 / Occupants: 1,Fatalities: 0 / Occupants: 6,,, Damaged beyond repair,,"Flathead Forest, MT (   United States of America) 
", Unknown (UNK),Parachuting,"Spotted Bear airstrip, MT, United States of America",?,,,Fatalities: 0 / Occupants: 7 
19530818-0,,Tuesday 18 August 1953,,Curtiss C-46A-1-CU Commando,Aerovias Contreras,,,, XA-GOT, 26403, 1943,,, 2 Pratt & Whitney R-2800-51,,Fatalities: 2 / Occupants: 2,Fatalities: 0 / Occupants: 0,,, Damaged beyond repair,,"ESE of San Diego, CA (   United States of America) 
", Unknown (UNK),Cargo,?,?,,,Fatalities: 2 / Occupants: 2 
19530820-0,,Thursday 20 August 1953,,Curtiss C-46A Commando,Companhia Itaú de Transportes Aéreos,,,, PP-ITD, 443, 1945,,,,,Fatalities: 3 / Occupants: 4,Fatalities: 0 / Occupants: 0,,, Damaged beyond repair,,"Corumbá Internacional Airport, MS (CMG) (   Brazil) 
", Initial climb (ICL),Unknown,?,"Corumbá Internacional Airport, MS (CMG/SBCR), Brazil",,,Fatalities: 3 / Occupants: 4 
19530822-0,,Saturday 22 August 1953,,Lisunov Li-2,"Aeroflot, Moscow Civil Aviation Directorate",,,, CCCP-L4157, , ,,,,,Fatalities: 0 / Occupants: 1,Fatalities: 0 / Occupants: 0,,, Damaged beyond repair,,"Moskva-Bykovo Airport (BKA) (   Russia) 
", Takeoff (TOF),Illegal Flight,"Moskva-Bykovo Airport (BKA/UUBB), Russia",-,,,Fatalities: 0 / Occupants: 1 
19530823-0,,Sunday 23 August 1953,20:00,Douglas C-47-DL (DC-3),REAL Transportes Aéreos,,,, PP-YQK, 4732, 1942,,, 2 Pratt & Whitney R-1830-92,,Fatalities: 0 / Occupants: 4,Fatalities: 0 / Occupants: 0,,, Damaged beyond repair,,"6 km (3.8 mls) from  Campo Grande Airport, MS (CGR) (   Brazil) 
", Approach (APR),Cargo,"Presidente Prudente Airport, SP (PPB/SBDN), Brazil","Campo Grande Internacional Airport, MS (CGR/SBCG), Brazil",,,Fatalities: 0 / Occupants: 4 
19530823-1,,Sunday 23 August 1953,,Fairchild C-119B Flying Boxcar,United States Air Force - USAF,,,, 48-348, 10330, ,,,,,Fatalities: 0 / Occupants: ,Fatalities: 0 / Occupants: ,,, Damaged beyond repair,,"5 km (3.1 mls) W off  Laiya (   Philippines) 
", En route (ENR),Military,?,?,,,Fatalities: 0 / Occupants:  
19530824-0,,Monday 24 August 1953,,Boeing C-97G Stratofreighter,United States Air Force - USAF,,,, 50-693, 16237, ,,,,,Fatalities: 1 / Occupants: ,Fatalities: 0 / Occupants: ,,, Damaged beyond repair,,"Keflavík International Airport (KEF) (   Iceland) 
", Landing (LDG),Military,?,"Keflavík International Airport (KEF/BIKF), Iceland",,,Fatalities: 1 / Occupants:  
19530826-0,Final,Wednesday 26 August 1953,,Convair CV-240-0,American Airlines,,,, N94269, 146, ,,,,,Fatalities: 0 / Occupants: 3,Fatalities: 0 / Occupants: 27,,, Substantial, Repaired,"Michigan City, IN (   United States of America) 
", En route (ENR),Domestic Scheduled Passenger,"Chicago-Midway Airport, IL (MDW/KMDW), United States of America","Cleveland-Hopkins International Airport, OH (CLE/KCLE), United States of America",,,Fatalities: 0 / Occupants: 30 
19530826-1,Final,Wednesday 26 August 1953,,Convair CV-340-31,United Airlines,,,, N73133, 70, ,,,,,Fatalities: 0 / Occupants: 3,Fatalities: 0 / Occupants: 24,,, Substantial, Repaired,"Michigan City, IN (   United States of America) 
", En route (ENR),Domestic Scheduled Passenger,"Chicago-Midway Airport, IL (MDW/KMDW), United States of America","Detroit-Willow Run Airport, MI (YIP/KYIP), United States of America",,,Fatalities: 0 / Occupants: 27 
19530899-0,,xx AUG 1953,,Bristol 170 Freighter IA,Fuerza Aérea Argentina - FAA,,,, T-41, 12771, ,,,,,Fatalities:  / Occupants: ,Fatalities:  / Occupants: ,,, Damaged beyond repair,,"at an unknown location (   Unknown country) 
", Unknown (UNK),Military,?,?,,,Fatalities:  / Occupants:  
19530901-0,,Tuesday 1 September 1953,23:30,Lockheed L-749A Constellation,Air France,,,, F-BAZZ, 2674, 1951,,,,,Fatalities: 9 / Occupants: 9,Fatalities: 33 / Occupants: 33,,, Destroyed, Written off (damaged beyond repair),"Mont Le Cimet (   France) 
", En route (ENR),Domestic Scheduled Passenger,"Paris-Orly Airport (ORY/LFPO), France","Nice Airport (NCE/LFMN), France",AF147,,Fatalities: 42 / Occupants: 42 
19530901-1,Final,Tuesday 1 September 1953,ca 18:30,Douglas C-49K (DC-3),Regina Cargo Airlines,,,, N19941, 6333, 1942,8398,, 2 Wright R-1820,,Fatalities: 2 / Occupants: 2,Fatalities: 19 / Occupants: 19,,, Damaged beyond repair,,"19 km (11.9 mls) SE of Vail, WA (   United States of America) 
", En route (ENR),Domestic Non Scheduled Passenger,"Monterey-Fort Ord AFB, CA, United States of America","Tacoma-McChord AFB, WA (TCM/KTCM), United States of America",,,Fatalities: 21 / Occupants: 21 
19530902-0,,Wednesday 2 September 1953,,Douglas C-47A-80-DL (DC-3),United States Air Force - USAF,,,, 43-15267, 19733, 1944,,,,,Fatalities:  / Occupants: ,Fatalities:  / Occupants: ,,, Damaged beyond repair,,"unknown (   Unknown country) 
", Unknown (UNK),Military,?,?,,,Fatalities:  / Occupants:  
19530902-1,,Wednesday 2 September 1953,,Douglas C-47A-DL (DC-3),Força Aérea Brasileira - FAB,,,, 2049, 13862, 1943,,,,,Fatalities: 4 / Occupants: 4,Fatalities: 0 / Occupants: 0,,, Damaged beyond repair,,"off Ilha da Boqueirão, RJ (   Brazil) 
", En route (ENR),Military,"Rio de Janeiro-Galeão International Airport, RJ (GIG/SBGL), Brazil",?,,,Fatalities: 4 / Occupants: 4 
19530906-0,,Sunday 6 September 1953,,Douglas R6D-1 (DC-6),United States Navy,,,, 131583, 43686/308, 1953,,,,,Fatalities: 0 / Occupants: ,Fatalities: 0 / Occupants: ,,, Damaged beyond repair,,"Bermuda-Kindley Field NAS (NWU) (   Bermuda) 
", Landing (LDG),Military,?,"Bermuda-Kindley Field NAS (NWU), Bermuda",,,Fatalities: 0 / Occupants: 50 
19530906-1,Final,Sunday 6 September 1953,02:31,Lockheed L-1049 Super Constellation,Northwest Orient Airlines,,,, N6214C, 4014, 1952,4509,, 4 Wright R-3350 (975C18CB1),,Fatalities: 0 / Occupants: 6,Fatalities: 0 / Occupants: 26,,, Damaged beyond repair,,"Tacoma-McChord AFB, WA (TCM) (   United States of America) 
", Landing (LDG),Domestic Scheduled Passenger,"Seattle/Tacoma International Airport, WA (SEA/KSEA), United States of America","Chicago-O'Hare International Airport, IL (ORD/KORD), United States of America",8,,Fatalities: 0 / Occupants: 32 
19530908-0,,Tuesday 8 September 1953,13:16,Douglas C-47A-30-DK (DC-3),TACA de Honduras,,,, XH-TAR, 25262/13817, 1944,,, 2 Pratt & Whitney R-1830-92,,Fatalities: 3 / Occupants: 3,Fatalities: 0 / Occupants: 0,,, Damaged beyond repair,,"5 km (3.1 mls) from  San Andres (   Honduras) 
", En route (ENR),Cargo,"San Pedro Sula-Ramon Villeda Morales Airport (SAP/MHLM), Honduras","San Andres, Honduras",,,Fatalities: 3 / Occupants: 3 
19530912-0,,Saturday 12 September 1953,,Douglas C-47A-20-DK (DC-3),Força Aérea Brasileira - FAB,,,, 2051, 13109, 1944,,,,,Fatalities: 0 / Occupants: ,Fatalities: 0 / Occupants: ,,, Damaged beyond repair,,"Rio de Janeiro-Santos Dumont Airport, RJ (SDU) (   Brazil) 
", Takeoff (TOF),Military,"Rio de Janeiro-Santos Dumont Airport, RJ (SDU/SBRJ), Brazil",?,,,Fatalities: 0 / Occupants:  
19530913-0,,Sunday 13 September 1953,,Douglas C-47B-1-DL (DC-3),Belgische Luchtmacht,,,, KP-2/OT-CWB, 20741, 1944,,, 2 Pratt & Whitney R-1830-90C,,Fatalities: 0 / Occupants: ,Fatalities: 0 / Occupants: ,,, Damaged beyond repair,,"Luluaba (   Democratic Republic of the Congo) 
", Unknown (UNK),Military,?,?,,,Fatalities: 0 / Occupants:  
19530914-0,,Monday 14 September 1953,,Curtiss C-46A-1-CU Commando,Loide Aéreo Nacional,,,, PP-LDM, 26397, 1943,,, 2 Pratt & Whitney R-2800-51,,Fatalities: 0 / Occupants: 5,Fatalities: 0 / Occupants: 12,,, Damaged beyond repair,,"São Paulo-Congonhas Airport, SP (CGH) (   Brazil) 
", Approach (APR),Unknown,"São Paulo-Congonhas Airport, SP (CGH/SBSP), Brazil",?,,,Fatalities: 0 / Occupants: 17 
19530914-1,,Monday 14 September 1953,,Douglas C-47A-20-DK (DC-3),Transportes Aéreos Mexicanos - TAMSA,,,, XA-GIC, 13113, 1944,,, 2 Pratt & Whitney R-1830-92,,Fatalities: 1 / Occupants: 2,Fatalities: 0 / Occupants: 0,,, Damaged beyond repair,,"Chablekal (   Mexico) 
", Approach (APR),Cargo,"Campeche International Airport (CPE/MMCP), Mexico","Mérida-Rejon Airport (MID/MMMD), Mexico",,,Fatalities: 1 / Occupants: 2 
19530914-2,,Monday 14 September 1953,,Douglas C-47D (DC-3),United States Air Force - USAF,,,, 43-16270, 20736, 1944,,,,,Fatalities:  / Occupants: ,Fatalities:  / Occupants: ,,, Damaged beyond repair,,"unknown (   Unknown country) 
", Unknown (UNK),Military,?,?,,,Fatalities:  / Occupants:  
19530916-0,Final,Wednesday 16 September 1953,08:34,Convair CV-240-0,American Airlines,,,, N94255, 116, 1948,9920,, 2 Pratt & Whitney R-2800-83AM4A,,Fatalities: 3 / Occupants: 3,Fatalities: 25 / Occupants: 25,,, Damaged beyond repair,,"5 km (3.1 mls) SW of Albany Airport, NY (ALB) (   United States of America) 
", Approach (APR),Domestic Scheduled Passenger,"Windsor Locks-Bradley Field, CT (BDL/KBDL), United States of America","Albany Airport, NY (ALB/KALB), United States of America",AA723,,Fatalities: 28 / Occupants: 28 
19530919-0,,Saturday 19 September 1953,,Douglas C-47A-50-DL (DC-3),Avianca,,,, HK-143, 10088, 1943,,, 2 Pratt & Whitney R-1830-92,,Fatalities: 1 / Occupants: 3,Fatalities: 0 / Occupants: 1,,, Damaged beyond repair,,"near San Luis de Palenque Airport (SQE) (   Colombia) 
", Approach (APR),Cargo,"Villavicencio Airport (VVC/SKVV), Colombia","San Luis de Palenque Airport (SQE), Colombia",,,Fatalities: 1 / Occupants: 4 
19530919-1,,Saturday 19 September 1953,,Grumman SA-16B Albatross,United States Air Force - USAF,,,, 51-7171, G-221, ,,,,,Fatalities: 0 / Occupants: ,Fatalities: 0 / Occupants: ,,, Damaged beyond repair,,"off Bermuda (   Bermuda) 
", Unknown (UNK),Military,?,?,,,Fatalities: 0 / Occupants:  
19530922-0,,Tuesday 22 September 1953,14:30,Curtiss C-46F-1-CU Commando,,North Star Airlines,,Caribbean-American Airlines, N1673M, 22460, 1945,,,,,Fatalities: 0 / Occupants: 7,Fatalities: 0 / Occupants: 37,,, Damaged beyond repair,,"0,8 km (0.5 mls) E of Miles City Municipal Airport, MT (MLS) (   United States of America) 
", Landing (LDG),Domestic Non Scheduled Passenger,"Miles City Municipal Airport, MT (MLS/KMLS), United States of America",?,,,Fatalities: 0 / Occupants: 44 
19530925-0,,Friday 25 September 1953,ca 10:10,Douglas C-47A-35-DL (DC-3),Devlet Hava Yollari - DHY,,,, TC-EGE, 9694, 1943,,, 2 Pratt & Whitney R-1830-92,,Fatalities: 4 / Occupants: 5,Fatalities: 1 / Occupants: 16,,, Damaged beyond repair,,"near Ankara (   Turkey) 
", Initial climb (ICL),Domestic Scheduled Passenger,"Ankara-Etimesgut Airport (ANK/LTAD), Turkey","Van Airport (VAN/LTCI), Turkey",,,Fatalities: 5 / Occupants: 21 
19530926-0,,Saturday 26 September 1953,,Vickers Valetta C.1,Royal Air Force - RAF,,,, WD164, 493, 1950-11-13  (2 years 11 months),,, 2 Bristol Hercules 230,,Fatalities: 3 / Occupants: 3,Fatalities: 5 / Occupants: 5,,, Damaged beyond repair,,"8 km (5 mls) NW of Bertam (   Malaysia) 
", Maneuvering (MNV),Military,?,?,,,Fatalities: 8 / Occupants: 8 
19530926-1,,Saturday 26 September 1953,11:10,Canadian Vickers PBV-1A Canso A (PBY-5A),Texaco,,,, HK-1510, CV-257, 1943,,,,,Fatalities: 3 / Occupants: 3,Fatalities: 1 / Occupants: 1,,, Damaged beyond repair,,"N of Guarinocito (   Colombia) 
", En route (ENR),Unknown,?,?,,,Fatalities: 4 / Occupants: 4 
19530926-2,,Saturday 26 September 1953,,Douglas C-47A-40-DL (DC-3),United States Air Force - USAF,,,, 42-24067, 9929, 1943,,,,,Fatalities:  / Occupants: ,Fatalities:  / Occupants: ,,, Damaged beyond repair,,"18 km (11.3 mls) SSW of Prades (   France) 
", En route (ENR),Military,?,?,,,Fatalities: 4 / Occupants: 4 
19530927-0,,Sunday 27 September 1953,,Grumman SA-16B Albatross,United States Air Force - USAF,,,, 51-7149, G-199, ,,,,,Fatalities: 4 / Occupants: 5,Fatalities: 0 / Occupants: 0,,, Damaged beyond repair,,"32 km (20 mls) S off  Jask, Iran [Gulf of Oman] (   Indian Ocean) 
", Unknown (UNK),Military,?,?,,,Fatalities: 4 / Occupants: 5 
19530928-0,Final,Monday 28 September 1953,16:18,Curtiss C-46F-1-CU Commando,,Resort Airlines,,United States Air Force - USAF, N66534, 22384, 1945,6952,, 2 Pratt & Whitney R-2800-75,,Fatalities: 3 / Occupants: 3,Fatalities: 22 / Occupants: 38,,, Damaged beyond repair,,"Louisville-Standiford Field, KY (SDF) (   United States of America) 
", Approach (APR),Domestic Non Scheduled Passenger,"Philadelphia-North Philadelphia Airport, PA (PNE/KPNE), United States of America","Louisville-Standiford Field, KY (SDF/KSDF), United States of America",1081,,Fatalities: 25 / Occupants: 41 
19531009-0,,Friday 9 October 1953,,Handley Page Hastings C.1,Royal Air Force - RAF,,,, TG559, HP67/50, ,,,,,Fatalities: 0 / Occupants: ,Fatalities: 0 / Occupants: ,,, Damaged beyond repair,,"Abingdon RAF Station (ABB) (   United Kingdom) 
", Landing (LDG),Military,?,"Abingdon RAF Station (ABB/EGUD), United Kingdom",,,Fatalities: 0 / Occupants:  
19531009-1,,Friday 9 October 1953,,Lockheed P2V-5 Neptune,United States Navy,,,, 124901, , ,,,,,Fatalities:  / Occupants: ,Fatalities:  / Occupants: ,,, Damaged beyond repair,,"off Keflavík (   Iceland) 
", Unknown (UNK),Military,?,?,,,Fatalities: 9 / Occupants:  
19531010-0,,Saturday 10 October 1953,,Lockheed P2V-3 Neptune,United States Navy,,,, 122935, , ,,,,,Fatalities: 0 / Occupants: ,Fatalities: 0 / Occupants: ,,, Damaged beyond repair,,"off Port Lyautey NAS (NNA) (   Morocco) 
", Unknown (UNK),Military,"Port Lyautey NAS (NNA/GMMY), Morocco",?,,,Fatalities: 0 / Occupants:  
19531012-0,,Monday 12 October 1953,,Vickers Valetta C.1,Royal Air Force - RAF,,,, VW804, 365, 1949-04-08  (4 years 6 months),,, 2 Bristol Hercules 230,,Fatalities: 0 / Occupants: ,Fatalities: 0 / Occupants: ,,, Damaged beyond repair,,"Aqaba Airport (AQJ) (   Jordan) 
", Landing (LDG),Military,?,?,,,Fatalities: 0 / Occupants:  
19531013-0,,Tuesday 13 October 1953,,SNCASO SO.30P Bretagne,Air Maroc,,,, F-DABD, 34, ,,, 2 Pratt & Whitney R-2800,,Fatalities: 0 / Occupants: ,Fatalities: 1 / Occupants: ,,, Damaged beyond repair,,"near Tangier Airport (TNG) (   Morocco) 
", Initial climb (ICL),Unknown,"Tangier Airport (TNG/GMTT), Morocco","Casablanca (unknown airport), Morocco",,,Fatalities: 1 / Occupants:  
19531014-0,,Wednesday 14 October 1953,ca 15:20,Convair CV-240-12,Sabena,,,, OO-AWQ, 154, 1949,,,,,Fatalities: 4 / Occupants: 4,Fatalities: 40 / Occupants: 40,,, Damaged beyond repair,,"ca 1 km N of Frankfurt International Airport (FRA) (   Germany) 
", Initial climb (ICL),International Scheduled Passenger,"Frankfurt International Airport (FRA/EDDF), Germany","Brussel-Zaventem Airport (BRU/EBBR), Belgium",,,Fatalities: 44 / Occupants: 44 
19531014-1,,Wednesday 14 October 1953,00:40,Ilyushin Il-12,"Aeroflot, East Siberia Civil Aviation Directorate",,,, CCCP-L1727, 93013217, ,,,,,Fatalities: 4 / Occupants: 6,Fatalities: 0 / Occupants: 22,,, Damaged beyond repair,,"2,5 km (1.6 mls) from  Irkutsk Airport (IKT) (   Russia) 
", Initial climb (ICL),Domestic Scheduled Passenger,"Irkutsk Airport (IKT/UIII), Russia",?,,,Fatalities: 4 / Occupants: 28 
