Identifiant:,Status:,Date:,Time:,Type:,Operator:,Operating for:,On behalf of:,Leased from:,Registration:,C/n / msn:,First flight:,Total airframe hrs:,Year built:,Engines:,Cycles:,Crew:,Passengers:,Ground casualties:,Collision casualties:,Aircraft damage:,Aircraft fate:,Location:,Phase:,Nature:,Departure airport:,Destination airport:,Flightnumber:,Probable cause:,Total:
19630101-0,,Tuesday 1 January 1963,,Fairchild C-119 Flying Boxcar,Indian Air Force - IAF,,,, registration unknown, , ,,,,,Fatalities:  / Occupants: ,Fatalities:  / Occupants: ,,, Damaged beyond repair,,"Banhilal (   India) 
", Unknown (UNK),Military,?,?,,,Fatalities: 2 / Occupants: 2 
19630107-0,,Monday 7 January 1963,,Lockheed P-2H Neptune,United States Navy,,,, 140966, 726-7068, ,,,,,Fatalities: 0 / Occupants: ,Fatalities: 0 / Occupants: ,,, Damaged beyond repair,,"off Alameda NAS, CA (NGZ) (   United States of America) 
", Unknown (UNK),Military,"Alameda NAS, CA (NGZ/KNGZ), United States of America",?,,,Fatalities: 0 / Occupants:  
19630110-0,,Thursday 10 January 1963,,Lockheed P-2H Neptune,United States Navy,,,, 135559, 726-7016, ,,,,,Fatalities: 7 / Occupants: 12,Fatalities: 0 / Occupants: 0,,, Damaged beyond repair,,"Kodiak NAS, AK (ADQ) (   United States of America) 
", Approach (APR),Military,?,"Kodiak NAS, AK (ADQ/PADQ), United States of America",,,Fatalities: 7 / Occupants: 12 
19630111-0,,Friday 11 January 1963,,Curtiss C-46E-1-CS Commando,Maritime Central Airways,,,, CF-HTI,  2932, 1945,,,,,Fatalities: 0 / Occupants: 0,Fatalities: 0 / Occupants: 0,,, Destroyed, Written off (damaged beyond repair),"Moncton-Metropolitan Area Airport, NB (YQM) (   Canada) 
", Standing (STD),-,-,-,,,Fatalities: 0 / Occupants: 0 
19630111-1,,Friday 11 January 1963,ca 11:00,Lockheed L-749A Constellation,Secrétariat Général à lAviation Civile (SGAC),,,, F-BAZM, 2545, 1947,,,,,Fatalities: 12 / Occupants: 12,Fatalities: 0 / Occupants: 0,,, Destroyed, Written off (damaged beyond repair),"near Périllos (   France) 
", En route (ENR),Training,"Toulouse-Francazal Air Base (BA 101) (LFBF), France","Toulouse-Francazal Air Base (BA 101) (LFBF), France",,,Fatalities: 12 / Occupants: 12 
19630113-0,Final,Sunday 13 January 1963,02:33,Fairchild C-123B Provider,United States Air Force - USAF,,,, 54-0589, 20038, ,,,,,Fatalities: 0 / Occupants: 0,Fatalities: 0 / Occupants: 0,,, Substantial, Repaired,"Memphis Municipal Airport, TN (MEM) (   United States of America) 
", Standing (STD),Military,-,-,,,Fatalities: 0 / Occupants: 0 
19630113-1,Final,Sunday 13 January 1963,02:33,Douglas DC-7,United States Air Force - USAF,,,, N4875C, 44679/526, 1954,,,,,Fatalities: 1 / Occupants: 5,Fatalities: 0 / Occupants: 0,,, Substantial, Repaired,"Memphis Municipal Airport, TN (MEM) (   United States of America) 
", Taxi (TXI),Ferry/positioning,"Memphis Municipal Airport, TN (MEM/KMEM), United States of America",?,,,Fatalities: 1 / Occupants: 5 
19630115-0,Preliminary - official,Tuesday 15 January 1963,,Douglas DC-6A,Cunard Eagle Airways,,,, G-APON, 45058/662, 1956,,,,,Fatalities: 0 / Occupants: 7,Fatalities: 0 / Occupants: 0,,, Substantial, Repaired,"Colombo-Katunayake International Airport (CMB) (   Sri Lanka) 
", Landing (LDG),Cargo,"Aden International Airport (ADE/ODAA), Yemen","Colombo-Katunayake International Airport (CMB/VCBI), Sri Lanka",,,Fatalities: 0 / Occupants: 7 
19630115-1,,Tuesday 15 January 1963,16:12,Convair CV-240-0,Cruzeiro do Sul,,,, PP-CEV,   6, 1948,,,,,Fatalities: 1 / Occupants: 5,Fatalities: 5 / Occupants: 40,Fatalities: 7,, Damaged beyond repair,,"4 km (2.5 mls) S of São Paulo-Congonhas Airport, SP (CGH) (   Brazil) 
", Initial climb (ICL),Domestic Scheduled Passenger,"São Paulo-Congonhas Airport, SP (CGH/SBSP), Brazil","Rio de Janeiro (unknown airport), RJ, Brazil",,,Fatalities: 6 / Occupants: 45 
19630117-0,Final,Thursday 17 January 1963,15:53,Fairchild F-27,West Coast Airlines,,,, N2703,   6, 1958,11708,, 2 Rolls-Royce Dart 511,,Fatalities: 3 / Occupants: 3,Fatalities: 0 / Occupants: 0,,, Destroyed, Written off (damaged beyond repair),"Great Salt Lake, UT (   United States of America) 
", Maneuvering (MNV),Training,"Salt Lake City Municipal Airport, UT (SLC/KSLC), United States of America","Salt Lake City Municipal Airport, UT (SLC/KSLC), United States of America", 703,,Fatalities: 3 / Occupants: 3 
19630117-1,,Thursday 17 January 1963,,Scottish Aviation Twin Pioneer 1,Bristow Helicopters,,,, G-APLN, 526, 1958-04-13  (4 years 9 months),,, 2 Alvis Leonides 514,,Fatalities: 0 / Occupants: 3,Fatalities: 0 / Occupants: 0,,, Damaged beyond repair,,"22 km (13.8 mls) off  Chepbeica (   Morocco) 
", En route (ENR),Ferry/positioning,"Marrakech-Menara Airport (RAK/GMMX), Morocco","Puerto del Rosario Airport, Canary Islands/Fuerteventura Island (FUE/GCFV), Spain",,,Fatalities: 0 / Occupants: 3 
19630122-0,,Tuesday 22 January 1963,,Convair CV-340-59,Cruzeiro do Sul,,,, PP-CDY, 166, 1954,,,,,Fatalities: 0 / Occupants: 3,Fatalities: 0 / Occupants: 6,,, Damaged beyond repair,,"Parnaiba Airport, PI (PHB) (   Brazil) 
", Landing (LDG),Passenger,?,"Parnaíba-Santos Dumont Airport, PI (PHB/SBPB), Brazil",,,Fatalities: 0 / Occupants: 9 
19630122-1,,Tuesday 22 January 1963,,Douglas C-54E-15-DO (DC-4),Força Aérea Portuguesa,,,, 6601, 27351, 1945,,,,,Fatalities: 0 / Occupants: 7,Fatalities: 3 / Occupants: 7,,, Damaged beyond repair,,"15 km (9.4 mls) SW off  Las Palmas, Islas Canarias (   Spain) 
", Approach (APR),Military,?,"Las Palmas-Gando Air Base (LPA/GCLP), Spain",,,Fatalities: 3 / Occupants: 14 
19630125-0,Final,Friday 25 January 1963,,Douglas Dakota III (DC-3),British United Airways - BUA,,,, G-AMJU, 25925/14480, 1944,,,,,Fatalities: 0 / Occupants: 3,Fatalities: 0 / Occupants: 6,,, Substantial, Repaired,"Blackpool Airport (BLK) (   United Kingdom) 
", Landing (LDG),Domestic Scheduled Passenger,"Newcastle Airport (NCL/EGNT), United Kingdom","Blackpool Airport (BLK/EGNH), United Kingdom",,,Fatalities: 0 / Occupants: 9 
19630126-0,,Saturday 26 January 1963,,Curtiss C-46F-1-CU Commando,Skyvan Airways,,,, N67933, 22380, 1945,,,,,Fatalities: 1 / Occupants: 2,Fatalities: 0 / Occupants: 0,,, Damaged beyond repair,,"Cape Lisburne AFB, AK (   United States of America) 
", Approach (APR),Cargo,"Kotzebue Airport, AK (OTZ/PAOT), United States of America","Cape Lisburne Airport, AK (LUR/PALU), United States of America",,,Fatalities: 1 / Occupants: 2 
19630129-0,Final,Tuesday 29 January 1963,22:44,Vickers 812 Viscount,Continental Air Lines,,,, N242V, 356, 1958,12860,,,,Fatalities: 3 / Occupants: 3,Fatalities: 5 / Occupants: 5,,, Damaged beyond repair,,"Kansas City Downtown Municipal Airport, MO (MKC) (   United States of America) 
", Approach (APR),Domestic Scheduled Passenger,"Midland Air Terminal, TX (MAF/KMAF), United States of America","Kansas City Downtown Municipal Airport, MO (MKC/KMKC), United States of America", 290,,Fatalities: 8 / Occupants: 8 
19630130-0,,Wednesday 30 January 1963,,Lockheed P-3A Orion,United States Navy,,,, 149672, 185-5013, 1962,,,,,Fatalities: 14 / Occupants: 14,Fatalities: 0 / Occupants: 0,,, Missing, Presumed damaged beyond repair,"370 km (231.3 mls) SE off  New York, NJ, USA (   Atlantic Ocean) 
", En route (ENR),Military,"Patuxent River NAS, MD (NHK/KNHK), United States of America","Patuxent River NAS, MD (NHK/KNHK), United States of America",,,Fatalities: 14 / Occupants: 14 
19630201-0,Final,Friday 1 February 1963,13:13 UTC,Vickers 754D Viscount,Middle East Airlines - MEA,,,, OD-ADE, 244, 1957-11-24  (5 years 2 months),13187,, 4 Rolls-Royce Dart 510,5515,Fatalities: 3 / Occupants: 3,Fatalities: 11 / Occupants: 11,Fatalities: 87,Fatalities: 3, Destroyed, Written off (damaged beyond repair),"Ulus District, Ankara (   Turkey) 
", Approach (APR),International Scheduled Passenger,"Nicosia Airport (NIC/LCNC), Cyprus","Ankara-Esenboga Airport (ESB/LTAC), Turkey",ME265,,Fatalities: 14 / Occupants: 14 
19630201-1,Final,Friday 1 February 1963,13:13 UTC,Douglas C-47A-80-DL (DC-3),Türk Hava Kuvvetleri (Turkish Air Force),,,, CBK-28, 19668, 1944,2340,,,,Fatalities: 3 / Occupants: 3,Fatalities: 0 / Occupants: 0,,Fatalities: 14, Destroyed, Written off (damaged beyond repair),"Ulus District, Ankara (   Turkey) 
", En route (ENR),Military,"Ankara-Etimesgut Air Base (ANK/LTAD), Turkey","Ankara-Etimesgut Air Base (ANK/LTAD), Turkey",,,Fatalities: 3 / Occupants: 3 
19630203-0,,Sunday 3 February 1963,12:07,Lockheed L-1049H Super Constellation,Slick Airways,,,, N9740Z, 4851, 1958,4258,,,,Fatalities: 2 / Occupants: 3,Fatalities: 2 / Occupants: 5,,, Damaged beyond repair,,"San Francisco International Airport, CA (SFO) (   United States of America) 
", Approach (APR),Cargo,"Albuquerque-Kirtland AFB, NM (ABQ/KABQ), United States of America","San Francisco International Airport, CA (SFO/KSFO), United States of America",  40Z,,Fatalities: 4 / Occupants: 8 
19630204-0,,Monday 4 February 1963,,Convair C-131E (CV-440),United States Air Force - USAF,,,, 55-4758, 345, 1956,,,,,Fatalities: 1 / Occupants: ,Fatalities: 0 / Occupants: ,,, Damaged beyond repair,,"6,5 km (4.1 mls) SE of Ogden-Hill AFB, UT (HIF) (   United States of America) 
", Initial climb (ICL),Military,?,"San Bernardino-Norton AFB, CA (SBD/KSBD), United States of America",,,Fatalities: 1 / Occupants: 20 
19630208-0,Final,Friday 8 February 1963,,Vickers 708 Viscount,British United Airways - BUA,,,, G-ARBY,  10, 1953-05-27  (9 years 9 months),,, 4 Rolls-Royce Dart 505,,Fatalities: 0 / Occupants: 2,Fatalities: 0 / Occupants: 0,,, Substantial, Repaired,"London-Gatwick Airport (LGW) (   United Kingdom) 
", Landing (LDG),Cargo,"Paris-Le Bourget Airport (LBG/LFPB), France","London-Gatwick Airport (LGW/EGKK), United Kingdom",,,Fatalities: 0 / Occupants: 2 
19630208-1,,Friday 8 February 1963,,Antonov An-10A,"Aeroflot, Komi Civil Aviation Directorate",,,, CCCP-11193, 0402104, 1960,2156,, 4 Ivchenko AI-20K,1158,Fatalities: 7 / Occupants: 7,Fatalities: 0 / Occupants: 0,,, Damaged beyond repair,,"10,2 km (6.4 mls) E of Syktyvkar Airport (SCW) (   Russia) 
", En route (ENR),Training,"Syktyvkar Airport (SCW/UUYY), Russia","Syktyvkar Airport (SCW/UUYY), Russia",,,Fatalities: 7 / Occupants: 7 
19630212-0,Final,Tuesday 12 February 1963,13:50,Boeing 720-051B,Northwest Orient Airlines,,,, N724US, 18354/224, 1962-04-17  (10 months),4685,, 4 Pratt & Whitney JT3D-1,,Fatalities: 8 / Occupants: 8,Fatalities: 35 / Occupants: 35,,, Destroyed, Written off (damaged beyond repair),"Everglades, FL (   United States of America) 
", En route (ENR),International Scheduled Passenger,"Miami International Airport, FL (MIA/KMIA), United States of America","Chicago-O'Hare International Airport, IL (ORD/KORD), United States of America", 705,,Fatalities: 43 / Occupants: 43 
19630214-0,,Thursday 14 February 1963,,Scottish Aviation Twin Pioneer CC.1,Royal Air Force - RAF,,,, XN318, 573, 1959-05-29  (3 years 9 months),,, 2 Alvis Leonides 514,,Fatalities:  / Occupants: ,Fatalities:  / Occupants: ,,, Damaged beyond repair,,"9,6 km (6 mls) N of Long Semodo (   Malaysia) 
", Unknown (UNK),Military,?,?,,,Fatalities: 5 / Occupants: 5 
19630215-0,,Friday 15 February 1963,,Nord 2501 Noratlas,L'Armée de L'Air,,,, 45, 45, ,,, 2 Bristol Hercules 739,,Fatalities: 0 / Occupants: ,Fatalities: 0 / Occupants: ,,, Damaged beyond repair,,"Fort-Lamy Airport (NDJ) (   Chad) 
", Standing (STD),Military,-,-,,,Fatalities: 0 / Occupants:  
19630216-0,,Saturday 16 February 1963,18:26,Curtiss C-46F-1-CU Commando,Zantop Air Transport,,,, N616Z, 22590, 1945,17683,,,,Fatalities: 0 / Occupants: 2,Fatalities: 0 / Occupants: 0,,, Damaged beyond repair,,"Puyallup, WA (   United States of America) 
", Approach (APR),Cargo,"Tacoma-McChord AFB, WA (TCM/KTCM), United States of America","Great Falls-Malmstrom AFB, MT (GFA/KGFA), United States of America",  60-16,,Fatalities: 0 / Occupants: 2 
19630226-0,,Tuesday 26 February 1963,08:55 MSK,Ilyushin Il-18V,Aeroflot / Polar,,,, CCCP-75732, 181002601, 1960,2105,, 4 Ivchenko AI-20,,Fatalities: 8 / Occupants: 8,Fatalities: 2 / Occupants: 2,,, Destroyed, Written off (damaged beyond repair),"Bukhta Yemlinskaya, Shelikhov Gulf (   Russia) 
", En route (ENR),Cargo,"Anadyr Airport (DYR/UHMA), Russia","Magadan Airport (GDX/UHMM), Russia",,,Fatalities: 10 / Occupants: 10 
19630227-0,,Wednesday 27 February 1963,,Boeing KC-135A Stratotanker,United States Air Force - USAF,,,, 56-3597, 17346/36, 1957-12-10  (5 years 3 months),,, 4 Pratt & Whitney J57-P,,Fatalities: 7 / Occupants: 7,Fatalities: 0 / Occupants: 0,Fatalities: 2,, Destroyed, Written off (damaged beyond repair),"Fairbanks-Eielson AFB, AK (EIL) (   United States of America) 
", Initial climb (ICL),Military,"Fairbanks-Eielson AFB, AK (EIL/PAEI), United States of America","Fairbanks-Eielson AFB, AK (EIL/PAEI), United States of America",,,Fatalities: 7 / Occupants: 7 
19630302-0,,Saturday 2 March 1963,,Douglas C-47B-30-DK (DC-3),Philippine Air Lines,,,, PI-C489, 32863/16115, 1945,,, 2 Pratt & Whitney R-1830-90C,,Fatalities: 3 / Occupants: 3,Fatalities: 24 / Occupants: 24,,, Damaged beyond repair,,"Mt. Boca (   Philippines) 
", En route (ENR),Domestic Scheduled Passenger,"Cotabato-Awang Airport (CBO/RPMC), Philippines","Davao City-Francisco Bangoy International Airport (DVO/RPMD), Philippines", 984,,Fatalities: 27 / Occupants: 27 
19630303-0,,Sunday 3 March 1963,,Douglas C-47D (DC-3),United States Air Force - USAF,,,, 43-49238, 26499/15054, 1944,,,,,Fatalities:  / Occupants: ,Fatalities:  / Occupants: ,,, Damaged beyond repair,,"at an unknown location (   Unknown country) 
", Unknown (UNK),Military,?,?,,,Fatalities:  / Occupants:  
19630304-0,,Monday 4 March 1963,,Douglas DC-3A-191,Flugtransport,,,, N16067, 1907, 1937,,, 2 Pratt & Whitney R-1830,,Fatalities: 0 / Occupants: ,Fatalities: 0 / Occupants: ,,, Damaged beyond repair,,"Herzogenaurach Airport (   Germany) 
", Landing (LDG),Unknown,?,"Herzogenaurach Airport (EDQH), Germany",,,Fatalities: 0 / Occupants:  
19630304-1,,Monday 4 March 1963,,Douglas C-47A-DL (DC-3),United States Air Force - USAF,,,, 43-30655, 13806, 1944,,, 2 Pratt & Whitney R-1830-92,,Fatalities: 0 / Occupants: ,Fatalities: 0 / Occupants: ,,, Damaged beyond repair,,"Bentwaters RAF Station (BWY) (   United Kingdom) 
", Taxi (TXI),Military,-,-,,,Fatalities: 0 / Occupants:  
19630305-0,,Tuesday 5 March 1963,19:34,Ilyushin Il-18V,Aeroflot / Turkmenistan,,,, CCCP-75765, 181003404, 1961,2098,, 4 Ivchenko AI-20,1213,Fatalities: 8 / Occupants: 11,Fatalities: 4 / Occupants: 43,,, Damaged beyond repair,,"Ashgabat Airport (ASB) (   Turkmenistan) 
", Approach (APR),Domestic Scheduled Passenger,"Krasnovodsk Airport (KRW/UTAK), Turkmenistan","Ashgabat Airport (ASB/UTAA), Turkmenistan", 191,,Fatalities: 12 / Occupants: 54 
19630312-0,,Tuesday 12 March 1963,,Antonov An-6,Polyarnaya Aviatsiya,,,, CCCP-04342, 110547318 ?, ,,, 1 Shvetsov Ash-62IR/TK,,Fatalities: 0 / Occupants: 0,Fatalities: 0 / Occupants: 0,,, Damaged beyond repair,,"near Richardson Lakes (   Antarctica) 
", Standing (STD),-,-,-,,,Fatalities: 0 / Occupants: 0 
19630312-1,,Tuesday 12 March 1963,,Antonov An-6,Aeroflot / Polar,,,, CCCP-98341, 110447314, 1958,,, 1 Shvetsov Ash-62IR/TK,,Fatalities: 0 / Occupants: 0,Fatalities: 0 / Occupants: 0,,, Damaged beyond repair,,"near Richardson Lakes (   Antarctica) 
", Standing (STD),-,-,-,,,Fatalities: 0 / Occupants: 0 
19630313-0,,Wednesday 13 March 1963,,Scottish Aviation Twin Pioneer CC.2,Royal Air Force - RAF,,,, XM290, 544, 1958-09-09  (4 years 6 months),,, 2 Alvis Leonides 514,,Fatalities: 0 / Occupants: ,Fatalities: 0 / Occupants: ,,, Damaged beyond repair,,"Kalimikui (   Kenya) 
", Landing (LDG),Military,?,"Kalimikui, Kenya",,,Fatalities: 0 / Occupants:  
19630313-2,,Wednesday 13 March 1963,c. 10:00,Junkers Ju-52/3m,Força Aérea Portuguesa,,,, registration unknown, , ,,,,,Fatalities: 0 / Occupants: ,Fatalities: 0 / Occupants: ,,, Damaged beyond repair,,"Monte Real Air Base (   Portugal) 
", Takeoff (TOF),Military,"Monte Real Air Base (LPMR), Portugal",?,,,Fatalities: 0 / Occupants: 7 
19630315-0,,Friday 15 March 1963,05:40 UTC,Avro 685 York C.1,Trans Mediterranean Airways - TMA,,,, OD-ACZ, 1218, 1945,,, 4 Rolls-Royce Merlin,,Fatalities: 4 / Occupants: 4,Fatalities: 0 / Occupants: 0,,, Damaged beyond repair,,"11 km (6.9 mls) SE of Karaj (   Iran) 
", En route (ENR),Cargo,"Tehran-Mehrabad Airport (THR/OIII), Iran","Beirut International Airport (BEY/OLBA), Lebanon",,,Fatalities: 4 / Occupants: 4 
19630315-1,,Friday 15 March 1963,ca 13:55,Douglas DC-6B,Lloyd Aéreo Boliviano - LAB,,,, CP-707, 43547/204, 1951,,, 4 Pratt & Whitney R-2800,,Fatalities: 3 / Occupants: 3,Fatalities: 36 / Occupants: 36,,, Damaged beyond repair,,"near Tacora Volcano (   Peru) 
", En route (ENR),International Scheduled Passenger,"Arica-Chacalluta Airport (ARI/SCAR), Chile","La Paz-El Alto Airport (LPB/SLLP), Bolivia", 915,,Fatalities: 39 / Occupants: 39 
19630315-2,,Friday 15 March 1963,,Douglas C-117D (DC-3),United States Navy,,,, 17158, 43368, 1944,,,,,Fatalities: 0 / Occupants: 3,Fatalities: 0 / Occupants: 30,,, Damaged beyond repair,,"Memphis NAS, TN (NQA) (   United States of America) 
", Landing (LDG),Military,"Saint Louis-Lambert International Airport, MO (STL/KSTL), United States of America","Memphis NAS, TN (NQA/KNQA), United States of America",,,Fatalities: 0 / Occupants: 33 
19630317-0,Final,Sunday 17 March 1963,,Vickers 802 Viscount,British European Airways - BEA,,,, G-AOHO, 164, 1957-04-26  (5 years 11 months),,, 4 Rolls-Royce Dart 510,,Fatalities: 0 / Occupants: 4,Fatalities: 0 / Occupants: 33,,, Substantial, Repaired,"Berlin-Tegel Airport (TXL) (   Germany) 
", Landing (LDG),International Scheduled Passenger,"Hannover Airport (HAJ/EDDV), Germany","Berlin-Tempelhof Airport (THF/EDDI), Germany",,,Fatalities: 0 / Occupants: 37 
19630320-0,,Wednesday 20 March 1963,03:23,de Havilland DH-106 Comet 4C,Saudi Arabian Government,,,, SA-R-7, 6461, 1962,,,,,Fatalities: 9 / Occupants: 9,Fatalities: 9 / Occupants: 9,,, Destroyed, Written off (damaged beyond repair),"30 km (18.8 mls) SW of Cuneo (   Italy) 
", En route (ENR),Official state flight,"Genève-Cointrin Airport (GVA/LSGG), Switzerland","Nice-Côte d'Azur Airport (NCE/LFMN), France",,,Fatalities: 18 / Occupants: 18 
19630327-0,Final,Wednesday 27 March 1963,,Vickers 668 Varsity T.1,,Smiths Aviation,,Royal Air Force - RAF, G-APAZ, 561, 1952,,, 2 Bristol Hercules 264,,Fatalities: 2 / Occupants: 2,Fatalities: 0 / Occupants: 0,,, Damaged beyond repair,,"near Staverton Airport (GLO) (   United Kingdom) 
", En route (ENR),Training,"Staverton Airport (GLO/EGBJ), United Kingdom","Staverton Airport (GLO/EGBJ), United Kingdom",,,Fatalities: 2 / Occupants: 2 
19630329-0,,Friday 29 March 1963,,Douglas DC-3D,Air Congo,,,, 9Q-CUS, 43092, 1944,,,,,Fatalities:  / Occupants: ,Fatalities:  / Occupants: ,,, Damaged beyond repair,,"Kasongo Lunda Airport (KGN) (   Democratic Republic of the Congo) 
", Unknown (UNK),Unknown,?,?,,,Fatalities:  / Occupants:  
19630329-1,Final,Friday 29 March 1963,,Vickers 953 Vanguard,British European Airways - BEA,,,, G-APEJ, 713, 1961,,,,,Fatalities: 0 / Occupants: 7,Fatalities: 0 / Occupants: 43,,, Substantial, Repaired,"Dublin Airport (DUB) (   Ireland) 
", Landing (LDG),International Scheduled Passenger,?,"Dublin Airport (DUB/EIDW), Ireland",,,Fatalities: 0 / Occupants: 50 
19630330-0,,Saturday 30 March 1963,,Douglas C-47B-35-DK (DC-3),Itavia,,,, I-TAVI, 33225/16477, 1945,13941,, 2 Pratt & Whitney R-1830-90C,,Fatalities: 3 / Occupants: 3,Fatalities: 5 / Occupants: 5,,, Damaged beyond repair,,"6,5 km (4.1 mls) NW of Sora (   Italy) 
", En route (ENR),Domestic Scheduled Passenger,"Pescara-Liberi Airport (PSR/LIBP), Italy","Roma-Ciampino Airport (CIA/LIRA), Italy", 703,,Fatalities: 8 / Occupants: 8 
19630330-1,,Saturday 30 March 1963,,Fairchild C-119G Flying Boxcar,Aeronautica Militare Italiana - AMI,,,, MM52-6005, 10863, ,,, 2 Wright R-3350,,Fatalities: 0 / Occupants: ,Fatalities: 0 / Occupants: ,,, Damaged beyond repair,,"Pisa-Arturo dell'Oro Air Base (PSA) (   Italy) 
", Landing (LDG),Military,?,"Pisa-Arturo dell'Oro Air Base (PSA/LIRP), Italy",,,Fatalities: 0 / Occupants:  
19630402-0,,Tuesday 2 April 1963,,Antonov An-12,Aeroflot / Polar,,,, CCCP-11338, 2400504, 1962,,,,,Fatalities: 0 / Occupants: ,Fatalities: 0 / Occupants: ,,, Damaged beyond repair,,"Magadan Airport (GDX) (   Russia) 
", Takeoff (TOF),Unknown,"Magadan Airport (GDX/UHMM), Russia",?,,,Fatalities: 0 / Occupants:  
19630403-0,,Wednesday 3 April 1963,,Douglas C-54A-DO (DC-4),"Armada Argentina, Comando de Aviación Naval",,,, 0290/CTA-2, 3093, 1943,,,,,Fatalities: 0 / Occupants: 0,Fatalities: 0 / Occupants: 0,,, Damaged beyond repair,,"Punta Indio, BA (   Argentina) 
", Standing (STD),Military,-,-,,,Fatalities: 0 / Occupants: 0 
19630403-1,,Wednesday 3 April 1963,,Douglas LC-47A (DC-3),"Armada Argentina, Comando de Aviación Naval",,,, 0281/CTA-12, 12732, 1944,,,,,Fatalities: 0 / Occupants: 0,Fatalities: 0 / Occupants: 0,,, Damaged beyond repair,,"Punta Indio, BA (   Argentina) 
", Standing (STD),Military,-,-,,,Fatalities: 0 / Occupants: 0 
19630404-0,,Thursday 4 April 1963,04:30,Ilyushin Il-18,"Aeroflot, Krasnoyarsk Civil Aviation Directorate",,,, CCCP-75866, 183005901, 1963,154,,,68,Fatalities: 8 / Occupants: 8,Fatalities: 59 / Occupants: 59,,, Destroyed, Written off (damaged beyond repair),"3,5 km (2.2 mls) SW of Urakhcha, Rybnaya Sloboda district, Tatarstan (   Russia) 
", En route (ENR),Domestic Scheduled Passenger,"Moskva-Sheremetyevo Airport (SVO/UUEE), Russia","Krasnoyarsk Airport (KJA/UNKL), Russia",  25,,Fatalities: 67 / Occupants: 67 
19630404-1,- (No safety board investigation),Thursday 4 April 1963,,Grumman G-73 Mallard,Hudson Bay Air Transport,,,, CF-FLC, J-20, 1947,,,,,Fatalities: 0 / Occupants: 0,Fatalities: 0 / Occupants: 0,,, Damaged beyond repair,,"Flin Flon Airport, MB (YFO) (   Canada) 
", Standing (STD),-,-,-,,,Fatalities: 0 / Occupants: 0 
19630407-0,,Sunday 7 April 1963,,Douglas DC-6B,Syrian Arab Airlines,,,, YK-AEB, 43749/317, 1953,,, 4 Pratt & Whitney R-2800,,Fatalities: 0 / Occupants: ,Fatalities: 1 / Occupants: ,,, Damaged beyond repair,,"Hamah (   Syria) 
", Takeoff (TOF),Unknown,"Hamah Airport, Syria",?,,,Fatalities: 1 / Occupants:  
19630407-1,,Sunday 7 April 1963,,Curtiss C-46 Commando,Republic of China Air Force - ROCAF,,,, registration unknown, , ,,,,,Fatalities:  / Occupants: ,Fatalities:  / Occupants: ,,, Damaged beyond repair,,"unknown (   Unknown country) 
", Unknown (UNK),Military,?,?,,,Fatalities:  / Occupants:  
19630408-0,Final,Monday 8 April 1963,,Vickers 806 Viscount,British European Airways - BEA,,,, G-AOYS, 267, 1958-05-24  (4 years 11 months),,, 4 Rolls-Royce Dart 520,,Fatalities: 0 / Occupants: 4,Fatalities: 0 / Occupants: 40,,, Substantial, Repaired,"near Palermo (   Italy) 
", En route (ENR),International Scheduled Passenger,"Malta-Luqa Airport (MLA/LMML), Malta","Roma (unknown airport), Italy",,,Fatalities: 0 / Occupants: 44 
19630408-1,,Monday 8 April 1963,,Douglas DC-7C,Panair do Brasil,,,, PP-PDM, 45124/808, 1957,,,,,Fatalities: 0 / Occupants: 7,Fatalities: 0 / Occupants: 0,,, Damaged beyond repair,,"Rio de Janeiro-Galeão International Airport, RJ (GIG) (   Brazil) 
", Takeoff (TOF),Training,"Rio de Janeiro-Galeão International Airport, RJ (GIG/SBGL), Brazil",?,,,Fatalities: 0 / Occupants: 7 
19630410-0,,Wednesday 10 April 1963,16:12,Douglas C-133B-DL Cargomaster,United States Air Force - USAF,,,, 59-0523, 45574, 1960,,, 4 Pratt & Whitney T34-P-9W,,Fatalities: 9 / Occupants: 9,Fatalities: 0 / Occupants: 0,,, Damaged beyond repair,,"1,2 km (0.8 mls) NE of Fairfield-Travis AFB, CA (SUU) (   United States of America) 
", Approach (APR),Military,"Fairfield-Travis AFB, CA (SUU/KSUU), United States of America","Fairfield-Travis AFB, CA (SUU/KSUU), United States of America",,,Fatalities: 9 / Occupants: 9 
19630412-0,,Friday 12 April 1963,,Fairchild C-123B-18-FA Provider,United States Air Force - USAF,,,, 56-4380, 20264, ,,,,,Fatalities: 3 / Occupants: 3,Fatalities: 0 / Occupants: 0,Fatalities: 2,, Damaged beyond repair,,"Nakhon Phanom (   Thailand) 
", Maneuvering (MNV),Military,"Nakhon Phanom Airport (KOP/VTUW), Thailand",?,,,Fatalities: 3 / Occupants: 3 
19630413-0,,Saturday 13 April 1963,,Blackburn Beverley C.1,Royal Air Force - RAF,,,, XB268, 1011 ?, 1956-03-14  (7 years 1 months),,, 4 Bristol Centaurus 173,,Fatalities: 2 / Occupants: 4,Fatalities: 0 / Occupants: 0,,, Damaged beyond repair,,"near El Adem RAF Station (   Libya) 
", Approach (APR),Military,?,"El Adem RAF Station, Libya",,,Fatalities: 2 / Occupants: 4 
19630413-1,Final,Saturday 13 April 1963,03:04 UTC,Douglas DC-6B,Sterling Airways,,,, OY-EAP, 43750/283, 1952,,, 4 Pratt & Whitney R-2800,,Fatalities: 0 / Occupants: 3,Fatalities: 0 / Occupants: 0,,, Destroyed, Written off (damaged beyond repair),"Kobenhavn-Kastrup Airport (CPH) (   Denmark) 
", Approach (APR),Ferry/positioning,"Las Palmas-Airport de Gran Canaria (LPA/GCLP), Spain","København-Kastrup Airport (CPH/EKCH), Denmark",,,Fatalities: 0 / Occupants: 3 
19630414-0,,Sunday 14 April 1963,11:18 UTC,Vickers 759D Viscount,Icelandair Flugfélag Islands,,,, TF-ISU, 149, 1956,,,,,Fatalities: 4 / Occupants: 4,Fatalities: 8 / Occupants: 8,,, Damaged beyond repair,,"6 km (3.8 mls) W of Oslo-Fornebu Airport (FBU) (   Norway) 
", Approach (APR),International Scheduled Passenger,"København-Kastrup Airport (CPH/EKCH), Denmark","Oslo-Fornebu Airport (FBU/ENFB), Norway",,,Fatalities: 12 / Occupants: 12 
19630418-0,,Thursday 18 April 1963,,Scottish Aviation Twin Pioneer CC.2,Royal Air Force - RAF,,,, XL994, 530, 1958-06-22  (4 years 10 months),,, 2 Alvis Leonides 514,,Fatalities:  / Occupants: ,Fatalities:  / Occupants: ,,, Damaged beyond repair,,"1,6 km (1 mls) W of Bu Hafafa (   United Arab Emirates) 
", Approach (APR),Military,?,"Bu Hafafa Airfield, United Arab Emirates",,,Fatalities: 8 / Occupants:  
19630421-1,,Sunday 21 April 1963,,Douglas C-47A-80-DL (DC-3),Ejército del Aire,,,, T.3-44, 19750, 1944,,,,,Fatalities:  / Occupants: ,Fatalities:  / Occupants: ,,, Missing, Presumed damaged beyond repair,"off Fuerteventura (   Spain) 
", En route (ENR),Military,"Las Palmas-Gando Air Base (LPA/GCLP), Spain","Albacete-Los Llanos Air Base (ABC/LEAB), Spain",,,Fatalities: 7 / Occupants: 7 
19630423-0,,Tuesday 23 April 1963,08:42,de Havilland Canada U-1A Otter (DHC-3),United States Army,,,, 55-3291, 143, 1956,,,,,Fatalities:  / Occupants: ,Fatalities:  / Occupants: ,,, Damaged beyond repair,,"near Masjed Soleyman (   Iran) 
", Takeoff (TOF),Military,"Shahid Asyaee Airport (OIAI), Iran","Tehran/Ghaleh Morghi Airport (OIIG), Iran",,,Fatalities: 3 / Occupants: 3 
19630426-0,,Friday 26 April 1963,,Douglas C-47 (DC-3),United States Air Force - USAF,,,, registration unknown, , ,,,,,Fatalities: 5 / Occupants: 5,Fatalities: 4 / Occupants: 4,,, Damaged beyond repair,,"near Albuquerque, NM (   United States of America) 
", Unknown (UNK),Military,?,?,,,Fatalities: 9 / Occupants: 9 
19630430-0,,Tuesday 30 April 1963,,Douglas DC-3-201E,All Nippon Airways - ANA,,,, JA5039, 3253, 1940,,,,,Fatalities: 0 / Occupants: 2,Fatalities: 0 / Occupants: 0,,, Damaged beyond repair,,"Hachijo Jima Airport (HAC) (   Japan) 
", Unknown (UNK),Unknown,?,?,,,Fatalities: 0 / Occupants: 2 
19630501-0,,Wednesday 1 May 1963,08:50,de Havilland Canada DHC-3 Otter,Nitto Aviation,,,, JA3115, 223, 1958,,,,,Fatalities: 0 / Occupants: 2,Fatalities: 9 / Occupants: 9,,, Damaged beyond repair,,"Awaji-Shima (   Japan) 
", En route (ENR),Passenger,"Osaka-Itami Airport (ITM/RJOO), Japan","Tokushima Airport (TKS/RJOS), Japan",,,Fatalities: 9 / Occupants: 11 
19630503-0,,Friday 3 May 1963,19:40,Convair CV-340-59,Cruzeiro do Sul,,,, PP-CDW, 159, 1954,,,,,Fatalities: 4 / Occupants: 5,Fatalities: 33 / Occupants: 45,,, Destroyed, Written off (damaged beyond repair),"ca 1 km E of São Paulo-Congonhas Airport, SP (CGH) (   Brazil) 
", Approach (APR),Domestic Scheduled Passenger,"São Paulo-Congonhas Airport, SP (CGH/SBSP), Brazil","Rio de Janeiro-Santos Dumont Airport, RJ (SDU/SBRJ), Brazil",,,Fatalities: 37 / Occupants: 50 
19630503-1,,Friday 3 May 1963,13:27 UTC,Douglas DC-6B,Air Afrique,,,, F-BIAO, 45479/996, 1958,,, 4 Pratt & Whitney R-2800,,Fatalities: 7 / Occupants: 7,Fatalities: 48 / Occupants: 48,,, Damaged beyond repair,,"Mt. Cameroon (   Cameroon) 
", En route (ENR),International Scheduled Passenger,"Douala Airport (DLA/FKKD), Cameroon","Lagos/Ikeja International Airport (LOS/DNMM), Nigeria",,,Fatalities: 55 / Occupants: 55 
19630505-0,,Sunday 5 May 1963,06:30,Douglas DC-4,Paraense Transportes Aéreos,,,, PP-BTR, 27237, 1944,,,,,Fatalities: 0 / Occupants: ,Fatalities: 0 / Occupants: ,,, Damaged beyond repair,,"São Paulo-Congonhas Airport (CGH) (   Brazil) 
", Standing (STD),Unknown,?,?,,,Fatalities: 0 / Occupants:  
19630507-0,,Tuesday 7 May 1963,,North American T-39A-1-NA Sabreliner,United States Air Force - USAF,,,, 61-0644, 265-47, ,,,,,Fatalities:  / Occupants: ,Fatalities:  / Occupants: ,,, Damaged beyond repair,,"Camp Springs-Andrews AFB, MD (ADW) (   United States of America) 
", Unknown (UNK),Military,?,?,,,Fatalities:  / Occupants:  
19630510-0,,Friday 10 May 1963,,Douglas DC-3 (R4D-4),All Nippon Airways - ANA,,,, JA5040, 6349, 1942,,,,,Fatalities:  / Occupants: ,Fatalities:  / Occupants: ,,, Damaged beyond repair,,"Sendai (   Japan) 
", Unknown (UNK),Unknown,?,?,,,Fatalities:  / Occupants:  
19630512-0,,Sunday 12 May 1963,,Douglas DC-3,United Arab Airlines - UAA,,,, SU-AJX, , ,,,,,Fatalities: 4 / Occupants: 4,Fatalities: 30 / Occupants: 30,,, Damaged beyond repair,,"Az Zahweyyin (   Egypt) 
", En route (ENR),Domestic Scheduled Passenger,"Cairo International Airport (CAI/HECA), Egypt","Alexandria Airport (ALY/HEAX), Egypt",,,Fatalities: 34 / Occupants: 34 
19630514-0,,Tuesday 14 May 1963,,Scottish Aviation Twin Pioneer 3,Garuda Indonesia Airways,,,, PK-GTC, 579, 1961-05-24  (2 years),,, 2 Alvis Leonides 531,,Fatalities:  / Occupants: ,Fatalities:  / Occupants: ,,, Damaged beyond repair,,"at an unknown location (   Unknown country) 
", Takeoff (TOF),Unknown,?,?,,,Fatalities:  / Occupants:  
19630518-0,,Saturday 18 May 1963,,Tupolev Tu-104B,"Aeroflot, Northern Civil Aviation Directorate",,,, CCCP-42483, 021501, 1960,,, 2 Mikulin AM-3M-500,,Fatalities: 0 / Occupants: ,Fatalities: 0 / Occupants: ,,, Damaged beyond repair,,"1,5 km (0.9 mls) from  Leningrad-Smolnoye Airport (   Russia) 
", Approach (APR),Domestic Scheduled Passenger,?,"Leningrad-Smolnoye Airport (RVH/ULSS), Russia",,,Fatalities: 0 / Occupants:  
19630522-0,,Wednesday 22 May 1963,,Douglas C-47B-5-DK (DC-3),Air Algérie,,,, F-OAVR, 25965/14520, 1944,,, 2 Pratt & Whitney R-1830-90C,,Fatalities:  / Occupants: ,Fatalities:  / Occupants: ,,, Damaged beyond repair,,"Hassi Messaoud Airport (HME) (   Algeria) 
", Unknown (UNK),Unknown,?,?,,,Fatalities:  / Occupants:  
19630528-0,,Tuesday 28 May 1963,,Douglas VC-117A,United States Air Force - USAF,,,, 45-2545, 34129/18584, 1945,,,,,Fatalities:  / Occupants: ,Fatalities:  / Occupants: ,,, Damaged beyond repair,,"at an unknown location (   Unknown country) 
", Unknown (UNK),Military,?,?,,,Fatalities:  / Occupants:  
19630528-1,Final,Tuesday 28 May 1963,17:46,Lockheed L-1049G Super Constellation,Standard Airways,,,, N189S, 4541, 1954,19803,,,,Fatalities: 0 / Occupants: 6,Fatalities: 0 / Occupants: 64,,, Damaged beyond repair,,"Manhattan Municipal, KS (   United States of America) 
", Approach (APR),Domestic Non Scheduled Passenger,"Daggett-Barstow-Daggett Airport, CA (DAG/KDAG), United States of America","Manhattan Municipal Airport, KS (MHK/KMHK), United States of America", 338C,,Fatalities: 0 / Occupants: 70 
19630530-0,,Thursday 30 May 1963,,Convair CV-990-30A-5 Coronado,American Airlines,,,, N5616, 30-10-28, 1962,,, 4 General Electric CJ805-23,,Fatalities: 0 / Occupants: 0,Fatalities: 0 / Occupants: 0,,, Damaged beyond repair,,"Newark International Airport, NJ (EWR) (   United States of America) 
", Standing (STD),-,-,-,,,Fatalities: 0 / Occupants: 0 
19630531-0,,Friday 31 May 1963,,Douglas C-47A-5-DL (DC-3),United States Air Force - USAF,,,, 42-23351, 9213, 1943,,,,,Fatalities:  / Occupants: ,Fatalities:  / Occupants: ,,, Damaged beyond repair,,"unknown (   Unknown country) 
", Standing (STD),Military,-,-,,,Fatalities:  / Occupants:  
19630603-0,,Monday 3 June 1963,,Douglas DC-3 Hiper,Indian Airlines,,,, VT-AUL, 20265, 1944,,, 2 Pratt & Whitney R-2000-D5,,Fatalities: 3 / Occupants: 3,Fatalities: 26 / Occupants: 26,,, Destroyed, Written off (damaged beyond repair),"Sarna (   India) 
", En route (ENR),Domestic Scheduled Passenger,"Amritsar-Raja Sansi Airport (ATQ/VIAR), India","Srinagar Airport (SXR/VISR), India",,,Fatalities: 29 / Occupants: 29 
19630603-1,,Monday 3 June 1963,18:16 UTC,Douglas DC-7CF,Northwest Orient Airlines,,,, N290, 45209/861, 1957,,,,,Fatalities: 6 / Occupants: 6,Fatalities: 95 / Occupants: 95,,, Destroyed, Written off (damaged beyond repair),"292 km (182.5 mls) WSW off  Annette Island, AK, USA (   Pacific Ocean) 
", En route (ENR),Domestic Non Scheduled Passenger,"Tacoma-McChord AFB, WA (TCM/KTCM), United States of America","Anchorage-Elmendorf AFB, AK (EDF/PAED), United States of America", 293,,Fatalities: 101 / Occupants: 101 
19630605-0,,Wednesday 5 June 1963,,Douglas DC-3-201,All Nippon Airways - ANA,,,, JA5027, 1996, 1937,,,,,Fatalities: 0 / Occupants: 2,Fatalities: 0 / Occupants: 0,,, Substantial, Repaired,"Osaka-Itami Airport (ITM) (   Japan) 
", Takeoff (TOF),Unknown,"Osaka-Itami Airport (ITM/RJOO), Japan",?,,,Fatalities: 0 / Occupants: 2 
19630610-0,,Monday 10 June 1963,,Douglas C-47A-40-DL (DC-3),Union of Burma Airways,,,, XY-ACS, 9877, 1944,,, 2 Pratt & Whitney R-1830-92,,Fatalities: 5 / Occupants: 5,Fatalities: 15 / Occupants: 15,,, Damaged beyond repair,,"Mt. Kaolokung (   China) 
", Unknown (UNK),Domestic Scheduled Passenger,"Yangon-Mingaladon Airport (RGN/VYYY), Myanmar","Putao Airport (PBU/VYPT), Myanmar",,,Fatalities: 20 / Occupants: 20 
19630616-0,,Sunday 16 June 1963,,VEB 14P,Tarom,,,, YR-ILL, 14803072, ,,,,,Fatalities: 4 / Occupants: 4,Fatalities: 27 / Occupants: 27,,, Damaged beyond repair,,"3 km (1.9 mls) W of Békéssámson (   Hungary) 
", En route (ENR),Int'l Non Scheduled Passenger,"München-Riem Airport (MUC/EDDM), Germany","Constanta-Kogalniceanu Airport (CND/LRCK), Romania",,,Fatalities: 31 / Occupants: 31 
19630616-1,,Sunday 16 June 1963,ca 15:00,Douglas C-47A-75-DL (DC-3),Fuerza Aérea de Chile,,,, 953, 19465, 1944,,, 2 Pratt & Whitney R-1830-92,,Fatalities: 6 / Occupants: 6,Fatalities: 13 / Occupants: 14,,, Damaged beyond repair,,"42 km (26.3 mls) from  Puerto Aisen (   Chile) 
", En route (ENR),Military,"Balmaceda-Teniente Vidal Airport (BBA/SCBA), Chile","Puerto Aysen Airport (WPA/SCAS), Chile",,,Fatalities: 19 / Occupants: 20 
19630616-2,,Sunday 16 June 1963,,Douglas C-47A-90-DL (DC-3),United States Air Force - USAF,,,, 43-15957, 20423, 1944,,,,,Fatalities:  / Occupants: ,Fatalities:  / Occupants: ,,, Damaged beyond repair,,"Aurora-Lowry AFB, CO (   United States of America) 
", Unknown (UNK),Military,?,?,,,Fatalities:  / Occupants:  
19630619-0,,Wednesday 19 June 1963,,Lockheed RB-69A Neptune,Republic of China Air Force - ROCAF,,,, 54-4041, 726-7105, ,,,,,Fatalities: 14 / Occupants: 14,Fatalities: 0 / Occupants: 0,,, Damaged beyond repair,,"Linchuan, Jiangxi (   China) 
", En route (ENR),Military,?,?,,,Fatalities: 14 / Occupants: 14 
19630621-0,,Friday 21 June 1963,,Curtiss C-46A-55-CK Commando,Varig,,,, PP-NBP,   226, 1945,,, 2 Pratt & Whitney R-2800-51,,Fatalities: 0 / Occupants: ,Fatalities: 0 / Occupants: ,,, Damaged beyond repair,,"Brasilia International Airport, DF (BSB) (   Brazil) 
", Landing (LDG),Unknown,?,?,,,Fatalities: 0 / Occupants:  
19630621-1,,Friday 21 June 1963,,Boeing KC-135A Stratotanker,United States Air Force - USAF,,,, 57-1498, 17569/178, 1958-11-08  (4 years 8 months),,, 4 Pratt & Whitney J57-P,,Fatalities: 1 / Occupants: 4,Fatalities: 0 / Occupants: 0,,, Damaged beyond repair,,"9,5 km (5.9 mls) N of Springfield-Westover AFB, MA (CEF) (   United States of America) 
", Approach (APR),Military,"Springfield-Westover AFB, MA (CEF/KCEF), United States of America","Springfield-Westover AFB, MA (CEF/KCEF), United States of America",,,Fatalities: 1 / Occupants: 4 
19630626-0,,Wednesday 26 June 1963,,Kaiser-Frazer C-119G Flying Boxcar,Belgische Luchtmacht,,,, CP-45/OT-CEE, 246, 1952,3172,,,,Fatalities: 5 / Occupants: 5,Fatalities: 33 / Occupants: 42,,, Damaged beyond repair,,"near Detmold (   Germany) 
", Approach (APR),Military,?,"Gütersloh RAF Station (GUT/ETUO), Germany",,,Fatalities: 38 / Occupants: 47 
19630701-0,,Monday 1 July 1963,,Douglas C-47B-20-DK (DC-3),Varig,,,, PP-VBV, 26889/15444, 1944,,, 2 Pratt & Whitney R-1830-90C,,Fatalities: 2 / Occupants: 3,Fatalities: 13 / Occupants: 15,,, Damaged beyond repair,,"near Passo Fundo Airport, RS (PFB) (   Brazil) 
", Approach (APR),Domestic Scheduled Passenger,"Porto Alegre Airport, RS (POA/SBPA), Brazil","Passo Fundo Airport, RS (PFB/SBPF), Brazil",,,Fatalities: 15 / Occupants: 18 
19630701-1,,Monday 1 July 1963,,de Havilland Canada U-1A Otter (DHC-3),United States Army,,,, 58-1706, 321, ,,,,,Fatalities: 1 / Occupants: 1,Fatalities: 0 / Occupants: 0,,, Damaged beyond repair,,"within Vietnam (   Vietnam) 
", Takeoff (TOF),Military,?,?,,,Fatalities: 1 / Occupants: 1 
19630702-0,,Tuesday 2 July 1963,16:49,Martin 4-0-4,Mohawk Airlines,,,, N449A, 14140, 1952,29817,,,,Fatalities: 2 / Occupants: 3,Fatalities: 5 / Occupants: 40,,, Damaged beyond repair,,"Rochester-Monroe County Airport, NY (ROC) (   United States of America) 
", Takeoff (TOF),Domestic Scheduled Passenger,"Rochester-Monroe County Airport, NY (ROC/KROC), United States of America","Newark International Airport, NJ (EWR/KEWR), United States of America", 112,,Fatalities: 7 / Occupants: 43 
19630702-1,,Tuesday 2 July 1963,,Douglas C-47 (DC-3),Fuerza Aérea Colombiana,,,, FAC-678, , ,,,,,Fatalities:  / Occupants: ,Fatalities:  / Occupants: ,,, Damaged beyond repair,,"Tauramena Airport (TAU) (   Colombia) 
", Landing (LDG),Military,"Apiay-Captain Luis F. Gómez Niño Air Base (API/SKAP), Colombia","Tauramena Airport (TAU), Colombia",,,Fatalities: 6 / Occupants: 9 
19630703-0,Final,Wednesday 3 July 1963,09:09,Douglas DC-3C,New Zealand National Airways Corporation - NAC,,,, ZK-AYZ, 26649/15204, 1944,18629,,,,Fatalities: 3 / Occupants: 3,Fatalities: 20 / Occupants: 20,,, Damaged beyond repair,,"near Mt. Ngatamahinerua (   New Zealand) 
", En route (ENR),Domestic Scheduled Passenger,"Whenuapai Air Base (NZWP), New Zealand","Tauranga Airport (TRG/NZTG), New Zealand", 441,,Fatalities: 23 / Occupants: 23 
19630703-1,Final,Wednesday 3 July 1963,19:06,Sud Aviation SE-210 Caravelle VI-N,Aerolineas Argentinas,,,, LV-HGY, 127, 1962,,,,,Fatalities: 0 / Occupants: 7,Fatalities: 0 / Occupants: 63,,, Damaged beyond repair,,"0,3 km (0.2 mls) N of Córdoba-Pajas Blancas Airport, CD (COR) (   Argentina) 
", Approach (APR),Domestic Scheduled Passenger,"Mendoza-El Plumerillo Airport, MD (MDZ/SAME), Argentina","Córdoba-Pajas Blancas Airport, CD (COR/SACO), Argentina", 527/03,,Fatalities: 0 / Occupants: 70 
19630710-0,,Wednesday 10 July 1963,,Douglas C-54A-15-DC (DC-4),Aerovias Panama Airways - APASA,,,, HP-382, 10387, 1944,,,,,Fatalities: 0 / Occupants: 2,Fatalities: 0 / Occupants: 0,,, Damaged beyond repair,,"15 km (9.4 mls) SW off  South Caicos Island (   Turks and Caicos Islands) 
", En route (ENR),Cargo,?,?,,,Fatalities: 0 / Occupants: 2 
19630710-2,,Wednesday 10 July 1963,,Douglas C-47B Dakota 4FP (DC-3),Royal Canadian Air Force - RCAF,,,, KN278, 27214/15769, 1945,,,,,Fatalities: 3 / Occupants: 3,Fatalities: 0 / Occupants: 0,,, Damaged beyond repair,,"Pierce Lake, SK (   Canada) 
", Unknown (UNK),Military,?,?,,,Fatalities: 3 / Occupants: 3 
19630713-0,,Saturday 13 July 1963,05:06,Tupolev Tu-104B,"Aeroflot, East Siberia Civil Aviation Directorate",,,, CCCP-42492, 021605, 1960,2497,, 2 Mikulin AM-3M-500,1138,Fatalities: 8 / Occupants: 8,Fatalities: 25 / Occupants: 27,,, Destroyed, Written off (damaged beyond repair),"2 km (1.3 mls) SE of Irkutsk Airport (IKT) (   Russia) 
", Approach (APR),International Scheduled Passenger,"Beijing-Capital International Airport (PEK/ZBAA), China","Irkutsk Airport (IKT/UIII), Russia", 012,,Fatalities: 33 / Occupants: 35 
19630715-0,,Monday 15 July 1963,,Douglas C-47A-20-DK (DC-3),Air Madagascar,,,, 5R-MAJ, 12813, 1944,,, 2 Pratt & Whitney R-1830-92,,Fatalities: 4 / Occupants: 4,Fatalities: 2 / Occupants: 8,,, Damaged beyond repair,,"Farafangana Airport (RVA) (   Madagascar) 
", Takeoff (TOF),Domestic Scheduled Passenger,"Farafangana Airport (RVA/FMSG), Madagascar",?,,,Fatalities: 6 / Occupants: 12 
19630716-0,,Tuesday 16 July 1963,,Antonov An-12A,Indian Air Force - IAF,,,, BL734, 2401306, 1962,,, 4 Ivchenko AI-20K,,Fatalities:  / Occupants: ,Fatalities:  / Occupants: ,,, Damaged beyond repair,,"near Chandigarh Airport (IXC) (   India) 
", Landing (LDG),Military,?,"Chandigarh Airport (IXC/VICG), India",,,Fatalities: 6 / Occupants:  
19630717-0,,Wednesday 17 July 1963,,Curtiss C-46F-1-CU Commando,Air America,,,, B-148, 22510, 1945,,,,,Fatalities: 6 / Occupants: 6,Fatalities: 0 / Occupants: 0,,, Damaged beyond repair,,"Pak Tha (   Laos) 
", Maneuvering (MNV),Cargo,?,?,,,Fatalities: 6 / Occupants: 6 
19630723-0,,Tuesday 23 July 1963,,Douglas C-47D (DC-3),United States Air Force - USAF,,,, 43-48766, 26027/14582, 1944,,,,,Fatalities:  / Occupants: ,Fatalities:  / Occupants: ,,, Damaged beyond repair,,"at an unknown location (   Unknown country) 
", Unknown (UNK),Military,?,?,,,Fatalities:  / Occupants:  
19630724-0,,Wednesday 24 July 1963,,Antonov An-2T,"Aeroflot, Kazakstan Civil Aviation Directorate",,,, CCCP-43833, 16547316, 1956,5547,,,,Fatalities: 1 / Occupants: 1,Fatalities: 0 / Occupants: 0,,, Damaged beyond repair,,"Karaganda Airport (KGF) (   Kazakhstan) 
", Maneuvering (MNV),Illegal Flight,"Karaganda Airport (KGF/UAKK), Kazakhstan",?,,,Fatalities: 1 / Occupants: 1 
19630728-0,,Sunday 28 July 1963,01:50,de Havilland DH-106 Comet 4C,United Arab Airlines - UAA,,,, SU-ALD, 6441, 1960,,,,,Fatalities: 8 / Occupants: 8,Fatalities: 55 / Occupants: 55,,, Destroyed, Written off (damaged beyond repair),"10 km (6.3 mls) WNW off  Bombay Airport (BOM) (   India) 
", Approach (APR),International Scheduled Passenger,"Bangkok-Don Muang International Airport (BKK/VTBD), Thailand","Bombay-Santacruz Airport (BOM/VABB), India", 869,,Fatalities: 63 / Occupants: 63 
19630731-0,,Wednesday 31 July 1963,,Lockheed EC-121K Super Constellation,United States Navy,,,, 141329, 4453, 1956,8444,,,,Fatalities: 0 / Occupants: ,Fatalities: 0 / Occupants: ,,, Damaged beyond repair,,"Gander-RCAF Station, NL (YQX) (   Canada) 
", Landing (LDG),Military,?,"Gander-RCAF Station, NL (YQX/CYQX), Canada",,,Fatalities: 0 / Occupants: 7 
19630731-1,,Wednesday 31 July 1963,,Douglas C-133A Cargomaster,United States Air Force - USAF,,,, 56-2005, 45170, 1958,,,,,Fatalities: 0 / Occupants: ,Fatalities: 0 / Occupants: ,,, Damaged beyond repair,,"Dover AFB, DE (DOV) (   United States of America) 
", Standing (STD),Military,-,-,,,Fatalities: 0 / Occupants:  
19630802-0,Final,Friday 2 August 1963,,de Havilland DH-106 Comet 4B,British European Airways - BEA,,,, G-ARJN, 6459, 1961-07-21  (2 years ),,,,,Fatalities: 0 / Occupants: 7,Fatalities: 0 / Occupants: 89,,, Substantial, Repaired,"Milano-Linate Airport (LIN) (   Italy) 
", Landing (LDG),International Scheduled Passenger,"London Airport (LHR/EGLL), United Kingdom","Milano-Linate Airport (LIN/LIML), Italy",,,Fatalities: 0 / Occupants: 96 
19630804-0,,Sunday 4 August 1963,,Douglas C-49E (DC-3DST-144),Sadia Transportes Aéreos,,,, PP-SLL, 1500, 1936,,,,,Fatalities: 4 / Occupants: 4,Fatalities: 6 / Occupants: 6,,, Damaged beyond repair,,"Ibicaré, SC (   Brazil) 
", En route (ENR),Domestic Scheduled Passenger,"Joaçaba Airport, SC (JCB/SSJA), Brazil","Videira Airport, SC (VIA/SSVI), Brazil",,,Fatalities: 10 / Occupants: 10 
19630804-1,,Sunday 4 August 1963,,Ilyushin Il-14,MIAT - Mongolian Airlines,,,, MT-105, , ,,,,,Fatalities:  / Occupants: ,Fatalities:  / Occupants: ,,, Damaged beyond repair,,"Zavkhan Province (   Mongolia) 
", En route (ENR),Unknown,?,?,,,Fatalities:  / Occupants:  
19630808-0,,Thursday 8 August 1963,15:25,Avro Shackleton MR.3,South African Air Force - SAAF,,,, 1718/K, 1528, 1957,777,, 4 Rolls-Royce Griffon 57A,,Fatalities: 13 / Occupants: 13,Fatalities: 0 / Occupants: 0,,, Destroyed, Written off (damaged beyond repair),"Stettynskloof, Western Cape (   South Africa) 
", En route (ENR),Military,"Cape Town International Airport (CPT/FACT), South Africa","Cape Town International Airport (CPT/FACT), South Africa",,,Fatalities: 13 / Occupants: 13 
19630809-0,,Friday 9 August 1963,,Consolidated PBY-6A Catalina,Servicios Aerotaxi Abast do Vale,,,, PT-BBP, 2134, ,,,,,Fatalities:  / Occupants: ,Fatalities:  / Occupants: ,,, Damaged beyond repair,,"at an unknown location (   Unknown country) 
", Unknown (UNK),Unknown,?,?,,,Fatalities:  / Occupants:  
19630810-0,,Saturday 10 August 1963,19:36 UTC,Consolidated PBY-6A Catalina,Kongelige Danske Flyvevåbnet,,,, L-865, , ,,,,,Fatalities: 6 / Occupants: 6,Fatalities: 7 / Occupants: 7,,, Destroyed, Written off (damaged beyond repair),"Kap Desolation (   Greenland) 
", En route (ENR),Military,"Narsarsuaq Airport (UAK/BGBW), Greenland","Kangerlussuaq-Søndre Strømfjord Airport (SFJ/BGSF), Greenland",,,Fatalities: 13 / Occupants: 13 
19630812-0,Final,Monday 12 August 1963,14:19,Vickers 708 Viscount,Air Inter,,,, F-BGNV,  39, 1954,,,,,Fatalities: 4 / Occupants: 4,Fatalities: 11 / Occupants: 12,Fatalities: 1,, Damaged beyond repair,,"24 km (15 mls) N of Lyon (   France) 
", Approach (APR),Domestic Scheduled Passenger,"Lille-Lesquin Airport (LIL/LFQQ), France","Lyon-Bron Airport (LYN/LFLY), France",2611,,Fatalities: 15 / Occupants: 16 
19630814-0,,Wednesday 14 August 1963,15:00,Curtiss C-46F-1-CU Commando,Aaxico Airlines,,,, N67941, 22391, 1945,25571,,,,Fatalities: 1 / Occupants: 2,Fatalities: 0 / Occupants: 0,,, Damaged beyond repair,,"56 km (35 mls) ENE of Great Falls-Malmstrom AFB, MT (   United States of America) 
", En route (ENR),Cargo,"Great Falls-Malmstrom AFB, MT (GFA/KGFA), United States of America","Rapid City-Ellsworth AFB, SD (RCA/KRCA), United States of America",1814,,Fatalities: 1 / Occupants: 2 
19630816-1,,Friday 16 August 1963,,Tupolev Tu-104A,CSA Ceskoslovenské Aerolinie,,,, OK-LDB, 76600601, 1957,,, 2 Mikulin AM-3M,,Fatalities: 0 / Occupants: ,Fatalities: 0 / Occupants: ,,, Damaged beyond repair,,"Mumbai-Santa Cruz Airport (BOM) (   India) 
", Standing (STD),-,-,-,,,Fatalities: 0 / Occupants:  
19630817-0,,Saturday 17 August 1963,ca 14:15,de Havilland DH-114 Heron 1B,Fujita Airlines,,,, JA6155, 14026, 1954,,,,,Fatalities: 3 / Occupants: 3,Fatalities: 16 / Occupants: 16,,, Damaged beyond repair,,"Mount Hachijo-Fuji (   Japan) 
", En route (ENR),Domestic Non Scheduled Passenger,"Hachijo Jima Airport (HAC/RJTH), Japan","Tokyo-Haneda Airport (HND/RJTT), Japan",,,Fatalities: 19 / Occupants: 19 
19630821-2,,Wednesday 21 August 1963,12:15,Tupolev Tu-124,"Aeroflot, Moscow Civil Aviation Directorate",,,, CCCP-45021, 2350701, 1962,,,,,Fatalities: 0 / Occupants: 7,Fatalities: 0 / Occupants: 45,,, Damaged beyond repair,,"Neva River (   Russia) 
", Approach (APR),Domestic Scheduled Passenger,"Tallinn-Ülemiste Airport (TLL/EETN), Estonia","Moskva-Vnukovo Airport (VKO/UUWW), Russia",,,Fatalities: 0 / Occupants: 52 
19630824-0,,Saturday 24 August 1963,23:55,Fairchild F-27,West Coast Airlines,,,, N2707,  32, 1959,,,,,Fatalities: 0 / Occupants: 3,Fatalities: 0 / Occupants: 13,,, Damaged beyond repair,,"2,4 km (1.5 mls) E of Calgary-McCall Field, AB (YYC) (   Canada) 
", Approach (APR),International Scheduled Passenger,"Spokane International Airport, WA (GEG/KGEG), United States of America","Calgary-McCall Field, AB (YYC/CYYC), Canada", 794,,Fatalities: 0 / Occupants: 16 
19630824-1,,Saturday 24 August 1963,10:53,Avia 14,Aeroflot / Georgia,,,, CCCP-61617, 014602107, 1957,11682,,,,Fatalities: 5 / Occupants: 5,Fatalities: 27 / Occupants: 27,,, Damaged beyond repair,,"32 km (20 mls) NW of Kutaisi Airport (KUT) (   Georgia) 
", En route (ENR),Domestic Scheduled Passenger,"Kutaisi Airport (KUT/UGKO), Georgia","Sukhumi Airport (SUI/UGSS), Georgia", 663,,Fatalities: 32 / Occupants: 32 
19630827-0,,Tuesday 27 August 1963,,Lockheed C-130A Hercules,United States Air Force - USAF,,,, 56-0474, 3082, 1957,,,,,Fatalities:  / Occupants: ,Fatalities:  / Occupants: ,,, Damaged beyond repair,,"Okinawa-Naha AFB (AHA) (   Japan) 
", Standing (STD),Military,?,?,,,Fatalities:  / Occupants:  
19630828-0,,Wednesday 28 August 1963,12:30,Boeing KC-135A Stratotanker,United States Air Force - USAF,,,, 61-0319, 18226/541, 1962-09-06  (1 years),,, 4 Pratt & Whitney J57-P,,Fatalities: 4 / Occupants: 4,Fatalities: 2 / Occupants: 2,,Fatalities: 5, Destroyed, Written off (damaged beyond repair),"480 km (300 mls) W off  Bermuda (   Atlantic Ocean) 
", En route (ENR),Military,"Homestead AFB, FL (HST/KHST), United States of America","Homestead AFB, FL (HST/KHST), United States of America",,,Fatalities: 6 / Occupants: 6 
19630828-1,,Wednesday 28 August 1963,12:30,Boeing KC-135A Stratotanker,United States Air Force - USAF,,,, 61-0322, 18229/544, 1962-09-17  (1 years),,, 4 Pratt & Whitney J57-P,,Fatalities: 4 / Occupants: 4,Fatalities: 1 / Occupants: 1,,Fatalities: 6, Destroyed, Written off (damaged beyond repair),"480 km (300 mls) W off  Bermuda (   Atlantic Ocean) 
", En route (ENR),Military,"Homestead AFB, FL (HST/KHST), United States of America","Homestead AFB, FL (HST/KHST), United States of America",,,Fatalities: 5 / Occupants: 5 
19630829-0,,Thursday 29 August 1963,,Douglas C-47B-35-DK (DC-3),East African Airways Corp. - EAAC,,,, VP-KJT, 33278/16530, 1945,,, 2 Pratt & Whitney R-1830-90C,,Fatalities: 0 / Occupants: ,Fatalities: 0 / Occupants: ,,, Damaged beyond repair,,"Francistown Airport (FRW) (   Botswana) 
", Standing (STD),Unknown,"Francistown Airport (FRW/FBFT), Botswana",?,,,Fatalities: 0 / Occupants:  
19630829-1,,Thursday 29 August 1963,,Lockheed P-15 Neptune (P2V-5),Força Aérea Brasileira - FAB,,,, 7008, 426-5118, ,,,,,Fatalities: 0 / Occupants: ,Fatalities: 0 / Occupants: ,,, Damaged beyond repair,,"Salvador Airport (SSA), BA (   Brazil) 
", Landing (LDG),Military,?,"Salvador-Dois de Julho International Airport, BA (SSA/SBSV), Brazil",,,Fatalities: 0 / Occupants:  
19630831-0,,Saturday 31 August 1963,15:47,Antonov An-2T,Aeroflot / Armenia,,,, CCCP-01154, 18047309, 1958,4305,,,,Fatalities: 0 / Occupants: 2,Fatalities: 1 / Occupants: 14,,, Damaged beyond repair,,"near Kapan (   Armenia) 
", En route (ENR),Domestic Scheduled Passenger,"Kapan Airport, Armenia","Goris Airport, Armenia",,,Fatalities: 1 / Occupants: 16 
19630899-0,,xx AUG 1963,,de Havilland Canada CV-2A Caribou (DHC-4),United States Army,,,, 60-5440,  33, 1962,,,,,Fatalities:  / Occupants: ,Fatalities:  / Occupants: ,,, Damaged beyond repair,,"A Loui (   Vietnam) 
", Unknown (UNK),Military,?,?,,,Fatalities:  / Occupants:  
19630904-0,Final,Wednesday 4 September 1963,07:22,Sud Aviation SE-210 Caravelle III,Swissair,,,, HB-ICV, 147, 1962-10-02  (11 months),,, 2 Rolls-Royce Avon 527,,Fatalities: 6 / Occupants: 6,Fatalities: 74 / Occupants: 74,,, Destroyed, Written off (damaged beyond repair),"Dürrenäsch (   Switzerland) 
", En route (ENR),Domestic Scheduled Passenger,"Zürich-Kloten Airport (ZRH/LSZH), Switzerland","Genève-Cointrin Airport (GVA/LSGG), Switzerland",SR306,,Fatalities: 80 / Occupants: 80 
19630905-1,,Thursday 5 September 1963,,Curtiss C-46F-1-CU Commando,Air America,,,, B-150, 22526, 1945,,,,,Fatalities: 2 / Occupants: 7,Fatalities: 0 / Occupants: 0,,, Damaged beyond repair,,"near Ban Phone Mouang (   Laos) 
", Maneuvering (MNV),Cargo,?,?,,,Fatalities: 2 / Occupants: 7 
19630906-0,,Friday 6 September 1963,,Sud Aviation SE-210 Caravelle VI-R,Panair do Brasil,,,, PP-PDU, 118, 1962,,, 2 Rolls-Royce Avon 533R,,Fatalities: 0 / Occupants: ,Fatalities: 0 / Occupants: ,,, Damaged beyond repair,,"Gamela, PE (   Brazil) 
", Approach (APR),Domestic Scheduled Passenger,"Salvador-Dois de Julho International Airport, BA (SSA/SBSV), Brazil","Recife-Guararapes International Airport, PE (REC/SBRF), Brazil",,,Fatalities: 0 / Occupants:  
19630907-0,,Saturday 7 September 1963,,Scottish Aviation Twin Pioneer 1,Borneo Airways,,,, VR-OAE, 517, 1957-10-31  (5 years 10 months),,, 2 Alvis Leonides 514,,Fatalities: 0 / Occupants: 1,Fatalities: 0 / Occupants: 13,,, Damaged beyond repair,,"5,6 km (3.5 mls) NE of Sibu (   Malaysia) 
", Approach (APR),Scheduled Passenger,"Sibu Airport (SBW/WBGS), Malaysia","Mukah Airport (MKM/WBGK), Malaysia", 631,,Fatalities: 0 / Occupants: 14 
19630909-0,Final,Monday 9 September 1963,13:49 UTC,Vickers 806 Viscount,British European Airways - BEA,,,, G-AOJC, 152, 1956,,, 4 Rolls-Royce Dart 510,,Fatalities: 0 / Occupants: 4,Fatalities: 0 / Occupants: 30,,, Substantial, Repaired,"Genève-Cointrin Airport (GVA) (   Switzerland) 
", Landing (LDG),International Scheduled Passenger,"London Airport (LHR/EGLL), United Kingdom","Genève-Cointrin Airport (GVA/LSGG), Switzerland",BE556,,Fatalities: 0 / Occupants: 34 
19630911-1,,Wednesday 11 September 1963,04:00,Vickers 768D Viscount,Indian Airlines,,,, VT-DIO, 192, 1957,,,,,Fatalities: 5 / Occupants: 5,Fatalities: 13 / Occupants: 13,,, Destroyed, Written off (damaged beyond repair),"51 km (31.9 mls) S of Agra (   India) 
", En route (ENR),Domestic Scheduled Passenger,"Nagpur-Sonegaon Airport (NAG/VANP), India","Delhi-Palam Airport (DEL/VIDP), India",,,Fatalities: 18 / Occupants: 18 
19630911-2,,Wednesday 11 September 1963,,Vickers 610 Viking 1B,Airnautic,,,, F-BJER, 216, 1947-05-09  (16 years 4 months),,,,,Fatalities: 4 / Occupants: 4,Fatalities: 36 / Occupants: 36,,, Damaged beyond repair,,"Pic de la Roquette (   France) 
", En route (ENR),Int'l Non Scheduled Passenger,"London-Gatwick Airport (LGW/EGKK), United Kingdom","Perpignan Airport (PGF/LFMP), France",,,Fatalities: 40 / Occupants: 40 
19630917-0,,Tuesday 17 September 1963,,PZL MD-12,PZL Mielec,,,, SP-PAL, 001, 1959-07-21  (4 years 2 months),,, 4 Narkiewicz WN-3C,,Fatalities: 5 / Occupants: 5,Fatalities: 0 / Occupants: 0,,, Damaged beyond repair,,"near Bialobrzegi (   Poland) 
", En route (ENR),Test,?,?,,,Fatalities: 5 / Occupants: 5 
19630920-0,,Friday 20 September 1963,,Scottish Aviation Twin Pioneer 1,Garuda Indonesia Airways,,,, PK-GTB, 511, 1957-06-23  (6 years 3 months),,, 2 Alvis Leonides 514,,Fatalities:  / Occupants: ,Fatalities:  / Occupants: ,,, Damaged beyond repair,,"at an unknown location (   Indonesia) 
", Unknown (UNK),Passenger,?,?,,,Fatalities: 7 / Occupants: 7 
19630921-0,,Saturday 21 September 1963,,Vickers 651 Valetta C.1,The Decca Navigator Co Ltd,,,, G-APKR, 338, 1949-07-17  (14 years 2 months),,,,,Fatalities: 0 / Occupants: 2,Fatalities: 0 / Occupants: 2,,, Damaged beyond repair,,"London-Gatwick Airport (LGW) (   United Kingdom) 
", Landing (LDG),Test,"London-Gatwick Airport (LGW/EGKK), United Kingdom","London-Gatwick Airport (LGW/EGKK), United Kingdom",,,Fatalities: 0 / Occupants: 4 
19630922-0,,Sunday 22 September 1963,,Douglas C-133A Cargomaster,United States Air Force - USAF,,,, 56-2002, 45167, 1958,,,,,Fatalities: 10 / Occupants: 10,Fatalities: 0 / Occupants: 0,,, Missing, Presumed damaged beyond repair,"1440 km (900 mls) E off  Cape May, NJ, USA (   Atlantic Ocean) 
", En route (ENR),Military,"Dover AFB, DE (DOV/KDOV), United States of America","Terceira-Lajes Airport, Azores (TER/LPLA), Portugal",,,Fatalities: 10 / Occupants: 10 
19630924-0,,Tuesday 24 September 1963,11:23 UTC,Bristol 170 Superfreighter 32,British United Air Ferries,,,, G-AMWA, 13073, ,,,,,Fatalities: 0 / Occupants: 3,Fatalities: 0 / Occupants: 1,,, Damaged beyond repair,,"Guernsey Airport, Channel Islands (GCI) (   United Kingdom) 
", Takeoff (TOF),Domestic Scheduled Passenger,"Guernsey Airport, Channel Islands (GCI/EGJB), United Kingdom","Bournemouth International Airport (BOH/EGHH), United Kingdom",,,Fatalities: 0 / Occupants: 4 
19630926-0,,Thursday 26 September 1963,,Douglas C-47A-30-DK Dakota III,Air France,,,, F-BHKU, 25457/14012, 1944,,,,,Fatalities:  / Occupants: ,Fatalities:  / Occupants: ,,, Damaged beyond repair,,"Oran (   Algeria) 
", Unknown (UNK),Unknown,?,?,,,Fatalities:  / Occupants:  
19630928-0,,Saturday 28 September 1963,20:30,Douglas DC-7B,Eastern Air Lines,,,, N843D, 45449/952, 1958,15975,,,,Fatalities: 0 / Occupants: 5,Fatalities: 0 / Occupants: 40,,, Damaged beyond repair,,"Nashville Metropolitan Airport, TN (BNA) (   United States of America) 
", Landing (LDG),Domestic Scheduled Passenger,?,"Nashville Metropolitan Airport, TN (BNA/KBNA), United States of America",,,Fatalities: 0 / Occupants: 45 
19630928-1,,Saturday 28 September 1963,,Fairchild C-123B-12-FA Provider,United States Air Force - USAF,,,, 55-4513, 20174, ,,,,,Fatalities: 0 / Occupants: 4,Fatalities: 0 / Occupants: 0,,, Damaged beyond repair,,"Maha Sarakham (   Thailand) 
", Landing (LDG),Military,?,?,,,Fatalities: 0 / Occupants: 4 
19631009-0,,Wednesday 9 October 1963,,Douglas C-74 Globemaster I,Aeronaves de Panama,,,, HP-385, 13915, ,,,,,Fatalities:  / Occupants: ,Fatalities:  / Occupants: ,,, Damaged beyond repair,,"13 km (8.1 mls) S of Marseille-Marignane Airport (MRS) (   France) 
", En route (ENR),Cargo,"Marseille-Marignane Airport (MRS/LFML), France","Cairo International Airport (CAI/HECA), Egypt",,,Fatalities: 6 / Occupants: 6 
19631010-0,,Thursday 10 October 1963,,Douglas C-47A-15-DK (DC-3),United States Air Force - USAF,,,, 42-92885, 12735, 1944,,,,,Fatalities:  / Occupants: ,Fatalities:  / Occupants: ,,, Damaged beyond repair,,"unknown (   Unknown country) 
", Unknown (UNK),Military,?,?,,,Fatalities:  / Occupants:  
19631012-0,,Saturday 12 October 1963,,Douglas C-47 (DC-3),Transporte Aéreo Militar - TAM Paraguay,,,, T-21, , ,,,,,Fatalities: 0 / Occupants: 0,Fatalities: 0 / Occupants: 0,,, Damaged beyond repair,,"Asunción-Ñu-Guazú Air Base (   Paraguay) 
", Standing (STD),-,-,-,,,Fatalities: 0 / Occupants: 0 
19631020-0,,Sunday 20 October 1963,,Ilyushin Il-14M,Aeroflot / Polar,,,, CCCP-04197, 147001326, 1957,,,,,Fatalities: 5 / Occupants: 5,Fatalities: 2 / Occupants: 2,,, Damaged beyond repair,,"Graham Bell Island, Franz Josef Land (   Russia) 
", En route (ENR),Survey/research,?,?,,,Fatalities: 7 / Occupants: 7 
19631021-0,,Monday 21 October 1963,,Fairchild C-119G Flying Boxcar,Indian Air Force - IAF,,,, BK-962, , ,,,,,Fatalities:  / Occupants: ,Fatalities:  / Occupants: ,,, Damaged beyond repair,,"Bangalore Airport (BLR) (   India) 
", Approach (APR),Military,"Bombay-Santacruz Airport (BOM/VABB), India","Bangalore-Hindustan Airport (BLR/VOBG), India",,,Fatalities: 8 / Occupants: 21 
19631022-0,Final,Tuesday 22 October 1963,10:40,BAC One-Eleven 200AB,British Aircraft Corporation - BAC,,,, G-ASHG, 004, 1963-08-20  (2 months),81,,,78,Fatalities: 7 / Occupants: 7,Fatalities: 0 / Occupants: 0,,, Damaged beyond repair,,"2 km (1.3 mls) NNW of Chicklade (   United Kingdom) 
", Maneuvering (MNV),Test,"Wisley Airfield, United Kingdom","Wisley Airfield, United Kingdom",,,Fatalities: 7 / Occupants: 7 
19631023-0,,Wednesday 23 October 1963,,Douglas C-47A-50-DL (DC-3),United States Air Force - USAF,,,, 42-24308, 10170, 1943,,,,,Fatalities:  / Occupants: ,Fatalities:  / Occupants: ,,, Damaged beyond repair,,"unknown (   Vietnam) 
", Unknown (UNK),Military,?,?,,,Fatalities:  / Occupants:  
19631024-0,,Thursday 24 October 1963,ca 02:00,Fairchild C-123B-19-FA Provider,United States Air Force - USAF,,,, 56-4385, 20269, ,,,,,Fatalities: 8 / Occupants: 8,Fatalities: 0 / Occupants: 0,,, Damaged beyond repair,,"104 km (65 mls) S of Saigon (   Vietnam) 
", Maneuvering (MNV),Military,?,?,,,Fatalities: 8 / Occupants: 8 
19631024-1,,Thursday 24 October 1963,04:30,Douglas C-54A-10-DC (DC-4),,Danish Government,,Icelandair Flugfélag Islands, TF-IST, 10313, 1944,,,,,Fatalities: 0 / Occupants: 0,Fatalities: 0 / Occupants: 0,,, Damaged beyond repair,,"Narsarsuaq Airport (UAK) (   Greenland) 
", Standing (STD),-,-,-,,,Fatalities: 0 / Occupants: 0 
19631024-2,,Thursday 24 October 1963,04:30,Consolidated Vultee PBY-6A Catalina,Kongelige Danske Flyvevåbnet,,,, L-862, , 1945-09-14  (18 years 1 months),,,,,Fatalities: 0 / Occupants: 0,Fatalities: 0 / Occupants: 0,,, Damaged beyond repair,,"Narsarsuaq Airport (UAK) (   Greenland) 
", Standing (STD),-,-,-,,,Fatalities: 0 / Occupants: 0 
19631024-3,,Thursday 24 October 1963,04:30,Consolidated Vultee PBY-6A Catalina,Kongelige Danske Flyvevåbnet,,,, L-864, , 1945-07-04  (18 years 4 months),,,,,Fatalities: 0 / Occupants: 0,Fatalities: 0 / Occupants: 0,,, Damaged beyond repair,,"Narsarsuaq Airport (UAK) (   Greenland) 
", Standing (STD),-,-,?,,,Fatalities: 0 / Occupants: 0 
19631029-0,,Tuesday 29 October 1963,,Douglas C-47A-25-DK (DC-3),All Nippon Airways - ANA,,,, JA5024, 13194, 1944,,, 2 Pratt & Whitney R-1830-92,,Fatalities:  / Occupants: ,Fatalities:  / Occupants: ,,, Damaged beyond repair,,"Toyama Airport (TOY) (   Japan) 
", Unknown (UNK),Unknown,?,?,,,Fatalities:  / Occupants:  
19631101-0,,Friday 1 November 1963,,Douglas C-53C (DC-3),Lake Central Airlines,,,, N45335, 4964, 1942,,,,,Fatalities: 0 / Occupants: 0,Fatalities: 0 / Occupants: 0,,, Damaged beyond repair,,"Indianapolis International Airport, IN (IND) (   United States of America) 
", Standing (STD),-,-,-,,,Fatalities: 0 / Occupants: 0 
19631101-1,,Friday 1 November 1963,,Douglas C-47D (DC-3),United States Air Force - USAF,,,, 43-48294, 25555/14110, 1944,,,,,Fatalities:  / Occupants: ,Fatalities:  / Occupants: ,,, Damaged beyond repair,,"at an unknown location (   Unknown country) 
", Unknown (UNK),Military,?,?,,,Fatalities:  / Occupants:  
19631102-0,,Saturday 2 November 1963,,Martin 2-0-2,Allegheny Airlines,,,, N177A, 9147, ,,,,,Fatalities: 0 / Occupants: ,Fatalities: 0 / Occupants: ,,, Damaged beyond repair,,"Newark International Airport, NJ (EWR) (   United States of America) 
", Taxi (TXI),Unknown,?,?,,,Fatalities: 0 / Occupants:  
19631106-0,Final,Wednesday 6 November 1963,21:15 UTC,Douglas DC-8-54F,Trans-Canada Air Lines - TCAL,,,, CF-TJM, 45653/178, 1963,1958,, 4 Pratt & Whitney JT3D-3,,Fatalities: 0 / Occupants: 7,Fatalities: 0 / Occupants: 90,,, Substantial, Repaired,"London Airport (LHR) (   United Kingdom) 
", Takeoff (TOF),International Scheduled Passenger,"London Airport (LHR/EGLL), United Kingdom","Montreal-Dorval International Airport, QC (YUL/CYUL), Canada", 861,,Fatalities: 0 / Occupants: 97 
19631108-0,Final,Friday 8 November 1963,16:59 UTC,Douglas C-47A-35-DL (DC-3),Aero OY,,,, OH-LCA, 9799, 1943,30672,, 2 Pratt & Whitney R-1830-92,,Fatalities: 2 / Occupants: 3,Fatalities: 20 / Occupants: 22,,, Damaged beyond repair,,"1,5 km (0.9 mls) N of Mariehamn Airport (MHQ) (   Finland) 
", Approach (APR),Domestic Scheduled Passenger,"Turku Airport (TKU/EFTU), Finland","Mariehamn Airport (MHQ/EFMA), Finland", 217,,Fatalities: 22 / Occupants: 25 
19631110-0,,Sunday 10 November 1963,,Ilyushin Il-18B,"Aeroflot, Moscow Civil Aviation Directorate",,,, CCCP-75686, 189001201, 1959,,,,,Fatalities:  / Occupants: ,Fatalities:  / Occupants: ,,, Damaged beyond repair,,"Kuibyshev Airport (KUF) (   Russia) 
", Unknown (UNK),Unknown,?,?,,,Fatalities:  / Occupants:  
19631112-0,Preliminary - official,Tuesday 12 November 1963,,Boeing 707-437,Air-India,,,, VT-DJK, 17724/105, 1960,,,,,Fatalities: 0 / Occupants: 8,Fatalities: 0 / Occupants: 54,,, Substantial, Repaired,"Wien-Schwechat International Airport (VIE) (   Austria) 
", Approach (APR),International Scheduled Passenger,?,"Wien-Schwechat International Airport (VIE/LOWW), Austria",,,Fatalities: 0 / Occupants: 62 
19631115-0,,Friday 15 November 1963,13:20,Douglas C-47 (DC-3),Fuerza Aérea Mexicana,,,, ETM-6010, , ,,,,,Fatalities: 4 / Occupants: 5,Fatalities: 0 / Occupants: 0,,, Damaged beyond repair,,"Ixtepec, Oaxaca (   Mexico) 
", Unknown (UNK),Military,?,"Ixtepec Airport (IZT/MMIT), Mexico",,,Fatalities: 4 / Occupants: 5 
19631122-0,,Friday 22 November 1963,,Douglas C-47 (DC-3),Indian Air Force - IAF,,,, registration unknown, , ,,,,,Fatalities:  / Occupants: ,Fatalities:  / Occupants: ,,, Damaged beyond repair,,"near Banihal pass, Kashmir (   India) 
", Unknown (UNK),Military,"Jammu-Satwari Airport (IXJ/VIJU), India","Srinagar Airport (SXR/VISR), India",,,Fatalities: 10 / Occupants: 10 
19631128-0,,Thursday 28 November 1963,,Convair CV-340 or CV-440,AVENSA,,,, registration unknown, , ,,,,,Fatalities: 0 / Occupants: 3,Fatalities: 0 / Occupants: 14,,, None,,"Port of Spain-Piarco Airport (POS) (   Trinidad and Tobago) 
", En route (ENR),Domestic Scheduled Passenger,"Ciudad Bolívar Airport (CBL/SVCB), Venezuela","Caracas Airport (CCS/SVMI), Venezuela",,,Fatalities: 0 / Occupants: 17 
19631129-0,Final,Friday 29 November 1963,18:33,Douglas DC-8-54F,Trans-Canada Air Lines - TCAL,,,, CF-TJN, 45654/179, 1963,2174,, 4 Pratt & Whitney JT3D-3,,Fatalities: 7 / Occupants: 7,Fatalities: 111 / Occupants: 111,,, Destroyed, Written off (damaged beyond repair),"Ste-Thérèse-de-Blainville, QC (   Canada) 
", En route (ENR),Domestic Scheduled Passenger,"Montreal-Dorval International Airport, QC (YUL/CYUL), Canada","Toronto International Airport, ON (YYZ/CYYZ), Canada", 831,,Fatalities: 118 / Occupants: 118 
19631129-1,,Friday 29 November 1963,11:10,Douglas C-47A-90-DL (DC-3),Purdue University,,,, N386T, 20411, 1944,12241,, 2 Pratt & Whitney R-1830-92,,Fatalities: 1 / Occupants: 3,Fatalities: 0 / Occupants: 0,,, Damaged beyond repair,,"Morgantown, WV (   United States of America) 
", Approach (APR),Ferry/positioning,"Lafayette-Purdue University Airport, IN (LAF/KLAF), United States of America","Morgantown Airport, WV (MGW/KMGW), United States of America",,,Fatalities: 1 / Occupants: 3 
19631129-2,,Friday 29 November 1963,,Howard Super Ventura,Dumas Milner Corp.,,,, N555DM, 5241, 1943,,,,,Fatalities:  / Occupants: ,Fatalities:  / Occupants: ,,, Damaged beyond repair,,"unknown (   Unknown country) 
", Standing (STD),-,?,?,,,Fatalities:  / Occupants:  
19631130-0,,Saturday 30 November 1963,11:33 UTC,Douglas C-47A-25-DK (DC-3),Ethiopian Air Lines,,,, ET-AAT, 13483, 1944,18245,, 2 Pratt & Whitney R-1830-92,,Fatalities: 0 / Occupants: 3,Fatalities: 0 / Occupants: 0,,, Damaged beyond repair,,"Addis Ababa-Lideta Airport (   Ethiopia) 
", Takeoff (TOF),Test,"Addis Ababa-Lideta Airport (HAAL), Ethiopia","Addis Ababa-Lideta Airport (HAAL), Ethiopia",,,Fatalities: 0 / Occupants: 3 
19631207-0,Final,Saturday 7 December 1963,19:19,Curtiss C-46A-20-CU Commando,Zantop Air Transport,,,, N609Z, 26571, 1943,11694,, 2 Pratt & Whitney R-2800-51,,Fatalities: 2 / Occupants: 2,Fatalities: 1 / Occupants: 1,,, Damaged beyond repair,,"16 km (10 mls) NW of Nederland, CO (   United States of America) 
", En route (ENR),Cargo,"Aurora-Lowry AFB, CO, United States of America","Ogden-Hill AFB, UT (HIF/KHIF), United States of America",,,Fatalities: 3 / Occupants: 3 
19631207-1,,Saturday 7 December 1963,23:51,Antonov An-12B,"Aeroflot, East Siberia Civil Aviation Directorate",,,, CCCP-11347, 401803, 1963,379,, 4 Ivchenko AI-20M,188,Fatalities: 6 / Occupants: 6,Fatalities: 0 / Occupants: 0,,, Damaged beyond repair,,"0,7 km (0.4 mls) S of Kirensk Airport (   Russia) 
", Initial climb (ICL),Cargo,"Kirensk (UIKK), Russia","Irkutsk Airport (IKT/UIII), Russia",1076,,Fatalities: 6 / Occupants: 6 
19631207-2,,Saturday 7 December 1963,15:50,Ilyushin Il-14P,Interflug,,,, DM-SBL, 6341206, 1956,,,,,Fatalities: 0 / Occupants: 5,Fatalities: 0 / Occupants: 28,,, Substantial, Written off (damaged beyond repair),"N of Königsbrück (   Germany) 
", En route (ENR),Int'l Non Scheduled Passenger,"Berlin-Schönefeld Airport (SXF/EDDB), Germany","Budapest-Ferihegy Airport (BUD/LHBP), Hungary",,,Fatalities: 0 / Occupants: 33 
19631208-0,Final,Sunday 8 December 1963,20:59,Boeing 707-121,Pan American World Airways (Pan Am),,,, N709PA, 17588/3, 1958,15609,, 4 Pratt & Whitney JT3C-6,,Fatalities: 8 / Occupants: 8,Fatalities: 73 / Occupants: 73,,, Destroyed, Written off (damaged beyond repair),"Elkton, MD (   United States of America) 
", Approach (APR),Domestic Scheduled Passenger,"Baltimore/Washington International Airport, MD (BWI/KBWI), United States of America","Philadelphia International Airport, PA (PHL/KPHL), United States of America",PA214,,Fatalities: 81 / Occupants: 81 
19631209-0,,Monday 9 December 1963,,Curtiss C-46A-15-CU Commando,H.A. Wharton,,,, N5160V, 26512, 1943,,, 2 Pratt & Whitney R-2800-51,,Fatalities: 3 / Occupants: 3,Fatalities: 0 / Occupants: 0,,, Damaged beyond repair,,"240 km (150 mls) NE off  Azores Islands (   Atlantic Ocean) 
", En route (ENR),Ferry/positioning,"Gander Airport, NL (YQX/CYQX), Canada","Santa Maria-Vila do Porto Airport, Azores (SMA/LPAZ), Portugal",,,Fatalities: 3 / Occupants: 3 
19631212-0,,Thursday 12 December 1963,,de Havilland Canada U-1A Otter (DHC-3),United States Army,,,, 58-1690, 299, ,,,,,Fatalities:  / Occupants: ,Fatalities:  / Occupants: ,,, Damaged beyond repair,,"near Ban Me Thout (   Vietnam) 
", En route (ENR),Military,?,?,,,Fatalities: 7 / Occupants: 7 
19631212-1,,Thursday 12 December 1963,10:15 UTC,Douglas C-54A-15-DC (DC-4),Trans Mediterranean Airways - TMA,,,, OD-AEB, 10424, 1944,,,,,Fatalities: 3 / Occupants: 3,Fatalities: 0 / Occupants: 0,,, Damaged beyond repair,,"93 km (58.1 mls) W of Ghazni (   Afghanistan) 
", En route (ENR),Cargo,"Kuwait International Airport (KWI/OKBK), Kuwait","Kabul Airport (KBL/OAKB), Afghanistan",,,Fatalities: 3 / Occupants: 3 
19631216-0,,Monday 16 December 1963,,Lisunov Li-2T,LOT Polskie Linie Lotnicze,,,, SP-LBG, 18418308, ,,,,,Fatalities: 0 / Occupants: 3,Fatalities: 0 / Occupants: 11,,, Damaged beyond repair,,"Warszawa-Okecie Airport (WAW) (   Poland) 
", Approach (APR),Domestic Scheduled Passenger,"Rzeszów Airport (RZE/EPRZ), Poland","Warszawa-Okecie Airport (WAW/EPWA), Poland",,,Fatalities: 0 / Occupants: 14 
19631217-0,,Tuesday 17 December 1963,,Handley Page Hastings C.1,Royal Air Force - RAF,,,, TG610, HP67/88, ,,,,,Fatalities: 0 / Occupants: ,Fatalities: 0 / Occupants: ,Fatalities: 1,, Damaged beyond repair,,"Thorney Island RAF Station (   United Kingdom) 
", Landing (LDG),Military,?,"Thorney Island RAF Station, United Kingdom",,,Fatalities: 0 / Occupants:  
19631221-0,,Saturday 21 December 1963,11:42,Convair CV-580,Union Oil Company of California,,,, N7601, 452, 1957,,,,,Fatalities: 0 / Occupants: 3,Fatalities: 0 / Occupants: 1,,, Damaged beyond repair,,"Midland Air Terminal, TX (MAF) (   United States of America) 
", Approach (APR),Executive,?,"Midland Air Terminal, TX (MAF/KMAF), United States of America",,,Fatalities: 0 / Occupants: 4 
19631227-0,,Friday 27 December 1963,,Douglas C-47A-70-DL (DC-3),,Royal Thai Border Police,,Air America, B-815, 19258, 1943,,, 2 Pratt & Whitney R-1830-92,,Fatalities: 3 / Occupants: 3,Fatalities: 9 / Occupants: 9,,, Damaged beyond repair,,"56 km (35 mls) SW of Songkhla (   Thailand) 
", Unknown (UNK),Non Scheduled Passenger,?,?,,,Fatalities: 12 / Occupants: 12 
19631230-0,,Monday 30 December 1963,,Bristol 170 Freighter 31M,Royal Canadian Air Force - RCAF,,,, 9697, 12830, ,,, 2 Bristol Hercules 734,,Fatalities:  / Occupants: 5,Fatalities:  / Occupants: 6,,, Damaged beyond repair,,"1,5 km (0.9 mls) from  Marville RCAF Station (   France) 
", Approach (APR),Military,"London-Gatwick Airport (LGW/EGKK), United Kingdom","Marville RCAF Station, France",,,Fatalities: 8 / Occupants: 11 
19639999-0,,xx xxx 1963,,Lisunov Li-2P,Czechoslovak Air Force,,,, 2210, 23442210, 1952,,,,,Fatalities:  / Occupants: ,Fatalities:  / Occupants: ,,, Damaged beyond repair,,"at an unknown location (   Unknown country) 
", Unknown (UNK),Military,?,?,,,Fatalities:  / Occupants:  
19639999-2,,xx xxx 1963,,Douglas C-47-DL (DC-3),Ariana Afghan Airlines,,,, YA-AAA, 4242, 1942,,, 2 Pratt & Whitney R-1830-92,,Fatalities:  / Occupants: ,Fatalities:  / Occupants: ,,, Damaged beyond repair,,"Logarh Valley (   Afghanistan) 
", Unknown (UNK),Unknown,?,?,,,Fatalities:  / Occupants:  
19639999-5,,xx xxx 1963,,Grumman SA-16A Albatross,Republic of China Air Force - ROCAF,,,, 11019, G-01, ,,,,,Fatalities:  / Occupants: ,Fatalities:  / Occupants: ,,, Damaged beyond repair,,"at an unknown location (   Unknown country) 
", Unknown (UNK),Military,?,?,,,Fatalities:  / Occupants:  
