Identifiant:,Status:,Date:,Time:,Type:,Operator:,Operating for:,On behalf of:,Leased from:,Registration:,C/n / msn:,First flight:,Total airframe hrs:,Year built:,Engines:,Cycles:,Crew:,Passengers:,Ground casualties:,Collision casualties:,Aircraft damage:,Aircraft fate:,Location:,Phase:,Nature:,Departure airport:,Destination airport:,Flightnumber:,Probable cause:,Total:
19590104-0,,Sunday 4 January 1959,,Curtiss C-46A-25-CU Commando,Transportes Aéreos Peruanos - TAPSA,,,, OB-QAL-487, 26656, 1943,,, 2 Pratt & Whitney R-2800-51,,Fatalities: 0 / Occupants: 2,Fatalities: 0 / Occupants: 0,,, Damaged beyond repair,,"Moyobamba Airport (MBP) (   Peru) 
", Landing (LDG),Unknown,?,"Moyobamba Airport (MBP/SPBB), Peru",,,Fatalities: 0 / Occupants: 2 
19590104-1,,Sunday 4 January 1959,,de Havilland Canada UC-1 Otter (DHC-3),United States Navy,,,, 144673, 163, 1956,,,,,Fatalities: 2 / Occupants: ,Fatalities: 0 / Occupants: ,,, Damaged beyond repair,,"Marble Point (   Antarctica) 
", Takeoff (TOF),Military,"Marble Point, Antarctica",?,,,Fatalities: 2 / Occupants: 5 
19590106-0,,Tuesday 6 January 1959,,Curtiss C-46A-45-CU Commando,Paraense Transportes Aéreos,,,, PP-LDH, 30350, 1944,,, 2 Pratt & Whitney R-2800-51,,Fatalities: 0 / Occupants: 5,Fatalities: 0 / Occupants: 0,,, Damaged beyond repair,,"Rio de Janeiro-Santos Dumont Airport, RJ (SDU) (   Brazil) 
", Landing (LDG),Ferry/positioning,"Rio de Janeiro-Galeão International Airport, RJ (GIG/SBGL), Brazil","Rio de Janeiro-Santos Dumont Airport, RJ (SDU/SBRJ), Brazil",,,Fatalities: 0 / Occupants: 5 
19590106-1,,Tuesday 6 January 1959,ca 11:20,Douglas C-47A-80-DL (DC-3),SAHSA - Servicio Aéreo de Honduras SA,,,, XH-SAA, 19667, 1944,15840,, 2 Pratt & Whitney R-1830-92,,Fatalities: 3 / Occupants: 3,Fatalities: 2 / Occupants: 2,,, Damaged beyond repair,,"Pena Blanca Mt. (   Guatemala) 
", Unknown (UNK),Int'l Non Scheduled Passenger,"Copán Airport (RUY/MHRU), Honduras","Nueva Ocotepeque Airport (MHSC), Guatemala",,,Fatalities: 5 / Occupants: 5 
19590108-0,Final,Thursday 8 January 1959,20:32,Douglas DC-3A-197B,Southeast Airlines,,,, N18941, 2007, 1938,56755,, 2 Pratt & Whitney R-1830-92,,Fatalities: 3 / Occupants: 3,Fatalities: 7 / Occupants: 7,,, Destroyed, Written off (damaged beyond repair),"Mt. Holston, TN (   United States of America) 
", Approach (APR),Domestic Scheduled Passenger,"Knoxville-McGhee Tyson Airport, TN (TYS/KTYS), United States of America","Bristol, VA/Johnson City/Kingsport-Tri-Cities Regional, TN (TRI/KTRI), United States of America", 308,,Fatalities: 10 / Occupants: 10 
19590111-0,Final,Sunday 11 January 1959,ca 11:20,Lockheed L-1049G Super Constellation,Lufthansa,,,, D-ALAK, 4602, 1955,,,,,Fatalities: 7 / Occupants: 10,Fatalities: 29 / Occupants: 29,,, Destroyed, Written off (damaged beyond repair),"Rio de Janeiro-Galeão International Airport, RJ (GIG) (   Brazil) 
", Approach (APR),International Scheduled Passenger,"Dakar-Yoff Airport (DKR/GOOY), Senegal","Rio de Janeiro-Galeão International Airport, RJ (GIG/SBGL), Brazil",LH502,,Fatalities: 36 / Occupants: 39 
19590111-1,,Sunday 11 January 1959,,Douglas C-124C Globemaster II,United States Air Force - USAF,,,, 50-0111, 43249, ,,, 4 Pratt & Whitney R-4360-20WA,,Fatalities: 9 / Occupants: 9,Fatalities: 0 / Occupants: 0,,, Destroyed, Written off (damaged beyond repair),"ca 40 km SE of Homer, AK (   United States of America) 
", En route (ENR),Military,"Tacoma-McChord AFB, WA (TCM/KTCM), United States of America","Kodiak Airport, AK (ADQ/PADQ), United States of America",,,Fatalities: 9 / Occupants: 9 
19590113-0,,Tuesday 13 January 1959,,Curtiss C-46F-1-CU Commando,California Air Freight,,,, N1240N, 22404, 1945,,,,,Fatalities: 2 / Occupants: 2,Fatalities: 0 / Occupants: 0,,, Damaged beyond repair,,"Panther Peak, CA (   United States of America) 
", En route (ENR),Cargo,"Hollywood-Lockheed Air Terminal, CA (BUR/KBUR), United States of America","Seattle/Tacoma International Airport, WA (SEA/KSEA), United States of America",,,Fatalities: 2 / Occupants: 2 
19590114-1,,Wednesday 14 January 1959,,Vickers Valetta C.1,Royal Air Force - RAF,,,, VW817, 378, 1949-06-30  (9 years 7 months),,, 2 Bristol Hercules 230,,Fatalities: 0 / Occupants: ,Fatalities: 0 / Occupants: ,,, Damaged beyond repair,,"Firq (   Oman) 
", Landing (LDG),Military,?,"Firq Airport (OOFQ), Oman",,,Fatalities: 0 / Occupants:  
19590115-0,,Thursday 15 January 1959,,Douglas C-54 (DC-4),United States Air Force - USAF,,,, registration unknown, , ,,,,,Fatalities: 2 / Occupants: 3,Fatalities: 0 / Occupants: 0,,, Damaged beyond repair,,"near Windsor Locks-Bradley Field, CT (BDL) (   United States of America) 
", Approach (APR),Military,"Tucson-Davis Monthan AFB, AZ (DMA/KDMA), United States of America","Windsor Locks-Bradley Field, CT (BDL/KBDL), United States of America",,,Fatalities: 2 / Occupants: 3 
19590116-0,Final,Friday 16 January 1959,21:40,Curtiss C-46A-50-CU Commando,Austral Lineas Aéreas,,,, LV-GED, 30514, 1944,,, 2 Pratt & Whitney R-2800-75,,Fatalities: 5 / Occupants: 5,Fatalities: 46 / Occupants: 47,,, Damaged beyond repair,,"1,2 km (0.8 mls) off  Mar del Plata, BA (   Argentina) 
", Approach (APR),Domestic Scheduled Passenger,"Buenos Aires-Jorge Newbery Airport, BA (AEP/SABE), Argentina","Mar Del Plata Airport, BA (MDQ/SAZM), Argentina", 205,,Fatalities: 51 / Occupants: 52 
19590117-0,Final,Saturday 17 January 1959,16:23,Lockheed L-1049G Super Constellation,Eastern Air Lines,,,, N6240G, 4665, 1956,7309,, 4 Wright R-3350 (988TC18EA3),,Fatalities: 0 / Occupants: 5,Fatalities: 0 / Occupants: 12,,, Substantial, Repaired,"Miami International Airport, FL (MIA) (   United States of America) 
", Landing (LDG),Domestic Scheduled Passenger,"Miami International Airport, FL (MIA/KMIA), United States of America","Detroit-Wayne Major Airport, MI (DTW/KDTW), United States of America",EA704,,Fatalities: 0 / Occupants: 17 
19590118-0,,Sunday 18 January 1959,03:33,Ilyushin Il-14P,Aeroflot / Azerbaijan,,,, CCCP-41863, 146000701, 1956,3922,,,,Fatalities: 5 / Occupants: 5,Fatalities: 20 / Occupants: 20,,, Destroyed, Written off (damaged beyond repair),"5 km (3.1 mls) from  Stalingrad (VOG) (   Russia) 
", Approach (APR),Domestic Scheduled Passenger,"Voronezh Airport (VOZ/UUOO), Russia","Stalingrad Airport (VOG/URWW), Russia", 205,,Fatalities: 25 / Occupants: 25 
19590118-1,,Sunday 18 January 1959,,Boeing KC-97G Stratofreighter,United States Air Force - USAF,,,, 53-0308, 17090, ,,,,,Fatalities: 0 / Occupants: ,Fatalities: 0 / Occupants: ,,, Damaged beyond repair,,"Anchorage-Elmendorf AFB, AK (EDF) (   United States of America) 
", Standing (STD),Military,?,?,,,Fatalities: 0 / Occupants: 24 
19590119-0,,Monday 19 January 1959,,Antonov An-2,"Aeroflot, Yakutsk Civil Aviation Directorate",,,, CCCP-L1975, , ,,,,,Fatalities:  / Occupants: ,Fatalities:  / Occupants: ,,, Damaged beyond repair,,"at an unknown location (   Russia) 
", Takeoff (TOF),Unknown,?,?,,,Fatalities:  / Occupants:  
19590121-0,,Wednesday 21 January 1959,,Curtiss C-46D-15-CU Commando,Linea Expresa Bolivar - LEBCA,,,, YV-C-LBI, 33411, 1945,,,,,Fatalities: 2 / Occupants: 2,Fatalities: 2 / Occupants: 2,,, Damaged beyond repair,,"32 km (20 mls) NE of Mérida (   Venezuela) 
", En route (ENR),Domestic Non Scheduled Passenger,"Mérida-A Carnevalli Airport (MRD/SVMD), Venezuela","Lagunillas Airport (LGY), Venezuela",,,Fatalities: 4 / Occupants: 4 
19590122-0,,Thursday 22 January 1959,15:00 UTC,Convair CV-240-2,Air Jordan,,,, JY-ACB,  55, 1948,,,,,Fatalities: 4 / Occupants: 4,Fatalities: 6 / Occupants: 11,,, Damaged beyond repair,,"4,5 km (2.8 mls) NW of Wadi-es-Sir (   Jordan) 
", Approach (APR),International Scheduled Passenger,"Jerusalem Airport (JRS/OJJR), Israel","Amman-Marka International Airport (ADJ/OJAM), Jordan", 601,,Fatalities: 10 / Occupants: 15 
19590126-0,,Monday 26 January 1959,16:15,Douglas Dakota IV (DC-3),Royal Air Force - RAF,,,, KJ810, 25594/14149, 1944,,, 2 Pratt & Whitney R-1830-90C,,Fatalities: 0 / Occupants: 4,Fatalities: 0 / Occupants: 0,,, Damaged beyond repair,,"Kuala Lumpur RAF Station (   Malaysia) 
", Takeoff (TOF),Military,"Kuala Lumpur RAF Station (WMKF), Malaysia","Penang International Airport (PEN/WMKP), Malaysia",,,Fatalities: 0 / Occupants: 4 
19590127-0,,Tuesday 27 January 1959,,Martin P5M-2 Marlin,United States Navy,,,, 135529, , ,,,,,Fatalities:  / Occupants: ,Fatalities:  / Occupants: ,,, Damaged beyond repair,,"Willoughby Bay, VA (   United States of America) 
", Approach (APR),Military,"Norfolk NAS Chambers, VA (NGU/KNGU), United States of America","Norfolk NAS Chambers, VA (NGU/KNGU), United States of America",,,Fatalities: 4 / Occupants: 10 
19590127-1,,Tuesday 27 January 1959,06:09,Avro 688 Super Trader,Air Charter,,,, G-AGRG, 1255, ,,,,,Fatalities: 2 / Occupants: 6,Fatalities: 0 / Occupants: 0,,, Damaged beyond repair,,"Brindisi-Papola Casale Airport (BDS) (   Italy) 
", Takeoff (TOF),Cargo,"Brindisi-Papola Casale Airport (BDS/LIBR), Italy",?,,,Fatalities: 2 / Occupants: 6 
19590127-2,,Tuesday 27 January 1959,,Lisunov Li-2,Polyarnaya Aviatsiya,,,, CCCP-N492, 18429908, ,,,,,Fatalities: 0 / Occupants: ,Fatalities: 0 / Occupants: ,,, Damaged beyond repair,,"Ust-Kara (   Russia) 
", Approach (APR),Ambulance,?,?,,,Fatalities: 0 / Occupants:  
19590128-0,,Wednesday 28 January 1959,13:49,Douglas C-47A-20-DK (DC-3),Fuerza Aérea de Chile,,,, 952, 12976, 1944,,, 2 Pratt & Whitney R-1830-92,,Fatalities: 4 / Occupants: 4,Fatalities: 3 / Occupants: 3,,, Damaged beyond repair,,"Volcán Osorno (   Chile) 
", En route (ENR),Military,"Santiago-Los Cerrillos Airport (ULC/SCTI), Chile","Punta Arenas-Carlos Ibañez Airport (PUQ/SCCI), Chile",,,Fatalities: 7 / Occupants: 7 
19590129-0,,Thursday 29 January 1959,,Bristol 170 Freighter 31M,Pakistan Air Force,,,, S4426, 13174, 1954,,, 2 Bristol Hercules 734,,Fatalities: 3 / Occupants: 3,Fatalities: 4 / Occupants: 4,,, Damaged beyond repair,,"near Chakala (   Pakistan) 
", Initial climb (ICL),Military,"Rawalpindi (RWP), Pakistan",?,,,Fatalities: 7 / Occupants: 7 
19590131-0,,Saturday 31 January 1959,,Antonov An-12,Soviet Air Force,,,, registration unknown, 8900202, 1958,,,,,Fatalities: 6 / Occupants: 7,Fatalities: 0 / Occupants: 0,,, Damaged beyond repair,,"Vitebsk Airport (VTB) (   Russia) 
", Takeoff (TOF),Military,"Vitebsk Airport (VTB/UMII), Belarus","Vitebsk Airport (VTB/UMII), Belarus",,,Fatalities: 6 / Occupants: 7 
19590199-0,,xx JAN 1959,,Ilyushin Il-12L,"GUSMP, Directorate of Polar Aviation",,,, CCCP-04249, 30099, ,,,,,Fatalities: 0 / Occupants: ,Fatalities: 0 / Occupants: ,,, Damaged beyond repair,,"Mirny (   Antarctica) 
", Landing (LDG),Unknown,?,"Mirny Ice Station, Antarctica",,,Fatalities: 0 / Occupants:  
19590201-0,Final,Sunday 1 February 1959,ca 23:40,Douglas DC-3B-202,General Airways,,,, N17314, 1924, 1937,49051,, 2 Wright R-1820-92,,Fatalities: 2 / Occupants: 3,Fatalities: 1 / Occupants: 25,,, Damaged beyond repair,,"11 km (6.9 mls) SE of Kerrville Airport, TX (ERV) (   United States of America) 
", En route (ENR),Domestic Non Scheduled Passenger,"Pueblo Memorial Airport, CO (PUB/KPUB), United States of America","San Antonio-Lackland AFB, TX (SKF/KSKF), United States of America",,,Fatalities: 3 / Occupants: 28 
19590201-1,,Sunday 1 February 1959,,Lockheed 18-08-01 Lodestar,Commercial Air Services,,,, ZS-ASV, 18-2036, 1940,,,,,Fatalities: 0 / Occupants: 3,Fatalities: 0 / Occupants: 0,,, Damaged beyond repair,,"off Ifafa, KwaZulu-Natal (   South Africa) 
", Unknown (UNK),Unknown,?,?,,,Fatalities: 0 / Occupants: 3 
19590203-0,Final,Tuesday 3 February 1959,22:05 UTC,Boeing 707-121,Pan American World Airways (Pan Am),,,, N712PA, 17591/6, 1958-10-13  (4 months),705,, 4 Pratt & Whitney JT3C-6,,Fatalities: 0 / Occupants: 10,Fatalities: 0 / Occupants: 119,,, Substantial, Repaired,"over Atlantic Ocean (   Atlantic Ocean) 
", En route (ENR),International Scheduled Passenger,"London-Heathrow Airport (LHR/EGLL), United Kingdom","Gander Airport, NL (YQX/CYQX), Canada",PA115,,Fatalities: 0 / Occupants: 129 
19590203-1,Final,Tuesday 3 February 1959,23:56,Lockheed L-188A Electra,American Airlines,,,, N6101A, 1015, 1958,302,, 4 Allison 501-D13,,Fatalities: 2 / Occupants: 5,Fatalities: 63 / Occupants: 68,,, Damaged beyond repair,,"1,5 km (0.9 mls) NE off  New York-La Guardia Airport, NY (LGA) (   United States of America) 
", Approach (APR),Domestic Scheduled Passenger,"Chicago-Midway Airport, IL (MDW/KMDW), United States of America","New York-La Guardia Airport, NY (LGA/KLGA), United States of America",AA320,,Fatalities: 65 / Occupants: 73 
19590204-0,,Wednesday 4 February 1959,,Lisunov Li-2,"Aeroflot, Magadan Civil Aviation Directorate",,,, CCCP-16192, , ,,,,,Fatalities: 0 / Occupants: 5,Fatalities: 0 / Occupants: 1,,, Damaged beyond repair,,"30 km (18.8 mls) W of North Even, Magadan Region (   Russia) 
", En route (ENR),Passenger,?,?,,,Fatalities: 0 / Occupants: 6 
19590204-1,,Wednesday 4 February 1959,,Lockheed P2V-5 Neptune,Royal Australian Air Force - RAAF,,,, A89-308, 426-5087, ,,,,,Fatalities: 8 / Occupants: 8,Fatalities: 0 / Occupants: 0,,, Damaged beyond repair,,"Hawkesbury River, Cornwallis, NSW (   Australia) 
", Approach (APR),Military,?,"Richmond RAAF Base, NSW (YSRI), Australia",,,Fatalities: 8 / Occupants: 8 
19590205-0,,Thursday 5 February 1959,,Fairchild C-119 Flying Boxcar,United States Air Force - USAF,,,, registration unknown, , ,,,,,Fatalities: 3 / Occupants: 3,Fatalities: 0 / Occupants: 0,,, Damaged beyond repair,,"2,4 km (1.5 mls) S of Oakland International Airport, CA (OAK) (   United States of America) 
", Initial climb (ICL),Military,"Oakland International Airport, CA (OAK/KOAK), United States of America","Oakland International Airport, CA (OAK/KOAK), United States of America",,,Fatalities: 3 / Occupants: 3 
19590207-0,,Saturday 7 February 1959,,Douglas C-47A-35-DL (DC-3),AURI - Air Force of the Republic of Indonesia,,,, T-472, 9753, 1943,,,,,Fatalities:  / Occupants: ,Fatalities:  / Occupants: ,,, Damaged beyond repair,,"near Kintamani, Bali (   Indonesia) 
", Unknown (UNK),Military,?,?,,,Fatalities:  / Occupants:  
19590217-0,Final,Tuesday 17 February 1959,16:47 UTC,Vickers 794D Viscount,Türk Hava Yollari - THY,,,, TC-SEV, 429, 1958,548,, 4 Rolls-Royce Dart 510,,Fatalities: 5 / Occupants: 8,Fatalities: 9 / Occupants: 16,,, Damaged beyond repair,,"5,2 km (3.3 mls) W of London-Gatwick Airport (LGW) (   United Kingdom) 
", Approach (APR),Int'l Non Scheduled Passenger,"Roma-Fiumicino Airport (FCO/LIRF), Italy","London Airport (LHR/EGLL), United Kingdom",,,Fatalities: 14 / Occupants: 24 
19590218-0,,Wednesday 18 February 1959,,Curtiss C-46A-40-CU Commando,Southern Cross Airways,,,, N68823, 26818, 1944,,, 2 Pratt & Whitney R-2800-51,,Fatalities: 0 / Occupants: 5,Fatalities: 0 / Occupants: 0,,, Damaged beyond repair,,"Belen (   Chile) 
", En route (ENR),Cargo,"Arica-Chacalluta Airport (ARI/SCAR), Chile","Puerto Suarez Airport (PSZ/SLPS), Bolivia",,,Fatalities: 0 / Occupants: 5 
19590220-0,,Friday 20 February 1959,,Douglas DC-7C,Pan American World Airways (Pan Am),,,, N740PA, 44882/694, 1956,,,,,Fatalities: 0 / Occupants: 3,Fatalities: 0 / Occupants: 0,,, Damaged beyond repair,,"San Francisco International Airport, CA (SFO) (   United States of America) 
", Landing (LDG),Training,"San Francisco International Airport, CA (SFO/KSFO), United States of America","San Francisco International Airport, CA (SFO/KSFO), United States of America",,,Fatalities: 0 / Occupants: 3 
19590224-0,,Tuesday 24 February 1959,,de Havilland Canada YAC-1 Caribou,de Havilland Canada,,,, CF-LKI-X,   3, 1959,,,,,Fatalities:  / Occupants: ,Fatalities:  / Occupants: ,,, Damaged beyond repair,,"Udoria, ON (   Canada) 
", Unknown (UNK),Test,?,?,,,Fatalities:  / Occupants:  
19590225-0,,Wednesday 25 February 1959,,Boeing 707-121,Pan American World Airways (Pan Am),,,, N709PA, 17588/3, 1958,,, 4 Pratt & Whitney JT3C-6,,Fatalities: 0 / Occupants: 5,Fatalities: 0 / Occupants: 0,,, Substantial, Repaired,"over Chartres (   France) 
", En route (ENR),Training,"Paris-Le Bourget Airport (LBG/LFPB), France","Paris-Le Bourget Airport (LBG/LFPB), France",,,Fatalities: 0 / Occupants: 5 
19590228-0,,Saturday 28 February 1959,,Lockheed C-121G Super Constellation (L-1049),United States Air Force - USAF,,,, 54-4069, 4149, 1954,,,,,Fatalities: 5 / Occupants: 5,Fatalities: 0 / Occupants: 0,,, Damaged beyond repair,,"3 km (1.9 mls) S of Prescott Airport, AZ (PRC) (   United States of America) 
", Initial climb (ICL),Military,"Goodyear-Litchfield Park NAS, AZ (GYR/KGYR), United States of America","Goodyear-Litchfield Park NAS, AZ (GYR/KGYR), United States of America",,,Fatalities: 5 / Occupants: 5 
19590301-0,,Sunday 1 March 1959,ca 12:00,Douglas C-47A-DL (DC-3),Força Aérea Brasileira - FAB,,,, 2070, 13822, 1944,,, 2 Pratt & Whitney R-1830-92,,Fatalities: 5 / Occupants: 5,Fatalities: 13 / Occupants: 13,,, Damaged beyond repair,,"30 km (18.8 mls) from  Caravelas, BA (   Brazil) 
", En route (ENR),Military,"Rio de Janeiro (unknown airport), RJ, Brazil","Salvador-Dois de Julho International Airport, BA (SSA/SBSV), Brazil",,,Fatalities: 18 / Occupants: 18 
19590304-0,,Wednesday 4 March 1959,,Douglas C-47 (DC-3),Indian Air Force - IAF,,,, HJ243, , ,,,,,Fatalities:  / Occupants: ,Fatalities:  / Occupants: ,,, Damaged beyond repair,,"Brahmaputra River (   India) 
", Unknown (UNK),Military,?,?,,,Fatalities:  / Occupants:  
19590304-1,,Wednesday 4 March 1959,ca 13:55,Baade 152,VEB Flugzeugwerke Dresden,,,, DM-ZYA, V-1, 1958-12-04  (3 months),1.5,, 4 Tumansky RD-9B,1,Fatalities: 4 / Occupants: 4,Fatalities: 0 / Occupants: 0,,, Destroyed, Written off (damaged beyond repair),"8 km (5 mls) NE of Dresden-Klotzsche Airport (DRS) (   Germany) 
", Approach (APR),Test,"Dresden Airport (DRS/EDDC), Germany","Dresden Airport (DRS/EDDC), Germany",,,Fatalities: 4 / Occupants: 4 
19590305-0,,Thursday 5 March 1959,19:35 UTC,Vickers 763D Viscount,TACA International Airlines,,,, YS-09C,  82, 1958,,,,,Fatalities: 2 / Occupants: 4,Fatalities: 13 / Occupants: 15,,, Damaged beyond repair,,"2,4 km (1.5 mls) from  Managua Airport (MGA) (   Nicaragua) 
", Initial climb (ICL),International Scheduled Passenger,"Managua Airport (MGA/MNMG), Nicaragua","Tegucigalpa-Toncontin Airport (TGU/MHTG), Honduras", 779,,Fatalities: 15 / Occupants: 19 
19590306-0,,Friday 6 March 1959,,Fairchild R4Q Flying Boxcar (C-119),United States Marine Corps,,,, registration unknown, , ,,,,,Fatalities:  / Occupants: ,Fatalities:  / Occupants: ,,, Damaged beyond repair,,"8 km (5 mls) from  Cherry Point MCAS, NC (   United States of America) 
", Approach (APR),Military,"Norfolk NAS Chambers, VA (NGU/KNGU), United States of America","Cherry Point MCAS, NC (KNKT), United States of America",,,Fatalities: 8 / Occupants: 9 
19590309-0,,Monday 9 March 1959,,Fokker F-27 Friendship 100,Fokker,,,, PH-NVF, 10202, 1957,,,,,Fatalities: 0 / Occupants: ,Fatalities: 0 / Occupants: ,,, Substantial, Repaired,"Addis Ababa-Lideta Airport (   Ethiopia) 
", Takeoff (TOF),Unknown,"Addis Ababa-Lideta Airport (HAAL), Ethiopia",?,,,Fatalities: 0 / Occupants:  
19590310-0,,Tuesday 10 March 1959,20:30,Consolidated C-10A Catalina (PBY-5A),Força Aérea Brasileira - FAB,,,, 6513, 1888, ,,,,,Fatalities: 5 / Occupants: 5,Fatalities: 18 / Occupants: 18,,, Damaged beyond repair,,"Curralinho, PA (   Brazil) 
", Unknown (UNK),Military,?,?,,,Fatalities: 23 / Occupants: 23 
19590312-0,,Thursday 12 March 1959,,Curtiss C-46A-5-CK Commando,Transaéreos de la Corporación Boliviana de Fomento,,,, CP-552,    51, 1944,,, 2 Pratt & Whitney R-2800-51,,Fatalities:  / Occupants: ,Fatalities:  / Occupants: ,,, Damaged beyond repair,,"Charagua (   Bolivia) 
", Unknown (UNK),Unknown,?,?,,,Fatalities:  / Occupants:  
19590312-1,,Thursday 12 March 1959,14:10,Douglas C-47A-10-DK (DC-3),Indian Airlines,,,, VT-CYH, 12493, 1944,,, 2 Pratt & Whitney R-1830-92,,Fatalities: 3 / Occupants: 3,Fatalities: 2 / Occupants: 4,,, Damaged beyond repair,,"near Tobu (   India) 
", Unknown (UNK),Cargo,"Jorhat-Rowriah Airport (JRH/VEJT), India","Jorhat-Rowriah Airport (JRH/VEJT), India",,,Fatalities: 5 / Occupants: 7 
19590313-0,,Friday 13 March 1959,08:02 UTC,Bristol 170 Freighter 21E,Aviaco,,,, EC-ADH, 12776, ,,,,,Fatalities: 0 / Occupants: 3,Fatalities: 1 / Occupants: 15,,, Damaged beyond repair,,"Mahon (   Spain) 
", Approach (APR),Domestic Scheduled Passenger,"Palma de Mallorca Airport (PMI/LEPA), Spain","Menorca-Mahón Airport (MAH/LEMH), Spain",,,Fatalities: 1 / Occupants: 18 
19590315-1,Final,Sunday 15 March 1959,00:53,Convair CV-240-0,American Airlines,,,, N94273, 150, 1949,22720,, 2 Pratt & Whitney R-2800-83AM4A,,Fatalities: 0 / Occupants: 2,Fatalities: 0 / Occupants: 0,,, Damaged beyond repair,,"1,5 km (0.9 mls) SE of Chicago-Midway Airport, IL (MDW) (   United States of America) 
", Approach (APR),Cargo,"New York-La Guardia Airport, NY (LGA/KLGA), United States of America","Chicago-Midway Airport, IL (MDW/KMDW), United States of America",AA2815,,Fatalities: 0 / Occupants: 2 
19590329-0,,Sunday 29 March 1959,14:59,Lockheed WV-2 Super Constellation,United States Navy,,,, 141332, 4456, 1956,,,,,Fatalities: 0 / Occupants: 21,Fatalities: 0 / Occupants: 0,,, Damaged beyond repair,,"Argentia-NAS, NL (NWP) (   Canada) 
", Landing (LDG),Military,?,"Argentia NAS, NL (NWP), Canada",,,Fatalities: 0 / Occupants: 21 
19590329-1,Final,Sunday 29 March 1959,ca 10:45,Douglas C-47A-90-DL (DC-3),Indian Airlines,,,, VT-CGI, 20176, 1944,,, 2 Pratt & Whitney R-1830-92,,Fatalities: 4 / Occupants: 4,Fatalities: 20 / Occupants: 20,,, Damaged beyond repair,,"56 km (35 mls) W of Silchar (   India) 
", En route (ENR),Domestic Scheduled Passenger,"Agartala-Singerbhil Airport (IXA/VEAT), India","Silchar-Kumbhirgram Airport (IXS/VEKU), India",,,Fatalities: 24 / Occupants: 24 
19590329-2,,Sunday 29 March 1959,,Nord 2501 Noratlas,Union Aéromaritime de Transport,,,, F-BGZB, 2, ,,, 2 Bristol Hercules 739,,Fatalities: 4 / Occupants: 4,Fatalities: 5 / Occupants: 5,,, Damaged beyond repair,,"near Boukpayanga (   Central African Republic) 
", En route (ENR),Domestic Non Scheduled Passenger,"Berbérati Airport (BBT/FEFT), Central African Republic","Bangui Airport (BGF/FEFF), Central African Republic",,,Fatalities: 9 / Occupants: 9 
19590330-1,,Monday 30 March 1959,,Curtiss C-46A-45-CU Commando,Riddle Airlines,,,, N7840B, 30242, 1944,,, 2 Pratt & Whitney R-2800-51,,Fatalities: 2 / Occupants: 2,Fatalities: 0 / Occupants: 0,,, Damaged beyond repair,,"Alma, GA (   United States of America) 
", Unknown (UNK),Cargo,"Orlando International Airport, FL (MCO/KMCO), United States of America",?, 402,,Fatalities: 2 / Occupants: 2 
19590331-0,,Tuesday 31 March 1959,11:45,Boeing KC-135A Stratotanker,United States Air Force - USAF,,,, 58-0002, 17747/217, 1959-01-26  (2 months),50,, 4 Pratt & Whitney J57-P,,Fatalities: 4 / Occupants: 4,Fatalities: 0 / Occupants: 0,,, Damaged beyond repair,,"14,5 km (9.1 mls) E of Killeen, TX (   United States of America) 
", En route (ENR),Military,"Austin-Bergstrom AFB, TX (KAYS), United States of America","Austin-Bergstrom AFB, TX (KAYS), United States of America",,,Fatalities: 4 / Occupants: 4 
19590331-1,,Tuesday 31 March 1959,,Douglas C-124C Globemaster II,United States Air Force - USAF,,,, 51-5201, 43611, ,,, 4 Pratt & Whitney R-4360-20WA,,Fatalities: 4 / Occupants: 9,Fatalities: 0 / Occupants: 0,,, Damaged beyond repair,,"Adana-Incirlik Air Base (ADA) (   Turkey) 
", Initial climb (ICL),Military,"Adana-Incirlik Air Base (ADA/LTAG), Turkey",?,,,Fatalities: 4 / Occupants: 9 
19590331-2,,Tuesday 31 March 1959,09:15,Douglas C-47B-45-DK (DC-3),COHATA - Compagnie Haitienne de Transports Aériens,,,, 5878, 34137/16881, 1945,,, 2 Pratt & Whitney R-1830-90C,,Fatalities: 0 / Occupants: 4,Fatalities: 0 / Occupants: 19,,, Damaged beyond repair,,"near Port-au-Prince (   Haiti) 
", Initial climb (ICL),Domestic Scheduled Passenger,"Port-au-Prince Airport (PAP/MTPP), Haiti","Cap Haitien Airport (CAP/MTCH), Haiti",,,Fatalities: 0 / Occupants: 23 
19590331-3,,Tuesday 31 March 1959,16:20,Douglas R4D-8 (Super DC-3),United States Navy,,,, 17241, 43343, 1944,,,,,Fatalities:  / Occupants: 6,Fatalities:  / Occupants: 14,Fatalities: 1,, Damaged beyond repair,,"near Napoli-Capodichino Airport (NAP) (   Italy) 
", Takeoff (TOF),Military,"Napoli-Capodichino Airport (NAP/LIRN), Italy","Malta-Luqa Airport (MLA/LMML), Malta",,,Fatalities: 3 / Occupants: 20 
19590401-0,,Wednesday 1 April 1959,,Douglas C-118A (DC-6),United States Air Force - USAF,,,, 53-3250, 44621/554, 1955,,,,,Fatalities: 4 / Occupants: 4,Fatalities: 0 / Occupants: 0,,, Damaged beyond repair,,"8 km (5 mls) from  Orting, WA (   United States of America) 
", En route (ENR),Military,"Tacoma-McChord AFB, WA (TCM/KTCM), United States of America",?,,,Fatalities: 4 / Occupants: 4 
19590402-0,,Thursday 2 April 1959,23:35,Lockheed WV-2 Super Constellation,United States Navy,,,, 141303, 4427, 1956,,,,,Fatalities: 1 / Occupants: 29,Fatalities: 0 / Occupants: 0,,, Damaged beyond repair,,"Argentia-NAS, NL (NWP) (   Canada) 
", Landing (LDG),Military,?,"Argentia NAS, NL (NWP), Canada",,,Fatalities: 1 / Occupants: 29 
19590408-0,,Wednesday 8 April 1959,,Scottish Aviation Twin Pioneer CC.1,Royal Air Force - RAF,,,, XM287, 541, 1958-08-20  (8 months),,, 2 Alvis Leonides 514,,Fatalities: 0 / Occupants: ,Fatalities: 0 / Occupants: ,,, Damaged beyond repair,,"48 km (30 mls) W Aden-Khormaksar RAF Station (   Yemen) 
", En route (ENR),Military,?,?,,,Fatalities: 0 / Occupants:  
19590408-1,,Wednesday 8 April 1959,,Scottish Aviation Twin Pioneer CC.1,Royal Air Force - RAF,,,, XM288, 542, 1958-09-01  (7 months),,, 2 Alvis Leonides 514,,Fatalities: 0 / Occupants: ,Fatalities: 0 / Occupants: ,,, Damaged beyond repair,,"0,8 km (0.5 mls) W off  Aden-Khormaksar RAF Station (   Yemen) 
", En route (ENR),Military,?,?,,,Fatalities: 0 / Occupants:  
19590409-0,,Thursday 9 April 1959,,de Havilland  DH-106 Comet 4,British Overseas Airways Corporation - BOAC,,,, G-APDF, 6407, 1958,,, 4 Rolls-Royce Avon 524,,Fatalities: 0 / Occupants: 9,Fatalities: 0 / Occupants: 64,,, Substantial, Repaired,"Beirut Airport (BEY) (   Lebanon) 
", En route (ENR),International Scheduled Passenger,"Beirut Airport (BEY/OLBA), Lebanon",?,,,Fatalities: 0 / Occupants: 73 
19590410-0,,Friday 10 April 1959,,Boeing 377 Stratocruiser 10-26,Pan American World Airways (Pan Am),,,, N1033V, 15933/31, 1949-05-22  (9 years 11 months),,, 4 Pratt & Whitney R-4360-B6,,Fatalities: 0 / Occupants: 5,Fatalities: 0 / Occupants: 5,,, Damaged beyond repair,,"Juneau International Airport, AK (JNU) (   United States of America) 
", Landing (LDG),Domestic Scheduled Passenger,"Seattle/Tacoma International Airport, WA (SEA/KSEA), United States of America","Juneau International Airport, AK (JNU/PAJN), United States of America",,,Fatalities: 0 / Occupants: 10 
19590410-1,,Friday 10 April 1959,,Douglas DC-3,COHATA - Compagnie Haitienne de Transports Aériens,,,, registration unknown, , ,,,,,Fatalities: 1 / Occupants: 2,Fatalities: 0 / Occupants: 30,,, Unknown,,"Santiago Airport (SCU) (   Cuba) 
", En route (ENR),Domestic Scheduled Passenger,"Les Cayes Airport (CYA/MTCA), Haiti","Port-au-Prince-Mais Gate Airport (PAP/MTPP), Haiti",,,Fatalities: 1 / Occupants: 32 
19590412-0,,Sunday 12 April 1959,,Douglas C-47A-80-DL (DC-3),Força Aérea Portuguesa,,,, 6150, 19773, 1943,,, 2 Pratt & Whitney R-1830-92,,Fatalities:  / Occupants: ,Fatalities:  / Occupants: ,,, Damaged beyond repair,,"Rio Tejo (Tagus River) (   Portugal) 
", Initial climb (ICL),Military,"Lisboa-Portela de Sacavém Airport (LIS/LPPT), Portugal",?,,,Fatalities: 11 / Occupants: 11 
19590413-0,,Monday 13 April 1959,,Morane Saulnier MS.760 Paris I,Aéronavale,,,, 12, 12, 1959,,,,,Fatalities: 3 / Occupants: ,Fatalities: 0 / Occupants: 0,,, Damaged beyond repair,,"Hyères (   France) 
", Unknown (UNK),Military,?,"Hyères Naval Air Station (TLN/LFTH), France",,,Fatalities: 3 / Occupants:  
19590413-1,,Monday 13 April 1959,,Lockheed P2V-3 Neptune,United States Navy,,,, 122984, , ,,,,,Fatalities: 0 / Occupants: ,Fatalities: 0 / Occupants: ,,, Damaged beyond repair,,"near China Lake, CA (   United States of America) 
", Unknown (UNK),Military,?,?,,,Fatalities: 0 / Occupants:  
19590415-0,,Wednesday 15 April 1959,,Grumman SA-16 Albatross,United States Air Force - USAF,,,, registration unknown, , ,,,,,Fatalities:  / Occupants: ,Fatalities:  / Occupants: ,,, Damaged beyond repair,,"Baltimore Harbor Field, MD (   United States of America) 
", Takeoff (TOF),Military,"Baltimore Harbor Field, MD, United States of America",?,,,Fatalities: 6 / Occupants: 6 
19590416-0,,Thursday 16 April 1959,,Curtiss C-46,Aerovías Cubanas Internacionales,,,, registration unknown, , ,,,,,Fatalities: 0 / Occupants: 3,Fatalities: 0 / Occupants: 19,,, None,,"Miami International Airport, FL (MIA) (   United States of America) 
", En route (ENR),Domestic Scheduled Passenger,"Havana-José Martí International Airport (HAV/MUHA), Cuba","Isla De La Juventud-Siguanea Airport (SZJ/MUSN), Cuba",,,Fatalities: 0 / Occupants: 22 
19590416-2,,Thursday 16 April 1959,,Douglas C-47 (DC-3),Türk Hava Kuvvetleri (Turkish Air Force),,,, registration unknown, , ,,,,,Fatalities: 2 / Occupants: ,Fatalities: 0 / Occupants: ,,, Damaged beyond repair,,"Ankara-Etimesgut Airport (ANK) (   Turkey) 
", Takeoff (TOF),Military,"Ankara-Etimesgut Airport (ANK/LTAD), Turkey",?,,,Fatalities: 2 / Occupants:  
19590417-0,,Friday 17 April 1959,06:39,Curtiss C-46F-1-CU Commando,Tigres Voladores,,,, XA-MIS, 22586, 1945,,,,,Fatalities: 5 / Occupants: 5,Fatalities: 21 / Occupants: 21,,, Damaged beyond repair,,"near Bahía Kino (   Mexico) 
", En route (ENR),Domestic Scheduled Passenger,"Mexicali Airport (MXL/MMML), Mexico","Guaymas-Gen Jose M Yanez Airport (GYM/MMGM), Mexico",,,Fatalities: 26 / Occupants: 26 
19590421-0,,Tuesday 21 April 1959,03:30,Grumman A-16 Albatross (HU-16),Força Aérea Brasileira - FAB,,,, 6536, G-39, ,,,,,Fatalities:  / Occupants: ,Fatalities:  / Occupants: ,,, Damaged beyond repair,,"Porto Alegre, RS (   Brazil) 
", Approach (APR),Military,?,?,,,Fatalities: 2 / Occupants: 6 
19590423-0,,Thursday 23 April 1959,,Avro 688 Super Trader,Air Charter,,,, G-AGRH, 1256, ,,,,,Fatalities: 12 / Occupants: 12,Fatalities: 0 / Occupants: 0,,, Damaged beyond repair,,"Mount Süphan (   Turkey) 
", En route (ENR),Cargo,"Ankara (unknown airport), Turkey","Bahrain International Airport (BAH/OBBI), Bahrain",,,Fatalities: 12 / Occupants: 12 
19590424-0,,Friday 24 April 1959,13:06,Lisunov Li-2,"Aeroflot, West Siberia Civil Aviation Directorate",,,, CCCP-84595, 18427508, ,,,,,Fatalities: 5 / Occupants: 8,Fatalities: 0 / Occupants: 0,,, Damaged beyond repair,,"Novosibirsk Region (   Russia) 
", En route (ENR),Survey/research,?,?,,,Fatalities: 5 / Occupants: 8 
19590425-0,,Saturday 25 April 1959,,Douglas C-47A-20-DL (DC-3),Iranian Airways,,,, EP-ACL, 9308, 1943,,, 2 Pratt & Whitney R-1830-92,,Fatalities: 0 / Occupants: ,Fatalities: 0 / Occupants: ,,, Damaged beyond repair,,"near Kerman (   Iran) 
", Unknown (UNK),Unknown,"Sanandaj Airport (SDG/OICS), Iran",?,,,Fatalities: 0 / Occupants:  
19590425-1,,Saturday 25 April 1959,,Vickers Viscount,Cubana de Aviación,,,, registration unknown, , ,,,,,Fatalities: 0 / Occupants: ,Fatalities: 0 / Occupants: 12,,, None,,"Key West International Airport, FL (EYW) (   United States of America) 
", En route (ENR),Domestic Scheduled Passenger,"Varadero-Juan Gualberto Gomez Airport (VRA/MUVR), Cuba","Havana-José Martí International Airport (HAV/MUHA), Cuba",,,Fatalities: 0 / Occupants:  
19590429-0,,Wednesday 29 April 1959,16:00,Douglas C-47A-75-DL (DC-3),Iberia,,,, EC-ABC, 19334, 1943,,, 2 Pratt & Whitney R-1830-92,,Fatalities: 3 / Occupants: 3,Fatalities: 25 / Occupants: 25,,, Damaged beyond repair,,"Sierra de Valdemeca (   Spain) 
", En route (ENR),Domestic Scheduled Passenger,"Barcelona-El Prat Airport (BCN/LEBL), Spain","Madrid-Barajas Airport (MAD/LEMD), Spain",,,Fatalities: 28 / Occupants: 28 
19590429-1,,Wednesday 29 April 1959,,Lisunov Li-2,Polyarnaya Aviatsiya,,,, CCCP-04209, 18430808, ,,,,,Fatalities: 0 / Occupants: 6,Fatalities: 0 / Occupants: ,,, Damaged beyond repair,,"N82°21' E177°00' (   Arctic Ocean) 
", Takeoff (TOF),Unknown,?,?,,,Fatalities: 0 / Occupants:  
19590430-0,,Thursday 30 April 1959,,Douglas C-47B-1-DK (DC-3),Air France,,,, F-BAII, 25550/14105, 1944,,, 2 Pratt & Whitney R-1830-90C,,Fatalities: 0 / Occupants: ,Fatalities: 0 / Occupants: ,,, Damaged beyond repair,,"Poitiers-Biard Airport (PIS) (   France) 
", Landing (LDG),Cargo,?,"Poitiers-Biard Airport (PIS/LFBI), France",,,Fatalities: 0 / Occupants:  
19590499-0,,xx APR 1959,,Antonov An-2,"Aeroflot, Yakutsk Civil Aviation Directorate",,,, CCCP-L5569, , ,,,,,Fatalities:  / Occupants: ,Fatalities:  / Occupants: ,,, Damaged beyond repair,,"at an unknown location (   Russia) 
", Unknown (UNK),Unknown,?,?,,,Fatalities:  / Occupants:  
19590502-0,,Saturday 2 May 1959,21:12 UTC,Douglas C-47A-1-DK (DC-3),Austria-Flugdienst,,,, OE-FDA, 13332, 1943,,, 2 Pratt & Whitney R-1830-92,,Fatalities: 3 / Occupants: 3,Fatalities: 2 / Occupants: 2,,, Damaged beyond repair,,"Mallorca, Alfabia Peak (   Spain) 
", Unknown (UNK),Int'l Non Scheduled Passenger,"Palma de Mallorca Airport (PMI/LEPA), Spain","Wien-Schwechat International Airport (VIE/LOWW), Austria",,,Fatalities: 5 / Occupants: 5 
19590506-1,,Wednesday 6 May 1959,,Curtiss C-46A-40-CU Commando,Paraense Transportes Aéreos,,,, PP-BTA, 26901, 1944,,, 2 Pratt & Whitney R-2800-51,,Fatalities: 3 / Occupants: 3,Fatalities: 0 / Occupants: 0,,, Destroyed, Written off (damaged beyond repair),"near Belém, PA (   Brazil) 
", En route (ENR),Cargo,"Belém/Val-de-Cans International Airport, PA (BEL/SBBE), Brazil","Cristalândia Airstrip, TO, Brazil",,,Fatalities: 3 / Occupants: 3 
19590508-0,,Friday 8 May 1959,,Curtiss C-46 Super C,Transportes Aéreos Peruanos - TAPSA,,,, OB-QAM, 26709, 1943,,, 2 Pratt & Whitney R-2800-51,,Fatalities: 0 / Occupants: 2,Fatalities: 0 / Occupants: 3,,, Damaged beyond repair,,"near Cuzco-Velazco Astete Airport (CUZ) (   Peru) 
", Takeoff (TOF),Unknown,"Cuzco-Velazco Astete Airport (CUZ/SPZO), Peru",?,,,Fatalities: 0 / Occupants: 5 
19590511-0,,Monday 11 May 1959,,Lockheed P2V-5 Neptune,United States Navy,,,, registration unknown, , ,,,,,Fatalities: 9 / Occupants: 10,Fatalities: 0 / Occupants: 0,,, Damaged beyond repair,,"near Whidbey Island-NAS, WA (NUW) (   United States of America) 
", Initial climb (ICL),Military,"Whidbey Island-NAS, WA (NUW), United States of America",?,,,Fatalities: 9 / Occupants: 10 
19590512-0,Final,Tuesday 12 May 1959,15:20,Lockheed L-049E-46 Constellation,Capital Airlines,,,, N2735A, 1978, ,29589,, 4 Wright R-3350 (972TC18DA3),,Fatalities: 1 / Occupants: 6,Fatalities: 1 / Occupants: 38,,, Damaged beyond repair,,"Charleston-Kanawha County Airport, WV (CRW) (   United States of America) 
", Landing (LDG),Domestic Scheduled Passenger,"Pittsburgh-Greater Pittsburgh Airport, PA (PIT/KPIT), United States of America","Charleston-Kanawha County Airport, WV (CRW/KCRW), United States of America", 983,,Fatalities: 2 / Occupants: 44 
19590512-1,Final,Tuesday 12 May 1959,16:13,Vickers 745D Viscount,Capital Airlines,,,, N7463, 287, 1957-12-08  (1 year 5 months),4180,, 4 Rolls-Royce Dart 510,,Fatalities: 4 / Occupants: 4,Fatalities: 27 / Occupants: 27,,, Destroyed, Written off (damaged beyond repair),"Chase, MD (   United States of America) 
", En route (ENR),Domestic Scheduled Passenger,"New York-La Guardia Airport, NY (LGA/KLGA), United States of America","Atlanta Hartsfield-Jackson International Airport, GA (ATL/KATL), United States of America",  75,,Fatalities: 31 / Occupants: 31 
19590513-0,,Wednesday 13 May 1959,,Curtiss C-46A-40-CU Commando,Transportes Aéreos Peruanos - TAPSA,,,, OB-WBP-507, 26829, 1944,,, 2 Pratt & Whitney R-2800-51,,Fatalities: 4 / Occupants: 4,Fatalities: 8 / Occupants: 8,,, Damaged beyond repair,,"30 km (18.8 mls) S of Tournavista (   Peru) 
", Unknown (UNK),Domestic Scheduled Passenger,"Tournavista Airport (SPTR), Peru","Tarapoto Airport (TPP/SPST), Peru",,,Fatalities: 12 / Occupants: 12 
19590515-0,Final,Friday 15 May 1959,20:42,Douglas C-47A-80-DL (DC-3),Aerolineas Argentinas,,,, LV-AFW, 19790, 1944,,, 2 Pratt & Whitney R-1830-92,,Fatalities: 4 / Occupants: 4,Fatalities: 6 / Occupants: 6,,, Damaged beyond repair,,"3 km (1.9 mls) off  Mar del Plata, BA (   Argentina) 
", En route (ENR),Domestic Scheduled Passenger,"Mar Del Plata Airport, BA (MDQ/SAZM), Argentina","Bahía Blanca-Comandante Espora Airport, BA (BHI/SAZB), Argentina",AR672,,Fatalities: 10 / Occupants: 10 
19590518-0,,Monday 18 May 1959,,Vickers 815 Viscount,Pakistan International Airlines - PIA,,,, AP-AJC, 335, 1958-12-17  (5 months),710,, 4 Rolls-Royce Dart 525,650,Fatalities: 0 / Occupants: ,Fatalities: 0 / Occupants: ,,, Damaged beyond repair,,"Islamabad International Airport (ISB) (   Pakistan) 
", Landing (LDG),Unknown,?,"Islamabad International Airport (ISB/OPRN), Pakistan",,,Fatalities: 0 / Occupants: 43 
19590520-0,,Wednesday 20 May 1959,17:29,Lockheed C-130A Hercules,United States Air Force - USAF,,,, 57-0468, 3175, 1958,,,,,Fatalities:  / Occupants: ,Fatalities:  / Occupants: ,Fatalities: 9,, Damaged beyond repair,,"Ashiya Air Base (   Japan) 
", Landing (LDG),Military,"Iwo Jima Air Base (IWO/RJAW), Japan","Ashiya Air Base (RJFA), Japan",,,Fatalities: 1 / Occupants: 8 
19590521-0,,Thursday 21 May 1959,,Curtiss C-46A-50-CU Commando,Lineas Aéreas Interpolar,,,, CC-CIA-497, 30482, 1944,,, 2 Pratt & Whitney R-2800-51,,Fatalities: 4 / Occupants: 4,Fatalities: 4 / Occupants: 4,,, Destroyed, Written off (damaged beyond repair),"Moro (   Peru) 
", En route (ENR),Cargo,"Talara Airport (TYL/SPYL), Peru","Arica-Chacalluta Airport (ARI/SCAR), Chile",,,Fatalities: 8 / Occupants: 8 
19590529-0,,Friday 29 May 1959,,Handley Page Hastings C.1,Royal Air Force - RAF,,,, TG522, HP67/26, ,,,,,Fatalities: 5 / Occupants: 5,Fatalities: 0 / Occupants: 25,,, Damaged beyond repair,,"1,6 km (1 mls) S of Khartoum-Civil Airport (KRT) (   Sudan) 
", Approach (APR),Military,"Khartoum-Civil Airport (KRT/HSSS), Sudan",?,,,Fatalities: 5 / Occupants: 30 
19590601-0,,Monday 1 June 1959,,Curtiss C-46,Aerolineas Nacionales,,,, TI-1022, , ,,,,,Fatalities: 2 / Occupants: 2,Fatalities: 0 / Occupants: 0,,, Damaged beyond repair,,"within Nicaragua (   Nicaragua) 
", En route (ENR),Cargo,"San José-La Sabana Airport, Costa Rica",?,,,Fatalities: 2 / Occupants: 2 
19590603-0,,Wednesday 3 June 1959,,de Havilland DH-106 Comet 2R,Royal Air Force - RAF,,,, XK663, 06027, 1955-07-18  (3 years 11 months),,,,,Fatalities: 0 / Occupants: 0,Fatalities: 0 / Occupants: 0,,, Damaged beyond repair,,"RAF Watton Airfield (   United Kingdom) 
", Standing (STD),Military,-,-,,,Fatalities: 0 / Occupants: 0 
19590607-0,,Sunday 7 June 1959,,Douglas SC-47A,United States Air Force - USAF,,,, 43-15689, 20155, 1944,,,,,Fatalities: 0 / Occupants: ,Fatalities: 0 / Occupants: ,,, Damaged beyond repair,,"100 km (62.5 mls) off  Libya (   Mediterranean Sea) 
", En route (ENR),Military,?,?,,,Fatalities: 0 / Occupants: 7 
19590608-0,,Monday 8 June 1959,,de Havilland  DH-106 Comet 4,British Overseas Airways Corporation - BOAC,,,, G-APDA, 6401, 1958,,, 4 Rolls-Royce Avon 524,,Fatalities: 0 / Occupants: 9,Fatalities: 0 / Occupants: 44,,, Substantial, Repaired,"Calcutta-Dum Dum Airport (CCU) (   India) 
", Approach (APR),International Scheduled Passenger,"Bangkok-Don Muang International Airport (BKK/VTBD), Thailand","Calcutta-Dum Dum Airport (CCU/VECC), India",931,,Fatalities: 0 / Occupants: 53 
19590610-0,,Wednesday 10 June 1959,10:30,Martin PBM-5A Mariner,Marine Luchtvaart Dienst - MLD,,,, P-306, , ,,,,,Fatalities: 8 / Occupants: 8,Fatalities: 0 / Occupants: 0,,, Damaged beyond repair,,"Mormugao, Goa (   India) 
", Approach (APR),Military,"Negombo RAF Station (CMB/VCBI), Sri Lanka","Karachi (unknown airport), Pakistan",,,Fatalities: 8 / Occupants: 8 
19590614-0,,Sunday 14 June 1959,,Douglas C-47A-70-DL (DC-3),Türk Hava Kuvvetleri (Turkish Air Force),,,, ETI-82, 19114, 1943,,,,,Fatalities:  / Occupants: ,Fatalities:  / Occupants: ,,, Damaged beyond repair,,"unknown (   Unknown country) 
", Unknown (UNK),Military,?,?,,,Fatalities:  / Occupants:  
19590620-0,,Saturday 20 June 1959,,Consolidated P4Y-2 Privateer,International Air Applicators,,,, N6884C, , ,,,,,Fatalities:  / Occupants: ,Fatalities:  / Occupants: ,,, Damaged beyond repair,,"Prescott, AZ (   United States of America) 
", Unknown (UNK),Unknown,?,?,,,Fatalities:  / Occupants:  
19590621-0,,Sunday 21 June 1959,,de Havilland  DH-106 Comet 4,British Overseas Airways Corporation - BOAC,,,, G-APDB, 6403, 1958,,, 4 Rolls-Royce Avon 524,,Fatalities: 0 / Occupants: 10,Fatalities: 0 / Occupants: 33,,, Substantial, Repaired,"New York-Idlewild International Airport, NY (IDL) (   United States of America) 
", Landing (LDG),Passenger,?,"New York-Idlewild International Airport, NY (IDL/KIDL), United States of America",,,Fatalities: 0 / Occupants: 43 
19590621-1,,Sunday 21 June 1959,,Canadair C-54GM North Star,Royal Canadian Air Force - RCAF,,,, 17525, 101, 1946-07-01  (13 years),,, 4 Rolls-Royce Merlin 622,,Fatalities: 0 / Occupants: 7,Fatalities: 0 / Occupants: 19,,, Damaged beyond repair,,"Athens-Ellinikon International Airport (ATH) (   Greece) 
", Landing (LDG),Military,?,"Athens-Ellinikon International Airport (ATH/LGAT), Greece",,,Fatalities: 0 / Occupants: 26 
19590622-0,,Monday 22 June 1959,,Douglas DC-6A/B,Pan American World Airways (Pan Am),,,, N5026K, 44426/477, 1954,,,,,Fatalities: 0 / Occupants: 6,Fatalities: 0 / Occupants: 2,,, Damaged beyond repair,,"Shannon Airport (SNN) (   Ireland) 
", Takeoff (TOF),Cargo,"Shannon Airport (SNN/EINN), Ireland","New York (unknown airport), NY, United States of America",,,Fatalities: 0 / Occupants: 8 
19590622-1,,Monday 22 June 1959,,Boeing KC-135A Stratotanker,United States Air Force - USAF,,,, 57-1446, 17517/126, 1958-07-29  (11 months),,, 4 Pratt & Whitney J57-P,,Fatalities: 0 / Occupants: 0,Fatalities: 0 / Occupants: 0,,, Destroyed, Written off (damaged beyond repair),"Roswell-Walker AFB, NM (   United States of America) 
", Standing (STD),Military,-,-,,,Fatalities: 0 / Occupants: 0 
19590623-0,,Tuesday 23 June 1959,,CASA 352 (Junkers Ju-52),Ejército del Aire,,,, T.2B-239, 130, ,,,,,Fatalities:  / Occupants: ,Fatalities:  / Occupants: ,,, Damaged beyond repair,,"at an unknown location (   Unknown country) 
", Unknown (UNK),Military,?,?,,,Fatalities:  / Occupants:  
19590623-1,,Tuesday 23 June 1959,ca 19:30,Douglas DC-4,Avianca,,,, HK-135, 10418, 1944,,,,,Fatalities: 4 / Occupants: 4,Fatalities: 10 / Occupants: 10,,, Destroyed, Written off (damaged beyond repair),"Cerro Baco (   Peru) 
", En route (ENR),International Scheduled Passenger,"Quito-Mariscal Sucre Airport (UIO/SEQU), Ecuador","Lima-Limatambo Airport (LIM/SPIM), Peru", 667,,Fatalities: 14 / Occupants: 14 
19590623-3,,Tuesday 23 June 1959,,CASA 352 (Junkers Ju-52),Ejército del Aire,,,, T.2-136, 27, ,,,,,Fatalities:  / Occupants: ,Fatalities:  / Occupants: ,,, Damaged beyond repair,,"at an unknown location (   Unknown country) 
", Unknown (UNK),Military,?,?,,,Fatalities:  / Occupants:  
19590625-0,Preliminary,Thursday 25 June 1959,,Antonov An-2,"GUSMP, Directorate of Polar Aviation",,,, CCCP-04266, 1 12 473 02, 1951,,,,,Fatalities:  / Occupants: ,Fatalities:  / Occupants: ,,, Damaged beyond repair,,"Yurgarga River, Taimyr Peninsula (   Russia) 
", Takeoff (TOF),Unknown,?,?,,,Fatalities:  / Occupants:  
19590626-0,Final,Friday 26 June 1959,ca. 17:35,Lockheed L-1649A Starliner,Trans World Airlines - TWA,,,, N7313C, 1015, 1957,6671,, 4 Wright R-3350 (988TC18),,Fatalities: 9 / Occupants: 9,Fatalities: 59 / Occupants: 59,,, Destroyed, Written off (damaged beyond repair),"32 km (20 mls) NW of Milano (   Italy) 
", En route (ENR),International Scheduled Passenger,"Milano-Malpensa Airport (MXP/LIMC), Italy","Paris-Orly Airport (ORY/LFPO), France",TW891,,Fatalities: 68 / Occupants: 68 
19590630-0,,Tuesday 30 June 1959,,Canadian Vickers PBV-1A Canso A (PBY-5A),Royal Canadian Air Force - RCAF,,,, 11041, CV-331, ,,,,,Fatalities: 1 / Occupants: ,Fatalities: 0 / Occupants: ,,, Damaged beyond repair,,"off Prince Rupert, BC (   Canada) 
", Landing (LDG),Military,?,"Prince Rupert-Seal Cove Airport, BC (ZSW/CZSW), Canada",,,Fatalities: 1 / Occupants: 9 
19590701-1,,Wednesday 1 July 1959,,Douglas C-47B (DC-3),Luftwaffe,,,, GA+1.., , ,,,,,Fatalities: 0 / Occupants: 5,Fatalities: 0 / Occupants: 0,,, Substantial,,"Istanbul-Yesilköy Airport (IST) (   Turkey) 
", Unknown (UNK),Military,?,?,,,Fatalities: 0 / Occupants: 5 
19590702-0,,Thursday 2 July 1959,,Canadian Vickers PBV-1A Canso (PBY-5A),Austin Airways,,,, CF-IHB, CV-294, 1943,,,,,Fatalities: 0 / Occupants: 3,Fatalities: 0 / Occupants: 9,,, Damaged beyond repair,,"off Puvirnituq Airport, QC (YPX) (   Canada) 
", Initial climb (ICL),Domestic Non Scheduled Passenger,"Puvirnituq Airport, QC (YPX/CYPX), Canada",?,,,Fatalities: 0 / Occupants: 12 
19590703-0,,Friday 3 July 1959,,Handley Page Hastings C.1,Royal Air Force - RAF,,,, TG580, HP67/71, ,,,,,Fatalities: 0 / Occupants: ,Fatalities: 0 / Occupants: ,,, Damaged beyond repair,,"Gan RAF Station (GAN) (   Maldives) 
", Landing (LDG),Military,"Katunayake RAF Station (CMB/VCBI), Sri Lanka","Gan RAF Station (GAN/VRMG), Maldives",,,Fatalities: 0 / Occupants:  
19590703-1,,Friday 3 July 1959,,Douglas C-47A-40-DL Skytrain,Fuerza Aérea Argentina - FAA,,,, T-21, 9936, 1943,,,,,Fatalities: 0 / Occupants: ,Fatalities: 0 / Occupants: ,,, Damaged beyond repair,,"6 km (3.8 mls) NE Córdoba-Pajas Blancas Airport, CD (COR) (   Argentina) 
", Unknown (UNK),Military,?,?,,,Fatalities: 0 / Occupants:  
19590706-0,,Monday 6 July 1959,,Douglas C-124A Globemaster II,United States Air Force - USAF,,,, 49-0254, 43183, ,,, 4 Pratt & Whitney R-4360-20WA,,Fatalities: 0 / Occupants: 7,Fatalities: 0 / Occupants: 0,,, Damaged beyond repair,,"1,5 km (0.9 mls) from  Shreveport-Barksdale AFB, LA (BAD) (   United States of America) 
", Takeoff (TOF),Military,"Shreveport-Barksdale AFB, LA (BAD/KBAD), United States of America",?,,,Fatalities: 0 / Occupants: 7 
19590708-0,,Wednesday 8 July 1959,,unknown,Jugoslovenski Aerotransport - JAT,,,, registration unknown, , ,,,,,Fatalities: 0 / Occupants: ,Fatalities: 0 / Occupants: ,,, None,,"Bari-Palese Airport (BRI) (   Italy) 
", En route (ENR),Domestic Scheduled Passenger,"Tivat Airport (TIV/LYTV), Montenegro","Beograd-Dojno Polje Airport, Serbia",,,Fatalities: 0 / Occupants: 27 
19590709-0,,Thursday 9 July 1959,,Boeing 377 Stratocruiser 10-29,Pan American World Airways (Pan Am),,,, N90941, 15957/20, 1949-03-12  (10 years 4 months),,, 4 Pratt & Whitney R-4360-B6,,Fatalities: 0 / Occupants: 6,Fatalities: 0 / Occupants: 53,,, Damaged beyond repair,,"Tokyo-Haneda Airport (HND) (   Japan) 
", Landing (LDG),International Scheduled Passenger,?,"Tokyo-Haneda Airport (HND/RJTT), Japan",,,Fatalities: 0 / Occupants: 59 
19590710-0,,Friday 10 July 1959,ca 08:30,Curtiss C-46,Aerolineas Nacionales,,,, TI-1020, , ,,,,,Fatalities: 0 / Occupants: 2,Fatalities: 0 / Occupants: 7,,, Damaged beyond repair,,"San José-La Sabana Airport (   Costa Rica) 
", Takeoff (TOF),Passenger,"San José-La Sabana Airport, Costa Rica","Parrita  Airport (MRPR), Costa Rica",,,Fatalities: 0 / Occupants: 9 
19590714-0,,Tuesday 14 July 1959,,Douglas C-47A-30-DL (DC-3),Aerolineas Argentinas,,,, LV-ACM, 9490, 1943,,, 2 Pratt & Whitney R-1830-92,,Fatalities: 0 / Occupants: 3,Fatalities: 0 / Occupants: 7,,, Damaged beyond repair,,"Santiago del Estero Airport, SE (SDE) (   Argentina) 
", Landing (LDG),Domestic Scheduled Passenger,"Buenos Aires/Ezeiza-Ministro Pistarini Airport, BA (EZE/SAEZ), Argentina","Córdoba-Pajas Blancas Airport, CD (COR/SACO), Argentina",,,Fatalities: 0 / Occupants: 10 
19590715-0,,Wednesday 15 July 1959,,Avro 685 York C.1,Persian Air Services,,,, EP-ADE, , 1946,,, 4 Rolls-Royce Merlin,,Fatalities:  / Occupants: ,Fatalities:  / Occupants: ,,, Damaged beyond repair,,"6,5 km (4.1 mls) S of Kuwait City (   Kuwait) 
", Unknown (UNK),Unknown,?,?,,,Fatalities:  / Occupants:  
19590715-1,,Wednesday 15 July 1959,,Curtiss C-46A-40-CU Commando,Paraense Transportes Aéreos,,,, PT-BEE, 27051, 1944,,, 2 Pratt & Whitney R-2800-51,,Fatalities: 2 / Occupants: 3,Fatalities: 0 / Occupants: 0,,, Damaged beyond repair,,"near Babaçulândia, TO (   Brazil) 
", En route (ENR),Cargo,"Pedro Afonso, GO (SWPA), Brazil","Belém/Val-de-Cans International Airport, PA (BEL/SBBE), Brazil",,,Fatalities: 2 / Occupants: 3 
19590719-0,,Sunday 19 July 1959,,Lockheed L-1049G Super Constellation,Air-India,,,, VT-DIN, 4667, 1956,,,,,Fatalities: 0 / Occupants: 7,Fatalities: 0 / Occupants: 39,,, Damaged beyond repair,,"Mumbai (Bombay) (   India) 
", Landing (LDG),Scheduled Passenger,?,"Bombay-Santacruz Airport (BOM/VABB), India",,,Fatalities: 0 / Occupants: 46 
19590722-0,Preliminary,Wednesday 22 July 1959,ca 02:00,Boeing KC-97G Stratofreighter,United States Air Force - USAF,,,, 52-2703, 16734, ,,,,,Fatalities: 7 / Occupants: 7,Fatalities: 0 / Occupants: 0,,, Damaged beyond repair,,"2 km (1.3 mls) S of Andover, NH (   United States of America) 
", Unknown (UNK),Military,"Portsmouth-Pease AFB, NH (PSM/KPSM), United States of America","Portsmouth-Pease AFB, NH (PSM/KPSM), United States of America",,,Fatalities: 7 / Occupants: 7 
19590724-0,,Friday 24 July 1959,,Nord 2501D Noratlas,Luftwaffe,,,, GA+243, D018, ,,, 2 Bristol Hercules 739,,Fatalities:  / Occupants: ,Fatalities:  / Occupants: ,,, Damaged beyond repair,,"Kapidag Yarimadasi (   Turkey) 
", En route (ENR),Military,"Bandirma Airport (BDM/LTBG), Turkey",?,,,Fatalities: 5 / Occupants: 5 
19590728-0,,Tuesday 28 July 1959,,Vickers 614 Viking 1,East Anglian Flying Services,,,, G-AHPH, 141, 1946-12-03  (12 years 8 months),,,,,Fatalities: 0 / Occupants: 3,Fatalities: 0 / Occupants: 36,,, Damaged beyond repair,,"Southend Municipal Airport (SEN) (   United Kingdom) 
", Landing (LDG),Non Scheduled Passenger,?,"Southend Municipal Airport (SEN/EGMC), United Kingdom",,,Fatalities: 0 / Occupants: 39 
19590730-0,,Thursday 30 July 1959,,Lockheed R7V-2 Super Constellation,United States Navy,,,, 131631, 4132, 1953,,,,,Fatalities:  / Occupants: ,Fatalities:  / Occupants: ,,, Damaged beyond repair,,"Palmdale Air Force Base, CA (PMD) (   United States of America) 
", Unknown (UNK),Military,?,?,,,Fatalities:  / Occupants:  
19590802-0,,Sunday 2 August 1959,,Douglas DC-3-277C,Capital Airlines,,,, N28324, 2254, 1940,,,,,Fatalities: 0 / Occupants: 0,Fatalities: 0 / Occupants: 0,,, Damaged beyond repair,,"Pittsburgh International Airport, PA (PIT) (   United States of America) 
", Standing (STD),-,-,-,,,Fatalities: 0 / Occupants: 0 
19590803-0,,Monday 3 August 1959,ca 10:30,Douglas C-47A-30-DL (DC-3),Kalinga Airlines,,,, VT-DGP, 9549, 1943,,, 2 Pratt & Whitney R-1830-92,,Fatalities: 3 / Occupants: 3,Fatalities: 3 / Occupants: 3,,, Damaged beyond repair,,"Sagone (   India) 
", Unknown (UNK),Domestic Non Scheduled Passenger,"Mohanbari Airport (MOH/VEMN), India","Along Airport (IXV/VEAN), India",,,Fatalities: 6 / Occupants: 6 
19590804-0,,Tuesday 4 August 1959,,Ford 5-AT-C Tri-Motor,Johnson Flying Service,,,, N8419, 5-AT-58, 1929-06-29  (30 years 1 months),,, 3 Pratt & Whitney R-1340 Wasp,,Fatalities: 1 / Occupants: 2,Fatalities: 2 / Occupants: 3,,, Substantial, Repaired,"Moose Creek, ID (   United States of America) 
", Approach (APR),Fire fighting,"Grangeville-Idaho County Airport, ID, United States of America","Moose Creek Airstrip, ID, United States of America",,,Fatalities: 3 / Occupants: 5 
19590807-0,,Friday 7 August 1959,,Vickers 610 Viking 1B,Fuerza Aérea Argentina - FAA,,,, T-92, 239, 1947-07-25  (12 years ),,,,,Fatalities:  / Occupants: ,Fatalities:  / Occupants: ,,, Damaged beyond repair,,"El Palomar AB, BA (   Argentina) 
", Unknown (UNK),Military,?,?,,,Fatalities:  / Occupants:  
19590810-0,,Monday 10 August 1959,05:25,Lisunov Li-2,"Aeroflot, Yakutsk Civil Aviation Directorate",,,, CCCP-54795, 18433908, 1949,9608,,,,Fatalities: 6 / Occupants: 6,Fatalities: 3 / Occupants: 3,,, Damaged beyond repair,,"Khabarovsk region (   Russia) 
", En route (ENR),Survey/research,"Uchur, Russia","Uchur, Russia",,,Fatalities: 9 / Occupants: 9 
19590810-1,,Monday 10 August 1959,,Lisunov Li-2,Polyarnaya Aviatsiya,,,, CCCP-04210, , ,,,,,Fatalities: 2 / Occupants: 5,Fatalities: 5 / Occupants: 5,,, Damaged beyond repair,,"Chukotka Cape Shelagsky (   Russia) 
", En route (ENR),Survey/research,?,?,,,Fatalities: 7 / Occupants: 10 
19590810-2,,Monday 10 August 1959,,Lisunov Li-2,Polyarnaya Aviatsiya,,,, CCCP-04242, 18439909, ,,,,,Fatalities: 2 / Occupants: 5,Fatalities: 5 / Occupants: 5,,, Damaged beyond repair,,"near Pevek Airport (PWE) (   Russia) 
", Approach (APR),Survey/research,"Nizhniye Kresty Airport (CYX/UESS), Russia","Pevek Airport (PWE/UHMP), Russia",,,Fatalities: 7 / Occupants: 10 
19590814-0,,Friday 14 August 1959,17:14 UTC,Vickers 815 Viscount,Pakistan International Airlines - PIA,,,, AP-AJE, 337, 1959,,,,,Fatalities: 2 / Occupants: 3,Fatalities: 0 / Occupants: 0,,, Damaged beyond repair,,"Karachi International Airport (KHI) (   Pakistan) 
", Approach (APR),Training,"Karachi International Airport (KHI/OPKC), Pakistan","Karachi International Airport (KHI/OPKC), Pakistan",,,Fatalities: 2 / Occupants: 3 
19590815-0,Final,Saturday 15 August 1959,16:42,Boeing 707-123,American Airlines,,,, N7514A, 17641/36, 1959-05-06  (3 months),736,, 4 Pratt & Whitney JT3C-6,,Fatalities: 5 / Occupants: 5,Fatalities: 0 / Occupants: 0,,, Damaged beyond repair,,"5 km (3.1 mls) NE of Calverton-Peconic River Airport, NY (CTO) (   United States of America) 
", Approach (APR),Training,"Calverton-Peconic River Airport, NY (CTO), United States of America","Calverton-Peconic River Airport, NY (CTO), United States of America",AA514,,Fatalities: 5 / Occupants: 5 
19590815-1,,Saturday 15 August 1959,06:45,Douglas DC-3A-414A,Lineas Aéreas Costarricenses - LACSA,,,, TI-1005C, 4959, 1942,,, 2 Pratt & Whitney R-1830,,Fatalities: 0 / Occupants: 3,Fatalities: 0 / Occupants: ,Fatalities: 1,, Damaged beyond repair,,"San Isidro de El General Airport (   Costa Rica) 
", Landing (LDG),Domestic Scheduled Passenger,"San José-La Sabana Airport, Costa Rica","San Isidro de El General Airport (MRSI), Costa Rica",  19,,Fatalities: 0 / Occupants:  
19590819-0,,Wednesday 19 August 1959,,Douglas C-47B-30-DK Dakota 6,Transair Ltd.,,,, G-AMZD, 32860/16112, 1945,,, 2 Pratt & Whitney R-1830-90C,,Fatalities: 3 / Occupants: 3,Fatalities: 29 / Occupants: 29,,, Damaged beyond repair,,"near Barcelona (   Spain) 
", En route (ENR),Int'l Non Scheduled Passenger,"Barcelona-El Prat Airport (BCN/LEBL), Spain","London-Gatwick Airport (LGW/EGKK), United Kingdom",,,Fatalities: 32 / Occupants: 32 
19590821-0,,Friday 21 August 1959,,Martin 2-0-2A,Pacific Air Lines,,,, N93202, 14072, ,,,,,Fatalities: 0 / Occupants: 0,Fatalities: 0 / Occupants: 0,,, Damaged beyond repair,,"Burbank, CA (   United States of America) 
", Standing (STD),Unknown,?,?,,,Fatalities: 0 / Occupants: 0 
19590823-0,,Sunday 23 August 1959,,de Havilland DH-114 Heron 2B,Leeward Islands Air Transport - LIAT,,,, VP-BAO, 14052, ,,,,,Fatalities: 0 / Occupants: ,Fatalities: 0 / Occupants: ,,, Damaged beyond repair,,"Saint Kitts-Golden Rock Airport (SKB) (   St. Kitts and Nevis) 
", Landing (LDG),Unknown,"Antigua-Coolidge International Airport (ANU/TAPA), Antigua and Barbuda","Saint Kitts-Golden Rock Airport (SKB/TKPK), St. Kitts and Nevis",,,Fatalities: 0 / Occupants:  
19590827-0,,Thursday 27 August 1959,,de Havilland DH-106 Comet 4,Aerolineas Argentinas,,,, LV-AHP, 6411, 1959,,, 4 Rolls-Royce Avon 524,,Fatalities: 1 / Occupants: 6,Fatalities: 1 / Occupants: 44,,, Damaged beyond repair,,"9 km (5.6 mls) from  Asunción-Silvio Pettirossi International Airport (ASU) (   Paraguay) 
", Approach (APR),International Scheduled Passenger,"Buenos Aires (unknown airport), BA, Argentina","Asunción-Silvio Pettirossi International Airport (ASU/SGAS), Paraguay",,,Fatalities: 2 / Occupants: 50 
19590827-1,,Thursday 27 August 1959,,Douglas C-47A-25-DK (DC-3),REAL Transportes Aéreos,,,, PP-AVY, 13632, 1944,,, 2 Pratt & Whitney R-1830-92,,Fatalities:  / Occupants: ,Fatalities:  / Occupants: ,,, Damaged beyond repair,,"Maringa Airport, PR (MGF) (   Brazil) 
", Unknown (UNK),Unknown,?,?,,,Fatalities:  / Occupants:  
19590902-0,Final,Wednesday 2 September 1959,17:16,Curtiss C-46F Commando,Aaxico Airlines,,,, N5140B, 26809, 1944,,, 2 Pratt & Whitney R-2800-51M1,,Fatalities: 2 / Occupants: 2,Fatalities: 0 / Occupants: 0,,, Damaged beyond repair,,"Abiline-Dyess AFB, TX (   United States of America) 
", En route (ENR),Cargo,"Abilene-Dyess AFB, TX (DYS/KDYS), United States of America","Fort Worth-Carswell AFB, TX (FWH/KNFW), United States of America",7002,,Fatalities: 2 / Occupants: 2 
19590902-1,,Wednesday 2 September 1959,,Ilyushin Il-18B,"Aeroflot, Moscow Civil Aviation Directorate",,,, CCCP-75676, 189000905, 1959,405,,,180,Fatalities: 0 / Occupants: ,Fatalities: 0 / Occupants: 56,,, Damaged beyond repair,,"Moskva-Vnukovo Airport (VKO) (   Russia) 
", En route (ENR),Domestic Scheduled Passenger,"Moskva-Vnukovo Airport (VKO/UUWW), Russia",?,,,Fatalities: 0 / Occupants:  
19590905-1,,Saturday 5 September 1959,,Vickers 610 Viking 1B,Airnautic,,,, F-BFDN, 248, 1948-01-16  (11 years 8 months),,,,,Fatalities: 0 / Occupants: 2,Fatalities: 0 / Occupants: 0,,, Damaged beyond repair,,"off Traliceto, Corsica (   France) 
", Unknown (UNK),Cargo,"Athens-Ellinikon International Airport (ATH/LGAT), Greece","Bastia Airport (BIA/LFKB), France",,,Fatalities: 0 / Occupants: 2 
19590908-0,,Tuesday 8 September 1959,,Douglas DC-3A,Mexicana de Aviación,,,, XA-FIL, 11748, 1943,,,,,Fatalities: 0 / Occupants: 3,Fatalities: 1 / Occupants: 13,,, Substantial, Repaired,"Poza Rica (   Mexico) 
", En route (ENR),Domestic Scheduled Passenger,"Mexico City International Airport (MEX/MMMX), Mexico","Mérida-Rejon Airport (MID/MMMD), Mexico",MX621,,Fatalities: 1 / Occupants: 16 
19590912-0,,Saturday 12 September 1959,,Douglas DC-4,Pan American World Airways (Pan Am),,,, N88900, 10504, 1944,,,,,Fatalities: 3 / Occupants: 3,Fatalities: 0 / Occupants: 0,,, Damaged beyond repair,,"near Mercedes (   Honduras) 
", En route (ENR),Cargo,"San Salvador/Ilopango International Airport (SAL/MSSS), El Salvador","Miami International Airport, FL (MIA/KMIA), United States of America",,,Fatalities: 3 / Occupants: 3 
19590915-0,,Tuesday 15 September 1959,,Douglas R4D-5 (DC-3),United States Navy,,,, 17163, 12519, 1944,,, 2 Pratt & Whitney R-1830-92,,Fatalities: 0 / Occupants: ,Fatalities: 0 / Occupants: ,,, Damaged beyond repair,,"Cape Hallett (   Antarctica) 
", Landing (LDG),Military,?,"Cape Hallett, Antarctica",,,Fatalities: 0 / Occupants:  
19590916-0,,Wednesday 16 September 1959,c.14:22,Nord 2501D Noratlas,Luftwaffe,,,, GC+106, D062, ,,, 2 Bristol Hercules 739,,Fatalities: 4 / Occupants: 4,Fatalities: 0 / Occupants: 0,,, Damaged beyond repair,,"Oederquart (   Germany) 
", En route (ENR),Military,"Finkenwerder Airport (XFW/EDHI), Germany","Finkenwerder Airport (XFW/EDHI), Germany",,,Fatalities: 4 / Occupants: 4 
19590921-0,,Monday 21 September 1959,ca 19:47,Lockheed P-15 Neptune (P2V-5),Força Aérea Brasileira - FAB,,,, 7007, 426-5105, ,,,,,Fatalities: 6 / Occupants: 6,Fatalities: 0 / Occupants: 0,,, Damaged beyond repair,,"near Salvador Airport, BA (SSA) (   Brazil) 
", En route (ENR),Military,"Salvador-Deputado Luís Eduardo Magalhães International Airport, BA (SSA/SBSV), Brazil",?,,,Fatalities: 6 / Occupants: 6 
19590921-1,,Monday 21 September 1959,,de Havilland Canada DHC-3 Otter,Aigle Azur Extrême Orient,,,, F-BGJU, 227, 1958,,,,,Fatalities:  / Occupants: ,Fatalities:  / Occupants: ,,, Damaged beyond repair,,"Saigon (   Vietnam) 
", Unknown (UNK),Unknown,?,?,,,Fatalities:  / Occupants:  
19590923-1,,Wednesday 23 September 1959,18:40,SAAB Scandia 90A-1,VASP - Viação Aérea São Paulo,,,, PP-SQV, 90.106, 1950,,, 2 Pratt & Whitney R-2180-E1,,Fatalities: 4 / Occupants: 4,Fatalities: 16 / Occupants: 16,,, Damaged beyond repair,,"4,5 km (2.8 mls) S of São Paulo-Congonhas Airport, SP (CGH) (   Brazil) 
", En route (ENR),Domestic Scheduled Passenger,"São Paulo-Congonhas Airport, SP (CGH/SBSP), Brazil","Rio de Janeiro-Santos Dumont Airport, RJ (SDU/SBRJ), Brazil",,,Fatalities: 20 / Occupants: 20 
19590924-0,Final,Thursday 24 September 1959,22:24 UTC,Douglas DC-7C,Transports Aériens Intercontinentaux - TAI,,,, F-BIAP, 45366/892, 1957,5844,, 4 Wright R-3350 (988TC18),,Fatalities: 9 / Occupants: 9,Fatalities: 45 / Occupants: 56,,, Damaged beyond repair,,"3 km (1.9 mls) SW of Bordeaux-Mérignac Airport (BOD) (   France) 
", Initial climb (ICL),International Scheduled Passenger,"Bordeaux-Mérignac Airport (BOD/LFBD), France","Bamako Airport (BKO/GABS), Mali", 307,,Fatalities: 54 / Occupants: 65 
19590924-1,Final,Thursday 24 September 1959,ca 17:20,Douglas C-54B-1-DC (DC-4),Reeve Aleutian Airways,,,, N63396, 10486, 1944,,,,,Fatalities: 5 / Occupants: 5,Fatalities: 11 / Occupants: 11,,, Damaged beyond repair,,"Great Sitkin Island, AK (   United States of America) 
", En route (ENR),Domestic Scheduled Passenger,"Cold Bay Airport, AK (CDB/PACD), United States of America","Adak Naval Air Facility, AK (ADK/PADK), United States of America",   3,,Fatalities: 16 / Occupants: 16 
19590925-0,,Friday 25 September 1959,ca 14:05,Douglas C-54A-5-DO (DC-4),Saudi Arabian Airlines,,,, HZ-AAF, 7474, 1944,,,,,Fatalities: 0 / Occupants: 5,Fatalities: 0 / Occupants: 67,,, Damaged beyond repair,,"Jeddah Airport (   Saudi Arabia) 
", Takeoff (TOF),Domestic Non Scheduled Passenger,"Jeddah International Airport (JED/OEJD), Saudi Arabia","Riyadh International Airport (RUH/OERY), Saudi Arabia",,,Fatalities: 0 / Occupants: 72 
19590929-0,Final,Tuesday 29 September 1959,23:09,Lockheed L-188A Electra,Braniff International Airways,,,, N9705C, 1090, 1959-09-04  (),132,, 4 Allison 501-D13,,Fatalities: 6 / Occupants: 6,Fatalities: 28 / Occupants: 28,,, Destroyed, Written off (damaged beyond repair),"6 km (3.8 mls) ESE of Buffalo, TX (   United States of America) 
", En route (ENR),Domestic Scheduled Passenger,"Houston International Airport, TX (HOU/KHOU), United States of America","Dallas-Love Field, TX (DAL/KDAL), United States of America", 542,,Fatalities: 34 / Occupants: 34 
19590929-1,,Tuesday 29 September 1959,,CASA 352 (Junkers Ju-52),Ejército del Aire,,,, T.2B-139, 30, ,,,,,Fatalities:  / Occupants: ,Fatalities:  / Occupants: ,,, Damaged beyond repair,,"at an unknown location (   Unknown country) 
", Unknown (UNK),Military,?,?,,,Fatalities:  / Occupants:  
19590929-2,,Tuesday 29 September 1959,,Curtiss C-46A-45-CU Commando,Paraense Transportes Aéreos,,,, PP-BTE, 30260, 1944,,, 2 Pratt & Whitney R-2800-51,,Fatalities: 0 / Occupants: 3,Fatalities: 0 / Occupants: 0,,, Substantial, Repaired,"São Paulo-Congonhas Airport, SP (CGH) (   Brazil) 
", Landing (LDG),Cargo,"São Paulo-Congonhas Airport, SP (CGH/SBSP), Brazil",?,,,Fatalities: 0 / Occupants: 3 
19590929-3,,Tuesday 29 September 1959,,Douglas DC-3-178,Willys-Overland do Brasil Ltda,,,, PP-ANU, 1545, 1936,,,,,Fatalities: 0 / Occupants: ,Fatalities: 0 / Occupants: ,,, Substantial, Repaired,"São Paulo-Congonhas Airport, SP (CGH) (   Brazil) 
", Standing (STD),Unknown,?,?,,,Fatalities: 0 / Occupants:  
19591002-0,,Friday 2 October 1959,,Vickers Viscount,Cubana de Aviación,,,, registration unknown, , ,,,,,Fatalities: 0 / Occupants: 4,Fatalities: 0 / Occupants: 36,,, None,,"Miami International Airport, FL (MIA) (   United States of America) 
", En route (ENR),Domestic Scheduled Passenger,"Havana-José Martí International Airport (HAV/MUHA), Cuba","Santiago-Antonio Maceo Airport (SCU/MUCU), Cuba",,,Fatalities: 0 / Occupants: 40 
19591002-1,,Friday 2 October 1959,11:45,Lisunov Li-2,"Aeroflot, Far East Civil Aviation Directorate",,,, CCCP-84448, 3502, ,,,,,Fatalities: 4 / Occupants: 4,Fatalities: 0 / Occupants: 0,,, Damaged beyond repair,,"42 km (26.3 mls) N of Petropavlovsk-Kamchatsky (   Russia) 
", En route (ENR),Cargo,?,?,,,Fatalities: 4 / Occupants: 4 
19591003-0,,Saturday 3 October 1959,,Vickers 757 Viscount,Trans-Canada Air Lines - TCAL,,,, CF-TGY, 143, 1956,,,,,Fatalities: 0 / Occupants: 4,Fatalities: 0 / Occupants: 34,,, Damaged beyond repair,,"near Toronto, ON (   Canada) 
", Approach (APR),Scheduled Passenger,?,"Toronto-Malton Airport, ON (YYZ/CYYZ), Canada",,,Fatalities: 0 / Occupants: 38 
19591014-0,,Wednesday 14 October 1959,,Antonov An-8,Soviet Air Force,,,, registration unknown, 8340205, 1959,,,,,Fatalities: 0 / Occupants: ,Fatalities: 0 / Occupants: ,,, Damaged beyond repair,,"near Tula Airport (TYA) (   Russia) 
", Approach (APR),Military,?,"Tula Airport (TYA/UUWV), Russia",,,Fatalities: 0 / Occupants:  
19591015-1,,Thursday 15 October 1959,19:45,Boeing KC-135A Stratotanker,United States Air Force - USAF,,,, 57-1513, 17584/193, 1958-12-08  (10 months),,, 4 Pratt & Whitney J57-P,,Fatalities: 4 / Occupants: 4,Fatalities: 0 / Occupants: 0,,Fatalities: 4, Destroyed, Written off (damaged beyond repair),"Leitchfield, KY (   United States of America) 
", En route (ENR),Military,"Columbus AFB, MS (CBM/KCBM), United States of America","Columbus AFB, MS (CBM/KCBM), United States of America",,,Fatalities: 4 / Occupants: 4 
19591017-2,,Saturday 17 October 1959,,Junkers Ju-52/3m,Gibbes Sepik Airways,,,, VH-BUU, J7256, 1941,,,,,Fatalities: 0 / Occupants: ,Fatalities: 0 / Occupants: ,,, Substantial, Written off (damaged beyond repair),"Baiyer River Airfield (   Papua New Guinea) 
", Landing (LDG),Cargo,?,"Baiyer River Airfield, Papua New Guinea",,,Fatalities: 0 / Occupants:  
19591019-0,Final,Monday 19 October 1959,16:20,Boeing 707-227,Boeing,,,, N7071, 17691/45, 1959,173,, 4 Pratt & Whitney JT4A-3,,Fatalities: 4 / Occupants: 8,Fatalities: 0 / Occupants: 0,,, Damaged beyond repair,,"16 km (10 mls) NE of Arlington, WA (   United States of America) 
", Maneuvering (MNV),Training,"Seattle-Boeing Field International Airport, WA (BFI/KBFI), United States of America","Seattle-Boeing Field International Airport, WA (BFI/KBFI), United States of America",,,Fatalities: 4 / Occupants: 8 
19591019-1,,Monday 19 October 1959,,Vickers Varsity T.1,Royal Air Force - RAF,,,, WF381, 540, 1952,,, 2 Bristol Hercules 264,,Fatalities: 2 / Occupants: 2,Fatalities: 0 / Occupants: 0,,, Damaged beyond repair,,"6,4 km (4 mls) N of Tangmere (   United Kingdom) 
", Maneuvering (MNV),Military,"Boscombe Down RAF Station (EGDM), United Kingdom","Boscombe Down RAF Station (EGDM), United Kingdom",,,Fatalities: 2 / Occupants: 2 
19591022-1,,Thursday 22 October 1959,,Douglas C-47B-35-DK (DC-3),L'Armée de L'Air,,,, 476977/FRASB, 33309/16561, 1945,,,,,Fatalities:  / Occupants: ,Fatalities:  / Occupants: ,,, Damaged beyond repair,,"at an unknown location (   Unknown country) 
", Unknown (UNK),Military,?,?,,,Fatalities:  / Occupants:  
19591023-0,,Friday 23 October 1959,22:10,Ilyushin Il-14P,Aeroflot / Azerbaijan,,,, CCCP-41806, 6341709, 1956,4945,,,,Fatalities: 5 / Occupants: 5,Fatalities: 23 / Occupants: 24,,, Damaged beyond repair,,"1,4 km (0.9 mls) from  Moskva-Vnukovo Airport (VKO) (   Russia) 
", Approach (APR),Domestic Scheduled Passenger,"Stalingrad Airport (VOG/URWW), Russia","Moskva-Vnukovo Airport (VKO/UUWW), Russia", 200,,Fatalities: 28 / Occupants: 29 
19591026-0,Final,Monday 26 October 1959,ca 20:30,Douglas DC-3,Pacific Air Lines,,,, N67589, 19656, 1944,24865,, 2 Pratt & Whitney R-1830-92,,Fatalities: 1 / Occupants: 3,Fatalities: 0 / Occupants: 17,,, Damaged beyond repair,,"2,4 km (1.5 mls) N of Santa Maria Airport, CA (   United States of America) 
", Initial climb (ICL),Domestic Scheduled Passenger,"Santa Maria Airport, CA (KSMX), United States of America","Paso Robles Airport, CA (PRB/KPRB), United States of America", 308,,Fatalities: 1 / Occupants: 20 
19591027-0,,Tuesday 27 October 1959,18:36,Lisunov Li-2,"Aeroflot, Kazakstan Civil Aviation Directorate",,,, CCCP-84746, , ,,,,,Fatalities: 0 / Occupants: 3,Fatalities: 1 / Occupants: 26,,, Damaged beyond repair,,"near Karaganda Airport (KGF) (   Kazakhstan) 
", Approach (APR),Domestic Scheduled Passenger,?,"Karaganda Airport (KGF/UAKK), Kazakhstan",,,Fatalities: 1 / Occupants: 29 
19591029-0,,Thursday 29 October 1959,ca 15:25,Douglas C-47A-30-DL (DC-3),Olympic Airways,,,, SX-BAD, 9491, 1943,,, 2 Pratt & Whitney R-1830-92,,Fatalities: 3 / Occupants: 3,Fatalities: 16 / Occupants: 16,,, Damaged beyond repair,,"near Avlon Attiki (   Greece) 
", En route (ENR),Domestic Scheduled Passenger,"Athens-Ellinikon International Airport (ATH/LGAT), Greece","Thessaloniki International Airport (SKG/LGTS), Greece", 214,,Fatalities: 19 / Occupants: 19 
19591030-0,,Friday 30 October 1959,20:40,Douglas C-47A-90-DL (DC-3),Piedmont Airlines,,,, N55V, 20447, 1944,,, 2 Pratt & Whitney R-1830-92,,Fatalities: 3 / Occupants: 3,Fatalities: 23 / Occupants: 24,,, Damaged beyond repair,,"Bucks Elbow Mountain, VA (   United States of America) 
", Approach (APR),Domestic Scheduled Passenger,"Washington-National Airport, DC (DCA/KDCA), United States of America","Charlottesville-Albemarle Airport, VA (CHO/KCHO), United States of America", 349,,Fatalities: 26 / Occupants: 27 
19591104-0,,Wednesday 4 November 1959,,Short Sunderland MR.5,Royal New Zealand Air Force - RNZAF,,,, NZ4111, , ,,,,,Fatalities: 0 / Occupants: ,Fatalities: 0 / Occupants: ,,, Damaged beyond repair,,"Te Whanga Lagoon, Chatham Island (   New Zealand) 
", Taxi (TXI),Military,?,?,,,Fatalities: 0 / Occupants:  
19591104-1,Final,Wednesday 4 November 1959,23:07,Douglas C-54A-15-DC (DC-4),Wheeler Airlines,,,, CF-ILI, 10360, 1944,30357,,,,Fatalities: 5 / Occupants: 5,Fatalities: 0 / Occupants: 0,,, Destroyed, Written off (damaged beyond repair),"near Saint-Cléophas-de-Brandon, QC (   Canada) 
", En route (ENR),Cargo,"Montreal-Dorval International Airport, QC (YUL/CYUL), Canada","Hall Beach Airport, NU (YUX/CYUX), Canada",1658,,Fatalities: 5 / Occupants: 5 
19591105-0,,Thursday 5 November 1959,,Douglas R4D-1 (DC-3),National Aero Sales Company,,,, N38G, 4759, 1942,,,,,Fatalities: 0 / Occupants: 1,Fatalities: 0 / Occupants: 4,,, Damaged beyond repair,,"near Cleveland-Burke Lakefront Airport, OH (BKL) (   United States of America) 
", Initial climb (ICL),Demonstration,"Cleveland-Burke Lakefront Airport, OH (BKL/KBKL), United States of America","Dayton-James Cox Dayton International Airport, OH (DAY/KDAY), United States of America",,,Fatalities: 0 / Occupants: 5 
19591107-0,,Saturday 7 November 1959,,Douglas C-47A-20-DK (DC-3),United States Air Force - USAF,,,, 42-93074, 12945, 1944,,,,,Fatalities: 4 / Occupants: 4,Fatalities: 11 / Occupants: 11,,, Damaged beyond repair,,"near Tainan (   Taiwan) 
", Unknown (UNK),Military,"Tainan Airport (TNN/RCNN), Taiwan","Angeles City-Clark Air Base (CRK/RPMK), Philippines",,,Fatalities: 15 / Occupants: 15 
19591109-0,,Monday 9 November 1959,07:40,Morane Saulnier MS.760 Paris I,Fuerza Aérea Argentina - FAA,,,, E-210, 18, 1959,,,,,Fatalities: 1 / Occupants: 1,Fatalities: 0 / Occupants: 0,,, Damaged beyond repair,,"Ferreyra, CD (   Argentina) 
", Unknown (UNK),Military,"Buenos Aires (unknown airport), BA, Argentina",?,,,Fatalities: 1 / Occupants: 1 
19591116-0,,Monday 16 November 1959,,Antonov An-10,Aeroflot / Ukraine,,,, CCCP-11167, 9401402, 1959,,,,,Fatalities: 8 / Occupants: 8,Fatalities: 32 / Occupants: 32,,, Damaged beyond repair,,"2,1 km (1.3 mls) from  Lviv-Snilow Airport (LWO) (   Ukraine) 
", Approach (APR),Domestic Scheduled Passenger,"Moskva-Vnukovo Airport (VKO/UUWW), Russia","Lviv-Snilow Airport (LWO/UKLL), Ukraine",,,Fatalities: 40 / Occupants: 40 
19591116-1,Final,Monday 16 November 1959,00:55,Douglas DC-7B,,National Airlines,,Delta Air Lines, N4891C, 45355/922, 1958,6578,, 4 Wright R-3350,,Fatalities: 6 / Occupants: 6,Fatalities: 36 / Occupants: 36,,, Destroyed, Written off (damaged beyond repair),"57 km (35.6 mls) E off  Pilottown, LA [Gulf of Mexico] (   Atlantic Ocean) 
", En route (ENR),Domestic Scheduled Passenger,"Tampa International Airport, FL (TPA/KTPA), United States of America","New Orleans International Airport, LA (MSY/KMSY), United States of America", 967,,Fatalities: 42 / Occupants: 42 
19591121-0,,Saturday 21 November 1959,,Douglas DC-4,Ariana Afghan Airlines,,,, YA-BAG, 18367, 1944,,,,,Fatalities: 5 / Occupants: 5,Fatalities: 19 / Occupants: 22,,, Damaged beyond repair,,"ca 30 km NE of Beirut International Airport (BEY) (   Lebanon) 
", Initial climb (ICL),International Scheduled Passenger,"Beirut International Airport (BEY/OLBA), Lebanon","Tehran-Mehrabad Airport (THR/OIII), Iran", 202,,Fatalities: 24 / Occupants: 27 
19591122-0,,Sunday 22 November 1959,ca 19:00,Douglas C-53-DO (DC-3),Navegação Aérea Brasileira - NAB,,,, PP-NAZ, 7387, 1942,,,,,Fatalities: 2 / Occupants: 2,Fatalities: 0 / Occupants: 0,,, Damaged beyond repair,,"ca 16 km off Ilha Rasa, RJ (   Brazil) 
", En route (ENR),Unknown,"Rio de Janeiro-Santos Dumont Airport, RJ (SDU/SBRJ), Brazil",?,,,Fatalities: 2 / Occupants: 2 
19591122-1,,Sunday 22 November 1959,,Douglas C-53D-DO (DC-3),Força Aérea Portuguesa,,,, 6152, 11668, 1943,,, 2 Pratt & Whitney R-1830-92,,Fatalities:  / Occupants: ,Fatalities:  / Occupants: ,,, Damaged beyond repair,,"Sao Filipe Airport (SFL), Fogo Island (   Cape Verde) 
", Landing (LDG),Military,"Sal-Amilcar Cabral International Airport (SID/GVAC), Cape Verde","São Filipe Airport (SFL/GVSF), Cape Verde",,,Fatalities:  / Occupants:  
19591124-0,Final,Tuesday 24 November 1959,05:35,Lockheed L-1049H Super Constellation,Trans World Airlines - TWA,,,, N102R, 4824, 1957,,, 4 Wright R-3350 (988TC18EA3),,Fatalities: 3 / Occupants: 3,Fatalities: 0 / Occupants: 0,Fatalities: 8,, Destroyed, Written off (damaged beyond repair),"0,4 km (0.3 mls) SE of Chicago-Midway Airport, IL (MDW) (   United States of America) 
", Approach (APR),Cargo,"Chicago-Midway Airport, IL (MDW/KMDW), United States of America","Los Angeles International Airport, CA (LAX/KLAX), United States of America",TW595,,Fatalities: 3 / Occupants: 3 
19591128-0,,Saturday 28 November 1959,,Antonov An-12,Soviet Air Force,,,, registration unknown, 8900606, 1958,107,,,,Fatalities: 6 / Occupants: 6,Fatalities: 4 / Occupants: 4,,, Damaged beyond repair,,"near Irkutsk (   Russia) 
", En route (ENR),Military,"Irkutsk-2 Airport (UIIR), Russia","Vitebsk Airport (VTB/UMII), Belarus",,,Fatalities: 10 / Occupants: 10 
19591129-0,,Sunday 29 November 1959,18:52,Ilyushin Il-12,"Aeroflot, East Siberia Civil Aviation Directorate",,,, CCCP-01426, 30257, ,,,,,Fatalities: 4 / Occupants: 4,Fatalities: 0 / Occupants: 0,,, Damaged beyond repair,,"Irkutsk Airport (IKT) (   Russia) 
", Approach (APR),Cargo,?,"Irkutsk Airport (IKT/UIII), Russia",,,Fatalities: 4 / Occupants: 4 
19591199-1,,xx NOV 1959,,Bristol 170 Freighter 21P,Pakistan Air Force,,,, G778, 12744, 1946,,,,,Fatalities:  / Occupants: ,Fatalities:  / Occupants: ,,, Damaged beyond repair,,"at an unknown location (   Unknown country) 
", Landing (LDG),Military,?,?,,,Fatalities:  / Occupants:  
19591199-2,,xx NOV 1959,,Bristol 170 Freighter 31M,Pakistan Air Force,,,, S4419, 13168, ,,, 2 Bristol Hercules 734,,Fatalities:  / Occupants: ,Fatalities:  / Occupants: ,,, Damaged beyond repair,,"at an unknown location (   Unknown country) 
", Unknown (UNK),Military,?,?,,,Fatalities:  / Occupants:  
19591201-0,Final,Tuesday 1 December 1959,09:47,Martin 2-0-2,Allegheny Airlines,,,, N174A, 9159, 1947,,, 2 Pratt & Whitney R-2800-77,,Fatalities: 4 / Occupants: 4,Fatalities: 21 / Occupants: 22,,, Destroyed, Written off (damaged beyond repair),"2,1 km (1.3 mls) S of Williamsport-Lycoming County Airport, PA (IPT) (   United States of America) 
", Approach (APR),Domestic Scheduled Passenger,"Harrisburg-Capital Landing Field, PA (HAR/KCXY), United States of America","Williamsport-Lycoming County Airport, PA (IPT/KIPT), United States of America", 371,,Fatalities: 25 / Occupants: 26 
19591201-1,,Tuesday 1 December 1959,11:11,Douglas C-47-DL (DC-3),Linea Aeropostal Venezolana - LAV,,,, YV-C-AKU, 4581, 1942,,, 2 Pratt & Whitney R-1830-92,,Fatalities: 3 / Occupants: 3,Fatalities: 0 / Occupants: 0,,, Damaged beyond repair,,"near Caracas Airport (CCS) (   Venezuela) 
", Approach (APR),Test,"Caracas Airport (CCS/SVMI), Venezuela","Caracas Airport (CCS/SVMI), Venezuela",,,Fatalities: 3 / Occupants: 3 
19591202-0,,Wednesday 2 December 1959,,Lockheed L-049 Constellation,Panair do Brasil,,,, PP-PCR, 2060, 1946,,,,,Fatalities: 0 / Occupants: 6,Fatalities: 0 / Occupants: 38,,, None,,"Buenos Aires, BA (   Argentina) 
", En route (ENR),Domestic Scheduled Passenger,"Rio de Janeiro-Santos Dumont Airport, RJ (SDU/SBRJ), Brazil","Belém/Val-de-Cans International Airport, PA (BEL/SBBE), Brazil",,,Fatalities: 0 / Occupants: 44 
19591202-1,,Wednesday 2 December 1959,,Douglas VC-47D (DC-3),United States Air Force - USAF,,,, 43-49024, 26285/14840, 1944,,, 2 Pratt & Whitney R-1830-90,,Fatalities: 4 / Occupants: 4,Fatalities: 0 / Occupants: 0,,, Damaged beyond repair,,"16 km (10 mls) N of Oslo (   Norway) 
", En route (ENR),Military,"Oslo-Fornebu Airport (FBU/ENFB), Norway",?,,,Fatalities: 4 / Occupants: 4 
19591204-0,,Friday 4 December 1959,,Douglas C-47A-85-DL (DC-3),Força Aérea Brasileira - FAB,,,, 2060, 20074, 1944,,, 2 Pratt & Whitney R-1830-92,,Fatalities: 0 / Occupants: ,Fatalities: 0 / Occupants: ,,, Damaged beyond repair,,"Aragarças Airport, GO (ARS) (   Brazil) 
", Standing (STD),Military,-,-,,,Fatalities: 0 / Occupants:  
19591205-0,,Saturday 5 December 1959,,Douglas DC-3,Comisión Federal de Electricidad - CFE,,,, registration unknown, , ,,,,,Fatalities: 2 / Occupants: 3,Fatalities: 5 / Occupants: 5,,, Damaged beyond repair,,"near Puebla Airport (   Mexico) 
", Approach (APR),Cargo,"Mexico City International Airport (MEX/MMMX), Mexico","Chetumal Airport (CTM/MMCM), Mexico",,,Fatalities: 7 / Occupants: 8 
19591208-0,,Tuesday 8 December 1959,,Curtiss C-46A-40-CU Commando,Sociedad Aeronautica Medellin - SAM,,,, HK-515, 26941, 1944,,, 2 Pratt & Whitney R-2800-51,,Fatalities: 3 / Occupants: 3,Fatalities: 42 / Occupants: 42,,, Destroyed, Written off (damaged beyond repair),"off Moron Island (   Colombia) 
", En route (ENR),Domestic Non Scheduled Passenger,"San Andrés Island Airport (ADZ/SKSP), Colombia","Cartagena Airport (CTG/SKCG), Colombia",,,Fatalities: 45 / Occupants: 45 
19591212-0,,Saturday 12 December 1959,,Convair CV-240-6,Aerolineas Argentinas,,,, LV-ADM,  35, 1948,,,,,Fatalities: 0 / Occupants: 6,Fatalities: 0 / Occupants: 26,,, Damaged beyond repair,,"near Mendoza, MD (   Argentina) 
", Approach (APR),Scheduled Passenger,"Mendoza-El Plumerillo Airport, MD (MDZ/SAME), Argentina",?,,,Fatalities: 0 / Occupants: 32 
19591212-1,,Saturday 12 December 1959,,Scottish Aviation Twin Pioneer 3,Scottish Airlines,,,, G-AOEN, 502, 1956-04-28  (3 years 8 months),,, 2 Alvis Leonides 531,,Fatalities: 0 / Occupants: 1,Fatalities: 0 / Occupants: 14,,, Damaged beyond repair,,"Luabo (   Mozambique) 
", Unknown (UNK),Demonstration,?,?,,,Fatalities: 0 / Occupants: 15 
19591212-2,,Saturday 12 December 1959,,Grumman SA-16B Albatross (HU-16),Ejército del Aire,,,, AD.1B-6, G-315, ,,,,,Fatalities: 0 / Occupants: ,Fatalities: 0 / Occupants: ,,, Damaged beyond repair,,"Puerto de la Luz, Gran Canaria (   Spain) 
", Unknown (UNK),Military,?,?,,,Fatalities: 0 / Occupants:  
19591213-0,,Sunday 13 December 1959,09:28,Ilyushin Il-14P,Aeroflot / Uzbekistan,,,, CCCP-91577, 147001416, 1957,3029,,,,Fatalities: 5 / Occupants: 5,Fatalities: 25 / Occupants: 25,,, Damaged beyond repair,,"27 km (16.9 mls) NE of Boysun, Surkhandarya Region (   Uzbekistan) 
", En route (ENR),Domestic Scheduled Passenger,"Termez Airport (TMJ/UTST), Uzbekistan","Tashkent-Yuzhny Airport (TAS/UTTT), Uzbekistan", 120,,Fatalities: 30 / Occupants: 30 
19591214-0,,Monday 14 December 1959,,Boeing KC-97G Stratofreighter,United States Air Force - USAF,,,, 53-0231, 17013, ,,,,,Fatalities: 0 / Occupants: 7,Fatalities: 0 / Occupants: 0,,, Damaged beyond repair,,"near Dow AFB, ME (   United States of America) 
", En route (ENR),Military,"Springfield-Westover AFB, MA (CEF/KCEF), United States of America","Springfield-Westover AFB, MA (CEF/KCEF), United States of America",,,Fatalities: 0 / Occupants: 7 
19591215-0,,Tuesday 15 December 1959,,Douglas C-47D (DC-3),United States Air Force - USAF,,,, 43-48271, 25532/14087, 1944,,,,,Fatalities:  / Occupants: ,Fatalities:  / Occupants: ,,, Damaged beyond repair,,"at an unknown location (   Unknown country) 
", Unknown (UNK),Military,?,?,,,Fatalities:  / Occupants:  
19591217-0,,Thursday 17 December 1959,ca 02:20 UTC,Consolidated PBY-6A Catalina,California Aircraft,,,, N64T, 2102, ,,,,,Fatalities: 3 / Occupants: 3,Fatalities: 0 / Occupants: 0,,, Damaged beyond repair,,"Gravina Island, AK (   United States of America) 
", En route (ENR),Unknown,"Juneau, AK, United States of America","Annette Island Airport, AK (ANN/PANT), United States of America",,,Fatalities: 3 / Occupants: 3 
19591217-1,,Thursday 17 December 1959,,Martin PBM-5A Mariner,Marine Luchtvaart Dienst (MLD),,,, P-302, , ,,,,,Fatalities:  / Occupants: ,Fatalities:  / Occupants: ,,, Damaged beyond repair,,"Patipi Bay, off Fak Fak (   Indonesia) 
", Landing (LDG),Military,"Sorong-Jefman Airport (SOQ/WASS), Indonesia",?,,,Fatalities: 5 / Occupants: 8 
19591217-2,,Thursday 17 December 1959,09:54,Lisunov Li-2,Aeroflot / Lithuania,,,, CCCP-84587, 18431507, 1948,13210,,,,Fatalities: 1 / Occupants: 5,Fatalities: 0 / Occupants: 4,,, Damaged beyond repair,,"near Vilnius (   Lithuania) 
", Takeoff (TOF),Domestic Scheduled Passenger,"Vilnius Airport (VNO/EYVI), Lithuania","Riga-Central Airport (EVRS), Latvia",,,Fatalities: 1 / Occupants: 9 
19591221-0,,Monday 21 December 1959,07:16 UTC,Vickers 785D Viscount,Alitalia,,,, I-LIZT, 378, 1958,,,,,Fatalities: 2 / Occupants: 2,Fatalities: 0 / Occupants: 0,,, Damaged beyond repair,,"Roma-Ciampino Airport (CIA) (   Italy) 
", Approach (APR),Training,"Roma-Ciampino Airport (CIA/LIRA), Italy","Roma-Ciampino Airport (CIA/LIRA), Italy",,,Fatalities: 2 / Occupants: 2 
19591222-1,,Tuesday 22 December 1959,,Vickers 635 Viking 1B,Eagle Aviation Ltd.,,,, G-AMGG, 290, 1947-07-24  (12 years 5 months),,,,,Fatalities: 0 / Occupants: 4,Fatalities: 0 / Occupants: 32,,, Damaged beyond repair,,"Agadir-Inezgane Airport (AGA) (   Morocco) 
", Landing (LDG),Int'l Non Scheduled Passenger,?,"Agadir-Inezgane Airport (AGA/GMAA), Morocco",,,Fatalities: 0 / Occupants: 36 
19591222-2,,Tuesday 22 December 1959,13:40,Vickers 827 Viscount,VASP - Viação Aérea São Paulo,,,, PP-SRG, 401, 1959,,,,,Fatalities: 6 / Occupants: 6,Fatalities: 26 / Occupants: 26,Fatalities: 10,, Destroyed, Written off (damaged beyond repair),"4 km (2.5 mls) S of Rio de Janeiro-Galeão International Airport, RJ (GIG) (   Brazil) 
", Approach (APR),Domestic Scheduled Passenger,"Brasília International Airport, DF (BSB/SBBR), Brazil","Rio de Janeiro-Galeão International Airport, RJ (GIG/SBGL), Brazil", 233,,Fatalities: 32 / Occupants: 32 
19591223-0,,Wednesday 23 December 1959,,de Havilland  DH-106 Comet 4,British Overseas Airways Corporation - BOAC,,,, G-APDL, 6413, 1959,,, 4 Rolls-Royce Avon 524,,Fatalities: 0 / Occupants: 8,Fatalities: 0 / Occupants: 38,,, Substantial, Repaired,"Roma-Ciampino Airport (CIA) (   Italy) 
", Landing (LDG),International Scheduled Passenger,"London-Heathrow Airport (LHR/EGLL), United Kingdom","Roma-Ciampino Airport (CIA/LIRA), Italy",,,Fatalities: 0 / Occupants: 46 
19591224-0,Final,Thursday 24 December 1959,05:00 UTC,Douglas C-47A-25-DK (DC-3),Garuda Indonesia Airways,,,, PK-GDV, 13535, 1944,,, 2 Pratt & Whitney R-1830-92,,Fatalities: 1 / Occupants: 4,Fatalities: 0 / Occupants: 0,,, Damaged beyond repair,,"5 km (3.1 mls) from  Palembang (   Indonesia) 
", Approach (APR),Domestic Scheduled Passenger,"Palembang-Talang Betoetoe Airport (PLM/WIPP), Indonesia","Pangkal Pinang Airport (PGK/WIKK), Indonesia", 330,,Fatalities: 1 / Occupants: 4 
19591229-0,,Tuesday 29 December 1959,,Lockheed P2V-7 Neptune  ,United States Navy,,,, 140157, 726-7060, ,,,,,Fatalities:  / Occupants: ,Fatalities:  / Occupants: ,,, Damaged beyond repair,,"Brunswick NAS, ME (NHZ) (   United States of America) 
", Landing (LDG),Military,?,"Brunswick NAS, ME (NHZ/KNHZ), United States of America",,,Fatalities:  / Occupants:  
19591231-0,,Thursday 31 December 1959,,Douglas C-47A-70-DL (DC-3),Lloyd Aéreo Boliviano - LAB,,,, CP-584, 19226, 1943,,, 2 Pratt & Whitney R-1830-92,,Fatalities:  / Occupants: ,Fatalities:  / Occupants: ,,, Damaged beyond repair,,"San Jose de Chiquitos (   Bolivia) 
", Unknown (UNK),Domestic Scheduled Passenger,"San Jose de Chiquitos Airport (SJS/SLJE), Bolivia",?,,,Fatalities: 11 / Occupants: 11 
