Identifiant:,Status:,Date:,Time:,Type:,Operator:,Operating for:,On behalf of:,Leased from:,Registration:,C/n / msn:,First flight:,Total airframe hrs:,Year built:,Engines:,Cycles:,Crew:,Passengers:,Ground casualties:,Collision casualties:,Aircraft damage:,Aircraft fate:,Location:,Phase:,Nature:,Departure airport:,Destination airport:,Flightnumber:,Probable cause:,Total:
19821129-2,,Monday 29 November 1982,,de Havilland Canada DHC-6 Twin Otter 310,ACES - Aerolineas Centrales de Colombia,,,, HK-2536, 713, 1980,,, 2 Pratt & Whitney Canada PT6A-27,,Fatalities: 2 / Occupants: 2,Fatalities: 20 / Occupants: 20,,, Damaged beyond repair,,"near Quetame (   Colombia) 
", En route (ENR),Domestic Scheduled Passenger,"San José del Guaviare Airport (SJE/SKSJ), Colombia","Bogotá-Eldorado Airport (BOG/SKBO), Colombia", 189,,Fatalities: 22 / Occupants: 22 
19821199-1,,xx NOV 1982,,Douglas DC-3C,Airfast Indonesia,,,, PK-OBJ, 19249, 1943,,,,,Fatalities:  / Occupants: ,Fatalities:  / Occupants: ,,, Damaged beyond repair,,"Pontianak (   Indonesia) 
", Unknown (UNK),Unknown,?,?,,,Fatalities:  / Occupants:  
19821201-0,,Wednesday 1 December 1982,,Britten-Norman BN-2 Islander,Flight Centre Victoria,,,, registration unknown, , ,,,,,Fatalities: 0 / Occupants: ,Fatalities: 0 / Occupants: ,,, None,,"Abbotsford Airport, BC (YXX) (   Canada) 
", En route (ENR),Domestic Non Scheduled Passenger,"Victoria International Airport, BC (YYJ/CYYJ), Canada","Abbotsford Airport, BC (YXX/CYXX), Canada",,,Fatalities: 0 / Occupants:  
19821204-0,,Saturday 4 December 1982,,Boeing 707-323B,Global International Airways,,,, N8434, 20173/805, 1969,,, 4 Pratt & Whitney JT3D-3B,,Fatalities: 0 / Occupants: 8,Fatalities: 0 / Occupants: 49,,, Damaged beyond repair,,"Brasilia International Airport, DF (BSB) (   Brazil) 
", Takeoff (TOF),Int'l Non Scheduled Passenger,"Brasília-Presidente Juscelino Kubitschek International Airport, DF (BSB/SBBR), Brazil","New York-John F. Kennedy International Airport, NY (JFK/KJFK), United States of America",,,Fatalities: 0 / Occupants: 57 
19821205-0,,Sunday 5 December 1982,,Douglas C-53-DO (DC-3),Paul Grossman,,,, N163E, 7394, 1942,,,,,Fatalities: 0 / Occupants: ,Fatalities: 0 / Occupants: ,,, Damaged beyond repair,,"Burbank/Glendale/Pasadena Airport, CA (BUR) (   United States of America) 
", Taxi (TXI),Unknown,?,?,,,Fatalities: 0 / Occupants:  
19821206-0,,Monday 6 December 1982,,Learjet 35A,Transair SA,,,, HB-VFO, 35A-184, 1978,,, 2 Garrett TFE731-2-2B,,Fatalities: 0 / Occupants: 2,Fatalities: 0 / Occupants: 2,,, Substantial, Written off (damaged beyond repair),"Paris-Le Bourget Airport (LBG) (   France) 
", Takeoff (TOF),Unknown,"Paris-Le Bourget Airport (LBG/LFPB), France",?,,,Fatalities: 0 / Occupants: 4 
19821207-0,Final,Tuesday 7 December 1982,19:07,Swearingen SA227-AC Metro III,Pioneer Airlines,,,, N30093, AC-449, 1981,2269,, 2 Garrett TPE331,,Fatalities: 2 / Occupants: 2,Fatalities: 0 / Occupants: 0,,, Destroyed, Written off (damaged beyond repair),"32 km (20 mls) SSW of Pueblo Memorial Airport, CO (PUB) (   United States of America) 
", En route (ENR),Cargo,"Santa Fe Airport, NM (SAF/KSAF), United States of America","Pueblo Memorial Airport, CO (PUB/KPUB), United States of America",,,Fatalities: 2 / Occupants: 2 
19821209-1,Final,Thursday 9 December 1982,13:27 UTC,Fairchild F-27A,Aeronor Chile,,,, CC-CJE,  63, 1959,47357,, 2 Rolls-Royce Dart 532-7,,Fatalities: 4 / Occupants: 4,Fatalities: 42 / Occupants: 42,,, Destroyed, Written off (damaged beyond repair),"La Serena-La Florida Airport (LSC) (   Chile) 
", Approach (APR),Domestic Scheduled Passenger,"Santiago-Los Cerrillos Airport (ULC/SCTI), Chile","La Serena-La Florida Airport (LSC/SCSE), Chile", 304,,Fatalities: 46 / Occupants: 46 
19821210-0,,Friday 10 December 1982,,Hawker Siddeley HS-748-235 Srs. 2A,Bouraq Indonesia Airlines,,,, PK-IHI, 1626, 1967,,,,,Fatalities: 0 / Occupants: 3,Fatalities: 0 / Occupants: 42,,, Damaged beyond repair,,"Manado Airport (MDC) (   Indonesia) 
", Landing (LDG),Scheduled Passenger,?,"Manado-Sam Ratulangi Airport (MDC/WAMM), Indonesia",,,Fatalities: 0 / Occupants: 45 
19821212-0,,Sunday 12 December 1982,ca 17:30,Douglas C-47A-70-DL (DC-3),Transportes Aéreas Latinamericanos - TALA,,,, HK-2580, 19127, 1943,,, 2 Pratt & Whitney R-1830-92,,Fatalities: 4 / Occupants: 4,Fatalities: 0 / Occupants: 0,Fatalities: 1,, Damaged beyond repair,,"near Mariquita Airport (MQU) (   Colombia) 
", Initial climb (ICL),Training,"Girardot-Santiago Vila Airport (GIR/SKGI), Colombia","Mariquita Airport (MQU/SKQU), Colombia",,,Fatalities: 4 / Occupants: 4 
19821216-0,,Thursday 16 December 1982,,Antonov An-24B,"Aeroflot, Central Region Civil Aviation Directorate",,,, CCCP-46567, 87304708, 1968,,,,,Fatalities: 0 / Occupants: ,Fatalities: 0 / Occupants: ,,, Damaged beyond repair,,"Sakhanskoye, Shiryayevsky district, Odessa region (   Ukraine) 
", En route (ENR),Domestic Scheduled Passenger,"Kiev-Borispol Airport (KBP/UKBB), Ukraine","Odessa-Central Airport (ODS/UKOO), Ukraine",,,Fatalities: 0 / Occupants:  
19821223-0,,Thursday 23 December 1982,,Antonov An-26,Aeroflot / Turkmenistan,,,, CCCP-26627, 77305208, 1977,,,,,Fatalities: 16 / Occupants: 16,Fatalities: 0 / Occupants: 0,,, Damaged beyond repair,,"1 km (0.6 mls) from  Rostov Airport (ROV) (   Russia) 
", Takeoff (TOF),Cargo,"Rostov Airport (ROV/URRR), Russia","Krasnovodsk Airport (KRW/UTAK), Turkmenistan",,,Fatalities: 16 / Occupants: 16 
19821224-0,,Friday 24 December 1982,17:10,Ilyushin Il-18B,CAAC,,,, B-202, 189001401, 1959,,,,,Fatalities: 0 / Occupants: 11,Fatalities: 25 / Occupants: 58,,, Damaged beyond repair,,"Guangzhou-Baiyun Airport (CAN) (   China) 
", Landing (LDG),Domestic Scheduled Passenger,"Changsha-Huanghua Airport (CSX/ZGHA), China","Guangzhou-Baiyun Airport (CAN/ZGGG), China",2311,,Fatalities: 25 / Occupants: 69 
19821228-0,,Tuesday 28 December 1982,,Dornier Do 128-6 Turbo Skyservant,Société Minière et Industrielle du Kivu - SOMINKI,,,, 9Q-COT, 6005, ,,, 2 Pratt & Whitney Canada PT6A-110,,Fatalities:  / Occupants: ,Fatalities:  / Occupants: ,,, Damaged beyond repair,,"at an unknown location (   Democratic Republic of the Congo) 
", Unknown (UNK),Unknown,?,?,,,Fatalities:  / Occupants:  
19821230-0,,Thursday 30 December 1982,,Boeing 727,United Airlines,,,, registration unknown, , ,,,,,Fatalities: 0 / Occupants: ,Fatalities: 0 / Occupants: ,,, None,,"Pittsburgh International Airport, PA (PIT) (   United States of America) 
", En route (ENR),Domestic Scheduled Passenger,"Chicago-O'Hare International Airport, IL (ORD/KORD), United States of America","Pittsburgh International Airport, PA (PIT/KPIT), United States of America",UA702,,Fatalities: 0 / Occupants: 77 
19829999-0,,xx xxx 1982,,Douglas C-54Q (DC-4),Florida Aircraft Leasing,,,, N111AV, 22186, 1945,,,,,Fatalities:  / Occupants: ,Fatalities:  / Occupants: ,,, Damaged beyond repair,,"Great Abaco (   Bahamas) 
", Unknown (UNK),Unknown,?,?,,,Fatalities:  / Occupants:  
19829999-1,,xx xxx 1982,,de Havilland Canada DHC-6 Twin Otter 300,Libyan Ministry of Agriculture,,,, 5A-DCW, 639, 1979,,, 2 Pratt & Whitney Canada PT6A-27,,Fatalities: 0 / Occupants: ,Fatalities: 0 / Occupants: ,,, Damaged beyond repair,,"at an unknown location (   Libya) 
", Unknown (UNK),Unknown,?,?,,,Fatalities: 0 / Occupants:  
19829999-2,,xx xxx 1982,,Douglas C-47B-10-DK (DC-3),Bangko Sentral Ng Pilipinas,,,, RP-C3, 26209/14764, 1944,,, 2 Pratt & Whitney R-1830-90C,,Fatalities:  / Occupants: ,Fatalities:  / Occupants: ,,, Damaged beyond repair,,"Manila (   Philippines) 
", Unknown (UNK),Unknown,?,?,,,Fatalities:  / Occupants:  
19820102-0,,Saturday 2 January 1982,13:25,Beechcraft UC-12B Huron (A200C Super King Air),United States Navy,,,, 161189, BJ-5, 1979,,,,,Fatalities: 1 / Occupants: ,Fatalities: 0 / Occupants: ,,, Damaged beyond repair,,"N of Pensacola Regional Airport, FL (PNS) (   United States of America) 
", Approach (APR),Military,"Norfolk NAS Chambers, VA (NGU/KNGU), United States of America","Pensacola NAS, FL (NPA/KNPA), United States of America",,,Fatalities: 1 / Occupants: 8 
19820107-0,,Thursday 7 January 1982,,Boeing 727-114,Aerotal Colombia,,,, HK-2637, 19815/443, 1967-07-28  (14 years 6 months),,,,,Fatalities: 0 / Occupants: ,Fatalities: 0 / Occupants: 70,,, None,,"Barranquilla-Ernesto Cortissoz Airport (BAQ) (   Colombia) 
", Unknown (UNK),Domestic Scheduled Passenger,"Santa Marta-Simón Bolívar Airport (SMR/SKSM), Colombia","Barranquilla-Ernesto Cortissoz Airport (BAQ/SKBQ), Colombia",,,Fatalities: 0 / Occupants:  
19820107-1,,Thursday 7 January 1982,13:35,Let L-410M,Aeroflot / Georgia,,,, CCCP-67290, 781101, 1978,1895,, 2 Walter M-601A,3747,Fatalities: 2 / Occupants: 2,Fatalities: 16 / Occupants: 16,,, Destroyed, Written off (damaged beyond repair),"22 km (13.8 mls) SE of Gelendzhik (   Russia) 
", En route (ENR),Domestic Scheduled Passenger,"Novorossiysk Airport (NOI), Russia","Sukhumi-Babusheri Airport (SUI/UGSS), Georgia",G-96,,Fatalities: 18 / Occupants: 18 
19820108-0,Final,Friday 8 January 1982,20:52,Swearingen SA227-AC Metro III,Crossair,,,, HB-LNB, AC-470, 1981,,,,,Fatalities: 0 / Occupants: 2,Fatalities: 0 / Occupants: 13,,, Minor, Repaired,"Zürich-Kloten Airport (ZRH) (   Switzerland) 
", Landing (LDG),International Scheduled Passenger,"Nürnberg Airport (NUE/EDDN), Germany","Zürich-Kloten Airport (ZRH/LSZH), Switzerland",LX597,,Fatalities: 0 / Occupants: 15 
19820111-1,,Monday 11 January 1982,,Learjet 25XR,Redec Aviation,,,, HZ-GP5, 25-199, ,,,,,Fatalities: 2 / Occupants: 2,Fatalities: 0 / Occupants: 0,,, Damaged beyond repair,,"130 km (81.3 mls) NNE of Narsarsuaq (   Greenland) 
", En route (ENR),Executive,?,"Narsarsuaq Airport (UAK/BGBW), Greenland",,,Fatalities: 2 / Occupants: 2 
19820113-0,Final,Wednesday 13 January 1982,16:01,Boeing 737-222,Air Florida,,,, N62AF, 19556/130, 1969-02-15  (12 years 11 months),23608,, 2 Pratt & Whitney JT8D-9A,29549,Fatalities: 4 / Occupants: 5,Fatalities: 70 / Occupants: 74,Fatalities: 4,, Destroyed, Written off (damaged beyond repair),"1,4 km (0.9 mls)  N of Washington-National Airport, DC (DCA) [Potomac River] (   United States of America) 
", Initial climb (ICL),Domestic Scheduled Passenger,"Washington-National Airport, DC (DCA/KDCA), United States of America","Tampa International Airport, FL (TPA/KTPA), United States of America",  90,,Fatalities: 74 / Occupants: 79 
19820114-0,,Thursday 14 January 1982,,Antonov An-26,Ethiopian Air Force,,,, registration unknown, , ,,,,,Fatalities:  / Occupants: ,Fatalities:  / Occupants: ,,, Damaged beyond repair,,"near Addis Ababa (   Ethiopia) 
", Unknown (UNK),Military,?,?,,,Fatalities: 73 / Occupants: 73 
19820116-0,,Saturday 16 January 1982,,Yakovlev Yak-40,"Aeroflot, Kazakstan Civil Aviation Directorate",,,, CCCP-87902, 9720454, 1977,,, 3 Ivchenko AI-25,,Fatalities: 0 / Occupants: 3,Fatalities: 0 / Occupants: 0,,, Damaged beyond repair,,"Shevchenko (   Kazakhstan) 
", Unknown (UNK),Unknown,?,?,,,Fatalities: 0 / Occupants: 3 
19820117-0,Final,Sunday 17 January 1982,22:45,Convair CV-440-75,Island Airlines Hawaii,,,, N21DR, 325, 1956,40846,, 2 Pratt & Whitney R-2800,,Fatalities: 0 / Occupants: 3,Fatalities: 0 / Occupants: 0,,, Destroyed, Written off (damaged beyond repair),"Pearl Harbor Channel, HI (   United States of America) 
", Initial climb (ICL),Cargo,"Honolulu International Airport, HI (HNL/PHNL), United States of America","Kahului Airport, HI (OGG/PHOG), United States of America",,,Fatalities: 0 / Occupants: 3 
19820118-0,,Monday 18 January 1982,,Convair HC-131A (CV-240),United States Coast Guard,,,, 5786, 53-06, ,,,,,Fatalities: 0 / Occupants: ,Fatalities: 0 / Occupants: ,,, Damaged beyond repair,,"Corpus Christi NAS, TX (NGP) (   United States of America) 
", Landing (LDG),Military,"Corpus Christi NAS, TX (NGP/KNGP), United States of America","Corpus Christi NAS, TX (NGP/KNGP), United States of America",,,Fatalities: 0 / Occupants: 8 
19820119-1,Final,Tuesday 19 January 1982,08:30,Canadair CL-44D4-1,AECA - Aeroservicios Ecuatorianos,,,, HC-BHS, 14, 1961-03-13  (20 years 11 months),42851,, 4 Rolls-Royce Tyne 515,,Fatalities: 0 / Occupants: 4,Fatalities: 0 / Occupants: 2,,, Substantial, Written off (damaged beyond repair),"Miami International Airport, FL (MIA) (   United States of America) 
", Landing (LDG),Cargo,"Miami International Airport, FL (MIA/KMIA), United States of America","Managua-Augusto C Sandino Airport (MGA/MNMG), Nicaragua",,,Fatalities: 0 / Occupants: 6 
19820121-0,Final,Thursday 21 January 1982,01:54,Douglas DC-3A,Tursair,,,, N211TA, 6342, 1942,37721,, 2 Wright R-1820-202A,,Fatalities: 0 / Occupants: 2,Fatalities: 0 / Occupants: 0,,, Substantial, Written off (damaged beyond repair),"Opa-locka Airport, FL (OPF) (   United States of America) 
", Takeoff (TOF),Training,"Opa-locka Airport, FL (OPF/KOPF), United States of America","Opa-locka Airport, FL (OPF/KOPF), United States of America",,,Fatalities: 0 / Occupants: 2 
19820121-1,,Thursday 21 January 1982,21:04,Douglas C-54E-15-DO (DC-4),Aéronavale,,,, 49148, 27374, 1945,,,,,Fatalities: 7 / Occupants: 7,Fatalities: 0 / Occupants: 0,,, Damaged beyond repair,,"10 km (6.3 mls) E of Noumea-Tontouta Airport (NOU) (   New Caledonia) 
", En route (ENR),Military,"Nouméa-Tontouta Airport (NOU/NWWW), New Caledonia","Nouméa-Tontouta Airport (NOU/NWWW), New Caledonia",,,Fatalities: 7 / Occupants: 7 
19820123-0,Final,Saturday 23 January 1982,19:36,McDonnell Douglas DC-10-30CF,World Airways,,,, N113WA, 47821/320, 1980,6327,, 3 General Electric CF6-50C2,,Fatalities: 0 / Occupants: 12,Fatalities: 2 / Occupants: 200,,, Destroyed, Written off (damaged beyond repair),"Boston-Logan International Airport, MA (BOS) (   United States of America) 
", Landing (LDG),Domestic Scheduled Passenger,"Newark International Airport, NJ (EWR/KEWR), United States of America","Boston-Logan International Airport, MA (BOS/KBOS), United States of America",  30,,Fatalities: 2 / Occupants: 212 
19820125-0,,Monday 25 January 1982,,Antonov An-24RV,Tarom,,,, YR-BMD, 57310202, 1975,,, 2 Ivchenko AI-24VT,,Fatalities: 7 / Occupants: 7,Fatalities: 0 / Occupants: 0,,, Damaged beyond repair,,"near Constanta Airport (CND) (   Romania) 
", Approach (APR),Training,"Bucharest-Baneasa Airport (BBU/LRBS), Romania","Constanta-Kogalniceanu Airport (CND/LRCK), Romania",,,Fatalities: 7 / Occupants: 7 
19820125-1,,Monday 25 January 1982,,Antonov An-2R,MÉM Repülögépes Szolgálat,,,, HA-MBI, 1G166-27, ,,,,,Fatalities:  / Occupants: ,Fatalities:  / Occupants: ,,, Damaged beyond repair,,"Bácsbokod (   Hungary) 
", Takeoff (TOF),Agricultural,?,?,,,Fatalities:  / Occupants:  
19820126-0,,Tuesday 26 January 1982,,Boeing 707-348C,Alyemda,,,, 7O-ACJ, 18737/377, 1964,,, 4 Pratt & Whitney JT3D-3B,,Fatalities: 0 / Occupants: ,Fatalities: 0 / Occupants: ,,, Damaged beyond repair,,"Damascus International Airport (DAM) (   Syria) 
", Approach (APR),Cargo,?,"Damascus International Airport (DAM/OSDI), Syria",,,Fatalities: 0 / Occupants:  
19820127-0,,Wednesday 27 January 1982,,Boeing 727-114,Aerotal Colombia,,,, HK-2637X, 19815/443, 1967-07-28  (14 years 6 months),,,,,Fatalities: 0 / Occupants: 6,Fatalities: 0 / Occupants: 128,,, Substantial, Repaired,"Bogotá, Cali (   Colombia) 
", En route (ENR),Domestic Scheduled Passenger,"Bogotá-Eldorado Airport (BOG/SKBO), Colombia","Pereira-Matecaña Airport (PEI/SKPE), Colombia",,,Fatalities: 0 / Occupants: 134 
19820201-0,Final,Monday 1 February 1982,00:45,Beechcraft 99 Airliner,Pilgrim Airlines,,,, N451C, U- 66, 1969,19188,, 2 Pratt & Whitney Canada PT6A-20,,Fatalities: 0 / Occupants: 2,Fatalities: 0 / Occupants: 5,,, Destroyed, Written off (damaged beyond repair),"Groton, CT (   United States of America) 
", Approach (APR),Domestic Scheduled Passenger,"New Haven Airport, CT (HVN/KHVN), United States of America","Groton-New London Airport, CT (GON/KGON), United States of America",,,Fatalities: 0 / Occupants: 7 
19820202-0,,Tuesday 2 February 1982,,Boeing 737-200,Air Florida,,,, registration unknown, , ,,,,,Fatalities: 0 / Occupants: ,Fatalities: 0 / Occupants: ,,, Unknown,,"Havana (   Cuba) 
", Unknown (UNK),Domestic Scheduled Passenger,"Miami International Airport, FL (MIA/KMIA), United States of America","Key West International Airport, FL (EYW/KEYW), United States of America", 710,,Fatalities: 0 / Occupants: 77 
19820203-0,,Wednesday 3 February 1982,,Nord 2501 Noratlas,L'Armée de L'Air,,,, 140, 140, ,,, 2 Bristol Hercules 739,,Fatalities:  / Occupants: ,Fatalities:  / Occupants: ,,, Damaged beyond repair,,"Mount Garbi (   Djibouti) 
", En route (ENR),Military,"Djibouti Airport (JIB/HDAM), Djibouti","Djibouti Airport (JIB/HDAM), Djibouti",,,Fatalities: 36 / Occupants: 36 
19820204-0,,Thursday 4 February 1982,,Beechcraft 200 Super King Air,Unknown,,,, YV-426P, BB-142, 1976,,,,,Fatalities:  / Occupants: ,Fatalities:  / Occupants: ,,, Damaged beyond repair,,"Caracas (   Venezuela) 
", Unknown (UNK),Unknown,?,?,,,Fatalities:  / Occupants:  
19820205-0,,Friday 5 February 1982,,Canadair CL-44D4-2,Affretair,,,, TR-LVO, 20, 1961-05-10  (20 years 9 months),,, 4 Rolls-Royce Tyne 515,,Fatalities: 0 / Occupants: ,Fatalities: 0 / Occupants: ,,, Damaged beyond repair,,"Salisbury Airport (HRE) (   Zimbabwe) 
", Standing (STD),-,-,?,,,Fatalities: 0 / Occupants:  
19820206-0,,Saturday 6 February 1982,,Fairchild C-123J Provider,Republic of Korea Air Force - ROKAF,,,, registration unknown, , ,,,,,Fatalities: 6 / Occupants: 6,Fatalities: 47 / Occupants: 47,,, Damaged beyond repair,,"near Jeju (Cheju) International Airport (CJU) (   South Korea) 
", En route (ENR),Military,?,"Jeju (Cheju) International Airport (CJU/RKPC), South Korea",,,Fatalities: 53 / Occupants: 53 
19820207-0,,Sunday 7 February 1982,,Fairchild C-119 Flying Boxcar,Indian Air Force - IAF,,,, registration unknown, , ,,,,,Fatalities:  / Occupants: ,Fatalities:  / Occupants: ,,, Damaged beyond repair,,"120 km (75 mls) N of Jammu (   India) 
", En route (ENR),Military,"Pathankot Air Base (IXP/VIPK), India","Leh Airport (IXL/VILH), India",,,Fatalities: 23 / Occupants: 23 
19820209-0,,Tuesday 9 February 1982,08:44,McDonnell Douglas DC-8-61,Japan Air Lines - JAL,,,, JA8061, 45889/291, 1967,36955,, 4 Pratt & Whitney JT3D-3B,,Fatalities: 0 / Occupants: 8,Fatalities: 24 / Occupants: 166,,, Damaged beyond repair,,"Tokyo-Haneda Airport (HND) (   Japan) 
", Approach (APR),Domestic Scheduled Passenger,"Fukuoka Airport (FUK/RJFF), Japan","Tokyo-Haneda Airport (HND/RJTT), Japan",JL350,,Fatalities: 24 / Occupants: 174 
19820209-1,,Tuesday 9 February 1982,,Douglas C-47A-70-DL (DC-3),Trans Air Services,,,, RP-C141, 19251, 1943,,, 2 Pratt & Whitney R-1830-92,,Fatalities: 2 / Occupants: 3,Fatalities: 1 / Occupants: 29,,, Damaged beyond repair,,"Mt. Ipao (   Philippines) 
", En route (ENR),Domestic Non Scheduled Passenger,"Manila International Airport (MNL/RPLL), Philippines","Sicogon Island Airport (ICO), Philippines",,,Fatalities: 3 / Occupants: 32 
19820211-0,,Thursday 11 February 1982,,Antonov An-26,Vietnam People's Air Force,,,, 26264, , ,,,,,Fatalities: 1 / Occupants: 13,Fatalities: 0 / Occupants: 0,,, Damaged beyond repair,,"near Sa Keao (   Vietnam) 
", En route (ENR),Military,?,?,,,Fatalities: 1 / Occupants: 13 
19820211-1,,Thursday 11 February 1982,,Let L-410M,"Aeroflot, Yakutsk Civil Aviation Directorate",,,, CCCP-67237, 770803, 1977,,,,,Fatalities: 0 / Occupants: 0,Fatalities: 0 / Occupants: 0,,, Damaged beyond repair,,"Batagay Airport (   Russia) 
", Standing (STD),-,-,-,,,Fatalities: 0 / Occupants: 0 
19820213-0,,Saturday 13 February 1982,,Boeing 727-200,Braniff International Airways,,,, registration unknown, , ,,,,,Fatalities: 0 / Occupants: ,Fatalities: 0 / Occupants: ,,, None,,"Amarillo International Airport, TX (AMA) (   United States of America) 
", Standing (STD),-,-,-,,,Fatalities: 0 / Occupants: 2 
19820216-0,Final,Tuesday 16 February 1982,09:05,NAMC YS-11A-621,Reeve Aleutian Airways,,,, N169RV, 2169, 1973-01-26  (9 years ),4385,, 2 Rolls-Royce Dart 532-10K,3239,Fatalities: 0 / Occupants: 3,Fatalities: 0 / Occupants: 36,,, Substantial, Repaired,"near King Salmon Airport, AK (AKN) (   United States of America) 
", Approach (APR),Domestic Scheduled Passenger,"Anchorage International Airport, AK (ANC/PANC), United States of America","King Salmon Airport, AK (AKN/PAKN), United States of America",  69,,Fatalities: 0 / Occupants: 39 
19820219-0,,Friday 19 February 1982,,Douglas DC-6BF,Líneas Aéreas del Caribe - LAC Colombia,,,, HK-1706, 44168/431, 1953,,,,,Fatalities: 4 / Occupants: 4,Fatalities: 0 / Occupants: 0,,, Damaged beyond repair,,"18 km (11.3 mls) NNW of Subachoque (   Colombia) 
", Approach (APR),Cargo,?,?,,,Fatalities: 4 / Occupants: 4 
19820220-0,Final,Saturday 20 February 1982,12:55 UTC,Britten-Norman BN-2A-9 Islander,Army Parachute Association,,,, G-BBRP, 371, 1973,5466,, 2 Lycoming O-540-E,,Fatalities: 0 / Occupants: 1,Fatalities: 0 / Occupants: 8,,, Damaged beyond repair,,"Netheravon, Wiltshire (   United Kingdom) 
", Takeoff (TOF),Parachuting,"Netheravon Airport (EGDN), United Kingdom","Netheravon Airport (EGDN), United Kingdom",,,Fatalities: 0 / Occupants: 9 
19820221-1,Final,Sunday 21 February 1982,15:33,de Havilland Canada DHC-6 Twin Otter 100,Pilgrim Airlines,,,, N127PM, 105, 1968,27015,, 2 Pratt & Whitney Canada PT6A-27,,Fatalities: 0 / Occupants: 2,Fatalities: 1 / Occupants: 10,,, Destroyed, Written off (damaged beyond repair),"Scituate Reservoir, RI (   United States of America) 
", En route (ENR),Domestic Scheduled Passenger,"Groton-New London Airport, CT (GON/KGON), United States of America","Boston-Logan International Airport, MA (BOS/KBOS), United States of America", 458,,Fatalities: 1 / Occupants: 12 
19820224-0,,Wednesday 24 February 1982,,Boeing 707-300,Kuwait Airways,,,, registration unknown, , ,,,,,Fatalities: 0 / Occupants: ,Fatalities: 0 / Occupants: ,,, None,,"Beirut International Airport (BEY) (   Lebanon) 
", Standing (STD),International Scheduled Passenger,"Beirut International Airport (BEY/OLBA), Lebanon","Kuwait International Airport (KWI/OKBK), Kuwait",,,Fatalities: 0 / Occupants: 105 
19820226-0,,Friday 26 February 1982,,Boeing 737-2R8C,Air Tanzania,,,, 5H-ATC, 21710/546, 1978-12-05  (3 years 3 months),,, 2 Pratt & Whitney JT8D-17,,Fatalities: 0 / Occupants: 5,Fatalities: 0 / Occupants: 99,,, None,,"Nairobi, Jeddah, Athens, London-Stansted (   United Kingdom) 
", En route (ENR),Domestic Scheduled Passenger,"Mwanza Airport (MWZ/HTMW), Tanzania","Dar Es Salaam International Airport (DAR/HTDA), Tanzania",,,Fatalities: 0 / Occupants: 104 
19820301-0,,Monday 1 March 1982,,Boeing 727,United Airlines,,,, registration unknown, , ,,,,,Fatalities: 0 / Occupants: ,Fatalities: 0 / Occupants: ,,, None,,"Miami International Airport, FL (MIA) (   United States of America) 
", En route (ENR),Domestic Scheduled Passenger,"Chicago-O'Hare International Airport, IL (ORD/KORD), United States of America","Miami International Airport, FL (MIA/KMIA), United States of America",UA674,,Fatalities: 0 / Occupants: 97 
19820303-0,,Wednesday 3 March 1982,,Britten-Norman BN-2A-27R Islander,ATESA (Aerotaxis Ecuatorianos SA),,,, HC-BFJ, 590, 1977-04-13  (4 years 11 months),,,,,Fatalities:  / Occupants: ,Fatalities:  / Occupants: ,,, Damaged beyond repair,,"at an unknown location (   Unknown country) 
", Unknown (UNK),Unknown,?,?,,,Fatalities:  / Occupants:  
19820307-0,,Sunday 7 March 1982,,Lockheed C-141B Starlifter,United States Air Force - USAF,,,, 67-0017, 300-6268, ,21878,, 4 Pratt & Whitney TF33-P-7,,Fatalities: 0 / Occupants: 0,Fatalities: 0 / Occupants: 0,,, Damaged beyond repair,,"Columbia-McEntire Air National Guard Base, SC (MMT) (   United States of America) 
", Standing (STD),Military,-,-,,,Fatalities: 0 / Occupants: 0 
19820310-0,,Wednesday 10 March 1982,,IRMA/Britten-Norman BN-2A-20 Islander,Heron Air Charter,,,, P2-HAC, 762, 1975-11-12  (6 years 4 months),,,,,Fatalities:  / Occupants: ,Fatalities:  / Occupants: ,,, Damaged beyond repair,,"at an unknown location (   Papua New Guinea) 
", Unknown (UNK),Unknown,?,?,,,Fatalities:  / Occupants:  
19820311-0,,Thursday 11 March 1982,13:27,de Havilland Canada DHC-6 Twin Otter 300,Widerøes Flyveselskap,,,, LN-BNK, 568, 1977,,, 2 Pratt & Whitney Canada PT6A-27,,Fatalities: 2 / Occupants: 2,Fatalities: 13 / Occupants: 13,,, Destroyed, Written off (damaged beyond repair),"6 km (3.8 mls) SE off  Gamvik (   Norway) 
", En route (ENR),Domestic Scheduled Passenger,"Berlevåg Airport (BVG/ENBV), Norway","Mehamn Airport (MEH/ENMR), Norway",WF933,,Fatalities: 15 / Occupants: 15 
19820313-0,Final,Saturday 13 March 1982,10:51,Boeing KC-135A Stratotanker,United States Air Force - USAF,,,, 57-1489, 17560/169, 1958-10-30  (23 years 5 months),10650,, 4 Pratt & Whitney J57-P,,Fatalities: 4 / Occupants: 4,Fatalities: 0 / Occupants: 0,,Fatalities: 2, Damaged beyond repair,,"9 km (5.6 mls) SW of Phoenix-Luke AFB, AZ (LUF) (   United States of America) 
", Approach (APR),Military,"Phoenix-Luke AFB, AZ (LUF/KLUF), United States of America","Phoenix-Luke AFB, AZ (LUF/KLUF), United States of America",,,Fatalities: 4 / Occupants: 4 
19820315-0,,Monday 15 March 1982,,Antonov An-26,Soviet Navy,,,, registration unknown, , ,,,,,Fatalities: 6 / Occupants: 6,Fatalities: 3 / Occupants: 3,,, Damaged beyond repair,,"ca 6 km W of Anapa Airport (AAQ) (   Russia) 
", Approach (APR),Military,"Anapa Airport (AAQ/URKA), Russia","Kacha Air Base, Ukraine",,,Fatalities: 9 / Occupants: 9 
19820317-0,Final,Wednesday 17 March 1982,08:10,Airbus A300B4-203,Air France,,,, F-BVGK, 070, 1979-02-22  (3 years ),9053,, 2 General Electric CF6-50C2,3376,Fatalities: 0 / Occupants: 13,Fatalities: 0 / Occupants: 111,,, Destroyed, Written off (damaged beyond repair),"Sana'a International Airport (SAH) (   Yemen) 
", Takeoff (TOF),International Scheduled Passenger,"Sana'a International Airport (SAH/ODSN), Yemen","Cairo International Airport (CAI/HECA), Egypt",AF125,,Fatalities: 0 / Occupants: 124 
19820317-1,,Wednesday 17 March 1982,,Britten-Norman BN-2A-21 Islander,Hukbong Himpapawid ng Pilipinas (Philippine Air Force),,,, 3003, 3003, 1981-09-10  (6 months),,,,,Fatalities:  / Occupants: ,Fatalities:  / Occupants: ,,, Damaged beyond repair,,"at an unknown location (   Unknown country) 
", Unknown (UNK),Military,?,?,,,Fatalities:  / Occupants:  
19820319-0,,Friday 19 March 1982,21:10,Boeing KC-135A Stratotanker,United States Air Force - USAF,,,, 58-0031, 17776/246, 1959-03-24  (23 years ),9249,, 4 Pratt & Whitney J57-P,,Fatalities: 4 / Occupants: 4,Fatalities: 23 / Occupants: 23,,, Damaged beyond repair,,"Greenwood, IL (   United States of America) 
", Approach (APR),Military,"Marquette-Sawyer International Airport, MI (MQT/KSAW), United States of America","Chicago-O'Hare International Airport, IL (ORD/KORD), United States of America",,,Fatalities: 27 / Occupants: 27 
19820320-1,,Saturday 20 March 1982,,Fokker F-28 Fellowship 1000,Garuda Indonesia Airways,,,, PK-GVK, 11078, 1974-03-20  (8 years ),15760,,,14372,Fatalities: 4 / Occupants: 4,Fatalities: 23 / Occupants: 23,,, Damaged beyond repair,,"Bandar Lampung-Branti Airport (TKG) (   Indonesia) 
", Landing (LDG),Domestic Scheduled Passenger,"Jakarta-Kemayoran Airport (JKT), Indonesia","Bandar Lampung-Branti Airport (TKG/WICT), Indonesia",,,Fatalities: 27 / Occupants: 27 
19820321-0,,Sunday 21 March 1982,,Lockheed L-188AF Electra,Zantop International Airlines,,,, N5504, 1009, 1958,,,,,Fatalities: 0 / Occupants: 0,Fatalities: 0 / Occupants: 0,,, Damaged beyond repair,,"Macon-Lewis B. Wilson Airport, GA (MCN) (   United States of America) 
", Standing (STD),-,-,-,,,Fatalities: 0 / Occupants: 0 
19820321-1,,Sunday 21 March 1982,,Lockheed L-188AF Electra,Zantop International Airlines,,,, N5516, 1022, 1959,,,,,Fatalities: 0 / Occupants: 0,Fatalities: 0 / Occupants: 0,,, Damaged beyond repair,,"Macon-Lewis B. Wilson Airport, GA (MCN) (   United States of America) 
", Standing (STD),-,-,-,,,Fatalities: 0 / Occupants: 0 
19820326-0,,Friday 26 March 1982,ca 18:00,Dornier 228-100,Dornier Luftfahrt GmbH,,,, D-IFNS, 4358, 1981-03-28  (1 years),210,,,180,Fatalities: 3 / Occupants: 3,Fatalities: 0 / Occupants: 0,,, Destroyed, Written off (damaged beyond repair),"near Igenhausen (   Germany) 
", Maneuvering (MNV),Test,"Oberpfaffenhofen Airport (OBF/EDMO), Germany","Oberpfaffenhofen Airport (OBF/EDMO), Germany",,,Fatalities: 3 / Occupants: 3 
19820326-1,,Friday 26 March 1982,15:25,Vickers 745D Viscount,Aeropesca Colombia,,,, HK-2382, 212, 1956,,,,,Fatalities: 6 / Occupants: 6,Fatalities: 15 / Occupants: 15,,, Damaged beyond repair,,"near Quétame (   Colombia) 
", En route (ENR),Domestic Scheduled Passenger,"Villavicencio-La Vanguardia Airport (VVC/SKVV), Colombia","Bogotá-Eldorado Airport (BOG/SKBO), Colombia", 217,,Fatalities: 21 / Occupants: 21 
19820399-0,,xx MAR 1982,,Douglas C-117D (DC-3),Foreman Flying Service,,,, N117RR, 44305, 1943,,,,,Fatalities:  / Occupants: ,Fatalities:  / Occupants: ,,, Damaged beyond repair,,"unknown (   Unknown country) 
", Unknown (UNK),Unknown,?,?,,,Fatalities:  / Occupants:  
19820405-0,,Monday 5 April 1982,,Boeing 727,Delta Air Lines,,,, registration unknown, , ,,,,,Fatalities: 0 / Occupants: ,Fatalities: 0 / Occupants: ,,, None,,"Havana-José Martí International Airport (HAV) (   Cuba) 
", En route (ENR),Domestic Scheduled Passenger,"Chicago-O'Hare International Airport, IL (ORD/KORD), United States of America","Miami International Airport, FL (MIA/KMIA), United States of America",DL591,,Fatalities: 0 / Occupants: 103 
19820411-0,,Sunday 11 April 1982,,Lockheed L-100-20 Hercules,Northwest Territorial Airways,,,, C-FPWK, 4170, 1966,,, 4 Allison 501-D22A,,Fatalities: 0 / Occupants: ,Fatalities: 0 / Occupants: ,,, Damaged beyond repair,,"Paulatuk Airport, NT (YPC) (   Canada) 
", Standing (STD),Cargo,?,"Paulatuk Airport, NT (YPC/CYPC), Canada",,,Fatalities: 0 / Occupants:  
19820411-1,,Sunday 11 April 1982,,Antonov An-2T,"Aeroflot, Yakutsk Civil Aviation Directorate",,,, CCCP-62489, 1G42-37, 1964,,,,,Fatalities:  / Occupants: ,Fatalities:  / Occupants: ,,, Damaged beyond repair,,"at an unknown location (   Russia) 
", Unknown (UNK),Unknown,?,?,,,Fatalities:  / Occupants:  
19820413-0,,Tuesday 13 April 1982,ca 14:40,Lockheed C-130H Hercules,United States Air Force - USAF,,,, 74-1678, 4645, 1976,,,,,Fatalities: 9 / Occupants: 9,Fatalities: 18 / Occupants: 18,,, Destroyed, Written off (damaged beyond repair),"near Gevenlik (   Turkey) 
", En route (ENR),Military,"Erzurum Airport (ERZ/LTCE), Turkey","Erzincan Airport (ERC/LTCD), Turkey",,,Fatalities: 27 / Occupants: 27 
19820414-1,,Wednesday 14 April 1982,,Swearingen SA226-TC Metro II,Magnum Airlines,,,, ZS-KYA, TC-331, 1980,,,,,Fatalities: 0 / Occupants: ,Fatalities: 0 / Occupants: ,,, Damaged beyond repair,,"at an unknown location (   South Africa) 
", Unknown (UNK),Unknown,?,?,,,Fatalities: 0 / Occupants:  
19820417-0,,Saturday 17 April 1982,,Armstrong Whitworth AW-650 Argosy 102,Air Bridge Carriers,,,, G-APRN, 6654, 1959-05-13  (23 years),,, 4 Rolls-Royce Dart 526,,Fatalities: 0 / Occupants: 2,Fatalities: 0 / Occupants: 0,,, Damaged beyond repair,,"Belfast International Airport (BFS) (   United Kingdom) 
", Landing (LDG),Cargo,?,"Belfast International Airport (BFS/EGAA), United Kingdom",,,Fatalities: 0 / Occupants: 2 
19820422-0,,Thursday 22 April 1982,,Antonov An-24V,Iraqi Airways,,,, YI-AEO, 87304602, 1968,,,,,Fatalities:  / Occupants: ,Fatalities:  / Occupants: ,,, Damaged beyond repair,,"at an unknown location (   Iraq) 
", Approach (APR),Unknown,?,?,,,Fatalities:  / Occupants:  
19820424-0,,Saturday 24 April 1982,,Antonov An-12B,"Aeroflot, International Civil Aviation Directorate",,,, CCCP-11107, 01347809, 1971,20359,, 4 Ivchenko AI-20M,6710,Fatalities: 0 / Occupants: 7,Fatalities: 0 / Occupants: 0,,, Damaged beyond repair,,"Novyj Urengoj Airport (NUX) (   Russia) 
", Takeoff (TOF),Cargo,"Novy Urengoy Airport (NUX/USMU), Russia","Syktyvkar Airport (SCW/UUYY), Russia",,,Fatalities: 0 / Occupants: 7 
19820426-0,,Monday 26 April 1982,ca. 16:45,Hawker Siddeley HS-121 Trident 2E,CAAC,,,, B-266, 2170, 1975,,, 3 Rolls-Royce Spey 512,,Fatalities: 8 / Occupants: 8,Fatalities: 104 / Occupants: 104,,, Destroyed, Written off (damaged beyond repair),"near Yangsuo (   China) 
", Approach (APR),Domestic Scheduled Passenger,"Guangzhou-Baiyun Airport (CAN/ZGGG), China","Guilin-Qifengling Airport (KWL/ZGKL), China",3303,,Fatalities: 112 / Occupants: 112 
19820428-0,,Wednesday 28 April 1982,,de Havilland Canada DHC-7-102,ANHSA - Aerovias Nacionales de Honduras,,,, HR-AND, 24, 1980,,, 4 Pratt & Whitney Canada PT6A-50,,Fatalities: 0 / Occupants: ,Fatalities: 0 / Occupants: ,,, None,,"Havana-José Martí International Airport (HAV) (   Cuba) 
", En route (ENR),Domestic Scheduled Passenger,"La Ceiba-Goloson International Airport (LCE/MHLC), Honduras","San Pedro Sula-Ramon Villeda Morales Airport (SAP/MHLM), Honduras",,,Fatalities: 0 / Occupants:  
19820429-0,,Thursday 29 April 1982,,Lockheed C-130H Hercules,Fuerza Aérea Ecuatoriana,,,, HC-BEF/FAE743, 4743, 1977,,,,,Fatalities:  / Occupants: ,Fatalities:  / Occupants: ,,, Damaged beyond repair,,"15 km (9.4 mls) from  Quito-Mariscal Sucre Airport (UIO) (   Ecuador) 
", Unknown (UNK),Military,?,"Quito-Mariscal Sucre Airport (UIO/SEQU), Ecuador",,,Fatalities: 7 / Occupants:  
19820430-0,,Friday 30 April 1982,,Antonov An-24V,LOT Polskie Linie Lotnicze,,,, SP-LTG, 67302504, 1966,,,,,Fatalities: 0 / Occupants: ,Fatalities: 0 / Occupants: ,,, None,,"Berlin-Tempelhof Airport (THF) (   Germany) 
", En route (ENR),Domestic Scheduled Passenger,"Wroclaw-Strachowice Airport (WRO/EPWR), Poland","Warszawa-Okecie Airport (WAW/EPWA), Poland",,,Fatalities: 0 / Occupants:  
19820501-0,,Saturday 1 May 1982,,Douglas DC-7B,Kinney Air Tankers,,,, N823D, 45332/881, 1957,,,,,Fatalities:  / Occupants: ,Fatalities:  / Occupants: ,,, Damaged beyond repair,,"Glendive-Dawson Community Airport, MT (GDV) (   United States of America) 
", Standing (STD),-,-,-,,,Fatalities:  / Occupants:  
19820501-3,,Saturday 1 May 1982,,IRMA/Britten-Norman BN-2A-27 Islander,Falkland Islands Government Air Service - FIGAS,,,, VP-FAY, 872, 1978,,,,,Fatalities: 0 / Occupants: 0,Fatalities: 0 / Occupants: 0,,, Damaged beyond repair,,"Port Stanley Airport (PSY) (   Falkland Islands) 
", Standing (STD),-,-,-,,,Fatalities: 0 / Occupants: 0 
19820503-0,,Monday 3 May 1982,,Gulfstream American G-1159 Gulfstream II,Algerian Government,,,, 7T-VHB, 230, 1978,,,,,Fatalities: 4 / Occupants: 4,Fatalities: 10 / Occupants: 10,,, Damaged beyond repair,,"Qotur (   Iran) 
", En route (ENR),Official state flight,"Algiers-Houari Boumediene Airport (ALG/DAAG), Algeria","Tehran-Mehrabad Airport (THR/OIII), Iran",,,Fatalities: 14 / Occupants: 14 
19820503-1,,Monday 3 May 1982,,Shorts SC.7 Skyvan 3M-400,Prefectura Naval Argentina,,,, PA-54, SH.1891, 1971,,, 2 Garrett TPE331-2-201A,,Fatalities: 0 / Occupants: 0,Fatalities: 0 / Occupants: 0,,, Damaged beyond repair,,"Port Stanley Airport (PSY) (   Falkland Islands) 
", Standing (STD),Military,-,-,-,,Fatalities: 0 / Occupants: 0 
19820503-2,,Monday 3 May 1982,,Shorts SC.7 Skyvan 3M-400,Prefectura Naval Argentina,,,, PA-50, SH.1887, 1971,,, 2 Garrett TPE331-2-201A,,Fatalities: 0 / Occupants: 0,Fatalities: 0 / Occupants: 0,,, Damaged beyond repair,,"Port Stanley Airport (PSY) (   Falkland Islands) 
", Standing (STD),Military,-,-,-,,Fatalities: 0 / Occupants: 0 
19820505-0,,Wednesday 5 May 1982,,Convair CV-440,Transportes Aéreos Unidos,,,, CP-1725, 469, 1958,,,,,Fatalities: 0 / Occupants: 3,Fatalities: 0 / Occupants: 1,,, Damaged beyond repair,,"La Paz-El Alto Airport (LPB) (   Bolivia) 
", Initial climb (ICL),Non Scheduled Passenger,"La Paz-El Alto Airport (LPB/SLLP), Bolivia",?,,,Fatalities: 0 / Occupants: 4 
19820506-0,Final,Thursday 6 May 1982,12:00,Learjet 23,IBEX Corp.,,,, N100TA, 23-045, 1965,,, 2 General Electric CJ610-4,,Fatalities: 2 / Occupants: 2,Fatalities: 2 / Occupants: 2,,, Destroyed, Written off (damaged beyond repair),"19 km (11.9 mls) off  Savannah, GA (Atlantic Ocean) (   United States of America) 
", En route (ENR),Executive,"Teterboro Airport, NJ (TEB/KTEB), United States of America","Orlando International Airport, FL (MCO/KMCO), United States of America",,,Fatalities: 4 / Occupants: 4 
19820507-0,,Friday 7 May 1982,,Douglas C-47A-25-DK (DC-3),Kenn Borek Air,,,, C-FQHF, 13392, 1944,,, 2 Pratt & Whitney R-1830-92,,Fatalities: 0 / Occupants: ,Fatalities: 0 / Occupants: ,,, Damaged beyond repair,,"Calgary International Airport, AB (YYC) (   Canada) 
", Takeoff (TOF),Non Scheduled Passenger,"Calgary International Airport, AB (YYC/CYYC), Canada",?,,,Fatalities: 0 / Occupants:  
19820507-1,,Friday 7 May 1982,20:42,Antonov An-2,"Aeroflot, West Siberia Civil Aviation Directorate",,,, CCCP-02183, 112247302, 1959,16746,,,20227,Fatalities: 3 / Occupants: 3,Fatalities: 2 / Occupants: 2,,, Damaged beyond repair,,"ca 21 km N of Tashtagol (   Russia) 
", En route (ENR),Domestic Scheduled Passenger,"Novokuznetsk Airport (NOZ/UNWW), Russia",?,6758,,Fatalities: 5 / Occupants: 5 
19820509-1,,Sunday 9 May 1982,,de Havilland Canada DHC-7-103,Alyemda,,,, 7O-ACK, 15, 1979,,, 4 Pratt & Whitney Canada PT6A-50,,Fatalities: 2 / Occupants: 4,Fatalities: 21 / Occupants: 45,,, Damaged beyond repair,,"2 km (1.3 mls) E off  Aden International Airport (ADE) (   Yemen) 
", Approach (APR),Domestic Scheduled Passenger,"Mukalla Airport (MKX), Yemen","Aden International Airport (ADE/ODAA), Yemen",,,Fatalities: 23 / Occupants: 49 
19820510-0,,Monday 10 May 1982,,Curtiss C-46F Commando,Aeronica - Aerolineas Nicaraguenses,,,, YN-BRG, 22579, 1945,,,,,Fatalities: 0 / Occupants: ,Fatalities: 0 / Occupants: 49,,, None,,"Puerto Limón Airport (LIO) (   Costa Rica) 
", Approach (APR),Domestic Scheduled Passenger,"Bluefields Airport (BEF/MNBL), Nicaragua","Corn Island Airport (RNI/MNCI), Nicaragua",,,Fatalities: 0 / Occupants:  
19820511-0,,Tuesday 11 May 1982,,Antonov An-2R,Aeroflot / Ukraine,,,, CCCP-07399, 1G150-34, 1973,,,,,Fatalities: 0 / Occupants: ,Fatalities: 0 / Occupants: ,,, Damaged beyond repair,,"Sputendorf (   Germany) 
", Unknown (UNK),Agricultural,?,?,,,Fatalities: 0 / Occupants:  
19820511-1,,Tuesday 11 May 1982,,Antonov An-2TP,Magyar Honvédelmi Szövetség - MHSZ,,,, HA-ANL, 1G187-34, ,,,,,Fatalities:  / Occupants: ,Fatalities:  / Occupants: ,,, Damaged beyond repair,,"Hármashatárhegy (   Hungary) 
", En route (ENR),Unknown,"Budaörs Airport (LHBS), Hungary","Dunakeszi Airport (LHDK), Hungary",,,Fatalities: 9 / Occupants: 9 
19820512-0,,Wednesday 12 May 1982,20:35,Lockheed C-130E Hercules,United States Air Force - USAF,,,, 64-0543, 4033, 1965,,,,,Fatalities: 7 / Occupants: 7,Fatalities: 0 / Occupants: 0,,, Damaged beyond repair,,"Judsonia, AR (   United States of America) 
", En route (ENR),Military,"Jacksonville-Little Rock AFB, AR (LRF/KLRF), United States of America","Jacksonville-Little Rock AFB, AR (LRF/KLRF), United States of America",,,Fatalities: 7 / Occupants: 7 
19820512-1,,Wednesday 12 May 1982,,Douglas DC-3 Hiper,Transamazonica Colombia,,,, HK-140, 6354, 1943,,,,,Fatalities: 0 / Occupants: ,Fatalities: 0 / Occupants: ,,, Substantial, Repaired,"Miraflores (   Colombia) 
", Unknown (UNK),Unknown,?,?,,,Fatalities: 0 / Occupants:  
19820512-2,,Wednesday 12 May 1982,,Antonov An-24T,Soviet Air Force,,,, 11, , ,,,,,Fatalities: 5 / Occupants: 5,Fatalities: 0 / Occupants: 0,,, Damaged beyond repair,,"near Petrovsk Air Base (   Russia) 
", Approach (APR),Military,"Petrovsk Air Base, Russia","Petrovsk Air Base, Russia",,,Fatalities: 5 / Occupants: 5 
19820515-0,Final,Saturday 15 May 1982,13:20,Martin 4-0-4,Clayton V. Curtis,,,, N40445, 14230, 1952,43000,, 2 Pratt & Whitney R-2800-CB3,,Fatalities: 0 / Occupants: 2,Fatalities: 0 / Occupants: 0,,, Destroyed, Written off (damaged beyond repair),"Madera, CA (   United States of America) 
", Approach (APR),Ferry/positioning,"Madera Municipal Airport, CA (MAE/KMAE), United States of America","Casper Airport, WY (CPR/KCPR), United States of America",,,Fatalities: 0 / Occupants: 2 
19820515-1,,Saturday 15 May 1982,,de Havilland Canada DHC-6 Twin Otter 300,,Panarctic Oils,,Kenn Borek Air, C-GKBO, 547, 1977,,, 2 Pratt & Whitney Canada PT6A-27,,Fatalities: 0 / Occupants: 2,Fatalities: 0 / Occupants: 7,,, Damaged beyond repair,,"North Pole (   Arctic Ocean) 
", Landing (LDG),Int'l Non Scheduled Passenger,?,?,,,Fatalities: 0 / Occupants: 9 
19820516-0,Final,Sunday 16 May 1982,10:15 ADT,de Havilland Canada DHC-6 Twin Otter 200,,Wien Air Alaska,,Kodiak Aviation, N103AQ, 183, 1968,15267,, 2 Pratt & Whitney Canada PT6A-20,,Fatalities: 0 / Occupants: 2,Fatalities: 0 / Occupants: 6,,, Destroyed, Written off (damaged beyond repair),"Hooper Bay, AK (   United States of America) 
", Approach (APR),Domestic Non Scheduled Passenger,"Scammon Bay SPB, AK (SCM/PACM), United States of America","Hooper Bay Airport, AK (HPB/PAHP), United States of America", 517,,Fatalities: 0 / Occupants: 8 
19820516-1,,Sunday 16 May 1982,16:40,Learjet 25B,TAM - Táxi Aéreo Marília,,,, PT-KZY, 25-204, ,,,,,Fatalities: 0 / Occupants: 2,Fatalities: 0 / Occupants: 8,,, Damaged beyond repair,,"Uberaba Airport, MG (UBA) (   Brazil) 
", Landing (LDG),Executive,"Araxá Airport, MG (AAX/SBAX), Brazil","Uberaba Airport, MG (UBA/SBUR), Brazil",,,Fatalities: 0 / Occupants: 10 
19820518-0,,Tuesday 18 May 1982,,Douglas DC-3C,Taxi Aéreo del Guaviare,,,, HK-1503, 34331/17064, 1945,,, 2 Pratt & Whitney R-1830,,Fatalities: 0 / Occupants: ,Fatalities: 0 / Occupants: ,,, None,,"Villavicencio Airport (VVC) (   Colombia) 
", En route (ENR),Domestic Scheduled Passenger,"Miraflores Airport (MFS/SKMF), Colombia","Villavicencio Airport (VVC/SKVV), Colombia",,,Fatalities: 0 / Occupants:  
19820519-0,,Wednesday 19 May 1982,,Cessna 551 Citation II/SP,Hurler Flugdienst,,,, D-IJHM, 551-0033, ,,,,,Fatalities: 2 / Occupants: 2,Fatalities: 6 / Occupants: 6,,, Damaged beyond repair,,"near Kassel-Calden Airport (KSF) (   Germany) 
", Approach (APR),Executive,?,"Kassel-Calden Airport (KSF/EDVK), Germany",,,Fatalities: 8 / Occupants: 8 
19820521-0,,Friday 21 May 1982,,BAC One-Eleven,Philippine Air Lines,,,, registration unknown, , ,,,,,Fatalities: 0 / Occupants: ,Fatalities: 0 / Occupants: ,,, None,,"Cebu Airport (CEB) (   Philippines) 
", En route (ENR),Domestic Scheduled Passenger,"Bacolod Airport (BCD/RPVB), Philippines","Cebu Airport (CEB/RPVM), Philippines",,,Fatalities: 0 / Occupants:  
19820522-0,,Saturday 22 May 1982,23:20,Learjet 23,Jet America International,,,, N808JA, 23-050A, ,,,,,Fatalities: 0 / Occupants: 0,Fatalities: 0 / Occupants: 0,,, Damaged beyond repair,,"Sarasota-Bradenton Airport, FL (SRQ) (   United States of America) 
", Standing (STD),-,-,-,,,Fatalities: 0 / Occupants: 0 
19820522-1,,Saturday 22 May 1982,12:00,Embraer EMB-110P Bandeirante,Rio Sul Serviços Aéreos Regionais,,,, PT-GKC, 110092, 1976,,,,,Fatalities: 0 / Occupants: 2,Fatalities: 0 / Occupants: 2,,, Damaged beyond repair,,"1,6 km (1 mls) from  Florianópolis-Hercilio Luz International Airport, SC (FL) (   Brazil) 
", Approach (APR),Domestic Scheduled Passenger,"Chapecó Airport, SC (XAP/SBCH), Brazil","Florianópolis-Hercilio Luz International Airport, SC (FLN/SBFL), Brazil",,,Fatalities: 0 / Occupants: 4 
19820525-0,,Tuesday 25 May 1982,,Boeing 737-2A1,VASP - Viação Aérea São Paulo,,,, PP-SMY, 20970/376, 1974-09-24  (7 years 8 months),,, 2 Pratt & Whitney JT8D-7,,Fatalities: 0 / Occupants: 6,Fatalities: 2 / Occupants: 112,,, Damaged beyond repair,,"Brasilia International Airport, DF (BSB) (   Brazil) 
", Landing (LDG),Domestic Scheduled Passenger,"São Paulo-Congonhas Airport, SP (CGH/SBSP), Brazil","Brasília International Airport, DF (BSB/SBBR), Brazil", 234,,Fatalities: 2 / Occupants: 118 
19820527-0,,Thursday 27 May 1982,,Boeing 727-2B6,Royal Air Maroc - RAM,,,, registration unknown, , ,,,,,Fatalities: 0 / Occupants: ,Fatalities: 0 / Occupants: ,,, None,,"Tunis-Carthage Airport (TUN) (   Tunisia) 
", En route (ENR),International Scheduled Passenger,"Athens-Ellinikon International Airport (ATH/LGAT), Greece","Casablanca (unknown airport), Morocco",,,Fatalities: 0 / Occupants:  
19820529-0,,Saturday 29 May 1982,,Morane Saulnier MS.760 Paris I,L'Armée de L'Air,,,, 96, 96, ,,,,,Fatalities:  / Occupants: ,Fatalities:  / Occupants: ,,, Damaged beyond repair,,"Biarritz (BIQ) (   France) 
", Unknown (UNK),Military,?,?,,,Fatalities:  / Occupants:  
19820529-1,,Saturday 29 May 1982,07:09,Embraer EMB-110P1 Bandeirante,TAVINA Colombia,,,, HK-2743, 110366, 1981,,, 2 Pratt & Whitney Canada PT6A-34,,Fatalities: 0 / Occupants: 2,Fatalities: 0 / Occupants: 5,,, Damaged beyond repair,,"5 km (3.1 mls) from  Barranquilla Airport (BAQ) (   Colombia) 
", Takeoff (TOF),Domestic Scheduled Passenger,"Barranquilla-Ernesto Cortissoz Airport (BAQ/SKBQ), Colombia","Corozal-Las Brujas Airport (CZU/SKCZ), Colombia",,,Fatalities: 0 / Occupants: 7 
19820531-0,,Monday 31 May 1982,,Yakovlev Yak-40,"Aeroflot, North Kavkaz Civil Aviation Directorate",,,, CCCP-87485, 9441338, 1974,,, 3 Ivchenko AI-25,,Fatalities: 0 / Occupants: 4,Fatalities: 0 / Occupants: 31,,, Damaged beyond repair,,"Dnepropetrovsk Airport (DNK) (   Ukraine) 
", Landing (LDG),Domestic Scheduled Passenger,?,"Dnepropetrovsk Airport (DNK/UKDD), Ukraine",,,Fatalities: 0 / Occupants: 35 
19820601-0,,Tuesday 1 June 1982,10:50,Lockheed C-130H Hercules,Fuerza Aérea Argentina - FAA,,,, TC-63, 4310, 1968,,,,,Fatalities: 7 / Occupants: 7,Fatalities: 0 / Occupants: 0,,, Damaged beyond repair,,"N off Pebble Island (   Falkland Islands) 
", En route (ENR),Military,"Comodoro Rivadavia Airport, CB (CRD/SAVC), Argentina","Comodoro Rivadavia Airport, CB (CRD/SAVC), Argentina",,,Fatalities: 7 / Occupants: 7 
19820601-1,Preliminary,Tuesday 1 June 1982,ca 14:40,Fairchild C-123J Provider,Republic of Korea Air Force - ROKAF,,,, 56-4391, 20275, ,,,,,Fatalities: 4 / Occupants: 4,Fatalities: 49 / Occupants: 49,,, Damaged beyond repair,,"near Seoul-Seongnam Air Base (SSN) (   South Korea) 
", Takeoff (TOF),Military,"Seoul-Seongnam Air Base (SSN/RKSM), South Korea",?,,,Fatalities: 53 / Occupants: 53 
19820602-0,,Wednesday 2 June 1982,,McDonnell Douglas DC-9-32,Air Canada,,,, C-FTLY, 47200/338, 1968,,, 2 Pratt & Whitney JT8D-7B,,Fatalities: 0 / Occupants: 0,Fatalities: 0 / Occupants: 0,,, Damaged beyond repair,,"Montreal-Dorval International Airport, QC (YUL) (   Canada) 
", Standing (STD),-,-,-,,,Fatalities: 0 / Occupants: 0 
19820602-1,,Wednesday 2 June 1982,09:55,IAI Arava 201,Fuerza Aérea Colombiana,,,, FAC-951, 065, 1979,,,,,Fatalities: 0 / Occupants: 3,Fatalities: 0 / Occupants: 19,,, Damaged beyond repair,,"Rondon Airport (RON) (   Colombia) 
", Takeoff (TOF),Military,"Rondon Airport (RON), Colombia","El Yopal Airport (EYP/SKYP), Colombia", 573,,Fatalities: 0 / Occupants: 22 
19820603-0,,Thursday 3 June 1982,,Antonov An-2R,"Aeroflot, Far East Civil Aviation Directorate",,,, CCCP-40736, 1G172-08, 1977,,,,,Fatalities: 0 / Occupants: ,Fatalities: 0 / Occupants: ,,, Damaged beyond repair,,"Polevoye (   Russia) 
", Unknown (UNK),Unknown,?,?,,,Fatalities: 0 / Occupants:  
19820604-0,,Friday 4 June 1982,,Antonov An-2R,WSK Okecie,,,, SP-WCF, 1G126-21, ,,,,,Fatalities:  / Occupants: ,Fatalities:  / Occupants: ,,, Damaged beyond repair,,"Zegrze Pomorskie (   Poland) 
", Unknown (UNK),Unknown,?,?,,,Fatalities:  / Occupants:  
19820604-1,,Friday 4 June 1982,,Antonov An-2R,Aeroflot / Lithuania,,,, CCCP-62640, 1G178-32, 1978,,,,,Fatalities: 0 / Occupants: ,Fatalities: 0 / Occupants: ,,, Damaged beyond repair,,"Dvoinovski, Volgograd Region (   Russia) 
", Maneuvering (MNV),Agricultural,?,?,,,Fatalities: 0 / Occupants:  
19820606-0,Final,Sunday 6 June 1982,16:54,Douglas C-47A-90-DL (DC-3),Fromhagen Aviation,,,, N95C, 20139, 1944,15033,, 2 Pratt & Whitney R-1830,,Fatalities: 0 / Occupants: 2,Fatalities: 0 / Occupants: 3,,, Destroyed, Written off (damaged beyond repair),"St. Petersburg International Airport, FL (PIE) (   United States of America) 
", Initial climb (ICL),Training,"St. Petersburg International Airport, FL (PIE/KPIE), United States of America","St. Petersburg International Airport, FL (PIE/KPIE), United States of America",,,Fatalities: 0 / Occupants: 5 
19820607-0,,Monday 7 June 1982,09:13,Learjet 35A,Fuerza Aérea Argentina - FAA,,,, T-24, 35A-333, 1980,,, 2 Garrett TFE731-2-2B,,Fatalities: 5 / Occupants: 5,Fatalities: 0 / Occupants: 0,,, Destroyed, Written off (damaged beyond repair),"off Pebble Island (Isla Borbón) (   Falkland Islands) 
", En route (ENR),Military,"Comodoro Rivadavia Airport, CB (CRD/SAVC), Argentina","Comodoro Rivadavia Airport, CB (CRD/SAVC), Argentina",,,Fatalities: 5 / Occupants: 5 
19820608-0,,Tuesday 8 June 1982,02:25,Boeing 727-212,VASP - Viação Aérea São Paulo,,,, PP-SRK, 21347/1282, 1977-07-23  (4 years 11 months),,, 3 Pratt & Whitney JT8D-17,,Fatalities: 9 / Occupants: 9,Fatalities: 128 / Occupants: 128,,, Destroyed, Written off (damaged beyond repair),"Sierra de Pacatuba, CE (   Brazil) 
", Approach (APR),Domestic Scheduled Passenger,"Rio de Janeiro-Galeão International Airport, RJ (GIG/SBGL), Brazil","Fortaleza-Pinto Martins Airport, CE (FOR/SBFZ), Brazil",VP168,,Fatalities: 137 / Occupants: 137 
19820609-0,,Wednesday 9 June 1982,,Fokker F-27 Friendship 600,Trans Australia Airlines - TAA,,,, VH-TQQ, 10388, 1969,33311,,,32482,Fatalities: 0 / Occupants: 3,Fatalities: 0 / Occupants: 0,,, Damaged beyond repair,,"RAAF Amberley, QLD (   Australia) 
", Landing (LDG),Training,?,?,,,Fatalities: 0 / Occupants: 3 
19820609-1,,Wednesday 9 June 1982,,unknown,LOT Polskie Linie Lotnicze,,,, registration unknown, , ,,,,,Fatalities: 0 / Occupants: ,Fatalities: 0 / Occupants: ,,, None,,"Warszawa-Okecie Airport (WAW) (   Poland) 
", En route (ENR),Domestic Scheduled Passenger,"Katowice-Pyrzowice Airport (KTW/EPKT), Poland","Warszawa-Okecie Airport (WAW/EPWA), Poland",,,Fatalities: 0 / Occupants:  
19820611-0,,Friday 11 June 1982,,Antonov An-2R,"Aeroflot, North Kavkaz Civil Aviation Directorate",,,, CCCP-56431, 1G181-15, 1978,,,,,Fatalities: 0 / Occupants: ,Fatalities: 0 / Occupants: ,,, Damaged beyond repair,,"Krasnoarmeiskaya (   Russia) 
", Taxi (TXI),Unknown,?,?,,,Fatalities: 0 / Occupants:  
19820612-0,,Saturday 12 June 1982,,Boeing 720-023B,Middle East Airlines - MEA,,,, OD-AFP, 18017/156, 1960-08-12  (21 years 10 months),,, 4 Pratt & Whitney JT3D-1-MC7,,Fatalities: 0 / Occupants: 0,Fatalities: 0 / Occupants: 0,,, Damaged beyond repair,,"Beirut International Airport (BEY) (   Lebanon) 
", Standing (STD),-,-,-,-,,Fatalities: 0 / Occupants: 0 
19820612-1,,Saturday 12 June 1982,06:05,Fairchild FH-227B,TABA - Transportes Aéreos da Bacia Amazônica,,,, PT-LBV, 536, 1967,,,,,Fatalities: 4 / Occupants: 4,Fatalities: 40 / Occupants: 40,,, Damaged beyond repair,,"Tabatinga Internacional Airport, AM (TBT) (   Brazil) 
", Approach (APR),Domestic Scheduled Passenger,"Eirunepé Airport, AM (ERN/SWEI), Brazil","Tabatinga Internacional Airport, AM (TBT/SBTT), Brazil",,,Fatalities: 44 / Occupants: 44 
19820616-0,,Wednesday 16 June 1982,,Boeing 720-023B,Middle East Airlines - MEA,,,, OD-AFU, 18029/194, 1961-03-08  (21 years 4 months),,, 4 Pratt & Whitney JT3D-1-MC7,,Fatalities: 0 / Occupants: 0,Fatalities: 0 / Occupants: 0,,, Damaged beyond repair,,"Beirut International Airport (BEY) (   Lebanon) 
", Standing (STD),-,?,?,,,Fatalities: 0 / Occupants: 0 
19820616-1,,Wednesday 16 June 1982,,Boeing 720-023B,Middle East Airlines - MEA,,,, OD-AFW, 18026/181, 1961-01-31  (21 years 5 months),,, 4 Pratt & Whitney JT3D-1-MC7,,Fatalities: 0 / Occupants: 0,Fatalities: 0 / Occupants: 0,,, Damaged beyond repair,,"Beirut International Airport (BEY) (   Lebanon) 
", Standing (STD),Unknown,?,?,,,Fatalities: 0 / Occupants: 0 
19820616-2,,Wednesday 16 June 1982,,Boeing 720-047B,Middle East Airlines - MEA,,,, OD-AGR, 19161/481, 1966-03-04  (16 years 4 months),,, 4 Pratt & Whitney JT3D-3B,,Fatalities: 0 / Occupants: 0,Fatalities: 0 / Occupants: 0,,, Damaged beyond repair,,"Beirut International Airport (BEY) (   Lebanon) 
", Standing (STD),Unknown,?,?,,,Fatalities: 0 / Occupants: 0 
19820616-3,,Wednesday 16 June 1982,,Boeing 707-323C,Trans Mediterranean Airways - TMA,,,, OD-AGN, 18938/434, 1965,,, 4 Pratt & Whitney JT3D-3B,,Fatalities: 0 / Occupants: 0,Fatalities: 0 / Occupants: 0,,, Damaged beyond repair,,"Beirut International Airport (BEY) (   Lebanon) 
", Standing (STD),-,?,?,,,Fatalities: 0 / Occupants: 0 
19820616-4,,Wednesday 16 June 1982,,Boeing 707-3B4C,Middle East Airlines - MEA,,,, OD-AFB, 20224/749, 1968,,, 4 Pratt & Whitney JT3D-3B,,Fatalities: 0 / Occupants: 0,Fatalities: 0 / Occupants: 0,,, Damaged beyond repair,,"Beirut International Airport (BEY) (   Lebanon) 
", Standing (STD),-,-,-,,,Fatalities: 0 / Occupants: 0 
19820617-0,,Thursday 17 June 1982,,Tupolev Tu-134IK,Ministry of Radio Equipment Production,,,, CCCP-65687, 62400, 1979,,,,,Fatalities: 9 / Occupants: 10,Fatalities: 6 / Occupants: 6,,, Destroyed, Written off (damaged beyond repair),"near Severomorsk-1 Naval Air Station (   Russia) 
", Approach (APR),Ferry/positioning,"Moskva-Zhukovsky (Ramenskoye) Airport (ZIA/UUBW), Russia","Severomorsk-1 Naval Air Station (ULAK), Russia",,,Fatalities: 15 / Occupants: 16 
19820622-0,Final,Tuesday 22 June 1982,04:34,Boeing 707-437,Air-India,,,, VT-DJJ, 17723/100, 1960,,, 4 Rolls-Royce Conway 508,,Fatalities: 2 / Occupants: 10,Fatalities: 15 / Occupants: 101,,, Destroyed, Written off (damaged beyond repair),"Bombay-Santacruz Airport (BOM) (   India) 
", Landing (LDG),International Scheduled Passenger,"Kuala Lumpur International Airport (KUL/WMKK), Malaysia","Bombay-Santacruz Airport (BOM/VABB), India",AI403,,Fatalities: 17 / Occupants: 111 
19820623-0,,Wednesday 23 June 1982,21:20,de Havilland Canada DHC-7-102,Henson Airlines,,,, registration unknown, , ,,, 4 Pratt & Whitney Canada PT6A-50,,Fatalities: 0 / Occupants: ,Fatalities: 0 / Occupants: ,,, None,,"Staunton-Shenandoah Valley Airport, VA (SHD) (   United States of America) 
", Standing (STD),-,-,-,,,Fatalities: 0 / Occupants: 4 
19820624-0,,Thursday 24 June 1982,,Boeing 747-236B,British Airways,,,, G-BDXH, 21635/365, 1979-03-19  (3 years 3 months),,,,,Fatalities: 0 / Occupants: 15,Fatalities: 0 / Occupants: 247,,, Unknown,,"240 km (150 mls) SE of Jakarta (   Indonesia) 
", En route (ENR),International Scheduled Passenger,"Kuala Lumpur International Airport (KUL/WMKK), Malaysia","Perth Airport, WA (PER/YPPH), Australia", 009,,Fatalities: 0 / Occupants: 262 
19820625-0,Final,Friday 25 June 1982,10:55 UTC,McDonnell Douglas DC-8-62,Scandinavian Airlines System - SAS,,,, LN-MOW, 46131/517, 1970,40679,,,,Fatalities: 0 / Occupants: 3,Fatalities: 0 / Occupants: 3,,, Substantial, Repaired,"København-Kastrup Airport (CPH) (   Denmark) 
", Standing (STD),International Scheduled Passenger,"København-Kastrup Airport (CPH/EKCH), Denmark",?,,,Fatalities: 0 / Occupants: 6 
19820628-1,,Monday 28 June 1982,10:50,Yakovlev Yak-42,"Aeroflot, Leningrad Civil Aviation Directorate",,,, CCCP-42529, 11040104, 1981,,, 3 Lotarev D-36,,Fatalities: 8 / Occupants: 8,Fatalities: 124 / Occupants: 124,,, Destroyed, Written off (damaged beyond repair),"Mozyr (   Belarus) 
", En route (ENR),Domestic Scheduled Passenger,"Leningrad-Pulkovo Airport (LED/ULLI), Russia","Kiev (unknown airport), Ukraine",8641,,Fatalities: 132 / Occupants: 132 
19820629-0,,Tuesday 29 June 1982,,Fairchild F-27A,Norcanair,,,, C-FTPA, 104, 1963,,,,,Fatalities: 0 / Occupants: 2,Fatalities: 0 / Occupants: 0,,, Damaged beyond repair,,"Wollaston Lake Airport, SK (ZWL) (   Canada) 
", Landing (LDG),Cargo,?,"Wollaston Lake Airport, SK (ZWL/CZWL), Canada",,,Fatalities: 0 / Occupants: 2 
19820630-0,,Wednesday 30 June 1982,,Boeing 747-243B,Alitalia,,,, registration unknown, , ,,,,,Fatalities: 0 / Occupants: 18,Fatalities: 0 / Occupants: 242,,, None,,"Bangkok-Don Muang International Airport (BKK) (   Thailand) 
", En route (ENR),International Scheduled Passenger,"Delhi-Palam Airport (DEL/VIDP), India","Bangkok-Don Muang International Airport (BKK/VTBD), Thailand",,,Fatalities: 0 / Occupants: 260 
19820706-0,,Tuesday 6 July 1982,00:35,Ilyushin Il-62M,"Aeroflot, International Civil Aviation Directorate",,,, CCCP-86513, 4037536, 1980,4818,, 4 Soloviev D-30KU,1139,Fatalities: 10 / Occupants: 10,Fatalities: 80 / Occupants: 80,,, Destroyed, Written off (damaged beyond repair),"11,4 km (7.1 mls) N of Moskva-Sheremetyevo Airport (SVO) (   Russia) 
", Initial climb (ICL),International Scheduled Passenger,"Moskva-Sheremetyevo Airport (SVO/UUEE), Russia","Dakar-Yoff Airport (DKR/GOOY), Senegal",SU411,,Fatalities: 90 / Occupants: 90 
19820706-1,,Tuesday 6 July 1982,,IRMA/Britten-Norman BN-2A-8 Islander,Malaysian Airlines System - MAS,,,, 9M-MDD, 684, 1972,,,,,Fatalities:  / Occupants: ,Fatalities:  / Occupants: ,,, Damaged beyond repair,,"Long Semado-Lawas Airport (LSM) (   Malaysia) 
", Unknown (UNK),Unknown,?,?,,,Fatalities:  / Occupants:  
19820709-0,Final,Friday 9 July 1982,16:09,Boeing 727-235,Pan American World Airways (Pan Am),,,, N4737, 19457/518, 1968-01-24  (14 years 6 months),39253,, 3 Pratt & Whitney JT8D-7B,,Fatalities: 7 / Occupants: 7,Fatalities: 138 / Occupants: 138,Fatalities: 8,, Destroyed, Written off (damaged beyond repair),"1,4 km (0.9 mls) E of New Orleans International Airport, LA (MSY) (   United States of America) 
", Initial climb (ICL),Domestic Scheduled Passenger,"New Orleans International Airport, LA (MSY/KMSY), United States of America","Las Vegas-McCarran International Airport, NV (LAS/KLAS), United States of America",PA759,,Fatalities: 145 / Occupants: 145 
19820710-0,,Saturday 10 July 1982,18:30,Alenia G-222TCM,Aeronautica Militare Italiana - AMI,,,, MM62106, 4009, ,,,,,Fatalities: 4 / Occupants: 4,Fatalities: 0 / Occupants: 0,,, Damaged beyond repair,,"Greve in Chianti (   Italy) 
", Maneuvering (MNV),Fire fighting,"Pisa-Arturo dell'Oro Air Base (PSA/LIRP), Italy","Pisa-Arturo dell'Oro Air Base (PSA/LIRP), Italy",,,Fatalities: 4 / Occupants: 4 
19820711-0,,Sunday 11 July 1982,,Hawker Siddeley HS-748-209 Srs. 2,Philippine Air Lines,,,, RP-C1014, 1636, 1967,,,,,Fatalities: 1 / Occupants: 5,Fatalities: 0 / Occupants: 25,,, Damaged beyond repair,,"Jolo Airport (JOL) (   Philippines) 
", Takeoff (TOF),Scheduled Passenger,"Jolo Airport (JOL/RPMJ), Philippines","Zamboanga Airport (ZAM/RPMZ), Philippines", 480,,Fatalities: 1 / Occupants: 30 
19820714-0,,Wednesday 14 July 1982,16:35 UTC,Swearingen SA226-AT Merlin IV,,South African Air Force - SAAF,,South African Police, ZS-JLZ, AT-040, 1975,,,,,Fatalities: 3 / Occupants: 3,Fatalities: 5 / Occupants: 5,,Fatalities: 5, Damaged beyond repair,,"near Waterkloof Air Force Base (WKF) (   South Africa) 
", Unknown (UNK),Military,?,"Waterkloof Air Force Base (WKF/FAWK), South Africa",,,Fatalities: 8 / Occupants: 8 
19820716-0,,Friday 16 July 1982,,Antonov An-2T,"Aeroflot, Yakutsk Civil Aviation Directorate",,,, CCCP-15970, 115147302, 1961,,,,,Fatalities: 0 / Occupants: 2,Fatalities: 0 / Occupants: 1,,, Damaged beyond repair,,"90 km (56.3 mls) N of Lake Bolshoye Toko (   Russia) 
", Takeoff (TOF),Domestic Scheduled Passenger,?,"Uchur, Russia",,,Fatalities: 0 / Occupants: 3 
19820722-0,,Thursday 22 July 1982,,Martin 4-0-4,Marco Island Airways,,,, registration unknown, , ,,,,,Fatalities: 0 / Occupants: 3,Fatalities: 0 / Occupants: 9,,, None,,"Havana-José Martí International Airport (HAV) (   Cuba) 
", En route (ENR),Domestic Scheduled Passenger,"Miami International Airport, FL (MIA/KMIA), United States of America","Key West International Airport, FL (EYW/KEYW), United States of America",  39,,Fatalities: 0 / Occupants: 12 
19820725-1,,Sunday 25 July 1982,,Ilyushin Il-18,CAAC,,,, registration unknown, , ,,,,,Fatalities: 0 / Occupants: ,Fatalities: 0 / Occupants: ,,, Substantial, Repaired,"near Shanghai (   China) 
", En route (ENR),Domestic Scheduled Passenger,"Xian-Xiguan Airport (SIA/ZLXG), China","Shanghai-Hongqiao Airport (SHA/ZSSS), China",,,Fatalities: 0 / Occupants:  
19820730-0,Final,Friday 30 July 1982,06:47,Douglas C-47D (DC-3),Pronto Aviation Services,,,, N102BL, 32654/15906, 1945,18348,, 2 Pratt & Whitney R-1830-90C,,Fatalities: 0 / Occupants: 2,Fatalities: 0 / Occupants: 1,,, Substantial, Written off (damaged beyond repair),"near El Paso International Airport, TX (ELP) (   United States of America) 
", Initial climb (ICL),Domestic Non Scheduled Passenger,"El Paso International Airport, TX (ELP/KELP), United States of America","Tucson International Airport, AZ (TUS/KTUS), United States of America",,,Fatalities: 0 / Occupants: 3 
19820730-1,,Friday 30 July 1982,ca 08:20,Lockheed HC-130H Hercules,United States Coast Guard,,,, 1600, 4757, 1977,,,,,Fatalities: 1 / Occupants: 8,Fatalities: 1 / Occupants: 3,,, Destroyed, Written off (damaged beyond repair),"5 km (3.1 mls) S of Attu Island-Casco Cove Airport, AK (ATU) (   United States of America) 
", Approach (APR),Military,"Shemya AFB, AK (SYA/PASY), United States of America","Attu Island-Casco Cove Airport, AK (ATU/PAAT), United States of America",,,Fatalities: 2 / Occupants: 11 
19820801-1,,Sunday 1 August 1982,,Boeing 720-047B,Middle East Airlines - MEA,,,, OD-AGG, 18828/423, 1965-05-10  (17 years 3 months),,, 4 Pratt & Whitney JT3D-3B,,Fatalities: 0 / Occupants: 0,Fatalities: 0 / Occupants: 0,,, Damaged beyond repair,,"Beirut International Airport (BEY) (   Lebanon) 
", Standing (STD),-,-,-,,,Fatalities: 0 / Occupants: 0 
19820804-0,,Wednesday 4 August 1982,,Boeing 727-21,Aerotal Colombia,,,, HK-2559, 18994/219, 1966-01-06  (16 years 7 months),,, 3 Pratt & Whitney JT8D-7,,Fatalities: 0 / Occupants: 7,Fatalities: 0 / Occupants: 43,,, Damaged beyond repair,,"Santa Marta-Simon Bolivar Airport (SMR) (   Colombia) 
", Landing (LDG),Scheduled Passenger,?,"Santa Marta-Simón Bolívar Airport (SMR/SKSM), Colombia",,,Fatalities: 0 / Occupants: 50 
19820804-1,,Wednesday 4 August 1982,,Boeing 737-200,Indian Airlines,,,, registration unknown, , ,,,,,Fatalities: 0 / Occupants: ,Fatalities: 0 / Occupants: ,,, None,,"Amritsar-Raja Sansi Airport (ATQ) (   India) 
", En route (ENR),Domestic Scheduled Passenger,"Delhi-Palam Airport (DEL/VIDP), India","Amritsar-Raja Sansi Airport (ATQ/VIAR), India",,,Fatalities: 0 / Occupants:  
19820811-0,,Wednesday 11 August 1982,,Boeing 747-121,Pan American World Airways (Pan Am),,,, N754PA, 19658/47, 1970-05-15  (12 years 3 months),,,,,Fatalities: 0 / Occupants: 15,Fatalities: 1 / Occupants: 270,,, Minor, Repaired,"225 km (140.6 mls) from  Hawaii (   Pacific Ocean) 
", En route (ENR),International Scheduled Passenger,"Tokyo-Narita Airport (NRT/RJAA), Japan","Honolulu International Airport, HI (HNL/PHNL), United States of America",PA830,,Fatalities: 1 / Occupants: 285 
19820812-0,,Thursday 12 August 1982,,de Havilland Canada DHC-6 Twin Otter 300,Burma Airways,,,, XY-AEB, 501, 1976,,, 2 Pratt & Whitney Canada PT6A-27,,Fatalities: 3 / Occupants: 3,Fatalities: 5 / Occupants: 5,,, Damaged beyond repair,,"Mindat (   Myanmar) 
", En route (ENR),Domestic Scheduled Passenger,?,?,,,Fatalities: 8 / Occupants: 8 
19820814-0,,Saturday 14 August 1982,18:09,Let L-410M,Aeroflot / Georgia,,,, CCCP-67191, 781120, 1978,2738,, 2 Walter M-601A,4098,Fatalities: 2 / Occupants: 2,Fatalities: 9 / Occupants: 9,,, Damaged beyond repair,,"Sukhumi-Babusheri Airport (SUI) (   Georgia) 
", Taxi (TXI),Domestic Scheduled Passenger,"Sukhumi-Babusheri Airport (SUI/UGSS), Georgia","Kutaisi Airport (KUT/UGKO), Georgia",G-73,,Fatalities: 11 / Occupants: 11 
19820814-1,,Saturday 14 August 1982,,Tupolev Tu-134A,Aeroflot / Georgia,,,, CCCP-65836, 17113, 1974,17003,,,10406,Fatalities: 0 / Occupants: ,Fatalities: 0 / Occupants: ,,Fatalities: 11, Damaged beyond repair,,"Sukhumi-Babusheri Airport (SUI) (   Georgia) 
", Takeoff (TOF),Unknown,"Sukhumi-Babusheri Airport (SUI/UGSS), Georgia",?,,,Fatalities: 0 / Occupants:  
19820814-2,,Saturday 14 August 1982,,Yakovlev Yak-40,MAP Kazan MSZ,,,, CCCP-98102, 9720554, 1977,,, 3 Ivchenko AI-25,,Fatalities: 0 / Occupants: 4,Fatalities: 0 / Occupants: 0,,, Damaged beyond repair,,"near Kazan (   Russia) 
", En route (ENR),Unknown,"Kazan Airport (KZN/UWKD), Russia","Kuybyshev Airport (KUF/UWWW), Russia",,,Fatalities: 0 / Occupants: 4 
19820814-3,,Saturday 14 August 1982,08:45,IAI Arava 201,Fuerza Aérea Nicaragua,,,, 223, 006, 1972,,,,,Fatalities:  / Occupants: ,Fatalities:  / Occupants: ,,, Damaged beyond repair,,"Managua-Augusto C. Sandino Airport (MGA) (   Nicaragua) 
", Takeoff (TOF),Military,"Managua-Augusto C. Sandino Airport (MGA/MNMG), Nicaragua",?,,,Fatalities: 20 / Occupants: 22 
19820816-0,,Monday 16 August 1982,,Embraer EMB-110P1 Bandeirante,Dolphin Airways,,,, registration unknown, , ,,, 2 Pratt & Whitney Canada PT6A-34,,Fatalities: 0 / Occupants: 1,Fatalities: 0 / Occupants: 2,,, None,,"West Palm Beach International Airport, FL (PBI) (   United States of America) 
", Standing (STD),Domestic Scheduled Passenger,"Tampa International Airport, FL (TPA/KTPA), United States of America","West Palm Beach International Airport, FL (PBI/KPBI), United States of America", 296,,Fatalities: 0 / Occupants: 3 
19820819-0,,Thursday 19 August 1982,,Antonov An-2R,"Aeroflot, Leningrad Civil Aviation Directorate",,,, CCCP-70446, 1G143-25, 1972,,,,,Fatalities: 0 / Occupants: ,Fatalities: 0 / Occupants: ,,, Damaged beyond repair,,"near Dno, Pskov Region (   Russia) 
", Unknown (UNK),Unknown,?,?,,,Fatalities: 0 / Occupants:  
19820820-0,,Friday 20 August 1982,,Boeing 737-200,Indian Airlines,,,, registration unknown, , ,,,,,Fatalities: 0 / Occupants: ,Fatalities: 1 / Occupants: ,,, None,,"Amritsar Airport (ATQ) (   India) 
", En route (ENR),Domestic Scheduled Passenger,"Jodhpur Airport (JDH/VIJO), India","Delhi-Palam Airport (DEL/VIDP), India",,,Fatalities: 1 / Occupants:  
19820820-1,,Friday 20 August 1982,,Britten-Norman BN-2A Islander,Inter Island Air Services,,,, VP-LAE, 160, 1970-02-25  (12 years 6 months),,,,,Fatalities: 1 / Occupants: 1,Fatalities: 5 / Occupants: 5,,, Damaged beyond repair,,"La Soufriere Volcano (   Saint Vincent and the Grenadines) 
", En route (ENR),International Scheduled Passenger,"Saint Vincent-Arnos Vale Airport (SVD/TVSV), Saint Vincent and the Grenadines","Saint Lucia-Hewanorra Airport (UVF/TLPL), Saint Lucia",,,Fatalities: 6 / Occupants: 6 
19820820-2,Final,Friday 20 August 1982,14:43,Swearingen SA226-TC Metro II,Air Midwest,,,, N237AM, TC-332, ,4840,,,,Fatalities: 0 / Occupants: 2,Fatalities: 0 / Occupants: 10,,, Substantial, Repaired,"Kansas City Downtown Municipal Airport, MO (MKC) (   United States of America) 
", Landing (LDG),Domestic Scheduled Passenger,"Wichita-Mid-Continent Airport, KS (ICT/KICT), United States of America","Topeka-Philip Billard Airport, KS (TOP/KTOP), United States of America",,,Fatalities: 0 / Occupants: 12 
19820822-0,,Sunday 22 August 1982,,Douglas C-47A-1-DK (DC-3),Ethiopian Airlines,,,, ET-AHP, 12210, 1943,24088,,,,Fatalities: 0 / Occupants: ,Fatalities: 0 / Occupants: ,,, Damaged beyond repair,,"Makale Airport (MQX) (   Ethiopia) 
", Takeoff (TOF),Unknown,"Makale Airport (MQX/HAMK), Ethiopia",?,,,Fatalities: 0 / Occupants:  
19820824-0,,Tuesday 24 August 1982,,Antonov An-12BP,Soviet Air Force,,,, registration unknown, , ,,,,,Fatalities: 1 / Occupants: 7,Fatalities: 0 / Occupants: 0,,, Damaged beyond repair,,"near Chita (   Russia) 
", En route (ENR),Military,"Ukurey Air Base, Russia","Ukurey Air Base, Russia",,,Fatalities: 1 / Occupants: 7 
19820825-0,Final,Wednesday 25 August 1982,13:30,Convair CV-440,,Air Resorts Airlines,,National Flight Services, N477KW, 210, 1954,37102,, 2 Pratt & Whitney R-2800-CB3,,Fatalities: 0 / Occupants: 2,Fatalities: 0 / Occupants: 0,,, Substantial, Written off (damaged beyond repair),"near Wolf Creek Pass, CO (   United States of America) 
", En route (ENR),Ferry/positioning,"Pueblo Memorial Airport, CO (PUB/KPUB), United States of America","Carlsbad-McClellan-Palomar Airport, CA (CLD/KCRQ), United States of America",,,Fatalities: 0 / Occupants: 2 
19820825-1,,Wednesday 25 August 1982,,Ilyushin Il-18E,LOT Polskie Linie Lotnicze,,,, SP-LSI, 186008905, ,,,,,Fatalities: 0 / Occupants: ,Fatalities: 0 / Occupants: ,,, None,,"München-Riem Airport (MUC) (   Germany) 
", En route (ENR),International Scheduled Passenger,"Budapest-Ferihegy Airport (BUD/LHBP), Hungary","Warszawa-Okecie Airport (WAW/EPWA), Poland",,,Fatalities: 0 / Occupants:  
19820825-2,,Wednesday 25 August 1982,,Antonov An-2R,Slov-Air,,,, OK-JIK, 1G186-25, ,,,,,Fatalities:  / Occupants: ,Fatalities:  / Occupants: ,,, Damaged beyond repair,,"Smedava (   Czech Republic) 
", Unknown (UNK),Unknown,?,?,,,Fatalities:  / Occupants:  
19820826-0,,Thursday 26 August 1982,13:49,Boeing 737-2Q3,Southwest Air Lines,,,, JA8444, 21477/545, 1978-12-01  (3 years 9 months),5056,, 2 Pratt & Whitney JT8D-17,,Fatalities: 0 / Occupants: 5,Fatalities: 0 / Occupants: 133,,, Damaged beyond repair,,"Ishigaki Airport (ISG) (   Japan) 
", Landing (LDG),Domestic Scheduled Passenger,"Okinawa-Naha Airport (OKA/ROAH), Japan","Ishigaki Airport (ISG/ROIG), Japan", 611,,Fatalities: 0 / Occupants: 138 
19820827-0,,Friday 27 August 1982,,Antonov An-2R,Slov-Air,,,, OK-KIM, 1G190-08, 1980,,,,,Fatalities: 0 / Occupants: ,Fatalities: 0 / Occupants: ,,, Damaged beyond repair,,"Strachotice (   Czech Republic) 
", Unknown (UNK),Illegal Flight,?,?,,,Fatalities: 0 / Occupants:  
19820828-0,,Saturday 28 August 1982,,Antonov An-24TV,Iraqi Airways,,,, YI-ALN, 1022810, 1968,,,,,Fatalities:  / Occupants: ,Fatalities:  / Occupants: ,,, Damaged beyond repair,,"Nasiriyah Airport (XNH) (   Iraq) 
", Takeoff (TOF),Unknown,"Nasiriyah Airport (XNH), Iraq",?,,,Fatalities:  / Occupants:  
19820831-0,,Tuesday 31 August 1982,ca 14:30,Lockheed C-141B Starlifter,United States Air Force - USAF,,,, 64-0652, 300-6065, ,24246,, 4 Pratt & Whitney TF33-P-7,,Fatalities: 9 / Occupants: 9,Fatalities: 0 / Occupants: 0,,, Damaged beyond repair,,"70 km (43.8 mls) S of Knoxville, TN (   United States of America) 
", En route (ENR),Military,"Charleston AFB, SC (CHS/KCHS), United States of America","Charleston AFB, SC (CHS/KCHS), United States of America",,,Fatalities: 9 / Occupants: 9 
19820901-0,,Wednesday 1 September 1982,,de Havilland Canada DHC-4A Caribou,Aerolineas Condor,,,, HC-BHZ, 249, 1967,,,,,Fatalities: 3 / Occupants: 3,Fatalities: 41 / Occupants: 41,,, Destroyed, Written off (damaged beyond repair),"near Valladolid (   Ecuador) 
", En route (ENR),Domestic Scheduled Passenger,"Zumba Airport (SEZP), Ecuador","Loja Airport (LOH/SELO), Ecuador",,,Fatalities: 44 / Occupants: 44 
19820903-0,,Friday 3 September 1982,,Learjet 25B,Companhia Brasileira de Tratores,,,, PT-JBQ, 25-119, ,,,,,Fatalities: 2 / Occupants: 2,Fatalities: 8 / Occupants: 8,,, Damaged beyond repair,,"5 km (3.1 mls) from  Rio Branco Airport, AC (RBR) (   Brazil) 
", Approach (APR),Private,"Porto Velho Airport, RO (PVH/SBPV), Brazil","Rio Branco Airport, AC (RBR/SBRB), Brazil",,,Fatalities: 10 / Occupants: 10 
19820905-0,Final,Sunday 5 September 1982,05:36,Douglas DC-8-51,Intercontinental Airlines,,,, RP-C830, 45688/205, 1964,44217,,,,Fatalities: 0 / Occupants: 15,Fatalities: 0 / Occupants: 58,,, Minor, Repaired,"London-Stansted Airport (STN) (   United Kingdom) 
", Landing (LDG),Int'l Non Scheduled Passenger,"Lagos/Ikeja International Airport (LOS/DNMM), Nigeria","London-Stansted Airport (STN/EGSS), United Kingdom",,,Fatalities: 0 / Occupants: 73 
19820909-0,Preliminary,Thursday 9 September 1982,,Antonov An-2R,Aeroflot / Ukraine,,,, CCCP-62663, 1G178-55, 1978,,,,,Fatalities: 0 / Occupants: 2,Fatalities: 0 / Occupants: 0,,, Damaged beyond repair,,"Khorezm region (   Uzbekistan) 
", Maneuvering (MNV),Agricultural,?,?,,,Fatalities: 0 / Occupants: 2 
19820909-1,Final,Thursday 9 September 1982,,Fairchild FH-227E,Autec,,,, N7801M, 503, 1966,,,,,Fatalities: 0 / Occupants: 3,Fatalities: 0 / Occupants: 38,,, Substantial, Repaired,"near Andros Town Airport (ASD) (   Bahamas) 
", Initial climb (ICL),Executive,"Andros Town Airport (ASD/MYAF), Bahamas","West Palm Beach International Airport, FL (PBI/KPBI), United States of America",,,Fatalities: 0 / Occupants: 41 
19820909-2,,Thursday 9 September 1982,,Antonov An-2R,Aeroflot / Azerbaijan,,,, CCCP-70563, 1G127-31, 1971,,,,,Fatalities: 0 / Occupants: ,Fatalities: 0 / Occupants: ,,, Damaged beyond repair,,"near Imishli (   Azerbaijan) 
", Unknown (UNK),Agricultural,?,?,,,Fatalities: 0 / Occupants:  
19820910-0,,Friday 10 September 1982,,Boeing 707-348C,Sudan Airways,,,, ST-AIM, 19410/599, 1967,,, 4 Pratt & Whitney JT3D-3B,,Fatalities: 0 / Occupants: 11,Fatalities: 0 / Occupants: 0,,, Damaged beyond repair,,"near Khartoum (   Sudan) 
", Approach (APR),Ferry/positioning,"Jeddah-King Abdulaziz International Airport (JED/OEJN), Saudi Arabia","Khartoum-Civil Airport (KRT/HSSS), Sudan",,,Fatalities: 0 / Occupants: 11 
19820913-0,Final,Monday 13 September 1982,12:00,McDonnell Douglas DC-10-30CF,Spantax,,,, EC-DEG, 46962/238, 1977,15364,, 3 General Electric CF6-50C1,4008,Fatalities: 3 / Occupants: 13,Fatalities: 47 / Occupants: 381,,, Damaged beyond repair,,"Málaga Airport (AGP) (   Spain) 
", Takeoff (TOF),Int'l Non Scheduled Passenger,"Málaga Airport (AGP/LEMG), Spain","New York-John F. Kennedy International Airport, NY (JFK/KJFK), United States of America", 995,,Fatalities: 50 / Occupants: 394 
19820917-0,,Friday 17 September 1982,14:30,McDonnell Douglas DC-8-61,Japan Air Lines - JAL,,,, JA8048, 46160/545, 1971,,, 4 Pratt & Whitney JT3D-,,Fatalities: 0 / Occupants: 11,Fatalities: 0 / Occupants: 113,,, Damaged beyond repair,,"Shanghai-Hongqiao Airport (SHA) (   China) 
", Landing (LDG),International Scheduled Passenger,"Shanghai-Hongqiao Airport (SHA/ZSSS), China","Tokyo (unknown airport), Japan",JL792,,Fatalities: 0 / Occupants: 124 
19820917-1,Final,Friday 17 September 1982,16:41,Beechcraft 200 Super King Air,H.A. Braun,,,, N9FQ, BB-603, 1980,1076,, 2 Pratt & Whitney Canada PT6A-41,,Fatalities: 0 / Occupants: 1,Fatalities: 0 / Occupants: 0,,Fatalities: 2, Substantial, Repaired,"Huntington Beach, CA (   United States of America) 
", En route (ENR),Private,"Santa Ana-John Wayne International Airport, CA (SNA/KSNA), United States of America","Burbank/Glendale/Pasadena Airport, CA (BUR/KBUR), United States of America",,,Fatalities: 0 / Occupants: 1 
19820918-0,,Saturday 18 September 1982,,de Havilland Canada DHC-3 Otter,Central Mountain Air Services,,,, C-FDJA, 459, 1966,,,,,Fatalities:  / Occupants: ,Fatalities:  / Occupants: ,,, Damaged beyond repair,,"near Two Bridge Lake, BC (   Canada) 
", Unknown (UNK),Unknown,?,?,,,Fatalities: 5 / Occupants: 5 
19820918-1,,Saturday 18 September 1982,,Beechcraft B200C Super King Air,Jetair,,,, OY-BEP, BL-43, 1981,,,,,Fatalities:  / Occupants: ,Fatalities:  / Occupants: ,,, Damaged beyond repair,,"5,6 km (3.5 mls) NE of Luxembourg-Findel Airport (LUX) (   Luxembourg) 
", Approach (APR),Unknown,?,"Luxembourg-Findel Airport (LUX/ELLX), Luxembourg",,,Fatalities: 3 / Occupants: 3 
19820920-0,,Monday 20 September 1982,,Swearingen SA226-AT Merlin IV,Royal Thai Air Force - RTAF,,,, L6-2/21, AT-065, 1978,,,,,Fatalities: 0 / Occupants: ,Fatalities: 0 / Occupants: ,,, Damaged beyond repair,,"Hat Yai Airport (HDY) (   Thailand) 
", Initial climb (ICL),Military,"Hat Yai Airport (HDY/VTSS), Thailand",?,,,Fatalities: 0 / Occupants: 8 
19820924-0,,Friday 24 September 1982,ca 15:15,de Havilland Canada DHC-4A Caribou,Royal Malaysian Air Force - RMAF,,,, M21-17, 306, 1973,,,,,Fatalities: 7 / Occupants: 7,Fatalities: 0 / Occupants: 0,,, Damaged beyond repair,,"4 km (2.5 mls) N of Kampung Atap (   Malaysia) 
", En route (ENR),Military,"Taiping Airport (TPG/WMBI), Malaysia","Kuala Lumpur (unknown airport), Malaysia",,,Fatalities: 7 / Occupants: 7 
19820925-0,,Saturday 25 September 1982,,Boeing 727-243,Alitalia,,,, registration unknown, , ,,,,,Fatalities: 0 / Occupants: 8,Fatalities: 0 / Occupants: 101,,, None,,"Catania-Fontanarossa Airport (CTA) (   Italy) 
", En route (ENR),International Scheduled Passenger,"Algiers-Houari Boumediene Airport (ALG/DAAG), Algeria","Roma-Fiumicino Airport (FCO/LIRF), Italy",AZ871,,Fatalities: 0 / Occupants: 109 
19820928-0,,Tuesday 28 September 1982,,Antonov An-2R,"Aeroflot, Kazakstan Civil Aviation Directorate",,,, CCCP-44628, 1G87-05, 1967,,,,,Fatalities: 0 / Occupants: ,Fatalities: 0 / Occupants: ,,, Damaged beyond repair,,"Chimkent region (   Kazakhstan) 
", Landing (LDG),Unknown,?,?,,,Fatalities: 0 / Occupants:  
19820929-1,Final,Wednesday 29 September 1982,19:23,Ilyushin Il-62M,"Aeroflot, International Civil Aviation Directorate",,,, CCCP-86470, 1725234, 1977,10325,, 4 Soloviev D-30KU,,Fatalities: 0 / Occupants: 11,Fatalities: 7 / Occupants: 66,,, Destroyed, Written off (damaged beyond repair),"Luxembourg-Findel Airport (LUX) (   Luxembourg) 
", Landing (LDG),International Scheduled Passenger,"Moskva-Sheremetyevo Airport (SVO/UUEE), Russia","Luxembourg-Findel Airport (LUX/ELLX), Luxembourg", 343,,Fatalities: 7 / Occupants: 77 
19821005-0,,Tuesday 5 October 1982,,Fokker F-27 Friendship 200,Sudan Airways,,,, ST-AAS, 10194, 1962,33950,,,23052,Fatalities: 0 / Occupants: 3,Fatalities: 0 / Occupants: 17,,, Damaged beyond repair,,"Merowe Airport (MWE) (   Sudan) 
", Landing (LDG),Scheduled Passenger,?,"Merowe Airport (MWE/HSMR), Sudan",,,Fatalities: 0 / Occupants: 20 
19821008-0,,Friday 8 October 1982,ca 18:00,Vickers 828 Viscount,SAN Ecuador (Servicios Aéreos Nacionales),,,, HC-ATV, 458, 1962-10-22  (20 years),,, 4 Rolls-Royce Dart 525,,Fatalities: 0 / Occupants: ,Fatalities: 0 / Occupants: ,,, Damaged beyond repair,,"Cuenca Airport (CUE) (   Ecuador) 
", Landing (LDG),Domestic Scheduled Passenger,"Guayaquil-Simon Bolivar Airport (GYE/SEGU), Ecuador","Cuenca Airport (CUE/SECU), Ecuador",,,Fatalities: 0 / Occupants:  
19821012-0,,Tuesday 12 October 1982,,Douglas C-47A-75-DL (DC-3),Comair,,,, ZS-EJK, 19484, 1944,,, 2 Pratt & Whitney R-1830-92,,Fatalities: 0 / Occupants: 3,Fatalities: 0 / Occupants: 27,,, Damaged beyond repair,,"near Graskop (   South Africa) 
", En route (ENR),Domestic Non Scheduled Passenger,"Johannesburg International Airport (JNB/FAJS), South Africa","Skukuza Airport (SZK/FASZ), South Africa",,,Fatalities: 0 / Occupants: 30 
19821014-0,,Thursday 14 October 1982,,Tupolev Tu-134,Balkan Bulgarian Airlines,,,, registration unknown, , ,,,,,Fatalities: 0 / Occupants: ,Fatalities: 0 / Occupants: ,,, None,,"Wien-Schwechat Airport (VIE) (   Austria) 
", En route (ENR),International Scheduled Passenger,"Bourgas Airport (BOJ/LBBG), Bulgaria","Warszawa-Okecie Airport (WAW/EPWA), Poland",,,Fatalities: 0 / Occupants:  
19821016-0,,Saturday 16 October 1982,14:30 EDT,Lockheed C-130B Hercules,Fuerza Aérea Colombiana,,,, FAC-1003, 3572, 1960,,, 4 Allison T56-A-7,,Fatalities: 2 / Occupants: ,Fatalities: 3 / Occupants: ,,, Damaged beyond repair,,"330 km (206.3 mls) E off  Cape May, NJ, USA (   Atlantic Ocean) 
", En route (ENR),Military,"Terceira-Lajes AFB, Azores (TER/LPLA), Portugal","Bermuda-Kindley Field NAS (NWU), Bermuda",,,Fatalities: 5 / Occupants: 13 
19821017-0,Final,Sunday 17 October 1982,12:20,Boeing 707-366C,EgyptAir,,,, SU-APE, 20342/837, 1970,,, 4 Pratt & Whitney JT3D-7,,Fatalities: 0 / Occupants: 10,Fatalities: 0 / Occupants: 172,,, Damaged beyond repair,,"Genève-Cointrin Airport (GVA) (   Switzerland) 
", Approach (APR),International Scheduled Passenger,"Cairo International Airport (CAI/HECA), Egypt","Genève-Cointrin Airport (GVA/LSGG), Switzerland",MS771,,Fatalities: 0 / Occupants: 182 
19821018-0,Final,Monday 18 October 1982,03:00,Lockheed 18 Learstar I,Vintage Sales Corp.,,,, N1040G, 18-2549, 1943,,, 2 Wright R-1820-76,,Fatalities: 2 / Occupants: 2,Fatalities: 1 / Occupants: 1,,, Destroyed, Written off (damaged beyond repair),"Kosciusko, MS (   United States of America) 
", En route (ENR),Illegal Flight,?,?,,,Fatalities: 3 / Occupants: 3 
19821027-0,,Wednesday 27 October 1982,,Lockheed L-1011 TriStar,Trans World Airlines - TWA,,,, registration unknown, , ,,,,,Fatalities: 0 / Occupants: ,Fatalities: 0 / Occupants: ,,, None,,"Los Angeles International Airport, CA (LAX) (   United States of America) 
", Standing (STD),Domestic Scheduled Passenger,"Los Angeles International Airport, CA (LAX/KLAX), United States of America","Saint Louis-Lambert International Airport, MO (STL/KSTL), United States of America",TW72,,Fatalities: 0 / Occupants: 109 
19821031-0,,Sunday 31 October 1982,,Curtiss C-46 Super C,Ilford Riverton Airways,,,, C-GIXZ, 22453, 1945,,,,,Fatalities: 0 / Occupants: 2,Fatalities: 0 / Occupants: 0,,, Damaged beyond repair,,"Shamattawa Airport, MB (ZTM) (   Canada) 
", Taxi (TXI),Cargo,?,"Shamattawa Airport, MB (ZTM/CZTM), Canada",,,Fatalities: 0 / Occupants: 2 
19821101-0,,Monday 1 November 1982,,Britten-Norman BN-2A Trislander Mk.III-1,Aviones de Panama,,,, HP-947, 1005, 1975,,,,,Fatalities:  / Occupants: ,Fatalities:  / Occupants: ,,, Damaged beyond repair,,"at an unknown location (   Panama) 
", Unknown (UNK),Unknown,?,?,,,Fatalities:  / Occupants:  
19821103-0,,Wednesday 3 November 1982,,Britten-Norman BN-2A-21 Islander,Pars Air,,,, EP-PBE, 581, 1977-03-03  (5 years 8 months),,,,,Fatalities:  / Occupants: ,Fatalities:  / Occupants: ,,, Damaged beyond repair,,"at an unknown location (   Iran) 
", Unknown (UNK),Unknown,?,?,,,Fatalities: 1 / Occupants:  
19821104-0,,Thursday 4 November 1982,ca 05:10,Embraer EMB-110P2 Bandeirante,Talair,,,, P2-RDL, 110300, 1980,,, 2 Pratt & Whitney Canada PT6A-34,,Fatalities: 0 / Occupants: 1,Fatalities: 0 / Occupants: 0,,, Damaged beyond repair,,"Port Moresby-Jackson Field (POM) (   Papua New Guinea) 
", Takeoff (TOF),Cargo,"Port Moresby-Jacksons International Airport (POM/AYPY), Papua New Guinea","Lae-Nadzab Airport (LAE/AYNZ), Papua New Guinea",,,Fatalities: 0 / Occupants: 1 
19821106-0,Final,Saturday 6 November 1982,09:10,Learjet 24D,Duncan Aviation,,,, N13MJ, 	24-314, ,2415,, 2 General Electric CJ610,,Fatalities: 0 / Occupants: ,Fatalities: 0 / Occupants: ,,, Minor, Repaired,"Elizabeth City, NC (   United States of America) 
", En route (ENR),Military,"Elizabeth City Airport, NC (ECG/KECG), United States of America","Elizabeth City Airport, NC (ECG/KECG), United States of America",,,Fatalities: 0 / Occupants:  
19821106-1,,Saturday 6 November 1982,,Britten-Norman BN-2A Islander,Penina,,,, CS-AJO, 125, 1969-10-27  (13 years ),,,,,Fatalities: 0 / Occupants: 1,Fatalities: 0 / Occupants: 3,,, Damaged beyond repair,,"Serra do Monchique (   Portugal) 
", En route (ENR),Domestic Non Scheduled Passenger,"Cascais Airport (LPCS), Portugal","Portimão Airport (PRM/LPPM), Portugal",,,Fatalities: 0 / Occupants: 4 
19821106-2,Final,Saturday 6 November 1982,09:10,Learjet 25,Duncan Aviation,,,, N47MJ, 25-004, ,,, 2 General Electric CJ610,,Fatalities: 0 / Occupants: ,Fatalities: 0 / Occupants: ,,, Minor, Repaired,"Elizabeth City, NC (   United States of America) 
", En route (ENR),Military,"Elizabeth City Airport, NC (ECG/KECG), United States of America","Elizabeth City Airport, NC (ECG/KECG), United States of America",,,Fatalities: 0 / Occupants:  
19821107-0,,Sunday 7 November 1982,,Antonov An-24,Aeroflot,,,, registration unknown, , ,,,,,Fatalities: 0 / Occupants: ,Fatalities: 0 / Occupants: ,,, None,,"Sinop Airport (SIC) (   Turkey) 
", En route (ENR),Domestic Scheduled Passenger,"Novorossiysk Airport (NOI), Russia","Odessa-Central Airport (ODS/UKOO), Ukraine",,,Fatalities: 0 / Occupants:  
19821108-0,,Monday 8 November 1982,,CASA/Nurtanio NC-212 Aviocar 100,Deraya Air Taxi,,,, PK-DCR, 128/20N, 1980-03-21  (2 years 8 months),,,,,Fatalities:  / Occupants: ,Fatalities:  / Occupants: ,,, Damaged beyond repair,,"near Bontang (   Indonesia) 
", Unknown (UNK),Unknown,?,?,,,Fatalities:  / Occupants:  
19821112-0,Final,Friday 12 November 1982,18:11,Swearingen SA226-AT Merlin IV,Danair,,,, OY-AUI, AT-015, 1974,2395,, 2 Garrett TPE331-3U-303G,,Fatalities: 0 / Occupants: 2,Fatalities: 0 / Occupants: 13,,, Destroyed, Written off (damaged beyond repair),"København-Kastrup Airport (CPH) (   Denmark) 
", Taxi (TXI),Domestic Scheduled Passenger,"Stauning Airport (STA/EKVJ), Denmark","København-Kastrup Airport (CPH/EKCH), Denmark",DX386,,Fatalities: 0 / Occupants: 15 
19821112-1,Final,Friday 12 November 1982,14:04,Cessna 501 Citation I/SP,Cessna Aircraft,,,, N2627U, 501-0247, ,179,, 2 Pratt & Whitney Canada JT15D-1B,,Fatalities: 0 / Occupants: 1,Fatalities: 0 / Occupants: 0,,, Substantial, Written off (damaged beyond repair),"Wichita, KS (   United States of America) 
", Approach (APR),Illegal Flight,"Wichita-Mid-Continent Airport, KS (ICT/KICT), United States of America",?,,,Fatalities: 0 / Occupants: 1 
19821116-0,,Tuesday 16 November 1982,13:10,Embraer C-95 Bandeirante (EMB-110),Força Aérea Brasileira - FAB,,,, 2182, 110109, 1976,,,,,Fatalities: 3 / Occupants: 3,Fatalities: 0 / Occupants: 0,,, Damaged beyond repair,,"3, 8 km from Rio de Janeiro-Santos Dumont Airport, RJ (SDU) (   Brazil) 
", En route (ENR),Military,"Rio de Janeiro-Santos Dumont Airport, RJ (SDU/SBRJ), Brazil","São Paulo-Guarulhos International Airport, SP (GRU/SBGR), Brazil",,,Fatalities: 3 / Occupants: 3 
19821116-1,,Tuesday 16 November 1982,,Lockheed CC-130H Hercules,Canadian Armed Forces,,,, 130329, 4553, 1974,,,,,Fatalities: 7 / Occupants: 7,Fatalities: 0 / Occupants: 0,,, Damaged beyond repair,,"Edmonton-Namao Field, AB (YED) (   Canada) 
", Maneuvering (MNV),Military,?,?,,,Fatalities: 7 / Occupants: 7 
19821118-0,Final,Thursday 18 November 1982,09:30,Cessna 551 Citation II/SP,Coin Acceptors,,,, N2CA, 551-0024, ,1150,, 2 Pratt & Whitney Canada JT15D-4,,Fatalities: 1 / Occupants: 1,Fatalities: 2 / Occupants: 2,,, Destroyed, Written off (damaged beyond repair),"2,8 km (1.8 mls) N of Mountain View Airport, MO (MNF) (   United States of America) 
", En route (ENR),Executive,"Mountain View Airport, MO (KMNF), United States of America","Saint Louis-Lambert International Airport, MO (STL/KSTL), United States of America",,,Fatalities: 3 / Occupants: 3 
19821118-1,,Thursday 18 November 1982,,Antonov An-2R,Aeroflot / Ukraine,,,, CCCP-54883, 1G185-50, 1979,,,,,Fatalities: 0 / Occupants: ,Fatalities: 0 / Occupants: ,,, Damaged beyond repair,,"Dnepropetrovsk Region (   Russia) 
", Unknown (UNK),Unknown,?,?,,,Fatalities: 0 / Occupants:  
19821122-0,,Monday 22 November 1982,,Antonov An-24V,LOT Polskie Linie Lotnicze,,,, SP-LTK, 67302507, 1966,,,,,Fatalities: 0 / Occupants: ,Fatalities: 0 / Occupants: ,,, None,,"Berlin-Tempelhof Airport (THF) (   Germany) 
", En route (ENR),Domestic Scheduled Passenger,"Wroclaw-Strachowice Airport (WRO/EPWR), Poland","Warszawa-Okecie Airport (WAW/EPWA), Poland",,,Fatalities: 0 / Occupants:  
19821127-0,,Saturday 27 November 1982,,Tupolev Tu-154B-2,Malev Hungarian Airlines,,,, HA-LCA, 73A045, 1973,,, 3 Kuznetsov NK-8-2U,,Fatalities: 0 / Occupants: ,Fatalities: 0 / Occupants: ,,, None,,"Warszawa-Okecie Airport (WAW) (   Poland) 
", Standing (STD),International Scheduled Passenger,"Warszawa-Okecie Airport (WAW/EPWA), Poland","Budapest-Ferihegy Airport (BUD/LHBP), Hungary",MA121,,Fatalities: 0 / Occupants:  
19821129-0,,Monday 29 November 1982,,Boeing 727-21,Aerotal Colombia,,,, HK-2560, 18996/233, 1966-02-14  (16 years 10 months),,, 3 Pratt & Whitney JT8D-7,,Fatalities: 0 / Occupants: ,Fatalities: 0 / Occupants: ,,, Damaged beyond repair,,"Santa Marta-Simon Bolivar Airport (SMR) (   Colombia) 
", Unknown (UNK),Scheduled Passenger,?,?,,,Fatalities: 0 / Occupants:  
19821129-1,,Monday 29 November 1982,,Antonov An-26,TAAG Angola Airlines,,,, D2-TAB, , ,,,,,Fatalities: 6 / Occupants: 6,Fatalities: 9 / Occupants: 9,,, Damaged beyond repair,,"Monte Bibala (   Angola) 
", En route (ENR),Non Scheduled Passenger,?,?,,,Fatalities: 15 / Occupants: 15 
