Identifiant:,Status:,Date:,Time:,Type:,Operator:,Operating for:,On behalf of:,Leased from:,Registration:,C/n / msn:,First flight:,Total airframe hrs:,Year built:,Engines:,Cycles:,Crew:,Passengers:,Ground casualties:,Collision casualties:,Aircraft damage:,Aircraft fate:,Location:,Phase:,Nature:,Departure airport:,Destination airport:,Flightnumber:,Probable cause:,Total:
20050101-0,Final,Saturday 1 January 2005,11:20,Cessna 551 Citation II/SP,Jet Services,,,, N35403, 551-0029, 1980,5870,, 2 Pratt & Whitney Canada JT15D-4,,Fatalities: 0 / Occupants: 1,Fatalities: 0 / Occupants: 4,,, Damaged beyond repair,,"Ainsworth Airport, NE (ANW) (   United States of America) 
", Landing (LDG),Private,"Reading Municipal Airport/Spaatz Field, PA (RDG/KRDG), United States of America","Ainsworth Airport, NE (ANW/KANW), United States of America",,,Fatalities: 0 / Occupants: 5 
20050104-0,,Tuesday 4 January 2005,ca 02:00,Boeing 737-2A9C,Tri-MG Intra Asia Airlines,,,, PK-YGM, 20206/249, 1970-04-07  (34 years 9 months),,, 2 Pratt & Whitney JT8D-9A,,Fatalities: 0 / Occupants: 2,Fatalities: 0 / Occupants: 0,,, Damaged beyond repair,,"Banda Aceh-Blang Bintang Airport (BTJ) (   Indonesia) 
", Landing (LDG),Cargo,?,"Banda Aceh-Blang Bintang Airport (BTJ/WITT), Indonesia",,,Fatalities: 0 / Occupants: 2 
20050106-0,,Thursday 6 January 2005,14:20,Antonov An-32,Policía Nacional del Perú,,,, PNP-234, 2502, 1991,,, 2 Ivchenko AI-20,,Fatalities: 0 / Occupants: ,Fatalities: 0 / Occupants: ,,, Substantial, Repaired,"Andahuaylas Airport (ANS) (   Peru) 
", Landing (LDG),Military,"Lima-Jorge Chávez International Airport (LIM/SPIM), Peru","Andahuaylas Airport (ANS/SPHY), Peru",,,Fatalities: 0 / Occupants:  
20050106-1,Preliminary,Thursday 6 January 2005,22:30,Canadair CL-600-2B19 Regional Jet CRJ-200ER,Air Sahara,,,, VT-SAL, 7224, 1998,,, 2 General Electric CF34-3B1,,Fatalities: 0 / Occupants: 4,Fatalities: 0 / Occupants: 0,,, Substantial, Repaired,"Goa-Dabolim Airport (GOI) (   India) 
", Landing (LDG),Ferry/positioning,?,"Goa-Dabolim Airport (GOI/VAGO), India",2200,,Fatalities: 0 / Occupants: 4 
20050108-0,Preliminary,Saturday 8 January 2005,ca 13:00,Antonov An-12,Services Air,,,, 9Q-CIH, 4341803, 1964,,, 4 Ivchenko AI-20M,,Fatalities: 6 / Occupants: 6,Fatalities: 0 / Occupants: 0,,, Damaged beyond repair,,"Bukalaza (   Uganda) 
", Approach (APR),Cargo,"Entebbe Airport (EBB/HUEN), Uganda","Kinshasa (unknown airport), Democratic Republic of the Congo",,,Fatalities: 6 / Occupants: 6 
20050108-1,Final,Saturday 8 January 2005,15:48,McDonnell Douglas DC-9-83 (MD-83),Aero República,,,, VP-BGI, 49940/1788, 1990,41329,, 2 Pratt & Whitney JT8D-219,18037,Fatalities: 0 / Occupants: 6,Fatalities: 0 / Occupants: 164,,, Damaged beyond repair,,"Cali-Alfonso B. Aragon Airport (CLO) (   Colombia) 
", Landing (LDG),Domestic Scheduled Passenger,"Cartagena-Rafael Núñez Airport (CTG/SKCG), Colombia","Cali-Alfonso Bonilla Aragón Airport (CLO/SKCL), Colombia",7463,,Fatalities: 0 / Occupants: 170 
20050109-0,Final,Sunday 9 January 2005,20:30,Grumman American G-1159 Gulfstream II,,Icon Health and Fitness,,CFS Air, N74RQ, 113, 1972,5320,, 2 Rolls-Royce Spey 511-8,,Fatalities: 0 / Occupants: 2,Fatalities: 0 / Occupants: 7,,, Damaged beyond repair,,"Logan-Cache Airport, UT (LGU) (   United States of America) 
", Landing (LDG),Executive,"Kansas City-Charles B. Wheeler Downtown Airport, MO (MKC/KMKC), United States of America","Logan-Cache Airport, UT (LGU/KLGU), United States of America",,,Fatalities: 0 / Occupants: 9 
20050113-0,Final,Thursday 13 January 2005,22:15,Embraer EMB-110P1 Bandeirante,AirNow,,,, N49BA, 110301, 1980,39466,, 2 Pratt & Whitney Canada PT6A-34,,Fatalities: 1 / Occupants: 1,Fatalities: 0 / Occupants: 0,,, Damaged beyond repair,,"Keene-Dillant-Hopkins Airport, NH (EEN) (   United States of America) 
", Landing (LDG),Cargo,"Bangor International Airport, ME (BGR/KBGR), United States of America","Manchester Municipal Airport, NH (MHT/KMHT), United States of America",,,Fatalities: 1 / Occupants: 1 
20050113-1,Preliminary - official,Thursday 13 January 2005,16:10,Antonov An-2,Tura Air Enterprise,,,, RA-62597, 1G177-44, 1978,,, 1 Shvetsov ASh-62IR,,Fatalities: 2 / Occupants: 2,Fatalities: 7 / Occupants: 7,,, Damaged beyond repair,,"near Tura (   Russia) 
", Approach (APR),Domestic Scheduled Passenger,"Vanavara (UNIW), Russia","Tura (UNIT), Russia",,,Fatalities: 9 / Occupants: 9 
20050118-0,Final,Tuesday 18 January 2005,15:12,Beechcraft B200 Super King Air,Network Aviation Australia,,,, VH-SGT, BB-73, 1975,,, 2 Pratt & Whitney Canada PT6A-41,,Fatalities: 0 / Occupants: 1,Fatalities: 0 / Occupants: 7,,, Substantial, Repaired,"Perth Airport, WA (PER) (   Australia) 
", Landing (LDG),Domestic Non Scheduled Passenger,"Perth Airport, WA (PER/YPPH), Australia","Lake Johnston Airport, WA (YLJN), Australia",,,Fatalities: 0 / Occupants: 8 
20050121-0,Preliminary,Friday 21 January 2005,ca 10:00,Cessna 208B Grand Caravan,Línea Aérea Amaszonas,,,, CP-2412, 208B0897, 2001,,, 1 Pratt & Whitney Canada PT6A-114A,,Fatalities: 0 / Occupants: 2,Fatalities: 0 / Occupants: 10,,, Damaged beyond repair,,"near Colquiri (   Bolivia) 
", En route (ENR),Domestic Non Scheduled Passenger,"La Paz-El Alto Airport (LPB/SLLP), Bolivia","Sucre Airport (SRE/SLSU), Bolivia",,,Fatalities: 0 / Occupants: 12 
20050122-0,Preliminary,Saturday 22 January 2005,ca 13:00,Antonov An-8,Great Lake Business Company,,,, EL-WVA, OG-3440, 1960,,,,,Fatalities: 0 / Occupants: 7,Fatalities: 0 / Occupants: 3,,, Damaged beyond repair,,"Kongolo (   Democratic Republic of the Congo) 
", Approach (APR),Cargo,"Kindu Airport (KND/FZOA), Democratic Republic of the Congo","Kongolo Airport (KOO/FZRQ), Democratic Republic of the Congo",,,Fatalities: 0 / Occupants: 10 
20050123-0,Final,Sunday 23 January 2005,19:05,McDonnell Douglas MD-83,Spanair,,,, EC-GQG, 49577/1454, 1988-02-10  (17 years),,, 2 Pratt & Whitney JT8D-219,,Fatalities: 0 / Occupants: 6,Fatalities: 0 / Occupants: 37,,, Substantial, Repaired,"Oviedo/Aviles-Asturias Airport (OVD) (   Spain) 
", Landing (LDG),Domestic Scheduled Passenger,"Palma de Mallorca Airport (PMI/LEPA), Spain","Oviedo/Aviles-Asturias Airport (OVD/LEAS), Spain",JK5811,,Fatalities: 0 / Occupants: 43 
20050124-0,Final,Monday 24 January 2005,06:01,Boeing 747-212BSF,Atlas Air,,,, N808MC, 21048/253, 1975-01-20  (30 years ),92024,, 4 General Electric CF6-50E2,22782,Fatalities: 0 / Occupants: 3,Fatalities: 0 / Occupants: 0,,, Substantial, Written off (damaged beyond repair),"Düsseldorf Airport (DUS) (   Germany) 
", Landing (LDG),Cargo,"Dubai Airport (DXB/OMDB), United Arab Emirates","Düsseldorf Airport (DUS/EDDL), Germany",8995,,Fatalities: 0 / Occupants: 3 
20050125-0,Final,Tuesday 25 January 2005,14:33,Dornier 228-101,Alfred Wegener Institut,,,, D-CICE, 7073, 1985-10-29  (19 years 3 months),,,,,Fatalities: 0 / Occupants: ,Fatalities: 0 / Occupants: ,,, Damaged beyond repair,,"Rothera Station (   Antarctica) 
", Landing (LDG),Survey/research,"Halley Research Station (EGAH), Antarctica","Rothera Research Station (EGAR), Antarctica",,,Fatalities: 0 / Occupants:  
20050127-0,Preliminary,Thursday 27 January 2005,08:10,Let L-410UVP-E4,Farnair Hungary,,,, HA-LAR, 871923, 1987,,, 2 Walter M-601E,,Fatalities: 2 / Occupants: 2,Fatalities: 0 / Occupants: 0,,, Damaged beyond repair,,"2 km (1.3 mls) from  Iasi Airport (IAS) (   Romania) 
", Approach (APR),Cargo,"Bucharest-Baneasa Airport (BBU/LRBS), Romania","Iasi Airport (IAS/LRIA), Romania",,,Fatalities: 2 / Occupants: 2 
20050128-0,Final,Friday 28 January 2005,22:17,Learjet 35A,Million Air,,,, N911AE, 35A-109, 1977,,, 2 Garrett TFE731-2-2B,,Fatalities: 0 / Occupants: 2,Fatalities: 0 / Occupants: 0,,, Substantial, Written off (damaged beyond repair),"Kansas City-Charles B. Wheeler Downtown Airport, MO (MKC) (   United States of America) 
", Landing (LDG),Ferry/positioning,"Salt Lake City International Airport, UT (SLC/KSLC), United States of America","Kansas City International Airport, MO (MCI/KMCI), United States of America",,,Fatalities: 0 / Occupants: 2 
20050130-0,Final,Sunday 30 January 2005,16:30,Lockheed Hercules C.1 (C-130K),Royal Air Force - RAF,,,, XV179, 4195, 1967,24200,,,,Fatalities: 8 / Occupants: 8,Fatalities: 2 / Occupants: 2,,, Damaged beyond repair,,"near Al Taji (   Iraq) 
", En route (ENR),Military,"Baghdad International Airport (BGW/ORBI), Iraq","Balad Air Base, Iraq",,,Fatalities: 10 / Occupants: 10 
20050131-0,Final,Monday 31 January 2005,18:56,Cessna 208B Super Cargomaster,Nord-Flyg,,,, SE-KYH, 208B0817, 2000,6126,, 1 Pratt & Whitney Canada PT6A-114A,,Fatalities: 0 / Occupants: 1,Fatalities: 0 / Occupants: 0,,, Damaged beyond repair,,"Helsinki-Vantaa Airport (HEL) (   Finland) 
", Initial climb (ICL),Cargo,"Helsinki-Vantaa Airport (HEL/EFHK), Finland","Örebro-Bofors Airport (ORB/ESOE), Sweden",,,Fatalities: 0 / Occupants: 1 
20050131-1,Final,Monday 31 January 2005,11:28,ATR 42-320,Danish Air Transport,,,, OY-JRJ, 036, 1986,27526,, 2 Pratt & Whitney Canada PW121,23695,Fatalities: 0 / Occupants: 3,Fatalities: 0 / Occupants: 22,,, Minor, Repaired,"Bergen-Flesland Airport (BGO) (   Norway) 
", Takeoff (TOF),Domestic Scheduled Passenger,"Bergen-Flesland Airport (BGO/ENBR), Norway","Florø Airport (FRO/ENFL), Norway",  54,,Fatalities: 0 / Occupants: 25 
20050202-0,Final,Wednesday 2 February 2005,07:18,Canadair CL-600-1A11 Challenger 600,,Platinum Jet Management,,DDH Aviation, N370V, 1014, 1980,6800,,,4300,Fatalities: 0 / Occupants: 3,Fatalities: 0 / Occupants: 8,,, Damaged beyond repair,,"Teterboro Airport, NJ (TEB) (   United States of America) 
", Takeoff (TOF),Executive,"Teterboro Airport, NJ (TEB/KTEB), United States of America","Chicago-Midway Airport, IL (MDW/KMDW), United States of America",,,Fatalities: 0 / Occupants: 11 
20050203-0,Preliminary,Thursday 3 February 2005,08:07,Ilyushin Il-76TD,"Air West, Co",,,, ST-EWB, 23438122, 1982,,,,,Fatalities: 7 / Occupants: 7,Fatalities: 0 / Occupants: 0,,, Damaged beyond repair,,"15 km (9.4 mls) from  Khartoum (   Sudan) 
", En route (ENR),Cargo,"Sharjah Airport (SHJ/OMSJ), United Arab Emirates","Khartoum-Civil Airport (KRT/HSSS), Sudan",,,Fatalities: 7 / Occupants: 7 
20050203-1,Final,Thursday 3 February 2005,ca 15:15,Boeing 737-242 Adv.,,Kam Air,,Phoenix Aviation, EX-037, 22075/630, 1980-01-04  (25 years 1 months),51363,, 2 Pratt & Whitney JT8D-17A (HK3),42055,Fatalities: 8 / Occupants: 8,Fatalities: 97 / Occupants: 97,,, Destroyed, Written off (damaged beyond repair),"32 km (20 mls) ESE of Kabul (   Afghanistan) 
", En route (ENR),Domestic Scheduled Passenger,"Herat Airport (HEA/OAHR), Afghanistan","Kabul-Khwaja Rawash Airport (KBL/OAKB), Afghanistan", 904,,Fatalities: 105 / Occupants: 105 
20050206-0,Final,Sunday 6 February 2005,00:39,de Havilland Canada DHC-8-315 Q300,Air Sénégal International,,,, 6V-AHL, 556, 2001,8171,, 2 Pratt & Whitney Canada PW123E,9626,Fatalities: 0 / Occupants: 4,Fatalities: 0 / Occupants: 39,,, Substantial, Repaired,"Tambacounda Airport (TUD) (   Senegal) 
", Landing (LDG),Domestic Scheduled Passenger,"Dakar-Yoff Airport (DKR/GOOY), Senegal","Tambacounda Airport (TUD/GOTT), Senegal",V7214,,Fatalities: 0 / Occupants: 43 
20050213-0,Preliminary,Sunday 13 February 2005,,Dassault Falcon 20C,Táxi Aéreo Pinhal,,,, PR-SUL, 129, 1968,,, 2 General Electric CF700-2D2,,Fatalities: 0 / Occupants: ,Fatalities: 0 / Occupants: ,,, Damaged beyond repair,,"Aruba-Reina Beatrix Airport (AUA) (   Aruba) 
", Landing (LDG),Unknown,"Porlamar-del Caribe Santiago Mariño International Airport (PMV/SVMG), Venezuela","Aruba-Reina Beatrix Airport (AUA/TNCA), Aruba",,,Fatalities: 0 / Occupants:  
20050216-0,Final,Wednesday 16 February 2005,09:13,Cessna 560 Citation V,Circuit City Stores,,,, N500AT, 560-0146, 1991,3657,, 2 Pratt & Whitney Canada JT15D-5A,,Fatalities: 2 / Occupants: 2,Fatalities: 6 / Occupants: 6,,, Destroyed, Written off (damaged beyond repair),"6,5 km (4.1 mls) from  Pueblo Memorial Airport, CO (PUB) (   United States of America) 
", Approach (APR),Executive,"Columbia Regional Airport, MO (COU/KCOU), United States of America","Pueblo Memorial Airport, CO (PUB/KPUB), United States of America",,,Fatalities: 8 / Occupants: 8 
20050221-0,Final,Monday 21 February 2005,18:25,Hawker Siddeley HS-125-600A,Scott Aviation,,,, N21SA, 256006, 1973,,, 2 Garrett TFE731-3-1H,,Fatalities: 0 / Occupants: 2,Fatalities: 0 / Occupants: 4,,, Substantial, Written off (damaged beyond repair),"Bromont Airport, QC (ZBM) (   Canada) 
", Landing (LDG),Executive,"Montreal-Pierre Elliott Trudeau International Airport, QC (YUL/CYUL), Canada","Bromont Airport, QC (ZBM/CZBM), Canada",,,Fatalities: 0 / Occupants: 6 
20050222-0,Preliminary,Tuesday 22 February 2005,13:43,de Havilland Canada DHC-6 Twin Otter 300,MAF PNG - Mission Aviation Fellowship,,,, P2-MFQ, 174, 1968,,, 2 Pratt & Whitney Canada PT6A-34,,Fatalities: 2 / Occupants: 3,Fatalities: 0 / Occupants: 10,,, Damaged beyond repair,,"near Wobegon (   Papua New Guinea) 
", Approach (APR),Domestic Non Scheduled Passenger,"Tabubil Airport (TBG/AYTB), Papua New Guinea","Wobegon Airstrip, Papua New Guinea",,,Fatalities: 2 / Occupants: 13 
20050222-1,Preliminary,Tuesday 22 February 2005,07:15,CASA/Nurtanio NC-212 Aviocar 100,Kepolisian Negara Republik Indonesia (Indonesian Police),,,, P-2032, 60/5N ?, 1976,,,,,Fatalities: 4 / Occupants: 4,Fatalities: 11 / Occupants: 14,,, Damaged beyond repair,,"0,4 km (0.3 mls) from  Sarmi Airport (ZRM) (   Indonesia) 
", Approach (APR),Military,"Jayapura-Sentani Airport (DJJ/WAJJ), Indonesia","Sarmi Airport (ZRM/WAJI), Indonesia",,,Fatalities: 15 / Occupants: 18 
20050222-2,Preliminary,Tuesday 22 February 2005,20:26,Convair CV-580,Transporte Aéreo Militar - TAM,,,, FAB-73, 170, 1954,,, 2 Allison 501-D13,,Fatalities: 0 / Occupants: 4,Fatalities: 0 / Occupants: 45,,, Damaged beyond repair,,"Trinidad Airport (TDD) (   Bolivia) 
", Takeoff (TOF),Domestic Non Scheduled Passenger,"Trinidad Airport (TDD/SLTR), Bolivia","Cochabamba-J Wilsterman Airport (CBB/SLCB), Bolivia",,,Fatalities: 0 / Occupants: 49 
20050223-0,Preliminary,Wednesday 23 February 2005,09:35,de Havilland Canada DHC-6 Twin Otter 300,GT Air,,,, PK-LTY, 831, 1986,,, 2 Pratt & Whitney Canada PT6A-27,,Fatalities: 0 / Occupants: ,Fatalities: 0 / Occupants: ,,, Substantial, Repaired,"Enarotali Airport (EWI) (   Indonesia) 
", Landing (LDG),Passenger,"Timika-Moses Kilangin (Tembagapura) Airport (TIM/WABP), Indonesia","Enarotali Airport (EWI/WABT), Indonesia",,,Fatalities: 0 / Occupants: 17 
20050224-0,Preliminary - official,Thursday 24 February 2005,ca 15:40,IAI 1124 Westwind,Gobierno del Estado de Colima,,,, XC-COL, 279, 1979,,, 2 Garrett TFE731-3-1G,,Fatalities: 2 / Occupants: 2,Fatalities: 5 / Occupants: 5,,, Destroyed, Written off (damaged beyond repair),"near Sapotito (   Mexico) 
", En route (ENR),Executive,"Toluca Airport (TLC/MMTO), Mexico","Colima Airport (CLQ/MMIA), Mexico",,,Fatalities: 7 / Occupants: 7 
20050224-1,,Thursday 24 February 2005,,CASA C-212 Aviocar 200,Air Force of Zimbabwe,,,, registration unknown, , ,,,,,Fatalities: 2 / Occupants: 2,Fatalities: 0 / Occupants: 0,,, Damaged beyond repair,,"Harare Airport (HRE) (   Zimbabwe) 
", Initial climb (ICL),Military,"Harare Airport (HRE/FVHA), Zimbabwe",?,,,Fatalities: 2 / Occupants: 2 
20050227-0,Preliminary,Sunday 27 February 2005,,Beechcraft 200 Super King Air,"Trust Aviation, Inc.",,,, N988SC, BB-310, 1978,,,,,Fatalities: 0 / Occupants: ,Fatalities: 0 / Occupants: ,,, Damaged beyond repair,,"near Aguachina (   Colombia) 
", Unknown (UNK),Illegal Flight,?,?,,,Fatalities: 0 / Occupants:  
20050299-0,,xx FEB 2005,,Hawker Siddeley HS-780 Andover CC.2,African Commuter Services,,,, 9XR-AB, 1564, ,,,,,Fatalities:  / Occupants: ,Fatalities:  / Occupants: ,,, Damaged beyond repair,,"Old Fangak (   South Sudan) 
", Landing (LDG),Cargo,"Lokichoggio Airport (LKG/HKLK), Kenya","Old Fangak, South Sudan",,,Fatalities:  / Occupants:  
20050304-0,,Friday 4 March 2005,,Antonov An-24B,Trans Air Congo,,,, EY-46399, 07306303, 1970,,, 2 Ivchenko AI-24,,Fatalities: 0 / Occupants: ,Fatalities: 0 / Occupants: ,,, Damaged beyond repair,,"Impfondo Airport (ION) (   Congo) 
", Unknown (UNK),Unknown,"Impfondo Airport (ION/FCOI), Congo","Brazzaville-Maya Maya Airport (BZV/FCBB), Congo",,,Fatalities: 0 / Occupants:  
20050307-0,Preliminary - official,Monday 7 March 2005,02:20,Airbus A310-304ET,Mahan Air,,,, F-OJHH, 586, 1991-03-29  (14 years),,, 2 General Electric CF6-80C2A2,,Fatalities: 0 / Occupants: 14,Fatalities: 0 / Occupants: 77,,, Substantial, Repaired,"Tehran-Mehrabad Airport (THR) (   Iran) 
", Landing (LDG),International Scheduled Passenger,"Bangkok-Don Muang International Airport (BKK/VTBD), Thailand","Tehran-Mehrabad Airport (THR/OIII), Iran",,,Fatalities: 0 / Occupants: 91 
20050308-0,Preliminary,Tuesday 8 March 2005,09:33,Cessna 500 Citation I,Air Global,,,, YV-21CP, 500-0115, 1973,,,,,Fatalities: 2 / Occupants: 2,Fatalities: 0 / Occupants: 0,,, Damaged beyond repair,,"Charallave-Óscar Machado Zuloaga Airport (   Venezuela) 
", Approach (APR),Executive,"Maturín-Quiriquire Airport (MUN/SVMT), Venezuela","Charallave-Óscar Machado Zuloaga Airport (SVCS), Venezuela",,,Fatalities: 2 / Occupants: 2 
20050308-1,Preliminary,Tuesday 8 March 2005,12:00,Antonov An-2TP,Transmandu,,,, YV-280C, 1G-214-09, 1991,,, 1 PZL Kalisz (Shvetsov) ASz-62IR,,Fatalities: 2 / Occupants: 2,Fatalities: 0 / Occupants: 0,,, Damaged beyond repair,,"27 km (16.9 mls) from  La Paragua (   Venezuela) 
", En route (ENR),Unknown,"La Paragua Airport (SVPU), Venezuela","Canaima Airport (CAJ/SVCN), Venezuela",,,Fatalities: 2 / Occupants: 2 
20050308-2,Final,Tuesday 8 March 2005,21:50,British Aerospace BAe-125-700A,Hawker 700 Holding Company LLC,,,, N703TS, 257031, 1978,,,,,Fatalities: 0 / Occupants: 2,Fatalities: 0 / Occupants: 2,,, Minor, Written off (damaged beyond repair),"Teterboro Airport, NJ (TEB) (   United States of America) 
", Landing (LDG),Private,"Columbus-Port Columbus International Airport, OH (CMH/KCMH), United States of America","Teterboro Airport, NJ (TEB/KTEB), United States of America",,,Fatalities: 0 / Occupants: 4 
20050309-0,Preliminary - official,Wednesday 9 March 2005,17:20,Cessna 208B Grand Caravan,Tropic Air,,,, V3-HFW, 208B0791, 1999,,, 1 Pratt & Whitney Canada PT6A-114A,,Fatalities: 0 / Occupants: 1,Fatalities: 0 / Occupants: 13,,, Damaged beyond repair,,"near Belize City Municipal Airport (TZA) (   Belize) 
", Initial climb (ICL),Domestic Scheduled Passenger,"Belize City Municipal Airport (TZA), Belize","San Pedro Airport (SPR/MZSP), Belize",2110,,Fatalities: 0 / Occupants: 14 
20050309-1,Final,Wednesday 9 March 2005,13:12,Canadair CL-600-1A11 Challenger 600,Romeo Mike Aviation Company Inc.,,,, N660RM, 1054, 1983,8054,,,,Fatalities: 0 / Occupants: 2,Fatalities: 0 / Occupants: 5,,, Substantial, Repaired,"Tupelo-Regional Airport, MS (TUP) (   United States of America) 
", Takeoff (TOF),Executive,"Tupelo-Regional Airport, MS (TUP/KTUP), United States of America","Teterboro Airport, NJ (TEB/KTEB), United States of America",,,Fatalities: 0 / Occupants: 7 
20050311-0,Final,Friday 11 March 2005,23:02,Canadair CL-600-2B19 Regional Jet CRJ-440LR,,Northwest Airlink,,Pinnacle Airlines, N8932C, 7932, 2004,,, 2 General Electric CF34-3B1,,Fatalities: 0 / Occupants: 3,Fatalities: 0 / Occupants: 9,,, Substantial, Repaired,"Milwaukee-General Mitchell International Airport, WI (MKE) (   United States of America) 
", Landing (LDG),Domestic Scheduled Passenger,"New York-La Guardia Airport, NY (LGA/KLGA), United States of America","Milwaukee-General Mitchell Airport, WI (MKE/KMKE), United States of America",2823,,Fatalities: 0 / Occupants: 12 
20050315-0,Final,Tuesday 15 March 2005,00:18,Pilatus Britten-Norman BN-2B-26 Islander,Loganair,,,, G-BOMG, 2205, 1989-03-20  (16 years),6221,, 2 Lycoming O-540-E4C5,40018,Fatalities: 1 / Occupants: 1,Fatalities: 1 / Occupants: 1,,, Damaged beyond repair,,"14 km (8.8 mls) WNW Campbeltown-Machrihanish Airport (CAL) (   United Kingdom) 
", Approach (APR),Ambulance,"Glasgow International Airport (GLA/EGPF), United Kingdom","Campbeltown-Machrihanish Airport (CAL/EGEC), United Kingdom",,,Fatalities: 2 / Occupants: 2 
20050315-1,Final,Tuesday 15 March 2005,07:21,Antonov An-26B-100,Aero Transporte SA - ATSA,,,, OB-1778-P, 14205, 1985,5798,, 2 Ivchenko AI-24VT,2451,Fatalities: 0 / Occupants: 4,Fatalities: 0 / Occupants: 0,,, Substantial, Repaired,"Lima-J Chavez International Airport (LIM) (   Peru) 
", Landing (LDG),Cargo,"Lima-Jorge Chávez International Airport (LIM/SPIM), Peru","Andoas-Alferez FAP Alfredo Vladimir Sara Bauer Airport (SPAS), Peru",,,Fatalities: 0 / Occupants: 4 
20050316-0,Final,Wednesday 16 March 2005,13:53,Antonov An-24RV,,Regional Airlines,,Kuzbassaviafrakht, RA-46489, 27308107, 1972,,, 2 Ivchenko AI-24VT,,Fatalities: 2 / Occupants: 7,Fatalities: 26 / Occupants: 45,,, Destroyed, Written off (damaged beyond repair),"5 km (3.1 mls) from  Varandey (   Russia) 
", Approach (APR),Domestic Non Scheduled Passenger,"Usinsk Airport (USK/UUYS), Russia","Varandey, Russia",9288,,Fatalities: 28 / Occupants: 52 
20050318-0,Final,Friday 18 March 2005,18:06,Canadair CL-215-6B11 (CL-415),,SOREM - Società Richerche Esperienze Meteorologiche,,Dipartimento della Protezione Civile Italiana, I-DPCK, 2051, 2001,1733,, 2 Pratt & Whitney Canada PW123AF,,Fatalities: 2 / Occupants: 2,Fatalities: 0 / Occupants: 0,,, Destroyed, Written off (damaged beyond repair),"Forte dei Marmi (   Italy) 
", Maneuvering (MNV),Fire fighting,"Roma-Ciampino Airport (CIA/LIRA), Italy","Roma-Ciampino Airport (CIA/LIRA), Italy",,,Fatalities: 2 / Occupants: 2 
20050319-0,Preliminary,Saturday 19 March 2005,ca 10:53,Boeing 707-3K1C,,Ethiopian Airlines,,Cargo Plus Aviation, 9G-IRL, 20805/884, 1974,,, 4 Pratt & Whitney JT3D-3B (HK2),,Fatalities: 0 / Occupants: 5,Fatalities: 0 / Occupants: 0,,, Damaged beyond repair,,"Entebbe Airport (EBB) (   Uganda) 
", Approach (APR),Cargo,"Addis Ababa-Bole Airport (ADD/HAAB), Ethiopia","Entebbe Airport (EBB/HUEN), Uganda",,,Fatalities: 0 / Occupants: 5 
20050319-1,,Saturday 19 March 2005,14:46 UTC,Beechcraft C99,Courtesy Air,,,, C-FJMF, U-180, 1982,,, 2 Pratt & Whitney Canada PT6A-36,,Fatalities: 0 / Occupants: 2,Fatalities: 0 / Occupants: 0,,, Minor, Repaired,"Winnipeg-James Armstrong Richardson International Airport, MB (YWG) (   Canada) 
", Standing (STD),Unknown,"Winnipeg-James Armstrong Richardson International Airport, MB (YWG/CYWG), Canada","Portage La Prarie Airport, MB (YPG/CYPG), Canada",MC505,,Fatalities: 0 / Occupants: 2 
20050323-0,Final,Wednesday 23 March 2005,23:05,Ilyushin Il-76TD,Airline Transport,,,, ER-IBR, 0043454623, 1984,2615,, 4 Soloviev D-30KP-2,1548,Fatalities: 8 / Occupants: 8,Fatalities: 0 / Occupants: 0,,, Destroyed, Written off (damaged beyond repair),"1,1 km (0.7 mls) W off  Mwanza Airport (MWZ) (   Tanzania) 
", Initial climb (ICL),Cargo,"Mwanza Airport (MWZ/HTMW), Tanzania","Khartoum-Civil Airport (KRT/HSSS), Sudan", 982,,Fatalities: 8 / Occupants: 8 
20050324-0,- (No safety board investigation),Thursday 24 March 2005,,McDonnell Douglas MD-88,Iberia,,,, EC-FLK, 53304/1975, 1992-02-01  (13 years 2 months),,, 2 Pratt & Whitney JT8D-217C,,Fatalities: 0 / Occupants: ,Fatalities: 0 / Occupants: ,,, Damaged beyond repair,,"Madrid-Barajas Airport (MAD) (   Spain) 
", Standing (STD),Scheduled Passenger,"Madrid-Barajas Airport (MAD/LEMD), Spain",?,,,Fatalities: 0 / Occupants:  
20050325-0,Preliminary - official,Friday 25 March 2005,,Antonov An-2R,Mariupol'sky Metallurgical Combine,,,, UR-17998, 1G210-22, 1984,,,,,Fatalities: 0 / Occupants: 2,Fatalities: 0 / Occupants: 0,,, Damaged beyond repair,,"near Sakhanka (   Russia) 
", Unknown (UNK),Agricultural,?,?,,,Fatalities: 0 / Occupants: 2 
20050326-0,Final,Saturday 26 March 2005,09:51,Let L-410UVP-E,West Caribbean Airways,,,, HK-4146, 902426, 1990,6901,, 2 Walter M-601E,,Fatalities: 2 / Occupants: 2,Fatalities: 7 / Occupants: 12,,, Damaged beyond repair,,"Providencia-El Embrujo Airport (PVA) (   Colombia) 
", Initial climb (ICL),Domestic Scheduled Passenger,"Providencia Airport (PVA/SKPV), Colombia","San Andres Island-Gustavo Rojas Pinilla Airport (ADZ/SKSP), Colombia",9955,,Fatalities: 9 / Occupants: 14 
20050328-0,Preliminary,Monday 28 March 2005,16:15,Ilyushin Il-18D-40,Aerocaribbean,,,, CU-T1539, 2964017102, 1983,,, 4 Ivchenko AI-20M,,Fatalities: 0 / Occupants: 10,Fatalities: 0 / Occupants: 87,,, Damaged beyond repair,,"Caracas-Simon Bolivar Airport (CCS) (   Venezuela) 
", Takeoff (TOF),Int'l Non Scheduled Passenger,"Caracas-Simón Bolívar International Airport (CCS/SVMI), Venezuela","Havana-José Martí International Airport (HAV/MUHA), Cuba",4311,,Fatalities: 0 / Occupants: 97 
20050329-0,Final,Tuesday 29 March 2005,07:24,Cessna 208B Grand Caravan,Penta - Pena Transportes Aéreos,,,, PT-MPA, 208B0627, 1997,,, 1 Pratt & Whitney Canada PT6A-114A,,Fatalities: 0 / Occupants: 1,Fatalities: 0 / Occupants: 0,,, Damaged beyond repair,,"Itaituba-Fazenda Vera Paz Airport, PA (   Brazil) 
", Landing (LDG),Cargo,"Itaituba-Mundico Coelho Airport, PA (SNMD), Brazil","Itaituba-Fazenda Vera Paz Airport, PA (SIJZ), Brazil",,,Fatalities: 0 / Occupants: 1 
20050329-1,Preliminary,Tuesday 29 March 2005,16:45,Antonov An-2R,Unknown,,,, YV-2447P, 1G206-60, 1988,,, 1 PZL Kalisz (Shvetsov) ASz-62IR,,Fatalities: 0 / Occupants: 1,Fatalities: 0 / Occupants: 1,,, Substantial, Repaired,"Papelón (   Venezuela) 
", Landing (LDG),Unknown,"La Paragua Airport (SVPU), Venezuela","Papelón, Venezuela",,,Fatalities: 0 / Occupants: 2 
20050330-0,Final,Wednesday 30 March 2005,08:00,Swearingen SA227-AC Metro III,IBC Airways,,,, N811BC, AC-463, 1981,32203,, 2 Garrett TPE331-11U-611G,,Fatalities: 0 / Occupants: 2,Fatalities: 0 / Occupants: 0,,, Substantial, Written off (damaged beyond repair),"Miami-Dade Collier Airport, FL (TNT) (   United States of America) 
", Landing (LDG),Training,"Miami International Airport, FL (MIA/KMIA), United States of America","Miami-Dade Collier Airport, FL (TNT/KTNT), United States of America",,,Fatalities: 0 / Occupants: 2 
20050331-0,,Thursday 31 March 2005,ca 20:00,Lockheed MC-130H Combat Talon II,United States Air Force - USAF,,,, 87-0127, 5118, 1987,,,,,Fatalities: 9 / Occupants: 9,Fatalities: 0 / Occupants: 0,,, Damaged beyond repair,,"near Rovie (   Albania) 
", En route (ENR),Military,"Tirana-Rinas Airport (TIA/LATI), Albania","Tirana-Rinas Airport (TIA/LATI), Albania",,,Fatalities: 9 / Occupants: 9 
20050331-2,Final,Thursday 31 March 2005,19:02,Antonov An-12B,,Air BAS Transportation,,Irbis, UN-11007, 9346509, 1969,35115,, 4 Ivchenko AI-20M,13125,Fatalities: 0 / Occupants: 8,Fatalities: 0 / Occupants: 0,,, Damaged beyond repair,,"Mukalla-Al-Rayyan International Airport (MKX) (   Yemen) 
", Takeoff (TOF),Cargo,"Mukalla Airport (MKX), Yemen","Sharjah Airport (SHJ/OMSJ), United Arab Emirates",BIS6311,,Fatalities: 0 / Occupants: 8 
20050331-3,,Thursday 31 March 2005,,Antonov An-28,Gran Propeller,,,, 3C-ZZY, 1AJ005-23, 1989,,, 2 Glushenkov TVD-10B,,Fatalities:  / Occupants: ,Fatalities:  / Occupants: ,,, Damaged beyond repair,,"near Kampene (   Democratic Republic of the Congo) 
", Initial climb (ICL),Cargo,"Kampene Airport (FZOE), Democratic Republic of the Congo",?,,,Fatalities: 3 / Occupants: 4 
20050407-0,Final,Thursday 7 April 2005,09:55,Fokker F-28 Fellowship 4000,ICARO,,,, HC-CDA, 11230, 1986,36087,, 2 Rolls-Royce Spey 555-15P,46662,Fatalities: 0 / Occupants: 5,Fatalities: 0 / Occupants: 60,,, Damaged beyond repair,,"Coca Airport (OCC) (   Ecuador) 
", Landing (LDG),Domestic Scheduled Passenger,"Quito-Mariscal Sucre Airport (UIO/SEQU), Ecuador","Coca Airport (OCC/SECO), Ecuador", 504,,Fatalities: 0 / Occupants: 65 
20050412-0,Preliminary,Tuesday 12 April 2005,ca 12:10,de Havilland Canada DHC-6 Twin Otter 100,GT Air,,,, PK-LTZ, 23, 1966,,, 2 Pratt & Whitney Canada PT6A-20,,Fatalities: 3 / Occupants: 3,Fatalities: 14 / Occupants: 14,,, Damaged beyond repair,,"6 km (3.8 mls) from  Enarotali (   Indonesia) 
", En route (ENR),Domestic Scheduled Passenger,"Timika-Moses Kilangin (Tembagapura) Airport (TIM/WABP), Indonesia","Enarotali Airport (EWI/WABT), Indonesia",,,Fatalities: 17 / Occupants: 17 
20050418-0,Final,Monday 18 April 2005,17:15,Beechcraft B200 Catpass 250,Aero Condor,,,, OB-1700, BB-214, 1977,23723,, 2 Pratt & Whitney Canada PT6A-41,,Fatalities: 0 / Occupants: 2,Fatalities: 0 / Occupants: 10,,, Damaged beyond repair,,"3,5 km (2.2 mls) NNW of Lima-Jorge Chavez International Airport (LIM) (   Peru) 
", Approach (APR),Domestic Scheduled Passenger,"Chagual Airport (SPGL), Peru","Lima-Jorge Chávez International Airport (LIM/SPIM), Peru",,,Fatalities: 0 / Occupants: 12 
20050420-0,Preliminary,Wednesday 20 April 2005,22:05,Boeing 707-3J9C,Saha Air,,,, EP-SHE, 21127/915, 1976,,, 4 Pratt & Whitney JT3D-3B,,Fatalities: 0 / Occupants: 12,Fatalities: 3 / Occupants: 157,,, Damaged beyond repair,,"Tehran-Mehrabad Airport (THR) (   Iran) 
", Landing (LDG),Domestic Scheduled Passenger,"Kish Island Airport (KIH/OIBK), Iran","Tehran-Mehrabad Airport (THR/OIII), Iran", 171,,Fatalities: 3 / Occupants: 169 
20050420-1,Final,Wednesday 20 April 2005,18:50,Lockheed P-3B Orion,Aero Union,,,, N926AU, 185-5171, 1966,15614,, 4 Allison T56-A10W,,Fatalities: 3 / Occupants: 3,Fatalities: 0 / Occupants: 0,,, Damaged beyond repair,,"22 km (13.8 mls) of Chico, CA (   United States of America) 
", En route (ENR),Training,"Chico Airport, CA (CIC/KCIC), United States of America","Chico Airport, CA (CIC/KCIC), United States of America",,,Fatalities: 3 / Occupants: 3 
20050421-0,,Thursday 21 April 2005,09:05,de Havilland Canada DHC-6 Twin Otter 300,Sun Air Pacific,,,, DQ-FIE, 660, 1979-12-20  (25 years 4 months),,,,,Fatalities: 0 / Occupants: ,Fatalities: 0 / Occupants: ,,, Substantial, Repaired,"Savusavu Airport (SVU) (   Fiji) 
", Landing (LDG),Domestic Scheduled Passenger,?,"Savusavu Airport (SVU/NFNS), Fiji",,,Fatalities: 0 / Occupants:  
20050421-1,,Thursday 21 April 2005,09:05,Embraer EMB-110P2 Bandeirante,Air Fiji,,,, DQ-AFP, 110190, ,,,,,Fatalities: 0 / Occupants: ,Fatalities: 0 / Occupants: ,,, Damaged beyond repair,,"Savusavu Airport (SVU) (   Fiji) 
", Standing (STD),Domestic Scheduled Passenger,"Savusavu Airport (SVU/NFNS), Fiji",?,,,Fatalities: 0 / Occupants:  
20050424-0,Preliminary,Sunday 24 April 2005,17:40,Antonov An-2,Ulyanovsk ROSTO,,,, registration unknown, , ,,,,,Fatalities: 0 / Occupants: 2,Fatalities: 0 / Occupants: 0,,, Damaged beyond repair,,"Bagay-Baranovka Airport (   Russia) 
", Takeoff (TOF),Agricultural,"Bagay-Baranovka Airport, Russia",?,,,Fatalities: 0 / Occupants: 2 
20050425-0,Preliminary,Monday 25 April 2005,,Antonov An-12BP,ATMA Airlines,,,, UN-11003, 5343004, 1965,,, 4 Ivchenko AI-20M,,Fatalities: 0 / Occupants: 6,Fatalities: 0 / Occupants: 0,,, Damaged beyond repair,,"Kabul Airport (KBL) (   Afghanistan) 
", Landing (LDG),Cargo,"Dubai Airport (DXB/OMDB), United Arab Emirates","Kabul-Khwaja Rawash Airport (KBL/OAKB), Afghanistan",,,Fatalities: 0 / Occupants: 6 
20050425-1,Final,Monday 25 April 2005,12:35,Antonov An-2R,Aviakhim,,,, RA-40490, 1G225-07, 1987,,,,,Fatalities: 0 / Occupants: 2,Fatalities: 0 / Occupants: 0,,, Damaged beyond repair,,"4 km (2.5 mls) N of Verkhnyaya Khava (   Russia) 
", Takeoff (TOF),Agricultural,?,?,,,Fatalities: 0 / Occupants: 2 
20050428-0,,Thursday 28 April 2005,11:28,Let L-410UVP,Ejército del Perú,,,, EP-830, 790204, 1979,,, 2 Walter M-601D,,Fatalities:  / Occupants: ,Fatalities:  / Occupants: ,,, Damaged beyond repair,,"near Pisco (   Peru) 
", En route (ENR),Military,"Pisco Airport (PIO/SPSO), Peru",?,,,Fatalities: 13 / Occupants: 13 
20050501-0,Final,Sunday 1 May 2005,14:36,de Havilland Canada DHC-8-103,Widerøes Flyveselskap,,,, LN-WIK, 394, 1995,20462,, 2 Pratt & Whitney Canada PW121,42997,Fatalities: 0 / Occupants: 3,Fatalities: 0 / Occupants: 27,,, Damaged beyond repair,,"Hammerfest Airport (HFT) (   Norway) 
", Landing (LDG),Domestic Scheduled Passenger,"Tromsø/Langnes Airport (TOS/ENTC), Norway","Hammerfest Airport (HFT/ENHF), Norway", 921,,Fatalities: 0 / Occupants: 30 
20050502-0,Final,Monday 2 May 2005,22:14,Swearingen SA227-AC Metro III,"Airwork, NZ",,,, ZK-POA, AC-551B, 1983,29010,, 2 Garrett TPE331-11U-611G,29443,Fatalities: 2 / Occupants: 2,Fatalities: 0 / Occupants: 0,,, Destroyed, Written off (damaged beyond repair),"6 km (3.8 mls) E of Stratford (   New Zealand) 
", En route (ENR),Cargo,"Auckland International Airport (AKL/NZAA), New Zealand","Blenheim-Woodbourne Airport (BHE/NZWB), New Zealand",  23,,Fatalities: 2 / Occupants: 2 
20050505-0,Preliminary,Thursday 5 May 2005,ca 13:30,Antonov An-26B,,Kisangani Airlift,,Aeroworld, EK-26060, 17311107, 1981,,,,,Fatalities: 4 / Occupants: 4,Fatalities: 6 / Occupants: 7,,, Damaged beyond repair,,"28 km (17.5 mls) N of Kisangani (   Democratic Republic of the Congo) 
", Approach (APR),Passenger,"Kisangani-Bangoka International Airport (FKI/FZIC), Democratic Republic of the Congo","Isiro-Matari Airport (IRP/FZJH), Democratic Republic of the Congo",,,Fatalities: 10 / Occupants: 11 
20050505-1,- (No safety board investigation),Thursday 5 May 2005,,McDonnell Douglas DC-9-31,Northwest Airlines,,,, N960N, 47256/326, 1968,,, 2 Pratt & Whitney JT8D-7B (HK3),,Fatalities: 0 / Occupants: 0,Fatalities: 0 / Occupants: 0,,, Substantial, Written off (damaged beyond repair),"Minneapolis-St Paul International Airport, MN (MSP) (   United States of America) 
", Standing (STD),-,-,-,,,Fatalities: 0 / Occupants: 0 
20050506-0,Final,Friday 6 May 2005,19:47,Swearingen SA227-AC Metro III,Western Air,,,, C6-REX, AC-649, 1986,31217,, 2 Garrett TPE331-11U-612G,,Fatalities: 0 / Occupants: 2,Fatalities: 0 / Occupants: 19,,, Substantial, Repaired,"Nassau International Airport (NAS) (   Bahamas) 
", Landing (LDG),Domestic Scheduled Passenger,"Nassau International Airport (NAS/MYNN), Bahamas","San Andros Airport (SAQ/MYAN), Bahamas", 503,,Fatalities: 0 / Occupants: 21 
20050507-0,Final,Saturday 7 May 2005,11:43,Swearingen SA227-DC Metro 23,,Aero-Tropics Air Services,,Transair Australia, VH-TFU, DC-818B, 1992,26877,, 2 Garrett TPE331-12UHR-701G,28529,Fatalities: 2 / Occupants: 2,Fatalities: 13 / Occupants: 13,,, Damaged beyond repair,,"12 km (7.5 mls) NW of Lockhart River Airport, QLD (IRG) (   Australia) 
", Approach (APR),Domestic Scheduled Passenger,"Bamaga Airport, QLD (ABM/YBAM), Australia","Lockhart River Airport, QLD (IRG/YLHR), Australia", 675,,Fatalities: 15 / Occupants: 15 
20050509-0,Final,Monday 9 May 2005,09:55,Rockwell Sabreliner 80,Compass Acquisitions and Development Inc.,,,, N972NR, 380-65, 1978,7160,, 2 General Electric CF700-2A2,,Fatalities: 0 / Occupants: 2,Fatalities: 0 / Occupants: 3,,, Substantial,,"Brownwood Airport, TX (BWD) (   United States of America) 
", Takeoff (TOF),Executive,"Brownwood Airport, TX (BWD/KBWD), United States of America","Mesquite Airport, NV (MFH), United States of America",,,Fatalities: 0 / Occupants: 5 
20050510-0,Final,Tuesday 10 May 2005,19:36,McDonnell Douglas DC-9-51,Northwest Airlines,,,, N763NC, 47716/832, 1976,67268,, 2 Pratt & Whitney JT8D-17,66998,Fatalities: 0 / Occupants: 5,Fatalities: 0 / Occupants: 94,,, Damaged beyond repair,,"Minneapolis-St Paul International Airport, MN (MSP) (   United States of America) 
", Taxi (TXI),Domestic Scheduled Passenger,"Columbus-Port Columbus International Airport, OH (CMH/KCMH), United States of America","Minneapolis-St. Paul International Airport, MN (MSP/KMSP), United States of America",1495,,Fatalities: 0 / Occupants: 99 
20050510-1,Final,Tuesday 10 May 2005,19:36,Airbus A319-114,Northwest Airlines,,,, N368NB, 2039, 2003,,, 2 CFMI CFM56-5A5,,Fatalities: 0 / Occupants: 5,Fatalities: 0 / Occupants: 38,,, Substantial, Repaired,"Minneapolis-St Paul International Airport, MN (MSP) (   United States of America) 
", Taxi (TXI),Domestic Scheduled Passenger,"Minneapolis-St. Paul International Airport, MN (MSP/KMSP), United States of America","San Antonio International Airport, TX (SAT/KSAT), United States of America",1849,,Fatalities: 0 / Occupants: 43 
20050510-2,Preliminary - official,Tuesday 10 May 2005,15:30 UTC,Swearingen SA226-TC Metro II,Perimeter Aviation,,,, C-FKEX, TC-332, 1980,,, 2 Garrett TPE331-10UA,,Fatalities: 0 / Occupants: ,Fatalities: 0 / Occupants: ,,, Substantial, Written off (damaged beyond repair),"Thompson Airport, MB (YTH) (   Canada) 
", Approach (APR),Domestic Scheduled Passenger,"York Landing Airport, MB (ZAC/CZAC), Canada","Thompson Airport, MB (YTH/CYTH), Canada",914,,Fatalities: 0 / Occupants: 17 
20050511-0,Preliminary,Wednesday 11 May 2005,09:30,Antonov An-2,Bosfor,,,, UR-84559, 1G189-26, 1980,,, 1 Shvetsov ASh-62IR,,Fatalities: 2 / Occupants: 2,Fatalities: 0 / Occupants: 0,,, Damaged beyond repair,,"Kolyadinets (   Ukraine) 
", Unknown (UNK),Agricultural,?,?,,,Fatalities: 2 / Occupants: 2 
20050515-0,Final,Sunday 15 May 2005,15:48,Cessna 525A CitationJet CJ2,Weibel Scientific,,,, OY-JET, 525A-0089, ,360,, 2 Williams International FJ44-2C,,Fatalities: 0 / Occupants: 1,Fatalities: 0 / Occupants: 3,,, Substantial, Repaired,"Atlantic City-Bader Field, NJ (AIY) (   United States of America) 
", Landing (LDG),Executive,"Burlington International Airport, VT (BTV/KBTV), United States of America","Atlantic City-Bader Field, NJ (AIY/KAIY), United States of America",,,Fatalities: 0 / Occupants: 4 
20050516-0,Final,Monday 16 May 2005,12:30,Britten-Norman BN-2A-26 Islander,Flamingo Air Charter,,,, C6-ASA, 599, 1977-05-25  (28 years),16711,, 2 Lycoming O-540-E4C5,,Fatalities: 0 / Occupants: 1,Fatalities: 0 / Occupants: 2,,, Substantial, Written off (damaged beyond repair),"5,5 km (3.4 mls) NE from  Exuma International Airport (GGT) (   Bahamas) 
", Approach (APR),Domestic Non Scheduled Passenger,"Bimini International Airport (BIM/MYBS), Bahamas","George Town-Exuma International Airport (GGT/MYEG), Bahamas",,,Fatalities: 0 / Occupants: 3 
20050518-0,Preliminary,Wednesday 18 May 2005,13:28,Harbin Yunshuji Y-12 II,Zambian Air Force,,,, AF-216, 0089, ,,,,,Fatalities: 5 / Occupants: 5,Fatalities: 8 / Occupants: 8,,, Damaged beyond repair,,"near Mongu Airport (MNR) (   Zambia) 
", Initial climb (ICL),Military,"Mongu Airport (MNR/FLMG), Zambia","Lusaka Airport (LUN/FLLS), Zambia",,,Fatalities: 13 / Occupants: 13 
20050518-1,Final,Wednesday 18 May 2005,11:43,Airbus A320-211,,LTE International Airways,,Jordan Aviation, JY-JAR, 234, 1991-07-12  (13 years 10 months),28957,, 2 CFMI CFM56-5A3,16321,Fatalities: 0 / Occupants: 7,Fatalities: 0 / Occupants: 171,,, Minor, Repaired,"Leeds/Bradford Airport (LBA) (   United Kingdom) 
", Landing (LDG),Int'l Non Scheduled Passenger,"Puerto del Rosario Airport, Canary Islands/Fuerteventura Island (FUE/GCFV), Spain","Leeds/Bradford Airport (LBA/EGNM), United Kingdom",,,Fatalities: 0 / Occupants: 178 
20050520-0,,Friday 20 May 2005,,Dassault Falcon 20C,Jet 2000,,,, RA-09007, 136, 1968,,, 2 General Electric CF700-2D2,,Fatalities: 0 / Occupants: ,Fatalities: 0 / Occupants: ,,, Damaged beyond repair,,"Moskva-Sheremetyevo Airport (SVO) (   Russia) 
", Landing (LDG),Unknown,?,?,,,Fatalities: 0 / Occupants:  
20050522-0,Preliminary,Sunday 22 May 2005,,Boeing 767-31KER,Skyservice Airlines,,,, C-GLMC, 27205/528, 1994-01-10  (11 years 5 months),,, 2 General Electric CF6-80C2B7F,,Fatalities: 0 / Occupants: ,Fatalities: 0 / Occupants: ,,, Substantial, Repaired,"Punta Cana Airport (PUJ) (   Dominican Republic) 
", Landing (LDG),International Scheduled Passenger,"Toronto-Pearson International Airport, ON (YYZ/CYYZ), Canada","Punta Cana International Airport (PUJ/MDPC), Dominican Republic", 560,,Fatalities: 0 / Occupants: 318 
20050524-0,,Tuesday 24 May 2005,16:00,Beechcraft 300 Super King Air 350,Polar Agroservicios/Transpolar Company,,,, YV-783CP, FL-313, 2001,,,,,Fatalities: 1 / Occupants: 1,Fatalities: 1 / Occupants: 1,,, Damaged beyond repair,,"Caracas (   Venezuela) 
", En route (ENR),Private,"Caracas-Simón Bolívar International Airport (CCS/SVMI), Venezuela","Charallave-Óscar Machado Zuloaga Airport (SVCS), Venezuela",,,Fatalities: 2 / Occupants: 2 
20050525-0,Preliminary,Wednesday 25 May 2005,,Antonov An-12BP,Victoria Air,,,, 9Q-CVG, 4342404, 1964,,, 4 Ivchenko AI-20M,,Fatalities: 5 / Occupants: 5,Fatalities: 22 / Occupants: 22,,, Damaged beyond repair,,"10 km (6.3 mls) from  Biega (   Democratic Republic of the Congo) 
", En route (ENR),Domestic Non Scheduled Passenger,"Goma Airport (GOM/FZNA), Democratic Republic of the Congo","Kindu Airport (KND/FZOA), Democratic Republic of the Congo",,,Fatalities: 27 / Occupants: 27 
20050602-0,Preliminary,Thursday 2 June 2005,11:28,Antonov An-24B,,Marsland Aviation,,al-Majal Company, ST-WAL, 69901004, 1967,,, 2 Ivchenko AI-24,,Fatalities: 1 / Occupants: 6,Fatalities: 6 / Occupants: 36,,, Damaged beyond repair,,"Khartoum-Civil Airport (KRT) (   Sudan) 
", Takeoff (TOF),Domestic Scheduled Passenger,"Khartoum-Civil Airport (KRT/HSSS), Sudan","El Fasher Airport (ELF/HSFS), Sudan", 430,,Fatalities: 7 / Occupants: 42 
20050602-1,Preliminary,Thursday 2 June 2005,16:00,Let L-410UVP-E3,TAG - Transportes Aéreos Guatemaltecos,,,, TG-TAG, 882028, 1988,,, 2 Walter M-601E,,Fatalities: 0 / Occupants: 2,Fatalities: 0 / Occupants: 15,,, Damaged beyond repair,,"near Zacapa Airport (   Guatemala) 
", Initial climb (ICL),Domestic Non Scheduled Passenger,"Zacapa Airport (MGZA), Guatemala",?,,,Fatalities: 0 / Occupants: 17 
20050604-0,Final,Saturday 4 June 2005,18:30,de Havilland Canada DHC-6 Twin Otter 200,AerOhio Aviation,,,, N3434, 193, 1968,33058,, 2 Pratt & Whitney Canada PT6A-60A,,Fatalities: 0 / Occupants: 2,Fatalities: 0 / Occupants: 0,,, Substantial, Written off (damaged beyond repair),"near Rittman, OH (   United States of America) 
", Approach (APR),Parachuting,"Rittman-Hilty Field, OH, United States of America","Rittman-Hilty Field, OH, United States of America",,,Fatalities: 0 / Occupants: 2 
20050606-0,Final,Monday 6 June 2005,07:40,Douglas DC-3A,Transportes Aéreos del Ariari - TARI,,,, HK-3462, 11759, 1943,4898,, 2 Pratt & Whitney R-1830-S1C3-G,,Fatalities: 0 / Occupants: 3,Fatalities: 0 / Occupants: 25,,, Damaged beyond repair,,"2 km (1.3 mls) W of Miraflores Airport (MFS) (   Colombia) 
", En route (ENR),Domestic Non Scheduled Passenger,"Miraflores Airport (MFS/SKMF), Colombia","San Jose del Guaviare-Jorge E. González T. Airport (SJE/SKSJ), Colombia",,,Fatalities: 0 / Occupants: 28 
20050607-0,Final,Tuesday 7 June 2005,01:25,McDonnell Douglas MD-11F,United Parcel Service - UPS,,,, N250UP, 48745/596, 1995,28231,, 3 General Electric CF6-80C2D1F,,Fatalities: 0 / Occupants: 2,Fatalities: 0 / Occupants: 2,,, Substantial, Repaired,"Louisville-Standiford Field, KY (SDF) (   United States of America) 
", Landing (LDG),Cargo,"Anchorage-Ted Stevens International Airport, AK (ANC/PANC), United States of America","Louisville-Standiford Field, KY (SDF/KSDF), United States of America",6971,,Fatalities: 0 / Occupants: 4 
20050608-0,Final,Wednesday 8 June 2005,21:37,Saab 340A,,,United Express,, N40SZ, 340A-040, 1985-11-05  (19 years 7 months),,, 2 General Electric CT7-5A2,,Fatalities: 0 / Occupants: 3,Fatalities: 0 / Occupants: 27,,, Damaged beyond repair,,"Washington-Dulles International Airport, DC (IAD) (   United States of America) 
", Landing (LDG),Domestic Scheduled Passenger,"White Plains-Westchester County Airport, NY (HPN/KHPN), United States of America","Washington-Dulles International Airport, DC (IAD/KIAD), United States of America",7564,,Fatalities: 0 / Occupants: 30 
20050610-0,Final,Friday 10 June 2005,13:07,Hawker Siddeley HS-780 Andover C.1,748 Air Services,,,, 5Y-SFE, 599/6, 1966,14439,, 2 Rolls-Royce Dart 201,,Fatalities: 0 / Occupants: 3,Fatalities: 0 / Occupants: 0,,, Damaged beyond repair,,"Lokichoggio Airport (LKG) (   Kenya) 
", Landing (LDG),Cargo,"Natinga Airport, South Sudan","Lokichoggio Airport (LKG/HKLK), Kenya",,,Fatalities: 0 / Occupants: 3 
20050610-1,Final,Friday 10 June 2005,14:59,Lockheed L-100-30 Hercules,,,United Nations - UN,, S9-BAS, 4472, 1972,51888,, 4 Allison 501-D22A,,Fatalities: 0 / Occupants: 5,Fatalities: 0 / Occupants: 0,,, Substantial, Written off (damaged beyond repair),"Lokichoggio Airport (LKG) (   Kenya) 
", Landing (LDG),Cargo,"El Obeid Airport (EBD/HSOB), Sudan","Lokichoggio Airport (LKG/HKLK), Kenya",,,Fatalities: 0 / Occupants: 5 
20050612-0,Preliminary,Sunday 12 June 2005,09:15,Boeing 727-2M7,Chanchangi Airlines,,,, 5N-BCF, 21655/1452, 1979-02-23  (26 years 4 months),,, 3 Pratt & Whitney JT8D-17R,,Fatalities: 0 / Occupants: 13,Fatalities: 0 / Occupants: 142,,, Substantial, Repaired,"Lagos-Murtala Muhammed Airport (LOS) (   Nigeria) 
", Landing (LDG),Domestic Scheduled Passenger,"Kaduna Airport (KAD/DNKA), Nigeria","Lagos-Murtala Muhammed International Airport (LOS/DNMM), Nigeria",,,Fatalities: 0 / Occupants: 155 
20050613-0,Final,Monday 13 June 2005,15:50,Douglas Super R4D-8 (DC-3S),Air Pony Express,,,, N3906J, 43344, 1943,19623,, 2 Wright R-1820-80A,,Fatalities: 0 / Occupants: 2,Fatalities: 0 / Occupants: 1,,, Damaged beyond repair,,"5 km (3.1 mls) E of Fort Lauderdale-Executive Airport, FL (FXE) (   United States of America) 
", Initial climb (ICL),Cargo,"Fort Lauderdale-Executive Airport, FL (FXE/KFXE), United States of America","Marsh Harbour International Airport (MHH/MYAM), Bahamas",,,Fatalities: 0 / Occupants: 3 
20050613-1,,Monday 13 June 2005,20:21,Beechcraft 200 Super King Air,Hector Rafael Hernandez,,,, YV-2834P, BB-346, 1978,,,,,Fatalities: 0 / Occupants: 1,Fatalities: 0 / Occupants: 6,,, Substantial,,"Caracas-Simón Bolívar International Airport (CCS) (   Venezuela) 
", Takeoff (TOF),Unknown,"Caracas-Simón Bolívar International Airport (CCS/SVMI), Venezuela",?,,,Fatalities: 0 / Occupants: 7 
20050615-0,,Wednesday 15 June 2005,09:40,Dornier Do 28D-2 Skyservant,Revemin-Bonanza Mining,,,, YV-664CP, 4084, 1971,,,,,Fatalities: 0 / Occupants: 1,Fatalities: 0 / Occupants: 2,,, Damaged beyond repair,,"near El Callao (   Venezuela) 
", En route (ENR),Domestic Non Scheduled Passenger,"Puerto Ordaz Airport (PZO/SVPR), Venezuela",?,,,Fatalities: 0 / Occupants: 3 
20050619-0,Preliminary,Sunday 19 June 2005,,Douglas C-47B-35-DK (DC-3),Wimbi Dira Airways,,,, 9Q-CWI, 33257/16509, 1945,,, 2 Pratt & Whitney R-1830-90C,,Fatalities: 0 / Occupants: ,Fatalities: 0 / Occupants: ,,, Damaged beyond repair,,"Kalima Airport (KLY) (   Democratic Republic of the Congo) 
", Landing (LDG),Unknown,?,"Kalima-Kakungwa Airport (KLY/FZOD), Democratic Republic of the Congo",,,Fatalities: 0 / Occupants:  
20050619-1,Preliminary,Sunday 19 June 2005,03:42,Boeing 707-347C,Mahfooz Aviation,,,, C5-MBM, 19966/743, 1968,,, 4 Pratt & Whitney JT3D-3B (HK2),,Fatalities: 0 / Occupants: 5,Fatalities: 0 / Occupants: 0,,, Damaged beyond repair,,"Addis Ababa-Bole Airport (ADD) (   Ethiopia) 
", Landing (LDG),Ferry/positioning,"Douala Airport (DLA/FKKD), Cameroon","Addis Ababa-Bole Airport (ADD/HAAB), Ethiopia",,,Fatalities: 0 / Occupants: 5 
20050624-0,,Friday 24 June 2005,18:10,de Havilland Canada DHC-3T Vazar Turbine Otter,Air Tindi,,,, C-FXUY, 142, 1956,,, 1 Pratt & Whitney Canada PT6A-34,,Fatalities: 0 / Occupants: 2,Fatalities: 0 / Occupants: 7,,, Substantial, Written off (damaged beyond repair),"Yellowknife Waterdrome, NT (   Canada) 
", Takeoff (TOF),Passenger,"Yellowknife Waterdrome, NT, Canada","Blachford Lake, NT, Canada",AT301,,Fatalities: 0 / Occupants: 9 
20050627-0,Final,Monday 27 June 2005,ca 10:00,Boeing 737-2K5,Bahamasair,,,, C6-BFM, 22596/763, 1981-05-07  (24 years 2 months),37729,, 2 Pratt & Whitney JT8D-17,,Fatalities: 0 / Occupants: ,Fatalities: 0 / Occupants: 0,,, Substantial, Repaired,"Nassau International Airport (NAS) (   Bahamas) 
", Pushback / towing (PBT),-,-,-,,,Fatalities: 0 / Occupants:  
20050628-0,Preliminary,Tuesday 28 June 2005,ca 17:45,Cessna 208 Caravan I,Air Serv International,,,, N9324F, 20800013, 1985,,, 1 Pratt & Whitney Canada PT6A-114,,Fatalities: 0 / Occupants: 1,Fatalities: 0 / Occupants: 10,,, Damaged beyond repair,,"Matemo Airport (   Mozambique) 
", Landing (LDG),Domestic Non Scheduled Passenger,"Pemba Airport (POL/FQPB), Mozambique","Matemo Airport, Mozambique",,,Fatalities: 0 / Occupants: 11 
20050629-0,Preliminary,Wednesday 29 June 2005,,Fokker 100,IRS Airlines,,,, 5N-COO, 11297, 1990,,, 2 Rolls-Royce Tay 650-15,,Fatalities: 0 / Occupants: 6,Fatalities: 0 / Occupants: 85,,, Minor, Repaired,"Lagos-Murtala Muhammed Airport (LOS) (   Nigeria) 
", Landing (LDG),Domestic Scheduled Passenger,"Lagos-Murtala Muhammed International Airport (LOS/DNMM), Nigeria","Abuja International Airport (ABV/DNAA), Nigeria",3300,,Fatalities: 0 / Occupants: 91 
20050629-1,,Wednesday 29 June 2005,,Antonov An-26,,Mango Airlines,,Volga Atlantic Airlines, 9Q-CAW, 47302206, 1974,,,,,Fatalities: 0 / Occupants: 4,Fatalities: 0 / Occupants: 5,,, Substantial, Written off (damaged beyond repair),"Goma Airport (GOM) (   Democratic Republic of the Congo) 
", Landing (LDG),Cargo,"Kongolo Airport (KOO/FZRQ), Democratic Republic of the Congo","Goma Airport (GOM/FZNA), Democratic Republic of the Congo",,,Fatalities: 0 / Occupants: 9 
20050630-0,Preliminary,Thursday 30 June 2005,ca 07:35,Dornier 228-201,Gorkha Airlines,,,, 9N-AEO, 8010, 1983,,, 2 Garrett TPE331-5-252D,,Fatalities: 0 / Occupants: 3,Fatalities: 0 / Occupants: 10,,, Damaged beyond repair,,"Lukla Airport (LUA) (   Nepal) 
", Landing (LDG),Domestic Scheduled Passenger,"Kathmandu-Tribhuvan Airport (KTM/VNKT), Nepal","Lukla Airport (LUA/VNLK), Nepal",,,Fatalities: 0 / Occupants: 13 
20050699-0,Preliminary,XX JUN 2005,,Hawker Siddeley HS-780 Andover C.1,Aero Service Corporation,,,, 9Q-CVK, Set 17, 1966,,, 2 Rolls-Royce Dart 201,,Fatalities:  / Occupants: ,Fatalities:  / Occupants: ,,, Damaged beyond repair,,"near Kapoeta Airport (   South Sudan) 
", Approach (APR),Unknown,"Kapoeta Airport (HSKP), South Sudan",?,,,Fatalities:  / Occupants:  
20050701-0,Preliminary,Friday 1 July 2005,08:53,McDonnell Douglas DC-10-30ER,Biman Bangladesh Airlines,,,, S2-ADN, 46542/295, 1979,,, 3 General Electric CF6-50C2B,,Fatalities: 0 / Occupants: 15,Fatalities: 0 / Occupants: 201,,, Substantial, Written off (damaged beyond repair),"Chittagong-Shah Amanat International Airport (CGP) (   Bangladesh) 
", Landing (LDG),International Scheduled Passenger,"Dubai Airport (DXB/OMDB), United Arab Emirates","Chittagong-Shah Amanat International Airport (CGP/VGEG), Bangladesh", 048,,Fatalities: 0 / Occupants: 216 
20050715-0,Final,Friday 15 July 2005,08:45,Learjet 35A,Aspen Aviation,,,, N620JM, 35A-207, 1978,,, 2 Garrett TFE731-2-2B,,Fatalities: 0 / Occupants: 2,Fatalities: 0 / Occupants: 2,,, Substantial, Written off (damaged beyond repair),"Vail-Eagle County Airport, CO (EGE) (   United States of America) 
", Landing (LDG),Ambulance,"Aspen Airport, CO (ASE/KASE), United States of America","Vail-Eagle County Airport, CO (EGE/KEGE), United States of America",,,Fatalities: 0 / Occupants: 4 
20050716-0,- (No safety board investigation),Saturday 16 July 2005,ca 10:00,Antonov An-24B,Equatorial Express Airlines,,,, 3C-VQR, 79901104, 1967,,, 2 Ivchenko AI-24,,Fatalities: 6 / Occupants: 6,Fatalities: 54 / Occupants: 54,,, Damaged beyond repair,,"near Baney (   Equatorial Guinea) 
", En route (ENR),Domestic Scheduled Passenger,"Malabo-Santa Isabel Airport (SSG/FGSL), Equatorial Guinea","Bata Airport (BSG/FGBT), Equatorial Guinea",,,Fatalities: 60 / Occupants: 60 
20050717-0,Final,Sunday 17 July 2005,16:18,Cessna 525 CitationJet,Hertrich Aviation,,,, N13FH, 525-0185, 1997,,, 2 Williams International FJ44-1A,,Fatalities: 0 / Occupants: 1,Fatalities: 0 / Occupants: 2,,, Substantial, Written off (damaged beyond repair),"Old Bridge Airport, NJ (   United States of America) 
", Landing (LDG),Private,"Georgetown-Sussex County Airport, DE (GED/KGED), United States of America","Old Bridge Airport, NJ, United States of America",,,Fatalities: 0 / Occupants: 3 
20050719-0,Preliminary,Tuesday 19 July 2005,09:58,Yakovlev Yak-40,Interisland Airlines,,,, RP-C2803, 9430537, 1975,,, 3 Ivchenko AI-25,,Fatalities: 0 / Occupants: 3,Fatalities: 0 / Occupants: 20,,, Substantial, Written off (damaged beyond repair),"Caticlan-Malay Airport (MPH) (   Philippines) 
", Landing (LDG),Domestic Scheduled Passenger,"Manila-Ninoy Aquino International Airport (MNL/RPLL), Philippines","Caticlan-Malay Airport (MPH/RPVE), Philippines", 210,,Fatalities: 0 / Occupants: 23 
20050721-0,,Thursday 21 July 2005,11:38,IPTN/CASA CN-235M-10,Tentara Nasional Indonesia-AU (Air Force),,,, A-2301, N.016, 1991,,,,,Fatalities: 0 / Occupants: ,Fatalities: 3 / Occupants: ,,, Damaged beyond repair,,"Lhokseumawe-Malikussaleh Airport (LSW) (   Indonesia) 
", Approach (APR),Military,"Banda Aceh-Blang Bintang Airport (BTJ/WITT), Indonesia","Lhokseumawe-Malikussaleh Airport (LSW/WITM), Indonesia",,,Fatalities: 3 / Occupants: 23 
20050722-0,Final,Friday 22 July 2005,08:30,Cessna 208B Grand Caravan,CorpJet,,,, N717BT, 208B0863, 2000,4461,, 1 Pratt & Whitney Canada PT6A-114A,,Fatalities: 0 / Occupants: 1,Fatalities: 0 / Occupants: 0,,, Damaged beyond repair,,"near Globe-San Carlos Apache Airport, AZ (   United States of America) 
", Initial climb (ICL),Cargo,"Globe-San Carlos Apache Airport, AZ, United States of America","Safford Airport, AZ (SAD/KSAD), United States of America",,,Fatalities: 0 / Occupants: 1 
20050726-0,Preliminary,Tuesday 26 July 2005,ca 09:40,Cessna 208B Grand Caravan,Aéreo Ruta Maya,,,, TG-APG, 208B1087, 2004,,, 1 Pratt & Whitney Canada PT6A-114A,,Fatalities: 1 / Occupants: 1,Fatalities: 1 / Occupants: 1,,, Damaged beyond repair,,"near Hierba Buena (   Guatemala) 
", Maneuvering (MNV),Agricultural,"Retalhuleu-Base Aerea Del Sur Airport (RER/MGRT), Guatemala","Cuilco, Guatemala",,,Fatalities: 2 / Occupants: 2 
20050728-0,Final,Thursday 28 July 2005,ca 08:40,Beechcraft 200 Super King Air,Northern Thunderbird Air,,,, C-FCGL, BB-190, 1974,,, 2 Pratt & Whitney Canada PT6A-41,,Fatalities: 2 / Occupants: 2,Fatalities: 0 / Occupants: 0,,, Destroyed, Written off (damaged beyond repair),"near Shovelnose Creek, BC (   Canada) 
", En route (ENR),Ferry/positioning,"Vancouver International Airport, BC (YVR/CYVR), Canada","Smithers Airport, BC (YYD/CYYD), Canada", 202,,Fatalities: 2 / Occupants: 2 
20050801-0,,Monday 1 August 2005,ca 10:00,Canadair CL-215-6B11 (CL-415),Securité Civile,,,, F-ZBEO, 2011, 1995,,, 2 Pratt & Whitney Canada PW123AF,,Fatalities: 2 / Occupants: 2,Fatalities: 0 / Occupants: 0,,, Damaged beyond repair,,"1,5 km (0.9 mls) from  Calvi (   France) 
", Unknown (UNK),Fire fighting,?,?,,,Fatalities: 2 / Occupants: 2 
20050802-0,Final,Tuesday 2 August 2005,16:02,Airbus A340-313X,Air France,,,, F-GLZQ, 289, 1999,28418,, 4 CFMI CFM56-5C4,3711,Fatalities: 0 / Occupants: 12,Fatalities: 0 / Occupants: 297,,, Destroyed, Written off (damaged beyond repair),"Toronto-Pearson International Airport, ON (YYZ) (   Canada) 
", Landing (LDG),International Scheduled Passenger,"Paris-Charles de Gaulle Airport (CDG/LFPG), France","Toronto-Pearson International Airport, ON (YYZ/CYYZ), Canada",AF358,,Fatalities: 0 / Occupants: 309 
20050804-0,,Thursday 4 August 2005,23:00 UTC,de Havilland Canada DHC-3 Otter,Air Nootka,,,, C-FQEI, 397, 1960,,, 1 Pratt & Whitney R-1340-59,,Fatalities: 0 / Occupants: 1,Fatalities: 0 / Occupants: 8,,, Substantial, Repaired,"Louie Lagoon, Nootka Island, BC (   Canada) 
", Landing (LDG),Domestic Non Scheduled Passenger,?,?,,,Fatalities: 0 / Occupants: 9 
20050804-2,,Thursday 4 August 2005,,de Havilland Canada DHC-3 Otter,Air Nootka,,,, C-FQEI, 397, 1960,,, 1 Pratt & Whitney R-1340-59,,Fatalities: 0 / Occupants: 1,Fatalities: 0 / Occupants: 8,,, Substantial, Repaired,"Louis Lagoon, BC (   Canada) 
", Landing (LDG),Domestic Non Scheduled Passenger,?,?,,,Fatalities: 0 / Occupants: 9 
20050806-0,Final,Saturday 6 August 2005,15:40,ATR 72-202,Tuninter,,,, TS-LBB, 258, 1991,29893,, 2 Pratt & Whitney Canada PW124B,35259,Fatalities: 2 / Occupants: 4,Fatalities: 14 / Occupants: 35,,, Destroyed, Written off (damaged beyond repair),"26 km (16.3 mls) NE off  Palermo-Punta Raisi Airport (PMO) (   Italy) 
", En route (ENR),Int'l Non Scheduled Passenger,"Bari-Palese Airport (BRI/LIBD), Italy","Djerba-Melita Airport (DJE/DTTJ), Tunisia",1153,,Fatalities: 16 / Occupants: 39 
20050808-0,Preliminary,Monday 8 August 2005,ca 06:50,Antonov An-12BP,Força Aérea Popular de Angola,,,, T-300, 4342108 ?, ,,,,,Fatalities: 0 / Occupants: ,Fatalities: 0 / Occupants: ,,, Damaged beyond repair,,"Luena Airport (LUO) (   Angola) 
", Landing (LDG),Military,?,"Luena Airport (LUO/FNUE), Angola",,,Fatalities: 0 / Occupants:  
20050809-0,,Tuesday 9 August 2005,ca 17:00,Antonov An-26,Yemen Air Force,,,, registration unknown, , ,,,,,Fatalities: 1 / Occupants: ,Fatalities: 0 / Occupants: ,,, Damaged beyond repair,,"30 km (18.8 mls) E of Mukalla (   Yemen) 
", En route (ENR),Military,?,"Mukalla Airport (MKX), Yemen",,,Fatalities: 1 / Occupants: 49 
20050812-0,Preliminary,Friday 12 August 2005,15:10 UTC,HESA IrAn-140,Safiran Airlines,,,, EP-SFD, 9001, 2003,,, 2 Klimov TV3-117VMA-SBM1,,Fatalities: 0 / Occupants: 8,Fatalities: 0 / Occupants: 19,,, Substantial, Written off (damaged beyond repair),"Arak Airport (AJK) (   Iran) 
", Landing (LDG),Domestic Scheduled Passenger,"Tehran-Mehrabad Airport (THR/OIII), Iran","Khorramabad Airport (KHD/OICK), Iran",,,Fatalities: 0 / Occupants: 27 
20050814-0,Final,Sunday 14 August 2005,12:03,Boeing 737-31S,Helios Airways,,,, 5B-DBY, 29099/2982, 1997-12-27  (7 years 8 months),17900,, 2 CFMI CFM56-3C1,16085,Fatalities: 6 / Occupants: 6,Fatalities: 115 / Occupants: 115,,, Destroyed, Written off (damaged beyond repair),"2 km (1.3 mls) from  Grammatikos (   Greece) 
", En route (ENR),International Scheduled Passenger,"Larnaca Airport (LCA/LCLK), Cyprus","Athens-Elefthérios Venizélos International Airport (ATH/LGAV), Greece", 522,,Fatalities: 121 / Occupants: 121 
20050814-1,,Sunday 14 August 2005,12:30,Dornier Do 28D-2 Skyservant,Linea Aéreo-Taxi Wayumi,,,, YV-740C, 4113, 1971,,,,,Fatalities: 0 / Occupants: 1,Fatalities: 1 / Occupants: 12,,, Damaged beyond repair,,"off Puerto Ayacucho Airport (PYH) (   Venezuela) 
", Takeoff (TOF),Passenger,"Puerto Ayacucho Airport (PYH/SVPA), Venezuela",?,,,Fatalities: 1 / Occupants: 13 
20050815-0,,Monday 15 August 2005,,Grumman C-2A Greyhound,United States Navy,,,, 162178, 58, ,,,,,Fatalities: 0 / Occupants: 4,Fatalities: 0 / Occupants: 25,,, Damaged beyond repair,,"Norfolk NAS Chambers, VA (NGU) (   United States of America) 
", Landing (LDG),Military,?,"Norfolk NAS Chambers, VA (NGU/KNGU), United States of America",,,Fatalities: 0 / Occupants: 29 
20050816-0,Final,Tuesday 16 August 2005,03:00,McDonnell Douglas DC-9-82 (MD-82),West Caribbean Airways,,,, HK-4374X, 49484/1315, 1986,49494,, 2 Pratt & Whitney JT8D-217A,24312,Fatalities: 8 / Occupants: 8,Fatalities: 152 / Occupants: 152,,, Destroyed, Written off (damaged beyond repair),"near Machiques (   Venezuela) 
", En route (ENR),Int'l Non Scheduled Passenger,"Panama City-Tocumen International Airport (PTY/MPTO), Panama","Fort de France-Lamentin Airport (FDF/TFFF), Martinique",YH708,,Fatalities: 160 / Occupants: 160 
20050819-0,Final,Friday 19 August 2005,14:19,Boeing 747-251B,Northwest Airlines,,,, N627US, 21709/412, 1979-12-21  (25 years 8 months),,, 4 Pratt & Whitney JT9D-7Q,,Fatalities: 0 / Occupants: 16,Fatalities: 0 / Occupants: 318,,, Substantial, Written off (damaged beyond repair),"Guam-A.B. Won Pat International Airport (GUM) (   Guam) 
", Landing (LDG),International Scheduled Passenger,"Tokyo-Narita Airport (NRT/RJAA), Japan","Guam-A.B. Won Pat International Airport (GUM/PGUM), Guam",  74,,Fatalities: 0 / Occupants: 334 
20050819-1,Preliminary - official,Friday 19 August 2005,16:35 UTC,Cessna 208 Caravan I,Guay Inc.,,,, C-GUAY, 20800255, 1996,,, 1 Pratt & Whitney Canada PT6A-114,,Fatalities: 0 / Occupants: 1,Fatalities: 0 / Occupants: 1,,, Substantial, Repaired,"Rapid Lake, QC (   Canada) 
", Landing (LDG),Private,"Kangiqsualujjuaq Airport, QC (XGR/CYLU), Canada","Rapid Lake, QC, Canada",,,Fatalities: 0 / Occupants: 2 
20050821-0,Final,Sunday 21 August 2005,11:00 UTC,IRMA/Britten-Norman BN-2B-27 Islander,B.D. Bendall,,,, ZS-PCJ, 869, 1978-07-24  (27 years 1 months),7670,,,,Fatalities: 0 / Occupants: 1,Fatalities: 0 / Occupants: 5,,, Damaged beyond repair,,"near Durban-Virginia Airport (VIR) (   South Africa) 
", Initial climb (ICL),Domestic Non Scheduled Passenger,"Manzengwenya Aerodrome, South Africa","Durban-Virginia Airport (VIR/FAVG), South Africa",,,Fatalities: 0 / Occupants: 6 
20050823-0,Final,Tuesday 23 August 2005,15:09,Boeing 737-244,Transportes Aéreos Nacionales de la Selva - TANS,,,, OB-1809-P, 22580/787, 1981-08-04  (24 years ),49865,, 2 Pratt & Whitney JT8D-17A,45262,Fatalities: 5 / Occupants: 7,Fatalities: 35 / Occupants: 91,,, Destroyed, Written off (damaged beyond repair),"5,5 km (3.4 mls) S of Pucallpa-Cap. FAP David A. Abensur Rengifo Airport (PCL) (   Peru) 
", Approach (APR),Domestic Scheduled Passenger,"Lima-Jorge Chávez International Airport (LIM/SPIM), Peru","Pucallpa-Cap. FAP David A. Abensur Rengifo Airport (PCL/SPCL), Peru", 204,,Fatalities: 40 / Occupants: 98 
20050825-0,- (No safety board investigation),Thursday 25 August 2005,,Cessna 208 Caravan I,Country Flyin,,,, N208CP, 20800127, 1987,2891,, 1 Pratt & Whitney Canada PT6A-114,,Fatalities: 0 / Occupants: 0,Fatalities: 0 / Occupants: 0,,, Substantial, Written off (damaged beyond repair),"Deerfield Beach, FL (   United States of America) 
", Standing (STD),-,-,-,,,Fatalities: 0 / Occupants: 0 
20050829-0,Final,Monday 29 August 2005,14:09,de Havilland Canada DHC-8-202Q,Horizon Air,,,, N363PH, 520, 1998,,, 2 Pratt & Whitney Canada PW123D,,Fatalities: 0 / Occupants: 3,Fatalities: 0 / Occupants: 20,,, Substantial, Repaired,"Portland International Airport, OR (PDX) (   United States of America) 
", Taxi (TXI),Domestic Scheduled Passenger,"Medford-Rogue Valley International, OR (MFR/KMFR), United States of America","Portland International Airport, OR (PDX/KPDX), United States of America",2066,,Fatalities: 0 / Occupants: 23 
20050829-1,Final,Monday 29 August 2005,14:09,Airbus A330-223,Northwest Airlines,,,, N855NW, 621, 2004-07-23  (1 year 1 months),,, 2 Pratt & Whitney PW4168A,,Fatalities: 0 / Occupants: 12,Fatalities: 0 / Occupants: 235,,, Minor, Repaired,"Portland International Airport, OR (PDX) (   United States of America) 
", Taxi (TXI),International Scheduled Passenger,"Portland International Airport, OR (PDX/KPDX), United States of America","Tokyo-Narita Airport (NRT/RJAA), Japan",NW5,,Fatalities: 0 / Occupants: 247 
20050901-0,Final,Thursday 1 September 2005,19:50,Dassault Falcon 20D,USA Jet Airlines,,,, N821AA, 203, 1969,16970,, 2 General Electric CF700-2D2,,Fatalities: 0 / Occupants: 2,Fatalities: 0 / Occupants: 0,,, Damaged beyond repair,,"Lorain County Regional Airport, OH (LPR) (   United States of America) 
", Takeoff (TOF),Ferry/positioning,"Lorain County Regional Airport, OH (LPR), United States of America","Saint Louis-Lambert International Airport, MO (STL/KSTL), United States of America", 821,,Fatalities: 0 / Occupants: 2 
20050902-0,,Friday 2 September 2005,,Antonov An-2TP,Aeroklub Ziemi Lubuskiej,,,, SP-ANA, 1G29-21, 1963,,,,,Fatalities: 0 / Occupants: 3,Fatalities: 0 / Occupants: 0,,, Damaged beyond repair,,"near Zielona Góra (   Poland) 
", Initial climb (ICL),Fire fighting,"Zielona Góra (unknown airport), Poland",?,,,Fatalities: 0 / Occupants: 3 
20050904-0,Preliminary,Sunday 4 September 2005,,Antonov An-2R,Blagoveshchenski ASK ROSTO Polyot,,,, RA-00901, 1G171-22, 1976,,,,,Fatalities: 2 / Occupants: 2,Fatalities: 1 / Occupants: 1,,, Damaged beyond repair,,"19 km (11.9 mls) NE of Ekimchan (   Russia) 
", En route (ENR),Cargo,"Ekimchan (UHBP), Russia","Udskoye Airstrip, Russia",,,Fatalities: 3 / Occupants: 3 
20050905-0,Final,Monday 5 September 2005,10:15,Boeing 737-230,Mandala Airlines,,,, PK-RIM, 22136/783, 1981-07-20  (24 years 2 months),51599,, 2 Pratt & Whitney JT8D-15,51335,Fatalities: 5 / Occupants: 5,Fatalities: 95 / Occupants: 112,Fatalities: 49,, Destroyed, Written off (damaged beyond repair),"Medan-Polonia Airport (MES) (   Indonesia) 
", Initial climb (ICL),Domestic Scheduled Passenger,"Medan-Polonia Airport (MES/WIMM), Indonesia","Jakarta-Soekarno-Hatta International Airport (CGK/WIII), Indonesia", 091,,Fatalities: 100 / Occupants: 117 
20050905-1,Preliminary,Monday 5 September 2005,07:30,Antonov An-26B,,Galaxy Incorporation,,Aerocom, ER-AZT, 9005, 1979,,, 2 Ivchenko AI-24VT,,Fatalities: 4 / Occupants: 4,Fatalities: 7 / Occupants: 7,,, Damaged beyond repair,,"1,5 km (0.9 mls) from  Isiro-Matari (IRP) (   Democratic Republic of the Congo) 
", Approach (APR),Domestic Non Scheduled Passenger,"Beni Airport (BNC/FZNP), Democratic Republic of the Congo","Isiro-Matari Airport (IRP/FZJH), Democratic Republic of the Congo",,,Fatalities: 11 / Occupants: 11 
20050908-0,Preliminary,Thursday 8 September 2005,ca 08:15,de Havilland Canada DHC-6 Twin Otter 300,TMK Air Commuter,,,, 9Q-CBO, 735, 1980,,, 2 Pratt & Whitney Canada PT6A-27,,Fatalities: 0 / Occupants: 2,Fatalities: 0 / Occupants: 18,,, Damaged beyond repair,,"Murambi (   Democratic Republic of the Congo) 
", Initial climb (ICL),Domestic Scheduled Passenger,"Goma Airport (GOM/FZNA), Democratic Republic of the Congo","Butembo Airport (FZBM), Democratic Republic of the Congo",,,Fatalities: 0 / Occupants: 20 
20050909-0,Preliminary,Friday 9 September 2005,11:15,Pilatus Britten-Norman BN-2B-20 Islander,Dirgantara Air Services,,,, PK-VIA, 2250, 1991-09-06  (14 years ),,, 2 Lycoming IO-540-K1B5,,Fatalities: 0 / Occupants: 2,Fatalities: 0 / Occupants: 0,,, Damaged beyond repair,,"Samarinda (   Indonesia) 
", Unknown (UNK),Training,"Samarinda Airport (SRI/WALS), Indonesia","Samarinda Airport (SRI/WALS), Indonesia",,,Fatalities: 0 / Occupants: 2 
20050909-1,Preliminary,Friday 9 September 2005,ca 15:45,Antonov An-26B,Air Kasai,,,, 9Q-CFD, 12901, 1983,,, 2 Ivchenko AI-24VT,,Fatalities: 4 / Occupants: 4,Fatalities: 9 / Occupants: 9,,, Damaged beyond repair,,"50 km (31.3 mls) N of Brazzaville (   Congo) 
", En route (ENR),Domestic Non Scheduled Passenger,"Boende Airport (BNB/FZGN), Democratic Republic of the Congo","Kinshasa (unknown airport), Democratic Republic of the Congo",,,Fatalities: 13 / Occupants: 13 
20050909-2,Preliminary - official,Friday 9 September 2005,18:30,Cessna 501 Citation I/SP,,Aeroitalia,,Unifly, I-AROM, 501-0042, 1978,,, 2 Pratt & Whitney Canada JT15D-1A,,Fatalities: 0 / Occupants: 2,Fatalities: 0 / Occupants: 3,,, Damaged beyond repair,,"Roma-Ciampino Airport (CIA) (   Italy) 
", Landing (LDG),Unknown,"Lugano Airport (LUG/LSZA), Switzerland","Roma-Ciampino Airport (CIA/LIRA), Italy",,,Fatalities: 0 / Occupants: 5 
20050911-0,Preliminary,Sunday 11 September 2005,ca 09:00,NAMC YS-11-500R,Phuket Airlines,,,, HS-KVO, 2116, 1969,,, 2 Rolls-Royce Dart 543-10K,,Fatalities: 0 / Occupants: 4,Fatalities: 0 / Occupants: 24,,, Damaged beyond repair,,"Mae Sot Airport (MAQ) (   Thailand) 
", Landing (LDG),Domestic Scheduled Passenger,"Bangkok-Don Muang International Airport (BKK/VTBD), Thailand","Mae Sot Airport (MAQ/VTPM), Thailand", 326,,Fatalities: 0 / Occupants: 28 
20050912-0,- (No safety board investigation),Monday 12 September 2005,ca 12:00,de Havilland Canada DHC-8-301,AIRES Colombia,,,, HK-4030X, 100, 1988,,, 2 Pratt & Whitney Canada PW123,,Fatalities: 0 / Occupants: 4,Fatalities: 0 / Occupants: 20,,, None,,"Bogotá-Eldorado Airport (BOG) (   Colombia) 
", En route (ENR),Domestic Scheduled Passenger,"Neiva-Benito Salas Airport (NVA/SKNV), Colombia","Bogotá-Eldorado Airport (BOG/SKBO), Colombia",,,Fatalities: 0 / Occupants: 24 
20050913-0,Final,Tuesday 13 September 2005,13:30,Learjet 25B,Barkin International Aviation,,,, N252BK, 25-107, 1973,11970,, 2 General Electric CJ610-6,,Fatalities: 0 / Occupants: 4,Fatalities: 0 / Occupants: 0,,, Substantial, Written off (damaged beyond repair),"Cedar Rapids Airport, IA (CID) (   United States of America) 
", Landing (LDG),Ferry/positioning,"Cedar Rapids Airport, IA (CID/KCID), United States of America","McAllen-Miller International Airport, TX (MFE/KMFE), United States of America",,,Fatalities: 0 / Occupants: 4 
20050916-0,Final,Friday 16 September 2005,14:05,Cessna 525 CitationJet,Viação Cometa,,,, PT-WLX, 525-0176, 1997,2231,, 2 Williams International FJ44-1A,,Fatalities: 2 / Occupants: 2,Fatalities: 0 / Occupants: 0,,, Damaged beyond repair,,"Alto da Boa Vista, RJ (   Brazil) 
", Initial climb (ICL),Ferry/positioning,"Rio de Janeiro-Santos Dumont Airport, RJ (SDU/SBRJ), Brazil","Rio de Janeiro-Jacarepaguá Airport,  RJ (SBJR), Brazil",,,Fatalities: 2 / Occupants: 2 
20050918-0,Final,Sunday 18 September 2005,18:12,Airbus A321-231,Spirit Airlines,,,, N583NK, 1195, ,16473,,,,Fatalities: 0 / Occupants: 6,Fatalities: 0 / Occupants: 191,,, Substantial, Repaired,"Fort Lauderdale International Airport, FL (FLL) (   United States of America) 
", Landing (LDG),Domestic Scheduled Passenger,"New York-La Guardia Airport, NY (LGA/KLGA), United States of America","Fort Lauderdale International Airport, FL (FLL/KFLL), United States of America",171,,Fatalities: 0 / Occupants: 197 
20050919-0,Final,Monday 19 September 2005,07:30,Swearingen SA227-AC Metro III,Dynamic Air,,,, PH-DYM, AC-523, 1982,,, 2 Garrett TPE331-11U-611G,,Fatalities: 0 / Occupants: 2,Fatalities: 0 / Occupants: 17,,, Substantial, Written off (damaged beyond repair),"Rotterdam Airport (RTM) (   Netherlands) 
", Takeoff (TOF),Int'l Non Scheduled Passenger,"Rotterdam Airport (RTM/EHRD), Netherlands","Birmingham International Airport (BHX/EGBB), United Kingdom",,,Fatalities: 0 / Occupants: 19 
20050921-1,Preliminary,Wednesday 21 September 2005,ca 15:15,Antonov An-2,Panafrican Airways,,,, registration unknown, , ,,,,,Fatalities: 2 / Occupants: 2,Fatalities: 0 / Occupants: 1,,, Damaged beyond repair,,"40 km (25 mls) W of Bukavu (   Democratic Republic of the Congo) 
", En route (ENR),Cargo,"Kasese Airport (KSE/HUKS), Uganda","Bukavu-Kamenbe Airport (BKY/FZMA), Democratic Republic of the Congo",,,Fatalities: 2 / Occupants: 3 
20050924-0,,Saturday 24 September 2005,,Boeing E-8C (707),United States Air Force - USAF,,,, 96-0042, 20319/833, 1970-05-04  (35 years 5 months),,,,,Fatalities: 0 / Occupants: 0,Fatalities: 0 / Occupants: 0,,, Substantial, Repaired,"Lake Charles Municipal Airport, LA (LCH) (   United States of America) 
", Standing (STD),-,-,-,,,Fatalities: 0 / Occupants: 0 
20050926-0,Preliminary,Monday 26 September 2005,ca 18:30,Grumman G-159 Gulfstream I,Unknown,,,, YV1020, 106, 1963,,, 2 Rolls-Royce Dart 529-8X,,Fatalities: 0 / Occupants: 0,Fatalities: 0 / Occupants: 0,,, Damaged beyond repair,,"near San Andrés (   Colombia) 
", Standing (STD),Illegal Flight,?,?,,,Fatalities: 0 / Occupants: 0 
20050926-1,- (No safety board investigation),Monday 26 September 2005,,Grumman American G-1159 Gulfstream II SP,"Reaud, Morgan & Quinn Inc",,,, N435GM, 137, 1973,,,,,Fatalities: 0 / Occupants: 0,Fatalities: 0 / Occupants: 0,,, Damaged beyond repair,,"Beaumont Municipal Airport, TX (BMT) (   United States of America) 
", Standing (STD),-,-,-,,,Fatalities: 0 / Occupants: 0 
20050926-2,,Monday 26 September 2005,16:00 UTC,de Havilland Canada DHC-3T/M601 Turbine Otter,Alkan Air,,,, C-GKYG, 261, 1958,,, 1 Walter M-601E-11,,Fatalities: 0 / Occupants: 1,Fatalities: 0 / Occupants: 1,,, Substantial, Repaired,"May Creek, YT (   Canada) 
", Landing (LDG),Unknown,"Whitehorse Airport, YT (YXY/CYXY), Canada",?,,,Fatalities: 0 / Occupants: 2 
20050930-0,Final,Friday 30 September 2005,12:10,Cessna 550 Citation II,University of North Dakota,,,, N77ND, 550-0005, 1978,4262,, 2 Pratt & Whitney Canada JT15D-4,,Fatalities: 0 / Occupants: 2,Fatalities: 0 / Occupants: 2,,, Substantial, Written off (damaged beyond repair),"96 km (60 mls) W of Fort Yukon, AK (   United States of America) 
", En route (ENR),Survey/research,"Fairbanks International Airport, AK (FAI/PAFA), United States of America","Fairbanks International Airport, AK (FAI/PAFA), United States of America",,,Fatalities: 0 / Occupants: 4 
20051004-0,Preliminary,Tuesday 4 October 2005,,Antonov An-12,Wimbi Dira Airways,,,, 9Q-CWC, 2400901, 1962,,, 4 Ivchenko AI-20M,,Fatalities: 0 / Occupants: ,Fatalities: 2 / Occupants: ,,, Damaged beyond repair,,"Aru Airport (   Democratic Republic of the Congo) 
", Landing (LDG),Domestic Non Scheduled Passenger,"Kisangani-Bangoka International Airport (FKI/FZIC), Democratic Republic of the Congo","Bunia Airport (BUX/FZKA), Democratic Republic of the Congo",,,Fatalities: 2 / Occupants: 100 
20051006-0,Final,Thursday 6 October 2005,05:43,Cessna 208B Super Cargomaster,,,FedEx Express,, C-FEXS, 208B0542, 1996,6724,, 1 Pratt & Whitney Canada PT6A-114A,,Fatalities: 1 / Occupants: 1,Fatalities: 0 / Occupants: 0,,, Destroyed, Written off (damaged beyond repair),"6,6 km (4.1 mls) SE of Winnipeg Airport, MB (YWG) (   Canada) 
", Approach (APR),Cargo,"Winnipeg International Airport, MB (YWG/CYWG), Canada","Thunder Bay Airport, ON (YQT/CYQT), Canada",8060,,Fatalities: 1 / Occupants: 1 
20051007-0,Final,Friday 7 October 2005,18:22,de Havilland Canada DHC-8-311Q Dash 8,British Airways Citiexpress,,,, G-BRYW, 474, 1997-06-14  (8 years 4 months),,, 2 Pratt & Whitney Canada PW123,,Fatalities: 0 / Occupants: 4,Fatalities: 0 / Occupants: 50,,, Substantial, Repaired,"Aberdeen-Dyce Airport (ABZ) (   United Kingdom) 
", Standing (STD),Domestic Scheduled Passenger,"Aberdeen-Dyce Airport (ABZ/EGPD), United Kingdom",?,,,Fatalities: 0 / Occupants: 54 
20051009-0,,Sunday 9 October 2005,,CASA C-212 Aviocar 100,Ejército del Aire,,,, T.12B-29, 51, 1976-02-19  (29 years 8 months),,,,,Fatalities: 0 / Occupants: ,Fatalities: 0 / Occupants: ,,, Damaged beyond repair,,"Gerona-Costa Brava Airport (GRO) (   Spain) 
", Landing (LDG),Military,?,?,,,Fatalities: 0 / Occupants:  
20051009-1,Preliminary - official,Sunday 9 October 2005,,Cessna 208 Caravan I,RICO Taxi Aéreo,,,, PR-RTA, 20800380, 2004,,, 1 Pratt & Whitney Canada PT6A-114,,Fatalities: 0 / Occupants: 2,Fatalities: 0 / Occupants: 0,,, Damaged beyond repair,,"Rio Negro, AM (   Brazil) 
", Landing (LDG),Unknown,"Santa Isabel do Rio Negro, AM, Brazil","Rio Negro, AM, Brazil",,,Fatalities: 0 / Occupants: 2 
20051009-2,Preliminary,Sunday 9 October 2005,19:20,Boeing 737-4Q8,Sahara Airlines,,,, VT-SID, 24705/1971, 1990-12-10  (14 years 10 months),,, 2 CFMI CFM56-3C1,,Fatalities: 0 / Occupants: ,Fatalities: 0 / Occupants: ,,, Damaged beyond repair,,"Mumbai-Chhatrapati Shivaji International Airport (BOM) (   India) 
", Landing (LDG),Domestic Scheduled Passenger,"Calcutta-Netaji Subhas Chandra Airport (CCU/VECC), India","Mumbai-Chhatrapati Shivaji International Airport (BOM/VABB), India", 117,,Fatalities: 0 / Occupants: 117 
20051012-0,,Wednesday 12 October 2005,18:08,Beechcraft 99A,Air Mikisew,,,, C-GZAM, U-116, 1969,,, 2 Pratt & Whitney Canada PT6A-27,,Fatalities: 0 / Occupants: 3,Fatalities: 0 / Occupants: 0,,, Substantial, Repaired,"Lac La Biche Airport, AB (YLB) (   Canada) 
", Takeoff (TOF),Training,"Lac La Biche Airport, AB (YLB/CYLB), Canada","Lac La Biche Airport, AB (YLB/CYLB), Canada",,,Fatalities: 0 / Occupants: 3 
20051016-0,Final,Sunday 16 October 2005,23:20,Beechcraft 1900D,,US Airways Express,,Air Midwest, N144ZV, UE-144, 1995,,,,,Fatalities: 0 / Occupants: 2,Fatalities: 0 / Occupants: 1,,, Substantial, Repaired,"Ogdensburg Airport, NY (OGS) (   United States of America) 
", Takeoff (TOF),Domestic Scheduled Passenger,"Ogdensburg Airport, NY (OGS/KOGS), United States of America","Massena-Richards Field, NY (MSS/KMSS), United States of America",4655,,Fatalities: 0 / Occupants: 3 
20051018-0,Final,Tuesday 18 October 2005,23:15,Cessna 208B Super Cargomaster,,Baron Aviation,,FedEx, N978FE, 208B0105, 1988,10623,, 1 Pratt & Whitney Canada PT6A-114,,Fatalities: 0 / Occupants: 1,Fatalities: 0 / Occupants: 0,,, Damaged beyond repair,,"6 km (3.8 mls) NE of Round Rock, TX (   United States of America) 
", En route (ENR),Cargo,"Austin-Bergstrom International Airport, TX (AUS/KAUS), United States of America","Fort Worth Alliance Airport, TX (AFW/KAFW), United States of America",,,Fatalities: 0 / Occupants: 1 
20051019-0,Preliminary,Wednesday 19 October 2005,10:57,Antonov An-2R,Naryan-Mar Air Enterprise,,,, RA-40943, 1G216-43, 1985,,, 1 Shvetsov ASh-62IR,,Fatalities: 0 / Occupants: 2,Fatalities: 0 / Occupants: 13,,, Damaged beyond repair,,"near Labozhskoe (   Russia) 
", En route (ENR),Domestic Scheduled Passenger,?,?,,,Fatalities: 0 / Occupants: 15 
20051022-0,Final,Saturday 22 October 2005,20:40,Boeing 737-2L9,Bellview Airlines,,,, 5N-BFN, 22734/818, 1981-11-13  (24 years),55772,, 2 Pratt & Whitney JT8D-17 (HK3),36266,Fatalities: 6 / Occupants: 6,Fatalities: 111 / Occupants: 111,,, Destroyed, Written off (damaged beyond repair),"Lisa Village, Ogun State (   Nigeria) 
", En route (ENR),Domestic Scheduled Passenger,"Lagos-Murtala Muhammed International Airport (LOS/DNMM), Nigeria","Abuja International Airport (ABV/DNAA), Nigeria", 210,,Fatalities: 117 / Occupants: 117 
20051022-1,,Saturday 22 October 2005,,Britten-Norman BN-2A Trislander Mk.III-3,Aerolamsa,,,, XA-TYU, 1040, ,,,,,Fatalities: 0 / Occupants: 0,Fatalities: 0 / Occupants: 0,,, Substantial, Repaired,"Playa del Carmen Airport (PCM) (   Mexico) 
", Standing (STD),-,-,-,,,Fatalities: 0 / Occupants: 0 
20051022-2,Preliminary,Saturday 22 October 2005,,Let L-410UVP,Aero Ferinco,,,, XA-TAU, 851529, 1985,,, 2 Walter M-601D,,Fatalities: 0 / Occupants: 0,Fatalities: 0 / Occupants: 0,,, Damaged beyond repair,,"Playa del Carmen Airport (PCM) (   Mexico) 
", Standing (STD),-,-,-,,,Fatalities: 0 / Occupants: 0 
20051023-0,- (No safety board investigation),Sunday 23 October 2005,,Grumman G-73 Mallard,US Distributors Inc.,,,, N611SS, J-11, 1946-12-31  (58 years 10 months),,,,,Fatalities: 0 / Occupants: 0,Fatalities: 0 / Occupants: 0,,, Substantial, Written off (damaged beyond repair),"Miami Seaplane Base, FL (MPB) (   United States of America) 
", Standing (STD),-,-,-,,,Fatalities: 0 / Occupants: 0 
20051024-0,Final,Monday 24 October 2005,ca 14:00,Cessna 208B Grand Caravan,Bering Air,,,, N1263Y, 208B0731, 1999,,, 1 Pratt & Whitney Canada PT6A-114A,,Fatalities: 0 / Occupants: 1,Fatalities: 0 / Occupants: 1,,, Substantial, Repaired,"27 km (16.9 mls) S of Unalakleet, AK (   United States of America) 
", En route (ENR),Ferry/positioning,"Stebbins Airport, AK (WBB), United States of America","Unalakleet Airport, AK (UNK/PAUN), United States of America",6440,,Fatalities: 0 / Occupants: 2 
20051024-1,- (No safety board investigation),Monday 24 October 2005,,Let L-410UVP,Mayair,,,, XA-SXX, 800512, 1980,,, 2 Walter M-601D,,Fatalities: 0 / Occupants: 0,Fatalities: 0 / Occupants: 0,,, Substantial, Written off (damaged beyond repair),"Fort Lauderdale-Executive Airport, FL (FXE) (   United States of America) 
", Standing (STD),-,-,-,,,Fatalities: 0 / Occupants: 0 
20051024-10,- (No safety board investigation),Monday 24 October 2005,,Boeing 727-277F,All Canada Express,,,, C-GACC, 20550/1030, 1974-04-01  (31 years 7 months),,, 3 Pratt & Whitney JT8D-15 (HK3),,Fatalities: 0 / Occupants: 0,Fatalities: 0 / Occupants: 0,,, Damaged beyond repair,,"Miami International Airport, FL (MIA/KMIA) (   United States of America) 
", Standing (STD),-,-,-,,,Fatalities: 0 / Occupants: 0 
20051024-11,- (No safety board investigation),Monday 24 October 2005,,Douglas DC-3A,J. Swain,,,, N7500A, 11693, 1943,,,,,Fatalities: 0 / Occupants: 0,Fatalities: 0 / Occupants: 0,,, Substantial, Written off (damaged beyond repair),"Opa-locka Airport, FL (OPF) (   United States of America) 
", Standing (STD),-,-,-,,,Fatalities: 0 / Occupants: 0 
20051024-2,- (No safety board investigation),Monday 24 October 2005,,Antonov An-2R,Unknown,,,, YV1108, 1G190-46, 1980,,, 1 Shvetsov ASh-62IR,,Fatalities: 0 / Occupants: 0,Fatalities: 0 / Occupants: 0,,, Substantial, Written off (damaged beyond repair),"Fort Lauderdale-Executive Airport, FL (FXE) (   United States of America) 
", Standing (STD),-,-,-,,,Fatalities: 0 / Occupants: 0 
20051024-3,Preliminary,Monday 24 October 2005,,ATR 42-320,TACV - Cabo Verde Airlines,,,, D4-CBH, 415, 1997-06-25  (8 years 4 months),,, 2 Pratt & Whitney Canada PW120,,Fatalities: 0 / Occupants: ,Fatalities: 0 / Occupants: ,,, Substantial, Repaired,"Dakar-Yoff Airport (DKR) (   Senegal) 
", Landing (LDG),International Scheduled Passenger,"Praia-Francisco Mendes Airport (RAI/GVFM), Cape Verde","Dakar-Yoff Airport (DKR/GOOY), Senegal",,,Fatalities: 0 / Occupants:  
20051024-4,- (No safety board investigation),Monday 24 October 2005,,Boeing 727-231,ART 21631 LLC,,,, N54344, 21631/1460, 1979-03-13  (26 years 8 months),,, 3 Pratt & Whitney JT8D-217C/15 (BFG),,Fatalities: 0 / Occupants: 0,Fatalities: 0 / Occupants: 0,,, Damaged beyond repair,,"Miami International Airport, FL (MIA) (   United States of America) 
", Standing (STD),-,-,-,,,Fatalities: 0 / Occupants: 0 
20051024-5,- (No safety board investigation),Monday 24 October 2005,,Beechcraft Beechjet 400A,Suncoast Aviation,,,, N611PA, RK-78, 1994,,,,,Fatalities: 0 / Occupants: 0,Fatalities: 0 / Occupants: 0,,, Substantial, Written off (damaged beyond repair),"Boca Raton Public Airport, FL (BCT) (   United States of America) 
", Standing (STD),-,-,-,,,Fatalities: 0 / Occupants: 0 
20051024-6,- (No safety board investigation),Monday 24 October 2005,,Cessna S550 Citation S/II,Tri-state Executive Air,,,, N224KC, S550-0104, ,,, 2 Pratt & Whitney Canada JT15D-4B,,Fatalities: 0 / Occupants: 0,Fatalities: 0 / Occupants: 0,,, Substantial, Repaired,"Boca Raton Public Airport, FL (BCT) (   United States of America) 
", Standing (STD),-,-,-,,,Fatalities: 0 / Occupants: 0 
20051024-7,- (No safety board investigation),Monday 24 October 2005,,Learjet 35,EHR Aviation Inc.,,,, N435UJ, 35-025, 1975,,,,,Fatalities: 0 / Occupants: 0,Fatalities: 0 / Occupants: 0,,, Damaged beyond repair,,"Boca Raton Public Airport, FL (BCT) (   United States of America) 
", Standing (STD),-,-,-,,,Fatalities: 0 / Occupants: 0 
20051024-8,- (No safety board investigation),Monday 24 October 2005,,Learjet 55,Pontiac Aviation,,,, N110ET, 55-023, 1982,,,,,Fatalities: 0 / Occupants: 0,Fatalities: 0 / Occupants: 0,,, Substantial, Written off (damaged beyond repair),"Boca Raton Public Airport, FL (BCT) (   United States of America) 
", Standing (STD),-,-,-,,,Fatalities: 0 / Occupants: 0 
20051024-9,- (No safety board investigation),Monday 24 October 2005,,Lockheed L-1329-25 JetStar II,GLE Aircraft,,,, N375MD, 5209, 1977,,,,,Fatalities: 0 / Occupants: 0,Fatalities: 0 / Occupants: 0,,, Damaged beyond repair,,"Fort Lauderdale-Executive Airport, FL (FXE) (   United States of America) 
", Standing (STD),-,-,-,,,Fatalities: 0 / Occupants: 0 
20051026-0,Final,Wednesday 26 October 2005,18:25,Learjet 25D,Best AeroNet Aviation,,,, N888DV, 25-370, 1984,,, 2 General Electric CJ610-8,,Fatalities: 0 / Occupants: 2,Fatalities: 0 / Occupants: 0,,, Damaged beyond repair,,"Sacramento-McClellan Airfield, CA (MCC) (   United States of America) 
", Landing (LDG),Ferry/positioning,"Sacramento-Mather Airport, CA (MHR/KMHR), United States of America","Sacramento-McClellan Airfield, CA (MCC/KMCC), United States of America",,,Fatalities: 0 / Occupants: 2 
20051030-0,Preliminary - official,Sunday 30 October 2005,22:05,Let L-410UVP-E19A,Trade Air,,,, 9A-BTA, 912538, 1991,7185,, 2 Walter M-601E,,Fatalities: 2 / Occupants: 2,Fatalities: 1 / Occupants: 1,,, Damaged beyond repair,,"near Bergamo-Orio Al Serio Airport (BGY) (   Italy) 
", Initial climb (ICL),Cargo,"Bergamo-Orio Al Serio Airport (BGY/LIME), Italy","Zagreb-Pleso Airport (ZAG/LDZA), Croatia", 729,,Fatalities: 3 / Occupants: 3 
20051031-0,Preliminary,Monday 31 October 2005,ca 13:00,Boeing 727-22F,MIBA Aviation,,,, 9Q-CPJ, 19088/365, 1967-01-26  (38 years 10 months),,, 3 Pratt & Whitney JT8D-7A,,Fatalities: 0 / Occupants: ,Fatalities: 0 / Occupants: 7,,, Damaged beyond repair,,"Kindu Airport (KND) (   Democratic Republic of the Congo) 
", Landing (LDG),Cargo,?,"Kindu Airport (KND/FZOA), Democratic Republic of the Congo",,,Fatalities: 0 / Occupants:  
20051102-0,Preliminary,Wednesday 2 November 2005,,Antonov An-24RV,SAT Airlines,,,, RA-46618, 37308705, 1973,,, 2 Ivchenko AI-24VT,,Fatalities: 0 / Occupants: ,Fatalities: 0 / Occupants: ,,, Damaged beyond repair,,"Yuzhno-Sakhalinsk Airport (UUS) (   Russia) 
", Landing (LDG),Unknown,?,"Yuzhno-Sakhalinsk Airport (UUS/UHSS), Russia",,,Fatalities: 0 / Occupants:  
20051104-0,,Friday 4 November 2005,ca 08:45,PZL-Mielec M28-05 Skytruck,Vietnam People's Air Force,,,, 312, AJE 003-09, 2004,,,,,Fatalities: 3 / Occupants: 3,Fatalities: 0 / Occupants: 0,,, Damaged beyond repair,,"Dong Xuyen (   Vietnam) 
", Unknown (UNK),Military,?,?,,,Fatalities: 3 / Occupants: 3 
20051105-0,Final,Saturday 5 November 2005,09:58,Cessna 500 Citation I,Houston Cardiac Electrophysiology Associates,,,, N505K, 500-0004, 1972,6230,, 2 Pratt & Whitney Canada JT15D-1A,6195,Fatalities: 1 / Occupants: 1,Fatalities: 1 / Occupants: 1,,, Destroyed, Written off (damaged beyond repair),"Houston-Hobby Airport, TX (HOU) (   United States of America) 
", Takeoff (TOF),Unknown,"Houston-William P. Hobby Airport, TX (HOU/KHOU), United States of America","Corpus Christi International Airport, TX (CRP/KCRP), United States of America",,,Fatalities: 2 / Occupants: 2 
20051107-0,,Monday 7 November 2005,09:30,Dornier 328JET-310,Hainan Airlines,,,, B-3971, 3172, 2000,,, 2 Pratt & Whitney Canada PW306B,,Fatalities: 0 / Occupants: ,Fatalities: 0 / Occupants: ,,, Substantial, Repaired,"Korla Airport (KRL) (   China) 
", Landing (LDG),Domestic Scheduled Passenger,"Urumqi Airport (URC/ZWWW), China","Korla Airport (KRL/ZWKL), China",,,Fatalities: 0 / Occupants:  
20051108-0,Final,Tuesday 8 November 2005,07:20,Embraer EMB-110P1 Bandeirante,AirNow,,,, N7801Q, 110228, 1979,,, 2 Pratt & Whitney Canada PT6A-34,,Fatalities: 0 / Occupants: 1,Fatalities: 0 / Occupants: 0,,, Damaged beyond repair,,"1,4 km (0.9 mls) from  Manchester Municipal Airport, NH (MHT) (   United States of America) 
", Initial climb (ICL),Cargo,"Manchester Municipal Airport, NH (MHT/KMHT), United States of America","Bangor International Airport, ME (BGR/KBGR), United States of America",3352,,Fatalities: 0 / Occupants: 1 
20051111-0,Final,Friday 11 November 2005,09:53,Ilyushin Il-76TD,,Royal Airlines Cargo,,Global Georgian Airways, 4L-ZIL, 0053464926, 1985,,,,,Fatalities: 8 / Occupants: 8,Fatalities: 0 / Occupants: 0,,, Destroyed, Written off (damaged beyond repair),"Khak-e Shahidan (   Afghanistan) 
", En route (ENR),Cargo,"Kabul-Khwaja Rawash Airport (KBL/OAKB), Afghanistan","Bagram Air Base (BPM/OAIX), Afghanistan",1102,,Fatalities: 8 / Occupants: 8 
20051114-0,,Monday 14 November 2005,,British Aerospace BAe-146-200,Asian Spirit,,,, RP-C2995, E2034, 1985-05-09  (20 years 6 months),,, 4 Lycoming ALF502R-5,,Fatalities: 0 / Occupants: 6,Fatalities: 0 / Occupants: 32,,, Substantial, Written off (damaged beyond repair),"Catarman-National Airport (CRM) (   Philippines) 
", Landing (LDG),Domestic Scheduled Passenger,"Manila-Ninoy Aquino International Airport (MNL/RPLL), Philippines","Catarman-National Airport (CRM/RPVF), Philippines", 587,,Fatalities: 0 / Occupants: 38 
20051115-0,Final,Tuesday 15 November 2005,10:05,Cessna 208 Caravan I,Shoreline Aviation,,,, N117SA, 20800117, 1987,,, 1 Pratt & Whitney Canada PT6A-114A,,Fatalities: 0 / Occupants: 2,Fatalities: 0 / Occupants: 1,,, Substantial, Repaired,"off South Hampton, NY (   United States of America) 
", Approach (APR),Training,"Stratford, CT, United States of America","Peconic Bay, NY, United States of America",,,Fatalities: 0 / Occupants: 3 
20051118-0,Final,Friday 18 November 2005,14:07,Antonov An-2TP,Polyarnye Avialinii,,,, RA-02252, 1G234-06, 1989,,, 1 PZL Kalisz (Shvetsov) ASz-62IR,,Fatalities: 0 / Occupants: 2,Fatalities: 0 / Occupants: 10,,, Damaged beyond repair,,"31 km (19.4 mls) from  Sangar (   Russia) 
", En route (ENR),Ambulance,"Sangar, Russia","Sebyan, Russia",,,Fatalities: 0 / Occupants: 12 
20051118-1,Preliminary,Friday 18 November 2005,ca 10:30,Britten-Norman BN-2A-21 Islander,Blancaneaux Lodge,,,, V3-HFO, 465, 1975-09-15  (30 years 2 months),,,,,Fatalities: 1 / Occupants: 1,Fatalities: 2 / Occupants: 2,,, Damaged beyond repair,,"5 km (3.1 mls) NE of Privacion Airstrip (   Belize) 
", En route (ENR),Domestic Non Scheduled Passenger,"Belize City-Philip S.W. Goldson International Airport (BZE/MZBZ), Belize","Privacion Airstrip, Belize",,,Fatalities: 3 / Occupants: 3 
20051119-0,Preliminary - official,Saturday 19 November 2005,22:27,Cessna 208B Grand Caravan,Ivolga-Avia,,,, P4-OIN, 208B1052, 2004,,, 1 Pratt & Whitney Canada PT6A-114A,,Fatalities: 2 / Occupants: 2,Fatalities: 6 / Occupants: 6,,, Damaged beyond repair,,"10 km (6.3 mls) from  Stupino (   Russia) 
", En route (ENR),Private,"Voronezh Airport (VOZ/UUOO), Russia","Moskva-Domodedovo Airport (DME/UUDD), Russia",,,Fatalities: 8 / Occupants: 8 
20051121-0,Preliminary,Monday 21 November 2005,ca 11:00,Xian Yunshuji Y-7-100C,,PMT Air,,Royal Phnom Penh Airways, XU-072, 08705, 1989,,, 2 Dongan WJ 5A-1,,Fatalities: 0 / Occupants: 6,Fatalities: 0 / Occupants: 59,,, Damaged beyond repair,,"Ratanakiri-Ban Lung Airport (RBE) (   Cambodia) 
", Landing (LDG),Domestic Scheduled Passenger,"Phnom Penh-Pochentong Airport (PNH/VDPP), Cambodia","Ban Lung-Ratanakiri Airport (RBE/VDRK), Cambodia",,,Fatalities: 0 / Occupants: 65 
20051123-0,,Wednesday 23 November 2005,,Antonov An-2R,Krila Kvarnera,,,, 9A-BAD, 1G170-42, 1976,,, 1 Shvetsov ASh-62IR,,Fatalities: 0 / Occupants: 0,Fatalities: 0 / Occupants: 0,,, Substantial, Repaired,"Grobnik Airport (   Croatia) 
", Standing (STD),-,-,-,,,Fatalities: 0 / Occupants: 0 
20051128-0,,Monday 28 November 2005,10:38,Beechcraft 200 Super King Air,private,,,, N73MW, BB-22, 1974,,,,,Fatalities: 2 / Occupants: 2,Fatalities: 0 / Occupants: 0,,, Damaged beyond repair,,"Kaduna Airport (KAD) (   Nigeria) 
", Initial climb (ICL),Private,"Kaduna Airport (KAD/DNKA), Nigeria","Abuja International Airport (ABV/DNAA), Nigeria",,,Fatalities: 2 / Occupants: 2 
20051130-0,Preliminary,Wednesday 30 November 2005,ca 08:15,CASA/Nurtanio NC-212-A4 Aviocar 100,Sabang Merauke Raya Air Charter,,,, PK-ZAI, 120/18N, 1980-01-17  (25 years 11 months),,, 2 Garrett TPE331-5-251C,,Fatalities: 0 / Occupants: 3,Fatalities: 0 / Occupants: 12,,, Minor, Repaired,"Sinabang-Lasikin Airport (   Indonesia) 
", Landing (LDG),Domestic Scheduled Passenger,"Medan-Polonia Airport (MES/WIMM), Indonesia","Sinabang/Lasikin (WITG), Indonesia",,,Fatalities: 0 / Occupants: 15 
20051206-0,,Tuesday 6 December 2005,14:10,Lockheed C-130E Hercules,Islamic Republic of Iran Air Force - IRIAF,,,, 5-8519, 4399, 1970,,, 4 Allison T56-A-7,,Fatalities: 10 / Occupants: 10,Fatalities: 84 / Occupants: 84,Fatalities: 12,, Destroyed, Written off (damaged beyond repair),"Tehran (   Iran) 
", Approach (APR),Military,"Tehran-Mehrabad Airport (THR/OIII), Iran","Bandar Abbas Airport (BND/OIKB), Iran",,,Fatalities: 94 / Occupants: 94 
20051207-0,Preliminary,Wednesday 7 December 2005,,McDonnell Douglas DC-9-32,,Wimbi Dira Airways,,Wetrafa, 9Q-CWF ?, 47531/638, 1971,,, 2 Pratt & Whitney JT8D-9A,,Fatalities: 0 / Occupants: ,Fatalities: 0 / Occupants: ,,, Substantial,,"Kinshasa-N'Djili Airport (FIH) (   Democratic Republic of the Congo) 
", Landing (LDG),Domestic Scheduled Passenger,"Mbandaka Airport (MDK/FZEA), Democratic Republic of the Congo","Kinshasa-N'Djili Airport (FIH/FZAA), Democratic Republic of the Congo", 422,,Fatalities: 0 / Occupants: 43 
20051208-0,Final,Thursday 8 December 2005,19:14,Boeing 737-7H4 (WL),Southwest Airlines,,,, N471WN, 32471/1535, 2004-06-29  (1 year 5 months),,, 2 CFMI CFM56-7B22,,Fatalities: 0 / Occupants: 5,Fatalities: 0 / Occupants: 98,Fatalities: 1,, Substantial, Repaired,"Chicago-Midway Airport, IL (MDW) (   United States of America) 
", Landing (LDG),Domestic Scheduled Passenger,"Baltimore/Washington International Airport, MD (BWI/KBWI), United States of America","Chicago-Midway Airport, IL (MDW/KMDW), United States of America",1248,,Fatalities: 0 / Occupants: 103 
20051209-0,Final,Friday 9 December 2005,22:40,Embraer EMB-110P1 Bandeirante,AirNow,,,, N790RA, 110278, 1980,14890,, 2 Pratt & Whitney Canada PT6A-34,,Fatalities: 0 / Occupants: 1,Fatalities: 0 / Occupants: 0,,, Damaged beyond repair,,"0,4 km (0.3 mls) from  Orangeburg Municipal Airport, SC (OGB) (   United States of America) 
", Approach (APR),Ferry/positioning,"Savannah International Airport, GA (SAV/KSAV), United States of America","Columbia Metropolitan Airport, SC (CAE/KCAE), United States of America",,,Fatalities: 0 / Occupants: 1 
20051210-0,Final,Saturday 10 December 2005,14:08,McDonnell Douglas DC-9-32,Sosoliso Airlines,,,, 5N-BFD, 47562/685, 1972,51051,, 2 Pratt & Whitney JT8D-9A,60238,Fatalities: 7 / Occupants: 7,Fatalities: 101 / Occupants: 103,,, Destroyed, Written off (damaged beyond repair),"Port Harcourt Airport (PHC) (   Nigeria) 
", Landing (LDG),Domestic Scheduled Passenger,"Abuja International Airport (ABV/DNAA), Nigeria","Port Harcourt Airport (PHC/DNPO), Nigeria",1145,,Fatalities: 108 / Occupants: 110 
20051216-0,Final,Friday 16 December 2005,ca 11:50,de Havilland Canada DHC-6 Twin Otter 300,Nature Air,,,, TI-AZQ, 805, 1984,37107,, 2 Pratt & Whitney Canada PT6A-27,80525,Fatalities: 0 / Occupants: 2,Fatalities: 0 / Occupants: 6,,, Substantial, Written off (damaged beyond repair),"2 km (1.3 mls) from  Tamarindo Airport (TNO) (   Costa Rica) 
", Approach (APR),Domestic Scheduled Passenger,"San José-Tobias Bolanos International Airport (SYQ/MRPV), Costa Rica","Tamarindo Airport (TNO/MRTM), Costa Rica", 330,,Fatalities: 0 / Occupants: 8 
20051219-0,Final,Monday 19 December 2005,14:39,Grumman G-73T Turbo Mallard,Chalk's Ocean Airways,,,, N2969, J-27, 1947,31226,, 2 Pratt & Whitney Canada PT6A-34,39743,Fatalities: 2 / Occupants: 2,Fatalities: 18 / Occupants: 18,,, Damaged beyond repair,,"Miami, FL (   United States of America) 
", Initial climb (ICL),International Scheduled Passenger,"Miami SPB, FL (MPB), United States of America","Bimini-North SPB (NSB), Bahamas", 101,,Fatalities: 20 / Occupants: 20 
20051222-0,,Thursday 22 December 2005,15:05 UTC,Beechcraft B200 Super King Air,Slave Air,,,, C-FSAT, BB-1526, 1996,,,,,Fatalities: 0 / Occupants: 2,Fatalities: 0 / Occupants: 3,,, Substantial, Repaired,"Valleyview Airport, AB (   Canada) 
", Takeoff (TOF),Ambulance,"Valleyview Airport, AB, Canada",?,,,Fatalities: 0 / Occupants: 5 
20051223-0,Preliminary,Friday 23 December 2005,ca 22:40,Antonov An-140-100,Azerbaijan Airlines,,,, 4K-AZ48, 36525307036, 2004,,, 2 Klimov TV3-117VMA-SBM1,,Fatalities: 5 / Occupants: 5,Fatalities: 18 / Occupants: 18,,, Destroyed, Written off (damaged beyond repair),"near Nardaran (   Azerbaijan) 
", En route (ENR),International Scheduled Passenger,"Baku-Heydar Aliyev International Airport (GYD/UBBB), Azerbaijan","Aktau Airport (SCO/UATE), Kazakhstan", 217,,Fatalities: 23 / Occupants: 23 
20051223-1,Preliminary,Friday 23 December 2005,01:15,Boeing 707-373C,Koda Air,,,, 9L-LDU, 19179/500, 1966,,, 4 Pratt & Whitney JT3D-3B,,Fatalities: 0 / Occupants: ,Fatalities: 0 / Occupants: ,,, Damaged beyond repair,,"Istanbul-Sabiha Gökçen Airport (SAW) (   Turkey) 
", Standing (STD),Cargo,?,?,,,Fatalities: 0 / Occupants:  
20051223-2,,Friday 23 December 2005,,Antonov An-24RV,,Aéro-Service,,Pecotox Air, ER-AZX, 47309804, 1974,,, 2 Ivchenko AI-24VT,,Fatalities: 0 / Occupants: ,Fatalities: 0 / Occupants: ,,, Substantial, Repaired,"Pokola (   Congo) 
", Landing (LDG),Unknown,?,?,,,Fatalities: 0 / Occupants:  
20051224-0,Preliminary,Saturday 24 December 2005,,Antonov An-28,,African Union,,Tepavia Trans, ER-AJE, 1AJ006-12, 1989,,, 2 Glushenkov TVD-10B,,Fatalities: 2 / Occupants: 2,Fatalities: 0 / Occupants: 0,,, Damaged beyond repair,,"Zalingei (   Sudan) 
", Unknown (UNK),Unknown,"Zalingei Airport (HSZA), Sudan","El Fasher Airport (ELF/HSFS), Sudan",,,Fatalities: 2 / Occupants: 2 
20051224-1,Final,Saturday 24 December 2005,07:43,Cessna 208B Super Cargomaster,,Empire Airlines,,FedEx, N753FE, 208B0248, 1991,7375,, 1 Pratt & Whitney Canada PT6A-114A,,Fatalities: 0 / Occupants: 1,Fatalities: 0 / Occupants: 0,,, Damaged beyond repair,,"Portland International Airport, OR (PDX) (   United States of America) 
", Takeoff (TOF),Cargo,"Portland International Airport, OR (PDX/KPDX), United States of America","Roseburg Municipal Airport, OR (RBG/KRBG), United States of America",,,Fatalities: 0 / Occupants: 1 
20051226-0,Preliminary,Monday 26 December 2005,17:00,Beechcraft A100 King Air,Unknown,,,, YV1507, B-155, 1973,,,,,Fatalities: 0 / Occupants: 2,Fatalities: 0 / Occupants: 1,,, Damaged beyond repair,,"near Paparo (   Venezuela) 
", En route (ENR),Unknown,"Barcelona-Gen J A Anzoategui Airport (BLA/SVBC), Venezuela","Charallave-Óscar Machado Zuloaga Airport (SVCS), Venezuela",,,Fatalities: 0 / Occupants: 3 
20051228-0,Final,Wednesday 28 December 2005,14:06,Learjet 35A,Skyward Aviation,,,, N781RS, 35A-218, 1978,9244,, 2 Garrett TFE731-2-2B,,Fatalities: 2 / Occupants: 2,Fatalities: 0 / Occupants: 0,,, Damaged beyond repair,,"0,5 km (0.3 mls) E of Truckee Airport, CA (TKF) (   United States of America) 
", Approach (APR),Ferry/positioning,"Twin Falls City County Airport, ID (TWF/KTWF), United States of America","Truckee Airport, CA (TKF/KTRK), United States of America",,,Fatalities: 2 / Occupants: 2 
20051230-0,Preliminary - official,Friday 30 December 2005,21:00 UTC,Beechcraft A100 King Air,Transwest Air,,,, C-GAPK, B-198, 1974,,, 2 Pratt & Whitney Canada PT6A-28,,Fatalities: 0 / Occupants: ,Fatalities: 0 / Occupants: ,,, Damaged beyond repair,,"La Ronge Airport, SK (YVC) (   Canada) 
", Landing (LDG),Ambulance,"Pinehouse Lake Airport, SK (ZPO/CZPO), Canada","La Ronge Airport, SK (YVC/CYVC), Canada",,,Fatalities: 0 / Occupants:  
