Identifiant:,Status:,Date:,Time:,Type:,Operator:,Operating for:,On behalf of:,Leased from:,Registration:,C/n / msn:,First flight:,Total airframe hrs:,Year built:,Engines:,Cycles:,Crew:,Passengers:,Ground casualties:,Collision casualties:,Aircraft damage:,Aircraft fate:,Location:,Phase:,Nature:,Departure airport:,Destination airport:,Flightnumber:,Probable cause:,Total:
20030104-0,Final,Saturday 4 January 2003,17:35,Cessna 525 CitationJet,JS Táxi Aéreo,,,, PT-XJS, 525-0239, 1998,1321,, 2 Williams International FJ44-1A,,Fatalities: 0 / Occupants: 2,Fatalities: 0 / Occupants: 2,,, Substantial, Repaired,"São Paulo-Congonhas Airport, SP (CGH) (   Brazil) 
", Landing (LDG),Executive,"Morrinhos Airport, GO (SWMX), Brazil","São Paulo-Congonhas Airport, SP (CGH/SBSP), Brazil",,,Fatalities: 0 / Occupants: 4 
20030106-0,Final,Monday 6 January 2003,12:48,Embraer EMB-145LR (ERJ-145LR),,,Continental Express,, N16571, 145633, 2002,845,,,,Fatalities: 0 / Occupants: 3,Fatalities: 0 / Occupants: 47,,, Substantial, Repaired,"Cleveland-Hopkins International Airport, OH (CLE) (   United States of America) 
", Landing (LDG),Domestic Scheduled Passenger,"Windsor Locks-Bradley International Airport, CT (BDL/KBDL), United States of America","Cleveland-Hopkins International Airport, OH (CLE/KCLE), United States of America",2051,,Fatalities: 0 / Occupants: 50 
20030107-0,Preliminary - official,Tuesday 7 January 2003,18:24,Raytheon 390 Premier I,Caribbean Aviation,,,, N390RB, RB-26, 2001,,, 2 Williams International FJ44-2A,,Fatalities: 0 / Occupants: 2,Fatalities: 0 / Occupants: 2,,, Damaged beyond repair,,"Santo Domingo-Herrera Airport (HEX) (   Dominican Republic) 
", Landing (LDG),Unknown,"Santo Domingo-Las Américas José Francisco Peña Gómez Int'l Airport (SDQ/MDSD), Dominican Republic","Santo Domingo-Herrera International Airport (HEX/MDHE), Dominican Republic",,,Fatalities: 0 / Occupants: 4 
20030108-0,Final,Wednesday 8 January 2003,08:49,Beechcraft 1900D,,,US Airways Express,, N233YV, UE-233, 1996,15003,, 2 Pratt & Whitney Canada PT6A-67D,21332,Fatalities: 2 / Occupants: 2,Fatalities: 19 / Occupants: 19,,, Destroyed, Written off (damaged beyond repair),"Charlotte-Douglas International Airport, NC (CLT) (   United States of America) 
", Takeoff (TOF),Domestic Scheduled Passenger,"Charlotte-Douglas International Airport, NC (CLT/KCLT), United States of America","Greenville-Spartanburg Airport, SC (GSP/KGSP), United States of America",5481,,Fatalities: 21 / Occupants: 21 
20030108-1,Preliminary - official,Wednesday 8 January 2003,20:19,Avro RJ100,THY Turkish Airlines,,,, TC-THG, E3241, 1994-03-04  (8 years 10 months),,, 4 Lycoming LF507-1F,,Fatalities: 5 / Occupants: 5,Fatalities: 70 / Occupants: 75,,, Damaged beyond repair,,"Diyarbakir Airport (DIY) (   Turkey) 
", Approach (APR),Domestic Scheduled Passenger,"Istanbul-Atatürk International Airport (IST/LTBA), Turkey","Diyarbakir Airport (DIY/LTCC), Turkey",634,,Fatalities: 75 / Occupants: 80 
20030108-2,Final,Wednesday 8 January 2003,18:15,de Havilland Canada DHC-8-401 Q400,Horizon Air,,,, N409QX, 4051, 2001,2760,,,,Fatalities: 0 / Occupants: 3,Fatalities: 0 / Occupants: 29,,, Substantial, Repaired,"near Medford, OR (   United States of America) 
", Approach (APR),Domestic Scheduled Passenger,"Seattle/Tacoma International Airport, WA (SEA/KSEA), United States of America","Medford-Rogue Valley International, OR (MFR/KMFR), United States of America",,,Fatalities: 0 / Occupants: 32 
20030109-0,Final,Thursday 9 January 2003,ca 08:45,Fokker F-28 Fellowship 1000,Transportes Aéreos Nacionales de la Selva - TANS,,,, OB-1396, 11100, 1975-11-13  (27 years 2 months),,, 2 Rolls-Royce Spey 555-15,,Fatalities: 5 / Occupants: 5,Fatalities: 41 / Occupants: 41,,, Damaged beyond repair,,"near Chachapoyas (   Peru) 
", Approach (APR),Domestic Scheduled Passenger,"Chiclayo-Capitan FAP Jose Abelardo Quiñones Airport (CIX/SPHI), Peru","Chachapoyas Airport (CHH/SPPY), Peru", 222,,Fatalities: 46 / Occupants: 46 
20030109-1,Preliminary - official,Thursday 9 January 2003,22:30 UTC,de Havilland Canada DHC-3T Vazar Turbine Otter,Harbour Air ,,,, C-FITF,  89, 1955,,, 1 Pratt & Whitney Canada PT6A-34,,Fatalities: 0 / Occupants: 1,Fatalities: 0 / Occupants: 1,,, Substantial, Repaired,"Eden Lake, BC (   Canada) 
", Landing (LDG),Unknown,?,"Eden Lake, BC, Canada",,,Fatalities: 0 / Occupants: 2 
20030109-2,Preliminary - official,Thursday 9 January 2003,,Fokker F-28 Fellowship 4000,Pelita Air Service,,,, PK-PJK, 11192, 1982-12-21  (20 years ),,,,,Fatalities: 0 / Occupants: 6,Fatalities: 0 / Occupants: 49,,, Minor, Repaired,"Gorontalo-Jalaluddin Airport (GTO) (   Indonesia) 
", Taxi (TXI),Domestic Scheduled Passenger,?,"Gorontalo-Jalaluddin Airport (GTO/WAMG), Indonesia",,,Fatalities: 0 / Occupants: 55 
20030114-1,,Tuesday 14 January 2003,ca 13:00,Britten-Norman BN-2A-26 Islander,Siam Air Sports,,,, HS-RON, 156, 1970-02-11  (33 years),,,,,Fatalities: 0 / Occupants: 1,Fatalities: 0 / Occupants: 6,,, Damaged beyond repair,,"1,5 km (0.9 mls) from  Pattaya Airport (PYX) (   Thailand) 
", En route (ENR),Parachuting,"Pattaya Airport (PYX/YTBF), Thailand","Pattaya Airport (PYX/YTBF), Thailand",,,Fatalities: 0 / Occupants: 7 
20030117-0,Final,Friday 17 January 2003,12:01,Fokker 50,,Air Nostrum,,Denim Air, PH-FZE, 20182, 1990,22534,, 2 Pratt & Whitney Canada PW125B,25803,Fatalities: 0 / Occupants: 5,Fatalities: 0 / Occupants: 14,,, Damaged beyond repair,,"Melilla Airport (MLN) (   Spain) 
", Landing (LDG),Domestic Scheduled Passenger,"Málaga Airport (AGP/LEMG), Spain","Melilla Airport (MLN/GEML), Spain",8276,,Fatalities: 0 / Occupants: 19 
20030117-1,Final,Friday 17 January 2003,09:40,Fokker F-28 Fellowship 4000,TAME Ecuador,,,, HC-BMD, 11220, 1984-12-04  (18 years 2 months),21547,, 2 Rolls-Royce Spey 555-15P,40084,Fatalities: 0 / Occupants: 5,Fatalities: 0 / Occupants: 72,,, Damaged beyond repair,,"Quito-Mariscal Sucre Airport (UIO) (   Ecuador) 
", Takeoff (TOF),Domestic Scheduled Passenger,"Quito-Mariscal Sucre Airport (UIO/SEQU), Ecuador","Tulcán Airport (TUA/SETU), Ecuador", 120,,Fatalities: 0 / Occupants: 77 
20030117-2,Preliminary,Friday 17 January 2003,,Antonov An-24B,,Aerocom,,Tiramavia, ER-AFT, 89901508, 1968,,,,,Fatalities: 5 / Occupants: 5,Fatalities: 2 / Occupants: 2,,, Damaged beyond repair,,"near Ndjolé (   Gabon) 
", En route (ENR),Ferry/positioning,"Brazzaville-Maya Maya Airport (BZV/FCBB), Congo","Douala Airport (DLA/FKKD), Cameroon",,,Fatalities: 7 / Occupants: 7 
20030117-3,Final,Friday 17 January 2003,09:00,British Aerospace 3101 Jetstream 31,Servicio Aéreo Vargas España - SAVE,,,, CP-2404, 680, 1985,,, 2 Garrett TPE331-10UG-513H,,Fatalities: 0 / Occupants: 2,Fatalities: 0 / Occupants: 19,,, Substantial, Written off (damaged beyond repair),"Yacuiba Airport (BYC) (   Bolivia) 
", Takeoff (TOF),Domestic Non Scheduled Passenger,"Yacuiba Airport (BYC/SLYA), Bolivia","Santa Cruz-El Trompillo Airport (SRZ/SLET), Bolivia",,,Fatalities: 0 / Occupants: 21 
20030118-0,- (No safety board investigation),Saturday 18 January 2003,,Embraer EMB-135LR (ERJ-135LR),American Eagle Airlines,,,, N714BZ, 145260, 2000,,, 2 Allison AE3007A3,,Fatalities: 0 / Occupants: 3,Fatalities: 0 / Occupants: 0,,, Damaged beyond repair,,"Columbus-Port Columbus International Airport, OH (CMH) (   United States of America) 
", Standing (STD),-,-,-,,,Fatalities: 0 / Occupants: 3 
20030119-0,Final,Sunday 19 January 2003,07:15,Airbus A319-114,Northwest Airlines,,,, N313NB, 1186, 2000,,, 2 CFMI CFM56-5A5,,Fatalities: 0 / Occupants: 2,Fatalities: 0 / Occupants: 0,,, Damaged beyond repair,,"New York-La Guardia Airport, NY (LGA) (   United States of America) 
", Taxi (TXI),-,-,-,,,Fatalities: 0 / Occupants: 2 
20030119-1,Final,Sunday 19 January 2003,07:15,Boeing 757-251,Northwest Airlines,,,, N550NW, 26497/968, 2001,5188,, 2 Pratt & Whitney PW2037,,Fatalities: 0 / Occupants: 1,Fatalities: 0 / Occupants: ,,, Substantial, Repaired,"New York-La Guardia Airport, NY (LGA) (   United States of America) 
", Standing (STD),Domestic Scheduled Passenger,"New York-La Guardia Airport, NY (LGA/KLGA), United States of America","Minneapolis-St. Paul International Airport, MN (MSP/KMSP), United States of America",,,Fatalities: 0 / Occupants:  
20030119-2,,Sunday 19 January 2003,,Boeing 737-8D6,Air Algérie,,,, registration unknown, , ,,,,,Fatalities: 0 / Occupants: 6,Fatalities: 0 / Occupants: 25,,, None,,"Algiers-Houari Boumediene Airport (ALG) (   Algeria) 
", En route (ENR),Domestic Scheduled Passenger,"Constantine-Ain el Bey Airport (CZL/DABC), Algeria","Algiers-Houari Boumediene Airport (ALG/DAAG), Algeria",6025,,Fatalities: 0 / Occupants: 31 
20030121-0,Final,Tuesday 21 January 2003,10:00,de Havilland Canada DHC-6 Twin Otter 200,ERA Aviation,,,, N206EH, 194, 1969,46564,, 2 Pratt & Whitney Canada PT6A-20,,Fatalities: 0 / Occupants: 2,Fatalities: 0 / Occupants: 8,,, Substantial, Repaired,"Kipnuk Airport, AK (KPN) (   United States of America) 
", Landing (LDG),Domestic Scheduled Passenger,"Bethel Airport, AK (BET/PABE), United States of America","Kipnuk Airport, AK (KPN/PAKI), United States of America", 863,,Fatalities: 0 / Occupants: 10 
20030123-0,Preliminary,Thursday 23 January 2003,16:42,Boeing 737-2B7,Star Air,,,, PK-ALV, 23135/1054, 1984-10-04  (18 years 4 months),,, 2 Pratt & Whitney JT8D-15A (HK),,Fatalities: 0 / Occupants: 6,Fatalities: 0 / Occupants: 117,,, Substantial, Repaired,"Jakarta-Soekarno-Hatta International Airport (CGK) (   Indonesia) 
", Landing (LDG),Domestic Scheduled Passenger,"Balikpapan-Sepingan Airport (BPN/WALL), Indonesia","Jakarta-Soekarno-Hatta International Airport (CGK/WIII), Indonesia",,,Fatalities: 0 / Occupants: 123 
20030124-0,Preliminary,Friday 24 January 2003,16:45,Grumman G-159 Gulfstream I,African Commuter Services,,,, 5Y-EMJ, 158, 1965,,, 2 Rolls-Royce Dart 529-8H,,Fatalities: 2 / Occupants: 3,Fatalities: 1 / Occupants: 9,,, Damaged beyond repair,,"Busia (   Kenya) 
", Takeoff (TOF),Executive,"Busia Airport (HKBA), Kenya","Nairobi (unknown airport), Kenya",,,Fatalities: 3 / Occupants: 12 
20030124-1,,Friday 24 January 2003,ca 13:30,Embraer EMB-145LR (ERJ-145LR),Sichuan Airlines,,,, B-3043, 145377, 2001,,, 2 Allison AE3007A1/2,,Fatalities: 0 / Occupants: 5,Fatalities: 0 / Occupants: 11,,, None,,"near Chengdu (   China) 
", Unknown (UNK),Domestic Scheduled Passenger,"Chongqing-Jiangbei International Airport (CKG/ZUCK), China","Chengdu Airport (CTU/ZUUU), China", 434,,Fatalities: 0 / Occupants: 16 
20030124-2,Final,Friday 24 January 2003,10:15,Cessna 208B Super Cargomaster,,Baron Aviation,,FedEx, N944FE, 208B0044, 1987,7503,, 1 Pratt & Whitney Canada PT6A-114,,Fatalities: 0 / Occupants: 2,Fatalities: 0 / Occupants: 0,,, Damaged beyond repair,,"San Angelo-Ducote Airpark, TX (   United States of America) 
", Approach (APR),Training,"San Angelo-Mathis Field, TX (SJT/KSJT), United States of America","San Angelo-Ducote Airpark, TX, United States of America",,,Fatalities: 0 / Occupants: 2 
20030126-0,Preliminary - official,Sunday 26 January 2003,14:15,Boeing 737-2M9,VASP - Viação Aérea São Paulo,,,, PP-SPJ, 21236/461, 1976-05-26  (26 years 8 months),,, 2 Pratt & Whitney JT8D-17,,Fatalities: 0 / Occupants: 6,Fatalities: 0 / Occupants: 87,,, Damaged beyond repair,,"Rio Branco-Plácido de Castro International Airport, AC (RBR) (   Brazil) 
", Landing (LDG),Domestic Scheduled Passenger,"Manaus-Eduardo Gomes International Airport, AM (MAO/SBEG), Brazil","Rio Branco-Plácido de Castro International Airport, AC (RBR/SBRB), Brazil",,,Fatalities: 0 / Occupants: 93 
20030129-0,Final,Wednesday 29 January 2003,ca 18:40,Beechcraft B99 Airliner,Bearskin Airlines,,,, C-GHVI, U-153, 1974,,, 2 Pratt & Whitney Canada PT6A-28,,Fatalities: 0 / Occupants: 2,Fatalities: 0 / Occupants: 3,,, Substantial, Repaired,"3,5 km (2.2 mls) from  Pikangikum, ON (   Canada) 
", En route (ENR),Domestic Scheduled Passenger,"Pikangikum Airport, ON (YPM/CYPM), Canada","Poplar Hill Airport, ON (YHP), Canada",,,Fatalities: 0 / Occupants: 5 
20030131-0,Final,Friday 31 January 2003,15:21,Ilyushin Il-76TD,Euro Asia Aviation,,,, RDPL-34141, 0053465941, 1986,2349,, 4 Soloviev D-30KP-2,1400,Fatalities: 4 / Occupants: 4,Fatalities: 2 / Occupants: 2,,, Damaged beyond repair,,"2 km (1.3 mls) NNW of Baucau-Cakung Airport (BCH) (   East Timor) 
", Approach (APR),Cargo,"Macau Airport (MFM/VMMC), Macau","Baucau-English Madeira Airport (BCH/WPEC), East Timor",,,Fatalities: 6 / Occupants: 6 
20030201-0,Preliminary - official,Saturday 1 February 2003,ca 10:00,Boeing 737-4Q8,Alaska Airlines,,,, N764AS, 25101/2348, 1992-07-31  (10 years 6 months),,, 2 CFMI CFM56-3C1,,Fatalities: 0 / Occupants: ,Fatalities: 0 / Occupants: ,,, Substantial, Repaired,"Vancouver International Airport, BC (YVR) (   Canada) 
", Landing (LDG),International Scheduled Passenger,"Los Angeles International Airport, CA (LAX/KLAX), United States of America","Vancouver International Airport, BC (YVR/CYVR), Canada",,,Fatalities: 0 / Occupants:  
20030202-0,,Sunday 2 February 2003,,Boeing 757-2Z0,Air China,,,, registration unknown, , ,,,,,Fatalities: 0 / Occupants: 12,Fatalities: 0 / Occupants: 148,,, None,,"Fuzhou Airport (FOC) (   China) 
", Landing (LDG),Domestic Scheduled Passenger,"Beijing-Capital Airport (PEK/ZBAA), China","Fuzhou Airport (FOC/ZSFZ), China",1505,,Fatalities: 0 / Occupants: 160 
20030207-0,,Friday 7 February 2003,,Airbus A310-304,THY Turkish Airlines,,,, TC-JDA, 496, 1989-02-20  (14 years),,, 2 General Electric CF6-80C2A2,,Fatalities: 0 / Occupants: 7,Fatalities: 0 / Occupants: 222,,, None,,"Istanbul-Atatürk Airport (IST) (   Turkey) 
", Standing (STD),Domestic Scheduled Passenger,"Ankara-Esenboga Airport (ESB/LTAC), Turkey","Istanbul-Atatürk International Airport (IST/LTBA), Turkey", 143,,Fatalities: 0 / Occupants: 229 
20030210-0,Final,Monday 10 February 2003,19:42,Antonov An-28,Enimex,,,, ES-NOY, 1AJ006-04, 1989,1428,, 2 Glushenkov TVD-10B,2141,Fatalities: 2 / Occupants: 3,Fatalities: 0 / Occupants: 0,,, Damaged beyond repair,,"Tallinn-Ulemiste Airport (TLL) (   Estonia) 
", Takeoff (TOF),Cargo,"Tallinn-Ülemiste Airport (TLL/EETN), Estonia","Helsinki-Vantaa Airport (HEL/EFHK), Finland",ENI827,,Fatalities: 2 / Occupants: 3 
20030213-0,Preliminary,Thursday 13 February 2003,08:43,Cessna 208B Grand Caravan,One Leasing,,,, N1116G, 208B0402, 1994,,, 1 Pratt & Whitney Canada PT6A-114A,,Fatalities: 0 / Occupants: 2,Fatalities: 0 / Occupants: 3,,, Damaged beyond repair,,"near El Para (   Colombia) 
", En route (ENR),Ferry/positioning,"Bogotá-Eldorado Airport (BOG/SKBO), Colombia","Florencia Airport (FLA/SKFL), Colombia",,,Fatalities: 0 / Occupants: 5 
20030214-0,,Friday 14 February 2003,,Britten-Norman BN-2A-21 Islander,Belgische Luchtmacht,,,, B-03, 476, 1975-11-08  (27 years 4 months),,,,,Fatalities: 0 / Occupants: 2,Fatalities: 0 / Occupants: 0,,, Substantial, Repaired,"Brasschaat Air Base (   Belgium) 
", Landing (LDG),Military,?,"Brasschaat Air Base (EBBT), Belgium",,,Fatalities: 0 / Occupants: 2 
20030219-0,Preliminary,Wednesday 19 February 2003,18:24,Ilyushin Il-76MD,Iranian Revolutionary Guard Corps Air Force - IRGCAF,,,, 15-2280, 0073481442, 1987,,,,,Fatalities: 8 / Occupants: 8,Fatalities: 267 / Occupants: 267,,, Destroyed, Written off (damaged beyond repair),"35 km (21.9 mls) SE from  Kerman (   Iran) 
", En route (ENR),Military,"Zahedan Airport (ZAH/OIZH), Iran","Kerman Airport (KER/OIKK), Iran",,,Fatalities: 275 / Occupants: 275 
20030219-1,Preliminary,Wednesday 19 February 2003,,Dornier 228-201,STAR Aviation,,,, AP-BGF, 8016, 1983,,,,,Fatalities: 0 / Occupants: ,Fatalities: 0 / Occupants: ,,, Substantial, Written off (damaged beyond repair),"Karachi-Quaid-E-Azam International Airport (KHI) (   Pakistan) 
", Standing (STD),Unknown,?,?,,,Fatalities: 0 / Occupants:  
20030220-0,Preliminary,Thursday 20 February 2003,08:30,Fokker F-27 Friendship 200,Pakistan Air Force,,,, 10254, 10254, 1964,,, 2 Rolls-Royce Dart 532-7,,Fatalities: 8 / Occupants: 8,Fatalities: 9 / Occupants: 9,,, Damaged beyond repair,,"32 km (20 mls) E of Kohat (   Pakistan) 
", En route (ENR),Military,"Islamabad International Airport (ISB/OPRN), Pakistan","Kohat Airport (OHT/OPKT), Pakistan",,,Fatalities: 17 / Occupants: 17 
20030227-0,Preliminary - official,Thursday 27 February 2003,,Aérospatiale / BAC Concorde 101,Air France,,,, F-BVFA, 205, 1975,,,,,Fatalities: 0 / Occupants: 6,Fatalities: 0 / Occupants: 39,,, Minor, Repaired,"over Atlantic Ocean (   Atlantic Ocean) 
", En route (ENR),International Scheduled Passenger,"Paris-Charles de Gaulle Airport (CDG/LFPG), France","New York-John F. Kennedy International Airport, NY (JFK/KJFK), United States of America",,,Fatalities: 0 / Occupants: 45 
20030227-1,,Thursday 27 February 2003,19:50,Fokker F-27 Friendship 500,"Airwork, NZ",,,, ZK-NAN, 10365, 1968,,, 2 Rolls-Royce Dart 532-7R,,Fatalities: 0 / Occupants: 2,Fatalities: 0 / Occupants: 0,,, Damaged beyond repair,,"Blenheim Woodbourne Air Station (BHE) (   New Zealand) 
", Standing (STD),Training,?,"Blenheim-Woodbourne Airport (BHE/NZWB), New Zealand",,,Fatalities: 0 / Occupants: 2 
20030301-0,Final,Saturday 1 March 2003,14:25,Let L-410UVP,Borki Air Club,,,, FLARF-01032, 831109, 1983,,, 2 Walter M-601D,,Fatalities: 2 / Occupants: 2,Fatalities: 9 / Occupants: 23,,, Damaged beyond repair,,"2 km (1.3 mls) from  Borki (   Russia) 
", Maneuvering (MNV),Parachuting,"Borki Airport, Russia","Borki Airport, Russia",,,Fatalities: 11 / Occupants: 25 
20030302-0,Final,Sunday 2 March 2003,15:04,Cessna 208B Grand Caravan,Bering Air,,,, N205BA, 208B0890, 2001,2082,, 1 Pratt & Whitney Canada PT6A-114A,,Fatalities: 0 / Occupants: 1,Fatalities: 0 / Occupants: 0,,, Substantial, Repaired,"1,6 km (1 mls) W of Kotzebue Airport, AK (OTZ) (   United States of America) 
", Approach (APR),Ferry/positioning,"Shungnak Airport, AK (SHG/PAGH), United States of America","Kotzebue Airport, AK (OTZ/PAOT), United States of America",,,Fatalities: 0 / Occupants: 1 
20030305-0,Final,Wednesday 5 March 2003,11:50,Cessna 208B Grand Caravan,Wright Stuff,,,, N9793B, 208B0114, 1988,8274,, 1 Pratt & Whitney Canada PT6A-114,,Fatalities: 0 / Occupants: 1,Fatalities: 0 / Occupants: 3,,, Substantial, Repaired,"1.8 km (1.1 mls) S of Creswell, OR (   United States of America) 
", Initial climb (ICL),Private,"Creswell-Hobby Field Airport, OR, United States of America","Cottage Grove State Airport, OR, United States of America",,,Fatalities: 0 / Occupants: 4 
20030306-0,Final,Thursday 6 March 2003,15:15,Boeing 737-2T4,Air Algérie,,,, 7T-VEZ, 22700/885, 1982-06-09  (20 years 9 months),41472,, 2 Pratt & Whitney JT8D-17A (HK3),27184,Fatalities: 6 / Occupants: 6,Fatalities: 96 / Occupants: 97,,, Destroyed, Written off (damaged beyond repair),"Tamanrasset Airport (TMR) (   Algeria) 
", Initial climb (ICL),Domestic Scheduled Passenger,"Tamanrasset-Aguemar Airport (TMR/DAAT), Algeria","Ghardaïa-Noumérat Airport (GHA/DAUG), Algeria",6289,,Fatalities: 102 / Occupants: 103 
20030306-1,Final,Thursday 6 March 2003,20:50,ATR 42-300,,Minerva Airlines,,Air Industria, I-ATRF, 034, 1986,27472,, 2 Pratt & Whitney Canada PW120,28492,Fatalities: 0 / Occupants: 3,Fatalities: 0 / Occupants: 42,,, Substantial, Written off (damaged beyond repair),"Roma-Fiumicino Airport (FCO) (   Italy) 
", Takeoff (TOF),Domestic Scheduled Passenger,"Roma-Fiumicino Airport (FCO/LIRF), Italy","Rimini-Miramare Airport (RMI/LIPR), Italy", 406,,Fatalities: 0 / Occupants: 45 
20030308-0,Final,Saturday 8 March 2003,10:27,Fokker F-27 Friendship 500RF,,,FedEx Express,, N712FE, 10613, 1981,26665,, 2 Rolls-Royce Dart 532-7R,,Fatalities: 0 / Occupants: 2,Fatalities: 0 / Occupants: 0,,, Substantial, Written off (damaged beyond repair),"Kinston Regional Jetport, NC (ISO) (   United States of America) 
", Landing (LDG),Cargo,"Greensboro/High Point-Piedmont Triad International Airport, NC (GSO/KGSO), United States of America","New Bern-Craven County Regional Airport, NC (EWN/KEWN), United States of America",,,Fatalities: 0 / Occupants: 2 
20030310-0,Preliminary - official,Monday 10 March 2003,11:00 UTC,Aero Modifications AMI DC-3-65TP,,International Red Cross,,Rossair Contracts, ZS-MFY, 12073, 1943,48069,, 2 Pratt & Whitney Canada PT6A-65AR,,Fatalities: 0 / Occupants: 3,Fatalities: 0 / Occupants: 18,,, Substantial, Repaired,"Rumbek Airport (RBX) (   South Sudan) 
", Landing (LDG),Non Scheduled Passenger,"Marial Bal Airstrip, South Sudan","Rumbek Airport (RBX/HSMK), South Sudan",,,Fatalities: 0 / Occupants: 21 
20030312-0,Final,Wednesday 12 March 2003,15:28,Boeing 747-412,Singapore Airlines,,,, 9V-SMT, 27137/990, 1993-08-04  (9 years 7 months),43627,, 4 Pratt & Whitney PW4056,6712,Fatalities: 0 / Occupants: 20,Fatalities: 0 / Occupants: 369,,, Substantial, Repaired,"Auckland International Airport (AKL) (   New Zealand) 
", Takeoff (TOF),International Scheduled Passenger,"Auckland International Airport (AKL/NZAA), New Zealand","Singapore-Changi International Airport (SIN/WSSS), Singapore", 286,,Fatalities: 0 / Occupants: 389 
20030312-1,,Wednesday 12 March 2003,,Boeing 737-2T4,Xiamen Airlines,,,, B-2516, 23447/1167, 1985-10-19  (17 years 5 months),,, 2 Pratt & Whitney JT8D-17A,,Fatalities: 0 / Occupants: ,Fatalities: 0 / Occupants: ,,, Damaged beyond repair,,"Ningbo Airport (NGB) (   China) 
", Standing (STD),Unknown,?,?,,,Fatalities: 0 / Occupants:  
20030312-2,,Wednesday 12 March 2003,,Grumman C-2A Greyhound,United States Navy,,,, 162153, 33, ,,,,,Fatalities: 0 / Occupants: ,Fatalities: 0 / Occupants: ,,, Damaged beyond repair,,"Cherry Point MCAS, NC (NKT) (   United States of America) 
", Unknown (UNK),Military,?,"Cherry Point MCAS, NC (KNKT), United States of America",,,Fatalities: 0 / Occupants:  
20030315-0,Final,Saturday 15 March 2003,14:25 MST,Cessna 501 Citation I/SP,Dancing Wind Aviation,,,, N70FJ, 501-0073, 1978,7120,, 2 Williams International FJ44-2A,,Fatalities: 1 / Occupants: 1,Fatalities: 2 / Occupants: 2,,, Destroyed, Written off (damaged beyond repair),"28 km (17.5 mls) ESE of Carey, ID (   United States of America) 
", Approach (APR),Private,"Salt Lake City International Airport, UT (SLC/KSLC), United States of America","Hailey-Friedman Memorial Airport, ID (SUN/KSUN), United States of America",,,Fatalities: 3 / Occupants: 3 
20030315-1,Final,Saturday 15 March 2003,17:25,Antonov An-2R,,Anuschka Club International,,Kaunas Aviation, LY-KAG, 1G195-22, 1982,4471,, 1 Shvetsov ASh-62IR,1408,Fatalities: 0 / Occupants: 1,Fatalities: 0 / Occupants: 2,,, Substantial, Written off (damaged beyond repair),"St. Moritz-Samedan Airport (SMV) (   Switzerland) 
", Initial climb (ICL),Private,"St. Moritz-Samedan Airport (SMV/LSZS), Switzerland","St. Moritz-Samedan Airport (SMV/LSZS), Switzerland",,,Fatalities: 0 / Occupants: 3 
20030319-0,- (No safety board investigation),Wednesday 19 March 2003,18:45,Douglas DC-3C,Aerotaxi,,,, CU-T1192, 10028, 1942,,, 2 Wright R-1820,,Fatalities: 0 / Occupants: 3,Fatalities: 0 / Occupants: 26,,, None,,"Key West International Airport, FL (EYW) (   United States of America) 
", En route (ENR),Domestic Scheduled Passenger,"Nueva Gerona-Rafael Cabrera Airport (GER/MUNG), Cuba","Havana-José Martí International Airport (HAV/MUHA), Cuba", 887,,Fatalities: 0 / Occupants: 29 
20030319-1,Preliminary - official,Wednesday 19 March 2003,14:40,Beechcraft 1900D,Ashanti Gold Fields,,,, 9G-AGF, UE-136, ,,, 2 Pratt & Whitney Canada PT6A-67D,,Fatalities: 0 / Occupants: 2,Fatalities: 0 / Occupants: 4,,, Substantial,,"Obuasi Airstrip (   Ghana) 
", Takeoff (TOF),Executive,"Obuasi Airstrip, Ghana","Accra-Kotoka Airport (ACC/DGAA), Ghana",,,Fatalities: 0 / Occupants: 6 
20030320-0,,Thursday 20 March 2003,,Beechcraft 200 Super King Air,Procuraduría General de la República (PGR),,,, XC-ADP, BB-156, 1976,,,,,Fatalities: 0 / Occupants: 2,Fatalities: 0 / Occupants: 3,,, Damaged beyond repair,,"Badiraguato Airport (   Mexico) 
", Landing (LDG),Military,"Hermosillo-Gen Pesqueira Garcia Airport (HMO/MMHO), Mexico","Badiraguato Airport, Mexico",,,Fatalities: 0 / Occupants: 5 
20030321-0,Final,Friday 21 March 2003,22:35,Airbus A321-131,TransAsia Airways,,,, B-22603, 602, 1996,13516,, 2 IAE V2530-A5,18580,Fatalities: 0 / Occupants: 6,Fatalities: 0 / Occupants: 169,,, Substantial, Written off (damaged beyond repair),"Tainan Airport (TNN) (   Taiwan) 
", Landing (LDG),Domestic Scheduled Passenger,"Taipei-Songshan Airport (TSA/RCSS), Taiwan","Tainan Airport (TNN/RCNN), Taiwan",GE543,,Fatalities: 0 / Occupants: 175 
20030323-0,Final,Sunday 23 March 2003,13:25 UTC,Mitusbishi Mu-300 Diamond IA,Chubb do Brasil Companhia de Seguros,,,, PT-LNN, A048SA, 1982,,,,,Fatalities: 0 / Occupants: 2,Fatalities: 0 / Occupants: 1,,, Damaged beyond repair,,"Santos Air Base, SP (SSZ) (   Brazil) 
", Landing (LDG),Executive,"Rio de Janeiro-Santos Dumont Airport, RJ (SDU/SBRJ), Brazil","Santos Air Base, SP (SSZ/SBST), Brazil",,,Fatalities: 0 / Occupants: 3 
20030323-1,,Sunday 23 March 2003,14:00 UTC,Boeing 737-217 Adv,Zip,,,, C-GKCP, 22729/915, 1982-09-23  (20 years 6 months),,, 2 Pratt & Whitney JT8D-17A (HK3),,Fatalities: 0 / Occupants: ,Fatalities: 0 / Occupants: ,,, Minor, Repaired,"Calgary International Airport (CYYC), Alberta (   Canada) 
", Standing (STD),Domestic Scheduled Passenger,"Calgary International Airport, AB (YYC/CYYC), Canada","Vancouver International Airport, BC (YVR/CYVR), Canada",AC201,,Fatalities: 0 / Occupants:  
20030325-0,Preliminary - official,Tuesday 25 March 2003,19:20,Cessna 208B Grand Caravan,One Leasing,,,, N5512B, 208B0299, 1992,,, 1 Pratt & Whitney Canada PT6A-114A,,Fatalities: 2 / Occupants: 2,Fatalities: 1 / Occupants: 1,,, Damaged beyond repair,,"near El Paujil (   Colombia) 
", Maneuvering (MNV),Survey/research,"Larandia Air Base, Colombia","Larandia Air Base, Colombia",,,Fatalities: 3 / Occupants: 3 
20030325-1,Preliminary,Tuesday 25 March 2003,,Canadair CL-215-6B11 (CL-215T),Ejército del Aire,,,, UD.13-29, 1124, 1990,,,,,Fatalities: 2 / Occupants: 4,Fatalities: 0 / Occupants: 0,,, Damaged beyond repair,,"off Mallorca (   Spain) 
", En route (ENR),Military,"Port de Pollença, Spain",?,,,Fatalities: 2 / Occupants: 4 
20030326-1,Preliminary,Wednesday 26 March 2003,,Boeing 737-4B6,Royal Air Maroc - RAM,,,, CN-RNF, 27678/2733, 1995-06-14  (7 years 10 months),,, 2 CFMI CFM56-3C1,,Fatalities: 0 / Occupants: 7,Fatalities: 0 / Occupants: 53,,, Damaged beyond repair,,"Oujda-Les Angades Airport (OUD) (   Morocco) 
", Landing (LDG),Passenger,?,"Oujda-Les Angades Airport (OUD/GMFO), Morocco",,,Fatalities: 0 / Occupants: 60 
20030327-0,Preliminary,Thursday 27 March 2003,ca 12:30,de Havilland Canada DHC-6 Twin Otter 300,Air Regional,,,, PK-WAY, 261, 1969,,, 2 Pratt & Whitney Canada PT6A-27,,Fatalities: 2 / Occupants: 2,Fatalities: 2 / Occupants: 14,,, Damaged beyond repair,,"near Mulia (   Indonesia) 
", En route (ENR),Domestic Non Scheduled Passenger,"Mulia Airport (LII/WABQ), Indonesia","Wamena Airport (WMX/WAJW), Indonesia",,,Fatalities: 4 / Occupants: 16 
20030328-0,,Friday 28 March 2003,,Airbus A310-304,THY Turkish Airlines,,,, TC-JCZ, 480, 1988-04-06  (15 years),,, 2 General Electric CF6-80C2A2,,Fatalities: 0 / Occupants: 8,Fatalities: 0 / Occupants: 196,,, None,,"Istanbul (   Turkey) 
", Unknown (UNK),Domestic Scheduled Passenger,"Istanbul-Atatürk International Airport (IST/LTBA), Turkey","Ankara-Esenboga Airport (ESB/LTAC), Turkey", 160,,Fatalities: 0 / Occupants: 204 
20030331-0,- (No safety board investigation),Monday 31 March 2003,,Antonov An-24RV,Cubana de Aviación,,,, CU-T1294, 27308105, 1972,,, 2 Ivchenko AI-24VT,,Fatalities: 0 / Occupants: 6,Fatalities: 0 / Occupants: 40,,, None,,"Key West International Airport, FL (EYW) (   United States of America) 
", Unknown (UNK),Domestic Scheduled Passenger,"Nueva Gerona-Rafael Cabrera Airport (GER/MUNG), Cuba","Havana-José Martí International Airport (HAV/MUHA), Cuba",,,Fatalities: 0 / Occupants: 46 
20030399-0,Preliminary,xx MAR 2003,,Hawker Siddeley HS-780 Andover C.1,748 Air Services,,,, 3C-KKB, Set 9, 1966,,, 2 Rolls-Royce Dart 201,,Fatalities: 0 / Occupants: ,Fatalities: 0 / Occupants: ,,, Damaged beyond repair,,"Rumbek (   South Sudan) 
", Landing (LDG),Cargo,?,?,,,Fatalities: 0 / Occupants:  
20030404-0,Final,Friday 4 April 2003,09:35,Beechcraft B200 King Air,FS Corsair Inc,,,, N257CG, BB-1739, 2001,359,, 2 Pratt & Whitney Canada PT6A-42,,Fatalities: 1 / Occupants: 1,Fatalities: 5 / Occupants: 6,,, Damaged beyond repair,,"1,6 km (1 mls) SE of Fitchburg Municipal Airport, MA (FIT) (   United States of America) 
", Approach (APR),Private,"New York-La Guardia Airport, NY (LGA/KLGA), United States of America","Fitchburg Municipal Airport, MA (FIT/KFIT), United States of America",,,Fatalities: 6 / Occupants: 7 
20030404-2,Preliminary,Friday 4 April 2003,,Ilyushin Il-76,Al Quwwat al Jawwiya al Iraqiya (Iraqi Air Force),,,, registration unknown, , ,,,,,Fatalities: 0 / Occupants: 0,Fatalities: 0 / Occupants: 0,,, Damaged beyond repair,,"Al Taqqadum (   Iraq) 
", Standing (STD),-,-,-,,,Fatalities: 0 / Occupants: 0 
20030405-1,- (No safety board investigation),Saturday 5 April 2003,,Saab 340B,American Eagle Airlines,,,, N243AE, 340B-243, 1991-04-05  (12 years ),23650,, 2 General Electric CT7-9B,27003,Fatalities: 0 / Occupants: 0,Fatalities: 0 / Occupants: 0,,, Damaged beyond repair,,"Dallas/Fort Worth International Airport, TX (DFW) (   United States of America) 
", Standing (STD),-,-,-,,,Fatalities: 0 / Occupants: 0 
20030405-2,- (No safety board investigation),Saturday 5 April 2003,ca 20:00,Saab 340B,American Eagle Airlines,,,, N268AE, 340B-268, 1991-09-23  (11 years 7 months),,, 2 General Electric CT7-9B,,Fatalities: 0 / Occupants: 0,Fatalities: 0 / Occupants: 0,,, Damaged beyond repair,,"Dallas/Fort Worth International Airport, TX (DFW) (   United States of America) 
", Standing (STD),-,-,-,,,Fatalities: 0 / Occupants: 0 
20030407-0,Final,Monday 7 April 2003,12:12,Cessna 501 Citation I/SP,Ibiza Flights,,,, EC-HFA, 500-0209, 1974,13309,, 2 Pratt & Whitney Canada JT15D-1A,14054,Fatalities: 0 / Occupants: 1,Fatalities: 0 / Occupants: 2,,, Damaged beyond repair,,"Zürich-Kloten Airport (ZRH) (   Switzerland) 
", Landing (LDG),Private,"Barcelona-El Prat Airport (BCN/LEBL), Spain","Zürich-Kloten Airport (ZRH/LSZH), Switzerland",,,Fatalities: 0 / Occupants: 3 
20030408-0,Final,Tuesday 8 April 2003,18:50,Dassault Falcon 20C,Grand Aire Express,,,, N179GA, 100, 1967,15899,, 2 General Electric CF700-2D2,,Fatalities: 0 / Occupants: 2,Fatalities: 0 / Occupants: 0,,, Destroyed, Written off (damaged beyond repair),"14 km (8.8 mls) WSW of Saint Louis-Lambert International Airport, MO (STL) (   United States of America) 
", Unknown (UNK),Cargo,"Del Rio International Airport, TX (DRT/KDRT), United States of America","Saint Louis-Lambert International Airport, MO (STL/KSTL), United States of America", 179,,Fatalities: 0 / Occupants: 2 
20030408-1,Final,Tuesday 8 April 2003,13:49,Dassault Falcon 20C,Grand Aire Express,,,, N183GA, 147, 1968,19093,, 2 General Electric CF700-2D2,,Fatalities: 2 / Occupants: 2,Fatalities: 1 / Occupants: 1,,, Destroyed, Written off (damaged beyond repair),"3 km (1.9 mls) W of Toledo, OH (   United States of America) 
", Approach (APR),Training,"Traverse City Airport, MI (TVC/KTVC), United States of America","Toledo-Express Airport, OH (TOL/KTOL), United States of America",,,Fatalities: 3 / Occupants: 3 
20030409-0,Final,Wednesday 9 April 2003,07:15,Shorts 330-200,SkyWay Enterprises,,,, N805SW, SH.3055, 1980,24401,, 2 Pratt & Whitney Canada PT6A-45R,,Fatalities: 0 / Occupants: 2,Fatalities: 0 / Occupants: 0,,, Substantial, Written off (damaged beyond repair),"Dubois-Jefferson County Airport, PA (DUJ) (   United States of America) 
", Approach (APR),Cargo,"Pittsburgh International Airport, PA (PIT/KPIT), United States of America","Dubois-Jefferson County Airport, PA (DUJ/KDUJ), United States of America",1170,,Fatalities: 0 / Occupants: 2 
20030409-1,,Wednesday 9 April 2003,,Yakovlev Yak-40,Uzbekistan Airways,,,, UK-87367, 9341731, 1973,,, 3 Ivchenko AI-25,,Fatalities: 0 / Occupants: ,Fatalities: 0 / Occupants: ,,, Substantial, Written off (damaged beyond repair),"Urgench Airport (UGC) (   Uzbekistan) 
", Takeoff (TOF),Unknown,"Urgench Airport (UGC/UTNU), Uzbekistan",?,,,Fatalities: 0 / Occupants:  
20030410-0,,Thursday 10 April 2003,,Antonov An-2R,Zakladu Uslug Agrolotniczych - ZUA,,,, SP-WPZ, 1G167-31, 1976,,,,,Fatalities: 0 / Occupants: 2,Fatalities: 0 / Occupants: 0,,, Damaged beyond repair,,"Qum (   Iran) 
", Maneuvering (MNV),Agricultural,?,?,,,Fatalities: 0 / Occupants: 2 
20030411-0,,Friday 11 April 2003,21:52,Antonov An-12BP,Zapolyarye Airlines,,,, RA-12981, 00347104, 1970,,, 4 Ivchenko AI-20M,,Fatalities: 0 / Occupants: 7,Fatalities: 0 / Occupants: 7,,, Substantial, Written off (damaged beyond repair),"Sredny Island (   Russia) 
", Landing (LDG),Cargo,"Salekhard Airport (SLY/USDD), Russia","Sredny Island, Russia",,,Fatalities: 0 / Occupants: 14 
20030414-0,Preliminary - official,Monday 14 April 2003,18:30,Grumman HU-16C Albatross,Robert F. Carlson,,,, N7026Y, G-394, 1954,,,,,Fatalities: 1 / Occupants: 1,Fatalities: 2 / Occupants: 2,,, Destroyed, Written off (damaged beyond repair),"6,5 km (4.1 mls) W of Chetumal Airport (CTM) (   Mexico) 
", Approach (APR),Private,"Tulum Airport (TUY), Mexico","Chetumal Airport (CTM/MMCM), Mexico",,,Fatalities: 3 / Occupants: 3 
20030415-0,Final,Tuesday 15 April 2003,20:41 MDT,Swearingen SA226-TC Metro II,Superior Aviation,,,, N229AM, TC-305, 1979,31643,, 2 Garrett TPE331-10UA,,Fatalities: 0 / Occupants: 2,Fatalities: 0 / Occupants: 0,,, Substantial, Written off (damaged beyond repair),"Denver International Airport, CO (DEN) (   United States of America) 
", Landing (LDG),Cargo,"Gunnison-Crested Butte Regional Airport, CO (GUC/KGUC), United States of America","Denver International Airport, CO (DEN/KDEN), United States of America",1813,,Fatalities: 0 / Occupants: 2 
20030415-1,,Tuesday 15 April 2003,,Vickers 836 Viscount,Trans Intair,,,, 9Q-CGL, 435, ,,,,,Fatalities: 0 / Occupants: 3,Fatalities: 0 / Occupants: 0,,, Damaged beyond repair,,"at an unknown location (   Democratic Republic of the Congo) 
", Takeoff (TOF),Unknown,?,?,,,Fatalities: 0 / Occupants: 3 
20030417-0,Final,Thursday 17 April 2003,15:30,Fokker F-27 Friendship 600,,,FedEx Express,, N730FE, 10386, 1968,50151,, 2 Rolls-Royce Dart 532-7R,,Fatalities: 0 / Occupants: 2,Fatalities: 0 / Occupants: 0,,, Substantial, Written off (damaged beyond repair),"Seattle/Tacoma International Airport, WA (SEA) (   United States of America) 
", Landing (LDG),Cargo,"Ketchikan International Airport, AK (KTN/PAKT), United States of America","Seattle/Tacoma International Airport, WA (SEA/KSEA), United States of America",8202,,Fatalities: 0 / Occupants: 2 
20030418-0,,Friday 18 April 2003,10:33,McDonnell Douglas DC-9-32,Wetrafa,,,, 9Q-CWF, 47531/638, 1971,,, 2 Pratt & Whitney JT8D-9A,,Fatalities: 0 / Occupants: 8,Fatalities: 0 / Occupants: 37,,, Substantial, Repaired,"Brazzaville-Maya Maya Airport (BZV) (   Congo) 
", Landing (LDG),Domestic Scheduled Passenger,"Kinshasa-N'Djili Airport (FIH/FZAA), Democratic Republic of the Congo","Mbuji-Mayi Airport (MJM/FZWA), Democratic Republic of the Congo",,,Fatalities: 0 / Occupants: 45 
20030418-1,,Friday 18 April 2003,22:20 Z,Swearingen SA227-AC Metro III,Northern Dene Airways,,,, C-GERW, AC-479, 1981,,, 2 Garrett TPE331-11U,,Fatalities: 0 / Occupants: ,Fatalities: 0 / Occupants: ,,, Substantial, Repaired,"Saskatoon Airport, Saskatchewan (   Canada) 
", Standing (STD),Domestic Scheduled Passenger,"Saskatoon Airport, SK (YXE/CYXE), Canada","Prince Albert Airport, SK (YPA/CYPA), Canada",KA1050,,Fatalities: 0 / Occupants: 3 
20030422-0,,Tuesday 22 April 2003,,Fokker F-28 Fellowship 4000,Biman Bangladesh Airlines,,,, S2-ACV, 11124, 1977-10-25  (25 years 6 months),,, 2 Rolls-Royce Spey 555-15H,,Fatalities: 0 / Occupants: 0,Fatalities: 0 / Occupants: 0,,, Substantial, Repaired,"Dhaka-Zia International Airport (DAC) (   Bangladesh) 
", Standing (STD),-,-,-,,,Fatalities: 0 / Occupants: 0 
20030423-0,Final,Wednesday 23 April 2003,18:02,Beechcraft 99A Airliner,Transwest Air,,,, C-FDYF, U-110, 1969,,, 2 Pratt & Whitney Canada PT6A-27,,Fatalities: 0 / Occupants: 2,Fatalities: 0 / Occupants: 4,,, Damaged beyond repair,,"11 km (6.9 mls) from  Prince Albert, SK (   Canada) 
", Approach (APR),Domestic Scheduled Passenger,"Saskatoon Airport, SK (YXE/CYXE), Canada","Prince Albert Airport, SK (YPA/CYPA), Canada", 602,,Fatalities: 0 / Occupants: 6 
20030425-0,Preliminary,Friday 25 April 2003,,Antonov An-26,Unknown,,,, registration unknown, , ,,,,,Fatalities: 0 / Occupants: 4,Fatalities: 0 / Occupants: 6,,, Substantial,,"Beni Airport (BNC) (   Democratic Republic of the Congo) 
", Landing (LDG),Passenger,"Kinshasa (unknown airport), Democratic Republic of the Congo","Beni Airport (BNC/FZNP), Democratic Republic of the Congo",,,Fatalities: 0 / Occupants: 10 
20030425-1,,Friday 25 April 2003,,Antonov An-24,Al Quwwat al-Jawwiya As-Sudaniya (Sudanese Air Force),,,, 700, , ,,,,,Fatalities: 0 / Occupants: 0,Fatalities: 0 / Occupants: 0,,, Damaged beyond repair,,"El Fasher Airport (ELF) (   Sudan) 
", Standing (STD),Military,-,-,,,Fatalities: 0 / Occupants: 0 
20030426-0,Final,Saturday 26 April 2003,10:05,Sino Swearingen SJ30-2,Sino Swearingen,,,, N138BF, 002, 2000,284,, 2 Williams International FJ44-2A,,Fatalities: 1 / Occupants: 1,Fatalities: 0 / Occupants: 0,,, Destroyed, Written off (damaged beyond repair),"16 km (10 mls) N of Loma Alta, TX (   United States of America) 
", Maneuvering (MNV),Test,"San Antonio International Airport, TX (SAT/KSAT), United States of America","San Antonio International Airport, TX (SAT/KSAT), United States of America",,,Fatalities: 1 / Occupants: 1 
20030428-0,Preliminary,Monday 28 April 2003,ca 07:30,de Havilland Canada DHC-6 Twin Otter 300,Air Regional,,,, PK-WAR, 313, 1971,,, 2 Pratt & Whitney Canada PT6A-27,,Fatalities: 0 / Occupants: 3,Fatalities: 0 / Occupants: 1,,, Substantial,,"near Mulia (   Indonesia) 
", Approach (APR),Unknown,"Wamena Airport (WMX/WAJW), Indonesia","Mulia Airport (LII/WABQ), Indonesia",,,Fatalities: 0 / Occupants: 4 
20030428-1,Preliminary - official,Monday 28 April 2003,,Yakovlev Yak-40,Dniproavia,,,, UR-87918, 9730855, 1977,,, 3 Ivchenko AI-25,,Fatalities: 0 / Occupants: 4,Fatalities: 0 / Occupants: 13,,, Substantial, Written off (damaged beyond repair),"Dnepropetrovsk Airport (DNK) (   Ukraine) 
", Landing (LDG),Domestic Scheduled Passenger,?,"Dnepropetrovsk Airport (DNK/UKDD), Ukraine",,,Fatalities: 0 / Occupants: 17 
20030429-0,Preliminary,Tuesday 29 April 2003,19:30,Beechcraft 1900C-1,Avirex,,,, TR-LFQ, UC-80, 1989,,, 2 Pratt & Whitney Canada PT6A-65B,,Fatalities: 0 / Occupants: 2,Fatalities: 0 / Occupants: 13,,, Substantial,,"Kinshasa-N'Djili Airport (FIH) (   Democratic Republic of the Congo) 
", Landing (LDG),Int'l Non Scheduled Passenger,"Brazzaville-Maya Maya Airport (BZV/FCBB), Congo","Kinshasa-N'Djili Airport (FIH/FZAA), Democratic Republic of the Congo",,,Fatalities: 0 / Occupants: 15 
20030430-0,,Wednesday 30 April 2003,,Basler BT-67 Turbo 67 (DC-3T),Servicio Aéreo de Policia,,,, PNC-0212, 13110, 1944,,, 2 Pratt & Whitney Canada PT6A-67R,,Fatalities: 0 / Occupants: ,Fatalities: 0 / Occupants: ,,, Damaged beyond repair,,"Ocaña-Aguas Claras Airport (OCV) (   Colombia) 
", Landing (LDG),Military,?,"Ocaña-Aguas Claras Airport (OCV/SKOC), Colombia",,,Fatalities: 0 / Occupants:  
20030508-0,Preliminary,Thursday 8 May 2003,,Ilyushin Il-76MD,,Air Force of the Democratic Republic of the Congo,,Ukrainian Cargo Airways, UR-UCB, 0063467003, 1986,,, 4 Soloviev D-30KP-2,,Fatalities: 0 / Occupants: 6,Fatalities: 7 / Occupants: 109,,, Substantial, Written off (damaged beyond repair),"near Kinshasa (   Democratic Republic of the Congo) 
", En route (ENR),Military,"Kinshasa (unknown airport), Democratic Republic of the Congo","Lubumbashi-Luano Airport (FBM/FZQA), Democratic Republic of the Congo",,,Fatalities: 7 / Occupants: 115 
20030508-1,,Thursday 8 May 2003,,North American Rockwell Sabreliner 40A,,Democratic Republic of the Congo Government,,Professional Maintenance Services, N250EC, 282-110, 1972,,,,,Fatalities: 0 / Occupants: ,Fatalities: 0 / Occupants: ,,, Damaged beyond repair,,"near Bunia Airport (BUX) (   Democratic Republic of the Congo) 
", Approach (APR),Official state flight,?,"Bunia Airport (BUX/FZKA), Democratic Republic of the Congo",,,Fatalities: 0 / Occupants:  
20030510-0,,Saturday 10 May 2003,,Antonov An-2R,Uzbekistan Airways,,,, UK-68038, 1G193-10, ,,,,,Fatalities:  / Occupants: ,Fatalities:  / Occupants: ,,, Substantial,,"at an unknown location (   Unknown country) 
", Unknown (UNK),Agricultural,?,?,,,Fatalities:  / Occupants:  
20030511-0,,Sunday 11 May 2003,,Antonov An-12B,Pecotox Air,,,, ER-AXD, 9346602, 1969,,, 4 Ivchenko AI-20M,,Fatalities: 0 / Occupants: 5,Fatalities: 0 / Occupants: 2,,, Damaged beyond repair,,"Asmara International Airport (ASM) (   Eritrea) 
", Landing (LDG),Cargo,"Dubai Airport (DXB/OMDB), United Arab Emirates","Asmara International Airport (ASM/HAAY), Eritrea",,,Fatalities: 0 / Occupants: 7 
20030514-0,Preliminary,Wednesday 14 May 2003,,Fokker 100,Blue Line,,,, F-GNLH, 11311, 1990,,, 2 Rolls-Royce Tay 620-15,,Fatalities: 0 / Occupants: ,Fatalities: 0 / Occupants: ,,, Substantial, Repaired,"Paris-Charles de Gaulle Airport (CDG) (   France) 
", Pushback / towing (PBT),Unknown,?,?,,,Fatalities: 0 / Occupants:  
20030515-0,Final,Thursday 15 May 2003,17:10,Cessna 208B Super Cargomaster,DK&L Company,,,, N208AD, 208B0063, 1987,12059,, 1 Pratt & Whitney Canada PT6A-114A,,Fatalities: 0 / Occupants: 1,Fatalities: 0 / Occupants: 0,,, Substantial, Written off (damaged beyond repair),"7 km (4.4 mls) W of Lorain County Regional Airport, OH (LPR) (   United States of America) 
", En route (ENR),Ferry/positioning,"Lorain County Regional Airport, OH (LPR), United States of America","Anderson Municipal Airport, IN (AID/KAID), United States of America",,,Fatalities: 0 / Occupants: 1 
20030515-1,Final,Thursday 15 May 2003,08:33,Beechcraft 200C Super King Air,Royal Flying Doctor Service,,,, VH-AMR, BL-126, 1985,,,,,Fatalities: 0 / Occupants: 3,Fatalities: 0 / Occupants: 1,,, Damaged beyond repair,,"6 km (3.8 mls) NE of Coffs Harbour Airport, NSW (CFS) (   Australia) 
", Landing (LDG),Ambulance,"Sydney-Kingsford Smith International Airport, NSW (SYD/YSSY), Australia","Coffs Harbour Airport, NSW (CFS/YSCH), Australia",,,Fatalities: 0 / Occupants: 4 
20030515-2,,Thursday 15 May 2003,,North American Rockwell Sabreliner 60,Timothy J. Roman & Barry J. Baron,,,, N856MA, 306-41, 1969,,,,,Fatalities:  / Occupants: ,Fatalities:  / Occupants: ,,, Damaged beyond repair,,"unknown (   Democratic Republic of the Congo) 
", Unknown (UNK),Unknown,?,?,,,Fatalities:  / Occupants:  
20030516-0,Preliminary,Friday 16 May 2003,,Antonov An-12BK,Força Aérea Popular de Angola,,,, T-307, 9346608, 1969,,, 4 Ivchenko AI-20M,,Fatalities: 4 / Occupants: 4,Fatalities: 0 / Occupants: 0,,, Damaged beyond repair,,"near Menongue (   Angola) 
", En route (ENR),Military,"Menongue Airport (SPP/FNME), Angola",?,,,Fatalities: 4 / Occupants: 4 
20030516-1,Preliminary - official,Friday 16 May 2003,13:21,Antonov An-3T,Polyarnye Avialinii,,,, RA-05881, 2218, 1983,,,,,Fatalities: 0 / Occupants: 2,Fatalities: 0 / Occupants: 11,,, Damaged beyond repair,,"45 km (28.1 mls) from  Sangara (   Russia) 
", En route (ENR),Domestic Scheduled Passenger,?,?,,,Fatalities: 0 / Occupants: 13 
20030518-0,Final,Sunday 18 May 2003,09:35,Beechcraft 300 Super King Air 350,Oso-Rio LLC,,,, N2SM, FL-24, 1990,,, 2 Pratt & Whitney Canada PT6A-60A,,Fatalities: 0 / Occupants: 1,Fatalities: 0 / Occupants: 0,,, Damaged beyond repair,,"Houston-West Houston Airport, TX (IWS) (   United States of America) 
", Takeoff (TOF),Private,"Houston-William P. Hobby Airport, TX (HOU/KHOU), United States of America","Houston-West Houston Airport, TX (IWS/KIWS), United States of America",,,Fatalities: 0 / Occupants: 1 
20030521-0,Preliminary,Wednesday 21 May 2003,11:25,Learjet U-36A,Japan Maritime Self Defence Force - JMSDF,,,, 9202, 36-056, ,,,,,Fatalities: 4 / Occupants: 4,Fatalities: 0 / Occupants: 0,,, Damaged beyond repair,,"Iwakuni MCAS (   Japan) 
", Landing (LDG),Military,"Iwakuni MCAS (RJOI), Japan","Iwakuni MCAS (RJOI), Japan",,,Fatalities: 4 / Occupants: 4 
20030522-0,Final,Thursday 22 May 2003,ca 11:00,de Havilland Canada DHC-3 Otter,Whiteshell Air Service,,,, C-GGON, 225, 1957,,,,,Fatalities: 0 / Occupants: 1,Fatalities: 0 / Occupants: 3,,, Substantial, Repaired,"4 km (2.5 mls) E of Lac du Bonnet, MB (   Canada) 
", Initial climb (ICL),Domestic Non Scheduled Passenger,"Lac du Bonnet (North) SPB, MB, Canada","George Lake, MB, Canada",,,Fatalities: 0 / Occupants: 4 
20030524-0,Final,Saturday 24 May 2003,21:36,Boeing 737-3H4,Southwest Airlines,,,, N343SW, 24151/1686, 1989-02-24  (14 years 3 months),48001,, 2 CFMI CFM56-3B1,45130,Fatalities: 0 / Occupants: 5,Fatalities: 0 / Occupants: 63,,, Substantial, Repaired,"Amarillo International Airport, TX (AMA) (   United States of America) 
", Landing (LDG),Domestic Scheduled Passenger,"Las Vegas-McCarran International Airport, NV (LAS/KLAS), United States of America","Amarillo International Airport, TX (AMA/KAMA), United States of America",2066,,Fatalities: 0 / Occupants: 68 
20030526-0,Final,Monday 26 May 2003,04:12,Yakovlev Yak-42D,Ukrainian-Mediterranean Airlines,,,, UR-42352, 4520421811395, 1988,18739,, 3 Lotarev D-36,9700,Fatalities: 13 / Occupants: 13,Fatalities: 62 / Occupants: 62,,, Destroyed, Written off (damaged beyond repair),"3,5 km (2.2 mls) E of Maçka (   Turkey) 
", Approach (APR),Int'l Non Scheduled Passenger,"Bishkek-Manas International Airport (FRU/UAFM), Kyrgyzstan","Trabzon Airport (TZX/LTCG), Turkey",4230,,Fatalities: 75 / Occupants: 75 
20030527-0,,Tuesday 27 May 2003,,Antonov An-12BP,Showa Air,,,, 9L-LCR, 4341801, 1964,,, 4 Ivchenko AI-20M,,Fatalities: 0 / Occupants: 4,Fatalities: 0 / Occupants: 0,,, Damaged beyond repair,,"Goma Airport (GOM) (   Democratic Republic of the Congo) 
", Landing (LDG),Cargo,"Kisangani-Bangoka International Airport (FKI/FZIC), Democratic Republic of the Congo","Goma Airport (GOM/FZNA), Democratic Republic of the Congo",,,Fatalities: 0 / Occupants: 4 
20030528-0,Final,Wednesday 28 May 2003,13:25,Cessna 560 Citation Encore+,AW Aerowest,,,, D-CAUW, 560-0578, 2001,,, 2 Pratt & Whitney Canada PW535A,,Fatalities: 0 / Occupants: 2,Fatalities: 0 / Occupants: 8,,, Substantial, Repaired,"Leeds/Bradford Airport (LBA) (   United Kingdom) 
", Landing (LDG),Domestic Non Scheduled Passenger,"Hannover Airport (HAJ/EDDV), Germany","Leeds/Bradford Airport (LBA/EGNM), United Kingdom",,,Fatalities: 0 / Occupants: 10 
20030529-0,- (No safety board investigation),Thursday 29 May 2003,ca 15:10,Boeing 717-231,,,QantasLink,, VH-VQI, 55095/5087, 2001,,, 2 BMW RR BR715,,Fatalities: 0 / Occupants: 6,Fatalities: 0 / Occupants: 47,,, None,,"Melbourne-Tullamarine Airport, VIC (MEL) (   Australia) 
", En route (ENR),Domestic Scheduled Passenger,"Melbourne-Tullamarine Airport, VIC (MEL/YMML), Australia","Launceston Airport, TAS (LST/YMLT), Australia",1737,,Fatalities: 0 / Occupants: 53 
20030601-0,Preliminary,Sunday 1 June 2003,15:26,Learjet 45,Eurojet Italia,,,, I-ERJC, 45-093, 2000,,, 2 Garrett TFE731-20AR-1B,,Fatalities: 2 / Occupants: 2,Fatalities: 0 / Occupants: 0,,, Damaged beyond repair,,"0,3 km (0.2 mls) from  Milano-Linate Airport (LIN) (   Italy) 
", Initial climb (ICL),Unknown,"Milano-Linate Airport (LIN/LIML), Italy","Genoa-Cristoforo Colombo Airport (GOA/LIMJ), Italy",,,Fatalities: 2 / Occupants: 2 
20030602-0,,Monday 2 June 2003,,Rockwell T-39D Sabreliner,Jett Paqueteria,,,, XA-AAG, 277-2, ,,,,,Fatalities: 0 / Occupants: 0,Fatalities: 0 / Occupants: 0,,, Damaged beyond repair,,"Laredo International Airport, TX (LRD) (   United States of America) 
", Standing (STD),-,-,-,,,Fatalities: 0 / Occupants: 0 
20030602-1,,Monday 2 June 2003,,Rockwell T-39D Sabreliner,Jett Paqueteria,,,, XA-AAI, 277-6, ,,,,,Fatalities: 0 / Occupants: 0,Fatalities: 0 / Occupants: 0,,, Damaged beyond repair,,"Laredo International Airport, TX (LRD) (   United States of America) 
", Standing (STD),-,-,-,,,Fatalities: 0 / Occupants: 0 
20030602-2,,Monday 2 June 2003,,Rockwell T-39D Sabreliner,Jett Paqueteria,,,, XA-AAF, 277-7, ,,,,,Fatalities: 0 / Occupants: 0,Fatalities: 0 / Occupants: 0,,, Damaged beyond repair,,"Laredo International Airport, TX (LRD) (   United States of America) 
", Standing (STD),-,-,-,,,Fatalities: 0 / Occupants: 0 
20030602-3,,Monday 2 June 2003,,Rockwell T-39D Sabreliner,Jett Paqueteria,,,, XA-AAJ, 285-1, ,,,,,Fatalities: 0 / Occupants: 0,Fatalities: 0 / Occupants: 0,,, Damaged beyond repair,,"Laredo International Airport, TX (LRD) (   United States of America) 
", Standing (STD),-,-,-,,,Fatalities: 0 / Occupants: 0 
20030602-4,,Monday 2 June 2003,,Rockwell T-39D Sabreliner,Jett Paqueteria,,,, XA-AAH, 285-25, ,,,,,Fatalities: 0 / Occupants: 0,Fatalities: 0 / Occupants: 0,,, Damaged beyond repair,,"Laredo International Airport, TX (LRD) (   United States of America) 
", Standing (STD),-,-,-,,,Fatalities: 0 / Occupants: 0 
20030602-5,,Monday 2 June 2003,,North American Rockwell CT-39E Sabreliner,Jett Paqueteria,,,, XA-AAW, 282-85, 1967,,,,,Fatalities: 0 / Occupants: 0,Fatalities: 0 / Occupants: 0,,, Damaged beyond repair,,"Laredo International Airport, TX (LRD) (   United States of America) 
", Standing (STD),-,-,-,,,Fatalities: 0 / Occupants: 0 
20030605-0,Final,Thursday 5 June 2003,18:00,de Havilland Canada DHC-6 Twin Otter 300,Ontario Ministry of Natural Resources,,,, C-GOGC, 750, 1981,,, 2 Pratt & Whitney Canada PT6A-27,,Fatalities: 0 / Occupants: 1,Fatalities: 0 / Occupants: 0,,, Damaged beyond repair,,"Lake Wicksteed, ON (   Canada) 
", Maneuvering (MNV),Fire fighting,"Hornepayne Airport, ON (YHN/CYHN), Canada","Hornepayne Airport, ON (YHN/CYHN), Canada",,,Fatalities: 0 / Occupants: 1 
20030608-0,,Sunday 8 June 2003,,Britten-Norman BN-2A-8 Islander,Antonio Marica Barbosa Teixeira,,,, PT-KQS, 434, 1975-03-23  (28 years 3 months),,,,,Fatalities: 0 / Occupants: 1,Fatalities: 0 / Occupants: 8,,, Substantial, Repaired,"near Porto Belo Farm, RJ (   Brazil) 
", Approach (APR),Domestic Non Scheduled Passenger,"São João del Rei Airport, MG (SNJR), Brazil","Porto Belo Farm, RJ, Brazil",,,Fatalities: 0 / Occupants: 9 
20030614-0,Preliminary - official,Saturday 14 June 2003,16:05,Antonov An-24RV,Cubana de Aviación,,,, CU-T1295, 27307508, 1972,,, 2 Ivchenko AI-24VT,,Fatalities: 0 / Occupants: 4,Fatalities: 0 / Occupants: 48,,, Damaged beyond repair,,"Nueva Gerona-Rafael Cabrera Airport (GER) (   Cuba) 
", Initial climb (ICL),International Scheduled Passenger,"Nueva Gerona-Rafael Cabrera Airport (GER/MUNG), Cuba",?,,,Fatalities: 0 / Occupants: 52 
20030614-1,,Saturday 14 June 2003,,Antonov An-32B,Sri Lanka Air Force,,,, CR866, 3601, 1996,,, 2 Ivchenko AI-20,,Fatalities: 0 / Occupants: ,Fatalities: 0 / Occupants: 50,,, Damaged beyond repair,,"Jaffna-Palaly Air Base (JAF) (   Sri Lanka) 
", Landing (LDG),Military,"Colombo-Ratmalana Airport (RML/VCCC), Sri Lanka","Jaffna-Palaly Air Base (JAF/VCCJ), Sri Lanka",,,Fatalities: 0 / Occupants:  
20030616-0,Preliminary,Monday 16 June 2003,06:30,Fokker 50,Mid Airlines,,,, ST-ARA, 20154, 1989,,, 2 Pratt & Whitney Canada PW125B,,Fatalities: 0 / Occupants: 3,Fatalities: 0 / Occupants: 42,,, Damaged beyond repair,,"Adar Yel (   South Sudan) 
", Landing (LDG),Domestic Scheduled Passenger,"Khartoum-Civil Airport (KRT/HSSS), Sudan","Adar Yel Airstrip (HSAD), South Sudan",,,Fatalities: 0 / Occupants: 45 
20030616-1,Final,Monday 16 June 2003,13:39,Airbus A320-231,,MyTravel,,Skyservice Airlines, C-GTDK, 338, 1992-05-25  (11 years ),,, 2 IAE V2500-A1,,Fatalities: 0 / Occupants: 7,Fatalities: 0 / Occupants: 178,,, Substantial, Repaired,"Bristol Airport (BRS) (   United Kingdom) 
", Landing (LDG),Int'l Non Scheduled Passenger,"Kerkyra-I. Kapodistrias Airport (CFU/LGKR), Greece","Bristol Airport (BRS/EGGD), United Kingdom",,,Fatalities: 0 / Occupants: 185 
20030617-0,Final,Tuesday 17 June 2003,09:22,McDonnell Douglas MD-88,Onur Air,,,, TC-ONP, 53549/2185, 1997,,, 2 Pratt & Whitney JT8D-219,,Fatalities: 0 / Occupants: 7,Fatalities: 0 / Occupants: 142,,, Substantial, Repaired,"Groningen-Eelde Airport (GRQ) (   Netherlands) 
", Takeoff (TOF),Domestic Non Scheduled Passenger,"Groningen-Eelde Airport (GRQ/EHGG), Netherlands","Maastricht/Aachen Airport (MST/EHBK), Netherlands",2264,,Fatalities: 0 / Occupants: 149 
20030622-0,Final,Sunday 22 June 2003,23:55,Canadair CL-600-2B19 Regional Jet CRJ-100ER,Brit Air,,,, F-GRJS, 7377, 2000,6649,, 2 General Electric CF34-3A1,6552,Fatalities: 1 / Occupants: 3,Fatalities: 0 / Occupants: 21,,, Damaged beyond repair,,"2 km (1.3 mls) from  Brest-Guipavas Airport (BES) (   France) 
", Approach (APR),Domestic Scheduled Passenger,"Nantes Atlantique Airport (NTE/LFRS), France","Brest-Guipavas Airport (BES/LFRB), France",5672,,Fatalities: 1 / Occupants: 24 
20030624-0,Final,Tuesday 24 June 2003,,Tupolev Tu-134SKh,Voronezh Avia,,,, RA-65929, 66495, 1987,,,,,Fatalities: 0 / Occupants: 6,Fatalities: 0 / Occupants: 5,,, Damaged beyond repair,,"Nyagan Airport (   Russia) 
", Takeoff (TOF),"Aerial Work (Calibration, Photo)","Nyagan Airport (USHN), Russia","Salekhard Airport (SLY/USDD), Russia",,,Fatalities: 0 / Occupants: 11 
20030625-0,Preliminary,Wednesday 25 June 2003,ca 13:00,Lockheed C-130 Hercules,Islamic Republic of Iran Air Force - IRIAF,,,, registration unknown, , ,,,,,Fatalities: 7 / Occupants: 7,Fatalities: 0 / Occupants: 0,,, Damaged beyond repair,,"near Rudshour (   Iran) 
", En route (ENR),Military,"Tehran-Mehrabad Airport (THR/OIII), Iran","Tehran-Mehrabad Airport (THR/OIII), Iran",,,Fatalities: 7 / Occupants: 7 
20030626-0,Final,Thursday 26 June 2003,ca 19:30,Cessna 208B Grand Caravan,Comav Aviation,,,, V5-CAS, 208B0549, 1996,,, 1 Pratt & Whitney Canada PT6A-114A,,Fatalities: 1 / Occupants: 1,Fatalities: 3 / Occupants: 3,,, Damaged beyond repair,,"near Rooisand Desert Ranch (   Namibia) 
", En route (ENR),Ambulance,"Rooisand Desert Ranch, Namibia",?,,,Fatalities: 4 / Occupants: 4 
20030630-0,Preliminary,Monday 30 June 2003,ca 10:45,Lockheed C-130H Hercules,Al Quwwat al-Jawwiya al-Jaza'eriya,,,, 7T-WHQ, 4926, 1982,,,,,Fatalities: 5 / Occupants: 5,Fatalities: 0 / Occupants: 0,Fatalities: 10,, Destroyed, Written off (damaged beyond repair),"Blida (   Algeria) 
", Initial climb (ICL),Military,"Boufarik Air Base (DAAK), Algeria","Boufarik Air Base (DAAK), Algeria",,,Fatalities: 5 / Occupants: 5 
20030699-0,,xx JUN 2003,,Let L-410UVP,Aeroklub KVS,,,, FLARF01192, 810718, 1981,,,,,Fatalities: 0 / Occupants: ,Fatalities: 0 / Occupants: ,,, Damaged beyond repair,,"near Myachkovo Airport (   Russia) 
", Unknown (UNK),Unknown,?,?,,,Fatalities: 0 / Occupants:  
20030703-0,Final,Thursday 3 July 2003,12:00,Cessna 208B Grand Caravan,Servicios Aéreos Nacionales - SANSA,,,, HP-1403APP, 208B0790, 1999,,, 1 Pratt & Whitney Canada PT6A-114,,Fatalities: 0 / Occupants: 2,Fatalities: 0 / Occupants: 11,,, Substantial, Repaired,"near Bahía Ballena (   Costa Rica) 
", En route (ENR),Domestic Scheduled Passenger,"Bahía Drake (Drake Bay) Airport (DRK/MDRK), Costa Rica","San José-Juan Santamaria International Airport (SJO/MROC), Costa Rica",1612,,Fatalities: 0 / Occupants: 13 
20030706-0,Preliminary,Sunday 6 July 2003,22:55,McDonnell Douglas DC-10-30CF,Cielos Airlines,,,, OB-1749, 46891/127, 1973,,, 3 General Electric CF6-50C2,,Fatalities: 0 / Occupants: 4,Fatalities: 0 / Occupants: 0,,, Substantial, Repaired,"Curitiba-Afonso Pena Airport, PR (CWB) (   Brazil) 
", Landing (LDG),Cargo,"Sal-Amilcar Cabral International Airport (SID/GVAC), Cape Verde","Curitiba-Afonso Pena International Airport, PR (CWB/SBCT), Brazil",,,Fatalities: 0 / Occupants: 4 
20030708-0,Preliminary,Tuesday 8 July 2003,04:17,Boeing 737-2J8C,Sudan Airways,,,, ST-AFK, 21169/429, 1975-08-29  (27 years 11 months),,, 2 Pratt & Whitney JT8D-7,,Fatalities: 11 / Occupants: 11,Fatalities: 105 / Occupants: 106,,, Destroyed, Written off (damaged beyond repair),"5 km (3.1 mls) E of Port Sudan (   Sudan) 
", Approach (APR),Domestic Scheduled Passenger,"Port Sudan Airport (PZU/HSSP), Sudan","Khartoum-Civil Airport (KRT/HSSS), Sudan", 139,,Fatalities: 116 / Occupants: 117 
20030710-0,,Thursday 10 July 2003,,Lockheed P-3C Orion,United States Navy,,,, 163005, 185-5812, 1988,,, 4 Allison T56-A14,,Fatalities: 0 / Occupants: 0,Fatalities: 0 / Occupants: 0,,, Damaged beyond repair,,"Jacksonville NAS, FL (NIP) (   United States of America) 
", Standing (STD),Military,-,-,,,Fatalities: 0 / Occupants: 0 
20030711-0,Preliminary,Friday 11 July 2003,06:38,Boeing 707-3J6C,Air Memphis,,,, 5X-AMW, 20723/879, 1974,,, 4 Pratt & Whitney JT3D-7 (HK2/COM),,Fatalities: 0 / Occupants: 5,Fatalities: 0 / Occupants: 0,,, Damaged beyond repair,,"Dhaka-Zia International Airport (DAC) (   Bangladesh) 
", Takeoff (TOF),Cargo,"Dhaka-Zia International Airport (DAC/VGZR), Bangladesh","Amman-Queen Alia International Airport (AMM/OJAI), Jordan",,,Fatalities: 0 / Occupants: 5 
20030713-0,Preliminary,Sunday 13 July 2003,ca 14:15,Let L-410UVP-E,Ruiban and Duran C.A.,,,, YV-1060CP, 902505, 1990,,, 2 Walter M-601E,,Fatalities: 0 / Occupants: 2,Fatalities: 4 / Occupants: 8,,, Damaged beyond repair,,"near San Cristobal (   Venezuela) 
", En route (ENR),Domestic Non Scheduled Passenger,"Caracas/La Carlota-Gen. Francisco de Miranda Air Base (SVFM), Venezuela","San Cristóbal Airport (SCI/SVPM), Venezuela",,,Fatalities: 4 / Occupants: 10 
20030716-0,Final,Wednesday 16 July 2003,12:21,Lockheed L-188A Electra,Air Spray (1967),,,, C-GFQA, 1040, 1959,38775,, 4 Allison 501-D13,,Fatalities: 2 / Occupants: 2,Fatalities: 0 / Occupants: 0,,, Destroyed, Written off (damaged beyond repair),"4,6 km (2.9 mls) S of Cranbrook, BC (   Canada) 
", Maneuvering (MNV),Fire fighting,"Cranbrook Airport, BC (YXC/CYXC), Canada","Cranbrook Airport, BC (YXC/CYXC), Canada",,,Fatalities: 2 / Occupants: 2 
20030719-0,Final,Saturday 19 July 2003,ca 18:00,Swearingen SA226-TC Metro II,Ryan Blake Air Charter,,,, ZS-OYI, TC-349, 1980,,, 2 Garrett TPE331-3UW-303G,,Fatalities: 2 / Occupants: 2,Fatalities: 12 / Occupants: 12,,, Destroyed, Written off (damaged beyond repair),"Mount Kenya (   Kenya) 
", En route (ENR),Domestic Non Scheduled Passenger,"Nairobi-Wilson Airport (WIL/HKNW), Kenya","Samburu Airport (UAS/HKSB), Kenya",,,Fatalities: 14 / Occupants: 14 
20030722-0,Final,Tuesday 22 July 2003,10:15,Cessna 525 CitationJet,Tango Corp.,,,, N996JR, 525-0147, 1996,590,, 2 Williams International FJ44-1A,,Fatalities: 0 / Occupants: 1,Fatalities: 0 / Occupants: 1,,, Substantial,,"Oak Harbor, WA (   United States of America) 
", En route (ENR),Private,"Victoria International Airport, BC (YYJ/CYYJ), Canada","Boise Air Terminal, ID (BOI/KBOI), United States of America",,,Fatalities: 0 / Occupants: 2 
20030723-0,,Wednesday 23 July 2003,ca 08:40,Cessna 551 Citation II/SP,Água Limpa Transportes Ltda,,,, PT-LME, 551-0023, ,,,,,Fatalities: 1 / Occupants: 2,Fatalities: 0 / Occupants: 1,,, Damaged beyond repair,,"Sorocaba, SP (   Brazil) 
", Approach (APR),Unknown,"Lins Airport, SP (LIP/SBLN), Brazil","Sorocaba Airport, SP (SOD/SDCO), Brazil",,,Fatalities: 1 / Occupants: 3 
20030801-0,Final,Friday 1 August 2003,,Tupolev Tu-154M,Avialinii 400,,,, RA-85847, 88A792, 1988,,, 3 Soloviev D-30KU-154-II,,Fatalities: 0 / Occupants: ,Fatalities: 0 / Occupants: 151,,, Minor, Repaired,"Faro Airport (FAO) (   Portugal) 
", Takeoff (TOF),Int'l Non Scheduled Passenger,"Faro Airport (FAO/LPFR), Portugal","Moskva-Domodedovo Airport (DME/UUDD), Russia",9664,,Fatalities: 0 / Occupants:  
20030802-0,Preliminary - official,Saturday 2 August 2003,14:00 UTC,Douglas C-54G-10-DO (DC-4),Buffalo Airways,,,, C-GBSK, 36049, 1945,,, 4 Pratt & Whitney R-2000,,Fatalities: 0 / Occupants: 4,Fatalities: 0 / Occupants: 0,,, Damaged beyond repair,,"Ulu mine strip, NT (   Canada) 
", Landing (LDG),Cargo,?,"Ulu mine strip, NT, Canada",,,Fatalities: 0 / Occupants: 4 
20030802-1,Final,Saturday 2 August 2003,12:30,Antonov An-2TP,Sachsische Luftfahrt Service,,,, D-FONE, 181(473)18, ,,,,,Fatalities: 0 / Occupants: 1,Fatalities: 0 / Occupants: 12,,, Substantial, Repaired,"Welzow (   Germany) 
", En route (ENR),Domestic Non Scheduled Passenger,"Essen-Mülheim Airport (ESS/EDLE), Germany","Essen-Mülheim Airport (ESS/EDLE), Germany",,,Fatalities: 0 / Occupants: 13 
20030804-0,Final,Monday 4 August 2003,06:39,Learjet 35A,Air East Management,,,, N135PT, 35A-509, ,9287,, 2 Garrett TFE731-2-2B,,Fatalities: 2 / Occupants: 2,Fatalities: 0 / Occupants: 0,,, Destroyed, Written off (damaged beyond repair),"Groton, CT (   United States of America) 
", Approach (APR),Ferry/positioning,"Farmingdale-Republic Field, NY (FRG/KFRG), United States of America","Groton-New London Airport, CT (GON/KGON), United States of America",,,Fatalities: 2 / Occupants: 2 
20030808-0,Preliminary,Friday 8 August 2003,09:32,Cessna 208B Grand Caravan,Servicios Aéreos Sucre - SASCA,,,, YV-1069C, 208B0713, 1998,,, 1 Pratt & Whitney Canada PT6A-114A,,Fatalities: 1 / Occupants: 3,Fatalities: 0 / Occupants: 13,,, Damaged beyond repair,,"Tocomita (   Venezuela) 
", Approach (APR),Domestic Non Scheduled Passenger,"Porlamar-del Caribe Santiago Mariño International Airport (PMV/SVMG), Venezuela","Canaima Airport (CAJ/SVCN), Venezuela",,,Fatalities: 1 / Occupants: 16 
20030811-0,Preliminary,Monday 11 August 2003,,Fokker F-28 Fellowship 3000R,Garuda Indonesia Airways,,,, PK-GFT, 11129, 1978-03-06  (25 years 5 months),,,,,Fatalities: 0 / Occupants: ,Fatalities: 0 / Occupants: ,,, Substantial, Written off (damaged beyond repair),"Jakarta-Soekarno-Hatta International Airport (CGK) (   Indonesia) 
", Landing (LDG),Domestic Scheduled Passenger,"Surabaya-Juanda Airport (SUB/WARR), Indonesia","Jakarta-Soekarno-Hatta International Airport (CGK/WIII), Indonesia",GA073,,Fatalities: 0 / Occupants: 24 
20030812-0,,Tuesday 12 August 2003,,Beechcraft C-12F Huron  (A200CF Super King Air),United States Army,,,, 84-0169, BL-99, 1985,,,,,Fatalities: 2 / Occupants: 2,Fatalities: 0 / Occupants: 0,,, Damaged beyond repair,,"11,3 km (7.1 mls) SW of Pyongtaek-Desiderio AAF (   South Korea) 
", En route (ENR),Military,"Pyongtaek-Desiderio AAF (RKSG), South Korea","Pyongtaek-Desiderio AAF (RKSG), South Korea",,,Fatalities: 2 / Occupants: 2 
20030813-0,,Wednesday 13 August 2003,,Let L-410UVP,Lexus Aviation,,,, 9XR-JT, 810707, 1981,,,,,Fatalities: 0 / Occupants: ,Fatalities: 0 / Occupants: ,,, Damaged beyond repair,,"Rumbek (   South Sudan) 
", Landing (LDG),Int'l Non Scheduled Passenger,"Lokichoggio Airport (LKG/HKLK), Kenya","Rumbek Airport (RBX/HSMK), South Sudan",,,Fatalities: 0 / Occupants:  
20030814-0,,Thursday 14 August 2003,22:22,Learjet 35A,Air America Flight Services,,,, N403FW, 35A-403, 1981,7950,, 2 Garrett TFE731-2-2B,,Fatalities: 0 / Occupants: 2,Fatalities: 0 / Occupants: 3,,, Substantial, Written off (damaged beyond repair),"Cancún Airport (CUN) (   Mexico) 
", Landing (LDG),Ferry/positioning,"Fort Lauderdale-Executive Airport, FL (FXE/KFXE), United States of America","Cancún Airport (CUN/MMUN), Mexico",,,Fatalities: 0 / Occupants: 5 
20030815-0,Final,Friday 15 August 2003,,Boeing 737-33V,easyJet Switzerland,,,, HB-III, 29338/3114, 1999-06-15  (4 years 2 months),12814,, 2 CFMI CFM56-3C1,11165,Fatalities: 0 / Occupants: 5,Fatalities: 0 / Occupants: 126,,, Substantial, Repaired,"over Oyonnax (   France) 
", En route (ENR),International Scheduled Passenger,"Genève-Cointrin Airport (GVA/LSGG), Switzerland","London-Luton Airport (LTN/EGGW), United Kingdom", 903,,Fatalities: 0 / Occupants: 131 
20030816-0,Final,Saturday 16 August 2003,22:21,Beechcraft T-1A Jayhawk,United States Air Force - USAF,,,, 91-0093, TT-34, ,,,,,Fatalities: 0 / Occupants: 2,Fatalities: 0 / Occupants: 0,,, Substantial, Written off (damaged beyond repair),"Biloxi-Keesler AFB, MS (BIX) (   United States of America) 
", Landing (LDG),Military,"Del Rio-Laughlin AFB, TX (DLF/KDLF), United States of America","Biloxi-Keesler AFB, MS (BIX/KBIX), United States of America",,,Fatalities: 0 / Occupants: 2 
20030816-1,Final,Saturday 16 August 2003,15:48,Canadair CL-215-6B11 (CL-415),,SOREM - Società Richerche Esperienze Meteorologiche,,Dipartimento della Protezione Civile Italiana, I-DPCN, 2008, 1995,1186,, 2 Pratt & Whitney Canada PW123AF,,Fatalities: 0 / Occupants: 2,Fatalities: 0 / Occupants: 0,,, Destroyed, Written off (damaged beyond repair),"3 km (1.9 mls) S of Esine (   Italy) 
", Maneuvering (MNV),Fire fighting,"Verona Airport (VRN/LIPX), Italy","Verona Airport (VRN/LIPX), Italy",,,Fatalities: 0 / Occupants: 2 
20030817-0,Final,Sunday 17 August 2003,12:56,Reims Cessna F406 Caravan II,Hageland Aviation Services,,,, N6591L, F406-0053, 1990,7675,, 2 Pratt & Whitney Canada PT6A-112,,Fatalities: 1 / Occupants: 1,Fatalities: 1 / Occupants: 1,,, Damaged beyond repair,,"50 km (31.3 mls) SW off  Barrow, AK (   United States of America) 
", En route (ENR),Cargo,"Barrow-Wiley Post/Will Rogers Memorial Airport, AK (BRW/PABR), United States of America","Wainwright Airport, AK (AIN/PAWI), United States of America",,,Fatalities: 2 / Occupants: 2 
20030818-0,Final,Monday 18 August 2003,07:08,Raytheon Beechjet 400A,"Executive Beechcraft, Inc.",,,, N51NP, RK-224, 1999,1087,,,,Fatalities: 0 / Occupants: 2,Fatalities: 0 / Occupants: 0,,, Substantial, Repaired,"St. Augustine Airport, FL (UST) (   United States of America) 
", Takeoff (TOF),Ferry/positioning,"St. Augustine Airport, FL (UST/KSGJ), United States of America","Hickory Airport, NC (HKY/KHKY), United States of America",,,Fatalities: 0 / Occupants: 2 
20030819-0,,Tuesday 19 August 2003,,Boeing 737,Air Algérie,,,, registration unknown, , ,,,,,Fatalities: 0 / Occupants: ,Fatalities: 0 / Occupants: ,,, None,,"Oran-es Senia Airport (ORN) (   Algeria) 
", En route (ENR),Domestic Scheduled Passenger,"Algiers-Houari Boumediene Airport (ALG/DAAG), Algeria","Oran-es Senia Airport (ORN/DAOO), Algeria",,,Fatalities: 0 / Occupants:  
20030819-1,Preliminary,Tuesday 19 August 2003,,Cessna 208B Grand Caravan,Transworld Safaris,,,, 5Y-TWI, 208B0606, 1997,,, 1 Pratt & Whitney Canada PT6A-114,,Fatalities: 0 / Occupants: ,Fatalities: 0 / Occupants: ,,, Damaged beyond repair,,"Old Fangak (   South Sudan) 
", Initial climb (ICL),Unknown,"Old Fangak, South Sudan",?,,,Fatalities: 0 / Occupants: 6 
20030821-0,Preliminary,Thursday 21 August 2003,,Fokker F-27 Friendship 400M,Ghana Air Force,,,, G525 F, 10520, 1975,,,,,Fatalities: 0 / Occupants: ,Fatalities: 0 / Occupants: ,,, Substantial,,"Accra-Kotoka Airport (ACC) (   Ghana) 
", Takeoff (TOF),Military,"Accra-Kotoka Airport (ACC/DGAA), Ghana",?,,,Fatalities: 0 / Occupants: 44 
20030822-0,Final,Friday 22 August 2003,08:10,Reims Cessna F406 Caravan II,Vincent Aviation,,,, ZK-VAF, F406-0057, 1990,,,,,Fatalities: 0 / Occupants: ,Fatalities: 0 / Occupants: ,,, Substantial, Repaired,"Darwin Airport, NT (DRW) (   Australia) 
", Takeoff (TOF),Domestic Non Scheduled Passenger,"Darwin Airport, NT (DRW/YPDN), Australia","Katherine-Tindal Airport, NT (KTR/YPTN), Australia",,,Fatalities: 0 / Occupants:  
20030824-0,Final,Sunday 24 August 2003,04:57,Let L-410UVP-E3,Tropical Airways,,,, HH-PRV, 872001, 1987,2982,, 2 Walter M-601E,4154,Fatalities: 2 / Occupants: 2,Fatalities: 19 / Occupants: 19,,, Destroyed, Written off (damaged beyond repair),"2 km (1.3 mls) SW of Cap Haitien Airport (CAP) (   Haiti) 
", Approach (APR),Domestic Scheduled Passenger,"Cap Haitien Airport (CAP/MTCH), Haiti","Port-de-Paix Airport (PAX/MTPX), Haiti",1301,,Fatalities: 21 / Occupants: 21 
20030826-0,Final,Tuesday 26 August 2003,15:40,Beechcraft 1900D,,,US Airways Express,, N240CJ, UE-40, 1993,16503,, 2 Pratt & Whitney Canada PT6A-67D,24637,Fatalities: 2 / Occupants: 2,Fatalities: 0 / Occupants: 0,,, Destroyed, Written off (damaged beyond repair),"5 km (3.1 mls) S of Hyannis, MA (   United States of America) 
", En route (ENR),Ferry/positioning,"Hyannis-Barnstable Airport, MA (HYA/KHYA), United States of America","Albany Airport, NY (ALB/KALB), United States of America",9446,,Fatalities: 2 / Occupants: 2 
20030827-0,Final,Wednesday 27 August 2003,17:30,Antonov An-2R,private,,,, LY-KAE, 1G196-54, ,,,,,Fatalities: 0 / Occupants: 1,Fatalities: 0 / Occupants: 1,,, Substantial, Repaired,"near Målöga (   Sweden) 
", Landing (LDG),Private,"Målöga, Sweden","Målöga, Sweden",,,Fatalities: 0 / Occupants: 2 
20030830-0,Preliminary,Saturday 30 August 2003,11:30,Cessna 208B Grand Caravan,Isla Nena Air Services,,,, N786DM, 208B0922, 2001,1200,, 1 Pratt & Whitney Canada PT6A-114A,,Fatalities: 0 / Occupants: 1,Fatalities: 0 / Occupants: 9,,, Substantial, Repaired,"near Culebra Airport (CPX) (   Puerto Rico) 
", Approach (APR),Domestic Scheduled Passenger,"Fajardo Airport (FAJ/TJFA), Puerto Rico","Culebra Airport (CPX/TJCP), Puerto Rico",,,Fatalities: 0 / Occupants: 10 
20030904-0,Final,Thursday 4 September 2003,17:08,IRMA/Britten-Norman BN-2A-27 Islander,Venagas Construction Corporation,,,, N630VC, 868, 1978-07-13  (25 years 2 months),,,,,Fatalities: 0 / Occupants: 1,Fatalities: 0 / Occupants: 5,,, Damaged beyond repair,,"near Cayey (   Puerto Rico) 
", En route (ENR),Executive,"Culebra Airport (CPX/TJCP), Puerto Rico","Ponce-Mercedita Airport (PSE/TJPS), Puerto Rico",,,Fatalities: 0 / Occupants: 6 
20030911-0,Final,Thursday 11 September 2003,ca 21:30,Cessna 208B Grand Caravan,Wasaya Airways,,,, C-FKAB, 208B0305, 1992,16770,, 1 Pratt & Whitney Canada PT6A-114A,,Fatalities: 1 / Occupants: 1,Fatalities: 7 / Occupants: 7,,, Damaged beyond repair,,"10 km (6.3 mls) NW of Summer Beaver, ON (   Canada) 
", Approach (APR),Domestic Scheduled Passenger,"Pickle Lake Airport, ON (YPL/CYPL), Canada","Summer Beaver Airport, ON (SUR), Canada", 125,,Fatalities: 8 / Occupants: 8 
20030912-0,Final,Friday 12 September 2003,21:54,Beechcraft B200 Super King Air,Willis Lease Finance Corporation,,,, N600BV, BB-254, 1977,,, 2 Pratt & Whitney Canada PT6A-41A,,Fatalities: 1 / Occupants: 1,Fatalities: 9 / Occupants: 9,,, Damaged beyond repair,,"ca 1,5 km N off Caniçal, Madeira Island (   Portugal) 
", En route (ENR),Private,"Funchal Airport (FNC/LPFU), Portugal","Málaga Airport (AGP/LEMG), Spain",,,Fatalities: 10 / Occupants: 10 
20030914-0,Preliminary,Sunday 14 September 2003,,Let L-410UVP,ACS Ltd.,,,, 9XR-AL, 810623, 1981,,,,,Fatalities: 0 / Occupants: ,Fatalities: 0 / Occupants: ,,, Damaged beyond repair,,"Lankein (   South Sudan) 
", Takeoff (TOF),Int'l Non Scheduled Passenger,"Lankein Airstrip, South Sudan","Lokichoggio Airport (LKG/HKLK), Kenya",,,Fatalities: 0 / Occupants:  
20030917-0,Final,Wednesday 17 September 2003,18:28,British Aerospace 3212 Jetstream 32EP,European Executive Express,,,, SE-LNT, 948, 1991,13494,, 2 Garrett TPE331-12UAR-704M,,Fatalities: 0 / Occupants: 2,Fatalities: 0 / Occupants: 0,,, Damaged beyond repair,,"Luleå-Kallax Airport (LLA) (   Sweden) 
", Landing (LDG),Domestic Scheduled Passenger,"Pajala Airport (PJA/ESUP), Sweden","Luleå-Kallax Airport (LLA/ESPA), Sweden", 403,,Fatalities: 0 / Occupants: 2 
20030917-1,Final,Wednesday 17 September 2003,14:47,British Aerospace 3102 Jetstream 31,Eastern Airways,,,, G-EEST, 781, 1987,17845,, 2 Garrett TPE331-10UGR-516H,20730,Fatalities: 0 / Occupants: 3,Fatalities: 0 / Occupants: 4,,, Damaged beyond repair,,"Wick Airport (WIC) (   United Kingdom) 
", Landing (LDG),Domestic Scheduled Passenger,"Aberdeen-Dyce Airport (ABZ/EGPD), United Kingdom","Wick Airport (WIC/EGPC), United Kingdom",,,Fatalities: 0 / Occupants: 7 
20030919-0,,Friday 19 September 2003,ca 20:00,Lockheed C-130A Hercules,Fuerza Aérea Mexicana,,,, 3603, 3025, 1957,,,,,Fatalities: 6 / Occupants: 6,Fatalities: 0 / Occupants: 0,,, Damaged beyond repair,,"near La Quemada (   Mexico) 
", Unknown (UNK),Military,"Mexicali Airport (MXL/MMML), Mexico","Santa Lucía Air Base (NLU/MMSM), Mexico",,,Fatalities: 6 / Occupants: 6 
20030919-1,Final,Friday 19 September 2003,17:10,Learjet 25B,Ameristar Jet Charter,,,, N666TW, 25-116, 1973,15363,, 2 General Electric CJ610-6,12706,Fatalities: 1 / Occupants: 2,Fatalities: 0 / Occupants: 0,,, Destroyed, Written off (damaged beyond repair),"Del Rio International Airport, TX (DRT) (   United States of America) 
", Landing (LDG),Cargo,"El Paso International Airport, TX (ELP/KELP), United States of America","Del Rio International Airport, TX (DRT/KDRT), United States of America", 982,,Fatalities: 1 / Occupants: 2 
20030920-0,Final,Saturday 20 September 2003,18:54,British Aerospace BAe-125-700A,Star Flite Aviation,,,, N45BP, 257026/NA219, 1978,9781,, 2 Garrett TFE731-3-1RH,7098,Fatalities: 3 / Occupants: 3,Fatalities: 0 / Occupants: 0,,, Destroyed, Written off (damaged beyond repair),"24 km (15 mls) NW of Beaumont, TX (   United States of America) 
", Maneuvering (MNV),Training,"Houston-William P. Hobby Airport, TX (HOU/KHOU), United States of America","Beaumont Municipal Airport, TX (BMT/KBMT), United States of America",,,Fatalities: 3 / Occupants: 3 
20030924-0,Preliminary,Wednesday 24 September 2003,,Antonov An-12,Sarit Airlines,,,, ST-SAR, 402102, 1974,,, 4 Ivchenko AI-20M,,Fatalities: 0 / Occupants: ,Fatalities: 0 / Occupants: ,,, Substantial, Written off (damaged beyond repair),"Wau Airport (WUU) (   South Sudan) 
", Landing (LDG),Cargo,?,"Wau Airport (WUU/HSWW), South Sudan",,,Fatalities: 0 / Occupants:  
20030925-0,Final,Thursday 25 September 2003,11:26,Grumman HU-16C Albatross,Corsair Aviation Holdings Inc,,,, N70258, G-418, ,,,,,Fatalities: 1 / Occupants: 2,Fatalities: 1 / Occupants: 1,,, Damaged beyond repair,,"5 km (3.1 mls) NW of Fort Pierce-Saint Lucie County Airport, FL (FPR) (   United States of America) 
", Initial climb (ICL),Private,"Fort Pierce-Saint Lucie County Airport, FL (FPR/KFPR), United States of America","Fort Pierce-Saint Lucie County Airport, FL (FPR/KFPR), United States of America",,,Fatalities: 2 / Occupants: 3 
20031001-0,Final,Wednesday 1 October 2003,14:20,Boeing 747-271C (SCD),Cargo Air Lines,,,, 4X-ICM, 21965/438, 1980-03-08  (23 years 7 months),96168,, 4 General Electric CF6-50E2,17314,Fatalities: 0 / Occupants: 3,Fatalities: 0 / Occupants: 2,,, Substantial, Repaired,"Liège-Bierset Airport (LGG) (   Belgium) 
", Landing (LDG),Cargo,"Tel Aviv-Ben Gurion International Airport (TLV/LLBG), Israel","Liège-Bierset Airport (LGG/EBLG), Belgium",5C1905,,Fatalities: 0 / Occupants: 5 
20031002-0,,Thursday 2 October 2003,ca 16:00,Douglas DC-3,Unknown,,,, registration unknown, , ,,,,,Fatalities: 0 / Occupants: ,Fatalities: 0 / Occupants: ,,, Damaged beyond repair,,"Bocas del Rosario (   Colombia) 
", Unknown (UNK),Illegal Flight,?,?,,,Fatalities: 0 / Occupants:  
20031003-0,Final,Friday 3 October 2003,21:25,Convair CV-580F,Air Freight NZ,,,, ZK-KFU, 17, 1952,66660,, 2 Allison 501-D13D,98774,Fatalities: 2 / Occupants: 2,Fatalities: 0 / Occupants: 0,,, Destroyed, Written off (damaged beyond repair),"10 km (6.3 mls) N off  Paraparaumu (   New Zealand) 
", En route (ENR),Cargo,"Christchurch International Airport (CHC/NZCH), New Zealand","Palmerston North Airport (PMR/NZPM), New Zealand", 642,,Fatalities: 2 / Occupants: 2 
20031003-1,Final,Friday 3 October 2003,11:16,Lockheed SP-2H Neptune,Minden Air Corporation,,,, N299MA, 726-7211, ,,, 2 Wright R-3350-32WA Cyclone,,Fatalities: 2 / Occupants: 2,Fatalities: 0 / Occupants: 0,,, Damaged beyond repair,,"East Highlands, CA (   United States of America) 
", Maneuvering (MNV),Ferry/positioning,"Prescott Airport, AZ (PRC/KPRC), United States of America","San Bernardino International Airport, CA (SBD/KSBD), United States of America",,,Fatalities: 2 / Occupants: 2 
20031009-0,Final,Thursday 9 October 2003,,Antonov An-2TP,Mirny Air Enterprise,,,, RA-01440, 1G231-20, 1988,,, 1 PZL Kalisz (Shvetsov) ASz-62IR,,Fatalities: 0 / Occupants: 2,Fatalities: 0 / Occupants: 0,,, Substantial, Written off (damaged beyond repair),"49 km (30.6 mls) from  Amakinskaya (   Russia) 
", En route (ENR),Cargo,"Olenek (UERO), Russia","Amakinskaya, Russia",,,Fatalities: 0 / Occupants: 2 
20031011-0,,Saturday 11 October 2003,ca 16:00,Antonov An-2TP,Transmandu,,,, YV-1128C, 1G238-12, 1990,,,,,Fatalities: 1 / Occupants: 2,Fatalities: 0 / Occupants: 0,,, Damaged beyond repair,,"near Uriman (   Venezuela) 
", Unknown (UNK),Unknown,"Uriman Airport (URM/SVUM), Venezuela",?,,,Fatalities: 1 / Occupants: 2 
20031013-0,,Monday 13 October 2003,,Antonov An-2T,Aéreo Transporte La Montaña,,,, YV-901C, 1G238-27, 1991,,,,,Fatalities: 0 / Occupants: 1,Fatalities: 0 / Occupants: 0,,, Damaged beyond repair,,"near La Paragua (   Venezuela) 
", En route (ENR),Unknown,"La Paragua Airport (SVPU), Venezuela","Uriman Airport (URM/SVUM), Venezuela",,,Fatalities: 0 / Occupants: 1 
20031014-0,Preliminary,Tuesday 14 October 2003,ca 09:00,Cessna 208 Caravan I,Air Kenya,,,, 5Y-BOY, 208B0882, 2001,,, 1 Pratt & Whitney Canada PT6A-114,,Fatalities: 0 / Occupants: 1,Fatalities: 0 / Occupants: 0,,, Substantial, Repaired,"Nairobi-Wilson Airport (WIL) (   Kenya) 
", Initial climb (ICL),Ferry/positioning,"Nairobi-Wilson Airport (WIL/HKNW), Kenya","Lamu Airport (LAU/HKLU), Kenya",,,Fatalities: 0 / Occupants: 1 
20031020-0,Preliminary - official,Monday 20 October 2003,,Fokker F-27 Friendship 600,TAVAJ Linhas Aéreas,,,, PT-TVA, 10334, 1967,,, 2 Rolls-Royce Dart 532-7,,Fatalities: 0 / Occupants: 3,Fatalities: 0 / Occupants: 20,,, Damaged beyond repair,,"Tarauacá Airport, AC (TRQ) (   Brazil) 
", Landing (LDG),Domestic Scheduled Passenger,"Cruzeiro do Sul-Campo Internacional Airport, AC (CZS/SBCZ), Brazil","Tarauacá Airport, AC (TRQ/SBTK), Brazil",,,Fatalities: 0 / Occupants: 23 
20031022-0,Final,Wednesday 22 October 2003,21:57,Boeing 747-281F (SCD),Nippon Cargo Airlines,,,, JA8191, 24576/818, 1990-10-16  (13 years ),53848,, 4 General Electric CF6-50E2,,Fatalities: 0 / Occupants: 4,Fatalities: 0 / Occupants: 0,,, Substantial, Repaired,"Tokyo-Narita Airport (NRT) (   Japan) 
", Takeoff (TOF),Cargo,"Tokyo-Narita Airport (NRT/RJAA), Japan","Anchorage-Ted Stevens International Airport, AK (ANC/PANC), United States of America",  62,,Fatalities: 0 / Occupants: 4 
20031026-0,Final,Sunday 26 October 2003,04:30,Fairchild FH-227B,CATA Linea Aérea,,,, LV-MGV, 567, 1967,27650,, 2 Rolls-Royce Dart 532-7,21574,Fatalities: 5 / Occupants: 5,Fatalities: 0 / Occupants: 0,,, Destroyed, Written off (damaged beyond repair),"30 km (18.8 mls) SW of Buenos Aires, BA (   Argentina) 
", En route (ENR),Cargo,"Buenos Aires/Ezeiza-Ministro Pistarini Airport, BA (EZE/SAEZ), Argentina","Corrientes-Camba Punta Airport, CR (CNQ/SARC), Argentina", 760,,Fatalities: 5 / Occupants: 5 
20031027-0,Preliminary - official,Monday 27 October 2003,08:08,British Aerospace BAe-125-800A,Aeroextra,,,, XA-ISH, 258036, 1985,,,,,Fatalities: 3 / Occupants: 3,Fatalities: 0 / Occupants: 0,,, Damaged beyond repair,,"2,4 km (1.5 mls) from  Las Potrancas Ranch Airstrip (   Mexico) 
", Approach (APR),Ferry/positioning,"Tampico-Gen F Javier Mina Airport (TAM/MMTM), Mexico","Las Potrancas Ranch Airstrip, Mexico",,,Fatalities: 3 / Occupants: 3 
20031029-0,Final,Wednesday 29 October 2003,08:54,Cessna 208B Super Cargomaster,,Corporate Air,,FedEx, N791FE, 208B0289, 1991,6885,, 1 Pratt & Whitney Canada PT6A-114A,6599,Fatalities: 1 / Occupants: 1,Fatalities: 0 / Occupants: 0,,, Substantial, Written off (damaged beyond repair),"0,5 km (0.3 mls) SW of Cody-Yellowstone Regional Airport, WY (COD) (   United States of America) 
", Approach (APR),Cargo,"Casper Airport, WY (CPR/KCPR), United States of America","Cody-Yellowstone Regional Airport, WY (COD/KCOD), United States of America",8773,,Fatalities: 1 / Occupants: 1 
20031030-0,,Thursday 30 October 2003,,Antonov An-28,Unknown,,,, ER-AJG, 1AJ003-09, 1987,,, 2 Glushenkov TVD-10B,,Fatalities:  / Occupants: ,Fatalities:  / Occupants: ,,, Damaged beyond repair,,"0,8 km (0.5 mls) from  Kamina Airport (KMN) (   Democratic Republic of the Congo) 
", Approach (APR),Cargo,"Kilembwe, Democratic Republic of the Congo","Kamina Airport (KMN/FZSA), Democratic Republic of the Congo",,,Fatalities:  / Occupants:  
20031103-0,Preliminary,Monday 3 November 2003,07:35,Antonov An-12BP,Sarit Airlines,,,, EK11997, 6344407, 1966,,, 4 Ivchenko AI-20M,,Fatalities: 0 / Occupants: ,Fatalities: 0 / Occupants: ,,, Damaged beyond repair,,"Geneina Airport (EGN) (   Sudan) 
", Landing (LDG),Cargo,"Khartoum-Civil Airport (KRT/HSSS), Sudan","Geneina Airport (EGN/HSCN), Sudan",,,Fatalities: 0 / Occupants:  
20031106-0,Preliminary - official,Thursday 6 November 2003,22:50,Airbus A320-232,TAM Linhas Aéreas,,,, PT-MZL, 1376, 2000-12-01  (2 years 11 months),,, 2 IAE V2527-A5,,Fatalities: 0 / Occupants: 6,Fatalities: 0 / Occupants: 122,,, Substantial, Repaired,"Florianópolis-Hercilio Luz International Airport, SC (FLN) (   Brazil) 
", Landing (LDG),Domestic Scheduled Passenger,"São Paulo-Congonhas Airport, SP (CGH/SBSP), Brazil","Florianópolis-Hercilio Luz International Airport, SC (FLN/SBFL), Brazil",,,Fatalities: 0 / Occupants: 128 
20031107-0,Final,Friday 7 November 2003,20:40,de Havilland Canada DHC-6 Twin Otter 310,British Antarctic Survey,,,, VP-FBB, 783, 1982,,, 2 Pratt & Whitney Canada PT6A-27,,Fatalities: 0 / Occupants: 2,Fatalities: 0 / Occupants: 0,,, Substantial, Repaired,"Rothera Research Station (   Antarctica) 
", Landing (LDG),Ferry/positioning,"Fossil Bluff, Antarctica","Rothera Research Station (EGAR), Antarctica",,,Fatalities: 0 / Occupants: 2 
20031108-0,Preliminary,Saturday 8 November 2003,ca 11:00,Shorts SC.7 Skyvan 3M-100,Trans Guyana Airways,,,, 8R-GMC, SH.1959, 1978,,, 2 Garrett TPE331-2-201A,,Fatalities: 1 / Occupants: 3,Fatalities: 1 / Occupants: 4,,, Damaged beyond repair,,"near Ogle Airport (OGL) (   Guyana) 
", Initial climb (ICL),Domestic Non Scheduled Passenger,"Ogle Airport (OGL/SYGO), Guyana","Ekereku Airport (EKE), Guyana",,,Fatalities: 2 / Occupants: 7 
20031112-0,Final,Wednesday 12 November 2003,06:45,Learjet 24D,"Multi-Aero, Inc.",,,, N77JL, 24-286, 1974,6653,, 2 General Electric CJ610-6,6504,Fatalities: 0 / Occupants: 2,Fatalities: 0 / Occupants: 2,,, Destroyed, Written off (damaged beyond repair),"Belleville, IL (   United States of America) 
", Initial climb (ICL),Executive,"Saint Louis-Bi-State Parks Airport, MO (CPS/KCPS), United States of America","North Platte-Lee Bird Field, NE (LBF/KLBF), United States of America",,,Fatalities: 0 / Occupants: 4 
20031114-0,Final,Friday 14 November 2003,12:50,Boeing 747-422,United Airlines,,,, N178UA, 24385/820, 1990-10-23  (13 years ),57337,, 4 Pratt & Whitney PW4056,,Fatalities: 0 / Occupants: 21,Fatalities: 0 / Occupants: 335,,, Substantial, Repaired,"San Francisco International Airport, CA (SFO) (   United States of America) 
", Takeoff (TOF),International Scheduled Passenger,"San Francisco International Airport, CA (SFO/KSFO), United States of America","Hong Kong-Chek Lap Kok International Airport (HKG/VHHH), Hong Kong",UA805,,Fatalities: 0 / Occupants: 356 
20031117-0,Preliminary,Monday 17 November 2003,16:25,Antonov An-12BP,Sarit Airlines,,,, ST-SAA, 5342905, 1965,,, 4 Ivchenko AI-20M,,Fatalities: 6 / Occupants: 6,Fatalities: 7 / Occupants: 7,,, Damaged beyond repair,,"6 km (3.8 mls) from  Wau (   South Sudan) 
", Approach (APR),Cargo,"Khartoum-Civil Airport (KRT/HSSS), Sudan","Wau Airport (WUU/HSWW), South Sudan", 044,,Fatalities: 13 / Occupants: 13 
20031118-0,Final,Tuesday 18 November 2003,14:10,Cessna 550 Citation II,Haalo Ltd.,,,, N418MA, 550-0144, 1980,,, 2 Pratt & Whitney Canada JT15D-4,,Fatalities: 0 / Occupants: 2,Fatalities: 0 / Occupants: 2,,, Destroyed, Written off (damaged beyond repair),"Mineral Wells Airport, TX (MWL) (   United States of America) 
", Landing (LDG),Training,"Fort Worth-Meacham Field, TX (FTW/KFTW), United States of America","Mineral Wells Airport, TX (MWL/KMWL), United States of America",,,Fatalities: 0 / Occupants: 4 
20031118-1,Final,Tuesday 18 November 2003,07:21,Swearingen SA226-TC Metro II,Key Lime Air,,,, N332BA, TC-222E, 1976,23972,, 2 Garrett TPE331-10UA-511G,,Fatalities: 0 / Occupants: 1,Fatalities: 0 / Occupants: 0,,, Substantial, Written off (damaged beyond repair),"Grand Junction-Walker Field, CO (GJT) (   United States of America) 
", Landing (LDG),Cargo,"Rifle-Garfield County Airport, CO (RIL), United States of America","Grand Junction-Walker Field, CO (GJT/KGJT), United States of America",,,Fatalities: 0 / Occupants: 1 
20031121-0,Final,Friday 21 November 2003,17:09 UTC,Douglas C-47A-1-DK (DC-3),SAA Historic Flight,,,, ZS-BXF, 12107, 1943,25962,, 2 Pratt & Whitney R-1830-92,,Fatalities: 0 / Occupants: 3,Fatalities: 0 / Occupants: 0,,, Substantial, Repaired,"3,7 km (2.3 mls) E of Lanseria Airport (HLA) (   South Africa) 
", En route (ENR),Ferry/positioning,"Lanseria Airport (HLA/FALA), South Africa","Swartkop Air Force Base (FASK), South Africa", 668,,Fatalities: 0 / Occupants: 3 
20031121-1,,Friday 21 November 2003,,Hawker Siddeley HS-125-403B,Intertransit,,,, D2-EXR, 25215, 1970,,,,,Fatalities: 0 / Occupants: ,Fatalities: 0 / Occupants: ,,, Substantial,,"Luanda-4 de Fevereiro Airport (LAD) (   Angola) 
", Landing (LDG),Unknown,"Luanda-4 de Fevereiro Airport (LAD/FNLU), Angola","Catumbela Airport (CBT/FNCT), Angola",,,Fatalities: 0 / Occupants:  
20031122-0,Preliminary,Saturday 22 November 2003,ca 09:00,Airbus A300B4-203F,European Air Transport,,,, OO-DLL, 093, 1979-10-18  (24 years 1 months),,, 2 General Electric CF6-50C2,,Fatalities: 0 / Occupants: 3,Fatalities: 0 / Occupants: 0,,, Substantial, Written off (damaged beyond repair),"near Baghdad International Airport (BGW) (   Iraq) 
", En route (ENR),Cargo,"Baghdad International Airport (BGW/ORBI), Iraq","Bahrain International Airport (BAH/OBBI), Bahrain",,,Fatalities: 0 / Occupants: 3 
20031129-0,Preliminary,Saturday 29 November 2003,15:16,Antonov An-26,Force Aérienne Congolaise,,,, 9T-TAD, , ,,,,,Fatalities: 6 / Occupants: 6,Fatalities: 14 / Occupants: 18,Fatalities: 13,, Damaged beyond repair,,"Boende Airport (BNB) (   Democratic Republic of the Congo) 
", Takeoff (TOF),Military,"Boende Airport (BNB/FZGN), Democratic Republic of the Congo","Kinshasa (unknown airport), Democratic Republic of the Congo",,,Fatalities: 20 / Occupants: 24 
20031129-1,Final,Saturday 29 November 2003,08:01,Swearingen SA227-AT Merlin IVC,Ameriflight,,,, N439AF, AT-439B, 1981,15126,, 2 Garrett TPE331-11U-611G,,Fatalities: 1 / Occupants: 1,Fatalities: 0 / Occupants: 0,,, Destroyed, Written off (damaged beyond repair),"5,5 km (3.4 mls) E of Spokane-Felts Field, WA (SFF) (   United States of America) 
", Approach (APR),Cargo,"Seattle-Boeing Field International Airport, WA (BFI/KBFI), United States of America","Spokane-Felts Field, WA (SFF/KSFF), United States of America",1966,,Fatalities: 1 / Occupants: 1 
20031129-3,Preliminary,Saturday 29 November 2003,02:35,Boeing 747-258C,Hydro Air Cargo,,,, ZS-OOS, 21190/272, 1975-10-22  (28 years 2 months),,, 4 Pratt & Whitney JT9D-7J,,Fatalities: 0 / Occupants: 9,Fatalities: 0 / Occupants: 0,,, Damaged beyond repair,,"Lagos-Murtala Muhammed Airport (LOS) (   Nigeria) 
", Landing (LDG),Cargo,"Brussel-Zaventem Airport (BRU/EBBR), Belgium","Lagos-Murtala Muhammed International Airport (LOS/DNMM), Nigeria", 501,,Fatalities: 0 / Occupants: 9 
20031201-0,,Monday 1 December 2003,,Let L-410UVP-E,Millenium Air,,,, 5N-BFL, 902406, 1990,,, 2 Walter M-601E,,Fatalities: 0 / Occupants: 0,Fatalities: 0 / Occupants: 0,,, Damaged beyond repair,,"Kano-Aminu Kano International Airport (KAN) (   Nigeria) 
", Standing (STD),-,-,-,,,Fatalities: 0 / Occupants: 0 
20031203-0,Final,Wednesday 3 December 2003,05:55,Swearingen SA226-TC Metro II,Key Lime Air,,,, N60U, TC-232, 1977,25932,, 2 Garrett TPE331-3UW-303G,,Fatalities: 0 / Occupants: 1,Fatalities: 0 / Occupants: 0,,, Damaged beyond repair,,"Denver International Airport, CO (DEN) (   United States of America) 
", Taxi (TXI),Cargo,"Denver International Airport, CO (DEN/KDEN), United States of America","Garden City Municipal Airport, KS (GCK/KGCK), United States of America",,,Fatalities: 0 / Occupants: 1 
20031204-0,Final,Thursday 4 December 2003,09:09,Dornier 228-202,Kato Air,,,, LN-HTA, 8127, 1987,,, 2 Garrett TPE331-5-252D,,Fatalities: 0 / Occupants: 2,Fatalities: 0 / Occupants: 2,,, Damaged beyond repair,,"Bodø Airport (BOO) (   Norway) 
", Landing (LDG),Domestic Scheduled Passenger,"Røst-Stolport Airport (RET/ENRS), Norway","Bodø Airport (BOO/ENBO), Norway", 603,,Fatalities: 0 / Occupants: 4 
20031204-1,Final,Thursday 4 December 2003,19:40,Beechcraft B200 Super King Air,Southeastern Air Charter,,,, N85BK, BB-734, 1981,9864,, 2 Pratt & Whitney Canada PT6A-42,,Fatalities: 2 / Occupants: 2,Fatalities: 0 / Occupants: 0,,, Damaged beyond repair,,"1,6 km (1 mls) S of Atlanta-Newnan Coweta County Airport, GA (   United States of America) 
", Approach (APR),Ferry/positioning,"Douglas Municipal Airport, GA (KDQH), United States of America","Atlanta-Newnan Coweta County Airport, GA (KCCO), United States of America",,,Fatalities: 2 / Occupants: 2 
20031207-0,Preliminary,Sunday 7 December 2003,13:37,Fokker F-28 Fellowship 4000,East African Safari Air,,,, 5Y-NNN, 11231, 1986,,, 2 Rolls-Royce Spey 555-15P,,Fatalities: 0 / Occupants: 4,Fatalities: 0 / Occupants: 23,,, Damaged beyond repair,,"Lokichoggio Airport (LKG) (   Kenya) 
", Landing (LDG),Domestic Scheduled Passenger,"Nairobi-Wilson Airport (WIL/HKNW), Kenya","Lokichoggio Airport (LKG/HKLK), Kenya", 812,,Fatalities: 0 / Occupants: 27 
20031209-0,Preliminary,Tuesday 9 December 2003,ca 04:00,McDonnell Douglas C-17A Globemaster III,United States Air Force - USAF,,,, 98-0057, P-57, ,,,,,Fatalities: 0 / Occupants: 3,Fatalities: 0 / Occupants: 13,,, Substantial, Repaired,"near Baghdad International Airport (SDA) (   Iraq) 
", En route (ENR),Military,"Baghdad International Airport (BGW/ORBI), Iraq",?,,,Fatalities: 0 / Occupants: 16 
20031212-0,Preliminary,Friday 12 December 2003,ca 15:00,IRMA/Britten-Norman BN-2A-21 Islander,Chemtrad Aviation,,,, RP-C868, 725, 1974-10-01  (29 years 3 months),,,,,Fatalities: 3 / Occupants: 3,Fatalities: 0 / Occupants: 0,,, Damaged beyond repair,,"Barangay Dinapnat, Divilacan town, Isabela (   Philippines) 
", Approach (APR),Domestic Non Scheduled Passenger,"Maconacon Airport, Philippines","Tuguegarao Airport (TUG/RPUT), Philippines",,,Fatalities: 3 / Occupants: 3 
20031213-0,Final,Saturday 13 December 2003,22:48,Boeing 737-2A9,Aero Continente,,,, OB-1544-P, 20956/386, 1974-11-18  (29 years 1 months),62716,, 2 Pratt & Whitney JT8D-9A,62162,Fatalities: 0 / Occupants: 6,Fatalities: 0 / Occupants: 94,,, Damaged beyond repair,,"Lima-J Chavez International Airport (LIM) (   Peru) 
", Landing (LDG),International Scheduled Passenger,"Caracas-Simón Bolívar International Airport (CCS/SVMI), Venezuela","Lima-Jorge Chávez International Airport (LIM/SPIM), Peru", 341,,Fatalities: 0 / Occupants: 100 
20031216-0,Final,Tuesday 16 December 2003,,de Havilland Canada DHC-3T/M601 Turbine Otter,Huron Air,,,, C-GOFF,  65, 1954,,, 1 Walter M-601E-11,,Fatalities: 1 / Occupants: 1,Fatalities: 1 / Occupants: 2,,, Damaged beyond repair,,"near Jellicoe, ON (   Canada) 
", Takeoff (TOF),Domestic Non Scheduled Passenger,"Jellicoe, ON, Canada",?,,,Fatalities: 2 / Occupants: 3 
20031216-1,Final,Tuesday 16 December 2003,07:30,Beechcraft 99 Airliner,Freight Runners Express,,,, N399CZ, U-52, 1969,35914,, 2 Pratt & Whitney Canada PT6A-27,,Fatalities: 0 / Occupants: 1,Fatalities: 0 / Occupants: 0,,, Damaged beyond repair,,"Wausau-Central Wisconsin Airport, WI (CWA) (   United States of America) 
", Landing (LDG),Cargo,"Milwaukee-General Mitchell Airport, WI (MKE/KMKE), United States of America","Wausau-Central Wisconsin Airport, WI (CWA/KCWA), United States of America",1544,,Fatalities: 0 / Occupants: 1 
20031217-0,Final,Wednesday 17 December 2003,10:35,CASA CN-235M-200,L'Armée de L'Air,,,, F-RAIA, 043, 1990,4925,, 2 General Electric CT7-9C,,Fatalities: 4 / Occupants: 4,Fatalities: 3 / Occupants: 3,,, Destroyed, Written off (damaged beyond repair),"near Suc-et-Sentenac (   France) 
", En route (ENR),Military,"Toulouse-Francazal Air Base (BA 101) (LFBF), France","Toulouse-Francazal Air Base (BA 101) (LFBF), France",,,Fatalities: 7 / Occupants: 7 
20031218-0,Final,Thursday 18 December 2003,12:26,McDonnell Douglas MD-10F,FedEx Express,,,, N364FE, 46600/4, 1971,65375,, 3 General Electric CF6-6D,26163,Fatalities: 0 / Occupants: 2,Fatalities: 0 / Occupants: 5,,, Destroyed, Written off (damaged beyond repair),"Memphis International Airport, TN (MEM) (   United States of America) 
", Landing (LDG),Cargo,"Oakland International Airport, CA (OAK/KOAK), United States of America","Memphis International Airport, TN (MEM/KMEM), United States of America", 647,,Fatalities: 0 / Occupants: 7 
20031218-1,Final,Thursday 18 December 2003,17:10,McDonnell Douglas DC-9-15F,Líneas Aéreas Suramericanas,,,, HK-4246X, 47062/223, 1968,56703,, 2 Pratt & Whitney JT8D-7B (HK3),,Fatalities: 3 / Occupants: 3,Fatalities: 0 / Occupants: 0,,, Destroyed, Written off (damaged beyond repair),"135 km (84.4 mls) NE of Mitú (   Colombia) 
", En route (ENR),Cargo,"El Yopal Airport (EYP/SKYP), Colombia","Mitú Airport (MVP/SKMU), Colombia",,,Fatalities: 3 / Occupants: 3 
20031219-0,Preliminary,Friday 19 December 2003,18:44,Boeing 737-3Y0,Air Gabon,,,, TR-LFZ, 23750/1431, 1987-08-10  (16 years 5 months),,, 2 CFMI CFM56-3B1,,Fatalities: 0 / Occupants: 6,Fatalities: 0 / Occupants: 125,,, Damaged beyond repair,,"Libreville Airport (LBV) (   Gabon) 
", Landing (LDG),Domestic Scheduled Passenger,"Franceville/Mvengue Airport (MVB/FOON), Gabon","Libreville Airport (LBV/FOOL), Gabon", 471,,Fatalities: 0 / Occupants: 131 
20031220-1,Preliminary,Saturday 20 December 2003,11:00,Boeing 737-76N,Gol Transportes Aéreos,,,, PR-GOO, 30135/1068, 2002,,, 2 CFMI CFM56-7B22,,Fatalities: 0 / Occupants: 6,Fatalities: 0 / Occupants: 143,,, Substantial, Repaired,"Navegantes Airport, SC (NVT) (   Brazil) 
", Landing (LDG),Domestic Scheduled Passenger,"São Paulo-Congonhas Airport, SP (CGH/SBSP), Brazil","Navegantes-Itajaí Airport, SC (NVT/SBNF), Brazil",1756,,Fatalities: 0 / Occupants: 149 
20031220-2,Final,Saturday 20 December 2003,06:18,Cessna 208B Super Cargomaster,Martinaire,,,, N9469B, 208B0079, 1988,10429,, 1 Pratt & Whitney Canada PT6A-114,,Fatalities: 0 / Occupants: 1,Fatalities: 0 / Occupants: 0,,, Substantial, Repaired,"Cincinnati/Northern Kentucky Airport, KY (CVG) (   United States of America) 
", Takeoff (TOF),Cargo,"Cincinnati/Northern Kentucky Airport, KY (CVG/KCVG), United States of America","Knoxville-McGhee Tyson Airport, TN (TYS/KTYS), United States of America",,,Fatalities: 0 / Occupants: 1 
20031222-0,Final,Monday 22 December 2003,21:59,Boeing 737-73V,easyJet,,,, G-EZJM, 30248/1118, 2002-04-09  (1 year 9 months),5816,, 2 CFMI CFM56-7B20,4246,Fatalities: 0 / Occupants: 5,Fatalities: 0 / Occupants: 98,,, Substantial, Repaired,"Amsterdam-Schiphol Airport (AMS) (   Netherlands) 
", Taxi (TXI),International Scheduled Passenger,"Amsterdam-Schiphol International Airport (AMS/EHAM), Netherlands","London-Gatwick Airport (LGW/EGKK), United Kingdom",5112,,Fatalities: 0 / Occupants: 103 
20031223-0,Final,Tuesday 23 December 2003,09:13,Learjet 24B,Pavair,,,, N600XJ, 24-190, 1969,,, 2 General Electric CJ610,,Fatalities: 2 / Occupants: 2,Fatalities: 0 / Occupants: 0,,, Damaged beyond repair,,"5 km (3.1 mls) SE of Helendale, CA (   United States of America) 
", En route (ENR),Ferry/positioning,"Chino Airport, CA (CNO/KCNO), United States of America","Hailey-Sun Valley Airport, ID (SUN/KSUN), United States of America",,,Fatalities: 2 / Occupants: 2 
20031225-0,Final,Thursday 25 December 2003,14:59,Boeing 727-223,Union des Transports Africains de Guinée,,,, 3X-GDO, 21370/1276, 1977-06-29  (26 years 6 months),67186,, 3 Pratt & Whitney JT8D-9A (HK3),40452,Fatalities: 5 / Occupants: 10,Fatalities: 136 / Occupants: 153,,, Destroyed, Written off (damaged beyond repair),"Cotonou Airport (COO) (   Benin) 
", Takeoff (TOF),International Scheduled Passenger,"Cotonou Airport (COO/DBBB), Benin","Kufrah Airport (AKF/HLKF), Libya", 141,,Fatalities: 141 / Occupants: 163 
20031227-0,Preliminary,Saturday 27 December 2003,07:10,Cessna 208B Grand Caravan,Air Malawi,,,, 7Q-YKU, 208B0679, 1998,,, 1 Pratt & Whitney Canada PT6A-114A,,Fatalities: 0 / Occupants: 1,Fatalities: 0 / Occupants: 8,Fatalities: 1,, Substantial, Repaired,"Mzuzu Airport (ZZU) (   Malawi) 
", Takeoff (TOF),Domestic Non Scheduled Passenger,"Mzuzu Airport (ZZU/FWUU), Malawi","Lilongwe International Airport (LLW/FWKI), Malawi",,,Fatalities: 0 / Occupants: 9 
20031230-0,Preliminary - official,Tuesday 30 December 2003,15:17,Douglas DC-3C,Tol Air Services,,,, N781T, 4306, 1943,,, 2 Pratt & Whitney R-1830,,Fatalities: 0 / Occupants: 2,Fatalities: 0 / Occupants: 0,,, Substantial, Repaired,"Saint Thomas-Cyril E. King Airport (STT) (   U.S. Virgin Islands) 
", Landing (LDG),Unknown,"San Juan (unknown airport), Puerto Rico","Saint Thomas-Cyril E. King Airport (STT/TIST), U.S. Virgin Islands",,,Fatalities: 0 / Occupants: 2 
