Identifiant:,Status:,Date:,Time:,Type:,Operator:,Operating for:,On behalf of:,Leased from:,Registration:,C/n / msn:,First flight:,Total airframe hrs:,Year built:,Engines:,Cycles:,Crew:,Passengers:,Ground casualties:,Collision casualties:,Aircraft damage:,Aircraft fate:,Location:,Phase:,Nature:,Departure airport:,Destination airport:,Flightnumber:,Probable cause:,Total:
19390107-0,,Saturday 7 January 1939,ca 16:30,Douglas DC-2-115B,Swissair,,,, HB-ITA, 1329/F7, 1934,,,,,Fatalities: 3 / Occupants: 3,Fatalities: 2 / Occupants: 14,,, Damaged beyond repair,,"near Senlis (   France) 
", Approach (APR),International Scheduled Passenger,"Genève-Cointrin Airport (GVA/LSGG), Switzerland","Paris-Le Bourget Airport (LBG/LFPB), France",,,Fatalities: 5 / Occupants: 17 
19390113-0,,Friday 13 January 1939,ca 21:15,Lockheed 14-H Super Electra,Northwest Airlines,,,, NC17389, 1408, 1937,,,,,Fatalities: 2 / Occupants: 2,Fatalities: 2 / Occupants: 2,,, Damaged beyond repair,,"Miles City Municipal Airport, MT (MLS) (   United States of America) 
", Takeoff (TOF),Domestic Scheduled Passenger,"Miles City Municipal Airport, MT (MLS/KMLS), United States of America","Billings Municipal Airport, MT (BIL/KBIL), United States of America", 11,,Fatalities: 4 / Occupants: 4 
19390113-1,,Friday 13 January 1939,ca 16:00,Junkers Ju-52/3mge,Syndicato Condor,,,, PP-CAY, 4042, ,,,,,Fatalities: 5 / Occupants: 5,Fatalities: 5 / Occupants: 5,,, Damaged beyond repair,,"Rio Bonito, RJ (   Brazil) 
", En route (ENR),Domestic Scheduled Passenger,"Vitória-Goiabeiras Airport, ES (VIX/SBVT), Brazil","Rio de Janeiro-Calabouço Seaplane Base, Brazil",,,Fatalities: 10 / Occupants: 10 
19390113-2,,Friday 13 January 1939,,Fokker F.XVIII,Commercial Aviation Company,,,, VQ-PAF, 5310, 1932,,, 3 Pratt & Whitney R-1340 Wasp C,,Fatalities: 0 / Occupants: 2,Fatalities: 0 / Occupants: 0,,, Damaged beyond repair,,"Lydda Airport (TLV) (   Israel) 
", Landing (LDG),Demonstration,"Lydda Airport (TLV/LLBG), Israel","Lydda Airport (TLV/LLBG), Israel",,,Fatalities: 0 / Occupants: 2 
19390117-0,,Tuesday 17 January 1939,,Ford 5-AT-.  Tri-Motor,SCADTA - Sociedad Colombo Alemana de Transporte Aéreo,,,, C-63, 5-AT-..., ,,,,,Fatalities: 4 / Occupants: 4,Fatalities: 0 / Occupants: 0,,, Damaged beyond repair,,"near Sumapaz (   Colombia) 
", En route (ENR),Survey/research,"Bogotá-Techo Airport, Colombia",?,,,Fatalities: 4 / Occupants: 4 
19390118-0,,Wednesday 18 January 1939,,Lockheed 14-H Super Electra,Guinea Airways Pty Ltd.,,,, VH-ABI, 1418, 1938,,,,,Fatalities:  / Occupants: ,Fatalities:  / Occupants: ,,, Damaged beyond repair,,"near Katherine-Tindal Airport, NT (KTR) (   Australia) 
", Takeoff (TOF),Passenger,"Katherine-Tindal Airport, NT (KTR/YPTN), Australia","Adelaide Airport, SA (ADL/YPAD), Australia",,,Fatalities: 4 / Occupants: 4 
19390121-0,,Saturday 21 January 1939,ca 13:10,Short S.23 Empire Flying Boat Mk II,Imperial Airways,,,, G-ADUU, S.812, 1936,,, 4 Bristol Pegasus Xc,,Fatalities: 1 / Occupants: 5,Fatalities: 2 / Occupants: 8,,, Damaged beyond repair,,"460 km (287.5 mls) SE off  Port Washington, Long Island, NY (   Atlantic Ocean) 
", En route (ENR),International Scheduled Passenger,"Port Washington Seaplane Base, NY, United States of America","Bermuda-Darrell's Island Seaplane Port, Bermuda",,,Fatalities: 3 / Occupants: 13 
19390124-2,,Tuesday 24 January 1939,,Junkers Ju-52/3m,Luftwaffe,,,, registration unknown, , ,,,,,Fatalities:  / Occupants: ,Fatalities:  / Occupants: ,,, Damaged beyond repair,,"near Arrens (   France) 
", Unknown (UNK),Military,?,?,,,Fatalities: 4 / Occupants: 4 
19390127-0,,Friday 27 January 1939,12:13,Potez 62,Air France,,,, F-ANPJ, 3926 / 4, ,,, 2 Gnome-Rhône 14Kirs Mistral Major,,Fatalities: 4 / Occupants: 4,Fatalities: 2 / Occupants: 2,,, Damaged beyond repair,,"near Köln-Butzweilerhof Airfield (   Germany) 
", Approach (APR),International Scheduled Passenger,"Paris (unknown airport), France","Köln-Butzweilerhof Airfield, Germany",,,Fatalities: 6 / Occupants: 6 
19390206-0,,Monday 6 February 1939,,Fokker F.XVIII,Fuerzas Aéreas República Española - FARE,,,, BF, 5309, 1932,,,,,Fatalities:  / Occupants: ,Fatalities:  / Occupants: ,,, Damaged beyond repair,,"Vilajuïga Airfield (   Spain) 
", Standing (STD),Military,?,?,,,Fatalities:  / Occupants:  
19390213-2,,Monday 13 February 1939,,Junkers Ju-52/3m,Aviación Nacional,,,, registration unknown, , ,,,,,Fatalities:  / Occupants: ,Fatalities:  / Occupants: ,,, Damaged beyond repair,,"off Cartagena (   Spain) 
", Unknown (UNK),Military,?,?,,,Fatalities:  / Occupants:  
19390219-0,Final,Sunday 19 February 1939,18:50,Sikorsky S-42A,Pan American Airways (Pan Am),,,, NC15376, 4206, 1936,,, 4 Pratt & Whitney R-1690-S1EG Hornet,,Fatalities: 0 / Occupants: 7,Fatalities: 0 / Occupants: 23,,, Substantial, Repaired,"San Juan harbor (   Puerto Rico) 
", Landing (LDG),International Scheduled Passenger,"San Pedro de Macorís Seaplane Base, Dominican Republic","San Juan-Isla Grande Airport (SIG/TJIG), Puerto Rico",,,Fatalities: 0 / Occupants: 30 
19390224-0,,Friday 24 February 1939,,Junkers Ju-52/3mge,Reichsluftfahrtministerium - RLM,,,, D-ALUS, 5210, ,,,,,Fatalities: 4 / Occupants: 4,Fatalities: 6 / Occupants: 6,,, Damaged beyond repair,,"Termes Ribi, Commune de Roubion (   France) 
", En route (ENR),International Scheduled Passenger,?,"Genoa-Cristoforo Colombo Airport (GOA/LIMJ), Italy",,,Fatalities: 10 / Occupants: 10 
19390302-0,,Thursday 2 March 1939,13:15,Ford 6-AT-AS Tri-Motor,Yukon Southern Air Transport,,,, CF-BEP, 6-AT-1, ,,,,,Fatalities: 0 / Occupants: 0,Fatalities: 0 / Occupants: 0,,, Substantial,,"Vancouver, BC (   Canada) 
", Standing (STD),Cargo,-,-,,,Fatalities: 0 / Occupants: 0 
19390305-2,,Sunday 5 March 1939,,Junkers Ju-52/3m,Aviación Nacional,,,, registration unknown, , ,,,,,Fatalities:  / Occupants: ,Fatalities:  / Occupants: ,,, Damaged beyond repair,,"at an unknown location (   Spain) 
", Unknown (UNK),Military,?,?,,,Fatalities:  / Occupants:  
19390312-0,,Sunday 12 March 1939,,Junkers Ju-52/3mge,Eurasia,,,, XXIII, 4074, ,,,,,Fatalities: 0 / Occupants: 2,Fatalities: 4 / Occupants: 4,,, Damaged beyond repair,,"near Weining (   China) 
", En route (ENR),Domestic Scheduled Passenger,"Chongqing-Jiangbei International Airport (CKG/ZUCK), China","Kunming-Wujiaba Airfield (KMG/ZPPP), China",,,Fatalities: 4 / Occupants: 6 
19390312-1,,Sunday 12 March 1939,,Short S.23 Empire Flying Boat Mk I,,Qantas Empire Airways,,Imperial Airways, G-ADUY, S.816, 1937,,, 4 Bristol Pegasus Xc,,Fatalities: 0 / Occupants: 5,Fatalities: 0 / Occupants: 3,,, Damaged beyond repair,,"Tandjong, Batavia, Java (Netherlands East Indies) (   Indonesia) 
", Taxi (TXI),Unknown,?,?,,,Fatalities: 0 / Occupants: 8 
19390314-0,Final,Tuesday 14 March 1939,04:57 GMT,Junkers Ju-52/3mge,Sabena,,,, OO-AUA, 5815, 1937,,, 3 BMW 132,,Fatalities: 3 / Occupants: 3,Fatalities: 0 / Occupants: 0,,, Destroyed, Written off (damaged beyond repair),"Sint-Stevens-Woluwe (   Belgium) 
", Approach (APR),Cargo,"London-Croydon Airport (-/-), United Kingdom","Brussel-Haren Airport, Belgium",,,Fatalities: 3 / Occupants: 3 
19390318-0,Final,Saturday 18 March 1939,13:17,Boeing S.307 Stratoliner,Boeing,,,, NX19901, 1994, 1938-12-31  (3 months),,, 4 Wright R-1820-G102A,19,Fatalities: 10 / Occupants: 10,Fatalities: 0 / Occupants: 0,,, Damaged beyond repair,,"near Alder, WA (   United States of America) 
", Maneuvering (MNV),Test,"Seattle-Boeing Field International Airport, WA (BFI/KBFI), United States of America","Seattle-Boeing Field International Airport, WA (BFI/KBFI), United States of America",,,Fatalities: 10 / Occupants: 10 
19390326-0,Final,Sunday 26 March 1939,02:48,Douglas DC-2-112,Braniff International Airways,,,, NC13727, 1253, 1934,,, 2 Wright R-1820-F2A Cyclone,,Fatalities: 1 / Occupants: 3,Fatalities: 7 / Occupants: 9,,, Damaged beyond repair,,"Oklahoma City Municipal Air Terminal, OK (OKC) (   United States of America) 
", Takeoff (TOF),Domestic Scheduled Passenger,"Oklahoma City Municipal Air Terminal, OK (OKC/KOKC), United States of America","Dallas-Love Field, TX (DAL/KDAL), United States of America",   1,,Fatalities: 8 / Occupants: 12 
19390329-0,,Wednesday 29 March 1939,,Junkers Ju-52/3mge,Iberia,,,, M-CABD, 4059, ,,,,,Fatalities:  / Occupants: ,Fatalities:  / Occupants: ,,, Damaged beyond repair,,"Cabezabellosa, Cáceres (   Spain) 
", Unknown (UNK),Unknown,?,?,,,Fatalities:  / Occupants:  
19390399-0,,xx MAR 1939,,Lockheed 14-WG3B Super Electra,Dai Nippon Koku KK (Imperial Japanese Airways),,,, J-BDOQ, , ,,,,,Fatalities:  / Occupants: ,Fatalities:  / Occupants: ,,, Substantial, Written off (damaged beyond repair),"Fukuoka Airport (FUK) (   Japan) 
", Unknown (UNK),Unknown,?,?,,,Fatalities:  / Occupants:  
19390399-1,,xx MAR 1939,,Ford 5-AT-B Tri-Motor,TACA Guatemala,,,, LG-AAH, 5-AT-014, 1928-12-19  (41 years ),,, 3 Pratt & Whitney R-1340 Wasp,,Fatalities: 0 / Occupants: 0,Fatalities: 0 / Occupants: 0,,, Damaged beyond repair,,"Tegucigalpa-Toncontin Airport (TGU) (   Honduras) 
", Standing (STD),-,-,-,,,Fatalities: 0 / Occupants: 0 
19390415-0,,Saturday 15 April 1939,,Ford 5-AT-C Tri-Motor,South American Gulf Oil Company,,,, NC8411, 5-AT-049, 1929-06-08  (9 years 10 months),,, 3 Pratt & Whitney R-1340 Wasp,,Fatalities: 2 / Occupants: 2,Fatalities: 0 / Occupants: 0,,, Damaged beyond repair,,"near El Carmen, Santander (   Colombia) 
", En route (ENR),Unknown,?,?,,,Fatalities: 2 / Occupants: 2 
19390424-2,,Monday 24 April 1939,,Junkers Ju-52/3m,Luftwaffe,,,, registration unknown, , ,,,,,Fatalities:  / Occupants: ,Fatalities:  / Occupants: ,,, Damaged beyond repair,,"Großer Arbersee (   Germany) 
", Unknown (UNK),Military,?,?,,,Fatalities:  / Occupants:  
19390429-1,,Saturday 29 April 1939,,Junkers Ju-52/3m,Luftwaffe,,,, registration unknown, , ,,,,,Fatalities:  / Occupants: ,Fatalities:  / Occupants: ,,, Damaged beyond repair,,"near Bollstadt/Amerdingen (   Germany) 
", En route (ENR),Military,?,?,,,Fatalities: 5 / Occupants: 7 
19390499-0,,xx APR 1939,,Fokker F.VIII,Venezuelan Government,,,, YV-AFO, 5041, 1928,,,,,Fatalities: 0 / Occupants: ,Fatalities: 0 / Occupants: ,,, Damaged beyond repair,,"near Uruyén (   Venezuela) 
", Landing (LDG),Survey/research,?,"Kamarata Airport (KTV/SVKM), Venezuela",,,Fatalities: 0 / Occupants: 4 
19390501-0,,Monday 1 May 1939,,Short S.23 Empire Flying Boat Mk I,Imperial Airways,,,, G-ADVD, S.821, 1937,,, 4 Bristol Pegasus Xc,,Fatalities: 2 / Occupants: ,Fatalities: 0 / Occupants: ,,, Damaged beyond repair,,"Lumbo lagoon, Ilha da Mocambique (   Mozambique) 
", Approach (APR),International Scheduled Passenger,?,"Lumbo Airport (FQLU), Mozambique",,,Fatalities: 2 / Occupants: 6 
19390502-0,,Tuesday 2 May 1939,ca 15:30,Dewoitine D.338,Air France,,,, F-ARIC, 25, ,,,,,Fatalities: 3 / Occupants: 3,Fatalities: 6 / Occupants: 6,,, Damaged beyond repair,,"nr Argana (   Morocco) 
", En route (ENR),International Scheduled Passenger,"Dakar-Yoff Airport (DKR/GOOY), Senegal","Casablanca (unknown airport), Morocco",,,Fatalities: 9 / Occupants: 9 
19390503-0,,Wednesday 3 May 1939,,Consolidated PBY-4 Catalina,United States Navy,,,, 1234, , ,,,,,Fatalities:  / Occupants: ,Fatalities:  / Occupants: ,,, Damaged beyond repair,,"San Diego-North Island NAS, CA (NZY) (   United States of America) 
", Landing (LDG),Military,?,"San Diego-North Island NAS, CA (NZY/KNZY), United States of America",,,Fatalities:  / Occupants:  
19390506-0,,Saturday 6 May 1939,,Junkers Ju-52/3m,Eurasia,,,, XVII, 5104, ,,,,,Fatalities: 0 / Occupants: 0,Fatalities: 0 / Occupants: 0,,, Damaged beyond repair,,"Hanchung (Hanzhong) Airfield (   China) 
", Standing (STD),-,-,-,,,Fatalities: 0 / Occupants: 0 
19390517-0,,Wednesday 17 May 1939,,Lockheed 14-WG3B Super Electra,Dai Nippon Koku KK (Imperial Japanese Airways),,,, J-BCOZ, , ,,,,,Fatalities: 2 / Occupants: 3,Fatalities: 4 / Occupants: 8,,, Damaged beyond repair,,"Fukuoka Airport (FUK) (   Japan) 
", Takeoff (TOF),Domestic Scheduled Passenger,"Fukuoka Airport (FUK/RJFF), Japan","Seoul-Gimpo (Kimpo) International Airport (SEL/RKSS), South Korea",,,Fatalities: 6 / Occupants: 11 
19390599-0,,xx MAY 1939,,Douglas DC-2-192,Chinese Government,,,, n/a, 1560, 1936,,,,,Fatalities: 0 / Occupants: 0,Fatalities: 0 / Occupants: 0,,, Damaged beyond repair,,"Chongqing Airport (CKG) (   China) 
", Standing (STD),-,-,-,,,Fatalities: 0 / Occupants: 0 
19390601-0,,Thursday 1 June 1939,,Armstrong Whitworth AW.15 Atalanta,Imperial Airways,,,, G-ABTH, AW.741, 1932,,,,,Fatalities:  / Occupants: ,Fatalities:  / Occupants: ,,, Damaged beyond repair,,"Alexandria (   Egypt) 
", Unknown (UNK),Unknown,?,?,,,Fatalities:  / Occupants:  
19390605-0,,Monday 5 June 1939,ca 08:00,Short Sunderland I,Royal Air Force - RAF,,,, L5801, , ,,,,,Fatalities: 4 / Occupants: 8,Fatalities: 0 / Occupants: 0,,, Damaged beyond repair,,"Johore Straits (   Singapore) 
", Initial climb (ICL),Military,"Singapore-Seletar Airport (XSP/WSSL), Singapore","Singapore-Seletar Airport (XSP/WSSL), Singapore",,,Fatalities: 4 / Occupants: 8 
19390606-0,,Tuesday 6 June 1939,ca 09:00,Douglas DC-2-115E,KLM Royal Dutch Airlines,,,, PH-AKN, 1360/F20, 1935,,,,,Fatalities: 0 / Occupants: 4,Fatalities: 0 / Occupants: 0,Fatalities: 1,, Substantial, Repaired,"Amsterdam-Schiphol Municipal Airport (AMS) (   Netherlands) 
", Maneuvering (MNV),Training,"Amsterdam-Schiphol Municipal Airport (AMS/EHAM), Netherlands","Amsterdam-Schiphol Municipal Airport (AMS/EHAM), Netherlands",,,Fatalities: 0 / Occupants: 4 
19390612-0,,Monday 12 June 1939,,Short S.23 Empire Flying Boat Mk I,Imperial Airways,,,, G-ADVE, S.822, 1937,,, 4 Bristol Pegasus Xc,,Fatalities: 0 / Occupants: ,Fatalities: 0 / Occupants: ,,, Damaged beyond repair,,"Calcutta (   India) 
", Landing (LDG),Passenger,?,?,,,Fatalities: 0 / Occupants: 8 
19390619-0,,Monday 19 June 1939,,Short S.30 Empire Flying Boat,Imperial Airways,,,, G-AFCW, S.882, 1938,,, 4 Bristol Perseus XIIc,,Fatalities: 0 / Occupants: 0,Fatalities: 0 / Occupants: 0,,, Damaged beyond repair,,"Hythe (   Atlantic Ocean) 
", Standing (STD),-,-,-,,,Fatalities: 0 / Occupants: 0 
19390729-0,,Saturday 29 July 1939,,de Havilland DH.86A Express,Royal Air Force - RAF,,,, L7596, 2348, ,,,,,Fatalities: 0 / Occupants: 2,Fatalities: 0 / Occupants: 7,,, Damaged beyond repair,,"Kirby-in-Furness Moor (   United Kingdom) 
", Landing (LDG),Military,?,?,,,Fatalities: 0 / Occupants: 9 
19390803-0,,Thursday 3 August 1939,,Junkers Ju-52/3mte,Deutsche Lufthansa,,,, D-ANJH, 5947, ,,,,,Fatalities: 0 / Occupants: ,Fatalities: 0 / Occupants: ,,, Damaged beyond repair,,"Rangoon-Mingaladon Airport (   Myanmar) 
", Landing (LDG),International Scheduled Passenger,?,"Yangon-Mingaladon Airport (RGN/VYYY), Myanmar",,,Fatalities: 0 / Occupants:  
19390804-0,,Friday 4 August 1939,,Junkers Ju-52/3mte,Deutsche Lufthansa,,,, D-AUJG, 5942, ,,,,,Fatalities:  / Occupants: ,Fatalities:  / Occupants: ,,, Damaged beyond repair,,"Tivissa (   Spain) 
", En route (ENR),Passenger,"Toulouse (unknown airport), France","Casablanca (unknown airport), Morocco",,,Fatalities: 7 / Occupants: 7 
19390811-0,,Friday 11 August 1939,,Lockheed 14-WF62 Super Electra,Imperial Airways,,,, G-AFGN, 1467, 1938,,,,,Fatalities: 0 / Occupants: ,Fatalities: 0 / Occupants: ,,, Damaged beyond repair,,"Saint-Sauveur, Luxeuil-les-Bains (   France) 
", En route (ENR),International Scheduled Passenger,"London-Croydon Airport (-/-), United Kingdom",?,,,Fatalities: 0 / Occupants: 12 
19390813-0,Final,Sunday 13 August 1939,16:35,Sikorsky S-43B,Pan American Airways (Pan Am),,,, NC16933, 4324, 1936,3650,, 2 Pratt & Whitney R-1690-S1EG Hornet,,Fatalities: 4 / Occupants: 4,Fatalities: 10 / Occupants: 12,,, Damaged beyond repair,,"ca 1 km N off Rio de Janeiro-Santos Dumont Airport, RJ (SDU) (   Brazil) 
", Approach (APR),International Scheduled Passenger,"Vitória-Goiabeiras Airport, ES (VIX/SBVT), Brazil","Rio de Janeiro-Santos Dumont Airport, RJ (SDU/SBRJ), Brazil",,,Fatalities: 14 / Occupants: 16 
19390824-0,,Thursday 24 August 1939,,Savoia-Marchetti SM-75,Ala Littoria,,,, I-LOVE, 32034, ,,,,,Fatalities:  / Occupants: ,Fatalities:  / Occupants: ,,, Damaged beyond repair,,"at an unknown location (   Italy) 
", Unknown (UNK),Unknown,?,?,,,Fatalities:  / Occupants:  
19390824-1,,Thursday 24 August 1939,,Junkers F.24kay (G.24),Deutsche Lufthansa,,,, D-ULIS, 850, 1925,,, 1 Daimler-Benz DB 601,,Fatalities: 2 / Occupants: 2,Fatalities: 0 / Occupants: 0,,, Damaged beyond repair,,"Glindow (   Germany) 
", En route (ENR),Test,?,?,,,Fatalities: 2 / Occupants: 2 
19390830-0,,Wednesday 30 August 1939,,Junkers Ju-52/3mte,Deutsche Lufthansa,,,, D-AFOP, 5800, ,,,,,Fatalities:  / Occupants: ,Fatalities:  / Occupants: ,,, Damaged beyond repair,,"near Hannover (   Germany) 
", Takeoff (TOF),Passenger,"Hannover Airport (HAJ/EDDV), Germany","Köln-Butzweilerhof Airfield, Germany",,,Fatalities: 7 / Occupants: 7 
19390831-2,,Thursday 31 August 1939,18:00,Junkers Ju-52/3m,Luftwaffe,,,, registration unknown, , ,,,,,Fatalities:  / Occupants: ,Fatalities:  / Occupants: ,,, Damaged beyond repair,,"Hunding/Zueding (   Germany) 
", Unknown (UNK),Military,?,?,,,Fatalities: 4 / Occupants: 5 
19390905-0,,Tuesday 5 September 1939,,Vickers Valentia,Royal Air Force - RAF,,,, K2345, , 1931,,,,,Fatalities: 0 / Occupants: ,Fatalities: 0 / Occupants: ,,, Damaged beyond repair,,"Catterick RAF Station (   United Kingdom) 
", Landing (LDG),Military,"Catterick RAF Station, United Kingdom","Catterick RAF Station, United Kingdom",,,Fatalities: 0 / Occupants:  
19390910-0,,Sunday 10 September 1939,18:30,Short Sunderland I,Royal Air Force - RAF,,,, N6135, , ,,,,,Fatalities: 0 / Occupants: ,Fatalities: 0 / Occupants: ,,, Damaged beyond repair,,"Pembroke Dock RAF Station (   United Kingdom) 
", Landing (LDG),Military,"Kalafrana RAF Station, Malta","Pembroke Dock RAF Station, United Kingdom",,,Fatalities: 0 / Occupants:  
19390918-0,,Monday 18 September 1939,,Short Sunderland I,Royal Air Force - RAF,,,, L2165, , ,,,,,Fatalities: 10 / Occupants: 10,Fatalities: 0 / Occupants: 0,,, Damaged beyond repair,,"Milford Haven in Dale Roads, Pembrokeshire (   United Kingdom) 
", En route (ENR),Military,"Pembroke Dock RAF Station, United Kingdom","Pembroke Dock RAF Station, United Kingdom",,,Fatalities: 10 / Occupants: 10 
19390922-0,,Friday 22 September 1939,16:20,Junkers Ju-52/3m,Luftwaffe,,,, registration unknown, , ,,,,,Fatalities:  / Occupants: ,Fatalities:  / Occupants: ,,, Damaged beyond repair,,"near Großjena, Naumburg, Sachsen-Anhalt (   Germany) 
", En route (ENR),Military,?,?,,,Fatalities: 13 / Occupants: 13 
19390925-2,,Monday 25 September 1939,,Junkers Ju-52/3m,,,,, G6+CZ, , ,,,,,Fatalities:  / Occupants: ,Fatalities:  / Occupants: ,,, Damaged beyond repair,,"Warsaw (   Poland) 
",  (CMB),Military,?,?,,,Fatalities:  / Occupants:  
19390928-0,,Thursday 28 September 1939,,Douglas DC-2-210,Australian National Airways - ANA,,,, VH-UYB, 1563, 1937,,,,,Fatalities: 0 / Occupants: ,Fatalities: 0 / Occupants: ,,, Substantial, Repaired,"Sydney-Mascot Airport, NSW (SYD) (   Australia) 
", Landing (LDG),Domestic Scheduled Passenger,?,"Sydney-Mascot Airport, NSW (SYD/YSSY), Australia",,,Fatalities: 0 / Occupants:  
19391009-0,,Monday 9 October 1939,12:50,Junkers Ju-52/3mg4c,Luftwaffe,,,, G6+KO, 6201, ,,,,,Fatalities:  / Occupants: ,Fatalities:  / Occupants: ,,, Damaged beyond repair,,"Thomasdorf, near Waldenburg (   Germany) 
", En route (ENR),Military,?,?,,,Fatalities: 7 / Occupants: 7 
19391010-0,,Tuesday 10 October 1939,,Junkers Ju-52/3m,Luftwaffe,,,, registration unknown, 6671, ,,,,,Fatalities:  / Occupants: ,Fatalities:  / Occupants: ,,, Damaged beyond repair,,"off Wangerooge [North Sea] (   Germany) 
", Unknown (UNK),Military,?,?,,,Fatalities:  / Occupants:  
19391013-0,,Friday 13 October 1939,18:40,Short Sunderland I,Royal Air Force - RAF,,,, N9045, , ,,,,,Fatalities: 0 / Occupants: 13,Fatalities: 0 / Occupants: 0,,, Damaged beyond repair,,"Isles of Scilly (   United Kingdom) 
", Landing (LDG),Military,"Mount Batten RAF Seaplane Station, United Kingdom","Mount Batten RAF Seaplane Station, United Kingdom",,,Fatalities: 0 / Occupants: 13 
19391013-1,,Friday 13 October 1939,,Caproni Ca.133,Ala Littoria,,,, I-DIRE, , 1936,,,,,Fatalities: 0 / Occupants: ,Fatalities: 0 / Occupants: ,,, Damaged beyond repair,,"Gabode (   Djibouti) 
", Approach (APR),Unknown,?,?,,,Fatalities: 0 / Occupants: 6 
19391015-0,,Sunday 15 October 1939,21:15,Short Sunderland I,Royal Air Force - RAF,,,, N9030, , ,,,,,Fatalities: 4 / Occupants: 11,Fatalities: 0 / Occupants: 0,,, Damaged beyond repair,,"Plymouth Sound, Devon (   United Kingdom) 
", Landing (LDG),Military,"Mount Batten RAF Seaplane Station, United Kingdom","Mount Batten RAF Seaplane Station, United Kingdom",,,Fatalities: 4 / Occupants: 11 
19391017-0,,Tuesday 17 October 1939,,Savoia-Marchetti S.73,Ala Littoria,,,, I-IESI ?, 30036, 1937,,,,,Fatalities: 5 / Occupants: 7,Fatalities: 10 / Occupants: 10,,, Damaged beyond repair,,"near Olías (   Spain) 
", En route (ENR),Domestic Scheduled Passenger,"Sevilla Airport (SVQ/LEZL), Spain","Melilla Airport (MLN/GEML), Spain",,,Fatalities: 15 / Occupants: 17 
19391107-0,,Tuesday 7 November 1939,,Handley Page HP.42W,Imperial Airways,,,, G-AAXD, HP.42/6, 1931-11-06  (8 years ),,,,,Fatalities: 0 / Occupants: ,Fatalities: 0 / Occupants: ,,, Damaged beyond repair,,"Tiverton, Devon (   United Kingdom) 
", Landing (LDG),Unknown,?,"Exeter Airport (EXT/EGTE), United Kingdom",,,Fatalities: 0 / Occupants:  
19391110-0,,Friday 10 November 1939,,Junkers Ju-52/3m,Ejército del Aire,,,, 22-104, , ,,,,,Fatalities:  / Occupants: ,Fatalities:  / Occupants: ,,, Damaged beyond repair,,"near Lastras de Cuellar, Segovia (   Spain) 
", En route (ENR),Military,?,?,,,Fatalities: 7 / Occupants: 11 
19391115-0,,Wednesday 15 November 1939,,Junkers Ju-52/3mge,Fuerza Aérea Argentina - FAA,,,, T-166, 6224, ,,,,,Fatalities: 0 / Occupants: ,Fatalities: 0 / Occupants: ,,, Minor, Repaired,"El Palomar, BA (   Argentina) 
", Takeoff (TOF),Military,"El Palomar Airport, BA (EPA/SADP), Argentina",?,,,Fatalities: 0 / Occupants:  
19391117-0,,Friday 17 November 1939,,Junkers Ju-52/3m,Ejército del Aire,,,, 22-94, , ,,,,,Fatalities: 2 / Occupants: 3,Fatalities: 8 / Occupants: 8,,, Damaged beyond repair,,"off Cap Juby (   Morocco) 
", En route (ENR),Military,"Tan Tan Airport (TTA/GMAT), Morocco","Tarfaya Airport (TFY), Morocco",,,Fatalities: 10 / Occupants: 11 
19391204-0,,Monday 4 December 1939,,Junkers Ju-52/3mlu,Ala Littoria,,,, I-BAUS, 4063, 1935,,, 3 Piaggio PX,,Fatalities: 0 / Occupants: 4,Fatalities: 4 / Occupants: 13,,, Damaged beyond repair,,"Bayerisch Eisenstein (   Germany) 
", En route (ENR),International Scheduled Passenger,"München-Riem Airport (MUC/EDDM), Germany","Berlin (airport unknown), Germany",,,Fatalities: 4 / Occupants: 17 
19391218-0,,Monday 18 December 1939,08:15,Junkers Ju-52/3m,Iberia,,,, M-CABA, 5854, ,,,,,Fatalities: 3 / Occupants: 3,Fatalities: 7 / Occupants: 7,,, Destroyed, Written off (damaged beyond repair),"10 km (6.3 mls) S off  Europa Point [Strait of Gibraltar] (   Gibraltar) 
", En route (ENR),International Scheduled Passenger,"Tétouan Airport (TTU/GMTN), Morocco","Sevilla Airport (SVQ/LEZL), Spain",,,Fatalities: 10 / Occupants: 10 
19391221-0,,Thursday 21 December 1939,,Lockheed 14-WF62 Super Electra,British Airways Ltd.,,,, G-AFYU, 1444, 1938,,,,,Fatalities: 2 / Occupants: 5,Fatalities: 3 / Occupants: 6,,, Damaged beyond repair,,"480 km (300 mls) NW off  Alexandria (   Mediterranean Sea) 
", En route (ENR),International Scheduled Passenger,"As Sallum Airport, Egypt","Malta-Luqa Airport (MLA/LMML), Malta",,,Fatalities: 5 / Occupants: 11 
