Identifiant:,Status:,Date:,Time:,Type:,Operator:,Operating for:,On behalf of:,Leased from:,Registration:,C/n / msn:,First flight:,Total airframe hrs:,Year built:,Engines:,Cycles:,Crew:,Passengers:,Ground casualties:,Collision casualties:,Aircraft damage:,Aircraft fate:,Location:,Phase:,Nature:,Departure airport:,Destination airport:,Flightnumber:,Probable cause:,Total:
20040712-0,Final,Monday 12 July 2004,07:15,Convair CV-440,Dodita Air Cargo,,,, N4826C, 391, 1956,45750,, 2 Pratt & Whitney R-2800,,Fatalities: 1 / Occupants: 2,Fatalities: 0 / Occupants: 0,,, Damaged beyond repair,,"54 km (33.8 mls) S off  Beef Island, British Virgin Islands [Caribbean Sea] (   Atlantic Ocean) 
", En route (ENR),Cargo,"San Juan-Luis Muñoz Marín International Airport (SJU/TJSJ), Puerto Rico","Sint Maarten-Juliana Airport (SXM/TNCM), Sint Maarten",,,Fatalities: 1 / Occupants: 2 
20040712-1,Preliminary - official,Monday 12 July 2004,23:00,Beechcraft 100 King Air,Little Red Air Service,,,, C-FQOV, B-38, 1970,,, 2 Pratt & Whitney Canada PT6A-28,,Fatalities: 0 / Occupants: 2,Fatalities: 0 / Occupants: 3,,, Substantial, Written off (damaged beyond repair),"Fort Vermilion Airport, AB (   Canada) 
", Landing (LDG),Ambulance,"Grande Prairie Airport, AB (YQU/CYQU), Canada","Fort Vermilion Airport, AB, Canada",  913M,,Fatalities: 0 / Occupants: 5 
20040713-0,Final,Tuesday 13 July 2004,19:20,Learjet 35A,Aviation Jet Charters,,,, N829CA, 35A-459, 1981,9899,, 2 Garrett TFE731-2-2B,,Fatalities: 0 / Occupants: 2,Fatalities: 0 / Occupants: 2,,, Damaged beyond repair,,"Nevis-Newcastle Airport (NEV) (   St. Kitts and Nevis) 
", Landing (LDG),Ambulance,"Sint Maarten-Juliana Airport (SXM/TNCM), Sint Maarten","Nevis-Newcastle Airport (NEV/TKPN), St. Kitts and Nevis",,,Fatalities: 0 / Occupants: 4 
20040716-0,Final,Friday 16 July 2004,13:24,Antonov An-28,Rigas Aeroklubs,,,, YL-KAB, 1AJ009-15, 1991,,, 2 Glushenkov TVD-10B,,Fatalities: 0 / Occupants: 2,Fatalities: 0 / Occupants: 0,,, Damaged beyond repair,,"Østre Æra Airport (   Norway) 
", Landing (LDG),Parachuting,"Østre Æra Airport (ENAE), Norway","Østre Æra Airport (ENAE), Norway",,,Fatalities: 0 / Occupants: 2 
20040719-0,Final,Monday 19 July 2004,11:37,Learjet 55,Hop-A-Jet Inc,,,, N55LF, 55-112, 1984,6318,, 2 Garrett TFE731-3,,Fatalities: 0 / Occupants: 2,Fatalities: 0 / Occupants: 0,,, Substantial, Written off (damaged beyond repair),"Fort Lauderdale-Executive Airport, FL (FXE) (   United States of America) 
", Landing (LDG),Ferry/positioning,"Fort Lauderdale International Airport, FL (FLL/KFLL), United States of America","Fort Lauderdale-Executive Airport, FL (FXE/KFXE), United States of America",,,Fatalities: 0 / Occupants: 2 
20040721-0,Preliminary,Wednesday 21 July 2004,19:33,McDonnell Douglas DC-9-14,Aero California,,,, XA-BCS, 47043/88, 1967,96300,, 2 Pratt & Whitney JT8D-7A,102000,Fatalities: 0 / Occupants: 4,Fatalities: 0 / Occupants: 52,,, Damaged beyond repair,,"Mexico City-Juarez International Airport (MEX) (   Mexico) 
", Takeoff (TOF),Domestic Scheduled Passenger,"Mexico City-Benito Juárez International Airport (MEX/MMMX), Mexico","Durango-Guadalupe Victoria Airport (DGO/MMDO), Mexico", 706,,Fatalities: 0 / Occupants: 56 
20040723-0,,Friday 23 July 2004,09:30,Basler BT-67 Turbo 67 (DC-3T),Fuerza Aérea Salvadoreña,,,, FAS117, 13964/25409, 1944,,, 2 Pratt & Whitney Canada PT6A-67R,,Fatalities: 0 / Occupants: ,Fatalities: 0 / Occupants: 24,,, Damaged beyond repair,,"El Jaguey (   El Salvador) 
", Landing (LDG),Military,?,"El Jaguey, El Salvador",,,Fatalities: 0 / Occupants:  
20040724-0,,Saturday 24 July 2004,,Beechcraft 300 Super King Air 350,Wyngs Aviation,,,, YV-910CP, FL-206, 1998,,,,,Fatalities: 0 / Occupants: ,Fatalities: 0 / Occupants: ,,, Damaged beyond repair,,"near Punto Fijo (   Venezuela) 
", Landing (LDG),Illegal Flight,?,?,,,Fatalities: 0 / Occupants:  
20040725-0,Preliminary,Sunday 25 July 2004,00:28,Fokker 100,Inter Airlines,,,, TC-IEC, 11410, 1992,,, 2 Rolls-Royce Tay 650-15,,Fatalities: 0 / Occupants: 6,Fatalities: 0 / Occupants: 102,,, Substantial, Repaired,"Istanbul-Atatürk Airport (IST) (   Turkey) 
", Landing (LDG),Int'l Non Scheduled Passenger,"Düsseldorf Airport (DUS/EDDL), Germany","Istanbul-Atatürk International Airport (IST/LTBA), Turkey",,,Fatalities: 0 / Occupants: 108 
20040726-0,Preliminary,Monday 26 July 2004,,Boeing 737,Air China,,,, registration unknown, , ,,,,,Fatalities: 0 / Occupants: ,Fatalities: 0 / Occupants: ,,, None,,"Zhengzhou Airport (CGO) (   China) 
", En route (ENR),Domestic Scheduled Passenger,"Beijing-Capital Airport (PEK/ZBAA), China","Changsha-Huanghua Airport (CSX/ZGHA), China",1343,,Fatalities: 0 / Occupants: 108 
20040728-0,,Wednesday 28 July 2004,13:30,Rockwell Sabreliner 60,Policía Federal,,,, XC-PFN, 306-111, 1976,,,,,Fatalities: 0 / Occupants: 2,Fatalities: 0 / Occupants: 4,,, Damaged beyond repair,,"Mexicali Airport (MXL) (   Mexico) 
", Landing (LDG),Executive,"Tijuana-Rodriguez Airport (TIJ/MMTJ), Mexico","Mexicali Airport (MXL/MMML), Mexico",,,Fatalities: 0 / Occupants: 6 
20040729-0,Preliminary,Thursday 29 July 2004,ca 10:30,de Havilland Canada DHC-6 Twin Otter 300,Airlines PNG,,,, P2-MBA, 353, 1973,,, 2 Pratt & Whitney Canada PT6A-27,,Fatalities: 2 / Occupants: 3,Fatalities: 0 / Occupants: 0,,, Damaged beyond repair,,"near Ononge (   Papua New Guinea) 
", En route (ENR),Cargo,"Port Moresby-Jacksons International Airport (POM/AYPY), Papua New Guinea","Ononge Airport (ONB), Papua New Guinea",,,Fatalities: 2 / Occupants: 3 
20040729-1,,Thursday 29 July 2004,,Antonov An-28,Flying Air Service,,,, ES-ELI, 1AJ002-06, 1985,,,,,Fatalities:  / Occupants: ,Fatalities:  / Occupants: ,,, Damaged beyond repair,,"Beni Mavivi (   Democratic Republic of the Congo) 
", Landing (LDG),Unknown,?,"Beni Airport (BNC/FZNP), Democratic Republic of the Congo",,,Fatalities:  / Occupants:  
20040799-0,,xx JUL 2004,,Lockheed KC-130F Hercules,United States Marine Corps,,,, 149811, 3711, 1962,,,,,Fatalities:  / Occupants: ,Fatalities:  / Occupants: ,,, Damaged beyond repair,,"unknown (   Unknown country) 
", Unknown (UNK),Military,?,?,,,Fatalities:  / Occupants:  
20040805-0,Preliminary,Thursday 5 August 2004,16:48,CASA C-212A-27 Aviocar 200,Armada de Venezuela,,,, ARBV-0206, 183, 1981-05-28  (23 years 3 months),,,,,Fatalities: 0 / Occupants: ,Fatalities: 0 / Occupants: ,,, Substantial,,"San Carlos de Río Negro Airport (   Venezuela) 
", Landing (LDG),Military,"Puerto Ayacucho Airport (PYH/SVPA), Venezuela","San Carlos de Río Negro Airport (SVSC), Venezuela",,,Fatalities: 0 / Occupants: 12 
20040807-1,Preliminary,Saturday 7 August 2004,,Boeing 767-3P6ER,Lloyd Aéreo Boliviano - LAB,,,, CP-2425, 23764/158, 1986-12-19  (17 years 8 months),,, 2 General Electric CF6-80C2B4,,Fatalities: 0 / Occupants: ,Fatalities: 0 / Occupants: ,,, Substantial, Repaired,"Santa Cruz-Viru Viru International Airport (VVI) (   Bolivia) 
", Landing (LDG),International Scheduled Passenger,"Miami International Airport, FL (MIA/KMIA), United States of America","Santa Cruz-Viru Viru International Airport (VVI/SLVR), Bolivia",,,Fatalities: 0 / Occupants:  
20040810-0,,Tuesday 10 August 2004,,Grumman HU-16A Albatross,Unknown,,,, XB-JHH, G-32, 1950,,,,,Fatalities: 1 / Occupants: 3,Fatalities: 0 / Occupants: 0,,, Damaged beyond repair,,"Playa de la Ventanilla (   Mexico) 
", Landing (LDG),Illegal Flight,?,?,,,Fatalities: 1 / Occupants: 3 
20040811-0,Preliminary,Wednesday 11 August 2004,14:23,Boeing 737-205 Advanced,Air Guinee Express,,,, 3X-GCM, 23469/1266, 1986-08-06  (18 years ),,, 2 Pratt & Whitney JT8D-17,,Fatalities: 0 / Occupants: 8,Fatalities: 0 / Occupants: 119,,, Damaged beyond repair,,"Freetown-Lungi International Airport (FNA) (   Sierra Leone) 
", Takeoff (TOF),International Scheduled Passenger,"Freetown-Lungi International Airport (FNA/GFLL), Sierra Leone","Conakry Airport (CKY/DGCY), Guinea",,,Fatalities: 0 / Occupants: 127 
20040813-0,Final,Friday 13 August 2004,00:49,Convair CV-580,Air Tahoma,,,, N586P, 68, 1953,67886,, 2 Allison 501-D13D,,Fatalities: 1 / Occupants: 2,Fatalities: 0 / Occupants: 0,,, Damaged beyond repair,,"1 km (0.6 mls) S of Cincinnati/Northern Kentucky Airport, KY (CVG) (   United States of America) 
", Approach (APR),Cargo,"Memphis International Airport, TN (MEM/KMEM), United States of America","Cincinnati/Northern Kentucky Airport, KY (CVG/KCVG), United States of America", 185,,Fatalities: 1 / Occupants: 2 
20040813-1,- (No safety board investigation),Friday 13 August 2004,ca 21:30,Douglas DC-3,Gordon E. Cragg,,,, N22RB, 4926, 1942,,,,,Fatalities: 0 / Occupants: 0,Fatalities: 0 / Occupants: 0,,, Damaged beyond repair,,"Orlando-Herndon Airport, FL (ORL) (   United States of America) 
", Standing (STD),-,-,-,,,Fatalities: 0 / Occupants: 0 
20040813-5,,Friday 13 August 2004,,Douglas DC-3C,Florida Air Cargo,,,, N130D, 19800, 1944,,,,,Fatalities: 0 / Occupants: 0,Fatalities: 0 / Occupants: 0,,, Damaged beyond repair,,"Punta Gorda-Charlotte County Airport, FL (PGD) (   United States of America) 
", Standing (STD),-,-,-,,,Fatalities: 0 / Occupants: 0 
20040816-0,Preliminary - official,Monday 16 August 2004,08:35,Cessna 208B Grand Caravan,AeroPerlas,,,, HP-1397APP, 208B0613, 1997,,, 1 Pratt & Whitney Canada PT6A-114A,,Fatalities: 0 / Occupants: 2,Fatalities: 0 / Occupants: 5,,, Damaged beyond repair,,"ca. 9 km W of Panama-Albrook Marcos A. Gelabert International Airport (BLB) (   Panama) 
", En route (ENR),Domestic Scheduled Passenger,"Panama City Albrook-Marcos A. Gelabert International Airport (PAC/MPMG), Panama","Chitré Airport (CTD/MPCE), Panama",,,Fatalities: 0 / Occupants: 7 
20040817-0,Final,Tuesday 17 August 2004,23:40,Beechcraft 99 Airliner,Alpine Aviation,,,, N199GL, U-15, 1968,40521,, 2 Pratt & Whitney Canada PT6A-27,,Fatalities: 1 / Occupants: 1,Fatalities: 1 / Occupants: 1,,, Destroyed, Written off (damaged beyond repair),"11 km (6.9 mls) NE of Neihart, MT (   United States of America) 
", En route (ENR),Cargo,"Billings-Logan International Airport, MT (BIL/KBIL), United States of America","Kalispell-Glacier National Park Airport, MT (FCA/KFCA), United States of America",5071,,Fatalities: 2 / Occupants: 2 
20040818-0,Preliminary,Wednesday 18 August 2004,ca 11:10,Cessna 208B Grand Caravan,Transworld Safaris,,,, 5Y-TWH, 208B0784, 1999,,, 1 Pratt & Whitney Canada PT6A-114A,,Fatalities: 1 / Occupants: 1,Fatalities: 2 / Occupants: 2,,, Damaged beyond repair,,"16 km (10 mls) N of Goma (   Democratic Republic of the Congo) 
", En route (ENR),Cargo,"Goma Airport (GOM/FZNA), Democratic Republic of the Congo","Walikale Airstrip, Democratic Republic of the Congo",,,Fatalities: 3 / Occupants: 3 
20040821-0,Preliminary,Saturday 21 August 2004,ca 16:15,Shorts 360-300,Fuerza Aérea Venezolana - FAV,,,, FAV-1652, SH.3727, 1987-09-14  (17 years),,,,,Fatalities: 3 / Occupants: 3,Fatalities: 27 / Occupants: 27,,, Damaged beyond repair,,"25 km (15.6 mls) from  Maracay (   Venezuela) 
", En route (ENR),Military,"La Orchila Airport (SVLO), Venezuela","Maracay-El Libertador Air Base (MYC/SVBL), Venezuela",,,Fatalities: 30 / Occupants: 30 
20040821-1,,Saturday 21 August 2004,,Antonov An-2TP,Sachsische Luftfahrt Service,,,, D-FONE, 181(473)18, 1957,,, 1 Shvetsov ASh-62IR,,Fatalities: 0 / Occupants: 0,Fatalities: 0 / Occupants: 0,,, Damaged beyond repair,,"Dinslaken-Schwarze Heide (   Germany) 
", Standing (STD),-,-,-,,,Fatalities: 0 / Occupants: 0 
20040824-0,- (No safety board investigation),Tuesday 24 August 2004,22:53,Tupolev Tu-134A-3,Volga-Aviaexpress,,,, RA-65080, 60065, 1977,,, 2 Soloviev D-30-III,,Fatalities: 9 / Occupants: 9,Fatalities: 35 / Occupants: 35,,, Destroyed, Written off (damaged beyond repair),"near Buchalki (   Russia) 
", En route (ENR),Domestic Scheduled Passenger,"Moskva-Domodedovo Airport (DME/UUDD), Russia","Volgograd Airport (VOG/URWW), Russia",1303,,Fatalities: 44 / Occupants: 44 
20040824-1,- (No safety board investigation),Tuesday 24 August 2004,22:53,Tupolev Tu-154B-2,Sibir Airlines,,,, RA-85556, 82A556, 1982,30751,, 3 Kuznetsov NK-8-2U,,Fatalities: 8 / Occupants: 8,Fatalities: 38 / Occupants: 38,,, Destroyed, Written off (damaged beyond repair),"8 km (5 mls) from  Gluboki (   Russia) 
", En route (ENR),Domestic Scheduled Passenger,"Moskva-Domodedovo Airport (DME/UUDD), Russia","Adler/Sochi Airport (AER/URSS), Russia",1047,,Fatalities: 46 / Occupants: 46 
20040825-0,Final,Wednesday 25 August 2004,16:30,Cessna 550 Citation II,Grafair,,,, N792MA, 550-0302, 1981,1.5,, 2 Pratt & Whitney Canada JT15D-4,,Fatalities: 0 / Occupants: 2,Fatalities: 0 / Occupants: 1,,, Substantial, Repaired,"Venice Airport, FL (VNC) (   United States of America) 
", Landing (LDG),Private,"Fort Pierce-Saint Lucie County Airport, FL (FPR/KFPR), United States of America","Venice Municipal Airport, FL (VNC/KVNC), United States of America",,,Fatalities: 0 / Occupants: 3 
20040827-0,,Friday 27 August 2004,,Lockheed C-130 Hercules,Libyan Arab Repubic Air Force,,,, registration unknown, , ,,,,,Fatalities: 0 / Occupants: 7,Fatalities: 0 / Occupants: 98,,, None,,"Khartoum-Civil Airport (KRT) (   Sudan) 
", En route (ENR),Military,"Kufrah Airport (AKF/HLKF), Libya","Asmara International Airport (ASM/HAAY), Eritrea", 112,,Fatalities: 0 / Occupants: 105 
20040827-1,Final,Friday 27 August 2004,ca 16:00,de Havilland Canada DHC-3 Otter,Mavrik Aire,,,, N197TT, 197, 1956,,, 1 Pratt & Whitney R-1340,,Fatalities: 0 / Occupants: 1,Fatalities: 1 / Occupants: 2,,, Destroyed, Written off (damaged beyond repair),"56 km (35 mls) W of McGrath, AK (   United States of America) 
", En route (ENR),Executive,"McGrath Airport, AK (MCG/PAMC), United States of America","Unalakleet Airport, AK (UNK/PAUN), United States of America",,,Fatalities: 1 / Occupants: 3 
20040828-0,Preliminary,Saturday 28 August 2004,,Sud Aviation SE-210 Caravelle 11R,Trans Air Congo,,,, 3D-KIK, 251, 1968,,, 2 Pratt & Whitney JT8D-7B,,Fatalities: 0 / Occupants: ,Fatalities: 0 / Occupants: ,,, Damaged beyond repair,,"Gisenyi Airport (GYI) (   Rwanda) 
", Landing (LDG),Cargo,"Kinshasa-N'Djili Airport (FIH/FZAA), Democratic Republic of the Congo","Goma Airport (GOM/FZNA), Democratic Republic of the Congo",,,Fatalities: 0 / Occupants: 8 
20040904-0,Final,Saturday 4 September 2004,13:50,Learjet 25B,"American Jets, Inc.",,,, N47MR, 25B-101, 1972,,,,,Fatalities: 0 / Occupants: 4,Fatalities: 0 / Occupants: 1,,, Substantial, Repaired,"Colorado Springs Municipal Airport, CO (COS) (   United States of America) 
", Takeoff (TOF),Ambulance,"Colorado Springs Municipal Airport, CO (COS/KCOS), United States of America","Memphis International Airport, TN (MEM/KMEM), United States of America",,,Fatalities: 0 / Occupants: 5 
20040905-0,Preliminary,Sunday 5 September 2004,10:00,Antonov An-12B,Antonov Design Bureau,,,, UR-11765, 401705, 1963,,, 4 Ivchenko AI-20M,,Fatalities: 0 / Occupants: ,Fatalities: 0 / Occupants: ,,, Damaged beyond repair,,"Kiev-Borispol Airport (KBP) (   Ukraine) 
", Landing (LDG),Cargo,?,"Kiev-Borispol Airport (KBP/UKBB), Ukraine",,,Fatalities: 0 / Occupants:  
20040906-0,Preliminary,Monday 6 September 2004,ca 11:30,Beechcraft 1900D,Wings Aviation,,,, 5N-PTL, UE-215, 1996,,, 2 Pratt & Whitney Canada PT6A-67D,,Fatalities: 0 / Occupants: ,Fatalities: 0 / Occupants: ,,, Substantial, Repaired,"Eket airstrip (   Nigeria) 
", Takeoff (TOF),Domestic Non Scheduled Passenger,"Eket airstrip, Nigeria","Abuja International Airport (ABV/DNAA), Nigeria",,,Fatalities: 0 / Occupants: 10 
20040909-0,Preliminary,Thursday 9 September 2004,ca 06:50,North American CT-39A Sabreliner,Jett Paqueteria,,,, XA-TFD, 265-13, ,,,,,Fatalities: 2 / Occupants: 2,Fatalities: 0 / Occupants: 0,,, Damaged beyond repair,,"3 km (1.9 mls) from  Villahermosa (   Mexico) 
", Approach (APR),Cargo,"Mexico City-Benito Juárez International Airport (MEX/MMMX), Mexico","Villahermosa-Capitan Carlos Perez Airport (VSA/MMVA), Mexico",,,Fatalities: 2 / Occupants: 2 
20040910-0,Final,Friday 10 September 2004,03:45 UTC,Swearingen SA227-AC Metro III,Ryan Blake Air Charter,,,, ZS-OLS, AC-748B, 1989,8760,, 2 Garrett TPE331-11U-612G,,Fatalities: 0 / Occupants: 2,Fatalities: 0 / Occupants: 0,,, Substantial, Written off (damaged beyond repair),"George Airport (GRJ) (   South Africa) 
", Approach (APR),Cargo,"Bloemfontein International Airport (BFN/FABL), South Africa","George Airport (GRJ/FAGG), South Africa",,,Fatalities: 0 / Occupants: 2 
20040911-0,,Saturday 11 September 2004,,Lockheed C-130H Hercules,United States Air Force - USAF,,,, registration unknown, , ,,,,,Fatalities: 0 / Occupants: ,Fatalities: 0 / Occupants: ,,, Substantial, Repaired,"at an unknown location (   Iraq) 
", En route (ENR),Military,?,?,,,Fatalities: 0 / Occupants: 57 
20040914-0,Preliminary - official,Tuesday 14 September 2004,,Ilyushin Il-76TD,Silk Way Airlines,,,, 4K-AZ31, 1013405184, 1991,,, 4 Soloviev D-30KP-2,,Fatalities: 0 / Occupants: 6,Fatalities: 0 / Occupants: 0,,, Substantial, Repaired,"near Baku Airport (BAK) (   Azerbaijan) 
", En route (ENR),Cargo,"Baku-Heydar Aliyev International Airport (GYD/UBBB), Azerbaijan","Eindhoven Airport (EIN/EHEH), Netherlands",,,Fatalities: 0 / Occupants: 6 
20040916-0,,Thursday 16 September 2004,,Antonov An-24RV,Kam Air,,,, EW-47808, 17306910, 1971,,, 2 Ivchenko AI-24VT,,Fatalities: 0 / Occupants: ,Fatalities: 0 / Occupants: ,,, Substantial, Repaired,"Kabul Airport (KBL) (   Afghanistan) 
", Landing (LDG),Domestic Scheduled Passenger,"Kabul-Khwaja Rawash Airport (KBL/OAKB), Afghanistan","Mazar-I-Sharif Airport (MZR/OAMS), Afghanistan",,,Fatalities: 0 / Occupants:  
20040921-0,Final,Tuesday 21 September 2004,14:10,Swearingen SA227-AC Metro III,Norcanair,,,, C-FIPW, AC-524, 1982,,, 2 Garrett TPE331-11U-611G,,Fatalities: 0 / Occupants: 2,Fatalities: 0 / Occupants: 9,,, Damaged beyond repair,,"La Ronge Airport, SK (YVC) (   Canada) 
", Landing (LDG),Passenger,"Stony Rapids Airport, SK (YSF/CYSF), Canada","La Ronge Airport, SK (YVC/CYVC), Canada",1051,,Fatalities: 0 / Occupants: 11 
20040923-0,Final,Thursday 23 September 2004,23:45,Cessna 208B Super Cargomaster,Eagle Air Cargo,,,, N7392B, 208B0045, 1987,11945,, 1 Pratt & Whitney Canada PT6A-114,,Fatalities: 0 / Occupants: 1,Fatalities: 0 / Occupants: 0,,, Substantial, Written off (damaged beyond repair),"2 km (1.3 mls) S of Gwinner-Roger Melroe Field Airport, ND (GWR) (   United States of America) 
", Approach (APR),Cargo,"Fergus Falls Airport, MN (FFM/KFFM), United States of America","Gwinner-Roger Melroe Field Airport, ND (GWR), United States of America",,,Fatalities: 0 / Occupants: 1 
20040923-1,Final,Thursday 23 September 2004,11:00,Britten-Norman BN-2A Islander,Homer Air,,,, N6522T, 136, 1969-12-02  (34 years 10 months),16473,, 2 Lycoming O-540-E4C5,,Fatalities: 0 / Occupants: 1,Fatalities: 0 / Occupants: 6,,, Substantial, Written off (damaged beyond repair),"Hallo Bay, AK (   United States of America) 
", Initial climb (ICL),Domestic Non Scheduled Passenger,"Hallo Bay, AK, United States of America","Homer Airport, AK (HOM/PAHO), United States of America",,,Fatalities: 0 / Occupants: 7 
20040925-0,Final,Saturday 25 September 2004,15:23,Bushmaster 2000,R.R. Fuchs,,,, N750RW, 2, 1985,1420,, 3 Pratt & Whitney R-985,,Fatalities: 0 / Occupants: 2,Fatalities: 0 / Occupants: 0,,, Damaged beyond repair,,"near Fullerton Municipal Airport, CA (FUL) (   United States of America) 
", Takeoff (TOF),Demonstration,"Fullerton Municipal Airport, CA (FUL/KFUL), United States of America","Fullerton Municipal Airport, CA (FUL/KFUL), United States of America",,,Fatalities: 0 / Occupants: 2 
20040928-0,,Tuesday 28 September 2004,,Lockheed C-130H Hercules,United States Air Force - USAF,,,, 84-0211, 5050, 1985,,,,,Fatalities: 0 / Occupants: 0,Fatalities: 0 / Occupants: 0,,, Damaged beyond repair,,"Wilmington-New Castle Airport, DE (ILG) (   United States of America) 
", Standing (STD),-,-,-,,,Fatalities: 0 / Occupants: 0 
20040929-0,Final,Wednesday 29 September 2004,18:59,IRMA/Pilatus Britten-Norman BN-2A-27 Islander,Air Flamenco,,,, N902GD, 905, 1981,,, 2 Lycoming O-540-E4C5,,Fatalities: 1 / Occupants: 1,Fatalities: 0 / Occupants: 0,,, Damaged beyond repair,,"ca 1 km N off Vega Baja (   Puerto Rico) 
", En route (ENR),Cargo,"Mayaguez-Eugenio M. de Hostos Airport (MAZ/TJMZ), Puerto Rico","San Juan-Isla Grande Airport (SIG/TJIG), Puerto Rico",,,Fatalities: 1 / Occupants: 1 
20040929-1,Preliminary,Wednesday 29 September 2004,,Dornier 228-212,Kato Air,,,, LN-BER, 8192, 1990,,, 2 Garrett TPE331-5A-252D,,Fatalities: 0 / Occupants: 2,Fatalities: 0 / Occupants: 7,,, None,,"Bodø Airport (BOO) (   Norway) 
", Unknown (UNK),Domestic Scheduled Passenger,"Narvik-Framnes Airport (NVK/ENNK), Norway","Bodø Airport (BOO/ENBO), Norway", 605,,Fatalities: 0 / Occupants: 9 
20040930-0,,Thursday 30 September 2004,12:00 UTC,de Havilland Canada DHC-3 Otter,Wilderness Air,,,, C-FODV, 411, 1960,,,,,Fatalities: 0 / Occupants: 1,Fatalities: 0 / Occupants: 0,,, Substantial, Repaired,"Long Lake, ON (   Canada) 
", Takeoff (TOF),Ferry/positioning,?,"Kenora Airport, ON (YQK/CYQK), Canada",,,Fatalities: 0 / Occupants: 1 
20040999-0,,xx SEP 2004,,Antonov An-2T,Krasnoyarski ASK,,,, RA-01128, 1G162-18, 1975,,,,,Fatalities:  / Occupants: ,Fatalities:  / Occupants: ,,, Damaged beyond repair,,"Krasnoyarsk Region (   Russia) 
", Unknown (UNK),Unknown,?,?,,,Fatalities:  / Occupants:  
20041001-0,Preliminary,Friday 1 October 2004,,Embraer EMB-110P1 Bandeirante,Naturelink Airlines,,,, ZS-OWO, 110311, 1981,,, 2 Pratt & Whitney Canada PT6A-34,,Fatalities: 0 / Occupants: 2,Fatalities: 0 / Occupants: 2,,, Damaged beyond repair,,"Douala Airport (DLA) (   Cameroon) 
", Takeoff (TOF),Domestic Non Scheduled Passenger,"Douala Airport (DLA/FKKD), Cameroon","Yaoundé-Nsimalen International Airport (NSI/FKYS), Cameroon",,,Fatalities: 0 / Occupants: 4 
20041003-0,Final,Sunday 3 October 2004,16:20,Howard 250,American Airpower Heritage Museum,,,, N6371C, 18-2598, 1943,8999,, 2 Wright R-1820-72A,,Fatalities: 0 / Occupants: 2,Fatalities: 0 / Occupants: 3,,, Substantial, Written off (damaged beyond repair),"Midland International Airport, TX (MAF) (   United States of America) 
", Takeoff (TOF),Ferry/positioning,"Midland International Airport, TX (MAF/KMAF), United States of America","Boulder Municipal Airport, CO (WBU/KBDU), United States of America",,,Fatalities: 0 / Occupants: 5 
20041005-0,Preliminary,Tuesday 5 October 2004,ca 12:37,Antonov An-12,Sarit Airlines,,,, ST-SAF, 00347606, 1970,,,,,Fatalities: 4 / Occupants: 4,Fatalities: 0 / Occupants: 0,,, Damaged beyond repair,,"68 km (42.5 mls) from  Heglig (   Sudan) 
", En route (ENR),Cargo,"El Obeid Airport (EBD/HSOB), Sudan","Juba Airport (JUB/HSSJ), South Sudan",,,Fatalities: 4 / Occupants: 4 
20041008-0,Preliminary,Friday 8 October 2004,09:15,Fokker F-28 Fellowship 4000,Biman Bangladesh Airlines,,,, S2-ACH, 11172, 1981-07-15  (23 years 3 months),,, 2 Rolls-Royce Spey 555-15I,,Fatalities: 0 / Occupants: 4,Fatalities: 0 / Occupants: 79,,, Damaged beyond repair,,"Sylhet-Osmani International Airport (ZYL) (   Bangladesh) 
", Landing (LDG),Domestic Scheduled Passenger,"Dhaka-Zia International Airport (DAC/VGZR), Bangladesh","Sylhet Civil Airport (ZYL/VGSY), Bangladesh", 601,,Fatalities: 0 / Occupants: 83 
20041009-0,,Saturday 9 October 2004,,Let L-410UVP,El Amiron Plus Corp.,,,, 9XR-KL, 831017, 1983,,, 2 Walter M-601D,,Fatalities: 0 / Occupants: 2,Fatalities: 0 / Occupants: 0,,, Damaged beyond repair,,"at an unknown location (   Democratic Republic of the Congo) 
", En route (ENR),Ferry/positioning,"Chicano, Angola","Kigali International Airport (KGL/HRYR), Rwanda",,,Fatalities: 0 / Occupants: 2 
20041011-0,,Monday 11 October 2004,,Let L-410UVP,Sierra Leone Airways,,,, 9XR-RC, 810611, 1981,,,,,Fatalities: 0 / Occupants: ,Fatalities: 0 / Occupants: ,,, Damaged beyond repair,,"280 km (175 mls) SW of Kindu (   Democratic Republic of the Congo) 
", Landing (LDG),Unknown,?,"Kindu Airport (KND/FZOA), Democratic Republic of the Congo",,,Fatalities: 0 / Occupants:  
20041014-0,Final,Thursday 14 October 2004,03:56,Boeing 747-244BSF,MK Airlines,,,, 9G-MKJ, 22170/486, 1980-10-24  (24 years),80619,, 4 Pratt & Whitney JT9D-7Q,16368,Fatalities: 7 / Occupants: 7,Fatalities: 0 / Occupants: 0,,, Damaged beyond repair,,"Halifax International Airport, NS (YHZ) (   Canada) 
", Takeoff (TOF),Cargo,"Halifax International Airport, NS (YHZ/CYHZ), Canada","Zaragoza Airport (ZAZ/LEZG), Spain",1602,,Fatalities: 7 / Occupants: 7 
20041014-1,Final,Thursday 14 October 2004,22:15,Canadair CL-600-2B19 Regional Jet CRJ-200LR,,Northwest Airlink,,Pinnacle Airlines, N8396A, 7396, 2000,10168,, 2 General Electric CF34-3B1,9613,Fatalities: 2 / Occupants: 2,Fatalities: 0 / Occupants: 0,,, Damaged beyond repair,,"Jefferson City, MO (   United States of America) 
", Approach (APR),Ferry/positioning,"Little Rock National Airport, AR (LIT/KLIT), United States of America","Minneapolis-St. Paul International Airport, MN (MSP/KMSP), United States of America",3701,,Fatalities: 2 / Occupants: 2 
20041015-0,Final,Friday 15 October 2004,07:50,Douglas DC-3C,Aerovanguardia,,,, HK-1503, 34331/17064, 1945,27592,, 2 Pratt & Whitney R-1830-92,,Fatalities: 3 / Occupants: 3,Fatalities: 0 / Occupants: 0,,, Destroyed, Written off (damaged beyond repair),"13 km (8.1 mls) E of Medellín-Enrique Olaya Herrera Airport (EOH) (   Colombia) 
", Approach (APR),Cargo,"Villavicencio-La Vanguardia Airport (VVC/SKVV), Colombia","Rionegro/Medellín-José María Córdova Airport (MDE/SKRG), Colombia",,,Fatalities: 3 / Occupants: 3 
20041016-0,,Saturday 16 October 2004,,Britten-Norman BN-2A-21 Islander,Pacific Airways,,,, RP-C1325, 593, 1977,,, 2 Lycoming IO-540-K1B5,,Fatalities: 2 / Occupants: 2,Fatalities: 0 / Occupants: 0,,, Damaged beyond repair,,"9 km (5.6 mls) NE of Coron (   Philippines) 
", En route (ENR),Cargo,"Coron Airport (XCN), Philippines","Puerto Princesa Airport (PPS/RPVP), Philippines",,,Fatalities: 2 / Occupants: 2 
20041018-0,Final,Monday 18 October 2004,19:59,Airbus A320-232,TransAsia Airways,,,, B-22310, 791, 1998,12124,, 2 IAE V2527-A5,16248,Fatalities: 0 / Occupants: 6,Fatalities: 0 / Occupants: 100,,, Substantial, Repaired,"Taipei-Songshan Airport (TSA) (   Taiwan) 
", Landing (LDG),Domestic Scheduled Passenger,"Tainan Airport (TNN/RCNN), Taiwan","Taipei-Songshan Airport (TSA/RCSS), Taiwan",GE536,,Fatalities: 0 / Occupants: 106 
20041019-0,Final,Tuesday 19 October 2004,19:37,British Aerospace 3201 Jetstream 32EP,,AmericanConnection,,Corporate Airlines, N875JX, 875, 1990,21979,, 2 Garrett TPE331-12UAR-704H,28973,Fatalities: 2 / Occupants: 2,Fatalities: 11 / Occupants: 13,,, Damaged beyond repair,,"2,2 km (1.4 mls) S of Kirksville Regional Airport, MO (IRK) (   United States of America) 
", Approach (APR),Domestic Scheduled Passenger,"Saint Louis-Lambert International Airport, MO (STL/KSTL), United States of America","Kirksville Regional Airport, MO (IRK/KIRK), United States of America",5966,,Fatalities: 13 / Occupants: 15 
20041019-1,Final,Tuesday 19 October 2004,09:15,Cessna 208B Grand Caravan,Air Excel,,,, 5H-AXL, 208B0401, 1994,,, 1 Pratt & Whitney Canada PT6A-114A,,Fatalities: 0 / Occupants: 1,Fatalities: 0 / Occupants: 9,,, Substantial, Repaired,"Loiborsoit Village, Simanjiro District (   Tanzania) 
", En route (ENR),Domestic Non Scheduled Passenger,"Arusha Airport (ARK/HTAR), Tanzania","Msembe Ruaha National Park (HTMR), Tanzania",,,Fatalities: 0 / Occupants: 10 
20041019-2,Preliminary,Tuesday 19 October 2004,16:42,Antonov An-12BP,Sarit Airlines,,,, ST-SAD, 5343307, 1979,,, 4 Ivchenko AI-20M,,Fatalities: 0 / Occupants: 5,Fatalities: 0 / Occupants: 0,,, Substantial, Repaired,"Heglig (   Sudan) 
", Landing (LDG),Cargo,"Khartoum-Civil Airport (KRT/HSSS), Sudan","Heglig Airport (HSHG), Sudan",,,Fatalities: 0 / Occupants: 5 
20041019-3,Preliminary,Tuesday 19 October 2004,,CASA C-212 Aviocar 100,Ejército del Aire,,,, T.12B-54, 98, 1977-11-23  (26 years 11 months),,,,,Fatalities: 0 / Occupants: ,Fatalities: 0 / Occupants: ,,, Damaged beyond repair,,"Lanzarote Airport (ACE) (   Spain) 
", Landing (LDG),Military,?,"Lanzarote Airport (ACE/GCRR), Spain",,,Fatalities: 0 / Occupants:  
20041020-0,Final,Wednesday 20 October 2004,20:29,Boeing 747-132SF,Kalitta Air,,,, N709CK, 20247/159, 1971-09-22  (33 years 1 months),93549,, 4 Pratt & Whitney JT9D-7A,,Fatalities: 0 / Occupants: 5,Fatalities: 0 / Occupants: 0,,, Substantial, Repaired,"over Lake Michigan, MI (   United States of America) 
", En route (ENR),Cargo,"Chicago-O'Hare International Airport, IL (ORD/KORD), United States of America","New York-John F. Kennedy International Airport, NY (JFK/KJFK), United States of America", 825,,Fatalities: 0 / Occupants: 5 
20041022-0,Final,Friday 22 October 2004,13:45,Beechcraft 1900C,Southern Air Charter,,,, N79YV, UB-41, 1985,26397,, 2 Pratt & Whitney Canada PT6A-65B,,Fatalities: 0 / Occupants: 2,Fatalities: 0 / Occupants: 8,,, Substantial, Written off (damaged beyond repair),"0,1 km (0.1 mls) S off  New Providence Island (   Bahamas) 
", En route (ENR),Domestic Scheduled Passenger,"Arthur's Town Airport (ATC/MYCA), Bahamas","Nassau International Airport (NAS/MYNN), Bahamas", 204,,Fatalities: 0 / Occupants: 10 
20041022-1,Final,Friday 22 October 2004,10:33,Reims Cessna F406 Caravan II,Highland Airways,,,, G-TWIG, F406-0014, 1987,,, 2 Pratt & Whitney Canada PT6A-112,,Fatalities: 1 / Occupants: 1,Fatalities: 0 / Occupants: 0,,, Destroyed, Written off (damaged beyond repair),"60 km (37.5 mls) NW of Inverness (   United Kingdom) 
", En route (ENR),Ferry/positioning,"Stornoway Airport (SYY/EGPO), United Kingdom","Inverness Airport (INV/EGPE), United Kingdom",,,Fatalities: 1 / Occupants: 1 
20041023-0,Preliminary - official,Saturday 23 October 2004,,Boeing 707-330C,BETA - Brazilian Express Transportes Aéreos,,,, PP-BSE, 19317/557, 1967,,, 4 Pratt & Whitney JT3D-3B,,Fatalities: 0 / Occupants: 3,Fatalities: 0 / Occupants: 0,,, Damaged beyond repair,,"Manaus-Eduardo Gomes International Airport, AM (MAO) (   Brazil) 
", Takeoff (TOF),Cargo,"Manaus-Eduardo Gomes International Airport, AM (MAO/SBEG), Brazil","São Paulo-Guarulhos International Airport, SP (GRU/SBGR), Brazil",,,Fatalities: 0 / Occupants: 3 
20041024-0,Final,Sunday 24 October 2004,00:25,Learjet 35A,Med Flight Air Ambulance,,,, N30DK, 35A-345, 1980,10047,, 2 Garrett TFE731-2-2B,,Fatalities: 2 / Occupants: 2,Fatalities: 3 / Occupants: 3,,, Destroyed, Written off (damaged beyond repair),"13 km (8.1 mls) E of San Diego-Brown Field Municipal Airport, CA (SDM) (   United States of America) 
", En route (ENR),Ferry/positioning,"San Diego-Brown Field Municipal Airport, CA (SDM/KSDM), United States of America","Albuquerque International Airport, NM (ABQ/KABQ), United States of America",,,Fatalities: 5 / Occupants: 5 
20041024-1,Final,Sunday 24 October 2004,12:35,Beechcraft 200 Super King Air,"Hendrick Motorsports, Inc",,,, N501RH, BB-805, 1981,8140,, 2 Pratt & Whitney Canada PT6A-41,,Fatalities: 2 / Occupants: 2,Fatalities: 8 / Occupants: 8,,, Destroyed, Written off (damaged beyond repair),"near Stuart, VA (   United States of America) 
", Approach (APR),Executive,"Concord Regional Airport, NC (KJQF), United States of America","Martinsville-Blue Ridge Airport, VA (KMTV), United States of America",,,Fatalities: 10 / Occupants: 10 
20041104-0,,Thursday 4 November 2004,,Rockwell Sabreliner 60,Servicios Aéreos Jemsa,,,, XA-GUR, 306-131, 1977,,,,,Fatalities: 0 / Occupants: ,Fatalities: 0 / Occupants: ,,, Damaged beyond repair,,"Toluca Airport (TLC) (   Mexico) 
", Landing (LDG),Unknown,?,"Toluca Airport (TLC/MMTO), Mexico",,,Fatalities: 0 / Occupants:  
20041104-1,Final,Thursday 4 November 2004,16:00,Cessna 208B Grand Caravan,Army Parachute Association,,,, G-BZAH, 208B0811, 2000,,, 1 Pratt & Whitney Canada PT6A-114A,,Fatalities: 0 / Occupants: 1,Fatalities: 0 / Occupants: 1,,, Minor, Repaired,"Netheravon Airport (   United Kingdom) 
", Taxi (TXI),Parachuting,"Netheravon Airport (EGDN), United Kingdom","Netheravon Airport (EGDN), United Kingdom",,,Fatalities: 0 / Occupants: 2 
20041107-0,Final,Sunday 7 November 2004,16:35,Boeing 747-230F (SCD),,Lufthansa Cargo,,Air Atlanta Icelandic, TF-ARR, 23621/660, 1986-10-14  (18 years ),79733,, 4 General Electric CF6-50E2,13833,Fatalities: 0 / Occupants: 4,Fatalities: 0 / Occupants: 0,,, Damaged beyond repair,,"Sharjah Airport (SHJ) (   United Arab Emirates) 
", Takeoff (TOF),Cargo,"Sharjah Airport (SHJ/OMSJ), United Arab Emirates","Frankfurt International Airport (FRA/EDDF), Germany",8457,,Fatalities: 0 / Occupants: 4 
20041115-0,Preliminary,Monday 15 November 2004,13:32,Yakovlev Yak-40,private,,,, YV-1100CP, 9441137, 1976,,, 3 Ivchenko AI-25,,Fatalities: 0 / Occupants: 2,Fatalities: 0 / Occupants: ,,, Substantial, Repaired,"Caracas-La Carlota Airport (   Venezuela) 
", Taxi (TXI),Unknown,?,"Caracas/La Carlota-Gen. Francisco de Miranda Air Base (SVFM), Venezuela",,,Fatalities: 0 / Occupants:  
20041116-0,Final,Tuesday 16 November 2004,02:09,Let L-410UVP-E20,Precision Air,,,, 5H-PAC, 922711, 1992,,, 2 Walter M-601E,,Fatalities: 0 / Occupants: 2,Fatalities: 0 / Occupants: 0,,, Damaged beyond repair,,"Kilimanjaro Airport (JRO) (   Tanzania) 
", Initial climb (ICL),Training,"Kilimanjaro Airport (JRO/HTKJ), Tanzania","Kilimanjaro Airport (JRO/HTKJ), Tanzania",,,Fatalities: 0 / Occupants: 2 
20041118-0,Preliminary,Thursday 18 November 2004,13:02,British Aerospace 3101 Jetstream 31,RAVSA - Rutas Aéreas de Venezuela SA,,,, YV-1083C, 762, 1987,,, 2 Garrett TPE331-10UG-513H,,Fatalities: 0 / Occupants: 2,Fatalities: 2 / Occupants: 19,,, Destroyed, Written off (damaged beyond repair),"Caracas-Simon Bolivar Airport (CCS) (   Venezuela) 
", Landing (LDG),Domestic Scheduled Passenger,"El Vigia Airport (VIG/SVVG), Venezuela","Caracas-Simón Bolívar International Airport (CCS/SVMI), Venezuela", 213,,Fatalities: 2 / Occupants: 21 
20041119-0,Final,Friday 19 November 2004,11:50,de Havilland Canada DHC-6 Twin Otter 300,Zimex Aviation,,,, HB-LOK, 658, 1980,20437,, 2 Pratt & Whitney Canada PT6A-27,,Fatalities: 0 / Occupants: 2,Fatalities: 0 / Occupants: 2,,, Substantial, Repaired,"Menzel Lejmat North (   Algeria) 
", Landing (LDG),Survey/research,"Menzel Lejmat North, Algeria","Menzel Lejmat North, Algeria",,,Fatalities: 0 / Occupants: 4 
20041119-1,,Friday 19 November 2004,09:45,Beechcraft 200 Super King Air,Unknown,,,, YV-2584P, BB-316, 1978,,,,,Fatalities: 0 / Occupants: 2,Fatalities: 0 / Occupants: 0,,, Damaged beyond repair,,"Cabimas-Oro Negro Airport (CBS) (   Venezuela) 
", Landing (LDG),Illegal Flight,?,?,,,Fatalities: 0 / Occupants: 2 
20041120-0,,Saturday 20 November 2004,,IAI Arava 201,Umbutfo Swaziland Defence Force Air Wing,,,, 3D-DAC, 070, ,,,,,Fatalities: 0 / Occupants: 2,Fatalities: 0 / Occupants: 0,,, Damaged beyond repair,,"within South-Eastern Eswatini (   Eswatini) 
", Takeoff (TOF),Military,?,?,,,Fatalities: 0 / Occupants: 2 
20041121-0,Preliminary,Sunday 21 November 2004,08:20,Canadair CL-600-2B19 Regional Jet CRJ-200LR,China Yunnan Airlines,,,, B-3072, 7697, 2002,,, 2 General Electric CF34-3B1,,Fatalities: 6 / Occupants: 6,Fatalities: 47 / Occupants: 47,Fatalities: 2,, Damaged beyond repair,,"near Baotou Airport (BAV) (   China) 
", Initial climb (ICL),Domestic Scheduled Passenger,"Baotou Airport (BAV/ZBOW), China","Shanghai-Hongqiao Airport (SHA/ZSSS), China",5210,,Fatalities: 53 / Occupants: 53 
20041122-0,Final,Monday 22 November 2004,06:15,Gulfstream Aerospace G-1159A Gulfstream III,Business Jet Services,,,, N85VT, 449, 1984,8566,, 2 Rolls-Royce Spey 511-8,,Fatalities: 3 / Occupants: 3,Fatalities: 0 / Occupants: 0,,, Destroyed, Written off (damaged beyond repair),"5 km (3.1 mls) SW of Houston-William P. Hobby Airport, TX (HOU) (   United States of America) 
", Approach (APR),Ferry/positioning,"Dallas-Love Field, TX (DAL/KDAL), United States of America","Houston-William P. Hobby Airport, TX (HOU/KHOU), United States of America",,,Fatalities: 3 / Occupants: 3 
20041122-1,Preliminary,Monday 22 November 2004,,Hawker Siddeley HS-748-208 Srs. 2A,Royal Thai Air Force - RTAF,,,, L5-2/16, 1715, 1972,,, 2 Rolls-Royce Dart 533-2,,Fatalities: 0 / Occupants: ,Fatalities: 0 / Occupants: ,,, Damaged beyond repair,,"Bangkok International Airport (BKK) (   Thailand) 
", Landing (LDG),Military,?,"Bangkok-Don Muang International Airport (BKK/VTBD), Thailand",,,Fatalities: 0 / Occupants:  
20041125-0,Final,Thursday 25 November 2004,16:18,Reims Cessna F406 Caravan II,Regional Air Services,,,, 5H-RAS, F406-0005, 1986,,, 2 Pratt & Whitney Canada PT6A-112,,Fatalities: 0 / Occupants: 1,Fatalities: 0 / Occupants: 6,,, Damaged beyond repair,,"Arusha Airport (ARK) (   Tanzania) 
", Takeoff (TOF),Domestic Scheduled Passenger,"Arusha Airport (ARK/HTAR), Tanzania","Seronera Airport (SEU/HTSN), Tanzania",,,Fatalities: 0 / Occupants: 7 
20041127-0,Final,Saturday 27 November 2004,08:20,CASA C-212 Aviocar 200,,United States Department of Defense,,Presidential Airways, N960BW, 231, 1982-01-04  (22 years 11 months),21489,, 2 Garrett TPE331-10R-511C,,Fatalities: 3 / Occupants: 3,Fatalities: 3 / Occupants: 3,,, Damaged beyond repair,,"148 km (92.5 mls) W of Bagram (   Afghanistan) 
", En route (ENR),Military,"Bagram Air Base (BPM/OAIX), Afghanistan","Farah Airport (FAH/OAFR), Afghanistan",,,Fatalities: 6 / Occupants: 6 
20041128-0,Final,Sunday 28 November 2004,09:55,Canadair CL-600-2A12 Challenger 601,,Global Aviation,,Hop-A-Jet Inc, N873G, 3009, 1983,14317,, 2 General Electric CF34-3A2,8911,Fatalities: 2 / Occupants: 3,Fatalities: 1 / Occupants: 3,,, Damaged beyond repair,,"Montrose County Airport, CO (MTJ) (   United States of America) 
", Takeoff (TOF),Domestic Non Scheduled Passenger,"Montrose County Airport, CO (MTJ/KMTJ), United States of America","South Bend Regional, IN (SBN/KSBN), United States of America",  73,,Fatalities: 3 / Occupants: 6 
20041128-1,Final,Sunday 28 November 2004,18:50,Boeing 737-406,KLM Royal Dutch Airlines,,,, PH-BTC, 25424/2200, 1992-01-09  (12 years 11 months),31756,, 2 CFMI CFM56-3C1,22156,Fatalities: 0 / Occupants: 6,Fatalities: 0 / Occupants: 140,,, Damaged beyond repair,,"Barcelona Airport (BCN) (   Spain) 
", Landing (LDG),International Scheduled Passenger,"Amsterdam-Schiphol International Airport (AMS/EHAM), Netherlands","Barcelona-El Prat Airport (BCN/LEBL), Spain",KL1673,,Fatalities: 0 / Occupants: 146 
20041130-0,Preliminary,Tuesday 30 November 2004,18:15,McDonnell Douglas DC-9-82 (MD-82),Lion Air,,,, PK-LMN, 49189/1173, 1984,56674,, 2 Pratt & Whitney JT8D-217C,43940,Fatalities: 2 / Occupants: 7,Fatalities: 23 / Occupants: 156,,, Damaged beyond repair,,"Solo City-Adi Sumarmo Airport (SOC) (   Indonesia) 
", Landing (LDG),Domestic Scheduled Passenger,"Jakarta-Soekarno-Hatta International Airport (CGK/WIII), Indonesia","Solo City-Adi Sumarmo Airport (SOC/WARQ), Indonesia", 583,,Fatalities: 25 / Occupants: 163 
20041130-1,Final,Tuesday 30 November 2004,19:56,MBB HFB-320 Hansa Jet,Grand Aire Express,,,, N604GA, 1037, 1969-04-03  (35 years 8 months),6875,, 2 General Electric CJ610-5,,Fatalities: 2 / Occupants: 2,Fatalities: 0 / Occupants: 0,,, Damaged beyond repair,,"Howell Island, MO (   United States of America) 
", En route (ENR),Ferry/positioning,"Saint Louis-Spirit of St. Louis Airport, MO (SUS/KSUS), United States of America","Toledo-Express Airport, OH (TOL/KTOL), United States of America",,,Fatalities: 2 / Occupants: 2 
20041201-0,Final,Wednesday 1 December 2004,16:23,Gulfstream G-IV,GAMA Aviation,,,, G-GMAC, 1058, 1988,7452,, 2 Rolls-Royce Tay 611-8,,Fatalities: 0 / Occupants: 3,Fatalities: 0 / Occupants: 6,,, Substantial, Written off (damaged beyond repair),"Teterboro Airport, NJ (TEB) (   United States of America) 
", Landing (LDG),Executive,"London-Luton Airport (LTN/EGGW), United Kingdom","Teterboro Airport, NJ (TEB/KTEB), United States of America", 946,,Fatalities: 0 / Occupants: 9 
20041201-1,Final,Wednesday 1 December 2004,11:46,Beechcraft B300 Super King Air 350,Aviation CMP Inc.,,,, C-FMHD, FL-87, 1992,,,,,Fatalities: 0 / Occupants: 2,Fatalities: 0 / Occupants: 1,,, Substantial, Repaired,"St-Georges de Beauce, Quebec (   Canada) 
", Landing (LDG),Private,"Montreal-St. Hubert Airport, QC (YHU/CYHU), Canada","Saint-Georges Aerodrome, QC (CYSG), Canada",,,Fatalities: 0 / Occupants: 3 
20041204-0,Final,Saturday 4 December 2004,08:51,Convair CV-340-70,Miami Air Lease,,,, N41626, 274, 1955,18473,, 2 Pratt & Whitney R-2800-103W,,Fatalities: 0 / Occupants: 2,Fatalities: 0 / Occupants: 0,,, Damaged beyond repair,,"North Miami Beach, FL (   United States of America) 
", En route (ENR),Cargo,"Opa-locka Airport, FL (OPF/KOPF), United States of America","Nassau International Airport (NAS/MYNN), Bahamas",,,Fatalities: 0 / Occupants: 2 
20041204-1,Final,Saturday 4 December 2004,14:41,Convair CV-580F SCD,Contract Air Cargo,,,, N161FL, 430, 1957,29586,, 2 Allison 501-D13D,,Fatalities: 0 / Occupants: 3,Fatalities: 0 / Occupants: 0,,, Substantial, Written off (damaged beyond repair),"McAllen-Miller International Airport, TX (MFE) (   United States of America) 
", Landing (LDG),Training,"McAllen-Miller International Airport, TX (MFE/KMFE), United States of America","McAllen-Miller International Airport, TX (MFE/KMFE), United States of America",,,Fatalities: 0 / Occupants: 3 
20041206-0,Final,Monday 6 December 2004,10:20,Cessna 208B Grand Caravan,Salmon Air,,,, N25SA, 208B0866, 2000,2117,, 1 Pratt & Whitney Canada PT6A-114A,,Fatalities: 1 / Occupants: 1,Fatalities: 1 / Occupants: 1,,, Destroyed, Written off (damaged beyond repair),"11 km (6.9 mls) S of Bellevue, ID (   United States of America) 
", Approach (APR),Cargo,"Salt Lake City International Airport, UT (SLC/KSLC), United States of America","Hailey-Friedman Memorial Airport, ID (SUN/KSUN), United States of America",1860,,Fatalities: 2 / Occupants: 2 
20041209-0,- (No safety board investigation),Thursday 9 December 2004,ca 06:00,Boeing 727-2M7F,ASTAR Air Cargo,,,, N750DH, 21951/1680, 1980-10-28  (24 years 2 months),,, 3 Pratt & Whitney JT8D-17R,,Fatalities: 0 / Occupants: 3,Fatalities: 0 / Occupants: 0,,, Minor, Repaired,"Atlanta-William B. Hartsfield International Airport, GA (ATL) (   United States of America) 
", Landing (LDG),Cargo,"Cincinnati/Northern Kentucky Airport, KY (CVG/KCVG), United States of America","Atlanta Hartsfield-Jackson International Airport, GA (ATL/KATL), United States of America", 495,,Fatalities: 0 / Occupants: 3 
20041209-1,Final,Thursday 9 December 2004,18:31,Beechcraft B200 Super King Air,RNH Air 1 LLC,,,, N6PE, BB-856, 1981,3084,, 2 Pratt & Whitney Canada PT6A-42,469,Fatalities: 0 / Occupants: 1,Fatalities: 0 / Occupants: 0,,, Substantial, Written off (damaged beyond repair),"6,5 km (4.1 mls) N of Tulsa International Airport, OK (TUL) (   United States of America) 
", Approach (APR),Executive,"La Crosse Municipal Airport, WI (LSE/KLSE), United States of America","Tulsa International Airport, OK (TUL/KTUL), United States of America",,,Fatalities: 0 / Occupants: 1 
20041210-0,Preliminary,Friday 10 December 2004,10:50,PZL-Mielec M28 Skytruck,Guardia Nacional Bolivariana de Venezuela - GNBV,,,, GN-97121, AJE 001-15, 1998,,,,,Fatalities: 3 / Occupants: 3,Fatalities: 13 / Occupants: 13,,, Damaged beyond repair,,"24 km (15 mls) from  El Junquito (   Venezuela) 
", En route (ENR),Military,"Puerto Ayacucho Airport (PYH/SVPA), Venezuela","Caracas/La Carlota-Gen. Francisco de Miranda Air Base (SVFM), Venezuela",,,Fatalities: 16 / Occupants: 16 
20041210-1,Final,Friday 10 December 2004,12:50,Beechcraft 200 Super King Air,Charter One,,,, N648KA, BB-648, 1980,6532,, 2 Pratt & Whitney Canada PT6A-41,,Fatalities: 0 / Occupants: 1,Fatalities: 0 / Occupants: 5,,, Destroyed, Written off (damaged beyond repair),"Bay View-Rancho Buena Vista Airport, TX (   United States of America) 
", Takeoff (TOF),Domestic Non Scheduled Passenger,"Bay View-Rancho Buena Vista Airport, TX, United States of America","Houston (unknown airport), TX, United States of America",,,Fatalities: 0 / Occupants: 6 
20041211-0,Final,Saturday 11 December 2004,05:16,Embraer EMB-110 Bandeirante,NHR Táxi-Aéreo,,,, PT-WAK, 110071, 1975,11689,, 2 Pratt & Whitney Canada PT6A-27,,Fatalities: 2 / Occupants: 2,Fatalities: 0 / Occupants: 0,Fatalities: 1,, Destroyed, Written off (damaged beyond repair),"0,8 km (0.5 mls) from  Uberaba Airport, MG (UBA) (   Brazil) 
", Approach (APR),Cargo,"São Paulo-Guarulhos International Airport, SP (GRU/SBGR), Brazil","Uberaba Airport, MG (UBA/SBUR), Brazil",,,Fatalities: 2 / Occupants: 2 
20041211-1,,Saturday 11 December 2004,,Ilyushin Il-76TD,Airline Transport,,,, ER-IBW, 0043449468, 1979,,, 4 Soloviev D-30KP-2,,Fatalities: 1 / Occupants: 7,Fatalities: 0 / Occupants: 0,,, Minor, Repaired,"near Jeddah (   Saudi Arabia) 
", En route (ENR),Cargo,"Khartoum-Civil Airport (KRT/HSSS), Sudan","Sharjah Airport (SHJ/OMSJ), United Arab Emirates",,,Fatalities: 1 / Occupants: 7 
20041216-0,Final,Thursday 16 December 2004,20:00,Shorts 360-300,Air Cargo Carriers,,,, N748CC, SH.3748, 1988-11-29  (16 years ),,, 2 Pratt & Whitney Canada PT6A-67R,,Fatalities: 0 / Occupants: 2,Fatalities: 0 / Occupants: 0,,, Substantial, Written off (damaged beyond repair),"Oshawa Municipal Airport, ON (YOO) (   Canada) 
", Landing (LDG),Cargo,"Toledo (unknown airport), OH, United States of America","Oshawa Municipal Airport, ON (YOO/CYOO), Canada",2917,,Fatalities: 0 / Occupants: 2 
20041217-0,Final,Friday 17 December 2004,14:15,Douglas C-47A-5-DK (DC-3),Aerolineas Llaneras - Arall,,,, HK-2663, 12352, 1944,21046,, 2 Pratt & Whitney R-1830-42,,Fatalities: 0 / Occupants: 2,Fatalities: 0 / Occupants: 18,,, Substantial, Repaired,"Puerto Gaitán (   Colombia) 
", En route (ENR),Domestic Scheduled Passenger,"Barrancominas Airport (NBB), Colombia","Villavicencio Airport (VVC/SKVV), Colombia",,,Fatalities: 0 / Occupants: 20 
20041224-0,Final,Friday 24 December 2004,19:43,Beechcraft A100 King Air,Air Inuit,,,, C-GAIK, B-104, 1971,,, 2 Pratt & Whitney Canada PT6A-28,,Fatalities: 0 / Occupants: 2,Fatalities: 0 / Occupants: 4,,, Substantial, Repaired,"Kuujjuaq Airport, QC (YVP) (   Canada) 
", Landing (LDG),Domestic Scheduled Passenger,"Puvirnituq Airport, QC (YPX/CYPX), Canada","Kuujjuaq-Fort Chimo Airport, QC (YVP/CYVP), Canada", 411,,Fatalities: 0 / Occupants: 6 
20041229-0,Final,Wednesday 29 December 2004,,Lockheed MC-130H Combat Talon II,United States Air Force - USAF,,,, 85-0012, 5054, 1985,,,,,Fatalities: 0 / Occupants: 7,Fatalities: 0 / Occupants: 4,,, Damaged beyond repair,,"Qayyarah Airfield West (   Iraq) 
", Landing (LDG),Military,?,?,,,Fatalities: 0 / Occupants: 11 
20041230-0,Final,Thursday 30 December 2004,03:48,Ilyushin Il-76TD,Airline Transport,,,, ER-IBM, 0063466981, 1983,,, 4 Soloviev D-30KP-2,,Fatalities: 0 / Occupants: 8,Fatalities: 0 / Occupants: 0,,, Damaged beyond repair,,"Kabul Airport (KBL) (   Afghanistan) 
", Landing (LDG),Cargo,"Baku-Heydar Aliyev International Airport (GYD/UBBB), Azerbaijan","Kabul-Khwaja Rawash Airport (KBL/OAKB), Afghanistan", 922,,Fatalities: 0 / Occupants: 8 
20049999-0,,xx xxx 2004,,Swearingen SA227-AC Metro III,Ryan Blake Air Charter,,,, ZS-OJH, AC-727, 1988,,,,,Fatalities: 0 / Occupants: ,Fatalities: 0 / Occupants: ,,, Substantial, Written off (damaged beyond repair),"George Airport (GRJ) (   South Africa) 
", Taxi (TXI),Cargo,"George Airport (GRJ/FAGG), South Africa",?,,,Fatalities: 0 / Occupants:  
20040101-0,Final,Thursday 1 January 2004,16:24,McDonnell Douglas DC-9-81 (MD-81),Japan Air System,,,, JA8297, 49908/1749, 1990,26050,, 2 Pratt & Whitney JT8D-217C,,Fatalities: 0 / Occupants: 6,Fatalities: 0 / Occupants: 163,,, Substantial, Repaired,"Tokunoshima Airport (TKN) (   Japan) 
", Landing (LDG),Domestic Scheduled Passenger,"Kagoshima Airport (KOJ/RJFK), Japan","Tokunoshima Airport (TKN/RJKN), Japan", 979,,Fatalities: 0 / Occupants: 169 
20040101-1,Preliminary - official,Thursday 1 January 2004,,Beechcraft A100 King Air,Thunder Airlines,,,, C-GFKS, B-247, 1979,,, 2 Pratt & Whitney Canada PT6A-28,,Fatalities: 0 / Occupants: 2,Fatalities: 0 / Occupants: 0,,, Substantial, Written off (damaged beyond repair),"Terrace Bay Airport, ON (YTJ) (   Canada) 
", Takeoff (TOF),Ambulance,"Terrace Bay Airport, ON (YTJ), Canada","Thunder Bay Airport, ON (YQT/CYQT), Canada",,,Fatalities: 0 / Occupants: 2 
20040103-0,Final,Saturday 3 January 2004,04:45,Boeing 737-3Q8,Flash Airlines,,,, SU-ZCF, 26283/2383, 1992-10-09  (11 years 3 months),25603,, 2 CFMI CFM56-3C1,17976,Fatalities: 13 / Occupants: 13,Fatalities: 135 / Occupants: 135,,, Destroyed, Written off (damaged beyond repair),"15 km (9.4 mls) S off  Sharm el Sheikh (   Egypt) 
", En route (ENR),Domestic Non Scheduled Passenger,"Sharm el Sheikh-Ophira Airport (SSH/HESH), Egypt","Cairo International Airport (CAI/HECA), Egypt", 604,,Fatalities: 148 / Occupants: 148 
20040105-0,Final,Monday 5 January 2004,08:17,Fokker 70,Austrian Airlines,,,, OE-LFO, 11559, 1995,19304,, 2 Rolls-Royce Tay 620-15,14334,Fatalities: 0 / Occupants: 4,Fatalities: 0 / Occupants: 28,,, Substantial, Repaired,"4,5 km (2.8 mls) from  München-Franz Josef Strauss Airport (MUC) (   Germany) 
", Approach (APR),International Scheduled Passenger,"Wien-Schwechat International Airport (VIE/LOWW), Austria","München-Franz Josef Strauss Airport (MUC/EDDM), Germany", 111,,Fatalities: 0 / Occupants: 32 
20040105-1,Preliminary,Monday 5 January 2004,,de Havilland Canada DHC-6 Twin Otter 300,Regional Air,,,, P2-KSG, 509, 1976,,, 2 Pratt & Whitney Canada PT6A-27,,Fatalities: 0 / Occupants: 2,Fatalities: 0 / Occupants: 1,,, Substantial, Repaired,"Sturt Island (   Papua New Guinea) 
", Takeoff (TOF),Unknown,"Sturt Island, Papua New Guinea",?,,,Fatalities: 0 / Occupants: 3 
20040108-0,Preliminary,Thursday 8 January 2004,06:20,Lockheed C-5B Galaxy,United States Air Force - USAF,,,, 85-0010, 500-96, ,,, 4 General Electric TF39-GE-1C,,Fatalities: 0 / Occupants: 11,Fatalities: 0 / Occupants: 52,,, Substantial, Repaired,"near Baghdad International Airport (SDA) (   Iraq) 
", En route (ENR),Military,"Baghdad International Airport (BGW/ORBI), Iraq",?,,,Fatalities: 0 / Occupants: 63 
20040113-0,Preliminary - official,Tuesday 13 January 2004,19:27,Yakovlev Yak-40,Uzbekistan Airways,,,, UK-87985, 9540844, 1975,37000,, 3 Ivchenko AI-25,,Fatalities: 5 / Occupants: 5,Fatalities: 32 / Occupants: 32,,, Damaged beyond repair,,"Tashkent Airport (TAS) (   Uzbekistan) 
", Landing (LDG),Domestic Scheduled Passenger,"Termez Airport (TMJ/UTST), Uzbekistan","Tashkent Airport (TAS/UTTT), Uzbekistan",1154,,Fatalities: 37 / Occupants: 37 
20040115-0,Preliminary,Thursday 15 January 2004,09:33,Boeing 747SP-86,Iran Air,,,, EP-IAC, 21093/307, 1977-05-16  (26 years 8 months),,, 4 Pratt & Whitney JT9D-7F,,Fatalities: 0 / Occupants: 26,Fatalities: 0 / Occupants: 154,,, Substantial, Repaired,"Beijing-Capital Airport (PEK) (   China) 
", Landing (LDG),International Scheduled Passenger,"Beijing-Capital Airport (PEK/ZBAA), China","Tokyo-Narita Airport (NRT/RJAA), Japan", 800,,Fatalities: 0 / Occupants: 180 
20040117-0,Final,Saturday 17 January 2004,16:38,Cessna 208B Grand Caravan,Georgian Express,,,, C-FAGA, 208B0658, 1998,7809,, 1 Pratt & Whitney Canada PT6A-114A,,Fatalities: 1 / Occupants: 1,Fatalities: 9 / Occupants: 9,,, Damaged beyond repair,,"3 km (1.9 mls) NW off  Pelee Island, ON (   Canada) 
", En route (ENR),Domestic Scheduled Passenger,"Pelee Island, ON (CYPT), Canada","Windsor Airport, ON (YQG/CYQG), Canada", 126,,Fatalities: 10 / Occupants: 10 
20040119-0,Preliminary,Monday 19 January 2004,,de Havilland Canada DHC-6 Twin Otter 300,Air Regional,,,, PK-WAX, 255, 1969,,, 2 Pratt & Whitney Canada PT6A-27,,Fatalities: 0 / Occupants: ,Fatalities: 0 / Occupants: ,,, Substantial, Written off (damaged beyond repair),"Mulia Airport (LII) (   Indonesia) 
", Landing (LDG),Unknown,"Wamena Airport (WMX/WAJW), Indonesia","Mulia Airport (LII/WABQ), Indonesia",,,Fatalities: 0 / Occupants:  
20040120-0,Final,Tuesday 20 January 2004,21:07,Swearingen SA-227AC Metro III,ItAli Airlines,,,, I-BSTI, AC-470, 1981,,,,,Fatalities: 0 / Occupants: 2,Fatalities: 0 / Occupants: 6,,, Substantial, Repaired,"Roma-Fiumicino Airport (FCO) (   Italy) 
", Taxi (TXI),Domestic Scheduled Passenger,"Roma-Fiumicino Airport (FCO/LIRF), Italy","Pescara-Liberi Airport (PSR/LIBP), Italy",9X408,,Fatalities: 0 / Occupants: 8 
20040121-0,Final,Wednesday 21 January 2004,00:40,Dassault Falcon 20C,Jet Express,,,, N200JE, 133, 1968,8378,, 2 General Electric CF700-2D2,,Fatalities: 0 / Occupants: 2,Fatalities: 0 / Occupants: 3,,, Substantial, Written off (damaged beyond repair),"Pueblo Memorial Airport, CO (PUB) (   United States of America) 
", Landing (LDG),Executive,"Saint Louis (unknown airport), MO, United States of America","Pueblo Memorial Airport, CO (PUB/KPUB), United States of America",,,Fatalities: 0 / Occupants: 5 
20040127-0,,Tuesday 27 January 2004,14:40,Ilyushin Il-18D,Renan,,,, ER-ICJ, 186009102, 1966,,, 4 Ivchenko AI-20M,,Fatalities: 0 / Occupants: 4,Fatalities: 0 / Occupants: 14,,, Damaged beyond repair,,"Luena Airport (LUO) (   Angola) 
", Takeoff (TOF),Domestic Non Scheduled Passenger,"Luena Airport (LUO/FNUE), Angola","Luanda-4 de Fevereiro Airport (LAD/FNLU), Angola",,,Fatalities: 0 / Occupants: 18 
20040128-0,Final,Wednesday 28 January 2004,21:01,Beechcraft 1900D,Tassili Airlines,,,, 7T-VIN, UE-365, 1999,1742,, 2 Pratt & Whitney Canada PT6A-67D,,Fatalities: 1 / Occupants: 3,Fatalities: 0 / Occupants: 2,,, Destroyed, Written off (damaged beyond repair),"5 km (3.1 mls) S of Ghardaïa-Noumérat Airport (GHA) (   Algeria) 
", Approach (APR),Domestic Non Scheduled Passenger,"Hassi R'Mel-Tilrempt Airport (HRM/DAFH), Algeria","Ghardaïa-Noumérat Airport (GHA/DAUG), Algeria",,,Fatalities: 1 / Occupants: 5 
20040131-0,Final,Saturday 31 January 2004,18:00,Swearingen SA226-TC Metro II,Medit Air Vuelos Mediterraneo,,,, EC-HCU, TC-390, 1981,,, 2 Garrett TPE331-10UA-511G,,Fatalities: 0 / Occupants: 2,Fatalities: 0 / Occupants: 0,,, Substantial, Written off (damaged beyond repair),"Reus Airport (REU) (   Spain) 
", Takeoff (TOF),Ferry/positioning,"Reus Airport (REU/LERS), Spain","Barcelona-El Prat Airport (BCN/LEBL), Spain",,,Fatalities: 0 / Occupants: 2 
20040204-0,Preliminary,Wednesday 4 February 2004,ca 20:00,Boeing 737-229C,Cameroon Airlines,,,, TJ-AIO, 21139/437, 1975-10-22  (28 years 4 months),,, 2 Pratt & Whitney JT8D-15A (HK),,Fatalities: 0 / Occupants: ,Fatalities: 0 / Occupants: ,,, Substantial, Repaired,"Cotonou Airport (COO) (   Benin) 
", Takeoff (TOF),Passenger,"Cotonou Airport (COO/DBBB), Benin",?,,,Fatalities: 0 / Occupants:  
20040204-1,Preliminary - official,Wednesday 4 February 2004,22:33,Ilyushin Il-18D,,Expo Aviation,,Phoenix Air, EX-005, 188011105, 1969,,, 4 Ivchenko AI-20M,,Fatalities: 0 / Occupants: 7,Fatalities: 0 / Occupants: 0,,, Damaged beyond repair,,"Colombo-Bandaranaike International Airport (CMB) (   Sri Lanka) 
", Landing (LDG),Cargo,"Dubai Airport (DXB/OMDB), United Arab Emirates","Colombo-Bandaranaike International Airport (CMB/VCBI), Sri Lanka",3002,,Fatalities: 0 / Occupants: 7 
20040208-0,Final,Sunday 8 February 2004,16:10,Cessna 208 Caravan I,Cape York Airlines,,,, VH-CYC, 20800108, 1986,,, 1 Pratt & Whitney Canada PT6A-114,,Fatalities: 0 / Occupants: 2,Fatalities: 0 / Occupants: 0,,, Damaged beyond repair,,"off Green Island, QLD (   Australia) 
", Maneuvering (MNV),Training,"Cairns Airport, QLD (CNS/YBCS), Australia","Cairns Airport, QLD (CNS/YBCS), Australia",,,Fatalities: 0 / Occupants: 2 
20040210-0,Final,Tuesday 10 February 2004,11:38,Fokker 50,Kish Air,,,, EP-LCA, 20273, 1993,20466,, 2 Pratt & Whitney Canada PW125B,19845,Fatalities: 6 / Occupants: 6,Fatalities: 37 / Occupants: 40,,, Damaged beyond repair,,"3 km (1.9 mls) NW of Sharjah Airport (SHJ) (   United Arab Emirates) 
", Approach (APR),International Scheduled Passenger,"Kish Island Airport (KIH/OIBK), Iran","Sharjah Airport (SHJ/OMSJ), United Arab Emirates",IRK7170,,Fatalities: 43 / Occupants: 46 
20040212-0,,Thursday 12 February 2004,,British Aerospace 3109 Jetstream 31,Sun-Air of Scandinavia,,,, OY-MUE, 758, 1987,,, 2 Garrett TPE331-10UGR-514H,,Fatalities: 0 / Occupants: ,Fatalities: 0 / Occupants: ,,, Substantial, Written off (damaged beyond repair),"Aarhus-Tirstrup Airport (AAR) (   Denmark) 
", Standing (STD),-,-,-,,,Fatalities: 0 / Occupants:  
20040214-0,,Saturday 14 February 2004,18:00 UTC,de Havilland Canada DHC-3T Vazar Turbine Otter,Watson's Skyways,,,, C-GOFB, 39, 1954,,, 1 Pratt & Whitney Canada PT6A-34,,Fatalities: 0 / Occupants: ,Fatalities: 0 / Occupants: ,,, Minor, Repaired,"Attawapiskat River, ON (   Canada) 
", Taxi (TXI),Passenger,?,?,,,Fatalities: 0 / Occupants: 1 
20040220-0,Final,Friday 20 February 2004,ca 14:25,McDonnell Douglas DC-9-81 (MD-81),Austral Lineas Aéreas,,,, LV-WPY, 48024/948, 1980,56630,, 2 Pratt & Whitney JT8D-217A,,Fatalities: 0 / Occupants: 6,Fatalities: 0 / Occupants: 105,,, Minor, Repaired,"Buenos Aires/Ezeiza-Ministro Pistarini Airport, BA (EZE) (   Argentina) 
", Takeoff (TOF),Domestic Scheduled Passenger,"Buenos Aires-Jorge Newbery Airport, BA (AEP/SABE), Argentina","Cataratas del Iguazú Airport, MI (IGR/SARI), Argentina",2734,,Fatalities: 0 / Occupants: 111 
20040220-1,Final,Friday 20 February 2004,21:57,Learjet 25B,Skylinks Jets,,,, N24RZ, 25-159, 1974,4104,, 2 General Electric CJ610-8A,,Fatalities: 0 / Occupants: 2,Fatalities: 0 / Occupants: 2,,, Substantial, Written off (damaged beyond repair),"Fort Lauderdale-Executive Airport, FL (FXE) (   United States of America) 
", Landing (LDG),Ambulance,"San Juan-Luis Muñoz Marín International Airport (SJU/TJSJ), Puerto Rico","Fort Lauderdale-Executive Airport, FL (FXE/KFXE), United States of America",,,Fatalities: 0 / Occupants: 4 
20040221-0,Final,Saturday 21 February 2004,23:00,Boeing 737-59D,bmibaby,,,, G-BVKC, 24695/1872, 1990-06-01  (13 years 9 months),31210,, 2 CFMI CFM56-3C1,33633,Fatalities: 0 / Occupants: 6,Fatalities: 0 / Occupants: 114,,, Substantial, Repaired,"Cardiff-Wales Airport (CWL) (   United Kingdom) 
", Landing (LDG),International Scheduled Passenger,"Málaga Airport (AGP/LEMG), Spain","Cardiff-Wales Airport (CWL/EGFF), United Kingdom",,,Fatalities: 0 / Occupants: 120 
20040224-0,Final,Tuesday 24 February 2004,05:49,Cessna 500 Citation I,City-jet Luftfahrtgesellschaft,,,, OE-FAN, 500-0289, 1976,6471,, 2 Pratt & Whitney Canada JT15D-1A,,Fatalities: 3 / Occupants: 3,Fatalities: 3 / Occupants: 3,,, Destroyed, Written off (damaged beyond repair),"33 km (20.6 mls) E of Cagliari-Elmas Airport (CAG) (   Italy) 
", Approach (APR),Ambulance,"Roma-Ciampino Airport (CIA/LIRA), Italy","Cagliari-Elmas Airport (CAG/LIEE), Italy", 124,,Fatalities: 6 / Occupants: 6 
20040225-0,,Wednesday 25 February 2004,12:47 UTC,Boeing 737-210C,First Air,,,, C-GNWN, 	21067/414, ,,,,,Fatalities: 0 / Occupants: 4,Fatalities: 0 / Occupants: 31,,, Minor, Repaired,"Edmonton International Airport, AB (YEG) (   Canada) 
", Landing (LDG),Domestic Scheduled Passenger,"Lupin Airport, NT (YWO/CYWO), Canada","Edmonton International Airport, AB (YEG/CYEG), Canada",6501,,Fatalities: 0 / Occupants: 35 
20040226-0,,Thursday 26 February 2004,07:59,Beechcraft 200 Super King Air,Macedonian Government,,,, Z3-BAB, BB-652, 1980,6048,, 2 Pratt & Whitney Canada PT6A-41,4716,Fatalities: 2 / Occupants: 2,Fatalities: 7 / Occupants: 7,,, Destroyed, Written off (damaged beyond repair),"10 km (6.3 mls) SSE of Mostar Airport (OMO) (   Bosnia and Herzegovina) 
", Approach (APR),Official state flight,"Skopje Airport (SKP/LWSK), North Macedonia","Mostar Airport (OMO/LQMO), Bosnia and Herzegovina",,,Fatalities: 9 / Occupants: 9 
20040301-0,Preliminary - official,Monday 1 March 2004,01:40,Airbus A300B4-203,Pakistan International Airlines - PIA,,,, AP-BBA, 114, 1980-06-16  (23 years 9 months),,, 2 General Electric CF6-50C2,,Fatalities: 0 / Occupants: 12,Fatalities: 0 / Occupants: 261,,, Damaged beyond repair,,"Jeddah-King Abdulaziz International Airport (JED) (   Saudi Arabia) 
", Takeoff (TOF),International Scheduled Passenger,"Jeddah-King Abdulaziz International Airport (JED/OEJN), Saudi Arabia","Quetta Airport (UET/OPQT), Pakistan",PK2002,,Fatalities: 0 / Occupants: 273 
20040303-0,Preliminary,Wednesday 3 March 2004,,de Havilland Canada DHC-6 Twin Otter 300,,,FedEx Express,, N702PV, 702, 1980,,, 2 Pratt & Whitney Canada PT6A-27,,Fatalities: 0 / Occupants: ,Fatalities: 0 / Occupants: ,,, Substantial, Repaired,"Subic Bay International Airport (SFS) (   Philippines) 
", Landing (LDG),Unknown,?,"Subic Bay International Airport (SFS/RPLB), Philippines",,,Fatalities: 0 / Occupants: 14 
20040304-0,Final,Thursday 4 March 2004,ca 09:40,Ilyushin Il-76MD,Azov-Avia Airlines,,,, UR-ZVA, 0063468036, 1986,,, 4 Soloviev D-30KP-2,,Fatalities: 3 / Occupants: 7,Fatalities: 0 / Occupants: 0,,, Damaged beyond repair,,"near Baku Airport (BAK) (   Azerbaijan) 
", Initial climb (ICL),Cargo,"Baku-Bina International Airport (BAK/UBBB), Azerbaijan","Kabul Airport (KBL/OAKB), Afghanistan",,,Fatalities: 3 / Occupants: 7 
20040305-0,Preliminary,Friday 5 March 2004,04:30,Lockheed C-130H Hercules,Royal Thai Air Force - RTAF,,,, L8-2/23, 4862, ,,,,,Fatalities: 0 / Occupants: 7,Fatalities: 0 / Occupants: 1,,, Substantial, Repaired,"Hat Yai Airport (HDY) (   Thailand) 
", Landing (LDG),Military,"Hat Yai Airport (HDY/VTSS), Thailand","Narathiwat Airport (NAW/VTSC), Thailand",,,Fatalities: 0 / Occupants: 8 
20040305-1,Final,Friday 5 March 2004,17:55,Dornier Do 28D-2 Skyservant,Aeropacifico,,,, HC-CBK, 4080, ,2977,, 2 Lycoming IGSO-540-A1E,,Fatalities: 0 / Occupants: 2,Fatalities: 0 / Occupants: 12,,, Damaged beyond repair,,"23 km (14.4 mls) S of Guayaquil-Simon Bolivar Airport (GYE) (   Ecuador) 
", En route (ENR),Domestic Scheduled Passenger,"Machala Airport (MCH/SEMH), Ecuador","Guayaquil-Simon Bolivar Airport (GYE/SEGU), Ecuador",,,Fatalities: 0 / Occupants: 14 
20040306-0,Final,Saturday 6 March 2004,ca 15:30,Ilyushin Il-18D,Aerocaribbean,,,, CU-T1532, 188010904, 1968,,,,,Fatalities: 0 / Occupants: ,Fatalities: 0 / Occupants: ,,, Damaged beyond repair,,"Holguín-Frank Pais Airport (HOG) (   Cuba) 
", Takeoff (TOF),Domestic Non Scheduled Passenger,"Holguín-Frank Pais Airport (HOG/MUHG), Cuba","Havana-José Martí International Airport (HAV/MUHA), Cuba",4317,,Fatalities: 0 / Occupants:  
20040307-0,Preliminary,Sunday 7 March 2004,10:00,Cessna 208B Grand Caravan,Lynx Servicios Aéreos,,,, XA-TBJ, 208B0463, 1995,,, 1 Pratt & Whitney Canada PT6A-114A,,Fatalities: 0 / Occupants: 2,Fatalities: 0 / Occupants: 2,,, Substantial, Repaired,"near Celaya (   Mexico) 
", Unknown (UNK),Passenger,?,?,,,Fatalities: 0 / Occupants: 4 
20040308-0,Preliminary,Monday 8 March 2004,,Canadair CL-215-6B11 (CL-415),Securité Civile,,,, F-ZBEZ, 2018, 1996,,, 2 Pratt & Whitney Canada PW123AF,,Fatalities: 2 / Occupants: 3,Fatalities: 0 / Occupants: 0,,, Damaged beyond repair,,"Lac Sainte Croix (   France) 
", Unknown (UNK),Training,?,?,,,Fatalities: 2 / Occupants: 3 
20040310-0,Preliminary,Wednesday 10 March 2004,20:42,Cessna UC-35D Citation Encore,United States Marine Corps,,,, 165938, 560-0567, ,,,,,Fatalities: 2 / Occupants: 2,Fatalities: 2 / Occupants: 2,,, Damaged beyond repair,,"2 km (1.3 mls) E of San Diego-Miramar NAS, CA (NKX) (   United States of America) 
", Approach (APR),Military,?,"San Diego-Miramar NAS, CA (NKX/KNKX), United States of America",,,Fatalities: 4 / Occupants: 4 
20040314-0,Preliminary - official,Sunday 14 March 2004,13:02,Cessna 525 CitationJet CJ1,WDL Aviation,,,, D-IMMM, 525-0460, 2001,,, 2 Williams International FJ44-1A,,Fatalities: 0 / Occupants: 2,Fatalities: 0 / Occupants: 5,,, Substantial, Repaired,"Florence-Peretola Airport (FLR) (   Italy) 
", Takeoff (TOF),Unknown,"Florence-Peretola Airport (FLR/LIRQ), Italy","Catania-Fontanarossa Airport (CTA/LICC), Italy", 500,,Fatalities: 0 / Occupants: 7 
20040316-0,Final,Tuesday 16 March 2004,04:01,Beechcraft 1900C,United States Air Force - USAF,,,, N27RA, UB-37, 1985,,, 2 Pratt & Whitney Canada PT6A-65B,,Fatalities: 1 / Occupants: 1,Fatalities: 4 / Occupants: 4,,, Damaged beyond repair,,"11 km (6.9 mls) SE of Tonopah-Test Range Airport, NV (XSD) (   United States of America) 
", Approach (APR),Military,?,"Tonopah-Test Range Airport, NV (XSD/KTNX), United States of America",,,Fatalities: 5 / Occupants: 5 
20040317-0,Preliminary - official,Wednesday 17 March 2004,06:15,Cessna 208B Grand Caravan,Regional Air Services,,,, 5H-MUA, 208B0487, 1995,,, 1 Pratt & Whitney Canada PT6A-114A,,Fatalities: 0 / Occupants: 1,Fatalities: 0 / Occupants: 8,,, Damaged beyond repair,,"near Mto wa Mbu (   Tanzania) 
", Initial climb (ICL),Domestic Scheduled Passenger,"Lake Manyara Airport (HTLM), Tanzania","Kleins Camp Airstrip, Tanzania",,,Fatalities: 0 / Occupants: 9 
20040319-0,Final,Friday 19 March 2004,06:45,Learjet 35A,AirNet Systems,,,, N800AW, 35A-149, 1977,15331,, 2 Garrett TFE731-2-2C,,Fatalities: 0 / Occupants: 2,Fatalities: 0 / Occupants: 0,,, Substantial, Written off (damaged beyond repair),"Utica-Oneida County Airport, NY (UCA) (   United States of America) 
", Landing (LDG),Cargo,"Columbus-Port Columbus International Airport, OH (CMH/KCMH), United States of America","Utica-Oneida County Airport, NY (UCA/KUCA), United States of America",,,Fatalities: 0 / Occupants: 2 
20040320-0,Preliminary,Saturday 20 March 2004,11:59,Cessna 208B Grand Caravan,Tropic Air,,,, V3-HGB, 208B0871, 2000,,, 1 Pratt & Whitney Canada PT6A-114A,,Fatalities: 0 / Occupants: 1,Fatalities: 0 / Occupants: 0,,, Damaged beyond repair,,"3 km (1.9 mls) E off  Punta Gorda (   Belize) 
", En route (ENR),Ferry/positioning,"Punta Gorda Airport (PND), Belize","Placencia Airport (PLJ), Belize",,,Fatalities: 0 / Occupants: 1 
20040323-0,Final,Tuesday 23 March 2004,10:24,Airbus A321-211,Aer Lingus,,,, EI-CPE, 926, 1998-11-20  (5 years 4 months),,, 2 CFMI CFM56-5B3/P,,Fatalities: 0 / Occupants: 8,Fatalities: 0 / Occupants: 186,,, Minor, Repaired,"London-Heathrow Airport (LHR) (   United Kingdom) 
", Taxi (TXI),International Scheduled Passenger,"London-Heathrow Airport (LHR/EGLL), United Kingdom","Dublin Airport (DUB/EIDW), Ireland",EI713,,Fatalities: 0 / Occupants: 194 
20040323-1,Final,Tuesday 23 March 2004,10:24,Boeing 747-436,British Airways,,,, G-BNLK, 24053/790, 1990-05-04  (13 years 11 months),,, 4 Rolls-Royce RB211-524H2,,Fatalities: 0 / Occupants: 0,Fatalities: 0 / Occupants: 0,,, Minor, Repaired,"London-Heathrow Airport (LHR) (   United Kingdom) 
", Pushback / towing (PBT),-,-,-,,,Fatalities: 0 / Occupants: 0 
20040323-2,Final,Tuesday 23 March 2004,12:50,Beechcraft 200C Super King Air,Northern Territory Medical Service,,,, VH-NTH, BL-12, 1980,,,,,Fatalities: 0 / Occupants: 2,Fatalities: 0 / Occupants: 0,,, Substantial, Repaired,"Darwin Airport, NT (DRW) (   Australia) 
", Landing (LDG),Ambulance,"Katherine-Tindal Airport, NT (KTR/YPTN), Australia","Darwin Airport, NT (DRW/YPDN), Australia",,,Fatalities: 0 / Occupants: 2 
20040324-0,,Wednesday 24 March 2004,21:25,Antonov An-2SX,Mr. Plenkin,,,, RA-33596, 1G230-38, 1988,,,,,Fatalities: 2 / Occupants: 2,Fatalities: 1 / Occupants: 1,,, Damaged beyond repair,,"within Pavlovsky district, Voronezhskaya Oblast (   Russia) 
", Approach (APR),Agricultural,?,?,,,Fatalities: 3 / Occupants: 3 
20040401-0,Final,Thursday 1 April 2004,18:30,Beechcraft 1900D,,,US Airways Express,, N149CJ, UE-49, 1993,18134,, 2 Pratt & Whitney Canada PT6A-67D,,Fatalities: 0 / Occupants: 2,Fatalities: 0 / Occupants: 14,,, Substantial, Written off (damaged beyond repair),"Hartford-Bradley International Airport, CT (BDL) (   United States of America) 
", Taxi (TXI),Domestic Scheduled Passenger,"Syracuse-Hancock International Airport, NY (SYR/KSYR), United States of America","Windsor Locks-Bradley International Airport, CT (BDL/KBDL), United States of America",4997,,Fatalities: 0 / Occupants: 16 
20040402-0,Preliminary - official,Friday 2 April 2004,05:00,Boeing 707-366C,Air Memphis,,,, SU-AVZ, 20762/868, 1973,,, 4 Pratt & Whitney JT3D-7 (HK3),,Fatalities: 0 / Occupants: 7,Fatalities: 0 / Occupants: 0,,, Damaged beyond repair,,"Cairo International Airport (CAI) (   Egypt) 
", Takeoff (TOF),Cargo,"Cairo International Airport (CAI/HECA), Egypt","Oostende Airport (OST/EBOS), Belgium",,,Fatalities: 0 / Occupants: 7 
20040403-0,Preliminary,Saturday 3 April 2004,,Convair CV-580,private,,,, 3D-ZOE, CL-66B-6, ,,,,,Fatalities: 0 / Occupants: 3,Fatalities: 0 / Occupants: 1,,, Damaged beyond repair,,"Shabunda (   Democratic Republic of the Congo) 
", Landing (LDG),Cargo,?,"Shabunda Airport (FZMW), Democratic Republic of the Congo",,,Fatalities: 0 / Occupants: 4 
20040404-0,,Sunday 4 April 2004,,Antonov An-32B,Ejército del Perú,,,, EP-837, 3506, ,,, 2 Ivchenko AI-20,,Fatalities: 0 / Occupants: ,Fatalities: 0 / Occupants: ,,, Damaged beyond repair,,"Puerto Esperanza Airport (   Peru) 
", Landing (LDG),Military,?,"Puerto Esperanza Airport (SPEP), Peru",,,Fatalities: 0 / Occupants:  
20040404-1,Preliminary,Sunday 4 April 2004,,Antonov An-26B,Irbis,,,, UN-26582, 13504, 1984,,, 2 Ivchenko AI-24VT,,Fatalities: 0 / Occupants: 4,Fatalities: 0 / Occupants: 0,,, Substantial, Repaired,"120 km (75 mls) from  Kyzyl (   Russia) 
", En route (ENR),Cargo,?,?,,,Fatalities: 0 / Occupants: 4 
20040407-0,Final,Wednesday 7 April 2004,09:32,Raytheon 390 Premier I,Unknown,,,, N200PR, RB-79, 2001,,, 2 Williams International FJ44,,Fatalities: 0 / Occupants: 1,Fatalities: 0 / Occupants: 0,,, Damaged beyond repair,,"Blackbushe Airport (BBS) (   United Kingdom) 
", Landing (LDG),Ferry/positioning,"Farnborough Airport (FAB/EGLF), United Kingdom","Blackbushe Airport (BBS/EGLK), United Kingdom",,,Fatalities: 0 / Occupants: 1 
20040413-0,,Tuesday 13 April 2004,ca 10:50,IRMA/Britten-Norman BN-2A-27 Islander,Maya Island Air,,,, V3-HGK, 853, 1977-07-26  (26 years 9 months),,, 2 Lycoming O-540-E4C5,,Fatalities: 0 / Occupants: 1,Fatalities: 0 / Occupants: 6,,, Substantial, Repaired,"6,5 km (4.1 mls) from  Belize City (   Belize) 
", Approach (APR),Domestic Non Scheduled Passenger,"Kanantik Airstrip, Belize","Belize City-Philip S.W. Goldson International Airport (BZE/MZBZ), Belize",,,Fatalities: 0 / Occupants: 7 
20040414-0,Final,Wednesday 14 April 2004,19:15,Beechcraft 300 Super King Air,Mass Bay Kustom Leasing,,,, N301KS, FA-61, 1985,,,,,Fatalities: 0 / Occupants: 1,Fatalities: 0 / Occupants: 1,,, Damaged beyond repair,,"Daytona Beach, FL (   United States of America) 
", Landing (LDG),Private,"Stuart-Witham Field, FL (SUA/KSUA), United States of America","Daytona Beach-Spruce Creek Airport, FL, United States of America",,,Fatalities: 0 / Occupants: 2 
20040416-0,Preliminary,Friday 16 April 2004,,Beechcraft B200 King Air,Air Archipels,,,, F-OHJL, BB-1592, 1997,,, 2 Pratt & Whitney Canada PT6A-42,,Fatalities: 0 / Occupants: 1,Fatalities: 0 / Occupants: 0,,, Damaged beyond repair,,"Papeete-Faaa Airport (PPT) (   French Polynesia) 
", Initial climb (ICL),Test,"Papeete-Faaa Airport (PPT/NTAA), French Polynesia","Papeete-Faaa Airport (PPT/NTAA), French Polynesia",,,Fatalities: 0 / Occupants: 1 
20040417-0,,Saturday 17 April 2004,,Airbus,Qatar Airways,,,, registration unknown, , ,,,,,Fatalities: 0 / Occupants: ,Fatalities: 0 / Occupants: 92,,, None,,"Cairo International Airport (CAI) (   Egypt) 
", En route (ENR),International Scheduled Passenger,"Casablanca (unknown airport), Morocco","Doha International Airport (DOH/OTBD), Qatar", 553,,Fatalities: 0 / Occupants:  
20040418-0,Preliminary - official,Sunday 18 April 2004,15:31,Learjet 55,Bombardier Capital Corporation,,,, N355UJ, 55-033, 1982,,, 2 Garrett TFE731-3A-2B,,Fatalities: 0 / Occupants: 2,Fatalities: 0 / Occupants: 6,,, Substantial, Repaired,"La Romana Airport (LRM) (   Dominican Republic) 
", Takeoff (TOF),Unknown,"La Romana-Casa de Campo International Airport (LRM/MDLR), Dominican Republic","Wilmington-New Hanover County Airport, NC (ILM/KILM), United States of America",,,Fatalities: 0 / Occupants: 8 
20040419-0,Final,Monday 19 April 2004,10:18,Beechcraft A100 King Air,Myrand Aviation,,,, C-FMAI, B-145, 1972,,, 2 Pratt & Whitney Canada PT6A-28,,Fatalities: 0 / Occupants: 2,Fatalities: 0 / Occupants: 3,,, Substantial, Written off (damaged beyond repair),"Chibougamau/Chapais Airport, QC (YMT) (   Canada) 
", Landing (LDG),Domestic Non Scheduled Passenger,"Québec City Jean Lesage International Airport, QC (YQB/CYQB), Canada","Chibougamau/Chapais Airport, QC (YMT/CYMT), Canada",,,Fatalities: 0 / Occupants: 5 
20040420-0,Final,Tuesday 20 April 2004,10:38,McDonnell Douglas DC-9-82 (MD-82),Alitalia,,,, I-DAWR, 49208/1190, 1985,41745,, 2 Pratt & Whitney JT8D-217C,34235,Fatalities: 0 / Occupants: 4,Fatalities: 0 / Occupants: 92,,, Damaged beyond repair,,"Trieste-Dei Legionari Airport (TRS) (   Italy) 
", Taxi (TXI),Domestic Scheduled Passenger,"Roma-Fiumicino Airport (FCO/LIRF), Italy","Trieste-Ronchi dei Legionari Airport (TRS/LIPQ), Italy",AZ1357,,Fatalities: 0 / Occupants: 96 
20040427-0,Final,Tuesday 27 April 2004,03:00,Cessna 208B Super Cargomaster,,Baron Aviation,,FedEx, N738FX, 208B0482, 1995,,, 1 Pratt & Whitney Canada PT6A-114,,Fatalities: 0 / Occupants: 2,Fatalities: 0 / Occupants: 0,,, Substantial, Repaired,"19 km (11.9 mls) NE of Helena, AR (   United States of America) 
", En route (ENR),Training,"Memphis International Airport, TN (MEM/KMEM), United States of America","Memphis International Airport, TN (MEM/KMEM), United States of America",8365,,Fatalities: 0 / Occupants: 2 
20040427-1,Final,Tuesday 27 April 2004,ca 04:15,Fokker F-27 Friendship 500,,,FedEx Express,, N715FE, 10468, 1971,,, 2 Rolls-Royce Dart 552-7R,,Fatalities: 0 / Occupants: 3,Fatalities: 0 / Occupants: 0,,, Damaged beyond repair,,"Melo Airport (MLZ) (   Uruguay) 
", En route (ENR),Cargo,"Buenos Aires/Ezeiza-Ministro Pistarini Airport, BA (EZE/SAEZ), Argentina","Porto Alegre-Salgado Filho International Airport, RS (POA/SBPA), Brazil",7145,,Fatalities: 0 / Occupants: 3 
20040427-2,,Tuesday 27 April 2004,,Boeing 737-529,AeroSvit Airlines,,,, UR-VVB, 26537/2296, 1992-05-18  (12 years),,, 2 CFMI CFM56-3C1,,Fatalities: 0 / Occupants: 7,Fatalities: 0 / Occupants: 101,,, Substantial, Repaired,"Moskva-Sheremetyevo Airport (SVO) (   Russia) 
", Takeoff (TOF),International Scheduled Passenger,"Moskva-Sheremetyevo Airport (SVO/UUEE), Russia","Kiev-Zhulhyany Airport (IEV/UKKK), Ukraine", 406,,Fatalities: 0 / Occupants: 108 
20040428-0,Final,Wednesday 28 April 2004,03:56,McDonnell Douglas DC-10-30F,Centurion Air Cargo,,,, N189AX, 48277/354, 1981,77864,, 3 General Electric CF6-50C2,12224,Fatalities: 0 / Occupants: 3,Fatalities: 0 / Occupants: 0,,, Damaged beyond repair,,"Bogotá-Eldorado Airport (BOG) (   Colombia) 
", Landing (LDG),Cargo,"Miami International Airport, FL (MIA/KMIA), United States of America","Bogotá-Eldorado Airport (BOG/SKBO), Colombia",,,Fatalities: 0 / Occupants: 3 
20040429-0,Preliminary,Thursday 29 April 2004,19:30,Lockheed C-130 Hercules,Air National Guard,,,, registration unknown, , ,,,,,Fatalities: 0 / Occupants: 4,Fatalities: 0 / Occupants: 0,,, Substantial, Repaired,"Minneapolis-St Paul International Airport, MN (MSP) (   United States of America) 
", Landing (LDG),Military,"Minneapolis-St. Paul International Airport, MN (MSP/KMSP), United States of America","Minneapolis-St. Paul International Airport, MN (MSP/KMSP), United States of America",,,Fatalities: 0 / Occupants: 4 
20040504-0,Preliminary,Tuesday 4 May 2004,ca 11:45,Cessna 208B Grand Caravan,Gobernación del Estado Bolívar,,,, YV-O-CBL-7, 208B0926, 2001,,, 1 Pratt & Whitney Canada PT6A-114A,,Fatalities: 2 / Occupants: 2,Fatalities: 5 / Occupants: 5,,, Damaged beyond repair,,"Chimanta Mountains (   Venezuela) 
", En route (ENR),Domestic Non Scheduled Passenger,"Ciudad Bolívar Airport (CBL/SVCB), Venezuela","Uonquen Airport (SVUQ), Venezuela",,,Fatalities: 7 / Occupants: 7 
20040505-0,Final,Wednesday 5 May 2004,13:00,Swearingen SA227-AC Metro III,Aerotransporte Petrolero,,,, HK-4275X, AC-676, 1987,19335,, 2 Garrett TPE331-11U-612,,Fatalities: 2 / Occupants: 2,Fatalities: 3 / Occupants: 5,,, Damaged beyond repair,,"Carepa-Antonio Roldán Betancourt Airport (SKLC) (   Colombia) 
", Approach (APR),Executive,"Bogotá-Eldorado Airport (BOG/SKBO), Colombia","Carepa-Antonio Roldán Betancourt Airport (SKLC), Colombia",,,Fatalities: 5 / Occupants: 7 
20040505-1,Preliminary,Wednesday 5 May 2004,,IRMA/Pilatus Britten-Norman BN-2B-27 Islander,Consejo de Recursos Minerales,,,, XC-FOE, 2031, 1981,,,,,Fatalities: 1 / Occupants: 1,Fatalities: 1 / Occupants: 1,,, Damaged beyond repair,,"40 km (25 mls) NE of Vallecillos (   Mexico) 
", En route (ENR),Survey/research,?,?,,,Fatalities: 2 / Occupants: 2 
20040506-0,Preliminary,Thursday 6 May 2004,ca 15:00,Let L-410UVP,Kush Air,,,, 9XR-EF, , ,,,,,Fatalities: 1 / Occupants: 2,Fatalities: 5 / Occupants: 8,,, Damaged beyond repair,,"Jiech, Jonglei State (   South Sudan) 
", Takeoff (TOF),Cargo,"Jiech, South Sudan","Ayod Airstrip, South Sudan",,,Fatalities: 6 / Occupants: 10 
20040506-1,Final,Thursday 6 May 2004,13:58,Transall C-160R,L'Armée de L'Air,,,, R-100/61-ZR, F-100, 1970-08-27  (33 years 9 months),18530,,,,Fatalities: 0 / Occupants: 8,Fatalities: 0 / Occupants: 0,,, Damaged beyond repair,,"Fort de France-Lamentin Air Base (FDF) (   Martinique) 
", Taxi (TXI),Military,"Fort de France-Lamentin Air Base (BA 365) (FDF/TFFF), Martinique","Fort de France-Lamentin Air Base (BA 365) (FDF/TFFF), Martinique",,,Fatalities: 0 / Occupants: 8 
20040508-0,Final,Saturday 8 May 2004,21:30,Douglas C-54P (DC-4),Brooks Air Fuel,,,, N44911, 10461, 1945,29667,, 4 Pratt & Whitney R-2000-4,,Fatalities: 0 / Occupants: 2,Fatalities: 0 / Occupants: 0,,, Substantial, Written off (damaged beyond repair),"Ganes Creek, AK (   United States of America) 
", Standing (STD),Cargo,"Ganes Creek, AK, United States of America","Fairbanks International Airport, AK (FAI/PAFA), United States of America",,,Fatalities: 0 / Occupants: 2 
20040509-0,Final,Sunday 9 May 2004,14:50,ATR 72-212,,,American Eagle Airlines,, N438AT, 438, 1995,19276,, 2 Pratt & Whitney Canada PW127,18086,Fatalities: 0 / Occupants: 4,Fatalities: 0 / Occupants: 22,,, Damaged beyond repair,,"San Juan-Luis Munoz Marin International Airport (SJU) (   Puerto Rico) 
", Landing (LDG),Domestic Scheduled Passenger,"Mayaguez-Eugenio M. de Hostos Airport (MAZ/TJMZ), Puerto Rico","San Juan-Luis Muñoz Marín International Airport (SJU/TJSJ), Puerto Rico",5401,,Fatalities: 0 / Occupants: 26 
20040511-0,Final,Tuesday 11 May 2004,10:18,Antonov An-12BP,El Magal Aviation,,,, ST-SIG, 1400101, 1961,16609,, 4 Ivchenko AI-20M,7753,Fatalities: 7 / Occupants: 7,Fatalities: 0 / Occupants: 0,,, Damaged beyond repair,,"near Tatal (   Sudan) 
", En route (ENR),Cargo,"Juba Airport (JUB/HSSJ), South Sudan","El Obeid Airport (EBD/HSOB), Sudan",,,Fatalities: 7 / Occupants: 7 
20040514-0,Preliminary,Friday 14 May 2004,18:35,Embraer EMB-120ER Brasilia,Rico Linhas Aéreas,,,, PT-WRO, 120070, 1988,,, 2 Pratt & Whitney Canada PW118,,Fatalities: 3 / Occupants: 3,Fatalities: 30 / Occupants: 30,,, Damaged beyond repair,,"33 km (20.6 mls) from  Manaus, AM (   Brazil) 
", Approach (APR),Domestic Scheduled Passenger,"Tefé Airport, AM (TFF/SBTF), Brazil","Manaus-Eduardo Gomes International Airport, AM (MAO/SBEG), Brazil",4815,,Fatalities: 33 / Occupants: 33 
20040517-0,Final,Monday 17 May 2004,11:01,de Havilland Canada DHC-6 Twin Otter 300,Trans Maldivian Airways,,,, 8Q-TMC, 434, 1974,44333,, 2 Pratt & Whitney Canada PT6A-27,,Fatalities: 0 / Occupants: 3,Fatalities: 0 / Occupants: 14,,, Substantial, Repaired,"Male International Airport (MLE) (   Maldives) 
", Takeoff (TOF),Domestic Scheduled Passenger,"Malé International Airport (MLE/VRMM), Maldives","Dhaalu Atoll, Maldives",,,Fatalities: 0 / Occupants: 17 
20040518-0,Preliminary,Tuesday 18 May 2004,ca 10:50,Ilyushin Il-76TD,,Azal Cargo,,Silk Way Airlines, 4K-AZ27, 0053460827, 1985,,, 4 Soloviev D-30KP-2,,Fatalities: 7 / Occupants: 7,Fatalities: 0 / Occupants: 0,,, Damaged beyond repair,,"10 km (6.3 mls) from  Urumqi Airport (URC) (   China) 
", Initial climb (ICL),Cargo,"Urumqi Airport (URC/ZWWW), China","Baku-Heydar Aliyev International Airport (GYD/UBBB), Azerbaijan",,,Fatalities: 7 / Occupants: 7 
20040518-1,Preliminary,Tuesday 18 May 2004,,Antonov An-2P,Araiavia,,,, UN-70276, 1G139-35, 1972,,,,,Fatalities: 0 / Occupants: ,Fatalities: 1 / Occupants: ,,, Damaged beyond repair,,"Bozoy (   Kazakhstan) 
", Takeoff (TOF),Passenger,"Bozoy, Kazakhstan",?,,,Fatalities: 1 / Occupants: 12 
20040523-0,Preliminary,Sunday 23 May 2004,ca 07:30,Let L-410UVP-E3,Blue Bird Aviation,,,, 5Y-VVD, 872009, 1987,,, 2 Walter M-601E,,Fatalities: 2 / Occupants: 2,Fatalities: 0 / Occupants: 0,,, Damaged beyond repair,,"30 km (18.8 mls) S of Mwingi (   Kenya) 
", Unknown (UNK),Cargo,"Nairobi-Wilson Airport (WIL/HKNW), Kenya","Mogadishu International Airport (MGQ/HCMM), Somalia",,,Fatalities: 2 / Occupants: 2 
20040523-1,Preliminary,Sunday 23 May 2004,ca 07:30,Let L-410UVP-E9,Blue Bird Aviation,,,, 5Y-VVA, 962633, 1996,,, 2 Walter M-601E,,Fatalities: 0 / Occupants: ,Fatalities: 0 / Occupants: ,,, Substantial, Repaired,"30 km (18.8 mls) S of Mwingi (   Kenya) 
", Unknown (UNK),Cargo,"Nairobi-Wilson Airport (WIL/HKNW), Kenya","Mogadishu International Airport (MGQ/HCMM), Somalia",,,Fatalities: 0 / Occupants:  
20040525-0,Final,Tuesday 25 May 2004,,de Havilland Canada DHC-6 Twin Otter 300,Yeti Airlines,,,, 9N-AFD, 651, 1979,,, 2 Pratt & Whitney Canada PT6A-27,,Fatalities: 3 / Occupants: 3,Fatalities: 0 / Occupants: 0,,, Damaged beyond repair,,"W of Lukla (   Nepal) 
", Approach (APR),Cargo,"Kathmandu-Tribhuvan Airport (KTM/VNKT), Nepal","Lukla Airport (LUA/VNLK), Nepal", 117,,Fatalities: 3 / Occupants: 3 
20040527-0,Final,Thursday 27 May 2004,15:57,Raytheon 390 Premier I,Raytheon Aircraft,,,, N5010X, RB-10, 2002,,, 2 Williams International FJ44,,Fatalities: 0 / Occupants: 1,Fatalities: 0 / Occupants: 1,,, Damaged beyond repair,,"Las Vegas-North Air Terminal, NV (VGT) (   United States of America) 
", Landing (LDG),Private,"Palm Springs International Airport, CA (PSP/KPSP), United States of America","Las Vegas-North Air Terminal, NV (VGT/KVGT), United States of America",,,Fatalities: 0 / Occupants: 2 
20040529-0,Final,Saturday 29 May 2004,10:13,British Aerospace BAe-146-300,Flightline,,,, G-BPNT, E3126, 1989-03-08  (15 years 3 months),,, 4 Lycoming ALF502R-5,,Fatalities: 0 / Occupants: 6,Fatalities: 0 / Occupants: 0,,, Substantial, Repaired,"Florence-Peretola Airport (FLR) (   Italy) 
", Landing (LDG),Ferry/positioning,"London Southend Airport (SEN/EGMC), United Kingdom","Florence-Peretola Airport (FLR/LIRQ), Italy",690P,,Fatalities: 0 / Occupants: 6 
20040601-0,Preliminary,Tuesday 1 June 2004,ca 07:00,Antonov An-32,Sun Air,,,, 9XR-SN, 2105, 1989,,, 2 Ivchenko AI-20,,Fatalities: 0 / Occupants: ,Fatalities: 0 / Occupants: ,,, Damaged beyond repair,,"Kigali International Airport (KGL) (   Rwanda) 
", Takeoff (TOF),Cargo,"Beni Airport (BNC/FZNP), Democratic Republic of the Congo","Goma Airport (GOM/FZNA), Democratic Republic of the Congo",,,Fatalities: 0 / Occupants: 12 
20040603-0,Preliminary,Thursday 3 June 2004,,Antonov An-2TP,Atlant,,,, UR-07194, 1G146-23, 1973,,,,,Fatalities: 0 / Occupants: ,Fatalities: 0 / Occupants: ,,, Damaged beyond repair,,"near Genichesk, Kherson region (   Ukraine) 
", Unknown (UNK),Agricultural,?,?,,,Fatalities: 0 / Occupants:  
20040606-0,,Sunday 6 June 2004,,Beechcraft Beechjet 400A,Punjab Government,,,, AP-BEX, RK-80, 1994,,, 2 Pratt & Whitney Canada JT15D-5,,Fatalities: 0 / Occupants: 0,Fatalities: 0 / Occupants: 0,,, Damaged beyond repair,,"Lahore Airport (LHE) (   Pakistan) 
", Standing (STD),-,-,-,,,Fatalities: 0 / Occupants: 0 
20040607-0,Preliminary,Monday 7 June 2004,,Antonov An-26B,Ababeel Aviation,,,, ST-ARO, 10205, 1980,,, 2 Ivchenko AI-24VT,,Fatalities: 0 / Occupants: 4,Fatalities: 0 / Occupants: 12,,, Damaged beyond repair,,"Geneina Airport (EGN) (   Sudan) 
", Landing (LDG),Passenger,"El Fasher Airport (ELF/HSFS), Sudan","Geneina Airport (EGN/HSCN), Sudan",,,Fatalities: 0 / Occupants: 16 
20040608-0,Preliminary,Tuesday 8 June 2004,09:38,Hawker Siddeley HS-748-232 Srs. 2A,Gabon Express,,,, TR-LFW, 1611, 1967,,, 2 Rolls-Royce Dart 534-2,,Fatalities: 1 / Occupants: 4,Fatalities: 18 / Occupants: 26,,, Damaged beyond repair,,"off Libreville Airport (LBV) (   Gabon) 
", En route (ENR),Domestic Scheduled Passenger,"Libreville Airport (LBV/FOOL), Gabon","Franceville/Mvengue Airport (MVB/FOON), Gabon", 221,,Fatalities: 19 / Occupants: 30 
20040613-0,Final,Sunday 13 June 2004,08:30,Beechcraft 200 Super King Air,Rader Aviation,,,, N200BE, BB-832, 1981,9449,, 2 Pratt & Whitney Canada PT6A-41,,Fatalities: 2 / Occupants: 2,Fatalities: 0 / Occupants: 0,,, Destroyed, Written off (damaged beyond repair),"Rupert, WV (   United States of America) 
", En route (ENR),Ferry/positioning,"Summersville Airport, WV (KSXL), United States of America","Lewisburg-Greenbrier Valley Airport, WV (LWB/KLWB), United States of America",,,Fatalities: 2 / Occupants: 2 
20040614-0,Final,Monday 14 June 2004,11:37,Volpar Turboliner,Bellair,,,, N401CK, AF-60, 1952,16000,, 2 Garrett TPE331,,Fatalities: 1 / Occupants: 1,Fatalities: 0 / Occupants: 0,,, Damaged beyond repair,,"10 km (6.3 mls) E of Kodiak Airport, AK (ADQ) (   United States of America) 
", Approach (APR),Cargo,"Anchorage-Ted Stevens International Airport, AK (ANC/PANC), United States of America","Kodiak Airport, AK (ADQ/PADQ), United States of America",,,Fatalities: 1 / Occupants: 1 
20040615-0,,Tuesday 15 June 2004,18:18 UTC,de Havilland Canada DHC-3 Otter,Hawk Air,,,, C-GPPL, 007, 1953,,, 1 Pratt & Whitney R-1340-S3H1-G,,Fatalities: 0 / Occupants: 2,Fatalities: 0 / Occupants: 5,,, Substantial, Repaired,"Dipneedle Lake, ON (   Canada) 
", En route (ENR),Domestic Non Scheduled Passenger,"Hawk Junction Water Aerodrome, ON, Canada","Esnagi Lake, ON, Canada",,,Fatalities: 0 / Occupants: 7 
20040616-0,Preliminary,Wednesday 16 June 2004,,Fokker F-27 Friendship 200,Pakistan International Airlines - PIA,,,, AP-AUR, 10307, 1966,,, 2 Rolls-Royce Dart 532-7,,Fatalities: 0 / Occupants: 4,Fatalities: 0 / Occupants: 36,,, Damaged beyond repair,,"Chitral Airport (CJL) (   Pakistan) 
", Landing (LDG),Domestic Scheduled Passenger,"Peshawar Airport (PEW/OPPS), Pakistan","Chitral Airport (CJL/OPCH), Pakistan",PK660,,Fatalities: 0 / Occupants: 40 
20040620-0,Final,Sunday 20 June 2004,17:00,Douglas DC-3-455,VIARCO,,,, HK-1212, 4987, 1942,50159,, 2 Pratt & Whitney R-1830,,Fatalities: 0 / Occupants: 2,Fatalities: 0 / Occupants: 18,,, Destroyed, Written off (damaged beyond repair),"Las Gaviotas Airport (LGT) (   Colombia) 
", Takeoff (TOF),Domestic Non Scheduled Passenger,"Las Gaviotas Airport (LGT/SKGA), Colombia","Puerto Carreño-Cumaribo Airport (PCR/SKPC), Colombia",,,Fatalities: 0 / Occupants: 20 
20040623-0,Preliminary,Wednesday 23 June 2004,19:40,Dornier 228-201,Islandsflug,,,, TF-ELH, 8070, 1985-09-04  (18 years 10 months),,, 2 Garrett TPE331-5-252D,,Fatalities: 0 / Occupants: ,Fatalities: 0 / Occupants: ,,, Damaged beyond repair,,"Siglufjördur Airport (SIJ) (   Iceland) 
", Landing (LDG),Unknown,?,"Siglufjördur Airport (SIJ/BISI), Iceland",,,Fatalities: 0 / Occupants:  
20040626-0,Preliminary,Saturday 26 June 2004,17:28,Lisunov Li-2T,FLA RF,,,, RA-1300K, 23441605, 1952,,, 2 Shvetsov ASh-62IR,,Fatalities: 3 / Occupants: 3,Fatalities: 1 / Occupants: 2,,, Damaged beyond repair,,"2,2 km (1.4 mls) ENE of Moskva-Myachkovo Airport (   Russia) 
", En route (ENR),Domestic Non Scheduled Passenger,"Moskva-Myachkovo Airport (UUBM), Russia","Kaluga-Grabtsevo Airport (KLF/UUBC), Russia",,,Fatalities: 4 / Occupants: 5 
20040626-1,Preliminary - official,Saturday 26 June 2004,18:52,Antonov An-12BP,Sarit Airlines,,,, ST-SAT, 5343502, 1965,,, 4 Ivchenko AI-20M,,Fatalities: 0 / Occupants: 5,Fatalities: 0 / Occupants: 0,,, Damaged beyond repair,,"Wau Airport (WUU) (   South Sudan) 
", Takeoff (TOF),Cargo,"Wau Airport (WUU/HSWW), South Sudan","Khartoum-Civil Airport (KRT/HSSS), Sudan",,,Fatalities: 0 / Occupants: 5 
20040628-0,Preliminary - official,Monday 28 June 2004,15:10 UTC,Beechcraft 200 Super King Air,Ngangeni Air Charters,,,, ZS-NRW, BB-201, 1977,,,,,Fatalities: 2 / Occupants: 2,Fatalities: 0 / Occupants: 0,,, Damaged beyond repair,,"São Sebastião (   Mozambique) 
", Takeoff (TOF),Ambulance,?,"Vilanculos Airport (VNX/FQVL), Mozambique",,,Fatalities: 2 / Occupants: 2 
20040630-0,Preliminary,Wednesday 30 June 2004,,de Havilland Canada DHC-6 Twin Otter 300,Trans Island Air 2000,,,, 8P-MLK, 477, 1976,,, 2 Pratt & Whitney Canada PT6A-27,,Fatalities: 0 / Occupants: 3,Fatalities: 0 / Occupants: 0,,, Substantial, Repaired,"Saint Vincent-E. T. Joshua (SVD) (   Saint Vincent and the Grenadines) 
", Takeoff (TOF),Ferry/positioning,"Saint Vincent-E. T. Joshua (SVD/TVSV), Saint Vincent and the Grenadines","Bridgetown-Grantley Adams International Airport (BGI/TBPB), Barbados",,,Fatalities: 0 / Occupants: 3 
20040630-1,Final,Wednesday 30 June 2004,06:10,Beechcraft 200 Super King Air,Frontline Aviation,,,, N432FA, BB-592, 1980,6812,, 2 Pratt & Whitney Canada PT6A-41,,Fatalities: 0 / Occupants: 1,Fatalities: 0 / Occupants: 7,,, Damaged beyond repair,,"Green Bay-Austin-Straubel Field, WI (GRB) (   United States of America) 
", Takeoff (TOF),Domestic Non Scheduled Passenger,"Green Bay-Austin-Straubel Field, WI (GRB/KGRB), United States of America","Grand Rapids-Gerald R. Ford International Airport, MI (GRR/KGRR), United States of America",,,Fatalities: 0 / Occupants: 8 
20040702-0,Preliminary - official,Friday 2 July 2004,13:38,IAI 1124 Westwind,Air Trek,,,, N280AT, 247, 1979,,, 2 Garrett TFE731-3-1G,,Fatalities: 2 / Occupants: 2,Fatalities: 4 / Occupants: 4,Fatalities: 1,, Damaged beyond repair,,"Panama City-Tocumen International Airport (PTY) (   Panama) 
", Takeoff (TOF),Ambulance,"Panama City-Tocumen International Airport (PTY/MPTO), Panama","Washington-Dulles International Airport, DC (IAD/KIAD), United States of America",,,Fatalities: 6 / Occupants: 6 
20040704-0,,Sunday 4 July 2004,17:30,de Havilland Canada DHC-6 Twin Otter 300,North-Wright Airways,,,, C-FMOL, 303, 1971,,, 2 Pratt & Whitney Canada PT6A-27,,Fatalities: 0 / Occupants: 2,Fatalities: 0 / Occupants: 0,,, Substantial, Written off (damaged beyond repair),"Canol Road, Mile 222, NT (   Canada) 
", Takeoff (TOF),Cargo,?,?,,,Fatalities: 0 / Occupants: 2 
20040709-0,Final,Friday 9 July 2004,,Antonov An-2SX,Kostroma Air Enterprise,,,, RA-02230, 1G235-01, 1988,,, 1 PZL Kalisz (Shvetsov) ASz-62IR,,Fatalities: 0 / Occupants: 2,Fatalities: 0 / Occupants: 0,,, Substantial, Written off (damaged beyond repair),"Yaroslavl Airport (IAR) (   Russia) 
", Takeoff (TOF),Agricultural,"Yaroslavl-Tunoshna Airport (IAR/UUDL), Russia","Yaroslavl-Tunoshna Airport (IAR/UUDL), Russia",,,Fatalities: 0 / Occupants: 2 
20040709-1,Final,Friday 9 July 2004,18:40 UTC,Canadair CL-215-1A10,,OMNI - Aviação e Tecnologia,,SOREM - Società Richerche Esperienze Meteorologiche, I-SRMB, 1012, 1979,4273,, 2 Pratt & Whitney R-2800-CA3-E-231,3313,Fatalities: 0 / Occupants: 2,Fatalities: 0 / Occupants: 0,,, Substantial, Written off (damaged beyond repair),"Chamadouro, Santa Domba Dão (   Portugal) 
", Takeoff (TOF),Fire fighting,"Seia Airport (LPSE), Portugal","Seia Airport (LPSE), Portugal",,,Fatalities: 0 / Occupants: 2 
